global_step,episode,actor_loss,critic_loss,policy_entropy,entropy_coef,value_residual,grad_norm_actor,grad_norm_critic,grad_norm_rnn,lr_actor,lr_critic,alpha,alpha_loss,target_update_magnitude,recurrent_cell
2751,4,0.085823,0.005408,1.721944,0.004994,0.034824,0.059349,0.021264,0.036941,3.7e-05,,,,,gru
2751,4,-0.25883,0.019798,1.722018,0.004994,0.075614,0.545915,0.066631,0.467756,3.7e-05,,,,,gru
2751,4,-0.033363,0.009492,1.72203,0.004994,0.05165,0.118191,0.019561,0.091576,3.7e-05,,,,,gru
2751,4,0.077763,0.006657,1.722039,0.004994,0.042883,0.177336,0.007646,0.089156,3.7e-05,,,,,gru
2751,4,-0.015543,0.009839,1.722065,0.004994,0.062222,0.08313,0.006326,0.063127,3.7e-05,,,,,gru
2751,4,0.033892,0.005049,1.722099,0.004994,0.04966,0.109852,0.020236,0.025556,3.7e-05,,,,,gru
2751,4,0.008435,0.009734,1.722142,0.004994,0.067145,0.126157,0.018881,0.095544,3.7e-05,,,,,gru
2751,4,-0.030199,0.005334,1.72219,0.004994,0.055881,0.1848,0.015208,0.102922,3.7e-05,,,,,gru
5213,8,-0.01584,0.006103,1.722232,0.004982,0.046728,0.177816,0.008493,0.111938,4.9e-05,,,,,gru
5213,8,0.034265,0.012469,1.722286,0.004982,0.052157,0.262872,0.006666,0.148988,4.9e-05,,,,,gru
5213,8,-0.034946,0.007456,1.72235,0.004982,0.050528,0.154133,0.012097,0.091736,4.9e-05,,,,,gru
5213,8,0.126341,0.005606,1.722413,0.004982,0.029101,0.147382,0.006549,0.09037,4.9e-05,,,,,gru
5213,8,0.051081,0.006271,1.722479,0.004982,0.042615,0.084149,0.003924,0.064282,4.9e-05,,,,,gru
5213,8,-0.269912,0.010568,1.722545,0.004982,0.06369,0.367345,0.035657,0.214226,4.9e-05,,,,,gru
5213,8,0.031023,0.005342,1.722603,0.004982,0.042715,0.080234,0.003274,0.048323,4.9e-05,,,,,gru
5213,8,-0.180732,0.014346,1.722659,0.004982,0.066266,0.255833,0.025178,0.153489,4.9e-05,,,,,gru
8623,12,-0.049979,0.006197,1.722721,0.00497,0.041213,0.20911,0.009722,0.186992,6.1e-05,,,,,gru
8623,12,0.095433,0.005823,1.722794,0.00497,0.044679,0.17547,0.009253,0.097668,6.1e-05,,,,,gru
8623,12,0.051341,0.005822,1.722849,0.00497,0.039016,0.181556,0.00595,0.105451,6.1e-05,,,,,gru
8623,12,-0.050941,0.006029,1.7229,0.00497,0.048889,0.351061,0.008244,0.190702,6.1e-05,,,,,gru
8623,12,0.075473,0.005357,1.722946,0.00497,0.039606,0.175597,0.007697,0.09799,6.1e-05,,,,,gru
8623,12,-0.085864,0.006651,1.722989,0.00497,0.046691,0.267303,0.012254,0.13951,6.1e-05,,,,,gru
8623,12,0.078838,0.004908,1.723024,0.00497,0.039524,0.114795,0.004051,0.10086,6.1e-05,,,,,gru
8623,12,-0.088171,0.007436,1.723049,0.00497,0.044729,0.218156,0.017908,0.129311,6.1e-05,,,,,gru
11346,16,0.044669,0.007889,1.723073,0.004958,0.049819,0.108716,0.008621,0.094116,7.3e-05,,,,,gru
11346,16,-0.176677,0.010537,1.723093,0.004958,0.063174,0.404883,0.038883,0.276034,7.3e-05,,,,,gru
11346,16,-0.028172,0.008706,1.723083,0.004958,0.052361,0.23599,0.014742,0.149979,7.3e-05,,,,,gru
11346,16,0.031199,0.007967,1.723061,0.004958,0.061193,0.246736,0.004318,0.144283,7.3e-05,,,,,gru
11346,16,-0.037753,0.007841,1.723041,0.004958,0.05378,0.288984,0.003888,0.15425,7.3e-05,,,,,gru
11346,16,0.060748,0.009994,1.723015,0.004958,0.072687,0.190079,0.016521,0.158012,7.3e-05,,,,,gru
11346,16,-0.064694,0.009504,1.722989,0.004958,0.064816,0.152153,0.002609,0.0914,7.3e-05,,,,,gru
11346,16,0.135585,0.00535,1.722957,0.004958,0.053,0.260463,0.029935,0.211061,7.3e-05,,,,,gru
13177,20,0.000299,0.00802,1.722919,0.004946,0.051982,0.362976,0.015848,0.215193,8.5e-05,,,,,gru
13177,20,0.002604,0.007862,1.72287,0.004946,0.053856,0.356726,0.009108,0.208413,8.5e-05,,,,,gru
13177,20,0.004287,0.007732,1.72282,0.004946,0.056938,0.099968,0.005779,0.082931,8.5e-05,,,,,gru
13177,20,0.003358,0.007696,1.722767,0.004946,0.061136,0.293682,0.012656,0.158067,8.5e-05,,,,,gru
16293,24,-0.086455,0.007243,1.722716,0.004934,0.05517,0.228737,0.008541,0.128128,9.7e-05,,,,,gru
16293,24,0.186268,0.003837,1.722657,0.004934,0.04977,0.04418,0.042511,0.055645,9.7e-05,,,,,gru
16293,24,-0.028027,0.006283,1.722601,0.004934,0.058285,0.147877,0.025106,0.097222,9.7e-05,,,,,gru
16293,24,0.080858,0.005502,1.722551,0.004934,0.055414,0.128865,0.032039,0.09222,9.7e-05,,,,,gru
16293,24,0.015086,0.005569,1.722495,0.004934,0.058264,0.246737,0.025487,0.149921,9.7e-05,,,,,gru
16293,24,6.4e-05,0.006226,1.722444,0.004934,0.046054,0.245656,0.016724,0.169996,9.7e-05,,,,,gru
16293,24,-0.037593,0.007583,1.7224,0.004934,0.053239,0.300666,0.005936,0.171397,9.7e-05,,,,,gru
16293,24,0.0965,0.001886,1.722372,0.004934,0.031908,0.238162,0.005697,0.134478,9.7e-05,,,,,gru
18481,28,0.024134,0.007526,1.722329,0.004922,0.052503,0.16727,0.01465,0.147581,0.0001,,,,,gru
18481,28,-0.469961,0.033537,1.722292,0.004922,0.110807,0.805725,0.083592,0.566474,0.0001,,,,,gru
18481,28,-0.015172,0.010246,1.722289,0.004922,0.058409,0.071212,0.032498,0.064665,0.0001,,,,,gru
18481,28,0.066154,0.00329,1.722296,0.004922,0.043126,0.224087,0.030239,0.143441,0.0001,,,,,gru
18481,28,-0.025285,0.010293,1.722305,0.004922,0.059283,0.082679,0.035154,0.066871,0.0001,,,,,gru
18481,28,0.179034,0.002341,1.722322,0.004922,0.039089,0.269398,0.005682,0.208905,0.0001,,,,,gru
18481,28,-0.011289,0.009271,1.72232,0.004922,0.05692,0.086598,0.021469,0.056711,0.0001,,,,,gru
18481,28,0.028283,0.007627,1.722327,0.004922,0.061291,0.1397,0.011361,0.155734,0.0001,,,,,gru
21484,32,0.063225,0.003617,1.722343,0.00491,0.042854,0.051542,0.015934,0.035389,0.0001,,,,,gru
21484,32,-0.136878,0.006317,1.722348,0.00491,0.053974,0.180137,0.005895,0.149602,0.0001,,,,,gru
21484,32,-0.003554,0.005045,1.722366,0.00491,0.051782,0.166843,0.022614,0.149378,0.0001,,,,,gru
21484,32,0.003878,0.003853,1.722378,0.00491,0.054069,0.132592,0.026216,0.100777,0.0001,,,,,gru
21484,32,-0.027183,0.004424,1.72239,0.00491,0.053785,0.046386,0.023717,0.033104,0.0001,,,,,gru
21484,32,0.057982,0.005078,1.722395,0.00491,0.053342,0.154772,0.031055,0.142135,0.0001,,,,,gru
21484,32,0.029871,0.004512,1.722392,0.00491,0.051538,0.243475,0.023779,0.138268,0.0001,,,,,gru
21484,32,-0.061645,0.004354,1.72239,0.00491,0.047044,0.128698,0.011827,0.072082,0.0001,,,,,gru
24255,36,-0.002648,0.006507,1.722372,0.004898,0.052497,0.100275,0.001767,0.060707,0.0001,,,,,gru
24255,36,-0.007068,0.008692,1.722353,0.004898,0.057005,0.207263,0.006766,0.159577,0.0001,,,,,gru
24255,36,0.009563,0.007298,1.722358,0.004898,0.054051,0.174187,0.004827,0.147086,0.0001,,,,,gru
24255,36,-0.039239,0.006484,1.722368,0.004898,0.050888,0.157264,0.007543,0.10387,0.0001,,,,,gru
24255,36,-0.045999,0.007824,1.722369,0.004898,0.054618,0.16358,0.011988,0.111774,0.0001,,,,,gru
24255,36,0.111121,0.004821,1.722372,0.004898,0.045378,0.096109,0.002331,0.094396,0.0001,,,,,gru
24255,36,-0.040771,0.007589,1.722384,0.004898,0.050239,0.115637,0.019769,0.103658,0.0001,,,,,gru
24255,36,0.096824,0.005435,1.722404,0.004898,0.05459,0.10893,0.003382,0.06399,0.0001,,,,,gru
25339,40,-0.017099,0.012993,1.722399,0.004886,0.07125,0.185629,0.052518,0.138352,0.0001,,,,,gru
25339,40,-0.015394,0.012795,1.722409,0.004886,0.070067,0.175765,0.050072,0.118683,0.0001,,,,,gru
25339,40,-0.015582,0.012447,1.722441,0.004886,0.068036,0.2927,0.045346,0.268228,0.0001,,,,,gru
25339,40,-0.01652,0.011911,1.722501,0.004886,0.065675,0.353261,0.035495,0.31033,0.0001,,,,,gru
27711,44,0.001693,0.006641,1.722583,0.004874,0.057456,0.09032,0.01941,0.086211,0.0001,,,,,gru
27711,44,0.000651,0.005082,1.722649,0.004874,0.065777,0.248167,0.036665,0.14759,0.0001,,,,,gru
27711,44,0.027763,0.005734,1.722683,0.004874,0.064267,0.120532,0.0436,0.131255,0.0001,,,,,gru
27711,44,-0.145633,0.013354,1.722707,0.004874,0.104602,0.509614,0.028749,0.50604,0.0001,,,,,gru
27711,44,0.034597,0.005734,1.722741,0.004874,0.061479,0.117186,0.041262,0.121464,0.0001,,,,,gru
27711,44,-0.186154,0.011982,1.722764,0.004874,0.103628,0.328521,0.02274,0.304136,0.0001,,,,,gru
27711,44,0.012577,0.006042,1.722767,0.004874,0.060485,0.073862,0.028323,0.056925,0.0001,,,,,gru
27711,44,-0.055393,0.006568,1.722758,0.004874,0.054872,0.155603,0.020099,0.080232,0.0001,,,,,gru
31499,48,-0.005047,0.006322,1.722761,0.004862,0.056851,0.067938,0.012574,0.048023,0.0001,,,,,gru
31499,48,0.035043,0.004672,1.722773,0.004862,0.046143,0.04197,0.009065,0.029894,0.0001,,,,,gru
31499,48,-0.01344,0.00513,1.722783,0.004862,0.045802,0.098371,0.002494,0.052311,0.0001,,,,,gru
31499,48,0.044842,0.005815,1.722802,0.004862,0.052142,0.047686,0.003344,0.034684,0.0001,,,,,gru
31499,48,-0.018206,0.005792,1.722817,0.004862,0.047932,0.041365,0.01392,0.039302,0.0001,,,,,gru
31499,48,0.051148,0.005216,1.722834,0.004862,0.047471,0.074649,0.01073,0.059957,0.0001,,,,,gru
31499,48,-0.021859,0.006009,1.722851,0.004862,0.051985,0.107751,0.022346,0.082007,0.0001,,,,,gru
31499,48,0.056049,0.005222,1.722859,0.004862,0.042752,0.085287,0.015116,0.046695,0.0001,,,,,gru
35905,52,0.050518,0.004153,1.722872,0.00485,0.044034,0.116574,0.012094,0.080501,0.0001,,,,,gru
35905,52,0.010073,0.005001,1.722878,0.00485,0.045958,0.117525,0.006116,0.117158,0.0001,,,,,gru
35905,52,-0.338534,0.012481,1.72289,0.00485,0.072503,0.266511,0.030798,0.189855,0.0001,,,,,gru
35905,52,-0.014877,0.006663,1.722953,0.00485,0.046841,0.086676,0.006716,0.048517,0.0001,,,,,gru
35905,52,0.012195,0.004581,1.723015,0.00485,0.044603,0.151076,0.008229,0.134605,0.0001,,,,,gru
35905,52,0.044199,0.001055,1.723073,0.00485,0.03221,0.36166,0.003561,0.260584,0.0001,,,,,gru
35905,52,-1e-05,0.004998,1.723113,0.00485,0.044489,0.110261,0.005216,0.106309,0.0001,,,,,gru
35905,52,0.068702,0.003558,1.723152,0.00485,0.03766,0.116306,0.00576,0.065821,0.0001,,,,,gru
35905,52,-0.378279,0.016782,1.723189,0.00485,0.088689,0.501548,0.033824,0.362844,0.0001,,,,,gru
35905,52,0.054376,0.003153,1.723273,0.00485,0.039589,0.12035,0.010396,0.110434,0.0001,,,,,gru
35905,52,-0.014054,0.006078,1.723336,0.00485,0.050601,0.144018,0.005354,0.107037,0.0001,,,,,gru
35905,52,-0.223526,0.013035,1.723397,0.00485,0.055874,0.352645,0.021016,0.24123,0.0001,,,,,gru
38632,56,-0.008592,0.006753,1.723502,0.004838,0.048401,0.093689,0.015407,0.054617,0.0001,,,,,gru
38632,56,-0.015001,0.008453,1.723603,0.004838,0.060761,0.185062,0.023293,0.123884,0.0001,,,,,gru
38632,56,-0.021657,0.008226,1.72368,0.004838,0.052317,0.284256,0.026078,0.267967,0.0001,,,,,gru
38632,56,0.015827,0.004811,1.723751,0.004838,0.047346,0.479937,0.017515,0.368698,0.0001,,,,,gru
38632,56,0.090016,0.006032,1.723822,0.004838,0.044353,0.341858,0.008637,0.294918,0.0001,,,,,gru
38632,56,-0.301412,0.009983,1.723886,0.004838,0.06637,0.353653,0.037389,0.338737,0.0001,,,,,gru
38632,56,-0.000204,0.006825,1.723949,0.004838,0.053457,0.112546,0.007346,0.087084,0.0001,,,,,gru
38632,56,-0.037157,0.00719,1.724013,0.004838,0.061763,0.184502,0.010414,0.102751,0.0001,,,,,gru
42239,60,-0.014157,0.007268,1.724049,0.004826,0.062597,0.136108,0.019889,0.091602,0.0001,,,,,gru
42239,60,0.007342,0.003805,1.724101,0.004826,0.049746,0.053912,0.02623,0.051349,0.0001,,,,,gru
42239,60,0.030745,0.004019,1.724151,0.004826,0.053719,0.058933,0.034228,0.063158,0.0001,,,,,gru
42239,60,-0.049573,0.008016,1.724205,0.004826,0.068699,0.158958,0.02543,0.104083,0.0001,,,,,gru
42239,60,-0.089106,0.006839,1.724269,0.004826,0.061964,0.089046,0.022616,0.065686,0.0001,,,,,gru
42239,60,0.102345,0.003916,1.724341,0.004826,0.05194,0.079643,0.03448,0.089183,0.0001,,,,,gru
42239,60,-0.014242,0.004333,1.72441,0.004826,0.048364,0.15503,0.018332,0.093177,0.0001,,,,,gru
42239,60,0.009175,0.005962,1.724485,0.004826,0.052607,0.192405,0.015327,0.101945,0.0001,,,,,gru
45926,64,0.003566,0.005033,1.72456,0.004814,0.048173,0.0391,0.00709,0.028748,0.0001,,,,,gru
45926,64,0.017665,0.006052,1.72463,0.004814,0.043691,0.095552,0.00203,0.048583,0.0001,,,,,gru
45926,64,0.078067,0.005165,1.724679,0.004814,0.041095,0.039211,0.003725,0.038837,0.0001,,,,,gru
45926,64,-0.073431,0.006143,1.724727,0.004814,0.046919,0.117944,0.021017,0.06845,0.0001,,,,,gru
45926,64,-0.092841,0.007459,1.724754,0.004814,0.047924,0.066003,0.029401,0.040141,0.0001,,,,,gru
45926,64,0.135187,0.00374,1.724772,0.004814,0.037925,0.051798,0.010974,0.032358,0.0001,,,,,gru
45926,64,0.049781,0.003369,1.724784,0.004814,0.038792,0.046048,0.020326,0.054125,0.0001,,,,,gru
45926,64,-0.038516,0.009089,1.724795,0.004814,0.050585,0.069875,0.029786,0.055487,0.0001,,,,,gru
49412,68,0.099995,0.003188,1.7248,0.004802,0.037211,0.079498,0.01135,0.074514,0.0001,,,,,gru
49412,68,-0.140768,0.00808,1.724804,0.004802,0.056721,0.214428,0.010529,0.126853,0.0001,,,,,gru
49412,68,0.000601,0.005536,1.724794,0.004802,0.047559,0.193221,0.006662,0.110705,0.0001,,,,,gru
49412,68,-0.002,0.004682,1.724777,0.004802,0.042925,0.098342,0.007877,0.055718,0.0001,,,,,gru
49412,68,0.012723,0.00504,1.724766,0.004802,0.044513,0.197109,0.011526,0.156119,0.0001,,,,,gru
49412,68,-0.019398,0.005135,1.724744,0.004802,0.048077,0.195587,0.010447,0.128983,0.0001,,,,,gru
49412,68,-0.024301,0.005031,1.724722,0.004802,0.049264,0.08695,0.014118,0.063779,0.0001,,,,,gru
49412,68,0.034964,0.005072,1.724701,0.004802,0.046661,0.132185,0.021,0.12845,0.0001,,,,,gru
53293,72,-0.070802,0.006631,1.724674,0.00479,0.053766,0.172924,0.007625,0.143083,0.0001,,,,,gru
53293,72,0.065941,0.005163,1.724655,0.00479,0.052735,0.107792,0.01996,0.089163,0.0001,,,,,gru
53293,72,-0.011947,0.006108,1.724629,0.00479,0.057163,0.078151,0.014118,0.05293,0.0001,,,,,gru
53293,72,0.00561,0.005637,1.724606,0.00479,0.050628,0.145894,0.017852,0.119464,0.0001,,,,,gru
53293,72,-0.029105,0.00524,1.724575,0.00479,0.049908,0.190208,0.013609,0.160003,0.0001,,,,,gru
53293,72,0.024029,0.00637,1.724537,0.00479,0.056329,0.194295,0.012274,0.14503,0.0001,,,,,gru
53293,72,0.044485,0.005306,1.724515,0.00479,0.049027,0.038502,0.009608,0.028495,0.0001,,,,,gru
53293,72,-0.054358,0.006028,1.724503,0.00479,0.051046,0.098749,0.007234,0.080418,0.0001,,,,,gru
56983,76,0.029033,0.002628,1.724493,0.004778,0.03747,0.075271,0.007978,0.063549,0.0001,,,,,gru
56983,76,-0.018252,0.007075,1.724497,0.004778,0.05057,0.188574,0.004002,0.115822,0.0001,,,,,gru
56983,76,-0.002292,0.005121,1.724521,0.004778,0.045384,0.106861,0.006674,0.064659,0.0001,,,,,gru
56983,76,0.021235,0.003896,1.724553,0.004778,0.037243,0.183268,0.007477,0.127632,0.0001,,,,,gru
56983,76,-0.044739,0.004679,1.724579,0.004778,0.042658,0.320454,0.013677,0.243643,0.0001,,,,,gru
56983,76,0.071052,0.004398,1.724612,0.004778,0.039511,0.093642,0.006642,0.065658,0.0001,,,,,gru
56983,76,0.117363,0.004003,1.724646,0.004778,0.038043,0.05362,0.002915,0.033817,0.0001,,,,,gru
56983,76,-0.124055,0.004992,1.724673,0.004778,0.043885,0.075031,0.016498,0.04018,0.0001,,,,,gru
61888,80,-0.061809,0.005457,1.724716,0.004766,0.046021,0.047897,0.00461,0.030716,0.0001,,,,,gru
61888,80,0.03896,0.003806,1.724761,0.004766,0.040208,0.104228,0.009491,0.073452,0.0001,,,,,gru
61888,80,0.108788,0.000934,1.724824,0.004766,0.026992,0.108891,0.015132,0.05987,0.0001,,,,,gru
61888,80,0.106071,0.003584,1.724895,0.004766,0.040287,0.143729,0.01648,0.114288,0.0001,,,,,gru
61888,80,-0.109395,0.004504,1.724971,0.004766,0.041692,0.167969,0.003379,0.146275,0.0001,,,,,gru
61888,80,0.059129,0.002879,1.725042,0.004766,0.03393,0.085055,0.005729,0.076905,0.0001,,,,,gru
61888,80,0.132899,0.002136,1.725105,0.004766,0.031377,0.049575,0.006207,0.032275,0.0001,,,,,gru
61888,80,-0.083427,0.005261,1.725171,0.004766,0.039501,0.053909,0.013446,0.030537,0.0001,,,,,gru
61888,80,-0.066432,0.003616,1.725246,0.004766,0.038942,0.160745,0.015376,0.075255,0.0001,,,,,gru
61888,80,-0.095151,0.004777,1.725338,0.004766,0.039608,0.054336,0.019879,0.041911,0.0001,,,,,gru
61888,80,0.110712,0.00271,1.725434,0.004766,0.034314,0.1182,0.008841,0.072218,0.0001,,,,,gru
61888,80,0.022738,0.002662,1.725533,0.004766,0.024069,0.075037,0.010159,0.038737,0.0001,,,,,gru
64770,84,0.014173,0.00653,1.725627,0.004754,0.047282,0.187663,0.005214,0.112406,0.0001,,,,,gru
64770,84,-0.038781,0.006532,1.725704,0.004754,0.051309,0.143155,0.010832,0.114858,0.0001,,,,,gru
64770,84,-0.010577,0.007379,1.725761,0.004754,0.052182,0.237477,0.007141,0.155877,0.0001,,,,,gru
64770,84,0.021667,0.004311,1.725802,0.004754,0.036248,0.093155,0.007203,0.073362,0.0001,,,,,gru
64770,84,-0.057082,0.006761,1.725828,0.004754,0.045259,0.126864,0.011494,0.113411,0.0001,,,,,gru
64770,84,0.134421,0.005629,1.725842,0.004754,0.049192,0.149661,0.012456,0.102195,0.0001,,,,,gru
64770,84,0.017257,0.004648,1.725841,0.004754,0.040962,0.123979,0.002964,0.077853,0.0001,,,,,gru
64770,84,-0.041131,0.010423,1.72583,0.004754,0.059328,0.115621,0.013886,0.065602,0.0001,,,,,gru
69263,88,0.067282,0.003943,1.725803,0.004742,0.033266,0.067476,0.004631,0.038382,0.0001,,,,,gru
69263,88,-0.023677,0.002847,1.725784,0.004742,0.031451,0.050649,0.001559,0.022843,0.0001,,,,,gru
69263,88,-0.233676,0.006286,1.725783,0.004742,0.050388,0.30744,0.008477,0.161335,0.0001,,,,,gru
69263,88,-0.008259,0.002987,1.725716,0.004742,0.036797,0.104214,0.013473,0.080923,0.0001,,,,,gru
69263,88,0.016218,0.003753,1.725646,0.004742,0.038635,0.155217,0.014915,0.132324,0.0001,,,,,gru
69263,88,-0.071563,0.007029,1.725589,0.004742,0.052469,0.130975,0.011738,0.072665,0.0001,,,,,gru
69263,88,-0.055199,0.004098,1.72556,0.004742,0.041877,0.120452,0.01267,0.114279,0.0001,,,,,gru
69263,88,0.00928,0.003784,1.725535,0.004742,0.038262,0.114062,0.014964,0.112017,0.0001,,,,,gru
69263,88,0.173521,0.001225,1.725511,0.004742,0.028512,0.202013,0.020231,0.127993,0.0001,,,,,gru
69263,88,0.019881,0.00263,1.725489,0.004742,0.029825,0.048464,0.004212,0.038391,0.0001,,,,,gru
69263,88,0.016003,0.003565,1.725471,0.004742,0.031729,0.197561,0.002812,0.119908,0.0001,,,,,gru
69263,88,-0.191784,0.007599,1.725451,0.004742,0.048573,0.206485,0.025589,0.127368,0.0001,,,,,gru
73063,92,-0.000847,0.003121,1.725466,0.00473,0.031502,0.118,0.00333,0.100323,0.0001,,,,,gru
73063,92,0.028102,0.003539,1.725484,0.00473,0.034967,0.081568,0.003296,0.062779,0.0001,,,,,gru
73063,92,-0.003169,0.002864,1.725497,0.00473,0.034622,0.056075,0.005793,0.03204,0.0001,,,,,gru
73063,92,0.032129,0.003725,1.725512,0.00473,0.031207,0.064517,0.005544,0.03949,0.0001,,,,,gru
73063,92,0.071682,0.003482,1.725522,0.00473,0.031023,0.05275,0.004461,0.040927,0.0001,,,,,gru
73063,92,-0.053824,0.002859,1.725532,0.00473,0.034935,0.042736,0.010765,0.021173,0.0001,,,,,gru
73063,92,-0.024118,0.004055,1.725528,0.00473,0.036109,0.108939,0.010262,0.071084,0.0001,,,,,gru
73063,92,0.055381,0.002078,1.725514,0.00473,0.028001,0.063572,0.003904,0.045836,0.0001,,,,,gru
77139,96,0.032259,0.002314,1.725496,0.004718,0.030149,0.06913,0.009114,0.035903,0.0001,,,,,gru
77139,96,-0.047507,0.003655,1.725488,0.004718,0.038098,0.069616,0.005907,0.028866,0.0001,,,,,gru
77139,96,0.866649,0.002431,1.725498,0.004718,0.061136,0.640398,0.07062,0.34375,0.0001,,,,,gru
77139,96,-0.053939,0.002634,1.725435,0.004718,0.029347,0.076473,0.003247,0.05234,0.0001,,,,,gru
77139,96,0.044218,0.003174,1.725375,0.004718,0.039407,0.154169,0.007177,0.087795,0.0001,,,,,gru
77139,96,0.28552,0.000699,1.725342,0.004718,0.026517,0.593738,0.01137,0.470596,0.0001,,,,,gru
77139,96,-0.136422,0.004178,1.72527,0.004718,0.042042,0.0976,0.020503,0.055607,0.0001,,,,,gru
77139,96,0.129188,0.001766,1.725225,0.004718,0.034616,0.0505,0.010024,0.02863,0.0001,,,,,gru
77139,96,-0.328598,0.001315,1.725181,0.004718,0.039165,0.232118,0.041089,0.182541,0.0001,,,,,gru
77139,96,0.006099,0.003391,1.72519,0.004718,0.044423,0.074254,0.020856,0.06758,0.0001,,,,,gru
77139,96,-0.016526,0.002653,1.725211,0.004718,0.034581,0.063909,0.016639,0.036438,0.0001,,,,,gru
77139,96,0.383249,0.001007,1.725229,0.004718,0.040384,0.468895,0.016077,0.294174,0.0001,,,,,gru
80959,100,0.067179,0.00354,1.725248,0.004706,0.035046,0.07894,0.001997,0.046995,0.0001,,,,,gru
80959,100,-0.077624,0.00317,1.725268,0.004706,0.03213,0.126036,0.006245,0.047078,0.0001,,,,,gru
80959,100,0.038034,0.003507,1.725266,0.004706,0.035094,0.097704,0.01235,0.059046,0.0001,,,,,gru
80959,100,-0.04408,0.003335,1.725246,0.004706,0.035595,0.05654,0.010825,0.03084,0.0001,,,,,gru
80959,100,0.013013,0.00361,1.725224,0.004706,0.036603,0.097943,0.017382,0.092417,0.0001,,,,,gru
80959,100,-0.015842,0.003413,1.725206,0.004706,0.039613,0.1499,0.015724,0.05854,0.0001,,,,,gru
80959,100,0.01975,0.002493,1.725157,0.004706,0.031933,0.071194,0.015894,0.053483,0.0001,,,,,gru
80959,100,-0.023495,0.004591,1.725114,0.004706,0.041415,0.189495,0.011679,0.102306,0.0001,,,,,gru
85151,104,0.038079,0.004068,1.725046,0.004694,0.035084,0.126854,0.002008,0.103248,0.0001,,,,,gru
85151,104,-0.050458,0.004294,1.724982,0.004694,0.034526,0.057699,0.013318,0.02946,0.0001,,,,,gru
85151,104,0.318591,0.000639,1.724918,0.004694,0.022106,0.272106,0.009765,0.196278,0.0001,,,,,gru
85151,104,-0.00367,0.004677,1.724853,0.004694,0.037646,0.042206,0.017449,0.029108,0.0001,,,,,gru
85151,104,0.004518,0.003987,1.724792,0.004694,0.037118,0.033951,0.017091,0.036233,0.0001,,,,,gru
85151,104,0.132026,0.000385,1.724733,0.004694,0.015377,0.135444,0.00624,0.10721,0.0001,,,,,gru
85151,104,-0.005907,0.00387,1.724661,0.004694,0.033755,0.067385,0.012689,0.038581,0.0001,,,,,gru
85151,104,0.004604,0.004531,1.724598,0.004694,0.035434,0.06611,0.008983,0.052092,0.0001,,,,,gru
85151,104,0.167813,0.000345,1.724535,0.004694,0.01209,0.236344,0.007162,0.160931,0.0001,,,,,gru
85151,104,0.013235,0.004438,1.724484,0.004694,0.031515,0.083318,0.001228,0.04858,0.0001,,,,,gru
85151,104,-0.010488,0.003744,1.724425,0.004694,0.036631,0.174081,0.003644,0.117777,0.0001,,,,,gru
85151,104,0.093936,0.000544,1.724377,0.004694,0.018356,0.10935,0.014486,0.073144,0.0001,,,,,gru
89223,108,-0.070775,0.005545,1.724334,0.004682,0.036696,0.078567,0.009288,0.042908,0.0001,,,,,gru
89223,108,0.056645,0.002589,1.724316,0.004682,0.031444,0.095019,0.004583,0.055826,0.0001,,,,,gru
89223,108,0.118447,0.000238,1.724319,0.004682,0.009343,0.067923,0.010117,0.029003,0.0001,,,,,gru
89223,108,-0.041862,0.005015,1.724305,0.004682,0.037501,0.109925,0.003538,0.046978,0.0001,,,,,gru
89223,108,0.030743,0.00303,1.724321,0.004682,0.030983,0.037308,0.002071,0.016932,0.0001,,,,,gru
89223,108,-0.186442,0.000265,1.724344,0.004682,0.014107,0.315293,0.014622,0.162177,0.0001,,,,,gru
89223,108,0.075117,0.003519,1.72439,0.004682,0.028628,0.061668,0.001529,0.043801,0.0001,,,,,gru
89223,108,-0.087233,0.004506,1.724444,0.004682,0.037917,0.209714,0.012073,0.167965,0.0001,,,,,gru
89223,108,0.056834,0.000138,1.724515,0.004682,0.004312,0.036076,0.004429,0.031292,0.0001,,,,,gru
89223,108,-0.047659,0.005638,1.724576,0.004682,0.03954,0.175535,0.015889,0.118605,0.0001,,,,,gru
89223,108,0.045583,0.002494,1.724642,0.004682,0.02778,0.069217,0.008971,0.03251,0.0001,,,,,gru
89223,108,-1.230615,0.006534,1.72472,0.004682,0.100507,0.69709,0.08474,0.272156,0.0001,,,,,gru
94137,112,-0.051738,0.002466,1.724786,0.00467,0.025385,0.033401,0.003573,0.024013,0.0001,,,,,gru
94137,112,-0.035752,0.002556,1.724848,0.00467,0.03001,0.100515,0.006176,0.086643,0.0001,,,,,gru
94137,112,0.216205,0.00177,1.724907,0.00467,0.027957,0.191198,0.022242,0.113879,0.0001,,,,,gru
94137,112,0.026601,0.001461,1.724954,0.00467,0.027306,0.163873,0.014955,0.09688,0.0001,,,,,gru
94137,112,0.024327,0.002379,1.725001,0.00467,0.031742,0.188298,0.015333,0.124844,0.0001,,,,,gru
94137,112,-0.119101,0.004842,1.725047,0.00467,0.042695,0.236002,0.008936,0.170157,0.0001,,,,,gru
94137,112,0.00836,0.002698,1.725118,0.00467,0.033747,0.041006,0.016502,0.021316,0.0001,,,,,gru
94137,112,-0.021988,0.002359,1.725194,0.00467,0.033198,0.055721,0.015149,0.03994,0.0001,,,,,gru
94137,112,0.043753,0.001969,1.725273,0.00467,0.032135,0.149084,0.01861,0.125018,0.0001,,,,,gru
94137,112,-0.029688,0.00332,1.72533,0.00467,0.035697,0.211343,0.010063,0.148839,0.0001,,,,,gru
94137,112,-0.0031,0.001964,1.725376,0.00467,0.024248,0.061747,0.00472,0.052546,0.0001,,,,,gru
94137,112,0.087259,0.000632,1.725424,0.00467,0.01717,0.059982,0.003084,0.042638,0.0001,,,,,gru
98981,116,-0.035686,0.00183,1.725459,0.004658,0.025614,0.059749,0.004861,0.036005,0.0001,,,,,gru
98981,116,0.029205,0.002126,1.725495,0.004658,0.024407,0.088351,0.006752,0.031157,0.0001,,,,,gru
98981,116,0.065325,0.004652,1.725549,0.004658,0.03156,0.131571,0.010669,0.108224,0.0001,,,,,gru
98981,116,-0.070204,0.003157,1.725585,0.004658,0.030848,0.082771,0.018145,0.038769,0.0001,,,,,gru
98981,116,0.157301,0.001062,1.725636,0.004658,0.022852,0.07329,0.006893,0.060803,0.0001,,,,,gru
98981,116,-0.190711,0.004403,1.725692,0.004658,0.036116,0.161439,0.024342,0.079509,0.0001,,,,,gru
98981,116,0.034152,0.002214,1.725723,0.004658,0.025781,0.059857,0.009538,0.056237,0.0001,,,,,gru
98981,116,-0.071482,0.002818,1.725748,0.004658,0.028926,0.19043,0.010707,0.133056,0.0001,,,,,gru
98981,116,0.148048,0.001269,1.725775,0.004658,0.020545,0.207789,0.004618,0.108539,0.0001,,,,,gru
98981,116,0.083898,0.001901,1.725792,0.004658,0.020599,0.178837,0.00259,0.117455,0.0001,,,,,gru
98981,116,-0.081813,0.003027,1.725798,0.004658,0.030633,0.094277,0.004587,0.021606,0.0001,,,,,gru
98981,116,0.043348,0.000801,1.725821,0.004658,0.020053,0.114846,0.004408,0.087635,0.0001,,,,,gru
103898,120,-0.09139,0.00325,1.725852,0.004646,0.030926,0.097084,0.004359,0.051729,0.0001,,,,,gru
103898,120,0.052093,0.002324,1.725889,0.004646,0.025544,0.091809,0.00636,0.064427,0.0001,,,,,gru
103898,120,0.12915,0.00035,1.725914,0.004646,0.014315,0.042233,0.009518,0.028843,0.0001,,,,,gru
103898,120,0.004303,0.0025,1.725937,0.004646,0.028132,0.098621,0.003773,0.051789,0.0001,,,,,gru
103898,120,0.016005,0.002157,1.725947,0.004646,0.024178,0.060979,0.002228,0.040051,0.0001,,,,,gru
103898,120,-0.011576,0.002253,1.725958,0.004646,0.022198,0.104787,0.002426,0.054619,0.0001,,,,,gru
103898,120,-0.048964,0.002208,1.725983,0.004646,0.026838,0.04938,0.006568,0.027436,0.0001,,,,,gru
103898,120,0.029374,0.002812,1.726008,0.004646,0.025408,0.224958,0.004297,0.142625,0.0001,,,,,gru
103898,120,0.085204,0.00133,1.726014,0.004646,0.021692,0.06713,0.002468,0.039232,0.0001,,,,,gru
103898,120,0.012806,0.001953,1.726014,0.004646,0.023523,0.06073,0.006122,0.022678,0.0001,,,,,gru
103898,120,-0.035908,0.003351,1.726017,0.004646,0.029436,0.083753,0.007858,0.03902,0.0001,,,,,gru
103898,120,0.092358,0.000728,1.726006,0.004646,0.020567,0.098905,0.001552,0.049408,0.0001,,,,,gru
106861,124,-0.0421,0.005251,1.725998,0.004634,0.034425,0.079926,0.011216,0.048456,0.0001,,,,,gru
106861,124,0.073385,0.003418,1.725984,0.004634,0.030646,0.171648,0.002021,0.128818,0.0001,,,,,gru
106861,124,-0.070465,0.005097,1.725957,0.004634,0.034003,0.104093,0.008602,0.07762,0.0001,,,,,gru
106861,124,0.140914,0.00361,1.72592,0.004634,0.034205,0.07779,0.013834,0.049299,0.0001,,,,,gru
106861,124,-0.030033,0.005287,1.725875,0.004634,0.036604,0.194387,0.003354,0.124698,0.0001,,,,,gru
106861,124,0.049647,0.003135,1.725826,0.004634,0.036126,0.210904,0.013224,0.152944,0.0001,,,,,gru
106861,124,-0.025565,0.003227,1.72577,0.004634,0.035417,0.120008,0.006145,0.078733,0.0001,,,,,gru
106861,124,0.046932,0.007774,1.725707,0.004634,0.038131,0.082796,0.006947,0.047706,0.0001,,,,,gru
111095,128,0.034134,0.002192,1.725651,0.004622,0.027837,0.09953,0.009446,0.087732,0.0001,,,,,gru
111095,128,-0.016175,0.004879,1.725598,0.004622,0.032854,0.12759,0.003587,0.091771,0.0001,,,,,gru
111095,128,-0.009839,0.000975,1.725531,0.004622,0.027525,0.177737,0.004248,0.076167,0.0001,,,,,gru
111095,128,0.036339,0.003184,1.725432,0.004622,0.030202,0.061637,0.005069,0.047096,0.0001,,,,,gru
111095,128,-0.04034,0.003802,1.725338,0.004622,0.030581,0.086757,0.009685,0.028402,0.0001,,,,,gru
111095,128,0.250339,0.001125,1.725229,0.004622,0.016411,0.403187,0.002995,0.192632,0.0001,,,,,gru
111095,128,-0.014253,0.002557,1.725149,0.004622,0.028723,0.082602,0.01477,0.042819,0.0001,,,,,gru
111095,128,0.05378,0.00365,1.725063,0.004622,0.036247,0.092009,0.019217,0.0735,0.0001,,,,,gru
111095,128,-0.237896,0.014277,1.72497,0.004622,0.06654,0.454438,0.058117,0.428235,0.0001,,,,,gru
111095,128,0.058705,0.002266,1.724875,0.004622,0.033819,0.083345,0.0125,0.062688,0.0001,,,,,gru
111095,128,-0.041897,0.004595,1.724779,0.004622,0.031712,0.247737,0.013175,0.161504,0.0001,,,,,gru
111095,128,0.004165,0.005842,1.724676,0.004622,0.039019,0.340506,0.004421,0.300461,0.0001,,,,,gru
115621,132,0.065467,0.002559,1.724563,0.00461,0.028637,0.031986,0.017348,0.023348,0.0001,,,,,gru
115621,132,0.001349,0.003535,1.724454,0.00461,0.034374,0.049272,0.012681,0.024214,0.0001,,,,,gru
115621,132,-0.143532,0.003203,1.724351,0.00461,0.032004,0.169985,0.0057,0.079147,0.0001,,,,,gru
115621,132,-0.017866,0.00331,1.724236,0.00461,0.034466,0.070602,0.010789,0.028801,0.0001,,,,,gru
115621,132,0.001585,0.002942,1.724115,0.00461,0.027064,0.067691,0.01393,0.048037,0.0001,,,,,gru
115621,132,0.232118,0.001743,1.723999,0.00461,0.036259,0.264467,0.02811,0.149828,0.0001,,,,,gru
115621,132,-0.006052,0.003111,1.723918,0.00461,0.027263,0.089548,0.009879,0.070949,0.0001,,,,,gru
115621,132,0.053705,0.002718,1.72384,0.00461,0.031645,0.043176,0.009887,0.025898,0.0001,,,,,gru
115621,132,-0.055099,0.002679,1.723767,0.00461,0.030125,0.149425,0.009332,0.088742,0.0001,,,,,gru
115621,132,-0.034656,0.003536,1.723694,0.00461,0.031858,0.034093,0.003354,0.017362,0.0001,,,,,gru
115621,132,0.068325,0.002204,1.723635,0.00461,0.025668,0.067067,0.008268,0.020715,0.0001,,,,,gru
115621,132,0.004517,0.002662,1.72356,0.00461,0.024659,0.125835,0.007523,0.060645,0.0001,,,,,gru
117680,136,0.022119,0.007622,1.723521,0.004598,0.041165,0.088978,0.021434,0.056303,0.0001,,,,,gru
117680,136,-0.519271,0.009588,1.723499,0.004598,0.08454,0.657717,0.073743,0.403747,0.0001,,,,,gru
117680,136,-0.001546,0.007556,1.723462,0.004598,0.04271,0.085708,0.014898,0.053411,0.0001,,,,,gru
117680,136,0.483815,0.001786,1.723441,0.004598,0.037616,0.457232,0.045038,0.210686,0.0001,,,,,gru
117680,136,0.005765,0.0074,1.723408,0.004598,0.049315,0.29223,0.004627,0.159894,0.0001,,,,,gru
117680,136,0.121751,0.000546,1.723385,0.004598,0.017734,0.074984,0.015391,0.051225,0.0001,,,,,gru
117680,136,-0.000545,0.007406,1.723357,0.004598,0.054171,0.365967,0.010804,0.198085,0.0001,,,,,gru
117680,136,0.283002,0.001068,1.723338,0.004598,0.035699,0.359927,0.036445,0.190352,0.0001,,,,,gru
121472,140,0.050249,0.00268,1.723311,0.004586,0.028848,0.086875,0.008671,0.063927,0.0001,,,,,gru
121472,140,-0.012665,0.002662,1.72329,0.004586,0.030959,0.085695,0.005334,0.052434,0.0001,,,,,gru
121472,140,-0.091044,0.003336,1.723266,0.004586,0.030863,0.105197,0.006722,0.06814,0.0001,,,,,gru
121472,140,0.149148,0.001831,1.723237,0.004586,0.025167,0.104125,0.00496,0.088649,0.0001,,,,,gru
121472,140,0.000193,0.002825,1.723219,0.004586,0.027735,0.075744,0.005985,0.047536,0.0001,,,,,gru
121472,140,0.044782,0.002361,1.7232,0.004586,0.027875,0.088907,0.006868,0.053841,0.0001,,,,,gru
121472,140,-0.02837,0.002501,1.723186,0.004586,0.029109,0.062684,0.012147,0.040475,0.0001,,,,,gru
121472,140,0.080251,0.00268,1.723171,0.004586,0.026938,0.092887,0.008825,0.054031,0.0001,,,,,gru
126484,144,-0.028693,0.001713,1.723155,0.004574,0.024644,0.114681,0.004376,0.074984,0.0001,,,,,gru
126484,144,0.071066,0.002275,1.723145,0.004574,0.030475,0.054872,0.009034,0.035,0.0001,,,,,gru
126484,144,-0.12171,0.004656,1.723144,0.004574,0.035762,0.14847,0.005096,0.123358,0.0001,,,,,gru
126484,144,-0.062223,0.002243,1.723145,0.004574,0.029256,0.093942,0.002898,0.068349,0.0001,,,,,gru
126484,144,0.038898,0.002549,1.723149,0.004574,0.027459,0.074069,0.007207,0.046969,0.0001,,,,,gru
126484,144,0.024688,0.002866,1.723157,0.004574,0.03084,0.130599,0.006721,0.116595,0.0001,,,,,gru
126484,144,-0.067303,0.00223,1.723173,0.004574,0.030188,0.109253,0.003252,0.079105,0.0001,,,,,gru
126484,144,-0.013467,0.002336,1.723191,0.004574,0.026492,0.070924,0.007363,0.07311,0.0001,,,,,gru
126484,144,0.151334,0.003493,1.723207,0.004574,0.034652,0.143059,0.01445,0.14551,0.0001,,,,,gru
126484,144,-0.051395,0.002657,1.72321,0.004574,0.032154,0.118414,0.005455,0.112492,0.0001,,,,,gru
126484,144,-0.043918,0.002428,1.723216,0.004574,0.026142,0.151894,0.008169,0.127617,0.0001,,,,,gru
126484,144,0.182399,0.00232,1.723231,0.004574,0.029653,0.110075,0.007171,0.064585,0.0001,,,,,gru
130654,148,-0.015033,0.002585,1.723233,0.004562,0.032347,0.072514,0.010653,0.056583,0.0001,,,,,gru
130654,148,0.008648,0.005085,1.723244,0.004562,0.033644,0.128376,0.017228,0.072121,0.0001,,,,,gru
130654,148,0.310261,0.000636,1.723274,0.004562,0.023715,0.175559,0.004462,0.109051,0.0001,,,,,gru
130654,148,-0.039804,0.005039,1.723302,0.004562,0.042028,0.159368,0.029596,0.124481,0.0001,,,,,gru
130654,148,0.048918,0.003466,1.723352,0.004562,0.036289,0.168608,0.02429,0.153967,0.0001,,,,,gru
130654,148,0.017747,0.000593,1.723399,0.004562,0.022196,0.087458,0.017727,0.054227,0.0001,,,,,gru
130654,148,0.039446,0.003638,1.723439,0.004562,0.031903,0.053556,0.01233,0.028351,0.0001,,,,,gru
130654,148,-0.045601,0.003984,1.723486,0.004562,0.034253,0.130124,0.00757,0.100859,0.0001,,,,,gru
130654,148,0.306332,0.000909,1.723547,0.004562,0.02261,0.200757,0.018189,0.176805,0.0001,,,,,gru
130654,148,-0.010165,0.003119,1.723598,0.004562,0.034707,0.103391,0.003997,0.060939,0.0001,,,,,gru
130654,148,0.007748,0.003928,1.723666,0.004562,0.031205,0.078064,0.001953,0.033634,0.0001,,,,,gru
130654,148,0.309379,0.008439,1.723734,0.004562,0.046584,0.314156,0.018166,0.247782,0.0001,,,,,gru
133550,152,0.059281,0.003119,1.723788,0.00455,0.033248,0.062172,0.011366,0.034162,0.0001,,,,,gru
133550,152,-0.181788,0.002443,1.723839,0.00455,0.03029,0.107649,0.003083,0.065703,0.0001,,,,,gru
133550,152,-0.028819,0.002913,1.723897,0.00455,0.030091,0.047039,0.010231,0.035552,0.0001,,,,,gru
133550,152,0.027936,0.002994,1.723952,0.00455,0.038688,0.10816,0.014671,0.085721,0.0001,,,,,gru
133550,152,-0.036281,0.003415,1.724003,0.00455,0.033402,0.163585,0.010612,0.133107,0.0001,,,,,gru
133550,152,0.043968,0.001646,1.724049,0.00455,0.028475,0.104442,0.010319,0.04441,0.0001,,,,,gru
133550,152,-0.006922,0.002291,1.724102,0.00455,0.028501,0.088656,0.005204,0.061555,0.0001,,,,,gru
133550,152,-0.022477,0.00391,1.724156,0.00455,0.037366,0.073773,0.007135,0.04367,0.0001,,,,,gru
136218,156,-0.030412,0.005318,1.724201,0.004538,0.035151,0.155127,0.021465,0.076054,0.0001,,,,,gru
136218,156,0.128518,0.00228,1.724266,0.004538,0.024711,0.069619,0.007541,0.019088,0.0001,,,,,gru
136218,156,0.021787,0.004299,1.724346,0.004538,0.032115,0.103984,0.017112,0.044261,0.0001,,,,,gru
136218,156,-0.031061,0.005501,1.724442,0.004538,0.034199,0.185747,0.025989,0.096828,0.0001,,,,,gru
136218,156,-0.019137,0.004802,1.724535,0.004538,0.030845,0.095435,0.015672,0.070246,0.0001,,,,,gru
136218,156,0.094368,0.003306,1.724634,0.004538,0.033018,0.162729,0.00363,0.118591,0.0001,,,,,gru
136218,156,-0.016267,0.004597,1.724733,0.004538,0.034896,0.109634,0.003984,0.078911,0.0001,,,,,gru
136218,156,0.090545,0.003323,1.724839,0.004538,0.02946,0.128441,0.016631,0.064165,0.0001,,,,,gru
140008,160,0.02577,0.001939,1.72496,0.004526,0.025259,0.117933,0.005713,0.066959,0.0001,,,,,gru
140008,160,-0.018503,0.002479,1.725065,0.004526,0.022652,0.0563,0.008144,0.02499,0.0001,,,,,gru
140008,160,-0.016094,0.002118,1.725169,0.004526,0.027229,0.061085,0.013431,0.029317,0.0001,,,,,gru
140008,160,0.031418,0.002458,1.725268,0.004526,0.029088,0.155213,0.018934,0.079465,0.0001,,,,,gru
140008,160,-0.013374,0.002084,1.72535,0.004526,0.026382,0.123215,0.01917,0.088763,0.0001,,,,,gru
140008,160,0.028324,0.002597,1.72542,0.004526,0.035719,0.082677,0.02112,0.065431,0.0001,,,,,gru
140008,160,-0.117959,0.002725,1.725488,0.004526,0.031393,0.139246,0.013389,0.081452,0.0001,,,,,gru
140008,160,0.14911,0.001631,1.725548,0.004526,0.02384,0.069761,0.020828,0.052471,0.0001,,,,,gru
143759,164,0.037546,0.003526,1.725608,0.004514,0.029591,0.098195,0.005413,0.047605,0.0001,,,,,gru
143759,164,-0.052333,0.001614,1.725673,0.004514,0.024089,0.069222,0.003449,0.034996,0.0001,,,,,gru
143759,164,-0.077748,0.002206,1.725741,0.004514,0.028108,0.053373,0.010123,0.018478,0.0001,,,,,gru
143759,164,0.08488,0.00315,1.725818,0.004514,0.027876,0.109634,0.005446,0.070657,0.0001,,,,,gru
143759,164,0.054532,0.002876,1.725885,0.004514,0.028793,0.135941,0.010913,0.085878,0.0001,,,,,gru
143759,164,-0.072454,0.002498,1.725951,0.004514,0.031855,0.121681,0.017176,0.091399,0.0001,,,,,gru
143759,164,-0.036107,0.002246,1.726021,0.004514,0.031266,0.115126,0.015302,0.077944,0.0001,,,,,gru
143759,164,0.034202,0.003227,1.726098,0.004514,0.029385,0.137636,0.011472,0.086953,0.0001,,,,,gru
148687,168,-0.045496,0.001871,1.72617,0.004502,0.026621,0.114708,0.001468,0.106624,0.0001,,,,,gru
148687,168,0.003841,0.002516,1.726233,0.004502,0.025438,0.043287,0.005632,0.021189,0.0001,,,,,gru
148687,168,0.058539,0.00211,1.726295,0.004502,0.024273,0.195977,0.007051,0.118931,0.0001,,,,,gru
148687,168,-0.154299,0.003307,1.726349,0.004502,0.028358,0.054665,0.002324,0.036821,0.0001,,,,,gru
148687,168,0.124408,0.001698,1.726407,0.004502,0.025231,0.128832,0.009532,0.10054,0.0001,,,,,gru
148687,168,0.023214,0.000593,1.72645,0.004502,0.020752,0.272788,0.004746,0.190029,0.0001,,,,,gru
148687,168,-0.096635,0.003018,1.726482,0.004502,0.025847,0.11061,0.00472,0.06708,0.0001,,,,,gru
148687,168,0.047605,0.001819,1.72651,0.004502,0.028071,0.053687,0.00158,0.015708,0.0001,,,,,gru
148687,168,0.074673,0.000757,1.726531,0.004502,0.022954,0.115418,0.001439,0.06565,0.0001,,,,,gru
148687,168,-0.017776,0.00185,1.726553,0.004502,0.029927,0.074114,0.005789,0.06172,0.0001,,,,,gru
148687,168,-0.018903,0.002529,1.726579,0.004502,0.025506,0.069956,0.008108,0.034868,0.0001,,,,,gru
148687,168,0.051161,0.001876,1.7266,0.004502,0.024644,0.167839,0.006629,0.100788,0.0001,,,,,gru
153690,172,-0.046191,0.001908,1.726598,0.00449,0.025394,0.034615,0.003969,0.021002,0.0001,,,,,gru
153690,172,0.055179,0.0024,1.726595,0.00449,0.025108,0.090402,0.002075,0.084352,0.0001,,,,,gru
153690,172,-0.075823,0.00199,1.726595,0.00449,0.022099,0.121034,0.003695,0.051805,0.0001,,,,,gru
153690,172,0.010142,0.002459,1.726593,0.00449,0.023502,0.026966,0.003973,0.01506,0.0001,,,,,gru
153690,172,0.000161,0.001994,1.726594,0.00449,0.022404,0.124576,0.005076,0.090533,0.0001,,,,,gru
153690,172,-0.075917,0.001643,1.726591,0.00449,0.025954,0.068871,0.005645,0.051843,0.0001,,,,,gru
153690,172,-0.062506,0.002136,1.726589,0.00449,0.020965,0.065201,0.007013,0.032411,0.0001,,,,,gru
153690,172,0.063326,0.001565,1.726588,0.00449,0.024534,0.096599,0.012858,0.061687,0.0001,,,,,gru
153690,172,-0.057512,0.003539,1.726596,0.00449,0.030644,0.189749,0.009989,0.148991,0.0001,,,,,gru
153690,172,-0.095121,0.002196,1.726561,0.00449,0.022392,0.061574,0.005235,0.042433,0.0001,,,,,gru
153690,172,0.025544,0.002014,1.726537,0.00449,0.023907,0.088866,0.007152,0.071291,0.0001,,,,,gru
153690,172,0.098211,0.002062,1.726522,0.00449,0.022796,0.152338,0.007823,0.118963,0.0001,,,,,gru
158711,176,-0.054484,0.005005,1.726492,0.004478,0.036992,0.123575,0.003978,0.07951,0.0001,,,,,gru
158711,176,0.028256,0.002313,1.726451,0.004478,0.026535,0.145613,0.005817,0.103684,0.0001,,,,,gru
158711,176,0.102638,0.000988,1.726414,0.004478,0.023564,0.088079,0.005555,0.054099,0.0001,,,,,gru
158711,176,0.036246,0.003804,1.726378,0.004478,0.035906,0.065085,0.017131,0.036579,0.0001,,,,,gru
158711,176,-0.069105,0.003593,1.726339,0.004478,0.038393,0.122825,0.027187,0.133082,0.0001,,,,,gru
158711,176,0.121613,0.002295,1.726308,0.004478,0.040652,0.212323,0.018753,0.169072,0.0001,,,,,gru
158711,176,0.054274,0.00314,1.726261,0.004478,0.035244,0.059303,0.019468,0.032372,0.0001,,,,,gru
158711,176,0.047667,0.002038,1.726205,0.004478,0.034368,0.080523,0.015609,0.036106,0.0001,,,,,gru
158711,176,-0.169887,0.006746,1.726156,0.004478,0.041507,0.101601,0.024681,0.091904,0.0001,,,,,gru
158711,176,0.007195,0.003176,1.726111,0.004478,0.028898,0.041912,0.007098,0.02183,0.0001,,,,,gru
158711,176,0.024422,0.002182,1.726069,0.004478,0.028619,0.094541,0.002116,0.071659,0.0001,,,,,gru
158711,176,-0.015546,0.005013,1.726029,0.004478,0.035907,0.231663,0.002922,0.183233,0.0001,,,,,gru
162500,180,0.02132,0.001791,1.725987,0.004466,0.021752,0.084079,0.003928,0.054931,0.0001,,,,,gru
162500,180,-0.030498,0.00299,1.725953,0.004466,0.024946,0.09123,0.005939,0.059862,0.0001,,,,,gru
162500,180,0.071927,0.002021,1.725926,0.004466,0.023953,0.136883,0.012492,0.077525,0.0001,,,,,gru
162500,180,-0.089766,0.002873,1.725906,0.004466,0.026421,0.124542,0.012369,0.072487,0.0001,,,,,gru
162500,180,0.056484,0.00246,1.725891,0.004466,0.02864,0.173684,0.017759,0.135343,0.0001,,,,,gru
162500,180,-0.070558,0.002532,1.725878,0.004466,0.025254,0.056736,0.013313,0.024211,0.0001,,,,,gru
162500,180,0.073738,0.002067,1.725878,0.004466,0.02801,0.083474,0.018835,0.066519,0.0001,,,,,gru
162500,180,-0.09065,0.002988,1.725869,0.004466,0.025543,0.052726,0.011262,0.026168,0.0001,,,,,gru
166529,184,0.035011,0.002253,1.725874,0.004454,0.031481,0.060299,0.020449,0.047432,0.0001,,,,,gru
166529,184,-0.061979,0.002829,1.725865,0.004454,0.029134,0.13423,0.010975,0.065109,0.0001,,,,,gru
166529,184,0.042166,0.003256,1.725835,0.004454,0.029708,0.076862,0.011838,0.034438,0.0001,,,,,gru
166529,184,-0.066285,0.001585,1.725784,0.004454,0.027276,0.109946,0.002009,0.067463,0.0001,,,,,gru
166529,184,-0.029333,0.002392,1.725726,0.004454,0.025832,0.100482,0.001894,0.068618,0.0001,,,,,gru
166529,184,0.005118,0.002321,1.725645,0.004454,0.030984,0.151131,0.003152,0.093116,0.0001,,,,,gru
166529,184,0.013411,0.002048,1.725562,0.004454,0.028574,0.134095,0.005987,0.069418,0.0001,,,,,gru
166529,184,-0.037357,0.002756,1.725462,0.004454,0.032458,0.073791,0.01018,0.044223,0.0001,,,,,gru
171546,188,-0.102611,0.001954,1.725356,0.004442,0.020285,0.074313,0.005792,0.042752,0.0001,,,,,gru
171546,188,0.069172,0.001808,1.725262,0.004442,0.026941,0.050823,0.005158,0.024195,0.0001,,,,,gru
171546,188,-0.05867,0.002696,1.725169,0.004442,0.032045,0.151369,0.008321,0.077485,0.0001,,,,,gru
171546,188,-0.007331,0.003065,1.725098,0.004442,0.030357,0.087122,0.00893,0.053572,0.0001,,,,,gru
171546,188,-0.043547,0.000954,1.725023,0.004442,0.022128,0.046035,0.008879,0.024933,0.0001,,,,,gru
171546,188,-0.016016,0.002371,1.724959,0.004442,0.029698,0.170363,0.009536,0.089481,0.0001,,,,,gru
171546,188,-0.10126,0.002772,1.724917,0.004442,0.029995,0.068035,0.014391,0.049559,0.0001,,,,,gru
171546,188,0.008393,0.001919,1.724872,0.004442,0.028623,0.042776,0.011273,0.031817,0.0001,,,,,gru
171546,188,0.073395,0.00104,1.724824,0.004442,0.025682,0.080197,0.00926,0.072872,0.0001,,,,,gru
171546,188,0.008346,0.002121,1.724774,0.004442,0.0291,0.065014,0.011838,0.048695,0.0001,,,,,gru
171546,188,-0.142063,0.002047,1.724719,0.004442,0.030197,0.04759,0.017284,0.047121,0.0001,,,,,gru
171546,188,0.168175,0.002304,1.724671,0.004442,0.02861,0.077315,0.008636,0.065962,0.0001,,,,,gru
175561,192,0.072909,0.001884,1.724613,0.00443,0.023007,0.079691,0.008924,0.045278,0.0001,,,,,gru
175561,192,-0.061953,0.003644,1.724576,0.00443,0.030607,0.145869,0.012036,0.122861,0.0001,,,,,gru
175561,192,-0.031209,0.001731,1.724557,0.00443,0.02543,0.093207,0.005127,0.072483,0.0001,,,,,gru
175561,192,0.046328,0.003787,1.724554,0.00443,0.030139,0.074414,0.008082,0.056612,0.0001,,,,,gru
175561,192,-0.012466,0.002561,1.724565,0.00443,0.031705,0.049836,0.013173,0.027961,0.0001,,,,,gru
175561,192,0.027296,0.003208,1.724582,0.00443,0.035404,0.108117,0.019764,0.100405,0.0001,,,,,gru
175561,192,0.036604,0.002389,1.724605,0.00443,0.036502,0.177684,0.023701,0.153161,0.0001,,,,,gru
175561,192,-0.023572,0.003586,1.724624,0.00443,0.036592,0.047987,0.018887,0.042654,0.0001,,,,,gru
180300,196,0.013687,0.002478,1.724654,0.004418,0.023324,0.101276,0.004067,0.084517,0.0001,,,,,gru
180300,196,0.013778,0.002183,1.724676,0.004418,0.026191,0.077335,0.003271,0.040765,0.0001,,,,,gru
180300,196,-0.060709,0.001368,1.724692,0.004418,0.027184,0.25679,0.00739,0.183871,0.0001,,,,,gru
180300,196,0.024595,0.002465,1.724674,0.004418,0.027626,0.105675,0.00654,0.091811,0.0001,,,,,gru
180300,196,-0.030559,0.001428,1.724656,0.004418,0.021997,0.080619,0.005789,0.043966,0.0001,,,,,gru
180300,196,0.048261,0.003849,1.724621,0.004418,0.027163,0.065275,0.003745,0.042982,0.0001,,,,,gru
180300,196,-0.011514,0.002207,1.724582,0.004418,0.026505,0.099621,0.004223,0.061618,0.0001,,,,,gru
180300,196,-0.035164,0.002708,1.724528,0.004418,0.024875,0.169411,0.004575,0.136903,0.0001,,,,,gru
180300,196,0.175383,0.000518,1.724481,0.004418,0.018269,0.098349,0.006649,0.080263,0.0001,,,,,gru
180300,196,-0.085745,0.00197,1.724433,0.004418,0.026129,0.067511,0.007,0.048134,0.0001,,,,,gru
180300,196,0.125759,0.001966,1.724384,0.004418,0.020524,0.069148,0.003198,0.056298,0.0001,,,,,gru
180300,196,-0.081808,0.003588,1.72433,0.004418,0.031435,0.30699,0.006547,0.215706,0.0001,,,,,gru
185354,200,-0.047014,0.001351,1.724264,0.004406,0.021953,0.097405,0.003851,0.063113,0.0001,,,,,gru
185354,200,-0.008988,0.001962,1.72421,0.004406,0.022196,0.043558,0.005156,0.041048,0.0001,,,,,gru
185354,200,0.117878,0.001367,1.72416,0.004406,0.01771,0.071898,0.01151,0.048076,0.0001,,,,,gru
185354,200,-0.026898,0.001999,1.724127,0.004406,0.022243,0.049728,0.006163,0.029291,0.0001,,,,,gru
185354,200,0.091362,0.000732,1.724101,0.004406,0.019872,0.055553,0.009851,0.046646,0.0001,,,,,gru
185354,200,-0.138395,0.002588,1.724079,0.004406,0.021411,0.177253,0.002854,0.141888,0.0001,,,,,gru
185354,200,-0.013458,0.000905,1.724069,0.004406,0.017586,0.052029,0.002974,0.025821,0.0001,,,,,gru
185354,200,0.04457,0.001995,1.724065,0.004406,0.020022,0.157281,0.001744,0.130619,0.0001,,,,,gru
185354,200,-0.061865,0.002152,1.724068,0.004406,0.022699,0.253957,0.004543,0.177743,0.0001,,,,,gru
185354,200,0.102014,0.00109,1.724111,0.004406,0.016519,0.044046,0.003702,0.031736,0.0001,,,,,gru
185354,200,-0.081341,0.00239,1.724155,0.004406,0.021987,0.094717,0.002632,0.044063,0.0001,,,,,gru
185354,200,-0.038544,0.000772,1.72421,0.004406,0.017761,0.104378,0.004539,0.062079,0.0001,,,,,gru
190281,204,-0.011624,0.001448,1.724267,0.004394,0.0219,0.090305,0.002915,0.066568,0.0001,,,,,gru
190281,204,0.037062,0.00197,1.72433,0.004394,0.018432,0.099041,0.005047,0.085412,0.0001,,,,,gru
190281,204,-0.090634,0.001365,1.724385,0.004394,0.014567,0.111373,0.004186,0.101775,0.0001,,,,,gru
190281,204,-0.056,0.00148,1.724442,0.004394,0.020812,0.135684,0.005579,0.102517,0.0001,,,,,gru
190281,204,-0.015222,0.001956,1.724491,0.004394,0.018393,0.161858,0.0056,0.10175,0.0001,,,,,gru
190281,204,0.138925,0.0012,1.724535,0.004394,0.015621,0.039796,0.008768,0.034639,0.0001,,,,,gru
190281,204,0.006595,0.001433,1.724568,0.004394,0.017389,0.043352,0.002493,0.020989,0.0001,,,,,gru
190281,204,-0.071059,0.001901,1.724607,0.004394,0.018522,0.138297,0.002623,0.127744,0.0001,,,,,gru
190281,204,0.123164,0.001164,1.724651,0.004394,0.016029,0.052728,0.003313,0.031535,0.0001,,,,,gru
190281,204,0.058711,0.001623,1.724701,0.004394,0.017278,0.064032,0.000626,0.027289,0.0001,,,,,gru
190281,204,-0.027345,0.001391,1.724764,0.004394,0.017358,0.131843,0.002453,0.126132,0.0001,,,,,gru
190281,204,-0.101306,0.001806,1.724822,0.004394,0.01938,0.073886,0.002669,0.027249,0.0001,,,,,gru
194108,208,-0.003669,0.002711,1.724893,0.004382,0.02268,0.079282,0.003754,0.073248,0.0001,,,,,gru
194108,208,0.020619,0.00106,1.724951,0.004382,0.016537,0.036674,0.002644,0.023038,0.0001,,,,,gru
194108,208,-0.019671,0.00186,1.725001,0.004382,0.020092,0.060342,0.0039,0.029786,0.0001,,,,,gru
194108,208,0.040101,0.001998,1.72504,0.004382,0.020234,0.036226,0.00529,0.015776,0.0001,,,,,gru
194108,208,-0.004121,0.001532,1.725066,0.004382,0.019532,0.065441,0.005002,0.04763,0.0001,,,,,gru
194108,208,0.02165,0.002348,1.725094,0.004382,0.020884,0.137825,0.003155,0.122903,0.0001,,,,,gru
194108,208,0.089826,0.001401,1.725108,0.004382,0.018335,0.043744,0.002745,0.038653,0.0001,,,,,gru
194108,208,-0.08612,0.002462,1.725121,0.004382,0.021912,0.043716,0.006809,0.022524,0.0001,,,,,gru
197910,212,0.002042,0.003269,1.725131,0.00437,0.023174,0.051163,0.002075,0.038739,0.0001,,,,,gru
197910,212,-0.036793,0.001333,1.725141,0.00437,0.021932,0.109078,0.003192,0.060839,0.0001,,,,,gru
197910,212,0.056911,0.002657,1.725151,0.00437,0.024761,0.107385,0.002274,0.04975,0.0001,,,,,gru
197910,212,-0.09996,0.002022,1.725165,0.00437,0.021935,0.043179,0.008649,0.024026,0.0001,,,,,gru
197910,212,-0.069647,0.002358,1.725173,0.00437,0.024871,0.107426,0.008404,0.044891,0.0001,,,,,gru
197910,212,0.047184,0.002337,1.725166,0.00437,0.022148,0.119027,0.004436,0.067641,0.0001,,,,,gru
197910,212,0.057319,0.00286,1.725175,0.00437,0.024958,0.088179,0.005159,0.047062,0.0001,,,,,gru
197910,212,-0.097297,0.001717,1.725175,0.00437,0.020953,0.04093,0.008116,0.026604,0.0001,,,,,gru
203167,216,-0.109694,0.002414,1.725185,0.004358,0.023295,0.108651,0.002177,0.054052,0.0001,,,,,gru
203167,216,0.094022,0.002415,1.725203,0.004358,0.026503,0.071912,0.008758,0.052787,0.0001,,,,,gru
203167,216,0.001517,0.001632,1.725225,0.004358,0.023836,0.127618,0.003844,0.083527,0.0001,,,,,gru
203167,216,-0.009261,0.002029,1.725248,0.004358,0.023535,0.130992,0.001786,0.102194,0.0001,,,,,gru
203167,216,0.034451,0.002086,1.725272,0.004358,0.026275,0.268901,0.004828,0.209365,0.0001,,,,,gru
203167,216,-0.067673,0.002367,1.725287,0.004358,0.026583,0.087525,0.006672,0.04073,0.0001,,,,,gru
203167,216,0.003161,0.002451,1.725316,0.004358,0.025064,0.079129,0.010845,0.043361,0.0001,,,,,gru
203167,216,-0.030717,0.002061,1.725335,0.004358,0.028386,0.131279,0.013676,0.11269,0.0001,,,,,gru
203167,216,0.026546,0.001906,1.725358,0.004358,0.032959,0.128069,0.01196,0.091361,0.0001,,,,,gru
203167,216,-0.086194,0.002322,1.725388,0.004358,0.028943,0.117303,0.013103,0.110938,0.0001,,,,,gru
203167,216,0.016778,0.002514,1.725428,0.004358,0.025042,0.086691,0.005796,0.070397,0.0001,,,,,gru
203167,216,0.097193,0.001151,1.725456,0.004358,0.023267,0.12202,0.005868,0.061416,0.0001,,,,,gru
208365,220,-0.146768,0.001667,1.72548,0.004346,0.022305,0.131518,0.003028,0.114529,0.0001,,,,,gru
208365,220,0.10388,0.002177,1.725502,0.004346,0.031259,0.150664,0.014439,0.103303,0.0001,,,,,gru
208365,220,0.012,0.003287,1.725518,0.004346,0.02394,0.155897,0.012374,0.118785,0.0001,,,,,gru
208365,220,-0.004347,0.002401,1.72555,0.004346,0.030498,0.061268,0.013589,0.051811,0.0001,,,,,gru
208365,220,0.061807,0.002662,1.725587,0.004346,0.026348,0.089824,0.01298,0.063633,0.0001,,,,,gru
208365,220,-0.164447,0.001242,1.725616,0.004346,0.022529,0.265192,0.002611,0.185258,0.0001,,,,,gru
208365,220,0.005394,0.002341,1.725649,0.004346,0.03099,0.208816,0.004872,0.161335,0.0001,,,,,gru
208365,220,-0.0699,0.001865,1.725682,0.004346,0.02441,0.046992,0.004673,0.026638,0.0001,,,,,gru
208365,220,0.055958,0.002432,1.725712,0.004346,0.025522,0.056917,0.006178,0.034067,0.0001,,,,,gru
208365,220,-0.012006,0.002415,1.72574,0.004346,0.032085,0.221731,0.010205,0.180747,0.0001,,,,,gru
208365,220,-0.053664,0.001758,1.725778,0.004346,0.025879,0.077133,0.012195,0.042787,0.0001,,,,,gru
208365,220,0.059374,0.002471,1.725809,0.004346,0.028919,0.069628,0.003974,0.04745,0.0001,,,,,gru
212115,224,0.001225,0.003168,1.725837,0.004334,0.024191,0.092015,0.003833,0.042614,0.0001,,,,,gru
212115,224,0.018217,0.001324,1.72586,0.004334,0.021242,0.048576,0.003563,0.023224,0.0001,,,,,gru
212115,224,-0.088553,0.003252,1.725884,0.004334,0.025301,0.048221,0.00483,0.027328,0.0001,,,,,gru
212115,224,0.122348,0.001224,1.725913,0.004334,0.019482,0.06018,0.009393,0.042769,0.0001,,,,,gru
212115,224,0.095169,0.002156,1.725931,0.004334,0.020589,0.059265,0.009876,0.038855,0.0001,,,,,gru
212115,224,-0.092106,0.002482,1.725946,0.004334,0.024912,0.081608,0.003971,0.03817,0.0001,,,,,gru
212115,224,0.012431,0.002625,1.725961,0.004334,0.023334,0.077744,0.007562,0.057814,0.0001,,,,,gru
212115,224,0.006181,0.001903,1.725978,0.004334,0.021852,0.120101,0.007059,0.095123,0.0001,,,,,gru
216158,228,-0.050204,0.001228,1.725987,0.004322,0.023847,0.190335,0.005282,0.107711,0.0001,,,,,gru
216158,228,0.059441,0.003538,1.725999,0.004322,0.025976,0.208318,0.006224,0.139881,0.0001,,,,,gru
216158,228,0.073517,0.003033,1.726001,0.004322,0.027322,0.199976,0.001941,0.107495,0.0001,,,,,gru
216158,228,-0.062601,0.001737,1.726001,0.004322,0.028216,0.121131,0.012864,0.068371,0.0001,,,,,gru
216158,228,0.036662,0.002976,1.726004,0.004322,0.036261,0.105823,0.019059,0.066806,0.0001,,,,,gru
216158,228,-0.027117,0.002259,1.726002,0.004322,0.035366,0.250803,0.026353,0.148826,0.0001,,,,,gru
216158,228,0.021148,0.002398,1.725995,0.004322,0.036259,0.273018,0.024411,0.169014,0.0001,,,,,gru
216158,228,-0.012556,0.002721,1.725981,0.004322,0.03232,0.201557,0.01785,0.167608,0.0001,,,,,gru
221641,232,-0.020889,0.002581,1.72597,0.00431,0.029101,0.201659,0.009342,0.175161,0.0001,,,,,gru
221641,232,-0.045611,0.002377,1.725946,0.00431,0.02973,0.099208,0.020363,0.063323,0.0001,,,,,gru
221641,232,0.067399,0.002722,1.725913,0.00431,0.038376,0.154622,0.031936,0.093578,0.0001,,,,,gru
221641,232,-0.02114,0.003908,1.725912,0.00431,0.03958,0.141721,0.031502,0.158541,0.0001,,,,,gru
221641,232,-0.015168,0.001884,1.725906,0.00431,0.035953,0.229371,0.031271,0.227183,0.0001,,,,,gru
221641,232,0.028487,0.00233,1.7259,0.00431,0.03182,0.073072,0.019322,0.070947,0.0001,,,,,gru
221641,232,-0.035301,0.001964,1.725894,0.00431,0.025066,0.092334,0.00613,0.051169,0.0001,,,,,gru
221641,232,0.009639,0.001813,1.725887,0.00431,0.027884,0.152876,0.004008,0.140452,0.0001,,,,,gru
221641,232,0.016542,0.002425,1.725897,0.00431,0.034561,0.108922,0.011535,0.074333,0.0001,,,,,gru
221641,232,0.009789,0.002084,1.72589,0.00431,0.039231,0.075959,0.019582,0.052604,0.0001,,,,,gru
221641,232,-0.035236,0.002261,1.725898,0.00431,0.036523,0.074535,0.024004,0.040048,0.0001,,,,,gru
221641,232,0.017121,0.002473,1.725887,0.00431,0.035789,0.113262,0.025229,0.117571,0.0001,,,,,gru
225201,236,0.022199,0.002408,1.725889,0.004298,0.026635,0.071078,0.013389,0.043043,0.0001,,,,,gru
225201,236,-0.055616,0.002642,1.725886,0.004298,0.026259,0.090879,0.013431,0.052993,0.0001,,,,,gru
225201,236,-0.056368,0.003036,1.725892,0.004298,0.024462,0.045541,0.008365,0.020052,0.0001,,,,,gru
225201,236,0.046757,0.001629,1.725904,0.004298,0.022597,0.109008,0.00122,0.061217,0.0001,,,,,gru
225201,236,-0.03107,0.001832,1.725908,0.004298,0.021387,0.053859,0.001964,0.034625,0.0001,,,,,gru
225201,236,0.016318,0.003208,1.725912,0.004298,0.026129,0.054742,0.005954,0.042158,0.0001,,,,,gru
225201,236,0.024602,0.002899,1.725911,0.004298,0.025395,0.068109,0.007104,0.022489,0.0001,,,,,gru
225201,236,-0.057592,0.001812,1.725895,0.004298,0.02182,0.25417,0.005001,0.172143,0.0001,,,,,gru
227909,240,0.000947,0.004503,1.725882,0.004286,0.028223,0.08271,0.01668,0.058676,0.0001,,,,,gru
227909,240,0.096732,0.002994,1.725874,0.004286,0.023965,0.118403,0.004959,0.056903,0.0001,,,,,gru
227909,240,-0.055286,0.00485,1.725839,0.004286,0.027339,0.094257,0.011432,0.055748,0.0001,,,,,gru
227909,240,0.257849,0.001718,1.725802,0.004286,0.020784,0.073334,0.014591,0.039837,0.0001,,,,,gru
227909,240,-0.022693,0.004382,1.725765,0.004286,0.029531,0.092073,0.003228,0.049151,0.0001,,,,,gru
227909,240,0.166744,0.002984,1.725729,0.004286,0.023002,0.062926,0.0191,0.03639,0.0001,,,,,gru
227909,240,0.048822,0.004563,1.725687,0.004286,0.031944,0.069675,0.013984,0.035069,0.0001,,,,,gru
227909,240,-0.03509,0.002769,1.725639,0.004286,0.033315,0.123473,0.01426,0.091659,0.0001,,,,,gru
233144,244,0.043533,0.002184,1.725617,0.004274,0.025132,0.161945,0.011246,0.130754,0.0001,,,,,gru
233144,244,-0.083143,0.001488,1.725612,0.004274,0.023136,0.049379,0.011068,0.034315,0.0001,,,,,gru
233144,244,0.038197,0.00318,1.725602,0.004274,0.026154,0.062953,0.018366,0.044027,0.0001,,,,,gru
233144,244,-0.009538,0.002332,1.725602,0.004274,0.026912,0.069539,0.01733,0.072238,0.0001,,,,,gru
233144,244,-0.024769,0.002016,1.725607,0.004274,0.024086,0.173821,0.013039,0.171296,0.0001,,,,,gru
233144,244,0.030226,0.002271,1.725624,0.004274,0.023704,0.105716,0.008028,0.045125,0.0001,,,,,gru
233144,244,0.062038,0.002553,1.725624,0.004274,0.027197,0.093991,0.004336,0.081197,0.0001,,,,,gru
233144,244,-0.121074,0.001123,1.725611,0.004274,0.024717,0.068582,0.014252,0.039758,0.0001,,,,,gru
233144,244,0.07994,0.003022,1.725614,0.004274,0.032529,0.090009,0.012401,0.041951,0.0001,,,,,gru
233144,244,-0.003016,0.002032,1.725633,0.004274,0.034225,0.067657,0.022397,0.045056,0.0001,,,,,gru
233144,244,-0.125958,0.002777,1.725664,0.004274,0.038985,0.080305,0.028645,0.054705,0.0001,,,,,gru
233144,244,0.19854,0.002337,1.725703,0.004274,0.036215,0.134067,0.018112,0.074684,0.0001,,,,,gru
237328,248,0.020446,0.001662,1.725723,0.004262,0.0214,0.12494,0.006327,0.084288,0.0001,,,,,gru
237328,248,0.013312,0.003982,1.725749,0.004262,0.026706,0.140925,0.006027,0.078937,0.0001,,,,,gru
237328,248,-0.294191,0.000706,1.725771,0.004262,0.021083,0.081786,0.013722,0.053008,0.0001,,,,,gru
237328,248,0.019383,0.002573,1.725785,0.004262,0.024602,0.198902,0.003476,0.16139,0.0001,,,,,gru
237328,248,0.017914,0.002749,1.725788,0.004262,0.022124,0.109731,0.004496,0.069911,0.0001,,,,,gru
237328,248,-0.331852,0.005692,1.725789,0.004262,0.049099,0.689594,0.025041,0.688287,0.0001,,,,,gru
237328,248,-0.001988,0.001582,1.725818,0.004262,0.022302,0.170555,0.00824,0.105904,0.0001,,,,,gru
237328,248,0.023224,0.004212,1.72585,0.004262,0.029315,0.126826,0.01223,0.120783,0.0001,,,,,gru
237328,248,-0.058626,0.000433,1.725869,0.004262,0.016488,0.154982,0.008398,0.087044,0.0001,,,,,gru
237328,248,-0.00443,0.003096,1.725924,0.004262,0.027563,0.127213,0.013554,0.063199,0.0001,,,,,gru
237328,248,0.048237,0.002589,1.725978,0.004262,0.025788,0.086179,0.015674,0.060155,0.0001,,,,,gru
237328,248,-0.404866,0.00361,1.726028,0.004262,0.035614,0.438813,0.01873,0.265663,0.0001,,,,,gru
239966,252,0.043783,0.003692,1.726151,0.00425,0.022612,0.106769,0.002251,0.075197,0.0001,,,,,gru
239966,252,-0.032262,0.003699,1.726271,0.00425,0.026034,0.103963,0.007299,0.097094,0.0001,,,,,gru
239966,252,0.02306,0.004667,1.72639,0.00425,0.025736,0.116516,0.003648,0.102738,0.0001,,,,,gru
239966,252,0.035707,0.000728,1.726505,0.00425,0.01915,0.123811,0.006922,0.104393,0.0001,,,,,gru
239966,252,0.018208,0.004668,1.726618,0.00425,0.026925,0.118014,0.004735,0.107927,0.0001,,,,,gru
239966,252,0.051102,0.000919,1.726728,0.00425,0.021552,0.128752,0.002751,0.100292,0.0001,,,,,gru
239966,252,0.004599,0.004755,1.72684,0.00425,0.029863,0.124185,0.005115,0.101624,0.0001,,,,,gru
239966,252,0.094649,0.000799,1.726955,0.00425,0.022674,0.029924,0.013884,0.026204,0.0001,,,,,gru
244152,256,0.010255,0.005435,1.727062,0.004238,0.035669,0.107412,0.009751,0.088058,0.0001,,,,,gru
244152,256,-0.023305,0.002212,1.727147,0.004238,0.030903,0.124315,0.01259,0.08196,0.0001,,,,,gru
244152,256,0.063992,0.001372,1.727227,0.004238,0.032986,0.148861,0.013207,0.136088,0.0001,,,,,gru
244152,256,-0.032117,0.003781,1.727276,0.004238,0.038424,0.081541,0.019401,0.063356,0.0001,,,,,gru
244152,256,0.028259,0.003805,1.727319,0.004238,0.034321,0.11221,0.013501,0.068679,0.0001,,,,,gru
244152,256,-0.076138,0.007087,1.72735,0.004238,0.022594,0.126188,0.011551,0.080053,0.0001,,,,,gru
244152,256,-0.02042,0.004613,1.727388,0.004238,0.037541,0.089793,0.012861,0.052304,0.0001,,,,,gru
244152,256,-0.001728,0.002509,1.727416,0.004238,0.024349,0.063177,0.008884,0.035887,0.0001,,,,,gru
244152,256,0.311577,0.013775,1.727437,0.004238,0.052643,0.827847,0.038991,0.859493,0.0001,,,,,gru
244152,256,0.008151,0.003584,1.727394,0.004238,0.030291,0.146608,0.010668,0.092947,0.0001,,,,,gru
244152,256,-0.021103,0.003848,1.72735,0.004238,0.031155,0.163613,0.01001,0.14117,0.0001,,,,,gru
244152,256,0.110921,0.001262,1.727301,0.004238,0.026171,0.277257,0.014985,0.166423,0.0001,,,,,gru
249142,260,-0.028048,0.002581,1.727239,0.004226,0.022116,0.07115,0.002771,0.020651,0.0001,,,,,gru
249142,260,-0.053635,0.002212,1.727166,0.004226,0.02583,0.105487,0.001983,0.070466,0.0001,,,,,gru
249142,260,0.057882,0.001918,1.727096,0.004226,0.021664,0.123998,0.004569,0.072518,0.0001,,,,,gru
249142,260,-0.084437,0.000975,1.727022,0.004226,0.021208,0.133261,0.002791,0.116617,0.0001,,,,,gru
249142,260,0.028268,0.002488,1.726946,0.004226,0.025281,0.151252,0.006168,0.127245,0.0001,,,,,gru
249142,260,0.003457,0.004949,1.726866,0.004226,0.029475,0.199355,0.002691,0.099888,0.0001,,,,,gru
249142,260,-0.024686,0.001649,1.726771,0.004226,0.02468,0.090569,0.009049,0.042769,0.0001,,,,,gru
249142,260,-0.035631,0.003199,1.72667,0.004226,0.03017,0.056293,0.011419,0.058975,0.0001,,,,,gru
249142,260,0.013227,0.002614,1.726573,0.004226,0.026382,0.182029,0.013883,0.098497,0.0001,,,,,gru
249142,260,0.022518,0.002417,1.726479,0.004226,0.031538,0.085286,0.016686,0.078281,0.0001,,,,,gru
249142,260,-0.008222,0.002811,1.726394,0.004226,0.028849,0.081179,0.01613,0.059181,0.0001,,,,,gru
249142,260,-0.150511,0.002676,1.7263,0.004226,0.029946,0.127076,0.0182,0.064753,0.0001,,,,,gru
254268,264,-0.070628,0.001948,1.726237,0.004214,0.025433,0.079665,0.001386,0.053122,0.0001,,,,,gru
254268,264,0.064573,0.002485,1.726195,0.004214,0.027308,0.077463,0.01181,0.044428,0.0001,,,,,gru
254268,264,-0.057279,0.001002,1.726152,0.004214,0.021622,0.092115,0.009329,0.040921,0.0001,,,,,gru
254268,264,0.041284,0.002439,1.726107,0.004214,0.028121,0.125462,0.017003,0.063674,0.0001,,,,,gru
254268,264,0.011305,0.001641,1.726066,0.004214,0.02713,0.088297,0.020162,0.080903,0.0001,,,,,gru
254268,264,-0.172092,0.002177,1.726035,0.004214,0.028339,0.093152,0.016583,0.072148,0.0001,,,,,gru
254268,264,-0.040215,0.002511,1.726004,0.004214,0.027964,0.08722,0.019586,0.04596,0.0001,,,,,gru
254268,264,0.06265,0.001724,1.725981,0.004214,0.030436,0.085238,0.021863,0.058219,0.0001,,,,,gru
254268,264,-0.111092,0.001853,1.725948,0.004214,0.025043,0.068066,0.013067,0.040919,0.0001,,,,,gru
254268,264,-0.028976,0.002388,1.725908,0.004214,0.024137,0.068123,0.011488,0.037681,0.0001,,,,,gru
254268,264,0.06684,0.001143,1.725861,0.004214,0.02413,0.082042,0.009326,0.051689,0.0001,,,,,gru
254268,264,-0.141988,0.002226,1.725813,0.004214,0.023569,0.126139,0.004148,0.098911,0.0001,,,,,gru
259561,268,-0.043102,0.002897,1.725776,0.004202,0.025699,0.037824,0.002842,0.028154,0.0001,,,,,gru
259561,268,-0.03177,0.001523,1.725747,0.004202,0.022008,0.087288,0.005567,0.042768,0.0001,,,,,gru
259561,268,0.109959,0.001481,1.725741,0.004202,0.022525,0.124253,0.006522,0.061576,0.0001,,,,,gru
259561,268,-0.014829,0.002134,1.725764,0.004202,0.026738,0.062027,0.011743,0.036616,0.0001,,,,,gru
259561,268,0.075501,0.002452,1.725788,0.004202,0.02643,0.106192,0.010585,0.108436,0.0001,,,,,gru
259561,268,-0.110746,0.001493,1.725824,0.004202,0.027934,0.237163,0.01483,0.162692,0.0001,,,,,gru
259561,268,-0.032822,0.002591,1.725881,0.004202,0.024286,0.106858,0.007935,0.062178,0.0001,,,,,gru
259561,268,0.038527,0.001513,1.725967,0.004202,0.021316,0.059959,0.001893,0.033722,0.0001,,,,,gru
259561,268,-0.021597,0.00208,1.726057,0.004202,0.025591,0.153231,0.003507,0.110789,0.0001,,,,,gru
259561,268,-0.019165,0.002294,1.726122,0.004202,0.018694,0.075628,0.005753,0.051621,0.0001,,,,,gru
259561,268,-0.074408,0.002572,1.726185,0.004202,0.026427,0.145788,0.005805,0.122601,0.0001,,,,,gru
259561,268,0.142866,0.001075,1.726261,0.004202,0.023801,0.06318,0.009697,0.040962,0.0001,,,,,gru
263466,272,0.004169,0.002098,1.72633,0.00419,0.023937,0.136047,0.003828,0.06559,0.0001,,,,,gru
263466,272,-0.014679,0.002782,1.726368,0.00419,0.022409,0.163886,0.008028,0.097402,0.0001,,,,,gru
263466,272,0.051885,0.002605,1.726407,0.00419,0.022815,0.179166,0.008896,0.102092,0.0001,,,,,gru
263466,272,-0.064806,0.00243,1.726427,0.00419,0.028527,0.105914,0.014944,0.058434,0.0001,,,,,gru
263466,272,-0.059776,0.003339,1.726439,0.00419,0.030308,0.094692,0.017642,0.056936,0.0001,,,,,gru
263466,272,0.057994,0.001864,1.726437,0.00419,0.025312,0.039111,0.012435,0.03055,0.0001,,,,,gru
263466,272,0.016647,0.002409,1.726426,0.00419,0.027393,0.278017,0.01386,0.165907,0.0001,,,,,gru
263466,272,-0.025867,0.002943,1.726395,0.00419,0.027566,0.303289,0.013082,0.164108,0.0001,,,,,gru
265873,276,-0.023919,0.00347,1.726372,0.004178,0.024106,0.138872,0.009723,0.107716,0.0001,,,,,gru
265873,276,0.120848,0.001568,1.726358,0.004178,0.022189,0.257502,0.00446,0.144014,0.0001,,,,,gru
265873,276,0.035075,0.003605,1.726315,0.004178,0.026703,0.150153,0.010328,0.103217,0.0001,,,,,gru
265873,276,-0.179267,0.001125,1.726277,0.004178,0.025049,0.191602,0.014765,0.116734,0.0001,,,,,gru
265873,276,0.0471,0.003629,1.726244,0.004178,0.038018,0.077637,0.030261,0.07812,0.0001,,,,,gru
265873,276,-0.242728,0.003793,1.72621,0.004178,0.037322,0.216582,0.021224,0.149162,0.0001,,,,,gru
265873,276,0.016361,0.004287,1.726191,0.004178,0.041741,0.222338,0.032336,0.202124,0.0001,,,,,gru
265873,276,-0.079978,0.001043,1.726165,0.004178,0.029657,0.136099,0.023561,0.120572,0.0001,,,,,gru
270896,280,0.038549,0.001962,1.726164,0.004166,0.02026,0.086519,0.004122,0.048066,0.0001,,,,,gru
270896,280,-0.014999,0.000949,1.72615,0.004166,0.02038,0.119735,0.006115,0.07644,0.0001,,,,,gru
270896,280,-0.171011,0.003333,1.726136,0.004166,0.027287,0.140452,0.018649,0.095848,0.0001,,,,,gru
270896,280,-0.087515,0.001766,1.726126,0.004166,0.02826,0.100082,0.021133,0.082568,0.0001,,,,,gru
270896,280,0.013741,0.002407,1.72611,0.004166,0.028336,0.120578,0.017093,0.101382,0.0001,,,,,gru
270896,280,0.045779,0.001416,1.726093,0.004166,0.028315,0.143191,0.016574,0.102593,0.0001,,,,,gru
270896,280,-0.047804,0.001048,1.726064,0.004166,0.023759,0.083993,0.015431,0.050719,0.0001,,,,,gru
270896,280,-0.037208,0.002767,1.726032,0.004166,0.02388,0.098685,0.011629,0.06754,0.0001,,,,,gru
270896,280,0.076686,0.001321,1.725981,0.004166,0.024059,0.222587,0.003223,0.122466,0.0001,,,,,gru
270896,280,-0.001492,0.001613,1.725926,0.004166,0.020497,0.265368,0.001601,0.179368,0.0001,,,,,gru
270896,280,-0.021284,0.00163,1.725864,0.004166,0.018192,0.109403,0.003378,0.071494,0.0001,,,,,gru
270896,280,-0.057949,0.001914,1.725796,0.004166,0.02183,0.118765,0.006607,0.075635,0.0001,,,,,gru
274507,284,0.0255,0.003319,1.72573,0.004154,0.025725,0.083226,0.006136,0.042803,0.0001,,,,,gru
274507,284,-0.027798,0.00194,1.725681,0.004154,0.019745,0.100747,0.00652,0.056306,0.0001,,,,,gru
274507,284,-0.006215,0.002542,1.725654,0.004154,0.022171,0.065918,0.008328,0.031824,0.0001,,,,,gru
274507,284,0.013314,0.003042,1.725633,0.004154,0.027487,0.117502,0.01115,0.077481,0.0001,,,,,gru
274507,284,-0.020839,0.002495,1.725637,0.004154,0.023187,0.172906,0.008879,0.129698,0.0001,,,,,gru
274507,284,0.031961,0.003097,1.725643,0.004154,0.027393,0.132038,0.011519,0.0736,0.0001,,,,,gru
274507,284,-0.042852,0.00233,1.725666,0.004154,0.025015,0.061291,0.007696,0.054104,0.0001,,,,,gru
274507,284,0.062452,0.003155,1.725688,0.004154,0.022332,0.103382,0.010117,0.046492,0.0001,,,,,gru
279555,288,0.04929,0.002087,1.725733,0.004142,0.02001,0.100962,0.007808,0.064272,0.0001,,,,,gru
279555,288,0.075381,0.001421,1.725761,0.004142,0.019524,0.064503,0.004919,0.036754,0.0001,,,,,gru
279555,288,-0.295241,0.001675,1.725775,0.004142,0.023321,0.107054,0.008913,0.088265,0.0001,,,,,gru
279555,288,-0.085095,0.00235,1.725776,0.004142,0.018513,0.120218,0.004993,0.075781,0.0001,,,,,gru
279555,288,0.099363,0.001025,1.725778,0.004142,0.020731,0.227471,0.002625,0.177599,0.0001,,,,,gru
279555,288,-0.070593,0.001807,1.725761,0.004142,0.021623,0.183881,0.009002,0.164576,0.0001,,,,,gru
279555,288,-0.000498,0.002349,1.725736,0.004142,0.021655,0.071276,0.009847,0.036837,0.0001,,,,,gru
279555,288,-0.013507,0.001676,1.725695,0.004142,0.024883,0.082109,0.012482,0.058198,0.0001,,,,,gru
279555,288,-0.003401,0.000878,1.725647,0.004142,0.021977,0.046885,0.011701,0.030543,0.0001,,,,,gru
279555,288,-0.005058,0.001257,1.725602,0.004142,0.022737,0.067139,0.010378,0.061553,0.0001,,,,,gru
279555,288,-0.05903,0.002219,1.725554,0.004142,0.021444,0.067908,0.012026,0.054945,0.0001,,,,,gru
279555,288,0.100589,0.001992,1.725495,0.004142,0.02432,0.217818,0.006111,0.140964,0.0001,,,,,gru
282951,292,-0.015781,0.003362,1.725401,0.00413,0.023549,0.08727,0.005488,0.059713,0.0001,,,,,gru
282951,292,0.059425,0.003662,1.725306,0.00413,0.024577,0.161847,0.006128,0.104239,0.0001,,,,,gru
282951,292,0.020482,0.003614,1.725216,0.00413,0.032,0.158362,0.009625,0.088318,0.0001,,,,,gru
282951,292,0.006066,0.003392,1.725129,0.00413,0.027338,0.121023,0.015328,0.1042,0.0001,,,,,gru
282951,292,0.000629,0.003742,1.725051,0.00413,0.034223,0.200067,0.018413,0.153082,0.0001,,,,,gru
282951,292,0.035617,0.003363,1.724982,0.00413,0.036321,0.128626,0.019081,0.111471,0.0001,,,,,gru
282951,292,0.023315,0.00246,1.724917,0.00413,0.027099,0.023144,0.01754,0.036254,0.0001,,,,,gru
282951,292,0.004323,0.004914,1.72486,0.00413,0.035934,0.131793,0.008435,0.033655,0.0001,,,,,gru
287798,296,-0.017766,0.000971,1.724807,0.004118,0.018158,0.103157,0.004885,0.059003,0.0001,,,,,gru
287798,296,0.003761,0.002317,1.724751,0.004118,0.022527,0.169376,0.001793,0.097794,0.0001,,,,,gru
287798,296,-0.002602,0.002295,1.724695,0.004118,0.020728,0.118039,0.001905,0.094732,0.0001,,,,,gru
287798,296,-0.060645,0.001718,1.724647,0.004118,0.019852,0.196107,0.005632,0.174755,0.0001,,,,,gru
287798,296,-0.029094,0.00111,1.724607,0.004118,0.020069,0.196864,0.003932,0.134127,0.0001,,,,,gru
287798,296,0.203282,0.003561,1.724571,0.004118,0.024349,0.341496,0.004868,0.212637,0.0001,,,,,gru
287798,296,0.001414,0.002295,1.724515,0.004118,0.02303,0.138996,0.001607,0.075326,0.0001,,,,,gru
287798,296,-0.055368,0.001378,1.724458,0.004118,0.019906,0.121867,0.003644,0.101667,0.0001,,,,,gru
287798,296,0.105209,0.001182,1.724398,0.004118,0.017274,0.113392,0.000803,0.09485,0.0001,,,,,gru
287798,296,0.119423,0.001262,1.724333,0.004118,0.020892,0.160879,0.003001,0.129908,0.0001,,,,,gru
287798,296,-0.07052,0.001557,1.724246,0.004118,0.021178,0.166255,0.009087,0.121256,0.0001,,,,,gru
287798,296,-0.173474,0.003713,1.724169,0.004118,0.027938,0.229947,0.013281,0.127015,0.0001,,,,,gru
292967,300,-0.044947,0.002151,1.724132,0.004106,0.022812,0.141786,0.004645,0.120853,0.0001,,,,,gru
292967,300,0.02015,0.001175,1.724109,0.004106,0.018528,0.061586,0.003886,0.037761,0.0001,,,,,gru
292967,300,0.033786,0.0016,1.724077,0.004106,0.020265,0.073108,0.007373,0.045931,0.0001,,,,,gru
292967,300,-0.021836,0.001365,1.72405,0.004106,0.018609,0.178279,0.006071,0.144849,0.0001,,,,,gru
292967,300,-0.012097,0.001857,1.724024,0.004106,0.021513,0.079691,0.006113,0.061185,0.0001,,,,,gru
292967,300,0.049652,0.001667,1.724005,0.004106,0.02204,0.145267,0.010057,0.069583,0.0001,,,,,gru
292967,300,0.038578,0.001893,1.72398,0.004106,0.025088,0.09561,0.011225,0.051254,0.0001,,,,,gru
292967,300,-0.020311,0.001423,1.723957,0.004106,0.017838,0.075807,0.007565,0.035204,0.0001,,,,,gru
292967,300,-0.042195,0.001748,1.723931,0.004106,0.022443,0.119146,0.007813,0.101116,0.0001,,,,,gru
292967,300,0.031537,0.001637,1.723921,0.004106,0.021426,0.25264,0.007238,0.205996,0.0001,,,,,gru
292967,300,-0.030725,0.001356,1.723901,0.004106,0.021459,0.202248,0.003264,0.184638,0.0001,,,,,gru
292967,300,-0.011563,0.002378,1.723884,0.004106,0.02319,0.148258,0.005997,0.071629,0.0001,,,,,gru
298105,304,0.030629,0.001881,1.723886,0.004094,0.023171,0.115091,0.005159,0.066985,0.0001,,,,,gru
298105,304,-0.026458,0.00235,1.723875,0.004094,0.025004,0.150986,0.014783,0.110347,0.0001,,,,,gru
298105,304,-0.079124,0.002075,1.723862,0.004094,0.033608,0.106318,0.025942,0.100013,0.0001,,,,,gru
298105,304,-0.044692,0.002248,1.723843,0.004094,0.034936,0.141301,0.027886,0.145,0.0001,,,,,gru
298105,304,-0.043794,0.002326,1.723816,0.004094,0.033902,0.132112,0.026401,0.140463,0.0001,,,,,gru
298105,304,0.10093,0.002835,1.723789,0.004094,0.03077,0.070706,0.014767,0.045528,0.0001,,,,,gru
298105,304,-0.045263,0.002862,1.723751,0.004094,0.025883,0.12656,0.012588,0.068506,0.0001,,,,,gru
298105,304,0.000249,0.001104,1.723704,0.004094,0.021334,0.119647,0.004067,0.083361,0.0001,,,,,gru
298105,304,0.016347,0.00213,1.723655,0.004094,0.020747,0.166357,0.006141,0.129385,0.0001,,,,,gru
298105,304,-0.044151,0.001346,1.723601,0.004094,0.025105,0.113755,0.010236,0.085682,0.0001,,,,,gru
298105,304,-0.045998,0.002873,1.723543,0.004094,0.02543,0.05775,0.014825,0.026886,0.0001,,,,,gru
298105,304,0.104516,0.001831,1.723476,0.004094,0.027196,0.192227,0.021579,0.171197,0.0001,,,,,gru
303258,308,0.067551,0.002754,1.723403,0.004082,0.024596,0.065505,0.005267,0.061105,0.0001,,,,,gru
303258,308,-0.136835,0.002878,1.723338,0.004082,0.026492,0.124694,0.002731,0.10393,0.0001,,,,,gru
303258,308,0.050817,0.00103,1.723291,0.004082,0.022051,0.183625,0.009301,0.138428,0.0001,,,,,gru
303258,308,-0.075073,0.003149,1.723249,0.004082,0.025253,0.172747,0.008027,0.100961,0.0001,,,,,gru
303258,308,0.053177,0.002294,1.723216,0.004082,0.029427,0.123905,0.018046,0.119518,0.0001,,,,,gru
303258,308,-0.03811,0.001744,1.723184,0.004082,0.032979,0.406875,0.014083,0.377376,0.0001,,,,,gru
303258,308,0.05092,0.00243,1.723171,0.004082,0.026745,0.060197,0.012465,0.042526,0.0001,,,,,gru
303258,308,-0.10932,0.002005,1.723162,0.004082,0.024463,0.073993,0.002427,0.058757,0.0001,,,,,gru
303258,308,0.036824,0.003133,1.723153,0.004082,0.025708,0.17594,0.002109,0.106344,0.0001,,,,,gru
303258,308,-0.075934,0.002539,1.723185,0.004082,0.023448,0.151825,0.006781,0.120669,0.0001,,,,,gru
303258,308,-0.02696,0.002172,1.723213,0.004082,0.025245,0.140274,0.005873,0.077285,0.0001,,,,,gru
303258,308,0.11918,0.002478,1.723254,0.004082,0.028934,0.324901,0.001759,0.240123,0.0001,,,,,gru
308359,312,-0.027001,0.002285,1.723287,0.00407,0.019998,0.09432,0.002708,0.05749,0.0001,,,,,gru
308359,312,0.071306,0.001209,1.723323,0.00407,0.019855,0.153959,0.004703,0.088137,0.0001,,,,,gru
308359,312,-0.145807,0.0012,1.723342,0.00407,0.020105,0.113096,0.00466,0.09512,0.0001,,,,,gru
308359,312,0.002764,0.001527,1.723361,0.00407,0.020366,0.324663,0.004547,0.295659,0.0001,,,,,gru
308359,312,-0.106921,0.001752,1.723371,0.00407,0.021312,0.387461,0.010033,0.325863,0.0001,,,,,gru
308359,312,0.144089,0.00165,1.723387,0.00407,0.021094,0.236193,0.009836,0.162242,0.0001,,,,,gru
308359,312,0.01125,0.001727,1.723401,0.00407,0.026043,0.08275,0.015514,0.043875,0.0001,,,,,gru
308359,312,-0.087494,0.001964,1.723405,0.00407,0.027428,0.14789,0.021209,0.092677,0.0001,,,,,gru
308359,312,0.09817,0.001847,1.723406,0.00407,0.026034,0.224727,0.016768,0.204091,0.0001,,,,,gru
308359,312,0.045629,0.002929,1.723386,0.00407,0.026146,0.263235,0.01527,0.208162,0.0001,,,,,gru
308359,312,-0.091635,0.001027,1.723359,0.00407,0.0218,0.075726,0.013545,0.063292,0.0001,,,,,gru
308359,312,0.041307,0.000733,1.723329,0.00407,0.018464,0.155921,0.003758,0.093403,0.0001,,,,,gru
313387,316,-0.14767,0.002248,1.723292,0.004058,0.022981,0.141388,0.00403,0.095083,0.0001,,,,,gru
313387,316,0.079254,0.001254,1.723239,0.004058,0.020329,0.065493,0.012116,0.037418,0.0001,,,,,gru
313387,316,0.056784,0.001914,1.723188,0.004058,0.026321,0.239666,0.01943,0.172555,0.0001,,,,,gru
313387,316,0.130709,0.001696,1.723126,0.004058,0.031918,0.202689,0.024904,0.165761,0.0001,,,,,gru
313387,316,-0.13612,0.00247,1.723053,0.004058,0.028399,0.13,0.016143,0.104985,0.0001,,,,,gru
313387,316,-0.077179,0.001401,1.722987,0.004058,0.02947,0.062603,0.014629,0.060774,0.0001,,,,,gru
313387,316,-0.118284,0.001755,1.722922,0.004058,0.024529,0.098008,0.009778,0.062134,0.0001,,,,,gru
313387,316,0.08667,0.002119,1.722844,0.004058,0.024611,0.177768,0.012181,0.111618,0.0001,,,,,gru
313387,316,-0.017664,0.001049,1.722767,0.004058,0.018948,0.246282,0.005338,0.18697,0.0001,,,,,gru
313387,316,0.019067,0.001998,1.722701,0.004058,0.019403,0.110428,0.003515,0.076974,0.0001,,,,,gru
313387,316,-0.088993,0.001379,1.722621,0.004058,0.019999,0.079928,0.004391,0.05363,0.0001,,,,,gru
313387,316,0.070259,0.001946,1.722552,0.004058,0.023327,0.11873,0.001064,0.097187,0.0001,,,,,gru
318489,320,0.056122,0.001088,1.722478,0.004046,0.017778,0.105738,0.00409,0.067069,0.0001,,,,,gru
318489,320,-0.097609,0.001934,1.722411,0.004046,0.018569,0.092481,0.002369,0.086856,0.0001,,,,,gru
318489,320,0.066958,0.001848,1.722364,0.004046,0.019433,0.152701,0.002998,0.112454,0.0001,,,,,gru
318489,320,0.059017,0.001096,1.722341,0.004046,0.017981,0.322286,0.001529,0.264091,0.0001,,,,,gru
318489,320,-0.016529,0.0021,1.722329,0.004046,0.021253,0.190128,0.00448,0.172243,0.0001,,,,,gru
318489,320,-0.104972,0.001589,1.722327,0.004046,0.019719,0.125439,0.01068,0.126841,0.0001,,,,,gru
318489,320,-0.025319,0.001348,1.722331,0.004046,0.022586,0.108591,0.013839,0.08194,0.0001,,,,,gru
318489,320,-0.004544,0.001468,1.722335,0.004046,0.027239,0.087006,0.016731,0.046335,0.0001,,,,,gru
318489,320,0.048846,0.003173,1.722359,0.004046,0.02698,0.199297,0.018814,0.172051,0.0001,,,,,gru
318489,320,0.016356,0.002333,1.722385,0.004046,0.026952,0.084827,0.017127,0.059194,0.0001,,,,,gru
318489,320,-0.043509,0.001565,1.722426,0.004046,0.023738,0.149545,0.014785,0.110263,0.0001,,,,,gru
318489,320,0.043358,0.000786,1.722469,0.004046,0.020115,0.094986,0.006612,0.095798,0.0001,,,,,gru
323847,324,-0.132718,0.003573,1.722508,0.004034,0.020498,0.09485,0.002784,0.080842,0.0001,,,,,gru
323847,324,0.071972,0.001508,1.722535,0.004034,0.027217,0.129657,0.015169,0.087356,0.0001,,,,,gru
323847,324,0.088802,0.001677,1.722577,0.004034,0.027079,0.244145,0.019063,0.142748,0.0001,,,,,gru
323847,324,0.097013,0.002695,1.722627,0.004034,0.029249,0.206519,0.021273,0.156349,0.0001,,,,,gru
323847,324,-0.109198,0.001718,1.72267,0.004034,0.026084,0.18195,0.013377,0.15835,0.0001,,,,,gru
323847,324,0.021988,0.003225,1.722733,0.004034,0.024084,0.07065,0.013333,0.04571,0.0001,,,,,gru
323847,324,-0.016236,0.001381,1.722781,0.004034,0.022631,0.054508,0.007147,0.024733,0.0001,,,,,gru
323847,324,-0.007966,0.003129,1.722833,0.004034,0.023382,0.088292,0.002511,0.082916,0.0001,,,,,gru
323847,324,0.040896,0.002173,1.722887,0.004034,0.027411,0.149406,0.001986,0.093371,0.0001,,,,,gru
323847,324,-0.053826,0.002422,1.72295,0.004034,0.029797,0.118883,0.006936,0.115903,0.0001,,,,,gru
323847,324,0.109849,0.00229,1.723018,0.004034,0.027572,0.087947,0.003355,0.044224,0.0001,,,,,gru
323847,324,-0.084996,0.001978,1.723095,0.004034,0.023829,0.110775,0.011799,0.082939,0.0001,,,,,gru
327920,328,-0.039528,0.005062,1.723166,0.004022,0.034708,0.321652,0.005546,0.162953,0.0001,,,,,gru
327920,328,0.032565,0.001826,1.723241,0.004022,0.024599,0.06953,0.004565,0.039617,0.0001,,,,,gru
327920,328,-0.009887,0.002907,1.723317,0.004022,0.02997,0.201237,0.002424,0.099202,0.0001,,,,,gru
327920,328,0.006785,0.003932,1.72339,0.004022,0.0289,0.112023,0.007238,0.061494,0.0001,,,,,gru
327920,328,-0.040969,0.002715,1.72346,0.004022,0.025647,0.044405,0.006045,0.037365,0.0001,,,,,gru
327920,328,0.038866,0.004119,1.723517,0.004022,0.03457,0.192393,0.012011,0.134328,0.0001,,,,,gru
327920,328,-0.005254,0.00476,1.72357,0.004022,0.03347,0.173766,0.011417,0.102791,0.0001,,,,,gru
327920,328,0.003038,0.002206,1.723618,0.004022,0.029797,0.100038,0.013094,0.076746,0.0001,,,,,gru
332087,332,-0.051692,0.002139,1.723669,0.00401,0.024036,0.127195,0.006896,0.108136,0.0001,,,,,gru
332087,332,0.033847,0.004204,1.723715,0.00401,0.029779,0.079436,0.005744,0.048036,0.0001,,,,,gru
332087,332,0.01477,0.000967,1.723755,0.00401,0.023734,0.245574,0.004809,0.188204,0.0001,,,,,gru
332087,332,-0.033634,0.002547,1.723829,0.00401,0.030588,0.086099,0.011129,0.065166,0.0001,,,,,gru
332087,332,0.008134,0.003302,1.723895,0.00401,0.03488,0.119911,0.016867,0.111617,0.0001,,,,,gru
332087,332,0.189966,0.010106,1.723959,0.00401,0.078497,1.262276,0.017195,0.783203,0.0001,,,,,gru
332087,332,0.068427,0.003497,1.723973,0.00401,0.040014,0.156922,0.020783,0.144128,0.0001,,,,,gru
332087,332,-0.071683,0.00311,1.723997,0.00401,0.037074,0.082259,0.020973,0.049753,0.0001,,,,,gru
332087,332,-0.199389,0.000917,1.72401,0.00401,0.035247,0.305265,0.022863,0.166814,0.0001,,,,,gru
332087,332,0.038407,0.003476,1.724046,0.00401,0.034858,0.174446,0.005685,0.105839,0.0001,,,,,gru
332087,332,-0.039867,0.002719,1.724075,0.00401,0.025532,0.132575,0.003832,0.110959,0.0001,,,,,gru
332087,332,-0.246328,0.00169,1.724104,0.00401,0.033346,0.222668,0.0065,0.196558,0.0001,,,,,gru
337357,336,-0.007506,0.001326,1.724134,0.003998,0.019853,0.109974,0.001155,0.101496,0.0001,,,,,gru
337357,336,-0.016421,0.002319,1.724159,0.003998,0.026364,0.118889,0.006948,0.068538,0.0001,,,,,gru
337357,336,0.021182,0.00382,1.724205,0.003998,0.029577,0.128965,0.015259,0.094305,0.0001,,,,,gru
337357,336,-0.044444,0.001943,1.724258,0.003998,0.027783,0.089764,0.016197,0.073805,0.0001,,,,,gru
337357,336,-0.0036,0.002335,1.724308,0.003998,0.032721,0.218778,0.020672,0.222455,0.0001,,,,,gru
337357,336,0.063471,0.003673,1.724367,0.003998,0.026741,0.200089,0.017092,0.186162,0.0001,,,,,gru
337357,336,0.057785,0.002939,1.724427,0.003998,0.029972,0.068081,0.013596,0.051794,0.0001,,,,,gru
337357,336,-0.071302,0.002405,1.724485,0.003998,0.019487,0.085918,0.00224,0.040199,0.0001,,,,,gru
337357,336,0.006963,0.000852,1.724563,0.003998,0.017797,0.095981,0.001387,0.062466,0.0001,,,,,gru
337357,336,-0.062675,0.003071,1.724637,0.003998,0.023979,0.13434,0.00813,0.112017,0.0001,,,,,gru
337357,336,0.015177,0.002051,1.724717,0.003998,0.025229,0.167103,0.007396,0.158557,0.0001,,,,,gru
337357,336,0.058887,0.00102,1.724802,0.003998,0.023017,0.19478,0.00646,0.149834,0.0001,,,,,gru
342631,340,-0.026213,0.001776,1.724892,0.003986,0.025542,0.095279,0.002357,0.054225,0.0001,,,,,gru
342631,340,-0.044181,0.00248,1.724967,0.003986,0.024851,0.051022,0.002164,0.031549,0.0001,,,,,gru
342631,340,0.096708,0.000779,1.725029,0.003986,0.02059,0.260023,0.003948,0.261399,0.0001,,,,,gru
342631,340,-0.016295,0.002026,1.72507,0.003986,0.024662,0.231071,0.00337,0.198687,0.0001,,,,,gru
342631,340,-0.036017,0.001846,1.725098,0.003986,0.028849,0.110821,0.007568,0.081264,0.0001,,,,,gru
342631,340,0.067508,0.001504,1.725102,0.003986,0.021524,0.069489,0.007957,0.059394,0.0001,,,,,gru
342631,340,0.010202,0.001215,1.725109,0.003986,0.027866,0.109734,0.014336,0.077049,0.0001,,,,,gru
342631,340,0.071716,0.001599,1.725108,0.003986,0.028841,0.106691,0.012925,0.08252,0.0001,,,,,gru
342631,340,-0.163788,0.003871,1.725094,0.003986,0.035267,0.064367,0.022001,0.065441,0.0001,,,,,gru
342631,340,0.010144,0.002248,1.725085,0.003986,0.031788,0.206763,0.016273,0.213878,0.0001,,,,,gru
342631,340,0.004614,0.001942,1.725063,0.003986,0.025449,0.062292,0.010729,0.05228,0.0001,,,,,gru
342631,340,-0.045372,0.001034,1.725038,0.003986,0.022215,0.073292,0.005772,0.062574,0.0001,,,,,gru
347859,344,0.038433,0.002066,1.725008,0.003974,0.020464,0.123005,0.000649,0.095491,0.0001,,,,,gru
347859,344,-0.002503,0.001642,1.72497,0.003974,0.02254,0.08673,0.003968,0.036713,0.0001,,,,,gru
347859,344,-0.083531,0.001596,1.724913,0.003974,0.02023,0.101329,0.00428,0.093156,0.0001,,,,,gru
347859,344,0.006238,0.001372,1.724856,0.003974,0.024731,0.166673,0.010801,0.14861,0.0001,,,,,gru
347859,344,-0.033697,0.001449,1.724788,0.003974,0.022383,0.05726,0.010247,0.046672,0.0001,,,,,gru
347859,344,0.029677,0.003564,1.724726,0.003974,0.024919,0.201071,0.011131,0.193252,0.0001,,,,,gru
347859,344,0.029447,0.001553,1.724643,0.003974,0.024352,0.128288,0.007774,0.098364,0.0001,,,,,gru
347859,344,-0.033261,0.001136,1.724552,0.003974,0.01884,0.0562,0.00145,0.040537,0.0001,,,,,gru
347859,344,-0.009679,0.003421,1.72446,0.003974,0.021975,0.11146,0.005197,0.09003,0.0001,,,,,gru
347859,344,-0.094655,0.001179,1.72436,0.003974,0.022131,0.163361,0.008865,0.151871,0.0001,,,,,gru
347859,344,0.076192,0.001982,1.724248,0.003974,0.021078,0.154765,0.004409,0.10466,0.0001,,,,,gru
347859,344,0.020152,0.002576,1.72412,0.003974,0.021341,0.073574,0.003377,0.074943,0.0001,,,,,gru
353573,348,-0.094118,0.003789,1.724005,0.003962,0.031337,0.076636,0.011539,0.03558,0.0001,,,,,gru
353573,348,0.030192,0.002426,1.723918,0.003962,0.029648,0.112507,0.017195,0.068429,0.0001,,,,,gru
353573,348,0.035946,0.002486,1.723843,0.003962,0.030029,0.093013,0.018542,0.075025,0.0001,,,,,gru
353573,348,0.037828,0.003527,1.723762,0.003962,0.031463,0.110478,0.01558,0.097486,0.0001,,,,,gru
353573,348,-0.023465,0.002362,1.723695,0.003962,0.027983,0.064269,0.004734,0.038975,0.0001,,,,,gru
353573,348,-0.057019,0.001706,1.72363,0.003962,0.026108,0.075018,0.003528,0.043028,0.0001,,,,,gru
353573,348,-0.019073,0.002428,1.723568,0.003962,0.03363,0.159692,0.009487,0.134199,0.0001,,,,,gru
353573,348,-0.010027,0.002775,1.723503,0.003962,0.02991,0.07373,0.012062,0.048692,0.0001,,,,,gru
353573,348,-0.002047,0.001706,1.723449,0.003962,0.027285,0.089824,0.011844,0.078618,0.0001,,,,,gru
353573,348,0.046804,0.002936,1.723389,0.003962,0.032206,0.130121,0.005919,0.072399,0.0001,,,,,gru
353573,348,-0.17279,0.001826,1.723333,0.003962,0.024836,0.040379,0.008008,0.031038,0.0001,,,,,gru
353573,348,0.121509,0.002104,1.723278,0.003962,0.022612,0.048289,0.008005,0.01903,0.0001,,,,,gru
359017,352,-0.093456,0.001917,1.723236,0.00395,0.026942,0.02516,0.008382,0.021131,0.0001,,,,,gru
359017,352,0.145208,0.002639,1.7232,0.00395,0.032567,0.116238,0.021868,0.076847,0.0001,,,,,gru
359017,352,-0.101638,0.004522,1.723174,0.00395,0.031556,0.071017,0.008866,0.04346,0.0001,,,,,gru
359017,352,-0.126083,0.003212,1.723152,0.00395,0.028803,0.08446,0.008691,0.043767,0.0001,,,,,gru
359017,352,0.051716,0.002478,1.723124,0.00395,0.029048,0.098588,0.014673,0.066997,0.0001,,,,,gru
359017,352,0.089939,0.002534,1.723101,0.00395,0.032413,0.138922,0.01325,0.087848,0.0001,,,,,gru
359017,352,-0.072656,0.002887,1.723087,0.00395,0.028645,0.102969,0.002527,0.070779,0.0001,,,,,gru
359017,352,-0.026835,0.002239,1.723089,0.00395,0.029148,0.098913,0.001838,0.072186,0.0001,,,,,gru
359017,352,0.129038,0.002483,1.723078,0.00395,0.034643,0.126344,0.005291,0.075746,0.0001,,,,,gru
359017,352,0.066184,0.001841,1.723073,0.00395,0.035645,0.0776,0.010518,0.052722,0.0001,,,,,gru
359017,352,0.002165,0.002897,1.723069,0.00395,0.032755,0.058581,0.016411,0.045757,0.0001,,,,,gru
359017,352,-0.121979,0.003418,1.723071,0.00395,0.041584,0.095991,0.025914,0.073496,0.0001,,,,,gru
364728,356,0.022615,0.002918,1.72308,0.003938,0.028644,0.079061,0.004289,0.069403,0.0001,,,,,gru
364728,356,-0.047597,0.001712,1.723093,0.003938,0.026833,0.102707,0.002438,0.067888,0.0001,,,,,gru
364728,356,0.025054,0.001509,1.723115,0.003938,0.026428,0.112622,0.007157,0.087167,0.0001,,,,,gru
364728,356,0.048067,0.001507,1.72313,0.003938,0.027073,0.146053,0.01019,0.095761,0.0001,,,,,gru
364728,356,-0.039009,0.003244,1.723149,0.003938,0.029407,0.13814,0.00716,0.100073,0.0001,,,,,gru
364728,356,-0.017613,0.001785,1.723177,0.003938,0.026802,0.073243,0.008525,0.035707,0.0001,,,,,gru
364728,356,-0.016961,0.001729,1.723192,0.003938,0.025853,0.053337,0.007271,0.030946,0.0001,,,,,gru
364728,356,-0.06743,0.002793,1.723215,0.003938,0.028694,0.100989,0.004211,0.066606,0.0001,,,,,gru
364728,356,0.10227,0.002156,1.723229,0.003938,0.029457,0.062382,0.008151,0.036728,0.0001,,,,,gru
364728,356,-0.079782,0.002549,1.723254,0.003938,0.028627,0.105564,0.001862,0.054768,0.0001,,,,,gru
364728,356,-0.014043,0.001997,1.723298,0.003938,0.028076,0.083548,0.002713,0.0668,0.0001,,,,,gru
364728,356,0.115981,0.002311,1.723337,0.003938,0.030043,0.108077,0.005515,0.057326,0.0001,,,,,gru
370295,360,0.05384,0.001301,1.723365,0.003926,0.02684,0.070076,0.005475,0.038745,0.0001,,,,,gru
370295,360,-0.030787,0.003209,1.723395,0.003926,0.027935,0.031081,0.006853,0.023468,0.0001,,,,,gru
370295,360,-0.042311,0.004117,1.72343,0.003926,0.030233,0.092005,0.007999,0.036751,0.0001,,,,,gru
370295,360,-0.033008,0.002676,1.723479,0.003926,0.024577,0.049924,0.007772,0.028068,0.0001,,,,,gru
370295,360,0.019179,0.001945,1.723527,0.003926,0.03347,0.127718,0.005759,0.074659,0.0001,,,,,gru
370295,360,0.009373,0.004082,1.723576,0.003926,0.02812,0.07988,0.006152,0.033578,0.0001,,,,,gru
370295,360,-0.00629,0.003468,1.723641,0.003926,0.028645,0.057797,0.006282,0.042318,0.0001,,,,,gru
370295,360,-0.006903,0.001716,1.723711,0.003926,0.025531,0.095888,0.003682,0.097848,0.0001,,,,,gru
370295,360,0.01009,0.00327,1.72377,0.003926,0.030097,0.08664,0.003579,0.063426,0.0001,,,,,gru
370295,360,0.160341,0.003204,1.723834,0.003926,0.033088,0.049308,0.003613,0.030339,0.0001,,,,,gru
370295,360,-0.039247,0.0014,1.723892,0.003926,0.024254,0.087823,0.008219,0.068028,0.0001,,,,,gru
370295,360,-0.172667,0.004021,1.723958,0.003926,0.028306,0.08491,0.01551,0.087266,0.0001,,,,,gru
374452,364,0.07435,0.002835,1.724013,0.003914,0.028412,0.053332,0.008949,0.0245,0.0001,,,,,gru
374452,364,-0.008971,0.004842,1.724055,0.003914,0.035051,0.074704,0.013816,0.073259,0.0001,,,,,gru
374452,364,-0.944381,0.031553,1.724083,0.003914,0.115556,0.416293,0.123879,0.278038,0.0001,,,,,gru
374452,364,0.038725,0.00291,1.724209,0.003914,0.028913,0.042194,0.004098,0.017982,0.0001,,,,,gru
374452,364,-0.014927,0.005707,1.724317,0.003914,0.036032,0.082381,0.006136,0.06196,0.0001,,,,,gru
374452,364,0.13395,0.001599,1.724409,0.003914,0.034867,0.279521,0.021489,0.201943,0.0001,,,,,gru
374452,364,0.105911,0.003682,1.72443,0.003914,0.034271,0.035408,0.022981,0.042432,0.0001,,,,,gru
374452,364,-0.072412,0.005225,1.72445,0.003914,0.046621,0.106432,0.012383,0.095579,0.0001,,,,,gru
374452,364,-0.050433,0.000332,1.72446,0.003914,0.011472,0.033334,0.005878,0.014622,0.0001,,,,,gru
374452,364,0.005123,0.004843,1.72447,0.003914,0.038101,0.04566,0.014589,0.035578,0.0001,,,,,gru
374452,364,0.016263,0.00385,1.724485,0.003914,0.040252,0.108194,0.016502,0.085025,0.0001,,,,,gru
374452,364,0.234213,0.003818,1.72451,0.003914,0.054015,0.386895,0.043809,0.376248,0.0001,,,,,gru
380315,368,0.003419,0.003344,1.724572,0.003902,0.032501,0.041571,0.007149,0.017373,0.0001,,,,,gru
380315,368,-0.022834,0.003637,1.724636,0.003902,0.034467,0.10762,0.003142,0.058307,0.0001,,,,,gru
380315,368,0.048172,0.001268,1.724712,0.003902,0.029511,0.126031,0.007331,0.08683,0.0001,,,,,gru
380315,368,0.130751,0.00255,1.724778,0.003902,0.03242,0.091514,0.009282,0.091084,0.0001,,,,,gru
380315,368,-0.105205,0.002347,1.724846,0.003902,0.036201,0.108076,0.019913,0.058072,0.0001,,,,,gru
380315,368,-0.001203,0.00367,1.724905,0.003902,0.037947,0.072613,0.016578,0.083952,0.0001,,,,,gru
380315,368,-0.021609,0.002479,1.724963,0.003902,0.037859,0.058935,0.014863,0.046454,0.0001,,,,,gru
380315,368,0.054433,0.002649,1.725011,0.003902,0.030438,0.053022,0.008846,0.042141,0.0001,,,,,gru
380315,368,-0.009716,0.003033,1.725065,0.003902,0.029323,0.100244,0.00607,0.083474,0.0001,,,,,gru
380315,368,0.039276,0.002639,1.725113,0.003902,0.034035,0.054811,0.003644,0.03071,0.0001,,,,,gru
380315,368,0.012848,0.003833,1.725168,0.003902,0.030707,0.09432,0.00734,0.092708,0.0001,,,,,gru
380315,368,-0.031163,0.00152,1.725228,0.003902,0.025589,0.075002,0.009125,0.050344,0.0001,,,,,gru
385921,372,0.107303,0.002468,1.725281,0.00389,0.029298,0.060653,0.008582,0.040925,0.0001,,,,,gru
385921,372,-0.025388,0.003116,1.725331,0.00389,0.026342,0.066118,0.00394,0.045531,0.0001,,,,,gru
385921,372,-0.076078,0.003485,1.725377,0.00389,0.027263,0.125131,0.003847,0.097979,0.0001,,,,,gru
385921,372,0.058946,0.003514,1.725421,0.00389,0.028954,0.101621,0.009693,0.109011,0.0001,,,,,gru
385921,372,0.033322,0.003518,1.72546,0.00389,0.028323,0.139479,0.007182,0.113971,0.0001,,,,,gru
385921,372,-0.085682,0.001495,1.725505,0.00389,0.024393,0.222225,0.002531,0.177013,0.0001,,,,,gru
385921,372,0.025743,0.002899,1.72555,0.00389,0.026226,0.070771,0.00201,0.038314,0.0001,,,,,gru
385921,372,0.067236,0.002303,1.725595,0.00389,0.028119,0.051155,0.005602,0.039097,0.0001,,,,,gru
385921,372,-0.08546,0.003592,1.725636,0.00389,0.034887,0.09544,0.015669,0.094938,0.0001,,,,,gru
385921,372,-0.035266,0.003396,1.725685,0.00389,0.034342,0.120357,0.015582,0.080063,0.0001,,,,,gru
385921,372,0.110125,0.00109,1.725729,0.00389,0.025529,0.088446,0.007357,0.062866,0.0001,,,,,gru
385921,372,-0.065739,0.004576,1.725771,0.00389,0.032843,0.129787,0.012422,0.067489,0.0001,,,,,gru
392013,376,-0.061049,0.001674,1.72583,0.003878,0.024642,0.153874,0.014664,0.096033,0.0001,,,,,gru
392013,376,-0.024453,0.002878,1.725856,0.003878,0.029221,0.082917,0.019809,0.059851,0.0001,,,,,gru
392013,376,0.059407,0.002705,1.725876,0.003878,0.034341,0.107559,0.027176,0.095573,0.0001,,,,,gru
392013,376,-0.070185,0.002562,1.725873,0.003878,0.028064,0.126793,0.020401,0.073088,0.0001,,,,,gru
392013,376,-0.062217,0.001649,1.725845,0.003878,0.028317,0.090969,0.018889,0.095811,0.0001,,,,,gru
392013,376,0.110354,0.003428,1.725805,0.003878,0.034803,0.125728,0.024624,0.111641,0.0001,,,,,gru
392013,376,0.038447,0.001534,1.725749,0.003878,0.027736,0.067153,0.010841,0.026049,0.0001,,,,,gru
392013,376,-0.028552,0.002152,1.725677,0.003878,0.029094,0.099201,0.001533,0.042451,0.0001,,,,,gru
392013,376,-0.03396,0.002525,1.725584,0.003878,0.032092,0.077284,0.008265,0.047107,0.0001,,,,,gru
392013,376,0.04504,0.002738,1.725484,0.003878,0.034463,0.143895,0.01004,0.10416,0.0001,,,,,gru
392013,376,-0.092492,0.002059,1.725361,0.003878,0.034852,0.081458,0.015665,0.04083,0.0001,,,,,gru
392013,376,0.025735,0.001453,1.725234,0.003878,0.0352,0.082155,0.014867,0.061914,0.0001,,,,,gru
396510,380,0.000351,0.003645,1.7251,0.003866,0.032609,0.088061,0.008368,0.039867,0.0001,,,,,gru
396510,380,-0.004922,0.003125,1.724959,0.003866,0.030682,0.0567,0.01041,0.036318,0.0001,,,,,gru
396510,380,0.151369,0.001472,1.724835,0.003866,0.025874,0.146342,0.015646,0.092925,0.0001,,,,,gru
396510,380,0.062946,0.002905,1.724713,0.003866,0.031595,0.096377,0.013758,0.045385,0.0001,,,,,gru
396510,380,-0.019819,0.003601,1.72458,0.003866,0.033173,0.096692,0.01055,0.088223,0.0001,,,,,gru
396510,380,-0.072442,0.003938,1.724453,0.003866,0.028533,0.153499,0.00646,0.107009,0.0001,,,,,gru
396510,380,-0.088989,0.003593,1.72432,0.003866,0.030651,0.045602,0.006972,0.02607,0.0001,,,,,gru
396510,380,0.120967,0.002779,1.724192,0.003866,0.032698,0.062471,0.002703,0.02549,0.0001,,,,,gru
396510,380,-0.014241,0.001508,1.724063,0.003866,0.029712,0.280297,0.008955,0.239546,0.0001,,,,,gru
396510,380,0.008721,0.002715,1.723937,0.003866,0.031851,0.051921,0.007038,0.028877,0.0001,,,,,gru
396510,380,0.021442,0.003294,1.723814,0.003866,0.0345,0.076964,0.004228,0.036427,0.0001,,,,,gru
396510,380,-0.001206,0.002996,1.723685,0.003866,0.021429,0.094357,0.003647,0.054072,0.0001,,,,,gru
402590,384,-0.009603,0.003049,1.723563,0.003854,0.032558,0.069467,0.004939,0.047539,0.0001,,,,,gru
402590,384,-0.031614,0.0019,1.723448,0.003854,0.027917,0.062941,0.002753,0.048037,0.0001,,,,,gru
402590,384,0.059538,0.002851,1.723344,0.003854,0.031534,0.123319,0.003004,0.075733,0.0001,,,,,gru
402590,384,0.043603,0.00179,1.723264,0.003854,0.028449,0.053247,0.002282,0.045595,0.0001,,,,,gru
402590,384,-0.107703,0.003558,1.723191,0.003854,0.032514,0.106321,0.010897,0.083607,0.0001,,,,,gru
402590,384,0.082802,0.002043,1.723122,0.003854,0.031697,0.195466,0.007043,0.155992,0.0001,,,,,gru
402590,384,0.042313,0.002412,1.723055,0.003854,0.035332,0.172061,0.00705,0.136199,0.0001,,,,,gru
402590,384,-0.095915,0.00337,1.722987,0.003854,0.026421,0.098278,0.009841,0.075463,0.0001,,,,,gru
402590,384,0.072218,0.001361,1.722928,0.003854,0.026587,0.038791,0.002023,0.033951,0.0001,,,,,gru
402590,384,0.043366,0.001868,1.722871,0.003854,0.026716,0.054265,0.00181,0.030096,0.0001,,,,,gru
402590,384,0.009783,0.003072,1.722808,0.003854,0.030492,0.100343,0.001101,0.090432,0.0001,,,,,gru
402590,384,-0.031792,0.001996,1.722748,0.003854,0.022492,0.059936,0.002054,0.037917,0.0001,,,,,gru
407126,388,0.070033,0.004059,1.722695,0.003842,0.03065,0.131287,0.006101,0.072039,0.0001,,,,,gru
407126,388,-0.035436,0.001697,1.722623,0.003842,0.025014,0.09084,0.002102,0.064079,0.0001,,,,,gru
407126,388,-0.004697,0.001806,1.722572,0.003842,0.032238,0.21383,0.002165,0.112869,0.0001,,,,,gru
407126,388,0.05125,0.002319,1.722524,0.003842,0.029497,0.065408,0.003768,0.034296,0.0001,,,,,gru
407126,388,-0.033187,0.003289,1.722471,0.003842,0.024383,0.074645,0.001784,0.06358,0.0001,,,,,gru
407126,388,0.058727,0.001425,1.722423,0.003842,0.024741,0.111602,0.006463,0.064558,0.0001,,,,,gru
407126,388,0.141377,0.00263,1.72236,0.003842,0.02517,0.080879,0.007519,0.048202,0.0001,,,,,gru
407126,388,-0.083223,0.00288,1.722286,0.003842,0.026599,0.067447,0.001073,0.053982,0.0001,,,,,gru
407126,388,-0.10503,0.001057,1.722224,0.003842,0.015718,0.138638,0.001441,0.070236,0.0001,,,,,gru
407126,388,0.119369,0.001514,1.722167,0.003842,0.022384,0.101749,0.00895,0.060493,0.0001,,,,,gru
407126,388,-0.090218,0.003349,1.722107,0.003842,0.025189,0.09791,0.003199,0.05508,0.0001,,,,,gru
407126,388,0.016581,0.003558,1.722056,0.003842,0.018312,0.155256,0.007592,0.133935,0.0001,,,,,gru
412656,392,-0.113409,0.004427,1.722025,0.00383,0.034919,0.074439,0.015963,0.036368,0.0001,,,,,gru
412656,392,0.091592,0.001926,1.721979,0.00383,0.020628,0.04036,0.002564,0.015762,0.0001,,,,,gru
412656,392,0.075846,0.002659,1.721941,0.00383,0.027675,0.116434,0.004763,0.064009,0.0001,,,,,gru
412656,392,-0.135644,0.003771,1.721924,0.00383,0.029881,0.112029,0.010688,0.087205,0.0001,,,,,gru
412656,392,0.116514,0.00316,1.721901,0.00383,0.025294,0.12592,0.004564,0.112957,0.0001,,,,,gru
412656,392,0.068558,0.001793,1.721885,0.00383,0.02654,0.081985,0.004858,0.058462,0.0001,,,,,gru
412656,392,0.062615,0.002471,1.72186,0.00383,0.026663,0.044452,0.005456,0.029492,0.0001,,,,,gru
412656,392,0.022062,0.00264,1.721835,0.00383,0.02796,0.072818,0.008609,0.042728,0.0001,,,,,gru
412656,392,-0.073873,0.004298,1.721804,0.00383,0.028352,0.10183,0.015464,0.062337,0.0001,,,,,gru
412656,392,0.051538,0.002717,1.721784,0.00383,0.024494,0.080083,0.009701,0.051582,0.0001,,,,,gru
412656,392,0.05947,0.001761,1.721758,0.00383,0.026377,0.105869,0.008397,0.056293,0.0001,,,,,gru
412656,392,-0.107816,0.005081,1.721753,0.00383,0.034008,0.108329,0.018584,0.056182,0.0001,,,,,gru
418173,396,0.022177,0.002266,1.721732,0.003818,0.024828,0.060713,0.001219,0.03063,0.0001,,,,,gru
418173,396,-0.032392,0.002522,1.721722,0.003818,0.025213,0.086871,0.007682,0.055825,0.0001,,,,,gru
418173,396,0.074914,0.002373,1.721709,0.003818,0.020156,0.10785,0.003287,0.077693,0.0001,,,,,gru
418173,396,0.056124,0.001134,1.721705,0.003818,0.023278,0.100246,0.001301,0.076665,0.0001,,,,,gru
418173,396,0.006979,0.003857,1.721695,0.003818,0.025283,0.170328,0.008099,0.123578,0.0001,,,,,gru
418173,396,-0.030844,0.002042,1.72169,0.003818,0.020169,0.070778,0.00218,0.034868,0.0001,,,,,gru
418173,396,0.029773,0.003608,1.721695,0.003818,0.022926,0.118922,0.005091,0.07593,0.0001,,,,,gru
418173,396,-0.050223,0.001523,1.721689,0.003818,0.023595,0.067949,0.005293,0.037925,0.0001,,,,,gru
418173,396,0.092184,0.001941,1.721687,0.003818,0.024087,0.093037,0.015159,0.064606,0.0001,,,,,gru
418173,396,0.081273,0.002354,1.721689,0.003818,0.026272,0.065919,0.017844,0.047662,0.0001,,,,,gru
418173,396,-0.016513,0.002301,1.72169,0.003818,0.024888,0.086402,0.01211,0.047783,0.0001,,,,,gru
418173,396,-0.02996,0.002751,1.721686,0.003818,0.026537,0.151574,0.008957,0.102757,0.0001,,,,,gru
422717,400,0.054797,0.002833,1.721681,0.003806,0.028636,0.070554,0.008008,0.047558,0.0001,,,,,gru
422717,400,-0.007292,0.00325,1.721679,0.003806,0.022595,0.097142,0.001778,0.076118,0.0001,,,,,gru
422717,400,0.127961,0.001182,1.721669,0.003806,0.026786,0.148163,0.002043,0.118482,0.0001,,,,,gru
422717,400,-0.021019,0.003832,1.721658,0.003806,0.030124,0.113335,0.012784,0.074984,0.0001,,,,,gru
422717,400,0.049523,0.002157,1.721643,0.003806,0.028578,0.182445,0.012494,0.141638,0.0001,,,,,gru
422717,400,0.211296,0.001268,1.72164,0.003806,0.028123,0.174528,0.007649,0.122494,0.0001,,,,,gru
422717,400,-0.037073,0.004648,1.721621,0.003806,0.030719,0.036369,0.015527,0.04354,0.0001,,,,,gru
422717,400,0.060974,0.00135,1.721601,0.003806,0.025808,0.039111,0.005076,0.026599,0.0001,,,,,gru
422717,400,0.228686,0.001166,1.721582,0.003806,0.025335,0.293716,0.006654,0.259678,0.0001,,,,,gru
422717,400,0.005236,0.003126,1.721549,0.003806,0.025423,0.108712,0.005079,0.078403,0.0001,,,,,gru
422717,400,0.030675,0.00266,1.721508,0.003806,0.026988,0.030675,0.006812,0.02041,0.0001,,,,,gru
422717,400,0.182074,0.001407,1.721473,0.003806,0.024666,0.120273,0.003194,0.092464,0.0001,,,,,gru
428568,404,0.009531,0.00234,1.721429,0.003794,0.02241,0.139014,0.004499,0.095376,0.0001,,,,,gru
428568,404,-0.020368,0.002784,1.721381,0.003794,0.026485,0.134515,0.005422,0.070917,0.0001,,,,,gru
428568,404,0.089273,0.001356,1.721319,0.003794,0.023597,0.051784,0.001254,0.013916,0.0001,,,,,gru
428568,404,0.073845,0.001449,1.721243,0.003794,0.020777,0.066297,0.000527,0.032641,0.0001,,,,,gru
428568,404,-0.032911,0.002443,1.721154,0.003794,0.026232,0.119548,0.005987,0.078832,0.0001,,,,,gru
428568,404,0.033011,0.002693,1.721052,0.003794,0.024667,0.199436,0.002756,0.125903,0.0001,,,,,gru
428568,404,0.035225,0.000913,1.720948,0.003794,0.019495,0.070969,0.002407,0.038242,0.0001,,,,,gru
428568,404,-0.049611,0.003171,1.720847,0.003794,0.026084,0.074296,0.005735,0.031121,0.0001,,,,,gru
428568,404,0.099372,0.002429,1.720732,0.003794,0.023795,0.099272,0.002193,0.045077,0.0001,,,,,gru
428568,404,0.041894,0.002167,1.720603,0.003794,0.020674,0.074783,0.001593,0.049084,0.0001,,,,,gru
428568,404,0.06647,0.002468,1.720472,0.003794,0.023456,0.079713,0.00174,0.030544,0.0001,,,,,gru
428568,404,-0.042143,0.00174,1.72033,0.003794,0.022449,0.080696,0.002348,0.065528,0.0001,,,,,gru
434763,408,0.013294,0.001965,1.720197,0.003782,0.028594,0.125659,0.006683,0.059887,0.0001,,,,,gru
434763,408,-0.009525,0.001467,1.72011,0.003782,0.023401,0.100574,0.007,0.072916,0.0001,,,,,gru
434763,408,-0.045837,0.00199,1.720034,0.003782,0.021231,0.043421,0.005147,0.022953,0.0001,,,,,gru
434763,408,0.155179,0.000674,1.719975,0.003782,0.018806,0.364114,0.010627,0.174339,0.0001,,,,,gru
434763,408,0.066446,0.001428,1.719959,0.003782,0.023427,0.089307,0.00901,0.070847,0.0001,,,,,gru
434763,408,-0.158253,0.001884,1.719961,0.003782,0.02295,0.089335,0.003295,0.049346,0.0001,,,,,gru
434763,408,0.037613,0.001993,1.719962,0.003782,0.026533,0.078246,0.009304,0.036529,0.0001,,,,,gru
434763,408,0.48431,0.001004,1.719976,0.003782,0.025176,0.528005,0.01654,0.330426,0.0001,,,,,gru
434763,408,-0.093691,0.001619,1.720058,0.003782,0.023445,0.147494,0.007069,0.088833,0.0001,,,,,gru
434763,408,0.012367,0.002405,1.720148,0.003782,0.026868,0.189683,0.013823,0.102306,0.0001,,,,,gru
434763,408,0.053762,0.001619,1.720243,0.003782,0.027139,0.210422,0.012869,0.142007,0.0001,,,,,gru
434763,408,-0.160595,0.000647,1.720324,0.003782,0.017481,0.3,0.00318,0.183761,0.0001,,,,,gru
434763,408,-0.048604,0.001694,1.720406,0.003782,0.024578,0.169966,0.003532,0.109725,0.0001,,,,,gru
434763,408,0.031839,0.001452,1.720484,0.003782,0.026998,0.187009,0.007696,0.106566,0.0001,,,,,gru
434763,408,-0.01357,0.002182,1.720559,0.003782,0.032093,0.150592,0.020497,0.085125,0.0001,,,,,gru
434763,408,-0.071948,0.001222,1.720644,0.003782,0.032528,0.230508,0.029721,0.127713,0.0001,,,,,gru
440527,412,0.009199,0.002738,1.720732,0.00377,0.024209,0.073313,0.009388,0.058895,0.0001,,,,,gru
440527,412,0.05778,0.002477,1.720818,0.00377,0.027164,0.123259,0.010271,0.087092,0.0001,,,,,gru
440527,412,0.001612,0.001159,1.7209,0.00377,0.023451,0.070659,0.01118,0.028856,0.0001,,,,,gru
440527,412,-0.024773,0.001946,1.72098,0.00377,0.025248,0.08028,0.01152,0.071912,0.0001,,,,,gru
440527,412,0.040087,0.002277,1.721057,0.00377,0.025366,0.107575,0.007542,0.068636,0.0001,,,,,gru
440527,412,0.067395,0.00222,1.721129,0.00377,0.020335,0.05073,0.002935,0.02069,0.0001,,,,,gru
440527,412,0.049768,0.00149,1.721195,0.00377,0.019548,0.116291,0.002535,0.06179,0.0001,,,,,gru
440527,412,0.017393,0.002793,1.721251,0.00377,0.024,0.107497,0.003843,0.071028,0.0001,,,,,gru
440527,412,0.005678,0.002011,1.721296,0.00377,0.025365,0.109098,0.004474,0.066407,0.0001,,,,,gru
440527,412,-0.021631,0.002295,1.721331,0.00377,0.023737,0.070561,0.00347,0.037336,0.0001,,,,,gru
440527,412,0.035857,0.002599,1.721354,0.00377,0.025049,0.046193,0.0055,0.031096,0.0001,,,,,gru
440527,412,0.071311,0.001358,1.721381,0.00377,0.019698,0.036195,0.007939,0.026558,0.0001,,,,,gru
446698,416,-0.08838,0.001962,1.721404,0.003758,0.022683,0.102446,0.004903,0.07869,0.0001,,,,,gru
446698,416,-0.056486,0.001714,1.721423,0.003758,0.020846,0.163197,0.002209,0.110443,0.0001,,,,,gru
446698,416,0.121261,0.001683,1.721429,0.003758,0.023929,0.079262,0.002448,0.045593,0.0001,,,,,gru
446698,416,-0.27689,0.000675,1.721435,0.003758,0.017588,0.284671,0.019412,0.143649,0.0001,,,,,gru
446698,416,0.02418,0.002369,1.721465,0.003758,0.025741,0.050298,0.003665,0.037477,0.0001,,,,,gru
446698,416,-0.044205,0.001411,1.721487,0.003758,0.019461,0.087731,0.002323,0.067222,0.0001,,,,,gru
446698,416,-0.007914,0.001835,1.721493,0.003758,0.023779,0.202721,0.004324,0.110228,0.0001,,,,,gru
446698,416,-0.080882,0.000786,1.721511,0.003758,0.019061,0.757781,0.007992,0.477687,0.0001,,,,,gru
446698,416,-0.02077,0.001307,1.721507,0.003758,0.022229,0.135972,0.004651,0.074672,0.0001,,,,,gru
446698,416,0.021182,0.00194,1.721494,0.003758,0.025659,0.196933,0.010595,0.162393,0.0001,,,,,gru
446698,416,0.013054,0.002286,1.721489,0.003758,0.026357,0.250078,0.007484,0.159065,0.0001,,,,,gru
446698,416,-1.384669,0.003213,1.721483,0.003758,0.045082,0.907426,0.04899,0.667008,0.0001,,,,,gru
446698,416,-0.011582,0.002316,1.721496,0.003758,0.025083,0.350933,0.00401,0.192347,0.0001,,,,,gru
446698,416,0.060375,0.001444,1.721513,0.003758,0.021662,0.201588,0.010196,0.137213,0.0001,,,,,gru
446698,416,-0.071589,0.001711,1.721516,0.003758,0.023345,0.114847,0.013883,0.09016,0.0001,,,,,gru
446698,416,-0.283532,0.010911,1.721515,0.003758,0.038357,1.540058,0.022253,1.011658,0.0001,,,,,gru
452352,420,0.098629,0.001225,1.721446,0.003746,0.023007,0.082744,0.010536,0.048102,0.0001,,,,,gru
452352,420,0.019658,0.003294,1.72139,0.003746,0.029789,0.034328,0.016729,0.029952,0.0001,,,,,gru
452352,420,-0.082192,0.004106,1.721342,0.003746,0.037376,0.293314,0.017848,0.211221,0.0001,,,,,gru
452352,420,0.02198,0.00352,1.721296,0.003746,0.040106,0.267906,0.023839,0.236318,0.0001,,,,,gru
452352,420,-0.023274,0.002341,1.721255,0.003746,0.027085,0.167042,0.01796,0.142935,0.0001,,,,,gru
452352,420,0.072771,0.00282,1.721231,0.003746,0.029449,0.076778,0.013097,0.041554,0.0001,,,,,gru
452352,420,0.008502,0.002074,1.721204,0.003746,0.018736,0.050557,0.001307,0.030997,0.0001,,,,,gru
452352,420,0.062158,0.001178,1.721187,0.003746,0.025002,0.079898,0.008667,0.043454,0.0001,,,,,gru
452352,420,-0.018491,0.005421,1.721177,0.003746,0.039813,0.082191,0.02217,0.084275,0.0001,,,,,gru
452352,420,0.008858,0.002241,1.721163,0.003746,0.03556,0.110891,0.023153,0.087133,0.0001,,,,,gru
452352,420,0.053486,0.002997,1.721158,0.003746,0.034085,0.1157,0.02439,0.086955,0.0001,,,,,gru
452352,420,-0.006945,0.003716,1.721149,0.003746,0.033398,0.060974,0.022485,0.045721,0.0001,,,,,gru
456896,424,0.042913,0.00214,1.721151,0.003734,0.025542,0.069973,0.002582,0.049918,0.0001,,,,,gru
456896,424,0.034781,0.003134,1.721151,0.003734,0.023606,0.061342,0.002495,0.032661,0.0001,,,,,gru
456896,424,-0.04791,0.001661,1.721156,0.003734,0.02482,0.153988,0.00249,0.091835,0.0001,,,,,gru
456896,424,-0.034273,0.003329,1.721163,0.003734,0.024653,0.028259,0.008038,0.01984,0.0001,,,,,gru
456896,424,0.06514,0.002297,1.721169,0.003734,0.029305,0.063797,0.016676,0.06693,0.0001,,,,,gru
456896,424,0.151891,0.00192,1.721176,0.003734,0.030376,0.170118,0.023697,0.095086,0.0001,,,,,gru
456896,424,0.012618,0.00348,1.721184,0.003734,0.03037,0.075508,0.017337,0.050186,0.0001,,,,,gru
456896,424,0.084176,0.002584,1.721197,0.003734,0.030605,0.056675,0.019561,0.054614,0.0001,,,,,gru
456896,424,-0.133608,0.000828,1.721203,0.003734,0.016196,0.101184,0.004757,0.088579,0.0001,,,,,gru
456896,424,-0.052584,0.003088,1.721212,0.003734,0.024002,0.042966,0.003117,0.020229,0.0001,,,,,gru
456896,424,0.135086,0.002271,1.721221,0.003734,0.025039,0.076041,0.004104,0.05002,0.0001,,,,,gru
456896,424,-0.07305,0.001259,1.721235,0.003734,0.024122,0.071545,0.00988,0.03861,0.0001,,,,,gru
464030,428,-0.059802,0.006141,1.721233,0.003722,0.051669,0.090229,0.030188,0.078298,0.0001,,,,,gru
464030,428,-0.118836,0.006286,1.721229,0.003722,0.052868,0.155917,0.035793,0.097644,0.0001,,,,,gru
464030,428,0.052825,0.004037,1.72123,0.003722,0.039951,0.056232,0.022238,0.053649,0.0001,,,,,gru
464030,428,0.203481,0.002411,1.721219,0.003722,0.0294,0.1425,0.008492,0.11507,0.0001,,,,,gru
464030,428,-0.012935,0.003758,1.721216,0.003722,0.03683,0.105736,0.015233,0.076785,0.0001,,,,,gru
464030,428,-0.003878,0.004588,1.721205,0.003722,0.045469,0.050885,0.006212,0.029248,0.0001,,,,,gru
464030,428,0.025314,0.004663,1.721194,0.003722,0.052547,0.098493,0.00548,0.073636,0.0001,,,,,gru
464030,428,-0.056669,0.005354,1.721175,0.003722,0.055103,0.045446,0.008628,0.023173,0.0001,,,,,gru
464030,428,-0.036323,0.004729,1.72117,0.003722,0.057745,0.05905,0.016893,0.035829,0.0001,,,,,gru
464030,428,0.046505,0.004803,1.721157,0.003722,0.057717,0.117746,0.023893,0.100234,0.0001,,,,,gru
464030,428,0.002101,0.004038,1.721147,0.003722,0.056541,0.076166,0.023235,0.077921,0.0001,,,,,gru
464030,428,-0.062505,0.004694,1.721147,0.003722,0.05351,0.14084,0.013379,0.110259,0.0001,,,,,gru
464030,428,0.085612,0.004236,1.721154,0.003722,0.048174,0.094934,0.017045,0.050367,0.0001,,,,,gru
464030,428,-0.041045,0.00404,1.721176,0.003722,0.045443,0.056626,0.002947,0.032749,0.0001,,,,,gru
464030,428,-0.065357,0.003897,1.721183,0.003722,0.043266,0.087973,0.008216,0.051085,0.0001,,,,,gru
464030,428,0.005071,0.003058,1.721188,0.003722,0.036621,0.193466,0.009067,0.155686,0.0001,,,,,gru
470102,432,-0.03704,0.001746,1.721195,0.00371,0.021514,0.073921,0.003877,0.038855,0.0001,,,,,gru
470102,432,-0.006174,0.002574,1.721209,0.00371,0.029331,0.130531,0.003975,0.075835,0.0001,,,,,gru
470102,432,-0.016541,0.001473,1.721242,0.00371,0.024833,0.104025,0.003616,0.054786,0.0001,,,,,gru
470102,432,0.084887,0.002145,1.721268,0.00371,0.027243,0.089547,0.005871,0.064839,0.0001,,,,,gru
470102,432,-0.120449,0.001901,1.721309,0.00371,0.023364,0.061529,0.003508,0.029196,0.0001,,,,,gru
470102,432,-0.023018,0.0018,1.721355,0.00371,0.027474,0.150284,0.005697,0.078374,0.0001,,,,,gru
470102,432,0.091668,0.002042,1.721393,0.00371,0.029639,0.088575,0.002938,0.052062,0.0001,,,,,gru
470102,432,-0.108642,0.001905,1.721444,0.00371,0.027198,0.06406,0.011345,0.061337,0.0001,,,,,gru
470102,432,-0.040309,0.00221,1.721499,0.00371,0.028493,0.076816,0.009241,0.059742,0.0001,,,,,gru
470102,432,-0.102606,0.001834,1.72155,0.00371,0.027761,0.099552,0.006028,0.055692,0.0001,,,,,gru
470102,432,0.012134,0.001946,1.721614,0.00371,0.030003,0.172051,0.006724,0.096412,0.0001,,,,,gru
470102,432,0.036137,0.002585,1.72167,0.00371,0.029416,0.101054,0.0038,0.05456,0.0001,,,,,gru
475878,436,-0.024116,0.002366,1.721734,0.003698,0.02593,0.118213,0.006789,0.068254,0.0001,,,,,gru
475878,436,0.090865,0.002374,1.721793,0.003698,0.026683,0.059622,0.003957,0.039802,0.0001,,,,,gru
475878,436,-0.056631,0.001815,1.721847,0.003698,0.031508,0.186289,0.008219,0.10079,0.0001,,,,,gru
475878,436,0.024592,0.001585,1.721904,0.003698,0.026183,0.090546,0.006492,0.062155,0.0001,,,,,gru
475878,436,-0.1025,0.002658,1.721947,0.003698,0.033385,0.134693,0.015225,0.103366,0.0001,,,,,gru
475878,436,0.120794,0.002845,1.722004,0.003698,0.032792,0.075923,0.008617,0.028551,0.0001,,,,,gru
475878,436,0.030718,0.002336,1.722051,0.003698,0.031287,0.167436,0.010861,0.091974,0.0001,,,,,gru
475878,436,-0.007911,0.002284,1.722101,0.003698,0.030601,0.095199,0.012011,0.048029,0.0001,,,,,gru
475878,436,-5e-05,0.002491,1.722149,0.003698,0.030827,0.167029,0.009679,0.128329,0.0001,,,,,gru
475878,436,-0.058309,0.002426,1.722181,0.003698,0.029766,0.092318,0.006201,0.059065,0.0001,,,,,gru
475878,436,0.040504,0.002724,1.722214,0.003698,0.033586,0.106958,0.02043,0.074165,0.0001,,,,,gru
475878,436,0.050216,0.002348,1.722267,0.003698,0.037086,0.133609,0.032588,0.089806,0.0001,,,,,gru
481068,440,-0.022101,0.001204,1.722317,0.003686,0.025479,0.066539,0.012717,0.037972,0.0001,,,,,gru
481068,440,-0.003202,0.00464,1.722367,0.003686,0.037153,0.189216,0.014786,0.109488,0.0001,,,,,gru
481068,440,0.115623,0.003289,1.722411,0.003686,0.0331,0.08466,0.026855,0.058063,0.0001,,,,,gru
481068,440,-0.088109,0.002976,1.722439,0.003686,0.032902,0.095061,0.016699,0.055544,0.0001,,,,,gru
481068,440,0.08115,0.003086,1.72246,0.003686,0.035015,0.167644,0.02158,0.101424,0.0001,,,,,gru
481068,440,0.084594,0.003246,1.722475,0.003686,0.027167,0.177985,0.01936,0.143322,0.0001,,,,,gru
481068,440,0.023499,0.001442,1.722478,0.003686,0.022934,0.101304,0.009219,0.077561,0.0001,,,,,gru
481068,440,0.029422,0.002258,1.722463,0.003686,0.028054,0.057781,0.005295,0.029597,0.0001,,,,,gru
481068,440,-0.022039,0.006188,1.722454,0.003686,0.037007,0.145356,0.020522,0.116406,0.0001,,,,,gru
481068,440,0.006712,0.002973,1.722469,0.003686,0.036529,0.051485,0.021653,0.0303,0.0001,,,,,gru
481068,440,0.10498,0.002972,1.722499,0.003686,0.033595,0.123737,0.01618,0.093926,0.0001,,,,,gru
481068,440,-0.122791,0.002766,1.722517,0.003686,0.035683,0.184925,0.027912,0.100628,0.0001,,,,,gru
486979,444,0.058278,0.002399,1.72252,0.003674,0.025018,0.070245,0.002025,0.030549,0.0001,,,,,gru
486979,444,-0.09072,0.002554,1.722507,0.003674,0.024879,0.110931,0.005417,0.067242,0.0001,,,,,gru
486979,444,0.057699,0.002972,1.722469,0.003674,0.025898,0.114506,0.005225,0.062377,0.0001,,,,,gru
486979,444,-0.003851,0.001984,1.722417,0.003674,0.022745,0.069921,0.004584,0.029061,0.0001,,,,,gru
486979,444,0.058008,0.002251,1.722352,0.003674,0.026124,0.114028,0.007054,0.071207,0.0001,,,,,gru
486979,444,-0.036052,0.003725,1.722265,0.003674,0.02812,0.100432,0.002794,0.073267,0.0001,,,,,gru
486979,444,-0.047398,0.003799,1.722171,0.003674,0.03073,0.164099,0.002958,0.115057,0.0001,,,,,gru
486979,444,0.058677,0.001634,1.722053,0.003674,0.022171,0.140054,0.004925,0.082909,0.0001,,,,,gru
486979,444,0.010522,0.002321,1.721933,0.003674,0.024975,0.050992,0.001976,0.015326,0.0001,,,,,gru
486979,444,-0.058958,0.002743,1.72181,0.003674,0.027431,0.063069,0.00899,0.039036,0.0001,,,,,gru
486979,444,-0.014369,0.00315,1.721687,0.003674,0.029329,0.130299,0.008875,0.09664,0.0001,,,,,gru
486979,444,0.107101,0.001825,1.721551,0.003674,0.025612,0.086199,0.002306,0.03839,0.0001,,,,,gru
492983,448,0.036128,0.001461,1.721406,0.003662,0.023737,0.122317,0.003418,0.095455,0.0001,,,,,gru
492983,448,0.039482,0.001899,1.721268,0.003662,0.025494,0.149054,0.007387,0.124374,0.0001,,,,,gru
492983,448,-0.096613,0.002062,1.721134,0.003662,0.025316,0.067834,0.010178,0.037895,0.0001,,,,,gru
492983,448,-0.106265,0.001853,1.721014,0.003662,0.026397,0.104675,0.015074,0.07425,0.0001,,,,,gru
492983,448,0.06211,0.002119,1.720912,0.003662,0.028153,0.101284,0.019781,0.071405,0.0001,,,,,gru
492983,448,0.034723,0.002012,1.720806,0.003662,0.028052,0.113565,0.017376,0.100737,0.0001,,,,,gru
492983,448,-0.07746,0.001395,1.720707,0.003662,0.023631,0.117404,0.009371,0.079945,0.0001,,,,,gru
492983,448,-0.026988,0.001365,1.720629,0.003662,0.021997,0.194443,0.002136,0.127748,0.0001,,,,,gru
492983,448,0.101479,0.002494,1.720567,0.003662,0.026174,0.189256,0.00245,0.1115,0.0001,,,,,gru
492983,448,-0.120673,0.0017,1.720489,0.003662,0.025565,0.069039,0.009473,0.044901,0.0001,,,,,gru
492983,448,0.022558,0.001631,1.720427,0.003662,0.022859,0.073499,0.007195,0.043316,0.0001,,,,,gru
492983,448,0.092667,0.00185,1.720365,0.003662,0.026536,0.132064,0.00309,0.068172,0.0001,,,,,gru
499034,452,0.019911,0.002023,1.720303,0.00365,0.024775,0.05008,0.002201,0.027798,0.0001,,,,,gru
499034,452,-0.009839,0.001782,1.720235,0.00365,0.022571,0.0497,0.001531,0.029767,0.0001,,,,,gru
499034,452,-0.014119,0.001845,1.720174,0.00365,0.024716,0.108589,0.002437,0.065068,0.0001,,,,,gru
499034,452,0.007424,0.001887,1.720104,0.00365,0.024164,0.069669,0.001671,0.025076,0.0001,,,,,gru
499034,452,-0.090245,0.00192,1.72002,0.00365,0.024356,0.156152,0.003408,0.124235,0.0001,,,,,gru
499034,452,0.081431,0.001734,1.719949,0.00365,0.023596,0.086587,0.002827,0.047579,0.0001,,,,,gru
499034,452,0.009214,0.001775,1.71988,0.00365,0.026488,0.066851,0.007041,0.029168,0.0001,,,,,gru
499034,452,-0.058706,0.002211,1.719802,0.00365,0.028317,0.12823,0.009327,0.084922,0.0001,,,,,gru
499034,452,0.049312,0.001577,1.719735,0.00365,0.025036,0.142018,0.009239,0.078521,0.0001,,,,,gru
499034,452,0.02382,0.002226,1.719662,0.00365,0.028736,0.054798,0.011493,0.027509,0.0001,,,,,gru
499034,452,-0.07837,0.002022,1.719599,0.00365,0.027107,0.062334,0.014244,0.029766,0.0001,,,,,gru
499034,452,0.055531,0.001372,1.719522,0.00365,0.029261,0.08358,0.011519,0.045889,0.0001,,,,,gru
504949,456,0.010937,0.002992,1.719431,0.003638,0.024013,0.052938,0.007684,0.025686,0.0001,,,,,gru
504949,456,0.017843,0.001977,1.719362,0.003638,0.023889,0.0952,0.002515,0.06607,0.0001,,,,,gru
504949,456,0.041045,0.001627,1.719301,0.003638,0.018553,0.048522,0.00153,0.024469,0.0001,,,,,gru
504949,456,-0.063174,0.002785,1.719242,0.003638,0.022693,0.075346,0.001324,0.040052,0.0001,,,,,gru
504949,456,0.079556,0.001423,1.719201,0.003638,0.019877,0.027323,0.005978,0.015004,0.0001,,,,,gru
504949,456,0.055011,0.00248,1.719159,0.003638,0.023454,0.117923,0.004823,0.068699,0.0001,,,,,gru
504949,456,-0.016272,0.002942,1.719117,0.003638,0.025261,0.087838,0.002823,0.068316,0.0001,,,,,gru
504949,456,0.033724,0.002104,1.719084,0.003638,0.018556,0.093814,0.006458,0.062088,0.0001,,,,,gru
504949,456,0.05512,0.001665,1.719054,0.003638,0.024111,0.039554,0.010557,0.019513,0.0001,,,,,gru
504949,456,0.047329,0.00232,1.719023,0.003638,0.021233,0.049742,0.009633,0.035841,0.0001,,,,,gru
504949,456,0.005993,0.003067,1.718994,0.003638,0.026688,0.05215,0.004767,0.03157,0.0001,,,,,gru
504949,456,0.016307,0.001284,1.718974,0.003638,0.020898,0.063326,0.00544,0.037796,0.0001,,,,,gru
510992,460,0.127115,0.001346,1.718958,0.003626,0.019341,0.065971,0.003428,0.029831,0.0001,,,,,gru
510992,460,-0.070618,0.001833,1.718962,0.003626,0.019353,0.065366,0.004413,0.038966,0.0001,,,,,gru
510992,460,-0.076254,0.001389,1.718954,0.003626,0.021982,0.172622,0.008261,0.097703,0.0001,,,,,gru
510992,460,-0.046968,0.001881,1.718956,0.003626,0.022287,0.082311,0.006388,0.048507,0.0001,,,,,gru
510992,460,0.028982,0.001105,1.718967,0.003626,0.018442,0.073392,0.00098,0.071344,0.0001,,,,,gru
510992,460,0.001665,0.001562,1.718982,0.003626,0.019367,0.067445,0.001682,0.049285,0.0001,,,,,gru
510992,460,-0.034276,0.001499,1.718994,0.003626,0.019561,0.130074,0.000956,0.097513,0.0001,,,,,gru
510992,460,-0.075727,0.001936,1.71902,0.003626,0.022337,0.116289,0.006549,0.080558,0.0001,,,,,gru
510992,460,0.096144,0.00105,1.719048,0.003626,0.019541,0.049898,0.005316,0.036116,0.0001,,,,,gru
510992,460,-0.040188,0.001653,1.719085,0.003626,0.023701,0.06827,0.011395,0.018831,0.0001,,,,,gru
510992,460,0.100843,0.001714,1.719143,0.003626,0.02422,0.072597,0.008242,0.04443,0.0001,,,,,gru
510992,460,-0.076778,0.001202,1.719206,0.003626,0.019802,0.120613,0.01094,0.086038,0.0001,,,,,gru
516971,464,0.012522,0.00203,1.719238,0.003614,0.020589,0.02736,0.005101,0.01704,0.0001,,,,,gru
516971,464,-0.05847,0.002195,1.719266,0.003614,0.022623,0.06392,0.003057,0.040492,0.0001,,,,,gru
516971,464,0.121464,0.002564,1.719293,0.003614,0.025134,0.071384,0.012118,0.027904,0.0001,,,,,gru
516971,464,0.044373,0.001486,1.719338,0.003614,0.02383,0.068888,0.015083,0.047083,0.0001,,,,,gru
516971,464,0.029627,0.002601,1.719386,0.003614,0.028589,0.067212,0.015181,0.025431,0.0001,,,,,gru
516971,464,-0.006702,0.003344,1.719433,0.003614,0.02922,0.061328,0.014434,0.049378,0.0001,,,,,gru
516971,464,-0.045056,0.003197,1.719484,0.003614,0.029977,0.050102,0.013724,0.03884,0.0001,,,,,gru
516971,464,0.121311,0.001712,1.719534,0.003614,0.029625,0.076768,0.021168,0.050878,0.0001,,,,,gru
516971,464,-0.00876,0.002745,1.719588,0.003614,0.025635,0.050101,0.014783,0.03999,0.0001,,,,,gru
516971,464,-0.010396,0.002365,1.71964,0.003614,0.026687,0.102604,0.009205,0.059704,0.0001,,,,,gru
516971,464,-0.038539,0.002971,1.719688,0.003614,0.022362,0.061795,0.004667,0.029716,0.0001,,,,,gru
516971,464,0.12598,0.001788,1.71974,0.003614,0.022675,0.092315,0.008611,0.052871,0.0001,,,,,gru
522790,468,-0.053874,0.00166,1.719795,0.003602,0.020574,0.072043,0.005467,0.03706,0.0001,,,,,gru
522790,468,0.055625,0.001563,1.719846,0.003602,0.025324,0.109591,0.007045,0.066304,0.0001,,,,,gru
522790,468,-0.004513,0.001869,1.719894,0.003602,0.024067,0.104863,0.010697,0.101623,0.0001,,,,,gru
522790,468,0.116258,0.002171,1.71995,0.003602,0.027081,0.083754,0.00657,0.059327,0.0001,,,,,gru
522790,468,-0.059422,0.001121,1.719991,0.003602,0.024375,0.122518,0.012221,0.075576,0.0001,,,,,gru
522790,468,-0.066848,0.001929,1.72004,0.003602,0.023098,0.116034,0.01249,0.099346,0.0001,,,,,gru
522790,468,-0.025571,0.002115,1.72008,0.003602,0.024861,0.096304,0.011081,0.077974,0.0001,,,,,gru
522790,468,0.075238,0.001016,1.720117,0.003602,0.023569,0.056679,0.008872,0.036487,0.0001,,,,,gru
522790,468,-0.060582,0.002199,1.720149,0.003602,0.028705,0.110388,0.013772,0.066037,0.0001,,,,,gru
522790,468,-0.089139,0.0018,1.720173,0.003602,0.029682,0.089135,0.01283,0.042446,0.0001,,,,,gru
522790,468,0.014471,0.001538,1.720194,0.003602,0.021934,0.049901,0.008331,0.043386,0.0001,,,,,gru
522790,468,0.088915,0.001904,1.720221,0.003602,0.020821,0.072165,0.002525,0.058502,0.0001,,,,,gru
528836,472,-0.012283,0.002096,1.720246,0.00359,0.01779,0.081835,0.003461,0.040573,0.0001,,,,,gru
528836,472,0.004601,0.001219,1.720269,0.00359,0.018114,0.089907,0.007397,0.057562,0.0001,,,,,gru
528836,472,-0.001512,0.001182,1.720297,0.00359,0.020845,0.074733,0.010805,0.043684,0.0001,,,,,gru
528836,472,-0.044505,0.001405,1.720328,0.00359,0.019375,0.07825,0.012495,0.039015,0.0001,,,,,gru
528836,472,0.01401,0.001628,1.720357,0.00359,0.020737,0.037932,0.015515,0.023711,0.0001,,,,,gru
528836,472,0.02333,0.001848,1.720384,0.00359,0.022833,0.095183,0.014294,0.067987,0.0001,,,,,gru
528836,472,0.056488,0.001707,1.720404,0.00359,0.020062,0.058108,0.012473,0.058075,0.0001,,,,,gru
528836,472,-0.066977,0.001495,1.720417,0.00359,0.017051,0.065932,0.004715,0.029677,0.0001,,,,,gru
528836,472,0.002818,0.001203,1.72042,0.00359,0.020292,0.094195,0.002202,0.051162,0.0001,,,,,gru
528836,472,-0.037359,0.001394,1.720427,0.00359,0.018191,0.064356,0.005181,0.038295,0.0001,,,,,gru
528836,472,0.032577,0.001706,1.720439,0.00359,0.022171,0.052455,0.008347,0.045474,0.0001,,,,,gru
528836,472,-0.002028,0.001145,1.720443,0.00359,0.02289,0.047847,0.011651,0.031762,0.0001,,,,,gru
534833,476,-0.028357,0.001335,1.720453,0.003578,0.016609,0.104698,0.004349,0.057636,0.0001,,,,,gru
534833,476,0.038305,0.001315,1.720467,0.003578,0.020221,0.175447,0.002952,0.105607,0.0001,,,,,gru
534833,476,-0.034268,0.001367,1.720475,0.003578,0.018306,0.055681,0.002244,0.029883,0.0001,,,,,gru
534833,476,-0.035265,0.000935,1.720481,0.003578,0.016463,0.032227,0.002453,0.024251,0.0001,,,,,gru
534833,476,0.024614,0.001346,1.720492,0.003578,0.018302,0.072258,0.004036,0.032147,0.0001,,,,,gru
534833,476,-0.008234,0.001673,1.720489,0.003578,0.016688,0.066441,0.003264,0.035783,0.0001,,,,,gru
534833,476,0.004913,0.001464,1.720476,0.003578,0.016532,0.198298,0.003649,0.150252,0.0001,,,,,gru
534833,476,-0.03555,0.001324,1.720462,0.003578,0.015804,0.079541,0.001179,0.058261,0.0001,,,,,gru
534833,476,0.012423,0.000962,1.720447,0.003578,0.019601,0.124951,0.006005,0.073403,0.0001,,,,,gru
534833,476,0.064697,0.001306,1.720424,0.003578,0.019582,0.089574,0.005074,0.048346,0.0001,,,,,gru
534833,476,-0.102159,0.001444,1.720415,0.003578,0.01856,0.092093,0.008725,0.046521,0.0001,,,,,gru
534833,476,0.020236,0.000939,1.720394,0.003578,0.017247,0.075493,0.004466,0.062829,0.0001,,,,,gru
539292,480,0.031081,0.003905,1.720372,0.003566,0.027661,0.08751,0.011313,0.05869,0.0001,,,,,gru
539292,480,0.061545,0.001666,1.720364,0.003566,0.02189,0.02644,0.002197,0.01637,0.0001,,,,,gru
539292,480,-0.217125,0.009205,1.720355,0.003566,0.040406,0.188017,0.023345,0.09566,0.0001,,,,,gru
539292,480,-0.03114,0.005148,1.72038,0.003566,0.032611,0.112123,0.005236,0.05742,0.0001,,,,,gru
539292,480,0.073377,0.002032,1.720407,0.003566,0.023383,0.075263,0.010083,0.055145,0.0001,,,,,gru
539292,480,0.048833,0.001154,1.720435,0.003566,0.021541,0.04854,0.010595,0.031517,0.0001,,,,,gru
539292,480,0.039794,0.004299,1.720472,0.003566,0.029689,0.170686,0.009871,0.109548,0.0001,,,,,gru
539292,480,0.035599,0.002507,1.720507,0.003566,0.027142,0.095403,0.008344,0.067721,0.0001,,,,,gru
539292,480,-0.112527,0.002809,1.720528,0.003566,0.032747,0.155054,0.011059,0.088569,0.0001,,,,,gru
539292,480,0.048653,0.002661,1.720566,0.003566,0.024793,0.056449,0.00144,0.031573,0.0001,,,,,gru
539292,480,0.003087,0.004303,1.72061,0.003566,0.029578,0.104742,0.006765,0.075915,0.0001,,,,,gru
539292,480,0.012312,0.000575,1.720657,0.003566,0.015303,0.061187,0.004291,0.036651,0.0001,,,,,gru
545308,484,-0.030718,0.001499,1.720703,0.003554,0.020939,0.076648,0.001855,0.028585,0.0001,,,,,gru
545308,484,-0.009082,0.001118,1.72075,0.003554,0.017365,0.131628,0.001848,0.077596,0.0001,,,,,gru
545308,484,0.033787,0.001394,1.720803,0.003554,0.019898,0.085283,0.003527,0.045129,0.0001,,,,,gru
545308,484,-0.028062,0.000838,1.720859,0.003554,0.019518,0.089697,0.006376,0.049701,0.0001,,,,,gru
545308,484,0.024139,0.001512,1.720918,0.003554,0.02571,0.10181,0.008845,0.053345,0.0001,,,,,gru
545308,484,-0.001814,0.001849,1.72098,0.003554,0.022218,0.087638,0.010146,0.049561,0.0001,,,,,gru
545308,484,-0.085642,0.001624,1.721038,0.003554,0.025431,0.251614,0.0134,0.134522,0.0001,,,,,gru
545308,484,0.121703,0.001474,1.721105,0.003554,0.022318,0.070758,0.006909,0.040323,0.0001,,,,,gru
545308,484,-0.04325,0.001089,1.72117,0.003554,0.021194,0.063864,0.006895,0.046002,0.0001,,,,,gru
545308,484,-0.018033,0.00088,1.721229,0.003554,0.019757,0.10665,0.003126,0.06911,0.0001,,,,,gru
545308,484,0.045634,0.001477,1.721296,0.003554,0.022142,0.10513,0.007236,0.044598,0.0001,,,,,gru
545308,484,-0.03296,0.001798,1.721358,0.003554,0.019834,0.050322,0.010409,0.021418,0.0001,,,,,gru
550989,488,0.019548,0.001591,1.721422,0.003542,0.022657,0.065284,0.005283,0.035674,0.0001,,,,,gru
550989,488,0.020107,0.003924,1.721496,0.003542,0.026475,0.055753,0.00371,0.035841,0.0001,,,,,gru
550989,488,0.006523,0.002548,1.721567,0.003542,0.024015,0.05817,0.007733,0.043179,0.0001,,,,,gru
550989,488,-0.04162,0.003324,1.721638,0.003542,0.029249,0.042073,0.004666,0.023879,0.0001,,,,,gru
550989,488,0.063409,0.002149,1.72171,0.003542,0.022319,0.07523,0.012618,0.050609,0.0001,,,,,gru
550989,488,0.030437,0.002719,1.721787,0.003542,0.024952,0.040895,0.009565,0.025393,0.0001,,,,,gru
550989,488,0.063199,0.003053,1.721864,0.003542,0.025342,0.025906,0.007733,0.014452,0.0001,,,,,gru
550989,488,-0.017347,0.003007,1.721938,0.003542,0.025027,0.06194,0.001381,0.031186,0.0001,,,,,gru
550989,488,-0.000623,0.001684,1.722025,0.003542,0.019607,0.021812,0.001358,0.019381,0.0001,,,,,gru
550989,488,0.072668,0.001166,1.722103,0.003542,0.02149,0.086467,0.000675,0.042726,0.0001,,,,,gru
550989,488,0.103197,0.002168,1.722192,0.003542,0.021026,0.038255,0.001844,0.022932,0.0001,,,,,gru
550989,488,-0.162951,0.005099,1.722278,0.003542,0.031085,0.099069,0.020898,0.061006,0.0001,,,,,gru
555217,492,0.064053,0.002028,1.722357,0.00353,0.025452,0.097694,0.004711,0.085077,0.0001,,,,,gru
555217,492,-0.025229,0.005395,1.722438,0.00353,0.029046,0.147924,0.0098,0.082952,0.0001,,,,,gru
555217,492,0.108345,0.000759,1.72252,0.00353,0.01549,0.13003,0.006549,0.059279,0.0001,,,,,gru
555217,492,0.073593,0.003487,1.722574,0.00353,0.021457,0.093647,0.007048,0.058659,0.0001,,,,,gru
555217,492,-0.003054,0.003343,1.722623,0.00353,0.035119,0.078772,0.00633,0.05687,0.0001,,,,,gru
555217,492,-0.294359,0.009681,1.722679,0.00353,0.054555,0.282694,0.021453,0.125638,0.0001,,,,,gru
555217,492,-0.060232,0.003522,1.72279,0.00353,0.038711,0.059633,0.012952,0.02282,0.0001,,,,,gru
555217,492,0.081018,0.004461,1.722913,0.00353,0.038543,0.11307,0.023518,0.068024,0.0001,,,,,gru
555217,492,0.383387,0.003105,1.723021,0.00353,0.047826,0.213426,0.042543,0.098582,0.0001,,,,,gru
555217,492,0.070174,0.003364,1.723074,0.00353,0.035501,0.164604,0.020669,0.092617,0.0001,,,,,gru
555217,492,-0.020873,0.003923,1.723127,0.00353,0.031635,0.097934,0.004796,0.049243,0.0001,,,,,gru
555217,492,0.013941,0.006761,1.723194,0.00353,0.017726,0.187935,0.00276,0.116576,0.0001,,,,,gru
561532,496,0.042802,0.002214,1.723268,0.003518,0.024643,0.089605,0.004146,0.046148,0.0001,,,,,gru
561532,496,0.001096,0.00175,1.723313,0.003518,0.027114,0.095925,0.015302,0.086239,0.0001,,,,,gru
561532,496,-0.061858,0.001867,1.723354,0.003518,0.036187,0.098019,0.027243,0.060048,0.0001,,,,,gru
561532,496,-0.008465,0.001288,1.723396,0.003518,0.036071,0.06613,0.03226,0.048652,0.0001,,,,,gru
561532,496,-0.039393,0.002799,1.723436,0.003518,0.042779,0.168899,0.036256,0.108339,0.0001,,,,,gru
561532,496,-0.03965,0.002206,1.723467,0.003518,0.039083,0.110599,0.031867,0.106865,0.0001,,,,,gru
561532,496,0.041832,0.001688,1.723481,0.003518,0.031274,0.069704,0.019071,0.055567,0.0001,,,,,gru
561532,496,0.171196,0.001286,1.723489,0.003518,0.029604,0.192445,0.005932,0.092482,0.0001,,,,,gru
561532,496,-0.115687,0.001912,1.723499,0.003518,0.021399,0.074454,0.004652,0.064053,0.0001,,,,,gru
561532,496,0.076412,0.001696,1.723506,0.003518,0.026905,0.077012,0.01424,0.036362,0.0001,,,,,gru
561532,496,0.029637,0.001953,1.723493,0.003518,0.033333,0.091154,0.0214,0.071358,0.0001,,,,,gru
561532,496,-0.098089,0.001522,1.723482,0.003518,0.021416,0.112838,0.016143,0.06666,0.0001,,,,,gru
561532,496,0.058048,0.002581,1.723497,0.003518,0.038485,0.079254,0.030276,0.053266,0.0001,,,,,gru
561532,496,-0.055553,0.002137,1.723495,0.003518,0.036456,0.114505,0.026139,0.078107,0.0001,,,,,gru
561532,496,-0.010757,0.001989,1.723492,0.003518,0.030356,0.115636,0.021606,0.074407,0.0001,,,,,gru
561532,496,-0.087138,0.001648,1.723482,0.003518,0.022911,0.341193,0.017364,0.182225,0.0001,,,,,gru
567343,500,0.017568,0.000959,1.723462,0.003506,0.017355,0.077924,0.00777,0.035485,0.0001,,,,,gru
567343,500,0.020299,0.001517,1.723463,0.003506,0.016978,0.044017,0.005076,0.021726,0.0001,,,,,gru
567343,500,-0.04754,0.001589,1.723465,0.003506,0.016675,0.109423,0.000954,0.057508,0.0001,,,,,gru
567343,500,-0.064947,0.000792,1.723448,0.003506,0.016458,0.077487,0.001753,0.04648,0.0001,,,,,gru
567343,500,-0.032476,0.001422,1.723445,0.003506,0.014977,0.186579,0.000833,0.110177,0.0001,,,,,gru
567343,500,0.114789,0.001926,1.723446,0.003506,0.021019,0.263195,0.003609,0.13206,0.0001,,,,,gru
567343,500,-0.0652,0.001782,1.723425,0.003506,0.018057,0.153077,0.002511,0.074217,0.0001,,,,,gru
567343,500,-0.015367,0.001,1.723407,0.003506,0.017468,0.104509,0.004699,0.052826,0.0001,,,,,gru
567343,500,0.094561,0.001296,1.72337,0.003506,0.022316,0.067394,0.003747,0.02147,0.0001,,,,,gru
567343,500,0.028172,0.001433,1.723355,0.003506,0.021844,0.081418,0.008296,0.062978,0.0001,,,,,gru
567343,500,0.020069,0.001246,1.723344,0.003506,0.023463,0.162365,0.012153,0.124918,0.0001,,,,,gru
567343,500,-0.054239,0.00155,1.723318,0.003506,0.027533,0.09185,0.018511,0.061088,0.0001,,,,,gru
