episode,global_step,reward,avg10,length,success,goal_touched,collision,timeout,min_dist,avg_speed_ms,end_reason,elapsed_s,act0_mean,act0_std,act0_min,act0_max,act1_mean,act1_std,act1_min,act1_max,obs_mean,obs_std,obs_min,obs_max,actor_loss,critic_loss,policy_entropy,entropy_coef,value_residual,grad_norm_actor,grad_norm_critic,grad_norm_rnn,lr_actor,lr_critic,alpha,alpha_loss,target_update_magnitude,replay_buffer_size,recurrent_cell
1,134,-5.3265,-5.3265,134,0,0,1,0,3.6381,2.029,collision,1.6,-0.242247,0.390582,-0.828294,0.695445,5.132665,0.965057,1.023869,5.989796,0.418631,0.395459,-0.244997,1.0,,,,,,,,,,,,,,0,gru
2,276,-2.6251,-3.9758,142,0,0,1,0,3.6469,2.087,collision,3.0,-0.199856,0.393328,-0.847241,0.757259,5.152302,0.854451,2.339777,5.985272,0.419036,0.398087,-0.299076,1.003327,,,,,,,,,,,,,,0,gru
3,415,-2.9844,-3.6454,139,0,0,1,0,3.6197,2.135,collision,4.3,-0.063381,0.39353,-0.787069,0.755286,5.05334,1.017715,0.923393,5.976969,0.411806,0.394288,-0.167567,1.0,,,,,,,,,,,,,,0,gru
4,552,-5.5409,-4.1193,137,0,0,1,0,3.6788,2.046,collision,6.3,-0.249794,0.397215,-0.853182,0.863987,5.05388,0.945409,1.97384,5.981483,0.418103,0.396638,-0.433599,1.005608,-0.086675,0.048139,1.749702,0.004994,0.164756,0.216083,0.177996,0.247542,3.7e-05,,,,,0,gru
5,689,-3.4377,-3.9829,137,0,0,1,0,3.5436,2.141,collision,7.7,-0.02825,0.380838,-0.809262,0.700297,5.104316,1.022128,0.761434,5.974238,0.407201,0.390445,-0.124354,1.0,,,,,,,,,,,,,,0,gru
6,811,-8.5173,-4.7387,122,0,0,1,0,3.5677,2.162,collision,8.9,-0.04778,0.378514,-0.85486,0.770335,5.21509,0.813081,1.461975,5.994493,0.419297,0.394207,-0.068225,1.0,,,,,,,,,,,,,,0,gru
7,944,-9.1795,-5.3731,133,0,0,1,0,3.7257,1.985,collision,10.3,-0.385397,0.300225,-0.851706,0.350932,5.080154,0.924074,0.195766,5.974219,0.407399,0.39434,-0.605842,1.008983,,,,,,,,,,,,,,0,gru
8,1082,-4.6005,-5.2765,138,0,0,1,0,3.6708,2.071,collision,12.0,-0.226192,0.375224,-0.815703,0.599707,4.985179,1.000854,0.974136,5.993651,0.415604,0.39513,-0.362885,1.005848,-0.088217,0.042761,1.749697,0.004982,0.135432,0.167262,0.120454,0.178687,4.9e-05,,,,,0,gru
9,1217,-5.1365,-5.2609,135,0,0,1,0,3.6788,2.056,collision,13.4,-0.161325,0.407312,-0.864204,0.702443,4.973845,1.099851,0.444342,5.99216,0.41579,0.3947,-0.238055,1.00584,,,,,,,,,,,,,,0,gru
10,1351,-5.2856,-5.2634,134,0,0,1,0,3.6014,2.147,collision,14.7,-0.007724,0.387625,-0.786828,0.739456,5.006732,1.076226,1.286656,5.978942,0.408666,0.389021,-0.276822,1.0,,,,,,,,,,,,,,0,gru
11,1486,-4.2775,-5.1585,135,0,0,1,0,3.6003,2.133,collision,16.1,-0.135001,0.387979,-0.847214,0.650216,5.17157,0.902168,1.920569,5.983499,0.410947,0.391216,-0.170963,1.0,,,,,,,,,,,,,,0,gru
12,1614,-8.1831,-5.7143,128,0,0,1,0,3.5845,2.086,collision,17.7,-0.218928,0.368034,-0.837785,0.724401,4.986537,0.977794,1.041192,5.993166,0.412709,0.391164,-0.466522,1.0,-0.094901,0.034215,1.749688,0.00497,0.10494,0.247024,0.049174,0.148493,6.1e-05,,,,,0,gru
13,1757,-1.3886,-5.5547,143,0,0,1,0,3.5417,2.13,collision,19.1,-0.041065,0.398513,-0.824838,0.720182,5.154869,0.836063,1.405008,5.97443,0.408604,0.391166,-0.153459,1.0,,,,,,,,,,,,,,0,gru
14,1891,-4.711,-5.4717,134,0,0,1,0,3.5381,2.109,collision,20.5,-0.004708,0.408384,-0.814157,0.775983,5.062282,0.991456,0.963692,5.972455,0.402847,0.384345,-0.158403,1.0,,,,,,,,,,,,,,0,gru
15,2036,-3.8777,-5.5157,145,0,0,1,0,3.6108,2.064,collision,22.0,0.044469,0.439599,-0.801659,0.861391,5.130461,0.920385,1.213692,5.974113,0.398108,0.389751,-0.480924,1.0,,,,,,,,,,,,,,0,gru
16,2180,-1.3498,-4.799,144,0,0,1,0,3.5749,2.106,collision,23.7,-0.023305,0.407563,-0.833724,0.841657,5.08275,1.027274,1.720857,5.973353,0.406295,0.391352,-0.197364,1.0,-0.068213,0.032328,1.74972,0.004958,0.100794,0.232418,0.029427,0.12046,7.3e-05,,,,,0,gru
17,2342,-3.7395,-4.255,162,0,0,1,0,3.6425,2.12,collision,25.4,0.093178,0.388588,-0.854189,0.833317,4.860475,1.057389,0.860626,5.977995,0.392659,0.387591,-0.581255,1.007699,,,,,,,,,,,,,,0,gru
18,2470,-7.8208,-4.577,128,0,0,1,0,3.656,2.054,collision,26.7,-0.26125,0.348836,-0.817354,0.667564,4.877703,1.179465,0.469621,5.984606,0.416167,0.39364,-0.337797,1.0,,,,,,,,,,,,,,0,gru
19,2745,15.9184,-2.4715,275,0,0,1,0,3.4379,2.107,collision,29.4,0.167869,0.377554,-0.727353,0.838019,5.010426,0.966523,0.858023,5.982781,0.397069,0.405985,-0.754478,1.00995,,,,,,,,,,,,,,0,gru
20,2888,-3.1551,-2.2585,143,0,0,1,0,3.5404,2.133,collision,31.3,0.089319,0.394121,-0.813746,0.833214,5.021137,1.022109,1.299679,5.96709,0.395184,0.38698,-0.416922,1.0,-0.012168,0.026689,1.749836,0.004946,0.093408,0.247856,0.040346,0.132281,8.5e-05,,,,,0,gru
21,3021,-5.1747,-2.3482,133,0,0,1,0,3.6519,2.137,collision,32.6,-0.085489,0.389362,-0.843405,0.755674,5.268837,0.76711,1.989044,5.990659,0.408609,0.389867,-0.147376,1.002988,,,,,,,,,,,,,,0,gru
22,3187,-12.3604,-2.7659,166,0,0,1,0,3.648,2.038,collision,34.3,0.176133,0.418574,-0.791796,0.843733,4.877763,1.059363,1.71655,5.976598,0.386766,0.3989,-0.736712,1.0,,,,,,,,,,,,,,0,gru
23,3321,-5.2561,-3.1527,134,0,0,1,0,3.6354,2.017,collision,35.7,-0.123993,0.445039,-0.842264,0.771742,5.145269,0.912265,0.746027,5.991279,0.42251,0.399292,-0.224341,1.0,,,,,,,,,,,,,,0,gru
24,3483,-4.7046,-3.152,162,0,0,1,0,3.6215,2.113,collision,37.6,0.114753,0.392474,-0.857869,0.787667,4.933702,1.18722,0.715547,5.976744,0.380964,0.382733,-0.558945,1.001751,-0.017816,0.032352,1.750065,0.004934,0.077258,0.269089,0.028428,0.132325,9.7e-05,,,,,0,gru
25,3608,-13.5555,-4.1198,125,0,0,1,0,3.6625,1.876,collision,38.9,-0.423459,0.313911,-0.870227,0.601622,4.638295,1.238369,1.172028,5.974994,0.391423,0.386454,-0.652277,1.0,,,,,,,,,,,,,,0,gru
26,3739,-5.715,-4.5563,131,0,0,1,0,3.5562,2.14,collision,40.2,-0.001804,0.389379,-0.806324,0.758479,5.17994,0.974185,1.177814,5.980086,0.411218,0.389497,-0.202002,1.0,,,,,,,,,,,,,,0,gru
27,3882,-1.9658,-4.379,143,0,0,1,0,3.6595,2.099,collision,41.6,-0.159639,0.390393,-0.859642,0.623854,5.199105,0.904796,1.067134,5.991671,0.412837,0.393986,-0.261806,1.008961,,,,,,,,,,,,,,0,gru
28,4015,-5.1405,-4.1109,133,0,0,1,0,3.6133,2.075,collision,43.4,-0.139989,0.40969,-0.850736,0.790474,5.149179,0.90218,0.573627,5.986967,0.418216,0.396222,-0.195272,1.0,-0.09704,0.028061,1.750262,0.004922,0.064296,0.374931,0.031752,0.192119,0.0001,,,,,0,gru
29,4153,-6.0686,-6.3096,138,0,0,1,0,3.6168,2.016,collision,44.8,-0.286253,0.371029,-0.83192,0.654919,5.164576,0.964622,1.150259,5.984903,0.416264,0.397682,-0.530274,1.0,,,,,,,,,,,,,,0,gru
30,4292,-5.9574,-6.5899,139,0,0,1,0,3.6391,2.07,collision,46.1,0.04641,0.44018,-0.836693,0.82204,5.222303,0.819717,1.976372,5.994632,0.400161,0.387079,-0.415713,1.0,,,,,,,,,,,,,,0,gru
31,4426,-4.8306,-6.5555,134,0,0,1,0,3.5802,2.11,collision,47.5,-0.103224,0.397138,-0.804218,0.755722,5.305926,0.76594,1.830347,5.99358,0.40965,0.38792,-0.20649,1.0,,,,,,,,,,,,,,0,gru
32,4560,-6.1877,-5.9382,134,0,0,1,0,3.6015,2.06,collision,49.1,-0.230248,0.365979,-0.840062,0.594724,5.118552,1.011167,1.299854,5.991522,0.41469,0.393684,-0.451276,1.0,-0.058816,0.029154,1.750371,0.00491,0.070426,0.266577,0.015253,0.123342,0.0001,,,,,0,gru
33,4698,-5.1679,-5.9293,138,0,0,1,0,3.5501,2.074,collision,50.5,-0.242436,0.36022,-0.81265,0.675058,5.148797,0.84795,2.034749,5.96869,0.412858,0.390638,-0.503001,1.0,,,,,,,,,,,,,,0,gru
34,5229,69.9739,1.5385,531,0,0,1,0,2.7547,2.053,collision,55.8,0.126939,0.422682,-0.839198,0.849594,5.070518,0.980576,0.502033,5.981818,0.360182,0.385147,-0.971673,1.0,,,,,,,,,,,,,,0,gru
35,5399,-4.9387,2.4002,170,0,0,1,0,3.5674,2.122,collision,57.5,0.093794,0.40612,-0.8427,0.823538,5.17041,0.799654,1.674509,5.975395,0.371856,0.380979,-0.61822,1.0,,,,,,,,,,,,,,0,gru
36,5531,-6.1642,2.3553,132,0,0,1,0,3.6084,2.069,collision,59.3,-0.201282,0.394697,-0.832482,0.717532,5.214746,0.903409,1.817743,5.97134,0.418706,0.393866,-0.312352,1.0,-0.009308,0.022943,1.750306,0.004898,0.092073,0.132778,0.043379,0.076767,0.0001,,,,,0,gru
37,6192,168.097,19.3616,661,0,0,1,0,2.2163,2.101,collision,65.8,-0.115313,0.409177,-0.849638,0.867488,5.217323,0.815809,0.925095,5.993598,0.397065,0.394419,-0.690659,1.0,,,,,,,,,,,,,,0,gru
38,6340,-0.2374,19.8519,148,0,0,1,0,3.5514,2.118,collision,67.4,-0.060107,0.407854,-0.766385,0.777237,5.282543,0.718814,2.485844,5.983353,0.403701,0.387115,-0.249628,1.0,,,,,,,,,,,,,,0,gru
39,6481,-2.5594,20.2028,141,0,0,1,0,3.6329,2.135,collision,68.8,-0.096339,0.400168,-0.839748,0.749985,5.233718,0.81445,1.646941,5.972739,0.406837,0.390726,-0.195224,1.00275,,,,,,,,,,,,,,0,gru
40,6624,-2.6826,20.5303,143,0,0,1,0,3.5932,2.07,collision,70.6,-0.181133,0.393816,-0.86949,0.688492,5.180811,0.94124,1.612324,5.993754,0.417445,0.39503,-0.340838,1.0,0.002976,0.019293,1.75034,0.004886,0.097416,0.106282,0.059872,0.087626,0.0001,,,,,0,gru
41,6755,-6.9143,20.3219,131,0,0,1,0,3.6807,2.04,collision,72.0,-0.242255,0.402166,-0.828899,0.653661,5.145182,0.923979,1.086252,5.987128,0.418933,0.396324,-0.298336,1.003071,,,,,,,,,,,,,,0,gru
42,6924,4.6297,21.4036,169,0,0,1,0,3.6489,2.028,collision,73.7,-0.265918,0.38462,-0.854111,0.743115,5.076253,1.048616,1.420852,5.989358,0.409287,0.396787,-0.488138,1.00983,,,,,,,,,,,,,,0,gru
43,7084,1.1783,22.0382,160,0,0,1,0,3.6472,2.036,collision,75.4,-0.259602,0.382729,-0.852652,0.79183,5.011711,0.962475,0.325327,5.971337,0.405001,0.389012,-0.49253,1.003271,,,,,,,,,,,,,,0,gru
44,7228,-2.7715,14.7637,144,0,0,1,0,3.6326,2.153,collision,77.2,-0.131464,0.367508,-0.8165,0.73085,5.353758,0.727006,2.748702,5.992084,0.405801,0.384875,-0.366872,1.001166,-0.035604,0.022237,1.750282,0.004874,0.077576,0.313189,0.036397,0.163351,0.0001,,,,,0,gru
45,7490,0.0605,15.2636,262,0,0,1,0,3.4762,2.051,collision,79.9,0.178568,0.406685,-0.794929,0.864954,5.042814,0.967762,0.599196,5.9911,0.375806,0.40668,-0.787146,1.0,,,,,,,,,,,,,,0,gru
46,7630,-4.1188,15.4682,140,0,0,1,0,3.6687,2.101,collision,81.3,-0.065608,0.411299,-0.830952,0.734139,5.149127,0.951972,1.37019,5.991253,0.40709,0.389297,-0.25223,1.00848,,,,,,,,,,,,,,0,gru
47,7776,-2.0985,-1.5514,146,0,0,1,0,3.6525,2.043,collision,82.8,-0.271017,0.374997,-0.849466,0.807641,5.054408,0.940842,2.157957,5.964014,0.423914,0.403141,-0.383429,1.004285,,,,,,,,,,,,,,0,gru
48,8311,64.6708,4.9394,535,0,0,1,0,2.8031,2.064,collision,88.5,0.107165,0.427793,-0.886918,0.859588,5.132586,0.904365,0.950264,5.991176,0.365712,0.387818,-0.961252,1.0,-0.005653,0.018076,1.750131,0.004862,0.073547,0.306794,0.012972,0.158352,0.0001,,,,,0,gru
49,8468,-0.805,5.1149,157,0,0,1,0,3.647,2.101,collision,90.2,-0.086046,0.406621,-0.854405,0.765901,5.007944,1.025177,0.360377,5.974277,0.398329,0.386455,-0.356218,1.009411,,,,,,,,,,,,,,0,gru
50,8605,-4.9675,4.8864,137,0,0,1,0,3.6777,2.09,collision,91.6,-0.187304,0.394005,-0.857276,0.674898,5.03944,0.975024,1.578807,5.98652,0.415041,0.392402,-0.31024,1.006846,,,,,,,,,,,,,,0,gru
51,8753,-5.1937,5.0584,148,0,0,1,0,3.6472,1.898,collision,93.1,-0.431472,0.321973,-0.833489,0.572731,4.732895,1.125686,1.673265,5.973813,0.400517,0.395581,-0.588353,1.0,,,,,,,,,,,,,,0,gru
52,8913,-1.25,4.4705,160,0,0,1,0,3.6258,2.187,collision,95.0,-0.025605,0.369093,-0.864765,0.784523,5.170855,0.820575,1.58942,5.986007,0.396163,0.385843,-0.404531,1.008082,-0.055751,0.022658,1.749912,0.00485,0.076174,0.208203,0.048566,0.112932,0.0001,,,,,0,gru
53,9078,3.1531,4.6679,165,0,0,1,0,3.5869,2.127,collision,96.6,-0.129375,0.38179,-0.844786,0.762823,5.197022,0.808972,1.590273,5.98887,0.394097,0.382935,-0.349401,1.001999,,,,,,,,,,,,,,0,gru
54,9227,-1.1415,4.8309,149,0,0,1,0,3.556,2.108,collision,98.2,-0.094961,0.412927,-0.883188,0.798002,5.224947,0.780888,1.590014,5.991804,0.399973,0.385766,-0.336408,1.0,,,,,,,,,,,,,,0,gru
55,9364,-5.0052,4.3244,137,0,0,1,0,3.545,2.054,collision,99.6,-0.25573,0.350626,-0.858244,0.678611,5.213383,0.960931,0.587197,5.988693,0.416849,0.393539,-0.400551,1.0,,,,,,,,,,,,,,0,gru
56,9516,-0.0844,4.7278,152,0,0,1,0,3.572,2.147,collision,101.5,-0.120047,0.37569,-0.855837,0.670709,5.214933,0.831741,2.433562,5.994611,0.399969,0.384372,-0.324723,1.0,-0.080146,0.031099,1.749519,0.004838,0.097899,0.476215,0.0433,0.228812,0.0001,,,,,0,gru
57,9668,-2.9096,4.6467,152,0,0,1,0,3.6472,1.889,collision,103.0,-0.401595,0.359481,-0.869929,0.735813,4.767635,1.16698,0.581767,5.987471,0.403981,0.39522,-0.458212,1.0,,,,,,,,,,,,,,0,gru
58,10395,57.7265,3.9523,727,0,0,1,0,2.7775,2.087,collision,110.2,0.133178,0.407789,-0.834999,0.864478,5.080835,0.99005,0.888806,5.99352,0.384794,0.412616,-0.999821,1.0,,,,,,,,,,,,,,0,gru
59,10935,60.2867,10.0614,540,0,0,1,0,2.7887,2.124,collision,115.7,0.13079,0.384516,-0.786085,0.873678,5.018672,0.979106,0.586385,5.990828,0.376818,0.396168,-0.951163,1.0,,,,,,,,,,,,,,0,gru
60,11093,-0.8241,10.4758,158,0,0,1,0,3.5897,2.116,collision,118.2,-0.002726,0.401558,-0.834236,0.807666,5.088994,1.083038,0.095951,5.980212,0.390119,0.384341,-0.39226,1.0,0.004684,0.013267,1.749028,0.004826,0.07493,0.197851,0.031649,0.117389,0.0001,,,,,0,gru
61,11616,52.2796,16.2231,523,0,0,1,0,2.8485,2.058,collision,123.3,0.119887,0.429938,-0.834422,0.897245,4.998815,1.001007,0.884653,5.983324,0.351313,0.384876,-0.974425,1.0,,,,,,,,,,,,,,0,gru
62,12046,-35.4006,12.808,430,0,0,1,0,3.5872,2.0,collision,127.4,-0.011817,0.479978,-0.859933,0.854552,4.984417,0.996201,0.401355,5.995933,0.394512,0.439984,-0.999994,1.0,,,,,,,,,,,,,,0,gru
63,12506,-18.2835,10.6644,460,0,0,1,0,3.5433,2.02,collision,131.9,0.036646,0.458955,-0.876264,0.865192,4.937331,1.09906,0.57361,5.980364,0.389674,0.4313,-0.999977,1.011047,,,,,,,,,,,,,,0,gru
64,12637,-7.7191,10.0066,131,0,0,1,0,3.617,2.028,collision,133.7,-0.240522,0.389596,-0.851842,0.749337,4.955801,0.999456,0.871757,5.971281,0.416876,0.394411,-0.45994,1.0,-0.008754,0.016683,1.748616,0.004814,0.081462,0.232321,0.025848,0.127596,0.0001,,,,,0,gru
65,12796,2.4933,10.7565,159,0,0,1,0,3.5733,2.117,collision,135.3,-0.028694,0.408366,-0.813315,0.871764,5.011443,0.929876,1.143317,5.99119,0.393025,0.381583,-0.281766,1.0,,,,,,,,,,,,,,0,gru
66,13983,335.1262,44.2775,1187,0,0,1,0,1.033,2.106,collision,146.8,-0.01933,0.410158,-0.858921,0.865142,4.999052,1.041506,0.306052,5.991717,0.373795,0.395437,-0.780007,1.0,,,,,,,,,,,,,,0,gru
67,14107,-15.0203,43.0665,124,0,0,1,0,3.7229,1.776,collision,147.9,-0.519506,0.277969,-0.868553,0.462809,4.630752,1.257268,0.949751,5.969136,0.395321,0.392814,-0.712284,1.0,,,,,,,,,,,,,,0,gru
68,14379,14.2066,38.7145,272,0,0,1,0,3.4017,2.1,collision,151.2,0.098441,0.398404,-0.819076,0.87241,5.075003,0.978314,0.798793,5.976689,0.383181,0.396601,-0.714265,1.0,0.009472,0.015105,1.748216,0.004802,0.11164,0.13853,0.085969,0.124859,0.0001,,,,,0,gru
69,14642,0.9111,32.7769,263,0,0,1,0,3.4451,2.077,collision,153.9,0.116319,0.406909,-0.784053,0.814804,4.939362,1.087505,1.089965,5.977064,0.37222,0.404999,-0.818373,1.0,,,,,,,,,,,,,,0,gru
70,14777,-6.9133,32.168,135,0,0,1,0,3.5669,2.001,collision,155.2,-0.295722,0.379163,-0.83924,0.563069,5.104237,0.88961,1.754669,5.989281,0.414976,0.395369,-0.558136,1.0,,,,,,,,,,,,,,0,gru
71,15511,55.9687,32.5369,734,0,0,1,0,2.783,2.116,collision,162.4,0.10495,0.399579,-0.842843,0.858029,5.103272,0.905986,0.92633,5.995611,0.388852,0.414459,-0.99998,1.0,,,,,,,,,,,,,,0,gru
72,15657,-1.0068,35.9763,146,0,0,1,0,3.5232,2.161,collision,164.3,-0.091781,0.383359,-0.866612,0.751904,5.293625,0.715403,2.291432,5.985151,0.406196,0.386089,-0.3066,1.0,-0.008215,0.017545,1.747837,0.00479,0.072444,0.181576,0.020169,0.083878,0.0001,,,,,0,gru
73,15800,-2.6435,37.5403,143,0,0,1,0,3.5429,2.111,collision,165.7,-0.219501,0.355015,-0.826808,0.732451,4.970937,0.978886,1.09376,5.978028,0.410404,0.38968,-0.396267,1.0,,,,,,,,,,,,,,0,gru
74,15937,-8.3528,37.4769,137,0,0,1,0,3.6344,1.886,collision,167.0,-0.379066,0.386376,-0.854865,0.750798,4.814178,1.193003,0.713349,5.986285,0.416494,0.398159,-0.620461,1.0,,,,,,,,,,,,,,0,gru
75,16110,4.5178,37.6794,173,0,0,1,0,3.6495,1.984,collision,168.8,-0.31272,0.367184,-0.881861,0.684493,4.812349,1.130039,0.046197,5.975499,0.404391,0.39136,-0.501208,1.00692,,,,,,,,,,,,,,0,gru
76,16630,60.7618,10.243,520,0,0,1,0,2.8395,2.053,collision,174.4,0.076552,0.439458,-0.842886,0.854549,4.985714,0.946442,1.014454,5.973899,0.355454,0.387103,-0.977783,1.0,-0.022681,0.016361,1.747515,0.004778,0.073431,0.200576,0.018032,0.098755,0.0001,,,,,0,gru
77,16770,-4.71,11.274,140,0,0,1,0,3.5741,2.061,collision,175.8,-0.256229,0.359182,-0.855525,0.642492,5.033363,0.932223,1.841938,5.985788,0.409314,0.386806,-0.421761,1.0,,,,,,,,,,,,,,0,gru
78,17040,5.2497,10.3783,270,0,0,1,0,3.4127,2.099,collision,178.4,0.104516,0.406617,-0.832746,0.830582,5.089607,0.859427,1.615395,5.974629,0.380745,0.404775,-0.813614,1.0,,,,,,,,,,,,,,0,gru
79,17990,96.3091,19.9181,950,0,0,1,0,2.487,2.113,collision,187.6,0.011181,0.416613,-0.877535,0.839447,4.978032,0.981293,0.560187,5.983435,0.37557,0.412543,-0.986204,1.0,,,,,,,,,,,,,,0,gru
80,18139,-3.3037,20.279,149,0,0,1,0,3.6043,2.138,collision,189.8,-0.025317,0.406775,-0.781014,0.720491,5.16204,0.872343,1.432642,5.985189,0.398483,0.386281,-0.427991,1.0,0.00198,0.01436,1.747209,0.004766,0.071133,0.17919,0.007446,0.089756,0.0001,,,,,0,gru
81,18310,3.6847,15.0506,171,0,0,1,0,3.5365,2.131,collision,191.5,-0.045054,0.392453,-0.833548,0.785659,5.153671,0.862526,1.668071,5.983305,0.395554,0.382539,-0.431037,1.0,,,,,,,,,,,,,,0,gru
82,18828,55.5871,20.71,518,0,0,1,0,2.8529,2.067,collision,196.5,0.077779,0.433788,-0.838588,0.875243,5.008802,1.004496,0.513895,5.992685,0.352101,0.385941,-0.978374,1.0,,,,,,,,,,,,,,0,gru
83,18980,-5.4355,20.4308,152,0,0,1,0,3.5632,2.04,collision,198.0,0.041173,0.448429,-0.826188,0.806459,5.074624,0.94396,0.999291,5.981692,0.38302,0.384013,-0.512339,1.0,,,,,,,,,,,,,,0,gru
84,19127,-2.8586,20.9802,147,0,0,1,0,3.5875,2.14,collision,199.8,-0.092412,0.379467,-0.796862,0.708894,5.176815,0.890093,1.44505,5.980279,0.393656,0.378727,-0.353054,1.0,-0.022957,0.022432,1.746887,0.004754,0.082787,0.21763,0.032782,0.114806,0.0001,,,,,0,gru
85,19258,-10.4598,19.4825,131,0,0,1,0,3.7336,1.783,collision,201.1,-0.486864,0.346862,-0.892889,0.561576,4.802047,1.167942,0.394865,5.974093,0.407977,0.392017,-0.572862,1.000242,,,,,,,,,,,,,,0,gru
86,19416,-1.0891,13.2974,158,0,0,1,0,3.6166,2.126,collision,202.6,-0.071712,0.395366,-0.801618,0.851289,5.171127,0.850173,1.338019,5.978507,0.397268,0.385834,-0.392043,1.00295,,,,,,,,,,,,,,0,gru
87,19868,-37.0831,10.0601,452,0,0,1,0,3.6219,2.073,collision,207.1,-0.052196,0.431936,-0.845619,0.779302,5.153242,0.928331,0.799796,5.988316,0.397381,0.441045,-1.0,1.008196,,,,,,,,,,,,,,0,gru
88,20134,13.4641,10.8815,266,0,0,1,0,3.4453,2.126,collision,210.1,0.035176,0.400931,-0.830028,0.844153,5.178445,0.823659,1.342258,5.978231,0.387835,0.39992,-0.682519,1.005115,-0.020001,0.021497,1.746585,0.004742,0.079561,0.122339,0.05708,0.081374,0.0001,,,,,0,gru
89,20666,104.948,11.7454,532,0,0,1,0,2.6321,2.118,collision,215.4,-0.085908,0.396827,-0.855272,0.839171,5.10875,0.920149,0.805435,5.985763,0.374261,0.38266,-0.727138,1.0,,,,,,,,,,,,,,0,gru
90,21151,-38.4447,8.2313,485,0,0,1,0,3.5901,2.082,collision,220.1,-0.033896,0.431888,-0.88755,0.844575,5.141814,0.929909,0.904893,5.986488,0.394635,0.439996,-0.999999,1.007862,,,,,,,,,,,,,,0,gru
91,21409,-0.6258,7.8003,258,0,0,1,0,3.4857,2.1,collision,222.7,0.044003,0.422,-0.816743,0.85607,5.184822,0.860756,1.35589,5.981862,0.364126,0.395194,-0.798754,1.0,,,,,,,,,,,,,,0,gru
92,21661,-8.544,1.3871,252,0,0,1,0,3.5481,2.13,collision,225.6,0.074525,0.397172,-0.792857,0.830534,5.140012,0.914642,0.667105,5.973353,0.372186,0.41259,-0.8317,1.000203,-0.004546,0.0169,1.746186,0.00473,0.07575,0.148644,0.022264,0.082555,0.0001,,,,,0,gru
93,22601,92.6327,11.194,940,0,0,1,0,2.4833,2.049,collision,234.7,-0.01014,0.44951,-0.883831,0.88398,5.103326,0.966651,0.614266,5.997272,0.360156,0.408711,-0.996451,1.0,,,,,,,,,,,,,,0,gru
94,22851,-5.3297,10.9469,250,0,0,1,0,3.4626,2.089,collision,237.1,0.022388,0.433834,-0.804667,0.863836,5.060562,0.924391,0.486254,5.985877,0.349122,0.393891,-0.821731,1.0,,,,,,,,,,,,,,0,gru
95,23004,-1.3827,11.8546,153,0,0,1,0,3.5528,2.119,collision,238.6,-0.090724,0.394453,-0.875605,0.742388,5.317428,0.83399,0.740741,5.98986,0.392077,0.380536,-0.36723,1.0,,,,,,,,,,,,,,0,gru
96,23281,21.1388,14.0774,277,0,0,1,0,3.3667,2.143,collision,241.8,0.032071,0.392575,-0.845989,0.853119,5.304894,0.799028,0.669187,5.986741,0.390352,0.392961,-0.64701,1.0,0.009823,0.014181,1.745889,0.004718,0.07362,0.111816,0.03819,0.060649,0.0001,,,,,0,gru
97,23425,-1.7177,17.6139,144,0,0,1,0,3.5329,2.093,collision,243.3,-0.156607,0.385533,-0.834561,0.792215,5.301602,0.804597,0.910518,5.982254,0.397702,0.381386,-0.246605,1.0,,,,,,,,,,,,,,0,gru
98,23570,-3.173,15.9502,145,0,0,1,0,3.6057,2.066,collision,244.8,-0.165826,0.408408,-0.841662,0.785854,5.290183,0.720119,1.030851,5.970955,0.403296,0.384079,-0.415647,1.0,,,,,,,,,,,,,,0,gru
99,23847,20.5393,7.5093,277,0,0,1,0,3.3642,2.135,collision,247.6,0.004348,0.402248,-0.829778,0.839253,5.197662,0.896111,0.268387,5.980227,0.388084,0.3923,-0.656459,1.0,,,,,,,,,,,,,,0,gru
100,23984,-9.2101,10.4328,137,0,0,1,0,3.7628,1.807,collision,249.3,-0.493845,0.317738,-0.895671,0.394299,4.903645,0.981396,0.606215,5.988422,0.404219,0.390119,-0.604571,1.010867,-0.039397,0.026433,1.745621,0.004706,0.089654,0.212071,0.046659,0.108856,0.0001,,,,,0,gru
101,24142,1.6285,10.6582,158,0,0,1,0,3.6107,2.071,collision,250.9,-0.189455,0.397441,-0.833721,0.657005,5.303584,0.802207,1.20912,5.989562,0.40348,0.386866,-0.37298,1.001913,,,,,,,,,,,,,,0,gru
102,24275,-6.6242,10.8502,133,0,0,1,0,3.6012,2.037,collision,252.2,-0.260565,0.383108,-0.832489,0.725347,5.22099,0.829377,1.077658,5.979823,0.41443,0.389198,-0.334423,1.0,,,,,,,,,,,,,,0,gru
103,24424,-0.0797,1.5789,149,0,0,1,0,3.5194,2.064,collision,253.7,-0.204554,0.397557,-0.869057,0.650483,5.376753,0.70655,2.396294,5.979834,0.411838,0.392849,-0.278586,1.0,,,,,,,,,,,,,,0,gru
104,24960,104.3446,12.5464,536,0,0,1,0,2.6197,2.128,collision,259.5,-0.04553,0.405155,-0.880599,0.810091,5.121898,0.903309,0.875898,5.99191,0.372464,0.381997,-0.726586,1.0,-0.005467,0.02201,1.74547,0.004694,0.095092,0.248992,0.029979,0.127859,0.0001,,,,,0,gru
105,25239,20.2651,14.7112,279,0,0,1,0,3.3564,2.161,collision,262.3,0.057259,0.376316,-0.782367,0.856216,5.086827,1.008758,1.104443,5.997074,0.38175,0.391071,-0.641948,1.0,,,,,,,,,,,,,,0,gru
106,25672,-41.7374,8.4235,433,0,0,1,0,3.6083,1.969,collision,266.5,-0.093399,0.492871,-0.885577,0.819287,4.989274,1.025444,0.640627,5.983757,0.394144,0.44216,-0.999963,1.0,,,,,,,,,,,,,,0,gru
107,25841,5.3091,9.1262,169,0,0,1,0,3.5698,2.113,collision,268.2,-0.10809,0.404871,-0.821678,0.837063,5.162704,0.902903,1.747523,5.963604,0.396405,0.383031,-0.389133,1.000511,,,,,,,,,,,,,,0,gru
108,25995,-0.7233,9.3712,154,0,0,1,0,3.6472,1.955,collision,270.1,-0.343937,0.372184,-0.866063,0.657076,4.809132,1.124612,1.09788,5.974686,0.40772,0.392806,-0.414245,1.0,-0.026078,0.018973,1.745468,0.004682,0.067035,0.133407,0.019995,0.058177,0.0001,,,,,0,gru
109,26139,-3.5394,6.9633,144,0,0,1,0,3.6449,2.087,collision,271.5,-0.213886,0.382228,-0.876711,0.718291,5.060779,1.018709,1.292532,5.979116,0.410788,0.389597,-0.382665,1.0,,,,,,,,,,,,,,0,gru
110,26274,-8.7523,7.0091,135,0,0,1,0,3.7266,1.903,collision,272.9,-0.428536,0.342747,-0.870837,0.673,5.011514,0.976092,0.947438,5.950712,0.407837,0.391847,-0.545416,1.003816,,,,,,,,,,,,,,0,gru
111,26446,-9.3983,5.9064,172,0,0,1,0,3.6098,2.109,collision,274.6,0.030652,0.405224,-0.812209,0.841396,4.970432,1.083754,0.793345,5.954077,0.380832,0.391259,-0.67441,1.0,,,,,,,,,,,,,,0,gru
112,26596,-1.5274,6.4161,150,0,0,1,0,3.6437,2.062,collision,276.6,-0.189367,0.391321,-0.854663,0.734735,5.262139,0.932579,0.276299,5.990008,0.405394,0.385583,-0.404839,1.00173,-0.040739,0.024736,1.745581,0.00467,0.08496,0.312822,0.035297,0.173984,0.0001,,,,,0,gru
113,26759,1.4927,6.5733,163,0,0,1,0,3.6482,1.931,collision,278.1,-0.356314,0.370082,-0.87923,0.677562,4.66576,1.292874,0.637319,5.975964,0.402046,0.38829,-0.436931,1.0,,,,,,,,,,,,,,0,gru
114,26917,-3.2443,-4.1856,158,0,0,1,0,3.623,2.11,collision,279.7,-0.0655,0.415328,-0.8431,0.853574,5.012487,0.981696,1.185899,5.992007,0.397979,0.388927,-0.502539,1.0,,,,,,,,,,,,,,0,gru
115,27187,10.7015,-5.1419,270,0,0,1,0,3.3686,2.156,collision,282.4,0.052664,0.391575,-0.858742,0.808579,5.035278,0.88367,1.476881,5.980339,0.372376,0.391869,-0.707661,1.0,,,,,,,,,,,,,,0,gru
116,27359,4.3313,-0.5351,172,0,0,1,0,3.5571,2.089,collision,284.5,-0.123451,0.406075,-0.809166,0.743422,5.088598,0.904429,1.294749,5.984617,0.393193,0.382513,-0.405357,1.0,-0.019525,0.020093,1.745912,0.004658,0.080518,0.237823,0.021039,0.134534,0.0001,,,,,0,gru
117,27612,-7.2685,-1.7928,253,0,0,1,0,3.5528,2.094,collision,286.9,0.049155,0.429475,-0.818583,0.850621,5.076579,0.861594,1.93583,5.98426,0.370031,0.409425,-0.860413,1.0,,,,,,,,,,,,,,0,gru
118,27755,-9.0323,-2.6237,143,0,0,1,0,3.6349,1.82,collision,288.3,-0.482971,0.319871,-0.881776,0.580326,4.955935,0.970938,1.653232,5.966966,0.418977,0.402779,-0.714176,1.0,,,,,,,,,,,,,,0,gru
119,27901,-4.3474,-2.7045,146,0,0,1,0,3.6355,1.976,collision,289.8,-0.331118,0.365249,-0.871231,0.654717,5.063409,0.990215,1.006602,5.981703,0.410922,0.389773,-0.500264,1.0,,,,,,,,,,,,,,0,gru
120,28179,32.1582,1.3866,278,0,0,1,0,3.3486,2.111,collision,292.9,-0.121234,0.400747,-0.828664,0.840477,5.15225,0.848756,1.618104,5.977628,0.396498,0.389149,-0.526195,1.000571,-0.014138,0.021293,1.746221,0.004646,0.074924,0.372482,0.007167,0.192035,0.0001,,,,,0,gru
121,28457,28.2462,5.151,278,0,0,1,0,3.3438,2.124,collision,295.7,-0.065466,0.391925,-0.805143,0.791268,5.205642,0.933676,0.280472,5.990563,0.391201,0.389093,-0.53974,1.0,,,,,,,,,,,,,,0,gru
122,28622,2.2179,5.5255,165,0,0,1,0,3.6479,2.04,collision,297.3,-0.252053,0.378688,-0.847932,0.703903,5.201018,0.925737,0.855569,5.982393,0.405421,0.388336,-0.463975,1.008832,,,,,,,,,,,,,,0,gru
123,28768,-4.5556,4.9207,146,0,0,1,0,3.6152,1.983,collision,298.8,-0.332705,0.369359,-0.872927,0.632225,5.122953,0.962552,1.525454,5.978325,0.409735,0.389106,-0.547055,1.0,,,,,,,,,,,,,,0,gru
124,29288,47.2882,9.974,520,0,0,1,0,2.9211,2.063,collision,304.2,-0.070037,0.434089,-0.8757,0.827948,5.094773,0.955162,0.416434,5.990689,0.355604,0.388375,-0.986116,1.0,0.005071,0.020087,1.746324,0.004634,0.080847,0.176719,0.036439,0.091447,0.0001,,,,,0,gru
125,31065,-44.5024,4.4536,1777,0,0,1,0,2.29,2.152,collision,321.0,0.036643,0.384983,-0.892227,0.822353,5.205477,0.899937,0.72129,5.995613,0.36847,0.435969,-1.0,1.003022,,,,,,,,,,,,,,0,gru
126,32646,-46.9429,-0.6738,1581,0,0,1,0,2.3741,2.129,collision,336.1,0.034325,0.402162,-0.840496,0.861841,5.152968,0.929552,0.288116,5.995502,0.350507,0.417343,-1.0,1.0,,,,,,,,,,,,,,0,gru
127,32908,-11.071,-1.0541,262,0,0,1,0,3.5858,2.074,collision,338.7,0.057142,0.434825,-0.852847,0.834974,5.170326,0.905489,1.633758,5.989946,0.367564,0.407981,-0.844575,1.003942,,,,,,,,,,,,,,0,gru
128,33079,-1.0619,-0.2571,171,0,0,1,0,3.6486,2.082,collision,342.3,-0.14778,0.416208,-0.839376,0.770288,5.163352,0.858982,1.958857,5.986541,0.396318,0.38751,-0.55739,1.006864,0.010553,0.011713,1.746104,0.004622,0.059834,0.149945,0.026487,0.082775,0.0001,,,,,0,gru
129,33267,-0.5184,0.1258,188,0,0,1,0,3.6088,2.104,collision,344.2,-0.079057,0.408786,-0.793832,0.748641,5.227379,0.842418,1.171172,5.975709,0.384631,0.385917,-0.590228,1.005003,,,,,,,,,,,,,,0,gru
130,33449,6.5159,-2.4384,182,0,0,1,0,3.5458,2.116,collision,346.0,-0.096001,0.405339,-0.82997,0.808286,5.18923,0.911054,1.294783,5.989866,0.389136,0.380444,-0.449752,1.0,,,,,,,,,,,,,,0,gru
131,33603,-1.1005,-5.3731,154,0,0,1,0,3.6478,2.016,collision,347.6,-0.291282,0.36902,-0.84512,0.807709,5.048085,1.074844,0.950965,5.982156,0.409929,0.389942,-0.439798,1.000073,,,,,,,,,,,,,,0,gru
132,33731,-10.7435,-6.6692,128,0,0,1,0,3.6441,1.838,collision,349.2,-0.452681,0.344842,-0.877963,0.556908,5.039447,1.03677,1.148255,5.956089,0.413486,0.394079,-0.55341,1.0,-0.046634,0.025722,1.745892,0.00461,0.09312,0.319369,0.063579,0.187056,0.0001,,,,,0,gru
133,33885,-2.1907,-6.4327,154,0,0,1,0,3.616,2.106,collision,350.7,-0.15809,0.382531,-0.85521,0.769541,5.146296,0.846677,1.637022,5.983761,0.396019,0.381989,-0.459115,1.0,,,,,,,,,,,,,,0,gru
134,34040,0.1014,-11.1514,155,0,0,1,0,3.5742,2.078,collision,352.3,-0.249994,0.345874,-0.856376,0.680756,5.093767,0.99113,0.654775,5.994767,0.40762,0.388157,-0.395342,1.0,,,,,,,,,,,,,,0,gru
135,34296,1.196,-6.5816,256,0,0,1,0,3.4717,2.108,collision,354.7,0.014337,0.404017,-0.863423,0.840104,4.954902,1.102158,0.717731,5.97286,0.366149,0.395925,-0.785492,1.0,,,,,,,,,,,,,,0,gru
136,34466,-0.3012,-1.9174,170,0,0,1,0,3.6492,1.805,collision,356.7,-0.508612,0.289115,-0.878831,0.597878,4.779089,1.192829,0.741619,5.971906,0.403673,0.39627,-0.680388,1.0,-0.029902,0.019109,1.745957,0.004598,0.073117,0.153847,0.016367,0.092442,0.0001,,,,,0,gru
137,34627,1.0312,-0.7072,161,0,0,1,0,3.628,2.06,collision,358.3,-0.189062,0.408237,-0.837371,0.641503,5.138054,0.853719,2.625555,5.981517,0.398806,0.383302,-0.434867,1.003725,,,,,,,,,,,,,,0,gru
138,34782,-0.6803,-0.669,155,0,0,1,0,3.6119,2.084,collision,359.9,-0.221896,0.383971,-0.825218,0.790364,5.057468,0.971211,1.386965,5.961476,0.397124,0.382061,-0.411201,1.0,,,,,,,,,,,,,,0,gru
139,35054,15.9971,0.9825,272,0,0,1,0,3.3157,2.11,collision,362.6,-0.005672,0.410015,-0.783056,0.773259,4.977889,0.914474,1.190365,5.971105,0.358094,0.379293,-0.655963,1.0,,,,,,,,,,,,,,0,gru
140,36540,205.8601,20.917,1486,0,0,1,0,1.5974,2.088,collision,377.6,-0.052771,0.423017,-0.875654,0.849917,4.986396,1.037022,0.472703,5.996158,0.363957,0.413023,-0.999996,1.0,0.029455,0.015922,1.746097,0.004586,0.071557,0.327411,0.056821,0.183458,0.0001,,,,,0,gru
141,36677,-9.529,20.0741,137,0,0,1,0,3.6144,1.86,collision,379.0,-0.473767,0.303579,-0.87793,0.451314,5.015338,0.903636,1.741872,5.959991,0.42232,0.404451,-0.685874,1.0,,,,,,,,,,,,,,0,gru
142,36821,-4.6326,20.6852,144,0,0,1,0,3.6022,1.975,collision,380.4,-0.333831,0.379027,-0.866009,0.599718,5.007517,0.997898,0.820549,5.982084,0.414216,0.393784,-0.547988,1.0,,,,,,,,,,,,,,0,gru
143,37337,57.1754,26.6218,516,0,0,1,0,2.8557,2.088,collision,385.4,0.043452,0.430972,-0.883135,0.86062,5.009387,0.932006,1.258719,5.982791,0.346218,0.382386,-0.959013,1.0,,,,,,,,,,,,,,0,gru
144,37608,29.1191,29.5236,271,0,0,1,0,3.3664,2.109,collision,388.4,-0.107872,0.39606,-0.863497,0.772833,5.158412,0.919978,0.387836,5.979427,0.387902,0.387217,-0.559873,1.00163,-0.016928,0.016439,1.746237,0.004574,0.079156,0.137611,0.020698,0.063276,0.0001,,,,,0,gru
145,38577,76.5306,37.057,969,0,0,1,0,2.5531,2.114,collision,397.7,-0.020619,0.404848,-0.872289,0.843067,5.032266,1.021194,0.372121,5.986634,0.383032,0.418064,-0.993426,1.0,,,,,,,,,,,,,,0,gru
146,38736,-0.4526,37.0419,159,0,0,1,0,3.5703,2.108,collision,399.3,-0.192506,0.374162,-0.845258,0.769003,5.001192,1.068444,1.339528,5.965045,0.394483,0.379561,-0.453545,1.0,,,,,,,,,,,,,,0,gru
147,40121,127.8081,49.7196,1385,0,0,1,0,2.0544,2.111,collision,412.5,-0.006843,0.410397,-0.862466,0.873811,5.005768,1.02629,0.742561,5.997088,0.361485,0.416965,-0.996428,1.0,,,,,,,,,,,,,,0,gru
148,40281,0.3618,49.8238,160,0,0,1,0,3.5552,2.115,collision,414.9,-0.156314,0.369948,-0.856941,0.75155,5.108352,0.99449,1.233226,5.986323,0.392476,0.378503,-0.422564,1.0,-0.011459,0.009777,1.746531,0.004562,0.05673,0.177013,0.0215,0.100605,0.0001,,,,,0,gru
149,40813,53.9637,53.6204,532,0,0,1,0,2.88,2.131,collision,420.1,0.00096,0.405632,-0.863027,0.864911,5.118819,0.849878,1.293782,5.978244,0.366216,0.389584,-0.958587,1.0,,,,,,,,,,,,,,0,gru
150,40967,0.0354,33.038,154,0,0,1,0,3.6473,2.088,collision,421.6,-0.221448,0.386008,-0.85495,0.673566,5.237468,0.778176,1.400093,5.991327,0.408876,0.38906,-0.372472,1.007773,,,,,,,,,,,,,,0,gru
151,41789,126.4989,46.6408,822,0,0,1,0,2.2162,2.101,collision,429.7,-0.028357,0.419324,-0.86388,0.84683,5.087536,0.95032,0.75697,5.99326,0.379573,0.402306,-0.98985,1.0,,,,,,,,,,,,,,0,gru
152,41942,-0.1637,47.0877,153,0,0,1,0,3.6478,2.02,collision,431.7,-0.251744,0.392494,-0.863005,0.725159,5.105694,0.908605,1.676494,5.995895,0.408846,0.39101,-0.345095,1.004156,-0.001855,0.01229,1.746825,0.00455,0.068119,0.085367,0.008775,0.044576,0.0001,,,,,0,gru
153,42214,13.6126,42.7314,272,0,0,1,0,3.3151,2.123,collision,434.4,0.006293,0.402928,-0.784701,0.831499,4.909732,0.992375,1.460116,5.95462,0.356648,0.381254,-0.691139,1.0,,,,,,,,,,,,,,0,gru
154,42379,-3.6351,39.456,165,0,0,1,0,3.6485,1.794,collision,436.0,-0.510935,0.306348,-0.867767,0.613305,4.910316,1.023398,1.335973,5.968109,0.394062,0.391993,-0.715468,1.0,,,,,,,,,,,,,,0,gru
155,43803,75.1502,39.3179,1424,0,0,1,0,2.1292,2.098,collision,450.0,0.009692,0.419982,-0.849721,0.864012,4.971145,1.047992,0.498915,5.992402,0.361309,0.417618,-0.99576,1.0,,,,,,,,,,,,,,0,gru
156,43965,-0.2787,39.3353,162,0,0,1,0,3.6472,2.103,collision,452.0,-0.130365,0.399962,-0.835733,0.707239,5.201591,0.813397,2.076282,5.987833,0.402765,0.38822,-0.49055,1.007696,-0.003737,0.009804,1.746997,0.004538,0.057804,0.093733,0.005784,0.035208,0.0001,,,,,0,gru
157,44221,-1.6587,26.3887,256,0,0,1,0,3.4733,2.145,collision,454.3,0.038958,0.387227,-0.755649,0.806098,5.065912,0.969696,1.070624,5.981765,0.36519,0.39723,-0.760079,1.0,,,,,,,,,,,,,,0,gru
158,45789,22.493,28.6018,1568,0,0,1,0,2.244,2.131,collision,468.7,0.034038,0.400442,-0.868715,0.846665,5.069395,0.95671,0.591858,5.990273,0.359406,0.418621,-0.999172,1.0,,,,,,,,,,,,,,0,gru
159,46041,-8.0297,22.4024,252,0,0,1,0,3.5737,2.106,collision,471.1,0.08957,0.398239,-0.838407,0.863975,4.962121,1.102955,0.829069,5.991091,0.371794,0.411488,-0.789838,1.00605,,,,,,,,,,,,,,0,gru
160,46582,76.7637,30.0753,541,0,0,1,0,2.8263,2.098,collision,478.0,-0.007058,0.421134,-0.834062,0.83634,5.04132,0.960967,0.738785,5.977389,0.378467,0.389098,-0.923847,1.0,0.02451,0.007391,1.747507,0.004526,0.043509,0.252498,0.010821,0.123262,0.0001,,,,,0,gru
161,46754,0.805,17.5059,172,0,0,1,0,3.6091,2.088,collision,479.7,-0.116298,0.410045,-0.841006,0.815041,5.121002,0.858171,1.481296,5.968161,0.388691,0.382746,-0.482976,1.003011,,,,,,,,,,,,,,0,gru
162,46912,1.9203,17.7143,158,0,0,1,0,3.5371,2.12,collision,481.2,-0.127316,0.390229,-0.839996,0.724167,5.088582,0.972991,1.438448,5.977686,0.399648,0.386708,-0.366565,1.0,,,,,,,,,,,,,,0,gru
163,47056,-4.5682,15.8962,144,0,0,1,0,3.5911,1.993,collision,482.6,-0.364426,0.332293,-0.877672,0.555115,4.993171,0.95741,2.177934,5.977013,0.416202,0.395496,-0.558929,1.0,,,,,,,,,,,,,,0,gru
164,47570,50.4969,21.3094,514,0,0,1,0,2.8973,2.073,collision,487.9,0.004094,0.430117,-0.879433,0.863718,4.98081,1.029607,0.881629,5.986777,0.349257,0.383967,-0.979961,1.0,-0.03137,0.019261,1.748047,0.004514,0.09069,0.280883,0.040587,0.162855,0.0001,,,,,0,gru
165,47725,-3.5296,13.4414,155,0,0,1,0,3.6085,2.134,collision,489.5,-0.135116,0.372539,-0.839339,0.70968,5.015396,0.986705,1.237968,5.981658,0.391918,0.381226,-0.509117,1.0,,,,,,,,,,,,,,0,gru
166,47873,-2.6814,13.2011,148,0,0,1,0,3.6407,2.007,collision,490.9,-0.279313,0.39122,-0.855412,0.679244,5.177313,0.944663,0.985705,5.971587,0.407877,0.387921,-0.382515,1.0,,,,,,,,,,,,,,0,gru
167,48141,11.9988,14.5669,268,0,0,1,0,3.4531,2.108,collision,493.5,-0.014868,0.413065,-0.826068,0.815922,4.994218,0.999312,0.786499,5.971034,0.387215,0.397923,-0.672566,1.002593,,,,,,,,,,,,,,0,gru
168,48662,51.0029,17.4179,521,0,0,1,0,2.8872,2.027,collision,499.1,0.01219,0.463832,-0.888422,0.879586,4.996909,0.987552,0.516808,5.981351,0.351849,0.385272,-0.993173,1.0,-0.004992,0.016713,1.748148,0.004502,0.072194,0.228009,0.018914,0.109213,0.0001,,,,,0,gru
169,49629,76.837,25.9046,967,0,0,1,0,2.5245,2.101,collision,508.2,-0.034763,0.407744,-0.864959,0.817077,4.920171,1.064005,0.365931,5.988548,0.377332,0.416143,-0.997366,1.0,,,,,,,,,,,,,,0,gru
170,49783,-1.4344,18.0847,154,0,0,1,0,3.6237,2.022,collision,509.7,-0.326931,0.32787,-0.861783,0.528595,5.068042,0.9283,1.853261,5.983024,0.410065,0.388232,-0.466304,1.0,,,,,,,,,,,,,,0,gru
171,50050,14.4835,19.4526,267,0,0,1,0,3.362,2.087,collision,512.4,-0.072502,0.417081,-0.884749,0.829936,4.956637,1.001438,0.755554,5.968075,0.37038,0.384802,-0.674206,1.0,,,,,,,,,,,,,,0,gru
172,50197,-3.1682,18.9437,147,0,0,1,0,3.6471,1.954,collision,514.4,-0.350703,0.366953,-0.864961,0.630787,4.936982,1.064759,1.452316,5.982273,0.406503,0.386978,-0.396179,1.0,0.000782,0.013626,1.748377,0.00449,0.074302,0.149197,0.019015,0.080872,0.0001,,,,,0,gru
173,50364,2.9435,19.6949,167,0,0,1,0,3.5379,2.025,collision,516.0,-0.285922,0.365644,-0.85568,0.768705,4.911485,1.108997,0.869419,5.985285,0.407986,0.387854,-0.430816,1.0,,,,,,,,,,,,,,0,gru
174,50636,31.133,17.7585,272,0,0,1,0,3.3713,2.074,collision,518.6,-0.1183,0.408841,-0.862108,0.801237,4.878526,1.063101,0.54709,5.968725,0.396537,0.391303,-0.533532,1.000351,,,,,,,,,,,,,,0,gru
175,51113,-34.0296,14.7085,477,0,0,1,0,3.5924,2.036,collision,523.0,-0.062991,0.449227,-0.871404,0.845566,4.902269,1.036777,0.249843,5.98875,0.394111,0.438432,-0.999995,1.009034,,,,,,,,,,,,,,0,gru
176,51265,-2.8495,14.6917,152,0,0,1,0,3.6462,2.087,collision,524.9,-0.231841,0.364667,-0.821519,0.661184,4.975368,0.961777,1.489785,5.967981,0.402711,0.385138,-0.481029,1.000781,-0.034354,0.017324,1.748669,0.004478,0.071293,0.184381,0.029774,0.114499,0.0001,,,,,0,gru
177,51786,43.2849,17.8203,521,0,0,1,0,2.9311,2.056,collision,529.9,-0.048781,0.435213,-0.87924,0.837952,4.773088,1.102998,0.332711,5.977137,0.351282,0.388578,-0.996172,1.0,,,,,,,,,,,,,,0,gru
178,52252,-41.3875,8.5813,466,0,0,1,0,3.6381,2.084,collision,534.4,-0.057915,0.418483,-0.859508,0.824623,4.829566,1.135602,0.449312,5.973731,0.394552,0.440935,-1.0,1.006589,,,,,,,,,,,,,,0,gru
179,52516,-9.4797,-0.0504,264,0,0,1,0,3.5663,2.053,collision,536.9,0.101655,0.442948,-0.824441,0.881494,4.900821,0.965573,1.476099,5.971832,0.370529,0.409504,-0.829004,1.000306,,,,,,,,,,,,,,0,gru
180,52661,-4.2183,-0.3288,145,0,0,1,0,3.6417,2.043,collision,538.8,-0.220383,0.385579,-0.868681,0.814429,4.739335,1.209771,0.759719,5.993067,0.401293,0.382198,-0.462251,1.0,-0.021654,0.014639,1.748765,0.004466,0.059274,0.157558,0.011966,0.075291,0.0001,,,,,0,gru
181,52913,-4.7359,-2.2507,252,0,0,1,0,3.5002,2.057,collision,541.3,-0.023122,0.440683,-0.852379,0.86404,4.736681,1.174609,0.074765,5.982554,0.354137,0.394557,-0.806852,1.0,,,,,,,,,,,,,,0,gru
182,53061,-2.4502,-2.1789,148,0,0,1,0,3.5851,2.0,collision,542.7,-0.297254,0.374541,-0.874111,0.654772,4.768148,1.08734,1.377398,5.958169,0.406538,0.386817,-0.41563,1.0,,,,,,,,,,,,,,0,gru
183,53210,-3.3132,-2.8046,149,0,0,1,0,3.6183,2.065,collision,544.2,-0.226992,0.366753,-0.824007,0.872446,4.936716,1.098735,0.728186,5.977582,0.399024,0.382108,-0.486328,1.0,,,,,,,,,,,,,,0,gru
184,53485,17.474,-4.1705,275,0,0,1,0,3.506,2.029,collision,547.4,-0.067428,0.453306,-0.873932,0.8497,4.830416,1.104245,0.953373,5.970308,0.384271,0.39248,-0.67543,1.00687,-0.044756,0.02252,1.748575,0.004454,0.072503,0.152383,0.0184,0.066736,0.0001,,,,,0,gru
185,53649,0.3478,-0.7328,164,0,0,1,0,3.6206,2.109,collision,549.0,-0.139388,0.393149,-0.864962,0.782547,4.848147,1.035235,1.082176,5.980172,0.394656,0.382553,-0.502519,1.003488,,,,,,,,,,,,,,0,gru
186,53791,-4.3505,-0.8829,142,0,0,1,0,3.5567,2.007,collision,550.3,-0.332605,0.325452,-0.871394,0.656902,4.807745,1.099979,1.444986,5.973953,0.415112,0.392395,-0.436772,1.0,,,,,,,,,,,,,,0,gru
187,53942,-1.2463,-5.336,151,0,0,1,0,3.5456,2.01,collision,551.8,-0.305514,0.361585,-0.865429,0.705675,4.90614,1.029708,0.893705,5.973431,0.410401,0.390554,-0.401536,1.0,,,,,,,,,,,,,,0,gru
188,54124,5.117,-0.6855,182,0,0,1,0,3.6495,1.973,collision,553.9,-0.344411,0.354197,-0.85421,0.777489,4.819253,1.191684,0.793344,5.961856,0.408683,0.39322,-0.611789,1.00472,-0.067352,0.026195,1.748173,0.004442,0.077717,0.332733,0.040306,0.179018,0.0001,,,,,0,gru
189,54285,0.8179,0.3442,161,0,0,1,0,3.5839,2.093,collision,555.4,-0.130176,0.392507,-0.861746,0.791608,4.813981,1.12937,0.7595,5.963663,0.391839,0.379601,-0.404086,1.0,,,,,,,,,,,,,,0,gru
190,54434,-1.3435,0.6317,149,0,0,1,0,3.602,2.071,collision,556.9,-0.215608,0.37712,-0.838058,0.73031,4.90133,0.98683,1.022727,5.97743,0.40773,0.387332,-0.395861,1.0,,,,,,,,,,,,,,0,gru
191,54592,0.9249,1.1978,158,0,0,1,0,3.6107,2.02,collision,558.4,-0.276509,0.366886,-0.879694,0.597641,4.804314,1.064248,0.919653,5.95714,0.405036,0.38827,-0.382049,1.0,,,,,,,,,,,,,,0,gru
192,55568,46.2861,6.0714,976,0,0,1,0,2.6022,2.126,collision,568.1,-0.013089,0.401421,-0.880952,0.820921,4.814103,1.076884,0.808844,5.991757,0.37981,0.421289,-0.998972,1.0,-0.014491,0.014824,1.747932,0.00443,0.081791,0.050144,0.049033,0.060858,0.0001,,,,,0,gru
193,55729,-3.5857,6.0442,161,0,0,1,0,3.6457,2.181,collision,569.7,-0.119607,0.350259,-0.82957,0.725083,4.861429,1.009338,0.437976,5.972178,0.399367,0.388567,-0.530474,1.006219,,,,,,,,,,,,,,0,gru
194,55995,0.0879,4.3056,266,0,0,1,0,3.5233,2.125,collision,572.3,0.115033,0.382847,-0.777828,0.814269,4.870191,1.078383,0.654003,5.979264,0.383591,0.406322,-0.786106,1.008946,,,,,,,,,,,,,,0,gru
195,56515,56.5024,9.921,520,0,0,1,0,2.8763,2.032,collision,577.2,0.032694,0.453476,-0.882074,0.866434,4.750196,1.143198,0.608814,5.975695,0.348125,0.382306,-0.980198,1.0,,,,,,,,,,,,,,0,gru
196,56663,-2.6781,10.0883,148,0,0,1,0,3.6214,2.02,collision,579.1,-0.23962,0.394308,-0.857732,0.743028,4.794154,1.127901,0.435471,5.967578,0.408329,0.388172,-0.412536,1.0,-0.006894,0.017993,1.747797,0.004418,0.070764,0.135712,0.027326,0.078806,0.0001,,,,,0,gru
197,56914,-36.0061,6.6123,251,0,0,1,0,3.6305,1.997,collision,581.5,-0.023083,0.437009,-0.847416,0.834479,4.397525,1.324126,0.607164,5.934151,0.35147,0.424119,-0.96487,1.0,,,,,,,,,,,,,,0,gru
198,57186,26.8087,8.7815,272,0,0,1,0,3.3591,2.132,collision,584.1,-0.096721,0.380404,-0.871194,0.792062,4.716619,1.139031,0.837114,5.971353,0.385993,0.385498,-0.551731,1.0,,,,,,,,,,,,,,0,gru
199,57336,-2.7199,8.4277,150,0,0,1,0,3.6471,1.921,collision,585.6,-0.348905,0.377808,-0.878283,0.725756,4.687918,1.224419,0.814796,5.943259,0.409526,0.389813,-0.469656,1.0,,,,,,,,,,,,,,0,gru
200,57489,-3.1551,8.2465,153,0,0,1,0,3.6192,2.106,collision,587.7,-0.085228,0.39683,-0.792941,0.817578,4.858485,1.064805,1.24604,5.982197,0.391903,0.378934,-0.472392,1.0,-0.034059,0.017209,1.747732,0.004406,0.072366,0.184467,0.012492,0.106449,0.0001,,,,,0,gru
201,57637,-1.9376,7.9603,148,0,0,1,0,3.6221,2.087,collision,589.2,-0.199567,0.364506,-0.828406,0.798506,4.82472,1.141195,0.608416,5.961724,0.404977,0.385679,-0.400056,1.0,,,,,,,,,,,,,,0,gru
202,57900,12.8465,4.6163,263,0,0,1,0,3.4851,2.089,collision,591.7,0.00052,0.409158,-0.81027,0.84731,4.744311,1.165404,0.734749,5.966713,0.374161,0.388798,-0.673961,1.009945,,,,,,,,,,,,,,0,gru
203,58170,27.2228,7.6972,270,0,0,1,0,3.3643,2.094,collision,594.1,-0.066254,0.407314,-0.847052,0.77708,4.627515,1.188516,0.946221,5.981258,0.385597,0.386661,-0.588379,1.0,,,,,,,,,,,,,,0,gru
204,58310,-7.2973,6.9586,140,0,0,1,0,3.5891,1.866,collision,595.7,-0.434159,0.317348,-0.868056,0.658786,4.468071,1.293856,0.880645,5.977286,0.421424,0.401807,-0.5878,1.0,-0.049986,0.01968,1.747606,0.004394,0.080442,0.202053,0.009978,0.101352,0.0001,,,,,0,gru
205,58583,30.7799,4.3864,273,0,0,1,0,3.3784,2.111,collision,598.2,-0.121694,0.387698,-0.813493,0.783131,4.665384,1.118044,0.930762,5.960789,0.395471,0.390396,-0.529501,1.005024,,,,,,,,,,,,,,0,gru
206,58739,0.2307,4.6773,156,0,0,1,0,3.6125,2.124,collision,599.6,-0.179692,0.373953,-0.886109,0.767329,4.705996,1.160535,1.423316,5.959597,0.399538,0.383135,-0.433957,1.001392,,,,,,,,,,,,,,0,gru
207,58867,-10.0503,7.2728,128,0,0,1,0,3.6383,1.85,collision,600.8,-0.417422,0.360212,-0.881033,0.736915,4.601043,1.106607,0.707908,5.935244,0.413996,0.393182,-0.528896,1.0,,,,,,,,,,,,,,0,gru
208,59127,-7.1699,3.875,260,0,0,1,0,3.5189,2.13,collision,603.5,0.097422,0.374805,-0.810516,0.882602,4.718601,1.094151,0.983157,5.987624,0.373934,0.407013,-0.799823,1.0,-0.026565,0.020419,1.747432,0.004382,0.079399,0.136377,0.011764,0.037194,0.0001,,,,,0,gru
209,59294,0.6319,4.2102,167,0,0,1,0,3.6448,2.022,collision,605.0,-0.233505,0.377976,-0.835006,0.663856,4.553903,1.269113,0.236996,5.938456,0.394669,0.381394,-0.541193,1.002204,,,,,,,,,,,,,,0,gru
210,59445,-2.3792,4.2878,151,0,0,1,0,3.5779,1.981,collision,606.4,-0.288316,0.352308,-0.825772,0.699954,4.547735,1.297413,0.278349,5.945239,0.409301,0.389756,-0.488165,1.0,,,,,,,,,,,,,,0,gru
211,59613,1.3657,4.6181,168,0,0,1,0,3.5575,2.099,collision,607.9,-0.10301,0.39776,-0.829288,0.761326,4.549924,1.138939,1.099284,5.97351,0.387586,0.37818,-0.454063,1.0,,,,,,,,,,,,,,0,gru
212,59777,3.7771,3.7112,164,0,0,1,0,3.5321,2.125,collision,609.8,-0.140355,0.360579,-0.816267,0.760973,4.588556,1.141907,0.841596,5.938254,0.393784,0.382055,-0.36118,1.0,-0.075152,0.025535,1.747063,0.00437,0.076176,0.242604,0.025691,0.148953,0.0001,,,,,0,gru
213,59940,0.487,1.0376,163,0,0,1,0,3.6487,1.975,collision,611.3,-0.336208,0.371015,-0.869808,0.71442,4.66903,1.088559,1.087458,5.989625,0.407174,0.389627,-0.498061,1.0,,,,,,,,,,,,,,0,gru
214,61503,-17.8466,-0.0174,1563,0,0,1,0,2.2828,2.093,collision,625.3,0.034373,0.412104,-0.854253,0.884615,4.606689,1.172886,0.188598,5.979114,0.348797,0.416,-1.0,1.0,,,,,,,,,,,,,,0,gru
215,61672,0.7768,-3.0177,169,0,0,1,0,3.5749,2.105,collision,626.9,-0.210022,0.377788,-0.874353,0.754314,4.572117,1.10607,1.482932,5.966847,0.390757,0.382855,-0.525293,1.0,,,,,,,,,,,,,,0,gru
216,61834,1.7895,-2.8618,162,0,0,1,0,3.5372,2.042,collision,629.1,-0.220254,0.369801,-0.796856,0.629715,4.583097,1.204159,0.480724,5.935741,0.398804,0.381364,-0.427103,1.0,0.002007,0.008647,1.746752,0.004358,0.060604,0.29828,0.041703,0.176008,0.0001,,,,,0,gru
217,62431,20.7333,0.2166,597,0,0,1,0,3.0345,2.065,collision,634.6,-0.067038,0.419969,-0.870696,0.864065,4.542813,1.175982,0.299849,5.96877,0.364115,0.399632,-0.99993,1.0,,,,,,,,,,,,,,0,gru
218,62601,-1.7773,0.7558,170,0,0,1,0,3.7164,1.829,collision,636.1,-0.413309,0.38263,-0.864682,0.76743,4.548428,1.220573,0.28954,5.915035,0.410789,0.397205,-0.778556,1.004196,,,,,,,,,,,,,,0,gru
219,63053,-51.4986,-4.4572,452,0,0,1,0,3.6486,2.009,collision,640.1,-0.065354,0.451933,-0.874978,0.854931,4.509101,1.242463,0.341149,5.971565,0.397974,0.446591,-1.0,1.0,,,,,,,,,,,,,,0,gru
220,64008,111.2261,6.9033,955,0,0,1,0,2.513,2.027,collision,649.5,-0.098495,0.442928,-0.873705,0.867578,4.517345,1.226175,0.334866,5.962686,0.375988,0.41086,-0.987729,1.0,0.02605,0.01243,1.746412,0.004346,0.079998,0.29741,0.029645,0.158925,0.0001,,,,,0,gru
221,64175,2.9015,7.0569,167,0,0,1,0,3.5557,2.02,collision,651.0,-0.248766,0.371943,-0.865623,0.593055,4.544574,1.266845,0.542262,5.93376,0.394601,0.379351,-0.450696,1.0,,,,,,,,,,,,,,0,gru
222,64339,1.5866,6.8378,164,0,0,1,0,3.5831,1.996,collision,652.5,-0.266413,0.389138,-0.879288,0.715825,4.362205,1.193776,0.928204,5.928981,0.395332,0.381789,-0.483646,1.0,,,,,,,,,,,,,,0,gru
223,64607,27.4689,9.536,268,0,0,1,0,3.3968,2.057,collision,655.0,-0.17173,0.387417,-0.828267,0.7435,4.390348,1.233243,0.526186,5.97434,0.385309,0.38173,-0.605671,1.0,,,,,,,,,,,,,,0,gru
224,64781,5.028,11.8235,174,0,0,1,0,3.5326,2.01,collision,656.8,-0.302869,0.357814,-0.887764,0.59555,4.572602,1.181249,1.003404,5.979227,0.406936,0.38835,-0.473658,1.0,-0.066808,0.019615,1.745969,0.004334,0.072754,0.105717,0.030893,0.069366,0.0001,,,,,0,gru
225,65036,-12.3213,10.5137,255,0,0,1,0,3.57,2.002,collision,659.2,0.048454,0.446171,-0.808093,0.878767,4.430355,1.277597,0.601793,5.984134,0.361675,0.410438,-0.857066,1.0,,,,,,,,,,,,,,0,gru
226,65192,-0.6846,10.2663,156,0,0,1,0,3.5407,1.954,collision,660.5,-0.272899,0.393464,-0.846551,0.731335,4.44345,1.375787,0.402129,5.94121,0.403572,0.386237,-0.420406,1.0,,,,,,,,,,,,,,0,gru
227,65458,21.6686,10.3598,266,0,0,1,0,3.428,2.073,collision,662.9,-0.061364,0.414124,-0.835488,0.830644,4.58003,1.16841,0.879632,5.980243,0.386734,0.390135,-0.621655,1.0053,,,,,,,,,,,,,,0,gru
228,65606,-4.0894,10.1286,148,0,0,1,0,3.6179,1.916,collision,664.5,-0.385669,0.313799,-0.862763,0.454689,4.548774,1.292146,0.544396,5.916784,0.407054,0.387163,-0.497937,1.0,-0.070506,0.017805,1.745863,0.004322,0.070083,0.241198,0.01887,0.120071,0.0001,,,,,0,gru
229,65764,-2.0263,15.0758,158,0,0,1,0,3.6087,2.081,collision,665.9,-0.19585,0.367595,-0.849863,0.751084,4.565388,1.136912,0.43366,5.94284,0.393811,0.381946,-0.515512,1.0,,,,,,,,,,,,,,0,gru
230,66304,61.7341,10.1266,540,0,0,1,0,2.8809,2.034,collision,671.2,-0.105983,0.424128,-0.847975,0.818912,4.57888,1.260562,0.279496,5.991164,0.376108,0.393599,-0.938805,1.0,,,,,,,,,,,,,,0,gru
231,66472,1.1533,9.9518,168,0,0,1,0,3.6344,2.042,collision,672.8,-0.236683,0.364076,-0.874794,0.608783,4.545782,1.21495,1.067847,5.969656,0.393673,0.3801,-0.525953,1.003145,,,,,,,,,,,,,,0,gru
232,66930,-43.3471,5.4584,458,0,0,1,0,3.6553,2.035,collision,677.3,-0.098399,0.435613,-0.87696,0.81631,4.637908,1.180305,0.477034,5.977798,0.400533,0.444461,-1.0,1.004394,-0.027248,0.013233,1.745701,0.00431,0.067028,0.169241,0.011118,0.092388,0.0001,,,,,0,gru
233,67071,-7.0896,2.0026,141,0,0,1,0,3.7482,1.844,collision,678.6,-0.458719,0.327595,-0.871358,0.536645,4.445306,1.17707,0.892478,5.952669,0.418601,0.397771,-0.514366,1.00765,,,,,,,,,,,,,,0,gru
234,67204,-11.1556,0.3842,133,0,0,1,0,3.726,1.695,collision,679.8,-0.554357,0.294393,-0.874053,0.721973,4.222877,1.243839,0.334241,5.869742,0.404142,0.3914,-0.63768,1.0,,,,,,,,,,,,,,0,gru
235,67678,-58.7523,-4.2589,474,0,0,1,0,3.6741,1.991,collision,684.0,-0.130589,0.459713,-0.867741,0.789352,4.675728,1.173056,0.728511,5.968255,0.396932,0.447458,-1.0,1.0,,,,,,,,,,,,,,0,gru
236,67945,24.0852,-1.7819,267,0,0,1,0,3.4086,2.068,collision,686.8,-0.123962,0.412472,-0.845303,0.837963,4.520297,1.220267,0.938422,5.948062,0.386584,0.388334,-0.624928,1.001511,-0.065999,0.015321,1.745678,0.004298,0.067391,0.253089,0.020376,0.144932,0.0001,,,,,0,gru
237,68115,4.0584,-3.5429,170,0,0,1,0,3.5224,1.978,collision,688.3,-0.332241,0.356944,-0.83937,0.599018,4.6288,1.085168,1.626747,5.958835,0.404349,0.387783,-0.439678,1.0,,,,,,,,,,,,,,0,gru
238,69061,-268.1673,-29.9507,946,0,0,1,0,3.6457,2.083,collision,696.7,0.016517,0.417372,-0.848554,0.854952,4.58331,1.205401,0.113984,5.988377,0.340295,0.451006,-1.0,1.033435,,,,,,,,,,,,,,0,gru
239,70699,-21.2006,-31.8681,1638,0,0,1,0,2.3077,2.085,collision,711.5,0.039547,0.404387,-0.881558,0.87695,4.604115,1.242654,0.130588,5.99168,0.352841,0.418152,-1.0,1.0,,,,,,,,,,,,,,0,gru
240,70870,3.0002,-37.7415,171,0,0,1,0,3.6492,2.006,collision,714.0,-0.221017,0.410543,-0.872213,0.770618,4.634542,1.171893,0.518437,5.989591,0.397114,0.38367,-0.45808,1.008345,-0.006716,0.010556,1.745816,0.004286,0.062278,0.17004,0.024857,0.089267,0.0001,,,,,0,gru
241,72588,-43.0327,-42.1601,1718,0,0,1,0,2.322,2.091,collision,729.5,0.025605,0.404606,-0.874476,0.859773,4.544559,1.217738,0.291117,5.988648,0.351941,0.428572,-1.0,1.0,,,,,,,,,,,,,,0,gru
242,72852,-3.9366,-38.2191,264,0,0,1,0,3.5058,2.064,collision,732.0,0.036204,0.431999,-0.850485,0.869917,4.66209,1.171134,0.823951,5.960217,0.368924,0.399491,-0.810846,1.0,,,,,,,,,,,,,,0,gru
243,73007,-3.9469,-37.9048,155,0,0,1,0,3.7332,1.8,collision,733.4,-0.482944,0.302795,-0.874173,0.449109,4.393355,1.305969,0.673294,5.961958,0.417245,0.398708,-0.572799,1.009303,,,,,,,,,,,,,,0,gru
244,73997,67.9904,-29.9902,990,0,0,1,0,2.6427,2.065,collision,743.5,-0.081906,0.422575,-0.889513,0.85134,4.563515,1.211773,0.088811,5.991565,0.390921,0.424104,-0.988145,1.0,-0.00197,0.008102,1.745922,0.004274,0.061422,0.142436,0.020507,0.075452,0.0001,,,,,0,gru
245,74136,-6.434,-24.7584,139,0,0,1,0,3.6135,1.876,collision,744.8,-0.394411,0.359881,-0.883925,0.60029,4.361122,1.383742,0.509822,5.96254,0.409014,0.386049,-0.440037,1.0,,,,,,,,,,,,,,0,gru
246,74315,4.0093,-26.766,179,0,0,1,0,3.6498,1.911,collision,746.5,-0.391961,0.350228,-0.861421,0.642751,4.496727,1.217104,0.783393,5.954667,0.413624,0.395141,-0.580375,1.0,,,,,,,,,,,,,,0,gru
247,76058,-50.7173,-32.2435,1743,0,0,1,0,2.2688,2.081,collision,762.3,0.04005,0.403142,-0.856391,0.853562,4.50642,1.2601,0.202853,5.990003,0.353001,0.430315,-1.0,1.0,,,,,,,,,,,,,,0,gru
248,76321,4.0014,-5.0267,263,0,0,1,0,3.5086,2.059,collision,765.4,-0.014481,0.436348,-0.854692,0.844625,4.66468,1.153692,0.536672,5.975327,0.371284,0.394065,-0.74851,1.001192,0.003329,0.009402,1.745732,0.004262,0.063517,0.123215,0.014211,0.06977,0.0001,,,,,0,gru
249,76758,20.2279,-0.8838,437,0,0,1,0,3.1164,2.02,collision,769.4,-0.1752,0.408747,-0.867168,0.805526,4.426643,1.295003,0.34273,5.970457,0.369354,0.395783,-0.999989,1.0,,,,,,,,,,,,,,0,gru
250,77755,33.4464,2.1608,997,0,0,1,0,2.6737,2.094,collision,778.4,-0.055799,0.402386,-0.862209,0.845025,4.521138,1.207365,0.251249,5.988397,0.385003,0.425798,-0.997518,1.0,,,,,,,,,,,,,,0,gru
251,77909,-3.2254,6.1415,154,0,0,1,0,3.5816,1.84,collision,779.8,-0.46809,0.317372,-0.877877,0.59275,4.480599,1.216225,0.767302,5.980779,0.407131,0.387841,-0.563285,1.0,,,,,,,,,,,,,,0,gru
252,79456,6.231,7.1583,1547,0,0,1,0,2.2849,2.087,collision,795.0,0.007065,0.404664,-0.86143,0.841782,4.450336,1.270188,0.424525,5.989611,0.353211,0.416309,-1.0,1.0,-0.007635,0.006921,1.745894,0.00425,0.050768,0.144258,0.008042,0.084111,0.0001,,,,,0,gru
253,79717,-17.2714,5.8258,261,0,0,1,0,3.5276,2.012,collision,797.5,0.048435,0.442129,-0.828214,0.85485,4.462352,1.313221,0.547498,5.973851,0.356264,0.40536,-0.87941,1.0,,,,,,,,,,,,,,0,gru
254,79986,2.92,-0.6812,269,0,0,1,0,3.5252,2.068,collision,799.9,0.078185,0.400038,-0.773096,0.883291,4.420763,1.323187,0.232169,5.921588,0.38463,0.404664,-0.741767,1.008886,,,,,,,,,,,,,,0,gru
255,80246,-11.8984,-1.2277,260,0,0,1,0,3.5495,2.088,collision,802.3,0.058741,0.40427,-0.83199,0.85395,4.54691,1.214268,0.659782,5.951978,0.368014,0.409249,-0.842433,1.0,,,,,,,,,,,,,,0,gru
256,80518,30.6551,1.4369,272,0,0,1,0,3.3611,2.068,collision,805.2,-0.179714,0.380832,-0.877829,0.839034,4.463625,1.274037,0.440465,5.958867,0.392429,0.388101,-0.548573,1.0,-0.032023,0.012803,1.746059,0.004238,0.057482,0.094732,0.034248,0.063496,0.0001,,,,,0,gru
257,80776,-5.7634,5.9323,258,0,0,1,0,3.5463,2.036,collision,807.6,0.040244,0.451833,-0.859981,0.875037,4.565828,1.173312,0.447151,5.952366,0.366463,0.403377,-0.805086,1.0,,,,,,,,,,,,,,0,gru
258,81780,25.065,8.0387,1004,0,0,1,0,2.6685,2.107,collision,816.8,-0.053586,0.403227,-0.882551,0.838965,4.55189,1.141525,0.663414,5.941421,0.38339,0.428002,-0.999977,1.0,,,,,,,,,,,,,,0,gru
259,83373,-26.5381,3.3621,1593,0,0,1,0,2.3258,2.08,collision,831.2,0.020398,0.408261,-0.851046,0.857711,4.460001,1.234579,0.336374,5.991381,0.353752,0.418108,-1.0,1.0,,,,,,,,,,,,,,0,gru
260,83646,33.117,3.3291,273,0,0,1,0,3.3335,1.974,collision,834.4,-0.189203,0.444576,-0.871672,0.874818,4.284938,1.227483,0.965616,5.966535,0.386577,0.385719,-0.595339,1.0,-0.01511,0.006799,1.746319,0.004226,0.048821,0.120129,0.010545,0.065713,0.0001,,,,,0,gru
261,83926,36.662,7.3179,280,0,0,1,0,3.3073,2.018,collision,837.1,-0.225222,0.384919,-0.849749,0.843211,4.44507,1.281077,0.433105,5.962983,0.391603,0.383148,-0.573693,1.0,,,,,,,,,,,,,,0,gru
262,85774,-50.7433,1.6205,1848,0,0,1,0,2.3122,2.067,collision,853.6,0.035679,0.415867,-0.86732,0.854385,4.531963,1.238904,0.223035,5.988872,0.361662,0.434541,-1.0,1.00121,,,,,,,,,,,,,,0,gru
263,86043,26.1121,5.9588,269,0,0,1,0,3.3891,2.028,collision,856.1,-0.144271,0.423024,-0.890666,0.827898,4.436419,1.226335,0.54788,5.971838,0.389748,0.388265,-0.591225,1.0,,,,,,,,,,,,,,0,gru
264,86206,-0.3193,5.6349,163,0,0,1,0,3.6477,1.944,collision,858.7,-0.336264,0.356502,-0.882087,0.727553,4.304001,1.312919,0.872102,5.954537,0.409819,0.394452,-0.567988,1.0,-0.010153,0.008183,1.746765,0.004214,0.061622,0.21537,0.008801,0.126292,0.0001,,,,,0,gru
265,87981,-20.595,4.7652,1775,0,0,1,0,2.3139,2.101,collision,874.6,0.022599,0.404088,-0.863698,0.859498,4.599954,1.188454,0.483539,5.984632,0.360584,0.430591,-0.999998,1.007117,,,,,,,,,,,,,,0,gru
266,88248,26.0966,4.3094,267,0,0,1,0,3.3803,2.04,collision,877.2,-0.187355,0.40931,-0.878881,0.802912,4.62788,1.134967,0.78101,5.975782,0.388815,0.388655,-0.609778,1.0,,,,,,,,,,,,,,0,gru
267,88508,-4.0273,4.483,260,0,0,1,0,3.5185,2.096,collision,879.6,0.023872,0.410723,-0.810001,0.893261,4.54124,1.145928,0.604868,5.978374,0.370389,0.402546,-0.783819,1.0,,,,,,,,,,,,,,0,gru
268,88775,22.7247,4.2489,267,0,0,1,0,3.3828,2.015,collision,883.0,-0.156093,0.425848,-0.843605,0.744672,4.57036,1.208615,0.256733,5.975019,0.384207,0.387443,-0.645729,1.0,-0.021516,0.008389,1.746883,0.004202,0.057493,0.161181,0.008691,0.084419,0.0001,,,,,0,gru
269,89247,-67.7994,0.1228,472,0,0,1,0,3.6808,2.019,collision,887.3,-0.082063,0.452484,-0.885926,0.880146,4.658108,1.230822,0.547266,5.972423,0.399069,0.451339,-1.0,1.0,,,,,,,,,,,,,,0,gru
270,89415,-1.9628,-3.3852,168,0,0,1,0,3.648,2.08,collision,888.8,-0.20077,0.373992,-0.84275,0.644281,4.543036,1.114822,1.139124,5.954054,0.390438,0.381415,-0.610176,1.001938,,,,,,,,,,,,,,0,gru
271,89554,-7.7543,-7.8268,139,0,0,1,0,3.6423,1.86,collision,890.2,-0.465181,0.310602,-0.863073,0.426993,4.476958,1.154601,0.339339,5.978227,0.413141,0.391985,-0.601703,1.0,,,,,,,,,,,,,,0,gru
272,89809,-1.493,-2.9018,255,0,0,1,0,3.5503,2.081,collision,893.0,0.080752,0.408314,-0.841158,0.812317,4.584827,1.184761,0.534099,5.978707,0.369979,0.401501,-0.756828,1.006985,-0.047678,0.015676,1.746648,0.00419,0.073529,0.222956,0.055994,0.155425,0.0001,,,,,0,gru
273,89959,-3.7633,-5.8893,150,0,0,1,0,3.6356,2.055,collision,894.4,-0.237321,0.374793,-0.887534,0.686401,4.694083,1.058578,0.561405,5.932676,0.399211,0.3826,-0.494614,1.0,,,,,,,,,,,,,,0,gru
274,90142,2.3495,-5.6224,183,0,0,1,0,3.548,2.12,collision,896.1,-0.124889,0.383486,-0.762831,0.803937,4.685491,1.127544,1.241123,5.909233,0.387359,0.382388,-0.551632,1.0,,,,,,,,,,,,,,0,gru
275,90400,-1.1792,-3.6808,258,0,0,1,0,3.4713,2.062,collision,898.4,0.050795,0.43746,-0.852651,0.847827,4.579257,1.16809,0.737872,5.982539,0.360147,0.393042,-0.778268,1.0,,,,,,,,,,,,,,0,gru
276,90529,-11.9302,-7.4835,129,0,0,1,0,3.6596,1.761,collision,900.0,-0.50719,0.308999,-0.864211,0.581085,4.274242,1.27073,0.626908,5.888554,0.4115,0.39921,-0.634716,1.0,-0.088377,0.02286,1.746367,0.004178,0.087269,0.205954,0.038687,0.121767,0.0001,,,,,0,gru
277,90787,9.0017,-6.1806,258,0,0,1,0,3.4496,2.113,collision,902.4,-0.021426,0.401953,-0.873915,0.794758,4.472703,1.216239,0.389436,5.99172,0.377927,0.397436,-0.680687,1.0,,,,,,,,,,,,,,0,gru
278,91064,34.512,-5.0019,277,0,0,1,0,3.3673,2.025,collision,905.0,-0.18502,0.405842,-0.855807,0.813547,4.561338,1.17634,0.487769,5.975784,0.396945,0.389426,-0.511313,1.0,,,,,,,,,,,,,,0,gru
279,91229,0.8105,1.8591,165,0,0,1,0,3.6478,1.943,collision,906.6,-0.332783,0.371338,-0.852698,0.66613,4.518318,1.232504,0.464992,5.94481,0.407235,0.39311,-0.492212,1.0,,,,,,,,,,,,,,0,gru
280,91385,-2.6303,1.7923,156,0,0,1,0,3.6348,2.021,collision,908.4,-0.203992,0.396597,-0.862979,0.762596,4.360543,1.320076,0.477554,5.976122,0.394768,0.382551,-0.51757,1.0,-0.035528,0.018604,1.745982,0.004166,0.084964,0.151565,0.016783,0.08056,0.0001,,,,,0,gru
281,91553,-4.7398,2.0938,168,0,0,1,0,3.7112,1.774,collision,910.0,-0.454935,0.368039,-0.879503,0.756059,4.432026,1.337282,0.485419,5.949589,0.414214,0.399367,-0.855693,1.0,,,,,,,,,,,,,,0,gru
282,91712,-0.5568,2.1874,159,0,0,1,0,3.648,1.912,collision,911.5,-0.353944,0.381142,-0.869372,0.647351,4.523847,1.180829,0.816185,5.957442,0.407517,0.39008,-0.469642,1.0,,,,,,,,,,,,,,0,gru
283,91974,-9.1672,1.647,262,0,0,1,0,3.5978,2.045,collision,913.9,0.101857,0.429129,-0.751942,0.881569,4.714985,1.175852,0.523842,5.973701,0.368969,0.408641,-0.823271,1.00806,,,,,,,,,,,,,,0,gru
284,92510,58.7283,7.2849,536,0,0,1,0,2.8859,2.061,collision,919.3,-0.119107,0.417673,-0.848654,0.802938,4.628744,1.126261,0.236365,5.959258,0.371224,0.390591,-0.940487,1.0,-0.019398,0.012302,1.745426,0.004154,0.060392,0.129948,0.023927,0.062271,0.0001,,,,,0,gru
285,92784,29.9155,10.3944,274,0,0,1,0,3.5075,1.941,collision,921.8,-0.243447,0.436302,-0.860363,0.867902,4.498308,1.280818,0.837001,5.993722,0.398655,0.394727,-0.608046,1.010445,,,,,,,,,,,,,,0,gru
286,92952,0.6534,11.6527,168,0,0,1,0,3.6483,1.903,collision,923.3,-0.393707,0.358507,-0.889383,0.774455,4.507475,1.142301,0.547884,5.978127,0.410983,0.393156,-0.538112,1.0,,,,,,,,,,,,,,0,gru
287,93123,2.436,10.9962,171,0,0,1,0,3.5819,1.963,collision,924.9,-0.305845,0.381006,-0.858253,0.725909,4.607062,1.198769,1.026995,5.980198,0.396758,0.386143,-0.547998,1.0,,,,,,,,,,,,,,0,gru
288,93288,1.7455,7.7195,165,0,0,1,0,3.5443,1.95,collision,926.8,-0.343988,0.363864,-0.864193,0.709557,4.622905,1.192686,0.971201,5.98466,0.405309,0.387034,-0.468786,1.0,-0.060676,0.020255,1.744854,0.004142,0.078756,0.30296,0.016818,0.169313,0.0001,,,,,0,gru
289,93432,-4.7012,7.1684,144,0,0,1,0,3.5798,1.928,collision,928.1,-0.368217,0.369157,-0.864631,0.732978,4.610292,1.145646,0.97398,5.928589,0.407264,0.386279,-0.411783,1.0,,,,,,,,,,,,,,0,gru
290,93584,-4.4389,6.9875,152,0,0,1,0,3.7227,1.856,collision,929.5,-0.428871,0.346505,-0.872318,0.695766,4.275333,1.322827,0.698919,5.973204,0.416835,0.39805,-0.589129,1.005857,,,,,,,,,,,,,,0,gru
291,93747,-0.835,7.378,163,0,0,1,0,3.6268,2.079,collision,931.0,-0.243697,0.356133,-0.858662,0.626059,4.775206,1.115369,1.345669,5.959753,0.394165,0.381461,-0.553852,1.0,,,,,,,,,,,,,,0,gru
292,93908,-2.3323,7.2004,161,0,0,1,0,3.6476,2.026,collision,932.8,-0.213734,0.397392,-0.885311,0.77758,4.767737,1.177927,0.681077,5.964357,0.395017,0.382624,-0.567366,1.0,-0.089949,0.02283,1.74435,0.00413,0.074289,0.284716,0.021144,0.148719,0.0001,,,,,0,gru
293,94068,-2.7014,7.847,160,0,0,1,0,3.6482,1.816,collision,934.2,-0.47617,0.316846,-0.880695,0.496153,4.302206,1.317623,0.399291,5.947639,0.407892,0.391714,-0.629639,1.0,,,,,,,,,,,,,,0,gru
294,94514,-23.5126,-0.3771,446,0,0,1,0,3.6092,2.03,collision,938.3,-0.115878,0.44278,-0.884901,0.847429,4.652823,1.153374,0.364763,5.982563,0.403512,0.440856,-0.999834,1.007432,,,,,,,,,,,,,,0,gru
295,94789,29.3478,-0.4339,275,0,0,1,0,3.5033,1.956,collision,940.8,-0.256999,0.421537,-0.881697,0.859583,4.436197,1.263861,0.814247,5.960918,0.397924,0.39381,-0.654158,1.007734,,,,,,,,,,,,,,0,gru
296,94929,-6.636,-1.1628,140,0,0,1,0,3.646,1.88,collision,942.5,-0.426585,0.350343,-0.888683,0.496935,4.608041,1.124442,1.068248,5.973504,0.409662,0.388662,-0.453188,1.0,-0.060417,0.014599,1.743936,0.004118,0.068973,0.112695,0.013623,0.038451,0.0001,,,,,0,gru
297,95065,-10.6586,-2.4723,136,0,0,1,0,3.7553,1.691,collision,943.7,-0.582099,0.263341,-0.890511,0.455655,4.340916,1.155268,0.732042,5.935779,0.400895,0.389407,-0.656668,1.001261,,,,,,,,,,,,,,0,gru
298,95222,-2.532,-2.9,157,0,0,1,0,3.648,1.883,collision,945.1,-0.411049,0.326123,-0.867506,0.474356,4.556437,1.310387,0.285892,5.984781,0.410169,0.392799,-0.552304,1.0,,,,,,,,,,,,,,0,gru
299,96220,27.3061,0.3007,998,0,0,1,0,2.6872,2.093,collision,954.3,-0.043985,0.402108,-0.863146,0.81165,4.624106,1.213115,0.318457,5.986134,0.380661,0.42523,-1.0,1.0,,,,,,,,,,,,,,0,gru
300,96493,32.2867,3.9733,273,0,0,1,0,3.3377,2.075,collision,957.3,-0.221555,0.362153,-0.843139,0.709188,4.668729,1.130125,0.573377,5.995024,0.389347,0.384666,-0.580134,1.0,-0.019247,0.012309,1.743564,0.004106,0.075488,0.087476,0.03885,0.05738,0.0001,,,,,0,gru
301,96748,5.2401,4.5808,255,0,0,1,0,3.5148,2.088,collision,959.7,-0.027578,0.413736,-0.827853,0.790443,4.533674,1.250985,0.81104,5.963779,0.363911,0.388451,-0.718611,1.002745,,,,,,,,,,,,,,0,gru
302,97021,29.6082,7.7748,273,0,0,1,0,3.5103,1.947,collision,962.1,-0.279284,0.409052,-0.875424,0.836764,4.5415,1.25171,0.541208,5.955793,0.401738,0.398294,-0.672766,1.005348,,,,,,,,,,,,,,0,gru
303,97558,53.9697,13.4419,537,0,0,1,0,2.8951,2.034,collision,967.3,-0.06659,0.435014,-0.876382,0.863669,4.556634,1.21743,0.259381,5.969514,0.367013,0.39013,-0.941701,1.0,,,,,,,,,,,,,,0,gru
304,97808,-19.0525,13.8879,250,0,0,1,0,3.5456,1.974,collision,970.1,0.04877,0.477586,-0.854939,0.861591,4.482829,1.195923,0.28243,5.974405,0.344889,0.407433,-0.910444,1.0,-0.017166,0.011895,1.743265,0.004094,0.059994,0.172174,0.026986,0.072364,0.0001,,,,,0,gru
305,99631,-65.9341,4.3597,1823,0,0,1,0,2.3298,2.098,collision,987.0,0.012619,0.411566,-0.891189,0.847343,4.721401,1.16491,0.206854,5.990729,0.362565,0.436277,-1.0,1.0,,,,,,,,,,,,,,0,gru
306,99894,16.148,6.6382,263,0,0,1,0,3.4531,2.076,collision,989.4,-0.074216,0.413299,-0.849465,0.860777,4.674687,1.156705,0.336023,5.973516,0.375905,0.387676,-0.704945,1.004053,,,,,,,,,,,,,,0,gru
307,100161,28.7353,10.5775,267,0,0,1,0,3.404,2.105,collision,992.0,-0.156117,0.380333,-0.831476,0.829791,4.642788,1.141999,0.568546,5.953865,0.392305,0.386788,-0.585214,1.00605,,,,,,,,,,,,,,0,gru
308,100324,0.043,10.8351,163,0,0,1,0,3.6478,2.024,collision,994.3,-0.270497,0.375404,-0.834298,0.790557,4.539019,1.253831,0.477605,5.963369,0.400566,0.385812,-0.48939,1.003304,-0.008973,0.00992,1.742928,0.004082,0.057827,0.128046,0.017881,0.06675,0.0001,,,,,0,gru
309,100596,31.2069,11.2251,272,0,0,1,0,3.3955,2.039,collision,996.9,-0.23071,0.392695,-0.890323,0.728879,4.56286,1.186084,0.18136,5.95674,0.388937,0.385067,-0.543404,1.000949,,,,,,,,,,,,,,0,gru
310,100867,31.6817,11.1646,271,0,0,1,0,3.4066,1.983,collision,999.4,-0.233414,0.411649,-0.893008,0.765414,4.51591,1.278463,0.804935,5.949777,0.393623,0.388987,-0.550511,1.0,,,,,,,,,,,,,,0,gru
311,101024,-1.9003,10.4506,157,0,0,1,0,3.6475,1.97,collision,1001.0,-0.242291,0.418964,-0.839702,0.785578,4.630913,1.176766,0.491859,5.960011,0.40217,0.386454,-0.522005,1.0,,,,,,,,,,,,,,0,gru
312,101289,19.2739,9.4172,265,0,0,1,0,3.4524,2.05,collision,1003.8,-0.113006,0.433744,-0.87334,0.810262,4.652422,1.147106,1.088258,5.961303,0.383667,0.389215,-0.667589,1.003735,-0.038368,0.016161,1.742635,0.00407,0.072257,0.20119,0.028885,0.105693,0.0001,,,,,0,gru
313,102878,-10.4852,2.9717,1589,0,0,1,0,2.2974,2.103,collision,1018.2,0.015104,0.399503,-0.886169,0.856599,4.595684,1.228971,0.299018,5.988903,0.353001,0.416683,-1.0,1.0,,,,,,,,,,,,,,0,gru
314,103044,-0.34,4.8429,166,0,0,1,0,3.6491,1.805,collision,1019.7,-0.45649,0.329412,-0.879147,0.475512,4.422532,1.295867,0.20864,5.961796,0.409612,0.392472,-0.562316,1.0,,,,,,,,,,,,,,0,gru
315,103307,-5.6737,10.869,263,0,0,1,0,3.5326,2.05,collision,1022.1,0.007622,0.428876,-0.884114,0.840323,4.717921,1.234156,0.137463,5.969849,0.372292,0.405049,-0.804455,1.0,,,,,,,,,,,,,,0,gru
316,104913,-13.1639,7.9378,1606,0,0,1,0,2.3248,2.107,collision,1037.4,0.026769,0.399234,-0.890663,0.833195,4.617299,1.202227,0.303278,5.987796,0.351986,0.416137,-1.0,1.0,-0.009653,0.007424,1.742833,0.004058,0.049027,0.116408,0.026234,0.075038,0.0001,,,,,0,gru
317,105169,-2.9548,4.7688,256,0,0,1,0,3.5134,2.043,collision,1039.8,-0.020458,0.424514,-0.83449,0.813557,4.582352,1.213031,0.565655,5.986086,0.359084,0.393947,-0.788455,1.0,,,,,,,,,,,,,,0,gru
318,105751,-1.3038,4.6341,582,0,0,1,0,3.0915,2.054,collision,1045.2,-0.072726,0.424051,-0.893408,0.854766,4.545606,1.258287,0.40914,5.986069,0.357133,0.400113,-1.0,1.0,,,,,,,,,,,,,,0,gru
319,105911,0.4427,1.5577,160,0,0,1,0,3.5454,1.926,collision,1046.8,-0.342038,0.377348,-0.886084,0.621647,4.544519,1.288033,0.697624,5.940032,0.40512,0.38556,-0.434471,1.0,,,,,,,,,,,,,,0,gru
320,106375,-30.5169,-4.6622,464,0,0,1,0,3.6201,2.019,collision,1051.8,-0.112495,0.439775,-0.868956,0.824951,4.519091,1.246645,0.214401,5.984935,0.392588,0.437288,-1.0,1.005652,-0.043805,0.012036,1.742772,0.004046,0.066192,0.086986,0.037806,0.063567,0.0001,,,,,0,gru
321,106646,29.818,-1.4904,271,0,0,1,0,3.3697,2.09,collision,1054.4,-0.183023,0.3742,-0.875736,0.819258,4.471263,1.208611,0.348903,5.920436,0.392176,0.385995,-0.6025,1.0,,,,,,,,,,,,,,0,gru
322,107615,100.0687,6.5891,969,0,0,1,0,2.5323,2.039,collision,1063.5,-0.111827,0.425749,-0.874727,0.821884,4.618907,1.191858,0.227842,5.97513,0.387907,0.419039,-0.982761,1.0,,,,,,,,,,,,,,0,gru
323,107883,24.4157,10.0792,268,0,0,1,0,3.4013,2.078,collision,1066.1,-0.126403,0.404337,-0.817092,0.772054,4.522372,1.137342,0.83939,5.970349,0.385881,0.38653,-0.606905,1.000141,,,,,,,,,,,,,,0,gru
324,108139,-4.5686,9.6563,256,0,0,1,0,3.5736,1.99,collision,1069.0,0.00783,0.471505,-0.869212,0.873109,4.501637,1.283691,0.563244,5.970446,0.364888,0.402507,-0.805291,1.000441,-0.014862,0.009221,1.742676,0.004034,0.060066,0.118998,0.012448,0.063244,0.0001,,,,,0,gru
325,108288,-6.234,9.6003,149,0,0,1,0,3.731,1.785,collision,1070.4,-0.509956,0.303567,-0.874989,0.642432,4.407611,1.180734,0.758542,5.902093,0.415184,0.397247,-0.607205,1.004087,,,,,,,,,,,,,,0,gru
326,108451,-0.4415,10.8725,163,0,0,1,0,3.6486,1.844,collision,1072.0,-0.438471,0.338635,-0.889391,0.799829,4.599408,1.146012,0.857995,5.953714,0.409175,0.39088,-0.515428,1.0,,,,,,,,,,,,,,0,gru
327,108725,27.2232,13.8903,274,0,0,1,0,3.5078,1.963,collision,1074.6,-0.258985,0.420225,-0.871587,0.893177,4.463451,1.290161,0.87604,5.988029,0.394172,0.392516,-0.645898,1.006904,,,,,,,,,,,,,,0,gru
328,108870,-6.6618,13.3545,145,0,0,1,0,3.7609,1.755,collision,1076.4,-0.500925,0.332508,-0.87455,0.745089,4.545283,1.175416,0.609304,5.912882,0.421618,0.401098,-0.542199,1.009064,-0.101911,0.026785,1.742566,0.004022,0.10121,0.221386,0.067329,0.107966,0.0001,,,,,0,gru
329,109021,-1.2387,13.1864,151,0,0,1,0,3.6102,2.02,collision,1077.9,-0.267876,0.366336,-0.865623,0.683585,4.547301,1.194975,0.721641,5.942376,0.40525,0.386299,-0.439216,1.0,,,,,,,,,,,,,,0,gru
330,109184,3.0322,16.5413,163,0,0,1,0,3.5471,2.035,collision,1079.5,-0.289611,0.342093,-0.850429,0.679782,4.565641,1.198469,0.526208,5.989524,0.405335,0.390282,-0.391048,1.0,,,,,,,,,,,,,,0,gru
331,109704,52.5785,18.8174,520,0,0,1,0,2.8833,2.015,collision,1084.5,0.008716,0.46693,-0.859636,0.861631,4.715535,1.136425,0.69342,5.989163,0.351402,0.384694,-0.988325,1.0,,,,,,,,,,,,,,0,gru
332,109962,3.2643,9.1369,258,0,0,1,0,3.4868,2.109,collision,1087.2,0.009525,0.405276,-0.826803,0.816243,4.658034,1.149238,1.160009,5.974045,0.368646,0.394497,-0.726398,1.0,-0.045903,0.018126,1.742425,0.00401,0.075025,0.127865,0.011849,0.058324,0.0001,,,,,0,gru
333,111654,-10.6988,5.6255,1692,0,0,1,0,1.9667,2.05,collision,1102.4,0.000825,0.441561,-0.865514,0.875556,4.718594,1.145016,0.39359,5.993888,0.359984,0.423524,-0.999998,1.0,,,,,,,,,,,,,,0,gru
334,111913,-1.1329,5.9691,259,0,0,1,0,3.5371,2.091,collision,1104.7,0.124023,0.406555,-0.832299,0.859684,4.847176,1.037706,1.167747,5.97521,0.372092,0.402151,-0.759177,1.007034,,,,,,,,,,,,,,0,gru
335,112069,-2.598,6.3327,156,0,0,1,0,3.6478,1.767,collision,1106.2,-0.463775,0.365514,-0.885157,0.738448,4.411207,1.265573,0.999225,5.956964,0.406508,0.389535,-0.532885,1.0,,,,,,,,,,,,,,0,gru
336,112243,3.1143,6.6882,174,0,0,1,0,3.6496,1.936,collision,1108.5,-0.376441,0.339177,-0.84993,0.581315,4.435438,1.288807,0.957675,5.95949,0.409904,0.392859,-0.542123,1.0,-0.041508,0.012394,1.742322,0.003998,0.062667,0.14819,0.024798,0.087614,0.0001,,,,,0,gru
337,113219,59.4483,9.9108,976,0,0,1,0,2.5871,2.072,collision,1117.6,-0.052784,0.428952,-0.87384,0.846243,4.73485,1.145234,0.339161,5.985651,0.382387,0.422708,-0.997906,1.0,,,,,,,,,,,,,,0,gru
338,113386,-2.3038,10.3466,167,0,0,1,0,3.7258,1.864,collision,1119.3,-0.425957,0.359521,-0.888286,0.657004,4.686218,1.134211,0.619557,5.938973,0.419799,0.400359,-0.813926,1.005795,,,,,,,,,,,,,,0,gru
339,113516,-12.2494,9.2455,130,0,0,1,0,3.7269,1.647,collision,1120.5,-0.584158,0.248816,-0.89305,0.364704,4.156131,1.376838,0.344035,5.907943,0.398401,0.389729,-0.655416,1.0,,,,,,,,,,,,,,0,gru
340,113790,28.9679,11.839,274,0,0,1,0,3.332,2.064,collision,1123.4,-0.143353,0.406333,-0.874403,0.767867,4.469589,1.247976,0.715795,5.988371,0.3878,0.387107,-0.566364,1.0,-0.020773,0.013458,1.742283,0.003986,0.069631,0.075958,0.012092,0.036103,0.0001,,,,,0,gru
341,113941,-1.6609,6.4151,151,0,0,1,0,3.6058,2.0,collision,1124.8,-0.303618,0.363043,-0.848206,0.533345,4.638535,1.151405,0.390388,5.947256,0.405782,0.386887,-0.40875,1.0,,,,,,,,,,,,,,0,gru
342,114115,5.8966,6.6783,174,0,0,1,0,3.5162,2.103,collision,1126.5,-0.149811,0.36741,-0.835215,0.670067,4.736068,1.176125,0.127793,5.969729,0.391362,0.379852,-0.419985,1.0,,,,,,,,,,,,,,0,gru
343,114303,7.1795,8.4662,188,0,0,1,0,3.6489,1.99,collision,1128.2,-0.317886,0.357952,-0.882862,0.593543,4.722708,1.088513,0.7484,5.982328,0.410546,0.397797,-0.561516,1.010595,,,,,,,,,,,,,,0,gru
344,114477,-1.5352,8.4259,174,0,0,1,0,3.6342,2.131,collision,1130.1,-0.17572,0.365141,-0.810861,0.623824,4.838072,1.040866,0.989852,5.957089,0.39299,0.387477,-0.536386,1.007302,-0.073238,0.023481,1.742412,0.003974,0.088035,0.095849,0.058834,0.098957,0.0001,,,,,0,gru
345,115008,46.1529,13.301,531,0,0,1,0,2.9194,2.017,collision,1134.9,-0.102614,0.44557,-0.880416,0.832354,4.660911,1.143169,0.365799,5.989484,0.357013,0.388096,-0.986668,1.0,,,,,,,,,,,,,,0,gru
346,115461,-56.0796,7.3816,453,0,0,1,0,3.6333,2.014,collision,1139.0,-0.106194,0.464298,-0.869983,0.818257,4.891294,1.029007,0.7741,5.978235,0.394441,0.444314,-1.0,1.0,,,,,,,,,,,,,,0,gru
347,115725,12.6938,2.7062,264,0,0,1,0,3.4766,2.046,collision,1141.4,-0.051894,0.438513,-0.819197,0.831991,4.728601,1.156757,0.60091,5.959989,0.377388,0.391841,-0.673837,1.003532,,,,,,,,,,,,,,0,gru
348,115989,13.8515,4.3217,264,0,0,1,0,3.459,2.107,collision,1144.2,-0.024435,0.410298,-0.869402,0.806991,4.779124,1.090972,0.473006,5.9675,0.384432,0.394011,-0.654706,1.005675,-0.025535,0.013232,1.742515,0.003962,0.061831,0.119028,0.020346,0.059097,0.0001,,,,,0,gru
349,116172,3.4978,5.8964,183,0,0,1,0,3.6493,1.984,collision,1146.0,-0.308148,0.353519,-0.867336,0.556419,4.462401,1.225584,0.266488,5.951985,0.389924,0.380803,-0.613415,1.002543,,,,,,,,,,,,,,0,gru
350,116447,29.1748,5.9171,275,0,0,1,0,3.5104,1.926,collision,1148.4,-0.249437,0.440653,-0.870548,0.783259,4.668428,1.215445,0.515157,5.98186,0.388596,0.389367,-0.614785,1.006989,,,,,,,,,,,,,,0,gru
351,116707,3.8957,6.4728,260,0,0,1,0,3.4095,2.073,collision,1150.9,-0.006373,0.414266,-0.838435,0.824082,4.682501,1.183131,0.351941,5.978565,0.362547,0.39283,-0.755424,1.0,,,,,,,,,,,,,,0,gru
352,116962,-2.5034,5.6328,255,0,0,1,0,3.4944,2.118,collision,1153.8,0.077169,0.388358,-0.77964,0.863677,4.722826,1.156194,0.630171,5.97225,0.363167,0.39724,-0.755573,1.0,-0.02655,0.017163,1.742602,0.00395,0.069362,0.177692,0.018577,0.073176,0.0001,,,,,0,gru
353,117237,27.9829,7.7131,275,0,0,1,0,3.5078,1.968,collision,1156.2,-0.199504,0.444833,-0.864778,0.83008,4.67664,1.129721,0.890576,5.945466,0.393363,0.390903,-0.635962,1.009327,,,,,,,,,,,,,,0,gru
354,117401,0.6175,7.9284,164,0,0,1,0,3.5322,2.064,collision,1157.6,-0.198433,0.395391,-0.867506,0.775853,4.792434,1.074874,1.269351,5.977674,0.389502,0.37713,-0.495858,1.0,,,,,,,,,,,,,,0,gru
355,117670,21.8828,5.5014,269,0,0,1,0,3.3982,2.1,collision,1160.2,-0.104225,0.400283,-0.86852,0.824218,4.803004,1.149588,0.539908,5.966443,0.385677,0.387801,-0.594121,1.0,,,,,,,,,,,,,,0,gru
356,117823,-3.5266,10.7567,153,0,0,1,0,3.6473,1.854,collision,1162.0,-0.455275,0.31419,-0.88184,0.662118,4.646693,1.212069,0.481685,5.982327,0.408793,0.390183,-0.513264,1.0,-0.043394,0.02054,1.742434,0.003938,0.078565,0.310589,0.011057,0.156627,0.0001,,,,,0,gru
357,118072,-18.0357,7.6837,249,0,0,1,0,3.5241,2.105,collision,1164.2,0.052412,0.399849,-0.741026,0.87669,4.710875,1.186831,0.719099,5.960639,0.351574,0.407084,-0.851104,1.0,,,,,,,,,,,,,,0,gru
358,118220,-4.7735,5.8212,148,0,0,1,0,3.6467,1.817,collision,1165.5,-0.46769,0.323067,-0.872192,0.640286,4.506647,1.237749,0.759712,5.941497,0.407784,0.389498,-0.503665,1.0,,,,,,,,,,,,,,0,gru
359,118487,28.9286,8.3643,267,0,0,1,0,3.3772,2.082,collision,1168.0,-0.202666,0.387232,-0.863076,0.803626,4.646867,1.12521,1.171709,5.985119,0.392466,0.38716,-0.610718,1.0,,,,,,,,,,,,,,0,gru
360,118641,-3.1147,5.1354,154,0,0,1,0,3.6468,1.861,collision,1169.8,-0.403228,0.369973,-0.876975,0.661425,4.452981,1.258152,1.001574,5.90289,0.410152,0.390927,-0.500422,1.0,-0.0515,0.018855,1.74236,0.003926,0.060938,0.230269,0.012863,0.126629,0.0001,,,,,0,gru
361,118903,0.5836,4.8042,262,0,0,1,0,3.4941,2.085,collision,1172.2,0.070475,0.406435,-0.837735,0.870902,4.581668,1.207308,0.566343,5.951945,0.374871,0.399912,-0.738026,1.0,,,,,,,,,,,,,,0,gru
362,119182,6.0745,5.662,279,0,0,1,0,3.6128,1.973,collision,1174.9,-0.254503,0.425581,-0.893059,0.849306,4.706761,1.132825,1.220496,5.993586,0.398222,0.415096,-0.925729,1.011326,,,,,,,,,,,,,,0,gru
363,119329,-4.042,2.4595,147,0,0,1,0,3.6404,1.937,collision,1176.2,-0.349262,0.370321,-0.879039,0.554091,4.497281,1.229452,0.485236,5.967402,0.406859,0.387456,-0.442507,1.0,,,,,,,,,,,,,,0,gru
364,119588,4.839,2.8816,259,0,0,1,0,3.427,2.06,collision,1178.8,-0.020052,0.426571,-0.797776,0.835361,4.525156,1.23574,0.325885,5.964524,0.361857,0.39106,-0.725194,1.0,-0.025131,0.019308,1.742249,0.003914,0.058927,0.259757,0.005835,0.143174,0.0001,,,,,0,gru
365,119855,15.8792,2.2812,267,0,0,1,0,3.4618,2.123,collision,1181.2,-0.120239,0.39225,-0.834462,0.857942,4.753509,1.092445,1.129677,5.95767,0.389484,0.39439,-0.690464,1.003374,,,,,,,,,,,,,,0,gru
366,120110,-3.2779,2.3061,255,0,0,1,0,3.561,2.094,collision,1183.6,0.035889,0.410202,-0.762661,0.850623,4.753919,1.159511,1.101339,5.961272,0.36975,0.404256,-0.773531,1.007437,,,,,,,,,,,,,,0,gru
367,120297,8.049,4.9146,187,0,0,1,0,3.5417,2.008,collision,1185.3,-0.33364,0.343596,-0.860944,0.462246,4.668319,1.121328,0.866354,5.968362,0.39626,0.382459,-0.503777,1.0,,,,,,,,,,,,,,0,gru
368,120451,-3.183,5.0736,154,0,0,1,0,3.6477,1.878,collision,1187.2,-0.414116,0.363523,-0.878798,0.708591,4.77623,1.014931,1.986282,5.97194,0.414256,0.394627,-0.51849,1.0,-0.038801,0.017306,1.742051,0.003902,0.058033,0.107559,0.004428,0.05729,0.0001,,,,,0,gru
369,120710,-27.3469,-0.5539,259,0,0,1,0,3.6406,2.132,collision,1189.6,-0.039202,0.383042,-0.753278,0.848624,4.609686,1.169451,0.983035,5.959182,0.363677,0.423602,-0.942941,1.0,,,,,,,,,,,,,,0,gru
370,120873,-0.1267,-0.2551,163,0,0,1,0,3.548,1.906,collision,1191.2,-0.393825,0.333838,-0.868682,0.548694,4.601573,1.296678,0.743711,5.986219,0.406457,0.389274,-0.526748,1.0,,,,,,,,,,,,,,0,gru
371,121135,-5.5271,-0.8662,262,0,0,1,0,3.5666,2.101,collision,1193.6,0.079403,0.402155,-0.766493,0.82891,4.837842,1.055171,0.890454,5.971011,0.377734,0.409965,-0.778799,1.008704,,,,,,,,,,,,,,0,gru
372,121294,-4.3475,-1.9084,159,0,0,1,0,3.6231,1.998,collision,1195.4,-0.30492,0.366081,-0.847294,0.697405,4.591203,1.112728,0.63161,5.917052,0.386138,0.376034,-0.606373,1.0,-0.059547,0.021893,1.741931,0.00389,0.055045,0.12786,0.008625,0.044887,0.0001,,,,,0,gru
373,123024,-56.7028,-7.1745,1730,0,0,1,0,2.3155,2.107,collision,1210.7,0.034985,0.396935,-0.85482,0.855851,4.596753,1.21735,0.21472,5.981521,0.341477,0.426395,-1.0,1.0,,,,,,,,,,,,,,0,gru
374,123281,-10.2788,-8.6863,257,0,0,1,0,3.5108,2.065,collision,1213.1,-0.00717,0.430443,-0.836462,0.858149,4.695274,1.124068,0.343177,5.949996,0.358933,0.40111,-0.834767,1.0,,,,,,,,,,,,,,0,gru
375,125120,-47.5364,-15.0278,1839,0,0,1,0,2.3618,2.085,collision,1229.5,0.002629,0.424075,-0.874659,0.858141,4.699288,1.135118,0.248511,5.995709,0.355958,0.432056,-1.0,1.000624,,,,,,,,,,,,,,0,gru
376,125278,-3.7298,-15.073,158,0,0,1,0,3.7474,1.74,collision,1232.0,-0.553247,0.25678,-0.885585,0.484876,4.559365,1.174599,0.675875,5.943114,0.420739,0.401488,-0.588709,1.009836,0.007503,0.009833,1.741751,0.003878,0.067963,0.160503,0.039939,0.106347,0.0001,,,,,0,gru
377,125457,2.7675,-15.6011,179,0,0,1,0,3.6501,1.883,collision,1233.6,-0.421497,0.315472,-0.883933,0.572118,4.478758,1.274606,0.159383,5.967573,0.409543,0.39627,-0.610444,1.0,,,,,,,,,,,,,,0,gru
378,125716,-13.9964,-16.6825,259,0,0,1,0,3.5895,2.047,collision,1236.0,0.008358,0.439076,-0.786614,0.874322,4.721653,1.147421,0.299032,5.988492,0.360963,0.408354,-0.87714,1.0,,,,,,,,,,,,,,0,gru
379,127472,-52.9824,-19.246,1756,0,0,1,0,2.3603,2.084,collision,1252.1,0.035625,0.408171,-0.872158,0.86961,4.591446,1.226878,0.163883,5.986843,0.336131,0.421684,-1.0,1.0,,,,,,,,,,,,,,0,gru
380,127658,3.3219,-18.9012,186,0,0,1,0,3.6493,1.981,collision,1254.6,-0.295056,0.383559,-0.881052,0.723945,4.478002,1.241461,0.782399,5.955614,0.388733,0.381202,-0.604938,1.004393,-0.028647,0.010293,1.741568,0.003866,0.066628,0.21817,0.020634,0.132166,0.0001,,,,,0,gru
381,127916,-17.1904,-20.0675,258,0,0,1,0,3.6129,2.053,collision,1257.1,0.063427,0.418479,-0.760873,0.844292,4.534014,1.228341,0.544334,5.985466,0.366368,0.415574,-0.868525,1.00185,,,,,,,,,,,,,,0,gru
382,128172,-18.7715,-21.5099,256,0,0,1,0,3.6387,2.092,collision,1259.6,-0.038139,0.393593,-0.835216,0.844429,4.453602,1.232425,0.558966,5.985086,0.368618,0.419568,-0.887733,1.003999,,,,,,,,,,,,,,0,gru
383,128447,29.1271,-12.9269,275,0,0,1,0,3.4999,1.9,collision,1262.1,-0.328171,0.421667,-0.88083,0.835892,4.743702,1.003238,0.446716,5.947435,0.4072,0.401453,-0.651988,1.00123,,,,,,,,,,,,,,0,gru
384,128609,0.1701,-11.882,162,0,0,1,0,3.5502,1.937,collision,1263.9,-0.340341,0.371596,-0.862677,0.597163,4.601334,1.109048,0.979444,5.957927,0.405585,0.388163,-0.527142,1.0,-0.042008,0.018233,1.741498,0.003854,0.061697,0.150331,0.028085,0.085488,0.0001,,,,,0,gru
385,128763,-2.406,-7.369,154,0,0,1,0,3.5879,1.853,collision,1265.3,-0.432044,0.340113,-0.872674,0.674317,4.708954,1.223957,0.618871,5.98778,0.405615,0.387065,-0.518476,1.0,,,,,,,,,,,,,,0,gru
386,128912,-7.3781,-7.7338,149,0,0,1,0,3.7353,1.697,collision,1266.7,-0.56753,0.28599,-0.871521,0.273093,4.544618,1.224014,0.778257,5.916954,0.413576,0.39706,-0.641289,1.00005,,,,,,,,,,,,,,0,gru
387,129186,25.723,-5.4383,274,0,0,1,0,3.5194,1.941,collision,1269.3,-0.253075,0.430142,-0.887795,0.781207,4.533022,1.241131,0.546215,5.986384,0.389013,0.388917,-0.687046,1.00428,,,,,,,,,,,,,,0,gru
388,129455,25.4649,-1.4921,269,0,0,1,0,3.4761,1.978,collision,1272.2,-0.20185,0.431102,-0.853624,0.804607,4.69079,1.177009,0.289717,5.985613,0.384205,0.382188,-0.618459,1.008095,-0.056424,0.020047,1.741528,0.003842,0.078798,0.185853,0.023512,0.098323,0.0001,,,,,0,gru
389,129731,33.2284,7.1289,276,0,0,1,0,3.3236,2.041,collision,1274.7,-0.239102,0.392364,-0.875135,0.775134,4.737442,1.060088,1.412944,5.98259,0.387307,0.381403,-0.579831,1.0,,,,,,,,,,,,,,0,gru
390,130000,4.162,7.213,269,0,0,1,0,3.5293,2.08,collision,1277.1,0.06383,0.417711,-0.866479,0.837597,4.857042,1.163881,0.588289,5.981847,0.387022,0.40542,-0.740531,1.011116,,,,,,,,,,,,,,0,gru
391,130175,1.0738,9.0394,175,0,0,1,0,3.6473,2.018,collision,1278.8,-0.282348,0.375445,-0.883638,0.648323,4.699742,1.102403,1.010887,5.939127,0.392757,0.38265,-0.624043,1.001487,,,,,,,,,,,,,,0,gru
392,130454,3.8778,11.3043,279,0,0,1,0,3.6093,1.965,collision,1281.9,-0.213399,0.454055,-0.869648,0.842194,4.81822,1.100128,0.790007,5.987289,0.385621,0.404673,-0.92862,1.003183,-0.021134,0.015649,1.741409,0.00383,0.06537,0.176331,0.009818,0.098371,0.0001,,,,,0,gru
393,130638,4.6565,8.8572,184,0,0,1,0,3.5394,2.034,collision,1283.6,-0.303176,0.349578,-0.841031,0.591215,4.707273,1.096497,1.50881,5.973047,0.389277,0.377949,-0.588987,1.0,,,,,,,,,,,,,,0,gru
394,130793,-6.6714,8.1731,155,0,0,1,0,3.7174,1.772,collision,1285.0,-0.442282,0.395453,-0.883557,0.810799,4.609713,1.269405,0.420334,5.966704,0.416701,0.398464,-0.849607,1.0,,,,,,,,,,,,,,0,gru
395,130968,1.4838,8.5621,175,0,0,1,0,3.6494,2.036,collision,1286.6,-0.230448,0.388364,-0.868808,0.771304,4.690232,1.13127,1.126583,5.969317,0.390421,0.380569,-0.55513,1.006198,,,,,,,,,,,,,,0,gru
396,131120,-2.1112,9.0887,152,0,0,1,0,3.5514,1.944,collision,1288.3,-0.393105,0.335355,-0.880742,0.455554,4.79845,1.10682,1.692553,5.980399,0.407065,0.386218,-0.436626,1.0,-0.070013,0.025372,1.741405,0.003818,0.075921,0.249625,0.033455,0.153764,0.0001,,,,,0,gru
397,131371,-20.5755,4.4589,251,0,0,1,0,3.5306,2.029,collision,1290.6,0.046912,0.441453,-0.862851,0.822605,4.589356,1.213941,0.190392,5.956378,0.352735,0.411715,-0.898205,1.0,,,,,,,,,,,,,,0,gru
398,131542,-0.7972,1.8327,171,0,0,1,0,3.6492,1.975,collision,1292.2,-0.307169,0.380796,-0.862103,0.826165,4.607985,1.108791,0.985045,5.966928,0.391121,0.380611,-0.573774,1.0,,,,,,,,,,,,,,0,gru
399,133125,-3.4718,-1.8373,1583,0,0,1,0,2.3168,2.099,collision,1306.6,-0.005427,0.407665,-0.863877,0.85513,4.621909,1.16436,0.50726,5.989274,0.351327,0.416355,-0.999999,1.0,,,,,,,,,,,,,,0,gru
400,133398,24.1963,0.1661,273,0,0,1,0,3.3275,2.049,collision,1309.9,-0.157117,0.413311,-0.850967,0.817235,4.566658,1.169078,0.855597,5.951741,0.377508,0.385017,-0.600309,1.0,-0.075112,0.010396,1.741765,0.003806,0.069384,0.169143,0.048956,0.100825,0.0001,,,,,0,gru
401,133547,-5.3688,-0.4782,149,0,0,1,0,3.739,1.847,collision,1311.3,-0.468872,0.330372,-0.891457,0.55861,4.623223,1.167549,1.565133,5.967176,0.420978,0.400812,-0.527412,1.008842,,,,,,,,,,,,,,0,gru
402,135178,-16.6338,-2.5293,1631,0,0,1,0,2.2995,2.092,collision,1326.0,0.016427,0.410601,-0.869443,0.846099,4.553771,1.210776,0.052935,5.989916,0.350875,0.416982,-1.0,1.0,,,,,,,,,,,,,,0,gru
403,135454,32.06,0.211,276,0,0,1,0,3.2927,2.032,collision,1328.6,-0.280678,0.364189,-0.854762,0.76344,4.561175,1.13979,1.064036,5.98,0.391522,0.384084,-0.64826,1.0,,,,,,,,,,,,,,0,gru
404,137196,-68.0316,-5.925,1742,0,0,1,0,2.3869,2.084,collision,1345.3,0.041418,0.402397,-0.824675,0.832027,4.538085,1.245126,0.352492,5.974679,0.341054,0.425392,-1.0,1.0,0.000832,0.007628,1.742683,0.003794,0.054114,0.110614,0.020492,0.071244,0.0001,,,,,0,gru
405,137457,15.7038,-4.503,261,0,0,1,0,3.4673,2.129,collision,1347.8,-0.117548,0.379374,-0.824799,0.809731,4.581805,1.201044,0.489249,5.970713,0.38318,0.392357,-0.701644,1.008209,,,,,,,,,,,,,,0,gru
406,137604,-7.5211,-5.044,147,0,0,1,0,3.762,1.702,collision,1349.1,-0.593177,0.231314,-0.885124,0.303864,4.681495,1.052935,1.020783,5.971762,0.415995,0.39927,-0.653324,1.006249,,,,,,,,,,,,,,0,gru
407,137738,-8.6,-3.8464,134,0,0,1,0,3.6305,1.795,collision,1350.5,-0.469463,0.352055,-0.886135,0.697519,4.643266,1.145012,0.694993,5.960317,0.410641,0.388726,-0.490805,1.0,,,,,,,,,,,,,,0,gru
408,137913,5.022,-3.2645,175,0,0,1,0,3.5338,2.015,collision,1352.5,-0.325432,0.334733,-0.867718,0.724531,4.57102,1.226797,1.090423,5.98272,0.403543,0.387049,-0.442613,1.0,-0.086413,0.025166,1.743124,0.003782,0.087773,0.192428,0.058931,0.115389,0.0001,,,,,0,gru
409,138046,-10.2226,-3.9396,133,0,0,1,0,3.773,1.71,collision,1353.8,-0.570438,0.256756,-0.884274,0.424503,4.411329,1.288875,0.291048,5.954869,0.407077,0.391417,-0.5722,1.006282,,,,,,,,,,,,,,0,gru
410,138208,1.613,-6.1979,162,0,0,1,0,3.5241,2.014,collision,1355.3,-0.296687,0.35313,-0.885314,0.614535,4.660951,1.156719,0.672506,5.953905,0.401974,0.384775,-0.436368,1.0,,,,,,,,,,,,,,0,gru
411,138455,-14.7077,-7.1318,247,0,0,1,0,3.5372,2.034,collision,1357.5,0.035582,0.425925,-0.746132,0.871221,4.346342,1.322356,0.538845,5.946102,0.346927,0.404356,-0.85588,1.0,,,,,,,,,,,,,,0,gru
412,140099,-31.8883,-8.6572,1644,0,0,1,0,2.3049,2.073,collision,1374.0,0.027094,0.411392,-0.852217,0.815695,4.551847,1.259768,0.173038,5.99023,0.352672,0.418957,-1.0,1.0,0.051108,0.009884,1.743258,0.00377,0.054429,0.215346,0.027154,0.117231,0.0001,,,,,0,gru
413,140372,31.9661,-8.6666,273,0,0,1,0,3.3363,2.007,collision,1376.7,-0.233903,0.382598,-0.85797,0.809437,4.501661,1.277306,0.303856,5.979361,0.392915,0.386662,-0.589256,1.0,,,,,,,,,,,,,,0,gru
414,140642,31.1034,1.2469,270,0,0,1,0,3.3472,2.015,collision,1379.3,-0.257672,0.374887,-0.849558,0.808257,4.549884,1.172914,0.601546,5.987917,0.392717,0.387131,-0.61467,1.0,,,,,,,,,,,,,,0,gru
415,141623,46.6917,4.3457,981,0,0,1,0,2.6044,2.09,collision,1388.5,-0.012937,0.404682,-0.876448,0.84093,4.532974,1.269015,0.425654,5.9781,0.38039,0.422337,-0.998543,1.0,,,,,,,,,,,,,,0,gru
416,143114,196.0691,24.7047,1491,0,0,1,0,1.5792,2.046,collision,1403.9,-0.023842,0.430746,-0.881139,0.877918,4.481661,1.253129,0.186104,5.982241,0.360013,0.413176,-0.97482,1.0,-0.012706,0.008576,1.743165,0.003758,0.05977,0.143261,0.022115,0.081903,0.0001,,,,,0,gru
417,144929,-35.393,22.0254,1815,0,0,1,0,2.3214,2.085,collision,1421.4,0.043087,0.405997,-0.872563,0.831624,4.544779,1.22653,0.330077,5.9911,0.358099,0.430324,-1.0,1.00694,,,,,,,,,,,,,,0,gru
418,145204,22.0163,23.7248,275,0,0,1,0,3.3355,2.06,collision,1424.2,-0.075975,0.404965,-0.849305,0.797532,4.420238,1.283248,0.743864,5.972064,0.380766,0.387166,-0.602731,1.0,,,,,,,,,,,,,,0,gru
419,145459,-3.5494,24.3921,255,0,0,1,0,3.5599,2.065,collision,1426.7,0.042272,0.420772,-0.756856,0.817149,4.520195,1.159961,0.544858,5.97263,0.365901,0.401936,-0.785374,1.004507,,,,,,,,,,,,,,0,gru
420,145725,2.8018,24.511,266,0,0,1,0,3.5215,2.095,collision,1430.0,0.059971,0.392848,-0.838221,0.823713,4.550358,1.280384,0.609513,5.965729,0.383865,0.403791,-0.717611,1.008657,-0.04266,0.007597,1.742677,0.003746,0.055211,0.279309,0.013573,0.159975,0.0001,,,,,0,gru
421,146242,48.2067,30.8024,517,0,0,1,0,2.8948,2.041,collision,1434.9,0.008412,0.435422,-0.867008,0.880799,4.374531,1.254532,0.475444,5.953763,0.347538,0.382465,-0.989612,1.0,,,,,,,,,,,,,,0,gru
422,146414,-5.082,33.4831,172,0,0,1,0,3.6147,2.093,collision,1436.6,-0.072242,0.386852,-0.804567,0.672985,4.543501,1.288768,0.48158,5.935194,0.382591,0.384391,-0.587839,1.0,,,,,,,,,,,,,,0,gru
423,146583,2.8413,30.5706,169,0,0,1,0,3.5409,2.041,collision,1438.3,-0.207232,0.402042,-0.83722,0.863155,4.569618,1.122355,0.94727,5.967147,0.395002,0.379896,-0.452067,1.0,,,,,,,,,,,,,,0,gru
424,146832,-13.8856,26.0717,249,0,0,1,0,3.5644,2.11,collision,1441.2,0.111134,0.378466,-0.860009,0.846542,4.488919,1.208538,0.793727,5.972186,0.37305,0.420221,-0.83717,1.0,-0.020812,0.015143,1.74229,0.003734,0.074729,0.173425,0.015528,0.095463,0.0001,,,,,0,gru
425,147101,22.2224,23.6248,269,0,0,1,0,3.4029,2.095,collision,1443.9,-0.074138,0.400682,-0.855945,0.837616,4.679049,1.143263,0.192871,5.914907,0.386015,0.389993,-0.617063,1.001531,,,,,,,,,,,,,,0,gru
426,147276,4.6677,4.4846,175,0,0,1,0,3.567,2.019,collision,1445.5,-0.270878,0.368536,-0.871528,0.697123,4.579436,1.241284,0.637568,5.971974,0.394899,0.382752,-0.457907,1.0,,,,,,,,,,,,,,0,gru
427,147538,9.5372,8.9776,262,0,0,1,0,3.5081,2.054,collision,1448.0,0.007728,0.415934,-0.867858,0.81045,4.423144,1.319335,0.544956,5.947276,0.381183,0.396235,-0.671547,1.009185,,,,,,,,,,,,,,0,gru
428,147677,-8.9677,5.8792,139,0,0,1,0,3.6217,1.848,collision,1449.7,-0.457,0.338697,-0.881342,0.483544,4.761375,1.024777,0.72339,5.954094,0.413034,0.394422,-0.639667,1.0,-0.054092,0.018122,1.742128,0.003722,0.078671,0.166281,0.033372,0.078023,0.0001,,,,,0,gru
429,147814,-7.5416,5.48,137,0,0,1,0,3.6172,1.846,collision,1451.1,-0.461834,0.293481,-0.864147,0.457115,4.541241,1.252574,0.677242,5.976163,0.410351,0.388716,-0.50213,1.0,,,,,,,,,,,,,,0,gru
430,147988,2.1071,5.4105,174,0,0,1,0,3.6496,2.017,collision,1452.9,-0.280309,0.352422,-0.874129,0.678538,4.553775,1.280225,0.614563,5.950052,0.398337,0.386052,-0.535473,1.005921,,,,,,,,,,,,,,0,gru
431,148157,-12.317,-0.6418,169,0,0,1,0,3.6935,1.808,collision,1454.6,-0.408317,0.419522,-0.880542,0.684573,4.534677,1.140879,0.962058,5.973555,0.408406,0.409153,-0.99396,1.0,,,,,,,,,,,,,,0,gru
432,148316,0.0799,-0.1256,159,0,0,1,0,3.5269,2.01,collision,1456.5,-0.308531,0.337099,-0.869081,0.669706,4.769318,1.15546,0.568185,5.955708,0.40772,0.388137,-0.500826,1.0,-0.091763,0.023919,1.742232,0.00371,0.090005,0.151934,0.052937,0.083458,0.0001,,,,,0,gru
433,148573,5.1826,0.1085,257,0,0,1,0,3.5272,2.095,collision,1458.9,-0.013945,0.394413,-0.799785,0.844268,4.503695,1.243285,0.357222,5.966709,0.376313,0.397957,-0.699498,1.010515,,,,,,,,,,,,,,0,gru
434,148841,20.231,3.5202,268,0,0,1,0,3.3717,2.101,collision,1461.5,-0.116895,0.387549,-0.827062,0.750231,4.52763,1.129012,0.941172,5.979946,0.380475,0.386328,-0.619938,1.0,,,,,,,,,,,,,,0,gru
435,150672,-30.2394,-1.726,1831,0,0,1,0,2.3373,2.074,collision,1478.8,0.048764,0.409174,-0.882005,0.847944,4.429987,1.281385,0.333669,5.981119,0.351002,0.426581,-1.0,1.007768,,,,,,,,,,,,,,0,gru
436,150924,-1.8377,-2.3766,252,0,0,1,0,3.4398,2.028,collision,1482.0,-0.017691,0.425549,-0.809386,0.823049,4.311935,1.363897,0.400713,5.934857,0.342022,0.385758,-0.75879,1.0,0.011343,0.008981,1.742424,0.003698,0.067824,0.111195,0.044239,0.074214,0.0001,,,,,0,gru
437,151198,35.0052,0.1702,274,0,0,1,0,3.3423,2.043,collision,1484.6,-0.245043,0.375334,-0.849315,0.736656,4.698321,1.133264,0.792017,5.993228,0.395474,0.385573,-0.572154,1.0,,,,,,,,,,,,,,0,gru
438,151357,-1.7165,0.8954,159,0,0,1,0,3.6473,1.898,collision,1486.1,-0.430342,0.314159,-0.865266,0.408352,4.731362,1.056507,0.72734,5.946839,0.408022,0.390475,-0.515756,1.0,,,,,,,,,,,,,,0,gru
439,151605,-27.7387,-1.1244,248,0,0,1,0,3.6178,2.1,collision,1488.5,-0.045461,0.379252,-0.791745,0.812652,4.194924,1.337256,0.411267,5.96538,0.353301,0.419562,-0.926983,1.0,,,,,,,,,,,,,,0,gru
440,151747,-7.1762,-2.0527,142,0,0,1,0,3.6427,1.801,collision,1490.3,-0.457339,0.371044,-0.888673,0.659824,4.721742,1.112429,0.895674,5.979984,0.411681,0.391485,-0.613999,1.0,-0.055208,0.016589,1.742645,0.003686,0.072321,0.203775,0.016919,0.116552,0.0001,,,,,0,gru
441,151919,-1.6265,-0.9836,172,0,0,1,0,3.6491,2.068,collision,1491.9,-0.128627,0.398091,-0.855082,0.696284,4.440222,1.244005,0.425894,5.955774,0.396473,0.389485,-0.539401,1.006604,,,,,,,,,,,,,,0,gru
442,152375,-39.6384,-4.9555,456,0,0,1,0,3.6326,2.021,collision,1496.3,-0.093349,0.445206,-0.8876,0.781682,4.60876,1.155756,0.544455,5.970005,0.397635,0.442421,-0.999892,1.0003,,,,,,,,,,,,,,0,gru
443,152539,-1.1087,-5.5846,164,0,0,1,0,3.6268,2.08,collision,1497.9,-0.166177,0.36842,-0.821047,0.734379,4.486576,1.219153,0.651797,5.914786,0.38679,0.376857,-0.512925,1.000927,,,,,,,,,,,,,,0,gru
444,152703,2.0151,-7.4062,164,0,0,1,0,3.5178,1.967,collision,1499.8,-0.289203,0.375003,-0.876535,0.647087,4.561318,1.263638,0.823204,5.983726,0.405288,0.384726,-0.450591,1.0,-0.056719,0.017549,1.742714,0.003674,0.06738,0.092885,0.015768,0.045565,0.0001,,,,,0,gru
445,152951,-37.3013,-8.1124,248,0,0,1,0,3.6335,2.053,collision,1502.1,-0.084047,0.382616,-0.811715,0.823151,4.120752,1.394907,0.365659,5.92311,0.334741,0.414264,-0.964459,1.0,,,,,,,,,,,,,,0,gru
446,153107,-2.5571,-8.1843,156,0,0,1,0,3.6473,1.9,collision,1503.6,-0.383129,0.369909,-0.849025,0.785475,4.55104,1.197832,0.986651,5.960253,0.409867,0.391582,-0.480883,1.0,,,,,,,,,,,,,,0,gru
447,153377,30.5239,-8.6324,270,0,0,1,0,3.3287,1.966,collision,1506.1,-0.183343,0.433849,-0.880116,0.785056,4.311217,1.333395,0.498977,5.984383,0.382549,0.383888,-0.639115,1.0,,,,,,,,,,,,,,0,gru
448,153543,3.1589,-8.1449,166,0,0,1,0,3.5453,1.995,collision,1508.2,-0.28988,0.381151,-0.877692,0.732655,4.615873,1.117621,0.750663,5.960442,0.402333,0.386171,-0.416239,1.0,-0.048568,0.016144,1.742881,0.003662,0.076997,0.218683,0.006531,0.122986,0.0001,,,,,0,gru
449,153798,-19.8517,-7.3562,255,0,0,1,0,3.5882,2.029,collision,1510.6,0.027076,0.432289,-0.856927,0.844883,4.115778,1.364128,0.462983,5.92897,0.356143,0.413161,-0.891305,1.0,,,,,,,,,,,,,,0,gru
450,153935,-9.3259,-7.5712,137,0,0,1,0,3.7382,1.725,collision,1511.9,-0.546581,0.27569,-0.889627,0.537593,4.363813,1.260826,0.385494,5.872174,0.410602,0.393693,-0.591054,1.0,,,,,,,,,,,,,,0,gru
451,155826,-56.1011,-13.0186,1891,0,0,1,0,2.2766,2.056,collision,1529.2,0.04191,0.408303,-0.856902,0.869838,4.324543,1.323602,0.244353,5.970883,0.357955,0.433393,-1.0,1.0,,,,,,,,,,,,,,0,gru
452,156098,30.7777,-5.977,272,0,0,1,0,3.352,2.011,collision,1532.8,-0.211454,0.412386,-0.848066,0.78423,4.507322,1.201922,0.881414,5.95664,0.383668,0.379755,-0.577619,1.0,0.035369,0.007444,1.743078,0.00365,0.059219,0.159567,0.020056,0.090469,0.0001,,,,,0,gru
453,156371,32.7923,-2.5869,273,0,0,1,0,3.339,2.052,collision,1535.5,-0.231976,0.382577,-0.880352,0.748095,4.642877,1.151888,0.746198,5.964074,0.385934,0.380696,-0.58016,1.0,,,,,,,,,,,,,,0,gru
454,156646,28.8221,0.0938,275,0,0,1,0,3.3221,2.014,collision,1538.1,-0.160003,0.430755,-0.85872,0.865085,4.433348,1.284087,0.363329,5.953899,0.381669,0.384401,-0.587752,1.0,,,,,,,,,,,,,,0,gru
455,156817,1.5278,3.9767,171,0,0,1,0,3.5868,1.825,collision,1539.7,-0.466439,0.316746,-0.874325,0.732741,4.718483,1.263126,0.519243,5.979224,0.40365,0.388781,-0.526923,1.0,,,,,,,,,,,,,,0,gru
456,156976,-2.0838,4.024,159,0,0,1,0,3.5801,2.0,collision,1541.5,-0.297641,0.388634,-0.883676,0.63238,4.613705,1.110554,1.052661,5.938017,0.393603,0.380492,-0.526668,1.0,-0.04775,0.017996,1.742911,0.003638,0.079382,0.308391,0.018419,0.174661,0.0001,,,,,0,gru
457,157108,-11.8237,-0.2107,132,0,0,1,0,3.7365,1.605,collision,1542.8,-0.65857,0.202014,-0.88894,0.161572,4.774475,1.134388,1.227765,5.958912,0.396073,0.387026,-0.621135,1.0,,,,,,,,,,,,,,0,gru
458,157296,-1.0754,-0.6342,188,0,0,1,0,3.6461,1.99,collision,1544.6,-0.17623,0.430846,-0.883038,0.780881,4.417756,1.324878,0.419754,5.984858,0.388611,0.387871,-0.631236,1.001637,,,,,,,,,,,,,,0,gru
459,157559,1.8079,1.5318,263,0,0,1,0,3.5135,2.077,collision,1547.2,0.036011,0.412154,-0.843174,0.83305,4.398472,1.221948,0.280857,5.943892,0.377281,0.400779,-0.740506,1.003822,,,,,,,,,,,,,,0,gru
460,157829,30.8931,5.5537,270,0,0,1,0,3.4154,1.945,collision,1550.0,-0.241171,0.42227,-0.863053,0.786159,4.434794,1.293783,0.262847,5.973936,0.39351,0.388371,-0.551055,1.0,-0.044999,0.016704,1.742674,0.003626,0.079441,0.366971,0.018764,0.223486,0.0001,,,,,0,gru
461,158312,-26.4704,8.5168,483,0,0,1,0,3.5846,2.0,collision,1554.9,-0.103823,0.452137,-0.86561,0.839213,4.503048,1.213973,0.642904,5.984244,0.393398,0.43703,-0.999931,1.009759,,,,,,,,,,,,,,0,gru
462,158474,0.3963,5.4786,162,0,0,1,0,3.6305,1.984,collision,1556.5,-0.328033,0.366446,-0.870972,0.666967,4.594212,1.115817,0.550836,5.967443,0.407292,0.389888,-0.525353,1.0,,,,,,,,,,,,,,0,gru
463,158635,1.3258,2.332,161,0,0,1,0,3.5248,1.962,collision,1558.2,-0.338758,0.368785,-0.860554,0.783332,4.74717,1.113884,0.824522,5.981479,0.40481,0.386047,-0.421468,1.0,,,,,,,,,,,,,,0,gru
464,158909,28.6808,2.3178,274,0,0,1,0,3.3966,2.069,collision,1561.4,-0.104296,0.414473,-0.860211,0.817765,4.532805,1.129353,0.347087,5.996285,0.388616,0.385996,-0.578055,1.004252,-0.054266,0.019197,1.742503,0.003614,0.076012,0.10275,0.01815,0.048966,0.0001,,,,,0,gru
465,159460,72.442,9.4092,551,0,0,1,0,2.8777,2.006,collision,1566.7,-0.049485,0.450486,-0.878052,0.836868,4.448781,1.275819,0.399572,5.983155,0.378258,0.390819,-0.899962,1.0,,,,,,,,,,,,,,0,gru
466,159595,-12.0238,8.4153,135,0,0,1,0,3.7939,1.642,collision,1568.0,-0.61669,0.238226,-0.885841,0.382846,4.582841,1.24337,0.775697,5.948769,0.408125,0.399242,-0.706951,1.009184,,,,,,,,,,,,,,0,gru
467,159856,6.8946,10.2871,261,0,0,1,0,3.5078,2.095,collision,1570.4,0.056773,0.401973,-0.786356,0.887013,4.338786,1.239872,0.868494,5.963991,0.381155,0.401026,-0.721702,1.009772,,,,,,,,,,,,,,0,gru
468,159999,-5.6818,9.8264,143,0,0,1,0,3.6194,1.869,collision,1572.2,-0.407667,0.373939,-0.887499,0.813482,4.437004,1.215893,0.713919,5.972087,0.40951,0.388817,-0.509732,1.0,-0.019385,0.014036,1.742341,0.003602,0.076055,0.224599,0.018538,0.131786,0.0001,,,,,0,gru
469,160168,-0.3591,9.6097,169,0,0,1,0,3.6495,1.725,collision,1573.8,-0.550875,0.287765,-0.879152,0.557355,4.376302,1.209029,1.156895,5.936143,0.398298,0.389055,-0.599684,1.0,,,,,,,,,,,,,,0,gru
470,160440,29.41,9.4614,272,0,0,1,0,3.3832,2.022,collision,1576.3,-0.13791,0.402478,-0.809817,0.866193,4.27514,1.361691,0.320207,5.9259,0.3877,0.384055,-0.566787,1.0,,,,,,,,,,,,,,0,gru
471,160582,-6.6115,11.4473,142,0,0,1,0,3.6297,1.815,collision,1577.8,-0.490505,0.296231,-0.885799,0.46809,4.542317,1.193063,0.398523,5.948664,0.407673,0.387637,-0.535003,1.0,,,,,,,,,,,,,,0,gru
472,160849,-0.266,11.3811,267,0,0,1,0,3.5461,2.083,collision,1580.7,0.080928,0.400476,-0.809762,0.870944,4.332874,1.315971,0.303565,5.906063,0.383192,0.407134,-0.757488,1.010801,-0.054363,0.014259,1.742068,0.00359,0.069949,0.099541,0.007442,0.043974,0.0001,,,,,0,gru
473,161034,4.7561,11.7241,185,0,0,1,0,3.6497,1.994,collision,1582.5,-0.291017,0.382329,-0.87576,0.637873,4.639486,1.153056,0.661901,5.962077,0.39352,0.383227,-0.560187,1.008642,,,,,,,,,,,,,,0,gru
474,161302,20.7334,10.9294,268,0,0,1,0,3.4295,2.071,collision,1585.2,-0.088052,0.412567,-0.86976,0.822428,4.572703,1.168007,0.535319,5.94435,0.386329,0.389141,-0.598794,1.002429,,,,,,,,,,,,,,0,gru
475,161450,-6.592,3.026,148,0,0,1,0,3.7607,1.703,collision,1586.6,-0.547089,0.294388,-0.885584,0.620091,4.625863,1.250136,0.595672,5.982985,0.415971,0.397946,-0.629425,1.00946,,,,,,,,,,,,,,0,gru
476,161719,22.4966,6.478,269,0,0,1,0,3.4073,2.087,collision,1589.5,-0.105426,0.379897,-0.852699,0.776447,4.507908,1.235183,0.446445,5.985123,0.386231,0.38774,-0.612615,1.001019,-0.035841,0.016304,1.741728,0.003578,0.071679,0.126131,0.00668,0.063189,0.0001,,,,,0,gru
477,161981,11.1304,6.9016,262,0,0,1,0,3.4381,2.002,collision,1592.0,-0.052743,0.436034,-0.878851,0.833757,4.464639,1.287342,0.203334,5.968821,0.373126,0.393285,-0.699857,1.0,,,,,,,,,,,,,,0,gru
478,162237,-17.2626,5.7435,256,0,0,1,0,3.5138,2.024,collision,1594.5,0.062952,0.420752,-0.85295,0.852358,4.176827,1.355816,0.482898,5.985291,0.361362,0.41314,-0.88171,1.0,,,,,,,,,,,,,,0,gru
479,162384,-5.5773,5.2217,147,0,0,1,0,3.7319,1.798,collision,1596.0,-0.45834,0.351787,-0.886148,0.767732,4.664937,1.214256,0.419036,5.973431,0.416594,0.397144,-0.566902,1.003585,,,,,,,,,,,,,,0,gru
480,162524,-10.3747,1.2432,140,0,0,1,0,3.779,1.667,collision,1597.6,-0.618641,0.214689,-0.878066,0.048082,4.541307,1.180895,1.476489,5.975003,0.406984,0.395512,-0.712797,1.008672,-0.028231,0.01734,1.741385,0.003566,0.067903,0.370686,0.014471,0.199707,0.0001,,,,,0,gru
481,162803,35.2456,5.429,279,0,0,1,0,3.3165,1.956,collision,1600.3,-0.304201,0.404688,-0.871813,0.712265,4.81085,1.047185,1.287832,5.979606,0.400882,0.389932,-0.554881,1.0,,,,,,,,,,,,,,0,gru
482,163329,49.0807,10.3636,526,0,0,1,0,2.8888,2.043,collision,1605.4,-0.019715,0.438159,-0.86947,0.869116,4.411006,1.197873,0.085504,5.970998,0.35436,0.38502,-0.972783,1.0,,,,,,,,,,,,,,0,gru
483,163592,16.8246,11.5705,263,0,0,1,0,3.4799,2.04,collision,1608.1,-0.088329,0.420721,-0.86851,0.807628,4.56492,1.223168,0.772191,5.961985,0.381332,0.390351,-0.701245,1.007489,,,,,,,,,,,,,,0,gru
484,163767,-14.9846,7.9987,175,0,0,1,0,3.6987,1.682,collision,1610.3,-0.466671,0.449685,-0.884382,0.723469,4.61251,1.224636,0.461632,5.980115,0.396542,0.406874,-0.99596,1.0,-0.032096,0.01328,1.740852,0.003554,0.072565,0.179403,0.026605,0.109005,0.0001,,,,,0,gru
485,164022,-1.925,8.4654,255,0,0,1,0,3.5376,2.071,collision,1612.9,-0.042789,0.418954,-0.858319,0.813369,4.366234,1.198373,0.657092,5.960389,0.363598,0.396763,-0.787829,1.0,,,,,,,,,,,,,,0,gru
486,164281,1.8387,6.3996,259,0,0,1,0,3.4234,2.078,collision,1615.6,-0.020818,0.411199,-0.781064,0.84732,4.344968,1.210698,0.547975,5.964516,0.356049,0.387095,-0.763673,1.0,,,,,,,,,,,,,,0,gru
487,164425,-8.3425,4.4523,144,0,0,1,0,3.7516,1.728,collision,1617.0,-0.562818,0.283426,-0.87965,0.280698,4.781248,1.152804,0.549837,5.960174,0.41416,0.397552,-0.660589,1.006216,,,,,,,,,,,,,,0,gru
488,164607,2.2684,6.4054,182,0,0,1,0,3.6494,1.708,collision,1619.3,-0.541781,0.32344,-0.889744,0.559676,4.782974,1.249584,0.444826,5.973083,0.403638,0.393239,-0.642603,1.0,-0.033148,0.016727,1.740494,0.003542,0.064935,0.117306,0.016321,0.073671,0.0001,,,,,0,gru
489,164779,3.0952,7.2726,172,0,0,1,0,3.55,2.027,collision,1621.0,-0.324312,0.325922,-0.874312,0.692148,4.79993,1.125827,0.422076,5.976823,0.396552,0.383412,-0.543326,1.0,,,,,,,,,,,,,,0,gru
490,165052,29.7557,11.2857,273,0,0,1,0,3.3694,2.056,collision,1623.6,-0.196773,0.377732,-0.854437,0.761234,4.716459,1.173804,0.44418,5.977942,0.387365,0.383726,-0.562843,1.0,,,,,,,,,,,,,,0,gru
491,165215,1.1749,7.8786,163,0,0,1,0,3.5334,1.983,collision,1625.0,-0.279367,0.380998,-0.86645,0.73845,4.742673,1.169508,0.553072,5.94846,0.400204,0.383643,-0.45286,1.0,,,,,,,,,,,,,,0,gru
492,165484,14.6675,4.4373,269,0,0,1,0,3.3361,2.094,collision,1627.9,-0.029786,0.401694,-0.832561,0.793361,4.467571,1.291796,0.45159,5.983576,0.365929,0.38544,-0.650089,1.0,-0.047471,0.021901,1.740241,0.00353,0.076638,0.185468,0.009665,0.099784,0.0001,,,,,0,gru
493,165627,-6.7566,2.0792,143,0,0,1,0,3.6304,1.798,collision,1629.1,-0.485177,0.328211,-0.878606,0.605386,4.78063,1.238839,0.333535,5.975966,0.407208,0.387746,-0.569409,1.0,,,,,,,,,,,,,,0,gru
494,166067,-30.1156,0.5661,440,0,0,1,0,3.5933,1.991,collision,1632.8,-0.089906,0.451966,-0.881593,0.806336,4.539962,1.236221,0.488475,5.973727,0.396014,0.437934,-0.999003,1.0,,,,,,,,,,,,,,0,gru
495,166333,7.8211,1.5407,266,0,0,1,0,3.4209,2.09,collision,1635.1,0.012121,0.41104,-0.811714,0.828626,4.623262,1.231777,0.789328,5.985358,0.376417,0.394146,-0.716036,1.0,,,,,,,,,,,,,,0,gru
496,166588,-0.5184,1.305,255,0,0,1,0,3.5049,2.065,collision,1637.6,0.033303,0.427623,-0.863825,0.808939,4.510279,1.239294,0.226601,5.990867,0.363873,0.396307,-0.766927,1.0,-0.024054,0.014116,1.740084,0.003518,0.057396,0.179781,0.016386,0.105744,0.0001,,,,,0,gru
497,166844,-1.9742,1.9418,256,0,0,1,0,3.4933,2.014,collision,1639.7,-0.025365,0.433848,-0.829834,0.845775,4.457683,1.324914,0.326793,5.976396,0.349176,0.387507,-0.799215,1.0,,,,,,,,,,,,,,0,gru
498,167000,-3.0256,1.4124,156,0,0,1,0,3.6122,1.979,collision,1641.0,-0.255812,0.412584,-0.851432,0.738372,4.866057,0.993478,0.867245,5.962249,0.387774,0.376374,-0.528721,1.0,,,,,,,,,,,,,,0,gru
499,167169,0.6387,1.1668,169,0,0,1,0,3.6486,1.95,collision,1642.5,-0.296297,0.402337,-0.869996,0.835418,4.805405,1.092111,0.868938,5.965233,0.392166,0.38005,-0.552754,1.0,,,,,,,,,,,,,,0,gru
500,167338,-0.7277,-1.8816,169,0,0,1,0,3.6491,1.961,collision,1644.4,-0.303001,0.402633,-0.874507,0.788326,4.816107,1.092764,0.914414,5.988437,0.396847,0.383437,-0.592489,1.0,-0.048957,0.020061,1.739853,0.003506,0.070766,0.260799,0.020401,0.146239,0.0001,,,,,0,gru
