global_step,episode,actor_loss,critic_loss,policy_entropy,entropy_coef,value_residual,grad_norm_actor,grad_norm_critic,grad_norm_rnn,lr_actor,lr_critic,alpha,alpha_loss,target_update_magnitude,recurrent_cell
5829,4,0.128651,0.001251,1.712892,0.004994,0.015909,0.071089,0.025326,0.0,3.7e-05,,,,,none
5829,4,-0.062891,0.001111,1.712966,0.004994,0.013036,0.240318,0.009218,0.0,3.7e-05,,,,,none
5829,4,-0.087527,0.001141,1.713005,0.004994,0.012141,0.137072,0.003303,0.0,3.7e-05,,,,,none
5829,4,0.032772,0.001432,1.713009,0.004994,0.01475,0.112859,0.004767,0.0,3.7e-05,,,,,none
5829,4,-0.028318,0.001638,1.712988,0.004994,0.013749,0.278768,0.004366,0.0,3.7e-05,,,,,none
5829,4,-0.014789,0.000175,1.713001,0.004994,0.013534,0.10764,0.007062,0.0,3.7e-05,,,,,none
5829,4,0.045915,0.001493,1.713013,0.004994,0.013733,0.194162,0.005558,0.0,3.7e-05,,,,,none
5829,4,-0.111124,0.001489,1.713038,0.004994,0.014374,0.10642,0.01078,0.0,3.7e-05,,,,,none
5829,4,0.064561,0.000192,1.713068,0.004994,0.014173,0.20909,0.002772,0.0,3.7e-05,,,,,none
5829,4,-0.0136,0.000833,1.713088,0.004994,0.013436,0.214032,0.002242,0.0,3.7e-05,,,,,none
5829,4,0.018995,0.000843,1.713117,0.004994,0.012554,0.081518,0.002371,0.0,3.7e-05,,,,,none
5829,4,-0.015222,0.001664,1.713144,0.004994,0.012563,0.053578,0.00446,0.0,3.7e-05,,,,,none
11427,8,-0.023191,0.00058,1.713175,0.004982,0.012375,0.123654,0.012,0.0,4.9e-05,,,,,none
11427,8,0.081451,0.001576,1.713217,0.004982,0.013868,0.199952,0.016916,0.0,4.9e-05,,,,,none
11427,8,-0.126977,0.000123,1.713239,0.004982,0.010958,0.158414,0.005992,0.0,4.9e-05,,,,,none
11427,8,0.051557,0.000576,1.713255,0.004982,0.013342,0.247661,0.009327,0.0,4.9e-05,,,,,none
11427,8,-0.048015,0.000961,1.713254,0.004982,0.011645,0.17157,0.001,0.0,4.9e-05,,,,,none
11427,8,-0.055644,0.00084,1.713258,0.004982,0.012211,0.140069,0.003571,0.0,4.9e-05,,,,,none
11427,8,0.010325,0.000912,1.713259,0.004982,0.013531,0.055258,0.00583,0.0,4.9e-05,,,,,none
11427,8,-0.069631,0.000997,1.713258,0.004982,0.013136,0.173107,0.011305,0.0,4.9e-05,,,,,none
11427,8,0.030009,0.000327,1.713258,0.004982,0.015042,0.127038,0.011183,0.0,4.9e-05,,,,,none
11427,8,-0.127536,0.000441,1.713251,0.004982,0.013765,0.084654,0.017932,0.0,4.9e-05,,,,,none
11427,8,0.049999,0.001446,1.713245,0.004982,0.014009,0.149061,0.008973,0.0,4.9e-05,,,,,none
11427,8,0.056767,0.000357,1.713229,0.004982,0.014354,0.212144,0.009233,0.0,4.9e-05,,,,,none
16803,12,0.004716,0.001318,1.713211,0.00497,0.016817,0.056584,0.001988,0.0,6.1e-05,,,,,none
16803,12,0.070122,0.002063,1.713199,0.00497,0.014724,0.052613,0.005981,0.0,6.1e-05,,,,,none
16803,12,0.013633,0.001793,1.713189,0.00497,0.017636,0.04272,0.002265,0.0,6.1e-05,,,,,none
16803,12,-0.044555,0.002621,1.713181,0.00497,0.020517,0.071612,0.002294,0.0,6.1e-05,,,,,none
16803,12,0.051562,0.001456,1.713184,0.00497,0.016465,0.073461,0.01102,0.0,6.1e-05,,,,,none
16803,12,0.119409,0.000738,1.713187,0.00497,0.013056,0.108568,0.02172,0.0,6.1e-05,,,,,none
16803,12,0.104377,0.001775,1.713189,0.00497,0.015164,0.068466,0.013729,0.0,6.1e-05,,,,,none
16803,12,0.014083,0.000477,1.713193,0.00497,0.014364,0.072929,0.003979,0.0,6.1e-05,,,,,none
16803,12,-0.054946,0.003599,1.713199,0.00497,0.021105,0.103424,0.013428,0.0,6.1e-05,,,,,none
16803,12,-0.016073,0.000913,1.713214,0.00497,0.014309,0.051555,0.006318,0.0,6.1e-05,,,,,none
16803,12,0.092102,0.00226,1.713235,0.00497,0.015025,0.079024,0.003625,0.0,6.1e-05,,,,,none
16803,12,0.014762,0.002059,1.713251,0.00497,0.019034,0.169592,0.013832,0.0,6.1e-05,,,,,none
21191,16,0.044095,0.001857,1.713269,0.004958,0.016316,0.111849,0.003217,0.0,7.3e-05,,,,,none
21191,16,0.00853,0.001279,1.713283,0.004958,0.016615,0.109779,0.00497,0.0,7.3e-05,,,,,none
21191,16,0.077676,8.9e-05,1.713305,0.004958,0.010208,0.150227,0.006096,0.0,7.3e-05,,,,,none
21191,16,0.081209,0.001216,1.713323,0.004958,0.015802,0.108499,0.003057,0.0,7.3e-05,,,,,none
21191,16,-0.019041,0.00161,1.713342,0.004958,0.016105,0.039068,0.006607,0.0,7.3e-05,,,,,none
21191,16,0.018819,0.002197,1.71336,0.004958,0.013328,0.315337,0.001176,0.0,7.3e-05,,,,,none
21191,16,0.03358,0.001105,1.713383,0.004958,0.012323,0.031917,0.000567,0.0,7.3e-05,,,,,none
21191,16,0.000729,0.001993,1.713405,0.004958,0.019207,0.190383,0.013332,0.0,7.3e-05,,,,,none
21191,16,0.217223,0.000433,1.713434,0.004958,0.010951,0.198398,0.010358,0.0,7.3e-05,,,,,none
21191,16,0.041354,0.001301,1.713448,0.004958,0.015298,0.220571,0.007701,0.0,7.3e-05,,,,,none
21191,16,-0.000701,0.001569,1.71346,0.004958,0.015935,0.18754,0.010309,0.0,7.3e-05,,,,,none
21191,16,0.168575,0.001991,1.713478,0.004958,0.013041,0.326109,0.00415,0.0,7.3e-05,,,,,none
26811,20,-0.084795,0.000427,1.713479,0.004946,0.008914,0.115792,0.001396,0.0,8.5e-05,,,,,none
26811,20,-0.00901,0.001713,1.713481,0.004946,0.008688,0.275479,0.006914,0.0,8.5e-05,,,,,none
26811,20,0.070587,0.000742,1.713485,0.004946,0.011053,0.886261,0.013018,0.0,8.5e-05,,,,,none
26811,20,-0.034904,0.000826,1.713471,0.004946,0.009868,0.781318,0.010917,0.0,8.5e-05,,,,,none
26811,20,-0.001052,0.000832,1.713447,0.004946,0.010889,0.767607,0.009498,0.0,8.5e-05,,,,,none
26811,20,-0.007073,0.001412,1.713426,0.004946,0.009161,0.20178,0.003862,0.0,8.5e-05,,,,,none
26811,20,-0.027128,0.001159,1.713386,0.004946,0.009371,0.110935,0.003173,0.0,8.5e-05,,,,,none
26811,20,-0.086335,0.001044,1.713342,0.004946,0.010994,0.516739,0.009327,0.0,8.5e-05,,,,,none
26811,20,0.094114,0.000677,1.713316,0.004946,0.011742,0.412191,0.003761,0.0,8.5e-05,,,,,none
26811,20,-0.049176,0.001359,1.713287,0.004946,0.009156,0.14304,0.004944,0.0,8.5e-05,,,,,none
26811,20,0.074153,0.000697,1.713245,0.004946,0.010099,0.259228,0.003067,0.0,8.5e-05,,,,,none
26811,20,-0.083363,0.000796,1.7132,0.004946,0.008442,0.053179,0.002618,0.0,8.5e-05,,,,,none
32445,24,-0.139527,0.000811,1.713163,0.004934,0.0082,0.124615,0.000502,0.0,9.7e-05,,,,,none
32445,24,0.074914,0.000764,1.713096,0.004934,0.00972,0.123073,0.008007,0.0,9.7e-05,,,,,none
32445,24,0.043893,0.000818,1.713039,0.004934,0.009179,0.455472,0.007432,0.0,9.7e-05,,,,,none
32445,24,-0.034575,0.000697,1.712961,0.004934,0.008224,0.305721,0.001107,0.0,9.7e-05,,,,,none
32445,24,-0.03588,0.000755,1.712888,0.004934,0.009421,0.256157,0.0036,0.0,9.7e-05,,,,,none
32445,24,0.053155,0.000932,1.712818,0.004934,0.009984,0.135083,0.006012,0.0,9.7e-05,,,,,none
32445,24,0.064004,0.001032,1.712723,0.004934,0.010453,0.239828,0.012059,0.0,9.7e-05,,,,,none
32445,24,-0.109813,9.6e-05,1.712622,0.004934,0.011607,0.27262,0.017494,0.0,9.7e-05,,,,,none
32445,24,0.025108,0.001418,1.712513,0.004934,0.010336,0.147987,0.007926,0.0,9.7e-05,,,,,none
32445,24,0.007137,0.001256,1.712385,0.004934,0.010593,0.141864,0.006648,0.0,9.7e-05,,,,,none
32445,24,0.01833,0.000359,1.712246,0.004934,0.008294,0.134587,0.000833,0.0,9.7e-05,,,,,none
32445,24,-0.06942,0.000733,1.712111,0.004934,0.008986,0.288462,0.004788,0.0,9.7e-05,,,,,none
38071,28,0.010943,0.00116,1.711984,0.004922,0.008384,0.225076,0.003615,0.0,0.0001,,,,,none
38071,28,0.012018,0.000832,1.711867,0.004922,0.007941,0.169831,0.005842,0.0,0.0001,,,,,none
38071,28,-0.038033,0.000564,1.711778,0.004922,0.008346,0.114803,0.006439,0.0,0.0001,,,,,none
38071,28,-0.025522,0.00094,1.711698,0.004922,0.008464,0.077283,0.007759,0.0,0.0001,,,,,none
38071,28,0.004967,0.000294,1.711623,0.004922,0.008953,0.619864,0.006531,0.0,0.0001,,,,,none
38071,28,0.020149,0.001594,1.711565,0.004922,0.008449,0.302605,0.003763,0.0,0.0001,,,,,none
38071,28,-0.055592,0.001451,1.711519,0.004922,0.0094,0.166261,0.003823,0.0,0.0001,,,,,none
38071,28,0.085585,0.000465,1.71148,0.004922,0.008766,0.169634,0.002177,0.0,0.0001,,,,,none
38071,28,-0.045661,0.000701,1.711448,0.004922,0.009541,0.228214,0.007198,0.0,0.0001,,,,,none
38071,28,-0.044387,0.001423,1.711437,0.004922,0.00969,0.199178,0.005223,0.0,0.0001,,,,,none
38071,28,0.076776,0.000719,1.711428,0.004922,0.009483,0.145252,0.001281,0.0,0.0001,,,,,none
38071,28,-0.046322,0.000436,1.711421,0.004922,0.009326,0.118133,0.00095,0.0,0.0001,,,,,none
43777,32,-0.095843,0.001275,1.711432,0.00491,0.00982,0.086122,0.004462,0.0,0.0001,,,,,none
43777,32,0.100956,0.001112,1.711436,0.00491,0.011185,0.219454,0.012599,0.0,0.0001,,,,,none
43777,32,-0.03444,0.000269,1.711456,0.00491,0.009807,0.233733,0.007499,0.0,0.0001,,,,,none
43777,32,-0.057409,0.000343,1.711492,0.00491,0.010678,0.456977,0.005394,0.0,0.0001,,,,,none
43777,32,1.5e-05,0.001262,1.711523,0.00491,0.010981,0.28035,0.002073,0.0,0.0001,,,,,none
43777,32,0.044423,0.001243,1.711545,0.00491,0.010109,0.157119,0.002041,0.0,0.0001,,,,,none
43777,32,0.059541,0.001261,1.711575,0.00491,0.011891,0.186388,0.006937,0.0,0.0001,,,,,none
43777,32,0.005038,0.000657,1.711613,0.00491,0.012289,0.146116,0.013157,0.0,0.0001,,,,,none
43777,32,-0.105646,0.000962,1.711643,0.00491,0.012936,0.268318,0.015932,0.0,0.0001,,,,,none
43777,32,-0.037582,0.001145,1.711676,0.00491,0.013395,0.306676,0.013187,0.0,0.0001,,,,,none
43777,32,-0.021165,0.00056,1.711712,0.00491,0.012273,0.1944,0.004164,0.0,0.0001,,,,,none
43777,32,0.047083,0.001277,1.711773,0.00491,0.013548,0.406035,0.006918,0.0,0.0001,,,,,none
49327,36,0.066312,0.000348,1.7118,0.004898,0.010539,0.113574,0.006782,0.0,0.0001,,,,,none
49327,36,-0.114841,0.000889,1.711832,0.004898,0.010625,0.107015,0.005014,0.0,0.0001,,,,,none
49327,36,0.017924,0.000888,1.711848,0.004898,0.011568,0.189442,0.012168,0.0,0.0001,,,,,none
49327,36,0.022906,0.00045,1.711869,0.004898,0.011956,0.206992,0.012541,0.0,0.0001,,,,,none
49327,36,-0.100212,0.001061,1.711885,0.004898,0.010891,0.186754,0.009651,0.0,0.0001,,,,,none
49327,36,0.058444,0.000519,1.711901,0.004898,0.011067,0.10047,0.01102,0.0,0.0001,,,,,none
49327,36,-0.026324,0.000443,1.711917,0.004898,0.011479,0.171257,0.005334,0.0,0.0001,,,,,none
49327,36,-0.002845,0.000374,1.711934,0.004898,0.009377,0.194781,0.001534,0.0,0.0001,,,,,none
49327,36,-0.006121,0.001411,1.711952,0.004898,0.010547,0.07559,0.002595,0.0,0.0001,,,,,none
49327,36,-0.002081,0.00072,1.711957,0.004898,0.011585,0.14219,0.002195,0.0,0.0001,,,,,none
49327,36,-0.047127,0.000351,1.711961,0.004898,0.011361,0.170876,0.00707,0.0,0.0001,,,,,none
49327,36,0.023923,0.001088,1.711971,0.004898,0.01215,0.169107,0.002974,0.0,0.0001,,,,,none
53648,40,0.020874,0.001228,1.711982,0.004886,0.015806,0.184657,0.008659,0.0,0.0001,,,,,none
53648,40,0.007675,0.002618,1.711998,0.004886,0.016073,0.111126,0.009418,0.0,0.0001,,,,,none
53648,40,0.22733,0.003887,1.712003,0.004886,0.015434,0.388796,0.019761,0.0,0.0001,,,,,none
53648,40,-0.009994,0.002261,1.712031,0.004886,0.019018,0.262907,0.008262,0.0,0.0001,,,,,none
53648,40,0.058903,0.002053,1.712055,0.004886,0.013771,0.213833,0.002557,0.0,0.0001,,,,,none
53648,40,0.071868,7e-05,1.712074,0.004886,0.009364,0.16314,0.005287,0.0,0.0001,,,,,none
53648,40,0.097031,0.000528,1.712093,0.004886,0.013504,0.227208,0.005277,0.0,0.0001,,,,,none
53648,40,-0.031705,0.003744,1.712099,0.004886,0.018318,0.287687,0.017248,0.0,0.0001,,,,,none
53648,40,-0.0643,0.000248,1.71211,0.004886,0.012234,0.147832,0.015128,0.0,0.0001,,,,,none
53648,40,-0.06491,0.003269,1.712133,0.004886,0.020329,0.241485,0.023036,0.0,0.0001,,,,,none
53648,40,0.125909,0.000961,1.712153,0.004886,0.011617,0.049465,0.001013,0.0,0.0001,,,,,none
53648,40,-0.01871,0.000297,1.712168,0.004886,0.016199,0.182175,0.010274,0.0,0.0001,,,,,none
58868,44,0.010981,0.00166,1.712164,0.004874,0.015039,0.03845,0.00519,0.0,0.0001,,,,,none
58868,44,0.016242,0.003303,1.712171,0.004874,0.018863,0.148968,0.006989,0.0,0.0001,,,,,none
58868,44,0.103066,0.000252,1.712182,0.004874,0.012158,0.023411,0.01558,0.0,0.0001,,,,,none
58868,44,0.085822,0.002602,1.712197,0.004874,0.017405,0.086049,0.013135,0.0,0.0001,,,,,none
58868,44,0.033147,0.001316,1.712214,0.004874,0.015942,0.066744,0.01257,0.0,0.0001,,,,,none
58868,44,-0.057785,0.002137,1.712233,0.004874,0.021214,0.169519,0.003613,0.0,0.0001,,,,,none
58868,44,0.000871,0.00203,1.712259,0.004874,0.017822,0.156443,0.008261,0.0,0.0001,,,,,none
58868,44,0.07733,0.00159,1.712292,0.004874,0.017336,0.047773,0.019731,0.0,0.0001,,,,,none
58868,44,0.014763,0.002655,1.71233,0.004874,0.021208,0.070311,0.00901,0.0,0.0001,,,,,none
58868,44,-0.016762,0.002653,1.712359,0.004874,0.021422,0.077931,0.001642,0.0,0.0001,,,,,none
58868,44,0.080318,0.000865,1.712399,0.004874,0.013132,0.144901,0.017177,0.0,0.0001,,,,,none
58868,44,0.042071,0.002701,1.71243,0.004874,0.015296,0.342651,0.004607,0.0,0.0001,,,,,none
63190,48,0.04571,0.002204,1.712462,0.004862,0.01432,0.147822,0.006122,0.0,0.0001,,,,,none
63190,48,0.043114,0.001105,1.7125,0.004862,0.012137,0.107573,0.00736,0.0,0.0001,,,,,none
63190,48,-0.125317,0.000874,1.712536,0.004862,0.01669,0.679101,0.023773,0.0,0.0001,,,,,none
63190,48,0.050674,0.000432,1.712558,0.004862,0.012133,0.132681,0.007836,0.0,0.0001,,,,,none
63190,48,0.012805,0.003,1.712587,0.004862,0.015422,0.064217,0.009886,0.0,0.0001,,,,,none
63190,48,0.074929,4.3e-05,1.712614,0.004862,0.006794,0.096391,0.004303,0.0,0.0001,,,,,none
63190,48,0.034937,0.000961,1.712619,0.004862,0.012766,0.419917,0.002319,0.0,0.0001,,,,,none
63190,48,0.026796,0.002408,1.712624,0.004862,0.01487,0.240188,0.002193,0.0,0.0001,,,,,none
63190,48,0.084746,0.000269,1.712635,0.004862,0.012891,0.114073,0.009333,0.0,0.0001,,,,,none
63190,48,0.046974,0.001287,1.712638,0.004862,0.013438,0.143081,0.001361,0.0,0.0001,,,,,none
63190,48,0.017238,0.0018,1.712645,0.004862,0.013244,0.07045,0.008156,0.0,0.0001,,,,,none
63190,48,0.078015,0.002351,1.712655,0.004862,0.007571,0.089494,0.003126,0.0,0.0001,,,,,none
68572,52,0.066975,0.000646,1.712649,0.00485,0.014241,0.248943,0.003684,0.0,0.0001,,,,,none
68572,52,0.012677,0.00224,1.712655,0.00485,0.016962,0.260013,0.005087,0.0,0.0001,,,,,none
68572,52,0.018356,0.002688,1.712663,0.00485,0.016794,0.167657,0.004058,0.0,0.0001,,,,,none
68572,52,0.009058,0.001447,1.71268,0.00485,0.01514,0.057022,0.006943,0.0,0.0001,,,,,none
68572,52,0.017571,0.002988,1.712699,0.00485,0.021275,0.206609,0.003081,0.0,0.0001,,,,,none
68572,52,0.105234,0.000274,1.712731,0.00485,0.014676,0.322795,0.021371,0.0,0.0001,,,,,none
68572,52,0.131106,0.002364,1.712747,0.00485,0.015976,0.289782,0.016908,0.0,0.0001,,,,,none
68572,52,-0.047595,0.001944,1.712753,0.00485,0.01876,0.07067,0.01074,0.0,0.0001,,,,,none
68572,52,0.019538,0.000458,1.712778,0.00485,0.015321,0.093772,0.005797,0.0,0.0001,,,,,none
68572,52,0.105296,0.000541,1.712804,0.00485,0.012657,0.163978,0.001424,0.0,0.0001,,,,,none
68572,52,-0.009897,0.003388,1.712831,0.00485,0.020551,0.205439,0.02003,0.0,0.0001,,,,,none
68572,52,-0.002527,0.001018,1.712874,0.00485,0.017626,0.102415,0.012522,0.0,0.0001,,,,,none
74147,56,-0.000866,0.001047,1.712913,0.004838,0.0105,0.143131,0.003524,0.0,0.0001,,,,,none
74147,56,-0.058873,0.001496,1.712947,0.004838,0.00894,0.06473,0.005168,0.0,0.0001,,,,,none
74147,56,0.034393,0.000256,1.712995,0.004838,0.011518,0.101245,0.0112,0.0,0.0001,,,,,none
74147,56,0.000936,0.001613,1.713017,0.004838,0.010608,0.196739,0.011477,0.0,0.0001,,,,,none
74147,56,-0.015713,0.000476,1.713023,0.004838,0.010373,0.23286,0.008571,0.0,0.0001,,,,,none
74147,56,-0.023808,0.000879,1.713026,0.004838,0.011216,0.197616,0.003867,0.0,0.0001,,,,,none
74147,56,-0.116714,0.000848,1.713021,0.004838,0.01038,0.067148,0.004342,0.0,0.0001,,,,,none
74147,56,-0.044269,0.001186,1.71301,0.004838,0.010012,0.066759,0.00545,0.0,0.0001,,,,,none
74147,56,0.174747,0.000817,1.713006,0.004838,0.009984,0.282035,0.001478,0.0,0.0001,,,,,none
74147,56,0.013238,0.001283,1.712996,0.004838,0.010877,0.135971,0.007089,0.0,0.0001,,,,,none
74147,56,-0.093377,0.000905,1.712996,0.004838,0.009771,0.104033,0.00756,0.0,0.0001,,,,,none
74147,56,0.067569,0.000579,1.712988,0.004838,0.010246,0.109687,0.001754,0.0,0.0001,,,,,none
79675,60,-0.016909,0.00155,1.712965,0.004826,0.009296,0.28322,0.00342,0.0,0.0001,,,,,none
79675,60,-0.021186,0.000515,1.712967,0.004826,0.0101,0.118406,0.006868,0.0,0.0001,,,,,none
79675,60,0.019693,0.000731,1.712982,0.004826,0.010681,0.151826,0.010279,0.0,0.0001,,,,,none
79675,60,0.031564,0.001047,1.712998,0.004826,0.011163,0.694174,0.013704,0.0,0.0001,,,,,none
79675,60,-0.102299,0.000749,1.713015,0.004826,0.00957,0.528831,0.007135,0.0,0.0001,,,,,none
79675,60,0.06622,0.00113,1.713043,0.004826,0.010221,0.340869,0.004833,0.0,0.0001,,,,,none
79675,60,0.045261,0.001022,1.71307,0.004826,0.010486,0.287473,0.001395,0.0,0.0001,,,,,none
79675,60,-0.047854,0.000811,1.71308,0.004826,0.009009,0.085399,0.002063,0.0,0.0001,,,,,none
79675,60,-0.026483,0.000997,1.713108,0.004826,0.010358,0.229893,0.003826,0.0,0.0001,,,,,none
79675,60,-0.076393,0.000551,1.713145,0.004826,0.010072,0.129966,0.005825,0.0,0.0001,,,,,none
79675,60,0.06066,0.000568,1.713194,0.004826,0.010593,0.229053,0.00172,0.0,0.0001,,,,,none
79675,60,-0.00718,0.002003,1.713229,0.004826,0.01007,0.157402,0.002125,0.0,0.0001,,,,,none
83498,64,0.094189,0.001218,1.713263,0.004814,0.015162,0.019164,0.005771,0.0,0.0001,,,,,none
83498,64,-0.027458,0.004583,1.713299,0.004814,0.021448,0.552081,0.02446,0.0,0.0001,,,,,none
83498,64,0.084548,0.001231,1.713328,0.004814,0.01476,0.088363,0.004714,0.0,0.0001,,,,,none
83498,64,-0.01369,0.004535,1.713358,0.004814,0.024277,0.306517,0.009034,0.0,0.0001,,,,,none
83498,64,0.045818,0.002193,1.713384,0.004814,0.018424,0.384884,0.010795,0.0,0.0001,,,,,none
83498,64,0.029919,0.003468,1.713411,0.004814,0.025264,0.297147,0.006587,0.0,0.0001,,,,,none
83498,64,0.096537,0.002701,1.713436,0.004814,0.019537,0.136698,0.014297,0.0,0.0001,,,,,none
83498,64,-0.02535,0.002876,1.713453,0.004814,0.021734,0.142261,0.005855,0.0,0.0001,,,,,none
87726,68,0.030864,0.001092,1.713488,0.004802,0.013417,0.133664,0.002776,0.0,0.0001,,,,,none
87726,68,0.053237,0.002473,1.713539,0.004802,0.009299,0.111337,0.00173,0.0,0.0001,,,,,none
87726,68,0.137054,0.000121,1.713587,0.004802,0.010819,0.256106,0.00161,0.0,0.0001,,,,,none
87726,68,0.01429,0.001956,1.71362,0.004802,0.013166,0.092717,0.014454,0.0,0.0001,,,,,none
87726,68,0.083594,0.001622,1.713665,0.004802,0.011361,0.186217,0.010158,0.0,0.0001,,,,,none
87726,68,-0.017198,0.000127,1.713712,0.004802,0.012348,0.289807,0.013905,0.0,0.0001,,,,,none
87726,68,0.051725,0.000944,1.713764,0.004802,0.011066,0.080693,0.007743,0.0,0.0001,,,,,none
87726,68,0.047753,0.001962,1.713826,0.004802,0.012846,0.063216,0.005788,0.0,0.0001,,,,,none
87726,68,-0.028864,0.008692,1.713892,0.004802,0.022427,0.378983,0.029235,0.0,0.0001,,,,,none
87726,68,0.054454,0.000867,1.713955,0.004802,0.01177,0.062583,0.008041,0.0,0.0001,,,,,none
87726,68,0.03675,0.002821,1.714015,0.004802,0.016064,0.075773,0.007067,0.0,0.0001,,,,,none
87726,68,0.077488,0.000181,1.714081,0.004802,0.013837,0.231846,0.017865,0.0,0.0001,,,,,none
93401,72,-0.004546,0.000965,1.714157,0.00479,0.009629,0.177687,0.009874,0.0,0.0001,,,,,none
93401,72,-0.014028,0.001077,1.714216,0.00479,0.009726,0.152417,0.008566,0.0,0.0001,,,,,none
93401,72,-0.020273,0.000728,1.71426,0.00479,0.008493,0.087721,0.006561,0.0,0.0001,,,,,none
93401,72,-0.005622,0.000542,1.714325,0.00479,0.008848,0.05359,0.003928,0.0,0.0001,,,,,none
93401,72,-0.046639,0.000831,1.714392,0.00479,0.008453,0.153709,0.00056,0.0,0.0001,,,,,none
93401,72,0.025365,0.001556,1.714445,0.00479,0.008717,0.113058,0.001309,0.0,0.0001,,,,,none
93401,72,-0.041384,0.001001,1.714492,0.00479,0.009304,0.404445,0.003058,0.0,0.0001,,,,,none
93401,72,-0.074167,0.000515,1.714546,0.00479,0.00977,0.175231,0.005119,0.0,0.0001,,,,,none
93401,72,0.106814,0.001375,1.714585,0.00479,0.00731,0.09149,0.001355,0.0,0.0001,,,,,none
93401,72,0.023953,0.001071,1.714623,0.00479,0.009594,0.099916,0.001311,0.0,0.0001,,,,,none
93401,72,-0.007183,0.000732,1.714655,0.00479,0.008202,0.344544,0.000873,0.0,0.0001,,,,,none
93401,72,-0.061278,0.001001,1.714674,0.00479,0.009139,0.083613,0.000927,0.0,0.0001,,,,,none
98991,76,-0.013155,0.000794,1.714692,0.004778,0.008863,0.078942,0.006188,0.0,0.0001,,,,,none
98991,76,-0.044925,0.00095,1.714717,0.004778,0.007697,0.192533,0.004507,0.0,0.0001,,,,,none
98991,76,0.061636,0.001318,1.714746,0.004778,0.009445,0.121425,0.005093,0.0,0.0001,,,,,none
98991,76,-0.062976,0.001504,1.714781,0.004778,0.008223,0.195835,0.002139,0.0,0.0001,,,,,none
98991,76,-0.022634,0.000705,1.714804,0.004778,0.008219,0.129984,0.003864,0.0,0.0001,,,,,none
98991,76,0.098069,0.00067,1.714819,0.004778,0.009899,0.112691,0.00472,0.0,0.0001,,,,,none
98991,76,-0.017659,0.000948,1.71486,0.004778,0.010049,0.182697,0.009592,0.0,0.0001,,,,,none
98991,76,0.048026,0.001181,1.714884,0.004778,0.009645,0.256226,0.007552,0.0,0.0001,,,,,none
98991,76,-0.055199,0.000789,1.714932,0.004778,0.009138,0.249709,0.008474,0.0,0.0001,,,,,none
98991,76,-0.000522,0.000332,1.714973,0.004778,0.009643,0.061966,0.004274,0.0,0.0001,,,,,none
98991,76,0.027479,0.002373,1.715012,0.004778,0.009129,0.255721,0.000819,0.0,0.0001,,,,,none
98991,76,-0.049056,7e-05,1.715064,0.004778,0.009084,0.08206,0.001342,0.0,0.0001,,,,,none
103337,80,0.040941,0.001483,1.715113,0.004766,0.013206,0.113038,0.004252,0.0,0.0001,,,,,none
103337,80,0.028569,0.00133,1.715165,0.004766,0.010935,0.072759,0.002505,0.0,0.0001,,,,,none
103337,80,-0.023462,0.000235,1.715211,0.004766,0.013931,0.737761,0.003328,0.0,0.0001,,,,,none
103337,80,0.033385,0.001101,1.715252,0.004766,0.011173,0.068719,0.007825,0.0,0.0001,,,,,none
103337,80,0.014863,0.000968,1.715298,0.004766,0.016327,0.221382,0.007603,0.0,0.0001,,,,,none
103337,80,0.162344,0.006426,1.715352,0.004766,0.012281,0.207259,0.017735,0.0,0.0001,,,,,none
103337,80,0.037554,0.001451,1.715417,0.004766,0.014184,0.243347,0.00322,0.0,0.0001,,,,,none
103337,80,0.019387,0.001383,1.715493,0.004766,0.011877,0.201332,0.004411,0.0,0.0001,,,,,none
103337,80,0.087919,7.5e-05,1.715569,0.004766,0.010152,0.100951,0.007516,0.0,0.0001,,,,,none
103337,80,0.03051,0.001628,1.715635,0.004766,0.013214,0.325712,0.013941,0.0,0.0001,,,,,none
103337,80,0.084204,0.000535,1.715702,0.004766,0.010198,0.302084,0.007584,0.0,0.0001,,,,,none
103337,80,-0.358337,0.005211,1.715765,0.004766,0.028226,0.693863,0.053441,0.0,0.0001,,,,,none
108983,84,-0.089964,0.00105,1.71583,0.004754,0.007923,0.300947,0.004435,0.0,0.0001,,,,,none
108983,84,0.07157,0.000797,1.715885,0.004754,0.010149,0.04303,0.013917,0.0,0.0001,,,,,none
108983,84,0.009929,0.000857,1.71592,0.004754,0.010252,0.310085,0.01538,0.0,0.0001,,,,,none
108983,84,-0.027667,0.001339,1.715965,0.004754,0.009646,0.385016,0.013458,0.0,0.0001,,,,,none
108983,84,0.054763,0.000156,1.715997,0.004754,0.009673,0.162047,0.009488,0.0,0.0001,,,,,none
108983,84,-0.050386,0.001291,1.716001,0.004754,0.009293,0.522038,0.000838,0.0,0.0001,,,,,none
108983,84,0.018962,0.001193,1.716006,0.004754,0.008749,0.485583,0.001813,0.0,0.0001,,,,,none
108983,84,-0.04288,0.000592,1.716007,0.004754,0.008896,0.186332,0.003691,0.0,0.0001,,,,,none
108983,84,0.018591,0.00086,1.715993,0.004754,0.010276,0.240829,0.001522,0.0,0.0001,,,,,none
108983,84,0.045891,0.000147,1.71595,0.004754,0.008863,0.286159,0.00108,0.0,0.0001,,,,,none
108983,84,0.006964,0.001473,1.71592,0.004754,0.009124,0.142665,0.001481,0.0,0.0001,,,,,none
108983,84,-0.079438,0.001096,1.715886,0.004754,0.009239,0.207244,0.002724,0.0,0.0001,,,,,none
114508,88,-0.05411,0.000764,1.715831,0.004742,0.008618,0.222813,0.003726,0.0,0.0001,,,,,none
114508,88,0.027945,0.001404,1.715779,0.004742,0.008964,0.06971,0.006786,0.0,0.0001,,,,,none
114508,88,0.016834,6.9e-05,1.715716,0.004742,0.009237,0.215456,0.006273,0.0,0.0001,,,,,none
114508,88,-0.015692,0.000921,1.71565,0.004742,0.008748,0.114115,0.003063,0.0,0.0001,,,,,none
114508,88,0.005525,0.000165,1.715585,0.004742,0.008958,0.208148,0.001121,0.0,0.0001,,,,,none
114508,88,-0.00644,0.001551,1.715512,0.004742,0.008313,0.410434,0.003055,0.0,0.0001,,,,,none
114508,88,-0.040714,0.000158,1.715447,0.004742,0.008499,0.087287,0.002812,0.0,0.0001,,,,,none
114508,88,0.035523,0.001676,1.715385,0.004742,0.008228,0.168066,0.000427,0.0,0.0001,,,,,none
114508,88,-0.009128,0.000453,1.715312,0.004742,0.008067,0.195219,0.000561,0.0,0.0001,,,,,none
114508,88,-0.013813,0.000433,1.715235,0.004742,0.007721,0.100194,0.002874,0.0,0.0001,,,,,none
114508,88,0.104888,0.00167,1.715152,0.004742,0.008779,0.430322,0.005804,0.0,0.0001,,,,,none
114508,88,-0.142431,5.1e-05,1.715082,0.004742,0.007659,0.395227,0.002418,0.0,0.0001,,,,,none
120120,92,0.039039,0.001269,1.715002,0.00473,0.007921,0.087661,0.002804,0.0,0.0001,,,,,none
120120,92,0.007591,0.000508,1.714934,0.00473,0.007467,0.210264,0.00119,0.0,0.0001,,,,,none
120120,92,-0.087357,0.000117,1.71486,0.00473,0.00821,0.498579,0.006565,0.0,0.0001,,,,,none
120120,92,0.043334,0.000591,1.714773,0.00473,0.007729,1.03071,0.004001,0.0,0.0001,,,,,none
120120,92,-0.03951,0.001225,1.714682,0.00473,0.00754,0.453319,0.004129,0.0,0.0001,,,,,none
120120,92,-0.035043,5.2e-05,1.714599,0.00473,0.007872,0.398924,0.001104,0.0,0.0001,,,,,none
120120,92,-0.020759,0.000595,1.714523,0.00473,0.00773,0.065797,0.003766,0.0,0.0001,,,,,none
120120,92,0.047629,0.000363,1.714452,0.00473,0.007774,0.331012,0.005685,0.0,0.0001,,,,,none
120120,92,-0.063889,0.001203,1.714382,0.00473,0.007495,0.20237,0.003464,0.0,0.0001,,,,,none
120120,92,0.019924,0.001233,1.714299,0.00473,0.00732,0.111938,0.004172,0.0,0.0001,,,,,none
120120,92,-0.03596,0.000233,1.714204,0.00473,0.007736,0.21116,0.00116,0.0,0.0001,,,,,none
120120,92,-0.003525,0.000534,1.714108,0.00473,0.0076,0.642968,0.002069,0.0,0.0001,,,,,none
125688,96,0.002532,0.000753,1.71402,0.004718,0.009179,0.12385,0.004797,0.0,0.0001,,,,,none
125688,96,0.036492,0.000656,1.713939,0.004718,0.008302,0.071252,0.003623,0.0,0.0001,,,,,none
125688,96,-0.139451,0.001281,1.713869,0.004718,0.007527,0.117484,0.002936,0.0,0.0001,,,,,none
125688,96,0.009039,0.00099,1.713803,0.004718,0.009526,0.053153,0.000884,0.0,0.0001,,,,,none
125688,96,-0.044562,0.00099,1.713744,0.004718,0.007785,0.098471,0.003728,0.0,0.0001,,,,,none
125688,96,-0.036087,0.000511,1.71369,0.004718,0.008302,0.524582,0.003897,0.0,0.0001,,,,,none
125688,96,-0.099005,0.00087,1.713634,0.004718,0.009136,0.13523,0.007943,0.0,0.0001,,,,,none
125688,96,0.065185,0.000458,1.713572,0.004718,0.009535,0.264852,0.002733,0.0,0.0001,,,,,none
125688,96,-0.037271,0.001443,1.71351,0.004718,0.008077,0.165922,0.007421,0.0,0.0001,,,,,none
125688,96,0.031646,0.0007,1.713446,0.004718,0.009649,0.343809,0.003201,0.0,0.0001,,,,,none
125688,96,-0.12981,0.000993,1.713385,0.004718,0.008927,0.319409,0.006956,0.0,0.0001,,,,,none
125688,96,0.049008,0.000963,1.713339,0.004718,0.008732,0.597782,0.001853,0.0,0.0001,,,,,none
131285,100,0.043875,0.000854,1.713275,0.004706,0.007896,0.324069,0.005286,0.0,0.0001,,,,,none
131285,100,-0.032834,0.000472,1.713195,0.004706,0.008254,0.147332,0.007801,0.0,0.0001,,,,,none
131285,100,-0.081038,0.001502,1.713107,0.004706,0.008158,0.056533,0.009028,0.0,0.0001,,,,,none
131285,100,-0.081391,0.001443,1.713016,0.004706,0.008432,0.092764,0.010253,0.0,0.0001,,,,,none
131285,100,-0.005779,0.000581,1.71291,0.004706,0.009178,0.252684,0.012486,0.0,0.0001,,,,,none
131285,100,0.050117,0.000622,1.71279,0.004706,0.008411,0.244531,0.01037,0.0,0.0001,,,,,none
131285,100,-0.066962,0.000912,1.712681,0.004706,0.007926,0.109843,0.003755,0.0,0.0001,,,,,none
131285,100,0.011684,0.00018,1.712559,0.004706,0.008359,0.408663,0.000471,0.0,0.0001,,,,,none
131285,100,0.010665,0.001864,1.712442,0.004706,0.008923,0.557298,0.001802,0.0,0.0001,,,,,none
131285,100,0.122058,0.001285,1.712307,0.004706,0.009204,0.152332,0.000741,0.0,0.0001,,,,,none
131285,100,-0.1345,0.000764,1.712162,0.004706,0.008804,0.167301,0.007852,0.0,0.0001,,,,,none
131285,100,-0.042908,0.000594,1.712029,0.004706,0.009574,0.246907,0.006484,0.0,0.0001,,,,,none
135561,104,0.010783,0.002041,1.711887,0.004694,0.010013,0.237523,0.007241,0.0,0.0001,,,,,none
135561,104,0.051443,0.000885,1.711765,0.004694,0.010852,0.142549,0.002437,0.0,0.0001,,,,,none
135561,104,0.111092,0.002491,1.711654,0.004694,0.011629,0.249006,0.002678,0.0,0.0001,,,,,none
135561,104,0.029169,0.0005,1.711541,0.004694,0.00958,0.069811,0.003054,0.0,0.0001,,,,,none
135561,104,0.028902,0.00163,1.711449,0.004694,0.011766,0.069376,0.003373,0.0,0.0001,,,,,none
135561,104,0.184315,0.011104,1.711369,0.004694,0.013034,0.741141,0.004471,0.0,0.0001,,,,,none
135561,104,0.06437,0.00174,1.711294,0.004694,0.009783,0.111033,0.001515,0.0,0.0001,,,,,none
135561,104,0.003542,0.001477,1.711229,0.004694,0.013311,0.144306,0.009197,0.0,0.0001,,,,,none
135561,104,0.085204,5.5e-05,1.711173,0.004694,0.008359,0.293614,0.001001,0.0,0.0001,,,,,none
135561,104,-0.019767,0.001997,1.71112,0.004694,0.013657,0.290486,0.00642,0.0,0.0001,,,,,none
135561,104,0.078617,0.001254,1.711078,0.004694,0.011356,0.082723,0.003493,0.0,0.0001,,,,,none
135561,104,0.157401,6.1e-05,1.711034,0.004694,0.00909,0.222028,0.011802,0.0,0.0001,,,,,none
139942,108,-0.005389,0.000906,1.71099,0.004682,0.013652,0.080571,0.003832,0.0,0.0001,,,,,none
139942,108,0.053707,0.00289,1.710945,0.004682,0.014775,0.267627,0.00604,0.0,0.0001,,,,,none
139942,108,0.164353,9.9e-05,1.710904,0.004682,0.011027,0.119581,0.015531,0.0,0.0001,,,,,none
139942,108,-0.00537,0.001708,1.710857,0.004682,0.012153,0.180905,0.002569,0.0,0.0001,,,,,none
139942,108,0.080119,0.0015,1.710801,0.004682,0.015423,0.210669,0.002924,0.0,0.0001,,,,,none
139942,108,-0.010221,0.003698,1.710756,0.004682,0.014168,0.284666,0.00683,0.0,0.0001,,,,,none
139942,108,-0.006308,0.003207,1.710722,0.004682,0.019363,0.090674,0.015719,0.0,0.0001,,,,,none
139942,108,0.077112,0.00036,1.710684,0.004682,0.009689,0.069037,0.003166,0.0,0.0001,,,,,none
139942,108,0.027734,0.001763,1.710645,0.004682,0.014363,0.304455,0.00827,0.0,0.0001,,,,,none
139942,108,0.007936,0.002204,1.710607,0.004682,0.016238,0.393712,0.008115,0.0,0.0001,,,,,none
139942,108,0.075299,0.001627,1.710574,0.004682,0.014214,0.230683,0.003867,0.0,0.0001,,,,,none
139942,108,-0.051042,7.1e-05,1.710534,0.004682,0.009289,0.070271,0.003539,0.0,0.0001,,,,,none
145684,112,-0.041754,0.001356,1.710495,0.00467,0.01121,0.171483,0.008419,0.0,0.0001,,,,,none
145684,112,0.045977,0.001219,1.710435,0.00467,0.011969,0.274214,0.013891,0.0,0.0001,,,,,none
145684,112,-0.036697,0.000291,1.71036,0.00467,0.011152,0.185151,0.012002,0.0,0.0001,,,,,none
145684,112,0.009637,0.001148,1.710264,0.00467,0.011237,0.643381,0.011625,0.0,0.0001,,,,,none
145684,112,-0.018772,0.0009,1.710164,0.00467,0.011249,0.496672,0.006405,0.0,0.0001,,,,,none
145684,112,-0.019342,0.000862,1.710029,0.00467,0.010156,0.174955,0.001511,0.0,0.0001,,,,,none
145684,112,0.022522,0.000728,1.709885,0.00467,0.011638,0.183136,0.00384,0.0,0.0001,,,,,none
145684,112,-0.065423,0.00171,1.709717,0.00467,0.00879,0.210475,0.010828,0.0,0.0001,,,,,none
145684,112,0.022353,0.000357,1.709555,0.00467,0.013587,0.562731,0.006774,0.0,0.0001,,,,,none
145684,112,0.024945,0.00085,1.709376,0.00467,0.010979,0.323573,0.005249,0.0,0.0001,,,,,none
145684,112,-0.104516,0.000682,1.709183,0.00467,0.009509,0.179241,0.007218,0.0,0.0001,,,,,none
145684,112,0.070886,0.001379,1.708988,0.00467,0.011003,0.197491,0.004865,0.0,0.0001,,,,,none
151245,116,-0.031553,0.001333,1.708768,0.004658,0.008529,0.165705,0.004662,0.0,0.0001,,,,,none
151245,116,0.004756,0.000233,1.708588,0.004658,0.009386,0.220169,0.008237,0.0,0.0001,,,,,none
151245,116,-0.090735,0.000947,1.708421,0.004658,0.009645,0.084859,0.006412,0.0,0.0001,,,,,none
151245,116,0.023523,0.000471,1.708275,0.004658,0.010106,0.239817,0.011474,0.0,0.0001,,,,,none
151245,116,-0.025062,0.000456,1.708155,0.004658,0.009282,0.431545,0.010036,0.0,0.0001,,,,,none
151245,116,-0.126814,0.001802,1.70805,0.004658,0.008099,0.13547,0.002308,0.0,0.0001,,,,,none
151245,116,-0.031297,0.001195,1.707972,0.004658,0.009864,0.216481,0.0042,0.0,0.0001,,,,,none
151245,116,-0.028391,0.000576,1.707917,0.004658,0.00707,0.144699,0.002756,0.0,0.0001,,,,,none
151245,116,-0.042532,0.000561,1.707869,0.004658,0.009152,0.124705,0.005297,0.0,0.0001,,,,,none
151245,116,0.018359,0.000528,1.707829,0.004658,0.009264,0.102598,0.003713,0.0,0.0001,,,,,none
151245,116,-0.116366,0.000712,1.707793,0.004658,0.009218,0.234566,0.005906,0.0,0.0001,,,,,none
151245,116,0.010603,0.001253,1.707751,0.004658,0.007795,0.283818,0.000637,0.0,0.0001,,,,,none
156870,120,-0.042448,0.000512,1.707698,0.004646,0.008286,0.1929,0.001479,0.0,0.0001,,,,,none
156870,120,-0.011934,0.000313,1.707645,0.004646,0.008287,0.094074,0.006846,0.0,0.0001,,,,,none
156870,120,-0.029717,0.001702,1.707577,0.004646,0.008464,0.201292,0.009092,0.0,0.0001,,,,,none
156870,120,0.047441,0.000346,1.707486,0.004646,0.008714,0.239955,0.010982,0.0,0.0001,,,,,none
156870,120,-0.076214,0.000879,1.707385,0.004646,0.00869,0.442777,0.006569,0.0,0.0001,,,,,none
156870,120,-0.064063,0.001183,1.707282,0.004646,0.008854,0.320284,0.004597,0.0,0.0001,,,,,none
156870,120,0.013076,0.001101,1.707164,0.004646,0.009117,0.209022,0.00156,0.0,0.0001,,,,,none
156870,120,-0.09106,0.000519,1.70703,0.004646,0.007773,0.058034,0.006292,0.0,0.0001,,,,,none
156870,120,0.003477,0.000619,1.706902,0.004646,0.009079,0.160476,0.004296,0.0,0.0001,,,,,none
156870,120,0.005827,0.000736,1.706767,0.004646,0.00885,0.337505,0.004174,0.0,0.0001,,,,,none
156870,120,0.017079,0.001316,1.706624,0.004646,0.00988,0.103541,0.001628,0.0,0.0001,,,,,none
156870,120,-0.128595,6.4e-05,1.706469,0.004646,0.009021,0.303379,0.004111,0.0,0.0001,,,,,none
162667,124,-0.053016,0.000225,1.706332,0.004634,0.010504,0.064496,0.005218,0.0,0.0001,,,,,none
162667,124,0.086185,0.002413,1.706202,0.004634,0.011493,0.350142,0.010104,0.0,0.0001,,,,,none
162667,124,-0.056195,0.000428,1.706063,0.004634,0.011672,0.095736,0.006275,0.0,0.0001,,,,,none
162667,124,-0.006645,0.000492,1.705958,0.004634,0.011105,0.178876,0.007339,0.0,0.0001,,,,,none
162667,124,0.057521,0.001585,1.705853,0.004634,0.012329,0.352903,0.008651,0.0,0.0001,,,,,none
162667,124,-0.078404,0.001039,1.70573,0.004634,0.01071,0.081046,0.000838,0.0,0.0001,,,,,none
162667,124,0.069551,0.002136,1.705613,0.004634,0.012362,0.103566,0.003,0.0,0.0001,,,,,none
162667,124,0.046711,0.000235,1.705492,0.004634,0.012218,0.108441,0.00067,0.0,0.0001,,,,,none
162667,124,-0.152972,0.000713,1.705374,0.004634,0.013375,0.12667,0.010877,0.0,0.0001,,,,,none
162667,124,-0.032584,0.001063,1.705261,0.004634,0.013657,0.234927,0.0047,0.0,0.0001,,,,,none
162667,124,0.091008,0.001244,1.705168,0.004634,0.015002,0.134828,0.00269,0.0,0.0001,,,,,none
162667,124,-0.085258,0.000791,1.705061,0.004634,0.012644,0.089588,0.004403,0.0,0.0001,,,,,none
168280,128,-0.046633,0.00032,1.704957,0.004622,0.008825,0.320635,0.002541,0.0,0.0001,,,,,none
168280,128,-0.017886,0.000969,1.704854,0.004622,0.009049,0.116014,0.001166,0.0,0.0001,,,,,none
168280,128,0.045811,0.001526,1.704776,0.004622,0.010387,0.166118,0.003751,0.0,0.0001,,,,,none
168280,128,-0.061189,0.000678,1.704707,0.004622,0.00933,0.164036,0.0013,0.0,0.0001,,,,,none
168280,128,0.008231,0.001022,1.704633,0.004622,0.010245,0.17817,0.002177,0.0,0.0001,,,,,none
168280,128,0.031809,0.001004,1.704567,0.004622,0.009372,0.250814,0.001145,0.0,0.0001,,,,,none
168280,128,0.050519,0.000251,1.7045,0.004622,0.009234,0.098885,0.001884,0.0,0.0001,,,,,none
168280,128,-0.061618,0.000634,1.704445,0.004622,0.009649,0.17893,0.007087,0.0,0.0001,,,,,none
168280,128,-0.024554,0.002052,1.704391,0.004622,0.01013,0.276947,0.007376,0.0,0.0001,,,,,none
168280,128,-0.030473,0.000394,1.704349,0.004622,0.008819,0.225141,0.007356,0.0,0.0001,,,,,none
168280,128,0.100551,0.00197,1.704317,0.004622,0.009991,0.295787,0.002667,0.0,0.0001,,,,,none
168280,128,-0.126171,5.3e-05,1.704291,0.004622,0.007741,0.124011,0.00583,0.0,0.0001,,,,,none
173955,132,0.061383,0.000341,1.704267,0.00461,0.008113,0.192131,0.001649,0.0,0.0001,,,,,none
173955,132,-0.069054,0.00084,1.704235,0.00461,0.008498,0.128428,0.002509,0.0,0.0001,,,,,none
173955,132,-0.015433,0.001567,1.704211,0.00461,0.008014,0.107233,0.000891,0.0,0.0001,,,,,none
173955,132,-0.00167,0.000594,1.704164,0.00461,0.008374,0.20912,0.002822,0.0,0.0001,,,,,none
173955,132,0.025087,0.001232,1.704116,0.00461,0.008566,0.273517,0.0041,0.0,0.0001,,,,,none
173955,132,-0.053515,0.000732,1.70407,0.00461,0.008181,0.095676,0.00302,0.0,0.0001,,,,,none
173955,132,0.015122,0.000741,1.704006,0.00461,0.008912,0.119912,0.00313,0.0,0.0001,,,,,none
173955,132,-0.032424,0.000793,1.703947,0.00461,0.008919,0.055894,0.001492,0.0,0.0001,,,,,none
173955,132,-0.000663,0.001114,1.703873,0.00461,0.008812,0.425295,0.000759,0.0,0.0001,,,,,none
173955,132,-0.036163,0.000734,1.70378,0.00461,0.009503,0.194704,0.000858,0.0,0.0001,,,,,none
173955,132,0.006366,0.000905,1.703686,0.00461,0.008825,0.126951,0.003754,0.0,0.0001,,,,,none
173955,132,0.015249,0.000991,1.703586,0.00461,0.009241,0.282062,0.005846,0.0,0.0001,,,,,none
179682,136,-0.064983,0.00079,1.703487,0.004598,0.009088,0.213857,0.002834,0.0,0.0001,,,,,none
179682,136,-0.030499,0.000615,1.703418,0.004598,0.010954,0.289691,0.004508,0.0,0.0001,,,,,none
179682,136,0.041537,0.000693,1.703367,0.004598,0.009308,0.075212,0.003587,0.0,0.0001,,,,,none
179682,136,-0.016796,0.000489,1.703338,0.004598,0.00997,0.333202,0.001127,0.0,0.0001,,,,,none
179682,136,-0.033775,0.000437,1.703315,0.004598,0.009994,0.25717,0.002193,0.0,0.0001,,,,,none
179682,136,-0.012459,0.001284,1.703301,0.004598,0.010472,0.155635,0.001251,0.0,0.0001,,,,,none
179682,136,-0.06786,0.000812,1.703301,0.004598,0.00929,0.054366,0.00154,0.0,0.0001,,,,,none
179682,136,0.021316,0.00015,1.703315,0.004598,0.010655,0.280134,0.004129,0.0,0.0001,,,,,none
179682,136,-0.017438,0.001233,1.703324,0.004598,0.010137,0.22301,0.003774,0.0,0.0001,,,,,none
179682,136,0.043467,0.000268,1.703366,0.004598,0.010058,0.079129,0.00562,0.0,0.0001,,,,,none
179682,136,-0.026197,0.001156,1.703407,0.004598,0.009996,0.383067,0.00249,0.0,0.0001,,,,,none
179682,136,-0.096267,0.000646,1.703454,0.004598,0.010413,0.317789,0.001393,0.0,0.0001,,,,,none
185394,140,-0.034582,0.00049,1.703501,0.004586,0.009076,0.162768,0.000555,0.0,0.0001,,,,,none
185394,140,-0.067204,0.00111,1.703534,0.004586,0.009158,0.173508,0.000283,0.0,0.0001,,,,,none
185394,140,0.113047,0.000845,1.703576,0.004586,0.008944,0.09847,0.005833,0.0,0.0001,,,,,none
185394,140,-0.091321,0.000755,1.703629,0.004586,0.010575,0.110995,0.000467,0.0,0.0001,,,,,none
185394,140,0.015178,0.000682,1.703674,0.004586,0.00851,0.572764,0.003334,0.0,0.0001,,,,,none
185394,140,0.08141,0.001035,1.703728,0.004586,0.008717,0.265781,0.003389,0.0,0.0001,,,,,none
185394,140,-0.034305,0.000244,1.703758,0.004586,0.009898,0.183756,0.002386,0.0,0.0001,,,,,none
185394,140,-0.005114,0.001287,1.703786,0.004586,0.009725,0.174448,0.002775,0.0,0.0001,,,,,none
185394,140,0.039727,0.000923,1.703816,0.004586,0.010266,0.098061,0.001827,0.0,0.0001,,,,,none
185394,140,-0.014121,0.00109,1.703832,0.004586,0.011003,0.390474,0.003793,0.0,0.0001,,,,,none
185394,140,-0.043279,0.000864,1.703847,0.004586,0.010761,0.338017,0.005327,0.0,0.0001,,,,,none
185394,140,0.061075,0.000413,1.703876,0.004586,0.010439,0.095669,0.000713,0.0,0.0001,,,,,none
191144,144,0.017837,0.00053,1.703892,0.004574,0.009634,0.148464,0.001167,0.0,0.0001,,,,,none
191144,144,0.021151,0.000635,1.703892,0.004574,0.009109,0.235727,0.002023,0.0,0.0001,,,,,none
191144,144,-0.074951,0.001126,1.703902,0.004574,0.00922,0.564312,0.001441,0.0,0.0001,,,,,none
191144,144,-0.000523,0.000699,1.703909,0.004574,0.010147,0.963891,0.001233,0.0,0.0001,,,,,none
191144,144,0.007015,0.001161,1.703906,0.004574,0.008893,0.352152,0.000654,0.0,0.0001,,,,,none
191144,144,-0.034989,0.00029,1.703895,0.004574,0.008864,0.077036,0.004848,0.0,0.0001,,,,,none
191144,144,-0.019662,0.000647,1.703885,0.004574,0.009687,0.047334,0.00572,0.0,0.0001,,,,,none
191144,144,0.007242,0.001376,1.703868,0.004574,0.009546,0.415907,0.006759,0.0,0.0001,,,,,none
191144,144,-0.009476,0.000127,1.70385,0.004574,0.010013,0.301114,0.003018,0.0,0.0001,,,,,none
191144,144,0.000729,0.001009,1.703805,0.004574,0.009521,0.283518,0.002146,0.0,0.0001,,,,,none
191144,144,-0.131759,0.000344,1.703745,0.004574,0.008252,0.235286,0.003399,0.0,0.0001,,,,,none
191144,144,0.137052,0.000957,1.703681,0.004574,0.010517,0.433581,0.009221,0.0,0.0001,,,,,none
196995,148,-0.098775,0.000629,1.703622,0.004562,0.010138,0.234593,0.001715,0.0,0.0001,,,,,none
196995,148,0.088962,0.001266,1.703571,0.004562,0.01061,0.196499,0.007976,0.0,0.0001,,,,,none
196995,148,-0.013331,0.000794,1.703541,0.004562,0.009685,0.139665,0.002454,0.0,0.0001,,,,,none
196995,148,0.033645,0.000722,1.703533,0.004562,0.010508,0.245795,0.0019,0.0,0.0001,,,,,none
196995,148,0.006825,0.000918,1.703517,0.004562,0.011434,0.131566,0.001815,0.0,0.0001,,,,,none
196995,148,-0.069506,0.00103,1.703503,0.004562,0.009219,0.182092,0.00435,0.0,0.0001,,,,,none
196995,148,-0.090223,0.001774,1.703504,0.004562,0.009011,0.104369,0.004466,0.0,0.0001,,,,,none
196995,148,-0.043214,0.000399,1.703512,0.004562,0.011643,0.132004,0.001372,0.0,0.0001,,,,,none
196995,148,0.127263,0.000433,1.703535,0.004562,0.011738,0.555806,0.005749,0.0,0.0001,,,,,none
196995,148,-0.055635,0.000886,1.703549,0.004562,0.011042,0.117275,0.002242,0.0,0.0001,,,,,none
196995,148,-0.038357,0.000417,1.70359,0.004562,0.010169,0.114304,0.002851,0.0,0.0001,,,,,none
196995,148,0.086881,0.001355,1.703623,0.004562,0.010549,0.150584,0.001461,0.0,0.0001,,,,,none
201216,152,0.053525,0.001053,1.703665,0.00455,0.008105,0.110062,0.000868,0.0,0.0001,,,,,none
201216,152,-0.004501,0.000855,1.703712,0.00455,0.009654,0.370848,0.004586,0.0,0.0001,,,,,none
201216,152,-0.170347,0.006682,1.703762,0.00455,0.01062,0.28453,0.008206,0.0,0.0001,,,,,none
201216,152,-0.014338,0.001871,1.703785,0.00455,0.009112,0.138241,0.001007,0.0,0.0001,,,,,none
201216,152,0.035403,0.000527,1.703809,0.00455,0.009338,0.434454,0.005109,0.0,0.0001,,,,,none
201216,152,0.209256,0.000123,1.703832,0.00455,0.01103,0.696948,0.01546,0.0,0.0001,,,,,none
201216,152,0.006352,0.00115,1.703865,0.00455,0.008684,0.285708,0.002624,0.0,0.0001,,,,,none
201216,152,0.039954,0.000569,1.703896,0.00455,0.00988,0.079225,0.00175,0.0,0.0001,,,,,none
201216,152,-0.117979,0.009454,1.703931,0.00455,0.007811,0.233182,0.002121,0.0,0.0001,,,,,none
201216,152,0.027518,0.001546,1.703969,0.00455,0.008917,0.323904,0.003891,0.0,0.0001,,,,,none
201216,152,0.022156,0.000817,1.704003,0.00455,0.009152,0.301001,0.003225,0.0,0.0001,,,,,none
201216,152,-0.151985,4.4e-05,1.704034,0.00455,0.007447,0.37394,0.007607,0.0,0.0001,,,,,none
206879,156,0.047215,0.00046,1.704044,0.004538,0.006743,0.185729,0.00069,0.0,0.0001,,,,,none
206879,156,0.048055,0.0008,1.704055,0.004538,0.00772,0.182688,0.002037,0.0,0.0001,,,,,none
206879,156,-0.136043,0.001039,1.704047,0.004538,0.006874,0.233889,0.001171,0.0,0.0001,,,,,none
206879,156,0.0076,0.001264,1.704049,0.004538,0.007181,0.235461,0.000519,0.0,0.0001,,,,,none
206879,156,-0.070836,0.000119,1.704043,0.004538,0.007024,0.250585,0.003788,0.0,0.0001,,,,,none
206879,156,0.071178,0.000888,1.704021,0.004538,0.006965,0.075541,0.003245,0.0,0.0001,,,,,none
206879,156,0.02478,0.000603,1.704007,0.004538,0.007606,0.069937,0.007822,0.0,0.0001,,,,,none
206879,156,0.02276,0.001229,1.704013,0.004538,0.007851,0.251381,0.006813,0.0,0.0001,,,,,none
206879,156,-0.067037,0.000335,1.70399,0.004538,0.007489,0.289012,0.008513,0.0,0.0001,,,,,none
206879,156,-0.019841,0.00036,1.703955,0.004538,0.007262,0.250782,0.003373,0.0,0.0001,,,,,none
206879,156,-0.006326,0.000553,1.703926,0.004538,0.007308,0.199114,0.002754,0.0,0.0001,,,,,none
206879,156,0.027521,0.001523,1.703882,0.004538,0.008736,0.255405,0.008624,0.0,0.0001,,,,,none
212404,160,-0.044138,0.000379,1.703808,0.004526,0.007603,0.065484,0.004423,0.0,0.0001,,,,,none
212404,160,0.020341,0.00037,1.703715,0.004526,0.008054,0.159305,0.007846,0.0,0.0001,,,,,none
212404,160,0.006338,0.000982,1.70363,0.004526,0.0079,0.059408,0.008625,0.0,0.0001,,,,,none
212404,160,-0.007297,0.000464,1.703539,0.004526,0.008212,0.244506,0.007436,0.0,0.0001,,,,,none
212404,160,-0.033411,0.000409,1.703445,0.004526,0.00764,0.515216,0.004279,0.0,0.0001,,,,,none
212404,160,0.029633,0.000795,1.703351,0.004526,0.006751,0.361899,0.003017,0.0,0.0001,,,,,none
212404,160,0.05431,0.000448,1.703241,0.004526,0.00689,0.0387,0.001242,0.0,0.0001,,,,,none
212404,160,-0.053894,0.000643,1.703139,0.004526,0.006777,0.075046,0.002936,0.0,0.0001,,,,,none
212404,160,-0.027162,0.000457,1.703034,0.004526,0.007603,0.116781,0.004154,0.0,0.0001,,,,,none
212404,160,0.005482,0.000649,1.702905,0.004526,0.007393,0.118718,0.004467,0.0,0.0001,,,,,none
212404,160,-0.012517,0.000327,1.702773,0.004526,0.006925,0.108759,0.005149,0.0,0.0001,,,,,none
212404,160,-0.016586,0.000638,1.702631,0.004526,0.00848,0.318341,0.004236,0.0,0.0001,,,,,none
218000,164,-0.081257,0.000881,1.702498,0.004514,0.007804,0.195466,0.000491,0.0,0.0001,,,,,none
218000,164,0.041813,0.001069,1.702361,0.004514,0.007506,0.300416,0.00263,0.0,0.0001,,,,,none
218000,164,0.019647,0.00034,1.70221,0.004514,0.00785,0.334181,0.00233,0.0,0.0001,,,,,none
218000,164,-0.017496,0.00046,1.702057,0.004514,0.008042,0.736633,0.001278,0.0,0.0001,,,,,none
218000,164,-0.051927,0.000724,1.701918,0.004514,0.008579,0.408397,0.001304,0.0,0.0001,,,,,none
218000,164,0.061664,0.001448,1.701774,0.004514,0.008513,0.218654,0.006288,0.0,0.0001,,,,,none
218000,164,-0.036284,0.000109,1.701608,0.004514,0.009285,0.177175,0.007325,0.0,0.0001,,,,,none
218000,164,-0.061971,0.00051,1.701424,0.004514,0.008392,0.169445,0.003361,0.0,0.0001,,,,,none
218000,164,0.102572,0.002313,1.701249,0.004514,0.010212,0.51389,0.006847,0.0,0.0001,,,,,none
218000,164,-0.180033,0.001621,1.701068,0.004514,0.009175,0.252513,0.002671,0.0,0.0001,,,,,none
218000,164,0.080635,0.000343,1.700899,0.004514,0.010401,0.15787,0.001867,0.0,0.0001,,,,,none
218000,164,0.098937,0.000568,1.700724,0.004514,0.011352,0.360799,0.002067,0.0,0.0001,,,,,none
222229,168,0.068172,0.000386,1.700535,0.004502,0.010619,0.057308,0.001188,0.0,0.0001,,,,,none
222229,168,-0.041754,0.001974,1.700359,0.004502,0.010277,0.133679,0.004877,0.0,0.0001,,,,,none
222229,168,0.185771,0.004177,1.700191,0.004502,0.011812,0.702739,0.004034,0.0,0.0001,,,,,none
222229,168,0.029393,0.00163,1.70004,0.004502,0.011215,0.129308,0.005679,0.0,0.0001,,,,,none
222229,168,-0.003744,0.00104,1.699884,0.004502,0.011252,0.498905,0.008372,0.0,0.0001,,,,,none
222229,168,0.197071,0.000272,1.699732,0.004502,0.013317,0.565861,0.004553,0.0,0.0001,,,,,none
222229,168,-0.001852,0.000842,1.699602,0.004502,0.012363,0.285811,0.005896,0.0,0.0001,,,,,none
222229,168,0.020184,0.001857,1.699481,0.004502,0.010142,0.052317,0.001861,0.0,0.0001,,,,,none
222229,168,0.289517,0.000129,1.699354,0.004502,0.010131,0.946469,0.013049,0.0,0.0001,,,,,none
222229,168,0.005068,0.00159,1.69922,0.004502,0.010459,0.281072,0.000838,0.0,0.0001,,,,,none
222229,168,0.046062,0.000651,1.699088,0.004502,0.01311,0.071567,0.002402,0.0,0.0001,,,,,none
222229,168,-0.093645,0.005943,1.698956,0.004502,0.007347,0.187494,0.006704,0.0,0.0001,,,,,none
227971,172,0.009403,0.001073,1.698822,0.00449,0.00937,0.152592,0.00217,0.0,0.0001,,,,,none
227971,172,-0.073821,0.000252,1.698697,0.00449,0.00998,0.036138,0.001418,0.0,0.0001,,,,,none
227971,172,0.036837,0.001245,1.69857,0.00449,0.01034,0.17783,0.002046,0.0,0.0001,,,,,none
227971,172,0.0277,0.001629,1.698453,0.00449,0.010574,0.271155,0.001223,0.0,0.0001,,,,,none
227971,172,-0.036869,0.000418,1.69834,0.00449,0.010766,0.261932,0.005414,0.0,0.0001,,,,,none
227971,172,-0.02895,0.000412,1.698218,0.00449,0.010853,0.274924,0.005482,0.0,0.0001,,,,,none
227971,172,-0.08695,0.000115,1.698093,0.00449,0.010286,0.26441,0.005331,0.0,0.0001,,,,,none
227971,172,-0.018887,0.001872,1.697975,0.00449,0.011351,0.160462,0.001118,0.0,0.0001,,,,,none
227971,172,0.089152,0.000538,1.697849,0.00449,0.012609,0.330149,0.007453,0.0,0.0001,,,,,none
227971,172,0.038874,0.000996,1.697714,0.00449,0.012078,0.37274,0.00923,0.0,0.0001,,,,,none
227971,172,-0.016956,0.001318,1.697581,0.00449,0.012176,0.307961,0.0076,0.0,0.0001,,,,,none
227971,172,-0.065628,0.000143,1.697448,0.00449,0.011407,0.169573,0.005437,0.0,0.0001,,,,,none
232244,176,-0.02903,0.001094,1.697317,0.004478,0.016325,0.236671,0.015745,0.0,0.0001,,,,,none
232244,176,0.083293,0.002407,1.697211,0.004478,0.011969,0.141469,0.004943,0.0,0.0001,,,,,none
232244,176,0.120289,6e-05,1.697123,0.004478,0.009091,0.105191,0.002589,0.0,0.0001,,,,,none
232244,176,0.064282,0.001337,1.697034,0.004478,0.012539,0.158859,0.002734,0.0,0.0001,,,,,none
232244,176,-0.016948,0.002136,1.696949,0.004478,0.016206,0.153944,0.013816,0.0,0.0001,,,,,none
232244,176,0.181176,9.5e-05,1.696884,0.004478,0.010318,0.254908,0.011433,0.0,0.0001,,,,,none
232244,176,0.01089,0.001964,1.696844,0.004478,0.015761,0.172424,0.003731,0.0,0.0001,,,,,none
232244,176,0.064825,0.000782,1.696816,0.004478,0.011812,0.088027,0.007605,0.0,0.0001,,,,,none
232244,176,-0.094353,0.007377,1.696793,0.004478,0.028584,0.801364,0.032638,0.0,0.0001,,,,,none
232244,176,0.07252,0.000902,1.696797,0.004478,0.012443,0.027352,0.012591,0.0,0.0001,,,,,none
232244,176,-0.017309,0.002591,1.696806,0.004478,0.018067,0.289903,0.003686,0.0,0.0001,,,,,none
232244,176,0.116388,8.7e-05,1.696838,0.004478,0.009555,0.123512,0.012957,0.0,0.0001,,,,,none
237842,180,0.050447,0.00077,1.696879,0.004466,0.009846,0.106366,0.006667,0.0,0.0001,,,,,none
237842,180,-0.069347,0.000345,1.696906,0.004466,0.00871,0.294785,0.001522,0.0,0.0001,,,,,none
237842,180,-0.029556,0.000907,1.696903,0.004466,0.010585,0.074649,0.002187,0.0,0.0001,,,,,none
237842,180,-0.025917,0.000494,1.696889,0.004466,0.008658,0.125258,0.002939,0.0,0.0001,,,,,none
237842,180,0.033763,0.000912,1.696858,0.004466,0.00917,0.082847,0.000744,0.0,0.0001,,,,,none
237842,180,-0.063266,0.00049,1.696818,0.004466,0.010347,0.248565,0.000779,0.0,0.0001,,,,,none
237842,180,-0.06178,9.6e-05,1.696771,0.004466,0.009314,0.115701,0.003334,0.0,0.0001,,,,,none
237842,180,-0.00989,0.000579,1.696717,0.004466,0.009321,0.106624,0.000606,0.0,0.0001,,,,,none
237842,180,0.044032,0.001481,1.696658,0.004466,0.009095,0.400754,0.001461,0.0,0.0001,,,,,none
237842,180,0.012208,0.000282,1.696572,0.004466,0.009217,0.073078,0.001015,0.0,0.0001,,,,,none
237842,180,-0.101666,0.000424,1.696478,0.004466,0.009034,0.120003,0.004028,0.0,0.0001,,,,,none
237842,180,0.069908,0.001437,1.696371,0.004466,0.009196,0.137162,0.002478,0.0,0.0001,,,,,none
242185,184,0.028046,0.001728,1.696272,0.004454,0.011656,0.134232,0.00169,0.0,0.0001,,,,,none
242185,184,0.018772,0.001138,1.69618,0.004454,0.011304,0.229605,0.003187,0.0,0.0001,,,,,none
242185,184,0.175578,0.000201,1.696096,0.004454,0.013618,0.149003,0.013214,0.0,0.0001,,,,,none
242185,184,0.018024,0.001148,1.695955,0.004454,0.012217,0.285993,0.002132,0.0,0.0001,,,,,none
242185,184,0.05158,0.00139,1.695829,0.004454,0.012296,0.482758,0.000868,0.0,0.0001,,,,,none
242185,184,0.010971,0.002576,1.695709,0.004454,0.009816,0.158261,0.006574,0.0,0.0001,,,,,none
242185,184,0.044948,0.001225,1.695563,0.004454,0.013267,0.283834,0.00979,0.0,0.0001,,,,,none
242185,184,0.020839,0.00169,1.695425,0.004454,0.013096,0.050109,0.01174,0.0,0.0001,,,,,none
242185,184,0.04921,0.000103,1.695294,0.004454,0.009969,0.177743,0.00822,0.0,0.0001,,,,,none
242185,184,0.036593,0.001469,1.695179,0.004454,0.014287,0.134933,0.010644,0.0,0.0001,,,,,none
242185,184,0.030453,0.001005,1.695073,0.004454,0.012715,0.179718,0.00919,0.0,0.0001,,,,,none
242185,184,0.04685,0.003428,1.69498,0.004454,0.011521,0.185369,0.002482,0.0,0.0001,,,,,none
246576,188,0.028393,0.00146,1.694892,0.004442,0.012667,0.116726,0.001135,0.0,0.0001,,,,,none
246576,188,0.068326,0.001087,1.694804,0.004442,0.014209,0.153834,0.004384,0.0,0.0001,,,,,none
246576,188,-0.106584,0.004118,1.694707,0.004442,0.016948,0.123391,0.014124,0.0,0.0001,,,,,none
246576,188,0.027743,0.001517,1.694634,0.004442,0.016729,0.136237,0.010428,0.0,0.0001,,,,,none
246576,188,0.058792,0.001208,1.694553,0.004442,0.016188,0.05545,0.016076,0.0,0.0001,,,,,none
246576,188,-0.034964,0.003436,1.694473,0.004442,0.015392,0.175966,0.011893,0.0,0.0001,,,,,none
246576,188,0.058399,0.000918,1.694398,0.004442,0.014666,0.117587,0.015014,0.0,0.0001,,,,,none
246576,188,0.014981,0.0023,1.694327,0.004442,0.017896,0.247451,0.004752,0.0,0.0001,,,,,none
246576,188,0.049382,9.1e-05,1.694246,0.004442,0.010077,0.110855,0.007162,0.0,0.0001,,,,,none
246576,188,-0.028619,0.000989,1.694164,0.004442,0.015658,0.160602,0.012388,0.0,0.0001,,,,,none
246576,188,0.087708,0.002027,1.694072,0.004442,0.012408,0.091742,0.005384,0.0,0.0001,,,,,none
246576,188,0.15545,0.001222,1.693984,0.004442,0.011269,0.201502,0.002598,0.0,0.0001,,,,,none
252260,192,-0.022218,0.000209,1.6939,0.00443,0.009657,0.134442,0.000993,0.0,0.0001,,,,,none
252260,192,0.106471,0.001632,1.693839,0.00443,0.009742,0.097108,0.003981,0.0,0.0001,,,,,none
252260,192,-0.130512,0.001031,1.693763,0.00443,0.010169,0.260649,0.00553,0.0,0.0001,,,,,none
252260,192,-0.028663,0.000526,1.693671,0.00443,0.009722,0.165471,0.001588,0.0,0.0001,,,,,none
252260,192,0.002292,0.001028,1.693559,0.00443,0.009483,0.443181,0.002971,0.0,0.0001,,,,,none
252260,192,0.00709,0.001336,1.693454,0.00443,0.008954,0.370225,0.004866,0.0,0.0001,,,,,none
252260,192,-0.06387,0.001079,1.693359,0.00443,0.009203,0.037098,0.000943,0.0,0.0001,,,,,none
252260,192,-0.009592,0.000805,1.69326,0.00443,0.009142,0.139993,0.000855,0.0,0.0001,,,,,none
252260,192,0.068223,0.000883,1.693159,0.00443,0.009146,0.172981,0.002305,0.0,0.0001,,,,,none
252260,192,-0.10717,0.001221,1.693068,0.00443,0.008551,0.142294,0.00169,0.0,0.0001,,,,,none
252260,192,0.062195,0.00065,1.692964,0.00443,0.009747,0.099999,0.001213,0.0,0.0001,,,,,none
252260,192,0.032556,0.00088,1.692843,0.00443,0.009522,0.13314,0.00137,0.0,0.0001,,,,,none
257846,196,-0.007789,0.000704,1.692737,0.004418,0.008134,0.061478,0.001792,0.0,0.0001,,,,,none
257846,196,0.072065,0.000861,1.692638,0.004418,0.008259,0.201448,0.000959,0.0,0.0001,,,,,none
257846,196,-0.126305,0.000616,1.692551,0.004418,0.007895,0.194049,0.003261,0.0,0.0001,,,,,none
257846,196,-0.020446,0.000608,1.692462,0.004418,0.007902,0.091526,0.000303,0.0,0.0001,,,,,none
257846,196,0.062133,0.001086,1.692392,0.004418,0.008222,0.147584,0.002338,0.0,0.0001,,,,,none
257846,196,-0.094956,0.000428,1.692313,0.004418,0.007163,0.136341,0.000308,0.0,0.0001,,,,,none
257846,196,0.020685,0.000976,1.692237,0.004418,0.007265,0.186357,0.001243,0.0,0.0001,,,,,none
257846,196,0.00275,0.00015,1.692164,0.004418,0.008846,0.080333,0.002211,0.0,0.0001,,,,,none
257846,196,-0.07135,0.001188,1.692077,0.004418,0.006824,0.163398,0.000487,0.0,0.0001,,,,,none
257846,196,0.019409,0.000235,1.692019,0.004418,0.007764,0.091623,0.00117,0.0,0.0001,,,,,none
257846,196,-0.110125,0.001187,1.691963,0.004418,0.007198,0.146029,0.003594,0.0,0.0001,,,,,none
257846,196,0.082569,0.000772,1.691911,0.004418,0.009142,0.050874,0.001408,0.0,0.0001,,,,,none
259537,200,0.011849,0.006592,1.69186,0.004406,0.035216,0.246035,0.055256,0.0,0.0001,,,,,none
259537,200,0.012089,0.006476,1.691826,0.004406,0.034441,0.246069,0.046044,0.0,0.0001,,,,,none
259537,200,0.012818,0.006308,1.691806,0.004406,0.035731,0.24656,0.030367,0.0,0.0001,,,,,none
259537,200,0.013014,0.006167,1.691797,0.004406,0.040437,0.28039,0.012781,0.0,0.0001,,,,,none
263766,204,0.060835,0.000995,1.691809,0.004394,0.01078,0.077981,0.016704,0.0,0.0001,,,,,none
263766,204,-0.014365,0.001873,1.691803,0.004394,0.017306,0.067479,0.023557,0.0,0.0001,,,,,none
263766,204,0.152601,0.000272,1.69178,0.004394,0.018736,0.319364,0.037307,0.0,0.0001,,,,,none
263766,204,-0.00279,0.001326,1.691775,0.004394,0.017532,0.066248,0.028313,0.0,0.0001,,,,,none
263766,204,0.057635,0.001673,1.69176,0.004394,0.015163,0.096499,0.024481,0.0,0.0001,,,,,none
263766,204,0.065014,9.7e-05,1.691722,0.004394,0.010996,0.167126,0.017578,0.0,0.0001,,,,,none
263766,204,0.004413,0.001199,1.691715,0.004394,0.011299,0.062524,0.002367,0.0,0.0001,,,,,none
263766,204,0.051771,0.001601,1.691699,0.004394,0.011274,0.067738,0.005247,0.0,0.0001,,,,,none
263766,204,0.054394,8e-05,1.691661,0.004394,0.010045,0.132042,0.01171,0.0,0.0001,,,,,none
263766,204,0.03893,0.000994,1.691625,0.004394,0.014414,0.313589,0.018468,0.0,0.0001,,,,,none
263766,204,0.026238,0.001514,1.691572,0.004394,0.014784,0.106367,0.021906,0.0,0.0001,,,,,none
263766,204,-0.054365,0.004823,1.691511,0.004394,0.015091,0.143912,0.024894,0.0,0.0001,,,,,none
266606,208,0.088919,0.00227,1.691492,0.004382,0.010583,0.183964,0.00316,0.0,0.0001,,,,,none
266606,208,-0.061779,0.001336,1.691483,0.004382,0.012905,0.396122,0.003542,0.0,0.0001,,,,,none
266606,208,0.041814,0.001726,1.691478,0.004382,0.012183,0.173397,0.007854,0.0,0.0001,,,,,none
266606,208,0.056214,0.002841,1.691481,0.004382,0.011328,0.155212,0.00882,0.0,0.0001,,,,,none
266606,208,0.078492,0.001456,1.691486,0.004382,0.011083,0.393436,0.008829,0.0,0.0001,,,,,none
266606,208,-0.035728,0.003598,1.691483,0.004382,0.013231,0.141109,0.003262,0.0,0.0001,,,,,none
266606,208,0.044722,0.002413,1.691497,0.004382,0.012465,0.145484,0.00459,0.0,0.0001,,,,,none
266606,208,0.05127,0.001237,1.691533,0.004382,0.009231,0.103291,0.003597,0.0,0.0001,,,,,none
272323,212,0.058881,0.000772,1.691573,0.00437,0.012846,0.280823,0.012506,0.0,0.0001,,,,,none
272323,212,-0.028216,0.000886,1.691613,0.00437,0.010138,0.091197,0.005931,0.0,0.0001,,,,,none
272323,212,-0.072373,0.001095,1.691653,0.00437,0.011251,0.190976,0.001643,0.0,0.0001,,,,,none
272323,212,0.01281,0.000724,1.691684,0.00437,0.011509,0.193571,0.00142,0.0,0.0001,,,,,none
272323,212,-0.035493,0.001099,1.691702,0.00437,0.01181,0.462606,0.005121,0.0,0.0001,,,,,none
272323,212,-0.00315,0.000878,1.691718,0.00437,0.013646,0.078084,0.007709,0.0,0.0001,,,,,none
272323,212,0.028728,0.000647,1.691711,0.00437,0.013269,0.153622,0.008886,0.0,0.0001,,,,,none
272323,212,-0.048392,0.000822,1.691695,0.00437,0.012604,0.227691,0.011646,0.0,0.0001,,,,,none
272323,212,-0.005989,0.001323,1.691672,0.00437,0.012408,0.284715,0.005102,0.0,0.0001,,,,,none
272323,212,0.077389,0.000203,1.691629,0.00437,0.012404,0.170614,0.005532,0.0,0.0001,,,,,none
272323,212,-0.039382,0.001786,1.69158,0.00437,0.010337,0.268506,0.006413,0.0,0.0001,,,,,none
272323,212,-0.076678,0.000695,1.691509,0.00437,0.010786,0.061108,0.00895,0.0,0.0001,,,,,none
278004,216,-0.025413,0.000545,1.691453,0.004358,0.010333,0.0673,0.011203,0.0,0.0001,,,,,none
278004,216,-0.028064,0.000674,1.691381,0.004358,0.009482,0.141527,0.011127,0.0,0.0001,,,,,none
278004,216,0.004249,0.001763,1.69132,0.004358,0.009791,0.09969,0.010293,0.0,0.0001,,,,,none
278004,216,-0.038299,0.000774,1.691253,0.004358,0.00928,0.242831,0.006819,0.0,0.0001,,,,,none
278004,216,-0.014947,0.001242,1.691157,0.004358,0.009174,0.082231,0.004199,0.0,0.0001,,,,,none
278004,216,0.004538,0.000693,1.691081,0.004358,0.009932,0.047084,0.00166,0.0,0.0001,,,,,none
278004,216,0.028928,0.000645,1.691001,0.004358,0.009758,0.23816,0.001466,0.0,0.0001,,,,,none
278004,216,-0.024088,0.000394,1.690909,0.004358,0.010186,0.277972,0.006958,0.0,0.0001,,,,,none
278004,216,-0.069206,0.001915,1.690826,0.004358,0.01095,0.202886,0.007534,0.0,0.0001,,,,,none
278004,216,0.045469,0.000953,1.690749,0.004358,0.009943,0.066238,0.002791,0.0,0.0001,,,,,none
278004,216,-0.048814,0.001468,1.69068,0.004358,0.009605,0.08068,0.003604,0.0,0.0001,,,,,none
278004,216,-0.057083,0.000129,1.690598,0.004358,0.009797,0.192391,0.001053,0.0,0.0001,,,,,none
283548,220,0.093692,0.000374,1.690493,0.004346,0.015893,0.088488,0.010203,0.0,0.0001,,,,,none
283548,220,-0.048462,0.002253,1.690401,0.004346,0.01659,0.066003,0.004927,0.0,0.0001,,,,,none
283548,220,0.024948,0.002729,1.690327,0.004346,0.021293,0.23771,0.002063,0.0,0.0001,,,,,none
283548,220,0.088256,0.000484,1.690289,0.004346,0.016706,0.141499,0.008706,0.0,0.0001,,,,,none
283548,220,0.003773,0.002539,1.690269,0.004346,0.021045,0.08092,0.001989,0.0,0.0001,,,,,none
283548,220,-0.039403,0.002089,1.69025,0.004346,0.015332,0.105367,0.002181,0.0,0.0001,,,,,none
283548,220,0.106253,0.000802,1.690257,0.004346,0.015847,0.080266,0.00996,0.0,0.0001,,,,,none
283548,220,-0.076791,0.002387,1.690271,0.004346,0.021111,0.099857,0.009968,0.0,0.0001,,,,,none
283548,220,0.050866,0.00178,1.690305,0.004346,0.01973,0.051976,0.005265,0.0,0.0001,,,,,none
283548,220,0.010173,0.000419,1.690346,0.004346,0.015982,0.118006,0.001716,0.0,0.0001,,,,,none
283548,220,0.00603,0.002278,1.690382,0.004346,0.021701,0.120387,0.004925,0.0,0.0001,,,,,none
283548,220,0.070572,0.00245,1.690417,0.004346,0.022627,0.286863,0.002917,0.0,0.0001,,,,,none
289138,224,0.044149,0.000656,1.690459,0.004334,0.009627,0.088054,0.003379,0.0,0.0001,,,,,none
289138,224,-0.019086,0.001876,1.690515,0.004334,0.009161,0.061308,0.00112,0.0,0.0001,,,,,none
289138,224,-0.025666,0.000453,1.69056,0.004334,0.01037,0.127478,0.00074,0.0,0.0001,,,,,none
289138,224,0.056049,0.001195,1.690604,0.004334,0.010052,0.146555,0.000549,0.0,0.0001,,,,,none
289138,224,0.004134,0.001373,1.690649,0.004334,0.009283,0.15012,0.005182,0.0,0.0001,,,,,none
289138,224,-0.071076,0.000379,1.690705,0.004334,0.009244,0.126886,0.008182,0.0,0.0001,,,,,none
289138,224,0.008018,0.000309,1.690748,0.004334,0.009576,0.176206,0.007352,0.0,0.0001,,,,,none
289138,224,0.016274,0.001427,1.690791,0.004334,0.009784,0.415203,0.007955,0.0,0.0001,,,,,none
289138,224,-0.023497,0.001511,1.690832,0.004334,0.008719,0.15101,0.007393,0.0,0.0001,,,,,none
289138,224,0.055834,0.001443,1.690879,0.004334,0.008994,0.131942,0.002509,0.0,0.0001,,,,,none
289138,224,-0.076697,0.000583,1.690929,0.004334,0.00884,0.320548,0.002978,0.0,0.0001,,,,,none
289138,224,0.038881,0.001096,1.690974,0.004334,0.008919,0.155501,0.003152,0.0,0.0001,,,,,none
294817,228,-0.128304,0.000733,1.691031,0.004322,0.010221,0.300568,0.002764,0.0,0.0001,,,,,none
294817,228,0.069794,0.000946,1.691084,0.004322,0.011437,0.356597,0.011188,0.0,0.0001,,,,,none
294817,228,0.035194,0.001384,1.691148,0.004322,0.0106,0.448331,0.006906,0.0,0.0001,,,,,none
294817,228,-0.000202,0.001178,1.691205,0.004322,0.010624,0.605027,0.006593,0.0,0.0001,,,,,none
294817,228,-0.000723,0.000845,1.691261,0.004322,0.010383,0.400461,0.005311,0.0,0.0001,,,,,none
294817,228,-0.036668,0.000913,1.691307,0.004322,0.010795,0.195906,0.005651,0.0,0.0001,,,,,none
294817,228,0.00975,0.001855,1.691339,0.004322,0.010452,0.234188,0.008585,0.0,0.0001,,,,,none
294817,228,-0.097749,0.000286,1.691376,0.004322,0.009536,0.274011,0.003976,0.0,0.0001,,,,,none
294817,228,0.075621,0.00079,1.691401,0.004322,0.012908,0.216179,0.00968,0.0,0.0001,,,,,none
294817,228,-0.045794,0.001416,1.691414,0.004322,0.010969,0.10125,0.001949,0.0,0.0001,,,,,none
294817,228,0.050179,0.001108,1.691426,0.004322,0.012957,0.347956,0.002799,0.0,0.0001,,,,,none
294817,228,-0.040692,0.000282,1.691423,0.004322,0.009259,0.187038,0.003488,0.0,0.0001,,,,,none
299110,232,0.001388,0.00175,1.691422,0.00431,0.015457,0.371644,0.016724,0.0,0.0001,,,,,none
299110,232,0.084085,0.002558,1.69142,0.00431,0.011485,0.064885,0.003167,0.0,0.0001,,,,,none
299110,232,0.032339,4.5e-05,1.691418,0.00431,0.006773,0.102742,0.004803,0.0,0.0001,,,,,none
299110,232,0.093365,0.000624,1.691425,0.00431,0.009786,0.027871,0.003243,0.0,0.0001,,,,,none
299110,232,0.015555,0.003114,1.691437,0.00431,0.015832,0.072266,0.009196,0.0,0.0001,,,,,none
299110,232,-0.173023,0.005066,1.691456,0.00431,0.031593,0.286413,0.040859,0.0,0.0001,,,,,none
299110,232,0.002168,0.002152,1.691524,0.00431,0.016151,0.248787,0.003599,0.0,0.0001,,,,,none
299110,232,0.078172,0.001875,1.691592,0.00431,0.017117,0.218469,0.015495,0.0,0.0001,,,,,none
299110,232,0.084279,0.002668,1.691655,0.00431,0.017395,0.218581,0.027389,0.0,0.0001,,,,,none
299110,232,0.115995,0.001783,1.691686,0.00431,0.015961,0.095025,0.025422,0.0,0.0001,,,,,none
299110,232,1.7e-05,0.002,1.691712,0.00431,0.015928,0.038652,0.003787,0.0,0.0001,,,,,none
299110,232,-0.223174,0.004007,1.691749,0.00431,0.02849,0.271696,0.035282,0.0,0.0001,,,,,none
304710,236,-0.100589,0.001534,1.691837,0.004298,0.008906,0.054981,0.003669,0.0,0.0001,,,,,none
304710,236,0.021401,0.001483,1.691907,0.004298,0.010777,0.236438,0.006557,0.0,0.0001,,,,,none
304710,236,-0.006429,0.000358,1.691961,0.004298,0.009329,0.15926,0.001793,0.0,0.0001,,,,,none
304710,236,0.015742,0.001422,1.691984,0.004298,0.011167,0.148857,0.002305,0.0,0.0001,,,,,none
304710,236,-0.009749,0.000633,1.692,0.004298,0.00975,0.054219,0.007735,0.0,0.0001,,,,,none
304710,236,-0.117405,0.001715,1.692001,0.004298,0.010646,0.166563,0.008626,0.0,0.0001,,,,,none
304710,236,-0.038776,0.000696,1.691961,0.004298,0.011323,0.135184,0.006805,0.0,0.0001,,,,,none
304710,236,-0.063963,0.001649,1.691914,0.004298,0.011323,0.144404,0.006859,0.0,0.0001,,,,,none
304710,236,0.026968,0.001482,1.691852,0.004298,0.01252,0.13357,0.003011,0.0,0.0001,,,,,none
304710,236,-0.042668,0.000449,1.691758,0.004298,0.013381,0.257534,0.003004,0.0,0.0001,,,,,none
304710,236,0.013916,0.002037,1.691651,0.004298,0.012506,0.302375,0.003657,0.0,0.0001,,,,,none
304710,236,-0.06996,0.001402,1.691544,0.004298,0.011773,0.239115,0.0057,0.0,0.0001,,,,,none
310293,240,-0.089568,0.000638,1.691434,0.004286,0.009929,0.096775,0.001242,0.0,0.0001,,,,,none
310293,240,0.082823,0.001316,1.691346,0.004286,0.011778,0.42761,0.008482,0.0,0.0001,,,,,none
310293,240,-0.096046,0.000509,1.691293,0.004286,0.009366,0.10477,0.000687,0.0,0.0001,,,,,none
310293,240,-0.0166,0.000755,1.691258,0.004286,0.010904,0.32405,0.00577,0.0,0.0001,,,,,none
310293,240,-0.069079,0.001121,1.691255,0.004286,0.01081,0.306373,0.004237,0.0,0.0001,,,,,none
310293,240,0.012156,0.000582,1.691259,0.004286,0.010567,0.14472,0.009425,0.0,0.0001,,,,,none
310293,240,0.009287,0.000509,1.691282,0.004286,0.01043,0.054378,0.010218,0.0,0.0001,,,,,none
310293,240,-0.066943,0.000466,1.691308,0.004286,0.010977,0.440224,0.007609,0.0,0.0001,,,,,none
310293,240,-0.026034,0.001741,1.691326,0.004286,0.011682,0.417135,0.008498,0.0,0.0001,,,,,none
310293,240,-0.045945,0.001088,1.691354,0.004286,0.009165,0.113257,0.00309,0.0,0.0001,,,,,none
310293,240,-0.076483,0.000867,1.691373,0.004286,0.010258,0.096528,0.001086,0.0,0.0001,,,,,none
310293,240,0.064178,0.000308,1.691409,0.004286,0.011986,0.659768,0.004853,0.0,0.0001,,,,,none
315780,244,-0.020935,0.000653,1.691463,0.004274,0.009025,0.125058,0.00155,0.0,0.0001,,,,,none
315780,244,-0.028577,0.000239,1.691514,0.004274,0.008377,0.054857,0.001559,0.0,0.0001,,,,,none
315780,244,-0.078276,0.002543,1.691558,0.004274,0.011201,0.109735,0.002484,0.0,0.0001,,,,,none
315780,244,0.036761,0.002006,1.691573,0.004274,0.009049,0.043347,0.001201,0.0,0.0001,,,,,none
315780,244,-0.052171,0.000172,1.691584,0.004274,0.011389,0.099962,0.004714,0.0,0.0001,,,,,none
315780,244,-0.122858,0.000692,1.691581,0.004274,0.01068,0.129328,0.009686,0.0,0.0001,,,,,none
315780,244,-0.048119,0.000748,1.69158,0.004274,0.011622,0.154091,0.005414,0.0,0.0001,,,,,none
315780,244,-0.029033,0.000773,1.691583,0.004274,0.009524,0.050118,0.00213,0.0,0.0001,,,,,none
315780,244,-0.035537,0.001599,1.691566,0.004274,0.010885,0.058784,0.004603,0.0,0.0001,,,,,none
315780,244,-0.019405,0.001336,1.691545,0.004274,0.009695,0.067265,0.001838,0.0,0.0001,,,,,none
315780,244,-0.079976,0.000586,1.691513,0.004274,0.010079,0.041853,0.00127,0.0,0.0001,,,,,none
315780,244,-0.002538,0.000999,1.691476,0.004274,0.011027,0.304095,0.005042,0.0,0.0001,,,,,none
321452,248,-0.026248,0.000778,1.691433,0.004262,0.009918,0.062836,0.004047,0.0,0.0001,,,,,none
321452,248,-0.041499,0.000851,1.691424,0.004262,0.010053,0.067995,0.005816,0.0,0.0001,,,,,none
321452,248,0.098743,0.00068,1.69142,0.004262,0.00808,0.152445,0.002643,0.0,0.0001,,,,,none
321452,248,-0.022254,0.000141,1.691431,0.004262,0.009429,0.180224,0.005324,0.0,0.0001,,,,,none
321452,248,-0.012003,0.000699,1.69146,0.004262,0.009415,0.243616,0.005028,0.0,0.0001,,,,,none
321452,248,0.057915,0.001708,1.691496,0.004262,0.009096,0.10507,0.000798,0.0,0.0001,,,,,none
321452,248,-0.036133,0.000772,1.691523,0.004262,0.009156,0.227524,0.000601,0.0,0.0001,,,,,none
321452,248,-0.015582,0.000767,1.691558,0.004262,0.009062,0.165778,0.00334,0.0,0.0001,,,,,none
321452,248,0.079679,0.000802,1.691584,0.004262,0.009927,0.216823,0.008091,0.0,0.0001,,,,,none
321452,248,-0.05829,0.000354,1.69164,0.004262,0.009616,0.137317,0.006136,0.0,0.0001,,,,,none
321452,248,0.052427,0.000494,1.691684,0.004262,0.009321,0.204393,0.007776,0.0,0.0001,,,,,none
321452,248,0.022059,0.001719,1.691747,0.004262,0.009451,0.18585,0.004812,0.0,0.0001,,,,,none
327032,252,-0.016683,0.000405,1.691837,0.00425,0.008047,0.222971,0.001646,0.0,0.0001,,,,,none
327032,252,0.060008,0.000497,1.691902,0.00425,0.008491,0.096561,0.003019,0.0,0.0001,,,,,none
327032,252,-0.066241,0.001504,1.691964,0.00425,0.009411,0.04428,0.009183,0.0,0.0001,,,,,none
327032,252,-0.001298,0.00063,1.69202,0.00425,0.009082,0.287803,0.008444,0.0,0.0001,,,,,none
327032,252,-0.062393,0.000512,1.692079,0.00425,0.009064,0.305889,0.009355,0.0,0.0001,,,,,none
327032,252,0.082373,0.001192,1.692137,0.00425,0.007968,0.218619,0.004875,0.0,0.0001,,,,,none
327032,252,0.034911,0.000674,1.692162,0.00425,0.008096,0.295627,0.001246,0.0,0.0001,,,,,none
327032,252,-0.043988,0.000937,1.692176,0.00425,0.009536,0.105758,0.00262,0.0,0.0001,,,,,none
327032,252,0.008619,0.000558,1.692183,0.00425,0.010258,0.072467,0.003625,0.0,0.0001,,,,,none
327032,252,-0.07257,0.000276,1.692182,0.00425,0.010792,0.161583,0.006253,0.0,0.0001,,,,,none
327032,252,0.021218,0.001085,1.692187,0.00425,0.010984,0.425741,0.006416,0.0,0.0001,,,,,none
327032,252,0.068504,0.001001,1.692191,0.00425,0.011867,0.139502,0.005413,0.0,0.0001,,,,,none
332762,256,-0.021739,0.000242,1.692158,0.004238,0.00901,0.224239,0.002403,0.0,0.0001,,,,,none
332762,256,-0.02517,0.001029,1.692133,0.004238,0.009689,0.285826,0.001188,0.0,0.0001,,,,,none
332762,256,0.019751,0.001505,1.692105,0.004238,0.010558,0.75667,0.003747,0.0,0.0001,,,,,none
332762,256,-0.021181,0.000676,1.692081,0.004238,0.010845,1.082463,0.007195,0.0,0.0001,,,,,none
332762,256,-0.042198,0.001119,1.692057,0.004238,0.009851,0.794921,0.006852,0.0,0.0001,,,,,none
332762,256,0.036675,0.00088,1.692041,0.004238,0.011525,0.232694,0.001449,0.0,0.0001,,,,,none
332762,256,0.06058,0.001493,1.692031,0.004238,0.010172,0.286317,0.004389,0.0,0.0001,,,,,none
332762,256,-0.047251,0.000411,1.692021,0.004238,0.010138,0.201083,0.002544,0.0,0.0001,,,,,none
332762,256,-0.052105,0.000719,1.692015,0.004238,0.010228,0.195352,0.000892,0.0,0.0001,,,,,none
332762,256,0.047213,0.000975,1.692014,0.004238,0.009965,0.164206,0.004357,0.0,0.0001,,,,,none
332762,256,-0.046245,0.000886,1.692012,0.004238,0.010118,0.220105,0.001327,0.0,0.0001,,,,,none
332762,256,-0.035582,0.000765,1.692013,0.004238,0.012164,0.121525,0.004416,0.0,0.0001,,,,,none
338341,260,-0.064509,0.001619,1.692008,0.004226,0.010347,0.205607,0.000838,0.0,0.0001,,,,,none
338341,260,0.041559,0.000913,1.692003,0.004226,0.010136,0.10828,0.002719,0.0,0.0001,,,,,none
338341,260,-0.092379,0.000246,1.691983,0.004226,0.008783,0.085168,0.00629,0.0,0.0001,,,,,none
338341,260,0.010826,0.001145,1.691965,0.004226,0.011127,0.240006,0.004715,0.0,0.0001,,,,,none
338341,260,-0.126041,0.001155,1.691946,0.004226,0.010513,0.253966,0.009662,0.0,0.0001,,,,,none
338341,260,0.031989,0.00057,1.691928,0.004226,0.009852,0.267669,0.001556,0.0,0.0001,,,,,none
338341,260,0.037174,0.000644,1.691907,0.004226,0.010058,0.110143,0.001018,0.0,0.0001,,,,,none
338341,260,-0.005492,0.001387,1.691872,0.004226,0.010373,0.111618,0.001096,0.0,0.0001,,,,,none
338341,260,-0.163401,0.000909,1.691828,0.004226,0.009639,0.221139,0.002641,0.0,0.0001,,,,,none
338341,260,-0.009187,0.000996,1.691789,0.004226,0.009115,0.344902,0.003282,0.0,0.0001,,,,,none
338341,260,-0.083452,0.001663,1.691738,0.004226,0.011022,0.19109,0.000688,0.0,0.0001,,,,,none
338341,260,0.002962,0.000106,1.691664,0.004226,0.010608,0.175944,0.005026,0.0,0.0001,,,,,none
343888,264,-0.016099,0.000832,1.691603,0.004214,0.009281,0.077599,0.001975,0.0,0.0001,,,,,none
343888,264,-0.01264,0.000764,1.691566,0.004214,0.01035,0.197022,0.003013,0.0,0.0001,,,,,none
343888,264,-0.082819,0.001492,1.691523,0.004214,0.008647,0.03916,0.001443,0.0,0.0001,,,,,none
343888,264,0.082618,0.000163,1.691472,0.004214,0.010149,0.196628,0.007343,0.0,0.0001,,,,,none
343888,264,-0.123945,0.000769,1.691413,0.004214,0.008548,0.078688,0.002066,0.0,0.0001,,,,,none
343888,264,-0.066445,0.002426,1.691367,0.004214,0.008827,0.152679,0.00396,0.0,0.0001,,,,,none
343888,264,-0.054266,0.000663,1.69133,0.004214,0.009543,0.260448,0.004249,0.0,0.0001,,,,,none
343888,264,-0.077503,0.001464,1.691277,0.004214,0.008491,0.083747,0.000858,0.0,0.0001,,,,,none
343888,264,0.060443,0.000714,1.691241,0.004214,0.008047,0.103617,0.00123,0.0,0.0001,,,,,none
343888,264,0.006036,0.001788,1.691207,0.004214,0.009314,0.08815,0.001592,0.0,0.0001,,,,,none
343888,264,-0.006677,0.000624,1.691171,0.004214,0.008706,0.054857,0.005705,0.0,0.0001,,,,,none
343888,264,-0.117647,0.00033,1.691127,0.004214,0.009336,0.202092,0.009989,0.0,0.0001,,,,,none
349491,268,-0.169542,0.001089,1.691104,0.004202,0.009109,0.113707,0.006914,0.0,0.0001,,,,,none
349491,268,0.053348,0.000748,1.69108,0.004202,0.009131,0.217399,0.001556,0.0,0.0001,,,,,none
349491,268,0.12153,0.000653,1.691043,0.004202,0.009464,0.145045,0.006885,0.0,0.0001,,,,,none
349491,268,0.034802,0.00047,1.69106,0.004202,0.009377,0.118443,0.006417,0.0,0.0001,,,,,none
349491,268,-0.036867,0.000918,1.691079,0.004202,0.009825,0.313683,0.005849,0.0,0.0001,,,,,none
349491,268,-0.028603,0.001249,1.691105,0.004202,0.008388,0.274427,0.005437,0.0,0.0001,,,,,none
349491,268,0.05,0.001493,1.691127,0.004202,0.009287,0.171079,0.003584,0.0,0.0001,,,,,none
349491,268,0.018463,0.000282,1.691141,0.004202,0.008796,0.131538,0.000636,0.0,0.0001,,,,,none
349491,268,-0.119961,0.000707,1.691167,0.004202,0.008408,0.114314,0.004246,0.0,0.0001,,,,,none
349491,268,-0.021346,0.001225,1.691203,0.004202,0.008317,0.0501,0.003486,0.0,0.0001,,,,,none
349491,268,0.041654,0.000963,1.691239,0.004202,0.008714,0.086611,0.002733,0.0,0.0001,,,,,none
349491,268,-0.055713,0.000137,1.691281,0.004202,0.009582,0.524029,0.004699,0.0,0.0001,,,,,none
355138,272,-0.082105,0.001616,1.691308,0.00419,0.008857,0.191167,0.001825,0.0,0.0001,,,,,none
355138,272,-0.074059,0.000782,1.691337,0.00419,0.008507,0.150658,0.000442,0.0,0.0001,,,,,none
355138,272,0.087827,0.000131,1.691378,0.00419,0.009697,0.194348,0.007118,0.0,0.0001,,,,,none
355138,272,0.010587,0.001268,1.691421,0.00419,0.008932,0.252417,0.004767,0.0,0.0001,,,,,none
355138,272,-0.033951,0.000553,1.691465,0.00419,0.009274,0.283923,0.002546,0.0,0.0001,,,,,none
355138,272,-0.080036,0.000823,1.691511,0.00419,0.007876,0.078473,0.000528,0.0,0.0001,,,,,none
355138,272,-0.024599,0.001464,1.691553,0.00419,0.008646,0.322185,0.00037,0.0,0.0001,,,,,none
355138,272,-0.065955,0.000663,1.69158,0.00419,0.008638,0.373642,0.003581,0.0,0.0001,,,,,none
355138,272,0.007316,0.000399,1.691614,0.00419,0.009623,0.632828,0.002741,0.0,0.0001,,,,,none
355138,272,-0.009234,0.000739,1.691641,0.00419,0.008941,0.311405,0.002576,0.0,0.0001,,,,,none
355138,272,0.023606,0.001361,1.691677,0.00419,0.00893,0.082623,0.001206,0.0,0.0001,,,,,none
355138,272,-0.124771,0.000436,1.691693,0.00419,0.008131,0.258871,0.001112,0.0,0.0001,,,,,none
360811,276,-0.099873,0.000631,1.691703,0.004178,0.008882,0.262893,0.000681,0.0,0.0001,,,,,none
360811,276,0.011099,0.000267,1.691705,0.004178,0.009421,0.199349,0.001642,0.0,0.0001,,,,,none
360811,276,0.024165,0.001666,1.691693,0.004178,0.009065,0.271093,0.000996,0.0,0.0001,,,,,none
360811,276,0.014402,0.001086,1.691703,0.004178,0.010412,0.045187,0.002768,0.0,0.0001,,,,,none
360811,276,0.002537,0.000895,1.691699,0.004178,0.009842,0.332919,0.007043,0.0,0.0001,,,,,none
360811,276,-0.108694,0.000305,1.691686,0.004178,0.010153,0.411672,0.012561,0.0,0.0001,,,,,none
360811,276,-0.056198,0.00094,1.691689,0.004178,0.009093,0.195794,0.009077,0.0,0.0001,,,,,none
360811,276,-0.142723,9.9e-05,1.691689,0.004178,0.010685,0.157813,0.008715,0.0,0.0001,,,,,none
360811,276,0.172354,0.001494,1.691686,0.004178,0.011557,0.331714,0.006185,0.0,0.0001,,,,,none
360811,276,-0.076803,0.000854,1.691675,0.004178,0.009361,0.151143,0.002188,0.0,0.0001,,,,,none
360811,276,0.033647,0.001296,1.691655,0.004178,0.012453,0.301099,0.007704,0.0,0.0001,,,,,none
360811,276,-0.030464,8.2e-05,1.691639,0.004178,0.010821,0.175495,0.005713,0.0,0.0001,,,,,none
365066,280,0.035418,0.000965,1.691623,0.004166,0.009931,0.107101,0.001049,0.0,0.0001,,,,,none
365066,280,-0.014048,0.00106,1.6916,0.004166,0.011112,0.121712,0.002935,0.0,0.0001,,,,,none
365066,280,0.058626,4.9e-05,1.691575,0.004166,0.00867,0.187689,0.00176,0.0,0.0001,,,,,none
365066,280,-0.040237,0.001253,1.691548,0.004166,0.011927,0.093443,0.002351,0.0,0.0001,,,,,none
365066,280,0.077994,0.000766,1.69151,0.004166,0.008961,0.161402,0.006993,0.0,0.0001,,,,,none
365066,280,-0.133778,3.8e-05,1.691471,0.004166,0.0075,0.412845,0.000592,0.0,0.0001,,,,,none
365066,280,-0.027064,0.001275,1.691438,0.004166,0.009468,0.089495,0.007376,0.0,0.0001,,,,,none
365066,280,0.031641,0.000738,1.691401,0.004166,0.012626,0.167579,0.012293,0.0,0.0001,,,,,none
365066,280,0.258342,0.000291,1.69136,0.004166,0.016259,0.623881,0.022695,0.0,0.0001,,,,,none
365066,280,-0.007671,0.001074,1.691281,0.004166,0.011816,0.433837,0.008727,0.0,0.0001,,,,,none
365066,280,0.010695,0.00094,1.691207,0.004166,0.010814,0.101793,0.004658,0.0,0.0001,,,,,none
365066,280,0.276564,0.000236,1.69113,0.004166,0.01304,0.209962,0.006162,0.0,0.0001,,,,,none
370593,284,0.081874,0.000845,1.691067,0.004154,0.007759,0.150521,0.000662,0.0,0.0001,,,,,none
370593,284,-0.070555,0.001181,1.691008,0.004154,0.00928,0.246591,0.007786,0.0,0.0001,,,,,none
370593,284,-0.052044,0.000769,1.690928,0.004154,0.008409,0.073425,0.008827,0.0,0.0001,,,,,none
370593,284,-0.030251,0.001353,1.690885,0.004154,0.009542,0.094211,0.006983,0.0,0.0001,,,,,none
370593,284,-0.059471,0.000544,1.690851,0.004154,0.008653,0.196967,0.00485,0.0,0.0001,,,,,none
370593,284,0.091154,0.000992,1.690808,0.004154,0.008433,0.181973,0.002909,0.0,0.0001,,,,,none
370593,284,-0.018349,0.000839,1.690764,0.004154,0.009168,0.587288,0.001651,0.0,0.0001,,,,,none
370593,284,-0.025631,0.000288,1.690726,0.004154,0.00888,0.227828,0.002492,0.0,0.0001,,,,,none
370593,284,0.027829,0.002114,1.690702,0.004154,0.008514,0.1271,0.001913,0.0,0.0001,,,,,none
370593,284,-0.005798,0.000215,1.690659,0.004154,0.008634,0.306005,0.003165,0.0,0.0001,,,,,none
370593,284,-0.085788,0.001513,1.690604,0.004154,0.00816,0.175865,0.003097,0.0,0.0001,,,,,none
370593,284,0.09464,0.001226,1.690561,0.004154,0.008521,0.118025,0.000644,0.0,0.0001,,,,,none
376143,288,-0.042987,0.000328,1.690519,0.004142,0.008817,0.113237,0.004796,0.0,0.0001,,,,,none
376143,288,-0.045726,0.001557,1.690466,0.004142,0.007965,0.11149,0.003349,0.0,0.0001,,,,,none
376143,288,0.103805,0.000669,1.690398,0.004142,0.009516,0.120129,0.001776,0.0,0.0001,,,,,none
376143,288,-0.106023,0.001432,1.690312,0.004142,0.008638,0.088943,0.000469,0.0,0.0001,,,,,none
376143,288,0.12335,0.000368,1.690224,0.004142,0.007989,0.325584,0.005888,0.0,0.0001,,,,,none
376143,288,-0.042967,0.000766,1.690104,0.004142,0.009131,0.256052,0.001719,0.0,0.0001,,,,,none
376143,288,0.016385,0.000882,1.689967,0.004142,0.009407,0.149597,0.001518,0.0,0.0001,,,,,none
376143,288,-0.027361,0.001019,1.689821,0.004142,0.008865,0.223718,0.002652,0.0,0.0001,,,,,none
376143,288,-0.002194,0.000635,1.68967,0.004142,0.009269,0.225855,0.001467,0.0,0.0001,,,,,none
376143,288,0.039441,0.00172,1.689515,0.004142,0.009469,0.271067,0.001016,0.0,0.0001,,,,,none
376143,288,0.028328,0.000365,1.689343,0.004142,0.009732,0.105448,0.00115,0.0,0.0001,,,,,none
376143,288,-0.107633,0.000443,1.689185,0.004142,0.009716,0.180794,0.002915,0.0,0.0001,,,,,none
381865,292,-0.038335,0.001441,1.689021,0.00413,0.007696,0.154421,0.002921,0.0,0.0001,,,,,none
381865,292,-0.061569,0.000348,1.688869,0.00413,0.008669,0.083532,0.003274,0.0,0.0001,,,,,none
381865,292,0.068716,0.00036,1.688735,0.00413,0.009399,0.32889,0.008732,0.0,0.0001,,,,,none
381865,292,-0.02318,8.2e-05,1.688656,0.00413,0.008067,0.098344,0.0061,0.0,0.0001,,,,,none
381865,292,-0.013434,0.000817,1.688594,0.00413,0.008785,0.199021,0.006008,0.0,0.0001,,,,,none
381865,292,-0.008387,0.001439,1.688575,0.00413,0.009431,0.443908,0.004252,0.0,0.0001,,,,,none
381865,292,-0.010993,0.000991,1.688551,0.00413,0.009349,0.243939,0.001647,0.0,0.0001,,,,,none
381865,292,-0.035176,0.000532,1.688583,0.00413,0.008706,0.175519,0.000878,0.0,0.0001,,,,,none
381865,292,0.004897,0.000617,1.688605,0.00413,0.007682,0.037204,0.002193,0.0,0.0001,,,,,none
381865,292,0.024327,0.000535,1.688618,0.00413,0.009888,0.300211,0.00498,0.0,0.0001,,,,,none
381865,292,-0.020675,0.000588,1.688634,0.00413,0.008897,0.267359,0.003457,0.0,0.0001,,,,,none
381865,292,-0.058326,0.001086,1.688661,0.00413,0.007552,0.186306,0.002835,0.0,0.0001,,,,,none
387585,296,-0.046138,0.000838,1.688682,0.004118,0.0102,0.111728,0.004816,0.0,0.0001,,,,,none
387585,296,-0.011373,0.00104,1.688739,0.004118,0.00989,0.120522,0.007548,0.0,0.0001,,,,,none
387585,296,-0.037146,0.000573,1.6888,0.004118,0.01067,0.239255,0.008948,0.0,0.0001,,,,,none
387585,296,0.005138,0.000835,1.688866,0.004118,0.010523,0.401936,0.010174,0.0,0.0001,,,,,none
387585,296,-0.112425,0.000843,1.68895,0.004118,0.009395,0.25922,0.001525,0.0,0.0001,,,,,none
387585,296,0.024711,0.000816,1.68903,0.004118,0.011136,0.063443,0.006046,0.0,0.0001,,,,,none
387585,296,-0.100843,0.000553,1.689116,0.004118,0.009404,0.104268,0.004754,0.0,0.0001,,,,,none
387585,296,-0.033408,0.001085,1.689179,0.004118,0.011003,0.064399,0.004564,0.0,0.0001,,,,,none
387585,296,0.061167,0.000836,1.689258,0.004118,0.011907,0.269568,0.003658,0.0,0.0001,,,,,none
387585,296,-0.135625,9e-05,1.689358,0.004118,0.009542,0.121634,0.009557,0.0,0.0001,,,,,none
387585,296,0.033112,0.001447,1.689438,0.004118,0.012452,0.134598,0.003135,0.0,0.0001,,,,,none
387585,296,0.024975,0.000968,1.689546,0.004118,0.010443,0.058816,0.001759,0.0,0.0001,,,,,none
393297,300,0.024254,0.000346,1.689643,0.004106,0.008575,0.053395,0.000886,0.0,0.0001,,,,,none
393297,300,0.030057,0.000603,1.689714,0.004106,0.008704,0.144947,0.001216,0.0,0.0001,,,,,none
393297,300,-0.107875,0.000991,1.689773,0.004106,0.008752,0.192408,0.001667,0.0,0.0001,,,,,none
393297,300,0.130015,0.000141,1.689807,0.004106,0.00915,0.121794,0.005568,0.0,0.0001,,,,,none
393297,300,-0.087748,0.000891,1.689823,0.004106,0.008674,0.12027,0.000803,0.0,0.0001,,,,,none
393297,300,-0.092294,0.000893,1.689829,0.004106,0.008812,0.217185,0.000613,0.0,0.0001,,,,,none
393297,300,-0.019462,0.000815,1.689817,0.004106,0.009013,0.059268,0.001327,0.0,0.0001,,,,,none
393297,300,0.012738,0.000493,1.689797,0.004106,0.010095,0.185017,0.003038,0.0,0.0001,,,,,none
393297,300,-0.027621,0.000584,1.689771,0.004106,0.010636,0.179611,0.002903,0.0,0.0001,,,,,none
393297,300,-0.048381,0.001385,1.689733,0.004106,0.010574,0.134448,0.001674,0.0,0.0001,,,,,none
393297,300,0.006966,0.000321,1.689687,0.004106,0.010116,0.097016,0.002093,0.0,0.0001,,,,,none
393297,300,0.015569,0.000125,1.689626,0.004106,0.010876,0.066384,0.002503,0.0,0.0001,,,,,none
398908,304,0.112108,0.00052,1.689551,0.004094,0.008292,0.103127,0.000632,0.0,0.0001,,,,,none
398908,304,-0.135162,0.000499,1.689507,0.004094,0.010117,0.069135,0.008618,0.0,0.0001,,,,,none
398908,304,-0.027036,0.001764,1.68948,0.004094,0.010485,0.216339,0.006676,0.0,0.0001,,,,,none
398908,304,0.066327,0.001084,1.689467,0.004094,0.009574,0.116171,0.005443,0.0,0.0001,,,,,none
398908,304,-0.042947,0.000871,1.689472,0.004094,0.01074,0.236184,0.008558,0.0,0.0001,,,,,none
398908,304,-0.08682,0.000508,1.689486,0.004094,0.00979,0.470726,0.007962,0.0,0.0001,,,,,none
398908,304,-0.01247,0.000714,1.689515,0.004094,0.011026,0.272515,0.001889,0.0,0.0001,,,,,none
398908,304,0.01057,0.000514,1.689557,0.004094,0.009164,0.240589,0.004667,0.0,0.0001,,,,,none
398908,304,-0.054333,0.001464,1.689603,0.004094,0.011081,0.293349,0.006283,0.0,0.0001,,,,,none
398908,304,0.055741,0.000122,1.689659,0.004094,0.011869,0.072343,0.009032,0.0,0.0001,,,,,none
398908,304,-0.026028,0.001411,1.689736,0.004094,0.011187,0.130407,0.006079,0.0,0.0001,,,,,none
398908,304,-0.094772,0.001129,1.689802,0.004094,0.011121,0.172582,0.002727,0.0,0.0001,,,,,none
404562,308,-0.020938,0.000204,1.689879,0.004082,0.0087,0.194544,0.000762,0.0,0.0001,,,,,none
404562,308,-0.058987,0.00064,1.689944,0.004082,0.010294,0.315445,0.00316,0.0,0.0001,,,,,none
404562,308,-0.004253,0.002313,1.689991,0.004082,0.011788,0.388069,0.002934,0.0,0.0001,,,,,none
404562,308,-0.002242,0.001161,1.690048,0.004082,0.009211,0.298438,0.002034,0.0,0.0001,,,,,none
404562,308,-0.089128,0.000903,1.690102,0.004082,0.010237,0.071333,0.002644,0.0,0.0001,,,,,none
404562,308,0.014904,0.000688,1.690153,0.004082,0.010998,0.258,0.00837,0.0,0.0001,,,,,none
404562,308,-0.052304,0.001252,1.690177,0.004082,0.011536,0.53263,0.007697,0.0,0.0001,,,,,none
404562,308,0.031059,0.000947,1.690205,0.004082,0.011627,0.229534,0.001723,0.0,0.0001,,,,,none
404562,308,-0.074548,0.000614,1.690219,0.004082,0.01292,0.25213,0.001781,0.0,0.0001,,,,,none
404562,308,0.015083,0.001523,1.690232,0.004082,0.013064,0.265557,0.005711,0.0,0.0001,,,,,none
404562,308,-0.07101,0.000834,1.690238,0.004082,0.011857,0.27017,0.006879,0.0,0.0001,,,,,none
404562,308,-0.028373,0.000383,1.690245,0.004082,0.013713,0.157289,0.001475,0.0,0.0001,,,,,none
410351,312,0.011458,0.000313,1.690243,0.00407,0.008473,0.291796,0.000829,0.0,0.0001,,,,,none
410351,312,0.034293,0.000993,1.690243,0.00407,0.009231,0.266348,0.001326,0.0,0.0001,,,,,none
410351,312,-0.129324,0.001043,1.690232,0.00407,0.00789,0.738116,0.001667,0.0,0.0001,,,,,none
410351,312,-0.001648,0.000793,1.690228,0.00407,0.008842,0.98359,0.003857,0.0,0.0001,,,,,none
410351,312,-0.047128,0.000997,1.690223,0.00407,0.008316,0.788335,0.001887,0.0,0.0001,,,,,none
410351,312,-0.019924,0.000441,1.690217,0.00407,0.008559,0.455195,0.000669,0.0,0.0001,,,,,none
410351,312,-0.026393,0.000821,1.690203,0.00407,0.010037,0.311018,0.001387,0.0,0.0001,,,,,none
410351,312,-0.046817,0.000825,1.690181,0.00407,0.007312,0.129448,0.003235,0.0,0.0001,,,,,none
410351,312,0.013303,0.0006,1.690164,0.00407,0.008342,0.270249,0.001489,0.0,0.0001,,,,,none
410351,312,0.021895,0.000598,1.69014,0.00407,0.009553,0.447591,0.001523,0.0,0.0001,,,,,none
410351,312,-0.078469,0.000364,1.690109,0.00407,0.008338,0.085323,0.002209,0.0,0.0001,,,,,none
410351,312,-0.00565,0.001418,1.690082,0.00407,0.008359,0.057936,0.005513,0.0,0.0001,,,,,none
416076,316,0.077683,0.001046,1.690052,0.004058,0.010069,0.077013,0.008117,0.0,0.0001,,,,,none
416076,316,-0.081643,0.000688,1.690016,0.004058,0.009705,0.095323,0.002043,0.0,0.0001,,,,,none
416076,316,-0.091163,0.000651,1.689985,0.004058,0.00804,0.3215,0.001412,0.0,0.0001,,,,,none
416076,316,0.023186,0.000988,1.689953,0.004058,0.009396,0.389597,0.00537,0.0,0.0001,,,,,none
416076,316,-0.02048,0.000949,1.689914,0.004058,0.010051,0.126441,0.001653,0.0,0.0001,,,,,none
416076,316,-0.099479,0.000377,1.689871,0.004058,0.009068,0.106738,0.005213,0.0,0.0001,,,,,none
416076,316,-0.023387,0.0009,1.689835,0.004058,0.010498,0.095389,0.003221,0.0,0.0001,,,,,none
416076,316,-0.011118,0.001157,1.689792,0.004058,0.009749,0.127858,0.004234,0.0,0.0001,,,,,none
416076,316,-0.052769,0.000226,1.689757,0.004058,0.010131,0.085288,0.006333,0.0,0.0001,,,,,none
416076,316,-0.028781,0.000937,1.689718,0.004058,0.009392,0.090359,0.004622,0.0,0.0001,,,,,none
416076,316,0.013827,0.000439,1.689669,0.004058,0.011295,0.078084,0.001523,0.0,0.0001,,,,,none
416076,316,-0.077349,0.001045,1.68962,0.004058,0.009223,0.126401,0.001647,0.0,0.0001,,,,,none
420317,320,0.016756,0.000958,1.689584,0.004046,0.009751,0.06939,0.006043,0.0,0.0001,,,,,none
420317,320,0.044489,0.001557,1.689563,0.004046,0.008345,0.13527,0.001195,0.0,0.0001,,,,,none
420317,320,0.12231,4.7e-05,1.68956,0.004046,0.007577,0.090636,0.002976,0.0,0.0001,,,,,none
420317,320,-0.008123,0.000888,1.689564,0.004046,0.009708,0.065468,0.003324,0.0,0.0001,,,,,none
420317,320,0.074487,0.001638,1.689578,0.004046,0.008439,0.068912,0.00117,0.0,0.0001,,,,,none
420317,320,0.083308,5.7e-05,1.689601,0.004046,0.007752,0.228462,0.001589,0.0,0.0001,,,,,none
420317,320,-0.093822,0.001198,1.689608,0.004046,0.011047,0.364613,0.006987,0.0,0.0001,,,,,none
420317,320,0.1534,0.001342,1.689624,0.004046,0.007095,0.367429,0.003968,0.0,0.0001,,,,,none
420317,320,0.14282,3.4e-05,1.689636,0.004046,0.006128,0.204272,0.005463,0.0,0.0001,,,,,none
420317,320,0.018875,0.00183,1.689636,0.004046,0.009308,0.129123,0.001209,0.0,0.0001,,,,,none
420317,320,0.040506,0.000397,1.689646,0.004046,0.008519,0.087536,0.001127,0.0,0.0001,,,,,none
420317,320,0.162746,0.003689,1.689672,0.004046,0.007478,0.399347,0.005786,0.0,0.0001,,,,,none
426038,324,-0.009951,0.000597,1.689687,0.004034,0.009675,0.215149,0.002441,0.0,0.0001,,,,,none
426038,324,0.011638,0.000954,1.689694,0.004034,0.007916,0.140195,0.002549,0.0,0.0001,,,,,none
426038,324,-0.062143,0.000902,1.689694,0.004034,0.009169,0.564249,0.000638,0.0,0.0001,,,,,none
426038,324,-0.023434,0.000871,1.689713,0.004034,0.008664,0.461667,0.000676,0.0,0.0001,,,,,none
426038,324,0.011779,0.000908,1.689723,0.004034,0.009909,0.239971,0.001403,0.0,0.0001,,,,,none
426038,324,-0.04098,0.00062,1.68974,0.004034,0.008561,0.127114,0.007528,0.0,0.0001,,,,,none
426038,324,-0.046097,0.000743,1.689733,0.004034,0.009644,0.342277,0.007191,0.0,0.0001,,,,,none
426038,324,0.021889,0.001077,1.689725,0.004034,0.01022,0.602266,0.003907,0.0,0.0001,,,,,none
426038,324,-0.027953,0.000613,1.689709,0.004034,0.009711,0.538692,0.00456,0.0,0.0001,,,,,none
426038,324,-0.024942,0.00063,1.689691,0.004034,0.009163,0.225481,0.001056,0.0,0.0001,,,,,none
426038,324,0.011465,0.001425,1.689672,0.004034,0.009149,0.220757,0.003557,0.0,0.0001,,,,,none
426038,324,-0.037452,0.000346,1.689635,0.004034,0.010106,0.397265,0.004011,0.0,0.0001,,,,,none
431710,328,-0.047197,0.00034,1.689607,0.004022,0.007618,0.171441,0.000986,0.0,0.0001,,,,,none
431710,328,-0.006369,0.000139,1.689565,0.004022,0.007975,0.118576,0.001977,0.0,0.0001,,,,,none
431710,328,0.003238,0.001107,1.689515,0.004022,0.007055,0.154567,0.002174,0.0,0.0001,,,,,none
431710,328,0.00999,0.000465,1.689463,0.004022,0.00782,0.116636,0.002979,0.0,0.0001,,,,,none
431710,328,-0.006821,0.000843,1.689398,0.004022,0.008016,0.083555,0.001694,0.0,0.0001,,,,,none
431710,328,-0.069222,4.4e-05,1.689328,0.004022,0.007334,0.160933,0.000476,0.0,0.0001,,,,,none
431710,328,-0.043379,0.00031,1.689257,0.004022,0.00771,0.167922,0.000327,0.0,0.0001,,,,,none
431710,328,-0.033569,0.000635,1.689173,0.004022,0.008988,0.14488,0.001879,0.0,0.0001,,,,,none
431710,328,0.036365,0.000537,1.689085,0.004022,0.00908,0.149791,0.001808,0.0,0.0001,,,,,none
431710,328,-0.029395,0.000985,1.688993,0.004022,0.010597,0.100028,0.001884,0.0,0.0001,,,,,none
431710,328,0.021534,9.1e-05,1.688897,0.004022,0.009294,0.452806,0.003306,0.0,0.0001,,,,,none
431710,328,-0.053169,0.000407,1.688803,0.004022,0.008368,0.378722,0.000563,0.0,0.0001,,,,,none
437372,332,0.080845,0.000139,1.688703,0.00401,0.008304,0.120676,0.001565,0.0,0.0001,,,,,none
437372,332,-0.073222,0.001225,1.68863,0.00401,0.008218,0.191806,0.002829,0.0,0.0001,,,,,none
437372,332,-0.034258,0.000925,1.688577,0.00401,0.009126,1.004441,0.003473,0.0,0.0001,,,,,none
437372,332,0.049225,0.000367,1.688525,0.00401,0.007766,1.010783,0.001342,0.0,0.0001,,,,,none
437372,332,-0.000886,0.000663,1.688479,0.00401,0.009438,0.925082,0.002219,0.0,0.0001,,,,,none
437372,332,-0.088728,0.001357,1.688435,0.00401,0.008648,0.051598,0.002047,0.0,0.0001,,,,,none
437372,332,0.02386,0.000373,1.688407,0.00401,0.008369,0.067125,0.002047,0.0,0.0001,,,,,none
437372,332,-0.080407,0.000838,1.688374,0.00401,0.009464,0.1293,0.000659,0.0,0.0001,,,,,none
437372,332,0.052915,0.00112,1.688362,0.00401,0.008493,0.165767,0.003776,0.0,0.0001,,,,,none
437372,332,0.088212,0.000409,1.688377,0.00401,0.009295,0.26708,0.003915,0.0,0.0001,,,,,none
437372,332,-0.040712,0.001202,1.688408,0.00401,0.008866,0.131246,0.000813,0.0,0.0001,,,,,none
437372,332,-0.08092,0.000613,1.68843,0.00401,0.008779,0.197532,0.00191,0.0,0.0001,,,,,none
442997,336,-0.031207,0.000507,1.688471,0.003998,0.007976,0.071591,0.000373,0.0,0.0001,,,,,none
442997,336,-0.001338,0.00116,1.688501,0.003998,0.00886,0.072893,0.001205,0.0,0.0001,,,,,none
442997,336,-0.046499,0.000819,1.688526,0.003998,0.008992,0.090629,0.004178,0.0,0.0001,,,,,none
442997,336,-0.058691,0.00098,1.688549,0.003998,0.010508,0.488987,0.005827,0.0,0.0001,,,,,none
442997,336,0.035924,0.000624,1.688569,0.003998,0.009094,0.143054,0.004523,0.0,0.0001,,,,,none
442997,336,-0.059506,0.000931,1.688578,0.003998,0.008139,0.191149,0.005941,0.0,0.0001,,,,,none
442997,336,0.192423,0.000538,1.688591,0.003998,0.009545,0.042969,0.003176,0.0,0.0001,,,,,none
442997,336,-0.146364,0.001107,1.68859,0.003998,0.00968,0.028688,0.00486,0.0,0.0001,,,,,none
442997,336,-0.150122,0.000875,1.688594,0.003998,0.008436,0.183296,0.003847,0.0,0.0001,,,,,none
442997,336,-0.062699,0.001092,1.688603,0.003998,0.009442,0.18423,0.000785,0.0,0.0001,,,,,none
442997,336,0.035996,0.00094,1.688614,0.003998,0.010912,0.08299,0.002672,0.0,0.0001,,,,,none
442997,336,-0.051976,0.000409,1.688609,0.003998,0.009239,0.228401,0.000758,0.0,0.0001,,,,,none
448708,340,-0.017441,0.001027,1.688606,0.003986,0.008175,0.061972,0.001532,0.0,0.0001,,,,,none
448708,340,-0.107626,8.2e-05,1.688608,0.003986,0.008082,0.096979,0.001696,0.0,0.0001,,,,,none
448708,340,0.108697,0.001302,1.688608,0.003986,0.0101,0.44287,0.003621,0.0,0.0001,,,,,none
448708,340,-0.004844,0.00011,1.68856,0.003986,0.0094,0.25655,0.000818,0.0,0.0001,,,,,none
448708,340,-0.047211,0.000578,1.688482,0.003986,0.008694,0.234096,0.001827,0.0,0.0001,,,,,none
448708,340,0.018013,0.001855,1.688401,0.003986,0.008371,0.080436,0.001645,0.0,0.0001,,,,,none
448708,340,-0.030618,0.000828,1.688331,0.003986,0.009501,0.184511,0.001363,0.0,0.0001,,,,,none
448708,340,-0.005395,0.000506,1.688239,0.003986,0.009013,0.255752,0.002918,0.0,0.0001,,,,,none
448708,340,-0.000723,0.001027,1.688134,0.003986,0.008116,0.398489,0.001502,0.0,0.0001,,,,,none
448708,340,-0.01257,0.000637,1.688022,0.003986,0.008861,0.204659,0.000853,0.0,0.0001,,,,,none
448708,340,0.013869,0.000322,1.687918,0.003986,0.009624,0.150917,0.002348,0.0,0.0001,,,,,none
448708,340,-0.047581,0.001507,1.687797,0.003986,0.009086,0.496722,0.001184,0.0,0.0001,,,,,none
453052,344,0.088231,0.000285,1.687674,0.003974,0.009942,0.109338,0.004943,0.0,0.0001,,,,,none
453052,344,0.012455,0.00226,1.68756,0.003974,0.012375,0.206126,0.004399,0.0,0.0001,,,,,none
453052,344,-0.025923,7e-05,1.687459,0.003974,0.009945,0.315523,0.002019,0.0,0.0001,,,,,none
453052,344,0.034905,0.001727,1.687389,0.003974,0.012554,0.054239,0.002882,0.0,0.0001,,,,,none
453052,344,0.067026,0.000788,1.687324,0.003974,0.010264,0.13472,0.00661,0.0,0.0001,,,,,none
453052,344,-0.022904,5.6e-05,1.687253,0.003974,0.008772,0.257496,0.002239,0.0,0.0001,,,,,none
453052,344,0.058967,0.001067,1.687186,0.003974,0.00932,0.18447,0.00497,0.0,0.0001,,,,,none
453052,344,0.037017,0.000719,1.687117,0.003974,0.011636,0.079323,0.003077,0.0,0.0001,,,,,none
453052,344,0.022087,0.005556,1.687049,0.003974,0.013996,0.270818,0.010631,0.0,0.0001,,,,,none
453052,344,0.018335,0.001729,1.686978,0.003974,0.012068,0.037876,0.006344,0.0,0.0001,,,,,none
453052,344,0.059288,0.000444,1.686913,0.003974,0.009137,0.102684,0.000805,0.0,0.0001,,,,,none
453052,344,0.164807,0.002369,1.686842,0.003974,0.006483,0.165481,0.005445,0.0,0.0001,,,,,none
457469,348,-0.027811,0.001318,1.686754,0.003962,0.011115,0.1958,0.00525,0.0,0.0001,,,,,none
457469,348,0.07717,0.000951,1.686697,0.003962,0.011058,0.161329,0.001305,0.0,0.0001,,,,,none
457469,348,0.060897,9e-05,1.686646,0.003962,0.00917,0.069086,0.002783,0.0,0.0001,,,,,none
457469,348,-0.036929,0.001097,1.686604,0.003962,0.011974,0.373533,0.002937,0.0,0.0001,,,,,none
457469,348,0.074048,0.00117,1.686583,0.003962,0.009896,0.145292,0.003011,0.0,0.0001,,,,,none
457469,348,0.138473,5.2e-05,1.686575,0.003962,0.008163,0.421006,0.004145,0.0,0.0001,,,,,none
457469,348,-0.011811,0.001656,1.686531,0.003962,0.01274,0.223225,0.005078,0.0,0.0001,,,,,none
457469,348,0.052186,0.000599,1.686514,0.003962,0.00854,0.036687,0.001162,0.0,0.0001,,,,,none
457469,348,0.122373,7.4e-05,1.686497,0.003962,0.008855,0.24127,0.001506,0.0,0.0001,,,,,none
457469,348,0.008206,0.000598,1.686494,0.003962,0.01046,0.23885,0.002752,0.0,0.0001,,,,,none
457469,348,0.073562,0.001045,1.686488,0.003962,0.010451,0.281961,0.001281,0.0,0.0001,,,,,none
457469,348,-0.123735,0.003661,1.686498,0.003962,0.010355,0.289009,0.005878,0.0,0.0001,,,,,none
463127,352,0.030485,0.000722,1.686521,0.00395,0.007942,0.192863,0.000371,0.0,0.0001,,,,,none
463127,352,-0.069408,0.000968,1.686562,0.00395,0.009188,0.109939,0.002657,0.0,0.0001,,,,,none
463127,352,-0.004819,0.000584,1.686601,0.00395,0.009144,0.143388,0.002445,0.0,0.0001,,,,,none
463127,352,0.030756,0.000511,1.686635,0.00395,0.009055,0.111442,0.002979,0.0,0.0001,,,,,none
463127,352,-0.085806,0.000577,1.686677,0.00395,0.009463,0.201234,0.007167,0.0,0.0001,,,,,none
463127,352,0.018773,0.001392,1.68672,0.00395,0.008195,0.094791,0.00429,0.0,0.0001,,,,,none
463127,352,-0.128932,0.00077,1.686757,0.00395,0.010285,0.172468,0.005603,0.0,0.0001,,,,,none
463127,352,0.114472,0.000964,1.686793,0.00395,0.007944,0.147327,0.001527,0.0,0.0001,,,,,none
463127,352,-0.03254,0.000577,1.686836,0.00395,0.009288,0.184418,0.000358,0.0,0.0001,,,,,none
463127,352,-0.077173,0.000434,1.686881,0.00395,0.009177,0.17488,0.001258,0.0,0.0001,,,,,none
463127,352,0.054907,0.000865,1.686933,0.00395,0.010166,0.199579,0.002428,0.0,0.0001,,,,,none
463127,352,-0.022544,0.001171,1.686976,0.00395,0.009332,0.224936,0.001164,0.0,0.0001,,,,,none
469011,356,0.070739,0.001234,1.68702,0.003938,0.0119,0.546317,0.009548,0.0,0.0001,,,,,none
469011,356,0.011985,0.000681,1.687083,0.003938,0.010905,0.049715,0.004163,0.0,0.0001,,,,,none
469011,356,-0.165016,0.001055,1.687155,0.003938,0.010569,0.14212,0.004584,0.0,0.0001,,,,,none
469011,356,-0.085858,0.000736,1.687201,0.003938,0.010474,0.069816,0.002319,0.0,0.0001,,,,,none
469011,356,0.016585,0.000736,1.68725,0.003938,0.010913,0.393264,0.003651,0.0,0.0001,,,,,none
469011,356,0.007388,0.001522,1.687282,0.003938,0.011418,0.095074,0.004546,0.0,0.0001,,,,,none
469011,356,0.020506,0.000481,1.687317,0.003938,0.010134,0.150962,0.006297,0.0,0.0001,,,,,none
469011,356,-0.026117,0.001463,1.687354,0.003938,0.012563,0.256513,0.005087,0.0,0.0001,,,,,none
469011,356,-0.063693,0.000979,1.68739,0.003938,0.009898,0.137786,0.00316,0.0,0.0001,,,,,none
469011,356,0.091515,0.000983,1.687421,0.003938,0.011695,0.309997,0.006699,0.0,0.0001,,,,,none
469011,356,-0.06667,0.000911,1.687441,0.003938,0.010843,0.165544,0.002274,0.0,0.0001,,,,,none
469011,356,-0.096617,0.000989,1.687462,0.003938,0.010274,0.131105,0.001051,0.0,0.0001,,,,,none
474595,360,-0.023307,0.000332,1.687479,0.003926,0.008283,0.128491,0.001873,0.0,0.0001,,,,,none
474595,360,-0.015077,0.001307,1.687465,0.003926,0.00912,0.153974,0.002931,0.0,0.0001,,,,,none
474595,360,0.033377,0.000413,1.687455,0.003926,0.008802,0.069641,0.003022,0.0,0.0001,,,,,none
474595,360,-0.055741,0.001256,1.687436,0.003926,0.008446,0.130513,0.005864,0.0,0.0001,,,,,none
474595,360,0.03343,0.000404,1.687408,0.003926,0.009628,0.199487,0.004285,0.0,0.0001,,,,,none
474595,360,0.011604,0.000388,1.687368,0.003926,0.007899,0.113793,0.004973,0.0,0.0001,,,,,none
474595,360,-0.005271,0.000733,1.687319,0.003926,0.008854,0.174832,0.006205,0.0,0.0001,,,,,none
474595,360,-0.06721,0.000727,1.687264,0.003926,0.009724,0.383699,0.008834,0.0,0.0001,,,,,none
474595,360,0.079921,0.000673,1.687203,0.003926,0.007979,0.269075,0.005644,0.0,0.0001,,,,,none
474595,360,-0.027571,0.000452,1.68713,0.003926,0.008778,0.125931,0.005096,0.0,0.0001,,,,,none
474595,360,0.073689,0.00045,1.687049,0.003926,0.00875,0.09797,0.002004,0.0,0.0001,,,,,none
474595,360,-0.078387,0.001444,1.686969,0.003926,0.009712,0.292,0.0042,0.0,0.0001,,,,,none
480303,364,-0.056594,0.001273,1.686884,0.003914,0.009192,0.359107,0.000522,0.0,0.0001,,,,,none
480303,364,-0.033499,0.000362,1.686805,0.003914,0.008269,0.129758,0.001243,0.0,0.0001,,,,,none
480303,364,0.07532,0.000656,1.68673,0.003914,0.010172,0.10302,0.004842,0.0,0.0001,,,,,none
480303,364,0.060642,0.001271,1.686646,0.003914,0.009225,0.133819,0.003161,0.0,0.0001,,,,,none
480303,364,-0.016286,0.000542,1.686556,0.003914,0.010129,0.176667,0.001897,0.0,0.0001,,,,,none
480303,364,-0.087061,0.000493,1.686481,0.003914,0.010748,0.200815,0.004858,0.0,0.0001,,,,,none
480303,364,-0.031966,0.000604,1.686409,0.003914,0.010624,0.242926,0.003131,0.0,0.0001,,,,,none
480303,364,0.070926,0.001049,1.686343,0.003914,0.011076,0.253375,0.001589,0.0,0.0001,,,,,none
480303,364,-0.080174,0.000734,1.686283,0.003914,0.011204,0.235874,0.002605,0.0,0.0001,,,,,none
480303,364,0.049383,0.000408,1.686207,0.003914,0.011157,0.089143,0.005767,0.0,0.0001,,,,,none
480303,364,-0.080666,0.000555,1.686131,0.003914,0.010988,0.228426,0.002834,0.0,0.0001,,,,,none
480303,364,0.006904,0.001589,1.686057,0.003914,0.010949,0.242426,0.003829,0.0,0.0001,,,,,none
485876,368,0.012141,0.000859,1.685981,0.003902,0.012502,0.1888,0.006994,0.0,0.0001,,,,,none
485876,368,-0.088541,0.000469,1.685914,0.003902,0.008191,0.068088,0.000655,0.0,0.0001,,,,,none
485876,368,-0.058096,0.000935,1.68584,0.003902,0.008336,0.086529,0.000527,0.0,0.0001,,,,,none
485876,368,-0.05106,0.001179,1.685785,0.003902,0.009412,0.189723,0.001146,0.0,0.0001,,,,,none
485876,368,-0.098155,0.000275,1.685738,0.003902,0.00925,0.067053,0.003329,0.0,0.0001,,,,,none
485876,368,0.042396,0.000731,1.685685,0.003902,0.011097,0.087117,0.00325,0.0,0.0001,,,,,none
485876,368,-0.005627,0.000695,1.685645,0.003902,0.009322,0.05457,0.00065,0.0,0.0001,,,,,none
485876,368,-0.112681,0.00111,1.685606,0.003902,0.009472,0.122681,0.002722,0.0,0.0001,,,,,none
485876,368,0.000449,0.000196,1.685562,0.003902,0.010524,0.240973,0.00255,0.0,0.0001,,,,,none
485876,368,-0.081394,0.001475,1.685513,0.003902,0.009796,0.140668,0.000867,0.0,0.0001,,,,,none
485876,368,-0.022761,0.000348,1.685461,0.003902,0.009114,0.127536,0.002265,0.0,0.0001,,,,,none
485876,368,-0.019192,0.000141,1.685408,0.003902,0.009567,0.145504,0.004568,0.0,0.0001,,,,,none
491544,372,0.027182,0.000404,1.685335,0.00389,0.008582,0.120654,0.002074,0.0,0.0001,,,,,none
491544,372,0.006122,0.001253,1.685279,0.00389,0.00879,0.244394,0.000455,0.0,0.0001,,,,,none
491544,372,-0.066361,0.000161,1.685216,0.00389,0.008264,0.17225,0.004566,0.0,0.0001,,,,,none
491544,372,0.116568,0.000349,1.685152,0.00389,0.008214,0.646627,0.002977,0.0,0.0001,,,,,none
491544,372,-0.146511,0.000799,1.685083,0.00389,0.009216,0.845968,0.007461,0.0,0.0001,,,,,none
491544,372,0.010701,0.000826,1.685014,0.00389,0.009052,0.309644,0.002461,0.0,0.0001,,,,,none
491544,372,-0.081523,0.000769,1.684936,0.00389,0.008179,0.111314,0.000746,0.0,0.0001,,,,,none
491544,372,-0.035985,0.000459,1.684861,0.00389,0.010104,0.387074,0.00464,0.0,0.0001,,,,,none
491544,372,0.126708,0.000753,1.684801,0.00389,0.009616,0.144616,0.007969,0.0,0.0001,,,,,none
491544,372,-0.005717,0.000681,1.684743,0.00389,0.009379,0.184962,0.004236,0.0,0.0001,,,,,none
491544,372,-0.00548,0.000448,1.68467,0.00389,0.009209,0.136767,0.001412,0.0,0.0001,,,,,none
491544,372,-0.008627,0.000885,1.684616,0.00389,0.00888,0.353706,0.001527,0.0,0.0001,,,,,none
497210,376,0.040482,0.000774,1.684554,0.003878,0.009879,0.120397,0.003106,0.0,0.0001,,,,,none
497210,376,-0.076437,0.000119,1.684489,0.003878,0.009791,0.327704,0.004631,0.0,0.0001,,,,,none
497210,376,-0.044013,0.001395,1.684425,0.003878,0.01071,0.372811,0.005039,0.0,0.0001,,,,,none
497210,376,-0.007881,0.000522,1.684363,0.003878,0.009894,0.339694,0.002271,0.0,0.0001,,,,,none
497210,376,-0.015627,0.000754,1.684289,0.003878,0.009341,0.085109,0.000728,0.0,0.0001,,,,,none
497210,376,-0.058441,0.00086,1.68423,0.003878,0.010626,0.878523,0.001665,0.0,0.0001,,,,,none
497210,376,-0.016839,0.000467,1.684176,0.003878,0.00998,0.766934,0.002505,0.0,0.0001,,,,,none
497210,376,-0.060889,0.000471,1.684124,0.003878,0.008464,0.510654,0.000793,0.0,0.0001,,,,,none
497210,376,0.011691,0.001281,1.684083,0.003878,0.01136,0.120347,0.001219,0.0,0.0001,,,,,none
497210,376,-0.048869,0.000131,1.684034,0.003878,0.009903,0.336392,0.005601,0.0,0.0001,,,,,none
497210,376,0.046827,0.001594,1.683986,0.003878,0.01113,0.35712,0.002796,0.0,0.0001,,,,,none
497210,376,-0.083083,0.000316,1.683934,0.003878,0.009412,0.181622,0.005604,0.0,0.0001,,,,,none
502824,380,-0.004025,0.00114,1.683881,0.003866,0.008299,0.155967,0.002028,0.0,0.0001,,,,,none
502824,380,-0.038076,0.000584,1.683833,0.003866,0.009791,0.084126,0.001467,0.0,0.0001,,,,,none
502824,380,0.039825,0.000868,1.683788,0.003866,0.008627,0.184423,0.00116,0.0,0.0001,,,,,none
502824,380,-0.055427,0.001246,1.683752,0.003866,0.00967,0.123841,0.00234,0.0,0.0001,,,,,none
502824,380,0.001995,0.000422,1.683737,0.003866,0.008855,0.210259,0.002011,0.0,0.0001,,,,,none
502824,380,0.055853,0.00096,1.683701,0.003866,0.010486,0.344145,0.00527,0.0,0.0001,,,,,none
502824,380,0.055887,0.000764,1.683669,0.003866,0.010384,0.174162,0.003956,0.0,0.0001,,,,,none
502824,380,-0.078651,0.000903,1.683632,0.003866,0.011655,0.211263,0.005037,0.0,0.0001,,,,,none
502824,380,0.018169,0.001015,1.683605,0.003866,0.01082,0.13345,0.001111,0.0,0.0001,,,,,none
502824,380,0.005129,0.001171,1.683584,0.003866,0.011533,0.099502,0.003325,0.0,0.0001,,,,,none
502824,380,0.023144,0.000244,1.683592,0.003866,0.011648,0.423667,0.005869,0.0,0.0001,,,,,none
502824,380,-0.051577,0.001383,1.683578,0.003866,0.012106,0.484344,0.00415,0.0,0.0001,,,,,none
507064,384,0.064367,0.001043,1.683548,0.003854,0.011239,0.182516,0.001794,0.0,0.0001,,,,,none
507064,384,0.005575,0.000988,1.683517,0.003854,0.009001,0.145138,0.004009,0.0,0.0001,,,,,none
507064,384,0.048346,4.9e-05,1.683486,0.003854,0.007816,0.106512,0.001778,0.0,0.0001,,,,,none
507064,384,0.031236,0.000601,1.683461,0.003854,0.009756,0.18555,0.000866,0.0,0.0001,,,,,none
507064,384,0.076595,0.000974,1.683436,0.003854,0.009028,0.109553,0.002515,0.0,0.0001,,,,,none
507064,384,-0.415581,0.00561,1.683407,0.003854,0.023312,0.532331,0.027557,0.0,0.0001,,,,,none
507064,384,0.034026,0.000838,1.683403,0.003854,0.010443,0.052802,0.007709,0.0,0.0001,,,,,none
507064,384,0.024884,0.001095,1.683391,0.003854,0.011133,0.150018,0.011866,0.0,0.0001,,,,,none
507064,384,0.206715,0.001804,1.68338,0.003854,0.016314,0.464295,0.027262,0.0,0.0001,,,,,none
507064,384,0.028255,0.001116,1.683379,0.003854,0.011344,0.585275,0.016458,0.0,0.0001,,,,,none
507064,384,0.033121,0.00095,1.683379,0.003854,0.012347,0.885298,0.010777,0.0,0.0001,,,,,none
507064,384,0.099962,0.000517,1.683373,0.003854,0.008523,0.74035,0.008103,0.0,0.0001,,,,,none
512686,388,0.044953,0.001634,1.683372,0.003842,0.009224,0.134196,0.002087,0.0,0.0001,,,,,none
512686,388,-0.03709,0.000153,1.683361,0.003842,0.009452,0.15882,0.004424,0.0,0.0001,,,,,none
512686,388,-0.042572,0.000507,1.683319,0.003842,0.010175,0.282559,0.00831,0.0,0.0001,,,,,none
512686,388,-0.06638,0.00048,1.683267,0.003842,0.010509,0.209389,0.008519,0.0,0.0001,,,,,none
512686,388,0.037289,0.000926,1.683192,0.003842,0.009018,0.201369,0.003278,0.0,0.0001,,,,,none
512686,388,0.004677,0.000985,1.683118,0.003842,0.009159,0.103005,0.001345,0.0,0.0001,,,,,none
512686,388,-0.03178,0.000944,1.68303,0.003842,0.008018,0.095963,0.003536,0.0,0.0001,,,,,none
512686,388,-0.02196,0.000762,1.682948,0.003842,0.010536,0.107071,0.008028,0.0,0.0001,,,,,none
512686,388,0.038324,0.000636,1.682859,0.003842,0.010281,0.11544,0.011692,0.0,0.0001,,,,,none
512686,388,-0.04689,0.001209,1.68274,0.003842,0.010627,0.067274,0.011201,0.0,0.0001,,,,,none
512686,388,0.083461,0.000402,1.682616,0.003842,0.010579,0.373121,0.01062,0.0,0.0001,,,,,none
512686,388,-0.080773,0.000809,1.682477,0.003842,0.009286,0.109151,0.004839,0.0,0.0001,,,,,none
518450,392,-0.123643,0.000286,1.682348,0.00383,0.009598,0.11375,0.000838,0.0,0.0001,,,,,none
518450,392,-0.015697,0.000561,1.682238,0.00383,0.010757,0.237384,0.00065,0.0,0.0001,,,,,none
518450,392,0.104626,0.001364,1.682143,0.00383,0.01277,0.27151,0.001473,0.0,0.0001,,,,,none
518450,392,0.032188,0.000363,1.68206,0.00383,0.012166,0.345775,0.007128,0.0,0.0001,,,,,none
518450,392,-0.08966,0.001174,1.681992,0.00383,0.013439,0.275779,0.013884,0.0,0.0001,,,,,none
518450,392,0.003634,0.000575,1.681934,0.00383,0.013646,0.341497,0.009111,0.0,0.0001,,,,,none
518450,392,0.019664,0.001294,1.681881,0.00383,0.012332,0.102332,0.004777,0.0,0.0001,,,,,none
518450,392,-0.018538,0.00027,1.681821,0.00383,0.012201,0.51295,0.002713,0.0,0.0001,,,,,none
518450,392,-0.063836,0.00052,1.681756,0.00383,0.010799,0.518364,0.000574,0.0,0.0001,,,,,none
518450,392,-0.078258,0.000544,1.681704,0.00383,0.010744,0.348055,0.001379,0.0,0.0001,,,,,none
518450,392,0.000964,0.000907,1.681655,0.00383,0.011415,0.159214,0.005626,0.0,0.0001,,,,,none
518450,392,0.033078,0.000647,1.681607,0.00383,0.011332,0.065911,0.007679,0.0,0.0001,,,,,none
524099,396,0.065973,0.001332,1.68157,0.003818,0.010323,0.094521,0.002352,0.0,0.0001,,,,,none
524099,396,0.03958,0.0002,1.68152,0.003818,0.010285,0.184319,0.000611,0.0,0.0001,,,,,none
524099,396,-0.143792,0.000979,1.681473,0.003818,0.010517,0.482401,0.007025,0.0,0.0001,,,,,none
524099,396,0.008948,0.001168,1.681428,0.003818,0.01063,0.668963,0.005924,0.0,0.0001,,,,,none
524099,396,-0.03918,0.000675,1.681379,0.003818,0.011622,0.478996,0.005234,0.0,0.0001,,,,,none
524099,396,0.03054,0.000546,1.681334,0.003818,0.009636,0.121736,0.000666,0.0,0.0001,,,,,none
524099,396,0.011577,0.001548,1.681287,0.003818,0.010182,0.180684,0.000769,0.0,0.0001,,,,,none
524099,396,0.025426,0.000104,1.681222,0.003818,0.011558,0.19619,0.002867,0.0,0.0001,,,,,none
524099,396,-0.05534,0.000797,1.681149,0.003818,0.010979,0.366268,0.003864,0.0,0.0001,,,,,none
524099,396,-0.007751,0.000992,1.681077,0.003818,0.012406,0.229332,0.002156,0.0,0.0001,,,,,none
524099,396,-0.013158,0.000663,1.681006,0.003818,0.011731,0.17288,0.004775,0.0,0.0001,,,,,none
524099,396,0.021147,0.000804,1.680929,0.003818,0.012029,0.29327,0.004705,0.0,0.0001,,,,,none
529711,400,-0.040456,0.000177,1.680842,0.003806,0.009259,0.048183,0.000431,0.0,0.0001,,,,,none
529711,400,0.010488,0.001335,1.680769,0.003806,0.009681,0.187821,0.002116,0.0,0.0001,,,,,none
529711,400,0.008298,0.000543,1.680704,0.003806,0.010109,0.250047,0.002115,0.0,0.0001,,,,,none
529711,400,0.038177,0.000785,1.680649,0.003806,0.01007,0.029666,0.002965,0.0,0.0001,,,,,none
529711,400,-0.012694,0.000735,1.680601,0.003806,0.01044,0.385516,0.001474,0.0,0.0001,,,,,none
529711,400,-0.06503,0.000527,1.680551,0.003806,0.009424,0.202135,0.002232,0.0,0.0001,,,,,none
529711,400,0.049014,0.001188,1.680511,0.003806,0.010543,0.219083,0.00701,0.0,0.0001,,,,,none
529711,400,-0.065992,0.000691,1.680475,0.003806,0.010304,0.185121,0.007918,0.0,0.0001,,,,,none
529711,400,-0.008095,7.9e-05,1.68045,0.003806,0.010071,0.166048,0.009877,0.0,0.0001,,,,,none
529711,400,0.003683,0.000746,1.680417,0.003806,0.010169,0.148482,0.009281,0.0,0.0001,,,,,none
529711,400,0.052387,0.000987,1.680386,0.003806,0.009912,0.138933,0.007621,0.0,0.0001,,,,,none
529711,400,-0.102585,0.000211,1.680363,0.003806,0.009816,0.05003,0.000804,0.0,0.0001,,,,,none
534053,404,0.01319,0.003227,1.680348,0.003794,0.019603,0.421796,0.016229,0.0,0.0001,,,,,none
534053,404,0.038719,0.000666,1.680344,0.003794,0.010303,0.106262,0.003446,0.0,0.0001,,,,,none
534053,404,0.094754,6.3e-05,1.680345,0.003794,0.008688,0.17186,0.003404,0.0,0.0001,,,,,none
534053,404,0.029032,0.001722,1.680352,0.003794,0.012592,0.038481,0.005165,0.0,0.0001,,,,,none
534053,404,0.020587,0.002088,1.680359,0.003794,0.017229,0.072449,0.005254,0.0,0.0001,,,,,none
534053,404,0.137467,0.000104,1.680378,0.003794,0.01096,0.291987,0.013599,0.0,0.0001,,,,,none
534053,404,0.027691,0.002116,1.680388,0.003794,0.016812,0.213511,0.004251,0.0,0.0001,,,,,none
534053,404,0.027801,0.001439,1.6804,0.003794,0.013902,0.11963,0.002855,0.0,0.0001,,,,,none
534053,404,0.097149,0.001675,1.680416,0.003794,0.00908,0.126083,0.008018,0.0,0.0001,,,,,none
534053,404,-0.018122,0.001656,1.680422,0.003794,0.013799,0.110927,0.006864,0.0,0.0001,,,,,none
534053,404,0.07637,0.001884,1.68044,0.003794,0.015681,0.303371,0.001777,0.0,0.0001,,,,,none
534053,404,0.077832,0.001697,1.680468,0.003794,0.011594,0.097256,0.009369,0.0,0.0001,,,,,none
538439,408,-0.041242,0.00253,1.68049,0.003782,0.018038,0.104883,0.015485,0.0,0.0001,,,,,none
538439,408,0.116075,0.000506,1.680495,0.003782,0.011199,0.097049,0.005812,0.0,0.0001,,,,,none
538439,408,-0.017579,0.007395,1.680501,0.003782,0.026834,0.160729,0.023434,0.0,0.0001,,,,,none
538439,408,0.113598,0.000307,1.680493,0.003782,0.011569,0.042647,0.009679,0.0,0.0001,,,,,none
538439,408,-0.028232,0.0034,1.680486,0.003782,0.020029,0.121872,0.009848,0.0,0.0001,,,,,none
538439,408,-0.088587,0.00275,1.680469,0.003782,0.021242,0.194315,0.006188,0.0,0.0001,,,,,none
538439,408,0.061667,0.00081,1.680424,0.003782,0.015204,0.12346,0.011032,0.0,0.0001,,,,,none
538439,408,-0.004566,0.003295,1.680376,0.003782,0.021299,0.139363,0.003532,0.0,0.0001,,,,,none
538439,408,0.104812,0.000133,1.680323,0.003782,0.011283,0.077368,0.017192,0.0,0.0001,,,,,none
538439,408,0.062948,0.001756,1.680261,0.003782,0.017737,0.048062,0.007555,0.0,0.0001,,,,,none
538439,408,0.004303,0.002319,1.680199,0.003782,0.017253,0.060063,0.002611,0.0,0.0001,,,,,none
538439,408,0.040986,5.5e-05,1.680132,0.003782,0.009074,0.025657,0.00478,0.0,0.0001,,,,,none
542622,412,-0.044679,0.000841,1.680072,0.00377,0.0103,0.077476,0.000648,0.0,0.0001,,,,,none
542622,412,0.115085,0.000769,1.679999,0.00377,0.008537,0.160704,0.00253,0.0,0.0001,,,,,none
542622,412,0.195043,4.5e-05,1.67994,0.00377,0.007489,0.115233,0.003425,0.0,0.0001,,,,,none
542622,412,0.023379,0.000985,1.679877,0.00377,0.010566,0.077834,0.007185,0.0,0.0001,,,,,none
542622,412,0.05476,0.000635,1.679816,0.00377,0.008694,0.089548,0.005738,0.0,0.0001,,,,,none
542622,412,0.068121,3.1e-05,1.679752,0.00377,0.006564,0.203215,0.006006,0.0,0.0001,,,,,none
542622,412,0.061563,0.000992,1.679685,0.00377,0.009124,0.278458,0.006726,0.0,0.0001,,,,,none
542622,412,0.020588,0.000263,1.679616,0.00377,0.009903,0.245723,0.006658,0.0,0.0001,,,,,none
542622,412,-0.017139,0.007905,1.679537,0.00377,0.011152,0.32356,0.003778,0.0,0.0001,,,,,none
542622,412,0.07062,0.001186,1.679472,0.00377,0.008667,0.155608,0.003396,0.0,0.0001,,,,,none
542622,412,-0.002192,0.000449,1.679417,0.00377,0.01008,0.107917,0.004536,0.0,0.0001,,,,,none
542622,412,0.265802,9.7e-05,1.679358,0.00377,0.010004,0.305196,0.014703,0.0,0.0001,,,,,none
548341,416,-0.009496,0.000559,1.67927,0.003758,0.009988,0.108426,0.007584,0.0,0.0001,,,,,none
548341,416,-0.077612,0.000642,1.679202,0.003758,0.010342,0.139611,0.003968,0.0,0.0001,,,,,none
548341,416,0.048971,0.000609,1.679138,0.003758,0.011411,0.099499,0.005187,0.0,0.0001,,,,,none
548341,416,0.02936,0.000839,1.679094,0.003758,0.011645,0.141215,0.001788,0.0,0.0001,,,,,none
548341,416,-0.073303,0.000578,1.679077,0.003758,0.010635,0.125223,0.004614,0.0,0.0001,,,,,none
548341,416,-0.002268,0.000332,1.679065,0.003758,0.009668,0.121581,0.004412,0.0,0.0001,,,,,none
548341,416,-0.031751,0.000692,1.679036,0.003758,0.012066,0.431267,0.006166,0.0,0.0001,,,,,none
548341,416,-0.008503,0.000748,1.679018,0.003758,0.011224,0.104695,0.004814,0.0,0.0001,,,,,none
548341,416,-0.005962,0.00033,1.679009,0.003758,0.010846,0.0523,0.003756,0.0,0.0001,,,,,none
548341,416,-0.014441,0.000157,1.678986,0.003758,0.011234,0.097319,0.001184,0.0,0.0001,,,,,none
548341,416,-0.071371,0.000898,1.678971,0.003758,0.011192,0.109591,0.000811,0.0,0.0001,,,,,none
548341,416,0.051689,0.000805,1.678951,0.003758,0.011499,0.261009,0.005519,0.0,0.0001,,,,,none
553959,420,-0.010955,0.000399,1.67892,0.003746,0.009207,0.077046,0.003664,0.0,0.0001,,,,,none
553959,420,-0.056879,0.001036,1.678886,0.003746,0.009555,0.054754,0.001753,0.0,0.0001,,,,,none
553959,420,0.039489,0.000253,1.67887,0.003746,0.009688,0.110022,0.002264,0.0,0.0001,,,,,none
553959,420,-0.061513,0.000617,1.678855,0.003746,0.008903,0.091685,0.000892,0.0,0.0001,,,,,none
553959,420,0.010397,0.000929,1.678831,0.003746,0.009884,0.197727,0.001144,0.0,0.0001,,,,,none
553959,420,0.017899,9.4e-05,1.678813,0.003746,0.010556,0.200717,0.000745,0.0,0.0001,,,,,none
553959,420,0.04272,0.000958,1.678808,0.003746,0.009725,0.043994,0.000728,0.0,0.0001,,,,,none
553959,420,-0.096307,0.000128,1.678798,0.003746,0.009683,0.073317,0.001676,0.0,0.0001,,,,,none
553959,420,0.024051,0.000693,1.678792,0.003746,0.010279,0.165559,0.001924,0.0,0.0001,,,,,none
553959,420,-0.0302,0.000709,1.678805,0.003746,0.010387,0.321002,0.000902,0.0,0.0001,,,,,none
553959,420,-0.014335,0.000581,1.678823,0.003746,0.009626,0.083275,0.00057,0.0,0.0001,,,,,none
553959,420,0.010524,0.000419,1.678845,0.003746,0.010503,0.128335,0.00053,0.0,0.0001,,,,,none
559624,424,-0.087781,0.000782,1.678864,0.003734,0.009155,0.077212,0.001973,0.0,0.0001,,,,,none
559624,424,-0.00044,0.000428,1.67889,0.003734,0.010158,0.258294,0.004013,0.0,0.0001,,,,,none
559624,424,0.087841,0.000576,1.678915,0.003734,0.010841,0.246959,0.005274,0.0,0.0001,,,,,none
559624,424,0.022514,0.000952,1.678977,0.003734,0.009939,0.126356,0.001408,0.0,0.0001,,,,,none
559624,424,-0.067405,0.000536,1.679032,0.003734,0.010447,0.085025,0.003263,0.0,0.0001,,,,,none
559624,424,0.035245,0.000211,1.679098,0.003734,0.010635,0.245297,0.003709,0.0,0.0001,,,,,none
559624,424,-0.009897,0.000354,1.679151,0.003734,0.010138,0.19004,0.003408,0.0,0.0001,,,,,none
559624,424,-0.004797,0.000196,1.679194,0.003734,0.011143,0.184055,0.001367,0.0,0.0001,,,,,none
559624,424,-0.002232,0.001406,1.679243,0.003734,0.010215,0.152839,0.000915,0.0,0.0001,,,,,none
559624,424,-0.059989,0.000441,1.679283,0.003734,0.010467,0.135941,0.002213,0.0,0.0001,,,,,none
559624,424,0.00799,0.000566,1.679323,0.003734,0.010026,0.245458,0.006403,0.0,0.0001,,,,,none
559624,424,0.044372,0.000803,1.679376,0.003734,0.011877,0.623167,0.006175,0.0,0.0001,,,,,none
564020,428,0.051587,0.001433,1.679415,0.003722,0.013036,0.096365,0.00117,0.0,0.0001,,,,,none
564020,428,8.2e-05,0.00189,1.679455,0.003722,0.014748,0.049057,0.007683,0.0,0.0001,,,,,none
564020,428,0.156426,0.000603,1.679512,0.003722,0.01526,0.361271,0.009246,0.0,0.0001,,,,,none
564020,428,0.081454,0.001796,1.679549,0.003722,0.01388,0.064991,0.001851,0.0,0.0001,,,,,none
564020,428,0.029268,0.000788,1.679592,0.003722,0.01172,0.129351,0.002753,0.0,0.0001,,,,,none
564020,428,-0.200854,0.004984,1.67964,0.003722,0.026816,0.268165,0.035068,0.0,0.0001,,,,,none
564020,428,0.063038,0.002201,1.679715,0.003722,0.014497,0.037254,0.001981,0.0,0.0001,,,,,none
564020,428,-0.004931,0.001175,1.67979,0.003722,0.014554,0.153035,0.003302,0.0,0.0001,,,,,none
564020,428,0.123023,0.00012,1.679873,0.003722,0.012184,0.081856,0.01637,0.0,0.0001,,,,,none
564020,428,0.056478,0.002573,1.679955,0.003722,0.016683,0.027807,0.00989,0.0,0.0001,,,,,none
564020,428,0.017268,0.000832,1.680037,0.003722,0.015146,0.055538,0.008218,0.0,0.0001,,,,,none
564020,428,0.033291,9.3e-05,1.68012,0.003722,0.010577,0.157819,0.011497,0.0,0.0001,,,,,none
569628,432,0.045958,0.000389,1.680203,0.00371,0.00948,0.084023,0.004018,0.0,0.0001,,,,,none
569628,432,-0.101586,0.000577,1.680279,0.00371,0.009166,0.158828,0.003576,0.0,0.0001,,,,,none
569628,432,0.05514,0.000557,1.680351,0.00371,0.009202,0.126976,0.004763,0.0,0.0001,,,,,none
569628,432,0.029432,0.000194,1.680395,0.00371,0.009615,0.235966,0.008497,0.0,0.0001,,,,,none
569628,432,0.010855,0.000387,1.68043,0.00371,0.010166,0.129733,0.010577,0.0,0.0001,,,,,none
569628,432,-0.070208,0.001102,1.680456,0.00371,0.01034,0.116856,0.011974,0.0,0.0001,,,,,none
569628,432,-0.004528,0.000529,1.680459,0.00371,0.009619,0.080092,0.009619,0.0,0.0001,,,,,none
569628,432,0.082096,0.000796,1.680443,0.00371,0.008617,0.138575,0.006665,0.0,0.0001,,,,,none
569628,432,-0.115178,6.9e-05,1.680441,0.00371,0.009436,0.336597,0.006651,0.0,0.0001,,,,,none
569628,432,0.050732,0.000609,1.680433,0.00371,0.008879,0.199174,0.00305,0.0,0.0001,,,,,none
569628,432,0.023577,0.000389,1.680427,0.00371,0.008493,0.088158,0.000683,0.0,0.0001,,,,,none
569628,432,-0.111676,0.000503,1.680416,0.00371,0.009939,0.234426,0.001774,0.0,0.0001,,,,,none
575235,436,0.013808,0.000835,1.680402,0.003698,0.009337,0.24839,0.003235,0.0,0.0001,,,,,none
575235,436,-0.0083,0.000374,1.680393,0.003698,0.009375,0.066222,0.005249,0.0,0.0001,,,,,none
575235,436,-0.020358,0.0003,1.68038,0.003698,0.008774,0.123455,0.006392,0.0,0.0001,,,,,none
575235,436,0.049748,0.000282,1.680339,0.003698,0.009435,0.228077,0.008248,0.0,0.0001,,,,,none
575235,436,0.036827,0.00065,1.680278,0.003698,0.009128,0.2136,0.006203,0.0,0.0001,,,,,none
575235,436,-0.127668,0.000676,1.680199,0.003698,0.008741,0.045509,0.001025,0.0,0.0001,,,,,none
575235,436,-0.061366,0.001062,1.680122,0.003698,0.008089,0.029627,0.001122,0.0,0.0001,,,,,none
575235,436,-0.039357,0.000299,1.680045,0.003698,0.007681,0.205932,0.000311,0.0,0.0001,,,,,none
575235,436,0.12217,6.7e-05,1.679943,0.003698,0.008931,0.490378,0.003537,0.0,0.0001,,,,,none
575235,436,0.026325,9.3e-05,1.679849,0.003698,0.008415,0.247128,0.00362,0.0,0.0001,,,,,none
575235,436,-0.098463,0.000697,1.679742,0.003698,0.009553,0.179939,0.003912,0.0,0.0001,,,,,none
575235,436,0.087265,0.000873,1.679657,0.003698,0.010007,0.191089,0.005919,0.0,0.0001,,,,,none
580843,440,-0.099389,0.000732,1.679564,0.003686,0.009082,0.054879,0.001738,0.0,0.0001,,,,,none
580843,440,0.118767,0.000293,1.679464,0.003686,0.009597,0.156179,0.005191,0.0,0.0001,,,,,none
580843,440,-0.044569,0.000516,1.679363,0.003686,0.00901,0.148084,0.000394,0.0,0.0001,,,,,none
580843,440,-0.071301,0.000276,1.679242,0.003686,0.008716,0.115186,0.003073,0.0,0.0001,,,,,none
580843,440,0.019732,0.000759,1.679121,0.003686,0.009244,0.134554,0.003187,0.0,0.0001,,,,,none
580843,440,0.052724,0.000459,1.678992,0.003686,0.010271,0.575922,0.004034,0.0,0.0001,,,,,none
580843,440,-0.063778,0.000576,1.678844,0.003686,0.010065,0.291253,0.006523,0.0,0.0001,,,,,none
580843,440,-0.018209,0.000413,1.67869,0.003686,0.008753,0.212727,0.004749,0.0,0.0001,,,,,none
580843,440,0.092899,0.000499,1.678532,0.003686,0.010198,0.363338,0.00208,0.0,0.0001,,,,,none
580843,440,-0.173209,0.00036,1.678376,0.003686,0.00955,0.156612,0.007119,0.0,0.0001,,,,,none
580843,440,0.109121,0.000475,1.678238,0.003686,0.009127,0.065099,0.000668,0.0,0.0001,,,,,none
580843,440,0.072053,0.000713,1.678086,0.003686,0.010608,0.341798,0.001658,0.0,0.0001,,,,,none
586515,444,0.095186,0.000462,1.677931,0.003674,0.009081,0.163786,0.006426,0.0,0.0001,,,,,none
586515,444,-0.062208,0.000171,1.677762,0.003674,0.008731,0.042872,0.000616,0.0,0.0001,,,,,none
586515,444,-0.067814,0.00097,1.677591,0.003674,0.008722,0.394631,0.001238,0.0,0.0001,,,,,none
586515,444,-0.109764,0.000313,1.677417,0.003674,0.009171,0.610326,0.002112,0.0,0.0001,,,,,none
586515,444,0.032556,0.00026,1.677261,0.003674,0.008219,0.303086,0.00228,0.0,0.0001,,,,,none
586515,444,0.074694,0.001048,1.677076,0.003674,0.009558,0.163885,0.004265,0.0,0.0001,,,,,none
586515,444,0.046684,0.000475,1.676893,0.003674,0.009675,0.430423,0.004468,0.0,0.0001,,,,,none
586515,444,-0.092095,0.000227,1.676706,0.003674,0.007786,0.124025,0.000291,0.0,0.0001,,,,,none
586515,444,0.036536,0.000867,1.676518,0.003674,0.009593,0.146736,0.00203,0.0,0.0001,,,,,none
586515,444,0.126625,0.000227,1.67632,0.003674,0.010284,0.128529,0.003541,0.0,0.0001,,,,,none
586515,444,-0.082081,0.001116,1.676112,0.003674,0.008935,0.173171,0.002936,0.0,0.0001,,,,,none
586515,444,-0.080782,6e-05,1.6759,0.003674,0.007952,0.121318,0.003454,0.0,0.0001,,,,,none
592071,448,0.044671,0.000689,1.675695,0.003662,0.008941,0.114687,0.000935,0.0,0.0001,,,,,none
592071,448,-0.040516,0.000417,1.675474,0.003662,0.008358,0.159849,0.002497,0.0,0.0001,,,,,none
592071,448,-0.023252,0.000392,1.675244,0.003662,0.00855,0.084586,0.001477,0.0,0.0001,,,,,none
592071,448,-0.020109,0.000363,1.67503,0.003662,0.008068,0.126666,0.000866,0.0,0.0001,,,,,none
592071,448,-0.063664,0.000629,1.674818,0.003662,0.009237,0.138232,0.002733,0.0,0.0001,,,,,none
592071,448,0.100126,0.000568,1.674599,0.003662,0.009547,0.11501,0.007543,0.0,0.0001,,,,,none
592071,448,-0.046649,0.000323,1.674363,0.003662,0.009728,0.292128,0.006768,0.0,0.0001,,,,,none
592071,448,0.049098,0.000787,1.674122,0.003662,0.009927,0.228938,0.007234,0.0,0.0001,,,,,none
592071,448,-0.017078,0.000436,1.673862,0.003662,0.008216,0.170332,0.004139,0.0,0.0001,,,,,none
592071,448,0.00627,0.000297,1.673609,0.003662,0.008726,0.173822,0.001491,0.0,0.0001,,,,,none
592071,448,-0.140114,0.000233,1.673363,0.003662,0.008414,0.094392,0.002452,0.0,0.0001,,,,,none
592071,448,0.174886,0.001211,1.673118,0.003662,0.009523,0.319303,0.001489,0.0,0.0001,,,,,none
597651,452,0.053854,0.000935,1.67286,0.00365,0.00862,0.131026,0.00043,0.0,0.0001,,,,,none
597651,452,-0.052426,0.000158,1.67263,0.00365,0.007359,0.271081,0.002807,0.0,0.0001,,,,,none
597651,452,-0.0102,0.000613,1.67241,0.00365,0.008851,0.298164,0.002784,0.0,0.0001,,,,,none
597651,452,0.06765,0.000585,1.672195,0.00365,0.00817,0.239311,0.002107,0.0,0.0001,,,,,none
597651,452,0.011904,0.000711,1.671993,0.00365,0.008187,0.376583,0.003526,0.0,0.0001,,,,,none
597651,452,-0.113769,0.00034,1.671808,0.00365,0.008419,0.686329,0.005265,0.0,0.0001,,,,,none
597651,452,-0.077174,0.000394,1.671645,0.00365,0.007536,0.400422,0.003797,0.0,0.0001,,,,,none
597651,452,0.006217,0.0005,1.67149,0.00365,0.007997,0.103954,0.000451,0.0,0.0001,,,,,none
597651,452,0.09102,0.000889,1.671341,0.00365,0.009148,0.231233,0.00351,0.0,0.0001,,,,,none
597651,452,0.195224,0.001101,1.671209,0.00365,0.008012,0.173175,0.00504,0.0,0.0001,,,,,none
597651,452,-0.117062,0.000385,1.671076,0.00365,0.008805,0.222824,0.000363,0.0,0.0001,,,,,none
597651,452,-0.105037,0.000105,1.67095,0.00365,0.00756,0.058113,0.001572,0.0,0.0001,,,,,none
603285,456,0.03762,0.000256,1.67083,0.003638,0.00895,0.180956,0.000608,0.0,0.0001,,,,,none
603285,456,-0.116413,0.000637,1.670699,0.003638,0.010156,0.28851,0.005595,0.0,0.0001,,,,,none
603285,456,0.117643,0.000788,1.670564,0.003638,0.008773,0.75411,0.001379,0.0,0.0001,,,,,none
603285,456,0.059324,0.00062,1.670432,0.003638,0.010291,0.836602,0.002033,0.0,0.0001,,,,,none
603285,456,-0.083155,0.000413,1.670297,0.003638,0.008962,0.73952,0.002979,0.0,0.0001,,,,,none
603285,456,0.045791,0.000622,1.670171,0.003638,0.00905,0.222665,0.00225,0.0,0.0001,,,,,none
603285,456,0.018075,0.000988,1.670041,0.003638,0.009184,0.139368,0.00286,0.0,0.0001,,,,,none
603285,456,0.024793,0.000249,1.669895,0.003638,0.010462,0.318864,0.004949,0.0,0.0001,,,,,none
603285,456,-0.03876,0.000391,1.669751,0.003638,0.010527,0.362057,0.003106,0.0,0.0001,,,,,none
603285,456,0.005128,0.000226,1.669606,0.003638,0.010117,0.328163,0.002927,0.0,0.0001,,,,,none
603285,456,0.059241,0.000659,1.669471,0.003638,0.009873,0.124096,0.000913,0.0,0.0001,,,,,none
603285,456,-0.065824,0.000858,1.66932,0.003638,0.010768,0.495854,0.003786,0.0,0.0001,,,,,none
609134,460,-0.006478,0.000528,1.669168,0.003626,0.010916,0.16082,0.001448,0.0,0.0001,,,,,none
609134,460,-0.050376,0.000626,1.669024,0.003626,0.009949,0.077355,0.001366,0.0,0.0001,,,,,none
609134,460,0.029323,0.000785,1.668894,0.003626,0.00953,0.11371,0.000733,0.0,0.0001,,,,,none
609134,460,-0.026468,0.000892,1.668769,0.003626,0.009182,0.10379,0.001001,0.0,0.0001,,,,,none
609134,460,0.074862,0.000569,1.668641,0.003626,0.009144,0.190297,0.002167,0.0,0.0001,,,,,none
609134,460,-0.088828,0.000412,1.66852,0.003626,0.011881,0.184308,0.000628,0.0,0.0001,,,,,none
609134,460,0.019144,0.000226,1.668418,0.003626,0.010205,0.116438,0.001514,0.0,0.0001,,,,,none
609134,460,-0.094877,0.000867,1.66833,0.003626,0.0108,0.273521,0.000487,0.0,0.0001,,,,,none
609134,460,0.053609,0.000871,1.668265,0.003626,0.011389,0.120968,0.002143,0.0,0.0001,,,,,none
609134,460,0.034298,0.000606,1.66819,0.003626,0.011369,0.174306,0.002348,0.0,0.0001,,,,,none
609134,460,-0.007464,0.000528,1.668109,0.003626,0.011177,0.096742,0.001403,0.0,0.0001,,,,,none
609134,460,-0.062826,0.000853,1.668036,0.003626,0.011809,0.124198,0.002579,0.0,0.0001,,,,,none
614897,464,-0.008422,0.00068,1.667961,0.003614,0.008991,0.103812,0.000649,0.0,0.0001,,,,,none
614897,464,0.029589,0.000209,1.667886,0.003614,0.010499,0.152089,0.002185,0.0,0.0001,,,,,none
614897,464,-0.084914,0.000856,1.667826,0.003614,0.009795,0.183161,0.00141,0.0,0.0001,,,,,none
614897,464,-0.070976,0.000264,1.667792,0.003614,0.010598,0.21078,0.000566,0.0,0.0001,,,,,none
614897,464,-0.030759,0.000701,1.667762,0.003614,0.008983,0.223872,0.001367,0.0,0.0001,,,,,none
614897,464,0.065667,0.000762,1.667746,0.003614,0.009831,0.282112,0.00428,0.0,0.0001,,,,,none
614897,464,0.017926,0.000377,1.667708,0.003614,0.009637,0.156357,0.000784,0.0,0.0001,,,,,none
614897,464,-0.045252,0.001143,1.667667,0.003614,0.011562,0.243056,0.00376,0.0,0.0001,,,,,none
614897,464,-0.023565,9.6e-05,1.667636,0.003614,0.009391,0.225022,0.005696,0.0,0.0001,,,,,none
614897,464,-0.084088,0.000647,1.66762,0.003614,0.011193,0.139993,0.007315,0.0,0.0001,,,,,none
614897,464,0.058908,0.00064,1.667616,0.003614,0.011288,0.262819,0.000926,0.0,0.0001,,,,,none
614897,464,-0.024397,0.000375,1.667607,0.003614,0.01009,0.352462,0.002146,0.0,0.0001,,,,,none
620430,468,0.073208,0.000647,1.667595,0.003602,0.008888,0.169785,0.000692,0.0,0.0001,,,,,none
620430,468,-0.08338,0.000272,1.667566,0.003602,0.009907,0.219897,0.001698,0.0,0.0001,,,,,none
620430,468,0.018783,0.000454,1.667513,0.003602,0.009691,0.212858,0.002624,0.0,0.0001,,,,,none
620430,468,-0.074102,0.000272,1.667441,0.003602,0.009649,0.283915,0.002141,0.0,0.0001,,,,,none
620430,468,0.014083,0.000375,1.667336,0.003602,0.009254,0.137266,0.003818,0.0,0.0001,,,,,none
620430,468,0.091013,0.000857,1.667222,0.003602,0.010503,0.379818,0.005034,0.0,0.0001,,,,,none
620430,468,0.064403,0.000441,1.667107,0.003602,0.009729,0.393689,0.004156,0.0,0.0001,,,,,none
620430,468,-0.011011,0.000359,1.666976,0.003602,0.010172,0.067977,0.003422,0.0,0.0001,,,,,none
620430,468,-0.068322,0.000638,1.666837,0.003602,0.008715,0.115258,0.001707,0.0,0.0001,,,,,none
620430,468,-0.049052,0.000332,1.666694,0.003602,0.008627,0.162601,0.000752,0.0,0.0001,,,,,none
620430,468,-0.114401,0.000278,1.666537,0.003602,0.01007,0.298355,0.001532,0.0,0.0001,,,,,none
620430,468,0.24006,0.000896,1.666383,0.003602,0.009311,0.17216,0.004798,0.0,0.0001,,,,,none
624768,472,0.073846,0.000143,1.666228,0.00359,0.008403,0.098763,0.001078,0.0,0.0001,,,,,none
624768,472,0.009466,0.001112,1.66608,0.00359,0.013664,0.285374,0.008472,0.0,0.0001,,,,,none
624768,472,-0.021385,0.001999,1.665956,0.00359,0.009341,0.235018,0.007336,0.0,0.0001,,,,,none
624768,472,0.040311,0.00074,1.665819,0.00359,0.012202,0.224017,0.00584,0.0,0.0001,,,,,none
624768,472,0.041499,0.000732,1.665705,0.00359,0.00935,0.078852,0.002881,0.0,0.0001,,,,,none
624768,472,0.012126,9.2e-05,1.66559,0.00359,0.010604,0.318165,0.002985,0.0,0.0001,,,,,none
624768,472,0.021809,0.000752,1.665482,0.00359,0.011244,0.355412,0.001545,0.0,0.0001,,,,,none
624768,472,0.061433,0.000716,1.665385,0.00359,0.010365,0.300673,0.0013,0.0,0.0001,,,,,none
624768,472,-0.003137,5.9e-05,1.665287,0.00359,0.008319,0.324524,0.003414,0.0,0.0001,,,,,none
624768,472,0.061148,0.000642,1.665174,0.00359,0.010053,0.129696,0.001917,0.0,0.0001,,,,,none
624768,472,-0.007575,0.000828,1.665065,0.00359,0.011861,0.255108,0.007356,0.0,0.0001,,,,,none
624768,472,0.229933,0.000161,1.664967,0.00359,0.010583,0.64454,0.007201,0.0,0.0001,,,,,none
630491,476,0.003252,0.000171,1.664917,0.003578,0.009272,0.15645,0.003873,0.0,0.0001,,,,,none
630491,476,-0.01496,0.001129,1.664849,0.003578,0.01249,0.160584,0.004193,0.0,0.0001,,,,,none
630491,476,-0.063432,0.000331,1.664792,0.003578,0.009606,0.099927,0.001463,0.0,0.0001,,,,,none
630491,476,-0.043702,0.000751,1.664725,0.003578,0.010436,0.073005,0.00103,0.0,0.0001,,,,,none
630491,476,-0.028144,0.000425,1.664658,0.003578,0.010319,0.144797,0.001377,0.0,0.0001,,,,,none
630491,476,0.012895,0.000468,1.664582,0.003578,0.01184,0.061974,0.001656,0.0,0.0001,,,,,none
630491,476,-0.046625,0.000722,1.664507,0.003578,0.010219,0.259565,0.003027,0.0,0.0001,,,,,none
630491,476,0.002276,0.000567,1.664442,0.003578,0.011178,0.351473,0.001473,0.0,0.0001,,,,,none
630491,476,-0.020844,0.000305,1.664379,0.003578,0.012102,0.128776,0.002332,0.0,0.0001,,,,,none
630491,476,0.040333,0.000543,1.664301,0.003578,0.011835,0.231071,0.002311,0.0,0.0001,,,,,none
630491,476,-0.068249,0.000638,1.66422,0.003578,0.010472,0.062963,0.003659,0.0,0.0001,,,,,none
630491,476,-0.039904,0.000381,1.664137,0.003578,0.010425,0.164684,0.001189,0.0,0.0001,,,,,none
635695,480,0.052241,0.002479,1.66403,0.003566,0.016403,0.073227,0.01424,0.0,0.0001,,,,,none
635695,480,-0.001601,0.001416,1.663926,0.003566,0.01556,0.074873,0.013187,0.0,0.0001,,,,,none
635695,480,0.083548,0.001168,1.663819,0.003566,0.010901,0.061514,0.000864,0.0,0.0001,,,,,none
635695,480,0.064252,0.001467,1.663721,0.003566,0.014834,0.075041,0.002173,0.0,0.0001,,,,,none
635695,480,-0.009917,0.002731,1.663633,0.003566,0.019407,0.103259,0.006798,0.0,0.0001,,,,,none
635695,480,0.075052,0.000588,1.663532,0.003566,0.012113,0.08068,0.009392,0.0,0.0001,,,,,none
635695,480,0.069607,0.001742,1.66344,0.003566,0.017215,0.025929,0.00712,0.0,0.0001,,,,,none
635695,480,0.037363,0.00185,1.66335,0.003566,0.018208,0.085154,0.004804,0.0,0.0001,,,,,none
635695,480,-0.018702,0.001637,1.663258,0.003566,0.016746,0.047183,0.004431,0.0,0.0001,,,,,none
635695,480,-0.010147,0.002583,1.663165,0.003566,0.020515,0.057035,0.002935,0.0,0.0001,,,,,none
635695,480,0.052467,0.001469,1.663072,0.003566,0.015357,0.135006,0.0053,0.0,0.0001,,,,,none
635695,480,0.099943,0.00073,1.662979,0.003566,0.013201,0.135024,0.01018,0.0,0.0001,,,,,none
641360,484,-0.040068,0.000411,1.662893,0.003554,0.008836,0.114578,0.00193,0.0,0.0001,,,,,none
641360,484,0.030905,0.000863,1.662802,0.003554,0.00868,0.144844,0.000633,0.0,0.0001,,,,,none
641360,484,-0.024504,0.000627,1.662703,0.003554,0.009161,0.090344,0.005082,0.0,0.0001,,,,,none
641360,484,0.045138,0.000482,1.66262,0.003554,0.010254,0.198066,0.005839,0.0,0.0001,,,,,none
641360,484,-0.043652,0.000602,1.662529,0.003554,0.010135,0.2013,0.010899,0.0,0.0001,,,,,none
641360,484,-0.038061,0.00092,1.662432,0.003554,0.010675,0.169361,0.009849,0.0,0.0001,,,,,none
641360,484,-0.075422,0.000865,1.662348,0.003554,0.009805,0.126955,0.00795,0.0,0.0001,,,,,none
641360,484,-0.032327,0.00044,1.662257,0.003554,0.009058,0.112187,0.002462,0.0,0.0001,,,,,none
641360,484,0.101901,0.000638,1.662165,0.003554,0.008941,0.347236,0.003809,0.0,0.0001,,,,,none
641360,484,0.026298,0.000818,1.662059,0.003554,0.00941,0.133245,0.005461,0.0,0.0001,,,,,none
641360,484,0.019646,0.000419,1.66194,0.003554,0.008477,0.29032,0.007209,0.0,0.0001,,,,,none
641360,484,-0.092187,0.000762,1.661829,0.003554,0.009267,0.151707,0.005967,0.0,0.0001,,,,,none
647145,488,-0.029319,0.000512,1.66171,0.003542,0.008815,0.171098,0.004444,0.0,0.0001,,,,,none
647145,488,-0.039089,0.000793,1.661603,0.003542,0.010135,0.14063,0.004909,0.0,0.0001,,,,,none
647145,488,0.056477,0.000485,1.661498,0.003542,0.009607,0.159722,0.007701,0.0,0.0001,,,,,none
647145,488,-0.027772,0.000465,1.661398,0.003542,0.009468,0.170594,0.00552,0.0,0.0001,,,,,none
647145,488,0.021528,0.001158,1.661292,0.003542,0.00926,0.124489,0.00677,0.0,0.0001,,,,,none
647145,488,-0.012888,0.000113,1.661184,0.003542,0.009736,0.159756,0.004377,0.0,0.0001,,,,,none
647145,488,0.01761,0.000595,1.661064,0.003542,0.008906,0.260128,0.002202,0.0,0.0001,,,,,none
647145,488,-0.017188,7.5e-05,1.660937,0.003542,0.008643,0.290233,0.001937,0.0,0.0001,,,,,none
647145,488,-0.021909,0.001195,1.660806,0.003542,0.011054,0.276375,0.005233,0.0,0.0001,,,,,none
647145,488,-0.005007,0.000399,1.660672,0.003542,0.010699,0.1035,0.008255,0.0,0.0001,,,,,none
647145,488,-0.042786,0.000672,1.660533,0.003542,0.011522,0.092463,0.011864,0.0,0.0001,,,,,none
647145,488,0.037736,0.000718,1.660394,0.003542,0.011182,0.237696,0.009173,0.0,0.0001,,,,,none
652839,492,0.082855,0.000259,1.660257,0.00353,0.0096,0.2707,0.00099,0.0,0.0001,,,,,none
652839,492,-0.032382,0.000806,1.660151,0.00353,0.010134,0.316441,0.001617,0.0,0.0001,,,,,none
652839,492,-0.076613,0.000194,1.660072,0.00353,0.009573,0.156625,0.002377,0.0,0.0001,,,,,none
652839,492,-0.123166,0.000891,1.660014,0.00353,0.010201,0.481819,0.004745,0.0,0.0001,,,,,none
652839,492,0.055368,0.000258,1.659974,0.00353,0.009908,0.592424,0.001006,0.0,0.0001,,,,,none
652839,492,0.071677,0.000113,1.659948,0.00353,0.010732,0.270319,0.003125,0.0,0.0001,,,,,none
652839,492,0.095528,0.000581,1.659926,0.00353,0.01097,0.171301,0.006122,0.0,0.0001,,,,,none
652839,492,-0.053348,0.000257,1.659914,0.00353,0.009799,0.475861,0.002635,0.0,0.0001,,,,,none
652839,492,-0.06537,0.000472,1.659909,0.00353,0.009603,0.326157,0.000565,0.0,0.0001,,,,,none
652839,492,0.039683,0.000487,1.659928,0.00353,0.009529,0.336797,0.001564,0.0,0.0001,,,,,none
652839,492,0.025916,0.00032,1.659946,0.00353,0.009721,0.081401,0.001534,0.0,0.0001,,,,,none
652839,492,-0.093111,0.000478,1.65997,0.00353,0.010388,0.536857,0.007278,0.0,0.0001,,,,,none
657233,496,0.043388,0.001406,1.660016,0.003518,0.014575,0.139607,0.014166,0.0,0.0001,,,,,none
657233,496,0.054844,0.002051,1.660052,0.003518,0.016075,0.057247,0.016838,0.0,0.0001,,,,,none
657233,496,-0.042563,0.001315,1.660089,0.003518,0.011753,0.074814,0.014599,0.0,0.0001,,,,,none
657233,496,0.034194,0.001528,1.660117,0.003518,0.014353,0.091467,0.005169,0.0,0.0001,,,,,none
657233,496,0.048014,0.00206,1.660145,0.003518,0.017804,0.063388,0.004806,0.0,0.0001,,,,,none
657233,496,0.055714,0.000221,1.660171,0.003518,0.015726,0.146438,0.006924,0.0,0.0001,,,,,none
657233,496,0.016589,0.001994,1.660163,0.003518,0.019159,0.096575,0.005533,0.0,0.0001,,,,,none
657233,496,0.043654,0.001528,1.660156,0.003518,0.018227,0.063338,0.009776,0.0,0.0001,,,,,none
657233,496,0.191278,0.000851,1.660145,0.003518,0.016825,0.18343,0.0275,0.0,0.0001,,,,,none
657233,496,-0.006227,0.002107,1.660161,0.003518,0.020856,0.107313,0.005404,0.0,0.0001,,,,,none
657233,496,0.081754,0.001472,1.660176,0.003518,0.015481,0.089468,0.009508,0.0,0.0001,,,,,none
657233,496,0.103096,0.000121,1.660186,0.003518,0.01333,0.11804,0.008902,0.0,0.0001,,,,,none
662873,500,0.103099,0.000176,1.660188,0.003506,0.010867,0.116624,0.004379,0.0,0.0001,,,,,none
662873,500,-0.01582,0.000161,1.660202,0.003506,0.011057,0.277887,0.005332,0.0,0.0001,,,,,none
662873,500,-0.156464,0.001434,1.660204,0.003506,0.011868,0.046792,0.012934,0.0,0.0001,,,,,none
662873,500,0.008462,0.000628,1.6602,0.003506,0.010588,0.153994,0.007134,0.0,0.0001,,,,,none
662873,500,0.024517,0.000614,1.660196,0.003506,0.011149,0.315524,0.005696,0.0,0.0001,,,,,none
662873,500,-0.078088,0.00021,1.660183,0.003506,0.010778,0.052429,0.006329,0.0,0.0001,,,,,none
662873,500,-0.054872,0.000253,1.660173,0.003506,0.009439,0.065463,0.002962,0.0,0.0001,,,,,none
662873,500,-0.110896,0.000602,1.66016,0.003506,0.009137,0.121717,0.001048,0.0,0.0001,,,,,none
662873,500,0.181682,0.000716,1.660149,0.003506,0.014022,0.217843,0.013707,0.0,0.0001,,,,,none
662873,500,-0.033618,0.000398,1.660148,0.003506,0.011058,0.066499,0.008223,0.0,0.0001,,,,,none
662873,500,-0.010544,0.000323,1.660146,0.003506,0.014236,0.168322,0.012313,0.0,0.0001,,,,,none
662873,500,0.02406,0.000967,1.660154,0.003506,0.010728,0.050896,0.006734,0.0,0.0001,,,,,none
