global_step,episode,actor_loss,critic_loss,policy_entropy,entropy_coef,value_residual,grad_norm_actor,grad_norm_critic,grad_norm_rnn,lr_actor,lr_critic,alpha,alpha_loss,target_update_magnitude,recurrent_cell
5146,4,0.02349,0.007794,1.871709,0.006742,0.020093,0.070071,0.001551,0.03479,3.7e-05,,,,,lstm
5146,4,-0.075946,0.006394,1.871635,0.006742,0.02345,0.043616,0.010487,0.021694,3.7e-05,,,,,lstm
5146,4,0.098456,0.006735,1.871633,0.006742,0.021191,0.044584,0.003334,0.024923,3.7e-05,,,,,lstm
5146,4,-0.00209,0.00741,1.871635,0.006742,0.023857,0.06479,0.005717,0.029903,3.7e-05,,,,,lstm
5146,4,0.026403,0.006635,1.871624,0.006742,0.01854,0.036473,0.00446,0.018361,3.7e-05,,,,,lstm
5146,4,-0.044899,0.006783,1.871606,0.006742,0.021051,0.075832,0.005319,0.020795,3.7e-05,,,,,lstm
5146,4,0.017521,0.006577,1.871598,0.006742,0.017087,0.055057,0.001864,0.027923,3.7e-05,,,,,lstm
5146,4,-0.08135,0.007774,1.871587,0.006742,0.020697,0.038883,0.003357,0.016022,3.7e-05,,,,,lstm
5146,4,0.117487,0.006728,1.871575,0.006742,0.021663,0.096732,0.005577,0.049277,3.7e-05,,,,,lstm
5146,4,0.057082,0.00746,1.871582,0.006742,0.020979,0.037271,0.002778,0.012418,3.7e-05,,,,,lstm
5146,4,0.025254,0.006976,1.871587,0.006742,0.019636,0.059033,0.00105,0.031095,3.7e-05,,,,,lstm
5146,4,-0.150957,0.006546,1.871588,0.006742,0.017701,0.012505,0.009023,0.010977,3.7e-05,,,,,lstm
9502,8,0.024865,0.007559,1.871593,0.006726,0.022694,0.038916,0.004895,0.022511,4.9e-05,,,,,lstm
9502,8,-8.1e-05,0.00882,1.871601,0.006726,0.026998,0.039989,0.005298,0.02088,4.9e-05,,,,,lstm
9502,8,-0.014312,0.00792,1.87161,0.006726,0.029153,0.19127,0.003587,0.105158,4.9e-05,,,,,lstm
9502,8,0.093107,0.007283,1.871616,0.006726,0.021468,0.039286,0.001226,0.017083,4.9e-05,,,,,lstm
9502,8,-2.5e-05,0.007869,1.871614,0.006726,0.024382,0.028946,0.006329,0.013286,4.9e-05,,,,,lstm
9502,8,-0.474799,0.016478,1.871621,0.006726,0.059187,0.328241,0.029108,0.195077,4.9e-05,,,,,lstm
9502,8,-0.085988,0.008508,1.871647,0.006726,0.027238,0.094938,0.010904,0.056315,4.9e-05,,,,,lstm
9502,8,0.084598,0.00822,1.871668,0.006726,0.024625,0.060364,0.002022,0.034035,4.9e-05,,,,,lstm
9502,8,0.16558,0.005959,1.871694,0.006726,0.021131,0.072409,0.003109,0.041251,4.9e-05,,,,,lstm
9502,8,0.032217,0.008471,1.87172,0.006726,0.024886,0.081163,0.003135,0.045225,4.9e-05,,,,,lstm
9502,8,-0.016401,0.008413,1.871748,0.006726,0.027624,0.049546,0.004004,0.029428,4.9e-05,,,,,lstm
9502,8,0.061655,0.00598,1.871779,0.006726,0.01551,0.074398,0.001967,0.0475,4.9e-05,,,,,lstm
15357,12,0.051291,0.006934,1.871812,0.00671,0.019626,0.075596,0.004845,0.044563,6.1e-05,,,,,lstm
15357,12,-0.144483,0.007448,1.871853,0.00671,0.01496,0.035327,0.000547,0.00743,6.1e-05,,,,,lstm
15357,12,-0.010324,0.007657,1.871878,0.00671,0.020013,0.04756,0.005086,0.025973,6.1e-05,,,,,lstm
15357,12,-0.032091,0.007703,1.871893,0.00671,0.020214,0.056302,0.004259,0.015485,6.1e-05,,,,,lstm
15357,12,-0.019135,0.006974,1.871884,0.00671,0.016805,0.062159,0.003415,0.027246,6.1e-05,,,,,lstm
15357,12,-0.05397,0.007318,1.871883,0.00671,0.018803,0.081148,0.000815,0.049081,6.1e-05,,,,,lstm
15357,12,-0.093702,0.006614,1.871885,0.00671,0.019468,0.055638,0.002025,0.023523,6.1e-05,,,,,lstm
15357,12,-0.017755,0.008239,1.871871,0.00671,0.020737,0.121321,0.001379,0.07104,6.1e-05,,,,,lstm
15357,12,0.015568,0.006725,1.87186,0.00671,0.019552,0.105365,0.00258,0.063203,6.1e-05,,,,,lstm
15357,12,0.029315,0.00743,1.871858,0.00671,0.021374,0.150853,0.002739,0.089669,6.1e-05,,,,,lstm
15357,12,0.00028,0.007666,1.871838,0.00671,0.02243,0.02763,0.00398,0.015816,6.1e-05,,,,,lstm
15357,12,-0.14533,0.006199,1.871817,0.00671,0.019309,0.046919,0.008677,0.022261,6.1e-05,,,,,lstm
21220,16,-0.013033,0.006974,1.871805,0.006693,0.015055,0.078728,0.000111,0.047542,7.3e-05,,,,,lstm
21220,16,-0.156606,0.006379,1.871795,0.006693,0.014112,0.039451,0.001973,0.022438,7.3e-05,,,,,lstm
21220,16,0.064819,0.009284,1.871788,0.006693,0.020601,0.100222,0.007398,0.053876,7.3e-05,,,,,lstm
21220,16,-0.060554,0.009339,1.871756,0.006693,0.019836,0.08312,0.00396,0.039651,7.3e-05,,,,,lstm
21220,16,-0.025009,0.006878,1.871704,0.006693,0.0139,0.047525,0.004171,0.028083,7.3e-05,,,,,lstm
21220,16,-0.031965,0.006181,1.871653,0.006693,0.0136,0.066615,0.003182,0.039394,7.3e-05,,,,,lstm
21220,16,-0.024698,0.008818,1.871615,0.006693,0.018409,0.160525,0.004045,0.094946,7.3e-05,,,,,lstm
21220,16,-0.066456,0.007801,1.871554,0.006693,0.017121,0.059607,0.000695,0.034084,7.3e-05,,,,,lstm
21220,16,-0.025488,0.005329,1.871501,0.006693,0.01143,0.064729,0.001979,0.036352,7.3e-05,,,,,lstm
21220,16,-0.094156,0.007282,1.871468,0.006693,0.018116,0.089721,0.002806,0.048344,7.3e-05,,,,,lstm
21220,16,0.007107,0.007299,1.871437,0.006693,0.014525,0.068166,0.000949,0.039668,7.3e-05,,,,,lstm
21220,16,-0.029154,0.007522,1.871408,0.006693,0.016765,0.077512,0.000487,0.046579,7.3e-05,,,,,lstm
27195,20,-0.012231,0.007176,1.871375,0.006677,0.018067,0.078684,0.000403,0.045447,8.5e-05,,,,,lstm
27195,20,-0.120441,0.006663,1.871328,0.006677,0.016193,0.023856,0.002288,0.007559,8.5e-05,,,,,lstm
27195,20,0.03458,0.008121,1.871283,0.006677,0.018027,0.078736,0.003428,0.03402,8.5e-05,,,,,lstm
27195,20,-0.003011,0.006629,1.871234,0.006677,0.017186,0.062955,0.001471,0.030026,8.5e-05,,,,,lstm
27195,20,-0.049491,0.007363,1.87118,0.006677,0.017904,0.066734,0.001022,0.036668,8.5e-05,,,,,lstm
27195,20,-0.051574,0.008093,1.871136,0.006677,0.018333,0.05126,0.00039,0.019738,8.5e-05,,,,,lstm
27195,20,0.049087,0.00755,1.871073,0.006677,0.018804,0.055012,0.001925,0.033905,8.5e-05,,,,,lstm
27195,20,-0.033881,0.007174,1.871009,0.006677,0.017784,0.116273,0.001266,0.071492,8.5e-05,,,,,lstm
27195,20,-0.124408,0.007206,1.87094,0.006677,0.019252,0.097627,0.004167,0.060799,8.5e-05,,,,,lstm
27195,20,-0.070151,0.007784,1.87088,0.006677,0.01948,0.093402,0.000247,0.051837,8.5e-05,,,,,lstm
27195,20,-0.014216,0.006863,1.87081,0.006677,0.016674,0.075544,0.002353,0.039954,8.5e-05,,,,,lstm
27195,20,-0.017769,0.007462,1.870754,0.006677,0.017543,0.082809,0.004013,0.04993,8.5e-05,,,,,lstm
33111,24,0.014104,0.007785,1.870698,0.006661,0.017962,0.085096,0.00379,0.044451,9.7e-05,,,,,lstm
33111,24,-0.1136,0.006196,1.870665,0.006661,0.014467,0.049665,0.001982,0.024797,9.7e-05,,,,,lstm
33111,24,-0.015827,0.007358,1.870641,0.006661,0.016815,0.063181,0.001265,0.016907,9.7e-05,,,,,lstm
33111,24,0.000703,0.00607,1.870609,0.006661,0.016663,0.070767,0.003137,0.034473,9.7e-05,,,,,lstm
33111,24,-0.089673,0.007053,1.870575,0.006661,0.018491,0.070996,0.007509,0.02989,9.7e-05,,,,,lstm
33111,24,-0.027549,0.007776,1.870553,0.006661,0.022105,0.046143,0.007939,0.026054,9.7e-05,,,,,lstm
33111,24,-0.185964,0.005816,1.870549,0.006661,0.018108,0.076525,0.012418,0.040869,9.7e-05,,,,,lstm
33111,24,0.180388,0.00862,1.870529,0.006661,0.020685,0.081771,0.001524,0.043203,9.7e-05,,,,,lstm
33111,24,-0.114506,0.006311,1.870527,0.006661,0.0179,0.048456,0.006136,0.02474,9.7e-05,,,,,lstm
33111,24,-0.083605,0.007033,1.87054,0.006661,0.01621,0.060301,0.000541,0.008158,9.7e-05,,,,,lstm
33111,24,0.022466,0.007605,1.870569,0.006661,0.016376,0.056235,0.006132,0.034199,9.7e-05,,,,,lstm
33111,24,-0.056669,0.006948,1.870585,0.006661,0.016142,0.008546,0.00621,0.00833,9.7e-05,,,,,lstm
39005,28,0.075392,0.007965,1.870597,0.006645,0.01896,0.096462,0.00767,0.051222,0.0001,,,,,lstm
39005,28,-0.029722,0.006219,1.870625,0.006645,0.014133,0.05603,0.00062,0.027854,0.0001,,,,,lstm
39005,28,-0.180509,0.006901,1.870654,0.006645,0.017932,0.03936,0.008026,0.01575,0.0001,,,,,lstm
39005,28,-0.11158,0.006605,1.870684,0.006645,0.020414,0.048586,0.010351,0.022906,0.0001,,,,,lstm
39005,28,-0.084176,0.007525,1.870722,0.006645,0.022705,0.111203,0.012404,0.048999,0.0001,,,,,lstm
39005,28,0.09133,0.006299,1.870751,0.006645,0.02342,0.065558,0.011024,0.038588,0.0001,,,,,lstm
39005,28,-0.082326,0.007455,1.870775,0.006645,0.024387,0.109783,0.013691,0.067258,0.0001,,,,,lstm
39005,28,-0.007037,0.00715,1.870786,0.006645,0.021557,0.081426,0.006552,0.043444,0.0001,,,,,lstm
39005,28,-0.027129,0.006143,1.870796,0.006645,0.013577,0.068397,0.00199,0.038169,0.0001,,,,,lstm
39005,28,0.00275,0.007864,1.870801,0.006645,0.024049,0.070208,0.012497,0.027142,0.0001,,,,,lstm
39005,28,-0.033975,0.007288,1.870803,0.006645,0.027612,0.022724,0.01877,0.022685,0.0001,,,,,lstm
39005,28,-0.091483,0.008565,1.870804,0.006645,0.030961,0.137731,0.022209,0.076785,0.0001,,,,,lstm
44932,32,-0.077857,0.007318,1.870804,0.006629,0.01839,0.107169,0.00756,0.057179,0.0001,,,,,lstm
44932,32,-0.022502,0.006818,1.870841,0.006629,0.015557,0.037818,0.003736,0.019631,0.0001,,,,,lstm
44932,32,-0.008616,0.006304,1.870879,0.006629,0.016744,0.059839,0.002695,0.026332,0.0001,,,,,lstm
44932,32,0.059171,0.006149,1.870921,0.006629,0.021554,0.038834,0.008204,0.014742,0.0001,,,,,lstm
44932,32,-0.080605,0.006355,1.870954,0.006629,0.029718,0.1181,0.018655,0.07417,0.0001,,,,,lstm
44932,32,-0.095551,0.007086,1.871005,0.006629,0.028922,0.155755,0.017821,0.098462,0.0001,,,,,lstm
44932,32,-0.141771,0.005938,1.871073,0.006629,0.023035,0.09062,0.013581,0.049038,0.0001,,,,,lstm
44932,32,0.024469,0.007774,1.871144,0.006629,0.018435,0.03842,0.00305,0.012665,0.0001,,,,,lstm
44932,32,0.014489,0.00604,1.871222,0.006629,0.015972,0.11435,0.00108,0.05888,0.0001,,,,,lstm
44932,32,-0.118414,0.006596,1.87131,0.006629,0.016997,0.071895,0.005957,0.040913,0.0001,,,,,lstm
44932,32,0.041481,0.00757,1.871399,0.006629,0.023367,0.092888,0.014749,0.050552,0.0001,,,,,lstm
44932,32,-0.032511,0.007324,1.871512,0.006629,0.022497,0.046324,0.01287,0.026118,0.0001,,,,,lstm
50792,36,0.054544,0.008361,1.871629,0.006612,0.02217,0.085893,0.013186,0.042112,0.0001,,,,,lstm
50792,36,-0.078404,0.006848,1.871738,0.006612,0.016747,0.069443,0.005139,0.026751,0.0001,,,,,lstm
50792,36,-0.089431,0.005201,1.87183,0.006612,0.013766,0.059322,0.000629,0.018106,0.0001,,,,,lstm
50792,36,-0.035258,0.00617,1.871886,0.006612,0.017963,0.093245,0.000995,0.046199,0.0001,,,,,lstm
50792,36,0.012791,0.006662,1.871916,0.006612,0.018305,0.071373,0.002066,0.021863,0.0001,,,,,lstm
50792,36,-0.093418,0.006716,1.871911,0.006612,0.017183,0.078579,0.006264,0.044938,0.0001,,,,,lstm
50792,36,-0.060417,0.006067,1.871928,0.006612,0.018333,0.083256,0.003507,0.052928,0.0001,,,,,lstm
50792,36,0.016065,0.007906,1.871937,0.006612,0.016551,0.141099,0.003119,0.079905,0.0001,,,,,lstm
50792,36,-0.066515,0.00563,1.871925,0.006612,0.015989,0.111492,0.000718,0.057571,0.0001,,,,,lstm
50792,36,-0.130711,0.005959,1.871895,0.006612,0.01533,0.057714,0.003028,0.022203,0.0001,,,,,lstm
50792,36,0.056037,0.008151,1.871851,0.006612,0.019301,0.057612,0.009845,0.027167,0.0001,,,,,lstm
50792,36,-0.029612,0.006262,1.871791,0.006612,0.016694,0.047318,0.007209,0.022755,0.0001,,,,,lstm
56592,40,0.01451,0.007016,1.871741,0.006596,0.018148,0.086828,0.01073,0.046123,0.0001,,,,,lstm
56592,40,0.010612,0.00636,1.871681,0.006596,0.017154,0.06604,0.007413,0.041014,0.0001,,,,,lstm
56592,40,-0.135531,0.007066,1.871619,0.006596,0.015285,0.053339,0.000691,0.026288,0.0001,,,,,lstm
56592,40,-0.045872,0.005628,1.871569,0.006596,0.017016,0.078967,0.004837,0.039955,0.0001,,,,,lstm
56592,40,-0.019383,0.006215,1.871546,0.006596,0.02271,0.073375,0.011009,0.033472,0.0001,,,,,lstm
56592,40,-0.024748,0.007797,1.871492,0.006596,0.026801,0.14083,0.013565,0.084717,0.0001,,,,,lstm
56592,40,-0.080446,0.006942,1.871431,0.006596,0.028988,0.105298,0.017101,0.052877,0.0001,,,,,lstm
56592,40,-0.078605,0.005522,1.871365,0.006596,0.026265,0.093327,0.017866,0.060498,0.0001,,,,,lstm
56592,40,0.089197,0.007073,1.871327,0.006596,0.021966,0.075435,0.008786,0.041233,0.0001,,,,,lstm
56592,40,-0.082862,0.006227,1.871268,0.006596,0.01848,0.076361,0.006759,0.034349,0.0001,,,,,lstm
56592,40,-0.016649,0.00546,1.871189,0.006596,0.014398,0.044483,0.001179,0.025597,0.0001,,,,,lstm
56592,40,0.017894,0.008319,1.871114,0.006596,0.017369,0.083625,0.005209,0.050031,0.0001,,,,,lstm
62484,44,-0.003963,0.006528,1.87106,0.00658,0.016532,0.048213,0.008133,0.023309,0.0001,,,,,lstm
62484,44,-0.007396,0.007208,1.871,0.00658,0.018966,0.061184,0.009725,0.039205,0.0001,,,,,lstm
62484,44,-0.102497,0.00765,1.870945,0.00658,0.017131,0.070532,0.005237,0.041895,0.0001,,,,,lstm
62484,44,-0.131467,0.008208,1.870902,0.00658,0.015721,0.04736,0.001977,0.025058,0.0001,,,,,lstm
62484,44,-0.088829,0.005812,1.87086,0.00658,0.014868,0.076896,0.002259,0.041513,0.0001,,,,,lstm
62484,44,0.127935,0.006576,1.870824,0.00658,0.016789,0.078758,0.003564,0.039975,0.0001,,,,,lstm
62484,44,-0.115189,0.006823,1.870786,0.00658,0.01623,0.034675,0.004094,0.020904,0.0001,,,,,lstm
62484,44,0.056226,0.00734,1.870744,0.00658,0.016479,0.080828,0.000607,0.045975,0.0001,,,,,lstm
62484,44,-0.047796,0.006198,1.870706,0.00658,0.01593,0.103808,0.000323,0.063768,0.0001,,,,,lstm
62484,44,-0.156391,0.00654,1.870669,0.00658,0.015462,0.095091,0.001981,0.058863,0.0001,,,,,lstm
62484,44,0.079893,0.007556,1.870656,0.00658,0.016768,0.062482,0.006294,0.029205,0.0001,,,,,lstm
62484,44,-0.028294,0.006662,1.870626,0.00658,0.014219,0.083691,0.004057,0.053634,0.0001,,,,,lstm
68280,48,0.108307,0.008172,1.870588,0.006564,0.018837,0.065918,0.012189,0.040049,0.0001,,,,,lstm
68280,48,-0.155928,0.006194,1.870549,0.006564,0.014639,0.067605,0.000383,0.043289,0.0001,,,,,lstm
68280,48,-0.040615,0.005785,1.870514,0.006564,0.017379,0.134215,0.001883,0.070249,0.0001,,,,,lstm
68280,48,0.003653,0.00688,1.8705,0.006564,0.023627,0.083139,0.009242,0.040962,0.0001,,,,,lstm
68280,48,-0.018027,0.006496,1.87048,0.006564,0.03216,0.095249,0.020683,0.0429,0.0001,,,,,lstm
68280,48,-0.081334,0.006225,1.870485,0.006564,0.042667,0.066668,0.030369,0.06094,0.0001,,,,,lstm
68280,48,-0.033394,0.006181,1.870478,0.006564,0.039989,0.073332,0.028852,0.064797,0.0001,,,,,lstm
68280,48,-0.018258,0.006212,1.870464,0.006564,0.030121,0.089109,0.018247,0.061536,0.0001,,,,,lstm
68280,48,-0.036145,0.007442,1.87046,0.006564,0.019578,0.070835,0.001838,0.0306,0.0001,,,,,lstm
68280,48,0.01001,0.007363,1.870439,0.006564,0.018485,0.065812,0.011577,0.039912,0.0001,,,,,lstm
68280,48,-0.099888,0.006727,1.870427,0.006564,0.022139,0.086453,0.01593,0.051941,0.0001,,,,,lstm
68280,48,0.010815,0.008211,1.870405,0.006564,0.033872,0.031356,0.026066,0.036241,0.0001,,,,,lstm
74094,52,0.027064,0.006696,1.870384,0.006548,0.020749,0.095272,0.013569,0.063782,0.0001,,,,,lstm
74094,52,-0.014381,0.007086,1.870381,0.006548,0.017129,0.061917,0.009465,0.030344,0.0001,,,,,lstm
74094,52,-0.132388,0.006378,1.870399,0.006548,0.013609,0.077626,0.001491,0.04475,0.0001,,,,,lstm
74094,52,-0.007319,0.006753,1.870398,0.006548,0.017274,0.052423,0.003014,0.02727,0.0001,,,,,lstm
74094,52,-0.096913,0.005538,1.870405,0.006548,0.021739,0.056391,0.014307,0.037523,0.0001,,,,,lstm
74094,52,0.007604,0.00661,1.870425,0.006548,0.029011,0.08384,0.016131,0.060605,0.0001,,,,,lstm
74094,52,-0.014672,0.006791,1.870431,0.006548,0.028881,0.068966,0.017391,0.053549,0.0001,,,,,lstm
74094,52,-0.022364,0.006134,1.870443,0.006548,0.023207,0.075774,0.012937,0.050042,0.0001,,,,,lstm
74094,52,-0.071623,0.005758,1.870462,0.006548,0.017367,0.052781,0.006462,0.029475,0.0001,,,,,lstm
74094,52,-0.046987,0.005851,1.870463,0.006548,0.015813,0.037647,0.002715,0.018003,0.0001,,,,,lstm
74094,52,-0.047195,0.007904,1.870451,0.006548,0.016885,0.016857,0.00955,0.010544,0.0001,,,,,lstm
74094,52,-0.004687,0.006366,1.870448,0.006548,0.020424,0.063731,0.014467,0.037339,0.0001,,,,,lstm
79059,56,-0.054659,0.00731,1.870471,0.006531,0.02426,0.096516,0.008237,0.056333,0.0001,,,,,lstm
79059,56,0.037332,0.006744,1.870484,0.006531,0.016085,0.061328,0.004929,0.034541,0.0001,,,,,lstm
79059,56,0.021347,0.005879,1.870504,0.006531,0.019957,0.062782,0.004006,0.029895,0.0001,,,,,lstm
79059,56,-0.048115,0.007016,1.870501,0.006531,0.022746,0.092673,0.014205,0.046485,0.0001,,,,,lstm
79059,56,0.072547,0.006341,1.870499,0.006531,0.033035,0.088416,0.017685,0.056538,0.0001,,,,,lstm
79059,56,-0.072206,0.005867,1.870467,0.006531,0.034948,0.081204,0.027308,0.062792,0.0001,,,,,lstm
79059,56,-0.104263,0.006174,1.870458,0.006531,0.031209,0.045748,0.020706,0.033098,0.0001,,,,,lstm
79059,56,0.138316,0.007236,1.870432,0.006531,0.018954,0.128638,0.003279,0.082344,0.0001,,,,,lstm
79059,56,-0.08719,0.005976,1.870394,0.006531,0.016515,0.042092,0.001024,0.008718,0.0001,,,,,lstm
79059,56,-0.041591,0.008548,1.870384,0.006531,0.028083,0.040934,0.014209,0.031561,0.0001,,,,,lstm
79059,56,0.012976,0.006767,1.870376,0.006531,0.033713,0.058955,0.022282,0.046598,0.0001,,,,,lstm
79059,56,0.051275,0.007026,1.870361,0.006531,0.036806,0.159255,0.025096,0.100697,0.0001,,,,,lstm
84836,60,-0.025176,0.006132,1.870327,0.006515,0.021411,0.111451,0.015782,0.066361,0.0001,,,,,lstm
84836,60,0.032757,0.007915,1.870292,0.006515,0.020273,0.038806,0.011881,0.023159,0.0001,,,,,lstm
84836,60,-0.131683,0.005553,1.870252,0.006515,0.013434,0.059884,0.001878,0.030882,0.0001,,,,,lstm
84836,60,-0.104948,0.005221,1.870224,0.006515,0.01924,0.053601,0.012165,0.034877,0.0001,,,,,lstm
84836,60,-0.047791,0.006255,1.870184,0.006515,0.029759,0.049363,0.017232,0.039947,0.0001,,,,,lstm
84836,60,0.058832,0.00691,1.870144,0.006515,0.028112,0.070616,0.014805,0.046133,0.0001,,,,,lstm
84836,60,-0.104054,0.005612,1.870113,0.006515,0.021774,0.114317,0.013698,0.074494,0.0001,,,,,lstm
84836,60,0.024446,0.006927,1.870093,0.006515,0.019872,0.015116,0.001198,0.006891,0.0001,,,,,lstm
84836,60,-0.028917,0.00633,1.87007,0.006515,0.017969,0.030786,0.009795,0.013204,0.0001,,,,,lstm
84836,60,-0.0575,0.007046,1.870036,0.006515,0.023941,0.052892,0.016341,0.03337,0.0001,,,,,lstm
84836,60,0.002885,0.006742,1.869992,0.006515,0.030651,0.018612,0.022944,0.025511,0.0001,,,,,lstm
84836,60,-0.059507,0.007727,1.869949,0.006515,0.030156,0.080769,0.021946,0.058401,0.0001,,,,,lstm
89091,64,-0.006794,0.008374,1.869923,0.006499,0.036413,0.051238,0.007459,0.026038,0.0001,,,,,lstm
89091,64,0.019419,0.006839,1.869913,0.006499,0.022612,0.023351,0.004004,0.009105,0.0001,,,,,lstm
89091,64,0.051871,0.004012,1.869914,0.006499,0.021242,0.137413,0.001027,0.080777,0.0001,,,,,lstm
89091,64,0.018935,0.008648,1.869878,0.006499,0.02982,0.064685,0.012607,0.036754,0.0001,,,,,lstm
89091,64,0.028756,0.005181,1.869867,0.006499,0.026145,0.040181,0.016066,0.032673,0.0001,,,,,lstm
89091,64,-0.347484,0.012281,1.869852,0.006499,0.054552,0.384709,0.0363,0.167084,0.0001,,,,,lstm
89091,64,0.029311,0.0073,1.869751,0.006499,0.036593,0.064631,0.023357,0.050787,0.0001,,,,,lstm
89091,64,-0.004307,0.007452,1.869673,0.006499,0.038328,0.100396,0.024065,0.070364,0.0001,,,,,lstm
89091,64,-0.090886,0.004029,1.869581,0.006499,0.026438,0.115239,0.020505,0.080397,0.0001,,,,,lstm
89091,64,0.058819,0.007297,1.869502,0.006499,0.023294,0.022835,0.002406,0.011806,0.0001,,,,,lstm
89091,64,-0.001393,0.006609,1.869436,0.006499,0.028878,0.037934,0.006507,0.025067,0.0001,,,,,lstm
89091,64,-0.455366,0.016891,1.869385,0.006499,0.063033,0.194542,0.01933,0.090095,0.0001,,,,,lstm
94872,68,-0.057469,0.007473,1.869391,0.006483,0.029758,0.018537,0.021931,0.025231,0.0001,,,,,lstm
94872,68,-0.032888,0.006752,1.86939,0.006483,0.037052,0.04295,0.028228,0.044487,0.0001,,,,,lstm
94872,68,0.001278,0.007106,1.869396,0.006483,0.03862,0.038716,0.028952,0.04418,0.0001,,,,,lstm
94872,68,0.017182,0.008052,1.869395,0.006483,0.034339,0.072615,0.026385,0.057341,0.0001,,,,,lstm
94872,68,-0.061202,0.005419,1.869387,0.006483,0.022137,0.023585,0.012173,0.015328,0.0001,,,,,lstm
94872,68,-0.054042,0.005668,1.869369,0.006483,0.015457,0.068094,0.001576,0.031923,0.0001,,,,,lstm
94872,68,-0.106627,0.005523,1.869369,0.006483,0.02413,0.078785,0.013115,0.034019,0.0001,,,,,lstm
94872,68,0.065542,0.006981,1.869381,0.006483,0.036549,0.089246,0.017714,0.059095,0.0001,,,,,lstm
94872,68,-0.055449,0.004554,1.869364,0.006483,0.036346,0.032983,0.028565,0.040821,0.0001,,,,,lstm
94872,68,-0.049655,0.004967,1.86936,0.006483,0.03818,0.021499,0.027975,0.03669,0.0001,,,,,lstm
94872,68,-0.091274,0.005561,1.869354,0.006483,0.035641,0.052533,0.023538,0.048329,0.0001,,,,,lstm
94872,68,0.066276,0.007132,1.869355,0.006483,0.025485,0.077069,0.007926,0.037891,0.0001,,,,,lstm
100592,72,-0.036989,0.006299,1.869332,0.006467,0.024448,0.076549,0.015238,0.042384,0.0001,,,,,lstm
100592,72,0.060516,0.008188,1.869316,0.006467,0.037666,0.062354,0.029495,0.040322,0.0001,,,,,lstm
100592,72,-0.120469,0.00781,1.86931,0.006467,0.039927,0.08403,0.031202,0.045131,0.0001,,,,,lstm
100592,72,0.005345,0.007868,1.86931,0.006467,0.048906,0.062733,0.037474,0.044499,0.0001,,,,,lstm
100592,72,0.055032,0.009033,1.869303,0.006467,0.050565,0.070643,0.039463,0.051792,0.0001,,,,,lstm
100592,72,-0.166036,0.007871,1.869304,0.006467,0.036693,0.119806,0.028028,0.091701,0.0001,,,,,lstm
100592,72,-0.005294,0.00779,1.869305,0.006467,0.032192,0.049055,0.02414,0.043504,0.0001,,,,,lstm
100592,72,-0.062122,0.006114,1.869296,0.006467,0.018456,0.026872,0.010587,0.02032,0.0001,,,,,lstm
100592,72,-0.005125,0.006117,1.86929,0.006467,0.016643,0.066355,0.001406,0.04258,0.0001,,,,,lstm
100592,72,0.100694,0.00692,1.869282,0.006467,0.027314,0.056199,0.009227,0.023509,0.0001,,,,,lstm
100592,72,-0.077555,0.005597,1.869272,0.006467,0.034611,0.036017,0.02387,0.030244,0.0001,,,,,lstm
100592,72,-0.114914,0.00601,1.869276,0.006467,0.040182,0.039388,0.028935,0.046302,0.0001,,,,,lstm
106276,76,-0.023115,0.007773,1.869287,0.00645,0.019517,0.05532,0.001534,0.028844,0.0001,,,,,lstm
106276,76,0.001657,0.006971,1.86931,0.00645,0.017887,0.090256,0.004153,0.046118,0.0001,,,,,lstm
106276,76,-0.074314,0.007444,1.86935,0.00645,0.017168,0.112568,0.006857,0.066201,0.0001,,,,,lstm
106276,76,-0.108469,0.007413,1.869403,0.00645,0.020137,0.042059,0.011739,0.019441,0.0001,,,,,lstm
106276,76,-0.065875,0.008546,1.869472,0.00645,0.024105,0.125486,0.016231,0.090492,0.0001,,,,,lstm
106276,76,0.120593,0.007679,1.869553,0.00645,0.027041,0.106293,0.02068,0.081714,0.0001,,,,,lstm
106276,76,0.05702,0.008052,1.869626,0.00645,0.022786,0.101385,0.015429,0.06416,0.0001,,,,,lstm
106276,76,-0.081737,0.007148,1.8697,0.00645,0.016349,0.039179,0.001967,0.021447,0.0001,,,,,lstm
106276,76,-0.065733,0.007105,1.869781,0.00645,0.018107,0.077813,0.006971,0.046293,0.0001,,,,,lstm
106276,76,0.028622,0.006751,1.869875,0.00645,0.020843,0.023378,0.010228,0.01802,0.0001,,,,,lstm
106276,76,-0.104687,0.00612,1.869958,0.00645,0.026032,0.079158,0.017284,0.052822,0.0001,,,,,lstm
106276,76,-0.000489,0.008922,1.870056,0.00645,0.029998,0.142357,0.014431,0.102942,0.0001,,,,,lstm
112045,80,0.039364,0.008033,1.870163,0.006434,0.017241,0.059882,0.001165,0.042092,0.0001,,,,,lstm
112045,80,-0.052987,0.006847,1.870248,0.006434,0.015065,0.046678,0.001213,0.018889,0.0001,,,,,lstm
112045,80,-0.089573,0.007887,1.870308,0.006434,0.014507,0.118022,0.004931,0.06802,0.0001,,,,,lstm
112045,80,0.00248,0.007699,1.870362,0.006434,0.014087,0.18591,0.005502,0.137902,0.0001,,,,,lstm
112045,80,-0.021488,0.007292,1.870397,0.006434,0.014518,0.10984,0.003077,0.08204,0.0001,,,,,lstm
112045,80,-0.084625,0.007766,1.870418,0.006434,0.016841,0.083749,0.001053,0.061792,0.0001,,,,,lstm
112045,80,-0.037953,0.006579,1.870442,0.006434,0.015895,0.061272,0.003352,0.046166,0.0001,,,,,lstm
112045,80,-0.068757,0.007618,1.870464,0.006434,0.016187,0.030847,0.004995,0.019645,0.0001,,,,,lstm
112045,80,0.022644,0.008347,1.870473,0.006434,0.016837,0.125006,0.003154,0.077086,0.0001,,,,,lstm
112045,80,-0.084693,0.007168,1.870455,0.006434,0.016671,0.032732,0.006653,0.014556,0.0001,,,,,lstm
112045,80,-0.06865,0.007012,1.870432,0.006434,0.015899,0.032511,0.007341,0.014843,0.0001,,,,,lstm
112045,80,0.080148,0.008249,1.870407,0.006434,0.018118,0.102607,0.003316,0.067279,0.0001,,,,,lstm
116265,84,0.034849,0.008138,1.870363,0.006418,0.023053,0.036399,0.010554,0.026382,0.0001,,,,,lstm
116265,84,0.03818,0.008403,1.870323,0.006418,0.025618,0.085569,0.007793,0.039758,0.0001,,,,,lstm
116265,84,-0.625144,0.014555,1.870257,0.006418,0.067172,0.551366,0.042702,0.344949,0.0001,,,,,lstm
116265,84,0.047168,0.00753,1.870163,0.006418,0.02246,0.215803,0.009786,0.16236,0.0001,,,,,lstm
116265,84,-0.039764,0.009518,1.870064,0.006418,0.028697,0.257732,0.010215,0.192856,0.0001,,,,,lstm
116265,84,0.180876,0.008857,1.869982,0.006418,0.018233,0.173113,0.010299,0.134399,0.0001,,,,,lstm
116265,84,0.054894,0.008994,1.869889,0.006418,0.032404,0.133218,0.011247,0.095646,0.0001,,,,,lstm
116265,84,-0.042337,0.009716,1.86981,0.006418,0.039275,0.067993,0.012227,0.041308,0.0001,,,,,lstm
116265,84,0.169635,0.007235,1.869722,0.006418,0.034469,0.098223,0.026237,0.068133,0.0001,,,,,lstm
116265,84,-0.015322,0.009029,1.869654,0.006418,0.038722,0.162972,0.013117,0.106487,0.0001,,,,,lstm
116265,84,0.050641,0.009866,1.869569,0.006418,0.031103,0.15636,0.008142,0.103951,0.0001,,,,,lstm
116265,84,-0.129977,0.005443,1.869463,0.006418,0.032768,0.10684,0.008332,0.080811,0.0001,,,,,lstm
121270,88,-0.055432,0.008409,1.869385,0.006402,0.02383,0.085086,0.00951,0.059684,0.0001,,,,,lstm
121270,88,0.026513,0.008467,1.869325,0.006402,0.019612,0.044245,0.007115,0.027947,0.0001,,,,,lstm
121270,88,0.127931,0.007132,1.869277,0.006402,0.019227,0.086426,0.002937,0.044804,0.0001,,,,,lstm
121270,88,0.052889,0.009472,1.869241,0.006402,0.023018,0.114777,0.009322,0.085825,0.0001,,,,,lstm
121270,88,0.002039,0.007908,1.869216,0.006402,0.021969,0.165449,0.010951,0.124599,0.0001,,,,,lstm
121270,88,-0.053278,0.00579,1.869198,0.006402,0.017731,0.082358,0.007151,0.05781,0.0001,,,,,lstm
121270,88,0.058369,0.007444,1.8692,0.006402,0.016948,0.033604,0.004798,0.015955,0.0001,,,,,lstm
121270,88,-0.104803,0.009692,1.869207,0.006402,0.028207,0.048602,0.002732,0.012297,0.0001,,,,,lstm
121270,88,0.168068,0.008612,1.869225,0.006402,0.02761,0.071816,0.020386,0.050417,0.0001,,,,,lstm
121270,88,-0.039267,0.009177,1.869263,0.006402,0.029348,0.045628,0.01238,0.018447,0.0001,,,,,lstm
121270,88,0.018455,0.008629,1.869314,0.006402,0.029247,0.100194,0.012803,0.074047,0.0001,,,,,lstm
121270,88,0.110511,0.008752,1.869364,0.006402,0.022493,0.057235,0.015367,0.029707,0.0001,,,,,lstm
126922,92,0.025776,0.006542,1.869412,0.006386,0.014551,0.072405,0.003023,0.040649,0.0001,,,,,lstm
126922,92,-0.159351,0.007112,1.869466,0.006386,0.015212,0.125457,0.002472,0.065583,0.0001,,,,,lstm
126922,92,0.059472,0.008932,1.869521,0.006386,0.016391,0.092466,0.00565,0.050176,0.0001,,,,,lstm
126922,92,-0.09362,0.007,1.869592,0.006386,0.014957,0.069993,0.003553,0.035225,0.0001,,,,,lstm
126922,92,-0.018689,0.006916,1.869666,0.006386,0.015769,0.05696,0.008152,0.027318,0.0001,,,,,lstm
126922,92,0.032275,0.00945,1.869731,0.006386,0.021361,0.123895,0.014319,0.068226,0.0001,,,,,lstm
126922,92,-0.141129,0.006897,1.869807,0.006386,0.016193,0.100219,0.008134,0.070948,0.0001,,,,,lstm
126922,92,-0.000796,0.007529,1.869882,0.006386,0.016067,0.072837,0.005856,0.036822,0.0001,,,,,lstm
126922,92,0.07427,0.008419,1.869967,0.006386,0.015144,0.063696,0.000431,0.0306,0.0001,,,,,lstm
126922,92,0.015292,0.007361,1.870057,0.006386,0.019174,0.089249,0.007899,0.051478,0.0001,,,,,lstm
126922,92,-0.095366,0.007155,1.870138,0.006386,0.02386,0.081543,0.016716,0.041681,0.0001,,,,,lstm
126922,92,-0.009489,0.007136,1.870241,0.006386,0.02466,0.025253,0.016015,0.019283,0.0001,,,,,lstm
132679,96,0.054976,0.007216,1.870341,0.006369,0.016582,0.049104,0.002406,0.026542,0.0001,,,,,lstm
132679,96,-0.089533,0.008418,1.870428,0.006369,0.017702,0.061245,0.002879,0.03618,0.0001,,,,,lstm
132679,96,-0.06444,0.006974,1.870504,0.006369,0.014622,0.084118,0.002621,0.032511,0.0001,,,,,lstm
132679,96,-0.112024,0.006849,1.870587,0.006369,0.015719,0.089132,0.004749,0.045154,0.0001,,,,,lstm
132679,96,-0.046075,0.006574,1.870666,0.006369,0.015236,0.050237,0.005902,0.034137,0.0001,,,,,lstm
132679,96,0.090855,0.009518,1.870729,0.006369,0.01884,0.171286,0.002435,0.113248,0.0001,,,,,lstm
132679,96,0.010672,0.008263,1.870799,0.006369,0.019159,0.105601,0.006707,0.042209,0.0001,,,,,lstm
132679,96,-0.155883,0.006731,1.870864,0.006369,0.020875,0.042475,0.013703,0.023535,0.0001,,,,,lstm
132679,96,0.076009,0.007227,1.870925,0.006369,0.020772,0.118085,0.012362,0.087721,0.0001,,,,,lstm
132679,96,-0.014409,0.00746,1.870971,0.006369,0.018823,0.13367,0.009612,0.084287,0.0001,,,,,lstm
132679,96,-0.109398,0.007283,1.871033,0.006369,0.014718,0.07397,0.004761,0.030826,0.0001,,,,,lstm
132679,96,0.047409,0.007895,1.87107,0.006369,0.016769,0.08366,0.003706,0.054546,0.0001,,,,,lstm
137614,100,-0.001103,0.008249,1.871089,0.006353,0.022054,0.074654,0.003761,0.033469,0.0001,,,,,lstm
137614,100,0.040264,0.007651,1.871127,0.006353,0.020452,0.041865,0.001685,0.019992,0.0001,,,,,lstm
137614,100,-0.077127,0.005908,1.871174,0.006353,0.015609,0.046972,0.003268,0.030547,0.0001,,,,,lstm
137614,100,0.030918,0.007911,1.871211,0.006353,0.021414,0.065802,0.00199,0.039612,0.0001,,,,,lstm
137614,100,-0.06299,0.006397,1.871255,0.006353,0.019323,0.051836,0.004797,0.017747,0.0001,,,,,lstm
137614,100,0.096603,0.009798,1.871314,0.006353,0.0193,0.074634,0.002902,0.04613,0.0001,,,,,lstm
137614,100,-0.000219,0.007751,1.871372,0.006353,0.023698,0.085321,0.009094,0.051139,0.0001,,,,,lstm
137614,100,-0.010179,0.006468,1.871431,0.006353,0.022657,0.064287,0.015148,0.046348,0.0001,,,,,lstm
137614,100,0.043343,0.009231,1.871493,0.006353,0.028566,0.064377,0.012118,0.035197,0.0001,,,,,lstm
137614,100,-0.05846,0.008108,1.871571,0.006353,0.025175,0.103454,0.011508,0.063481,0.0001,,,,,lstm
137614,100,0.061712,0.007557,1.871662,0.006353,0.019173,0.032923,0.00153,0.019727,0.0001,,,,,lstm
137614,100,0.009425,0.006604,1.871741,0.006353,0.02048,0.069074,0.008905,0.039161,0.0001,,,,,lstm
143469,104,-0.022794,0.006471,1.871818,0.006337,0.013918,0.0617,0.005629,0.038449,0.0001,,,,,lstm
143469,104,-0.100314,0.008137,1.871897,0.006337,0.017972,0.138995,0.009098,0.089977,0.0001,,,,,lstm
143469,104,0.025703,0.007004,1.87196,0.006337,0.019353,0.132496,0.009652,0.075326,0.0001,,,,,lstm
143469,104,-0.009286,0.00631,1.871987,0.006337,0.016708,0.071878,0.001005,0.045875,0.0001,,,,,lstm
143469,104,0.003268,0.007891,1.871997,0.006337,0.020123,0.124548,0.008806,0.063258,0.0001,,,,,lstm
143469,104,-0.103424,0.006573,1.871983,0.006337,0.030117,0.110338,0.024152,0.083528,0.0001,,,,,lstm
143469,104,0.080735,0.007081,1.871969,0.006337,0.029716,0.229426,0.022548,0.1663,0.0001,,,,,lstm
143469,104,-0.093209,0.006047,1.871932,0.006337,0.026538,0.040117,0.020021,0.029908,0.0001,,,,,lstm
143469,104,-0.095538,0.007575,1.871889,0.006337,0.021365,0.074661,0.009626,0.050095,0.0001,,,,,lstm
143469,104,-0.067082,0.007702,1.871842,0.006337,0.016096,0.04587,0.004732,0.030453,0.0001,,,,,lstm
143469,104,0.052941,0.00752,1.871792,0.006337,0.02529,0.169576,0.017484,0.110751,0.0001,,,,,lstm
143469,104,-0.094907,0.00672,1.871713,0.006337,0.022015,0.097291,0.014203,0.072015,0.0001,,,,,lstm
148429,108,0.015545,0.00707,1.871639,0.006321,0.021227,0.048096,0.007243,0.037216,0.0001,,,,,lstm
148429,108,0.003053,0.006899,1.871573,0.006321,0.020471,0.028473,0.004989,0.011189,0.0001,,,,,lstm
148429,108,0.043361,0.00964,1.871527,0.006321,0.027021,0.149097,0.00432,0.092114,0.0001,,,,,lstm
148429,108,0.088392,0.005742,1.871475,0.006321,0.017608,0.078042,0.003366,0.054957,0.0001,,,,,lstm
148429,108,-0.051117,0.009851,1.87142,0.006321,0.028275,0.132062,0.009484,0.096619,0.0001,,,,,lstm
148429,108,-0.00492,0.005022,1.871379,0.006321,0.015453,0.065553,0.006713,0.051957,0.0001,,,,,lstm
148429,108,0.021128,0.006579,1.871338,0.006321,0.019883,0.057832,0.004325,0.04135,0.0001,,,,,lstm
148429,108,-0.047417,0.008464,1.871293,0.006321,0.023763,0.053697,0.006211,0.02346,0.0001,,,,,lstm
148429,108,0.145756,0.005935,1.871264,0.006321,0.018806,0.025912,0.008251,0.014599,0.0001,,,,,lstm
148429,108,0.010752,0.008113,1.871228,0.006321,0.023959,0.061259,0.003312,0.042125,0.0001,,,,,lstm
148429,108,0.033283,0.007264,1.871191,0.006321,0.019938,0.032672,0.006937,0.020635,0.0001,,,,,lstm
148429,108,-0.015244,0.005702,1.871167,0.006321,0.020069,0.054381,0.00432,0.036226,0.0001,,,,,lstm
154151,112,-0.043442,0.005172,1.871159,0.006305,0.016313,0.021555,0.008584,0.015771,0.0001,,,,,lstm
154151,112,-0.002576,0.007905,1.871159,0.006305,0.019661,0.173976,0.008129,0.126231,0.0001,,,,,lstm
154151,112,-0.037329,0.006634,1.871158,0.006305,0.018761,0.068076,0.001209,0.03982,0.0001,,,,,lstm
154151,112,-0.109484,0.0057,1.871153,0.006305,0.019962,0.040409,0.007882,0.0185,0.0001,,,,,lstm
154151,112,-0.00471,0.006726,1.871165,0.006305,0.020895,0.185234,0.008702,0.136167,0.0001,,,,,lstm
154151,112,0.050139,0.006629,1.871171,0.006305,0.019734,0.157144,0.005744,0.10296,0.0001,,,,,lstm
154151,112,-0.007863,0.006177,1.871145,0.006305,0.016741,0.118667,0.006183,0.088624,0.0001,,,,,lstm
154151,112,0.008521,0.00656,1.871117,0.006305,0.021075,0.198438,0.005624,0.14094,0.0001,,,,,lstm
154151,112,-0.095635,0.006143,1.871104,0.006305,0.0223,0.100013,0.008671,0.058776,0.0001,,,,,lstm
154151,112,-0.04591,0.006581,1.871077,0.006305,0.020865,0.107995,0.005919,0.074174,0.0001,,,,,lstm
154151,112,0.048588,0.006447,1.871056,0.006305,0.01976,0.046509,0.002988,0.018602,0.0001,,,,,lstm
154151,112,-0.096606,0.005904,1.871021,0.006305,0.017929,0.047749,0.005087,0.012205,0.0001,,,,,lstm
158281,116,0.055644,0.00743,1.87099,0.006288,0.027455,0.05744,0.003794,0.032623,0.0001,,,,,lstm
158281,116,-0.00597,0.007799,1.870976,0.006288,0.030207,0.063143,0.004352,0.039001,0.0001,,,,,lstm
158281,116,-1.264899,0.009123,1.870966,0.006288,0.087072,1.180556,0.045494,0.694169,0.0001,,,,,lstm
158281,116,0.015356,0.009923,1.870947,0.006288,0.056422,0.058872,0.033787,0.04825,0.0001,,,,,lstm
158281,116,-0.003257,0.010504,1.870926,0.006288,0.074551,0.112381,0.047461,0.10091,0.0001,,,,,lstm
158281,116,-0.063014,0.009027,1.87091,0.006288,0.068732,0.196048,0.052057,0.151242,0.0001,,,,,lstm
158281,116,-0.015681,0.010351,1.8709,0.006288,0.074935,0.218272,0.047189,0.151654,0.0001,,,,,lstm
158281,116,0.022274,0.009922,1.870907,0.006288,0.05661,0.168723,0.035821,0.123376,0.0001,,,,,lstm
158281,116,0.034205,0.005966,1.87091,0.006288,0.025222,0.09413,0.010783,0.053263,0.0001,,,,,lstm
158281,116,0.027079,0.00631,1.870893,0.006288,0.024374,0.127204,0.008684,0.075825,0.0001,,,,,lstm
158281,116,-0.024894,0.008201,1.870874,0.006288,0.04683,0.10833,0.033748,0.066863,0.0001,,,,,lstm
158281,116,0.241189,0.004072,1.870874,0.006288,0.044382,0.158761,0.035302,0.097519,0.0001,,,,,lstm
162496,120,-0.045987,0.00853,1.870821,0.006272,0.032798,0.132083,0.022378,0.096861,0.0001,,,,,lstm
162496,120,0.045344,0.008539,1.870783,0.006272,0.029503,0.061382,0.021437,0.042885,0.0001,,,,,lstm
162496,120,-0.051404,0.006672,1.870742,0.006272,0.028216,0.198795,0.024261,0.133236,0.0001,,,,,lstm
162496,120,-0.003401,0.008406,1.870686,0.006272,0.024958,0.064696,0.009318,0.04528,0.0001,,,,,lstm
162496,120,-0.003184,0.008352,1.870644,0.006272,0.026593,0.100733,0.004968,0.065001,0.0001,,,,,lstm
162496,120,0.044542,0.012597,1.870602,0.006272,0.025872,0.127012,0.020956,0.090756,0.0001,,,,,lstm
162496,120,0.043173,0.01036,1.870556,0.006272,0.040927,0.072836,0.021822,0.055996,0.0001,,,,,lstm
162496,120,-0.01652,0.008,1.870513,0.006272,0.033075,0.099612,0.016792,0.069659,0.0001,,,,,lstm
162496,120,-0.358379,0.011184,1.870495,0.006272,0.055235,0.170405,0.009411,0.111294,0.0001,,,,,lstm
162496,120,0.021777,0.007847,1.870467,0.006272,0.029162,0.046576,0.007801,0.021949,0.0001,,,,,lstm
162496,120,-0.029524,0.009401,1.870458,0.006272,0.021916,0.066067,0.002149,0.042151,0.0001,,,,,lstm
162496,120,0.066353,0.006325,1.870452,0.006272,0.014112,0.147017,0.003343,0.086639,0.0001,,,,,lstm
168190,124,0.077638,0.008084,1.870456,0.006256,0.019861,0.104281,0.008667,0.072431,0.0001,,,,,lstm
168190,124,-0.02363,0.007149,1.870449,0.006256,0.016205,0.072718,0.007017,0.048449,0.0001,,,,,lstm
168190,124,-0.176359,0.006885,1.870447,0.006256,0.014373,0.103742,0.004197,0.065838,0.0001,,,,,lstm
168190,124,0.089624,0.006609,1.870445,0.006256,0.016666,0.091764,0.008425,0.066265,0.0001,,,,,lstm
168190,124,-0.193401,0.008801,1.870444,0.006256,0.01834,0.149072,0.011935,0.109994,0.0001,,,,,lstm
168190,124,0.020358,0.008548,1.870452,0.006256,0.021893,0.115952,0.01734,0.089356,0.0001,,,,,lstm
168190,124,0.059768,0.008122,1.870457,0.006256,0.020289,0.087126,0.014681,0.070363,0.0001,,,,,lstm
168190,124,-0.033452,0.007386,1.870455,0.006256,0.01467,0.049439,0.004765,0.034635,0.0001,,,,,lstm
168190,124,-0.139092,0.007699,1.870447,0.006256,0.014961,0.046026,0.003041,0.022509,0.0001,,,,,lstm
168190,124,0.075407,0.007457,1.870444,0.006256,0.018456,0.083495,0.005194,0.062336,0.0001,,,,,lstm
168190,124,-0.038477,0.007025,1.870432,0.006256,0.019194,0.042578,0.012378,0.027948,0.0001,,,,,lstm
168190,124,-0.15354,0.007789,1.870432,0.006256,0.022237,0.125897,0.016103,0.080705,0.0001,,,,,lstm
173952,128,0.007225,0.008144,1.870426,0.00624,0.020497,0.110993,0.007288,0.065523,0.0001,,,,,lstm
173952,128,-0.0597,0.006607,1.870427,0.00624,0.017736,0.07784,0.005738,0.050547,0.0001,,,,,lstm
173952,128,-0.017822,0.007338,1.870413,0.00624,0.018801,0.055097,0.001079,0.027613,0.0001,,,,,lstm
173952,128,-0.145339,0.007788,1.8704,0.00624,0.015348,0.042124,0.001976,0.026546,0.0001,,,,,lstm
173952,128,0.125877,0.007149,1.870381,0.00624,0.017951,0.116809,0.005982,0.07575,0.0001,,,,,lstm
173952,128,-0.056942,0.007342,1.870351,0.00624,0.016547,0.146198,0.001909,0.076661,0.0001,,,,,lstm
173952,128,-0.060536,0.007117,1.870324,0.00624,0.016336,0.126115,0.004456,0.081849,0.0001,,,,,lstm
173952,128,-0.003316,0.006676,1.870312,0.00624,0.019221,0.032976,0.010759,0.016376,0.0001,,,,,lstm
173952,128,-0.001716,0.008006,1.870289,0.00624,0.026647,0.053597,0.015465,0.025197,0.0001,,,,,lstm
173952,128,-0.011723,0.007325,1.870251,0.00624,0.025907,0.080014,0.01843,0.054732,0.0001,,,,,lstm
173952,128,-0.027876,0.00654,1.870197,0.00624,0.025236,0.133662,0.016505,0.090866,0.0001,,,,,lstm
173952,128,-0.029844,0.007919,1.870154,0.00624,0.021129,0.091514,0.011535,0.047876,0.0001,,,,,lstm
179728,132,0.041773,0.007132,1.870119,0.006224,0.016381,0.042039,0.009626,0.024574,0.0001,,,,,lstm
179728,132,-0.063564,0.007774,1.870097,0.006224,0.014561,0.031343,0.00638,0.011798,0.0001,,,,,lstm
179728,132,-0.081401,0.00678,1.870067,0.006224,0.01319,0.117628,0.002177,0.065098,0.0001,,,,,lstm
179728,132,-0.135465,0.007015,1.870008,0.006224,0.015027,0.102042,0.005828,0.058896,0.0001,,,,,lstm
179728,132,0.076074,0.007799,1.869948,0.006224,0.024628,0.059916,0.01959,0.042585,0.0001,,,,,lstm
179728,132,-0.035322,0.009649,1.869887,0.006224,0.032493,0.086062,0.026178,0.067546,0.0001,,,,,lstm
179728,132,0.048965,0.009551,1.869823,0.006224,0.036132,0.04509,0.029501,0.04124,0.0001,,,,,lstm
179728,132,-0.066794,0.008453,1.869775,0.006224,0.029698,0.064054,0.024002,0.028361,0.0001,,,,,lstm
179728,132,-0.082308,0.007396,1.869708,0.006224,0.025449,0.044059,0.01976,0.033712,0.0001,,,,,lstm
179728,132,-0.032127,0.007692,1.869636,0.006224,0.021213,0.03299,0.014884,0.023394,0.0001,,,,,lstm
179728,132,-0.022771,0.007981,1.86956,0.006224,0.015089,0.074874,0.007896,0.046878,0.0001,,,,,lstm
179728,132,-0.040349,0.007341,1.869479,0.006224,0.012994,0.122459,0.001925,0.091967,0.0001,,,,,lstm
184742,136,-0.009242,0.007533,1.86941,0.006207,0.020955,0.034788,0.01082,0.020454,0.0001,,,,,lstm
184742,136,0.007825,0.007614,1.869347,0.006207,0.020822,0.04833,0.014855,0.038045,0.0001,,,,,lstm
184742,136,0.015568,0.006664,1.869296,0.006207,0.023646,0.108212,0.013544,0.044463,0.0001,,,,,lstm
184742,136,0.001733,0.005999,1.869284,0.006207,0.021469,0.040191,0.01629,0.022345,0.0001,,,,,lstm
184742,136,-0.033232,0.008497,1.869278,0.006207,0.027545,0.041329,0.018345,0.034278,0.0001,,,,,lstm
184742,136,0.080799,0.007978,1.869281,0.006207,0.021051,0.135764,0.011209,0.09029,0.0001,,,,,lstm
184742,136,0.016728,0.007288,1.869276,0.006207,0.0193,0.031692,0.011822,0.017819,0.0001,,,,,lstm
184742,136,-0.038124,0.007258,1.869268,0.006207,0.023842,0.069073,0.011975,0.043555,0.0001,,,,,lstm
184742,136,0.062581,0.007868,1.869272,0.006207,0.015925,0.031731,0.005723,0.019621,0.0001,,,,,lstm
184742,136,0.017963,0.007562,1.86928,0.006207,0.019976,0.054696,0.004154,0.032375,0.0001,,,,,lstm
184742,136,-0.004522,0.007787,1.869298,0.006207,0.021308,0.063567,0.002151,0.038435,0.0001,,,,,lstm
184742,136,-0.012056,0.006946,1.869316,0.006207,0.020104,0.032712,0.002182,0.014163,0.0001,,,,,lstm
189723,140,-0.045093,0.008713,1.869344,0.006191,0.026238,0.065458,0.011015,0.041357,0.0001,,,,,lstm
189723,140,0.036305,0.007749,1.869365,0.006191,0.018947,0.103219,0.001631,0.069467,0.0001,,,,,lstm
189723,140,0.087912,0.007533,1.869385,0.006191,0.01789,0.049884,0.001614,0.022598,0.0001,,,,,lstm
189723,140,0.025946,0.009495,1.869417,0.006191,0.024872,0.066264,0.004238,0.037829,0.0001,,,,,lstm
189723,140,-0.003367,0.00698,1.869444,0.006191,0.021822,0.044451,0.005817,0.025815,0.0001,,,,,lstm
189723,140,0.018483,0.007614,1.869474,0.006191,0.022314,0.091331,0.006758,0.059103,0.0001,,,,,lstm
189723,140,0.021198,0.00819,1.869496,0.006191,0.022478,0.041706,0.007699,0.021285,0.0001,,,,,lstm
189723,140,0.011773,0.007904,1.869513,0.006191,0.024626,0.040499,0.010161,0.028995,0.0001,,,,,lstm
189723,140,-0.001416,0.008223,1.869531,0.006191,0.026332,0.083548,0.011847,0.040353,0.0001,,,,,lstm
189723,140,0.018781,0.007604,1.86955,0.006191,0.022238,0.037566,0.009156,0.020287,0.0001,,,,,lstm
189723,140,0.027629,0.007397,1.869579,0.006191,0.023346,0.037022,0.009099,0.018013,0.0001,,,,,lstm
189723,140,-0.030912,0.010451,1.869598,0.006191,0.028965,0.076747,0.012516,0.050235,0.0001,,,,,lstm
195440,144,-0.114844,0.008295,1.869598,0.006175,0.01672,0.045207,0.003238,0.021471,0.0001,,,,,lstm
195440,144,0.033808,0.006132,1.869593,0.006175,0.014993,0.033546,0.003673,0.013742,0.0001,,,,,lstm
195440,144,-0.004722,0.006882,1.869585,0.006175,0.01699,0.07269,0.008098,0.039307,0.0001,,,,,lstm
195440,144,-0.048744,0.008626,1.869579,0.006175,0.017403,0.071132,0.008654,0.042103,0.0001,,,,,lstm
195440,144,-0.056994,0.00684,1.869587,0.006175,0.016911,0.124176,0.009217,0.087577,0.0001,,,,,lstm
195440,144,0.028118,0.00601,1.869577,0.006175,0.016029,0.096559,0.0065,0.067076,0.0001,,,,,lstm
195440,144,-0.033341,0.007528,1.869566,0.006175,0.015448,0.068173,0.000389,0.037877,0.0001,,,,,lstm
195440,144,0.010118,0.006856,1.869545,0.006175,0.014914,0.102684,0.006975,0.070614,0.0001,,,,,lstm
195440,144,-0.073218,0.006224,1.86951,0.006175,0.014954,0.061407,0.007904,0.027895,0.0001,,,,,lstm
195440,144,-0.046809,0.006875,1.869491,0.006175,0.015025,0.0884,0.006533,0.062776,0.0001,,,,,lstm
195440,144,-0.040061,0.007316,1.869486,0.006175,0.015664,0.063817,0.003326,0.03714,0.0001,,,,,lstm
195440,144,0.005038,0.006619,1.869473,0.006175,0.015377,0.16669,0.002314,0.110929,0.0001,,,,,lstm
200367,148,-0.030028,0.00692,1.869458,0.006159,0.017383,0.059581,0.003343,0.031106,0.0001,,,,,lstm
200367,148,-0.004275,0.008072,1.869448,0.006159,0.021258,0.048114,0.002206,0.02888,0.0001,,,,,lstm
200367,148,0.089735,0.006484,1.869449,0.006159,0.021122,0.075452,0.008996,0.032347,0.0001,,,,,lstm
200367,148,-0.08682,0.007012,1.869423,0.006159,0.022192,0.05584,0.006288,0.03046,0.0001,,,,,lstm
200367,148,0.04503,0.008266,1.869396,0.006159,0.027415,0.063078,0.014934,0.052326,0.0001,,,,,lstm
200367,148,0.111975,0.007721,1.869377,0.006159,0.023836,0.047971,0.017166,0.040334,0.0001,,,,,lstm
200367,148,-0.060098,0.007106,1.869361,0.006159,0.022939,0.027733,0.006218,0.016147,0.0001,,,,,lstm
200367,148,0.037194,0.008382,1.869339,0.006159,0.018626,0.049552,0.004366,0.032891,0.0001,,,,,lstm
200367,148,0.066415,0.005556,1.869329,0.006159,0.0145,0.072957,0.00136,0.049668,0.0001,,,,,lstm
200367,148,0.008143,0.007059,1.869323,0.006159,0.016263,0.060055,0.006431,0.042063,0.0001,,,,,lstm
200367,148,0.021494,0.006316,1.869318,0.006159,0.017048,0.045669,0.006725,0.032849,0.0001,,,,,lstm
200367,148,-0.059282,0.009114,1.869313,0.006159,0.0247,0.090614,0.010875,0.036671,0.0001,,,,,lstm
205323,152,0.030883,0.007462,1.869334,0.006143,0.018051,0.037246,0.005265,0.025071,0.0001,,,,,lstm
205323,152,-0.036052,0.008808,1.869357,0.006143,0.021508,0.026452,0.005142,0.018605,0.0001,,,,,lstm
205323,152,0.070899,0.005783,1.869379,0.006143,0.015138,0.027774,0.001673,0.016662,0.0001,,,,,lstm
205323,152,0.023694,0.007238,1.869402,0.006143,0.01675,0.033997,0.001723,0.013572,0.0001,,,,,lstm
205323,152,-0.027512,0.008993,1.869437,0.006143,0.021004,0.036809,0.000951,0.0225,0.0001,,,,,lstm
205323,152,0.070202,0.006288,1.869462,0.006143,0.019598,0.066711,0.005178,0.022166,0.0001,,,,,lstm
205323,152,-0.068498,0.00933,1.86948,0.006143,0.024076,0.044,0.001289,0.023202,0.0001,,,,,lstm
205323,152,0.055309,0.005933,1.869498,0.006143,0.016397,0.030585,0.007109,0.021848,0.0001,,,,,lstm
205323,152,0.092517,0.00899,1.86952,0.006143,0.016733,0.053123,0.009353,0.030599,0.0001,,,,,lstm
205323,152,0.036406,0.00822,1.869538,0.006143,0.018962,0.031021,0.005902,0.013551,0.0001,,,,,lstm
205323,152,0.016022,0.007553,1.869558,0.006143,0.018441,0.027484,0.005895,0.011539,0.0001,,,,,lstm
205323,152,-0.057672,0.007738,1.869585,0.006143,0.02183,0.034151,0.001574,0.018494,0.0001,,,,,lstm
210967,156,-0.003815,0.00716,1.869608,0.006126,0.013878,0.067015,0.001152,0.037157,0.0001,,,,,lstm
210967,156,-0.07138,0.006191,1.869623,0.006126,0.013608,0.117912,0.00537,0.066105,0.0001,,,,,lstm
210967,156,-0.019718,0.006827,1.869649,0.006126,0.018819,0.120458,0.011973,0.068202,0.0001,,,,,lstm
210967,156,-0.093443,0.0069,1.869664,0.006126,0.029751,0.052761,0.024826,0.033846,0.0001,,,,,lstm
210967,156,0.029918,0.006532,1.86968,0.006126,0.034376,0.059301,0.028834,0.033671,0.0001,,,,,lstm
210967,156,-0.030575,0.007237,1.869703,0.006126,0.040411,0.051575,0.035025,0.067287,0.0001,,,,,lstm
210967,156,-0.00182,0.006971,1.869721,0.006126,0.034405,0.138769,0.028812,0.109394,0.0001,,,,,lstm
210967,156,-0.037423,0.005718,1.869749,0.006126,0.020793,0.046632,0.017493,0.042496,0.0001,,,,,lstm
210967,156,-0.063021,0.007779,1.869789,0.006126,0.015973,0.048769,0.001322,0.037543,0.0001,,,,,lstm
210967,156,0.010067,0.006655,1.869826,0.006126,0.020422,0.061192,0.014908,0.052092,0.0001,,,,,lstm
210967,156,0.016064,0.008063,1.869861,0.006126,0.028447,0.106129,0.02361,0.085615,0.0001,,,,,lstm
210967,156,-0.14861,0.007648,1.869883,0.006126,0.026078,0.11798,0.021012,0.083181,0.0001,,,,,lstm
216618,160,-0.095462,0.005958,1.869922,0.00611,0.013957,0.048663,0.004595,0.030103,0.0001,,,,,lstm
216618,160,-0.039001,0.006413,1.869943,0.00611,0.018111,0.124166,0.002961,0.077402,0.0001,,,,,lstm
216618,160,0.079398,0.006812,1.869947,0.00611,0.023147,0.112634,0.014103,0.074278,0.0001,,,,,lstm
216618,160,0.010018,0.005397,1.869927,0.00611,0.033161,0.112674,0.027858,0.097985,0.0001,,,,,lstm
216618,160,-0.107091,0.006554,1.869896,0.00611,0.035728,0.159187,0.030051,0.130425,0.0001,,,,,lstm
216618,160,0.031768,0.007564,1.869863,0.00611,0.022674,0.10751,0.013117,0.080399,0.0001,,,,,lstm
216618,160,-0.133891,0.006196,1.869831,0.00611,0.016753,0.083166,0.001411,0.052798,0.0001,,,,,lstm
216618,160,0.037494,0.006652,1.869791,0.00611,0.024799,0.105329,0.016802,0.073139,0.0001,,,,,lstm
216618,160,0.032152,0.007475,1.869726,0.00611,0.025917,0.039332,0.020026,0.023601,0.0001,,,,,lstm
216618,160,-0.03125,0.006214,1.869664,0.00611,0.026403,0.056526,0.019973,0.033836,0.0001,,,,,lstm
216618,160,-0.001087,0.007282,1.869581,0.00611,0.025114,0.08083,0.019632,0.064759,0.0001,,,,,lstm
216618,160,-0.050512,0.00719,1.869489,0.00611,0.021968,0.056689,0.010454,0.034024,0.0001,,,,,lstm
222320,164,0.001554,0.0069,1.8694,0.006094,0.019253,0.10274,0.004701,0.070633,0.0001,,,,,lstm
222320,164,-0.078868,0.006096,1.869329,0.006094,0.019931,0.072017,0.006416,0.052796,0.0001,,,,,lstm
222320,164,0.032303,0.006071,1.869265,0.006094,0.020017,0.134004,0.007666,0.097578,0.0001,,,,,lstm
222320,164,-0.10342,0.005992,1.869235,0.006094,0.021888,0.146511,0.010684,0.106562,0.0001,,,,,lstm
222320,164,-0.006792,0.006065,1.869223,0.006094,0.019701,0.249168,0.001693,0.183353,0.0001,,,,,lstm
222320,164,0.074254,0.007482,1.869226,0.006094,0.021027,0.056459,0.008478,0.041681,0.0001,,,,,lstm
222320,164,0.032161,0.006324,1.869238,0.006094,0.020383,0.036805,0.011907,0.030121,0.0001,,,,,lstm
222320,164,0.024397,0.007371,1.869243,0.006094,0.024414,0.11375,0.015607,0.07885,0.0001,,,,,lstm
222320,164,-0.131051,0.006435,1.869263,0.006094,0.021614,0.112629,0.012597,0.07131,0.0001,,,,,lstm
222320,164,0.039661,0.006415,1.869309,0.006094,0.026304,0.114681,0.019619,0.084448,0.0001,,,,,lstm
222320,164,-0.079401,0.007644,1.869365,0.006094,0.027284,0.113652,0.019815,0.08512,0.0001,,,,,lstm
222320,164,-0.012426,0.006823,1.869442,0.006094,0.023738,0.141051,0.017173,0.107352,0.0001,,,,,lstm
227264,168,-0.020049,0.006351,1.869508,0.006078,0.019199,0.020123,0.001156,0.008871,0.0001,,,,,lstm
227264,168,0.030362,0.007139,1.869566,0.006078,0.019899,0.042141,0.007848,0.032606,0.0001,,,,,lstm
227264,168,0.015831,0.005069,1.869615,0.006078,0.020998,0.058728,0.014349,0.033462,0.0001,,,,,lstm
227264,168,-0.04721,0.006357,1.869687,0.006078,0.026703,0.030236,0.019354,0.025972,0.0001,,,,,lstm
227264,168,0.007554,0.007077,1.869747,0.006078,0.02411,0.053936,0.016558,0.049394,0.0001,,,,,lstm
227264,168,0.133487,0.004836,1.869807,0.006078,0.015529,0.083123,0.007262,0.058869,0.0001,,,,,lstm
227264,168,-0.033028,0.005684,1.869874,0.006078,0.016253,0.043359,0.003344,0.025711,0.0001,,,,,lstm
227264,168,0.014109,0.006442,1.869944,0.006078,0.017561,0.049195,0.005532,0.027796,0.0001,,,,,lstm
227264,168,0.087371,0.009057,1.870006,0.006078,0.027432,0.124552,0.013191,0.074753,0.0001,,,,,lstm
227264,168,0.074974,0.007857,1.870065,0.006078,0.029692,0.046437,0.022304,0.045433,0.0001,,,,,lstm
227264,168,-0.078999,0.007223,1.870108,0.006078,0.034432,0.063963,0.018387,0.046547,0.0001,,,,,lstm
227264,168,0.054216,0.006229,1.870173,0.006078,0.026041,0.039949,0.02111,0.039969,0.0001,,,,,lstm
233010,172,-0.032922,0.006068,1.870219,0.006062,0.015195,0.103649,0.007734,0.051176,0.0001,,,,,lstm
233010,172,-0.001199,0.005807,1.870284,0.006062,0.013629,0.009105,0.001879,0.007588,0.0001,,,,,lstm
233010,172,-0.06939,0.00566,1.870345,0.006062,0.015548,0.084107,0.006903,0.059459,0.0001,,,,,lstm
233010,172,-0.077154,0.00502,1.870397,0.006062,0.021447,0.041538,0.014596,0.016531,0.0001,,,,,lstm
233010,172,0.054275,0.005932,1.870446,0.006062,0.026783,0.060557,0.016322,0.032869,0.0001,,,,,lstm
233010,172,-0.082615,0.006261,1.870508,0.006062,0.030234,0.102532,0.023355,0.078703,0.0001,,,,,lstm
233010,172,-0.036047,0.006017,1.870567,0.006062,0.031021,0.06094,0.022197,0.032712,0.0001,,,,,lstm
233010,172,0.018183,0.005576,1.870632,0.006062,0.026191,0.145648,0.018458,0.111888,0.0001,,,,,lstm
233010,172,-0.088621,0.005362,1.870677,0.006062,0.015846,0.091223,0.009047,0.074662,0.0001,,,,,lstm
233010,172,-0.071942,0.005113,1.870708,0.006062,0.012306,0.067831,0.003221,0.045828,0.0001,,,,,lstm
233010,172,0.012978,0.007124,1.870726,0.006062,0.017767,0.051292,0.013852,0.046276,0.0001,,,,,lstm
233010,172,-0.035576,0.005924,1.870733,0.006062,0.020417,0.104175,0.01549,0.035242,0.0001,,,,,lstm
238806,176,-0.019835,0.006328,1.870771,0.006045,0.017685,0.074902,0.011054,0.053425,0.0001,,,,,lstm
238806,176,-0.003238,0.006094,1.870798,0.006045,0.018586,0.078908,0.013066,0.058154,0.0001,,,,,lstm
238806,176,-0.064676,0.005782,1.870811,0.006045,0.016681,0.064309,0.010595,0.042076,0.0001,,,,,lstm
238806,176,0.056299,0.006869,1.870807,0.006045,0.015223,0.053041,0.007817,0.037605,0.0001,,,,,lstm
238806,176,0.004043,0.005313,1.870786,0.006045,0.016553,0.109108,0.002874,0.075042,0.0001,,,,,lstm
238806,176,-0.159011,0.005013,1.870742,0.006045,0.01825,0.079387,0.010721,0.063036,0.0001,,,,,lstm
238806,176,-0.055477,0.005125,1.870711,0.006045,0.018409,0.179871,0.011105,0.143068,0.0001,,,,,lstm
238806,176,-0.075411,0.005459,1.870685,0.006045,0.017729,0.043955,0.006814,0.023569,0.0001,,,,,lstm
238806,176,0.064559,0.006565,1.870649,0.006045,0.016695,0.054126,0.00283,0.023308,0.0001,,,,,lstm
238806,176,-0.054438,0.006731,1.870593,0.006045,0.016665,0.10305,0.000467,0.056703,0.0001,,,,,lstm
238806,176,-0.076054,0.004986,1.870505,0.006045,0.016116,0.042697,0.006657,0.025704,0.0001,,,,,lstm
238806,176,0.063888,0.006256,1.870423,0.006045,0.021326,0.075287,0.015096,0.058502,0.0001,,,,,lstm
243777,180,-0.010999,0.006161,1.870335,0.006029,0.020366,0.069563,0.008325,0.044508,0.0001,,,,,lstm
243777,180,-0.015423,0.006678,1.870246,0.006029,0.023029,0.06623,0.008489,0.032599,0.0001,,,,,lstm
243777,180,0.131425,0.004921,1.870144,0.006029,0.018978,0.085148,0.012076,0.047573,0.0001,,,,,lstm
243777,180,-0.065919,0.005501,1.870074,0.006029,0.019364,0.046346,0.005492,0.025037,0.0001,,,,,lstm
243777,180,0.064036,0.006966,1.870008,0.006029,0.022423,0.051749,0.010725,0.022322,0.0001,,,,,lstm
243777,180,0.080408,0.005534,1.869934,0.006029,0.01823,0.126166,0.00966,0.074022,0.0001,,,,,lstm
243777,180,-0.060747,0.006338,1.869833,0.006029,0.020969,0.116289,0.005914,0.082655,0.0001,,,,,lstm
243777,180,0.091506,0.006575,1.869725,0.006029,0.01972,0.063821,0.009189,0.043955,0.0001,,,,,lstm
243777,180,0.010668,0.004323,1.869613,0.006029,0.014198,0.108721,0.004296,0.056936,0.0001,,,,,lstm
243777,180,-0.051401,0.005874,1.869487,0.006029,0.017006,0.047546,0.001236,0.018955,0.0001,,,,,lstm
243777,180,0.102636,0.005933,1.869352,0.006029,0.017837,0.054685,0.002038,0.031305,0.0001,,,,,lstm
243777,180,-0.038664,0.005805,1.86922,0.006029,0.017664,0.046739,0.004013,0.027378,0.0001,,,,,lstm
249487,184,-0.005594,0.007084,1.869099,0.006013,0.014242,0.052827,0.007246,0.041154,0.0001,,,,,lstm
249487,184,-0.059132,0.005405,1.868983,0.006013,0.012876,0.044275,0.001062,0.031114,0.0001,,,,,lstm
249487,184,-0.023457,0.005621,1.868882,0.006013,0.014338,0.090976,0.001447,0.064319,0.0001,,,,,lstm
249487,184,-0.078538,0.005457,1.868809,0.006013,0.012912,0.083509,0.001659,0.054538,0.0001,,,,,lstm
249487,184,0.063004,0.00697,1.868743,0.006013,0.017367,0.100325,0.00151,0.076653,0.0001,,,,,lstm
249487,184,-0.082045,0.005432,1.868685,0.006013,0.01424,0.08366,0.005419,0.060628,0.0001,,,,,lstm
249487,184,-0.015699,0.006027,1.868645,0.006013,0.013133,0.075316,0.001218,0.055716,0.0001,,,,,lstm
249487,184,-0.131475,0.005493,1.86862,0.006013,0.013677,0.144773,0.003997,0.110593,0.0001,,,,,lstm
249487,184,0.082106,0.007283,1.868615,0.006013,0.017988,0.111039,0.009634,0.074843,0.0001,,,,,lstm
249487,184,-0.02777,0.006166,1.868585,0.006013,0.014346,0.071775,0.002073,0.05419,0.0001,,,,,lstm
249487,184,0.012646,0.005982,1.868569,0.006013,0.016867,0.034232,0.003853,0.023322,0.0001,,,,,lstm
249487,184,-0.084406,0.005875,1.868552,0.006013,0.018286,0.03266,0.010021,0.027731,0.0001,,,,,lstm
254469,188,0.077206,0.007104,1.868541,0.005997,0.01824,0.093128,0.001652,0.060063,0.0001,,,,,lstm
254469,188,-0.051172,0.006335,1.868523,0.005997,0.015227,0.058931,0.000913,0.036778,0.0001,,,,,lstm
254469,188,-0.018087,0.006338,1.86851,0.005997,0.018396,0.05554,0.006825,0.022333,0.0001,,,,,lstm
254469,188,0.07128,0.00662,1.868489,0.005997,0.018723,0.074409,0.012068,0.044561,0.0001,,,,,lstm
254469,188,0.020237,0.006846,1.86847,0.005997,0.026832,0.053964,0.013785,0.03259,0.0001,,,,,lstm
254469,188,-0.164974,0.008392,1.86845,0.005997,0.028691,0.063468,0.011421,0.039268,0.0001,,,,,lstm
254469,188,0.038675,0.0076,1.868422,0.005997,0.028996,0.018771,0.020279,0.024853,0.0001,,,,,lstm
254469,188,0.059278,0.006844,1.868389,0.005997,0.02829,0.025475,0.020334,0.018862,0.0001,,,,,lstm
254469,188,-0.17212,0.008041,1.868351,0.005997,0.035079,0.089891,0.01041,0.051781,0.0001,,,,,lstm
254469,188,0.060851,0.008104,1.86834,0.005997,0.023851,0.054816,0.012015,0.041559,0.0001,,,,,lstm
254469,188,-0.029662,0.006484,1.868322,0.005997,0.023013,0.029908,0.001409,0.006973,0.0001,,,,,lstm
254469,188,-0.019362,0.004896,1.8683,0.005997,0.01709,0.035197,0.007221,0.026442,0.0001,,,,,lstm
260158,192,0.036913,0.007599,1.868281,0.005981,0.015437,0.044732,0.001851,0.012643,0.0001,,,,,lstm
260158,192,0.00932,0.006396,1.868241,0.005981,0.016757,0.101607,0.007778,0.059156,0.0001,,,,,lstm
260158,192,-0.158507,0.006013,1.868225,0.005981,0.022842,0.121895,0.01896,0.059461,0.0001,,,,,lstm
260158,192,-0.021628,0.006206,1.868217,0.005981,0.033275,0.032922,0.026439,0.034349,0.0001,,,,,lstm
260158,192,-0.021807,0.006641,1.86822,0.005981,0.038887,0.042359,0.032379,0.037809,0.0001,,,,,lstm
260158,192,-0.045092,0.008182,1.868221,0.005981,0.040343,0.087359,0.033376,0.045843,0.0001,,,,,lstm
260158,192,-0.084912,0.006841,1.868207,0.005981,0.039606,0.146857,0.033176,0.123322,0.0001,,,,,lstm
260158,192,0.069161,0.00691,1.8682,0.005981,0.025337,0.078031,0.019321,0.038302,0.0001,,,,,lstm
260158,192,-0.080158,0.006273,1.86818,0.005981,0.020727,0.066798,0.013553,0.055407,0.0001,,,,,lstm
260158,192,0.007572,0.005997,1.868159,0.005981,0.012504,0.054166,0.001771,0.029752,0.0001,,,,,lstm
260158,192,0.006249,0.007226,1.868139,0.005981,0.013821,0.082537,0.006275,0.058585,0.0001,,,,,lstm
260158,192,-0.116827,0.006991,1.868114,0.005981,0.011201,0.078579,0.004756,0.035678,0.0001,,,,,lstm
265889,196,-0.098098,0.006083,1.868083,0.005964,0.012625,0.086138,0.002102,0.056067,0.0001,,,,,lstm
265889,196,0.063131,0.006193,1.868076,0.005964,0.013867,0.103155,0.005251,0.057449,0.0001,,,,,lstm
265889,196,-0.065442,0.007477,1.868052,0.005964,0.012783,0.052006,0.003824,0.036417,0.0001,,,,,lstm
265889,196,-0.050885,0.007213,1.868029,0.005964,0.01318,0.151259,0.00084,0.102006,0.0001,,,,,lstm
265889,196,-0.020133,0.005471,1.868009,0.005964,0.015116,0.088897,0.008253,0.058838,0.0001,,,,,lstm
265889,196,-0.020941,0.006591,1.86798,0.005964,0.018923,0.292982,0.012537,0.207065,0.0001,,,,,lstm
265889,196,-0.012139,0.006186,1.867969,0.005964,0.012403,0.140127,0.001473,0.096612,0.0001,,,,,lstm
265889,196,-0.044237,0.006787,1.86797,0.005964,0.017783,0.074513,0.011214,0.041978,0.0001,,,,,lstm
265889,196,-0.037921,0.007376,1.867967,0.005964,0.024421,0.13658,0.020117,0.104537,0.0001,,,,,lstm
265889,196,-0.056263,0.006746,1.867956,0.005964,0.026411,0.091104,0.021749,0.062323,0.0001,,,,,lstm
265889,196,-0.076649,0.008045,1.867947,0.005964,0.030893,0.074653,0.025902,0.069339,0.0001,,,,,lstm
265889,196,0.057288,0.007034,1.86794,0.005964,0.026384,0.115257,0.021081,0.080313,0.0001,,,,,lstm
270854,200,0.049017,0.006648,1.867933,0.005948,0.019048,0.043412,0.002023,0.032461,0.0001,,,,,lstm
270854,200,-0.035262,0.006544,1.867932,0.005948,0.023205,0.081609,0.013915,0.054101,0.0001,,,,,lstm
270854,200,0.032699,0.006059,1.867916,0.005948,0.028395,0.095133,0.018965,0.058923,0.0001,,,,,lstm
270854,200,0.074726,0.00625,1.867867,0.005948,0.028044,0.058973,0.019561,0.034648,0.0001,,,,,lstm
270854,200,0.004873,0.006112,1.867818,0.005948,0.031729,0.045924,0.024122,0.046161,0.0001,,,,,lstm
270854,200,-0.116208,0.008157,1.867764,0.005948,0.037064,0.208277,0.024737,0.121022,0.0001,,,,,lstm
270854,200,-0.048245,0.006951,1.867694,0.005948,0.024293,0.090312,0.009318,0.05058,0.0001,,,,,lstm
270854,200,-0.022225,0.006059,1.867622,0.005948,0.019913,0.018236,0.007139,0.013438,0.0001,,,,,lstm
270854,200,0.227861,0.008229,1.867551,0.005948,0.038137,0.112948,0.028985,0.083692,0.0001,,,,,lstm
270854,200,-0.006764,0.00662,1.867465,0.005948,0.034206,0.044134,0.019715,0.027134,0.0001,,,,,lstm
270854,200,0.042502,0.008952,1.867369,0.005948,0.036801,0.066002,0.02089,0.059079,0.0001,,,,,lstm
270854,200,-0.010815,0.005312,1.867277,0.005948,0.024653,0.042532,0.014015,0.030047,0.0001,,,,,lstm
276601,204,-0.002711,0.006065,1.867207,0.005932,0.016608,0.098254,0.004183,0.052746,0.0001,,,,,lstm
276601,204,-0.040614,0.007011,1.867131,0.005932,0.017251,0.073721,0.005954,0.028188,0.0001,,,,,lstm
276601,204,-0.03828,0.005579,1.867037,0.005932,0.021219,0.056455,0.013678,0.036311,0.0001,,,,,lstm
276601,204,-0.030672,0.006216,1.86693,0.005932,0.025857,0.059405,0.018645,0.043697,0.0001,,,,,lstm
276601,204,0.019374,0.006701,1.866823,0.005932,0.02438,0.161318,0.016078,0.123027,0.0001,,,,,lstm
276601,204,-0.076352,0.00563,1.866711,0.005932,0.018689,0.23357,0.008761,0.173855,0.0001,,,,,lstm
276601,204,0.011861,0.006106,1.86659,0.005932,0.018922,0.078146,0.006676,0.046817,0.0001,,,,,lstm
276601,204,-0.036827,0.007279,1.866466,0.005932,0.022564,0.04516,0.015605,0.026873,0.0001,,,,,lstm
276601,204,-0.06065,0.006899,1.866341,0.005932,0.026971,0.071953,0.020281,0.038548,0.0001,,,,,lstm
276601,204,0.024807,0.007796,1.866205,0.005932,0.03036,0.125598,0.023901,0.101583,0.0001,,,,,lstm
276601,204,-0.048551,0.006086,1.866078,0.005932,0.023419,0.111482,0.014265,0.057246,0.0001,,,,,lstm
276601,204,-0.062705,0.006586,1.865948,0.005932,0.016014,0.083997,0.006644,0.047488,0.0001,,,,,lstm
281532,208,-0.057157,0.006866,1.865813,0.005916,0.021216,0.081769,0.000575,0.059748,0.0001,,,,,lstm
281532,208,0.129497,0.00633,1.865699,0.005916,0.022138,0.059859,0.004469,0.039207,0.0001,,,,,lstm
281532,208,-0.130479,0.006499,1.865583,0.005916,0.032586,0.07231,0.020097,0.048755,0.0001,,,,,lstm
281532,208,0.011906,0.006539,1.865492,0.005916,0.028343,0.062686,0.016892,0.040923,0.0001,,,,,lstm
281532,208,-0.014758,0.007439,1.865422,0.005916,0.031997,0.050289,0.019609,0.042536,0.0001,,,,,lstm
281532,208,0.04362,0.004634,1.86535,0.005916,0.024665,0.061049,0.013061,0.046851,0.0001,,,,,lstm
281532,208,-0.054134,0.006463,1.865279,0.005916,0.025123,0.054527,0.011372,0.028139,0.0001,,,,,lstm
281532,208,0.009008,0.006596,1.865211,0.005916,0.025322,0.070328,0.00254,0.048293,0.0001,,,,,lstm
281532,208,0.149518,0.00723,1.865145,0.005916,0.022522,0.060437,0.009752,0.038467,0.0001,,,,,lstm
281532,208,0.03783,0.008048,1.865103,0.005916,0.031446,0.057136,0.010668,0.042496,0.0001,,,,,lstm
281532,208,0.0335,0.006623,1.865069,0.005916,0.027111,0.04157,0.012375,0.023151,0.0001,,,,,lstm
281532,208,-0.124572,0.005937,1.865031,0.005916,0.028523,0.048992,0.008901,0.02526,0.0001,,,,,lstm
287329,212,-0.092931,0.007035,1.865004,0.0059,0.023914,0.090229,0.007485,0.046354,0.0001,,,,,lstm
287329,212,-0.019368,0.006167,1.864957,0.0059,0.023158,0.05563,0.011328,0.037068,0.0001,,,,,lstm
287329,212,0.076281,0.006445,1.864927,0.0059,0.02888,0.065385,0.017864,0.036837,0.0001,,,,,lstm
287329,212,0.028726,0.007491,1.864884,0.0059,0.031315,0.048139,0.020885,0.033216,0.0001,,,,,lstm
287329,212,-0.102283,0.006401,1.86483,0.0059,0.028967,0.046143,0.018177,0.021459,0.0001,,,,,lstm
287329,212,0.032338,0.007051,1.864765,0.0059,0.032777,0.09024,0.021425,0.052728,0.0001,,,,,lstm
287329,212,-0.080019,0.006549,1.864716,0.0059,0.032041,0.057882,0.022171,0.051173,0.0001,,,,,lstm
287329,212,-0.033829,0.007731,1.864662,0.0059,0.033142,0.064912,0.022115,0.056949,0.0001,,,,,lstm
287329,212,0.080389,0.006735,1.864609,0.0059,0.027641,0.057231,0.017642,0.027092,0.0001,,,,,lstm
287329,212,0.042026,0.006775,1.864545,0.0059,0.02405,0.079711,0.010472,0.058679,0.0001,,,,,lstm
287329,212,-0.101497,0.005722,1.864477,0.0059,0.021707,0.05008,0.002261,0.039164,0.0001,,,,,lstm
287329,212,0.01685,0.006359,1.864414,0.0059,0.018579,0.107754,0.001091,0.067293,0.0001,,,,,lstm
292210,216,0.00462,0.006303,1.86433,0.005883,0.026031,0.092965,0.002177,0.062781,0.0001,,,,,lstm
292210,216,-0.007204,0.007536,1.864267,0.005883,0.023989,0.088966,0.002876,0.054917,0.0001,,,,,lstm
292210,216,-0.032606,0.006129,1.86419,0.005883,0.020817,0.093926,0.005071,0.045063,0.0001,,,,,lstm
292210,216,-0.062901,0.00781,1.864162,0.005883,0.025921,0.062687,0.00446,0.036942,0.0001,,,,,lstm
292210,216,-0.01321,0.005565,1.864153,0.005883,0.019857,0.091441,0.005778,0.067774,0.0001,,,,,lstm
292210,216,0.15315,0.007384,1.864152,0.005883,0.02775,0.05024,0.010518,0.034566,0.0001,,,,,lstm
292210,216,-0.023199,0.007191,1.864152,0.005883,0.024087,0.10502,0.001888,0.077781,0.0001,,,,,lstm
292210,216,-0.04576,0.006504,1.864158,0.005883,0.024877,0.050323,0.003356,0.008288,0.0001,,,,,lstm
292210,216,0.136088,0.005673,1.86419,0.005883,0.018809,0.110757,0.001347,0.07217,0.0001,,,,,lstm
292210,216,0.014924,0.005598,1.864204,0.005883,0.023585,0.068666,0.005303,0.048041,0.0001,,,,,lstm
292210,216,0.043087,0.007798,1.864223,0.005883,0.026854,0.045518,0.002886,0.02905,0.0001,,,,,lstm
292210,216,-0.177415,0.00649,1.864245,0.005883,0.023518,0.069554,0.007547,0.052164,0.0001,,,,,lstm
297946,220,0.114612,0.006756,1.86427,0.005867,0.019238,0.152119,0.00499,0.107751,0.0001,,,,,lstm
297946,220,-0.034147,0.006333,1.864314,0.005867,0.017693,0.088273,0.002487,0.060465,0.0001,,,,,lstm
297946,220,-0.156787,0.006988,1.864365,0.005867,0.019656,0.070132,0.002082,0.03703,0.0001,,,,,lstm
297946,220,-0.05582,0.007941,1.864391,0.005867,0.020317,0.195615,0.009621,0.145786,0.0001,,,,,lstm
297946,220,-0.012135,0.006638,1.864424,0.005867,0.019959,0.2219,0.007291,0.164712,0.0001,,,,,lstm
297946,220,0.022692,0.005511,1.864457,0.005867,0.020158,0.107159,0.002344,0.076686,0.0001,,,,,lstm
297946,220,0.042553,0.006583,1.864481,0.005867,0.023419,0.130184,0.002377,0.09124,0.0001,,,,,lstm
297946,220,-0.069109,0.007541,1.864507,0.005867,0.021026,0.083719,0.00514,0.054842,0.0001,,,,,lstm
297946,220,-0.027189,0.005707,1.86454,0.005867,0.019188,0.158165,0.004276,0.113991,0.0001,,,,,lstm
297946,220,-0.100005,0.007166,1.864577,0.005867,0.019742,0.14419,0.002449,0.106097,0.0001,,,,,lstm
297946,220,-0.071577,0.005907,1.864614,0.005867,0.02062,0.02148,0.004601,0.011309,0.0001,,,,,lstm
297946,220,0.14966,0.007498,1.864647,0.005867,0.025366,0.215619,0.013313,0.159419,0.0001,,,,,lstm
303728,224,0.107316,0.005689,1.864665,0.005851,0.019298,0.042078,0.005692,0.0212,0.0001,,,,,lstm
303728,224,-0.18125,0.007498,1.864668,0.005851,0.022237,0.076339,0.007894,0.05219,0.0001,,,,,lstm
303728,224,0.020923,0.007432,1.864667,0.005851,0.028132,0.087508,0.008883,0.078415,0.0001,,,,,lstm
303728,224,0.025903,0.005992,1.864654,0.005851,0.021185,0.054336,0.003993,0.038229,0.0001,,,,,lstm
303728,224,-0.070586,0.007657,1.86463,0.005851,0.020395,0.076177,0.003549,0.048768,0.0001,,,,,lstm
303728,224,-0.010978,0.006663,1.864582,0.005851,0.021373,0.064706,0.006068,0.047727,0.0001,,,,,lstm
303728,224,-0.001231,0.007985,1.864546,0.005851,0.021898,0.049964,0.00977,0.03144,0.0001,,,,,lstm
303728,224,-0.088557,0.006613,1.864516,0.005851,0.02023,0.105757,0.009936,0.077196,0.0001,,,,,lstm
303728,224,0.044736,0.005796,1.864497,0.005851,0.019171,0.265888,0.008825,0.188034,0.0001,,,,,lstm
303728,224,-0.027313,0.006304,1.864452,0.005851,0.016385,0.119249,0.00204,0.077292,0.0001,,,,,lstm
303728,224,0.001827,0.006973,1.864388,0.005851,0.02007,0.100425,0.009651,0.080135,0.0001,,,,,lstm
303728,224,-0.034894,0.005636,1.86433,0.005851,0.023766,0.215742,0.016098,0.156519,0.0001,,,,,lstm
309519,228,-0.031639,0.00744,1.864249,0.005835,0.018044,0.079583,0.004858,0.028954,0.0001,,,,,lstm
309519,228,0.056891,0.006165,1.864213,0.005835,0.016513,0.073926,0.001777,0.039642,0.0001,,,,,lstm
309519,228,-0.119354,0.006414,1.864196,0.005835,0.014191,0.080071,0.004089,0.044407,0.0001,,,,,lstm
309519,228,-0.064778,0.006511,1.864209,0.005835,0.016178,0.149398,0.003289,0.087845,0.0001,,,,,lstm
309519,228,0.009949,0.007267,1.864242,0.005835,0.01678,0.052362,0.009395,0.032622,0.0001,,,,,lstm
309519,228,-0.023274,0.005789,1.864293,0.005835,0.020378,0.109247,0.014477,0.077924,0.0001,,,,,lstm
309519,228,-0.051566,0.006826,1.864363,0.005835,0.01919,0.10249,0.013081,0.071965,0.0001,,,,,lstm
309519,228,-0.005854,0.006193,1.864454,0.005835,0.016133,0.10173,0.005753,0.075351,0.0001,,,,,lstm
309519,228,-0.02064,0.006602,1.864545,0.005835,0.013582,0.09683,0.002217,0.058247,0.0001,,,,,lstm
309519,228,0.048763,0.007408,1.864654,0.005835,0.015787,0.072227,0.005344,0.045255,0.0001,,,,,lstm
309519,228,-0.0345,0.006943,1.864774,0.005835,0.016734,0.140306,0.007758,0.103134,0.0001,,,,,lstm
309519,228,-0.102752,0.005596,1.864902,0.005835,0.013289,0.07038,0.001657,0.01965,0.0001,,,,,lstm
315283,232,-0.045652,0.006092,1.865052,0.005819,0.016292,0.045757,0.00668,0.025834,0.0001,,,,,lstm
315283,232,0.06177,0.006962,1.865192,0.005819,0.017351,0.067844,0.008888,0.05374,0.0001,,,,,lstm
315283,232,-0.107306,0.006868,1.865324,0.005819,0.018985,0.074391,0.011848,0.041007,0.0001,,,,,lstm
315283,232,-0.097456,0.007232,1.865462,0.005819,0.017989,0.086238,0.007994,0.064556,0.0001,,,,,lstm
315283,232,-0.019131,0.006442,1.865601,0.005819,0.015127,0.031034,0.003486,0.019501,0.0001,,,,,lstm
315283,232,0.052931,0.006601,1.865727,0.005819,0.018997,0.06721,0.011118,0.027643,0.0001,,,,,lstm
315283,232,-0.068984,0.006664,1.865852,0.005819,0.020099,0.121421,0.012884,0.098929,0.0001,,,,,lstm
315283,232,0.094563,0.007437,1.865979,0.005819,0.019119,0.062518,0.010541,0.041254,0.0001,,,,,lstm
315283,232,-0.116142,0.006566,1.866106,0.005819,0.017366,0.108079,0.002374,0.080163,0.0001,,,,,lstm
315283,232,-0.029489,0.006497,1.866223,0.005819,0.016609,0.04152,0.004688,0.022026,0.0001,,,,,lstm
315283,232,-0.010166,0.006091,1.866343,0.005819,0.017147,0.132216,0.0071,0.096803,0.0001,,,,,lstm
315283,232,-0.040182,0.008072,1.866453,0.005819,0.017784,0.074628,0.007422,0.048236,0.0001,,,,,lstm
321132,236,-0.091633,0.00676,1.866571,0.005802,0.01387,0.087293,0.003394,0.051589,0.0001,,,,,lstm
321132,236,0.012338,0.00681,1.866705,0.005802,0.014594,0.104513,0.002622,0.084262,0.0001,,,,,lstm
321132,236,0.012763,0.00511,1.866823,0.005802,0.012101,0.074236,0.001669,0.047392,0.0001,,,,,lstm
321132,236,0.059387,0.005718,1.866922,0.005802,0.010973,0.044737,0.00231,0.025145,0.0001,,,,,lstm
321132,236,-0.033702,0.006815,1.867018,0.005802,0.01207,0.070294,0.000721,0.046734,0.0001,,,,,lstm
321132,236,-0.105842,0.006111,1.867121,0.005802,0.015067,0.125064,0.005137,0.095233,0.0001,,,,,lstm
321132,236,0.015939,0.006027,1.867221,0.005802,0.014068,0.07451,0.006281,0.051792,0.0001,,,,,lstm
321132,236,0.000351,0.005791,1.867327,0.005802,0.018187,0.027719,0.011733,0.018755,0.0001,,,,,lstm
321132,236,-0.094636,0.006614,1.867425,0.005802,0.022472,0.114302,0.016438,0.093153,0.0001,,,,,lstm
321132,236,-0.113034,0.006259,1.867504,0.005802,0.016348,0.044941,0.010877,0.036497,0.0001,,,,,lstm
321132,236,0.010828,0.00552,1.867586,0.005802,0.013615,0.066159,0.002727,0.049382,0.0001,,,,,lstm
321132,236,0.042464,0.006779,1.867663,0.005802,0.013873,0.052075,0.001441,0.019005,0.0001,,,,,lstm
326917,240,-0.080056,0.005309,1.86774,0.005786,0.015568,0.093878,0.002654,0.070885,0.0001,,,,,lstm
326917,240,0.030396,0.006824,1.867827,0.005786,0.013444,0.071633,0.005188,0.05286,0.0001,,,,,lstm
326917,240,-0.018846,0.005771,1.867922,0.005786,0.014177,0.064908,0.003581,0.049512,0.0001,,,,,lstm
326917,240,-0.075425,0.006153,1.868016,0.005786,0.013854,0.073756,0.001206,0.042341,0.0001,,,,,lstm
326917,240,-0.042135,0.005674,1.868127,0.005786,0.013679,0.170193,0.003068,0.13243,0.0001,,,,,lstm
326917,240,0.062304,0.005645,1.868242,0.005786,0.013261,0.07861,0.003446,0.059969,0.0001,,,,,lstm
326917,240,-0.027666,0.005402,1.868354,0.005786,0.019953,0.029308,0.012565,0.031991,0.0001,,,,,lstm
326917,240,0.076651,0.006249,1.868456,0.005786,0.020624,0.070854,0.015098,0.042717,0.0001,,,,,lstm
326917,240,-0.134245,0.00578,1.868575,0.005786,0.025745,0.107124,0.019568,0.080772,0.0001,,,,,lstm
326917,240,-0.00544,0.005321,1.868683,0.005786,0.020217,0.020949,0.01459,0.020614,0.0001,,,,,lstm
326917,240,-0.069781,0.00573,1.868786,0.005786,0.019004,0.041749,0.012369,0.010867,0.0001,,,,,lstm
326917,240,0.013684,0.006451,1.868902,0.005786,0.015835,0.111537,0.007359,0.098688,0.0001,,,,,lstm
332688,244,-0.021632,0.005404,1.869006,0.00577,0.014921,0.07494,0.002172,0.058988,0.0001,,,,,lstm
332688,244,0.076698,0.006817,1.869104,0.00577,0.022568,0.077029,0.014547,0.04007,0.0001,,,,,lstm
332688,244,-0.148359,0.007273,1.869202,0.00577,0.032703,0.156783,0.024951,0.128209,0.0001,,,,,lstm
332688,244,-0.12004,0.007775,1.869299,0.00577,0.043425,0.173749,0.03478,0.163991,0.0001,,,,,lstm
332688,244,0.075741,0.006912,1.869403,0.00577,0.037413,0.046784,0.029566,0.033659,0.0001,,,,,lstm
332688,244,-0.026878,0.007202,1.869499,0.00577,0.027464,0.064755,0.020807,0.027719,0.0001,,,,,lstm
332688,244,-0.026453,0.005872,1.869611,0.00577,0.019133,0.064479,0.013077,0.023593,0.0001,,,,,lstm
332688,244,-0.07443,0.006956,1.869697,0.00577,0.01648,0.080612,0.007722,0.054338,0.0001,,,,,lstm
332688,244,0.041619,0.005803,1.869781,0.00577,0.015086,0.106534,0.005573,0.077976,0.0001,,,,,lstm
332688,244,-0.080312,0.006243,1.869866,0.00577,0.016085,0.083189,0.004012,0.061286,0.0001,,,,,lstm
332688,244,0.003916,0.00679,1.869948,0.00577,0.015769,0.142206,0.008785,0.11453,0.0001,,,,,lstm
332688,244,0.012665,0.005286,1.870015,0.00577,0.013079,0.053742,0.003926,0.034945,0.0001,,,,,lstm
338480,248,0.005567,0.006272,1.870085,0.005754,0.018177,0.064222,0.000892,0.045507,0.0001,,,,,lstm
338480,248,-0.080295,0.006213,1.870144,0.005754,0.017422,0.033554,0.008201,0.018601,0.0001,,,,,lstm
338480,248,0.009622,0.004812,1.870181,0.005754,0.019601,0.070081,0.010484,0.039244,0.0001,,,,,lstm
338480,248,-0.128041,0.005022,1.87022,0.005754,0.022189,0.058011,0.015094,0.028747,0.0001,,,,,lstm
338480,248,0.020775,0.005678,1.870247,0.005754,0.026045,0.096619,0.013391,0.078332,0.0001,,,,,lstm
338480,248,0.051553,0.006845,1.870258,0.005754,0.024756,0.064285,0.009739,0.047433,0.0001,,,,,lstm
338480,248,-0.043444,0.005837,1.870265,0.005754,0.021392,0.066014,0.010758,0.055517,0.0001,,,,,lstm
338480,248,-0.014272,0.005696,1.870275,0.005754,0.019376,0.089876,0.002194,0.063384,0.0001,,,,,lstm
338480,248,-0.008269,0.006111,1.870273,0.005754,0.018754,0.088401,0.001787,0.055577,0.0001,,,,,lstm
338480,248,-0.020374,0.006537,1.870253,0.005754,0.018934,0.052214,0.002487,0.030864,0.0001,,,,,lstm
338480,248,0.047884,0.006118,1.870228,0.005754,0.020208,0.067131,0.002778,0.045427,0.0001,,,,,lstm
338480,248,-0.106834,0.004984,1.87019,0.005754,0.017065,0.106392,0.00419,0.07448,0.0001,,,,,lstm
344280,252,-0.065439,0.005262,1.87015,0.005738,0.016928,0.068335,0.004408,0.045823,0.0001,,,,,lstm
344280,252,0.019306,0.005883,1.870121,0.005738,0.024122,0.105933,0.009537,0.078693,0.0001,,,,,lstm
344280,252,-0.014949,0.005975,1.870088,0.005738,0.03659,0.105848,0.024522,0.089108,0.0001,,,,,lstm
344280,252,-0.043549,0.006184,1.870057,0.005738,0.042072,0.196892,0.03073,0.16405,0.0001,,,,,lstm
344280,252,-0.049335,0.005747,1.870015,0.005738,0.030904,0.087377,0.021301,0.08247,0.0001,,,,,lstm
344280,252,0.0388,0.005257,1.869977,0.005738,0.018722,0.087443,0.004737,0.063405,0.0001,,,,,lstm
344280,252,0.016454,0.005379,1.86996,0.005738,0.015002,0.048623,0.003018,0.025658,0.0001,,,,,lstm
344280,252,0.010388,0.006453,1.869954,0.005738,0.020548,0.119225,0.010984,0.096475,0.0001,,,,,lstm
344280,252,-0.100305,0.005869,1.869927,0.005738,0.017163,0.064654,0.006418,0.040774,0.0001,,,,,lstm
344280,252,-0.044294,0.005392,1.869926,0.005738,0.016764,0.099708,0.004231,0.073676,0.0001,,,,,lstm
344280,252,0.013142,0.00565,1.869943,0.005738,0.014634,0.08495,0.002983,0.068801,0.0001,,,,,lstm
344280,252,-0.031403,0.006078,1.869959,0.005738,0.023994,0.232722,0.010704,0.179121,0.0001,,,,,lstm
350060,256,-0.060811,0.005843,1.869951,0.005721,0.018202,0.020664,0.003282,0.009916,0.0001,,,,,lstm
350060,256,-0.030656,0.005879,1.869952,0.005721,0.017168,0.083028,0.00805,0.051562,0.0001,,,,,lstm
350060,256,0.011808,0.006219,1.869946,0.005721,0.026873,0.10111,0.019827,0.072484,0.0001,,,,,lstm
350060,256,0.092725,0.008639,1.869946,0.005721,0.041259,0.123185,0.034319,0.113352,0.0001,,,,,lstm
350060,256,-0.051429,0.006866,1.869931,0.005721,0.038233,0.089621,0.030745,0.089897,0.0001,,,,,lstm
350060,256,-0.144997,0.005477,1.869917,0.005721,0.029932,0.034462,0.02228,0.043219,0.0001,,,,,lstm
350060,256,-0.014778,0.006867,1.869904,0.005721,0.026722,0.065519,0.017741,0.037687,0.0001,,,,,lstm
350060,256,0.089209,0.006094,1.869882,0.005721,0.022247,0.028058,0.01424,0.02415,0.0001,,,,,lstm
350060,256,-0.1863,0.005213,1.869867,0.005721,0.016154,0.08965,0.002868,0.061336,0.0001,,,,,lstm
350060,256,0.079443,0.007132,1.869842,0.005721,0.024458,0.111482,0.006713,0.096334,0.0001,,,,,lstm
350060,256,-0.015139,0.005171,1.869821,0.005721,0.020446,0.097895,0.011089,0.071514,0.0001,,,,,lstm
350060,256,-0.171593,0.004604,1.869799,0.005721,0.023199,0.053579,0.019181,0.047457,0.0001,,,,,lstm
355833,260,-0.067722,0.006486,1.869783,0.005705,0.017319,0.12841,0.005218,0.109315,0.0001,,,,,lstm
355833,260,-0.068684,0.005686,1.869791,0.005705,0.016507,0.112125,0.003435,0.08428,0.0001,,,,,lstm
355833,260,0.081153,0.006183,1.869808,0.005705,0.024316,0.037495,0.019519,0.018153,0.0001,,,,,lstm
355833,260,-0.028906,0.007278,1.869834,0.005705,0.032584,0.054009,0.026854,0.046003,0.0001,,,,,lstm
355833,260,-0.046609,0.007716,1.869846,0.005705,0.037806,0.221463,0.031061,0.188287,0.0001,,,,,lstm
355833,260,0.011895,0.00614,1.869877,0.005705,0.025595,0.046087,0.020461,0.023117,0.0001,,,,,lstm
355833,260,-0.029711,0.005885,1.869925,0.005705,0.018078,0.040589,0.01171,0.015624,0.0001,,,,,lstm
355833,260,-0.020787,0.005468,1.869974,0.005705,0.013698,0.069173,0.001587,0.047593,0.0001,,,,,lstm
355833,260,-0.016417,0.006965,1.870011,0.005705,0.020644,0.104768,0.004474,0.067498,0.0001,,,,,lstm
355833,260,0.009973,0.005711,1.870062,0.005705,0.024132,0.070474,0.010609,0.049125,0.0001,,,,,lstm
355833,260,-0.096598,0.00541,1.870111,0.005705,0.028309,0.047677,0.020245,0.037221,0.0001,,,,,lstm
355833,260,0.025975,0.006571,1.87017,0.005705,0.034936,0.232812,0.017043,0.191153,0.0001,,,,,lstm
361611,264,-0.112053,0.005127,1.870238,0.005689,0.017101,0.096892,0.008182,0.06777,0.0001,,,,,lstm
361611,264,0.060309,0.006652,1.870306,0.005689,0.01866,0.073256,0.005133,0.059325,0.0001,,,,,lstm
361611,264,-0.044217,0.006258,1.870375,0.005689,0.015373,0.036353,0.003895,0.025374,0.0001,,,,,lstm
361611,264,0.0187,0.006118,1.870434,0.005689,0.017551,0.079492,0.008908,0.061949,0.0001,,,,,lstm
361611,264,0.002366,0.006833,1.8705,0.005689,0.016976,0.048983,0.007072,0.043608,0.0001,,,,,lstm
361611,264,-0.132068,0.005191,1.870561,0.005689,0.012898,0.05439,0.003587,0.035424,0.0001,,,,,lstm
361611,264,0.067034,0.006954,1.870611,0.005689,0.02295,0.093458,0.001668,0.064577,0.0001,,,,,lstm
361611,264,-0.055979,0.005679,1.870672,0.005689,0.023098,0.023827,0.013396,0.01755,0.0001,,,,,lstm
361611,264,-0.117154,0.004913,1.870729,0.005689,0.02972,0.045512,0.021888,0.034925,0.0001,,,,,lstm
361611,264,-0.05433,0.005303,1.870779,0.005689,0.03588,0.111325,0.024965,0.090611,0.0001,,,,,lstm
361611,264,-0.045264,0.006709,1.870826,0.005689,0.035795,0.07007,0.022552,0.045093,0.0001,,,,,lstm
361611,264,0.013983,0.005641,1.870868,0.005689,0.029089,0.048199,0.01904,0.048758,0.0001,,,,,lstm
367359,268,0.047184,0.007294,1.870904,0.005673,0.023359,0.140043,0.006893,0.101958,0.0001,,,,,lstm
367359,268,-0.057299,0.005373,1.870928,0.005673,0.01507,0.058621,0.002038,0.042131,0.0001,,,,,lstm
367359,268,-0.076101,0.006064,1.870956,0.005673,0.018774,0.087931,0.009861,0.061205,0.0001,,,,,lstm
367359,268,-0.112788,0.006593,1.870967,0.005673,0.019523,0.084095,0.012574,0.07218,0.0001,,,,,lstm
367359,268,0.01848,0.007011,1.87097,0.005673,0.022019,0.119505,0.013974,0.088459,0.0001,,,,,lstm
367359,268,0.023646,0.006002,1.870976,0.005673,0.018863,0.100545,0.009562,0.064393,0.0001,,,,,lstm
367359,268,-0.016869,0.005922,1.870961,0.005673,0.017375,0.068952,0.005567,0.043522,0.0001,,,,,lstm
367359,268,-0.066848,0.006373,1.870929,0.005673,0.017317,0.061733,0.001388,0.042977,0.0001,,,,,lstm
367359,268,0.012767,0.006477,1.870901,0.005673,0.017664,0.048407,0.000495,0.033175,0.0001,,,,,lstm
367359,268,-0.118149,0.005505,1.870871,0.005673,0.017054,0.048954,0.005663,0.025604,0.0001,,,,,lstm
367359,268,0.04243,0.00627,1.870862,0.005673,0.019115,0.076283,0.000785,0.019721,0.0001,,,,,lstm
367359,268,0.003844,0.006755,1.870815,0.005673,0.019166,0.134772,0.00101,0.096089,0.0001,,,,,lstm
373116,272,-0.002945,0.005857,1.870778,0.005657,0.01723,0.149871,0.003974,0.110086,0.0001,,,,,lstm
373116,272,-0.104538,0.005473,1.870763,0.005657,0.013443,0.116719,0.000371,0.084437,0.0001,,,,,lstm
373116,272,0.004592,0.006797,1.870755,0.005657,0.019953,0.129464,0.014205,0.095857,0.0001,,,,,lstm
373116,272,-0.012926,0.007452,1.87076,0.005657,0.026164,0.117936,0.021446,0.095493,0.0001,,,,,lstm
373116,272,-0.113314,0.006285,1.870769,0.005657,0.026351,0.115132,0.02151,0.089157,0.0001,,,,,lstm
373116,272,0.030533,0.006628,1.870789,0.005657,0.029571,0.050961,0.024523,0.03633,0.0001,,,,,lstm
373116,272,1.7e-05,0.006083,1.870824,0.005657,0.023455,0.022856,0.019274,0.024268,0.0001,,,,,lstm
373116,272,-0.100898,0.006031,1.870853,0.005657,0.017299,0.040628,0.011972,0.012783,0.0001,,,,,lstm
373116,272,0.000889,0.007091,1.870893,0.005657,0.017831,0.097152,0.010621,0.056989,0.0001,,,,,lstm
373116,272,-0.103335,0.005469,1.870926,0.005657,0.013194,0.058412,0.004675,0.037691,0.0001,,,,,lstm
373116,272,0.031474,0.00675,1.870961,0.005657,0.017632,0.094572,0.010251,0.058014,0.0001,,,,,lstm
373116,272,-0.034777,0.006041,1.870988,0.005657,0.01464,0.061471,0.007005,0.051464,0.0001,,,,,lstm
378841,276,-0.089444,0.005444,1.87101,0.00564,0.013931,0.021229,0.004071,0.012219,0.0001,,,,,lstm
378841,276,-0.106397,0.005406,1.87103,0.00564,0.019389,0.113304,0.008003,0.074292,0.0001,,,,,lstm
378841,276,0.109835,0.006345,1.871055,0.00564,0.026347,0.134147,0.007454,0.09741,0.0001,,,,,lstm
378841,276,-0.04052,0.006091,1.87108,0.00564,0.031071,0.076739,0.018695,0.054448,0.0001,,,,,lstm
378841,276,-0.041276,0.00564,1.871095,0.00564,0.035791,0.10609,0.023904,0.071808,0.0001,,,,,lstm
378841,276,-0.029943,0.005639,1.871113,0.00564,0.036948,0.11616,0.02677,0.098604,0.0001,,,,,lstm
378841,276,-0.007894,0.005818,1.871115,0.00564,0.036462,0.107046,0.023481,0.08064,0.0001,,,,,lstm
378841,276,-0.114233,0.005415,1.871107,0.00564,0.02917,0.041358,0.021334,0.040861,0.0001,,,,,lstm
378841,276,0.020661,0.006016,1.871093,0.00564,0.021136,0.099239,0.008324,0.066266,0.0001,,,,,lstm
378841,276,-0.071762,0.005132,1.871075,0.00564,0.017998,0.04428,0.006993,0.022507,0.0001,,,,,lstm
378841,276,0.037317,0.007029,1.871059,0.00564,0.019083,0.14059,0.001519,0.100767,0.0001,,,,,lstm
378841,276,-0.084696,0.004762,1.871041,0.00564,0.01391,0.088618,0.00556,0.063244,0.0001,,,,,lstm
384665,280,0.011192,0.006693,1.871037,0.005624,0.01827,0.092633,0.002427,0.052123,0.0001,,,,,lstm
384665,280,-0.022037,0.005482,1.871049,0.005624,0.018935,0.039237,0.007134,0.012395,0.0001,,,,,lstm
384665,280,-0.085479,0.005018,1.871048,0.005624,0.020746,0.069408,0.010944,0.040564,0.0001,,,,,lstm
384665,280,-0.01106,0.006139,1.871038,0.005624,0.024347,0.089685,0.013092,0.058172,0.0001,,,,,lstm
384665,280,-0.068885,0.00602,1.871021,0.005624,0.029476,0.074792,0.021542,0.062613,0.0001,,,,,lstm
384665,280,-0.005891,0.005042,1.871017,0.005624,0.026943,0.139896,0.01888,0.118204,0.0001,,,,,lstm
384665,280,-0.085106,0.00511,1.870993,0.005624,0.019432,0.063444,0.011833,0.054746,0.0001,,,,,lstm
384665,280,-0.005822,0.006673,1.870957,0.005624,0.017894,0.094399,0.004974,0.046462,0.0001,,,,,lstm
384665,280,0.008599,0.005949,1.870925,0.005624,0.024319,0.082459,0.012973,0.065429,0.0001,,,,,lstm
384665,280,-0.025082,0.00567,1.870902,0.005624,0.022277,0.095067,0.014233,0.072581,0.0001,,,,,lstm
384665,280,-0.034747,0.00664,1.870886,0.005624,0.021883,0.041574,0.012862,0.028747,0.0001,,,,,lstm
384665,280,-0.028505,0.006038,1.870854,0.005624,0.019805,0.118707,0.010672,0.087095,0.0001,,,,,lstm
390442,284,-0.015324,0.005687,1.870824,0.005608,0.014493,0.042591,0.000684,0.029892,0.0001,,,,,lstm
390442,284,-0.014265,0.005903,1.870791,0.005608,0.019339,0.097405,0.002644,0.06586,0.0001,,,,,lstm
390442,284,-0.085626,0.004884,1.870734,0.005608,0.0164,0.051152,0.003227,0.015538,0.0001,,,,,lstm
390442,284,-0.101376,0.005466,1.870659,0.005608,0.01529,0.053518,0.000726,0.037758,0.0001,,,,,lstm
390442,284,0.052746,0.005804,1.870587,0.005608,0.017342,0.083024,0.008391,0.03689,0.0001,,,,,lstm
390442,284,-0.06311,0.005895,1.870486,0.005608,0.017806,0.048143,0.010604,0.023886,0.0001,,,,,lstm
390442,284,0.072365,0.006847,1.87038,0.005608,0.025972,0.133639,0.019925,0.077651,0.0001,,,,,lstm
390442,284,-0.135301,0.004903,1.870241,0.005608,0.021952,0.055669,0.017559,0.031282,0.0001,,,,,lstm
390442,284,-0.04289,0.007517,1.870107,0.005608,0.032233,0.129061,0.027027,0.110477,0.0001,,,,,lstm
390442,284,0.053789,0.007457,1.869972,0.005608,0.031884,0.086966,0.027202,0.053767,0.0001,,,,,lstm
390442,284,-0.119213,0.005003,1.869812,0.005608,0.018512,0.071684,0.01395,0.057062,0.0001,,,,,lstm
390442,284,-0.038897,0.006151,1.869651,0.005608,0.01481,0.052612,0.008761,0.01155,0.0001,,,,,lstm
396197,288,-0.046031,0.006416,1.869497,0.005592,0.014476,0.049072,0.001671,0.029652,0.0001,,,,,lstm
396197,288,0.046274,0.005441,1.869369,0.005592,0.022436,0.127724,0.005842,0.091721,0.0001,,,,,lstm
396197,288,-0.133686,0.00437,1.869274,0.005592,0.023598,0.050665,0.018208,0.046006,0.0001,,,,,lstm
396197,288,-0.075604,0.005101,1.869184,0.005592,0.028151,0.079588,0.017822,0.071005,0.0001,,,,,lstm
396197,288,-0.052907,0.005071,1.869114,0.005592,0.023776,0.026521,0.013755,0.020526,0.0001,,,,,lstm
396197,288,0.02499,0.006381,1.86906,0.005592,0.020186,0.105526,0.006272,0.077397,0.0001,,,,,lstm
396197,288,-0.062548,0.005491,1.869022,0.005592,0.017402,0.098144,0.006471,0.061505,0.0001,,,,,lstm
396197,288,0.070049,0.0066,1.868977,0.005592,0.021054,0.108446,0.002171,0.071849,0.0001,,,,,lstm
396197,288,-0.138629,0.004133,1.868956,0.005592,0.010923,0.016288,0.004685,0.006945,0.0001,,,,,lstm
396197,288,-0.090271,0.005279,1.868941,0.005592,0.011575,0.069849,0.001231,0.052795,0.0001,,,,,lstm
396197,288,0.035301,0.005998,1.868922,0.005592,0.016169,0.10378,0.009263,0.082854,0.0001,,,,,lstm
396197,288,-0.065018,0.005754,1.868908,0.005592,0.013977,0.059098,0.004591,0.036516,0.0001,,,,,lstm
402012,292,-0.066175,0.005763,1.868884,0.005576,0.01518,0.042199,0.000755,0.023684,0.0001,,,,,lstm
402012,292,-0.075315,0.004602,1.868852,0.005576,0.013018,0.056614,0.001142,0.036346,0.0001,,,,,lstm
402012,292,0.036175,0.006218,1.868804,0.005576,0.017962,0.099451,0.004727,0.080945,0.0001,,,,,lstm
402012,292,0.056988,0.006338,1.86875,0.005576,0.018012,0.133841,0.006638,0.105724,0.0001,,,,,lstm
402012,292,-0.088189,0.005599,1.868689,0.005576,0.014744,0.052379,0.003342,0.035562,0.0001,,,,,lstm
402012,292,-0.093252,0.004608,1.868618,0.005576,0.013496,0.062912,0.003743,0.049731,0.0001,,,,,lstm
402012,292,-0.011458,0.005517,1.868543,0.005576,0.018271,0.050106,0.008537,0.018786,0.0001,,,,,lstm
402012,292,0.012364,0.005516,1.868449,0.005576,0.016571,0.078562,0.009202,0.04715,0.0001,,,,,lstm
402012,292,-0.129991,0.006062,1.868348,0.005576,0.016494,0.030786,0.00671,0.020468,0.0001,,,,,lstm
402012,292,0.042512,0.005339,1.868266,0.005576,0.019806,0.105562,0.012561,0.084545,0.0001,,,,,lstm
402012,292,-0.052493,0.006532,1.868185,0.005576,0.017769,0.053875,0.009198,0.041466,0.0001,,,,,lstm
402012,292,-0.116565,0.005202,1.868099,0.005576,0.016011,0.051389,0.005903,0.034211,0.0001,,,,,lstm
407773,296,-0.082761,0.004785,1.868007,0.005559,0.013466,0.061018,0.003283,0.046352,0.0001,,,,,lstm
407773,296,-0.000271,0.006457,1.867913,0.005559,0.018048,0.163832,0.004752,0.120425,0.0001,,,,,lstm
407773,296,-0.025135,0.004709,1.867801,0.005559,0.01392,0.026,0.002818,0.016376,0.0001,,,,,lstm
407773,296,-0.076224,0.005438,1.867706,0.005559,0.014202,0.145343,0.001461,0.120129,0.0001,,,,,lstm
407773,296,0.058818,0.00557,1.867622,0.005559,0.017126,0.167809,0.004614,0.141396,0.0001,,,,,lstm
407773,296,-0.10424,0.004647,1.867532,0.005559,0.015851,0.099037,0.003883,0.070682,0.0001,,,,,lstm
407773,296,-0.038212,0.005472,1.867438,0.005559,0.018831,0.100052,0.005436,0.082615,0.0001,,,,,lstm
407773,296,0.007901,0.005705,1.86735,0.005559,0.020508,0.127025,0.003116,0.085195,0.0001,,,,,lstm
407773,296,-0.088794,0.004253,1.867247,0.005559,0.015332,0.070743,0.005912,0.050038,0.0001,,,,,lstm
407773,296,-0.094274,0.004919,1.867148,0.005559,0.016846,0.086155,0.006547,0.069824,0.0001,,,,,lstm
407773,296,-0.015107,0.005931,1.867045,0.005559,0.018911,0.078534,0.001767,0.04939,0.0001,,,,,lstm
407773,296,0.006991,0.004686,1.866947,0.005559,0.017853,0.074764,0.001429,0.056723,0.0001,,,,,lstm
413538,300,-0.124771,0.004473,1.866845,0.005543,0.013158,0.110789,0.003355,0.078382,0.0001,,,,,lstm
413538,300,0.018873,0.005697,1.866765,0.005543,0.015806,0.059133,0.000714,0.041045,0.0001,,,,,lstm
413538,300,0.012571,0.005893,1.866686,0.005543,0.018571,0.18396,0.003991,0.144433,0.0001,,,,,lstm
413538,300,0.014796,0.005061,1.866602,0.005543,0.021757,0.199155,0.011899,0.158315,0.0001,,,,,lstm
413538,300,-0.035342,0.005684,1.866526,0.005543,0.030551,0.071184,0.020242,0.039,0.0001,,,,,lstm
413538,300,-0.089717,0.005375,1.866447,0.005543,0.037163,0.080076,0.02966,0.083935,0.0001,,,,,lstm
413538,300,0.007832,0.005919,1.866385,0.005543,0.034785,0.0951,0.024504,0.092759,0.0001,,,,,lstm
413538,300,-0.033105,0.004707,1.866322,0.005543,0.025666,0.054125,0.018713,0.03631,0.0001,,,,,lstm
413538,300,-0.082604,0.005566,1.866257,0.005543,0.01944,0.02136,0.009836,0.026642,0.0001,,,,,lstm
413538,300,-0.064986,0.004921,1.866204,0.005543,0.015975,0.101475,0.001116,0.066055,0.0001,,,,,lstm
413538,300,-0.060264,0.005679,1.866159,0.005543,0.016002,0.061629,0.006272,0.045316,0.0001,,,,,lstm
413538,300,0.037626,0.006147,1.866112,0.005543,0.021354,0.103971,0.012374,0.092632,0.0001,,,,,lstm
419438,304,-0.006071,0.006084,1.866075,0.005527,0.017026,0.090743,0.002237,0.068118,0.0001,,,,,lstm
419438,304,-0.112464,0.004649,1.866038,0.005527,0.018562,0.053174,0.010985,0.037453,0.0001,,,,,lstm
419438,304,0.037522,0.004906,1.866001,0.005527,0.025079,0.109347,0.013776,0.067539,0.0001,,,,,lstm
419438,304,0.019889,0.005291,1.865983,0.005527,0.035934,0.170481,0.02613,0.136371,0.0001,,,,,lstm
419438,304,-0.028735,0.005821,1.865977,0.005527,0.035379,0.109313,0.027099,0.11048,0.0001,,,,,lstm
419438,304,-0.08502,0.004911,1.865975,0.005527,0.027608,0.069354,0.019898,0.068381,0.0001,,,,,lstm
419438,304,0.010465,0.006282,1.865965,0.005527,0.019192,0.045676,0.003685,0.01389,0.0001,,,,,lstm
419438,304,-0.028953,0.004844,1.865945,0.005527,0.016623,0.026542,0.006452,0.012589,0.0001,,,,,lstm
419438,304,-0.072161,0.005078,1.865925,0.005527,0.023415,0.081649,0.016357,0.0773,0.0001,,,,,lstm
419438,304,0.010711,0.005348,1.865897,0.005527,0.02861,0.030835,0.022318,0.042828,0.0001,,,,,lstm
419438,304,-0.147045,0.005265,1.865875,0.005527,0.025298,0.059616,0.018842,0.055649,0.0001,,,,,lstm
419438,304,0.060228,0.007324,1.86584,0.005527,0.027431,0.075637,0.021672,0.057112,0.0001,,,,,lstm
425187,308,-0.069326,0.006194,1.865796,0.005511,0.015872,0.047489,0.005169,0.042177,0.0001,,,,,lstm
425187,308,0.038111,0.004775,1.865747,0.005511,0.014582,0.066857,0.001661,0.037889,0.0001,,,,,lstm
425187,308,-0.070991,0.004459,1.865675,0.005511,0.018017,0.098845,0.008649,0.074923,0.0001,,,,,lstm
425187,308,0.093011,0.005531,1.86561,0.005511,0.019173,0.116811,0.004944,0.086892,0.0001,,,,,lstm
425187,308,-0.016329,0.004903,1.865553,0.005511,0.016097,0.062561,0.005617,0.024857,0.0001,,,,,lstm
425187,308,-0.199965,0.004803,1.86547,0.005511,0.015551,0.097844,0.007078,0.084739,0.0001,,,,,lstm
425187,308,-0.046668,0.005563,1.865398,0.005511,0.014634,0.098441,0.003067,0.082904,0.0001,,,,,lstm
425187,308,-0.02185,0.00521,1.865323,0.005511,0.018338,0.067063,0.010532,0.028538,0.0001,,,,,lstm
425187,308,-0.021611,0.005398,1.865221,0.005511,0.023487,0.077586,0.015527,0.051492,0.0001,,,,,lstm
425187,308,0.035005,0.007313,1.865127,0.005511,0.029997,0.104707,0.023739,0.097723,0.0001,,,,,lstm
425187,308,-0.150894,0.005481,1.865034,0.005511,0.026686,0.018317,0.020583,0.030313,0.0001,,,,,lstm
425187,308,0.039596,0.00476,1.864946,0.005511,0.029193,0.076731,0.022887,0.033642,0.0001,,,,,lstm
431064,312,-0.019026,0.006503,1.864831,0.005495,0.017655,0.120998,0.009278,0.10288,0.0001,,,,,lstm
431064,312,-0.061295,0.003876,1.864735,0.005495,0.012689,0.059106,0.002815,0.03482,0.0001,,,,,lstm
431064,312,-0.011918,0.004362,1.86466,0.005495,0.018918,0.068671,0.012586,0.05935,0.0001,,,,,lstm
431064,312,0.013177,0.00545,1.864578,0.005495,0.029399,0.084302,0.021836,0.10415,0.0001,,,,,lstm
431064,312,-0.07466,0.004863,1.864509,0.005495,0.032132,0.031218,0.025098,0.042111,0.0001,,,,,lstm
431064,312,-0.030719,0.004397,1.864435,0.005495,0.028908,0.096415,0.021993,0.088728,0.0001,,,,,lstm
431064,312,0.024623,0.005339,1.864363,0.005495,0.024353,0.149134,0.014915,0.131641,0.0001,,,,,lstm
431064,312,-0.122762,0.00442,1.864294,0.005495,0.016367,0.075558,0.010121,0.070559,0.0001,,,,,lstm
431064,312,0.009985,0.004446,1.864227,0.005495,0.012845,0.09433,0.002478,0.092027,0.0001,,,,,lstm
431064,312,-0.011609,0.004599,1.864165,0.005495,0.013336,0.051432,0.002423,0.0333,0.0001,,,,,lstm
431064,312,-0.049886,0.005364,1.864106,0.005495,0.013247,0.074887,0.004465,0.066857,0.0001,,,,,lstm
431064,312,-0.032825,0.004712,1.864042,0.005495,0.016569,0.200381,0.006394,0.188084,0.0001,,,,,lstm
436909,316,0.016686,0.005046,1.863976,0.005478,0.016806,0.060737,0.008971,0.05285,0.0001,,,,,lstm
436909,316,-0.039409,0.004552,1.863905,0.005478,0.013637,0.064723,0.007169,0.045149,0.0001,,,,,lstm
436909,316,-0.069981,0.00525,1.863819,0.005478,0.015034,0.323073,0.007056,0.295565,0.0001,,,,,lstm
436909,316,-0.033568,0.004718,1.863749,0.005478,0.013652,0.262318,0.006759,0.255856,0.0001,,,,,lstm
436909,316,0.005153,0.004883,1.863688,0.005478,0.016272,0.155702,0.004696,0.124017,0.0001,,,,,lstm
436909,316,-0.062891,0.004888,1.863621,0.005478,0.013058,0.046269,0.001516,0.033648,0.0001,,,,,lstm
436909,316,-0.020135,0.004596,1.863544,0.005478,0.014107,0.162691,0.001876,0.158635,0.0001,,,,,lstm
436909,316,-0.088132,0.004145,1.863468,0.005478,0.014071,0.093097,0.005018,0.083921,0.0001,,,,,lstm
436909,316,0.028382,0.006417,1.863383,0.005478,0.022367,0.165474,0.015371,0.128186,0.0001,,,,,lstm
436909,316,-0.011474,0.005524,1.863253,0.005478,0.024274,0.08293,0.018685,0.048544,0.0001,,,,,lstm
436909,316,0.022689,0.005455,1.863106,0.005478,0.029823,0.071122,0.023959,0.07853,0.0001,,,,,lstm
436909,316,-0.107964,0.005346,1.862962,0.005478,0.024424,0.238465,0.018665,0.246797,0.0001,,,,,lstm
442843,320,-0.031257,0.004862,1.862836,0.005462,0.013365,0.084875,0.004716,0.068584,0.0001,,,,,lstm
442843,320,-0.019228,0.004846,1.862726,0.005462,0.016178,0.115214,0.005827,0.112936,0.0001,,,,,lstm
442843,320,-0.043378,0.004727,1.862627,0.005462,0.025923,0.12822,0.019575,0.112897,0.0001,,,,,lstm
442843,320,0.038102,0.005303,1.862536,0.005462,0.026969,0.073962,0.018848,0.059858,0.0001,,,,,lstm
442843,320,-0.046422,0.00494,1.862466,0.005462,0.024223,0.169695,0.018432,0.18898,0.0001,,,,,lstm
442843,320,-0.089335,0.004072,1.862421,0.005462,0.014206,0.093026,0.006226,0.081657,0.0001,,,,,lstm
442843,320,-0.02455,0.004294,1.862355,0.005462,0.01542,0.082391,0.004544,0.064745,0.0001,,,,,lstm
442843,320,-0.013008,0.006345,1.862296,0.005462,0.023284,0.091433,0.017866,0.102912,0.0001,,,,,lstm
442843,320,-0.056595,0.005012,1.862237,0.005462,0.026032,0.093389,0.020271,0.093982,0.0001,,,,,lstm
442843,320,-0.114227,0.005212,1.862192,0.005462,0.023454,0.050972,0.018059,0.047314,0.0001,,,,,lstm
442843,320,-0.009082,0.005331,1.862158,0.005462,0.021385,0.102056,0.015761,0.082339,0.0001,,,,,lstm
442843,320,0.038826,0.005135,1.862112,0.005462,0.018738,0.058395,0.010476,0.045925,0.0001,,,,,lstm
448674,324,-0.020964,0.004922,1.862083,0.005446,0.014013,0.104843,0.005992,0.076303,0.0001,,,,,lstm
448674,324,-0.038057,0.005023,1.862056,0.005446,0.015168,0.058657,0.005708,0.068037,0.0001,,,,,lstm
448674,324,-0.023688,0.004452,1.862032,0.005446,0.021715,0.066126,0.013716,0.039024,0.0001,,,,,lstm
448674,324,-0.055559,0.005069,1.861995,0.005446,0.029123,0.132735,0.022104,0.113498,0.0001,,,,,lstm
448674,324,-0.081738,0.004298,1.861963,0.005446,0.03301,0.125342,0.027134,0.106585,0.0001,,,,,lstm
448674,324,0.069293,0.005526,1.86193,0.005446,0.034625,0.095895,0.026165,0.115884,0.0001,,,,,lstm
448674,324,-0.056899,0.004363,1.861886,0.005446,0.025056,0.027255,0.019429,0.02671,0.0001,,,,,lstm
448674,324,0.048705,0.005417,1.861847,0.005446,0.017735,0.051633,0.007655,0.020032,0.0001,,,,,lstm
448674,324,-0.078515,0.00449,1.861792,0.005446,0.014638,0.058535,0.000464,0.051131,0.0001,,,,,lstm
448674,324,-0.052915,0.004873,1.861744,0.005446,0.018072,0.071057,0.007245,0.058228,0.0001,,,,,lstm
448674,324,-0.046008,0.004671,1.861695,0.005446,0.018276,0.03612,0.009901,0.022316,0.0001,,,,,lstm
448674,324,0.026454,0.005702,1.861644,0.005446,0.022438,0.126728,0.015862,0.092878,0.0001,,,,,lstm
454630,328,-0.126346,0.005145,1.861609,0.00543,0.015583,0.117088,0.002725,0.089088,0.0001,,,,,lstm
454630,328,0.017228,0.005007,1.861567,0.00543,0.015384,0.061456,0.007663,0.048939,0.0001,,,,,lstm
454630,328,0.063621,0.004313,1.86154,0.00543,0.017296,0.101141,0.011091,0.093636,0.0001,,,,,lstm
454630,328,0.093042,0.00591,1.861494,0.00543,0.016065,0.064352,0.008829,0.048399,0.0001,,,,,lstm
454630,328,-0.023506,0.004376,1.861459,0.00543,0.014361,0.067494,0.005588,0.019631,0.0001,,,,,lstm
454630,328,-0.127929,0.00399,1.861417,0.00543,0.013876,0.056276,0.003337,0.034134,0.0001,,,,,lstm
454630,328,-0.00874,0.004787,1.861369,0.00543,0.01292,0.075705,0.00307,0.073536,0.0001,,,,,lstm
454630,328,0.028639,0.00415,1.861323,0.00543,0.013431,0.091456,0.003589,0.078323,0.0001,,,,,lstm
454630,328,-0.077799,0.005097,1.861284,0.00543,0.012506,0.102585,0.001427,0.075926,0.0001,,,,,lstm
454630,328,-0.02459,0.004417,1.861241,0.00543,0.013392,0.076202,0.000702,0.064699,0.0001,,,,,lstm
454630,328,-0.012676,0.004644,1.861207,0.00543,0.010607,0.065086,0.002366,0.041586,0.0001,,,,,lstm
454630,328,-0.013434,0.004941,1.86117,0.00543,0.013553,0.121541,0.006821,0.115531,0.0001,,,,,lstm
460586,332,-0.02658,0.005131,1.861126,0.005414,0.013609,0.078632,0.003151,0.071402,0.0001,,,,,lstm
460586,332,-0.021076,0.004799,1.861073,0.005414,0.015326,0.096811,0.001304,0.065815,0.0001,,,,,lstm
460586,332,-0.03405,0.004333,1.861025,0.005414,0.013633,0.081215,0.003484,0.07865,0.0001,,,,,lstm
460586,332,0.019808,0.00524,1.860997,0.005414,0.014305,0.192476,0.000714,0.182738,0.0001,,,,,lstm
460586,332,-0.049274,0.0047,1.860982,0.005414,0.01612,0.090854,0.005915,0.079329,0.0001,,,,,lstm
460586,332,-0.052406,0.004865,1.86097,0.005414,0.019026,0.044163,0.014675,0.033869,0.0001,,,,,lstm
460586,332,-0.150229,0.004671,1.86095,0.005414,0.023448,0.094722,0.018129,0.094656,0.0001,,,,,lstm
460586,332,-0.041365,0.005088,1.860944,0.005414,0.026019,0.074116,0.02033,0.056946,0.0001,,,,,lstm
460586,332,0.123164,0.006666,1.860934,0.005414,0.028342,0.129371,0.022985,0.130108,0.0001,,,,,lstm
460586,332,0.000147,0.005701,1.860927,0.005414,0.016934,0.077967,0.011738,0.067906,0.0001,,,,,lstm
460586,332,-0.076038,0.004214,1.860915,0.005414,0.01147,0.039708,0.00045,0.027808,0.0001,,,,,lstm
460586,332,-0.003355,0.004507,1.860916,0.005414,0.01516,0.267202,0.007063,0.22589,0.0001,,,,,lstm
466498,336,0.036787,0.004943,1.860923,0.005397,0.012498,0.066469,0.001699,0.056609,0.0001,,,,,lstm
466498,336,-0.106238,0.004711,1.860911,0.005397,0.013041,0.102246,0.003737,0.090063,0.0001,,,,,lstm
466498,336,-0.021632,0.005178,1.86088,0.005397,0.012145,0.068945,0.001383,0.060425,0.0001,,,,,lstm
466498,336,0.093121,0.005775,1.860842,0.005397,0.013847,0.141907,0.004971,0.093305,0.0001,,,,,lstm
466498,336,-0.073885,0.004306,1.860782,0.005397,0.012447,0.171979,0.003914,0.159622,0.0001,,,,,lstm
466498,336,-0.116703,0.004898,1.860724,0.005397,0.011424,0.046474,0.002024,0.027615,0.0001,,,,,lstm
466498,336,-0.060185,0.004026,1.860661,0.005397,0.011003,0.072697,0.000302,0.063809,0.0001,,,,,lstm
466498,336,0.012482,0.004334,1.860601,0.005397,0.012999,0.059893,0.001819,0.024773,0.0001,,,,,lstm
466498,336,-0.045005,0.006758,1.86052,0.005397,0.014005,0.118284,0.001919,0.096209,0.0001,,,,,lstm
466498,336,-0.059211,0.0047,1.860421,0.005397,0.013084,0.055516,0.006733,0.025617,0.0001,,,,,lstm
466498,336,-0.046949,0.005617,1.860311,0.005397,0.018434,0.084001,0.013001,0.060412,0.0001,,,,,lstm
466498,336,0.021569,0.005687,1.860195,0.005397,0.023633,0.023383,0.01812,0.026889,0.0001,,,,,lstm
472484,340,0.019381,0.004996,1.860084,0.005381,0.014538,0.040498,0.00862,0.028528,0.0001,,,,,lstm
472484,340,-0.077125,0.004621,1.859991,0.005381,0.014297,0.072119,0.007191,0.042137,0.0001,,,,,lstm
472484,340,-0.034631,0.004489,1.859898,0.005381,0.016359,0.050238,0.009552,0.030445,0.0001,,,,,lstm
472484,340,0.03938,0.005035,1.859829,0.005381,0.018988,0.047978,0.013892,0.045865,0.0001,,,,,lstm
472484,340,-0.05514,0.004921,1.859758,0.005381,0.018883,0.052725,0.01242,0.034837,0.0001,,,,,lstm
472484,340,-0.078937,0.004552,1.859683,0.005381,0.016637,0.076651,0.011184,0.076116,0.0001,,,,,lstm
472484,340,0.009309,0.005046,1.859628,0.005381,0.016928,0.050881,0.009859,0.035452,0.0001,,,,,lstm
472484,340,-0.106159,0.003843,1.859566,0.005381,0.012525,0.0405,0.001977,0.025066,0.0001,,,,,lstm
472484,340,0.008597,0.00493,1.859506,0.005381,0.014779,0.070462,0.000587,0.032104,0.0001,,,,,lstm
472484,340,-0.063225,0.004223,1.85948,0.005381,0.015247,0.058445,0.003427,0.052235,0.0001,,,,,lstm
472484,340,-0.061172,0.004164,1.859461,0.005381,0.014375,0.055589,0.00126,0.032039,0.0001,,,,,lstm
472484,340,0.039289,0.005339,1.859439,0.005381,0.015398,0.040678,0.00497,0.030484,0.0001,,,,,lstm
478385,344,-0.054914,0.005713,1.859424,0.005365,0.014528,0.167145,0.00721,0.119182,0.0001,,,,,lstm
478385,344,-0.02464,0.004595,1.85944,0.005365,0.015024,0.044257,0.008021,0.032393,0.0001,,,,,lstm
478385,344,0.01315,0.00419,1.859465,0.005365,0.014686,0.053026,0.009037,0.026873,0.0001,,,,,lstm
478385,344,-0.070582,0.004421,1.859483,0.005365,0.013919,0.155687,0.008098,0.147311,0.0001,,,,,lstm
478385,344,-0.04811,0.004219,1.859506,0.005365,0.011766,0.120198,0.001731,0.100393,0.0001,,,,,lstm
478385,344,0.059494,0.005579,1.859534,0.005365,0.014813,0.13427,0.00366,0.10004,0.0001,,,,,lstm
478385,344,0.050093,0.004332,1.859581,0.005365,0.020047,0.048135,0.014152,0.043716,0.0001,,,,,lstm
478385,344,-0.007881,0.004846,1.859623,0.005365,0.030543,0.159322,0.02287,0.172487,0.0001,,,,,lstm
478385,344,-0.125279,0.005148,1.859661,0.005365,0.029208,0.130205,0.022029,0.132429,0.0001,,,,,lstm
478385,344,0.06242,0.004349,1.859695,0.005365,0.018807,0.057998,0.011042,0.027169,0.0001,,,,,lstm
478385,344,-0.0097,0.005152,1.859745,0.005365,0.01375,0.127163,0.003549,0.076993,0.0001,,,,,lstm
478385,344,-0.132757,0.004301,1.859786,0.005365,0.01166,0.084055,0.002316,0.062797,0.0001,,,,,lstm
484487,348,0.019136,0.005719,1.859822,0.005349,0.01177,0.162191,0.000701,0.129718,0.0001,,,,,lstm
484487,348,-0.011478,0.004279,1.859863,0.005349,0.013071,0.084163,0.006041,0.069358,0.0001,,,,,lstm
484487,348,-0.071275,0.004556,1.859895,0.005349,0.013775,0.097036,0.006485,0.078401,0.0001,,,,,lstm
484487,348,-0.004129,0.00503,1.859922,0.005349,0.01408,0.085094,0.007235,0.086153,0.0001,,,,,lstm
484487,348,-0.017618,0.005459,1.859944,0.005349,0.012401,0.177402,0.003911,0.152702,0.0001,,,,,lstm
484487,348,-0.040131,0.003904,1.859984,0.005349,0.01154,0.06856,0.005902,0.036066,0.0001,,,,,lstm
484487,348,-0.061675,0.005236,1.860014,0.005349,0.019152,0.115855,0.013458,0.085116,0.0001,,,,,lstm
484487,348,0.011888,0.004573,1.860025,0.005349,0.023234,0.133067,0.017748,0.128548,0.0001,,,,,lstm
484487,348,-0.012646,0.004447,1.860041,0.005349,0.021364,0.07365,0.015604,0.052965,0.0001,,,,,lstm
484487,348,-0.064433,0.005153,1.860044,0.005349,0.018518,0.070402,0.011328,0.037939,0.0001,,,,,lstm
484487,348,-0.01478,0.004604,1.860037,0.005349,0.010949,0.073502,0.003583,0.053017,0.0001,,,,,lstm
484487,348,0.019072,0.004437,1.86005,0.005349,0.010085,0.093815,0.001834,0.072142,0.0001,,,,,lstm
490504,352,-0.016876,0.005158,1.860039,0.005333,0.014228,0.056417,0.00329,0.028619,0.0001,,,,,lstm
490504,352,-0.018462,0.005181,1.860013,0.005333,0.014569,0.06826,0.007362,0.0259,0.0001,,,,,lstm
490504,352,-0.037498,0.004231,1.860023,0.005333,0.014726,0.0626,0.009209,0.046551,0.0001,,,,,lstm
490504,352,0.062525,0.006085,1.860018,0.005333,0.020019,0.128966,0.014468,0.110614,0.0001,,,,,lstm
490504,352,-0.083158,0.004574,1.860016,0.005333,0.016903,0.03422,0.009707,0.028447,0.0001,,,,,lstm
490504,352,-0.051377,0.004285,1.860008,0.005333,0.013232,0.057635,0.006755,0.039422,0.0001,,,,,lstm
490504,352,-0.147688,0.004685,1.860002,0.005333,0.013239,0.062196,0.003393,0.045303,0.0001,,,,,lstm
490504,352,0.053003,0.005298,1.859992,0.005333,0.013005,0.061471,0.003125,0.046546,0.0001,,,,,lstm
490504,352,0.025332,0.004244,1.859995,0.005333,0.012453,0.067499,0.002125,0.038342,0.0001,,,,,lstm
490504,352,-0.0671,0.005194,1.859983,0.005333,0.013465,0.061671,0.004372,0.052349,0.0001,,,,,lstm
490504,352,-0.025514,0.004241,1.859961,0.005333,0.013185,0.08871,0.002965,0.061846,0.0001,,,,,lstm
490504,352,0.022815,0.004764,1.859936,0.005333,0.014867,0.056141,0.001599,0.033297,0.0001,,,,,lstm
496612,356,-0.001753,0.004994,1.859923,0.005316,0.014291,0.15728,0.001334,0.105405,0.0001,,,,,lstm
496612,356,-0.176012,0.004584,1.859875,0.005316,0.014826,0.106221,0.002475,0.059653,0.0001,,,,,lstm
496612,356,0.12029,0.005256,1.859807,0.005316,0.013878,0.067679,0.003162,0.052029,0.0001,,,,,lstm
496612,356,-0.010832,0.004834,1.859749,0.005316,0.015364,0.064283,0.001469,0.024202,0.0001,,,,,lstm
496612,356,-0.052416,0.005232,1.859669,0.005316,0.013232,0.093172,0.001606,0.065303,0.0001,,,,,lstm
496612,356,0.008093,0.004569,1.859607,0.005316,0.013943,0.074873,0.004783,0.059008,0.0001,,,,,lstm
496612,356,0.052238,0.004563,1.859546,0.005316,0.016064,0.122603,0.009992,0.097339,0.0001,,,,,lstm
496612,356,-0.074564,0.005628,1.859481,0.005316,0.025888,0.036567,0.019107,0.028066,0.0001,,,,,lstm
496612,356,-0.03427,0.004662,1.85941,0.005316,0.029697,0.15982,0.023577,0.161559,0.0001,,,,,lstm
496612,356,-0.024955,0.004066,1.859334,0.005316,0.021504,0.091869,0.016563,0.033538,0.0001,,,,,lstm
496612,356,-0.061553,0.004584,1.859244,0.005316,0.020341,0.105234,0.01251,0.086574,0.0001,,,,,lstm
496612,356,0.033616,0.005965,1.859141,0.005316,0.015258,0.046448,0.002769,0.032103,0.0001,,,,,lstm
502653,360,0.007898,0.004995,1.859037,0.0053,0.015316,0.057545,0.001314,0.042523,0.0001,,,,,lstm
502653,360,-0.000386,0.005457,1.85893,0.0053,0.017996,0.064699,0.009964,0.040222,0.0001,,,,,lstm
502653,360,-0.070001,0.004975,1.858829,0.0053,0.02396,0.056806,0.017319,0.048384,0.0001,,,,,lstm
502653,360,-0.02516,0.005372,1.858738,0.0053,0.029162,0.043845,0.022147,0.051354,0.0001,,,,,lstm
502653,360,-0.038797,0.006091,1.858654,0.0053,0.029168,0.073468,0.021854,0.063449,0.0001,,,,,lstm
502653,360,0.003395,0.0056,1.858583,0.0053,0.028141,0.082018,0.02171,0.071739,0.0001,,,,,lstm
502653,360,0.041848,0.005522,1.858504,0.0053,0.022116,0.031093,0.015767,0.017653,0.0001,,,,,lstm
502653,360,-0.093711,0.004782,1.858435,0.0053,0.017016,0.077655,0.009431,0.04426,0.0001,,,,,lstm
502653,360,-0.007175,0.005196,1.858362,0.0053,0.01562,0.060047,0.007504,0.037766,0.0001,,,,,lstm
502653,360,-0.135044,0.004244,1.858276,0.0053,0.013349,0.13279,0.001182,0.103234,0.0001,,,,,lstm
502653,360,0.052459,0.005248,1.858186,0.0053,0.01316,0.087703,0.002039,0.056164,0.0001,,,,,lstm
502653,360,0.025136,0.005199,1.8581,0.0053,0.014342,0.04851,0.00302,0.030843,0.0001,,,,,lstm
508669,364,-0.023436,0.004144,1.858018,0.005284,0.013211,0.068734,0.004082,0.042832,0.0001,,,,,lstm
508669,364,-0.039718,0.004576,1.857947,0.005284,0.014155,0.06859,0.006556,0.033367,0.0001,,,,,lstm
508669,364,-0.006622,0.005292,1.857882,0.005284,0.013657,0.059344,0.00734,0.024651,0.0001,,,,,lstm
508669,364,-0.044165,0.004699,1.857817,0.005284,0.014609,0.042217,0.00735,0.027289,0.0001,,,,,lstm
508669,364,-0.032815,0.003975,1.857768,0.005284,0.012525,0.025648,0.006065,0.014567,0.0001,,,,,lstm
508669,364,0.008612,0.005431,1.857719,0.005284,0.014899,0.044107,0.007855,0.03023,0.0001,,,,,lstm
508669,364,0.016502,0.004514,1.857663,0.005284,0.014482,0.050269,0.007772,0.029685,0.0001,,,,,lstm
508669,364,0.01457,0.00453,1.857623,0.005284,0.013557,0.071213,0.006233,0.052763,0.0001,,,,,lstm
508669,364,-0.107702,0.004925,1.857577,0.005284,0.011199,0.044964,0.001951,0.017794,0.0001,,,,,lstm
508669,364,-0.035175,0.004678,1.857513,0.005284,0.012506,0.071,0.001544,0.046598,0.0001,,,,,lstm
508669,364,-0.002239,0.004602,1.85746,0.005284,0.012109,0.031231,0.00176,0.01984,0.0001,,,,,lstm
508669,364,-0.033129,0.004359,1.8574,0.005284,0.012102,0.079992,0.001171,0.046921,0.0001,,,,,lstm
514577,368,-0.09772,0.005555,1.857329,0.005268,0.015042,0.062649,0.00197,0.037953,0.0001,,,,,lstm
514577,368,-0.032587,0.004691,1.857283,0.005268,0.011703,0.061896,0.001089,0.041822,0.0001,,,,,lstm
514577,368,0.044102,0.004218,1.85724,0.005268,0.012424,0.12804,0.001082,0.103441,0.0001,,,,,lstm
514577,368,-0.088145,0.004689,1.857208,0.005268,0.013703,0.075841,0.006261,0.051697,0.0001,,,,,lstm
514577,368,-0.005851,0.004949,1.857203,0.005268,0.014306,0.056511,0.006515,0.046361,0.0001,,,,,lstm
514577,368,0.006607,0.004633,1.857194,0.005268,0.016617,0.087837,0.006079,0.068835,0.0001,,,,,lstm
514577,368,0.01258,0.004948,1.85718,0.005268,0.014765,0.048501,0.00424,0.028929,0.0001,,,,,lstm
514577,368,-0.039596,0.00439,1.857174,0.005268,0.013415,0.095703,0.005002,0.070311,0.0001,,,,,lstm
514577,368,-0.066361,0.005077,1.857189,0.005268,0.01356,0.051648,0.001783,0.033003,0.0001,,,,,lstm
514577,368,-0.048957,0.005476,1.857187,0.005268,0.014317,0.047016,0.00299,0.018514,0.0001,,,,,lstm
514577,368,-0.008459,0.005433,1.857197,0.005268,0.014952,0.081655,0.007385,0.073279,0.0001,,,,,lstm
514577,368,-0.034373,0.003946,1.857211,0.005268,0.014984,0.06749,0.006791,0.043023,0.0001,,,,,lstm
520601,372,0.015633,0.004727,1.85723,0.005252,0.014586,0.098171,0.006768,0.068202,0.0001,,,,,lstm
520601,372,-0.10609,0.004632,1.857246,0.005252,0.013925,0.033946,0.004261,0.017322,0.0001,,,,,lstm
520601,372,0.007097,0.005169,1.857255,0.005252,0.014634,0.103971,0.006974,0.04829,0.0001,,,,,lstm
520601,372,-0.065181,0.00461,1.857292,0.005252,0.014915,0.096536,0.006707,0.059115,0.0001,,,,,lstm
520601,372,-0.05846,0.00501,1.857327,0.005252,0.016497,0.119073,0.009411,0.089444,0.0001,,,,,lstm
520601,372,0.043208,0.005487,1.857364,0.005252,0.02214,0.138163,0.015098,0.097671,0.0001,,,,,lstm
520601,372,-0.142757,0.005028,1.857391,0.005252,0.018776,0.052465,0.010839,0.037491,0.0001,,,,,lstm
520601,372,0.024259,0.005295,1.857414,0.005252,0.020084,0.055102,0.013684,0.031304,0.0001,,,,,lstm
520601,372,0.038454,0.004962,1.857439,0.005252,0.018372,0.040037,0.012333,0.035838,0.0001,,,,,lstm
520601,372,-0.108694,0.004567,1.857455,0.005252,0.014532,0.023926,0.006969,0.012268,0.0001,,,,,lstm
520601,372,-0.028435,0.00485,1.857468,0.005252,0.015178,0.081794,0.005668,0.034041,0.0001,,,,,lstm
520601,372,0.057818,0.00516,1.857499,0.005252,0.013964,0.13488,0.00621,0.088872,0.0001,,,,,lstm
526530,376,-0.007438,0.005272,1.857527,0.005235,0.013047,0.060184,0.004152,0.042406,0.0001,,,,,lstm
526530,376,-0.052472,0.003982,1.857567,0.005235,0.012162,0.050821,0.001475,0.03113,0.0001,,,,,lstm
526530,376,-0.019666,0.005522,1.857619,0.005235,0.011604,0.091918,0.004329,0.068185,0.0001,,,,,lstm
526530,376,-0.008557,0.004821,1.857666,0.005235,0.015923,0.070591,0.010263,0.064414,0.0001,,,,,lstm
526530,376,-0.020924,0.005906,1.857703,0.005235,0.016695,0.108347,0.010815,0.059805,0.0001,,,,,lstm
526530,376,-0.052543,0.003739,1.857759,0.005235,0.018717,0.041432,0.014259,0.01906,0.0001,,,,,lstm
526530,376,-0.012346,0.005187,1.85782,0.005235,0.02359,0.199983,0.017774,0.162938,0.0001,,,,,lstm
526530,376,-0.105933,0.00521,1.857882,0.005235,0.01949,0.029564,0.014495,0.015685,0.0001,,,,,lstm
526530,376,0.042334,0.004168,1.857944,0.005235,0.014026,0.090754,0.008464,0.060987,0.0001,,,,,lstm
526530,376,0.037543,0.004733,1.858023,0.005235,0.012808,0.044441,0.005991,0.036645,0.0001,,,,,lstm
526530,376,-0.096078,0.005279,1.85809,0.005235,0.012225,0.088752,0.002828,0.063893,0.0001,,,,,lstm
526530,376,-0.022076,0.00459,1.858161,0.005235,0.011576,0.144022,0.001263,0.089426,0.0001,,,,,lstm
532497,380,-0.037164,0.005532,1.858252,0.005219,0.012373,0.106643,0.004203,0.074221,0.0001,,,,,lstm
532497,380,-0.033212,0.003751,1.858324,0.005219,0.009813,0.052568,0.00305,0.030651,0.0001,,,,,lstm
532497,380,-0.024649,0.005446,1.858383,0.005219,0.016357,0.023584,0.009605,0.016317,0.0001,,,,,lstm
532497,380,-0.051139,0.005142,1.858434,0.005219,0.023799,0.063876,0.016699,0.03981,0.0001,,,,,lstm
532497,380,0.053198,0.0054,1.858464,0.005219,0.026983,0.11731,0.018872,0.081976,0.0001,,,,,lstm
532497,380,-0.099998,0.004094,1.858477,0.005219,0.027249,0.066618,0.020248,0.063157,0.0001,,,,,lstm
532497,380,0.021297,0.004801,1.858485,0.005219,0.019818,0.068221,0.012459,0.036293,0.0001,,,,,lstm
532497,380,-0.027263,0.004811,1.85847,0.005219,0.013602,0.048149,0.005949,0.012125,0.0001,,,,,lstm
532497,380,-0.092215,0.004932,1.858445,0.005219,0.01047,0.073707,0.000557,0.045499,0.0001,,,,,lstm
532497,380,-0.088103,0.004927,1.858424,0.005219,0.011654,0.065422,0.003782,0.046293,0.0001,,,,,lstm
532497,380,0.021214,0.005719,1.858401,0.005219,0.011858,0.086531,0.006085,0.067816,0.0001,,,,,lstm
532497,380,-0.02615,0.004328,1.85837,0.005219,0.011571,0.067731,0.002074,0.027399,0.0001,,,,,lstm
538436,384,0.002134,0.005054,1.858342,0.005203,0.011792,0.049844,0.001498,0.036742,0.0001,,,,,lstm
538436,384,-0.014632,0.004546,1.85832,0.005203,0.011764,0.033188,0.004175,0.013249,0.0001,,,,,lstm
538436,384,-0.067111,0.005729,1.858317,0.005203,0.016433,0.153341,0.008972,0.102742,0.0001,,,,,lstm
538436,384,0.013179,0.004493,1.858296,0.005203,0.017266,0.07403,0.012217,0.068714,0.0001,,,,,lstm
538436,384,-0.096275,0.00578,1.85828,0.005203,0.021069,0.095332,0.014312,0.088866,0.0001,,,,,lstm
538436,384,0.010295,0.00499,1.858267,0.005203,0.013295,0.091497,0.005506,0.073756,0.0001,,,,,lstm
538436,384,0.061562,0.005625,1.858252,0.005203,0.013106,0.042226,0.004836,0.029761,0.0001,,,,,lstm
538436,384,-0.029728,0.005799,1.85824,0.005203,0.01759,0.069382,0.010551,0.053899,0.0001,,,,,lstm
538436,384,-0.111791,0.004951,1.858222,0.005203,0.024611,0.077334,0.016467,0.062834,0.0001,,,,,lstm
538436,384,-0.030372,0.005829,1.858207,0.005203,0.028612,0.034849,0.021705,0.026141,0.0001,,,,,lstm
538436,384,-0.075778,0.00577,1.858202,0.005203,0.028938,0.062193,0.021039,0.056942,0.0001,,,,,lstm
538436,384,0.037773,0.006619,1.858201,0.005203,0.030852,0.099732,0.02268,0.076372,0.0001,,,,,lstm
544396,388,-0.076141,0.004295,1.858171,0.005187,0.012936,0.080691,0.006543,0.042462,0.0001,,,,,lstm
544396,388,0.00215,0.005603,1.858137,0.005187,0.014194,0.11023,0.004051,0.072027,0.0001,,,,,lstm
544396,388,-0.001498,0.004315,1.858116,0.005187,0.010736,0.031462,0.000633,0.017894,0.0001,,,,,lstm
544396,388,0.045678,0.004659,1.858103,0.005187,0.013949,0.078897,0.002552,0.045647,0.0001,,,,,lstm
544396,388,-0.076781,0.004558,1.858096,0.005187,0.013045,0.110156,0.004981,0.088682,0.0001,,,,,lstm
544396,388,-0.048753,0.004672,1.858088,0.005187,0.012639,0.104703,0.002095,0.085509,0.0001,,,,,lstm
544396,388,-0.0129,0.004856,1.858079,0.005187,0.011754,0.054175,0.003961,0.036817,0.0001,,,,,lstm
544396,388,0.04074,0.005458,1.858062,0.005187,0.016479,0.100229,0.011646,0.075523,0.0001,,,,,lstm
544396,388,-0.111428,0.004416,1.85803,0.005187,0.014679,0.020198,0.00869,0.01119,0.0001,,,,,lstm
544396,388,-0.035516,0.005067,1.858009,0.005187,0.015372,0.041328,0.011109,0.026424,0.0001,,,,,lstm
544396,388,-0.057737,0.0042,1.857975,0.005187,0.015643,0.020949,0.010459,0.021261,0.0001,,,,,lstm
544396,388,0.020293,0.006028,1.857943,0.005187,0.0177,0.114575,0.011776,0.097697,0.0001,,,,,lstm
550301,392,0.031608,0.00546,1.857905,0.005171,0.016531,0.04749,0.008939,0.022146,0.0001,,,,,lstm
550301,392,-0.042243,0.004975,1.857885,0.005171,0.014371,0.083911,0.002251,0.054728,0.0001,,,,,lstm
550301,392,-0.072559,0.004065,1.857867,0.005171,0.01461,0.088974,0.006553,0.054913,0.0001,,,,,lstm
550301,392,0.056408,0.004494,1.857879,0.005171,0.022448,0.050628,0.009952,0.022107,0.0001,,,,,lstm
550301,392,-0.06196,0.004787,1.85788,0.005171,0.029241,0.100656,0.019698,0.073134,0.0001,,,,,lstm
550301,392,-0.079306,0.004987,1.85791,0.005171,0.031355,0.03586,0.021345,0.042144,0.0001,,,,,lstm
550301,392,-0.094785,0.004364,1.857943,0.005171,0.03203,0.05769,0.022302,0.031622,0.0001,,,,,lstm
550301,392,0.007916,0.005085,1.857987,0.005171,0.030731,0.071276,0.018386,0.070196,0.0001,,,,,lstm
550301,392,0.014392,0.004853,1.858037,0.005171,0.025525,0.049545,0.014163,0.030667,0.0001,,,,,lstm
550301,392,-0.075478,0.004187,1.858077,0.005171,0.02103,0.052697,0.010409,0.038235,0.0001,,,,,lstm
550301,392,0.080254,0.005787,1.858131,0.005171,0.017795,0.043875,0.002694,0.03093,0.0001,,,,,lstm
550301,392,-0.086979,0.004387,1.858174,0.005171,0.011757,0.102254,0.001787,0.073223,0.0001,,,,,lstm
556242,396,-0.039797,0.00424,1.858227,0.005154,0.013203,0.081554,0.003724,0.066188,0.0001,,,,,lstm
556242,396,-0.037286,0.003977,1.858277,0.005154,0.012225,0.101653,0.002228,0.07672,0.0001,,,,,lstm
556242,396,0.014384,0.006407,1.858324,0.005154,0.01628,0.113092,0.001656,0.07184,0.0001,,,,,lstm
556242,396,0.011793,0.004234,1.858382,0.005154,0.012197,0.045267,0.003579,0.027858,0.0001,,,,,lstm
556242,396,-0.083527,0.004309,1.858423,0.005154,0.016955,0.163107,0.009391,0.13143,0.0001,,,,,lstm
556242,396,0.008333,0.005662,1.858469,0.005154,0.018483,0.198584,0.006884,0.160009,0.0001,,,,,lstm
556242,396,-0.110368,0.00444,1.85851,0.005154,0.015705,0.067032,0.002107,0.04256,0.0001,,,,,lstm
556242,396,0.022468,0.005546,1.858538,0.005154,0.015893,0.069372,0.008347,0.050724,0.0001,,,,,lstm
556242,396,0.027427,0.004985,1.858571,0.005154,0.019297,0.096017,0.012781,0.075277,0.0001,,,,,lstm
556242,396,-0.017526,0.004927,1.858603,0.005154,0.01964,0.108283,0.011764,0.078291,0.0001,,,,,lstm
556242,396,0.085108,0.005325,1.858648,0.005154,0.016523,0.145129,0.00841,0.111814,0.0001,,,,,lstm
556242,396,-0.143275,0.004691,1.858692,0.005154,0.014089,0.051157,0.003509,0.03356,0.0001,,,,,lstm
562115,400,0.019255,0.005467,1.858725,0.005138,0.012707,0.087618,0.003594,0.059379,0.0001,,,,,lstm
562115,400,-0.062208,0.004502,1.858743,0.005138,0.014777,0.063443,0.006608,0.022029,0.0001,,,,,lstm
562115,400,-0.034155,0.00488,1.858769,0.005138,0.02095,0.125499,0.012047,0.081219,0.0001,,,,,lstm
562115,400,0.012545,0.004287,1.858752,0.005138,0.018816,0.109737,0.01157,0.077736,0.0001,,,,,lstm
562115,400,-0.094496,0.004983,1.858712,0.005138,0.019383,0.049649,0.011896,0.028728,0.0001,,,,,lstm
562115,400,0.009136,0.005469,1.858655,0.005138,0.017557,0.09722,0.008205,0.054908,0.0001,,,,,lstm
562115,400,-0.029225,0.004066,1.8586,0.005138,0.012028,0.042973,0.00282,0.023433,0.0001,,,,,lstm
562115,400,-0.13096,0.004873,1.858541,0.005138,0.01109,0.061622,0.000492,0.038313,0.0001,,,,,lstm
562115,400,0.09963,0.006334,1.858477,0.005138,0.017931,0.068818,0.01082,0.030832,0.0001,,,,,lstm
562115,400,-0.174108,0.004324,1.858408,0.005138,0.015066,0.053236,0.008036,0.018984,0.0001,,,,,lstm
562115,400,0.070997,0.005918,1.858323,0.005138,0.022428,0.056038,0.016989,0.036161,0.0001,,,,,lstm
562115,400,0.036588,0.006015,1.85825,0.005138,0.021189,0.092886,0.016168,0.063149,0.0001,,,,,lstm
567887,404,-0.146359,0.004071,1.858163,0.005122,0.010986,0.053169,0.004186,0.032085,0.0001,,,,,lstm
567887,404,0.003567,0.004919,1.858085,0.005122,0.012764,0.026019,0.003942,0.023998,0.0001,,,,,lstm
567887,404,0.071782,0.005307,1.858017,0.005122,0.011821,0.107307,0.001497,0.07028,0.0001,,,,,lstm
567887,404,-0.050591,0.004431,1.857972,0.005122,0.017912,0.065914,0.009908,0.040751,0.0001,,,,,lstm
567887,404,0.013476,0.005144,1.857929,0.005122,0.026566,0.11016,0.017406,0.093245,0.0001,,,,,lstm
567887,404,-0.057598,0.004158,1.857875,0.005122,0.02901,0.043818,0.022196,0.040699,0.0001,,,,,lstm
567887,404,-0.042433,0.005047,1.857836,0.005122,0.029468,0.076992,0.020034,0.073978,0.0001,,,,,lstm
567887,404,0.015742,0.004307,1.857786,0.005122,0.018094,0.062088,0.01082,0.046095,0.0001,,,,,lstm
567887,404,-0.070998,0.004317,1.857728,0.005122,0.012198,0.05351,0.005178,0.013723,0.0001,,,,,lstm
567887,404,-0.01093,0.004931,1.857698,0.005122,0.011605,0.069561,0.004211,0.050583,0.0001,,,,,lstm
567887,404,-0.115258,0.004143,1.857684,0.005122,0.011487,0.064144,0.005379,0.044485,0.0001,,,,,lstm
567887,404,0.050475,0.005461,1.857671,0.005122,0.017113,0.043572,0.011223,0.033265,0.0001,,,,,lstm
573653,408,-0.147495,0.004004,1.857664,0.005106,0.010341,0.04441,0.005518,0.031559,0.0001,,,,,lstm
573653,408,0.040507,0.005335,1.857651,0.005106,0.014974,0.124127,0.009318,0.092099,0.0001,,,,,lstm
573653,408,0.026969,0.005775,1.857629,0.005106,0.012997,0.086796,0.005897,0.06761,0.0001,,,,,lstm
573653,408,-0.062923,0.004158,1.85761,0.005106,0.011449,0.081133,0.003144,0.055989,0.0001,,,,,lstm
573653,408,-0.036417,0.004981,1.857572,0.005106,0.014529,0.105055,0.006842,0.081922,0.0001,,,,,lstm
573653,408,0.017774,0.005095,1.857525,0.005106,0.016316,0.11656,0.005188,0.088049,0.0001,,,,,lstm
573653,408,-0.008103,0.005464,1.857471,0.005106,0.010513,0.076394,0.001687,0.046709,0.0001,,,,,lstm
573653,408,-0.04447,0.004845,1.857407,0.005106,0.013617,0.108892,0.001533,0.071671,0.0001,,,,,lstm
573653,408,-0.03667,0.004017,1.857347,0.005106,0.01062,0.017128,0.003241,0.007676,0.0001,,,,,lstm
573653,408,-0.032483,0.00552,1.857287,0.005106,0.013278,0.048137,0.007061,0.033944,0.0001,,,,,lstm
573653,408,0.02877,0.005175,1.857223,0.005106,0.014165,0.126992,0.008811,0.090906,0.0001,,,,,lstm
573653,408,-0.095353,0.004104,1.857158,0.005106,0.011403,0.018233,0.004317,0.014461,0.0001,,,,,lstm
579442,412,0.033005,0.005503,1.857103,0.00509,0.016868,0.061111,0.010702,0.039245,0.0001,,,,,lstm
579442,412,-0.08758,0.00509,1.857072,0.00509,0.011508,0.054987,0.0025,0.022975,0.0001,,,,,lstm
579442,412,-0.034752,0.00461,1.857068,0.00509,0.012225,0.066386,0.001159,0.049842,0.0001,,,,,lstm
579442,412,-0.078342,0.00462,1.857055,0.00509,0.017872,0.065296,0.008377,0.042912,0.0001,,,,,lstm
579442,412,-0.020322,0.005169,1.857051,0.00509,0.025521,0.099479,0.012605,0.075796,0.0001,,,,,lstm
579442,412,0.018137,0.004688,1.857055,0.00509,0.025046,0.050727,0.012674,0.033756,0.0001,,,,,lstm
579442,412,0.018632,0.004859,1.857048,0.00509,0.023849,0.101472,0.011893,0.075913,0.0001,,,,,lstm
579442,412,-0.116236,0.004456,1.857029,0.00509,0.021696,0.011708,0.012721,0.011031,0.0001,,,,,lstm
579442,412,0.017251,0.005216,1.85701,0.00509,0.017647,0.072942,0.004197,0.025504,0.0001,,,,,lstm
579442,412,0.056163,0.00556,1.857025,0.00509,0.016622,0.089783,0.001588,0.058275,0.0001,,,,,lstm
579442,412,-0.09186,0.004564,1.857018,0.00509,0.01426,0.067964,0.00635,0.040454,0.0001,,,,,lstm
579442,412,-0.055053,0.004282,1.857026,0.00509,0.016021,0.082025,0.006397,0.043986,0.0001,,,,,lstm
585201,416,-0.071966,0.00516,1.857065,0.005073,0.010631,0.069251,0.003196,0.041247,0.0001,,,,,lstm
585201,416,-0.011803,0.005612,1.857083,0.005073,0.013634,0.10342,0.00643,0.063726,0.0001,,,,,lstm
585201,416,-0.000948,0.004661,1.857072,0.005073,0.012321,0.060749,0.003427,0.036366,0.0001,,,,,lstm
585201,416,-0.061242,0.005724,1.857048,0.005073,0.012585,0.047623,0.00099,0.025894,0.0001,,,,,lstm
585201,416,-0.000844,0.00492,1.857012,0.005073,0.013493,0.081884,0.001322,0.039686,0.0001,,,,,lstm
585201,416,-0.026112,0.00429,1.85696,0.005073,0.011768,0.069041,0.005893,0.026562,0.0001,,,,,lstm
585201,416,-0.061693,0.004735,1.856883,0.005073,0.01584,0.051996,0.010181,0.039984,0.0001,,,,,lstm
585201,416,-0.09154,0.005051,1.856799,0.005073,0.020173,0.100551,0.014347,0.072797,0.0001,,,,,lstm
585201,416,0.083957,0.005129,1.856694,0.005073,0.017476,0.106655,0.008139,0.052897,0.0001,,,,,lstm
585201,416,-0.139438,0.004895,1.856557,0.005073,0.012724,0.053435,0.006085,0.009855,0.0001,,,,,lstm
585201,416,0.108657,0.005206,1.85641,0.005073,0.013063,0.086478,0.003519,0.049521,0.0001,,,,,lstm
585201,416,-0.064651,0.004984,1.856246,0.005073,0.013256,0.056595,0.00123,0.030238,0.0001,,,,,lstm
591035,420,0.046344,0.00465,1.856088,0.005057,0.011372,0.084238,0.004771,0.054057,0.0001,,,,,lstm
591035,420,-0.004557,0.005762,1.855943,0.005057,0.013766,0.054081,0.007873,0.028546,0.0001,,,,,lstm
591035,420,-0.123158,0.005328,1.855803,0.005057,0.016601,0.061295,0.010883,0.031935,0.0001,,,,,lstm
591035,420,0.088665,0.00618,1.855674,0.005057,0.024515,0.076531,0.019272,0.03841,0.0001,,,,,lstm
591035,420,-0.175053,0.006074,1.855553,0.005057,0.026756,0.063732,0.020478,0.032526,0.0001,,,,,lstm
591035,420,0.024587,0.005762,1.855445,0.005057,0.037317,0.128739,0.029322,0.110679,0.0001,,,,,lstm
591035,420,0.112997,0.005984,1.855335,0.005057,0.035129,0.053201,0.027698,0.050005,0.0001,,,,,lstm
591035,420,-0.135543,0.005313,1.85523,0.005057,0.024018,0.120084,0.018077,0.08802,0.0001,,,,,lstm
591035,420,-0.047437,0.00643,1.855143,0.005057,0.018096,0.041844,0.013721,0.026131,0.0001,,,,,lstm
591035,420,-0.048297,0.005679,1.855046,0.005057,0.011812,0.082601,0.004611,0.047806,0.0001,,,,,lstm
591035,420,0.042033,0.004842,1.854964,0.005057,0.01063,0.073353,0.000878,0.043283,0.0001,,,,,lstm
591035,420,-0.066201,0.004622,1.854876,0.005057,0.011407,0.03512,0.005777,0.022675,0.0001,,,,,lstm
596841,424,-0.029357,0.005172,1.85479,0.005041,0.012039,0.052699,0.003233,0.013102,0.0001,,,,,lstm
596841,424,-0.025626,0.00513,1.854724,0.005041,0.016368,0.070559,0.00117,0.036685,0.0001,,,,,lstm
596841,424,-0.018702,0.005293,1.854689,0.005041,0.014548,0.055051,0.001744,0.028799,0.0001,,,,,lstm
596841,424,0.071332,0.005181,1.854656,0.005041,0.016617,0.102266,0.00103,0.034547,0.0001,,,,,lstm
596841,424,-0.146191,0.00447,1.85467,0.005041,0.016601,0.034953,0.007383,0.024547,0.0001,,,,,lstm
596841,424,0.006422,0.005863,1.854671,0.005041,0.016961,0.062704,0.004373,0.036828,0.0001,,,,,lstm
596841,424,-0.008416,0.00504,1.854674,0.005041,0.01859,0.074315,0.005695,0.020505,0.0001,,,,,lstm
596841,424,-0.051164,0.005532,1.8547,0.005041,0.018414,0.053865,0.006322,0.012701,0.0001,,,,,lstm
596841,424,-0.011994,0.004771,1.854709,0.005041,0.017198,0.061689,0.005416,0.036373,0.0001,,,,,lstm
596841,424,-0.042078,0.004566,1.854739,0.005041,0.019215,0.049459,0.00522,0.030186,0.0001,,,,,lstm
596841,424,-0.020877,0.005503,1.854784,0.005041,0.017136,0.03662,0.002345,0.022283,0.0001,,,,,lstm
596841,424,-0.007283,0.005564,1.854832,0.005041,0.01379,0.052695,0.000334,0.030731,0.0001,,,,,lstm
602599,428,0.060103,0.005626,1.854875,0.005025,0.013672,0.141036,0.003789,0.105621,0.0001,,,,,lstm
602599,428,-0.035478,0.00495,1.854908,0.005025,0.011976,0.070163,0.003979,0.031313,0.0001,,,,,lstm
602599,428,-0.117874,0.005103,1.854957,0.005025,0.017352,0.065441,0.009765,0.033417,0.0001,,,,,lstm
602599,428,0.115741,0.00532,1.855003,0.005025,0.022116,0.131025,0.010678,0.074064,0.0001,,,,,lstm
602599,428,-0.140759,0.00434,1.855048,0.005025,0.030541,0.0521,0.023639,0.02552,0.0001,,,,,lstm
602599,428,-0.054066,0.006434,1.855104,0.005025,0.039345,0.147903,0.02825,0.100389,0.0001,,,,,lstm
602599,428,-0.054025,0.005433,1.855155,0.005025,0.039444,0.15842,0.029697,0.106186,0.0001,,,,,lstm
602599,428,-0.029946,0.005844,1.855213,0.005025,0.033899,0.082608,0.024717,0.07447,0.0001,,,,,lstm
602599,428,0.0162,0.004546,1.855259,0.005025,0.022392,0.069644,0.014358,0.054405,0.0001,,,,,lstm
602599,428,0.120009,0.005161,1.855301,0.005025,0.014158,0.10032,0.001318,0.062838,0.0001,,,,,lstm
602599,428,-0.109905,0.005823,1.855333,0.005025,0.011213,0.039252,0.001543,0.027293,0.0001,,,,,lstm
602599,428,-0.098693,0.004642,1.85536,0.005025,0.012273,0.038748,0.00651,0.027618,0.0001,,,,,lstm
608428,432,-0.002216,0.005343,1.855394,0.005009,0.014254,0.119389,0.006917,0.082064,0.0001,,,,,lstm
608428,432,-0.072425,0.00544,1.855403,0.005009,0.013895,0.059611,0.009321,0.032725,0.0001,,,,,lstm
608428,432,-0.004196,0.004848,1.855433,0.005009,0.018089,0.130613,0.013876,0.085565,0.0001,,,,,lstm
608428,432,-0.099041,0.004962,1.855458,0.005009,0.021899,0.016371,0.016917,0.023259,0.0001,,,,,lstm
608428,432,0.012024,0.005953,1.855483,0.005009,0.029261,0.237443,0.023629,0.180628,0.0001,,,,,lstm
608428,432,0.013409,0.006366,1.85552,0.005009,0.024597,0.090619,0.019644,0.069514,0.0001,,,,,lstm
608428,432,-0.072931,0.00494,1.855543,0.005009,0.017332,0.066228,0.012933,0.03465,0.0001,,,,,lstm
608428,432,0.085477,0.006107,1.855566,0.005009,0.017231,0.053671,0.012977,0.029485,0.0001,,,,,lstm
608428,432,-0.100632,0.004593,1.855586,0.005009,0.010167,0.042753,0.004171,0.027518,0.0001,,,,,lstm
608428,432,-0.065979,0.004212,1.855603,0.005009,0.011135,0.085469,0.001372,0.053622,0.0001,,,,,lstm
608428,432,0.021565,0.005641,1.855627,0.005009,0.013981,0.12214,0.001558,0.083538,0.0001,,,,,lstm
608428,432,-0.035638,0.005001,1.855629,0.005009,0.012112,0.09811,0.00208,0.058577,0.0001,,,,,lstm
614192,436,0.021136,0.005422,1.855638,0.004992,0.010175,0.056253,0.00082,0.032163,0.0001,,,,,lstm
614192,436,-0.045059,0.005167,1.855661,0.004992,0.010774,0.119245,0.000772,0.072661,0.0001,,,,,lstm
614192,436,-0.075246,0.004924,1.855689,0.004992,0.011641,0.093089,0.004207,0.032324,0.0001,,,,,lstm
614192,436,-0.112075,0.00478,1.855734,0.004992,0.015001,0.066812,0.008803,0.03607,0.0001,,,,,lstm
614192,436,0.022683,0.005463,1.855784,0.004992,0.019414,0.085875,0.012324,0.05939,0.0001,,,,,lstm
614192,436,0.006632,0.005103,1.855824,0.004992,0.023068,0.106537,0.016546,0.059815,0.0001,,,,,lstm
614192,436,0.009166,0.005304,1.855874,0.004992,0.031791,0.090464,0.024069,0.059013,0.0001,,,,,lstm
614192,436,-0.075627,0.005048,1.855935,0.004992,0.039731,0.129225,0.032457,0.095639,0.0001,,,,,lstm
614192,436,-0.021007,0.006227,1.855995,0.004992,0.040647,0.105933,0.033073,0.107179,0.0001,,,,,lstm
614192,436,-0.042225,0.005241,1.856044,0.004992,0.031311,0.020971,0.025456,0.039398,0.0001,,,,,lstm
614192,436,-0.008903,0.004749,1.856084,0.004992,0.020115,0.076687,0.013655,0.028017,0.0001,,,,,lstm
614192,436,-0.038886,0.00572,1.85613,0.004992,0.011544,0.053331,0.004675,0.030072,0.0001,,,,,lstm
620055,440,-0.089625,0.005272,1.856176,0.004976,0.012339,0.131069,0.003188,0.077923,0.0001,,,,,lstm
620055,440,0.05957,0.004674,1.856193,0.004976,0.014726,0.134871,0.010236,0.095665,0.0001,,,,,lstm
620055,440,-0.026152,0.006221,1.856199,0.004976,0.026048,0.052939,0.020887,0.040587,0.0001,,,,,lstm
620055,440,0.054398,0.006255,1.856189,0.004976,0.035481,0.050641,0.027725,0.034712,0.0001,,,,,lstm
620055,440,-0.048288,0.006868,1.856168,0.004976,0.044034,0.159746,0.035398,0.137831,0.0001,,,,,lstm
620055,440,-0.063345,0.006511,1.856123,0.004976,0.038537,0.079211,0.0303,0.080019,0.0001,,,,,lstm
620055,440,-0.027076,0.006529,1.856087,0.004976,0.028448,0.053257,0.022778,0.036826,0.0001,,,,,lstm
620055,440,0.040952,0.005097,1.856045,0.004976,0.019815,0.066172,0.015191,0.038085,0.0001,,,,,lstm
620055,440,-0.072994,0.004868,1.855987,0.004976,0.012015,0.090923,0.005568,0.058872,0.0001,,,,,lstm
620055,440,0.097513,0.005638,1.855916,0.004976,0.009989,0.122248,0.002456,0.083374,0.0001,,,,,lstm
620055,440,-0.096275,0.004531,1.855835,0.004976,0.010432,0.164373,0.001374,0.091193,0.0001,,,,,lstm
620055,440,-0.055314,0.004918,1.855708,0.004976,0.009791,0.129059,0.00429,0.096877,0.0001,,,,,lstm
625842,444,-0.074379,0.005481,1.855605,0.00496,0.009812,0.076361,0.000774,0.054798,0.0001,,,,,lstm
625842,444,-0.098739,0.004906,1.855505,0.00496,0.009079,0.026228,0.002059,0.015331,0.0001,,,,,lstm
625842,444,0.110431,0.004845,1.855409,0.00496,0.009989,0.137588,0.001807,0.101344,0.0001,,,,,lstm
625842,444,-0.019361,0.004888,1.855342,0.00496,0.009556,0.041661,0.002941,0.026208,0.0001,,,,,lstm
625842,444,0.004859,0.005689,1.855269,0.00496,0.011309,0.158789,0.004797,0.123674,0.0001,,,,,lstm
625842,444,-0.071634,0.004821,1.855209,0.00496,0.009317,0.143083,0.000956,0.110113,0.0001,,,,,lstm
625842,444,-0.088036,0.004819,1.855139,0.00496,0.010498,0.066849,0.005785,0.051138,0.0001,,,,,lstm
625842,444,-0.008772,0.005143,1.855074,0.00496,0.015439,0.138806,0.009821,0.113208,0.0001,,,,,lstm
625842,444,0.02516,0.005136,1.85502,0.00496,0.013762,0.077019,0.009706,0.058719,0.0001,,,,,lstm
625842,444,-0.002269,0.004663,1.85497,0.00496,0.014079,0.057178,0.009702,0.047331,0.0001,,,,,lstm
625842,444,-0.17115,0.004126,1.854923,0.00496,0.013002,0.046737,0.009012,0.036605,0.0001,,,,,lstm
625842,444,0.120291,0.006659,1.854876,0.00496,0.009394,0.107508,0.000541,0.071645,0.0001,,,,,lstm
631780,448,-0.048489,0.006083,1.854827,0.004944,0.011428,0.150266,0.002485,0.1198,0.0001,,,,,lstm
631780,448,-0.078924,0.004344,1.854781,0.004944,0.010391,0.030258,0.00526,0.02053,0.0001,,,,,lstm
631780,448,0.048478,0.005134,1.854746,0.004944,0.018874,0.17148,0.014452,0.142234,0.0001,,,,,lstm
631780,448,-0.141414,0.00513,1.854704,0.004944,0.019219,0.133378,0.014339,0.107682,0.0001,,,,,lstm
631780,448,0.090547,0.005124,1.854684,0.004944,0.019782,0.038816,0.015305,0.030377,0.0001,,,,,lstm
631780,448,-0.031733,0.006139,1.854652,0.004944,0.015387,0.051039,0.011586,0.028749,0.0001,,,,,lstm
631780,448,0.010097,0.005095,1.854618,0.004944,0.013519,0.04613,0.008934,0.032382,0.0001,,,,,lstm
631780,448,-0.051663,0.005278,1.854582,0.004944,0.010487,0.06483,0.005941,0.039109,0.0001,,,,,lstm
631780,448,-0.042034,0.00522,1.854542,0.004944,0.011669,0.063623,0.006208,0.043713,0.0001,,,,,lstm
631780,448,-0.039961,0.005191,1.854513,0.004944,0.011526,0.049273,0.006726,0.03867,0.0001,,,,,lstm
631780,448,0.071794,0.004979,1.854497,0.004944,0.014369,0.061159,0.010286,0.034933,0.0001,,,,,lstm
631780,448,-0.12452,0.005574,1.854465,0.004944,0.010635,0.109276,0.006347,0.087021,0.0001,,,,,lstm
637720,452,-0.000675,0.004363,1.85444,0.004928,0.008939,0.058557,0.002408,0.027575,0.0001,,,,,lstm
637720,452,-0.102814,0.004368,1.854414,0.004928,0.009456,0.08946,0.001252,0.045367,0.0001,,,,,lstm
637720,452,0.036014,0.006281,1.854403,0.004928,0.011558,0.18052,0.001901,0.141867,0.0001,,,,,lstm
637720,452,-0.028642,0.004424,1.85439,0.004928,0.015473,0.114492,0.009264,0.061391,0.0001,,,,,lstm
637720,452,-0.07014,0.005695,1.854352,0.004928,0.027243,0.048502,0.020252,0.038477,0.0001,,,,,lstm
637720,452,0.031129,0.004766,1.854326,0.004928,0.034753,0.09635,0.027217,0.047029,0.0001,,,,,lstm
637720,452,-0.038106,0.004874,1.854313,0.004928,0.047436,0.052427,0.038631,0.073277,0.0001,,,,,lstm
637720,452,-0.065783,0.005644,1.85429,0.004928,0.048645,0.128323,0.039297,0.123209,0.0001,,,,,lstm
637720,452,0.039886,0.006068,1.854242,0.004928,0.037921,0.108357,0.030267,0.088873,0.0001,,,,,lstm
637720,452,0.01138,0.004789,1.854205,0.004928,0.025808,0.117877,0.020068,0.081594,0.0001,,,,,lstm
637720,452,-0.002639,0.004885,1.854147,0.004928,0.013437,0.101461,0.00858,0.075395,0.0001,,,,,lstm
637720,452,-0.084791,0.004997,1.854093,0.004928,0.008423,0.048226,0.001835,0.035197,0.0001,,,,,lstm
643564,456,-0.068616,0.004471,1.854054,0.004911,0.009269,0.061476,0.004625,0.045266,0.0001,,,,,lstm
643564,456,0.023456,0.005457,1.854018,0.004911,0.014306,0.099052,0.010449,0.078366,0.0001,,,,,lstm
643564,456,-0.065161,0.00521,1.853974,0.004911,0.013671,0.11015,0.00886,0.081214,0.0001,,,,,lstm
643564,456,0.015158,0.005602,1.853922,0.004911,0.011201,0.123116,0.004235,0.075121,0.0001,,,,,lstm
643564,456,0.007744,0.004578,1.853833,0.004911,0.009058,0.12956,0.002287,0.106609,0.0001,,,,,lstm
643564,456,-0.142147,0.004321,1.85374,0.004911,0.010183,0.077075,0.005588,0.065122,0.0001,,,,,lstm
643564,456,0.009395,0.004365,1.853649,0.004911,0.01004,0.067197,0.003441,0.036155,0.0001,,,,,lstm
643564,456,-0.085761,0.004526,1.853544,0.004911,0.009831,0.036322,0.00417,0.015094,0.0001,,,,,lstm
643564,456,-0.026665,0.005571,1.853433,0.004911,0.008895,0.101795,0.002914,0.074206,0.0001,,,,,lstm
643564,456,-0.126208,0.004415,1.853316,0.004911,0.008992,0.066738,0.001281,0.052327,0.0001,,,,,lstm
643564,456,-0.077293,0.005272,1.853207,0.004911,0.009995,0.032903,0.005364,0.015342,0.0001,,,,,lstm
643564,456,0.118756,0.005079,1.853093,0.004911,0.01366,0.110132,0.009442,0.0842,0.0001,,,,,lstm
649528,460,-0.045415,0.00452,1.85297,0.004895,0.009843,0.062214,0.002278,0.04214,0.0001,,,,,lstm
649528,460,-0.044285,0.004592,1.852861,0.004895,0.01023,0.071151,0.001953,0.04665,0.0001,,,,,lstm
649528,460,0.014364,0.005642,1.852775,0.004895,0.011951,0.172673,0.000659,0.131553,0.0001,,,,,lstm
649528,460,-0.086565,0.004823,1.852675,0.004895,0.013644,0.212053,0.009339,0.175128,0.0001,,,,,lstm
649528,460,0.0482,0.005165,1.852605,0.004895,0.014275,0.227111,0.010807,0.195773,0.0001,,,,,lstm
649528,460,-0.042614,0.004549,1.852553,0.004895,0.013279,0.127287,0.008617,0.104181,0.0001,,,,,lstm
649528,460,0.018123,0.005191,1.852486,0.004895,0.009912,0.103115,0.002241,0.065406,0.0001,,,,,lstm
649528,460,-0.061604,0.00445,1.852413,0.004895,0.010587,0.15799,0.002479,0.118461,0.0001,,,,,lstm
649528,460,-0.036373,0.004734,1.852364,0.004895,0.010167,0.101955,0.005885,0.070766,0.0001,,,,,lstm
649528,460,-0.024831,0.004876,1.852306,0.004895,0.012681,0.129147,0.007735,0.090637,0.0001,,,,,lstm
649528,460,0.0329,0.004382,1.852253,0.004895,0.011518,0.079851,0.008243,0.053417,0.0001,,,,,lstm
649528,460,-0.091657,0.005091,1.852199,0.004895,0.016879,0.01554,0.013281,0.023126,0.0001,,,,,lstm
655413,464,-0.000839,0.005562,1.852153,0.004879,0.011463,0.133163,0.002697,0.089474,0.0001,,,,,lstm
655413,464,-0.026563,0.004096,1.852082,0.004879,0.011934,0.039994,0.006882,0.028108,0.0001,,,,,lstm
655413,464,-0.046681,0.005407,1.852005,0.004879,0.013388,0.059374,0.009063,0.042729,0.0001,,,,,lstm
655413,464,-0.053394,0.004898,1.851941,0.004879,0.016687,0.086096,0.012087,0.044352,0.0001,,,,,lstm
655413,464,-0.02686,0.005621,1.851878,0.004879,0.021439,0.183863,0.016583,0.134165,0.0001,,,,,lstm
655413,464,0.014699,0.005618,1.851789,0.004879,0.025513,0.075098,0.020147,0.045187,0.0001,,,,,lstm
655413,464,-0.042764,0.005789,1.851681,0.004879,0.027118,0.064416,0.021792,0.052854,0.0001,,,,,lstm
655413,464,-0.075946,0.005316,1.85157,0.004879,0.023517,0.035853,0.018945,0.036075,0.0001,,,,,lstm
655413,464,0.060105,0.005528,1.851459,0.004879,0.02067,0.053689,0.016326,0.032362,0.0001,,,,,lstm
655413,464,-0.02689,0.004123,1.851346,0.004879,0.01187,0.030663,0.00785,0.024117,0.0001,,,,,lstm
655413,464,-0.040831,0.005481,1.851242,0.004879,0.011617,0.075554,0.004961,0.036385,0.0001,,,,,lstm
655413,464,0.002048,0.005367,1.851123,0.004879,0.011162,0.100347,0.001392,0.073584,0.0001,,,,,lstm
661250,468,-0.02429,0.004571,1.851033,0.004863,0.007817,0.073404,0.001435,0.051167,0.0001,,,,,lstm
661250,468,-0.047164,0.004668,1.850951,0.004863,0.009735,0.064022,0.004113,0.034607,0.0001,,,,,lstm
661250,468,-0.015736,0.00529,1.850878,0.004863,0.011773,0.093485,0.005575,0.043577,0.0001,,,,,lstm
661250,468,0.04237,0.005567,1.850794,0.004863,0.013047,0.094927,0.007043,0.06351,0.0001,,,,,lstm
661250,468,-0.025144,0.004603,1.850705,0.004863,0.011976,0.055616,0.006498,0.026845,0.0001,,,,,lstm
661250,468,-0.117359,0.004116,1.850621,0.004863,0.011343,0.066829,0.006652,0.041379,0.0001,,,,,lstm
661250,468,-0.104607,0.004314,1.850547,0.004863,0.011251,0.032584,0.005023,0.016691,0.0001,,,,,lstm
661250,468,-0.020159,0.004581,1.850489,0.004863,0.010947,0.068249,0.003603,0.035098,0.0001,,,,,lstm
661250,468,0.050139,0.005794,1.85044,0.004863,0.01128,0.098368,0.0015,0.034092,0.0001,,,,,lstm
661250,468,-0.024432,0.004564,1.850353,0.004863,0.012216,0.061569,0.001722,0.028376,0.0001,,,,,lstm
661250,468,-0.032472,0.00424,1.850262,0.004863,0.011899,0.084165,0.003937,0.051401,0.0001,,,,,lstm
661250,468,-0.031129,0.005942,1.850171,0.004863,0.015734,0.09626,0.007312,0.067623,0.0001,,,,,lstm
667215,472,-0.087603,0.004489,1.850076,0.004847,0.010954,0.132505,0.006987,0.073398,0.0001,,,,,lstm
667215,472,-0.064367,0.005237,1.850029,0.004847,0.019004,0.058803,0.013806,0.033236,0.0001,,,,,lstm
667215,472,0.051426,0.005364,1.850009,0.004847,0.021931,0.080972,0.017716,0.058664,0.0001,,,,,lstm
667215,472,-0.034193,0.004724,1.850001,0.004847,0.024021,0.089979,0.019793,0.067053,0.0001,,,,,lstm
667215,472,-0.108579,0.004723,1.850014,0.004847,0.018959,0.10613,0.015663,0.081135,0.0001,,,,,lstm
667215,472,0.042318,0.005736,1.850047,0.004847,0.009876,0.168915,0.005223,0.122164,0.0001,,,,,lstm
667215,472,-0.0261,0.00508,1.8501,0.004847,0.009321,0.055003,0.001971,0.026503,0.0001,,,,,lstm
667215,472,-0.054761,0.006067,1.85017,0.004847,0.012924,0.085397,0.008141,0.044268,0.0001,,,,,lstm
667215,472,-0.025113,0.004553,1.850263,0.004847,0.015261,0.114378,0.01076,0.073808,0.0001,,,,,lstm
667215,472,-0.091521,0.004733,1.850363,0.004847,0.017439,0.059265,0.012407,0.041514,0.0001,,,,,lstm
667215,472,-0.030125,0.005729,1.850457,0.004847,0.020434,0.114594,0.01542,0.079437,0.0001,,,,,lstm
667215,472,0.01949,0.005964,1.850578,0.004847,0.016407,0.076431,0.011058,0.027508,0.0001,,,,,lstm
673127,476,-0.023909,0.004776,1.850721,0.00483,0.00909,0.096752,0.001387,0.062873,0.0001,,,,,lstm
673127,476,-0.078877,0.00484,1.850831,0.00483,0.011135,0.093251,0.007475,0.057813,0.0001,,,,,lstm
673127,476,0.032154,0.004898,1.850941,0.00483,0.018516,0.116129,0.014705,0.063805,0.0001,,,,,lstm
673127,476,-0.100897,0.004492,1.850996,0.00483,0.026456,0.151011,0.022324,0.12254,0.0001,,,,,lstm
673127,476,0.002141,0.005775,1.851031,0.00483,0.025297,0.154327,0.021301,0.112504,0.0001,,,,,lstm
673127,476,0.030517,0.004631,1.851033,0.00483,0.020121,0.052191,0.016666,0.041002,0.0001,,,,,lstm
673127,476,0.032176,0.004342,1.851033,0.00483,0.015033,0.069668,0.011847,0.028708,0.0001,,,,,lstm
673127,476,-0.020974,0.005271,1.851002,0.00483,0.011441,0.110854,0.006828,0.073135,0.0001,,,,,lstm
673127,476,-0.092095,0.004889,1.85097,0.00483,0.012689,0.117954,0.008617,0.067568,0.0001,,,,,lstm
673127,476,-0.057785,0.004818,1.850926,0.00483,0.011436,0.093817,0.007941,0.066871,0.0001,,,,,lstm
673127,476,0.004189,0.004791,1.850877,0.00483,0.013741,0.06318,0.010067,0.053087,0.0001,,,,,lstm
673127,476,-0.019685,0.004906,1.850826,0.00483,0.014481,0.097333,0.010295,0.069908,0.0001,,,,,lstm
678896,480,0.012323,0.004558,1.850757,0.004814,0.009139,0.092671,0.003014,0.066262,0.0001,,,,,lstm
678896,480,0.040502,0.005828,1.850699,0.004814,0.014367,0.06927,0.011217,0.050377,0.0001,,,,,lstm
678896,480,-0.158781,0.004419,1.850641,0.004814,0.01503,0.106819,0.010609,0.05989,0.0001,,,,,lstm
678896,480,-0.076149,0.005038,1.850549,0.004814,0.01446,0.062809,0.011465,0.040304,0.0001,,,,,lstm
678896,480,0.045417,0.005077,1.850442,0.004814,0.014936,0.101539,0.011214,0.064852,0.0001,,,,,lstm
678896,480,-0.059193,0.004873,1.850328,0.004814,0.010689,0.027701,0.005252,0.012737,0.0001,,,,,lstm
678896,480,0.040405,0.004676,1.850234,0.004814,0.009451,0.037824,0.002984,0.010255,0.0001,,,,,lstm
678896,480,-0.059677,0.005677,1.850137,0.004814,0.011719,0.099999,0.00277,0.056899,0.0001,,,,,lstm
678896,480,-0.071672,0.003709,1.850033,0.004814,0.01199,0.036261,0.006893,0.020346,0.0001,,,,,lstm
678896,480,-0.084548,0.003946,1.849926,0.004814,0.01308,0.054368,0.009649,0.031447,0.0001,,,,,lstm
678896,480,0.040417,0.00554,1.84981,0.004814,0.018042,0.105996,0.009789,0.071485,0.0001,,,,,lstm
678896,480,-0.040499,0.004547,1.849699,0.004814,0.012441,0.084328,0.007027,0.057255,0.0001,,,,,lstm
684597,484,0.097152,0.005835,1.849582,0.004798,0.009238,0.092383,0.001611,0.069189,0.0001,,,,,lstm
684597,484,-0.122494,0.00383,1.849498,0.004798,0.008827,0.056579,0.001059,0.031401,0.0001,,,,,lstm
684597,484,-0.089072,0.005328,1.849423,0.004798,0.008257,0.040309,0.002404,0.020954,0.0001,,,,,lstm
684597,484,-0.008095,0.004665,1.849365,0.004798,0.008422,0.029118,0.002748,0.007153,0.0001,,,,,lstm
684597,484,-0.09127,0.006102,1.849318,0.004798,0.010566,0.040938,0.001115,0.021804,0.0001,,,,,lstm
684597,484,0.003503,0.004069,1.849283,0.004798,0.009511,0.13,0.000914,0.087237,0.0001,,,,,lstm
684597,484,-0.05848,0.005084,1.84926,0.004798,0.010687,0.083398,0.007432,0.064913,0.0001,,,,,lstm
684597,484,-0.008036,0.005301,1.849255,0.004798,0.011145,0.055224,0.004919,0.031871,0.0001,,,,,lstm
684597,484,-0.035664,0.004371,1.849262,0.004798,0.012745,0.110226,0.007501,0.087035,0.0001,,,,,lstm
684597,484,-0.051933,0.004278,1.849269,0.004798,0.014794,0.075566,0.011857,0.045508,0.0001,,,,,lstm
684597,484,-0.01745,0.005083,1.849293,0.004798,0.015783,0.028026,0.011585,0.020074,0.0001,,,,,lstm
684597,484,-0.03189,0.005789,1.849308,0.004798,0.016521,0.078722,0.013306,0.065434,0.0001,,,,,lstm
690296,488,-0.114167,0.004765,1.849339,0.004782,0.008666,0.113809,0.000981,0.072127,0.0001,,,,,lstm
690296,488,-0.025447,0.005217,1.849362,0.004782,0.008595,0.014711,0.00114,0.012327,0.0001,,,,,lstm
690296,488,0.053753,0.004882,1.849381,0.004782,0.013179,0.109708,0.003402,0.033909,0.0001,,,,,lstm
690296,488,-0.052204,0.004538,1.849393,0.004782,0.009973,0.065221,0.002703,0.040113,0.0001,,,,,lstm
690296,488,0.040516,0.005677,1.849398,0.004782,0.011223,0.098318,0.004504,0.041079,0.0001,,,,,lstm
690296,488,-0.103343,0.00468,1.849396,0.004782,0.008133,0.040441,0.001858,0.024285,0.0001,,,,,lstm
690296,488,0.058848,0.005848,1.8494,0.004782,0.010657,0.116098,0.005554,0.074574,0.0001,,,,,lstm
690296,488,-0.082795,0.004664,1.849402,0.004782,0.011566,0.073693,0.002165,0.035245,0.0001,,,,,lstm
690296,488,-0.087972,0.004326,1.849397,0.004782,0.007037,0.071345,0.00117,0.0428,0.0001,,,,,lstm
690296,488,-0.034783,0.004613,1.849387,0.004782,0.008737,0.040899,0.001192,0.016684,0.0001,,,,,lstm
690296,488,-0.029595,0.00494,1.849388,0.004782,0.010998,0.063351,0.001039,0.04358,0.0001,,,,,lstm
690296,488,-0.037445,0.00534,1.84938,0.004782,0.010498,0.093929,0.002016,0.043478,0.0001,,,,,lstm
696064,492,-0.062952,0.005613,1.849358,0.004766,0.010816,0.050006,0.001748,0.021525,0.0001,,,,,lstm
696064,492,0.030775,0.004251,1.849318,0.004766,0.010624,0.09301,0.004304,0.050271,0.0001,,,,,lstm
696064,492,-0.092272,0.005066,1.849312,0.004766,0.016906,0.084328,0.011938,0.045963,0.0001,,,,,lstm
696064,492,-0.153969,0.004599,1.849309,0.004766,0.022539,0.075921,0.019614,0.06527,0.0001,,,,,lstm
696064,492,-0.006313,0.005635,1.84931,0.004766,0.026007,0.061673,0.019159,0.04838,0.0001,,,,,lstm
696064,492,0.064446,0.004748,1.849306,0.004766,0.026765,0.163297,0.018209,0.114808,0.0001,,,,,lstm
696064,492,0.019061,0.00574,1.849298,0.004766,0.025484,0.120498,0.016874,0.081944,0.0001,,,,,lstm
696064,492,-0.020735,0.004063,1.849263,0.004766,0.016994,0.078575,0.012496,0.064501,0.0001,,,,,lstm
696064,492,-0.127912,0.00509,1.849238,0.004766,0.010457,0.091886,0.005933,0.054133,0.0001,,,,,lstm
696064,492,0.046303,0.005628,1.849233,0.004766,0.011525,0.040521,0.004703,0.018488,0.0001,,,,,lstm
696064,492,-0.086899,0.005558,1.849248,0.004766,0.011873,0.069266,0.007819,0.046396,0.0001,,,,,lstm
696064,492,-0.079792,0.004092,1.849252,0.004766,0.012824,0.057569,0.009311,0.040646,0.0001,,,,,lstm
701796,496,-0.039995,0.005183,1.849251,0.004749,0.009422,0.132566,0.000977,0.110369,0.0001,,,,,lstm
701796,496,0.038359,0.004638,1.84925,0.004749,0.01009,0.055232,0.004706,0.038159,0.0001,,,,,lstm
701796,496,-0.102996,0.005446,1.849248,0.004749,0.012165,0.052267,0.008219,0.017112,0.0001,,,,,lstm
701796,496,-0.037915,0.004399,1.849267,0.004749,0.017244,0.112802,0.01465,0.08918,0.0001,,,,,lstm
701796,496,-0.065872,0.005332,1.849286,0.004749,0.022212,0.15184,0.01843,0.129854,0.0001,,,,,lstm
701796,496,0.026626,0.007045,1.849321,0.004749,0.022393,0.062153,0.019294,0.055701,0.0001,,,,,lstm
701796,496,-0.083589,0.00537,1.849332,0.004749,0.015426,0.058428,0.012362,0.035959,0.0001,,,,,lstm
701796,496,-0.053663,0.005218,1.84935,0.004749,0.01249,0.109689,0.008592,0.085934,0.0001,,,,,lstm
701796,496,0.064939,0.005136,1.849385,0.004749,0.013971,0.069416,0.010663,0.043449,0.0001,,,,,lstm
701796,496,-0.049674,0.005136,1.8494,0.004749,0.012588,0.047268,0.009487,0.028395,0.0001,,,,,lstm
701796,496,-0.004899,0.005299,1.849421,0.004749,0.014671,0.142602,0.011467,0.111347,0.0001,,,,,lstm
701796,496,-0.034701,0.005537,1.849435,0.004749,0.016564,0.020812,0.0136,0.022786,0.0001,,,,,lstm
707597,500,0.018063,0.00527,1.849447,0.004733,0.010935,0.0714,0.003197,0.038199,0.0001,,,,,lstm
707597,500,0.025671,0.004757,1.849473,0.004733,0.010454,0.137007,0.004136,0.103307,0.0001,,,,,lstm
707597,500,-0.117801,0.004018,1.849468,0.004733,0.009301,0.019887,0.003532,0.00952,0.0001,,,,,lstm
707597,500,-0.071118,0.004874,1.849462,0.004733,0.013919,0.136075,0.008132,0.096218,0.0001,,,,,lstm
707597,500,-0.065196,0.004385,1.84945,0.004733,0.020794,0.050612,0.017179,0.050356,0.0001,,,,,lstm
707597,500,0.092186,0.004779,1.849431,0.004733,0.025654,0.065737,0.020502,0.048871,0.0001,,,,,lstm
707597,500,0.121042,0.004755,1.849409,0.004733,0.028309,0.050002,0.023677,0.031395,0.0001,,,,,lstm
707597,500,-0.037914,0.004971,1.849372,0.004733,0.029544,0.113208,0.025541,0.105329,0.0001,,,,,lstm
707597,500,-0.16276,0.00464,1.849316,0.004733,0.022448,0.049138,0.018797,0.027653,0.0001,,,,,lstm
707597,500,-0.044469,0.004109,1.849276,0.004733,0.013995,0.04442,0.010578,0.029423,0.0001,,,,,lstm
707597,500,0.022295,0.004722,1.849228,0.004733,0.01081,0.0514,0.002296,0.028173,0.0001,,,,,lstm
707597,500,-0.038018,0.005139,1.849178,0.004733,0.010764,0.082105,0.000709,0.057611,0.0001,,,,,lstm
