episode,global_step,reward,avg10,length,success,goal_touched,collision,timeout,min_dist,avg_speed_ms,end_reason,elapsed_s,act0_mean,act0_std,act0_min,act0_max,act1_mean,act1_std,act1_min,act1_max,obs_mean,obs_std,obs_min,obs_max,actor_loss,critic_loss,policy_entropy,entropy_coef,value_residual,grad_norm_actor,grad_norm_critic,grad_norm_rnn,lr_actor,lr_critic,alpha,alpha_loss,target_update_magnitude,replay_buffer_size,recurrent_cell
1,425,76.4388,76.4388,425,0,0,1,0,2.9469,2.132,collision,4.0,-0.081692,0.397162,-0.858186,0.803686,5.175784,0.915647,0.687535,5.990108,0.399204,0.395623,-0.513805,1.0,,,,,,,,,,,,,,0,none
2,849,78.8134,77.6261,424,0,0,1,0,2.974,2.128,collision,7.7,-0.097056,0.394413,-0.866235,0.79447,5.106251,1.031048,0.35994,5.996297,0.402089,0.394503,-0.473702,1.002439,,,,,,,,,,,,,,0,none
3,1564,165.7271,106.9931,715,0,0,1,0,2.2623,2.179,collision,14.1,-0.059445,0.367085,-0.792004,0.780788,5.237784,0.857349,1.259347,5.99495,0.407293,0.407527,-0.562884,1.0,,,,,,,,,,,,,,0,none
4,1984,74.5534,98.8832,420,0,0,1,0,3.0294,2.094,collision,18.4,-0.128049,0.412475,-0.879451,0.787984,5.117792,0.958903,1.078592,5.983409,0.399799,0.397592,-0.485574,1.005993,-0.003906,0.014797,1.650653,0.004994,0.06542,0.377201,0.060023,0.0,3.7e-05,,,,,0,none
5,3162,285.5806,136.2227,1178,0,0,1,0,1.2055,2.176,collision,28.8,-0.046447,0.368695,-0.865558,0.800153,5.161752,0.914775,0.717717,5.988468,0.380397,0.402738,-0.816582,1.0,,,,,,,,,,,,,,0,none
6,4353,290.2754,161.8981,1191,0,0,1,0,1.2051,2.157,collision,39.1,-0.045497,0.380588,-0.880537,0.824272,5.163911,0.927974,0.609406,5.992811,0.385731,0.405773,-0.828814,1.0,,,,,,,,,,,,,,0,none
7,4772,73.1543,149.2204,419,0,0,1,0,3.0681,2.054,collision,42.7,-0.186363,0.413944,-0.866521,0.770645,5.008019,1.087058,0.785094,5.989608,0.397094,0.398873,-0.601816,1.009572,,,,,,,,,,,,,,0,none
8,5196,76.3998,140.1178,424,0,0,1,0,3.0033,2.124,collision,47.3,-0.139018,0.391885,-0.864161,0.785166,5.099904,1.001164,1.06943,5.983351,0.401412,0.39778,-0.518614,1.005881,0.013224,0.008381,1.650674,0.004982,0.061915,0.140833,0.044451,0.0,4.9e-05,,,,,0,none
9,5617,75.9629,132.9895,421,0,0,1,0,3.008,2.13,collision,51.0,-0.091871,0.396138,-0.885037,0.721068,5.21454,0.875791,1.190424,5.986388,0.404309,0.398309,-0.508497,1.006175,,,,,,,,,,,,,,0,none
10,6816,291.9149,148.8821,1199,0,0,1,0,1.1974,2.18,collision,61.4,-0.023057,0.370865,-0.825848,0.812266,5.215289,0.824313,1.263243,5.99326,0.382986,0.403892,-0.819841,1.0,,,,,,,,,,,,,,0,none
11,7537,164.0291,157.6411,721,0,0,1,0,2.2587,2.15,collision,67.8,-0.048929,0.383387,-0.837064,0.802607,5.205923,0.860433,1.019793,5.992645,0.403404,0.407353,-0.535978,1.0,,,,,,,,,,,,,,0,none
12,8738,293.7837,179.1381,1201,0,0,1,0,1.1942,2.151,collision,79.1,-0.057037,0.385598,-0.882707,0.814383,5.104716,0.949834,0.54298,5.991422,0.379496,0.404424,-0.801908,1.0,0.018631,0.007218,1.651038,0.00497,0.050069,0.212011,0.023409,0.0,6.1e-05,,,,,0,none
13,9918,287.1345,191.2789,1180,0,0,1,0,1.2018,2.181,collision,89.4,-0.042186,0.369235,-0.888882,0.794403,5.158922,0.890456,0.743682,5.994184,0.377344,0.401391,-0.851266,1.0,,,,,,,,,,,,,,0,none
14,11083,293.7968,213.2032,1165,0,0,1,0,1.195,2.182,collision,99.6,-0.067108,0.367636,-0.837924,0.831426,5.057643,0.960914,0.617553,5.993065,0.384472,0.402054,-0.822405,1.0,,,,,,,,,,,,,,0,none
15,12275,288.0272,213.4479,1192,0,0,1,0,1.2052,2.187,collision,109.9,-0.00293,0.362986,-0.808643,0.869472,5.163277,0.897955,0.410244,5.997701,0.383493,0.405728,-0.809999,1.0,,,,,,,,,,,,,,0,none
16,13453,291.802,213.6005,1178,0,0,1,0,1.2075,2.185,collision,121.2,-0.04304,0.360617,-0.810719,0.855715,5.065052,0.974725,0.312149,5.992721,0.382592,0.402477,-0.837194,1.0,-0.009527,0.003162,1.651317,0.004958,0.040904,0.186902,0.025549,0.0,7.3e-05,,,,,0,none
17,14170,160.2448,222.3096,717,0,0,1,0,2.29,2.194,collision,127.7,0.004024,0.359062,-0.821947,0.782403,5.199723,0.889485,0.554876,5.99054,0.405158,0.409331,-0.574853,1.008376,,,,,,,,,,,,,,0,none
18,14585,72.8291,221.9525,415,0,0,1,0,2.9933,2.109,collision,131.4,-0.121589,0.405952,-0.877847,0.746037,5.099782,0.960891,0.371765,5.98647,0.39551,0.39627,-0.523676,1.0,,,,,,,,,,,,,,0,none
19,15792,283.432,242.6994,1207,0,0,1,0,1.2043,2.202,collision,142.1,0.004854,0.356376,-0.835692,0.790904,5.185552,0.849319,0.773919,5.993968,0.371154,0.402571,-0.819647,1.010258,,,,,,,,,,,,,,0,none
20,16962,287.1988,242.2278,1170,0,0,1,0,1.1869,2.187,collision,153.1,-0.031366,0.364457,-0.83824,0.799794,5.116802,0.913868,0.216922,5.988051,0.38007,0.401067,-0.708792,1.0,0.01735,0.006301,1.651483,0.004946,0.047599,0.184915,0.013378,0.0,8.5e-05,,,,,0,none
21,17507,113.1071,237.1356,545,0,0,1,0,2.6966,2.188,collision,158.0,-0.060738,0.363196,-0.875824,0.775826,5.148249,0.875115,1.073336,5.987073,0.39024,0.391369,-0.544245,1.003455,,,,,,,,,,,,,,0,none
22,18218,152.5235,223.0096,711,0,0,1,0,2.2892,2.193,collision,164.3,0.022675,0.364981,-0.842539,0.815083,5.25913,0.79627,1.157578,5.986726,0.401633,0.407412,-0.694008,1.0,,,,,,,,,,,,,,0,none
23,18934,162.5753,210.5537,716,0,0,1,0,2.3009,2.131,collision,170.8,-0.065554,0.394951,-0.869243,0.745003,5.090666,0.971828,0.607759,5.993862,0.40256,0.407887,-0.614315,1.0,,,,,,,,,,,,,,0,none
24,20137,284.8277,209.6567,1203,0,0,1,0,1.2219,2.191,collision,182.0,-0.007216,0.36024,-0.844678,0.822594,5.184435,0.872161,0.784205,5.988586,0.382212,0.405782,-0.86084,1.001072,0.012801,0.007554,1.651667,0.004934,0.044605,0.238909,0.016478,0.0,9.7e-05,,,,,0,none
25,20200,-35.5795,177.2961,63,0,0,1,0,3.8353,1.469,collision,182.7,-0.722404,0.153678,-0.880025,0.090685,3.989905,1.409558,0.998412,5.928075,0.251428,0.349214,-0.702827,1.0,,,,,,,,,,,,,,0,none
26,21387,283.6656,176.4824,1187,0,0,1,0,1.23,2.17,collision,193.2,-0.049558,0.370574,-0.869734,0.826658,5.170259,0.901413,0.430034,5.984048,0.38727,0.406439,-0.840012,1.0,,,,,,,,,,,,,,0,none
27,21822,78.787,168.3367,435,0,0,1,0,2.9926,2.129,collision,197.2,-0.091851,0.393967,-0.871942,0.793145,5.162276,0.906736,0.374857,5.977653,0.397492,0.393451,-0.493051,1.009336,,,,,,,,,,,,,,0,none
28,22538,159.2705,176.9808,716,0,0,1,0,2.2889,2.143,collision,204.1,-0.065805,0.390852,-0.868048,0.823755,5.178126,0.907659,1.092162,5.997268,0.401691,0.40814,-0.561132,1.0,0.026309,0.010194,1.651389,0.004922,0.054359,0.20894,0.016354,0.0,0.0001,,,,,0,none
29,23254,158.7229,164.5099,716,0,0,1,0,2.315,2.117,collision,210.5,-0.092169,0.410588,-0.889477,0.797575,5.22821,0.898191,0.697986,5.991639,0.400119,0.408042,-0.601407,1.0,,,,,,,,,,,,,,0,none
30,24469,282.763,164.0663,1215,0,0,1,0,1.2348,2.181,collision,221.2,-0.011732,0.365787,-0.856427,0.819235,5.283318,0.786789,0.500473,5.993049,0.383675,0.407976,-0.890414,1.0,,,,,,,,,,,,,,0,none
31,25663,276.6314,180.4187,1194,0,0,1,0,1.2548,2.182,collision,231.9,-0.046665,0.367462,-0.853833,0.839056,5.19024,0.866233,1.121271,5.997923,0.384718,0.4079,-0.825393,1.0,,,,,,,,,,,,,,0,none
32,26391,163.6093,181.5273,728,0,0,1,0,2.2728,2.111,collision,239.1,-0.095969,0.405158,-0.875469,0.830572,5.122972,0.979313,0.409315,5.984018,0.397666,0.406887,-0.594029,1.0,0.020705,0.004668,1.650857,0.00491,0.039263,0.258435,0.010583,0.0,0.0001,,,,,0,none
33,27598,275.7186,192.8417,1207,0,0,1,0,1.2724,2.144,collision,249.9,-0.067253,0.391652,-0.885242,0.807945,5.179529,0.88924,0.150477,5.994143,0.378242,0.407009,-0.881505,1.0,,,,,,,,,,,,,,0,none
34,28766,265.1665,190.8755,1168,0,0,1,0,1.2449,2.197,collision,260.4,-0.020638,0.355808,-0.766486,0.771469,5.272517,0.83471,0.27004,5.991669,0.371903,0.401429,-0.899796,1.0,,,,,,,,,,,,,,0,none
35,29966,267.6037,221.1939,1200,0,0,1,0,1.2633,2.196,collision,270.9,-0.004559,0.357763,-0.850882,0.80167,5.280292,0.832933,0.638011,5.994308,0.38049,0.406732,-0.866674,1.0,,,,,,,,,,,,,,0,none
36,31173,273.6651,220.1938,1207,0,0,1,0,1.2746,2.182,collision,282.5,-0.046086,0.367792,-0.873326,0.748864,5.226029,0.875258,0.599136,5.995934,0.381093,0.408358,-0.905754,1.0,-0.01136,0.002799,1.65055,0.004898,0.032789,0.338395,0.023107,0.0,0.0001,,,,,0,none
37,32358,271.9976,239.5149,1185,0,0,1,0,1.2752,2.17,collision,293.0,-0.045283,0.373497,-0.864771,0.806607,5.180402,0.913396,0.314249,5.995002,0.384418,0.406067,-0.885892,1.0,,,,,,,,,,,,,,0,none
38,32849,83.6588,231.9537,491,0,0,1,0,2.7823,2.201,collision,297.4,-0.033272,0.354555,-0.822423,0.783183,5.26592,0.817462,1.468431,5.990605,0.355477,0.378365,-0.63209,1.0,,,,,,,,,,,,,,0,none
39,33571,159.8705,232.0685,722,0,0,1,0,2.3096,2.155,collision,303.9,-0.036611,0.389953,-0.855101,0.824703,5.260954,0.857412,1.163957,5.991447,0.399289,0.40676,-0.576298,1.003073,,,,,,,,,,,,,,0,none
40,34773,279.2304,231.7152,1202,0,0,1,0,1.2577,2.177,collision,315.4,-0.050893,0.368774,-0.869323,0.767024,5.166312,0.938745,0.251159,5.995785,0.381819,0.407305,-0.877762,1.0,0.014749,0.006757,1.650094,0.004886,0.039742,0.321369,0.012224,0.0,0.0001,,,,,0,none
41,35192,73.1834,211.3704,419,0,0,1,0,3.025,2.106,collision,319.1,-0.109704,0.405779,-0.879651,0.739313,5.103038,0.980397,1.026599,5.982827,0.400236,0.399657,-0.5661,1.003535,,,,,,,,,,,,,,0,none
42,35614,77.5083,202.7603,422,0,0,1,0,3.0255,2.1,collision,323.0,-0.118041,0.400993,-0.869556,0.712936,5.107199,0.992302,0.299477,5.996763,0.404078,0.396281,-0.506186,1.010171,,,,,,,,,,,,,,0,none
43,36029,74.3437,182.6228,415,0,0,1,0,3.0172,2.114,collision,326.8,-0.115028,0.39718,-0.878065,0.774752,5.100577,1.007031,0.802678,5.98446,0.401739,0.398392,-0.504935,1.003354,,,,,,,,,,,,,,0,none
44,37238,285.0363,184.6098,1209,0,0,1,0,1.2284,2.198,collision,338.3,-0.028407,0.362296,-0.846744,0.819873,5.254076,0.816795,0.922282,5.991057,0.383279,0.407156,-0.848338,1.001512,0.008642,0.012231,1.65011,0.004874,0.060101,0.355473,0.031864,0.0,0.0001,,,,,0,none
45,37724,71.4548,164.9949,486,0,0,1,0,2.8685,2.178,collision,342.7,0.037641,0.3664,-0.811598,0.790264,5.387265,0.738832,0.905126,5.989847,0.348313,0.386789,-0.72029,1.0,,,,,,,,,,,,,,0,none
46,38155,75.5558,145.184,431,0,0,1,0,2.9684,2.196,collision,346.5,-0.027078,0.361581,-0.834997,0.781611,5.261965,0.821052,1.34346,5.981328,0.400732,0.394596,-0.537914,1.008476,,,,,,,,,,,,,,0,none
47,38587,77.4985,125.7341,432,0,0,1,0,3.0113,2.074,collision,350.4,-0.122242,0.40935,-0.864987,0.802923,5.083478,1.078601,0.535408,5.986179,0.395486,0.394927,-0.494419,1.004651,,,,,,,,,,,,,,0,none
48,39766,279.0768,145.2758,1179,0,0,1,0,1.2309,2.184,collision,361.2,-0.038902,0.367776,-0.809998,0.788498,5.216758,0.861042,0.539542,5.99837,0.3783,0.40238,-0.890765,1.0,0.035718,0.007392,1.65041,0.004862,0.048996,0.255136,0.012193,0.0,0.0001,,,,,0,none
49,40982,286.4121,157.93,1216,0,0,1,0,1.2176,2.205,collision,371.9,-0.01234,0.357279,-0.805001,0.78147,5.318037,0.750326,1.561894,5.991272,0.381608,0.406656,-0.845915,1.009475,,,,,,,,,,,,,,0,none
50,41402,75.2328,137.5302,420,0,0,1,0,3.0136,2.134,collision,375.6,-0.111264,0.394104,-0.864799,0.772227,5.166857,0.883841,1.745833,5.989127,0.406077,0.399533,-0.520618,1.00716,,,,,,,,,,,,,,0,none
51,41464,-34.7974,126.7322,62,0,0,1,0,3.8507,1.538,collision,376.2,-0.659224,0.213491,-0.872293,0.024411,3.741338,1.520008,0.505139,5.845919,0.250792,0.347068,-0.641373,1.0,,,,,,,,,,,,,,0,none
52,42178,162.127,135.194,714,0,0,1,0,2.2935,2.194,collision,383.3,-0.027059,0.360817,-0.782031,0.776391,5.293149,0.79474,0.760402,5.996808,0.404879,0.407008,-0.555925,1.008069,0.00288,0.00814,1.650352,0.00485,0.048643,0.293789,0.0196,0.0,0.0001,,,,,0,none
53,42891,161.5198,143.9117,713,0,0,1,0,2.2855,2.176,collision,389.6,-0.040946,0.371407,-0.859774,0.831679,5.311226,0.781095,0.702507,5.994908,0.395958,0.402536,-0.536659,1.002388,,,,,,,,,,,,,,0,none
54,44092,283.692,143.7772,1201,0,0,1,0,1.2309,2.17,collision,400.1,-0.023484,0.379848,-0.832828,0.854135,5.311471,0.758946,1.001807,5.994715,0.384207,0.40568,-0.83107,1.0,,,,,,,,,,,,,,0,none
55,45289,275.7429,164.206,1197,0,0,1,0,1.2624,2.154,collision,410.6,-0.067094,0.384699,-0.874142,0.811304,5.276822,0.830576,0.853295,5.995938,0.380183,0.406587,-0.862542,1.0,,,,,,,,,,,,,,0,none
56,46496,285.7695,185.2274,1207,0,0,1,0,1.2282,2.172,collision,422.0,-0.035057,0.374426,-0.842082,0.816326,5.254824,0.862152,1.139613,5.993628,0.383238,0.405919,-0.818839,1.0,0.028854,0.004267,1.649563,0.004838,0.032272,0.326239,0.024335,0.0,0.0001,,,,,0,none
57,46907,71.5986,184.6374,411,0,0,1,0,3.0154,2.053,collision,425.8,-0.170957,0.421316,-0.872698,0.78795,5.103267,1.007113,0.369984,5.990298,0.391148,0.396935,-0.523776,1.0,,,,,,,,,,,,,,0,none
58,48098,276.7865,184.4084,1191,0,0,1,0,1.2512,2.191,collision,436.7,-0.036636,0.363046,-0.82107,0.793808,5.310533,0.794818,1.420343,5.993552,0.382729,0.405376,-0.873297,1.0,,,,,,,,,,,,,,0,none
59,49283,272.0736,182.9745,1185,0,0,1,0,1.2405,2.186,collision,447.0,-0.002563,0.364414,-0.822602,0.80278,5.290575,0.845582,0.633673,5.993542,0.37818,0.404016,-0.866999,1.0,,,,,,,,,,,,,,0,none
60,50490,271.0891,202.5602,1207,0,0,1,0,1.2901,2.191,collision,458.3,-0.025454,0.363185,-0.857006,0.862209,5.355272,0.777346,0.621332,5.996502,0.382762,0.407691,-0.890572,1.0,0.028587,0.005502,1.649453,0.004826,0.034252,0.127322,0.01428,0.0,0.0001,,,,,0,none
61,51661,272.6292,233.3028,1171,0,0,1,0,1.2663,2.192,collision,468.6,-0.042294,0.361029,-0.827628,0.794085,5.282713,0.807556,0.283486,5.993828,0.382873,0.404376,-0.916133,1.0,,,,,,,,,,,,,,0,none
62,52076,70.0724,224.0974,415,0,0,1,0,3.0371,2.03,collision,472.3,-0.195203,0.422007,-0.87219,0.779808,4.989404,1.123686,0.635741,5.989766,0.387706,0.395548,-0.707994,1.0,,,,,,,,,,,,,,0,none
63,52506,75.3393,215.4793,430,0,0,1,0,3.0385,2.09,collision,476.2,-0.139812,0.411359,-0.867887,0.772204,5.157213,0.922498,0.889585,5.989003,0.396015,0.396986,-0.59548,1.011006,,,,,,,,,,,,,,0,none
64,53722,281.8049,215.2906,1216,0,0,1,0,1.2471,2.155,collision,487.7,-0.035525,0.386879,-0.888892,0.870672,5.242083,0.890399,0.285788,5.991511,0.380122,0.407224,-0.831114,1.0,0.01859,0.006517,1.649239,0.004814,0.043761,0.178959,0.017472,0.0,0.0001,,,,,0,none
65,54911,278.4933,215.5656,1189,0,0,1,0,1.2531,2.2,collision,498.4,-0.038529,0.355214,-0.816842,0.803709,5.345009,0.755904,1.039647,5.995726,0.379572,0.403577,-0.871228,1.0,,,,,,,,,,,,,,0,none
66,56078,276.7613,214.6648,1167,0,0,1,0,1.2308,2.194,collision,508.5,-0.059124,0.358593,-0.855418,0.763383,5.306571,0.771866,0.992987,5.995897,0.379441,0.40247,-0.908241,1.0,,,,,,,,,,,,,,0,none
67,56150,-32.9639,204.2086,72,0,0,1,0,3.8481,1.595,collision,509.2,-0.635619,0.206228,-0.874712,-0.065413,3.858839,1.352723,0.66646,5.926282,0.260886,0.353714,-0.71223,1.0,,,,,,,,,,,,,,0,none
68,57352,269.0096,203.4309,1202,0,0,1,0,1.2829,2.184,collision,520.4,-0.005739,0.368654,-0.824531,0.789029,5.377624,0.748149,0.920718,5.993323,0.380237,0.406532,-0.880908,1.0,0.028848,0.00515,1.649199,0.004802,0.031632,0.204494,0.017,0.0,0.0001,,,,,0,none
69,58526,265.6324,202.7868,1174,0,0,1,0,1.2543,2.207,collision,530.6,0.007296,0.359376,-0.843211,0.835315,5.386044,0.733571,1.61772,5.995695,0.375035,0.404162,-0.858359,1.0,,,,,,,,,,,,,,0,none
70,59720,281.2645,203.8043,1194,0,0,1,0,1.2498,2.146,collision,541.0,-0.081409,0.384711,-0.883589,0.820957,5.212687,0.902059,0.445099,5.98994,0.383323,0.406702,-0.877935,1.0,,,,,,,,,,,,,,0,none
71,60922,270.5359,203.595,1202,0,0,1,0,1.2774,2.204,collision,551.4,-0.01074,0.35781,-0.844034,0.860473,5.410235,0.68617,0.741889,5.996199,0.38226,0.407236,-0.911711,1.0,,,,,,,,,,,,,,0,none
72,62110,276.2898,224.2167,1188,0,0,1,0,1.2455,2.174,collision,562.7,-0.04586,0.370642,-0.864628,0.819559,5.308737,0.803817,0.419425,5.992506,0.383459,0.405694,-0.805542,1.0,0.004597,0.004087,1.649313,0.00479,0.023458,0.244861,0.014625,0.0,0.0001,,,,,0,none
73,62817,160.1634,232.6991,707,0,0,1,0,2.2702,2.117,collision,569.0,-0.092132,0.404618,-0.890595,0.846197,5.307998,0.816357,1.156899,5.990652,0.403138,0.409415,-0.561898,1.0,,,,,,,,,,,,,,0,none
74,63391,81.425,212.6611,574,0,0,1,0,2.892,2.099,collision,573.9,-0.143468,0.405543,-0.86906,0.77446,5.147392,0.948275,0.488032,5.989983,0.361597,0.392461,-0.946186,1.0,,,,,,,,,,,,,,0,none
75,63815,74.5,192.2618,424,0,0,1,0,3.0314,2.101,collision,577.6,-0.146406,0.404144,-0.835152,0.818784,5.230199,0.901694,1.349288,5.986108,0.400808,0.399405,-0.534605,1.006826,,,,,,,,,,,,,,0,none
76,64983,265.437,191.1294,1168,0,0,1,0,1.2521,2.19,collision,588.5,-0.031713,0.363651,-0.883852,0.764458,5.29352,0.781903,0.763477,5.9946,0.378695,0.403901,-0.861823,1.0,0.01171,0.008343,1.649661,0.004778,0.048546,0.234943,0.023514,0.0,0.0001,,,,,0,none
77,66187,273.7215,221.7979,1204,0,0,1,0,1.2861,2.163,collision,599.0,-0.046292,0.383068,-0.875336,0.843091,5.271966,0.879563,0.661601,5.995478,0.380978,0.407063,-0.891268,1.0,,,,,,,,,,,,,,0,none
78,67377,268.9686,221.7938,1190,0,0,1,0,1.2619,2.201,collision,609.4,-0.013532,0.358515,-0.84459,0.819605,5.364218,0.730387,0.820689,5.998411,0.381013,0.406475,-0.894113,1.0,,,,,,,,,,,,,,0,none
79,68574,267.2983,221.9604,1197,0,0,1,0,1.2895,2.183,collision,619.9,-0.024818,0.368956,-0.853107,0.780985,5.355829,0.73964,0.690509,5.996322,0.380931,0.406107,-0.922008,1.0,,,,,,,,,,,,,,0,none
80,69789,268.0094,220.6349,1215,0,0,1,0,1.2984,2.187,collision,631.6,-0.004657,0.367406,-0.806869,0.826134,5.381196,0.755227,1.111442,5.996277,0.38176,0.40716,-0.901976,1.0,0.018599,0.003022,1.650021,0.004766,0.02374,0.338518,0.015994,0.0,0.0001,,,,,0,none
81,70988,282.2215,221.8035,1199,0,0,1,0,1.238,2.183,collision,642.2,-0.04109,0.361626,-0.835614,0.795785,5.26858,0.868084,0.460715,5.996338,0.385293,0.406977,-0.886194,1.0,,,,,,,,,,,,,,0,none
82,72160,278.9844,222.0729,1172,0,0,1,0,1.2375,2.177,collision,652.6,-0.059272,0.371653,-0.816449,0.779947,5.265619,0.791827,1.094689,5.995725,0.385218,0.404551,-0.846918,1.0,,,,,,,,,,,,,,0,none
83,73346,277.1761,233.7742,1186,0,0,1,0,1.2526,2.174,collision,663.3,-0.035384,0.372279,-0.866151,0.803192,5.268118,0.824677,0.936872,5.994737,0.389565,0.407971,-0.837127,1.0,,,,,,,,,,,,,,0,none
84,74547,278.785,253.5102,1201,0,0,1,0,1.2623,2.183,collision,674.7,-0.039124,0.369556,-0.849663,0.805673,5.268799,0.837945,0.248212,5.997003,0.38658,0.408674,-0.8513,1.0,0.012002,0.003799,1.649743,0.004754,0.02243,0.286794,0.009262,0.0,0.0001,,,,,0,none
85,74960,69.7733,253.0375,413,0,0,1,0,3.0639,2.032,collision,678.4,-0.191822,0.434402,-0.889432,0.790469,5.145988,0.904225,1.613871,5.981731,0.390934,0.39947,-0.623638,1.000632,,,,,,,,,,,,,,0,none
86,76172,279.2607,254.4199,1212,0,0,1,0,1.2593,2.19,collision,689.1,-0.014778,0.36455,-0.822735,0.832119,5.320807,0.802004,0.927843,5.997119,0.384771,0.408374,-0.880204,1.002309,,,,,,,,,,,,,,0,none
87,76599,74.106,234.4583,427,0,0,1,0,3.0552,2.056,collision,693.0,-0.155355,0.423443,-0.883265,0.739981,5.090653,1.050755,0.644446,5.990153,0.398493,0.398682,-0.595114,1.008607,,,,,,,,,,,,,,0,none
88,77807,276.2315,235.1846,1208,0,0,1,0,1.2491,2.204,collision,704.4,0.000665,0.358123,-0.858626,0.814433,5.363818,0.740732,0.923201,5.994884,0.374675,0.404583,-0.872646,1.004836,0.017215,0.006816,1.64905,0.004742,0.044041,0.145986,0.018678,0.0,0.0001,,,,,0,none
89,78986,277.298,236.1846,1179,0,0,1,0,1.249,2.166,collision,714.7,-0.070077,0.375285,-0.881104,0.803972,5.228645,0.862052,0.871011,5.996958,0.383223,0.404858,-0.8529,1.0,,,,,,,,,,,,,,0,none
90,79413,75.4902,216.9327,427,0,0,1,0,3.0291,2.098,collision,718.7,-0.136001,0.411142,-0.874589,0.794855,5.115301,0.992557,1.305019,5.996377,0.399423,0.398167,-0.516325,1.00792,,,,,,,,,,,,,,0,none
91,80601,272.4783,215.9584,1188,0,0,1,0,1.2487,2.2,collision,729.1,-0.000455,0.357889,-0.835816,0.809225,5.303901,0.801726,0.544108,5.993218,0.377597,0.40404,-0.817166,1.0,,,,,,,,,,,,,,0,none
92,80816,-12.6743,186.7925,215,0,0,1,0,3.6201,2.145,collision,731.7,-0.017618,0.393956,-0.765942,0.827164,5.268215,0.930803,0.70291,5.986394,0.342506,0.404849,-0.88153,1.000463,0.026807,0.0062,1.648201,0.00473,0.034917,0.137949,0.007532,0.0,0.0001,,,,,0,none
93,81976,278.4344,186.9183,1160,0,0,1,0,1.2202,2.197,collision,741.9,-0.047322,0.357716,-0.815502,0.782032,5.28219,0.769886,0.933234,5.984497,0.380993,0.402207,-0.785978,1.0,,,,,,,,,,,,,,0,none
94,83141,263.9151,185.4313,1165,0,0,1,0,1.2362,2.196,collision,752.0,-0.003043,0.360724,-0.818188,0.84003,5.261326,0.797073,1.043538,5.997334,0.371893,0.402416,-0.866294,1.0,,,,,,,,,,,,,,0,none
95,84335,281.0551,206.5595,1194,0,0,1,0,1.234,2.18,collision,762.5,-0.031573,0.369214,-0.836747,0.807709,5.244116,0.818052,0.945681,5.994368,0.38335,0.405977,-0.83625,1.0,,,,,,,,,,,,,,0,none
96,85545,280.0929,206.6427,1210,0,0,1,0,1.2299,2.185,collision,774.1,0.00636,0.364355,-0.783781,0.841693,5.292616,0.81631,1.007585,5.995915,0.383561,0.408137,-0.798702,1.0,0.0051,0.002743,1.648274,0.004718,0.021905,0.259753,0.016459,0.0,0.0001,,,,,0,none
97,86732,270.8215,226.3143,1187,0,0,1,0,1.2818,2.169,collision,784.5,-0.042014,0.379135,-0.859351,0.84761,5.191672,0.888947,0.981596,5.992241,0.386956,0.408566,-0.856409,1.0,,,,,,,,,,,,,,0,none
98,87937,282.7976,226.9709,1205,0,0,1,0,1.2399,2.181,collision,795.2,-0.046261,0.369774,-0.858722,0.81706,5.219243,0.832745,1.045257,5.993955,0.382963,0.407828,-0.874557,1.0,,,,,,,,,,,,,,0,none
99,89138,269.8186,226.2229,1201,0,0,1,0,1.2733,2.2,collision,805.9,0.002919,0.358164,-0.784037,0.810131,5.298573,0.80356,0.727612,5.994903,0.384628,0.408261,-0.878679,1.0,,,,,,,,,,,,,,0,none
100,89556,73.0087,225.9748,418,0,0,1,0,3.0631,2.085,collision,810.5,-0.15849,0.401627,-0.879805,0.720237,5.091527,0.952314,0.638635,5.992091,0.396602,0.398952,-0.602735,1.011048,0.033264,0.005785,1.648922,0.004706,0.028725,0.159104,0.010169,0.0,0.0001,,,,,0,none
101,90758,293.6951,228.0965,1202,0,0,1,0,1.1958,2.187,collision,821.1,-0.028226,0.368611,-0.854379,0.844276,5.249798,0.800397,0.734286,5.992992,0.3809,0.404332,-0.740078,1.002484,,,,,,,,,,,,,,0,none
102,91969,283.3361,257.6975,1211,0,0,1,0,1.2452,2.152,collision,831.5,-0.053112,0.383119,-0.857917,0.781131,5.156016,0.946716,0.633099,5.99536,0.380333,0.406188,-0.871828,1.0,,,,,,,,,,,,,,0,none
103,93163,280.5127,257.9053,1194,0,0,1,0,1.2501,2.151,collision,842.0,-0.071741,0.386499,-0.86452,0.812999,5.187682,0.856824,0.765872,5.997688,0.382239,0.406021,-0.865199,1.0,,,,,,,,,,,,,,0,none
104,94336,282.2833,259.7422,1173,0,0,1,0,1.2366,2.167,collision,854.0,-0.068642,0.375733,-0.839713,0.854653,5.183515,0.890286,1.063164,5.992707,0.383637,0.403994,-0.844961,1.0,0.019206,0.002848,1.649346,0.004694,0.023575,0.33726,0.011492,0.0,0.0001,,,,,0,none
105,95528,280.4609,259.6827,1192,0,0,1,0,1.2185,2.209,collision,864.4,0.004737,0.354564,-0.821229,0.799152,5.269436,0.784098,1.314791,5.994094,0.385129,0.40832,-0.779395,1.0,,,,,,,,,,,,,,0,none
106,95946,71.0954,238.783,418,0,0,1,0,2.9796,2.054,collision,868.0,-0.17985,0.41976,-0.88252,0.784096,4.914336,1.145262,0.610565,5.994421,0.382968,0.392881,-0.667378,1.0,,,,,,,,,,,,,,0,none
107,97140,289.8806,240.6889,1194,0,0,1,0,1.2198,2.189,collision,878.5,-0.030314,0.358746,-0.860852,0.811561,5.174717,0.910155,0.394168,5.998321,0.383136,0.40449,-0.79777,1.000345,,,,,,,,,,,,,,0,none
108,97550,72.3863,219.6478,410,0,0,1,0,3.0183,2.081,collision,882.8,-0.121672,0.415052,-0.894301,0.827622,5.034915,1.058309,0.749804,5.986713,0.397244,0.397131,-0.500338,1.0,0.015423,0.00808,1.649482,0.004682,0.040667,0.146462,0.022409,0.0,0.0001,,,,,0,none
109,97967,76.3632,200.3022,417,0,0,1,0,2.9893,2.125,collision,886.7,-0.112408,0.391008,-0.863657,0.72112,5.103089,0.91481,0.346436,5.98562,0.404035,0.396895,-0.486627,1.000307,,,,,,,,,,,,,,0,none
110,98376,71.4605,200.1474,409,0,0,1,0,3.0617,2.058,collision,890.5,-0.19168,0.406709,-0.865123,0.800475,5.004169,1.044028,0.852695,5.988867,0.392748,0.399329,-0.600724,1.004172,,,,,,,,,,,,,,0,none
111,99559,286.2016,199.3981,1183,0,0,1,0,1.2182,2.201,collision,901.0,-0.016622,0.356985,-0.824568,0.809512,5.207428,0.874492,0.413627,5.994655,0.387872,0.406159,-0.809845,1.0,,,,,,,,,,,,,,0,none
112,99988,77.437,178.8082,429,0,0,1,0,2.9739,2.133,collision,905.4,-0.083268,0.392805,-0.829082,0.810279,5.220442,0.880077,0.895174,5.987019,0.401041,0.394819,-0.510144,1.00204,-0.017493,0.011359,1.649382,0.00467,0.059562,0.288238,0.044147,0.0,0.0001,,,,,0,none
113,100403,76.4528,158.4022,415,0,0,1,0,2.9838,2.124,collision,909.1,-0.116852,0.38955,-0.850999,0.797423,4.98586,1.014098,1.050381,5.982872,0.399784,0.39469,-0.478763,1.0,,,,,,,,,,,,,,0,none
114,101612,293.4223,159.5161,1209,0,0,1,0,1.1994,2.178,collision,919.8,-0.011596,0.367225,-0.797112,0.808078,5.148466,0.915424,0.742989,5.993761,0.386018,0.405964,-0.809432,1.0,,,,,,,,,,,,,,0,none
115,102789,286.3325,160.1032,1177,0,0,1,0,1.1921,2.196,collision,930.3,-0.015296,0.354092,-0.833027,0.831668,5.106452,0.953016,0.412224,5.994246,0.385302,0.40445,-0.750481,1.0,,,,,,,,,,,,,,0,none
116,103984,291.8221,182.1759,1195,0,0,1,0,1.2023,2.184,collision,941.5,-0.025915,0.364249,-0.863165,0.791535,5.128063,0.933555,0.424391,5.990452,0.384986,0.405648,-0.790166,1.0,0.034923,0.00415,1.649793,0.004658,0.030711,0.126579,0.026834,0.0,0.0001,,,,,0,none
117,105182,294.5767,182.6455,1198,0,0,1,0,1.1915,2.181,collision,952.1,-0.009687,0.364049,-0.776348,0.807604,5.152378,0.909967,0.550663,5.995752,0.380713,0.404363,-0.828574,1.0,,,,,,,,,,,,,,0,none
118,105895,160.7128,191.4781,713,0,0,1,0,2.2849,2.094,collision,958.4,-0.116427,0.40335,-0.875609,0.788047,5.056147,1.063847,0.678782,5.991902,0.395883,0.406132,-0.714705,1.0,,,,,,,,,,,,,,0,none
119,106316,76.224,191.4642,421,0,0,1,0,2.9796,2.063,collision,962.1,-0.136325,0.425197,-0.87142,0.784504,4.966558,1.113731,0.098071,5.992078,0.394399,0.392418,-0.552516,1.0,,,,,,,,,,,,,,0,none
120,107511,292.0489,213.5231,1195,0,0,1,0,1.2048,2.194,collision,973.2,-0.013302,0.360607,-0.866088,0.79814,5.180888,0.861324,0.377163,5.985106,0.385816,0.405596,-0.813438,1.000633,0.02526,0.005704,1.650151,0.004646,0.034401,0.126091,0.00932,0.0,0.0001,,,,,0,none
121,108704,281.079,213.0108,1193,0,0,1,0,1.2365,2.2,collision,983.9,-0.008144,0.358788,-0.825361,0.835181,5.166238,0.87302,0.791038,5.993367,0.386939,0.407741,-0.803473,1.0,,,,,,,,,,,,,,0,none
122,109133,78.4165,213.1087,429,0,0,1,0,2.9871,2.149,collision,987.7,-0.061969,0.381645,-0.87426,0.846203,5.154951,0.926028,0.847163,5.979122,0.393512,0.388387,-0.516495,1.00899,,,,,,,,,,,,,,0,none
123,109711,83.3699,213.8005,578,0,0,1,0,2.8894,2.106,collision,992.9,-0.104864,0.409481,-0.859022,0.808356,5.05633,0.989953,0.736163,5.985176,0.362495,0.391587,-0.94416,1.0,,,,,,,,,,,,,,0,none
124,110883,291.585,213.6167,1172,0,0,1,0,1.1882,2.174,collision,1003.7,-0.070968,0.367321,-0.851372,0.773159,5.074493,0.944244,0.863377,5.994604,0.384261,0.404241,-0.800305,1.0,0.027428,0.005627,1.650184,0.004634,0.033659,0.225892,0.00762,0.0,0.0001,,,,,0,none
125,111300,74.4381,192.4273,417,0,0,1,0,3.0088,2.123,collision,1007.5,-0.113756,0.394575,-0.855765,0.716202,5.124406,0.979432,0.824621,5.996905,0.403464,0.39903,-0.505627,1.003058,,,,,,,,,,,,,,0,none
126,112482,291.7808,192.4232,1182,0,0,1,0,1.2054,2.169,collision,1017.9,-0.051538,0.374331,-0.834369,0.852477,5.094037,0.948234,0.698409,5.987835,0.384478,0.404834,-0.813942,1.0,,,,,,,,,,,,,,0,none
127,113189,152.9847,178.264,707,0,0,1,0,2.3159,2.177,collision,1024.2,0.045394,0.370948,-0.76838,0.820201,5.297542,0.756443,1.332264,5.991238,0.396956,0.405726,-0.678026,1.003917,,,,,,,,,,,,,,0,none
128,113911,165.0453,178.6972,722,0,0,1,0,2.2771,2.189,collision,1031.3,-0.026126,0.367518,-0.849218,0.745586,5.147515,0.905333,0.926659,5.994783,0.408386,0.407849,-0.567165,1.006814,-0.001142,0.009011,1.650484,0.004622,0.04539,0.261126,0.013194,0.0,0.0001,,,,,0,none
129,115116,285.4352,199.6183,1205,0,0,1,0,1.2302,2.199,collision,1042.2,-0.017339,0.355775,-0.81642,0.787196,5.245462,0.836143,0.252865,5.994777,0.386936,0.407419,-0.827932,1.005672,,,,,,,,,,,,,,0,none
130,116316,288.452,199.2586,1200,0,0,1,0,1.2217,2.186,collision,1052.8,-0.036484,0.360385,-0.837224,0.789149,5.169179,0.891636,0.468957,5.987151,0.381981,0.404018,-0.838865,1.0,,,,,,,,,,,,,,0,none
131,116732,74.5214,178.6029,416,0,0,1,0,3.0157,2.086,collision,1056.4,-0.138013,0.407642,-0.872654,0.829875,5.084893,0.980202,0.806557,5.991972,0.403825,0.398857,-0.492866,1.000204,,,,,,,,,,,,,,0,none
132,116768,-41.7865,166.5826,36,0,0,1,0,3.844,1.668,collision,1057.4,-0.590065,0.226767,-0.873056,-0.05307,3.927474,1.442502,0.521597,5.816563,0.217252,0.332245,-0.609001,1.0,0.026504,0.006472,1.651101,0.00461,0.034672,0.142908,0.016373,0.0,0.0001,,,,,0,none
133,117975,285.8244,186.828,1207,0,0,1,0,1.2261,2.186,collision,1068.1,-0.019621,0.367409,-0.844442,0.807024,5.197989,0.876459,0.785878,5.988804,0.38461,0.406727,-0.853438,1.0,,,,,,,,,,,,,,0,none
134,119175,281.8463,185.8542,1200,0,0,1,0,1.2434,2.178,collision,1078.8,-0.044406,0.373704,-0.866835,0.822892,5.134624,0.914816,0.774648,5.99649,0.382971,0.407095,-0.837097,1.0,,,,,,,,,,,,,,0,none
135,120368,283.3053,206.7409,1193,0,0,1,0,1.2212,2.178,collision,1089.3,-0.02993,0.366519,-0.862647,0.846037,5.194158,0.869247,0.962811,5.986182,0.381248,0.405674,-0.861086,1.0,,,,,,,,,,,,,,0,none
136,120792,73.2247,184.8853,424,0,0,1,0,2.984,2.069,collision,1093.8,-0.176357,0.409567,-0.886401,0.796035,5.012481,1.029222,0.991134,5.990091,0.388406,0.393464,-0.678224,1.0,0.032881,0.004273,1.65159,0.004598,0.027603,0.183626,0.010506,0.0,0.0001,,,,,0,none
137,121222,79.9189,177.5787,430,0,0,1,0,2.962,2.141,collision,1097.7,-0.080483,0.385739,-0.854728,0.766279,5.172661,0.89766,1.209285,5.993092,0.398058,0.3912,-0.484692,1.0041,,,,,,,,,,,,,,0,none
138,121650,78.3987,168.914,428,0,0,1,0,2.9543,2.128,collision,1101.7,-0.087917,0.392951,-0.835896,0.7252,5.061296,1.011343,0.38869,5.988475,0.401881,0.395253,-0.51676,1.0,,,,,,,,,,,,,,0,none
139,122814,284.7717,168.8477,1164,0,0,1,0,1.197,2.191,collision,1112.3,-0.034246,0.360953,-0.804377,0.777632,5.099678,0.946402,0.87938,5.990562,0.383059,0.402684,-0.770293,1.0,,,,,,,,,,,,,,0,none
140,124001,294.1582,169.4183,1187,0,0,1,0,1.1969,2.169,collision,1123.3,-0.055049,0.375429,-0.837827,0.809419,5.147206,0.882447,0.756929,5.989974,0.384488,0.404403,-0.769082,1.0,0.02215,0.006645,1.65201,0.004586,0.037583,0.118731,0.008101,0.0,0.0001,,,,,0,none
141,124052,-38.3356,158.1326,51,0,0,1,0,3.8103,1.582,collision,1123.8,-0.663409,0.175853,-0.884694,-0.0984,3.821377,1.341459,0.741728,5.768391,0.241471,0.343191,-0.68586,1.0,,,,,,,,,,,,,,0,none
142,124771,162.6145,178.5727,719,0,0,1,0,2.2877,2.109,collision,1130.1,-0.104001,0.406159,-0.879487,0.797949,5.012969,1.02203,0.640166,5.997547,0.399277,0.406679,-0.638863,1.0,,,,,,,,,,,,,,0,none
143,125944,282.8203,178.2723,1173,0,0,1,0,1.2354,2.16,collision,1140.5,-0.050909,0.374473,-0.852662,0.822589,5.096145,0.976046,0.583415,5.994016,0.382723,0.402892,-0.849047,1.0,,,,,,,,,,,,,,0,none
144,127146,294.7722,179.5649,1202,0,0,1,0,1.1963,2.178,collision,1152.2,-0.022139,0.367975,-0.859251,0.838157,5.105706,0.930564,0.789151,5.993169,0.382273,0.404809,-0.767409,1.00167,0.048918,0.006909,1.652307,0.004574,0.03152,0.229121,0.0147,0.0,0.0001,,,,,0,none
145,128339,282.2366,179.458,1193,0,0,1,0,1.2462,2.171,collision,1162.9,-0.03381,0.372029,-0.836926,0.82232,5.099346,0.918642,0.516594,5.992912,0.382422,0.404476,-0.830277,1.0,,,,,,,,,,,,,,0,none
146,129541,287.7928,200.9148,1202,0,0,1,0,1.2254,2.168,collision,1173.7,-0.022996,0.372293,-0.827553,0.789739,5.090079,0.947466,0.438996,5.994654,0.386404,0.407322,-0.798495,1.0,,,,,,,,,,,,,,0,none
147,130722,283.7856,221.3015,1181,0,0,1,0,1.2406,2.176,collision,1184.0,-0.053391,0.371344,-0.870883,0.813329,5.131019,0.92512,0.534705,5.994831,0.390037,0.407993,-0.867265,1.0,,,,,,,,,,,,,,0,none
148,131918,294.0206,242.8637,1196,0,0,1,0,1.2049,2.165,collision,1195.7,-0.040029,0.373353,-0.858877,0.836391,5.135519,0.927239,0.347903,5.993229,0.38618,0.405686,-0.824632,1.0,0.015698,0.002714,1.652783,0.004562,0.018836,0.269141,0.007993,0.0,0.0001,,,,,0,none
149,133111,292.3624,243.6228,1193,0,0,1,0,1.1931,2.183,collision,1206.1,-0.033907,0.366682,-0.867281,0.832046,5.105651,0.905523,1.06425,5.994625,0.385869,0.405845,-0.736001,1.0,,,,,,,,,,,,,,0,none
150,133536,77.5743,221.9644,425,0,0,1,0,2.9869,2.155,collision,1209.9,-0.070347,0.386689,-0.85663,0.795458,5.124055,0.881101,1.170961,5.98507,0.403279,0.394398,-0.507385,1.007813,,,,,,,,,,,,,,0,none
151,134694,286.3524,254.4332,1158,0,0,1,0,1.1997,2.178,collision,1220.3,-0.054981,0.367146,-0.843413,0.830533,5.03285,0.985808,0.870561,5.996747,0.380219,0.401034,-0.844505,1.0,,,,,,,,,,,,,,0,none
152,135115,77.5687,245.9286,421,0,0,1,0,2.984,2.146,collision,1224.7,-0.088246,0.389836,-0.849179,0.814857,5.098646,0.866799,1.441252,5.978731,0.404256,0.394855,-0.482604,1.004167,0.023237,0.007586,1.653695,0.00455,0.035161,0.180774,0.014887,0.0,0.0001,,,,,0,none
153,136300,285.3698,246.1835,1185,0,0,1,0,1.1995,2.159,collision,1235.1,-0.026935,0.381619,-0.812986,0.815631,5.137215,0.920269,0.445246,5.994781,0.383103,0.403396,-0.752233,1.0,,,,,,,,,,,,,,0,none
154,136724,71.5947,223.8658,424,0,0,1,0,2.9873,2.037,collision,1239.0,-0.194146,0.424338,-0.883436,0.753805,4.902569,1.195707,0.264307,5.977568,0.38472,0.392751,-0.713833,1.0,,,,,,,,,,,,,,0,none
155,137909,284.3248,224.0746,1185,0,0,1,0,1.2129,2.164,collision,1249.4,-0.07706,0.373947,-0.869692,0.765805,5.064613,0.981531,0.623133,5.989683,0.381778,0.405011,-0.754122,1.0,,,,,,,,,,,,,,0,none
156,139127,291.2289,224.4182,1218,0,0,1,0,1.2105,2.193,collision,1260.9,-0.015135,0.358166,-0.846158,0.835201,5.135189,0.953722,0.406486,5.988135,0.385514,0.407787,-0.727617,1.007664,0.032758,0.005737,1.65427,0.004538,0.025811,0.150966,0.007989,0.0,0.0001,,,,,0,none
157,140322,284.111,224.4508,1195,0,0,1,0,1.2172,2.179,collision,1271.4,-0.002617,0.365851,-0.799688,0.763134,5.178137,0.916279,0.485704,5.99542,0.384733,0.407218,-0.80163,1.0,,,,,,,,,,,,,,0,none
158,141507,289.4278,223.9915,1185,0,0,1,0,1.187,2.181,collision,1281.9,-0.028397,0.368591,-0.848446,0.790858,5.140898,0.937718,0.789102,5.994995,0.380289,0.403517,-0.73683,1.0,,,,,,,,,,,,,,0,none
159,142220,151.3428,209.8895,713,0,0,1,0,2.2967,2.185,collision,1288.2,0.028549,0.367111,-0.779478,0.866413,5.246129,0.834378,1.420328,5.992401,0.382306,0.40443,-0.736192,1.006038,,,,,,,,,,,,,,0,none
160,143408,297.3498,231.8671,1188,0,0,1,0,1.1813,2.177,collision,1299.5,-0.038811,0.362923,-0.808696,0.778247,5.112311,0.923514,0.441053,5.987024,0.385223,0.404136,-0.726011,1.0,0.085123,0.003899,1.654695,0.004526,0.023299,0.171193,0.012122,0.0,0.0001,,,,,0,none
161,143949,111.2052,214.3523,541,0,0,1,0,2.7066,2.17,collision,1304.3,-0.049091,0.373645,-0.786721,0.780498,5.228682,0.813958,0.969097,5.992894,0.389488,0.391737,-0.515882,1.003075,,,,,,,,,,,,,,0,none
162,145135,285.0322,235.0987,1186,0,0,1,0,1.2189,2.187,collision,1314.9,-0.04244,0.358023,-0.824386,0.794328,5.073481,0.964366,0.529229,5.995917,0.38791,0.407913,-0.819342,1.0,,,,,,,,,,,,,,0,none
163,145854,157.5476,222.3165,719,0,0,1,0,2.3138,2.11,collision,1321.2,-0.082982,0.407482,-0.883116,0.808188,5.091957,0.991966,0.702657,5.992501,0.395275,0.40727,-0.67375,1.0,,,,,,,,,,,,,,0,none
164,147031,286.1132,243.7683,1177,0,0,1,0,1.2084,2.169,collision,1332.4,-0.062082,0.372605,-0.856659,0.877164,5.073908,0.94974,0.32639,5.987377,0.382882,0.403776,-0.834144,1.0,0.019641,0.005697,1.654985,0.004514,0.030791,0.190553,0.010075,0.0,0.0001,,,,,0,none
165,147744,162.733,231.6092,713,0,0,1,0,2.278,2.161,collision,1338.9,-0.036101,0.375913,-0.844341,0.796676,5.160368,0.905283,0.844664,5.985338,0.412149,0.410656,-0.562697,1.0,,,,,,,,,,,,,,0,none
166,148167,76.9627,210.1825,423,0,0,1,0,2.9672,2.116,collision,1342.8,-0.126091,0.397659,-0.866514,0.765657,5.069433,0.972695,1.164368,5.991784,0.40067,0.396127,-0.494392,1.0,,,,,,,,,,,,,,0,none
167,149374,285.868,210.3582,1207,0,0,1,0,1.2093,2.194,collision,1353.4,0.01367,0.358754,-0.754541,0.80349,5.195357,0.872928,0.84009,5.994183,0.381951,0.406191,-0.764717,1.003264,,,,,,,,,,,,,,0,none
168,150551,288.8979,210.3052,1177,0,0,1,0,1.2097,2.154,collision,1364.6,-0.057137,0.384532,-0.880616,0.823962,5.057354,1.000255,0.621135,5.991199,0.380757,0.401576,-0.802673,1.0,0.028006,0.006379,1.65498,0.004502,0.034009,0.103426,0.005218,0.0,0.0001,,,,,0,none
169,151733,268.6091,222.0319,1182,0,0,1,0,1.2713,2.189,collision,1375.0,-0.031311,0.363823,-0.817934,0.840406,5.206871,0.846233,0.91537,5.996964,0.387999,0.407726,-0.792718,1.0,,,,,,,,,,,,,,0,none
170,152162,77.77,200.0739,429,0,0,1,0,2.9631,2.087,collision,1378.8,-0.137359,0.407321,-0.875342,0.742579,5.036812,1.073464,0.270412,5.985975,0.394722,0.392155,-0.53349,1.0,,,,,,,,,,,,,,0,none
171,153350,281.6345,217.1168,1188,0,0,1,0,1.2176,2.173,collision,1389.5,-0.03375,0.371753,-0.863338,0.840145,5.163263,0.913569,1.158892,5.993736,0.386065,0.40559,-0.839478,1.0,,,,,,,,,,,,,,0,none
172,153771,73.4723,195.9608,421,0,0,1,0,2.9932,2.087,collision,1393.9,-0.11884,0.416299,-0.873976,0.798351,5.046096,0.996427,0.679618,5.981,0.399438,0.39761,-0.549225,1.0,0.03098,0.006718,1.654818,0.00449,0.033399,0.16058,0.012662,0.0,0.0001,,,,,0,none
173,154975,284.7607,208.6821,1204,0,0,1,0,1.2427,2.151,collision,1404.7,-0.058145,0.38103,-0.886936,0.847912,5.072683,1.014361,0.445065,5.989222,0.383739,0.407711,-0.800116,1.0,,,,,,,,,,,,,,0,none
174,155692,162.0695,196.2778,717,0,0,1,0,2.2566,2.19,collision,1411.1,-0.030134,0.3633,-0.795324,0.784767,5.251687,0.825582,1.413226,5.98755,0.401906,0.406311,-0.585266,1.000947,,,,,,,,,,,,,,0,none
175,156120,75.6684,187.5713,428,0,0,1,0,3.0405,2.069,collision,1414.9,-0.160413,0.42323,-0.869896,0.760583,5.10812,0.992524,0.489215,5.987792,0.399503,0.397657,-0.544767,1.009187,,,,,,,,,,,,,,0,none
176,156538,76.5343,187.5285,418,0,0,1,0,2.974,2.145,collision,1419.2,-0.094012,0.387344,-0.870019,0.866072,5.177452,0.85603,1.041546,5.985525,0.409233,0.397435,-0.500261,1.000656,0.024846,0.00875,1.654251,0.004478,0.051411,0.512506,0.023382,0.0,0.0001,,,,,0,none
177,157729,282.0562,187.1473,1191,0,0,1,0,1.2245,2.151,collision,1429.6,-0.059572,0.384674,-0.852215,0.807188,5.124661,0.955154,0.576768,5.99397,0.384089,0.40612,-0.835805,1.0,,,,,,,,,,,,,,0,none
178,158156,75.8379,165.8413,427,0,0,1,0,3.0279,2.09,collision,1433.5,-0.107687,0.412339,-0.871403,0.762148,5.095715,0.963787,0.260772,5.994537,0.403037,0.398907,-0.522891,1.006631,,,,,,,,,,,,,,0,none
179,158884,155.6539,154.5458,728,0,0,1,0,2.2783,2.18,collision,1440.2,0.020342,0.367659,-0.828367,0.837053,5.320349,0.738037,0.666516,5.998883,0.402032,0.409391,-0.663524,1.000062,,,,,,,,,,,,,,0,none
180,160079,295.1417,176.283,1195,0,0,1,0,1.1807,2.201,collision,1451.6,-0.030141,0.358178,-0.87275,0.826065,5.123201,0.912276,1.166754,5.992712,0.384332,0.404932,-0.763915,1.0,0.024469,0.005661,1.653918,0.004466,0.031621,0.263122,0.016776,0.0,0.0001,,,,,0,none
181,161266,280.5727,176.1768,1187,0,0,1,0,1.2187,2.173,collision,1462.3,-0.037077,0.366788,-0.847106,0.851698,5.09781,0.932163,0.627313,5.978303,0.381919,0.404358,-0.793425,1.0,,,,,,,,,,,,,,0,none
182,162471,285.7315,197.4027,1205,0,0,1,0,1.228,2.15,collision,1473.0,-0.058088,0.378668,-0.873826,0.816023,5.101645,0.993057,0.570611,5.99465,0.384773,0.40805,-0.779535,1.0,,,,,,,,,,,,,,0,none
183,163682,280.3217,196.9588,1211,0,0,1,0,1.2563,2.175,collision,1483.7,-0.034808,0.37102,-0.849114,0.828549,5.169375,0.878184,0.214374,5.992116,0.385009,0.409013,-0.839596,1.0,,,,,,,,,,,,,,0,none
184,164895,283.4359,209.0954,1213,0,0,1,0,1.2253,2.207,collision,1495.4,-0.000277,0.349757,-0.818065,0.826197,5.169527,0.907247,0.678149,5.992127,0.384256,0.408601,-0.782384,1.007548,0.011102,0.003075,1.654178,0.004454,0.02164,0.268498,0.019059,0.0,0.0001,,,,,0,none
185,166098,290.9032,230.6189,1203,0,0,1,0,1.2054,2.193,collision,1506.0,-0.020609,0.355054,-0.785654,0.826267,5.060058,0.991964,0.48068,5.990438,0.384111,0.405664,-0.758101,1.003615,,,,,,,,,,,,,,0,none
186,167302,283.7124,251.3367,1204,0,0,1,0,1.2438,2.139,collision,1516.7,-0.061878,0.39216,-0.882251,0.843412,5.052485,1.004301,0.556801,5.996578,0.381465,0.4066,-0.8516,1.0,,,,,,,,,,,,,,0,none
187,168497,285.6808,251.6992,1195,0,0,1,0,1.2269,2.156,collision,1527.2,-0.062697,0.379611,-0.866389,0.806802,5.058425,0.975795,0.63736,5.99378,0.383636,0.407575,-0.823089,1.0,,,,,,,,,,,,,,0,none
188,168918,75.8805,251.7034,421,0,0,1,0,3.0165,2.103,collision,1531.6,-0.118211,0.407958,-0.885684,0.807658,5.028464,0.998049,0.397177,5.995913,0.400797,0.396928,-0.485129,1.005089,0.029777,0.004932,1.654368,0.004442,0.024543,0.161273,0.006242,0.0,0.0001,,,,,0,none
189,170115,289.2412,265.0622,1197,0,0,1,0,1.2016,2.187,collision,1542.3,-0.026864,0.360878,-0.812368,0.828405,5.149653,0.927322,0.496917,5.991744,0.385519,0.406351,-0.739251,1.0,,,,,,,,,,,,,,0,none
190,171328,290.2689,264.5749,1213,0,0,1,0,1.2204,2.156,collision,1553.2,-0.041369,0.388701,-0.876027,0.83733,5.176594,0.863995,0.841171,5.996887,0.382448,0.406643,-0.768126,1.0,,,,,,,,,,,,,,0,none
191,172534,283.483,264.8659,1206,0,0,1,0,1.2479,2.18,collision,1564.0,-0.034411,0.370665,-0.869271,0.852362,5.145803,0.935931,0.550833,5.994482,0.384104,0.407718,-0.785601,1.0,,,,,,,,,,,,,,0,none
192,173705,283.107,264.6035,1171,0,0,1,0,1.2123,2.191,collision,1575.4,-0.053047,0.356916,-0.824354,0.801768,5.140815,0.9162,0.553862,5.987586,0.384758,0.40476,-0.793151,1.0,-0.009603,0.002635,1.654145,0.00443,0.019979,0.249099,0.00816,0.0,0.0001,,,,,0,none
193,174132,74.9014,244.0614,427,0,0,1,0,2.9605,2.195,collision,1579.3,-0.013867,0.360441,-0.743975,0.801476,5.137599,0.911839,0.939665,5.992452,0.404937,0.394933,-0.519687,1.006181,,,,,,,,,,,,,,0,none
194,174853,147.8488,230.5027,721,0,0,1,0,2.3512,2.169,collision,1585.9,0.045299,0.37297,-0.826815,0.834609,5.209806,0.833442,0.853719,5.991615,0.396408,0.407975,-0.746932,1.009476,,,,,,,,,,,,,,0,none
195,176016,289.2551,230.3379,1163,0,0,1,0,1.1851,2.164,collision,1596.3,-0.053182,0.375242,-0.823316,0.834338,5.011714,0.973689,0.8651,5.987345,0.380772,0.401433,-0.772294,1.0,,,,,,,,,,,,,,0,none
196,177222,286.197,230.5864,1206,0,0,1,0,1.2217,2.176,collision,1607.8,-0.036302,0.373486,-0.874798,0.829521,5.092176,0.93643,0.460696,5.996247,0.381692,0.406403,-0.756987,1.0,0.013529,0.006339,1.653766,0.004418,0.034303,0.15545,0.013411,0.0,0.0001,,,,,0,none
197,178392,280.8166,230.1,1170,0,0,1,0,1.1892,2.179,collision,1618.2,-0.007936,0.366585,-0.817764,0.801383,5.038025,1.001381,0.540259,5.992908,0.377707,0.402223,-0.759067,1.0,,,,,,,,,,,,,,0,none
198,179592,292.0734,251.7193,1200,0,0,1,0,1.1926,2.187,collision,1628.9,-0.014131,0.363652,-0.83164,0.847777,5.149653,0.887898,0.371376,5.985075,0.383442,0.405256,-0.738343,1.0,,,,,,,,,,,,,,0,none
199,180011,75.2439,230.3195,419,0,0,1,0,2.9955,2.078,collision,1632.8,-0.138521,0.41398,-0.862383,0.822972,4.921679,1.055906,0.32368,5.984192,0.396848,0.394125,-0.51044,1.0,,,,,,,,,,,,,,0,none
200,180728,163.6994,217.6626,717,0,0,1,0,2.2774,2.168,collision,1640.4,-0.048403,0.374392,-0.845828,0.834831,5.077325,0.939397,0.842875,5.987471,0.407809,0.407521,-0.576256,1.0,0.034096,0.005842,1.653922,0.004406,0.033022,0.141929,0.013036,0.0,0.0001,,,,,0,none
201,181152,76.6556,196.9798,424,0,0,1,0,2.9694,2.121,collision,1644.3,-0.092357,0.398623,-0.872558,0.797182,5.107102,0.978508,0.113196,5.994275,0.403054,0.396879,-0.521316,1.0,,,,,,,,,,,,,,0,none
202,181865,163.1683,184.986,713,0,0,1,0,2.2903,2.177,collision,1650.8,-0.018674,0.369889,-0.799076,0.802919,5.157707,0.888725,1.255857,5.997241,0.405511,0.408141,-0.56192,1.008745,,,,,,,,,,,,,,0,none
203,183058,291.4574,206.6416,1193,0,0,1,0,1.2022,2.186,collision,1661.6,-0.012915,0.362286,-0.842492,0.816724,5.100637,0.909463,0.606439,5.994581,0.380926,0.40374,-0.758981,1.0,,,,,,,,,,,,,,0,none
204,184254,294.7953,221.3362,1196,0,0,1,0,1.1812,2.137,collision,1672.9,-0.080663,0.392923,-0.880127,0.76436,4.983224,1.055468,0.540165,5.998184,0.379894,0.404329,-0.693741,1.0,0.027785,0.005883,1.654331,0.004394,0.031673,0.122187,0.011398,0.0,0.0001,,,,,0,none
205,185454,293.2438,221.7351,1200,0,0,1,0,1.1859,2.197,collision,1683.5,-0.017884,0.359617,-0.804528,0.821548,5.157447,0.869795,1.009273,5.993833,0.380873,0.40386,-0.671027,1.005454,,,,,,,,,,,,,,0,none
206,186174,165.565,209.6719,720,0,0,1,0,2.2493,2.192,collision,1690.0,-0.04329,0.358318,-0.860933,0.811363,5.145652,0.922653,0.590888,5.995381,0.405668,0.407263,-0.568418,1.001526,,,,,,,,,,,,,,0,none
207,186212,-40.3437,177.5558,38,0,0,1,0,3.8477,1.485,collision,1690.4,-0.681585,0.170407,-0.887913,-0.081356,3.631551,1.608284,0.361727,5.836249,0.232221,0.338347,-0.527219,1.0,,,,,,,,,,,,,,0,none
208,187430,282.3539,176.5839,1218,0,0,1,0,1.2131,2.167,collision,1701.9,0.034884,0.374542,-0.819671,0.850321,5.190246,0.83381,1.24028,5.997396,0.385084,0.409256,-0.766103,1.0,0.020675,0.006224,1.6546,0.004382,0.031611,0.191221,0.014019,0.0,0.0001,,,,,0,none
209,188139,165.5457,185.6141,709,0,0,1,0,2.2978,2.161,collision,1708.4,-0.057111,0.379812,-0.86483,0.838739,5.11876,0.87563,0.802202,5.986432,0.405237,0.4062,-0.547313,1.002306,,,,,,,,,,,,,,0,none
210,189333,295.3997,198.7841,1194,0,0,1,0,1.1838,2.163,collision,1719.1,-0.043383,0.379979,-0.873221,0.837948,5.050709,0.989345,1.027701,5.9926,0.384613,0.406492,-0.70725,1.0,,,,,,,,,,,,,,0,none
211,190042,161.4011,207.2586,709,0,0,1,0,2.262,2.175,collision,1725.4,-0.041888,0.363596,-0.846162,0.865458,5.125655,0.95908,0.584143,5.995828,0.409104,0.40862,-0.54319,1.0,,,,,,,,,,,,,,0,none
212,191231,293.4343,220.2852,1189,0,0,1,0,1.2019,2.175,collision,1736.5,-0.053441,0.367391,-0.876716,0.803583,5.090488,0.940166,0.846632,5.9866,0.384077,0.403928,-0.785356,1.0,0.027163,0.005952,1.654733,0.00437,0.029878,0.189495,0.008271,0.0,0.0001,,,,,0,none
213,191654,73.5338,198.4929,423,0,0,1,0,2.9886,2.138,collision,1740.4,-0.110408,0.38836,-0.878719,0.805336,5.153136,0.944796,1.165395,5.9902,0.397047,0.397556,-0.551102,1.0,,,,,,,,,,,,,,0,none
214,192836,290.9974,198.1131,1182,0,0,1,0,1.1793,2.158,collision,1750.9,-0.060627,0.380709,-0.836919,0.824981,5.120488,0.936898,0.607036,5.992863,0.383425,0.404751,-0.747947,1.0,,,,,,,,,,,,,,0,none
215,194034,290.5232,197.841,1198,0,0,1,0,1.2086,2.18,collision,1761.6,-0.032113,0.370362,-0.870019,0.860205,5.150635,0.882485,0.450602,5.989807,0.386562,0.406281,-0.747474,1.0,,,,,,,,,,,,,,0,none
216,195219,291.797,210.4642,1185,0,0,1,0,1.1856,2.179,collision,1772.9,-0.051039,0.366998,-0.856974,0.854051,5.134413,0.92101,0.345772,5.995281,0.386697,0.406536,-0.681636,1.0,0.032122,0.004357,1.654835,0.004358,0.024482,0.088807,0.007004,0.0,0.0001,,,,,0,none
217,196400,282.9506,242.7937,1181,0,0,1,0,1.2338,2.182,collision,1783.4,-0.04636,0.373362,-0.847545,0.82264,5.169673,0.869008,1.361763,5.996563,0.38883,0.407193,-0.777086,1.0,,,,,,,,,,,,,,0,none
218,196827,75.8818,222.1464,427,0,0,1,0,3.0249,2.062,collision,1787.2,-0.158198,0.417005,-0.877499,0.818868,4.964114,1.146109,0.398452,5.991579,0.398515,0.397048,-0.584948,1.004249,,,,,,,,,,,,,,0,none
219,197241,71.1547,212.7074,414,0,0,1,0,3.0187,2.052,collision,1790.9,-0.172711,0.41825,-0.871925,0.762027,4.912724,1.155755,0.544884,5.981649,0.389942,0.3959,-0.591283,1.0,,,,,,,,,,,,,,0,none
220,198424,289.2614,212.0935,1183,0,0,1,0,1.1859,2.169,collision,1802.0,-0.062331,0.374296,-0.879873,0.780268,5.117707,0.922446,0.800581,5.993639,0.387717,0.406312,-0.715006,1.0,0.028702,0.006393,1.655065,0.004346,0.037232,0.115735,0.015116,0.0,0.0001,,,,,0,none
221,199615,284.9276,224.4462,1191,0,0,1,0,1.2131,2.182,collision,1812.6,-0.021877,0.368527,-0.86832,0.785776,5.150718,0.909427,0.896219,5.988616,0.385966,0.40728,-0.760646,1.0,,,,,,,,,,,,,,0,none
222,200821,294.0837,224.5111,1206,0,0,1,0,1.1826,2.168,collision,1823.3,-0.024858,0.380103,-0.863948,0.833989,5.122321,0.947755,0.646825,5.99275,0.383117,0.406377,-0.696822,1.0,,,,,,,,,,,,,,0,none
223,202019,285.5333,245.7111,1198,0,0,1,0,1.224,2.193,collision,1833.9,-0.027516,0.358,-0.855416,0.797359,5.184109,0.911581,0.437367,5.992781,0.381902,0.405842,-0.793893,1.000079,,,,,,,,,,,,,,0,none
224,203219,291.3861,245.7499,1200,0,0,1,0,1.1968,2.154,collision,1845.3,-0.050786,0.383154,-0.867153,0.852423,5.118086,0.942948,0.4413,5.986975,0.382699,0.406592,-0.7295,1.0,-0.011429,0.002641,1.655051,0.004334,0.01692,0.235353,0.011284,0.0,0.0001,,,,,0,none
225,204410,288.7855,245.5762,1191,0,0,1,0,1.1845,2.183,collision,1855.9,-0.004434,0.366277,-0.871382,0.854605,5.157626,0.931143,0.319955,5.993206,0.378869,0.403172,-0.696951,1.0,,,,,,,,,,,,,,0,none
226,205591,288.0996,245.2064,1181,0,0,1,0,1.2011,2.163,collision,1866.4,-0.056487,0.379386,-0.888778,0.807012,5.131229,0.90633,0.568897,5.992987,0.385772,0.406089,-0.738359,1.0,,,,,,,,,,,,,,0,none
227,206783,287.979,245.7093,1192,0,0,1,0,1.2137,2.203,collision,1877.2,-0.015393,0.35366,-0.814414,0.796552,5.195947,0.851381,0.664354,5.997352,0.382488,0.405038,-0.738363,1.005864,,,,,,,,,,,,,,0,none
228,207978,292.7019,267.3913,1195,0,0,1,0,1.1903,2.164,collision,1889.0,-0.051145,0.379878,-0.874178,0.824844,5.067687,0.958215,0.718929,5.990551,0.381238,0.404398,-0.749849,1.0,0.024013,0.002405,1.654612,0.004322,0.018471,0.32937,0.01223,0.0,0.0001,,,,,0,none
229,209177,288.0367,289.0795,1199,0,0,1,0,1.2165,2.186,collision,1899.8,-0.019418,0.362658,-0.871761,0.790172,5.131857,0.915299,0.433318,5.993279,0.384484,0.405873,-0.796462,1.0,,,,,,,,,,,,,,0,none
230,210367,299.6759,290.1209,1190,0,0,1,0,1.158,2.15,collision,1910.4,-0.070205,0.381799,-0.85861,0.777061,5.020895,0.976673,0.660335,5.984587,0.383149,0.404695,-0.734133,1.0,,,,,,,,,,,,,,0,none
231,210910,113.9919,273.0273,543,0,0,1,0,2.6997,2.166,collision,1915.4,-0.057555,0.371123,-0.868402,0.740077,5.106394,0.972272,0.411109,5.993258,0.389786,0.391806,-0.513003,1.003198,,,,,,,,,,,,,,0,none
232,211336,73.0373,250.9227,426,0,0,1,0,3.0472,2.058,collision,1919.9,-0.150755,0.425516,-0.882241,0.756581,4.9845,1.081927,0.406868,5.989954,0.396726,0.398702,-0.581555,1.004654,0.03241,0.005687,1.654439,0.00431,0.033221,0.201513,0.011086,0.0,0.0001,,,,,0,none
233,211750,72.7602,229.6454,414,0,0,1,0,3.0541,2.089,collision,1923.6,-0.162033,0.401599,-0.877248,0.781301,4.904735,1.112867,0.29571,5.991762,0.400103,0.399955,-0.503356,1.007589,,,,,,,,,,,,,,0,none
234,212160,69.4237,207.4492,410,0,0,1,0,3.0372,2.033,collision,1927.4,-0.178452,0.429623,-0.887531,0.812699,4.800977,1.136831,0.379585,5.98409,0.386602,0.397333,-0.637649,1.0,,,,,,,,,,,,,,0,none
235,212581,72.7082,185.8414,421,0,0,1,0,3.0077,2.044,collision,1931.4,-0.17633,0.428548,-0.884349,0.803963,4.845756,1.10847,0.245786,5.993219,0.389461,0.394096,-0.705391,1.0,,,,,,,,,,,,,,0,none
236,213773,293.1511,186.3466,1192,0,0,1,0,1.1978,2.195,collision,1942.7,-0.013757,0.358433,-0.836518,0.843463,5.052252,0.939777,0.902693,5.985173,0.384001,0.405004,-0.71595,1.001284,0.071661,0.007735,1.65435,0.004298,0.047286,0.229368,0.022501,0.0,0.0001,,,,,0,none
237,214963,293.7052,186.9192,1190,0,0,1,0,1.1757,2.153,collision,1953.3,-0.05656,0.381253,-0.853251,0.775025,5.017576,1.023462,0.134905,5.983929,0.381361,0.403845,-0.674125,1.0,,,,,,,,,,,,,,0,none
238,216150,284.0127,186.0503,1187,0,0,1,0,1.1826,2.19,collision,1964.0,0.004023,0.352975,-0.819272,0.793751,5.032186,1.052369,0.503087,5.994237,0.383881,0.406636,-0.734029,1.0,,,,,,,,,,,,,,0,none
239,217327,288.8397,186.1306,1177,0,0,1,0,1.1791,2.172,collision,1974.6,-0.033449,0.371112,-0.880278,0.833173,5.06303,0.95521,0.511882,5.990373,0.385371,0.404312,-0.714159,1.0,,,,,,,,,,,,,,0,none
240,217756,79.078,164.0708,429,0,0,1,0,2.9662,2.173,collision,1979.2,-0.05198,0.374714,-0.851032,0.751344,5.134232,0.833514,0.758648,5.991039,0.403349,0.394638,-0.498354,1.008312,0.034907,0.00459,1.65467,0.004286,0.026579,0.082589,0.015004,0.0,0.0001,,,,,0,none
241,218947,289.417,181.6133,1191,0,0,1,0,1.1885,2.175,collision,1989.9,-0.006824,0.374319,-0.84976,0.824888,5.112813,0.878483,0.931007,5.993534,0.38097,0.405021,-0.730458,1.0,,,,,,,,,,,,,,0,none
242,220133,286.2136,202.9309,1186,0,0,1,0,1.1889,2.208,collision,2000.6,0.000721,0.353207,-0.835892,0.813313,5.098333,0.930325,0.5846,5.99192,0.385139,0.406458,-0.701782,1.0,,,,,,,,,,,,,,0,none
243,220559,75.9362,203.2486,426,0,0,1,0,3.0474,2.061,collision,2004.4,-0.142714,0.425378,-0.884967,0.799608,4.985091,1.059177,0.479901,5.989382,0.399386,0.39728,-0.569724,1.009506,,,,,,,,,,,,,,0,none
244,221743,291.4335,225.4495,1184,0,0,1,0,1.2062,2.15,collision,2015.5,-0.07675,0.378946,-0.873439,0.766201,4.979312,1.026173,0.248268,5.982598,0.3871,0.406155,-0.817513,1.0,0.034907,0.004293,1.655517,0.004274,0.025644,0.116237,0.004732,0.0,0.0001,,,,,0,none
245,222952,296.9818,247.8769,1209,0,0,1,0,1.1857,2.133,collision,2026.3,-0.063141,0.393094,-0.877747,0.878428,4.968206,1.023016,0.479096,5.990774,0.383036,0.406641,-0.715472,1.0,,,,,,,,,,,,,,0,none
246,223375,76.5002,226.2118,423,0,0,1,0,2.9868,2.097,collision,2030.2,-0.134371,0.404835,-0.889744,0.79928,4.875074,1.081811,0.906342,5.981244,0.397623,0.394752,-0.506459,1.0,,,,,,,,,,,,,,0,none
247,224552,285.7313,225.4144,1177,0,0,1,0,1.1909,2.173,collision,2041.0,-0.016708,0.370952,-0.855089,0.829903,5.028,0.975231,0.339039,5.993185,0.383047,0.403528,-0.771623,1.0,,,,,,,,,,,,,,0,none
248,225742,288.8228,225.8954,1190,0,0,1,0,1.1927,2.208,collision,2052.4,-0.000851,0.349812,-0.801341,0.829629,5.04074,0.976566,0.921349,5.994816,0.38237,0.404243,-0.717849,1.001157,0.034062,0.004461,1.656472,0.004262,0.024165,0.111515,0.007559,0.0,0.0001,,,,,0,none
249,226921,297.1926,226.7307,1179,0,0,1,0,1.1837,2.145,collision,2062.9,-0.065024,0.377817,-0.829883,0.805306,4.89521,1.067431,0.36008,5.99491,0.385603,0.403174,-0.741212,1.0,,,,,,,,,,,,,,0,none
250,228109,299.2192,248.7448,1188,0,0,1,0,1.1719,2.139,collision,2073.5,-0.050047,0.387465,-0.852734,0.822595,4.936924,1.056947,0.410397,5.993499,0.385357,0.403881,-0.75095,1.0,,,,,,,,,,,,,,0,none
251,229303,301.1692,249.92,1194,0,0,1,0,1.1655,2.138,collision,2084.1,-0.07464,0.389463,-0.873297,0.834558,4.908821,1.05381,0.687629,5.990631,0.380608,0.403775,-0.702121,1.0,,,,,,,,,,,,,,0,none
252,230485,292.2737,250.526,1182,0,0,1,0,1.2061,2.15,collision,2095.6,-0.064684,0.375493,-0.869829,0.816759,4.927762,1.062667,0.470552,5.994805,0.388289,0.40668,-0.779233,1.0,-0.023066,0.002384,1.657791,0.00425,0.017402,0.211961,0.007546,0.0,0.0001,,,,,0,none
253,231659,292.708,272.2032,1174,0,0,1,0,1.1526,2.183,collision,2105.9,-0.010545,0.366633,-0.826367,0.837727,4.97831,1.010999,0.592835,5.988586,0.386072,0.404187,-0.657789,1.0,,,,,,,,,,,,,,0,none
254,232084,72.1093,250.2708,425,0,0,1,0,2.9906,2.172,collision,2109.8,0.059806,0.361989,-0.74389,0.804289,5.065691,0.98185,0.889287,5.990706,0.407538,0.399472,-0.642852,1.009061,,,,,,,,,,,,,,0,none
255,233278,296.4624,250.2189,1194,0,0,1,0,1.1671,2.186,collision,2120.4,0.003614,0.364781,-0.7793,0.84674,5.035101,0.955213,0.682058,5.99341,0.386539,0.40657,-0.695107,1.0,,,,,,,,,,,,,,0,none
256,233984,168.3294,259.4018,706,0,0,1,0,2.2623,2.161,collision,2127.5,-0.071667,0.370789,-0.846761,0.852432,4.94417,1.001915,0.407161,5.990779,0.406771,0.40476,-0.542589,1.0,0.025524,0.006527,1.659094,0.004238,0.031329,0.217408,0.009084,0.0,0.0001,,,,,0,none
257,235182,294.869,260.3156,1198,0,0,1,0,1.1667,2.184,collision,2138.1,0.015576,0.365285,-0.781485,0.817858,5.011823,0.966611,0.524492,5.989866,0.383342,0.405443,-0.749088,1.0,,,,,,,,,,,,,,0,none
258,236368,298.8658,261.3199,1186,0,0,1,0,1.1657,2.141,collision,2148.8,-0.061809,0.391693,-0.874642,0.789002,4.991338,0.987389,0.646255,5.988372,0.385321,0.404509,-0.64742,1.0,,,,,,,,,,,,,,0,none
259,237541,292.955,260.8961,1173,0,0,1,0,1.1766,2.163,collision,2159.3,-0.051842,0.374056,-0.853364,0.798052,4.962355,0.998455,0.718398,5.992538,0.382826,0.403514,-0.740895,1.0,,,,,,,,,,,,,,0,none
260,238712,294.6935,260.4435,1171,0,0,1,0,1.1762,2.18,collision,2170.7,-0.039947,0.363845,-0.871975,0.821791,4.940959,1.029216,0.834541,5.990175,0.384406,0.403637,-0.762806,1.0,0.005502,0.003579,1.659671,0.004226,0.015425,0.489007,0.006576,0.0,0.0001,,,,,0,none
261,239898,298.6295,260.1896,1186,0,0,1,0,1.1711,2.17,collision,2181.4,-0.029654,0.370392,-0.850052,0.819939,4.985724,0.976872,0.344618,5.989359,0.38888,0.406042,-0.678268,1.0,,,,,,,,,,,,,,0,none
262,240312,74.7545,238.4376,414,0,0,1,0,3.0067,2.112,collision,2185.1,-0.131456,0.396827,-0.879705,0.821009,4.881057,1.072027,0.605165,5.997149,0.399729,0.396113,-0.489533,1.001356,,,,,,,,,,,,,,0,none
263,241019,165.0738,225.6742,707,0,0,1,0,2.241,2.186,collision,2191.5,-0.036649,0.364261,-0.841304,0.835176,5.065958,0.939288,0.659111,5.988629,0.408574,0.40531,-0.511113,1.0,,,,,,,,,,,,,,0,none
264,241734,165.5242,235.0157,715,0,0,1,0,2.2956,2.146,collision,2198.4,-0.061696,0.384074,-0.864123,0.716994,5.034342,1.043892,0.438545,5.993655,0.407029,0.408515,-0.630153,1.0,0.008568,0.009056,1.659605,0.004214,0.041726,0.24694,0.017081,0.0,0.0001,,,,,0,none
265,242152,77.4549,213.115,418,0,0,1,0,3.0192,2.094,collision,2202.0,-0.134737,0.408414,-0.880796,0.757242,4.924552,1.044055,0.667673,5.989539,0.40372,0.396497,-0.464916,1.007535,,,,,,,,,,,,,,0,none
266,243334,295.0487,225.7869,1182,0,0,1,0,1.1875,2.19,collision,2212.6,-0.036382,0.363942,-0.871162,0.774833,4.998194,0.992012,0.67904,5.988475,0.387423,0.404957,-0.72489,1.0,,,,,,,,,,,,,,0,none
267,244533,290.1507,225.3151,1199,0,0,1,0,1.1983,2.186,collision,2223.3,-0.010766,0.361957,-0.852519,0.778731,5.101422,0.920063,0.59209,5.983824,0.386011,0.407172,-0.750695,1.0,,,,,,,,,,,,,,0,none
268,245711,295.2102,224.9495,1178,0,0,1,0,1.1807,2.189,collision,2234.7,-0.03228,0.361297,-0.844217,0.838883,4.960093,1.011722,0.794648,5.984981,0.38835,0.405045,-0.707862,1.0,0.036908,0.004028,1.659531,0.004202,0.022672,0.174589,0.008455,0.0,0.0001,,,,,0,none
269,246123,72.4069,202.8947,412,0,0,1,0,3.0118,2.037,collision,2238.3,-0.16568,0.435051,-0.886132,0.734963,4.933454,1.033208,0.477115,5.9857,0.389838,0.39443,-0.600688,1.0,,,,,,,,,,,,,,0,none
270,246543,76.578,181.0831,420,0,0,1,0,2.943,2.191,collision,2242.0,-0.008573,0.355572,-0.756864,0.752966,5.072248,0.935144,0.313142,5.976788,0.404745,0.391632,-0.462786,1.001698,,,,,,,,,,,,,,0,none
271,246951,71.4906,158.3693,408,0,0,1,0,2.9713,2.06,collision,2245.5,-0.172609,0.416558,-0.882056,0.738481,4.878043,1.151914,0.389379,5.990241,0.38493,0.393613,-0.652906,1.0,,,,,,,,,,,,,,0,none
272,248152,296.4285,180.5367,1201,0,0,1,0,1.1752,2.187,collision,2256.1,0.007774,0.363667,-0.831915,0.800492,5.080425,0.925828,0.732297,5.996614,0.38316,0.405527,-0.700987,1.005301,-0.01382,0.010644,1.659348,0.00419,0.05454,0.365893,0.021279,0.0,0.0001,,,,,0,none
273,249371,293.7641,193.4057,1219,0,0,1,0,1.2104,2.167,collision,2266.8,-0.009639,0.378869,-0.84572,0.839189,5.139541,0.864715,0.951546,5.991847,0.384925,0.407043,-0.827195,1.0,,,,,,,,,,,,,,0,none
274,250564,290.9743,205.9507,1193,0,0,1,0,1.2053,2.191,collision,2277.5,-0.022665,0.358299,-0.832929,0.854407,5.137488,0.904208,0.575509,5.990952,0.387704,0.406182,-0.746358,1.0,,,,,,,,,,,,,,0,none
275,251742,292.4668,227.4519,1178,0,0,1,0,1.1804,2.184,collision,2287.9,-0.028536,0.364306,-0.875668,0.825899,5.141717,0.921238,0.417082,5.994066,0.385233,0.403989,-0.779215,1.0,,,,,,,,,,,,,,0,none
276,251789,-38.9736,194.0497,47,0,0,1,0,3.8429,1.481,collision,2289.1,-0.728375,0.162053,-0.883215,-0.100055,4.054823,1.286316,1.241598,5.922239,0.240805,0.343552,-0.634849,1.0,0.048912,0.004353,1.659123,0.004178,0.022818,0.175521,0.019782,0.0,0.0001,,,,,0,none
277,252980,291.9468,194.2293,1191,0,0,1,0,1.2006,2.181,collision,2299.6,-0.014451,0.367919,-0.833459,0.833226,5.081843,0.955036,0.442107,5.994829,0.382745,0.403736,-0.72428,1.0,,,,,,,,,,,,,,0,none
278,254188,295.6711,194.2754,1208,0,0,1,0,1.199,2.169,collision,2310.2,-0.021829,0.37359,-0.839716,0.823696,5.113913,0.908489,0.547386,5.995381,0.384352,0.405583,-0.753027,1.000077,,,,,,,,,,,,,,0,none
279,254906,166.571,203.6918,718,0,0,1,0,2.299,2.137,collision,2316.4,-0.075788,0.386423,-0.877327,0.798976,5.016566,1.000188,0.360811,5.990417,0.405987,0.408471,-0.578811,1.0,,,,,,,,,,,,,,0,none
280,256122,299.3657,225.9705,1216,0,0,1,0,1.1751,2.161,collision,2327.6,0.000118,0.377131,-0.851922,0.832018,5.039875,1.008297,0.633254,5.995452,0.385525,0.406903,-0.68172,1.0,0.039869,0.004151,1.658993,0.004166,0.020246,0.192223,0.010776,0.0,0.0001,,,,,0,none
281,256534,70.9525,225.9167,412,0,0,1,0,3.0291,2.039,collision,2331.3,-0.20169,0.418599,-0.87447,0.807953,4.951805,1.051376,0.399125,5.992334,0.388738,0.39561,-0.705762,1.0,,,,,,,,,,,,,,0,none
282,256946,74.519,203.7258,412,0,0,1,0,2.9867,2.104,collision,2335.0,-0.110241,0.402853,-0.865146,0.80778,5.060142,1.014907,0.552285,5.987448,0.402584,0.397848,-0.485881,1.0,,,,,,,,,,,,,,0,none
283,257661,163.0309,190.6525,715,0,0,1,0,2.2795,2.196,collision,2341.4,0.012957,0.360774,-0.80208,0.821637,5.158357,0.842265,0.780266,5.994912,0.407167,0.408566,-0.630977,1.008681,,,,,,,,,,,,,,0,none
284,258845,297.1644,191.2715,1184,0,0,1,0,1.1911,2.154,collision,2352.5,-0.062847,0.37129,-0.862698,0.816489,5.001989,1.061027,0.274149,5.99537,0.389334,0.406751,-0.735049,1.0,0.012352,0.008286,1.659265,0.004154,0.048247,0.159284,0.021058,0.0,0.0001,,,,,0,none
285,259267,78.9472,169.9195,422,0,0,1,0,2.9958,2.146,collision,2356.3,-0.089085,0.383603,-0.884216,0.769234,5.077585,0.972777,0.328034,5.986201,0.404633,0.394879,-0.469394,1.010497,,,,,,,,,,,,,,0,none
286,259690,77.2714,181.544,423,0,0,1,0,2.9677,2.109,collision,2360.2,-0.138392,0.396868,-0.883465,0.71125,5.077399,0.980579,0.906666,5.983845,0.395401,0.392544,-0.5106,1.0,,,,,,,,,,,,,,0,none
287,260888,295.1315,181.8625,1198,0,0,1,0,1.2114,2.165,collision,2370.7,-0.039589,0.37551,-0.884284,0.80501,5.083816,0.95343,0.577636,5.996379,0.38731,0.406353,-0.806941,1.0,,,,,,,,,,,,,,0,none
288,262068,295.5196,181.8473,1180,0,0,1,0,1.1731,2.172,collision,2381.9,-0.070079,0.378132,-0.880376,0.837131,5.113914,0.909952,1.077552,5.992727,0.383682,0.405188,-0.693861,1.0,0.027332,0.006212,1.660039,0.004142,0.032067,0.170263,0.009375,0.0,0.0001,,,,,0,none
289,262095,-42.693,160.9209,27,0,0,1,0,3.846,1.661,collision,2382.2,-0.62954,0.223483,-0.875521,-0.153616,4.647403,1.118943,1.513927,5.965167,0.268708,0.371946,-0.399725,1.0,,,,,,,,,,,,,,0,none
290,262509,73.8721,138.3716,414,0,0,1,0,3.0405,2.081,collision,2385.9,-0.145427,0.416464,-0.87224,0.758581,5.026553,1.038769,0.669217,5.994401,0.399137,0.398089,-0.539182,1.005335,,,,,,,,,,,,,,0,none
291,263227,169.3757,148.2139,718,0,0,1,0,2.265,2.164,collision,2392.3,-0.04525,0.376038,-0.86268,0.797457,5.151771,0.907359,0.730882,5.998042,0.410642,0.408351,-0.590311,1.0,,,,,,,,,,,,,,0,none
292,263938,163.3683,157.0988,711,0,0,1,0,2.2837,2.182,collision,2399.0,-0.02523,0.371052,-0.84657,0.819295,5.145839,0.883067,1.07266,5.996196,0.407687,0.40766,-0.539034,1.0,0.009801,0.012652,1.660664,0.00413,0.060105,0.084755,0.026083,0.0,0.0001,,,,,0,none
293,264351,72.8225,148.078,413,0,0,1,0,2.9919,2.035,collision,2402.9,-0.200192,0.415173,-0.880067,0.70017,4.960149,1.056604,0.212089,5.98422,0.388437,0.393395,-0.684923,1.0,,,,,,,,,,,,,,0,none
294,264769,75.3618,125.8977,418,0,0,1,0,3.0477,2.064,collision,2406.6,-0.164055,0.41846,-0.881091,0.796872,4.990789,1.097839,0.616902,5.993368,0.400184,0.397052,-0.594881,1.007713,,,,,,,,,,,,,,0,none
295,265200,78.9929,125.9023,431,0,0,1,0,2.9846,2.14,collision,2410.5,-0.086349,0.390737,-0.854208,0.745614,5.185153,0.912678,1.133351,5.987443,0.404582,0.397392,-0.51544,1.00763,,,,,,,,,,,,,,0,none
296,265614,72.4931,125.4244,414,0,0,1,0,2.9617,2.087,collision,2414.7,-0.137019,0.413804,-0.866192,0.856375,5.03042,1.059391,0.566638,5.986174,0.38953,0.392935,-0.511199,1.0,-0.002171,0.014803,1.660854,0.004118,0.072768,0.149385,0.037631,0.0,0.0001,,,,,0,none
297,266018,68.5645,102.7677,404,0,0,1,0,3.0724,2.026,collision,2418.4,-0.188411,0.430038,-0.882231,0.783888,4.967167,1.062697,0.637257,5.993892,0.387028,0.398928,-0.707972,1.001603,,,,,,,,,,,,,,0,none
298,266605,80.6542,81.2812,587,0,0,1,0,2.884,2.129,collision,2423.6,-0.027263,0.405725,-0.883302,0.858926,5.107064,0.924255,1.110881,5.990891,0.370764,0.398715,-0.959128,1.0,,,,,,,,,,,,,,0,none
299,267774,297.5172,115.3022,1169,0,0,1,0,1.1711,2.175,collision,2434.1,-0.054989,0.372102,-0.813083,0.825983,5.080447,0.932103,1.242738,5.991939,0.387559,0.404324,-0.696459,1.0,,,,,,,,,,,,,,0,none
300,268956,296.6009,137.5751,1182,0,0,1,0,1.1907,2.189,collision,2445.3,-0.039988,0.360583,-0.850507,0.782522,5.120445,0.899219,0.806103,5.988687,0.385367,0.404194,-0.729834,1.0,0.022713,0.00628,1.660477,0.004106,0.048263,0.149165,0.047889,0.0,0.0001,,,,,0,none
301,270152,294.3188,150.0694,1196,0,0,1,0,1.1985,2.189,collision,2455.9,-0.024657,0.363208,-0.865053,0.843609,5.073265,0.950605,0.594015,5.998955,0.384269,0.405092,-0.807666,1.002953,,,,,,,,,,,,,,0,none
302,270572,78.093,141.5419,420,0,0,1,0,3.0047,2.106,collision,2459.7,-0.098745,0.413539,-0.876499,0.806356,5.128073,0.918399,1.000957,5.986765,0.405398,0.396022,-0.458521,1.005468,,,,,,,,,,,,,,0,none
303,271747,294.9044,163.7501,1175,0,0,1,0,1.1742,2.169,collision,2470.2,-0.060104,0.373787,-0.861305,0.819009,5.010118,0.976193,0.374976,5.994307,0.390866,0.407583,-0.757407,1.0,,,,,,,,,,,,,,0,none
304,272909,291.8248,185.3964,1162,0,0,1,0,1.1596,2.172,collision,2481.3,-0.018626,0.366039,-0.808524,0.835676,5.028878,1.009661,0.554843,5.99756,0.378367,0.400356,-0.682564,1.0,0.033424,0.004569,1.659857,0.004094,0.028254,0.131402,0.029706,0.0,0.0001,,,,,0,none
305,273319,72.1105,184.7081,410,0,0,1,0,2.9708,2.083,collision,2485.0,-0.176342,0.407765,-0.881429,0.751858,4.947673,1.1097,0.949012,5.992241,0.385665,0.394679,-0.62906,1.0,,,,,,,,,,,,,,0,none
306,274515,297.7709,207.2359,1196,0,0,1,0,1.1813,2.188,collision,2495.8,-0.014349,0.3572,-0.812238,0.832371,5.07302,0.947958,0.634723,5.994769,0.384157,0.405083,-0.742204,1.003847,,,,,,,,,,,,,,0,none
307,275725,309.0943,231.2889,1210,0,0,1,0,1.1565,2.168,collision,2506.5,-0.017571,0.371331,-0.838942,0.822384,5.049442,0.968147,0.703124,5.990896,0.383594,0.403104,-0.694311,1.006189,,,,,,,,,,,,,,0,none
308,276148,78.6744,231.0909,423,0,0,1,0,2.9661,2.15,collision,2511.0,-0.074876,0.380454,-0.846472,0.831566,4.996861,1.030447,0.610536,5.982929,0.4056,0.396598,-0.493479,1.003443,0.030859,0.006116,1.660166,0.004082,0.039334,0.14069,0.014887,0.0,0.0001,,,,,0,none
309,277353,300.3638,231.3756,1205,0,0,1,0,1.1828,2.18,collision,2521.7,-0.012477,0.365513,-0.787073,0.85505,5.079287,0.926803,0.620187,5.989613,0.386702,0.406085,-0.711428,1.001502,,,,,,,,,,,,,,0,none
310,278548,303.5732,232.0728,1195,0,0,1,0,1.175,2.175,collision,2532.5,-0.021792,0.368091,-0.84987,0.830798,5.015669,0.975253,0.862686,5.988482,0.389581,0.406338,-0.756633,1.0,,,,,,,,,,,,,,0,none
311,279261,166.155,219.2564,713,0,0,1,0,2.2701,2.173,collision,2538.9,-0.037008,0.374444,-0.777906,0.800626,5.090868,0.875596,1.564435,5.994568,0.411452,0.40907,-0.555045,1.0,,,,,,,,,,,,,,0,none
312,279974,170.7328,228.5204,713,0,0,1,0,2.2601,2.169,collision,2546.0,-0.037635,0.3663,-0.824329,0.80358,5.082533,0.963338,0.785696,5.980531,0.410171,0.406938,-0.541777,1.004132,0.033034,0.005352,1.661215,0.00407,0.029269,0.117848,0.010251,0.0,0.0001,,,,,0,none
313,281147,301.8545,229.2154,1173,0,0,1,0,1.1483,2.16,collision,2556.4,-0.048666,0.3764,-0.873809,0.818346,4.98788,0.974161,0.264657,5.991542,0.385967,0.403462,-0.668638,1.0,,,,,,,,,,,,,,0,none
314,281564,78.9341,207.9264,417,0,0,1,0,2.9505,2.091,collision,2560.1,-0.147137,0.405182,-0.879316,0.817134,4.853221,1.12105,0.342322,5.9774,0.399534,0.393546,-0.562236,1.0,,,,,,,,,,,,,,0,none
315,282759,304.6219,231.1775,1195,0,0,1,0,1.139,2.188,collision,2570.6,0.008939,0.363145,-0.815299,0.801849,5.054667,0.962218,0.971301,5.98771,0.38877,0.40561,-0.665142,1.0,,,,,,,,,,,,,,0,none
316,283440,165.9018,217.9906,681,0,0,1,0,2.2067,2.158,collision,2577.5,-0.097341,0.368289,-0.853433,0.752572,5.000247,1.046463,0.268354,5.982558,0.413124,0.404638,-0.611671,1.0,0.026979,0.006926,1.661922,0.004058,0.035485,0.079658,0.012611,0.0,0.0001,,,,,0,none
317,284630,301.5425,217.2354,1190,0,0,1,0,1.1573,2.164,collision,2588.2,-0.009047,0.376417,-0.872055,0.800091,5.08863,0.937244,0.70447,5.994807,0.385692,0.403456,-0.682953,1.0,,,,,,,,,,,,,,0,none
318,285808,306.6339,240.0314,1178,0,0,1,0,1.1513,2.146,collision,2598.8,-0.054304,0.383832,-0.875442,0.831764,4.945532,1.020595,0.635932,5.986237,0.38718,0.402997,-0.685702,1.0,,,,,,,,,,,,,,0,none
319,286994,301.5348,240.1485,1186,0,0,1,0,1.1712,2.142,collision,2609.4,-0.059116,0.388525,-0.86918,0.838411,5.000479,1.005829,0.818695,5.994646,0.384862,0.404582,-0.740563,1.0,,,,,,,,,,,,,,0,none
320,287407,77.9833,217.5895,413,0,0,1,0,3.0166,2.093,collision,2614.0,-0.137805,0.40741,-0.871088,0.778721,4.958827,1.071652,1.035562,5.992129,0.405251,0.39723,-0.446273,1.005962,0.0343,0.004493,1.662335,0.004046,0.023497,0.07101,0.009273,0.0,0.0001,,,,,0,none
321,288596,300.747,231.0487,1189,0,0,1,0,1.1693,2.189,collision,2624.5,-0.027984,0.358506,-0.836272,0.848777,5.094816,0.939759,0.109604,5.988975,0.389315,0.407015,-0.70766,1.0,,,,,,,,,,,,,,0,none
322,289777,300.0683,243.9822,1181,0,0,1,0,1.183,2.14,collision,2635.0,-0.067405,0.390182,-0.866802,0.828624,5.021244,1.008658,0.544421,5.986755,0.386809,0.404712,-0.764344,1.0,,,,,,,,,,,,,,0,none
323,290968,303.2529,244.122,1191,0,0,1,0,1.161,2.187,collision,2645.6,-0.011314,0.363357,-0.867689,0.827339,5.107198,0.936057,0.668386,5.991353,0.386051,0.403865,-0.676503,1.000107,,,,,,,,,,,,,,0,none
324,292160,306.0655,266.8352,1192,0,0,1,0,1.1446,2.178,collision,2657.8,-0.010658,0.366747,-0.816552,0.824949,5.032513,1.005294,0.914963,5.988704,0.384557,0.403342,-0.640552,1.000673,0.014846,0.002472,1.662693,0.004034,0.015777,0.149893,0.007434,0.0,0.0001,,,,,0,none
325,292569,74.9552,243.8685,409,0,0,1,0,3.0298,2.076,collision,2661.5,-0.152759,0.413837,-0.872453,0.826622,4.795056,1.183757,0.353788,5.983221,0.397252,0.39568,-0.607181,1.004255,,,,,,,,,,,,,,0,none
326,292980,76.2394,234.9023,411,0,0,1,0,2.981,2.061,collision,2665.2,-0.133429,0.424986,-0.874614,0.778302,4.939069,1.099268,0.559857,5.993367,0.398352,0.393777,-0.489725,1.0,,,,,,,,,,,,,,0,none
327,293403,79.2645,212.6745,423,0,0,1,0,2.9527,2.202,collision,2669.0,-0.059913,0.353133,-0.843895,0.804033,5.047148,0.970244,0.748491,5.988023,0.406694,0.394408,-0.457386,1.007167,,,,,,,,,,,,,,0,none
328,293815,74.0376,189.4149,412,0,0,1,0,3.0503,2.092,collision,2673.1,-0.116936,0.414598,-0.860347,0.803992,4.930893,1.072789,0.383715,5.993828,0.399137,0.397093,-0.492726,1.009122,-0.003189,0.017315,1.662466,0.004022,0.071322,0.238519,0.074323,0.0,0.0001,,,,,0,none
329,294522,170.1893,176.2803,707,0,0,1,0,2.2581,2.16,collision,2679.5,-0.067604,0.372274,-0.834221,0.807652,5.045226,0.969509,0.634173,5.99522,0.413927,0.409408,-0.519206,1.0,,,,,,,,,,,,,,0,none
330,295713,305.2486,199.0068,1191,0,0,1,0,1.1478,2.159,collision,2689.9,-0.047166,0.376764,-0.881333,0.777382,5.011432,1.004868,0.415032,5.987727,0.383979,0.404741,-0.657472,1.0,,,,,,,,,,,,,,0,none
331,296887,297.9664,198.7288,1174,0,0,1,0,1.1663,2.157,collision,2700.5,-0.049036,0.382619,-0.85701,0.813643,5.033614,0.97613,0.347519,5.985808,0.386589,0.403686,-0.67028,1.0,,,,,,,,,,,,,,0,none
332,298075,301.3419,198.8561,1188,0,0,1,0,1.1509,2.186,collision,2711.9,-0.009368,0.365388,-0.831622,0.801421,5.063382,0.948869,0.572316,5.99121,0.383718,0.402861,-0.72289,1.0,0.034833,0.004917,1.662013,0.00401,0.038411,0.135702,0.051772,0.0,0.0001,,,,,0,none
333,299253,300.664,198.5973,1178,0,0,1,0,1.1835,2.16,collision,2722.4,-0.044987,0.376622,-0.881946,0.811934,5.032218,0.998893,0.788981,5.986871,0.387691,0.404285,-0.730759,1.0,,,,,,,,,,,,,,0,none
334,299964,161.972,184.1879,711,0,0,1,0,2.3065,2.16,collision,2729.1,0.028542,0.381483,-0.784926,0.858571,5.221813,0.823248,1.000589,5.976961,0.403453,0.406887,-0.712928,1.007015,,,,,,,,,,,,,,0,none
335,300679,166.8964,193.382,715,0,0,1,0,2.2719,2.125,collision,2735.7,-0.07364,0.398114,-0.882044,0.842083,5.008062,1.001766,0.919259,5.991716,0.403373,0.406743,-0.611903,1.0,,,,,,,,,,,,,,0,none
336,301086,75.084,193.2665,407,0,0,1,0,3.0147,2.09,collision,2739.8,-0.129196,0.408974,-0.885543,0.772573,4.969395,1.033279,0.395297,5.991275,0.400191,0.395244,-0.473947,1.000297,0.019757,0.00831,1.661169,0.003998,0.047507,0.143443,0.016986,0.0,0.0001,,,,,0,none
337,302254,300.1897,215.359,1168,0,0,1,0,1.1748,2.154,collision,2750.1,-0.068456,0.38036,-0.845127,0.800254,5.0463,0.992311,0.484103,5.996993,0.384398,0.402212,-0.74227,1.0,,,,,,,,,,,,,,0,none
338,302666,76.0828,215.5635,412,0,0,1,0,3.0404,2.065,collision,2753.7,-0.16044,0.414671,-0.877793,0.836555,5.003627,1.091821,0.668943,5.991867,0.401751,0.396728,-0.511832,1.005793,,,,,,,,,,,,,,0,none
339,302745,-29.6366,195.5809,79,0,0,1,0,3.8367,1.49,collision,2754.4,-0.702988,0.145155,-0.88834,-0.277026,4.217671,1.306021,0.263378,5.827734,0.271324,0.356919,-0.66152,1.0,,,,,,,,,,,,,,0,none
340,303918,300.1396,195.07,1173,0,0,1,0,1.166,2.185,collision,2765.4,-0.036905,0.361718,-0.827555,0.841765,5.082127,0.970744,0.479611,5.994727,0.389393,0.40463,-0.721013,1.0,0.010187,0.007325,1.660879,0.003986,0.037976,0.224075,0.015118,0.0,0.0001,,,,,0,none
341,305107,308.6674,196.1401,1189,0,0,1,0,1.1568,2.169,collision,2776.0,-0.040495,0.369804,-0.831635,0.825748,5.034337,0.994385,0.608121,5.989924,0.386992,0.405087,-0.711514,1.0,,,,,,,,,,,,,,0,none
342,306282,305.6865,196.5746,1175,0,0,1,0,1.1461,2.183,collision,2786.3,-0.036182,0.365986,-0.845107,0.878001,5.058612,0.958133,0.822895,5.992276,0.388778,0.404552,-0.664346,1.0,,,,,,,,,,,,,,0,none
343,306700,81.1346,174.6216,418,0,0,1,0,2.995,2.134,collision,2790.1,-0.094838,0.383449,-0.866626,0.741667,5.011857,1.061578,0.506891,5.986835,0.407769,0.396351,-0.413344,1.010844,,,,,,,,,,,,,,0,none
344,307406,167.5231,175.1768,706,0,0,1,0,2.2847,2.194,collision,2797.0,-0.015957,0.358255,-0.831954,0.796867,5.151664,0.913179,0.631534,5.992331,0.412432,0.406111,-0.575989,1.007441,0.024068,0.006971,1.661001,0.003974,0.031064,0.095103,0.007616,0.0,0.0001,,,,,0,none
345,308582,309.8849,189.4756,1176,0,0,1,0,1.1426,2.144,collision,2807.3,-0.063318,0.382092,-0.853348,0.779468,4.926973,1.045197,0.253247,5.993961,0.388271,0.405167,-0.666236,1.0,,,,,,,,,,,,,,0,none
346,308621,-40.7353,177.8937,39,0,0,1,0,3.8442,1.654,collision,2807.7,-0.599314,0.179351,-0.872255,-0.178272,3.889664,1.397811,0.430462,5.96249,0.221312,0.333197,-0.606529,1.0,,,,,,,,,,,,,,0,none
347,309817,310.0376,178.8785,1196,0,0,1,0,1.142,2.182,collision,2818.1,-0.005188,0.369633,-0.837691,0.805475,5.023417,0.944837,1.416237,5.991283,0.386751,0.402911,-0.661369,1.002921,,,,,,,,,,,,,,0,none
348,311020,310.8627,202.3564,1203,0,0,1,0,1.1406,2.177,collision,2829.5,0.002228,0.365188,-0.790776,0.805636,5.046906,0.987393,0.676094,5.989867,0.385191,0.403294,-0.687128,1.005841,0.054437,0.00436,1.661256,0.003962,0.018949,0.10784,0.016227,0.0,0.0001,,,,,0,none
349,311440,81.6988,213.49,420,0,0,1,0,2.9485,2.148,collision,2833.4,-0.072311,0.39109,-0.879091,0.76839,5.100499,0.875884,1.630617,5.991119,0.408082,0.394369,-0.441503,1.002677,,,,,,,,,,,,,,0,none
350,311859,80.8309,191.5591,419,0,0,1,0,2.9595,2.172,collision,2837.2,-0.0348,0.373643,-0.805845,0.827689,5.039515,0.912001,1.517254,5.976861,0.410696,0.394559,-0.444597,1.007115,,,,,,,,,,,,,,0,none
351,313038,304.4025,191.1326,1179,0,0,1,0,1.1474,2.157,collision,2847.8,-0.027642,0.375992,-0.837406,0.863105,4.934092,1.077443,0.527917,5.99201,0.384937,0.402323,-0.680505,1.0,,,,,,,,,,,,,,0,none
352,314231,302.585,190.8225,1193,0,0,1,0,1.1518,2.172,collision,2859.3,0.006709,0.372243,-0.839892,0.823113,5.025673,0.972118,0.715053,5.984231,0.383444,0.40288,-0.694975,1.0,0.033637,0.00767,1.661661,0.00395,0.031613,0.10634,0.008584,0.0,0.0001,,,,,0,none
353,314645,79.2406,190.6331,414,0,0,1,0,2.9797,2.175,collision,2863.0,-0.06144,0.365555,-0.833838,0.783401,4.955546,1.046483,0.407523,5.989092,0.409683,0.396119,-0.432398,1.009406,,,,,,,,,,,,,,0,none
354,315829,304.3266,204.3134,1184,0,0,1,0,1.156,2.158,collision,2873.6,-0.036084,0.372994,-0.853037,0.822153,4.906941,1.072074,0.374364,5.984514,0.390053,0.405782,-0.663564,1.0,,,,,,,,,,,,,,0,none
355,317025,304.5107,203.776,1196,0,0,1,0,1.1532,2.185,collision,2884.2,-0.006727,0.362338,-0.814352,0.805594,4.975717,1.002952,0.325106,5.993196,0.3861,0.403825,-0.638076,1.0,,,,,,,,,,,,,,0,none
356,317436,76.0034,215.4499,411,0,0,1,0,2.9591,2.079,collision,2888.7,-0.140381,0.413616,-0.888477,0.792068,4.901603,1.119484,1.024292,5.992063,0.395856,0.393352,-0.468751,1.0,0.025118,0.005898,1.662221,0.003938,0.035252,0.157205,0.007806,0.0,0.0001,,,,,0,none
357,318613,297.4443,214.1906,1177,0,0,1,0,1.1578,2.167,collision,2899.1,-0.015046,0.375858,-0.784359,0.844995,4.971867,1.01498,0.359297,5.992266,0.387257,0.4055,-0.743074,1.0,,,,,,,,,,,,,,0,none
358,319022,75.3842,190.6427,409,0,0,1,0,2.9585,2.074,collision,2902.8,-0.158029,0.408607,-0.857421,0.773785,4.793065,1.179584,0.247057,5.984105,0.392741,0.393783,-0.504893,1.0,,,,,,,,,,,,,,0,none
359,319727,168.99,199.3718,705,0,0,1,0,2.2681,2.159,collision,2909.2,-0.052074,0.370337,-0.878654,0.76952,5.007421,1.025636,0.7213,5.988571,0.410499,0.406477,-0.560731,1.0,,,,,,,,,,,,,,0,none
360,320137,76.9816,198.9869,410,0,0,1,0,2.9638,2.078,collision,2913.4,-0.143583,0.410955,-0.863243,0.722195,4.812454,1.162335,0.239835,5.986169,0.399242,0.393703,-0.497871,1.0,0.009559,0.009592,1.662567,0.003926,0.045751,0.194162,0.01055,0.0,0.0001,,,,,0,none
361,320854,166.6504,185.2117,717,0,0,1,0,2.2543,2.167,collision,2919.8,0.00564,0.374435,-0.817957,0.820836,5.080993,0.932092,0.833631,5.993903,0.4153,0.410608,-0.643218,1.0,,,,,,,,,,,,,,0,none
362,321273,80.136,162.9668,419,0,0,1,0,3.034,2.071,collision,2923.5,-0.153799,0.415138,-0.863465,0.756763,4.854573,1.122811,0.800109,5.983105,0.407843,0.397664,-0.488208,1.011594,,,,,,,,,,,,,,0,none
363,321688,77.2963,162.7724,415,0,0,1,0,2.9439,2.111,collision,2927.3,-0.106408,0.402044,-0.87124,0.723765,4.947708,1.037126,0.387402,5.980706,0.401004,0.394645,-0.460848,1.0,,,,,,,,,,,,,,0,none
364,322869,303.8271,162.7224,1181,0,0,1,0,1.1661,2.152,collision,2938.4,-0.040159,0.376017,-0.847561,0.791616,4.873164,1.091455,0.44025,5.994538,0.384481,0.401821,-0.742969,1.0,-0.017485,0.009001,1.662343,0.003914,0.052366,0.196433,0.018104,0.0,0.0001,,,,,0,none
365,323579,167.4924,149.0206,710,0,0,1,0,2.2601,2.198,collision,2944.9,-0.017649,0.352771,-0.818322,0.784003,5.050857,1.043005,0.617421,5.991982,0.414726,0.40801,-0.528418,1.003459,,,,,,,,,,,,,,0,none
366,324283,163.804,157.8006,704,0,0,1,0,2.3005,2.166,collision,2951.3,0.019707,0.375552,-0.806439,0.830146,5.065592,0.987536,0.442972,5.991331,0.40269,0.405124,-0.645741,1.007655,,,,,,,,,,,,,,0,none
367,324991,172.6369,145.3199,708,0,0,1,0,2.255,2.138,collision,2957.7,-0.079359,0.381507,-0.847676,0.8406,4.879481,1.102,0.31988,5.987719,0.415952,0.410324,-0.522527,1.0,,,,,,,,,,,,,,0,none
368,325397,73.9639,145.1779,406,0,0,1,0,2.9725,2.074,collision,2962.1,-0.140532,0.419005,-0.86976,0.761994,4.870684,1.092346,0.160121,5.987381,0.395435,0.397264,-0.447092,1.0,0.043664,0.008925,1.661784,0.003902,0.05703,0.183577,0.014761,0.0,0.0001,,,,,0,none
369,326108,163.8856,144.6674,711,0,0,1,0,2.2498,2.171,collision,2968.5,0.009542,0.369072,-0.815016,0.765624,5.074831,0.936579,0.86884,5.995233,0.410907,0.408039,-0.708834,1.0,,,,,,,,,,,,,,0,none
370,326142,-40.3499,132.9343,34,0,0,1,0,3.8252,1.48,collision,2968.9,-0.693485,0.161536,-0.88129,-0.258655,3.345698,1.392822,0.301382,5.870337,0.281561,0.375075,-0.351072,1.0,,,,,,,,,,,,,,0,none
371,326567,72.8035,123.5496,425,0,0,1,0,2.9882,2.151,collision,2972.8,0.065644,0.378805,-0.830139,0.853094,5.195129,0.882317,0.429701,5.982932,0.407268,0.399246,-0.692227,1.008166,,,,,,,,,,,,,,0,none
372,327747,299.7115,145.5071,1180,0,0,1,0,1.1836,2.183,collision,2983.7,-0.042498,0.362557,-0.867745,0.825967,4.994725,0.992113,0.762192,5.996937,0.389311,0.405384,-0.809074,1.0,-0.002186,0.010762,1.661938,0.00389,0.047264,0.162752,0.019955,0.0,0.0001,,,,,0,none
373,328909,298.0442,167.5819,1162,0,0,1,0,1.1577,2.17,collision,2993.9,-0.0275,0.377174,-0.807782,0.819544,5.023184,0.987305,0.755321,5.996594,0.380151,0.399789,-0.691167,1.0,,,,,,,,,,,,,,0,none
374,330088,298.8429,167.0835,1179,0,0,1,0,1.1758,2.165,collision,3004.6,-0.019565,0.374444,-0.882063,0.850584,5.020253,0.980285,0.149447,5.990103,0.390294,0.405663,-0.748238,1.0,,,,,,,,,,,,,,0,none
375,330505,75.2983,157.8641,417,0,0,1,0,3.0062,2.081,collision,3008.3,-0.162077,0.416112,-0.889145,0.805031,4.943861,1.055295,0.947156,5.986085,0.39561,0.394026,-0.66981,1.000839,,,,,,,,,,,,,,0,none
376,330919,77.4897,149.2327,414,0,0,1,0,3.0284,2.089,collision,3013.1,-0.158098,0.404786,-0.884168,0.773701,4.813791,1.17123,0.313651,5.994711,0.402875,0.395722,-0.589699,1.009678,0.019893,0.006687,1.662492,0.003878,0.036653,0.200155,0.016185,0.0,0.0001,,,,,0,none
377,331330,77.4293,139.7119,411,0,0,1,0,2.9591,2.121,collision,3016.8,-0.126313,0.392973,-0.881008,0.802363,5.012906,1.07878,0.789122,5.989234,0.404567,0.396501,-0.465378,1.0,,,,,,,,,,,,,,0,none
378,332036,168.6435,149.1799,706,0,0,1,0,2.2326,2.185,collision,3023.1,-0.009643,0.365381,-0.831218,0.778686,5.056857,0.961751,0.984834,5.993681,0.417467,0.408467,-0.531869,1.0,,,,,,,,,,,,,,0,none
379,333213,304.7089,163.2622,1177,0,0,1,0,1.1466,2.176,collision,3033.8,-0.021485,0.372156,-0.827836,0.82979,5.064132,0.926015,0.840737,5.991603,0.387963,0.404868,-0.632385,1.0,,,,,,,,,,,,,,0,none
380,333628,79.1021,175.2074,415,0,0,1,0,2.9782,2.134,collision,3038.1,-0.043474,0.391567,-0.817217,0.762451,5.128664,0.95984,0.929295,5.995768,0.411522,0.395893,-0.447285,1.004355,-0.002897,0.010188,1.662976,0.003866,0.048063,0.23555,0.009039,0.0,0.0001,,,,,0,none
381,334057,76.265,175.5535,429,0,0,1,0,2.9433,2.159,collision,3041.9,0.067934,0.382788,-0.78929,0.775293,5.241557,0.837124,1.625889,5.997051,0.4017,0.393925,-0.696378,1.002459,,,,,,,,,,,,,,0,none
382,334771,165.4241,162.1248,714,0,0,1,0,2.2712,2.171,collision,3048.0,0.019408,0.375432,-0.822312,0.791296,5.142426,0.924415,0.824832,5.990579,0.409054,0.408392,-0.726949,1.004039,,,,,,,,,,,,,,0,none
383,335187,78.2853,140.1489,416,0,0,1,0,2.9911,2.097,collision,3051.7,-0.122673,0.406467,-0.883668,0.752393,4.995967,1.070832,0.445785,5.993653,0.401981,0.394264,-0.498807,1.001326,,,,,,,,,,,,,,0,none
384,336365,297.5301,140.0176,1178,0,0,1,0,1.1877,2.156,collision,3062.6,-0.060723,0.383646,-0.880093,0.864504,5.023173,0.957805,0.346171,5.990949,0.386857,0.40621,-0.736408,1.0,0.018298,0.007493,1.663028,0.003854,0.046112,0.236928,0.006901,0.0,0.0001,,,,,0,none
385,337074,169.3152,149.4193,709,0,0,1,0,2.2412,2.114,collision,3069.1,-0.099298,0.402834,-0.874905,0.795018,4.932942,1.054324,0.783317,5.992023,0.410756,0.410434,-0.575621,1.0,,,,,,,,,,,,,,0,none
386,337484,72.6713,148.9375,410,0,0,1,0,3.0486,2.029,collision,3072.9,-0.197861,0.425059,-0.880797,0.831924,4.936356,1.11228,0.689841,5.989956,0.39523,0.396604,-0.69284,1.000484,,,,,,,,,,,,,,0,none
387,337901,78.079,149.0024,417,0,0,1,0,2.9794,2.147,collision,3076.7,-0.063497,0.378265,-0.854429,0.734473,5.025305,0.993418,0.797461,5.972852,0.40944,0.394715,-0.454152,1.004019,,,,,,,,,,,,,,0,none
388,338328,83.7512,140.5132,427,0,0,1,0,2.9533,2.146,collision,3081.1,-0.060047,0.386259,-0.805729,0.797866,5.090432,0.94986,0.972214,5.988174,0.405126,0.39181,-0.429984,1.008138,0.0005,0.014962,1.662955,0.003842,0.064565,0.192689,0.0297,0.0,0.0001,,,,,0,none
389,339506,304.2669,140.469,1178,0,0,1,0,1.1564,2.175,collision,3091.6,-0.032377,0.368086,-0.870829,0.829349,4.972288,1.015723,0.705877,5.990099,0.391698,0.406131,-0.687248,1.0,,,,,,,,,,,,,,0,none
390,339925,75.1558,140.0744,419,0,0,1,0,2.9744,2.206,collision,3095.5,0.0445,0.349785,-0.723808,0.820969,5.114883,0.905563,0.684094,5.985751,0.413738,0.399417,-0.605623,1.011313,,,,,,,,,,,,,,0,none
391,340623,169.016,149.3495,698,0,0,1,0,2.2858,2.172,collision,3101.6,-0.037733,0.369714,-0.81727,0.79861,5.059692,0.972687,0.610677,5.991433,0.41302,0.407459,-0.57372,1.001467,,,,,,,,,,,,,,0,none
392,341035,78.6877,140.6759,412,0,0,1,0,3.0085,2.082,collision,3106.0,-0.127293,0.403632,-0.868376,0.80484,4.928773,1.110572,0.28166,5.977303,0.408295,0.397724,-0.435978,1.003437,-0.016822,0.010635,1.662891,0.00383,0.060133,0.16048,0.033355,0.0,0.0001,,,,,0,none
393,342230,305.5923,163.4066,1195,0,0,1,0,1.1684,2.155,collision,3116.7,-0.03105,0.374795,-0.835735,0.805315,4.934896,1.039997,0.266043,5.992922,0.388663,0.406445,-0.721514,1.0,,,,,,,,,,,,,,0,none
394,342301,-30.8615,130.5674,71,0,0,1,0,3.8463,1.555,collision,3117.4,-0.686895,0.172885,-0.885655,-0.103389,4.282229,1.1587,1.050903,5.831681,0.266898,0.355354,-0.586291,1.0,,,,,,,,,,,,,,0,none
395,342719,79.3802,121.5739,418,0,0,1,0,2.9515,2.19,collision,3121.1,-0.02904,0.363243,-0.860514,0.790865,5.148194,0.876557,1.157239,5.990496,0.410722,0.396018,-0.433706,1.006132,,,,,,,,,,,,,,0,none
396,343905,304.2633,144.7331,1186,0,0,1,0,1.1567,2.139,collision,3132.4,-0.068909,0.390305,-0.88995,0.832002,4.91262,1.049056,0.500945,5.992794,0.385204,0.405554,-0.696125,1.0,0.014635,0.009162,1.66316,0.003818,0.035042,0.184254,0.02516,0.0,0.0001,,,,,0,none
397,345082,296.2516,166.5503,1177,0,0,1,0,1.184,2.147,collision,3143.2,-0.025579,0.382209,-0.838573,0.857683,4.885958,1.064846,0.399053,5.994746,0.390249,0.406278,-0.786023,1.0,,,,,,,,,,,,,,0,none
398,345492,78.0896,165.9842,410,0,0,1,0,2.9558,2.142,collision,3146.9,-0.074092,0.387633,-0.834526,0.810554,4.935732,0.978883,0.710216,5.979783,0.413012,0.399025,-0.443481,1.0,,,,,,,,,,,,,,0,none
399,346664,299.8848,165.546,1172,0,0,1,0,1.1603,2.16,collision,3157.2,-0.05835,0.373859,-0.849627,0.826385,4.882484,1.060234,0.796025,5.993946,0.389953,0.406218,-0.677818,1.0,,,,,,,,,,,,,,0,none
400,347843,296.5599,187.6864,1179,0,0,1,0,1.1948,2.156,collision,3167.9,-0.028434,0.380677,-0.866973,0.82191,4.945676,1.006712,0.38705,5.993608,0.389955,0.405336,-0.806563,1.0,0.030789,0.004617,1.664033,0.003806,0.027015,0.125115,0.016025,0.0,0.0001,,,,,0,none
401,348252,75.4124,178.326,409,0,0,1,0,3.0517,2.077,collision,3171.4,-0.158503,0.404627,-0.869976,0.743854,4.748755,1.209424,0.411547,5.984008,0.401935,0.397575,-0.503163,1.008998,,,,,,,,,,,,,,0,none
402,348951,170.2479,187.4821,699,0,0,1,0,2.2406,2.087,collision,3177.5,-0.115196,0.398552,-0.883947,0.7516,4.675065,1.227773,0.419254,5.986312,0.417186,0.409799,-0.498141,1.0,,,,,,,,,,,,,,0,none
403,350134,303.9905,187.3219,1183,0,0,1,0,1.1795,2.14,collision,3188.0,-0.060912,0.389704,-0.877747,0.83283,4.894657,1.063396,0.596739,5.988723,0.389829,0.406536,-0.776311,1.0,,,,,,,,,,,,,,0,none
404,351313,290.7019,219.4782,1179,0,0,1,0,1.1902,2.175,collision,3199.3,-0.015172,0.367962,-0.858827,0.86124,4.955018,1.012936,0.735252,5.988351,0.387854,0.405537,-0.734764,1.0,0.019626,0.005584,1.664814,0.003794,0.030684,0.186428,0.00987,0.0,0.0001,,,,,0,none
405,352031,173.0866,228.8489,718,0,0,1,0,2.2622,2.169,collision,3205.3,-0.037059,0.372309,-0.797845,0.840644,4.971412,1.037476,0.712153,5.984331,0.414359,0.407909,-0.570788,1.008165,,,,,,,,,,,,,,0,none
406,352438,73.3934,205.7619,407,0,0,1,0,3.0741,2.026,collision,3208.6,-0.183573,0.434023,-0.87538,0.722243,4.785119,1.162911,0.877573,5.99072,0.398017,0.399218,-0.651498,1.006402,,,,,,,,,,,,,,0,none
407,352844,74.1814,183.5549,406,0,0,1,0,2.9386,2.062,collision,3212.1,-0.134223,0.429299,-0.878921,0.761514,4.714442,1.20109,0.812227,5.991623,0.395914,0.396695,-0.459187,1.0,,,,,,,,,,,,,,0,none
408,353549,170.0348,192.7494,705,0,0,1,0,2.2661,2.098,collision,3218.8,-0.093788,0.409405,-0.875835,0.859334,4.857387,1.06857,0.368636,5.988614,0.411725,0.408049,-0.541807,1.0,-0.027174,0.013808,1.66562,0.003782,0.070874,0.206832,0.032384,0.0,0.0001,,,,,0,none
409,353952,71.3386,169.8947,403,0,0,1,0,3.0801,2.038,collision,3222.3,-0.192872,0.42047,-0.885957,0.787612,4.820243,1.138126,0.339174,5.99504,0.394576,0.400371,-0.622992,1.006365,,,,,,,,,,,,,,0,none
410,355145,299.8732,170.2261,1193,0,0,1,0,1.1891,2.132,collision,3232.7,-0.037247,0.395156,-0.879414,0.808078,4.986183,0.992942,0.133636,5.991413,0.388461,0.406724,-0.786597,1.0,,,,,,,,,,,,,,0,none
411,356327,303.0821,192.993,1182,0,0,1,0,1.1702,2.149,collision,3242.8,-0.0318,0.384101,-0.841575,0.798405,4.926064,1.041753,1.101747,5.99417,0.387433,0.404623,-0.72603,1.0,,,,,,,,,,,,,,0,none
412,357505,304.2528,206.3935,1178,0,0,1,0,1.1716,2.138,collision,3253.8,-0.072721,0.385995,-0.884122,0.801977,4.902182,1.0698,0.054585,5.979945,0.38912,0.405124,-0.76764,1.0,0.035884,0.004565,1.666569,0.00377,0.033772,0.070016,0.030769,0.0,0.0001,,,,,0,none
413,358688,305.0404,206.4985,1183,0,0,1,0,1.167,2.158,collision,3264.1,-0.047879,0.3755,-0.860447,0.794349,4.921616,1.054871,0.182263,5.992889,0.389194,0.404823,-0.728073,1.0,,,,,,,,,,,,,,0,none
414,359395,171.6135,194.5897,707,0,0,1,0,2.2479,2.125,collision,3270.3,-0.084993,0.388074,-0.856674,0.792841,4.943548,1.06057,0.495262,5.992051,0.416626,0.409308,-0.523143,1.0,,,,,,,,,,,,,,0,none
415,360569,302.1514,207.4961,1174,0,0,1,0,1.165,2.149,collision,3280.5,-0.053527,0.383183,-0.884835,0.8125,4.928273,1.048692,0.57201,5.991762,0.38726,0.4049,-0.7134,1.0,,,,,,,,,,,,,,0,none
416,361752,304.1165,230.5685,1183,0,0,1,0,1.1681,2.138,collision,3291.9,-0.044029,0.386905,-0.88489,0.846047,4.936753,1.051641,0.571947,5.987696,0.38598,0.403149,-0.757465,1.0,-0.010362,0.005548,1.667387,0.003758,0.027118,0.187463,0.02389,0.0,0.0001,,,,,0,none
417,362166,78.2936,230.9797,414,0,0,1,0,3.0263,2.072,collision,3295.6,-0.122778,0.42438,-0.876726,0.768876,4.803058,1.165204,0.816839,5.996576,0.404616,0.395867,-0.491661,1.00693,,,,,,,,,,,,,,0,none
418,363352,296.6247,243.6387,1186,0,0,1,0,1.1948,2.157,collision,3305.8,-0.021137,0.379318,-0.842484,0.834344,4.98739,1.026928,0.329302,5.989727,0.392625,0.408047,-0.791505,1.0,,,,,,,,,,,,,,0,none
419,364543,299.2003,266.4248,1191,0,0,1,0,1.1743,2.2,collision,3316.3,0.014223,0.35375,-0.795926,0.829827,5.041065,0.946108,0.232487,5.987547,0.386024,0.405279,-0.704445,1.004776,,,,,,,,,,,,,,0,none
420,364961,73.0688,243.7444,418,0,0,1,0,2.9939,2.156,collision,3321.0,0.06616,0.380126,-0.845864,0.800485,5.127242,0.888622,1.357991,5.966887,0.412878,0.399903,-0.684507,1.008787,0.037196,0.007206,1.668063,0.003746,0.037416,0.153822,0.014725,0.0,0.0001,,,,,0,none
421,366143,301.099,243.5461,1182,0,0,1,0,1.1756,2.138,collision,3331.4,-0.044399,0.385772,-0.888616,0.807752,4.901318,1.074838,0.478093,5.99563,0.390375,0.405975,-0.72395,1.0,,,,,,,,,,,,,,0,none
422,366850,166.4886,229.7697,707,0,0,1,0,2.2631,2.172,collision,3337.8,-0.001229,0.369531,-0.766313,0.814175,5.021756,1.003729,1.112616,5.984782,0.417355,0.409573,-0.525517,1.0,,,,,,,,,,,,,,0,none
423,368047,305.0891,229.7746,1197,0,0,1,0,1.1732,2.152,collision,3348.3,-0.042058,0.382921,-0.841761,0.808445,4.949208,0.996608,0.794996,5.995775,0.389155,0.406214,-0.773115,1.0,,,,,,,,,,,,,,0,none
424,369244,294.2608,242.0393,1197,0,0,1,0,1.1902,2.171,collision,3359.8,0.009337,0.371008,-0.825113,0.849865,4.99693,0.996759,0.37764,5.987163,0.384068,0.404924,-0.792698,1.0,-0.002375,0.003869,1.668669,0.003734,0.025185,0.174289,0.022486,0.0,0.0001,,,,,0,none
425,369948,170.0961,228.8337,704,0,0,1,0,2.263,2.169,collision,3366.0,-0.035967,0.369752,-0.836376,0.795343,4.973555,0.979372,0.676285,5.987925,0.412863,0.406659,-0.507292,1.001525,,,,,,,,,,,,,,0,none
426,370661,170.5555,215.4776,713,0,0,1,0,2.2656,2.14,collision,3372.2,-0.048743,0.383558,-0.880046,0.818538,4.930531,1.026069,0.552315,5.99119,0.413756,0.408064,-0.571112,1.0,,,,,,,,,,,,,,0,none
427,371865,304.1435,238.0626,1204,0,0,1,0,1.1552,2.194,collision,3382.9,0.010047,0.355826,-0.847097,0.805706,4.948022,1.036007,0.581641,5.994893,0.386394,0.405175,-0.642842,1.009728,,,,,,,,,,,,,,0,none
428,372273,73.2775,215.7279,408,0,0,1,0,2.9493,2.027,collision,3387.1,-0.162924,0.446497,-0.888838,0.782567,4.730341,1.17254,1.118658,5.995488,0.38636,0.39325,-0.639343,1.0,0.009955,0.007863,1.668704,0.003722,0.056041,0.344835,0.030537,0.0,0.0001,,,,,0,none
429,373470,308.1292,216.6208,1197,0,0,1,0,1.1378,2.137,collision,3397.6,-0.052523,0.391296,-0.885278,0.782324,4.811661,1.134759,0.399737,5.987041,0.383439,0.406114,-0.6658,1.0,,,,,,,,,,,,,,0,none
430,373886,80.6887,217.3828,416,0,0,1,0,2.9837,2.114,collision,3401.4,-0.083879,0.399614,-0.865456,0.792949,4.891329,1.115606,0.455488,5.978207,0.409288,0.394914,-0.412003,1.004526,,,,,,,,,,,,,,0,none
431,373944,-37.2395,183.549,58,0,0,1,0,3.8474,1.47,collision,3401.9,-0.730704,0.149959,-0.885154,0.025529,3.825712,1.532056,0.522785,5.740475,0.241403,0.347108,-0.699579,1.0,,,,,,,,,,,,,,0,none
432,375122,304.982,197.3983,1178,0,0,1,0,1.1509,2.15,collision,3412.8,-0.043368,0.378594,-0.888758,0.804189,4.851542,1.084967,0.408991,5.985181,0.387893,0.406115,-0.651752,1.0,0.029466,0.006229,1.668674,0.00371,0.032542,0.243736,0.022433,0.0,0.0001,,,,,0,none
433,375832,170.281,183.9175,710,0,0,1,0,2.2732,2.186,collision,3419.1,-0.001075,0.361425,-0.831057,0.832877,4.922564,1.06951,1.028035,5.985355,0.410967,0.407532,-0.544961,1.011084,,,,,,,,,,,,,,0,none
434,377018,304.3795,184.9293,1186,0,0,1,0,1.1705,2.167,collision,3429.5,-0.018788,0.372027,-0.82034,0.788136,4.88601,1.069453,0.912487,5.983147,0.392972,0.407311,-0.759744,1.0,,,,,,,,,,,,,,0,none
435,377427,78.7481,175.7945,409,0,0,1,0,3.0216,2.093,collision,3433.2,-0.128611,0.390746,-0.862378,0.759834,4.623922,1.23712,0.410733,5.979088,0.412675,0.399052,-0.400017,1.007913,,,,,,,,,,,,,,0,none
436,378591,301.8194,188.9209,1164,0,0,1,0,1.16,2.152,collision,3444.2,-0.036798,0.379362,-0.858297,0.827627,4.837941,1.092407,0.228029,5.984448,0.383988,0.401817,-0.709031,1.0,0.026252,0.006301,1.66836,0.003698,0.035474,0.145827,0.015113,0.0,0.0001,,,,,0,none
437,379304,172.0293,175.7095,713,0,0,1,0,2.2499,2.133,collision,3450.6,-0.04285,0.384206,-0.791633,0.846444,4.809669,1.117416,0.485931,5.979199,0.416885,0.409305,-0.532413,1.0,,,,,,,,,,,,,,0,none
438,379711,75.1634,175.8981,407,0,0,1,0,2.9821,2.069,collision,3454.2,-0.125599,0.419023,-0.885329,0.758816,4.758814,1.12695,0.528125,5.990432,0.403147,0.398434,-0.474312,1.0,,,,,,,,,,,,,,0,none
439,380897,305.3574,175.6209,1186,0,0,1,0,1.1418,2.153,collision,3464.6,-0.009583,0.381932,-0.842338,0.814922,4.834034,1.106046,0.435594,5.992005,0.386769,0.404007,-0.687516,1.0,,,,,,,,,,,,,,0,none
440,381302,74.3324,174.9853,405,0,0,1,0,2.9662,2.034,collision,3468.7,-0.183683,0.417586,-0.879821,0.805108,4.657032,1.234604,0.493719,5.994271,0.39381,0.397108,-0.615651,1.0,0.025863,0.009973,1.667756,0.003686,0.04238,0.167095,0.015116,0.0,0.0001,,,,,0,none
441,381715,78.5312,186.5624,413,0,0,1,0,2.9591,2.191,collision,3472.4,-0.010853,0.363645,-0.816659,0.82194,4.974866,0.924559,1.443208,5.991082,0.4171,0.398379,-0.432568,1.007187,,,,,,,,,,,,,,0,none
442,382118,76.6778,163.7319,403,0,0,1,0,3.0261,2.059,collision,3476.0,-0.149881,0.418099,-0.891249,0.767713,4.700083,1.170927,0.631121,5.987391,0.40732,0.399968,-0.502184,1.000473,,,,,,,,,,,,,,0,none
443,382822,169.9054,163.6944,704,0,0,1,0,2.295,2.153,collision,3482.2,-0.004201,0.378715,-0.82957,0.87545,4.866258,1.046221,0.498316,5.981402,0.417247,0.409374,-0.602208,1.000698,,,,,,,,,,,,,,0,none
444,384009,312.8264,164.5391,1187,0,0,1,0,1.1321,2.13,collision,3493.0,-0.063772,0.386071,-0.871698,0.796507,4.728963,1.127986,0.339328,5.98907,0.386376,0.405293,-0.662801,1.0,-0.011448,0.009099,1.66718,0.003674,0.054764,0.201786,0.014909,0.0,0.0001,,,,,0,none
445,385182,306.7174,187.336,1173,0,0,1,0,1.134,2.143,collision,3503.5,-0.013983,0.381245,-0.857464,0.871816,4.792954,1.132228,0.341375,5.978047,0.385654,0.403018,-0.683786,1.0,,,,,,,,,,,,,,0,none
446,385586,75.6597,164.72,404,0,0,1,0,2.9757,2.091,collision,3507.1,-0.132729,0.409343,-0.879793,0.748054,4.708013,1.188358,0.716861,5.984347,0.400457,0.3964,-0.459853,1.0,,,,,,,,,,,,,,0,none
447,386275,171.0701,164.6241,689,0,0,1,0,2.2171,2.111,collision,3513.2,-0.098752,0.381567,-0.832369,0.817347,4.645024,1.268685,0.12915,5.968069,0.416158,0.406344,-0.572457,1.0,,,,,,,,,,,,,,0,none
448,387461,312.9117,188.399,1186,0,0,1,0,1.1297,2.15,collision,3524.5,-0.044229,0.374195,-0.881385,0.826673,4.694798,1.156169,0.556607,5.991273,0.386416,0.404134,-0.690962,1.0,0.026756,0.007612,1.66691,0.003662,0.033698,0.233119,0.015512,0.0,0.0001,,,,,0,none
449,388164,171.8013,175.0433,703,0,0,1,0,2.2299,2.144,collision,3530.6,-0.030662,0.384588,-0.825764,0.805222,4.815326,1.091319,0.909006,5.986238,0.423751,0.411132,-0.634792,1.0,,,,,,,,,,,,,,0,none
450,388562,73.281,174.9382,398,0,0,1,0,3.048,2.038,collision,3534.2,-0.145488,0.42276,-0.868146,0.821531,4.485383,1.237798,0.580376,5.978456,0.397658,0.399387,-0.53969,1.0,,,,,,,,,,,,,,0,none
451,388964,76.7825,174.7633,402,0,0,1,0,3.0081,2.09,collision,3537.7,-0.131278,0.40358,-0.869289,0.783342,4.614519,1.134743,0.962269,5.969351,0.410829,0.402285,-0.404619,1.0,,,,,,,,,,,,,,0,none
452,389665,174.3119,184.5267,701,0,0,1,0,2.222,2.143,collision,3544.4,-0.063169,0.372386,-0.855861,0.828054,4.677933,1.134877,0.520019,5.989005,0.424216,0.41094,-0.468124,1.0,0.055388,0.008473,1.666213,0.00365,0.056814,0.295277,0.023525,0.0,0.0001,,,,,0,none
453,390845,314.2385,198.96,1180,0,0,1,0,1.1435,2.163,collision,3554.8,-0.033484,0.366117,-0.8548,0.784615,4.674861,1.171293,0.640559,5.979282,0.388764,0.403578,-0.678273,1.0,,,,,,,,,,,,,,0,none
454,391533,172.6965,184.947,688,0,0,1,0,2.2019,2.14,collision,3560.9,-0.079552,0.366741,-0.810177,0.828254,4.706581,1.211914,0.302319,5.980274,0.420287,0.407123,-0.49721,1.0,,,,,,,,,,,,,,0,none
455,392715,315.2537,185.8007,1182,0,0,1,0,1.1265,2.145,collision,3571.2,-0.0559,0.379339,-0.883119,0.83055,4.67289,1.178782,0.222313,5.989916,0.387797,0.405013,-0.618829,1.0,,,,,,,,,,,,,,0,none
456,393915,317.9843,210.0331,1200,0,0,1,0,1.1188,2.14,collision,3582.6,-0.02499,0.381427,-0.848117,0.841654,4.707346,1.152186,0.22886,5.98754,0.387686,0.405765,-0.695617,1.0,0.033438,0.002299,1.664979,0.003638,0.028101,0.133277,0.027957,0.0,0.0001,,,,,0,none
457,393981,-33.9706,189.5291,66,0,0,1,0,3.8512,1.535,collision,3583.2,-0.659874,0.18846,-0.882614,-0.063575,3.54114,1.510989,0.366246,5.829687,0.251193,0.348095,-0.673389,1.0,,,,,,,,,,,,,,0,none
458,394390,79.5956,166.1975,409,0,0,1,0,2.9489,2.144,collision,3586.9,-0.002668,0.381681,-0.850395,0.80042,4.798072,1.097062,0.900947,5.984287,0.419009,0.398359,-0.400579,1.000066,,,,,,,,,,,,,,0,none
459,394802,77.9478,156.8121,412,0,0,1,0,2.955,2.171,collision,3590.5,0.053598,0.368679,-0.824074,0.829697,4.939867,0.999547,0.434944,5.988328,0.418639,0.399863,-0.629833,1.004315,,,,,,,,,,,,,,0,none
460,395991,315.6246,181.0465,1189,0,0,1,0,1.1343,2.166,collision,3601.4,-0.008887,0.360926,-0.852266,0.781851,4.750036,1.154796,0.434427,5.984113,0.390547,0.405401,-0.667477,1.0,0.122707,0.006711,1.66435,0.003626,0.042842,0.194924,0.028453,0.0,0.0001,,,,,0,none
461,396399,78.7691,181.2451,408,0,0,1,0,3.0427,2.061,collision,3604.9,-0.153643,0.421826,-0.884279,0.791115,4.638486,1.160803,0.512945,5.959786,0.408293,0.398053,-0.584064,1.009971,,,,,,,,,,,,,,0,none
462,396808,81.2286,171.9368,409,0,0,1,0,2.9618,2.103,collision,3608.6,-0.1087,0.398052,-0.839803,0.732262,4.77911,1.108519,0.327488,5.987926,0.411981,0.397482,-0.409147,1.0,,,,,,,,,,,,,,0,none
463,397991,313.5527,171.8682,1183,0,0,1,0,1.1338,2.133,collision,3619.0,-0.053053,0.386827,-0.869531,0.820595,4.709461,1.162657,0.192064,5.973134,0.388258,0.405933,-0.651558,1.0,,,,,,,,,,,,,,0,none
464,398411,84.4288,163.0415,420,0,0,1,0,2.929,2.169,collision,3623.3,-0.034057,0.367133,-0.828004,0.787358,4.802947,1.128923,0.737474,5.984094,0.409599,0.393225,-0.417451,1.004738,-0.006602,0.010828,1.664185,0.003614,0.054258,0.110234,0.02033,0.0,0.0001,,,,,0,none
465,399597,311.7891,162.695,1186,0,0,1,0,1.1498,2.142,collision,3633.8,-0.039428,0.37916,-0.846808,0.837233,4.799443,1.108655,0.420601,5.991358,0.391299,0.406482,-0.700891,1.0,,,,,,,,,,,,,,0,none
466,400001,72.5516,138.1517,404,0,0,1,0,3.0899,2.011,collision,3637.4,-0.189461,0.430157,-0.886332,0.811776,4.598853,1.266084,0.686932,5.985793,0.397238,0.399736,-0.70643,1.00927,,,,,,,,,,,,,,0,none
467,400425,81.334,149.6822,424,0,0,1,0,2.949,2.173,collision,3641.2,0.040741,0.360614,-0.810429,0.804485,4.86463,1.121497,0.243519,5.995899,0.407434,0.394629,-0.605935,1.010344,,,,,,,,,,,,,,0,none
468,400830,77.46,149.4686,405,0,0,1,0,2.9429,2.055,collision,3645.3,-0.143977,0.422107,-0.882387,0.816736,4.66816,1.194858,0.093238,5.97627,0.403469,0.397918,-0.503847,1.0,0.007162,0.011339,1.663986,0.003602,0.052978,0.157191,0.024767,0.0,0.0001,,,,,0,none
469,400883,-37.2939,137.9445,53,0,0,1,0,3.8421,1.552,collision,3645.8,-0.683425,0.200976,-0.870181,0.128342,3.972251,1.277468,1.191978,5.820633,0.247126,0.346875,-0.649154,1.0,,,,,,,,,,,,,,0,none
470,402076,317.1972,138.1017,1193,0,0,1,0,1.1237,2.168,collision,3656.3,-0.008482,0.364638,-0.852419,0.831542,4.732533,1.139519,0.489192,5.988952,0.388578,0.40456,-0.661256,1.0,,,,,,,,,,,,,,0,none
471,402480,75.1033,137.7352,404,0,0,1,0,2.9439,2.055,collision,3659.9,-0.137095,0.414302,-0.88174,0.790671,4.651525,1.253777,0.432747,5.975546,0.39586,0.396738,-0.531852,1.0,,,,,,,,,,,,,,0,none
472,402890,75.5357,137.1659,410,0,0,1,0,3.007,2.141,collision,3664.0,0.022698,0.382066,-0.772777,0.822961,4.917852,1.037602,0.619736,5.996737,0.423576,0.405105,-0.639707,1.010675,-0.015523,0.010308,1.663413,0.00359,0.068946,0.394348,0.060858,0.0,0.0001,,,,,0,none
473,403300,81.3098,113.9416,410,0,0,1,0,2.9816,2.142,collision,3667.6,-0.047999,0.385379,-0.841388,0.775571,4.631821,1.150214,1.022569,5.983093,0.416187,0.398173,-0.3997,1.00862,,,,,,,,,,,,,,0,none
474,404001,174.135,122.9122,701,0,0,1,0,2.2497,2.181,collision,3673.9,-0.038776,0.351483,-0.821824,0.779123,4.86097,1.078432,0.45076,5.989951,0.421361,0.409407,-0.467328,1.002689,,,,,,,,,,,,,,0,none
475,404405,75.8816,99.3214,404,0,0,1,0,3.0745,2.02,collision,3677.5,-0.169325,0.422394,-0.884026,0.785236,4.538469,1.320129,0.476044,5.98026,0.406149,0.401075,-0.62739,1.009623,,,,,,,,,,,,,,0,none
476,404815,80.8941,100.1557,410,0,0,1,0,2.9362,2.168,collision,3681.6,-0.001997,0.360257,-0.812014,0.794977,4.815469,1.103046,0.403678,5.99413,0.415797,0.396615,-0.411863,1.001633,0.000417,0.014356,1.663186,0.003578,0.059656,0.108985,0.044834,0.0,0.0001,,,,,0,none
477,405507,172.7919,109.3015,692,0,0,1,0,2.2092,2.155,collision,3687.7,-0.066536,0.368527,-0.835599,0.80446,4.693732,1.177136,0.647851,5.992161,0.417729,0.405993,-0.481169,1.0,,,,,,,,,,,,,,0,none
478,406680,309.729,132.5284,1173,0,0,1,0,1.1263,2.149,collision,3698.1,-0.021455,0.369311,-0.838258,0.836253,4.695736,1.160955,0.186646,5.979248,0.386485,0.402655,-0.705333,1.0,,,,,,,,,,,,,,0,none
479,407079,75.2078,143.7785,399,0,0,1,0,3.0486,2.057,collision,3701.6,-0.137097,0.414387,-0.880771,0.744349,4.551015,1.196947,0.660518,5.987185,0.404334,0.398952,-0.476402,1.003721,,,,,,,,,,,,,,0,none
480,407481,73.3668,119.3955,402,0,0,1,0,3.0834,2.007,collision,3705.7,-0.184518,0.431658,-0.868204,0.758166,4.511415,1.277663,0.322488,5.980563,0.402258,0.40199,-0.71315,1.008196,-0.002501,0.010499,1.66298,0.003566,0.052224,0.204175,0.011628,0.0,0.0001,,,,,0,none
481,408179,171.433,129.0285,698,0,0,1,0,2.2547,2.097,collision,3711.9,-0.079101,0.395606,-0.885839,0.845124,4.700007,1.227991,0.485877,5.978693,0.414471,0.408025,-0.478751,1.0,,,,,,,,,,,,,,0,none
482,408863,171.2596,138.6009,684,0,0,1,0,2.1871,2.123,collision,3718.0,-0.097603,0.3845,-0.885492,0.770964,4.654136,1.181903,0.354883,5.972955,0.415819,0.406021,-0.626661,1.0,,,,,,,,,,,,,,0,none
483,409564,174.0284,147.8727,701,0,0,1,0,2.2632,2.178,collision,3724.2,-0.029386,0.362223,-0.799149,0.849579,4.76033,1.116834,0.758567,5.985463,0.418712,0.408414,-0.485927,1.007469,,,,,,,,,,,,,,0,none
484,409607,-41.0883,126.3504,43,0,0,1,0,3.8424,1.454,collision,3725.1,-0.696736,0.134631,-0.878051,-0.287539,3.424769,1.611917,0.209419,5.89716,0.226167,0.343087,-0.686747,1.0,0.034028,0.010566,1.663141,0.003554,0.051726,0.31199,0.023963,0.0,0.0001,,,,,0,none
485,410310,172.9276,136.055,703,0,0,1,0,2.2332,2.175,collision,3731.5,-0.022459,0.362505,-0.819553,0.834368,4.839784,1.077114,0.283186,5.987685,0.42241,0.410591,-0.522088,1.0,,,,,,,,,,,,,,0,none
486,411480,307.1736,158.6829,1170,0,0,1,0,1.1505,2.156,collision,3742.0,-0.02946,0.372938,-0.837182,0.838882,4.738908,1.132258,0.51352,5.987516,0.38971,0.404735,-0.756159,1.0,,,,,,,,,,,,,,0,none
487,411885,74.4201,148.8458,405,0,0,1,0,3.0591,2.043,collision,3745.6,-0.174346,0.429849,-0.869713,0.799285,4.707048,1.216244,0.742095,5.990185,0.402384,0.39973,-0.658741,1.006403,,,,,,,,,,,,,,0,none
488,412283,73.4978,125.2227,398,0,0,1,0,2.9821,2.029,collision,3750.0,-0.182211,0.417712,-0.882125,0.755014,4.546206,1.290551,0.232334,5.974957,0.394656,0.399328,-0.588391,1.0,0.007026,0.009427,1.663478,0.003542,0.049746,0.148081,0.012474,0.0,0.0001,,,,,0,none
489,413479,308.4063,148.5425,1196,0,0,1,0,1.1683,2.142,collision,3760.6,-0.029345,0.382854,-0.873689,0.860664,4.857959,1.125962,0.276847,5.991002,0.389906,0.407636,-0.730233,1.0,,,,,,,,,,,,,,0,none
490,414186,174.832,158.689,707,0,0,1,0,2.2512,2.144,collision,3767.0,-0.061743,0.376873,-0.847129,0.754214,4.804176,1.143979,0.613327,5.982192,0.419152,0.409857,-0.564622,1.0,,,,,,,,,,,,,,0,none
491,415363,308.2297,172.3687,1177,0,0,1,0,1.1419,2.154,collision,3777.3,-0.057028,0.378036,-0.848403,0.778516,4.798978,1.132106,0.345148,5.983913,0.388599,0.405744,-0.642145,1.0,,,,,,,,,,,,,,0,none
492,416048,167.0832,171.951,685,0,0,1,0,2.2179,2.121,collision,3784.0,-0.075332,0.393826,-0.867408,0.823046,4.812549,1.134042,0.806593,5.986631,0.415937,0.406212,-0.602039,1.0,0.025466,0.005735,1.66344,0.00353,0.030009,0.063173,0.011815,0.0,0.0001,,,,,0,none
493,416451,74.9044,162.0386,403,0,0,1,0,2.9579,2.02,collision,3787.6,-0.14808,0.444391,-0.87944,0.76913,4.690771,1.211428,0.21969,5.983659,0.395585,0.396227,-0.56733,1.0,,,,,,,,,,,,,,0,none
494,416851,75.5882,173.7063,400,0,0,1,0,3.027,2.057,collision,3791.2,-0.171116,0.411449,-0.889869,0.776026,4.724355,1.232246,0.483627,5.974061,0.403458,0.399745,-0.525122,1.0,,,,,,,,,,,,,,0,none
495,418026,305.3844,186.952,1175,0,0,1,0,1.1572,2.175,collision,3801.6,-0.005265,0.369185,-0.853998,0.810903,4.908952,1.018098,0.334768,5.982768,0.392413,0.406134,-0.704776,1.0,,,,,,,,,,,,,,0,none
496,419218,312.9927,187.5339,1192,0,0,1,0,1.1358,2.162,collision,3812.6,-0.006787,0.369164,-0.851477,0.815519,4.838418,1.053708,0.348855,5.989812,0.390211,0.405123,-0.636065,1.0,0.031521,0.006963,1.663437,0.003518,0.035737,0.094177,0.008791,0.0,0.0001,,,,,0,none
497,420388,308.8285,210.9747,1170,0,0,1,0,1.139,2.175,collision,3822.8,-0.028318,0.365011,-0.864036,0.808092,4.862906,1.079584,0.714592,5.986443,0.385925,0.401609,-0.656121,1.0,,,,,,,,,,,,,,0,none
498,421579,311.0851,234.7335,1191,0,0,1,0,1.1501,2.161,collision,3833.3,-0.039303,0.366755,-0.860234,0.794098,4.828945,1.102912,0.227428,5.989667,0.39001,0.407083,-0.694701,1.0,,,,,,,,,,,,,,0,none
499,421998,80.9674,211.9896,419,0,0,1,0,2.9408,2.146,collision,3837.0,-0.071549,0.378011,-0.851714,0.799163,4.934214,1.036014,0.633512,5.98044,0.408111,0.395093,-0.448798,1.0,,,,,,,,,,,,,,0,none
500,422409,76.9194,202.1983,411,0,0,1,0,2.9717,2.132,collision,3841.2,-0.044505,0.399784,-0.875249,0.858797,4.913642,1.059531,0.593763,5.981562,0.412271,0.399153,-0.467126,1.0,0.029998,0.007605,1.663286,0.003506,0.031184,0.129973,0.006301,0.0,0.0001,,,,,0,none
