global_step,episode,actor_loss,critic_loss,policy_entropy,entropy_coef,value_residual,grad_norm_actor,grad_norm_critic,grad_norm_rnn,lr_actor,lr_critic,alpha,alpha_loss,target_update_magnitude,recurrent_cell
1793,4,-0.031725,0.015339,1.998589,0.006742,0.067769,0.107262,0.055898,0.107055,3.7e-05,,,,,lstm
1793,4,-0.030224,0.015076,1.998589,0.006742,0.065839,0.080655,0.049726,0.081999,3.7e-05,,,,,lstm
1793,4,-0.029679,0.01483,1.998605,0.006742,0.06614,0.114419,0.042493,0.144245,3.7e-05,,,,,lstm
1793,4,-0.028903,0.014646,1.998635,0.006742,0.067824,0.08291,0.035664,0.101474,3.7e-05,,,,,lstm
5602,8,0.075904,0.004572,1.998664,0.006726,0.027996,0.171517,0.0033,0.185712,4.9e-05,,,,,lstm
5602,8,-0.085679,0.005957,1.998685,0.006726,0.038366,0.127755,0.007622,0.087704,4.9e-05,,,,,lstm
5602,8,-0.038624,0.005919,1.998698,0.006726,0.043863,0.227374,0.008102,0.305903,4.9e-05,,,,,lstm
5602,8,0.046988,0.0052,1.998711,0.006726,0.033498,0.132255,0.016385,0.152837,4.9e-05,,,,,lstm
5602,8,-0.057971,0.006094,1.998739,0.006726,0.041536,0.136745,0.011758,0.166526,4.9e-05,,,,,lstm
5602,8,0.069924,0.005079,1.998762,0.006726,0.039682,0.08455,0.017153,0.069775,4.9e-05,,,,,lstm
5602,8,-0.086977,0.006792,1.998777,0.006726,0.046406,0.217643,0.010412,0.269042,4.9e-05,,,,,lstm
5602,8,0.104731,0.004119,1.998785,0.006726,0.033338,0.040685,0.019852,0.044326,4.9e-05,,,,,lstm
7390,12,-0.024646,0.013944,1.998794,0.00671,0.062359,0.094719,0.041814,0.081763,6.1e-05,,,,,lstm
7390,12,-0.024104,0.013931,1.998801,0.00671,0.062425,0.093381,0.041826,0.080457,6.1e-05,,,,,lstm
7390,12,-0.023526,0.01389,1.998804,0.00671,0.062642,0.065708,0.041027,0.048985,6.1e-05,,,,,lstm
7390,12,-0.023695,0.013824,1.998803,0.00671,0.063075,0.132129,0.039378,0.158717,6.1e-05,,,,,lstm
12499,16,0.098222,0.003693,1.998801,0.006693,0.030835,0.07487,0.017507,0.086017,7.3e-05,,,,,lstm
12499,16,-0.022001,0.004653,1.998788,0.006693,0.03437,0.085537,0.017364,0.072927,7.3e-05,,,,,lstm
12499,16,-0.062358,0.004767,1.998786,0.006693,0.034211,0.079052,0.013163,0.077457,7.3e-05,,,,,lstm
12499,16,-0.095264,0.005033,1.998779,0.006693,0.037919,0.073966,0.014635,0.054564,7.3e-05,,,,,lstm
12499,16,0.04871,0.004493,1.998774,0.006693,0.035376,0.067601,0.019989,0.050154,7.3e-05,,,,,lstm
12499,16,0.181171,0.002733,1.998777,0.006693,0.031235,0.127954,0.027953,0.131901,7.3e-05,,,,,lstm
12499,16,-0.011965,0.003288,1.998769,0.006693,0.033727,0.13595,0.019254,0.118521,7.3e-05,,,,,lstm
12499,16,-0.029654,0.00582,1.998771,0.006693,0.036548,0.114611,0.013131,0.089281,7.3e-05,,,,,lstm
12499,16,0.172914,0.003425,1.998779,0.006693,0.032839,0.170359,0.025981,0.085634,7.3e-05,,,,,lstm
12499,16,-0.071859,0.005203,1.998778,0.006693,0.035539,0.12366,0.009618,0.146762,7.3e-05,,,,,lstm
12499,16,0.02417,0.004099,1.998778,0.006693,0.031577,0.070636,0.015659,0.070848,7.3e-05,,,,,lstm
12499,16,0.183122,0.002628,1.998776,0.006693,0.024747,0.051236,0.021576,0.046287,7.3e-05,,,,,lstm
16718,20,0.034651,0.004962,1.998768,0.006677,0.033673,0.054505,0.006219,0.025969,8.5e-05,,,,,lstm
16718,20,-0.022222,0.006312,1.998789,0.006677,0.035408,0.08597,0.004584,0.073086,8.5e-05,,,,,lstm
16718,20,0.054686,0.001896,1.998807,0.006677,0.01863,0.09769,0.007852,0.075815,8.5e-05,,,,,lstm
16718,20,-0.006255,0.006305,1.998829,0.006677,0.033516,0.103585,0.002754,0.072582,8.5e-05,,,,,lstm
16718,20,0.026705,0.004767,1.998886,0.006677,0.030674,0.103976,0.006032,0.08559,8.5e-05,,,,,lstm
16718,20,-0.024666,0.003813,1.998924,0.006677,0.017193,0.125173,0.004062,0.144288,8.5e-05,,,,,lstm
16718,20,-0.041618,0.007401,1.998954,0.006677,0.037676,0.148067,0.010825,0.100637,8.5e-05,,,,,lstm
16718,20,0.066015,0.003884,1.998991,0.006677,0.024321,0.043367,0.004633,0.04578,8.5e-05,,,,,lstm
16718,20,-0.084989,0.003176,1.999033,0.006677,0.024042,0.296257,0.025332,0.351249,8.5e-05,,,,,lstm
16718,20,0.043636,0.004178,1.99903,0.006677,0.024743,0.092879,0.005682,0.109816,8.5e-05,,,,,lstm
16718,20,0.01079,0.006745,1.999027,0.006677,0.034372,0.12732,0.014665,0.16431,8.5e-05,,,,,lstm
16718,20,-0.465139,0.006253,1.999033,0.006677,0.049912,0.633937,0.041793,0.448467,8.5e-05,,,,,lstm
19900,24,0.025946,0.006634,1.999076,0.006661,0.036901,0.15493,0.013434,0.126283,9.7e-05,,,,,lstm
19900,24,-0.065026,0.010107,1.999123,0.006661,0.045971,0.196796,0.017054,0.164541,9.7e-05,,,,,lstm
19900,24,-0.017908,0.00824,1.999173,0.006661,0.04539,0.092058,0.008983,0.06793,9.7e-05,,,,,lstm
19900,24,0.017174,0.00753,1.999231,0.006661,0.040863,0.138944,0.004069,0.153491,9.7e-05,,,,,lstm
19900,24,-0.06151,0.008981,1.999284,0.006661,0.052889,0.07201,0.002991,0.048373,9.7e-05,,,,,lstm
19900,24,0.094238,0.007164,1.99934,0.006661,0.049034,0.143074,0.018984,0.113364,9.7e-05,,,,,lstm
19900,24,0.045883,0.008005,1.999393,0.006661,0.05076,0.172325,0.015187,0.138023,9.7e-05,,,,,lstm
19900,24,-0.094768,0.00911,1.999445,0.006661,0.059552,0.212436,0.004888,0.193654,9.7e-05,,,,,lstm
21431,28,-0.030053,0.012892,1.999508,0.006645,0.062406,0.191284,0.040383,0.18494,0.0001,,,,,lstm
21431,28,-0.027426,0.012935,1.999588,0.006645,0.061929,0.145423,0.04355,0.098139,0.0001,,,,,lstm
21431,28,-0.029029,0.012969,1.999685,0.006645,0.061796,0.246682,0.045924,0.325455,0.0001,,,,,lstm
21431,28,-0.030425,0.012907,1.999795,0.006645,0.061655,0.290313,0.045719,0.373131,0.0001,,,,,lstm
24424,32,-0.015426,0.007332,1.999916,0.006629,0.039392,0.087177,0.011721,0.049353,0.0001,,,,,lstm
24424,32,-0.018422,0.00909,2.000018,0.006629,0.050981,0.112196,0.014683,0.110687,0.0001,,,,,lstm
24424,32,0.116119,0.004372,2.000129,0.006629,0.032879,0.055254,0.006059,0.056884,0.0001,,,,,lstm
24424,32,-0.30224,0.01538,2.000228,0.006629,0.074363,0.526462,0.031875,0.562678,0.0001,,,,,lstm
24424,32,0.004968,0.008419,2.000343,0.006629,0.049137,0.184403,0.002516,0.18855,0.0001,,,,,lstm
24424,32,-0.060869,0.006923,2.000449,0.006629,0.050406,0.085146,0.01332,0.053695,0.0001,,,,,lstm
24424,32,0.002355,0.007682,2.000546,0.006629,0.051311,0.037099,0.01122,0.038544,0.0001,,,,,lstm
24424,32,-0.056386,0.008723,2.000629,0.006629,0.058398,0.098793,0.004,0.117808,0.0001,,,,,lstm
26529,36,-0.041667,0.010843,2.000715,0.006612,0.057097,0.102296,0.027189,0.079096,0.0001,,,,,lstm
26529,36,0.325429,0.017598,2.000791,0.006612,0.037307,0.314147,0.022313,0.178248,0.0001,,,,,lstm
26529,36,-0.041747,0.01136,2.000826,0.006612,0.062937,0.099368,0.016489,0.0721,0.0001,,,,,lstm
26529,36,0.275253,0.004094,2.000855,0.006612,0.037388,0.182988,0.027918,0.169819,0.0001,,,,,lstm
26529,36,-0.044285,0.011528,2.000884,0.006612,0.068175,0.140037,0.008099,0.122846,0.0001,,,,,lstm
26529,36,0.334555,0.00319,2.000908,0.006612,0.039942,0.260287,0.041673,0.165707,0.0001,,,,,lstm
26529,36,-0.019925,0.010941,2.000932,0.006612,0.064937,0.056998,0.005855,0.03962,0.0001,,,,,lstm
26529,36,-0.250101,0.015333,2.000948,0.006612,0.093683,0.581695,0.051793,0.336818,0.0001,,,,,lstm
28825,40,0.020254,0.00924,2.000964,0.006596,0.051881,0.102213,0.01221,0.076146,0.0001,,,,,lstm
28825,40,-0.19933,0.012662,2.000998,0.006596,0.070145,0.287756,0.041942,0.153168,0.0001,,,,,lstm
28825,40,0.045299,0.009062,2.001051,0.006596,0.047749,0.126079,0.014688,0.110582,0.0001,,,,,lstm
28825,40,-0.395655,0.012748,2.001113,0.006596,0.079858,0.209561,0.067198,0.154589,0.0001,,,,,lstm
28825,40,-0.035881,0.009753,2.001189,0.006596,0.055422,0.298909,0.022158,0.179819,0.0001,,,,,lstm
28825,40,0.220033,0.006131,2.001276,0.006596,0.032542,0.182398,0.013987,0.143618,0.0001,,,,,lstm
28825,40,-0.031937,0.010069,2.001352,0.006596,0.060872,0.364557,0.010119,0.280764,0.0001,,,,,lstm
28825,40,0.175236,0.004159,2.001443,0.006596,0.047752,0.253555,0.023793,0.170982,0.0001,,,,,lstm
34349,44,0.004925,0.003817,2.001522,0.00658,0.040431,0.095814,0.027402,0.083307,0.0001,,,,,lstm
34349,44,-0.028242,0.005244,2.001579,0.00658,0.050829,0.090771,0.028506,0.111133,0.0001,,,,,lstm
34349,44,0.067517,0.005148,2.001636,0.00658,0.050722,0.090077,0.035837,0.085999,0.0001,,,,,lstm
34349,44,-0.042132,0.00597,2.001686,0.00658,0.052715,0.10871,0.032574,0.113136,0.0001,,,,,lstm
34349,44,0.03156,0.004625,2.001726,0.00658,0.051312,0.094327,0.038127,0.10458,0.0001,,,,,lstm
34349,44,0.047294,0.004873,2.001759,0.00658,0.052952,0.290107,0.036717,0.329821,0.0001,,,,,lstm
34349,44,0.031466,0.004467,2.001786,0.00658,0.0445,0.127117,0.02992,0.106375,0.0001,,,,,lstm
34349,44,0.036341,0.003373,2.001798,0.00658,0.037608,0.066541,0.024932,0.056251,0.0001,,,,,lstm
34349,44,-0.061981,0.005661,2.001807,0.00658,0.038509,0.159838,0.010375,0.170898,0.0001,,,,,lstm
34349,44,-0.038961,0.005345,2.001818,0.00658,0.035747,0.114051,0.010262,0.152414,0.0001,,,,,lstm
34349,44,0.072633,0.002614,2.001831,0.00658,0.021704,0.068348,0.007858,0.069577,0.0001,,,,,lstm
34349,44,-0.014719,0.002514,2.001833,0.00658,0.021619,0.060682,0.005959,0.060127,0.0001,,,,,lstm
39439,48,0.02218,0.004272,2.001831,0.006564,0.035952,0.111906,0.022515,0.121136,0.0001,,,,,lstm
39439,48,0.015159,0.003146,2.001839,0.006564,0.03307,0.132223,0.020081,0.081509,0.0001,,,,,lstm
39439,48,-0.004609,0.004847,2.001862,0.006564,0.030518,0.110582,0.007554,0.104817,0.0001,,,,,lstm
39439,48,0.023507,0.003173,2.001882,0.006564,0.023944,0.154113,0.01405,0.154244,0.0001,,,,,lstm
39439,48,-0.029394,0.004424,2.001905,0.006564,0.030821,0.11518,0.00329,0.077216,0.0001,,,,,lstm
39439,48,0.085663,0.002519,2.001935,0.006564,0.017807,0.08711,0.004087,0.092138,0.0001,,,,,lstm
39439,48,-0.059781,0.003795,2.001971,0.006564,0.026234,0.076511,0.006979,0.079264,0.0001,,,,,lstm
39439,48,0.087633,0.002798,2.002025,0.006564,0.020221,0.082093,0.002397,0.070721,0.0001,,,,,lstm
39439,48,0.020294,0.004102,2.002074,0.006564,0.021857,0.161932,0.008772,0.183966,0.0001,,,,,lstm
39439,48,0.083398,0.002802,2.002134,0.006564,0.021192,0.112411,0.004622,0.056235,0.0001,,,,,lstm
39439,48,-0.035725,0.004493,2.002199,0.006564,0.028251,0.085444,0.008199,0.057792,0.0001,,,,,lstm
39439,48,-0.016678,0.003138,2.002278,0.006564,0.022589,0.06185,0.010744,0.047918,0.0001,,,,,lstm
43462,52,0.06214,0.005011,2.002348,0.006548,0.028824,0.102753,0.009404,0.078608,0.0001,,,,,lstm
43462,52,-0.061537,0.004191,2.002412,0.006548,0.033502,0.088858,0.003394,0.066468,0.0001,,,,,lstm
43462,52,0.002452,0.004632,2.002464,0.006548,0.032303,0.052031,0.006965,0.038124,0.0001,,,,,lstm
43462,52,-0.001269,0.004509,2.002507,0.006548,0.027392,0.124231,0.002676,0.098752,0.0001,,,,,lstm
43462,52,-0.034804,0.00459,2.002548,0.006548,0.030202,0.133151,0.003897,0.104962,0.0001,,,,,lstm
43462,52,0.038787,0.00423,2.002568,0.006548,0.024812,0.061463,0.002365,0.048668,0.0001,,,,,lstm
43462,52,0.066849,0.004719,2.002588,0.006548,0.026981,0.078595,0.008433,0.064803,0.0001,,,,,lstm
43462,52,-0.065913,0.003791,2.002587,0.006548,0.027633,0.033111,0.014592,0.049333,0.0001,,,,,lstm
46332,56,-0.022335,0.008844,2.002589,0.006531,0.04055,0.164085,0.020842,0.170919,0.0001,,,,,lstm
46332,56,0.017223,0.006314,2.002598,0.006531,0.034138,0.156851,0.019831,0.145897,0.0001,,,,,lstm
46332,56,-0.02366,0.007898,2.002611,0.006531,0.039794,0.136907,0.024317,0.076087,0.0001,,,,,lstm
46332,56,0.026469,0.008547,2.002635,0.006531,0.034118,0.259388,0.022116,0.181086,0.0001,,,,,lstm
46332,56,-0.029972,0.008471,2.002659,0.006531,0.040762,0.15376,0.026205,0.165742,0.0001,,,,,lstm
46332,56,0.041737,0.007111,2.002691,0.006531,0.033028,0.176384,0.015717,0.106702,0.0001,,,,,lstm
46332,56,0.013905,0.00781,2.002719,0.006531,0.037345,0.097982,0.014228,0.074949,0.0001,,,,,lstm
46332,56,-0.060207,0.008667,2.002753,0.006531,0.04986,0.153131,0.014697,0.155152,0.0001,,,,,lstm
49926,60,-0.028546,0.006194,2.002789,0.006515,0.034048,0.111393,0.008003,0.085585,0.0001,,,,,lstm
49926,60,0.056322,0.002918,2.002818,0.006515,0.032405,0.080696,0.016279,0.083549,0.0001,,,,,lstm
49926,60,-0.016091,0.005644,2.002839,0.006515,0.040066,0.130837,0.013966,0.158572,0.0001,,,,,lstm
49926,60,0.041683,0.004251,2.002858,0.006515,0.037009,0.059615,0.020928,0.041739,0.0001,,,,,lstm
49926,60,0.09099,0.004316,2.002868,0.006515,0.037245,0.062454,0.022861,0.081866,0.0001,,,,,lstm
49926,60,-0.096515,0.00595,2.00287,0.006515,0.039827,0.131881,0.009622,0.144516,0.0001,,,,,lstm
49926,60,-0.007926,0.00578,2.002874,0.006515,0.037127,0.08793,0.009854,0.08634,0.0001,,,,,lstm
49926,60,0.033572,0.003328,2.002879,0.006515,0.027625,0.089168,0.011692,0.092803,0.0001,,,,,lstm
52483,64,0.01112,0.007067,2.002865,0.006499,0.042528,0.067029,0.007871,0.069087,0.0001,,,,,lstm
52483,64,-0.1091,0.009281,2.00285,0.006499,0.045034,0.268447,0.0245,0.307752,0.0001,,,,,lstm
52483,64,-0.004951,0.006996,2.002851,0.006499,0.041571,0.104309,0.014623,0.100921,0.0001,,,,,lstm
52483,64,-0.037776,0.009516,2.002864,0.006499,0.043378,0.169411,0.023899,0.121974,0.0001,,,,,lstm
52483,64,0.013863,0.006699,2.002845,0.006499,0.03787,0.148894,0.012642,0.136206,0.0001,,,,,lstm
52483,64,-0.108363,0.010948,2.002838,0.006499,0.059344,0.127357,0.020342,0.10431,0.0001,,,,,lstm
52483,64,-0.022765,0.007547,2.00284,0.006499,0.044114,0.090336,0.011545,0.079128,0.0001,,,,,lstm
52483,64,0.037027,0.008007,2.002853,0.006499,0.039877,0.053312,0.009853,0.05564,0.0001,,,,,lstm
57206,68,-0.136057,0.003223,2.002861,0.006483,0.02892,0.180731,0.010741,0.19124,0.0001,,,,,lstm
57206,68,0.111421,0.002887,2.002899,0.006483,0.026823,0.126091,0.021817,0.171667,0.0001,,,,,lstm
57206,68,0.082211,0.003623,2.002938,0.006483,0.034096,0.119751,0.023494,0.073445,0.0001,,,,,lstm
57206,68,-0.086538,0.003576,2.002932,0.006483,0.029699,0.219774,0.017531,0.26862,0.0001,,,,,lstm
57206,68,0.157399,0.003078,2.002939,0.006483,0.031811,0.298719,0.02959,0.416233,0.0001,,,,,lstm
57206,68,-0.238155,0.003853,2.00295,0.006483,0.031275,0.196142,0.004426,0.098599,0.0001,,,,,lstm
57206,68,0.061361,0.003382,2.003007,0.006483,0.025187,0.034522,0.011533,0.030375,0.0001,,,,,lstm
57206,68,-0.052365,0.002097,2.003056,0.006483,0.020771,0.159218,0.00317,0.088,0.0001,,,,,lstm
57206,68,-0.020381,0.00284,2.003129,0.006483,0.020615,0.287883,0.009167,0.385545,0.0001,,,,,lstm
57206,68,-0.007863,0.003013,2.003212,0.006483,0.019901,0.084649,0.00188,0.105321,0.0001,,,,,lstm
57206,68,0.050646,0.002155,2.003302,0.006483,0.021458,0.260313,0.004486,0.312375,0.0001,,,,,lstm
57206,68,-0.131098,0.002565,2.003388,0.006483,0.024939,0.194578,0.005999,0.128508,0.0001,,,,,lstm
63376,72,-0.004102,0.00297,2.003506,0.006467,0.025076,0.074361,0.0118,0.06092,0.0001,,,,,lstm
63376,72,-0.074864,0.003452,2.003611,0.006467,0.023098,0.167492,0.009785,0.208509,0.0001,,,,,lstm
63376,72,0.015081,0.002267,2.003716,0.006467,0.021271,0.060472,0.012901,0.072926,0.0001,,,,,lstm
63376,72,0.136785,0.002352,2.0038,0.006467,0.026415,0.649722,0.024075,0.958215,0.0001,,,,,lstm
63376,72,-0.00669,0.002536,2.003837,0.006467,0.02206,0.122028,0.008433,0.172047,0.0001,,,,,lstm
63376,72,0.072629,0.002647,2.003868,0.006467,0.021316,0.209544,0.009142,0.201078,0.0001,,,,,lstm
63376,72,-0.121368,0.002645,2.003888,0.006467,0.019671,0.096302,0.004182,0.057617,0.0001,,,,,lstm
63376,72,-0.073779,0.015172,2.003905,0.006467,0.014698,1.222395,0.006444,1.26535,0.0001,,,,,lstm
63376,72,-0.077947,0.003229,2.003877,0.006467,0.02449,0.242545,0.004776,0.333389,0.0001,,,,,lstm
63376,72,0.045089,0.002896,2.003847,0.006467,0.022581,0.220759,0.007872,0.280642,0.0001,,,,,lstm
63376,72,-0.043724,0.001603,2.003807,0.006467,0.021244,0.131704,0.012899,0.151386,0.0001,,,,,lstm
63376,72,0.670823,0.003921,2.003778,0.006467,0.025422,0.645382,0.021998,0.688374,0.0001,,,,,lstm
63376,72,-0.035817,0.001925,2.00371,0.006467,0.027385,0.119229,0.024734,0.129105,0.0001,,,,,lstm
63376,72,0.031844,0.002474,2.003642,0.006467,0.030498,0.436443,0.026725,0.636693,0.0001,,,,,lstm
63376,72,-0.062593,0.002961,2.003569,0.006467,0.031766,0.189343,0.028153,0.256795,0.0001,,,,,lstm
63376,72,0.249863,0.001267,2.003496,0.006467,0.016132,0.285008,0.016115,0.174963,0.0001,,,,,lstm
67024,76,-0.020961,0.00498,2.003353,0.00645,0.028866,0.131255,0.008365,0.082536,0.0001,,,,,lstm
67024,76,0.014675,0.004768,2.003228,0.00645,0.030392,0.077168,0.009341,0.066842,0.0001,,,,,lstm
67024,76,-0.080999,0.006403,2.003129,0.00645,0.037708,0.175636,0.009166,0.253507,0.0001,,,,,lstm
67024,76,0.089144,0.003614,2.00305,0.00645,0.027053,0.114086,0.01585,0.152283,0.0001,,,,,lstm
67024,76,-0.056111,0.00551,2.002975,0.00645,0.037163,0.142307,0.00564,0.207862,0.0001,,,,,lstm
67024,76,0.060963,0.00447,2.002912,0.00645,0.028508,0.110449,0.013131,0.074536,0.0001,,,,,lstm
67024,76,0.002667,0.005576,2.002872,0.00645,0.035012,0.057506,0.00867,0.045083,0.0001,,,,,lstm
67024,76,-0.011895,0.003945,2.002847,0.00645,0.028729,0.06554,0.006399,0.057074,0.0001,,,,,lstm
70920,80,0.033422,0.003822,2.002842,0.006434,0.029165,0.087819,0.007664,0.0944,0.0001,,,,,lstm
70920,80,-0.025805,0.00754,2.002833,0.006434,0.031917,0.088074,0.014423,0.046266,0.0001,,,,,lstm
70920,80,0.027235,0.005257,2.002848,0.006434,0.029999,0.073929,0.012116,0.03158,0.0001,,,,,lstm
70920,80,-0.017485,0.005948,2.002879,0.006434,0.031889,0.057317,0.013003,0.050145,0.0001,,,,,lstm
70920,80,0.032419,0.004137,2.002904,0.006434,0.024585,0.055933,0.011153,0.075213,0.0001,,,,,lstm
70920,80,-0.022598,0.007232,2.002928,0.006434,0.04019,0.082896,0.015385,0.067515,0.0001,,,,,lstm
70920,80,0.061224,0.004421,2.002963,0.006434,0.029934,0.117627,0.018148,0.152111,0.0001,,,,,lstm
70920,80,-0.053766,0.007021,2.002982,0.006434,0.037125,0.071522,0.010073,0.028617,0.0001,,,,,lstm
73948,84,-0.030859,0.009024,2.003023,0.006418,0.043519,0.090462,0.016108,0.046872,0.0001,,,,,lstm
73948,84,0.068499,0.005091,2.003043,0.006418,0.035822,0.044758,0.003852,0.030079,0.0001,,,,,lstm
73948,84,0.050761,0.00775,2.003067,0.006418,0.040373,0.059296,0.002536,0.050446,0.0001,,,,,lstm
73948,84,-0.09437,0.007767,2.003084,0.006418,0.051261,0.124375,0.012852,0.064597,0.0001,,,,,lstm
73948,84,0.047379,0.006675,2.003078,0.006418,0.043507,0.081949,0.008165,0.045205,0.0001,,,,,lstm
73948,84,-0.089529,0.010294,2.003056,0.006418,0.055518,0.126718,0.010824,0.111797,0.0001,,,,,lstm
73948,84,-0.030372,0.008615,2.003041,0.006418,0.053688,0.06784,0.00504,0.029309,0.0001,,,,,lstm
73948,84,0.069169,0.006687,2.003009,0.006418,0.044204,0.06841,0.014726,0.051362,0.0001,,,,,lstm
75232,88,-0.037601,0.012748,2.002977,0.006402,0.065614,0.149218,0.036153,0.131126,0.0001,,,,,lstm
75232,88,-0.037095,0.012661,2.002928,0.006402,0.066983,0.148101,0.032021,0.12737,0.0001,,,,,lstm
75232,88,-0.036074,0.012572,2.002865,0.006402,0.069515,0.144701,0.025345,0.117035,0.0001,,,,,lstm
75232,88,-0.036158,0.01256,2.002789,0.006402,0.073262,0.178958,0.017503,0.2144,0.0001,,,,,lstm
79479,92,0.020049,0.005296,2.002713,0.006386,0.041498,0.083895,0.018044,0.084888,0.0001,,,,,lstm
79479,92,-0.002523,0.005984,2.002636,0.006386,0.047238,0.139909,0.022939,0.191456,0.0001,,,,,lstm
79479,92,0.113294,0.003102,2.002558,0.006386,0.039777,0.133614,0.035681,0.099718,0.0001,,,,,lstm
79479,92,0.020761,0.006056,2.002494,0.006386,0.053457,0.104435,0.029267,0.081507,0.0001,,,,,lstm
79479,92,-0.010577,0.006294,2.002424,0.006386,0.049679,0.070415,0.02736,0.071264,0.0001,,,,,lstm
79479,92,0.202067,0.003131,2.002357,0.006386,0.039424,0.089851,0.039643,0.082166,0.0001,,,,,lstm
79479,92,-0.023321,0.007158,2.002288,0.006386,0.046834,0.140487,0.01948,0.094254,0.0001,,,,,lstm
79479,92,0.104472,0.003588,2.002198,0.006386,0.036418,0.065209,0.022875,0.078472,0.0001,,,,,lstm
79479,92,-0.590716,0.009316,2.002114,0.006386,0.057848,0.571407,0.078061,0.288937,0.0001,,,,,lstm
79479,92,0.050463,0.003927,2.002104,0.006386,0.028825,0.060746,0.006539,0.023955,0.0001,,,,,lstm
79479,92,0.019954,0.005003,2.002079,0.006386,0.027429,0.076063,0.004433,0.084158,0.0001,,,,,lstm
79479,92,-0.429241,0.014353,2.002057,0.006386,0.060128,0.203906,0.059079,0.139571,0.0001,,,,,lstm
82567,96,0.057116,0.005892,2.002059,0.006369,0.035012,0.158535,0.0031,0.131955,0.0001,,,,,lstm
82567,96,-0.114279,0.010146,2.002069,0.006369,0.049371,0.33455,0.020967,0.368812,0.0001,,,,,lstm
82567,96,-0.022751,0.00813,2.002078,0.006369,0.037426,0.183147,0.020035,0.1768,0.0001,,,,,lstm
82567,96,0.049496,0.005335,2.002092,0.006369,0.032598,0.134065,0.022802,0.09837,0.0001,,,,,lstm
82567,96,0.086456,0.005188,2.002114,0.006369,0.029414,0.221721,0.0206,0.172503,0.0001,,,,,lstm
82567,96,-0.161983,0.011106,2.00214,0.006369,0.053164,0.243255,0.047772,0.20781,0.0001,,,,,lstm
82567,96,-0.018788,0.008167,2.002188,0.006369,0.03863,0.191776,0.027988,0.151785,0.0001,,,,,lstm
82567,96,0.041426,0.005212,2.002245,0.006369,0.034463,0.212937,0.015649,0.143785,0.0001,,,,,lstm
84341,100,-0.021651,0.011271,2.002306,0.006353,0.057016,0.24754,0.029286,0.191999,0.0001,,,,,lstm
84341,100,-0.018623,0.011218,2.00236,0.006353,0.0624,0.17727,0.018004,0.10694,0.0001,,,,,lstm
84341,100,-0.019556,0.011341,2.002408,0.006353,0.068722,0.286642,0.006655,0.312084,0.0001,,,,,lstm
84341,100,-0.021426,0.011576,2.002456,0.006353,0.074408,0.360895,0.004724,0.376472,0.0001,,,,,lstm
87409,104,0.014695,0.008269,2.002504,0.006337,0.050526,0.110671,0.010941,0.087841,0.0001,,,,,lstm
87409,104,-0.040694,0.005817,2.002535,0.006337,0.057142,0.081265,0.010442,0.056141,0.0001,,,,,lstm
87409,104,0.015978,0.007328,2.002572,0.006337,0.058083,0.064254,0.020651,0.053158,0.0001,,,,,lstm
87409,104,-0.046398,0.008933,2.0026,0.006337,0.063896,0.418085,0.018565,0.347758,0.0001,,,,,lstm
87409,104,-0.007477,0.007518,2.002624,0.006337,0.061984,0.206495,0.022649,0.169525,0.0001,,,,,lstm
87409,104,0.002087,0.009077,2.002655,0.006337,0.06222,0.299961,0.021062,0.201947,0.0001,,,,,lstm
87409,104,-0.028496,0.007271,2.00266,0.006337,0.058654,0.069826,0.016228,0.075192,0.0001,,,,,lstm
87409,104,0.045387,0.008831,2.002663,0.006337,0.055637,0.112308,0.016579,0.088024,0.0001,,,,,lstm
89968,108,0.004603,0.005998,2.002655,0.006321,0.047304,0.13077,0.009665,0.151122,0.0001,,,,,lstm
89968,108,-0.080186,0.01179,2.002637,0.006321,0.054786,0.245355,0.015602,0.150395,0.0001,,,,,lstm
89968,108,4.5e-05,0.006963,2.002586,0.006321,0.04237,0.156281,0.003848,0.134291,0.0001,,,,,lstm
89968,108,-0.054978,0.007233,2.002523,0.006321,0.049621,0.25211,0.007186,0.371117,0.0001,,,,,lstm
89968,108,-0.031663,0.007996,2.002458,0.006321,0.044682,0.167829,0.012733,0.159041,0.0001,,,,,lstm
89968,108,0.06998,0.003657,2.002394,0.006321,0.031727,0.1687,0.007663,0.173054,0.0001,,,,,lstm
89968,108,-0.02407,0.007101,2.002332,0.006321,0.042302,0.123132,0.011164,0.149516,0.0001,,,,,lstm
89968,108,0.043284,0.007482,2.002273,0.006321,0.036984,0.154569,0.015981,0.163351,0.0001,,,,,lstm
91423,112,-0.031455,0.014324,2.002198,0.006305,0.065605,0.085674,0.036406,0.059941,0.0001,,,,,lstm
91423,112,-0.031327,0.014263,2.002115,0.006305,0.065788,0.085601,0.035751,0.058925,0.0001,,,,,lstm
91423,112,-0.031095,0.01417,2.002024,0.006305,0.066714,0.086448,0.033188,0.055675,0.0001,,,,,lstm
91423,112,-0.030907,0.014067,2.001926,0.006305,0.068365,0.082044,0.029019,0.051636,0.0001,,,,,lstm
93171,116,-0.029807,0.013629,2.001825,0.006288,0.066055,0.077238,0.032398,0.072989,0.0001,,,,,lstm
93171,116,-0.029655,0.013516,2.001741,0.006288,0.068572,0.076505,0.026657,0.070846,0.0001,,,,,lstm
93171,116,-0.029299,0.013432,2.001674,0.006288,0.071477,0.070934,0.0205,0.063298,0.0001,,,,,lstm
93171,116,-0.029254,0.013389,2.00162,0.006288,0.074626,0.132554,0.014356,0.12771,0.0001,,,,,lstm
95800,120,-0.028122,0.008263,2.001587,0.006272,0.054377,0.064429,0.011713,0.054361,0.0001,,,,,lstm
95800,120,0.055295,0.004251,2.001564,0.006272,0.053245,0.100482,0.025418,0.079405,0.0001,,,,,lstm
95800,120,-0.012168,0.006992,2.001538,0.006272,0.057672,0.06038,0.022682,0.049142,0.0001,,,,,lstm
95800,120,0.004897,0.00943,2.001516,0.006272,0.066442,0.103739,0.022599,0.039858,0.0001,,,,,lstm
95800,120,-0.044396,0.008396,2.001503,0.006272,0.063575,0.063842,0.021811,0.039001,0.0001,,,,,lstm
95800,120,0.113075,0.005224,2.001499,0.006272,0.056802,0.125107,0.0361,0.076014,0.0001,,,,,lstm
95800,120,0.07507,0.005587,2.00147,0.006272,0.055867,0.045405,0.032638,0.055582,0.0001,,,,,lstm
95800,120,-0.295728,0.014775,2.001443,0.006272,0.081441,0.12457,0.005709,0.092938,0.0001,,,,,lstm
97815,124,-0.023063,0.011116,2.001438,0.006256,0.067886,0.141132,0.006875,0.106704,0.0001,,,,,lstm
97815,124,-0.022643,0.011122,2.001438,0.006256,0.067666,0.140283,0.007134,0.106311,0.0001,,,,,lstm
97815,124,-0.021825,0.011137,2.001442,0.006256,0.067935,0.138253,0.006572,0.104956,0.0001,,,,,lstm
97815,124,-0.02105,0.011164,2.00145,0.006256,0.068587,0.051655,0.005432,0.033495,0.0001,,,,,lstm
101977,128,0.042821,0.005853,2.001461,0.00624,0.045787,0.091615,0.027779,0.093646,0.0001,,,,,lstm
101977,128,-0.023502,0.006248,2.001475,0.00624,0.0539,0.15338,0.025113,0.099001,0.0001,,,,,lstm
101977,128,0.092197,0.002903,2.001485,0.00624,0.036451,0.151385,0.035226,0.111746,0.0001,,,,,lstm
101977,128,0.021582,0.007489,2.001498,0.00624,0.055902,0.109846,0.030854,0.123849,0.0001,,,,,lstm
101977,128,0.008344,0.005095,2.00151,0.00624,0.046141,0.133002,0.027496,0.158736,0.0001,,,,,lstm
101977,128,-0.097021,0.00657,2.001517,0.00624,0.045855,0.632656,0.038109,0.390542,0.0001,,,,,lstm
101977,128,0.055689,0.006763,2.001492,0.00624,0.045061,0.164003,0.025333,0.195874,0.0001,,,,,lstm
101977,128,-0.019127,0.005096,2.001467,0.00624,0.038893,0.16247,0.015406,0.142159,0.0001,,,,,lstm
101977,128,-0.193713,0.002126,2.00145,0.00624,0.025388,0.515805,0.014685,0.428566,0.0001,,,,,lstm
101977,128,-0.032527,0.005903,2.0014,0.00624,0.035198,0.100006,0.013483,0.062931,0.0001,,,,,lstm
101977,128,0.09263,0.003108,2.001357,0.00624,0.021579,0.07272,0.005073,0.081775,0.0001,,,,,lstm
101977,128,-0.591733,0.020199,2.001323,0.00624,0.085027,0.891271,0.075252,0.508684,0.0001,,,,,lstm
105800,132,0.024932,0.004389,2.001279,0.006224,0.033621,0.107045,0.012113,0.08966,0.0001,,,,,lstm
105800,132,-0.027166,0.004945,2.001251,0.006224,0.032797,0.09017,0.0123,0.054981,0.0001,,,,,lstm
105800,132,-0.008608,0.00471,2.001227,0.006224,0.031038,0.132661,0.010946,0.120092,0.0001,,,,,lstm
105800,132,0.012606,0.004384,2.001207,0.006224,0.032662,0.149147,0.01115,0.175867,0.0001,,,,,lstm
105800,132,0.006133,0.003859,2.001195,0.006224,0.029959,0.064339,0.009362,0.05096,0.0001,,,,,lstm
105800,132,-0.005188,0.005239,2.001189,0.006224,0.031399,0.155203,0.013719,0.185881,0.0001,,,,,lstm
105800,132,0.032887,0.004264,2.001182,0.006224,0.027746,0.086024,0.011996,0.096997,0.0001,,,,,lstm
105800,132,-0.034964,0.004645,2.001178,0.006224,0.030981,0.124411,0.007705,0.153399,0.0001,,,,,lstm
107503,136,-0.024842,0.011514,2.001177,0.006207,0.058492,0.143971,0.025981,0.119916,0.0001,,,,,lstm
107503,136,-0.024648,0.011578,2.001173,0.006207,0.058166,0.14391,0.027101,0.120226,0.0001,,,,,lstm
107503,136,-0.023889,0.011615,2.00117,0.006207,0.058077,0.143245,0.027585,0.1201,0.0001,,,,,lstm
107503,136,-0.022669,0.011628,2.001166,0.006207,0.058198,0.126825,0.027471,0.103385,0.0001,,,,,lstm
111432,140,-0.066014,0.006717,2.001158,0.006191,0.03794,0.156582,0.008742,0.193289,0.0001,,,,,lstm
111432,140,0.083847,0.004264,2.001144,0.006191,0.03097,0.065915,0.012185,0.038056,0.0001,,,,,lstm
111432,140,0.010909,0.005703,2.001144,0.006191,0.031336,0.068433,0.010907,0.07715,0.0001,,,,,lstm
111432,140,0.00447,0.005155,2.001148,0.006191,0.034863,0.158722,0.008587,0.177662,0.0001,,,,,lstm
111432,140,-0.050011,0.00558,2.001143,0.006191,0.035306,0.123383,0.012355,0.128723,0.0001,,,,,lstm
111432,140,0.070675,0.005077,2.001131,0.006191,0.026679,0.103507,0.011233,0.135592,0.0001,,,,,lstm
111432,140,0.059676,0.00513,2.001132,0.006191,0.028935,0.14427,0.005751,0.152015,0.0001,,,,,lstm
111432,140,-0.046906,0.005478,2.001139,0.006191,0.032021,0.131898,0.014486,0.169828,0.0001,,,,,lstm
113989,144,-0.052289,0.008593,2.001157,0.006175,0.046473,0.1144,0.009171,0.073097,0.0001,,,,,lstm
113989,144,0.142613,0.00349,2.001183,0.006175,0.032621,0.143343,0.017474,0.076461,0.0001,,,,,lstm
113989,144,-0.035761,0.008696,2.001213,0.006175,0.049151,0.126946,0.002158,0.092273,0.0001,,,,,lstm
113989,144,0.080893,0.004012,2.001255,0.006175,0.040352,0.09781,0.012103,0.03989,0.0001,,,,,lstm
113989,144,0.021032,0.007483,2.001284,0.006175,0.047745,0.074283,0.007063,0.086542,0.0001,,,,,lstm
113989,144,-0.134476,0.009309,2.001323,0.006175,0.05688,0.254166,0.006261,0.124084,0.0001,,,,,lstm
113989,144,0.07915,0.005629,2.001371,0.006175,0.041727,0.206229,0.012629,0.192331,0.0001,,,,,lstm
113989,144,-0.367911,0.016518,2.001416,0.006175,0.078368,0.251087,0.036595,0.154858,0.0001,,,,,lstm
118067,148,0.002604,0.004828,2.001524,0.006159,0.034327,0.147216,0.008169,0.117076,0.0001,,,,,lstm
118067,148,0.014584,0.00586,2.001621,0.006159,0.031552,0.103845,0.005636,0.107227,0.0001,,,,,lstm
118067,148,0.276592,0.00224,2.001718,0.006159,0.022558,0.207164,0.022351,0.192034,0.0001,,,,,lstm
118067,148,0.088344,0.004358,2.001779,0.006159,0.028598,0.058432,0.011749,0.047382,0.0001,,,,,lstm
118067,148,-0.071767,0.006233,2.001837,0.006159,0.035092,0.173977,0.007056,0.168891,0.0001,,,,,lstm
118067,148,0.341705,0.001628,2.001897,0.006159,0.024068,0.285988,0.026562,0.284714,0.0001,,,,,lstm
118067,148,-0.018938,0.004959,2.001932,0.006159,0.031492,0.066117,0.005503,0.0457,0.0001,,,,,lstm
118067,148,0.039855,0.005533,2.001973,0.006159,0.027955,0.18543,0.006703,0.187951,0.0001,,,,,lstm
118067,148,0.186804,0.001289,2.002009,0.006159,0.009713,0.173381,0.010568,0.155248,0.0001,,,,,lstm
118067,148,0.058506,0.005085,2.002024,0.006159,0.02668,0.205692,0.003234,0.209122,0.0001,,,,,lstm
118067,148,-0.0364,0.005348,2.002037,0.006159,0.028678,0.096491,0.01209,0.077608,0.0001,,,,,lstm
118067,148,0.107135,0.000864,2.00206,0.006159,0.007789,0.114717,0.002273,0.122005,0.0001,,,,,lstm
123101,152,-0.022706,0.004412,2.002089,0.006143,0.026497,0.05904,0.008152,0.045559,0.0001,,,,,lstm
123101,152,-0.006568,0.003766,2.002114,0.006143,0.025809,0.114194,0.009002,0.142977,0.0001,,,,,lstm
123101,152,0.144332,0.002747,2.002132,0.006143,0.024992,0.054072,0.015061,0.052748,0.0001,,,,,lstm
123101,152,0.006674,0.003409,2.002147,0.006143,0.021865,0.106892,0.005898,0.105293,0.0001,,,,,lstm
123101,152,-0.01197,0.00408,2.002162,0.006143,0.027281,0.180637,0.003766,0.176957,0.0001,,,,,lstm
123101,152,0.09156,0.004115,2.002174,0.006143,0.022751,0.132482,0.00956,0.125549,0.0001,,,,,lstm
123101,152,-0.061898,0.004533,2.002191,0.006143,0.023122,0.056749,0.004141,0.034291,0.0001,,,,,lstm
123101,152,0.057285,0.003156,2.002214,0.006143,0.02445,0.139567,0.005651,0.191206,0.0001,,,,,lstm
123101,152,0.094494,0.003418,2.002235,0.006143,0.018159,0.066897,0.006894,0.049775,0.0001,,,,,lstm
123101,152,0.002322,0.003219,2.002248,0.006143,0.021147,0.099305,0.005936,0.085469,0.0001,,,,,lstm
123101,152,0.023996,0.003463,2.002253,0.006143,0.021283,0.05694,0.008344,0.043269,0.0001,,,,,lstm
123101,152,0.027747,0.004819,2.002259,0.006143,0.026314,0.289129,0.009978,0.398101,0.0001,,,,,lstm
127871,156,0.08224,0.002784,2.002242,0.006126,0.021056,0.061057,0.007772,0.034695,0.0001,,,,,lstm
127871,156,-0.065144,0.004625,2.002237,0.006126,0.025097,0.116958,0.01298,0.066584,0.0001,,,,,lstm
127871,156,-0.063108,0.002675,2.002239,0.006126,0.028062,0.202413,0.006326,0.235915,0.0001,,,,,lstm
127871,156,-0.050364,0.003334,2.00224,0.006126,0.022969,0.103475,0.009121,0.044957,0.0001,,,,,lstm
127871,156,0.049684,0.003881,2.002257,0.006126,0.021622,0.078796,0.005327,0.125982,0.0001,,,,,lstm
127871,156,-0.009317,0.003085,2.002268,0.006126,0.02872,0.319817,0.002191,0.500416,0.0001,,,,,lstm
127871,156,-0.037617,0.003799,2.002283,0.006126,0.024178,0.113402,0.0139,0.108994,0.0001,,,,,lstm
127871,156,-0.028105,0.003324,2.002303,0.006126,0.024819,0.266939,0.016277,0.429913,0.0001,,,,,lstm
127871,156,0.166247,0.001609,2.002331,0.006126,0.017364,0.245628,0.008718,0.386172,0.0001,,,,,lstm
127871,156,0.065509,0.003361,2.002354,0.006126,0.022169,0.240667,0.013088,0.381506,0.0001,,,,,lstm
127871,156,-0.06994,0.003556,2.002389,0.006126,0.026122,0.061149,0.014998,0.09587,0.0001,,,,,lstm
127871,156,-0.001669,0.002166,2.002423,0.006126,0.020359,0.134269,0.003731,0.129813,0.0001,,,,,lstm
133225,160,-0.025199,0.005547,2.002462,0.00611,0.028438,0.148113,0.005009,0.179029,0.0001,,,,,lstm
133225,160,0.024324,0.00325,2.002487,0.00611,0.023529,0.123131,0.010834,0.184838,0.0001,,,,,lstm
133225,160,0.083513,0.003678,2.00251,0.00611,0.02879,0.221252,0.018419,0.323519,0.0001,,,,,lstm
133225,160,0.088119,0.004293,2.002539,0.00611,0.025302,0.171241,0.016354,0.237209,0.0001,,,,,lstm
133225,160,-0.02147,0.003213,2.002567,0.00611,0.025345,0.163831,0.006108,0.246179,0.0001,,,,,lstm
133225,160,-0.019825,0.005851,2.002597,0.00611,0.029782,0.121502,0.011534,0.092912,0.0001,,,,,lstm
133225,160,0.066575,0.002414,2.002614,0.00611,0.023008,0.119895,0.002557,0.121554,0.0001,,,,,lstm
133225,160,0.025064,0.005042,2.002618,0.00611,0.022368,0.145628,0.00735,0.197312,0.0001,,,,,lstm
133225,160,-0.062444,0.004194,2.002616,0.00611,0.02524,0.155222,0.012649,0.213426,0.0001,,,,,lstm
133225,160,-0.02669,0.004837,2.002617,0.00611,0.027403,0.137005,0.009733,0.114328,0.0001,,,,,lstm
133225,160,0.101326,0.003453,2.002606,0.00611,0.0212,0.105004,0.002532,0.090974,0.0001,,,,,lstm
133225,160,-0.030827,0.002943,2.002589,0.00611,0.020861,0.108863,0.00282,0.077021,0.0001,,,,,lstm
138207,164,0.005952,0.007357,2.002589,0.006094,0.030732,0.102853,0.00372,0.157102,0.0001,,,,,lstm
138207,164,0.012561,0.002405,2.002601,0.006094,0.021861,0.040535,0.006849,0.055544,0.0001,,,,,lstm
138207,164,-0.022984,0.00319,2.002613,0.006094,0.022839,0.057562,0.009364,0.076672,0.0001,,,,,lstm
138207,164,0.053682,0.005784,2.002628,0.006094,0.028721,0.131755,0.012888,0.210358,0.0001,,,,,lstm
138207,164,-0.024002,0.0031,2.002642,0.006094,0.02411,0.166323,0.004603,0.220466,0.0001,,,,,lstm
138207,164,-0.048053,0.006023,2.002656,0.006094,0.029192,0.244561,0.00809,0.330639,0.0001,,,,,lstm
138207,164,0.068364,0.003787,2.002696,0.006094,0.021763,0.027802,0.004541,0.037012,0.0001,,,,,lstm
138207,164,0.017434,0.005247,2.00273,0.006094,0.026246,0.04551,0.007826,0.017227,0.0001,,,,,lstm
138207,164,-0.167292,0.004572,2.002771,0.006094,0.028935,0.114018,0.011714,0.083614,0.0001,,,,,lstm
138207,164,0.033672,0.002551,2.002816,0.006094,0.019819,0.108066,0.002174,0.134147,0.0001,,,,,lstm
138207,164,-0.018657,0.003858,2.002858,0.006094,0.024181,0.103216,0.010106,0.126327,0.0001,,,,,lstm
138207,164,-0.012787,0.010331,2.002904,0.006094,0.037561,0.136591,0.014795,0.169742,0.0001,,,,,lstm
140237,168,-0.019096,0.014426,2.002955,0.006078,0.0547,0.090618,0.043034,0.095652,0.0001,,,,,lstm
140237,168,-0.013274,0.001461,2.002998,0.006078,0.037431,0.032282,0.040909,0.044528,0.0001,,,,,lstm
140237,168,-0.01696,0.014322,2.003043,0.006078,0.056631,0.086679,0.035128,0.089223,0.0001,,,,,lstm
140237,168,-0.208542,0.002162,2.003081,0.006078,0.053201,0.115866,0.057202,0.086309,0.0001,,,,,lstm
140237,168,-0.019105,0.01421,2.00314,0.006078,0.064105,0.139077,0.020093,0.151728,0.0001,,,,,lstm
140237,168,0.047882,0.003574,2.003192,0.006078,0.014666,0.081464,0.008676,0.031063,0.0001,,,,,lstm
140237,168,-0.020227,0.014387,2.003256,0.006078,0.072684,0.087605,0.006271,0.096258,0.0001,,,,,lstm
140237,168,0.217211,0.002118,2.003313,0.006078,0.032146,0.134906,0.036228,0.120812,0.0001,,,,,lstm
143056,172,-0.069099,0.009759,2.003336,0.006062,0.051461,0.259974,0.015338,0.208418,0.0001,,,,,lstm
143056,172,0.151029,0.007897,2.003365,0.006062,0.034865,0.031877,0.019721,0.042169,0.0001,,,,,lstm
143056,172,-0.006989,0.008382,2.003387,0.006062,0.048502,0.157382,0.010709,0.167654,0.0001,,,,,lstm
143056,172,-0.004988,0.012399,2.00342,0.006062,0.06003,0.192196,0.021344,0.188597,0.0001,,,,,lstm
143056,172,-0.064623,0.011234,2.00346,0.006062,0.060052,0.224639,0.011816,0.213476,0.0001,,,,,lstm
143056,172,0.141153,0.006241,2.003515,0.006062,0.049937,0.17565,0.034596,0.197568,0.0001,,,,,lstm
143056,172,0.021743,0.008532,2.003558,0.006062,0.056724,0.116205,0.020878,0.119576,0.0001,,,,,lstm
143056,172,-0.078736,0.012815,2.003604,0.006062,0.0648,0.305531,0.017915,0.297641,0.0001,,,,,lstm
145923,176,0.016943,0.00911,2.003644,0.006045,0.045798,0.118382,0.005595,0.084316,0.0001,,,,,lstm
145923,176,-0.078911,0.008088,2.003684,0.006045,0.052259,0.254182,0.011471,0.162684,0.0001,,,,,lstm
145923,176,0.030213,0.00886,2.00374,0.006045,0.042991,0.097791,0.001555,0.07313,0.0001,,,,,lstm
145923,176,-0.105522,0.008032,2.003789,0.006045,0.052735,0.164759,0.017559,0.090608,0.0001,,,,,lstm
145923,176,-0.024947,0.008166,2.003865,0.006045,0.046047,0.176811,0.011418,0.193792,0.0001,,,,,lstm
145923,176,0.024107,0.009197,2.003943,0.006045,0.04134,0.172502,0.006216,0.1724,0.0001,,,,,lstm
145923,176,0.014311,0.006973,2.004017,0.006045,0.044006,0.098476,0.009146,0.113376,0.0001,,,,,lstm
145923,176,-0.070278,0.012272,2.004094,0.006045,0.046276,0.097748,0.014468,0.101952,0.0001,,,,,lstm
147959,180,-0.023478,0.012337,2.004166,0.006029,0.060668,0.124284,0.020142,0.107397,0.0001,,,,,lstm
147959,180,0.393695,0.002109,2.00422,0.006029,0.033329,0.156953,0.036576,0.10078,0.0001,,,,,lstm
147959,180,-0.002311,0.011964,2.004271,0.006029,0.058793,0.260485,0.017044,0.250288,0.0001,,,,,lstm
147959,180,-2.149199,0.042297,2.0043,0.006029,0.275185,2.005271,0.302779,1.948256,0.0001,,,,,lstm
147959,180,-0.020248,0.012274,2.004384,0.006029,0.063096,0.183785,0.015297,0.165661,0.0001,,,,,lstm
147959,180,0.285577,0.001584,2.004448,0.006029,0.027356,0.262271,0.031323,0.136973,0.0001,,,,,lstm
147959,180,-0.01393,0.011467,2.004485,0.006029,0.068416,0.156293,0.005786,0.151079,0.0001,,,,,lstm
147959,180,-4.895839,0.655261,2.004517,0.006029,0.623916,24.618735,0.739697,13.685996,0.0001,,,,,lstm
152155,184,-0.023716,0.007076,2.004518,0.006013,0.055329,0.135534,0.032802,0.100997,0.0001,,,,,lstm
152155,184,0.035492,0.006598,2.004494,0.006013,0.053125,0.053243,0.04179,0.037413,0.0001,,,,,lstm
152155,184,0.01244,0.01818,2.004476,0.006013,0.068077,0.77728,0.040537,0.336836,0.0001,,,,,lstm
152155,184,0.049778,0.007876,2.004479,0.006013,0.068717,0.203873,0.052843,0.195484,0.0001,,,,,lstm
152155,184,-0.061928,0.008146,2.004485,0.006013,0.070678,0.293586,0.048299,0.21589,0.0001,,,,,lstm
152155,184,0.316727,0.01767,2.004466,0.006013,0.070255,0.494922,0.060751,0.495024,0.0001,,,,,lstm
152155,184,-0.112404,0.007688,2.004417,0.006013,0.063085,0.322828,0.033372,0.257876,0.0001,,,,,lstm
152155,184,0.091083,0.005169,2.004368,0.006013,0.050784,0.315798,0.040129,0.390351,0.0001,,,,,lstm
152155,184,0.404016,0.016569,2.004308,0.006013,0.089055,1.419751,0.049554,2.062218,0.0001,,,,,lstm
152155,184,-0.008172,0.005685,2.004247,0.006013,0.04841,0.114058,0.023004,0.0802,0.0001,,,,,lstm
152155,184,0.053793,0.006044,2.004173,0.006013,0.042655,0.216686,0.025061,0.33491,0.0001,,,,,lstm
152155,184,-0.49545,0.010275,2.004102,0.006013,0.065394,0.487939,0.020707,0.482528,0.0001,,,,,lstm
154881,188,-0.023533,0.00768,2.004008,0.005997,0.051026,0.069083,0.012046,0.105774,0.0001,,,,,lstm
154881,188,0.031855,0.011772,2.003908,0.005997,0.058447,0.274736,0.030792,0.259515,0.0001,,,,,lstm
154881,188,-0.044399,0.009153,2.003787,0.005997,0.046858,0.11803,0.014468,0.104871,0.0001,,,,,lstm
154881,188,0.089166,0.005596,2.00367,0.005997,0.044185,0.317227,0.0113,0.455646,0.0001,,,,,lstm
154881,188,0.002344,0.007171,2.00355,0.005997,0.042218,0.186127,0.016746,0.213381,0.0001,,,,,lstm
154881,188,-0.040842,0.010969,2.003445,0.005997,0.05038,0.280009,0.026959,0.288248,0.0001,,,,,lstm
154881,188,-0.123568,0.010268,2.003338,0.005997,0.051088,0.188268,0.028069,0.24674,0.0001,,,,,lstm
154881,188,0.303421,0.002722,2.00325,0.005997,0.029866,0.217516,0.016752,0.195766,0.0001,,,,,lstm
159279,192,-0.09291,0.007028,2.003151,0.005981,0.046558,0.127449,0.003233,0.081867,0.0001,,,,,lstm
159279,192,0.079826,0.003847,2.003065,0.005981,0.034558,0.075357,0.016078,0.084666,0.0001,,,,,lstm
159279,192,0.050378,0.002704,2.002993,0.005981,0.026915,0.086559,0.013537,0.094662,0.0001,,,,,lstm
159279,192,-0.011058,0.005632,2.002942,0.005981,0.042399,0.103492,0.011323,0.08334,0.0001,,,,,lstm
159279,192,0.047728,0.004375,2.0029,0.005981,0.034614,0.062961,0.013156,0.067383,0.0001,,,,,lstm
159279,192,-0.255595,0.007463,2.002868,0.005981,0.0474,0.258192,0.021741,0.113304,0.0001,,,,,lstm
159279,192,-0.007702,0.00457,2.002839,0.005981,0.040191,0.166778,0.007481,0.19063,0.0001,,,,,lstm
159279,192,0.015242,0.005758,2.002824,0.005981,0.035047,0.134191,0.01055,0.12615,0.0001,,,,,lstm
159279,192,-0.075072,0.004276,2.002811,0.005981,0.040585,0.199773,0.004625,0.162118,0.0001,,,,,lstm
159279,192,0.014239,0.003219,2.002813,0.005981,0.032168,0.071563,0.009395,0.077175,0.0001,,,,,lstm
159279,192,-0.012902,0.006971,2.002815,0.005981,0.041207,0.197431,0.004219,0.175957,0.0001,,,,,lstm
159279,192,-0.027104,0.004193,2.002824,0.005981,0.034227,0.251635,0.005318,0.226953,0.0001,,,,,lstm
161183,196,-0.02347,0.012769,2.002841,0.005964,0.060464,0.080861,0.032104,0.05299,0.0001,,,,,lstm
161183,196,-0.023542,0.012745,2.002873,0.005964,0.060281,0.081308,0.032643,0.053187,0.0001,,,,,lstm
161183,196,-0.023527,0.012708,2.002919,0.005964,0.060379,0.081581,0.032401,0.053294,0.0001,,,,,lstm
161183,196,-0.023424,0.012658,2.002978,0.005964,0.060755,0.081703,0.031405,0.053319,0.0001,,,,,lstm
165374,200,0.025494,0.006171,2.003049,0.005948,0.042965,0.054519,0.014161,0.063379,0.0001,,,,,lstm
165374,200,0.006116,0.00503,2.00311,0.005948,0.03656,0.064199,0.010893,0.068645,0.0001,,,,,lstm
165374,200,-0.256979,0.002793,2.003158,0.005948,0.033519,0.56013,0.007409,0.331729,0.0001,,,,,lstm
165374,200,-0.013475,0.006914,2.003178,0.005948,0.043576,0.091966,0.0111,0.097272,0.0001,,,,,lstm
165374,200,0.031807,0.004561,2.003198,0.005948,0.042573,0.108208,0.01852,0.117903,0.0001,,,,,lstm
165374,200,-0.014517,0.001616,2.003202,0.005948,0.024853,0.192621,0.023961,0.111362,0.0001,,,,,lstm
165374,200,0.013271,0.007167,2.003217,0.005948,0.051105,0.076088,0.01909,0.075232,0.0001,,,,,lstm
165374,200,-0.000687,0.004549,2.003216,0.005948,0.043313,0.104913,0.022893,0.086205,0.0001,,,,,lstm
165374,200,0.104304,0.003437,2.003219,0.005948,0.034321,0.444906,0.03542,0.396555,0.0001,,,,,lstm
165374,200,0.0198,0.00678,2.003269,0.005948,0.04822,0.217081,0.020375,0.182778,0.0001,,,,,lstm
165374,200,0.016206,0.004657,2.003322,0.005948,0.042445,0.217891,0.01831,0.200549,0.0001,,,,,lstm
165374,200,-0.367506,0.004132,2.003363,0.005948,0.0425,0.244238,0.057194,0.183371,0.0001,,,,,lstm
169567,204,-0.052247,0.007047,2.003379,0.005932,0.050802,0.137088,0.036273,0.140078,0.0001,,,,,lstm
169567,204,0.038656,0.004656,2.0034,0.005932,0.041841,0.191686,0.04114,0.146173,0.0001,,,,,lstm
169567,204,0.303065,0.005747,2.00342,0.005932,0.059557,0.789969,0.094364,1.450916,0.0001,,,,,lstm
169567,204,0.015398,0.006024,2.003422,0.005932,0.044242,0.085506,0.042999,0.158148,0.0001,,,,,lstm
169567,204,-0.00205,0.004895,2.003432,0.005932,0.039302,0.232367,0.024669,0.231834,0.0001,,,,,lstm
169567,204,-0.100841,0.000851,2.003436,0.005932,0.008422,0.062372,0.001143,0.050696,0.0001,,,,,lstm
169567,204,-0.007814,0.005565,2.003435,0.005932,0.043077,0.295449,0.023461,0.317393,0.0001,,,,,lstm
169567,204,0.022257,0.003448,2.003433,0.005932,0.030392,0.297803,0.018245,0.32289,0.0001,,,,,lstm
169567,204,-0.119221,0.005094,2.003436,0.005932,0.040153,0.561692,0.037197,0.573925,0.0001,,,,,lstm
169567,204,0.03194,0.004977,2.003441,0.005932,0.040488,0.204105,0.023668,0.246877,0.0001,,,,,lstm
169567,204,0.000551,0.002746,2.003459,0.005932,0.038025,0.093801,0.023153,0.106078,0.0001,,,,,lstm
169567,204,-0.405398,0.027405,2.003476,0.005932,0.100563,0.757845,0.089303,0.472419,0.0001,,,,,lstm
173888,208,-0.052113,0.005735,2.003573,0.005916,0.042434,0.147321,0.031078,0.149082,0.0001,,,,,lstm
173888,208,0.054055,0.004265,2.003641,0.005916,0.034825,0.125956,0.021888,0.123381,0.0001,,,,,lstm
173888,208,-0.015592,0.011668,2.003692,0.005916,0.085939,0.617794,0.048678,0.657687,0.0001,,,,,lstm
173888,208,0.040139,0.006501,2.003677,0.005916,0.050128,0.089587,0.027395,0.176284,0.0001,,,,,lstm
173888,208,-0.025586,0.004232,2.003651,0.005916,0.035113,0.110643,0.0169,0.203294,0.0001,,,,,lstm
173888,208,-0.123139,0.004206,2.003623,0.005916,0.032527,0.228819,0.008687,0.183252,0.0001,,,,,lstm
173888,208,-0.079835,0.004961,2.003596,0.005916,0.039429,0.293413,0.008479,0.487623,0.0001,,,,,lstm
173888,208,0.056884,0.004824,2.003557,0.005916,0.037337,0.402379,0.013557,0.616658,0.0001,,,,,lstm
173888,208,0.177797,0.002529,2.003505,0.005916,0.033976,0.109664,0.02478,0.106848,0.0001,,,,,lstm
173888,208,-0.034846,0.00568,2.003437,0.005916,0.041779,0.124135,0.012438,0.149287,0.0001,,,,,lstm
173888,208,-0.02965,0.003995,2.003363,0.005916,0.03413,0.13397,0.01018,0.195054,0.0001,,,,,lstm
173888,208,0.520269,0.003207,2.003274,0.005916,0.034011,0.28465,0.042887,0.466467,0.0001,,,,,lstm
179503,212,-0.017205,0.004866,2.003161,0.0059,0.030744,0.09785,0.004314,0.079763,0.0001,,,,,lstm
179503,212,0.02795,0.004669,2.003045,0.0059,0.031472,0.110771,0.009122,0.15625,0.0001,,,,,lstm
179503,212,0.003184,0.002886,2.002935,0.0059,0.022588,0.200671,0.007521,0.309333,0.0001,,,,,lstm
179503,212,-0.036217,0.0035,2.002825,0.0059,0.025148,0.126022,0.012009,0.193159,0.0001,,,,,lstm
179503,212,0.010829,0.003042,2.002711,0.0059,0.023325,0.058269,0.010855,0.051726,0.0001,,,,,lstm
179503,212,0.052926,0.006514,2.002593,0.0059,0.035991,0.129766,0.008569,0.132233,0.0001,,,,,lstm
179503,212,-0.005446,0.004921,2.002487,0.0059,0.030776,0.357619,0.003943,0.547268,0.0001,,,,,lstm
179503,212,-0.011179,0.003271,2.002381,0.0059,0.025345,0.086607,0.005521,0.096696,0.0001,,,,,lstm
179503,212,0.039723,0.004644,2.002273,0.0059,0.027207,0.128945,0.003184,0.103863,0.0001,,,,,lstm
179503,212,0.009613,0.003591,2.002154,0.0059,0.025101,0.048732,0.006282,0.023399,0.0001,,,,,lstm
179503,212,-0.015243,0.004748,2.002035,0.0059,0.029351,0.052346,0.011572,0.056087,0.0001,,,,,lstm
179503,212,0.027579,0.004164,2.001918,0.0059,0.024115,0.062943,0.013464,0.067405,0.0001,,,,,lstm
184953,216,-0.000959,0.005508,2.001801,0.005883,0.031818,0.100413,0.012285,0.154926,0.0001,,,,,lstm
184953,216,-0.043429,0.004317,2.001704,0.005883,0.03053,0.1909,0.013321,0.116615,0.0001,,,,,lstm
184953,216,0.07919,0.002998,2.001614,0.005883,0.025047,0.098667,0.010505,0.11396,0.0001,,,,,lstm
184953,216,0.039916,0.005166,2.001545,0.005883,0.030746,0.130934,0.007974,0.188063,0.0001,,,,,lstm
184953,216,-0.039357,0.004336,2.001487,0.005883,0.032176,0.172928,0.008657,0.19932,0.0001,,,,,lstm
184953,216,0.016693,0.003554,2.001445,0.005883,0.024525,0.178705,0.003405,0.115711,0.0001,,,,,lstm
184953,216,-0.076485,0.004844,2.001412,0.005883,0.033596,0.146083,0.012936,0.169247,0.0001,,,,,lstm
184953,216,0.050343,0.004775,2.001392,0.005883,0.030168,0.081454,0.006841,0.107101,0.0001,,,,,lstm
184953,216,0.057767,0.003001,2.001383,0.005883,0.021755,0.128074,0.009071,0.133001,0.0001,,,,,lstm
184953,216,-0.079137,0.005003,2.001371,0.005883,0.034644,0.090076,0.019888,0.090221,0.0001,,,,,lstm
184953,216,-0.003623,0.003686,2.001371,0.005883,0.027532,0.099908,0.013447,0.081358,0.0001,,,,,lstm
184953,216,0.138422,0.004648,2.001377,0.005883,0.031463,0.171582,0.02782,0.196576,0.0001,,,,,lstm
188173,220,0.062071,0.006681,2.001373,0.005867,0.04178,0.174865,0.019492,0.131218,0.0001,,,,,lstm
188173,220,-0.124999,0.007577,2.001379,0.005867,0.045517,0.200921,0.023364,0.255063,0.0001,,,,,lstm
188173,220,0.028177,0.006815,2.001406,0.005867,0.044861,0.272742,0.026544,0.264951,0.0001,,,,,lstm
188173,220,-0.064614,0.007643,2.001445,0.005867,0.046282,0.173891,0.007037,0.212664,0.0001,,,,,lstm
188173,220,-0.068057,0.007932,2.001493,0.005867,0.054279,0.134773,0.015838,0.147349,0.0001,,,,,lstm
188173,220,0.105925,0.006247,2.001547,0.005867,0.04139,0.266113,0.03396,0.449883,0.0001,,,,,lstm
188173,220,0.038547,0.006343,2.001603,0.005867,0.047311,0.122297,0.025426,0.164284,0.0001,,,,,lstm
188173,220,-0.076957,0.008389,2.001657,0.005867,0.054924,0.147253,0.007671,0.14545,0.0001,,,,,lstm
191304,224,-0.002372,0.006456,2.001727,0.005851,0.039231,0.115246,0.012442,0.109907,0.0001,,,,,lstm
191304,224,-0.035954,0.008923,2.001781,0.005851,0.049484,0.211291,0.01758,0.193363,0.0001,,,,,lstm
191304,224,-0.051409,0.008491,2.001808,0.005851,0.049514,0.197794,0.015954,0.159612,0.0001,,,,,lstm
191304,224,0.05652,0.005328,2.001821,0.005851,0.041754,0.114079,0.01164,0.090292,0.0001,,,,,lstm
191304,224,0.048931,0.00593,2.001815,0.005851,0.046651,0.081611,0.014027,0.060746,0.0001,,,,,lstm
191304,224,-0.130581,0.010376,2.001799,0.005851,0.059829,0.107363,0.019755,0.209727,0.0001,,,,,lstm
191304,224,-0.0659,0.008503,2.001783,0.005851,0.058222,0.125237,0.012947,0.141199,0.0001,,,,,lstm
191304,224,0.085934,0.005816,2.001765,0.005851,0.047996,0.224671,0.025471,0.193679,0.0001,,,,,lstm
195497,228,0.005167,0.005918,2.001734,0.005835,0.039426,0.087443,0.017838,0.164771,0.0001,,,,,lstm
195497,228,0.00074,0.005975,2.001708,0.005835,0.04113,0.145353,0.004988,0.18765,0.0001,,,,,lstm
195497,228,-0.019027,0.001615,2.001684,0.005835,0.014526,0.210233,0.009551,0.370701,0.0001,,,,,lstm
195497,228,-0.017239,0.005926,2.001676,0.005835,0.038341,0.145555,0.013039,0.174747,0.0001,,,,,lstm
195497,228,0.067129,0.004524,2.001657,0.005835,0.032965,0.160942,0.007091,0.136011,0.0001,,,,,lstm
195497,228,-0.795082,0.025465,2.00164,0.005835,0.09899,0.546486,0.107571,0.322644,0.0001,,,,,lstm
195497,228,0.078201,0.006035,2.00166,0.005835,0.032559,0.110754,0.005209,0.092877,0.0001,,,,,lstm
195497,228,-0.085687,0.005494,2.001671,0.005835,0.036841,0.344199,0.024739,0.559036,0.0001,,,,,lstm
195497,228,0.211348,0.002571,2.00169,0.005835,0.026669,0.234181,0.014177,0.29769,0.0001,,,,,lstm
195497,228,-0.024892,0.006801,2.001707,0.005835,0.039262,0.114513,0.006669,0.131249,0.0001,,,,,lstm
195497,228,0.053272,0.004528,2.001709,0.005835,0.035668,0.117363,0.009237,0.152449,0.0001,,,,,lstm
195497,228,-0.430244,0.009282,2.00171,0.005835,0.057089,0.46915,0.083553,0.323312,0.0001,,,,,lstm
200944,232,0.043852,0.003747,2.00182,0.005819,0.030894,0.047947,0.019054,0.030646,0.0001,,,,,lstm
200944,232,-0.080553,0.004143,2.001915,0.005819,0.0387,0.175426,0.015223,0.152639,0.0001,,,,,lstm
200944,232,-0.033624,0.005243,2.002004,0.005819,0.041137,0.434812,0.0348,0.263062,0.0001,,,,,lstm
200944,232,-0.118076,0.00473,2.002102,0.005819,0.040778,0.340992,0.021039,0.335912,0.0001,,,,,lstm
200944,232,-0.003043,0.004347,2.00221,0.005819,0.038438,0.20793,0.024737,0.226763,0.0001,,,,,lstm
200944,232,0.091077,0.004192,2.002302,0.005819,0.034232,0.096999,0.035101,0.116633,0.0001,,,,,lstm
200944,232,0.087119,0.003937,2.002387,0.005819,0.031392,0.080245,0.024034,0.072294,0.0001,,,,,lstm
200944,232,-0.060822,0.004746,2.00246,0.005819,0.038534,0.092639,0.01106,0.130405,0.0001,,,,,lstm
200944,232,-0.118778,0.0028,2.002533,0.005819,0.019765,0.379908,0.005112,0.305677,0.0001,,,,,lstm
200944,232,0.059035,0.003374,2.002619,0.005819,0.0282,0.156732,0.01442,0.210737,0.0001,,,,,lstm
200944,232,0.004247,0.003726,2.0027,0.005819,0.029846,0.255112,0.007674,0.287511,0.0001,,,,,lstm
200944,232,-0.174579,0.004084,2.002767,0.005819,0.026816,0.209704,0.00844,0.160958,0.0001,,,,,lstm
203181,236,-0.064322,0.005321,2.002849,0.005802,0.041559,0.096443,0.009829,0.088899,0.0001,,,,,lstm
203181,236,0.303536,0.007018,2.00294,0.005802,0.043037,0.399055,0.041067,0.508187,0.0001,,,,,lstm
203181,236,-0.015959,0.005112,2.003049,0.005802,0.038627,0.095793,0.012866,0.105062,0.0001,,,,,lstm
203181,236,-0.139838,0.006397,2.003166,0.005802,0.052487,0.312853,0.045431,0.241721,0.0001,,,,,lstm
203181,236,-0.034748,0.004859,2.003285,0.005802,0.039668,0.187886,0.01674,0.262158,0.0001,,,,,lstm
203181,236,0.033144,0.006454,2.003406,0.005802,0.025697,0.198227,0.019538,0.189195,0.0001,,,,,lstm
203181,236,0.011874,0.00494,2.003516,0.005802,0.037153,0.167131,0.004336,0.218605,0.0001,,,,,lstm
203181,236,-0.414174,0.00545,2.003634,0.005802,0.05038,0.255988,0.020057,0.355132,0.0001,,,,,lstm
210317,240,-0.110997,0.003252,2.003787,0.005786,0.029175,0.171071,0.012799,0.147607,0.0001,,,,,lstm
210317,240,0.064971,0.003609,2.003921,0.005786,0.029207,0.059541,0.028325,0.075419,0.0001,,,,,lstm
210317,240,0.039032,0.003702,2.00403,0.005786,0.033981,0.199215,0.029028,0.182147,0.0001,,,,,lstm
210317,240,0.046753,0.003991,2.004126,0.005786,0.034244,0.227904,0.027814,0.180019,0.0001,,,,,lstm
210317,240,-0.001835,0.003527,2.004206,0.005786,0.032688,0.099218,0.016455,0.080021,0.0001,,,,,lstm
210317,240,0.076125,0.003779,2.004277,0.005786,0.030539,0.101605,0.02508,0.131467,0.0001,,,,,lstm
210317,240,-0.034755,0.003351,2.004334,0.005786,0.027158,0.107742,0.01323,0.097831,0.0001,,,,,lstm
210317,240,-0.047142,0.002308,2.004383,0.005786,0.022611,0.079017,0.008956,0.071863,0.0001,,,,,lstm
210317,240,-0.049345,0.002809,2.004419,0.005786,0.025489,0.090559,0.003357,0.053258,0.0001,,,,,lstm
210317,240,0.001463,0.002602,2.00445,0.005786,0.023385,0.121294,0.010624,0.120464,0.0001,,,,,lstm
210317,240,-0.056002,0.003846,2.004471,0.005786,0.031588,0.074204,0.01228,0.054536,0.0001,,,,,lstm
210317,240,0.242816,0.002618,2.004485,0.005786,0.025297,0.427488,0.017126,0.588823,0.0001,,,,,lstm
210317,240,0.05804,0.002752,2.004495,0.005786,0.026202,0.225366,0.014513,0.358731,0.0001,,,,,lstm
210317,240,0.003842,0.003349,2.004507,0.005786,0.03036,0.351356,0.023189,0.567663,0.0001,,,,,lstm
210317,240,-0.056188,0.00245,2.004502,0.005786,0.027566,0.140446,0.019125,0.20665,0.0001,,,,,lstm
210317,240,0.019208,0.003045,2.004493,0.005786,0.026376,0.262744,0.009032,0.219044,0.0001,,,,,lstm
216210,244,0.013026,0.00567,2.004462,0.00577,0.038628,0.182702,0.022045,0.207367,0.0001,,,,,lstm
216210,244,0.04066,0.003557,2.004426,0.00577,0.027165,0.057853,0.02364,0.033194,0.0001,,,,,lstm
216210,244,-0.050868,0.005492,2.004388,0.00577,0.039894,0.427647,0.025481,0.624186,0.0001,,,,,lstm
216210,244,0.010898,0.006865,2.004348,0.00577,0.043591,0.279111,0.030913,0.411644,0.0001,,,,,lstm
216210,244,0.012037,0.00338,2.004302,0.00577,0.027274,0.081168,0.016818,0.09796,0.0001,,,,,lstm
216210,244,-0.014598,0.003964,2.004254,0.00577,0.03142,0.108161,0.007693,0.103447,0.0001,,,,,lstm
216210,244,-0.010243,0.00504,2.004207,0.00577,0.033148,0.11552,0.003928,0.118131,0.0001,,,,,lstm
216210,244,0.026115,0.002977,2.004158,0.00577,0.024676,0.234728,0.006411,0.26986,0.0001,,,,,lstm
216210,244,-0.005889,0.005349,2.00411,0.00577,0.034998,0.175723,0.008159,0.227598,0.0001,,,,,lstm
216210,244,-0.026856,0.005015,2.004055,0.00577,0.031586,0.18113,0.011639,0.184868,0.0001,,,,,lstm
216210,244,0.000188,0.004847,2.004008,0.00577,0.035219,0.26002,0.009928,0.345946,0.0001,,,,,lstm
216210,244,0.040047,0.004033,2.003955,0.00577,0.031802,0.436054,0.014494,0.614985,0.0001,,,,,lstm
220137,248,-0.037283,0.007008,2.003897,0.005754,0.038078,0.193686,0.015312,0.193701,0.0001,,,,,lstm
220137,248,0.060576,0.004861,2.003832,0.005754,0.029222,0.111709,0.009256,0.081284,0.0001,,,,,lstm
220137,248,-0.015723,0.005953,2.003778,0.005754,0.035585,0.206637,0.019439,0.188015,0.0001,,,,,lstm
220137,248,0.039491,0.006,2.003716,0.005754,0.031398,0.079112,0.013516,0.049683,0.0001,,,,,lstm
220137,248,-0.007846,0.00718,2.003665,0.005754,0.038465,0.168377,0.020906,0.170283,0.0001,,,,,lstm
220137,248,0.031843,0.004795,2.00361,0.005754,0.028832,0.111839,0.007998,0.049804,0.0001,,,,,lstm
220137,248,-0.014045,0.005221,2.003565,0.005754,0.032983,0.19845,0.0155,0.103282,0.0001,,,,,lstm
220137,248,0.040114,0.007082,2.003526,0.005754,0.036429,0.087529,0.007281,0.107983,0.0001,,,,,lstm
225746,252,0.105376,0.004676,2.003485,0.005738,0.033581,0.088661,0.026988,0.088522,0.0001,,,,,lstm
225746,252,-0.041629,0.005666,2.003432,0.005738,0.036141,0.177357,0.018545,0.218637,0.0001,,,,,lstm
225746,252,-0.049046,0.00538,2.00338,0.005738,0.030212,0.186611,0.013806,0.219508,0.0001,,,,,lstm
225746,252,0.10684,0.004253,2.003331,0.005738,0.032226,0.134053,0.03289,0.139728,0.0001,,,,,lstm
225746,252,0.014042,0.006874,2.003278,0.005738,0.040855,0.39695,0.032855,0.426868,0.0001,,,,,lstm
225746,252,-0.130145,0.005028,2.003217,0.005738,0.030388,0.419663,0.004432,0.276055,0.0001,,,,,lstm
225746,252,-0.040287,0.0055,2.003141,0.005738,0.033603,0.231714,0.007036,0.285618,0.0001,,,,,lstm
225746,252,0.004734,0.003874,2.003062,0.005738,0.025214,0.080689,0.009182,0.071283,0.0001,,,,,lstm
225746,252,0.085818,0.005075,2.002997,0.005738,0.032524,0.265409,0.003199,0.350064,0.0001,,,,,lstm
225746,252,-0.004693,0.004625,2.002918,0.005738,0.02742,0.166221,0.008342,0.211435,0.0001,,,,,lstm
225746,252,-0.007137,0.004762,2.002836,0.005738,0.032775,0.22631,0.007026,0.260852,0.0001,,,,,lstm
225746,252,0.05241,0.004666,2.002757,0.005738,0.032219,0.324414,0.00627,0.497264,0.0001,,,,,lstm
233788,256,0.043266,0.005213,2.002675,0.005721,0.034969,0.317516,0.030538,0.289586,0.0001,,,,,lstm
233788,256,-0.043733,0.005457,2.002607,0.005721,0.037893,0.165014,0.013719,0.231269,0.0001,,,,,lstm
233788,256,-0.019427,0.004239,2.002542,0.005721,0.031409,0.157553,0.02057,0.267214,0.0001,,,,,lstm
233788,256,0.068191,0.004457,2.002478,0.005721,0.029798,0.264648,0.026099,0.305819,0.0001,,,,,lstm
233788,256,-0.051406,0.00453,2.002415,0.005721,0.031937,0.093527,0.005269,0.096065,0.0001,,,,,lstm
233788,256,0.015365,0.0035,2.00234,0.005721,0.025449,0.199311,0.008984,0.218685,0.0001,,,,,lstm
233788,256,-0.005361,0.004167,2.002279,0.005721,0.030982,0.064728,0.005161,0.05485,0.0001,,,,,lstm
233788,256,0.095668,0.005308,2.002228,0.005721,0.033179,0.131693,0.005767,0.151809,0.0001,,,,,lstm
233788,256,-0.055244,0.004733,2.002185,0.005721,0.032387,0.219324,0.015485,0.215142,0.0001,,,,,lstm
233788,256,0.066837,0.003794,2.002151,0.005721,0.028639,0.247393,0.010063,0.25323,0.0001,,,,,lstm
233788,256,-0.023108,0.004839,2.002115,0.005721,0.032011,0.141714,0.018099,0.243314,0.0001,,,,,lstm
233788,256,0.060798,0.003338,2.002086,0.005721,0.027117,0.216461,0.00767,0.338207,0.0001,,,,,lstm
233788,256,-0.018575,0.004901,2.002062,0.005721,0.03418,0.438512,0.012232,0.599752,0.0001,,,,,lstm
233788,256,0.095808,0.003364,2.002043,0.005721,0.023449,0.1124,0.010799,0.05744,0.0001,,,,,lstm
233788,256,0.03015,0.004179,2.00203,0.005721,0.026891,0.198887,0.007283,0.1748,0.0001,,,,,lstm
233788,256,-0.064362,0.004496,2.002019,0.005721,0.031126,0.12535,0.015847,0.170702,0.0001,,,,,lstm
238851,260,-0.050666,0.00604,2.002004,0.005705,0.032411,0.149536,0.010971,0.075401,0.0001,,,,,lstm
238851,260,0.050126,0.006172,2.001981,0.005705,0.037011,0.170114,0.012299,0.118702,0.0001,,,,,lstm
238851,260,0.051361,0.005626,2.001957,0.005705,0.036864,0.206207,0.008754,0.291663,0.0001,,,,,lstm
238851,260,0.038959,0.005771,2.001936,0.005705,0.034656,0.125557,0.00793,0.187589,0.0001,,,,,lstm
238851,260,-0.091173,0.00754,2.001922,0.005705,0.040246,0.173529,0.013244,0.102649,0.0001,,,,,lstm
238851,260,0.160187,0.003321,2.001899,0.005705,0.025136,0.147979,0.016995,0.120438,0.0001,,,,,lstm
238851,260,0.003628,0.005327,2.001869,0.005705,0.035573,0.20075,0.011122,0.147611,0.0001,,,,,lstm
238851,260,0.069921,0.005552,2.001837,0.005705,0.027551,0.063029,0.005612,0.040066,0.0001,,,,,lstm
238851,260,-0.095778,0.007698,2.001801,0.005705,0.039694,0.155274,0.015658,0.103677,0.0001,,,,,lstm
238851,260,0.030647,0.004727,2.001766,0.005705,0.032308,0.066151,0.005165,0.079459,0.0001,,,,,lstm
238851,260,0.023724,0.006153,2.001732,0.005705,0.032053,0.105534,0.008139,0.084193,0.0001,,,,,lstm
238851,260,-0.055735,0.007532,2.001703,0.005705,0.034575,0.300829,0.01364,0.308572,0.0001,,,,,lstm
243390,264,0.065211,0.004728,2.001668,0.005689,0.026974,0.073503,0.010221,0.065425,0.0001,,,,,lstm
243390,264,-0.04392,0.006773,2.001646,0.005689,0.038779,0.074367,0.007155,0.062263,0.0001,,,,,lstm
243390,264,-0.068849,0.011212,2.00163,0.005689,0.045729,0.718436,0.009852,0.487447,0.0001,,,,,lstm
243390,264,0.012927,0.005464,2.0016,0.005689,0.031606,0.119774,0.006277,0.138118,0.0001,,,,,lstm
243390,264,0.048221,0.006017,2.001573,0.005689,0.036849,0.077382,0.006473,0.035446,0.0001,,,,,lstm
243390,264,-0.239343,0.012361,2.001552,0.005689,0.061448,0.526443,0.021436,0.41916,0.0001,,,,,lstm
243390,264,0.060015,0.00569,2.001552,0.005689,0.0364,0.176894,0.008939,0.1346,0.0001,,,,,lstm
243390,264,-0.035421,0.007655,2.00156,0.005689,0.037746,0.099291,0.004371,0.094055,0.0001,,,,,lstm
243390,264,-0.081803,0.003785,2.001576,0.005689,0.032337,0.420829,0.020382,0.21374,0.0001,,,,,lstm
243390,264,0.068216,0.005496,2.001595,0.005689,0.034954,0.062507,0.013289,0.048772,0.0001,,,,,lstm
243390,264,-0.060606,0.007507,2.001622,0.005689,0.039479,0.112722,0.006947,0.08264,0.0001,,,,,lstm
243390,264,0.002662,0.005172,2.001646,0.005689,0.035252,0.2253,0.02705,0.262887,0.0001,,,,,lstm
249128,268,0.06803,0.003961,2.001698,0.005673,0.025683,0.160211,0.006264,0.088353,0.0001,,,,,lstm
249128,268,-0.001147,0.004851,2.001762,0.005673,0.029694,0.11185,0.020568,0.068628,0.0001,,,,,lstm
249128,268,-0.051093,0.006668,2.001809,0.005673,0.035337,0.314718,0.005282,0.249884,0.0001,,,,,lstm
249128,268,0.012714,0.005917,2.001871,0.005673,0.034812,0.23446,0.007719,0.336312,0.0001,,,,,lstm
249128,268,0.044568,0.004195,2.001946,0.005673,0.025605,0.209017,0.008547,0.306917,0.0001,,,,,lstm
249128,268,-0.037129,0.005275,2.002001,0.005673,0.029772,0.227311,0.013857,0.198863,0.0001,,,,,lstm
249128,268,0.058727,0.004922,2.002061,0.005673,0.026443,0.101671,0.005421,0.130615,0.0001,,,,,lstm
249128,268,0.014287,0.003977,2.002114,0.005673,0.024129,0.188576,0.013688,0.259962,0.0001,,,,,lstm
249128,268,-0.054245,0.006334,2.002172,0.005673,0.031779,0.093387,0.008053,0.054169,0.0001,,,,,lstm
249128,268,0.098414,0.004986,2.002236,0.005673,0.02749,0.189101,0.008935,0.119472,0.0001,,,,,lstm
249128,268,-0.058705,0.005099,2.0023,0.005673,0.029208,0.151332,0.002688,0.184816,0.0001,,,,,lstm
249128,268,-0.014022,0.005321,2.002371,0.005673,0.029535,0.264505,0.006155,0.174748,0.0001,,,,,lstm
250597,272,-0.032384,0.011612,2.002446,0.005657,0.060506,0.169871,0.046423,0.119109,0.0001,,,,,lstm
250597,272,-0.031812,0.011537,2.0025,0.005657,0.060036,0.169352,0.04423,0.1187,0.0001,,,,,lstm
250597,272,-0.03132,0.011369,2.002536,0.005657,0.059566,0.153026,0.038868,0.118512,0.0001,,,,,lstm
250597,272,-0.031114,0.011157,2.002555,0.005657,0.060311,0.132202,0.030727,0.134826,0.0001,,,,,lstm
253542,276,0.000561,0.006209,2.002561,0.00564,0.036993,0.142601,0.015138,0.086256,0.0001,,,,,lstm
253542,276,-0.029976,0.009815,2.002565,0.00564,0.052099,0.327558,0.026302,0.531646,0.0001,,,,,lstm
253542,276,-0.017919,0.008387,2.002574,0.00564,0.05169,0.171451,0.011678,0.166517,0.0001,,,,,lstm
253542,276,0.009569,0.005399,2.002595,0.00564,0.04136,0.15187,0.010982,0.21919,0.0001,,,,,lstm
253542,276,-0.011498,0.007861,2.002615,0.00564,0.053135,0.199594,0.013518,0.227483,0.0001,,,,,lstm
253542,276,-0.003305,0.00687,2.002646,0.00564,0.049768,0.145075,0.012534,0.110681,0.0001,,,,,lstm
253542,276,0.04159,0.007061,2.002671,0.00564,0.046908,0.142742,0.012288,0.110978,0.0001,,,,,lstm
253542,276,-0.118252,0.008322,2.002697,0.00564,0.05867,0.292028,0.005969,0.409524,0.0001,,,,,lstm
259044,280,0.003848,0.004489,2.002728,0.005624,0.03382,0.114067,0.026436,0.155618,0.0001,,,,,lstm
259044,280,-0.030465,0.005553,2.00276,0.005624,0.033526,0.146797,0.026516,0.237857,0.0001,,,,,lstm
259044,280,0.086466,0.004546,2.002803,0.005624,0.027413,0.199943,0.014127,0.238691,0.0001,,,,,lstm
259044,280,-0.07761,0.006515,2.002846,0.005624,0.036322,0.164166,0.015047,0.26122,0.0001,,,,,lstm
259044,280,0.091536,0.004118,2.0029,0.005624,0.024624,0.225226,0.012131,0.327141,0.0001,,,,,lstm
259044,280,0.026274,0.002677,2.002956,0.005624,0.025088,0.168133,0.013422,0.168393,0.0001,,,,,lstm
259044,280,0.097788,0.002562,2.003003,0.005624,0.021204,0.14281,0.011266,0.120036,0.0001,,,,,lstm
259044,280,-0.038571,0.005941,2.003044,0.005624,0.029682,0.178843,0.015417,0.250084,0.0001,,,,,lstm
259044,280,-0.039572,0.005241,2.003082,0.005624,0.030857,0.146405,0.007826,0.210999,0.0001,,,,,lstm
259044,280,0.007868,0.005487,2.003115,0.005624,0.028652,0.064752,0.004516,0.067451,0.0001,,,,,lstm
259044,280,0.00025,0.004437,2.003151,0.005624,0.030815,0.171429,0.006917,0.28412,0.0001,,,,,lstm
259044,280,0.035657,0.003842,2.003205,0.005624,0.032198,0.267737,0.009816,0.346095,0.0001,,,,,lstm
262191,284,0.079121,0.005534,2.003254,0.005608,0.036432,0.05674,0.008372,0.030147,0.0001,,,,,lstm
262191,284,-0.157593,0.00764,2.003301,0.005608,0.043602,0.215838,0.018503,0.252653,0.0001,,,,,lstm
262191,284,0.057238,0.004964,2.003372,0.005608,0.036271,0.130429,0.001932,0.191627,0.0001,,,,,lstm
262191,284,-0.122458,0.008629,2.00344,0.005608,0.042169,0.174765,0.018401,0.156237,0.0001,,,,,lstm
262191,284,0.008242,0.005949,2.003519,0.005608,0.039604,0.117805,0.00522,0.093158,0.0001,,,,,lstm
262191,284,-0.029326,0.007047,2.003605,0.005608,0.041535,0.109425,0.007586,0.068751,0.0001,,,,,lstm
262191,284,-0.024747,0.006346,2.003682,0.005608,0.041592,0.111695,0.006186,0.108494,0.0001,,,,,lstm
262191,284,0.031749,0.006605,2.003757,0.005608,0.043719,0.149003,0.013752,0.209574,0.0001,,,,,lstm
266638,288,-0.038262,0.007105,2.003831,0.005592,0.039283,0.127223,0.01072,0.150369,0.0001,,,,,lstm
266638,288,-0.01259,0.005171,2.003889,0.005592,0.03821,0.119691,0.008336,0.117334,0.0001,,,,,lstm
266638,288,0.137242,0.002943,2.003943,0.005592,0.027366,0.177345,0.018442,0.13327,0.0001,,,,,lstm
266638,288,-0.035075,0.006508,2.003996,0.005592,0.037579,0.167118,0.001236,0.073424,0.0001,,,,,lstm
266638,288,0.074553,0.003989,2.004023,0.005592,0.028645,0.049238,0.007792,0.048437,0.0001,,,,,lstm
266638,288,-0.339733,0.011182,2.004056,0.005592,0.068379,0.379154,0.03031,0.274966,0.0001,,,,,lstm
266638,288,-0.069617,0.006836,2.004114,0.005592,0.041325,0.157814,0.015948,0.123729,0.0001,,,,,lstm
266638,288,0.033603,0.005223,2.004171,0.005592,0.03634,0.125885,0.011322,0.112889,0.0001,,,,,lstm
266638,288,0.067547,0.003472,2.004219,0.005592,0.027749,0.118938,0.013849,0.096412,0.0001,,,,,lstm
266638,288,-0.027035,0.006984,2.004261,0.005592,0.045275,0.241985,0.005202,0.319616,0.0001,,,,,lstm
266638,288,-0.01761,0.004769,2.004304,0.005592,0.035602,0.147243,0.008875,0.136613,0.0001,,,,,lstm
266638,288,0.121367,0.005613,2.004332,0.005592,0.037682,0.123619,0.024939,0.062811,0.0001,,,,,lstm
271274,292,-0.08016,0.006423,2.004378,0.005576,0.047037,0.197702,0.045158,0.188037,0.0001,,,,,lstm
271274,292,0.024262,0.006923,2.004398,0.005576,0.047134,0.241776,0.047407,0.175914,0.0001,,,,,lstm
271274,292,0.29474,0.006407,2.004391,0.005576,0.04982,0.0916,0.093213,0.274809,0.0001,,,,,lstm
271274,292,0.041112,0.005977,2.004372,0.005576,0.040457,0.118822,0.041718,0.124489,0.0001,,,,,lstm
271274,292,0.028638,0.005876,2.004344,0.005576,0.038336,0.406266,0.01455,0.544853,0.0001,,,,,lstm
271274,292,-0.156914,0.004464,2.004297,0.005576,0.039311,0.313371,0.008293,0.327808,0.0001,,,,,lstm
271274,292,0.00141,0.005633,2.004224,0.005576,0.03753,0.212967,0.019408,0.414407,0.0001,,,,,lstm
271274,292,0.019201,0.005361,2.004127,0.005576,0.038052,0.602053,0.012355,0.864666,0.0001,,,,,lstm
271274,292,0.015125,0.004627,2.004031,0.005576,0.031209,0.459766,0.011071,0.388653,0.0001,,,,,lstm
271274,292,-0.036718,0.005403,2.00394,0.005576,0.035905,0.235732,0.030787,0.475643,0.0001,,,,,lstm
271274,292,0.082075,0.004876,2.003853,0.005576,0.035815,0.586987,0.041183,1.095738,0.0001,,,,,lstm
271274,292,-0.080187,0.004988,2.003748,0.005576,0.032691,0.391955,0.031735,0.272356,0.0001,,,,,lstm
272679,296,-0.053453,0.012066,2.00364,0.005559,0.061958,0.244084,0.036009,0.199788,0.0001,,,,,lstm
272679,296,-0.052391,0.01197,2.003552,0.005559,0.062765,0.255429,0.029755,0.243167,0.0001,,,,,lstm
272679,296,-0.050976,0.011931,2.003482,0.005559,0.064771,0.197707,0.023946,0.23033,0.0001,,,,,lstm
272679,296,-0.050248,0.011931,2.00343,0.005559,0.067505,0.174684,0.019327,0.146114,0.0001,,,,,lstm
277263,300,0.003921,0.007343,2.003402,0.005543,0.047116,0.238813,0.024938,0.105111,0.0001,,,,,lstm
277263,300,-0.074188,0.00526,2.003395,0.005543,0.040204,0.179122,0.018304,0.165271,0.0001,,,,,lstm
277263,300,0.324004,0.006034,2.003392,0.005543,0.052828,0.354055,0.077248,0.186468,0.0001,,,,,lstm
277263,300,0.019291,0.006878,2.003378,0.005543,0.05136,0.344303,0.037278,0.542623,0.0001,,,,,lstm
277263,300,-0.000658,0.00691,2.003365,0.005543,0.053715,0.262268,0.034786,0.234529,0.0001,,,,,lstm
277263,300,-0.024845,0.004475,2.003364,0.005543,0.04681,0.195099,0.032192,0.286051,0.0001,,,,,lstm
277263,300,-0.080718,0.005851,2.003367,0.005543,0.04514,0.304214,0.016277,0.45652,0.0001,,,,,lstm
277263,300,0.077338,0.005659,2.003374,0.005543,0.044819,0.472336,0.020837,0.460059,0.0001,,,,,lstm
277263,300,0.052889,0.007215,2.003393,0.005543,0.043686,0.390824,0.015459,0.198454,0.0001,,,,,lstm
277263,300,0.075212,0.003836,2.003433,0.005543,0.036636,0.194311,0.022764,0.216902,0.0001,,,,,lstm
277263,300,-0.092159,0.008286,2.003469,0.005543,0.051735,0.247331,0.007036,0.337995,0.0001,,,,,lstm
277263,300,0.111473,0.004605,2.003526,0.005543,0.033939,0.226419,0.011745,0.255761,0.0001,,,,,lstm
283796,304,0.09968,0.004266,2.003583,0.005527,0.031731,0.138871,0.01609,0.117721,0.0001,,,,,lstm
283796,304,-0.048943,0.005598,2.00362,0.005527,0.033322,0.19874,0.010553,0.245389,0.0001,,,,,lstm
283796,304,0.005391,0.0053,2.00365,0.005527,0.029261,0.133351,0.013678,0.106408,0.0001,,,,,lstm
283796,304,-0.043548,0.003726,2.003682,0.005527,0.028925,0.176386,0.015525,0.187368,0.0001,,,,,lstm
283796,304,0.038884,0.00409,2.003707,0.005527,0.026521,0.141977,0.00725,0.213664,0.0001,,,,,lstm
283796,304,-0.078457,0.004591,2.003728,0.005527,0.028915,0.309915,0.025164,0.3589,0.0001,,,,,lstm
283796,304,0.075214,0.005959,2.003752,0.005527,0.0332,0.227297,0.017082,0.191669,0.0001,,,,,lstm
283796,304,0.0705,0.002806,2.003768,0.005527,0.028454,0.113575,0.021202,0.18144,0.0001,,,,,lstm
283796,304,0.062833,0.003832,2.003783,0.005527,0.028342,0.204791,0.029845,0.237706,0.0001,,,,,lstm
283796,304,-0.007361,0.00657,2.003783,0.005527,0.03615,0.189564,0.037124,0.297076,0.0001,,,,,lstm
283796,304,0.013711,0.003646,2.003784,0.005527,0.029148,0.169038,0.023611,0.24297,0.0001,,,,,lstm
283796,304,-0.1066,0.005705,2.003788,0.005527,0.036391,0.278605,0.03408,0.343408,0.0001,,,,,lstm
283796,304,0.046125,0.004937,2.003775,0.005527,0.027144,0.279428,0.009499,0.506265,0.0001,,,,,lstm
283796,304,0.03214,0.004199,2.003758,0.005527,0.026474,0.173372,0.010382,0.241913,0.0001,,,,,lstm
283796,304,-0.046658,0.005562,2.003741,0.005527,0.032745,0.072142,0.013211,0.084798,0.0001,,,,,lstm
283796,304,0.096093,0.002023,2.003728,0.005527,0.015614,0.131529,0.003953,0.274415,0.0001,,,,,lstm
290201,308,-0.030723,0.003833,2.003713,0.005511,0.027808,0.0832,0.020166,0.097661,0.0001,,,,,lstm
290201,308,0.064162,0.004156,2.003707,0.005511,0.033089,0.073427,0.033852,0.102422,0.0001,,,,,lstm
290201,308,0.008028,0.007193,2.003709,0.005511,0.048194,0.394142,0.032542,0.526591,0.0001,,,,,lstm
290201,308,-0.104716,0.00563,2.003718,0.005511,0.045392,0.513005,0.020333,0.656396,0.0001,,,,,lstm
290201,308,-0.040459,0.005798,2.003788,0.005511,0.044971,0.233488,0.033206,0.37304,0.0001,,,,,lstm
290201,308,0.115797,0.004808,2.003865,0.005511,0.036072,0.153986,0.042186,0.262777,0.0001,,,,,lstm
290201,308,-0.066512,0.005261,2.003937,0.005511,0.035149,0.360658,0.011931,0.511272,0.0001,,,,,lstm
290201,308,0.131215,0.003797,2.004019,0.005511,0.0289,0.361997,0.019275,0.44254,0.0001,,,,,lstm
290201,308,0.067082,0.003794,2.004052,0.005511,0.025672,0.153981,0.019344,0.08065,0.0001,,,,,lstm
290201,308,-0.062438,0.003958,2.004083,0.005511,0.027582,0.120211,0.011862,0.099881,0.0001,,,,,lstm
290201,308,0.075409,0.005049,2.004119,0.005511,0.03535,0.215669,0.012375,0.249448,0.0001,,,,,lstm
290201,308,-0.382013,0.015779,2.00417,0.005511,0.06563,0.961273,0.059659,0.63296,0.0001,,,,,lstm
290201,308,-0.034017,0.003788,2.004241,0.005511,0.025586,0.347266,0.009344,0.611256,0.0001,,,,,lstm
290201,308,0.121849,0.003657,2.004315,0.005511,0.024259,0.466455,0.009534,0.739131,0.0001,,,,,lstm
290201,308,-0.026882,0.005836,2.004374,0.005511,0.033564,0.402231,0.030435,0.701013,0.0001,,,,,lstm
290201,308,-0.259877,0.007781,2.004435,0.005511,0.036448,0.76358,0.064958,1.23987,0.0001,,,,,lstm
293683,312,0.038595,0.005969,2.004519,0.005495,0.032304,0.208038,0.019181,0.132008,0.0001,,,,,lstm
293683,312,-0.046348,0.01204,2.004595,0.005495,0.045267,0.201502,0.029658,0.219243,0.0001,,,,,lstm
293683,312,-0.012721,0.008486,2.004657,0.005495,0.0395,0.246815,0.027489,0.226258,0.0001,,,,,lstm
293683,312,0.027737,0.008664,2.004695,0.005495,0.036769,0.340641,0.019708,0.433587,0.0001,,,,,lstm
293683,312,-0.046084,0.009373,2.004737,0.005495,0.042287,0.237424,0.035872,0.291665,0.0001,,,,,lstm
293683,312,0.075752,0.0074,2.004766,0.005495,0.031666,0.201469,0.023106,0.207337,0.0001,,,,,lstm
293683,312,-0.026792,0.008873,2.004791,0.005495,0.041382,0.223566,0.0374,0.292934,0.0001,,,,,lstm
293683,312,0.050731,0.007838,2.004822,0.005495,0.031739,0.343498,0.020398,0.290108,0.0001,,,,,lstm
298943,316,-0.063022,0.00662,2.004829,0.005478,0.039061,0.078077,0.01206,0.109856,0.0001,,,,,lstm
298943,316,0.045945,0.007229,2.004838,0.005478,0.044055,0.136475,0.03338,0.16021,0.0001,,,,,lstm
298943,316,0.06418,0.007606,2.004841,0.005478,0.044085,0.170661,0.050531,0.27024,0.0001,,,,,lstm
298943,316,-0.060685,0.006527,2.004846,0.005478,0.042964,0.114943,0.02232,0.064889,0.0001,,,,,lstm
298943,316,0.081242,0.008287,2.004841,0.005478,0.053161,0.176528,0.038948,0.287213,0.0001,,,,,lstm
298943,316,0.001681,0.006807,2.004842,0.005478,0.044296,0.060354,0.035834,0.090985,0.0001,,,,,lstm
298943,316,0.069592,0.004588,2.004838,0.005478,0.035019,0.098871,0.023909,0.091894,0.0001,,,,,lstm
298943,316,-0.068168,0.008504,2.004829,0.005478,0.051214,0.17261,0.007931,0.230211,0.0001,,,,,lstm
298943,316,0.034837,0.007231,2.004819,0.005478,0.037969,0.075321,0.011259,0.06202,0.0001,,,,,lstm
298943,316,0.003511,0.006337,2.004803,0.005478,0.040088,0.168557,0.012024,0.256688,0.0001,,,,,lstm
298943,316,0.0887,0.005469,2.004798,0.005478,0.034385,0.087875,0.013874,0.101314,0.0001,,,,,lstm
298943,316,-0.120378,0.008287,2.004784,0.005478,0.045598,0.273492,0.009143,0.383373,0.0001,,,,,lstm
305498,320,0.052259,0.005873,2.004773,0.005462,0.033512,0.103116,0.007149,0.052039,0.0001,,,,,lstm
305498,320,0.000585,0.006238,2.004764,0.005462,0.032924,0.097203,0.007563,0.087928,0.0001,,,,,lstm
305498,320,0.00306,0.005268,2.004769,0.005462,0.032065,0.083679,0.011199,0.057373,0.0001,,,,,lstm
305498,320,-0.10367,0.003402,2.004782,0.005462,0.02964,0.296122,0.025132,0.146576,0.0001,,,,,lstm
305498,320,0.031826,0.004461,2.004826,0.005462,0.025658,0.153944,0.008705,0.157047,0.0001,,,,,lstm
305498,320,0.042671,0.005889,2.00487,0.005462,0.03265,0.127449,0.009289,0.17971,0.0001,,,,,lstm
305498,320,-0.074861,0.006464,2.004921,0.005462,0.034772,0.062631,0.014494,0.104083,0.0001,,,,,lstm
305498,320,0.168588,0.003271,2.004977,0.005462,0.022007,0.081447,0.023552,0.072782,0.0001,,,,,lstm
305498,320,0.022067,0.005748,2.00503,0.005462,0.033627,0.110257,0.010251,0.065079,0.0001,,,,,lstm
305498,320,-0.047479,0.004942,2.005085,0.005462,0.029093,0.215225,0.005443,0.328488,0.0001,,,,,lstm
305498,320,0.071858,0.004778,2.005136,0.005462,0.02589,0.103951,0.007162,0.085194,0.0001,,,,,lstm
305498,320,-0.050906,0.010123,2.00518,0.005462,0.0441,0.2889,0.032417,0.19037,0.0001,,,,,lstm
305498,320,-0.048498,0.005348,2.00525,0.005462,0.029997,0.203182,0.011017,0.222395,0.0001,,,,,lstm
305498,320,0.070518,0.005074,2.005325,0.005462,0.028495,0.130586,0.009254,0.062287,0.0001,,,,,lstm
305498,320,0.036933,0.005375,2.005402,0.005462,0.029303,0.121025,0.007743,0.080218,0.0001,,,,,lstm
305498,320,-0.109034,0.007601,2.005471,0.005462,0.040416,0.394276,0.034909,0.259018,0.0001,,,,,lstm
312039,324,-0.058254,0.006674,2.005545,0.005446,0.035212,0.123834,0.031609,0.10804,0.0001,,,,,lstm
312039,324,-0.026244,0.00499,2.005621,0.005446,0.034104,0.110064,0.011452,0.069826,0.0001,,,,,lstm
312039,324,0.158792,0.003308,2.005695,0.005446,0.028728,0.14577,0.027196,0.292378,0.0001,,,,,lstm
312039,324,-0.071508,0.006086,2.005757,0.005446,0.048437,0.752724,0.017101,1.097888,0.0001,,,,,lstm
312039,324,0.037427,0.005462,2.005829,0.005446,0.032984,0.129552,0.010326,0.092693,0.0001,,,,,lstm
312039,324,-0.049606,0.004709,2.005902,0.005446,0.032946,0.205004,0.031418,0.392624,0.0001,,,,,lstm
312039,324,0.05226,0.004304,2.005961,0.005446,0.02404,0.160941,0.006734,0.264421,0.0001,,,,,lstm
312039,324,0.095385,0.005435,2.006016,0.005446,0.029924,0.396541,0.026195,0.470938,0.0001,,,,,lstm
312039,324,0.034475,0.004132,2.006079,0.005446,0.025857,0.094158,0.007825,0.160698,0.0001,,,,,lstm
312039,324,-0.020574,0.005792,2.006136,0.005446,0.034074,0.406528,0.00911,0.584159,0.0001,,,,,lstm
312039,324,-0.000451,0.005547,2.006197,0.005446,0.034027,0.290408,0.010219,0.463594,0.0001,,,,,lstm
312039,324,0.210395,0.002263,2.00627,0.005446,0.018596,0.09348,0.01697,0.168758,0.0001,,,,,lstm
312039,324,0.075529,0.003959,2.006323,0.005446,0.021192,0.058287,0.005125,0.098057,0.0001,,,,,lstm
312039,324,-0.026976,0.005605,2.006367,0.005446,0.028752,0.180697,0.012546,0.30324,0.0001,,,,,lstm
312039,324,0.084754,0.00358,2.006415,0.005446,0.022184,0.132663,0.005316,0.193936,0.0001,,,,,lstm
312039,324,-0.344588,0.010278,2.006457,0.005446,0.054126,0.408055,0.041143,0.24743,0.0001,,,,,lstm
313951,328,-0.040362,0.01334,2.006511,0.00543,0.059627,0.159731,0.045101,0.215622,0.0001,,,,,lstm
313951,328,-0.039404,0.013276,2.006563,0.00543,0.059362,0.146256,0.043041,0.177262,0.0001,,,,,lstm
313951,328,-0.038946,0.013169,2.006611,0.00543,0.05938,0.060835,0.040026,0.096993,0.0001,,,,,lstm
313951,328,-0.03956,0.013045,2.006649,0.00543,0.060005,0.224617,0.035351,0.245605,0.0001,,,,,lstm
320286,332,0.035412,0.004655,2.006687,0.005414,0.02679,0.153929,0.010757,0.102369,0.0001,,,,,lstm
320286,332,0.091759,0.003139,2.006719,0.005414,0.026543,0.125476,0.013173,0.066146,0.0001,,,,,lstm
320286,332,-0.113561,0.007727,2.006752,0.005414,0.042779,0.139876,0.020177,0.129532,0.0001,,,,,lstm
320286,332,0.204498,0.004124,2.006796,0.005414,0.027507,0.263327,0.034654,0.291964,0.0001,,,,,lstm
320286,332,-0.001321,0.006098,2.006835,0.005414,0.040866,0.367872,0.016553,0.594976,0.0001,,,,,lstm
320286,332,-0.007407,0.00548,2.006872,0.005414,0.040111,0.135131,0.020987,0.206778,0.0001,,,,,lstm
320286,332,0.032352,0.005021,2.006927,0.005414,0.037421,0.070991,0.024278,0.115206,0.0001,,,,,lstm
320286,332,0.122646,0.00334,2.006971,0.005414,0.025348,0.065277,0.025704,0.054057,0.0001,,,,,lstm
320286,332,-0.068405,0.006515,2.007008,0.005414,0.038325,0.145266,0.025994,0.246278,0.0001,,,,,lstm
320286,332,0.102496,0.003603,2.007043,0.005414,0.029084,0.065032,0.016536,0.07695,0.0001,,,,,lstm
320286,332,-0.013831,0.005702,2.007075,0.005414,0.036522,0.04368,0.019544,0.028916,0.0001,,,,,lstm
320286,332,0.165423,0.003846,2.007113,0.005414,0.022162,0.175854,0.016886,0.340388,0.0001,,,,,lstm
320286,332,0.140447,0.005214,2.00715,0.005414,0.027502,0.042369,0.010895,0.081106,0.0001,,,,,lstm
320286,332,0.032725,0.00363,2.007182,0.005414,0.024691,0.107667,0.017955,0.171616,0.0001,,,,,lstm
320286,332,-0.124652,0.005647,2.007213,0.005414,0.034845,0.163022,0.024806,0.225423,0.0001,,,,,lstm
320286,332,-0.061676,0.011022,2.00726,0.005414,0.036014,0.27668,0.01913,0.2338,0.0001,,,,,lstm
325570,336,0.093756,0.005095,2.007289,0.005397,0.031914,0.101659,0.029928,0.074682,0.0001,,,,,lstm
325570,336,-0.060768,0.008927,2.00732,0.005397,0.044068,0.150872,0.038307,0.133529,0.0001,,,,,lstm
325570,336,-0.04795,0.006985,2.007363,0.005397,0.041456,0.092819,0.023833,0.147683,0.0001,,,,,lstm
325570,336,-0.005599,0.006479,2.007412,0.005397,0.037587,0.086528,0.022451,0.114271,0.0001,,,,,lstm
325570,336,0.04688,0.006384,2.007465,0.005397,0.033943,0.075908,0.02125,0.073578,0.0001,,,,,lstm
325570,336,-0.057963,0.008163,2.007531,0.005397,0.039746,0.193631,0.036801,0.168192,0.0001,,,,,lstm
325570,336,0.000394,0.006749,2.007618,0.005397,0.035712,0.098594,0.014769,0.106785,0.0001,,,,,lstm
325570,336,0.043438,0.005245,2.007715,0.005397,0.029137,0.08652,0.017476,0.058122,0.0001,,,,,lstm
325570,336,-0.061198,0.008349,2.007815,0.005397,0.037083,0.321059,0.016016,0.225465,0.0001,,,,,lstm
325570,336,-0.013478,0.007191,2.007907,0.005397,0.035019,0.078531,0.017047,0.084641,0.0001,,,,,lstm
325570,336,-0.048537,0.007331,2.008005,0.005397,0.035895,0.116915,0.016676,0.084195,0.0001,,,,,lstm
325570,336,0.11477,0.003501,2.008098,0.005397,0.019315,0.070853,0.003676,0.046683,0.0001,,,,,lstm
329391,340,0.07687,0.008322,2.008189,0.005381,0.035507,0.073437,0.033631,0.098074,0.0001,,,,,lstm
329391,340,-0.093884,0.009958,2.008271,0.005381,0.047383,0.181692,0.040985,0.122169,0.0001,,,,,lstm
329391,340,0.007491,0.007878,2.008295,0.005381,0.036122,0.113557,0.02883,0.053939,0.0001,,,,,lstm
329391,340,-0.013727,0.009717,2.00829,0.005381,0.041195,0.166948,0.027972,0.270177,0.0001,,,,,lstm
329391,340,0.078039,0.007463,2.008263,0.005381,0.032559,0.14641,0.023156,0.112472,0.0001,,,,,lstm
329391,340,-0.095608,0.009784,2.008227,0.005381,0.044217,0.223952,0.027507,0.166598,0.0001,,,,,lstm
329391,340,0.062597,0.008127,2.008164,0.005381,0.033235,0.222623,0.021348,0.260085,0.0001,,,,,lstm
329391,340,-0.077328,0.008758,2.008091,0.005381,0.04347,0.204806,0.014421,0.193636,0.0001,,,,,lstm
336230,344,-0.026357,0.007369,2.007996,0.005365,0.032845,0.048513,0.002602,0.080931,0.0001,,,,,lstm
336230,344,0.078497,0.006093,2.007907,0.005365,0.027452,0.106675,0.012343,0.09072,0.0001,,,,,lstm
336230,344,-0.03604,0.008783,2.007821,0.005365,0.041716,0.201776,0.025907,0.111191,0.0001,,,,,lstm
336230,344,0.109294,0.005144,2.007746,0.005365,0.030581,0.157658,0.016146,0.125009,0.0001,,,,,lstm
336230,344,0.038399,0.005674,2.007666,0.005365,0.030587,0.11289,0.013285,0.094136,0.0001,,,,,lstm
336230,344,-0.052179,0.007916,2.00759,0.005365,0.039065,0.093221,0.035188,0.132916,0.0001,,,,,lstm
336230,344,0.047593,0.007652,2.00752,0.005365,0.036317,0.198818,0.030227,0.200929,0.0001,,,,,lstm
336230,344,0.059786,0.008387,2.007446,0.005365,0.033385,0.055486,0.031874,0.054663,0.0001,,,,,lstm
336230,344,0.024713,0.007241,2.007374,0.005365,0.032146,0.075959,0.028645,0.09147,0.0001,,,,,lstm
336230,344,-0.095413,0.009839,2.00731,0.005365,0.042046,0.156148,0.030534,0.10044,0.0001,,,,,lstm
336230,344,0.043269,0.004659,2.007252,0.005365,0.025321,0.106646,0.008656,0.191075,0.0001,,,,,lstm
336230,344,0.23097,0.005467,2.007198,0.005365,0.026299,0.206264,0.024258,0.125609,0.0001,,,,,lstm
336230,344,0.006621,0.005778,2.007131,0.005365,0.026696,0.02324,0.003675,0.021483,0.0001,,,,,lstm
336230,344,0.109528,0.005423,2.00707,0.005365,0.022683,0.045514,0.005182,0.038258,0.0001,,,,,lstm
336230,344,-0.082361,0.009407,2.00701,0.005365,0.036139,0.080344,0.029295,0.136185,0.0001,,,,,lstm
336230,344,0.063344,0.0056,2.006954,0.005365,0.02353,0.162675,0.009717,0.291371,0.0001,,,,,lstm
341591,348,0.002243,0.007861,2.006904,0.005349,0.0331,0.168037,0.010946,0.092664,0.0001,,,,,lstm
341591,348,0.021988,0.006641,2.006853,0.005349,0.030114,0.134567,0.006544,0.176928,0.0001,,,,,lstm
341591,348,0.032003,0.005394,2.006792,0.005349,0.026277,0.146904,0.003692,0.243064,0.0001,,,,,lstm
341591,348,0.076043,0.006629,2.006745,0.005349,0.027808,0.125995,0.002384,0.216028,0.0001,,,,,lstm
341591,348,-0.015347,0.007088,2.0067,0.005349,0.030316,0.093528,0.008422,0.04659,0.0001,,,,,lstm
341591,348,-0.026221,0.006613,2.006634,0.005349,0.033465,0.080392,0.004579,0.072405,0.0001,,,,,lstm
341591,348,0.010909,0.007562,2.006587,0.005349,0.033108,0.118451,0.01889,0.109884,0.0001,,,,,lstm
341591,348,-0.001979,0.007481,2.006529,0.005349,0.034019,0.163458,0.006831,0.112703,0.0001,,,,,lstm
341591,348,0.056435,0.005673,2.006476,0.005349,0.0324,0.207032,0.019833,0.203488,0.0001,,,,,lstm
341591,348,0.048929,0.005466,2.006433,0.005349,0.029168,0.092486,0.014807,0.093788,0.0001,,,,,lstm
341591,348,-0.001764,0.008529,2.006402,0.005349,0.035682,0.163153,0.007335,0.24254,0.0001,,,,,lstm
341591,348,-0.003436,0.007161,2.006362,0.005349,0.029857,0.157836,0.006577,0.184942,0.0001,,,,,lstm
350236,352,-0.035763,0.006452,2.006328,0.005333,0.030305,0.200943,0.005002,0.123905,0.0001,,,,,lstm
350236,352,0.04352,0.003814,2.006316,0.005333,0.022034,0.094989,0.009567,0.132498,0.0001,,,,,lstm
350236,352,-0.005928,0.004652,2.006311,0.005333,0.02573,0.089625,0.008604,0.09754,0.0001,,,,,lstm
350236,352,0.060234,0.006148,2.006308,0.005333,0.024758,0.087269,0.006959,0.076928,0.0001,,,,,lstm
350236,352,-0.162588,0.007424,2.006312,0.005333,0.033993,0.155218,0.026764,0.193869,0.0001,,,,,lstm
350236,352,0.126523,0.004543,2.006301,0.005333,0.020573,0.148463,0.015858,0.181755,0.0001,,,,,lstm
350236,352,-0.059818,0.004736,2.006293,0.005333,0.023677,0.189675,0.007921,0.091242,0.0001,,,,,lstm
350236,352,0.018046,0.005283,2.006298,0.005333,0.027233,0.161929,0.01075,0.197196,0.0001,,,,,lstm
350236,352,-0.101011,0.007395,2.00631,0.005333,0.036507,0.086345,0.015032,0.112323,0.0001,,,,,lstm
350236,352,0.159146,0.005677,2.006327,0.005333,0.024331,0.204699,0.042768,0.195465,0.0001,,,,,lstm
350236,352,0.054939,0.00437,2.006348,0.005333,0.021284,0.205422,0.027734,0.100617,0.0001,,,,,lstm
350236,352,-0.070086,0.005548,2.006376,0.005333,0.02636,0.257902,0.005456,0.381347,0.0001,,,,,lstm
350236,352,0.024905,0.006609,2.006403,0.005333,0.031299,0.076754,0.009882,0.097593,0.0001,,,,,lstm
350236,352,-0.018296,0.006089,2.006439,0.005333,0.029024,0.098125,0.002751,0.127955,0.0001,,,,,lstm
350236,352,0.13564,0.004194,2.006471,0.005333,0.022218,0.215554,0.024474,0.238439,0.0001,,,,,lstm
350236,352,0.001092,0.005179,2.006481,0.005333,0.023077,0.184267,0.010922,0.316655,0.0001,,,,,lstm
350236,352,-0.013315,0.006953,2.006489,0.005333,0.032092,0.061223,0.005229,0.047732,0.0001,,,,,lstm
350236,352,0.059974,0.004502,2.006499,0.005333,0.021747,0.120864,0.00752,0.141844,0.0001,,,,,lstm
350236,352,-0.002631,0.005164,2.006521,0.005333,0.02229,0.221833,0.004694,0.253401,0.0001,,,,,lstm
350236,352,-0.07852,0.007105,2.006543,0.005333,0.029218,0.219399,0.019219,0.103201,0.0001,,,,,lstm
354709,356,-0.011212,0.008396,2.006588,0.005316,0.034207,0.191563,0.018114,0.213675,0.0001,,,,,lstm
354709,356,0.038634,0.006197,2.00662,0.005316,0.02899,0.106615,0.015275,0.05033,0.0001,,,,,lstm
354709,356,0.007976,0.009347,2.006654,0.005316,0.0342,0.188205,0.039912,0.212977,0.0001,,,,,lstm
354709,356,0.000856,0.008212,2.006691,0.005316,0.032981,0.160951,0.011571,0.151713,0.0001,,,,,lstm
354709,356,0.025493,0.006638,2.006729,0.005316,0.030723,0.135422,0.019591,0.10613,0.0001,,,,,lstm
354709,356,0.023127,0.007544,2.006753,0.005316,0.038813,0.252377,0.024026,0.277862,0.0001,,,,,lstm
354709,356,0.04858,0.006916,2.006762,0.005316,0.032196,0.179407,0.018755,0.138663,0.0001,,,,,lstm
354709,356,0.051743,0.005901,2.006763,0.005316,0.027666,0.082445,0.001644,0.050067,0.0001,,,,,lstm
354709,356,-0.353348,0.017243,2.006761,0.005316,0.068653,0.431323,0.067506,0.454745,0.0001,,,,,lstm
354709,356,0.003301,0.007571,2.006781,0.005316,0.037303,0.101514,0.012138,0.083391,0.0001,,,,,lstm
354709,356,0.044544,0.007596,2.006802,0.005316,0.034151,0.110774,0.008066,0.075512,0.0001,,,,,lstm
354709,356,-0.071596,0.00591,2.006818,0.005316,0.037093,0.156139,0.013638,0.084364,0.0001,,,,,lstm
360413,360,-0.006975,0.009902,2.006849,0.0053,0.032115,0.18427,0.007913,0.092159,0.0001,,,,,lstm
360413,360,0.029751,0.009126,2.006879,0.0053,0.035929,0.162245,0.009355,0.132835,0.0001,,,,,lstm
360413,360,-0.038495,0.009977,2.006913,0.0053,0.038057,0.071895,0.00912,0.094724,0.0001,,,,,lstm
360413,360,-0.004717,0.009355,2.006941,0.0053,0.035917,0.135529,0.009007,0.13163,0.0001,,,,,lstm
360413,360,0.029466,0.009498,2.006963,0.0053,0.034996,0.208786,0.007724,0.098591,0.0001,,,,,lstm
360413,360,-0.039593,0.010303,2.006975,0.0053,0.035001,0.19202,0.006394,0.141707,0.0001,,,,,lstm
360413,360,0.002712,0.00877,2.007,0.0053,0.033389,0.17388,0.00351,0.194075,0.0001,,,,,lstm
360413,360,-0.001312,0.01103,2.007028,0.0053,0.036352,0.173495,0.007231,0.133901,0.0001,,,,,lstm
360413,360,-0.009939,0.008707,2.007043,0.0053,0.030711,0.205463,0.005353,0.213185,0.0001,,,,,lstm
360413,360,-0.033604,0.010282,2.007062,0.0053,0.037319,0.141223,0.006507,0.181017,0.0001,,,,,lstm
360413,360,0.06327,0.010394,2.007084,0.0053,0.033717,0.115674,0.01666,0.124875,0.0001,,,,,lstm
360413,360,-0.042938,0.007358,2.007102,0.0053,0.029751,0.146492,0.008219,0.132903,0.0001,,,,,lstm
365507,364,0.018873,0.004865,2.007112,0.005284,0.028836,0.121574,0.005422,0.136798,0.0001,,,,,lstm
365507,364,-0.01419,0.007815,2.007117,0.005284,0.035996,0.132869,0.008778,0.142135,0.0001,,,,,lstm
365507,364,0.00366,0.008875,2.007152,0.005284,0.044329,0.198957,0.036085,0.129632,0.0001,,,,,lstm
365507,364,0.065,0.00573,2.007222,0.005284,0.030494,0.066259,0.020975,0.101405,0.0001,,,,,lstm
365507,364,-0.094175,0.007922,2.007297,0.005284,0.041371,0.12236,0.017257,0.094206,0.0001,,,,,lstm
365507,364,0.070674,0.006689,2.007385,0.005284,0.034199,0.175296,0.008711,0.11681,0.0001,,,,,lstm
365507,364,-0.036789,0.006936,2.007485,0.005284,0.035759,0.135986,0.007923,0.071484,0.0001,,,,,lstm
365507,364,0.023707,0.006644,2.007591,0.005284,0.036937,0.119004,0.017572,0.112987,0.0001,,,,,lstm
365507,364,0.040525,0.006924,2.007708,0.005284,0.037529,0.204005,0.002579,0.127074,0.0001,,,,,lstm
365507,364,-0.072444,0.006896,2.007831,0.005284,0.036303,0.098756,0.014411,0.05623,0.0001,,,,,lstm
365507,364,0.073522,0.005922,2.007963,0.005284,0.033868,0.094648,0.005265,0.142937,0.0001,,,,,lstm
365507,364,0.011278,0.008174,2.008091,0.005284,0.036129,0.130005,0.003842,0.072863,0.0001,,,,,lstm
371961,368,-0.006474,0.008684,2.008231,0.005268,0.026857,0.09837,0.0183,0.089221,0.0001,,,,,lstm
371961,368,0.119707,0.009424,2.008365,0.005268,0.031919,0.247732,0.027414,0.282595,0.0001,,,,,lstm
371961,368,-0.002408,0.009157,2.008496,0.005268,0.029435,0.10246,0.003438,0.079053,0.0001,,,,,lstm
371961,368,-0.383154,0.018971,2.008621,0.005268,0.061942,0.491773,0.051936,0.398353,0.0001,,,,,lstm
371961,368,0.007264,0.010116,2.00874,0.005268,0.030546,0.182521,0.005341,0.209004,0.0001,,,,,lstm
371961,368,-0.015005,0.010686,2.008849,0.005268,0.033795,0.122249,0.0039,0.08454,0.0001,,,,,lstm
371961,368,0.057971,0.007415,2.008952,0.005268,0.0264,0.100576,0.014603,0.153458,0.0001,,,,,lstm
371961,368,0.007454,0.011471,2.009051,0.005268,0.027675,0.368979,0.008649,0.376456,0.0001,,,,,lstm
371961,368,0.079022,0.008578,2.009154,0.005268,0.026409,0.213183,0.032896,0.325385,0.0001,,,,,lstm
371961,368,0.062393,0.010722,2.009254,0.005268,0.036401,0.239418,0.029117,0.30498,0.0001,,,,,lstm
371961,368,-0.033549,0.009374,2.009348,0.005268,0.03493,0.258371,0.003348,0.333165,0.0001,,,,,lstm
371961,368,-0.352161,0.012325,2.009453,0.005268,0.048674,0.629219,0.087542,0.598528,0.0001,,,,,lstm
371961,368,0.06726,0.008108,2.009558,0.005268,0.022542,0.466125,0.015763,0.70778,0.0001,,,,,lstm
371961,368,-0.059408,0.011177,2.009645,0.005268,0.031843,0.464728,0.027319,0.799736,0.0001,,,,,lstm
371961,368,0.004147,0.008359,2.009731,0.005268,0.026163,0.579726,0.019248,0.882677,0.0001,,,,,lstm
371961,368,0.154992,0.006368,2.00981,0.005268,0.020152,0.20897,0.020062,0.311863,0.0001,,,,,lstm
377411,372,-0.00185,0.007637,2.009883,0.005252,0.035542,0.249064,0.031458,0.109709,0.0001,,,,,lstm
377411,372,0.006633,0.007086,2.009945,0.005252,0.035898,0.394697,0.039983,0.587116,0.0001,,,,,lstm
377411,372,0.103729,0.009414,2.010008,0.005252,0.045134,0.65707,0.068234,0.965017,0.0001,,,,,lstm
377411,372,0.049469,0.006134,2.010053,0.005252,0.033294,0.339208,0.043325,0.536499,0.0001,,,,,lstm
377411,372,0.015528,0.009736,2.010096,0.005252,0.042785,0.220816,0.038869,0.186947,0.0001,,,,,lstm
377411,372,0.025665,0.006656,2.010121,0.005252,0.028161,0.130899,0.027391,0.148313,0.0001,,,,,lstm
377411,372,-0.083852,0.007892,2.01014,0.005252,0.031314,0.450047,0.012667,0.660912,0.0001,,,,,lstm
377411,372,0.064319,0.005513,2.010156,0.005252,0.022329,0.644552,0.003725,0.839426,0.0001,,,,,lstm
377411,372,0.13869,0.00704,2.010172,0.005252,0.022096,0.43232,0.012807,0.589479,0.0001,,,,,lstm
377411,372,0.050696,0.007367,2.010172,0.005252,0.027534,0.10001,0.012172,0.104722,0.0001,,,,,lstm
377411,372,0.054307,0.007085,2.010179,0.005252,0.026809,0.37463,0.006364,0.473571,0.0001,,,,,lstm
377411,372,-0.030557,0.00615,2.01017,0.005252,0.02327,0.138575,0.012072,0.229049,0.0001,,,,,lstm
380642,376,0.001972,0.006404,2.010165,0.005235,0.037835,0.175542,0.025103,0.185622,0.0001,,,,,lstm
380642,376,-0.011711,0.00841,2.010156,0.005235,0.043406,0.117859,0.019168,0.077289,0.0001,,,,,lstm
380642,376,0.098525,0.005324,2.010135,0.005235,0.033083,0.108611,0.013433,0.091564,0.0001,,,,,lstm
380642,376,-0.174749,0.010413,2.010113,0.005235,0.05423,0.111879,0.042998,0.100165,0.0001,,,,,lstm
380642,376,0.04422,0.006792,2.010076,0.005235,0.037634,0.237098,0.017838,0.205353,0.0001,,,,,lstm
380642,376,-0.080364,0.007932,2.010041,0.005235,0.049412,0.214096,0.029481,0.294098,0.0001,,,,,lstm
380642,376,-0.043146,0.007264,2.009999,0.005235,0.043286,0.106493,0.013762,0.082486,0.0001,,,,,lstm
380642,376,0.07067,0.007006,2.009954,0.005235,0.040824,0.132219,0.034562,0.136482,0.0001,,,,,lstm
384341,380,-0.017995,0.007989,2.00991,0.005219,0.041966,0.138854,0.016764,0.089348,0.0001,,,,,lstm
384341,380,0.021211,0.007052,2.009858,0.005219,0.034281,0.079189,0.012636,0.095238,0.0001,,,,,lstm
384341,380,-0.089606,0.008613,2.00981,0.005219,0.044734,0.101265,0.019769,0.105447,0.0001,,,,,lstm
384341,380,0.107381,0.006223,2.009764,0.005219,0.033626,0.238143,0.00487,0.210056,0.0001,,,,,lstm
384341,380,0.085496,0.006236,2.009697,0.005219,0.03523,0.215882,0.008246,0.185289,0.0001,,,,,lstm
384341,380,-0.104364,0.009137,2.009629,0.005219,0.051486,0.105058,0.012709,0.092711,0.0001,,,,,lstm
384341,380,-0.067035,0.008481,2.009558,0.005219,0.049134,0.116778,0.010269,0.084425,0.0001,,,,,lstm
384341,380,0.084059,0.00659,2.009488,0.005219,0.040842,0.060655,0.012053,0.046601,0.0001,,,,,lstm
391525,384,-0.011107,0.006249,2.009422,0.005203,0.034588,0.094962,0.009591,0.126471,0.0001,,,,,lstm
391525,384,0.061186,0.005384,2.009373,0.005203,0.029048,0.150858,0.014433,0.103605,0.0001,,,,,lstm
391525,384,0.047913,0.00552,2.009325,0.005203,0.029422,0.086586,0.013085,0.110424,0.0001,,,,,lstm
391525,384,-0.095384,0.006,2.009278,0.005203,0.031056,0.26571,0.00684,0.267455,0.0001,,,,,lstm
391525,384,0.0502,0.005446,2.00925,0.005203,0.033135,0.088996,0.019943,0.07588,0.0001,,,,,lstm
391525,384,-0.079046,0.005595,2.009222,0.005203,0.031342,0.093322,0.006781,0.061884,0.0001,,,,,lstm
391525,384,0.056404,0.006466,2.00921,0.005203,0.030637,0.107425,0.022421,0.097596,0.0001,,,,,lstm
391525,384,0.041624,0.006085,2.009204,0.005203,0.034045,0.202965,0.013634,0.221291,0.0001,,,,,lstm
391525,384,0.053278,0.005884,2.009205,0.005203,0.031466,0.104091,0.02122,0.118777,0.0001,,,,,lstm
391525,384,0.112286,0.005276,2.009208,0.005203,0.029442,0.137338,0.029159,0.131116,0.0001,,,,,lstm
391525,384,-0.145067,0.006258,2.009222,0.005203,0.035183,0.150661,0.005286,0.192286,0.0001,,,,,lstm
391525,384,0.057651,0.005854,2.009243,0.005203,0.029046,0.236847,0.017191,0.301143,0.0001,,,,,lstm
391525,384,-0.031833,0.00725,2.009247,0.005203,0.032061,0.214736,0.017538,0.222973,0.0001,,,,,lstm
391525,384,0.062286,0.003821,2.009244,0.005203,0.020698,0.060094,0.023286,0.07305,0.0001,,,,,lstm
391525,384,-0.043298,0.005933,2.009246,0.005203,0.034096,0.349241,0.00823,0.499207,0.0001,,,,,lstm
391525,384,0.12139,0.0058,2.009263,0.005203,0.027318,0.239418,0.00429,0.204922,0.0001,,,,,lstm
395068,388,-0.029532,0.008115,2.009267,0.005187,0.040179,0.168628,0.018073,0.107489,0.0001,,,,,lstm
395068,388,0.026334,0.007365,2.009285,0.005187,0.035557,0.101211,0.0059,0.057489,0.0001,,,,,lstm
395068,388,-0.021608,0.008185,2.009307,0.005187,0.041519,0.183117,0.017624,0.110538,0.0001,,,,,lstm
395068,388,0.016281,0.007195,2.009346,0.005187,0.033093,0.081903,0.010012,0.043363,0.0001,,,,,lstm
395068,388,0.005531,0.008141,2.00938,0.005187,0.038305,0.163639,0.0059,0.182882,0.0001,,,,,lstm
395068,388,-0.018253,0.007176,2.009421,0.005187,0.039979,0.181394,0.004506,0.177319,0.0001,,,,,lstm
395068,388,0.026701,0.007063,2.009465,0.005187,0.041818,0.071992,0.006452,0.067364,0.0001,,,,,lstm
395068,388,-0.046276,0.008802,2.009515,0.005187,0.041787,0.144893,0.012883,0.119832,0.0001,,,,,lstm
400656,392,0.047331,0.005546,2.009571,0.005171,0.028412,0.09586,0.008471,0.087487,0.0001,,,,,lstm
400656,392,0.0311,0.0068,2.009622,0.005171,0.034074,0.095549,0.010726,0.06652,0.0001,,,,,lstm
400656,392,-0.045684,0.007126,2.009668,0.005171,0.035066,0.181789,0.007346,0.179114,0.0001,,,,,lstm
400656,392,0.068751,0.006808,2.009698,0.005171,0.031182,0.066961,0.013846,0.053546,0.0001,,,,,lstm
400656,392,-0.07123,0.006218,2.00973,0.005171,0.038599,0.134193,0.021978,0.149039,0.0001,,,,,lstm
400656,392,0.065185,0.006655,2.009761,0.005171,0.034383,0.135613,0.012336,0.095706,0.0001,,,,,lstm
400656,392,-0.001076,0.006707,2.009771,0.005171,0.035794,0.133002,0.010958,0.091607,0.0001,,,,,lstm
400656,392,0.002179,0.006587,2.009779,0.005171,0.034025,0.096321,0.005546,0.086423,0.0001,,,,,lstm
400656,392,0.059619,0.005741,2.009789,0.005171,0.026608,0.076132,0.013186,0.117716,0.0001,,,,,lstm
400656,392,-0.035037,0.0068,2.009796,0.005171,0.033829,0.084355,0.014489,0.104361,0.0001,,,,,lstm
400656,392,0.03511,0.005962,2.009798,0.005171,0.027572,0.056096,0.011868,0.043753,0.0001,,,,,lstm
400656,392,0.062344,0.00596,2.009806,0.005171,0.026403,0.076142,0.001595,0.078027,0.0001,,,,,lstm
405919,396,-0.049948,0.006304,2.009803,0.005154,0.026777,0.103684,0.016047,0.117232,0.0001,,,,,lstm
405919,396,0.069569,0.006212,2.009789,0.005154,0.027206,0.08735,0.018709,0.083688,0.0001,,,,,lstm
405919,396,0.048517,0.00584,2.009783,0.005154,0.019353,0.192232,0.017328,0.233678,0.0001,,,,,lstm
405919,396,0.005491,0.005079,2.009781,0.005154,0.019782,0.104684,0.003007,0.140038,0.0001,,,,,lstm
405919,396,0.000778,0.00695,2.0098,0.005154,0.024734,0.069278,0.008817,0.10438,0.0001,,,,,lstm
405919,396,0.074279,0.005375,2.009818,0.005154,0.018746,0.114619,0.00469,0.112316,0.0001,,,,,lstm
405919,396,0.12498,0.005722,2.00981,0.005154,0.017927,0.070523,0.004469,0.10517,0.0001,,,,,lstm
405919,396,0.041659,0.005555,2.009809,0.005154,0.020608,0.118735,0.004327,0.156751,0.0001,,,,,lstm
405919,396,-0.191325,0.006344,2.009814,0.005154,0.027036,0.213751,0.015832,0.253125,0.0001,,,,,lstm
405919,396,0.089333,0.006147,2.009814,0.005154,0.020598,0.085744,0.005653,0.092792,0.0001,,,,,lstm
405919,396,-0.003377,0.006494,2.009818,0.005154,0.021355,0.090959,0.006843,0.105503,0.0001,,,,,lstm
405919,396,-0.058065,0.004006,2.009823,0.005154,0.019408,0.06683,0.006261,0.132878,0.0001,,,,,lstm
413378,400,0.068474,0.004829,2.009829,0.005138,0.020573,0.064976,0.012112,0.074731,0.0001,,,,,lstm
413378,400,0.029465,0.00704,2.00983,0.005138,0.028011,0.173985,0.002107,0.19057,0.0001,,,,,lstm
413378,400,-0.070005,0.007518,2.009829,0.005138,0.03099,0.215337,0.020941,0.244277,0.0001,,,,,lstm
413378,400,0.083204,0.007441,2.009842,0.005138,0.025169,0.160087,0.013947,0.118138,0.0001,,,,,lstm
413378,400,-0.01895,0.008808,2.009866,0.005138,0.030075,0.236188,0.008416,0.248083,0.0001,,,,,lstm
413378,400,0.027064,0.006223,2.009905,0.005138,0.025542,0.19349,0.005933,0.195513,0.0001,,,,,lstm
413378,400,0.055305,0.005676,2.009939,0.005138,0.022894,0.083007,0.006878,0.064395,0.0001,,,,,lstm
413378,400,0.02903,0.005666,2.009969,0.005138,0.020374,0.076619,0.009844,0.099203,0.0001,,,,,lstm
413378,400,0.002512,0.005788,2.009995,0.005138,0.023186,0.159229,0.016209,0.131757,0.0001,,,,,lstm
413378,400,0.040348,0.006599,2.010019,0.005138,0.025103,0.147489,0.003025,0.186043,0.0001,,,,,lstm
413378,400,0.010434,0.007452,2.010052,0.005138,0.024691,0.130535,0.003681,0.149892,0.0001,,,,,lstm
413378,400,0.045964,0.007724,2.010085,0.005138,0.029122,0.119941,0.003757,0.129545,0.0001,,,,,lstm
413378,400,0.070467,0.00689,2.010122,0.005138,0.025468,0.101808,0.008528,0.06099,0.0001,,,,,lstm
413378,400,0.044926,0.005347,2.010146,0.005138,0.022479,0.131186,0.013109,0.170217,0.0001,,,,,lstm
413378,400,-0.056612,0.009962,2.010175,0.005138,0.034545,0.245233,0.011969,0.259588,0.0001,,,,,lstm
413378,400,0.038268,0.005163,2.01022,0.005138,0.022079,0.277221,0.00676,0.25215,0.0001,,,,,lstm
420195,404,-0.127123,0.008555,2.01025,0.005122,0.035822,0.262114,0.039927,0.244391,0.0001,,,,,lstm
420195,404,0.093844,0.005308,2.010295,0.005122,0.023933,0.08444,0.005337,0.066382,0.0001,,,,,lstm
420195,404,0.043067,0.00592,2.010334,0.005122,0.02651,0.095971,0.007997,0.122886,0.0001,,,,,lstm
420195,404,0.060725,0.006666,2.010358,0.005122,0.026656,0.204767,0.01575,0.141348,0.0001,,,,,lstm
420195,404,-0.015093,0.008766,2.010359,0.005122,0.035375,0.180233,0.012417,0.219111,0.0001,,,,,lstm
420195,404,-0.013763,0.006252,2.010369,0.005122,0.029294,0.224462,0.014006,0.320017,0.0001,,,,,lstm
420195,404,0.110425,0.004223,2.01039,0.005122,0.018417,0.088951,0.010514,0.101142,0.0001,,,,,lstm
420195,404,-0.142988,0.009084,2.010405,0.005122,0.042453,0.199336,0.053166,0.225995,0.0001,,,,,lstm
420195,404,0.021613,0.005998,2.010372,0.005122,0.025464,0.071859,0.003127,0.109736,0.0001,,,,,lstm
420195,404,0.009873,0.005192,2.010354,0.005122,0.030362,0.171476,0.002807,0.077481,0.0001,,,,,lstm
420195,404,0.050416,0.008287,2.010337,0.005122,0.032349,0.128119,0.008513,0.0785,0.0001,,,,,lstm
420195,404,-0.134364,0.007604,2.010319,0.005122,0.038591,0.512116,0.033217,0.596371,0.0001,,,,,lstm
420195,404,0.107917,0.005516,2.010293,0.005122,0.027053,0.112373,0.026389,0.135521,0.0001,,,,,lstm
420195,404,-0.019922,0.007409,2.010267,0.005122,0.036902,0.433548,0.00424,0.556094,0.0001,,,,,lstm
420195,404,-0.025292,0.007194,2.010255,0.005122,0.036214,0.275913,0.002553,0.375171,0.0001,,,,,lstm
420195,404,-0.090947,0.007513,2.010243,0.005122,0.032868,0.231776,0.024345,0.239603,0.0001,,,,,lstm
422967,408,-0.019551,0.008495,2.010238,0.005106,0.040459,0.169297,0.018504,0.217498,0.0001,,,,,lstm
422967,408,0.024948,0.005627,2.010245,0.005106,0.026863,0.0578,0.013907,0.056392,0.0001,,,,,lstm
422967,408,-0.03653,0.009015,2.010247,0.005106,0.041518,0.11783,0.016691,0.137386,0.0001,,,,,lstm
422967,408,0.071134,0.004314,2.010259,0.005106,0.025958,0.186677,0.006741,0.191967,0.0001,,,,,lstm
422967,408,-0.02157,0.008103,2.01027,0.005106,0.04066,0.147044,0.01113,0.090121,0.0001,,,,,lstm
422967,408,0.035352,0.007049,2.010287,0.005106,0.036708,0.168081,0.010449,0.249642,0.0001,,,,,lstm
422967,408,-0.039137,0.008444,2.010309,0.005106,0.043867,0.167716,0.010576,0.151231,0.0001,,,,,lstm
422967,408,0.085246,0.006201,2.010342,0.005106,0.03337,0.18556,0.007795,0.135717,0.0001,,,,,lstm
428259,412,-0.017602,0.005629,2.010372,0.00509,0.030622,0.093254,0.005157,0.068986,0.0001,,,,,lstm
428259,412,0.041896,0.008318,2.01041,0.00509,0.034479,0.227436,0.003762,0.271513,0.0001,,,,,lstm
428259,412,0.005389,0.005523,2.010454,0.00509,0.027506,0.172016,0.007505,0.139243,0.0001,,,,,lstm
428259,412,-0.007064,0.006241,2.01049,0.00509,0.030118,0.117338,0.003539,0.096441,0.0001,,,,,lstm
428259,412,-0.025524,0.007594,2.010526,0.00509,0.039227,0.156121,0.006027,0.192691,0.0001,,,,,lstm
428259,412,0.1028,0.006485,2.010564,0.00509,0.030032,0.136758,0.014717,0.08659,0.0001,,,,,lstm
428259,412,0.047998,0.007699,2.010602,0.00509,0.037126,0.15275,0.012543,0.164951,0.0001,,,,,lstm
428259,412,-0.026203,0.005902,2.010647,0.00509,0.038704,0.261573,0.020855,0.298239,0.0001,,,,,lstm
428259,412,0.012533,0.008271,2.010695,0.00509,0.037806,0.214068,0.021463,0.145968,0.0001,,,,,lstm
428259,412,0.034054,0.006952,2.010747,0.00509,0.035402,0.087018,0.018513,0.055534,0.0001,,,,,lstm
428259,412,0.047887,0.006154,2.010798,0.00509,0.028729,0.066143,0.008368,0.061625,0.0001,,,,,lstm
428259,412,-0.084854,0.007805,2.010855,0.00509,0.039699,0.304712,0.026995,0.332863,0.0001,,,,,lstm
433697,416,0.034003,0.007428,2.010917,0.005073,0.032675,0.159786,0.019992,0.193166,0.0001,,,,,lstm
433697,416,0.018022,0.00407,2.010982,0.005073,0.026938,0.105784,0.008508,0.059983,0.0001,,,,,lstm
433697,416,-0.035738,0.006128,2.011038,0.005073,0.032935,0.153192,0.017017,0.157915,0.0001,,,,,lstm
433697,416,-0.079313,0.007699,2.011111,0.005073,0.036417,0.223064,0.02635,0.258583,0.0001,,,,,lstm
433697,416,0.091695,0.004028,2.011199,0.005073,0.023401,0.060441,0.005844,0.045705,0.0001,,,,,lstm
433697,416,0.023882,0.005708,2.011284,0.005073,0.032049,0.110406,0.013873,0.078124,0.0001,,,,,lstm
433697,416,0.021402,0.005497,2.01137,0.005073,0.029506,0.123248,0.012279,0.153367,0.0001,,,,,lstm
433697,416,0.001646,0.006404,2.011448,0.005073,0.031205,0.064802,0.010882,0.034307,0.0001,,,,,lstm
433697,416,0.010449,0.00527,2.011533,0.005073,0.030616,0.089482,0.011709,0.088714,0.0001,,,,,lstm
433697,416,0.017417,0.006383,2.011612,0.005073,0.032937,0.099693,0.016743,0.077665,0.0001,,,,,lstm
433697,416,0.0471,0.005237,2.011698,0.005073,0.029946,0.163627,0.006211,0.071073,0.0001,,,,,lstm
433697,416,-0.051488,0.005956,2.01178,0.005073,0.037296,0.224794,0.01378,0.280129,0.0001,,,,,lstm
440402,420,-0.029928,0.00563,2.011859,0.005057,0.028598,0.360902,0.013506,0.146691,0.0001,,,,,lstm
440402,420,0.083533,0.004271,2.011926,0.005057,0.027439,0.085328,0.009621,0.069997,0.0001,,,,,lstm
440402,420,0.004735,0.005491,2.011992,0.005057,0.033236,0.09031,0.011042,0.11726,0.0001,,,,,lstm
440402,420,-0.009283,0.00733,2.012051,0.005057,0.030102,0.235816,0.01576,0.183035,0.0001,,,,,lstm
440402,420,0.002566,0.004876,2.012088,0.005057,0.034115,0.269049,0.011804,0.205635,0.0001,,,,,lstm
440402,420,-0.018501,0.006707,2.012129,0.005057,0.03646,0.146881,0.01432,0.087798,0.0001,,,,,lstm
440402,420,0.051961,0.005473,2.012153,0.005057,0.037085,0.249916,0.023174,0.265381,0.0001,,,,,lstm
440402,420,0.065712,0.005641,2.012176,0.005057,0.041224,0.3136,0.022956,0.411979,0.0001,,,,,lstm
440402,420,0.051047,0.005649,2.012188,0.005057,0.035592,0.130091,0.018321,0.161022,0.0001,,,,,lstm
440402,420,-0.054988,0.005185,2.012193,0.005057,0.037663,0.351697,0.016717,0.459137,0.0001,,,,,lstm
440402,420,-0.00096,0.005794,2.012204,0.005057,0.031146,0.301333,0.015512,0.446678,0.0001,,,,,lstm
440402,420,0.213733,0.00586,2.012213,0.005057,0.028899,0.095892,0.026629,0.102748,0.0001,,,,,lstm
440402,420,-0.018588,0.00638,2.012213,0.005057,0.030958,0.067778,0.004494,0.093962,0.0001,,,,,lstm
440402,420,0.041536,0.005591,2.012216,0.005057,0.031772,0.231779,0.007164,0.268839,0.0001,,,,,lstm
440402,420,0.050144,0.004883,2.012221,0.005057,0.029873,0.120827,0.005075,0.095983,0.0001,,,,,lstm
440402,420,-0.053578,0.003353,2.012224,0.005057,0.025122,0.115595,0.012466,0.124675,0.0001,,,,,lstm
448236,424,0.044936,0.004348,2.012216,0.005041,0.021137,0.124698,0.007572,0.079352,0.0001,,,,,lstm
448236,424,-0.103902,0.007069,2.012203,0.005041,0.035278,0.137975,0.033469,0.173581,0.0001,,,,,lstm
448236,424,0.037868,0.005403,2.01217,0.005041,0.029787,0.169333,0.01431,0.174766,0.0001,,,,,lstm
448236,424,0.107578,0.004692,2.01214,0.005041,0.02476,0.11,0.008207,0.137978,0.0001,,,,,lstm
448236,424,0.049381,0.004455,2.012107,0.005041,0.026396,0.149909,0.016272,0.193588,0.0001,,,,,lstm
448236,424,-0.004234,0.006071,2.012065,0.005041,0.030689,0.121326,0.021949,0.377462,0.0001,,,,,lstm
448236,424,-0.050964,0.006492,2.012021,0.005041,0.033576,0.051654,0.01515,0.096107,0.0001,,,,,lstm
448236,424,0.088271,0.004494,2.011972,0.005041,0.030799,0.133545,0.010538,0.107384,0.0001,,,,,lstm
448236,424,-0.044392,0.005411,2.011914,0.005041,0.031332,0.368534,0.008022,0.622785,0.0001,,,,,lstm
448236,424,0.038325,0.004892,2.01185,0.005041,0.032072,0.289416,0.016922,0.440066,0.0001,,,,,lstm
448236,424,0.043341,0.00594,2.011784,0.005041,0.032516,0.118104,0.013962,0.136971,0.0001,,,,,lstm
448236,424,0.034365,0.006292,2.011716,0.005041,0.032684,0.359664,0.009174,0.567067,0.0001,,,,,lstm
448236,424,-0.088647,0.00547,2.011645,0.005041,0.030277,0.395067,0.017831,0.597036,0.0001,,,,,lstm
448236,424,0.036937,0.006492,2.011577,0.005041,0.031839,0.157554,0.001232,0.064437,0.0001,,,,,lstm
448236,424,0.183248,0.004828,2.011499,0.005041,0.025615,0.072023,0.038207,0.061352,0.0001,,,,,lstm
448236,424,-0.072726,0.005519,2.011418,0.005041,0.031065,0.252244,0.005387,0.329876,0.0001,,,,,lstm
455068,428,-0.016142,0.004691,2.011352,0.005025,0.025967,0.096509,0.002073,0.086035,0.0001,,,,,lstm
455068,428,0.042889,0.004174,2.011289,0.005025,0.025164,0.277813,0.00341,0.176402,0.0001,,,,,lstm
455068,428,-0.026347,0.00681,2.011234,0.005025,0.02942,0.166213,0.0138,0.195074,0.0001,,,,,lstm
455068,428,0.099558,0.005472,2.011174,0.005025,0.027726,0.141619,0.003904,0.20398,0.0001,,,,,lstm
455068,428,0.103554,0.004725,2.011122,0.005025,0.024498,0.33655,0.01072,0.557968,0.0001,,,,,lstm
455068,428,-0.035647,0.005949,2.011062,0.005025,0.028375,0.419645,0.013481,0.638809,0.0001,,,,,lstm
455068,428,-0.07823,0.005376,2.011007,0.005025,0.027708,0.160094,0.029971,0.099255,0.0001,,,,,lstm
455068,428,0.131139,0.004532,2.010966,0.005025,0.021255,0.427551,0.005154,0.695986,0.0001,,,,,lstm
455068,428,-0.029808,0.005121,2.010916,0.005025,0.026352,0.139265,0.02449,0.269994,0.0001,,,,,lstm
455068,428,0.004485,0.00546,2.010878,0.005025,0.027099,0.090601,0.014538,0.078152,0.0001,,,,,lstm
455068,428,-0.01704,0.005615,2.010834,0.005025,0.028132,0.352988,0.00438,0.512654,0.0001,,,,,lstm
455068,428,0.229179,0.003757,2.010798,0.005025,0.023128,0.249501,0.034394,0.384183,0.0001,,,,,lstm
455068,428,0.030566,0.006428,2.010737,0.005025,0.028775,0.178316,0.003731,0.201798,0.0001,,,,,lstm
455068,428,-0.037763,0.005281,2.010679,0.005025,0.029584,0.108978,0.00966,0.130202,0.0001,,,,,lstm
455068,428,-0.022846,0.004451,2.010624,0.005025,0.02649,0.086838,0.004763,0.087631,0.0001,,,,,lstm
455068,428,0.200373,0.003667,2.010574,0.005025,0.022278,0.253708,0.027979,0.285035,0.0001,,,,,lstm
459368,432,-0.02544,0.0101,2.010522,0.005009,0.040474,0.104081,0.040067,0.091758,0.0001,,,,,lstm
459368,432,0.011343,0.009309,2.010471,0.005009,0.034806,0.145523,0.027743,0.209772,0.0001,,,,,lstm
459368,432,0.04512,0.006072,2.010416,0.005009,0.039178,0.25275,0.022552,0.220012,0.0001,,,,,lstm
459368,432,0.021695,0.0095,2.010374,0.005009,0.037961,0.367297,0.032893,0.513476,0.0001,,,,,lstm
459368,432,-0.04488,0.009799,2.01033,0.005009,0.039164,0.391411,0.032968,0.581165,0.0001,,,,,lstm
459368,432,0.080711,0.007039,2.010272,0.005009,0.018719,0.117082,0.0152,0.262506,0.0001,,,,,lstm
459368,432,-0.072696,0.008964,2.010214,0.005009,0.031909,0.185916,0.009171,0.28545,0.0001,,,,,lstm
459368,432,0.026737,0.009063,2.010159,0.005009,0.032601,0.329694,0.009756,0.485428,0.0001,,,,,lstm
459368,432,0.325539,0.007548,2.01009,0.005009,0.026391,0.789452,0.026638,1.109673,0.0001,,,,,lstm
459368,432,0.095658,0.008025,2.010028,0.005009,0.028904,0.167189,0.004989,0.179478,0.0001,,,,,lstm
459368,432,-0.115767,0.010446,2.009961,0.005009,0.039971,0.393249,0.021619,0.551145,0.0001,,,,,lstm
459368,432,0.073643,0.005326,2.009899,0.005009,0.018084,0.366624,0.008615,0.521006,0.0001,,,,,lstm
466699,436,-0.010202,0.006412,2.009857,0.004992,0.030218,0.10021,0.003786,0.054992,0.0001,,,,,lstm
466699,436,-0.081763,0.007168,2.009832,0.004992,0.034119,0.242462,0.025766,0.26615,0.0001,,,,,lstm
466699,436,0.075772,0.005045,2.009818,0.004992,0.022204,0.166006,0.00751,0.113523,0.0001,,,,,lstm
466699,436,0.137473,0.004445,2.009802,0.004992,0.022593,0.046154,0.013753,0.08194,0.0001,,,,,lstm
466699,436,-0.005572,0.005839,2.00979,0.004992,0.03019,0.11278,0.01212,0.111774,0.0001,,,,,lstm
466699,436,-0.020653,0.006823,2.009798,0.004992,0.02877,0.17919,0.012684,0.247755,0.0001,,,,,lstm
466699,436,0.025827,0.006071,2.009808,0.004992,0.028381,0.164457,0.012367,0.196548,0.0001,,,,,lstm
466699,436,0.111616,0.004617,2.009813,0.004992,0.0208,0.212113,0.002967,0.156688,0.0001,,,,,lstm
466699,436,0.01868,0.005131,2.009821,0.004992,0.026377,0.12247,0.01035,0.119623,0.0001,,,,,lstm
466699,436,0.058625,0.006114,2.00984,0.004992,0.02332,0.089515,0.015805,0.143035,0.0001,,,,,lstm
466699,436,0.024187,0.005591,2.009869,0.004992,0.02668,0.069664,0.012154,0.105145,0.0001,,,,,lstm
466699,436,-0.055245,0.007004,2.009901,0.004992,0.033739,0.237774,0.025945,0.257135,0.0001,,,,,lstm
466699,436,0.078095,0.005058,2.009921,0.004992,0.025291,0.04599,0.007334,0.046414,0.0001,,,,,lstm
466699,436,0.026443,0.006033,2.009936,0.004992,0.0269,0.047074,0.01033,0.023709,0.0001,,,,,lstm
466699,436,-0.106256,0.007003,2.00996,0.004992,0.032561,0.150238,0.011518,0.131505,0.0001,,,,,lstm
466699,436,0.118961,0.00578,2.009997,0.004992,0.025905,0.093995,0.01496,0.134289,0.0001,,,,,lstm
470962,440,0.001492,0.008781,2.010036,0.004976,0.033409,0.106628,0.006101,0.055859,0.0001,,,,,lstm
470962,440,-0.009464,0.008928,2.010063,0.004976,0.043756,0.112127,0.023871,0.056012,0.0001,,,,,lstm
470962,440,0.02256,0.005752,2.010079,0.004976,0.009948,0.055425,0.003244,0.072536,0.0001,,,,,lstm
470962,440,0.000134,0.008743,2.010103,0.004976,0.037882,0.194312,0.020242,0.241294,0.0001,,,,,lstm
470962,440,-0.010336,0.00819,2.010125,0.004976,0.035485,0.094279,0.004105,0.055838,0.0001,,,,,lstm
470962,440,0.044189,0.013129,2.010128,0.004976,0.046667,0.129094,0.03819,0.076536,0.0001,,,,,lstm
470962,440,-0.028871,0.009431,2.01012,0.004976,0.042788,0.083238,0.023463,0.071215,0.0001,,,,,lstm
470962,440,0.059908,0.007785,2.0101,0.004976,0.033068,0.111226,0.018968,0.166775,0.0001,,,,,lstm
470962,440,-0.367374,0.013318,2.010092,0.004976,0.066798,0.472932,0.093761,0.299061,0.0001,,,,,lstm
470962,440,0.016453,0.008937,2.010034,0.004976,0.040266,0.130056,0.012835,0.080267,0.0001,,,,,lstm
470962,440,0.004163,0.008613,2.009964,0.004976,0.039573,0.100178,0.013162,0.093803,0.0001,,,,,lstm
470962,440,-0.236022,0.01083,2.009905,0.004976,0.055427,0.34548,0.041623,0.251323,0.0001,,,,,lstm
474121,444,-0.007867,0.007731,2.00989,0.00496,0.040634,0.13921,0.012301,0.151376,0.0001,,,,,lstm
474121,444,0.01538,0.009746,2.009881,0.00496,0.042857,0.359319,0.012475,0.405683,0.0001,,,,,lstm
474121,444,-0.02433,0.008278,2.009879,0.00496,0.047347,0.125335,0.006322,0.090166,0.0001,,,,,lstm
474121,444,0.045799,0.009582,2.009897,0.00496,0.049442,0.250929,0.016731,0.294573,0.0001,,,,,lstm
474121,444,0.041825,0.008387,2.009914,0.00496,0.050057,0.179703,0.013723,0.218816,0.0001,,,,,lstm
474121,444,-0.075536,0.009832,2.009942,0.00496,0.053128,0.295999,0.017766,0.330811,0.0001,,,,,lstm
474121,444,0.023305,0.009241,2.009992,0.00496,0.048399,0.106567,0.00406,0.097281,0.0001,,,,,lstm
474121,444,-0.037898,0.007736,2.010045,0.00496,0.047425,0.186657,0.025482,0.20191,0.0001,,,,,lstm
478296,448,0.025636,0.007584,2.010118,0.004944,0.037945,0.143642,0.003654,0.091747,0.0001,,,,,lstm
478296,448,-0.00691,0.007181,2.010203,0.004944,0.038378,0.09445,0.004507,0.09596,0.0001,,,,,lstm
478296,448,-0.39401,0.012061,2.010297,0.004944,0.063409,1.106389,0.129322,0.498938,0.0001,,,,,lstm
478296,448,0.072082,0.005769,2.01039,0.004944,0.031963,0.096172,0.005852,0.061752,0.0001,,,,,lstm
478296,448,-0.055131,0.00895,2.010498,0.004944,0.042438,0.119589,0.00967,0.105063,0.0001,,,,,lstm
478296,448,-0.455274,0.01088,2.010603,0.004944,0.063403,1.067465,0.132856,0.587607,0.0001,,,,,lstm
478296,448,-0.010945,0.007461,2.010723,0.004944,0.040995,0.134684,0.007782,0.087061,0.0001,,,,,lstm
478296,448,0.000992,0.007803,2.010849,0.004944,0.042368,0.269372,0.007767,0.204414,0.0001,,,,,lstm
478296,448,0.121612,0.005129,2.010984,0.004944,0.024671,0.171201,0.038491,0.07184,0.0001,,,,,lstm
478296,448,0.035999,0.007915,2.0111,0.004944,0.045444,0.203556,0.022405,0.099909,0.0001,,,,,lstm
478296,448,-0.016209,0.007622,2.011222,0.004944,0.047429,0.298375,0.013599,0.130667,0.0001,,,,,lstm
478296,448,-0.418175,0.011905,2.011342,0.004944,0.079303,0.804183,0.075408,0.41801,0.0001,,,,,lstm
483732,452,-0.041894,0.006394,2.011496,0.004928,0.035018,0.120488,0.020834,0.11165,0.0001,,,,,lstm
483732,452,0.038763,0.006823,2.01163,0.004928,0.034771,0.054484,0.027164,0.082236,0.0001,,,,,lstm
483732,452,0.042183,0.007697,2.011763,0.004928,0.045235,0.136253,0.023673,0.139701,0.0001,,,,,lstm
483732,452,0.063761,0.006274,2.011887,0.004928,0.033164,0.08692,0.031226,0.06815,0.0001,,,,,lstm
483732,452,-0.046673,0.007564,2.012003,0.004928,0.0402,0.176285,0.011599,0.110106,0.0001,,,,,lstm
483732,452,0.013677,0.006447,2.012113,0.004928,0.03285,0.198977,0.024217,0.12438,0.0001,,,,,lstm
483732,452,0.054058,0.005799,2.012218,0.004928,0.02732,0.222655,0.015734,0.326213,0.0001,,,,,lstm
483732,452,0.025191,0.00664,2.012304,0.004928,0.030449,0.153338,0.012179,0.175349,0.0001,,,,,lstm
483732,452,-0.077234,0.006673,2.012389,0.004928,0.032261,0.128088,0.00515,0.091837,0.0001,,,,,lstm
483732,452,0.112262,0.004586,2.012474,0.004928,0.021609,0.050932,0.011369,0.088368,0.0001,,,,,lstm
483732,452,0.073202,0.005576,2.012553,0.004928,0.027338,0.09652,0.016432,0.08807,0.0001,,,,,lstm
483732,452,-0.237201,0.009596,2.012619,0.004928,0.042049,0.364278,0.023855,0.438058,0.0001,,,,,lstm
487703,456,0.052336,0.006885,2.012696,0.004911,0.036872,0.136698,0.002606,0.099817,0.0001,,,,,lstm
487703,456,-0.06367,0.009997,2.012764,0.004911,0.043044,0.17791,0.029421,0.100714,0.0001,,,,,lstm
487703,456,0.065755,0.006409,2.01282,0.004911,0.032336,0.052717,0.024464,0.03932,0.0001,,,,,lstm
487703,456,-0.07835,0.010323,2.012859,0.004911,0.044535,0.209902,0.030704,0.27957,0.0001,,,,,lstm
487703,456,-0.081615,0.00978,2.012896,0.004911,0.045643,0.150169,0.034959,0.183889,0.0001,,,,,lstm
487703,456,0.078893,0.006762,2.012925,0.004911,0.033493,0.147639,0.023105,0.103011,0.0001,,,,,lstm
487703,456,-0.091191,0.010894,2.012954,0.004911,0.048102,0.16817,0.035772,0.13331,0.0001,,,,,lstm
487703,456,0.08809,0.005758,2.012985,0.004911,0.032597,0.142068,0.018852,0.102914,0.0001,,,,,lstm
491230,460,-0.111666,0.009078,2.013011,0.004895,0.047528,0.2187,0.012114,0.15863,0.0001,,,,,lstm
491230,460,0.154341,0.006077,2.013018,0.004895,0.031674,0.052264,0.02896,0.085161,0.0001,,,,,lstm
491230,460,0.067727,0.006694,2.013021,0.004895,0.041872,0.218752,0.019206,0.26968,0.0001,,,,,lstm
491230,460,-0.083432,0.009795,2.013014,0.004895,0.053487,0.225294,0.007614,0.150223,0.0001,,,,,lstm
491230,460,0.053649,0.006486,2.012994,0.004895,0.04416,0.169653,0.020021,0.178194,0.0001,,,,,lstm
491230,460,-0.062925,0.010211,2.012972,0.004895,0.052615,0.154154,0.008658,0.133456,0.0001,,,,,lstm
491230,460,0.082464,0.005911,2.012932,0.004895,0.042563,0.071157,0.024017,0.093842,0.0001,,,,,lstm
491230,460,-0.100829,0.010791,2.012885,0.004895,0.052064,0.241325,0.012409,0.207333,0.0001,,,,,lstm
497009,464,-0.043388,0.008097,2.012831,0.004879,0.037953,0.17365,0.019339,0.126578,0.0001,,,,,lstm
497009,464,-0.005946,0.008093,2.012749,0.004879,0.037643,0.10863,0.018422,0.081201,0.0001,,,,,lstm
497009,464,0.067083,0.006917,2.012678,0.004879,0.036962,0.101396,0.020365,0.128061,0.0001,,,,,lstm
497009,464,-0.059865,0.007975,2.012619,0.004879,0.037766,0.130286,0.016651,0.118011,0.0001,,,,,lstm
497009,464,0.015181,0.00785,2.01256,0.004879,0.035955,0.173044,0.018584,0.146143,0.0001,,,,,lstm
497009,464,0.063391,0.007335,2.01249,0.004879,0.034633,0.16938,0.025701,0.191883,0.0001,,,,,lstm
497009,464,0.058383,0.00652,2.01242,0.004879,0.025708,0.051447,0.01424,0.039645,0.0001,,,,,lstm
497009,464,-0.034467,0.006487,2.012359,0.004879,0.033637,0.187286,0.023997,0.279686,0.0001,,,,,lstm
497009,464,-0.017966,0.009628,2.012297,0.004879,0.040038,0.137555,0.023828,0.085852,0.0001,,,,,lstm
497009,464,-0.066527,0.008224,2.012242,0.004879,0.03772,0.128804,0.032291,0.155997,0.0001,,,,,lstm
497009,464,-0.00086,0.007979,2.012191,0.004879,0.032694,0.123879,0.018097,0.063919,0.0001,,,,,lstm
497009,464,0.089551,0.005799,2.012152,0.004879,0.024156,0.100916,0.00517,0.083996,0.0001,,,,,lstm
502629,468,-0.058675,0.007143,2.012107,0.004863,0.032164,0.240133,0.004459,0.275285,0.0001,,,,,lstm
502629,468,0.006608,0.006609,2.012061,0.004863,0.031685,0.197557,0.012746,0.274754,0.0001,,,,,lstm
502629,468,0.108374,0.007407,2.012004,0.004863,0.030126,0.218536,0.02919,0.333415,0.0001,,,,,lstm
502629,468,0.02015,0.007252,2.011932,0.004863,0.033787,0.079375,0.015229,0.063555,0.0001,,,,,lstm
502629,468,-0.020579,0.007221,2.011864,0.004863,0.0296,0.168381,0.007629,0.174342,0.0001,,,,,lstm
502629,468,0.041982,0.00553,2.011774,0.004863,0.023625,0.172165,0.006893,0.136818,0.0001,,,,,lstm
502629,468,0.011525,0.006563,2.011673,0.004863,0.028911,0.178821,0.011509,0.2017,0.0001,,,,,lstm
502629,468,0.05103,0.006436,2.011568,0.004863,0.025782,0.231828,0.004995,0.227085,0.0001,,,,,lstm
502629,468,-0.040228,0.007446,2.011463,0.004863,0.033283,0.136042,0.007946,0.14712,0.0001,,,,,lstm
502629,468,-0.016663,0.006295,2.011351,0.004863,0.031169,0.113917,0.005941,0.148086,0.0001,,,,,lstm
502629,468,0.078456,0.005681,2.011241,0.004863,0.021727,0.06368,0.004515,0.098318,0.0001,,,,,lstm
502629,468,-0.036425,0.008969,2.011138,0.004863,0.030775,0.113726,0.013797,0.079377,0.0001,,,,,lstm
508251,472,0.033822,0.005868,2.011026,0.004847,0.027679,0.139516,0.007868,0.05973,0.0001,,,,,lstm
508251,472,0.049109,0.005965,2.010928,0.004847,0.024291,0.134381,0.005719,0.136785,0.0001,,,,,lstm
508251,472,-0.06543,0.008459,2.010848,0.004847,0.034457,0.118128,0.021196,0.115376,0.0001,,,,,lstm
508251,472,0.018046,0.005615,2.010776,0.004847,0.023704,0.094227,0.010788,0.176275,0.0001,,,,,lstm
508251,472,-0.013505,0.006823,2.010718,0.004847,0.029378,0.187532,0.018024,0.310268,0.0001,,,,,lstm
508251,472,0.039689,0.007221,2.010673,0.004847,0.029815,0.130679,0.010917,0.084534,0.0001,,,,,lstm
508251,472,0.030971,0.007508,2.010634,0.004847,0.031079,0.085589,0.011795,0.090029,0.0001,,,,,lstm
508251,472,0.02098,0.006484,2.010594,0.004847,0.029241,0.153634,0.011918,0.199984,0.0001,,,,,lstm
508251,472,-0.022164,0.005739,2.010556,0.004847,0.027584,0.093057,0.003591,0.091422,0.0001,,,,,lstm
508251,472,0.013154,0.005473,2.010524,0.004847,0.027191,0.123958,0.005335,0.159963,0.0001,,,,,lstm
508251,472,0.0468,0.006156,2.010499,0.004847,0.021969,0.165461,0.006329,0.334606,0.0001,,,,,lstm
508251,472,-0.035423,0.008027,2.010486,0.004847,0.031564,0.290457,0.013775,0.372503,0.0001,,,,,lstm
512075,476,0.031436,0.008526,2.010473,0.00483,0.035556,0.117894,0.014854,0.091757,0.0001,,,,,lstm
512075,476,-0.04123,0.008119,2.010465,0.00483,0.037777,0.089879,0.020909,0.064406,0.0001,,,,,lstm
512075,476,0.040351,0.007798,2.010477,0.00483,0.034033,0.140394,0.023043,0.121366,0.0001,,,,,lstm
512075,476,-0.051618,0.009117,2.0105,0.00483,0.0421,0.190164,0.013104,0.181019,0.0001,,,,,lstm
512075,476,-0.001933,0.00859,2.010524,0.00483,0.036858,0.172738,0.017211,0.154218,0.0001,,,,,lstm
512075,476,-0.003208,0.008019,2.01055,0.00483,0.037098,0.183583,0.008454,0.144278,0.0001,,,,,lstm
512075,476,-0.099255,0.010401,2.010584,0.00483,0.042227,0.158439,0.02163,0.100094,0.0001,,,,,lstm
512075,476,0.106243,0.005594,2.010625,0.00483,0.027196,0.061219,0.002767,0.036731,0.0001,,,,,lstm
517492,480,-0.052379,0.007826,2.010667,0.004814,0.032777,0.089387,0.013709,0.076341,0.0001,,,,,lstm
517492,480,0.032204,0.007016,2.010708,0.004814,0.029059,0.075666,0.020199,0.087244,0.0001,,,,,lstm
517492,480,0.07921,0.00568,2.010752,0.004814,0.023935,0.175146,0.01682,0.255194,0.0001,,,,,lstm
517492,480,-0.052608,0.007497,2.010796,0.004814,0.033475,0.147173,0.025186,0.144007,0.0001,,,,,lstm
517492,480,-0.003739,0.007521,2.01083,0.004814,0.032668,0.24799,0.010386,0.232716,0.0001,,,,,lstm
517492,480,0.13456,0.005313,2.010876,0.004814,0.019996,0.143163,0.015764,0.117723,0.0001,,,,,lstm
517492,480,-0.060901,0.008502,2.010909,0.004814,0.041739,0.090406,0.013002,0.079062,0.0001,,,,,lstm
517492,480,0.055704,0.007305,2.010948,0.004814,0.030377,0.121186,0.010292,0.108437,0.0001,,,,,lstm
517492,480,0.061229,0.005197,2.010986,0.004814,0.023389,0.077789,0.015441,0.054206,0.0001,,,,,lstm
517492,480,-0.04232,0.008369,2.011023,0.004814,0.036262,0.142022,0.009463,0.079555,0.0001,,,,,lstm
517492,480,0.059742,0.00698,2.011066,0.004814,0.034106,0.077251,0.01359,0.075013,0.0001,,,,,lstm
517492,480,0.024515,0.006964,2.011106,0.004814,0.036455,0.19646,0.017071,0.153272,0.0001,,,,,lstm
521860,484,-0.010871,0.006879,2.011146,0.004798,0.03631,0.198956,0.041901,0.168781,0.0001,,,,,lstm
521860,484,0.016413,0.007338,2.011168,0.004798,0.035872,0.09089,0.018566,0.154442,0.0001,,,,,lstm
521860,484,-0.068179,0.009201,2.011194,0.004798,0.042589,0.45628,0.038124,0.423831,0.0001,,,,,lstm
521860,484,0.088374,0.006447,2.011229,0.004798,0.030002,0.185675,0.032425,0.410289,0.0001,,,,,lstm
521860,484,-0.032458,0.007382,2.011258,0.004798,0.034777,0.186824,0.031482,0.42116,0.0001,,,,,lstm
521860,484,-0.427616,0.010242,2.011278,0.004798,0.051746,0.666383,0.047656,0.89184,0.0001,,,,,lstm
521860,484,-0.018501,0.007646,2.011294,0.004798,0.034846,0.378057,0.006991,0.623797,0.0001,,,,,lstm
521860,484,-0.005952,0.006441,2.011314,0.004798,0.035178,0.669636,0.010902,0.814611,0.0001,,,,,lstm
521860,484,0.088591,0.01094,2.011338,0.004798,0.040302,0.65678,0.030107,0.762437,0.0001,,,,,lstm
521860,484,0.004942,0.007159,2.01136,0.004798,0.034678,0.154781,0.015825,0.14065,0.0001,,,,,lstm
521860,484,0.012838,0.007011,2.011377,0.004798,0.032651,0.268715,0.006601,0.43183,0.0001,,,,,lstm
521860,484,-0.162164,0.008533,2.011383,0.004798,0.043284,0.86548,0.040052,0.948895,0.0001,,,,,lstm
527336,488,-0.031183,0.007425,2.011338,0.004782,0.032182,0.075779,0.031048,0.082008,0.0001,,,,,lstm
527336,488,0.02542,0.007338,2.011304,0.004782,0.03532,0.133704,0.026447,0.104395,0.0001,,,,,lstm
527336,488,0.063399,0.007193,2.011278,0.004782,0.04322,0.209097,0.043352,0.186323,0.0001,,,,,lstm
527336,488,-0.003855,0.00795,2.011247,0.004782,0.03799,0.172182,0.04549,0.109684,0.0001,,,,,lstm
527336,488,0.039934,0.00713,2.011208,0.004782,0.039416,0.143752,0.048903,0.182976,0.0001,,,,,lstm
527336,488,0.003534,0.007661,2.011178,0.004782,0.039105,0.13801,0.02314,0.180245,0.0001,,,,,lstm
527336,488,-0.007175,0.00696,2.01116,0.004782,0.031775,0.241578,0.020325,0.163921,0.0001,,,,,lstm
527336,488,0.094381,0.005906,2.011156,0.004782,0.027391,0.222113,0.012685,0.23178,0.0001,,,,,lstm
527336,488,-0.070343,0.008263,2.011148,0.004782,0.030288,0.151826,0.010088,0.100294,0.0001,,,,,lstm
527336,488,0.145704,0.005882,2.011149,0.004782,0.023805,0.218537,0.011599,0.099286,0.0001,,,,,lstm
527336,488,-0.076163,0.007228,2.01114,0.004782,0.03083,0.120447,0.020878,0.065792,0.0001,,,,,lstm
527336,488,-0.045067,0.007419,2.011141,0.004782,0.027215,0.183858,0.010397,0.166074,0.0001,,,,,lstm
533507,492,-0.051181,0.006737,2.011166,0.004766,0.029606,0.171441,0.005883,0.125704,0.0001,,,,,lstm
533507,492,0.000324,0.007536,2.01119,0.004766,0.030825,0.10108,0.003319,0.074735,0.0001,,,,,lstm
533507,492,0.074743,0.004413,2.011229,0.004766,0.020614,0.05031,0.009887,0.033762,0.0001,,,,,lstm
533507,492,0.257342,0.007193,2.011267,0.004766,0.024562,0.241577,0.023305,0.205479,0.0001,,,,,lstm
533507,492,0.053776,0.006159,2.011299,0.004766,0.026529,0.15514,0.004681,0.117963,0.0001,,,,,lstm
533507,492,-0.046779,0.006565,2.011334,0.004766,0.031224,0.194086,0.014241,0.186329,0.0001,,,,,lstm
533507,492,0.029764,0.00622,2.01137,0.004766,0.025487,0.17358,0.016809,0.168818,0.0001,,,,,lstm
533507,492,-0.104033,0.001155,2.011409,0.004766,0.007835,0.118445,0.002626,0.089271,0.0001,,,,,lstm
533507,492,-0.032597,0.007332,2.011445,0.004766,0.03034,0.147956,0.019743,0.09906,0.0001,,,,,lstm
533507,492,0.047563,0.005468,2.011484,0.004766,0.023496,0.036332,0.016678,0.047793,0.0001,,,,,lstm
533507,492,0.017087,0.005346,2.01152,0.004766,0.022863,0.098527,0.006796,0.067224,0.0001,,,,,lstm
533507,492,0.089018,0.005319,2.011563,0.004766,0.027674,0.255622,0.011506,0.183634,0.0001,,,,,lstm
533507,492,-0.073343,0.00724,2.011599,0.004766,0.030427,0.153296,0.017164,0.132121,0.0001,,,,,lstm
533507,492,0.0657,0.003966,2.011632,0.004766,0.018853,0.059335,0.012998,0.042614,0.0001,,,,,lstm
533507,492,0.037984,0.006546,2.011666,0.004766,0.02597,0.094615,0.017752,0.099075,0.0001,,,,,lstm
533507,492,0.139272,0.002524,2.011716,0.004766,0.014455,0.100918,0.017428,0.071656,0.0001,,,,,lstm
539381,496,0.002732,0.007501,2.011766,0.004749,0.025294,0.137194,0.017054,0.090422,0.0001,,,,,lstm
539381,496,-0.008531,0.005531,2.011798,0.004749,0.029416,0.115815,0.010231,0.100726,0.0001,,,,,lstm
539381,496,0.039684,0.007758,2.011829,0.004749,0.031107,0.101574,0.025304,0.090997,0.0001,,,,,lstm
539381,496,-0.001167,0.007094,2.011863,0.004749,0.03334,0.118674,0.021175,0.12562,0.0001,,,,,lstm
539381,496,0.041463,0.007702,2.011896,0.004749,0.035721,0.182343,0.027034,0.20708,0.0001,,,,,lstm
539381,496,-0.011401,0.007232,2.011914,0.004749,0.031038,0.106697,0.021973,0.128447,0.0001,,,,,lstm
539381,496,-0.008097,0.008438,2.011931,0.004749,0.033056,0.134078,0.017806,0.105744,0.0001,,,,,lstm
539381,496,0.085551,0.006116,2.011947,0.004749,0.030469,0.06642,0.015326,0.068005,0.0001,,,,,lstm
539381,496,-0.051964,0.006786,2.011945,0.004749,0.029407,0.082093,0.004174,0.104316,0.0001,,,,,lstm
539381,496,0.042525,0.006313,2.011949,0.004749,0.027,0.09804,0.014234,0.103594,0.0001,,,,,lstm
539381,496,-0.018746,0.009056,2.011952,0.004749,0.034232,0.140968,0.010095,0.132491,0.0001,,,,,lstm
539381,496,0.009838,0.004828,2.01195,0.004749,0.020588,0.120452,0.012352,0.117348,0.0001,,,,,lstm
545264,500,0.050544,0.006219,2.011949,0.004733,0.021832,0.103184,0.008298,0.113291,0.0001,,,,,lstm
545264,500,-0.010796,0.006264,2.011946,0.004733,0.025151,0.066007,0.005403,0.058428,0.0001,,,,,lstm
545264,500,-0.005169,0.006717,2.011943,0.004733,0.026059,0.12168,0.006425,0.144608,0.0001,,,,,lstm
545264,500,-0.006786,0.007816,2.011943,0.004733,0.025944,0.065772,0.011712,0.044624,0.0001,,,,,lstm
545264,500,-0.024956,0.006058,2.011945,0.004733,0.023305,0.185175,0.008264,0.178179,0.0001,,,,,lstm
545264,500,0.076168,0.005165,2.011943,0.004733,0.02095,0.089007,0.003455,0.096935,0.0001,,,,,lstm
545264,500,0.056707,0.006813,2.011935,0.004733,0.020744,0.055182,0.007801,0.040612,0.0001,,,,,lstm
545264,500,-6.7e-05,0.005731,2.011923,0.004733,0.023284,0.121309,0.011384,0.118048,0.0001,,,,,lstm
545264,500,-0.021902,0.006499,2.011907,0.004733,0.025295,0.094881,0.009923,0.083543,0.0001,,,,,lstm
545264,500,-0.027355,0.00711,2.011893,0.004733,0.025434,0.071429,0.009121,0.045632,0.0001,,,,,lstm
545264,500,0.035619,0.005119,2.011875,0.004733,0.019477,0.114772,0.002629,0.081784,0.0001,,,,,lstm
545264,500,0.031664,0.007116,2.011858,0.004733,0.025909,0.14174,0.006694,0.1121,0.0001,,,,,lstm
