episode,global_step,reward,avg10,length,success,goal_touched,collision,timeout,min_dist,avg_speed_ms,end_reason,elapsed_s,act0_mean,act0_std,act0_min,act0_max,act1_mean,act1_std,act1_min,act1_max,obs_mean,obs_std,obs_min,obs_max,actor_loss,critic_loss,policy_entropy,entropy_coef,value_residual,grad_norm_actor,grad_norm_critic,grad_norm_rnn,lr_actor,lr_critic,alpha,alpha_loss,target_update_magnitude,replay_buffer_size,recurrent_cell
1,157,-2.1696,-2.1696,157,0,0,1,0,3.6184,1.914,collision,2.3,0.045889,0.534901,-0.895072,0.834201,4.999277,0.865271,1.793503,5.98799,0.379711,0.38472,-0.610684,1.0,,,,,,,,,,,,,,0,lstm
2,283,-12.202,-7.1858,126,0,0,1,0,3.7572,1.865,collision,3.9,-0.421018,0.340974,-0.879852,0.717275,4.996542,1.059882,1.098336,5.994113,0.406247,0.397001,-0.607954,1.007439,,,,,,,,,,,,,,0,lstm
3,410,-7.7142,-7.3619,127,0,0,1,0,3.6577,1.986,collision,5.5,-0.171412,0.459688,-0.873059,0.834672,4.949748,1.045652,1.317202,5.982789,0.412711,0.391314,-0.240529,1.0,,,,,,,,,,,,,,0,lstm
4,542,-6.9684,-7.2635,132,0,0,1,0,3.6475,1.829,collision,7.8,-0.023787,0.572133,-0.858202,0.861455,4.835392,1.115022,1.059149,5.976655,0.398484,0.384332,-0.351679,1.0,-0.092146,0.056884,1.878914,0.006742,0.159135,0.119971,0.16606,0.279529,3.7e-05,,,,,0,lstm
5,671,-7.2358,-7.258,129,0,0,1,0,3.6449,1.93,collision,9.5,-0.120692,0.504211,-0.873964,0.851847,4.870341,1.085666,0.992308,5.977759,0.408257,0.389428,-0.260979,1.0,,,,,,,,,,,,,,0,lstm
6,804,-6.2859,-7.096,133,0,0,1,0,3.6793,1.977,collision,11.2,-0.259542,0.422723,-0.873668,0.759343,5.011061,1.010817,0.934776,5.98166,0.409418,0.389596,-0.281418,1.0,,,,,,,,,,,,,,0,lstm
7,931,-9.1303,-7.3866,127,0,0,1,0,3.6445,1.879,collision,12.9,-0.33405,0.443862,-0.883673,0.714798,4.975903,0.997902,1.650583,5.99737,0.402162,0.387225,-0.465432,1.0,,,,,,,,,,,,,,0,lstm
8,1067,-4.9372,-7.0804,136,0,0,1,0,3.6183,1.995,collision,14.9,-0.186278,0.444591,-0.863411,0.664794,4.961419,1.014323,1.059818,5.987204,0.403791,0.386054,-0.247471,1.0,-0.127117,0.05823,1.878863,0.006726,0.125548,0.179613,0.12554,0.220781,4.9e-05,,,,,0,lstm
9,1217,-7.8405,-7.1649,150,0,0,1,0,3.6811,1.922,collision,16.9,0.145314,0.511088,-0.883311,0.848359,4.800827,1.165322,1.198312,5.990797,0.39645,0.396823,-0.695759,1.002943,,,,,,,,,,,,,,0,lstm
10,1367,-7.8624,-7.2346,150,0,0,1,0,3.5455,2.006,collision,18.8,0.254332,0.406638,-0.83161,0.886146,4.829268,1.124133,0.639005,5.992936,0.361881,0.382621,-0.66235,1.0,,,,,,,,,,,,,,0,lstm
11,1493,-12.0832,-8.226,126,0,0,1,0,3.6414,1.844,collision,20.4,-0.386874,0.411184,-0.893192,0.61277,4.80194,1.081873,1.34095,5.988182,0.401595,0.390679,-0.614663,1.0,,,,,,,,,,,,,,0,lstm
12,1622,-7.2057,-7.7264,129,0,0,1,0,3.6219,1.944,collision,22.6,-0.106442,0.495928,-0.897518,0.811427,4.704156,1.293011,0.351506,5.987999,0.413359,0.394062,-0.181086,1.0,-0.052746,0.060014,1.878782,0.00671,0.114015,0.308641,0.07129,0.187804,6.1e-05,,,,,0,lstm
13,1781,1.6562,-6.7893,159,0,0,1,0,3.6474,1.961,collision,24.6,-0.237263,0.441757,-0.886371,0.770209,4.905786,1.054977,0.861641,5.982448,0.398631,0.387175,-0.45059,1.000714,,,,,,,,,,,,,,0,lstm
14,1915,-5.3557,-6.6281,134,0,0,1,0,3.6627,2.034,collision,26.3,-0.175532,0.430931,-0.874525,0.840698,5.055442,0.93529,1.929015,5.970892,0.404426,0.384911,-0.292082,1.0,,,,,,,,,,,,,,0,lstm
15,2043,-7.9646,-6.7009,128,0,0,1,0,3.5922,1.971,collision,28.0,-0.204322,0.455708,-0.878579,0.763902,4.752595,1.230862,0.329597,5.979262,0.40735,0.38994,-0.280311,1.0,,,,,,,,,,,,,,0,lstm
16,2215,3.3008,-5.7423,172,0,0,1,0,3.6488,1.927,collision,30.6,-0.242948,0.46245,-0.863031,0.766134,4.933002,1.144361,1.069012,5.979973,0.39877,0.388665,-0.624491,1.0,-0.031807,0.041527,1.878956,0.006693,0.082827,0.238333,0.036241,0.155766,7.3e-05,,,,,0,lstm
17,2350,-8.789,-5.7081,135,0,0,1,0,3.7206,1.885,collision,32.5,-0.412114,0.343603,-0.880335,0.732499,4.938263,1.128043,0.611164,5.976095,0.41629,0.40306,-0.558102,1.003845,,,,,,,,,,,,,,0,lstm
18,2486,-5.7792,-5.7923,136,0,0,1,0,3.6611,1.901,collision,34.2,-0.02915,0.541064,-0.874456,0.786405,4.842868,1.063604,1.125967,5.970265,0.400272,0.386966,-0.372025,1.0,,,,,,,,,,,,,,0,lstm
19,2625,-5.0617,-5.5145,139,0,0,1,0,3.6095,1.866,collision,36.0,0.027536,0.556447,-0.871003,0.864692,4.96376,0.997053,1.403864,5.996452,0.386759,0.382238,-0.394869,1.0,,,,,,,,,,,,,,0,lstm
20,2758,-5.8899,-5.3172,133,0,0,1,0,3.662,1.928,collision,38.2,-0.202591,0.478899,-0.890222,0.823361,4.727578,1.160691,0.78469,5.967907,0.406331,0.387377,-0.195962,1.0,-0.059044,0.050922,1.879045,0.006677,0.061331,0.346573,0.026815,0.30284,8.5e-05,,,,,0,lstm
21,2883,-8.6916,-4.9781,125,0,0,1,0,3.6513,1.926,collision,39.8,-0.111942,0.501452,-0.87088,0.779315,4.792042,1.255304,0.806616,5.953433,0.408636,0.388858,-0.227415,1.0,,,,,,,,,,,,,,0,lstm
22,3035,-9.4938,-5.2069,152,0,0,1,0,3.7262,1.866,collision,41.8,0.134026,0.526054,-0.875777,0.854177,4.854629,1.167973,1.061,5.985754,0.400661,0.401826,-0.729537,1.0097,,,,,,,,,,,,,,0,lstm
23,3180,-2.6623,-5.6387,145,0,0,1,0,3.6742,1.914,collision,43.7,-0.045548,0.52392,-0.875453,0.881388,4.887754,1.057782,1.481746,5.988607,0.402235,0.39011,-0.329272,1.001154,,,,,,,,,,,,,,0,lstm
24,3311,-6.7392,-5.7771,131,0,0,1,0,3.6179,1.902,collision,45.7,-0.033326,0.53391,-0.883611,0.820992,4.915126,1.124952,0.820416,5.981367,0.401177,0.388423,-0.221383,1.0,-0.020959,0.051904,1.878989,0.006661,0.059591,0.29108,0.01409,0.201883,9.7e-05,,,,,0,lstm
25,3440,-8.7254,-5.8531,129,0,0,1,0,3.7334,1.953,collision,47.4,-0.333732,0.367996,-0.871623,0.701384,4.826746,1.07903,1.69634,5.984533,0.406555,0.389399,-0.412079,1.008429,,,,,,,,,,,,,,0,lstm
26,3566,-10.5868,-7.2419,126,0,0,1,0,3.7426,1.895,collision,49.1,-0.376648,0.388886,-0.876143,0.680629,4.790029,1.057014,1.186759,5.986017,0.408315,0.394799,-0.503366,1.006282,,,,,,,,,,,,,,0,lstm
27,3710,-9.2209,-7.2851,144,0,0,1,0,3.6408,1.941,collision,50.9,0.130893,0.510008,-0.886318,0.886373,5.134525,0.854167,1.185621,5.978453,0.386188,0.38996,-0.69415,1.0,,,,,,,,,,,,,,0,lstm
28,3849,-4.8393,-7.1911,139,0,0,1,0,3.6203,1.886,collision,53.2,-0.004943,0.533286,-0.873949,0.806693,4.771909,1.219448,0.529782,5.992318,0.392265,0.384913,-0.399262,1.0,0.015827,0.046043,1.878825,0.006645,0.072148,0.24188,0.024714,0.175959,0.0001,,,,,0,lstm
29,4008,-2.0574,-6.8907,159,0,0,1,0,3.6666,1.886,collision,55.3,0.032408,0.535211,-0.894382,0.790482,4.802357,1.233592,0.567147,5.988045,0.386843,0.389112,-0.585462,1.003267,,,,,,,,,,,,,,0,lstm
30,4153,-6.9463,-6.9963,145,0,0,1,0,3.5908,1.961,collision,57.3,0.111895,0.482526,-0.879613,0.818857,4.831219,1.127925,0.762712,5.980125,0.370894,0.378932,-0.579284,1.0,,,,,,,,,,,,,,0,lstm
31,4308,-6.5691,-6.7841,155,0,0,1,0,3.5762,1.976,collision,59.4,0.147181,0.469696,-0.855395,0.889292,4.987833,1.104981,0.533494,5.993833,0.365691,0.381231,-0.634982,1.0,,,,,,,,,,,,,,0,lstm
32,4439,-6.5922,-6.4939,131,0,0,1,0,3.6382,1.89,collision,61.5,-0.15005,0.513734,-0.890525,0.835149,4.668154,1.166693,0.410266,5.981974,0.409585,0.391841,-0.218151,1.0,0.005313,0.051179,1.878488,0.006629,0.092498,0.244847,0.022765,0.170761,0.0001,,,,,0,lstm
33,4619,-3.037,-6.5314,180,0,0,1,0,3.6976,1.886,collision,63.9,0.010472,0.535271,-0.883942,0.85459,4.625848,1.192656,0.721143,5.986689,0.41045,0.404879,-0.961989,1.003357,,,,,,,,,,,,,,0,lstm
34,4786,-4.1333,-6.2708,167,0,0,1,0,3.5394,2.025,collision,66.1,0.135673,0.445753,-0.853464,0.853606,4.94686,1.048829,1.1357,5.979158,0.353772,0.377267,-0.623114,1.0,,,,,,,,,,,,,,0,lstm
35,4913,-7.6493,-6.1632,127,0,0,1,0,3.6504,1.933,collision,67.7,-0.196194,0.47809,-0.894099,0.724135,4.859291,1.182792,0.377242,5.977364,0.415425,0.394468,-0.217932,1.0,,,,,,,,,,,,,,0,lstm
36,5044,-6.4506,-5.7495,131,0,0,1,0,3.5751,1.948,collision,69.9,-0.006602,0.497366,-0.864987,0.871177,4.640951,1.252578,1.150472,5.99045,0.412538,0.394263,-0.229911,1.0,0.001365,0.056497,1.878133,0.006612,0.107753,0.136045,0.029821,0.090023,0.0001,,,,,0,lstm
37,5207,-8.7792,-5.7054,163,0,0,1,0,3.6853,1.847,collision,72.1,-0.236887,0.506993,-0.875901,0.85782,4.859706,1.14836,0.953478,5.991404,0.411995,0.408317,-0.985022,1.0,,,,,,,,,,,,,,0,lstm
38,5389,8.3867,-4.3828,182,0,0,1,0,3.6497,1.923,collision,74.5,-0.179837,0.496379,-0.881876,0.758178,4.77428,1.147053,0.455473,5.987095,0.394294,0.388777,-0.491557,1.00693,,,,,,,,,,,,,,0,lstm
39,5523,-9.2539,-5.1024,134,0,0,1,0,3.7256,1.931,collision,76.3,-0.429854,0.295798,-0.876391,0.480272,4.873343,1.047781,1.582893,5.975714,0.405503,0.391815,-0.608779,1.006737,,,,,,,,,,,,,,0,lstm
40,5710,8.9865,-3.5091,187,0,0,1,0,3.6492,1.868,collision,79.2,-0.217616,0.506152,-0.88001,0.811829,4.933415,1.069262,0.832235,5.990104,0.395061,0.391634,-0.51158,1.003096,0.019653,0.047011,1.877774,0.006596,0.089065,0.272386,0.052283,0.19056,0.0001,,,,,0,lstm
41,5844,-5.6929,-3.4215,134,0,0,1,0,3.638,1.957,collision,81.0,-0.028595,0.502112,-0.887724,0.847664,4.726069,1.165242,0.615797,5.952505,0.403891,0.388105,-0.301787,1.0,,,,,,,,,,,,,,0,lstm
42,5966,-13.0907,-4.0714,122,0,0,1,0,3.6231,1.869,collision,82.6,-0.322355,0.447183,-0.893875,0.739114,4.978316,1.048827,1.216452,5.97533,0.407555,0.393099,-0.587248,1.0,,,,,,,,,,,,,,0,lstm
43,6108,-9.1912,-4.6868,142,0,0,1,0,3.7241,1.915,collision,84.5,0.09668,0.511461,-0.856415,0.870896,4.835213,1.092545,1.046961,5.970375,0.404781,0.39915,-0.674011,1.009825,,,,,,,,,,,,,,0,lstm
44,6246,-5.8526,-4.8587,138,0,0,1,0,3.6531,1.856,collision,86.8,-0.304906,0.446247,-0.877109,0.830488,4.81643,1.272688,0.262825,5.991611,0.405789,0.389415,-0.451934,1.0,-0.01212,0.049523,1.877568,0.00658,0.072077,0.304825,0.012022,0.229229,0.0001,,,,,0,lstm
45,6406,-4.578,-4.5516,160,0,0,1,0,3.6413,1.973,collision,88.9,0.111339,0.48667,-0.882509,0.87591,4.986786,1.092974,0.34951,5.985477,0.390275,0.392187,-0.661899,1.001048,,,,,,,,,,,,,,0,lstm
46,6547,-8.6319,-4.7697,141,0,0,1,0,3.6763,1.907,collision,90.8,0.041449,0.5339,-0.877405,0.824906,4.832787,1.078191,1.212718,5.98696,0.392721,0.388674,-0.591366,1.0,,,,,,,,,,,,,,0,lstm
47,6684,-5.7524,-4.467,137,0,0,1,0,3.6754,1.926,collision,92.6,-0.298327,0.421415,-0.89006,0.792972,4.884611,1.118412,0.282218,5.994269,0.413159,0.394725,-0.465898,1.0,,,,,,,,,,,,,,0,lstm
48,6831,-2.336,-5.5393,147,0,0,1,0,3.5572,2.061,collision,94.9,0.107284,0.440641,-0.852118,0.857046,4.844166,1.07656,0.804721,5.968024,0.399202,0.391549,-0.456679,1.0,-0.032257,0.045049,1.877547,0.006564,0.083945,0.164048,0.024164,0.052819,0.0001,,,,,0,lstm
49,7007,3.5866,-4.2553,176,0,0,1,0,3.6498,1.836,collision,97.3,-0.426517,0.36558,-0.881529,0.776609,5.047024,1.048899,0.47675,5.991097,0.402087,0.396685,-0.542364,1.0,,,,,,,,,,,,,,0,lstm
50,7159,-6.7979,-5.8337,152,0,0,1,0,3.6643,1.891,collision,99.2,0.061321,0.533952,-0.890281,0.872246,4.996346,1.116599,1.019555,5.969127,0.390578,0.392751,-0.62454,1.0,,,,,,,,,,,,,,0,lstm
51,7331,0.065,-5.2579,172,0,0,1,0,3.5928,2.13,collision,101.4,0.002385,0.419875,-0.887201,0.780217,5.057413,0.858532,1.569334,5.987605,0.380602,0.386069,-0.539774,1.004387,,,,,,,,,,,,,,0,lstm
52,7453,-10.4525,-4.9941,122,0,0,1,0,3.5958,1.95,collision,103.5,-0.245069,0.46122,-0.882845,0.814789,5.064654,0.924319,1.728808,5.969127,0.411242,0.392715,-0.403713,1.0,-0.02924,0.039387,1.877822,0.006548,0.08267,0.17432,0.003466,0.076152,0.0001,,,,,0,lstm
53,7629,-2.9076,-4.3657,176,0,0,1,0,3.6187,2.019,collision,105.8,0.119589,0.460797,-0.893298,0.866268,4.836848,1.046409,1.267261,5.994673,0.38191,0.393418,-0.70104,1.002811,,,,,,,,,,,,,,0,lstm
54,7757,-7.8891,-4.5694,128,0,0,1,0,3.6173,1.969,collision,107.5,-0.213111,0.454794,-0.877881,0.789583,4.958721,1.116754,0.202455,5.971579,0.410395,0.39089,-0.281939,1.0,,,,,,,,,,,,,,0,lstm
55,7891,-8.0663,-4.9182,134,0,0,1,0,3.5941,1.965,collision,109.2,-0.31282,0.387611,-0.869633,0.557298,4.87886,1.071129,1.192423,5.971574,0.422133,0.402611,-0.562977,1.0,,,,,,,,,,,,,,0,lstm
56,8066,-1.2719,-4.1822,175,0,0,1,0,3.6107,2.025,collision,112.0,0.078321,0.464036,-0.884226,0.775953,5.033213,0.865849,1.084518,5.961949,0.383525,0.390576,-0.604514,1.002634,-0.024231,0.036604,1.878271,0.006531,0.082753,0.215389,0.017295,0.168035,0.0001,,,,,0,lstm
57,8198,-5.875,-4.1945,132,0,0,1,0,3.662,2.017,collision,113.8,-0.189618,0.45102,-0.87061,0.818321,5.042136,0.879862,1.765512,5.993502,0.408622,0.388839,-0.245838,1.0,,,,,,,,,,,,,,0,lstm
58,8338,-7.8415,-4.745,140,0,0,1,0,3.6401,1.939,collision,115.7,0.070201,0.516019,-0.89021,0.796685,5.026125,1.015194,0.656358,5.980256,0.392884,0.389292,-0.564685,1.0,,,,,,,,,,,,,,0,lstm
59,8472,-5.8785,-5.6915,134,0,0,1,0,3.6259,1.997,collision,117.4,-0.20952,0.440211,-0.879685,0.809311,4.954932,1.105971,1.032677,5.990429,0.414969,0.395055,-0.35662,1.0,,,,,,,,,,,,,,0,lstm
60,8603,-5.8269,-5.5944,131,0,0,1,0,3.5384,2.095,collision,119.5,-0.024581,0.407915,-0.796651,0.863163,4.834747,1.198284,0.48511,5.981396,0.420023,0.397502,-0.197023,1.0,-0.047362,0.057725,1.878642,0.006515,0.08246,0.339178,0.028652,0.269635,0.0001,,,,,0,lstm
61,9145,90.8524,3.4843,542,0,0,1,0,2.6885,2.026,collision,126.5,0.114988,0.43929,-0.837914,0.843107,4.853471,1.183416,0.138396,5.986442,0.373816,0.386794,-0.920544,1.0,,,,,,,,,,,,,,0,lstm
62,9288,-4.3974,4.0898,143,0,0,1,0,3.7136,1.952,collision,128.4,-0.132489,0.489906,-0.878296,0.802347,4.999829,1.022542,0.81385,5.990359,0.408983,0.392627,-0.458605,1.009109,,,,,,,,,,,,,,0,lstm
63,9727,-18.2295,2.5576,439,0,0,1,0,3.5312,1.937,collision,134.0,0.076442,0.502131,-0.892642,0.873397,4.921943,1.041889,0.45358,5.985888,0.392825,0.431988,-0.999982,1.001125,,,,,,,,,,,,,,0,lstm
64,9864,-6.5542,2.6911,137,0,0,1,0,3.5916,1.826,collision,136.2,0.013771,0.575027,-0.888627,0.821032,4.817777,1.188867,0.530793,5.96429,0.383266,0.382889,-0.506786,1.0,0.01992,0.024797,1.878762,0.006499,0.087807,0.120144,0.046602,0.085386,0.0001,,,,,0,lstm
65,9999,-9.3044,2.5673,135,0,0,1,0,3.745,1.878,collision,137.8,-0.461212,0.316391,-0.878674,0.366499,5.085067,0.933611,0.691955,5.949684,0.405895,0.39196,-0.597675,1.009182,,,,,,,,,,,,,,0,lstm
66,10128,-11.285,1.566,129,0,0,1,0,3.6338,1.821,collision,139.5,-0.431525,0.369854,-0.871355,0.648499,5.095358,0.997384,0.919044,5.986474,0.410121,0.394976,-0.641483,1.0,,,,,,,,,,,,,,0,lstm
67,10264,-9.3073,1.2228,136,0,0,1,0,3.7533,1.857,collision,141.2,-0.439082,0.348377,-0.874749,0.756074,5.026611,1.059869,1.15888,5.981993,0.406362,0.392979,-0.577477,1.010574,,,,,,,,,,,,,,0,lstm
68,10441,6.7092,2.6778,177,0,0,1,0,3.6497,1.878,collision,143.9,-0.308736,0.457093,-0.885176,0.751234,4.906672,1.243742,0.904835,5.993549,0.396066,0.389413,-0.473787,1.001981,-0.017897,0.052846,1.878861,0.006483,0.083005,0.169166,0.017685,0.133541,0.0001,,,,,0,lstm
69,10575,-5.2553,2.7401,134,0,0,1,0,3.6144,1.979,collision,145.6,-0.135115,0.4752,-0.89068,0.82397,4.969072,1.077923,0.825826,5.985854,0.418553,0.397758,-0.156055,1.0,,,,,,,,,,,,,,0,lstm
70,10702,-7.77,2.5458,127,0,0,1,0,3.6243,2.017,collision,147.3,-0.211207,0.42851,-0.892404,0.678893,4.971344,1.064354,1.199063,5.97721,0.410376,0.38842,-0.294168,1.0,,,,,,,,,,,,,,0,lstm
71,10824,-10.2114,-7.5605,122,0,0,1,0,3.6172,1.992,collision,148.9,-0.259111,0.413253,-0.878335,0.611528,4.957981,1.114578,0.316586,5.982872,0.413536,0.391908,-0.372056,1.0,,,,,,,,,,,,,,0,lstm
72,10951,-14.4627,-8.5671,127,0,0,1,0,3.7712,1.72,collision,151.0,-0.558068,0.304937,-0.892014,0.703734,5.006176,0.993965,1.880486,5.965919,0.39944,0.395857,-0.671036,1.002905,-0.057276,0.048938,1.879152,0.006467,0.076667,0.196581,0.043581,0.080005,0.0001,,,,,0,lstm
73,11091,-6.4646,-7.3906,140,0,0,1,0,3.7252,1.931,collision,152.8,-0.36871,0.373371,-0.866795,0.542509,5.019943,1.049613,1.322001,5.986245,0.408353,0.392379,-0.528145,1.00941,,,,,,,,,,,,,,0,lstm
74,11229,-3.6324,-7.0984,138,0,0,1,0,3.5761,2.081,collision,154.6,0.00187,0.442562,-0.873486,0.7909,5.098518,0.950218,1.227277,5.976687,0.401783,0.387114,-0.226541,1.0,,,,,,,,,,,,,,0,lstm
75,11398,-12.9083,-7.4588,169,0,0,1,0,3.6861,1.803,collision,156.8,-0.367535,0.461565,-0.896361,0.814406,4.9722,1.071081,1.454234,5.98446,0.398209,0.405474,-0.991253,1.0,,,,,,,,,,,,,,0,lstm
76,11533,-5.099,-6.8402,135,0,0,1,0,3.6452,1.948,collision,159.1,-0.122022,0.494478,-0.887734,0.803199,4.953163,1.103866,0.794973,5.969421,0.400977,0.386647,-0.227694,1.0,-0.016113,0.049851,1.879707,0.00645,0.090328,0.270281,0.021489,0.221539,0.0001,,,,,0,lstm
77,11679,-5.4612,-6.4556,146,0,0,1,0,3.6675,2.029,collision,161.0,0.041651,0.478303,-0.876742,0.847487,5.085442,0.968138,1.810593,5.988165,0.404727,0.395848,-0.537595,1.005291,,,,,,,,,,,,,,0,lstm
78,11845,-6.8254,-7.809,166,0,0,1,0,3.6408,2.012,collision,163.2,0.078796,0.451091,-0.863205,0.866949,5.011142,0.983952,1.04585,5.998108,0.388828,0.393666,-0.698063,1.000752,,,,,,,,,,,,,,0,lstm
79,11985,-5.0326,-7.7868,140,0,0,1,0,3.646,2.044,collision,165.0,-0.009632,0.446933,-0.843704,0.779831,4.864132,1.181119,0.856257,5.991683,0.404753,0.390886,-0.365939,1.0,,,,,,,,,,,,,,0,lstm
80,12122,-8.43,-7.8528,137,0,0,1,0,3.6623,1.851,collision,167.3,-0.429134,0.369787,-0.857744,0.818644,5.063762,0.963063,1.488811,5.984416,0.418525,0.402654,-0.619152,1.0,-0.016878,0.052567,1.880281,0.006434,0.083878,0.1639,0.013474,0.096688,0.0001,,,,,0,lstm
81,12249,-8.6469,-7.6963,127,0,0,1,0,3.6749,1.936,collision,168.9,-0.262335,0.437546,-0.876467,0.793641,4.929287,1.182915,0.844544,5.969096,0.413787,0.391448,-0.333632,1.0,,,,,,,,,,,,,,0,lstm
82,12377,-7.5452,-7.0046,128,0,0,1,0,3.6072,2.026,collision,170.6,-0.216256,0.417511,-0.834064,0.687506,5.21888,0.919119,1.302731,5.988004,0.419998,0.393979,-0.259796,1.0,,,,,,,,,,,,,,0,lstm
83,12518,-2.4903,-6.6071,141,0,0,1,0,3.5185,2.064,collision,172.4,-0.025821,0.428232,-0.824114,0.878808,4.742724,1.235758,1.138718,5.977675,0.409263,0.39139,-0.198408,1.0,,,,,,,,,,,,,,0,lstm
84,12656,-3.304,-6.5743,138,0,0,1,0,3.559,2.087,collision,174.6,-0.083742,0.41964,-0.861992,0.782646,4.978549,1.083851,1.081367,5.992826,0.412319,0.391495,-0.199322,1.0,-0.046148,0.048246,1.880796,0.006418,0.098532,0.14815,0.024508,0.103134,0.0001,,,,,0,lstm
85,12796,-7.4096,-6.0244,140,0,0,1,0,3.5579,2.069,collision,176.4,0.118222,0.425246,-0.838405,0.860853,4.900862,1.009583,1.083872,5.986567,0.389841,0.38734,-0.547878,1.0,,,,,,,,,,,,,,0,lstm
86,12950,0.6784,-5.4467,154,0,0,1,0,3.6459,2.054,collision,178.3,-0.072107,0.454753,-0.889093,0.860363,4.998674,1.028465,1.550618,5.974401,0.41103,0.397845,-0.31263,1.008541,,,,,,,,,,,,,,0,lstm
87,13089,-3.6628,-5.2668,139,0,0,1,0,3.6389,1.928,collision,180.1,-0.163556,0.493019,-0.894395,0.759849,5.067921,0.99253,0.94556,5.977398,0.402872,0.38958,-0.219692,1.0,,,,,,,,,,,,,,0,lstm
88,13217,-6.8113,-5.2654,128,0,0,1,0,3.5767,2.073,collision,182.2,-0.050876,0.430444,-0.887773,0.843725,4.939517,1.110934,0.5829,5.989468,0.407963,0.386394,-0.123433,1.0,-0.027699,0.046155,1.881135,0.006402,0.072215,0.230041,0.012615,0.116175,0.0001,,,,,0,lstm
89,13354,-4.7055,-5.2327,137,0,0,1,0,3.5503,2.065,collision,184.0,-0.166399,0.404251,-0.826301,0.696283,5.08873,1.052714,1.310954,5.984476,0.416426,0.393798,-0.384195,1.0,,,,,,,,,,,,,,0,lstm
90,13497,-2.2093,-4.6106,143,0,0,1,0,3.6509,1.964,collision,185.8,-0.168042,0.477478,-0.881178,0.76981,5.106105,0.962981,1.251327,5.9936,0.40877,0.393205,-0.218166,1.000113,,,,,,,,,,,,,,0,lstm
91,13643,-1.2791,-3.8739,146,0,0,1,0,3.6637,2.031,collision,187.6,-0.18749,0.436374,-0.877132,0.706661,5.209184,0.829804,1.758287,5.988596,0.412404,0.395443,-0.279787,1.007581,,,,,,,,,,,,,,0,lstm
92,13777,-5.0622,-3.6256,134,0,0,1,0,3.5874,1.994,collision,189.9,-0.072899,0.485459,-0.878182,0.86804,5.025671,0.963062,1.644386,5.979733,0.407842,0.390094,-0.147369,1.0,-0.033294,0.05378,1.881233,0.006386,0.075971,0.185827,0.007369,0.125636,0.0001,,,,,0,lstm
93,14055,24.8621,-0.8903,278,0,0,1,0,3.3632,2.068,collision,193.6,0.000146,0.441449,-0.87752,0.824806,5.010815,0.999947,1.103782,5.990902,0.390353,0.394246,-0.647762,1.0,,,,,,,,,,,,,,0,lstm
94,14594,67.8577,6.2258,539,0,0,1,0,2.806,2.055,collision,200.6,0.131887,0.421129,-0.85158,0.858498,4.922174,1.091138,0.256822,5.98141,0.374343,0.392914,-0.93492,1.0,,,,,,,,,,,,,,0,lstm
95,15316,59.1249,12.8793,722,0,0,1,0,2.7997,2.074,collision,210.0,0.125735,0.40853,-0.876749,0.875805,4.960913,1.072318,0.396746,5.988464,0.391731,0.416357,-0.999921,1.00189,,,,,,,,,,,,,,0,lstm
96,15448,-8.981,11.9134,132,0,0,1,0,3.6614,1.91,collision,212.5,-0.409631,0.356141,-0.875299,0.571684,5.130373,1.007556,1.529251,5.967571,0.419279,0.401344,-0.578589,1.0,0.021863,0.025282,1.881257,0.006369,0.10185,0.072357,0.079372,0.097247,0.0001,,,,,0,lstm
97,15576,-6.6728,11.6124,128,0,0,1,0,3.5675,2.151,collision,214.2,-0.008453,0.410851,-0.893135,0.83811,5.116433,0.908802,1.641623,5.981863,0.407606,0.386775,-0.141933,1.0,,,,,,,,,,,,,,0,lstm
98,16033,-25.7058,9.7229,457,0,0,1,0,3.5359,2.01,collision,220.1,0.118775,0.455848,-0.865481,0.863479,4.995723,1.059057,0.417292,5.996301,0.38722,0.432452,-0.999995,1.00477,,,,,,,,,,,,,,0,lstm
99,16183,-1.8329,10.0102,150,0,0,1,0,3.5909,2.047,collision,222.0,0.010337,0.455015,-0.863159,0.798148,4.928183,1.051177,1.122571,5.983877,0.39873,0.390989,-0.460901,1.0,,,,,,,,,,,,,,0,lstm
100,16311,-7.1882,9.5123,128,0,0,1,0,3.5556,2.042,collision,224.1,0.000583,0.442698,-0.871718,0.861188,4.89763,1.129089,0.579417,5.982918,0.40273,0.385819,-0.263106,1.0,-5.7e-05,0.034731,1.881306,0.006353,0.078477,0.112083,0.011567,0.097259,0.0001,,,,,0,lstm
101,16448,-4.0997,9.2302,137,0,0,1,0,3.6048,2.014,collision,225.8,-0.073618,0.46741,-0.868668,0.847346,5.081999,0.956172,0.905173,5.998833,0.413907,0.394848,-0.195665,1.0,,,,,,,,,,,,,,0,lstm
102,16587,-3.3024,9.4062,139,0,0,1,0,3.5933,2.033,collision,227.6,-0.079141,0.463276,-0.888903,0.823784,5.072547,1.05722,1.142035,5.980304,0.411451,0.39414,-0.153281,1.0,,,,,,,,,,,,,,0,lstm
103,16724,-7.3733,6.1826,137,0,0,1,0,3.6448,1.938,collision,229.3,-0.331004,0.400515,-0.872013,0.72445,4.988149,1.113118,0.187067,5.965319,0.423838,0.405135,-0.562857,1.0,,,,,,,,,,,,,,0,lstm
104,16849,-10.3237,-1.6355,125,0,0,1,0,3.6858,1.928,collision,231.3,-0.351591,0.379118,-0.856317,0.659253,4.944979,1.052402,0.948792,5.993441,0.409954,0.394004,-0.491742,1.0,-0.013223,0.047931,1.88131,0.006337,0.079517,0.195803,0.004127,0.130213,0.0001,,,,,0,lstm
105,16988,-5.3482,-8.0828,139,0,0,1,0,3.7227,1.984,collision,233.1,-0.303728,0.384491,-0.873625,0.758741,5.152693,0.937136,1.097958,5.992701,0.412501,0.390473,-0.45679,1.010693,,,,,,,,,,,,,,0,lstm
106,17143,-3.2702,-7.5117,155,0,0,1,0,3.5906,2.053,collision,235.2,0.000363,0.442713,-0.877643,0.804832,4.872999,1.102962,0.430829,5.993868,0.382486,0.383807,-0.519211,1.0,,,,,,,,,,,,,,0,lstm
107,17289,-0.9476,-6.9392,146,0,0,1,0,3.581,2.099,collision,237.1,-0.125489,0.402353,-0.833809,0.754454,4.964984,1.039733,1.601407,5.970016,0.418448,0.399222,-0.26724,1.0,,,,,,,,,,,,,,0,lstm
108,17426,-4.0197,-4.7706,137,0,0,1,0,3.5656,2.054,collision,239.4,-0.009446,0.442028,-0.86655,0.814349,5.175603,0.85444,0.685066,5.986405,0.404722,0.388241,-0.26789,1.0,-0.021234,0.047718,1.881227,0.006321,0.084691,0.230868,0.01586,0.146228,0.0001,,,,,0,lstm
109,18150,63.1663,1.7293,724,0,0,1,0,2.791,2.071,collision,248.4,0.111886,0.415606,-0.872267,0.869545,4.979767,1.065354,0.539804,5.995208,0.387488,0.412513,-0.999867,1.0,,,,,,,,,,,,,,0,lstm
110,18426,16.7042,4.1186,276,0,0,1,0,3.4349,2.071,collision,252.0,0.153819,0.408756,-0.784034,0.873419,4.954367,1.053484,0.870524,5.9905,0.390814,0.398716,-0.721827,1.00721,,,,,,,,,,,,,,0,lstm
111,18604,5.3161,5.0601,178,0,0,1,0,3.6503,1.968,collision,254.3,-0.158844,0.481536,-0.884477,0.817063,5.111594,1.095989,0.830923,5.989691,0.395633,0.389196,-0.426744,1.008784,,,,,,,,,,,,,,0,lstm
112,18753,-0.6754,5.3228,149,0,0,1,0,3.6462,2.078,collision,256.8,-0.076978,0.426747,-0.885735,0.803523,4.953347,1.131918,0.851315,5.983623,0.405101,0.389229,-0.237535,1.008208,0.01307,0.026721,1.881285,0.006305,0.080735,0.210151,0.038759,0.160601,0.0001,,,,,0,lstm
113,19012,2.8072,6.3409,259,0,0,1,0,3.4097,2.138,collision,260.1,0.118395,0.372683,-0.815142,0.809043,4.930939,1.096036,1.067613,5.982115,0.37112,0.400296,-0.717118,1.0,,,,,,,,,,,,,,0,lstm
114,19142,-13.5719,6.0161,130,0,0,1,0,3.7427,1.763,collision,261.8,-0.520223,0.316426,-0.888031,0.42543,5.184707,0.944694,1.008898,5.961865,0.399709,0.395805,-0.661496,1.0,,,,,,,,,,,,,,0,lstm
115,19415,11.3418,7.6851,273,0,0,1,0,3.3816,2.118,collision,265.2,0.12717,0.380094,-0.755852,0.846705,5.03654,1.105598,0.457786,5.980057,0.379813,0.396946,-0.744565,1.0,,,,,,,,,,,,,,0,lstm
116,19568,-7.0608,7.306,153,0,0,1,0,3.6476,1.678,collision,267.6,-0.594328,0.280231,-0.889576,0.677092,5.1931,0.953077,2.11315,5.990049,0.375657,0.383398,-0.675013,1.0,0.015101,0.038486,1.881329,0.006288,0.077022,0.139572,0.027171,0.072571,0.0001,,,,,0,lstm
117,19724,-3.4588,7.0549,156,0,0,1,0,3.6411,2.127,collision,269.7,-0.002038,0.404855,-0.799903,0.795211,5.14088,0.992931,0.390838,5.990778,0.398077,0.388046,-0.417675,1.005243,,,,,,,,,,,,,,0,lstm
118,19863,-3.5031,7.1066,139,0,0,1,0,3.5997,2.015,collision,271.4,-0.116707,0.440376,-0.881715,0.780634,5.071262,1.139006,0.782294,5.986691,0.408651,0.389775,-0.211769,1.0,,,,,,,,,,,,,,0,lstm
119,20051,-3.9354,0.3964,188,0,0,1,0,3.6489,2.071,collision,273.8,0.085219,0.424466,-0.874901,0.812188,5.090775,1.035393,0.36636,5.992711,0.39779,0.400602,-0.764062,1.012133,,,,,,,,,,,,,,0,lstm
120,20183,-7.2106,-1.9951,132,0,0,1,0,3.5877,2.001,collision,276.0,-0.222695,0.431168,-0.885989,0.654144,4.948938,1.05835,2.017635,5.983803,0.41799,0.394493,-0.415411,1.0,-0.02443,0.048704,1.881325,0.006272,0.091452,0.210892,0.046138,0.102706,0.0001,,,,,0,lstm
121,20320,-3.8699,-2.9137,137,0,0,1,0,3.5306,2.112,collision,277.9,-0.010797,0.41346,-0.857761,0.69986,5.122955,0.878671,1.246533,5.985289,0.404125,0.386172,-0.249194,1.0,,,,,,,,,,,,,,0,lstm
122,20502,7.6104,-2.0851,182,0,0,1,0,3.6494,1.869,collision,280.3,-0.343056,0.44823,-0.889869,0.66362,5.009406,1.115162,0.713155,5.970518,0.399889,0.39314,-0.467539,1.002063,,,,,,,,,,,,,,0,lstm
123,20640,-5.6175,-2.9276,138,0,0,1,0,3.6201,2.106,collision,282.1,-0.025561,0.427426,-0.871145,0.838929,5.085303,0.953196,1.003434,5.991722,0.395225,0.380127,-0.306711,1.0,,,,,,,,,,,,,,0,lstm
124,20787,-1.6272,-1.7331,147,0,0,1,0,3.629,2.103,collision,284.4,-0.059903,0.415468,-0.887023,0.760108,5.165117,0.950574,0.34833,5.99102,0.404539,0.388725,-0.271544,1.003111,-0.029911,0.052785,1.881316,0.006256,0.087694,0.285351,0.032362,0.210501,0.0001,,,,,0,lstm
125,20921,-5.4536,-3.4127,134,0,0,1,0,3.5918,2.03,collision,286.1,-0.20417,0.410034,-0.870413,0.740303,5.164102,1.002777,0.664694,5.98253,0.418821,0.394644,-0.274505,1.0,,,,,,,,,,,,,,0,lstm
126,21052,-8.0291,-3.5095,131,0,0,1,0,3.617,1.934,collision,287.8,-0.33416,0.405391,-0.886471,0.6795,5.219207,0.798154,2.384603,5.980641,0.414171,0.392909,-0.479327,1.0,,,,,,,,,,,,,,0,lstm
127,21589,39.9169,0.8281,537,0,0,1,0,2.8808,2.053,collision,294.7,0.116174,0.431529,-0.818733,0.878876,5.082787,0.983141,0.761029,5.99491,0.358327,0.391488,-0.989485,1.0,,,,,,,,,,,,,,0,lstm
128,21854,6.7024,1.8486,265,0,0,1,0,3.4549,2.14,collision,298.6,0.121418,0.377532,-0.788174,0.849788,5.126867,0.981099,1.133858,5.989267,0.387936,0.404479,-0.707591,1.001076,0.00619,0.03203,1.881312,0.00624,0.083859,0.144486,0.023969,0.091546,0.0001,,,,,0,lstm
129,21997,-2.1086,2.0313,143,0,0,1,0,3.605,2.054,collision,300.5,-0.182466,0.423027,-0.888229,0.689706,5.084909,0.994435,0.961402,5.987816,0.403491,0.386924,-0.206596,1.0,,,,,,,,,,,,,,0,lstm
130,22145,0.1513,2.7675,148,0,0,1,0,3.4999,2.126,collision,302.4,-0.085494,0.404803,-0.856492,0.762129,5.190654,0.844904,1.777406,5.977229,0.405469,0.387992,-0.208585,1.0,,,,,,,,,,,,,,0,lstm
131,22327,7.5717,3.9117,182,0,0,1,0,3.6496,1.92,collision,304.8,-0.287927,0.463205,-0.890813,0.830081,5.229288,0.839213,2.106724,5.987317,0.394808,0.388204,-0.443664,1.006333,,,,,,,,,,,,,,0,lstm
132,22486,0.2507,3.1757,159,0,0,1,0,3.6481,1.937,collision,307.4,-0.351287,0.388319,-0.88451,0.78583,5.093852,0.99322,0.329846,5.98124,0.407764,0.389122,-0.391311,1.0,-0.026256,0.042018,1.881316,0.006224,0.079608,0.176702,0.004055,0.124921,0.0001,,,,,0,lstm
133,22645,0.1249,3.75,159,0,0,1,0,3.5523,2.127,collision,309.6,0.023504,0.40517,-0.804712,0.883403,5.032214,1.010365,0.996953,5.990125,0.384043,0.379098,-0.34573,1.0,,,,,,,,,,,,,,0,lstm
134,22788,-1.7066,3.742,143,0,0,1,0,3.5365,2.138,collision,311.5,-0.113865,0.383558,-0.825831,0.734932,4.989865,1.046339,1.491288,5.99533,0.407709,0.388724,-0.226848,1.0,,,,,,,,,,,,,,0,lstm
135,22938,-0.0191,4.2855,150,0,0,1,0,3.5822,2.06,collision,313.4,-0.111807,0.420953,-0.867746,0.784429,5.085854,0.926823,1.542257,5.978157,0.400312,0.38562,-0.261647,1.0,,,,,,,,,,,,,,0,lstm
136,23192,-1.9468,4.8937,254,0,0,1,0,3.4519,2.081,collision,317.1,0.096358,0.411238,-0.811664,0.82629,5.034183,1.020295,0.950836,5.985851,0.360332,0.398568,-0.795974,1.0,-0.033837,0.037772,1.88131,0.006207,0.090134,0.358667,0.023372,0.261614,0.0001,,,,,0,lstm
137,23344,-0.9336,0.8086,152,0,0,1,0,3.5635,2.112,collision,319.1,-0.077609,0.41271,-0.870478,0.777797,5.157206,0.89659,1.322037,5.986513,0.394431,0.381805,-0.330819,1.0,,,,,,,,,,,,,,0,lstm
138,23484,-3.3925,-0.2009,140,0,0,1,0,3.5697,2.077,collision,320.9,-0.168064,0.408591,-0.849329,0.716775,5.174753,0.942968,0.966597,5.958767,0.412812,0.391633,-0.246621,1.0,,,,,,,,,,,,,,0,lstm
139,23619,-5.8086,-0.5709,135,0,0,1,0,3.6435,2.004,collision,322.6,-0.239226,0.414856,-0.864552,0.667143,5.206477,0.942494,1.334697,5.992621,0.413833,0.388864,-0.324479,1.0,,,,,,,,,,,,,,0,lstm
140,23878,-2.5728,-0.8433,259,0,0,1,0,3.551,2.084,collision,326.4,0.123271,0.40377,-0.769618,0.864567,5.041425,1.055748,0.736916,5.992868,0.375227,0.404902,-0.766631,1.008236,-0.022795,0.045826,1.881512,0.006191,0.097198,0.406272,0.014476,0.293018,0.0001,,,,,0,lstm
141,24030,-3.9092,-1.9914,152,0,0,1,0,3.6453,2.117,collision,328.3,-0.055493,0.410041,-0.847521,0.838262,4.987377,1.04159,0.925399,5.984977,0.400162,0.38699,-0.408448,1.004726,,,,,,,,,,,,,,0,lstm
142,24194,-4.5495,-2.4714,164,0,0,1,0,3.6998,1.825,collision,330.3,-0.41612,0.403082,-0.88156,0.711328,5.233881,0.878352,0.391181,5.98648,0.411728,0.398542,-0.880288,1.0,,,,,,,,,,,,,,0,lstm
143,24349,0.4607,-2.4378,155,0,0,1,0,3.6274,2.052,collision,332.3,-0.109091,0.424201,-0.840948,0.813468,5.161505,1.018271,1.174132,5.986204,0.398427,0.383424,-0.35197,1.002689,,,,,,,,,,,,,,0,lstm
144,25312,79.4798,5.6808,963,0,0,1,0,2.5109,2.063,collision,344.6,-0.0393,0.431176,-0.869696,0.860779,5.024837,1.082234,0.344707,5.997104,0.375257,0.417217,-0.997214,1.0,0.012136,0.02722,1.881848,0.006175,0.088138,0.109686,0.057784,0.093043,0.0001,,,,,0,lstm
145,25466,0.3019,5.7129,154,0,0,1,0,3.5571,2.064,collision,346.5,-0.137298,0.421469,-0.845875,0.762117,5.206174,0.856652,1.668171,5.98617,0.395883,0.380275,-0.360403,1.0,,,,,,,,,,,,,,0,lstm
146,27102,-16.5162,4.256,1636,0,0,1,0,2.3359,2.092,collision,366.8,0.051667,0.41492,-0.868117,0.85527,4.980211,1.06942,0.430059,5.994019,0.359871,0.421335,-1.0,1.0,,,,,,,,,,,,,,0,lstm
147,27359,-3.7741,3.972,257,0,0,1,0,3.5559,2.104,collision,370.0,0.067762,0.411671,-0.76616,0.861757,5.000365,1.019853,1.296325,5.988412,0.371901,0.40494,-0.773222,1.007195,,,,,,,,,,,,,,0,lstm
148,27499,-10.4027,3.2709,140,0,0,1,0,3.6466,1.734,collision,372.7,-0.55306,0.296448,-0.895842,0.549846,5.176765,0.926228,1.673295,5.996685,0.401442,0.394784,-0.700249,1.0,0.066029,0.01714,1.882129,0.006159,0.047799,0.171516,0.024163,0.100067,0.0001,,,,,0,lstm
149,27751,-1.0837,3.7434,252,0,0,1,0,3.4618,2.077,collision,375.9,-0.002198,0.439507,-0.856631,0.859942,5.062951,0.975069,0.944168,5.984702,0.344706,0.384753,-0.788046,1.0,,,,,,,,,,,,,,0,lstm
150,27910,-0.8235,3.9184,159,0,0,1,0,3.5804,2.089,collision,377.9,-0.027281,0.418336,-0.855146,0.839091,5.117517,1.007643,1.430159,5.97613,0.389765,0.383228,-0.385632,1.0,,,,,,,,,,,,,,0,lstm
151,28067,0.9802,4.4073,157,0,0,1,0,3.6402,2.027,collision,379.9,-0.146935,0.437343,-0.896719,0.82833,5.143117,0.966744,1.474638,5.977157,0.402422,0.387404,-0.365142,1.005335,,,,,,,,,,,,,,0,lstm
152,28235,2.3437,5.0966,168,0,0,1,0,3.6323,2.076,collision,382.4,-0.176981,0.389324,-0.849179,0.775336,5.006755,0.965876,1.375079,5.991796,0.403625,0.390635,-0.471427,1.007092,-0.01544,0.037361,1.882128,0.006143,0.082637,0.408133,0.039378,0.292011,0.0001,,,,,0,lstm
153,28504,10.5776,6.1083,269,0,0,1,0,3.4853,2.09,collision,385.7,0.017165,0.421733,-0.839708,0.856713,5.111845,1.02156,0.842575,5.997479,0.385283,0.397322,-0.682953,1.006783,,,,,,,,,,,,,,0,lstm
154,28766,16.5825,-0.1814,262,0,0,1,0,3.4278,2.152,collision,389.0,-0.028511,0.377913,-0.75989,0.779917,4.969797,1.065242,0.573287,5.990914,0.377074,0.386572,-0.627886,1.004264,,,,,,,,,,,,,,0,lstm
155,28937,-0.7501,-0.2866,171,0,0,1,0,3.6171,2.155,collision,391.1,-0.028416,0.378798,-0.874169,0.836748,5.012724,1.035047,0.478248,5.980087,0.396331,0.390609,-0.470431,1.007553,,,,,,,,,,,,,,0,lstm
156,29091,1.3958,1.5046,154,0,0,1,0,3.5596,2.109,collision,393.5,-0.130149,0.403993,-0.847356,0.713433,5.084713,0.945964,1.559096,5.989892,0.399123,0.385175,-0.300157,1.0,-0.003423,0.033853,1.882062,0.006126,0.085967,0.114565,0.009253,0.073396,0.0001,,,,,0,lstm
157,29353,2.9061,2.1726,262,0,0,1,0,3.4449,2.089,collision,396.7,0.019599,0.416704,-0.757736,0.849662,4.918231,1.116939,0.790183,5.988075,0.361921,0.38806,-0.739675,1.0,,,,,,,,,,,,,,0,lstm
158,29501,-1.3005,3.0828,148,0,0,1,0,3.5518,1.988,collision,398.5,-0.213985,0.428944,-0.882533,0.703561,5.075475,1.033878,0.605911,5.96577,0.411908,0.392674,-0.330876,1.0,,,,,,,,,,,,,,0,lstm
159,29960,-53.6631,-2.1751,459,0,0,1,0,3.6581,2.017,collision,404.2,-0.068744,0.47231,-0.888274,0.860171,5.040003,1.025123,0.771203,5.984898,0.395618,0.445135,-1.0,1.0,,,,,,,,,,,,,,0,lstm
160,30101,-3.6881,-2.4616,141,0,0,1,0,3.6148,2.055,collision,406.5,-0.251528,0.361577,-0.853318,0.654556,5.054883,0.977477,1.001999,5.990341,0.41187,0.388395,-0.370486,1.0,-0.021251,0.033115,1.882002,0.00611,0.080598,0.235447,0.021962,0.167986,0.0001,,,,,0,lstm
161,30268,1.868,-2.3728,167,0,0,1,0,3.6493,1.913,collision,408.5,-0.357256,0.396254,-0.88937,0.673153,5.101404,0.99061,0.697429,5.996915,0.406256,0.389866,-0.441775,1.000326,,,,,,,,,,,,,,0,lstm
162,30401,-11.2541,-3.7326,133,0,0,1,0,3.7587,1.749,collision,410.2,-0.554532,0.28194,-0.887173,0.362387,5.221822,0.874815,1.601567,5.995669,0.400776,0.389482,-0.647281,1.003445,,,,,,,,,,,,,,0,lstm
163,30661,3.2045,-4.4699,260,0,0,1,0,3.4906,2.01,collision,413.4,0.060379,0.45233,-0.817101,0.844465,4.821428,1.249343,0.183587,5.988097,0.364008,0.393824,-0.766384,1.0,,,,,,,,,,,,,,0,lstm
164,30925,10.2589,-5.1023,264,0,0,1,0,3.4174,2.126,collision,417.1,0.019976,0.407808,-0.797088,0.840335,5.000413,0.998854,1.566119,5.987581,0.370688,0.388063,-0.68534,1.0,0.004131,0.036248,1.882022,0.006094,0.080423,0.21169,0.014537,0.0915,0.0001,,,,,0,lstm
165,31073,-1.0997,-5.1372,148,0,0,1,0,3.5851,2.034,collision,418.9,-0.0904,0.453958,-0.886883,0.783349,5.111087,0.996085,1.282372,5.981673,0.401505,0.385137,-0.295536,1.0,,,,,,,,,,,,,,0,lstm
166,31543,-43.5172,-9.6285,470,0,0,1,0,3.6472,2.05,collision,424.6,-0.104379,0.448434,-0.866319,0.837222,5.094923,0.905901,0.50894,5.991735,0.391681,0.439712,-1.0,1.008561,,,,,,,,,,,,,,0,lstm
167,31699,2.2453,-9.6946,156,0,0,1,0,3.553,2.094,collision,426.6,-0.10266,0.396316,-0.887171,0.7295,4.868817,1.122741,0.403084,5.986691,0.401473,0.388233,-0.306501,1.0,,,,,,,,,,,,,,0,lstm
168,31956,-0.4916,-9.6137,257,0,0,1,0,3.5074,2.08,collision,430.5,0.056801,0.431255,-0.856487,0.875005,4.960209,1.092252,0.76714,5.997355,0.366364,0.397645,-0.768585,1.0,-0.013217,0.033813,1.882088,0.006078,0.077605,0.036832,0.011764,0.02843,0.0001,,,,,0,lstm
169,32232,26.1955,-1.6278,276,0,0,1,0,3.3457,2.059,collision,433.9,-0.082745,0.423641,-0.828997,0.829035,4.968338,1.163985,0.705988,5.990266,0.38702,0.387761,-0.582238,1.0,,,,,,,,,,,,,,0,lstm
170,32496,9.0947,-0.3496,264,0,0,1,0,3.5104,2.063,collision,437.1,0.063547,0.435358,-0.788543,0.865605,5.002635,1.007182,0.231966,5.982639,0.37826,0.394937,-0.705233,1.011192,,,,,,,,,,,,,,0,lstm
171,32658,0.0584,-0.5305,162,0,0,1,0,3.6103,2.141,collision,439.1,-0.022127,0.384702,-0.873579,0.815418,5.137094,1.021571,0.931344,5.983808,0.395209,0.38447,-0.421603,1.004314,,,,,,,,,,,,,,0,lstm
172,32794,-8.9091,-0.296,136,0,0,1,0,3.741,1.817,collision,441.2,-0.485778,0.33047,-0.893967,0.531751,5.318287,0.693854,1.981697,5.982249,0.409462,0.392855,-0.589454,1.005278,-0.001234,0.039339,1.882172,0.006062,0.089981,0.222744,0.008658,0.164425,0.0001,,,,,0,lstm
173,32940,-4.4494,-1.0614,146,0,0,1,0,3.7039,1.917,collision,443.1,-0.338927,0.414409,-0.892022,0.759001,5.196138,0.881954,1.573661,5.990865,0.412628,0.391555,-0.571932,1.004698,,,,,,,,,,,,,,0,lstm
174,33097,-0.2628,-2.1136,157,0,0,1,0,3.5352,2.063,collision,445.2,-0.001128,0.443041,-0.797066,0.822507,5.005368,1.018012,1.095168,5.988977,0.391195,0.387831,-0.439906,1.0,,,,,,,,,,,,,,0,lstm
175,33242,-3.59,-2.3626,145,0,0,1,0,3.5948,1.975,collision,446.9,-0.295676,0.394421,-0.88116,0.721174,5.04298,1.11045,0.584242,5.980394,0.415391,0.394378,-0.484099,1.0,,,,,,,,,,,,,,0,lstm
176,33378,-5.016,1.4875,136,0,0,1,0,3.5949,2.114,collision,449.1,-0.153669,0.385302,-0.852181,0.670728,4.975756,1.074053,1.267421,5.986099,0.401794,0.382518,-0.250905,1.0,-0.048085,0.053537,1.882348,0.006045,0.096063,0.180671,0.03627,0.111952,0.0001,,,,,0,lstm
177,33517,-3.6839,0.8946,139,0,0,1,0,3.548,2.081,collision,450.8,-0.201617,0.380954,-0.86391,0.74902,5.022408,1.050394,1.175886,5.988912,0.414696,0.391278,-0.27504,1.0,,,,,,,,,,,,,,0,lstm
178,33782,3.622,1.3059,265,0,0,1,0,3.4907,2.067,collision,454.1,0.103283,0.420825,-0.801497,0.871186,4.887321,1.235709,0.344509,5.982843,0.375587,0.398168,-0.728345,1.000505,,,,,,,,,,,,,,0,lstm
179,34032,-19.3619,-3.2498,250,0,0,1,0,3.5205,2.053,collision,457.1,0.084931,0.442953,-0.856267,0.869034,4.984685,1.044813,1.260821,5.986768,0.346189,0.407464,-0.932893,1.0,,,,,,,,,,,,,,0,lstm
180,34169,-3.9417,-4.5535,137,0,0,1,0,3.5582,2.109,collision,459.3,-0.180207,0.382058,-0.852444,0.674386,5.10734,0.942232,1.381543,5.989144,0.413469,0.391994,-0.257401,1.0,0.001254,0.036845,1.882683,0.006029,0.080891,0.091238,0.016763,0.049278,0.0001,,,,,0,lstm
181,34326,0.3598,-4.5233,157,0,0,1,0,3.5207,2.115,collision,461.3,-0.002508,0.398514,-0.816865,0.718983,5.02368,1.039956,0.909504,5.972748,0.387962,0.384626,-0.39733,1.0,,,,,,,,,,,,,,0,lstm
182,34591,2.357,-3.3967,265,0,0,1,0,3.4612,2.09,collision,464.5,0.06566,0.419001,-0.828397,0.823589,4.890051,1.07393,1.161193,5.987121,0.371886,0.396033,-0.737681,1.0,,,,,,,,,,,,,,0,lstm
183,34866,29.5339,0.0016,275,0,0,1,0,3.5113,1.859,collision,467.9,-0.305355,0.475601,-0.883649,0.870363,4.9097,1.113565,0.895124,5.99034,0.400197,0.397301,-0.696622,1.002937,,,,,,,,,,,,,,0,lstm
184,36336,68.9453,6.9224,1470,0,0,1,0,2.1781,2.06,collision,486.9,0.057837,0.420941,-0.860714,0.875258,4.728895,1.277224,0.157551,5.990036,0.348431,0.41285,-0.985326,1.0,-0.032107,0.018547,1.882915,0.006013,0.079278,0.223643,0.05318,0.166739,0.0001,,,,,0,lstm
185,36486,-3.0556,6.9759,150,0,0,1,0,3.7218,1.906,collision,488.8,-0.351057,0.410861,-0.876426,0.810324,5.160833,0.974154,0.927481,5.997262,0.412644,0.392176,-0.521601,1.010712,,,,,,,,,,,,,,0,lstm
186,36635,-0.4094,7.4365,149,0,0,1,0,3.5606,2.057,collision,490.6,-0.139376,0.408381,-0.821845,0.794461,4.935359,1.168695,0.328142,5.97616,0.410705,0.392715,-0.319071,1.0,,,,,,,,,,,,,,0,lstm
187,36779,-4.608,7.3441,144,0,0,1,0,3.5915,1.979,collision,492.5,-0.331108,0.370844,-0.870033,0.73758,5.078855,0.965582,1.079102,5.971036,0.420869,0.40043,-0.556566,1.0,,,,,,,,,,,,,,0,lstm
188,36936,1.5627,7.1382,157,0,0,1,0,3.5575,2.061,collision,494.9,-0.078154,0.43664,-0.85939,0.768342,5.001906,0.951288,1.188973,5.975441,0.397822,0.383926,-0.352913,1.0,-0.026998,0.046139,1.88293,0.005997,0.09332,0.132028,0.047941,0.082799,0.0001,,,,,0,lstm
189,37082,-2.0843,8.866,146,0,0,1,0,3.6406,2.022,collision,496.8,-0.237011,0.405855,-0.887894,0.744797,5.095666,1.009613,0.903739,5.981521,0.413835,0.392829,-0.341172,1.000094,,,,,,,,,,,,,,0,lstm
190,37217,-7.6413,8.496,135,0,0,1,0,3.6041,1.917,collision,498.6,-0.343285,0.408407,-0.882788,0.771917,5.131361,0.919784,1.495854,5.987632,0.418867,0.39644,-0.491868,1.0,,,,,,,,,,,,,,0,lstm
191,37365,-4.9157,7.9685,148,0,0,1,0,3.5371,2.123,collision,500.6,0.06363,0.41146,-0.798382,0.835239,5.085985,0.94142,1.7301,5.973296,0.388307,0.384326,-0.506038,1.0,,,,,,,,,,,,,,0,lstm
192,37632,14.5569,9.1885,267,0,0,1,0,3.3693,2.125,collision,504.5,0.00601,0.398041,-0.827876,0.85867,5.008117,1.062761,0.959082,5.994261,0.365216,0.386362,-0.679818,1.0,-0.024099,0.046579,1.882858,0.005981,0.093829,0.113811,0.029005,0.071306,0.0001,,,,,0,lstm
193,37764,-7.357,5.4994,132,0,0,1,0,3.6637,1.963,collision,506.2,-0.291686,0.405613,-0.866136,0.76428,4.914193,1.046358,1.424853,5.996048,0.412994,0.390856,-0.368362,1.0,,,,,,,,,,,,,,0,lstm
194,37904,-7.4865,-2.1438,140,0,0,1,0,3.7414,1.887,collision,507.9,-0.393087,0.383922,-0.89216,0.694879,5.251299,0.770599,1.252,5.988495,0.410569,0.394048,-0.563412,1.011749,,,,,,,,,,,,,,0,lstm
195,38087,7.6778,-1.0705,183,0,0,1,0,3.6499,1.888,collision,510.2,-0.32439,0.432279,-0.895697,0.716657,5.041963,0.972329,0.548341,5.99738,0.39687,0.386869,-0.457085,1.002498,,,,,,,,,,,,,,0,lstm
196,38224,-3.943,-1.4238,137,0,0,1,0,3.583,2.014,collision,512.2,-0.133492,0.453543,-0.889682,0.795992,5.047716,0.996712,1.511875,5.985447,0.407904,0.389147,-0.215137,1.0,-0.029111,0.04536,1.882769,0.005964,0.084305,0.291601,0.018962,0.205108,0.0001,,,,,0,lstm
197,38391,-1.5548,-1.1185,167,0,0,1,0,3.699,1.965,collision,514.3,-0.294054,0.422003,-0.887899,0.744667,4.984592,1.088792,0.909745,5.986047,0.414607,0.397485,-0.878399,1.007195,,,,,,,,,,,,,,0,lstm
198,38530,-4.0242,-1.6772,139,0,0,1,0,3.5723,2.054,collision,516.1,-0.105515,0.427831,-0.871666,0.780363,5.017527,0.988907,0.302616,5.973615,0.40335,0.383956,-0.301635,1.0,,,,,,,,,,,,,,0,lstm
199,38662,-10.3931,-2.5081,132,0,0,1,0,3.6578,1.821,collision,517.8,-0.449744,0.350364,-0.882138,0.668735,4.860252,1.190481,0.741481,5.986921,0.414999,0.399451,-0.615248,1.0,,,,,,,,,,,,,,0,lstm
200,38836,4.7203,-1.2719,174,0,0,1,0,3.6496,1.9,collision,520.5,-0.353653,0.415461,-0.885911,0.746272,4.961653,1.048365,1.210092,5.986406,0.400433,0.38967,-0.492079,1.000407,-0.002726,0.043614,1.882814,0.005948,0.089476,0.132139,0.017029,0.090194,0.0001,,,,,0,lstm
201,39103,18.3072,1.0504,267,0,0,1,0,3.4043,2.112,collision,523.6,0.025231,0.402588,-0.804141,0.834577,4.99375,1.052034,0.857607,5.995794,0.379416,0.391563,-0.651241,1.000079,,,,,,,,,,,,,,0,lstm
202,39245,-2.7624,-0.6816,142,0,0,1,0,3.5491,2.002,collision,525.3,-0.211449,0.418778,-0.864072,0.756734,4.772053,1.25077,0.569412,5.986541,0.424528,0.401644,-0.252273,1.0,,,,,,,,,,,,,,0,lstm
203,39382,-5.4497,-0.4909,137,0,0,1,0,3.5588,1.988,collision,526.9,-0.252171,0.416912,-0.869559,0.804442,5.137206,0.966048,0.979273,5.99374,0.411719,0.39012,-0.431959,1.0,,,,,,,,,,,,,,0,lstm
204,39916,55.9129,5.8491,534,0,0,1,0,2.8493,2.035,collision,533.6,0.118407,0.434089,-0.850288,0.861557,4.951504,1.101441,0.313413,5.991076,0.363519,0.388963,-0.985764,1.0,-0.001446,0.027009,1.882985,0.005932,0.08661,0.127441,0.037478,0.086131,0.0001,,,,,0,lstm
205,40048,-5.6486,4.5165,132,0,0,1,0,3.596,1.983,collision,535.2,-0.17326,0.453705,-0.86982,0.74853,4.888725,1.066151,0.672869,5.937493,0.420507,0.396794,-0.207635,1.0,,,,,,,,,,,,,,0,lstm
206,40189,-2.1725,4.6935,141,0,0,1,0,3.5482,2.114,collision,536.8,-0.050445,0.40633,-0.799993,0.842785,4.839561,1.05467,1.515036,5.937982,0.404987,0.387604,-0.187217,1.0,,,,,,,,,,,,,,0,lstm
207,40334,-3.6629,4.4827,145,0,0,1,0,3.6402,2.061,collision,538.5,-0.023345,0.451598,-0.891891,0.830034,4.857131,1.093125,0.423916,5.974907,0.401957,0.390182,-0.368793,1.001413,,,,,,,,,,,,,,0,lstm
208,40505,3.1321,5.1983,171,0,0,1,0,3.5356,2.146,collision,540.9,0.034255,0.384951,-0.839951,0.80226,4.95507,1.123865,0.657956,5.977472,0.389069,0.384897,-0.393398,1.0,-0.033126,0.046576,1.883102,0.005916,0.091425,0.116271,0.021937,0.084776,0.0001,,,,,0,lstm
209,40650,-3.8942,5.8482,145,0,0,1,0,3.6193,2.093,collision,542.7,-0.026158,0.426519,-0.817249,0.810338,4.944396,1.010466,1.639692,5.97745,0.396167,0.380327,-0.342191,1.0,,,,,,,,,,,,,,0,lstm
210,41127,-38.7881,1.4974,477,0,0,1,0,3.599,2.006,collision,548.7,-0.054466,0.46451,-0.864974,0.830427,4.912987,1.11953,0.484407,5.993396,0.391373,0.438668,-0.999984,1.0,,,,,,,,,,,,,,0,lstm
211,41275,-1.781,-0.5114,148,0,0,1,0,3.6333,2.134,collision,550.5,-0.046898,0.400801,-0.835236,0.749145,4.944683,1.029285,1.512576,5.987753,0.401083,0.384745,-0.282903,1.004768,,,,,,,,,,,,,,0,lstm
212,41538,11.0393,0.8687,263,0,0,1,0,3.4711,2.119,collision,554.2,0.031559,0.406411,-0.83711,0.845429,4.953947,1.032709,1.430459,5.9873,0.385217,0.399902,-0.69275,1.007516,-0.004353,0.030447,1.883099,0.0059,0.077603,0.202869,0.015771,0.138375,0.0001,,,,,0,lstm
213,41677,-4.5814,0.9556,139,0,0,1,0,3.5894,2.029,collision,556.0,-0.262397,0.38022,-0.852381,0.81149,4.725562,1.215149,0.867873,5.992355,0.410451,0.389355,-0.410559,1.0,,,,,,,,,,,,,,0,lstm
214,41814,-7.5367,-5.3894,137,0,0,1,0,3.7381,1.835,collision,557.7,-0.427925,0.362747,-0.879587,0.707391,4.926061,1.111254,0.401389,5.995975,0.414508,0.394549,-0.514241,1.007621,,,,,,,,,,,,,,0,lstm
215,41959,-2.1144,-5.036,145,0,0,1,0,3.6191,1.989,collision,559.5,-0.228997,0.409286,-0.874174,0.766771,4.838478,1.271052,0.459649,5.98883,0.41601,0.395349,-0.336101,1.0,,,,,,,,,,,,,,0,lstm
216,42097,-5.7444,-5.3932,138,0,0,1,0,3.584,1.951,collision,561.6,-0.288867,0.424508,-0.856959,0.742534,4.929194,1.110102,1.368757,5.967044,0.417791,0.395339,-0.459036,1.0,-0.02904,0.045197,1.883105,0.005883,0.082598,0.144136,0.010971,0.067639,0.0001,,,,,0,lstm
217,42238,-3.2036,-5.3472,141,0,0,1,0,3.5866,2.024,collision,563.3,-0.22565,0.4033,-0.843632,0.643374,4.791476,1.205125,0.790382,5.966494,0.415108,0.394109,-0.276926,1.0,,,,,,,,,,,,,,0,lstm
218,42493,5.2403,-5.1364,255,0,0,1,0,3.4676,2.055,collision,566.4,-0.039515,0.436973,-0.863825,0.838837,4.830203,1.149529,0.803951,5.983328,0.362244,0.391162,-0.745716,1.0,,,,,,,,,,,,,,0,lstm
219,42656,1.2652,-4.6205,163,0,0,1,0,3.6485,1.893,collision,568.3,-0.35432,0.402382,-0.881056,0.716748,4.818387,1.168469,0.771331,5.961799,0.407494,0.392735,-0.488018,1.0,,,,,,,,,,,,,,0,lstm
220,42916,-5.2992,-1.2716,260,0,0,1,0,3.5181,2.074,collision,571.9,0.129851,0.414134,-0.764904,0.870954,4.779298,1.210948,0.598427,5.973883,0.37066,0.403823,-0.777592,1.0,-0.005198,0.029823,1.883258,0.005867,0.076509,0.28048,0.022076,0.167509,0.0001,,,,,0,lstm
221,43066,-0.9346,-1.187,150,0,0,1,0,3.6597,2.045,collision,573.7,-0.138842,0.4224,-0.889652,0.763232,4.914412,1.222748,0.741504,5.975858,0.404912,0.388349,-0.263408,1.009939,,,,,,,,,,,,,,0,lstm
222,43330,11.2733,-1.1636,264,0,0,1,0,3.4732,2.06,collision,576.9,0.023685,0.434503,-0.829226,0.86963,4.874986,1.135779,0.733061,5.986653,0.383613,0.397071,-0.651006,1.004198,,,,,,,,,,,,,,0,lstm
223,43489,-2.0569,-0.9111,159,0,0,1,0,3.5298,2.127,collision,578.9,0.010227,0.407386,-0.779859,0.812962,4.926346,1.048621,1.411315,5.974459,0.386524,0.382392,-0.478337,1.0,,,,,,,,,,,,,,0,lstm
224,43644,1.4939,-0.0081,155,0,0,1,0,3.586,2.074,collision,581.2,-0.077045,0.436813,-0.874946,0.803434,4.886749,0.954219,1.732739,5.988585,0.400432,0.386283,-0.308225,1.0,-0.016866,0.035003,1.88315,0.005851,0.081463,0.145876,0.006067,0.079203,0.0001,,,,,0,lstm
225,43797,0.1631,0.2197,153,0,0,1,0,3.6428,2.05,collision,583.1,-0.097919,0.436682,-0.862436,0.781571,4.970106,1.082756,0.451113,5.984427,0.402905,0.38591,-0.305828,1.006646,,,,,,,,,,,,,,0,lstm
226,43941,-1.8726,0.6069,144,0,0,1,0,3.6037,2.047,collision,584.8,-0.136674,0.415021,-0.87854,0.713361,4.754602,1.207175,1.165286,5.974292,0.412706,0.393268,-0.312307,1.0,,,,,,,,,,,,,,0,lstm
227,44118,6.8331,1.6106,177,0,0,1,0,3.65,1.939,collision,586.9,-0.283401,0.42534,-0.886496,0.701439,4.97765,1.079086,0.596695,5.984644,0.399642,0.388477,-0.383432,1.008995,,,,,,,,,,,,,,0,lstm
228,44271,-4.1782,0.6687,153,0,0,1,0,3.6181,2.152,collision,589.2,-0.024057,0.381535,-0.827246,0.672307,4.938663,0.982849,0.789486,5.980015,0.392907,0.383682,-0.415817,1.0,-0.055073,0.039844,1.883185,0.005835,0.076006,0.271496,0.01399,0.17393,0.0001,,,,,0,lstm
229,44537,7.244,1.2666,266,0,0,1,0,3.3797,2.069,collision,592.4,-0.012637,0.417801,-0.776221,0.838433,4.818366,1.223211,0.621452,5.991995,0.36275,0.390289,-0.742418,1.0,,,,,,,,,,,,,,0,lstm
230,44678,-4.1024,1.3863,141,0,0,1,0,3.6543,1.972,collision,594.2,-0.289616,0.399299,-0.88669,0.686855,4.941969,1.112957,0.933457,5.9756,0.413971,0.392308,-0.33041,1.0,,,,,,,,,,,,,,0,lstm
231,44824,-1.7021,1.3095,146,0,0,1,0,3.6197,2.102,collision,596.0,-0.191704,0.372759,-0.864109,0.777294,4.951002,0.937192,1.635616,5.971106,0.410564,0.389333,-0.360042,1.0,,,,,,,,,,,,,,0,lstm
232,45004,6.7613,0.8583,180,0,0,1,0,3.6498,1.96,collision,598.6,-0.299926,0.407352,-0.876287,0.620907,4.777969,1.139127,1.188733,5.973912,0.400014,0.388934,-0.441146,1.00859,-0.022848,0.037615,1.883377,0.005819,0.079723,0.12158,0.012451,0.076635,0.0001,,,,,0,lstm
233,45135,-11.223,-0.0583,131,0,0,1,0,3.7336,1.724,collision,600.2,-0.53007,0.332874,-0.89021,0.604541,4.910344,1.137754,0.689162,5.994201,0.408025,0.393128,-0.608298,1.0,,,,,,,,,,,,,,0,lstm
234,45397,-1.9546,-0.4032,262,0,0,1,0,3.4597,2.082,collision,603.4,0.089672,0.410889,-0.757203,0.866472,4.843895,1.051795,0.330734,5.980274,0.366198,0.398112,-0.771455,1.0,,,,,,,,,,,,,,0,lstm
235,45537,-10.566,-1.4761,140,0,0,1,0,3.7874,1.714,collision,605.0,-0.577989,0.267139,-0.889418,0.556414,4.845966,1.114166,1.359349,5.98136,0.409281,0.399571,-0.698382,1.011986,,,,,,,,,,,,,,0,lstm
236,45721,7.1814,-0.5707,184,0,0,1,0,3.6497,1.866,collision,607.7,-0.296973,0.470931,-0.892192,0.86464,4.726691,1.290271,0.819987,5.989193,0.395752,0.388409,-0.513695,1.002608,0.022289,0.038663,1.883595,0.005802,0.073371,0.181449,0.023842,0.123194,0.0001,,,,,0,lstm
237,45980,-7.3537,-1.9893,259,0,0,1,0,3.5341,2.098,collision,610.8,0.11293,0.409682,-0.829875,0.88372,4.982309,1.036649,0.822397,5.982243,0.370437,0.406036,-0.785107,1.0,,,,,,,,,,,,,,0,lstm
238,46234,2.3916,-1.3324,254,0,0,1,0,3.4631,2.084,collision,613.9,0.033675,0.418482,-0.808937,0.8672,4.905694,1.158589,0.459448,5.992045,0.362244,0.393877,-0.727337,1.0,,,,,,,,,,,,,,0,lstm
239,46375,-5.4394,-2.6007,141,0,0,1,0,3.6738,1.887,collision,615.6,-0.381298,0.391848,-0.889669,0.776871,4.903915,1.070886,0.698248,5.981382,0.413946,0.394835,-0.471914,1.0,,,,,,,,,,,,,,0,lstm
240,46525,-0.4306,-2.2335,150,0,0,1,0,3.6046,2.039,collision,618.0,-0.09862,0.435149,-0.880943,0.833508,4.925606,1.079823,1.172226,5.972906,0.401539,0.387384,-0.308452,1.0,-0.015954,0.035991,1.88383,0.005786,0.075887,0.200846,0.021111,0.143717,0.0001,,,,,0,lstm
241,46693,-2.0401,-2.2673,168,0,0,1,0,3.6494,2.031,collision,620.1,-0.05064,0.474125,-0.895585,0.799991,4.979372,1.009195,1.454378,5.975379,0.396647,0.390851,-0.485024,1.007068,,,,,,,,,,,,,,0,lstm
242,46833,-4.0789,-3.3513,140,0,0,1,0,3.5837,2.015,collision,621.8,-0.245728,0.41642,-0.883761,0.804243,4.948373,1.053037,0.810107,5.980323,0.416834,0.394336,-0.37158,1.0,,,,,,,,,,,,,,0,lstm
243,46968,-6.7151,-2.9006,135,0,0,1,0,3.5946,1.98,collision,623.5,-0.297953,0.401933,-0.889571,0.815743,4.998997,1.025758,1.543372,5.965265,0.415937,0.393892,-0.487241,1.0,,,,,,,,,,,,,,0,lstm
244,47228,-3.5196,-3.057,260,0,0,1,0,3.5491,2.06,collision,627.2,0.116603,0.411991,-0.805156,0.854177,4.937672,1.186077,0.501596,5.991551,0.374464,0.404836,-0.773857,1.005728,-0.00752,0.043071,1.883907,0.00577,0.080289,0.240078,0.018689,0.186578,0.0001,,,,,0,lstm
245,47376,-2.9234,-2.2928,148,0,0,1,0,3.5732,2.094,collision,629.0,-0.010928,0.419991,-0.860063,0.82628,5.047736,1.082052,0.619313,5.975655,0.387684,0.378133,-0.350201,1.0,,,,,,,,,,,,,,0,lstm
246,47531,-0.0759,-3.0185,155,0,0,1,0,3.6189,2.089,collision,630.9,-0.122806,0.409883,-0.890132,0.764455,5.027471,1.040224,1.224012,5.990889,0.39853,0.382947,-0.355407,1.001796,,,,,,,,,,,,,,0,lstm
247,47691,0.8955,-2.1936,160,0,0,1,0,3.6486,2.042,collision,632.8,-0.18736,0.420662,-0.889669,0.723801,5.116751,0.920149,1.06519,5.983628,0.403071,0.388166,-0.373496,1.00864,,,,,,,,,,,,,,0,lstm
248,47837,-1.214,-2.5541,146,0,0,1,0,3.5252,2.043,collision,635.0,-0.17814,0.421211,-0.873367,0.696806,4.829391,1.07119,0.677753,5.981372,0.414991,0.394416,-0.282684,1.0,-0.062346,0.046494,1.883853,0.005754,0.084898,0.465531,0.025108,0.341668,0.0001,,,,,0,lstm
249,47987,-1.6503,-2.1752,150,0,0,1,0,3.5575,2.083,collision,636.7,-0.071642,0.422294,-0.86988,0.822836,5.032942,1.126451,0.931957,5.957172,0.394526,0.380942,-0.346945,1.0,,,,,,,,,,,,,,0,lstm
250,48129,-4.8849,-2.6207,142,0,0,1,0,3.615,1.974,collision,638.5,-0.323641,0.39436,-0.88216,0.637471,4.976688,0.988696,1.803249,5.9869,0.41082,0.389557,-0.465033,1.0,,,,,,,,,,,,,,0,lstm
251,48293,1.1687,-2.2998,164,0,0,1,0,3.5326,2.071,collision,640.5,-0.037457,0.419575,-0.805485,0.835328,5.136482,0.965307,0.856021,5.976439,0.39343,0.389097,-0.454501,1.0,,,,,,,,,,,,,,0,lstm
252,48548,-7.8167,-2.6736,255,0,0,1,0,3.5833,2.134,collision,644.0,0.073386,0.399381,-0.790717,0.84759,5.021744,0.967866,1.24092,5.979424,0.36791,0.406515,-0.795143,1.010311,-0.030583,0.041245,1.883642,0.005738,0.086337,0.086388,0.010512,0.030292,0.0001,,,,,0,lstm
253,48809,-5.0543,-2.5075,261,0,0,1,0,3.4976,2.081,collision,647.2,0.040085,0.422391,-0.827168,0.845627,4.932675,1.058097,0.424492,5.994523,0.364973,0.398444,-0.800252,1.0,,,,,,,,,,,,,,0,lstm
254,48963,0.1295,-2.1426,154,0,0,1,0,3.5611,2.101,collision,649.0,-0.124912,0.410859,-0.877716,0.775567,5.231224,0.796016,1.802086,5.984877,0.399167,0.383596,-0.362139,1.0,,,,,,,,,,,,,,0,lstm
255,49114,-0.388,-1.889,151,0,0,1,0,3.5161,2.094,collision,650.8,-0.110712,0.408362,-0.816963,0.766399,5.088379,0.897622,0.976302,5.986603,0.398008,0.381792,-0.34984,1.0,,,,,,,,,,,,,,0,lstm
256,49255,-6.8721,-2.5687,141,0,0,1,0,3.6389,1.874,collision,653.1,-0.417913,0.363675,-0.880118,0.614607,4.877855,1.204958,0.954908,5.982105,0.419504,0.400715,-0.622135,1.0,-0.020188,0.042859,1.883317,0.005721,0.07874,0.189464,0.009483,0.102728,0.0001,,,,,0,lstm
257,49418,2.3065,-2.4276,163,0,0,1,0,3.5374,2.143,collision,655.1,-0.007725,0.385329,-0.827767,0.773288,5.058595,0.996901,0.80462,5.977872,0.388808,0.382515,-0.334322,1.0,,,,,,,,,,,,,,0,lstm
258,50956,-4.8013,-2.7863,1538,0,0,1,0,2.3722,2.084,collision,673.3,0.023687,0.422198,-0.858786,0.850467,4.949458,1.101798,0.177553,5.99066,0.349193,0.415741,-1.0,1.0,,,,,,,,,,,,,,0,lstm
259,51236,29.209,0.2996,280,0,0,1,0,3.3168,2.091,collision,676.7,-0.071403,0.417228,-0.805213,0.81937,5.027045,1.007731,0.748798,5.992089,0.388446,0.388442,-0.550841,1.0,,,,,,,,,,,,,,0,lstm
260,51512,30.2602,3.8142,276,0,0,1,0,3.3306,2.099,collision,681.0,-0.129882,0.40039,-0.864471,0.749934,5.056857,0.995304,0.973656,5.988001,0.392276,0.386684,-0.55212,1.0,-0.016093,0.0225,1.883172,0.005705,0.064014,0.174464,0.034645,0.108704,0.0001,,,,,0,lstm
261,51652,-8.9869,2.7986,140,0,0,1,0,3.6575,1.804,collision,682.7,-0.495233,0.34851,-0.890605,0.691846,5.001443,0.95284,1.453284,5.986648,0.41401,0.398698,-0.659348,1.0,,,,,,,,,,,,,,0,lstm
262,51911,-2.3508,3.3452,259,0,0,1,0,3.4681,2.072,collision,685.8,-0.038366,0.429137,-0.860731,0.825113,4.994642,1.091309,0.861984,5.988711,0.360201,0.393047,-0.791578,1.0,,,,,,,,,,,,,,0,lstm
263,52047,-9.7442,2.8762,136,0,0,1,0,3.7539,1.776,collision,687.5,-0.497145,0.351593,-0.885035,0.539506,4.781229,1.120109,1.047564,5.966869,0.408703,0.393278,-0.595674,1.005746,,,,,,,,,,,,,,0,lstm
264,52215,-0.1826,2.845,168,0,0,1,0,3.648,2.087,collision,690.0,-0.126444,0.411471,-0.879375,0.777983,4.900158,1.0279,1.337863,5.972526,0.402537,0.392562,-0.502189,1.009141,-0.013931,0.042767,1.883247,0.005689,0.07541,0.204093,0.030025,0.087676,0.0001,,,,,0,lstm
265,52472,-13.8767,1.4961,257,0,0,1,0,3.5593,2.125,collision,693.0,0.060407,0.398501,-0.77187,0.82497,5.118835,0.954464,0.464525,5.994997,0.363857,0.408758,-0.851823,1.0,,,,,,,,,,,,,,0,lstm
266,52626,1.0837,2.2917,154,0,0,1,0,3.541,2.046,collision,694.8,-0.179641,0.404248,-0.88268,0.69699,5.004409,1.065711,0.829603,5.987252,0.406953,0.39087,-0.313312,1.0,,,,,,,,,,,,,,0,lstm
267,53069,-24.2958,-0.3685,443,0,0,1,0,3.6124,1.988,collision,700.0,-0.125067,0.467405,-0.883747,0.857159,5.02201,1.052065,0.684392,5.984085,0.398989,0.438439,-0.999943,1.00431,,,,,,,,,,,,,,0,lstm
268,54057,54.6674,5.5783,988,0,0,1,0,2.6342,2.06,collision,712.8,-0.028335,0.441756,-0.877158,0.875615,5.017638,1.044838,0.806593,5.990507,0.382213,0.423869,-0.999999,1.0,0.007964,0.021713,1.883281,0.005673,0.061401,0.143768,0.01505,0.108176,0.0001,,,,,0,lstm
269,54191,-5.8204,2.0754,134,0,0,1,0,3.628,1.966,collision,714.5,-0.272369,0.431009,-0.864044,0.76891,4.891693,1.171832,0.931646,5.971458,0.417173,0.392726,-0.321604,1.0,,,,,,,,,,,,,,0,lstm
270,54342,-1.2963,-1.0803,151,0,0,1,0,3.6572,2.068,collision,716.3,-0.142123,0.414397,-0.877376,0.653766,4.998635,1.108279,0.812418,5.960297,0.405135,0.388115,-0.322755,1.008227,,,,,,,,,,,,,,0,lstm
271,56029,-13.0158,-1.4832,1687,0,0,1,0,2.3259,2.105,collision,736.0,0.047005,0.410581,-0.8629,0.861517,5.032046,1.027778,0.384401,5.994201,0.361815,0.433782,-1.0,1.002736,,,,,,,,,,,,,,0,lstm
272,56293,11.6006,-0.088,264,0,0,1,0,3.4513,2.079,collision,740.4,0.012358,0.424257,-0.786249,0.826784,5.052528,1.055559,0.708876,5.988233,0.380435,0.395001,-0.656835,1.000432,-0.031165,0.014743,1.883288,0.005657,0.045975,0.159981,0.012198,0.08703,0.0001,,,,,0,lstm
273,56561,14.4124,2.3276,268,0,0,1,0,3.3919,2.084,collision,743.6,-0.029461,0.417165,-0.834308,0.856832,4.967761,1.128496,0.474945,5.987065,0.373394,0.387448,-0.645321,1.0,,,,,,,,,,,,,,0,lstm
274,56840,34.4332,5.7892,279,0,0,1,0,3.306,2.081,collision,746.9,-0.117498,0.416998,-0.86133,0.807545,5.013976,1.088113,0.635216,5.988012,0.390312,0.386214,-0.585869,1.0,,,,,,,,,,,,,,0,lstm
275,56983,-3.3063,6.8462,143,0,0,1,0,3.6502,1.975,collision,748.6,-0.277628,0.410957,-0.880805,0.684373,5.013368,0.979575,0.998098,5.98278,0.41439,0.393143,-0.367664,1.0,,,,,,,,,,,,,,0,lstm
276,57973,63.1098,13.0489,990,0,0,1,0,2.6455,2.065,collision,760.6,-0.016831,0.436004,-0.878971,0.869019,5.02261,1.041573,0.374249,5.990669,0.384816,0.422975,-0.996924,1.0,0.007602,0.019664,1.883223,0.00564,0.065364,0.183235,0.01394,0.107469,0.0001,,,,,0,lstm
277,58131,-0.475,15.4309,158,0,0,1,0,3.6478,1.891,collision,762.5,-0.376998,0.397661,-0.88869,0.795472,5.001882,1.132487,1.021116,5.989728,0.409512,0.390296,-0.499328,1.0,,,,,,,,,,,,,,0,lstm
278,58381,-16.9272,8.2715,250,0,0,1,0,3.5542,2.045,collision,765.5,0.036512,0.449571,-0.825834,0.870862,5.006196,1.038925,1.130049,5.983926,0.34127,0.401123,-0.904337,1.0,,,,,,,,,,,,,,0,lstm
279,58526,-2.7792,8.5756,145,0,0,1,0,3.6065,2.02,collision,767.3,-0.270089,0.374507,-0.881584,0.761326,5.024817,0.968836,1.009919,5.968532,0.407791,0.38735,-0.3356,1.0,,,,,,,,,,,,,,0,lstm
280,59505,65.9957,15.3048,979,0,0,1,0,2.5689,2.058,collision,779.4,-0.065101,0.430221,-0.88368,0.858884,5.002613,1.073957,0.313448,5.989997,0.37707,0.421243,-0.999714,1.0,-0.004538,0.024796,1.883203,0.005624,0.06591,0.135185,0.012556,0.088334,0.0001,,,,,0,lstm
281,60040,69.317,23.5381,535,0,0,1,0,2.848,2.065,collision,785.7,-0.000857,0.440086,-0.863666,0.854611,5.087238,0.968742,1.206762,5.986326,0.375049,0.390784,-0.935006,1.0,,,,,,,,,,,,,,0,lstm
282,60211,-1.6658,22.2115,171,0,0,1,0,3.649,2.094,collision,787.8,-0.122271,0.415646,-0.873051,0.793437,5.063508,0.980203,0.308002,5.988441,0.393537,0.387153,-0.530146,1.007291,,,,,,,,,,,,,,0,lstm
283,60369,1.7903,20.9492,158,0,0,1,0,3.555,2.094,collision,789.7,-0.168995,0.402224,-0.847939,0.719902,5.02541,0.995002,1.706843,5.993155,0.397166,0.382472,-0.370651,1.0,,,,,,,,,,,,,,0,lstm
284,60537,3.4773,17.8537,168,0,0,1,0,3.6491,1.983,collision,792.2,-0.230399,0.429187,-0.87585,0.687528,5.021649,1.061535,0.566281,5.975567,0.401018,0.386213,-0.413404,1.009058,0.004236,0.030687,1.883171,0.005608,0.074681,0.177271,0.026739,0.098125,0.0001,,,,,0,lstm
285,60692,-1.787,18.0056,155,0,0,1,0,3.6477,1.868,collision,794.2,-0.414876,0.371061,-0.869615,0.753202,5.127652,0.865037,1.312245,5.973401,0.405673,0.388721,-0.496653,1.0,,,,,,,,,,,,,,0,lstm
286,60838,-6.8801,11.0066,146,0,0,1,0,3.6043,1.803,collision,795.9,-0.43323,0.381418,-0.879287,0.729345,5.0887,1.081477,0.75417,5.989878,0.417632,0.397365,-0.650708,1.0,,,,,,,,,,,,,,0,lstm
287,61103,-1.6185,10.8923,265,0,0,1,0,3.5477,2.085,collision,799.2,0.137489,0.411042,-0.815611,0.833296,5.103989,0.986109,0.752434,5.992808,0.381128,0.407237,-0.762537,1.009987,,,,,,,,,,,,,,0,lstm
288,61255,0.3804,12.623,152,0,0,1,0,3.5739,2.089,collision,801.5,-0.2172,0.376817,-0.857236,0.66592,5.078201,0.930364,1.23281,5.969365,0.409193,0.39059,-0.30931,1.0,-0.031653,0.045955,1.883146,0.005592,0.087508,0.077027,0.051562,0.061034,0.0001,,,,,0,lstm
289,61413,1.7339,13.0743,158,0,0,1,0,3.5563,2.09,collision,803.5,-0.073198,0.42553,-0.87642,0.801366,5.054722,1.010219,1.722271,5.987834,0.396964,0.388161,-0.323675,1.0,,,,,,,,,,,,,,0,lstm
290,61576,0.7725,6.552,163,0,0,1,0,3.5879,2.107,collision,805.5,-0.104511,0.40957,-0.871568,0.696361,5.126976,0.898539,0.877279,5.96748,0.391342,0.383282,-0.388684,1.0,,,,,,,,,,,,,,0,lstm
291,61724,-2.9556,-0.6753,148,0,0,1,0,3.6477,1.925,collision,807.3,-0.321505,0.40502,-0.890652,0.675032,4.959275,1.106003,0.40555,5.980252,0.408829,0.388756,-0.370776,1.0,,,,,,,,,,,,,,0,lstm
292,61856,-7.8169,-1.2904,132,0,0,1,0,3.6255,1.914,collision,809.3,-0.359209,0.395321,-0.874422,0.730794,5.122665,0.898514,1.01175,5.987301,0.416583,0.394567,-0.423112,1.0,-0.043642,0.052023,1.883178,0.005576,0.089923,0.24249,0.033958,0.18559,0.0001,,,,,0,lstm
293,62114,-7.3829,-2.2077,258,0,0,1,0,3.5712,2.046,collision,812.3,0.164051,0.425886,-0.793526,0.870311,5.145459,0.990093,1.185114,5.985613,0.381635,0.418869,-0.833962,1.004417,,,,,,,,,,,,,,0,lstm
294,62257,-3.5058,-2.906,143,0,0,1,0,3.6147,2.056,collision,814.1,-0.190252,0.391461,-0.808852,0.660916,5.002601,1.109593,1.090698,5.979331,0.402491,0.382906,-0.375367,1.0,,,,,,,,,,,,,,0,lstm
295,62515,-2.2011,-2.9474,258,0,0,1,0,3.4417,2.073,collision,817.3,0.077902,0.422834,-0.856324,0.843657,5.128706,1.011166,0.760667,5.993162,0.352967,0.390755,-0.802189,1.0,,,,,,,,,,,,,,0,lstm
296,62779,10.6212,-1.1973,264,0,0,1,0,3.3579,2.103,collision,821.0,-0.007291,0.424219,-0.854793,0.814653,5.094736,0.968869,0.818014,5.993217,0.361632,0.389448,-0.714047,1.0,-0.00096,0.040401,1.883347,0.005559,0.098235,0.182369,0.033593,0.091919,0.0001,,,,,0,lstm
297,62928,-4.0752,-1.4429,149,0,0,1,0,3.5867,2.111,collision,822.9,-0.033838,0.42639,-0.887893,0.777931,5.120156,0.806987,1.801334,5.977894,0.390615,0.383821,-0.432537,1.0,,,,,,,,,,,,,,0,lstm
298,63450,61.5497,4.674,522,0,0,1,0,2.8355,2.024,collision,829.2,0.007074,0.461596,-0.882827,0.846291,5.031914,1.039881,0.34356,5.992551,0.362293,0.388236,-0.987628,1.0,,,,,,,,,,,,,,0,lstm
299,63699,-6.6543,3.8352,249,0,0,1,0,3.4518,2.124,collision,832.1,0.020321,0.398688,-0.827883,0.823898,5.127446,0.963618,0.229928,5.97857,0.354951,0.399989,-0.838082,1.0,,,,,,,,,,,,,,0,lstm
300,63845,-2.5037,3.5075,146,0,0,1,0,3.5758,2.026,collision,834.4,-0.241706,0.406644,-0.876944,0.858763,4.902978,1.083057,0.822298,5.980144,0.408355,0.389017,-0.417511,1.0,0.014223,0.035645,1.883603,0.005543,0.093143,0.231425,0.054134,0.15843,0.0001,,,,,0,lstm
301,65509,-23.5847,1.4446,1664,0,0,1,0,2.3326,2.096,collision,852.5,0.038147,0.415031,-0.857651,0.874,4.958925,1.067797,0.450513,5.994286,0.363008,0.434418,-1.0,1.0,,,,,,,,,,,,,,0,lstm
302,66032,62.6624,8.4926,523,0,0,1,0,2.83,2.019,collision,858.2,0.044401,0.463591,-0.872215,0.863796,4.947678,1.079365,0.621598,5.985665,0.364061,0.388877,-0.994589,1.0,,,,,,,,,,,,,,0,lstm
303,66299,11.187,10.3496,267,0,0,1,0,3.4298,2.123,collision,861.2,-0.01463,0.409446,-0.845856,0.802752,5.009482,1.015754,1.068674,5.990738,0.3811,0.39443,-0.704106,1.0,,,,,,,,,,,,,,0,lstm
304,66440,-4.1285,10.2873,141,0,0,1,0,3.6084,2.006,collision,863.6,-0.268558,0.401269,-0.846082,0.656023,4.863631,1.075184,1.965817,5.985023,0.414789,0.391954,-0.33541,1.0,0.017632,0.017508,1.883773,0.005527,0.061885,0.192387,0.039208,0.141543,0.0001,,,,,0,lstm
305,66589,-3.0218,10.2052,149,0,0,1,0,3.6454,2.064,collision,865.3,-0.109176,0.413025,-0.862554,0.788382,4.947292,1.126909,0.422852,5.983806,0.402853,0.386491,-0.368076,1.00307,,,,,,,,,,,,,,0,lstm
306,66861,20.6393,11.207,272,0,0,1,0,3.4334,2.019,collision,868.4,-0.07968,0.459587,-0.893681,0.872775,5.110518,0.968774,0.606369,5.98912,0.385829,0.392948,-0.649822,1.0,,,,,,,,,,,,,,0,lstm
307,67021,2.0692,11.8215,160,0,0,1,0,3.6215,2.089,collision,870.2,-0.167365,0.381201,-0.858497,0.693045,4.882469,1.102106,0.638514,5.996828,0.402214,0.386081,-0.361537,1.006487,,,,,,,,,,,,,,0,lstm
308,67550,53.4214,11.0086,529,0,0,1,0,2.8775,2.015,collision,876.6,0.051919,0.458284,-0.846749,0.851281,4.995967,1.042453,0.923045,5.99221,0.358095,0.387549,-0.992534,1.0,-0.010902,0.029278,1.883753,0.005511,0.077983,0.238692,0.016313,0.130682,0.0001,,,,,0,lstm
309,67712,0.5236,11.7264,162,0,0,1,0,3.646,2.082,collision,878.4,-0.19148,0.383786,-0.862454,0.782423,4.96604,1.114492,1.523579,5.970122,0.401829,0.387502,-0.451268,1.008084,,,,,,,,,,,,,,0,lstm
310,67880,2.3307,12.2099,168,0,0,1,0,3.5715,2.103,collision,880.4,-0.077558,0.416594,-0.891208,0.81811,5.036757,0.921079,1.198683,5.991318,0.389184,0.381843,-0.397272,1.0,,,,,,,,,,,,,,0,lstm
311,68042,0.5026,14.6186,162,0,0,1,0,3.6486,1.864,collision,882.2,-0.403761,0.38649,-0.89708,0.651536,4.834781,1.241839,0.745677,5.987378,0.405447,0.388384,-0.404155,1.0,,,,,,,,,,,,,,0,lstm
312,68307,-17.8805,6.5643,265,0,0,1,0,3.628,2.022,collision,885.6,0.122512,0.449863,-0.82171,0.860486,4.977899,1.07275,0.764135,5.98893,0.383562,0.428766,-0.917273,1.005373,-0.014266,0.044219,1.883451,0.005495,0.071605,0.451589,0.039974,0.361226,0.0001,,,,,0,lstm
313,68474,1.5987,5.6055,167,0,0,1,0,3.6276,2.07,collision,887.6,-0.153608,0.40449,-0.872261,0.780457,4.803075,1.213972,0.13521,5.982792,0.396737,0.384877,-0.4357,1.006409,,,,,,,,,,,,,,0,lstm
314,68628,-1.7316,5.8452,154,0,0,1,0,3.5772,1.961,collision,889.4,-0.306253,0.406114,-0.889587,0.835877,4.963329,0.986845,1.312323,5.992293,0.406486,0.387336,-0.430643,1.0,,,,,,,,,,,,,,0,lstm
315,68883,-0.3085,6.1165,255,0,0,1,0,3.5243,2.073,collision,892.4,0.011375,0.428868,-0.852062,0.819446,4.937935,1.078504,0.849891,5.97963,0.364692,0.397223,-0.770994,1.0,,,,,,,,,,,,,,0,lstm
316,69037,0.0125,4.0538,154,0,0,1,0,3.5409,2.031,collision,894.5,-0.220667,0.403923,-0.850267,0.747886,4.929926,1.005798,1.640032,5.984414,0.407173,0.388435,-0.407122,1.0,-0.035031,0.039999,1.883134,0.005478,0.083893,0.146721,0.042808,0.089851,0.0001,,,,,0,lstm
317,69191,-1.4275,3.7041,154,0,0,1,0,3.646,1.994,collision,896.2,-0.331337,0.36916,-0.888011,0.625804,5.013914,0.920364,1.253075,5.992073,0.408374,0.388789,-0.421771,1.0,,,,,,,,,,,,,,0,lstm
318,70183,54.4416,3.8062,992,0,0,1,0,2.6285,2.078,collision,907.0,-0.03719,0.426496,-0.876688,0.826991,4.951561,1.079502,0.544791,5.993983,0.382403,0.422419,-0.998501,1.0,,,,,,,,,,,,,,0,lstm
319,70365,2.736,4.0274,182,0,0,1,0,3.6498,1.998,collision,909.1,-0.256379,0.410114,-0.883675,0.678939,5.055789,1.036283,0.959792,5.991599,0.391383,0.382282,-0.588843,1.003328,,,,,,,,,,,,,,0,lstm
320,71340,88.2829,12.6226,975,0,0,1,0,2.5346,2.067,collision,920.7,-0.039788,0.431388,-0.876881,0.837746,4.926859,1.11675,0.343172,5.994096,0.378191,0.416119,-0.99178,1.0,0.03744,0.01746,1.882979,0.005462,0.070304,0.180674,0.042099,0.133745,0.0001,,,,,0,lstm
321,71593,-8.2882,11.7435,253,0,0,1,0,3.4785,2.042,collision,923.6,0.033571,0.450395,-0.855202,0.84638,4.940059,1.060589,1.342005,5.988414,0.346511,0.39393,-0.866384,1.0,,,,,,,,,,,,,,0,lstm
322,71730,-6.5858,12.873,137,0,0,1,0,3.5851,1.892,collision,925.1,-0.377497,0.377456,-0.883798,0.760681,4.80465,1.180478,0.755381,5.971741,0.410614,0.38959,-0.450157,1.0,,,,,,,,,,,,,,0,lstm
323,71865,-7.9875,11.9144,135,0,0,1,0,3.6095,1.858,collision,926.7,-0.389782,0.380853,-0.88137,0.595547,4.865409,1.230713,0.391654,5.975011,0.414589,0.393478,-0.539402,1.0,,,,,,,,,,,,,,0,lstm
324,72010,-4.3793,11.6496,145,0,0,1,0,3.6392,1.873,collision,928.8,-0.360152,0.410389,-0.866658,0.740924,5.025994,0.967166,0.239317,5.961717,0.409994,0.387895,-0.430072,1.0,-0.05356,0.048175,1.882898,0.005446,0.091503,0.285215,0.062627,0.167453,0.0001,,,,,0,lstm
325,72261,-15.4613,10.1343,251,0,0,1,0,3.5035,2.088,collision,931.6,0.094277,0.417366,-0.864757,0.832638,5.077371,0.948813,1.349412,5.98035,0.354672,0.406348,-0.85388,1.0,,,,,,,,,,,,,,0,lstm
326,72528,9.9724,11.1303,267,0,0,1,0,3.4737,2.099,collision,934.6,-0.013146,0.417896,-0.849753,0.806273,5.022735,0.962096,1.302232,5.990035,0.386765,0.39818,-0.716212,1.000899,,,,,,,,,,,,,,0,lstm
327,72704,6.1979,11.8929,176,0,0,1,0,3.565,2.055,collision,936.6,-0.159619,0.42333,-0.880005,0.779729,5.03916,0.972103,1.481978,5.987734,0.387034,0.37836,-0.405051,1.0,,,,,,,,,,,,,,0,lstm
328,72842,-6.1555,5.8332,138,0,0,1,0,3.6196,1.976,collision,938.5,-0.348347,0.367007,-0.88949,0.5987,4.918328,1.082988,1.614157,5.986555,0.410103,0.386173,-0.390646,1.0,-0.007245,0.035135,1.882929,0.00543,0.074228,0.177168,0.030502,0.116759,0.0001,,,,,0,lstm
329,73092,-9.8191,4.5777,250,0,0,1,0,3.5385,2.031,collision,941.3,0.038461,0.462407,-0.826728,0.818999,5.041538,0.945396,1.589199,5.991145,0.354764,0.404798,-0.844902,1.0,,,,,,,,,,,,,,0,lstm
330,73341,-14.0717,-5.6578,249,0,0,1,0,3.5074,2.057,collision,944.0,0.074597,0.433338,-0.863659,0.789654,4.935271,1.138406,0.753623,5.978748,0.3522,0.407212,-0.871072,1.0,,,,,,,,,,,,,,0,lstm
331,73492,-4.8196,-5.3109,151,0,0,1,0,3.7175,1.854,collision,945.7,-0.428704,0.363514,-0.885791,0.595248,5.061345,1.03955,1.410503,5.9781,0.417597,0.397144,-0.635584,1.001566,,,,,,,,,,,,,,0,lstm
332,73632,-10.6104,-5.7134,140,0,0,1,0,3.7248,1.617,collision,947.7,-0.624807,0.299128,-0.883815,0.711376,5.017512,1.071734,1.018371,5.980242,0.404311,0.392493,-0.669873,1.0,-0.011981,0.038964,1.883291,0.005414,0.068479,0.253679,0.027205,0.205235,0.0001,,,,,0,lstm
333,74117,-39.5091,-8.8656,485,0,0,1,0,3.6004,2.066,collision,953.0,-0.028756,0.442452,-0.85535,0.868106,5.057251,1.008823,0.793751,5.99571,0.393413,0.441291,-0.999997,1.006085,,,,,,,,,,,,,,0,lstm
334,74286,3.3183,-8.0958,169,0,0,1,0,3.5811,2.07,collision,954.9,-0.145164,0.420671,-0.894098,0.7012,5.191146,0.879284,1.213124,5.990382,0.391172,0.381529,-0.423956,1.0,,,,,,,,,,,,,,0,lstm
335,74546,-3.5007,-6.8997,260,0,0,1,0,3.4412,2.077,collision,957.8,0.087753,0.424889,-0.856927,0.857822,5.019563,0.954723,0.810459,5.987234,0.358342,0.394647,-0.790591,1.0,,,,,,,,,,,,,,0,lstm
336,74693,-2.1045,-8.1074,147,0,0,1,0,3.6098,2.083,collision,959.8,-0.237479,0.372395,-0.891363,0.617804,4.918268,1.098832,1.461905,5.96388,0.40415,0.385482,-0.348111,1.0,-0.021019,0.036734,1.8838,0.005397,0.068205,0.164546,0.008973,0.099071,0.0001,,,,,0,lstm
337,75225,58.4623,-2.881,532,0,0,1,0,2.8645,2.035,collision,965.8,-0.022719,0.458925,-0.873786,0.880768,5.060114,0.981598,0.746237,5.990704,0.364934,0.387505,-0.984909,1.0,,,,,,,,,,,,,,0,lstm
338,75667,-40.1934,-6.2848,442,0,0,1,0,3.6195,2.019,collision,970.7,-0.055326,0.468104,-0.884996,0.828595,5.045833,1.024031,0.73223,5.990975,0.398617,0.443183,-1.0,1.0,,,,,,,,,,,,,,0,lstm
339,75839,-2.5319,-5.5561,172,0,0,1,0,3.7236,1.891,collision,972.5,-0.401131,0.3766,-0.884716,0.714645,5.089153,1.001728,1.201368,5.9914,0.422511,0.404894,-0.869367,1.008341,,,,,,,,,,,,,,0,lstm
340,76117,36.7457,-0.4743,278,0,0,1,0,3.3007,2.039,collision,975.9,-0.22073,0.39793,-0.864027,0.74523,5.073547,1.008188,1.097746,5.979774,0.389289,0.383763,-0.61746,1.0,0.01612,0.028656,1.884146,0.005381,0.07142,0.139766,0.025797,0.090045,0.0001,,,,,0,lstm
341,76377,0.1045,0.0181,260,0,0,1,0,3.4766,2.125,collision,978.7,0.044474,0.407024,-0.763296,0.830859,5.179448,0.855958,0.985513,5.990358,0.367776,0.396851,-0.780345,1.0,,,,,,,,,,,,,,0,lstm
342,76632,-10.5455,0.0246,255,0,0,1,0,3.4843,2.012,collision,981.6,0.049745,0.469862,-0.861338,0.881374,5.073515,0.956794,1.503888,5.981269,0.352883,0.400314,-0.874375,1.0,,,,,,,,,,,,,,0,lstm
343,76786,-1.0857,3.8669,154,0,0,1,0,3.6195,2.012,collision,983.2,-0.267237,0.388501,-0.864463,0.78373,5.04961,1.018206,0.641075,5.991324,0.39828,0.382363,-0.410439,1.0,,,,,,,,,,,,,,0,lstm
344,77039,-17.0367,1.8314,253,0,0,1,0,3.5144,2.036,collision,986.3,0.051794,0.462946,-0.889971,0.859405,5.165866,0.881793,1.759901,5.991931,0.352369,0.40774,-0.911659,1.0,-0.003968,0.036126,1.884271,0.005365,0.06241,0.194839,0.022775,0.133397,0.0001,,,,,0,lstm
345,77184,-5.0128,1.6802,145,0,0,1,0,3.6442,1.904,collision,987.9,-0.343943,0.409583,-0.885749,0.705413,5.24742,0.83871,1.08148,5.993991,0.411008,0.389814,-0.487606,1.0,,,,,,,,,,,,,,0,lstm
346,77449,20.7195,3.9626,265,0,0,1,0,3.3682,2.075,collision,990.8,-0.093523,0.413615,-0.865276,0.818345,5.101063,1.034697,0.946813,5.987703,0.376873,0.386656,-0.672728,1.0,,,,,,,,,,,,,,0,lstm
347,77718,27.4819,0.8645,269,0,0,1,0,3.3719,2.085,collision,993.8,-0.157811,0.400047,-0.856848,0.779366,5.179256,0.95586,0.784409,5.994854,0.383727,0.382588,-0.589198,1.0,,,,,,,,,,,,,,0,lstm
348,77903,0.8525,4.9691,185,0,0,1,0,3.6496,1.517,collision,996.4,-0.691642,0.262242,-0.895641,0.726121,5.130881,1.025286,0.747605,5.990652,0.389475,0.390694,-0.710648,1.0,-0.007137,0.039455,1.884312,0.005349,0.079658,0.231578,0.004885,0.135291,0.0001,,,,,0,lstm
349,78064,0.7185,5.2942,161,0,0,1,0,3.5249,1.97,collision,998.2,-0.268446,0.405025,-0.886671,0.85897,5.112263,1.018317,0.999073,5.997017,0.399804,0.383568,-0.484121,1.0,,,,,,,,,,,,,,0,lstm
350,79063,61.3221,7.7518,999,0,0,1,0,2.6365,2.049,collision,1009.3,-0.072349,0.447247,-0.886957,0.830136,5.111429,0.988864,0.650129,5.999167,0.378879,0.420012,-0.994875,1.0,,,,,,,,,,,,,,0,lstm
351,79212,-2.9692,7.4445,149,0,0,1,0,3.6281,2.026,collision,1011.1,-0.311783,0.353637,-0.862491,0.662782,5.074093,0.996481,1.206173,5.9894,0.408684,0.388545,-0.4607,1.0,,,,,,,,,,,,,,0,lstm
352,79356,-6.181,7.8809,144,0,0,1,0,3.6458,1.778,collision,1013.4,-0.483264,0.373414,-0.896961,0.628168,5.036556,1.024295,1.264082,5.987517,0.409492,0.389466,-0.514448,1.0,0.000175,0.029098,1.884147,0.005333,0.073215,0.197671,0.016992,0.165648,0.0001,,,,,0,lstm
353,79622,-6.7321,7.3163,266,0,0,1,0,3.5651,2.041,collision,1016.5,0.075955,0.446723,-0.82365,0.862678,5.169778,0.916334,1.174798,5.987107,0.376387,0.40993,-0.824458,1.003107,,,,,,,,,,,,,,0,lstm
354,79785,-2.278,8.7921,163,0,0,1,0,3.6375,2.054,collision,1018.3,-0.17746,0.417634,-0.875734,0.810178,5.158947,0.934777,1.794637,5.986323,0.38766,0.377226,-0.570529,1.0,,,,,,,,,,,,,,0,lstm
355,80049,20.5193,11.3454,264,0,0,1,0,3.4106,2.077,collision,1021.3,-0.119504,0.409298,-0.836628,0.853212,5.002104,1.105378,0.590068,5.994421,0.383095,0.389087,-0.6598,1.0,,,,,,,,,,,,,,0,lstm
356,80206,0.1104,9.2844,157,0,0,1,0,3.5755,2.003,collision,1023.5,-0.233245,0.415647,-0.896776,0.667529,5.133462,0.959397,1.100599,5.979637,0.396724,0.382199,-0.383748,1.0,-0.003112,0.04432,1.884043,0.005316,0.075956,0.275276,0.019698,0.230074,0.0001,,,,,0,lstm
357,82028,-57.6117,0.7751,1822,0,0,1,0,2.4014,2.083,collision,1043.2,0.003399,0.429766,-0.890973,0.866456,5.08583,1.01277,0.700172,5.998164,0.363007,0.434439,-1.0,1.0,,,,,,,,,,,,,,0,lstm
358,82291,15.7906,2.2689,263,0,0,1,0,3.4531,2.068,collision,1046.0,-0.102084,0.420991,-0.844428,0.864154,5.079259,1.065633,0.525082,5.996253,0.378604,0.389979,-0.733233,1.001559,,,,,,,,,,,,,,0,lstm
359,82447,-2.5744,1.9396,156,0,0,1,0,3.6477,1.851,collision,1047.8,-0.442177,0.367158,-0.887633,0.598876,5.186773,0.958325,0.94428,5.990292,0.410095,0.390941,-0.511102,1.0,,,,,,,,,,,,,,0,lstm
360,82716,24.3464,-1.758,269,0,0,1,0,3.3728,2.036,collision,1051.7,-0.178403,0.418176,-0.852157,0.775676,5.098518,0.974065,0.922082,5.99427,0.384003,0.38658,-0.59827,1.0,0.031973,0.018711,1.884213,0.0053,0.057583,0.193592,0.019352,0.137029,0.0001,,,,,0,lstm
361,82990,32.8931,1.8283,274,0,0,1,0,3.3188,1.997,collision,1054.8,-0.208826,0.426561,-0.860231,0.779165,5.135877,0.953958,0.336457,5.991223,0.37947,0.377872,-0.617546,1.0,,,,,,,,,,,,,,0,lstm
362,83269,36.4607,6.0924,279,0,0,1,0,3.2966,1.975,collision,1058.1,-0.321043,0.374017,-0.88759,0.846657,5.118364,1.007315,0.658702,5.990712,0.398536,0.3877,-0.619754,1.0,,,,,,,,,,,,,,0,lstm
363,83438,-0.5201,6.7136,169,0,0,1,0,3.6489,2.053,collision,1060.2,-0.263217,0.38189,-0.892804,0.657708,5.13241,0.90092,1.648219,5.996111,0.391022,0.380613,-0.561192,1.000814,,,,,,,,,,,,,,0,lstm
364,83600,0.0812,6.9496,162,0,0,1,0,3.5726,1.945,collision,1062.5,-0.379127,0.353795,-0.874175,0.521649,5.131643,0.941918,1.589676,5.984193,0.407186,0.388573,-0.497045,1.0,-0.019427,0.047018,1.884521,0.005284,0.09025,0.132436,0.035247,0.065543,0.0001,,,,,0,lstm
365,83872,30.7722,7.9749,272,0,0,1,0,3.3216,2.044,collision,1065.7,-0.212347,0.391284,-0.853789,0.763879,5.187706,0.944853,0.489571,5.993112,0.388026,0.385979,-0.626909,1.0,,,,,,,,,,,,,,0,lstm
366,84044,0.2969,7.9935,172,0,0,1,0,3.5819,2.027,collision,1067.8,-0.260156,0.387391,-0.880238,0.823255,5.175724,0.870546,1.228488,5.98522,0.386485,0.379073,-0.585847,1.0,,,,,,,,,,,,,,0,lstm
367,84306,-1.4555,13.6091,262,0,0,1,0,3.5575,2.128,collision,1070.9,0.006721,0.404761,-0.818707,0.848739,5.237368,0.864757,1.41573,5.991685,0.378194,0.405876,-0.790789,1.010005,,,,,,,,,,,,,,0,lstm
368,84561,-9.4171,11.0883,255,0,0,1,0,3.5239,2.092,collision,1074.3,-0.001864,0.433955,-0.864614,0.774754,5.18679,0.899514,0.740932,5.98783,0.356399,0.398356,-0.833872,1.0,-0.01306,0.034564,1.884647,0.005268,0.073108,0.196191,0.024647,0.114584,0.0001,,,,,0,lstm
369,84830,28.3228,14.1781,269,0,0,1,0,3.3427,2.052,collision,1077.5,-0.199017,0.40584,-0.867572,0.730299,5.172562,0.992445,0.690325,5.992517,0.38107,0.38287,-0.628052,1.0,,,,,,,,,,,,,,0,lstm
370,85106,28.1369,14.5571,276,0,0,1,0,3.5109,1.705,collision,1080.6,-0.468266,0.440743,-0.891037,0.823255,5.036127,1.095659,0.756248,5.986969,0.393298,0.395627,-0.659077,1.0,,,,,,,,,,,,,,0,lstm
371,85253,-6.3414,10.6337,147,0,0,1,0,3.7476,1.771,collision,1082.3,-0.481025,0.370706,-0.880641,0.674065,5.277857,0.785334,1.125055,5.996813,0.423084,0.402026,-0.568625,1.005649,,,,,,,,,,,,,,0,lstm
372,86276,3.4397,7.3316,1023,0,0,1,0,2.7375,2.103,collision,1094.3,-0.019329,0.423039,-0.892891,0.847094,5.230909,0.901993,0.623818,5.997111,0.375216,0.426645,-1.0,1.0,0.013455,0.025166,1.884723,0.005252,0.073145,0.239585,0.027392,0.194999,0.0001,,,,,0,lstm
373,87274,49.8272,12.3663,998,0,0,1,0,2.6335,2.094,collision,1105.7,-0.040966,0.431792,-0.863577,0.850799,5.235437,0.885846,0.977054,5.995025,0.378266,0.420655,-0.99604,1.0,,,,,,,,,,,,,,0,lstm
374,87548,30.1223,15.3704,274,0,0,1,0,3.3346,2.086,collision,1108.8,-0.151133,0.406116,-0.815755,0.701285,5.369201,0.728582,1.376927,5.989717,0.3864,0.384516,-0.570647,1.0,,,,,,,,,,,,,,0,lstm
375,88076,44.7849,16.7717,528,0,0,1,0,2.9152,2.05,collision,1115.0,-0.027678,0.452369,-0.869938,0.835912,5.209864,0.985989,0.877483,5.996436,0.35341,0.385872,-0.995305,1.0,,,,,,,,,,,,,,0,lstm
376,88346,17.991,18.5411,270,0,0,1,0,3.3401,2.079,collision,1119.1,-0.079627,0.432702,-0.858844,0.847982,5.217888,0.807868,1.223491,5.988935,0.367673,0.383842,-0.631503,1.0,-0.252081,0.03776,1.884706,0.005235,0.076695,0.341009,0.050697,0.189636,0.0001,,,,,0,lstm
377,88620,31.835,21.8701,274,0,0,1,0,3.3225,2.09,collision,1122.3,-0.131941,0.414998,-0.883513,0.748339,5.312232,0.797198,1.36858,5.996572,0.388336,0.387743,-0.592982,1.0,,,,,,,,,,,,,,0,lstm
378,89613,79.4921,30.761,993,0,0,1,0,2.602,2.059,collision,1133.7,-0.065515,0.442993,-0.885177,0.85556,5.195724,0.939365,0.409439,5.99175,0.383857,0.419777,-0.98768,1.0,,,,,,,,,,,,,,0,lstm
379,89774,-0.3263,27.8961,161,0,0,1,0,3.647,2.019,collision,1135.5,-0.284007,0.396735,-0.867304,0.702975,5.132629,0.906202,1.16119,5.977413,0.402496,0.38635,-0.464399,1.001846,,,,,,,,,,,,,,0,lstm
380,90770,67.337,31.8161,996,0,0,1,0,2.6198,2.052,collision,1147.6,-0.051597,0.450678,-0.88205,0.884308,5.197286,0.883691,1.121669,5.991411,0.379057,0.418249,-0.990932,1.0,0.028526,0.023855,1.884466,0.005219,0.056994,0.203295,0.01348,0.13683,0.0001,,,,,0,lstm
381,91041,29.6417,35.4145,271,0,0,1,0,3.354,2.053,collision,1150.5,-0.200539,0.401925,-0.882015,0.805928,5.265902,0.856527,1.299218,5.985901,0.387664,0.381172,-0.602368,1.0,,,,,,,,,,,,,,0,lstm
382,91297,-4.4689,34.6236,256,0,0,1,0,3.487,2.123,collision,1153.3,0.067746,0.397692,-0.814358,0.856879,5.268498,0.815873,1.606593,5.991031,0.363603,0.398796,-0.795736,1.0,,,,,,,,,,,,,,0,lstm
383,91570,28.1217,32.453,273,0,0,1,0,3.5195,1.907,collision,1156.3,-0.283672,0.463499,-0.893793,0.781782,5.266236,0.884372,0.93757,5.982813,0.40058,0.39757,-0.659027,1.006231,,,,,,,,,,,,,,0,lstm
384,91849,34.1942,32.8602,279,0,0,1,0,3.3188,2.071,collision,1159.7,-0.165688,0.414546,-0.841875,0.789842,5.216959,0.865533,0.870225,5.992522,0.386989,0.380916,-0.544139,1.0,-0.013565,0.034147,1.88434,0.005203,0.088203,0.095008,0.022555,0.075125,0.0001,,,,,0,lstm
385,92123,33.6134,31.7431,274,0,0,1,0,3.3139,1.992,collision,1162.7,-0.301043,0.383029,-0.883427,0.70134,5.2971,0.849942,0.093741,5.990149,0.393658,0.385012,-0.642077,1.0,,,,,,,,,,,,,,0,lstm
386,92284,0.5065,29.9946,161,0,0,1,0,3.5658,1.945,collision,1164.5,-0.293954,0.42391,-0.887212,0.837853,5.179966,1.018208,1.104238,5.992619,0.403808,0.387422,-0.446567,1.0,,,,,,,,,,,,,,0,lstm
387,92811,52.8712,32.0983,527,0,0,1,0,2.8573,2.035,collision,1170.7,-0.00471,0.463116,-0.867296,0.857068,5.231931,0.89326,1.353988,5.995264,0.355549,0.383523,-0.987688,1.0,,,,,,,,,,,,,,0,lstm
388,93085,27.8762,26.9367,274,0,0,1,0,3.5068,1.687,collision,1174.3,-0.495685,0.447417,-0.896617,0.825968,5.290017,0.813009,2.006836,5.992855,0.393185,0.396339,-0.641242,1.0,-0.005314,0.033212,1.884347,0.005187,0.081371,0.161278,0.017522,0.084345,0.0001,,,,,0,lstm
389,93210,-15.8827,25.381,125,0,0,1,0,3.7146,1.443,collision,1175.8,-0.750261,0.195282,-0.897217,0.40678,5.128093,1.016486,1.667483,5.977682,0.384312,0.38549,-0.68062,1.0,,,,,,,,,,,,,,0,lstm
390,93359,-4.795,18.1678,149,0,0,1,0,3.6419,2.004,collision,1177.4,-0.326047,0.372374,-0.879282,0.670602,5.087792,1.043443,0.838329,5.995739,0.401061,0.383453,-0.495029,1.0,,,,,,,,,,,,,,0,lstm
391,94352,70.5098,22.2546,993,0,0,1,0,2.6047,2.055,collision,1188.6,-0.077455,0.447663,-0.885997,0.870004,5.218506,0.901365,1.190727,5.99734,0.382071,0.420095,-0.9971,1.0,,,,,,,,,,,,,,0,lstm
392,94612,-14.565,21.245,260,0,0,1,0,3.4938,2.048,collision,1192.2,0.112962,0.435789,-0.84379,0.863787,5.19345,0.937033,0.716623,5.993159,0.363153,0.408141,-0.88229,1.0,0.001023,0.02713,1.884338,0.005171,0.076277,0.120206,0.024432,0.092028,0.0001,,,,,0,lstm
393,94760,-9.35,17.4979,148,0,0,1,0,3.7182,1.558,collision,1193.9,-0.67629,0.235612,-0.892447,0.544243,5.216499,0.760662,1.411635,5.973203,0.406414,0.394495,-0.70138,1.0,,,,,,,,,,,,,,0,lstm
394,95736,83.3828,22.4167,976,0,0,1,0,2.5462,2.042,collision,1204.9,-0.070529,0.457592,-0.877327,0.881594,5.222621,0.897919,0.646462,5.996665,0.378486,0.417123,-0.995645,1.0,,,,,,,,,,,,,,0,lstm
395,95995,-3.6837,18.687,259,0,0,1,0,3.478,2.098,collision,1208.0,0.074242,0.413838,-0.877996,0.836303,5.173238,0.939286,0.602487,5.996078,0.361092,0.396262,-0.808258,1.0,,,,,,,,,,,,,,0,lstm
396,96150,-1.061,18.5303,155,0,0,1,0,3.5546,1.925,collision,1210.3,-0.391775,0.357865,-0.862099,0.789317,5.200384,0.877301,1.269294,5.975088,0.406003,0.386033,-0.42504,1.0,0.002439,0.025017,1.884169,0.005154,0.073705,0.184582,0.016472,0.119726,0.0001,,,,,0,lstm
397,96419,30.0856,16.2517,269,0,0,1,0,3.3765,2.022,collision,1213.4,-0.20617,0.417718,-0.892683,0.863272,5.057413,1.010879,0.73072,5.976575,0.395975,0.389534,-0.60099,1.0,,,,,,,,,,,,,,0,lstm
398,96569,-2.7815,13.1859,150,0,0,1,0,3.6104,2.037,collision,1215.1,-0.235249,0.399152,-0.877689,0.792042,5.219044,0.852755,1.968557,5.989116,0.396778,0.380066,-0.478565,1.0,,,,,,,,,,,,,,0,lstm
399,96716,-7.6114,14.0131,147,0,0,1,0,3.6472,1.64,collision,1216.8,-0.616888,0.270112,-0.893855,0.45085,5.069693,1.003499,0.432338,5.990683,0.40851,0.395204,-0.654549,1.0,,,,,,,,,,,,,,0,lstm
400,96884,4.6635,14.9589,168,0,0,1,0,3.5364,2.042,collision,1219.2,-0.20243,0.411091,-0.861642,0.714904,5.114394,0.992198,0.782646,5.985399,0.398876,0.385225,-0.400025,1.0,-0.037085,0.047962,1.884124,0.005138,0.087775,0.28991,0.053096,0.256518,0.0001,,,,,0,lstm
401,97151,13.761,9.284,267,0,0,1,0,3.4782,2.08,collision,1222.2,-0.043146,0.424729,-0.760498,0.822018,5.131328,1.018653,0.740509,5.987577,0.382797,0.392433,-0.659512,1.006524,,,,,,,,,,,,,,0,lstm
402,97319,0.1996,10.7605,168,0,0,1,0,3.5812,2.067,collision,1224.1,-0.185227,0.414309,-0.892498,0.808074,5.182708,0.920312,0.744061,5.980284,0.387742,0.379024,-0.535276,1.0,,,,,,,,,,,,,,0,lstm
403,97485,0.1138,11.7069,166,0,0,1,0,3.6412,2.014,collision,1226.0,-0.261656,0.387383,-0.897868,0.742239,5.112852,1.030685,1.094562,5.995812,0.397816,0.385181,-0.57278,1.0,,,,,,,,,,,,,,0,lstm
404,97759,29.0418,6.2728,274,0,0,1,0,3.526,1.86,collision,1229.5,-0.341137,0.460318,-0.894737,0.806476,5.147666,0.997122,0.534457,5.994823,0.398861,0.398114,-0.609351,1.002718,-0.010732,0.041531,1.884104,0.005122,0.083092,0.150293,0.021951,0.077468,0.0001,,,,,0,lstm
405,98022,-3.855,6.2556,263,0,0,1,0,3.4894,2.084,collision,1232.4,0.09307,0.419688,-0.787073,0.865645,5.081139,0.970319,1.488552,5.995961,0.372838,0.40292,-0.798699,1.0,,,,,,,,,,,,,,0,lstm
406,98297,33.9511,9.7568,275,0,0,1,0,3.322,1.97,collision,1235.4,-0.316047,0.389057,-0.883695,0.8526,5.1497,0.957056,0.936252,5.983619,0.398845,0.388564,-0.608497,1.0,,,,,,,,,,,,,,0,lstm
407,98842,70.5137,13.7997,545,0,0,1,0,2.8572,1.986,collision,1241.6,-0.096873,0.479796,-0.89535,0.856668,5.150712,0.888269,0.667832,5.994035,0.380641,0.393002,-0.945112,1.0,,,,,,,,,,,,,,0,lstm
408,99309,-58.9426,8.1835,467,0,0,1,0,3.6679,2.02,collision,1247.4,-0.07393,0.471497,-0.89101,0.846201,5.135242,0.937706,0.823576,5.991498,0.394676,0.445641,-0.999999,1.00073,0.005707,0.029315,1.884174,0.005106,0.064051,0.103316,0.025416,0.038809,0.0001,,,,,0,lstm
409,99584,32.9174,12.2364,275,0,0,1,0,3.2954,2.038,collision,1250.4,-0.21644,0.407879,-0.87445,0.790652,5.132289,0.938834,1.571042,5.991173,0.386962,0.385857,-0.652653,1.0,,,,,,,,,,,,,,0,lstm
410,99842,-1.1623,11.6538,258,0,0,1,0,3.5159,2.035,collision,1253.3,0.027784,0.457757,-0.871929,0.855527,5.184699,0.850661,1.112246,5.988061,0.364759,0.397398,-0.822214,1.0,,,,,,,,,,,,,,0,lstm
411,100009,2.2499,10.5027,167,0,0,1,0,3.5784,1.996,collision,1255.2,-0.254333,0.427389,-0.891823,0.792852,5.125682,0.874946,2.318849,5.984371,0.393578,0.380939,-0.458181,1.0,,,,,,,,,,,,,,0,lstm
412,101859,-63.1825,4.1645,1850,0,0,1,0,2.3326,2.057,collision,1276.4,0.020324,0.450036,-0.891694,0.871304,5.116073,0.977219,0.167287,5.994876,0.36199,0.434224,-1.0,1.0,-0.011843,0.02088,1.884326,0.00509,0.061962,0.181009,0.023274,0.139984,0.0001,,,,,0,lstm
413,102385,53.195,9.4727,526,0,0,1,0,2.867,2.006,collision,1282.2,0.039879,0.479927,-0.883875,0.871121,5.206658,0.9352,0.730135,5.994735,0.354193,0.384491,-0.993579,1.0,,,,,,,,,,,,,,0,lstm
414,102542,-1.4086,6.4276,157,0,0,1,0,3.6428,1.906,collision,1283.9,-0.371944,0.400904,-0.889078,0.758631,5.13797,0.993553,0.867449,5.995254,0.407338,0.388447,-0.479748,1.0,,,,,,,,,,,,,,0,lstm
415,103088,70.2266,13.8358,546,0,0,1,0,2.8728,2.008,collision,1290.1,-0.095217,0.472838,-0.883637,0.864355,5.191173,0.940402,0.788055,5.996097,0.379198,0.393353,-0.888254,1.0,,,,,,,,,,,,,,0,lstm
416,103250,-4.5002,9.9906,162,0,0,1,0,3.609,2.098,collision,1292.6,-0.112727,0.409122,-0.864401,0.769238,5.200507,0.768424,2.118549,5.991828,0.386152,0.382418,-0.572734,1.0,-0.0035,0.026958,1.884526,0.005073,0.066239,0.098701,0.008593,0.046659,0.0001,,,,,0,lstm
417,103518,11.5586,4.0951,268,0,0,1,0,3.4142,2.109,collision,1295.6,-0.04628,0.417805,-0.863315,0.816756,5.253511,0.880983,0.688482,5.99586,0.380782,0.393561,-0.710372,1.0,,,,,,,,,,,,,,0,lstm
418,104050,52.5862,15.248,532,0,0,1,0,2.8738,1.998,collision,1301.5,0.010415,0.484426,-0.886949,0.86698,5.197172,0.905166,0.602489,5.995026,0.35869,0.386249,-0.992238,1.0,,,,,,,,,,,,,,0,lstm
419,104325,29.801,14.9364,275,0,0,1,0,3.5138,1.883,collision,1304.5,-0.321132,0.460736,-0.895955,0.776188,5.173465,0.945679,1.164447,5.99262,0.39971,0.397921,-0.568494,1.007612,,,,,,,,,,,,,,0,lstm
420,104599,28.2848,17.8811,274,0,0,1,0,3.5236,1.926,collision,1308.2,-0.281557,0.464552,-0.898244,0.824771,5.0777,1.012087,1.323991,5.990046,0.391841,0.391968,-0.593907,1.009131,0.002451,0.032951,1.884759,0.005057,0.072107,0.181965,0.025986,0.113105,0.0001,,,,,0,lstm
421,104873,29.4438,20.6005,274,0,0,1,0,3.5063,1.942,collision,1311.3,-0.298069,0.444109,-0.897397,0.786912,5.236113,0.869893,0.362533,5.995235,0.389733,0.389538,-0.600516,1.008803,,,,,,,,,,,,,,0,lstm
422,105129,-4.9404,26.4247,256,0,0,1,0,3.5134,2.057,collision,1314.1,0.071717,0.435247,-0.866519,0.878684,5.194068,0.963327,0.604383,5.993333,0.364249,0.404189,-0.845109,1.0,,,,,,,,,,,,,,0,lstm
423,105386,-7.1195,20.3932,257,0,0,1,0,3.5108,1.997,collision,1316.8,0.059559,0.48604,-0.836654,0.861415,5.19382,0.901746,1.763346,5.988137,0.355285,0.397782,-0.867788,1.0,,,,,,,,,,,,,,0,lstm
424,105643,-5.176,20.0165,257,0,0,1,0,3.4944,2.081,collision,1320.1,0.030683,0.4292,-0.796947,0.858665,5.215846,0.926343,1.228955,5.984039,0.357541,0.396721,-0.831628,1.0,-0.011089,0.038262,1.885105,0.005041,0.063074,0.160114,0.041366,0.108772,0.0001,,,,,0,lstm
425,105918,29.5007,15.9439,275,0,0,1,0,3.5165,1.866,collision,1323.3,-0.304752,0.476572,-0.898261,0.856537,5.112737,0.928553,0.968029,5.984062,0.396879,0.396745,-0.60679,1.005832,,,,,,,,,,,,,,0,lstm
426,106185,27.0531,19.0992,267,0,0,1,0,3.4212,2.052,collision,1326.4,-0.19925,0.398769,-0.811323,0.859967,5.195981,0.920532,0.935961,5.991816,0.389771,0.385432,-0.610271,1.000765,,,,,,,,,,,,,,0,lstm
427,106633,-30.006,14.9428,448,0,0,1,0,3.6292,1.908,collision,1331.5,-0.204561,0.509735,-0.893058,0.839035,5.299454,0.839965,0.915886,5.995759,0.396568,0.438542,-1.0,1.0,,,,,,,,,,,,,,0,lstm
428,106909,28.6617,12.5503,276,0,0,1,0,3.5119,1.881,collision,1335.1,-0.283482,0.490984,-0.8973,0.85126,5.177157,0.927935,1.055862,5.993604,0.390539,0.392401,-0.58238,1.004231,-0.00379,0.03091,1.885526,0.005025,0.073783,0.161183,0.02527,0.074982,0.0001,,,,,0,lstm
429,107078,0.266,9.5968,169,0,0,1,0,3.6278,1.963,collision,1337.0,-0.283829,0.408965,-0.876646,0.666782,5.144754,1.025099,0.970586,5.994311,0.390581,0.379532,-0.581178,1.0,,,,,,,,,,,,,,0,lstm
430,107346,22.3345,9.0018,268,0,0,1,0,3.4622,2.05,collision,1340.0,-0.127378,0.442152,-0.869933,0.874793,5.177189,0.877964,1.603201,5.989236,0.387553,0.388302,-0.621934,1.008687,,,,,,,,,,,,,,0,lstm
431,107610,-3.066,5.7508,264,0,0,1,0,3.526,2.032,collision,1342.9,0.052041,0.458074,-0.815062,0.854421,5.277088,0.827528,1.014844,5.991221,0.366492,0.397026,-0.816086,1.0,,,,,,,,,,,,,,0,lstm
432,107760,-4.2256,5.8223,150,0,0,1,0,3.6124,2.012,collision,1345.0,-0.282991,0.387431,-0.884497,0.602912,5.305703,0.836141,0.702067,5.988873,0.397042,0.382084,-0.524052,1.0,-0.004246,0.042139,1.885917,0.005009,0.070165,0.419528,0.037126,0.323181,0.0001,,,,,0,lstm
433,107900,-8.0407,5.7302,140,0,0,1,0,3.6352,1.724,collision,1346.5,-0.523593,0.364602,-0.895831,0.643536,5.269802,0.927583,1.60533,5.986606,0.409235,0.389136,-0.518592,1.0,,,,,,,,,,,,,,0,lstm
434,108046,-9.6558,5.2822,146,0,0,1,0,3.8306,1.435,collision,1348.2,-0.766664,0.148716,-0.897652,-0.047579,5.324091,0.844772,1.959612,5.988439,0.405327,0.397277,-0.619273,1.009766,,,,,,,,,,,,,,0,lstm
435,108301,-9.0665,1.4255,255,0,0,1,0,3.5427,2.039,collision,1351.0,0.076764,0.453135,-0.84213,0.865989,5.244329,0.869276,0.803033,5.988935,0.366191,0.408835,-0.847365,1.0,,,,,,,,,,,,,,0,lstm
436,108575,30.179,1.7381,274,0,0,1,0,3.3042,2.019,collision,1354.5,-0.225625,0.424852,-0.880967,0.7631,5.250261,0.863815,1.355552,5.997051,0.374195,0.375992,-0.649888,1.0,-0.021039,0.045182,1.886028,0.004992,0.096096,0.13401,0.038639,0.081067,0.0001,,,,,0,lstm
437,108849,12.593,5.9979,274,0,0,1,0,3.5699,1.941,collision,1357.5,-0.129771,0.501641,-0.889895,0.874692,5.219919,0.839769,0.413714,5.986393,0.387034,0.397423,-0.873913,1.008275,,,,,,,,,,,,,,0,lstm
438,109124,32.4931,6.3811,275,0,0,1,0,3.3448,1.995,collision,1360.6,-0.272241,0.403859,-0.885206,0.769029,5.31869,0.75642,1.96046,5.989211,0.390667,0.383024,-0.558068,1.0,,,,,,,,,,,,,,0,lstm
439,109282,-0.9797,6.2565,158,0,0,1,0,3.6195,1.966,collision,1362.4,-0.341415,0.381562,-0.885741,0.765961,5.097216,1.030657,1.329105,5.995414,0.402948,0.387266,-0.482255,1.0,,,,,,,,,,,,,,0,lstm
440,109546,12.89,5.3121,264,0,0,1,0,3.4609,2.087,collision,1365.8,-0.054315,0.423313,-0.851215,0.860471,5.252357,0.936739,1.663686,5.987655,0.377007,0.389734,-0.692003,1.003252,0.011068,0.042002,1.886344,0.004976,0.074194,0.104835,0.025092,0.053644,0.0001,,,,,0,lstm
441,109811,26.971,8.3158,265,0,0,1,0,3.3992,2.037,collision,1368.7,-0.22807,0.400849,-0.885319,0.845135,5.212697,0.923868,1.053725,5.995535,0.387712,0.386175,-0.654382,1.0,,,,,,,,,,,,,,0,lstm
442,110071,-2.6188,8.4765,260,0,0,1,0,3.5056,2.106,collision,1371.6,0.054485,0.427229,-0.783511,0.864289,5.223523,0.901125,0.764652,5.990166,0.369865,0.400744,-0.775928,1.0,,,,,,,,,,,,,,0,lstm
443,110242,2.0689,9.4874,171,0,0,1,0,3.6117,2.032,collision,1373.5,-0.227508,0.415452,-0.873654,0.768226,5.219858,0.777167,2.048479,5.986599,0.39254,0.383329,-0.568577,1.0,,,,,,,,,,,,,,0,lstm
444,110501,-12.0282,9.2502,259,0,0,1,0,3.4607,2.096,collision,1376.9,0.088357,0.425776,-0.795514,0.867645,5.294385,0.784133,1.570153,5.997322,0.359173,0.403264,-0.832883,1.0,0.040284,0.044067,1.886706,0.00496,0.066469,0.090559,0.024446,0.073845,0.0001,,,,,0,lstm
445,110777,29.5728,13.1141,276,0,0,1,0,3.5188,1.769,collision,1380.0,-0.372161,0.499959,-0.898717,0.823281,5.28639,0.860627,0.842854,5.989465,0.397765,0.396179,-0.561206,1.0,,,,,,,,,,,,,,0,lstm
446,110952,1.9635,10.2926,175,0,0,1,0,3.6499,1.708,collision,1382.0,-0.566704,0.323024,-0.896442,0.66486,5.265632,0.832257,1.829575,5.984257,0.400659,0.38905,-0.520225,1.0,,,,,,,,,,,,,,0,lstm
447,111218,2.1694,9.2502,266,0,0,1,0,3.5054,2.1,collision,1384.9,0.057556,0.41657,-0.873922,0.867539,5.273041,0.919903,1.11051,5.988729,0.379289,0.40139,-0.745515,1.004394,,,,,,,,,,,,,,0,lstm
448,111487,23.6247,8.3634,269,0,0,1,0,3.3737,2.08,collision,1388.3,-0.114954,0.431584,-0.883762,0.776123,5.34464,0.806244,1.364626,5.989682,0.387538,0.389846,-0.597679,1.0,0.005101,0.036221,1.886999,0.004944,0.070898,0.222415,0.016512,0.112801,0.0001,,,,,0,lstm
449,111640,-1.4978,8.3115,153,0,0,1,0,3.6071,1.986,collision,1390.1,-0.351006,0.36535,-0.888289,0.650031,5.250082,0.856048,0.999285,5.975838,0.405124,0.386935,-0.439455,1.0,,,,,,,,,,,,,,0,lstm
450,112090,-35.1789,3.5047,450,0,0,1,0,3.6093,2.038,collision,1395.3,-0.069507,0.46439,-0.892589,0.81077,5.34077,0.760396,2.104606,5.992387,0.396041,0.438572,-1.0,1.002528,,,,,,,,,,,,,,0,lstm
451,112261,0.8857,0.8961,171,0,0,1,0,3.6221,1.958,collision,1397.2,-0.292348,0.407581,-0.892301,0.77868,5.13347,0.94964,1.387044,5.993121,0.391629,0.380589,-0.62708,1.0,,,,,,,,,,,,,,0,lstm
452,112450,4.9908,1.6571,189,0,0,1,0,3.6491,1.87,collision,1399.9,-0.41997,0.380241,-0.894146,0.761848,5.293133,0.870954,1.268998,5.990686,0.390504,0.383665,-0.586284,1.0,-0.024394,0.040204,1.887272,0.004928,0.06158,0.257588,0.054456,0.235931,0.0001,,,,,0,lstm
453,112719,20.6746,3.5177,269,0,0,1,0,3.3815,2.084,collision,1402.9,-0.139502,0.413744,-0.871651,0.810471,5.289891,0.886728,0.76455,5.990138,0.381419,0.386158,-0.661633,1.0,,,,,,,,,,,,,,0,lstm
454,112881,1.7265,4.8931,162,0,0,1,0,3.5294,1.955,collision,1404.7,-0.35023,0.381088,-0.885897,0.69811,5.166437,1.028738,0.580713,5.985861,0.400054,0.384161,-0.432092,1.0,,,,,,,,,,,,,,0,lstm
455,113022,-7.3132,1.2045,141,0,0,1,0,3.6223,1.784,collision,1406.3,-0.479759,0.38017,-0.897129,0.748583,5.434559,0.709515,2.466942,5.993537,0.408558,0.388076,-0.507491,1.0,,,,,,,,,,,,,,0,lstm
456,113296,33.783,4.3865,274,0,0,1,0,3.3249,1.994,collision,1409.8,-0.280373,0.403466,-0.884729,0.748896,5.302347,0.861931,1.096953,5.996557,0.386666,0.381643,-0.601893,1.0,-0.016675,0.050275,1.887348,0.004911,0.103494,0.565422,0.01517,0.491701,0.0001,,,,,0,lstm
457,113572,29.6035,7.1299,276,0,0,1,0,3.5162,1.87,collision,1412.9,-0.287738,0.493486,-0.897533,0.846475,5.370379,0.721719,1.398071,5.994442,0.395238,0.394393,-0.58778,1.006553,,,,,,,,,,,,,,0,lstm
458,113850,33.3558,8.103,278,0,0,1,0,3.308,2.016,collision,1416.0,-0.260935,0.395801,-0.87787,0.803174,5.244012,0.890218,0.845515,5.992252,0.39021,0.383294,-0.608986,1.0,,,,,,,,,,,,,,0,lstm
459,114107,-1.204,8.1324,257,0,0,1,0,3.5342,2.104,collision,1418.8,0.111506,0.406789,-0.766952,0.853351,5.424405,0.638756,1.440157,5.98365,0.369734,0.400926,-0.810474,1.006109,,,,,,,,,,,,,,0,lstm
460,114368,-2.9655,11.3537,261,0,0,1,0,3.5029,2.008,collision,1422.2,0.094765,0.478205,-0.890069,0.886916,5.352036,0.76144,1.711614,5.986598,0.358152,0.395311,-0.831445,1.0,0.022844,0.045489,1.887236,0.004895,0.075326,0.233542,0.044971,0.133459,0.0001,,,,,0,lstm
461,114534,0.9325,11.3584,166,0,0,1,0,3.5464,1.945,collision,1424.0,-0.329456,0.40304,-0.88529,0.733401,5.32593,0.774087,1.796835,5.993286,0.403208,0.3869,-0.543043,1.0,,,,,,,,,,,,,,0,lstm
462,114810,34.0352,14.2628,276,0,0,1,0,3.3177,1.99,collision,1427.1,-0.269141,0.41386,-0.882341,0.738305,5.259628,0.800549,2.200781,5.995057,0.392163,0.384925,-0.593982,1.0,,,,,,,,,,,,,,0,lstm
463,115341,57.7129,17.9667,531,0,0,1,0,2.8382,2.004,collision,1433.0,0.014353,0.489923,-0.891356,0.875529,5.31313,0.761979,1.478993,5.995452,0.361755,0.385975,-0.991626,1.0,,,,,,,,,,,,,,0,lstm
464,115610,9.1921,18.7132,269,0,0,1,0,3.4759,2.084,collision,1436.4,-0.001306,0.432942,-0.832522,0.832112,5.269268,0.903109,1.412761,5.990432,0.387035,0.400769,-0.71142,1.003101,0.021793,0.037736,1.887196,0.004879,0.07939,0.095407,0.049219,0.075873,0.0001,,,,,0,lstm
465,115873,0.2308,19.4676,263,0,0,1,0,3.4277,2.116,collision,1439.3,0.047843,0.418555,-0.840483,0.852768,5.209798,0.864485,1.37673,5.992991,0.369313,0.395662,-0.773969,1.0,,,,,,,,,,,,,,0,lstm
466,116136,1.3203,16.2213,263,0,0,1,0,3.4191,2.059,collision,1442.2,0.008514,0.447246,-0.838421,0.865574,5.306517,0.845034,1.235863,5.993714,0.363563,0.39458,-0.805472,1.0,,,,,,,,,,,,,,0,lstm
467,116405,6.3237,13.8934,269,0,0,1,0,3.5123,2.045,collision,1445.2,0.04734,0.449032,-0.848393,0.878549,5.237836,0.862656,1.993845,5.994555,0.381315,0.39848,-0.745719,1.00636,,,,,,,,,,,,,,0,lstm
468,116566,-1.6949,10.3883,161,0,0,1,0,3.6474,1.881,collision,1447.5,-0.375436,0.407577,-0.888711,0.719446,5.252381,0.914283,0.871548,5.992656,0.406164,0.391793,-0.571739,1.0,0.018179,0.043091,1.887295,0.004863,0.057281,0.228302,0.00762,0.150001,0.0001,,,,,0,lstm
469,116842,27.116,13.2203,276,0,0,1,0,3.5242,1.863,collision,1450.4,-0.288649,0.501184,-0.897263,0.882752,5.222492,0.909253,1.043471,5.98919,0.386859,0.388484,-0.624982,1.001232,,,,,,,,,,,,,,0,lstm
470,117018,0.8116,13.598,176,0,0,1,0,3.5718,2.043,collision,1452.5,-0.189728,0.418555,-0.882652,0.839904,5.188419,0.837274,1.423219,5.994782,0.384774,0.379473,-0.550558,1.0,,,,,,,,,,,,,,0,lstm
471,117286,0.4571,13.5505,268,0,0,1,0,3.5356,2.073,collision,1455.3,0.085266,0.42651,-0.829408,0.888997,5.289378,0.817462,1.814823,5.997858,0.383825,0.406695,-0.769588,1.007855,,,,,,,,,,,,,,0,lstm
472,117561,27.3005,12.877,275,0,0,1,0,3.5218,1.818,collision,1458.8,-0.351902,0.47707,-0.896835,0.84929,5.189405,0.9666,1.159735,5.982073,0.390123,0.391444,-0.619514,1.0,-0.003626,0.038589,1.887573,0.004847,0.070118,0.165127,0.028092,0.115393,0.0001,,,,,0,lstm
473,117832,7.9538,7.9011,271,0,0,1,0,3.4961,2.047,collision,1461.9,0.092587,0.44157,-0.816921,0.850168,5.196396,0.955458,1.11729,5.987105,0.382539,0.397338,-0.703978,1.005892,,,,,,,,,,,,,,0,lstm
474,118106,29.0589,9.8878,274,0,0,1,0,3.5114,1.905,collision,1465.0,-0.299607,0.458665,-0.899175,0.840992,5.088474,1.024092,0.853802,5.994884,0.388734,0.389751,-0.570323,1.006702,,,,,,,,,,,,,,0,lstm
475,118373,21.459,12.0106,267,0,0,1,0,3.433,2.051,collision,1467.9,-0.091562,0.439153,-0.817778,0.858293,5.275234,0.788682,2.195507,5.989961,0.386436,0.389972,-0.657855,1.000938,,,,,,,,,,,,,,0,lstm
476,118649,23.918,14.2704,276,0,0,1,0,3.5256,1.925,collision,1471.5,-0.187779,0.504355,-0.895352,0.880851,5.218976,0.876049,1.278732,5.991901,0.385968,0.389662,-0.663107,1.008354,0.022178,0.035682,1.887908,0.00483,0.063056,0.16709,0.020733,0.135117,0.0001,,,,,0,lstm
477,118817,0.6879,13.7068,168,0,0,1,0,3.6492,1.886,collision,1473.4,-0.397985,0.382925,-0.896167,0.825526,5.177106,1.116483,0.177383,5.997487,0.406142,0.393175,-0.547536,1.0,,,,,,,,,,,,,,0,lstm
478,119081,-15.0726,12.369,264,0,0,1,0,3.5865,2.044,collision,1476.3,0.184164,0.416474,-0.824661,0.85608,5.326163,0.834866,0.966165,5.986033,0.388342,0.427128,-0.910234,1.00014,,,,,,,,,,,,,,0,lstm
479,119342,-0.3425,9.6232,261,0,0,1,0,3.4254,2.057,collision,1479.2,0.00315,0.446372,-0.840481,0.829346,5.161147,0.955854,0.609651,5.990631,0.361223,0.394379,-0.815577,1.0,,,,,,,,,,,,,,0,lstm
480,119607,9.8905,10.5311,265,0,0,1,0,3.4799,2.087,collision,1482.6,0.012751,0.432852,-0.850411,0.871572,5.172634,0.973643,0.820052,5.993069,0.377029,0.393273,-0.708224,1.004766,0.020377,0.042058,1.888297,0.004814,0.056351,0.219562,0.024849,0.127823,0.0001,,,,,0,lstm
481,119769,0.1617,10.5015,162,0,0,1,0,3.6231,2.029,collision,1484.4,-0.193233,0.41768,-0.892726,0.766309,5.050457,1.093614,0.746489,5.996388,0.395307,0.382321,-0.479159,1.0,,,,,,,,,,,,,,0,lstm
482,119952,5.4088,8.3124,183,0,0,1,0,3.6198,2.016,collision,1486.4,-0.268393,0.406461,-0.893256,0.802817,5.188138,0.861636,1.264122,5.977772,0.392772,0.383028,-0.568686,1.00612,,,,,,,,,,,,,,0,lstm
483,120103,-4.5058,7.0664,151,0,0,1,0,3.6131,2.029,collision,1488.1,-0.1942,0.422187,-0.881409,0.762294,5.285445,0.755663,1.723788,5.982325,0.389607,0.376845,-0.533092,1.0,,,,,,,,,,,,,,0,lstm
484,120378,27.3159,6.8921,275,0,0,1,0,3.5286,1.736,collision,1491.8,-0.399405,0.495096,-0.89656,0.869772,5.206752,0.895282,0.579561,5.99033,0.398986,0.39726,-0.589647,1.0,-0.027562,0.055906,1.888398,0.004798,0.087274,0.246471,0.068429,0.132097,0.0001,,,,,0,lstm
485,120654,27.4926,7.4955,276,0,0,1,0,3.3214,1.979,collision,1494.9,-0.146554,0.479987,-0.883308,0.871585,5.187057,0.878029,1.001339,5.992027,0.379398,0.383392,-0.57753,1.0,,,,,,,,,,,,,,0,lstm
486,120932,36.2733,8.731,278,0,0,1,0,3.3091,1.983,collision,1498.2,-0.29025,0.408181,-0.895592,0.688376,5.151505,0.922246,0.450248,5.99666,0.397056,0.385833,-0.585935,1.0,,,,,,,,,,,,,,0,lstm
487,121095,0.3358,8.6958,163,0,0,1,0,3.6111,1.972,collision,1500.2,-0.282488,0.422139,-0.889973,0.756878,5.236954,0.851187,1.542867,5.989884,0.399292,0.386596,-0.52367,1.0,,,,,,,,,,,,,,0,lstm
488,121363,16.8845,11.8915,268,0,0,1,0,3.4694,2.044,collision,1503.8,-0.023259,0.454049,-0.817155,0.865135,5.240894,0.873554,0.929461,5.984284,0.37972,0.389359,-0.700126,1.007496,0.007478,0.045153,1.888429,0.004782,0.093602,0.132734,0.013215,0.04569,0.0001,,,,,0,lstm
489,121633,11.9047,13.1162,270,0,0,1,0,3.4587,2.079,collision,1506.8,0.0235,0.430071,-0.84023,0.822775,5.22967,0.93015,1.198036,5.987806,0.386504,0.396382,-0.690269,1.000491,,,,,,,,,,,,,,0,lstm
490,121811,-4.3388,11.6933,178,0,0,1,0,3.6112,2.098,collision,1508.8,-0.09985,0.413087,-0.888333,0.8204,5.290299,0.831969,1.136737,5.988949,0.383686,0.385898,-0.629719,1.0,,,,,,,,,,,,,,0,lstm
491,122087,27.4126,14.4184,276,0,0,1,0,3.5087,1.863,collision,1511.9,-0.281529,0.489898,-0.898951,0.863972,5.223773,0.978025,0.375052,5.996873,0.385411,0.390544,-0.60102,1.000492,,,,,,,,,,,,,,0,lstm
492,122555,-30.5702,10.8205,468,0,0,1,0,3.5403,1.993,collision,1517.8,-0.014464,0.490389,-0.892884,0.859429,5.289136,0.880371,0.556277,5.988659,0.389427,0.434212,-0.999972,1.0,0.000365,0.037599,1.888612,0.004766,0.066733,0.228772,0.007745,0.16608,0.0001,,,,,0,lstm
493,122820,3.9369,11.6647,265,0,0,1,0,3.4621,2.087,collision,1520.8,0.028071,0.437853,-0.782097,0.875052,5.27034,0.826255,1.91722,5.992089,0.370968,0.39211,-0.741631,1.0,,,,,,,,,,,,,,0,lstm
494,122966,-6.9884,8.2343,146,0,0,1,0,3.7407,1.703,collision,1522.5,-0.570556,0.309945,-0.887194,0.411523,5.291319,0.810259,1.933159,5.993543,0.421592,0.400953,-0.553749,1.000916,,,,,,,,,,,,,,0,lstm
495,123148,5.2632,6.0114,182,0,0,1,0,3.6107,2.002,collision,1524.6,-0.24751,0.424012,-0.894882,0.657741,5.212026,0.881655,1.308008,5.994181,0.388333,0.379451,-0.532249,1.002797,,,,,,,,,,,,,,0,lstm
496,123305,-2.6175,2.1223,157,0,0,1,0,3.6197,1.819,collision,1526.8,-0.458203,0.377032,-0.895917,0.632238,5.307282,0.887002,1.089516,5.98996,0.407833,0.389832,-0.558405,1.0,-0.025263,0.05414,1.888784,0.004749,0.080655,0.505059,0.051119,0.403109,0.0001,,,,,0,lstm
497,123467,1.3241,2.2211,162,0,0,1,0,3.5884,1.896,collision,1528.6,-0.344585,0.422176,-0.894114,0.717502,5.319457,0.87086,1.073456,5.990472,0.401838,0.385972,-0.420472,1.0,,,,,,,,,,,,,,0,lstm
498,123997,59.2523,6.4579,530,0,0,1,0,2.8269,2.001,collision,1534.5,0.030125,0.490758,-0.891018,0.881267,5.236311,0.872359,0.928355,5.99345,0.363472,0.387633,-0.994594,1.0,,,,,,,,,,,,,,0,lstm
499,124265,3.5908,5.6265,268,0,0,1,0,3.3667,2.128,collision,1537.4,0.024543,0.406892,-0.856484,0.816098,5.315544,0.793122,1.766634,5.993703,0.36443,0.393996,-0.768761,1.0,,,,,,,,,,,,,,0,lstm
500,124412,-8.2594,5.2344,147,0,0,1,0,3.7645,1.574,collision,1539.5,-0.655983,0.306684,-0.896416,0.637442,5.400357,0.768468,1.282978,5.991566,0.412915,0.39666,-0.628656,1.002079,0.009072,0.042775,1.888901,0.004733,0.083738,0.162598,0.034786,0.088712,0.0001,,,,,0,lstm
