episode,global_step,reward,avg10,length,success,goal_touched,collision,timeout,min_dist,avg_speed_ms,end_reason,elapsed_s,act0_mean,act0_std,act0_min,act0_max,act1_mean,act1_std,act1_min,act1_max,obs_mean,obs_std,obs_min,obs_max,actor_loss,critic_loss,policy_entropy,entropy_coef,value_residual,grad_norm_actor,grad_norm_critic,grad_norm_rnn,lr_actor,lr_critic,alpha,alpha_loss,target_update_magnitude,replay_buffer_size,recurrent_cell
1,133,-6.6074,-6.6074,133,0,0,1,0,3.6109,1.943,collision,1.6,-0.269388,0.460834,-0.893051,0.787437,5.734788,0.433338,3.203552,5.995562,0.411045,0.39182,-0.438886,1.0,,,,,,,,,,,,,,0,lstm
2,254,-10.0652,-8.3363,121,0,0,1,0,3.598,1.919,collision,2.8,-0.2357,0.489306,-0.897147,0.780353,5.659779,0.527455,2.925909,5.998104,0.414499,0.391332,-0.332779,1.0,,,,,,,,,,,,,,0,lstm
3,392,-4.8135,-7.162,138,0,0,1,0,3.6494,1.907,collision,4.2,-0.302985,0.459132,-0.898009,0.848284,5.646919,0.609218,2.663868,5.997931,0.419045,0.398662,-0.414851,1.0,,,,,,,,,,,,,,0,lstm
4,527,-5.8085,-6.8237,135,0,0,1,0,3.5621,2.035,collision,6.4,-0.235105,0.420932,-0.872992,0.744674,5.648223,0.525457,3.13364,5.996006,0.412167,0.392575,-0.459746,1.0,-0.102412,0.056203,1.88197,0.006742,0.143224,0.199377,0.19042,0.303939,3.7e-05,,,,,0,lstm
5,653,-7.7908,-7.0171,126,0,0,1,0,3.6304,2.002,collision,7.6,-0.150045,0.472264,-0.889592,0.781919,5.639459,0.489671,3.438878,5.99047,0.419154,0.39543,-0.169207,1.0,,,,,,,,,,,,,,0,lstm
6,1047,2.3826,-5.4505,394,0,0,1,0,3.5363,1.733,collision,11.6,0.078326,0.627089,-0.896559,0.88193,5.56604,0.662368,0.699657,5.999111,0.386886,0.422116,-0.989534,1.011054,,,,,,,,,,,,,,0,lstm
7,1316,-30.1221,-8.975,269,0,0,1,0,3.6276,1.766,collision,14.3,0.136915,0.604859,-0.886766,0.886197,5.439944,0.713444,0.933392,5.994459,0.366432,0.427298,-0.994749,1.0,,,,,,,,,,,,,,0,lstm
8,1447,-6.8035,-8.7036,131,0,0,1,0,3.7056,1.911,collision,16.1,-0.182836,0.527925,-0.894971,0.867718,5.73107,0.381263,3.379551,5.996071,0.418955,0.396973,-0.25051,1.003515,-0.00504,0.031919,1.881963,0.006726,0.10158,0.336198,0.045368,0.301989,4.9e-05,,,,,0,lstm
9,1857,-18.4884,-9.7908,410,0,0,1,0,3.5643,1.849,collision,20.2,0.070845,0.569093,-0.896941,0.886762,5.455858,0.685744,1.009525,5.996599,0.394182,0.43133,-0.999999,1.005123,,,,,,,,,,,,,,0,lstm
10,1998,-2.58,-9.0697,141,0,0,1,0,3.5871,2.072,collision,21.6,-0.048991,0.451993,-0.892616,0.826126,5.589344,0.59882,2.45299,5.996716,0.413818,0.39563,-0.144834,1.0,,,,,,,,,,,,,,0,lstm
11,2405,-33.0311,-11.712,407,0,0,1,0,3.6069,1.858,collision,25.8,0.121615,0.560759,-0.895385,0.886454,5.53445,0.651012,2.492846,5.995045,0.402175,0.442518,-1.0,1.005296,,,,,,,,,,,,,,0,lstm
12,2541,-4.1364,-11.1192,136,0,0,1,0,3.5912,2.118,collision,27.7,-0.123893,0.408077,-0.884167,0.824665,5.611795,0.515948,3.464313,5.997145,0.416271,0.393615,-0.156709,1.0,-0.004755,0.029618,1.882002,0.00671,0.086035,0.229621,0.039623,0.245879,6.1e-05,,,,,0,lstm
13,2675,-5.4168,-11.1795,134,0,0,1,0,3.5945,2.029,collision,29.0,0.027012,0.475345,-0.872324,0.880218,5.537939,0.639878,0.922293,5.997547,0.407196,0.388912,-0.274124,1.0,,,,,,,,,,,,,,0,lstm
14,2803,-6.7289,-11.2715,128,0,0,1,0,3.5783,2.092,collision,30.3,-0.111105,0.417505,-0.881686,0.702015,5.631199,0.524011,2.95226,5.995668,0.416522,0.392808,-0.146889,1.0,,,,,,,,,,,,,,0,lstm
15,2940,-4.8883,-10.9813,137,0,0,1,0,3.6365,1.93,collision,31.8,-0.256774,0.468103,-0.895066,0.776977,5.522563,0.753711,1.567308,5.996122,0.418712,0.397263,-0.331225,1.0,,,,,,,,,,,,,,0,lstm
16,3212,-9.4924,-12.1688,272,0,0,1,0,3.5434,1.943,collision,34.8,0.157157,0.492497,-0.880659,0.872403,5.405047,0.826177,0.762285,5.992361,0.387798,0.420657,-0.9456,1.0,-0.02759,0.036339,1.881994,0.006693,0.111061,0.19681,0.018466,0.145899,7.3e-05,,,,,0,lstm
17,3612,-25.3604,-11.6926,400,0,0,1,0,3.5809,1.766,collision,38.8,0.031528,0.618133,-0.897943,0.878866,5.532445,0.642409,1.053611,5.997753,0.395117,0.433702,-0.999999,1.0,,,,,,,,,,,,,,0,lstm
18,3897,12.949,-9.7174,285,0,0,1,0,3.4696,1.908,collision,41.8,0.013523,0.545614,-0.895737,0.862778,5.489277,0.691219,2.132672,5.996512,0.38834,0.40505,-0.864396,1.0,,,,,,,,,,,,,,0,lstm
19,4035,-3.7093,-8.2395,138,0,0,1,0,3.6126,2.06,collision,43.2,-0.156469,0.440175,-0.894418,0.801505,5.541779,0.714831,1.291475,5.99642,0.413251,0.393618,-0.144272,1.0,,,,,,,,,,,,,,0,lstm
20,4167,-5.4274,-8.5242,132,0,0,1,0,3.5525,2.059,collision,44.9,-0.119781,0.441592,-0.895549,0.76829,5.542283,0.625589,1.48084,5.991626,0.416609,0.393744,-0.212671,1.0,-0.002426,0.031657,1.881949,0.006677,0.104792,0.525983,0.064854,0.518786,8.5e-05,,,,,0,lstm
21,4439,-14.2642,-6.6475,272,0,0,1,0,3.5845,1.871,collision,47.7,0.184132,0.527861,-0.836488,0.8808,5.405906,0.757715,1.726695,5.996887,0.38936,0.427699,-0.968028,1.0,,,,,,,,,,,,,,0,lstm
22,4565,-7.591,-6.993,126,0,0,1,0,3.6162,2.068,collision,49.0,-0.089324,0.453666,-0.892187,0.676652,5.575083,0.559662,2.353501,5.994583,0.412493,0.390871,-0.1472,1.0,,,,,,,,,,,,,,0,lstm
23,4843,4.5435,-5.997,278,0,0,1,0,3.5006,1.985,collision,51.8,0.159957,0.477259,-0.879815,0.886501,5.409894,0.718241,1.823381,5.991765,0.391188,0.410526,-0.899211,1.001769,,,,,,,,,,,,,,0,lstm
24,4980,-10.5306,-6.3771,137,0,0,1,0,3.7234,1.596,collision,53.6,-0.601273,0.38496,-0.898173,0.563157,5.770335,0.30231,4.448167,5.997519,0.411187,0.397978,-0.644869,1.0,0.008978,0.031564,1.881963,0.006661,0.111716,0.218421,0.037601,0.251535,9.7e-05,,,,,0,lstm
25,5112,-6.6822,-6.5565,132,0,0,1,0,3.6431,1.933,collision,54.9,-0.052973,0.534583,-0.893524,0.830139,5.547285,0.735862,2.205324,5.997039,0.412606,0.393663,-0.290834,1.0,,,,,,,,,,,,,,0,lstm
26,5255,-7.1651,-6.3238,143,0,0,1,0,3.7188,1.69,collision,56.3,-0.54893,0.390388,-0.895836,0.744485,5.716435,0.485057,2.03087,5.9968,0.41274,0.397629,-0.612337,1.0,,,,,,,,,,,,,,0,lstm
27,5554,3.3001,-3.4577,299,0,0,1,0,3.6139,1.74,collision,59.5,0.104945,0.622874,-0.899202,0.888395,5.493269,0.820386,0.773101,5.996876,0.394069,0.417597,-0.979761,1.007122,,,,,,,,,,,,,,0,lstm
28,5693,-3.112,-5.0638,139,0,0,1,0,3.5827,2.088,collision,61.3,-0.081085,0.43467,-0.899026,0.834472,5.539907,0.627172,2.145617,5.988958,0.415965,0.395706,-0.161222,1.0,-0.022544,0.030419,1.882137,0.006645,0.08129,0.294819,0.010703,0.229612,0.0001,,,,,0,lstm
29,5970,-10.7869,-5.7716,277,0,0,1,0,3.5097,1.914,collision,64.1,0.209027,0.49401,-0.863074,0.877331,5.414687,0.709862,1.722949,5.99499,0.382168,0.417386,-0.974821,1.0,,,,,,,,,,,,,,0,lstm
30,6096,-8.1572,-6.0446,126,0,0,1,0,3.6261,1.974,collision,65.4,-0.23454,0.472965,-0.893562,0.78243,5.648804,0.437473,3.64907,5.997526,0.41809,0.395275,-0.214914,1.0,,,,,,,,,,,,,,0,lstm
31,6225,-8.2123,-5.4394,129,0,0,1,0,3.6036,1.894,collision,66.8,-0.332929,0.46213,-0.892915,0.677705,5.636774,0.491326,3.021381,5.996457,0.414025,0.391877,-0.425558,1.0,,,,,,,,,,,,,,0,lstm
32,6360,-5.1093,-5.1912,135,0,0,1,0,3.6267,1.997,collision,68.5,-0.040454,0.501772,-0.896144,0.861161,5.667328,0.38488,3.709267,5.991681,0.410195,0.391206,-0.259568,1.0,-0.020301,0.038474,1.882407,0.006629,0.102882,0.447442,0.019947,0.435437,0.0001,,,,,0,lstm
33,6492,-5.7538,-6.221,132,0,0,1,0,3.6365,2.06,collision,69.8,-0.15842,0.427159,-0.898641,0.839542,5.555254,0.57363,2.797715,5.996428,0.428462,0.403191,-0.23301,1.0,,,,,,,,,,,,,,0,lstm
34,6761,-11.3155,-6.2994,269,0,0,1,0,3.5811,1.959,collision,72.6,0.244435,0.457346,-0.850086,0.879566,5.464919,0.715952,1.267231,5.994494,0.387291,0.424285,-0.935529,1.0,,,,,,,,,,,,,,0,lstm
35,6890,-8.0007,-6.4313,129,0,0,1,0,3.6452,1.885,collision,73.9,-0.023388,0.567419,-0.894787,0.878137,5.544471,0.6128,1.759246,5.994978,0.409114,0.390521,-0.357012,1.0,,,,,,,,,,,,,,0,lstm
36,7029,-3.3665,-6.0514,139,0,0,1,0,3.5765,2.047,collision,75.7,-0.107131,0.453132,-0.885737,0.765454,5.625416,0.519242,2.802289,5.989754,0.418922,0.397995,-0.180955,1.0,-0.010322,0.037749,1.882633,0.006612,0.099011,0.334478,0.022045,0.308138,0.0001,,,,,0,lstm
37,7168,-6.8832,-7.0698,139,0,0,1,0,3.7598,1.691,collision,77.2,-0.474706,0.460116,-0.896768,0.76635,5.647954,0.726498,0.668483,5.998621,0.416782,0.398866,-0.515695,1.009176,,,,,,,,,,,,,,0,lstm
38,7302,-5.1453,-7.2731,134,0,0,1,0,3.572,2.047,collision,78.6,-0.12069,0.448775,-0.893412,0.805686,5.580814,0.688737,1.74345,5.994576,0.416231,0.395512,-0.197358,1.0,,,,,,,,,,,,,,0,lstm
39,7587,-3.1232,-6.5067,285,0,0,1,0,3.4409,1.916,collision,81.5,0.17408,0.511341,-0.867332,0.881039,5.459736,0.711972,2.058234,5.989176,0.38546,0.412789,-0.935754,1.0,,,,,,,,,,,,,,0,lstm
40,7732,-3.2356,-6.0146,145,0,0,1,0,3.6562,1.808,collision,83.3,-0.057028,0.603623,-0.898088,0.845174,5.577409,0.645415,2.605152,5.997445,0.41101,0.397313,-0.40594,1.0,-0.007629,0.034694,1.882721,0.006596,0.096994,0.458247,0.015263,0.489112,0.0001,,,,,0,lstm
41,7867,-8.4595,-6.0393,135,0,0,1,0,3.5951,1.802,collision,84.6,-0.374061,0.489103,-0.898369,0.797219,5.674924,0.488673,2.506991,5.995437,0.414432,0.396784,-0.621271,1.0,,,,,,,,,,,,,,0,lstm
42,8007,-11.4462,-6.673,140,0,0,1,0,3.8345,1.464,collision,86.1,-0.733649,0.231989,-0.897228,0.637543,5.83495,0.32349,3.602066,5.998925,0.408988,0.398524,-0.682389,1.011542,,,,,,,,,,,,,,0,lstm
43,8144,-5.4171,-6.6393,137,0,0,1,0,3.6324,1.849,collision,87.4,-0.020061,0.582384,-0.898749,0.855693,5.604437,0.604421,2.986911,5.994612,0.403486,0.389673,-0.323538,1.0,,,,,,,,,,,,,,0,lstm
44,8429,10.2541,-4.4823,285,0,0,1,0,3.4253,2.025,collision,90.9,0.167143,0.450833,-0.779524,0.875724,5.423738,0.829866,1.090286,5.993699,0.39764,0.409395,-0.864987,1.0,0.016698,0.033812,1.882821,0.00658,0.103167,0.259449,0.016412,0.212574,0.0001,,,,,0,lstm
45,8556,-13.7456,-5.0568,127,0,0,1,0,3.7324,1.446,collision,92.2,-0.658639,0.430071,-0.897231,0.808205,5.806657,0.398913,2.543192,5.998406,0.400768,0.390886,-0.600698,1.0,,,,,,,,,,,,,,0,lstm
46,8682,-7.8056,-5.5007,126,0,0,1,0,3.627,2.009,collision,93.5,-0.165807,0.469011,-0.897781,0.708466,5.705409,0.42538,3.103432,5.994024,0.418155,0.396256,-0.142292,1.0,,,,,,,,,,,,,,0,lstm
47,8964,-2.3263,-5.045,282,0,0,1,0,3.4524,1.944,collision,96.4,0.166459,0.495226,-0.871264,0.865339,5.488758,0.668492,0.982496,5.991139,0.386278,0.412626,-0.934555,1.0,,,,,,,,,,,,,,0,lstm
48,9098,-7.7994,-5.3104,134,0,0,1,0,3.6592,1.689,collision,98.2,-0.444167,0.503194,-0.897946,0.817279,5.694895,0.441574,3.334557,5.997951,0.408216,0.391866,-0.493284,1.0,-0.018173,0.033503,1.882816,0.006564,0.096769,0.291558,0.008178,0.320697,0.0001,,,,,0,lstm
49,9377,-1.9037,-5.1885,279,0,0,1,0,3.5175,1.95,collision,101.0,0.232903,0.462058,-0.806299,0.881153,5.51987,0.67547,1.453343,5.997071,0.386861,0.413922,-0.920678,1.0,,,,,,,,,,,,,,0,lstm
50,9515,-5.8544,-5.4504,138,0,0,1,0,3.7444,1.763,collision,102.5,-0.115357,0.613163,-0.898539,0.868577,5.652435,0.489669,3.639733,5.99575,0.413743,0.393595,-0.362177,1.007954,,,,,,,,,,,,,,0,lstm
51,9647,-9.1221,-5.5166,132,0,0,1,0,3.6477,1.715,collision,103.8,0.011809,0.659169,-0.897135,0.856154,5.605396,0.566469,2.918494,5.996754,0.396861,0.388522,-0.510482,1.0,,,,,,,,,,,,,,0,lstm
52,9780,-6.2342,-4.9954,133,0,0,1,0,3.6132,1.858,collision,105.5,-0.233128,0.536357,-0.899,0.762938,5.667431,0.548883,0.961984,5.997923,0.409943,0.394261,-0.20285,1.0,0.004859,0.037459,1.882821,0.006548,0.087275,0.304366,0.039941,0.186595,0.0001,,,,,0,lstm
53,10071,20.1388,-2.4398,291,0,0,1,0,3.4864,1.791,collision,108.5,0.034576,0.610145,-0.899293,0.874881,5.61925,0.504765,3.486097,5.997771,0.384835,0.39975,-0.81193,1.0,,,,,,,,,,,,,,0,lstm
54,10362,23.2345,-1.1418,291,0,0,1,0,3.4705,1.831,collision,111.6,0.063123,0.589704,-0.898184,0.881811,5.555955,0.616517,0.598335,5.998081,0.387991,0.397144,-0.757403,1.0,,,,,,,,,,,,,,0,lstm
55,10639,-9.5802,-0.7253,277,0,0,1,0,3.5444,1.743,collision,114.3,0.168211,0.607199,-0.891523,0.88815,5.480241,0.788521,1.573416,5.995033,0.376141,0.415571,-0.971709,1.0,,,,,,,,,,,,,,0,lstm
56,10771,-6.703,-0.615,132,0,0,1,0,3.7284,1.863,collision,116.1,-0.231422,0.545252,-0.898352,0.804283,5.77018,0.462072,1.650976,5.996568,0.414743,0.392353,-0.294804,1.00683,0.00979,0.039012,1.882812,0.006531,0.116189,0.214872,0.085722,0.171032,0.0001,,,,,0,lstm
57,10910,-5.0038,-0.8828,139,0,0,1,0,3.6155,1.782,collision,117.5,0.031829,0.618775,-0.896519,0.893579,5.586259,0.635887,2.773668,5.998612,0.399264,0.389315,-0.337552,1.0,,,,,,,,,,,,,,0,lstm
58,11033,-10.1189,-1.1147,123,0,0,1,0,3.6106,1.836,collision,118.8,-0.30082,0.525506,-0.899327,0.775309,5.772269,0.44301,2.110631,5.998556,0.411082,0.391633,-0.379378,1.0,,,,,,,,,,,,,,0,lstm
59,11164,-7.6199,-1.6863,131,0,0,1,0,3.716,1.745,collision,120.2,-0.313831,0.566409,-0.898548,0.861212,5.752376,0.37075,4.175522,5.996753,0.417771,0.395602,-0.239263,1.0,,,,,,,,,,,,,,0,lstm
60,11301,-10.3026,-2.1311,137,0,0,1,0,3.8042,1.544,collision,121.9,-0.645607,0.367831,-0.897394,0.707353,5.783744,0.463991,2.077803,5.997463,0.4102,0.395404,-0.626251,1.009135,-0.061426,0.040425,1.882915,0.006515,0.093403,0.367582,0.087238,0.383928,0.0001,,,,,0,lstm
61,11440,-4.0465,-1.6236,139,0,0,1,0,3.6356,1.859,collision,123.3,-0.077919,0.571913,-0.898129,0.875316,5.644935,0.502988,3.166075,5.997737,0.412014,0.396143,-0.209798,1.0,,,,,,,,,,,,,,0,lstm
62,11719,-4.2434,-1.4245,279,0,0,1,0,3.4984,1.969,collision,126.2,0.210617,0.463887,-0.801269,0.876261,5.547099,0.644808,2.166853,5.995925,0.383899,0.413963,-0.936225,1.0,,,,,,,,,,,,,,0,lstm
63,11853,-5.7646,-4.0148,134,0,0,1,0,3.6073,1.906,collision,127.5,-0.157817,0.528795,-0.896955,0.850583,5.757938,0.373094,2.651378,5.994363,0.41525,0.396011,-0.264322,1.0,,,,,,,,,,,,,,0,lstm
64,11975,-9.3948,-7.2778,122,0,0,1,0,3.5942,1.981,collision,129.1,-0.158731,0.494092,-0.899217,0.767621,5.669572,0.386522,4.079243,5.995599,0.415574,0.394874,-0.16669,1.0,-0.000759,0.037889,1.883077,0.006499,0.097116,0.226615,0.037793,0.216674,0.0001,,,,,0,lstm
65,12259,4.4049,-5.8793,284,0,0,1,0,3.4241,1.971,collision,131.9,0.148424,0.483118,-0.839164,0.869526,5.551765,0.602537,2.489064,5.995392,0.395999,0.414431,-0.922844,1.0,,,,,,,,,,,,,,0,lstm
66,12386,-9.69,-6.178,127,0,0,1,0,3.651,1.682,collision,133.2,-0.434774,0.525437,-0.899526,0.818166,5.785448,0.341898,4.023999,5.998055,0.410037,0.39189,-0.420765,1.0,,,,,,,,,,,,,,0,lstm
67,12536,-1.6422,-5.8418,150,0,0,1,0,3.727,1.737,collision,134.7,-0.312835,0.558448,-0.898673,0.83146,5.6884,0.425362,2.886248,5.996925,0.409016,0.391576,-0.411229,1.008012,,,,,,,,,,,,,,0,lstm
68,12671,-8.4769,-5.6776,135,0,0,1,0,3.7356,1.614,collision,136.4,-0.538622,0.464024,-0.897507,0.72758,5.71067,0.531098,2.426172,5.998534,0.410498,0.393059,-0.494151,1.0,-0.032665,0.031311,1.883115,0.006483,0.083354,0.151757,0.015127,0.154901,0.0001,,,,,0,lstm
69,13066,-28.711,-7.7867,395,0,0,1,0,3.595,1.7,collision,140.5,0.137898,0.640998,-0.899222,0.891953,5.596106,0.667515,1.425659,5.998023,0.394242,0.435415,-0.999999,1.0,,,,,,,,,,,,,,0,lstm
70,13357,22.0129,-4.5552,291,0,0,1,0,3.4994,1.81,collision,143.5,0.097206,0.590697,-0.896197,0.873018,5.603766,0.610081,2.771338,5.998053,0.38832,0.398917,-0.772,1.004338,,,,,,,,,,,,,,0,lstm
71,13505,-7.3284,-4.8834,148,0,0,1,0,3.7395,1.54,collision,145.0,-0.651935,0.363334,-0.895531,0.695911,5.818028,0.28946,4.250333,5.997284,0.409562,0.396004,-0.655346,1.0,,,,,,,,,,,,,,0,lstm
72,13783,-1.9753,-4.6566,278,0,0,1,0,3.4956,1.938,collision,148.3,0.178229,0.496518,-0.831624,0.876576,5.619174,0.505414,3.042253,5.996265,0.386438,0.412914,-0.926615,1.0,0.01601,0.034187,1.883171,0.006467,0.099842,0.165696,0.068928,0.189232,0.0001,,,,,0,lstm
73,13917,-6.3576,-4.7159,134,0,0,1,0,3.5987,1.832,collision,149.7,0.092146,0.574466,-0.89801,0.871851,5.625729,0.550163,2.750062,5.995955,0.404223,0.39022,-0.404646,1.0,,,,,,,,,,,,,,0,lstm
74,14187,-25.3556,-6.3119,270,0,0,1,0,3.593,1.804,collision,152.5,0.276307,0.538079,-0.873328,0.895437,5.499936,0.692707,2.068433,5.994842,0.375192,0.429725,-0.97259,1.0,,,,,,,,,,,,,,0,lstm
75,14316,-7.6224,-7.5147,129,0,0,1,0,3.5911,1.909,collision,153.8,0.006332,0.557393,-0.89835,0.876824,5.688786,0.462493,2.898863,5.996021,0.405008,0.390495,-0.259404,1.0,,,,,,,,,,,,,,0,lstm
76,14479,-9.6699,-7.5126,163,0,0,1,0,3.7035,1.834,collision,155.9,0.048833,0.59082,-0.899183,0.875202,5.596928,0.594564,2.474104,5.996306,0.386318,0.395608,-0.674978,1.004051,0.009082,0.038872,1.88329,0.00645,0.091075,0.39366,0.032469,0.455841,0.0001,,,,,0,lstm
77,14614,-9.2356,-8.272,135,0,0,1,0,3.7238,1.545,collision,157.3,-0.551683,0.501966,-0.899562,0.779505,5.803092,0.458719,1.214033,5.998653,0.409183,0.393548,-0.51309,1.0,,,,,,,,,,,,,,0,lstm
78,14747,-7.7462,-8.1989,133,0,0,1,0,3.751,1.669,collision,158.6,-0.401686,0.547752,-0.898261,0.762505,5.779173,0.413058,2.629364,5.999276,0.415069,0.394511,-0.34849,1.002808,,,,,,,,,,,,,,0,lstm
79,14886,-8.0567,-6.1335,139,0,0,1,0,3.7364,1.584,collision,160.1,-0.093912,0.710603,-0.896641,0.890161,5.696943,0.530687,2.236248,5.998362,0.405346,0.392985,-0.519473,1.0,,,,,,,,,,,,,,0,lstm
80,15024,-5.422,-8.877,138,0,0,1,0,3.6897,1.732,collision,161.9,-0.073755,0.644754,-0.89933,0.879059,5.691457,0.435816,3.89706,5.996077,0.406614,0.39059,-0.289178,1.0,-0.03037,0.036735,1.883306,0.006434,0.0706,0.251161,0.052576,0.199224,0.0001,,,,,0,lstm
81,15158,-8.6297,-9.0071,134,0,0,1,0,3.7755,1.624,collision,163.4,-0.520934,0.457831,-0.896448,0.77857,5.764515,0.439822,2.821907,5.997746,0.409272,0.389808,-0.466156,1.005801,,,,,,,,,,,,,,0,lstm
82,15279,-9.641,-9.7737,121,0,0,1,0,3.5937,1.929,collision,164.6,-0.158295,0.513496,-0.899025,0.818568,5.633213,0.598094,1.530333,5.998726,0.41708,0.395921,-0.144891,1.0,,,,,,,,,,,,,,0,lstm
83,15412,-11.5421,-10.2921,133,0,0,1,0,3.6762,1.544,collision,166.0,-0.583539,0.474506,-0.89743,0.741501,5.835186,0.336013,2.648745,5.999094,0.408109,0.395122,-0.654719,1.0,,,,,,,,,,,,,,0,lstm
84,15538,-9.5636,-8.7129,126,0,0,1,0,3.6211,1.805,collision,167.7,-0.347726,0.504309,-0.898939,0.760332,5.747733,0.394217,3.740507,5.99666,0.413023,0.393773,-0.45033,1.0,-0.066366,0.041867,1.88343,0.006418,0.089509,0.321931,0.02101,0.384122,0.0001,,,,,0,lstm
85,15680,-8.6853,-8.8192,142,0,0,1,0,3.755,1.533,collision,169.2,-0.63358,0.396635,-0.898473,0.718643,5.788159,0.37815,3.411336,5.998906,0.406735,0.392321,-0.627415,1.0,,,,,,,,,,,,,,0,lstm
86,15813,-6.7849,-8.5307,133,0,0,1,0,3.6307,1.88,collision,170.5,-0.315706,0.489849,-0.89841,0.775053,5.657475,0.547921,2.95523,5.996991,0.411481,0.392525,-0.427096,1.0,,,,,,,,,,,,,,0,lstm
87,15946,-12.3347,-8.8406,133,0,0,1,0,3.7752,1.459,collision,172.0,-0.688145,0.361597,-0.898269,0.751663,5.772788,0.618776,1.239451,5.999591,0.402038,0.390374,-0.645436,1.0,,,,,,,,,,,,,,0,lstm
88,16229,7.5973,-7.3063,283,0,0,1,0,3.4306,1.962,collision,175.1,0.154354,0.491704,-0.863768,0.891023,5.614295,0.495809,1.867185,5.997368,0.393167,0.409446,-0.903461,1.0,-0.006162,0.034604,1.883838,0.006402,0.09326,0.250609,0.024008,0.311494,0.0001,,,,,0,lstm
89,16377,-3.2654,-6.8271,148,0,0,1,0,3.7269,1.694,collision,176.7,-0.244941,0.620755,-0.898885,0.845544,5.707565,0.431155,3.65648,5.99647,0.406837,0.389524,-0.495091,1.00241,,,,,,,,,,,,,,0,lstm
90,16522,-3.7502,-6.66,145,0,0,1,0,3.7387,1.762,collision,178.1,-0.1686,0.605985,-0.898804,0.875558,5.686527,0.511786,3.386998,5.997486,0.409473,0.391539,-0.413219,1.008471,,,,,,,,,,,,,,0,lstm
91,16657,-5.3665,-6.3336,135,0,0,1,0,3.678,1.947,collision,179.5,-0.129287,0.52453,-0.898856,0.82382,5.695508,0.454772,2.881026,5.99556,0.419457,0.398637,-0.242782,1.000838,,,,,,,,,,,,,,0,lstm
92,16931,1.1267,-5.2569,274,0,0,1,0,3.5073,1.947,collision,182.6,0.150241,0.50155,-0.85234,0.872743,5.549953,0.621318,2.310416,5.996107,0.385667,0.410099,-0.913106,1.0,0.000379,0.037367,1.884147,0.006386,0.085349,0.497918,0.033548,0.520895,0.0001,,,,,0,lstm
93,17062,-8.6955,-4.9722,131,0,0,1,0,3.6428,1.718,collision,183.9,-0.428485,0.498486,-0.898656,0.679885,5.7528,0.636751,0.324074,5.997354,0.409196,0.392598,-0.475927,1.0,,,,,,,,,,,,,,0,lstm
94,17196,-5.7956,-4.5954,134,0,0,1,0,3.633,1.871,collision,185.3,-0.082305,0.56343,-0.89739,0.830225,5.646036,0.552306,2.674929,5.997311,0.421197,0.399872,-0.173912,1.0,,,,,,,,,,,,,,0,lstm
95,17473,-1.4877,-3.8756,277,0,0,1,0,3.5188,1.859,collision,188.1,0.168519,0.538557,-0.879534,0.884241,5.607756,0.584531,0.991815,5.999293,0.382562,0.411469,-0.941437,1.0,,,,,,,,,,,,,,0,lstm
96,17765,2.4373,-2.9534,292,0,0,1,0,3.6026,1.675,collision,191.5,0.20676,0.635899,-0.898938,0.888388,5.534273,0.725589,0.840653,5.998053,0.385297,0.412585,-0.98613,1.005693,0.004308,0.037526,1.884417,0.006369,0.090741,0.320446,0.034766,0.334797,0.0001,,,,,0,lstm
97,17906,-3.4516,-2.0651,141,0,0,1,0,3.6609,1.891,collision,193.0,-0.17568,0.537131,-0.899363,0.846821,5.711907,0.415645,3.720546,5.998525,0.417834,0.398165,-0.245353,1.0,,,,,,,,,,,,,,0,lstm
98,18042,-6.7146,-3.4963,136,0,0,1,0,3.6582,1.807,collision,194.4,-0.3505,0.501815,-0.898077,0.72573,5.728713,0.512909,1.630301,5.99865,0.418548,0.398204,-0.472033,1.0,,,,,,,,,,,,,,0,lstm
99,18179,-9.3062,-4.1004,137,0,0,1,0,3.7477,1.571,collision,195.8,-0.606421,0.404241,-0.898832,0.623335,5.799436,0.435327,2.138923,5.998785,0.409853,0.394797,-0.599296,1.0,,,,,,,,,,,,,,0,lstm
100,18307,-7.5815,-4.4835,128,0,0,1,0,3.6209,1.923,collision,197.5,-0.117304,0.536038,-0.893959,0.815319,5.716655,0.419743,3.902513,5.996638,0.415655,0.393292,-0.168262,1.0,-0.047471,0.03507,1.884579,0.006353,0.079808,0.484603,0.032174,0.528548,0.0001,,,,,0,lstm
101,18442,-5.4187,-4.4887,135,0,0,1,0,3.5666,1.934,collision,198.8,-0.156887,0.515982,-0.894705,0.86904,5.728607,0.330328,4.297378,5.997208,0.414492,0.395405,-0.301196,1.0,,,,,,,,,,,,,,0,lstm
102,18584,-6.7561,-5.277,142,0,0,1,0,3.7271,1.608,collision,200.3,-0.530637,0.479231,-0.898515,0.777154,5.710104,0.545342,2.381318,5.999689,0.409333,0.393244,-0.522958,1.0,,,,,,,,,,,,,,0,lstm
103,18724,-8.3586,-5.2433,140,0,0,1,0,3.7056,1.483,collision,201.8,-0.639705,0.439005,-0.898435,0.691978,5.837265,0.262101,4.695251,5.998834,0.404043,0.390996,-0.528983,1.0,,,,,,,,,,,,,,0,lstm
104,18856,-12.2902,-5.8928,132,0,0,1,0,3.7286,1.471,collision,203.6,-0.617261,0.48163,-0.899064,0.761673,5.814699,0.327503,3.590769,5.997951,0.407326,0.394863,-0.64376,1.0,-0.059081,0.036212,1.884773,0.006337,0.07919,0.394494,0.020547,0.293704,0.0001,,,,,0,lstm
105,18997,-10.0813,-6.7522,141,0,0,1,0,3.7299,1.466,collision,205.1,-0.660108,0.413037,-0.898936,0.796155,5.833688,0.360644,2.919114,5.999221,0.409122,0.396736,-0.694611,1.0,,,,,,,,,,,,,,0,lstm
106,19126,-7.4873,-7.7446,129,0,0,1,0,3.6485,1.817,collision,206.4,-0.177784,0.57495,-0.898575,0.801228,5.805716,0.283268,3.979346,5.999691,0.414533,0.393393,-0.185111,1.0,,,,,,,,,,,,,,0,lstm
107,19290,-10.1907,-8.4185,164,0,0,1,0,3.7251,1.822,collision,208.1,0.106771,0.585115,-0.898279,0.889389,5.643627,0.573388,2.21857,5.997666,0.389714,0.398391,-0.706472,1.009002,,,,,,,,,,,,,,0,lstm
108,19438,-12.7337,-9.0204,148,0,0,1,0,3.7139,1.811,collision,210.0,0.067443,0.59051,-0.89856,0.893519,5.592885,0.650117,0.522712,5.99752,0.383843,0.388967,-0.667273,1.0,0.005352,0.040754,1.884972,0.006321,0.088842,0.540523,0.018211,0.585924,0.0001,,,,,0,lstm
109,19716,-19.5324,-10.0431,278,0,0,1,0,3.5571,1.826,collision,212.8,0.241468,0.534831,-0.843935,0.884634,5.622711,0.533184,3.091579,5.994105,0.390322,0.431847,-0.986525,1.0,,,,,,,,,,,,,,0,lstm
110,19996,-2.7887,-9.5638,280,0,0,1,0,3.4853,1.817,collision,215.6,0.131876,0.575243,-0.893493,0.891601,5.678151,0.513534,1.782917,5.994869,0.378069,0.408485,-0.944949,1.0,,,,,,,,,,,,,,0,lstm
111,20143,-1.4306,-9.165,147,0,0,1,0,3.6634,1.96,collision,217.1,-0.216589,0.479672,-0.897981,0.809404,5.772026,0.397551,2.639085,5.997774,0.420199,0.400631,-0.311826,1.003711,,,,,,,,,,,,,,0,lstm
112,20430,16.5304,-6.8363,287,0,0,1,0,3.4796,1.843,collision,220.6,0.100737,0.568973,-0.896138,0.874634,5.647092,0.552121,1.382664,5.998116,0.390487,0.403207,-0.839474,1.0,0.013826,0.034318,1.885203,0.006305,0.093064,0.463864,0.047187,0.476314,0.0001,,,,,0,lstm
113,20571,-5.9338,-6.5938,141,0,0,1,0,3.6984,1.734,collision,222.0,-0.43248,0.483515,-0.898033,0.824247,5.779356,0.559178,0.853935,5.998319,0.414743,0.397445,-0.57592,1.0,,,,,,,,,,,,,,0,lstm
114,20851,13.2463,-4.0402,280,0,0,1,0,3.4722,1.925,collision,224.9,0.157009,0.51136,-0.89511,0.882725,5.656635,0.542388,0.688342,5.998999,0.392216,0.403716,-0.8214,1.002277,,,,,,,,,,,,,,0,lstm
115,20985,-6.3398,-3.666,134,0,0,1,0,3.6577,1.847,collision,226.3,-0.060404,0.58642,-0.899471,0.888417,5.765316,0.397686,2.501517,5.998874,0.416614,0.396432,-0.309585,1.0,,,,,,,,,,,,,,0,lstm
116,21121,-6.8044,-3.5977,136,0,0,1,0,3.75,1.669,collision,228.1,-0.228088,0.636866,-0.897557,0.886847,5.733937,0.439911,3.631837,5.997711,0.409809,0.389672,-0.374221,1.003801,0.015668,0.037001,1.885466,0.006288,0.081675,0.447183,0.014314,0.415138,0.0001,,,,,0,lstm
117,21257,-10.5654,-3.6352,136,0,0,1,0,3.7603,1.506,collision,229.5,-0.642103,0.418591,-0.899034,0.650163,5.848628,0.289985,3.933996,5.995248,0.410326,0.396242,-0.634364,1.0,,,,,,,,,,,,,,0,lstm
118,21539,3.468,-2.015,282,0,0,1,0,3.4748,1.933,collision,232.4,0.219265,0.476927,-0.794285,0.875687,5.590254,0.580031,2.132567,5.993971,0.390691,0.411452,-0.920652,1.0,,,,,,,,,,,,,,0,lstm
119,21681,-3.8766,-0.4495,142,0,0,1,0,3.7319,1.779,collision,233.9,-0.281424,0.559509,-0.899232,0.845328,5.78763,0.308884,4.196008,5.998078,0.411312,0.390785,-0.370533,1.009196,,,,,,,,,,,,,,0,lstm
120,21821,-4.0947,-0.5801,140,0,0,1,0,3.6407,1.812,collision,235.8,-0.139904,0.595446,-0.897419,0.888141,5.749936,0.563554,1.98725,5.99552,0.406098,0.392055,-0.218977,1.0,0.02723,0.032687,1.886082,0.006272,0.079819,0.291892,0.017481,0.261458,0.0001,,,,,0,lstm
121,22113,15.7766,1.1407,292,0,0,1,0,3.4851,1.756,collision,238.8,0.086421,0.617777,-0.89433,0.897083,5.685668,0.453852,3.464815,5.998065,0.382842,0.3995,-0.867004,1.0,,,,,,,,,,,,,,0,lstm
122,22243,-7.4506,-1.2574,130,0,0,1,0,3.5991,1.875,collision,240.2,0.075668,0.562082,-0.897536,0.895349,5.635814,0.532389,2.100435,5.998097,0.409804,0.391135,-0.341752,1.0,,,,,,,,,,,,,,0,lstm
123,22532,36.0829,2.9442,289,0,0,1,0,3.4993,1.567,collision,243.1,-0.089496,0.723451,-0.899529,0.891776,5.663493,0.580459,2.17322,5.998902,0.393248,0.395986,-0.525137,1.0,,,,,,,,,,,,,,0,lstm
124,22661,-7.0293,0.9167,129,0,0,1,0,3.6127,1.977,collision,244.9,-0.093907,0.510166,-0.89888,0.847343,5.778903,0.349636,3.264672,5.998544,0.418375,0.396412,-0.167606,1.0,0.019599,0.046293,1.886865,0.006256,0.124838,0.464199,0.108072,0.458609,0.0001,,,,,0,lstm
125,22795,-6.3588,0.9148,134,0,0,1,0,3.6001,1.785,collision,246.2,0.068692,0.613283,-0.897783,0.895389,5.715002,0.530346,1.895931,5.996405,0.400863,0.388402,-0.303872,1.0,,,,,,,,,,,,,,0,lstm
126,23072,5.8409,2.1793,277,0,0,1,0,3.4868,1.97,collision,249.1,0.133204,0.493831,-0.807611,0.886916,5.598905,0.565478,2.191013,5.998665,0.388225,0.408029,-0.877017,1.0,,,,,,,,,,,,,,0,lstm
127,23213,-4.6459,2.7713,141,0,0,1,0,3.7047,1.748,collision,250.5,-0.170221,0.613742,-0.899241,0.828406,5.645085,0.685714,1.504628,5.997481,0.41114,0.392694,-0.384819,1.0,,,,,,,,,,,,,,0,lstm
128,23345,-7.525,1.672,132,0,0,1,0,3.7301,1.716,collision,252.3,-0.317571,0.56713,-0.897537,0.843087,5.757851,0.406325,3.02455,5.997924,0.415602,0.392645,-0.316308,1.0,0.019981,0.038537,1.887518,0.00624,0.090252,0.370635,0.019315,0.360768,0.0001,,,,,0,lstm
129,23479,-6.0755,1.4521,134,0,0,1,0,3.6367,1.808,collision,253.7,-0.02544,0.601794,-0.898864,0.877514,5.688809,0.400236,3.750142,5.995564,0.415512,0.395598,-0.201698,1.0,,,,,,,,,,,,,,0,lstm
130,23755,-2.5268,1.6089,276,0,0,1,0,3.4913,1.953,collision,256.6,0.172407,0.490714,-0.836645,0.875513,5.648177,0.509484,2.524264,5.998025,0.385996,0.412076,-0.923617,1.0,,,,,,,,,,,,,,0,lstm
131,23898,-3.3147,-0.3003,143,0,0,1,0,3.5921,1.861,collision,258.1,0.071697,0.576148,-0.896619,0.888221,5.598498,0.53516,3.083965,5.998573,0.406374,0.392934,-0.317667,1.0,,,,,,,,,,,,,,0,lstm
132,24172,-14.7495,-1.0302,274,0,0,1,0,3.561,1.841,collision,261.5,0.256087,0.516614,-0.890599,0.8881,5.5322,0.659249,1.463286,5.996676,0.3878,0.427193,-0.962743,1.0,0.014984,0.036198,1.887833,0.006224,0.093024,0.176764,0.007214,0.110807,0.0001,,,,,0,lstm
133,24303,-15.7913,-6.2176,131,0,0,1,0,3.8275,1.291,collision,262.8,-0.837462,0.19622,-0.898945,0.654191,5.862244,0.259302,4.259026,5.999226,0.400014,0.397309,-0.705025,1.0,,,,,,,,,,,,,,0,lstm
134,24462,0.1209,-5.5026,159,0,0,1,0,3.727,1.695,collision,264.6,-0.329193,0.584137,-0.89899,0.839393,5.756858,0.363265,3.36692,5.999048,0.406527,0.391822,-0.546767,1.007277,,,,,,,,,,,,,,0,lstm
135,24599,-5.7213,-5.4388,137,0,0,1,0,3.7379,1.752,collision,265.9,-0.249584,0.583716,-0.898586,0.784665,5.742976,0.431525,3.638563,5.996967,0.410995,0.389791,-0.399386,1.005213,,,,,,,,,,,,,,0,lstm
136,24740,-3.4371,-6.3666,141,0,0,1,0,3.6076,1.942,collision,267.7,-0.02751,0.534272,-0.896426,0.85677,5.744452,0.331755,3.832941,5.99216,0.420738,0.401886,-0.205723,1.0,0.000327,0.031797,1.887873,0.006207,0.077684,0.219198,0.064165,0.230407,0.0001,,,,,0,lstm
137,24881,-5.9401,-6.496,141,0,0,1,0,3.7166,1.689,collision,269.2,-0.419447,0.529754,-0.898513,0.850827,5.816413,0.318795,3.130607,5.99961,0.414557,0.394834,-0.433445,1.0,,,,,,,,,,,,,,0,lstm
138,25018,-6.7319,-6.4167,137,0,0,1,0,3.7218,1.709,collision,270.6,-0.10387,0.65348,-0.898685,0.876053,5.745421,0.441111,3.078256,5.997183,0.412388,0.395109,-0.370867,1.0,,,,,,,,,,,,,,0,lstm
139,25156,-5.5165,-6.3608,138,0,0,1,0,3.6756,1.77,collision,272.0,-0.304223,0.554094,-0.899374,0.788164,5.788083,0.297496,4.123603,5.996713,0.419201,0.39944,-0.367922,1.0,,,,,,,,,,,,,,0,lstm
140,25437,-3.4993,-6.4581,281,0,0,1,0,3.4639,1.888,collision,275.2,0.1766,0.526871,-0.883572,0.889492,5.577712,0.648331,1.110211,5.996741,0.391311,0.417016,-0.950925,1.0,0.01477,0.03446,1.887823,0.006191,0.074445,0.303672,0.01665,0.269091,0.0001,,,,,0,lstm
141,25738,2.647,-5.8619,301,0,0,1,0,3.6093,1.634,collision,278.3,0.236148,0.646852,-0.898363,0.894309,5.621633,0.554842,2.601685,5.995673,0.389136,0.415204,-0.982982,1.0,,,,,,,,,,,,,,0,lstm
142,25877,-5.8409,-4.971,139,0,0,1,0,3.7344,1.745,collision,279.7,-0.136323,0.632156,-0.897673,0.88471,5.637265,0.478224,3.633409,5.996069,0.413064,0.39375,-0.399778,1.004055,,,,,,,,,,,,,,0,lstm
143,26017,-9.28,-4.3199,140,0,0,1,0,3.8074,1.466,collision,281.1,-0.657741,0.396568,-0.899734,0.627673,5.741793,0.674213,0.457451,5.99877,0.411589,0.395329,-0.616933,1.007877,,,,,,,,,,,,,,0,lstm
144,26151,-6.0051,-4.9325,134,0,0,1,0,3.5681,1.941,collision,282.9,-0.213625,0.483721,-0.896259,0.843755,5.723931,0.452734,3.251593,5.997329,0.414979,0.394405,-0.416958,1.0,0.009264,0.037444,1.887629,0.006175,0.097377,0.372295,0.06613,0.348801,0.0001,,,,,0,lstm
145,26286,-8.0919,-5.1696,135,0,0,1,0,3.6393,1.704,collision,284.2,-0.438979,0.508826,-0.898032,0.818584,5.787356,0.252773,4.470454,5.998343,0.410464,0.394248,-0.543642,1.0,,,,,,,,,,,,,,0,lstm
146,26673,-0.4495,-4.8708,387,0,0,1,0,3.5708,1.6,collision,288.1,0.155182,0.68995,-0.899211,0.892961,5.653127,0.519066,2.288615,5.997859,0.386629,0.422522,-0.989778,1.000768,,,,,,,,,,,,,,0,lstm
147,26807,-6.4247,-4.9193,134,0,0,1,0,3.7058,1.763,collision,289.5,-0.273824,0.563064,-0.89618,0.783338,5.753117,0.38157,3.467894,5.998835,0.416253,0.392298,-0.331692,1.0,,,,,,,,,,,,,,0,lstm
148,26939,-7.3195,-4.978,132,0,0,1,0,3.6358,1.851,collision,291.2,-0.330286,0.487566,-0.898783,0.815513,5.773809,0.346663,3.703468,5.996779,0.418377,0.39627,-0.425728,1.0,-0.018171,0.042946,1.887481,0.006159,0.106424,0.429162,0.085822,0.515342,0.0001,,,,,0,lstm
149,27340,-21.6705,-6.5934,401,0,0,1,0,3.5865,1.666,collision,295.2,0.144284,0.658794,-0.899131,0.881915,5.645671,0.562978,1.481765,5.999645,0.389804,0.429463,-0.999999,1.0,,,,,,,,,,,,,,0,lstm
150,27470,-7.6597,-7.0095,130,0,0,1,0,3.6399,1.806,collision,296.6,-0.070477,0.595381,-0.898276,0.860535,5.67937,0.579079,0.973426,5.994735,0.418967,0.396625,-0.282374,1.0,,,,,,,,,,,,,,0,lstm
151,27609,-4.2669,-7.7009,139,0,0,1,0,3.6058,1.862,collision,298.0,-0.171146,0.545381,-0.897136,0.832076,5.698769,0.444615,3.25722,5.994975,0.418048,0.398952,-0.261018,1.0,,,,,,,,,,,,,,0,lstm
152,27739,-7.2836,-7.8451,130,0,0,1,0,3.5837,1.927,collision,299.7,-0.199505,0.504826,-0.899132,0.815966,5.811626,0.240319,4.566694,5.999188,0.416998,0.395434,-0.274367,1.0,-0.015501,0.040535,1.887351,0.006143,0.101412,0.301905,0.050764,0.364275,0.0001,,,,,0,lstm
153,28028,19.1182,-5.0053,289,0,0,1,0,3.5162,1.821,collision,302.7,0.151253,0.573873,-0.899157,0.878783,5.66364,0.479097,2.933523,5.997892,0.391491,0.401168,-0.797599,1.010895,,,,,,,,,,,,,,0,lstm
154,28159,-7.1913,-5.1239,131,0,0,1,0,3.6597,1.827,collision,304.0,-0.319675,0.514264,-0.89843,0.67468,5.760084,0.310938,4.037457,5.998697,0.417182,0.396524,-0.27432,1.0,,,,,,,,,,,,,,0,lstm
155,28301,-3.3671,-4.6514,142,0,0,1,0,3.6437,1.839,collision,305.4,-0.145072,0.577822,-0.898722,0.843438,5.751301,0.466615,2.160277,5.994591,0.408061,0.392381,-0.215638,1.0,,,,,,,,,,,,,,0,lstm
156,28437,-6.2726,-5.2338,136,0,0,1,0,3.6859,1.805,collision,307.2,-0.302827,0.540697,-0.897568,0.838762,5.659915,0.663147,1.100528,5.998626,0.422036,0.400869,-0.372795,1.0,-0.005614,0.037285,1.887114,0.006126,0.091979,0.292387,0.018623,0.396836,0.0001,,,,,0,lstm
157,28718,6.4672,-3.9446,281,0,0,1,0,3.4947,1.94,collision,310.1,0.201135,0.49026,-0.82389,0.882931,5.648889,0.497908,2.144097,5.995781,0.391431,0.409777,-0.901067,1.0,,,,,,,,,,,,,,0,lstm
158,29008,11.2331,-2.0893,290,0,0,1,0,3.5036,1.822,collision,313.0,0.164421,0.558495,-0.891712,0.880098,5.618756,0.519105,1.736787,5.998515,0.391104,0.406423,-0.90705,1.0,,,,,,,,,,,,,,0,lstm
159,29290,-0.4149,0.0362,282,0,0,1,0,3.4641,1.93,collision,315.9,0.167726,0.503786,-0.809196,0.871609,5.660409,0.54593,2.346595,5.996576,0.389849,0.413711,-0.931659,1.0,,,,,,,,,,,,,,0,lstm
160,29419,-9.108,-0.1086,129,0,0,1,0,3.6302,1.748,collision,317.8,-0.422878,0.498328,-0.899443,0.798855,5.770342,0.375803,3.670986,5.99833,0.410548,0.392792,-0.474026,1.0,0.014044,0.033692,1.886695,0.00611,0.092869,0.268952,0.035895,0.286829,0.0001,,,,,0,lstm
161,29560,-4.6845,-0.1503,141,0,0,1,0,3.6263,1.729,collision,319.2,0.037181,0.650494,-0.898963,0.886173,5.741243,0.419581,2.850996,5.999654,0.398062,0.389336,-0.347937,1.0,,,,,,,,,,,,,,0,lstm
162,29688,-8.5398,-0.276,128,0,0,1,0,3.6401,1.763,collision,320.6,-0.048263,0.628237,-0.898527,0.860799,5.741693,0.358266,3.990566,5.998405,0.411197,0.39193,-0.268108,1.0,,,,,,,,,,,,,,0,lstm
163,29819,-8.8964,-3.0774,131,0,0,1,0,3.6679,1.642,collision,321.9,-0.47567,0.523161,-0.899454,0.881956,5.762359,0.348355,4.076616,5.998841,0.409896,0.392942,-0.467185,1.0,,,,,,,,,,,,,,0,lstm
164,29951,-6.2703,-2.9853,132,0,0,1,0,3.5911,1.888,collision,323.7,-0.116484,0.541749,-0.896892,0.847587,5.754025,0.33336,4.287403,5.998802,0.415059,0.394463,-0.240495,1.0,-0.041872,0.037401,1.886364,0.006094,0.097443,0.221587,0.077135,0.306163,0.0001,,,,,0,lstm
165,30082,-7.4694,-3.3956,131,0,0,1,0,3.6639,1.788,collision,325.0,-0.338848,0.526809,-0.899676,0.789588,5.800151,0.285917,4.350238,5.997587,0.420273,0.398018,-0.280664,1.0,,,,,,,,,,,,,,0,lstm
166,30359,-6.1254,-3.3808,277,0,0,1,0,3.5202,1.866,collision,327.9,0.213123,0.524498,-0.875204,0.893863,5.65581,0.446035,3.492857,5.997256,0.388067,0.417886,-0.932906,1.0,,,,,,,,,,,,,,0,lstm
167,30498,-5.9311,-4.6207,139,0,0,1,0,3.647,1.739,collision,329.3,-0.347721,0.542887,-0.898441,0.80859,5.699431,0.38999,4.014585,5.9994,0.417632,0.397599,-0.479651,1.0,,,,,,,,,,,,,,0,lstm
168,30774,-10.9812,-6.8421,276,0,0,1,0,3.5614,1.796,collision,332.5,0.265871,0.537841,-0.87369,0.893239,5.597044,0.581388,1.520938,5.995217,0.385323,0.422607,-0.957409,1.0,-0.007782,0.035311,1.886235,0.006078,0.085476,0.295662,0.01839,0.296853,0.0001,,,,,0,lstm
169,30906,-6.2089,-7.4215,132,0,0,1,0,3.5954,1.957,collision,333.8,-0.104933,0.519648,-0.899023,0.867516,5.73197,0.416915,2.998284,5.995917,0.411247,0.39286,-0.247862,1.0,,,,,,,,,,,,,,0,lstm
170,31300,-21.8588,-8.6966,394,0,0,1,0,3.5919,1.634,collision,337.7,0.12878,0.679566,-0.899517,0.888568,5.682334,0.467492,2.584731,5.999453,0.391538,0.430601,-0.999996,1.0,,,,,,,,,,,,,,0,lstm
171,31436,-5.6075,-8.7889,136,0,0,1,0,3.737,1.8,collision,339.1,-0.223938,0.574573,-0.898859,0.863836,5.691284,0.519316,2.176364,5.998808,0.415927,0.393223,-0.313722,1.008654,,,,,,,,,,,,,,0,lstm
172,31570,-6.6947,-8.6044,134,0,0,1,0,3.7457,1.763,collision,340.9,-0.335565,0.541799,-0.897628,0.862656,5.780052,0.30531,4.266876,5.997785,0.414914,0.392355,-0.35626,1.007236,0.003443,0.034565,1.88623,0.006062,0.084353,0.636525,0.038701,0.778471,0.0001,,,,,0,lstm
173,31712,-4.1267,-8.1274,142,0,0,1,0,3.7109,1.857,collision,342.3,-0.10328,0.573286,-0.898634,0.823621,5.737114,0.441416,2.906452,5.99871,0.416973,0.397617,-0.330317,1.005789,,,,,,,,,,,,,,0,lstm
174,32001,16.3454,-5.8658,289,0,0,1,0,3.4752,1.855,collision,345.2,0.137953,0.561437,-0.898635,0.885786,5.613266,0.537837,1.808426,5.998727,0.393374,0.404151,-0.827359,1.0,,,,,,,,,,,,,,0,lstm
175,32134,-6.8842,-5.8073,133,0,0,1,0,3.7223,1.782,collision,346.6,-0.313196,0.54416,-0.899198,0.863628,5.749549,0.432935,3.484183,5.996058,0.417569,0.394214,-0.343521,1.000275,,,,,,,,,,,,,,0,lstm
176,32271,-5.6763,-5.7624,137,0,0,1,0,3.6058,1.871,collision,348.5,-0.271044,0.497355,-0.897288,0.7998,5.723584,0.599021,0.86245,5.998027,0.417752,0.396674,-0.482327,1.0,-0.023004,0.035056,1.886364,0.006045,0.090041,0.468552,0.021297,0.454372,0.0001,,,,,0,lstm
177,32555,17.9698,-3.3723,284,0,0,1,0,3.5183,1.837,collision,351.4,0.106073,0.577246,-0.89804,0.888028,5.631186,0.606951,2.116107,5.996954,0.393247,0.403584,-0.798408,1.008484,,,,,,,,,,,,,,0,lstm
178,32837,0.0583,-2.2684,282,0,0,1,0,3.4809,1.782,collision,354.2,0.128292,0.602103,-0.898576,0.884851,5.623107,0.576395,2.272252,5.995978,0.382391,0.409578,-0.94221,1.0,,,,,,,,,,,,,,0,lstm
179,32986,-7.594,-2.4069,149,0,0,1,0,3.6924,1.521,collision,355.7,-0.525804,0.546854,-0.899568,0.854089,5.730416,0.524781,2.735594,5.998278,0.405658,0.394775,-0.824911,1.0,,,,,,,,,,,,,,0,lstm
180,33134,-12.4378,-1.4648,148,0,0,1,0,3.7592,1.805,collision,357.7,0.103649,0.599238,-0.899039,0.882966,5.631028,0.551575,3.342788,5.998094,0.400098,0.400749,-0.690155,1.011027,0.008112,0.035177,1.886523,0.006029,0.087607,0.124427,0.040043,0.200376,0.0001,,,,,0,lstm
181,33266,-9.9036,-1.8944,132,0,0,1,0,3.6144,1.688,collision,359.1,-0.465957,0.502029,-0.898518,0.851497,5.735068,0.487043,2.901339,5.999324,0.413393,0.394756,-0.594472,1.0,,,,,,,,,,,,,,0,lstm
182,33542,12.0592,-0.019,276,0,0,1,0,3.4858,1.977,collision,361.9,0.14686,0.483687,-0.866834,0.88408,5.690408,0.488468,1.463155,5.997756,0.394201,0.405295,-0.826541,1.006527,,,,,,,,,,,,,,0,lstm
183,33681,-4.0429,-0.0106,139,0,0,1,0,3.6257,1.896,collision,363.4,-0.044255,0.556638,-0.89717,0.873436,5.678406,0.485227,3.050941,5.995844,0.416124,0.397446,-0.185651,1.0,,,,,,,,,,,,,,0,lstm
184,33821,-3.8776,-2.0329,140,0,0,1,0,3.6059,1.868,collision,365.1,-0.079462,0.564847,-0.899187,0.88849,5.683012,0.617768,1.332342,5.998357,0.414353,0.397028,-0.250855,1.0,0.000302,0.036467,1.88666,0.006013,0.095129,0.315949,0.041683,0.334604,0.0001,,,,,0,lstm
185,33954,-7.2325,-2.0678,133,0,0,1,0,3.7475,1.765,collision,366.5,-0.141935,0.618335,-0.899286,0.875806,5.762485,0.362256,3.805599,5.997643,0.415069,0.393678,-0.302125,1.006774,,,,,,,,,,,,,,0,lstm
186,34096,-8.5299,-2.3531,142,0,0,1,0,3.7751,1.634,collision,367.9,-0.07478,0.694133,-0.89917,0.86005,5.793808,0.261826,4.584442,5.998327,0.407006,0.396779,-0.602111,1.008749,,,,,,,,,,,,,,0,lstm
187,34222,-10.1893,-5.169,126,0,0,1,0,3.6328,1.694,collision,369.2,-0.405174,0.529747,-0.899464,0.807082,5.805216,0.316363,4.129853,5.996898,0.416714,0.395752,-0.472917,1.0,,,,,,,,,,,,,,0,lstm
188,34368,-3.1245,-5.4873,146,0,0,1,0,3.5966,1.738,collision,371.0,-0.011196,0.645472,-0.897551,0.884912,5.737589,0.443703,2.331592,5.99835,0.401716,0.389518,-0.284654,1.0,-0.028689,0.036669,1.886808,0.005997,0.110564,0.581241,0.121498,0.54294,0.0001,,,,,0,lstm
189,34507,-4.0374,-5.1317,139,0,0,1,0,3.6465,1.854,collision,372.4,-0.117949,0.566711,-0.898633,0.834642,5.719849,0.501004,1.969253,5.999017,0.412445,0.394828,-0.196175,1.0,,,,,,,,,,,,,,0,lstm
190,34647,-5.363,-4.4242,140,0,0,1,0,3.6138,1.644,collision,373.8,0.037732,0.690709,-0.898013,0.893142,5.76496,0.346928,4.140268,5.996246,0.395718,0.385014,-0.312066,1.0,,,,,,,,,,,,,,0,lstm
191,34798,-4.7969,-3.9135,151,0,0,1,0,3.7683,1.567,collision,375.4,-0.583448,0.444993,-0.898486,0.833664,5.825255,0.300598,4.327121,5.998575,0.410327,0.392699,-0.52348,1.007027,,,,,,,,,,,,,,0,lstm
192,34953,-0.7577,-5.1952,155,0,0,1,0,3.7144,1.713,collision,377.3,-0.224038,0.623856,-0.899434,0.878953,5.776588,0.367952,3.571416,5.997932,0.40707,0.391755,-0.466095,1.003672,-0.01292,0.034181,1.887053,0.005981,0.09968,0.309257,0.099962,0.246256,0.0001,,,,,0,lstm
193,35233,1.8712,-4.6038,280,0,0,1,0,3.4994,1.891,collision,380.2,0.175476,0.526332,-0.844413,0.891864,5.769163,0.396083,2.695297,5.998858,0.389323,0.411497,-0.914704,1.0,,,,,,,,,,,,,,0,lstm
194,35361,-15.8382,-5.7998,128,0,0,1,0,3.738,1.261,collision,381.5,-0.856753,0.190023,-0.899188,0.748953,5.903827,0.135769,5.251213,5.998732,0.386185,0.385649,-0.671409,1.0,,,,,,,,,,,,,,0,lstm
195,35521,0.539,-5.0227,160,0,0,1,0,3.7155,1.738,collision,383.2,-0.247495,0.593267,-0.899711,0.829801,5.811511,0.263984,4.306383,5.998235,0.411167,0.396387,-0.556884,1.007004,,,,,,,,,,,,,,0,lstm
196,35663,-7.3881,-4.9085,142,0,0,1,0,3.7522,1.486,collision,385.0,-0.623944,0.45771,-0.899092,0.857987,5.871815,0.204553,4.219646,5.999084,0.411099,0.395104,-0.563375,1.0,-0.014923,0.028577,1.887119,0.005964,0.075449,0.243558,0.028236,0.232085,0.0001,,,,,0,lstm
197,35953,36.0381,-0.2858,290,0,0,1,0,3.501,1.672,collision,388.0,-0.096685,0.673567,-0.898983,0.875205,5.772865,0.404281,2.613347,5.998647,0.39872,0.396956,-0.542928,1.0,,,,,,,,,,,,,,0,lstm
198,36102,-7.8526,-0.7586,149,0,0,1,0,3.7854,1.477,collision,389.5,-0.689561,0.366201,-0.897625,0.643551,5.895371,0.212913,4.596137,5.998404,0.41173,0.397173,-0.67368,1.00621,,,,,,,,,,,,,,0,lstm
199,36257,-11.1496,-1.4698,155,0,0,1,0,3.7451,1.76,collision,391.1,0.06618,0.629181,-0.898952,0.878851,5.750556,0.440322,2.645911,5.999169,0.394923,0.398528,-0.717934,1.008043,,,,,,,,,,,,,,0,lstm
200,36404,-3.3726,-1.2707,147,0,0,1,0,3.7094,1.702,collision,392.9,-0.088123,0.660048,-0.898744,0.882184,5.838867,0.230972,4.233457,5.998536,0.409765,0.395274,-0.340682,1.0,0.036106,0.040247,1.88718,0.005948,0.097627,0.314627,0.059875,0.353271,0.0001,,,,,0,lstm
201,36545,-6.4239,-1.4334,141,0,0,1,0,3.7209,1.657,collision,394.4,-0.036446,0.681429,-0.898222,0.890912,5.815516,0.322627,3.355345,5.997609,0.408288,0.392903,-0.469217,1.0,,,,,,,,,,,,,,0,lstm
202,36678,-6.9027,-2.0479,133,0,0,1,0,3.7512,1.748,collision,395.7,-0.29547,0.574337,-0.899228,0.797915,5.862407,0.220303,4.837317,5.999075,0.415113,0.393445,-0.342687,1.007209,,,,,,,,,,,,,,0,lstm
203,36813,-12.4656,-3.4816,135,0,0,1,0,3.814,1.344,collision,397.1,-0.803495,0.209659,-0.898657,0.572686,5.89291,0.171842,5.019229,5.999314,0.402131,0.390546,-0.619297,1.0,,,,,,,,,,,,,,0,lstm
204,36963,-2.2293,-2.1207,150,0,0,1,0,3.6549,1.734,collision,399.0,-0.007787,0.645639,-0.898976,0.884345,5.736045,0.461644,3.404326,5.9995,0.411819,0.40041,-0.395992,1.0,0.024356,0.041782,1.887178,0.005932,0.08012,0.512297,0.042062,0.55846,0.0001,,,,,0,lstm
205,37105,-5.2174,-2.6964,142,0,0,1,0,3.7394,1.654,collision,400.5,-0.151868,0.667914,-0.898667,0.845292,5.818367,0.262119,4.674423,5.998534,0.408883,0.393091,-0.376091,1.002669,,,,,,,,,,,,,,0,lstm
206,37242,-10.9899,-3.0566,137,0,0,1,0,3.8233,1.46,collision,401.9,-0.691226,0.360974,-0.898813,0.855637,5.906695,0.175844,4.748381,5.998734,0.409064,0.394899,-0.631365,1.008677,,,,,,,,,,,,,,0,lstm
207,37527,8.0787,-5.8525,285,0,0,1,0,3.4713,1.87,collision,404.8,0.175996,0.537684,-0.892576,0.892856,5.754099,0.451521,1.608311,5.99755,0.390145,0.406868,-0.891858,1.0,,,,,,,,,,,,,,0,lstm
208,37666,-7.0122,-5.7685,139,0,0,1,0,3.7924,1.569,collision,406.6,-0.551428,0.478655,-0.899165,0.806287,5.842226,0.263248,4.271005,5.998343,0.411516,0.390647,-0.458147,1.00952,0.01319,0.03485,1.887041,0.005916,0.077419,0.346891,0.011128,0.433235,0.0001,,,,,0,lstm
209,37954,6.2922,-4.0243,288,0,0,1,0,3.4776,1.912,collision,409.5,0.208929,0.500295,-0.886301,0.881887,5.748711,0.387655,3.401295,5.999427,0.390549,0.408351,-0.905941,1.0,,,,,,,,,,,,,,0,lstm
210,38231,1.8115,-3.5059,277,0,0,1,0,3.5123,1.941,collision,412.4,0.20829,0.483985,-0.847875,0.891198,5.810694,0.266414,4.197062,5.998277,0.387661,0.410936,-0.909996,1.0,,,,,,,,,,,,,,0,lstm
211,38373,-6.9101,-3.5545,142,0,0,1,0,3.7505,1.584,collision,413.8,-0.131393,0.704096,-0.897056,0.872699,5.82583,0.316496,3.586377,5.99943,0.405632,0.391641,-0.525254,1.0,,,,,,,,,,,,,,0,lstm
212,38508,-8.6348,-3.7277,135,0,0,1,0,3.7941,1.618,collision,415.6,-0.544654,0.462449,-0.899159,0.752131,5.893163,0.165994,5.111424,5.999586,0.417292,0.397276,-0.470212,1.010754,0.026719,0.0365,1.887038,0.0059,0.072589,0.25907,0.014536,0.376206,0.0001,,,,,0,lstm
213,39573,-105.9726,-13.0784,1065,0,0,1,0,3.4994,1.691,collision,426.4,-0.077043,0.666411,-0.899037,0.897717,5.806762,0.325451,2.702864,5.999685,0.389619,0.456968,-0.999999,1.010744,,,,,,,,,,,,,,0,lstm
214,39719,-3.6849,-13.2239,146,0,0,1,0,3.7268,1.632,collision,427.9,-0.199422,0.667268,-0.898745,0.88607,5.866892,0.301495,3.280801,5.999494,0.406389,0.390649,-0.393218,1.0,,,,,,,,,,,,,,0,lstm
215,39865,-3.6454,-13.0667,146,0,0,1,0,3.7277,1.753,collision,429.4,-0.076829,0.629327,-0.899237,0.861599,5.832961,0.281398,4.206079,5.999144,0.411572,0.395773,-0.400568,1.006687,,,,,,,,,,,,,,0,lstm
216,40005,-4.3205,-12.3998,140,0,0,1,0,3.7309,1.8,collision,431.4,-0.260662,0.558243,-0.898959,0.846307,5.858494,0.232724,4.578329,5.998074,0.414121,0.393685,-0.318857,1.008734,0.019437,0.028932,1.887107,0.005883,0.064281,0.402048,0.038744,0.571547,0.0001,,,,,0,lstm
217,40148,-7.1771,-13.9254,143,0,0,1,0,3.7945,1.528,collision,432.9,-0.609336,0.432974,-0.898946,0.787099,5.879846,0.207852,4.877661,5.99859,0.415924,0.397459,-0.570792,1.010174,,,,,,,,,,,,,,0,lstm
218,40430,1.3138,-13.0928,282,0,0,1,0,3.4742,1.884,collision,435.7,0.159091,0.531798,-0.853688,0.887863,5.795868,0.352903,2.976195,5.997965,0.391839,0.412525,-0.926051,1.0,,,,,,,,,,,,,,0,lstm
219,40575,-2.9965,-14.0217,145,0,0,1,0,3.6651,1.731,collision,437.1,-0.272041,0.587999,-0.899281,0.893783,5.876166,0.192414,4.945748,5.999299,0.412468,0.39515,-0.283194,1.0,,,,,,,,,,,,,,0,lstm
220,40715,-5.301,-14.7329,140,0,0,1,0,3.6687,1.775,collision,438.9,0.010339,0.629268,-0.899383,0.888131,5.834172,0.321853,4.083786,5.998986,0.411574,0.395813,-0.384615,1.0,0.017322,0.038841,1.887112,0.005867,0.071467,0.558455,0.010511,0.71329,0.0001,,,,,0,lstm
221,40851,-6.9541,-14.7373,136,0,0,1,0,3.7213,1.729,collision,440.2,-0.118662,0.633611,-0.899023,0.886061,5.844399,0.233693,4.574253,5.998837,0.411689,0.391361,-0.371068,1.0,,,,,,,,,,,,,,0,lstm
222,40995,-4.0589,-14.2797,144,0,0,1,0,3.6475,1.658,collision,441.6,-0.044617,0.683466,-0.898131,0.878772,5.806883,0.399762,2.300521,5.998902,0.406472,0.39294,-0.291134,1.0,,,,,,,,,,,,,,0,lstm
223,41126,-7.0885,-4.3913,131,0,0,1,0,3.6277,1.816,collision,442.8,-0.214868,0.552157,-0.898333,0.817524,5.859158,0.2886,3.576072,5.998357,0.4267,0.403125,-0.222741,1.0,,,,,,,,,,,,,,0,lstm
224,41267,-4.8802,-4.5108,141,0,0,1,0,3.7064,1.695,collision,444.5,-0.406027,0.529971,-0.899635,0.826632,5.837932,0.321034,3.837146,5.998281,0.412747,0.393841,-0.44018,1.0,-0.021667,0.042952,1.887091,0.005851,0.074064,0.464795,0.026885,0.865224,0.0001,,,,,0,lstm
225,41413,-2.6671,-4.413,146,0,0,1,0,3.6443,1.766,collision,446.0,-0.114379,0.620253,-0.899547,0.862655,5.800978,0.410667,3.491554,5.998646,0.411973,0.395764,-0.269898,1.0,,,,,,,,,,,,,,0,lstm
226,41556,-4.5439,-4.4354,143,0,0,1,0,3.63,1.775,collision,447.3,0.038166,0.620674,-0.898795,0.872159,5.851938,0.210782,4.86292,5.997946,0.412184,0.397782,-0.409594,1.0,,,,,,,,,,,,,,0,lstm
227,41846,10.3631,-2.6813,290,0,0,1,0,3.5004,1.785,collision,450.1,0.131708,0.597435,-0.896348,0.886247,5.801222,0.317312,3.496086,5.998024,0.388042,0.405948,-0.91227,1.0,,,,,,,,,,,,,,0,lstm
228,41983,-5.2792,-3.3406,137,0,0,1,0,3.7114,1.835,collision,451.8,-0.219617,0.552449,-0.898662,0.834647,5.814738,0.321469,4.197146,5.999792,0.416451,0.393865,-0.316879,1.00338,0.014635,0.043675,1.88701,0.005835,0.083615,0.197389,0.024581,0.225756,0.0001,,,,,0,lstm
229,42128,-3.9224,-3.4332,145,0,0,1,0,3.6301,1.837,collision,453.3,-0.353228,0.477855,-0.896972,0.838524,5.855286,0.245754,4.501222,5.999913,0.423122,0.402308,-0.49832,1.0,,,,,,,,,,,,,,0,lstm
230,42431,4.9405,-2.4091,303,0,0,1,0,3.6111,1.703,collision,456.2,0.248398,0.613583,-0.898625,0.896319,5.798203,0.34605,3.209637,5.999448,0.390416,0.413118,-0.98156,1.008474,,,,,,,,,,,,,,0,lstm
231,42566,-7.3392,-2.4476,135,0,0,1,0,3.6623,1.691,collision,457.6,-0.022751,0.675419,-0.899419,0.887415,5.852905,0.222273,4.216894,5.999246,0.412046,0.393863,-0.423578,1.0,,,,,,,,,,,,,,0,lstm
232,42701,-8.4931,-2.891,135,0,0,1,0,3.7951,1.564,collision,459.4,-0.551936,0.483902,-0.899505,0.814376,5.880754,0.194522,5.02023,5.999102,0.415632,0.395901,-0.433743,1.008576,0.011098,0.043389,1.887205,0.005819,0.091066,0.226384,0.05517,0.290413,0.0001,,,,,0,lstm
233,42838,-5.9661,-2.7788,137,0,0,1,0,3.7301,1.815,collision,460.9,-0.163854,0.584586,-0.898701,0.842863,5.84301,0.230154,4.513968,5.998703,0.415767,0.39276,-0.349754,1.006338,,,,,,,,,,,,,,0,lstm
234,42975,-6.4436,-2.9351,137,0,0,1,0,3.5963,1.83,collision,462.3,-0.388448,0.460124,-0.897358,0.857256,5.825926,0.374445,2.889143,5.998977,0.423952,0.401481,-0.478556,1.0,,,,,,,,,,,,,,0,lstm
235,43114,-6.0828,-3.2767,139,0,0,1,0,3.7149,1.728,collision,463.8,-0.119892,0.639783,-0.899418,0.8634,5.84974,0.307882,2.966065,5.995582,0.412393,0.394483,-0.390293,1.0,,,,,,,,,,,,,,0,lstm
236,43394,-11.3024,-3.9525,280,0,0,1,0,3.5675,1.844,collision,467.1,0.295724,0.500388,-0.809562,0.890186,5.787932,0.347387,3.471829,5.998157,0.387661,0.42332,-0.964147,1.0,0.011158,0.041835,1.887498,0.005802,0.069514,0.441047,0.02863,0.544139,0.0001,,,,,0,lstm
237,43572,-0.165,-5.0053,178,0,0,1,0,3.6979,1.723,collision,468.9,-0.199729,0.623874,-0.899343,0.876887,5.874726,0.226592,4.118935,5.999159,0.413399,0.400438,-0.913999,1.0,,,,,,,,,,,,,,0,lstm
238,43713,-5.8574,-5.0631,141,0,0,1,0,3.6459,1.736,collision,470.3,0.0148,0.63881,-0.899162,0.882403,5.785676,0.476229,2.217624,5.998245,0.407897,0.396987,-0.501191,1.0,,,,,,,,,,,,,,0,lstm
239,43860,-4.3844,-5.1093,147,0,0,1,0,3.7439,1.537,collision,471.8,-0.522942,0.531406,-0.897709,0.848467,5.902086,0.184963,4.397701,5.99918,0.407322,0.389913,-0.425089,1.0,,,,,,,,,,,,,,0,lstm
240,43998,-5.9017,-6.1936,138,0,0,1,0,3.6424,1.75,collision,473.6,-0.361611,0.511171,-0.899211,0.768907,5.851562,0.256167,4.330217,5.998733,0.423327,0.40028,-0.411848,1.0,-0.029195,0.04817,1.887633,0.005786,0.092867,0.600217,0.060159,0.650584,0.0001,,,,,0,lstm
241,44132,-7.3354,-6.1932,134,0,0,1,0,3.6459,1.761,collision,475.0,0.008289,0.621181,-0.899631,0.883563,5.788056,0.336302,3.892629,5.998047,0.41056,0.394061,-0.413469,1.0,,,,,,,,,,,,,,0,lstm
242,44269,-5.0594,-5.8498,137,0,0,1,0,3.6092,1.876,collision,476.4,-0.056326,0.572991,-0.895353,0.867362,5.841813,0.324599,3.741241,5.998752,0.421408,0.40069,-0.198192,1.0,,,,,,,,,,,,,,0,lstm
243,44556,33.1085,-1.9423,287,0,0,1,0,3.518,1.516,collision,479.2,-0.368892,0.660637,-0.899009,0.891631,5.865248,0.25525,3.979873,5.999408,0.399552,0.400196,-0.585092,1.0,,,,,,,,,,,,,,0,lstm
244,44710,0.6074,-1.2372,154,0,0,1,0,3.6636,1.961,collision,481.1,-0.207123,0.481341,-0.898854,0.81775,5.876346,0.225869,4.50379,5.998535,0.420333,0.400742,-0.339534,1.007176,0.012629,0.041996,1.887525,0.00577,0.107807,0.434217,0.053992,0.723202,0.0001,,,,,0,lstm
245,44847,-5.4092,-1.1699,137,0,0,1,0,3.641,1.804,collision,482.5,-0.230766,0.562178,-0.896096,0.848295,5.882398,0.230581,4.469325,5.999305,0.420237,0.39754,-0.290604,1.0,,,,,,,,,,,,,,0,lstm
246,44981,-10.1135,-1.051,134,0,0,1,0,3.7072,1.536,collision,483.9,-0.604815,0.453074,-0.899539,0.773861,5.912767,0.18565,4.485137,5.9993,0.409234,0.39463,-0.547096,1.0,,,,,,,,,,,,,,0,lstm
247,45274,13.3317,0.2987,293,0,0,1,0,3.506,1.842,collision,486.9,0.236333,0.528716,-0.89757,0.890456,5.850716,0.219587,4.391472,5.999215,0.392883,0.40626,-0.840034,1.000603,,,,,,,,,,,,,,0,lstm
248,45413,-9.2763,-0.0432,139,0,0,1,0,3.6618,1.578,collision,488.9,-0.59581,0.4305,-0.899636,0.690909,5.893965,0.299751,2.898717,5.999295,0.413652,0.397257,-0.637775,1.0,0.014592,0.042194,1.887543,0.005754,0.08796,0.376414,0.023172,0.478187,0.0001,,,,,0,lstm
249,45564,-1.1457,0.2806,151,0,0,1,0,3.6474,1.817,collision,490.4,-0.052826,0.602171,-0.898402,0.88286,5.852865,0.276039,4.095161,5.99774,0.411224,0.395758,-0.298824,1.0,,,,,,,,,,,,,,0,lstm
250,45703,-6.767,0.1941,139,0,0,1,0,3.7303,1.577,collision,491.8,-0.513751,0.514528,-0.898003,0.824528,5.885002,0.227745,4.583568,5.999027,0.411183,0.392866,-0.435307,1.0,,,,,,,,,,,,,,0,lstm
251,45850,-3.1002,0.6176,147,0,0,1,0,3.7362,1.772,collision,493.4,-0.180201,0.60382,-0.899293,0.860014,5.885581,0.204992,4.496992,5.999047,0.413057,0.394961,-0.3702,1.010981,,,,,,,,,,,,,,0,lstm
252,45994,-3.6406,0.7595,144,0,0,1,0,3.7158,1.736,collision,495.2,-0.293576,0.575232,-0.899371,0.8555,5.90308,0.179918,4.673291,5.999043,0.409627,0.39194,-0.354037,1.001326,0.027357,0.039715,1.887706,0.005738,0.076873,0.388823,0.056157,0.323045,0.0001,,,,,0,lstm
253,46285,16.3815,-0.9132,291,0,0,1,0,3.5329,1.807,collision,498.1,0.148582,0.583721,-0.895859,0.884804,5.805014,0.328399,3.155793,5.999281,0.396453,0.407432,-0.826184,1.00774,,,,,,,,,,,,,,0,lstm
254,46421,-14.0877,-2.3827,136,0,0,1,0,3.7813,1.281,collision,499.5,-0.844172,0.190429,-0.898791,0.604621,5.939035,0.105515,5.302662,5.998953,0.396231,0.390729,-0.694907,1.0,,,,,,,,,,,,,,0,lstm
255,46578,-1.5937,-2.0011,157,0,0,1,0,3.7054,1.707,collision,501.1,-0.17259,0.642263,-0.898337,0.868218,5.865508,0.237575,4.67806,5.999733,0.407375,0.394522,-0.565833,1.0,,,,,,,,,,,,,,0,lstm
256,46720,-6.0852,-1.5983,142,0,0,1,0,3.7276,1.663,collision,502.9,-0.091468,0.668213,-0.896134,0.880063,5.807703,0.473133,2.070884,5.99879,0.408664,0.39148,-0.452774,1.0,0.041538,0.037903,1.887964,0.005721,0.080077,0.433412,0.021226,0.514282,0.0001,,,,,0,lstm
257,46866,-3.6057,-3.2921,146,0,0,1,0,3.7438,1.708,collision,504.4,-0.220174,0.622174,-0.899494,0.872357,5.869164,0.249595,3.960825,5.997733,0.410457,0.391807,-0.425673,1.007621,,,,,,,,,,,,,,0,lstm
258,46997,-9.4516,-3.3096,131,0,0,1,0,3.7221,1.618,collision,505.8,-0.494374,0.522231,-0.899179,0.80774,5.907912,0.226211,3.908206,5.999331,0.414929,0.395968,-0.443051,1.0,,,,,,,,,,,,,,0,lstm
259,47140,-5.5323,-3.7483,143,0,0,1,0,3.7691,1.557,collision,507.2,-0.521806,0.525733,-0.898755,0.870706,5.899152,0.17444,4.863247,5.999625,0.411064,0.392099,-0.407008,1.005729,,,,,,,,,,,,,,0,lstm
260,47270,-7.7884,-3.8504,130,0,0,1,0,3.6491,1.743,collision,509.0,-0.27504,0.577306,-0.898065,0.849343,5.899651,0.227401,3.761407,5.999502,0.423583,0.400344,-0.219782,1.0,-0.001349,0.046726,1.888035,0.005705,0.07208,0.495455,0.030089,0.542887,0.0001,,,,,0,lstm
261,47413,-3.2085,-3.8612,143,0,0,1,0,3.5855,1.823,collision,510.5,-0.193618,0.563152,-0.894164,0.859676,5.845946,0.33741,2.68961,5.999659,0.41938,0.399871,-0.227633,1.0,,,,,,,,,,,,,,0,lstm
262,47547,-7.1163,-4.2088,134,0,0,1,0,3.7232,1.793,collision,511.8,-0.129494,0.606191,-0.89956,0.882822,5.852696,0.33319,3.277071,5.998999,0.415234,0.39501,-0.357067,1.001853,,,,,,,,,,,,,,0,lstm
263,47701,-0.5042,-5.8974,154,0,0,1,0,3.7297,1.703,collision,513.4,-0.346454,0.566398,-0.89936,0.833365,5.9102,0.129827,5.14124,5.998638,0.41027,0.392694,-0.376822,1.008998,,,,,,,,,,,,,,0,lstm
264,47840,-3.845,-4.8731,139,0,0,1,0,3.5527,1.974,collision,515.1,-0.07158,0.502347,-0.889783,0.78806,5.836784,0.362423,2.827879,5.999244,0.415032,0.394206,-0.234547,1.0,0.011329,0.046135,1.887899,0.005689,0.070866,0.820201,0.00897,1.415405,0.0001,,,,,0,lstm
265,48121,3.5898,-4.3548,281,0,0,1,0,3.5067,1.932,collision,518.0,0.200096,0.491295,-0.845382,0.884406,5.829979,0.356746,2.472472,5.999233,0.391384,0.411333,-0.894488,1.0,,,,,,,,,,,,,,0,lstm
266,48263,-3.0596,-4.0522,142,0,0,1,0,3.667,1.899,collision,519.5,-0.201304,0.51755,-0.899226,0.88127,5.886491,0.174269,5.192644,5.998789,0.421398,0.400529,-0.260364,1.0,,,,,,,,,,,,,,0,lstm
267,49322,-112.6422,-14.9558,1059,0,0,1,0,3.5199,1.683,collision,529.9,-0.060321,0.66937,-0.898806,0.893435,5.822256,0.34246,1.704746,5.999365,0.394693,0.459953,-1.0,1.010915,,,,,,,,,,,,,,0,lstm
268,49465,-4.5395,-14.4646,143,0,0,1,0,3.7244,1.859,collision,531.9,-0.08073,0.58381,-0.898938,0.884973,5.864394,0.223351,4.710667,5.99853,0.4183,0.399327,-0.456112,1.009505,0.02513,0.028775,1.887848,0.005673,0.068364,0.317948,0.068672,0.296118,0.0001,,,,,0,lstm
269,49602,-7.2288,-14.6343,137,0,0,1,0,3.6211,1.71,collision,533.3,0.122033,0.639468,-0.898183,0.889895,5.847113,0.242638,4.281759,5.997636,0.404263,0.393451,-0.487781,1.0,,,,,,,,,,,,,,0,lstm
270,49737,-5.7066,-14.4261,135,0,0,1,0,3.5937,1.874,collision,534.7,-0.016797,0.558857,-0.89759,0.851976,5.896351,0.139099,5.168647,5.999581,0.42243,0.400884,-0.262012,1.0,,,,,,,,,,,,,,0,lstm
271,49877,-4.9192,-14.5972,140,0,0,1,0,3.5923,1.797,collision,536.1,0.064737,0.5994,-0.896044,0.896933,5.832901,0.288083,4.474432,5.998776,0.408064,0.394785,-0.419284,1.0,,,,,,,,,,,,,,0,lstm
272,50020,-4.2644,-14.312,143,0,0,1,0,3.7309,1.743,collision,538.0,-0.322239,0.565522,-0.897426,0.860043,5.821803,0.296434,3.74245,5.998825,0.412824,0.39078,-0.371307,1.00534,-0.037703,0.046722,1.887914,0.005657,0.079323,0.818753,0.028067,1.470787,0.0001,,,,,0,lstm
273,50156,-7.4768,-15.0092,136,0,0,1,0,3.6423,1.759,collision,539.4,0.06404,0.62543,-0.895895,0.888721,5.852477,0.209361,4.862679,5.997821,0.412835,0.398623,-0.483936,1.0,,,,,,,,,,,,,,0,lstm
274,50436,-11.1059,-15.7353,280,0,0,1,0,3.5782,1.863,collision,542.3,0.255819,0.504301,-0.868847,0.895678,5.821175,0.293101,3.41568,5.999254,0.396111,0.42795,-0.968415,1.0,,,,,,,,,,,,,,0,lstm
275,50571,-6.2516,-16.7195,135,0,0,1,0,3.6246,1.802,collision,543.8,-0.307773,0.535964,-0.899469,0.867042,5.864946,0.233996,4.593073,5.999001,0.418083,0.395215,-0.353047,1.0,,,,,,,,,,,,,,0,lstm
276,50725,-3.2697,-16.7405,154,0,0,1,0,3.6983,1.715,collision,545.7,-0.439865,0.49999,-0.899279,0.829279,5.841577,0.249561,4.379722,5.998916,0.413059,0.397454,-0.737589,1.0,-0.002577,0.043153,1.887988,0.00564,0.078401,0.227548,0.022479,0.395957,0.0001,,,,,0,lstm
277,51009,-7.0827,-6.1845,284,0,0,1,0,3.5158,1.907,collision,548.7,0.216821,0.50151,-0.849872,0.889622,5.79115,0.371566,1.816869,5.99791,0.393417,0.422015,-0.954446,1.0,,,,,,,,,,,,,,0,lstm
278,51159,-2.8932,-6.0199,150,0,0,1,0,3.7262,1.651,collision,550.2,-0.481295,0.505019,-0.898493,0.848131,5.874339,0.226757,4.489206,5.998481,0.410738,0.393696,-0.445348,1.00165,,,,,,,,,,,,,,0,lstm
279,51442,-13.6428,-6.6613,283,0,0,1,0,3.5447,1.798,collision,553.0,0.207583,0.569149,-0.893305,0.893655,5.814772,0.350215,3.218553,5.998666,0.395132,0.427937,-0.98179,1.0,,,,,,,,,,,,,,0,lstm
280,51588,-3.3639,-6.427,146,0,0,1,0,3.6082,1.727,collision,555.0,0.049613,0.641664,-0.898785,0.889292,5.86801,0.213646,4.728788,5.999229,0.406822,0.396048,-0.424972,1.0,0.022871,0.037367,1.888079,0.005624,0.078616,0.335284,0.030042,0.361546,0.0001,,,,,0,lstm
281,51873,-6.3968,-6.5748,285,0,0,1,0,3.5387,1.844,collision,557.8,0.177965,0.547313,-0.870899,0.876075,5.780303,0.386661,2.744033,5.9994,0.395788,0.422951,-0.970569,1.0,,,,,,,,,,,,,,0,lstm
282,52025,-1.0413,-6.2525,152,0,0,1,0,3.6439,1.795,collision,559.3,0.00877,0.604624,-0.898363,0.887376,5.837243,0.272571,4.157584,5.997939,0.41135,0.397773,-0.402623,1.0,,,,,,,,,,,,,,0,lstm
283,52312,35.1183,-1.993,287,0,0,1,0,3.5073,1.6,collision,562.3,-0.270798,0.661474,-0.899013,0.879928,5.823715,0.27753,3.119917,5.999128,0.398746,0.396568,-0.521132,1.0,,,,,,,,,,,,,,0,lstm
284,52709,-12.5345,-2.1358,397,0,0,1,0,3.5692,1.676,collision,567.0,0.136621,0.659737,-0.899148,0.888995,5.826352,0.288713,3.589394,5.998921,0.390714,0.426762,-0.99953,1.004176,0.010856,0.035186,1.888078,0.005608,0.10658,0.293187,0.114233,0.295744,0.0001,,,,,0,lstm
285,52991,-8.8382,-2.3945,282,0,0,1,0,3.5203,1.867,collision,569.8,0.2033,0.524689,-0.859351,0.88487,5.813892,0.327454,2.943665,5.998684,0.394201,0.423509,-0.970348,1.0,,,,,,,,,,,,,,0,lstm
286,53129,-5.1776,-2.5853,138,0,0,1,0,3.7169,1.808,collision,571.2,-0.247367,0.55513,-0.899309,0.814547,5.793927,0.426044,3.09574,5.999404,0.418898,0.396962,-0.287161,1.003707,,,,,,,,,,,,,,0,lstm
287,53275,-2.84,-2.161,146,0,0,1,0,3.7189,1.854,collision,572.8,-0.314669,0.503486,-0.898635,0.753981,5.834922,0.307896,3.694085,5.997742,0.41659,0.394692,-0.300029,1.010699,,,,,,,,,,,,,,0,lstm
288,53556,5.973,-1.2744,281,0,0,1,0,3.5299,1.921,collision,576.1,0.179948,0.50707,-0.859582,0.888124,5.771612,0.357929,3.418832,5.998716,0.395341,0.412675,-0.891558,1.003195,0.009427,0.035347,1.888014,0.005592,0.071631,0.35915,0.013747,0.471801,0.0001,,,,,0,lstm
289,53699,-3.4955,-0.2597,143,0,0,1,0,3.7293,1.78,collision,577.5,-0.298186,0.550975,-0.898407,0.789673,5.830157,0.296043,4.09351,5.99748,0.412413,0.39367,-0.309857,1.008877,,,,,,,,,,,,,,0,lstm
290,53835,-7.6119,-0.6845,136,0,0,1,0,3.6176,1.745,collision,578.9,-0.420591,0.491466,-0.898983,0.807692,5.851139,0.323058,2.741391,5.999024,0.419513,0.397379,-0.500963,1.0,,,,,,,,,,,,,,0,lstm
291,53973,-4.0848,-0.4533,138,0,0,1,0,3.5573,1.976,collision,580.4,-0.117586,0.488497,-0.874041,0.743807,5.820864,0.399349,1.986058,5.997337,0.418011,0.394532,-0.246247,1.0,,,,,,,,,,,,,,0,lstm
292,54111,-5.0358,-0.8527,138,0,0,1,0,3.643,1.9,collision,582.1,-0.074072,0.546588,-0.896504,0.858579,5.844324,0.251451,4.181118,5.998533,0.413772,0.392923,-0.29468,1.0,-0.01676,0.042923,1.887904,0.005576,0.091954,0.388671,0.061894,0.776771,0.0001,,,,,0,lstm
293,54253,-4.196,-4.7841,142,0,0,1,0,3.6344,1.764,collision,583.7,-0.059684,0.624353,-0.896767,0.884068,5.817018,0.331209,3.179929,5.998233,0.410652,0.393794,-0.263741,1.0,,,,,,,,,,,,,,0,lstm
294,54396,-7.5897,-4.2896,143,0,0,1,0,3.7288,1.575,collision,585.1,-0.600087,0.422516,-0.898297,0.736518,5.887645,0.187954,4.624175,5.99894,0.411368,0.393739,-0.584976,1.0,,,,,,,,,,,,,,0,lstm
295,54685,35.4368,0.1379,289,0,0,1,0,3.5029,1.683,collision,588.1,-0.161788,0.654614,-0.89967,0.889806,5.799646,0.475845,1.358957,5.998023,0.398913,0.396134,-0.529245,1.0,,,,,,,,,,,,,,0,lstm
296,54835,-1.8431,0.4713,150,0,0,1,0,3.5851,1.76,collision,589.9,-0.004026,0.627838,-0.898673,0.877742,5.823621,0.289046,3.699378,5.998162,0.40654,0.395198,-0.348558,1.0,0.00215,0.037645,1.887555,0.005559,0.114953,0.504377,0.057852,0.610538,0.0001,,,,,0,lstm
297,54979,-3.398,0.4155,144,0,0,1,0,3.642,1.824,collision,591.3,-0.315289,0.507838,-0.899245,0.796298,5.772673,0.568735,1.538887,5.998059,0.412984,0.39279,-0.361272,1.0,,,,,,,,,,,,,,0,lstm
298,55118,-4.1553,-0.5973,139,0,0,1,0,3.6632,1.936,collision,592.6,-0.219154,0.493788,-0.89954,0.805727,5.816909,0.28497,4.241407,5.998785,0.416186,0.395194,-0.275628,1.0,,,,,,,,,,,,,,0,lstm
299,55260,-2.7055,-0.5183,142,0,0,1,0,3.5544,1.974,collision,594.0,-0.038015,0.50814,-0.887885,0.868597,5.84241,0.246057,4.3592,5.996939,0.407382,0.389854,-0.184496,1.0,,,,,,,,,,,,,,0,lstm
300,55396,-5.5106,-0.3082,136,0,0,1,0,3.6489,1.869,collision,595.6,-0.252068,0.517963,-0.899459,0.82406,5.834232,0.309683,3.729712,5.996924,0.414227,0.391674,-0.273482,1.0,-0.027657,0.036839,1.887123,0.005543,0.090816,0.606874,0.046384,0.961833,0.0001,,,,,0,lstm
301,55543,-2.2717,-0.1269,147,0,0,1,0,3.6062,1.855,collision,597.1,-0.053651,0.583688,-0.899224,0.861827,5.787416,0.368775,3.085947,5.998072,0.409781,0.3947,-0.29406,1.0,,,,,,,,,,,,,,0,lstm
302,55691,-2.3712,0.1396,148,0,0,1,0,3.6048,1.837,collision,598.5,-0.019358,0.583657,-0.897686,0.888858,5.783413,0.393906,3.198127,5.998405,0.408621,0.39479,-0.343514,1.0,,,,,,,,,,,,,,0,lstm
303,55965,-14.1611,-0.8569,274,0,0,1,0,3.5539,1.802,collision,601.1,0.169102,0.581052,-0.891148,0.889322,5.790349,0.343225,3.543932,5.997231,0.393606,0.428447,-0.970827,1.0,,,,,,,,,,,,,,0,lstm
304,56114,-2.2635,-0.3243,149,0,0,1,0,3.6013,1.753,collision,602.9,-0.053976,0.628151,-0.899029,0.882774,5.797427,0.328176,4.074104,5.999214,0.409102,0.396833,-0.4043,1.0,0.001331,0.039151,1.886728,0.005527,0.089876,0.513926,0.014942,0.739537,0.0001,,,,,0,lstm
305,56259,-7.2526,-4.5933,145,0,0,1,0,3.8006,1.536,collision,604.2,-0.616189,0.433454,-0.89892,0.697214,5.853452,0.381214,2.239016,5.998381,0.418536,0.399323,-0.554566,1.011328,,,,,,,,,,,,,,0,lstm
306,56397,-13.8838,-5.7973,138,0,0,1,0,3.732,1.26,collision,605.5,-0.853037,0.191925,-0.899388,0.842596,5.876663,0.165436,4.852961,5.999101,0.393736,0.388702,-0.746978,1.0,,,,,,,,,,,,,,0,lstm
307,56677,4.6673,-4.9908,280,0,0,1,0,3.5212,1.89,collision,608.1,0.132046,0.540039,-0.878401,0.88835,5.745122,0.4212,2.969912,5.999351,0.393142,0.412037,-0.905095,1.0,,,,,,,,,,,,,,0,lstm
308,56818,-4.3914,-5.0144,141,0,0,1,0,3.5912,1.828,collision,609.8,-0.011979,0.603583,-0.899136,0.891557,5.798062,0.265093,4.79179,5.998008,0.41012,0.394369,-0.347683,1.0,0.040612,0.03299,1.886467,0.005511,0.078644,0.396016,0.027023,0.443895,0.0001,,,,,0,lstm
309,56956,-9.4536,-5.6892,138,0,0,1,0,3.8035,1.497,collision,611.1,-0.644211,0.423845,-0.89885,0.693295,5.852714,0.275549,3.623955,5.999134,0.416609,0.398111,-0.534442,1.007692,,,,,,,,,,,,,,0,lstm
310,57092,-8.1067,-5.9488,136,0,0,1,0,3.6818,1.64,collision,612.4,-0.465417,0.524372,-0.898395,0.801827,5.86268,0.207827,4.43397,5.996676,0.413822,0.394498,-0.514182,1.0,,,,,,,,,,,,,,0,lstm
311,57236,-3.7062,-6.0923,144,0,0,1,0,3.6161,1.827,collision,613.7,-0.32114,0.511121,-0.89882,0.804957,5.820039,0.420377,1.910358,5.999738,0.414274,0.395259,-0.451478,1.0,,,,,,,,,,,,,,0,lstm
312,57377,-6.7265,-6.5278,141,0,0,1,0,3.6251,1.734,collision,615.3,0.072416,0.635978,-0.899064,0.885941,5.803082,0.350289,3.343451,5.998526,0.407151,0.395775,-0.538035,1.0,0.004383,0.034122,1.886265,0.005495,0.078093,0.386696,0.012498,0.736205,0.0001,,,,,0,lstm
313,57519,-2.9759,-5.4093,142,0,0,1,0,3.5968,1.977,collision,616.7,-0.148236,0.490561,-0.89634,0.796302,5.824399,0.288937,3.77901,5.99812,0.413487,0.393938,-0.269647,1.0,,,,,,,,,,,,,,0,lstm
314,57804,0.4274,-5.1402,285,0,0,1,0,3.4814,1.76,collision,619.4,0.108021,0.622916,-0.893482,0.887684,5.771478,0.430166,2.194134,5.997975,0.385377,0.411344,-0.965467,1.0,,,,,,,,,,,,,,0,lstm
315,57938,-7.1237,-5.1273,134,0,0,1,0,3.6084,1.79,collision,620.6,-0.392225,0.48945,-0.898706,0.852645,5.836512,0.250006,4.377161,5.998868,0.420722,0.396582,-0.387141,1.0,,,,,,,,,,,,,,0,lstm
316,58087,-6.5771,-4.3966,149,0,0,1,0,3.6964,1.577,collision,622.4,-0.566603,0.467308,-0.899625,0.870912,5.800393,0.349059,3.52345,5.996679,0.408117,0.39455,-0.666809,1.0,-0.015438,0.033254,1.886036,0.005478,0.083731,0.267533,0.034679,0.400673,0.0001,,,,,0,lstm
317,58364,-20.0039,-6.8638,277,0,0,1,0,3.5857,1.752,collision,625.0,0.219578,0.588766,-0.89369,0.893872,5.720199,0.559193,1.606455,5.999344,0.388814,0.431875,-0.986569,1.0,,,,,,,,,,,,,,0,lstm
318,58510,-2.079,-6.6325,146,0,0,1,0,3.6572,1.951,collision,626.4,-0.205342,0.49063,-0.89954,0.832954,5.767898,0.334955,4.219107,5.997219,0.408983,0.38956,-0.295779,1.0,,,,,,,,,,,,,,0,lstm
319,58643,-9.6763,-6.6548,133,0,0,1,0,3.8058,1.563,collision,627.7,-0.560788,0.479821,-0.899006,0.805805,5.801693,0.355441,3.289664,5.999302,0.41989,0.398874,-0.463121,1.009985,,,,,,,,,,,,,,0,lstm
320,58777,-13.9545,-7.2396,134,0,0,1,0,3.8103,1.276,collision,629.2,-0.848961,0.175266,-0.899567,0.699433,5.856963,0.242932,4.539481,5.999478,0.399334,0.391954,-0.691531,1.0,0.028004,0.034938,1.885908,0.005462,0.068433,0.187703,0.011954,0.302558,0.0001,,,,,0,lstm
321,58923,-9.466,-7.8155,146,0,0,1,0,3.753,1.443,collision,630.7,-0.683378,0.401908,-0.89922,0.799951,5.834614,0.242141,4.539147,5.99793,0.411476,0.395836,-0.706347,1.0,,,,,,,,,,,,,,0,lstm
322,59204,-1.2757,-7.2705,281,0,0,1,0,3.4943,1.925,collision,633.4,0.199105,0.502601,-0.876901,0.889243,5.769721,0.42412,2.988627,5.997463,0.392753,0.41666,-0.921999,1.0,,,,,,,,,,,,,,0,lstm
323,59358,-0.8035,-7.0532,154,0,0,1,0,3.5929,1.843,collision,634.9,-0.015002,0.583403,-0.897627,0.877299,5.76828,0.36122,3.520738,5.998147,0.403619,0.392688,-0.44839,1.0,,,,,,,,,,,,,,0,lstm
324,59493,-6.0063,-7.6966,135,0,0,1,0,3.6419,1.854,collision,636.6,-0.232732,0.523819,-0.891078,0.837591,5.741913,0.513539,1.237156,5.99787,0.41272,0.390622,-0.303499,1.0,0.027679,0.034635,1.885832,0.005446,0.081229,0.204603,0.008356,0.218694,0.0001,,,,,0,lstm
325,59777,36.2682,-3.3574,284,0,0,1,0,3.5197,1.732,collision,639.2,-0.145419,0.634701,-0.898981,0.880295,5.76904,0.370488,3.403654,5.998595,0.399368,0.398462,-0.533593,1.009721,,,,,,,,,,,,,,0,lstm
326,59916,-5.5781,-3.2575,139,0,0,1,0,3.7143,1.814,collision,640.6,-0.336953,0.511999,-0.899584,0.764067,5.821212,0.436015,1.564531,5.99761,0.415378,0.392881,-0.300333,1.003146,,,,,,,,,,,,,,0,lstm
327,60201,3.2286,-0.9343,285,0,0,1,0,3.4658,1.92,collision,643.2,0.187995,0.500092,-0.871265,0.887088,5.748923,0.386525,3.305475,5.997766,0.392656,0.412848,-0.918612,1.0,,,,,,,,,,,,,,0,lstm
328,60351,-0.2006,-0.7464,150,0,0,1,0,3.6253,2.007,collision,645.0,-0.159621,0.467043,-0.897306,0.81156,5.796329,0.316701,3.968699,5.998827,0.412497,0.394644,-0.275546,1.0,0.021595,0.031787,1.885735,0.00543,0.096166,0.35823,0.071313,0.295345,0.0001,,,,,0,lstm
329,60496,-3.8674,-0.1655,145,0,0,1,0,3.724,1.777,collision,646.5,-0.374592,0.502061,-0.898297,0.838714,5.805696,0.31141,3.981039,5.998324,0.413712,0.392047,-0.408663,1.005454,,,,,,,,,,,,,,0,lstm
330,60638,-3.7052,0.8594,142,0,0,1,0,3.566,1.893,collision,647.8,-0.002329,0.554965,-0.894743,0.866609,5.727141,0.509799,2.840393,5.996737,0.401443,0.38584,-0.311507,1.0,,,,,,,,,,,,,,0,lstm
331,60789,-0.1178,1.7942,151,0,0,1,0,3.6182,1.992,collision,649.2,-0.158018,0.477073,-0.896423,0.814767,5.730628,0.455006,3.175601,5.997411,0.411673,0.393345,-0.309518,1.0,,,,,,,,,,,,,,0,lstm
332,60937,-2.8242,1.6394,148,0,0,1,0,3.644,1.793,collision,651.0,-0.341986,0.511827,-0.898958,0.802046,5.720119,0.541901,1.483209,5.998343,0.408149,0.388989,-0.383953,1.0,-0.014493,0.035675,1.885557,0.005414,0.085366,0.46484,0.024823,0.749073,0.0001,,,,,0,lstm
333,61082,-2.7173,1.448,145,0,0,1,0,3.6422,1.892,collision,652.4,-0.080233,0.547298,-0.899229,0.865811,5.779866,0.380961,2.587297,5.996878,0.405158,0.387017,-0.2766,1.0,,,,,,,,,,,,,,0,lstm
334,61228,-2.087,1.8399,146,0,0,1,0,3.6008,1.876,collision,653.8,-0.243631,0.508666,-0.895626,0.830077,5.644486,0.632269,1.987394,5.998004,0.408028,0.391001,-0.316694,1.0,,,,,,,,,,,,,,0,lstm
335,61377,-0.3907,-1.826,149,0,0,1,0,3.6136,2.06,collision,655.3,-0.134326,0.44194,-0.898616,0.777411,5.78954,0.325335,3.147694,5.997479,0.408468,0.391053,-0.270694,1.0,,,,,,,,,,,,,,0,lstm
336,61654,8.9218,-0.376,277,0,0,1,0,3.5279,1.982,collision,658.3,0.17277,0.472732,-0.800233,0.889255,5.713538,0.530164,1.625634,5.999005,0.395689,0.410081,-0.863257,1.011374,-0.034297,0.03577,1.885216,0.005397,0.084602,0.459823,0.015304,0.545354,0.0001,,,,,0,lstm
337,61940,7.5612,0.0573,286,0,0,1,0,3.5015,1.886,collision,661.1,0.197993,0.525459,-0.895121,0.882447,5.746379,0.455903,2.594722,5.997455,0.39302,0.410216,-0.903684,1.0,,,,,,,,,,,,,,0,lstm
338,62081,-4.1374,-0.3364,141,0,0,1,0,3.6495,1.967,collision,662.5,-0.049175,0.507447,-0.898415,0.870766,5.749832,0.334685,4.218399,5.994908,0.408632,0.387296,-0.294241,1.0,,,,,,,,,,,,,,0,lstm
339,62367,34.0192,3.4523,286,0,0,1,0,3.5177,1.693,collision,665.1,-0.143101,0.654493,-0.898926,0.887095,5.764987,0.357072,3.661523,5.998552,0.397496,0.395469,-0.550685,1.0,,,,,,,,,,,,,,0,lstm
340,62659,7.0313,4.5259,292,0,0,1,0,3.6019,1.64,collision,668.4,0.047165,0.698822,-0.898212,0.896102,5.788427,0.356986,2.846072,5.997274,0.384022,0.405726,-0.973538,1.007905,0.014336,0.029074,1.884873,0.005381,0.09641,0.37268,0.075616,0.356625,0.0001,,,,,0,lstm
341,62810,-0.27,4.5107,151,0,0,1,0,3.6143,1.99,collision,669.9,-0.108958,0.492877,-0.898918,0.861336,5.803334,0.305922,3.562767,5.996735,0.408056,0.389845,-0.288766,1.0,,,,,,,,,,,,,,0,lstm
342,63101,5.0967,5.3028,291,0,0,1,0,3.6039,1.699,collision,672.7,0.125105,0.653963,-0.897655,0.897964,5.749298,0.512768,1.871028,5.99719,0.384016,0.407207,-0.98194,1.009903,,,,,,,,,,,,,,0,lstm
343,63499,-21.9835,3.3762,398,0,0,1,0,3.5873,1.723,collision,676.4,0.128894,0.633828,-0.899287,0.888787,5.799012,0.290732,2.866031,5.997889,0.391095,0.42918,-1.0,1.004527,,,,,,,,,,,,,,0,lstm
344,63642,-2.4099,3.3439,143,0,0,1,0,3.5628,2.01,collision,678.3,-0.105723,0.475908,-0.884471,0.851602,5.836981,0.263408,4.320946,5.999483,0.411848,0.390544,-0.276781,1.0,-0.002382,0.030906,1.884542,0.005365,0.090708,0.584344,0.050375,1.19351,0.0001,,,,,0,lstm
345,63794,0.3415,3.4171,152,0,0,1,0,3.5497,2.009,collision,679.8,-0.077722,0.475793,-0.889325,0.842742,5.804276,0.429786,1.637346,5.998657,0.406642,0.390919,-0.303366,1.0,,,,,,,,,,,,,,0,lstm
346,64094,16.1471,4.1396,300,0,0,1,0,3.5629,1.737,collision,682.7,0.21153,0.603888,-0.899045,0.891663,5.769532,0.372404,3.216571,5.998233,0.395204,0.406623,-0.82392,1.008036,,,,,,,,,,,,,,0,lstm
347,64242,-1.0587,3.2776,148,0,0,1,0,3.5387,1.982,collision,684.2,-0.079063,0.490401,-0.892391,0.82068,5.776227,0.424268,2.839613,5.998068,0.408749,0.389972,-0.316125,1.0,,,,,,,,,,,,,,0,lstm
348,64394,-0.9614,3.5952,152,0,0,1,0,3.5578,1.896,collision,686.0,0.06259,0.53931,-0.890283,0.870692,5.806332,0.311633,4.019367,5.996342,0.398312,0.388106,-0.391259,1.0,0.012354,0.038321,1.884192,0.005349,0.099592,0.421983,0.029943,0.309634,0.0001,,,,,0,lstm
349,64538,-2.4852,-0.0552,144,0,0,1,0,3.6119,1.941,collision,687.4,-0.175182,0.497899,-0.89602,0.737057,5.80187,0.386839,2.789922,5.997935,0.404767,0.38649,-0.276492,1.0,,,,,,,,,,,,,,0,lstm
350,64686,-1.2805,-0.8864,148,0,0,1,0,3.5533,1.969,collision,688.8,-0.026709,0.516502,-0.892823,0.872096,5.794865,0.372187,2.959116,5.998189,0.40254,0.387578,-0.307813,1.0,,,,,,,,,,,,,,0,lstm
351,64986,1.6518,-0.6942,300,0,0,1,0,3.6092,1.705,collision,691.6,0.183618,0.632353,-0.899635,0.889365,5.804879,0.342199,3.758698,5.998648,0.388891,0.411797,-0.984414,1.007217,,,,,,,,,,,,,,0,lstm
352,66048,-115.7029,-12.7742,1062,0,0,1,0,3.522,1.643,collision,702.2,-0.102074,0.684491,-0.899254,0.886639,5.794858,0.320442,3.163771,5.999554,0.389921,0.457192,-1.0,1.005413,0.007183,0.022265,1.884019,0.005333,0.067378,0.24393,0.018711,0.219374,0.0001,,,,,0,lstm
353,66189,-3.6485,-10.9407,141,0,0,1,0,3.6439,2.057,collision,703.6,-0.158907,0.429371,-0.898839,0.723067,5.803569,0.363333,3.270481,5.998161,0.409896,0.387536,-0.322096,1.0,,,,,,,,,,,,,,0,lstm
354,66479,13.4179,-9.3579,290,0,0,1,0,3.5149,1.851,collision,706.4,0.165842,0.556228,-0.89841,0.884308,5.827554,0.274229,3.977012,5.998851,0.396584,0.408513,-0.830446,1.006752,,,,,,,,,,,,,,0,lstm
355,66633,-3.3388,-9.7259,154,0,0,1,0,3.7173,1.687,collision,707.8,-0.490804,0.468759,-0.898522,0.636278,5.823162,0.255181,4.579787,5.998269,0.409924,0.390644,-0.533116,1.000451,,,,,,,,,,,,,,0,lstm
356,66938,13.2443,-10.0162,305,0,0,1,0,3.6147,1.621,collision,711.1,0.144044,0.687939,-0.898671,0.896226,5.808043,0.369319,2.243135,5.999509,0.387587,0.405453,-0.955302,1.010005,0.005725,0.030994,1.884041,0.005316,0.090108,0.440651,0.016913,0.57847,0.0001,,,,,0,lstm
357,67070,-10.3234,-10.9427,132,0,0,1,0,3.7409,1.544,collision,712.3,-0.617328,0.424859,-0.89965,0.723467,5.850234,0.235606,4.566759,5.998133,0.41316,0.393542,-0.485966,1.0,,,,,,,,,,,,,,0,lstm
358,67217,-2.43,-11.0895,147,0,0,1,0,3.6242,1.884,collision,713.7,-0.07571,0.553347,-0.896713,0.885961,5.847753,0.231063,4.346164,5.998,0.402879,0.387181,-0.330945,1.0,,,,,,,,,,,,,,0,lstm
359,67500,-10.6397,-11.905,283,0,0,1,0,3.5135,1.793,collision,716.3,0.178634,0.573262,-0.883295,0.884808,5.817687,0.360255,2.289177,5.998055,0.394306,0.425128,-0.977947,1.0,,,,,,,,,,,,,,0,lstm
360,67780,-4.9265,-12.2696,280,0,0,1,0,3.5396,1.733,collision,719.4,0.114202,0.631796,-0.894402,0.88771,5.784395,0.335366,2.968365,5.998326,0.391764,0.419075,-0.961631,1.0,-0.002618,0.032653,1.884198,0.0053,0.083242,0.34618,0.049176,0.383066,0.0001,,,,,0,lstm
361,67926,-7.5161,-13.1864,146,0,0,1,0,3.6541,1.568,collision,720.8,-0.611291,0.418213,-0.89976,0.628463,5.875118,0.224606,3.759705,5.999621,0.408901,0.392931,-0.645921,1.0,,,,,,,,,,,,,,0,lstm
362,68078,-0.8014,-1.6962,152,0,0,1,0,3.6623,1.908,collision,722.2,-0.14938,0.526085,-0.899594,0.853258,5.831329,0.236428,4.669356,5.998409,0.405131,0.388951,-0.333763,1.001918,,,,,,,,,,,,,,0,lstm
363,68357,-12.0057,-2.5319,279,0,0,1,0,3.5348,1.717,collision,724.9,0.138332,0.636127,-0.895529,0.892932,5.783912,0.413818,2.504608,5.998405,0.38934,0.423692,-0.972627,1.0,,,,,,,,,,,,,,0,lstm
364,68494,-5.8037,-4.4541,137,0,0,1,0,3.6394,1.879,collision,726.6,-0.317389,0.483086,-0.899,0.747644,5.813448,0.390966,3.485469,5.99946,0.412208,0.388301,-0.337279,1.0,-0.014754,0.032837,1.88453,0.005284,0.081078,0.505522,0.051164,0.620374,0.0001,,,,,0,lstm
365,68632,-4.9733,-4.6175,138,0,0,1,0,3.642,1.95,collision,727.9,-0.217591,0.486053,-0.899306,0.811048,5.830973,0.228417,4.81367,5.998264,0.40769,0.385999,-0.295461,1.0,,,,,,,,,,,,,,0,lstm
366,68787,0.347,-5.9073,155,0,0,1,0,3.5929,1.926,collision,729.4,-0.070339,0.52909,-0.896579,0.844078,5.784111,0.378834,3.156762,5.99933,0.402885,0.389148,-0.339169,1.0,,,,,,,,,,,,,,0,lstm
367,68932,-6.4379,-5.5187,145,0,0,1,0,3.638,1.663,collision,730.8,-0.507987,0.469248,-0.89951,0.773568,5.812016,0.500021,1.614907,5.997071,0.409799,0.391777,-0.594911,1.0,,,,,,,,,,,,,,0,lstm
368,69074,-3.2309,-5.5988,142,0,0,1,0,3.5427,2.011,collision,732.5,0.00388,0.486995,-0.890395,0.875883,5.7847,0.330555,3.356911,5.99969,0.402007,0.385789,-0.28664,1.0,-0.006029,0.034715,1.884802,0.005268,0.090344,0.299872,0.036068,0.493853,0.0001,,,,,0,lstm
369,69217,-3.4807,-4.8829,143,0,0,1,0,3.6636,1.91,collision,733.8,-0.27515,0.48567,-0.899052,0.826201,5.814497,0.368474,3.564888,5.99819,0.407826,0.388979,-0.31493,1.0,,,,,,,,,,,,,,0,lstm
370,69495,-19.3952,-6.3298,278,0,0,1,0,3.5384,1.826,collision,736.5,0.225386,0.539438,-0.891397,0.89329,5.794861,0.380298,3.044312,5.999606,0.39558,0.433001,-0.987829,1.0,,,,,,,,,,,,,,0,lstm
371,69645,-1.113,-5.6895,150,0,0,1,0,3.5642,1.846,collision,738.0,-0.210089,0.546081,-0.898667,0.857002,5.766114,0.38128,3.782304,5.997983,0.406989,0.391512,-0.326952,1.0,,,,,,,,,,,,,,0,lstm
372,69793,-1.6533,-5.7747,148,0,0,1,0,3.6379,1.904,collision,739.7,-0.237222,0.507232,-0.899075,0.810177,5.808983,0.329125,2.761903,5.996503,0.403767,0.386932,-0.253341,1.0,0.035645,0.034072,1.884949,0.005252,0.081449,0.555722,0.034197,0.806036,0.0001,,,,,0,lstm
373,70085,6.0203,-3.9721,292,0,0,1,0,3.6025,1.66,collision,742.4,0.10996,0.673966,-0.899458,0.896338,5.770693,0.416792,2.125429,5.99957,0.383056,0.405401,-0.977038,1.007913,,,,,,,,,,,,,,0,lstm
374,70233,-1.1211,-3.5038,148,0,0,1,0,3.5687,2.019,collision,743.9,-0.009944,0.486037,-0.891254,0.87768,5.876611,0.13648,5.234671,5.997571,0.40513,0.389036,-0.311763,1.0,,,,,,,,,,,,,,0,lstm
375,70512,-22.7778,-5.2843,279,0,0,1,0,3.5646,1.766,collision,746.4,0.227889,0.577965,-0.889463,0.890992,5.801154,0.305587,3.858191,5.998918,0.39393,0.434621,-0.99092,1.0,,,,,,,,,,,,,,0,lstm
376,70811,2.3792,-5.081,299,0,0,1,0,3.6111,1.696,collision,749.6,0.186977,0.638146,-0.899564,0.892969,5.791159,0.345519,3.356348,5.998455,0.387144,0.410489,-0.985268,1.008281,0.024477,0.031735,1.884997,0.005235,0.084519,0.64257,0.042482,1.146286,0.0001,,,,,0,lstm
377,70951,-5.0802,-4.9453,140,0,0,1,0,3.6303,1.911,collision,750.9,-0.01084,0.539073,-0.898498,0.881489,5.814244,0.284555,4.303056,5.998645,0.406742,0.388414,-0.466338,1.0,,,,,,,,,,,,,,0,lstm
378,71106,0.7084,-4.5513,155,0,0,1,0,3.5513,1.901,collision,752.4,-0.219496,0.512524,-0.894641,0.81065,5.8391,0.290354,3.479272,5.998949,0.405374,0.390657,-0.325985,1.0,,,,,,,,,,,,,,0,lstm
379,71247,-4.52,-4.6553,141,0,0,1,0,3.5777,1.821,collision,753.8,-0.328603,0.506053,-0.89902,0.839879,5.850849,0.279863,3.181775,5.999162,0.410844,0.391206,-0.323065,1.0,,,,,,,,,,,,,,0,lstm
380,71528,30.6095,0.3452,281,0,0,1,0,3.5216,1.576,collision,757.0,-0.403255,0.615908,-0.899724,0.881619,5.844984,0.232345,4.638283,5.998836,0.392843,0.395522,-0.534593,1.0,0.019883,0.034989,1.885133,0.005219,0.098695,0.520298,0.046332,0.581639,0.0001,,,,,0,lstm
381,71824,12.8282,1.7393,296,0,0,1,0,3.5941,1.679,collision,759.8,0.108806,0.662323,-0.89854,0.887692,5.813457,0.306801,2.911566,5.998666,0.387888,0.406687,-0.841881,1.006475,,,,,,,,,,,,,,0,lstm
382,72108,36.57,5.5617,284,0,0,1,0,3.5087,1.728,collision,762.6,-0.142138,0.632381,-0.899817,0.873803,5.828895,0.332485,3.099373,5.999238,0.399002,0.398717,-0.523725,1.005528,,,,,,,,,,,,,,0,lstm
383,72389,-17.3086,3.2288,281,0,0,1,0,3.5552,1.811,collision,765.4,0.181062,0.576412,-0.895255,0.888632,5.802322,0.401674,2.49687,5.999598,0.39715,0.432319,-0.993084,1.0,,,,,,,,,,,,,,0,lstm
384,72541,-0.4219,3.2987,152,0,0,1,0,3.596,1.91,collision,767.2,-0.25876,0.496917,-0.899248,0.818105,5.802161,0.424986,2.666953,5.998487,0.404783,0.388278,-0.286003,1.0,0.027097,0.032664,1.885238,0.005203,0.085377,0.456309,0.048593,0.475092,0.0001,,,,,0,lstm
385,72692,-0.3743,5.539,151,0,0,1,0,3.5419,1.903,collision,768.7,-0.163615,0.521773,-0.890423,0.832726,5.864107,0.225591,4.575303,5.998994,0.402966,0.387897,-0.297716,1.0,,,,,,,,,,,,,,0,lstm
386,72983,3.6393,5.665,291,0,0,1,0,3.6039,1.636,collision,771.6,0.066057,0.699884,-0.899158,0.891837,5.84774,0.356168,2.230486,5.999487,0.384408,0.408318,-0.979064,1.004079,,,,,,,,,,,,,,0,lstm
387,73266,27.484,8.9215,283,0,0,1,0,3.5201,1.526,collision,774.3,-0.395205,0.643416,-0.899682,0.883646,5.845239,0.301369,3.236534,5.998522,0.400517,0.398231,-0.69758,1.0,,,,,,,,,,,,,,0,lstm
388,73404,-4.6527,8.3854,138,0,0,1,0,3.5902,1.993,collision,776.0,-0.158642,0.480724,-0.89833,0.857924,5.842987,0.31593,2.81368,5.997627,0.407367,0.385351,-0.294268,1.0,0.010171,0.033857,1.885392,0.005187,0.094567,0.501576,0.056623,0.684939,0.0001,,,,,0,lstm
389,73540,-7.3913,8.0982,136,0,0,1,0,3.6453,1.68,collision,777.3,-0.512239,0.453955,-0.899279,0.655314,5.837261,0.486567,0.689765,5.998619,0.416358,0.39491,-0.392678,1.0,,,,,,,,,,,,,,0,lstm
390,73690,-3.0165,4.7356,150,0,0,1,0,3.6173,1.755,collision,778.8,0.026762,0.621048,-0.899129,0.883008,5.836571,0.284801,4.002952,5.998899,0.398417,0.387992,-0.481626,1.0,,,,,,,,,,,,,,0,lstm
391,73830,-4.766,2.9762,140,0,0,1,0,3.6549,1.815,collision,780.2,-0.30641,0.523988,-0.898594,0.806545,5.861132,0.38964,1.800101,5.999318,0.407378,0.387054,-0.285091,1.0,,,,,,,,,,,,,,0,lstm
392,73986,1.3692,-0.5439,156,0,0,1,0,3.5611,1.947,collision,782.1,-0.224065,0.478763,-0.897701,0.790657,5.890968,0.174849,4.833758,5.999584,0.403905,0.389047,-0.323446,1.0,-0.028552,0.037671,1.885456,0.005171,0.109454,0.848812,0.130677,1.902127,0.0001,,,,,0,lstm
393,74129,-9.4723,0.2397,143,0,0,1,0,3.7958,1.449,collision,783.4,-0.706301,0.357438,-0.899634,0.650669,5.926231,0.104663,5.372636,5.998949,0.41807,0.400104,-0.581496,1.002874,,,,,,,,,,,,,,0,lstm
394,74284,-5.3445,-0.2525,155,0,0,1,0,3.7613,1.522,collision,785.0,-0.642004,0.410598,-0.899669,0.633343,5.872241,0.235559,4.430597,5.999011,0.416988,0.39912,-0.612684,1.003544,,,,,,,,,,,,,,0,lstm
395,74447,-0.3831,-0.2534,163,0,0,1,0,3.7188,1.667,collision,786.5,-0.447418,0.520737,-0.899222,0.8347,5.901323,0.149911,5.231696,5.999095,0.406826,0.391066,-0.555282,1.003799,,,,,,,,,,,,,,0,lstm
396,74585,-6.91,-1.3083,138,0,0,1,0,3.6063,1.802,collision,788.2,-0.43402,0.455001,-0.899669,0.755787,5.893074,0.189974,4.438392,5.999651,0.412884,0.391268,-0.470262,1.0,-0.056974,0.031671,1.885411,0.005154,0.082975,0.410584,0.112235,0.71195,0.0001,,,,,0,lstm
397,74868,31.7249,-0.8842,283,0,0,1,0,3.5405,1.603,collision,790.8,-0.284704,0.662909,-0.899699,0.897358,5.871049,0.203684,4.135734,5.999136,0.387452,0.390687,-0.573227,1.0,,,,,,,,,,,,,,0,lstm
398,75023,0.3335,-0.3856,155,0,0,1,0,3.6073,1.91,collision,792.3,-0.068013,0.541968,-0.897244,0.844943,5.839166,0.360852,1.999136,5.998212,0.403842,0.389682,-0.359892,1.0,,,,,,,,,,,,,,0,lstm
399,75168,-2.9651,0.057,145,0,0,1,0,3.6469,1.898,collision,793.7,-0.247775,0.502269,-0.899386,0.835943,5.890894,0.163797,4.976356,5.999537,0.40362,0.384722,-0.307571,1.0,,,,,,,,,,,,,,0,lstm
400,75307,-8.2327,-0.4646,139,0,0,1,0,3.7555,1.616,collision,795.3,-0.498406,0.508609,-0.899597,0.74622,5.862435,0.408741,1.526876,5.999138,0.418159,0.396518,-0.435103,1.001822,0.02459,0.036269,1.885611,0.005138,0.104687,0.369862,0.103612,0.639304,0.0001,,,,,0,lstm
401,75459,-0.0441,0.0076,152,0,0,1,0,3.5668,1.914,collision,796.8,-0.065384,0.538741,-0.897695,0.892578,5.884117,0.219477,4.016039,5.998682,0.397183,0.384836,-0.26463,1.0,,,,,,,,,,,,,,0,lstm
402,75613,-3.8985,-0.5192,154,0,0,1,0,3.7193,1.677,collision,798.3,-0.520859,0.458637,-0.899482,0.847834,5.877011,0.264152,3.709481,5.999704,0.410443,0.392278,-0.503051,1.0,,,,,,,,,,,,,,0,lstm
403,75757,-4.7753,-0.0495,144,0,0,1,0,3.6435,1.849,collision,799.7,0.006295,0.576716,-0.899013,0.875255,5.886139,0.171988,4.860973,5.999015,0.403522,0.388715,-0.472239,1.0,,,,,,,,,,,,,,0,lstm
404,75905,-5.5171,-0.0667,148,0,0,1,0,3.612,1.674,collision,801.5,-0.489618,0.481443,-0.89884,0.814031,5.906559,0.15833,4.832519,5.998439,0.410193,0.392576,-0.594199,1.0,0.005084,0.036297,1.885903,0.005122,0.071035,0.354477,0.024797,0.481285,0.0001,,,,,0,lstm
405,76191,4.4693,0.4185,286,0,0,1,0,3.5357,1.883,collision,804.1,0.195632,0.529039,-0.898228,0.886443,5.888381,0.175371,4.551117,5.999603,0.398851,0.416286,-0.901432,1.003921,,,,,,,,,,,,,,0,lstm
406,76323,-14.7263,-0.3631,132,0,0,1,0,3.7678,1.254,collision,805.4,-0.874984,0.106466,-0.899948,0.079755,5.859751,0.277451,3.471243,5.999109,0.391593,0.387256,-0.687338,1.0,,,,,,,,,,,,,,0,lstm
407,76616,8.4855,-2.6871,293,0,0,1,0,3.5522,1.754,collision,808.2,0.10737,0.620578,-0.899271,0.880548,5.879098,0.216789,4.153118,5.999265,0.39461,0.40995,-0.883226,1.0,,,,,,,,,,,,,,0,lstm
408,76761,-2.9364,-3.0141,145,0,0,1,0,3.5378,2.033,collision,810.1,0.025505,0.479683,-0.86504,0.857091,5.90938,0.157032,4.633609,5.998592,0.403631,0.387693,-0.459308,1.0,0.02446,0.03682,1.886196,0.005106,0.081427,0.59433,0.031188,0.985228,0.0001,,,,,0,lstm
409,76902,-12.5264,-3.9702,141,0,0,1,0,3.8292,1.247,collision,811.4,-0.880636,0.058303,-0.899803,-0.35707,5.88655,0.213209,4.02318,5.999046,0.404647,0.395363,-0.706173,1.000116,,,,,,,,,,,,,,0,lstm
410,77038,-5.7023,-3.7172,136,0,0,1,0,3.6283,1.917,collision,812.8,-0.204901,0.511043,-0.898308,0.806866,5.850074,0.244693,4.148224,5.999131,0.408761,0.387492,-0.297382,1.0,,,,,,,,,,,,,,0,lstm
411,77196,-1.2971,-3.8424,158,0,0,1,0,3.7376,1.635,collision,814.2,-0.514797,0.478793,-0.899854,0.854264,5.882103,0.22485,4.358936,5.999274,0.408394,0.390922,-0.468727,1.006746,,,,,,,,,,,,,,0,lstm
412,77345,-2.116,-3.6642,149,0,0,1,0,3.6518,1.807,collision,816.0,-0.293449,0.5298,-0.899318,0.82128,5.893841,0.194863,4.562453,5.998296,0.403149,0.385881,-0.308254,1.0,-0.010085,0.035231,1.886371,0.00509,0.068892,0.925306,0.068706,1.598037,0.0001,,,,,0,lstm
413,77739,-15.5927,-4.7459,394,0,0,1,0,3.6049,1.636,collision,819.7,0.123843,0.68368,-0.899519,0.895313,5.902963,0.172871,4.345177,5.998682,0.393029,0.427647,-0.999419,1.004094,,,,,,,,,,,,,,0,lstm
414,78023,9.2591,-3.2683,284,0,0,1,0,3.5955,1.73,collision,822.5,0.099047,0.63867,-0.899482,0.887149,5.888721,0.211111,4.164658,5.999216,0.391531,0.409903,-0.854881,1.008074,,,,,,,,,,,,,,0,lstm
415,78164,-5.5906,-4.2743,141,0,0,1,0,3.74,1.737,collision,823.8,-0.338228,0.560779,-0.899646,0.81122,5.917445,0.1304,5.0299,5.999704,0.409364,0.388567,-0.378216,1.006498,,,,,,,,,,,,,,0,lstm
416,78319,-4.8772,-3.2894,155,0,0,1,0,3.7815,1.517,collision,825.6,-0.565696,0.509037,-0.899795,0.777999,5.909465,0.198398,4.489344,5.998821,0.417733,0.399433,-0.597882,1.009944,-0.004129,0.031734,1.886332,0.005073,0.0809,0.839555,0.037079,0.99555,0.0001,,,,,0,lstm
417,78465,-2.1678,-4.3547,146,0,0,1,0,3.6091,1.954,collision,827.1,-0.08918,0.513781,-0.898838,0.85832,5.876163,0.265783,3.18739,5.999225,0.401398,0.385686,-0.29242,1.0,,,,,,,,,,,,,,0,lstm
418,78854,-8.3732,-4.8984,389,0,0,1,0,3.5679,1.552,collision,830.7,0.089525,0.728355,-0.899524,0.898063,5.902206,0.168848,4.505668,5.998845,0.382087,0.419484,-0.994264,1.0,,,,,,,,,,,,,,0,lstm
419,79152,16.0727,-2.0385,298,0,0,1,0,3.5526,1.753,collision,833.5,0.172894,0.608921,-0.899588,0.885558,5.875571,0.207499,4.467682,5.999277,0.398115,0.40975,-0.812072,1.008811,,,,,,,,,,,,,,0,lstm
420,79440,4.155,-1.0528,288,0,0,1,0,3.5868,1.634,collision,836.8,0.145961,0.678593,-0.897978,0.890223,5.886357,0.220669,4.149159,5.999104,0.38903,0.412056,-0.926697,1.0,0.007355,0.036941,1.886225,0.005057,0.088177,0.604314,0.070293,0.942115,0.0001,,,,,0,lstm
421,79836,-25.3562,-3.4587,396,0,0,1,0,3.5994,1.663,collision,840.5,0.133448,0.671521,-0.89955,0.896749,5.870645,0.230373,3.864975,5.999466,0.391311,0.430591,-1.0,1.00583,,,,,,,,,,,,,,0,lstm
422,80121,33.5994,0.1129,285,0,0,1,0,3.5278,1.639,collision,843.3,-0.183417,0.668177,-0.899454,0.885265,5.904371,0.150743,4.994935,5.998838,0.398818,0.394965,-0.591341,1.0,,,,,,,,,,,,,,0,lstm
423,80271,-2.1229,1.4598,150,0,0,1,0,3.6624,1.829,collision,844.7,-0.069887,0.592056,-0.899734,0.873843,5.895484,0.168344,4.717665,5.998682,0.404598,0.391679,-0.397612,1.0,,,,,,,,,,,,,,0,lstm
424,80557,4.7248,1.0064,286,0,0,1,0,3.583,1.762,collision,847.9,0.197126,0.600185,-0.898461,0.895063,5.858377,0.257158,4.371644,5.999578,0.387541,0.410876,-0.89153,1.00414,-0.00245,0.033206,1.886143,0.005041,0.087854,0.576399,0.061089,0.957924,0.0001,,,,,0,lstm
425,80700,-4.4407,1.1214,143,0,0,1,0,3.5701,1.915,collision,849.3,0.088811,0.545599,-0.89821,0.887368,5.930634,0.157316,4.690054,5.998585,0.398277,0.385683,-0.519742,1.0,,,,,,,,,,,,,,0,lstm
426,80841,-5.7461,1.0345,141,0,0,1,0,3.6699,1.869,collision,850.6,-0.017401,0.567854,-0.899714,0.853516,5.899126,0.201753,4.209587,5.999204,0.40839,0.391606,-0.443455,1.0,,,,,,,,,,,,,,0,lstm
427,80977,-5.5968,0.6916,136,0,0,1,0,3.6428,1.967,collision,852.0,-0.20179,0.482378,-0.899368,0.846655,5.910189,0.165796,4.942951,5.998857,0.406805,0.386227,-0.272094,1.0,,,,,,,,,,,,,,0,lstm
428,81278,-0.2086,1.5081,301,0,0,1,0,3.611,1.648,collision,855.3,0.113992,0.686864,-0.899452,0.896153,5.903913,0.161128,4.461799,5.999154,0.387393,0.412366,-0.987023,1.000558,-0.013893,0.036416,1.886017,0.005025,0.093565,0.416137,0.049272,0.777348,0.0001,,,,,0,lstm
429,81415,-5.4192,-0.6411,137,0,0,1,0,3.6091,1.927,collision,856.6,-0.112364,0.516844,-0.895511,0.816552,5.893626,0.167354,4.872212,5.998624,0.405916,0.38589,-0.298756,1.0,,,,,,,,,,,,,,0,lstm
430,81558,-3.4964,-1.4062,143,0,0,1,0,3.6408,1.948,collision,857.9,-0.111375,0.522524,-0.899245,0.845726,5.878359,0.264653,3.717379,5.999455,0.406298,0.389903,-0.308765,1.0,,,,,,,,,,,,,,0,lstm
431,81705,-3.4861,0.7808,147,0,0,1,0,3.6455,1.817,collision,859.3,-0.003976,0.59366,-0.899508,0.889246,5.893534,0.172306,4.719996,5.998916,0.403111,0.390078,-0.431361,1.0,,,,,,,,,,,,,,0,lstm
432,81857,-2.0311,-2.7823,152,0,0,1,0,3.6517,1.828,collision,861.2,-0.04385,0.59853,-0.899242,0.87426,5.91203,0.148312,4.892426,5.999602,0.403668,0.390428,-0.399686,1.0,0.003632,0.042602,1.885843,0.005009,0.097086,0.244406,0.069515,0.36278,0.0001,,,,,0,lstm
433,82005,-1.6955,-2.7396,148,0,0,1,0,3.639,1.956,collision,862.6,-0.142784,0.502911,-0.899664,0.816597,5.897278,0.251663,3.898854,5.998312,0.402403,0.385737,-0.273816,1.0,,,,,,,,,,,,,,0,lstm
434,82153,-4.5952,-3.6716,148,0,0,1,0,3.7071,1.659,collision,864.1,-0.469572,0.514641,-0.899675,0.747408,5.907612,0.167732,4.690854,5.999129,0.40973,0.390479,-0.45107,1.0,,,,,,,,,,,,,,0,lstm
435,82448,11.3352,-2.094,295,0,0,1,0,3.5851,1.689,collision,866.9,0.172221,0.639477,-0.897391,0.893989,5.867696,0.256268,4.164377,5.99826,0.390606,0.409108,-0.850999,1.005444,,,,,,,,,,,,,,0,lstm
436,82736,10.728,-0.4466,288,0,0,1,0,3.5354,1.797,collision,869.9,0.098094,0.602443,-0.899049,0.889575,5.899531,0.176175,4.598089,5.999344,0.395193,0.409668,-0.854293,1.003377,0.021253,0.036402,1.885763,0.004992,0.087135,0.403232,0.048782,0.391853,0.0001,,,,,0,lstm
437,83028,14.0104,1.5142,292,0,0,1,0,3.5906,1.676,collision,872.7,0.231896,0.638001,-0.899192,0.899191,5.894733,0.195612,4.591429,5.999576,0.388495,0.40323,-0.929106,1.008857,,,,,,,,,,,,,,0,lstm
438,83334,16.8358,3.2186,306,0,0,1,0,3.6095,1.524,collision,875.5,0.036128,0.75555,-0.899366,0.89791,5.868336,0.286237,2.63355,5.998879,0.38789,0.40239,-0.934049,1.002288,,,,,,,,,,,,,,0,lstm
439,83477,-3.3423,3.4263,143,0,0,1,0,3.6404,1.84,collision,877.0,-0.222913,0.542023,-0.898652,0.795155,5.891831,0.174894,4.881912,5.998772,0.404921,0.386748,-0.248674,1.0,,,,,,,,,,,,,,0,lstm
440,83621,-1.8041,3.5955,144,0,0,1,0,3.5412,2.068,collision,878.7,-0.085448,0.442673,-0.86651,0.816547,5.922474,0.106569,5.415892,5.999606,0.400836,0.385248,-0.241939,1.0,0.005152,0.037522,1.885682,0.004976,0.088705,0.409969,0.070255,0.263873,0.0001,,,,,0,lstm
441,83773,-0.4492,3.8992,152,0,0,1,0,3.6394,1.885,collision,880.1,-0.215584,0.529412,-0.898813,0.763338,5.885066,0.213703,4.286368,5.998694,0.400836,0.385425,-0.281574,1.0,,,,,,,,,,,,,,0,lstm
442,84168,-23.0871,1.7936,395,0,0,1,0,3.5988,1.667,collision,883.7,0.195399,0.648236,-0.89917,0.896643,5.881404,0.217157,3.74289,5.999357,0.392319,0.430272,-1.0,1.007299,,,,,,,,,,,,,,0,lstm
443,84456,8.0736,2.7705,288,0,0,1,0,3.565,1.734,collision,886.4,0.107285,0.629928,-0.898606,0.880313,5.89575,0.222003,3.473764,5.999393,0.394312,0.411283,-0.882078,1.00167,,,,,,,,,,,,,,0,lstm
444,84749,12.4449,4.4745,293,0,0,1,0,3.5654,1.77,collision,889.6,0.120725,0.614376,-0.899313,0.897306,5.878474,0.250979,3.652779,5.99925,0.39545,0.410001,-0.828754,1.00916,0.013648,0.033894,1.885653,0.00496,0.084029,0.196499,0.058142,0.289455,0.0001,,,,,0,lstm
445,84897,-1.3694,3.2041,148,0,0,1,0,3.5497,1.917,collision,891.0,-0.231206,0.504452,-0.89843,0.784071,5.910737,0.164524,4.766018,5.9987,0.402389,0.385762,-0.288564,1.0,,,,,,,,,,,,,,0,lstm
446,85177,4.6884,2.6001,280,0,0,1,0,3.517,1.907,collision,893.5,0.158081,0.521922,-0.821283,0.892769,5.883799,0.225387,3.909287,5.999587,0.395957,0.413085,-0.880805,1.0,,,,,,,,,,,,,,0,lstm
447,85325,-4.4083,0.7582,148,0,0,1,0,3.7401,1.652,collision,895.0,-0.464546,0.525248,-0.899426,0.861982,5.864857,0.256703,3.979546,5.999352,0.41077,0.39096,-0.391001,1.005029,,,,,,,,,,,,,,0,lstm
448,85490,-2.2281,-1.1482,165,0,0,1,0,3.6972,1.796,collision,896.9,-0.328439,0.531449,-0.899395,0.872049,5.887816,0.168934,4.552128,5.997766,0.410891,0.393866,-0.86092,1.0,-0.025118,0.043374,1.88568,0.004944,0.080885,0.144372,0.031501,0.215079,0.0001,,,,,0,lstm
449,85781,0.5288,-0.7611,291,0,0,1,0,3.6027,1.723,collision,899.7,0.22615,0.613067,-0.898965,0.895154,5.888639,0.205937,4.044913,5.999631,0.38178,0.409079,-0.992671,1.007924,,,,,,,,,,,,,,0,lstm
450,85922,-10.3029,-1.6109,141,0,0,1,0,3.7888,1.442,collision,901.0,-0.721425,0.333737,-0.899553,0.584531,5.861171,0.217074,4.619148,5.9986,0.415067,0.397774,-0.628081,1.000568,,,,,,,,,,,,,,0,lstm
451,86060,-5.8573,-2.1518,138,0,0,1,0,3.5659,1.966,collision,902.3,0.057447,0.507438,-0.898241,0.877733,5.874312,0.259257,4.173414,5.998969,0.400615,0.386152,-0.444884,1.0,,,,,,,,,,,,,,0,lstm
452,86196,-10.3316,-0.8762,136,0,0,1,0,3.7277,1.458,collision,903.9,-0.642903,0.45184,-0.899735,0.763769,5.879426,0.221785,4.130118,5.999197,0.409821,0.392274,-0.542334,1.0,0.01432,0.036719,1.885498,0.004928,0.09126,0.50804,0.028111,0.77634,0.0001,,,,,0,lstm
453,86340,-4.499,-2.1335,144,0,0,1,0,3.705,1.795,collision,905.3,-0.2551,0.55896,-0.899374,0.857968,5.87003,0.33982,3.255055,5.999527,0.405937,0.386319,-0.359858,1.001416,,,,,,,,,,,,,,0,lstm
454,86481,-4.9567,-3.8736,141,0,0,1,0,3.6587,1.95,collision,906.7,-0.042825,0.529348,-0.89887,0.809181,5.866748,0.343726,2.667312,5.998912,0.407945,0.390375,-0.383156,1.0,,,,,,,,,,,,,,0,lstm
455,86639,-2.393,-3.976,158,0,0,1,0,3.7017,1.842,collision,908.2,-0.107129,0.587532,-0.899211,0.861286,5.873473,0.215219,4.617852,5.999149,0.408066,0.395244,-0.598675,1.007805,,,,,,,,,,,,,,0,lstm
456,86790,-2.1498,-4.6598,151,0,0,1,0,3.5742,1.85,collision,909.9,0.07662,0.568545,-0.898773,0.884164,5.925003,0.117464,5.044618,5.999418,0.393418,0.385888,-0.432384,1.0,-0.011681,0.033948,1.88544,0.004911,0.088894,0.229389,0.050888,0.447816,0.0001,,,,,0,lstm
457,86946,-5.9089,-4.8099,156,0,0,1,0,3.7739,1.518,collision,911.4,-0.642822,0.409891,-0.898757,0.746733,5.842827,0.336104,2.954401,5.998696,0.419519,0.402009,-0.642647,1.00603,,,,,,,,,,,,,,0,lstm
458,87227,5.8564,-4.0014,281,0,0,1,0,3.5508,1.798,collision,914.1,0.066152,0.603345,-0.897963,0.890936,5.894056,0.21938,3.962143,5.999328,0.397561,0.414552,-0.89904,1.0,,,,,,,,,,,,,,0,lstm
459,87361,-14.0349,-5.4578,134,0,0,1,0,3.7507,1.255,collision,915.3,-0.866158,0.148828,-0.899695,0.489683,5.840054,0.261877,3.962767,5.999049,0.391033,0.385971,-0.66651,1.0,,,,,,,,,,,,,,0,lstm
460,87648,5.5229,-3.8752,287,0,0,1,0,3.5846,1.729,collision,918.4,0.171342,0.624498,-0.898581,0.88421,5.886813,0.168871,4.872112,5.999829,0.389507,0.41263,-0.890108,1.00278,0.041399,0.030984,1.885625,0.004895,0.078536,0.327124,0.045471,0.315308,0.0001,,,,,0,lstm
461,87934,-2.9232,-3.5818,286,0,0,1,0,3.5215,1.717,collision,921.1,0.119844,0.631203,-0.896193,0.894689,5.864341,0.38065,0.953867,5.999729,0.396521,0.420889,-0.966603,1.0,,,,,,,,,,,,,,0,lstm
462,88220,3.9154,-2.1571,286,0,0,1,0,3.5624,1.765,collision,924.0,0.154781,0.607808,-0.898686,0.890649,5.910655,0.157726,4.903766,5.99956,0.395069,0.415424,-0.903795,1.0,,,,,,,,,,,,,,0,lstm
463,88515,15.5314,-0.154,295,0,0,1,0,3.564,1.746,collision,926.7,0.096131,0.630667,-0.899008,0.890935,5.881219,0.198447,4.396402,5.999113,0.395128,0.40744,-0.823649,1.00969,,,,,,,,,,,,,,0,lstm
464,88658,-2.8299,0.0586,143,0,0,1,0,3.5846,2.043,collision,928.6,-0.080528,0.461572,-0.891783,0.867945,5.89459,0.17963,4.77776,5.999028,0.404128,0.385977,-0.262522,1.0,0.028536,0.032395,1.885888,0.004879,0.086517,0.400644,0.044939,0.440376,0.0001,,,,,0,lstm
465,88803,-7.0581,-0.4079,145,0,0,1,0,3.7655,1.545,collision,930.1,-0.590881,0.462261,-0.89895,0.682396,5.811266,0.439552,1.885702,5.997949,0.415247,0.395937,-0.499456,1.002244,,,,,,,,,,,,,,0,lstm
466,88959,0.0083,-0.192,156,0,0,1,0,3.6596,1.819,collision,931.6,-0.234725,0.55539,-0.898669,0.848786,5.849633,0.277237,3.553796,5.999413,0.399809,0.386478,-0.329073,1.0,,,,,,,,,,,,,,0,lstm
467,89108,-3.5893,0.0399,149,0,0,1,0,3.5732,1.8,collision,933.1,0.063658,0.602534,-0.895024,0.880938,5.901192,0.154657,4.901713,5.998652,0.39077,0.383775,-0.467431,1.0,,,,,,,,,,,,,,0,lstm
468,89271,-1.3788,-0.6836,163,0,0,1,0,3.7313,1.594,collision,935.0,-0.563688,0.465834,-0.899203,0.63634,5.820096,0.342329,3.438606,5.999879,0.406249,0.391012,-0.534861,1.003009,-0.017712,0.034913,1.886205,0.004863,0.076434,0.292893,0.065123,0.392789,0.0001,,,,,0,lstm
469,89417,-6.9717,0.0227,146,0,0,1,0,3.6755,1.579,collision,936.5,-0.579721,0.453442,-0.899318,0.762379,5.864127,0.29916,3.171269,5.998522,0.410546,0.393036,-0.620118,1.0,,,,,,,,,,,,,,0,lstm
470,89701,-8.6904,-1.3986,284,0,0,1,0,3.5728,1.721,collision,939.1,0.178421,0.616739,-0.897412,0.889702,5.831667,0.360107,3.096701,5.9989,0.401805,0.429348,-0.982643,1.0,,,,,,,,,,,,,,0,lstm
471,89855,-1.1617,-1.2225,154,0,0,1,0,3.6338,1.794,collision,940.7,-0.021413,0.60242,-0.899469,0.879231,5.879933,0.260711,4.051485,5.998634,0.398852,0.387417,-0.446125,1.0,,,,,,,,,,,,,,0,lstm
472,90147,4.6587,-1.1481,292,0,0,1,0,3.6049,1.659,collision,943.7,0.166457,0.663678,-0.898546,0.895825,5.865584,0.245017,4.154946,5.999437,0.383597,0.407669,-0.980877,1.008021,0.011435,0.032481,1.886618,0.004847,0.080483,0.302091,0.017229,0.368734,0.0001,,,,,0,lstm
473,90300,-1.1914,-2.8204,153,0,0,1,0,3.6468,1.748,collision,945.3,-0.273845,0.574891,-0.898096,0.858159,5.897629,0.169505,4.64337,5.999462,0.397329,0.382967,-0.33814,1.0,,,,,,,,,,,,,,0,lstm
474,90453,-0.84,-2.6214,153,0,0,1,0,3.6303,1.828,collision,946.7,-0.256977,0.540719,-0.897735,0.855447,5.885254,0.228966,4.148986,5.999711,0.39868,0.383369,-0.361983,1.0,,,,,,,,,,,,,,0,lstm
475,90587,-8.989,-2.8145,134,0,0,1,0,3.6577,1.633,collision,948.1,-0.481524,0.518555,-0.89922,0.824577,5.844571,0.269225,4.366227,5.998909,0.411059,0.390713,-0.396413,1.0,,,,,,,,,,,,,,0,lstm
476,90733,-2.2717,-3.0425,146,0,0,1,0,3.5704,1.947,collision,949.9,-0.122421,0.516465,-0.892621,0.855284,5.865242,0.294722,3.399135,5.998453,0.398831,0.383657,-0.276512,1.0,-0.045183,0.040881,1.887002,0.00483,0.0943,0.449497,0.097651,0.501822,0.0001,,,,,0,lstm
477,90872,-4.8683,-3.1704,139,0,0,1,0,3.6065,1.907,collision,951.2,-0.190115,0.500388,-0.895679,0.757856,5.890751,0.439803,1.125326,5.998965,0.399312,0.380808,-0.344919,1.0,,,,,,,,,,,,,,0,lstm
478,91166,2.995,-2.733,294,0,0,1,0,3.6059,1.575,collision,953.9,0.062446,0.7275,-0.899271,0.895772,5.874982,0.207752,4.693623,5.99905,0.382103,0.406434,-0.981202,1.0,,,,,,,,,,,,,,0,lstm
479,91319,-6.9335,-2.7292,153,0,0,1,0,3.8162,1.448,collision,955.4,-0.676453,0.403002,-0.899624,0.829222,5.828913,0.434275,2.015934,5.998738,0.427306,0.407893,-0.597557,1.011656,,,,,,,,,,,,,,0,lstm
480,91612,-1.9952,-2.0597,293,0,0,1,0,3.6048,1.653,collision,958.6,0.09183,0.687461,-0.899567,0.895323,5.892227,0.15566,5.11338,5.999045,0.382872,0.410288,-0.989122,1.001772,-0.010706,0.031582,1.887335,0.004814,0.072184,0.527579,0.02591,0.793782,0.0001,,,,,0,lstm
481,91889,-11.1953,-3.0631,277,0,0,1,0,3.5826,1.752,collision,961.2,0.203578,0.594067,-0.877805,0.896304,5.904735,0.143307,4.976346,5.999302,0.397828,0.429211,-0.969562,1.0,,,,,,,,,,,,,,0,lstm
482,92172,30.2046,-0.5085,283,0,0,1,0,3.5376,1.559,collision,963.9,-0.298084,0.673941,-0.898704,0.889772,5.875009,0.261115,3.975718,5.999688,0.393916,0.392598,-0.59243,1.0,,,,,,,,,,,,,,0,lstm
483,92325,-1.6965,-0.559,153,0,0,1,0,3.6403,1.853,collision,965.4,-0.05455,0.575445,-0.899681,0.871416,5.908615,0.220331,3.844222,5.998712,0.40321,0.38848,-0.385198,1.0,,,,,,,,,,,,,,0,lstm
484,92625,8.535,0.3785,300,0,0,1,0,3.5846,1.65,collision,968.7,0.20979,0.650793,-0.899545,0.889031,5.896778,0.209009,3.582655,5.99976,0.390742,0.411605,-0.888357,1.000304,0.020379,0.03518,1.887256,0.004798,0.089702,0.42189,0.067981,0.765856,0.0001,,,,,0,lstm
485,92908,29.173,4.1947,283,0,0,1,0,3.5486,1.557,collision,971.3,-0.247463,0.691573,-0.898866,0.897427,5.88425,0.225809,4.19312,5.99947,0.387493,0.388512,-0.625223,1.0,,,,,,,,,,,,,,0,lstm
486,93059,-3.2717,4.0947,151,0,0,1,0,3.732,1.746,collision,972.8,-0.393169,0.519805,-0.899292,0.796774,5.83796,0.416992,2.120317,5.999466,0.406694,0.388281,-0.401998,1.008097,,,,,,,,,,,,,,0,lstm
487,93207,-5.6797,4.0136,148,0,0,1,0,3.7384,1.616,collision,974.2,-0.512195,0.496525,-0.899347,0.76655,5.882018,0.231826,4.523199,5.99896,0.413406,0.393784,-0.487007,1.000809,,,,,,,,,,,,,,0,lstm
488,93489,31.2071,6.8348,282,0,0,1,0,3.5162,1.796,collision,977.2,-0.010316,0.605975,-0.899343,0.886644,5.90779,0.237131,3.22937,5.999522,0.406262,0.400228,-0.715424,1.00916,0.003135,0.034465,1.887171,0.004782,0.089516,0.502292,0.038046,0.877765,0.0001,,,,,0,lstm
489,93634,-3.6093,7.1672,145,0,0,1,0,3.6102,1.79,collision,978.5,-0.133245,0.590069,-0.884224,0.8551,5.932087,0.102672,5.313468,5.999469,0.399745,0.382532,-0.403881,1.0,,,,,,,,,,,,,,0,lstm
490,93925,1.2089,7.4876,291,0,0,1,0,3.6047,1.665,collision,981.3,0.189707,0.652524,-0.898395,0.896844,5.92467,0.166154,3.708436,5.999619,0.382854,0.408733,-0.989496,1.005873,,,,,,,,,,,,,,0,lstm
491,94068,-4.8898,8.1182,143,0,0,1,0,3.6295,1.688,collision,982.7,-0.419922,0.530573,-0.898963,0.837517,5.921764,0.146893,4.707146,5.999179,0.41113,0.390825,-0.381742,1.0,,,,,,,,,,,,,,0,lstm
492,94352,31.9342,8.2911,284,0,0,1,0,3.5337,1.658,collision,985.7,-0.079465,0.675876,-0.899722,0.893142,5.897971,0.177706,4.36445,5.999333,0.39701,0.396874,-0.618608,1.00254,-0.028544,0.035176,1.887082,0.004766,0.095075,0.39104,0.027133,1.813909,0.0001,,,,,0,lstm
493,94498,-2.8009,8.1807,146,0,0,1,0,3.5688,1.877,collision,987.1,-0.113611,0.548488,-0.896471,0.842279,5.928669,0.10095,5.320576,5.998408,0.395824,0.380253,-0.358584,1.0,,,,,,,,,,,,,,0,lstm
494,94782,31.0789,10.4351,284,0,0,1,0,3.5456,1.685,collision,989.9,-0.096756,0.66372,-0.898554,0.894511,5.876885,0.216265,4.303291,5.999701,0.394113,0.39378,-0.616467,1.002247,,,,,,,,,,,,,,0,lstm
495,94949,1.0855,7.6263,167,0,0,1,0,3.6494,1.734,collision,991.4,-0.107943,0.627341,-0.899696,0.887402,5.865292,0.334199,3.246305,5.998857,0.400287,0.389574,-0.48644,1.0,,,,,,,,,,,,,,0,lstm
496,95143,5.3719,8.4907,194,0,0,1,0,3.6481,1.509,collision,993.6,-0.617644,0.451862,-0.899784,0.877119,5.84959,0.40152,1.497654,5.998483,0.39922,0.393788,-0.619017,1.0,-0.017189,0.032578,1.886912,0.004749,0.09098,0.671641,0.017583,1.151484,0.0001,,,,,0,lstm
497,95299,-6.0681,8.4518,156,0,0,1,0,3.7715,1.502,collision,995.1,-0.623812,0.437282,-0.899151,0.825594,5.890441,0.242825,3.602377,5.998466,0.425553,0.406159,-0.61074,1.004117,,,,,,,,,,,,,,0,lstm
498,95580,-8.2481,4.5063,281,0,0,1,0,3.5954,1.745,collision,997.7,0.232946,0.58697,-0.888289,0.895679,5.905838,0.172981,4.232032,5.998711,0.396561,0.4269,-0.964876,1.0,,,,,,,,,,,,,,0,lstm
499,95731,-0.9683,4.7704,151,0,0,1,0,3.5577,1.926,collision,999.1,-0.049523,0.530424,-0.896656,0.878006,5.925532,0.109594,5.319018,5.999715,0.397034,0.383031,-0.301958,1.0,,,,,,,,,,,,,,0,lstm
500,95872,-4.4818,4.2013,141,0,0,1,0,3.5791,1.908,collision,1000.8,-0.123632,0.52474,-0.89708,0.860575,5.892939,0.222467,4.54493,5.99943,0.399739,0.383657,-0.360492,1.0,-0.018733,0.035322,1.886772,0.004733,0.081885,0.908077,0.034967,2.091455,0.0001,,,,,0,lstm
