episode,global_step,reward,avg10,length,success,goal_touched,collision,timeout,min_dist,avg_speed_ms,end_reason,elapsed_s,act0_mean,act0_std,act0_min,act0_max,act1_mean,act1_std,act1_min,act1_max,obs_mean,obs_std,obs_min,obs_max,actor_loss,critic_loss,policy_entropy,entropy_coef,value_residual,grad_norm_actor,grad_norm_critic,grad_norm_rnn,lr_actor,lr_critic,alpha,alpha_loss,target_update_magnitude,replay_buffer_size,recurrent_cell
1,1101,274.6127,274.6127,1101,0,0,1,0,1.5021,2.071,collision,13.7,-0.025944,0.396907,-0.848886,0.824821,4.153453,1.35155,0.203385,5.957329,0.430837,0.414698,-0.857033,1.000073,,,,,,,,,,,,,,0,none
2,1486,78.0986,176.3557,385,0,0,1,0,3.077,2.009,collision,18.5,-0.116815,0.444334,-0.863816,0.838658,4.301219,1.276953,0.33769,5.962503,0.404957,0.395532,-0.381574,1.002867,,,,,,,,,,,,,,0,none
3,3476,-67.4332,95.0927,1990,0,0,1,0,1.3581,2.091,collision,42.2,-0.000111,0.399762,-0.838617,0.850196,4.407252,1.286891,0.330017,5.990075,0.368721,0.422845,-1.0,1.0,,,,,,,,,,,,,,0,none
4,4615,267.7866,138.2662,1139,0,0,1,0,1.5294,2.061,collision,57.8,-0.037715,0.407825,-0.858904,0.853159,4.15721,1.298458,0.048827,5.981996,0.426116,0.416967,-0.906147,1.004717,0.002595,0.006217,1.675234,0.004994,0.070971,0.120461,0.026554,0.0,3.7e-05,,,,,0,none
5,4981,69.4067,124.4943,366,0,0,1,0,3.0496,2.023,collision,62.6,-0.052404,0.449556,-0.879743,0.859871,4.230796,1.301051,0.344448,5.990297,0.391075,0.393958,-0.491011,1.0,,,,,,,,,,,,,,0,none
6,5365,75.6072,116.3464,384,0,0,1,0,3.0783,2.023,collision,67.4,-0.011996,0.435291,-0.868216,0.821258,4.370708,1.338123,0.303169,5.966358,0.412094,0.398025,-0.459546,1.005489,,,,,,,,,,,,,,0,none
7,5729,68.2511,109.4757,364,0,0,1,0,3.013,2.016,collision,72.0,-0.008111,0.463808,-0.884544,0.826075,4.319963,1.30757,0.354281,5.960182,0.386685,0.393646,-0.507281,1.0,,,,,,,,,,,,,,0,none
8,6106,70.87,104.65,377,0,0,1,0,3.0768,1.863,collision,77.1,-0.202922,0.475637,-0.860817,0.859939,3.924294,1.483022,0.464756,5.961062,0.382453,0.392549,-0.617676,1.0,-0.017351,0.008944,1.674905,0.004982,0.073312,0.092898,0.042764,0.0,4.9e-05,,,,,0,none
9,6489,75.3763,101.3973,383,0,0,1,0,3.0713,2.059,collision,82.1,0.036899,0.412753,-0.880994,0.798956,4.446614,1.291799,0.508235,5.96407,0.422041,0.403742,-0.565701,1.010155,,,,,,,,,,,,,,0,none
10,6887,70.2267,98.2803,398,0,0,1,0,3.0565,2.096,collision,87.1,0.085191,0.392856,-0.835533,0.833321,4.558235,1.240668,0.490633,5.98573,0.413499,0.402842,-0.679259,1.008524,,,,,,,,,,,,,,0,none
11,7261,73.5192,78.1709,374,0,0,1,0,3.0686,1.976,collision,91.9,-0.126531,0.45392,-0.881854,0.781182,4.094524,1.354333,0.443501,5.971374,0.397174,0.395161,-0.401622,1.0,,,,,,,,,,,,,,0,none
12,8366,248.8633,95.2474,1105,0,0,1,0,1.5091,2.076,collision,106.6,-0.052678,0.402612,-0.861234,0.814729,4.266517,1.303461,0.265324,5.979752,0.429891,0.419304,-0.955712,1.0,0.040296,0.005718,1.674971,0.00497,0.058396,0.169444,0.025065,0.0,6.1e-05,,,,,0,none
13,8742,73.9278,109.3835,376,0,0,1,0,3.0138,2.004,collision,111.3,-0.021268,0.446543,-0.864355,0.800871,4.296906,1.384765,0.318984,5.962739,0.402045,0.397787,-0.456218,1.0,,,,,,,,,,,,,,0,none
14,8828,-30.4269,79.5621,86,0,0,1,0,3.8326,1.94,collision,112.5,0.071486,0.388692,-0.715246,0.741334,3.52374,1.551244,0.110792,5.869041,0.247519,0.338785,-0.599311,1.00068,,,,,,,,,,,,,,0,none
15,9208,77.1014,80.3316,380,0,0,1,0,3.037,2.015,collision,117.2,-0.089628,0.450823,-0.884656,0.809874,4.354541,1.296631,0.456228,5.959406,0.408854,0.398666,-0.323212,1.0,,,,,,,,,,,,,,0,none
16,10309,272.5836,100.0293,1101,0,0,1,0,1.4994,2.06,collision,131.9,-0.029847,0.412218,-0.863516,0.854319,4.315025,1.33083,0.22124,5.97496,0.428812,0.413301,-0.856965,1.001454,-0.00476,0.006758,1.675007,0.004958,0.062512,0.081084,0.013062,0.0,7.3e-05,,,,,0,none
17,10688,73.2187,100.526,379,0,0,1,0,3.0833,1.903,collision,136.8,-0.179789,0.473576,-0.88744,0.772711,4.090978,1.472991,0.310652,5.950368,0.388936,0.393249,-0.414601,1.0,,,,,,,,,,,,,,0,none
18,11064,72.8872,100.7277,376,0,0,1,0,3.0642,1.997,collision,141.6,-0.089985,0.461244,-0.874045,0.829454,4.422091,1.238076,0.365873,5.959261,0.400919,0.395225,-0.38497,1.0,,,,,,,,,,,,,,0,none
19,11446,76.5759,100.8477,382,0,0,1,0,3.0621,2.056,collision,146.7,-0.028701,0.423064,-0.857364,0.819796,4.422692,1.272863,0.528605,5.968819,0.412012,0.397907,-0.368661,1.004614,,,,,,,,,,,,,,0,none
20,11826,76.9273,101.5178,380,0,0,1,0,3.0543,2.08,collision,152.3,-0.042254,0.416585,-0.880642,0.869591,4.492355,1.263077,0.727563,5.985184,0.410649,0.397402,-0.339041,1.006343,-0.01699,0.007901,1.675151,0.004946,0.072382,0.183247,0.024167,0.0,8.5e-05,,,,,0,none
21,12208,73.4992,101.5158,382,0,0,1,0,3.0834,1.991,collision,157.3,-0.096104,0.461367,-0.880661,0.83768,4.416873,1.298487,0.279248,5.971907,0.400468,0.394454,-0.43563,1.0,,,,,,,,,,,,,,0,none
22,12591,72.6488,83.8943,383,0,0,1,0,2.9888,2.073,collision,162.2,0.067775,0.428212,-0.875436,0.828625,4.740488,1.093138,0.61098,5.978029,0.40504,0.395582,-0.662883,1.0,,,,,,,,,,,,,,0,none
23,12972,75.7878,84.0803,381,0,0,1,0,3.0581,1.936,collision,167.2,-0.158373,0.4642,-0.890485,0.754425,4.175932,1.441682,0.199005,5.955097,0.399582,0.396401,-0.549596,1.0,,,,,,,,,,,,,,0,none
24,13350,76.2237,94.7454,378,0,0,1,0,3.0734,2.043,collision,172.6,-0.069936,0.434518,-0.88812,0.847959,4.380948,1.27451,0.285783,5.978683,0.409831,0.397802,-0.353164,1.004598,-0.018162,0.008423,1.675348,0.004934,0.078792,0.392656,0.017484,0.0,9.7e-05,,,,,0,none
25,13734,79.8288,95.0181,384,0,0,1,0,3.0442,2.05,collision,177.7,-0.085488,0.42872,-0.863039,0.799535,4.326511,1.29009,0.335789,5.951322,0.415827,0.400971,-0.260784,1.003754,,,,,,,,,,,,,,0,none
26,14115,71.6383,74.9236,381,0,0,1,0,3.0149,2.007,collision,182.7,0.03474,0.44837,-0.857932,0.811899,4.446103,1.3309,0.382661,5.943705,0.403734,0.397742,-0.597401,1.0,,,,,,,,,,,,,,0,none
27,14493,77.0834,75.31,378,0,0,1,0,3.0135,2.007,collision,187.9,-0.109262,0.447597,-0.865338,0.761168,4.245209,1.347727,0.640661,5.948226,0.407608,0.398279,-0.311247,1.0,,,,,,,,,,,,,,0,none
28,14877,78.6562,75.8869,384,0,0,1,0,3.0584,2.004,collision,193.4,-0.080022,0.435305,-0.889209,0.843137,4.404839,1.368374,0.458523,5.978683,0.413039,0.39946,-0.336917,1.0,-0.017864,0.008178,1.675577,0.004922,0.081529,0.124656,0.011837,0.0,0.0001,,,,,0,none
29,15234,63.9043,74.6198,357,0,0,1,0,3.0687,1.932,collision,198.0,-0.050453,0.493527,-0.890288,0.814318,4.230942,1.36802,0.302934,5.975368,0.382057,0.394295,-0.544763,1.0,,,,,,,,,,,,,,0,none
30,15619,79.3855,74.8656,385,0,0,1,0,3.0601,2.042,collision,202.9,-0.07983,0.434984,-0.876827,0.836587,4.377762,1.238418,0.616953,5.947537,0.413429,0.398924,-0.327875,1.005573,,,,,,,,,,,,,,0,none
31,16006,76.3625,75.1519,387,0,0,1,0,3.0211,1.989,collision,207.8,-0.144796,0.44454,-0.887753,0.775565,4.318388,1.426229,0.16416,5.966644,0.409203,0.401727,-0.410458,1.0,,,,,,,,,,,,,,0,none
32,17103,247.1611,92.6032,1097,0,0,1,0,1.4885,2.052,collision,222.6,-0.054795,0.421112,-0.875257,0.846058,4.389414,1.316183,0.17319,5.986186,0.431168,0.421828,-0.952453,1.0,-0.034959,0.007278,1.675755,0.00491,0.075406,0.235664,0.039264,0.0,0.0001,,,,,0,none
33,17474,70.447,92.0691,371,0,0,1,0,3.0833,1.954,collision,227.4,-0.101026,0.473755,-0.881537,0.833542,4.198637,1.447673,0.142548,5.980872,0.390267,0.392177,-0.483608,1.0,,,,,,,,,,,,,,0,none
34,17858,73.0194,91.7487,384,0,0,1,0,2.9348,2.097,collision,232.3,0.060083,0.40476,-0.87873,0.814267,4.625602,1.220331,0.63795,5.972254,0.409973,0.398567,-0.611931,1.0,,,,,,,,,,,,,,0,none
35,18241,70.8701,90.8528,383,0,0,1,0,3.0181,2.046,collision,237.1,0.039234,0.439224,-0.875551,0.832014,4.552427,1.232092,0.530121,5.970109,0.409233,0.398702,-0.625533,1.0,,,,,,,,,,,,,,0,none
36,18622,76.7427,91.3632,381,0,0,1,0,3.0326,1.951,collision,242.4,-0.167203,0.459365,-0.881858,0.749935,4.239491,1.44778,0.296483,5.969934,0.401102,0.395633,-0.502367,1.0,-0.015137,0.008384,1.675943,0.004898,0.07971,0.100995,0.007357,0.0,0.0001,,,,,0,none
37,19008,79.2981,91.5847,386,0,0,1,0,3.0406,2.066,collision,247.6,-0.028093,0.425017,-0.871727,0.787983,4.537143,1.254459,0.686431,5.992316,0.41896,0.401313,-0.343275,1.005175,,,,,,,,,,,,,,0,none
38,19391,76.8195,91.401,383,0,0,1,0,3.0678,2.056,collision,252.6,-0.037729,0.431075,-0.875076,0.857369,4.430793,1.26953,0.319566,5.97077,0.415263,0.400031,-0.410362,1.00822,,,,,,,,,,,,,,0,none
39,19768,73.329,92.3435,377,0,0,1,0,3.045,1.879,collision,257.5,-0.196101,0.489335,-0.888851,0.851627,4.105054,1.472508,0.223838,5.940029,0.391959,0.396057,-0.567599,1.0,,,,,,,,,,,,,,0,none
40,20871,282.7673,112.6817,1103,0,0,1,0,1.4938,2.084,collision,272.8,-0.023148,0.407425,-0.880686,0.831713,4.423563,1.264861,0.248265,5.976414,0.42823,0.412041,-0.804748,1.012174,0.022631,0.005625,1.676101,0.004886,0.062913,0.191365,0.020195,0.0,0.0001,,,,,0,none
41,21255,76.2185,112.6673,384,0,0,1,0,3.0804,1.988,collision,277.9,-0.0621,0.453412,-0.864983,0.768768,4.29992,1.367826,0.188498,5.98212,0.407996,0.398098,-0.426834,1.000442,,,,,,,,,,,,,,0,none
42,21645,76.6914,95.6203,390,0,0,1,0,3.0382,1.955,collision,283.0,-0.171348,0.458192,-0.879699,0.834081,4.34058,1.428074,0.292124,5.974001,0.408124,0.40121,-0.567464,1.0,,,,,,,,,,,,,,0,none
43,22033,71.6482,95.7404,388,0,0,1,0,3.0544,2.06,collision,288.2,0.039159,0.433713,-0.855625,0.837972,4.645781,1.134536,0.407401,5.975983,0.415193,0.402258,-0.693327,1.001456,,,,,,,,,,,,,,0,none
44,22409,72.5592,95.6944,376,0,0,1,0,3.0255,2.058,collision,293.6,0.019581,0.430659,-0.877554,0.844695,4.475282,1.267796,0.178765,5.984751,0.406732,0.396519,-0.46015,1.0,-0.013057,0.00843,1.67618,0.004874,0.074166,0.090989,0.022264,0.0,0.0001,,,,,0,none
45,22795,75.9,96.1974,386,0,0,1,0,3.1066,1.96,collision,298.7,-0.139664,0.464798,-0.880946,0.828863,4.359065,1.351643,0.384853,5.992314,0.404969,0.397724,-0.416269,1.000878,,,,,,,,,,,,,,0,none
46,23162,69.7791,95.501,367,0,0,1,0,3.0362,1.975,collision,303.1,-0.069036,0.4799,-0.868938,0.838697,4.226337,1.309519,0.48262,5.96038,0.386277,0.391502,-0.52031,1.0,,,,,,,,,,,,,,0,none
47,24248,278.736,115.4448,1086,0,0,1,0,1.4722,2.102,collision,317.0,-0.019825,0.400801,-0.868698,0.862365,4.449962,1.244328,0.219663,5.983537,0.428975,0.413146,-0.844762,1.006527,,,,,,,,,,,,,,0,none
48,24654,80.1217,115.775,406,0,0,1,0,3.1354,1.905,collision,323.3,-0.220557,0.461605,-0.882037,0.799284,4.18162,1.415288,0.244844,5.957676,0.395051,0.396289,-0.541872,1.009482,-0.011539,0.005776,1.676176,0.004862,0.058464,0.230933,0.01522,0.0,0.0001,,,,,0,none
49,25755,256.122,134.0543,1101,0,0,1,0,1.4885,2.072,collision,337.6,-0.038994,0.417334,-0.855628,0.844065,4.477239,1.242939,0.403229,5.98206,0.432179,0.419916,-0.956099,1.0,,,,,,,,,,,,,,0,none
50,26139,77.1782,113.4954,384,0,0,1,0,3.0742,2.047,collision,342.3,-0.046414,0.429267,-0.854106,0.835605,4.591324,1.250427,0.598879,5.976825,0.415876,0.401404,-0.378688,1.007533,,,,,,,,,,,,,,0,none
51,26522,76.1543,113.489,383,0,0,1,0,3.0494,2.067,collision,347.3,-0.026451,0.424288,-0.864712,0.81076,4.55532,1.175206,0.763141,5.97076,0.413525,0.398643,-0.393556,1.002576,,,,,,,,,,,,,,0,none
52,26914,73.9378,113.2136,392,0,0,1,0,3.05,2.068,collision,353.6,0.05114,0.426605,-0.853819,0.853524,4.729362,1.150426,0.337626,5.967574,0.417948,0.403029,-0.692905,1.004817,-0.00532,0.006444,1.676464,0.00485,0.060407,0.139595,0.013437,0.0,0.0001,,,,,0,none
53,27284,67.6382,112.8126,370,0,0,1,0,3.1077,1.857,collision,358.1,-0.104139,0.535003,-0.889553,0.836024,4.251504,1.386053,0.18558,5.96861,0.379808,0.389325,-0.528095,1.0,,,,,,,,,,,,,,0,none
54,27666,75.9035,113.1471,382,0,0,1,0,3.0555,1.939,collision,362.8,-0.176391,0.472235,-0.88062,0.838727,4.357413,1.334409,0.446288,5.964806,0.39641,0.393918,-0.52356,1.0,,,,,,,,,,,,,,0,none
55,28052,76.3794,113.195,386,0,0,1,0,3.0863,2.054,collision,367.8,-0.086752,0.434616,-0.880593,0.84086,4.466698,1.285341,0.555313,5.946486,0.41302,0.398923,-0.422664,1.009406,,,,,,,,,,,,,,0,none
56,28430,73.8902,113.6061,378,0,0,1,0,3.072,1.947,collision,373.5,-0.154972,0.4827,-0.887453,0.834435,4.405963,1.281976,0.286532,5.990642,0.394606,0.393999,-0.402651,1.0,-0.020297,0.0076,1.676607,0.004838,0.074352,0.280716,0.010861,0.0,0.0001,,,,,0,none
57,28802,72.8629,93.0188,372,0,0,1,0,3.0148,1.939,collision,378.4,-0.106331,0.4809,-0.88268,0.889947,4.373193,1.439673,0.161098,5.978762,0.394068,0.394058,-0.420835,1.0,,,,,,,,,,,,,,0,none
58,29177,70.7322,92.0799,375,0,0,1,0,3.0749,1.979,collision,383.3,-0.054613,0.472372,-0.875577,0.80851,4.358926,1.302005,0.431138,5.936633,0.397456,0.39592,-0.520007,1.0,,,,,,,,,,,,,,0,none
59,29561,76.7228,74.1399,384,0,0,1,0,3.0869,1.971,collision,388.4,-0.139806,0.461214,-0.887012,0.795559,4.373631,1.326593,0.358411,5.979977,0.409629,0.401126,-0.391055,1.0,,,,,,,,,,,,,,0,none
60,29939,71.7686,73.599,378,0,0,1,0,3.0556,1.987,collision,394.1,-0.057752,0.468678,-0.883909,0.866042,4.502841,1.295797,0.213993,5.943444,0.397046,0.394456,-0.459251,1.0,-0.017926,0.007517,1.67656,0.004826,0.073896,0.217588,0.010533,0.0,0.0001,,,,,0,none
61,30322,76.3434,73.6179,383,0,0,1,0,3.0569,2.089,collision,399.0,0.017084,0.408331,-0.840707,0.814035,4.56014,1.255423,0.203731,5.983099,0.421111,0.402857,-0.467263,1.008451,,,,,,,,,,,,,,0,none
62,30705,76.7673,73.9009,383,0,0,1,0,3.08,2.007,collision,403.9,-0.100122,0.445075,-0.872589,0.837152,4.562548,1.263004,0.195257,5.985275,0.407114,0.397108,-0.395341,1.002273,,,,,,,,,,,,,,0,none
63,31804,250.8286,92.2199,1099,0,0,1,0,1.4844,2.041,collision,417.7,-0.052804,0.4323,-0.855517,0.8621,4.498961,1.248203,0.406727,5.983359,0.430011,0.421275,-0.966307,1.0,,,,,,,,,,,,,,0,none
64,32184,70.1463,91.6442,380,0,0,1,0,3.0332,2.008,collision,423.9,0.042998,0.46933,-0.882326,0.849716,4.498888,1.265038,0.435739,5.98021,0.400936,0.396946,-0.622481,1.0,0.017461,0.004942,1.676174,0.004814,0.062116,0.389744,0.027271,0.0,0.0001,,,,,0,none
65,32216,-41.4332,79.8629,32,0,0,1,0,3.8446,1.38,collision,424.4,-0.719365,0.13288,-0.879091,-0.190757,3.169719,1.49237,0.409367,5.731015,0.265634,0.367891,-0.41442,1.0,,,,,,,,,,,,,,0,none
66,32606,72.7385,79.7477,390,0,0,1,0,2.9949,2.051,collision,429.4,0.045303,0.439777,-0.865715,0.825756,4.543873,1.252801,0.509502,5.983371,0.404713,0.397075,-0.664348,1.0,,,,,,,,,,,,,,0,none
67,32979,67.1913,79.1806,373,0,0,1,0,3.1102,1.941,collision,434.2,-0.041887,0.498874,-0.887248,0.809345,4.225348,1.398794,0.39229,5.965915,0.386441,0.393461,-0.599879,1.0,,,,,,,,,,,,,,0,none
68,33359,72.9928,79.4066,380,0,0,1,0,3.0814,1.992,collision,439.9,-0.070221,0.458013,-0.884318,0.798554,4.240505,1.361453,0.3348,5.987374,0.399504,0.395467,-0.463991,1.0,-0.003218,0.008021,1.675811,0.004802,0.069794,0.311895,0.041167,0.0,0.0001,,,,,0,none
69,33742,71.9653,78.9309,383,0,0,1,0,3.0318,2.025,collision,444.8,0.036798,0.442037,-0.844164,0.858848,4.435928,1.27171,0.134939,5.988148,0.405457,0.398065,-0.641634,1.0,,,,,,,,,,,,,,0,none
70,34125,76.0939,79.3634,383,0,0,1,0,3.0775,1.956,collision,449.7,-0.173385,0.452618,-0.865523,0.806472,4.269005,1.32633,0.360893,5.960593,0.398163,0.394346,-0.499993,1.0,,,,,,,,,,,,,,0,none
71,34508,77.4054,79.4696,383,0,0,1,0,3.0642,2.05,collision,454.6,-0.054701,0.418758,-0.866223,0.792755,4.440891,1.350958,0.586033,5.968866,0.417704,0.402986,-0.369903,1.005037,,,,,,,,,,,,,,0,none
72,34893,77.2903,79.5219,385,0,0,1,0,3.062,2.074,collision,460.4,-0.017979,0.413065,-0.859455,0.873888,4.544562,1.226273,0.376056,5.99441,0.414886,0.399294,-0.521071,1.010667,-0.015444,0.007557,1.675997,0.00479,0.077363,0.222237,0.013694,0.0,0.0001,,,,,0,none
73,35282,78.7389,62.3129,389,0,0,1,0,3.1066,1.977,collision,465.5,-0.137001,0.436679,-0.886222,0.826831,4.290345,1.417603,0.189008,5.989004,0.40906,0.400061,-0.355828,1.009873,,,,,,,,,,,,,,0,none
74,35665,77.3166,63.03,383,0,0,1,0,3.0931,1.994,collision,470.5,-0.095478,0.44577,-0.872716,0.798276,4.340764,1.337141,0.266834,5.943025,0.407686,0.397482,-0.366018,1.005081,,,,,,,,,,,,,,0,none
75,36020,54.1916,72.5925,355,0,0,1,0,3.0955,1.992,collision,475.2,0.102024,0.45158,-0.881416,0.85996,4.368148,1.348457,0.574552,5.976508,0.367462,0.387679,-0.649525,1.0,,,,,,,,,,,,,,0,none
76,38000,-74.2308,57.8955,1980,0,0,1,0,1.3644,2.08,collision,501.4,-0.010284,0.414913,-0.864788,0.87317,4.555585,1.194582,0.190112,5.986844,0.369262,0.424102,-0.999998,1.0,0.01521,0.006603,1.676337,0.004778,0.084287,0.170505,0.019939,0.0,0.0001,,,,,0,none
77,38376,75.7633,58.7527,376,0,0,1,0,3.0396,1.997,collision,506.1,-0.103523,0.454333,-0.870868,0.811642,4.218536,1.385063,0.467057,5.941946,0.40415,0.39697,-0.336466,1.0,,,,,,,,,,,,,,0,none
78,39463,257.2625,77.1797,1087,0,0,1,0,1.474,2.099,collision,519.7,-0.03985,0.397572,-0.873719,0.860733,4.425202,1.27856,0.390498,5.983459,0.432611,0.417794,-0.920706,1.0,,,,,,,,,,,,,,0,none
79,39836,68.0953,76.7927,373,0,0,1,0,3.1083,1.915,collision,524.4,-0.02678,0.506205,-0.882782,0.840932,4.198297,1.408939,0.367847,5.961534,0.389863,0.393317,-0.52098,1.0,,,,,,,,,,,,,,0,none
80,40214,72.8153,76.4648,378,0,0,1,0,3.0887,1.994,collision,530.0,-0.060488,0.455439,-0.872045,0.814548,4.278687,1.308171,0.183473,5.965455,0.400058,0.395738,-0.496068,1.0,-0.015004,0.006036,1.676173,0.004766,0.06385,0.311667,0.02328,0.0,0.0001,,,,,0,none
81,40593,74.5681,76.1811,379,0,0,1,0,3.0902,2.017,collision,534.8,-0.050905,0.444235,-0.873885,0.82429,4.298217,1.336475,0.246776,5.971366,0.402931,0.396386,-0.476942,1.002847,,,,,,,,,,,,,,0,none
82,40973,75.9165,76.0437,380,0,0,1,0,3.0693,2.067,collision,539.7,-0.038788,0.41784,-0.858983,0.830217,4.454136,1.273257,0.387943,5.952459,0.414559,0.398724,-0.357754,1.008207,,,,,,,,,,,,,,0,none
83,41349,66.6612,74.836,376,0,0,1,0,2.9959,2.041,collision,544.5,0.076963,0.437293,-0.891116,0.855475,4.489582,1.314027,0.508229,5.968228,0.404459,0.398529,-0.688665,1.0,,,,,,,,,,,,,,0,none
84,41725,73.7766,74.482,376,0,0,1,0,3.0578,2.03,collision,549.8,-0.059598,0.441828,-0.872601,0.824693,4.363144,1.285375,0.533432,5.973047,0.403798,0.397657,-0.467209,1.0,-0.016683,0.006374,1.675949,0.004754,0.067493,0.245145,0.012622,0.0,0.0001,,,,,0,none
85,42808,270.6173,96.1245,1083,0,0,1,0,1.4603,2.026,collision,563.5,0.006282,0.434379,-0.855895,0.854462,4.337457,1.287218,0.20242,5.986711,0.411839,0.403812,-0.927653,1.0,,,,,,,,,,,,,,0,none
86,43185,76.2691,111.1745,377,0,0,1,0,3.0428,2.05,collision,568.3,0.002665,0.426802,-0.870048,0.819235,4.509603,1.321039,0.692677,5.971798,0.413713,0.399051,-0.401373,1.0,,,,,,,,,,,,,,0,none
87,43545,64.4787,110.0461,360,0,0,1,0,3.0758,1.948,collision,572.9,-0.014105,0.497151,-0.884302,0.81619,4.195231,1.40796,0.162924,5.985801,0.385476,0.395986,-0.560481,1.0,,,,,,,,,,,,,,0,none
88,45536,-79.2997,76.3898,1991,0,0,1,0,1.3757,2.093,collision,599.1,0.001584,0.399908,-0.836496,0.857909,4.42725,1.242584,0.203587,5.973493,0.369846,0.424567,-1.0,1.0,-0.006795,0.006002,1.67595,0.004742,0.075711,0.118614,0.01422,0.0,0.0001,,,,,0,none
89,45911,71.8456,76.7649,375,0,0,1,0,3.1164,1.916,collision,603.8,-0.105751,0.496479,-0.88345,0.873798,4.104545,1.419352,0.262492,5.978964,0.389777,0.392749,-0.477671,1.0,,,,,,,,,,,,,,0,none
90,46287,74.8593,76.9693,376,0,0,1,0,3.0452,2.039,collision,608.6,-0.030094,0.431118,-0.836058,0.822772,4.385986,1.292157,0.659275,5.974164,0.410101,0.399187,-0.353495,1.0,,,,,,,,,,,,,,0,none
91,46662,73.3618,76.8486,375,0,0,1,0,3.0512,2.033,collision,613.5,-0.046881,0.437526,-0.885602,0.760551,4.429618,1.321913,0.431815,5.952912,0.400413,0.395537,-0.482514,1.0,,,,,,,,,,,,,,0,none
92,47045,76.5423,76.9112,383,0,0,1,0,3.0968,1.981,collision,619.0,-0.12902,0.446582,-0.872051,0.812761,4.238441,1.325725,0.398126,5.95697,0.403663,0.39707,-0.385121,1.002359,-0.02215,0.006261,1.676098,0.00473,0.068641,0.152467,0.006007,0.0,0.0001,,,,,0,none
93,47425,68.9218,77.1373,380,0,0,1,0,3.0237,2.001,collision,623.8,0.033225,0.454152,-0.878916,0.848303,4.444083,1.34523,0.299444,5.971212,0.398411,0.39629,-0.627565,1.0,,,,,,,,,,,,,,0,none
94,47799,70.5885,76.8185,374,0,0,1,0,3.1131,1.875,collision,628.6,-0.18879,0.484215,-0.883651,0.802204,4.096953,1.507071,0.316361,5.978538,0.380795,0.390953,-0.424745,1.0,,,,,,,,,,,,,,0,none
95,48875,267.9621,76.5529,1076,0,0,1,0,1.4607,2.034,collision,642.4,0.02347,0.439193,-0.853999,0.844349,4.448493,1.264121,0.481361,5.974483,0.406101,0.404241,-0.93888,1.0,,,,,,,,,,,,,,0,none
96,50826,-79.417,60.9843,1951,0,0,1,0,1.4053,2.102,collision,668.9,0.005232,0.396513,-0.841051,0.83602,4.490883,1.230885,0.132859,5.980641,0.373605,0.42798,-0.999999,1.0,-0.008344,0.005654,1.676282,0.004718,0.073067,0.154536,0.016598,0.0,0.0001,,,,,0,none
97,51195,71.156,61.6521,369,0,0,1,0,3.0475,1.964,collision,673.4,-0.089821,0.472439,-0.875224,0.846224,4.200027,1.418598,0.19113,5.955642,0.389491,0.391799,-0.473549,1.0,,,,,,,,,,,,,,0,none
98,51574,74.2789,77.0099,379,0,0,1,0,3.1023,1.967,collision,678.3,-0.142264,0.462385,-0.888074,0.84576,4.25841,1.336176,0.224249,5.962536,0.394074,0.394532,-0.387533,1.0,,,,,,,,,,,,,,0,none
99,51959,78.4783,77.6732,385,0,0,1,0,3.0857,2.005,collision,683.3,-0.157782,0.436825,-0.877502,0.858898,4.415709,1.296812,0.073917,5.972393,0.405561,0.395695,-0.489068,1.008113,,,,,,,,,,,,,,0,none
100,54191,-113.2896,58.8583,2232,0,0,1,0,0.8063,2.046,collision,713.2,-0.012616,0.416063,-0.881245,0.878038,4.233911,1.352719,0.316862,5.988533,0.340994,0.42373,-1.0,1.0,-0.017515,0.007485,1.676204,0.004706,0.090643,0.113366,0.017796,0.0,0.0001,,,,,0,none
101,54569,74.955,59.0176,378,0,0,1,0,3.0479,1.971,collision,717.9,-0.10398,0.467099,-0.883244,0.833306,4.438686,1.326767,0.611506,5.980492,0.405714,0.39732,-0.354578,1.0,,,,,,,,,,,,,,0,none
102,54948,70.6328,58.4267,379,0,0,1,0,3.1263,1.936,collision,722.7,-0.103718,0.491176,-0.879849,0.802874,4.291935,1.373049,0.218079,5.980272,0.388242,0.391798,-0.492808,1.0,,,,,,,,,,,,,,0,none
103,55337,72.253,58.7598,389,0,0,1,0,3.0517,2.05,collision,727.8,0.052681,0.427782,-0.820083,0.852293,4.518783,1.301345,0.704185,5.990775,0.409733,0.399455,-0.630908,1.0,,,,,,,,,,,,,,0,none
104,55409,-31.2055,48.5804,72,0,0,1,0,3.8421,2.049,collision,729.2,0.070503,0.385285,-0.740467,0.83869,3.717946,1.46065,0.276023,5.889147,0.229253,0.318423,-0.484518,1.001079,-0.01703,0.0078,1.676305,0.004694,0.078419,0.296556,0.013773,0.0,0.0001,,,,,0,none
105,55790,74.0918,29.1934,381,0,0,1,0,3.1113,1.886,collision,734.0,-0.183553,0.49385,-0.879543,0.826944,4.1778,1.381293,0.181866,5.960561,0.389088,0.391966,-0.449539,1.0,,,,,,,,,,,,,,0,none
106,56174,79.5905,45.0941,384,0,0,1,0,3.0496,2.008,collision,739.0,-0.065186,0.432098,-0.870576,0.801943,4.354279,1.395617,0.167557,5.997413,0.418777,0.401352,-0.256423,1.000201,,,,,,,,,,,,,,0,none
107,57269,264.6046,64.439,1095,0,0,1,0,1.4811,2.069,collision,752.9,-0.030202,0.412457,-0.868414,0.863394,4.481349,1.278128,0.147906,5.977823,0.43293,0.418407,-0.913616,1.0,,,,,,,,,,,,,,0,none
108,57655,73.9419,64.4053,386,0,0,1,0,3.1003,1.902,collision,758.5,-0.203839,0.48705,-0.892569,0.827594,4.187099,1.380938,0.504368,5.946776,0.38461,0.391318,-0.527943,1.0,-0.009123,0.00684,1.676593,0.004682,0.074195,0.341037,0.034307,0.0,0.0001,,,,,0,none
109,59617,-68.899,49.6676,1962,0,0,1,0,1.4145,2.092,collision,783.7,0.005772,0.405471,-0.832891,0.843926,4.55714,1.227412,0.120967,5.985852,0.373964,0.426475,-1.0,1.0,,,,,,,,,,,,,,0,none
110,60005,78.6729,68.8638,388,0,0,1,0,3.0914,1.975,collision,788.8,-0.150998,0.457889,-0.88368,0.80643,4.317737,1.350816,0.401519,5.947371,0.406444,0.397441,-0.430521,1.005396,,,,,,,,,,,,,,0,none
111,61157,267.8934,88.1576,1152,0,0,1,0,1.4913,2.053,collision,803.1,-0.014189,0.426284,-0.854482,0.852295,4.452542,1.268856,0.389705,5.976192,0.422968,0.418178,-0.9547,1.0,,,,,,,,,,,,,,0,none
112,61544,75.6595,88.6603,387,0,0,1,0,3.013,2.099,collision,810.0,0.033431,0.410251,-0.847513,0.810062,4.642152,1.150996,0.688766,5.984532,0.414324,0.401063,-0.544603,1.0,-0.00558,0.005616,1.676839,0.00467,0.068124,0.141968,0.032528,0.0,0.0001,,,,,0,none
113,61930,73.0586,88.7409,386,0,0,1,0,3.0163,2.04,collision,815.0,0.049597,0.438024,-0.862797,0.863924,4.544129,1.232648,0.253368,5.957132,0.411649,0.400036,-0.677019,1.0,,,,,,,,,,,,,,0,none
114,62312,72.509,99.1123,382,0,0,1,0,3.0825,1.854,collision,820.2,-0.222298,0.480624,-0.877172,0.859589,3.969755,1.483011,0.14184,5.947165,0.382345,0.390962,-0.600301,1.0,,,,,,,,,,,,,,0,none
115,62682,68.0823,98.5114,370,0,0,1,0,3.0986,1.915,collision,825.0,-0.073557,0.515319,-0.881937,0.864042,4.268075,1.405161,0.260488,5.961287,0.382866,0.390731,-0.563409,1.0,,,,,,,,,,,,,,0,none
116,63044,60.4724,96.5995,362,0,0,1,0,3.1098,1.937,collision,830.5,-0.000694,0.505063,-0.890711,0.841613,4.284214,1.367682,0.437845,5.956232,0.376905,0.388852,-0.583461,1.0,-0.019656,0.007735,1.676875,0.004658,0.068999,0.269956,0.017492,0.0,0.0001,,,,,0,none
117,63412,65.7481,76.7139,368,0,0,1,0,3.1456,1.828,collision,835.3,-0.139202,0.524584,-0.885532,0.836749,4.107493,1.536819,0.224107,5.985271,0.361915,0.383775,-0.508677,1.0,,,,,,,,,,,,,,0,none
118,63782,69.7861,76.2983,370,0,0,1,0,3.0615,1.991,collision,840.2,-0.024914,0.480277,-0.882499,0.879402,4.516433,1.264114,0.362121,5.965164,0.397792,0.396522,-0.479729,1.0,,,,,,,,,,,,,,0,none
119,64170,72.8354,90.4718,388,0,0,1,0,3.0058,2.087,collision,845.3,0.089058,0.411292,-0.857592,0.829422,4.632673,1.158687,0.094172,5.993963,0.414365,0.401255,-0.723082,1.0,,,,,,,,,,,,,,0,none
120,64557,73.1856,89.923,387,0,0,1,0,3.0167,2.12,collision,850.9,0.051284,0.384565,-0.815674,0.83888,4.735299,1.146856,0.739827,5.963645,0.417865,0.401967,-0.593785,1.0,-0.013379,0.00874,1.676807,0.004646,0.076251,0.346563,0.010655,0.0,0.0001,,,,,0,none
121,64933,75.9737,70.7311,376,0,0,1,0,3.005,2.058,collision,856.0,-0.007008,0.436677,-0.88497,0.815547,4.590358,1.209537,0.422934,5.967083,0.409049,0.399092,-0.406964,1.0,,,,,,,,,,,,,,0,none
122,65295,67.6357,69.9287,362,0,0,1,0,3.0735,1.868,collision,861.0,-0.052032,0.531658,-0.895391,0.844319,4.240529,1.448984,0.118928,5.98246,0.378625,0.390103,-0.525699,1.0,,,,,,,,,,,,,,0,none
123,66149,182.2704,80.8499,854,0,0,1,0,2.1157,2.094,collision,872.4,0.000847,0.406338,-0.858796,0.84628,4.589129,1.21742,0.429668,5.987404,0.435203,0.4245,-0.885855,1.007291,,,,,,,,,,,,,,0,none
124,67018,182.8802,91.887,869,0,0,1,0,2.134,2.103,collision,885.1,-0.027912,0.407816,-0.849569,0.860875,4.619174,1.166679,0.611793,5.974074,0.435208,0.425101,-0.914912,1.006319,-0.002189,0.006336,1.676582,0.004634,0.059487,0.2154,0.024295,0.0,0.0001,,,,,0,none
125,67394,72.3516,92.3139,376,0,0,1,0,3.0858,1.991,collision,890.0,-0.038447,0.459916,-0.879406,0.83519,4.272463,1.420015,0.085832,5.96337,0.400599,0.396211,-0.502262,1.0,,,,,,,,,,,,,,0,none
126,69325,-71.9836,79.0683,1931,0,0,1,0,1.4044,2.096,collision,916.1,-0.018846,0.408714,-0.87243,0.845507,4.59773,1.195305,0.366587,5.972436,0.378195,0.429045,-0.999999,1.0,,,,,,,,,,,,,,0,none
127,69706,73.5634,79.8499,381,0,0,1,0,3.0978,1.91,collision,921.0,-0.197447,0.488448,-0.880966,0.795014,4.2634,1.297377,0.400333,5.987651,0.391375,0.393278,-0.459545,1.0,,,,,,,,,,,,,,0,none
128,70086,74.2902,80.3003,380,0,0,1,0,3.055,2.064,collision,927.0,-0.025442,0.4336,-0.880108,0.858539,4.721216,1.210483,0.426401,5.982071,0.410003,0.397186,-0.40162,1.000822,-0.017512,0.006012,1.675893,0.004622,0.075483,0.137795,0.013653,0.0,0.0001,,,,,0,none
129,70463,75.3849,80.5552,377,0,0,1,0,3.048,2.004,collision,932.1,-0.075823,0.454829,-0.876648,0.847098,4.53113,1.282093,0.214983,5.978482,0.408745,0.397733,-0.356709,1.0,,,,,,,,,,,,,,0,none
130,70849,78.5919,81.0958,386,0,0,1,0,3.0668,2.012,collision,937.3,-0.130582,0.447912,-0.882502,0.810821,4.421043,1.277663,0.392002,5.974126,0.412823,0.400323,-0.355745,1.002046,,,,,,,,,,,,,,0,none
131,71237,75.0627,81.0047,388,0,0,1,0,3.0591,2.097,collision,942.5,0.003999,0.420573,-0.85582,0.839255,4.653919,1.172385,0.733055,5.987215,0.416072,0.401028,-0.536209,1.010331,,,,,,,,,,,,,,0,none
132,71616,77.1284,81.954,379,0,0,1,0,3.0229,2.058,collision,948.5,-0.03038,0.425444,-0.876429,0.821875,4.560717,1.267197,0.469022,5.970606,0.412296,0.398505,-0.318023,1.0,-0.017784,0.008699,1.675199,0.00461,0.08182,0.26108,0.009746,0.0,0.0001,,,,,0,none
133,71998,71.8776,70.9147,382,0,0,1,0,3.0536,2.011,collision,953.6,-0.007163,0.455247,-0.885383,0.800053,4.45733,1.326278,0.118209,5.981006,0.397767,0.394965,-0.510805,1.0,,,,,,,,,,,,,,0,none
134,72385,78.4347,60.4702,387,0,0,1,0,3.0702,2.055,collision,959.0,-0.053006,0.43311,-0.851026,0.834697,4.526699,1.254983,0.797887,5.974055,0.412226,0.39672,-0.352703,1.008741,,,,,,,,,,,,,,0,none
135,72758,72.0971,60.4447,373,0,0,1,0,3.0393,1.916,collision,964.2,-0.153872,0.49596,-0.881149,0.821986,4.374093,1.40832,0.445241,5.956077,0.385256,0.392802,-0.366575,1.0,,,,,,,,,,,,,,0,none
136,73851,272.4482,94.8879,1093,0,0,1,0,1.4777,2.1,collision,979.2,-0.0264,0.410086,-0.87836,0.852269,4.625425,1.163539,0.585021,5.982692,0.428214,0.415008,-0.888849,1.008607,-0.054904,0.005989,1.674669,0.004598,0.068843,0.255984,0.044856,0.0,0.0001,,,,,0,none
137,74230,73.0431,94.8359,379,0,0,1,0,3.0239,2.025,collision,984.5,0.012703,0.456699,-0.866116,0.857741,4.585376,1.267737,0.51736,5.975163,0.399635,0.395289,-0.504251,1.0,,,,,,,,,,,,,,0,none
138,74608,70.2039,94.4272,378,0,0,1,0,3.0123,2.043,collision,989.7,0.028259,0.445624,-0.871304,0.831588,4.551657,1.277138,0.406411,5.969784,0.399213,0.39425,-0.527854,1.0,,,,,,,,,,,,,,0,none
139,74990,75.1589,94.4047,382,0,0,1,0,3.0519,2.006,collision,994.9,-0.036444,0.458664,-0.88157,0.85455,4.439995,1.283839,0.252843,5.96767,0.406993,0.397248,-0.445023,1.0,,,,,,,,,,,,,,0,none
140,76080,278.6798,114.4134,1090,0,0,1,0,1.4745,2.1,collision,1011.0,-0.017996,0.404735,-0.877412,0.854685,4.588882,1.201549,0.242171,5.987046,0.428744,0.414502,-0.830276,1.00729,-0.031307,0.005706,1.67481,0.004586,0.057791,0.312576,0.010891,0.0,0.0001,,,,,0,none
141,77223,280.8308,134.9903,1143,0,0,1,0,1.499,2.062,collision,1025.9,0.011437,0.422003,-0.828773,0.869222,4.446933,1.268243,0.123463,5.969623,0.423058,0.414994,-0.900991,1.009308,,,,,,,,,,,,,,0,none
142,77613,80.5576,135.3332,390,0,0,1,0,3.0494,2.056,collision,1031.0,-0.085866,0.411095,-0.88114,0.812316,4.383893,1.338349,0.401191,5.971125,0.423351,0.404257,-0.308079,1.00922,,,,,,,,,,,,,,0,none
143,79503,-74.5765,120.6878,1890,0,0,1,0,1.4714,2.108,collision,1055.8,-0.001886,0.40041,-0.87227,0.879593,4.604902,1.184948,0.26385,5.984975,0.378361,0.430198,-1.0,1.0,,,,,,,,,,,,,,0,none
144,81439,-73.0919,105.5351,1936,0,0,1,0,1.4515,2.11,collision,1084.1,0.026385,0.400091,-0.85405,0.849531,4.608197,1.182131,0.543757,5.984723,0.378366,0.429476,-1.0,1.0,-0.001794,0.005216,1.675649,0.004574,0.071416,0.285802,0.01669,0.0,0.0001,,,,,0,none
145,82307,173.1774,115.6431,868,0,0,1,0,2.1858,2.067,collision,1095.5,-0.060852,0.41419,-0.837919,0.826852,4.452762,1.310355,0.466432,5.971235,0.437641,0.428585,-0.941921,1.0,,,,,,,,,,,,,,0,none
146,84271,-97.8449,78.6138,1964,0,0,1,0,1.5413,2.095,collision,1121.6,0.031992,0.40772,-0.873963,0.86536,4.556081,1.216246,0.448554,5.990188,0.373164,0.430797,-1.0,1.0,,,,,,,,,,,,,,0,none
147,85144,188.6067,90.1702,873,0,0,1,0,2.11,2.075,collision,1133.5,-0.026997,0.40017,-0.840089,0.817438,4.390377,1.33067,0.366507,5.989277,0.436827,0.42365,-0.895251,1.012724,,,,,,,,,,,,,,0,none
148,87107,-86.0056,74.5492,1963,0,0,1,0,1.522,2.092,collision,1162.2,0.016294,0.412309,-0.861868,0.854551,4.56952,1.191798,0.325319,5.984774,0.378134,0.432642,-1.0,1.0,-0.000852,0.004167,1.676135,0.004562,0.060817,0.14899,0.012372,0.0,0.0001,,,,,0,none
149,87142,-42.0095,62.8324,35,0,0,1,0,3.8344,1.887,collision,1162.8,0.180908,0.323594,-0.557071,0.773075,3.437183,1.658574,0.540063,5.884728,0.202664,0.31755,-0.568016,1.0,,,,,,,,,,,,,,0,none
150,87530,74.9773,42.4621,388,0,0,1,0,3.0392,2.086,collision,1168.2,0.031721,0.413551,-0.80522,0.780307,4.59374,1.15963,0.449177,5.989084,0.41934,0.403933,-0.627029,1.003876,,,,,,,,,,,,,,0,none
151,89482,-81.3373,6.2453,1952,0,0,1,0,1.4665,2.11,collision,1194.7,0.012739,0.398474,-0.886082,0.84365,4.510806,1.228249,0.22071,5.982785,0.376601,0.43061,-1.0,1.0,,,,,,,,,,,,,,0,none
152,91516,-93.1044,-11.1209,2034,0,0,1,0,1.4095,2.054,collision,1225.3,0.008997,0.430461,-0.878696,0.851904,4.507368,1.254466,0.095491,5.98511,0.366387,0.425713,-1.0,1.0,0.047031,0.004548,1.675725,0.00455,0.066395,0.173913,0.016849,0.0,0.0001,,,,,0,none
153,91898,71.4422,3.481,382,0,0,1,0,3.1145,2.0,collision,1230.5,-0.020804,0.459607,-0.884961,0.808649,4.275022,1.346096,0.236269,5.947413,0.407335,0.398653,-0.477039,1.004521,,,,,,,,,,,,,,0,none
154,92286,72.2924,18.0194,388,0,0,1,0,3.1352,1.953,collision,1235.8,-0.043223,0.487554,-0.885523,0.802924,4.251798,1.44459,0.210139,5.994841,0.400079,0.397097,-0.49525,1.00532,,,,,,,,,,,,,,0,none
155,92672,76.6136,8.3631,386,0,0,1,0,3.0847,1.971,collision,1241.0,-0.126605,0.468948,-0.893631,0.831943,4.348993,1.263505,0.453605,5.962475,0.400485,0.394702,-0.447664,1.0,,,,,,,,,,,,,,0,none
156,93052,66.7611,24.8237,380,0,0,1,0,3.1165,1.938,collision,1246.6,0.00574,0.504316,-0.879124,0.832757,4.4137,1.319636,0.285431,5.972767,0.391816,0.394324,-0.612293,1.0,-0.014505,0.006496,1.675673,0.004538,0.062467,0.206988,0.031125,0.0,0.0001,,,,,0,none
157,95028,-51.9192,0.7711,1976,0,0,1,0,1.426,2.097,collision,1272.4,0.001355,0.403607,-0.845883,0.86488,4.532482,1.208312,0.377953,5.988805,0.377993,0.426166,-1.0,1.0,,,,,,,,,,,,,,0,none
158,96590,572.4582,66.6174,1562,1,1,0,0,0.2995,2.035,goal,1292.9,-0.05323,0.45008,-0.875576,0.883952,4.59683,1.226778,0.392767,5.990891,0.403398,0.406069,-0.917902,1.0,,,,,,,,,,,,,,0,none
159,97661,276.6076,98.4792,1071,0,0,1,0,1.434,2.037,collision,1307.2,0.009414,0.439936,-0.85962,0.862817,4.439634,1.265945,0.163966,5.982435,0.412668,0.404353,-0.88087,1.0,,,,,,,,,,,,,,0,none
160,99633,-71.8131,83.8001,1972,0,0,1,0,1.4221,2.11,collision,1335.0,0.025343,0.398226,-0.855137,0.852562,4.580535,1.190861,0.277271,5.991065,0.374984,0.427443,-1.0,1.0,0.000904,0.003422,1.675988,0.004526,0.057725,0.143506,0.013102,0.0,0.0001,,,,,0,none
161,101640,-68.7469,85.0592,2007,0,0,1,0,1.3794,2.087,collision,1361.0,-0.010751,0.408526,-0.864344,0.865361,4.554402,1.219958,0.258852,5.991795,0.376952,0.427574,-0.999999,1.0,,,,,,,,,,,,,,0,none
162,103596,-55.5653,88.8131,1956,0,0,1,0,1.4508,2.091,collision,1387.1,0.025699,0.408769,-0.876245,0.852711,4.560413,1.232504,0.341051,5.987742,0.376628,0.4261,-1.0,1.0,,,,,,,,,,,,,,0,none
163,103980,70.0423,88.6731,384,0,0,1,0,3.0764,2.049,collision,1392.0,0.009949,0.441879,-0.877872,0.826802,4.579516,1.146047,0.607851,5.968243,0.406506,0.398794,-0.625082,1.0,,,,,,,,,,,,,,0,none
164,104359,76.9927,89.1431,379,0,0,1,0,3.0502,1.989,collision,1398.9,-0.105579,0.454981,-0.882091,0.827766,4.417739,1.274911,0.686616,5.971533,0.409474,0.399609,-0.327588,1.0,0.003272,0.003806,1.676084,0.004514,0.060981,0.149076,0.015346,0.0,0.0001,,,,,0,none
165,106347,-82.3223,73.2495,1988,0,0,1,0,1.4244,2.085,collision,1424.4,0.017533,0.408973,-0.868019,0.855993,4.561341,1.225463,0.166235,5.990372,0.374544,0.428284,-1.0,1.0,,,,,,,,,,,,,,0,none
166,106383,-42.4985,62.3236,36,0,0,1,0,3.8301,2.046,collision,1425.0,0.128791,0.414874,-0.772431,0.763319,3.993227,1.305573,0.851135,5.543392,0.205471,0.320176,-0.619524,1.0,,,,,,,,,,,,,,0,none
167,106769,75.9671,75.1122,386,0,0,1,0,3.0866,1.979,collision,1430.2,-0.157346,0.450659,-0.879768,0.819532,4.277725,1.409543,0.29242,5.934752,0.401789,0.400471,-0.477263,1.001935,,,,,,,,,,,,,,0,none
168,108726,-70.4566,10.8207,1957,0,0,1,0,1.4218,2.104,collision,1457.1,0.026755,0.399156,-0.836851,0.86951,4.5835,1.199797,0.363408,5.979815,0.375045,0.427403,-1.0,1.0,0.013925,0.004154,1.676072,0.004502,0.059529,0.179397,0.011815,0.0,0.0001,,,,,0,none
169,109111,76.9433,-9.1457,385,0,0,1,0,3.0996,1.965,collision,1462.2,-0.143347,0.45678,-0.883242,0.805055,4.398817,1.360297,0.158098,5.970832,0.402002,0.395198,-0.403862,1.003645,,,,,,,,,,,,,,0,none
170,110216,264.9183,24.5274,1105,0,0,1,0,1.4909,2.076,collision,1477.0,-0.025548,0.422701,-0.848496,0.87811,4.579643,1.210593,0.121562,5.986701,0.432751,0.418371,-0.960221,1.0,,,,,,,,,,,,,,0,none
171,110594,73.0201,38.7041,378,0,0,1,0,3.1068,1.986,collision,1482.0,-0.095066,0.45433,-0.874698,0.804404,4.373418,1.392177,0.256286,5.981999,0.400208,0.395478,-0.458179,1.001026,,,,,,,,,,,,,,0,none
172,110969,68.4809,51.1087,375,0,0,1,0,3.1286,1.904,collision,1488.1,-0.078112,0.503467,-0.888835,0.80915,4.284416,1.435983,0.260961,5.973693,0.386076,0.391985,-0.52869,1.0,0.028377,0.008272,1.676086,0.00449,0.059579,0.34684,0.021127,0.0,0.0001,,,,,0,none
173,112917,-72.9337,36.8111,1948,0,0,1,0,1.4188,2.107,collision,1513.8,0.004969,0.407784,-0.855964,0.87864,4.692223,1.145981,0.334108,5.992157,0.375859,0.42838,-1.0,1.0,,,,,,,,,,,,,,0,none
174,114875,-63.6013,22.7517,1958,0,0,1,0,1.416,2.093,collision,1539.8,0.004111,0.40405,-0.842277,0.856229,4.62296,1.199001,0.088248,5.98969,0.376107,0.42789,-1.0,1.0,,,,,,,,,,,,,,0,none
175,115972,274.657,58.4497,1097,0,0,1,0,1.4838,2.091,collision,1553.7,-0.035557,0.405938,-0.830026,0.8423,4.580208,1.232079,0.216954,5.988129,0.436622,0.415897,-0.872064,1.011421,,,,,,,,,,,,,,0,none
176,116358,66.7843,69.3779,386,0,0,1,0,3.0773,2.031,collision,1561.7,0.061586,0.449728,-0.856249,0.828416,4.618391,1.223358,0.763637,5.977916,0.403314,0.398682,-0.693757,1.0,-0.005042,0.003602,1.676554,0.004478,0.05469,0.177127,0.009678,0.0,0.0001,,,,,0,none
177,116739,77.4477,69.526,381,0,0,1,0,3.0346,2.087,collision,1566.3,0.011125,0.415075,-0.828569,0.770545,4.621123,1.199983,0.704144,5.993749,0.421568,0.403585,-0.43777,1.004378,,,,,,,,,,,,,,0,none
178,118706,-85.1103,68.0606,1967,0,0,1,0,1.4089,2.103,collision,1591.8,0.022538,0.407882,-0.858912,0.877017,4.699244,1.151194,0.173461,5.99494,0.374324,0.428811,-1.0,1.0,,,,,,,,,,,,,,0,none
179,119085,70.1626,67.3825,379,0,0,1,0,3.1496,1.856,collision,1596.9,-0.150915,0.525339,-0.881292,0.821731,4.139012,1.45561,0.203565,5.955998,0.369645,0.387599,-0.464938,1.0,,,,,,,,,,,,,,0,none
180,121025,-51.131,35.7776,1940,0,0,1,0,1.4214,2.11,collision,1624.2,0.015386,0.402034,-0.850468,0.868117,4.682849,1.157566,0.157123,5.992923,0.378583,0.427494,-0.999999,1.0,-0.000541,0.00348,1.676852,0.004466,0.054171,0.185735,0.018465,0.0,0.0001,,,,,0,none
181,121181,-37.1627,24.7593,156,0,0,1,0,3.7976,1.904,collision,1626.4,-0.066448,0.491804,-0.824638,0.834911,4.02859,1.39022,0.452627,5.918945,0.388422,0.451608,-0.907991,1.0,,,,,,,,,,,,,,0,none
182,121564,66.3112,24.5424,383,0,0,1,0,3.0611,1.983,collision,1631.6,0.044961,0.484441,-0.887748,0.825735,4.665713,1.171191,0.302638,5.988326,0.398074,0.396164,-0.697984,1.0,,,,,,,,,,,,,,0,none
183,123489,-43.9666,27.4391,1925,0,0,1,0,1.3905,2.121,collision,1657.6,0.023876,0.399,-0.886459,0.849049,4.711147,1.122007,0.216652,5.98722,0.378839,0.426568,-1.0,1.001201,,,,,,,,,,,,,,0,none
184,123531,-39.9766,29.8016,42,0,0,1,0,3.8334,2.103,collision,1659.0,0.018788,0.354269,-0.541937,0.746662,4.007134,1.355958,0.611214,5.910819,0.216447,0.318085,-0.565155,1.0,0.001344,0.007004,1.676972,0.004454,0.064905,0.301982,0.018224,0.0,0.0001,,,,,0,none
185,123910,72.896,9.6255,379,0,0,1,0,3.0919,1.99,collision,1664.0,-0.041969,0.474641,-0.878756,0.805102,4.550403,1.301283,0.323638,5.976981,0.400027,0.395206,-0.477318,1.0,,,,,,,,,,,,,,0,none
186,125378,286.4876,31.5958,1468,0,0,1,0,1.1451,2.034,collision,1682.9,-0.013022,0.447823,-0.858812,0.884648,4.599131,1.21551,0.361866,5.970566,0.395691,0.409798,-0.933476,1.0,,,,,,,,,,,,,,0,none
187,126489,260.2411,49.8751,1111,0,0,1,0,1.5059,2.101,collision,1696.8,-0.024156,0.411343,-0.843498,0.88244,4.6793,1.182629,0.329931,5.983984,0.434024,0.420242,-0.954722,1.0,,,,,,,,,,,,,,0,none
188,128434,-50.2475,53.3614,1945,0,0,1,0,1.4311,2.099,collision,1725.0,0.002447,0.410897,-0.879602,0.850946,4.707812,1.156388,0.450325,5.989975,0.375517,0.425707,-1.0,1.0,-0.00616,0.003095,1.676975,0.004442,0.045945,0.183971,0.012787,0.0,0.0001,,,,,0,none
189,129543,250.6448,71.4096,1109,0,0,1,0,1.4878,2.074,collision,1739.6,-0.027051,0.430152,-0.84496,0.872215,4.66077,1.158873,0.491679,5.97694,0.429865,0.420503,-0.979305,1.0,,,,,,,,,,,,,,0,none
190,129922,68.3415,83.3569,379,0,0,1,0,3.0844,2.0,collision,1744.7,0.023106,0.470018,-0.884571,0.849551,4.554599,1.220777,0.17209,5.968513,0.395937,0.395374,-0.542622,1.0,,,,,,,,,,,,,,0,none
191,131879,-67.4388,80.3293,1957,0,0,1,0,1.399,2.109,collision,1770.2,0.007598,0.403857,-0.85049,0.869386,4.660406,1.152298,0.335667,5.982617,0.376083,0.428336,-1.0,1.0,,,,,,,,,,,,,,0,none
192,132253,71.0394,80.8021,374,0,0,1,0,3.1093,1.983,collision,1777.5,-0.065089,0.468074,-0.881447,0.855636,4.440113,1.310102,0.340867,5.971398,0.399824,0.39663,-0.463212,1.0,-0.005082,0.00394,1.677217,0.00443,0.049619,0.171085,0.01587,0.0,0.0001,,,,,0,none
193,132639,76.2166,92.8204,386,0,0,1,0,3.09,1.955,collision,1782.6,-0.155612,0.479314,-0.889248,0.800031,4.369732,1.265787,0.26513,5.955345,0.39615,0.393092,-0.470347,1.0,,,,,,,,,,,,,,0,none
194,134581,-65.3904,90.279,1942,0,0,1,0,1.4003,2.108,collision,1808.0,0.027748,0.406218,-0.854485,0.868793,4.66355,1.163369,0.182863,5.986036,0.375958,0.42748,-1.0,1.0,,,,,,,,,,,,,,0,none
195,134956,71.3712,90.1266,375,0,0,1,0,3.1106,1.948,collision,1812.7,-0.141415,0.484001,-0.894999,0.784987,4.400102,1.302264,0.224013,5.990992,0.390416,0.393059,-0.480806,1.0,,,,,,,,,,,,,,0,none
196,136869,-32.7519,58.2026,1913,0,0,1,0,1.3975,2.109,collision,1840.0,0.013741,0.40529,-0.884246,0.87383,4.616973,1.168031,0.403245,5.990605,0.377798,0.425736,-1.0,1.00189,-0.030635,0.00318,1.677233,0.004418,0.050866,0.170103,0.012458,0.0,0.0001,,,,,0,none
197,137241,70.2406,39.2026,372,0,0,1,0,3.1031,1.879,collision,1845.3,-0.17451,0.510665,-0.884013,0.825878,4.172339,1.390643,0.229438,5.991468,0.384629,0.392405,-0.456064,1.0,,,,,,,,,,,,,,0,none
198,138338,277.7403,72.0013,1097,0,0,1,0,1.4885,2.092,collision,1860.0,0.021269,0.4088,-0.837443,0.873583,4.599221,1.200871,0.277895,5.988158,0.431316,0.415241,-0.891236,1.003091,,,,,,,,,,,,,,0,none
199,139475,282.7872,75.2156,1137,0,0,1,0,1.4378,2.057,collision,1874.7,0.005189,0.426067,-0.848324,0.881845,4.54152,1.246774,0.389291,5.978922,0.422034,0.414917,-0.882329,1.0,,,,,,,,,,,,,,0,none
200,139530,-37.9146,64.59,55,0,0,1,0,3.8256,2.103,collision,1876.4,0.056932,0.350915,-0.751004,0.774636,3.730206,1.334888,0.954794,5.7751,0.226251,0.321963,-0.62206,1.0,-0.015491,0.005672,1.677437,0.004406,0.049383,0.234456,0.021884,0.0,0.0001,,,,,0,none
201,139913,70.0256,78.3364,383,0,0,1,0,3.0553,2.094,collision,1881.5,0.067721,0.411629,-0.873265,0.800345,4.741145,1.151542,0.174798,5.991635,0.416639,0.402694,-0.652744,1.001462,,,,,,,,,,,,,,0,none
202,141856,-43.28,66.9045,1943,0,0,1,0,1.394,2.086,collision,1906.6,0.006357,0.420569,-0.869852,0.860793,4.609546,1.190155,0.36917,5.992666,0.371966,0.423505,-1.0,1.0,,,,,,,,,,,,,,0,none
203,143788,-59.7988,53.3029,1932,0,0,1,0,1.4057,2.1,collision,1932.4,0.031154,0.40601,-0.839955,0.838061,4.685511,1.155149,0.307997,5.991728,0.377282,0.427782,-1.0,1.0,,,,,,,,,,,,,,0,none
204,143834,-38.9003,55.9519,46,0,0,1,0,3.8349,2.039,collision,1935.1,0.011618,0.378409,-0.634499,0.761807,3.796784,1.471908,0.268542,5.964467,0.218954,0.31807,-0.563311,1.0,0.003338,0.003961,1.67754,0.004394,0.052556,0.253157,0.017193,0.0,0.0001,,,,,0,none
205,143855,-44.6368,44.3511,21,0,0,1,0,3.8393,2.135,collision,1935.5,-0.133184,0.348036,-0.768223,0.459241,3.947207,1.104352,1.603168,5.64502,0.208261,0.315514,-0.465037,1.0,,,,,,,,,,,,,,0,none
206,143922,-33.9519,44.2311,67,0,0,1,0,3.832,2.113,collision,1936.4,0.209981,0.322063,-0.431435,0.835038,4.104731,1.190581,0.842926,5.836363,0.222764,0.318961,-0.611677,1.0,,,,,,,,,,,,,,0,none
207,145872,-54.0672,31.8004,1950,0,0,1,0,1.4304,2.101,collision,1962.7,0.00641,0.406738,-0.883887,0.869501,4.606159,1.168262,0.313387,5.98462,0.374127,0.425093,-1.0,1.0,,,,,,,,,,,,,,0,none
208,147828,-49.6938,-0.9431,1956,0,0,1,0,1.3877,2.101,collision,1989.9,0.003715,0.408986,-0.875834,0.876122,4.633119,1.141502,0.510977,5.979486,0.375732,0.426026,-0.999998,1.0,0.005182,0.003111,1.677102,0.004382,0.044492,0.179182,0.006417,0.0,0.0001,,,,,0,none
209,149789,-53.761,-34.5979,1961,0,0,1,0,1.377,2.097,collision,2015.7,0.001692,0.408673,-0.860651,0.866596,4.58814,1.197219,0.176814,5.983048,0.374191,0.424617,-0.999997,1.0,,,,,,,,,,,,,,0,none
210,150175,70.3299,-23.7734,386,0,0,1,0,3.0772,2.047,collision,2020.9,0.037773,0.441551,-0.871037,0.815651,4.646744,1.178273,0.637806,5.978585,0.408243,0.399565,-0.666326,1.000862,,,,,,,,,,,,,,0,none
211,151300,263.543,-4.4217,1125,0,0,1,0,1.5054,2.063,collision,2035.4,-0.026081,0.423093,-0.864876,0.869804,4.485926,1.243734,0.123636,5.982697,0.428948,0.4187,-0.947487,1.0,,,,,,,,,,,,,,0,none
212,153268,-51.2049,-5.2142,1968,0,0,1,0,1.41,2.07,collision,2063.5,-0.0042,0.425514,-0.874431,0.877741,4.566755,1.234248,0.155518,5.98636,0.372158,0.423604,-1.0,1.0,-0.007495,0.002799,1.677352,0.00437,0.041457,0.116416,0.010659,0.0,0.0001,,,,,0,none
213,153653,69.263,7.692,385,0,0,1,0,3.1383,1.937,collision,2068.4,-0.02065,0.50957,-0.890194,0.817898,4.377432,1.289574,0.165858,5.99013,0.393484,0.395928,-0.59585,1.000225,,,,,,,,,,,,,,0,none
214,155605,-52.747,6.3073,1952,0,0,1,0,1.4063,2.104,collision,2093.6,0.015457,0.39999,-0.848031,0.86032,4.60386,1.17498,0.364016,5.989855,0.376011,0.42595,-1.0,1.0,,,,,,,,,,,,,,0,none
215,156708,277.4899,38.52,1103,0,0,1,0,1.4943,2.086,collision,2108.3,-0.020278,0.410776,-0.887633,0.863183,4.566503,1.241321,0.37172,5.989998,0.433841,0.416681,-0.851311,1.007234,,,,,,,,,,,,,,0,none
216,158647,-53.8462,36.5306,1939,0,0,1,0,1.3948,2.099,collision,2136.9,0.010187,0.40642,-0.880528,0.844235,4.62335,1.185725,0.253524,5.99095,0.375901,0.42616,-1.0,1.0,-0.004157,0.002685,1.678445,0.004358,0.041328,0.161732,0.009604,0.0,0.0001,,,,,0,none
217,159812,276.0655,69.5438,1165,0,0,1,0,1.517,2.061,collision,2151.8,0.019464,0.425593,-0.87138,0.873573,4.540456,1.222854,0.203456,5.979727,0.42173,0.416018,-0.911444,1.007769,,,,,,,,,,,,,,0,none
218,161754,-52.2717,69.2861,1942,0,0,1,0,1.3935,2.08,collision,2177.5,0.017522,0.415014,-0.869858,0.876113,4.543545,1.243569,0.243331,5.982042,0.374555,0.425399,-1.0,1.0,,,,,,,,,,,,,,0,none
219,162148,78.3162,82.4938,394,0,0,1,0,3.1222,1.945,collision,2182.7,-0.182326,0.457421,-0.884199,0.804694,4.281298,1.386842,0.573686,5.962737,0.39969,0.39437,-0.476738,1.009617,,,,,,,,,,,,,,0,none
220,162534,73.2288,82.7837,386,0,0,1,0,3.1235,1.858,collision,2189.1,-0.204122,0.501001,-0.878566,0.813396,4.238918,1.395533,0.497438,5.966309,0.38556,0.391599,-0.533383,1.0,-0.004905,0.003422,1.678438,0.004346,0.042725,0.173911,0.006553,0.0,0.0001,,,,,0,none
221,164518,-54.5665,50.9727,1984,0,0,1,0,1.3803,2.083,collision,2214.6,0.007474,0.409795,-0.836346,0.860205,4.488946,1.25659,0.220953,5.982404,0.374856,0.424523,-0.999994,1.0,,,,,,,,,,,,,,0,none
222,166520,-69.4231,49.1509,2002,0,0,1,0,1.3782,2.068,collision,2240.7,0.015918,0.41525,-0.879981,0.847549,4.513226,1.241649,0.31283,5.993152,0.373265,0.424771,-1.0,1.0,,,,,,,,,,,,,,0,none
223,166903,76.3033,49.8549,383,0,0,1,0,3.0873,2.052,collision,2245.6,-0.076163,0.424739,-0.878623,0.833321,4.504107,1.257872,0.365932,5.978739,0.408231,0.397439,-0.391226,1.00959,,,,,,,,,,,,,,0,none
224,168887,-56.1461,49.515,1984,0,0,1,0,1.3694,2.094,collision,2272.7,0.016447,0.405446,-0.844741,0.869771,4.529387,1.222217,0.210238,5.992433,0.374059,0.424087,-0.999994,1.0,-0.021548,0.002017,1.678318,0.004334,0.037066,0.265635,0.009384,0.0,0.0001,,,,,0,none
225,170260,279.7389,49.7399,1373,0,0,1,0,1.1716,2.045,collision,2290.4,-0.064768,0.424628,-0.871629,0.866318,4.34795,1.284474,0.131053,5.949363,0.405776,0.405913,-0.958318,1.0,,,,,,,,,,,,,,0,none
226,171339,272.0544,82.33,1079,0,0,1,0,1.4322,2.038,collision,2304.4,0.02969,0.442403,-0.839916,0.865417,4.560225,1.213249,0.476929,5.983226,0.416507,0.406617,-0.937373,1.0,,,,,,,,,,,,,,0,none
227,173319,-61.4628,48.5771,1980,0,0,1,0,1.3588,2.078,collision,2330.3,0.016385,0.410729,-0.867494,0.864473,4.562815,1.248723,0.427789,5.985418,0.375897,0.426426,-1.0,1.0,,,,,,,,,,,,,,0,none
228,175275,-48.9369,48.9106,1956,0,0,1,0,1.3832,2.093,collision,2358.6,0.031549,0.401488,-0.857405,0.858001,4.54593,1.221623,0.199795,5.979566,0.375634,0.425098,-0.999999,1.0,0.000429,0.002821,1.677639,0.004322,0.039343,0.277295,0.009947,0.0,0.0001,,,,,0,none
229,176357,276.4196,68.721,1082,0,0,1,0,1.4346,2.061,collision,2372.1,0.019422,0.425272,-0.860414,0.8638,4.560694,1.204,0.410716,5.98579,0.419397,0.405,-0.890109,1.0,,,,,,,,,,,,,,0,none
230,176747,75.59,68.9571,390,0,0,1,0,3.1009,2.016,collision,2377.0,0.001586,0.452613,-0.835107,0.844936,4.54445,1.281148,0.647974,5.98186,0.415362,0.401238,-0.606504,1.01207,,,,,,,,,,,,,,0,none
231,177238,88.5304,83.2668,491,0,0,1,0,3.0798,1.834,collision,2383.2,-0.262287,0.490405,-0.886136,0.821932,4.215012,1.366094,0.388361,5.981293,0.355389,0.388356,-0.921482,1.00156,,,,,,,,,,,,,,0,none
232,177622,73.2189,97.531,384,0,0,1,0,3.1206,1.93,collision,2389.0,-0.089678,0.498016,-0.887449,0.823313,4.345568,1.317968,0.296703,5.958867,0.39837,0.395966,-0.498102,1.0,0.006763,0.006181,1.677047,0.00431,0.056534,0.304679,0.015105,0.0,0.0001,,,,,0,none
233,178024,78.9383,97.7945,402,0,0,1,0,3.1335,1.853,collision,2394.2,-0.209601,0.500108,-0.88748,0.782784,4.151427,1.377294,0.216364,5.976316,0.391697,0.395546,-0.56634,1.0,,,,,,,,,,,,,,0,none
234,179099,280.9534,131.5044,1075,0,0,1,0,1.4301,2.057,collision,2408.3,-0.007094,0.433258,-0.884615,0.856996,4.454527,1.223801,0.366249,5.967004,0.416787,0.403443,-0.851676,1.0,,,,,,,,,,,,,,0,none
235,179480,72.2853,110.7591,381,0,0,1,0,3.1297,1.873,collision,2413.4,-0.103182,0.523132,-0.889062,0.823267,4.268847,1.40801,0.182887,5.966314,0.388213,0.391571,-0.502352,1.0,,,,,,,,,,,,,,0,none
236,181418,-34.9499,80.0586,1938,0,0,1,0,1.3712,2.079,collision,2439.8,0.003277,0.415008,-0.88498,0.846552,4.473024,1.251388,0.185767,5.991513,0.371575,0.421239,-1.0,1.0,-0.002251,0.004756,1.676747,0.004298,0.04856,0.130278,0.011478,0.0,0.0001,,,,,0,none
237,182492,282.6111,114.466,1074,0,0,1,0,1.4442,2.06,collision,2453.7,0.030551,0.424753,-0.843128,0.864957,4.584337,1.19828,0.236128,5.988957,0.412695,0.401729,-0.827516,1.0,,,,,,,,,,,,,,0,none
238,183570,274.3804,146.7977,1078,0,0,1,0,1.453,2.03,collision,2468.1,0.041264,0.449869,-0.872855,0.871737,4.531258,1.211128,0.335683,5.979427,0.413844,0.405678,-0.912861,1.0,,,,,,,,,,,,,,0,none
239,183960,74.1996,126.5757,390,0,0,1,0,3.1254,1.86,collision,2473.4,-0.214476,0.496025,-0.891567,0.86021,4.28506,1.412255,0.288174,5.975041,0.382747,0.391171,-0.555957,1.0,,,,,,,,,,,,,,0,none
240,184329,63.7988,125.3966,369,0,0,1,0,3.132,1.969,collision,2479.9,-0.009224,0.497783,-0.887827,0.838615,4.395786,1.245972,0.239334,5.983494,0.381298,0.392889,-0.613122,1.0,0.002013,0.006952,1.677069,0.004286,0.055346,0.183814,0.008638,0.0,0.0001,,,,,0,none
241,185897,592.8604,175.8296,1568,1,1,0,0,0.2974,1.995,goal,2500.5,-0.064734,0.470306,-0.882629,0.871463,4.567434,1.255799,0.307349,5.986523,0.400032,0.401788,-0.883314,1.0,,,,,,,,,,,,,,0,none
242,186971,275.4136,196.0491,1074,0,0,1,0,1.4508,2.03,collision,2515.0,0.014011,0.44769,-0.869596,0.867015,4.57316,1.228465,0.18299,5.975569,0.411616,0.403718,-0.898061,1.0,,,,,,,,,,,,,,0,none
243,188963,-58.5823,182.297,1992,0,0,1,0,1.3693,2.057,collision,2541.4,-0.024153,0.426263,-0.888867,0.870849,4.47674,1.25954,0.268057,5.983889,0.368841,0.422065,-1.0,1.0,,,,,,,,,,,,,,0,none
244,190035,277.3053,181.9322,1072,0,0,1,0,1.4169,2.045,collision,2557.2,0.018065,0.435072,-0.849066,0.853004,4.552197,1.218369,0.302174,5.988299,0.41906,0.406062,-0.882233,1.0,-3.8e-05,0.003643,1.677921,0.004274,0.045111,0.147199,0.012811,0.0,0.0001,,,,,0,none
245,192016,-55.623,169.1414,1981,0,0,1,0,1.3572,2.097,collision,2583.7,0.000146,0.402747,-0.854129,0.851058,4.592682,1.211804,0.511291,5.981555,0.373817,0.424685,-1.0,1.0,,,,,,,,,,,,,,0,none
246,192393,59.4582,178.5822,377,0,0,1,0,3.1288,1.884,collision,2588.7,0.012019,0.531421,-0.89043,0.825995,4.31708,1.396313,0.142336,5.970385,0.383177,0.393918,-0.701128,1.0,,,,,,,,,,,,,,0,none
247,192784,73.6677,157.6879,391,0,0,1,0,3.0747,2.065,collision,2593.9,0.021846,0.425037,-0.83559,0.866322,4.609309,1.225394,0.373878,5.974713,0.420242,0.404335,-0.657423,1.00922,,,,,,,,,,,,,,0,none
248,193178,74.2152,137.6713,394,0,0,1,0,3.1327,1.973,collision,2601.1,-0.037546,0.488934,-0.889624,0.840251,4.479961,1.258127,0.157425,5.979456,0.406059,0.399578,-0.564005,1.011346,0.001308,0.004372,1.678611,0.004262,0.048656,0.237768,0.03632,0.0,0.0001,,,,,0,none
249,194248,284.3294,158.6843,1070,0,0,1,0,1.4553,2.047,collision,2615.1,0.054684,0.433948,-0.829699,0.875886,4.606758,1.182779,0.350568,5.979578,0.407834,0.401907,-0.81174,1.0,,,,,,,,,,,,,,0,none
250,196240,-60.5542,146.249,1992,0,0,1,0,1.3282,2.095,collision,2640.9,0.009737,0.408775,-0.845963,0.837815,4.642332,1.192458,0.364625,5.989361,0.369114,0.420997,-1.0,1.0,,,,,,,,,,,,,,0,none
251,198265,-82.6898,78.694,2025,0,0,1,0,1.3511,2.068,collision,2667.5,0.016598,0.421263,-0.856991,0.874432,4.550172,1.218644,0.206643,5.991973,0.369971,0.424105,-1.0,1.0,,,,,,,,,,,,,,0,none
252,198643,70.6017,58.2128,378,0,0,1,0,3.131,1.912,collision,2674.1,-0.132288,0.511275,-0.886831,0.82806,4.307125,1.296013,0.642355,5.96921,0.389767,0.394117,-0.481219,1.0,-0.006684,0.002441,1.67963,0.00425,0.038942,0.227841,0.017753,0.0,0.0001,,,,,0,none
253,199029,66.306,70.7016,386,0,0,1,0,3.0972,1.988,collision,2679.2,0.0348,0.475051,-0.865728,0.831784,4.563557,1.215808,0.673424,5.980932,0.4016,0.397375,-0.675755,1.0,,,,,,,,,,,,,,0,none
254,200385,305.4957,73.5207,1356,0,0,1,0,1.1274,2.091,collision,2696.5,-0.033875,0.396411,-0.872897,0.84865,4.415687,1.28022,0.288938,5.982042,0.407004,0.402519,-0.864067,1.0,,,,,,,,,,,,,,0,none
255,200774,75.7436,86.6574,389,0,0,1,0,3.1334,1.963,collision,2701.4,-0.102307,0.4807,-0.891952,0.856604,4.508762,1.253832,0.519722,5.969009,0.40145,0.396703,-0.443025,1.009721,,,,,,,,,,,,,,0,none
256,201850,277.2486,108.4364,1076,0,0,1,0,1.4256,2.043,collision,2717.0,0.048569,0.430968,-0.873248,0.847929,4.549643,1.260278,0.350623,5.997324,0.415823,0.403539,-0.900327,1.0,0.015273,0.005195,1.679939,0.004238,0.042182,0.129697,0.017867,0.0,0.0001,,,,,0,none
257,202921,286.8884,129.7585,1071,0,0,1,0,1.4072,2.036,collision,2730.5,0.004197,0.443378,-0.881455,0.859563,4.521947,1.245188,0.415955,5.989387,0.416229,0.40258,-0.820969,1.0,,,,,,,,,,,,,,0,none
258,203994,287.6764,151.1046,1073,0,0,1,0,1.408,2.047,collision,2744.0,-0.013282,0.43582,-0.886479,0.840979,4.517889,1.240919,0.333751,5.978936,0.410701,0.398972,-0.820033,1.0,,,,,,,,,,,,,,0,none
259,204383,76.7327,130.3449,389,0,0,1,0,3.1206,1.94,collision,2749.0,-0.178837,0.473283,-0.869828,0.880007,4.427892,1.240821,0.358415,5.971121,0.398436,0.395772,-0.432498,1.004094,,,,,,,,,,,,,,0,none
260,204763,71.0752,143.5079,380,0,0,1,0,3.1408,1.882,collision,2755.6,-0.140106,0.522182,-0.883761,0.843998,4.306311,1.440109,0.266681,5.965996,0.385219,0.392262,-0.513638,1.0,-0.003741,0.006941,1.680066,0.004226,0.058172,0.15787,0.013092,0.0,0.0001,,,,,0,none
261,205835,277.7391,179.5507,1072,0,0,1,0,1.4058,2.042,collision,2769.3,-0.015013,0.436345,-0.86398,0.873076,4.506388,1.251865,0.451077,5.971487,0.416249,0.405649,-0.88434,1.0,,,,,,,,,,,,,,0,none
262,206902,281.5166,200.6422,1067,0,0,1,0,1.425,2.032,collision,2783.3,0.005553,0.453864,-0.886,0.862863,4.513326,1.213655,0.412377,5.970089,0.407367,0.400386,-0.848964,1.0,,,,,,,,,,,,,,0,none
263,207970,283.5157,222.3632,1068,0,0,1,0,1.4192,2.041,collision,2796.8,-0.009457,0.439656,-0.880102,0.838324,4.481361,1.247672,0.05931,5.985817,0.412581,0.402374,-0.843084,1.0,,,,,,,,,,,,,,0,none
264,208354,76.004,199.414,384,0,0,1,0,3.0962,1.951,collision,2802.6,-0.145252,0.465941,-0.889096,0.809937,4.363636,1.361358,0.323842,5.975553,0.400344,0.39597,-0.401904,1.0,-0.010349,0.005933,1.680038,0.004214,0.052656,0.141066,0.017217,0.0,0.0001,,,,,0,none
265,209429,277.126,219.5523,1075,0,0,1,0,1.4074,2.054,collision,2816.4,0.006834,0.426466,-0.859747,0.866144,4.490859,1.257323,0.30548,5.982048,0.416027,0.404487,-0.906821,1.0,,,,,,,,,,,,,,0,none
266,209810,69.5647,198.7839,381,0,0,1,0,3.0585,2.039,collision,2821.1,0.045643,0.442793,-0.872801,0.849805,4.538802,1.177902,0.298543,5.983138,0.402774,0.397263,-0.599286,1.0,,,,,,,,,,,,,,0,none
267,210193,71.026,177.1977,383,0,0,1,0,3.1004,2.022,collision,2826.1,0.016541,0.451608,-0.875889,0.833902,4.558405,1.24526,0.570911,5.971007,0.409771,0.400568,-0.606118,1.004536,,,,,,,,,,,,,,0,none
268,210575,73.8583,155.8158,382,0,0,1,0,3.1069,1.909,collision,2832.1,-0.142303,0.489452,-0.875712,0.841032,4.20853,1.437903,0.437328,5.936297,0.395685,0.394277,-0.463882,1.0,0.026852,0.007047,1.680074,0.004202,0.056514,0.24746,0.027768,0.0,0.0001,,,,,0,none
269,210951,72.7584,155.4184,376,0,0,1,0,3.0957,1.902,collision,2836.6,-0.184258,0.482436,-0.88589,0.857641,4.221109,1.365617,0.545118,5.984172,0.388358,0.392101,-0.423229,1.0,,,,,,,,,,,,,,0,none
270,211341,75.3203,155.8429,390,0,0,1,0,3.1099,1.983,collision,2841.9,0.01155,0.457071,-0.879079,0.844326,4.426218,1.364083,0.258291,5.970357,0.418012,0.402943,-0.650397,1.011716,,,,,,,,,,,,,,0,none
271,211730,76.1645,135.6855,389,0,0,1,0,3.1127,1.914,collision,2847.1,-0.195165,0.476736,-0.884326,0.816585,4.364729,1.304772,0.186435,5.977802,0.395671,0.393581,-0.499096,1.0,,,,,,,,,,,,,,0,none
272,212110,72.254,114.7592,380,0,0,1,0,3.1123,1.941,collision,2852.7,-0.049037,0.473066,-0.87658,0.804839,4.276308,1.386149,0.406278,5.968727,0.404973,0.398279,-0.396025,1.0,-0.020885,0.008254,1.680004,0.00419,0.063325,0.405482,0.026794,0.0,0.0001,,,,,0,none
273,213185,282.2915,114.6368,1075,0,0,1,0,1.4556,2.015,collision,2866.3,0.008248,0.446087,-0.882029,0.865701,4.398366,1.32483,0.295315,5.979989,0.410697,0.402306,-0.850202,1.0,,,,,,,,,,,,,,0,none
274,214259,286.5971,135.6961,1074,0,0,1,0,1.3953,2.042,collision,2879.6,-0.002116,0.435435,-0.866339,0.879821,4.494633,1.251188,0.227296,5.977253,0.415661,0.401696,-0.846337,1.0,,,,,,,,,,,,,,0,none
275,215657,302.7501,138.2585,1398,0,0,1,0,1.1468,2.058,collision,2896.3,-0.04364,0.408367,-0.861429,0.839465,4.274127,1.297795,0.288954,5.963611,0.405385,0.402949,-0.899337,1.0,,,,,,,,,,,,,,0,none
276,216732,282.7039,159.5724,1075,0,0,1,0,1.4036,2.058,collision,2911.4,0.019734,0.421127,-0.840699,0.853552,4.463005,1.261531,0.243366,5.981914,0.415909,0.403185,-0.868685,1.0,0.01306,0.004156,1.679914,0.004178,0.039695,0.131797,0.013256,0.0,0.0001,,,,,0,none
277,216781,-38.2267,148.6471,49,0,0,1,0,3.836,2.079,collision,2912.1,0.01385,0.342647,-0.695857,0.560291,3.532153,1.336887,0.988172,5.880136,0.213319,0.317552,-0.543116,1.0,,,,,,,,,,,,,,0,none
278,217851,295.0996,170.7713,1070,0,0,1,0,1.4147,2.015,collision,2925.6,0.017311,0.444705,-0.876865,0.863524,4.394813,1.308736,0.137423,5.983493,0.406083,0.395311,-0.761771,1.0,,,,,,,,,,,,,,0,none
279,218930,286.1524,192.1107,1079,0,0,1,0,1.4277,2.053,collision,2938.7,0.016764,0.426101,-0.865431,0.856945,4.407208,1.285352,0.195183,5.978639,0.411372,0.398809,-0.848055,1.0,,,,,,,,,,,,,,0,none
280,219313,75.2144,192.1001,383,0,0,1,0,3.1132,1.982,collision,2944.2,-0.13373,0.451155,-0.867754,0.795742,4.373839,1.315628,0.213642,5.976942,0.394138,0.393725,-0.372147,1.004435,0.001246,0.006642,1.680182,0.004166,0.054135,0.166579,0.00958,0.0,0.0001,,,,,0,none
281,220389,276.8814,212.1718,1076,0,0,1,0,1.405,2.057,collision,2957.8,0.010763,0.432899,-0.845418,0.8597,4.479686,1.207675,0.098129,5.973551,0.414095,0.403112,-0.894667,1.0,,,,,,,,,,,,,,0,none
282,221454,286.4224,233.5886,1065,0,0,1,0,1.404,2.061,collision,2971.4,0.013264,0.425051,-0.854509,0.868857,4.422529,1.257968,0.084368,5.98888,0.408239,0.398191,-0.828691,1.0,,,,,,,,,,,,,,0,none
283,222534,285.1119,233.8706,1080,0,0,1,0,1.4554,2.038,collision,2985.2,0.057706,0.430658,-0.862347,0.867233,4.485399,1.261832,0.244998,5.979779,0.405078,0.399447,-0.823711,1.0,,,,,,,,,,,,,,0,none
284,223605,285.2338,233.7343,1071,0,0,1,0,1.3978,2.061,collision,3001.0,0.003796,0.430378,-0.876257,0.858052,4.406514,1.212534,0.188551,5.982282,0.412402,0.400384,-0.844748,1.0,0.055175,0.00364,1.680794,0.004154,0.040279,0.194174,0.017996,0.0,0.0001,,,,,0,none
285,224679,270.8072,230.54,1074,0,0,1,0,1.4107,2.057,collision,3014.6,0.029179,0.426591,-0.866937,0.839534,4.474638,1.245124,0.137793,5.97652,0.415643,0.405957,-0.912205,1.0,,,,,,,,,,,,,,0,none
286,225057,73.3887,209.6085,378,0,0,1,0,3.1201,1.974,collision,3019.6,-0.07185,0.473983,-0.889813,0.848794,4.21365,1.363635,0.305786,5.97133,0.397815,0.395376,-0.450039,1.004166,,,,,,,,,,,,,,0,none
287,226133,284.9109,241.9223,1076,0,0,1,0,1.454,2.023,collision,3033.1,0.051742,0.438849,-0.866809,0.885863,4.502533,1.269167,0.121964,5.980042,0.411234,0.402525,-0.81899,1.0,,,,,,,,,,,,,,0,none
288,227208,275.4344,239.9557,1075,0,0,1,0,1.4053,2.057,collision,3047.8,0.024141,0.424754,-0.848399,0.849288,4.492908,1.243685,0.268655,5.961613,0.41525,0.403833,-0.897425,1.0,0.004921,0.005399,1.680405,0.004142,0.049791,0.199249,0.014431,0.0,0.0001,,,,,0,none
289,228279,272.8812,238.6286,1071,0,0,1,0,1.4187,2.049,collision,3060.9,0.068406,0.428749,-0.873797,0.840705,4.609869,1.182905,0.44594,5.991255,0.417282,0.404705,-0.887593,1.0,,,,,,,,,,,,,,0,none
290,228665,75.829,238.6901,386,0,0,1,0,3.1228,1.988,collision,3065.9,-0.112428,0.466492,-0.862183,0.81659,4.415713,1.23774,0.343277,5.952789,0.400854,0.397074,-0.423629,1.008197,,,,,,,,,,,,,,0,none
291,230068,303.8258,241.3845,1403,0,0,1,0,1.1278,2.062,collision,3083.5,-0.044151,0.411246,-0.843895,0.818413,4.331701,1.294788,0.173438,5.970352,0.403993,0.40259,-0.886693,1.008095,,,,,,,,,,,,,,0,none
292,231136,286.7287,241.4151,1068,0,0,1,0,1.4062,2.093,collision,3098.9,0.027897,0.414397,-0.859172,0.848476,4.545427,1.184062,0.352014,5.986914,0.415606,0.401647,-0.790786,1.0,0.007244,0.003956,1.679952,0.00413,0.03776,0.142618,0.004438,0.0,0.0001,,,,,0,none
293,232210,288.2427,241.7282,1074,0,0,1,0,1.4178,2.018,collision,3112.6,-0.002213,0.454287,-0.88694,0.87366,4.476544,1.269644,0.381954,5.990147,0.410641,0.399154,-0.823707,1.0,,,,,,,,,,,,,,0,none
294,233288,280.2357,241.2284,1078,0,0,1,0,1.4063,2.06,collision,3126.2,0.040601,0.420731,-0.86189,0.870341,4.437875,1.260019,0.152316,5.972344,0.418219,0.404202,-0.870899,1.0,,,,,,,,,,,,,,0,none
295,234692,299.3713,244.0848,1404,0,0,1,0,1.1419,2.054,collision,3143.5,-0.051981,0.41506,-0.875508,0.855018,4.306428,1.301367,0.382213,5.993848,0.40791,0.404223,-0.934104,1.0,,,,,,,,,,,,,,0,none
296,235766,287.39,265.485,1074,0,0,1,0,1.4229,2.036,collision,3159.3,-0.010105,0.449254,-0.888641,0.854669,4.506649,1.246673,0.160363,5.972249,0.410086,0.399223,-0.791454,1.0,-0.014467,0.004117,1.679844,0.004118,0.038731,0.133584,0.010726,0.0,0.0001,,,,,0,none
297,236837,288.2453,265.8184,1071,0,0,1,0,1.4127,2.056,collision,3172.7,0.011886,0.425794,-0.876513,0.857057,4.53524,1.235473,0.360476,5.982393,0.416955,0.402158,-0.819006,1.0,,,,,,,,,,,,,,0,none
298,237922,274.4657,265.7215,1085,0,0,1,0,1.4068,2.05,collision,3186.7,0.028797,0.432762,-0.884723,0.868106,4.471988,1.240528,0.292457,5.983334,0.412649,0.402434,-0.881115,1.0,,,,,,,,,,,,,,0,none
299,238999,286.7311,267.1065,1077,0,0,1,0,1.4081,2.056,collision,3200.5,0.009639,0.426371,-0.870198,0.865826,4.434704,1.250099,0.34261,5.973884,0.415458,0.402166,-0.861268,1.0,,,,,,,,,,,,,,0,none
300,240427,309.247,290.4483,1428,0,0,1,0,1.129,2.055,collision,3219.8,-0.027489,0.414625,-0.852044,0.876099,4.365479,1.303743,0.149249,5.980637,0.404512,0.405137,-0.927622,1.00286,-0.003236,0.004326,1.680205,0.004106,0.043376,0.144097,0.012408,0.0,0.0001,,,,,0,none
301,241789,289.9145,289.0572,1362,0,0,1,0,1.1715,2.025,collision,3236.8,-0.022282,0.43986,-0.87307,0.873135,4.272807,1.290007,0.262735,5.966413,0.391891,0.397029,-0.870474,1.0,,,,,,,,,,,,,,0,none
302,242861,282.099,288.5942,1072,0,0,1,0,1.3885,2.035,collision,3250.7,-0.000142,0.437121,-0.866194,0.874101,4.497577,1.251525,0.298259,5.983026,0.41547,0.404472,-0.855268,1.0,,,,,,,,,,,,,,0,none
303,243260,79.3865,267.7086,399,0,0,1,0,3.1377,1.907,collision,3256.2,-0.200934,0.468185,-0.883053,0.860454,4.226006,1.369984,0.537614,5.976371,0.389316,0.391575,-0.489624,1.010153,,,,,,,,,,,,,,0,none
304,244339,279.8787,267.6729,1079,0,0,1,0,1.3832,2.087,collision,3271.7,0.055868,0.413342,-0.857779,0.838526,4.474687,1.204776,0.447854,5.977271,0.418404,0.403927,-0.860564,1.0,0.004085,0.004148,1.680776,0.004094,0.042528,0.172129,0.009798,0.0,0.0001,,,,,0,none
305,245418,283.3811,266.0739,1079,0,0,1,0,1.4303,2.06,collision,3285.4,0.047559,0.412699,-0.853494,0.876868,4.392241,1.265166,0.364083,5.987309,0.419961,0.40441,-0.829332,1.0,,,,,,,,,,,,,,0,none
306,246499,290.7196,266.4069,1081,0,0,1,0,1.4244,2.043,collision,3299.1,-0.021249,0.431334,-0.88181,0.851859,4.334723,1.325966,0.384408,5.981754,0.410226,0.39913,-0.763834,1.0,,,,,,,,,,,,,,0,none
307,247588,284.6143,266.0437,1089,0,0,1,0,1.4492,2.046,collision,3312.9,0.02434,0.422043,-0.861457,0.868375,4.35267,1.321153,0.37519,5.985481,0.418963,0.402013,-0.793103,1.0,,,,,,,,,,,,,,0,none
308,248671,279.522,266.5494,1083,0,0,1,0,1.4387,2.056,collision,3329.4,0.036143,0.418984,-0.849127,0.851676,4.396827,1.303173,0.240255,5.972528,0.420997,0.40419,-0.865349,1.0,-0.022156,0.005389,1.681191,0.004082,0.042777,0.226883,0.019415,0.0,0.0001,,,,,0,none
309,249750,287.794,266.6557,1079,0,0,1,0,1.4149,2.048,collision,3342.4,-0.016636,0.428727,-0.887787,0.817349,4.420609,1.265796,0.414298,5.990689,0.414524,0.399957,-0.820544,1.0,,,,,,,,,,,,,,0,none
310,251142,306.3715,266.3681,1392,0,0,1,0,1.1676,2.061,collision,3359.6,-0.045605,0.399302,-0.842854,0.837186,4.278272,1.355553,0.136008,5.979533,0.406845,0.402407,-0.844505,1.00999,,,,,,,,,,,,,,0,none
311,251526,67.7753,244.1542,384,0,0,1,0,3.1307,1.963,collision,3364.6,0.024883,0.482649,-0.877127,0.869513,4.485362,1.249249,0.587929,5.964977,0.400038,0.398656,-0.684253,1.001142,,,,,,,,,,,,,,0,none
312,251906,73.8515,223.3294,380,0,0,1,0,3.1256,1.976,collision,3371.0,-0.069624,0.467572,-0.889728,0.838838,4.276243,1.348689,0.399815,5.974063,0.396025,0.394239,-0.453101,1.005609,0.011448,0.003981,1.681252,0.00407,0.043099,0.189525,0.01472,0.0,0.0001,,,,,0,none
313,253263,289.5438,244.3452,1357,0,0,1,0,1.1494,2.06,collision,3387.9,-0.036875,0.417186,-0.840269,0.859219,4.253629,1.325752,0.347783,5.973156,0.403951,0.40318,-0.928148,1.0,,,,,,,,,,,,,,0,none
314,253646,71.9888,223.5562,383,0,0,1,0,3.1399,1.89,collision,3392.8,-0.175711,0.497043,-0.884577,0.790509,4.271275,1.350054,0.239141,5.991972,0.378571,0.388661,-0.473712,1.0,,,,,,,,,,,,,,0,none
315,254727,285.2626,223.7443,1081,0,0,1,0,1.4149,2.03,collision,3406.4,-0.011314,0.445198,-0.882342,0.856011,4.362146,1.290682,0.167344,5.969706,0.411625,0.401337,-0.775405,1.0,,,,,,,,,,,,,,0,none
316,255118,76.5818,202.3305,391,0,0,1,0,3.1411,1.946,collision,3413.0,-0.151437,0.473217,-0.874247,0.856967,4.316396,1.322506,0.297892,5.963904,0.385819,0.3904,-0.433703,1.009682,-0.005466,0.00436,1.680782,0.004058,0.042742,0.178584,0.012604,0.0,0.0001,,,,,0,none
317,255166,-38.4362,170.0255,48,0,0,1,0,3.836,2.074,collision,3413.7,0.051095,0.326219,-0.65777,0.666095,3.853326,1.554716,0.409417,5.764159,0.212871,0.317324,-0.539695,1.0,,,,,,,,,,,,,,0,none
318,256256,287.7522,170.8485,1090,0,0,1,0,1.4498,2.075,collision,3427.8,0.02979,0.411853,-0.856096,0.870556,4.433463,1.279001,0.385801,5.993158,0.422877,0.403298,-0.782539,1.00908,,,,,,,,,,,,,,0,none
319,257338,287.1039,170.7795,1082,0,0,1,0,1.4108,2.063,collision,3441.7,0.020101,0.42219,-0.857211,0.859891,4.421295,1.252565,0.239415,5.978428,0.419169,0.40229,-0.812066,1.0,,,,,,,,,,,,,,0,none
320,258428,274.0391,167.5463,1090,0,0,1,0,1.4272,2.031,collision,3457.2,0.022252,0.437339,-0.867036,0.863826,4.459378,1.27175,0.501861,5.979204,0.417873,0.405052,-0.874477,1.0,0.005307,0.005397,1.680231,0.004046,0.046225,0.191258,0.015174,0.0,0.0001,,,,,0,none
321,259772,289.376,189.7063,1344,0,0,1,0,1.1353,2.071,collision,3474.3,-0.04519,0.402346,-0.8582,0.876937,4.301846,1.34149,0.238397,5.980994,0.407386,0.404511,-0.927938,1.0,,,,,,,,,,,,,,0,none
322,260149,65.9431,188.9155,377,0,0,1,0,3.1306,1.938,collision,3479.1,0.002551,0.519114,-0.885123,0.863622,4.42708,1.26368,0.262784,5.987266,0.39194,0.396447,-0.644516,1.0,,,,,,,,,,,,,,0,none
323,260516,61.984,166.1595,367,0,0,1,0,3.1337,1.97,collision,3483.9,0.042214,0.487511,-0.889353,0.807259,4.417799,1.30116,0.548196,5.991003,0.387577,0.397618,-0.600448,1.0,,,,,,,,,,,,,,0,none
324,260899,73.0996,166.2706,383,0,0,1,0,3.1305,1.87,collision,3490.3,-0.152817,0.498274,-0.873583,0.841729,4.08322,1.472661,0.232971,5.971626,0.389665,0.392806,-0.452206,1.0,0.023497,0.003636,1.679855,0.004034,0.038191,0.207998,0.023214,0.0,0.0001,,,,,0,none
325,261270,68.7175,144.6161,371,0,0,1,0,3.1395,1.946,collision,3495.2,-0.058983,0.480275,-0.887248,0.822593,4.233359,1.411541,0.360631,5.972489,0.381349,0.389491,-0.49184,1.0,,,,,,,,,,,,,,0,none
326,261789,111.3256,148.0905,519,0,0,1,0,2.9054,1.855,collision,3501.7,-0.104781,0.539991,-0.882975,0.870213,4.195899,1.381676,0.255921,5.968442,0.358212,0.385224,-0.615949,1.002669,,,,,,,,,,,,,,0,none
327,262177,76.2781,159.5619,388,0,0,1,0,3.1285,1.934,collision,3506.7,-0.182023,0.458212,-0.884238,0.793272,4.157047,1.37849,0.383127,5.971522,0.392563,0.391755,-0.464987,1.007163,,,,,,,,,,,,,,0,none
328,263254,284.7158,159.2583,1077,0,0,1,0,1.418,2.069,collision,3520.8,0.013036,0.415405,-0.833232,0.848643,4.385971,1.253416,0.331844,5.984242,0.418855,0.403123,-0.814017,1.0,0.048271,0.006615,1.679563,0.004022,0.057171,0.245813,0.018083,0.0,0.0001,,,,,0,none
329,263639,69.6089,137.5088,385,0,0,1,0,3.1212,2.022,collision,3525.7,0.025321,0.451278,-0.850583,0.85349,4.390269,1.285306,0.541663,5.96736,0.407066,0.400657,-0.678322,1.009776,,,,,,,,,,,,,,0,none
330,264726,277.302,137.8351,1087,0,0,1,0,1.4122,2.045,collision,3539.4,0.00515,0.428101,-0.882239,0.86257,4.322442,1.323543,0.344735,5.973083,0.416568,0.403163,-0.838913,1.0,,,,,,,,,,,,,,0,none
331,265110,66.0507,115.5026,384,0,0,1,0,3.119,1.985,collision,3544.3,0.060443,0.455923,-0.86074,0.839716,4.359273,1.318149,0.318223,5.972979,0.405192,0.401311,-0.695728,1.0,,,,,,,,,,,,,,0,none
332,266187,299.1842,138.8267,1077,0,0,1,0,1.3942,2.05,collision,3558.9,0.009689,0.42423,-0.878876,0.865774,4.423421,1.302446,0.252041,5.993412,0.411444,0.397469,-0.571098,1.0,-0.019436,0.006688,1.679177,0.00401,0.053331,0.214872,0.015086,0.0,0.0001,,,,,0,none
333,267272,276.3591,160.2642,1085,0,0,1,0,1.4204,2.053,collision,3572.8,0.03769,0.424494,-0.839364,0.846641,4.395694,1.280405,0.220385,5.969578,0.416405,0.403597,-0.877684,1.0,,,,,,,,,,,,,,0,none
334,268348,275.1919,180.4734,1076,0,0,1,0,1.4287,2.061,collision,3586.4,0.018639,0.420375,-0.84088,0.853308,4.42513,1.282551,0.675363,5.988415,0.41533,0.403372,-0.854432,1.0,,,,,,,,,,,,,,0,none
335,269154,162.6395,189.8656,806,0,0,1,0,2.3114,1.945,collision,3596.5,0.051006,0.49071,-0.881955,0.86521,4.410983,1.29341,0.110397,5.964544,0.374969,0.398407,-0.951826,1.002334,,,,,,,,,,,,,,0,none
336,270234,294.0041,208.1335,1080,0,0,1,0,1.4058,2.084,collision,3611.0,0.056447,0.400195,-0.848842,0.858301,4.43574,1.27534,0.107205,5.982914,0.415194,0.398086,-0.757908,1.009023,0.001564,0.005073,1.679919,0.003998,0.046685,0.134429,0.013262,0.0,0.0001,,,,,0,none
337,271327,278.1206,228.3177,1093,0,0,1,0,1.434,2.076,collision,3624.8,0.012072,0.413074,-0.852358,0.848635,4.496263,1.255827,0.246132,5.974989,0.420378,0.404696,-0.851906,1.0,,,,,,,,,,,,,,0,none
338,272699,313.6652,231.2126,1372,0,0,1,0,1.1187,2.088,collision,3642.0,-0.015981,0.39832,-0.838016,0.860494,4.368926,1.271543,0.166443,5.985809,0.406624,0.400903,-0.845927,1.009885,,,,,,,,,,,,,,0,none
339,273794,278.2951,252.0812,1095,0,0,1,0,1.4662,2.06,collision,3656.2,0.007684,0.423949,-0.863093,0.871011,4.506917,1.224198,0.122233,5.978538,0.421483,0.404964,-0.841892,1.0,,,,,,,,,,,,,,0,none
340,274874,285.5857,252.9096,1080,0,0,1,0,1.3956,2.074,collision,3671.6,0.008746,0.409056,-0.856844,0.851619,4.451517,1.253585,0.352862,5.980166,0.417669,0.403004,-0.785229,1.0,0.003097,0.004111,1.680871,0.003986,0.036947,0.228134,0.013479,0.0,0.0001,,,,,0,none
341,276234,286.5634,274.9609,1360,0,0,1,0,1.1137,2.077,collision,3689.1,-0.059856,0.402995,-0.882406,0.86012,4.357909,1.292364,0.458735,5.978641,0.410029,0.40638,-0.951053,1.0,,,,,,,,,,,,,,0,none
342,277325,275.5011,272.5926,1091,0,0,1,0,1.3914,2.064,collision,3702.9,0.022023,0.422054,-0.879872,0.866727,4.477011,1.227578,0.441635,5.976405,0.4167,0.403707,-0.862075,1.0,,,,,,,,,,,,,,0,none
343,277356,-41.6908,240.7876,31,0,0,1,0,3.8422,1.403,collision,3703.3,-0.732521,0.139909,-0.889992,-0.431935,3.233279,1.610008,0.605949,5.660591,0.269098,0.372367,-0.411622,1.0,,,,,,,,,,,,,,0,none
344,278165,165.0504,229.7734,809,0,0,1,0,2.2946,1.962,collision,3714.8,0.156093,0.460669,-0.873095,0.875449,4.5869,1.262685,0.25501,5.988247,0.381218,0.40074,-0.931779,1.008256,0.006567,0.004883,1.681493,0.003974,0.043695,0.109818,0.010356,0.0,0.0001,,,,,0,none
345,279545,310.0017,244.5096,1380,0,0,1,0,1.1099,2.094,collision,3732.2,-0.028663,0.398763,-0.852598,0.868351,4.425458,1.230599,0.287634,5.977062,0.410084,0.403522,-0.87549,1.008559,,,,,,,,,,,,,,0,none
346,279599,-38.6871,211.2405,54,0,0,1,0,3.8226,1.951,collision,3733.0,-0.113187,0.38164,-0.718566,0.736216,4.101239,1.469558,0.256497,5.78358,0.230465,0.328819,-0.667907,1.0,,,,,,,,,,,,,,0,none
347,280677,280.0785,211.4363,1078,0,0,1,0,1.4071,2.082,collision,3746.5,0.058834,0.409834,-0.852426,0.824033,4.567979,1.186035,0.471124,5.988423,0.418218,0.402954,-0.784588,1.0,,,,,,,,,,,,,,0,none
348,281761,269.886,207.0584,1084,0,0,1,0,1.3939,2.076,collision,3761.2,0.03643,0.41917,-0.849785,0.860159,4.570349,1.192995,0.391636,5.984132,0.418784,0.405578,-0.870536,1.0,0.013926,0.004364,1.681895,0.003962,0.039495,0.247633,0.011136,0.0,0.0001,,,,,0,none
349,282131,66.695,185.8984,370,0,0,1,0,3.1421,1.941,collision,3766.1,-0.046255,0.494421,-0.880321,0.805875,4.224324,1.390101,0.280898,5.961215,0.380774,0.392229,-0.552819,1.0,,,,,,,,,,,,,,0,none
350,283216,286.5567,185.9955,1085,0,0,1,0,1.4386,2.067,collision,3779.5,0.026259,0.420207,-0.843149,0.869403,4.546484,1.220177,0.395383,5.98682,0.419092,0.402208,-0.797078,1.001173,,,,,,,,,,,,,,0,none
351,283602,72.2977,164.5689,386,0,0,1,0,3.1478,1.942,collision,3784.5,-0.06376,0.495898,-0.886374,0.829969,4.260268,1.341837,0.256834,5.964439,0.38466,0.390646,-0.518492,1.008229,,,,,,,,,,,,,,0,none
352,284683,284.4668,165.4655,1081,0,0,1,0,1.3994,2.062,collision,3799.3,-0.01586,0.423178,-0.884829,0.829867,4.390021,1.305158,0.162133,5.988559,0.4161,0.401426,-0.803769,1.0,0.008122,0.00562,1.682294,0.00395,0.044128,0.17826,0.014528,0.0,0.0001,,,,,0,none
353,286101,286.4192,198.2765,1418,0,0,1,0,1.1806,2.05,collision,3817.5,-0.050687,0.406849,-0.859582,0.824335,4.229146,1.361123,0.228174,5.960907,0.411899,0.407937,-0.969061,1.0,,,,,,,,,,,,,,0,none
354,286486,72.8233,189.0538,385,0,0,1,0,3.1477,1.916,collision,3822.8,-0.052204,0.495591,-0.891852,0.878042,4.25811,1.421568,0.287484,5.960844,0.384956,0.390968,-0.527054,1.005263,,,,,,,,,,,,,,0,none
355,287575,287.4457,186.7982,1089,0,0,1,0,1.4254,2.044,collision,3837.1,-0.00155,0.43278,-0.878182,0.847391,4.373372,1.311837,0.17251,5.97647,0.415876,0.401213,-0.784625,1.0,,,,,,,,,,,,,,0,none
356,287616,-41.7209,186.4948,41,0,0,1,0,3.8268,2.143,collision,3838.7,0.113,0.315197,-0.580274,0.699602,4.072434,1.341146,0.743792,5.808613,0.211566,0.324807,-0.655755,1.0,0.011973,0.004548,1.682101,0.003938,0.037666,0.166558,0.010602,0.0,0.0001,,,,,0,none
357,288707,273.6149,185.8484,1091,0,0,1,0,1.4232,2.035,collision,3852.3,0.037367,0.429349,-0.854568,0.864325,4.33368,1.305288,0.301336,5.983272,0.419615,0.404931,-0.85597,1.0,,,,,,,,,,,,,,0,none
358,289793,278.3833,186.6982,1086,0,0,1,0,1.3992,2.035,collision,3865.9,0.026987,0.424966,-0.841747,0.856856,4.39849,1.316221,0.268052,5.981138,0.420558,0.406081,-0.880194,1.0,,,,,,,,,,,,,,0,none
359,290872,281.8577,208.2144,1079,0,0,1,0,1.3968,2.079,collision,3879.2,0.046412,0.415203,-0.85047,0.856701,4.45454,1.216307,0.447312,5.984566,0.419348,0.403995,-0.839122,1.0,,,,,,,,,,,,,,0,none
360,291241,66.3477,186.1935,369,0,0,1,0,3.1416,1.963,collision,3885.4,-0.016261,0.48471,-0.887952,0.819583,4.270536,1.360229,0.742408,5.967916,0.384539,0.394593,-0.5567,1.0,0.005331,0.00517,1.682063,0.003926,0.044319,0.146105,0.008697,0.0,0.0001,,,,,0,none
361,292330,288.3278,207.7966,1089,0,0,1,0,1.4333,2.073,collision,3899.2,0.028465,0.410775,-0.862535,0.842241,4.353703,1.24425,0.240528,5.979979,0.420051,0.401618,-0.754143,1.005515,,,,,,,,,,,,,,0,none
362,293698,300.3941,209.3893,1368,0,0,1,0,1.1842,2.068,collision,3916.2,-0.021917,0.398802,-0.861125,0.846633,4.174298,1.370334,0.282578,5.98373,0.407347,0.402633,-0.887923,1.002155,,,,,,,,,,,,,,0,none
363,294778,273.7793,208.1253,1080,0,0,1,0,1.4026,2.065,collision,3929.9,0.064792,0.411895,-0.858384,0.848533,4.356881,1.276184,0.301239,5.976274,0.415907,0.404276,-0.842625,1.0,,,,,,,,,,,,,,0,none
364,295150,69.1774,207.7607,372,0,0,1,0,3.133,1.928,collision,3936.2,-0.051962,0.493769,-0.882978,0.825185,4.185739,1.388738,0.229438,5.949617,0.385644,0.392759,-0.494023,1.0,0.007397,0.004188,1.682321,0.003914,0.037192,0.104131,0.008074,0.0,0.0001,,,,,0,none
365,296234,280.2446,207.0406,1084,0,0,1,0,1.4212,2.054,collision,3949.6,0.035817,0.417916,-0.840163,0.87586,4.339644,1.323386,0.233081,5.984896,0.418228,0.403466,-0.812618,1.0,,,,,,,,,,,,,,0,none
366,297328,281.3208,239.3448,1094,0,0,1,0,1.4378,2.005,collision,3963.8,-0.029663,0.44671,-0.885798,0.844541,4.248055,1.36486,0.310148,5.993505,0.412984,0.40197,-0.8047,1.0,,,,,,,,,,,,,,0,none
367,298722,309.5642,242.9397,1394,0,0,1,0,1.1147,1.993,collision,3981.2,-0.03059,0.438086,-0.878962,0.85021,4.055073,1.374505,0.079431,5.98076,0.391217,0.394235,-0.790378,1.0,,,,,,,,,,,,,,0,none
368,299810,272.9979,242.4012,1088,0,0,1,0,1.4251,2.035,collision,3995.8,0.045216,0.421751,-0.863528,0.849967,4.26943,1.31619,0.370328,5.980167,0.421803,0.40741,-0.882223,1.0,0.013914,0.003987,1.682715,0.003902,0.039532,0.149653,0.011145,0.0,0.0001,,,,,0,none
369,300893,285.1818,242.7336,1083,0,0,1,0,1.4005,2.058,collision,4009.6,0.054838,0.419828,-0.824714,0.865553,4.404731,1.295953,0.314663,5.978809,0.414927,0.401657,-0.740306,1.0,,,,,,,,,,,,,,0,none
370,301989,280.7708,264.1759,1096,0,0,1,0,1.4455,2.065,collision,4023.3,0.030832,0.41531,-0.831041,0.849047,4.327213,1.272846,0.30437,5.980166,0.417527,0.401675,-0.81404,1.0,,,,,,,,,,,,,,0,none
371,303081,281.5018,263.4933,1092,0,0,1,0,1.4502,2.044,collision,4037.4,0.008244,0.41899,-0.84913,0.84756,4.273251,1.332771,0.339594,5.948929,0.422783,0.405633,-0.833442,1.0,,,,,,,,,,,,,,0,none
372,304164,296.0188,263.0557,1083,0,0,1,0,1.4104,2.062,collision,4052.5,0.057024,0.403906,-0.794957,0.847535,4.330169,1.303483,0.253583,5.982869,0.42055,0.400737,-0.685837,1.009769,0.012438,0.004823,1.683847,0.00389,0.044107,0.15522,0.009943,0.0,0.0001,,,,,0,none
373,305530,303.4998,266.0278,1366,0,0,1,0,1.1615,2.079,collision,4070.1,-0.028504,0.385295,-0.85388,0.832876,4.18758,1.368197,0.194633,5.965528,0.413383,0.403974,-0.823953,1.01249,,,,,,,,,,,,,,0,none
374,306615,281.4126,287.2513,1085,0,0,1,0,1.4188,2.008,collision,4083.8,-0.003001,0.450995,-0.864707,0.890643,4.361911,1.323826,0.080639,5.991094,0.414984,0.403429,-0.864054,1.0,,,,,,,,,,,,,,0,none
375,307703,276.536,286.8804,1088,0,0,1,0,1.4076,2.035,collision,4097.9,0.000961,0.427725,-0.862183,0.835694,4.339025,1.325851,0.287533,5.967205,0.419283,0.405401,-0.853872,1.0,,,,,,,,,,,,,,0,none
376,308790,286.8649,287.4349,1087,0,0,1,0,1.428,2.039,collision,4112.9,0.010023,0.439492,-0.894485,0.869586,4.310766,1.272538,0.327224,5.982719,0.415487,0.401562,-0.780186,1.0,0.007868,0.003206,1.684591,0.003878,0.039849,0.214706,0.012301,0.0,0.0001,,,,,0,none
377,309886,283.9123,284.8697,1096,0,0,1,0,1.4536,2.049,collision,4126.6,0.022646,0.41339,-0.846891,0.85124,4.275566,1.338714,0.375741,5.984713,0.421343,0.404123,-0.787661,1.0,,,,,,,,,,,,,,0,none
378,310985,275.6617,285.1361,1099,0,0,1,0,1.4607,2.029,collision,4140.3,0.054301,0.425713,-0.842188,0.840172,4.298043,1.343132,0.273187,5.965262,0.420545,0.404672,-0.799409,1.0,,,,,,,,,,,,,,0,none
379,312080,274.4067,284.0585,1095,0,0,1,0,1.4421,2.046,collision,4154.1,0.027559,0.428674,-0.848451,0.876856,4.297651,1.286389,0.189155,5.9888,0.422008,0.406912,-0.860783,1.0,,,,,,,,,,,,,,0,none
380,313165,292.1279,285.1943,1085,0,0,1,0,1.4309,2.067,collision,4169.7,0.026241,0.406277,-0.845682,0.85103,4.340444,1.296553,0.146101,5.976946,0.418108,0.400495,-0.749777,1.006996,0.022696,0.00382,1.684365,0.003866,0.043106,0.149255,0.016863,0.0,0.0001,,,,,0,none
381,314253,278.7658,284.9207,1088,0,0,1,0,1.4094,2.067,collision,4183.2,0.019514,0.412511,-0.869629,0.840065,4.363698,1.2928,0.233626,5.967813,0.417792,0.4039,-0.843078,1.0,,,,,,,,,,,,,,0,none
382,315350,275.3156,282.8503,1097,0,0,1,0,1.4633,2.024,collision,4196.9,0.022604,0.430622,-0.853384,0.86045,4.295795,1.361073,0.124644,5.955306,0.417982,0.404663,-0.85941,1.0,,,,,,,,,,,,,,0,none
383,315736,72.6894,259.7693,386,0,0,1,0,3.1413,1.935,collision,4201.8,-0.039834,0.501024,-0.885291,0.854331,4.222988,1.354456,0.51368,5.989306,0.390128,0.391902,-0.504267,1.005202,,,,,,,,,,,,,,0,none
384,315762,-43.4676,227.2813,26,0,0,1,0,3.8397,2.076,collision,4203.4,-0.211235,0.296942,-0.711316,0.451306,3.812264,1.402554,1.169422,5.915501,0.210026,0.31553,-0.497275,1.0,-0.017304,0.006211,1.683972,0.003854,0.055006,0.244617,0.018729,0.0,0.0001,,,,,0,none
385,316850,285.9833,228.226,1088,0,0,1,0,1.432,2.04,collision,4217.0,0.055462,0.422947,-0.838186,0.861193,4.296741,1.303292,0.24148,5.99624,0.423667,0.40546,-0.806722,1.0,,,,,,,,,,,,,,0,none
386,317940,277.3128,227.2708,1090,0,0,1,0,1.4401,2.045,collision,4230.4,0.008711,0.42148,-0.875371,0.824074,4.261241,1.327605,0.244992,5.965167,0.42418,0.40757,-0.859436,1.0,,,,,,,,,,,,,,0,none
387,318800,227.4139,221.621,860,0,0,1,0,2.0979,1.916,collision,4241.1,0.048246,0.497524,-0.88552,0.875558,4.314227,1.398836,0.052723,5.976356,0.402083,0.398259,-0.697662,1.006528,,,,,,,,,,,,,,0,none
388,319881,288.4944,222.9042,1081,0,0,1,0,1.4099,2.08,collision,4256.0,0.030236,0.405072,-0.855119,0.873435,4.374167,1.308739,0.454922,5.974766,0.417438,0.401364,-0.78619,1.002603,-0.050677,0.006225,1.683864,0.003842,0.045034,0.334977,0.019693,0.0,0.0001,,,,,0,none
389,319936,-38.1665,191.6469,55,0,0,1,0,3.8309,1.973,collision,4256.7,0.009209,0.404488,-0.670737,0.792582,3.621108,1.425897,0.591566,5.801652,0.219216,0.323181,-0.617248,1.0,,,,,,,,,,,,,,0,none
390,320320,75.442,169.9783,384,0,0,1,0,3.1347,1.894,collision,4261.6,-0.154621,0.478824,-0.880906,0.852336,3.968725,1.467146,0.088425,5.934816,0.383069,0.388831,-0.448326,1.001307,,,,,,,,,,,,,,0,none
391,320697,67.4658,148.8483,377,0,0,1,0,3.1502,2.006,collision,4266.3,0.006682,0.454129,-0.87652,0.827536,4.227104,1.357595,0.149172,5.97661,0.383805,0.391466,-0.546212,1.009644,,,,,,,,,,,,,,0,none
392,321784,285.8376,149.9005,1087,0,0,1,0,1.4286,2.066,collision,4281.1,0.01378,0.41386,-0.864399,0.880094,4.323324,1.299953,0.138158,5.975675,0.419432,0.40341,-0.800003,1.0,-0.001324,0.007041,1.684041,0.00383,0.056077,0.390076,0.013719,0.0,0.0001,,,,,0,none
393,322872,276.4915,170.2807,1088,0,0,1,0,1.4247,2.032,collision,4294.4,0.009984,0.430732,-0.837405,0.851181,4.336596,1.322533,0.163144,5.981819,0.419513,0.404947,-0.866238,1.0,,,,,,,,,,,,,,0,none
394,323256,70.6923,181.6967,384,0,0,1,0,3.1278,1.969,collision,4299.4,-0.012578,0.478584,-0.875264,0.819213,4.38013,1.33341,0.400891,5.984099,0.405154,0.399916,-0.596589,1.004035,,,,,,,,,,,,,,0,none
395,323641,71.8278,160.2812,385,0,0,1,0,3.0912,1.985,collision,4304.2,0.04506,0.45926,-0.868975,0.834012,4.285058,1.34619,0.608244,5.973993,0.411212,0.401365,-0.629265,1.0,,,,,,,,,,,,,,0,none
396,324017,68.8074,139.4306,376,0,0,1,0,3.0994,2.011,collision,4309.7,0.036092,0.453987,-0.862212,0.849585,4.33611,1.32675,0.408191,5.945974,0.405101,0.399623,-0.608899,1.0,0.042825,0.008058,1.684099,0.003818,0.060624,0.39146,0.028162,0.0,0.0001,,,,,0,none
397,325121,316.168,148.306,1104,0,0,1,0,1.4984,1.981,collision,4323.2,0.042535,0.470136,-0.889792,0.883056,4.339607,1.335995,0.087348,5.990928,0.407518,0.397162,-0.514358,1.008151,,,,,,,,,,,,,,0,none
398,326211,279.8134,147.4379,1090,0,0,1,0,1.4331,2.024,collision,4336.4,-0.004806,0.440531,-0.888218,0.861351,4.31948,1.303261,0.300487,5.969196,0.420112,0.405451,-0.856264,1.0,,,,,,,,,,,,,,0,none
399,326603,72.8619,158.5408,392,0,0,1,0,3.1441,1.92,collision,4341.1,-0.051502,0.499761,-0.878843,0.829328,4.202106,1.382148,0.290632,5.972917,0.39436,0.396558,-0.537746,1.005634,,,,,,,,,,,,,,0,none
400,327693,275.0657,178.5031,1090,0,0,1,0,1.4191,2.046,collision,4355.3,0.05234,0.419372,-0.880713,0.865318,4.396276,1.285398,0.444291,5.972629,0.421661,0.406027,-0.853648,1.0,-0.002988,0.005091,1.68474,0.003806,0.047301,0.128204,0.016904,0.0,0.0001,,,,,0,none
401,328776,288.949,200.6515,1083,0,0,1,0,1.4319,2.032,collision,4369.2,0.011116,0.438208,-0.876646,0.871542,4.400502,1.260569,0.214892,5.980919,0.413332,0.398986,-0.796051,1.0,,,,,,,,,,,,,,0,none
402,329872,283.871,200.4548,1096,0,0,1,0,1.4616,2.037,collision,4382.7,0.0058,0.434568,-0.862455,0.868148,4.37318,1.302448,0.233455,5.967156,0.412396,0.399994,-0.787811,1.0,,,,,,,,,,,,,,0,none
403,330955,280.0677,200.8124,1083,0,0,1,0,1.4092,2.026,collision,4396.2,-0.011975,0.44356,-0.890605,0.847443,4.283659,1.323843,0.180416,5.979194,0.414106,0.403888,-0.826848,1.0,,,,,,,,,,,,,,0,none
404,332098,273.221,221.0653,1143,0,0,1,0,1.5513,2.053,collision,4412.1,-0.000794,0.413616,-0.845575,0.85394,4.337655,1.309948,0.282222,5.970239,0.427226,0.414248,-0.852983,1.008937,-0.009624,0.004493,1.686147,0.003794,0.043748,0.218144,0.013563,0.0,0.0001,,,,,0,none
405,332470,59.5656,219.8391,372,0,0,1,0,3.1413,1.908,collision,4416.6,0.050317,0.509268,-0.889279,0.857062,4.319217,1.414053,0.261762,5.979152,0.384397,0.396561,-0.710215,1.0,,,,,,,,,,,,,,0,none
406,333544,282.0841,241.1667,1074,0,0,1,0,1.4087,2.033,collision,4430.0,0.008427,0.443375,-0.887322,0.858885,4.425095,1.266942,0.26374,5.995116,0.417008,0.40482,-0.835075,1.0,,,,,,,,,,,,,,0,none
407,334631,285.7221,238.1222,1087,0,0,1,0,1.434,2.042,collision,4443.3,0.044335,0.422453,-0.839887,0.8599,4.380229,1.289991,0.444097,5.980123,0.421692,0.404386,-0.843223,1.0,,,,,,,,,,,,,,0,none
408,335714,289.988,239.1396,1083,0,0,1,0,1.4327,2.043,collision,4457.3,0.000641,0.432923,-0.878358,0.84474,4.41685,1.25744,0.221636,5.987079,0.415616,0.400918,-0.772777,1.0,-0.006685,0.004836,1.686586,0.003782,0.044233,0.123052,0.009094,0.0,0.0001,,,,,0,none
409,336797,278.0371,259.6571,1083,0,0,1,0,1.4026,2.042,collision,4470.7,0.027335,0.43259,-0.865209,0.850256,4.360215,1.264279,0.373529,5.971775,0.419775,0.405148,-0.860228,1.0,,,,,,,,,,,,,,0,none
410,337182,73.0476,239.4553,385,0,0,1,0,3.1468,1.912,collision,4475.3,-0.132753,0.495106,-0.883842,0.81294,4.137017,1.370235,0.271167,5.962531,0.381686,0.390733,-0.493899,1.002892,,,,,,,,,,,,,,0,none
411,337206,-44.1397,206.1465,24,0,0,1,0,3.8386,1.953,collision,4475.6,0.120516,0.336015,-0.576981,0.702031,3.383624,1.645259,0.423198,5.689544,0.197902,0.316377,-0.502649,1.0,,,,,,,,,,,,,,0,none
412,338281,284.9709,206.2564,1075,0,0,1,0,1.4013,2.036,collision,4489.5,0.009488,0.431611,-0.876982,0.870751,4.340622,1.283836,0.392112,5.976028,0.415957,0.402845,-0.817129,1.0,0.018998,0.006293,1.686008,0.00377,0.047804,0.147428,0.016238,0.0,0.0001,,,,,0,none
413,339681,306.343,208.884,1400,0,0,1,0,1.1771,2.051,collision,4506.3,-0.012492,0.412285,-0.863301,0.865814,4.223561,1.361698,0.157635,5.963769,0.40363,0.401474,-0.870798,1.011773,,,,,,,,,,,,,,0,none
414,340064,71.6755,188.7294,383,0,0,1,0,3.1016,2.015,collision,4510.9,0.04065,0.458707,-0.878542,0.84433,4.527584,1.239776,0.733685,5.971547,0.410144,0.401161,-0.581555,1.00396,,,,,,,,,,,,,,0,none
415,341142,283.619,211.1347,1078,0,0,1,0,1.365,2.08,collision,4524.1,0.043604,0.414573,-0.874595,0.84335,4.430089,1.232278,0.471038,5.973315,0.421522,0.40489,-0.837528,1.0,,,,,,,,,,,,,,0,none
416,341529,73.4996,190.2763,387,0,0,1,0,3.1452,1.823,collision,4529.8,-0.163122,0.528741,-0.891785,0.847011,4.124453,1.432123,0.311466,5.963134,0.372556,0.387083,-0.475781,1.0,0.000378,0.005042,1.684976,0.003758,0.042535,0.263195,0.013438,0.0,0.0001,,,,,0,none
417,342612,277.4359,189.4477,1083,0,0,1,0,1.4117,2.039,collision,4543.1,0.015404,0.434337,-0.870535,0.878311,4.399583,1.309936,0.055423,5.985316,0.415459,0.404401,-0.893034,1.0,,,,,,,,,,,,,,0,none
418,342994,75.2348,167.9724,382,0,0,1,0,3.1126,1.944,collision,4547.8,-0.099999,0.475438,-0.86945,0.824011,4.318058,1.350675,0.532918,5.967352,0.399375,0.39501,-0.454352,1.000242,,,,,,,,,,,,,,0,none
419,343804,166.7381,156.8425,810,0,0,1,0,2.301,1.933,collision,4557.7,0.041647,0.504896,-0.88705,0.872194,4.463117,1.328781,0.1999,5.987106,0.370479,0.394393,-0.924972,1.0,,,,,,,,,,,,,,0,none
420,344179,66.1141,156.1491,375,0,0,1,0,3.1488,1.998,collision,4564.0,0.038914,0.460254,-0.890601,0.83962,4.344162,1.288856,0.393769,5.957373,0.381697,0.390214,-0.557816,1.006246,0.009945,0.006117,1.684144,0.003746,0.052217,0.142538,0.012699,0.0,0.0001,,,,,0,none
421,345261,283.8232,188.9454,1082,0,0,1,0,1.4101,2.059,collision,4577.0,0.026523,0.420728,-0.863317,0.859734,4.402872,1.269651,0.333279,5.982123,0.418572,0.403506,-0.790249,1.0,,,,,,,,,,,,,,0,none
422,346640,284.5396,188.9023,1379,0,0,1,0,1.2089,2.054,collision,4593.9,-0.048872,0.407624,-0.859474,0.873424,4.242439,1.346604,0.251232,5.96293,0.408583,0.405789,-0.936875,1.0,,,,,,,,,,,,,,0,none
423,347711,278.2763,186.0956,1071,0,0,1,0,1.3716,2.072,collision,4606.8,0.035581,0.410095,-0.880745,0.850846,4.435477,1.289629,0.476875,5.988667,0.416918,0.4042,-0.853236,1.0,,,,,,,,,,,,,,0,none
424,348790,290.317,207.9598,1079,0,0,1,0,1.4086,2.077,collision,4621.1,0.008299,0.416162,-0.88782,0.867224,4.446948,1.229117,0.223778,5.971017,0.41713,0.400402,-0.764619,1.000069,0.005047,0.003872,1.683521,0.003734,0.034779,0.112162,0.007703,0.0,0.0001,,,,,0,none
425,349623,177.2038,197.3183,833,0,0,1,0,2.3234,1.882,collision,4631.3,0.037141,0.532372,-0.888837,0.870094,4.318899,1.344942,0.308559,5.988984,0.37198,0.395462,-0.929536,1.0,,,,,,,,,,,,,,0,none
426,350883,272.1677,217.1851,1260,0,0,1,0,1.3194,2.004,collision,4647.0,0.032068,0.451431,-0.875585,0.876202,4.410655,1.316017,0.212283,5.982001,0.388928,0.409107,-0.934117,1.007651,,,,,,,,,,,,,,0,none
427,351024,-40.6911,185.3724,141,0,0,1,0,3.8045,2.019,collision,4648.8,0.105313,0.395439,-0.754654,0.817408,4.008416,1.370093,0.433551,5.936775,0.335909,0.433798,-0.933048,1.0,,,,,,,,,,,,,,0,none
428,352108,289.9563,206.8445,1084,0,0,1,0,1.3972,2.038,collision,4664.3,-0.015105,0.433222,-0.883197,0.818599,4.349332,1.316272,0.271479,5.965724,0.414928,0.401174,-0.727611,1.0,-0.000687,0.007263,1.68337,0.003722,0.060747,0.142939,0.013586,0.0,0.0001,,,,,0,none
429,353179,298.2581,219.9965,1071,0,0,1,0,1.3836,2.074,collision,4677.5,0.053035,0.402911,-0.89186,0.888976,4.41731,1.272386,0.23043,5.979361,0.412813,0.397958,-0.550717,1.004637,,,,,,,,,,,,,,0,none
430,354255,277.0139,241.0865,1076,0,0,1,0,1.3921,2.047,collision,4690.3,0.017711,0.424909,-0.872046,0.863032,4.32947,1.294279,0.343734,5.982231,0.416036,0.405608,-0.849997,1.0,,,,,,,,,,,,,,0,none
431,355353,270.3379,239.7379,1098,0,0,1,0,1.4699,2.025,collision,4703.7,0.029358,0.430448,-0.851125,0.840402,4.285341,1.348317,0.157712,5.961606,0.415974,0.40542,-0.868522,1.0,,,,,,,,,,,,,,0,none
432,356439,280.5211,239.3361,1086,0,0,1,0,1.4222,2.064,collision,4719.1,0.036254,0.417388,-0.86093,0.858305,4.395096,1.277483,0.120972,5.976797,0.421775,0.405022,-0.848865,1.0,-0.024544,0.004605,1.683872,0.00371,0.044352,0.259511,0.014215,0.0,0.0001,,,,,0,none
433,356824,75.6195,219.0704,385,0,0,1,0,3.1242,1.967,collision,4724.0,-0.114431,0.470248,-0.880447,0.832637,4.382907,1.298674,0.345568,5.971746,0.399388,0.395885,-0.410921,1.006371,,,,,,,,,,,,,,0,none
434,357923,278.023,217.841,1099,0,0,1,0,1.448,2.04,collision,4738.2,-0.001488,0.430784,-0.840369,0.822622,4.350978,1.319514,0.476659,5.977094,0.417812,0.404378,-0.846597,1.0,,,,,,,,,,,,,,0,none
435,359006,279.972,228.1178,1083,0,0,1,0,1.425,2.079,collision,4751.3,0.024746,0.413376,-0.860521,0.858259,4.470837,1.253517,0.286796,5.990117,0.416144,0.402469,-0.812389,1.0,,,,,,,,,,,,,,0,none
436,360092,283.9232,229.2934,1086,0,0,1,0,1.4351,2.06,collision,4765.7,0.013599,0.411784,-0.891636,0.862582,4.331345,1.31675,0.113087,5.962975,0.416852,0.401985,-0.810599,1.0,0.0017,0.004948,1.684606,0.003698,0.04548,0.127102,0.009874,0.0,0.0001,,,,,0,none
437,361181,291.8162,262.5441,1089,0,0,1,0,1.4461,2.053,collision,4779.1,0.007809,0.426109,-0.863663,0.836717,4.362663,1.299102,0.178603,5.987928,0.420929,0.402777,-0.726377,1.005059,,,,,,,,,,,,,,0,none
438,362262,290.5977,262.6083,1081,0,0,1,0,1.4178,2.068,collision,4792.4,0.028565,0.414527,-0.851529,0.859401,4.4272,1.309559,0.156303,5.980949,0.413842,0.400127,-0.708467,1.00209,,,,,,,,,,,,,,0,none
439,363342,278.3394,260.6164,1080,0,0,1,0,1.4208,2.076,collision,4805.6,0.023481,0.411926,-0.886364,0.846397,4.518654,1.22893,0.318905,5.985757,0.422577,0.406697,-0.848218,1.0,,,,,,,,,,,,,,0,none
440,364426,274.5718,260.3722,1084,0,0,1,0,1.4335,2.06,collision,4820.0,0.032934,0.42401,-0.862877,0.843246,4.494722,1.242045,0.335158,5.983982,0.419163,0.405561,-0.850762,1.0,0.025278,0.003588,1.685263,0.003686,0.036937,0.210841,0.010744,0.0,0.0001,,,,,0,none
441,365561,269.7581,260.3142,1135,0,0,1,0,1.5493,2.065,collision,4833.4,-0.012027,0.425395,-0.857317,0.829315,4.476564,1.257596,0.338267,5.980224,0.428164,0.414852,-0.851137,1.00577,,,,,,,,,,,,,,0,none
442,366646,275.0718,259.7693,1085,0,0,1,0,1.4227,2.035,collision,4846.3,0.015371,0.438468,-0.86603,0.860724,4.504281,1.235215,0.164876,5.98396,0.417017,0.404564,-0.855507,1.0,,,,,,,,,,,,,,0,none
443,367731,289.2053,281.1279,1085,0,0,1,0,1.4355,2.08,collision,4859.1,0.014932,0.419355,-0.856013,0.844427,4.581024,1.187548,0.294537,5.989326,0.419673,0.402004,-0.759675,1.006641,,,,,,,,,,,,,,0,none
444,368811,289.6714,282.2927,1080,0,0,1,0,1.4143,2.086,collision,4873.6,0.031353,0.406567,-0.856046,0.827993,4.509946,1.249334,0.126361,5.982763,0.419781,0.402017,-0.776941,1.005988,0.004359,0.003452,1.68562,0.003674,0.040176,0.157117,0.01567,0.0,0.0001,,,,,0,none
445,369894,286.1457,282.9101,1083,0,0,1,0,1.4336,2.054,collision,4886.7,0.02603,0.420162,-0.844904,0.850332,4.433285,1.29314,0.264601,5.973706,0.423295,0.405159,-0.799596,1.0,,,,,,,,,,,,,,0,none
446,370983,279.2042,282.4382,1089,0,0,1,0,1.4509,2.061,collision,4900.2,0.019066,0.415776,-0.855788,0.839733,4.472399,1.290465,0.161123,5.965391,0.420917,0.405355,-0.857054,1.0,,,,,,,,,,,,,,0,none
447,372072,281.0078,281.3573,1089,0,0,1,0,1.4488,2.019,collision,4913.2,0.000398,0.445075,-0.880091,0.829465,4.438831,1.303023,0.121302,5.983607,0.423365,0.40727,-0.86189,1.0,,,,,,,,,,,,,,0,none
448,373156,276.1256,279.9101,1084,0,0,1,0,1.4282,2.066,collision,4928.0,0.004176,0.420868,-0.87762,0.872598,4.501534,1.225494,0.186517,5.986059,0.422095,0.406566,-0.867878,1.0,0.008349,0.003634,1.686481,0.003662,0.040549,0.189157,0.015616,0.0,0.0001,,,,,0,none
449,374237,271.7645,279.2526,1081,0,0,1,0,1.4328,2.04,collision,4941.0,0.022057,0.435012,-0.856133,0.853757,4.504927,1.24047,0.475878,5.976682,0.418039,0.406795,-0.881129,1.0,,,,,,,,,,,,,,0,none
450,376242,-49.2095,246.8745,2005,0,0,1,0,1.2835,2.088,collision,4965.2,0.007957,0.405361,-0.864529,0.852764,4.547017,1.230697,0.331491,5.991081,0.365474,0.416808,-1.0,1.008718,,,,,,,,,,,,,,0,none
451,377550,315.7335,251.472,1308,0,0,1,0,1.3976,1.983,collision,4981.0,0.035592,0.473921,-0.876099,0.881184,4.520851,1.295901,0.094523,5.992272,0.391128,0.408807,-0.946554,1.010059,,,,,,,,,,,,,,0,none
452,378628,284.8972,252.4546,1078,0,0,1,0,1.4074,2.05,collision,4996.0,0.017197,0.433661,-0.877836,0.849354,4.54224,1.216167,0.183797,5.986487,0.416017,0.402014,-0.826277,1.0,0.004617,0.003733,1.686687,0.00365,0.051089,0.171143,0.018537,0.0,0.0001,,,,,0,none
453,379708,274.6818,251.0022,1080,0,0,1,0,1.4581,2.031,collision,5009.2,0.061043,0.44044,-0.855546,0.857324,4.561352,1.24135,0.318691,5.989548,0.409291,0.403284,-0.86302,1.0,,,,,,,,,,,,,,0,none
454,380294,135.0601,235.5411,586,0,0,1,0,2.6875,1.98,collision,5016.2,0.089161,0.473788,-0.887513,0.873353,4.413074,1.309577,0.335554,5.975107,0.395478,0.399787,-0.620025,1.00928,,,,,,,,,,,,,,0,none
455,381376,276.5908,234.5856,1082,0,0,1,0,1.4428,2.039,collision,5029.2,0.038923,0.43358,-0.868746,0.851925,4.45846,1.27365,0.281723,5.981389,0.417852,0.404675,-0.85792,1.0,,,,,,,,,,,,,,0,none
456,381748,56.0151,212.2667,372,0,0,1,0,3.1295,1.897,collision,5034.7,0.054112,0.509569,-0.885218,0.825611,4.210512,1.471684,0.131457,5.985796,0.378918,0.395734,-0.735139,1.0,0.011685,0.005697,1.687384,0.003638,0.05001,0.166274,0.027702,0.0,0.0001,,,,,0,none
457,382865,274.6709,211.633,1117,0,0,1,0,1.5233,2.069,collision,5048.2,-0.002198,0.422593,-0.884173,0.864264,4.538012,1.215678,0.493354,5.976465,0.431949,0.414404,-0.85847,1.006814,,,,,,,,,,,,,,0,none
458,383264,77.3107,191.7515,399,0,0,1,0,3.1249,1.954,collision,5052.9,-0.199791,0.439434,-0.880799,0.850278,4.349921,1.337594,0.479054,5.975644,0.392853,0.393788,-0.604203,1.011615,,,,,,,,,,,,,,0,none
459,384345,279.9885,192.5739,1081,0,0,1,0,1.4122,2.042,collision,5065.6,0.028892,0.435501,-0.867781,0.860129,4.539705,1.247444,0.487551,5.976753,0.420991,0.406621,-0.886546,1.0,,,,,,,,,,,,,,0,none
460,386327,-41.5461,193.3402,1982,0,0,1,0,1.3257,2.077,collision,5089.7,-0.019217,0.416976,-0.877922,0.8329,4.526819,1.238105,0.162753,5.977559,0.367931,0.419427,-1.0,1.0,0.001692,0.003291,1.687745,0.003626,0.04867,0.188715,0.024078,0.0,0.0001,,,,,0,none
461,386484,-48.1408,156.9528,157,0,0,1,0,3.7949,1.837,collision,5091.6,0.06464,0.500934,-0.845789,0.86891,3.862622,1.516662,0.335054,5.936593,0.337464,0.446312,-0.983581,1.0,,,,,,,,,,,,,,0,none
462,387598,265.3267,154.9958,1114,0,0,1,0,1.5181,2.081,collision,5104.5,-0.035728,0.406989,-0.865114,0.83153,4.506938,1.274897,0.212759,5.992577,0.434691,0.417642,-0.904858,1.0,,,,,,,,,,,,,,0,none
463,389593,-56.8267,121.8449,1995,0,0,1,0,1.3426,2.056,collision,5127.5,-0.018235,0.422759,-0.881008,0.859964,4.514343,1.280259,0.206577,5.982135,0.369608,0.421216,-1.0,1.0,,,,,,,,,,,,,,0,none
464,390668,289.1954,137.2585,1075,0,0,1,0,1.4074,2.03,collision,5141.2,-0.016199,0.44428,-0.880317,0.875226,4.481373,1.297848,0.312531,5.978444,0.411016,0.399522,-0.791198,1.0,0.008597,0.004319,1.688361,0.003614,0.045565,0.190534,0.028442,0.0,0.0001,,,,,0,none
465,391742,277.8354,137.3829,1074,0,0,1,0,1.4107,2.042,collision,5154.2,0.021578,0.437385,-0.869866,0.862837,4.554442,1.218174,0.196492,5.98926,0.414752,0.405278,-0.905515,1.0,,,,,,,,,,,,,,0,none
466,393687,-47.8961,126.9918,1945,0,0,1,0,1.3423,2.086,collision,5176.1,-0.006256,0.413043,-0.871544,0.840497,4.567262,1.228496,0.270486,5.991919,0.373418,0.425047,-0.999998,1.0,,,,,,,,,,,,,,0,none
467,395668,-47.9483,94.7299,1981,0,0,1,0,1.3214,2.091,collision,5198.3,0.00107,0.412407,-0.864218,0.849361,4.577708,1.193315,0.369909,5.990191,0.372675,0.421937,-1.0,1.0,,,,,,,,,,,,,,0,none
468,397641,-50.7693,81.9219,1973,0,0,1,0,1.3265,2.075,collision,5222.1,0.015331,0.412651,-0.845882,0.841651,4.529039,1.247207,0.245874,5.98233,0.372671,0.423768,-1.0,1.0,0.005976,0.002002,1.688223,0.003602,0.033797,0.283918,0.013604,0.0,0.0001,,,,,0,none
469,397703,-33.6504,50.558,62,0,0,1,0,3.8433,2.176,collision,5222.8,-0.009792,0.322283,-0.672661,0.772183,3.900294,1.310369,0.822819,5.821648,0.225978,0.31843,-0.484818,1.0,,,,,,,,,,,,,,0,none
470,398774,283.6885,83.0814,1071,0,0,1,0,1.4543,2.042,collision,5234.9,0.0476,0.437079,-0.853011,0.872436,4.629235,1.199103,0.073958,5.991338,0.408044,0.402196,-0.808794,1.0,,,,,,,,,,,,,,0,none
471,399842,281.4457,116.0401,1068,0,0,1,0,1.3952,2.045,collision,5246.9,0.053975,0.436904,-0.86166,0.876008,4.596445,1.204326,0.431104,5.983993,0.414923,0.403394,-0.84609,1.0,,,,,,,,,,,,,,0,none
472,400924,284.0596,117.9134,1082,0,0,1,0,1.4583,1.983,collision,5260.2,-0.015921,0.479086,-0.885604,0.868611,4.498152,1.289061,0.273605,5.984487,0.401234,0.39836,-0.811656,1.0,0.000705,0.004084,1.687706,0.00359,0.04155,0.205565,0.00795,0.0,0.0001,,,,,0,none
473,401321,78.3968,131.4357,397,0,0,1,0,3.1295,1.933,collision,5264.9,-0.173898,0.466158,-0.885406,0.80903,4.324307,1.378167,0.435181,5.981181,0.400953,0.398391,-0.490695,1.008533,,,,,,,,,,,,,,0,none
474,401728,81.0754,110.6237,407,0,0,1,0,3.1323,1.897,collision,5269.6,-0.168063,0.489179,-0.891344,0.840493,4.387646,1.372753,0.077556,5.958956,0.396381,0.396186,-0.561862,1.00806,,,,,,,,,,,,,,0,none
475,402798,285.371,111.3773,1070,0,0,1,0,1.4299,2.009,collision,5281.9,-0.004307,0.467386,-0.893201,0.881628,4.533076,1.237418,0.72302,5.984335,0.408974,0.40182,-0.824593,1.0,,,,,,,,,,,,,,0,none
476,403196,73.701,123.537,398,0,0,1,0,3.1345,1.829,collision,5287.1,-0.228166,0.505504,-0.889079,0.870564,4.13,1.429448,0.260083,5.947636,0.368393,0.388046,-0.583048,1.0,-0.079246,0.008413,1.687879,0.003578,0.061275,0.288394,0.033257,0.0,0.0001,,,,,0,none
477,404271,279.9257,156.3244,1075,0,0,1,0,1.4201,2.048,collision,5299.0,0.054474,0.431702,-0.844079,0.851279,4.485739,1.230738,0.397445,5.961341,0.416353,0.404515,-0.862472,1.0,,,,,,,,,,,,,,0,none
478,405345,284.699,189.8712,1074,0,0,1,0,1.4139,2.024,collision,5311.2,-0.00026,0.443631,-0.893647,0.854074,4.417961,1.287693,0.447426,5.977082,0.417652,0.404256,-0.859435,1.0,,,,,,,,,,,,,,0,none
479,405732,72.8294,200.5192,387,0,0,1,0,3.0901,2.05,collision,5315.7,0.033788,0.433691,-0.886698,0.864091,4.628506,1.203416,0.628255,5.966325,0.417097,0.403374,-0.682618,1.008745,,,,,,,,,,,,,,0,none
480,406116,73.0776,179.4581,384,0,0,1,0,3.0917,1.987,collision,5320.8,0.018599,0.465548,-0.882513,0.82993,4.387596,1.327402,0.289983,5.970382,0.408125,0.398804,-0.605555,1.000644,-2.4e-05,0.005985,1.68742,0.003566,0.051588,0.20618,0.009027,0.0,0.0001,,,,,0,none
481,407189,281.9882,179.5124,1073,0,0,1,0,1.3871,2.041,collision,5333.0,0.057241,0.43608,-0.862293,0.857263,4.533623,1.23207,0.235685,5.985515,0.414984,0.403674,-0.845949,1.0,,,,,,,,,,,,,,0,none
482,408265,291.8805,180.2945,1076,0,0,1,0,1.4092,2.036,collision,5345.0,5.6e-05,0.443107,-0.885191,0.852117,4.48777,1.269094,0.272618,5.988035,0.413427,0.400396,-0.751063,1.0,,,,,,,,,,,,,,0,none
483,409406,275.5827,200.0131,1141,0,0,1,0,1.542,2.06,collision,5357.6,0.003087,0.422474,-0.872788,0.828325,4.463976,1.261842,0.45286,5.98854,0.428586,0.415783,-0.872295,1.005866,,,,,,,,,,,,,,0,none
484,409791,73.1733,199.2229,385,0,0,1,0,3.1366,1.945,collision,5362.8,-0.072069,0.492028,-0.881185,0.83886,4.289207,1.391932,0.369032,5.98538,0.397822,0.394866,-0.461911,1.004047,0.000846,0.005138,1.687424,0.003554,0.041308,0.214461,0.012542,0.0,0.0001,,,,,0,none
485,410166,69.1407,177.5998,375,0,0,1,0,3.1304,1.872,collision,5367.0,-0.175446,0.526864,-0.884612,0.852924,4.315693,1.333536,0.219698,5.984618,0.383942,0.393484,-0.498355,1.0,,,,,,,,,,,,,,0,none
486,411239,291.2226,199.352,1073,0,0,1,0,1.3908,2.05,collision,5379.9,0.003232,0.433036,-0.88012,0.84266,4.536047,1.207439,0.255599,5.978851,0.414,0.400234,-0.795936,1.0,,,,,,,,,,,,,,0,none
487,411387,-44.6712,166.8923,148,0,0,1,0,3.7844,2.022,collision,5381.7,0.15771,0.412731,-0.815666,0.820054,4.281147,1.202013,0.445127,5.937853,0.309864,0.429423,-0.97922,1.0,,,,,,,,,,,,,,0,none
488,412495,272.5691,165.6793,1108,0,0,1,0,1.5113,2.075,collision,5395.3,-0.031871,0.411341,-0.86703,0.863083,4.513054,1.275986,0.22504,5.974547,0.434192,0.415613,-0.857143,1.002558,0.011458,0.007102,1.687946,0.003542,0.052227,0.21716,0.012829,0.0,0.0001,,,,,0,none
489,413653,279.4134,186.3377,1158,0,0,1,0,1.5411,2.067,collision,5408.4,-0.003605,0.418555,-0.878729,0.863221,4.473279,1.248298,0.34858,5.985214,0.427118,0.415936,-0.847626,1.012226,,,,,,,,,,,,,,0,none
490,414041,75.0295,186.5329,388,0,0,1,0,3.1304,1.916,collision,5412.8,-0.169531,0.491628,-0.890516,0.841999,4.331827,1.294032,0.211558,5.959709,0.39356,0.394039,-0.449534,1.0,,,,,,,,,,,,,,0,none
491,415117,294.0174,187.7358,1076,0,0,1,0,1.3999,2.073,collision,5425.6,0.000829,0.425809,-0.876228,0.869945,4.597939,1.187114,0.438632,5.975126,0.417212,0.400235,-0.751768,1.0,,,,,,,,,,,,,,0,none
492,416188,284.9809,187.0459,1071,0,0,1,0,1.405,2.048,collision,5438.6,0.016727,0.435628,-0.869698,0.857458,4.619924,1.220406,0.367647,5.977865,0.41598,0.403476,-0.872801,1.0,0.007721,0.00464,1.688067,0.00353,0.040677,0.123521,0.006645,0.0,0.0001,,,,,0,none
493,417306,272.4135,186.7289,1118,0,0,1,0,1.52,2.067,collision,5451.2,-0.015744,0.42705,-0.875536,0.830477,4.54872,1.181088,0.329192,5.989364,0.430418,0.41663,-0.899335,1.0,,,,,,,,,,,,,,0,none
494,418378,270.9351,206.5051,1072,0,0,1,0,1.4305,2.033,collision,5463.4,0.054683,0.440279,-0.843216,0.874153,4.666246,1.210692,0.180317,5.9933,0.408715,0.403137,-0.890095,1.0,,,,,,,,,,,,,,0,none
495,418766,73.3164,206.9227,388,0,0,1,0,3.0867,2.022,collision,5467.8,0.031858,0.460908,-0.884686,0.856857,4.793065,1.118656,0.733439,5.987927,0.414135,0.401792,-0.660848,1.005291,,,,,,,,,,,,,,0,none
496,419840,294.0507,207.2055,1074,0,0,1,0,1.4131,2.067,collision,5481.5,0.031535,0.428602,-0.852038,0.855325,4.660305,1.19544,0.488895,5.990199,0.416646,0.400514,-0.767652,1.0,0.003891,0.004726,1.688043,0.003518,0.046149,0.148757,0.015109,0.0,0.0001,,,,,0,none
497,420244,78.9422,219.5668,404,0,0,1,0,3.1345,1.876,collision,5486.3,-0.217057,0.484669,-0.895604,0.826809,4.272815,1.399328,0.304789,5.97946,0.389701,0.392673,-0.556026,1.003969,,,,,,,,,,,,,,0,none
498,421320,272.8062,219.5905,1076,0,0,1,0,1.4405,2.034,collision,5498.4,0.073836,0.435792,-0.862544,0.865098,4.525836,1.238574,0.242608,5.979157,0.410629,0.40359,-0.876262,1.0,,,,,,,,,,,,,,0,none
499,423314,-64.066,185.2426,1994,0,0,1,0,1.2996,2.076,collision,5521.3,0.013332,0.411783,-0.860533,0.852885,4.538591,1.251073,0.327992,5.992186,0.364422,0.418638,-1.0,1.0,,,,,,,,,,,,,,0,none
500,424878,603.8848,238.1281,1564,1,1,0,0,0.2975,2.013,goal,5540.5,-0.038529,0.455648,-0.892717,0.891748,4.520879,1.252015,0.385295,5.976111,0.401918,0.400813,-0.883893,1.004848,-0.001283,0.003605,1.688118,0.003506,0.042757,0.183013,0.017532,0.0,0.0001,,,,,0,none
