episode,global_step,reward,avg10,length,success,goal_touched,collision,timeout,min_dist,avg_speed_ms,end_reason,elapsed_s,act0_mean,act0_std,act0_min,act0_max,act1_mean,act1_std,act1_min,act1_max,obs_mean,obs_std,obs_min,obs_max,actor_loss,critic_loss,policy_entropy,entropy_coef,value_residual,grad_norm_actor,grad_norm_critic,grad_norm_rnn,lr_actor,lr_critic,alpha,alpha_loss,target_update_magnitude,replay_buffer_size,recurrent_cell
1,1419,588.6901,588.6901,1419,1,1,0,0,0.2995,2.132,goal,19.1,-0.017281,0.402059,-0.832588,0.879898,5.389409,0.811731,0.444432,5.997825,0.391662,0.39391,-0.52684,1.0,,,,,,,,,,,,,,0,gru
2,2835,589.3538,589.022,1416,1,1,0,0,0.2996,2.153,goal,37.4,-0.006975,0.389449,-0.855842,0.862008,5.39151,0.757447,1.016844,5.995645,0.391579,0.393461,-0.548289,1.002493,,,,,,,,,,,,,,0,gru
3,4260,592.4795,590.1745,1425,1,1,0,0,0.2995,2.132,goal,55.9,-0.000777,0.403105,-0.826046,0.835894,5.385623,0.802769,0.542285,5.998146,0.392762,0.393429,-0.584912,1.0,,,,,,,,,,,,,,0,gru
4,5685,593.2006,590.931,1425,1,1,0,0,0.2988,2.146,goal,78.5,-0.026882,0.397809,-0.868574,0.820609,5.428373,0.750304,0.676196,5.997086,0.390263,0.393148,-0.583296,1.006025,0.004107,0.00109,1.722171,0.004994,0.008535,0.151911,0.004782,0.089581,3.7e-05,,,,,0,gru
5,7105,584.9307,589.7309,1420,1,1,0,0,0.2996,2.119,goal,96.8,-0.000165,0.412025,-0.844184,0.841383,5.397851,0.748034,1.233464,5.997552,0.392912,0.396179,-0.537138,1.0,,,,,,,,,,,,,,0,gru
6,8515,584.3546,588.8349,1410,1,1,0,0,0.2983,2.116,goal,115.6,-0.000595,0.411033,-0.882787,0.871572,5.411446,0.747031,0.895562,5.995123,0.394304,0.396206,-0.564915,1.0,,,,,,,,,,,,,,0,gru
7,10021,577.9671,587.2823,1506,1,1,0,0,0.299,2.139,goal,135.0,-0.036966,0.399447,-0.866923,0.84552,5.397835,0.790375,0.588163,5.995526,0.416996,0.403709,-0.911708,1.009571,,,,,,,,,,,,,,0,gru
8,11472,598.6276,588.7005,1451,1,1,0,0,0.2993,2.12,goal,157.3,-0.022774,0.409185,-0.877587,0.863807,5.417958,0.740511,0.464083,5.997934,0.391024,0.394193,-0.523034,1.006013,-0.004425,0.00111,1.72155,0.004982,0.011894,0.12147,0.006006,0.07185,4.9e-05,,,,,0,gru
9,12891,593.9907,589.2883,1419,1,1,0,0,0.2978,2.15,goal,175.8,0.002419,0.393647,-0.836296,0.87283,5.404034,0.749894,0.657813,5.998498,0.391918,0.392358,-0.495889,1.006276,,,,,,,,,,,,,,0,gru
10,14311,588.4879,589.2083,1420,1,1,0,0,0.298,2.132,goal,194.6,0.00019,0.398823,-0.857425,0.846115,5.323372,0.866433,0.1893,5.99623,0.395606,0.391808,-0.511355,1.0,,,,,,,,,,,,,,0,gru
11,15720,586.5575,588.995,1409,1,1,0,0,0.2999,2.144,goal,213.3,-0.01526,0.39765,-0.867736,0.823856,5.45424,0.697457,1.392279,5.997689,0.393636,0.394996,-0.512317,1.0,,,,,,,,,,,,,,0,gru
12,17131,585.8142,588.641,1411,1,1,0,0,0.2984,2.118,goal,235.0,-0.025175,0.411929,-0.863065,0.830451,5.407906,0.772667,0.457741,5.995149,0.39071,0.394713,-0.520391,1.0,-0.008871,0.001181,1.721355,0.00497,0.013811,0.12803,0.008083,0.073337,6.1e-05,,,,,0,gru
13,18545,585.7992,587.973,1414,1,1,0,0,0.2995,2.126,goal,253.4,0.002519,0.408698,-0.842179,0.847891,5.386906,0.774278,0.752062,5.997989,0.391861,0.395992,-0.548102,1.0,,,,,,,,,,,,,,0,gru
14,19942,579.8522,586.6382,1397,1,1,0,0,0.2988,2.134,goal,271.9,0.001018,0.402212,-0.872213,0.843876,5.3992,0.779261,0.603157,5.996605,0.394216,0.395992,-0.541545,1.0,,,,,,,,,,,,,,0,gru
15,21392,593.398,587.4849,1450,1,1,0,0,0.2986,2.11,goal,291.0,-0.002586,0.414157,-0.858046,0.848513,5.319439,0.869331,0.317354,5.995312,0.396534,0.392201,-0.512307,1.0,,,,,,,,,,,,,,0,gru
16,22802,586.2983,587.6793,1410,1,1,0,0,0.2982,2.135,goal,311.8,-0.005454,0.400752,-0.853316,0.858166,5.393017,0.780778,0.214114,5.998097,0.394806,0.395239,-0.547802,1.0,0.001227,0.001275,1.721439,0.004958,0.016434,0.136934,0.011283,0.079422,7.3e-05,,,,,0,gru
17,24236,593.6891,589.2515,1434,1,1,0,0,0.2979,2.139,goal,330.7,0.01616,0.397993,-0.851507,0.87722,5.41358,0.737855,0.523365,5.996274,0.395418,0.395223,-0.534105,1.008389,,,,,,,,,,,,,,0,gru
18,25654,588.3723,588.2259,1418,1,1,0,0,0.2991,2.137,goal,349.4,-0.019504,0.401234,-0.846984,0.858699,5.400398,0.759901,1.214602,5.99893,0.387286,0.392893,-0.513027,1.0,,,,,,,,,,,,,,0,gru
19,26304,167.6769,545.5946,650,0,0,1,0,2.3505,2.1,collision,358.0,0.043932,0.422798,-0.861045,0.870014,5.452227,0.679452,1.727917,5.989686,0.388387,0.391006,-0.703307,1.010473,,,,,,,,,,,,,,0,gru
20,27699,580.3525,544.781,1395,1,1,0,0,0.2983,2.137,goal,378.5,0.011793,0.399619,-0.883443,0.854269,5.32577,0.841791,0.438934,5.994106,0.393869,0.394988,-0.556669,1.0,0.050598,0.002641,1.722048,0.004946,0.018146,0.107377,0.014754,0.06228,8.5e-05,,,,,0,gru
21,29119,591.643,545.2896,1420,1,1,0,0,0.2995,2.145,goal,396.9,-0.01037,0.39294,-0.832097,0.830616,5.382833,0.789798,0.361137,5.996205,0.39048,0.392434,-0.533769,1.00345,,,,,,,,,,,,,,0,gru
22,30533,586.6819,545.3763,1414,1,1,0,0,0.2991,2.142,goal,415.8,0.021847,0.394281,-0.872606,0.872505,5.341908,0.834782,0.378314,5.996843,0.39637,0.395098,-0.690884,1.0,,,,,,,,,,,,,,0,gru
23,31957,590.1422,545.8106,1424,1,1,0,0,0.2981,2.133,goal,435.0,-0.004472,0.40187,-0.810753,0.845246,5.37413,0.800928,0.552706,5.998175,0.392119,0.395091,-0.526589,1.0,,,,,,,,,,,,,,0,gru
24,33387,595.6221,547.3876,1430,1,1,0,0,0.2981,2.123,goal,457.1,0.015134,0.406554,-0.831427,0.854298,5.342071,0.842774,0.305328,5.99691,0.394502,0.395423,-0.585634,1.001131,-0.002644,0.00094,1.722637,0.004934,0.012172,0.155272,0.00569,0.081479,9.7e-05,,,,,0,gru
25,34875,564.5291,544.5007,1488,1,1,0,0,0.2991,2.135,goal,476.9,-0.0541,0.396047,-0.865094,0.848638,5.376964,0.798394,0.701705,5.996431,0.417533,0.404495,-0.956369,1.0,,,,,,,,,,,,,,0,gru
26,36278,582.2925,544.1002,1403,1,1,0,0,0.2984,2.126,goal,495.2,-0.003602,0.402244,-0.855525,0.864405,5.319485,0.865764,0.539938,5.99668,0.395958,0.391351,-0.452539,1.0,,,,,,,,,,,,,,0,gru
27,37708,595.4611,544.2774,1430,1,1,0,0,0.2996,2.145,goal,514.0,-0.01552,0.396815,-0.841442,0.84637,5.391392,0.773773,0.655155,5.994759,0.391202,0.393218,-0.503933,1.009326,,,,,,,,,,,,,,0,gru
28,39117,589.5137,544.3915,1409,1,1,0,0,0.2976,2.135,goal,535.2,-0.006215,0.400018,-0.843433,0.857385,5.341648,0.833365,0.666943,5.998744,0.390566,0.392515,-0.49837,1.0,-0.005755,0.001048,1.722381,0.004922,0.013596,0.193563,0.011044,0.112937,0.0001,,,,,0,gru
29,40532,586.382,586.262,1415,1,1,0,0,0.2996,2.129,goal,554.1,-0.027666,0.401786,-0.868797,0.825728,5.383875,0.781261,0.334334,5.99542,0.391203,0.393745,-0.581138,1.0,,,,,,,,,,,,,,0,gru
30,41949,590.3224,587.259,1417,1,1,0,0,0.2986,2.14,goal,573.3,0.0035,0.39768,-0.852007,0.843401,5.382229,0.767074,0.845006,5.998739,0.394399,0.394189,-0.50788,1.0,,,,,,,,,,,,,,0,gru
31,43369,589.17,587.0117,1420,1,1,0,0,0.2983,2.114,goal,592.6,-0.016923,0.411275,-0.85965,0.877805,5.298308,0.855626,0.187415,5.997396,0.392901,0.39061,-0.442826,1.0,,,,,,,,,,,,,,0,gru
32,44790,587.7262,587.1161,1421,1,1,0,0,0.2971,2.118,goal,614.9,-0.016341,0.41534,-0.879496,0.867176,5.407121,0.740515,1.26974,5.997678,0.386697,0.392134,-0.514338,1.0,-0.00025,0.000957,1.722807,0.00491,0.01418,0.124273,0.007829,0.066481,0.0001,,,,,0,gru
33,46191,582.1735,586.3193,1401,1,1,0,0,0.298,2.126,goal,633.7,-0.025084,0.406827,-0.879959,0.851908,5.361118,0.832241,0.597388,5.995061,0.388761,0.3939,-0.553006,1.0,,,,,,,,,,,,,,0,gru
34,47621,583.3093,585.088,1430,1,1,0,0,0.2981,2.111,goal,653.3,-0.006425,0.417788,-0.841415,0.859296,5.307404,0.863691,0.66717,5.994223,0.394642,0.39259,-0.559429,1.0,,,,,,,,,,,,,,0,gru
35,49044,589.8075,587.6158,1423,1,1,0,0,0.2983,2.117,goal,672.3,0.009217,0.407425,-0.864031,0.840842,5.369964,0.819912,0.636969,5.99651,0.395809,0.395116,-0.61817,1.0,,,,,,,,,,,,,,0,gru
36,50467,588.1823,588.2048,1423,1,1,0,0,0.2983,2.124,goal,694.5,-0.017533,0.408037,-0.849192,0.857577,5.3906,0.812767,0.847579,5.995851,0.392063,0.394625,-0.549191,1.0,-0.0084,0.000865,1.723103,0.004898,0.01502,0.182278,0.01099,0.105359,0.0001,,,,,0,gru
37,51871,581.0397,586.7627,1404,1,1,0,0,0.2988,2.123,goal,713.1,-0.00375,0.407412,-0.857394,0.864457,5.373792,0.77149,0.342613,5.995492,0.394047,0.395852,-0.579287,1.0,,,,,,,,,,,,,,0,gru
38,53290,586.9293,586.5042,1419,1,1,0,0,0.2983,2.125,goal,731.7,0.000642,0.405417,-0.866107,0.878799,5.349353,0.815916,0.349969,5.997625,0.394578,0.394739,-0.54037,1.0,,,,,,,,,,,,,,0,gru
39,54714,594.1734,587.2834,1424,1,1,0,0,0.2996,2.139,goal,750.7,-0.003157,0.397115,-0.868335,0.836295,5.384005,0.774542,0.545054,5.998648,0.391716,0.393556,-0.526497,1.003122,,,,,,,,,,,,,,0,gru
40,56140,587.8285,587.034,1426,1,1,0,0,0.2997,2.13,goal,772.9,-0.013857,0.407555,-0.849356,0.822662,5.398475,0.753724,0.972518,5.995688,0.391116,0.394801,-0.529315,1.0,0.006398,0.000622,1.723092,0.004886,0.009812,0.237461,0.006541,0.137706,0.0001,,,,,0,gru
41,57569,594.3365,587.5506,1429,1,1,0,0,0.2994,2.131,goal,792.5,-0.012072,0.405011,-0.881626,0.84711,5.399969,0.789854,0.55334,5.996938,0.390518,0.392456,-0.552793,1.003526,,,,,,,,,,,,,,0,gru
42,58985,596.1776,588.3958,1416,1,1,0,0,0.2999,2.149,goal,811.4,-0.010098,0.393395,-0.866741,0.874329,5.405299,0.76189,0.671535,5.994893,0.395042,0.395387,-0.505538,1.010295,,,,,,,,,,,,,,0,gru
43,60424,595.2196,589.7004,1439,1,1,0,0,0.2979,2.127,goal,830.2,-0.013909,0.406358,-0.862789,0.867137,5.380376,0.804903,0.365379,5.997922,0.389178,0.392725,-0.584733,1.003458,,,,,,,,,,,,,,0,gru
44,61843,593.7282,590.7423,1419,1,1,0,0,0.2999,2.136,goal,852.1,-0.008728,0.398742,-0.867921,0.848878,5.389167,0.771196,0.619386,5.993604,0.391426,0.392222,-0.518334,1.001637,0.000542,0.00066,1.722916,0.004874,0.010136,0.281782,0.007648,0.162628,0.0001,,,,,0,gru
45,62480,162.8983,548.0513,637,0,0,1,0,2.3012,2.117,collision,860.3,0.048119,0.409399,-0.856789,0.842592,5.46206,0.670208,0.965267,5.994074,0.394569,0.393793,-0.720026,1.0,,,,,,,,,,,,,,0,gru
46,63909,596.2556,548.8587,1429,1,1,0,0,0.2982,2.14,goal,879.0,-0.000285,0.398224,-0.820182,0.870171,5.405281,0.758122,1.114219,5.993316,0.393263,0.392025,-0.490839,1.00844,,,,,,,,,,,,,,0,gru
47,65378,585.7228,549.327,1469,1,1,0,0,0.2976,2.089,goal,898.5,0.030515,0.427933,-0.853399,0.856629,5.371231,0.797971,1.282572,5.997775,0.397911,0.404537,-0.886717,1.004759,,,,,,,,,,,,,,0,gru
48,66787,583.4766,548.9817,1409,1,1,0,0,0.2987,2.134,goal,919.2,0.013274,0.403045,-0.87256,0.865609,5.350698,0.843619,0.470887,5.998215,0.39269,0.395132,-0.573945,1.0,0.035772,0.002194,1.722371,0.004862,0.017628,0.069753,0.007703,0.040247,0.0001,,,,,0,gru
49,68213,597.6015,549.3245,1426,1,1,0,0,0.2996,2.14,goal,938.1,0.000821,0.402344,-0.83166,0.838178,5.405176,0.722434,1.28336,5.998579,0.390034,0.394284,-0.642949,1.009478,,,,,,,,,,,,,,0,gru
50,69635,598.6989,550.4116,1422,1,1,0,0,0.2976,2.124,goal,956.9,-0.012724,0.405833,-0.883838,0.830986,5.404206,0.769378,0.750321,5.99705,0.389508,0.395071,-0.570064,1.007154,,,,,,,,,,,,,,0,gru
51,71123,575.5803,548.536,1488,1,1,0,0,0.2995,2.115,goal,975.9,-0.044484,0.405522,-0.851974,0.834684,5.339692,0.875266,0.400629,5.998007,0.416338,0.40394,-0.903878,1.0,,,,,,,,,,,,,,0,gru
52,72550,589.2414,547.8423,1427,1,1,0,0,0.2984,2.13,goal,996.8,0.018056,0.405444,-0.863508,0.845181,5.411824,0.726576,1.038485,5.997669,0.39737,0.401281,-0.660649,1.008793,-0.017018,0.000899,1.722284,0.00485,0.013957,0.094605,0.00708,0.054688,0.0001,,,,,0,gru
53,73190,167.6345,505.0838,640,0,0,1,0,2.3201,2.128,collision,1004.9,-0.022186,0.407523,-0.838253,0.828635,5.475836,0.683048,1.907334,5.99616,0.386568,0.392434,-0.423434,1.002417,,,,,,,,,,,,,,0,gru
54,74603,584.095,504.1205,1413,1,1,0,0,0.2993,2.133,goal,1023.7,-0.006059,0.405184,-0.875299,0.856646,5.363636,0.80678,0.069464,5.996272,0.394152,0.396087,-0.569583,1.0,,,,,,,,,,,,,,0,gru
55,76028,585.7209,546.4028,1425,1,1,0,0,0.2974,2.095,goal,1042.8,-0.035013,0.425788,-0.889609,0.855455,5.255839,0.930888,0.554257,5.997867,0.387407,0.39063,-0.478807,1.0,,,,,,,,,,,,,,0,gru
56,77444,591.066,545.8838,1416,1,1,0,0,0.2993,2.129,goal,1063.4,-0.003681,0.403347,-0.846324,0.822083,5.398082,0.779724,0.514073,5.99511,0.393529,0.394161,-0.516154,1.0,0.032752,0.002257,1.722327,0.004838,0.019022,0.080752,0.006939,0.041341,0.0001,,,,,0,gru
57,78940,577.2339,545.0349,1496,1,1,0,0,0.2992,2.119,goal,1082.5,-0.041791,0.411759,-0.869161,0.88312,5.332894,0.845615,0.847336,5.99793,0.413801,0.403689,-0.924559,1.0,,,,,,,,,,,,,,0,gru
58,79308,71.4887,493.8361,368,0,0,1,0,3.0231,2.102,collision,1087.3,-0.009259,0.426034,-0.855165,0.827006,5.401147,0.722724,1.589236,5.997805,0.376112,0.389132,-0.462071,1.0,,,,,,,,,,,,,,0,gru
59,79940,160.5155,450.1275,632,0,0,1,0,2.2948,2.098,collision,1095.5,0.060077,0.419467,-0.856271,0.870416,5.408015,0.753788,1.249348,5.995527,0.393041,0.394886,-0.674332,1.0,,,,,,,,,,,,,,0,gru
60,81355,588.2945,449.0871,1415,1,1,0,0,0.2998,2.144,goal,1115.6,0.003411,0.398232,-0.857627,0.862646,5.404177,0.749596,1.230861,5.993874,0.39335,0.394109,-0.519158,1.0,0.031217,0.004355,1.722744,0.004826,0.027671,0.146755,0.009689,0.083783,0.0001,,,,,0,gru
61,82765,580.1495,449.544,1410,1,1,0,0,0.2998,2.129,goal,1134.0,0.008072,0.404365,-0.8225,0.85849,5.359046,0.789014,1.096995,5.997667,0.395946,0.39642,-0.53157,1.0,,,,,,,,,,,,,,0,gru
62,84323,582.2945,448.8493,1558,1,1,0,0,0.2975,2.113,goal,1153.9,-0.049832,0.408776,-0.863257,0.850476,5.358968,0.791332,0.716048,5.996872,0.417506,0.40641,-0.967108,1.0,,,,,,,,,,,,,,0,gru
63,85923,590.1833,491.1042,1600,1,1,0,0,0.2982,2.082,goal,1175.3,-0.045851,0.428051,-0.873753,0.87859,5.325668,0.855638,0.274917,5.997182,0.410621,0.405853,-0.97196,1.011151,,,,,,,,,,,,,,0,gru
64,87333,588.7733,491.572,1410,1,1,0,0,0.299,2.119,goal,1196.2,-0.025448,0.408532,-0.89326,0.841145,5.350076,0.825183,1.035734,5.995937,0.388065,0.392746,-0.517592,1.0,0.013329,0.000909,1.722869,0.004814,0.016488,0.115749,0.011224,0.065838,0.0001,,,,,0,gru
65,87676,65.8881,439.5887,343,0,0,1,0,3.0524,2.173,collision,1200.5,-0.032192,0.380429,-0.770064,0.808614,5.444247,0.660507,1.5478,5.994796,0.381245,0.387805,-0.357613,1.0,,,,,,,,,,,,,,0,gru
66,88042,69.9484,387.477,366,0,0,1,0,2.9568,2.104,collision,1205.2,-0.056565,0.416917,-0.838006,0.81445,5.45412,0.635983,1.960831,5.995465,0.373561,0.388634,-0.505337,1.0,,,,,,,,,,,,,,0,gru
67,89576,586.1882,388.3724,1534,1,1,0,0,0.2976,2.114,goal,1224.6,-0.048862,0.409058,-0.881162,0.873689,5.380296,0.792692,0.504336,5.997125,0.414826,0.404244,-0.905146,1.0,,,,,,,,,,,,,,0,gru
68,91004,590.4277,440.2663,1428,1,1,0,0,0.2994,2.125,goal,1244.5,0.007098,0.408601,-0.87036,0.854506,5.388762,0.741071,0.449132,5.998148,0.395251,0.395848,-0.573999,1.0,0.035899,0.004386,1.722936,0.004802,0.024907,0.16462,0.009238,0.096041,0.0001,,,,,0,gru
69,91636,163.6715,440.5819,632,0,0,1,0,2.2676,2.13,collision,1252.5,0.044254,0.405577,-0.843017,0.85568,5.431862,0.705835,1.390416,5.99616,0.393884,0.392799,-0.646537,1.0,,,,,,,,,,,,,,0,gru
70,93044,584.5471,440.2072,1408,1,1,0,0,0.2984,2.113,goal,1270.8,-0.03739,0.416156,-0.862108,0.865006,5.394916,0.746287,0.43792,5.99794,0.38907,0.393775,-0.556687,1.0,,,,,,,,,,,,,,0,gru
71,94469,590.1547,441.2077,1425,1,1,0,0,0.2989,2.135,goal,1289.1,-0.0002,0.406347,-0.842907,0.874926,5.406773,0.728877,1.539267,5.994911,0.396455,0.394661,-0.551335,1.0,,,,,,,,,,,,,,0,gru
72,95870,582.0183,441.1801,1401,1,1,0,0,0.2982,2.136,goal,1308.9,-0.002615,0.403508,-0.858033,0.835522,5.382361,0.767692,1.355731,5.99754,0.396226,0.396438,-0.509908,1.0,0.045318,0.002144,1.723351,0.00479,0.019116,0.121609,0.006613,0.06776,0.0001,,,,,0,gru
73,97288,588.0676,440.9685,1418,1,1,0,0,0.2988,2.107,goal,1327.8,-0.032927,0.414694,-0.864659,0.817096,5.379407,0.785622,0.905353,5.999163,0.393425,0.395536,-0.552598,1.0,,,,,,,,,,,,,,0,gru
74,98818,561.5277,438.2439,1530,1,1,0,0,0.2978,2.119,goal,1347.4,-0.067725,0.408265,-0.871501,0.866221,5.397642,0.782923,0.675511,5.998241,0.416164,0.407638,-0.97938,1.0,,,,,,,,,,,,,,0,gru
75,100238,594.7438,491.1295,1420,1,1,0,0,0.2999,2.143,goal,1365.7,-0.026539,0.398157,-0.869412,0.855048,5.402983,0.781665,0.386283,5.99422,0.392887,0.393463,-0.477001,1.006871,,,,,,,,,,,,,,0,gru
76,101653,585.208,542.6555,1415,1,1,0,0,0.2997,2.108,goal,1386.1,0.007318,0.41735,-0.843618,0.841187,5.362399,0.797304,0.458951,5.992041,0.394098,0.39514,-0.584244,1.0,0.002355,0.000759,1.723894,0.004778,0.012031,0.114986,0.003716,0.06081,0.0001,,,,,0,gru
77,103074,587.5202,542.7887,1421,1,1,0,0,0.2977,2.115,goal,1405.0,-0.030696,0.411688,-0.860068,0.862413,5.379259,0.79972,0.778602,5.996595,0.391385,0.395531,-0.621379,1.0,,,,,,,,,,,,,,0,gru
78,103420,61.819,489.9278,346,0,0,1,0,3.0647,2.093,collision,1409.4,0.049027,0.427229,-0.842858,0.844914,5.461683,0.697982,1.903598,5.994577,0.384003,0.387763,-0.646813,1.0,,,,,,,,,,,,,,0,gru
79,104834,586.231,532.1837,1414,1,1,0,0,0.3,2.128,goal,1427.8,0.00758,0.40427,-0.859939,0.862642,5.357193,0.832762,0.906782,5.997137,0.394379,0.394635,-0.561406,1.0,,,,,,,,,,,,,,0,gru
80,106258,593.2539,533.0544,1424,1,1,0,0,0.2982,2.122,goal,1448.8,0.015295,0.408922,-0.86787,0.87217,5.392475,0.787708,0.562132,5.996922,0.394291,0.394688,-0.507751,1.0,0.030999,0.002367,1.723465,0.004766,0.018279,0.10389,0.006509,0.054818,0.0001,,,,,0,gru
81,107671,590.5828,533.0972,1413,1,1,0,0,0.299,2.126,goal,1467.2,0.001386,0.405235,-0.863582,0.827528,5.422995,0.7555,0.226499,5.994938,0.394606,0.39467,-0.510964,1.0,,,,,,,,,,,,,,0,gru
82,109059,578.5558,532.751,1388,1,1,0,0,0.2996,2.131,goal,1485.3,0.005411,0.404938,-0.874388,0.882719,5.379631,0.771208,1.218471,5.997705,0.395437,0.395171,-0.477844,1.0,,,,,,,,,,,,,,0,gru
83,110461,581.8156,532.1258,1402,1,1,0,0,0.2993,2.139,goal,1503.6,-0.003185,0.398689,-0.86302,0.859093,5.4153,0.731677,0.72287,5.998471,0.394914,0.395604,-0.514255,1.0,,,,,,,,,,,,,,0,gru
84,111873,589.766,534.9496,1412,1,1,0,0,0.2983,2.135,goal,1524.7,-0.003952,0.403442,-0.842921,0.878401,5.433955,0.725584,0.323213,5.995715,0.393982,0.394742,-0.485513,1.0,0.003481,0.000971,1.723156,0.004754,0.015385,0.192465,0.01524,0.108853,0.0001,,,,,0,gru
85,113393,588.6979,534.345,1520,1,1,0,0,0.2987,2.127,goal,1545.2,-0.034563,0.405006,-0.84635,0.84627,5.376232,0.803332,0.635832,5.994112,0.413757,0.403162,-0.848419,1.000629,,,,,,,,,,,,,,0,gru
86,114810,592.2582,535.0501,1417,1,1,0,0,0.2988,2.144,goal,1563.7,-0.009497,0.396942,-0.871209,0.819076,5.379914,0.822392,0.494726,5.998516,0.394319,0.394123,-0.489465,1.002474,,,,,,,,,,,,,,0,gru
87,116368,590.2855,535.3266,1558,1,1,0,0,0.2985,2.122,goal,1584.4,-0.049696,0.402761,-0.876573,0.836422,5.359583,0.836365,0.534199,5.99726,0.415431,0.405061,-0.892988,1.008604,,,,,,,,,,,,,,0,gru
88,117814,595.3343,588.6781,1446,1,1,0,0,0.2972,2.12,goal,1605.9,0.009876,0.414685,-0.856107,0.852163,5.388286,0.80173,0.441342,5.997467,0.394756,0.394438,-0.590191,1.005049,0.009711,0.000766,1.722307,0.004742,0.014683,0.122592,0.013226,0.072925,0.0001,,,,,0,gru
89,119218,580.2652,588.0815,1404,1,1,0,0,0.2996,2.125,goal,1624.4,-0.017925,0.410216,-0.862008,0.847689,5.343731,0.800438,0.968174,5.998207,0.391123,0.396274,-0.610675,1.0,,,,,,,,,,,,,,0,gru
90,119653,89.8776,537.7439,435,0,0,1,0,2.9628,2.049,collision,1630.3,-0.012495,0.446107,-0.852276,0.829822,5.162177,1.008765,0.776067,5.993026,0.377581,0.396149,-0.488577,1.007916,,,,,,,,,,,,,,0,gru
91,121076,589.7289,537.6585,1423,1,1,0,0,0.2974,2.125,goal,1649.5,0.01337,0.406189,-0.845804,0.882024,5.398625,0.763004,0.906452,5.996778,0.395002,0.394998,-0.544787,1.0,,,,,,,,,,,,,,0,gru
92,121718,164.4829,496.2512,642,0,0,1,0,2.3256,2.115,collision,1659.4,0.042743,0.412912,-0.829246,0.834114,5.442777,0.677666,1.10257,5.99398,0.39453,0.393076,-0.731742,1.000479,0.02703,0.004944,1.722188,0.00473,0.027834,0.110544,0.010896,0.065764,0.0001,,,,,0,gru
93,122350,162.8151,454.3512,632,0,0,1,0,2.2846,2.101,collision,1667.8,0.024191,0.422728,-0.829072,0.839812,5.416275,0.675953,1.604639,5.996156,0.386345,0.393603,-0.465119,1.0,,,,,,,,,,,,,,0,gru
94,122976,162.7238,411.6469,626,0,0,1,0,2.2453,2.142,collision,1675.9,0.034019,0.402832,-0.850824,0.82906,5.388507,0.776255,1.385504,5.994357,0.392947,0.394597,-0.555801,1.0,,,,,,,,,,,,,,0,gru
95,124394,589.3163,411.7088,1418,1,1,0,0,0.2992,2.115,goal,1694.2,-0.000743,0.415175,-0.862838,0.85992,5.411606,0.70941,0.788601,5.99759,0.394286,0.395178,-0.559124,1.0,,,,,,,,,,,,,,0,gru
96,125824,591.6861,411.6516,1430,1,1,0,0,0.2983,2.129,goal,1714.8,0.009409,0.402834,-0.83376,0.86269,5.373159,0.815347,0.810258,5.996997,0.396173,0.39504,-0.582794,1.0,-0.016902,0.003568,1.721911,0.004718,0.030273,0.213696,0.014175,0.12355,0.0001,,,,,0,gru
97,127234,582.7571,410.8987,1410,1,1,0,0,0.2996,2.123,goal,1734.3,-0.016236,0.40859,-0.869548,0.882019,5.37204,0.802289,0.774138,5.996657,0.394682,0.395681,-0.563064,1.0,,,,,,,,,,,,,,0,gru
98,128651,591.2889,410.4942,1417,1,1,0,0,0.2985,2.124,goal,1752.8,-0.010218,0.404438,-0.870537,0.866152,5.350065,0.806361,0.394211,5.996313,0.39427,0.394977,-0.529199,1.0,,,,,,,,,,,,,,0,gru
99,130073,593.3611,411.8038,1422,1,1,0,0,0.2984,2.116,goal,1771.4,0.013504,0.409952,-0.865291,0.852107,5.366913,0.818486,0.797459,5.996747,0.394987,0.394638,-0.578019,1.0,,,,,,,,,,,,,,0,gru
100,131619,595.7151,462.3875,1546,1,1,0,0,0.2992,2.119,goal,1793.6,-0.038015,0.409381,-0.872238,0.838695,5.372296,0.798301,0.375737,5.997781,0.412434,0.4016,-0.853152,1.011044,-0.000354,0.000753,1.721086,0.004706,0.016453,0.150663,0.007209,0.073895,0.0001,,,,,0,gru
101,133052,595.0966,462.9243,1433,1,1,0,0,0.2987,2.128,goal,1812.4,-0.018734,0.405939,-0.85149,0.873304,5.383777,0.796494,0.478076,5.997131,0.39306,0.395369,-0.548939,1.002632,,,,,,,,,,,,,,0,gru
102,133088,-39.513,442.5247,36,0,0,1,0,3.8412,1.996,collision,1812.9,-0.365026,0.315757,-0.813349,0.398316,5.35947,0.777404,2.630181,5.97081,0.266782,0.35342,-0.387793,1.0,,,,,,,,,,,,,,0,gru
103,133459,68.8358,433.1268,371,0,0,1,0,2.9739,2.1,collision,1817.6,0.023726,0.427642,-0.841237,0.816753,5.195216,0.912545,1.159104,5.993018,0.384831,0.399805,-0.485773,1.0,,,,,,,,,,,,,,0,gru
104,134853,578.6057,474.715,1394,1,1,0,0,0.2995,2.133,goal,1838.1,-0.00662,0.402105,-0.856298,0.841471,5.381829,0.763197,1.436826,5.996744,0.39348,0.395719,-0.515591,1.0,0.034735,0.004445,1.71992,0.004694,0.032656,0.095249,0.008307,0.057217,0.0001,,,,,0,gru
105,136289,592.5418,475.0375,1436,1,1,0,0,0.2999,2.117,goal,1857.2,0.016266,0.413078,-0.865715,0.883567,5.385816,0.74469,0.201295,5.99436,0.398387,0.396853,-0.662789,1.0,,,,,,,,,,,,,,0,gru
106,137836,577.7814,473.647,1547,1,1,0,0,0.298,2.097,goal,1877.8,-0.071437,0.417517,-0.883497,0.84521,5.365351,0.818854,0.343617,5.997694,0.416085,0.407204,-0.93786,1.0,,,,,,,,,,,,,,0,gru
107,139266,595.0766,474.879,1430,1,1,0,0,0.2989,2.13,goal,1896.7,-0.007683,0.402583,-0.85425,0.869587,5.366968,0.823004,0.799229,5.994412,0.398422,0.397357,-0.563132,1.000491,,,,,,,,,,,,,,0,gru
108,140695,592.061,474.9562,1429,1,1,0,0,0.2979,2.131,goal,1917.8,-0.017376,0.405225,-0.862547,0.8601,5.39625,0.767734,0.539449,5.998361,0.390783,0.393888,-0.633106,1.0,0.007961,0.000832,1.719235,0.004682,0.016141,0.146717,0.009636,0.080777,0.0001,,,,,0,gru
109,142125,593.1539,474.9355,1430,1,1,0,0,0.2983,2.132,goal,1937.6,-0.014392,0.404045,-0.889474,0.86009,5.394932,0.750039,1.005013,5.995777,0.390233,0.394289,-0.530894,1.000432,,,,,,,,,,,,,,0,gru
110,143622,586.3919,474.0032,1497,1,1,0,0,0.2998,2.138,goal,1957.7,-0.05021,0.395507,-0.847633,0.835987,5.4194,0.726298,0.788717,5.992999,0.4179,0.402839,-0.858292,1.004294,,,,,,,,,,,,,,0,gru
111,145041,587.6183,473.2553,1419,1,1,0,0,0.2996,2.133,goal,1976.8,0.019092,0.39969,-0.856807,0.863934,5.378119,0.770705,0.787707,5.997951,0.394935,0.395036,-0.634408,1.0,,,,,,,,,,,,,,0,gru
112,146472,593.5343,536.5601,1431,1,1,0,0,0.2993,2.135,goal,1998.4,-0.015608,0.400625,-0.845028,0.837397,5.375362,0.784271,0.576955,5.996144,0.392182,0.394114,-0.560073,1.002034,-0.000547,0.000855,1.718591,0.00467,0.014446,0.201432,0.010043,0.119255,0.0001,,,,,0,gru
113,147905,594.0313,589.0796,1433,1,1,0,0,0.2997,2.13,goal,2018.0,-0.02252,0.404841,-0.873408,0.882582,5.40715,0.733786,0.479313,5.996336,0.393079,0.395273,-0.663008,1.0,,,,,,,,,,,,,,0,gru
114,149320,588.5254,590.0716,1415,1,1,0,0,0.2987,2.151,goal,2037.0,-0.002141,0.39316,-0.829162,0.815973,5.397191,0.748652,0.811234,5.995777,0.393965,0.394329,-0.568549,1.0,,,,,,,,,,,,,,0,gru
115,150749,586.6396,589.4814,1429,1,1,0,0,0.2988,2.115,goal,2056.4,0.017211,0.414385,-0.878492,0.869799,5.361333,0.813402,0.597063,5.996311,0.393483,0.394965,-0.600453,1.0,,,,,,,,,,,,,,0,gru
116,151110,67.9476,538.498,361,0,0,1,0,3.0466,2.131,collision,2064.8,0.061858,0.395933,-0.805133,0.845637,5.24648,0.892957,1.029836,5.984444,0.383512,0.39384,-0.47462,1.0,-0.004409,0.003689,1.718546,0.004658,0.027111,0.171949,0.015996,0.105087,0.0001,,,,,0,gru
117,151748,166.8656,495.6769,638,0,0,1,0,2.2851,2.161,collision,2072.9,0.021535,0.387691,-0.796493,0.879295,5.453072,0.629453,1.879555,5.997521,0.400856,0.396199,-0.549597,1.0,,,,,,,,,,,,,,0,gru
118,153317,565.4747,493.0183,1569,1,1,0,0,0.2995,2.088,goal,2094.4,-0.064648,0.42435,-0.889795,0.856982,5.386354,0.808099,0.382807,5.997756,0.417632,0.410501,-0.995555,1.0,,,,,,,,,,,,,,0,gru
119,154768,591.553,492.8582,1451,1,1,0,0,0.2996,2.111,goal,2114.3,-0.034806,0.414175,-0.84625,0.862503,5.332636,0.800644,0.459991,5.996696,0.390341,0.394709,-0.605283,1.0,,,,,,,,,,,,,,0,gru
120,156198,592.3625,493.4552,1430,1,1,0,0,0.2991,2.134,goal,2136.3,-0.010855,0.402083,-0.843189,0.848526,5.36908,0.801199,0.685732,5.995507,0.394459,0.394889,-0.553759,1.000777,0.04478,0.00253,1.718886,0.004646,0.019848,0.107675,0.004952,0.061857,0.0001,,,,,0,gru
121,157642,592.9076,493.9842,1444,1,1,0,0,0.2984,2.119,goal,2155.8,-0.001076,0.410671,-0.861693,0.887823,5.367521,0.795096,0.458504,5.996563,0.39407,0.395194,-0.643188,1.0,,,,,,,,,,,,,,0,gru
122,158291,169.5871,451.5894,649,0,0,1,0,2.3381,2.129,collision,2164.5,-0.051972,0.407475,-0.867923,0.817374,5.409218,0.711022,1.425152,5.996624,0.389074,0.391375,-0.484453,1.008984,,,,,,,,,,,,,,0,gru
123,159836,562.3477,448.4211,1545,1,1,0,0,0.2977,2.107,goal,2185.5,-0.065484,0.418199,-0.864235,0.86446,5.369351,0.797075,0.273449,5.999093,0.413489,0.408214,-0.988194,1.0,,,,,,,,,,,,,,0,gru
124,161248,582.448,447.8133,1412,1,1,0,0,0.2995,2.121,goal,2206.5,-0.014055,0.40624,-0.835284,0.885142,5.304996,0.852201,0.368128,5.994407,0.395134,0.396786,-0.539829,1.0,0.035992,0.002489,1.719015,0.004634,0.022378,0.102416,0.006275,0.054991,0.0001,,,,,0,gru
125,162691,595.7849,448.7279,1443,1,1,0,0,0.298,2.122,goal,2225.8,-0.030583,0.406579,-0.855959,0.832994,5.362257,0.799296,0.389792,5.996885,0.391639,0.394065,-0.671638,1.003053,,,,,,,,,,,,,,0,gru
126,163324,163.7198,458.3051,633,0,0,1,0,2.2772,2.125,collision,2234.4,-0.060527,0.401614,-0.862902,0.859628,5.446622,0.60355,0.297922,5.993137,0.386129,0.390928,-0.504395,1.0,,,,,,,,,,,,,,0,gru
127,163969,164.746,458.0931,645,0,0,1,0,2.3181,2.138,collision,2243.6,0.03837,0.396668,-0.834121,0.853013,5.384696,0.721665,1.446847,5.993359,0.401281,0.39737,-0.677699,1.003848,,,,,,,,,,,,,,0,gru
128,164616,167.3954,418.2852,647,0,0,1,0,2.3333,2.132,collision,2253.9,-0.016463,0.402031,-0.863167,0.836294,5.392846,0.757316,1.071769,5.990109,0.388599,0.392731,-0.460225,1.006775,0.012632,0.007679,1.719276,0.004622,0.04055,0.174041,0.013786,0.094859,0.0001,,,,,0,gru
129,166045,590.9983,418.2297,1429,1,1,0,0,0.2999,2.15,goal,2273.2,-0.000591,0.390505,-0.831448,0.844265,5.307752,0.841194,0.421556,5.995865,0.397465,0.396533,-0.669446,1.005633,,,,,,,,,,,,,,0,gru
130,167492,589.3751,417.931,1447,1,1,0,0,0.298,2.136,goal,2292.2,-0.00805,0.403129,-0.873452,0.870106,5.321985,0.820598,0.289022,5.998106,0.391509,0.395382,-0.792398,1.0,,,,,,,,,,,,,,0,gru
131,168919,594.2193,418.0622,1427,1,1,0,0,0.2999,2.132,goal,2312.0,-0.029906,0.401596,-0.859341,0.837688,5.347123,0.778774,1.212024,5.997761,0.393765,0.393936,-0.590853,1.000202,,,,,,,,,,,,,,0,gru
132,170421,573.0305,458.4065,1502,1,1,0,0,0.299,2.108,goal,2335.0,-0.04947,0.415369,-0.868018,0.870207,5.346356,0.832511,0.252048,5.999048,0.413972,0.405192,-0.927143,1.0,0.006829,0.001158,1.720323,0.00461,0.017751,0.113623,0.013474,0.061439,0.0001,,,,,0,gru
133,171842,588.776,461.0493,1421,1,1,0,0,0.2994,2.142,goal,2354.5,-0.006891,0.403119,-0.867759,0.844692,5.363356,0.76283,0.588832,5.995234,0.392014,0.394119,-0.55531,1.0,,,,,,,,,,,,,,0,gru
134,173276,577.2488,460.5294,1434,1,1,0,0,0.2998,2.131,goal,2374.3,-0.001028,0.409552,-0.861541,0.882217,5.368468,0.76695,0.856803,5.996104,0.389551,0.401606,-0.825783,1.0,,,,,,,,,,,,,,0,gru
135,174699,585.0905,459.46,1423,1,1,0,0,0.2995,2.139,goal,2393.6,0.011326,0.400078,-0.880882,0.840259,5.330401,0.791062,1.131245,5.995884,0.395051,0.396965,-0.588813,1.0,,,,,,,,,,,,,,0,gru
136,176247,572.7563,500.3636,1548,1,1,0,0,0.2998,2.118,goal,2419.0,-0.057672,0.409926,-0.870034,0.835561,5.299283,0.818827,1.152336,5.994955,0.416328,0.408066,-0.963151,1.0,-0.007572,0.00099,1.721441,0.004598,0.014438,0.124391,0.005956,0.062642,0.0001,,,,,0,gru
137,176891,168.6345,500.7525,644,0,0,1,0,2.3247,2.132,collision,2427.9,-0.034533,0.402671,-0.869685,0.812589,5.408836,0.682539,1.106154,5.995098,0.392299,0.391007,-0.482191,1.004217,,,,,,,,,,,,,,0,gru
138,177529,165.8291,500.5958,638,0,0,1,0,2.3082,2.143,collision,2436.8,-0.04146,0.395727,-0.841897,0.794129,5.383594,0.73988,0.735767,5.997024,0.390095,0.392204,-0.467923,1.0,,,,,,,,,,,,,,0,gru
139,177912,69.9185,448.4879,383,0,0,1,0,2.9494,2.099,collision,2442.1,0.099434,0.411167,-0.809038,0.857311,5.122939,0.940615,0.756359,5.991606,0.398857,0.404088,-0.51428,1.0,,,,,,,,,,,,,,0,gru
140,179342,586.3116,448.1815,1430,1,1,0,0,0.2993,2.125,goal,2462.8,-0.011054,0.408734,-0.841307,0.860323,5.329494,0.797246,0.503176,5.995996,0.393321,0.394613,-0.595372,1.0,-0.008781,0.009207,1.721093,0.004586,0.046682,0.201897,0.022411,0.112246,0.0001,,,,,0,gru
141,180880,562.9051,445.0501,1538,1,1,0,0,0.2989,2.098,goal,2483.9,-0.066606,0.42071,-0.866149,0.875784,5.335268,0.807817,0.402901,5.993666,0.415748,0.409125,-0.990163,1.0,,,,,,,,,,,,,,0,gru
142,180934,-37.9587,383.9512,54,0,0,1,0,3.8216,2.06,collision,2484.7,0.210551,0.369988,-0.725367,0.816828,4.44666,1.429948,0.960052,5.984052,0.228142,0.322407,-0.646762,1.0,,,,,,,,,,,,,,0,gru
143,182343,573.7114,382.4447,1409,1,1,0,0,0.2979,2.137,goal,2503.5,0.011935,0.401097,-0.851345,0.850311,5.314773,0.833664,0.524225,5.998623,0.391647,0.396295,-0.611063,1.0,,,,,,,,,,,,,,0,gru
144,183773,589.253,383.6451,1430,1,1,0,0,0.2974,2.145,goal,2525.3,-0.000152,0.394825,-0.855652,0.84414,5.326001,0.790157,0.785994,5.999387,0.395604,0.396724,-0.583821,1.001673,0.056156,0.002186,1.720079,0.004574,0.018235,0.10783,0.009227,0.059594,0.0001,,,,,0,gru
145,184412,165.8359,341.7197,639,0,0,1,0,2.2935,2.114,collision,2534.3,-0.038009,0.412827,-0.867997,0.8477,5.36552,0.719055,1.300657,5.985537,0.392259,0.393735,-0.516924,1.0,,,,,,,,,,,,,,0,gru
146,185819,584.834,342.9274,1407,1,1,0,0,0.2993,2.146,goal,2553.9,-0.007976,0.394916,-0.841309,0.845692,5.347156,0.786421,1.092698,5.996952,0.391249,0.393241,-0.610061,1.0,,,,,,,,,,,,,,0,gru
147,187264,583.1695,384.3809,1445,1,1,0,0,0.2993,2.121,goal,2573.6,0.003502,0.409559,-0.882451,0.830068,5.340735,0.798736,0.494611,5.998304,0.391444,0.397191,-0.786618,1.0,,,,,,,,,,,,,,0,gru
148,188691,587.7362,426.5716,1427,1,1,0,0,0.2994,2.125,goal,2594.8,-0.017764,0.406305,-0.84026,0.838265,5.322861,0.809521,0.622648,5.997328,0.392532,0.395511,-0.558107,1.0,0.051139,0.002839,1.71869,0.004562,0.024623,0.123274,0.008004,0.068968,0.0001,,,,,0,gru
149,190106,584.745,478.0543,1415,1,1,0,0,0.2979,2.148,goal,2614.2,-0.003632,0.393848,-0.858958,0.884752,5.33963,0.806696,0.935949,5.997692,0.392898,0.39518,-0.553573,1.0,,,,,,,,,,,,,,0,gru
150,191556,589.5269,478.3758,1450,1,1,0,0,0.2995,2.156,goal,2634.5,-0.02208,0.387899,-0.854572,0.809536,5.35816,0.797487,1.128316,5.997013,0.393193,0.396232,-0.892927,1.00781,,,,,,,,,,,,,,0,gru
151,192186,162.483,438.3336,630,0,0,1,0,2.2322,2.143,collision,2642.9,-0.000378,0.396627,-0.785911,0.82863,5.380417,0.758299,1.339998,5.995932,0.391335,0.394039,-0.555889,1.0,,,,,,,,,,,,,,0,gru
152,193628,594.574,501.5869,1442,1,1,0,0,0.2981,2.132,goal,2666.4,-0.033775,0.402467,-0.836941,0.867649,5.34958,0.782805,0.601593,5.995564,0.395306,0.396043,-0.610423,1.004094,0.039077,0.003038,1.718071,0.00455,0.025917,0.135353,0.010966,0.077171,0.0001,,,,,0,gru
153,194261,163.0983,460.5256,633,0,0,1,0,2.2423,2.132,collision,2675.3,-0.001283,0.401044,-0.839586,0.83575,5.36698,0.737099,0.993042,5.990602,0.394173,0.393196,-0.541602,1.0,,,,,,,,,,,,,,0,gru
154,195799,565.1013,458.1104,1538,1,1,0,0,0.2977,2.128,goal,2696.4,-0.0607,0.40071,-0.873064,0.887136,5.338635,0.807938,0.617086,5.997833,0.418985,0.409565,-0.969636,1.0,,,,,,,,,,,,,,0,gru
155,196439,163.0368,457.8305,640,0,0,1,0,2.251,2.117,collision,2704.5,-0.061006,0.416093,-0.872242,0.839997,5.386344,0.691945,2.118894,5.993468,0.387785,0.393939,-0.569406,1.0,,,,,,,,,,,,,,0,gru
156,197885,592.8529,458.6324,1446,1,1,0,0,0.299,2.146,goal,2726.8,-0.002641,0.391689,-0.826942,0.8758,5.304405,0.85085,0.365191,5.990051,0.394344,0.395484,-0.763485,1.007591,-0.047411,0.007358,1.718483,0.004538,0.042206,0.301387,0.033002,0.183354,0.0001,,,,,0,gru
157,199319,586.8822,459.0037,1434,1,1,0,0,0.2992,2.127,goal,2746.5,0.024045,0.40229,-0.810024,0.837278,5.268294,0.865215,0.547036,5.993881,0.396772,0.397392,-0.68164,1.0,,,,,,,,,,,,,,0,gru
158,199954,167.4582,416.9759,635,0,0,1,0,2.2467,2.164,collision,2755.2,-0.008925,0.378445,-0.805467,0.827754,5.333838,0.777416,0.967659,5.988616,0.394593,0.393905,-0.393045,1.0,,,,,,,,,,,,,,0,gru
159,200598,164.731,374.9745,644,0,0,1,0,2.3166,2.146,collision,2764.0,0.055189,0.394935,-0.848208,0.873905,5.334788,0.747897,0.874167,5.995019,0.401913,0.39702,-0.734654,1.005968,,,,,,,,,,,,,,0,gru
160,202018,583.8689,374.4087,1420,1,1,0,0,0.2985,2.144,goal,2785.8,0.002046,0.390972,-0.842399,0.82471,5.265987,0.908422,0.671857,5.995234,0.39166,0.394933,-0.668353,1.0,0.074883,0.003161,1.719286,0.004526,0.023102,0.10357,0.008573,0.057137,0.0001,,,,,0,gru
161,203458,596.3564,417.796,1440,1,1,0,0,0.2995,2.122,goal,2805.4,-0.001087,0.408492,-0.857676,0.876196,5.275223,0.866692,0.310662,5.992724,0.396779,0.397053,-0.561032,1.003082,,,,,,,,,,,,,,0,gru
162,204092,165.2261,374.8612,634,0,0,1,0,2.2506,2.161,collision,2814.3,-0.001021,0.385054,-0.856074,0.823707,5.335172,0.798894,0.37465,5.994459,0.392785,0.394125,-0.416882,1.0,,,,,,,,,,,,,,0,gru
163,205637,564.2092,414.9723,1545,1,1,0,0,0.2987,2.112,goal,2835.3,-0.037907,0.409337,-0.861933,0.869562,5.250025,0.931168,0.656185,5.995895,0.412863,0.407194,-0.986441,1.0,,,,,,,,,,,,,,0,gru
164,207045,577.7929,416.2415,1408,1,1,0,0,0.2975,2.134,goal,2857.0,0.004604,0.400054,-0.852379,0.860408,5.301536,0.830207,1.092977,5.996841,0.394394,0.397458,-0.621748,1.0,0.045013,0.002266,1.719978,0.004514,0.022595,0.081736,0.00854,0.044559,0.0001,,,,,0,gru
165,208484,584.9712,458.4349,1439,1,1,0,0,0.2995,2.14,goal,2877.1,0.003832,0.3965,-0.871289,0.844898,5.234971,0.891196,0.765447,5.997976,0.394181,0.396287,-0.742695,1.0,,,,,,,,,,,,,,0,gru
166,209921,589.8412,458.1337,1437,1,1,0,0,0.2991,2.131,goal,2896.4,-0.024486,0.400782,-0.851809,0.83359,5.278968,0.826457,0.207397,5.994723,0.392813,0.395843,-0.668797,1.0,,,,,,,,,,,,,,0,gru
167,211379,589.4054,458.386,1458,1,1,0,0,0.299,2.138,goal,2916.7,0.01248,0.39827,-0.857779,0.859932,5.25292,0.86336,0.522738,5.995455,0.397418,0.398192,-0.709845,1.003451,,,,,,,,,,,,,,0,gru
168,212012,167.3373,458.374,633,0,0,1,0,2.1983,2.156,collision,2927.6,-0.040162,0.386974,-0.832713,0.791515,5.281661,0.767352,0.775114,5.994225,0.396387,0.397037,-0.401568,1.0,0.026462,0.002711,1.720259,0.004502,0.023234,0.114599,0.007572,0.064195,0.0001,,,,,0,gru
169,213425,577.707,499.6716,1413,1,1,0,0,0.2979,2.145,goal,2946.9,0.009422,0.395362,-0.844311,0.870965,5.24922,0.847973,0.500943,5.994793,0.389998,0.394697,-0.677655,1.0,,,,,,,,,,,,,,0,gru
170,214865,590.0715,500.2918,1440,1,1,0,0,0.2992,2.128,goal,2966.5,-0.032832,0.401193,-0.874026,0.851714,5.288865,0.838578,0.426269,5.994835,0.393809,0.395122,-0.70757,1.0,,,,,,,,,,,,,,0,gru
171,216285,580.9692,498.7531,1420,1,1,0,0,0.2986,2.127,goal,2985.6,0.009357,0.395279,-0.847631,0.857178,5.222662,0.965221,0.315563,5.995563,0.392893,0.394886,-0.704461,1.0,,,,,,,,,,,,,,0,gru
172,217706,586.3829,540.8688,1421,1,1,0,0,0.2989,2.145,goal,3007.7,-0.017033,0.396754,-0.860104,0.840736,5.294501,0.829946,0.914315,5.99707,0.389552,0.394536,-0.650768,1.0,-0.001361,0.000956,1.720498,0.00449,0.016197,0.129963,0.008177,0.072747,0.0001,,,,,0,gru
173,219136,582.5192,542.6998,1430,1,1,0,0,0.2998,2.128,goal,3026.6,-0.021958,0.406956,-0.827665,0.848434,5.299759,0.790314,0.602264,5.996012,0.387981,0.394686,-0.855158,1.0,,,,,,,,,,,,,,0,gru
174,220567,586.3123,543.5517,1431,1,1,0,0,0.2992,2.153,goal,3046.1,-0.00273,0.389181,-0.843842,0.833233,5.299441,0.82912,0.338097,5.996346,0.394532,0.396012,-0.725375,1.000952,,,,,,,,,,,,,,0,gru
175,222001,588.3505,543.8896,1434,1,1,0,0,0.2998,2.142,goal,3066.5,-0.018042,0.397481,-0.84028,0.846444,5.299723,0.826945,0.307921,5.994315,0.389843,0.398076,-0.63381,1.009222,,,,,,,,,,,,,,0,gru
176,222644,165.5185,501.4574,643,0,0,1,0,2.3075,2.153,collision,3078.2,-0.037005,0.391101,-0.847382,0.845479,5.339378,0.759843,1.023172,5.993911,0.386071,0.390559,-0.524313,1.000749,0.037676,0.002555,1.720896,0.004478,0.021752,0.122688,0.007677,0.065745,0.0001,,,,,0,gru
177,224071,583.3816,500.855,1427,1,1,0,0,0.2993,2.117,goal,3097.6,-0.003676,0.407975,-0.834548,0.882203,5.266043,0.84667,0.513837,5.997328,0.392788,0.396107,-0.646798,1.0,,,,,,,,,,,,,,0,gru
178,225500,591.1159,543.2329,1429,1,1,0,0,0.2989,2.158,goal,3116.8,-0.015153,0.389038,-0.854192,0.861982,5.305221,0.813149,1.384771,5.996373,0.393425,0.394265,-0.727005,1.006626,,,,,,,,,,,,,,0,gru
179,226940,588.6001,544.3222,1440,1,1,0,0,0.2995,2.131,goal,3136.9,0.021191,0.402586,-0.839003,0.83761,5.285356,0.834967,0.643565,5.997204,0.39972,0.398799,-0.661888,1.000267,,,,,,,,,,,,,,0,gru
180,228366,588.5651,544.1715,1426,1,1,0,0,0.2984,2.134,goal,3159.3,-0.005745,0.397996,-0.811287,0.85647,5.292649,0.841462,0.601144,5.996908,0.391203,0.394191,-0.578562,1.0,-0.011773,0.00112,1.720002,0.004466,0.013508,0.120611,0.006592,0.06271,0.0001,,,,,0,gru
181,228998,166.2442,502.699,632,0,0,1,0,2.2552,2.133,collision,3167.9,0.001731,0.39991,-0.826883,0.845696,5.363654,0.729667,1.799891,5.99491,0.395326,0.393946,-0.410773,1.0,,,,,,,,,,,,,,0,gru
182,230430,585.8787,502.6486,1432,1,1,0,0,0.2996,2.123,goal,3188.7,-0.019996,0.409529,-0.884316,0.853525,5.233319,0.882197,1.007613,5.997456,0.392056,0.392372,-0.486405,1.0,,,,,,,,,,,,,,0,gru
183,231853,587.0613,503.1028,1423,1,1,0,0,0.2983,2.141,goal,3209.0,-0.001884,0.398012,-0.853126,0.838899,5.273761,0.84262,0.578577,5.993784,0.392322,0.395008,-0.619228,1.0,,,,,,,,,,,,,,0,gru
184,233300,589.6512,503.4367,1447,1,1,0,0,0.2992,2.148,goal,3231.4,0.009561,0.390726,-0.832475,0.863831,5.306029,0.804924,0.818758,5.994805,0.396038,0.396522,-0.683898,1.007563,0.034438,0.002363,1.718481,0.004454,0.021903,0.076812,0.011967,0.042382,0.0001,,,,,0,gru
185,234739,590.7338,503.675,1439,1,1,0,0,0.2999,2.143,goal,3251.0,-0.001973,0.394215,-0.842983,0.870238,5.27383,0.80125,0.337192,5.994693,0.39232,0.39373,-0.620878,1.003619,,,,,,,,,,,,,,0,gru
186,234775,-41.5442,482.9688,36,0,0,1,0,3.8301,1.912,collision,3251.6,0.372407,0.299481,-0.511266,0.797226,3.937468,1.400831,1.179209,5.913659,0.20627,0.31863,-0.601325,1.0,,,,,,,,,,,,,,0,gru
187,236208,581.7634,482.807,1433,1,1,0,0,0.2993,2.119,goal,3270.9,-0.006984,0.412099,-0.855653,0.851419,5.290044,0.83306,0.344072,5.996805,0.391235,0.397581,-0.728074,1.0,,,,,,,,,,,,,,0,gru
188,237646,593.5427,483.0496,1438,1,1,0,0,0.2996,2.136,goal,3292.1,-0.020193,0.39899,-0.85258,0.853002,5.263367,0.798725,1.020831,5.997161,0.39063,0.393719,-0.625251,1.005085,0.028939,0.001356,1.717596,0.004442,0.014159,0.130426,0.005618,0.073357,0.0001,,,,,0,gru
189,239060,579.9792,482.1875,1414,1,1,0,0,0.2993,2.169,goal,3311.2,0.010683,0.382111,-0.820962,0.86517,5.230554,0.873301,1.121616,5.991795,0.390375,0.394695,-0.681367,1.0,,,,,,,,,,,,,,0,gru
190,240507,586.6028,481.9913,1447,1,1,0,0,0.2998,2.134,goal,3330.8,-0.016346,0.401554,-0.870496,0.84992,5.255627,0.836139,0.390471,5.998467,0.388063,0.394569,-0.772529,1.0,,,,,,,,,,,,,,0,gru
191,241144,166.5278,482.0197,637,0,0,1,0,2.3168,2.126,collision,3339.3,-0.060775,0.404114,-0.868713,0.80181,5.352864,0.739548,1.371673,5.994125,0.385838,0.388549,-0.426549,1.0,,,,,,,,,,,,,,0,gru
192,242558,582.0005,481.6318,1414,1,1,0,0,0.2993,2.135,goal,3360.4,-0.008892,0.403094,-0.840654,0.83761,5.237689,0.874626,0.583841,5.996062,0.392117,0.395341,-0.615526,1.0,0.020449,0.002983,1.716866,0.00443,0.024512,0.156264,0.016868,0.082959,0.0001,,,,,0,gru
193,243994,588.2899,481.7547,1436,1,1,0,0,0.2976,2.157,goal,3379.6,-0.003263,0.384622,-0.847379,0.834781,5.263274,0.85062,0.505366,5.990319,0.393975,0.394677,-0.66833,1.006189,,,,,,,,,,,,,,0,gru
194,244646,163.9662,439.1862,652,0,0,1,0,2.3464,2.131,collision,3388.3,0.031423,0.400717,-0.823234,0.822863,5.342448,0.768555,1.045387,5.989419,0.403926,0.398228,-0.703795,1.0097,,,,,,,,,,,,,,0,gru
195,246077,576.9244,437.8053,1431,1,1,0,0,0.2989,2.124,goal,3407.0,-0.003509,0.403749,-0.84967,0.856285,5.217806,0.888356,1.036351,5.993968,0.392783,0.397318,-0.710714,1.0,,,,,,,,,,,,,,0,gru
196,247503,586.1522,500.5749,1426,1,1,0,0,0.2994,2.139,goal,3428.2,-0.017659,0.397014,-0.856506,0.844167,5.204167,0.883049,0.382007,5.995693,0.387479,0.394128,-0.702934,1.0,0.030959,0.002564,1.715953,0.004418,0.019893,0.109803,0.007774,0.061014,0.0001,,,,,0,gru
197,248138,161.6502,458.5636,635,0,0,1,0,2.2283,2.136,collision,3436.6,0.058236,0.396319,-0.784653,0.825432,5.281015,0.783276,0.928802,5.997477,0.399907,0.397506,-0.724484,1.0,,,,,,,,,,,,,,0,gru
198,249568,587.8519,457.9945,1430,1,1,0,0,0.2984,2.144,goal,3455.8,0.005165,0.395623,-0.840828,0.831481,5.259284,0.808073,0.428467,5.994324,0.393314,0.39455,-0.661903,1.0,,,,,,,,,,,,,,0,gru
199,250990,585.309,458.5275,1422,1,1,0,0,0.2991,2.149,goal,3474.1,-0.025528,0.389648,-0.847099,0.846992,5.253717,0.857065,0.665457,5.994578,0.389522,0.393963,-0.70667,1.0,,,,,,,,,,,,,,0,gru
200,252421,584.4219,458.3094,1431,1,1,0,0,0.2987,2.155,goal,3495.5,0.010741,0.38973,-0.872889,0.83636,5.257864,0.850484,1.104958,5.99605,0.395798,0.397079,-0.706611,1.0,0.033211,0.00257,1.715766,0.004406,0.019941,0.095005,0.005876,0.052761,0.0001,,,,,0,gru
201,253067,166.2073,458.2773,646,0,0,1,0,2.2986,2.133,collision,3504.2,-0.030566,0.398801,-0.853744,0.84116,5.24525,0.852744,0.896228,5.992575,0.390006,0.393482,-0.46421,1.0,,,,,,,,,,,,,,0,gru
202,253718,168.6067,416.938,651,0,0,1,0,2.3292,2.128,collision,3512.9,-0.00662,0.408792,-0.853349,0.808239,5.218931,0.828954,0.796005,5.994214,0.396164,0.395371,-0.456579,1.008808,,,,,,,,,,,,,,0,gru
203,254357,167.9229,374.9013,639,0,0,1,0,2.2751,2.161,collision,3521.8,-0.010844,0.384017,-0.833969,0.818306,5.235362,0.839775,0.607247,5.996467,0.398712,0.393383,-0.448054,1.0,,,,,,,,,,,,,,0,gru
204,255892,560.2567,414.5303,1535,1,1,0,0,0.2989,2.09,goal,3544.1,-0.038105,0.421171,-0.881674,0.863345,5.090583,1.006168,0.441163,5.995781,0.411914,0.408056,-0.995068,1.0,0.013966,0.007041,1.715835,0.004394,0.038173,0.118101,0.015824,0.064831,0.0001,,,,,0,gru
205,257420,571.1385,413.9517,1528,1,1,0,0,0.2999,2.136,goal,3564.6,0.036945,0.394486,-0.840812,0.869692,5.243589,0.860561,0.674284,5.994601,0.384547,0.404435,-0.974621,1.005454,,,,,,,,,,,,,,0,gru
206,258876,590.5816,414.3947,1456,1,1,0,0,0.2997,2.133,goal,3584.2,-0.003958,0.39289,-0.871035,0.840855,5.18657,0.947523,0.361363,5.995795,0.388972,0.39498,-0.70984,1.001529,,,,,,,,,,,,,,0,gru
207,260393,559.5517,454.1848,1517,1,1,0,0,0.2998,2.13,goal,3604.5,-0.034774,0.401515,-0.857121,0.834664,5.248409,0.862122,0.707853,5.992316,0.409638,0.411337,-0.954761,1.0,,,,,,,,,,,,,,0,gru
208,261045,160.826,411.4822,652,0,0,1,0,2.3054,2.135,collision,3615.9,0.035189,0.400955,-0.840434,0.862593,5.294657,0.797202,0.947454,5.996675,0.406391,0.399711,-0.700161,1.0,0.028885,0.002585,1.715948,0.004382,0.027465,0.133174,0.007912,0.07495,0.0001,,,,,0,gru
209,261693,166.5573,369.6071,648,0,0,1,0,2.3162,2.14,collision,3624.3,-0.024417,0.397267,-0.834004,0.850415,5.243933,0.821215,1.043203,5.990544,0.390293,0.392981,-0.554487,1.002231,,,,,,,,,,,,,,0,gru
210,261723,-40.9511,307.0698,30,0,0,1,0,3.8425,2.013,collision,3624.7,-0.299092,0.330296,-0.803346,0.33761,4.748535,1.293145,1.109264,5.87397,0.26582,0.352357,-0.27796,1.0,,,,,,,,,,,,,,0,gru
211,262353,158.0447,306.2535,630,0,0,1,0,2.3338,2.141,collision,3633.1,-0.046276,0.390531,-0.860454,0.796867,5.180708,0.861369,0.937865,5.994946,0.394129,0.402822,-0.492787,1.0,,,,,,,,,,,,,,0,gru
212,263787,579.7979,347.3726,1434,1,1,0,0,0.2997,2.135,goal,3653.4,-0.003537,0.400646,-0.850545,0.84702,5.175903,0.901855,0.757241,5.998403,0.386635,0.400233,-0.801949,1.0,0.049625,0.006351,1.71642,0.00437,0.040157,0.179298,0.008454,0.104336,0.0001,,,,,0,gru
213,265292,579.2219,388.5025,1505,1,1,0,0,0.2999,2.149,goal,3673.0,-0.018036,0.387736,-0.85576,0.816302,5.161729,0.934487,0.567717,5.995322,0.380775,0.397215,-0.999985,1.0,,,,,,,,,,,,,,0,gru
214,265933,166.9873,349.1756,641,0,0,1,0,2.1903,2.159,collision,3681.6,-0.030706,0.385973,-0.810753,0.874495,5.237753,0.827873,1.094322,5.995303,0.404476,0.399533,-0.478092,1.0,,,,,,,,,,,,,,0,gru
215,267359,586.5975,350.7215,1426,1,1,0,0,0.2991,2.139,goal,3700.3,-0.008381,0.39653,-0.847212,0.866813,5.172223,0.894383,0.88765,5.991385,0.39245,0.396064,-0.587906,1.0,,,,,,,,,,,,,,0,gru
216,268000,163.8308,308.0464,641,0,0,1,0,2.2332,2.165,collision,3711.3,-0.026907,0.384783,-0.852066,0.857946,5.257288,0.799522,1.846059,5.996083,0.395305,0.396435,-0.50907,1.0,-0.017875,0.00788,1.716969,0.004358,0.05124,0.266712,0.034715,0.152388,0.0001,,,,,0,gru
217,268638,165.0719,268.5984,638,0,0,1,0,2.2416,2.163,collision,3719.8,-0.02489,0.381166,-0.840208,0.838292,5.23256,0.841739,1.215149,5.986028,0.395859,0.393333,-0.506707,1.0,,,,,,,,,,,,,,0,gru
218,270253,570.6305,309.5789,1615,1,1,0,0,0.2991,2.122,goal,3741.6,-0.03704,0.408976,-0.858455,0.856272,5.172797,0.882173,0.683774,5.999036,0.406434,0.410286,-0.954592,1.004178,,,,,,,,,,,,,,0,gru
219,271810,565.2,349.4431,1557,1,1,0,0,0.2993,2.127,goal,3761.6,-0.033832,0.405327,-0.875102,0.85231,5.169823,0.896528,0.287433,5.998023,0.402609,0.408907,-0.923839,1.0,,,,,,,,,,,,,,0,gru
220,272142,58.309,359.3691,332,0,0,1,0,3.0554,2.117,collision,3768.0,0.081388,0.392428,-0.818687,0.835723,4.883173,1.117016,0.791747,5.993125,0.375861,0.392828,-0.476905,1.0,0.001517,0.003657,1.71755,0.004346,0.031724,0.206517,0.017686,0.121288,0.0001,,,,,0,gru
221,273559,580.6509,401.6298,1417,1,1,0,0,0.2987,2.147,goal,3786.5,-0.002335,0.392697,-0.852706,0.866576,5.175289,0.898332,0.791407,5.995537,0.390438,0.395145,-0.633033,1.0,,,,,,,,,,,,,,0,gru
222,274984,587.5517,402.4051,1425,1,1,0,0,0.2983,2.131,goal,3805.2,-0.017974,0.399413,-0.823323,0.853292,5.163959,0.912071,0.67369,5.992406,0.390727,0.394723,-0.567757,1.0,,,,,,,,,,,,,,0,gru
223,275631,168.3605,361.319,647,0,0,1,0,2.3254,2.104,collision,3813.7,-0.044857,0.412965,-0.835949,0.800037,5.162362,0.883038,0.749126,5.993382,0.387027,0.392718,-0.48232,1.000078,,,,,,,,,,,,,,0,gru
224,275970,61.6928,350.7896,339,0,0,1,0,3.0687,2.086,collision,3820.0,0.026876,0.422917,-0.836332,0.861714,4.984214,1.03148,0.454162,5.986986,0.366008,0.388098,-0.41486,1.0,0.015924,0.005112,1.717674,0.004334,0.035547,0.162005,0.010257,0.095048,0.0001,,,,,0,gru
225,276610,165.815,308.7113,640,0,0,1,0,2.266,2.154,collision,3828.3,0.035398,0.383229,-0.804128,0.831583,5.179022,0.882349,0.719857,5.988808,0.405201,0.397624,-0.583412,1.0,,,,,,,,,,,,,,0,gru
226,278029,583.8584,350.7141,1419,1,1,0,0,0.2994,2.111,goal,3846.9,-0.022699,0.414336,-0.841081,0.84374,5.090943,0.938514,0.525915,5.991562,0.388619,0.392326,-0.496551,1.0,,,,,,,,,,,,,,0,gru
227,278679,170.5156,351.2584,650,0,0,1,0,2.2978,2.149,collision,3855.1,-0.015877,0.390499,-0.859087,0.825733,5.224235,0.812033,1.454905,5.993699,0.399128,0.396105,-0.413316,1.005868,,,,,,,,,,,,,,0,gru
228,280105,586.0308,352.7985,1426,1,1,0,0,0.2993,2.122,goal,3875.8,-0.032127,0.406493,-0.845224,0.841987,5.165769,0.89614,0.882356,5.996837,0.388915,0.395594,-0.700754,1.0,-0.032574,0.004382,1.718047,0.004322,0.032133,0.154351,0.015413,0.078468,0.0001,,,,,0,gru
229,281519,588.4339,355.1219,1414,1,1,0,0,0.2983,2.136,goal,3894.2,-0.000714,0.398651,-0.863895,0.843633,5.19499,0.846221,0.481525,5.991055,0.388698,0.396579,-0.560608,1.0,,,,,,,,,,,,,,0,gru
230,282940,580.6848,407.3594,1421,1,1,0,0,0.2999,2.131,goal,3912.8,-0.020538,0.403039,-0.850802,0.835413,5.210691,0.876213,0.877498,5.989783,0.391153,0.396034,-0.585808,1.0,,,,,,,,,,,,,,0,gru
231,284365,591.8974,408.4841,1425,1,1,0,0,0.2993,2.145,goal,3931.3,-0.019689,0.393894,-0.872215,0.835382,5.216689,0.888409,0.422676,5.995554,0.392511,0.394308,-0.583564,1.003195,,,,,,,,,,,,,,0,gru
232,285910,581.709,407.8998,1545,1,1,0,0,0.2982,2.116,goal,3954.6,-0.032128,0.411201,-0.844473,0.846103,5.153962,0.908483,0.850241,5.993979,0.413488,0.404744,-0.923957,1.004719,-0.007633,0.001124,1.718808,0.00431,0.014285,0.115768,0.008264,0.066317,0.0001,,,,,0,gru
233,287438,594.9154,450.5553,1528,1,1,0,0,0.2989,2.116,goal,3974.0,-0.038036,0.407866,-0.850204,0.85083,5.174316,0.917349,0.95664,5.995818,0.412598,0.403197,-0.846295,1.007695,,,,,,,,,,,,,,0,gru
234,288972,574.5166,501.8377,1534,1,1,0,0,0.2991,2.136,goal,3993.6,-0.02868,0.397503,-0.846974,0.87835,5.250032,0.848434,0.323223,5.990341,0.41321,0.410719,-0.902222,1.0,,,,,,,,,,,,,,0,gru
235,290522,569.1167,542.1679,1550,1,1,0,0,0.2999,2.111,goal,4014.3,-0.043546,0.410661,-0.860627,0.847975,5.184194,0.924764,0.702774,5.992734,0.415328,0.409041,-0.983346,1.0,,,,,,,,,,,,,,0,gru
236,291163,166.305,500.4125,641,0,0,1,0,2.3086,2.151,collision,4025.9,-0.018405,0.393749,-0.806465,0.819579,5.248684,0.823562,0.800711,5.983691,0.391839,0.393511,-0.525891,1.001446,0.039796,0.002559,1.718548,0.004298,0.019936,0.099848,0.009421,0.056396,0.0001,,,,,0,gru
237,292592,584.812,541.8422,1429,1,1,0,0,0.2989,2.113,goal,4044.8,-0.016849,0.411732,-0.859637,0.844506,5.149081,0.935374,0.758538,5.994296,0.387964,0.394937,-0.595497,1.0,,,,,,,,,,,,,,0,gru
238,294018,578.2078,541.0599,1426,1,1,0,0,0.2991,2.133,goal,4063.3,0.025775,0.40066,-0.853718,0.843977,5.181126,0.905188,0.549996,5.993443,0.388053,0.39495,-0.644149,1.0,,,,,,,,,,,,,,0,gru
239,295444,575.6813,539.7846,1426,1,1,0,0,0.2995,2.126,goal,4081.9,0.010326,0.398578,-0.867651,0.822522,5.21821,0.892355,0.907259,5.993557,0.386114,0.395513,-0.637059,1.0,,,,,,,,,,,,,,0,gru
240,296862,591.7407,540.8902,1418,1,1,0,0,0.2989,2.153,goal,4103.1,-0.005196,0.388372,-0.887849,0.870229,5.236938,0.826765,0.491076,5.992439,0.392609,0.394703,-0.630766,1.00831,0.000126,0.00118,1.718162,0.004286,0.015383,0.110957,0.006541,0.063076,0.0001,,,,,0,gru
241,297502,165.5815,498.2586,640,0,0,1,0,2.2568,2.146,collision,4111.8,0.020668,0.393923,-0.859486,0.841932,5.265605,0.841389,1.054115,5.993797,0.40105,0.398358,-0.571931,1.0,,,,,,,,,,,,,,0,gru
242,298926,585.1184,498.5995,1424,1,1,0,0,0.2992,2.137,goal,4130.2,0.008879,0.399797,-0.845469,0.843135,5.191592,0.884609,0.894105,5.991392,0.39648,0.395701,-0.653549,1.0,,,,,,,,,,,,,,0,gru
243,300489,579.5967,497.0677,1563,1,1,0,0,0.2988,2.114,goal,4150.6,-0.041777,0.412838,-0.848033,0.880561,5.182896,0.870121,0.962813,5.993858,0.410468,0.405739,-0.956148,1.009507,,,,,,,,,,,,,,0,gru
244,301905,578.5945,497.4755,1416,1,1,0,0,0.2987,2.132,goal,4170.9,-0.013412,0.401516,-0.845984,0.820076,5.167808,0.916473,0.448625,5.998074,0.389425,0.396195,-0.656216,1.0,0.04262,0.002123,1.71754,0.004274,0.019065,0.111308,0.007889,0.061714,0.0001,,,,,0,gru
245,301931,-42.9609,436.2677,26,0,0,1,0,3.8426,2.085,collision,4171.2,-0.280382,0.28398,-0.747348,0.437552,4.801368,1.164618,1.280688,5.943545,0.262708,0.35449,-0.439798,1.0,,,,,,,,,,,,,,0,gru
246,302290,67.6403,426.4012,359,0,0,1,0,3.0765,2.084,collision,4175.9,0.001825,0.428642,-0.876988,0.833702,5.132624,0.938305,0.567617,5.98535,0.361479,0.385834,-0.437477,1.0,,,,,,,,,,,,,,0,gru
247,302928,160.0958,383.9296,638,0,0,1,0,2.272,2.11,collision,4184.4,0.034752,0.410217,-0.840665,0.871941,5.221054,0.905365,0.660858,5.992816,0.392366,0.394751,-0.667551,1.0,,,,,,,,,,,,,,0,gru
248,304352,590.4684,385.1557,1424,1,1,0,0,0.299,2.145,goal,4204.7,0.011603,0.390259,-0.811108,0.858287,5.231425,0.8588,0.51743,5.99542,0.395152,0.394619,-0.546934,1.001079,0.012905,0.008271,1.716511,0.004262,0.048616,0.214844,0.011559,0.11644,0.0001,,,,,0,gru
249,305742,574.985,385.086,1390,1,1,0,0,0.2999,2.143,goal,4222.5,-0.014309,0.397499,-0.843244,0.855721,5.181256,0.909312,0.716564,5.993243,0.393185,0.395531,-0.618583,1.0,,,,,,,,,,,,,,0,gru
250,307154,580.7395,383.9859,1412,1,1,0,0,0.2984,2.119,goal,4241.3,-0.022992,0.407834,-0.857643,0.881204,5.102503,0.971317,0.579924,5.993445,0.393227,0.391832,-0.476033,1.0,,,,,,,,,,,,,,0,gru
251,307195,-41.0887,363.3189,41,0,0,1,0,3.8261,1.84,collision,4241.9,0.38133,0.374529,-0.468303,0.814093,4.168398,1.346212,0.630348,5.848991,0.207599,0.319249,-0.664079,1.0,,,,,,,,,,,,,,0,gru
252,308606,580.9621,362.9033,1411,1,1,0,0,0.2973,2.121,goal,4262.0,-0.023721,0.406855,-0.872693,0.832555,5.113961,0.949562,0.648659,5.994255,0.393804,0.39272,-0.46884,1.0,-0.088919,0.002669,1.715335,0.00425,0.021447,0.166845,0.009485,0.103107,0.0001,,,,,0,gru
253,310031,579.6133,362.9049,1425,1,1,0,0,0.2984,2.12,goal,4280.2,0.01869,0.409135,-0.83437,0.862647,5.177424,0.871508,1.079859,5.994208,0.394254,0.397116,-0.670392,1.0,,,,,,,,,,,,,,0,gru
254,311485,592.3625,364.2817,1454,1,1,0,0,0.2982,2.132,goal,4299.2,0.011473,0.400628,-0.830308,0.867126,5.207403,0.883018,0.603948,5.993973,0.398441,0.397036,-0.654382,1.009075,,,,,,,,,,,,,,0,gru
255,312918,584.2513,427.0029,1433,1,1,0,0,0.2978,2.133,goal,4318.1,0.022768,0.401123,-0.849254,0.88306,5.156015,0.905288,0.683601,5.994786,0.394472,0.397518,-0.694073,1.0,,,,,,,,,,,,,,0,gru
256,313557,168.1449,437.0534,639,0,0,1,0,2.2814,2.158,collision,4329.6,-0.023692,0.38731,-0.847937,0.818001,5.22447,0.804924,0.891447,5.987579,0.394091,0.391797,-0.497355,1.0,0.047569,0.002572,1.7151,0.004238,0.020297,0.087642,0.004974,0.050479,0.0001,,,,,0,gru
257,314200,163.7178,437.4156,643,0,0,1,0,2.3169,2.119,collision,4338.1,0.011354,0.409659,-0.840778,0.820756,5.195796,0.887177,0.928615,5.99087,0.396653,0.397463,-0.61966,1.0,,,,,,,,,,,,,,0,gru
258,315612,578.8648,436.2552,1412,1,1,0,0,0.2995,2.124,goal,4356.9,-0.000889,0.404967,-0.873089,0.872658,5.124645,0.942779,0.773877,5.991414,0.389564,0.394801,-0.623741,1.0,,,,,,,,,,,,,,0,gru
259,317031,579.3017,436.6869,1419,1,1,0,0,0.2998,2.129,goal,4375.9,-0.010168,0.399384,-0.847396,0.851387,5.118422,0.950186,0.399449,5.996428,0.391061,0.395402,-0.561783,1.0,,,,,,,,,,,,,,0,gru
260,317662,165.3343,395.1464,631,0,0,1,0,2.2411,2.154,collision,4386.2,0.001951,0.390007,-0.8461,0.821257,5.172947,0.886375,1.461862,5.994124,0.396901,0.39565,-0.391904,1.0,0.047932,0.003502,1.714898,0.004226,0.025493,0.135594,0.0102,0.07844,0.0001,,,,,0,gru
261,319072,579.3876,457.194,1410,1,1,0,0,0.2999,2.15,goal,4405.2,-0.007814,0.393991,-0.848102,0.8439,5.185579,0.889354,0.471238,5.993726,0.3919,0.395217,-0.802622,1.0,,,,,,,,,,,,,,0,gru
262,320498,589.299,458.0277,1426,1,1,0,0,0.2985,2.136,goal,4424.5,-0.018952,0.397516,-0.84621,0.82843,5.199716,0.897685,0.506586,5.993596,0.387125,0.395854,-0.702821,1.001354,,,,,,,,,,,,,,0,gru
263,321939,585.6411,458.6305,1441,1,1,0,0,0.2997,2.134,goal,4444.3,0.001601,0.402747,-0.839418,0.856135,5.174123,0.879783,0.66172,5.990083,0.39358,0.397034,-0.683706,1.0,,,,,,,,,,,,,,0,gru
264,323369,587.6962,458.1639,1430,1,1,0,0,0.2989,2.138,goal,4466.8,-0.022897,0.391779,-0.860637,0.830938,5.086652,0.994931,0.658907,5.995743,0.389184,0.39321,-0.707134,1.0,-9.8e-05,0.00153,1.714893,0.004214,0.0151,0.233693,0.004148,0.136662,0.0001,,,,,0,gru
265,324809,596.7272,459.4115,1440,1,1,0,0,0.2991,2.131,goal,4486.1,-0.038394,0.397412,-0.865716,0.851914,5.118104,0.977424,0.381173,5.990926,0.392107,0.393411,-0.616857,1.007568,,,,,,,,,,,,,,0,gru
266,326225,585.4421,501.1412,1416,1,1,0,0,0.2987,2.15,goal,4504.9,0.007184,0.392204,-0.849717,0.844508,5.151088,0.888696,0.528775,5.994946,0.393905,0.395741,-0.674994,1.0,,,,,,,,,,,,,,0,gru
267,327666,586.3025,543.3997,1441,1,1,0,0,0.2985,2.137,goal,4524.1,0.014599,0.39876,-0.853832,0.855462,5.177911,0.895011,0.595316,5.997326,0.396015,0.396506,-0.707084,1.0,,,,,,,,,,,,,,0,gru
268,328299,163.2311,501.8363,633,0,0,1,0,2.2734,2.145,collision,4535.0,-0.010684,0.391347,-0.82203,0.841982,5.268487,0.799936,1.376058,5.994786,0.387345,0.389066,-0.479135,1.0,0.042315,0.002341,1.71484,0.004202,0.017428,0.108961,0.006777,0.063044,0.0001,,,,,0,gru
269,329375,266.2716,470.5333,1076,0,0,1,0,1.4225,2.12,collision,4549.3,-0.007241,0.409893,-0.8525,0.850376,5.082383,0.916217,0.726485,5.990775,0.416148,0.411256,-0.948951,1.0,,,,,,,,,,,,,,0,gru
270,330801,589.2064,512.9205,1426,1,1,0,0,0.299,2.15,goal,4568.2,-0.000514,0.390089,-0.835781,0.873612,5.178355,0.887519,0.121528,5.995217,0.394735,0.39646,-0.632917,1.001835,,,,,,,,,,,,,,0,gru
271,332309,565.8264,511.5644,1508,1,1,0,0,0.2997,2.124,goal,4588.7,-0.056965,0.400081,-0.86425,0.874865,5.16153,0.916289,0.972091,5.992586,0.415501,0.406375,-0.946035,1.0,,,,,,,,,,,,,,0,gru
272,332953,167.6396,469.3984,644,0,0,1,0,2.2985,2.156,collision,4599.7,0.031633,0.388158,-0.794754,0.843519,5.29235,0.787493,1.050407,5.993169,0.403732,0.397371,-0.606318,1.005511,0.052413,0.00345,1.714549,0.00419,0.0234,0.078674,0.008763,0.042913,0.0001,,,,,0,gru
273,334400,589.2711,469.7614,1447,1,1,0,0,0.2987,2.126,goal,4619.8,-0.002923,0.406016,-0.852498,0.822141,5.166506,0.904765,0.62851,5.996671,0.391244,0.395621,-0.66245,1.0,,,,,,,,,,,,,,0,gru
274,335832,584.8438,469.4762,1432,1,1,0,0,0.2991,2.143,goal,4639.3,0.011031,0.390547,-0.840626,0.859983,5.152463,0.916177,0.887874,5.993958,0.392836,0.395282,-0.723104,1.0,,,,,,,,,,,,,,0,gru
275,337262,583.132,468.1166,1430,1,1,0,0,0.2978,2.131,goal,4659.0,-2.5e-05,0.402202,-0.867642,0.854438,5.129613,0.909838,0.801491,5.990613,0.396402,0.397673,-0.648047,1.0,,,,,,,,,,,,,,0,gru
276,338792,563.9746,465.9699,1530,1,1,0,0,0.2989,2.121,goal,4682.1,-0.034942,0.409785,-0.864805,0.854215,5.198672,0.89136,0.953032,5.990805,0.416957,0.413726,-0.947553,1.0,0.002923,0.001026,1.71408,0.004178,0.012197,0.132212,0.004473,0.072771,0.0001,,,,,0,gru
277,339431,167.2148,424.0611,639,0,0,1,0,2.2724,2.157,collision,4690.8,0.008934,0.380525,-0.849554,0.842922,5.169335,0.913404,0.96037,5.991417,0.402183,0.396085,-0.446536,1.0,,,,,,,,,,,,,,0,gru
278,340076,169.1391,424.6519,645,0,0,1,0,2.2816,2.158,collision,4699.7,-0.021938,0.384658,-0.801876,0.819123,5.167753,0.877297,0.769505,5.991127,0.400146,0.394287,-0.451838,1.000001,,,,,,,,,,,,,,0,gru
279,341517,588.8971,456.9145,1441,1,1,0,0,0.2992,2.137,goal,4719.7,-0.017601,0.392768,-0.840057,0.835573,5.11666,0.948094,0.294846,5.991136,0.391135,0.395588,-0.580432,1.0,,,,,,,,,,,,,,0,gru
280,342968,593.1062,457.3045,1451,1,1,0,0,0.2989,2.12,goal,4742.1,-0.016532,0.404881,-0.844009,0.846682,5.157971,0.902049,0.159847,5.990853,0.396116,0.396948,-0.64446,1.0,0.02047,0.003772,1.714053,0.004166,0.026587,0.226665,0.01245,0.133712,0.0001,,,,,0,gru
281,344515,566.2915,457.351,1547,1,1,0,0,0.2991,2.139,goal,4763.7,-0.046146,0.394697,-0.862205,0.830794,5.184485,0.879039,0.593394,5.99653,0.412273,0.410279,-0.953632,1.0,,,,,,,,,,,,,,0,gru
282,346328,-5.3139,440.0556,1813,0,0,1,0,1.2214,2.125,collision,4789.2,-0.002136,0.408866,-0.854857,0.843762,5.185514,0.863367,0.785881,5.991465,0.339562,0.406944,-0.999999,1.0,,,,,,,,,,,,,,0,gru
283,346978,165.902,397.7187,650,0,0,1,0,2.3232,2.146,collision,4798.5,0.024113,0.394701,-0.881606,0.870206,5.16421,0.851379,0.92441,5.996704,0.406523,0.399276,-0.630217,1.008893,,,,,,,,,,,,,,0,gru
284,348400,579.1675,397.1511,1422,1,1,0,0,0.2984,2.127,goal,4821.4,-0.013085,0.403845,-0.851451,0.848642,5.139882,0.908168,0.842048,5.99194,0.392436,0.397328,-0.65656,1.0,0.001253,0.006141,1.714114,0.004154,0.052509,0.182005,0.026538,0.107125,0.0001,,,,,0,gru
285,349878,592.2311,398.061,1478,1,1,0,0,0.2995,2.14,goal,4842.6,-0.010036,0.393217,-0.886813,0.807734,5.118303,0.949612,0.711397,5.995188,0.393849,0.39675,-0.852479,1.010494,,,,,,,,,,,,,,0,gru
286,350237,67.4654,348.4101,359,0,0,1,0,3.0875,2.065,collision,4847.6,0.017994,0.442196,-0.834068,0.881618,4.985537,1.015188,1.19672,5.976186,0.363621,0.386932,-0.483873,1.0,,,,,,,,,,,,,,0,gru
287,350884,166.5756,348.3461,647,0,0,1,0,2.2595,2.15,collision,4856.6,-0.060835,0.388663,-0.857116,0.785469,5.183514,0.867173,1.431051,5.989038,0.400154,0.397279,-0.507489,1.0,,,,,,,,,,,,,,0,gru
288,351523,160.9091,347.5231,639,0,0,1,0,2.3033,2.089,collision,4867.6,-0.093358,0.419917,-0.869035,0.818105,5.132027,0.896025,1.324444,5.986375,0.381546,0.392174,-0.621096,1.0,0.000459,0.008464,1.715222,0.004142,0.044178,0.148796,0.007146,0.090295,0.0001,,,,,0,gru
289,351548,-43.3074,284.3027,25,0,0,1,0,3.8429,1.984,collision,4868.0,0.236657,0.430096,-0.651817,0.755712,4.755477,1.123528,2.011432,5.902486,0.219599,0.330642,-0.422705,1.0,,,,,,,,,,,,,,0,gru
290,353094,578.1315,282.8052,1546,1,1,0,0,0.299,2.135,goal,4889.9,-0.01386,0.400792,-0.857587,0.867263,5.1601,0.910063,0.581778,5.997344,0.4151,0.411092,-0.89896,1.005544,,,,,,,,,,,,,,0,gru
291,354538,587.7478,284.9509,1444,1,1,0,0,0.2985,2.141,goal,4910.7,-0.005813,0.39492,-0.85626,0.852318,5.142554,0.913647,0.491273,5.995954,0.394121,0.395609,-0.705045,1.0,,,,,,,,,,,,,,0,gru
292,356038,573.7804,342.8603,1500,1,1,0,0,0.2984,2.1,goal,4933.6,0.047394,0.416972,-0.851242,0.841503,5.18491,0.874235,1.070933,5.997804,0.39152,0.40672,-0.932297,1.0,0.006406,0.002264,1.716209,0.00413,0.01643,0.087684,0.006728,0.052669,0.0001,,,,,0,gru
293,357580,565.5318,382.8233,1542,1,1,0,0,0.2988,2.114,goal,4955.0,-0.05343,0.409966,-0.874984,0.841545,5.131165,0.928142,0.212084,5.994701,0.417009,0.408362,-0.983306,1.0,,,,,,,,,,,,,,0,gru
294,359139,573.4489,382.2514,1559,1,1,0,0,0.2996,2.135,goal,4976.7,-0.032934,0.395945,-0.838168,0.840379,5.17121,0.929639,0.468419,5.994243,0.413724,0.411813,-0.919636,1.007851,,,,,,,,,,,,,,0,gru
295,360630,572.6514,380.2934,1491,1,1,0,0,0.2997,2.118,goal,4997.6,0.038691,0.40776,-0.826047,0.863288,5.176277,0.910353,0.562182,5.99411,0.390423,0.405311,-0.943858,1.007756,,,,,,,,,,,,,,0,gru
296,360691,-35.5828,369.9886,61,0,0,1,0,3.8304,1.893,collision,5000.4,0.441598,0.257277,-0.277451,0.865475,4.403689,1.289945,0.749889,5.960409,0.208433,0.317174,-0.65114,1.0,0.01295,0.00271,1.716529,0.004118,0.018987,0.160672,0.008562,0.09769,0.0001,,,,,0,gru
297,362234,587.4017,412.0712,1543,1,1,0,0,0.2985,2.12,goal,5022.0,-0.038897,0.406604,-0.867132,0.855112,5.096886,0.941897,0.503353,5.997561,0.41792,0.406552,-0.874568,1.001247,,,,,,,,,,,,,,0,gru
298,363664,584.9437,454.4747,1430,1,1,0,0,0.2987,2.134,goal,5042.2,-0.014452,0.40081,-0.87961,0.851025,5.156971,0.924593,0.858083,5.994608,0.390801,0.395845,-0.692328,1.0,,,,,,,,,,,,,,0,gru
299,365088,577.0026,516.5057,1424,1,1,0,0,0.2988,2.13,goal,5061.6,0.004608,0.402108,-0.852285,0.827124,5.142432,0.905673,0.297892,5.99084,0.390294,0.396288,-0.686371,1.0,,,,,,,,,,,,,,0,gru
300,365729,167.9901,475.4915,641,0,0,1,0,2.2657,2.144,collision,5073.5,-0.0241,0.387402,-0.829359,0.834571,5.144591,0.933527,0.446219,5.9961,0.396064,0.394161,-0.418145,1.0,0.01593,0.003448,1.716136,0.004106,0.021252,0.099163,0.006473,0.059338,0.0001,,,,,0,gru
301,366372,169.3132,433.6481,643,0,0,1,0,2.2899,2.149,collision,5082.5,0.011838,0.387956,-0.771201,0.860376,5.203624,0.860806,0.876878,5.992799,0.403799,0.396362,-0.382848,1.002877,,,,,,,,,,,,,,0,gru
302,367820,590.1098,435.281,1448,1,1,0,0,0.2981,2.126,goal,5103.3,0.007839,0.404411,-0.879167,0.863394,5.174656,0.8794,0.662563,5.996507,0.394591,0.400203,-0.652968,1.005394,,,,,,,,,,,,,,0,gru
303,369260,580.2163,436.7495,1440,1,1,0,0,0.2995,2.119,goal,5124.4,0.004971,0.407294,-0.846607,0.843665,5.15132,0.910744,0.817935,5.994161,0.393144,0.396694,-0.768903,1.0,,,,,,,,,,,,,,0,gru
304,369897,165.0328,395.9079,637,0,0,1,0,2.2284,2.121,collision,5135.6,0.026367,0.40718,-0.827673,0.876009,5.217059,0.829667,1.216287,5.990326,0.40352,0.398045,-0.618028,1.0,-0.029968,0.00801,1.715782,0.004094,0.036913,0.276863,0.022204,0.171598,0.0001,,,,,0,gru
305,371451,563.8347,395.0262,1554,1,1,0,0,0.2994,2.123,goal,5157.7,-0.039343,0.409985,-0.878149,0.870101,5.18926,0.876959,0.361854,5.996543,0.415275,0.413511,-0.973814,1.0,,,,,,,,,,,,,,0,gru
306,372098,169.6633,415.5508,647,0,0,1,0,2.2966,2.156,collision,5166.9,-0.000765,0.385375,-0.77407,0.847297,5.174913,0.846805,0.826144,5.994562,0.401645,0.395873,-0.42498,1.004019,,,,,,,,,,,,,,0,gru
307,372740,169.7931,373.79,642,0,0,1,0,2.29,2.169,collision,5175.9,-0.016882,0.378506,-0.830862,0.805141,5.195932,0.895136,0.956542,5.996568,0.399966,0.395056,-0.38744,1.006113,,,,,,,,,,,,,,0,gru
308,374190,592.4372,374.5393,1450,1,1,0,0,0.2999,2.133,goal,5196.8,-0.01386,0.400724,-0.848683,0.837546,5.17104,0.902006,0.646883,5.992993,0.393543,0.395399,-0.673487,1.003369,0.065146,0.004856,1.716008,0.004082,0.028592,0.087734,0.009056,0.055103,0.0001,,,,,0,gru
309,375634,592.1742,376.0565,1444,1,1,0,0,0.2989,2.136,goal,5216.7,-0.001226,0.398362,-0.838529,0.863127,5.132245,0.930126,0.62983,5.991233,0.395863,0.395466,-0.646468,1.001654,,,,,,,,,,,,,,0,gru
310,377097,590.3059,418.288,1463,1,1,0,0,0.298,2.132,goal,5237.2,0.003638,0.404091,-0.849148,0.846655,5.158263,0.906858,1.27752,5.990648,0.395035,0.397604,-0.634046,1.0,,,,,,,,,,,,,,0,gru
311,378525,586.4321,459.9999,1428,1,1,0,0,0.2977,2.147,goal,5257.1,-0.012217,0.392917,-0.850182,0.839299,5.120883,0.932357,0.373001,5.990885,0.392865,0.394977,-0.649199,1.0,,,,,,,,,,,,,,0,gru
312,379979,589.3356,459.9225,1454,1,1,0,0,0.2984,2.124,goal,5280.2,0.012093,0.404828,-0.847382,0.882894,5.170948,0.916883,0.622164,5.995344,0.400937,0.401252,-0.630317,1.004162,-0.001459,0.001738,1.716372,0.00407,0.01858,0.155661,0.008421,0.095767,0.0001,,,,,0,gru
313,381392,579.3308,459.834,1413,1,1,0,0,0.2997,2.124,goal,5300.2,-0.016472,0.40465,-0.857184,0.842667,5.12994,0.923264,0.64816,5.997936,0.395462,0.397496,-0.579022,1.0,,,,,,,,,,,,,,0,gru
314,382831,588.4478,502.1755,1439,1,1,0,0,0.2986,2.123,goal,5319.7,-0.031223,0.408982,-0.848624,0.870673,5.124657,0.901404,0.740983,5.991414,0.39244,0.394965,-0.587502,1.0,,,,,,,,,,,,,,0,gru
315,384280,588.3428,504.6263,1449,1,1,0,0,0.2979,2.126,goal,5340.1,0.010426,0.403715,-0.854794,0.842368,5.125762,0.909021,0.310057,5.987916,0.395871,0.396922,-0.655985,1.0,,,,,,,,,,,,,,0,gru
316,385693,580.7579,545.7357,1413,1,1,0,0,0.2985,2.134,goal,5363.1,-0.01046,0.400713,-0.856325,0.856456,5.14759,0.901967,1.042779,5.990734,0.393716,0.395991,-0.641153,1.0,-0.005391,0.001618,1.716323,0.004058,0.01712,0.120554,0.01093,0.070126,0.0001,,,,,0,gru
317,387147,588.3069,587.5871,1454,1,1,0,0,0.2978,2.113,goal,5383.5,0.007181,0.405652,-0.856662,0.875524,5.038605,1.034587,0.147485,5.997545,0.399099,0.398456,-0.683308,1.0,,,,,,,,,,,,,,0,gru
318,388560,575.9334,585.9367,1413,1,1,0,0,0.2991,2.126,goal,5403.4,-0.002408,0.40499,-0.861277,0.865913,5.090245,0.909883,1.023147,5.994204,0.392845,0.39571,-0.623849,1.0,,,,,,,,,,,,,,0,gru
319,389971,579.9975,584.7191,1411,1,1,0,0,0.2983,2.131,goal,5423.1,-0.035102,0.402452,-0.870129,0.848736,5.013315,0.951432,0.915425,5.992551,0.392179,0.395715,-0.670175,1.0,,,,,,,,,,,,,,0,gru
320,391403,589.923,584.6808,1432,1,1,0,0,0.2996,2.146,goal,5444.0,-0.011339,0.395533,-0.861577,0.838198,5.0742,0.961701,0.547661,5.99192,0.393025,0.395632,-0.573731,1.005958,-0.013897,0.001735,1.716542,0.004046,0.020038,0.126872,0.012211,0.077545,0.0001,,,,,0,gru
321,392817,582.3596,584.2735,1414,1,1,0,0,0.2993,2.16,goal,5462.9,-0.000464,0.384659,-0.840723,0.863787,5.109534,0.94383,0.339913,5.993736,0.395309,0.395185,-0.678624,1.0,,,,,,,,,,,,,,0,gru
322,393452,165.9744,541.9374,635,0,0,1,0,2.2222,2.133,collision,5471.6,-0.041596,0.400867,-0.844831,0.861763,5.116606,0.897649,0.905074,5.993443,0.395846,0.396964,-0.431136,1.0,,,,,,,,,,,,,,0,gru
323,394900,590.5289,543.0572,1448,1,1,0,0,0.2989,2.129,goal,5491.4,-0.000232,0.402992,-0.869146,0.863267,5.090169,0.951486,0.397697,5.995337,0.395694,0.395785,-0.692765,1.000033,,,,,,,,,,,,,,0,gru
324,396339,586.2205,542.8345,1439,1,1,0,0,0.3,2.146,goal,5513.0,0.014744,0.391298,-0.858228,0.851303,5.10288,0.949496,0.76941,5.986897,0.396941,0.398827,-0.68429,1.000687,0.034352,0.00256,1.716869,0.004034,0.019565,0.07635,0.003427,0.042963,0.0001,,,,,0,gru
325,397877,582.3982,542.24,1538,1,1,0,0,0.2973,2.115,goal,5533.2,-0.044798,0.408492,-0.882289,0.863608,5.119721,0.906475,0.627656,5.991883,0.415998,0.40598,-0.888859,1.004259,,,,,,,,,,,,,,0,gru
326,399309,586.0222,542.7665,1432,1,1,0,0,0.2988,2.132,goal,5552.0,-0.031955,0.399333,-0.842788,0.836599,5.150792,0.93048,0.682011,5.993964,0.389685,0.394827,-0.705622,1.0,,,,,,,,,,,,,,0,gru
327,399677,72.1507,491.1508,368,0,0,1,0,3.0646,2.132,collision,5557.2,0.069633,0.394867,-0.85198,0.869579,5.053203,0.95839,0.941155,5.993058,0.37726,0.390594,-0.393881,1.007285,,,,,,,,,,,,,,0,gru
328,399822,-25.8605,430.9714,145,0,0,1,0,3.8223,1.958,collision,5560.7,0.242032,0.392308,-0.704094,0.854812,4.521962,1.377367,0.576403,5.946885,0.328452,0.410066,-0.81281,1.009016,0.027706,0.005709,1.717226,0.004022,0.029513,0.141199,0.006428,0.091732,0.0001,,,,,0,gru
329,401265,591.3908,432.1108,1443,1,1,0,0,0.2995,2.12,goal,5580.5,-0.016683,0.4051,-0.846488,0.849013,5.1357,0.93951,0.384789,5.9954,0.393452,0.395666,-0.686905,1.0,,,,,,,,,,,,,,0,gru
330,401597,58.8948,379.008,332,0,0,1,0,3.1006,2.078,collision,5585.1,0.024145,0.428154,-0.850562,0.860599,4.852829,1.080076,0.601212,5.980321,0.36991,0.389175,-0.423522,1.0,,,,,,,,,,,,,,0,gru
331,403000,579.2491,378.6969,1403,1,1,0,0,0.2986,2.123,goal,5604.1,-0.012435,0.405362,-0.848794,0.849131,5.11952,0.951159,0.568684,5.998405,0.398291,0.398091,-0.556747,1.0,,,,,,,,,,,,,,0,gru
332,404441,588.5483,420.9543,1441,1,1,0,0,0.2996,2.133,goal,5625.0,-0.002291,0.399886,-0.8779,0.854514,5.171322,0.900076,0.678614,5.995719,0.396945,0.396382,-0.678752,1.0,0.028127,0.003674,1.717886,0.00401,0.020479,0.108407,0.005589,0.06922,0.0001,,,,,0,gru
333,405859,582.8671,420.1881,1418,1,1,0,0,0.2987,2.128,goal,5644.4,-0.001842,0.401322,-0.872162,0.839224,5.174353,0.912871,0.593619,5.996747,0.395779,0.396585,-0.581698,1.0,,,,,,,,,,,,,,0,gru
334,406524,169.041,378.4702,665,0,0,1,0,2.3533,2.081,collision,5653.3,0.013322,0.429681,-0.8328,0.86404,5.182658,0.893903,0.471192,5.986307,0.396708,0.395867,-0.71319,1.007032,,,,,,,,,,,,,,0,gru
335,407973,586.4249,378.8729,1449,1,1,0,0,0.2985,2.118,goal,5672.2,-0.031783,0.408479,-0.847049,0.849738,5.143058,0.922472,0.635735,5.993298,0.387356,0.39403,-0.81851,1.0,,,,,,,,,,,,,,0,gru
336,409438,595.2859,379.7992,1465,1,1,0,0,0.2984,2.11,goal,5693.7,-0.036409,0.413516,-0.874609,0.843381,5.078091,0.963266,0.866612,5.990862,0.391187,0.392313,-0.473749,1.000332,0.026515,0.003293,1.718717,0.003998,0.02327,0.124123,0.011493,0.079776,0.0001,,,,,0,gru
337,410878,583.6881,430.953,1440,1,1,0,0,0.299,2.1,goal,5711.7,-0.025452,0.416696,-0.844586,0.8627,5.071787,0.979915,0.536908,5.991229,0.394688,0.394903,-0.574051,1.0,,,,,,,,,,,,,,0,gru
338,412436,585.6733,492.1064,1558,1,1,0,0,0.2999,2.136,goal,5732.0,-0.029288,0.396817,-0.83423,0.868503,5.179262,0.897992,1.002897,5.996099,0.413781,0.409573,-0.877095,1.00579,,,,,,,,,,,,,,0,gru
339,413951,577.211,490.6884,1515,1,1,0,0,0.2984,2.109,goal,5752.0,-0.047232,0.410056,-0.871586,0.868087,5.130316,0.978948,0.676354,5.994861,0.415569,0.405824,-0.88898,1.0,,,,,,,,,,,,,,0,gru
340,415376,582.1051,543.0094,1425,1,1,0,0,0.2999,2.139,goal,5773.5,0.006524,0.399573,-0.866667,0.835136,5.166971,0.90569,0.931081,5.992937,0.392951,0.396411,-0.631097,1.0,0.007341,0.001562,1.719083,0.003986,0.016462,0.114246,0.011021,0.067511,0.0001,,,,,0,gru
341,415727,65.1495,491.5994,351,0,0,1,0,3.0578,2.122,collision,5778.1,0.049781,0.410911,-0.868529,0.874864,5.025223,0.936587,1.426143,5.988342,0.376662,0.391932,-0.45192,1.0,,,,,,,,,,,,,,0,gru
342,417139,584.5399,491.1986,1412,1,1,0,0,0.2997,2.132,goal,5796.2,-0.015634,0.398641,-0.862278,0.829634,5.180857,0.929752,0.318785,5.995497,0.396679,0.396003,-0.560704,1.0,,,,,,,,,,,,,,0,gru
343,418583,595.3277,492.4447,1444,1,1,0,0,0.2986,2.138,goal,5815.2,-0.012238,0.395192,-0.838641,0.827533,5.189836,0.842981,0.342107,5.992026,0.395993,0.396356,-0.582247,1.010844,,,,,,,,,,,,,,0,gru
344,420029,593.6082,534.9014,1446,1,1,0,0,0.2975,2.147,goal,5836.6,0.001315,0.394929,-0.871116,0.832599,5.182019,0.895064,0.295125,5.993881,0.394852,0.395362,-0.617997,1.007588,0.035402,0.003198,1.719653,0.003974,0.019975,0.119802,0.004034,0.072873,0.0001,,,,,0,gru
345,421453,579.0822,534.1671,1424,1,1,0,0,0.2979,2.126,goal,5855.9,-0.024762,0.402288,-0.853512,0.824025,5.164297,0.900686,0.34515,5.992971,0.393525,0.397585,-0.611428,1.0,,,,,,,,,,,,,,0,gru
346,422959,569.9963,531.6381,1506,1,1,0,0,0.2973,2.107,goal,5875.8,-0.048214,0.417339,-0.859008,0.852433,5.150314,0.903751,0.206292,5.989999,0.415071,0.406418,-0.951342,1.0,,,,,,,,,,,,,,0,gru
347,424413,593.4819,532.6175,1454,1,1,0,0,0.2986,2.131,goal,5895.1,-0.003406,0.404252,-0.861615,0.842313,5.15331,0.932945,0.584555,5.991705,0.394031,0.395129,-0.675484,1.003456,,,,,,,,,,,,,,0,gru
348,424763,65.6801,480.6182,350,0,0,1,0,3.1155,2.119,collision,5903.1,0.141978,0.376115,-0.833928,0.806584,5.026001,1.014158,1.075029,5.980031,0.383804,0.392132,-0.468599,1.005852,0.038759,0.00296,1.72057,0.003962,0.018507,0.101503,0.005694,0.061894,0.0001,,,,,0,gru
349,426205,591.8932,482.0864,1442,1,1,0,0,0.2981,2.136,goal,5922.1,-0.012959,0.397368,-0.844748,0.827618,5.172591,0.931628,0.733196,5.992239,0.394116,0.394316,-0.613193,1.002452,,,,,,,,,,,,,,0,gru
350,427649,597.8322,483.6591,1444,1,1,0,0,0.2996,2.124,goal,5941.2,-0.007953,0.402425,-0.848984,0.859551,5.177987,0.903384,0.435796,5.994365,0.39409,0.393042,-0.53336,1.007249,,,,,,,,,,,,,,0,gru
351,429101,588.1227,535.9565,1452,1,1,0,0,0.2979,2.096,goal,5960.6,-0.002094,0.426246,-0.859554,0.86235,5.151069,0.907324,0.33065,5.990128,0.396394,0.394581,-0.525131,1.0,,,,,,,,,,,,,,0,gru
352,429748,164.1459,493.9171,647,0,0,1,0,2.3071,2.119,collision,5971.7,0.028282,0.410412,-0.850144,0.82747,5.222852,0.866695,0.139518,5.987481,0.402306,0.398002,-0.696599,1.0,0.042194,0.003042,1.72096,0.00395,0.01947,0.086597,0.009136,0.056845,0.0001,,,,,0,gru
353,431199,595.6635,493.9506,1451,1,1,0,0,0.2985,2.131,goal,5991.2,-0.010648,0.397182,-0.861589,0.835166,5.250732,0.876337,0.51551,5.995469,0.396338,0.395079,-0.649061,1.009334,,,,,,,,,,,,,,0,gru
354,432605,580.2959,492.6194,1406,1,1,0,0,0.2985,2.141,goal,6010.0,-0.011952,0.399052,-0.867086,0.84516,5.188772,0.874661,0.864091,5.996939,0.392635,0.396431,-0.624329,1.0,,,,,,,,,,,,,,0,gru
355,434068,593.3517,494.0463,1463,1,1,0,0,0.2999,2.12,goal,6029.0,-0.009544,0.405418,-0.842692,0.85765,5.138865,0.942614,0.449286,5.996333,0.395055,0.393449,-0.611364,1.0,,,,,,,,,,,,,,0,gru
356,435497,586.3176,495.6785,1429,1,1,0,0,0.2987,2.122,goal,6051.2,-0.024712,0.408631,-0.869419,0.860349,5.204945,0.897475,0.740929,5.994679,0.390545,0.394976,-0.640985,1.0,-0.008386,0.00147,1.720887,0.003938,0.016087,0.117315,0.009127,0.069902,0.0001,,,,,0,gru
357,436137,159.1562,452.2459,640,0,0,1,0,2.2925,2.1,collision,6059.5,0.033454,0.42102,-0.832728,0.876871,5.25615,0.836339,0.468076,5.996278,0.393909,0.394744,-0.701143,1.0,,,,,,,,,,,,,,0,gru
358,437667,568.8666,502.5645,1530,1,1,0,0,0.2998,2.097,goal,6079.3,-0.042766,0.424228,-0.857382,0.876893,5.196404,0.914688,0.768985,5.994024,0.411469,0.407239,-0.965091,1.0,,,,,,,,,,,,,,0,gru
359,439112,591.4262,502.5178,1445,1,1,0,0,0.2996,2.126,goal,6098.1,-0.01797,0.400604,-0.843383,0.874639,5.147764,0.957698,0.435672,5.997427,0.398371,0.393388,-0.52584,1.0,,,,,,,,,,,,,,0,gru
360,440565,592.864,502.021,1453,1,1,0,0,0.2991,2.099,goal,6119.7,-0.021601,0.423553,-0.860556,0.860759,5.140649,0.900533,0.626471,5.991833,0.394294,0.392143,-0.497695,1.0,0.034152,0.00293,1.72087,0.003926,0.022293,0.177725,0.007844,0.108028,0.0001,,,,,0,gru
361,442014,588.5558,502.0643,1449,1,1,0,0,0.299,2.13,goal,6138.4,0.023851,0.402506,-0.868487,0.867059,5.221193,0.846828,1.125256,5.994501,0.399664,0.398906,-0.642025,1.0,,,,,,,,,,,,,,0,gru
362,443462,595.7141,545.2212,1448,1,1,0,0,0.2987,2.138,goal,6157.4,-0.020765,0.397266,-0.873263,0.872927,5.15803,0.915064,0.99276,5.995558,0.393802,0.394733,-0.569118,1.011528,,,,,,,,,,,,,,0,gru
363,444890,588.7748,544.5323,1428,1,1,0,0,0.2987,2.127,goal,6176.3,-0.023373,0.40641,-0.84531,0.859671,5.202907,0.854612,1.114408,5.99659,0.39468,0.395304,-0.603792,1.0,,,,,,,,,,,,,,0,gru
364,446300,582.4699,544.7497,1410,1,1,0,0,0.2996,2.125,goal,6197.2,0.015412,0.407406,-0.858413,0.880052,5.19839,0.877145,0.439003,5.995584,0.395743,0.395786,-0.613377,1.0,-0.009151,0.001497,1.721391,0.003914,0.013477,0.171213,0.006222,0.104586,0.0001,,,,,0,gru
365,447755,594.4308,544.8576,1455,1,1,0,0,0.2996,2.125,goal,6216.4,-0.00598,0.402542,-0.848045,0.870279,5.111984,0.946466,0.423869,5.992271,0.395717,0.392408,-0.479147,1.003467,,,,,,,,,,,,,,0,gru
366,449213,594.2725,545.6531,1458,1,1,0,0,0.2993,2.119,goal,6235.5,0.012393,0.407188,-0.850023,0.841246,5.213992,0.874216,0.468454,5.990704,0.397591,0.396066,-0.645293,1.007734,,,,,,,,,,,,,,0,gru
367,450642,587.0644,588.4439,1429,1,1,0,0,0.2981,2.133,goal,6253.9,-0.023474,0.400364,-0.841076,0.862109,5.124152,0.918196,0.94677,5.990465,0.397765,0.393621,-0.465336,1.0,,,,,,,,,,,,,,0,gru
368,450694,-36.6716,527.8901,52,0,0,1,0,3.8366,1.976,collision,6257.5,0.291061,0.347977,-0.645682,0.836592,4.567518,1.355339,0.462937,5.956471,0.209506,0.315694,-0.542704,1.0,0.003109,0.001761,1.721278,0.003902,0.015449,0.138688,0.005878,0.085219,0.0001,,,,,0,gru
369,452150,587.0288,527.4503,1456,1,1,0,0,0.2984,2.12,goal,6276.8,0.03241,0.404447,-0.853341,0.867219,5.170943,0.919729,0.731104,5.997652,0.393945,0.396629,-0.703585,1.0,,,,,,,,,,,,,,0,gru
370,452170,-44.3568,463.7283,20,0,0,1,0,3.8381,1.892,collision,6277.2,-0.446219,0.272522,-0.738672,0.16601,4.571247,1.282164,1.745054,5.931698,0.255811,0.35242,-0.350795,1.0,,,,,,,,,,,,,,0,gru
371,452523,61.816,411.0543,353,0,0,1,0,3.125,2.123,collision,6281.9,0.180694,0.365674,-0.784741,0.832707,5.085699,0.908575,1.217303,5.985612,0.391611,0.396867,-0.692946,1.00811,,,,,,,,,,,,,,0,gru
372,453949,585.2386,410.0067,1426,1,1,0,0,0.2993,2.134,goal,6302.4,-0.004527,0.401725,-0.875219,0.872694,5.196435,0.890869,0.767581,5.997107,0.393684,0.396507,-0.673876,1.0,0.04663,0.005721,1.720817,0.00389,0.028348,0.076009,0.009178,0.0506,0.0001,,,,,0,gru
373,455386,579.6468,409.0939,1437,1,1,0,0,0.2989,2.114,goal,6321.0,0.016918,0.410726,-0.834295,0.848037,5.157651,0.91772,0.759678,5.991682,0.394675,0.397084,-0.632988,1.0,,,,,,,,,,,,,,0,gru
374,456815,583.5887,409.2058,1429,1,1,0,0,0.298,2.119,goal,6339.6,0.016703,0.411311,-0.849686,0.867514,5.206656,0.87132,0.803263,5.993444,0.393991,0.397475,-0.633529,1.0,,,,,,,,,,,,,,0,gru
375,458385,581.3838,407.9011,1570,1,1,0,0,0.2978,2.112,goal,6360.5,-0.055207,0.411776,-0.873855,0.829004,5.176107,0.885125,0.499507,5.997711,0.418242,0.408194,-0.961777,1.000841,,,,,,,,,,,,,,0,gru
376,459965,590.4317,407.517,1580,1,1,0,0,0.2989,2.113,goal,6384.4,-0.043242,0.409828,-0.883817,0.880052,5.14577,0.924331,0.592253,5.994705,0.416424,0.406535,-0.926495,1.009812,0.017993,0.001761,1.720396,0.003878,0.015033,0.108935,0.00369,0.058353,0.0001,,,,,0,gru
377,461421,593.9253,408.2031,1456,1,1,0,0,0.2988,2.113,goal,6403.8,-0.017771,0.412597,-0.864649,0.881758,5.076693,0.99634,0.135725,5.998531,0.392074,0.39271,-0.506351,1.0,,,,,,,,,,,,,,0,gru
378,462863,591.7622,471.0465,1442,1,1,0,0,0.2988,2.118,goal,6423.1,0.012472,0.409375,-0.856937,0.845421,5.175323,0.89445,0.405774,5.98796,0.399119,0.397103,-0.601076,1.0,,,,,,,,,,,,,,0,gru
379,464307,583.5072,470.6944,1444,1,1,0,0,0.2998,2.129,goal,6442.0,0.00608,0.403499,-0.83508,0.808888,5.113305,0.929415,0.762626,5.997477,0.396019,0.397446,-0.729824,1.0,,,,,,,,,,,,,,0,gru
380,465322,291.7367,504.3037,1015,0,0,1,0,1.4111,2.122,collision,6457.7,0.033455,0.403797,-0.831422,0.861473,5.049345,0.976836,0.752746,5.992616,0.394127,0.393424,-0.528551,1.004354,0.031347,0.003189,1.719333,0.003866,0.019274,0.07547,0.003497,0.044965,0.0001,,,,,0,gru
381,466792,589.7314,557.0952,1470,1,1,0,0,0.2991,2.114,goal,6476.9,0.033627,0.41221,-0.837814,0.836993,5.208245,0.885239,0.687154,5.997001,0.403445,0.400938,-0.765926,1.002642,,,,,,,,,,,,,,0,gru
382,467442,165.7632,515.1477,650,0,0,1,0,2.3266,2.121,collision,6485.3,0.041433,0.401418,-0.82199,0.862259,5.213788,0.864231,0.482858,5.990872,0.407269,0.399439,-0.725299,1.004237,,,,,,,,,,,,,,0,gru
383,468892,591.6324,516.3463,1450,1,1,0,0,0.2979,2.134,goal,6504.6,-0.024385,0.399828,-0.848255,0.820786,5.235323,0.797775,0.348513,5.995613,0.395847,0.396225,-0.691003,1.001286,,,,,,,,,,,,,,0,gru
384,470323,587.8918,516.7766,1431,1,1,0,0,0.2974,2.097,goal,6526.9,-0.030944,0.420369,-0.871651,0.841829,5.114837,0.948645,0.810742,5.996815,0.398116,0.394239,-0.493676,1.0,0.018602,0.003335,1.719168,0.003854,0.020291,0.091835,0.008233,0.052124,0.0001,,,,,0,gru
385,470358,-40.0257,454.6356,35,0,0,1,0,3.8222,1.832,collision,6527.4,-0.469856,0.305858,-0.884455,0.470251,4.550912,1.299994,1.809212,5.921387,0.265178,0.351535,-0.430242,1.0,,,,,,,,,,,,,,0,gru
386,471888,571.1882,452.7113,1530,1,1,0,0,0.2996,2.126,goal,6548.9,-0.052083,0.399467,-0.884836,0.84866,5.175118,0.921813,0.64289,5.995518,0.421767,0.408396,-0.948538,1.0,,,,,,,,,,,,,,0,gru
387,473356,592.0728,452.526,1468,1,1,0,0,0.2999,2.129,goal,6569.5,-0.005097,0.406341,-0.857643,0.858923,5.234638,0.867151,0.651361,5.996608,0.392542,0.396377,-0.729881,1.004152,,,,,,,,,,,,,,0,gru
388,474816,596.3708,452.9869,1460,1,1,0,0,0.2975,2.13,goal,6593.6,-0.008165,0.397731,-0.860341,0.869286,5.197035,0.894745,0.281739,5.996339,0.399194,0.397468,-0.601236,1.008276,0.068825,0.00276,1.719512,0.003842,0.015926,0.089146,0.00753,0.05047,0.0001,,,,,0,gru
389,476237,583.7898,453.0151,1421,1,1,0,0,0.2989,2.137,goal,6613.2,-0.003408,0.397666,-0.859372,0.860581,5.243835,0.85087,1.015385,5.995111,0.40123,0.39911,-0.61618,1.0,,,,,,,,,,,,,,0,gru
390,477713,596.024,483.4439,1476,1,1,0,0,0.2989,2.12,goal,6633.7,0.009389,0.409174,-0.854631,0.860282,5.233663,0.828191,0.484028,5.995158,0.401012,0.398734,-0.735727,1.011328,,,,,,,,,,,,,,0,gru
391,479168,597.5893,484.2297,1455,1,1,0,0,0.2988,2.112,goal,6653.9,-0.015289,0.413184,-0.846174,0.857295,5.215148,0.857985,0.313528,5.998811,0.395802,0.396245,-0.586354,1.001589,,,,,,,,,,,,,,0,gru
392,479520,66.6052,474.3139,352,0,0,1,0,3.1023,2.111,collision,6661.5,0.008937,0.414383,-0.83811,0.836545,5.094748,0.934144,0.977319,5.984178,0.374153,0.388267,-0.372945,1.003471,0.040409,0.003338,1.72008,0.00383,0.019913,0.082119,0.004114,0.04918,0.0001,,,,,0,gru
393,480958,587.495,473.9001,1438,1,1,0,0,0.2988,2.118,goal,6682.8,-0.005535,0.412305,-0.848745,0.884566,5.203069,0.854955,0.894274,5.991529,0.394163,0.396761,-0.655523,1.0,,,,,,,,,,,,,,0,gru
394,482492,585.6279,473.6737,1534,1,1,0,0,0.2992,2.1,goal,6704.2,-0.050786,0.420204,-0.872075,0.857626,5.168621,0.896695,0.906345,5.992767,0.417274,0.406088,-0.932189,1.0,,,,,,,,,,,,,,0,gru
395,483978,598.9633,537.5726,1486,1,1,0,0,0.2993,2.108,goal,6724.9,-0.017234,0.411891,-0.862953,0.853648,5.13131,0.941202,0.454432,5.991748,0.399479,0.394902,-0.576298,1.006663,,,,,,,,,,,,,,0,gru
396,484002,-44.0065,476.0532,24,0,0,1,0,3.8344,2.106,collision,6727.7,0.092669,0.362327,-0.647536,0.655892,4.443087,1.344045,1.403644,5.973256,0.222871,0.323442,-0.500361,1.0,0.025924,0.002453,1.720718,0.003818,0.020185,0.149127,0.013763,0.093091,0.0001,,,,,0,gru
397,485453,579.8495,474.8308,1451,1,1,0,0,0.2999,2.106,goal,6748.3,0.00893,0.41798,-0.855188,0.854846,5.214928,0.868866,0.724056,5.996058,0.397709,0.398429,-0.790245,1.0,,,,,,,,,,,,,,0,gru
398,486897,588.6339,474.0571,1444,1,1,0,0,0.2999,2.137,goal,6768.0,-0.02794,0.39773,-0.847102,0.838422,5.246798,0.845911,1.129031,5.994856,0.398875,0.398723,-0.663384,1.0,,,,,,,,,,,,,,0,gru
399,488325,576.0769,473.2858,1428,1,1,0,0,0.2985,2.126,goal,6787.9,-0.021311,0.405955,-0.864813,0.860947,5.239473,0.850183,0.446395,5.995205,0.396608,0.39832,-0.794042,1.0,,,,,,,,,,,,,,0,gru
400,488717,74.6593,421.1494,392,0,0,1,0,2.934,2.088,collision,6795.3,0.088057,0.414271,-0.862525,0.808003,5.111154,0.931823,0.713815,5.997887,0.403667,0.405304,-0.525421,1.0,0.033082,0.003944,1.721097,0.003806,0.019844,0.11,0.005713,0.060534,0.0001,,,,,0,gru
401,490290,595.7,420.9604,1573,1,1,0,0,0.2997,2.104,goal,6817.6,-0.043516,0.421623,-0.885582,0.84417,5.213372,0.856455,1.244622,5.996363,0.416856,0.406946,-0.903317,1.008803,,,,,,,,,,,,,,0,gru
402,491724,586.4775,472.9477,1434,1,1,0,0,0.2994,2.098,goal,6838.0,-0.040816,0.422704,-0.876431,0.879926,5.202926,0.904638,0.395267,5.993497,0.396305,0.393965,-0.486122,1.0,,,,,,,,,,,,,,0,gru
403,493163,587.4427,472.9425,1439,1,1,0,0,0.2988,2.097,goal,6857.9,-0.030985,0.422723,-0.873055,0.859885,5.161696,0.90798,0.353592,5.994487,0.396629,0.394752,-0.484186,1.0,,,,,,,,,,,,,,0,gru
404,494608,582.2019,472.5999,1445,1,1,0,0,0.299,2.125,goal,6880.3,0.0194,0.405977,-0.854398,0.874651,5.245164,0.845756,0.90028,5.997071,0.397905,0.398467,-0.686616,1.0,-0.000187,0.001796,1.720618,0.003794,0.017387,0.145851,0.01287,0.087247,0.0001,,,,,0,gru
405,496085,596.0906,472.3126,1477,1,1,0,0,0.2989,2.129,goal,6900.3,0.004801,0.401318,-0.833046,0.858549,5.213139,0.900322,0.422326,5.995677,0.399506,0.399141,-0.721264,1.00817,,,,,,,,,,,,,,0,gru
406,497628,586.4797,535.3612,1543,1,1,0,0,0.2991,2.111,goal,6920.7,-0.050806,0.413482,-0.893284,0.872434,5.219255,0.853156,0.642395,5.996538,0.419987,0.407782,-0.90665,1.00644,,,,,,,,,,,,,,0,gru
407,497655,-42.8628,473.09,27,0,0,1,0,3.8411,2.129,collision,6921.2,0.108596,0.358339,-0.452375,0.677708,4.441728,1.243301,0.468004,5.809134,0.207851,0.316644,-0.439547,1.0,,,,,,,,,,,,,,0,gru
408,499086,584.4674,472.6733,1431,1,1,0,0,0.2979,2.126,goal,6942.1,-0.011994,0.410073,-0.854673,0.878477,5.201745,0.8622,0.157209,5.996737,0.395218,0.39682,-0.688036,1.0,0.036913,0.002501,1.720764,0.003782,0.01861,0.136279,0.015226,0.085291,0.0001,,,,,0,gru
409,500614,587.6003,473.8257,1528,1,1,0,0,0.2991,2.107,goal,6962.3,-0.044507,0.413396,-0.86889,0.854353,5.24073,0.841708,0.364334,5.989691,0.419988,0.406604,-0.868385,1.006406,,,,,,,,,,,,,,0,gru
410,502070,581.7354,524.5333,1456,1,1,0,0,0.2987,2.113,goal,6981.6,-0.017122,0.412324,-0.86429,0.855666,5.282493,0.83394,0.603237,5.993801,0.395934,0.398732,-0.871944,1.0,,,,,,,,,,,,,,0,gru
411,502711,165.436,481.5069,641,0,0,1,0,2.2587,2.12,collision,6989.9,0.025178,0.414308,-0.80298,0.851158,5.329437,0.732846,1.301625,5.995073,0.408721,0.398451,-0.582893,1.0,,,,,,,,,,,,,,0,gru
412,504171,591.2079,481.9799,1460,1,1,0,0,0.2986,2.082,goal,7011.0,-0.033138,0.428456,-0.866414,0.843128,5.112528,0.959745,0.429279,5.993705,0.398732,0.395796,-0.550487,1.0,0.023719,0.003442,1.721092,0.00377,0.02004,0.096392,0.006938,0.055706,0.0001,,,,,0,gru
413,505604,587.4706,481.9827,1433,1,1,0,0,0.2997,2.116,goal,7029.5,-0.017865,0.410071,-0.856579,0.86032,5.232973,0.874146,0.330592,5.992935,0.400061,0.39869,-0.679818,1.0,,,,,,,,,,,,,,0,gru
414,507046,589.4196,482.7045,1442,1,1,0,0,0.2985,2.115,goal,7048.6,-0.019358,0.411137,-0.88238,0.806216,5.228787,0.856103,1.181854,5.994123,0.399369,0.398089,-0.602031,1.0,,,,,,,,,,,,,,0,gru
415,508476,581.6391,481.2593,1430,1,1,0,0,0.2995,2.114,goal,7067.5,0.006308,0.41044,-0.865781,0.871892,5.232202,0.89133,0.647259,5.996712,0.399547,0.399445,-0.734248,1.0,,,,,,,,,,,,,,0,gru
416,509911,579.936,480.6049,1435,1,1,0,0,0.2981,2.119,goal,7089.7,0.000525,0.409715,-0.852084,0.837186,5.247286,0.834276,0.640548,5.996004,0.398612,0.398359,-0.712012,1.0,-0.004995,0.001655,1.721024,0.003758,0.01525,0.245443,0.012058,0.150834,0.0001,,,,,0,gru
417,511363,596.6231,544.5535,1452,1,1,0,0,0.2993,2.13,goal,7108.8,-0.030816,0.399651,-0.848176,0.854942,5.197149,0.890738,0.501081,5.990782,0.398073,0.396949,-0.681419,1.006929,,,,,,,,,,,,,,0,gru
418,512815,584.2613,544.5329,1452,1,1,0,0,0.299,2.111,goal,7128.2,0.009861,0.4133,-0.877085,0.84869,5.227505,0.840294,0.483022,5.997506,0.398859,0.398764,-0.766481,1.0,,,,,,,,,,,,,,0,gru
419,514273,586.5574,544.4286,1458,1,1,0,0,0.2984,2.132,goal,7147.4,0.028108,0.403426,-0.86733,0.857326,5.261605,0.808203,0.711119,5.996696,0.404154,0.40236,-0.742269,1.004791,,,,,,,,,,,,,,0,gru
420,515742,591.7359,545.4287,1469,1,1,0,0,0.2999,2.132,goal,7169.0,0.013772,0.403428,-0.86847,0.863979,5.252636,0.833101,1.201214,5.995147,0.400435,0.399061,-0.683786,1.008801,0.006539,0.00132,1.720823,0.003746,0.014328,0.132315,0.009406,0.077983,0.0001,,,,,0,gru
421,517159,582.8115,587.1662,1417,1,1,0,0,0.2982,2.111,goal,7187.8,-0.013517,0.415478,-0.846878,0.845606,5.234833,0.840553,0.996644,5.990941,0.401862,0.394,-0.439293,1.0,,,,,,,,,,,,,,0,gru
422,518617,590.9594,587.1414,1458,1,1,0,0,0.2984,2.12,goal,7206.8,0.007161,0.404618,-0.871371,0.851533,5.267406,0.851653,0.457592,5.999365,0.402328,0.399705,-0.764788,1.0,,,,,,,,,,,,,,0,gru
423,520037,583.46,586.7403,1420,1,1,0,0,0.2991,2.131,goal,7225.4,-0.003124,0.407433,-0.853745,0.855953,5.298614,0.799991,0.968866,5.994074,0.400233,0.39839,-0.640107,1.0,,,,,,,,,,,,,,0,gru
424,521497,588.2144,586.6198,1460,1,1,0,0,0.2999,2.123,goal,7246.0,0.013219,0.409731,-0.847211,0.862344,5.205434,0.887564,0.445624,5.996553,0.402348,0.399743,-0.730384,1.0,-0.013761,0.001752,1.720065,0.003734,0.018355,0.170383,0.014283,0.103521,0.0001,,,,,0,gru
425,522949,595.4208,587.998,1452,1,1,0,0,0.2992,2.122,goal,7265.2,-0.003483,0.410293,-0.839501,0.85563,5.245927,0.838323,0.867638,5.993923,0.402596,0.399533,-0.677658,1.00153,,,,,,,,,,,,,,0,gru
426,524391,591.3317,589.1375,1442,1,1,0,0,0.2987,2.122,goal,7283.9,-0.015759,0.407544,-0.867887,0.847574,5.224627,0.879986,0.606141,5.993126,0.395379,0.396472,-0.676548,1.0,,,,,,,,,,,,,,0,gru
427,525851,587.8709,588.2623,1460,1,1,0,0,0.2999,2.135,goal,7303.3,0.031542,0.401526,-0.85965,0.849618,5.277138,0.791358,0.427987,5.995646,0.406147,0.402692,-0.71193,1.009788,,,,,,,,,,,,,,0,gru
428,527376,557.8224,585.6184,1525,1,1,0,0,0.2996,2.112,goal,7325.9,-0.056929,0.414714,-0.888019,0.851974,5.22421,0.864548,0.742489,5.994687,0.416505,0.409394,-0.974552,1.0,-0.011062,0.001795,1.719916,0.003722,0.019858,0.173798,0.018056,0.111931,0.0001,,,,,0,gru
429,527413,-41.7987,522.7828,37,0,0,1,0,3.8302,1.958,collision,7326.5,0.321262,0.334019,-0.450083,0.873993,4.429497,1.333775,0.868563,5.84929,0.200894,0.318572,-0.628511,1.0,,,,,,,,,,,,,,0,gru
430,528876,594.3681,523.046,1463,1,1,0,0,0.2987,2.131,goal,7345.5,-0.017119,0.402272,-0.88086,0.863195,5.23553,0.852235,1.048708,5.992761,0.396059,0.397469,-0.737634,1.003899,,,,,,,,,,,,,,0,gru
431,530400,581.3552,522.9004,1524,1,1,0,0,0.2975,2.11,goal,7365.0,-0.065239,0.411094,-0.892801,0.821812,5.244121,0.858803,0.848247,5.992926,0.420645,0.407551,-0.902035,1.0,,,,,,,,,,,,,,0,gru
432,530423,-43.1265,459.4918,23,0,0,1,0,3.8327,1.969,collision,7366.9,-0.354724,0.350254,-0.796332,0.495903,5.219664,0.886266,1.693355,5.957696,0.274985,0.355414,-0.244585,1.0,0.064032,0.004432,1.719984,0.00371,0.018692,0.137753,0.007606,0.085322,0.0001,,,,,0,gru
433,531901,592.9074,460.4366,1478,1,1,0,0,0.2997,2.125,goal,7386.8,0.000829,0.405938,-0.860565,0.876928,5.201552,0.902045,0.593561,5.995256,0.401217,0.399812,-0.792218,1.010348,,,,,,,,,,,,,,0,gru
434,533327,583.4813,459.9633,1426,1,1,0,0,0.2981,2.137,goal,7405.9,0.009548,0.393807,-0.864945,0.863979,5.224883,0.8941,0.469651,5.998499,0.400217,0.39838,-0.706228,1.0,,,,,,,,,,,,,,0,gru
435,534773,592.1777,459.639,1446,1,1,0,0,0.2998,2.147,goal,7425.1,-0.024646,0.39454,-0.874145,0.802356,5.231589,0.8442,0.825221,5.991214,0.397702,0.396468,-0.696221,1.007907,,,,,,,,,,,,,,0,gru
436,536208,579.5715,458.4629,1435,1,1,0,0,0.2991,2.112,goal,7447.4,0.012104,0.412518,-0.862618,0.856006,5.229079,0.879566,0.159264,5.993813,0.398442,0.399789,-0.648087,1.0,-0.005427,0.001925,1.720149,0.003698,0.014417,0.11937,0.003621,0.067723,0.0001,,,,,0,gru
437,537643,585.7205,458.2479,1435,1,1,0,0,0.2984,2.137,goal,7467.0,-0.011949,0.398762,-0.887079,0.859056,5.227539,0.854781,0.597941,5.996325,0.399351,0.398719,-0.638172,1.0,,,,,,,,,,,,,,0,gru
438,537698,-35.6504,398.9006,55,0,0,1,0,3.8359,2.068,collision,7467.8,0.178741,0.377826,-0.572929,0.784151,4.374108,1.281123,1.076687,5.972412,0.21737,0.316418,-0.545682,1.0,,,,,,,,,,,,,,0,gru
439,538347,163.8481,419.4653,649,0,0,1,0,2.3042,2.094,collision,7476.5,0.01331,0.425853,-0.859026,0.878463,5.219982,0.831677,1.175397,5.995192,0.399408,0.396439,-0.669622,1.0,,,,,,,,,,,,,,0,gru
440,539897,561.2404,416.1525,1550,1,1,0,0,0.2978,2.101,goal,7497.9,-0.059079,0.420873,-0.881898,0.867634,5.169317,0.911176,0.119333,5.994606,0.415126,0.410505,-0.994432,1.0,0.035174,0.004565,1.720493,0.003686,0.024058,0.066241,0.005604,0.032652,0.0001,,,,,0,gru
441,541357,590.1341,417.0304,1460,1,1,0,0,0.2989,2.143,goal,7517.1,0.013218,0.395903,-0.836289,0.878495,5.258896,0.827129,0.607151,5.993462,0.396828,0.399039,-0.732441,1.00734,,,,,,,,,,,,,,0,gru
442,542921,586.5322,479.9963,1564,1,1,0,0,0.2995,2.116,goal,7537.8,-0.063743,0.407523,-0.870367,0.850124,5.198649,0.867799,0.544983,5.994782,0.416735,0.406483,-0.930144,1.00056,,,,,,,,,,,,,,0,gru
443,544375,592.5238,479.9579,1454,1,1,0,0,0.2986,2.131,goal,7556.8,-0.002085,0.400738,-0.847245,0.850235,5.235669,0.878417,0.581859,5.99834,0.396724,0.397722,-0.697102,1.000874,,,,,,,,,,,,,,0,gru
444,544397,-43.6601,417.2438,22,0,0,1,0,3.8359,1.903,collision,7559.1,-0.480891,0.221241,-0.825236,0.024962,4.773003,1.144584,2.25469,5.842473,0.260017,0.35129,-0.325001,1.0,0.05754,0.002991,1.720747,0.003674,0.01875,0.11649,0.011082,0.065771,0.0001,,,,,0,gru
445,545832,578.3546,415.8615,1435,1,1,0,0,0.298,2.114,goal,7577.9,0.014252,0.415256,-0.862118,0.849942,5.222466,0.8838,0.475611,5.994012,0.399031,0.399699,-0.650988,1.0,,,,,,,,,,,,,,0,gru
446,547268,585.9371,416.498,1436,1,1,0,0,0.2994,2.135,goal,7596.6,-0.041654,0.405947,-0.871498,0.842478,5.245737,0.831553,0.688141,5.997787,0.395798,0.398045,-0.731756,1.0,,,,,,,,,,,,,,0,gru
447,548696,579.964,415.9224,1428,1,1,0,0,0.299,2.133,goal,7615.3,-0.002192,0.406237,-0.872701,0.853626,5.242672,0.807372,1.237574,5.998222,0.397043,0.39883,-0.704132,1.0,,,,,,,,,,,,,,0,gru
448,550131,584.9053,477.978,1435,1,1,0,0,0.2984,2.124,goal,7637.1,-0.016812,0.406275,-0.843219,0.86012,5.223076,0.877165,0.286994,5.996218,0.398607,0.398892,-0.660337,1.0,-0.024406,0.001732,1.721733,0.003662,0.016051,0.134818,0.006437,0.080116,0.0001,,,,,0,gru
449,551595,588.488,520.442,1464,1,1,0,0,0.2991,2.103,goal,7656.6,0.004066,0.41626,-0.862433,0.835104,5.206542,0.871728,0.800207,5.990712,0.394095,0.398447,-0.649807,1.0,,,,,,,,,,,,,,0,gru
450,553135,592.3291,523.5508,1540,1,1,0,0,0.2982,2.11,goal,7676.8,-0.051199,0.414481,-0.848198,0.875252,5.236541,0.833286,0.676202,5.997728,0.417587,0.405683,-0.874648,1.0,,,,,,,,,,,,,,0,gru
451,554578,593.9607,523.9335,1443,1,1,0,0,0.2999,2.128,goal,7695.7,-0.025099,0.403266,-0.863768,0.845582,5.224251,0.867709,0.676666,5.99215,0.398987,0.397655,-0.684808,1.0,,,,,,,,,,,,,,0,gru
452,556037,592.9664,524.5769,1459,1,1,0,0,0.2976,2.101,goal,7718.2,-0.011717,0.416028,-0.860091,0.890474,5.170005,0.929147,0.574464,5.988339,0.396202,0.394132,-0.469152,1.0,-0.012334,0.001943,1.722595,0.00365,0.015737,0.127271,0.008391,0.076774,0.0001,,,,,0,gru
453,557472,588.2224,524.1468,1435,1,1,0,0,0.2994,2.128,goal,7736.9,-0.011938,0.408142,-0.871211,0.862617,5.262187,0.844254,0.871473,5.993865,0.397855,0.397806,-0.684485,1.0,,,,,,,,,,,,,,0,gru
454,558901,582.0479,586.7176,1429,1,1,0,0,0.2991,2.126,goal,7755.7,0.008555,0.406778,-0.872624,0.850583,5.260391,0.830799,0.691015,5.996902,0.398559,0.398166,-0.652171,1.0,,,,,,,,,,,,,,0,gru
455,560345,588.157,587.6978,1444,1,1,0,0,0.298,2.107,goal,7774.2,-0.031993,0.415652,-0.859016,0.842367,5.225227,0.832891,0.955714,5.994935,0.393477,0.397047,-0.627265,1.0,,,,,,,,,,,,,,0,gru
456,561771,585.2982,587.6339,1426,1,1,0,0,0.2998,2.123,goal,7795.0,-0.0217,0.408596,-0.872621,0.831087,5.255405,0.843076,1.011204,5.994642,0.394944,0.396996,-0.647556,1.0,-0.025915,0.00187,1.722508,0.003638,0.01712,0.169539,0.013042,0.102698,0.0001,,,,,0,gru
457,563302,584.9636,588.1339,1531,1,1,0,0,0.2973,2.114,goal,7814.6,-0.043352,0.412731,-0.878974,0.843279,5.254743,0.851907,0.716615,5.996111,0.41791,0.406121,-0.887562,1.0,,,,,,,,,,,,,,0,gru
458,564765,590.9937,588.7427,1463,1,1,0,0,0.2999,2.127,goal,7833.8,-0.015298,0.407117,-0.848544,0.885602,5.254791,0.806877,0.933892,5.994977,0.396711,0.39415,-0.615906,1.001109,,,,,,,,,,,,,,0,gru
459,566216,591.4683,589.0407,1451,1,1,0,0,0.2984,2.138,goal,7852.9,0.000742,0.398405,-0.843191,0.845612,5.290465,0.757121,0.722231,5.990422,0.400583,0.398307,-0.667562,1.004535,,,,,,,,,,,,,,0,gru
460,567687,594.425,589.2503,1471,1,1,0,0,0.2981,2.114,goal,7874.2,-0.017747,0.414014,-0.865659,0.857317,5.192829,0.913573,0.535458,5.994421,0.399228,0.39571,-0.569222,1.0,-0.008976,0.001283,1.722028,0.003626,0.013069,0.146809,0.003035,0.086967,0.0001,,,,,0,gru
461,567787,-26.7802,527.1762,100,0,0,1,0,3.828,2.126,collision,7875.6,0.121642,0.367266,-0.574371,0.82968,4.488261,1.264545,1.010488,5.97695,0.258911,0.342942,-0.653301,1.00997,,,,,,,,,,,,,,0,gru
462,569239,592.4301,527.1226,1452,1,1,0,0,0.2992,2.121,goal,7894.7,-0.028445,0.410202,-0.864941,0.83818,5.239614,0.835884,0.942716,5.99565,0.397727,0.397532,-0.629653,1.0,,,,,,,,,,,,,,0,gru
463,570648,577.9482,526.0952,1409,1,1,0,0,0.2997,2.126,goal,7913.3,-0.023981,0.406402,-0.874966,0.850108,5.229349,0.873303,0.420729,5.992443,0.393755,0.397482,-0.666246,1.0,,,,,,,,,,,,,,0,gru
464,570997,65.4342,474.4338,349,0,0,1,0,3.1028,2.148,collision,7920.2,0.076306,0.384683,-0.772079,0.81565,5.11757,0.904681,0.541999,5.989661,0.383538,0.392173,-0.464227,1.004737,0.038757,0.005303,1.722087,0.003614,0.023492,0.095513,0.005986,0.058349,0.0001,,,,,0,gru
465,571331,59.7062,421.5887,334,0,0,1,0,3.0675,2.103,collision,7924.5,0.03306,0.413882,-0.875819,0.779295,5.115909,0.902536,1.029729,5.99007,0.382845,0.39303,-0.367079,1.0,,,,,,,,,,,,,,0,gru
466,572895,592.6234,422.3213,1564,1,1,0,0,0.2975,2.114,goal,7944.6,-0.059296,0.409505,-0.859399,0.851857,5.165206,0.890384,0.305385,5.993366,0.417326,0.406943,-0.876133,1.009034,,,,,,,,,,,,,,0,gru
467,573556,169.0229,380.7272,661,0,0,1,0,2.3456,2.117,collision,7953.2,-0.017821,0.413372,-0.882337,0.838475,5.208109,0.864337,1.13836,5.986576,0.404024,0.39872,-0.602256,1.010586,,,,,,,,,,,,,,0,gru
468,575007,585.6636,380.1942,1451,1,1,0,0,0.2992,2.11,goal,7973.8,-0.033696,0.416891,-0.87557,0.838414,5.235231,0.851735,0.995012,5.997825,0.390929,0.3979,-0.677566,1.0,0.027436,0.005547,1.722532,0.003602,0.027362,0.090751,0.004988,0.052801,0.0001,,,,,0,gru
469,576524,574.947,378.542,1517,1,1,0,0,0.2978,2.106,goal,7993.7,-0.065023,0.414756,-0.888985,0.833118,5.22208,0.873864,0.207346,5.998831,0.41932,0.407515,-0.925187,1.0,,,,,,,,,,,,,,0,gru
470,577953,585.8132,377.6809,1429,1,1,0,0,0.2997,2.147,goal,8012.2,-0.006746,0.389098,-0.833611,0.82438,5.215686,0.849334,0.641181,5.99482,0.400448,0.398419,-0.57425,1.0,,,,,,,,,,,,,,0,gru
471,577996,-40.1212,376.3468,43,0,0,1,0,3.8295,2.011,collision,8012.9,0.257272,0.366934,-0.82453,0.799695,4.178087,1.307708,1.059895,5.957378,0.208535,0.318451,-0.61517,1.0,,,,,,,,,,,,,,0,gru
472,579451,592.7543,376.3792,1455,1,1,0,0,0.2985,2.13,goal,8033.9,0.017008,0.401683,-0.853524,0.868571,5.247931,0.843855,0.488655,5.992906,0.403784,0.40015,-0.651506,1.009712,0.009893,0.002659,1.722829,0.00359,0.015536,0.159545,0.00557,0.092313,0.0001,,,,,0,gru
473,580910,598.8868,378.473,1459,1,1,0,0,0.2986,2.123,goal,8052.5,-0.005001,0.405153,-0.834996,0.840267,5.239239,0.867738,0.976117,5.995641,0.399018,0.397246,-0.559743,1.008756,,,,,,,,,,,,,,0,gru
474,582355,591.244,431.054,1445,1,1,0,0,0.2982,2.139,goal,8072.1,-0.006524,0.397419,-0.863946,0.837781,5.242297,0.876776,0.756273,5.993862,0.398029,0.397442,-0.570566,1.002848,,,,,,,,,,,,,,0,gru
475,583939,593.0721,484.3906,1584,1,1,0,0,0.2981,2.109,goal,8094.1,-0.056803,0.413055,-0.878857,0.868746,5.204262,0.880789,0.159817,5.991973,0.416609,0.407793,-0.895215,1.009664,,,,,,,,,,,,,,0,gru
476,585403,590.8319,484.2115,1464,1,1,0,0,0.2986,2.13,goal,8116.0,0.00486,0.404798,-0.867436,0.854663,5.286014,0.804312,0.674983,5.995186,0.399758,0.399049,-0.747226,1.001828,0.000248,0.001687,1.722356,0.003578,0.012862,0.132239,0.004212,0.077468,0.0001,,,,,0,gru
477,586854,589.1875,526.2279,1451,1,1,0,0,0.3,2.115,goal,8136.0,-0.010558,0.411187,-0.876191,0.866079,5.232762,0.901745,0.512728,5.996347,0.398277,0.39914,-0.603871,1.0,,,,,,,,,,,,,,0,gru
478,588261,574.9119,525.1527,1407,1,1,0,0,0.2983,2.13,goal,8155.0,0.010097,0.403662,-0.852479,0.851317,5.260326,0.820014,0.334596,5.992722,0.401,0.398853,-0.699595,1.0,,,,,,,,,,,,,,0,gru
479,589818,588.2979,526.4878,1557,1,1,0,0,0.2971,2.095,goal,8176.0,-0.055198,0.423023,-0.881245,0.863395,5.25736,0.829811,0.559034,5.999386,0.414176,0.406709,-0.921611,1.00372,,,,,,,,,,,,,,0,gru
480,590012,-31.0644,464.8001,194,0,0,1,0,3.7753,2.002,collision,8181.4,-0.082032,0.466563,-0.853171,0.835141,4.912646,1.087191,1.112396,5.970226,0.38294,0.445599,-0.893141,1.008365,0.035021,0.003295,1.721492,0.003566,0.020667,0.092577,0.007171,0.05685,0.0001,,,,,0,gru
481,591422,579.7253,526.7847,1410,1,1,0,0,0.299,2.137,goal,8200.3,-0.018236,0.401077,-0.871184,0.841956,5.273317,0.813469,1.17997,5.995316,0.39693,0.397969,-0.677608,1.0,,,,,,,,,,,,,,0,gru
482,592848,578.5843,525.3677,1426,1,1,0,0,0.2992,2.129,goal,8219.3,-0.003668,0.407213,-0.881211,0.834503,5.262753,0.823308,0.998507,5.99788,0.396692,0.399997,-0.68463,1.0,,,,,,,,,,,,,,0,gru
483,593500,170.1131,482.4904,652,0,0,1,0,2.3295,2.132,collision,8228.0,-0.034751,0.403001,-0.852619,0.807109,5.251436,0.843228,1.063072,5.990069,0.400295,0.397296,-0.524128,1.007537,,,,,,,,,,,,,,0,gru
484,595036,574.8131,480.8473,1536,1,1,0,0,0.2995,2.09,goal,8251.1,-0.060511,0.425799,-0.874131,0.868148,5.22687,0.866893,0.953138,5.993033,0.421366,0.408977,-0.9531,1.0,0.04988,0.002753,1.721017,0.003554,0.017764,0.077669,0.005259,0.04486,0.0001,,,,,0,gru
485,596492,588.4652,480.3866,1456,1,1,0,0,0.2999,2.133,goal,8270.4,0.005463,0.399329,-0.852691,0.868714,5.222821,0.862952,0.628924,5.997383,0.400097,0.399317,-0.651681,1.0,,,,,,,,,,,,,,0,gru
486,597914,580.9059,479.394,1422,1,1,0,0,0.2999,2.117,goal,8289.4,0.014003,0.409154,-0.847558,0.883853,5.207469,0.87488,0.722172,5.995413,0.400239,0.39866,-0.59879,1.0,,,,,,,,,,,,,,0,gru
487,599473,590.4139,479.5166,1559,1,1,0,0,0.298,2.12,goal,8310.0,-0.041865,0.405589,-0.863737,0.85173,5.213374,0.88629,0.472217,5.996991,0.419042,0.40699,-0.902862,1.006405,,,,,,,,,,,,,,0,gru
488,601007,569.3854,478.964,1534,1,1,0,0,0.2997,2.096,goal,8332.5,-0.054755,0.420928,-0.8669,0.876391,5.187926,0.877916,0.598249,5.998648,0.417809,0.409834,-0.961989,1.0,-0.006261,0.001059,1.721326,0.003542,0.014842,0.095254,0.005021,0.049818,0.0001,,,,,0,gru
489,602445,593.6737,479.5016,1438,1,1,0,0,0.2983,2.099,goal,8351.6,-0.024719,0.419326,-0.884032,0.863496,5.222127,0.872063,0.396248,5.993466,0.395259,0.397474,-0.634311,1.0,,,,,,,,,,,,,,0,gru
490,603893,593.6448,541.9725,1448,1,1,0,0,0.2999,2.118,goal,8370.5,-0.010363,0.411969,-0.865343,0.865735,5.190061,0.886176,0.667545,5.993603,0.398879,0.397945,-0.574148,1.0,,,,,,,,,,,,,,0,gru
491,605339,590.4476,543.0447,1446,1,1,0,0,0.2982,2.091,goal,8389.6,-0.024082,0.428127,-0.877142,0.83703,5.175024,0.902171,0.971064,5.991352,0.39807,0.394799,-0.464204,1.0,,,,,,,,,,,,,,0,gru
492,606779,582.8971,543.476,1440,1,1,0,0,0.2992,2.112,goal,8410.7,0.013369,0.416073,-0.869455,0.857367,5.200574,0.886362,0.737659,5.991492,0.400713,0.400227,-0.675529,1.0,-0.008062,0.001115,1.721902,0.00353,0.014003,0.172368,0.005639,0.10135,0.0001,,,,,0,gru
493,606819,-40.7715,522.3875,40,0,0,1,0,3.83,2.085,collision,8411.2,0.2187,0.35657,-0.722176,0.731001,4.535711,1.196612,1.948108,5.926299,0.214082,0.318778,-0.612885,1.0,,,,,,,,,,,,,,0,gru
494,608366,588.3929,523.7455,1547,1,1,0,0,0.2983,2.103,goal,8431.3,-0.045755,0.418904,-0.87928,0.871159,5.21756,0.86544,0.860528,5.9955,0.420469,0.406715,-0.915992,1.0,,,,,,,,,,,,,,0,gru
495,609817,591.1279,524.0118,1451,1,1,0,0,0.2996,2.103,goal,8450.7,-0.008928,0.420591,-0.870115,0.857761,5.100085,0.941528,0.606626,5.994604,0.398799,0.394222,-0.543222,1.0,,,,,,,,,,,,,,0,gru
496,611284,589.3432,524.8555,1467,1,1,0,0,0.2994,2.113,goal,8471.1,0.018176,0.413568,-0.851328,0.860553,5.237571,0.865369,0.667523,5.99416,0.402067,0.400329,-0.662202,1.0,0.033942,0.001631,1.720781,0.003518,0.014551,0.104737,0.003764,0.063603,0.0001,,,,,0,gru
497,612711,583.7243,524.1865,1427,1,1,0,0,0.2999,2.131,goal,8489.4,0.005803,0.405517,-0.849679,0.847913,5.143101,0.902968,0.249569,5.994407,0.401087,0.399404,-0.613385,1.0,,,,,,,,,,,,,,0,gru
498,614141,588.3023,526.0782,1430,1,1,0,0,0.2983,2.123,goal,8508.0,-0.012275,0.408551,-0.880282,0.855133,5.225819,0.818014,0.638045,5.994297,0.396374,0.396995,-0.590584,1.0,,,,,,,,,,,,,,0,gru
499,615589,595.069,526.2178,1448,1,1,0,0,0.2992,2.118,goal,8526.9,-0.009624,0.410316,-0.864447,0.85107,5.188016,0.882381,0.779115,5.994647,0.401843,0.399304,-0.550615,1.0,,,,,,,,,,,,,,0,gru
500,617054,599.6717,526.8204,1465,1,1,0,0,0.2979,2.101,goal,8548.9,-0.027031,0.416654,-0.867623,0.836345,5.135985,0.934648,0.43917,5.994819,0.400616,0.393924,-0.478316,1.0,0.000253,0.00162,1.719696,0.003506,0.013426,0.247861,0.003764,0.149677,0.0001,,,,,0,gru
