episode,global_step,reward,avg10,length,success,goal_touched,collision,timeout,min_dist,avg_speed_ms,end_reason,elapsed_s,act0_mean,act0_std,act0_min,act0_max,act1_mean,act1_std,act1_min,act1_max,obs_mean,obs_std,obs_min,obs_max,actor_loss,critic_loss,policy_entropy,entropy_coef,value_residual,grad_norm_actor,grad_norm_critic,grad_norm_rnn,lr_actor,lr_critic,alpha,alpha_loss,target_update_magnitude,replay_buffer_size,recurrent_cell
1,139,-3.1299,-3.1299,139,0,0,1,0,3.5259,2.117,collision,2.1,-0.00766,0.414816,-0.852218,0.803155,5.412658,0.76561,1.700466,5.993114,0.402997,0.386237,-0.211979,1.0,,,,,,,,,,,,,,0,lstm
2,264,-8.5675,-5.8487,125,0,0,1,0,3.5866,2.114,collision,3.7,-0.149677,0.391166,-0.83871,0.717051,5.445969,0.814587,1.0587,5.982688,0.411978,0.390645,-0.261401,1.0,,,,,,,,,,,,,,0,lstm
3,404,-4.8853,-5.5276,140,0,0,1,0,3.6411,2.153,collision,5.5,0.030338,0.382448,-0.775099,0.776354,5.506329,0.691377,1.571815,5.996552,0.406789,0.39102,-0.366531,1.002859,,,,,,,,,,,,,,0,lstm
4,563,-6.8572,-5.86,159,0,0,1,0,3.6093,2.082,collision,8.6,0.132339,0.412061,-0.728861,0.810563,5.378832,0.836177,1.096089,5.998521,0.382232,0.382931,-0.613117,1.0,-0.062189,0.057225,1.879567,0.006742,0.164933,0.331223,0.182781,0.399366,3.7e-05,,,,,0,lstm
5,690,-8.0806,-6.3041,127,0,0,1,0,3.6693,2.058,collision,10.2,-0.126666,0.42378,-0.845516,0.810678,5.296905,0.822204,1.285894,5.998165,0.410457,0.390247,-0.309769,1.0,,,,,,,,,,,,,,0,lstm
6,829,-3.0808,-5.7669,139,0,0,1,0,3.5554,2.177,collision,11.9,-0.016396,0.376491,-0.783709,0.819004,5.353152,0.742423,1.437325,5.992581,0.399719,0.384327,-0.180401,1.0,,,,,,,,,,,,,,0,lstm
7,949,-11.2911,-6.5561,120,0,0,1,0,3.684,2.129,collision,13.5,-0.174882,0.365535,-0.853853,0.774598,5.241249,0.860433,1.200349,5.97978,0.405291,0.39115,-0.384085,1.0,,,,,,,,,,,,,,0,lstm
8,1061,-15.7417,-7.7043,112,0,0,1,0,3.7174,2.039,collision,15.3,-0.244921,0.379764,-0.886528,0.761854,5.318214,0.784401,0.546128,5.994439,0.391496,0.388538,-0.464613,1.0,-0.095605,0.044144,1.879889,0.006726,0.146117,0.283108,0.14451,0.15579,4.9e-05,,,,,0,lstm
9,1191,-8.4328,-7.7852,130,0,0,1,0,3.5625,2.061,collision,17.0,-0.171664,0.406479,-0.818833,0.757175,5.405553,0.765056,1.334502,5.984313,0.415113,0.393105,-0.47564,1.0,,,,,,,,,,,,,,0,lstm
10,1323,-6.2655,-7.6332,132,0,0,1,0,3.6851,2.121,collision,18.6,0.015377,0.409494,-0.790923,0.766941,5.381783,0.733514,1.952697,5.987733,0.410072,0.392319,-0.31147,1.009254,,,,,,,,,,,,,,0,lstm
11,1445,-8.6025,-8.1805,122,0,0,1,0,3.5832,2.123,collision,20.2,0.001961,0.41456,-0.807905,0.8339,5.297956,0.823999,2.347338,5.994727,0.408536,0.387379,-0.109682,1.0,,,,,,,,,,,,,,0,lstm
12,1578,-5.259,-7.8497,133,0,0,1,0,3.6758,2.154,collision,22.3,0.021215,0.391537,-0.856372,0.819391,5.369398,0.786348,1.5211,5.99299,0.408461,0.390907,-0.23435,1.009863,-0.074134,0.045155,1.88021,0.00671,0.123904,0.371315,0.102545,0.386427,6.1e-05,,,,,0,lstm
13,1713,-6.3227,-7.9934,135,0,0,1,0,3.5229,2.165,collision,24.2,0.138137,0.358037,-0.727617,0.843327,5.39142,0.660155,2.850548,5.994283,0.38111,0.375183,-0.467728,1.0,,,,,,,,,,,,,,0,lstm
14,1829,-20.9465,-9.4023,116,0,0,1,0,3.6615,1.961,collision,25.7,-0.318825,0.400592,-0.872067,0.715357,5.114239,0.858392,2.01198,5.992532,0.368179,0.38695,-0.720658,1.0,,,,,,,,,,,,,,0,lstm
15,1964,-4.268,-9.0211,135,0,0,1,0,3.5976,2.134,collision,27.4,-0.05742,0.402943,-0.819153,0.766663,5.202389,0.782301,2.222337,5.985591,0.406732,0.390429,-0.146922,1.0,,,,,,,,,,,,,,0,lstm
16,2107,-4.1214,-9.1251,143,0,0,1,0,3.5486,2.051,collision,29.7,0.112475,0.433938,-0.810952,0.834803,5.258085,0.928528,0.306097,5.991355,0.387505,0.383113,-0.431359,1.0,-0.046649,0.036916,1.880257,0.006693,0.098266,0.393884,0.051361,0.284991,7.3e-05,,,,,0,lstm
17,2214,-20.3622,-10.0322,107,0,0,1,0,3.7327,1.936,collision,31.2,-0.337108,0.387076,-0.86119,0.712317,5.130781,0.98971,1.066947,5.994314,0.365064,0.381827,-0.620661,1.0,,,,,,,,,,,,,,0,lstm
18,2378,-7.9229,-9.2503,164,0,0,1,0,3.6618,2.075,collision,33.5,0.140529,0.418152,-0.827428,0.852511,5.350281,0.742161,2.353149,5.996042,0.391072,0.396422,-0.690453,1.007658,,,,,,,,,,,,,,0,lstm
19,2522,-1.7134,-8.5784,144,0,0,1,0,3.5632,2.058,collision,35.5,0.027504,0.434168,-0.854692,0.820619,5.302989,0.918165,1.010969,5.996159,0.397135,0.385238,-0.179771,1.0,,,,,,,,,,,,,,0,lstm
20,2693,-2.8285,-8.2347,171,0,0,1,0,3.5456,2.06,collision,38.4,0.109095,0.428746,-0.792288,0.817698,5.142689,1.020647,1.037525,5.996883,0.378441,0.390616,-0.654444,1.0,0.005533,0.029607,1.88027,0.006677,0.096741,0.244483,0.021446,0.148049,8.5e-05,,,,,0,lstm
21,2820,-11.8525,-8.5597,127,0,0,1,0,3.597,2.012,collision,40.0,-0.299679,0.35896,-0.848542,0.65714,5.118814,1.052401,0.555987,5.992912,0.395855,0.38673,-0.59652,1.0,,,,,,,,,,,,,,0,lstm
22,2948,-6.9197,-8.7258,128,0,0,1,0,3.6328,2.148,collision,41.7,-0.026509,0.399702,-0.835725,0.794609,5.293268,0.806113,0.99347,5.98751,0.413156,0.390598,-0.131569,1.0,,,,,,,,,,,,,,0,lstm
23,3065,-12.9789,-9.3914,117,0,0,1,0,3.6189,2.084,collision,43.3,-0.241462,0.349018,-0.810616,0.722995,5.152497,0.829408,1.839267,5.965609,0.392828,0.38342,-0.477006,1.0,,,,,,,,,,,,,,0,lstm
24,3214,-5.6586,-7.8626,149,0,0,1,0,3.6134,2.122,collision,45.7,0.12142,0.405998,-0.845745,0.863234,5.259177,0.872767,1.851948,5.989853,0.389481,0.38678,-0.510144,1.0,-0.037269,0.028575,1.880467,0.006661,0.09698,0.228577,0.02677,0.136357,9.7e-05,,,,,0,lstm
25,3359,-1.8331,-7.6191,145,0,0,1,0,3.5972,2.13,collision,47.7,-0.037297,0.397764,-0.785178,0.842959,5.325588,0.830215,0.735281,5.989847,0.398657,0.385259,-0.243094,1.0,,,,,,,,,,,,,,0,lstm
26,3903,67.1145,-0.4955,544,0,0,1,0,2.8568,2.083,collision,54.9,0.173015,0.391852,-0.809761,0.869693,5.158106,0.966705,0.541437,5.990983,0.375716,0.394912,-0.887553,1.0,,,,,,,,,,,,,,0,lstm
27,4046,-2.5808,1.2826,143,0,0,1,0,3.6563,2.053,collision,56.7,-0.136315,0.423393,-0.818282,0.711421,5.133554,0.930471,1.31281,5.985773,0.417111,0.396294,-0.247867,1.006013,,,,,,,,,,,,,,0,lstm
28,4186,-3.3179,1.7431,140,0,0,1,0,3.6535,2.103,collision,59.1,-0.069866,0.405612,-0.817165,0.739188,5.174991,0.945794,0.678836,5.986257,0.41222,0.392164,-0.2171,1.005689,0.008027,0.022839,1.880679,0.006645,0.113804,0.238123,0.082643,0.168075,0.0001,,,,,0,lstm
29,4293,-22.1633,-0.3019,107,0,0,1,0,3.6587,1.967,collision,60.4,-0.312706,0.374778,-0.851987,0.623802,4.897474,1.172528,0.87863,5.964764,0.360053,0.38164,-0.657134,1.0,,,,,,,,,,,,,,0,lstm
30,4425,-5.6283,-0.5819,132,0,0,1,0,3.5605,2.052,collision,62.1,-0.092371,0.437526,-0.854072,0.838027,5.14423,0.944285,1.391773,5.985541,0.409654,0.385737,-0.202366,1.0,,,,,,,,,,,,,,0,lstm
31,4566,-2.5211,0.3513,141,0,0,1,0,3.5396,2.054,collision,64.0,-0.100986,0.419557,-0.825361,0.670451,5.079695,1.024151,0.255624,5.97291,0.404013,0.385531,-0.246247,1.0,,,,,,,,,,,,,,0,lstm
32,4705,-4.6995,0.5733,139,0,0,1,0,3.5439,2.147,collision,66.3,-0.055519,0.391264,-0.755085,0.800209,5.261435,0.896391,1.724696,5.99197,0.393441,0.378309,-0.287136,1.0,-0.049933,0.030792,1.880836,0.006629,0.084447,0.237973,0.018778,0.112068,0.0001,,,,,0,lstm
33,4881,2.3771,2.1089,176,0,0,1,0,3.5414,2.12,collision,68.6,0.086714,0.390977,-0.733123,0.809188,5.138352,1.036848,0.454299,5.996654,0.375709,0.38058,-0.506455,1.0,,,,,,,,,,,,,,0,lstm
34,5017,-4.707,2.204,136,0,0,1,0,3.6734,2.105,collision,70.4,-0.11627,0.404961,-0.8279,0.71296,5.056652,0.980719,1.648888,5.986709,0.416914,0.393211,-0.237594,1.007801,,,,,,,,,,,,,,0,lstm
35,5148,-6.0208,1.7853,131,0,0,1,0,3.5889,2.046,collision,72.1,-0.119557,0.43787,-0.840476,0.701491,5.188821,0.851994,1.914521,5.991334,0.411355,0.388607,-0.174662,1.0,,,,,,,,,,,,,,0,lstm
36,5821,169.1819,11.992,673,0,0,1,0,2.1938,2.087,collision,81.4,-0.089563,0.416869,-0.875575,0.847094,5.153532,0.911926,1.014519,5.997983,0.393239,0.391365,-0.663479,1.0,0.008138,0.023398,1.881014,0.006612,0.124242,0.181556,0.097399,0.129418,0.0001,,,,,0,lstm
37,5936,-17.2482,10.5253,115,0,0,1,0,3.6485,1.925,collision,82.9,-0.344949,0.359196,-0.824909,0.648877,4.943652,1.250335,1.017053,5.98546,0.38618,0.386702,-0.618973,1.0,,,,,,,,,,,,,,0,lstm
38,6465,61.6147,17.0185,529,0,0,1,0,2.8448,2.091,collision,89.7,0.142177,0.398672,-0.785833,0.855718,5.060037,1.043658,0.136526,5.997453,0.361625,0.384407,-0.927221,1.0,,,,,,,,,,,,,,0,lstm
39,7306,177.3632,36.9712,841,0,0,1,0,2.1297,2.087,collision,100.6,-0.004865,0.425011,-0.848708,0.855656,5.024761,1.034933,0.611043,5.989242,0.391262,0.402599,-0.9498,1.0,,,,,,,,,,,,,,0,lstm
40,7459,-1.1773,37.4163,153,0,0,1,0,3.528,2.145,collision,103.1,0.058347,0.396227,-0.779853,0.829247,5.218819,0.876969,2.206486,5.990458,0.38475,0.383646,-0.433301,1.0,0.019194,0.020226,1.881066,0.006596,0.115172,0.092445,0.0919,0.105193,0.0001,,,,,0,lstm
41,7573,-17.9077,35.8776,114,0,0,1,0,3.6329,1.981,collision,104.6,-0.335649,0.367932,-0.87109,0.781868,4.927421,0.991231,1.518242,5.975191,0.384526,0.388457,-0.611468,1.0,,,,,,,,,,,,,,0,lstm
42,7708,-5.1249,35.8351,135,0,0,1,0,3.6538,2.068,collision,106.4,-0.20436,0.374853,-0.870596,0.608996,4.942343,1.12402,0.403001,5.986646,0.422114,0.397659,-0.261,1.000306,,,,,,,,,,,,,,0,lstm
43,7840,-6.0293,34.9944,132,0,0,1,0,3.566,2.086,collision,108.2,-0.072736,0.423311,-0.822753,0.805543,5.058893,0.974909,1.133773,5.972,0.416344,0.392362,-0.224669,1.0,,,,,,,,,,,,,,0,lstm
44,7954,-17.087,33.7565,114,0,0,1,0,3.6514,1.959,collision,110.2,-0.335047,0.354407,-0.818464,0.692456,4.783476,1.159456,0.77283,5.978668,0.381687,0.381923,-0.633134,1.0,-0.065787,0.032199,1.881097,0.00658,0.088426,0.230761,0.013673,0.088497,0.0001,,,,,0,lstm
45,8114,-4.8171,33.8768,160,0,0,1,0,3.6235,2.162,collision,112.2,0.015221,0.375093,-0.740105,0.785317,5.100957,0.975783,0.617907,5.998563,0.397049,0.391797,-0.491467,1.001088,,,,,,,,,,,,,,0,lstm
46,8278,-4.3201,16.5266,164,0,0,1,0,3.6355,2.145,collision,114.4,0.004789,0.396745,-0.779083,0.731081,5.121629,0.878447,1.764634,5.990692,0.395472,0.39076,-0.502992,1.004845,,,,,,,,,,,,,,0,lstm
47,8548,13.4056,19.592,270,0,0,1,0,3.3423,2.098,collision,117.7,0.050637,0.406921,-0.869621,0.846946,4.951599,1.060926,1.21552,5.989321,0.36434,0.386891,-0.669388,1.0,,,,,,,,,,,,,,0,lstm
48,8709,2.5125,13.6818,161,0,0,1,0,3.6183,2.087,collision,120.3,-0.089547,0.418744,-0.842463,0.781523,4.985339,0.984435,0.674234,5.987957,0.392561,0.380977,-0.2847,1.007895,-0.029725,0.025406,1.881431,0.006564,0.091552,0.184332,0.00694,0.118963,0.0001,,,,,0,lstm
49,8876,1.9915,-3.8554,167,0,0,1,0,3.5785,2.065,collision,122.4,-0.01515,0.438476,-0.841369,0.807978,4.920315,1.051365,1.424703,5.983782,0.388468,0.383941,-0.384967,1.0,,,,,,,,,,,,,,0,lstm
50,9714,153.2777,11.5901,838,0,0,1,0,2.2067,2.074,collision,133.0,-0.031077,0.422129,-0.889492,0.857341,4.979558,1.069727,0.514758,5.997074,0.389105,0.402959,-0.982128,1.0,,,,,,,,,,,,,,0,lstm
51,9848,-5.9342,12.7875,134,0,0,1,0,3.6229,2.08,collision,134.8,-0.224874,0.353262,-0.831087,0.633106,4.950681,1.130238,1.181967,5.98727,0.412128,0.391634,-0.401996,1.0,,,,,,,,,,,,,,0,lstm
52,10005,1.6078,13.4607,157,0,0,1,0,3.6475,2.094,collision,137.4,-0.169578,0.386833,-0.792532,0.671566,5.008026,0.95142,1.524201,5.99525,0.408462,0.389885,-0.396664,1.010373,-0.013274,0.01756,1.881658,0.006548,0.096283,0.091416,0.048193,0.068068,0.0001,,,,,0,lstm
53,10143,-3.4528,13.7184,138,0,0,1,0,3.5307,2.094,collision,139.3,-0.076444,0.415814,-0.764201,0.837831,5.129701,0.935349,1.870336,5.968336,0.401268,0.383395,-0.178671,1.0,,,,,,,,,,,,,,0,lstm
54,10680,72.9879,22.7259,537,0,0,1,0,2.7669,2.101,collision,146.0,0.112997,0.400642,-0.840687,0.882355,5.073483,0.995415,0.740262,5.991593,0.376647,0.390447,-0.943309,1.0,,,,,,,,,,,,,,0,lstm
55,10806,-9.6632,22.2413,126,0,0,1,0,3.6044,2.029,collision,147.6,-0.257453,0.37594,-0.862694,0.549449,4.872382,1.101154,1.127021,5.974303,0.426542,0.40502,-0.446728,1.0,,,,,,,,,,,,,,0,lstm
56,11341,90.6416,31.7374,535,0,0,1,0,2.7087,2.079,collision,155.2,0.065152,0.419323,-0.835853,0.817999,5.02522,1.022601,0.518894,5.991751,0.380666,0.388366,-0.927098,1.0,0.011068,0.018181,1.881701,0.006531,0.084161,0.104583,0.030948,0.0637,0.0001,,,,,0,lstm
57,11481,-3.6696,30.0299,140,0,0,1,0,3.5271,2.066,collision,156.9,-0.12398,0.416143,-0.859153,0.825081,5.094766,1.039678,0.827968,5.981551,0.41455,0.392918,-0.280059,1.0,,,,,,,,,,,,,,0,lstm
58,11613,-5.635,29.2152,132,0,0,1,0,3.6154,2.144,collision,158.8,-0.123674,0.368777,-0.838602,0.697255,4.990741,0.968743,1.490773,5.960711,0.417788,0.392949,-0.201071,1.0,,,,,,,,,,,,,,0,lstm
59,11745,-5.9689,28.4191,132,0,0,1,0,3.6154,2.105,collision,160.5,-0.138192,0.381527,-0.830068,0.755337,4.990242,1.04586,0.410092,5.98108,0.415934,0.392667,-0.313382,1.0,,,,,,,,,,,,,,0,lstm
60,11858,-15.7468,11.5167,113,0,0,1,0,3.7393,2.103,collision,162.4,-0.219612,0.353959,-0.820967,0.691787,4.841192,1.081103,1.800452,5.987303,0.395233,0.391508,-0.501447,1.00606,-0.077544,0.034929,1.881689,0.006515,0.111343,0.156422,0.043173,0.120757,0.0001,,,,,0,lstm
61,12014,1.0505,12.2152,156,0,0,1,0,3.5782,2.139,collision,164.4,-0.0392,0.397773,-0.857237,0.809422,5.044353,1.046103,1.346394,5.984386,0.394146,0.381458,-0.31413,1.0,,,,,,,,,,,,,,0,lstm
62,13096,242.9073,36.3451,1082,0,0,1,0,1.4626,2.078,collision,178.1,-0.09648,0.411689,-0.874159,0.858476,4.8032,1.18907,0.188675,5.993191,0.374209,0.388445,-0.904114,1.0,,,,,,,,,,,,,,0,lstm
63,13248,0.4451,36.7349,152,0,0,1,0,3.5373,2.132,collision,180.1,-0.059826,0.397457,-0.816521,0.839012,5.085745,0.913945,1.426519,5.975965,0.395065,0.382797,-0.25331,1.0,,,,,,,,,,,,,,0,lstm
64,13383,-4.5942,28.9767,135,0,0,1,0,3.5906,2.091,collision,182.5,-0.101751,0.409938,-0.778145,0.807748,4.961668,1.022174,1.404947,5.979733,0.418598,0.396063,-0.178112,1.0,0.001217,0.016535,1.881535,0.006499,0.100597,0.076939,0.045089,0.053861,0.0001,,,,,0,lstm
65,13523,-3.3903,29.604,140,0,0,1,0,3.5437,2.129,collision,184.4,-0.150289,0.374365,-0.834989,0.756716,4.982134,0.961785,1.865228,5.981487,0.410995,0.388757,-0.296626,1.0,,,,,,,,,,,,,,0,lstm
66,13656,-5.7178,19.968,133,0,0,1,0,3.6622,2.051,collision,186.1,-0.18934,0.383989,-0.77591,0.705663,4.851965,1.188286,0.786385,5.993259,0.424423,0.401393,-0.281724,1.000293,,,,,,,,,,,,,,0,lstm
67,13775,-13.6827,18.9667,119,0,0,1,0,3.7612,1.994,collision,187.6,-0.275931,0.394054,-0.84976,0.767157,4.990532,1.008929,1.444859,5.984652,0.407305,0.398293,-0.595102,1.011748,,,,,,,,,,,,,,0,lstm
68,13920,-3.1495,19.2153,145,0,0,1,0,3.6263,2.073,collision,190.1,-0.061871,0.417259,-0.870691,0.771691,5.032973,1.046513,0.087392,5.973565,0.40141,0.386421,-0.29639,1.0,-0.079628,0.031652,1.881416,0.006483,0.10392,0.132082,0.037466,0.100209,0.0001,,,,,0,lstm
69,14052,-7.4842,19.0637,132,0,0,1,0,3.5864,2.069,collision,191.7,-0.212378,0.38295,-0.822243,0.853912,5.012744,0.977211,0.606129,5.969759,0.421093,0.397976,-0.469395,1.0,,,,,,,,,,,,,,0,lstm
70,14700,160.4357,36.682,648,0,0,1,0,2.263,2.098,collision,199.9,-0.143201,0.391477,-0.854306,0.801482,4.900404,1.107577,0.552708,5.993713,0.384679,0.389231,-0.735198,1.0,,,,,,,,,,,,,,0,lstm
71,14830,-8.3275,35.7442,130,0,0,1,0,3.6205,2.031,collision,201.5,-0.281577,0.348162,-0.862963,0.588893,4.778954,1.11045,0.657909,5.978856,0.417593,0.3967,-0.506784,1.0,,,,,,,,,,,,,,0,lstm
72,15354,68.5793,18.3114,524,0,0,1,0,2.8072,2.089,collision,208.5,0.094587,0.408729,-0.763637,0.882719,5.004994,1.027774,0.45926,5.987254,0.358693,0.382635,-0.905505,1.0,-0.012853,0.017296,1.881334,0.006467,0.096174,0.100979,0.051557,0.075917,0.0001,,,,,0,lstm
73,15533,-6.7979,17.5871,179,0,0,1,0,3.6473,2.111,collision,210.8,0.06284,0.39212,-0.806925,0.881426,4.912691,1.163106,0.28125,5.971738,0.388053,0.393635,-0.643394,1.005078,,,,,,,,,,,,,,0,lstm
74,16223,137.991,31.8456,690,0,0,1,0,2.2537,2.109,collision,219.5,-0.021085,0.405905,-0.860961,0.843659,4.962389,1.059285,0.546245,5.996048,0.383027,0.393394,-0.858987,1.0,,,,,,,,,,,,,,0,lstm
75,16683,-29.0589,29.2788,460,0,0,1,0,3.5521,2.036,collision,225.3,0.021241,0.442926,-0.853112,0.832275,4.871277,1.16326,0.623821,5.987142,0.393479,0.436601,-0.999951,1.005613,,,,,,,,,,,,,,0,lstm
76,16789,-25.6015,27.2904,106,0,0,1,0,3.8165,1.913,collision,227.3,-0.390156,0.353189,-0.83799,0.75735,4.678342,1.051887,0.678686,5.863126,0.362371,0.391034,-0.716403,1.006889,0.006064,0.018246,1.881308,0.00645,0.089369,0.119113,0.029385,0.087569,0.0001,,,,,0,lstm
77,16946,-1.1347,28.5452,157,0,0,1,0,3.5105,2.121,collision,229.4,-0.009056,0.394905,-0.813183,0.695065,5.098681,0.983075,0.595156,5.983684,0.378628,0.37247,-0.389453,1.0,,,,,,,,,,,,,,0,lstm
78,17465,80.0748,36.8676,519,0,0,1,0,2.7626,2.141,collision,236.1,0.030683,0.391032,-0.834033,0.844933,5.005019,1.006801,0.688936,5.980178,0.364295,0.382202,-0.868263,1.0,,,,,,,,,,,,,,0,lstm
79,17605,-2.8655,37.3295,140,0,0,1,0,3.5231,2.079,collision,237.9,-0.094687,0.399776,-0.80733,0.746357,4.859334,1.194009,0.651933,5.985295,0.402199,0.383654,-0.226609,1.0,,,,,,,,,,,,,,0,lstm
80,17750,-2.5269,21.0332,145,0,0,1,0,3.6252,2.044,collision,240.4,-0.202518,0.388827,-0.877375,0.735948,4.973466,1.085315,0.3455,5.981321,0.41477,0.391607,-0.311254,1.0,-0.026063,0.025168,1.881294,0.006434,0.091155,0.097289,0.014847,0.065624,0.0001,,,,,0,lstm
81,17882,-7.1371,21.1523,132,0,0,1,0,3.593,2.02,collision,242.1,-0.265713,0.361821,-0.837233,0.672568,4.744377,1.304339,0.252738,5.983281,0.413548,0.389623,-0.360361,1.0,,,,,,,,,,,,,,0,lstm
82,18008,-9.0295,13.3914,126,0,0,1,0,3.6655,1.992,collision,243.8,-0.244141,0.40677,-0.861759,0.753967,4.935956,1.137264,0.921311,5.97605,0.416808,0.395378,-0.404308,1.0,,,,,,,,,,,,,,0,lstm
83,18136,-8.5703,13.2142,128,0,0,1,0,3.5869,2.051,collision,245.5,-0.256457,0.364734,-0.85268,0.611039,4.788466,1.138457,0.624465,5.995937,0.432763,0.407498,-0.384371,1.0,,,,,,,,,,,,,,0,lstm
84,18654,71.2499,6.54,518,0,0,1,0,2.8002,2.072,collision,252.7,0.047687,0.43341,-0.812498,0.863884,5.033603,0.967734,0.712423,5.985982,0.358821,0.38303,-0.923355,1.0,-0.038236,0.023083,1.881165,0.006418,0.096079,0.22242,0.006209,0.136015,0.0001,,,,,0,lstm
85,18792,-4.7868,8.9673,138,0,0,1,0,3.5554,2.048,collision,254.5,-0.212431,0.390257,-0.786589,0.778997,4.710411,1.265156,1.040977,5.967394,0.413441,0.388966,-0.368353,1.0,,,,,,,,,,,,,,0,lstm
86,18967,0.6561,11.593,175,0,0,1,0,3.6274,2.105,collision,256.8,-0.043366,0.407149,-0.824209,0.791997,4.959591,1.101588,1.063705,5.97794,0.398796,0.392237,-0.480671,1.009836,,,,,,,,,,,,,,0,lstm
87,19482,56.6441,17.3709,515,0,0,1,0,2.8726,2.097,collision,263.4,0.009345,0.40055,-0.844456,0.841429,4.855821,1.209213,0.417347,5.980857,0.349336,0.380195,-0.961209,1.0,,,,,,,,,,,,,,0,lstm
88,19611,-7.4855,8.6149,129,0,0,1,0,3.5666,2.042,collision,265.7,-0.247891,0.396861,-0.829688,0.689771,4.911466,1.080804,1.212381,5.983441,0.421615,0.393602,-0.326991,1.0,-0.031374,0.023032,1.880927,0.006402,0.085034,0.188582,0.011993,0.119943,0.0001,,,,,0,lstm
89,19875,7.0822,9.6096,264,0,0,1,0,3.4305,2.134,collision,269.2,0.095506,0.386376,-0.834513,0.810139,4.997217,1.02385,1.377236,5.990946,0.384491,0.403531,-0.763342,1.0,,,,,,,,,,,,,,0,lstm
90,20395,53.8997,15.2523,520,0,0,1,0,2.8825,2.089,collision,275.9,0.051677,0.407044,-0.863061,0.863147,4.905437,1.13509,0.210576,5.994015,0.353472,0.383678,-0.977266,1.0,,,,,,,,,,,,,,0,lstm
91,20537,-3.6073,15.6053,142,0,0,1,0,3.6129,2.096,collision,277.8,-0.230607,0.359775,-0.821745,0.655169,5.182852,0.907424,1.177067,5.993347,0.414431,0.39015,-0.395095,1.0,,,,,,,,,,,,,,0,lstm
92,20665,-9.9863,15.5096,128,0,0,1,0,3.6346,1.942,collision,280.0,-0.357545,0.368264,-0.873371,0.621908,4.860582,0.988666,0.60481,5.967566,0.420862,0.400389,-0.491206,1.0,-0.012745,0.021789,1.880784,0.006386,0.085189,0.243504,0.012259,0.169071,0.0001,,,,,0,lstm
93,20815,-0.9283,16.2738,150,0,0,1,0,3.6396,2.083,collision,282.0,-0.171007,0.382404,-0.818235,0.794626,4.982728,1.08259,0.75466,5.983031,0.406072,0.387328,-0.34062,1.003696,,,,,,,,,,,,,,0,lstm
94,20939,-12.7424,7.8746,124,0,0,1,0,3.7345,1.939,collision,283.7,-0.352571,0.342725,-0.86701,0.421709,4.862887,1.204212,0.507801,5.982055,0.402974,0.395031,-0.571068,1.00365,,,,,,,,,,,,,,0,lstm
95,21086,-1.1426,8.239,147,0,0,1,0,3.5882,2.087,collision,285.6,-0.111093,0.408675,-0.821959,0.702486,4.921629,1.105725,0.428294,5.967334,0.397763,0.384006,-0.259588,1.0,,,,,,,,,,,,,,0,lstm
96,21215,-7.5197,7.4214,129,0,0,1,0,3.6445,2.037,collision,287.8,-0.239677,0.37338,-0.875482,0.672178,4.924169,1.200235,0.629574,5.972058,0.415366,0.391135,-0.291855,1.0,-0.10677,0.036018,1.880699,0.006369,0.108708,0.169837,0.072063,0.180092,0.0001,,,,,0,lstm
97,21394,-4.5522,1.3018,179,0,0,1,0,3.6498,2.125,collision,290.1,0.022075,0.394855,-0.78009,0.819348,5.117206,0.971938,1.115936,5.976651,0.392367,0.391538,-0.608453,1.008241,,,,,,,,,,,,,,0,lstm
98,21530,-6.9017,1.3602,136,0,0,1,0,3.5965,2.039,collision,291.9,-0.254907,0.377725,-0.822541,0.856514,4.830197,1.121112,0.26896,5.983537,0.42461,0.403141,-0.502772,1.0,,,,,,,,,,,,,,0,lstm
99,21686,1.597,0.8116,156,0,0,1,0,3.5802,2.086,collision,294.0,-0.129485,0.411713,-0.880719,0.78966,5.066,0.919528,1.499233,5.995397,0.398499,0.385527,-0.289542,1.0,,,,,,,,,,,,,,0,lstm
100,21820,-10.8924,-5.6676,134,0,0,1,0,3.6007,1.956,collision,296.1,-0.366258,0.331277,-0.840113,0.592396,4.836143,1.103495,0.984166,5.95714,0.40229,0.390656,-0.662921,1.0,-0.051995,0.033138,1.880645,0.006353,0.105743,0.113119,0.033339,0.074556,0.0001,,,,,0,lstm
101,21967,-1.8316,-5.49,147,0,0,1,0,3.6041,2.074,collision,298.2,-0.227073,0.377334,-0.840983,0.656776,4.995171,1.052147,0.844825,5.979945,0.408581,0.387314,-0.385163,1.0,,,,,,,,,,,,,,0,lstm
102,22109,-4.4443,-4.9358,142,0,0,1,0,3.6446,2.0,collision,300.0,-0.291912,0.368724,-0.856499,0.713601,4.962154,1.051718,0.86054,5.981002,0.410386,0.387449,-0.35946,1.0,,,,,,,,,,,,,,0,lstm
103,22365,-7.9173,-5.6347,256,0,0,1,0,3.5917,2.119,collision,303.4,0.12755,0.388054,-0.758667,0.835905,5.15822,0.904883,0.972985,5.994553,0.377638,0.413765,-0.779766,1.013005,,,,,,,,,,,,,,0,lstm
104,22530,2.6769,-4.0928,165,0,0,1,0,3.6162,2.129,collision,306.2,-0.098243,0.381293,-0.773388,0.830997,5.040876,0.986759,0.928563,5.986158,0.394148,0.380869,-0.402432,1.008742,-0.064232,0.030775,1.880546,0.006337,0.103907,0.094243,0.027211,0.036019,0.0001,,,,,0,lstm
105,22690,0.8221,-3.8963,160,0,0,1,0,3.6466,2.085,collision,308.4,-0.1347,0.409142,-0.80457,0.746861,4.871797,1.143196,1.27582,5.965856,0.401291,0.386208,-0.42552,1.009225,,,,,,,,,,,,,,0,lstm
106,22860,3.1978,-2.8246,170,0,0,1,0,3.6485,2.005,collision,310.7,-0.231962,0.395327,-0.852918,0.737664,4.754691,1.295291,0.597205,5.972758,0.409352,0.392337,-0.558324,1.006333,,,,,,,,,,,,,,0,lstm
107,23527,166.5471,14.2854,667,0,0,1,0,2.1998,2.118,collision,319.1,-0.174371,0.366909,-0.844475,0.712607,5.018792,1.005548,0.281232,5.993391,0.393425,0.392018,-0.669546,1.0,,,,,,,,,,,,,,0,lstm
108,24366,150.992,30.0747,839,0,0,1,0,2.1997,2.097,collision,330.3,-0.043688,0.420852,-0.84851,0.831776,5.060537,1.011593,0.228237,5.992564,0.383226,0.403446,-0.990133,1.0,0.000564,0.014644,1.880314,0.006321,0.09968,0.242782,0.068563,0.181002,0.0001,,,,,0,lstm
109,24526,1.7677,30.0918,160,0,0,1,0,3.6217,2.102,collision,332.2,-0.170951,0.379118,-0.838151,0.732339,4.8856,1.041335,0.923724,5.979196,0.402027,0.385365,-0.428211,1.004844,,,,,,,,,,,,,,0,lstm
110,25040,62.103,37.3913,514,0,0,1,0,2.8557,2.107,collision,338.4,0.016138,0.404232,-0.800489,0.84817,4.950828,1.110126,0.300135,5.99129,0.346952,0.377193,-0.916883,1.0,,,,,,,,,,,,,,0,lstm
111,25557,74.1547,44.99,517,0,0,1,0,2.8135,2.074,collision,344.5,-0.017509,0.426878,-0.860648,0.855826,4.979102,1.078112,0.696871,5.996571,0.362229,0.383649,-0.87678,1.0,,,,,,,,,,,,,,0,lstm
112,25694,-5.4452,44.8899,137,0,0,1,0,3.6266,2.069,collision,346.7,-0.206773,0.370777,-0.808306,0.765886,5.075002,0.95746,0.429457,5.984489,0.416272,0.391113,-0.347355,1.0,-0.017938,0.020008,1.880063,0.006305,0.080968,0.192093,0.018062,0.142668,0.0001,,,,,0,lstm
113,26214,59.1108,51.5927,520,0,0,1,0,2.8448,2.053,collision,353.0,0.052149,0.429575,-0.813403,0.821665,5.056473,1.100384,0.295012,5.993825,0.356143,0.384166,-0.972739,1.0,,,,,,,,,,,,,,0,lstm
114,26730,65.7734,57.9024,516,0,0,1,0,2.8232,2.111,collision,359.1,0.026318,0.406335,-0.860151,0.849158,5.06266,1.016369,0.793975,5.996322,0.356939,0.382856,-0.898217,1.0,,,,,,,,,,,,,,0,lstm
115,26887,1.9414,58.0143,157,0,0,1,0,3.5386,2.075,collision,361.0,-0.157825,0.405469,-0.832323,0.688587,5.007052,1.099991,1.276251,5.987299,0.406824,0.390151,-0.34853,1.0,,,,,,,,,,,,,,0,lstm
116,27401,52.5008,62.9446,514,0,0,1,0,2.9017,2.101,collision,368.1,-0.017457,0.405705,-0.85096,0.865541,5.075548,1.070822,0.241821,5.994527,0.352731,0.385448,-0.974037,1.0,-0.01786,0.018168,1.879889,0.006288,0.067189,0.14911,0.016381,0.129947,0.0001,,,,,0,lstm
117,27559,-1.3441,46.1555,158,0,0,1,0,3.6278,2.085,collision,370.0,-0.098104,0.406776,-0.81701,0.753555,5.147714,0.996965,0.659985,5.982844,0.391095,0.378679,-0.480613,1.001507,,,,,,,,,,,,,,0,lstm
118,27709,-0.7008,30.9862,150,0,0,1,0,3.6166,2.112,collision,371.8,-0.208986,0.355414,-0.862615,0.74982,5.238739,0.927001,0.474382,5.992163,0.410183,0.389833,-0.337209,1.000588,,,,,,,,,,,,,,0,lstm
119,27864,0.7233,30.8817,155,0,0,1,0,3.5194,2.1,collision,373.8,-0.098336,0.40585,-0.826691,0.785187,5.120476,0.957564,0.629888,5.991552,0.394886,0.380868,-0.338812,1.0,,,,,,,,,,,,,,0,lstm
120,28376,66.7767,31.3491,512,0,0,1,0,2.8175,2.111,collision,380.5,0.011849,0.407603,-0.808346,0.84086,5.07905,1.048797,1.256072,5.99496,0.354649,0.382418,-0.93072,1.0,-0.037415,0.026341,1.879783,0.006272,0.085821,0.10424,0.042336,0.071711,0.0001,,,,,0,lstm
121,28497,-15.978,22.3358,121,0,0,1,0,3.7296,1.954,collision,382.0,-0.361652,0.364715,-0.84319,0.702689,5.138659,0.832591,1.980936,5.937911,0.390655,0.390842,-0.646868,1.0,,,,,,,,,,,,,,0,lstm
122,28637,-4.3423,22.4461,140,0,0,1,0,3.6078,2.046,collision,383.7,-0.253628,0.391434,-0.868592,0.808311,5.129278,0.96792,1.622904,5.988392,0.414047,0.390052,-0.332179,1.0,,,,,,,,,,,,,,0,lstm
123,28795,1.1802,16.6531,158,0,0,1,0,3.6476,1.989,collision,385.6,-0.26312,0.387473,-0.838651,0.707141,4.908787,1.201615,0.686723,5.986672,0.408946,0.392037,-0.421364,1.003453,,,,,,,,,,,,,,0,lstm
124,29060,15.0841,11.5841,265,0,0,1,0,3.4,2.136,collision,389.2,0.063693,0.395909,-0.849261,0.845207,5.213584,0.89844,1.206295,5.99193,0.377735,0.391807,-0.658291,1.0,-0.021065,0.032082,1.879847,0.006256,0.101249,0.082843,0.046509,0.063564,0.0001,,,,,0,lstm
125,29595,53.1102,16.701,535,0,0,1,0,2.8305,2.125,collision,395.8,0.085056,0.399089,-0.849891,0.867386,5.190238,0.9136,0.646879,5.99884,0.362808,0.389086,-0.908274,1.0,,,,,,,,,,,,,,0,lstm
126,29735,-6.0528,10.8456,140,0,0,1,0,3.6099,2.04,collision,397.6,-0.284733,0.368351,-0.855159,0.647746,5.085775,0.87635,1.534428,5.988011,0.421528,0.401428,-0.566472,1.0,,,,,,,,,,,,,,0,lstm
127,29886,0.4549,11.0255,151,0,0,1,0,3.507,2.18,collision,399.5,-0.060641,0.360141,-0.761138,0.671536,5.242315,0.90722,0.604627,5.987352,0.392657,0.380074,-0.237368,1.0,,,,,,,,,,,,,,0,lstm
128,30141,1.1017,11.2058,255,0,0,1,0,3.4409,2.076,collision,403.3,0.012942,0.423693,-0.843361,0.843874,5.161275,1.031929,0.295979,5.979064,0.363667,0.397094,-0.778574,1.0,-0.005699,0.026664,1.880043,0.00624,0.095185,0.162946,0.009063,0.110364,0.0001,,,,,0,lstm
129,30289,-2.1135,10.9221,148,0,0,1,0,3.6183,2.048,collision,405.1,-0.089815,0.43072,-0.876793,0.813641,5.171263,0.964688,0.710095,5.974243,0.400545,0.384904,-0.330829,1.0,,,,,,,,,,,,,,0,lstm
130,30466,3.2067,4.5651,177,0,0,1,0,3.6138,2.119,collision,407.3,-0.09428,0.401286,-0.808684,0.776214,5.181401,0.886496,1.497156,5.987698,0.386402,0.3781,-0.486779,1.009696,,,,,,,,,,,,,,0,lstm
131,30724,-0.6353,6.0994,258,0,0,1,0,3.4891,2.077,collision,410.5,0.0911,0.425032,-0.79148,0.836719,5.222588,0.856346,1.51342,5.995822,0.371876,0.400622,-0.751501,1.0,,,,,,,,,,,,,,0,lstm
132,30870,-3.1148,6.2221,146,0,0,1,0,3.5565,2.039,collision,412.7,-0.274767,0.370447,-0.840502,0.609438,5.188522,0.893913,1.892894,5.970273,0.405524,0.385988,-0.452641,1.0,-0.050306,0.039178,1.88039,0.006224,0.101314,0.364359,0.035373,0.212948,0.0001,,,,,0,lstm
133,31123,-10.577,5.0464,253,0,0,1,0,3.4699,2.084,collision,415.9,0.053237,0.423472,-0.771075,0.860388,5.065253,1.036702,0.953144,5.996257,0.347462,0.394732,-0.825163,1.0,,,,,,,,,,,,,,0,lstm
134,31386,13.0611,4.8441,263,0,0,1,0,3.3957,2.143,collision,419.2,0.012819,0.39584,-0.787556,0.842669,5.177434,0.909566,1.432322,5.994947,0.37388,0.391245,-0.656293,1.0,,,,,,,,,,,,,,0,lstm
135,31526,-6.5092,-1.1178,140,0,0,1,0,3.7216,1.974,collision,421.0,-0.352701,0.347873,-0.847172,0.79347,5.106354,0.865995,1.485021,5.982115,0.407967,0.39312,-0.523738,1.009048,,,,,,,,,,,,,,0,lstm
136,31796,18.1093,1.2984,270,0,0,1,0,3.4455,2.141,collision,424.9,0.002996,0.394441,-0.822907,0.81747,5.157318,0.978524,0.956257,5.979817,0.392932,0.394797,-0.631727,1.011146,-0.001393,0.028275,1.880804,0.006207,0.102785,0.262921,0.014366,0.15026,0.0001,,,,,0,lstm
137,32066,15.2644,2.7793,270,0,0,1,0,3.4272,2.147,collision,428.2,-0.011307,0.398394,-0.862484,0.833122,5.249375,0.88392,1.812875,5.995512,0.391121,0.397022,-0.691985,1.002189,,,,,,,,,,,,,,0,lstm
138,32235,1.8828,2.8574,169,0,0,1,0,3.5428,2.131,collision,430.2,-0.049882,0.408573,-0.890033,0.808179,5.345465,0.727813,2.366826,5.998747,0.383934,0.379844,-0.401857,1.0,,,,,,,,,,,,,,0,lstm
139,32378,-4.1889,2.6499,143,0,0,1,0,3.5714,2.022,collision,432.0,-0.282171,0.376727,-0.866106,0.670971,5.148101,1.078529,0.994527,5.991426,0.408269,0.38716,-0.404841,1.0,,,,,,,,,,,,,,0,lstm
140,32635,5.9958,2.9288,257,0,0,1,0,3.4461,2.14,collision,435.8,0.053139,0.391777,-0.771448,0.74993,5.20993,0.840267,1.713621,5.99232,0.378329,0.402006,-0.713058,1.0,-0.012037,0.031551,1.881045,0.006191,0.107633,0.274268,0.009723,0.190813,0.0001,,,,,0,lstm
141,32792,0.4621,3.0385,157,0,0,1,0,3.6121,2.126,collision,437.7,-0.1478,0.38718,-0.840442,0.660331,5.176551,0.789591,1.993893,5.981013,0.39849,0.382843,-0.379171,1.002526,,,,,,,,,,,,,,0,lstm
142,32930,-4.6275,2.8873,138,0,0,1,0,3.5476,2.094,collision,439.4,-0.219842,0.363698,-0.811865,0.742281,5.14374,0.934522,1.547011,5.984554,0.408344,0.385537,-0.305542,1.0,,,,,,,,,,,,,,0,lstm
143,33407,-35.3788,0.4071,477,0,0,1,0,3.5813,2.056,collision,445.2,0.009937,0.446971,-0.854298,0.870004,5.048389,1.041824,0.135237,5.993334,0.392942,0.437458,-0.999958,1.010417,,,,,,,,,,,,,,0,lstm
144,33681,22.1985,1.3208,274,0,0,1,0,3.3989,2.101,collision,448.9,-0.020953,0.423285,-0.874435,0.839882,5.176038,0.942224,1.010456,5.991806,0.389512,0.395278,-0.638986,1.001282,-0.027556,0.027161,1.881283,0.006175,0.091808,0.139224,0.019161,0.11432,0.0001,,,,,0,lstm
145,33846,-1.7168,1.8001,165,0,0,1,0,3.6421,2.14,collision,450.9,-0.097768,0.373179,-0.805498,0.738592,5.166939,1.002609,0.863349,5.985197,0.398164,0.388388,-0.505385,1.007171,,,,,,,,,,,,,,0,lstm
146,34007,-0.0637,-0.0172,161,0,0,1,0,3.6426,2.057,collision,452.8,-0.220909,0.377485,-0.850089,0.839771,5.052045,1.079985,0.521661,5.98539,0.403213,0.388132,-0.501589,1.003193,,,,,,,,,,,,,,0,lstm
147,34192,7.837,-0.76,185,0,0,1,0,3.6495,1.949,collision,455.0,-0.269515,0.407222,-0.879796,0.815709,4.896888,1.184925,0.583117,5.986506,0.401632,0.390939,-0.519322,1.009501,,,,,,,,,,,,,,0,lstm
148,34448,6.8406,-0.2642,256,0,0,1,0,3.4836,2.11,collision,458.6,0.009179,0.402284,-0.813337,0.821749,4.940262,1.182292,0.741362,5.985534,0.37237,0.396054,-0.684699,1.002579,-0.031589,0.028918,1.881459,0.006159,0.089261,0.112194,0.012771,0.082294,0.0001,,,,,0,lstm
149,34566,-18.3613,-1.6814,118,0,0,1,0,3.7429,1.81,collision,459.9,-0.47543,0.338128,-0.87734,0.655155,4.990065,1.116639,0.813977,5.977031,0.381402,0.388482,-0.702168,1.0,,,,,,,,,,,,,,0,lstm
150,34732,3.0515,-1.9758,166,0,0,1,0,3.516,2.08,collision,461.8,-0.155012,0.398732,-0.810716,0.814457,5.132767,0.967202,1.02027,5.978319,0.393492,0.379077,-0.404642,1.0,,,,,,,,,,,,,,0,lstm
151,34878,-3.4444,-2.3665,146,0,0,1,0,3.6088,1.963,collision,463.6,-0.289429,0.390959,-0.872055,0.721284,5.051434,0.938609,1.395993,5.976725,0.409055,0.387261,-0.465748,1.0,,,,,,,,,,,,,,0,lstm
152,35029,-4.8909,-2.3928,151,0,0,1,0,3.7191,1.923,collision,465.8,-0.402397,0.342172,-0.868394,0.677261,5.027853,0.91653,1.318312,5.991711,0.40679,0.394085,-0.60701,1.00856,-0.062652,0.037479,1.881569,0.006143,0.088806,0.153299,0.018732,0.094764,0.0001,,,,,0,lstm
153,35195,0.9991,1.245,166,0,0,1,0,3.6489,1.971,collision,467.9,-0.327165,0.371576,-0.88537,0.783702,5.101824,0.938778,1.659862,5.974649,0.408117,0.390147,-0.601307,1.0,,,,,,,,,,,,,,0,lstm
154,35463,19.8693,1.012,268,0,0,1,0,3.4081,2.115,collision,471.2,-0.006153,0.410175,-0.785879,0.811765,5.097196,0.949204,0.214787,5.993133,0.378102,0.385079,-0.62757,1.002624,,,,,,,,,,,,,,0,lstm
155,35621,0.5814,1.2419,158,0,0,1,0,3.6112,2.09,collision,473.1,-0.175847,0.390893,-0.849259,0.746084,5.124706,0.948368,1.259032,5.989675,0.398515,0.382776,-0.424979,1.000279,,,,,,,,,,,,,,0,lstm
156,35791,-1.2833,1.1199,170,0,0,1,0,3.6213,2.138,collision,475.6,-0.016401,0.393433,-0.794588,0.820136,5.179536,0.906614,0.942971,5.974531,0.395734,0.390328,-0.482064,1.006601,-0.023167,0.028606,1.881586,0.006126,0.095522,0.185273,0.016156,0.110307,0.0001,,,,,0,lstm
157,35949,0.1623,0.3524,158,0,0,1,0,3.6478,2.052,collision,477.6,-0.249244,0.371823,-0.876493,0.676086,4.93709,1.05662,1.379814,5.979014,0.409126,0.390809,-0.420098,1.005155,,,,,,,,,,,,,,0,lstm
158,36106,0.8386,-0.2478,157,0,0,1,0,3.644,2.111,collision,479.5,-0.198556,0.349974,-0.785252,0.701457,5.213339,0.921134,0.610017,5.98,0.403346,0.386732,-0.364879,1.009664,,,,,,,,,,,,,,0,lstm
159,36379,23.292,3.9176,273,0,0,1,0,3.3317,2.096,collision,482.8,-0.042812,0.41434,-0.857453,0.822736,5.045517,1.074269,0.519984,5.971744,0.377267,0.38673,-0.580728,1.0,,,,,,,,,,,,,,0,lstm
160,36513,-8.9728,2.7151,134,0,0,1,0,3.6507,1.878,collision,484.9,-0.432227,0.31498,-0.873279,0.539769,5.007825,1.146636,0.64291,5.968048,0.419574,0.403352,-0.56882,1.0,-0.044061,0.028596,1.881639,0.00611,0.093347,0.169425,0.02007,0.127055,0.0001,,,,,0,lstm
161,36648,-9.818,2.0778,135,0,0,1,0,3.7183,1.849,collision,486.4,-0.459953,0.335972,-0.881078,0.418895,4.829329,1.05029,1.605713,5.974773,0.404729,0.391291,-0.573184,1.0,,,,,,,,,,,,,,0,lstm
162,37175,48.5121,7.4181,527,0,0,1,0,2.8666,2.057,collision,492.7,0.082854,0.422164,-0.824691,0.859081,4.86657,1.170996,0.271276,5.993669,0.355848,0.386254,-0.974577,1.0,,,,,,,,,,,,,,0,lstm
163,37707,74.8,14.7982,532,0,0,1,0,2.766,2.065,collision,499.0,0.013955,0.432306,-0.863907,0.850278,4.928268,1.119989,0.792674,5.991257,0.371578,0.386346,-0.956418,1.0,,,,,,,,,,,,,,0,lstm
164,38224,68.2556,19.6368,517,0,0,1,0,2.825,2.037,collision,506.3,-0.026144,0.456165,-0.87827,0.864855,4.899802,1.097614,0.633147,5.997056,0.364632,0.38779,-0.930351,1.0,-0.002762,0.017757,1.881636,0.006094,0.095519,0.204703,0.065214,0.163121,0.0001,,,,,0,lstm
165,38364,-4.6927,19.1094,140,0,0,1,0,3.5648,1.991,collision,508.0,-0.283806,0.392729,-0.870336,0.727558,4.995837,1.045522,1.079945,5.989984,0.416919,0.393531,-0.450861,1.0,,,,,,,,,,,,,,0,lstm
166,38625,5.6398,19.8017,261,0,0,1,0,3.4518,2.126,collision,511.1,0.065367,0.381612,-0.679455,0.798755,4.849182,1.153797,0.844123,5.982913,0.380686,0.402349,-0.736789,1.0,,,,,,,,,,,,,,0,lstm
167,39153,43.6704,24.1525,528,0,0,1,0,2.8857,2.03,collision,517.7,0.082496,0.443158,-0.850865,0.860663,4.873556,1.154428,0.239528,5.987615,0.350407,0.385712,-0.994962,1.0,,,,,,,,,,,,,,0,lstm
168,39293,-4.3566,23.633,140,0,0,1,0,3.6031,2.115,collision,519.9,-0.189297,0.367247,-0.857351,0.736361,4.987671,0.983599,1.752959,5.976085,0.416673,0.393243,-0.373903,1.0,0.000483,0.022471,1.881848,0.006078,0.08836,0.206251,0.024685,0.123384,0.0001,,,,,0,lstm
169,39815,59.3478,27.2386,522,0,0,1,0,2.8463,2.043,collision,526.2,0.07814,0.441285,-0.830075,0.85983,4.880481,1.106479,0.651175,5.989007,0.356073,0.385265,-0.98343,1.0,,,,,,,,,,,,,,0,lstm
170,40079,7.7544,28.9113,264,0,0,1,0,3.5041,2.109,collision,529.5,0.130027,0.394115,-0.690539,0.864103,4.897547,1.012486,1.115268,5.98221,0.388772,0.405313,-0.716803,1.012802,,,,,,,,,,,,,,0,lstm
171,40246,1.9661,30.0897,167,0,0,1,0,3.6494,1.992,collision,531.5,-0.353238,0.344197,-0.882357,0.555155,4.882449,1.065056,1.576805,5.991355,0.402996,0.390818,-0.469147,1.002615,,,,,,,,,,,,,,0,lstm
172,40391,-2.7967,24.9588,145,0,0,1,0,3.5543,2.059,collision,533.9,-0.206032,0.398593,-0.842665,0.80403,4.920859,1.119076,1.295375,5.986856,0.407011,0.38718,-0.394367,1.0,-0.013267,0.023862,1.88224,0.006062,0.085762,0.08879,0.022068,0.04021,0.0001,,,,,0,lstm
173,40668,12.0403,18.6828,277,0,0,1,0,3.3425,2.085,collision,537.2,0.058361,0.409727,-0.824376,0.829177,4.651708,1.190482,0.808438,5.984931,0.367429,0.388895,-0.73385,1.0,,,,,,,,,,,,,,0,lstm
174,41126,-28.0626,9.051,458,0,0,1,0,3.5698,1.997,collision,542.7,0.010264,0.4652,-0.85118,0.845737,4.851808,1.167737,0.265759,5.98,0.39385,0.435894,-0.999991,1.009624,,,,,,,,,,,,,,0,lstm
175,41278,-4.1218,9.1081,152,0,0,1,0,3.6083,2.117,collision,544.6,-0.009247,0.404206,-0.809585,0.799614,5.045102,0.945616,1.438308,5.983103,0.391573,0.384709,-0.464902,1.0,,,,,,,,,,,,,,0,lstm
176,41425,-1.8918,8.355,147,0,0,1,0,3.6462,2.036,collision,547.0,-0.213214,0.38176,-0.870331,0.653482,4.927636,1.172066,0.569084,5.993025,0.409535,0.388736,-0.348076,1.001918,-0.026498,0.027202,1.882567,0.006045,0.082554,0.150896,0.007595,0.10649,0.0001,,,,,0,lstm
177,41595,-3.1693,3.671,170,0,0,1,0,3.6153,2.094,collision,549.1,-0.069509,0.396262,-0.779614,0.848321,4.895757,1.150326,0.257499,5.980958,0.388215,0.386191,-0.530036,1.0,,,,,,,,,,,,,,0,lstm
178,41735,-5.3716,3.5695,140,0,0,1,0,3.6139,2.009,collision,550.8,-0.314335,0.357348,-0.844451,0.773632,4.952702,1.143371,0.90556,5.989641,0.425104,0.403218,-0.471109,1.0,,,,,,,,,,,,,,0,lstm
179,41918,3.4315,-2.0222,183,0,0,1,0,3.6495,1.861,collision,553.1,-0.408745,0.367857,-0.873935,0.673456,4.727676,1.17661,0.483574,5.990379,0.402359,0.395927,-0.653232,1.0,,,,,,,,,,,,,,0,lstm
180,42192,26.8295,-0.1146,274,0,0,1,0,3.3277,2.144,collision,556.9,-0.073261,0.376797,-0.831344,0.826664,4.829427,1.150426,0.894408,5.990379,0.384351,0.387577,-0.56982,1.0,-0.064816,0.029891,1.882744,0.006029,0.095309,0.12263,0.008464,0.087097,0.0001,,,,,0,lstm
181,42331,-5.1673,-0.828,139,0,0,1,0,3.6164,2.037,collision,558.6,-0.22673,0.391334,-0.863152,0.776138,4.72813,1.15074,0.997652,5.935046,0.41329,0.39113,-0.36467,1.0,,,,,,,,,,,,,,0,lstm
182,42585,-6.6598,-1.2143,254,0,0,1,0,3.4974,2.05,collision,561.8,0.070629,0.434457,-0.867475,0.847185,4.689555,1.166189,0.237891,5.985744,0.361971,0.405479,-0.85148,1.0,,,,,,,,,,,,,,0,lstm
183,42730,-2.8805,-2.7064,145,0,0,1,0,3.6125,1.985,collision,563.7,-0.252733,0.39885,-0.811408,0.76689,4.873182,1.20729,0.621558,5.962564,0.414984,0.39322,-0.390233,1.0,,,,,,,,,,,,,,0,lstm
184,42859,-13.6796,-1.2681,129,0,0,1,0,3.6838,1.837,collision,565.7,-0.430599,0.365895,-0.88453,0.820022,4.607992,1.211691,0.85801,5.980764,0.393802,0.390503,-0.667906,1.0,-0.062151,0.03475,1.882838,0.006013,0.097174,0.160174,0.0196,0.102265,0.0001,,,,,0,lstm
185,43291,-25.9463,-3.4505,432,0,0,1,0,3.5746,2.04,collision,571.1,-0.032424,0.443893,-0.857563,0.858296,4.696808,1.157149,0.192281,5.979228,0.39621,0.435633,-0.999246,1.007455,,,,,,,,,,,,,,0,lstm
186,43456,0.685,-3.1928,165,0,0,1,0,3.6088,2.118,collision,573.1,-0.107565,0.36814,-0.819845,0.799035,4.789759,1.204184,0.735004,5.988577,0.394685,0.384358,-0.450663,1.003442,,,,,,,,,,,,,,0,lstm
187,43606,-1.1142,-2.9873,150,0,0,1,0,3.6032,2.007,collision,575.0,-0.25174,0.379563,-0.857551,0.604835,4.75975,1.241641,0.301149,5.986911,0.407288,0.387353,-0.40779,1.0,,,,,,,,,,,,,,0,lstm
188,43766,0.3295,-2.4172,160,0,0,1,0,3.6477,1.928,collision,577.6,-0.32976,0.400103,-0.878312,0.791156,4.64382,1.243437,0.183569,5.964606,0.4002,0.386557,-0.471175,1.0,-0.052803,0.023708,1.882989,0.005997,0.078318,0.187788,0.012794,0.135616,0.0001,,,,,0,lstm
189,43932,4.4887,-2.3115,166,0,0,1,0,3.5416,2.094,collision,579.7,-0.114857,0.386225,-0.8646,0.746534,4.771297,1.229401,0.610209,5.981929,0.397926,0.384268,-0.400392,1.0,,,,,,,,,,,,,,0,lstm
190,44185,-11.5992,-6.1544,253,0,0,1,0,3.5277,1.917,collision,582.9,0.006076,0.488543,-0.866096,0.848896,4.341017,1.438339,0.338243,5.995121,0.348943,0.402536,-0.879593,1.0,,,,,,,,,,,,,,0,lstm
191,44335,-2.2285,-5.8605,150,0,0,1,0,3.5429,2.084,collision,584.7,-0.081038,0.389934,-0.819399,0.75035,4.820084,1.297713,0.469873,5.986884,0.393756,0.381223,-0.373196,1.0,,,,,,,,,,,,,,0,lstm
192,44491,0.6498,-5.1295,156,0,0,1,0,3.6444,2.089,collision,587.2,-0.169798,0.384091,-0.854024,0.778989,4.793282,1.209537,0.86465,5.969337,0.403095,0.385705,-0.35802,1.008593,-0.050361,0.033532,1.883183,0.005981,0.094291,0.163608,0.019817,0.100664,0.0001,,,,,0,lstm
193,44672,6.6273,-4.1788,181,0,0,1,0,3.6496,1.972,collision,589.4,-0.34176,0.359042,-0.886166,0.74712,4.960752,1.098944,1.116033,5.975815,0.401622,0.389501,-0.472217,1.00775,,,,,,,,,,,,,,0,lstm
194,44923,-23.3142,-5.1422,251,0,0,1,0,3.5467,1.998,collision,592.5,0.071577,0.461423,-0.803487,0.863892,4.470803,1.35779,0.261701,5.963455,0.350472,0.413825,-0.937935,1.0,,,,,,,,,,,,,,0,lstm
195,45080,0.8249,-2.4651,157,0,0,1,0,3.5498,2.072,collision,594.5,-0.069151,0.423279,-0.875527,0.767801,4.919544,1.123329,1.409589,5.986441,0.393688,0.380751,-0.361844,1.0,,,,,,,,,,,,,,0,lstm
196,45345,4.0244,-2.1312,265,0,0,1,0,3.455,2.06,collision,598.1,0.129865,0.404486,-0.766173,0.869159,4.637625,1.225517,0.75434,5.953029,0.381818,0.406464,-0.758928,1.0,-0.005953,0.028867,1.883068,0.005964,0.093489,0.131361,0.013501,0.102325,0.0001,,,,,0,lstm
197,45779,-30.6287,-5.0826,434,0,0,1,0,3.591,2.031,collision,603.3,0.006493,0.444609,-0.864812,0.819142,4.782683,1.181471,0.054771,5.981133,0.394494,0.436392,-0.999999,1.007998,,,,,,,,,,,,,,0,lstm
198,45966,7.2319,-4.3924,187,0,0,1,0,3.649,1.994,collision,605.7,-0.244084,0.408892,-0.853842,0.754308,4.90186,1.088283,0.500916,5.983088,0.403211,0.390244,-0.576013,1.009154,,,,,,,,,,,,,,0,lstm
199,46112,-3.9131,-5.2325,146,0,0,1,0,3.6434,2.161,collision,607.6,-0.069632,0.375304,-0.840934,0.647828,4.834208,1.13454,1.020923,5.983451,0.403611,0.385214,-0.405559,1.003453,,,,,,,,,,,,,,0,lstm
200,46267,0.4143,-4.0312,155,0,0,1,0,3.6145,2.088,collision,610.1,-0.132577,0.399463,-0.86996,0.784489,4.875799,1.035097,1.388801,5.978061,0.39964,0.382841,-0.404979,1.000591,-0.04724,0.030149,1.882838,0.005948,0.073103,0.121327,0.013066,0.081287,0.0001,,,,,0,lstm
201,46791,76.2255,3.8142,524,0,0,1,0,2.7824,2.01,collision,616.6,0.011056,0.447074,-0.88885,0.872002,4.5152,1.307328,0.27361,5.983914,0.364979,0.383801,-0.947865,1.0,,,,,,,,,,,,,,0,lstm
202,46940,-1.1565,3.6336,149,0,0,1,0,3.6415,1.969,collision,618.5,-0.246035,0.41595,-0.873839,0.769533,4.678445,1.285267,0.620162,5.947497,0.412914,0.393357,-0.349281,1.0,,,,,,,,,,,,,,0,lstm
203,47471,54.5101,8.4219,531,0,0,1,0,2.8895,2.035,collision,625.1,0.020281,0.44174,-0.859207,0.841308,4.652932,1.303624,0.32376,5.982245,0.364992,0.390522,-0.96135,1.0,,,,,,,,,,,,,,0,lstm
204,47624,1.0715,10.8604,153,0,0,1,0,3.5419,2.117,collision,627.7,-0.089591,0.388441,-0.82646,0.721972,4.693126,1.249161,0.597989,5.977731,0.396654,0.384723,-0.289953,1.0,-0.011908,0.021532,1.882537,0.005932,0.08923,0.144178,0.034411,0.143643,0.0001,,,,,0,lstm
205,47762,-5.9669,10.1812,138,0,0,1,0,3.6454,1.973,collision,629.4,-0.319781,0.359634,-0.857046,0.543708,4.832797,1.258587,0.676688,5.99827,0.412802,0.390591,-0.471913,1.0,,,,,,,,,,,,,,0,lstm
206,48039,17.5168,11.5305,277,0,0,1,0,3.4866,2.036,collision,632.8,0.007503,0.454035,-0.885912,0.779553,4.680858,1.193362,0.299249,5.973822,0.392407,0.401495,-0.69887,1.006788,,,,,,,,,,,,,,0,lstm
207,48193,1.3305,14.7264,154,0,0,1,0,3.5259,2.119,collision,634.8,-0.057796,0.377286,-0.845758,0.640439,4.69636,1.254521,0.123376,5.986455,0.382895,0.375357,-0.210341,1.0,,,,,,,,,,,,,,0,lstm
208,48355,1.7366,14.1769,162,0,0,1,0,3.6486,1.943,collision,637.4,-0.239798,0.446527,-0.87385,0.860582,4.78135,1.210598,0.478245,5.981623,0.398656,0.386773,-0.421447,1.001497,-0.029163,0.039993,1.88217,0.005916,0.110591,0.151449,0.011613,0.094728,0.0001,,,,,0,lstm
209,48497,-5.6843,13.9998,142,0,0,1,0,3.5625,1.945,collision,639.2,-0.310213,0.393208,-0.849464,0.81809,4.821101,1.194114,0.45698,5.952731,0.431533,0.408979,-0.583331,1.0,,,,,,,,,,,,,,0,lstm
210,48629,-6.5207,13.3063,132,0,0,1,0,3.6465,2.071,collision,640.8,-0.24833,0.376173,-0.881725,0.737255,4.998841,0.912334,2.205578,5.978176,0.417027,0.392513,-0.303853,1.0,,,,,,,,,,,,,,0,lstm
211,48773,-2.5037,5.4333,144,0,0,1,0,3.5607,2.076,collision,642.6,-0.105302,0.407695,-0.825872,0.813601,4.767336,1.174069,0.756688,5.991623,0.398038,0.381538,-0.27334,1.0,,,,,,,,,,,,,,0,lstm
212,48912,-3.8671,5.1623,139,0,0,1,0,3.6392,2.073,collision,644.7,-0.175095,0.395192,-0.885882,0.738705,4.824471,1.036137,0.446335,5.937328,0.413035,0.392988,-0.242779,1.0,-0.108871,0.036263,1.88158,0.0059,0.094332,0.232427,0.058146,0.132184,0.0001,,,,,0,lstm
213,49175,-6.6625,-0.955,263,0,0,1,0,3.4957,2.07,collision,648.0,0.119602,0.406597,-0.819959,0.8569,4.754429,1.190514,0.061974,5.990657,0.371871,0.404294,-0.804766,1.0,,,,,,,,,,,,,,0,lstm
214,49359,-2.1742,-1.2795,184,0,0,1,0,3.6497,2.034,collision,650.3,-0.038462,0.447724,-0.88742,0.797452,4.780391,1.18064,0.533174,5.973794,0.392825,0.393779,-0.607086,1.006656,,,,,,,,,,,,,,0,lstm
215,49539,5.6131,-0.1215,180,0,0,1,0,3.6499,1.856,collision,652.5,-0.400709,0.40035,-0.882984,0.650326,4.567854,1.214723,0.302527,5.984762,0.395481,0.386563,-0.503066,1.0,,,,,,,,,,,,,,0,lstm
216,50059,59.6,4.0868,520,0,0,1,0,2.8587,2.029,collision,659.4,0.05186,0.442764,-0.857954,0.856736,4.628853,1.317985,0.195148,5.985834,0.350735,0.381663,-0.967704,1.0,-0.008265,0.022568,1.88102,0.005883,0.082218,0.108084,0.029509,0.085273,0.0001,,,,,0,lstm
217,50314,-11.7387,2.7799,255,0,0,1,0,3.5055,2.054,collision,662.5,0.049956,0.430478,-0.79407,0.841147,4.507314,1.34037,0.21391,5.980369,0.35914,0.406062,-0.861764,1.0,,,,,,,,,,,,,,0,lstm
218,50483,-1.7596,2.4302,169,0,0,1,0,3.6135,2.047,collision,664.6,0.009475,0.443722,-0.890054,0.810177,4.915189,1.263348,0.52496,5.987631,0.385491,0.383221,-0.512348,1.000616,,,,,,,,,,,,,,0,lstm
219,50625,-4.1126,2.5874,142,0,0,1,0,3.6079,2.062,collision,666.3,-0.234871,0.375341,-0.851763,0.825796,4.904338,1.121409,1.200694,5.982875,0.408925,0.38798,-0.3925,1.0,,,,,,,,,,,,,,0,lstm
220,50769,-2.2299,3.0165,144,0,0,1,0,3.5326,2.083,collision,668.6,-0.171044,0.407319,-0.827971,0.810699,5.043426,1.05547,1.781521,5.976998,0.411111,0.390474,-0.281729,1.0,-0.054843,0.029744,1.880774,0.005867,0.097611,0.217231,0.024164,0.140693,0.0001,,,,,0,lstm
221,50935,0.9267,3.3595,166,0,0,1,0,3.5293,2.132,collision,670.6,-0.0226,0.389956,-0.764717,0.769345,4.983786,0.983311,1.407879,5.987252,0.389571,0.382057,-0.422822,1.0,,,,,,,,,,,,,,0,lstm
222,51078,-2.7782,3.4684,143,0,0,1,0,3.6167,2.083,collision,672.4,-0.170257,0.384059,-0.881861,0.684078,5.021343,1.071509,1.046629,5.978079,0.410922,0.390344,-0.290032,1.0,,,,,,,,,,,,,,0,lstm
223,51340,1.5578,4.2904,262,0,0,1,0,3.4126,2.094,collision,675.6,0.043217,0.40886,-0.800687,0.798111,4.722971,1.211425,0.319668,5.973949,0.364225,0.393911,-0.75893,1.0,,,,,,,,,,,,,,0,lstm
224,51473,-8.6794,3.6399,133,0,0,1,0,3.6512,1.868,collision,677.9,-0.418525,0.368079,-0.87956,0.663769,4.856305,1.091539,0.402985,5.986402,0.417973,0.400887,-0.525886,1.0,-0.042332,0.033973,1.880825,0.005851,0.096566,0.092927,0.011285,0.060711,0.0001,,,,,0,lstm
225,51740,7.3929,3.8179,267,0,0,1,0,3.4563,2.112,collision,681.1,0.116884,0.377819,-0.749716,0.800113,4.839022,1.158297,0.504879,5.995803,0.390885,0.40637,-0.75175,1.001444,,,,,,,,,,,,,,0,lstm
226,51891,-0.21,-2.1631,151,0,0,1,0,3.5244,2.121,collision,683.0,-0.09621,0.397622,-0.86897,0.761666,5.001874,1.007407,2.001942,5.977241,0.399026,0.381198,-0.351394,1.0,,,,,,,,,,,,,,0,lstm
227,52170,33.853,2.3961,279,0,0,1,0,3.3478,2.147,collision,686.3,-0.068166,0.377761,-0.820376,0.802232,4.793047,1.13997,0.834024,5.988821,0.403826,0.394225,-0.472451,1.008706,,,,,,,,,,,,,,0,lstm
228,52307,-8.8092,1.6911,137,0,0,1,0,3.659,1.82,collision,688.6,-0.442157,0.353664,-0.866214,0.621161,4.995852,1.065024,0.244606,5.973319,0.417895,0.403016,-0.631507,1.0,-0.018812,0.029713,1.880954,0.005835,0.101153,0.173805,0.013997,0.125314,0.0001,,,,,0,lstm
229,52458,-0.6796,2.0344,151,0,0,1,0,3.5602,2.128,collision,690.5,-0.037114,0.395909,-0.859814,0.811708,4.854879,1.195491,0.763307,5.98589,0.387993,0.379116,-0.283423,1.0,,,,,,,,,,,,,,0,lstm
230,52593,-5.4858,1.7088,135,0,0,1,0,3.5543,2.075,collision,692.2,-0.229622,0.365958,-0.843619,0.629541,4.949895,1.023734,1.345308,5.990656,0.418855,0.394531,-0.341801,1.0,,,,,,,,,,,,,,0,lstm
231,52867,17.0775,3.3239,274,0,0,1,0,3.3896,2.058,collision,695.7,0.066007,0.412895,-0.794774,0.815355,4.619495,1.248591,0.579005,5.970071,0.378902,0.390653,-0.669891,1.0,,,,,,,,,,,,,,0,lstm
232,53006,-3.1756,3.2842,139,0,0,1,0,3.5546,2.107,collision,698.0,-0.15234,0.39266,-0.838783,0.704033,5.131116,0.921609,1.816637,5.984774,0.414278,0.392519,-0.23619,1.0,-0.042197,0.036317,1.881054,0.005819,0.10404,0.263409,0.013815,0.189222,0.0001,,,,,0,lstm
233,53145,-3.5885,2.7695,139,0,0,1,0,3.5571,2.098,collision,699.8,-0.113354,0.413168,-0.838797,0.769201,4.877783,1.089911,1.086912,5.983893,0.405692,0.386884,-0.251891,1.0,,,,,,,,,,,,,,0,lstm
234,53278,-7.8613,2.8513,133,0,0,1,0,3.7247,1.991,collision,701.5,-0.326418,0.352023,-0.861751,0.565469,4.818158,1.179137,0.970803,5.991209,0.409816,0.393748,-0.402921,1.010217,,,,,,,,,,,,,,0,lstm
235,53401,-12.7033,0.8417,123,0,0,1,0,3.6228,1.902,collision,703.1,-0.41575,0.334745,-0.863007,0.506877,4.686065,1.218904,1.121143,5.96724,0.405155,0.391697,-0.601789,1.0,,,,,,,,,,,,,,0,lstm
236,53551,-0.5227,0.8104,150,0,0,1,0,3.5958,2.012,collision,705.5,-0.179375,0.431282,-0.836932,0.753566,4.783926,1.156672,0.27665,5.984512,0.405185,0.390083,-0.310564,1.0,-0.104697,0.032061,1.881306,0.005802,0.08369,0.238008,0.026639,0.169538,0.0001,,,,,0,lstm
237,53668,-17.0776,-4.2826,117,0,0,1,0,3.7834,1.866,collision,706.9,-0.477929,0.289844,-0.878662,0.31989,4.837756,1.024367,1.378839,5.982844,0.393255,0.394601,-0.664106,1.007701,,,,,,,,,,,,,,0,lstm
238,54205,75.8542,4.1837,537,0,0,1,0,2.7749,2.075,collision,713.5,0.08378,0.405539,-0.811796,0.840032,4.654158,1.250755,0.317874,5.974102,0.379733,0.391357,-0.960267,1.0,,,,,,,,,,,,,,0,lstm
239,54336,-12.0732,3.0444,131,0,0,1,0,3.7391,1.863,collision,715.1,-0.451539,0.317281,-0.88114,0.674469,4.878032,1.023707,1.137858,5.990286,0.404034,0.397142,-0.65475,1.003623,,,,,,,,,,,,,,0,lstm
240,54499,2.5787,3.8508,163,0,0,1,0,3.5719,2.115,collision,717.8,-0.055197,0.397329,-0.886542,0.760597,4.733639,1.165716,0.2361,5.972794,0.390986,0.381898,-0.336445,1.0,-0.001024,0.023416,1.881603,0.005786,0.094202,0.256213,0.04361,0.215185,0.0001,,,,,0,lstm
241,54652,0.861,2.2292,153,0,0,1,0,3.5666,2.11,collision,719.7,-0.126953,0.38679,-0.806505,0.754038,4.888897,1.11125,0.383451,5.974668,0.403422,0.387316,-0.296806,1.0,,,,,,,,,,,,,,0,lstm
242,54805,-0.9492,2.4518,153,0,0,1,0,3.6345,2.148,collision,721.7,-0.082129,0.387302,-0.881014,0.797828,4.937113,0.973085,1.80522,5.974026,0.399846,0.382981,-0.364612,1.006772,,,,,,,,,,,,,,0,lstm
243,54949,-2.2292,2.5877,144,0,0,1,0,3.5323,2.11,collision,723.5,-0.07893,0.408694,-0.836189,0.71651,4.894916,1.00815,1.668808,5.989645,0.392251,0.379203,-0.262882,1.0,,,,,,,,,,,,,,0,lstm
244,55093,-2.1826,3.1556,144,0,0,1,0,3.5249,2.119,collision,725.7,-0.199746,0.344425,-0.819,0.855933,4.900728,1.19564,0.765313,5.98378,0.410242,0.38749,-0.301106,1.0,-0.098565,0.028377,1.881975,0.00577,0.087302,0.117141,0.02481,0.096302,0.0001,,,,,0,lstm
245,55347,-17.1214,2.7138,254,0,0,1,0,3.523,2.016,collision,728.8,0.035759,0.452204,-0.86643,0.873923,4.621731,1.213533,0.38745,5.958158,0.350753,0.406187,-0.91673,1.0,,,,,,,,,,,,,,0,lstm
246,55496,-1.0079,2.6653,149,0,0,1,0,3.5513,2.008,collision,730.7,-0.193481,0.415867,-0.861323,0.717344,4.862646,1.195812,0.500191,5.977237,0.407861,0.390501,-0.32192,1.0,,,,,,,,,,,,,,0,lstm
247,55649,-1.7037,4.2027,153,0,0,1,0,3.5478,2.114,collision,732.6,-0.067495,0.401978,-0.775427,0.72139,4.821257,1.054371,0.999332,5.985938,0.386805,0.37657,-0.350569,1.0,,,,,,,,,,,,,,0,lstm
248,55797,-1.0583,-3.4886,148,0,0,1,0,3.5677,2.135,collision,734.9,-0.145494,0.365243,-0.847163,0.702923,4.851855,1.068511,0.178832,5.984975,0.40088,0.383093,-0.331771,1.0,-0.049379,0.029031,1.882398,0.005754,0.085822,0.203385,0.006558,0.140812,0.0001,,,,,0,lstm
249,55946,-1.7681,-2.4581,149,0,0,1,0,3.6264,2.053,collision,736.7,-0.19243,0.401246,-0.85862,0.718759,4.765663,1.18428,0.813652,5.981105,0.401813,0.38378,-0.355043,1.0,,,,,,,,,,,,,,0,lstm
250,56107,-9.4812,-3.6641,161,0,0,1,0,3.6865,1.904,collision,738.7,-0.324383,0.421517,-0.885443,0.771082,4.819675,1.182264,0.639152,5.97728,0.413711,0.409132,-0.978528,1.0,,,,,,,,,,,,,,0,lstm
251,56245,-5.0637,-4.2565,138,0,0,1,0,3.5653,1.999,collision,740.4,-0.25107,0.404899,-0.868544,0.653394,5.054918,1.069804,1.037738,5.984034,0.415964,0.391857,-0.364245,1.0,,,,,,,,,,,,,,0,lstm
252,56391,-2.1282,-4.3744,146,0,0,1,0,3.562,2.049,collision,742.8,-0.164123,0.40756,-0.831806,0.743987,4.814703,1.248469,0.686813,5.979465,0.402579,0.384392,-0.320439,1.0,-0.097403,0.037353,1.882738,0.005738,0.092718,0.29732,0.018393,0.210394,0.0001,,,,,0,lstm
253,56550,1.0698,-4.0445,159,0,0,1,0,3.6478,2.035,collision,744.8,-0.140804,0.435163,-0.87838,0.79594,4.892829,1.067911,0.492037,5.986258,0.400001,0.385863,-0.352737,1.008212,,,,,,,,,,,,,,0,lstm
254,56687,-6.047,-4.431,137,0,0,1,0,3.6408,2.029,collision,746.5,-0.283729,0.372171,-0.866912,0.646887,4.871033,1.143107,1.474328,5.988395,0.412629,0.389634,-0.441046,1.0,,,,,,,,,,,,,,0,lstm
255,56823,-5.7559,-3.2944,136,0,0,1,0,3.644,2.068,collision,748.2,-0.245068,0.361274,-0.868623,0.701648,4.824772,1.121585,1.164992,5.960656,0.411756,0.387057,-0.344686,1.0,,,,,,,,,,,,,,0,lstm
256,56949,-12.3815,-4.4318,126,0,0,1,0,3.7851,1.813,collision,750.1,-0.466258,0.328129,-0.855008,0.675249,4.854848,1.162258,0.504982,5.949314,0.405411,0.394651,-0.588717,1.011941,-0.095574,0.023675,1.882926,0.005721,0.082258,0.1041,0.011037,0.07896,0.0001,,,,,0,lstm
257,57099,-1.7832,-4.4397,150,0,0,1,0,3.5373,2.025,collision,752.0,-0.268901,0.367131,-0.845218,0.609732,4.808592,1.222334,0.598272,5.982685,0.408987,0.387205,-0.415878,1.0,,,,,,,,,,,,,,0,lstm
258,57266,1.9181,-4.1421,167,0,0,1,0,3.5327,2.102,collision,754.1,-0.089964,0.39322,-0.862161,0.800697,4.858448,1.130994,0.93006,5.980768,0.382231,0.374829,-0.428347,1.0,,,,,,,,,,,,,,0,lstm
259,57527,1.2375,-3.8415,261,0,0,1,0,3.4639,2.103,collision,757.2,0.053495,0.401106,-0.842956,0.850765,4.691926,1.136427,0.72927,5.981557,0.374739,0.400335,-0.776278,1.0,,,,,,,,,,,,,,0,lstm
260,57677,-0.6574,-2.9592,150,0,0,1,0,3.5615,2.019,collision,759.5,-0.245527,0.398138,-0.856838,0.778312,4.851695,1.114076,1.191752,5.997349,0.413125,0.393899,-0.360499,1.0,-0.057936,0.0321,1.883099,0.005705,0.095715,0.095786,0.02368,0.053402,0.0001,,,,,0,lstm
261,58225,67.6128,4.3085,548,0,0,1,0,2.8838,2.056,collision,766.3,0.007421,0.422217,-0.855958,0.837632,4.665327,1.263033,0.009319,5.983355,0.372866,0.389536,-0.919941,1.0,,,,,,,,,,,,,,0,lstm
262,58384,-4.8729,4.034,159,0,0,1,0,3.6278,2.12,collision,768.2,-0.01473,0.390905,-0.846925,0.685658,4.737377,1.287399,0.755505,5.957582,0.393733,0.388402,-0.502745,1.000603,,,,,,,,,,,,,,0,lstm
263,58536,-4.395,3.4875,152,0,0,1,0,3.617,2.118,collision,770.1,-0.096332,0.3843,-0.792108,0.636191,4.872069,1.135644,0.449855,5.99645,0.390278,0.379545,-0.435732,1.0,,,,,,,,,,,,,,0,lstm
264,58706,2.1968,4.3119,170,0,0,1,0,3.6491,1.871,collision,772.7,-0.387985,0.350863,-0.88284,0.755878,4.681806,1.377303,0.510481,5.971542,0.401923,0.391144,-0.5175,1.0,-0.012841,0.019539,1.883168,0.005689,0.097255,0.139505,0.055183,0.095704,0.0001,,,,,0,lstm
265,58877,4.1845,5.306,171,0,0,1,0,3.5656,2.098,collision,774.9,-0.076694,0.410501,-0.87126,0.790712,4.865809,1.0801,1.108698,5.984186,0.388437,0.383277,-0.344647,1.0,,,,,,,,,,,,,,0,lstm
266,59422,68.9964,13.4438,545,0,0,1,0,2.8776,2.04,collision,781.7,0.004688,0.421967,-0.86785,0.858748,4.553482,1.318383,0.144811,5.991509,0.374083,0.392044,-0.936035,1.0,,,,,,,,,,,,,,0,lstm
267,59697,17.5145,15.3735,275,0,0,1,0,3.433,2.09,collision,785.0,0.019743,0.403359,-0.835413,0.836676,4.62405,1.293596,0.302264,5.975881,0.389548,0.394501,-0.691375,1.004656,,,,,,,,,,,,,,0,lstm
268,60214,59.2835,21.1101,517,0,0,1,0,2.8716,2.033,collision,792.0,-0.016059,0.43408,-0.865003,0.846763,4.501857,1.34168,0.392428,5.986255,0.355147,0.384656,-0.976795,1.0,-0.01493,0.017789,1.883004,0.005673,0.096019,0.133919,0.0566,0.088673,0.0001,,,,,0,lstm
269,60783,-64.4396,14.5424,569,0,0,1,0,3.5718,2.006,collision,798.8,0.006575,0.451679,-0.888407,0.854758,4.364855,1.34342,0.060036,5.992418,0.355269,0.436421,-1.0,1.0,,,,,,,,,,,,,,0,lstm
270,61321,68.2749,21.4356,538,0,0,1,0,2.8223,2.086,collision,805.4,0.037373,0.415149,-0.842138,0.829087,4.659656,1.207796,0.454163,5.978472,0.374946,0.389996,-0.923678,1.0,,,,,,,,,,,,,,0,lstm
271,61453,-7.1217,13.9621,132,0,0,1,0,3.6427,1.961,collision,807.1,-0.304107,0.397083,-0.885437,0.623396,4.801574,1.117741,1.257655,5.964642,0.41275,0.390759,-0.415882,1.0,,,,,,,,,,,,,,0,lstm
272,61596,-7.6019,13.6892,143,0,0,1,0,3.7263,1.775,collision,809.4,-0.450855,0.367975,-0.864144,0.571668,4.78894,1.184647,0.834301,5.982504,0.406975,0.393258,-0.613646,1.001278,-0.025496,0.014785,1.882701,0.005657,0.075708,0.152381,0.028651,0.089626,0.0001,,,,,0,lstm
273,62042,-51.2209,9.0066,446,0,0,1,0,3.6509,1.982,collision,814.9,-0.052197,0.473375,-0.884805,0.843741,4.604132,1.239899,0.156445,5.988037,0.397848,0.447076,-1.0,1.0,,,,,,,,,,,,,,0,lstm
274,62308,8.8065,9.6676,266,0,0,1,0,3.4461,2.031,collision,818.1,0.014691,0.427719,-0.80259,0.870866,4.494281,1.352959,0.593398,5.981427,0.378273,0.396332,-0.717074,1.0,,,,,,,,,,,,,,0,lstm
275,62445,-10.3778,8.2114,137,0,0,1,0,3.7116,1.792,collision,819.7,-0.509415,0.295594,-0.88486,0.488095,4.729393,1.161222,0.642188,5.921175,0.400118,0.392741,-0.627976,1.0,,,,,,,,,,,,,,0,lstm
276,62598,0.5952,1.3713,153,0,0,1,0,3.58,2.003,collision,822.2,-0.189812,0.431269,-0.876531,0.818779,5.023312,1.007068,0.893796,5.983757,0.407775,0.39068,-0.339698,1.0,-0.045894,0.018412,1.882479,0.00564,0.070241,0.185395,0.008505,0.145039,0.0001,,,,,0,lstm
277,62775,4.9308,0.1129,177,0,0,1,0,3.5317,2.038,collision,824.3,-0.066419,0.433122,-0.788933,0.783701,4.726879,1.272423,0.451639,5.97014,0.386449,0.384727,-0.408651,1.0,,,,,,,,,,,,,,0,lstm
278,62926,-1.6997,-5.9854,151,0,0,1,0,3.5884,1.986,collision,826.3,-0.279264,0.38757,-0.865913,0.790679,4.795295,1.17048,1.022149,5.964677,0.408346,0.387818,-0.459722,1.0,,,,,,,,,,,,,,0,lstm
279,63184,6.7903,1.1376,258,0,0,1,0,3.5039,2.061,collision,829.4,-0.00867,0.412968,-0.846542,0.823435,4.468909,1.391905,0.181614,5.969578,0.378718,0.400919,-0.73808,1.003957,,,,,,,,,,,,,,0,lstm
280,63706,60.8692,0.397,522,0,0,1,0,2.8591,1.966,collision,836.1,0.005796,0.460969,-0.852131,0.841165,4.380037,1.402256,0.245265,5.990156,0.358218,0.385464,-0.976101,1.0,-0.040204,0.02175,1.882427,0.005624,0.085516,0.182688,0.015435,0.150238,0.0001,,,,,0,lstm
281,64226,61.1246,7.2216,520,0,0,1,0,2.8591,1.982,collision,842.2,-0.004116,0.46476,-0.855526,0.835199,4.343887,1.402408,0.213128,5.986152,0.362473,0.388636,-0.972862,1.0,,,,,,,,,,,,,,0,lstm
282,64358,-11.5628,6.8255,132,0,0,1,0,3.727,1.723,collision,843.7,-0.551206,0.270781,-0.878678,0.368263,4.672569,1.15509,0.613693,5.973546,0.404513,0.394678,-0.647567,1.0,,,,,,,,,,,,,,0,lstm
283,64630,28.6438,14.812,272,0,0,1,0,3.3912,2.086,collision,846.9,-0.072784,0.409208,-0.810153,0.813424,4.672382,1.219538,0.577667,5.980522,0.395292,0.390871,-0.526317,1.005206,,,,,,,,,,,,,,0,lstm
284,64776,-4.8199,13.4494,146,0,0,1,0,3.5881,1.895,collision,849.2,-0.380791,0.373939,-0.880971,0.694408,4.794534,1.143366,1.139252,5.98448,0.410274,0.390536,-0.539021,1.0,-0.042341,0.019659,1.882466,0.005608,0.080901,0.256219,0.008334,0.213135,0.0001,,,,,0,lstm
285,64925,-2.1711,14.27,149,0,0,1,0,3.5532,2.086,collision,851.0,-0.108523,0.39208,-0.799032,0.786803,4.552148,1.26789,0.849113,5.964699,0.390098,0.377035,-0.341353,1.0,,,,,,,,,,,,,,0,lstm
286,65198,19.1502,16.1255,273,0,0,1,0,3.4237,2.093,collision,854.3,-0.011909,0.409318,-0.806557,0.801769,4.557386,1.21745,0.532581,5.994006,0.392654,0.395633,-0.653507,1.003131,,,,,,,,,,,,,,0,lstm
287,65338,-5.7745,15.055,140,0,0,1,0,3.6368,1.939,collision,856.0,-0.30395,0.401595,-0.885097,0.611868,4.71601,1.16848,1.060821,5.992142,0.420282,0.399022,-0.532214,1.0,,,,,,,,,,,,,,0,lstm
288,65602,1.9947,15.4245,264,0,0,1,0,3.4609,2.115,collision,859.6,0.102742,0.377195,-0.812258,0.868611,4.592112,1.217376,0.189716,5.99144,0.385727,0.40792,-0.78362,1.0,-0.043941,0.030557,1.882495,0.005592,0.097793,0.128267,0.024974,0.079786,0.0001,,,,,0,lstm
289,66129,61.8985,20.9353,527,0,0,1,0,2.8443,2.015,collision,865.8,0.050249,0.431564,-0.866257,0.847568,4.52163,1.367354,0.48178,5.989412,0.362421,0.386969,-0.972093,1.0,,,,,,,,,,,,,,0,lstm
290,66313,4.7139,15.3197,184,0,0,1,0,3.5904,2.09,collision,868.0,-0.052924,0.428444,-0.886385,0.816503,4.842963,1.037225,1.774599,5.979057,0.388633,0.385732,-0.444463,1.008157,,,,,,,,,,,,,,0,lstm
291,66452,-4.2887,8.7784,139,0,0,1,0,3.5847,2.026,collision,869.6,-0.217661,0.377115,-0.837839,0.720145,4.679168,1.31383,0.547008,5.979252,0.413772,0.390059,-0.302763,1.0,,,,,,,,,,,,,,0,lstm
292,66616,-0.0151,9.9332,164,0,0,1,0,3.6486,1.843,collision,872.1,-0.464835,0.3301,-0.887394,0.684218,4.840226,1.062915,1.324894,5.978295,0.405646,0.396614,-0.539979,1.0,-0.036055,0.018785,1.882485,0.005576,0.076308,0.175382,0.018975,0.116386,0.0001,,,,,0,lstm
293,66765,-2.8304,6.7858,149,0,0,1,0,3.5779,1.944,collision,873.8,-0.309182,0.403672,-0.892231,0.668641,5.021469,1.051339,0.47779,5.982793,0.411774,0.391188,-0.472847,1.0,,,,,,,,,,,,,,0,lstm
294,66923,2.5078,7.5185,158,0,0,1,0,3.5352,2.076,collision,875.7,-0.081718,0.418273,-0.82823,0.748643,4.978028,1.000264,1.032547,5.986859,0.398405,0.386544,-0.309326,1.0,,,,,,,,,,,,,,0,lstm
295,67196,31.4465,10.8803,273,0,0,1,0,3.389,2.086,collision,878.9,-0.097565,0.407899,-0.890611,0.744067,4.873535,1.112474,0.421889,5.984488,0.394069,0.391451,-0.521274,1.008358,,,,,,,,,,,,,,0,lstm
296,67356,2.8371,9.249,160,0,0,1,0,3.5564,2.088,collision,881.3,-0.149833,0.385142,-0.864246,0.745625,4.812699,1.18311,0.654229,5.966846,0.396885,0.384379,-0.320763,1.0,-0.071003,0.033456,1.882375,0.005559,0.109557,0.147586,0.048317,0.094902,0.0001,,,,,0,lstm
297,67513,-5.7655,9.2499,157,0,0,1,0,3.6408,2.136,collision,883.1,-0.027447,0.394647,-0.826054,0.807481,5.029687,1.079387,1.055121,5.988857,0.398275,0.391282,-0.507846,1.002201,,,,,,,,,,,,,,0,lstm
298,67954,-38.2896,5.2214,441,0,0,1,0,3.6188,1.996,collision,888.3,-0.04847,0.474275,-0.860987,0.849492,4.764975,1.071916,0.673688,5.987592,0.396981,0.44076,-1.0,1.005849,,,,,,,,,,,,,,0,lstm
299,68100,-3.4534,-1.3137,146,0,0,1,0,3.5683,2.116,collision,890.0,-0.10467,0.410685,-0.883255,0.722259,5.007197,0.917646,2.354163,5.980453,0.393932,0.379635,-0.331312,1.0,,,,,,,,,,,,,,0,lstm
300,68272,3.617,-1.4234,172,0,0,1,0,3.6132,2.093,collision,892.5,-0.083636,0.40322,-0.839825,0.806557,4.939223,1.059063,0.585851,5.98259,0.39566,0.386071,-0.403449,1.009316,-0.039505,0.024771,1.882301,0.005543,0.075292,0.18204,0.030005,0.110481,0.0001,,,,,0,lstm
301,68795,62.0205,5.2075,523,0,0,1,0,2.8341,2.006,collision,898.6,0.05834,0.445975,-0.868198,0.851842,4.623011,1.308046,0.456737,5.961573,0.356638,0.384706,-0.985186,1.0,,,,,,,,,,,,,,0,lstm
302,69329,76.6355,12.8725,534,0,0,1,0,2.7848,2.082,collision,905.1,0.026321,0.417859,-0.804246,0.83289,4.759755,1.155282,0.204969,5.994235,0.378052,0.390085,-0.934994,1.0,,,,,,,,,,,,,,0,lstm
303,69581,-19.9991,11.1557,252,0,0,1,0,3.5546,2.061,collision,908.0,0.065656,0.427345,-0.827614,0.868539,4.607927,1.207591,1.036489,5.97622,0.35129,0.408118,-0.882025,1.0,,,,,,,,,,,,,,0,lstm
304,69708,-13.9185,9.513,127,0,0,1,0,3.7291,1.68,collision,910.0,-0.599312,0.246759,-0.891052,0.262194,4.868412,1.063288,1.288692,5.972329,0.393444,0.39055,-0.668943,1.0,-0.012549,0.015256,1.882245,0.005527,0.079191,0.091167,0.030418,0.073439,0.0001,,,,,0,lstm
305,70232,63.8437,12.7528,524,0,0,1,0,2.8252,2.005,collision,916.2,0.041301,0.456604,-0.872772,0.875973,4.633683,1.270137,0.294669,5.982256,0.364918,0.386867,-0.982273,1.0,,,,,,,,,,,,,,0,lstm
306,70383,0.0458,12.4736,151,0,0,1,0,3.5699,2.096,collision,918.0,-0.177115,0.374824,-0.882925,0.791845,4.89311,1.09395,0.294984,5.980504,0.405652,0.388851,-0.304069,1.0,,,,,,,,,,,,,,0,lstm
307,70523,-7.1094,12.3392,140,0,0,1,0,3.7284,1.86,collision,919.7,-0.427384,0.361509,-0.888973,0.678139,4.997186,1.004585,1.539908,5.972362,0.414538,0.394811,-0.522906,1.005181,,,,,,,,,,,,,,0,lstm
308,70663,-4.5055,15.7177,140,0,0,1,0,3.6021,2.135,collision,921.9,-0.158672,0.377102,-0.881863,0.769758,5.004498,0.922114,2.040764,5.995795,0.399919,0.381024,-0.326447,1.0,-0.039186,0.020339,1.882284,0.005511,0.081935,0.157158,0.00844,0.107073,0.0001,,,,,0,lstm
309,70812,-4.2871,15.6343,149,0,0,1,0,3.6378,2.084,collision,923.8,-0.02879,0.428495,-0.870047,0.812675,4.996492,0.950085,0.764772,5.967027,0.398798,0.386042,-0.410712,1.000908,,,,,,,,,,,,,,0,lstm
310,71332,63.7918,21.6518,520,0,0,1,0,2.829,2.044,collision,929.9,0.0145,0.442343,-0.842438,0.855759,4.668679,1.251224,0.320094,5.967278,0.362382,0.386953,-0.974123,1.0,,,,,,,,,,,,,,0,lstm
311,71878,71.6186,22.6116,546,0,0,1,0,2.8813,2.055,collision,936.3,0.000993,0.424313,-0.868887,0.843306,4.808467,1.259002,0.094479,5.990312,0.369645,0.385598,-0.889559,1.0,,,,,,,,,,,,,,0,lstm
312,72016,-5.9191,14.3561,138,0,0,1,0,3.6426,1.987,collision,938.6,-0.316063,0.380497,-0.876002,0.674224,5.064993,0.882062,0.566939,5.986769,0.41309,0.388136,-0.401543,1.0,-0.01632,0.017551,1.882356,0.005495,0.072824,0.147296,0.015214,0.095409,0.0001,,,,,0,lstm
313,72169,0.9868,16.4547,153,0,0,1,0,3.5501,2.159,collision,940.4,-0.168862,0.358441,-0.819233,0.735353,5.084481,0.885141,1.496542,5.991232,0.402141,0.385577,-0.312395,1.0,,,,,,,,,,,,,,0,lstm
314,72701,79.4927,25.7958,532,0,0,1,0,2.7791,2.081,collision,946.7,-0.033624,0.425732,-0.840085,0.821533,4.889527,1.128881,0.387581,5.995299,0.380048,0.388859,-0.955241,1.0,,,,,,,,,,,,,,0,lstm
315,72845,-2.0578,19.2057,144,0,0,1,0,3.5572,2.021,collision,948.4,-0.243974,0.395448,-0.872714,0.58665,5.069558,0.974158,1.100244,5.989722,0.420092,0.397101,-0.311206,1.0,,,,,,,,,,,,,,0,lstm
316,73000,-1.2563,19.0755,155,0,0,1,0,3.5812,2.068,collision,950.8,-0.195501,0.386838,-0.85066,0.70729,4.92293,1.085578,0.934917,5.982968,0.395723,0.381739,-0.440213,1.0,-0.033822,0.022997,1.882451,0.005478,0.084079,0.098758,0.021949,0.056773,0.0001,,,,,0,lstm
317,73522,62.4723,26.0337,522,0,0,1,0,2.8217,2.041,collision,956.9,0.051522,0.441336,-0.825371,0.868861,4.781105,1.159652,0.46609,5.995203,0.363744,0.387248,-0.985792,1.0,,,,,,,,,,,,,,0,lstm
318,73696,3.3343,26.8176,174,0,0,1,0,3.6494,2.013,collision,959.0,-0.173437,0.423036,-0.861207,0.807267,5.052927,1.094742,0.322436,5.968029,0.397996,0.386272,-0.507676,1.0084,,,,,,,,,,,,,,0,lstm
319,73835,-4.3236,26.814,139,0,0,1,0,3.6031,2.091,collision,960.6,-0.229197,0.353252,-0.882884,0.683416,5.115766,0.972626,1.154551,5.959279,0.413304,0.390268,-0.346558,1.0,,,,,,,,,,,,,,0,lstm
320,74110,30.6437,23.4992,275,0,0,1,0,3.3702,2.101,collision,964.6,-0.107772,0.397371,-0.776102,0.776295,4.989075,1.05748,0.864977,5.989133,0.399418,0.393969,-0.478512,1.005599,-0.019913,0.020622,1.882609,0.005462,0.081022,0.110787,0.004294,0.061964,0.0001,,,,,0,lstm
321,74364,-9.6883,15.3685,254,0,0,1,0,3.474,2.034,collision,967.5,0.072512,0.443166,-0.829478,0.86037,4.728215,1.206317,0.250256,5.978696,0.346854,0.397329,-0.884259,1.0,,,,,,,,,,,,,,0,lstm
322,74886,67.7625,22.7366,522,0,0,1,0,2.802,2.042,collision,973.7,0.030703,0.441546,-0.772524,0.842066,4.803223,1.204094,0.984503,5.991065,0.362299,0.384937,-0.972758,1.0,,,,,,,,,,,,,,0,lstm
323,75043,-0.4004,22.5979,157,0,0,1,0,3.6473,2.051,collision,975.5,-0.142347,0.414508,-0.797886,0.800056,4.946634,1.130364,0.340851,5.983217,0.401536,0.386801,-0.370793,1.006393,,,,,,,,,,,,,,0,lstm
324,75318,26.5096,17.2996,275,0,0,1,0,3.3581,2.119,collision,979.3,-0.056297,0.407884,-0.798286,0.86359,5.081158,0.962308,1.024367,5.985641,0.389404,0.38935,-0.561519,1.0,-0.008328,0.019054,1.882731,0.005446,0.07851,0.166783,0.009787,0.128061,0.0001,,,,,0,lstm
325,75446,-11.6952,16.3359,128,0,0,1,0,3.7266,1.815,collision,980.9,-0.471879,0.336722,-0.87792,0.646839,5.054722,1.001585,1.21319,5.985586,0.401426,0.390727,-0.592315,1.0,,,,,,,,,,,,,,0,lstm
326,75620,2.2048,16.682,174,0,0,1,0,3.6499,2.047,collision,983.0,-0.157802,0.419898,-0.889121,0.709902,5.084854,0.919854,1.725667,5.990857,0.395974,0.384954,-0.491349,1.008833,,,,,,,,,,,,,,0,lstm
327,75785,0.6783,10.5026,165,0,0,1,0,3.6487,1.836,collision,985.0,-0.438628,0.350233,-0.88652,0.662166,5.044844,1.091283,0.8505,5.993565,0.39942,0.388735,-0.506976,1.0,,,,,,,,,,,,,,0,lstm
328,76319,56.8395,15.8531,534,0,0,1,0,2.894,2.077,collision,991.6,-0.043306,0.425936,-0.857413,0.875602,4.891064,1.160396,0.31625,5.990492,0.368321,0.391436,-0.970663,1.0,-0.048505,0.016334,1.882652,0.00543,0.074988,0.146096,0.022885,0.132845,0.0001,,,,,0,lstm
329,76578,10.2431,17.3098,259,0,0,1,0,3.4232,2.107,collision,994.8,0.000316,0.405522,-0.850653,0.829416,4.872375,1.126426,0.66466,5.985052,0.372925,0.395307,-0.684746,1.0,,,,,,,,,,,,,,0,lstm
330,76738,2.2205,14.4674,160,0,0,1,0,3.513,2.125,collision,996.8,-0.121759,0.380898,-0.843136,0.708838,4.96432,1.106549,0.331678,5.995189,0.395759,0.381991,-0.344251,1.0,,,,,,,,,,,,,,0,lstm
331,76889,-5.6396,14.8723,151,0,0,1,0,3.6476,1.801,collision,998.7,-0.510007,0.303157,-0.872191,0.361716,5.085118,0.955131,1.615699,5.984547,0.40133,0.394413,-0.610241,1.0,,,,,,,,,,,,,,0,lstm
332,77420,76.2018,15.7162,531,0,0,1,0,2.7806,2.027,collision,1005.8,0.002738,0.453981,-0.858302,0.859742,4.847763,1.16441,0.439473,5.98403,0.375262,0.388713,-0.977591,1.0,-0.032697,0.02175,1.88258,0.005414,0.080911,0.120867,0.004209,0.095331,0.0001,,,,,0,lstm
333,77943,61.5628,21.9126,523,0,0,1,0,2.8467,2.022,collision,1011.9,0.049147,0.448451,-0.87011,0.879327,4.673516,1.275837,0.354881,5.992342,0.358737,0.386631,-0.989167,1.0,,,,,,,,,,,,,,0,lstm
334,78111,2.5813,19.5197,168,0,0,1,0,3.6493,2.074,collision,1013.9,-0.208652,0.38817,-0.873963,0.83402,5.152062,0.935601,0.97123,5.984634,0.403672,0.388258,-0.509725,1.009045,,,,,,,,,,,,,,0,lstm
335,78378,1.3795,20.8272,267,0,0,1,0,3.4495,2.096,collision,1017.0,0.143604,0.378624,-0.808928,0.822279,4.792047,1.204149,0.650999,5.990447,0.383884,0.406292,-0.768266,1.0,,,,,,,,,,,,,,0,lstm
336,78538,1.3296,20.7397,160,0,0,1,0,3.6117,2.075,collision,1019.5,-0.197939,0.39124,-0.869785,0.684726,5.025716,0.986635,0.599117,5.97731,0.397165,0.382064,-0.440525,1.000666,-0.007519,0.018449,1.882482,0.005397,0.076786,0.215402,0.004027,0.143737,0.0001,,,,,0,lstm
337,78799,4.5054,21.1224,261,0,0,1,0,3.4494,2.102,collision,1022.5,0.110361,0.401019,-0.743341,0.809038,4.959348,0.983508,1.372505,5.978963,0.378472,0.402535,-0.773849,1.0,,,,,,,,,,,,,,0,lstm
338,78962,1.1848,15.5569,163,0,0,1,0,3.6389,2.063,collision,1024.3,-0.094733,0.406227,-0.836074,0.75039,5.001177,1.149531,0.474477,5.979412,0.397686,0.387405,-0.368648,1.008741,,,,,,,,,,,,,,0,lstm
339,79119,1.0568,14.6383,157,0,0,1,0,3.5487,2.134,collision,1026.1,-0.112321,0.379503,-0.793591,0.830796,4.947679,1.10989,0.954937,5.993571,0.394948,0.381619,-0.376645,1.0,,,,,,,,,,,,,,0,lstm
340,79279,-0.6437,14.3519,160,0,0,1,0,3.648,1.98,collision,1028.3,-0.330986,0.359349,-0.879041,0.758398,4.981135,1.063459,0.895099,5.960214,0.410073,0.391508,-0.505977,1.000563,-0.039858,0.028164,1.882216,0.005381,0.094411,0.179468,0.028193,0.095146,0.0001,,,,,0,lstm
341,79435,0.6744,14.9833,156,0,0,1,0,3.616,2.113,collision,1030.0,-0.152303,0.368236,-0.835615,0.739689,4.889993,1.094263,0.80759,5.975184,0.401056,0.385375,-0.363788,1.003405,,,,,,,,,,,,,,0,lstm
342,79969,68.157,14.1788,534,0,0,1,0,2.8169,2.042,collision,1036.1,0.077361,0.432794,-0.840643,0.867223,4.701161,1.253425,0.29176,5.981596,0.370858,0.389009,-0.948112,1.0,,,,,,,,,,,,,,0,lstm
343,80119,-1.2718,7.8953,150,0,0,1,0,3.6479,2.06,collision,1037.8,-0.25933,0.376999,-0.872171,0.688092,5.060057,0.88042,2.031507,5.991526,0.416355,0.393835,-0.340444,1.004799,,,,,,,,,,,,,,0,lstm
344,80655,72.4674,14.884,536,0,0,1,0,2.7804,2.081,collision,1044.5,0.056341,0.415115,-0.837419,0.843008,4.740652,1.173303,0.383486,5.98238,0.37532,0.389995,-0.963387,1.0,-0.004126,0.017588,1.882044,0.005365,0.087234,0.165581,0.03424,0.111945,0.0001,,,,,0,lstm
345,80806,-0.8361,14.6624,151,0,0,1,0,3.5406,2.033,collision,1046.3,-0.259134,0.372014,-0.808546,0.69518,4.949899,1.097615,0.432173,5.971617,0.413798,0.39122,-0.366136,1.0,,,,,,,,,,,,,,0,lstm
346,80962,-0.6383,14.4656,156,0,0,1,0,3.6483,1.896,collision,1048.0,-0.359503,0.393596,-0.896783,0.706312,4.88244,1.205574,0.500694,5.985489,0.407662,0.394103,-0.433229,1.0,,,,,,,,,,,,,,0,lstm
347,81119,1.0081,14.1159,157,0,0,1,0,3.6477,1.99,collision,1049.8,-0.166623,0.447333,-0.89124,0.763029,4.911645,1.083868,0.71813,5.996196,0.402415,0.386968,-0.33827,1.006894,,,,,,,,,,,,,,0,lstm
348,81280,-0.3696,13.9604,161,0,0,1,0,3.6429,2.055,collision,1052.1,-0.093942,0.432564,-0.878086,0.689301,4.752922,1.196002,0.421263,5.991506,0.392352,0.385019,-0.395773,1.00701,-0.082088,0.028309,1.881984,0.005349,0.078885,0.233199,0.038686,0.149136,0.0001,,,,,0,lstm
349,81418,-4.5193,13.4028,138,0,0,1,0,3.6116,2.044,collision,1053.7,-0.140827,0.403089,-0.815065,0.632543,4.874557,1.195226,0.536211,5.984264,0.402979,0.38316,-0.313664,1.0,,,,,,,,,,,,,,0,lstm
350,81547,-7.6721,12.7,129,0,0,1,0,3.643,2.01,collision,1055.1,-0.272604,0.386742,-0.872383,0.687982,4.924054,1.099717,0.487969,5.977573,0.415896,0.392148,-0.335153,1.0,,,,,,,,,,,,,,0,lstm
351,81799,-4.811,12.1514,252,0,0,1,0,3.4518,2.03,collision,1058.0,0.058545,0.426156,-0.836485,0.854496,4.544629,1.337056,0.400391,5.957458,0.352717,0.397515,-0.83972,1.0,,,,,,,,,,,,,,0,lstm
352,81939,-6.4136,4.6944,140,0,0,1,0,3.6434,1.983,collision,1060.0,-0.3483,0.342471,-0.828082,0.550074,4.95196,1.100764,0.600536,5.980865,0.417635,0.398487,-0.591235,1.0,-0.068629,0.028934,1.882035,0.005333,0.092545,0.269728,0.021187,0.170508,0.0001,,,,,0,lstm
353,82085,-1.6681,4.6547,146,0,0,1,0,3.6063,2.051,collision,1061.7,-0.157532,0.414927,-0.841126,0.654331,5.071251,0.963943,1.780207,5.99043,0.411009,0.391366,-0.319016,1.0,,,,,,,,,,,,,,0,lstm
354,82611,77.814,5.1894,526,0,0,1,0,2.7588,2.027,collision,1067.6,-0.021727,0.44568,-0.843969,0.855683,4.639853,1.240117,0.08471,5.966918,0.374729,0.389971,-0.973446,1.0,,,,,,,,,,,,,,0,lstm
355,82786,5.1846,5.7915,175,0,0,1,0,3.6494,2.024,collision,1069.6,-0.325608,0.353859,-0.87101,0.706706,4.95276,0.941276,1.640965,5.994593,0.40324,0.389882,-0.498331,1.009233,,,,,,,,,,,,,,0,lstm
356,83062,19.5371,7.809,276,0,0,1,0,3.3117,2.119,collision,1073.3,-0.0027,0.404663,-0.867746,0.853892,4.737846,1.157668,0.726731,5.979814,0.373354,0.388696,-0.647837,1.0,-0.034061,0.02035,1.882036,0.005316,0.099369,0.179742,0.042127,0.105915,0.0001,,,,,0,lstm
357,83251,0.8818,7.7964,189,0,0,1,0,3.6203,2.052,collision,1075.5,-0.024582,0.442574,-0.88019,0.810438,4.804118,1.086917,1.008623,5.983158,0.386383,0.385753,-0.567453,1.008565,,,,,,,,,,,,,,0,lstm
358,83392,-6.7709,7.1562,141,0,0,1,0,3.6061,1.895,collision,1077.1,-0.396563,0.352331,-0.875063,0.577549,4.895512,1.133555,1.027759,5.967342,0.430124,0.40648,-0.577503,1.0,,,,,,,,,,,,,,0,lstm
359,83926,90.1283,16.621,534,0,0,1,0,2.7665,2.037,collision,1083.5,-0.011435,0.43983,-0.833162,0.884187,4.660311,1.237845,0.150033,5.987746,0.383924,0.38614,-0.921821,1.0,,,,,,,,,,,,,,0,lstm
360,84098,1.8883,17.577,172,0,0,1,0,3.6213,2.095,collision,1085.9,-0.064582,0.417277,-0.864372,0.841201,4.751014,1.11543,1.142043,5.971535,0.39574,0.389795,-0.453432,1.010456,-0.017996,0.019437,1.881944,0.0053,0.09785,0.106793,0.041705,0.093058,0.0001,,,,,0,lstm
361,84235,-6.5841,17.3997,137,0,0,1,0,3.6455,2.022,collision,1087.5,-0.3186,0.356363,-0.877795,0.610212,4.881576,1.012454,2.041232,5.968106,0.413892,0.390405,-0.447419,1.0,,,,,,,,,,,,,,0,lstm
362,84404,0.034,18.0445,169,0,0,1,0,3.6391,2.127,collision,1089.4,-0.059747,0.392875,-0.854996,0.718918,4.77566,1.096313,0.568354,5.966573,0.399842,0.390826,-0.44531,1.010929,,,,,,,,,,,,,,0,lstm
363,84556,-0.3172,18.1796,152,0,0,1,0,3.5519,2.059,collision,1091.2,-0.140959,0.400777,-0.846865,0.699388,4.682369,1.274075,0.932359,5.983916,0.391467,0.378657,-0.311101,1.0,,,,,,,,,,,,,,0,lstm
364,85090,86.2822,19.0264,534,0,0,1,0,2.739,2.026,collision,1097.7,0.016982,0.443861,-0.851394,0.850274,4.637358,1.240936,0.216932,5.993055,0.379138,0.387454,-0.939584,1.0,-0.028013,0.023484,1.881878,0.005284,0.091776,0.08768,0.022345,0.074995,0.0001,,,,,0,lstm
365,85234,-7.7078,17.7372,144,0,0,1,0,3.7276,1.881,collision,1099.4,-0.458476,0.308735,-0.889791,0.391614,4.997802,1.013754,0.770486,5.966679,0.407392,0.393691,-0.695135,1.009128,,,,,,,,,,,,,,0,lstm
366,85769,74.1115,23.1946,535,0,0,1,0,2.8034,2.009,collision,1105.6,0.047917,0.444802,-0.870061,0.881841,4.468894,1.361755,0.221391,5.99552,0.375537,0.390102,-0.952866,1.0,,,,,,,,,,,,,,0,lstm
367,86302,74.1551,30.5219,533,0,0,1,0,2.7743,2.009,collision,1111.7,0.062143,0.432074,-0.789372,0.868958,4.453573,1.367338,0.285248,5.991541,0.373386,0.389526,-0.971343,1.0,,,,,,,,,,,,,,0,lstm
368,86445,-2.8445,30.9146,143,0,0,1,0,3.5438,2.094,collision,1113.8,-0.081161,0.409292,-0.808814,0.75628,4.809889,1.065357,1.238567,5.98628,0.398433,0.383403,-0.279804,1.0,-0.020015,0.016204,1.881892,0.005268,0.083748,0.174697,0.03097,0.109852,0.0001,,,,,0,lstm
369,86717,21.7445,24.0762,272,0,0,1,0,3.3989,2.083,collision,1116.9,0.041517,0.405558,-0.747774,0.837474,4.73025,1.200801,0.614562,5.985003,0.386363,0.390256,-0.594796,1.002403,,,,,,,,,,,,,,0,lstm
370,86888,-5.9882,23.2885,171,0,0,1,0,3.6207,2.022,collision,1118.9,0.030494,0.433011,-0.877033,0.795427,4.612807,1.38975,0.638414,5.980533,0.381031,0.384085,-0.601657,1.0,,,,,,,,,,,,,,0,lstm
371,87160,11.7151,25.1185,272,0,0,1,0,3.4281,2.117,collision,1122.0,0.115665,0.380806,-0.840696,0.819287,4.66353,1.234048,0.433728,5.972922,0.391661,0.403079,-0.74206,1.001467,,,,,,,,,,,,,,0,lstm
372,87313,-2.3729,24.8778,153,0,0,1,0,3.5531,1.934,collision,1124.4,-0.377482,0.360291,-0.889494,0.606442,4.963785,1.000868,1.381237,5.962455,0.410424,0.391786,-0.570596,1.0,-0.023871,0.023428,1.881973,0.005252,0.095342,0.072677,0.005957,0.053384,0.0001,,,,,0,lstm
373,87847,61.7125,31.0807,534,0,0,1,0,2.8523,1.973,collision,1130.4,0.009714,0.459856,-0.862087,0.851242,4.456462,1.409886,0.205187,5.990202,0.368375,0.387986,-0.983501,1.0,,,,,,,,,,,,,,0,lstm
374,88299,-28.1114,19.6414,452,0,0,1,0,3.5484,1.98,collision,1135.6,0.017235,0.483218,-0.868328,0.870318,4.742965,1.155215,0.768976,5.97115,0.394706,0.435535,-1.0,1.000048,,,,,,,,,,,,,,0,lstm
375,88441,-4.3655,19.9756,142,0,0,1,0,3.6452,2.058,collision,1137.2,-0.240325,0.372426,-0.870849,0.732904,4.785836,1.103751,0.735769,5.970126,0.413005,0.390608,-0.384996,1.0,,,,,,,,,,,,,,0,lstm
376,88595,-0.9191,12.4726,154,0,0,1,0,3.6031,2.015,collision,1139.5,-0.287631,0.378946,-0.853466,0.657714,4.96455,1.022533,1.761025,5.960835,0.406951,0.387313,-0.417177,1.0,-0.035855,0.019529,1.882177,0.005235,0.078064,0.263582,0.018215,0.19619,0.0001,,,,,0,lstm
377,88742,-2.6052,4.7965,147,0,0,1,0,3.581,1.997,collision,1141.2,-0.294176,0.373242,-0.861121,0.655423,4.770533,1.091109,0.870341,5.986693,0.41047,0.389578,-0.368371,1.0,,,,,,,,,,,,,,0,lstm
378,89009,7.7957,5.8605,267,0,0,1,0,3.3649,2.071,collision,1144.2,0.01667,0.405186,-0.847562,0.83364,4.326481,1.367345,0.669151,5.977815,0.3647,0.392119,-0.753511,1.0,,,,,,,,,,,,,,0,lstm
379,89270,4.1033,4.0964,261,0,0,1,0,3.402,2.039,collision,1147.2,0.018995,0.43068,-0.862042,0.864675,4.458883,1.305847,0.460893,5.976854,0.362012,0.393392,-0.785561,1.0,,,,,,,,,,,,,,0,lstm
380,89406,-8.603,3.8349,136,0,0,1,0,3.6076,1.898,collision,1149.2,-0.408282,0.350043,-0.876733,0.522809,4.681979,1.21901,1.404068,5.976048,0.414961,0.394093,-0.58643,1.0,-0.036269,0.029773,1.882581,0.005219,0.098082,0.185271,0.011551,0.137171,0.0001,,,,,0,lstm
381,89678,17.2349,4.3869,272,0,0,1,0,3.3707,2.132,collision,1152.4,0.002156,0.374159,-0.762828,0.77634,4.611043,1.289344,0.513331,5.974409,0.375836,0.386206,-0.658168,1.0,,,,,,,,,,,,,,0,lstm
382,90208,58.74,10.4982,530,0,0,1,0,2.8596,1.974,collision,1158.6,-0.009928,0.458322,-0.868277,0.858946,4.397586,1.400809,0.174703,5.992379,0.36355,0.385988,-0.975558,1.0,,,,,,,,,,,,,,0,lstm
383,90351,-7.4961,3.5774,143,0,0,1,0,3.7265,1.824,collision,1160.2,-0.48102,0.320048,-0.874503,0.717068,4.93951,1.065884,0.85941,5.972532,0.409413,0.393528,-0.624243,1.003657,,,,,,,,,,,,,,0,lstm
384,90503,-1.8113,6.2074,152,0,0,1,0,3.6472,1.995,collision,1162.5,-0.273804,0.361052,-0.856063,0.668509,4.632545,1.28178,0.267434,5.96866,0.405687,0.386752,-0.43867,1.0,-0.045012,0.017709,1.882969,0.005203,0.086031,0.103625,0.025193,0.078375,0.0001,,,,,0,lstm
385,90766,4.322,7.0761,263,0,0,1,0,3.5287,2.042,collision,1165.5,0.065557,0.41618,-0.805257,0.826949,4.385691,1.318987,0.532553,5.982206,0.379568,0.400938,-0.731113,1.009844,,,,,,,,,,,,,,0,lstm
386,90905,-8.49,6.319,139,0,0,1,0,3.6338,1.807,collision,1167.1,-0.446246,0.387455,-0.868999,0.591562,4.78256,0.987626,1.949275,5.970507,0.412792,0.392554,-0.591684,1.0,,,,,,,,,,,,,,0,lstm
387,91061,-1.4822,6.4313,156,0,0,1,0,3.5833,1.898,collision,1168.9,-0.360184,0.391245,-0.892051,0.765749,4.673511,1.211916,0.773268,5.990371,0.403564,0.385447,-0.47417,1.0,,,,,,,,,,,,,,0,lstm
388,91338,34.2285,9.0746,277,0,0,1,0,3.3154,2.031,collision,1172.6,-0.206021,0.392322,-0.878104,0.726139,4.613263,1.257796,0.846947,5.980925,0.39382,0.385977,-0.575989,1.0,-0.056269,0.026565,1.883279,0.005187,0.09445,0.119642,0.01621,0.085103,0.0001,,,,,0,lstm
389,91614,27.6996,11.4342,276,0,0,1,0,3.326,2.02,collision,1175.7,-0.124063,0.417997,-0.881988,0.783987,4.518267,1.316551,0.27741,5.969821,0.380114,0.383598,-0.570555,1.0,,,,,,,,,,,,,,0,lstm
390,91886,32.8712,15.5817,272,0,0,1,0,3.3569,1.981,collision,1178.8,-0.269169,0.375506,-0.860775,0.668517,4.611095,1.278437,0.558908,5.975976,0.398647,0.388804,-0.567158,1.0,,,,,,,,,,,,,,0,lstm
391,92421,79.6932,21.8275,535,0,0,1,0,2.8181,2.034,collision,1184.9,-0.080303,0.429031,-0.879361,0.851401,4.395344,1.313487,0.103896,5.979328,0.380503,0.387593,-0.902183,1.0,,,,,,,,,,,,,,0,lstm
392,92678,-2.4779,15.7057,257,0,0,1,0,3.4696,1.975,collision,1188.3,-0.003304,0.442429,-0.882224,0.835687,4.164318,1.468631,0.198636,5.979763,0.35954,0.396279,-0.811313,1.0,-0.036926,0.018689,1.883634,0.005171,0.082271,0.136789,0.030971,0.108351,0.0001,,,,,0,lstm
393,92941,7.4262,17.1979,263,0,0,1,0,3.429,2.038,collision,1191.3,0.040095,0.431625,-0.869091,0.793336,4.271943,1.343542,0.834191,5.959413,0.377284,0.398324,-0.691676,1.0,,,,,,,,,,,,,,0,lstm
394,93211,25.6508,19.9442,270,0,0,1,0,3.3978,2.066,collision,1194.4,-0.088337,0.408286,-0.810869,0.804535,4.513849,1.261758,0.264317,5.985437,0.385729,0.385821,-0.573209,1.001461,,,,,,,,,,,,,,0,lstm
395,93744,69.749,26.4869,533,0,0,1,0,2.8138,1.982,collision,1200.6,-0.027539,0.455465,-0.88176,0.824288,4.438162,1.352924,0.218355,5.986583,0.374993,0.388649,-0.961691,1.0,,,,,,,,,,,,,,0,lstm
396,94280,70.5031,34.3862,536,0,0,1,0,2.8233,1.967,collision,1207.3,-0.059075,0.45563,-0.877318,0.870172,4.400187,1.388878,0.155564,5.983177,0.380461,0.39267,-0.972786,1.0,-0.018621,0.01503,1.883952,0.005154,0.069526,0.121315,0.025932,0.092391,0.0001,,,,,0,lstm
397,94425,-2.8857,34.2458,145,0,0,1,0,3.5412,2.009,collision,1209.0,-0.268799,0.383411,-0.855568,0.683184,4.741946,1.120605,0.417547,5.98564,0.412563,0.388484,-0.378914,1.0,,,,,,,,,,,,,,0,lstm
398,94957,68.2842,37.6514,532,0,0,1,0,2.8,1.981,collision,1214.9,0.012897,0.447861,-0.866164,0.8614,4.273065,1.412085,0.345427,5.976576,0.368408,0.385553,-0.966587,1.0,,,,,,,,,,,,,,0,lstm
399,95116,-0.4834,34.8331,159,0,0,1,0,3.6425,1.996,collision,1216.7,-0.216015,0.379021,-0.87523,0.726838,4.55315,1.367339,0.385773,5.965738,0.401171,0.386341,-0.485369,1.0,,,,,,,,,,,,,,0,lstm
400,95370,-15.8517,29.9608,254,0,0,1,0,3.4984,2.032,collision,1220.1,0.122718,0.397682,-0.796279,0.874376,4.16496,1.428694,0.131937,5.923027,0.357401,0.407344,-0.86093,1.0,-0.04562,0.021081,1.884365,0.005138,0.073902,0.053429,0.011866,0.047066,0.0001,,,,,0,lstm
401,95533,0.0035,21.9918,163,0,0,1,0,3.5853,2.077,collision,1222.0,-0.157174,0.40329,-0.865086,0.756803,4.766151,1.095677,0.787248,5.954809,0.39047,0.379459,-0.451954,1.0,,,,,,,,,,,,,,0,lstm
402,96257,57.2473,27.9643,724,0,0,1,0,2.8041,2.013,collision,1230.3,0.030962,0.439324,-0.871902,0.885817,4.447726,1.368761,0.120288,5.987618,0.382682,0.411934,-0.999994,1.0,,,,,,,,,,,,,,0,lstm
403,96529,14.8714,28.7088,272,0,0,1,0,3.3568,2.036,collision,1233.5,0.030805,0.41526,-0.848179,0.873284,4.394048,1.403591,0.151166,5.968049,0.364195,0.384117,-0.712575,1.0,,,,,,,,,,,,,,0,lstm
404,96808,37.2346,29.8672,279,0,0,1,0,3.321,2.018,collision,1237.5,-0.210056,0.395405,-0.849792,0.848191,4.729461,1.229875,0.34384,5.975703,0.395715,0.38517,-0.550126,1.0,-0.019846,0.019499,1.884738,0.005122,0.075865,0.058526,0.006261,0.034161,0.0001,,,,,0,lstm
405,96947,-5.7756,22.3148,139,0,0,1,0,3.6025,1.926,collision,1239.2,-0.338083,0.380376,-0.883778,0.630996,4.661687,1.309336,0.287286,5.967156,0.409932,0.387771,-0.475197,1.0,,,,,,,,,,,,,,0,lstm
406,97100,-1.7076,15.0937,153,0,0,1,0,3.5904,1.937,collision,1240.8,-0.389734,0.305629,-0.883922,0.547513,4.789473,1.196344,0.716336,5.965928,0.406735,0.388154,-0.497191,1.0,,,,,,,,,,,,,,0,lstm
407,97537,-26.9004,12.6922,437,0,0,1,0,3.5783,1.977,collision,1245.9,-0.020789,0.480954,-0.882804,0.878458,4.579237,1.252341,0.088862,5.96659,0.39597,0.435848,-0.998718,1.001378,,,,,,,,,,,,,,0,lstm
408,98070,81.0018,13.964,533,0,0,1,0,2.7612,2.015,collision,1252.4,-0.016694,0.435101,-0.866742,0.855996,4.415072,1.379238,0.143134,5.985584,0.377118,0.387459,-0.96,1.0,-0.050027,0.022672,1.884967,0.005106,0.079269,0.124602,0.026047,0.055819,0.0001,,,,,0,lstm
409,98333,2.5056,14.2629,263,0,0,1,0,3.4231,1.985,collision,1255.4,0.033672,0.459221,-0.831911,0.86663,4.328103,1.322987,0.443169,5.964577,0.35815,0.39453,-0.857269,1.0,,,,,,,,,,,,,,0,lstm
410,98608,27.6029,18.6083,275,0,0,1,0,3.3127,2.058,collision,1258.6,-0.075122,0.405396,-0.82333,0.775325,4.591825,1.336642,0.297239,5.989688,0.379073,0.385248,-0.593467,1.0,,,,,,,,,,,,,,0,lstm
411,98874,3.2032,18.9283,266,0,0,1,0,3.4146,2.019,collision,1261.7,0.086389,0.421499,-0.834417,0.84542,4.359137,1.362994,0.684213,5.952949,0.370354,0.399349,-0.789895,1.0,,,,,,,,,,,,,,0,lstm
412,99152,16.1449,14.8181,278,0,0,1,0,3.3475,2.035,collision,1265.4,0.050762,0.426789,-0.801234,0.787767,4.509754,1.317647,0.4688,5.984644,0.366299,0.385315,-0.722701,1.0,-0.007287,0.026693,1.884891,0.00509,0.078971,0.115428,0.01819,0.071018,0.0001,,,,,0,lstm
413,99309,-1.0727,13.2237,157,0,0,1,0,3.6434,2.07,collision,1267.2,-0.164454,0.398802,-0.864822,0.733182,4.702344,1.252725,0.595583,5.985172,0.39635,0.381531,-0.416025,1.004463,,,,,,,,,,,,,,0,lstm
414,99843,82.206,17.7208,534,0,0,1,0,2.7645,2.011,collision,1273.3,-0.028177,0.447037,-0.870878,0.85765,4.591665,1.297958,0.249313,5.982781,0.3805,0.389062,-0.959866,1.0,,,,,,,,,,,,,,0,lstm
415,99986,-3.9123,17.9071,143,0,0,1,0,3.6111,2.03,collision,1274.9,-0.309673,0.337851,-0.865927,0.632983,4.871915,1.122269,0.800657,5.992506,0.412471,0.388623,-0.373817,1.0,,,,,,,,,,,,,,0,lstm
416,100174,2.6062,18.3385,188,0,0,1,0,3.6044,2.047,collision,1277.6,-0.149734,0.413887,-0.873291,0.79774,4.806437,1.256384,0.735264,5.970104,0.387813,0.385973,-0.57993,1.004299,-0.04482,0.022049,1.884661,0.005073,0.08482,0.144015,0.029611,0.107421,0.0001,,,,,0,lstm
417,100449,23.2375,23.3523,275,0,0,1,0,3.3128,2.103,collision,1280.7,-0.04976,0.402095,-0.876457,0.795251,4.696778,1.135242,0.669075,5.956302,0.372353,0.386942,-0.636565,1.0,,,,,,,,,,,,,,0,lstm
418,100596,-3.183,14.9338,147,0,0,1,0,3.6074,2.086,collision,1282.5,-0.173951,0.368349,-0.845902,0.773599,4.65006,1.205723,0.682131,5.993174,0.39633,0.379019,-0.402399,1.0,,,,,,,,,,,,,,0,lstm
419,100764,-8.8152,13.8018,168,0,0,1,0,3.6274,2.068,collision,1284.6,0.036497,0.420731,-0.854976,0.810602,4.559539,1.140512,0.649625,5.951774,0.383752,0.389804,-0.660509,1.0,,,,,,,,,,,,,,0,lstm
420,101299,90.0962,20.0511,535,0,0,1,0,2.771,2.004,collision,1291.2,-0.002835,0.453851,-0.867279,0.836954,4.625277,1.318406,0.343828,5.980474,0.385508,0.389014,-0.917167,1.0,-0.031482,0.024998,1.884447,0.005057,0.085942,0.174834,0.006728,0.13345,0.0001,,,,,0,lstm
421,101455,-2.0971,19.5211,156,0,0,1,0,3.6392,2.144,collision,1293.1,-0.104925,0.374,-0.83729,0.81334,4.806079,1.160648,1.00171,5.973396,0.391954,0.379347,-0.401513,1.005937,,,,,,,,,,,,,,0,lstm
422,101993,62.1631,24.1229,538,0,0,1,0,2.7752,2.067,collision,1299.4,0.112249,0.401899,-0.810286,0.851197,4.5303,1.24922,0.548525,5.990647,0.370232,0.391023,-0.929553,1.0,,,,,,,,,,,,,,0,lstm
423,102131,-5.8729,23.6429,138,0,0,1,0,3.5784,1.989,collision,1301.0,-0.37319,0.317398,-0.871715,0.483798,5.008719,0.952475,1.653629,5.987306,0.414261,0.392066,-0.489486,1.0,,,,,,,,,,,,,,0,lstm
424,102659,71.3491,22.5572,528,0,0,1,0,2.7959,2.007,collision,1307.7,0.060562,0.447426,-0.862228,0.874343,4.452898,1.333075,0.098204,5.961706,0.365494,0.384601,-0.971762,1.0,-0.017038,0.016625,1.884328,0.005041,0.081081,0.125199,0.008752,0.089857,0.0001,,,,,0,lstm
425,102820,0.8384,23.0322,161,0,0,1,0,3.5555,1.937,collision,1309.6,-0.333686,0.362779,-0.836376,0.669873,4.791671,1.301344,0.29016,5.97894,0.408578,0.390057,-0.504296,1.0,,,,,,,,,,,,,,0,lstm
426,102957,-5.6434,22.2073,137,0,0,1,0,3.6438,1.959,collision,1311.2,-0.266887,0.406256,-0.851189,0.670348,5.081458,1.155975,0.65065,5.987794,0.415298,0.39105,-0.323732,1.0,,,,,,,,,,,,,,0,lstm
427,103135,2.7405,20.1576,178,0,0,1,0,3.6136,2.086,collision,1313.2,-0.108743,0.406791,-0.839763,0.727507,4.891355,1.030898,1.622816,5.986913,0.395425,0.389385,-0.470123,1.00789,,,,,,,,,,,,,,0,lstm
428,103303,-1.0395,20.3719,168,0,0,1,0,3.6491,1.763,collision,1315.5,-0.520875,0.317595,-0.882114,0.643899,4.871867,1.100487,0.603405,5.989788,0.400361,0.391737,-0.643895,1.0,-0.111785,0.036721,1.884373,0.005025,0.098764,0.185897,0.069275,0.155963,0.0001,,,,,0,lstm
429,103764,-19.4223,19.3112,461,0,0,1,0,3.5226,1.981,collision,1320.7,0.006045,0.477475,-0.872928,0.881,4.747412,1.171781,0.367911,5.978084,0.389061,0.42946,-0.999993,1.002892,,,,,,,,,,,,,,0,lstm
430,103911,-3.4059,9.961,147,0,0,1,0,3.5745,1.971,collision,1322.5,-0.280885,0.390096,-0.859674,0.743121,4.797373,1.203281,0.397319,5.985154,0.403924,0.383689,-0.417869,1.0,,,,,,,,,,,,,,0,lstm
431,104057,-3.8421,9.7865,146,0,0,1,0,3.6394,1.958,collision,1324.1,-0.324036,0.365788,-0.858435,0.585919,4.813933,1.155627,1.201356,5.982678,0.410687,0.3882,-0.440671,1.0,,,,,,,,,,,,,,0,lstm
432,104213,-1.0355,3.4666,156,0,0,1,0,3.543,1.944,collision,1326.7,-0.343274,0.361195,-0.866349,0.586343,4.675233,1.273631,0.89003,5.971658,0.408548,0.388075,-0.513073,1.0,-0.081904,0.028141,1.88441,0.005009,0.084751,0.150877,0.031921,0.124733,0.0001,,,,,0,lstm
433,104742,77.7221,11.8261,529,0,0,1,0,2.7418,2.007,collision,1332.6,0.030234,0.445058,-0.850144,0.873686,4.521771,1.35954,0.179173,5.979619,0.369042,0.3854,-0.957706,1.0,,,,,,,,,,,,,,0,lstm
434,105273,83.5682,13.048,531,0,0,1,0,2.7235,1.998,collision,1338.3,0.026707,0.457936,-0.826544,0.830885,4.558343,1.298377,0.142417,5.979594,0.371313,0.386979,-0.960601,1.0,,,,,,,,,,,,,,0,lstm
435,105547,26.6497,15.6292,274,0,0,1,0,3.3831,2.114,collision,1341.2,-0.040378,0.385377,-0.824976,0.829488,4.709602,1.280728,0.342158,5.965617,0.389954,0.389224,-0.52639,1.003753,,,,,,,,,,,,,,0,lstm
436,105733,6.4767,16.8412,186,0,0,1,0,3.5957,2.05,collision,1343.8,-0.182593,0.409213,-0.865139,0.796636,4.960365,1.051461,0.795089,5.979716,0.390892,0.384406,-0.486579,1.006292,-0.01649,0.019596,1.88446,0.004992,0.100572,0.205608,0.048918,0.162805,0.0001,,,,,0,lstm
437,105913,4.009,16.968,180,0,0,1,0,3.6083,2.072,collision,1345.7,-0.130253,0.39457,-0.841787,0.833992,4.736424,1.292805,0.218455,5.983148,0.392449,0.386988,-0.4657,1.007283,,,,,,,,,,,,,,0,lstm
438,106063,-1.682,16.9038,150,0,0,1,0,3.5638,1.954,collision,1347.3,-0.275692,0.405466,-0.872617,0.770146,4.630599,1.272343,0.771711,5.9725,0.408144,0.385984,-0.400561,1.0,,,,,,,,,,,,,,0,lstm
439,106325,2.6111,19.1071,262,0,0,1,0,3.403,2.029,collision,1350.0,0.12157,0.420876,-0.826027,0.841902,4.475734,1.289595,0.50498,5.977577,0.366158,0.399915,-0.788243,1.0,,,,,,,,,,,,,,0,lstm
440,106600,18.4843,21.2962,275,0,0,1,0,3.4485,2.073,collision,1353.3,0.087108,0.397415,-0.788592,0.820902,4.568485,1.2883,0.552168,5.980309,0.394769,0.397268,-0.67585,1.011562,-0.026252,0.028633,1.88455,0.004976,0.096833,0.086065,0.016878,0.060461,0.0001,,,,,0,lstm
441,106742,-6.4636,21.034,142,0,0,1,0,3.6413,1.899,collision,1354.7,-0.399085,0.333521,-0.870037,0.682703,4.503045,1.343999,0.736389,5.973169,0.409911,0.389252,-0.543447,1.0,,,,,,,,,,,,,,0,lstm
442,107019,30.9038,24.2279,277,0,0,1,0,3.3283,2.054,collision,1357.6,-0.080096,0.435794,-0.834042,0.790499,4.715219,1.13903,0.441236,5.973626,0.386321,0.385294,-0.556287,1.0,,,,,,,,,,,,,,0,lstm
443,107181,-1.0334,16.3524,162,0,0,1,0,3.6479,1.889,collision,1359.3,-0.416492,0.343822,-0.875153,0.654898,4.660872,1.254421,1.025525,5.962191,0.407571,0.391655,-0.606683,1.0,,,,,,,,,,,,,,0,lstm
444,107337,-0.2526,7.9703,156,0,0,1,0,3.5421,2.0,collision,1361.4,-0.29892,0.377945,-0.859619,0.744278,4.650919,1.215937,0.877289,5.936516,0.407753,0.386412,-0.416197,1.0,-0.073076,0.028529,1.88457,0.00496,0.093019,0.208999,0.006474,0.157423,0.0001,,,,,0,lstm
445,107477,-5.1212,4.7932,140,0,0,1,0,3.5805,1.937,collision,1362.8,-0.349021,0.372842,-0.864417,0.625419,4.889886,1.115988,0.531036,5.991081,0.408254,0.387331,-0.399545,1.0,,,,,,,,,,,,,,0,lstm
446,107739,8.5036,4.9959,262,0,0,1,0,3.4786,2.047,collision,1365.6,0.139073,0.391153,-0.755628,0.851175,4.575234,1.288463,0.576371,5.972924,0.385367,0.403435,-0.722667,1.002899,,,,,,,,,,,,,,0,lstm
447,108001,0.5935,4.6543,262,0,0,1,0,3.4403,2.062,collision,1368.3,0.10329,0.405614,-0.78001,0.834534,4.484841,1.269569,0.416973,5.948745,0.371921,0.402203,-0.784813,1.0,,,,,,,,,,,,,,0,lstm
448,108275,22.9756,7.1201,274,0,0,1,0,3.3371,2.065,collision,1371.7,-0.01337,0.409347,-0.840684,0.830989,4.558295,1.30641,0.434153,5.941895,0.374009,0.383242,-0.572879,1.0,-0.017217,0.025715,1.884572,0.004944,0.087133,0.157694,0.013094,0.108637,0.0001,,,,,0,lstm
449,108812,71.3733,13.9963,537,0,0,1,0,2.8034,2.038,collision,1377.4,0.006226,0.426373,-0.818683,0.869059,4.543928,1.307252,0.291961,5.974596,0.374988,0.388727,-0.960431,1.0,,,,,,,,,,,,,,0,lstm
450,108980,-4.8493,11.663,168,0,0,1,0,3.6453,2.076,collision,1379.2,-0.115311,0.411666,-0.842758,0.830722,4.794888,1.139776,0.647432,5.986408,0.389494,0.386777,-0.568531,1.000421,,,,,,,,,,,,,,0,lstm
451,109254,17.8771,14.097,274,0,0,1,0,3.3595,2.106,collision,1382.3,0.022584,0.400215,-0.849933,0.802627,4.651578,1.223477,0.41838,5.983132,0.376176,0.387914,-0.678822,1.0,,,,,,,,,,,,,,0,lstm
452,109786,82.3864,19.2453,532,0,0,1,0,2.7847,2.003,collision,1388.4,-0.064562,0.457886,-0.87739,0.841509,4.603938,1.291909,0.339511,5.996533,0.380595,0.387224,-0.935006,1.0,-0.017378,0.01704,1.88446,0.004928,0.082895,0.087731,0.035408,0.054862,0.0001,,,,,0,lstm
453,110321,66.8037,26.029,535,0,0,1,0,2.8237,2.056,collision,1394.1,0.03499,0.429318,-0.834505,0.840856,4.482705,1.299459,0.526824,5.988264,0.369763,0.388645,-0.938873,1.0,,,,,,,,,,,,,,0,lstm
454,110600,3.8039,26.4346,279,0,0,1,0,3.5999,1.939,collision,1397.1,-0.053396,0.481125,-0.842285,0.826303,4.54688,1.352149,0.522793,5.984265,0.39063,0.40967,-0.960118,1.008284,,,,,,,,,,,,,,0,lstm
455,110770,-0.7559,26.8712,170,0,0,1,0,3.6478,2.014,collision,1399.0,-0.146072,0.426143,-0.847517,0.751701,4.767622,1.251936,0.214962,5.990981,0.395915,0.386112,-0.508358,1.005279,,,,,,,,,,,,,,0,lstm
456,110914,-4.4188,25.5789,144,0,0,1,0,3.6232,2.038,collision,1401.0,-0.29026,0.343668,-0.870186,0.655964,4.710722,1.186937,0.909724,5.976765,0.406176,0.38553,-0.482443,1.0,-0.034571,0.017474,1.884456,0.004911,0.074941,0.150228,0.009174,0.075277,0.0001,,,,,0,lstm
457,111188,29.8939,28.509,274,0,0,1,0,3.5072,1.915,collision,1404.0,-0.300892,0.43002,-0.894002,0.776505,4.602097,1.247336,0.795996,5.977923,0.402825,0.399659,-0.636198,1.005001,,,,,,,,,,,,,,0,lstm
458,111345,-0.7856,26.1329,157,0,0,1,0,3.6457,1.983,collision,1405.7,-0.241932,0.401808,-0.8486,0.584495,4.661717,1.349406,0.155989,5.986428,0.401991,0.385633,-0.43866,1.000447,,,,,,,,,,,,,,0,lstm
459,111510,2.5506,19.2506,165,0,0,1,0,3.5357,2.017,collision,1407.5,-0.209008,0.400541,-0.861768,0.702022,4.754178,1.223665,0.760281,5.986398,0.394097,0.380159,-0.419986,1.0,,,,,,,,,,,,,,0,lstm
460,111771,-1.4946,19.5861,261,0,0,1,0,3.5095,2.038,collision,1410.8,0.104968,0.404628,-0.833046,0.849832,4.377473,1.421767,0.340366,5.97232,0.372943,0.400988,-0.777857,1.0,-0.058611,0.028459,1.884691,0.004895,0.086274,0.255882,0.016395,0.192992,0.0001,,,,,0,lstm
461,111908,-8.6691,16.9314,137,0,0,1,0,3.7243,1.755,collision,1412.3,-0.510937,0.340389,-0.880832,0.566694,4.815805,1.230762,1.084985,5.98879,0.409571,0.392901,-0.507952,1.0,,,,,,,,,,,,,,0,lstm
462,112177,28.7485,11.5677,269,0,0,1,0,3.3971,2.012,collision,1415.2,-0.215034,0.410538,-0.875809,0.766913,4.78574,1.180673,1.115678,5.989589,0.391334,0.385846,-0.57211,1.0,,,,,,,,,,,,,,0,lstm
463,112454,29.337,7.821,277,0,0,1,0,3.3067,2.025,collision,1418.2,-0.17426,0.419696,-0.869511,0.755105,4.751279,1.162557,0.532284,5.987278,0.37969,0.381111,-0.59887,1.0,,,,,,,,,,,,,,0,lstm
464,112720,21.4796,9.5886,266,0,0,1,0,3.4155,2.106,collision,1421.6,-0.090132,0.396185,-0.837566,0.844667,4.65605,1.186136,0.296902,5.984863,0.387268,0.389998,-0.608165,1.003406,-0.045002,0.022548,1.88472,0.004879,0.084775,0.166866,0.006919,0.132122,0.0001,,,,,0,lstm
465,112992,25.6132,12.2255,272,0,0,1,0,3.347,2.056,collision,1424.4,-0.06362,0.39943,-0.85243,0.783088,4.449213,1.352849,0.458177,5.970948,0.376279,0.382681,-0.575698,1.0,,,,,,,,,,,,,,0,lstm
466,113245,-12.9962,11.3678,253,0,0,1,0,3.4904,2.033,collision,1427.1,0.080804,0.414629,-0.754898,0.838119,4.259438,1.348629,0.422175,5.974438,0.35356,0.405058,-0.87743,1.0,,,,,,,,,,,,,,0,lstm
467,113519,33.2073,11.6991,274,0,0,1,0,3.3442,1.977,collision,1430.0,-0.271548,0.387216,-0.870803,0.676984,4.606512,1.268897,0.682136,5.984547,0.393321,0.385091,-0.560395,1.0,,,,,,,,,,,,,,0,lstm
468,113988,-35.8426,8.1934,469,0,0,1,0,3.562,2.004,collision,1435.4,-0.015218,0.466255,-0.890727,0.843736,4.651798,1.245655,0.537435,5.980604,0.391758,0.436874,-1.0,1.0,-0.042783,0.018763,1.884717,0.004863,0.067105,0.1951,0.014647,0.145056,0.0001,,,,,0,lstm
469,114258,24.0404,10.3424,270,0,0,1,0,3.349,2.071,collision,1438.3,-0.067217,0.393525,-0.822587,0.79853,4.515686,1.322427,0.430606,5.971371,0.375019,0.382798,-0.599724,1.0,,,,,,,,,,,,,,0,lstm
470,114533,20.719,12.5637,275,0,0,1,0,3.5055,2.012,collision,1441.2,-0.105119,0.443298,-0.883823,0.833005,4.513508,1.307011,0.452101,5.994384,0.387239,0.392677,-0.626251,1.010018,,,,,,,,,,,,,,0,lstm
471,114682,-3.6921,13.0614,149,0,0,1,0,3.611,1.998,collision,1442.9,-0.252865,0.394757,-0.881183,0.631422,4.548852,1.333234,0.896164,5.961032,0.39372,0.377883,-0.496723,1.0,,,,,,,,,,,,,,0,lstm
472,114944,14.5001,11.6366,262,0,0,1,0,3.4659,2.028,collision,1446.1,-0.027505,0.420807,-0.85344,0.830602,4.388019,1.475935,0.215129,5.983418,0.374528,0.388137,-0.661072,1.001519,-0.043809,0.024986,1.884848,0.004847,0.080167,0.260777,0.012083,0.213599,0.0001,,,,,0,lstm
473,115491,75.3348,16.2364,547,0,0,1,0,2.8611,2.026,collision,1451.8,0.020259,0.435775,-0.859017,0.83395,4.594446,1.292197,0.185715,5.985005,0.377523,0.388932,-0.923506,1.0,,,,,,,,,,,,,,0,lstm
474,115645,-1.8387,13.9045,154,0,0,1,0,3.6452,1.944,collision,1453.5,-0.299394,0.379457,-0.885819,0.622791,4.554569,1.356989,0.289158,5.977594,0.408661,0.389868,-0.453389,1.0,,,,,,,,,,,,,,0,lstm
475,115913,14.7427,12.8175,268,0,0,1,0,3.389,2.007,collision,1456.3,-0.00907,0.445744,-0.849702,0.830549,4.470416,1.346674,0.598413,5.989168,0.371742,0.389364,-0.706568,1.0,,,,,,,,,,,,,,0,lstm
476,116179,9.375,15.0546,266,0,0,1,0,3.4597,2.109,collision,1459.5,0.069399,0.385467,-0.853197,0.840792,4.648235,1.254344,0.16787,5.987332,0.388802,0.402835,-0.69419,1.002861,-0.017094,0.018205,1.88501,0.00483,0.071362,0.076394,0.01066,0.046609,0.0001,,,,,0,lstm
477,116318,-7.4847,10.9854,139,0,0,1,0,3.7368,1.833,collision,1460.9,-0.471034,0.295826,-0.863948,0.318664,4.845666,1.256541,0.367751,5.986407,0.414454,0.394661,-0.534426,1.005963,,,,,,,,,,,,,,0,lstm
478,116592,30.23,17.5927,274,0,0,1,0,3.504,1.939,collision,1463.8,-0.24946,0.441379,-0.885619,0.849228,4.73767,1.229214,0.562938,5.979129,0.398087,0.395921,-0.570383,1.009732,,,,,,,,,,,,,,0,lstm
479,116867,15.6124,16.7499,275,0,0,1,0,3.3328,2.05,collision,1466.7,-0.030457,0.415822,-0.850926,0.834759,4.57596,1.30636,0.535729,5.971928,0.365597,0.384607,-0.724006,1.0,,,,,,,,,,,,,,0,lstm
480,117011,-4.1197,14.266,144,0,0,1,0,3.6333,2.01,collision,1468.6,-0.282813,0.3684,-0.848554,0.655369,4.63009,1.207551,0.507206,5.954022,0.413476,0.389838,-0.46835,1.0,-0.062595,0.028436,1.885096,0.004814,0.09401,0.115103,0.034348,0.062069,0.0001,,,,,0,lstm
481,117171,0.7547,14.7107,160,0,0,1,0,3.5406,2.049,collision,1470.4,-0.228345,0.391518,-0.869411,0.711748,4.773466,1.148888,0.707318,5.955604,0.389411,0.377323,-0.404553,1.0,,,,,,,,,,,,,,0,lstm
482,117435,10.4202,14.3027,264,0,0,1,0,3.4319,2.074,collision,1473.1,0.052474,0.395781,-0.812826,0.828727,4.582302,1.358982,0.497631,5.98074,0.379093,0.396405,-0.693989,1.0,,,,,,,,,,,,,,0,lstm
483,117700,14.0138,8.1706,265,0,0,1,0,3.4749,2.106,collision,1475.6,0.005929,0.401193,-0.836226,0.837472,4.693609,1.200429,0.53637,5.990684,0.387692,0.396636,-0.636054,1.01148,,,,,,,,,,,,,,0,lstm
484,117975,14.3372,9.7882,275,0,0,1,0,3.5185,2.019,collision,1478.8,-0.017331,0.432057,-0.864626,0.818703,4.478888,1.424918,0.237701,5.975254,0.390443,0.399984,-0.696114,1.007191,-0.025425,0.025092,1.885261,0.004798,0.08269,0.116518,0.013571,0.084754,0.0001,,,,,0,lstm
485,118108,-10.9848,7.2154,133,0,0,1,0,3.6367,1.864,collision,1480.2,-0.425248,0.345381,-0.885608,0.624638,4.932691,1.201248,0.211754,5.986066,0.410039,0.395321,-0.63713,1.0,,,,,,,,,,,,,,0,lstm
486,118251,-4.8093,5.797,143,0,0,1,0,3.6333,1.995,collision,1481.8,-0.35339,0.328108,-0.870854,0.528019,4.94919,1.040524,0.521935,5.994364,0.407757,0.384483,-0.438173,1.0,,,,,,,,,,,,,,0,lstm
487,118783,74.2773,13.9732,532,0,0,1,0,2.7666,2.063,collision,1487.2,0.016891,0.4223,-0.845309,0.8363,4.641069,1.266913,0.383132,5.976366,0.373195,0.388199,-0.932546,1.0,,,,,,,,,,,,,,0,lstm
488,119314,56.6686,16.617,531,0,0,1,0,2.8218,2.001,collision,1493.2,0.079227,0.4449,-0.881339,0.886443,4.537799,1.343434,0.264849,5.981373,0.359869,0.387144,-0.980697,1.0,-0.031559,0.019696,1.885326,0.004782,0.079951,0.119683,0.014034,0.100351,0.0001,,,,,0,lstm
489,119441,-12.082,13.8476,127,0,0,1,0,3.756,1.773,collision,1494.7,-0.508987,0.301799,-0.873696,0.594863,4.959599,1.076195,0.841228,5.981421,0.403957,0.393748,-0.558426,1.002666,,,,,,,,,,,,,,0,lstm
490,119587,-4.4901,13.8106,146,0,0,1,0,3.647,1.906,collision,1496.2,-0.416742,0.327664,-0.879357,0.511112,4.905934,1.115858,0.720816,5.982344,0.408894,0.388424,-0.445729,1.0,,,,,,,,,,,,,,0,lstm
491,119846,1.5883,13.8939,259,0,0,1,0,3.455,2.086,collision,1499.0,0.078607,0.413296,-0.817633,0.809161,4.664365,1.187034,0.176611,5.956268,0.378407,0.405934,-0.787371,1.0,,,,,,,,,,,,,,0,lstm
492,120370,60.0482,18.8567,524,0,0,1,0,2.8069,2.035,collision,1505.1,0.062086,0.434977,-0.855109,0.872173,4.556935,1.315232,0.257144,5.984461,0.353883,0.38206,-0.980308,1.0,-0.03874,0.021982,1.88534,0.004766,0.080785,0.22517,0.019634,0.152269,0.0001,,,,,0,lstm
493,120495,-15.5182,15.9035,125,0,0,1,0,3.6851,1.839,collision,1506.4,-0.477427,0.296033,-0.85653,0.564263,4.903826,1.120975,0.470378,5.976729,0.391129,0.390216,-0.716752,1.0,,,,,,,,,,,,,,0,lstm
494,121030,61.033,20.5731,535,0,0,1,0,2.8034,2.1,collision,1512.0,0.047022,0.407222,-0.832341,0.843455,4.685826,1.201547,0.345448,5.992388,0.368263,0.388272,-0.93086,1.0,,,,,,,,,,,,,,0,lstm
495,121305,11.5012,22.8217,275,0,0,1,0,3.3358,2.054,collision,1514.9,0.079902,0.409953,-0.805578,0.832601,4.524915,1.308998,0.133696,5.989297,0.361797,0.385617,-0.697309,1.0,,,,,,,,,,,,,,0,lstm
496,121467,1.3695,23.4396,162,0,0,1,0,3.5441,2.023,collision,1517.2,-0.29414,0.357471,-0.859835,0.726585,4.882704,1.047306,0.91419,5.984517,0.408413,0.389268,-0.46083,1.0,-0.036432,0.022644,1.885649,0.004749,0.077664,0.195331,0.01395,0.166879,0.0001,,,,,0,lstm
497,122000,77.8454,23.7964,533,0,0,1,0,2.7716,2.051,collision,1523.0,-0.003806,0.442458,-0.878871,0.852407,4.804685,1.150426,0.473551,5.987458,0.374493,0.38563,-0.928092,1.0,,,,,,,,,,,,,,0,lstm
498,122162,-2.5861,17.8709,162,0,0,1,0,3.6369,2.07,collision,1524.7,-0.12817,0.402972,-0.840157,0.82881,4.749178,1.201493,1.058607,5.981461,0.392715,0.384592,-0.478161,1.001458,,,,,,,,,,,,,,0,lstm
499,122421,-1.0857,18.9705,259,0,0,1,0,3.4167,2.091,collision,1527.5,0.079861,0.40612,-0.810947,0.834607,4.656172,1.248529,0.326977,5.974063,0.364535,0.402059,-0.814714,1.0,,,,,,,,,,,,,,0,lstm
500,122947,65.0237,25.9219,526,0,0,1,0,2.8085,2.022,collision,1533.8,0.012361,0.451973,-0.83271,0.857044,4.642149,1.238312,0.664894,5.993478,0.361767,0.384059,-0.979996,1.0,-0.015094,0.018128,1.886017,0.004733,0.071936,0.061468,0.015601,0.045233,0.0001,,,,,0,lstm
