episode,global_step,reward,avg10,length,success,goal_touched,collision,timeout,min_dist,avg_speed_ms,end_reason,elapsed_s,act0_mean,act0_std,act0_min,act0_max,act1_mean,act1_std,act1_min,act1_max,obs_mean,obs_std,obs_min,obs_max,actor_loss,critic_loss,policy_entropy,entropy_coef,value_residual,grad_norm_actor,grad_norm_critic,grad_norm_rnn,lr_actor,lr_critic,alpha,alpha_loss,target_update_magnitude,replay_buffer_size,recurrent_cell
1,112,-35.7111,-35.7111,112,0,0,1,0,3.8875,2.0,collision,1.8,0.222998,0.38031,-0.674573,0.815462,3.816297,1.395337,0.270777,5.946298,0.292169,0.393206,-0.803511,1.002445,,,,,,,,,,,,,,0,gru
2,500,68.5944,16.4416,388,0,0,1,0,3.1219,2.05,collision,6.8,0.011114,0.435038,-0.834975,0.847075,4.445382,1.211273,0.263564,5.966616,0.39325,0.390347,-0.407629,1.003842,,,,,,,,,,,,,,0,gru
3,1739,291.9805,108.2879,1239,0,0,1,0,1.2403,2.088,collision,23.4,0.009117,0.412658,-0.849784,0.840949,4.395527,1.198027,0.43443,5.965803,0.384083,0.381434,-0.491403,1.0,,,,,,,,,,,,,,0,gru
4,1901,-39.6566,71.3018,162,0,0,1,0,3.8746,1.983,collision,26.5,0.13852,0.423349,-0.776988,0.841684,4.016882,1.35725,0.410832,5.91934,0.307841,0.409287,-0.903583,1.003567,0.00902,0.01551,1.779165,0.004994,0.046365,0.102672,0.012381,0.066194,3.7e-05,,,,,0,gru
5,3189,333.1405,123.6695,1288,0,0,1,0,1.0181,2.057,collision,43.6,-0.023039,0.428197,-0.859342,0.88079,4.475124,1.224926,0.452627,5.991336,0.379066,0.373315,-0.423557,1.0,,,,,,,,,,,,,,0,gru
6,3581,69.3726,114.62,392,0,0,1,0,3.1249,2.042,collision,48.9,0.082177,0.44067,-0.817922,0.862968,4.550566,1.172599,0.984032,5.972936,0.39595,0.389257,-0.419178,1.006538,,,,,,,,,,,,,,0,gru
7,4824,320.4581,144.0255,1243,0,0,1,0,1.0547,2.066,collision,65.6,-0.021684,0.423544,-0.877289,0.830636,4.432879,1.186957,0.193659,5.986751,0.38419,0.375295,-0.422415,1.0,,,,,,,,,,,,,,0,gru
8,6024,350.4563,169.8293,1200,0,0,1,0,0.9475,2.065,collision,83.0,-0.037228,0.43208,-0.882789,0.855561,4.589376,1.13023,0.428512,5.97305,0.395108,0.382294,-0.616345,1.0,0.016508,0.014513,1.778902,0.004982,0.042747,0.239429,0.022636,0.156787,4.9e-05,,,,,0,gru
9,6418,70.0475,158.7425,394,0,0,1,0,3.1381,2.04,collision,88.4,0.135036,0.429705,-0.86546,0.887596,4.596253,1.140261,0.574169,5.952528,0.397351,0.392193,-0.459759,1.011142,,,,,,,,,,,,,,0,gru
10,6821,69.233,149.7915,403,0,0,1,0,3.1388,2.004,collision,93.7,0.143198,0.434795,-0.854127,0.867473,4.523592,1.205442,0.382741,5.98138,0.402813,0.395285,-0.577177,1.008044,,,,,,,,,,,,,,0,gru
11,7190,61.7103,159.5336,369,0,0,1,0,3.1144,2.036,collision,98.8,0.01515,0.445327,-0.87935,0.827084,4.521158,1.169309,0.696823,5.984338,0.386085,0.388434,-0.411309,1.0,,,,,,,,,,,,,,0,gru
12,7327,-46.3479,148.0394,137,0,0,1,0,3.8535,2.027,collision,101.2,0.09742,0.429398,-0.828963,0.771847,4.114841,1.263092,0.510838,5.952328,0.28836,0.413976,-0.954988,1.0,-0.028489,0.029864,1.778715,0.00497,0.078168,0.138827,0.034135,0.099127,6.1e-05,,,,,0,gru
13,7683,53.9161,124.233,356,0,0,1,0,3.126,2.052,collision,106.0,0.096787,0.427539,-0.833486,0.863316,4.609468,1.150538,0.869908,5.972915,0.396017,0.392923,-0.504133,1.0,,,,,,,,,,,,,,0,gru
14,7761,-35.021,124.6966,78,0,0,1,0,3.879,2.097,collision,107.0,-0.066123,0.376878,-0.775384,0.699739,4.11749,1.25382,1.085976,5.839155,0.251956,0.341415,-0.602483,1.0,,,,,,,,,,,,,,0,gru
15,9056,325.8361,123.9661,1295,0,0,1,0,1.0744,2.047,collision,124.0,-0.033766,0.433239,-0.85982,0.871061,4.474376,1.193039,0.230073,5.979541,0.380999,0.377646,-0.480754,1.0,,,,,,,,,,,,,,0,gru
16,9169,-38.8622,113.1426,113,0,0,1,0,3.8968,2.092,collision,126.7,0.161957,0.381915,-0.700741,0.831435,4.217817,1.121966,0.930336,5.939643,0.318013,0.410898,-0.786587,1.004246,0.009765,0.014971,1.778688,0.004958,0.058371,0.077914,0.023536,0.058669,7.3e-05,,,,,0,gru
17,10477,340.9126,115.1881,1308,0,0,1,0,0.9956,2.041,collision,144.1,-0.049987,0.441546,-0.867315,0.876563,4.523643,1.175435,0.317768,5.973249,0.378613,0.373101,-0.42199,1.0,,,,,,,,,,,,,,0,gru
18,11769,324.8419,112.6266,1292,0,0,1,0,1.0925,2.052,collision,161.3,-0.033632,0.431259,-0.884917,0.865709,4.493857,1.178459,0.497767,5.973086,0.383286,0.377704,-0.511707,1.0,,,,,,,,,,,,,,0,gru
19,12152,65.594,112.1813,383,0,0,1,0,3.1345,2.065,collision,166.4,0.071675,0.419555,-0.87011,0.878565,4.630776,1.13099,0.412469,5.967262,0.400472,0.392236,-0.480969,1.003942,,,,,,,,,,,,,,0,gru
20,13383,274.5517,132.7132,1231,0,0,1,0,1.4372,2.069,collision,185.0,0.02898,0.423706,-0.876334,0.875925,4.497428,1.155594,0.341656,5.968543,0.39086,0.384738,-0.471507,1.006351,0.037289,0.004177,1.77864,0.004946,0.033229,0.165534,0.01618,0.108309,8.5e-05,,,,,0,gru
21,14665,334.1218,159.9543,1282,0,0,1,0,1.0392,2.071,collision,201.9,-0.028544,0.419208,-0.842102,0.829365,4.409517,1.219573,0.373402,5.961049,0.383602,0.373566,-0.427322,1.0,,,,,,,,,,,,,,0,gru
22,15969,323.387,196.9278,1304,0,0,1,0,1.0655,2.043,collision,219.1,-0.002533,0.433411,-0.860503,0.863039,4.421471,1.248123,0.220066,5.978879,0.38823,0.378338,-0.560379,1.0,,,,,,,,,,,,,,0,gru
23,17429,598.1183,251.348,1460,1,1,0,0,0.2994,2.072,goal,238.9,-0.033256,0.422937,-0.877395,0.878122,4.574245,1.176877,0.423489,5.977126,0.404745,0.389717,-0.548202,1.0,,,,,,,,,,,,,,0,gru
24,18710,324.1787,287.268,1281,0,0,1,0,1.1087,2.074,collision,257.5,-0.02176,0.417184,-0.85933,0.866696,4.460505,1.219986,0.360155,5.98526,0.383333,0.377491,-0.456722,1.003409,0.003939,0.006206,1.778587,0.004934,0.028552,0.111847,0.008292,0.065614,9.7e-05,,,,,0,gru
25,20018,331.3572,287.8201,1308,0,0,1,0,1.0843,2.045,collision,274.6,-0.028928,0.434023,-0.87833,0.882948,4.429279,1.219951,0.376328,5.966117,0.381297,0.377763,-0.5274,1.002078,,,,,,,,,,,,,,0,gru
26,21290,294.9401,321.2003,1272,0,0,1,0,1.2188,2.04,collision,291.4,0.010283,0.438536,-0.849739,0.865853,4.388501,1.225295,0.21069,5.980701,0.383933,0.380404,-0.481551,1.0,,,,,,,,,,,,,,0,gru
27,21672,63.5863,293.4677,382,0,0,1,0,3.0892,2.024,collision,296.5,0.037954,0.445136,-0.826323,0.868491,4.47619,1.187318,0.768406,5.964922,0.388457,0.3905,-0.501947,1.0,,,,,,,,,,,,,,0,gru
28,22971,331.5585,294.1394,1299,0,0,1,0,1.0454,2.068,collision,315.2,-0.035634,0.422305,-0.859148,0.862366,4.446823,1.199566,0.3718,5.983063,0.386634,0.377853,-0.465139,1.0,0.01502,0.005882,1.77866,0.004922,0.028625,0.105611,0.003816,0.061292,0.0001,,,,,0,gru
29,24226,310.9216,318.6721,1255,0,0,1,0,1.0905,2.067,collision,331.6,-0.022315,0.422905,-0.864118,0.866109,4.354758,1.215497,0.341213,5.977626,0.386958,0.37733,-0.457779,1.0,,,,,,,,,,,,,,0,gru
30,25532,325.7177,323.7887,1306,0,0,1,0,1.1177,2.056,collision,348.9,-0.016887,0.42698,-0.844784,0.847976,4.396875,1.222014,0.40744,5.978811,0.388785,0.379474,-0.497787,1.003568,,,,,,,,,,,,,,0,gru
31,26842,334.6268,323.8392,1310,0,0,1,0,1.038,2.041,collision,366.4,-0.053502,0.434526,-0.863243,0.868409,4.434726,1.205233,0.357765,5.967198,0.380567,0.373923,-0.429859,1.0,,,,,,,,,,,,,,0,gru
32,26901,-43.6877,287.1318,59,0,0,1,0,3.8646,1.939,collision,368.4,0.208529,0.405893,-0.711649,0.807159,3.858058,1.444397,0.23883,5.802716,0.260251,0.383269,-0.766465,1.0,0.006674,0.005334,1.778715,0.00491,0.024339,0.082112,0.00918,0.050088,0.0001,,,,,0,gru
33,28176,312.2232,258.5422,1275,0,0,1,0,1.1427,2.052,collision,385.2,-0.01439,0.431454,-0.87268,0.864171,4.414036,1.217905,0.373099,5.960799,0.382117,0.378989,-0.561968,1.0,,,,,,,,,,,,,,0,gru
34,29463,331.9406,259.3184,1287,0,0,1,0,1.0111,2.044,collision,402.4,-0.007727,0.432814,-0.84994,0.885354,4.465196,1.201809,0.407788,5.989703,0.388323,0.376718,-0.503637,1.0,,,,,,,,,,,,,,0,gru
35,30749,318.0055,257.9833,1286,0,0,1,0,1.1255,2.047,collision,419.6,-0.008415,0.43469,-0.88126,0.869272,4.509022,1.187623,0.254609,5.979692,0.388578,0.378499,-0.521926,1.0,,,,,,,,,,,,,,0,gru
36,32034,326.3574,261.125,1285,0,0,1,0,1.0483,2.054,collision,438.3,-0.041245,0.431503,-0.868822,0.871125,4.489012,1.191043,0.381269,5.97337,0.386709,0.377189,-0.506249,1.0,0.001304,0.005239,1.778734,0.004898,0.025761,0.096384,0.012012,0.062859,0.0001,,,,,0,gru
37,33365,339.4126,288.7076,1331,0,0,1,0,1.0394,2.045,collision,455.8,-0.019386,0.434005,-0.851071,0.859853,4.381218,1.234369,0.33961,5.97131,0.384332,0.375997,-0.467797,1.002807,,,,,,,,,,,,,,0,gru
38,34666,331.9885,288.7506,1301,0,0,1,0,1.0831,2.06,collision,473.3,-0.007164,0.427108,-0.885138,0.885239,4.414364,1.212207,0.129128,5.987795,0.38969,0.376655,-0.502809,1.006585,,,,,,,,,,,,,,0,gru
39,35959,334.2167,291.0801,1293,0,0,1,0,0.9988,2.034,collision,490.6,-0.057324,0.433349,-0.858985,0.839043,4.376749,1.252871,0.256022,5.986523,0.382831,0.374661,-0.565817,1.0,,,,,,,,,,,,,,0,gru
40,37397,339.2885,292.4372,1438,0,0,1,0,1.0097,2.04,collision,511.5,-0.083134,0.434161,-0.883358,0.870058,4.468702,1.164382,0.163026,5.973997,0.399579,0.385782,-0.851147,1.015261,0.009523,0.004821,1.778823,0.004886,0.023702,0.089205,0.00578,0.056391,0.0001,,,,,0,gru
41,38744,349.1868,293.8932,1347,0,0,1,0,0.9717,2.042,collision,529.6,-0.027822,0.438141,-0.878772,0.8859,4.382605,1.211766,0.468217,5.97175,0.385053,0.375443,-0.481526,1.0,,,,,,,,,,,,,,0,gru
42,40074,343.8681,332.6488,1330,0,0,1,0,0.9944,2.028,collision,547.7,-0.061495,0.437889,-0.871444,0.839328,4.391804,1.224039,0.501719,5.974411,0.38482,0.375469,-0.56588,1.0,,,,,,,,,,,,,,0,gru
43,41436,349.0527,336.3317,1362,0,0,1,0,0.9622,2.049,collision,565.7,-0.003129,0.438988,-0.884394,0.85947,4.430171,1.231993,0.326323,5.973026,0.38792,0.377565,-0.59651,1.00042,,,,,,,,,,,,,,0,gru
44,42779,349.3343,338.0711,1343,0,0,1,0,0.9504,2.036,collision,585.2,-0.019869,0.440986,-0.866153,0.851894,4.416511,1.194926,0.357972,5.972777,0.384217,0.372766,-0.480919,1.0,0.000787,0.00543,1.778802,0.004874,0.021646,0.128041,0.002943,0.08593,0.0001,,,,,0,gru
45,44075,333.9555,339.6661,1296,0,0,1,0,1.0602,2.059,collision,602.6,-0.025622,0.430735,-0.854818,0.864409,4.51326,1.190743,0.337826,5.979146,0.387343,0.376027,-0.482919,1.0,,,,,,,,,,,,,,0,gru
46,45387,336.6686,340.6972,1312,0,0,1,0,0.969,2.05,collision,620.1,-0.032514,0.43423,-0.856827,0.850833,4.460999,1.180805,0.254105,5.970366,0.386508,0.376462,-0.471408,1.0,,,,,,,,,,,,,,0,gru
47,45522,-34.5282,303.3031,135,0,0,1,0,3.8975,2.006,collision,622.0,0.205395,0.381865,-0.687803,0.831626,4.06216,1.338384,0.315916,5.922603,0.321056,0.409007,-0.827339,1.009429,,,,,,,,,,,,,,0,gru
48,46884,360.7371,306.178,1362,0,0,1,0,0.9616,2.044,collision,641.6,-0.042474,0.435494,-0.871596,0.882012,4.47355,1.207133,0.601167,5.975884,0.382225,0.374166,-0.419586,1.011708,0.082694,0.013755,1.779363,0.004862,0.029443,0.241029,0.010595,0.149542,0.0001,,,,,0,gru
49,47003,-43.9691,268.3594,119,0,0,1,0,3.8593,2.004,collision,643.2,0.188842,0.396911,-0.758753,0.812712,4.078355,1.28718,0.682265,5.910777,0.276869,0.402375,-0.920025,1.0,,,,,,,,,,,,,,0,gru
50,48344,348.2465,269.2552,1341,0,0,1,0,0.9745,2.065,collision,661.0,-0.036576,0.424218,-0.858049,0.857422,4.455236,1.222397,0.702332,5.96488,0.386822,0.375878,-0.488241,1.004976,,,,,,,,,,,,,,0,gru
51,49710,359.5385,270.2904,1366,0,0,1,0,0.9272,2.051,collision,679.1,-0.035895,0.436972,-0.87517,0.877541,4.480756,1.184003,0.569677,5.958929,0.390802,0.37735,-0.469609,1.003517,,,,,,,,,,,,,,0,gru
52,51093,358.9193,271.7955,1383,0,0,1,0,0.93,2.038,collision,698.9,-0.019976,0.441116,-0.871944,0.867439,4.43662,1.202918,0.189836,5.968301,0.388222,0.37679,-0.59647,1.003744,-0.046506,0.006018,1.779348,0.00485,0.027531,0.176186,0.012283,0.101649,0.0001,,,,,0,gru
53,52392,340.6821,270.9584,1299,0,0,1,0,0.9682,2.047,collision,716.4,-0.035348,0.428358,-0.861808,0.874901,4.458015,1.216592,0.283612,5.978477,0.38636,0.374,-0.428397,1.0,,,,,,,,,,,,,,0,gru
54,53702,341.5341,270.1784,1310,0,0,1,0,0.9784,2.055,collision,733.9,-0.063618,0.433294,-0.882452,0.859244,4.466761,1.168203,0.423914,5.984669,0.382903,0.374279,-0.522251,1.0,,,,,,,,,,,,,,0,gru
55,55062,360.3405,272.8169,1360,0,0,1,0,0.9683,2.04,collision,751.7,-0.04012,0.44302,-0.875965,0.859975,4.475253,1.184059,0.619252,5.982075,0.38387,0.375239,-0.467771,1.011556,,,,,,,,,,,,,,0,gru
56,56389,348.4024,273.9903,1327,0,0,1,0,0.9757,2.023,collision,770.4,-0.050699,0.44112,-0.860717,0.87589,4.401787,1.27957,0.260143,5.996637,0.383774,0.373413,-0.435088,1.0,-0.012627,0.004015,1.779545,0.004838,0.02829,0.09407,0.016272,0.065655,0.0001,,,,,0,gru
57,57690,339.1414,311.3573,1301,0,0,1,0,0.959,2.042,collision,787.5,-0.03877,0.43883,-0.886408,0.87454,4.454004,1.193611,0.176732,5.968407,0.385184,0.374666,-0.461575,1.0,,,,,,,,,,,,,,0,gru
58,59019,346.6089,309.9444,1329,0,0,1,0,0.9587,2.043,collision,805.1,-0.031209,0.438954,-0.869838,0.884772,4.487443,1.207388,0.246662,5.97347,0.385521,0.374274,-0.461835,1.0,,,,,,,,,,,,,,0,gru
59,60372,359.9003,350.3314,1353,0,0,1,0,0.9592,2.023,collision,823.0,-0.048507,0.44876,-0.890343,0.876967,4.43036,1.208289,0.537351,5.981102,0.382704,0.373917,-0.442805,1.002346,,,,,,,,,,,,,,0,gru
60,61664,337.3719,349.2439,1292,0,0,1,0,1.0285,2.042,collision,841.9,-0.021016,0.433608,-0.871511,0.855927,4.453303,1.202171,0.341595,5.974491,0.387298,0.375141,-0.438504,1.0,-0.016362,0.005232,1.779969,0.004826,0.019853,0.107765,0.005608,0.068484,0.0001,,,,,0,gru
61,63019,359.0586,349.196,1355,0,0,1,0,0.9612,2.045,collision,858.9,-0.027479,0.432854,-0.866423,0.88073,4.331444,1.248629,0.478694,5.971477,0.387357,0.375625,-0.45936,1.009148,,,,,,,,,,,,,,0,gru
62,64369,356.0294,348.907,1350,0,0,1,0,0.9405,2.051,collision,876.1,-0.031558,0.433705,-0.87944,0.875407,4.415175,1.214831,0.183318,5.985886,0.385729,0.373588,-0.467273,1.00169,,,,,,,,,,,,,,0,gru
63,64404,-44.4074,310.398,35,0,0,1,0,3.8792,2.004,collision,876.6,-0.209073,0.396808,-0.787522,0.811382,3.88587,1.358512,0.814794,5.908213,0.214341,0.330092,-0.640165,1.0,,,,,,,,,,,,,,0,gru
64,65755,349.2262,311.1672,1351,0,0,1,0,0.9289,2.026,collision,896.6,0.005824,0.44854,-0.888357,0.86167,4.423607,1.233273,0.442582,5.972604,0.388184,0.376837,-0.505577,1.0,-0.148295,0.010831,1.779747,0.004814,0.02998,0.418875,0.015559,0.245643,0.0001,,,,,0,gru
65,65780,-43.9925,270.7339,25,0,0,1,0,3.8917,1.717,collision,897.0,-0.593166,0.251258,-0.85562,0.030198,4.43994,1.077238,2.004014,5.910713,0.251352,0.34465,-0.412641,1.0,,,,,,,,,,,,,,0,gru
66,66178,62.4874,242.1424,398,0,0,1,0,3.1084,1.968,collision,902.3,0.177332,0.453542,-0.822741,0.887401,4.455816,1.216876,0.759871,5.966704,0.401056,0.396585,-0.56466,1.0,,,,,,,,,,,,,,0,gru
67,67514,346.2394,242.8522,1336,0,0,1,0,0.9364,2.052,collision,919.3,-0.01926,0.430901,-0.886203,0.864153,4.429964,1.194733,0.237349,5.963871,0.388414,0.376044,-0.488659,1.0,,,,,,,,,,,,,,0,gru
68,68868,355.1288,243.7042,1354,0,0,1,0,0.9368,2.043,collision,938.7,-0.029722,0.435104,-0.874023,0.865677,4.398633,1.214451,0.447316,5.960188,0.389247,0.375346,-0.475189,1.0,0.026791,0.009326,1.779503,0.004802,0.036016,0.149952,0.011337,0.104456,0.0001,,,,,0,gru
69,70207,343.8814,242.1023,1339,0,0,1,0,0.9531,2.05,collision,956.5,-0.018916,0.441569,-0.865874,0.874908,4.525966,1.138326,0.348481,5.980266,0.384578,0.375197,-0.538362,1.0,,,,,,,,,,,,,,0,gru
70,71563,353.2852,243.6937,1356,0,0,1,0,0.9321,2.043,collision,974.3,-0.060648,0.438699,-0.879686,0.859399,4.454393,1.184811,0.340392,5.970395,0.382785,0.373828,-0.498595,1.0,,,,,,,,,,,,,,0,gru
71,72893,354.1107,243.1989,1330,0,0,1,0,0.9692,2.06,collision,991.5,-0.031919,0.428655,-0.872992,0.859282,4.509418,1.215372,0.344233,5.97343,0.383535,0.374205,-0.42519,1.00692,,,,,,,,,,,,,,0,gru
72,74252,355.2017,243.1161,1359,0,0,1,0,0.9658,2.053,collision,1011.2,-0.02426,0.438083,-0.878509,0.879714,4.535224,1.153014,0.455528,5.960072,0.385988,0.375889,-0.493648,1.007936,-0.003988,0.004674,1.779354,0.00479,0.024392,0.089908,0.006802,0.056048,0.0001,,,,,0,gru
73,75612,362.4786,283.8047,1360,0,0,1,0,0.9537,2.043,collision,1029.5,-0.052491,0.435938,-0.865561,0.874344,4.502539,1.189816,0.210286,5.96693,0.382744,0.373212,-0.442395,1.011772,,,,,,,,,,,,,,0,gru
74,76962,352.8044,284.1625,1350,0,0,1,0,0.9571,2.059,collision,1047.3,-0.030801,0.427523,-0.860464,0.849459,4.476965,1.18392,0.433032,5.969213,0.385895,0.373789,-0.47544,1.003969,,,,,,,,,,,,,,0,gru
75,78303,348.1435,323.3761,1341,0,0,1,0,0.9256,2.025,collision,1065.2,-0.022423,0.44967,-0.863921,0.865331,4.473698,1.220352,0.163927,5.975845,0.386807,0.374184,-0.494804,1.0,,,,,,,,,,,,,,0,gru
76,79609,341.0834,351.2357,1306,0,0,1,0,0.9436,2.057,collision,1085.0,-0.034812,0.429978,-0.868334,0.862199,4.511859,1.17419,0.264763,5.954895,0.384742,0.373691,-0.451562,1.0,0.021364,0.004247,1.779013,0.004778,0.025637,0.122248,0.013008,0.075353,0.0001,,,,,0,gru
77,80945,346.7341,351.2852,1336,0,0,1,0,0.9461,2.049,collision,1103.2,-0.050706,0.441335,-0.838356,0.867243,4.538152,1.157396,0.61294,5.983406,0.386108,0.375322,-0.48501,1.0,,,,,,,,,,,,,,0,gru
78,81066,-39.7494,311.7974,121,0,0,1,0,3.8664,2.012,collision,1104.9,0.162707,0.404984,-0.702443,0.817418,4.050745,1.354413,0.472315,5.964838,0.274109,0.391971,-0.88529,1.0,,,,,,,,,,,,,,0,gru
79,82406,351.2051,312.5297,1340,0,0,1,0,0.921,2.054,collision,1122.9,-0.004251,0.436835,-0.872158,0.872929,4.556954,1.166282,0.587349,5.968369,0.386504,0.374435,-0.431325,1.0,,,,,,,,,,,,,,0,gru
80,83728,345.9439,311.7956,1322,0,0,1,0,0.9546,2.073,collision,1142.7,-0.029086,0.425014,-0.856761,0.87823,4.498829,1.179122,0.509268,5.979306,0.382434,0.372962,-0.481248,1.0,0.052102,0.004273,1.778836,0.004766,0.02661,0.276494,0.014188,0.171664,0.0001,,,,,0,gru
81,85078,350.6218,311.4467,1350,0,0,1,0,0.9501,2.058,collision,1161.0,-0.026262,0.431264,-0.869445,0.88173,4.449527,1.219686,0.280317,5.988553,0.390185,0.375868,-0.454731,1.001386,,,,,,,,,,,,,,0,gru
82,86442,362.0256,312.1291,1364,0,0,1,0,0.9274,2.056,collision,1178.3,-0.030117,0.438524,-0.878007,0.861639,4.521832,1.152308,0.34014,5.95768,0.389668,0.375618,-0.456587,1.008344,,,,,,,,,,,,,,0,gru
83,87767,342.32,310.1132,1325,0,0,1,0,0.9527,2.043,collision,1195.8,-0.009706,0.444808,-0.845821,0.880136,4.500604,1.175287,0.68954,5.983411,0.389178,0.375155,-0.58371,1.0,,,,,,,,,,,,,,0,gru
84,89087,343.7432,309.2071,1320,0,0,1,0,0.9673,2.067,collision,1215.4,-0.037429,0.428074,-0.878384,0.857711,4.481106,1.1564,0.487633,5.975689,0.387427,0.374718,-0.505794,1.0,0.011483,0.004935,1.779382,0.004754,0.020655,0.08972,0.011353,0.055968,0.0001,,,,,0,gru
85,90389,339.2685,308.3196,1302,0,0,1,0,0.9553,2.061,collision,1233.0,-0.026742,0.433282,-0.878102,0.881332,4.603278,1.170215,0.444463,5.978259,0.386692,0.373938,-0.476473,1.0,,,,,,,,,,,,,,0,gru
86,91750,356.3503,309.8463,1361,0,0,1,0,0.9506,2.035,collision,1251.3,-0.030296,0.443223,-0.875785,0.871704,4.524961,1.180534,0.356827,5.977046,0.390159,0.376083,-0.496073,1.0,,,,,,,,,,,,,,0,gru
87,93056,337.878,308.9607,1306,0,0,1,0,0.9658,2.055,collision,1268.9,-0.027685,0.436729,-0.868172,0.847716,4.564919,1.132902,0.447181,5.990361,0.387537,0.374873,-0.500228,1.0,,,,,,,,,,,,,,0,gru
88,94359,342.184,347.154,1303,0,0,1,0,0.9393,2.065,collision,1288.1,-0.022737,0.433106,-0.887688,0.867053,4.586708,1.130694,0.562932,5.985688,0.389869,0.374844,-0.461631,1.0,-0.001617,0.005559,1.779178,0.004742,0.018528,0.120683,0.008307,0.072368,0.0001,,,,,0,gru
89,95699,354.5017,347.4837,1340,0,0,1,0,0.9334,2.046,collision,1306.4,-0.046852,0.441107,-0.875054,0.885862,4.535241,1.174706,0.534302,5.98173,0.388424,0.375289,-0.447464,1.0,,,,,,,,,,,,,,0,gru
90,97023,350.1021,347.8995,1324,0,0,1,0,0.9275,2.082,collision,1324.1,-0.023321,0.424814,-0.873697,0.868773,4.598156,1.140743,0.346451,5.977566,0.387831,0.374739,-0.418567,1.0,,,,,,,,,,,,,,0,gru
91,98351,345.2781,347.3651,1328,0,0,1,0,0.9574,2.061,collision,1342.1,-0.045628,0.431592,-0.876595,0.869772,4.581645,1.149489,0.680552,5.987772,0.386671,0.375304,-0.49695,1.0,,,,,,,,,,,,,,0,gru
92,99694,357.249,346.8875,1343,0,0,1,0,0.9618,2.047,collision,1361.8,-0.040657,0.437281,-0.875975,0.880754,4.558857,1.152088,0.300456,5.97596,0.384535,0.372699,-0.451584,1.003159,0.016073,0.003453,1.779389,0.00473,0.019307,0.08693,0.003779,0.057168,0.0001,,,,,0,gru
93,101051,349.0953,347.565,1357,0,0,1,0,0.9214,2.025,collision,1380.0,-0.021863,0.446838,-0.864648,0.87568,4.558034,1.202432,0.252741,5.983035,0.387496,0.376715,-0.515495,1.0,,,,,,,,,,,,,,0,gru
94,102391,352.8233,348.473,1340,0,0,1,0,0.9241,2.039,collision,1397.9,-0.040462,0.449524,-0.894573,0.877546,4.568173,1.149211,0.681426,5.979711,0.383067,0.372739,-0.454172,1.0,,,,,,,,,,,,,,0,gru
95,103707,344.9734,349.0435,1316,0,0,1,0,0.9306,2.05,collision,1415.6,-0.022901,0.440824,-0.885525,0.891046,4.591915,1.164468,0.279548,5.983634,0.387197,0.374374,-0.435331,1.0,,,,,,,,,,,,,,0,gru
96,105034,347.1975,348.1282,1327,0,0,1,0,0.9259,2.069,collision,1436.2,-0.032387,0.42674,-0.882226,0.856095,4.594439,1.139917,0.175045,5.972443,0.389143,0.375909,-0.454336,1.0,-0.010477,0.004264,1.779575,0.004718,0.019842,0.091529,0.004996,0.057884,0.0001,,,,,0,gru
97,106361,348.0565,349.1461,1327,0,0,1,0,0.9354,2.039,collision,1454.3,-0.046622,0.443585,-0.864493,0.865428,4.528097,1.179893,0.549779,5.986737,0.385559,0.373735,-0.483748,1.0,,,,,,,,,,,,,,0,gru
98,107711,360.0403,350.9317,1350,0,0,1,0,0.9173,2.052,collision,1472.5,-0.049595,0.436524,-0.871134,0.856083,4.570813,1.15414,0.31273,5.974214,0.384107,0.373741,-0.443456,1.0,,,,,,,,,,,,,,0,gru
99,109079,359.7643,351.458,1368,0,0,1,0,0.938,2.037,collision,1491.0,-0.052036,0.437929,-0.858904,0.857855,4.543852,1.205431,0.403275,5.979937,0.383017,0.37435,-0.487857,1.006415,,,,,,,,,,,,,,0,gru
100,110401,343.9293,350.8407,1322,0,0,1,0,0.9296,2.054,collision,1510.9,-0.024517,0.436734,-0.868008,0.86916,4.549204,1.180825,0.150695,5.982065,0.384829,0.373742,-0.478621,1.0,-0.015879,0.004579,1.779565,0.004706,0.019631,0.09433,0.003828,0.059604,0.0001,,,,,0,gru
101,111718,350.472,351.3601,1317,0,0,1,0,0.941,2.054,collision,1528.5,-0.05019,0.432409,-0.875836,0.856519,4.516482,1.182554,0.429185,5.988405,0.383845,0.373515,-0.385428,1.0,,,,,,,,,,,,,,0,gru
102,113072,359.5463,351.5898,1354,0,0,1,0,0.9228,2.046,collision,1546.9,-0.033017,0.442221,-0.877971,0.86418,4.585829,1.148601,0.627685,5.984613,0.382829,0.372687,-0.403592,1.0,,,,,,,,,,,,,,0,gru
103,114453,358.789,352.5592,1381,0,0,1,0,0.9416,2.017,collision,1565.4,-0.01031,0.450113,-0.883061,0.863731,4.482733,1.229309,0.261793,5.966208,0.385157,0.374477,-0.526415,1.0,,,,,,,,,,,,,,0,gru
104,114522,-33.4205,313.9348,69,0,0,1,0,3.8967,2.038,collision,1567.8,-0.074084,0.419079,-0.800938,0.733469,4.192166,1.309659,0.412593,5.884531,0.230342,0.316713,-0.471906,1.00369,0.071584,0.005026,1.779451,0.004694,0.024403,0.237973,0.008097,0.126821,0.0001,,,,,0,gru
105,115867,351.4737,314.5848,1345,0,0,1,0,0.932,2.046,collision,1585.6,-0.058131,0.4321,-0.881607,0.858873,4.547232,1.177643,0.136171,5.982647,0.386554,0.375225,-0.449867,1.0,,,,,,,,,,,,,,0,gru
106,117223,355.5367,315.4188,1356,0,0,1,0,0.9258,2.056,collision,1604.0,-0.048084,0.437021,-0.874988,0.854928,4.533469,1.141286,0.704549,5.988955,0.388436,0.375216,-0.483023,1.0,,,,,,,,,,,,,,0,gru
107,117300,-39.2189,276.6912,77,0,0,1,0,3.8802,2.029,collision,1605.1,0.20767,0.410406,-0.795875,0.782428,4.333785,1.224603,1.252883,5.908434,0.267561,0.379975,-0.756121,1.0,,,,,,,,,,,,,,0,gru
108,118658,357.0727,276.3945,1358,0,0,1,0,0.9138,2.037,collision,1625.2,-0.046139,0.44902,-0.869403,0.88551,4.627469,1.140951,0.540915,5.988857,0.382004,0.373304,-0.509808,1.0,-0.03127,0.005174,1.778539,0.004682,0.042812,0.240561,0.035222,0.16412,0.0001,,,,,0,gru
109,119991,349.0551,275.3235,1333,0,0,1,0,0.935,2.05,collision,1642.7,-0.018286,0.439739,-0.884251,0.873751,4.531002,1.184988,0.138245,5.989046,0.387463,0.37489,-0.485104,1.0,,,,,,,,,,,,,,0,gru
110,121355,359.4451,276.8751,1364,0,0,1,0,0.9222,2.051,collision,1661.1,-0.039098,0.436923,-0.86158,0.857709,4.570206,1.146317,0.422591,5.97589,0.384794,0.374381,-0.463153,1.004547,,,,,,,,,,,,,,0,gru
111,121438,-39.2688,237.9011,83,0,0,1,0,3.8696,2.101,collision,1662.2,0.141715,0.359506,-0.791854,0.825107,4.221435,1.321653,0.852004,5.875842,0.272922,0.3808,-0.742553,1.0,,,,,,,,,,,,,,0,gru
112,122793,354.3423,237.3807,1355,0,0,1,0,0.9391,2.044,collision,1681.8,-0.018747,0.441995,-0.873314,0.870736,4.597123,1.133656,0.123788,5.980857,0.38668,0.375781,-0.488265,1.0,0.029078,0.011475,1.7784,0.00467,0.032298,0.314324,0.02515,0.204287,0.0001,,,,,0,gru
113,124145,349.3862,236.4404,1352,0,0,1,0,0.9352,2.042,collision,1699.9,-0.003358,0.442428,-0.876558,0.878294,4.544214,1.178374,0.391036,5.98542,0.385479,0.375435,-0.577973,1.0,,,,,,,,,,,,,,0,gru
114,125469,343.2367,274.1061,1324,0,0,1,0,0.9232,2.053,collision,1717.5,-0.061252,0.437147,-0.883392,0.865494,4.611384,1.164907,0.223347,5.952567,0.38072,0.373033,-0.598965,1.0,,,,,,,,,,,,,,0,gru
115,126776,342.3657,273.1953,1307,0,0,1,0,0.9393,2.074,collision,1735.0,-0.03624,0.424657,-0.84638,0.86354,4.579033,1.173077,0.304583,5.984938,0.38676,0.373908,-0.433916,1.0,,,,,,,,,,,,,,0,gru
116,128079,344.4702,272.0886,1303,0,0,1,0,0.9564,2.052,collision,1753.5,-0.022906,0.437933,-0.880451,0.867581,4.599384,1.142395,0.402422,5.984548,0.38579,0.372674,-0.434256,1.0,-0.000953,0.005144,1.779273,0.004658,0.024054,0.10416,0.014579,0.071244,0.0001,,,,,0,gru
117,129395,347.5327,310.7638,1316,0,0,1,0,0.9428,2.05,collision,1770.3,-0.047826,0.444122,-0.882894,0.842752,4.629471,1.113767,0.744599,5.967601,0.382006,0.373707,-0.469935,1.0,,,,,,,,,,,,,,0,gru
118,130721,348.3819,309.8947,1326,0,0,1,0,0.9396,2.051,collision,1788.4,-0.027723,0.442862,-0.883953,0.87868,4.592416,1.143128,0.319426,5.967755,0.38642,0.373733,-0.428584,1.0,,,,,,,,,,,,,,0,gru
119,132067,347.1691,309.7061,1346,0,0,1,0,0.9581,2.042,collision,1806.7,-0.012553,0.446346,-0.877304,0.884801,4.542721,1.15748,0.47355,5.983753,0.384024,0.375377,-0.628158,1.0,,,,,,,,,,,,,,0,gru
120,133421,358.3798,309.5996,1354,0,0,1,0,0.9408,2.042,collision,1827.3,-0.009675,0.44308,-0.867352,0.866652,4.54308,1.183979,0.230558,5.984554,0.386909,0.374572,-0.488375,1.00118,-0.009654,0.005104,1.779521,0.004646,0.022319,0.148729,0.013408,0.097386,0.0001,,,,,0,gru
121,134728,342.1613,347.7426,1307,0,0,1,0,0.9541,2.072,collision,1844.6,-0.032676,0.426414,-0.870045,0.882905,4.574792,1.162975,0.463567,5.981554,0.38033,0.373708,-0.470525,1.0,,,,,,,,,,,,,,0,gru
122,136006,336.0023,345.9086,1278,0,0,1,0,0.9478,2.071,collision,1862.0,-0.030876,0.430123,-0.842799,0.843083,4.56507,1.148654,0.42663,5.991438,0.382762,0.372431,-0.432182,1.0,,,,,,,,,,,,,,0,gru
123,136122,-34.903,307.4797,116,0,0,1,0,3.8931,2.0,collision,1863.6,0.038392,0.434047,-0.800658,0.836492,4.098149,1.373867,0.362379,5.94267,0.283985,0.380105,-0.716501,1.008901,,,,,,,,,,,,,,0,gru
124,136242,-35.3281,269.6232,120,0,0,1,0,3.8806,2.025,collision,1866.3,0.087693,0.399598,-0.791994,0.823454,4.053322,1.388496,0.526844,5.894918,0.282408,0.381203,-0.756655,1.005635,0.014114,0.007831,1.779859,0.004634,0.022035,0.211159,0.011914,0.140119,0.0001,,,,,0,gru
125,137592,353.4027,270.7269,1350,0,0,1,0,0.9221,2.059,collision,1884.6,-0.036513,0.437006,-0.873622,0.851834,4.573235,1.130875,0.806633,5.988684,0.384975,0.375947,-0.461047,1.0,,,,,,,,,,,,,,0,gru
126,138906,349.6985,271.2497,1314,0,0,1,0,0.9252,2.057,collision,1902.2,-0.037881,0.430239,-0.871524,0.857608,4.592997,1.170875,0.286305,5.982418,0.382618,0.372776,-0.397247,1.0,,,,,,,,,,,,,,0,gru
127,140227,343.5839,270.8548,1321,0,0,1,0,0.9416,2.067,collision,1919.4,-0.046083,0.429448,-0.877575,0.858765,4.602569,1.153332,0.352774,5.987791,0.384506,0.375437,-0.4565,1.0,,,,,,,,,,,,,,0,gru
128,141584,360.3446,272.0511,1357,0,0,1,0,0.9248,2.051,collision,1939.4,-0.025992,0.44007,-0.881294,0.877802,4.555993,1.148721,0.534739,5.987898,0.389356,0.376266,-0.414102,1.001742,-0.004281,0.005079,1.780543,0.004622,0.018452,0.116519,0.006232,0.077012,0.0001,,,,,0,gru
129,142909,352.051,272.5393,1325,0,0,1,0,0.9427,2.056,collision,1957.5,-0.046779,0.434359,-0.884633,0.867487,4.655416,1.120182,0.290195,5.989854,0.38576,0.374626,-0.432128,1.0,,,,,,,,,,,,,,0,gru
130,144252,353.662,272.0675,1343,0,0,1,0,0.9296,2.071,collision,1975.1,-0.027022,0.432968,-0.872741,0.880143,4.603511,1.11785,0.526087,5.975556,0.384769,0.374011,-0.425231,1.001113,,,,,,,,,,,,,,0,gru
131,145619,359.7644,273.8278,1367,0,0,1,0,0.9365,2.051,collision,1993.0,-0.028545,0.439271,-0.863687,0.873477,4.559371,1.152537,0.393457,5.965048,0.38728,0.375322,-0.465839,1.009314,,,,,,,,,,,,,,0,gru
132,146963,354.8009,275.7077,1344,0,0,1,0,0.9159,2.056,collision,2012.7,-0.037978,0.43712,-0.870365,0.880448,4.589721,1.127337,0.484758,5.974529,0.38309,0.373008,-0.456554,1.0,-0.008757,0.003834,1.781005,0.00461,0.018444,0.16381,0.00308,0.104506,0.0001,,,,,0,gru
133,148305,349.5644,314.1544,1342,0,0,1,0,0.9255,2.053,collision,2030.8,-0.021683,0.436318,-0.875829,0.870013,4.583878,1.150462,0.342033,5.974236,0.386044,0.375146,-0.513542,1.0,,,,,,,,,,,,,,0,gru
134,149656,357.5603,353.4433,1351,0,0,1,0,0.9439,2.064,collision,2049.0,-0.035254,0.434404,-0.887825,0.85424,4.588578,1.148,0.149338,5.9756,0.385589,0.374205,-0.442104,1.007833,,,,,,,,,,,,,,0,gru
135,149687,-41.7201,313.931,31,0,0,1,0,3.8644,1.848,collision,2049.5,-0.408329,0.387969,-0.832458,0.673382,5.182993,0.634108,3.501077,5.951938,0.269747,0.35078,-0.364385,1.0,,,,,,,,,,,,,,0,gru
136,149799,-32.2478,275.7364,112,0,0,1,0,3.887,2.033,collision,2052.2,0.170412,0.392208,-0.838763,0.791236,3.974584,1.34842,0.822778,5.941668,0.281879,0.377863,-0.731641,1.008657,0.026518,0.007626,1.781222,0.004598,0.023117,0.140191,0.005031,0.087452,0.0001,,,,,0,gru
137,151128,347.5382,276.1318,1329,0,0,1,0,0.933,2.054,collision,2069.8,-0.029935,0.433157,-0.869706,0.847288,4.557899,1.178306,0.133463,5.980496,0.387774,0.37456,-0.477388,1.0,,,,,,,,,,,,,,0,gru
138,152457,348.5714,274.9545,1329,0,0,1,0,0.9331,2.039,collision,2087.4,-0.021132,0.445785,-0.866926,0.866045,4.535616,1.183202,0.205232,5.981661,0.388143,0.374971,-0.413325,1.0,,,,,,,,,,,,,,0,gru
139,153800,352.0865,274.958,1343,0,0,1,0,0.9403,2.042,collision,2106.4,-0.035751,0.436773,-0.868859,0.869714,4.491178,1.208016,0.245767,5.98807,0.384518,0.373514,-0.485152,1.0,,,,,,,,,,,,,,0,gru
140,153926,-36.5492,235.9369,126,0,0,1,0,3.9023,1.984,collision,2109.9,0.087969,0.431841,-0.847229,0.822301,4.037389,1.348074,0.476037,5.907664,0.339025,0.423137,-0.765208,1.01023,0.027377,0.004632,1.781282,0.004586,0.017698,0.142611,0.005607,0.073714,0.0001,,,,,0,gru
141,154035,-31.58,196.8025,109,0,0,1,0,3.8904,2.016,collision,2111.4,0.109391,0.406355,-0.789094,0.857748,3.914253,1.257396,0.477052,5.925753,0.286643,0.376869,-0.670189,1.010067,,,,,,,,,,,,,,0,gru
142,155130,275.4334,188.8657,1095,0,0,1,0,1.5154,2.077,collision,2126.4,0.012868,0.417566,-0.858068,0.864239,4.524679,1.174984,0.467193,5.981748,0.403814,0.386233,-0.42423,1.008078,,,,,,,,,,,,,,0,gru
143,156458,351.0571,189.015,1328,0,0,1,0,0.9306,2.035,collision,2144.2,-0.039803,0.438186,-0.876349,0.888849,4.506312,1.214167,0.36852,5.990619,0.381888,0.372382,-0.392503,1.0,,,,,,,,,,,,,,0,gru
144,157781,349.4924,188.2082,1323,0,0,1,0,0.9403,2.064,collision,2163.5,-0.013432,0.431371,-0.861848,0.854463,4.530908,1.147572,0.342904,5.984865,0.383662,0.373553,-0.431465,1.0,0.031443,0.006478,1.780899,0.004574,0.024948,0.066347,0.006712,0.042928,0.0001,,,,,0,gru
145,157873,-37.1708,188.6631,92,0,0,1,0,3.8695,2.072,collision,2164.8,0.09803,0.396054,-0.773273,0.737943,3.897122,1.223607,0.677465,5.830763,0.278227,0.379887,-0.734843,1.0,,,,,,,,,,,,,,0,gru
146,159192,350.1263,226.9005,1319,0,0,1,0,0.9249,2.048,collision,2183.0,-0.030787,0.436994,-0.872967,0.84673,4.517339,1.200208,0.231444,5.975739,0.382039,0.371858,-0.377135,1.0,,,,,,,,,,,,,,0,gru
147,159325,-35.0964,188.6371,133,0,0,1,0,3.8918,2.107,collision,2184.9,0.060259,0.345862,-0.826836,0.841396,4.132631,1.292477,0.463118,5.949464,0.299428,0.391242,-0.782128,1.013148,,,,,,,,,,,,,,0,gru
148,160665,345.2634,188.3063,1340,0,0,1,0,0.927,2.026,collision,2204.9,-0.020457,0.450303,-0.873608,0.863866,4.489991,1.21439,0.26634,5.976428,0.387373,0.374939,-0.480744,1.0,-0.013453,0.009641,1.780751,0.004562,0.024284,0.118901,0.004966,0.071667,0.0001,,,,,0,gru
149,160692,-44.3272,148.6649,27,0,0,1,0,3.8871,1.994,collision,2205.3,-0.20469,0.406612,-0.764728,0.482003,4.574533,1.160424,1.119364,5.887587,0.202272,0.316172,-0.520949,1.0,,,,,,,,,,,,,,0,gru
150,162065,359.5538,188.2752,1373,0,0,1,0,0.9362,2.031,collision,2223.9,0.003852,0.446666,-0.848267,0.888808,4.423872,1.230163,0.296068,5.973322,0.386935,0.374943,-0.537781,1.002556,,,,,,,,,,,,,,0,gru
151,163369,339.8075,225.4139,1304,0,0,1,0,0.9426,2.042,collision,2241.9,-0.029437,0.434002,-0.847924,0.873596,4.391845,1.239238,0.198155,5.959918,0.383625,0.373464,-0.455804,1.0,,,,,,,,,,,,,,0,gru
152,164690,348.0348,232.6741,1321,0,0,1,0,0.9342,2.031,collision,2262.7,-0.058112,0.441291,-0.864348,0.868815,4.419732,1.233782,0.456302,5.973044,0.382476,0.373815,-0.412298,1.0,-0.003078,0.005677,1.780519,0.00455,0.021361,0.102983,0.009083,0.061823,0.0001,,,,,0,gru
153,166062,364.084,233.9768,1372,0,0,1,0,0.9429,2.022,collision,2281.6,-0.028951,0.446573,-0.857963,0.852593,4.500908,1.184953,0.365672,5.981506,0.385443,0.374276,-0.412374,1.005712,,,,,,,,,,,,,,0,gru
154,167426,363.5968,235.3872,1364,0,0,1,0,0.9349,2.033,collision,2300.7,-0.01216,0.441181,-0.861488,0.874714,4.46885,1.231908,0.277594,5.980089,0.384407,0.373317,-0.390612,1.006044,,,,,,,,,,,,,,0,gru
155,168792,359.0408,275.0084,1366,0,0,1,0,0.9226,2.036,collision,2319.8,-0.035777,0.441045,-0.873804,0.872275,4.432508,1.209627,0.200125,5.983128,0.378514,0.372126,-0.482215,1.0,,,,,,,,,,,,,,0,gru
156,170135,353.6105,275.3568,1343,0,0,1,0,0.9585,2.023,collision,2340.8,-0.007652,0.447013,-0.87122,0.883595,4.454844,1.227026,0.192488,5.956028,0.386008,0.374224,-0.506619,1.0,0.005261,0.004248,1.780195,0.004538,0.01711,0.110493,0.003593,0.066023,0.0001,,,,,0,gru
157,171466,349.8788,313.8543,1331,0,0,1,0,0.9459,2.064,collision,2358.8,-0.024098,0.430092,-0.866555,0.879217,4.550941,1.168939,0.421352,5.982679,0.3873,0.37429,-0.41805,1.0,,,,,,,,,,,,,,0,gru
158,172784,348.7577,314.2037,1318,0,0,1,0,0.9343,2.033,collision,2376.7,-0.022857,0.444163,-0.872554,0.879264,4.486854,1.20525,0.434012,5.969482,0.389287,0.375285,-0.408719,1.0,,,,,,,,,,,,,,0,gru
159,174086,346.0968,353.2461,1302,0,0,1,0,0.9493,2.038,collision,2394.9,-0.024967,0.442008,-0.858444,0.861627,4.471846,1.212119,0.393769,5.976947,0.384797,0.374051,-0.443575,1.0,,,,,,,,,,,,,,0,gru
160,175432,351.6558,352.4563,1346,0,0,1,0,0.9333,2.058,collision,2415.5,-0.014771,0.429813,-0.855242,0.86985,4.447366,1.212565,0.256838,5.976291,0.38653,0.3744,-0.482814,1.0,-0.003183,0.00623,1.779521,0.004526,0.016377,0.111876,0.003308,0.074592,0.0001,,,,,0,gru
161,176761,350.2728,353.5029,1329,0,0,1,0,0.9397,2.037,collision,2433.7,-0.035522,0.436749,-0.87395,0.874263,4.479165,1.242934,0.391263,5.966979,0.386599,0.374185,-0.411585,1.0,,,,,,,,,,,,,,0,gru
162,177857,274.3935,346.1387,1096,0,0,1,0,1.5049,2.063,collision,2448.5,0.018438,0.422923,-0.865558,0.866924,4.450626,1.213809,0.404894,5.975864,0.40276,0.384911,-0.428659,1.001101,,,,,,,,,,,,,,0,gru
163,179222,358.2904,345.5594,1365,0,0,1,0,0.9277,2.035,collision,2467.5,-0.000437,0.444513,-0.870251,0.88249,4.402834,1.194382,0.418347,5.95674,0.385955,0.374467,-0.52237,1.0,,,,,,,,,,,,,,0,gru
164,180576,360.6181,345.2615,1354,0,0,1,0,0.9244,2.03,collision,2488.0,-0.036812,0.441971,-0.873888,0.859057,4.379924,1.253805,0.216293,5.966897,0.3843,0.37444,-0.411069,1.0,0.026973,0.006344,1.779244,0.004514,0.020657,0.07415,0.004045,0.044512,0.0001,,,,,0,gru
165,181904,342.996,343.657,1328,0,0,1,0,0.9268,2.042,collision,2506.7,-0.003288,0.44402,-0.857557,0.853097,4.457219,1.187298,0.261684,5.990219,0.385227,0.374847,-0.495036,1.0,,,,,,,,,,,,,,0,gru
166,181934,-44.5332,303.8427,30,0,0,1,0,3.882,2.077,collision,2507.2,-0.147898,0.390222,-0.777984,0.588212,4.113082,1.117736,1.693685,5.648906,0.20665,0.319186,-0.613419,1.0,,,,,,,,,,,,,,0,gru
167,182144,15.7261,270.4274,210,0,0,1,0,3.5428,1.975,collision,2510.2,-0.05775,0.484805,-0.849932,0.866676,4.701764,1.115353,0.637313,5.974963,0.354781,0.373763,-0.48383,1.003285,,,,,,,,,,,,,,0,gru
168,183491,353.3921,270.8908,1347,0,0,1,0,0.9257,2.031,collision,2531.2,-0.009171,0.443382,-0.882108,0.872992,4.418174,1.222864,0.479773,5.968083,0.387236,0.37377,-0.450054,1.0,0.005419,0.01027,1.779391,0.004502,0.035933,0.13884,0.015239,0.09518,0.0001,,,,,0,gru
169,184870,363.6397,272.6451,1379,0,0,1,0,0.9309,2.02,collision,2550.5,-0.048249,0.44753,-0.875599,0.872088,4.419521,1.227144,0.324951,5.970307,0.382566,0.37319,-0.416475,1.003033,,,,,,,,,,,,,,0,gru
170,184940,-39.728,233.5067,70,0,0,1,0,3.8821,2.072,collision,2551.5,0.123525,0.409863,-0.712425,0.845682,3.973192,1.223797,1.206841,5.837662,0.272137,0.379185,-0.685913,1.0,,,,,,,,,,,,,,0,gru
171,186296,358.7962,234.3591,1356,0,0,1,0,0.9467,2.028,collision,2570.4,-0.035417,0.44236,-0.881508,0.871083,4.365137,1.252509,0.311565,5.96801,0.38147,0.372848,-0.430126,1.000114,,,,,,,,,,,,,,0,gru
172,187620,351.3407,242.0538,1324,0,0,1,0,0.9469,2.046,collision,2590.2,-0.031193,0.432885,-0.869064,0.856438,4.403847,1.213416,0.408516,5.980531,0.38327,0.372381,-0.386236,1.0,-0.010792,0.012962,1.779581,0.00449,0.02383,0.215637,0.012198,0.143048,0.0001,,,,,0,gru
173,188937,340.8759,240.3124,1317,0,0,1,0,0.9386,2.031,collision,2608.2,-0.02028,0.434926,-0.874019,0.883172,4.259696,1.276476,0.24448,5.967563,0.385095,0.37352,-0.441182,1.0,,,,,,,,,,,,,,0,gru
174,190245,338.7718,238.1277,1308,0,0,1,0,0.9442,2.043,collision,2626.2,-0.033403,0.430537,-0.872761,0.847099,4.346151,1.246697,0.353959,5.957058,0.387403,0.37475,-0.458093,1.0,,,,,,,,,,,,,,0,gru
175,190368,-32.8791,200.5402,123,0,0,1,0,3.902,1.997,collision,2628.1,0.092023,0.409717,-0.783841,0.830545,3.982662,1.346701,0.540097,5.885318,0.300535,0.389032,-0.728843,1.013938,,,,,,,,,,,,,,0,gru
176,191726,356.6318,240.6567,1358,0,0,1,0,0.949,2.02,collision,2648.2,0.002635,0.445164,-0.854709,0.869867,4.349912,1.259892,0.365586,5.975968,0.385738,0.375357,-0.586908,1.0,-0.008969,0.004151,1.780419,0.004478,0.025346,0.25651,0.015358,0.161608,0.0001,,,,,0,gru
177,193060,344.9386,273.578,1334,0,0,1,0,1.0349,2.029,collision,2666.3,-0.022239,0.43729,-0.88682,0.86276,4.323255,1.273392,0.18887,5.981569,0.381506,0.375909,-0.449967,1.001715,,,,,,,,,,,,,,0,gru
178,194365,341.6994,272.4087,1305,0,0,1,0,0.9461,2.055,collision,2683.9,-0.015657,0.423719,-0.873319,0.848776,4.350091,1.236015,0.39424,5.953347,0.385904,0.373914,-0.440857,1.0,,,,,,,,,,,,,,0,gru
179,195710,358.6564,271.9104,1345,0,0,1,0,0.9215,2.038,collision,2701.8,-0.04071,0.433709,-0.87071,0.840571,4.437462,1.218333,0.461635,5.984983,0.37963,0.372333,-0.424358,1.0,,,,,,,,,,,,,,0,gru
180,197054,353.7929,311.2625,1344,0,0,1,0,0.9474,2.024,collision,2721.6,-0.036006,0.439965,-0.865177,0.881949,4.33859,1.265954,0.28158,5.971309,0.384119,0.374031,-0.450124,1.0,-0.033645,0.005178,1.780757,0.004466,0.021685,0.117284,0.008403,0.074701,0.0001,,,,,0,gru
181,197149,-39.4872,271.4341,95,0,0,1,0,3.8925,1.93,collision,2722.9,0.003357,0.453066,-0.844905,0.78345,3.674904,1.441296,0.677602,5.966951,0.27495,0.381586,-0.732528,1.0,,,,,,,,,,,,,,0,gru
182,198482,347.7092,271.071,1333,0,0,1,0,0.9472,2.027,collision,2740.8,-0.004707,0.445121,-0.870663,0.885165,4.372119,1.226745,0.482537,5.983349,0.382063,0.372344,-0.591181,1.0,,,,,,,,,,,,,,0,gru
183,199824,353.3095,272.3143,1342,0,0,1,0,0.9522,2.052,collision,2758.7,-0.017631,0.427284,-0.85715,0.866121,4.372479,1.256486,0.487329,5.984041,0.385407,0.373267,-0.393647,1.002115,,,,,,,,,,,,,,0,gru
184,199872,-38.8056,234.5566,48,0,0,1,0,3.8626,1.845,collision,2761.3,-0.429923,0.329727,-0.878126,0.518735,4.444269,1.103292,1.316116,5.926591,0.255452,0.339739,-0.565182,1.0,0.05918,0.008416,1.780588,0.004454,0.025232,0.181253,0.009619,0.120947,0.0001,,,,,0,gru
185,201217,355.4964,273.3941,1345,0,0,1,0,0.9331,2.049,collision,2779.2,-0.02033,0.433086,-0.862297,0.867933,4.420528,1.22422,0.260905,5.977238,0.386718,0.373673,-0.462668,1.0,,,,,,,,,,,,,,0,gru
186,201276,-42.7139,233.4596,59,0,0,1,0,3.8829,2.041,collision,2780.1,0.138804,0.35944,-0.722483,0.767496,3.95598,1.574707,0.428326,5.84282,0.265512,0.381363,-0.714965,1.0,,,,,,,,,,,,,,0,gru
187,201381,-39.8093,194.9848,105,0,0,1,0,3.868,1.951,collision,2781.6,0.122635,0.413093,-0.654195,0.785522,3.579952,1.439163,0.34622,5.79908,0.27209,0.383521,-0.810214,1.0,,,,,,,,,,,,,,0,gru
188,202714,348.3538,195.6502,1333,0,0,1,0,0.9495,2.026,collision,2800.4,-0.034475,0.443556,-0.868912,0.873698,4.415756,1.252063,0.469879,5.993712,0.387174,0.373659,-0.428396,1.0,0.029319,0.009273,1.780357,0.004442,0.018728,0.140649,0.005078,0.083976,0.0001,,,,,0,gru
189,202776,-43.6969,155.4149,62,0,0,1,0,3.8612,1.932,collision,2801.3,0.194923,0.377237,-0.649339,0.804612,3.443911,1.373403,0.49733,5.66519,0.259101,0.383765,-0.788738,1.0,,,,,,,,,,,,,,0,gru
190,204141,353.6186,155.3975,1365,0,0,1,0,0.9328,2.026,collision,2819.6,-0.005068,0.440506,-0.875073,0.886762,4.361087,1.245821,0.329954,5.967016,0.388515,0.374288,-0.432187,1.0,,,,,,,,,,,,,,0,gru
191,205479,348.0095,194.1471,1338,0,0,1,0,0.9289,2.042,collision,2837.7,-0.03104,0.42934,-0.86089,0.876801,4.393405,1.266586,0.332871,5.958767,0.386888,0.374799,-0.433602,1.0,,,,,,,,,,,,,,0,gru
192,206838,358.8128,195.2575,1359,0,0,1,0,0.9348,2.041,collision,2857.6,-0.017668,0.437825,-0.85315,0.872442,4.387824,1.186035,0.407215,5.968969,0.386931,0.373584,-0.487695,1.0,0.066795,0.004094,1.779896,0.00443,0.02617,0.360995,0.017986,0.24711,0.0001,,,,,0,gru
193,208187,354.2663,195.3532,1349,0,0,1,0,0.9314,2.045,collision,2875.9,-0.042649,0.428765,-0.873333,0.868717,4.327047,1.245257,0.107709,5.975242,0.384511,0.373204,-0.469153,1.0,,,,,,,,,,,,,,0,gru
194,209513,348.0544,234.0392,1326,0,0,1,0,0.9334,2.044,collision,2893.9,-0.017082,0.431924,-0.880828,0.851431,4.366942,1.271591,0.382508,5.97445,0.388611,0.374132,-0.424476,1.0,,,,,,,,,,,,,,0,gru
195,210848,350.6783,233.5574,1335,0,0,1,0,0.9381,2.055,collision,2911.8,-0.036631,0.424229,-0.881293,0.878218,4.393854,1.250384,0.32045,5.978911,0.3881,0.37526,-0.435575,1.0,,,,,,,,,,,,,,0,gru
196,212218,359.9892,273.8277,1370,0,0,1,0,0.943,2.021,collision,2932.1,-0.045141,0.435912,-0.878837,0.860875,4.338916,1.30616,0.238517,5.981061,0.383613,0.372828,-0.413145,1.001116,-0.009787,0.004946,1.779409,0.004418,0.021719,0.178274,0.01239,0.127022,0.0001,,,,,0,gru
197,213558,349.1104,312.7196,1340,0,0,1,0,0.9409,2.024,collision,2950.2,-0.033509,0.435231,-0.873817,0.851468,4.324968,1.292962,0.407891,5.975754,0.386406,0.374469,-0.48311,1.0,,,,,,,,,,,,,,0,gru
198,213657,-32.8905,274.5952,99,0,0,1,0,3.8924,1.976,collision,2951.6,0.182699,0.394348,-0.662644,0.855066,3.685935,1.350069,0.192482,5.789016,0.281693,0.376,-0.670267,1.005371,,,,,,,,,,,,,,0,gru
199,213744,-35.9555,275.3694,87,0,0,1,0,3.894,1.994,collision,2952.9,0.211575,0.368733,-0.608859,0.789869,3.471148,1.31687,0.594949,5.905668,0.276059,0.378239,-0.698567,1.0,,,,,,,,,,,,,,0,gru
200,215082,348.3192,274.8394,1338,0,0,1,0,0.9422,2.033,collision,2971.8,-0.054781,0.436689,-0.879294,0.865788,4.353025,1.238629,0.380857,5.966589,0.382847,0.373188,-0.619173,1.0,-0.006181,0.009108,1.779267,0.004406,0.022501,0.119839,0.007783,0.060829,0.0001,,,,,0,gru
201,216471,367.6572,276.8042,1389,0,0,1,0,0.9209,2.014,collision,2990.4,-0.003678,0.443759,-0.869899,0.881938,4.350137,1.265791,0.292348,5.970888,0.387472,0.375391,-0.513527,1.003666,,,,,,,,,,,,,,0,gru
202,217800,348.3705,275.76,1329,0,0,1,0,0.9346,2.037,collision,3008.1,-0.042317,0.43129,-0.850803,0.876723,4.352434,1.258097,0.110162,5.969111,0.386547,0.374799,-0.391306,1.0,,,,,,,,,,,,,,0,gru
203,219140,349.6405,275.2974,1340,0,0,1,0,0.9204,2.029,collision,3025.7,-0.010106,0.438789,-0.85904,0.881177,4.327978,1.269619,0.203528,5.967932,0.384316,0.372409,-0.527024,1.0,,,,,,,,,,,,,,0,gru
204,219195,-37.8285,236.7091,55,0,0,1,0,3.8679,1.754,collision,3028.4,-0.508726,0.335996,-0.864031,0.339767,4.680352,1.179017,0.475926,5.984206,0.244513,0.331852,-0.563344,1.0,0.074112,0.004517,1.778828,0.004394,0.022403,0.22892,0.009934,0.15295,0.0001,,,,,0,gru
205,219219,-44.5005,197.1912,24,0,0,1,0,3.884,1.731,collision,3028.8,-0.572994,0.262891,-0.87857,0.169385,4.926781,1.152797,2.088057,5.92662,0.248907,0.343372,-0.458483,1.0,,,,,,,,,,,,,,0,gru
206,219276,-37.2042,157.4719,57,0,0,1,0,3.8886,2.049,collision,3029.6,-0.265103,0.374281,-0.823439,0.513585,4.250669,1.109014,1.576919,5.824988,0.235054,0.320763,-0.538721,1.0,,,,,,,,,,,,,,0,gru
207,220594,349.836,157.5444,1318,0,0,1,0,0.9223,2.054,collision,3047.4,-0.021599,0.432806,-0.859978,0.887944,4.423649,1.1927,0.065715,5.96965,0.382576,0.372023,-0.380703,1.0,,,,,,,,,,,,,,0,gru
208,221909,346.9139,195.5249,1315,0,0,1,0,0.9177,2.062,collision,3066.3,-0.027547,0.425276,-0.857644,0.870028,4.370147,1.225845,0.121972,5.978339,0.384278,0.372108,-0.375755,1.0,0.056627,0.009878,1.778474,0.004382,0.021489,0.07033,0.00733,0.042716,0.0001,,,,,0,gru
209,223220,344.9755,233.618,1311,0,0,1,0,0.9283,2.061,collision,3083.8,-0.029697,0.423246,-0.879442,0.867667,4.355296,1.228846,0.218828,5.955594,0.384684,0.372553,-0.425449,1.0,,,,,,,,,,,,,,0,gru
210,224596,359.6766,234.7537,1376,0,0,1,0,0.9308,2.027,collision,3101.9,0.006653,0.450783,-0.88636,0.873514,4.28842,1.240837,0.264601,5.959589,0.384316,0.374034,-0.568519,1.0,,,,,,,,,,,,,,0,gru
211,224697,-37.7127,194.2167,101,0,0,1,0,3.871,2.013,collision,3103.3,0.207402,0.355445,-0.577116,0.804919,3.705962,1.389542,0.435856,5.741855,0.27436,0.381073,-0.777522,1.0,,,,,,,,,,,,,,0,gru
212,226036,353.747,194.7544,1339,0,0,1,0,0.9237,2.011,collision,3123.6,-0.018127,0.446894,-0.87269,0.850946,4.275861,1.307585,0.135892,5.972828,0.385709,0.374364,-0.388095,1.0,-0.066291,0.009725,1.777988,0.00437,0.020744,0.291482,0.005476,0.183498,0.0001,,,,,0,gru
213,227403,360.3668,195.827,1367,0,0,1,0,0.9417,2.022,collision,3141.4,-0.007451,0.444778,-0.863733,0.887214,4.356793,1.247171,0.356572,5.986225,0.389279,0.376017,-0.490906,1.001544,,,,,,,,,,,,,,0,gru
214,228751,356.7373,235.2836,1348,0,0,1,0,0.9155,2.045,collision,3159.3,-0.020214,0.428345,-0.850053,0.865248,4.377919,1.236955,0.399,5.963971,0.381654,0.371364,-0.377284,1.0,,,,,,,,,,,,,,0,gru
215,228887,-34.1034,236.3233,136,0,0,1,0,3.8909,1.967,collision,3161.1,0.170993,0.406378,-0.745336,0.850971,3.742914,1.398231,0.349081,5.859583,0.301345,0.397569,-0.829621,1.009262,,,,,,,,,,,,,,0,gru
216,230224,353.4351,275.3872,1337,0,0,1,0,0.9365,2.035,collision,3180.3,-0.037745,0.440278,-0.872837,0.855718,4.366087,1.241028,0.315324,5.978112,0.383886,0.37387,-0.387858,1.0,0.019362,0.005111,1.777963,0.004358,0.02871,0.142238,0.018193,0.10588,0.0001,,,,,0,gru
217,230332,-31.5315,237.2505,108,0,0,1,0,3.878,1.997,collision,3181.8,0.116682,0.435696,-0.852587,0.804229,3.707788,1.251165,0.550541,5.864193,0.278073,0.370127,-0.671774,1.006903,,,,,,,,,,,,,,0,gru
218,231653,348.6785,237.4269,1321,0,0,1,0,0.9268,2.024,collision,3199.5,-0.013128,0.442868,-0.882439,0.878337,4.308563,1.246803,0.293886,5.978854,0.382794,0.372624,-0.456752,1.0,,,,,,,,,,,,,,0,gru
219,233014,359.4789,238.8773,1361,0,0,1,0,0.9545,2.036,collision,3217.6,-0.038396,0.434739,-0.872784,0.880301,4.384479,1.25178,0.115354,5.98073,0.384297,0.375109,-0.476785,1.008591,,,,,,,,,,,,,,0,gru
220,234366,353.9856,238.3082,1352,0,0,1,0,0.9354,2.03,collision,3237.1,-0.050974,0.439053,-0.87679,0.86642,4.340878,1.252368,0.496498,5.986434,0.384816,0.373946,-0.531457,1.0,-0.04836,0.009442,1.778228,0.004346,0.032606,0.214015,0.024137,0.125342,0.0001,,,,,0,gru
221,235725,358.1128,277.8907,1359,0,0,1,0,0.9252,2.019,collision,3255.4,-0.005432,0.450427,-0.875952,0.86942,4.369309,1.244371,0.242863,5.952855,0.386853,0.373332,-0.41612,1.0,,,,,,,,,,,,,,0,gru
222,237068,353.7949,277.8955,1343,0,0,1,0,0.9339,2.023,collision,3273.5,-0.013893,0.445194,-0.870936,0.887327,4.36416,1.232883,0.373951,5.976277,0.387557,0.374482,-0.431035,1.0,,,,,,,,,,,,,,0,gru
223,238449,362.8145,278.1403,1381,0,0,1,0,0.9254,2.04,collision,3292.1,-0.020439,0.433206,-0.873364,0.859059,4.339583,1.252686,0.320863,5.982595,0.38645,0.374067,-0.449124,1.007528,,,,,,,,,,,,,,0,gru
224,239811,357.4652,278.2131,1362,0,0,1,0,0.9225,2.035,collision,3313.1,-0.023333,0.433411,-0.873498,0.859287,4.27672,1.276241,0.236628,5.973022,0.385328,0.37354,-0.480466,1.0,-0.010156,0.004387,1.778502,0.004334,0.016756,0.096544,0.006338,0.065982,0.0001,,,,,0,gru
225,239879,-45.4014,277.0833,68,0,0,1,0,3.8669,1.908,collision,3314.0,0.222947,0.362319,-0.619473,0.867104,3.372346,1.488835,0.442541,5.790211,0.256996,0.385918,-0.831375,1.0,,,,,,,,,,,,,,0,gru
226,241195,342.3452,275.9743,1316,0,0,1,0,0.9511,2.032,collision,3332.5,-0.021914,0.44245,-0.858822,0.871303,4.351304,1.246172,0.131608,5.957304,0.385263,0.374313,-0.468028,1.0,,,,,,,,,,,,,,0,gru
227,242576,363.4612,315.4735,1381,0,0,1,0,0.8898,2.02,collision,3351.4,-0.034956,0.446956,-0.887621,0.866285,4.392855,1.23123,0.260625,5.973787,0.381937,0.37237,-0.461488,1.0,,,,,,,,,,,,,,0,gru
228,243936,357.0322,316.3089,1360,0,0,1,0,0.9227,2.041,collision,3371.0,-0.020561,0.437799,-0.866266,0.859377,4.28666,1.250814,0.415575,5.969325,0.384106,0.373078,-0.436719,1.0,0.012559,0.004744,1.778424,0.004322,0.020796,0.189072,0.010149,0.136655,0.0001,,,,,0,gru
229,245268,350.7771,315.4387,1332,0,0,1,0,0.9131,2.061,collision,3389.0,-0.016359,0.427347,-0.879426,0.864136,4.38892,1.193779,0.486539,5.972782,0.384529,0.372476,-0.437913,1.0,,,,,,,,,,,,,,0,gru
230,246657,363.4553,316.3857,1389,0,0,1,0,0.9274,2.038,collision,3407.6,0.001773,0.437852,-0.865832,0.873541,4.339019,1.263563,0.247861,5.981028,0.386469,0.374342,-0.504159,1.009861,,,,,,,,,,,,,,0,gru
231,248027,362.9588,316.8703,1370,0,0,1,0,0.9142,2.037,collision,3425.9,-0.050568,0.436718,-0.882952,0.87592,4.376067,1.267205,0.324953,5.981987,0.378164,0.371969,-0.477878,1.004091,,,,,,,,,,,,,,0,gru
232,249372,353.204,316.8112,1345,0,0,1,0,0.9371,2.047,collision,3446.6,-0.028728,0.426381,-0.878243,0.849477,4.374043,1.271168,0.23719,5.969136,0.384846,0.373804,-0.445754,1.0,-0.029849,0.004612,1.778038,0.00431,0.019504,0.172201,0.008887,0.120297,0.0001,,,,,0,gru
233,250745,364.739,317.0037,1373,0,0,1,0,0.9002,2.034,collision,3465.1,-0.047722,0.434241,-0.858227,0.879615,4.369358,1.260063,0.194289,5.978024,0.3774,0.370884,-0.425279,1.00158,,,,,,,,,,,,,,0,gru
234,252067,350.8431,316.3414,1322,0,0,1,0,0.9298,2.047,collision,3482.7,-0.041082,0.42609,-0.886193,0.865972,4.322808,1.26393,0.304919,5.975935,0.382438,0.371711,-0.399268,1.0,,,,,,,,,,,,,,0,gru
235,253438,361.039,356.9855,1371,0,0,1,0,0.902,2.026,collision,3501.1,-0.037517,0.435998,-0.878115,0.856151,4.253003,1.286406,0.393317,5.995992,0.380881,0.371933,-0.42386,1.0,,,,,,,,,,,,,,0,gru
236,254801,360.8723,358.8382,1363,0,0,1,0,0.9184,2.029,collision,3521.2,-0.039681,0.434502,-0.88564,0.840247,4.29685,1.280354,0.167543,5.969374,0.380589,0.371367,-0.431349,1.0,0.022214,0.004148,1.778047,0.004298,0.017444,0.11596,0.004798,0.078036,0.0001,,,,,0,gru
237,256147,357.4404,358.2361,1346,0,0,1,0,0.9316,2.032,collision,3539.8,-0.026471,0.433276,-0.878164,0.855269,4.291935,1.2983,0.411131,5.987027,0.382625,0.371931,-0.421063,1.0,,,,,,,,,,,,,,0,gru
238,257504,356.3739,358.1703,1357,0,0,1,0,0.9144,2.003,collision,3558.8,-0.011595,0.451533,-0.8622,0.887408,4.204426,1.315771,0.302321,5.964828,0.381103,0.37133,-0.423715,1.0,,,,,,,,,,,,,,0,gru
239,258894,365.6053,359.6531,1390,0,0,1,0,0.898,2.001,collision,3577.9,-0.051432,0.444449,-0.876215,0.865123,4.274552,1.31694,0.282613,5.971824,0.375633,0.370045,-0.555752,1.0,,,,,,,,,,,,,,0,gru
240,260255,356.8992,358.9975,1361,0,0,1,0,0.9038,2.045,collision,3598.4,-0.031089,0.427107,-0.872496,0.844903,4.268042,1.265252,0.41352,5.974466,0.379038,0.3721,-0.455827,1.0,0.008112,0.004239,1.778458,0.004286,0.01711,0.090574,0.003334,0.057084,0.0001,,,,,0,gru
241,261600,356.3179,358.3334,1345,0,0,1,0,0.9181,2.01,collision,3616.8,-0.041961,0.437357,-0.866079,0.857635,4.186171,1.330234,0.379483,5.9868,0.376366,0.370826,-0.393801,1.0,,,,,,,,,,,,,,0,gru
242,261761,3.6407,323.3771,161,0,0,1,0,3.5489,1.986,collision,3619.0,0.117847,0.460513,-0.842937,0.860721,4.496975,1.165975,0.841027,5.967065,0.379848,0.375702,-0.193446,1.0,,,,,,,,,,,,,,0,gru
243,263093,348.8726,321.7904,1332,0,0,1,0,0.9144,2.026,collision,3636.7,-0.067313,0.438505,-0.872434,0.845132,4.266028,1.261514,0.414495,5.977466,0.375998,0.371049,-0.477345,1.0,,,,,,,,,,,,,,0,gru
244,264438,356.5386,322.36,1345,0,0,1,0,0.9223,2.004,collision,3656.0,-0.037435,0.444534,-0.877964,0.847818,4.195803,1.330518,0.519631,5.967781,0.379006,0.370994,-0.404971,1.0,-0.04871,0.010758,1.779099,0.004274,0.035207,0.129267,0.016024,0.081937,0.0001,,,,,0,gru
245,265810,358.3358,322.0897,1372,0,0,1,0,0.9042,2.012,collision,3674.3,-0.017956,0.433608,-0.880851,0.855011,4.165371,1.322309,0.269756,5.99214,0.380087,0.372447,-0.439972,1.0,,,,,,,,,,,,,,0,gru
246,267166,356.9483,321.6973,1356,0,0,1,0,0.9267,2.0,collision,3693.4,-0.006732,0.445709,-0.862136,0.889733,4.135313,1.323207,0.130804,5.967139,0.379346,0.371829,-0.600578,1.0,,,,,,,,,,,,,,0,gru
247,268216,270.3824,312.9915,1050,0,0,1,0,1.6278,2.026,collision,3707.4,0.058655,0.416224,-0.841032,0.874011,4.055871,1.361718,0.398332,5.959918,0.403387,0.386595,-0.557196,1.009393,,,,,,,,,,,,,,0,gru
248,269617,368.4984,314.2039,1401,0,0,1,0,0.916,2.022,collision,3727.3,-0.026603,0.439248,-0.877415,0.880771,4.138149,1.27476,0.144176,5.973775,0.38037,0.373799,-0.467056,1.009159,0.012354,0.004313,1.779419,0.004262,0.028363,0.090804,0.010988,0.057193,0.0001,,,,,0,gru
249,270985,362.5367,313.8971,1368,0,0,1,0,0.9106,2.021,collision,3745.5,-0.030307,0.434145,-0.865364,0.867651,4.17746,1.3435,0.224637,5.963326,0.3837,0.373539,-0.44595,1.0,,,,,,,,,,,,,,0,gru
250,272350,361.4158,314.3487,1365,0,0,1,0,0.9157,2.021,collision,3763.5,-0.013624,0.436235,-0.878329,0.861045,4.183393,1.30576,0.264334,5.978456,0.379313,0.372763,-0.519515,1.0,,,,,,,,,,,,,,0,gru
251,273338,249.8371,303.7006,988,0,0,1,0,1.6275,2.047,collision,3776.1,0.051482,0.417584,-0.884299,0.859089,4.121837,1.299741,0.146535,5.954487,0.405401,0.387237,-0.427858,1.0,,,,,,,,,,,,,,0,gru
252,274699,359.3533,339.2719,1361,0,0,1,0,0.9136,2.022,collision,3795.0,-0.036797,0.428295,-0.848473,0.869659,4.180539,1.3126,0.169889,5.960917,0.378029,0.37219,-0.407327,1.0,0.016021,0.005581,1.779042,0.00425,0.023413,0.09456,0.004951,0.064334,0.0001,,,,,0,gru
253,276097,368.528,341.2374,1398,0,0,1,0,0.8843,2.0,collision,3813.4,-0.017373,0.442881,-0.854804,0.867837,4.129237,1.344162,0.547458,5.969449,0.379659,0.37217,-0.576128,1.0,,,,,,,,,,,,,,0,gru
254,276194,-33.1397,302.2696,97,0,0,1,0,3.8928,1.865,collision,3814.7,0.229023,0.386143,-0.606067,0.839814,3.29392,1.38173,0.356665,5.897155,0.277825,0.376225,-0.679625,1.002747,,,,,,,,,,,,,,0,gru
255,277571,365.4804,302.9841,1377,0,0,1,0,0.9037,2.044,collision,3832.7,-0.041274,0.420113,-0.87853,0.856744,4.185182,1.321791,0.222424,5.971954,0.379051,0.37123,-0.426884,1.008307,,,,,,,,,,,,,,0,gru
256,278915,353.4956,302.6388,1344,0,0,1,0,0.9093,2.024,collision,3852.0,-0.020308,0.437361,-0.867227,0.871863,4.185028,1.278864,0.204449,5.965216,0.38073,0.373404,-0.448949,1.0,0.052423,0.004768,1.778333,0.004238,0.023285,0.158922,0.006247,0.106845,0.0001,,,,,0,gru
257,280266,355.9901,311.1996,1351,0,0,1,0,0.8961,2.031,collision,3869.3,-0.035768,0.42421,-0.879748,0.865517,4.226637,1.3008,0.270794,5.975971,0.378311,0.372657,-0.444626,1.0,,,,,,,,,,,,,,0,gru
258,281617,358.9829,310.248,1351,0,0,1,0,0.9017,2.026,collision,3887.4,-0.064646,0.435687,-0.876705,0.868972,4.219185,1.278969,0.370069,5.953842,0.375959,0.370515,-0.455141,1.0,,,,,,,,,,,,,,0,gru
259,283003,368.7548,310.8698,1386,0,0,1,0,0.896,2.026,collision,3905.2,-0.04079,0.433439,-0.883553,0.871764,4.250277,1.288361,0.214702,5.975139,0.37324,0.36935,-0.436995,1.004976,,,,,,,,,,,,,,0,gru
260,284390,363.2909,311.0573,1387,0,0,1,0,0.8964,2.015,collision,3925.3,-0.049462,0.434717,-0.889282,0.846823,4.146229,1.310312,0.194005,5.966695,0.380781,0.373591,-0.441348,1.0,0.020638,0.004939,1.777475,0.004226,0.025346,0.095708,0.009663,0.067244,0.0001,,,,,0,gru
261,285715,348.0193,320.8755,1325,0,0,1,0,0.9066,2.03,collision,3942.5,-0.054717,0.428018,-0.879941,0.84828,4.233855,1.312853,0.303526,5.983891,0.376858,0.371029,-0.447901,1.0,,,,,,,,,,,,,,0,gru
262,287083,360.8859,321.0288,1368,0,0,1,0,0.9023,1.99,collision,3960.4,-0.052973,0.449165,-0.865956,0.874765,4.252878,1.341393,0.314924,5.968218,0.375359,0.369992,-0.43844,1.0,,,,,,,,,,,,,,0,gru
263,288429,356.5359,319.8296,1346,0,0,1,0,0.8946,2.023,collision,3978.0,-0.045298,0.431075,-0.887391,0.87293,4.21103,1.30328,0.226714,5.978106,0.375606,0.370443,-0.483913,1.0,,,,,,,,,,,,,,0,gru
264,289806,363.7471,359.5183,1377,0,0,1,0,0.9119,2.02,collision,3997.2,-0.038755,0.435875,-0.88629,0.884615,4.258636,1.301451,0.270533,5.957436,0.377752,0.371483,-0.413398,1.0,-0.001489,0.004876,1.777238,0.004214,0.023075,0.078217,0.011567,0.054468,0.0001,,,,,0,gru
265,291152,356.5612,358.6264,1346,0,0,1,0,0.893,2.029,collision,4014.9,-0.033442,0.438962,-0.874065,0.873572,4.240558,1.268982,0.366444,5.957606,0.379426,0.371299,-0.461602,1.0,,,,,,,,,,,,,,0,gru
266,291528,60.62,329.3388,376,0,0,1,0,3.1333,2.019,collision,4019.9,0.151378,0.425369,-0.848656,0.85996,4.20594,1.25776,0.349033,5.924958,0.395201,0.391917,-0.494011,1.0,,,,,,,,,,,,,,0,gru
267,292950,374.5811,331.1979,1422,0,0,1,0,0.8879,1.999,collision,4039.0,-0.005572,0.455552,-0.875678,0.869576,4.230676,1.269936,0.296377,5.968865,0.380348,0.373368,-0.500452,1.003394,,,,,,,,,,,,,,0,gru
268,294316,358.277,331.1273,1366,0,0,1,0,0.8891,2.039,collision,4058.6,-0.037357,0.424982,-0.871136,0.862815,4.198284,1.32292,0.335496,5.983114,0.3787,0.373326,-0.465812,1.0,0.013225,0.007445,1.777405,0.004202,0.030196,0.109429,0.00845,0.062879,0.0001,,,,,0,gru
269,295677,358.1026,330.0621,1361,0,0,1,0,0.901,2.025,collision,4076.6,-0.042275,0.43509,-0.884586,0.849862,4.21062,1.305218,0.262935,5.956005,0.379919,0.371928,-0.450271,1.0,,,,,,,,,,,,,,0,gru
270,297086,370.6405,330.797,1409,0,0,1,0,0.9055,2.019,collision,4095.4,-0.009716,0.439255,-0.879534,0.875279,4.24085,1.317179,0.338384,5.993304,0.383699,0.374387,-0.549961,1.011389,,,,,,,,,,,,,,0,gru
271,298482,366.2144,332.6166,1396,0,0,1,0,0.8862,2.019,collision,4114.2,-0.047327,0.433828,-0.876194,0.863821,4.166028,1.311363,0.129362,5.957385,0.380004,0.371719,-0.49752,1.0,,,,,,,,,,,,,,0,gru
272,299866,368.564,333.3844,1384,0,0,1,0,0.8987,2.01,collision,4136.2,-0.01876,0.434985,-0.881806,0.861422,4.144054,1.311102,0.344687,5.974315,0.379157,0.370918,-0.461228,1.0,0.005043,0.005672,1.778499,0.00419,0.023907,0.103661,0.009846,0.074984,0.0001,,,,,0,gru
273,301227,358.449,333.5757,1361,0,0,1,0,0.8968,2.019,collision,4153.9,-0.047358,0.43906,-0.887442,0.847396,4.244685,1.289431,0.303597,5.96041,0.378592,0.371463,-0.439449,1.0,,,,,,,,,,,,,,0,gru
274,302566,356.0983,332.8108,1339,0,0,1,0,0.9056,2.039,collision,4171.9,-0.03979,0.428109,-0.863416,0.875405,4.204618,1.275232,0.346807,5.970575,0.380813,0.37306,-0.443036,1.0,,,,,,,,,,,,,,0,gru
275,302673,-36.5918,293.4955,107,0,0,1,0,3.8858,1.834,collision,4173.4,0.167402,0.411248,-0.803219,0.826045,3.206004,1.583972,0.505503,5.801188,0.27534,0.380202,-0.740394,1.0,,,,,,,,,,,,,,0,gru
276,304036,358.9741,323.3309,1363,0,0,1,0,0.8942,2.02,collision,4193.4,-0.029661,0.43596,-0.855622,0.87307,4.119279,1.324066,0.335525,5.967504,0.380011,0.371779,-0.489005,1.0,0.029502,0.005931,1.77921,0.004178,0.027765,0.137639,0.017232,0.089557,0.0001,,,,,0,gru
277,304082,-40.2292,281.8499,46,0,0,1,0,3.8904,2.037,collision,4194.1,-0.17354,0.364781,-0.839823,0.44707,3.837964,1.385903,0.62848,5.926319,0.214613,0.316681,-0.53306,1.0,,,,,,,,,,,,,,0,gru
278,305455,358.4225,281.8644,1373,0,0,1,0,0.8927,2.032,collision,4212.6,-0.032363,0.43331,-0.882992,0.850902,4.272457,1.30067,0.327219,5.953682,0.380678,0.37257,-0.484344,1.0,,,,,,,,,,,,,,0,gru
279,306820,362.0254,282.2567,1365,0,0,1,0,0.8966,2.028,collision,4230.6,-0.031048,0.436147,-0.867958,0.886445,4.313889,1.267941,0.131366,5.973359,0.379244,0.371427,-0.497346,1.0,,,,,,,,,,,,,,0,gru
280,308208,369.7966,282.1723,1388,0,0,1,0,0.8915,2.027,collision,4250.9,-0.050242,0.435064,-0.871133,0.88021,4.257256,1.301281,0.272305,5.959189,0.375768,0.36907,-0.496171,1.005599,0.064784,0.003758,1.779151,0.004166,0.025901,0.122328,0.011496,0.076044,0.0001,,,,,0,gru
281,309544,349.0103,280.4519,1336,0,0,1,0,0.8854,2.049,collision,4268.5,-0.02432,0.42558,-0.883941,0.848951,4.239853,1.266338,0.415505,5.982509,0.381831,0.372339,-0.455461,1.0,,,,,,,,,,,,,,0,gru
282,310914,360.569,279.6524,1370,0,0,1,0,0.9,2.016,collision,4285.5,-0.038948,0.434004,-0.873919,0.880835,4.25956,1.324305,0.343622,5.959357,0.385108,0.373898,-0.458521,1.0,,,,,,,,,,,,,,0,gru
283,312292,362.8818,280.0957,1378,0,0,1,0,0.8805,2.049,collision,4303.2,-0.030118,0.426407,-0.85468,0.877738,4.255095,1.257463,0.246937,5.965967,0.38287,0.373524,-0.513247,1.0,,,,,,,,,,,,,,0,gru
284,313642,357.9752,280.2834,1350,0,0,1,0,0.8927,2.042,collision,4321.5,-0.030355,0.427741,-0.873939,0.863798,4.250889,1.268641,0.413303,5.956752,0.380422,0.372622,-0.464913,1.0,0.016427,0.004534,1.779231,0.004154,0.01867,0.065684,0.003136,0.040888,0.0001,,,,,0,gru
285,314983,348.028,318.7454,1341,0,0,1,0,0.9014,2.023,collision,4338.2,-0.036824,0.437584,-0.878615,0.878185,4.248222,1.287712,0.130285,5.956424,0.379237,0.370377,-0.441166,1.0,,,,,,,,,,,,,,0,gru
286,316378,369.3198,319.7799,1395,0,0,1,0,0.8952,2.021,collision,4355.9,-0.020088,0.433377,-0.873612,0.860634,4.180492,1.333805,0.239412,5.984966,0.378803,0.371449,-0.431895,1.00331,,,,,,,,,,,,,,0,gru
287,317743,359.0344,359.7063,1365,0,0,1,0,0.893,2.038,collision,4373.1,-0.03013,0.431279,-0.877055,0.83593,4.223484,1.291978,0.230348,5.995696,0.385503,0.373999,-0.448248,1.0,,,,,,,,,,,,,,0,gru
288,319100,354.3892,359.303,1357,0,0,1,0,0.8987,2.008,collision,4392.0,-0.020996,0.438417,-0.856305,0.872493,4.169697,1.329596,0.154476,5.972946,0.381388,0.371989,-0.463804,1.0,0.015906,0.003954,1.779362,0.004142,0.018029,0.091713,0.004675,0.068591,0.0001,,,,,0,gru
289,320467,357.7112,358.8715,1367,0,0,1,0,0.8906,2.008,collision,4409.7,-0.014588,0.448605,-0.888173,0.876613,4.2101,1.29344,0.286858,5.924959,0.378861,0.372145,-0.604322,1.0,,,,,,,,,,,,,,0,gru
290,321848,370.0853,358.9004,1381,0,0,1,0,0.9114,2.025,collision,4427.4,-0.051303,0.435128,-0.881874,0.876688,4.214139,1.286397,0.140039,5.974772,0.377255,0.370583,-0.432578,1.009698,,,,,,,,,,,,,,0,gru
291,321997,-33.9093,320.6085,149,0,0,1,0,3.879,1.955,collision,4429.5,0.177526,0.386891,-0.733013,0.830421,3.601012,1.461555,0.263074,5.935633,0.293158,0.39376,-0.855693,1.008358,,,,,,,,,,,,,,0,gru
292,323376,369.3856,321.4901,1379,0,0,1,0,0.8964,2.022,collision,4449.6,-0.037445,0.439207,-0.867477,0.878319,4.264688,1.293811,0.172293,5.971499,0.376491,0.37025,-0.44439,1.000928,0.036771,0.005472,1.779463,0.00413,0.023849,0.142411,0.008039,0.101815,0.0001,,,,,0,gru
293,324741,362.7667,321.4786,1365,0,0,1,0,0.8977,2.011,collision,4466.8,-0.04429,0.437562,-0.879614,0.890399,4.150239,1.321651,0.135019,5.977571,0.3759,0.370296,-0.478674,1.0,,,,,,,,,,,,,,0,gru
294,326098,358.4875,321.5298,1357,0,0,1,0,0.898,2.018,collision,4484.0,-0.015569,0.434848,-0.862576,0.856681,4.152676,1.303882,0.362631,5.972258,0.381686,0.371835,-0.43984,1.0,,,,,,,,,,,,,,0,gru
295,326206,-39.7774,282.7493,108,0,0,1,0,3.8755,1.998,collision,4485.3,0.182233,0.326045,-0.751957,0.796985,3.381983,1.418743,0.184216,5.901541,0.272779,0.384482,-0.820065,1.0,,,,,,,,,,,,,,0,gru
296,327569,361.9432,282.0116,1363,0,0,1,0,0.9002,2.015,collision,4504.3,-0.060043,0.432735,-0.874437,0.864208,4.228426,1.307723,0.347942,5.967631,0.374854,0.369475,-0.458243,1.0,-0.009181,0.004595,1.779381,0.004118,0.022168,0.12381,0.010892,0.08508,0.0001,,,,,0,gru
297,328930,363.4992,282.4581,1361,0,0,1,0,0.8925,2.038,collision,4521.2,-0.043484,0.432886,-0.868718,0.877512,4.244431,1.269297,0.206056,5.962415,0.37868,0.371433,-0.447825,1.0,,,,,,,,,,,,,,0,gru
298,330275,353.6997,282.3892,1345,0,0,1,0,0.9033,2.016,collision,4538.5,-0.020921,0.449441,-0.859477,0.870204,4.238317,1.275935,0.177594,5.973959,0.379257,0.370701,-0.424856,1.0,,,,,,,,,,,,,,0,gru
299,331645,361.0302,282.7211,1370,0,0,1,0,0.8894,2.022,collision,4556.0,-0.042194,0.424377,-0.872584,0.867747,4.161924,1.33226,0.161463,5.955824,0.377181,0.371016,-0.46165,1.0,,,,,,,,,,,,,,0,gru
300,331753,-34.0564,242.3069,108,0,0,1,0,3.8734,1.914,collision,4558.9,0.059136,0.407325,-0.833189,0.790308,3.429177,1.538185,0.543356,5.798021,0.281712,0.378457,-0.704917,1.001611,-0.00752,0.003932,1.779701,0.004106,0.023775,0.127383,0.012202,0.084751,0.0001,,,,,0,gru
301,333096,353.5166,281.0495,1343,0,0,1,0,0.9047,2.013,collision,4575.8,-0.033257,0.442164,-0.882732,0.865544,4.184632,1.285688,0.220442,5.960093,0.378633,0.371745,-0.454668,1.0,,,,,,,,,,,,,,0,gru
302,334454,360.2077,280.1317,1358,0,0,1,0,0.8902,1.997,collision,4593.0,-0.029224,0.44544,-0.866684,0.887278,4.197898,1.32387,0.350178,5.982169,0.376899,0.369956,-0.45211,1.0,,,,,,,,,,,,,,0,gru
303,335853,371.5113,281.0062,1399,0,0,1,0,0.9042,2.019,collision,4611.3,-0.058071,0.430859,-0.877486,0.856118,4.21506,1.299962,0.218076,5.981257,0.369906,0.367414,-0.489591,1.010248,,,,,,,,,,,,,,0,gru
304,336233,60.4136,251.1988,380,0,0,1,0,3.1244,1.978,collision,4617.9,0.142042,0.439017,-0.854703,0.866113,4.116715,1.323053,0.417572,5.91664,0.395106,0.393155,-0.480266,1.0,0.034014,0.005557,1.780127,0.004094,0.02742,0.06501,0.009586,0.042796,0.0001,,,,,0,gru
305,337626,364.7666,291.6532,1393,0,0,1,0,0.9054,2.0,collision,4636.2,-0.012291,0.452154,-0.885595,0.864083,4.141312,1.28243,0.45535,5.961508,0.381888,0.37314,-0.515906,1.0,,,,,,,,,,,,,,0,gru
306,339020,368.2143,292.2803,1394,0,0,1,0,0.894,1.997,collision,4654.4,-0.048617,0.444435,-0.872464,0.867703,4.168936,1.327893,0.21226,5.968345,0.375148,0.370081,-0.53041,1.0,,,,,,,,,,,,,,0,gru
307,340410,370.0825,292.9386,1390,0,0,1,0,0.8953,2.006,collision,4672.4,-0.006204,0.449136,-0.874922,0.85426,4.163148,1.320707,0.170593,5.938841,0.376549,0.371195,-0.441163,1.0,,,,,,,,,,,,,,0,gru
308,341797,363.4601,293.9147,1387,0,0,1,0,0.8968,2.018,collision,4692.4,0.007424,0.442639,-0.886753,0.863206,4.139631,1.298666,0.340417,5.983623,0.378633,0.372811,-0.49913,1.0,0.0055,0.004246,1.780322,0.004082,0.020581,0.089535,0.004091,0.066291,0.0001,,,,,0,gru
309,343173,365.315,294.3431,1376,0,0,1,0,0.8958,2.009,collision,4710.4,-0.060959,0.43745,-0.88059,0.852124,4.175069,1.322845,0.120146,5.956151,0.374068,0.36894,-0.434848,1.0,,,,,,,,,,,,,,0,gru
310,343312,-36.1754,294.1312,139,0,0,1,0,3.8953,1.993,collision,4712.2,0.115723,0.389468,-0.701123,0.857673,3.694692,1.45087,0.51481,5.919395,0.313213,0.404032,-0.789935,1.011071,,,,,,,,,,,,,,0,gru
311,344716,367.7133,295.5509,1404,0,0,1,0,0.8952,2.015,collision,4730.3,-0.00278,0.44653,-0.882112,0.862233,4.194917,1.282401,0.1534,5.965082,0.382958,0.373002,-0.583058,1.0,,,,,,,,,,,,,,0,gru
312,345847,282.331,287.7632,1131,0,0,1,0,1.5013,2.027,collision,4746.3,0.011039,0.424398,-0.860425,0.866832,4.142723,1.338516,0.338445,5.967962,0.401724,0.383267,-0.438726,1.004885,0.016073,0.005609,1.780443,0.00407,0.026229,0.06007,0.009294,0.039925,0.0001,,,,,0,gru
313,345927,-41.0885,246.5033,80,0,0,1,0,3.8769,1.823,collision,4747.4,0.264278,0.389057,-0.689016,0.796704,3.315004,1.465567,0.488244,5.756827,0.26107,0.382518,-0.799854,1.0,,,,,,,,,,,,,,0,gru
314,347301,361.3564,276.5975,1374,0,0,1,0,0.8936,2.031,collision,4764.5,-0.053156,0.430749,-0.883774,0.872999,4.256744,1.324228,0.351229,5.974479,0.378247,0.371938,-0.47522,1.0,,,,,,,,,,,,,,0,gru
315,348657,358.6629,275.9872,1356,0,0,1,0,0.9016,2.019,collision,4782.0,-0.061031,0.440918,-0.868466,0.860879,4.259661,1.248737,0.229663,5.96339,0.377509,0.371286,-0.451499,1.0,,,,,,,,,,,,,,0,gru
316,350052,372.9692,276.4627,1395,0,0,1,0,0.898,2.023,collision,4801.9,-0.045801,0.430627,-0.865937,0.856453,4.157612,1.297026,0.310234,5.97243,0.379582,0.372513,-0.4523,1.010263,-0.01036,0.002981,1.780601,0.004058,0.016788,0.105215,0.005045,0.067064,0.0001,,,,,0,gru
317,350098,-40.4066,235.4137,46,0,0,1,0,3.8912,2.082,collision,4802.5,0.017063,0.338259,-0.759335,0.665151,3.635955,1.290813,0.760094,5.830699,0.214288,0.316697,-0.527924,1.0,,,,,,,,,,,,,,0,gru
318,351495,374.8918,236.5569,1397,0,0,1,0,0.8895,2.027,collision,4820.6,-0.03268,0.433371,-0.883414,0.894136,4.19344,1.307888,0.259448,5.968764,0.375642,0.369302,-0.45982,1.01063,,,,,,,,,,,,,,0,gru
319,352868,365.4021,236.5656,1373,0,0,1,0,0.8929,2.027,collision,4838.5,-0.027884,0.43357,-0.871363,0.872805,4.234968,1.293547,0.180502,5.980011,0.379258,0.37111,-0.466405,1.0,,,,,,,,,,,,,,0,gru
320,354226,354.7323,275.6564,1358,0,0,1,0,0.8918,2.009,collision,4857.6,-0.019732,0.446281,-0.874364,0.863676,4.177289,1.277506,0.397222,5.970635,0.379523,0.372889,-0.468399,1.0,0.006863,0.004655,1.780959,0.004046,0.022238,0.144438,0.007888,0.087192,0.0001,,,,,0,gru
321,354269,-43.745,234.5106,43,0,0,1,0,3.882,1.996,collision,4858.2,0.2906,0.260339,-0.084529,0.813035,3.388778,1.328011,0.456094,5.208496,0.260835,0.380375,-0.686926,1.0,,,,,,,,,,,,,,0,gru
322,355666,366.0539,242.8828,1397,0,0,1,0,0.9027,1.994,collision,4875.8,0.002721,0.448248,-0.891972,0.868924,4.164637,1.332203,0.19959,5.95864,0.383932,0.372659,-0.550981,1.0,,,,,,,,,,,,,,0,gru
323,357059,363.6182,283.3535,1393,0,0,1,0,0.8937,2.017,collision,4893.2,-0.005906,0.446933,-0.868226,0.890276,4.191711,1.275155,0.176915,5.981623,0.38223,0.373845,-0.492845,1.0,,,,,,,,,,,,,,0,gru
324,358443,364.2716,283.645,1384,0,0,1,0,0.9027,2.007,collision,4912.4,-0.062253,0.442227,-0.871422,0.875799,4.210924,1.313277,0.360231,5.974563,0.380561,0.372417,-0.458993,1.0,0.015032,0.004894,1.781793,0.004034,0.020808,0.111587,0.007287,0.077451,0.0001,,,,,0,gru
325,359829,369.0086,284.6796,1386,0,0,1,0,0.8935,2.021,collision,4930.5,-0.021229,0.434304,-0.873079,0.871625,4.185515,1.312989,0.113152,5.952589,0.379212,0.371034,-0.448488,1.000034,,,,,,,,,,,,,,0,gru
326,361228,367.6979,284.1525,1399,0,0,1,0,0.8951,2.02,collision,4948.4,-0.057084,0.435476,-0.874557,0.851813,4.116346,1.315743,0.227098,5.981568,0.37995,0.371972,-0.541196,1.00267,,,,,,,,,,,,,,0,gru
327,362638,368.9075,325.0839,1410,0,0,1,0,0.8929,2.016,collision,4966.6,-0.048341,0.437673,-0.881541,0.861588,4.216319,1.316311,0.243301,5.975531,0.381415,0.372981,-0.464683,1.005875,,,,,,,,,,,,,,0,gru
328,364018,364.4256,324.0373,1380,0,0,1,0,0.8952,2.023,collision,4986.3,-0.030738,0.4356,-0.890267,0.844137,4.191558,1.286236,0.352205,5.968305,0.383822,0.373739,-0.480802,1.0,0.019725,0.004461,1.782275,0.004022,0.023158,0.103577,0.010167,0.073295,0.0001,,,,,0,gru
329,365460,374.3439,324.9314,1442,0,0,1,0,0.895,1.995,collision,5005.3,-0.000989,0.453886,-0.873331,0.888344,4.136856,1.340371,0.196323,5.962086,0.385448,0.376085,-0.581283,1.00703,,,,,,,,,,,,,,0,gru
330,366818,357.896,325.2478,1358,0,0,1,0,0.887,2.018,collision,5022.2,-0.021114,0.438506,-0.871982,0.866359,4.170731,1.277101,0.18316,5.974846,0.383822,0.373672,-0.47752,1.0,,,,,,,,,,,,,,0,gru
331,368240,370.1444,366.6368,1422,0,0,1,0,0.8926,1.994,collision,5040.5,-0.006189,0.454034,-0.886689,0.870548,4.151989,1.295856,0.365515,5.973835,0.385081,0.37437,-0.600843,1.0,,,,,,,,,,,,,,0,gru
332,369635,368.0126,366.8326,1395,0,0,1,0,0.8925,2.009,collision,5060.0,-0.036946,0.436931,-0.884062,0.874969,4.121468,1.341775,0.107563,5.963924,0.381637,0.372614,-0.462742,1.0,0.007289,0.00394,1.782278,0.00401,0.022807,0.066533,0.008322,0.046423,0.0001,,,,,0,gru
333,371012,359.42,366.4128,1377,0,0,1,0,0.8944,2.003,collision,5077.8,-0.007148,0.437783,-0.86461,0.882816,4.112091,1.329803,0.170228,5.937953,0.384349,0.373067,-0.476899,1.0,,,,,,,,,,,,,,0,gru
334,372383,358.329,365.8185,1371,0,0,1,0,0.8979,2.0,collision,5094.7,-0.032459,0.438678,-0.871481,0.86783,4.125832,1.330455,0.106199,5.980215,0.381738,0.372391,-0.44156,1.0,,,,,,,,,,,,,,0,gru
335,373784,371.7674,366.0944,1401,0,0,1,0,0.8973,2.011,collision,5112.4,-0.04616,0.443735,-0.866724,0.871026,4.162913,1.295785,0.36955,5.962605,0.380526,0.372258,-0.460327,1.004899,,,,,,,,,,,,,,0,gru
336,375193,371.2384,366.4485,1409,0,0,1,0,0.8935,2.019,collision,5132.1,-0.022104,0.437163,-0.883464,0.822082,4.156888,1.294609,0.244018,5.98664,0.384595,0.373666,-0.470695,1.0077,0.00973,0.004186,1.782546,0.003998,0.018032,0.091443,0.002724,0.06757,0.0001,,,,,0,gru
337,376587,366.7488,366.2326,1394,0,0,1,0,0.8833,2.004,collision,5149.6,-0.037286,0.441717,-0.88613,0.867989,4.129895,1.320183,0.292833,5.953521,0.380549,0.37244,-0.454835,1.0,,,,,,,,,,,,,,0,gru
338,376737,-31.3641,326.6536,150,0,0,1,0,3.8956,1.912,collision,5151.5,0.186181,0.434856,-0.842621,0.876994,3.66503,1.369553,0.127029,5.824268,0.32134,0.407313,-0.832602,1.012089,,,,,,,,,,,,,,0,gru
339,378129,370.8051,326.2998,1392,0,0,1,0,0.8862,2.006,collision,5168.8,-0.021281,0.434702,-0.883677,0.862605,4.06375,1.341847,0.179956,5.973372,0.379888,0.372232,-0.48325,1.0,,,,,,,,,,,,,,0,gru
340,379516,367.333,327.2435,1387,0,0,1,0,0.8882,2.006,collision,5186.8,-0.045905,0.441965,-0.879118,0.879784,4.131714,1.294763,0.262833,5.979742,0.377263,0.369757,-0.475317,1.0,0.005955,0.005276,1.782828,0.003986,0.02093,0.073669,0.006385,0.042568,0.0001,,,,,0,gru
341,379632,-47.0239,285.5266,116,0,0,1,0,3.8612,1.93,collision,5188.3,0.17634,0.410944,-0.791719,0.829923,3.388079,1.394824,0.404049,5.79236,0.287377,0.413998,-0.919595,1.0,,,,,,,,,,,,,,0,gru
342,381004,358.2856,284.5539,1372,0,0,1,0,0.8951,2.001,collision,5205.1,-0.021313,0.449773,-0.872615,0.851661,4.098472,1.319018,0.255887,5.942193,0.381166,0.371788,-0.471681,1.0,,,,,,,,,,,,,,0,gru
343,381027,-44.4782,244.1641,23,0,0,1,0,3.8904,1.734,collision,5205.4,-0.55284,0.286118,-0.873686,0.366134,4.637251,1.126628,1.512878,5.907802,0.260031,0.353004,-0.411504,1.0,,,,,,,,,,,,,,0,gru
344,382456,377.0695,246.0381,1429,0,0,1,0,0.8974,1.988,collision,5225.0,-0.004383,0.442791,-0.894017,0.877797,4.0489,1.360751,0.236351,5.97076,0.382211,0.373035,-0.488622,1.007989,0.042276,0.006707,1.783118,0.003974,0.021452,0.104289,0.005658,0.081933,0.0001,,,,,0,gru
345,382612,-33.79,205.4824,156,0,0,1,0,3.8828,1.976,collision,5227.0,0.221541,0.38194,-0.763255,0.873594,3.641989,1.361764,0.571085,5.923337,0.312804,0.40686,-0.875263,1.009288,,,,,,,,,,,,,,0,gru
346,382664,-41.1488,164.2437,52,0,0,1,0,3.8614,1.969,collision,5227.8,-0.237875,0.422629,-0.868831,0.740751,3.85157,1.19475,1.304119,5.864637,0.232437,0.330156,-0.667924,1.0,,,,,,,,,,,,,,0,gru
347,384067,368.5427,164.4231,1403,0,0,1,0,0.8954,1.992,collision,5245.4,0.004991,0.451651,-0.883226,0.874828,4.121889,1.321765,0.350725,5.944963,0.384866,0.374623,-0.609393,1.0,,,,,,,,,,,,,,0,gru
348,385723,604.3911,227.9986,1656,1,1,0,0,0.2999,1.977,goal,5268.4,0.0267,0.455607,-0.882765,0.857932,4.073743,1.349927,0.172617,5.952799,0.386996,0.379588,-0.599167,1.0,0.010763,0.007803,1.783273,0.003962,0.038426,0.151799,0.010832,0.113272,0.0001,,,,,0,gru
349,387125,368.7995,227.798,1402,0,0,1,0,0.8931,2.001,collision,5286.8,-0.032318,0.446582,-0.881168,0.869001,4.137603,1.29094,0.383797,5.958285,0.380629,0.372463,-0.474907,1.0,,,,,,,,,,,,,,0,gru
350,388796,613.0428,252.369,1671,1,1,0,0,0.2977,1.994,goal,5307.8,0.004132,0.445826,-0.877456,0.862103,4.120633,1.348239,0.113027,5.981024,0.386513,0.379341,-0.510406,1.0,,,,,,,,,,,,,,0,gru
351,390217,371.5194,294.2234,1421,0,0,1,0,0.8889,2.01,collision,5325.8,-0.022291,0.436425,-0.882268,0.878157,4.125223,1.339425,0.230818,5.953049,0.385305,0.3747,-0.458757,1.005932,,,,,,,,,,,,,,0,gru
352,391590,362.3149,294.6263,1373,0,0,1,0,0.8926,2.011,collision,5346.5,-0.05813,0.435165,-0.865771,0.867978,4.162288,1.307373,0.206783,5.970762,0.376367,0.370374,-0.444625,1.0,-0.001721,0.00366,1.783844,0.00395,0.022666,0.071731,0.003641,0.05058,0.0001,,,,,0,gru
353,393128,339.7407,333.0482,1538,0,0,1,0,0.8785,1.994,collision,5366.9,-0.075955,0.440041,-0.889038,0.86079,4.10021,1.342133,0.154185,5.97446,0.383572,0.384074,-0.947834,1.0,,,,,,,,,,,,,,0,gru
354,394533,369.0762,332.2489,1405,0,0,1,0,0.8951,2.012,collision,5385.2,-0.031795,0.441877,-0.872981,0.86915,4.146739,1.303211,0.28312,5.950072,0.384484,0.373494,-0.478494,1.003266,,,,,,,,,,,,,,0,gru
355,395907,365.6206,372.1899,1374,0,0,1,0,0.8899,2.019,collision,5402.5,-0.050293,0.44331,-0.882163,0.895016,4.225411,1.248058,0.307975,5.986189,0.378108,0.370898,-0.45606,1.0,,,,,,,,,,,,,,0,gru
356,395952,-42.9471,372.0101,45,0,0,1,0,3.8736,1.911,collision,5405.8,-0.064722,0.42704,-0.816794,0.687183,3.587533,1.459221,0.666378,5.599888,0.211902,0.324562,-0.642079,1.0,0.024693,0.00412,1.784444,0.003938,0.026598,0.119717,0.007347,0.086511,0.0001,,,,,0,gru
357,397318,359.881,371.1439,1366,0,0,1,0,0.8937,1.998,collision,5423.0,-0.010339,0.446872,-0.870363,0.878689,4.102354,1.320973,0.187051,5.958236,0.382139,0.373357,-0.482274,1.0,,,,,,,,,,,,,,0,gru
358,398678,357.7206,346.4769,1360,0,0,1,0,0.891,2.016,collision,5440.8,-0.024548,0.437082,-0.873395,0.879149,4.163738,1.314083,0.087332,5.981145,0.380559,0.37182,-0.49779,1.0,,,,,,,,,,,,,,0,gru
359,400082,367.8194,346.3789,1404,0,0,1,0,0.8937,1.991,collision,5459.2,-0.007672,0.454203,-0.870526,0.868938,4.157909,1.309206,0.353265,5.954526,0.379822,0.372572,-0.476635,1.0,,,,,,,,,,,,,,0,gru
360,401477,367.61,321.8356,1395,0,0,1,0,0.8945,2.01,collision,5479.2,-0.031704,0.439807,-0.886737,0.847344,4.193241,1.33625,0.188261,5.970987,0.377293,0.372194,-0.486995,1.0,0.01153,0.003671,1.784768,0.003926,0.020543,0.091645,0.006312,0.06593,0.0001,,,,,0,gru
361,402869,372.4461,321.9282,1392,0,0,1,0,0.8859,2.031,collision,5497.6,-0.02811,0.435494,-0.881218,0.872668,4.210569,1.290564,0.44489,5.97156,0.376132,0.370029,-0.473034,1.006796,,,,,,,,,,,,,,0,gru
362,403011,-34.7017,282.2266,142,0,0,1,0,3.8913,1.872,collision,5499.6,0.221741,0.444414,-0.745853,0.885673,3.729187,1.348636,0.30303,5.882437,0.315021,0.408556,-0.84845,1.004564,,,,,,,,,,,,,,0,gru
363,404389,357.5615,284.0087,1378,0,0,1,0,0.8867,2.006,collision,5517.9,-0.001496,0.446786,-0.871095,0.874763,4.132418,1.29039,0.331982,5.954822,0.379658,0.372581,-0.581624,1.0,,,,,,,,,,,,,,0,gru
364,405783,368.7918,283.9802,1394,0,0,1,0,0.8953,2.009,collision,5537.3,-0.039403,0.434968,-0.883871,0.864286,4.148056,1.337901,0.433437,5.957941,0.379825,0.371584,-0.459805,1.0,0.033577,0.004812,1.785426,0.003914,0.020978,0.08819,0.004284,0.060291,0.0001,,,,,0,gru
365,407165,367.4204,284.1602,1382,0,0,1,0,0.8987,1.994,collision,5555.7,-0.014944,0.447398,-0.876274,0.86144,4.094407,1.335363,0.239573,5.963449,0.38025,0.371496,-0.473008,1.0,,,,,,,,,,,,,,0,gru
366,408522,356.0297,324.0579,1357,0,0,1,0,0.8793,2.014,collision,5573.4,-0.045415,0.436024,-0.881813,0.861423,4.164489,1.315164,0.266449,5.959642,0.372625,0.370358,-0.544892,1.0,,,,,,,,,,,,,,0,gru
367,409879,360.5836,324.1281,1357,0,0,1,0,0.8989,2.009,collision,5591.0,-0.042256,0.439558,-0.870139,0.861,4.075443,1.328321,0.337587,5.979231,0.370123,0.367669,-0.458889,1.0,,,,,,,,,,,,,,0,gru
368,411245,356.5584,324.0119,1366,0,0,1,0,0.8921,2.007,collision,5611.2,-0.033632,0.442726,-0.883121,0.890656,4.121531,1.280871,0.181803,5.943956,0.378612,0.371605,-0.489799,1.0,-0.007875,0.003576,1.786011,0.003902,0.019558,0.090249,0.003291,0.058914,0.0001,,,,,0,gru
369,412635,361.6185,323.3918,1390,0,0,1,0,0.8945,1.999,collision,5628.8,-0.009673,0.438932,-0.866543,0.867914,4.068953,1.364052,0.181959,5.973025,0.378179,0.372553,-0.478424,1.0,,,,,,,,,,,,,,0,gru
370,414042,375.3781,324.1686,1407,0,0,1,0,0.8876,1.993,collision,5647.0,-0.024248,0.441648,-0.876375,0.853222,4.021505,1.33997,0.127395,5.960768,0.379493,0.370995,-0.504682,1.0,,,,,,,,,,,,,,0,gru
371,415417,367.1012,323.6341,1375,0,0,1,0,0.9004,2.013,collision,5664.6,-0.038551,0.436008,-0.880266,0.865806,4.11364,1.318375,0.345792,5.936157,0.379729,0.369785,-0.482156,1.0,,,,,,,,,,,,,,0,gru
372,416466,270.9526,354.1996,1049,0,0,1,0,1.6226,2.041,collision,5679.8,0.042593,0.421251,-0.872452,0.851218,4.131913,1.311572,0.305181,5.938461,0.40681,0.388418,-0.383197,1.010564,0.014735,0.003361,1.786201,0.00389,0.022145,0.076883,0.006121,0.051294,0.0001,,,,,0,gru
373,416600,-34.3732,315.0061,134,0,0,1,0,3.8987,1.988,collision,5681.5,0.102997,0.395516,-0.74498,0.851233,3.666548,1.471997,0.187429,5.937462,0.330942,0.413953,-0.759696,1.014064,,,,,,,,,,,,,,0,gru
374,417949,356.4173,313.7687,1349,0,0,1,0,0.8882,2.016,collision,5699.0,-0.040568,0.434437,-0.870505,0.845987,4.125712,1.309408,0.15136,5.964999,0.372335,0.369316,-0.47002,1.0,,,,,,,,,,,,,,0,gru
375,419427,597.1268,336.7393,1478,1,1,0,0,0.2983,2.045,goal,5718.4,-0.012992,0.426706,-0.857931,0.87059,4.241448,1.281277,0.111913,5.975087,0.398624,0.384957,-0.393149,1.0,,,,,,,,,,,,,,0,gru
376,420803,365.5955,337.6959,1376,0,0,1,0,0.8981,2.003,collision,5737.5,-0.04619,0.436688,-0.864097,0.860678,4.133827,1.347631,0.265749,5.973972,0.371904,0.368008,-0.484702,1.0,0.002943,0.006202,1.786063,0.003878,0.036768,0.160974,0.013626,0.095274,0.0001,,,,,0,gru
377,422174,365.7139,338.2089,1371,0,0,1,0,0.8996,2.024,collision,5754.9,-0.029934,0.429481,-0.867847,0.862001,4.044433,1.328457,0.215805,5.981499,0.377198,0.371017,-0.466542,1.0,,,,,,,,,,,,,,0,gru
378,423555,363.9477,338.9478,1381,0,0,1,0,0.8962,2.0,collision,5772.6,-0.01965,0.443269,-0.870151,0.886074,4.113512,1.356775,0.318235,5.952096,0.377242,0.371782,-0.579542,1.0,,,,,,,,,,,,,,0,gru
379,424940,362.3514,339.0211,1385,0,0,1,0,0.8965,1.991,collision,5790.5,-0.022686,0.450014,-0.861699,0.893723,4.122521,1.299518,0.346939,5.952387,0.381129,0.374045,-0.48299,1.0,,,,,,,,,,,,,,0,gru
380,426331,371.6549,338.6488,1391,0,0,1,0,0.8937,2.026,collision,5811.3,-0.042864,0.430847,-0.865386,0.8701,4.178256,1.291163,0.305625,5.958408,0.376803,0.37199,-0.447159,1.007092,0.014338,0.00332,1.785427,0.003866,0.020226,0.06969,0.006025,0.04188,0.0001,,,,,0,gru
381,427722,367.0831,338.647,1391,0,0,1,0,0.8939,1.989,collision,5829.5,-0.032446,0.441605,-0.890268,0.861187,4.03125,1.378698,0.090087,5.952949,0.377188,0.372104,-0.479936,1.0,,,,,,,,,,,,,,0,gru
382,429105,362.0942,347.7612,1383,0,0,1,0,0.8863,1.999,collision,5847.6,-0.038333,0.442136,-0.888148,0.87104,4.107325,1.329482,0.320863,5.980519,0.379784,0.372474,-0.473984,1.0,,,,,,,,,,,,,,0,gru
383,430518,372.4295,388.4414,1413,0,0,1,0,0.8913,2.01,collision,5865.8,-0.016475,0.43618,-0.886908,0.849899,4.061253,1.366278,0.304434,5.958412,0.377055,0.372967,-0.471122,1.003338,,,,,,,,,,,,,,0,gru
384,430547,-43.5818,348.4415,29,0,0,1,0,3.8836,1.807,collision,5867.7,-0.448768,0.36333,-0.840942,0.610054,4.273337,1.179847,1.140745,5.823142,0.23416,0.329516,-0.494849,1.0,0.073054,0.005241,1.785384,0.003854,0.025684,0.133924,0.01044,0.077363,0.0001,,,,,0,gru
385,431954,372.9061,326.0194,1407,0,0,1,0,0.892,1.985,collision,5886.0,-0.007001,0.454217,-0.864656,0.883408,4.083389,1.34559,0.247038,5.985805,0.37704,0.371855,-0.461647,1.0,,,,,,,,,,,,,,0,gru
386,432958,257.1189,315.1718,1004,0,0,1,0,1.6217,2.038,collision,5899.0,0.028513,0.406079,-0.870569,0.853162,4.072022,1.374965,0.145721,5.970319,0.40214,0.386585,-0.404318,1.0,,,,,,,,,,,,,,0,gru
387,433033,-26.4203,275.9584,75,0,0,1,0,3.8692,2.106,collision,5900.0,-0.120454,0.403645,-0.825736,0.740982,4.576497,1.070415,1.768593,5.95114,0.33806,0.380552,-0.201248,1.008542,,,,,,,,,,,,,,0,gru
388,434418,365.3689,276.1005,1385,0,0,1,0,0.898,2.028,collision,5918.9,-0.031097,0.425592,-0.8589,0.869711,4.153459,1.330912,0.165247,5.99073,0.378173,0.372331,-0.498643,1.000398,0.02118,0.006422,1.78532,0.003842,0.032951,0.071462,0.005965,0.047135,0.0001,,,,,0,gru
389,434469,-40.9037,235.775,51,0,0,1,0,3.8773,2.1,collision,5919.6,-0.07236,0.374409,-0.808328,0.728933,4.195714,1.457042,1.075953,5.770262,0.220346,0.323142,-0.61253,1.0,,,,,,,,,,,,,,0,gru
390,435870,371.9394,235.8034,1401,0,0,1,0,0.9007,2.0,collision,5936.9,-0.048812,0.443293,-0.877308,0.870194,4.159791,1.333649,0.2328,5.969109,0.372102,0.370046,-0.465415,1.002082,,,,,,,,,,,,,,0,gru
391,436929,271.282,226.2233,1059,0,0,1,0,1.6219,2.023,collision,5950.4,0.033208,0.427725,-0.831928,0.87627,4.161908,1.322191,0.224619,5.961138,0.404287,0.386283,-0.397692,1.008173,,,,,,,,,,,,,,0,gru
392,437939,260.9194,216.1058,1010,0,0,1,0,1.6223,2.06,collision,5964.6,0.020337,0.41263,-0.875167,0.833452,4.154964,1.268963,0.409723,5.970115,0.400818,0.386992,-0.396113,1.0,0.013592,0.007837,1.78547,0.00383,0.032991,0.059529,0.00698,0.041667,0.0001,,,,,0,gru
393,439301,358.7662,214.7395,1362,0,0,1,0,0.8919,2.005,collision,5981.7,-0.033705,0.436512,-0.875362,0.842675,4.128413,1.348757,0.186401,5.972775,0.378242,0.37156,-0.486747,1.0,,,,,,,,,,,,,,0,gru
394,440724,375.1122,256.6089,1423,0,0,1,0,0.897,1.982,collision,5999.7,-0.014338,0.448824,-0.884601,0.873024,4.099715,1.351405,0.125339,5.951984,0.378292,0.372832,-0.492338,1.003136,,,,,,,,,,,,,,0,gru
395,442152,373.4521,256.6635,1428,0,0,1,0,0.8905,1.985,collision,6018.1,-0.026412,0.457336,-0.88449,0.888033,4.096333,1.323087,0.258402,5.970566,0.377852,0.372248,-0.52346,1.0,,,,,,,,,,,,,,0,gru
396,443549,366.6604,267.6176,1397,0,0,1,0,0.8983,2.008,collision,6038.1,-0.00516,0.447133,-0.871783,0.884817,4.140028,1.311374,0.438886,5.95846,0.377074,0.371899,-0.503948,1.0,-0.004227,0.003502,1.785676,0.003818,0.021192,0.07219,0.005981,0.048804,0.0001,,,,,0,gru
397,444951,371.1041,307.3701,1402,0,0,1,0,0.8868,2.028,collision,6055.8,-0.044785,0.429899,-0.88526,0.850367,4.108459,1.306899,0.352975,5.980311,0.372557,0.369913,-0.475048,1.006948,,,,,,,,,,,,,,0,gru
398,446309,357.759,306.6091,1358,0,0,1,0,0.8951,2.011,collision,6072.7,-0.054219,0.439603,-0.873822,0.87654,4.168083,1.296083,0.234499,5.98217,0.377196,0.370881,-0.491902,1.0,,,,,,,,,,,,,,0,gru
399,447728,375.1712,348.2166,1419,0,0,1,0,0.8995,1.996,collision,6090.7,-0.015348,0.441773,-0.881175,0.86919,4.065055,1.332928,0.257886,5.942852,0.375581,0.372144,-0.452583,1.004268,,,,,,,,,,,,,,0,gru
400,449110,358.7367,346.8963,1382,0,0,1,0,0.8923,2.004,collision,6111.0,-0.003832,0.442431,-0.887836,0.885135,4.075739,1.315802,0.148867,5.962419,0.378179,0.372173,-0.577561,1.0,-0.004232,0.003142,1.785787,0.003806,0.02023,0.071475,0.005569,0.045836,0.0001,,,,,0,gru
401,450498,369.7332,356.7414,1388,0,0,1,0,0.886,1.991,collision,6129.3,-0.04092,0.441543,-0.872678,0.865354,4.008965,1.369106,0.27091,5.957108,0.372013,0.369577,-0.493083,1.0,,,,,,,,,,,,,,0,gru
402,451532,263.8823,357.0377,1034,0,0,1,0,1.6108,2.037,collision,6142.6,0.015436,0.411691,-0.854037,0.868763,4.013673,1.356228,0.313867,5.9827,0.401493,0.387039,-0.449021,1.0,,,,,,,,,,,,,,0,gru
403,452543,257.0305,346.8642,1011,0,0,1,0,1.6046,2.014,collision,6155.5,-0.000337,0.430966,-0.866849,0.841299,4.065379,1.327701,0.309868,5.960095,0.400037,0.386713,-0.500975,1.0,,,,,,,,,,,,,,0,gru
404,452672,-32.3392,306.119,129,0,0,1,0,3.8895,1.993,collision,6158.3,0.22376,0.381811,-0.677592,0.836475,3.696885,1.383746,0.3115,5.815523,0.295165,0.388792,-0.780833,1.010096,0.009696,0.007482,1.785694,0.003794,0.029164,0.084257,0.009801,0.052173,0.0001,,,,,0,gru
405,453706,259.7204,294.7459,1034,0,0,1,0,1.6164,2.019,collision,6171.2,0.066505,0.423406,-0.842717,0.878374,4.021558,1.346047,0.349453,5.980738,0.402747,0.386691,-0.607998,1.0,,,,,,,,,,,,,,0,gru
406,454679,256.9812,283.778,973,0,0,1,0,1.6228,2.033,collision,6183.7,0.026189,0.419029,-0.832575,0.869715,4.052191,1.319291,0.19523,5.973554,0.404835,0.388612,-0.358196,1.0,,,,,,,,,,,,,,0,gru
407,456072,367.7522,283.4428,1393,0,0,1,0,0.8816,2.01,collision,6202.0,-0.030992,0.43523,-0.883262,0.836097,4.035685,1.359365,0.246956,5.935846,0.373797,0.370466,-0.517287,1.0,,,,,,,,,,,,,,0,gru
408,457103,267.9598,274.4628,1031,0,0,1,0,1.6161,2.007,collision,6216.5,0.015093,0.433015,-0.870197,0.862201,4.082769,1.379062,0.217782,5.958876,0.396969,0.384748,-0.378884,1.0,0.012764,0.007084,1.785907,0.003782,0.027108,0.10098,0.007935,0.062213,0.0001,,,,,0,gru
409,458464,361.8634,273.1321,1361,0,0,1,0,0.8979,1.997,collision,6234.0,-0.023889,0.445365,-0.877341,0.856313,4.14333,1.307706,0.315843,5.977557,0.3797,0.371346,-0.443882,1.0,,,,,,,,,,,,,,0,gru
410,459855,368.489,274.1073,1391,0,0,1,0,0.8962,2.021,collision,6252.2,-0.031197,0.432534,-0.872042,0.872214,4.09993,1.322579,0.262298,5.960976,0.375801,0.370574,-0.452712,1.00222,,,,,,,,,,,,,,0,gru
411,459876,-45.3506,232.5989,21,0,0,1,0,3.8868,2.014,collision,6252.5,-0.362387,0.307916,-0.819475,0.30155,4.216182,1.089084,1.766965,5.825406,0.208847,0.316708,-0.479683,1.0,,,,,,,,,,,,,,0,gru
412,461235,358.4952,242.0602,1359,0,0,1,0,0.9023,2.002,collision,6272.1,-0.059319,0.435813,-0.870181,0.869031,4.093946,1.340894,0.127612,5.986471,0.375485,0.369862,-0.459046,1.0,0.177894,0.008113,1.786212,0.00377,0.023343,0.148478,0.008834,0.098874,0.0001,,,,,0,gru
413,461358,-29.4016,213.417,123,0,0,1,0,3.8961,1.903,collision,6273.7,0.216738,0.413989,-0.695342,0.878663,3.551567,1.367726,0.154801,5.683034,0.286292,0.37624,-0.693066,1.013571,,,,,,,,,,,,,,0,gru
414,462772,369.881,253.639,1414,0,0,1,0,0.8962,2.005,collision,6291.8,-0.019717,0.443386,-0.880105,0.86528,4.154526,1.323477,0.254044,5.975761,0.377115,0.371175,-0.467981,1.001021,,,,,,,,,,,,,,0,gru
415,464117,354.7366,263.1406,1345,0,0,1,0,0.9193,2.027,collision,6309.0,-0.031471,0.432681,-0.877677,0.885965,4.154848,1.291473,0.241452,5.962835,0.376682,0.369607,-0.408243,1.0,,,,,,,,,,,,,,0,gru
416,465484,364.1227,273.8548,1367,0,0,1,0,0.8939,2.023,collision,6327.3,-0.047589,0.435226,-0.877773,0.881053,4.187139,1.284397,0.382422,5.980755,0.37328,0.368306,-0.453277,1.0,-0.024474,0.004488,1.785707,0.003758,0.024324,0.146567,0.008499,0.098583,0.0001,,,,,0,gru
417,466844,359.0502,272.9846,1360,0,0,1,0,0.8846,2.007,collision,6344.4,-0.035292,0.450661,-0.863329,0.857788,4.177607,1.292549,0.216803,5.986124,0.3763,0.371171,-0.502005,1.0,,,,,,,,,,,,,,0,gru
418,467876,267.1262,272.9012,1032,0,0,1,0,1.6088,2.045,collision,6357.1,0.025688,0.419169,-0.825087,0.873542,4.174192,1.302459,0.409583,5.968683,0.402274,0.387509,-0.461544,1.0,,,,,,,,,,,,,,0,gru
419,469270,368.5187,273.5667,1394,0,0,1,0,0.8932,2.018,collision,6374.5,-0.052706,0.431348,-0.878339,0.877224,4.164749,1.305255,0.127065,5.940469,0.372512,0.369785,-0.47501,1.0,,,,,,,,,,,,,,0,gru
420,470693,374.3073,274.1486,1423,0,0,1,0,0.8922,2.001,collision,6393.4,-0.015715,0.446809,-0.87799,0.892415,4.165511,1.338471,0.276744,5.971904,0.379169,0.372041,-0.48597,1.004129,0.024447,0.003565,1.785843,0.003746,0.025105,0.085178,0.007016,0.054812,0.0001,,,,,0,gru
421,472060,363.7748,315.0611,1367,0,0,1,0,0.9039,2.011,collision,6410.6,-0.022292,0.43905,-0.868255,0.859037,4.212147,1.293569,0.107595,5.964097,0.380987,0.371927,-0.487356,1.0,,,,,,,,,,,,,,0,gru
422,472189,-42.44,274.9676,129,0,0,1,0,3.8693,1.932,collision,6412.2,0.208625,0.401611,-0.642604,0.820222,3.798231,1.42019,0.542022,5.957994,0.295453,0.412446,-0.917458,1.0,,,,,,,,,,,,,,0,gru
423,473543,355.6231,313.4701,1354,0,0,1,0,0.8944,2.019,collision,6428.9,-0.025685,0.439843,-0.866679,0.857039,4.185712,1.304521,0.278134,5.963076,0.374628,0.371057,-0.480779,1.0,,,,,,,,,,,,,,0,gru
424,474928,367.5734,313.2393,1385,0,0,1,0,0.8958,2.024,collision,6448.8,-0.054296,0.438464,-0.876951,0.862088,4.230077,1.250959,0.213638,5.955474,0.379156,0.371542,-0.442313,1.0,-0.033261,0.005493,1.786551,0.003734,0.024029,0.115852,0.008374,0.072875,0.0001,,,,,0,gru
425,475949,265.0343,304.2691,1021,0,0,1,0,1.6169,2.043,collision,6461.1,0.005553,0.423912,-0.874673,0.867863,4.20206,1.305656,0.180201,5.940719,0.396622,0.385413,-0.39817,1.0,,,,,,,,,,,,,,0,gru
426,477354,374.5476,305.3116,1405,0,0,1,0,0.8858,2.021,collision,6478.0,-0.035526,0.44402,-0.877304,0.849379,4.260001,1.256325,0.170717,5.964775,0.379869,0.373288,-0.478413,1.008121,,,,,,,,,,,,,,0,gru
427,477438,-41.1697,265.2896,84,0,0,1,0,3.8704,2.076,collision,6479.1,0.171852,0.364547,-0.65073,0.855236,3.96125,1.185348,0.904942,5.860662,0.269455,0.382821,-0.78044,1.0,,,,,,,,,,,,,,0,gru
428,478427,257.5539,264.3323,989,0,0,1,0,1.63,2.037,collision,6492.3,0.009953,0.418827,-0.869439,0.83326,4.152816,1.310784,0.236425,5.981555,0.399571,0.386107,-0.405219,1.0,0.005178,0.006911,1.787112,0.003722,0.036834,0.155519,0.007321,0.117536,0.0001,,,,,0,gru
429,479820,370.5042,264.5309,1393,0,0,1,0,0.8897,2.029,collision,6509.2,-0.020718,0.440997,-0.874232,0.886653,4.254272,1.27584,0.14992,5.989238,0.380476,0.372783,-0.471912,1.005486,,,,,,,,,,,,,,0,gru
430,481170,352.5079,262.351,1350,0,0,1,0,0.8905,2.019,collision,6525.7,-0.036587,0.438425,-0.887002,0.863675,4.201953,1.32283,0.275483,5.975736,0.376242,0.37123,-0.470242,1.0,,,,,,,,,,,,,,0,gru
431,482554,363.1881,262.2923,1384,0,0,1,0,0.8914,1.995,collision,6543.1,-0.005731,0.446896,-0.864956,0.878827,4.201579,1.328927,0.128361,5.973582,0.381748,0.373422,-0.46149,1.0,,,,,,,,,,,,,,0,gru
432,483940,365.562,303.0925,1386,0,0,1,0,0.903,2.008,collision,6562.3,-0.016799,0.448995,-0.886538,0.885285,4.24001,1.29001,0.363645,5.985713,0.38128,0.372576,-0.46965,1.0,-0.009018,0.003434,1.787512,0.00371,0.020806,0.134556,0.008644,0.097583,0.0001,,,,,0,gru
433,485340,371.9244,304.7226,1400,0,0,1,0,0.8937,2.016,collision,6579.5,-0.039678,0.442162,-0.865339,0.86108,4.232282,1.279835,0.31776,5.984763,0.376304,0.370905,-0.470797,1.006356,,,,,,,,,,,,,,0,gru
434,486712,359.7005,303.9353,1372,0,0,1,0,0.8996,2.016,collision,6597.0,-0.045288,0.437885,-0.870002,0.833733,4.281349,1.289869,0.34137,5.985896,0.377804,0.371789,-0.467931,1.0,,,,,,,,,,,,,,0,gru
435,487747,263.4062,303.7725,1035,0,0,1,0,1.6009,2.044,collision,6610.0,0.036738,0.419149,-0.858397,0.871161,4.212576,1.292936,0.34394,5.954603,0.405092,0.387435,-0.414661,1.0,,,,,,,,,,,,,,0,gru
436,489154,371.0038,303.4181,1407,0,0,1,0,0.881,1.999,collision,6629.2,-0.030552,0.448425,-0.862302,0.84417,4.220169,1.324147,0.1835,5.974261,0.378625,0.372738,-0.513506,1.0,0.027104,0.003349,1.787215,0.003698,0.023467,0.093253,0.007224,0.067634,0.0001,,,,,0,gru
437,490547,369.7019,344.5053,1393,0,0,1,0,0.8992,2.026,collision,6646.5,-0.040722,0.438589,-0.87231,0.864731,4.239871,1.277591,0.169333,5.977457,0.381485,0.373452,-0.476568,1.005549,,,,,,,,,,,,,,0,gru
438,491948,367.1151,355.4614,1401,0,0,1,0,0.8921,2.022,collision,6664.0,-0.014411,0.442099,-0.873741,0.877574,4.178227,1.30417,0.442626,5.985239,0.377553,0.371791,-0.464814,1.0,,,,,,,,,,,,,,0,gru
439,493321,361.6071,354.5717,1373,0,0,1,0,0.8943,2.012,collision,6681.3,-0.026352,0.434607,-0.876042,0.867622,4.174997,1.337877,0.274477,5.976406,0.379555,0.373304,-0.487825,1.0,,,,,,,,,,,,,,0,gru
440,494714,360.0535,355.3263,1393,0,0,1,0,0.8955,1.997,collision,6700.9,-0.007183,0.4563,-0.868304,0.87805,4.184617,1.303408,0.309912,5.977336,0.381101,0.375041,-0.505914,1.0,-0.01193,0.003363,1.786667,0.003686,0.024022,0.093338,0.013954,0.060011,0.0001,,,,,0,gru
441,494859,-36.4166,315.3658,145,0,0,1,0,3.8936,1.934,collision,6702.8,0.146834,0.427236,-0.673545,0.785752,3.972144,1.371666,0.102224,5.95804,0.32326,0.413064,-0.837383,1.007614,,,,,,,,,,,,,,0,gru
442,496467,598.5843,338.668,1608,1,1,0,0,0.2992,2.003,goal,6723.0,-0.007227,0.443322,-0.876492,0.870483,4.103112,1.334386,0.20654,5.939335,0.384279,0.377823,-0.482803,1.0,,,,,,,,,,,,,,0,gru
443,497874,375.8291,339.0585,1407,0,0,1,0,0.8843,2.017,collision,6740.7,-0.030479,0.439534,-0.876313,0.842988,4.153201,1.269354,0.376947,5.972847,0.380297,0.373468,-0.478324,1.007969,,,,,,,,,,,,,,0,gru
444,498981,278.9379,330.9822,1107,0,0,1,0,1.5015,2.059,collision,6757.0,-0.00224,0.407937,-0.827462,0.845776,4.157725,1.320417,0.324724,5.970716,0.404256,0.385297,-0.414499,1.00638,0.010722,0.007426,1.786068,0.003674,0.042569,0.19956,0.015305,0.152746,0.0001,,,,,0,gru
445,500377,370.4803,341.6896,1396,0,0,1,0,0.8812,2.006,collision,6774.7,-0.025488,0.442796,-0.891741,0.877638,4.147855,1.317196,0.184433,5.986099,0.375668,0.370524,-0.479203,1.0,,,,,,,,,,,,,,0,gru
446,501792,373.1038,341.8996,1415,0,0,1,0,0.8794,1.987,collision,6792.8,-0.013393,0.447713,-0.877776,0.861621,4.072843,1.354493,0.322995,5.972384,0.380755,0.372342,-0.479727,1.0,,,,,,,,,,,,,,0,gru
447,503160,359.9188,340.9213,1368,0,0,1,0,0.8869,2.023,collision,6810.4,-0.033946,0.435679,-0.871898,0.854207,4.146602,1.279976,0.308184,5.961924,0.382057,0.372989,-0.476648,1.0,,,,,,,,,,,,,,0,gru
448,504552,362.6429,340.4741,1392,0,0,1,0,0.8991,1.991,collision,6829.8,-0.015476,0.445278,-0.886598,0.858617,4.13342,1.343066,0.158908,5.954727,0.382868,0.373569,-0.486369,1.0,0.001288,0.003134,1.785461,0.003662,0.022843,0.118885,0.008529,0.08489,0.0001,,,,,0,gru
449,505923,360.3345,340.3469,1371,0,0,1,0,0.88,1.997,collision,6847.7,-0.01452,0.446402,-0.859806,0.883564,4.155551,1.315193,0.22382,5.952407,0.375967,0.369661,-0.484887,1.0,,,,,,,,,,,,,,0,gru
450,506976,272.7364,331.6151,1053,0,0,1,0,1.6188,2.025,collision,6861.0,0.022786,0.423709,-0.863864,0.86017,4.079794,1.351015,0.231035,5.961643,0.399869,0.384658,-0.419741,1.007271,,,,,,,,,,,,,,0,gru
451,508085,283.0832,363.5651,1109,0,0,1,0,1.5145,2.041,collision,6875.3,0.022717,0.421835,-0.86028,0.870598,4.105587,1.319492,0.168237,5.979023,0.398224,0.382839,-0.421674,1.010867,,,,,,,,,,,,,,0,gru
452,509454,363.7573,340.0824,1369,0,0,1,0,0.9037,1.994,collision,6894.9,-0.037779,0.450311,-0.891557,0.873741,4.156791,1.310683,0.227793,5.972874,0.376558,0.369645,-0.481169,1.0,0.029157,0.005238,1.784612,0.00365,0.03566,0.070672,0.01257,0.047862,0.0001,,,,,0,gru
453,510839,360.6008,338.5596,1385,0,0,1,0,0.8948,1.998,collision,6912.7,-0.000903,0.448032,-0.867955,0.886512,4.036173,1.311182,0.154971,5.968177,0.380175,0.374206,-0.545334,1.0,,,,,,,,,,,,,,0,gru
454,511883,272.0108,337.8669,1044,0,0,1,0,1.6232,2.034,collision,6926.2,0.063113,0.421644,-0.867857,0.877425,4.035673,1.338988,0.172929,5.941097,0.404603,0.388136,-0.519692,1.00951,,,,,,,,,,,,,,0,gru
455,512905,260.7381,326.8927,1022,0,0,1,0,1.6024,2.021,collision,6939.1,0.058918,0.426151,-0.864116,0.859391,4.083523,1.330611,0.312176,5.957932,0.403624,0.387963,-0.416266,1.0,,,,,,,,,,,,,,0,gru
456,514306,359.6168,325.544,1401,0,0,1,0,0.8868,1.985,collision,6959.1,-0.009462,0.456824,-0.871186,0.892059,4.092681,1.32167,0.181701,5.951759,0.376303,0.37411,-0.642414,1.0,0.024587,0.004537,1.784297,0.003638,0.030878,0.067497,0.008149,0.051691,0.0001,,,,,0,gru
457,514432,-35.0415,286.0479,126,0,0,1,0,3.8987,2.026,collision,6960.9,0.15048,0.367459,-0.614015,0.845359,3.940765,1.318075,0.344348,5.816431,0.32232,0.409041,-0.792916,1.009771,,,,,,,,,,,,,,0,gru
458,514566,-30.2379,246.7599,134,0,0,1,0,3.8691,2.046,collision,6962.6,0.217965,0.369158,-0.788512,0.864002,4.018185,1.331196,0.379873,5.943412,0.284665,0.380393,-0.814696,1.00999,,,,,,,,,,,,,,0,gru
459,515948,362.0322,246.9296,1382,0,0,1,0,0.8802,1.989,collision,6980.1,-0.033674,0.446689,-0.881242,0.857437,4.002525,1.350228,0.210765,5.941726,0.377765,0.373044,-0.479554,1.0,,,,,,,,,,,,,,0,gru
460,517614,615.7433,281.2303,1666,1,1,0,0,0.2996,1.982,goal,7003.5,-0.015485,0.445689,-0.874813,0.873373,4.067414,1.370485,0.271292,5.976131,0.383177,0.378868,-0.521792,1.0,0.015728,0.007802,1.784419,0.003626,0.046747,0.130965,0.007391,0.094351,0.0001,,,,,0,gru
461,517654,-43.9273,248.5293,40,0,0,1,0,3.8628,2.1,collision,7004.1,-0.19553,0.327723,-0.757029,0.617762,4.248885,1.170849,0.599598,5.752288,0.222837,0.335241,-0.687944,1.0,,,,,,,,,,,,,,0,gru
462,517755,-42.7821,207.8753,101,0,0,1,0,3.885,2.069,collision,7005.4,0.101092,0.388889,-0.759313,0.840105,3.991766,1.327208,0.392256,5.714386,0.30854,0.41177,-0.807085,1.0,,,,,,,,,,,,,,0,gru
463,519114,356.2574,207.441,1359,0,0,1,0,0.8799,2.015,collision,7022.7,-0.041063,0.429656,-0.882604,0.876546,4.089458,1.345925,0.147859,5.959247,0.372735,0.369422,-0.467767,1.0,,,,,,,,,,,,,,0,gru
464,520486,363.9586,216.6358,1372,0,0,1,0,0.8819,1.998,collision,7041.1,-0.04901,0.438495,-0.877124,0.851486,4.090512,1.354391,0.202265,5.976738,0.375507,0.370151,-0.480872,1.0,0.022817,0.006444,1.784906,0.003614,0.037358,0.120604,0.010574,0.084814,0.0001,,,,,0,gru
465,522118,599.5763,250.5196,1632,1,1,0,0,0.2996,1.98,goal,7061.5,-0.001805,0.439466,-0.881169,0.859092,3.999283,1.393521,0.159627,5.978543,0.382247,0.379723,-0.490299,1.0,,,,,,,,,,,,,,0,gru
466,523498,359.2491,250.4828,1380,0,0,1,0,0.8851,1.981,collision,7078.4,-0.05167,0.442616,-0.884928,0.827021,3.990624,1.365505,0.203376,5.969607,0.373343,0.370571,-0.485465,1.0,,,,,,,,,,,,,,0,gru
467,524886,367.4272,290.7297,1388,0,0,1,0,0.8874,2.012,collision,7095.7,-0.0271,0.429402,-0.882644,0.856971,4.065148,1.341615,0.10526,5.9641,0.375168,0.371352,-0.492474,1.0,,,,,,,,,,,,,,0,gru
468,525262,61.7036,299.9238,376,0,0,1,0,3.1136,2.007,collision,7102.0,0.112877,0.41505,-0.788947,0.875463,4.034482,1.399776,0.245832,5.964523,0.390211,0.389293,-0.471908,1.0,0.014883,0.006245,1.785497,0.003602,0.043183,0.128253,0.008994,0.085335,0.0001,,,,,0,gru
469,525324,-34.9011,260.2305,62,0,0,1,0,3.8973,1.994,collision,7102.8,-0.200477,0.382101,-0.843164,0.76334,4.050357,1.329429,0.90513,5.90164,0.227094,0.315673,-0.484351,1.000618,,,,,,,,,,,,,,0,gru
470,526982,610.561,259.7123,1658,1,1,0,0,0.2982,1.982,goal,7123.3,-0.00113,0.447709,-0.879265,0.862746,3.96876,1.356598,0.32533,5.930711,0.383951,0.378205,-0.499251,1.0,,,,,,,,,,,,,,0,gru
471,528002,259.1303,290.018,1020,0,0,1,0,1.604,2.014,collision,7136.1,0.049034,0.427548,-0.846397,0.863566,3.915038,1.345084,0.191,5.976964,0.40678,0.388798,-0.427285,1.0,,,,,,,,,,,,,,0,gru
472,529376,356.69,329.9652,1374,0,0,1,0,0.8885,1.992,collision,7155.6,-0.061913,0.443744,-0.889052,0.871585,4.027402,1.30092,0.314301,5.968393,0.371163,0.369565,-0.674028,1.0,-0.03686,0.004242,1.786005,0.00359,0.033645,0.115302,0.008444,0.081798,0.0001,,,,,0,gru
473,529456,-25.243,291.8152,80,0,0,1,0,3.8742,2.05,collision,7156.6,-0.193034,0.402724,-0.870395,0.703022,4.41068,1.139695,0.913892,5.912364,0.326206,0.373227,-0.295573,1.011181,,,,,,,,,,,,,,0,gru
474,530878,380.2773,293.4471,1422,0,0,1,0,0.8835,1.989,collision,7174.6,-0.053211,0.438947,-0.894679,0.855661,3.98265,1.393302,0.201157,5.982786,0.368878,0.36917,-0.481126,1.008481,,,,,,,,,,,,,,0,gru
475,531936,263.8867,259.8781,1058,0,0,1,0,1.5156,2.031,collision,7188.2,-0.003837,0.420434,-0.838619,0.852511,3.986853,1.321357,0.224903,5.97349,0.399896,0.385855,-0.361189,1.0,,,,,,,,,,,,,,0,gru
476,533347,371.5132,261.1045,1411,0,0,1,0,0.892,1.973,collision,7207.3,-0.060677,0.447596,-0.883533,0.857987,4.015125,1.346428,0.220594,5.959737,0.371577,0.369909,-0.582832,1.0,0.011933,0.00692,1.786688,0.003578,0.037579,0.101254,0.006955,0.071771,0.0001,,,,,0,gru
477,533712,56.9741,230.0592,365,0,0,1,0,3.1303,1.976,collision,7212.1,0.146845,0.420686,-0.823483,0.862674,3.809954,1.386795,0.181856,5.96894,0.389856,0.389565,-0.439295,1.0,,,,,,,,,,,,,,0,gru
478,535338,602.9151,284.1804,1626,1,1,0,0,0.2989,1.986,goal,7232.6,-0.020737,0.441327,-0.884682,0.868473,3.989643,1.358119,0.134437,5.967716,0.381501,0.378852,-0.520371,1.0,,,,,,,,,,,,,,0,gru
479,536796,384.0288,326.0734,1458,0,0,1,0,0.8826,1.97,collision,7251.0,-0.01639,0.454765,-0.883145,0.893298,3.942121,1.359041,0.057269,5.972296,0.376669,0.373945,-0.587425,1.00916,,,,,,,,,,,,,,0,gru
480,537931,280.3628,293.0535,1135,0,0,1,0,1.5196,1.991,collision,7266.9,0.062928,0.433707,-0.846779,0.882221,3.810711,1.356051,0.276483,5.948363,0.400629,0.387189,-0.499501,1.0,0.01537,0.006547,1.787421,0.003566,0.040635,0.111747,0.017233,0.078889,0.0001,,,,,0,gru
481,538916,257.703,292.9108,985,0,0,1,0,1.6209,2.023,collision,7278.9,0.050413,0.424632,-0.83668,0.880631,3.975291,1.323667,0.103543,5.931833,0.403994,0.387006,-0.455399,1.0,,,,,,,,,,,,,,0,gru
482,540560,608.2138,318.0632,1644,1,1,0,0,0.2979,1.992,goal,7299.7,-0.01191,0.444925,-0.885908,0.861245,4.031794,1.363199,0.23216,5.972628,0.382728,0.378712,-0.54263,1.0,,,,,,,,,,,,,,0,gru
483,540674,-33.8033,317.2072,114,0,0,1,0,3.8876,1.996,collision,7301.3,0.179289,0.389555,-0.55535,0.793547,3.591827,1.321382,0.836172,5.800149,0.280662,0.378847,-0.731337,1.006818,,,,,,,,,,,,,,0,gru
484,541702,272.6953,306.449,1028,0,0,1,0,1.6236,2.023,collision,7315.4,0.04323,0.412551,-0.835401,0.885067,3.926118,1.348946,0.255277,5.962514,0.402028,0.387076,-0.376088,1.004771,0.005425,0.006648,1.787524,0.003554,0.033863,0.09045,0.006825,0.067722,0.0001,,,,,0,gru
485,542720,261.003,306.1606,1018,0,0,1,0,1.6233,2.016,collision,7328.5,0.002844,0.41744,-0.878816,0.876111,3.894636,1.405191,0.168428,5.954203,0.401334,0.387482,-0.397568,1.0,,,,,,,,,,,,,,0,gru
486,544355,607.9525,329.8045,1635,1,1,0,0,0.2982,1.993,goal,7349.5,-0.01435,0.437279,-0.881171,0.879803,4.028673,1.379742,0.126957,5.968892,0.385264,0.378776,-0.487291,1.0,,,,,,,,,,,,,,0,gru
487,544507,-51.8063,318.9265,152,0,0,1,0,3.8474,1.948,collision,7351.5,0.1442,0.424113,-0.781075,0.874994,3.555748,1.406793,0.584555,5.849396,0.292602,0.422408,-0.963926,1.0,,,,,,,,,,,,,,0,gru
488,544625,-36.9204,254.9429,118,0,0,1,0,3.892,2.017,collision,7354.6,0.190631,0.363565,-0.693696,0.821076,3.666032,1.458999,0.487453,5.942953,0.30585,0.401597,-0.796707,1.004638,-0.022985,0.008282,1.787257,0.003542,0.044281,0.099604,0.01587,0.057171,0.0001,,,,,0,gru
489,544775,-35.1505,213.025,150,0,0,1,0,3.8918,2.02,collision,7356.6,0.133051,0.394305,-0.74057,0.83039,3.802675,1.316778,0.430328,5.864967,0.327343,0.413817,-0.827579,1.012739,,,,,,,,,,,,,,0,gru
490,546433,610.778,246.0665,1658,1,1,0,0,0.2978,2.012,goal,7377.8,-0.011905,0.440021,-0.883827,0.876352,4.086213,1.31586,0.114242,5.984681,0.381076,0.378685,-0.518881,1.0,,,,,,,,,,,,,,0,gru
491,548094,612.371,281.5333,1661,1,1,0,0,0.2984,2.0,goal,7398.8,-0.012212,0.438759,-0.873629,0.869923,4.036415,1.360768,0.26682,5.974914,0.383214,0.378821,-0.546651,1.0,,,,,,,,,,,,,,0,gru
492,549710,600.576,280.7695,1616,1,1,0,0,0.2983,2.019,goal,7421.2,-0.00374,0.435034,-0.877772,0.850862,4.074184,1.30888,0.337312,5.971537,0.385902,0.378862,-0.497034,1.0,0.002923,0.004166,1.786436,0.00353,0.030427,0.091863,0.01035,0.055969,0.0001,,,,,0,gru
493,549829,-33.6713,280.7827,119,0,0,1,0,3.878,1.852,collision,7422.8,0.275287,0.407308,-0.784509,0.820701,3.592268,1.415437,0.581163,5.935741,0.275417,0.38406,-0.828174,1.0,,,,,,,,,,,,,,0,gru
494,551223,360.8185,289.5951,1394,0,0,1,0,0.8796,1.985,collision,7440.6,-0.010236,0.448501,-0.87262,0.878202,4.045272,1.357654,0.262656,5.974966,0.377226,0.372969,-0.547697,1.0,,,,,,,,,,,,,,0,gru
495,551632,69.7309,270.4678,409,0,0,1,0,3.1214,1.984,collision,7446.1,0.14814,0.421733,-0.750835,0.885183,3.838839,1.305645,0.3046,5.901511,0.393889,0.392279,-0.562688,1.002339,,,,,,,,,,,,,,0,gru
496,553054,378.7079,247.5434,1422,0,0,1,0,0.8795,1.981,collision,7465.5,-0.029716,0.448771,-0.886316,0.845186,4.081766,1.370483,0.081281,5.968524,0.374213,0.371578,-0.516758,1.0,0.005473,0.007003,1.785544,0.003518,0.030532,0.088994,0.008221,0.060774,0.0001,,,,,0,gru
497,554709,612.8195,314.006,1655,1,1,0,0,0.2975,2.011,goal,7487.0,-0.032828,0.434846,-0.892544,0.866261,4.145846,1.336671,0.257206,5.961694,0.381683,0.377812,-0.535598,1.004787,,,,,,,,,,,,,,0,gru
498,556355,602.8971,377.9877,1646,1,1,0,0,0.2987,1.984,goal,7508.0,0.017731,0.447069,-0.858538,0.856734,4.029911,1.369962,0.200727,5.95989,0.386555,0.380168,-0.583037,1.0,,,,,,,,,,,,,,0,gru
499,558033,611.7231,442.6751,1678,1,1,0,0,0.2981,1.971,goal,7529.6,0.031181,0.45255,-0.865136,0.878211,3.9782,1.378521,0.106697,5.98074,0.38676,0.381182,-0.588773,1.0,,,,,,,,,,,,,,0,gru
500,559691,611.2946,442.7267,1658,1,1,0,0,0.2985,2.003,goal,7553.8,0.001464,0.436963,-0.877554,0.869476,4.057076,1.358868,0.195651,5.962599,0.385047,0.380807,-0.523278,1.003781,-0.0487,0.003444,1.785521,0.003506,0.031309,0.085766,0.007037,0.054297,0.0001,,,,,0,gru
