episode,global_step,reward,avg10,length,success,goal_touched,collision,timeout,min_dist,avg_speed_ms,end_reason,elapsed_s,act0_mean,act0_std,act0_min,act0_max,act1_mean,act1_std,act1_min,act1_max,obs_mean,obs_std,obs_min,obs_max,actor_loss,critic_loss,policy_entropy,entropy_coef,value_residual,grad_norm_actor,grad_norm_critic,grad_norm_rnn,lr_actor,lr_critic,alpha,alpha_loss,target_update_magnitude,replay_buffer_size,recurrent_cell
1,672,161.0644,161.0644,672,0,0,1,0,2.2904,2.092,collision,8.1,-0.096512,0.426378,-0.891038,0.846661,5.911283,0.197825,3.070705,5.99954,0.414598,0.406139,-0.497792,1.0,,,,,,,,,,,,,,0,none
2,703,-41.7777,59.6433,31,0,0,1,0,3.8421,1.313,collision,8.5,-0.840659,0.042206,-0.894179,-0.730612,5.300107,1.010438,1.485719,5.939656,0.258076,0.353393,-0.385579,1.0,,,,,,,,,,,,,,0,none
3,1379,162.8992,94.062,676,0,0,1,0,2.3298,2.085,collision,16.0,-0.100266,0.431816,-0.892521,0.838469,5.924606,0.163806,3.486751,5.999543,0.414372,0.405137,-0.48646,1.0,,,,,,,,,,,,,,0,none
4,2053,161.9958,111.0454,674,0,0,1,0,2.2779,2.074,collision,24.8,-0.10205,0.437826,-0.888949,0.826962,5.909229,0.202088,2.677801,5.999604,0.4147,0.406132,-0.51282,1.0,0.13432,0.00506,1.75101,0.004994,0.059548,0.623188,0.109463,0.0,3.7e-05,,,,,0,none
5,2730,158.3812,120.5126,677,0,0,1,0,2.3152,2.102,collision,32.9,-0.078203,0.424681,-0.889504,0.822075,5.933538,0.117709,4.955679,5.999691,0.414954,0.407496,-0.553575,1.0,,,,,,,,,,,,,,0,none
6,3409,167.2639,128.3045,679,0,0,1,0,2.3294,2.123,collision,41.0,-0.05803,0.409234,-0.875018,0.765147,5.914977,0.193359,3.72679,5.99921,0.420112,0.40605,-0.48588,1.008562,,,,,,,,,,,,,,0,none
7,4584,309.4705,154.1853,1175,0,0,1,0,1.0978,2.163,collision,55.0,0.022672,0.386009,-0.863753,0.794984,5.934791,0.122959,4.381097,5.999878,0.389207,0.405827,-0.635529,1.0,,,,,,,,,,,,,,0,none
8,5260,161.4473,155.0931,676,0,0,1,0,2.3292,2.133,collision,63.7,-0.041591,0.404444,-0.881958,0.812249,5.930791,0.116851,4.977352,5.999448,0.417412,0.404637,-0.49881,1.003498,0.002054,0.006226,1.751204,0.004982,0.057392,0.235248,0.06486,0.0,4.9e-05,,,,,0,none
9,5938,164.7907,156.1706,678,0,0,1,0,2.3101,2.147,collision,71.5,-0.055385,0.394122,-0.871412,0.807623,5.926467,0.172218,3.231899,5.999312,0.422277,0.408356,-0.502358,1.003547,,,,,,,,,,,,,,0,none
10,6619,163.4188,156.8954,681,0,0,1,0,2.233,2.172,collision,79.6,-0.026028,0.383357,-0.870152,0.816691,5.938782,0.108464,4.418533,5.999647,0.422108,0.40953,-0.50075,1.0,,,,,,,,,,,,,,0,none
11,7298,162.2992,157.0189,679,0,0,1,0,2.326,2.15,collision,87.8,-0.057899,0.394112,-0.843492,0.810054,5.93178,0.133839,4.518488,5.999562,0.419486,0.406136,-0.517704,1.005924,,,,,,,,,,,,,,0,none
12,7974,162.282,177.4249,676,0,0,1,0,2.3041,2.098,collision,97.0,-0.083417,0.419748,-0.891029,0.803417,5.930792,0.13883,4.325073,5.999673,0.420782,0.408319,-0.519603,1.0,-0.009502,0.008942,1.751149,0.00497,0.059495,0.317743,0.045028,0.0,6.1e-05,,,,,0,none
13,8651,160.3785,177.1728,677,0,0,1,0,2.2465,2.152,collision,105.2,-0.017758,0.392893,-0.834124,0.809442,5.939722,0.12174,4.715471,5.999599,0.420947,0.408265,-0.482716,1.0,,,,,,,,,,,,,,0,none
14,9324,158.6047,176.8337,673,0,0,1,0,2.2817,2.108,collision,113.5,-0.069165,0.42115,-0.889718,0.808152,5.930347,0.147665,4.067187,5.99976,0.414992,0.406974,-0.523916,1.0,,,,,,,,,,,,,,0,none
15,9999,162.0764,177.2032,675,0,0,1,0,2.3033,2.109,collision,121.4,-0.101521,0.416697,-0.890052,0.835482,5.924007,0.184426,3.220563,5.999691,0.417515,0.407278,-0.530306,1.0,,,,,,,,,,,,,,0,none
16,10678,160.0749,176.4843,679,0,0,1,0,2.2577,2.152,collision,130.6,0.018775,0.393573,-0.802038,0.826483,5.93754,0.131919,4.412225,5.999715,0.422708,0.409903,-0.602472,1.0,0.020458,0.008422,1.751585,0.004958,0.059776,0.302663,0.026538,0.0,7.3e-05,,,,,0,none
17,11357,162.5498,161.7922,679,0,0,1,0,2.3497,2.077,collision,138.6,-0.1096,0.435481,-0.889946,0.814468,5.920004,0.167037,4.278543,5.999775,0.412359,0.404771,-0.531568,1.0,,,,,,,,,,,,,,0,none
18,12035,157.0961,161.3571,678,0,0,1,0,2.2534,2.19,collision,146.7,0.018828,0.369332,-0.876916,0.79271,5.944201,0.09619,5.181567,5.999523,0.425288,0.41259,-0.616248,1.0,,,,,,,,,,,,,,0,none
19,12711,164.4437,161.3224,676,0,0,1,0,2.2816,2.133,collision,154.7,-0.058812,0.403324,-0.891865,0.812863,5.921908,0.133493,5.093832,5.99981,0.421697,0.408484,-0.524046,1.0,,,,,,,,,,,,,,0,none
20,13382,158.9828,160.8788,671,0,0,1,0,2.271,2.093,collision,163.8,-0.084393,0.425212,-0.886628,0.833809,5.925319,0.154083,4.411134,5.99975,0.417169,0.408765,-0.553648,1.0,-0.005914,0.007193,1.752332,0.004946,0.059417,0.34175,0.036052,0.0,8.5e-05,,,,,0,none
21,14062,160.73,160.7219,680,0,0,1,0,2.2573,2.142,collision,172.0,0.003845,0.398208,-0.861838,0.823477,5.936542,0.10881,4.861568,5.99944,0.421173,0.410578,-0.569335,1.0,,,,,,,,,,,,,,0,none
22,14736,159.5017,160.4439,674,0,0,1,0,2.2682,2.143,collision,180.2,-0.034065,0.397387,-0.871823,0.81774,5.9368,0.108999,4.968376,5.999759,0.419819,0.408708,-0.494886,1.0,,,,,,,,,,,,,,0,none
23,15416,161.0997,160.516,680,0,0,1,0,2.2907,2.165,collision,188.5,0.008047,0.388982,-0.830367,0.845382,5.929302,0.142554,3.86128,5.999765,0.425437,0.412758,-0.603416,1.002267,,,,,,,,,,,,,,0,none
24,15578,-36.7689,140.9786,162,0,0,1,0,3.7862,1.941,collision,191.1,0.059454,0.511115,-0.887581,0.79797,5.084748,1.063573,1.273586,5.993996,0.325106,0.429108,-0.956711,1.0,0.033048,0.01328,1.75271,0.004934,0.078391,0.589879,0.075007,0.0,9.7e-05,,,,,0,none
25,16257,156.6517,140.4361,679,0,0,1,0,2.2811,2.155,collision,199.3,-0.006963,0.392244,-0.848944,0.83157,5.923848,0.164286,3.564156,5.999789,0.424403,0.412911,-0.558401,1.0,,,,,,,,,,,,,,0,none
26,17116,156.5287,140.0815,859,0,0,1,0,2.3269,1.935,collision,210.0,-0.151691,0.505697,-0.897529,0.843574,5.660875,0.618651,1.460653,5.999087,0.414701,0.426717,-0.947419,1.0,,,,,,,,,,,,,,0,none
27,17793,165.2783,140.3544,677,0,0,1,0,2.3181,2.141,collision,218.3,-0.056544,0.398013,-0.868536,0.843923,5.916219,0.158901,4.245171,5.999751,0.41984,0.405321,-0.479904,1.005743,,,,,,,,,,,,,,0,none
28,18473,162.8634,140.9311,680,0,0,1,0,2.2437,2.154,collision,227.4,-0.028539,0.393219,-0.835118,0.825761,5.925766,0.126084,4.956851,5.999867,0.424719,0.412238,-0.532384,1.0,-0.015807,0.007043,1.753136,0.004922,0.06401,0.341143,0.029694,0.0,0.0001,,,,,0,none
29,19147,157.2701,140.2137,674,0,0,1,0,2.2297,2.16,collision,235.6,0.038615,0.3911,-0.801684,0.841218,5.925268,0.144537,4.674674,5.999874,0.42142,0.410733,-0.637612,1.0,,,,,,,,,,,,,,0,none
30,19822,157.6227,140.0777,675,0,0,1,0,2.3009,2.105,collision,243.8,-0.087181,0.422335,-0.887955,0.801206,5.915947,0.207749,2.130632,5.999599,0.414111,0.407334,-0.512573,1.0,,,,,,,,,,,,,,0,none
31,20497,155.336,139.5383,675,0,0,1,0,2.3042,2.081,collision,252.2,-0.103016,0.43888,-0.891566,0.798279,5.912257,0.201093,3.687216,5.999805,0.409704,0.407585,-0.556616,1.0,,,,,,,,,,,,,,0,none
32,21175,161.949,139.7831,678,0,0,1,0,2.2631,2.153,collision,261.1,-0.038095,0.396324,-0.849472,0.837628,5.931542,0.125239,4.887118,5.999739,0.420565,0.407064,-0.504909,1.0,-0.005421,0.009011,1.753441,0.00491,0.06244,0.853413,0.028463,0.0,0.0001,,,,,0,none
33,21848,161.09,139.7821,673,0,0,1,0,2.3166,2.11,collision,269.3,-0.07228,0.416592,-0.884512,0.801551,5.918672,0.156697,4.270111,5.999423,0.417642,0.406286,-0.539266,1.0,,,,,,,,,,,,,,0,none
34,22533,158.9792,159.3569,685,0,0,1,0,2.2763,2.161,collision,277.6,0.040336,0.387442,-0.856761,0.88286,5.910925,0.174497,4.132217,5.99962,0.417837,0.409348,-0.711929,1.0,,,,,,,,,,,,,,0,none
35,23212,157.9574,159.4875,679,0,0,1,0,2.254,2.16,collision,285.6,-0.022455,0.389957,-0.819308,0.798641,5.928566,0.138212,4.762412,5.999705,0.420575,0.408152,-0.531503,1.0,,,,,,,,,,,,,,0,none
36,23890,162.9464,160.1292,678,0,0,1,0,2.2626,2.117,collision,295.5,-0.058906,0.413081,-0.887287,0.815336,5.922102,0.139178,4.497744,5.999639,0.419521,0.408489,-0.483054,1.0,-0.006803,0.007526,1.753517,0.004898,0.056554,0.732903,0.034919,0.0,0.0001,,,,,0,none
37,24584,163.5177,159.9532,694,0,0,1,0,2.3799,2.084,collision,304.0,-0.126708,0.424872,-0.897344,0.79433,5.895361,0.22874,3.045566,5.999696,0.409706,0.405963,-0.597537,1.00949,,,,,,,,,,,,,,0,none
38,25265,162.0961,159.8765,681,0,0,1,0,2.2348,2.137,collision,312.3,-0.054545,0.403683,-0.889464,0.818343,5.934645,0.170991,3.472234,5.99985,0.42192,0.41,-0.524673,1.0,,,,,,,,,,,,,,0,none
39,25950,154.7876,159.6282,685,0,0,1,0,2.2267,2.145,collision,320.4,0.023941,0.396449,-0.841071,0.839871,5.930202,0.123596,4.778225,5.999492,0.422484,0.411756,-0.647404,1.0,,,,,,,,,,,,,,0,none
40,26630,163.0567,160.1716,680,0,0,1,0,2.2514,2.158,collision,329.6,-0.0275,0.386486,-0.877494,0.809924,5.92895,0.126683,4.4192,5.999646,0.423151,0.409217,-0.517435,1.0,-0.002125,0.006893,1.753831,0.004886,0.061169,0.44971,0.032835,0.0,0.0001,,,,,0,none
41,27308,156.0953,160.2475,678,0,0,1,0,2.2835,2.083,collision,337.7,-0.125691,0.431162,-0.896636,0.825846,5.868563,0.352195,1.953737,5.999706,0.409242,0.408121,-0.671554,1.0,,,,,,,,,,,,,,0,none
42,27483,-28.8667,141.166,175,0,0,1,0,3.8073,1.972,collision,339.8,-0.04252,0.491516,-0.886872,0.818894,5.147464,1.013666,0.265916,5.97249,0.348568,0.425598,-0.886213,1.01209,,,,,,,,,,,,,,0,none
43,28162,161.3184,141.1888,679,0,0,1,0,2.2253,2.174,collision,347.8,-0.018171,0.378776,-0.820315,0.849243,5.940176,0.092529,5.158072,5.999823,0.42513,0.411296,-0.528907,1.0,,,,,,,,,,,,,,0,none
44,28849,155.9391,140.8848,687,0,0,1,0,2.2909,2.158,collision,357.6,0.015436,0.395055,-0.867847,0.831869,5.925193,0.185049,2.751481,5.999401,0.423151,0.412273,-0.663642,1.0,-0.017652,0.008932,1.754159,0.004874,0.077999,0.407459,0.078089,0.0,0.0001,,,,,0,none
45,28957,-37.7753,121.3115,108,0,0,1,0,3.8051,1.986,collision,358.9,0.260689,0.406857,-0.72147,0.861137,4.965424,1.138289,1.309013,5.994806,0.308445,0.418122,-0.900244,1.0,,,,,,,,,,,,,,0,none
46,29635,159.1895,120.9358,678,0,0,1,0,2.2944,2.114,collision,367.3,-0.090055,0.410606,-0.894858,0.813511,5.935279,0.12538,4.710058,5.999915,0.41994,0.40995,-0.575416,1.0,,,,,,,,,,,,,,0,none
47,30315,155.1262,120.0967,680,0,0,1,0,2.2509,2.146,collision,375.9,0.025172,0.395977,-0.841846,0.857211,5.936636,0.103622,5.205621,5.999688,0.424305,0.414197,-0.638022,1.0,,,,,,,,,,,,,,0,none
48,30993,159.8221,119.8693,678,0,0,1,0,2.3081,2.079,collision,385.3,-0.113718,0.433502,-0.893942,0.802629,5.902025,0.169765,4.368629,5.999786,0.411256,0.405821,-0.541495,1.0,-0.003101,0.009816,1.754459,0.004862,0.071305,0.567749,0.032436,0.0,0.0001,,,,,0,none
49,31681,156.0936,119.9999,688,0,0,1,0,2.3001,2.143,collision,393.9,0.015865,0.401689,-0.817878,0.820039,5.92403,0.140953,4.561121,5.999828,0.420187,0.412418,-0.723035,1.0,,,,,,,,,,,,,,0,none
50,32367,159.4049,119.6347,686,0,0,1,0,2.3193,2.168,collision,402.6,-0.021424,0.385858,-0.836341,0.80608,5.930896,0.13211,4.06072,5.999643,0.421339,0.408413,-0.553362,1.007946,,,,,,,,,,,,,,0,none
51,33049,157.7465,119.7998,682,0,0,1,0,2.2157,2.165,collision,411.2,-0.014493,0.385537,-0.841178,0.863729,5.920914,0.160435,4.441182,5.999546,0.425471,0.412931,-0.530899,1.0,,,,,,,,,,,,,,0,none
52,33730,159.751,138.6616,681,0,0,1,0,2.2614,2.117,collision,420.4,-0.074449,0.417544,-0.892746,0.860641,5.925225,0.138714,4.522838,5.999524,0.422023,0.411834,-0.532032,1.0,-0.019549,0.006486,1.754136,0.00485,0.055465,0.535395,0.048443,0.0,0.0001,,,,,0,none
53,34413,160.0893,138.5387,683,0,0,1,0,2.2709,2.161,collision,428.7,-0.005495,0.386603,-0.830734,0.804991,5.932021,0.117727,4.954871,5.99965,0.423845,0.410354,-0.553415,1.0,,,,,,,,,,,,,,0,none
54,35098,157.9051,138.7353,685,0,0,1,0,2.3006,2.151,collision,437.2,0.003204,0.396574,-0.852755,0.838522,5.930524,0.127915,4.726227,5.999713,0.42213,0.4101,-0.64213,1.0,,,,,,,,,,,,,,0,none
55,36273,302.858,172.7986,1175,0,0,1,0,1.1146,2.164,collision,451.9,0.016805,0.386444,-0.808119,0.841125,5.928735,0.143185,4.336087,5.999705,0.387766,0.405996,-0.657249,1.0,,,,,,,,,,,,,,0,none
56,36958,159.9557,172.8752,685,0,0,1,0,2.3455,2.14,collision,461.3,-0.041458,0.402197,-0.87974,0.815524,5.927316,0.13088,4.38567,5.999516,0.418679,0.407318,-0.557287,1.006865,-0.000499,0.005334,1.75359,0.004838,0.055013,0.35142,0.034841,0.0,0.0001,,,,,0,none
57,38129,307.3068,188.0933,1171,0,0,1,0,1.1113,2.172,collision,475.8,-0.003953,0.382717,-0.805828,0.831259,5.920415,0.189905,2.824428,5.999777,0.389675,0.40594,-0.624416,1.0,,,,,,,,,,,,,,0,none
58,38171,-38.5423,168.2569,42,0,0,1,0,3.8265,1.386,collision,476.3,-0.796153,0.090685,-0.89215,-0.50447,5.544594,0.575675,2.873311,5.97981,0.270457,0.35897,-0.431225,1.0,,,,,,,,,,,,,,0,none
59,38854,160.5224,168.6997,683,0,0,1,0,2.3477,2.088,collision,484.7,-0.095249,0.427711,-0.891028,0.823919,5.920535,0.162397,4.17913,5.999658,0.414237,0.405821,-0.536436,1.0,,,,,,,,,,,,,,0,none
60,39023,-29.4744,149.8118,169,0,0,1,0,3.7924,1.987,collision,487.4,-0.035776,0.499947,-0.867468,0.866014,5.152724,0.908083,1.788923,5.985785,0.355592,0.430868,-0.87791,1.008085,-0.120923,0.016489,1.75349,0.004826,0.079055,0.483293,0.093903,0.0,0.0001,,,,,0,none
61,39713,161.964,150.2336,690,0,0,1,0,2.2632,2.14,collision,495.9,-0.032204,0.401601,-0.870439,0.833063,5.924429,0.143697,4.473235,5.999745,0.421061,0.410689,-0.556329,1.0,,,,,,,,,,,,,,0,none
62,40399,158.0215,150.0606,686,0,0,1,0,2.2682,2.135,collision,504.2,0.013249,0.403232,-0.814384,0.842098,5.926806,0.135639,4.763135,5.999393,0.419519,0.410296,-0.648582,1.0,,,,,,,,,,,,,,0,none
63,41082,160.8808,150.1398,683,0,0,1,0,2.2689,2.109,collision,512.7,-0.072108,0.423526,-0.890741,0.831117,5.928345,0.118197,5.065899,5.99968,0.420364,0.409809,-0.528939,1.0,,,,,,,,,,,,,,0,none
64,41764,157.4401,150.0933,682,0,0,1,0,2.2426,2.133,collision,521.9,-0.06343,0.404415,-0.890497,0.773291,5.927771,0.16189,2.947932,5.999643,0.417592,0.409978,-0.548821,1.0,-0.004027,0.007644,1.753978,0.004814,0.063773,0.383474,0.037239,0.0,0.0001,,,,,0,none
65,42447,155.8988,135.3973,683,0,0,1,0,2.2617,2.136,collision,530.2,0.010811,0.403409,-0.84345,0.810574,5.927928,0.13511,4.550045,5.99996,0.420068,0.410724,-0.579114,1.0,,,,,,,,,,,,,,0,none
66,43126,155.943,134.9961,679,0,0,1,0,2.3023,2.08,collision,538.4,-0.127177,0.429175,-0.888218,0.81328,5.901175,0.226054,3.11419,5.999364,0.408605,0.407208,-0.551547,1.0,,,,,,,,,,,,,,0,none
67,43813,165.6331,120.8287,687,0,0,1,0,2.3507,2.106,collision,546.9,-0.090177,0.417707,-0.888958,0.82591,5.913671,0.187558,3.523751,5.999408,0.418753,0.406959,-0.562336,1.008428,,,,,,,,,,,,,,0,none
68,43969,-31.6403,121.5189,156,0,0,1,0,3.7827,1.953,collision,549.7,0.089896,0.51154,-0.877238,0.860725,5.034916,0.934285,0.912436,5.967426,0.332992,0.426501,-0.900028,1.0,-0.038893,0.00798,1.754312,0.004802,0.069644,0.713353,0.054968,0.0,0.0001,,,,,0,none
69,44655,158.7873,121.3454,686,0,0,1,0,2.2744,2.165,collision,558.4,-0.038339,0.3867,-0.874086,0.782085,5.917266,0.157026,4.381121,5.999319,0.420612,0.409197,-0.565172,1.0,,,,,,,,,,,,,,0,none
70,45345,156.7793,139.9708,690,0,0,1,0,2.3333,2.135,collision,567.0,0.020756,0.402806,-0.841748,0.82801,5.919577,0.160193,3.532776,5.99972,0.417356,0.40984,-0.668846,1.004404,,,,,,,,,,,,,,0,none
71,46031,156.9901,139.4734,686,0,0,1,0,2.3651,2.08,collision,575.5,-0.124592,0.430306,-0.896232,0.839561,5.857422,0.345004,2.022932,5.999698,0.398794,0.40224,-0.651018,1.0,,,,,,,,,,,,,,0,none
72,46715,159.169,139.5881,684,0,0,1,0,2.2664,2.149,collision,584.7,-0.006215,0.393803,-0.822746,0.824562,5.916488,0.163572,4.344126,5.999798,0.421939,0.410629,-0.684936,1.0,0.013321,0.007001,1.755089,0.00479,0.062918,1.513789,0.032219,0.0,0.0001,,,,,0,none
73,47894,299.9002,153.4901,1179,0,0,1,0,1.1131,2.17,collision,598.8,0.00613,0.383564,-0.825748,0.839092,5.924867,0.157641,4.275608,5.999747,0.389148,0.406874,-0.626387,1.0,,,,,,,,,,,,,,0,none
74,49076,296.6311,167.4092,1182,0,0,1,0,1.1267,2.164,collision,613.1,0.026247,0.384461,-0.832243,0.837512,5.918657,0.17397,4.164803,5.999828,0.389436,0.40813,-0.679676,1.0,,,,,,,,,,,,,,0,none
75,50258,299.0409,181.7234,1182,0,0,1,0,1.1171,2.175,collision,627.6,0.019856,0.379275,-0.82601,0.821917,5.918153,0.172089,3.650954,5.999809,0.391553,0.408717,-0.687313,1.0,,,,,,,,,,,,,,0,none
76,50945,159.7966,182.1087,687,0,0,1,0,2.2884,2.181,collision,638.6,0.005962,0.37939,-0.832246,0.846114,5.920952,0.140862,4.609564,5.999525,0.423206,0.410997,-0.568912,1.004596,0.06212,0.002651,1.755532,0.004778,0.039888,0.814864,0.055101,0.0,0.0001,,,,,0,none
77,51084,-37.4462,161.8008,139,0,0,1,0,3.8037,1.913,collision,640.3,0.060246,0.546812,-0.887205,0.859521,5.093493,0.937328,1.800712,5.964586,0.333803,0.432236,-0.941925,1.0,,,,,,,,,,,,,,0,none
78,51776,159.3922,180.904,692,0,0,1,0,2.3681,2.094,collision,649.1,-0.109899,0.424063,-0.892734,0.824313,5.906773,0.187509,3.828283,5.999457,0.41156,0.406513,-0.598728,1.001791,,,,,,,,,,,,,,0,none
79,52458,157.7656,180.8019,682,0,0,1,0,2.293,2.156,collision,657.4,-0.016651,0.394747,-0.880297,0.852426,5.918911,0.134874,4.675145,5.99966,0.421404,0.408731,-0.539151,1.0,,,,,,,,,,,,,,0,none
80,53142,160.316,181.1555,684,0,0,1,0,2.2762,2.156,collision,666.6,-0.023909,0.391582,-0.83213,0.832471,5.924618,0.141432,4.502529,5.99972,0.42409,0.411502,-0.555646,1.0,0.002683,0.008532,1.755575,0.004766,0.067105,0.404975,0.041859,0.0,0.0001,,,,,0,none
81,53235,-28.6385,162.5927,93,0,0,1,0,3.8321,2.16,collision,667.8,0.209521,0.313716,-0.515121,0.855227,4.847042,1.103733,0.635769,5.960451,0.281984,0.375055,-0.664735,1.006497,,,,,,,,,,,,,,0,none
82,53918,153.52,162.0278,683,0,0,1,0,2.27,2.111,collision,676.3,-0.079284,0.418156,-0.890078,0.800825,5.911964,0.178458,4.167178,5.99972,0.418782,0.412563,-0.593402,1.0,,,,,,,,,,,,,,0,none
83,54759,145.2097,146.5587,841,0,0,1,0,2.2852,1.947,collision,686.5,-0.159254,0.502512,-0.893824,0.85912,5.620568,0.69451,1.30378,5.998598,0.417103,0.42929,-0.96668,1.0,,,,,,,,,,,,,,0,none
84,55444,153.2921,132.2248,685,0,0,1,0,2.3104,2.079,collision,696.4,-0.116634,0.437122,-0.897459,0.803346,5.877716,0.275315,2.825365,5.999515,0.408767,0.409933,-0.592016,1.0,0.057396,0.00821,1.755291,0.004754,0.068934,0.383199,0.058292,0.0,0.0001,,,,,0,none
85,55611,-35.2428,98.7965,167,0,0,1,0,3.7961,1.967,collision,698.4,-0.012512,0.499002,-0.859732,0.817346,5.019842,1.120399,0.641295,5.993435,0.346398,0.433641,-0.923664,1.0,,,,,,,,,,,,,,0,none
86,56303,157.9019,98.607,692,0,0,1,0,2.3059,2.102,collision,706.9,-0.099181,0.420128,-0.89451,0.83664,5.885471,0.263734,3.064133,5.999543,0.414215,0.409054,-0.614026,1.0,,,,,,,,,,,,,,0,none
87,56436,-37.1997,98.6316,133,0,0,1,0,3.819,1.977,collision,708.7,0.049843,0.500922,-0.874399,0.843157,5.012486,0.977873,2.220632,5.985417,0.348642,0.433516,-0.903016,1.0,,,,,,,,,,,,,,0,none
88,57118,159.266,98.619,682,0,0,1,0,2.2463,2.165,collision,717.3,-0.008936,0.388913,-0.849563,0.803059,5.908945,0.165667,4.284848,5.999563,0.423007,0.411202,-0.527423,1.0,0.000118,0.014242,1.755366,0.004742,0.079392,0.364793,0.062416,0.0,0.0001,,,,,0,none
89,57808,160.3689,98.8794,690,0,0,1,0,2.3173,2.137,collision,725.7,-0.055913,0.401494,-0.85995,0.815104,5.907252,0.16286,4.580919,5.999722,0.420506,0.408705,-0.597888,1.002508,,,,,,,,,,,,,,0,none
90,58502,160.1718,98.8649,694,0,0,1,0,2.3287,2.15,collision,734.3,-0.046778,0.392918,-0.869675,0.851478,5.897559,0.22798,3.335481,5.999762,0.424235,0.411901,-0.618915,1.007825,,,,,,,,,,,,,,0,none
91,59192,159.5817,117.687,690,0,0,1,0,2.3408,2.11,collision,743.0,-0.048758,0.417289,-0.858166,0.845972,5.902269,0.193677,3.788769,5.999728,0.41914,0.408364,-0.579628,1.000415,,,,,,,,,,,,,,0,none
92,59884,161.2573,118.4607,692,0,0,1,0,2.2632,2.159,collision,752.4,-0.006264,0.391077,-0.842449,0.744478,5.89296,0.186723,3.919659,5.999629,0.42254,0.412227,-0.562495,1.0,-0.012088,0.007921,1.755649,0.00473,0.055435,0.355457,0.021976,0.0,0.0001,,,,,0,none
93,60569,154.159,119.3556,685,0,0,1,0,2.3163,2.077,collision,760.8,-0.127436,0.429564,-0.895876,0.816829,5.878365,0.24872,3.733995,5.999408,0.410749,0.409603,-0.605135,1.0,,,,,,,,,,,,,,0,none
94,61255,157.6501,119.7914,686,0,0,1,0,2.305,2.105,collision,769.2,-0.054475,0.420495,-0.878617,0.832573,5.870321,0.273207,3.223901,5.99943,0.421408,0.411962,-0.558029,1.0,,,,,,,,,,,,,,0,none
95,61946,161.1662,139.4323,691,0,0,1,0,2.2162,2.167,collision,777.7,-0.007902,0.385563,-0.832483,0.837881,5.897472,0.22503,2.670378,5.999379,0.422115,0.41244,-0.549378,1.0,,,,,,,,,,,,,,0,none
96,62639,163.4099,139.9831,693,0,0,1,0,2.2946,2.162,collision,786.8,-0.012313,0.385164,-0.819441,0.81413,5.897201,0.179187,4.706487,5.999363,0.422078,0.410891,-0.603046,1.005752,-0.006498,0.008089,1.755942,0.004718,0.05765,0.367182,0.028884,0.0,0.0001,,,,,0,none
97,63331,160.3646,159.7396,692,0,0,1,0,2.2983,2.149,collision,795.3,-0.058502,0.396204,-0.888827,0.828107,5.903776,0.204637,3.294873,5.9996,0.420266,0.409474,-0.593751,1.0,,,,,,,,,,,,,,0,none
98,64025,157.8189,159.5948,694,0,0,1,0,2.3416,2.075,collision,804.2,-0.131505,0.432524,-0.891579,0.811931,5.883143,0.288976,1.394533,5.999594,0.412835,0.410102,-0.657502,1.0,,,,,,,,,,,,,,0,none
99,64206,-33.4702,140.2109,181,0,0,1,0,3.7726,1.906,collision,806.4,-0.083716,0.533091,-0.886321,0.838725,4.987791,1.054414,1.297452,5.986437,0.368633,0.442979,-0.91585,1.0,,,,,,,,,,,,,,0,none
100,64897,156.9975,139.8935,691,0,0,1,0,2.2621,2.141,collision,815.9,-0.046189,0.403333,-0.892878,0.849783,5.911391,0.190084,3.216311,5.999406,0.423589,0.414342,-0.58741,1.0,0.009345,0.010733,1.75662,0.004706,0.063667,0.979691,0.051896,0.0,0.0001,,,,,0,none
101,65598,157.7567,139.711,701,0,0,1,0,2.2539,2.102,collision,824.5,-0.080143,0.426966,-0.893099,0.850912,5.893624,0.235829,3.463717,5.999643,0.420363,0.4136,-0.665194,1.0,,,,,,,,,,,,,,0,none
102,66291,156.4854,139.2338,693,0,0,1,0,2.3678,2.074,collision,833.0,-0.139894,0.427624,-0.893593,0.791163,5.872481,0.258959,3.588492,5.999689,0.402937,0.405518,-0.621237,1.0,,,,,,,,,,,,,,0,none
103,66334,-39.3898,119.8789,43,0,0,1,0,3.8378,1.72,collision,833.6,-0.568227,0.264689,-0.881048,0.187093,5.062727,1.020306,0.962863,5.979784,0.229617,0.329901,-0.577375,1.0,,,,,,,,,,,,,,0,none
104,66494,-42.5707,99.8568,160,0,0,1,0,3.7841,1.908,collision,836.5,-0.019857,0.540252,-0.882884,0.846875,5.041421,1.021042,1.336777,5.988568,0.349764,0.444965,-0.965909,1.0,0.010174,0.012247,1.75679,0.004694,0.08027,0.708595,0.024879,0.0,0.0001,,,,,0,none
105,66672,-39.2077,79.8195,178,0,0,1,0,3.7765,1.922,collision,838.7,0.024827,0.52312,-0.876355,0.83652,4.842494,1.127713,1.12565,5.991038,0.343983,0.439885,-0.951206,1.0,,,,,,,,,,,,,,0,none
106,67366,155.3247,79.0109,694,0,0,1,0,2.296,2.126,collision,847.4,-0.063749,0.409009,-0.897488,0.843201,5.892115,0.217938,3.229544,5.999547,0.420666,0.413561,-0.627419,1.0,,,,,,,,,,,,,,0,none
107,68069,155.5269,78.5272,703,0,0,1,0,2.3624,2.127,collision,856.2,0.004729,0.408556,-0.861326,0.834599,5.88866,0.196905,3.53888,5.999251,0.418816,0.413956,-0.665213,1.009536,,,,,,,,,,,,,,0,none
108,68763,155.5544,78.3007,694,0,0,1,0,2.3327,2.125,collision,866.2,-0.015836,0.411883,-0.855076,0.841448,5.894907,0.204186,4.074565,5.99976,0.421709,0.411249,-0.610164,1.0,-0.092262,0.015352,1.756644,0.004682,0.072565,0.513173,0.057892,0.0,0.0001,,,,,0,none
109,69973,290.2707,110.6748,1210,0,0,1,0,1.1584,2.148,collision,881.1,0.01472,0.393527,-0.870556,0.839732,5.883542,0.269388,2.007241,5.999845,0.393278,0.411702,-0.746201,1.0,,,,,,,,,,,,,,0,none
110,71169,293.3433,124.3094,1196,0,0,1,0,1.1545,2.151,collision,895.8,0.031026,0.39398,-0.850225,0.833337,5.895995,0.185934,3.965538,5.999602,0.390782,0.408742,-0.730119,1.0,,,,,,,,,,,,,,0,none
111,71862,161.9089,124.7246,693,0,0,1,0,2.3344,2.125,collision,904.3,-0.079444,0.40716,-0.864642,0.838768,5.88683,0.169606,4.494107,5.999108,0.418364,0.409035,-0.572463,1.003873,,,,,,,,,,,,,,0,none
112,72561,157.4952,124.8256,699,0,0,1,0,2.3122,2.144,collision,914.2,-0.006275,0.401385,-0.865146,0.862254,5.877707,0.277043,2.811877,5.999805,0.420763,0.412382,-0.631108,1.00021,0.010246,0.004392,1.756012,0.00467,0.043392,0.352918,0.036195,0.0,0.0001,,,,,0,none
113,73254,156.8117,144.4457,693,0,0,1,0,2.3552,2.083,collision,922.8,-0.097616,0.430465,-0.890677,0.806732,5.885528,0.234149,3.216932,5.999493,0.412834,0.409256,-0.627399,1.0,,,,,,,,,,,,,,0,none
114,73952,155.6887,164.2717,698,0,0,1,0,2.3224,2.138,collision,931.6,0.003562,0.400936,-0.855388,0.815698,5.876644,0.258527,2.675585,5.999811,0.417988,0.411413,-0.677809,1.001245,,,,,,,,,,,,,,0,none
115,74648,155.9446,183.7869,696,0,0,1,0,2.2766,2.153,collision,940.2,-0.02917,0.393796,-0.860782,0.849047,5.91083,0.149581,4.778334,5.999579,0.424224,0.413963,-0.62684,1.0,,,,,,,,,,,,,,0,none
116,75344,158.1963,184.0741,696,0,0,1,0,2.3345,2.143,collision,950.4,-0.051223,0.393406,-0.844326,0.818582,5.900426,0.164378,4.005187,5.999287,0.420563,0.410299,-0.657252,1.004615,-0.003713,0.007483,1.7556,0.004658,0.056551,0.493359,0.019281,0.0,0.0001,,,,,0,none
117,75488,-35.0811,165.0133,144,0,0,1,0,3.8117,2.007,collision,952.3,0.111693,0.453839,-0.75749,0.826079,5.066861,0.94366,0.754848,5.989166,0.330995,0.425009,-0.918783,1.0,,,,,,,,,,,,,,0,none
118,76193,150.978,164.5556,705,0,0,1,0,2.3383,2.112,collision,960.8,0.01534,0.419844,-0.871402,0.872834,5.895714,0.190097,4.192684,5.999723,0.412661,0.411317,-0.702888,1.0,,,,,,,,,,,,,,0,none
119,76893,160.4034,151.5689,700,0,0,1,0,2.3383,2.154,collision,969.6,-0.071889,0.392041,-0.874011,0.836844,5.896402,0.192055,3.794913,5.999398,0.419717,0.410007,-0.642994,1.009291,,,,,,,,,,,,,,0,none
120,77594,158.9403,138.1286,701,0,0,1,0,2.2629,2.132,collision,979.2,-0.044028,0.402637,-0.861757,0.817137,5.890649,0.203817,3.832085,5.999428,0.423052,0.414002,-0.677672,1.0,-0.004042,0.008621,1.755708,0.004646,0.066449,0.44484,0.034889,0.0,0.0001,,,,,0,none
121,78291,156.9548,137.6332,697,0,0,1,0,2.2791,2.134,collision,988.0,-0.028571,0.407344,-0.854756,0.798004,5.908906,0.162073,4.210092,5.999806,0.419235,0.410496,-0.62493,1.0,,,,,,,,,,,,,,0,none
122,79502,290.8306,150.9667,1211,0,0,1,0,1.1356,2.159,collision,1003.2,0.013485,0.387974,-0.864246,0.842988,5.892794,0.246459,2.933332,5.999591,0.3912,0.41093,-0.706606,1.0,,,,,,,,,,,,,,0,none
123,80206,156.1134,150.8969,704,0,0,1,0,2.2535,2.15,collision,1011.9,-0.020884,0.394375,-0.836094,0.805479,5.89419,0.181856,4.295827,5.99934,0.424922,0.415525,-0.654901,1.0,,,,,,,,,,,,,,0,none
124,80900,157.3595,151.064,694,0,0,1,0,2.2526,2.144,collision,1022.7,-0.049829,0.394944,-0.839789,0.840936,5.892427,0.212103,3.722803,5.999452,0.424197,0.414171,-0.615799,1.0,0.017272,0.00556,1.755757,0.004634,0.044703,0.538425,0.02241,0.0,0.0001,,,,,0,none
125,82097,292.3433,164.7039,1197,0,0,1,0,1.1386,2.156,collision,1037.7,-0.000706,0.38986,-0.819958,0.841559,5.893238,0.215783,3.739168,5.999726,0.391164,0.410304,-0.687332,1.0,,,,,,,,,,,,,,0,none
126,82800,158.3582,164.72,703,0,0,1,0,2.2958,2.136,collision,1046.4,-0.004275,0.404083,-0.845042,0.853252,5.88756,0.215996,3.876514,5.999749,0.418332,0.411234,-0.646399,1.0,,,,,,,,,,,,,,0,none
127,83496,157.278,183.956,696,0,0,1,0,2.3134,2.142,collision,1055.0,-0.03825,0.401046,-0.857621,0.83229,5.8917,0.210041,3.448283,5.999539,0.421344,0.41126,-0.619111,1.0,,,,,,,,,,,,,,0,none
128,84198,157.884,184.6466,702,0,0,1,0,2.3793,2.074,collision,1065.0,-0.106554,0.437225,-0.891781,0.829594,5.875992,0.235675,3.822539,5.999569,0.412919,0.410612,-0.662106,1.0,-0.00077,0.004911,1.755772,0.004622,0.047023,0.390117,0.014024,0.0,0.0001,,,,,0,none
129,84901,153.9381,184.0,703,0,0,1,0,2.2976,2.11,collision,1073.8,-0.048667,0.41971,-0.861646,0.87479,5.893862,0.22349,2.745485,5.999202,0.419433,0.412678,-0.631962,1.0,,,,,,,,,,,,,,0,none
130,85613,151.1294,183.2189,712,0,0,1,0,2.3199,2.104,collision,1082.3,0.00916,0.424511,-0.857405,0.879217,5.884895,0.225904,3.008766,5.999735,0.416912,0.413164,-0.687128,1.0,,,,,,,,,,,,,,0,none
131,86837,291.1863,196.6421,1224,0,0,1,0,1.1517,2.141,collision,1097.1,0.025059,0.393719,-0.84535,0.820809,5.889977,0.226981,1.834852,5.999665,0.391311,0.411131,-0.745948,1.0,,,,,,,,,,,,,,0,none
132,87540,152.8542,182.8445,703,0,0,1,0,2.2729,2.126,collision,1106.9,0.011589,0.413696,-0.872089,0.850433,5.888972,0.205478,4.145826,5.99986,0.417784,0.41308,-0.663711,1.0,0.005703,0.005362,1.756074,0.00461,0.049046,0.758538,0.012487,0.0,0.0001,,,,,0,none
133,87682,-37.4559,163.4875,142,0,0,1,0,3.8247,2.007,collision,1108.8,-0.025265,0.490355,-0.884674,0.779061,5.258063,0.820926,1.760313,5.985221,0.367869,0.441671,-0.893959,1.0,,,,,,,,,,,,,,0,none
134,88380,163.5039,164.102,698,0,0,1,0,2.3429,2.118,collision,1117.5,-0.061576,0.411873,-0.849889,0.827687,5.871462,0.302031,1.042955,5.999329,0.419607,0.409492,-0.624667,1.007624,,,,,,,,,,,,,,0,none
135,89080,158.601,150.7277,700,0,0,1,0,2.3699,2.104,collision,1126.2,-0.061272,0.4216,-0.873429,0.850814,5.876733,0.231074,3.284583,5.998868,0.418923,0.410337,-0.648282,1.005401,,,,,,,,,,,,,,0,none
136,90312,289.0263,163.7945,1232,0,0,1,0,1.1645,2.156,collision,1142.7,0.021601,0.392927,-0.815809,0.849716,5.859721,0.302253,2.968235,5.999776,0.390534,0.410835,-0.80129,1.0,-0.002124,0.00558,1.756502,0.004598,0.048148,0.360159,0.028606,0.0,0.0001,,,,,0,none
137,91024,157.0795,163.7747,712,0,0,1,0,2.3689,2.082,collision,1151.4,-0.122872,0.426884,-0.889375,0.85996,5.870482,0.253581,3.391644,5.999553,0.41225,0.410461,-0.700019,1.0,,,,,,,,,,,,,,0,none
138,91718,157.7424,163.7605,694,0,0,1,0,2.3261,2.128,collision,1160.1,-0.046166,0.406122,-0.832065,0.792563,5.885123,0.207187,3.515247,5.999544,0.422459,0.410814,-0.644419,1.0,,,,,,,,,,,,,,0,none
139,92428,153.9328,163.76,710,0,0,1,0,2.3727,2.05,collision,1168.8,-0.112149,0.450517,-0.896148,0.823778,5.864609,0.298639,2.982842,5.999413,0.4099,0.410034,-0.686452,1.0,,,,,,,,,,,,,,0,none
140,93126,153.8563,164.0327,698,0,0,1,0,2.2638,2.119,collision,1178.4,-0.011158,0.412295,-0.822973,0.801987,5.887319,0.237694,2.791555,5.999501,0.422992,0.414525,-0.6723,1.0,-0.015917,0.008016,1.757404,0.004586,0.058935,0.378114,0.040682,0.0,0.0001,,,,,0,none
141,93829,157.4173,150.6558,703,0,0,1,0,2.3358,2.121,collision,1187.0,-0.035059,0.414085,-0.860498,0.844028,5.884551,0.243485,3.671688,5.999597,0.419192,0.41101,-0.629088,1.0,,,,,,,,,,,,,,0,none
142,94527,157.9487,151.1652,698,0,0,1,0,2.3281,2.143,collision,1195.8,-0.036405,0.401314,-0.852353,0.876,5.898924,0.180667,3.703805,5.999067,0.422709,0.411663,-0.665564,1.004251,,,,,,,,,,,,,,0,none
143,94700,-31.1109,151.7997,173,0,0,1,0,3.8104,1.961,collision,1198.0,-0.016447,0.491379,-0.883602,0.809073,4.902363,1.143519,1.055066,5.992408,0.366908,0.436768,-0.889185,1.008674,,,,,,,,,,,,,,0,none
144,95392,156.9624,151.1456,692,0,0,1,0,2.2732,2.087,collision,1208.0,-0.102631,0.430354,-0.886414,0.844664,5.840072,0.372747,1.845351,5.999383,0.417071,0.411321,-0.606578,1.0,-0.059228,0.009251,1.758137,0.004574,0.059122,0.722972,0.048837,0.0,0.0001,,,,,0,none
145,96084,155.2078,150.8063,692,0,0,1,0,2.3267,2.054,collision,1216.5,-0.140892,0.440902,-0.891899,0.801786,5.858619,0.278423,3.542211,5.999421,0.411633,0.409744,-0.663112,1.0,,,,,,,,,,,,,,0,none
146,96772,161.027,138.0063,688,0,0,1,0,2.3039,2.14,collision,1224.8,-0.022829,0.402944,-0.831281,0.810722,5.88326,0.207795,3.997608,5.999145,0.419636,0.407556,-0.544953,1.000012,,,,,,,,,,,,,,0,none
147,97465,157.3069,138.0291,693,0,0,1,0,2.3383,2.118,collision,1233.2,-0.058389,0.410936,-0.873488,0.790194,5.89349,0.165395,4.594698,5.999434,0.419536,0.409707,-0.624604,1.0,,,,,,,,,,,,,,0,none
148,98161,154.5778,137.7126,696,0,0,1,0,2.3415,2.056,collision,1242.7,-0.113469,0.449004,-0.891954,0.84277,5.862807,0.285727,2.966957,5.999307,0.411348,0.409346,-0.642886,1.0,-0.003397,0.00692,1.758666,0.004562,0.055881,0.46607,0.040684,0.0,0.0001,,,,,0,none
149,98851,162.8786,138.6072,690,0,0,1,0,2.3298,2.101,collision,1251.0,-0.052398,0.422475,-0.857677,0.854292,5.889692,0.190596,4.084857,5.999644,0.420385,0.409181,-0.587265,1.0,,,,,,,,,,,,,,0,none
150,99540,156.0656,138.8281,689,0,0,1,0,2.2545,2.14,collision,1259.3,-0.027178,0.401159,-0.867439,0.813268,5.893074,0.197876,3.913918,5.999516,0.424284,0.412979,-0.618147,1.0,,,,,,,,,,,,,,0,none
151,100230,160.8069,139.1671,690,0,0,1,0,2.2765,2.087,collision,1267.8,-0.098179,0.431852,-0.889088,0.832135,5.869034,0.232817,3.371912,5.999878,0.420839,0.410973,-0.606977,1.0,,,,,,,,,,,,,,0,none
152,100930,155.6359,138.9358,700,0,0,1,0,2.2898,2.078,collision,1277.1,-0.097782,0.433309,-0.888912,0.826804,5.889025,0.206937,3.829344,5.999542,0.416356,0.411244,-0.66532,1.0,0.003717,0.007823,1.759191,0.00455,0.049042,0.266242,0.018556,0.0,0.0001,,,,,0,none
153,101635,155.7072,157.6176,705,0,0,1,0,2.3682,2.135,collision,1285.6,0.011584,0.412653,-0.875556,0.872532,5.872041,0.245919,3.314324,5.999037,0.415704,0.412513,-0.67562,1.011355,,,,,,,,,,,,,,0,none
154,102326,156.8059,157.602,691,0,0,1,0,2.3336,2.085,collision,1293.9,-0.1034,0.427758,-0.887938,0.857572,5.883414,0.200177,4.303961,5.999775,0.416035,0.410101,-0.597059,1.0,,,,,,,,,,,,,,0,none
155,103030,162.0358,158.2848,704,0,0,1,0,2.2836,2.123,collision,1302.3,-0.064973,0.408589,-0.864135,0.807911,5.874537,0.25269,3.301631,5.999492,0.423033,0.412274,-0.690461,1.0,,,,,,,,,,,,,,0,none
156,103728,159.837,158.1658,698,0,0,1,0,2.3684,2.057,collision,1311.7,-0.104202,0.450519,-0.882729,0.823696,5.854985,0.319111,2.887625,5.999442,0.412218,0.407836,-0.652719,1.0,-0.018086,0.006808,1.759582,0.004538,0.051755,0.415487,0.023275,0.0,0.0001,,,,,0,none
157,104430,155.9586,158.0309,702,0,0,1,0,2.3403,2.121,collision,1320.2,-0.003191,0.417354,-0.882634,0.856625,5.873555,0.244909,3.423272,5.999698,0.415437,0.410214,-0.635503,1.000482,,,,,,,,,,,,,,0,none
158,105134,153.9108,157.9642,704,0,0,1,0,2.3318,2.127,collision,1328.7,-0.002794,0.412701,-0.853657,0.825629,5.8827,0.242179,3.331297,5.999206,0.416809,0.411291,-0.635189,1.0,,,,,,,,,,,,,,0,none
159,105829,153.1143,156.9878,695,0,0,1,0,2.2931,2.113,collision,1337.0,-0.007089,0.422683,-0.866146,0.839185,5.90688,0.154173,4.20542,5.999557,0.421712,0.413054,-0.677667,1.0,,,,,,,,,,,,,,0,none
160,106518,154.3403,156.8153,689,0,0,1,0,2.2797,2.11,collision,1346.9,-0.116242,0.417086,-0.888622,0.819163,5.854539,0.264471,3.27046,5.99951,0.412306,0.410491,-0.624769,1.0,0.007486,0.006537,1.759865,0.004526,0.051603,0.6536,0.022607,0.0,0.0001,,,,,0,none
161,107727,302.8656,171.0212,1209,0,0,1,0,1.126,2.148,collision,1361.3,0.006062,0.399823,-0.825641,0.866769,5.866238,0.301807,1.539577,5.999828,0.392418,0.410029,-0.767803,1.0,,,,,,,,,,,,,,0,none
162,108418,154.9887,170.9564,691,0,0,1,0,2.2942,2.098,collision,1369.7,-0.045518,0.4268,-0.850904,0.86802,5.896148,0.199286,3.62068,5.999653,0.420533,0.410252,-0.628688,1.0,,,,,,,,,,,,,,0,none
163,108463,-38.2334,151.5624,45,0,0,1,0,3.8334,1.647,collision,1370.3,-0.610643,0.299708,-0.894552,0.387902,5.197768,0.778664,2.66854,5.988229,0.24361,0.337186,-0.524321,1.0,,,,,,,,,,,,,,0,none
164,109153,159.0633,151.7881,690,0,0,1,0,2.2585,2.111,collision,1379.7,-0.081484,0.416818,-0.886028,0.8457,5.874547,0.245723,3.194677,5.999685,0.423286,0.413363,-0.61571,1.0,-0.01156,0.0077,1.760485,0.004514,0.052219,0.369339,0.029765,0.0,0.0001,,,,,0,none
165,109849,156.7668,151.2612,696,0,0,1,0,2.3323,2.084,collision,1388.0,-0.087611,0.431854,-0.883368,0.858638,5.877631,0.234937,3.242804,5.999261,0.416637,0.410428,-0.681134,1.0,,,,,,,,,,,,,,0,none
166,111115,295.1054,164.7881,1266,0,0,1,0,1.131,2.137,collision,1403.3,0.049611,0.399539,-0.863536,0.844843,5.879466,0.289247,1.980359,5.999818,0.392696,0.413743,-0.876442,1.0,,,,,,,,,,,,,,0,none
167,111806,158.9776,165.09,691,0,0,1,0,2.3308,2.056,collision,1412.1,-0.113018,0.449551,-0.893212,0.821718,5.879069,0.237634,3.516559,5.999752,0.414399,0.408127,-0.603033,1.0,,,,,,,,,,,,,,0,none
168,112506,159.9596,165.6948,700,0,0,1,0,2.2409,2.137,collision,1421.4,0.000504,0.405219,-0.808356,0.861158,5.885381,0.275987,1.675766,5.999594,0.423984,0.414305,-0.637059,1.0,0.003739,0.005489,1.761286,0.004502,0.045224,0.251262,0.011074,0.0,0.0001,,,,,0,none
169,113720,302.3159,180.615,1214,0,0,1,0,1.116,2.156,collision,1436.2,-0.003292,0.389692,-0.857622,0.809236,5.879112,0.277434,2.546968,5.999832,0.390907,0.410527,-0.71721,1.0,,,,,,,,,,,,,,0,none
170,114418,160.6967,181.2506,698,0,0,1,0,2.3087,2.128,collision,1444.8,-0.03365,0.40508,-0.87125,0.831236,5.89162,0.229593,2.851375,5.999423,0.422845,0.411529,-0.648536,1.0,,,,,,,,,,,,,,0,none
171,115113,159.6133,166.9254,695,0,0,1,0,2.3537,2.131,collision,1453.2,-0.040873,0.411003,-0.848481,0.840394,5.893568,0.204136,3.434703,5.999525,0.420827,0.409523,-0.610891,1.008647,,,,,,,,,,,,,,0,none
172,115812,159.2978,167.3563,699,0,0,1,0,2.3769,2.106,collision,1462.5,-0.088448,0.417224,-0.869063,0.800511,5.882594,0.242704,3.26067,5.999779,0.417051,0.40951,-0.643596,1.007927,0.000237,0.004714,1.761936,0.00449,0.043726,0.24046,0.012869,0.0,0.0001,,,,,0,none
173,116510,162.5581,187.4354,698,0,0,1,0,2.3175,2.141,collision,1471.1,-0.046993,0.397039,-0.835294,0.830511,5.883976,0.246818,2.909725,5.999864,0.422813,0.409936,-0.723073,1.005656,,,,,,,,,,,,,,0,none
174,117201,155.0736,187.0365,691,0,0,1,0,2.2987,2.144,collision,1479.6,-0.01322,0.400402,-0.849124,0.853484,5.911425,0.179706,3.112589,5.999532,0.422911,0.411829,-0.63571,1.0,,,,,,,,,,,,,,0,none
175,117904,157.9086,187.1507,703,0,0,1,0,2.3744,2.088,collision,1488.3,-0.086532,0.42671,-0.893554,0.822501,5.880819,0.266413,1.652987,5.999552,0.419184,0.411591,-0.684317,1.000364,,,,,,,,,,,,,,0,none
176,118592,159.5787,173.598,688,0,0,1,0,2.2986,2.067,collision,1498.2,-0.122773,0.439502,-0.890939,0.809258,5.869914,0.267092,2.589384,5.999248,0.412602,0.407326,-0.615205,1.0,-0.017844,0.006497,1.762435,0.004478,0.049343,0.566614,0.032467,0.0,0.0001,,,,,0,none
177,119296,161.3613,173.8363,704,0,0,1,0,2.3383,2.127,collision,1506.6,-0.021894,0.404439,-0.846164,0.850348,5.885246,0.231526,3.185423,5.999308,0.423982,0.413572,-0.683983,1.008945,,,,,,,,,,,,,,0,none
178,120517,300.6796,187.9083,1221,0,0,1,0,1.1186,2.136,collision,1521.1,0.02954,0.404241,-0.858154,0.859018,5.871171,0.286064,2.059642,5.999823,0.390732,0.410098,-0.747453,1.0,,,,,,,,,,,,,,0,none
179,120548,-42.1993,153.4568,31,0,0,1,0,3.8393,2.267,collision,1521.5,-0.033407,0.290675,-0.650155,0.507226,4.585295,1.193063,1.525628,5.955449,0.204861,0.316277,-0.496845,1.0,,,,,,,,,,,,,,0,none
180,121245,152.4817,152.6353,697,0,0,1,0,2.3733,2.14,collision,1530.8,0.030279,0.401132,-0.883486,0.838757,5.876431,0.248701,3.635821,5.999314,0.420809,0.412816,-0.698778,1.010186,0.043912,0.005295,1.762963,0.004466,0.043503,0.247482,0.025961,0.0,0.0001,,,,,0,none
181,121931,154.9713,152.1711,686,0,0,1,0,2.2936,2.07,collision,1539.0,-0.130599,0.436123,-0.894341,0.77212,5.846855,0.370193,1.590412,5.999548,0.409321,0.408552,-0.570394,1.0,,,,,,,,,,,,,,0,none
182,122635,160.2362,152.265,704,0,0,1,0,2.3314,2.132,collision,1547.4,-0.003782,0.408579,-0.881134,0.852785,5.8752,0.231778,3.721463,5.999699,0.419264,0.410753,-0.686276,1.006993,,,,,,,,,,,,,,0,none
183,123861,298.8699,165.8962,1226,0,0,1,0,1.1321,2.166,collision,1562.2,0.015059,0.384459,-0.830573,0.817619,5.880223,0.263025,3.445506,5.999793,0.391216,0.410628,-0.751751,1.0,,,,,,,,,,,,,,0,none
184,124561,160.5484,166.4436,700,0,0,1,0,2.2586,2.122,collision,1571.5,-0.061775,0.411,-0.884411,0.865226,5.890143,0.198036,3.965744,5.999597,0.422541,0.412474,-0.63816,1.0,-0.010607,0.004914,1.762905,0.004454,0.046709,0.254399,0.017382,0.0,0.0001,,,,,0,none
185,125250,160.2442,166.6772,689,0,0,1,0,2.34,2.142,collision,1580.0,-0.033022,0.400554,-0.802084,0.865934,5.898685,0.17338,4.082324,5.999851,0.421994,0.40915,-0.61752,1.007448,,,,,,,,,,,,,,0,none
186,125943,156.0462,166.324,693,0,0,1,0,2.3615,2.139,collision,1588.4,-0.01494,0.400134,-0.84142,0.850884,5.884723,0.231,3.710438,5.999723,0.424753,0.413996,-0.611006,1.009564,,,,,,,,,,,,,,0,none
187,125979,-40.2383,146.164,36,0,0,1,0,3.8356,1.453,collision,1589.0,-0.755615,0.131682,-0.887303,-0.349325,5.358674,0.781826,2.357642,5.975704,0.261523,0.353261,-0.432401,1.0,,,,,,,,,,,,,,0,none
188,127189,300.0331,146.0993,1210,0,0,1,0,1.1155,2.135,collision,1605.0,0.005052,0.40333,-0.848307,0.834624,5.870183,0.292389,2.276043,5.999645,0.391416,0.410699,-0.703765,1.0,0.009364,0.006871,1.762771,0.004442,0.045642,0.396355,0.027988,0.0,0.0001,,,,,0,none
189,127889,159.836,166.3029,700,0,0,1,0,2.3203,2.095,collision,1613.6,-0.054599,0.42771,-0.847335,0.861352,5.882978,0.21844,4.082316,5.999417,0.422489,0.412196,-0.648301,1.0,,,,,,,,,,,,,,0,none
190,129100,303.18,181.3727,1211,0,0,1,0,1.1066,2.132,collision,1628.2,0.003906,0.401872,-0.811139,0.841364,5.872694,0.279236,2.394689,5.999715,0.39113,0.410578,-0.680297,1.0,,,,,,,,,,,,,,0,none
191,129807,160.9937,181.9749,707,0,0,1,0,2.3901,2.073,collision,1636.8,-0.11979,0.433696,-0.895337,0.806359,5.819728,0.361674,2.29341,5.999608,0.407799,0.405725,-0.673845,1.007475,,,,,,,,,,,,,,0,none
192,130503,162.5676,182.2081,696,0,0,1,0,2.3325,2.119,collision,1646.3,-0.036102,0.41058,-0.858395,0.796956,5.884541,0.212751,3.81359,5.99965,0.424749,0.412145,-0.622363,1.004461,0.007753,0.005224,1.762861,0.00443,0.042262,0.304009,0.022528,0.0,0.0001,,,,,0,none
193,131777,301.3272,182.4538,1274,0,0,1,0,1.1047,2.145,collision,1661.5,0.053188,0.392736,-0.817277,0.813492,5.875036,0.282013,2.195445,5.999722,0.393422,0.413591,-0.927281,1.0,,,,,,,,,,,,,,0,none
194,131901,-43.9163,162.0073,124,0,0,1,0,3.7976,1.76,collision,1663.1,0.067799,0.592996,-0.881819,0.869999,4.674221,1.292008,0.612419,5.988843,0.343038,0.444293,-0.947447,1.0,,,,,,,,,,,,,,0,none
195,132592,164.6513,162.4481,691,0,0,1,0,2.338,2.114,collision,1671.6,-0.056017,0.410571,-0.871375,0.834029,5.869748,0.234388,4.13747,5.999688,0.424256,0.411076,-0.582446,1.007221,,,,,,,,,,,,,,0,none
196,133284,159.3804,162.7815,692,0,0,1,0,2.3747,2.051,collision,1681.7,-0.132996,0.446283,-0.889704,0.825959,5.831742,0.351211,1.107855,5.99953,0.40287,0.403936,-0.606899,1.0,0.004101,0.007112,1.763267,0.004418,0.045349,0.392111,0.018223,0.0,0.0001,,,,,0,none
197,133975,158.7169,182.677,691,0,0,1,0,2.3099,2.13,collision,1690.2,-0.039542,0.407261,-0.829573,0.801035,5.885829,0.226078,3.271137,5.999548,0.424489,0.412015,-0.611822,1.0,,,,,,,,,,,,,,0,none
198,134175,-32.8719,149.3865,200,0,0,1,0,3.7921,1.935,collision,1692.6,0.001144,0.512225,-0.885369,0.874503,4.736518,1.134174,0.223673,5.969738,0.342301,0.430643,-0.954121,1.006454,,,,,,,,,,,,,,0,none
199,134869,157.3758,149.1405,694,0,0,1,0,2.3575,2.123,collision,1701.1,-0.006809,0.41047,-0.849778,0.858225,5.896224,0.168854,4.521223,5.999609,0.424831,0.413002,-0.701229,1.008576,,,,,,,,,,,,,,0,none
200,135562,161.2619,134.9487,693,0,0,1,0,2.3099,2.133,collision,1710.8,-0.03788,0.404129,-0.873215,0.853399,5.866875,0.268306,2.736282,5.999461,0.425787,0.41199,-0.62969,1.000232,-0.003826,0.01122,1.763333,0.004406,0.054055,0.446525,0.077029,0.0,0.0001,,,,,0,none
201,136247,157.433,134.5926,685,0,0,1,0,2.2998,2.149,collision,1719.5,-0.004972,0.39549,-0.815847,0.849688,5.882279,0.213895,3.819558,5.999353,0.424002,0.411084,-0.603676,1.0,,,,,,,,,,,,,,0,none
202,136936,160.9362,134.4295,689,0,0,1,0,2.3648,2.115,collision,1728.0,-0.075124,0.42122,-0.88542,0.840382,5.86774,0.32555,0.782359,5.999689,0.418098,0.40833,-0.599585,1.007188,,,,,,,,,,,,,,0,none
203,137071,-33.9348,100.9033,135,0,0,1,0,3.8245,1.934,collision,1729.7,0.083303,0.510269,-0.86549,0.821858,4.921237,1.058044,1.16718,5.988464,0.348664,0.429101,-0.87491,1.0,,,,,,,,,,,,,,0,none
204,137760,162.9642,121.5913,689,0,0,1,0,2.2602,2.138,collision,1739.5,-0.005838,0.404612,-0.832994,0.827348,5.883796,0.224782,3.086399,5.999588,0.425534,0.411912,-0.579551,1.0,-0.055704,0.0099,1.763402,0.004394,0.055635,0.743493,0.051962,0.0,0.0001,,,,,0,none
205,138451,159.1432,121.0405,691,0,0,1,0,2.3452,2.118,collision,1748.0,-0.030299,0.413734,-0.846109,0.823193,5.871718,0.25436,3.191821,5.999694,0.422602,0.410154,-0.607311,1.003338,,,,,,,,,,,,,,0,none
206,138605,-29.3917,102.1633,154,0,0,1,0,3.8232,1.934,collision,1750.0,0.048588,0.502461,-0.880842,0.820629,4.644727,1.176481,0.529419,5.972955,0.35192,0.425807,-0.857755,1.009422,,,,,,,,,,,,,,0,none
207,139293,159.115,102.2031,688,0,0,1,0,2.2691,2.157,collision,1758.5,0.001061,0.39138,-0.824945,0.841435,5.872446,0.228341,3.816777,5.999332,0.425136,0.412098,-0.603443,1.0,,,,,,,,,,,,,,0,none
208,139996,163.8204,121.8723,703,0,0,1,0,2.3899,2.064,collision,1768.0,-0.129176,0.438442,-0.893382,0.841115,5.849248,0.297421,3.232588,5.999613,0.413439,0.407854,-0.649697,1.00964,0.083519,0.006025,1.763495,0.004382,0.050745,0.609969,0.031396,0.0,0.0001,,,,,0,none
209,140686,154.7478,121.6095,690,0,0,1,0,2.3357,2.11,collision,1776.7,0.009488,0.419757,-0.862154,0.85711,5.86984,0.25825,2.877297,5.999797,0.424836,0.413732,-0.711552,1.0,,,,,,,,,,,,,,0,none
210,141379,159.4219,121.4255,693,0,0,1,0,2.3291,2.104,collision,1785.4,-0.000126,0.426237,-0.845408,0.879076,5.874787,0.259097,2.067806,5.99959,0.422964,0.412052,-0.729263,1.0,,,,,,,,,,,,,,0,none
211,142067,158.5109,121.5333,688,0,0,1,0,2.3207,2.136,collision,1794.1,-0.007528,0.402686,-0.869144,0.799016,5.887966,0.209809,3.441359,5.999652,0.427052,0.412946,-0.607522,1.0,,,,,,,,,,,,,,0,none
212,142227,-24.1611,103.0236,160,0,0,1,0,3.8104,1.914,collision,1797.3,0.165327,0.489002,-0.893241,0.83177,4.642462,1.295543,0.13299,5.989909,0.334447,0.415663,-0.857681,1.010875,-0.065242,0.007139,1.763103,0.00437,0.056986,0.656932,0.04512,0.0,0.0001,,,,,0,none
213,142419,-30.4138,103.3757,192,0,0,1,0,3.7963,1.937,collision,1799.7,-0.046212,0.528482,-0.888098,0.874756,4.831901,1.141281,0.76214,5.982638,0.362663,0.434802,-0.91351,1.011844,,,,,,,,,,,,,,0,none
214,143107,162.8922,103.3685,688,0,0,1,0,2.3162,2.113,collision,1808.4,-0.047689,0.412317,-0.848241,0.825924,5.865368,0.264541,2.924505,5.999213,0.425508,0.410684,-0.622337,1.0,,,,,,,,,,,,,,0,none
215,143798,162.0802,103.6622,691,0,0,1,0,2.3321,2.127,collision,1817.2,-0.032895,0.40788,-0.863944,0.864904,5.882519,0.207754,3.54269,5.999122,0.425788,0.411367,-0.615907,1.005795,,,,,,,,,,,,,,0,none
216,144492,164.8753,123.0889,694,0,0,1,0,2.364,2.098,collision,1827.2,-0.089646,0.418172,-0.890815,0.815469,5.847132,0.296999,3.364506,5.999134,0.421941,0.410245,-0.664358,1.008513,0.004804,0.006608,1.762479,0.004358,0.048857,0.590795,0.01487,0.0,0.0001,,,,,0,none
217,144665,-32.6185,103.9155,173,0,0,1,0,3.8246,1.93,collision,1829.4,-0.021058,0.530736,-0.890259,0.81176,4.920857,1.086132,0.698159,5.981249,0.361986,0.435373,-0.89883,1.00939,,,,,,,,,,,,,,0,none
218,145353,158.7357,103.4071,688,0,0,1,0,2.2827,2.105,collision,1838.1,-0.008782,0.421744,-0.827756,0.838295,5.874741,0.224088,3.659356,5.999742,0.425856,0.412683,-0.633835,1.0,,,,,,,,,,,,,,0,none
219,146041,161.5292,104.0852,688,0,0,1,0,2.308,2.109,collision,1846.5,-0.077245,0.422167,-0.893512,0.84969,5.856636,0.236056,3.888798,5.999629,0.423868,0.411882,-0.58759,1.0,,,,,,,,,,,,,,0,none
220,146729,161.7902,104.322,688,0,0,1,0,2.2655,2.149,collision,1855.8,-0.04324,0.391129,-0.821177,0.785661,5.874473,0.248202,3.49663,5.999089,0.424082,0.41011,-0.596928,1.0,-0.08431,0.008426,1.762112,0.004346,0.059101,0.596958,0.047752,0.0,0.0001,,,,,0,none
221,147416,158.5648,104.3274,687,0,0,1,0,2.3062,2.154,collision,1864.3,-0.046512,0.390895,-0.868615,0.82452,5.860323,0.281479,3.171931,5.999592,0.423319,0.410578,-0.591024,1.0,,,,,,,,,,,,,,0,none
222,148104,162.608,123.0043,688,0,0,1,0,2.2314,2.131,collision,1872.8,-0.025809,0.406412,-0.87222,0.818795,5.870452,0.258418,2.662781,5.999196,0.42597,0.412701,-0.587205,1.0,,,,,,,,,,,,,,0,none
223,148781,158.7022,141.9159,677,0,0,1,0,2.2844,2.102,collision,1881.2,-0.089619,0.423481,-0.892059,0.839381,5.838406,0.31689,1.684435,5.999195,0.414938,0.408179,-0.543005,1.0,,,,,,,,,,,,,,0,none
224,149467,160.6456,141.6913,686,0,0,1,0,2.352,2.078,collision,1890.7,-0.108665,0.433951,-0.89294,0.810937,5.851329,0.29118,2.876942,5.999683,0.419507,0.410182,-0.560268,1.0,-0.031867,0.00666,1.76174,0.004334,0.051389,0.656825,0.035577,0.0,0.0001,,,,,0,none
225,150158,160.5352,141.5368,691,0,0,1,0,2.305,2.078,collision,1899.6,-0.053125,0.432982,-0.861438,0.824164,5.879682,0.204861,3.771214,5.999366,0.425806,0.413416,-0.594251,1.0,,,,,,,,,,,,,,0,none
226,150845,159.2903,140.9783,687,0,0,1,0,2.244,2.14,collision,1908.2,-0.019344,0.398807,-0.823451,0.807716,5.884834,0.217029,3.215084,5.999185,0.425644,0.412792,-0.579947,1.0,,,,,,,,,,,,,,0,none
227,151532,156.4999,159.8901,687,0,0,1,0,2.2876,2.126,collision,1916.8,0.006163,0.409533,-0.839925,0.833254,5.870782,0.287131,2.817809,5.999606,0.423757,0.410959,-0.600719,1.0,,,,,,,,,,,,,,0,none
228,152221,160.5188,160.0684,689,0,0,1,0,2.3361,2.129,collision,1926.6,-0.072069,0.404478,-0.86679,0.824893,5.873641,0.226566,3.882916,5.999389,0.421268,0.408997,-0.603689,1.003464,-0.017861,0.007031,1.761581,0.004322,0.04719,0.430695,0.027564,0.0,0.0001,,,,,0,none
229,152909,159.8764,159.9031,688,0,0,1,0,2.3283,2.058,collision,1935.0,-0.114575,0.444557,-0.894074,0.8209,5.828874,0.379404,1.724708,5.999826,0.41528,0.409118,-0.609518,1.0,,,,,,,,,,,,,,0,none
230,153600,164.0557,160.1297,691,0,0,1,0,2.3437,2.116,collision,1943.6,-0.043898,0.411457,-0.874013,0.848668,5.872211,0.258056,2.565032,5.999679,0.424341,0.409548,-0.625136,1.008264,,,,,,,,,,,,,,0,none
231,154289,159.1972,160.1929,689,0,0,1,0,2.2298,2.159,collision,1952.1,-0.019286,0.385096,-0.848032,0.803259,5.884533,0.217137,3.064974,5.99931,0.424204,0.411169,-0.61797,1.0,,,,,,,,,,,,,,0,none
232,154453,-24.9362,141.4385,164,0,0,1,0,3.8087,1.863,collision,1955.2,0.124348,0.532461,-0.892258,0.83528,4.834408,1.248891,0.486303,5.99646,0.336341,0.418481,-0.880548,1.009034,-0.047928,0.009402,1.761472,0.00431,0.054505,0.359682,0.037922,0.0,0.0001,,,,,0,none
233,155138,160.9612,141.6644,685,0,0,1,0,2.3331,2.143,collision,1963.9,-0.045719,0.400495,-0.865113,0.821726,5.884666,0.217547,4.139995,5.999614,0.422978,0.409153,-0.593875,1.006839,,,,,,,,,,,,,,0,none
234,155819,155.0223,141.1021,681,0,0,1,0,2.3015,2.061,collision,1972.2,-0.120562,0.44645,-0.894635,0.816961,5.83919,0.342528,2.241122,5.999139,0.407506,0.407715,-0.587457,1.0,,,,,,,,,,,,,,0,none
235,156505,160.3908,141.0877,686,0,0,1,0,2.3125,2.133,collision,1980.7,-0.026814,0.408996,-0.865221,0.828838,5.901649,0.162118,4.001482,5.999539,0.425144,0.411098,-0.600148,1.0,,,,,,,,,,,,,,0,none
236,157193,156.5317,140.8118,688,0,0,1,0,2.2812,2.127,collision,1990.1,0.015231,0.412199,-0.873252,0.836268,5.860289,0.297659,2.519331,5.999912,0.422142,0.411463,-0.717144,1.0,0.034679,0.005234,1.76184,0.004298,0.0489,0.414512,0.032077,0.0,0.0001,,,,,0,none
237,157880,161.6089,141.3227,687,0,0,1,0,2.3322,2.116,collision,1998.5,-0.065195,0.417428,-0.883179,0.860211,5.870438,0.255048,3.09402,5.999225,0.423482,0.411147,-0.575091,1.0,,,,,,,,,,,,,,0,none
238,158567,157.9345,141.0643,687,0,0,1,0,2.256,2.132,collision,2007.3,-0.013378,0.403987,-0.86318,0.817502,5.894026,0.209176,2.809868,5.998913,0.424465,0.411839,-0.572949,1.0,,,,,,,,,,,,,,0,none
239,159257,163.2467,141.4013,690,0,0,1,0,2.361,2.068,collision,2016.1,-0.111616,0.441327,-0.892489,0.793541,5.844832,0.296354,3.076887,5.998963,0.41529,0.406821,-0.610491,1.000109,,,,,,,,,,,,,,0,none
240,159940,158.9247,140.8882,683,0,0,1,0,2.31,2.074,collision,2025.7,-0.108001,0.43449,-0.893901,0.816396,5.858594,0.302097,2.450672,5.999558,0.417275,0.410521,-0.584687,1.0,0.004211,0.006384,1.762395,0.004286,0.048091,0.298409,0.032573,0.0,0.0001,,,,,0,none
241,160627,156.7576,140.6442,687,0,0,1,0,2.2586,2.14,collision,2034.2,-0.033145,0.398969,-0.824588,0.838289,5.9029,0.165602,4.326878,5.999446,0.425728,0.413657,-0.60959,1.0,,,,,,,,,,,,,,0,none
242,161319,158.7292,159.0107,692,0,0,1,0,2.257,2.125,collision,2043.0,-0.040526,0.410176,-0.860716,0.854363,5.902205,0.178397,3.131603,5.998918,0.424638,0.413192,-0.622352,1.0,,,,,,,,,,,,,,0,none
243,161363,-40.3844,138.8762,44,0,0,1,0,3.8297,2.214,collision,2043.6,-0.139641,0.30201,-0.771314,0.54623,4.408945,1.294482,1.192331,5.968968,0.215709,0.320914,-0.629772,1.0,,,,,,,,,,,,,,0,none
244,162052,166.007,139.9747,689,0,0,1,0,2.3219,2.129,collision,2053.2,-0.048977,0.405002,-0.863967,0.757048,5.883652,0.2205,2.331779,5.99916,0.424251,0.409976,-0.609902,1.00693,0.120956,0.005324,1.762368,0.004274,0.044559,0.569192,0.038063,0.0,0.0001,,,,,0,none
245,162735,157.9644,139.732,683,0,0,1,0,2.3111,2.092,collision,2061.8,-0.086231,0.42846,-0.89327,0.852847,5.876595,0.235342,3.873348,5.99976,0.419095,0.410467,-0.57219,1.0,,,,,,,,,,,,,,0,none
246,162783,-38.9214,120.1867,48,0,0,1,0,3.8364,2.028,collision,2062.4,-0.129241,0.402806,-0.802998,0.685806,4.545517,1.305657,0.633424,5.922039,0.221016,0.326968,-0.595941,1.0,,,,,,,,,,,,,,0,none
247,163469,154.1324,119.4391,686,0,0,1,0,2.3174,2.15,collision,2071.1,0.00975,0.395332,-0.808635,0.863221,5.880172,0.237039,3.537626,5.998959,0.422712,0.411262,-0.716617,1.0,,,,,,,,,,,,,,0,none
248,163510,-40.8543,99.5602,41,0,0,1,0,3.8277,2.009,collision,2072.2,-0.247854,0.35004,-0.701186,0.504572,4.663807,1.181585,1.569895,5.933146,0.218713,0.319467,-0.632483,1.0,0.011352,0.011045,1.762028,0.004262,0.061886,0.289363,0.024351,0.0,0.0001,,,,,0,none
249,164200,164.4597,99.6815,690,0,0,1,0,2.2364,2.165,collision,2080.7,-0.053984,0.384792,-0.850457,0.793574,5.866014,0.233203,2.989519,5.999573,0.424584,0.410363,-0.593485,1.0,,,,,,,,,,,,,,0,none
250,164889,160.1786,99.8069,689,0,0,1,0,2.3695,2.059,collision,2089.1,-0.127808,0.444104,-0.89314,0.796432,5.828938,0.380647,1.395716,5.998973,0.411564,0.407312,-0.56854,1.0,,,,,,,,,,,,,,0,none
251,165580,163.8615,100.5173,691,0,0,1,0,2.3207,2.154,collision,2097.4,-0.041927,0.392679,-0.844265,0.820421,5.875408,0.2428,3.247825,5.999385,0.422544,0.407885,-0.638777,1.010351,,,,,,,,,,,,,,0,none
252,166268,162.7287,100.9172,688,0,0,1,0,2.331,2.123,collision,2107.3,-0.071932,0.412615,-0.886661,0.849213,5.863068,0.248231,3.348522,5.998754,0.423905,0.411217,-0.593324,1.001973,0.038359,0.007268,1.761994,0.00425,0.044939,0.435729,0.02718,0.0,0.0001,,,,,0,none
253,166953,162.3194,121.1876,685,0,0,1,0,2.3237,2.134,collision,2116.0,-0.002238,0.406007,-0.869177,0.825417,5.869295,0.24188,2.691015,5.999574,0.423331,0.408859,-0.546444,1.006835,,,,,,,,,,,,,,0,none
254,167113,-40.6927,100.5176,160,0,0,1,0,3.7933,1.87,collision,2118.2,-0.056921,0.558429,-0.896458,0.854222,4.987354,0.979219,1.365817,5.989535,0.362056,0.446906,-0.954478,1.0,,,,,,,,,,,,,,0,none
255,167799,161.1198,100.8332,686,0,0,1,0,2.2974,2.155,collision,2127.2,-0.034216,0.39329,-0.862534,0.835032,5.880314,0.185057,4.546195,5.99942,0.426469,0.412032,-0.576234,1.000245,,,,,,,,,,,,,,0,none
256,168485,160.0921,120.7345,686,0,0,1,0,2.3122,2.123,collision,2136.6,-0.031883,0.413556,-0.889639,0.796037,5.883374,0.206829,3.730596,5.999182,0.421407,0.408043,-0.593852,1.0,0.061556,0.00561,1.762164,0.004238,0.043674,0.960159,0.037725,0.0,0.0001,,,,,0,none
257,169171,161.7489,121.4962,686,0,0,1,0,2.3314,2.142,collision,2145.3,-0.047107,0.397605,-0.837935,0.864456,5.881773,0.226658,3.687251,5.999663,0.425187,0.410731,-0.557719,1.006658,,,,,,,,,,,,,,0,none
258,169856,156.2081,141.2024,685,0,0,1,0,2.3515,2.083,collision,2154.1,-0.119054,0.43096,-0.895649,0.852028,5.819799,0.38938,2.192492,5.999895,0.40702,0.407351,-0.582152,1.0,,,,,,,,,,,,,,0,none
259,170556,161.725,140.9289,700,0,0,1,0,2.3828,2.069,collision,2163.1,-0.109313,0.442954,-0.891502,0.843432,5.859795,0.252171,3.366776,5.999433,0.413685,0.407867,-0.633443,1.004258,,,,,,,,,,,,,,0,none
260,171236,157.9532,140.7064,680,0,0,1,0,2.3013,2.093,collision,2172.7,-0.082968,0.424912,-0.886785,0.832985,5.873116,0.285752,1.687411,5.999311,0.418396,0.410075,-0.577697,1.0,0.001218,0.005547,1.762145,0.004226,0.051686,0.318164,0.023461,0.0,0.0001,,,,,0,none
261,171923,161.1902,140.4393,687,0,0,1,0,2.244,2.109,collision,2181.5,-0.079325,0.425369,-0.887334,0.863981,5.863766,0.281674,2.972126,5.99964,0.421679,0.410847,-0.586091,1.0,,,,,,,,,,,,,,0,none
262,172610,160.0425,140.1706,687,0,0,1,0,2.3309,2.129,collision,2190.2,-0.036055,0.403968,-0.834725,0.838943,5.869596,0.246535,2.855288,5.999118,0.419953,0.407498,-0.620551,1.002531,,,,,,,,,,,,,,0,none
263,173306,165.1687,140.4556,696,0,0,1,0,2.3581,2.092,collision,2199.0,-0.085735,0.428355,-0.889801,0.81651,5.863145,0.263541,2.794833,5.999017,0.421277,0.409226,-0.640338,1.007868,,,,,,,,,,,,,,0,none
264,174577,300.9709,174.6219,1271,0,0,1,0,1.1023,2.116,collision,2217.2,0.022608,0.417923,-0.89102,0.852642,5.865316,0.307426,0.822085,5.999515,0.392616,0.413468,-0.937448,1.0,-0.012862,0.005197,1.762337,0.004214,0.044952,0.381626,0.024166,0.0,0.0001,,,,,0,none
265,175265,159.2683,174.4368,688,0,0,1,0,2.3125,2.133,collision,2225.8,-0.004733,0.405017,-0.824056,0.848594,5.873073,0.242579,3.680643,5.999622,0.425126,0.412433,-0.646839,1.0,,,,,,,,,,,,,,0,none
266,175951,162.4313,174.6707,686,0,0,1,0,2.3448,2.092,collision,2234.4,-0.070033,0.425786,-0.889813,0.867641,5.86987,0.271452,3.201864,5.999212,0.424548,0.411348,-0.555878,1.0,,,,,,,,,,,,,,0,none
267,176106,-27.5047,155.7453,155,0,0,1,0,3.8002,2.033,collision,2236.3,-0.056204,0.471691,-0.886868,0.819978,5.167848,0.853111,1.551075,5.978503,0.375271,0.435724,-0.810304,1.011347,,,,,,,,,,,,,,0,none
268,176792,159.4071,156.0652,686,0,0,1,0,2.3378,2.151,collision,2246.0,-0.009064,0.395591,-0.828229,0.84466,5.881126,0.227903,3.603857,5.999072,0.426398,0.411805,-0.583293,1.009193,-0.010141,0.006011,1.762235,0.004202,0.048781,0.473848,0.039626,0.0,0.0001,,,,,0,none
269,178010,299.8049,169.8732,1218,0,0,1,0,1.1133,2.153,collision,2261.3,0.02077,0.394378,-0.868307,0.838746,5.867812,0.277887,2.820878,5.99967,0.391925,0.410778,-0.785827,1.0,,,,,,,,,,,,,,0,none
270,179292,293.6853,183.4464,1282,0,0,1,0,1.1245,2.135,collision,2277.1,0.046261,0.4014,-0.884862,0.858869,5.862277,0.297379,2.850753,5.999727,0.393606,0.414534,-0.950241,1.0,,,,,,,,,,,,,,0,none
271,180506,299.0606,197.2335,1214,0,0,1,0,1.1213,2.143,collision,2292.2,0.023973,0.39689,-0.833848,0.837778,5.868532,0.276966,2.226583,5.999677,0.393045,0.41155,-0.712745,1.0,,,,,,,,,,,,,,0,none
272,181196,162.423,197.4715,690,0,0,1,0,2.355,2.112,collision,2302.5,-0.093324,0.414795,-0.891273,0.811073,5.869901,0.235023,3.531627,5.999306,0.418326,0.407936,-0.612218,1.005728,-0.000126,0.004487,1.762904,0.00419,0.035566,0.269771,0.05494,0.0,0.0001,,,,,0,none
273,181877,159.0112,196.8558,681,0,0,1,0,2.2374,2.147,collision,2311.3,-0.01475,0.403216,-0.848525,0.836,5.881728,0.237859,2.889689,5.999299,0.424325,0.410758,-0.55265,1.0,,,,,,,,,,,,,,0,none
274,182573,155.801,182.3388,696,0,0,1,0,2.2998,2.129,collision,2319.7,0.009592,0.413234,-0.8685,0.841451,5.864548,0.298238,2.028108,5.999764,0.42431,0.414272,-0.647367,1.0,,,,,,,,,,,,,,0,none
275,183260,157.9006,182.202,687,0,0,1,0,2.3198,2.064,collision,2328.2,-0.109919,0.43915,-0.893653,0.822224,5.859589,0.274073,3.080166,5.999679,0.4186,0.411358,-0.599062,1.0,,,,,,,,,,,,,,0,none
276,183954,159.923,181.9512,694,0,0,1,0,2.3693,2.058,collision,2338.6,-0.121749,0.444312,-0.889083,0.847342,5.830935,0.383301,1.364197,5.999556,0.415368,0.409705,-0.651007,1.0,-0.031331,0.008356,1.763651,0.004178,0.056864,0.471708,0.037242,0.0,0.0001,,,,,0,none
277,184639,157.0513,200.4068,685,0,0,1,0,2.2778,2.128,collision,2347.4,0.016005,0.410808,-0.836263,0.856033,5.869499,0.313055,2.623804,5.999428,0.423604,0.41146,-0.688634,1.0,,,,,,,,,,,,,,0,none
278,185327,164.4535,200.9114,688,0,0,1,0,2.3568,2.073,collision,2355.8,-0.102387,0.439548,-0.893532,0.84892,5.861656,0.300658,2.695191,5.99918,0.420065,0.408707,-0.587405,1.001794,,,,,,,,,,,,,,0,none
279,186010,160.3204,186.963,683,0,0,1,0,2.2142,2.149,collision,2364.4,-0.007865,0.397842,-0.845009,0.832361,5.87195,0.233796,3.279759,5.999241,0.425171,0.411578,-0.587682,1.0,,,,,,,,,,,,,,0,none
280,186694,163.5059,173.945,684,0,0,1,0,2.2137,2.129,collision,2373.4,-0.015822,0.405904,-0.829209,0.86763,5.86556,0.296897,2.749516,5.999553,0.423561,0.41055,-0.577137,1.0,-0.013305,0.006871,1.76391,0.004166,0.04437,0.466015,0.033597,0.0,0.0001,,,,,0,none
281,187382,158.9234,159.9313,688,0,0,1,0,2.2657,2.132,collision,2381.8,-0.004976,0.406058,-0.85392,0.871386,5.895421,0.187341,3.267964,5.999665,0.425376,0.412073,-0.589729,1.0,,,,,,,,,,,,,,0,none
282,188073,164.7301,160.162,691,0,0,1,0,2.2317,2.171,collision,2390.6,-0.026807,0.384508,-0.830402,0.831879,5.856016,0.280939,2.617129,5.999487,0.426821,0.412478,-0.606187,1.0,,,,,,,,,,,,,,0,none
283,188759,159.1546,160.1764,686,0,0,1,0,2.3404,2.068,collision,2398.9,-0.098083,0.438326,-0.898424,0.835287,5.873349,0.255197,3.468317,5.999412,0.418365,0.4108,-0.608561,1.0,,,,,,,,,,,,,,0,none
284,189445,163.4226,160.9386,686,0,0,1,0,2.3233,2.125,collision,2408.3,-0.024617,0.406421,-0.842648,0.837069,5.888968,0.172242,4.307676,5.998952,0.426936,0.411685,-0.578402,1.004342,-0.016799,0.007124,1.764326,0.004154,0.048512,0.256481,0.028486,0.0,0.0001,,,,,0,none
285,190126,157.5055,160.899,681,0,0,1,0,2.2709,2.117,collision,2416.8,0.00417,0.41631,-0.872833,0.868999,5.884034,0.227764,2.369462,5.998894,0.424319,0.411363,-0.671723,1.0,,,,,,,,,,,,,,0,none
286,190809,163.0852,161.2153,683,0,0,1,0,2.3372,2.116,collision,2425.3,-0.08431,0.416671,-0.893165,0.825771,5.88549,0.185813,3.920871,5.999561,0.421971,0.408721,-0.586593,1.003774,,,,,,,,,,,,,,0,none
287,191504,165.9353,162.1037,695,0,0,1,0,2.3629,2.089,collision,2433.6,-0.104904,0.428917,-0.889692,0.812169,5.864241,0.195969,4.66186,5.999566,0.419256,0.407716,-0.668509,1.009068,,,,,,,,,,,,,,0,none
288,192196,159.9206,161.6504,692,0,0,1,0,2.3352,2.111,collision,2443.6,-0.011896,0.41902,-0.841037,0.843009,5.87645,0.22928,3.630847,5.999223,0.42618,0.412466,-0.6259,1.002398,-0.037208,0.008323,1.765149,0.004142,0.045148,0.448981,0.036471,0.0,0.0001,,,,,0,none
289,192890,163.5992,161.9782,694,0,0,1,0,2.3477,2.126,collision,2452.2,-0.05544,0.410762,-0.881276,0.802374,5.866234,0.258199,2.418681,5.999035,0.419667,0.407438,-0.63477,1.008956,,,,,,,,,,,,,,0,none
290,192917,-43.9842,141.2292,27,0,0,1,0,3.8345,1.982,collision,2452.7,-0.292595,0.355409,-0.774331,0.459686,4.286497,1.34152,1.597314,5.790929,0.202258,0.318871,-0.597186,1.0,,,,,,,,,,,,,,0,none
291,193609,159.2042,141.2573,692,0,0,1,0,2.2281,2.124,collision,2461.0,-0.054792,0.407648,-0.88443,0.836197,5.881169,0.19404,4.081122,5.998918,0.425138,0.413746,-0.64613,1.0,,,,,,,,,,,,,,0,none
292,194293,158.0554,140.5898,684,0,0,1,0,2.2953,2.123,collision,2470.8,-0.038463,0.408427,-0.835461,0.822223,5.881124,0.233531,3.076591,5.999187,0.424458,0.412156,-0.61057,1.0,-0.080681,0.007152,1.765771,0.00413,0.050907,0.526458,0.0568,0.0,0.0001,,,,,0,none
293,194965,164.0981,141.0842,672,0,0,1,0,2.2605,2.121,collision,2479.1,-0.057711,0.415185,-0.890534,0.818714,5.846728,0.277252,2.444299,5.998927,0.421796,0.407602,-0.586305,1.0,,,,,,,,,,,,,,0,none
294,195133,-36.5497,121.087,168,0,0,1,0,3.8039,1.89,collision,2481.3,0.049863,0.539594,-0.891422,0.847314,4.853872,1.201034,0.729148,5.984747,0.339023,0.432001,-0.936882,1.0,,,,,,,,,,,,,,0,none
295,195822,158.7823,121.2146,689,0,0,1,0,2.3249,2.123,collision,2489.9,-0.05285,0.406936,-0.859821,0.832409,5.88649,0.198842,4.174592,5.999685,0.422615,0.410201,-0.647839,1.0,,,,,,,,,,,,,,0,none
296,196502,163.4669,121.2528,680,0,0,1,0,2.233,2.11,collision,2499.2,-0.030011,0.418788,-0.884819,0.776184,5.84269,0.284692,3.42411,5.999095,0.421281,0.409007,-0.597712,1.0,-0.017024,0.008381,1.766112,0.004118,0.05055,0.571219,0.078445,0.0,0.0001,,,,,0,none
297,197193,160.8946,120.7488,691,0,0,1,0,2.3319,2.071,collision,2507.9,-0.108698,0.435409,-0.890556,0.78792,5.850181,0.259728,2.894815,5.999479,0.421115,0.412081,-0.630871,1.0,,,,,,,,,,,,,,0,none
298,197882,161.576,120.9143,689,0,0,1,0,2.3316,2.111,collision,2516.6,-0.079193,0.415432,-0.870767,0.868134,5.867036,0.244922,3.398977,5.999745,0.420235,0.408792,-0.617511,1.0,,,,,,,,,,,,,,0,none
299,198569,162.5067,120.805,687,0,0,1,0,2.2287,2.12,collision,2525.0,-0.046087,0.409281,-0.862168,0.82378,5.85883,0.227768,3.969014,5.999616,0.423521,0.410827,-0.592783,1.0,,,,,,,,,,,,,,0,none
300,199253,158.1934,141.0228,684,0,0,1,0,2.3232,2.103,collision,2534.5,-0.094631,0.427884,-0.891453,0.815793,5.852786,0.328835,1.852058,5.999152,0.421533,0.4123,-0.59948,1.0,-0.030115,0.006599,1.76579,0.004106,0.051819,0.56589,0.039753,0.0,0.0001,,,,,0,none
301,199946,163.6419,141.4666,693,0,0,1,0,2.22,2.152,collision,2543.3,-0.033075,0.394269,-0.854279,0.835347,5.861282,0.23611,3.6463,5.999537,0.425,0.412009,-0.598547,1.0,,,,,,,,,,,,,,0,none
302,201152,305.1516,156.1762,1206,0,0,1,0,1.1104,2.16,collision,2558.1,0.020876,0.389907,-0.851674,0.8653,5.823725,0.350546,2.117988,5.999324,0.392307,0.409405,-0.699193,1.0,,,,,,,,,,,,,,0,none
303,201840,160.304,155.7968,688,0,0,1,0,2.2283,2.129,collision,2566.8,-0.006088,0.408461,-0.866502,0.859588,5.866049,0.235119,3.913732,5.999653,0.424885,0.411806,-0.581186,1.0,,,,,,,,,,,,,,0,none
304,203043,305.0327,189.955,1203,0,0,1,0,1.0992,2.15,collision,2583.3,0.020886,0.392213,-0.854217,0.855914,5.817699,0.401328,0.743349,5.999606,0.391566,0.410181,-0.696745,1.0,0.014762,0.00543,1.765629,0.004094,0.045214,0.510908,0.051945,0.0,0.0001,,,,,0,none
305,203213,-29.2172,171.1551,170,0,0,1,0,3.8196,1.965,collision,2585.5,0.069123,0.50376,-0.880812,0.862261,4.85714,1.051197,1.29436,5.971489,0.349,0.42567,-0.884308,1.011747,,,,,,,,,,,,,,0,none
306,203374,-46.5701,150.1514,161,0,0,1,0,3.7906,1.769,collision,2587.5,-0.030363,0.613294,-0.892558,0.875873,4.869588,1.086696,1.496366,5.978642,0.359411,0.453064,-0.967941,1.0,,,,,,,,,,,,,,0,none
307,204061,162.9622,150.3581,687,0,0,1,0,2.2813,2.143,collision,2596.2,-0.022929,0.400995,-0.831442,0.830551,5.862139,0.263158,2.571555,5.999605,0.429077,0.413508,-0.606167,1.0,,,,,,,,,,,,,,0,none
308,205268,309.0201,165.1025,1207,0,0,1,0,1.0931,2.145,collision,2612.1,0.013981,0.398135,-0.867675,0.827115,5.82725,0.396278,1.014328,5.999429,0.389506,0.408013,-0.726396,1.0,0.0452,0.007057,1.765683,0.004082,0.04861,0.654158,0.035223,0.0,0.0001,,,,,0,none
309,205445,-28.6005,145.9918,177,0,0,1,0,3.796,1.92,collision,2614.4,0.017258,0.541873,-0.876036,0.873773,5.016806,0.954774,1.386104,5.984034,0.364177,0.434409,-0.891296,1.008154,,,,,,,,,,,,,,0,none
310,206126,159.2728,146.0998,681,0,0,1,0,2.3515,2.048,collision,2623.0,-0.117101,0.450716,-0.892934,0.815425,5.812421,0.343523,3.137182,5.999398,0.41298,0.407881,-0.55403,1.0,,,,,,,,,,,,,,0,none
311,206814,159.2371,145.6593,688,0,0,1,0,2.3287,2.058,collision,2631.7,-0.109671,0.448652,-0.89259,0.83031,5.821088,0.394042,2.436172,5.999214,0.418319,0.411214,-0.588006,1.0,,,,,,,,,,,,,,0,none
312,207505,156.1735,130.7615,691,0,0,1,0,2.2279,2.152,collision,2641.4,-0.005272,0.392021,-0.856622,0.823067,5.859136,0.282842,1.903562,5.999383,0.427892,0.415654,-0.614701,1.0,0.022192,0.008055,1.765792,0.00407,0.048409,0.492021,0.053297,0.0,0.0001,,,,,0,none
313,208190,161.0227,130.8333,685,0,0,1,0,2.297,2.095,collision,2650.0,-0.069237,0.423018,-0.861193,0.833552,5.852259,0.285358,1.958017,5.999681,0.42547,0.412158,-0.60656,1.0,,,,,,,,,,,,,,0,none
314,208862,162.5741,116.5875,672,0,0,1,0,2.2329,2.123,collision,2658.4,-0.019894,0.415012,-0.866522,0.854551,5.842978,0.26166,2.810438,5.999629,0.422716,0.408692,-0.541598,1.0,,,,,,,,,,,,,,0,none
315,209544,154.5166,134.9609,682,0,0,1,0,2.2742,2.105,collision,2667.1,-0.107775,0.421883,-0.886751,0.796306,5.831025,0.362042,2.014287,5.999548,0.412229,0.410865,-0.625639,1.0,,,,,,,,,,,,,,0,none
316,209590,-38.4003,135.7778,46,0,0,1,0,3.8383,2.133,collision,2668.4,-0.099167,0.402365,-0.693912,0.703187,4.65473,1.049146,1.999583,5.927662,0.21316,0.316908,-0.533727,1.0,0.087646,0.004637,1.765567,0.004058,0.044569,0.514134,0.056079,0.0,0.0001,,,,,0,none
317,210278,160.2917,135.5108,688,0,0,1,0,2.233,2.104,collision,2677.0,-0.011959,0.425108,-0.855503,0.87119,5.839609,0.297753,2.87088,5.999614,0.424592,0.412225,-0.603029,1.0,,,,,,,,,,,,,,0,none
318,210967,163.2053,120.9293,689,0,0,1,0,2.3414,2.093,collision,2685.8,-0.067114,0.423616,-0.853556,0.829164,5.851445,0.272129,3.561594,5.999357,0.42376,0.410054,-0.629338,1.0,,,,,,,,,,,,,,0,none
319,211116,-26.5912,121.1302,149,0,0,1,0,3.8256,1.918,collision,2687.8,0.134574,0.503165,-0.891503,0.862484,4.858027,1.259622,0.315212,5.975634,0.336701,0.416374,-0.874719,1.010395,,,,,,,,,,,,,,0,none
320,211250,-36.4047,101.5625,134,0,0,1,0,3.8213,1.947,collision,2690.1,0.04016,0.508374,-0.888967,0.833327,4.894741,1.078405,1.250967,5.985826,0.351903,0.434242,-0.893632,1.0,-0.003394,0.011734,1.765381,0.004046,0.049372,0.614718,0.038422,0.0,0.0001,,,,,0,none
321,211415,-38.8857,81.7502,165,0,0,1,0,3.8082,1.957,collision,2692.2,0.036918,0.506825,-0.895169,0.84403,4.677762,1.276169,0.334183,5.971065,0.346571,0.436584,-0.939551,1.0,,,,,,,,,,,,,,0,none
322,212109,155.2292,81.6558,694,0,0,1,0,2.2801,2.132,collision,2700.7,0.002219,0.408147,-0.857053,0.838629,5.854541,0.251467,3.349219,5.999072,0.423432,0.412712,-0.684388,1.0,,,,,,,,,,,,,,0,none
323,213345,300.959,95.6494,1236,0,0,1,0,1.1164,2.137,collision,2716.0,0.029735,0.398595,-0.807733,0.809306,5.831365,0.327482,2.65472,5.999763,0.393074,0.412388,-0.761378,1.0,,,,,,,,,,,,,,0,none
324,214037,155.8259,94.9746,692,0,0,1,0,2.3254,2.092,collision,2725.6,-0.080606,0.427118,-0.893541,0.833994,5.849091,0.279793,3.656925,5.999648,0.421048,0.41305,-0.656103,1.0,-0.013376,0.008512,1.765433,0.004034,0.044628,0.175597,0.022278,0.0,0.0001,,,,,0,none
325,214731,164.2018,95.9431,694,0,0,1,0,2.3346,2.12,collision,2734.2,-0.037043,0.411482,-0.829293,0.853489,5.863479,0.24701,2.451197,5.999515,0.423713,0.409439,-0.664315,1.008065,,,,,,,,,,,,,,0,none
326,215428,163.001,116.0833,697,0,0,1,0,2.38,2.061,collision,2742.8,-0.104441,0.440896,-0.894058,0.849123,5.834694,0.308279,2.790614,5.99941,0.416381,0.407932,-0.634739,1.003269,,,,,,,,,,,,,,0,none
327,216121,155.1496,115.569,693,0,0,1,0,2.2921,2.124,collision,2751.5,0.005211,0.414747,-0.852886,0.845923,5.870583,0.22346,4.056545,5.999426,0.426875,0.414892,-0.656346,1.0,,,,,,,,,,,,,,0,none
328,216823,161.6853,115.417,702,0,0,1,0,2.3324,2.101,collision,2761.0,-0.056328,0.425911,-0.84602,0.852096,5.856146,0.274695,2.560449,5.999065,0.424965,0.412745,-0.681215,1.0,0.020344,0.007373,1.765922,0.004022,0.04311,0.479461,0.02599,0.0,0.0001,,,,,0,none
329,217522,165.3397,134.6101,699,0,0,1,0,2.3814,2.06,collision,2769.6,-0.119927,0.439969,-0.896955,0.804606,5.864159,0.204676,3.98896,5.998667,0.417219,0.408349,-0.675031,1.00596,,,,,,,,,,,,,,0,none
330,218188,162.3189,154.4825,666,0,0,1,0,2.2496,2.106,collision,2777.8,-0.056064,0.426805,-0.882769,0.839671,5.822942,0.316908,2.913887,5.999607,0.417973,0.40612,-0.559414,1.0,,,,,,,,,,,,,,0,none
331,218875,164.0174,174.7728,687,0,0,1,0,2.3116,2.106,collision,2786.5,-0.06316,0.416474,-0.847898,0.838055,5.864838,0.214456,3.802662,5.999502,0.426302,0.411859,-0.595709,1.0,,,,,,,,,,,,,,0,none
332,219564,161.5036,175.4002,689,0,0,1,0,2.3376,2.064,collision,2796.4,-0.098928,0.444245,-0.898033,0.83037,5.835991,0.276218,3.527251,5.999134,0.419281,0.409739,-0.613337,1.0,0.013659,0.007426,1.766726,0.00401,0.044719,0.277909,0.020741,0.0,0.0001,,,,,0,none
333,220256,161.804,161.4847,692,0,0,1,0,2.3019,2.111,collision,2805.2,-0.060158,0.416114,-0.864781,0.84104,5.87976,0.188109,4.007864,5.998834,0.427166,0.41339,-0.628413,1.0,,,,,,,,,,,,,,0,none
334,220940,161.8919,162.0913,684,0,0,1,0,2.3053,2.072,collision,2813.8,-0.09697,0.439407,-0.896489,0.812892,5.842747,0.328987,2.418781,5.998588,0.422174,0.411096,-0.562864,1.0,,,,,,,,,,,,,,0,none
335,221628,163.9466,162.0658,688,0,0,1,0,2.3108,2.123,collision,2822.0,-0.045409,0.415525,-0.868054,0.865963,5.872151,0.236905,2.731788,5.999632,0.425468,0.410905,-0.592924,1.0,,,,,,,,,,,,,,0,none
336,222327,163.82,162.1477,699,0,0,1,0,2.3763,2.083,collision,2831.6,-0.013381,0.438788,-0.85382,0.840441,5.841234,0.298375,1.845173,5.99936,0.422207,0.410544,-0.64276,1.011897,0.014867,0.005847,1.766999,0.003998,0.04398,0.506194,0.019105,0.0,0.0001,,,,,0,none
337,223025,157.4286,162.3756,698,0,0,1,0,2.3327,2.109,collision,2840.1,-0.009091,0.418536,-0.829424,0.874132,5.876742,0.209818,4.029624,5.999599,0.425924,0.413674,-0.708177,1.0,,,,,,,,,,,,,,0,none
338,223707,159.0372,162.1108,682,0,0,1,0,2.3182,2.139,collision,2848.8,-0.041792,0.399469,-0.866597,0.835656,5.857501,0.228195,4.25708,5.999604,0.424011,0.41057,-0.611668,1.0,,,,,,,,,,,,,,0,none
339,224391,160.8706,161.6639,684,0,0,1,0,2.3012,2.16,collision,2857.4,-0.038328,0.388261,-0.846043,0.843622,5.863093,0.213459,4.29266,5.999497,0.42618,0.411786,-0.597503,1.000118,,,,,,,,,,,,,,0,none
340,225087,166.1515,162.0471,696,0,0,1,0,2.367,2.083,collision,2866.9,-0.09487,0.434272,-0.895482,0.866585,5.808429,0.345347,2.716518,5.999092,0.422287,0.410352,-0.651663,1.00811,-0.001325,0.006726,1.766899,0.003986,0.042865,0.387555,0.021167,0.0,0.0001,,,,,0,none
341,225776,162.8913,161.9345,689,0,0,1,0,2.2918,2.13,collision,2875.3,-0.046913,0.405472,-0.837819,0.838068,5.879536,0.208951,3.382831,5.999642,0.427858,0.413164,-0.626168,1.0,,,,,,,,,,,,,,0,none
342,226472,166.6992,162.4541,696,0,0,1,0,2.3717,2.075,collision,2884.2,-0.087227,0.437899,-0.888378,0.824609,5.850505,0.288702,2.478908,5.999225,0.422201,0.409637,-0.629662,1.010224,,,,,,,,,,,,,,0,none
343,227156,162.435,162.5172,684,0,0,1,0,2.3337,2.134,collision,2892.5,-0.054037,0.405167,-0.871595,0.855834,5.873225,0.214376,3.93803,5.999342,0.424358,0.409955,-0.591761,1.004602,,,,,,,,,,,,,,0,none
344,227842,161.2143,162.4494,686,0,0,1,0,2.2637,2.115,collision,2901.9,-0.075369,0.417677,-0.893984,0.802511,5.840323,0.292279,2.793562,5.999798,0.423981,0.411685,-0.645828,1.0,-0.024522,0.008301,1.767053,0.003974,0.043929,0.281188,0.013046,0.0,0.0001,,,,,0,none
345,228526,162.7275,162.3275,684,0,0,1,0,2.2692,2.101,collision,2910.7,-0.05369,0.422806,-0.867113,0.809954,5.853904,0.227567,3.102651,5.999849,0.423603,0.410501,-0.668747,1.0,,,,,,,,,,,,,,0,none
346,229232,158.5558,161.8011,706,0,0,1,0,2.3789,2.088,collision,2919.5,-0.013874,0.432067,-0.856566,0.857575,5.864471,0.220995,4.114397,5.999743,0.426513,0.414706,-0.709912,1.008526,,,,,,,,,,,,,,0,none
347,229916,163.0486,162.3631,684,0,0,1,0,2.222,2.119,collision,2928.1,-0.050683,0.408622,-0.873675,0.868928,5.848642,0.301476,2.511278,5.999217,0.426667,0.41237,-0.594047,1.0,,,,,,,,,,,,,,0,none
348,230579,164.237,162.8831,663,0,0,1,0,2.2519,2.113,collision,2937.6,-0.029146,0.421931,-0.883843,0.834951,5.797424,0.339489,3.599563,5.999461,0.419167,0.405439,-0.534134,1.0,0.034738,0.006517,1.767627,0.003962,0.041724,0.632473,0.018012,0.0,0.0001,,,,,0,none
349,231268,160.938,162.8898,689,0,0,1,0,2.3355,2.064,collision,2945.9,-0.090312,0.445478,-0.890871,0.872913,5.841866,0.314152,2.315739,5.999726,0.425157,0.412946,-0.632705,1.0,,,,,,,,,,,,,,0,none
350,231959,162.6033,162.535,691,0,0,1,0,2.2325,2.12,collision,2954.3,-0.036693,0.407687,-0.844455,0.828576,5.862659,0.255079,3.857027,5.999691,0.426726,0.413572,-0.668719,1.0,,,,,,,,,,,,,,0,none
351,232664,163.3726,162.5831,705,0,0,1,0,2.3751,2.086,collision,2963.2,-0.081824,0.426428,-0.886375,0.855529,5.844933,0.287672,3.526824,5.998993,0.424024,0.412411,-0.715514,1.007707,,,,,,,,,,,,,,0,none
352,232832,-36.3089,142.2823,168,0,0,1,0,3.8255,1.949,collision,2966.4,0.000205,0.523869,-0.897396,0.847295,4.903787,1.078181,1.104552,5.992898,0.363873,0.439574,-0.917599,1.005711,0.002959,0.00823,1.768061,0.00395,0.044267,0.415923,0.020293,0.0,0.0001,,,,,0,none
353,233526,159.2933,141.9682,694,0,0,1,0,2.3374,2.116,collision,2975.1,-0.057498,0.412458,-0.871431,0.836872,5.850642,0.316777,2.307053,5.998848,0.423306,0.411595,-0.665422,1.0,,,,,,,,,,,,,,0,none
354,234229,156.5004,141.4968,703,0,0,1,0,2.3699,2.112,collision,2984.1,-0.005976,0.421107,-0.843483,0.835701,5.864893,0.26089,2.246948,5.998864,0.427589,0.41573,-0.697123,1.007153,,,,,,,,,,,,,,0,none
355,234924,163.174,141.5414,695,0,0,1,0,2.3689,2.064,collision,2992.9,-0.124278,0.441599,-0.894947,0.875031,5.831285,0.285911,3.735724,5.999382,0.41733,0.408968,-0.675173,1.000637,,,,,,,,,,,,,,0,none
356,235623,166.4794,142.3338,699,0,0,1,0,2.3779,2.069,collision,3003.3,-0.099883,0.437555,-0.888122,0.830194,5.858343,0.280713,1.820994,5.999542,0.423223,0.410587,-0.669664,1.009402,0.007406,0.00563,1.768331,0.003938,0.040962,0.62162,0.019843,0.0,0.0001,,,,,0,none
357,235676,-36.1249,122.4164,53,0,0,1,0,3.8436,2.174,collision,3004.0,-0.048473,0.363366,-0.836045,0.714935,4.450052,1.080835,1.588388,5.875702,0.219942,0.316031,-0.484427,1.0,,,,,,,,,,,,,,0,none
358,236373,160.1575,122.0085,697,0,0,1,0,2.3051,2.094,collision,3012.4,-0.04488,0.425783,-0.847765,0.8881,5.8764,0.204564,3.469067,5.99932,0.428313,0.414897,-0.691597,1.0,,,,,,,,,,,,,,0,none
359,237039,161.5542,122.0701,666,0,0,1,0,2.2715,2.081,collision,3020.8,-0.039939,0.440199,-0.882044,0.837521,5.829499,0.301544,3.573701,5.999761,0.420807,0.406714,-0.557503,1.0,,,,,,,,,,,,,,0,none
360,237734,160.0109,121.8109,695,0,0,1,0,2.2547,2.121,collision,3030.5,-0.016825,0.411978,-0.858314,0.855158,5.855957,0.288891,2.9697,5.999396,0.427676,0.414291,-0.708639,1.0,0.098658,0.012821,1.768716,0.003926,0.044952,0.698422,0.023506,0.0,0.0001,,,,,0,none
361,238422,154.5063,120.9242,688,0,0,1,0,2.3397,2.035,collision,3039.0,-0.144977,0.446712,-0.888636,0.816855,5.777107,0.503473,0.617469,5.999301,0.408054,0.410824,-0.651085,1.0,,,,,,,,,,,,,,0,none
362,239110,162.8099,140.8361,688,0,0,1,0,2.3331,2.114,collision,3047.6,-0.061286,0.412016,-0.864866,0.834241,5.869363,0.250593,3.413919,5.999649,0.427192,0.41236,-0.599165,1.002577,,,,,,,,,,,,,,0,none
363,240366,291.0053,154.0073,1256,0,0,1,0,1.1485,2.124,collision,3063.0,0.034116,0.406462,-0.835065,0.846797,5.816461,0.426568,1.362618,5.99962,0.392126,0.413696,-0.870557,1.0,,,,,,,,,,,,,,0,none
364,241056,157.5797,154.1152,690,0,0,1,0,2.3366,2.075,collision,3072.7,-0.112561,0.435631,-0.896148,0.866616,5.855978,0.291808,1.786597,5.999563,0.419466,0.412406,-0.672865,1.0,-0.000784,0.005402,1.76895,0.003914,0.044247,0.260426,0.03203,0.0,0.0001,,,,,0,none
365,241742,158.5962,153.6574,686,0,0,1,0,2.3252,2.109,collision,3080.9,-0.090489,0.414933,-0.896183,0.832824,5.854399,0.256007,3.664184,5.999125,0.421789,0.411413,-0.641921,1.0,,,,,,,,,,,,,,0,none
366,242438,160.2639,153.0359,696,0,0,1,0,2.2841,2.105,collision,3089.6,-0.034758,0.41947,-0.876068,0.823541,5.872103,0.198685,4.205636,5.999178,0.428293,0.414814,-0.669619,1.0,,,,,,,,,,,,,,0,none
367,243131,154.7153,172.1199,693,0,0,1,0,2.3308,2.051,collision,3098.0,-0.146725,0.441327,-0.894381,0.80206,5.805624,0.387213,1.801547,5.999387,0.409629,0.409863,-0.677089,1.0,,,,,,,,,,,,,,0,none
368,243796,162.1946,172.3236,665,0,0,1,0,2.2634,2.105,collision,3107.5,-0.070025,0.424864,-0.87606,0.857521,5.808832,0.368614,2.150351,5.999427,0.417293,0.405163,-0.615327,1.0,-0.009744,0.00722,1.769096,0.003902,0.048299,0.782282,0.020181,0.0,0.0001,,,,,0,none
369,244488,161.1503,172.2832,692,0,0,1,0,2.349,2.089,collision,3115.9,-0.080142,0.427307,-0.895376,0.830101,5.842541,0.290011,2.908206,5.999413,0.425654,0.413195,-0.662896,1.0,,,,,,,,,,,,,,0,none
370,245184,154.1709,171.6992,696,0,0,1,0,2.2565,2.112,collision,3124.3,0.008455,0.42337,-0.848934,0.869444,5.875437,0.228136,3.544042,5.999582,0.426646,0.415616,-0.67747,1.0,,,,,,,,,,,,,,0,none
371,245856,163.231,172.5717,672,0,0,1,0,2.2853,2.066,collision,3132.5,-0.09107,0.440194,-0.887014,0.840431,5.840592,0.261509,2.736026,5.999333,0.421669,0.408217,-0.620022,1.0,,,,,,,,,,,,,,0,none
372,246554,161.8133,172.4721,698,0,0,1,0,2.3125,2.109,collision,3141.9,-0.080609,0.415811,-0.888829,0.802322,5.873222,0.20246,3.974456,5.998994,0.427189,0.414378,-0.698401,1.0,0.02245,0.006129,1.769147,0.00389,0.041395,0.471003,0.019679,0.0,0.0001,,,,,0,none
373,247247,165.3722,159.9087,693,0,0,1,0,2.3505,2.104,collision,3150.5,-0.094535,0.421181,-0.891195,0.823092,5.849355,0.288205,3.417925,5.999534,0.422695,0.410002,-0.651774,1.007928,,,,,,,,,,,,,,0,none
374,248561,287.2503,172.8758,1314,0,0,1,0,1.1394,2.149,collision,3166.5,0.055737,0.393176,-0.863802,0.865942,5.83674,0.375723,0.585438,5.999772,0.393277,0.418686,-0.900841,1.0,,,,,,,,,,,,,,0,none
375,249247,153.569,172.3731,686,0,0,1,0,2.3069,2.079,collision,3175.0,0.000933,0.440381,-0.856833,0.844604,5.853267,0.268305,3.245757,5.999374,0.42292,0.412435,-0.678417,1.0,,,,,,,,,,,,,,0,none
376,249946,163.2402,172.6707,699,0,0,1,0,2.3567,2.112,collision,3184.9,-0.072625,0.417078,-0.853884,0.827016,5.847597,0.2988,2.447748,5.999521,0.424206,0.411297,-0.70782,1.008307,-0.00657,0.005456,1.768947,0.003878,0.044944,0.253109,0.03037,0.0,0.0001,,,,,0,none
377,250636,156.4889,172.8481,690,0,0,1,0,2.2952,2.124,collision,3193.4,-0.023131,0.414461,-0.856492,0.843267,5.862879,0.258868,3.751633,5.999407,0.427772,0.414108,-0.653506,1.0,,,,,,,,,,,,,,0,none
378,251334,160.9198,172.7206,698,0,0,1,0,2.2637,2.085,collision,3202.2,-0.089548,0.435165,-0.888534,0.828593,5.859366,0.274127,1.793993,5.999123,0.426935,0.415085,-0.684104,1.0,,,,,,,,,,,,,,0,none
379,252028,155.1276,172.1183,694,0,0,1,0,2.308,2.053,collision,3210.9,-0.115253,0.447183,-0.897024,0.803978,5.856263,0.282235,2.661965,5.999783,0.417609,0.413744,-0.688119,1.0,,,,,,,,,,,,,,0,none
380,252067,-39.7959,152.7217,39,0,0,1,0,3.8415,2.077,collision,3212.2,0.026667,0.396739,-0.663472,0.798805,4.456522,1.350211,0.605235,5.885516,0.208234,0.315338,-0.460749,1.0,0.115227,0.009406,1.768678,0.003866,0.047506,0.399857,0.053217,0.0,0.0001,,,,,0,none
381,252770,157.5021,152.1488,703,0,0,1,0,2.3596,2.116,collision,3220.8,-3.6e-05,0.419388,-0.860799,0.849086,5.885239,0.213072,3.594476,5.99982,0.427718,0.415434,-0.692258,1.005817,,,,,,,,,,,,,,0,none
382,253469,165.0995,152.4774,699,0,0,1,0,2.3221,2.116,collision,3229.4,-0.052739,0.413362,-0.838803,0.87206,5.836308,0.37157,1.750213,5.999104,0.426499,0.41223,-0.711204,1.005854,,,,,,,,,,,,,,0,none
383,254163,154.5782,151.398,694,0,0,1,0,2.2876,2.098,collision,3238.1,-0.018142,0.426756,-0.876094,0.8674,5.894188,0.203931,3.33825,5.999421,0.428605,0.416599,-0.676511,1.0,,,,,,,,,,,,,,0,none
384,254864,160.152,138.6881,701,0,0,1,0,2.308,2.09,collision,3248.5,-0.078588,0.433636,-0.893716,0.860224,5.863465,0.277995,2.324096,5.999022,0.425643,0.414827,-0.720392,1.0,0.005091,0.006033,1.768374,0.003854,0.04584,0.236579,0.035537,0.0,0.0001,,,,,0,none
385,255553,162.367,139.5679,689,0,0,1,0,2.2481,2.1,collision,3256.9,-0.087774,0.419357,-0.887158,0.855623,5.849996,0.287967,2.079202,5.999213,0.423318,0.411697,-0.701121,1.0,,,,,,,,,,,,,,0,none
386,256251,165.4466,139.7886,698,0,0,1,0,2.3628,2.066,collision,3265.6,-0.105882,0.44122,-0.892647,0.846218,5.856458,0.286913,1.143498,5.999704,0.421721,0.410132,-0.681939,1.004556,,,,,,,,,,,,,,0,none
387,256430,-48.7289,119.2668,179,0,0,1,0,3.7968,1.859,collision,3267.9,0.025225,0.566206,-0.890272,0.865342,4.914258,1.192093,0.927257,5.988383,0.345287,0.448383,-0.991316,1.0,,,,,,,,,,,,,,0,none
388,257125,156.6292,118.8377,695,0,0,1,0,2.2956,2.106,collision,3277.3,-0.059476,0.420273,-0.885269,0.823908,5.873528,0.255903,3.25116,5.999471,0.423124,0.413333,-0.726581,1.0,-0.005449,0.008378,1.768424,0.003842,0.043614,0.547078,0.024992,0.0,0.0001,,,,,0,none
389,257169,-38.0641,99.5186,44,0,0,1,0,3.8371,1.444,collision,3277.9,-0.756414,0.171676,-0.892453,-0.12956,5.008409,1.026677,1.338184,5.97593,0.258608,0.349071,-0.445191,1.0,,,,,,,,,,,,,,0,none
390,257872,157.5912,119.2573,703,0,0,1,0,2.2733,2.108,collision,3286.9,-0.024437,0.421171,-0.866813,0.856875,5.896749,0.230676,1.91082,5.999406,0.428146,0.416205,-0.72373,1.0,,,,,,,,,,,,,,0,none
391,258569,157.4449,119.2516,697,0,0,1,0,2.3446,2.085,collision,3295.6,-0.089663,0.428777,-0.886939,0.862768,5.881243,0.210286,4.068362,5.999588,0.422062,0.414134,-0.686798,1.0,,,,,,,,,,,,,,0,none
392,259268,160.9771,118.8393,699,0,0,1,0,2.2858,2.093,collision,3304.9,-0.107889,0.427458,-0.889131,0.856801,5.864734,0.22227,4.502719,5.999566,0.425314,0.414143,-0.699878,1.0,-0.015512,0.007489,1.768693,0.00383,0.047776,0.349981,0.048974,0.0,0.0001,,,,,0,none
393,259425,-36.1235,99.7691,157,0,0,1,0,3.832,1.917,collision,3307.0,-0.018578,0.541265,-0.897441,0.836714,5.25191,0.867379,1.50528,5.979778,0.377404,0.444856,-0.901069,1.003131,,,,,,,,,,,,,,0,none
394,260123,163.9509,100.149,698,0,0,1,0,2.381,2.06,collision,3315.7,-0.129824,0.444781,-0.891897,0.841375,5.845479,0.286171,3.505652,5.999155,0.416302,0.40903,-0.661293,1.005117,,,,,,,,,,,,,,0,none
395,260819,163.8604,100.2984,696,0,0,1,0,2.37,2.071,collision,3324.3,-0.0973,0.439428,-0.890692,0.831607,5.853883,0.278817,3.029887,5.999048,0.422472,0.411691,-0.645873,1.00473,,,,,,,,,,,,,,0,none
396,261506,154.6586,99.2196,687,0,0,1,0,2.3042,2.074,collision,3333.9,-0.117054,0.436026,-0.893122,0.838119,5.843525,0.356436,1.832224,5.999423,0.410244,0.410582,-0.66817,1.0,-0.04967,0.008584,1.769076,0.003818,0.055271,0.338767,0.030167,0.0,0.0001,,,,,0,none
397,262202,158.0982,119.9023,696,0,0,1,0,2.3583,2.084,collision,3342.4,-0.094855,0.42853,-0.873605,0.804236,5.866944,0.251457,2.599576,5.999718,0.420396,0.411985,-0.698115,1.0,,,,,,,,,,,,,,0,none
398,263501,289.6316,133.2025,1299,0,0,1,0,1.1498,2.135,collision,3358.3,0.04091,0.400618,-0.855461,0.874699,5.843776,0.351672,1.796394,5.999382,0.396425,0.418604,-0.879643,1.0,,,,,,,,,,,,,,0,none
399,264197,159.0298,152.9119,696,0,0,1,0,2.3303,2.114,collision,3367.1,-0.102356,0.404086,-0.876077,0.834179,5.872253,0.232089,3.161863,5.999609,0.426669,0.415624,-0.699792,1.0,,,,,,,,,,,,,,0,none
400,264362,-31.8445,133.9683,165,0,0,1,0,3.8182,1.803,collision,3370.3,0.075236,0.60528,-0.895518,0.871282,5.206663,0.920811,1.751779,5.991665,0.357181,0.434533,-0.929019,1.002334,0.013265,0.007953,1.769542,0.003806,0.050693,0.441223,0.040321,0.0,0.0001,,,,,0,none
401,265701,278.6629,146.0901,1339,0,0,1,0,1.1763,2.126,collision,3386.3,0.051065,0.407688,-0.861833,0.840048,5.810523,0.45019,0.633604,5.999571,0.391865,0.419876,-0.902915,1.0,,,,,,,,,,,,,,0,none
402,266415,162.2618,146.2186,714,0,0,1,0,2.3917,2.027,collision,3395.2,-0.140099,0.45675,-0.890432,0.855718,5.851023,0.277778,3.170295,5.999429,0.414285,0.410361,-0.733719,1.000176,,,,,,,,,,,,,,0,none
403,267110,158.3479,165.6658,695,0,0,1,0,2.2908,2.127,collision,3403.7,-0.04147,0.409334,-0.866965,0.819746,5.887099,0.219925,3.943713,5.999442,0.428208,0.414665,-0.705105,1.0,,,,,,,,,,,,,,0,none
404,267798,156.0365,164.8743,688,0,0,1,0,2.3048,2.059,collision,3413.8,-0.141448,0.43887,-0.892478,0.783904,5.841464,0.31345,2.151482,5.999479,0.415172,0.41239,-0.657708,1.0,-0.000702,0.005092,1.77005,0.003794,0.046288,0.334666,0.025899,0.0,0.0001,,,,,0,none
405,268506,156.0637,164.0946,708,0,0,1,0,2.3858,2.074,collision,3422.6,-0.004895,0.443985,-0.856381,0.881227,5.882918,0.198925,3.916006,5.999267,0.424955,0.415061,-0.687467,1.004617,,,,,,,,,,,,,,0,none
406,268642,-43.974,144.2314,136,0,0,1,0,3.8125,1.825,collision,3424.2,-0.002645,0.588796,-0.889606,0.863592,5.038092,1.010302,1.415854,5.96832,0.366245,0.451263,-0.951882,1.0,,,,,,,,,,,,,,0,none
407,269335,158.6419,144.2857,693,0,0,1,0,2.3199,2.126,collision,3432.7,-0.03402,0.407854,-0.826835,0.870937,5.881969,0.228073,3.946231,5.999365,0.429938,0.415152,-0.688559,1.0,,,,,,,,,,,,,,0,none
408,270020,156.7111,130.9937,685,0,0,1,0,2.273,2.11,collision,3442.0,-0.035,0.420536,-0.874224,0.8663,5.867548,0.235524,3.102719,5.998969,0.424066,0.412113,-0.712618,1.0,-0.02828,0.007811,1.769939,0.003782,0.047023,0.420114,0.037509,0.0,0.0001,,,,,0,none
409,270173,-39.0775,111.183,153,0,0,1,0,3.8285,1.964,collision,3444.0,-0.015392,0.521645,-0.889322,0.883654,5.222615,0.880964,1.339755,5.986243,0.377698,0.448295,-0.898047,1.000547,,,,,,,,,,,,,,0,none
410,270863,157.7084,130.1383,690,0,0,1,0,2.3223,2.093,collision,3452.4,-0.088533,0.426455,-0.890225,0.828671,5.879035,0.227915,3.521924,5.999166,0.42014,0.410968,-0.702548,1.0,,,,,,,,,,,,,,0,none
411,271564,163.6788,118.6398,701,0,0,1,0,2.3661,2.08,collision,3461.1,-0.107979,0.433399,-0.895246,0.833722,5.880217,0.22862,3.182072,5.99979,0.419828,0.410102,-0.703756,1.005145,,,,,,,,,,,,,,0,none
412,272267,159.342,118.3479,703,0,0,1,0,2.3316,2.096,collision,3470.4,-0.099487,0.423195,-0.890617,0.82954,5.886549,0.197199,4.081602,5.99954,0.426398,0.415763,-0.739924,1.0,0.026751,0.00737,1.769973,0.00377,0.04821,0.267808,0.028681,0.0,0.0001,,,,,0,none
413,272958,161.7399,118.6871,691,0,0,1,0,2.3548,2.106,collision,3479.1,-0.078346,0.417784,-0.87411,0.84976,5.862989,0.265674,3.448969,5.999616,0.426389,0.413201,-0.647687,1.00482,,,,,,,,,,,,,,0,none
414,273660,163.2276,119.4062,702,0,0,1,0,2.3575,2.096,collision,3487.9,-0.024471,0.428382,-0.859299,0.866339,5.87673,0.223784,3.789607,5.99974,0.430307,0.415784,-0.711565,1.008134,,,,,,,,,,,,,,0,none
415,274367,163.2382,120.1236,707,0,0,1,0,2.3895,2.057,collision,3496.7,-0.069324,0.446458,-0.865104,0.83316,5.876906,0.229112,3.550565,5.999625,0.420283,0.411313,-0.703901,1.006531,,,,,,,,,,,,,,0,none
416,275080,167.9822,141.3193,713,0,0,1,0,2.3902,2.037,collision,3506.6,-0.155164,0.447007,-0.891239,0.838688,5.830315,0.348912,1.978855,5.999062,0.416042,0.409367,-0.736375,1.010743,-0.020103,0.007308,1.769888,0.003758,0.039254,0.48201,0.031958,0.0,0.0001,,,,,0,none
417,275768,160.1309,141.4682,688,0,0,1,0,2.2961,2.117,collision,3515.1,-0.051058,0.416049,-0.872052,0.8493,5.871884,0.223552,3.871295,5.999349,0.428118,0.414133,-0.645474,1.0,,,,,,,,,,,,,,0,none
418,276449,163.538,142.1508,681,0,0,1,0,2.3455,2.069,collision,3523.8,-0.083567,0.440508,-0.883961,0.845277,5.85027,0.346505,0.689308,5.999841,0.423654,0.410519,-0.570758,1.0,,,,,,,,,,,,,,0,none
419,277150,159.2653,161.9851,701,0,0,1,0,2.3828,2.081,collision,3532.8,-0.021385,0.437436,-0.867303,0.838898,5.886182,0.187576,4.015527,5.999696,0.427985,0.415243,-0.662316,1.008864,,,,,,,,,,,,,,0,none
420,277840,161.8672,162.401,690,0,0,1,0,2.3088,2.102,collision,3541.8,-0.021998,0.425476,-0.826643,0.850773,5.88429,0.190482,3.746348,5.999631,0.429274,0.413779,-0.639417,1.0,-0.032724,0.006561,1.7695,0.003746,0.044706,0.619387,0.019806,0.0,0.0001,,,,,0,none
421,278534,160.6795,162.1011,694,0,0,1,0,2.3507,2.123,collision,3550.3,-0.043274,0.409776,-0.826837,0.762386,5.888979,0.211852,3.466147,5.998707,0.427838,0.413703,-0.687132,1.005831,,,,,,,,,,,,,,0,none
422,279230,161.7305,162.3399,696,0,0,1,0,2.3605,2.07,collision,3558.4,-0.067591,0.437703,-0.879955,0.863503,5.875002,0.207793,4.182519,5.999226,0.424635,0.412505,-0.670054,1.0,,,,,,,,,,,,,,0,none
423,279925,161.6114,162.3271,695,0,0,1,0,2.3173,2.114,collision,3567.1,-0.029759,0.418537,-0.88997,0.854937,5.879411,0.201591,3.740933,5.999571,0.430084,0.414946,-0.688454,1.0,,,,,,,,,,,,,,0,none
424,280614,160.7427,162.0786,689,0,0,1,0,2.3544,2.099,collision,3577.0,-0.007008,0.429412,-0.839666,0.826425,5.881135,0.203847,3.972086,5.999415,0.427474,0.412845,-0.591056,1.005006,-0.034468,0.00815,1.768883,0.003734,0.041012,0.493576,0.020663,0.0,0.0001,,,,,0,none
425,281280,160.1854,161.7733,666,0,0,1,0,2.2871,2.085,collision,3585.0,-0.019035,0.435807,-0.86139,0.829245,5.842289,0.302508,2.566611,5.999424,0.421022,0.407824,-0.623942,1.0,,,,,,,,,,,,,,0,none
426,281977,157.8147,160.7566,697,0,0,1,0,2.3226,2.121,collision,3593.5,-0.038417,0.404578,-0.836451,0.792301,5.892505,0.181731,4.169469,5.999485,0.426048,0.413625,-0.708633,1.0,,,,,,,,,,,,,,0,none
427,282664,157.7778,160.5212,687,0,0,1,0,2.3316,2.107,collision,3602.0,-0.069485,0.420119,-0.884878,0.830064,5.89503,0.250466,0.699424,5.999687,0.424516,0.413834,-0.632683,1.0,,,,,,,,,,,,,,0,none
428,283357,164.3878,160.6062,693,0,0,1,0,2.3687,2.059,collision,3611.5,-0.111086,0.444433,-0.887422,0.806775,5.855886,0.251553,3.858366,5.999735,0.419728,0.409495,-0.672686,1.000492,-0.020059,0.006649,1.769136,0.003722,0.042429,0.807519,0.0224,0.0,0.0001,,,,,0,none
429,284028,159.5132,160.631,671,0,0,1,0,2.3052,2.101,collision,3619.8,-0.075857,0.425052,-0.877504,0.839672,5.865959,0.245432,3.321783,5.99936,0.421336,0.408821,-0.576655,1.0,,,,,,,,,,,,,,0,none
430,284717,161.4287,160.5872,689,0,0,1,0,2.3108,2.118,collision,3628.4,-0.047402,0.413402,-0.860793,0.838417,5.872184,0.20635,4.088183,5.999488,0.427888,0.41373,-0.666407,1.0,,,,,,,,,,,,,,0,none
431,285390,164.4327,160.9625,673,0,0,1,0,2.3347,2.076,collision,3636.7,-0.068289,0.437081,-0.885401,0.819787,5.84209,0.29884,2.386765,5.999653,0.422342,0.406725,-0.640192,1.0,,,,,,,,,,,,,,0,none
432,286085,161.6018,160.9496,695,0,0,1,0,2.2887,2.138,collision,3646.9,-0.033739,0.402372,-0.84415,0.849565,5.87534,0.204569,3.276073,5.999783,0.429666,0.414781,-0.693794,1.0,-0.054405,0.007735,1.769412,0.00371,0.043967,0.543143,0.033046,0.0,0.0001,,,,,0,none
433,286762,164.855,161.274,677,0,0,1,0,2.3343,2.095,collision,3655.3,-0.073342,0.426803,-0.87764,0.85966,5.863772,0.263201,2.362045,5.999381,0.425287,0.410217,-0.580329,1.0,,,,,,,,,,,,,,0,none
434,287463,162.2745,161.4272,701,0,0,1,0,2.3754,2.041,collision,3663.9,-0.140796,0.448804,-0.894308,0.864074,5.864352,0.245895,2.200277,5.999536,0.416569,0.410374,-0.707971,1.0,,,,,,,,,,,,,,0,none
435,288153,160.9026,161.4989,690,0,0,1,0,2.3561,2.105,collision,3672.0,-0.023404,0.424442,-0.861269,0.839233,5.876801,0.193994,4.136803,5.999385,0.428328,0.413623,-0.63785,1.005155,,,,,,,,,,,,,,0,none
436,288842,162.093,161.9267,689,0,0,1,0,2.3447,2.099,collision,3681.8,-0.020748,0.427273,-0.883278,0.867988,5.860812,0.298174,2.767314,5.999128,0.427133,0.412297,-0.656367,1.003727,0.000807,0.007076,1.769412,0.003698,0.043743,0.386273,0.02361,0.0,0.0001,,,,,0,none
437,289529,163.0014,162.4491,687,0,0,1,0,2.3374,2.142,collision,3690.2,-0.03741,0.396482,-0.837931,0.812091,5.865952,0.242655,3.561349,5.999537,0.427952,0.412282,-0.638606,1.008982,,,,,,,,,,,,,,0,none
438,290219,165.8263,162.5929,690,0,0,1,0,2.3739,2.046,collision,3698.7,-0.096134,0.456243,-0.891692,0.831909,5.853394,0.246558,3.757341,5.99929,0.423389,0.411256,-0.567947,1.002555,,,,,,,,,,,,,,0,none
439,290893,164.7983,163.1214,674,0,0,1,0,2.317,2.086,collision,3707.2,-0.084489,0.431078,-0.87276,0.840643,5.845607,0.265273,2.536303,5.998982,0.421135,0.40688,-0.600477,1.0,,,,,,,,,,,,,,0,none
440,291563,162.4323,163.2218,670,0,0,1,0,2.2902,2.082,collision,3716.6,-0.061763,0.433711,-0.873231,0.834414,5.847455,0.270806,3.687236,5.999496,0.423019,0.409354,-0.582182,1.0,-0.013736,0.007448,1.769338,0.003686,0.043489,0.41857,0.021431,0.0,0.0001,,,,,0,none
441,292247,166.1627,163.3948,684,0,0,1,0,2.3447,2.07,collision,3725.0,-0.07728,0.438889,-0.895095,0.866146,5.851578,0.280031,2.722816,5.998972,0.424844,0.409955,-0.661932,1.0,,,,,,,,,,,,,,0,none
442,292943,162.9688,163.5315,696,0,0,1,0,2.3747,2.09,collision,3733.6,-0.058828,0.430623,-0.872863,0.834464,5.884668,0.213331,3.883945,5.999042,0.42563,0.412421,-0.69757,1.008,,,,,,,,,,,,,,0,none
443,293636,161.2003,163.166,693,0,0,1,0,2.3491,2.089,collision,3742.0,-0.014141,0.430632,-0.87869,0.826745,5.886849,0.197533,4.016707,5.999609,0.430876,0.415375,-0.658408,1.001721,,,,,,,,,,,,,,0,none
444,294338,159.7661,162.9152,702,0,0,1,0,2.3866,2.08,collision,3751.8,-6e-06,0.440348,-0.870635,0.883716,5.88131,0.213221,3.507414,5.999762,0.425147,0.414025,-0.67283,1.009404,-0.031566,0.005898,1.769116,0.003674,0.041573,0.437113,0.019865,0.0,0.0001,,,,,0,none
445,295002,164.4783,163.2728,664,0,0,1,0,2.3078,2.039,collision,3760.0,-0.094698,0.462833,-0.887959,0.849564,5.835905,0.267394,4.035295,5.99935,0.416492,0.404039,-0.548402,1.0,,,,,,,,,,,,,,0,none
446,295692,159.4841,163.0119,690,0,0,1,0,2.3255,2.114,collision,3768.6,-0.024142,0.414765,-0.864353,0.836437,5.883388,0.227797,3.427807,5.999597,0.429549,0.414729,-0.641116,1.0,,,,,,,,,,,,,,0,none
447,296395,166.0953,163.3213,703,0,0,1,0,2.385,2.035,collision,3777.3,-0.128457,0.451381,-0.892657,0.8461,5.852612,0.343223,2.068962,5.999569,0.417727,0.410147,-0.687171,1.005171,,,,,,,,,,,,,,0,none
448,297090,162.0718,162.9458,695,0,0,1,0,2.3735,2.065,collision,3786.5,-0.09461,0.441539,-0.883462,0.822078,5.883715,0.221859,3.527047,5.999472,0.419342,0.411678,-0.685531,1.0,-0.0204,0.006446,1.768795,0.003662,0.043169,0.348955,0.017496,0.0,0.0001,,,,,0,none
449,297785,164.0811,162.8741,695,0,0,1,0,2.3579,2.099,collision,3795.3,-0.037287,0.422587,-0.846711,0.827776,5.879226,0.245041,3.544755,5.999535,0.428384,0.413212,-0.684569,1.008355,,,,,,,,,,,,,,0,none
450,297941,-36.0569,143.0252,156,0,0,1,0,3.8251,1.9,collision,3797.4,0.053758,0.542214,-0.896577,0.813732,5.116868,0.875834,1.623847,5.974979,0.366604,0.440846,-0.915769,1.00079,,,,,,,,,,,,,,0,none
451,298597,158.6853,142.2774,656,0,0,1,0,2.306,2.068,collision,3805.7,-0.050105,0.447967,-0.892355,0.840389,5.850602,0.262197,3.310827,5.999022,0.416896,0.404505,-0.590004,1.0,,,,,,,,,,,,,,0,none
452,298748,-41.1943,121.8611,151,0,0,1,0,3.8112,1.728,collision,3808.2,0.033622,0.639191,-0.896278,0.879511,5.075193,1.001048,1.094269,5.982673,0.361109,0.446791,-0.953774,1.0,0.009954,0.008956,1.768611,0.00365,0.049359,0.67987,0.02062,0.0,0.0001,,,,,0,none
453,299442,161.6018,121.9013,694,0,0,1,0,2.3628,2.077,collision,3817.0,-0.091874,0.430957,-0.877289,0.806212,5.862624,0.25484,3.657455,5.999397,0.423847,0.412858,-0.662912,1.000057,,,,,,,,,,,,,,0,none
454,300132,158.979,121.8225,690,0,0,1,0,2.3224,2.135,collision,3825.5,-0.065938,0.403802,-0.849792,0.825602,5.89087,0.214816,2.943718,5.99941,0.427311,0.413518,-0.666225,1.0,,,,,,,,,,,,,,0,none
455,300818,162.9119,121.6659,686,0,0,1,0,2.3391,2.14,collision,3833.9,-0.02494,0.406016,-0.86455,0.849663,5.875496,0.245319,3.704494,5.999391,0.428294,0.412149,-0.65263,1.008643,,,,,,,,,,,,,,0,none
456,301478,162.3267,121.9502,660,0,0,1,0,2.3076,2.059,collision,3843.2,-0.033981,0.459126,-0.890706,0.878375,5.816211,0.392302,2.031317,5.998387,0.417571,0.404632,-0.560478,1.0,0.010267,0.006655,1.768446,0.003638,0.044166,0.225204,0.019002,0.0,0.0001,,,,,0,none
457,301665,-37.6996,101.5707,187,0,0,1,0,3.8244,1.931,collision,3845.6,-0.011732,0.5357,-0.892719,0.840484,5.075433,0.999675,0.32514,5.986418,0.368566,0.443462,-0.950393,1.00649,,,,,,,,,,,,,,0,none
458,302354,161.9183,101.5553,689,0,0,1,0,2.3254,2.101,collision,3854.2,-0.036684,0.420801,-0.856094,0.850065,5.875917,0.2148,4.293809,5.999673,0.430754,0.415093,-0.645765,1.0,,,,,,,,,,,,,,0,none
459,302491,-46.1671,80.5305,137,0,0,1,0,3.8108,1.785,collision,3856.0,0.038208,0.624098,-0.897397,0.857141,5.093656,0.925781,2.241246,5.9952,0.358793,0.451819,-0.974228,1.0,,,,,,,,,,,,,,0,none
460,303183,160.7496,100.2112,692,0,0,1,0,2.3374,2.106,collision,3865.4,-0.015133,0.425548,-0.853864,0.829897,5.877827,0.222936,3.181489,5.999821,0.429718,0.414771,-0.672189,1.002386,0.007223,0.010653,1.768475,0.003626,0.04798,0.206093,0.026254,0.0,0.0001,,,,,0,none
461,303859,157.9607,100.1387,676,0,0,1,0,2.3038,2.091,collision,3873.9,-0.013846,0.433375,-0.857088,0.857124,5.874468,0.211324,3.589643,5.999469,0.42407,0.410566,-0.612337,1.0,,,,,,,,,,,,,,0,none
462,304552,159.5367,120.2118,693,0,0,1,0,2.3704,2.064,collision,3882.7,-0.016342,0.451029,-0.879273,0.86995,5.868331,0.241342,3.150517,5.998895,0.426249,0.413496,-0.650299,1.0,,,,,,,,,,,,,,0,none
463,305247,162.579,120.3095,695,0,0,1,0,2.3629,2.099,collision,3891.4,-0.029771,0.42432,-0.829647,0.822147,5.88515,0.182637,4.396668,5.999242,0.427926,0.413768,-0.705266,1.009839,,,,,,,,,,,,,,0,none
464,305915,162.277,120.6393,668,0,0,1,0,2.319,2.085,collision,3900.5,-0.058957,0.433201,-0.871626,0.843663,5.868418,0.241636,2.817708,5.999679,0.423276,0.408626,-0.601875,1.0,-0.026955,0.007432,1.768849,0.003614,0.043392,0.387668,0.020726,0.0,0.0001,,,,,0,none
465,306089,-34.808,100.8673,174,0,0,1,0,3.826,1.81,collision,3902.6,0.07612,0.589552,-0.892963,0.854868,4.988622,1.043461,0.657846,5.978463,0.361641,0.439087,-0.950034,1.002649,,,,,,,,,,,,,,0,none
466,306775,165.1867,101.1533,686,0,0,1,0,2.3386,2.083,collision,3910.9,-0.068919,0.43211,-0.883593,0.858368,5.885783,0.195502,3.999848,5.998902,0.427842,0.412298,-0.615532,1.0,,,,,,,,,,,,,,0,none
467,307433,161.582,121.0815,658,0,0,1,0,2.3208,2.042,collision,3918.6,-0.052801,0.464545,-0.888696,0.863626,5.798308,0.347053,3.713531,5.999419,0.41251,0.401963,-0.574542,1.0,,,,,,,,,,,,,,0,none
468,308149,167.7275,121.6624,716,0,0,1,0,2.3916,2.008,collision,3928.2,-0.13518,0.46586,-0.8908,0.845195,5.872743,0.227745,3.12817,5.99923,0.416096,0.410322,-0.753074,1.003342,-0.079817,0.009039,1.769392,0.003602,0.046223,0.616143,0.028027,0.0,0.0001,,,,,0,none
469,308841,157.6838,142.0475,692,0,0,1,0,2.3754,2.005,collision,3936.4,-0.14229,0.468592,-0.891104,0.862845,5.798899,0.451659,2.059547,5.999592,0.403714,0.40842,-0.647905,1.0,,,,,,,,,,,,,,0,none
470,309513,163.6832,142.3409,672,0,0,1,0,2.3223,2.077,collision,3944.3,-0.038243,0.442745,-0.866755,0.835161,5.845074,0.287952,3.561111,5.999121,0.423775,0.408205,-0.619796,1.0,,,,,,,,,,,,,,0,none
471,310191,164.3479,142.9796,678,0,0,1,0,2.3214,2.077,collision,3952.1,-0.023206,0.442694,-0.872575,0.857125,5.854575,0.278186,2.770887,5.999496,0.425395,0.409885,-0.602283,1.0,,,,,,,,,,,,,,0,none
472,310886,165.2329,143.5492,695,0,0,1,0,2.3544,2.098,collision,3961.6,-0.046556,0.428602,-0.884746,0.876755,5.885742,0.227854,3.361201,5.999499,0.425129,0.410792,-0.690333,1.0085,-0.034643,0.007081,1.769486,0.00359,0.046461,0.466071,0.018919,0.0,0.0001,,,,,0,none
473,311582,161.6303,143.4543,696,0,0,1,0,2.2983,2.106,collision,3969.8,-0.06473,0.419151,-0.886715,0.860043,5.863087,0.232815,4.234889,5.998737,0.426829,0.414213,-0.68016,1.0,,,,,,,,,,,,,,0,none
474,312269,162.5021,143.4768,687,0,0,1,0,2.3335,2.066,collision,3977.8,-0.091576,0.444763,-0.894583,0.800709,5.876917,0.226512,2.305608,5.999556,0.427063,0.413877,-0.619295,1.0,,,,,,,,,,,,,,0,none
475,312294,-43.2909,142.6286,25,0,0,1,0,3.8441,2.157,collision,3978.2,-0.224513,0.309091,-0.717212,0.313615,4.356521,1.031148,1.986323,5.872541,0.201311,0.31492,-0.448361,1.0,,,,,,,,,,,,,,0,none
476,312961,162.6587,142.3757,667,0,0,1,0,2.3187,2.062,collision,3986.8,-0.091586,0.447402,-0.883889,0.81275,5.844715,0.280286,3.482751,5.998832,0.419634,0.406279,-0.564144,1.0,0.111454,0.012109,1.769485,0.003578,0.048856,0.622144,0.048819,0.0,0.0001,,,,,0,none
477,313650,156.8098,141.8985,689,0,0,1,0,2.3173,2.073,collision,3994.8,-0.06963,0.439991,-0.895243,0.843079,5.867216,0.238066,3.761039,5.99941,0.422767,0.413275,-0.662862,1.0,,,,,,,,,,,,,,0,none
478,314351,166.6632,141.7921,701,0,0,1,0,2.3803,2.024,collision,4003.2,-0.12528,0.459882,-0.895258,0.873994,5.857903,0.252561,2.465972,5.999393,0.419388,0.410969,-0.707895,1.0,,,,,,,,,,,,,,0,none
479,314539,-33.2566,122.698,188,0,0,1,0,3.831,1.876,collision,4005.4,0.076675,0.56214,-0.888991,0.85034,5.21491,0.870565,1.225659,5.995985,0.370843,0.440226,-0.934531,1.011899,,,,,,,,,,,,,,0,none
480,315234,164.1508,122.7448,695,0,0,1,0,2.3682,2.071,collision,4014.6,-0.109073,0.43257,-0.894991,0.815544,5.877942,0.183262,4.327052,5.999146,0.421692,0.410801,-0.659422,1.002743,-0.004409,0.007803,1.769441,0.003566,0.051645,0.609969,0.032754,0.0,0.0001,,,,,0,none
481,315927,158.3284,122.1429,693,0,0,1,0,2.3212,2.077,collision,4022.6,-0.01159,0.44186,-0.887786,0.848987,5.881033,0.216309,3.572311,5.998919,0.42785,0.415129,-0.706138,1.0,,,,,,,,,,,,,,0,none
482,316615,161.1096,121.7305,688,0,0,1,0,2.3574,2.034,collision,4030.7,-0.115224,0.458561,-0.892173,0.856725,5.868976,0.20945,4.432727,5.998773,0.416202,0.409968,-0.663558,1.0,,,,,,,,,,,,,,0,none
483,317306,162.8544,121.8529,691,0,0,1,0,2.3207,2.075,collision,4038.7,-0.041215,0.437116,-0.841279,0.859698,5.864143,0.239819,3.463046,5.999665,0.427668,0.41278,-0.666846,1.0,,,,,,,,,,,,,,0,none
484,317998,159.3218,121.5349,692,0,0,1,0,2.358,2.085,collision,4047.7,-0.030937,0.435109,-0.860174,0.818438,5.893626,0.175198,4.016583,5.998844,0.427013,0.414006,-0.661152,1.001073,0.000281,0.007499,1.769235,0.003554,0.046154,0.438647,0.017457,0.0,0.0001,,,,,0,none
485,318698,155.1642,141.3804,700,0,0,1,0,2.3463,2.079,collision,4055.9,-0.068611,0.438498,-0.891411,0.835738,5.889184,0.209604,3.598722,5.999686,0.422793,0.4146,-0.701137,1.0,,,,,,,,,,,,,,0,none
486,319399,164.0962,141.5242,701,0,0,1,0,2.3786,2.079,collision,4064.2,-0.097826,0.432497,-0.883583,0.814622,5.890306,0.174792,4.734959,5.999507,0.42377,0.412286,-0.696636,1.008204,,,,,,,,,,,,,,0,none
487,319577,-36.2695,122.2163,178,0,0,1,0,3.8226,1.805,collision,4066.4,0.095369,0.586183,-0.877889,0.851829,4.954234,1.179813,0.865972,5.987203,0.359232,0.439838,-0.961457,1.000651,,,,,,,,,,,,,,0,none
488,320270,165.6812,122.1181,693,0,0,1,0,2.3466,2.111,collision,4075.5,-0.044349,0.419982,-0.873962,0.829372,5.878759,0.222872,3.330748,5.999465,0.429486,0.413527,-0.643699,1.009725,-0.01074,0.008427,1.768697,0.003542,0.046953,0.557914,0.029863,0.0,0.0001,,,,,0,none
489,320938,161.8627,141.63,668,0,0,1,0,2.3045,2.066,collision,4082.9,-0.078619,0.44762,-0.885397,0.843048,5.853441,0.312298,3.134491,5.999122,0.422365,0.408581,-0.578894,1.0,,,,,,,,,,,,,,0,none
490,321628,163.5432,141.5692,690,0,0,1,0,2.3552,2.102,collision,4090.8,-0.039996,0.424233,-0.821771,0.839605,5.882991,0.213155,3.773363,5.999628,0.427648,0.412388,-0.624785,1.006271,,,,,,,,,,,,,,0,none
491,322306,159.4497,141.6814,678,0,0,1,0,2.3202,2.053,collision,4098.7,-0.120805,0.447173,-0.887641,0.805414,5.862205,0.253384,3.039173,5.999378,0.416713,0.408884,-0.628499,1.0,,,,,,,,,,,,,,0,none
492,322996,163.181,141.8885,690,0,0,1,0,2.3411,2.088,collision,4107.8,-0.022154,0.429082,-0.813806,0.863441,5.869884,0.212165,4.302547,5.999149,0.42897,0.413751,-0.625641,1.001351,0.014882,0.007944,1.76834,0.00353,0.045561,0.678383,0.026006,0.0,0.0001,,,,,0,none
493,323730,170.6169,142.6647,734,0,0,1,0,2.2912,1.994,collision,4116.4,-0.138505,0.476116,-0.890101,0.82745,5.808909,0.358389,2.574602,5.999288,0.388517,0.400903,-0.926058,1.0,,,,,,,,,,,,,,0,none
494,324422,160.8982,142.8224,692,0,0,1,0,2.336,2.121,collision,4124.3,-0.036644,0.409463,-0.822769,0.845919,5.871851,0.250009,2.575182,5.999473,0.427671,0.413535,-0.641863,1.002738,,,,,,,,,,,,,,0,none
495,325106,161.9358,143.4995,684,0,0,1,0,2.3294,2.086,collision,4132.2,-0.020877,0.436843,-0.889173,0.858559,5.876209,0.235319,2.422823,5.999038,0.429662,0.413894,-0.635198,1.0,,,,,,,,,,,,,,0,none
496,325793,158.9373,142.9836,687,0,0,1,0,2.3588,2.012,collision,4141.2,-0.16784,0.457774,-0.893681,0.862886,5.804613,0.430514,1.124965,5.999159,0.407851,0.407526,-0.672615,1.0,-0.02397,0.00588,1.768372,0.003518,0.044103,0.379675,0.015478,0.0,0.0001,,,,,0,none
497,325978,-37.4246,142.8681,185,0,0,1,0,3.8223,1.858,collision,4143.3,-0.001317,0.567292,-0.891276,0.831474,5.244806,0.882571,0.623525,5.994499,0.365613,0.442852,-0.958677,1.004283,,,,,,,,,,,,,,0,none
498,326671,157.3849,142.0385,693,0,0,1,0,2.3295,2.102,collision,4151.2,-0.005417,0.427302,-0.878951,0.865982,5.873218,0.23737,3.264071,5.9994,0.42587,0.414301,-0.686151,1.0,,,,,,,,,,,,,,0,none
499,327338,162.7447,142.1267,667,0,0,1,0,2.3353,2.026,collision,4158.6,-0.074235,0.467904,-0.887597,0.832164,5.799308,0.396451,1.922433,5.998968,0.413041,0.402767,-0.669907,1.0,,,,,,,,,,,,,,0,none
500,328007,160.3159,141.804,669,0,0,1,0,2.3131,2.065,collision,4167.4,-0.066075,0.446261,-0.872279,0.854326,5.83205,0.333468,2.520675,5.999301,0.417085,0.40573,-0.645966,1.0,-0.006374,0.005895,1.768989,0.003506,0.043088,0.747959,0.026568,0.0,0.0001,,,,,0,none
