global_step,episode,actor_loss,critic_loss,policy_entropy,entropy_coef,value_residual,grad_norm_actor,grad_norm_critic,grad_norm_rnn,lr_actor,lr_critic,alpha,alpha_loss,target_update_magnitude,recurrent_cell
5942,4,-0.091288,0.003577,1.844859,0.004994,0.016075,0.067086,0.000721,0.038889,3.7e-05,,,,,gru
5942,4,0.042519,0.004435,1.844859,0.004994,0.021205,0.063575,0.004158,0.026324,3.7e-05,,,,,gru
5942,4,-0.055186,0.004141,1.84486,0.004994,0.021227,0.089355,0.002876,0.059153,3.7e-05,,,,,gru
5942,4,-0.054086,0.00358,1.844861,0.004994,0.019473,0.070356,0.003434,0.03727,3.7e-05,,,,,gru
5942,4,0.011022,0.004906,1.844861,0.004994,0.020942,0.074781,0.001368,0.036748,3.7e-05,,,,,gru
5942,4,-0.059111,0.003541,1.844861,0.004994,0.018136,0.057457,0.000637,0.036372,3.7e-05,,,,,gru
5942,4,-0.087163,0.003707,1.844857,0.004994,0.018244,0.048703,0.000292,0.030448,3.7e-05,,,,,gru
5942,4,-0.015247,0.003855,1.844859,0.004994,0.018599,0.066573,0.00363,0.037585,3.7e-05,,,,,gru
5942,4,0.005526,0.004814,1.844855,0.004994,0.020888,0.143929,0.005773,0.091066,3.7e-05,,,,,gru
5942,4,-0.069174,0.004801,1.84485,0.004994,0.019491,0.078485,0.002433,0.047142,3.7e-05,,,,,gru
5942,4,-0.037476,0.003726,1.844846,0.004994,0.017836,0.142434,0.001808,0.093642,3.7e-05,,,,,gru
5942,4,0.008812,0.003659,1.844842,0.004994,0.020198,0.05446,0.001467,0.028861,3.7e-05,,,,,gru
11882,8,0.006051,0.004994,1.844834,0.004982,0.022551,0.05977,0.002362,0.021254,4.9e-05,,,,,gru
11882,8,-0.003012,0.003749,1.844815,0.004982,0.018229,0.048452,0.001245,0.029107,4.9e-05,,,,,gru
11882,8,-0.099616,0.00348,1.844792,0.004982,0.017412,0.058074,0.005938,0.032935,4.9e-05,,,,,gru
11882,8,-0.065588,0.003707,1.844774,0.004982,0.019854,0.085465,0.005369,0.033978,4.9e-05,,,,,gru
11882,8,-0.038769,0.003324,1.844763,0.004982,0.017889,0.039228,0.004259,0.023843,4.9e-05,,,,,gru
11882,8,0.01755,0.00523,1.844751,0.004982,0.021396,0.047032,0.001081,0.02144,4.9e-05,,,,,gru
11882,8,0.064111,0.004125,1.844729,0.004982,0.019953,0.056033,0.002306,0.020902,4.9e-05,,,,,gru
11882,8,-0.140958,0.004019,1.844715,0.004982,0.01841,0.053215,0.00381,0.027329,4.9e-05,,,,,gru
11882,8,-0.014903,0.004124,1.84471,0.004982,0.018541,0.094401,0.002074,0.041513,4.9e-05,,,,,gru
11882,8,-0.054453,0.004346,1.844687,0.004982,0.019379,0.050294,0.002013,0.031015,4.9e-05,,,,,gru
11882,8,0.012769,0.004267,1.844663,0.004982,0.018502,0.040373,0.004907,0.020354,4.9e-05,,,,,gru
11882,8,-0.050929,0.003826,1.844633,0.004982,0.019511,0.038029,0.003411,0.018519,4.9e-05,,,,,gru
17791,12,0.022069,0.004523,1.844609,0.00497,0.020574,0.091547,0.003427,0.033372,6.1e-05,,,,,gru
17791,12,-0.038685,0.003597,1.844573,0.00497,0.018631,0.063429,0.000368,0.036107,6.1e-05,,,,,gru
17791,12,-0.08347,0.004147,1.844554,0.00497,0.02166,0.029089,0.001526,0.008622,6.1e-05,,,,,gru
17791,12,-0.040819,0.004402,1.844533,0.00497,0.022637,0.037473,0.000852,0.022864,6.1e-05,,,,,gru
17791,12,0.026435,0.004432,1.844518,0.00497,0.019553,0.055962,0.00213,0.02419,6.1e-05,,,,,gru
17791,12,-0.08404,0.00329,1.844496,0.00497,0.018362,0.016543,0.002132,0.005276,6.1e-05,,,,,gru
17791,12,0.000305,0.004699,1.844477,0.00497,0.021088,0.088008,0.001095,0.054281,6.1e-05,,,,,gru
17791,12,-0.074184,0.003831,1.844449,0.00497,0.01985,0.057182,0.002453,0.031192,6.1e-05,,,,,gru
17791,12,-0.019127,0.003536,1.844423,0.00497,0.019794,0.106168,0.00102,0.065376,6.1e-05,,,,,gru
17791,12,-0.07035,0.003353,1.844404,0.00497,0.01856,0.055554,0.003291,0.031253,6.1e-05,,,,,gru
17791,12,0.017484,0.004179,1.844388,0.00497,0.020514,0.04149,0.000374,0.026296,6.1e-05,,,,,gru
17791,12,-0.042186,0.004581,1.844372,0.00497,0.022047,0.05746,0.002349,0.033526,6.1e-05,,,,,gru
23640,16,-0.03431,0.004886,1.844361,0.004958,0.02222,0.061201,0.002,0.030294,7.3e-05,,,,,gru
23640,16,-0.018557,0.004125,1.84436,0.004958,0.020203,0.0393,0.003341,0.017956,7.3e-05,,,,,gru
23640,16,-0.051119,0.003368,1.84435,0.004958,0.017831,0.079476,0.001733,0.048239,7.3e-05,,,,,gru
23640,16,-0.046384,0.004023,1.844353,0.004958,0.020942,0.04058,0.002301,0.016822,7.3e-05,,,,,gru
23640,16,-0.011498,0.004512,1.844373,0.004958,0.021377,0.040275,0.003621,0.019744,7.3e-05,,,,,gru
23640,16,-0.04483,0.003874,1.844385,0.004958,0.017798,0.057576,0.000974,0.030221,7.3e-05,,,,,gru
23640,16,0.060449,0.004138,1.844398,0.004958,0.02235,0.071044,0.003883,0.037796,7.3e-05,,,,,gru
23640,16,-0.073753,0.003867,1.84442,0.004958,0.019288,0.044591,0.00203,0.024944,7.3e-05,,,,,gru
23640,16,-0.096797,0.004281,1.844439,0.004958,0.019422,0.04566,0.002876,0.025242,7.3e-05,,,,,gru
23640,16,-0.05702,0.003765,1.844461,0.004958,0.019872,0.030205,0.001422,0.009699,7.3e-05,,,,,gru
23640,16,-0.036053,0.004453,1.84449,0.004958,0.020969,0.109893,0.000746,0.071433,7.3e-05,,,,,gru
23640,16,-0.004221,0.004024,1.844518,0.004958,0.019467,0.082709,0.001325,0.054813,7.3e-05,,,,,gru
29632,20,-0.05903,0.003702,1.844549,0.004946,0.01944,0.087953,0.000357,0.056907,8.5e-05,,,,,gru
29632,20,-0.058607,0.004138,1.844576,0.004946,0.019924,0.123656,0.000374,0.06863,8.5e-05,,,,,gru
29632,20,0.026969,0.004106,1.844601,0.004946,0.020506,0.104174,0.00389,0.057555,8.5e-05,,,,,gru
29632,20,-0.016593,0.004308,1.844624,0.004946,0.020855,0.077169,0.00114,0.045191,8.5e-05,,,,,gru
29632,20,-0.063508,0.004096,1.844646,0.004946,0.01888,0.103256,0.000323,0.055444,8.5e-05,,,,,gru
29632,20,-0.011635,0.003514,1.844657,0.004946,0.019857,0.044239,0.00061,0.023907,8.5e-05,,,,,gru
29632,20,-0.02902,0.00366,1.84466,0.004946,0.018812,0.039388,0.000427,0.017751,8.5e-05,,,,,gru
29632,20,-0.048064,0.004165,1.84465,0.004946,0.020999,0.097263,0.000362,0.057176,8.5e-05,,,,,gru
29632,20,-0.013785,0.004219,1.844644,0.004946,0.019086,0.123949,0.002644,0.068867,8.5e-05,,,,,gru
29632,20,-0.070094,0.003828,1.844634,0.004946,0.018774,0.138833,0.000684,0.07754,8.5e-05,,,,,gru
29632,20,-0.107304,0.003754,1.844638,0.004946,0.016527,0.135016,0.000347,0.080995,8.5e-05,,,,,gru
29632,20,0.092674,0.004551,1.844645,0.004946,0.022976,0.101116,0.006687,0.057055,8.5e-05,,,,,gru
35657,24,-0.042141,0.003931,1.844635,0.004934,0.020163,0.037595,0.00099,0.018657,9.7e-05,,,,,gru
35657,24,0.034296,0.00417,1.844623,0.004934,0.020817,0.032881,0.000848,0.014111,9.7e-05,,,,,gru
35657,24,-0.082889,0.003852,1.844598,0.004934,0.021562,0.036351,0.005025,0.020792,9.7e-05,,,,,gru
35657,24,-0.109504,0.003902,1.844589,0.004934,0.022796,0.083396,0.005663,0.054635,9.7e-05,,,,,gru
35657,24,0.089773,0.004476,1.844589,0.004934,0.021285,0.08254,0.003776,0.045386,9.7e-05,,,,,gru
35657,24,-0.069348,0.003565,1.844603,0.004934,0.018009,0.070565,0.00024,0.027799,9.7e-05,,,,,gru
35657,24,-0.041027,0.003909,1.844593,0.004934,0.019296,0.085871,0.00151,0.047559,9.7e-05,,,,,gru
35657,24,-0.112532,0.00325,1.844579,0.004934,0.02016,0.117063,0.000996,0.078088,9.7e-05,,,,,gru
35657,24,0.071475,0.005018,1.844586,0.004934,0.021694,0.083813,0.008143,0.040443,9.7e-05,,,,,gru
35657,24,-0.037883,0.004107,1.844561,0.004934,0.018202,0.034349,0.002678,0.007211,9.7e-05,,,,,gru
35657,24,-0.059181,0.004038,1.844552,0.004934,0.021718,0.060295,0.000166,0.012936,9.7e-05,,,,,gru
35657,24,0.011098,0.003785,1.844533,0.004934,0.020183,0.076848,0.000616,0.042118,9.7e-05,,,,,gru
41648,28,-0.073284,0.004146,1.844502,0.004922,0.021414,0.053982,0.005576,0.028917,0.0001,,,,,gru
41648,28,-0.064574,0.00375,1.844482,0.004922,0.020613,0.13407,0.00508,0.081415,0.0001,,,,,gru
41648,28,0.061678,0.004508,1.844454,0.004922,0.022009,0.075824,0.00064,0.035847,0.0001,,,,,gru
41648,28,-0.045943,0.004108,1.844446,0.004922,0.021007,0.039613,0.003996,0.009269,0.0001,,,,,gru
41648,28,0.019789,0.004304,1.844431,0.004922,0.020096,0.112299,0.000674,0.06709,0.0001,,,,,gru
41648,28,-0.056691,0.004077,1.844403,0.004922,0.021941,0.163763,0.00081,0.100955,0.0001,,,,,gru
41648,28,0.025541,0.00447,1.844392,0.004922,0.019424,0.065355,0.006806,0.03739,0.0001,,,,,gru
41648,28,-0.153067,0.003862,1.844369,0.004922,0.022468,0.076102,0.002917,0.043585,0.0001,,,,,gru
41648,28,0.053281,0.0047,1.844351,0.004922,0.025047,0.091809,0.009585,0.058676,0.0001,,,,,gru
41648,28,0.024989,0.00489,1.844355,0.004922,0.021118,0.120001,0.004538,0.060364,0.0001,,,,,gru
41648,28,0.014416,0.004035,1.844349,0.004922,0.022243,0.126801,0.001702,0.071093,0.0001,,,,,gru
41648,28,-0.125561,0.003458,1.844366,0.004922,0.020763,0.036976,0.012226,0.025722,0.0001,,,,,gru
47598,32,0.005403,0.003942,1.844391,0.00491,0.020386,0.05182,0.002139,0.024735,0.0001,,,,,gru
47598,32,-0.142171,0.004102,1.8444,0.00491,0.018987,0.0664,0.007631,0.032752,0.0001,,,,,gru
47598,32,0.063903,0.004246,1.844419,0.00491,0.018399,0.080242,0.000818,0.044427,0.0001,,,,,gru
47598,32,-0.061152,0.003477,1.844434,0.00491,0.015289,0.075707,0.003301,0.045504,0.0001,,,,,gru
47598,32,0.037704,0.005138,1.844446,0.00491,0.022921,0.089387,0.003845,0.050697,0.0001,,,,,gru
47598,32,-0.056092,0.003798,1.844425,0.00491,0.017697,0.075003,0.002367,0.048213,0.0001,,,,,gru
47598,32,-0.05525,0.0043,1.844392,0.00491,0.017535,0.076593,0.005394,0.04798,0.0001,,,,,gru
47598,32,0.044275,0.004555,1.844366,0.00491,0.022104,0.075374,0.010913,0.036118,0.0001,,,,,gru
47598,32,-0.0705,0.003938,1.844316,0.00491,0.019016,0.067456,0.004496,0.034536,0.0001,,,,,gru
47598,32,-0.049366,0.003931,1.844284,0.00491,0.016492,0.025298,0.000486,0.009541,0.0001,,,,,gru
47598,32,-0.117713,0.004,1.84425,0.00491,0.018557,0.129296,0.005239,0.075131,0.0001,,,,,gru
47598,32,0.098856,0.004179,1.844219,0.00491,0.021656,0.061836,0.002171,0.01075,0.0001,,,,,gru
53481,36,-0.01613,0.004133,1.844197,0.004898,0.020872,0.091152,0.004702,0.047304,0.0001,,,,,gru
53481,36,-0.10065,0.003307,1.844167,0.004898,0.016059,0.026399,0.008838,0.010583,0.0001,,,,,gru
53481,36,0.029787,0.004766,1.844124,0.004898,0.018956,0.117549,0.002257,0.07153,0.0001,,,,,gru
53481,36,-0.04423,0.004315,1.844085,0.004898,0.018305,0.040684,0.00391,0.022057,0.0001,,,,,gru
53481,36,-0.005614,0.003207,1.844043,0.004898,0.015566,0.133692,0.000589,0.087945,0.0001,,,,,gru
53481,36,-0.046353,0.004994,1.843987,0.004898,0.018505,0.097919,0.004937,0.065283,0.0001,,,,,gru
53481,36,0.073814,0.004811,1.843948,0.004898,0.023437,0.055078,0.01441,0.037726,0.0001,,,,,gru
53481,36,-0.102025,0.004412,1.843907,0.004898,0.021745,0.079053,0.011598,0.042767,0.0001,,,,,gru
53481,36,-0.069322,0.004251,1.843865,0.004898,0.020503,0.089091,0.011484,0.057117,0.0001,,,,,gru
53481,36,0.026221,0.004891,1.843806,0.004898,0.020463,0.053745,0.008528,0.028989,0.0001,,,,,gru
53481,36,-0.041151,0.003712,1.843748,0.004898,0.014748,0.104939,0.001704,0.066193,0.0001,,,,,gru
53481,36,-0.083327,0.003823,1.843683,0.004898,0.02175,0.063136,0.012124,0.035935,0.0001,,,,,gru
59347,40,-0.124231,0.004217,1.843613,0.004886,0.021541,0.023867,0.011212,0.015374,0.0001,,,,,gru
59347,40,0.046835,0.004496,1.843557,0.004886,0.024856,0.034749,0.007134,0.021767,0.0001,,,,,gru
59347,40,-0.004566,0.003585,1.843512,0.004886,0.018865,0.074405,0.007951,0.034825,0.0001,,,,,gru
59347,40,-0.023898,0.004105,1.843448,0.004886,0.019611,0.017995,0.005752,0.011282,0.0001,,,,,gru
59347,40,0.002397,0.00441,1.843385,0.004886,0.021447,0.054121,0.00067,0.02646,0.0001,,,,,gru
59347,40,-0.067209,0.004122,1.84332,0.004886,0.018785,0.07687,0.001158,0.050694,0.0001,,,,,gru
59347,40,-0.059354,0.004437,1.843272,0.004886,0.019489,0.099936,0.007012,0.057085,0.0001,,,,,gru
59347,40,0.079647,0.004935,1.843259,0.004886,0.027194,0.065704,0.016561,0.042276,0.0001,,,,,gru
59347,40,-0.11558,0.004334,1.84323,0.004886,0.020474,0.053682,0.008644,0.023504,0.0001,,,,,gru
59347,40,0.058703,0.00505,1.843188,0.004886,0.022245,0.095903,0.010569,0.049754,0.0001,,,,,gru
59347,40,-0.050665,0.003921,1.84313,0.004886,0.017096,0.065027,0.002145,0.0434,0.0001,,,,,gru
59347,40,-0.099721,0.003963,1.843069,0.004886,0.02181,0.074461,0.0069,0.03715,0.0001,,,,,gru
65354,44,-0.047227,0.004144,1.843035,0.004874,0.020875,0.055456,0.007786,0.038044,0.0001,,,,,gru
65354,44,-0.101742,0.003431,1.843005,0.004874,0.018414,0.046666,0.012632,0.032342,0.0001,,,,,gru
65354,44,0.04248,0.004469,1.842976,0.004874,0.021236,0.043306,0.007903,0.02158,0.0001,,,,,gru
65354,44,0.02772,0.003601,1.842961,0.004874,0.017182,0.045357,0.005244,0.01482,0.0001,,,,,gru
65354,44,-0.077654,0.004274,1.842945,0.004874,0.01736,0.068107,0.003157,0.043196,0.0001,,,,,gru
65354,44,-0.063347,0.004374,1.842929,0.004874,0.016765,0.032455,0.000651,0.011616,0.0001,,,,,gru
65354,44,-0.061821,0.00429,1.842931,0.004874,0.015655,0.041415,0.003647,0.008262,0.0001,,,,,gru
65354,44,-0.011476,0.004427,1.842942,0.004874,0.017352,0.122541,0.007303,0.082652,0.0001,,,,,gru
65354,44,-0.038201,0.004168,1.842961,0.004874,0.017124,0.066114,0.009005,0.043917,0.0001,,,,,gru
65354,44,-0.143672,0.003584,1.842971,0.004874,0.016428,0.067621,0.007523,0.033881,0.0001,,,,,gru
65354,44,-0.036469,0.004939,1.843006,0.004874,0.01758,0.050841,0.008656,0.032942,0.0001,,,,,gru
65354,44,0.076897,0.004406,1.843041,0.004874,0.017188,0.063845,0.005628,0.034101,0.0001,,,,,gru
71275,48,0.054132,0.004293,1.843057,0.004862,0.021417,0.118844,0.001692,0.074033,0.0001,,,,,gru
71275,48,-0.072233,0.00427,1.843093,0.004862,0.020541,0.044701,0.006743,0.022882,0.0001,,,,,gru
71275,48,-0.069823,0.003238,1.843112,0.004862,0.017231,0.04498,0.006947,0.017441,0.0001,,,,,gru
71275,48,-0.09705,0.003262,1.843114,0.004862,0.016085,0.075435,0.004669,0.046736,0.0001,,,,,gru
71275,48,0.014383,0.004528,1.843109,0.004862,0.019836,0.087581,0.001652,0.056304,0.0001,,,,,gru
71275,48,0.004218,0.004236,1.843106,0.004862,0.019594,0.08494,0.00076,0.044505,0.0001,,,,,gru
71275,48,-0.052954,0.003504,1.84309,0.004862,0.016197,0.061415,0.003172,0.036478,0.0001,,,,,gru
71275,48,0.05243,0.004487,1.843092,0.004862,0.02009,0.049472,0.001372,0.011075,0.0001,,,,,gru
71275,48,-0.086644,0.003994,1.843064,0.004862,0.018511,0.028156,0.001675,0.005572,0.0001,,,,,gru
71275,48,-0.054679,0.003659,1.843028,0.004862,0.017039,0.067403,0.000415,0.042768,0.0001,,,,,gru
71275,48,-0.039129,0.003859,1.843012,0.004862,0.016673,0.045458,0.003353,0.015533,0.0001,,,,,gru
71275,48,0.016749,0.004835,1.842976,0.004862,0.019272,0.039701,0.007225,0.019048,0.0001,,,,,gru
77315,52,0.034337,0.003713,1.842927,0.00485,0.01907,0.06432,0.00255,0.024475,0.0001,,,,,gru
77315,52,-0.074882,0.004577,1.842897,0.00485,0.021267,0.105962,0.004684,0.061749,0.0001,,,,,gru
77315,52,-0.053005,0.003567,1.842873,0.00485,0.0134,0.04236,0.004839,0.013899,0.0001,,,,,gru
77315,52,0.022035,0.003887,1.842837,0.00485,0.017633,0.120309,0.000432,0.077901,0.0001,,,,,gru
77315,52,-0.112397,0.004055,1.842796,0.00485,0.018449,0.112497,0.004178,0.060946,0.0001,,,,,gru
77315,52,-0.000174,0.004061,1.842757,0.00485,0.017475,0.038974,0.000885,0.012841,0.0001,,,,,gru
77315,52,-0.085035,0.00367,1.842731,0.00485,0.015,0.062452,0.000796,0.034698,0.0001,,,,,gru
77315,52,-0.025838,0.004459,1.842711,0.00485,0.020786,0.055806,0.006106,0.015197,0.0001,,,,,gru
77315,52,0.022257,0.004284,1.842662,0.00485,0.019678,0.070183,0.008038,0.020747,0.0001,,,,,gru
77315,52,-0.042316,0.004128,1.84263,0.00485,0.017854,0.086496,0.004735,0.029881,0.0001,,,,,gru
77315,52,-0.032477,0.003893,1.842593,0.00485,0.016874,0.03623,0.001963,0.024645,0.0001,,,,,gru
77315,52,-0.014572,0.004108,1.842557,0.00485,0.01869,0.061992,0.00028,0.035487,0.0001,,,,,gru
83193,56,-0.00893,0.004122,1.842532,0.004838,0.018047,0.08526,0.001659,0.053578,0.0001,,,,,gru
83193,56,-0.100063,0.002891,1.842516,0.004838,0.01373,0.010125,0.005071,0.006958,0.0001,,,,,gru
83193,56,0.007186,0.004953,1.842505,0.004838,0.020275,0.161922,0.001168,0.066764,0.0001,,,,,gru
83193,56,-0.051638,0.003603,1.842543,0.004838,0.014943,0.036893,0.00168,0.014711,0.0001,,,,,gru
83193,56,-0.107733,0.003765,1.842569,0.004838,0.016028,0.133597,0.002565,0.081931,0.0001,,,,,gru
83193,56,0.063424,0.00442,1.842625,0.004838,0.019348,0.059619,0.001244,0.021583,0.0001,,,,,gru
83193,56,-0.064126,0.00388,1.842699,0.004838,0.017131,0.061786,0.006724,0.035551,0.0001,,,,,gru
83193,56,-0.020196,0.003963,1.842773,0.004838,0.020195,0.105806,0.00653,0.040846,0.0001,,,,,gru
83193,56,-0.020425,0.003648,1.842863,0.004838,0.017582,0.058299,0.005563,0.033231,0.0001,,,,,gru
83193,56,0.024614,0.003818,1.842949,0.004838,0.017058,0.058062,0.000798,0.032808,0.0001,,,,,gru
83193,56,-0.114309,0.004183,1.843035,0.004838,0.016279,0.072043,0.002228,0.045942,0.0001,,,,,gru
83193,56,-0.015252,0.004013,1.843122,0.004838,0.018334,0.132068,0.010514,0.069155,0.0001,,,,,gru
89111,60,-0.060477,0.003933,1.843207,0.004826,0.017827,0.058955,0.001494,0.032833,0.0001,,,,,gru
89111,60,-0.043172,0.003486,1.84328,0.004826,0.015631,0.039835,0.002558,0.019363,0.0001,,,,,gru
89111,60,0.019967,0.004281,1.843355,0.004826,0.018362,0.080155,0.005127,0.043005,0.0001,,,,,gru
89111,60,-0.041038,0.003646,1.843399,0.004826,0.015498,0.054253,0.000821,0.03021,0.0001,,,,,gru
89111,60,-0.099344,0.004103,1.843447,0.004826,0.020269,0.046515,0.005754,0.013064,0.0001,,,,,gru
89111,60,0.059319,0.003594,1.843468,0.004826,0.019822,0.048712,0.002736,0.020519,0.0001,,,,,gru
89111,60,0.013187,0.004672,1.843477,0.004826,0.02328,0.064284,0.004325,0.020256,0.0001,,,,,gru
89111,60,-0.096521,0.003346,1.843466,0.004826,0.015597,0.027544,0.007793,0.018403,0.0001,,,,,gru
89111,60,-0.001508,0.003266,1.843458,0.004826,0.01769,0.066431,0.000514,0.027921,0.0001,,,,,gru
89111,60,-0.056074,0.004041,1.843429,0.004826,0.014867,0.043958,0.00272,0.020945,0.0001,,,,,gru
89111,60,-0.099381,0.003352,1.843388,0.004826,0.017015,0.061943,0.00418,0.031866,0.0001,,,,,gru
89111,60,0.077837,0.00455,1.843333,0.004826,0.022309,0.060128,0.01213,0.04161,0.0001,,,,,gru
95026,64,0.029722,0.003768,1.843288,0.004814,0.017042,0.030621,0.004114,0.012802,0.0001,,,,,gru
95026,64,-0.008407,0.003936,1.843254,0.004814,0.01774,0.118835,0.001983,0.070257,0.0001,,,,,gru
95026,64,-0.127439,0.003651,1.843225,0.004814,0.01545,0.048171,0.00796,0.02493,0.0001,,,,,gru
95026,64,-0.010328,0.0033,1.843217,0.004814,0.017004,0.050934,0.00545,0.032187,0.0001,,,,,gru
95026,64,-0.025848,0.004048,1.843219,0.004814,0.016847,0.127993,0.002425,0.069201,0.0001,,,,,gru
95026,64,-0.062253,0.003888,1.843224,0.004814,0.016615,0.07571,0.000695,0.04864,0.0001,,,,,gru
95026,64,-0.031743,0.004365,1.843238,0.004814,0.014243,0.111966,0.000969,0.061537,0.0001,,,,,gru
95026,64,-0.021886,0.003292,1.84326,0.004814,0.016264,0.032821,0.000926,0.019077,0.0001,,,,,gru
95026,64,-0.042093,0.003647,1.843286,0.004814,0.017374,0.029081,0.000849,0.018184,0.0001,,,,,gru
95026,64,-0.025368,0.003615,1.843307,0.004814,0.016551,0.040376,0.001927,0.024748,0.0001,,,,,gru
95026,64,0.017394,0.004556,1.843331,0.004814,0.01719,0.058628,0.001919,0.035325,0.0001,,,,,gru
95026,64,-0.091047,0.002918,1.843359,0.004814,0.015152,0.122209,0.005201,0.070563,0.0001,,,,,gru
100895,68,-0.081398,0.00353,1.843384,0.004802,0.015574,0.091355,0.000743,0.061496,0.0001,,,,,gru
100895,68,0.004659,0.004269,1.843409,0.004802,0.019961,0.10233,0.005011,0.050772,0.0001,,,,,gru
100895,68,-0.017305,0.003648,1.843426,0.004802,0.016487,0.061161,0.002807,0.035798,0.0001,,,,,gru
100895,68,-0.089261,0.004025,1.843451,0.004802,0.018112,0.082232,0.001525,0.0417,0.0001,,,,,gru
100895,68,0.007703,0.003775,1.84346,0.004802,0.018908,0.106094,0.001943,0.065637,0.0001,,,,,gru
100895,68,-0.011069,0.003396,1.843477,0.004802,0.016454,0.072379,0.002228,0.048863,0.0001,,,,,gru
100895,68,-0.00822,0.004073,1.843493,0.004802,0.017484,0.117066,0.001961,0.063895,0.0001,,,,,gru
100895,68,-0.051587,0.003042,1.843498,0.004802,0.015584,0.044296,0.003573,0.029738,0.0001,,,,,gru
100895,68,-0.034482,0.004475,1.843501,0.004802,0.018847,0.055725,0.005948,0.032307,0.0001,,,,,gru
100895,68,-0.055216,0.003117,1.843518,0.004802,0.013868,0.062774,0.001861,0.039332,0.0001,,,,,gru
100895,68,-0.007331,0.004076,1.843551,0.004802,0.020603,0.091489,0.00104,0.044605,0.0001,,,,,gru
100895,68,-0.030966,0.004028,1.843564,0.004802,0.018898,0.135006,0.00509,0.084958,0.0001,,,,,gru
106707,72,-0.021558,0.002987,1.843571,0.00479,0.014175,0.13531,0.003048,0.07416,0.0001,,,,,gru
106707,72,-0.160855,0.003092,1.843575,0.00479,0.015841,0.110132,0.000884,0.066508,0.0001,,,,,gru
106707,72,0.124829,0.005277,1.843584,0.00479,0.019938,0.155937,0.00582,0.091336,0.0001,,,,,gru
106707,72,-0.016901,0.00336,1.843599,0.00479,0.020294,0.189075,0.007105,0.110264,0.0001,,,,,gru
106707,72,0.009991,0.003843,1.843606,0.00479,0.02573,0.06078,0.015165,0.047045,0.0001,,,,,gru
106707,72,-0.08332,0.003445,1.843606,0.00479,0.027061,0.167638,0.01836,0.102241,0.0001,,,,,gru
106707,72,0.087143,0.004031,1.843643,0.00479,0.019437,0.142841,0.001869,0.093443,0.0001,,,,,gru
106707,72,-0.060934,0.00375,1.843663,0.00479,0.018352,0.266342,0.009586,0.147848,0.0001,,,,,gru
106707,72,-0.121288,0.003763,1.843695,0.00479,0.025861,0.090649,0.021601,0.049065,0.0001,,,,,gru
106707,72,-0.012227,0.005229,1.843735,0.00479,0.036387,0.026294,0.03189,0.03935,0.0001,,,,,gru
106707,72,-0.070282,0.004365,1.843771,0.00479,0.029956,0.081148,0.025073,0.063694,0.0001,,,,,gru
106707,72,0.00735,0.003686,1.843815,0.00479,0.020175,0.118527,0.013299,0.076689,0.0001,,,,,gru
112466,76,-0.072421,0.003157,1.843841,0.004778,0.014688,0.072768,0.002901,0.026758,0.0001,,,,,gru
112466,76,0.006502,0.004462,1.843886,0.004778,0.031637,0.083179,0.018471,0.050415,0.0001,,,,,gru
112466,76,-0.015766,0.003961,1.84391,0.004778,0.04067,0.171268,0.029927,0.080302,0.0001,,,,,gru
112466,76,-0.007954,0.003761,1.843979,0.004778,0.043024,0.08504,0.0325,0.044992,0.0001,,,,,gru
112466,76,0.010982,0.003428,1.844059,0.004778,0.033499,0.143851,0.025364,0.099001,0.0001,,,,,gru
112466,76,-0.10231,0.004753,1.844145,0.004778,0.022195,0.182011,0.011106,0.123185,0.0001,,,,,gru
112466,76,0.006002,0.00424,1.844221,0.004778,0.020081,0.122576,0.012591,0.072288,0.0001,,,,,gru
112466,76,-0.080321,0.004223,1.8443,0.004778,0.026427,0.047609,0.021004,0.025543,0.0001,,,,,gru
112466,76,-0.002998,0.004891,1.844374,0.004778,0.032215,0.074224,0.027072,0.056464,0.0001,,,,,gru
112466,76,0.013495,0.004758,1.844442,0.004778,0.026697,0.249218,0.022663,0.16063,0.0001,,,,,gru
112466,76,-0.148768,0.003546,1.844508,0.004778,0.015438,0.147469,0.005178,0.092714,0.0001,,,,,gru
112466,76,0.066834,0.003722,1.844579,0.004778,0.019889,0.143416,0.002479,0.074342,0.0001,,,,,gru
118256,80,-0.091,0.00391,1.844639,0.004766,0.016546,0.109671,0.007887,0.06226,0.0001,,,,,gru
118256,80,0.050456,0.003814,1.844696,0.004766,0.025108,0.132954,0.012644,0.065218,0.0001,,,,,gru
118256,80,-0.059206,0.003606,1.844725,0.004766,0.028963,0.125467,0.021829,0.087665,0.0001,,,,,gru
118256,80,0.001985,0.004504,1.844749,0.004766,0.027957,0.172982,0.01687,0.101507,0.0001,,,,,gru
118256,80,-0.042542,0.003474,1.844745,0.004766,0.020375,0.055029,0.011018,0.030776,0.0001,,,,,gru
118256,80,-0.055154,0.003261,1.844737,0.004766,0.014574,0.112167,0.002043,0.058422,0.0001,,,,,gru
118256,80,-0.010513,0.00388,1.844747,0.004766,0.016222,0.145876,0.005053,0.079879,0.0001,,,,,gru
118256,80,-0.079118,0.003657,1.844757,0.004766,0.015777,0.037689,0.004791,0.021663,0.0001,,,,,gru
118256,80,0.004605,0.004261,1.844772,0.004766,0.018333,0.210854,0.008852,0.137128,0.0001,,,,,gru
118256,80,-0.055519,0.00415,1.84479,0.004766,0.015393,0.174564,0.003815,0.101566,0.0001,,,,,gru
118256,80,-0.016956,0.003685,1.84482,0.004766,0.016115,0.167883,0.003309,0.095703,0.0001,,,,,gru
118256,80,-0.016421,0.00372,1.844862,0.004766,0.018441,0.208038,0.006351,0.123497,0.0001,,,,,gru
123986,84,-0.035143,0.004088,1.844889,0.004754,0.015773,0.027941,0.000502,0.011548,0.0001,,,,,gru
123986,84,-0.100929,0.003651,1.844918,0.004754,0.01659,0.078732,0.003563,0.05597,0.0001,,,,,gru
123986,84,0.061562,0.003537,1.844942,0.004754,0.017545,0.078798,0.010416,0.036917,0.0001,,,,,gru
123986,84,-0.001945,0.00412,1.844971,0.004754,0.015901,0.062947,0.007423,0.036682,0.0001,,,,,gru
123986,84,-0.107113,0.003234,1.844982,0.004754,0.015119,0.146919,0.000472,0.091212,0.0001,,,,,gru
123986,84,0.029885,0.003951,1.844997,0.004754,0.018923,0.234153,0.000881,0.154589,0.0001,,,,,gru
123986,84,-0.066285,0.004064,1.845006,0.004754,0.017205,0.044089,0.005532,0.028821,0.0001,,,,,gru
123986,84,-0.008625,0.003249,1.845021,0.004754,0.01669,0.05012,0.003243,0.023786,0.0001,,,,,gru
123986,84,-0.014085,0.003641,1.845023,0.004754,0.01754,0.146935,0.003142,0.093549,0.0001,,,,,gru
123986,84,-0.038878,0.004022,1.845032,0.004754,0.01904,0.097943,0.004589,0.05137,0.0001,,,,,gru
123986,84,0.016288,0.003088,1.845038,0.004754,0.017046,0.067136,0.00583,0.03697,0.0001,,,,,gru
123986,84,-0.078268,0.003789,1.84505,0.004754,0.017007,0.059059,0.007708,0.04219,0.0001,,,,,gru
129873,88,-0.056026,0.004102,1.84506,0.004742,0.016589,0.1286,0.000582,0.080662,0.0001,,,,,gru
129873,88,-0.019118,0.002917,1.845055,0.004742,0.013557,0.102674,0.002902,0.068258,0.0001,,,,,gru
129873,88,-0.018983,0.004075,1.84505,0.004742,0.015936,0.079423,0.006446,0.039907,0.0001,,,,,gru
129873,88,0.002959,0.003631,1.845039,0.004742,0.016108,0.147092,0.007904,0.098052,0.0001,,,,,gru
129873,88,-0.002157,0.003881,1.845026,0.004742,0.016446,0.134412,0.008272,0.090981,0.0001,,,,,gru
129873,88,-0.103122,0.003661,1.845018,0.004742,0.013971,0.231485,0.00183,0.159385,0.0001,,,,,gru
129873,88,-0.07113,0.003214,1.845003,0.004742,0.015293,0.066714,0.004333,0.039448,0.0001,,,,,gru
129873,88,0.00484,0.004068,1.844995,0.004742,0.019852,0.049878,0.006206,0.010305,0.0001,,,,,gru
129873,88,-0.024584,0.003302,1.844968,0.004742,0.019104,0.070645,0.009401,0.042319,0.0001,,,,,gru
129873,88,-0.008331,0.004323,1.844931,0.004742,0.018499,0.098097,0.005751,0.058746,0.0001,,,,,gru
129873,88,0.009834,0.003089,1.844892,0.004742,0.015898,0.132731,0.002255,0.089762,0.0001,,,,,gru
129873,88,-0.102463,0.003305,1.84485,0.004742,0.015686,0.055773,0.000592,0.024165,0.0001,,,,,gru
135674,92,-0.048365,0.002947,1.844808,0.00473,0.013802,0.038193,0.000705,0.0099,0.0001,,,,,gru
135674,92,0.019221,0.00403,1.844775,0.00473,0.01832,0.104969,0.007553,0.060462,0.0001,,,,,gru
135674,92,-0.068262,0.004174,1.844766,0.00473,0.017597,0.070779,0.009685,0.043258,0.0001,,,,,gru
135674,92,-0.105776,0.003915,1.844761,0.00473,0.016339,0.155652,0.009245,0.108153,0.0001,,,,,gru
135674,92,-0.026349,0.003183,1.844753,0.00473,0.015681,0.173877,0.007694,0.100184,0.0001,,,,,gru
135674,92,0.0516,0.004146,1.844762,0.00473,0.019226,0.138767,0.006102,0.094342,0.0001,,,,,gru
135674,92,-0.062581,0.00326,1.844767,0.00473,0.018231,0.092712,0.006192,0.059661,0.0001,,,,,gru
135674,92,-0.103149,0.003894,1.844792,0.00473,0.02089,0.091839,0.010996,0.061536,0.0001,,,,,gru
135674,92,0.09079,0.003333,1.844802,0.00473,0.01637,0.054398,0.005092,0.020746,0.0001,,,,,gru
135674,92,-0.020161,0.003232,1.844827,0.00473,0.017629,0.053713,0.005665,0.011761,0.0001,,,,,gru
135674,92,-0.02989,0.003933,1.844879,0.00473,0.017947,0.116225,0.002003,0.070218,0.0001,,,,,gru
135674,92,-0.04395,0.003483,1.844904,0.00473,0.014328,0.068627,0.002607,0.037292,0.0001,,,,,gru
141458,96,-0.0036,0.003529,1.844936,0.004718,0.018545,0.024006,0.004645,0.011211,0.0001,,,,,gru
141458,96,-0.025473,0.004468,1.844957,0.004718,0.01963,0.086416,0.007537,0.048695,0.0001,,,,,gru
141458,96,-0.046375,0.002992,1.844969,0.004718,0.018514,0.046161,0.005154,0.030878,0.0001,,,,,gru
141458,96,-0.036471,0.003037,1.844978,0.004718,0.017607,0.036695,0.002317,0.013048,0.0001,,,,,gru
141458,96,0.053772,0.004638,1.844977,0.004718,0.022275,0.116926,0.001887,0.064565,0.0001,,,,,gru
141458,96,-0.099437,0.002928,1.844969,0.004718,0.020268,0.104149,0.011035,0.069037,0.0001,,,,,gru
141458,96,0.018407,0.003274,1.844982,0.004718,0.024565,0.017857,0.011512,0.017896,0.0001,,,,,gru
141458,96,-0.064454,0.003604,1.844992,0.004718,0.024472,0.085846,0.012829,0.05726,0.0001,,,,,gru
141458,96,-0.024671,0.003539,1.844997,0.004718,0.021333,0.111836,0.009188,0.061765,0.0001,,,,,gru
141458,96,-0.102727,0.002876,1.844993,0.004718,0.020405,0.066033,0.00877,0.038957,0.0001,,,,,gru
141458,96,0.056593,0.004002,1.844971,0.004718,0.022888,0.060469,0.001092,0.031484,0.0001,,,,,gru
141458,96,-0.021508,0.003654,1.844955,0.004718,0.017372,0.092962,0.003075,0.056366,0.0001,,,,,gru
147302,100,0.024057,0.003551,1.844932,0.004706,0.015796,0.070579,0.002198,0.044672,0.0001,,,,,gru
147302,100,-0.018742,0.003771,1.844912,0.004706,0.016799,0.121767,0.003304,0.080627,0.0001,,,,,gru
147302,100,-0.085293,0.003533,1.844894,0.004706,0.021139,0.101139,0.006367,0.057679,0.0001,,,,,gru
147302,100,-0.034811,0.003668,1.844885,0.004706,0.017286,0.04998,0.00815,0.03043,0.0001,,,,,gru
147302,100,-0.059562,0.003353,1.844871,0.004706,0.018012,0.019678,0.00554,0.011014,0.0001,,,,,gru
147302,100,0.031075,0.004015,1.844856,0.004706,0.022066,0.249832,0.005933,0.157323,0.0001,,,,,gru
147302,100,0.10563,0.00327,1.844868,0.004706,0.018313,0.179663,0.003764,0.106341,0.0001,,,,,gru
147302,100,-0.088567,0.004262,1.844876,0.004706,0.018501,0.100795,0.004274,0.066458,0.0001,,,,,gru
147302,100,-0.100171,0.002972,1.844884,0.004706,0.017304,0.091665,0.005316,0.054747,0.0001,,,,,gru
147302,100,0.039598,0.003608,1.844907,0.004706,0.018535,0.05877,0.000823,0.0372,0.0001,,,,,gru
147302,100,-0.013863,0.003424,1.844937,0.004706,0.016378,0.127364,0.00119,0.086074,0.0001,,,,,gru
147302,100,-0.107673,0.00367,1.844952,0.004706,0.018871,0.054096,0.00307,0.029472,0.0001,,,,,gru
153061,104,-0.106858,0.002838,1.84498,0.004694,0.014532,0.092614,0.001448,0.067402,0.0001,,,,,gru
153061,104,0.074564,0.004582,1.845006,0.004694,0.021404,0.08721,0.010383,0.043225,0.0001,,,,,gru
153061,104,-0.057231,0.003086,1.845006,0.004694,0.015858,0.178151,0.003856,0.120494,0.0001,,,,,gru
153061,104,-0.092558,0.003637,1.845005,0.004694,0.018451,0.195244,0.003984,0.133566,0.0001,,,,,gru
153061,104,-0.01106,0.00339,1.845012,0.004694,0.020864,0.108117,0.01008,0.054347,0.0001,,,,,gru
153061,104,0.027429,0.002999,1.844997,0.004694,0.0207,0.072823,0.015411,0.053063,0.0001,,,,,gru
153061,104,0.000338,0.003131,1.844975,0.004694,0.022906,0.112828,0.015997,0.077737,0.0001,,,,,gru
153061,104,-0.007487,0.003884,1.844934,0.004694,0.020139,0.099614,0.009624,0.04989,0.0001,,,,,gru
153061,104,-0.085969,0.002947,1.844888,0.004694,0.017372,0.089696,0.006094,0.057971,0.0001,,,,,gru
153061,104,-0.057679,0.002603,1.844844,0.004694,0.014758,0.042621,0.00033,0.027019,0.0001,,,,,gru
153061,104,0.07416,0.004126,1.844797,0.004694,0.021829,0.151151,0.010895,0.10381,0.0001,,,,,gru
153061,104,-0.114471,0.003777,1.844748,0.004694,0.017706,0.061646,0.00615,0.016674,0.0001,,,,,gru
158924,108,-0.125274,0.00342,1.844676,0.004682,0.016231,0.099363,0.002476,0.054672,0.0001,,,,,gru
158924,108,0.121249,0.003473,1.844628,0.004682,0.017501,0.063919,0.008471,0.022279,0.0001,,,,,gru
158924,108,-0.072572,0.002958,1.844611,0.004682,0.017649,0.149966,0.002066,0.087202,0.0001,,,,,gru
158924,108,-0.051049,0.003738,1.844605,0.004682,0.019132,0.058767,0.004376,0.030566,0.0001,,,,,gru
158924,108,0.06787,0.002556,1.844621,0.004682,0.01544,0.069955,0.002016,0.033675,0.0001,,,,,gru
158924,108,-0.093725,0.0033,1.844646,0.004682,0.020183,0.055211,0.009381,0.022294,0.0001,,,,,gru
158924,108,-0.069694,0.003782,1.844694,0.004682,0.022171,0.292484,0.005787,0.168641,0.0001,,,,,gru
158924,108,0.022763,0.003116,1.844764,0.004682,0.016875,0.084375,0.005161,0.057944,0.0001,,,,,gru
158924,108,-0.019861,0.002915,1.844843,0.004682,0.017895,0.061993,0.00845,0.035336,0.0001,,,,,gru
158924,108,-0.005618,0.003644,1.844925,0.004682,0.019867,0.098228,0.010593,0.064009,0.0001,,,,,gru
158924,108,0.075686,0.003658,1.845016,0.004682,0.022212,0.117368,0.012374,0.053228,0.0001,,,,,gru
158924,108,-0.152534,0.002921,1.845111,0.004682,0.01988,0.144797,0.005272,0.083472,0.0001,,,,,gru
164820,112,0.063818,0.003383,1.84519,0.00467,0.019843,0.085065,0.003817,0.050422,0.0001,,,,,gru
164820,112,-0.034591,0.004059,1.845263,0.00467,0.02506,0.173602,0.002753,0.097182,0.0001,,,,,gru
164820,112,-0.065329,0.002956,1.845321,0.00467,0.023099,0.086165,0.012583,0.052316,0.0001,,,,,gru
164820,112,0.027753,0.003167,1.845378,0.00467,0.023553,0.081284,0.012844,0.034607,0.0001,,,,,gru
164820,112,-0.082311,0.003414,1.845438,0.00467,0.026039,0.136748,0.017461,0.095312,0.0001,,,,,gru
164820,112,0.030808,0.003829,1.845473,0.00467,0.024371,0.155284,0.010205,0.113564,0.0001,,,,,gru
164820,112,-0.045609,0.003778,1.8455,0.00467,0.022388,0.192291,0.003925,0.133703,0.0001,,,,,gru
164820,112,0.005462,0.003298,1.845519,0.00467,0.025448,0.059132,0.010545,0.036609,0.0001,,,,,gru
164820,112,0.013736,0.004204,1.845533,0.00467,0.034987,0.209554,0.02096,0.154574,0.0001,,,,,gru
164820,112,-0.059879,0.004052,1.845536,0.00467,0.030098,0.087406,0.015415,0.055807,0.0001,,,,,gru
164820,112,0.086881,0.004008,1.845544,0.00467,0.025916,0.087855,0.013175,0.052263,0.0001,,,,,gru
164820,112,-0.057566,0.003034,1.845536,0.00467,0.024193,0.102242,0.002275,0.053245,0.0001,,,,,gru
170656,116,-0.000344,0.003704,1.845531,0.004658,0.020816,0.053135,0.002344,0.030383,0.0001,,,,,gru
170656,116,-0.061218,0.00416,1.845536,0.004658,0.023296,0.089767,0.011585,0.038636,0.0001,,,,,gru
170656,116,0.014136,0.002337,1.845567,0.004658,0.021078,0.096758,0.017634,0.06088,0.0001,,,,,gru
170656,116,-0.062201,0.003521,1.845591,0.004658,0.029205,0.102182,0.023058,0.062478,0.0001,,,,,gru
170656,116,0.062359,0.003257,1.845632,0.004658,0.025808,0.105896,0.019119,0.078285,0.0001,,,,,gru
170656,116,-0.054674,0.003603,1.845679,0.004658,0.02312,0.041566,0.01397,0.022824,0.0001,,,,,gru
170656,116,0.037681,0.003132,1.845715,0.004658,0.020282,0.081323,0.001231,0.046905,0.0001,,,,,gru
170656,116,-0.054008,0.003484,1.845758,0.004658,0.020021,0.065838,0.005224,0.048777,0.0001,,,,,gru
170656,116,-0.035291,0.004175,1.845798,0.004658,0.024025,0.075879,0.011977,0.037024,0.0001,,,,,gru
170656,116,-0.108544,0.003622,1.845842,0.004658,0.026221,0.069891,0.014814,0.033367,0.0001,,,,,gru
170656,116,0.060388,0.003818,1.845891,0.004658,0.028603,0.087633,0.022299,0.051439,0.0001,,,,,gru
170656,116,0.002749,0.00437,1.845936,0.004658,0.027606,0.044778,0.017649,0.025545,0.0001,,,,,gru
176482,120,-0.025723,0.003081,1.845966,0.004646,0.017899,0.074515,0.002473,0.039069,0.0001,,,,,gru
176482,120,-0.053756,0.003369,1.846026,0.004646,0.019581,0.036264,0.009007,0.023313,0.0001,,,,,gru
176482,120,0.033057,0.003602,1.846091,0.004646,0.025481,0.222472,0.013468,0.161091,0.0001,,,,,gru
176482,120,-0.00053,0.003611,1.846159,0.004646,0.021474,0.178648,0.007694,0.128099,0.0001,,,,,gru
176482,120,0.022072,0.003664,1.846244,0.004646,0.018292,0.036204,0.007061,0.02331,0.0001,,,,,gru
176482,120,-0.08529,0.003071,1.846326,0.004646,0.019485,0.255977,0.014089,0.200643,0.0001,,,,,gru
176482,120,-0.055482,0.004328,1.846429,0.004646,0.024294,0.234964,0.013507,0.180438,0.0001,,,,,gru
176482,120,0.083712,0.002765,1.846535,0.004646,0.015646,0.072851,0.002891,0.025086,0.0001,,,,,gru
176482,120,-0.092288,0.003262,1.846655,0.004646,0.020226,0.044277,0.01423,0.0329,0.0001,,,,,gru
176482,120,0.007248,0.003268,1.846772,0.004646,0.026711,0.099732,0.017656,0.058708,0.0001,,,,,gru
176482,120,-0.08444,0.003484,1.846903,0.004646,0.027292,0.118408,0.019752,0.077283,0.0001,,,,,gru
176482,120,0.031806,0.003329,1.84702,0.004646,0.016375,0.119289,0.005087,0.077959,0.0001,,,,,gru
182298,124,0.043529,0.003621,1.847137,0.004634,0.017454,0.048565,0.006158,0.023595,0.0001,,,,,gru
182298,124,-0.072143,0.003138,1.84725,0.004634,0.018645,0.059507,0.009878,0.032282,0.0001,,,,,gru
182298,124,-0.031742,0.003438,1.847351,0.004634,0.023025,0.200862,0.017751,0.119234,0.0001,,,,,gru
182298,124,0.018959,0.003844,1.847429,0.004634,0.020692,0.058878,0.015964,0.041015,0.0001,,,,,gru
182298,124,-0.04164,0.003116,1.847483,0.004634,0.018202,0.079151,0.005541,0.053979,0.0001,,,,,gru
182298,124,-0.037166,0.002917,1.847517,0.004634,0.017097,0.114261,0.007488,0.080558,0.0001,,,,,gru
182298,124,0.045154,0.003486,1.847562,0.004634,0.026491,0.091093,0.016027,0.064589,0.0001,,,,,gru
182298,124,-0.059801,0.003261,1.84759,0.004634,0.031956,0.074196,0.027029,0.05861,0.0001,,,,,gru
182298,124,-0.046385,0.002998,1.847605,0.004634,0.03373,0.098567,0.028209,0.079457,0.0001,,,,,gru
182298,124,-0.074653,0.003014,1.847623,0.004634,0.026244,0.054141,0.019907,0.036253,0.0001,,,,,gru
182298,124,0.005646,0.003452,1.847662,0.004634,0.01905,0.170581,0.004122,0.100961,0.0001,,,,,gru
182298,124,0.018317,0.003129,1.847671,0.004634,0.015128,0.069102,0.008136,0.039852,0.0001,,,,,gru
188149,128,0.015772,0.003536,1.847667,0.004622,0.020685,0.079124,0.010408,0.0523,0.0001,,,,,gru
188149,128,0.017685,0.003314,1.847655,0.004622,0.023404,0.035587,0.014257,0.018829,0.0001,,,,,gru
188149,128,-0.115341,0.003602,1.847632,0.004622,0.022781,0.112615,0.010833,0.075801,0.0001,,,,,gru
188149,128,-0.140661,0.003753,1.847593,0.004622,0.022023,0.062165,0.003651,0.025879,0.0001,,,,,gru
188149,128,0.032877,0.003021,1.847533,0.004622,0.016034,0.037126,0.000498,0.021081,0.0001,,,,,gru
188149,128,0.048738,0.002885,1.847477,0.004622,0.018857,0.160572,0.007856,0.107426,0.0001,,,,,gru
188149,128,-0.038243,0.002963,1.847412,0.004622,0.027342,0.045873,0.022221,0.037955,0.0001,,,,,gru
188149,128,-0.094366,0.003851,1.847334,0.004622,0.034268,0.113464,0.025764,0.083628,0.0001,,,,,gru
188149,128,0.077652,0.002938,1.847248,0.004622,0.020199,0.142266,0.008976,0.078819,0.0001,,,,,gru
188149,128,0.0131,0.004048,1.847159,0.004622,0.019737,0.065718,0.007316,0.031526,0.0001,,,,,gru
188149,128,-0.139563,0.003074,1.847055,0.004622,0.026929,0.030809,0.019425,0.032318,0.0001,,,,,gru
188149,128,0.073191,0.004369,1.846958,0.004622,0.041762,0.06108,0.035783,0.04391,0.0001,,,,,gru
193993,132,-0.073378,0.003299,1.846843,0.00461,0.024933,0.020386,0.014,0.018927,0.0001,,,,,gru
193993,132,0.067796,0.003569,1.846748,0.00461,0.025322,0.115419,0.015786,0.073955,0.0001,,,,,gru
193993,132,-0.047165,0.003293,1.846672,0.00461,0.019425,0.116498,0.005554,0.067216,0.0001,,,,,gru
193993,132,0.015798,0.003565,1.846588,0.00461,0.021379,0.126204,0.000925,0.081499,0.0001,,,,,gru
193993,132,0.007901,0.002779,1.846524,0.00461,0.016955,0.050422,0.005109,0.021431,0.0001,,,,,gru
193993,132,-0.080355,0.002982,1.846451,0.00461,0.021492,0.311378,0.010009,0.220401,0.0001,,,,,gru
193993,132,-0.04045,0.003412,1.846397,0.00461,0.02755,0.17929,0.017259,0.127446,0.0001,,,,,gru
193993,132,-0.097673,0.003488,1.84635,0.00461,0.033723,0.062368,0.028315,0.052834,0.0001,,,,,gru
193993,132,0.106545,0.002695,1.846305,0.00461,0.029343,0.076125,0.020375,0.045797,0.0001,,,,,gru
193993,132,-0.035341,0.002815,1.846271,0.00461,0.026969,0.117382,0.019984,0.073808,0.0001,,,,,gru
193993,132,0.003803,0.002907,1.84624,0.00461,0.018852,0.060656,0.009293,0.041054,0.0001,,,,,gru
193993,132,-0.013913,0.003727,1.846216,0.00461,0.021086,0.068232,0.00259,0.035139,0.0001,,,,,gru
199755,136,0.050593,0.004044,1.846188,0.004598,0.025608,0.083601,0.019849,0.045912,0.0001,,,,,gru
199755,136,-0.06053,0.003068,1.846171,0.004598,0.024703,0.046855,0.020833,0.024591,0.0001,,,,,gru
199755,136,-0.06452,0.003054,1.846154,0.004598,0.025429,0.095728,0.019863,0.048628,0.0001,,,,,gru
199755,136,-0.003559,0.003394,1.846166,0.004598,0.02226,0.100479,0.013869,0.035025,0.0001,,,,,gru
199755,136,-0.032499,0.002558,1.846203,0.004598,0.014164,0.091395,0.002814,0.060665,0.0001,,,,,gru
199755,136,-0.034465,0.003092,1.846247,0.004598,0.019585,0.048018,0.008145,0.030501,0.0001,,,,,gru
199755,136,0.044868,0.002977,1.846277,0.004598,0.021481,0.07736,0.013305,0.040256,0.0001,,,,,gru
199755,136,-0.129299,0.002692,1.846316,0.004598,0.025738,0.064071,0.021269,0.046107,0.0001,,,,,gru
199755,136,0.024939,0.003102,1.846361,0.004598,0.022538,0.158023,0.011405,0.098739,0.0001,,,,,gru
199755,136,-0.011981,0.00308,1.846401,0.004598,0.016969,0.056258,0.004829,0.018602,0.0001,,,,,gru
199755,136,-0.05112,0.00295,1.846437,0.004598,0.017781,0.043269,0.001766,0.016549,0.0001,,,,,gru
199755,136,-0.000323,0.002844,1.846465,0.004598,0.018966,0.056667,0.009898,0.01873,0.0001,,,,,gru
205518,140,0.045503,0.003729,1.846518,0.004586,0.026292,0.087195,0.018912,0.058808,0.0001,,,,,gru
205518,140,-0.096373,0.003297,1.84655,0.004586,0.019869,0.040599,0.012559,0.020972,0.0001,,,,,gru
205518,140,-0.031202,0.003251,1.846575,0.004586,0.019474,0.018042,0.011697,0.013961,0.0001,,,,,gru
205518,140,-0.051641,0.002555,1.846594,0.004586,0.016247,0.130079,0.005644,0.072613,0.0001,,,,,gru
205518,140,0.026455,0.003551,1.846635,0.004586,0.015461,0.042236,0.001047,0.012733,0.0001,,,,,gru
205518,140,-0.060618,0.003413,1.846651,0.004586,0.023634,0.113577,0.01199,0.059846,0.0001,,,,,gru
205518,140,0.018752,0.003364,1.846634,0.004586,0.023837,0.079403,0.00866,0.048155,0.0001,,,,,gru
205518,140,-0.053553,0.003257,1.846603,0.004586,0.019003,0.079499,0.011901,0.046969,0.0001,,,,,gru
205518,140,-0.049617,0.002618,1.846559,0.004586,0.015073,0.08093,0.009375,0.056693,0.0001,,,,,gru
205518,140,0.015612,0.003856,1.846531,0.004586,0.019094,0.0255,0.003247,0.013539,0.0001,,,,,gru
205518,140,0.009254,0.003202,1.846504,0.004586,0.019782,0.109533,0.010315,0.065772,0.0001,,,,,gru
205518,140,-0.119851,0.002645,1.846454,0.004586,0.016472,0.086754,0.007188,0.05758,0.0001,,,,,gru
211291,144,0.003132,0.003282,1.846404,0.004574,0.020587,0.152422,0.010136,0.082142,0.0001,,,,,gru
211291,144,-0.044771,0.003889,1.846344,0.004574,0.017574,0.025616,0.005924,0.011681,0.0001,,,,,gru
211291,144,-0.025453,0.002667,1.846293,0.004574,0.016308,0.062304,0.002078,0.034853,0.0001,,,,,gru
211291,144,0.006529,0.00374,1.846236,0.004574,0.019223,0.155607,0.001276,0.082909,0.0001,,,,,gru
211291,144,-0.030752,0.002462,1.846154,0.004574,0.012971,0.087337,0.002355,0.060239,0.0001,,,,,gru
211291,144,-0.045175,0.003456,1.846083,0.004574,0.016427,0.077268,0.000601,0.044741,0.0001,,,,,gru
211291,144,-0.030826,0.003227,1.846017,0.004574,0.015802,0.066221,0.001072,0.03586,0.0001,,,,,gru
211291,144,-0.049043,0.003335,1.845946,0.004574,0.016559,0.052191,0.00092,0.029748,0.0001,,,,,gru
211291,144,0.021999,0.003087,1.845871,0.004574,0.016937,0.064499,0.003371,0.028717,0.0001,,,,,gru
211291,144,-0.020622,0.003601,1.845796,0.004574,0.017652,0.065772,0.003525,0.028749,0.0001,,,,,gru
211291,144,-0.111989,0.002946,1.845711,0.004574,0.017831,0.043115,0.0033,0.019137,0.0001,,,,,gru
211291,144,0.087523,0.003354,1.84563,0.004574,0.019146,0.055326,0.009953,0.036649,0.0001,,,,,gru
217015,148,-0.04246,0.003119,1.845543,0.004562,0.018278,0.075221,0.011398,0.046362,0.0001,,,,,gru
217015,148,-0.074016,0.002672,1.845451,0.004562,0.015967,0.086931,0.006821,0.052467,0.0001,,,,,gru
217015,148,0.047336,0.004062,1.845354,0.004562,0.019778,0.081927,0.010476,0.04614,0.0001,,,,,gru
217015,148,-0.029304,0.003023,1.845271,0.004562,0.015076,0.057649,0.002663,0.030864,0.0001,,,,,gru
217015,148,-0.097121,0.003306,1.8452,0.004562,0.019344,0.117738,0.004649,0.076761,0.0001,,,,,gru
217015,148,0.058974,0.002766,1.845132,0.004562,0.016356,0.185035,0.006302,0.130785,0.0001,,,,,gru
217015,148,0.022995,0.003478,1.845054,0.004562,0.026659,0.114158,0.016178,0.065881,0.0001,,,,,gru
217015,148,-0.006443,0.002786,1.844993,0.004562,0.032803,0.061606,0.026481,0.049802,0.0001,,,,,gru
217015,148,-0.116318,0.003299,1.844924,0.004562,0.03446,0.13045,0.028541,0.097077,0.0001,,,,,gru
217015,148,-0.077705,0.003444,1.844845,0.004562,0.022424,0.081106,0.015598,0.062967,0.0001,,,,,gru
217015,148,-0.018655,0.002924,1.844773,0.004562,0.017254,0.039403,0.003387,0.019472,0.0001,,,,,gru
217015,148,0.021253,0.003169,1.844692,0.004562,0.023504,0.124029,0.017898,0.083284,0.0001,,,,,gru
222865,152,-0.113255,0.003465,1.844612,0.00455,0.022711,0.080442,0.00976,0.053924,0.0001,,,,,gru
222865,152,-0.029331,0.003241,1.844558,0.00455,0.022514,0.128679,0.014863,0.076852,0.0001,,,,,gru
222865,152,0.086743,0.003055,1.844482,0.00455,0.021031,0.0681,0.012683,0.026037,0.0001,,,,,gru
222865,152,-0.063875,0.002942,1.844442,0.00455,0.0174,0.078704,0.000631,0.051774,0.0001,,,,,gru
222865,152,-0.003729,0.002883,1.844411,0.00455,0.01913,0.070876,0.007451,0.043181,0.0001,,,,,gru
222865,152,0.003725,0.003154,1.844385,0.00455,0.023548,0.023968,0.016807,0.020309,0.0001,,,,,gru
222865,152,-0.002204,0.003803,1.844368,0.00455,0.030544,0.043687,0.021804,0.034659,0.0001,,,,,gru
222865,152,-0.075828,0.002433,1.844372,0.00455,0.02642,0.090313,0.021566,0.063707,0.0001,,,,,gru
222865,152,0.018241,0.0028,1.844351,0.00455,0.018181,0.027208,0.007174,0.015176,0.0001,,,,,gru
222865,152,-0.047736,0.002918,1.844333,0.00455,0.017143,0.041417,0.002659,0.013061,0.0001,,,,,gru
222865,152,0.077149,0.003361,1.844296,0.00455,0.023842,0.119826,0.01693,0.062987,0.0001,,,,,gru
222865,152,-0.106651,0.003522,1.844277,0.00455,0.02731,0.110088,0.020523,0.075829,0.0001,,,,,gru
228686,156,-0.000962,0.003404,1.844269,0.004538,0.026587,0.036505,0.017715,0.030731,0.0001,,,,,gru
228686,156,0.056861,0.003341,1.844265,0.004538,0.024683,0.109232,0.018694,0.070336,0.0001,,,,,gru
228686,156,-0.125674,0.003258,1.844265,0.004538,0.02203,0.09892,0.003515,0.047154,0.0001,,,,,gru
228686,156,-0.074265,0.002792,1.844289,0.004538,0.01745,0.056652,0.007938,0.019926,0.0001,,,,,gru
228686,156,-0.056308,0.002522,1.844336,0.004538,0.022498,0.092473,0.017219,0.051962,0.0001,,,,,gru
228686,156,0.092589,0.003888,1.844377,0.004538,0.032635,0.084352,0.02036,0.041054,0.0001,,,,,gru
228686,156,-0.043168,0.003105,1.844418,0.004538,0.036769,0.049238,0.031471,0.049029,0.0001,,,,,gru
228686,156,-0.034641,0.003805,1.844453,0.004538,0.034037,0.080938,0.027716,0.065666,0.0001,,,,,gru
228686,156,0.030269,0.002475,1.844484,0.004538,0.021363,0.108068,0.011126,0.070503,0.0001,,,,,gru
228686,156,-0.020993,0.003612,1.844516,0.004538,0.021789,0.078351,0.007003,0.039207,0.0001,,,,,gru
228686,156,0.069211,0.003741,1.844529,0.004538,0.032906,0.111374,0.029577,0.070609,0.0001,,,,,gru
228686,156,-0.111082,0.003256,1.844565,0.004538,0.036343,0.071392,0.029829,0.044503,0.0001,,,,,gru
234539,160,-0.04222,0.003167,1.844601,0.004526,0.029914,0.095555,0.023491,0.053299,0.0001,,,,,gru
234539,160,-0.080756,0.002875,1.84463,0.004526,0.027451,0.031826,0.018966,0.024722,0.0001,,,,,gru
234539,160,0.068251,0.003723,1.844672,0.004526,0.024639,0.09491,0.018226,0.056597,0.0001,,,,,gru
234539,160,-0.08403,0.002321,1.844687,0.004526,0.017193,0.03265,0.003309,0.02062,0.0001,,,,,gru
234539,160,-0.032186,0.002912,1.844705,0.004526,0.023895,0.044398,0.011641,0.020369,0.0001,,,,,gru
234539,160,0.05996,0.003082,1.844727,0.004526,0.028262,0.060883,0.017849,0.040452,0.0001,,,,,gru
234539,160,0.002937,0.002694,1.844725,0.004526,0.030102,0.030159,0.02128,0.026137,0.0001,,,,,gru
234539,160,-0.079796,0.002519,1.844714,0.004526,0.027283,0.086158,0.022622,0.056492,0.0001,,,,,gru
234539,160,0.014151,0.003339,1.844706,0.004526,0.023098,0.068836,0.007483,0.038438,0.0001,,,,,gru
234539,160,0.082914,0.003537,1.844698,0.004526,0.019408,0.105374,0.00653,0.055574,0.0001,,,,,gru
234539,160,-0.000395,0.002765,1.844672,0.004526,0.018052,0.079308,0.004899,0.048901,0.0001,,,,,gru
234539,160,-0.166783,0.002031,1.844644,0.004526,0.019593,0.117428,0.003402,0.078554,0.0001,,,,,gru
240311,164,0.01809,0.002867,1.844634,0.004514,0.026386,0.029009,0.023154,0.035618,0.0001,,,,,gru
240311,164,0.056574,0.003797,1.844628,0.004514,0.029783,0.065281,0.024691,0.036292,0.0001,,,,,gru
240311,164,-0.16549,0.003076,1.844636,0.004514,0.025692,0.121518,0.013258,0.079059,0.0001,,,,,gru
240311,164,-0.058351,0.003176,1.84466,0.004514,0.018318,0.031415,0.007822,0.02186,0.0001,,,,,gru
240311,164,0.013736,0.002491,1.844687,0.004514,0.015854,0.057945,0.000567,0.030476,0.0001,,,,,gru
240311,164,-0.021796,0.002714,1.844711,0.004514,0.018314,0.101094,0.010353,0.068085,0.0001,,,,,gru
240311,164,-0.117973,0.002791,1.844753,0.004514,0.025121,0.108307,0.021511,0.072225,0.0001,,,,,gru
240311,164,0.083919,0.003089,1.844806,0.004514,0.030042,0.151248,0.019759,0.096118,0.0001,,,,,gru
240311,164,-0.03422,0.002637,1.844841,0.004514,0.028548,0.077405,0.022053,0.05753,0.0001,,,,,gru
240311,164,0.006327,0.003156,1.844896,0.004514,0.019057,0.08533,0.01202,0.050998,0.0001,,,,,gru
240311,164,-0.144289,0.002185,1.84497,0.004514,0.015589,0.087226,0.003704,0.044539,0.0001,,,,,gru
240311,164,0.092908,0.003156,1.845053,0.004514,0.022616,0.083312,0.014678,0.059506,0.0001,,,,,gru
246150,168,0.001458,0.003275,1.845115,0.004502,0.0269,0.125626,0.017197,0.064676,0.0001,,,,,gru
246150,168,-0.044479,0.002868,1.845157,0.004502,0.027325,0.057141,0.019943,0.034247,0.0001,,,,,gru
246150,168,-0.007266,0.003949,1.845193,0.004502,0.032655,0.196364,0.023905,0.110281,0.0001,,,,,gru
246150,168,-0.080187,0.003398,1.845239,0.004502,0.034729,0.14898,0.024915,0.089981,0.0001,,,,,gru
246150,168,-0.0063,0.004187,1.845287,0.004502,0.037318,0.032577,0.030736,0.039004,0.0001,,,,,gru
246150,168,0.045777,0.003476,1.845318,0.004502,0.034296,0.198509,0.028109,0.138666,0.0001,,,,,gru
246150,168,0.062822,0.003486,1.845341,0.004502,0.024671,0.127358,0.017557,0.093648,0.0001,,,,,gru
246150,168,-0.082557,0.00293,1.845352,0.004502,0.017449,0.075885,0.005527,0.038535,0.0001,,,,,gru
246150,168,-0.03112,0.002647,1.845364,0.004502,0.02854,0.114051,0.022131,0.056567,0.0001,,,,,gru
246150,168,0.142153,0.003948,1.84537,0.004502,0.043562,0.181489,0.029372,0.107659,0.0001,,,,,gru
246150,168,-0.143293,0.003775,1.845371,0.004502,0.054656,0.051931,0.050196,0.059033,0.0001,,,,,gru
246150,168,-0.051221,0.003212,1.845347,0.004502,0.048687,0.050341,0.044906,0.051769,0.0001,,,,,gru
251921,172,0.03569,0.003214,1.845323,0.00449,0.016667,0.068926,0.004309,0.042763,0.0001,,,,,gru
251921,172,0.05192,0.003677,1.845304,0.00449,0.019962,0.063772,0.012759,0.047393,0.0001,,,,,gru
251921,172,-0.17521,0.003067,1.845292,0.00449,0.021882,0.161178,0.008539,0.090962,0.0001,,,,,gru
251921,172,-0.0363,0.00314,1.845282,0.00449,0.019218,0.041636,0.007937,0.020288,0.0001,,,,,gru
251921,172,0.097518,0.003468,1.845263,0.00449,0.01818,0.078315,0.00707,0.039787,0.0001,,,,,gru
251921,172,-0.143809,0.003032,1.845238,0.00449,0.015388,0.164188,0.009346,0.111059,0.0001,,,,,gru
251921,172,-0.1165,0.002781,1.845243,0.00449,0.019495,0.129215,0.014672,0.083176,0.0001,,,,,gru
251921,172,-0.007553,0.003348,1.845261,0.00449,0.01684,0.067595,0.008642,0.042591,0.0001,,,,,gru
251921,172,0.082186,0.00324,1.845265,0.00449,0.018695,0.065236,0.001431,0.041314,0.0001,,,,,gru
251921,172,-0.033567,0.002992,1.845259,0.00449,0.014976,0.127962,0.003303,0.087197,0.0001,,,,,gru
251921,172,-0.164926,0.003157,1.845253,0.00449,0.021513,0.059905,0.008247,0.038448,0.0001,,,,,gru
251921,172,0.172128,0.00409,1.845237,0.00449,0.028655,0.094691,0.024285,0.066503,0.0001,,,,,gru
257777,176,0.091878,0.00334,1.845228,0.004478,0.018606,0.077304,0.010237,0.049153,0.0001,,,,,gru
257777,176,-0.128725,0.002396,1.845237,0.004478,0.01531,0.137481,0.002251,0.095689,0.0001,,,,,gru
257777,176,-0.023746,0.003343,1.845252,0.004478,0.018884,0.088533,0.005544,0.05645,0.0001,,,,,gru
257777,176,0.085289,0.003171,1.845266,0.004478,0.01839,0.073219,0.006722,0.041859,0.0001,,,,,gru
257777,176,-0.112073,0.002698,1.845284,0.004478,0.019421,0.120016,0.012903,0.07886,0.0001,,,,,gru
257777,176,-0.033486,0.002893,1.845328,0.004478,0.018,0.243749,0.007247,0.168281,0.0001,,,,,gru
257777,176,0.079202,0.003603,1.845371,0.004478,0.018336,0.179781,0.001018,0.116498,0.0001,,,,,gru
257777,176,-0.042255,0.002713,1.845419,0.004478,0.017548,0.117635,0.002621,0.082175,0.0001,,,,,gru
257777,176,-0.108514,0.002595,1.845467,0.004478,0.017521,0.174466,0.004343,0.117789,0.0001,,,,,gru
257777,176,-0.00904,0.00245,1.845528,0.004478,0.015148,0.095346,0.006098,0.066891,0.0001,,,,,gru
257777,176,-0.088028,0.002874,1.845582,0.004478,0.017492,0.147369,0.001623,0.101967,0.0001,,,,,gru
257777,176,0.046464,0.003697,1.845636,0.004478,0.020545,0.126017,0.002981,0.069696,0.0001,,,,,gru
263538,180,-0.075108,0.002722,1.845704,0.004466,0.013243,0.04316,0.00214,0.025696,0.0001,,,,,gru
263538,180,0.047181,0.004078,1.845773,0.004466,0.020338,0.041751,0.007098,0.024338,0.0001,,,,,gru
263538,180,-0.076501,0.002712,1.845846,0.004466,0.01424,0.033058,0.000784,0.018148,0.0001,,,,,gru
263538,180,-0.039994,0.003312,1.845905,0.004466,0.016581,0.136782,0.000423,0.090888,0.0001,,,,,gru
263538,180,-0.074003,0.002909,1.845957,0.004466,0.01765,0.044215,0.002399,0.028125,0.0001,,,,,gru
263538,180,0.02748,0.003233,1.845996,0.004466,0.015334,0.116172,0.000883,0.071815,0.0001,,,,,gru
263538,180,-0.025838,0.002967,1.846061,0.004466,0.016927,0.140519,0.000576,0.095737,0.0001,,,,,gru
263538,180,-0.00488,0.00388,1.846118,0.004466,0.01621,0.089886,0.003323,0.057168,0.0001,,,,,gru
263538,180,-0.073882,0.0026,1.846186,0.004466,0.015419,0.126967,0.004042,0.08281,0.0001,,,,,gru
263538,180,-0.072098,0.002919,1.846244,0.004466,0.014539,0.051869,0.002965,0.019181,0.0001,,,,,gru
263538,180,-0.01251,0.003411,1.846296,0.004466,0.016006,0.06427,0.002729,0.04139,0.0001,,,,,gru
263538,180,-0.008194,0.003194,1.846349,0.004466,0.018424,0.046422,0.00165,0.019725,0.0001,,,,,gru
269296,184,-0.017857,0.003486,1.846409,0.004454,0.019317,0.101526,0.002222,0.060905,0.0001,,,,,gru
269296,184,-0.064559,0.003499,1.846445,0.004454,0.018814,0.129055,0.002186,0.089968,0.0001,,,,,gru
269296,184,0.014205,0.002612,1.846484,0.004454,0.014802,0.037641,0.005227,0.021477,0.0001,,,,,gru
269296,184,0.004539,0.00376,1.846517,0.004454,0.020768,0.083616,0.00419,0.046542,0.0001,,,,,gru
269296,184,-0.050735,0.002984,1.846521,0.004454,0.017291,0.176366,0.002227,0.117575,0.0001,,,,,gru
269296,184,-0.027086,0.002759,1.846519,0.004454,0.01794,0.093058,0.007332,0.055092,0.0001,,,,,gru
269296,184,-0.076961,0.003234,1.846523,0.004454,0.020538,0.037713,0.009407,0.023812,0.0001,,,,,gru
269296,184,0.083737,0.00344,1.84653,0.004454,0.019985,0.105243,0.002503,0.050213,0.0001,,,,,gru
269296,184,-0.090583,0.002661,1.846521,0.004454,0.014685,0.053456,0.004044,0.030651,0.0001,,,,,gru
269296,184,-0.105944,0.002558,1.846511,0.004454,0.015572,0.068365,0.002335,0.042605,0.0001,,,,,gru
269296,184,-0.021709,0.003694,1.846509,0.004454,0.01983,0.106887,0.003746,0.06837,0.0001,,,,,gru
269296,184,0.0726,0.003439,1.846503,0.004454,0.018051,0.147863,0.00798,0.097812,0.0001,,,,,gru
274985,188,0.020999,0.003221,1.846467,0.004442,0.015457,0.098468,0.008094,0.064327,0.0001,,,,,gru
274985,188,-0.050302,0.002999,1.846422,0.004442,0.01369,0.039649,0.004627,0.023099,0.0001,,,,,gru
274985,188,-0.061309,0.002916,1.846387,0.004442,0.014305,0.069872,0.002393,0.035651,0.0001,,,,,gru
274985,188,-0.049869,0.003121,1.846334,0.004442,0.014724,0.044265,0.002378,0.027565,0.0001,,,,,gru
274985,188,-0.002067,0.002978,1.846278,0.004442,0.017111,0.083964,0.006068,0.050944,0.0001,,,,,gru
274985,188,-0.031111,0.002688,1.846216,0.004442,0.019791,0.110824,0.011055,0.075128,0.0001,,,,,gru
274985,188,-0.026677,0.002703,1.846155,0.004442,0.01737,0.092381,0.010977,0.066944,0.0001,,,,,gru
274985,188,-0.017056,0.003033,1.846087,0.004442,0.018372,0.046585,0.007679,0.018656,0.0001,,,,,gru
274985,188,-0.041278,0.003072,1.846044,0.004442,0.017583,0.092391,0.003967,0.042188,0.0001,,,,,gru
274985,188,0.017802,0.003396,1.845971,0.004442,0.016564,0.107252,0.003279,0.066839,0.0001,,,,,gru
274985,188,-0.061516,0.002451,1.84589,0.004442,0.01199,0.032947,0.003175,0.020073,0.0001,,,,,gru
274985,188,-0.040984,0.003193,1.845814,0.004442,0.014122,0.047845,0.005924,0.013669,0.0001,,,,,gru
280738,192,-0.045961,0.003111,1.845737,0.00443,0.014433,0.103739,0.004601,0.053385,0.0001,,,,,gru
280738,192,0.063904,0.003431,1.845675,0.00443,0.019339,0.046473,0.011876,0.019741,0.0001,,,,,gru
280738,192,-0.103843,0.003191,1.845644,0.00443,0.015921,0.119689,0.007561,0.072685,0.0001,,,,,gru
280738,192,0.000956,0.00354,1.84565,0.00443,0.018314,0.107103,0.007897,0.058182,0.0001,,,,,gru
280738,192,-0.04689,0.002803,1.845681,0.00443,0.014487,0.105886,0.001756,0.05698,0.0001,,,,,gru
280738,192,-0.026809,0.003205,1.845716,0.00443,0.01545,0.083085,0.002625,0.035129,0.0001,,,,,gru
280738,192,-0.110282,0.002886,1.84578,0.00443,0.01421,0.046891,0.002757,0.012639,0.0001,,,,,gru
280738,192,-0.049923,0.002415,1.845857,0.00443,0.014003,0.167909,0.003235,0.12133,0.0001,,,,,gru
280738,192,0.112239,0.004282,1.845927,0.00443,0.022234,0.097249,0.004542,0.035115,0.0001,,,,,gru
280738,192,-0.107075,0.002684,1.846038,0.00443,0.016575,0.136614,0.003944,0.06932,0.0001,,,,,gru
280738,192,-0.087973,0.003561,1.846164,0.00443,0.015145,0.090663,0.001952,0.046056,0.0001,,,,,gru
280738,192,0.151302,0.00341,1.846306,0.00443,0.017779,0.076243,0.011549,0.053261,0.0001,,,,,gru
286512,196,-0.026461,0.003235,1.846441,0.004418,0.014049,0.10706,0.005411,0.066344,0.0001,,,,,gru
286512,196,0.017956,0.003139,1.846556,0.004418,0.01541,0.165159,0.004085,0.102437,0.0001,,,,,gru
286512,196,-0.103877,0.002666,1.846647,0.004418,0.014166,0.037608,0.003092,0.020201,0.0001,,,,,gru
286512,196,-0.026045,0.002961,1.846726,0.004418,0.014816,0.077134,0.001657,0.032205,0.0001,,,,,gru
286512,196,-0.050806,0.003121,1.846772,0.004418,0.01749,0.211491,0.003728,0.152358,0.0001,,,,,gru
286512,196,-0.020254,0.002827,1.846813,0.004418,0.014264,0.135762,0.002309,0.094804,0.0001,,,,,gru
286512,196,-0.006374,0.002788,1.846826,0.004418,0.015999,0.043206,0.000983,0.020266,0.0001,,,,,gru
286512,196,-0.064196,0.003099,1.84682,0.004418,0.014297,0.041433,0.002204,0.018671,0.0001,,,,,gru
286512,196,-0.029761,0.003128,1.846805,0.004418,0.014908,0.262753,0.002276,0.168999,0.0001,,,,,gru
286512,196,-0.14192,0.00276,1.846783,0.004418,0.012547,0.057308,0.000304,0.034215,0.0001,,,,,gru
286512,196,0.054502,0.003426,1.846752,0.004418,0.017215,0.102262,0.008938,0.058612,0.0001,,,,,gru
286512,196,-0.006195,0.00304,1.846712,0.004418,0.016865,0.084307,0.006468,0.049029,0.0001,,,,,gru
292244,200,0.020423,0.003517,1.846662,0.004406,0.0164,0.032119,0.008786,0.012696,0.0001,,,,,gru
292244,200,-0.075836,0.002608,1.846609,0.004406,0.01584,0.109491,0.002203,0.057192,0.0001,,,,,gru
292244,200,-0.039181,0.003428,1.846573,0.004406,0.016911,0.174055,0.00325,0.12207,0.0001,,,,,gru
292244,200,-0.022318,0.003712,1.846554,0.004406,0.015844,0.17349,0.002934,0.121503,0.0001,,,,,gru
292244,200,-0.011657,0.002869,1.846521,0.004406,0.017567,0.086959,0.004309,0.061624,0.0001,,,,,gru
292244,200,-0.06651,0.002809,1.846488,0.004406,0.015242,0.0275,0.00321,0.016794,0.0001,,,,,gru
292244,200,-0.142708,0.002095,1.84646,0.004406,0.0136,0.039668,0.000948,0.020267,0.0001,,,,,gru
292244,200,0.022318,0.00406,1.846435,0.004406,0.019518,0.04582,0.004721,0.028077,0.0001,,,,,gru
292244,200,0.045129,0.003308,1.846417,0.004406,0.01549,0.0581,0.003547,0.024434,0.0001,,,,,gru
292244,200,0.011749,0.003448,1.846403,0.004406,0.018665,0.226729,0.002915,0.159168,0.0001,,,,,gru
292244,200,-0.038842,0.002796,1.84641,0.004406,0.017224,0.037452,0.005122,0.024758,0.0001,,,,,gru
292244,200,-0.073986,0.003051,1.846423,0.004406,0.017226,0.064396,0.009839,0.045283,0.0001,,,,,gru
297972,204,-0.120537,0.002509,1.846426,0.004394,0.011946,0.023881,0.002281,0.009974,0.0001,,,,,gru
297972,204,0.142375,0.004097,1.846423,0.004394,0.020296,0.220355,0.005674,0.112615,0.0001,,,,,gru
297972,204,-0.123618,0.003002,1.846458,0.004394,0.012243,0.052034,0.000198,0.033964,0.0001,,,,,gru
297972,204,0.052423,0.003746,1.846483,0.004394,0.017653,0.268055,0.007792,0.194387,0.0001,,,,,gru
297972,204,0.001077,0.003548,1.846499,0.004394,0.014803,0.040759,0.009225,0.01611,0.0001,,,,,gru
297972,204,-0.162511,0.002603,1.846523,0.004394,0.011995,0.115229,0.004916,0.07235,0.0001,,,,,gru
297972,204,-0.049488,0.002925,1.846542,0.004394,0.013274,0.121393,0.006486,0.07383,0.0001,,,,,gru
297972,204,-0.01293,0.003277,1.846559,0.004394,0.015338,0.163295,0.002949,0.105618,0.0001,,,,,gru
297972,204,-0.021449,0.003721,1.84659,0.004394,0.01682,0.160382,0.002057,0.082443,0.0001,,,,,gru
297972,204,0.007727,0.002894,1.846616,0.004394,0.013378,0.113501,0.000861,0.065656,0.0001,,,,,gru
297972,204,-0.061831,0.00395,1.846639,0.004394,0.01656,0.100231,0.001721,0.049821,0.0001,,,,,gru
297972,204,-0.031971,0.002969,1.846662,0.004394,0.014372,0.20595,0.00574,0.120887,0.0001,,,,,gru
303728,208,0.011291,0.00321,1.846694,0.004382,0.015595,0.071677,0.003641,0.031392,0.0001,,,,,gru
303728,208,-0.10236,0.003212,1.846749,0.004382,0.014611,0.094773,0.005355,0.061955,0.0001,,,,,gru
303728,208,0.007395,0.003356,1.846816,0.004382,0.020394,0.096754,0.007042,0.062868,0.0001,,,,,gru
303728,208,0.019299,0.003893,1.846885,0.004382,0.022717,0.073271,0.00999,0.046868,0.0001,,,,,gru
303728,208,-0.111769,0.002791,1.846959,0.004382,0.02128,0.183207,0.016242,0.131053,0.0001,,,,,gru
303728,208,0.009771,0.002952,1.847058,0.004382,0.019725,0.24433,0.007315,0.169241,0.0001,,,,,gru
303728,208,-0.053307,0.003259,1.847152,0.004382,0.014743,0.065005,0.002047,0.036336,0.0001,,,,,gru
303728,208,-0.024137,0.003104,1.847253,0.004382,0.015843,0.06077,0.005146,0.03252,0.0001,,,,,gru
303728,208,-0.007851,0.003618,1.847347,0.004382,0.014601,0.14292,0.007936,0.08573,0.0001,,,,,gru
303728,208,0.057832,0.00344,1.847468,0.004382,0.016826,0.125388,0.010912,0.06894,0.0001,,,,,gru
303728,208,-0.004227,0.003606,1.847599,0.004382,0.015894,0.123862,0.004247,0.065749,0.0001,,,,,gru
303728,208,-0.164937,0.002775,1.84774,0.004382,0.014131,0.063294,0.005515,0.038927,0.0001,,,,,gru
309432,212,-0.156551,0.002659,1.84787,0.00437,0.01299,0.057756,0.005553,0.023558,0.0001,,,,,gru
309432,212,0.024771,0.003918,1.84796,0.00437,0.017071,0.228783,0.002122,0.124053,0.0001,,,,,gru
309432,212,0.052869,0.00314,1.848045,0.00437,0.021448,0.075023,0.010532,0.029308,0.0001,,,,,gru
309432,212,-0.020824,0.002819,1.848145,0.00437,0.025961,0.026059,0.020387,0.029105,0.0001,,,,,gru
309432,212,-0.015499,0.003538,1.848226,0.00437,0.029412,0.165694,0.020162,0.114536,0.0001,,,,,gru
309432,212,-0.065772,0.003479,1.8483,0.00437,0.022887,0.057314,0.015968,0.04603,0.0001,,,,,gru
309432,212,0.078784,0.003775,1.848355,0.00437,0.016835,0.078272,0.000956,0.049811,0.0001,,,,,gru
309432,212,-0.078248,0.002965,1.848399,0.00437,0.015908,0.071739,0.006406,0.028851,0.0001,,,,,gru
309432,212,-0.106738,0.00316,1.848406,0.00437,0.019036,0.132664,0.01309,0.068796,0.0001,,,,,gru
309432,212,-0.058593,0.0038,1.848416,0.00437,0.02569,0.052256,0.02223,0.036974,0.0001,,,,,gru
309432,212,0.015739,0.004414,1.848408,0.00437,0.029511,0.124206,0.026745,0.073957,0.0001,,,,,gru
309432,212,-0.055225,0.003116,1.848374,0.00437,0.024097,0.143588,0.020483,0.079069,0.0001,,,,,gru
315136,216,-0.028567,0.002818,1.848351,0.004358,0.012512,0.116214,0.003525,0.079244,0.0001,,,,,gru
315136,216,0.060316,0.003372,1.848328,0.004358,0.01505,0.080567,0.000995,0.047762,0.0001,,,,,gru
315136,216,-0.148129,0.002665,1.848293,0.004358,0.017282,0.072648,0.012625,0.053328,0.0001,,,,,gru
315136,216,-0.085444,0.002175,1.848272,0.004358,0.015987,0.261725,0.013085,0.177826,0.0001,,,,,gru
315136,216,0.014703,0.003167,1.848245,0.004358,0.017005,0.14603,0.007632,0.097971,0.0001,,,,,gru
315136,216,-0.018887,0.003616,1.848222,0.004358,0.016905,0.11879,0.003948,0.065877,0.0001,,,,,gru
315136,216,0.053031,0.00364,1.848193,0.004358,0.015191,0.149322,0.004266,0.10025,0.0001,,,,,gru
315136,216,-0.072788,0.002797,1.84816,0.004358,0.014202,0.080276,0.003168,0.048876,0.0001,,,,,gru
315136,216,-0.081492,0.002535,1.848113,0.004358,0.011926,0.046923,0.004149,0.023719,0.0001,,,,,gru
315136,216,-0.09601,0.002532,1.848071,0.004358,0.013153,0.016694,0.003537,0.006579,0.0001,,,,,gru
315136,216,-0.021148,0.002798,1.848026,0.004358,0.012622,0.043083,0.004636,0.016394,0.0001,,,,,gru
315136,216,0.042651,0.004013,1.847973,0.004358,0.015711,0.214175,0.006375,0.115583,0.0001,,,,,gru
320829,220,-0.035689,0.002537,1.847902,0.004346,0.013809,0.065481,0.001814,0.039964,0.0001,,,,,gru
320829,220,0.014172,0.003643,1.847837,0.004346,0.016555,0.062286,0.004289,0.033886,0.0001,,,,,gru
320829,220,-0.057646,0.00315,1.847786,0.004346,0.022508,0.216346,0.012907,0.119753,0.0001,,,,,gru
320829,220,-0.02169,0.003294,1.847763,0.004346,0.03287,0.127904,0.023912,0.060622,0.0001,,,,,gru
320829,220,-0.00606,0.003442,1.847764,0.004346,0.037237,0.126165,0.032772,0.088477,0.0001,,,,,gru
320829,220,-0.048373,0.003236,1.847771,0.004346,0.03682,0.110653,0.030826,0.082067,0.0001,,,,,gru
320829,220,0.03542,0.003578,1.847784,0.004346,0.027635,0.125824,0.016753,0.073939,0.0001,,,,,gru
320829,220,-0.013267,0.002582,1.847792,0.004346,0.014438,0.105552,0.000383,0.054345,0.0001,,,,,gru
320829,220,-0.111122,0.003459,1.847788,0.004346,0.020469,0.061635,0.017788,0.033915,0.0001,,,,,gru
320829,220,-0.039571,0.004372,1.847797,0.004346,0.037174,0.141248,0.035534,0.092772,0.0001,,,,,gru
320829,220,0.051634,0.004553,1.84782,0.004346,0.043412,0.042983,0.041493,0.064912,0.0001,,,,,gru
320829,220,-0.099775,0.004025,1.847843,0.004346,0.031028,0.070085,0.028688,0.04728,0.0001,,,,,gru
326512,224,0.008461,0.003162,1.847846,0.004334,0.018272,0.125339,0.009381,0.055012,0.0001,,,,,gru
326512,224,-0.080931,0.00266,1.847874,0.004334,0.014384,0.067842,0.003368,0.038136,0.0001,,,,,gru
326512,224,0.006597,0.003049,1.847903,0.004334,0.018498,0.15197,0.011562,0.10184,0.0001,,,,,gru
326512,224,-0.038985,0.002602,1.847929,0.004334,0.028836,0.115373,0.025385,0.082185,0.0001,,,,,gru
326512,224,-0.010076,0.003605,1.847955,0.004334,0.03716,0.241864,0.029063,0.178608,0.0001,,,,,gru
326512,224,-0.022578,0.003049,1.847995,0.004334,0.025767,0.182327,0.020823,0.126908,0.0001,,,,,gru
326512,224,-0.03601,0.003081,1.848022,0.004334,0.017118,0.056438,0.005297,0.021144,0.0001,,,,,gru
326512,224,0.038775,0.002786,1.848065,0.004334,0.017166,0.091934,0.009996,0.067091,0.0001,,,,,gru
326512,224,-0.088195,0.003341,1.8481,0.004334,0.018659,0.128461,0.013005,0.068688,0.0001,,,,,gru
326512,224,-0.041224,0.004049,1.848137,0.004334,0.025152,0.121977,0.019485,0.077733,0.0001,,,,,gru
326512,224,-0.028662,0.002725,1.848188,0.004334,0.020331,0.064231,0.016593,0.046494,0.0001,,,,,gru
326512,224,0.004464,0.003011,1.848228,0.004334,0.01733,0.060764,0.01022,0.044147,0.0001,,,,,gru
332146,228,-0.085625,0.003224,1.848274,0.004322,0.014492,0.073617,0.006384,0.047375,0.0001,,,,,gru
332146,228,-0.037131,0.00268,1.848321,0.004322,0.018306,0.133677,0.003802,0.06992,0.0001,,,,,gru
332146,228,0.059906,0.003316,1.848359,0.004322,0.026754,0.092897,0.015392,0.03948,0.0001,,,,,gru
332146,228,-0.012628,0.003106,1.848419,0.004322,0.036549,0.145554,0.028357,0.071449,0.0001,,,,,gru
332146,228,-0.078337,0.003488,1.848473,0.004322,0.043307,0.04723,0.039283,0.063813,0.0001,,,,,gru
332146,228,0.021206,0.003592,1.84852,0.004322,0.038474,0.202903,0.031473,0.155889,0.0001,,,,,gru
332146,228,-0.031011,0.002657,1.848568,0.004322,0.021826,0.064716,0.014067,0.040663,0.0001,,,,,gru
332146,228,-0.02556,0.003393,1.848619,0.004322,0.016995,0.057423,0.008676,0.043069,0.0001,,,,,gru
332146,228,-0.022783,0.003685,1.848656,0.004322,0.026531,0.15902,0.024362,0.108965,0.0001,,,,,gru
332146,228,-0.054008,0.004027,1.848675,0.004322,0.031483,0.118675,0.030382,0.084576,0.0001,,,,,gru
332146,228,0.037148,0.003729,1.848694,0.004322,0.033338,0.079823,0.032093,0.062958,0.0001,,,,,gru
332146,228,-0.074919,0.003546,1.848703,0.004322,0.022168,0.041812,0.02019,0.030518,0.0001,,,,,gru
337821,232,0.022096,0.003268,1.848714,0.00431,0.018649,0.07844,0.010291,0.051203,0.0001,,,,,gru
337821,232,-0.060554,0.002623,1.848724,0.00431,0.0177,0.065791,0.007485,0.038569,0.0001,,,,,gru
337821,232,-0.023573,0.0034,1.848723,0.00431,0.027062,0.092326,0.016511,0.057849,0.0001,,,,,gru
337821,232,-0.00818,0.003223,1.848706,0.00431,0.031157,0.062388,0.022007,0.037017,0.0001,,,,,gru
337821,232,-0.029359,0.002945,1.848679,0.00431,0.031953,0.154238,0.024977,0.116848,0.0001,,,,,gru
337821,232,-0.024357,0.00308,1.848659,0.00431,0.023981,0.109447,0.014551,0.050872,0.0001,,,,,gru
337821,232,-0.05966,0.00267,1.84862,0.00431,0.018591,0.095172,0.00707,0.033101,0.0001,,,,,gru
337821,232,0.020042,0.003571,1.848545,0.00431,0.017159,0.070041,0.004506,0.046457,0.0001,,,,,gru
337821,232,-0.018605,0.002768,1.848463,0.00431,0.016995,0.233464,0.011724,0.15379,0.0001,,,,,gru
337821,232,-0.009808,0.002798,1.848399,0.00431,0.020713,0.239615,0.01707,0.16344,0.0001,,,,,gru
337821,232,-0.044003,0.003392,1.848326,0.00431,0.020281,0.052978,0.017193,0.024697,0.0001,,,,,gru
337821,232,-0.002349,0.003681,1.848236,0.00431,0.022769,0.131323,0.01475,0.088249,0.0001,,,,,gru
343561,236,-0.056552,0.00302,1.848155,0.004298,0.015241,0.098812,0.004874,0.056757,0.0001,,,,,gru
343561,236,0.022079,0.002927,1.848061,0.004298,0.015805,0.108003,0.000779,0.076969,0.0001,,,,,gru
343561,236,-0.028343,0.002485,1.847983,0.004298,0.017646,0.122831,0.00648,0.084357,0.0001,,,,,gru
343561,236,0.076432,0.003263,1.847901,0.004298,0.018729,0.155227,0.003226,0.096515,0.0001,,,,,gru
343561,236,-0.070639,0.002828,1.847799,0.004298,0.014854,0.212471,0.00095,0.158475,0.0001,,,,,gru
343561,236,-0.076015,0.002204,1.847702,0.004298,0.013736,0.305569,0.002201,0.223518,0.0001,,,,,gru
343561,236,-0.113121,0.00231,1.847628,0.004298,0.016673,0.11458,0.010069,0.08479,0.0001,,,,,gru
343561,236,0.011583,0.003361,1.847562,0.004298,0.022781,0.144908,0.012478,0.101514,0.0001,,,,,gru
343561,236,0.0555,0.002672,1.847496,0.004298,0.020987,0.121643,0.013708,0.085558,0.0001,,,,,gru
343561,236,-0.021523,0.002766,1.847423,0.004298,0.018907,0.125576,0.009503,0.085522,0.0001,,,,,gru
343561,236,-0.061863,0.002625,1.84735,0.004298,0.013312,0.061024,0.001912,0.030593,0.0001,,,,,gru
343561,236,0.033984,0.003223,1.847279,0.004298,0.017818,0.17417,0.011596,0.11746,0.0001,,,,,gru
349200,240,0.016986,0.002886,1.847199,0.004286,0.017413,0.094238,0.011011,0.05801,0.0001,,,,,gru
349200,240,-0.059888,0.00298,1.847126,0.004286,0.017193,0.109605,0.008643,0.076196,0.0001,,,,,gru
349200,240,-0.028283,0.002838,1.847045,0.004286,0.013659,0.037593,0.004992,0.010149,0.0001,,,,,gru
349200,240,-0.022826,0.002266,1.846963,0.004286,0.014116,0.134651,0.000151,0.094639,0.0001,,,,,gru
349200,240,-0.005293,0.003231,1.846867,0.004286,0.017805,0.141428,0.005163,0.099491,0.0001,,,,,gru
349200,240,-0.046901,0.00283,1.846782,0.004286,0.022402,0.114074,0.012459,0.074352,0.0001,,,,,gru
349200,240,-0.045698,0.002557,1.846705,0.004286,0.023682,0.09577,0.014729,0.061838,0.0001,,,,,gru
349200,240,-0.074367,0.002412,1.846637,0.004286,0.021322,0.048913,0.018088,0.040328,0.0001,,,,,gru
349200,240,0.075206,0.003578,1.84658,0.004286,0.022668,0.207517,0.007705,0.135807,0.0001,,,,,gru
349200,240,0.037296,0.002998,1.846492,0.004286,0.016335,0.137695,0.003274,0.096351,0.0001,,,,,gru
349200,240,-0.049127,0.002925,1.846407,0.004286,0.018655,0.076373,0.014202,0.044347,0.0001,,,,,gru
349200,240,-0.066534,0.003158,1.846307,0.004286,0.022363,0.041707,0.021371,0.028036,0.0001,,,,,gru
354897,244,-0.071433,0.002416,1.846205,0.004274,0.017924,0.085957,0.013817,0.053735,0.0001,,,,,gru
354897,244,-0.00141,0.00369,1.846102,0.004274,0.021154,0.119219,0.013976,0.062965,0.0001,,,,,gru
354897,244,0.022356,0.002889,1.845995,0.004274,0.020265,0.059722,0.004584,0.030115,0.0001,,,,,gru
354897,244,-0.053753,0.003035,1.845888,0.004274,0.019523,0.058972,0.008433,0.02768,0.0001,,,,,gru
354897,244,-0.010893,0.002446,1.845774,0.004274,0.025182,0.066893,0.016594,0.041827,0.0001,,,,,gru
354897,244,0.012061,0.002997,1.845656,0.004274,0.029436,0.280273,0.017669,0.190718,0.0001,,,,,gru
354897,244,0.013099,0.002608,1.845557,0.004274,0.032938,0.082022,0.022369,0.054838,0.0001,,,,,gru
354897,244,-0.079073,0.003085,1.845447,0.004274,0.028283,0.094769,0.022107,0.064127,0.0001,,,,,gru
354897,244,0.015769,0.002878,1.845347,0.004274,0.020846,0.121598,0.011592,0.060016,0.0001,,,,,gru
354897,244,-0.012204,0.002823,1.845247,0.004274,0.019964,0.16141,0.006831,0.109256,0.0001,,,,,gru
354897,244,0.029243,0.002802,1.845131,0.004274,0.018203,0.161908,0.004637,0.096593,0.0001,,,,,gru
354897,244,-0.086998,0.002914,1.844998,0.004274,0.023458,0.066687,0.016234,0.048955,0.0001,,,,,gru
360576,248,0.005563,0.003443,1.844869,0.004262,0.023294,0.156819,0.018507,0.094571,0.0001,,,,,gru
360576,248,-0.019549,0.002848,1.844757,0.004262,0.024779,0.093391,0.0202,0.059485,0.0001,,,,,gru
360576,248,-0.058205,0.002178,1.844649,0.004262,0.018067,0.126081,0.013888,0.085438,0.0001,,,,,gru
360576,248,-0.008624,0.002691,1.844546,0.004262,0.01749,0.085028,0.006834,0.061411,0.0001,,,,,gru
360576,248,0.021861,0.002328,1.844453,0.004262,0.01608,0.052948,0.004341,0.019673,0.0001,,,,,gru
360576,248,-0.091392,0.002671,1.844345,0.004262,0.024239,0.246019,0.017741,0.168099,0.0001,,,,,gru
360576,248,-0.015623,0.002475,1.844241,0.004262,0.026651,0.05371,0.020776,0.032366,0.0001,,,,,gru
360576,248,-0.066213,0.002371,1.844141,0.004262,0.026368,0.027351,0.023691,0.028894,0.0001,,,,,gru
360576,248,0.032551,0.003081,1.844054,0.004262,0.024251,0.09091,0.015944,0.043409,0.0001,,,,,gru
360576,248,-0.089651,0.002195,1.843975,0.004262,0.018483,0.035389,0.010695,0.023442,0.0001,,,,,gru
360576,248,0.092662,0.003121,1.843897,0.004262,0.019587,0.239963,0.007068,0.155644,0.0001,,,,,gru
360576,248,-0.075147,0.002419,1.843818,0.004262,0.021429,0.04294,0.013218,0.029712,0.0001,,,,,gru
366135,252,0.075896,0.003109,1.843741,0.00425,0.022565,0.108841,0.021553,0.055226,0.0001,,,,,gru
366135,252,-0.011476,0.002733,1.843653,0.00425,0.019715,0.048359,0.017152,0.030806,0.0001,,,,,gru
366135,252,-0.173754,0.002825,1.843565,0.00425,0.016266,0.055233,0.008993,0.022437,0.0001,,,,,gru
366135,252,-0.072971,0.002601,1.843507,0.00425,0.014905,0.064331,0.005589,0.03113,0.0001,,,,,gru
366135,252,0.015685,0.002461,1.84347,0.00425,0.015621,0.093356,0.000569,0.053134,0.0001,,,,,gru
366135,252,-0.006974,0.002839,1.843423,0.00425,0.019269,0.121933,0.008127,0.063894,0.0001,,,,,gru
366135,252,-0.069406,0.003108,1.843361,0.00425,0.019914,0.106506,0.010986,0.066775,0.0001,,,,,gru
366135,252,0.00372,0.001949,1.843315,0.00425,0.017385,0.074074,0.007371,0.031625,0.0001,,,,,gru
366135,252,0.003875,0.002752,1.843254,0.00425,0.016915,0.207243,0.003685,0.142441,0.0001,,,,,gru
366135,252,-0.067379,0.002712,1.843183,0.00425,0.014887,0.072332,0.002346,0.047396,0.0001,,,,,gru
366135,252,-0.02032,0.002681,1.843116,0.00425,0.016261,0.043648,0.010992,0.022898,0.0001,,,,,gru
366135,252,0.036665,0.002863,1.843058,0.00425,0.017799,0.082619,0.015784,0.043863,0.0001,,,,,gru
371852,256,-0.045796,0.003117,1.842979,0.004238,0.025566,0.034121,0.017669,0.025051,0.0001,,,,,gru
371852,256,0.003297,0.002743,1.842924,0.004238,0.019816,0.045024,0.014978,0.028487,0.0001,,,,,gru
371852,256,-0.011819,0.003098,1.84287,0.004238,0.018683,0.118654,0.008855,0.062828,0.0001,,,,,gru
371852,256,-0.08854,0.00255,1.842833,0.004238,0.019513,0.027043,0.005085,0.013833,0.0001,,,,,gru
371852,256,-0.004105,0.002719,1.842808,0.004238,0.02028,0.065514,0.010976,0.028504,0.0001,,,,,gru
371852,256,0.051468,0.002956,1.842783,0.004238,0.023282,0.119054,0.014921,0.067866,0.0001,,,,,gru
371852,256,-0.077703,0.002531,1.842791,0.004238,0.026727,0.081634,0.022778,0.049319,0.0001,,,,,gru
371852,256,0.06336,0.002975,1.842829,0.004238,0.026304,0.077088,0.015282,0.050864,0.0001,,,,,gru
371852,256,-0.045183,0.002831,1.842858,0.004238,0.023003,0.089446,0.014031,0.052383,0.0001,,,,,gru
371852,256,0.024221,0.002137,1.842891,0.004238,0.015801,0.095884,0.004502,0.059926,0.0001,,,,,gru
371852,256,0.023941,0.002804,1.842923,0.004238,0.01874,0.050006,0.004262,0.032995,0.0001,,,,,gru
371852,256,-0.12406,0.003345,1.842949,0.004238,0.019204,0.051873,0.004498,0.00949,0.0001,,,,,gru
377454,260,-0.005016,0.003376,1.842999,0.004226,0.020023,0.11509,0.017169,0.069544,0.0001,,,,,gru
377454,260,-0.150763,0.002196,1.843026,0.004226,0.015806,0.096857,0.009363,0.049527,0.0001,,,,,gru
377454,260,0.1186,0.002682,1.843019,0.004226,0.018793,0.11667,0.009797,0.072397,0.0001,,,,,gru
377454,260,-0.031998,0.001947,1.843004,0.004226,0.015113,0.039651,0.006611,0.018567,0.0001,,,,,gru
377454,260,-0.040044,0.003213,1.842979,0.004226,0.026412,0.188891,0.016075,0.12461,0.0001,,,,,gru
377454,260,0.00825,0.002508,1.842947,0.004226,0.023456,0.267594,0.019139,0.153508,0.0001,,,,,gru
377454,260,-0.02418,0.002481,1.842885,0.004226,0.019958,0.124639,0.008968,0.064816,0.0001,,,,,gru
377454,260,-0.026174,0.002708,1.842801,0.004226,0.016926,0.024879,0.007114,0.009392,0.0001,,,,,gru
377454,260,-0.019696,0.002798,1.842716,0.004226,0.022172,0.179354,0.019866,0.107458,0.0001,,,,,gru
377454,260,-0.114711,0.002339,1.842618,0.004226,0.022435,0.056122,0.018556,0.033346,0.0001,,,,,gru
377454,260,-0.008292,0.003179,1.842505,0.004226,0.020861,0.165629,0.017013,0.100399,0.0001,,,,,gru
377454,260,0.079889,0.002813,1.842379,0.004226,0.017574,0.035126,0.007962,0.017575,0.0001,,,,,gru
383175,264,-0.062091,0.002353,1.842253,0.004214,0.016538,0.058876,0.001272,0.03408,0.0001,,,,,gru
383175,264,-0.037445,0.0024,1.842139,0.004214,0.015349,0.045711,0.008098,0.030019,0.0001,,,,,gru
383175,264,0.071655,0.003666,1.842025,0.004214,0.021574,0.129827,0.010781,0.063816,0.0001,,,,,gru
383175,264,0.144146,0.003163,1.841935,0.004214,0.01811,0.195844,0.006571,0.122538,0.0001,,,,,gru
383175,264,-0.124654,0.002195,1.841855,0.004214,0.016592,0.09633,0.010718,0.056779,0.0001,,,,,gru
383175,264,-0.074367,0.002919,1.841791,0.004214,0.017091,0.062529,0.000955,0.028817,0.0001,,,,,gru
383175,264,-0.05178,0.002533,1.84171,0.004214,0.020134,0.044639,0.007609,0.024948,0.0001,,,,,gru
383175,264,-0.026876,0.003668,1.841627,0.004214,0.024358,0.099594,0.013739,0.068922,0.0001,,,,,gru
383175,264,0.046621,0.002625,1.841559,0.004214,0.021229,0.057625,0.014313,0.027615,0.0001,,,,,gru
383175,264,0.004163,0.002329,1.841513,0.004214,0.018591,0.057103,0.009098,0.027687,0.0001,,,,,gru
383175,264,0.073965,0.003075,1.841483,0.004214,0.015679,0.067363,0.006775,0.040203,0.0001,,,,,gru
383175,264,-0.146747,0.003234,1.841469,0.004214,0.021466,0.167195,0.005671,0.092533,0.0001,,,,,gru
388899,268,0.037119,0.002771,1.841434,0.004202,0.015363,0.112133,0.003178,0.071238,0.0001,,,,,gru
388899,268,-0.098196,0.002332,1.841416,0.004202,0.016809,0.079897,0.010562,0.051121,0.0001,,,,,gru
388899,268,-0.001869,0.002962,1.841403,0.004202,0.021929,0.045922,0.014819,0.027804,0.0001,,,,,gru
388899,268,0.044629,0.002766,1.841409,0.004202,0.021594,0.044597,0.01553,0.033764,0.0001,,,,,gru
388899,268,-0.024608,0.002839,1.841417,0.004202,0.020404,0.101468,0.013606,0.06476,0.0001,,,,,gru
388899,268,-0.10039,0.002268,1.841434,0.004202,0.017192,0.112863,0.010509,0.066626,0.0001,,,,,gru
388899,268,0.046424,0.002356,1.841473,0.004202,0.016287,0.23062,0.002066,0.150735,0.0001,,,,,gru
388899,268,-0.021292,0.002908,1.841527,0.004202,0.012376,0.127372,0.003944,0.079618,0.0001,,,,,gru
388899,268,-0.109122,0.002837,1.84157,0.004202,0.015893,0.086826,0.008311,0.041771,0.0001,,,,,gru
388899,268,-0.012869,0.003215,1.841625,0.004202,0.020138,0.084684,0.016819,0.054626,0.0001,,,,,gru
388899,268,-0.129044,0.002695,1.841668,0.004202,0.017109,0.050989,0.01275,0.029595,0.0001,,,,,gru
388899,268,0.099924,0.002715,1.841712,0.004202,0.018454,0.150095,0.014987,0.085615,0.0001,,,,,gru
394663,272,-0.115904,0.002821,1.8418,0.00419,0.017094,0.165843,0.004694,0.104625,0.0001,,,,,gru
394663,272,-0.009857,0.002585,1.841863,0.00419,0.01914,0.091686,0.015339,0.057589,0.0001,,,,,gru
394663,272,0.105385,0.003255,1.841916,0.00419,0.02424,0.104543,0.017733,0.062924,0.0001,,,,,gru
394663,272,-0.098642,0.003263,1.841962,0.00419,0.030339,0.183672,0.028883,0.136805,0.0001,,,,,gru
394663,272,0.037689,0.002935,1.841997,0.00419,0.021661,0.219849,0.014182,0.146787,0.0001,,,,,gru
394663,272,0.026809,0.002567,1.842032,0.00419,0.016195,0.079288,0.003216,0.046848,0.0001,,,,,gru
394663,272,-0.102164,0.003113,1.842043,0.00419,0.027467,0.13109,0.016288,0.076019,0.0001,,,,,gru
394663,272,0.060615,0.00404,1.842042,0.00419,0.033833,0.276591,0.031116,0.179648,0.0001,,,,,gru
394663,272,0.005344,0.003094,1.842035,0.00419,0.028276,0.086236,0.025793,0.06317,0.0001,,,,,gru
394663,272,-0.007903,0.003774,1.842026,0.00419,0.022611,0.142709,0.01478,0.090123,0.0001,,,,,gru
394663,272,0.037235,0.002774,1.842001,0.00419,0.020813,0.053394,0.00117,0.02079,0.0001,,,,,gru
394663,272,-0.079378,0.002294,1.841964,0.00419,0.019966,0.147054,0.017258,0.091027,0.0001,,,,,gru
400278,276,0.003466,0.002868,1.841943,0.004178,0.014953,0.074748,0.00157,0.033883,0.0001,,,,,gru
400278,276,-0.106142,0.00265,1.841953,0.004178,0.016046,0.111328,0.005653,0.068143,0.0001,,,,,gru
400278,276,0.043435,0.002695,1.841966,0.004178,0.018748,0.091807,0.007948,0.047194,0.0001,,,,,gru
400278,276,0.040896,0.002891,1.84197,0.004178,0.023708,0.096564,0.014749,0.058017,0.0001,,,,,gru
400278,276,-0.087863,0.002541,1.841987,0.004178,0.026351,0.085765,0.022914,0.046134,0.0001,,,,,gru
400278,276,-0.028902,0.003011,1.841998,0.004178,0.024181,0.080781,0.020625,0.06016,0.0001,,,,,gru
400278,276,0.003568,0.002447,1.842015,0.004178,0.018717,0.114463,0.011316,0.079854,0.0001,,,,,gru
400278,276,-0.029054,0.003019,1.842017,0.004178,0.01575,0.061626,0.002907,0.031539,0.0001,,,,,gru
400278,276,-0.058276,0.003004,1.84204,0.004178,0.019007,0.152108,0.015978,0.106148,0.0001,,,,,gru
400278,276,-0.01967,0.003098,1.84206,0.004178,0.02091,0.07503,0.019085,0.048895,0.0001,,,,,gru
400278,276,-0.007553,0.003351,1.842077,0.004178,0.019499,0.048946,0.015756,0.025068,0.0001,,,,,gru
400278,276,-0.054726,0.002274,1.842094,0.004178,0.013875,0.099906,0.007278,0.064148,0.0001,,,,,gru
405957,280,-0.130354,0.002417,1.842114,0.004166,0.015975,0.085334,0.002495,0.046032,0.0001,,,,,gru
405957,280,0.061289,0.003007,1.842154,0.004166,0.018515,0.054759,0.000936,0.035575,0.0001,,,,,gru
405957,280,0.018227,0.00269,1.842189,0.004166,0.016164,0.121165,0.008183,0.077946,0.0001,,,,,gru
405957,280,0.032036,0.003133,1.842219,0.004166,0.02146,0.033919,0.012381,0.017777,0.0001,,,,,gru
405957,280,-0.015207,0.002572,1.842241,0.004166,0.022568,0.06891,0.016456,0.037084,0.0001,,,,,gru
405957,280,-0.089463,0.002356,1.842288,0.004166,0.02364,0.037466,0.016771,0.026402,0.0001,,,,,gru
405957,280,-0.024602,0.002732,1.84233,0.004166,0.01951,0.053392,0.010888,0.032956,0.0001,,,,,gru
405957,280,-0.047592,0.002426,1.842371,0.004166,0.01597,0.034076,0.005172,0.018421,0.0001,,,,,gru
405957,280,0.022114,0.002891,1.842413,0.004166,0.016449,0.187768,0.003006,0.124143,0.0001,,,,,gru
405957,280,0.028739,0.002722,1.842445,0.004166,0.019551,0.09913,0.015269,0.064404,0.0001,,,,,gru
405957,280,-0.086079,0.003608,1.842476,0.004166,0.02392,0.031874,0.024324,0.036586,0.0001,,,,,gru
405957,280,0.002173,0.003009,1.842496,0.004166,0.028396,0.05547,0.029418,0.048634,0.0001,,,,,gru
411620,284,0.011662,0.002624,1.84253,0.004154,0.01797,0.116313,0.010438,0.063315,0.0001,,,,,gru
411620,284,-0.031541,0.002776,1.842568,0.004154,0.016547,0.117304,0.005154,0.074764,0.0001,,,,,gru
411620,284,-0.056864,0.002677,1.842601,0.004154,0.021091,0.113962,0.013573,0.064809,0.0001,,,,,gru
411620,284,-0.046598,0.00244,1.842653,0.004154,0.027528,0.080736,0.020563,0.042866,0.0001,,,,,gru
411620,284,-0.052721,0.002579,1.842701,0.004154,0.027675,0.047634,0.023354,0.033266,0.0001,,,,,gru
411620,284,0.048155,0.003258,1.842761,0.004154,0.024439,0.130593,0.015375,0.067722,0.0001,,,,,gru
411620,284,0.030414,0.003249,1.842817,0.004154,0.025041,0.062563,0.013268,0.022278,0.0001,,,,,gru
411620,284,-0.058204,0.002237,1.842862,0.004154,0.017896,0.086437,0.01066,0.049794,0.0001,,,,,gru
411620,284,-0.042206,0.002252,1.842898,0.004154,0.016129,0.040025,0.000433,0.014384,0.0001,,,,,gru
411620,284,0.055212,0.002816,1.842939,0.004154,0.019443,0.132871,0.011756,0.078806,0.0001,,,,,gru
411620,284,-0.079426,0.002572,1.842969,0.004154,0.018746,0.157283,0.012304,0.092498,0.0001,,,,,gru
411620,284,-0.048275,0.003117,1.843003,0.004154,0.025292,0.108806,0.02239,0.06102,0.0001,,,,,gru
417270,288,-0.097205,0.002812,1.843009,0.004142,0.019343,0.08521,0.010037,0.032506,0.0001,,,,,gru
417270,288,0.023055,0.002508,1.843023,0.004142,0.020566,0.260845,0.01591,0.14968,0.0001,,,,,gru
417270,288,0.026378,0.002956,1.843026,0.004142,0.028622,0.104513,0.027916,0.057828,0.0001,,,,,gru
417270,288,0.049177,0.003054,1.843055,0.004142,0.031638,0.073691,0.031439,0.05584,0.0001,,,,,gru
417270,288,-0.082438,0.002908,1.843061,0.004142,0.023046,0.049492,0.020086,0.028882,0.0001,,,,,gru
417270,288,-0.023166,0.002817,1.843065,0.004142,0.019298,0.175448,0.01127,0.106297,0.0001,,,,,gru
417270,288,-0.105614,0.002691,1.843087,0.004142,0.022348,0.173074,0.011622,0.092796,0.0001,,,,,gru
417270,288,0.052721,0.003148,1.843114,0.004142,0.035392,0.083582,0.030673,0.067183,0.0001,,,,,gru
417270,288,0.004802,0.002615,1.843132,0.004142,0.042232,0.139909,0.042152,0.076634,0.0001,,,,,gru
417270,288,-0.014099,0.002941,1.843139,0.004142,0.0438,0.102565,0.043725,0.064257,0.0001,,,,,gru
417270,288,-0.079084,0.003051,1.843135,0.004142,0.043185,0.071571,0.039059,0.06281,0.0001,,,,,gru
417270,288,0.057841,0.003083,1.843141,0.004142,0.02611,0.286867,0.016137,0.172076,0.0001,,,,,gru
422904,292,-0.059292,0.002905,1.84314,0.00413,0.018909,0.074175,0.014096,0.04572,0.0001,,,,,gru
422904,292,0.002976,0.003735,1.843138,0.00413,0.039035,0.13293,0.0403,0.101608,0.0001,,,,,gru
422904,292,0.006386,0.003972,1.843149,0.00413,0.043984,0.05788,0.045286,0.056509,0.0001,,,,,gru
422904,292,0.028357,0.00404,1.843179,0.00413,0.040312,0.057834,0.041675,0.048607,0.0001,,,,,gru
422904,292,0.037633,0.002997,1.843234,0.00413,0.02772,0.083435,0.028233,0.059592,0.0001,,,,,gru
422904,292,-0.152778,0.002648,1.843267,0.00413,0.015518,0.146302,0.000327,0.092764,0.0001,,,,,gru
422904,292,0.020859,0.002781,1.843313,0.00413,0.031357,0.01993,0.022052,0.026609,0.0001,,,,,gru
422904,292,-0.026122,0.003445,1.843353,0.00413,0.047159,0.058662,0.042179,0.05337,0.0001,,,,,gru
422904,292,-0.057523,0.003454,1.843412,0.00413,0.050827,0.120849,0.052731,0.076794,0.0001,,,,,gru
422904,292,-0.061483,0.00307,1.843472,0.00413,0.049646,0.032411,0.050982,0.065031,0.0001,,,,,gru
422904,292,0.005229,0.003496,1.843532,0.00413,0.039289,0.074849,0.031004,0.052186,0.0001,,,,,gru
422904,292,0.010283,0.002507,1.843617,0.00413,0.021399,0.051308,0.007535,0.025098,0.0001,,,,,gru
428626,296,-0.049097,0.003027,1.843684,0.004118,0.017488,0.064906,0.011935,0.034615,0.0001,,,,,gru
428626,296,0.003305,0.002746,1.843731,0.004118,0.027103,0.095616,0.028196,0.070931,0.0001,,,,,gru
428626,296,-0.011312,0.002849,1.843752,0.004118,0.029095,0.033092,0.030382,0.038909,0.0001,,,,,gru
428626,296,-0.033199,0.002192,1.843763,0.004118,0.024081,0.018382,0.02439,0.032354,0.0001,,,,,gru
428626,296,0.023614,0.002515,1.843767,0.004118,0.019347,0.068279,0.015182,0.035031,0.0001,,,,,gru
428626,296,-0.054734,0.003319,1.843755,0.004118,0.018495,0.141669,0.001719,0.093535,0.0001,,,,,gru
428626,296,-0.029211,0.002265,1.843737,0.004118,0.017199,0.054819,0.002627,0.026668,0.0001,,,,,gru
428626,296,0.041288,0.002791,1.843714,0.004118,0.018808,0.123798,0.002572,0.071162,0.0001,,,,,gru
428626,296,-0.079376,0.002071,1.843679,0.004118,0.016059,0.099864,0.001797,0.062887,0.0001,,,,,gru
428626,296,-0.030459,0.002444,1.84364,0.004118,0.01723,0.085119,0.009097,0.048209,0.0001,,,,,gru
428626,296,0.015033,0.002553,1.843602,0.004118,0.019336,0.057185,0.013159,0.03238,0.0001,,,,,gru
428626,296,-0.046863,0.002643,1.843551,0.004118,0.018776,0.111529,0.008933,0.058953,0.0001,,,,,gru
434289,300,0.021705,0.002042,1.843477,0.004106,0.015605,0.090422,0.007019,0.043374,0.0001,,,,,gru
434289,300,-0.044435,0.002915,1.843392,0.004106,0.017358,0.043291,0.00478,0.015806,0.0001,,,,,gru
434289,300,-0.035434,0.002468,1.843299,0.004106,0.018455,0.06638,0.011665,0.031951,0.0001,,,,,gru
434289,300,-0.02036,0.002053,1.843192,0.004106,0.020921,0.101436,0.01583,0.061182,0.0001,,,,,gru
434289,300,-0.013685,0.003172,1.843075,0.004106,0.020692,0.039658,0.01375,0.021077,0.0001,,,,,gru
434289,300,-0.019734,0.002155,1.842953,0.004106,0.017306,0.160584,0.008042,0.097108,0.0001,,,,,gru
434289,300,0.033745,0.002598,1.842822,0.004106,0.014139,0.03294,0.005,0.011146,0.0001,,,,,gru
434289,300,-0.015019,0.002225,1.842688,0.004106,0.018595,0.103903,0.003404,0.046777,0.0001,,,,,gru
434289,300,-0.085276,0.002561,1.842537,0.004106,0.019964,0.04114,0.005013,0.026145,0.0001,,,,,gru
434289,300,0.002903,0.002313,1.842392,0.004106,0.01813,0.044705,0.000775,0.027366,0.0001,,,,,gru
434289,300,0.025417,0.002231,1.842254,0.004106,0.01853,0.097405,0.004933,0.056108,0.0001,,,,,gru
434289,300,-0.098883,0.003015,1.842112,0.004106,0.016903,0.075674,0.000625,0.016677,0.0001,,,,,gru
439954,304,-0.086983,0.002523,1.841947,0.004094,0.018482,0.12309,0.004543,0.080943,0.0001,,,,,gru
439954,304,0.048432,0.002732,1.841796,0.004094,0.01867,0.122769,0.001862,0.063675,0.0001,,,,,gru
439954,304,0.012969,0.002406,1.84165,0.004094,0.020636,0.094709,0.00437,0.062602,0.0001,,,,,gru
439954,304,-0.115815,0.002522,1.841527,0.004094,0.019783,0.075274,0.00605,0.041001,0.0001,,,,,gru
439954,304,0.07989,0.002724,1.841426,0.004094,0.01948,0.085929,0.005696,0.033348,0.0001,,,,,gru
439954,304,0.012217,0.002482,1.841307,0.004094,0.018671,0.090735,0.007854,0.052025,0.0001,,,,,gru
439954,304,0.024966,0.003075,1.841205,0.004094,0.020659,0.079322,0.015075,0.04653,0.0001,,,,,gru
439954,304,-0.04093,0.002226,1.841092,0.004094,0.023743,0.113612,0.015964,0.061403,0.0001,,,,,gru
439954,304,-0.012896,0.003174,1.841006,0.004094,0.024676,0.116371,0.017138,0.067853,0.0001,,,,,gru
439954,304,0.005396,0.00274,1.84093,0.004094,0.02228,0.069005,0.014768,0.018483,0.0001,,,,,gru
439954,304,-0.018196,0.002667,1.840884,0.004094,0.020078,0.079721,0.008215,0.042159,0.0001,,,,,gru
439954,304,-0.017169,0.002626,1.840822,0.004094,0.017409,0.044376,0.00322,0.021627,0.0001,,,,,gru
445664,308,-0.013421,0.002296,1.840779,0.004082,0.016489,0.073007,0.002681,0.024947,0.0001,,,,,gru
445664,308,0.019247,0.002783,1.840707,0.004082,0.020331,0.165813,0.005749,0.08769,0.0001,,,,,gru
445664,308,-0.048014,0.003137,1.840633,0.004082,0.025502,0.19498,0.012368,0.088513,0.0001,,,,,gru
445664,308,0.008812,0.003053,1.840502,0.004082,0.029602,0.069349,0.019684,0.028584,0.0001,,,,,gru
445664,308,-0.080716,0.002731,1.84035,0.004082,0.029555,0.098833,0.026441,0.052126,0.0001,,,,,gru
445664,308,0.049846,0.002639,1.840175,0.004082,0.027728,0.133202,0.017244,0.073888,0.0001,,,,,gru
445664,308,0.152806,0.003169,1.83999,0.004082,0.025849,0.089934,0.011828,0.029725,0.0001,,,,,gru
445664,308,-0.168503,0.00214,1.839783,0.004082,0.023529,0.157256,0.019003,0.107389,0.0001,,,,,gru
445664,308,-0.0146,0.00284,1.83959,0.004082,0.017813,0.099921,0.000903,0.040086,0.0001,,,,,gru
445664,308,-0.006076,0.002246,1.839371,0.004082,0.020362,0.083241,0.016547,0.043139,0.0001,,,,,gru
445664,308,0.036492,0.003712,1.839145,0.004082,0.033004,0.085796,0.030324,0.048891,0.0001,,,,,gru
445664,308,-0.076559,0.003586,1.838902,0.004082,0.029289,0.125215,0.026265,0.082651,0.0001,,,,,gru
451307,312,0.008108,0.002564,1.838649,0.00407,0.020891,0.092855,0.010878,0.036499,0.0001,,,,,gru
451307,312,0.049323,0.002546,1.83846,0.00407,0.018046,0.118182,0.000604,0.061737,0.0001,,,,,gru
451307,312,-0.12945,0.002667,1.838306,0.00407,0.022395,0.087738,0.016805,0.044927,0.0001,,,,,gru
451307,312,-0.043212,0.002352,1.838166,0.00407,0.027078,0.068853,0.021585,0.038924,0.0001,,,,,gru
451307,312,-0.073806,0.003003,1.838069,0.00407,0.030084,0.039421,0.021372,0.034665,0.0001,,,,,gru
451307,312,0.096898,0.002414,1.837996,0.00407,0.023172,0.050986,0.008188,0.034084,0.0001,,,,,gru
451307,312,0.008535,0.00228,1.837935,0.00407,0.01841,0.102614,0.00145,0.049174,0.0001,,,,,gru
451307,312,0.032113,0.003218,1.837905,0.00407,0.020917,0.048112,0.011403,0.023185,0.0001,,,,,gru
451307,312,-0.10319,0.00231,1.837892,0.00407,0.019681,0.087861,0.014881,0.056049,0.0001,,,,,gru
451307,312,-0.014136,0.002523,1.837884,0.00407,0.025081,0.099236,0.023614,0.052642,0.0001,,,,,gru
451307,312,-0.0102,0.003804,1.837895,0.00407,0.028179,0.07173,0.027907,0.049335,0.0001,,,,,gru
451307,312,-0.020192,0.00245,1.837928,0.00407,0.022379,0.02104,0.018343,0.027765,0.0001,,,,,gru
456895,316,0.099224,0.002895,1.837962,0.004058,0.021304,0.138234,0.011302,0.077917,0.0001,,,,,gru
456895,316,-0.074865,0.002221,1.837976,0.004058,0.020949,0.050001,0.010345,0.027285,0.0001,,,,,gru
456895,316,-0.093875,0.003226,1.837992,0.004058,0.028284,0.084133,0.020936,0.055897,0.0001,,,,,gru
456895,316,0.035146,0.002162,1.838017,0.004058,0.027127,0.047657,0.018456,0.035043,0.0001,,,,,gru
456895,316,-0.00853,0.002847,1.838027,0.004058,0.026304,0.074828,0.013816,0.038466,0.0001,,,,,gru
456895,316,-0.097089,0.003269,1.838018,0.004058,0.020735,0.296209,0.006748,0.182806,0.0001,,,,,gru
456895,316,0.075381,0.0032,1.838022,0.004058,0.022281,0.116049,0.013621,0.061136,0.0001,,,,,gru
456895,316,-0.007223,0.002763,1.838004,0.004058,0.026949,0.128111,0.022542,0.096489,0.0001,,,,,gru
456895,316,-0.150024,0.002949,1.837995,0.004058,0.022314,0.057718,0.015586,0.041648,0.0001,,,,,gru
456895,316,-0.172108,0.002808,1.837983,0.004058,0.018983,0.092599,0.006852,0.061964,0.0001,,,,,gru
456895,316,0.127659,0.002608,1.837966,0.004058,0.019602,0.071217,0.005943,0.048714,0.0001,,,,,gru
456895,316,-0.000943,0.002833,1.837944,0.004058,0.025887,0.177202,0.015063,0.10304,0.0001,,,,,gru
461708,320,0.046196,0.002727,1.837928,0.004046,0.020245,0.0582,0.005842,0.02524,0.0001,,,,,gru
461708,320,0.074061,0.004327,1.837931,0.004046,0.026227,0.058585,0.011161,0.036168,0.0001,,,,,gru
461708,320,-0.192149,0.004969,1.837942,0.004046,0.031259,0.168034,0.026472,0.124202,0.0001,,,,,gru
461708,320,0.016611,0.004342,1.837966,0.004046,0.027152,0.075056,0.006138,0.037465,0.0001,,,,,gru
461708,320,-6.7e-05,0.003586,1.838012,0.004046,0.032913,0.037793,0.026634,0.031691,0.0001,,,,,gru
461708,320,0.090864,0.005225,1.83806,0.004046,0.04215,0.097843,0.042838,0.088251,0.0001,,,,,gru
461708,320,0.066351,0.00438,1.838085,0.004046,0.039476,0.129604,0.035516,0.10863,0.0001,,,,,gru
461708,320,-0.067406,0.004083,1.838102,0.004046,0.024767,0.083365,0.003786,0.047866,0.0001,,,,,gru
461708,320,0.136233,0.002519,1.838134,0.004046,0.025401,0.118085,0.006602,0.060627,0.0001,,,,,gru
461708,320,-0.06238,0.004308,1.838178,0.004046,0.041218,0.079926,0.038383,0.048864,0.0001,,,,,gru
461708,320,0.083119,0.003965,1.838244,0.004046,0.045598,0.044634,0.039334,0.059452,0.0001,,,,,gru
461708,320,0.077996,0.003231,1.8383,0.004046,0.040769,0.095845,0.029449,0.062068,0.0001,,,,,gru
467366,324,0.061277,0.002647,1.838368,0.004034,0.02446,0.069259,0.006267,0.040365,0.0001,,,,,gru
467366,324,-0.028226,0.002996,1.838431,0.004034,0.022666,0.074228,0.005289,0.032557,0.0001,,,,,gru
467366,324,-0.068667,0.004065,1.838513,0.004034,0.02714,0.163216,0.001173,0.099989,0.0001,,,,,gru
467366,324,0.008066,0.003517,1.838622,0.004034,0.022359,0.044666,0.004642,0.026479,0.0001,,,,,gru
467366,324,-0.048668,0.002611,1.838722,0.004034,0.022758,0.26271,0.00138,0.177879,0.0001,,,,,gru
467366,324,0.030457,0.00359,1.838839,0.004034,0.025773,0.217451,0.013782,0.148676,0.0001,,,,,gru
467366,324,0.003533,0.003651,1.838947,0.004034,0.035229,0.09098,0.030778,0.059965,0.0001,,,,,gru
467366,324,-0.094722,0.00411,1.839056,0.004034,0.037471,0.141602,0.03555,0.101676,0.0001,,,,,gru
467366,324,0.09446,0.004453,1.839166,0.004034,0.039811,0.152077,0.037623,0.101363,0.0001,,,,,gru
467366,324,-0.083889,0.003706,1.839302,0.004034,0.025982,0.14037,0.012109,0.092309,0.0001,,,,,gru
467366,324,0.032613,0.003137,1.839443,0.004034,0.023993,0.096843,0.009314,0.04538,0.0001,,,,,gru
467366,324,0.044068,0.002876,1.839555,0.004034,0.040352,0.273871,0.03447,0.208632,0.0001,,,,,gru
473061,328,0.02456,0.003407,1.839673,0.004022,0.028023,0.079415,0.020405,0.050173,0.0001,,,,,gru
473061,328,0.032447,0.003138,1.839765,0.004022,0.01945,0.040909,0.010152,0.028524,0.0001,,,,,gru
473061,328,-0.135058,0.002903,1.839853,0.004022,0.017157,0.137192,0.003659,0.078202,0.0001,,,,,gru
473061,328,0.039608,0.004236,1.839923,0.004022,0.02321,0.056061,0.019955,0.040312,0.0001,,,,,gru
473061,328,-0.052828,0.003533,1.839977,0.004022,0.027666,0.031575,0.026302,0.041512,0.0001,,,,,gru
473061,328,-0.045653,0.003421,1.840016,0.004022,0.029616,0.136104,0.029373,0.098741,0.0001,,,,,gru
473061,328,-0.032288,0.003241,1.840043,0.004022,0.01835,0.119273,0.013248,0.068069,0.0001,,,,,gru
473061,328,-0.044383,0.003394,1.840046,0.004022,0.019989,0.11478,0.008833,0.061144,0.0001,,,,,gru
473061,328,0.032792,0.003303,1.840045,0.004022,0.035302,0.185275,0.03213,0.114825,0.0001,,,,,gru
473061,328,-0.032191,0.00423,1.840026,0.004022,0.047089,0.052459,0.045531,0.07481,0.0001,,,,,gru
473061,328,0.020283,0.003311,1.84001,0.004022,0.040303,0.093825,0.038334,0.078567,0.0001,,,,,gru
473061,328,-0.049125,0.003029,1.839976,0.004022,0.026059,0.093117,0.021727,0.064791,0.0001,,,,,gru
477912,332,-0.025364,0.003172,1.839948,0.00401,0.024786,0.024514,0.013591,0.026051,0.0001,,,,,gru
477912,332,0.077842,0.004255,1.839924,0.00401,0.029202,0.087284,0.017372,0.046316,0.0001,,,,,gru
477912,332,-0.064754,0.005067,1.839914,0.00401,0.042704,0.069645,0.030064,0.0456,0.0001,,,,,gru
477912,332,-0.108254,0.004432,1.839927,0.00401,0.046246,0.048943,0.040029,0.053319,0.0001,,,,,gru
477912,332,0.140965,0.005337,1.839935,0.00401,0.051345,0.039787,0.051233,0.064539,0.0001,,,,,gru
477912,332,-0.008582,0.00648,1.839956,0.00401,0.044542,0.092562,0.030384,0.058046,0.0001,,,,,gru
477912,332,0.05934,0.003563,1.839995,0.00401,0.02737,0.035285,0.016407,0.027126,0.0001,,,,,gru
477912,332,-0.055513,0.004139,1.840026,0.00401,0.025571,0.051976,0.009136,0.018725,0.0001,,,,,gru
477912,332,0.064872,0.004174,1.840077,0.00401,0.028606,0.164465,0.019661,0.104367,0.0001,,,,,gru
477912,332,-0.024983,0.005064,1.840112,0.00401,0.034863,0.036082,0.024239,0.032848,0.0001,,,,,gru
477912,332,0.063869,0.003383,1.840142,0.00401,0.02646,0.054006,0.014764,0.035717,0.0001,,,,,gru
477912,332,-0.026704,0.002304,1.840165,0.00401,0.018349,0.073779,0.005784,0.035771,0.0001,,,,,gru
482038,336,-0.027192,0.004538,1.840205,0.003998,0.031299,0.054543,0.013561,0.039051,0.0001,,,,,gru
482038,336,0.028621,0.003319,1.840244,0.003998,0.023968,0.029277,0.002575,0.015241,0.0001,,,,,gru
482038,336,0.252179,0.002112,1.840284,0.003998,0.020727,0.19207,0.01967,0.128591,0.0001,,,,,gru
482038,336,0.027301,0.002881,1.840281,0.003998,0.020652,0.033087,0.003049,0.010875,0.0001,,,,,gru
482038,336,-0.045096,0.004501,1.840278,0.003998,0.029582,0.052887,0.007077,0.017652,0.0001,,,,,gru
482038,336,0.910547,0.012242,1.840286,0.003998,0.066971,1.136959,0.046983,0.633152,0.0001,,,,,gru
482038,336,0.10238,0.003751,1.840257,0.003998,0.029426,0.060728,0.01526,0.031839,0.0001,,,,,gru
482038,336,-0.090027,0.004118,1.840214,0.003998,0.038507,0.273619,0.029919,0.182793,0.0001,,,,,gru
482038,336,-0.10163,0.00203,1.840178,0.003998,0.031316,0.168956,0.032484,0.104005,0.0001,,,,,gru
482038,336,0.071378,0.002907,1.840178,0.003998,0.031056,0.158048,0.018703,0.103289,0.0001,,,,,gru
482038,336,-0.049381,0.004282,1.840165,0.003998,0.029195,0.147715,0.018674,0.093214,0.0001,,,,,gru
482038,336,-0.43838,0.015328,1.840149,0.003998,0.062336,0.504055,0.034269,0.33341,0.0001,,,,,gru
486909,340,0.087376,0.003628,1.840127,0.003986,0.026851,0.167391,0.004343,0.095102,0.0001,,,,,gru
486909,340,-0.079584,0.003258,1.840122,0.003986,0.024491,0.140317,0.003953,0.096983,0.0001,,,,,gru
486909,340,0.012843,0.003169,1.840131,0.003986,0.0225,0.317139,0.010081,0.214435,0.0001,,,,,gru
486909,340,-0.107696,0.003413,1.840124,0.003986,0.027094,0.325452,0.012832,0.218639,0.0001,,,,,gru
486909,340,0.13937,0.004043,1.840138,0.003986,0.034978,0.122649,0.032398,0.090008,0.0001,,,,,gru
486909,340,-0.054111,0.004675,1.840145,0.003986,0.029514,0.231389,0.021576,0.152256,0.0001,,,,,gru
486909,340,-0.060635,0.003432,1.840164,0.003986,0.025061,0.085529,0.011793,0.04924,0.0001,,,,,gru
486909,340,0.084523,0.003617,1.840188,0.003986,0.025177,0.409642,0.006108,0.262716,0.0001,,,,,gru
486909,340,-0.030445,0.003284,1.840204,0.003986,0.033676,0.397645,0.014477,0.244357,0.0001,,,,,gru
486909,340,0.0895,0.003428,1.840242,0.003986,0.034489,0.397296,0.014815,0.25532,0.0001,,,,,gru
486909,340,-0.042211,0.00368,1.840271,0.003986,0.036371,0.107836,0.024671,0.070919,0.0001,,,,,gru
486909,340,-0.086082,0.003199,1.840312,0.003986,0.038619,0.144111,0.020738,0.095142,0.0001,,,,,gru
491112,344,-0.03931,0.004286,1.840362,0.003974,0.028124,0.236623,0.006176,0.161689,0.0001,,,,,gru
491112,344,0.041709,0.003928,1.840406,0.003974,0.0362,0.094666,0.02537,0.063026,0.0001,,,,,gru
491112,344,0.163932,0.003884,1.840474,0.003974,0.046088,0.220162,0.048154,0.154788,0.0001,,,,,gru
491112,344,-0.012226,0.004916,1.840566,0.003974,0.0396,0.241974,0.03132,0.16324,0.0001,,,,,gru
491112,344,-0.001074,0.003703,1.840667,0.003974,0.029359,0.106961,0.015501,0.074605,0.0001,,,,,gru
491112,344,0.391873,0.002736,1.840757,0.003974,0.027701,0.119598,0.018588,0.080975,0.0001,,,,,gru
491112,344,-0.020508,0.004878,1.840852,0.003974,0.036063,0.095191,0.016232,0.061954,0.0001,,,,,gru
491112,344,0.016935,0.002846,1.840952,0.003974,0.03574,0.063784,0.025547,0.040367,0.0001,,,,,gru
491112,344,0.291886,0.003251,1.841066,0.003974,0.043089,0.617578,0.012616,0.432293,0.0001,,,,,gru
491112,344,-0.028775,0.004074,1.84116,0.003974,0.054572,0.226297,0.047468,0.158923,0.0001,,,,,gru
491112,344,0.039021,0.005609,1.84127,0.003974,0.060894,0.119346,0.053324,0.117797,0.0001,,,,,gru
491112,344,0.099047,0.003184,1.841372,0.003974,0.052725,0.160669,0.033696,0.09286,0.0001,,,,,gru
495961,348,-0.005255,0.002871,1.841521,0.003962,0.026038,0.121349,0.004149,0.07073,0.0001,,,,,gru
495961,348,-0.034388,0.005161,1.841654,0.003962,0.025155,0.131787,0.013979,0.075922,0.0001,,,,,gru
495961,348,0.03874,0.004008,1.841795,0.003962,0.033261,0.256902,0.027365,0.166877,0.0001,,,,,gru
495961,348,0.093128,0.004212,1.841948,0.003962,0.03514,0.207748,0.033166,0.139912,0.0001,,,,,gru
495961,348,-0.122595,0.003079,1.842095,0.003962,0.025698,0.031715,0.010497,0.019014,0.0001,,,,,gru
495961,348,0.024376,0.006713,1.84223,0.003962,0.025117,0.259391,0.003406,0.147835,0.0001,,,,,gru
495961,348,0.011512,0.003178,1.84237,0.003962,0.022753,0.22049,0.000609,0.128769,0.0001,,,,,gru
495961,348,-0.047592,0.003835,1.84249,0.003962,0.025845,0.238761,0.004218,0.153131,0.0001,,,,,gru
495961,348,0.041269,0.004524,1.842592,0.003962,0.02384,0.140402,0.018732,0.07031,0.0001,,,,,gru
495961,348,0.049572,0.004405,1.842705,0.003962,0.028405,0.122604,0.025171,0.080862,0.0001,,,,,gru
495961,348,-0.179195,0.003916,1.842818,0.003962,0.023481,0.163692,0.014288,0.098508,0.0001,,,,,gru
495961,348,0.274295,0.002966,1.842921,0.003962,0.026745,0.204939,0.020319,0.127771,0.0001,,,,,gru
500937,352,0.066211,0.003333,1.843022,0.00395,0.02914,0.073977,0.008011,0.046548,0.0001,,,,,gru
500937,352,-0.089751,0.00323,1.843104,0.00395,0.027555,0.162352,0.00911,0.08986,0.0001,,,,,gru
500937,352,-0.000326,0.005263,1.843179,0.00395,0.044699,0.103409,0.015877,0.060628,0.0001,,,,,gru
500937,352,0.032837,0.004036,1.843214,0.00395,0.042059,0.227411,0.019849,0.149933,0.0001,,,,,gru
500937,352,0.029263,0.003483,1.843236,0.00395,0.037578,0.149301,0.018471,0.097805,0.0001,,,,,gru
500937,352,-0.192544,0.003233,1.84324,0.00395,0.035586,0.090694,0.02924,0.06703,0.0001,,,,,gru
500937,352,0.048221,0.004007,1.843258,0.00395,0.036715,0.076744,0.012244,0.039483,0.0001,,,,,gru
500937,352,-0.032629,0.003548,1.843256,0.00395,0.031985,0.082094,0.010604,0.050437,0.0001,,,,,gru
500937,352,-0.082202,0.002057,1.84324,0.00395,0.020354,0.047354,0.006632,0.025688,0.0001,,,,,gru
500937,352,0.089103,0.003547,1.843229,0.00395,0.028481,0.03115,0.010254,0.017114,0.0001,,,,,gru
500937,352,-0.007718,0.003735,1.843209,0.00395,0.028788,0.105796,0.00755,0.062972,0.0001,,,,,gru
500937,352,-0.232024,0.002638,1.843173,0.00395,0.024318,0.1286,0.003493,0.076839,0.0001,,,,,gru
506577,356,-0.035336,0.003261,1.843122,0.003938,0.019881,0.030119,0.000833,0.014569,0.0001,,,,,gru
506577,356,0.037731,0.00292,1.843074,0.003938,0.02293,0.04747,0.002776,0.024673,0.0001,,,,,gru
506577,356,-0.059415,0.003365,1.84304,0.003938,0.021872,0.232488,0.001908,0.144933,0.0001,,,,,gru
506577,356,-0.033239,0.003033,1.843015,0.003938,0.020585,0.130591,0.007364,0.082442,0.0001,,,,,gru
506577,356,-0.02888,0.003356,1.84298,0.003938,0.019876,0.217982,0.007494,0.134432,0.0001,,,,,gru
506577,356,0.023863,0.0032,1.842946,0.003938,0.022881,0.179069,0.006442,0.109709,0.0001,,,,,gru
506577,356,-0.0301,0.00291,1.842928,0.003938,0.021461,0.072386,0.00364,0.044169,0.0001,,,,,gru
506577,356,0.011443,0.003603,1.842907,0.003938,0.020015,0.146779,0.003692,0.093185,0.0001,,,,,gru
506577,356,-0.03014,0.002777,1.842882,0.003938,0.022305,0.077504,0.001421,0.041216,0.0001,,,,,gru
506577,356,0.017261,0.003478,1.842881,0.003938,0.023126,0.149725,0.005061,0.092089,0.0001,,,,,gru
506577,356,-0.039508,0.002833,1.842894,0.003938,0.021494,0.026921,0.010766,0.015935,0.0001,,,,,gru
506577,356,-0.025215,0.003465,1.842898,0.003938,0.020634,0.060083,0.014623,0.042209,0.0001,,,,,gru
512240,360,0.025031,0.002995,1.84291,0.003926,0.018291,0.110177,0.002882,0.062572,0.0001,,,,,gru
512240,360,0.01718,0.002741,1.842937,0.003926,0.0182,0.058872,0.004887,0.026787,0.0001,,,,,gru
512240,360,-0.114072,0.002546,1.842968,0.003926,0.018359,0.063235,0.008181,0.021032,0.0001,,,,,gru
512240,360,0.093432,0.003015,1.843023,0.003926,0.019498,0.143299,0.001634,0.071943,0.0001,,,,,gru
512240,360,-0.074735,0.002917,1.843097,0.003926,0.018357,0.172887,0.005099,0.110306,0.0001,,,,,gru
512240,360,-0.083308,0.002343,1.843158,0.003926,0.018063,0.046813,0.011798,0.030948,0.0001,,,,,gru
512240,360,-0.068411,0.00221,1.843219,0.003926,0.021846,0.063961,0.016073,0.033102,0.0001,,,,,gru
512240,360,0.02605,0.003158,1.843297,0.003926,0.02126,0.116404,0.012612,0.065965,0.0001,,,,,gru
512240,360,-0.003353,0.003108,1.843374,0.003926,0.021508,0.107945,0.008163,0.06836,0.0001,,,,,gru
512240,360,-0.140905,0.002782,1.843458,0.003926,0.018348,0.063267,0.011245,0.040185,0.0001,,,,,gru
512240,360,-0.009515,0.002636,1.843532,0.003926,0.019965,0.07215,0.00394,0.041051,0.0001,,,,,gru
512240,360,0.133628,0.003022,1.843619,0.003926,0.017952,0.217802,0.007366,0.116422,0.0001,,,,,gru
517950,364,-0.035419,0.003028,1.843725,0.003914,0.018793,0.033668,0.001215,0.01733,0.0001,,,,,gru
517950,364,0.040133,0.002684,1.843824,0.003914,0.022351,0.04487,0.003122,0.012588,0.0001,,,,,gru
517950,364,-0.055114,0.003233,1.843912,0.003914,0.020665,0.158172,0.001846,0.083071,0.0001,,,,,gru
517950,364,0.01165,0.003094,1.843976,0.003914,0.020685,0.056229,0.011284,0.035764,0.0001,,,,,gru
517950,364,-0.055199,0.003122,1.844038,0.003914,0.023193,0.075679,0.016343,0.034154,0.0001,,,,,gru
517950,364,0.005877,0.003497,1.84408,0.003914,0.029311,0.10487,0.024559,0.071347,0.0001,,,,,gru
517950,364,-0.00896,0.003335,1.844116,0.003914,0.027204,0.064147,0.024429,0.034195,0.0001,,,,,gru
517950,364,0.076842,0.003582,1.844136,0.003914,0.026499,0.153021,0.020613,0.097423,0.0001,,,,,gru
517950,364,-0.12987,0.002624,1.844149,0.003914,0.016366,0.132324,0.004515,0.084746,0.0001,,,,,gru
517950,364,0.031049,0.002936,1.844156,0.003914,0.016441,0.04929,0.001713,0.027808,0.0001,,,,,gru
517950,364,-0.040152,0.002785,1.844155,0.003914,0.018712,0.112221,0.004731,0.071605,0.0001,,,,,gru
517950,364,-0.033874,0.002776,1.844149,0.003914,0.018868,0.063094,0.000718,0.033487,0.0001,,,,,gru
523670,368,0.069352,0.002599,1.844146,0.003902,0.017511,0.077149,0.000795,0.043353,0.0001,,,,,gru
523670,368,-0.152502,0.002609,1.844149,0.003902,0.017655,0.102977,0.008323,0.063304,0.0001,,,,,gru
523670,368,0.043351,0.002904,1.844146,0.003902,0.019414,0.089194,0.007629,0.057168,0.0001,,,,,gru
523670,368,0.001351,0.00319,1.844132,0.003902,0.018617,0.073223,0.005771,0.033868,0.0001,,,,,gru
523670,368,-0.079421,0.002281,1.844141,0.003902,0.016798,0.070411,0.004669,0.034224,0.0001,,,,,gru
523670,368,0.03797,0.002606,1.844123,0.003902,0.016832,0.154516,0.000323,0.090307,0.0001,,,,,gru
523670,368,-0.167096,0.002629,1.844101,0.003902,0.017274,0.035891,0.005513,0.016871,0.0001,,,,,gru
523670,368,0.088546,0.00248,1.844068,0.003902,0.015235,0.113147,0.001929,0.063112,0.0001,,,,,gru
523670,368,0.038181,0.003064,1.84403,0.003902,0.017981,0.052949,0.000922,0.025096,0.0001,,,,,gru
523670,368,-0.026557,0.002805,1.844,0.003902,0.018835,0.06524,0.006209,0.042373,0.0001,,,,,gru
523670,368,0.019918,0.002697,1.843975,0.003902,0.017525,0.054015,0.005779,0.031121,0.0001,,,,,gru
523670,368,-0.050524,0.002487,1.843944,0.003902,0.016889,0.124038,0.006809,0.071532,0.0001,,,,,gru
529308,372,0.005825,0.002819,1.843907,0.00389,0.014298,0.107564,0.000409,0.06692,0.0001,,,,,gru
529308,372,-0.046609,0.00237,1.843875,0.00389,0.017412,0.07511,0.005215,0.04123,0.0001,,,,,gru
529308,372,-0.009199,0.002365,1.843847,0.00389,0.014576,0.069576,0.004356,0.036306,0.0001,,,,,gru
529308,372,-0.106118,0.00226,1.843834,0.00389,0.015105,0.10172,0.006983,0.070492,0.0001,,,,,gru
529308,372,0.065799,0.003073,1.843821,0.00389,0.015414,0.147016,0.004077,0.090553,0.0001,,,,,gru
529308,372,-0.006699,0.002213,1.843809,0.00389,0.01506,0.05098,0.003531,0.016436,0.0001,,,,,gru
529308,372,-0.031915,0.002521,1.84382,0.00389,0.014437,0.089357,0.003019,0.03996,0.0001,,,,,gru
529308,372,-0.020722,0.002134,1.843823,0.00389,0.014401,0.05899,0.001625,0.026578,0.0001,,,,,gru
529308,372,0.009914,0.00305,1.843832,0.00389,0.014863,0.084618,0.001974,0.036885,0.0001,,,,,gru
529308,372,0.013497,0.002776,1.843863,0.00389,0.016024,0.065742,0.003618,0.03178,0.0001,,,,,gru
529308,372,0.073339,0.002467,1.843905,0.00389,0.015175,0.073389,0.007447,0.019256,0.0001,,,,,gru
529308,372,-0.170398,0.002393,1.84391,0.00389,0.013889,0.153734,0.001531,0.101015,0.0001,,,,,gru
534996,376,0.008564,0.002619,1.843919,0.003878,0.014562,0.110762,0.000647,0.062264,0.0001,,,,,gru
534996,376,-0.039469,0.002122,1.84394,0.003878,0.013375,0.067969,0.007427,0.028777,0.0001,,,,,gru
534996,376,-0.023198,0.003042,1.843948,0.003878,0.017519,0.085226,0.013794,0.063251,0.0001,,,,,gru
534996,376,-0.064584,0.001995,1.843969,0.003878,0.015017,0.094815,0.010068,0.059509,0.0001,,,,,gru
534996,376,-0.100032,0.002801,1.843979,0.003878,0.015045,0.119972,0.001483,0.056353,0.0001,,,,,gru
534996,376,0.147765,0.002869,1.844007,0.003878,0.017953,0.121467,0.008897,0.077241,0.0001,,,,,gru
534996,376,-0.025627,0.003014,1.84402,0.003878,0.024428,0.1138,0.02242,0.060837,0.0001,,,,,gru
534996,376,-0.009956,0.002717,1.844042,0.003878,0.031313,0.086496,0.030659,0.04192,0.0001,,,,,gru
534996,376,-0.014848,0.002543,1.844062,0.003878,0.03666,0.128497,0.036572,0.105521,0.0001,,,,,gru
534996,376,0.103662,0.002709,1.84408,0.003878,0.022549,0.128485,0.018441,0.06569,0.0001,,,,,gru
534996,376,-0.198264,0.002616,1.844097,0.003878,0.020648,0.062181,0.016368,0.037814,0.0001,,,,,gru
534996,376,0.061483,0.002189,1.844112,0.003878,0.014515,0.167999,0.005073,0.093729,0.0001,,,,,gru
540695,380,0.025949,0.002659,1.844139,0.003866,0.017446,0.101958,0.010268,0.065495,0.0001,,,,,gru
540695,380,0.02378,0.003314,1.844153,0.003866,0.029489,0.082012,0.026562,0.054965,0.0001,,,,,gru
540695,380,-0.10927,0.003309,1.844178,0.003866,0.034079,0.083755,0.033585,0.070846,0.0001,,,,,gru
540695,380,0.09357,0.003603,1.844192,0.003866,0.038341,0.136613,0.039681,0.096327,0.0001,,,,,gru
540695,380,-0.117704,0.002671,1.844193,0.003866,0.024255,0.164107,0.022646,0.110619,0.0001,,,,,gru
540695,380,-0.015027,0.003181,1.844197,0.003866,0.020302,0.203315,0.007833,0.137534,0.0001,,,,,gru
540695,380,-0.016799,0.002114,1.844217,0.003866,0.022246,0.058117,0.016432,0.040486,0.0001,,,,,gru
540695,380,-0.035663,0.003288,1.84422,0.003866,0.03509,0.076531,0.031928,0.066118,0.0001,,,,,gru
540695,380,0.021086,0.002981,1.844244,0.003866,0.035538,0.036273,0.032594,0.045469,0.0001,,,,,gru
540695,380,0.034229,0.002634,1.844261,0.003866,0.028402,0.067003,0.025536,0.062161,0.0001,,,,,gru
540695,380,-0.084042,0.002682,1.844264,0.003866,0.020064,0.132712,0.011493,0.093793,0.0001,,,,,gru
540695,380,0.015848,0.00261,1.844272,0.003866,0.020895,0.129456,0.013828,0.081229,0.0001,,,,,gru
546488,384,0.106459,0.002954,1.844279,0.003854,0.022715,0.096178,0.011826,0.052158,0.0001,,,,,gru
546488,384,-0.059963,0.002889,1.844252,0.003854,0.023732,0.095653,0.009066,0.035609,0.0001,,,,,gru
546488,384,-0.070615,0.002216,1.844191,0.003854,0.02261,0.043645,0.007443,0.027782,0.0001,,,,,gru
546488,384,0.042372,0.002169,1.844125,0.003854,0.019657,0.098426,0.007297,0.042224,0.0001,,,,,gru
546488,384,0.051574,0.002698,1.844033,0.003854,0.02008,0.207164,0.000995,0.138581,0.0001,,,,,gru
546488,384,-0.12825,0.002894,1.843931,0.003854,0.023215,0.096157,0.016086,0.062144,0.0001,,,,,gru
546488,384,0.041868,0.002714,1.843818,0.003854,0.021931,0.105745,0.012063,0.048835,0.0001,,,,,gru
546488,384,-0.06367,0.002644,1.843676,0.003854,0.021645,0.051121,0.010877,0.021317,0.0001,,,,,gru
546488,384,0.010939,0.002062,1.843525,0.003854,0.017806,0.108689,0.000786,0.059424,0.0001,,,,,gru
546488,384,-0.028761,0.002189,1.843364,0.003854,0.018588,0.063242,0.002626,0.030707,0.0001,,,,,gru
546488,384,-0.026632,0.002668,1.843197,0.003854,0.021229,0.094619,0.006126,0.040264,0.0001,,,,,gru
546488,384,0.05103,0.002729,1.843013,0.003854,0.021531,0.123675,0.011672,0.062531,0.0001,,,,,gru
552312,388,0.018972,0.00217,1.842807,0.003842,0.022024,0.108849,0.00289,0.062757,0.0001,,,,,gru
552312,388,-0.030438,0.002416,1.842627,0.003842,0.020193,0.070648,0.004268,0.02469,0.0001,,,,,gru
552312,388,-0.004037,0.002945,1.84246,0.003842,0.020506,0.082102,0.007199,0.03822,0.0001,,,,,gru
552312,388,0.071872,0.002705,1.842316,0.003842,0.021301,0.126557,0.010599,0.063783,0.0001,,,,,gru
552312,388,-0.020453,0.002319,1.84217,0.003842,0.025053,0.242267,0.02377,0.156498,0.0001,,,,,gru
552312,388,-0.076703,0.002551,1.842046,0.003842,0.023877,0.299436,0.023208,0.189468,0.0001,,,,,gru
552312,388,-0.117326,0.002534,1.841952,0.003842,0.021996,0.078267,0.014937,0.05558,0.0001,,,,,gru
552312,388,0.088195,0.00244,1.841865,0.003842,0.018384,0.066016,0.008897,0.037335,0.0001,,,,,gru
552312,388,0.018381,0.002506,1.841799,0.003842,0.023834,0.147279,0.01611,0.091575,0.0001,,,,,gru
552312,388,-0.098866,0.002058,1.841734,0.003842,0.021401,0.117722,0.008086,0.071464,0.0001,,,,,gru
552312,388,0.100905,0.002374,1.84166,0.003842,0.019103,0.240726,0.008335,0.162955,0.0001,,,,,gru
552312,388,-0.01783,0.002894,1.841579,0.003842,0.020847,0.106244,0.006677,0.062373,0.0001,,,,,gru
558127,392,-0.08929,0.002421,1.841502,0.00383,0.018226,0.038113,0.003669,0.014952,0.0001,,,,,gru
558127,392,0.074499,0.002155,1.841419,0.00383,0.019348,0.083753,0.00936,0.040229,0.0001,,,,,gru
558127,392,-0.017909,0.002338,1.841364,0.00383,0.022524,0.178886,0.008789,0.124042,0.0001,,,,,gru
558127,392,-0.003214,0.001736,1.841301,0.00383,0.014522,0.2419,0.000896,0.151045,0.0001,,,,,gru
558127,392,0.073375,0.002377,1.841232,0.00383,0.018217,0.111187,0.006398,0.072444,0.0001,,,,,gru
558127,392,-0.118655,0.002838,1.841172,0.00383,0.02782,0.093777,0.024891,0.070632,0.0001,,,,,gru
558127,392,0.077943,0.002282,1.841133,0.00383,0.022532,0.185403,0.019309,0.099521,0.0001,,,,,gru
558127,392,-0.009837,0.002791,1.841093,0.00383,0.025601,0.13625,0.021813,0.09896,0.0001,,,,,gru
558127,392,-0.114044,0.001805,1.841052,0.00383,0.017308,0.272166,0.010872,0.170713,0.0001,,,,,gru
558127,392,-0.133734,0.00278,1.841032,0.00383,0.02224,0.110962,0.001274,0.063442,0.0001,,,,,gru
558127,392,0.142942,0.001895,1.841015,0.00383,0.022178,0.059199,0.019437,0.038368,0.0001,,,,,gru
558127,392,-0.045939,0.002542,1.841005,0.00383,0.024934,0.059086,0.017591,0.029305,0.0001,,,,,gru
563844,396,-0.06634,0.001813,1.840988,0.003818,0.019623,0.04603,0.009594,0.023008,0.0001,,,,,gru
563844,396,0.054036,0.00289,1.840955,0.003818,0.024651,0.116094,0.012798,0.06573,0.0001,,,,,gru
563844,396,-0.005959,0.002371,1.840905,0.003818,0.016908,0.144902,0.003465,0.083466,0.0001,,,,,gru
563844,396,0.020707,0.002537,1.840854,0.003818,0.014882,0.042322,0.00314,0.011877,0.0001,,,,,gru
563844,396,0.065903,0.001662,1.840806,0.003818,0.015386,0.065766,0.008963,0.017447,0.0001,,,,,gru
563844,396,-0.13026,0.002778,1.840742,0.003818,0.025334,0.108072,0.019884,0.062134,0.0001,,,,,gru
563844,396,0.040995,0.002475,1.840649,0.003818,0.019742,0.098993,0.013362,0.064416,0.0001,,,,,gru
563844,396,-0.005379,0.001827,1.840554,0.003818,0.015134,0.106304,0.008653,0.059255,0.0001,,,,,gru
563844,396,-0.065767,0.002543,1.84044,0.003818,0.017875,0.112464,0.001493,0.063289,0.0001,,,,,gru
563844,396,0.07726,0.001888,1.840307,0.003818,0.018199,0.070703,0.010306,0.033214,0.0001,,,,,gru
563844,396,-0.028003,0.002937,1.840163,0.003818,0.020638,0.159849,0.009534,0.102028,0.0001,,,,,gru
563844,396,-0.083887,0.002034,1.840016,0.003818,0.01541,0.083364,0.001221,0.049121,0.0001,,,,,gru
569474,400,-0.008794,0.002643,1.839881,0.003806,0.016924,0.188867,0.011108,0.099136,0.0001,,,,,gru
569474,400,-0.03168,0.001783,1.83977,0.003806,0.015804,0.095462,0.007606,0.046443,0.0001,,,,,gru
569474,400,0.00176,0.002093,1.839671,0.003806,0.011359,0.095544,0.007271,0.06083,0.0001,,,,,gru
569474,400,-0.020045,0.00222,1.839573,0.003806,0.015029,0.234108,0.001168,0.131156,0.0001,,,,,gru
569474,400,-0.037779,0.00208,1.839474,0.003806,0.012434,0.299186,0.006438,0.199368,0.0001,,,,,gru
569474,400,0.02359,0.001917,1.839384,0.003806,0.01338,0.287479,0.002598,0.186938,0.0001,,,,,gru
569474,400,-0.059477,0.001892,1.839306,0.003806,0.013394,0.127765,0.001651,0.082961,0.0001,,,,,gru
569474,400,0.093539,0.002326,1.839244,0.003806,0.018866,0.132873,0.015917,0.082209,0.0001,,,,,gru
569474,400,-0.094458,0.00248,1.8392,0.003806,0.017423,0.116427,0.012466,0.051966,0.0001,,,,,gru
569474,400,-0.050234,0.00244,1.839134,0.003806,0.018056,0.087573,0.014048,0.050176,0.0001,,,,,gru
569474,400,-0.055597,0.001788,1.839069,0.003806,0.015683,0.036727,0.00897,0.01604,0.0001,,,,,gru
569474,400,0.090332,0.002507,1.839018,0.003806,0.016831,0.219362,0.008589,0.12858,0.0001,,,,,gru
575117,404,0.094256,0.002341,1.838969,0.003794,0.016772,0.09257,0.01125,0.024823,0.0001,,,,,gru
575117,404,-0.110655,0.001711,1.838889,0.003794,0.011869,0.078113,0.003099,0.050593,0.0001,,,,,gru
575117,404,-0.049185,0.00236,1.838815,0.003794,0.013936,0.086044,0.006543,0.04666,0.0001,,,,,gru
575117,404,-0.037214,0.001664,1.838764,0.003794,0.013674,0.033331,0.009838,0.019922,0.0001,,,,,gru
575117,404,0.008211,0.002592,1.838724,0.003794,0.016759,0.191954,0.0099,0.105973,0.0001,,,,,gru
575117,404,-0.033239,0.002032,1.83866,0.003794,0.017277,0.132878,0.011771,0.083361,0.0001,,,,,gru
575117,404,0.069833,0.002044,1.838584,0.003794,0.013687,0.135404,0.001118,0.085702,0.0001,,,,,gru
575117,404,-0.133854,0.001931,1.838509,0.003794,0.014922,0.054054,0.007499,0.017111,0.0001,,,,,gru
575117,404,0.012766,0.002881,1.838436,0.003794,0.023318,0.183183,0.021843,0.127069,0.0001,,,,,gru
575117,404,-0.078048,0.002572,1.838356,0.003794,0.019297,0.1655,0.014346,0.111984,0.0001,,,,,gru
575117,404,0.119838,0.002376,1.83826,0.003794,0.013437,0.04655,0.002958,0.011016,0.0001,,,,,gru
575117,404,-0.121809,0.00159,1.838157,0.003794,0.019948,0.085686,0.019758,0.058344,0.0001,,,,,gru
580852,408,-0.043323,0.00197,1.838077,0.003782,0.012221,0.118154,0.009562,0.069987,0.0001,,,,,gru
580852,408,-0.032823,0.002399,1.838006,0.003782,0.019042,0.139244,0.016392,0.073047,0.0001,,,,,gru
580852,408,0.042919,0.00269,1.837935,0.003782,0.024518,0.057939,0.020504,0.043838,0.0001,,,,,gru
580852,408,-0.0452,0.002322,1.837878,0.003782,0.022885,0.076398,0.023854,0.054487,0.0001,,,,,gru
580852,408,0.129898,0.002111,1.837817,0.003782,0.016402,0.146208,0.011848,0.095217,0.0001,,,,,gru
580852,408,-0.156468,0.002593,1.837755,0.003782,0.016034,0.114713,0.005151,0.065505,0.0001,,,,,gru
580852,408,0.008903,0.002299,1.837706,0.003782,0.015299,0.117716,0.005975,0.076862,0.0001,,,,,gru
580852,408,0.03167,0.002771,1.837657,0.003782,0.019602,0.077222,0.016458,0.03133,0.0001,,,,,gru
580852,408,-0.099098,0.002211,1.837616,0.003782,0.022951,0.14347,0.01878,0.103343,0.0001,,,,,gru
580852,408,-0.116224,0.002035,1.83757,0.003782,0.018593,0.050079,0.013725,0.027821,0.0001,,,,,gru
580852,408,0.036557,0.002481,1.837526,0.003782,0.019385,0.08015,0.012481,0.046392,0.0001,,,,,gru
580852,408,0.050284,0.002688,1.837464,0.003782,0.012678,0.108666,0.003105,0.069462,0.0001,,,,,gru
586497,412,-0.104079,0.002284,1.837418,0.00377,0.015001,0.087197,0.006291,0.027857,0.0001,,,,,gru
586497,412,0.004199,0.002164,1.837401,0.00377,0.016449,0.049029,0.00814,0.025363,0.0001,,,,,gru
586497,412,0.067074,0.002613,1.837386,0.00377,0.017011,0.14247,0.011069,0.072345,0.0001,,,,,gru
586497,412,0.010364,0.002824,1.837384,0.00377,0.024888,0.091189,0.021427,0.037579,0.0001,,,,,gru
586497,412,-0.036346,0.002494,1.837386,0.00377,0.030214,0.093651,0.030408,0.040083,0.0001,,,,,gru
586497,412,-0.028123,0.002346,1.837413,0.00377,0.031854,0.040196,0.031729,0.036993,0.0001,,,,,gru
586497,412,-0.018349,0.002289,1.837438,0.00377,0.02745,0.119727,0.027201,0.080556,0.0001,,,,,gru
586497,412,-0.096512,0.001983,1.837473,0.00377,0.016088,0.074299,0.014188,0.048729,0.0001,,,,,gru
586497,412,0.088983,0.003146,1.837507,0.00377,0.020726,0.105154,0.011058,0.066098,0.0001,,,,,gru
586497,412,0.039279,0.002523,1.837547,0.00377,0.024637,0.082604,0.021789,0.037387,0.0001,,,,,gru
586497,412,-0.092656,0.002012,1.837584,0.00377,0.024431,0.062159,0.021743,0.045858,0.0001,,,,,gru
586497,412,0.009777,0.003472,1.837633,0.00377,0.025184,0.2682,0.022488,0.14266,0.0001,,,,,gru
592090,416,-0.03374,0.001989,1.837677,0.003758,0.015822,0.104432,0.005836,0.051117,0.0001,,,,,gru
592090,416,0.079702,0.002942,1.837708,0.003758,0.016522,0.161606,0.007793,0.105615,0.0001,,,,,gru
592090,416,-0.127194,0.001878,1.837746,0.003758,0.019261,0.072124,0.013022,0.04841,0.0001,,,,,gru
592090,416,-0.024608,0.00239,1.8378,0.003758,0.018793,0.119421,0.015752,0.071401,0.0001,,,,,gru
592090,416,-0.028576,0.002286,1.837829,0.003758,0.021233,0.118359,0.016288,0.069973,0.0001,,,,,gru
592090,416,0.002672,0.002068,1.837852,0.003758,0.016931,0.12972,0.011125,0.068035,0.0001,,,,,gru
592090,416,0.043766,0.002491,1.837879,0.003758,0.017657,0.055802,0.009485,0.025814,0.0001,,,,,gru
592090,416,-0.128751,0.001847,1.837895,0.003758,0.020535,0.08453,0.017484,0.064229,0.0001,,,,,gru
592090,416,0.050175,0.002366,1.837908,0.003758,0.014453,0.054191,0.002962,0.030865,0.0001,,,,,gru
592090,416,-0.014073,0.002029,1.837906,0.003758,0.019074,0.058579,0.006843,0.031868,0.0001,,,,,gru
592090,416,0.01457,0.002745,1.837904,0.003758,0.024946,0.090161,0.015449,0.060318,0.0001,,,,,gru
592090,416,-0.066665,0.002118,1.837897,0.003758,0.024766,0.147116,0.015643,0.089178,0.0001,,,,,gru
597846,420,-0.069526,0.002335,1.837903,0.003746,0.017302,0.063228,0.00831,0.041352,0.0001,,,,,gru
597846,420,-0.1165,0.001707,1.837914,0.003746,0.013519,0.107841,0.001031,0.059559,0.0001,,,,,gru
597846,420,0.169484,0.001882,1.83792,0.003746,0.013741,0.11811,0.006595,0.058895,0.0001,,,,,gru
597846,420,0.052175,0.001822,1.837905,0.003746,0.012979,0.117166,0.005452,0.064984,0.0001,,,,,gru
597846,420,-0.117866,0.002145,1.837873,0.003746,0.017621,0.081004,0.008878,0.051487,0.0001,,,,,gru
597846,420,0.026572,0.002092,1.83785,0.003746,0.019067,0.075894,0.013529,0.046329,0.0001,,,,,gru
597846,420,0.036002,0.002394,1.837818,0.003746,0.018741,0.037478,0.014308,0.019513,0.0001,,,,,gru
597846,420,-0.026156,0.001846,1.837779,0.003746,0.016596,0.243108,0.010227,0.151612,0.0001,,,,,gru
597846,420,-0.063667,0.001833,1.837742,0.003746,0.014786,0.174091,0.006312,0.105513,0.0001,,,,,gru
597846,420,-0.137268,0.001762,1.837697,0.003746,0.012885,0.050791,0.001743,0.025214,0.0001,,,,,gru
597846,420,0.057648,0.001758,1.837654,0.003746,0.011211,0.144274,0.002192,0.086514,0.0001,,,,,gru
597846,420,0.045536,0.00239,1.837598,0.003746,0.015466,0.084652,0.005738,0.052532,0.0001,,,,,gru
603589,424,-0.170084,0.002175,1.837542,0.003734,0.015797,0.078086,0.006721,0.042846,0.0001,,,,,gru
603589,424,0.094359,0.002366,1.837507,0.003734,0.016712,0.140731,0.007498,0.078024,0.0001,,,,,gru
603589,424,0.045581,0.001927,1.837481,0.003734,0.018659,0.049933,0.013823,0.029764,0.0001,,,,,gru
603589,424,0.092622,0.002408,1.837469,0.003734,0.022273,0.124191,0.018625,0.089201,0.0001,,,,,gru
603589,424,-0.029046,0.002297,1.83747,0.003734,0.018432,0.138721,0.010098,0.097946,0.0001,,,,,gru
603589,424,-0.122634,0.001936,1.83747,0.003734,0.012813,0.111076,0.00687,0.058701,0.0001,,,,,gru
603589,424,0.022462,0.002393,1.8375,0.003734,0.017214,0.087704,0.015446,0.056042,0.0001,,,,,gru
603589,424,0.014296,0.002008,1.837533,0.003734,0.023255,0.092625,0.022541,0.05513,0.0001,,,,,gru
603589,424,-0.089992,0.002361,1.837592,0.003734,0.023583,0.10671,0.023478,0.077331,0.0001,,,,,gru
603589,424,0.044305,0.002313,1.83763,0.003734,0.016323,0.168763,0.00772,0.097577,0.0001,,,,,gru
603589,424,-0.077307,0.002149,1.837652,0.003734,0.016873,0.059104,0.005289,0.010805,0.0001,,,,,gru
603589,424,-0.004607,0.002366,1.837699,0.003734,0.026123,0.092049,0.02453,0.073037,0.0001,,,,,gru
609393,428,0.085711,0.00207,1.837752,0.003722,0.016675,0.035093,0.009562,0.017619,0.0001,,,,,gru
609393,428,-0.06228,0.002081,1.837793,0.003722,0.018434,0.118903,0.004653,0.06739,0.0001,,,,,gru
609393,428,-0.063736,0.002205,1.837838,0.003722,0.0182,0.174971,0.005335,0.095862,0.0001,,,,,gru
609393,428,0.003567,0.001903,1.837857,0.003722,0.014268,0.079341,0.002371,0.052667,0.0001,,,,,gru
609393,428,-0.003646,0.001926,1.837882,0.003722,0.017756,0.081919,0.013381,0.034392,0.0001,,,,,gru
609393,428,-0.036755,0.002653,1.837877,0.003722,0.02223,0.107098,0.020954,0.061173,0.0001,,,,,gru
609393,428,0.080176,0.002683,1.837876,0.003722,0.024724,0.051122,0.021851,0.038602,0.0001,,,,,gru
609393,428,0.070123,0.001885,1.837858,0.003722,0.021073,0.100503,0.019718,0.077398,0.0001,,,,,gru
609393,428,-0.209535,0.002007,1.837835,0.003722,0.017375,0.12513,0.013793,0.066524,0.0001,,,,,gru
609393,428,-0.022954,0.002048,1.83781,0.003722,0.0168,0.02817,0.002229,0.010222,0.0001,,,,,gru
609393,428,-0.064532,0.002595,1.83779,0.003722,0.019129,0.073687,0.00515,0.033172,0.0001,,,,,gru
609393,428,0.065456,0.001672,1.837756,0.003722,0.018946,0.039443,0.010364,0.01893,0.0001,,,,,gru
615160,432,0.061946,0.002219,1.837718,0.00371,0.022211,0.094159,0.007241,0.037218,0.0001,,,,,gru
615160,432,-0.113062,0.00189,1.837653,0.00371,0.023016,0.114523,0.003536,0.063357,0.0001,,,,,gru
615160,432,0.020663,0.003217,1.837612,0.00371,0.024884,0.128633,0.016822,0.061713,0.0001,,,,,gru
615160,432,-0.010452,0.002979,1.837545,0.00371,0.031709,0.118263,0.025237,0.060484,0.0001,,,,,gru
615160,432,-0.021271,0.002594,1.837474,0.00371,0.036211,0.095082,0.033162,0.047726,0.0001,,,,,gru
615160,432,-0.002013,0.003427,1.83739,0.00371,0.039314,0.0697,0.040631,0.066695,0.0001,,,,,gru
615160,432,-0.038663,0.003257,1.837305,0.00371,0.03482,0.137175,0.032603,0.109095,0.0001,,,,,gru
615160,432,0.132749,0.001972,1.837218,0.00371,0.023224,0.08653,0.017878,0.060179,0.0001,,,,,gru
615160,432,-0.153664,0.002729,1.837122,0.00371,0.02221,0.084703,0.017137,0.058965,0.0001,,,,,gru
615160,432,-0.06058,0.002576,1.837033,0.00371,0.030729,0.073736,0.030158,0.039363,0.0001,,,,,gru
615160,432,0.056683,0.003002,1.836921,0.00371,0.037861,0.11679,0.032381,0.094465,0.0001,,,,,gru
615160,432,-0.034162,0.002385,1.83681,0.00371,0.028245,0.128271,0.028502,0.076327,0.0001,,,,,gru
620923,436,-0.087917,0.002339,1.836715,0.003698,0.015857,0.124715,0.002442,0.068495,0.0001,,,,,gru
620923,436,-0.007505,0.001863,1.836618,0.003698,0.019433,0.107727,0.01241,0.062254,0.0001,,,,,gru
620923,436,0.059232,0.002618,1.836548,0.003698,0.022913,0.128729,0.019961,0.067227,0.0001,,,,,gru
620923,436,0.021387,0.002354,1.836477,0.003698,0.024714,0.046088,0.023771,0.033397,0.0001,,,,,gru
620923,436,-0.094279,0.002531,1.836433,0.003698,0.023727,0.088486,0.018328,0.052555,0.0001,,,,,gru
620923,436,0.031907,0.002357,1.836376,0.003698,0.021389,0.104272,0.016733,0.063815,0.0001,,,,,gru
620923,436,-0.00504,0.002055,1.836319,0.003698,0.018661,0.07675,0.012528,0.052393,0.0001,,,,,gru
620923,436,-0.081046,0.002173,1.836262,0.003698,0.015674,0.097183,0.00705,0.061707,0.0001,,,,,gru
620923,436,0.049938,0.002419,1.83621,0.003698,0.013165,0.060147,0.001253,0.023092,0.0001,,,,,gru
620923,436,-0.047801,0.002254,1.836187,0.003698,0.01667,0.058152,0.012679,0.028534,0.0001,,,,,gru
620923,436,-0.01122,0.002247,1.836171,0.003698,0.022476,0.046783,0.020022,0.029856,0.0001,,,,,gru
620923,436,0.017429,0.002225,1.836163,0.003698,0.02746,0.099538,0.023001,0.072054,0.0001,,,,,gru
626650,440,-0.110046,0.002036,1.836156,0.003686,0.01453,0.055101,0.007589,0.025012,0.0001,,,,,gru
626650,440,0.07317,0.002061,1.836164,0.003686,0.011238,0.109508,0.002061,0.062344,0.0001,,,,,gru
626650,440,-0.030176,0.002841,1.836192,0.003686,0.018192,0.04637,0.009682,0.025766,0.0001,,,,,gru
626650,440,-0.057036,0.00259,1.83622,0.003686,0.019338,0.101141,0.014274,0.05971,0.0001,,,,,gru
626650,440,-0.035293,0.002321,1.836252,0.003686,0.023048,0.110518,0.02049,0.080607,0.0001,,,,,gru
626650,440,0.037568,0.002786,1.836288,0.003686,0.022034,0.254343,0.020931,0.181304,0.0001,,,,,gru
626650,440,-0.065383,0.002022,1.83632,0.003686,0.012909,0.068271,0.000459,0.032368,0.0001,,,,,gru
626650,440,0.088299,0.002559,1.836363,0.003686,0.023494,0.08642,0.016233,0.05543,0.0001,,,,,gru
626650,440,-0.101839,0.002686,1.836394,0.003686,0.033995,0.058828,0.032754,0.040997,0.0001,,,,,gru
626650,440,0.012535,0.002945,1.836449,0.003686,0.033805,0.045169,0.032195,0.044083,0.0001,,,,,gru
626650,440,-0.030166,0.002526,1.836506,0.003686,0.032685,0.154487,0.028782,0.108291,0.0001,,,,,gru
626650,440,-0.052592,0.001987,1.836586,0.003686,0.017988,0.073553,0.012121,0.039972,0.0001,,,,,gru
632375,444,-0.074865,0.002334,1.836655,0.003674,0.015951,0.269747,0.005076,0.153573,0.0001,,,,,gru
632375,444,0.037,0.002456,1.836727,0.003674,0.022221,0.080421,0.019091,0.050464,0.0001,,,,,gru
632375,444,-0.007088,0.003079,1.836795,0.003674,0.031121,0.137129,0.03077,0.102928,0.0001,,,,,gru
632375,444,0.031339,0.002913,1.836858,0.003674,0.036467,0.150567,0.034535,0.105621,0.0001,,,,,gru
632375,444,-0.091612,0.003011,1.836922,0.003674,0.026684,0.287751,0.024637,0.192568,0.0001,,,,,gru
632375,444,0.019944,0.002479,1.83699,0.003674,0.021673,0.102322,0.019296,0.070399,0.0001,,,,,gru
632375,444,-0.097758,0.001859,1.837061,0.003674,0.013534,0.065292,0.002028,0.034175,0.0001,,,,,gru
632375,444,0.121391,0.002636,1.837129,0.003674,0.015454,0.104585,0.002065,0.061981,0.0001,,,,,gru
632375,444,-0.07699,0.002582,1.837189,0.003674,0.023172,0.271107,0.018365,0.162627,0.0001,,,,,gru
632375,444,-0.043664,0.002848,1.837276,0.003674,0.025821,0.229712,0.020302,0.147957,0.0001,,,,,gru
632375,444,0.089154,0.00198,1.837355,0.003674,0.024265,0.101369,0.017812,0.066095,0.0001,,,,,gru
632375,444,-0.110117,0.002402,1.837424,0.003674,0.019511,0.320029,0.016442,0.202681,0.0001,,,,,gru
637973,448,-0.067035,0.002708,1.837515,0.003662,0.014882,0.07432,0.0053,0.04585,0.0001,,,,,gru
637973,448,0.03751,0.002967,1.837611,0.003662,0.024393,0.233031,0.019295,0.14415,0.0001,,,,,gru
637973,448,-0.02862,0.002282,1.837684,0.003662,0.021038,0.083306,0.01126,0.052359,0.0001,,,,,gru
637973,448,-0.03043,0.002525,1.837738,0.003662,0.019752,0.175931,0.001105,0.099381,0.0001,,,,,gru
637973,448,0.044171,0.003151,1.837765,0.003662,0.030873,0.062527,0.014054,0.042112,0.0001,,,,,gru
637973,448,-0.081094,0.002137,1.837804,0.003662,0.034767,0.058497,0.032632,0.0551,0.0001,,,,,gru
637973,448,-0.108043,0.003416,1.837835,0.003662,0.041579,0.149585,0.037541,0.106851,0.0001,,,,,gru
637973,448,-0.00685,0.002415,1.837852,0.003662,0.036514,0.117652,0.0297,0.091685,0.0001,,,,,gru
637973,448,0.085922,0.002427,1.837866,0.003662,0.028217,0.053624,0.00902,0.029379,0.0001,,,,,gru
637973,448,-0.026945,0.001847,1.837891,0.003662,0.015762,0.112796,0.004051,0.071172,0.0001,,,,,gru
637973,448,0.033367,0.003125,1.837905,0.003662,0.028629,0.148081,0.027135,0.099459,0.0001,,,,,gru
637973,448,-0.071904,0.003436,1.837916,0.003662,0.028708,0.13458,0.028106,0.101257,0.0001,,,,,gru
643700,452,-0.096782,0.001873,1.837924,0.00365,0.013165,0.110195,0.006238,0.072812,0.0001,,,,,gru
643700,452,0.020918,0.001936,1.837933,0.00365,0.014856,0.208999,0.008008,0.123245,0.0001,,,,,gru
643700,452,0.016461,0.002718,1.837934,0.00365,0.015487,0.036482,0.004092,0.016487,0.0001,,,,,gru
643700,452,-0.06712,0.001764,1.837949,0.00365,0.014272,0.154034,0.005035,0.095191,0.0001,,,,,gru
643700,452,0.026507,0.002778,1.837987,0.00365,0.017076,0.133962,0.001193,0.072969,0.0001,,,,,gru
643700,452,-0.024143,0.001565,1.837998,0.00365,0.012411,0.108261,0.00072,0.069635,0.0001,,,,,gru
643700,452,-0.010456,0.00205,1.837998,0.00365,0.01488,0.16385,0.003559,0.104507,0.0001,,,,,gru
643700,452,-0.07017,0.001856,1.837986,0.00365,0.014368,0.186064,0.004411,0.12414,0.0001,,,,,gru
643700,452,0.024696,0.002535,1.83799,0.00365,0.018169,0.13756,0.017756,0.083846,0.0001,,,,,gru
643700,452,-0.033166,0.002411,1.83799,0.00365,0.022009,0.16256,0.020073,0.100379,0.0001,,,,,gru
643700,452,0.057439,0.00307,1.838018,0.00365,0.026756,0.290363,0.026681,0.18802,0.0001,,,,,gru
643700,452,-0.103557,0.001502,1.838019,0.00365,0.016846,0.04409,0.016316,0.023374,0.0001,,,,,gru
649287,456,-0.02622,0.00207,1.838026,0.003638,0.013329,0.160383,0.011032,0.097145,0.0001,,,,,gru
649287,456,-0.022611,0.00234,1.83803,0.003638,0.014966,0.137107,0.001852,0.092316,0.0001,,,,,gru
649287,456,-0.015915,0.001722,1.83803,0.003638,0.016474,0.102488,0.005523,0.05436,0.0001,,,,,gru
649287,456,-0.034596,0.001627,1.838021,0.003638,0.021013,0.084245,0.015685,0.042011,0.0001,,,,,gru
649287,456,0.030291,0.0028,1.838012,0.003638,0.031333,0.095581,0.021539,0.06929,0.0001,,,,,gru
649287,456,-0.071691,0.002329,1.837998,0.003638,0.036033,0.19488,0.031865,0.129557,0.0001,,,,,gru
649287,456,-0.031295,0.002477,1.837985,0.003638,0.032782,0.085909,0.027437,0.065902,0.0001,,,,,gru
649287,456,0.034178,0.001801,1.83797,0.003638,0.022843,0.025718,0.01404,0.019456,0.0001,,,,,gru
649287,456,-0.082541,0.002223,1.837946,0.003638,0.014284,0.147859,0.003643,0.08625,0.0001,,,,,gru
649287,456,-0.040826,0.002127,1.837924,0.003638,0.012383,0.131545,0.003182,0.07532,0.0001,,,,,gru
649287,456,-0.031378,0.001766,1.837909,0.003638,0.012148,0.114504,0.004702,0.06596,0.0001,,,,,gru
649287,456,0.01792,0.002269,1.837895,0.003638,0.015981,0.244538,0.002288,0.163279,0.0001,,,,,gru
655014,460,-0.027114,0.001716,1.837862,0.003626,0.012421,0.053258,0.009241,0.024099,0.0001,,,,,gru
655014,460,-0.034922,0.002258,1.837832,0.003626,0.015217,0.120631,0.011106,0.07868,0.0001,,,,,gru
655014,460,-0.024447,0.00264,1.837811,0.003626,0.016006,0.109511,0.012469,0.055963,0.0001,,,,,gru
655014,460,-0.112042,0.001777,1.837786,0.003626,0.014883,0.223186,0.011038,0.158025,0.0001,,,,,gru
655014,460,0.094457,0.002399,1.837767,0.003626,0.015603,0.155369,0.013787,0.081254,0.0001,,,,,gru
655014,460,-0.079799,0.002421,1.837744,0.003626,0.011832,0.108108,0.0048,0.06503,0.0001,,,,,gru
655014,460,-0.02981,0.002559,1.837707,0.003626,0.013079,0.054482,0.005678,0.019555,0.0001,,,,,gru
655014,460,-0.007103,0.002117,1.837662,0.003626,0.012912,0.125809,0.006379,0.076908,0.0001,,,,,gru
655014,460,-0.053642,0.001693,1.837635,0.003626,0.011762,0.073138,0.007188,0.041653,0.0001,,,,,gru
655014,460,-0.1197,0.00167,1.837598,0.003626,0.009013,0.055675,0.004115,0.031928,0.0001,,,,,gru
655014,460,-0.10289,0.001842,1.837558,0.003626,0.011096,0.142763,0.001408,0.083334,0.0001,,,,,gru
655014,460,0.176165,0.003187,1.83751,0.003626,0.018259,0.133378,0.013117,0.083791,0.0001,,,,,gru
660698,464,-0.020198,0.00215,1.837463,0.003614,0.013085,0.043385,0.003825,0.016312,0.0001,,,,,gru
660698,464,-0.064552,0.00223,1.837431,0.003614,0.011683,0.027665,0.001627,0.010298,0.0001,,,,,gru
660698,464,0.019404,0.001875,1.837414,0.003614,0.012572,0.062184,0.003364,0.022258,0.0001,,,,,gru
660698,464,0.040879,0.002463,1.837415,0.003614,0.017257,0.074785,0.003771,0.044635,0.0001,,,,,gru
660698,464,-0.098852,0.001833,1.837428,0.003614,0.013787,0.101364,0.008383,0.066936,0.0001,,,,,gru
660698,464,-0.01343,0.001988,1.837443,0.003614,0.012256,0.095508,0.004136,0.051835,0.0001,,,,,gru
660698,464,-0.106779,0.00173,1.837482,0.003614,0.010043,0.071505,0.004583,0.045777,0.0001,,,,,gru
660698,464,0.044346,0.002175,1.837525,0.003614,0.013528,0.065015,0.004298,0.031339,0.0001,,,,,gru
660698,464,-0.007935,0.002567,1.837577,0.003614,0.012584,0.12654,0.003053,0.078297,0.0001,,,,,gru
660698,464,-0.064151,0.002123,1.837638,0.003614,0.011043,0.041389,0.002545,0.012528,0.0001,,,,,gru
660698,464,-0.004061,0.001948,1.837696,0.003614,0.011725,0.072335,0.006165,0.044034,0.0001,,,,,gru
660698,464,-0.001117,0.002475,1.837767,0.003614,0.0136,0.177351,0.007351,0.108937,0.0001,,,,,gru
666432,468,-0.002175,0.002689,1.837821,0.003602,0.015591,0.049788,0.000823,0.027383,0.0001,,,,,gru
666432,468,-0.057226,0.001602,1.837857,0.003602,0.016525,0.075529,0.013101,0.046793,0.0001,,,,,gru
666432,468,-0.006717,0.00241,1.837905,0.003602,0.022279,0.03014,0.017589,0.023246,0.0001,,,,,gru
666432,468,-0.022159,0.001968,1.837949,0.003602,0.023618,0.028775,0.021765,0.031711,0.0001,,,,,gru
666432,468,0.04987,0.002642,1.83799,0.003602,0.023568,0.054647,0.016184,0.041625,0.0001,,,,,gru
666432,468,-0.112023,0.002095,1.838023,0.003602,0.017453,0.114871,0.012821,0.080423,0.0001,,,,,gru
666432,468,0.047979,0.002523,1.838053,0.003602,0.013811,0.104746,0.003303,0.068533,0.0001,,,,,gru
666432,468,-0.091025,0.002183,1.838082,0.003602,0.017374,0.036127,0.011607,0.028443,0.0001,,,,,gru
666432,468,-0.025999,0.002182,1.838107,0.003602,0.024115,0.03979,0.022073,0.036361,0.0001,,,,,gru
666432,468,-0.059093,0.002217,1.838117,0.003602,0.023963,0.055892,0.022044,0.034201,0.0001,,,,,gru
666432,468,0.062164,0.003059,1.838128,0.003602,0.026142,0.087902,0.024501,0.06916,0.0001,,,,,gru
666432,468,-0.081358,0.002059,1.838142,0.003602,0.017098,0.089724,0.011262,0.054118,0.0001,,,,,gru
672131,472,-0.105943,0.001631,1.83815,0.00359,0.011467,0.044481,0.001364,0.02124,0.0001,,,,,gru
672131,472,0.083374,0.001939,1.838166,0.00359,0.01775,0.071422,0.008064,0.025931,0.0001,,,,,gru
672131,472,-0.052971,0.003187,1.838179,0.00359,0.032363,0.284769,0.023418,0.181642,0.0001,,,,,gru
672131,472,0.048274,0.002285,1.838186,0.00359,0.038978,0.024117,0.037187,0.048212,0.0001,,,,,gru
672131,472,-0.004983,0.003248,1.838186,0.00359,0.045876,0.065859,0.044455,0.073039,0.0001,,,,,gru
672131,472,-0.133818,0.002881,1.838181,0.00359,0.04101,0.157881,0.041656,0.126472,0.0001,,,,,gru
672131,472,-0.072915,0.001923,1.838181,0.00359,0.022879,0.137415,0.01952,0.098694,0.0001,,,,,gru
672131,472,-0.03614,0.002734,1.838193,0.00359,0.017653,0.079701,0.00811,0.034164,0.0001,,,,,gru
672131,472,0.059155,0.002427,1.838178,0.00359,0.031677,0.060417,0.033913,0.05467,0.0001,,,,,gru
672131,472,-0.030984,0.002996,1.83817,0.00359,0.043048,0.044317,0.044378,0.067421,0.0001,,,,,gru
672131,472,0.046546,0.003731,1.838165,0.00359,0.045103,0.158291,0.048237,0.122429,0.0001,,,,,gru
672131,472,-0.097789,0.002654,1.838163,0.00359,0.028474,0.096461,0.027654,0.076758,0.0001,,,,,gru
677867,476,0.040622,0.001806,1.838156,0.003578,0.012921,0.092521,0.00487,0.051816,0.0001,,,,,gru
677867,476,-0.056299,0.00272,1.838145,0.003578,0.028534,0.093842,0.024061,0.045681,0.0001,,,,,gru
677867,476,-0.053417,0.002668,1.838143,0.003578,0.044354,0.051852,0.045803,0.05826,0.0001,,,,,gru
677867,476,-0.091807,0.003321,1.83812,0.003578,0.052726,0.064187,0.0568,0.087526,0.0001,,,,,gru
677867,476,-0.004957,0.003078,1.838097,0.003578,0.04614,0.113975,0.046547,0.098938,0.0001,,,,,gru
677867,476,0.048786,0.002118,1.838076,0.003578,0.026093,0.074555,0.023984,0.045346,0.0001,,,,,gru
677867,476,0.020155,0.002384,1.838055,0.003578,0.017799,0.146527,0.001366,0.080238,0.0001,,,,,gru
677867,476,0.002911,0.00219,1.838029,0.003578,0.025311,0.05635,0.025407,0.046156,0.0001,,,,,gru
677867,476,-0.097671,0.002871,1.837995,0.003578,0.037778,0.052183,0.040236,0.066176,0.0001,,,,,gru
677867,476,-0.061587,0.003003,1.837972,0.003578,0.04334,0.063006,0.046153,0.077338,0.0001,,,,,gru
677867,476,-0.054734,0.002796,1.837952,0.003578,0.036469,0.088213,0.038647,0.049383,0.0001,,,,,gru
677867,476,0.07441,0.003075,1.837909,0.003578,0.030287,0.157942,0.030086,0.100092,0.0001,,,,,gru
683617,480,-0.109213,0.002039,1.837884,0.003566,0.012974,0.072327,0.00139,0.034687,0.0001,,,,,gru
683617,480,0.008322,0.002193,1.837877,0.003566,0.023265,0.026712,0.020696,0.027333,0.0001,,,,,gru
683617,480,0.050385,0.002245,1.837864,0.003566,0.035875,0.082241,0.036393,0.050077,0.0001,,,,,gru
683617,480,-0.023749,0.002978,1.83784,0.003566,0.043927,0.025828,0.047206,0.055773,0.0001,,,,,gru
683617,480,-0.015891,0.003128,1.837819,0.003566,0.043787,0.09247,0.044109,0.077629,0.0001,,,,,gru
683617,480,-0.022106,0.001687,1.837783,0.003566,0.028828,0.107315,0.032749,0.08708,0.0001,,,,,gru
683617,480,-0.057185,0.001996,1.83775,0.003566,0.016583,0.089504,0.01143,0.048202,0.0001,,,,,gru
683617,480,0.054109,0.002022,1.837714,0.003566,0.017018,0.09296,0.011963,0.046074,0.0001,,,,,gru
683617,480,-0.065962,0.002342,1.83768,0.003566,0.027009,0.038938,0.02844,0.04703,0.0001,,,,,gru
683617,480,-0.061301,0.002205,1.837649,0.003566,0.035742,0.047653,0.038013,0.04722,0.0001,,,,,gru
683617,480,0.013779,0.003518,1.837607,0.003566,0.037763,0.145111,0.03992,0.1091,0.0001,,,,,gru
683617,480,-0.010862,0.002106,1.837576,0.003566,0.025876,0.085889,0.024185,0.049468,0.0001,,,,,gru
689267,484,0.051759,0.001952,1.837553,0.003554,0.014684,0.108045,0.006977,0.06166,0.0001,,,,,gru
689267,484,-0.10068,0.001743,1.837501,0.003554,0.016389,0.166511,0.015335,0.105428,0.0001,,,,,gru
689267,484,0.025512,0.002724,1.837451,0.003554,0.033561,0.174829,0.031298,0.089015,0.0001,,,,,gru
689267,484,0.041437,0.002965,1.837391,0.003554,0.045282,0.137751,0.047453,0.115028,0.0001,,,,,gru
689267,484,0.012407,0.002982,1.837313,0.003554,0.042,0.097864,0.044494,0.088178,0.0001,,,,,gru
689267,484,-0.101501,0.001797,1.837226,0.003554,0.028247,0.152342,0.030463,0.092972,0.0001,,,,,gru
689267,484,0.018227,0.001777,1.837125,0.003554,0.016431,0.092553,0.005649,0.042611,0.0001,,,,,gru
689267,484,0.025,0.002744,1.837008,0.003554,0.018711,0.161466,0.012997,0.106075,0.0001,,,,,gru
689267,484,-0.08905,0.001392,1.836886,0.003554,0.01798,0.157024,0.014857,0.097729,0.0001,,,,,gru
689267,484,0.005168,0.002247,1.836775,0.003554,0.024403,0.088517,0.021971,0.054763,0.0001,,,,,gru
689267,484,-0.036943,0.002168,1.836653,0.003554,0.023222,0.143263,0.020027,0.075512,0.0001,,,,,gru
689267,484,0.006064,0.002061,1.836535,0.003554,0.023167,0.214502,0.021516,0.10771,0.0001,,,,,gru
694961,488,-0.000428,0.002235,1.836408,0.003542,0.019645,0.020269,0.0154,0.02572,0.0001,,,,,gru
694961,488,-0.063793,0.002031,1.836294,0.003542,0.018017,0.104994,0.013711,0.073417,0.0001,,,,,gru
694961,488,0.011847,0.00151,1.836187,0.003542,0.016558,0.190347,0.009524,0.113658,0.0001,,,,,gru
694961,488,-0.113084,0.001627,1.836098,0.003542,0.013174,0.314092,0.000505,0.196588,0.0001,,,,,gru
694961,488,0.046738,0.001961,1.836048,0.003542,0.013357,0.384424,0.002222,0.252451,0.0001,,,,,gru
694961,488,0.011861,0.001937,1.835998,0.003542,0.017695,0.172768,0.009231,0.114268,0.0001,,,,,gru
694961,488,-0.142602,0.001911,1.835942,0.003542,0.018701,0.119121,0.014387,0.079288,0.0001,,,,,gru
694961,488,0.060623,0.001859,1.8359,0.003542,0.016123,0.040528,0.009534,0.027461,0.0001,,,,,gru
694961,488,0.034654,0.001843,1.835869,0.003542,0.017774,0.150448,0.010106,0.095053,0.0001,,,,,gru
694961,488,-0.12721,0.00167,1.835827,0.003542,0.01656,0.100367,0.011953,0.06502,0.0001,,,,,gru
694961,488,0.045268,0.002112,1.835795,0.003542,0.015056,0.106987,0.003387,0.071649,0.0001,,,,,gru
694961,488,0.034992,0.001718,1.835762,0.003542,0.013264,0.123235,0.003347,0.074804,0.0001,,,,,gru
700550,492,0.014288,0.001807,1.835731,0.00353,0.014913,0.108737,0.009592,0.071474,0.0001,,,,,gru
700550,492,-0.105514,0.001581,1.835706,0.00353,0.014672,0.076372,0.006153,0.028145,0.0001,,,,,gru
700550,492,0.03603,0.002209,1.835697,0.00353,0.014933,0.217881,0.010698,0.143991,0.0001,,,,,gru
700550,492,-0.001542,0.00169,1.835695,0.00353,0.013928,0.281727,0.006945,0.182787,0.0001,,,,,gru
700550,492,-0.00776,0.002146,1.835695,0.00353,0.012374,0.072949,0.003038,0.040345,0.0001,,,,,gru
700550,492,-0.07427,0.00143,1.835709,0.00353,0.013587,0.096976,0.001015,0.05669,0.0001,,,,,gru
700550,492,-0.066704,0.001407,1.835728,0.00353,0.011259,0.063254,0.00099,0.030991,0.0001,,,,,gru
700550,492,0.027051,0.001991,1.835757,0.00353,0.014908,0.209571,0.00448,0.134569,0.0001,,,,,gru
700550,492,-0.033593,0.002003,1.835792,0.00353,0.012035,0.047948,0.000489,0.026499,0.0001,,,,,gru
700550,492,-0.013452,0.001565,1.835837,0.00353,0.011029,0.091083,0.003567,0.044349,0.0001,,,,,gru
700550,492,0.006138,0.00207,1.835895,0.00353,0.013554,0.128706,0.003225,0.079401,0.0001,,,,,gru
700550,492,-0.075332,0.001672,1.835964,0.00353,0.014805,0.034955,0.008957,0.021223,0.0001,,,,,gru
706179,496,-0.056287,0.001653,1.836022,0.003518,0.013561,0.101103,0.005618,0.049756,0.0001,,,,,gru
706179,496,-0.00114,0.001983,1.836082,0.003518,0.014837,0.061468,0.001833,0.03407,0.0001,,,,,gru
706179,496,0.002691,0.002071,1.836126,0.003518,0.014534,0.094331,0.005458,0.056588,0.0001,,,,,gru
706179,496,-0.118718,0.00154,1.836164,0.003518,0.015855,0.12335,0.010547,0.068919,0.0001,,,,,gru
706179,496,0.135632,0.002278,1.836197,0.003518,0.016314,0.046193,0.001808,0.024746,0.0001,,,,,gru
706179,496,-0.092176,0.001812,1.836224,0.003518,0.014407,0.047304,0.008727,0.029389,0.0001,,,,,gru
706179,496,-0.028953,0.001941,1.836251,0.003518,0.013721,0.084533,0.00333,0.043164,0.0001,,,,,gru
706179,496,-0.000377,0.001892,1.836249,0.003518,0.014555,0.095509,0.003635,0.05462,0.0001,,,,,gru
706179,496,-0.032881,0.001842,1.836256,0.003518,0.01526,0.126213,0.007517,0.076364,0.0001,,,,,gru
706179,496,-0.079035,0.001697,1.836259,0.003518,0.014681,0.109883,0.008822,0.062548,0.0001,,,,,gru
706179,496,0.025258,0.002273,1.836256,0.003518,0.019941,0.064927,0.015267,0.043483,0.0001,,,,,gru
706179,496,-0.00071,0.002005,1.836242,0.003518,0.01653,0.215919,0.012957,0.129457,0.0001,,,,,gru
711804,500,-0.058527,0.001868,1.836232,0.003506,0.012639,0.081413,0.002204,0.053014,0.0001,,,,,gru
711804,500,0.030483,0.001989,1.836214,0.003506,0.014991,0.137683,0.004869,0.080764,0.0001,,,,,gru
711804,500,-0.043402,0.001469,1.836207,0.003506,0.013549,0.056122,0.008449,0.019719,0.0001,,,,,gru
711804,500,-0.09853,0.001582,1.836217,0.003506,0.01475,0.08127,0.009547,0.04298,0.0001,,,,,gru
711804,500,0.039659,0.001852,1.83621,0.003506,0.016026,0.104098,0.007972,0.065144,0.0001,,,,,gru
711804,500,-0.001894,0.002067,1.836216,0.003506,0.012101,0.108629,0.004366,0.058025,0.0001,,,,,gru
711804,500,-0.022334,0.001874,1.836244,0.003506,0.012611,0.050744,0.002528,0.025054,0.0001,,,,,gru
711804,500,-0.020452,0.001792,1.836274,0.003506,0.015319,0.041344,0.009742,0.013664,0.0001,,,,,gru
711804,500,-0.023319,0.002,1.836313,0.003506,0.016261,0.075961,0.013827,0.051656,0.0001,,,,,gru
711804,500,-0.079271,0.001866,1.836341,0.003506,0.015196,0.057037,0.012932,0.042172,0.0001,,,,,gru
711804,500,0.064218,0.001965,1.836356,0.003506,0.016264,0.05757,0.011525,0.022269,0.0001,,,,,gru
711804,500,-0.060039,0.001873,1.836377,0.003506,0.013641,0.163387,0.002488,0.106418,0.0001,,,,,gru
