global_step,episode,actor_loss,critic_loss,policy_entropy,entropy_coef,value_residual,grad_norm_actor,grad_norm_critic,grad_norm_rnn,lr_actor,lr_critic,alpha,alpha_loss,target_update_magnitude,recurrent_cell
1713,4,-0.00553,0.00825,1.690169,0.004994,0.056467,0.211471,0.107836,0.0,3.7e-05,,,,,none
1713,4,-0.004739,0.007867,1.690095,0.004994,0.055058,0.185579,0.095092,0.0,3.7e-05,,,,,none
1713,4,-0.004879,0.007532,1.690022,0.004994,0.054541,0.311093,0.082192,0.0,3.7e-05,,,,,none
1713,4,-0.00476,0.007261,1.689952,0.004994,0.054895,0.302632,0.069069,0.0,3.7e-05,,,,,none
3117,8,-0.023026,0.013455,1.689885,0.004982,0.077988,0.438615,0.11644,0.0,4.9e-05,,,,,none
3117,8,-0.021806,0.013104,1.689836,0.004982,0.076494,0.438099,0.104695,0.0,4.9e-05,,,,,none
3117,8,-0.020636,0.012821,1.689805,0.004982,0.075909,0.232216,0.094343,0.0,4.9e-05,,,,,none
3117,8,-0.020918,0.01255,1.689788,0.004982,0.076435,0.495676,0.083858,0.0,4.9e-05,,,,,none
4766,12,0.002524,0.007326,1.689796,0.00497,0.049912,0.193847,0.058075,0.0,6.1e-05,,,,,none
4766,12,0.002784,0.007125,1.689807,0.00497,0.051361,0.196522,0.043292,0.0,6.1e-05,,,,,none
4766,12,0.003192,0.006992,1.689819,0.00497,0.054161,0.199655,0.029258,0.0,6.1e-05,,,,,none
4766,12,0.003596,0.006922,1.689832,0.00497,0.057959,0.187914,0.016587,0.0,6.1e-05,,,,,none
6156,16,-0.02325,0.010822,1.689852,0.004958,0.067443,0.411734,0.087184,0.0,7.3e-05,,,,,none
6156,16,-0.022626,0.010491,1.689891,0.004958,0.068772,0.420285,0.073302,0.0,7.3e-05,,,,,none
6156,16,-0.02159,0.010241,1.689941,0.004958,0.071234,0.400229,0.060649,0.0,7.3e-05,,,,,none
6156,16,-0.020888,0.010055,1.690001,0.004958,0.073923,0.20469,0.049194,0.0,7.3e-05,,,,,none
7245,20,-0.017444,0.008494,1.690082,0.004946,0.060392,0.610465,0.095426,0.0,8.5e-05,,,,,none
7245,20,-0.015412,0.008237,1.690143,0.004946,0.061511,0.620685,0.08193,0.0,8.5e-05,,,,,none
7245,20,-0.014303,0.008055,1.690187,0.004946,0.06353,0.378166,0.069574,0.0,8.5e-05,,,,,none
7245,20,-0.015692,0.007879,1.69022,0.004946,0.066456,0.744555,0.055009,0.0,8.5e-05,,,,,none
10401,24,0.016993,0.004524,1.690246,0.004934,0.055412,0.198857,0.046796,0.0,9.7e-05,,,,,none
10401,24,0.012922,0.002311,1.690256,0.004934,0.049714,0.206814,0.062271,0.0,9.7e-05,,,,,none
10401,24,0.00724,0.003428,1.690255,0.004934,0.059527,0.07119,0.071128,0.0,9.7e-05,,,,,none
10401,24,0.033679,0.005222,1.690232,0.004934,0.06534,0.335438,0.075502,0.0,9.7e-05,,,,,none
10401,24,-0.01292,0.005223,1.690208,0.004934,0.066809,0.581076,0.071435,0.0,9.7e-05,,,,,none
10401,24,0.065165,0.002447,1.690179,0.004934,0.059592,0.37103,0.092396,0.0,9.7e-05,,,,,none
10401,24,-0.064482,0.004756,1.690139,0.004934,0.066764,0.345657,0.067221,0.0,9.7e-05,,,,,none
10401,24,0.16053,0.003113,1.690089,0.004934,0.055788,0.063938,0.09446,0.0,9.7e-05,,,,,none
12127,28,0.008823,0.004243,1.690041,0.004922,0.053946,0.159227,0.033293,0.0,0.0001,,,,,none
12127,28,0.009168,0.004177,1.690024,0.004922,0.051818,0.167581,0.025827,0.0,0.0001,,,,,none
12127,28,0.00948,0.004127,1.690034,0.004922,0.050057,0.097474,0.018245,0.0,0.0001,,,,,none
12127,28,0.008979,0.004091,1.690065,0.004922,0.048496,0.501183,0.010586,0.0,0.0001,,,,,none
14561,32,0.003414,0.004072,1.69012,0.00491,0.053398,0.091322,0.033788,0.0,0.0001,,,,,none
14561,32,0.018705,0.003384,1.690177,0.00491,0.040363,0.159091,0.023637,0.0,0.0001,,,,,none
14561,32,-0.020358,0.003762,1.690254,0.00491,0.045317,0.073516,0.007867,0.0,0.0001,,,,,none
14561,32,0.143585,0.003237,1.690337,0.00491,0.040628,0.261935,0.017884,0.0,0.0001,,,,,none
14561,32,-0.021969,0.00384,1.690403,0.00491,0.041637,0.131263,0.020346,0.0,0.0001,,,,,none
14561,32,0.150518,0.002199,1.690473,0.00491,0.041936,0.20112,0.00646,0.0,0.0001,,,,,none
14561,32,0.021635,0.003563,1.690536,0.00491,0.041572,0.181739,0.03425,0.0,0.0001,,,,,none
14561,32,-0.070174,0.003881,1.690596,0.00491,0.046918,0.299053,0.05397,0.0,0.0001,,,,,none
17381,36,-0.021888,0.005036,1.690654,0.004898,0.047073,0.176646,0.004471,0.0,0.0001,,,,,none
17381,36,0.099201,0.003122,1.690695,0.004898,0.046465,0.310284,0.017154,0.0,0.0001,,,,,none
17381,36,-0.037533,0.004422,1.69075,0.004898,0.046445,0.209191,0.015003,0.0,0.0001,,,,,none
17381,36,0.15106,0.00473,1.6908,0.004898,0.04331,0.114292,0.016762,0.0,0.0001,,,,,none
17381,36,-0.001657,0.004283,1.690824,0.004898,0.045926,0.435414,0.017004,0.0,0.0001,,,,,none
17381,36,0.053289,0.005219,1.690846,0.004898,0.041991,0.257197,0.010407,0.0,0.0001,,,,,none
17381,36,0.009893,0.004355,1.690845,0.004898,0.043228,0.295414,0.017541,0.0,0.0001,,,,,none
17381,36,0.024135,0.005009,1.690832,0.004898,0.049162,0.516802,0.010975,0.0,0.0001,,,,,none
18242,40,-0.023273,0.007518,1.690835,0.004886,0.053373,0.803674,0.108938,0.0,0.0001,,,,,none
18242,40,-0.021798,0.007382,1.690843,0.004886,0.052424,0.807545,0.102731,0.0,0.0001,,,,,none
18242,40,-0.019967,0.007249,1.690854,0.004886,0.051896,0.70883,0.095622,0.0,0.0001,,,,,none
18242,40,-0.019769,0.007127,1.690861,0.004886,0.052107,0.623149,0.087833,0.0,0.0001,,,,,none
19346,44,-0.016765,0.009409,1.690878,0.004874,0.063136,0.779501,0.076124,0.0,0.0001,,,,,none
19346,44,-0.01453,0.009264,1.690915,0.004874,0.063229,0.791151,0.067434,0.0,0.0001,,,,,none
19346,44,-0.012536,0.009154,1.690969,0.004874,0.063552,0.300453,0.058872,0.0,0.0001,,,,,none
19346,44,-0.013979,0.009056,1.691049,0.004874,0.064632,0.689208,0.048465,0.0,0.0001,,,,,none
21442,48,-0.008823,0.006061,1.691138,0.004862,0.053869,0.420806,0.009149,0.0,0.0001,,,,,none
21442,48,0.064152,0.001075,1.69122,0.004862,0.030125,0.119031,0.027674,0.0,0.0001,,,,,none
21442,48,-0.016906,0.006134,1.691321,0.004862,0.057793,0.193677,0.009119,0.0,0.0001,,,,,none
21442,48,0.277061,0.001339,1.691417,0.004862,0.039647,0.596783,0.085187,0.0,0.0001,,,,,none
21442,48,-0.010541,0.006262,1.691492,0.004862,0.062171,0.570009,0.022348,0.0,0.0001,,,,,none
21442,48,0.119812,0.000542,1.691565,0.004862,0.028328,0.091428,0.053153,0.0,0.0001,,,,,none
21442,48,-0.00528,0.006291,1.691637,0.004862,0.063647,0.394189,0.028881,0.0,0.0001,,,,,none
21442,48,0.033296,0.000776,1.691709,0.004862,0.031698,0.364679,0.042133,0.0,0.0001,,,,,none
24318,52,-0.041735,0.003894,1.691779,0.00485,0.053716,0.429437,0.053892,0.0,0.0001,,,,,none
24318,52,0.139333,0.005146,1.691838,0.00485,0.0647,0.223541,0.078977,0.0,0.0001,,,,,none
24318,52,0.062113,0.004059,1.69192,0.00485,0.053041,0.219678,0.05696,0.0,0.0001,,,,,none
24318,52,-0.107986,0.00397,1.691999,0.00485,0.050136,0.672104,0.010858,0.0,0.0001,,,,,none
24318,52,-0.019303,0.004672,1.692078,0.00485,0.052386,0.494158,0.013397,0.0,0.0001,,,,,none
24318,52,0.086637,0.001658,1.692156,0.00485,0.034912,0.037393,0.025111,0.0,0.0001,,,,,none
24318,52,0.034588,0.003915,1.692231,0.00485,0.046561,0.250219,0.003923,0.0,0.0001,,,,,none
24318,52,-0.034197,0.003297,1.692307,0.00485,0.044337,0.241298,0.030468,0.0,0.0001,,,,,none
28149,56,0.006335,0.004466,1.692392,0.004838,0.048567,0.107742,0.035088,0.0,0.0001,,,,,none
28149,56,0.008214,0.002915,1.692478,0.004838,0.043533,0.166319,0.023179,0.0,0.0001,,,,,none
28149,56,0.030649,0.003589,1.692553,0.004838,0.043568,0.142231,0.016749,0.0,0.0001,,,,,none
28149,56,-0.019496,0.003724,1.692616,0.004838,0.043839,0.126555,0.005305,0.0,0.0001,,,,,none
28149,56,0.057585,0.002513,1.692686,0.004838,0.039715,0.132934,0.003131,0.0,0.0001,,,,,none
28149,56,-0.049728,0.005032,1.692754,0.004838,0.048214,0.271003,0.028247,0.0,0.0001,,,,,none
28149,56,0.009029,0.002955,1.692814,0.004838,0.037988,0.065717,0.023114,0.0,0.0001,,,,,none
28149,56,0.00729,0.004631,1.69288,0.004838,0.051248,0.06281,0.027263,0.0,0.0001,,,,,none
33441,60,0.026331,0.001808,1.692943,0.004826,0.039524,0.136705,0.039964,0.0,0.0001,,,,,none
33441,60,-0.07585,0.001693,1.692989,0.004826,0.037802,0.099813,0.026303,0.0,0.0001,,,,,none
33441,60,0.084833,0.001871,1.693048,0.004826,0.036763,0.22741,0.038901,0.0,0.0001,,,,,none
33441,60,0.047946,0.001484,1.693094,0.004826,0.035691,0.137399,0.030431,0.0,0.0001,,,,,none
33441,60,-0.037328,0.001849,1.693148,0.004826,0.034251,0.145404,0.011668,0.0,0.0001,,,,,none
33441,60,-0.01667,0.001603,1.693199,0.004826,0.037771,0.257522,0.006425,0.0,0.0001,,,,,none
33441,60,-0.031046,0.00139,1.693225,0.004826,0.034444,0.107532,0.002538,0.0,0.0001,,,,,none
33441,60,-0.046852,0.002134,1.693252,0.004826,0.037031,0.168922,0.005504,0.0,0.0001,,,,,none
33441,60,0.132872,0.000953,1.693273,0.004826,0.031087,0.080419,0.006383,0.0,0.0001,,,,,none
33441,60,0.00536,0.001627,1.693275,0.004826,0.036505,0.221141,0.009416,0.0,0.0001,,,,,none
33441,60,-0.019911,0.001242,1.693273,0.004826,0.034699,0.337415,0.011239,0.0,0.0001,,,,,none
33441,60,0.03247,0.00194,1.693273,0.004826,0.035534,0.134577,0.009135,0.0,0.0001,,,,,none
38972,64,0.065471,0.001634,1.693271,0.004814,0.037345,0.362782,0.033682,0.0,0.0001,,,,,none
38972,64,-0.024598,0.001435,1.693282,0.004814,0.031974,0.185309,0.021893,0.0,0.0001,,,,,none
38972,64,-0.055,0.001247,1.693295,0.004814,0.029931,0.065913,0.01494,0.0,0.0001,,,,,none
38972,64,-0.106241,0.001873,1.693319,0.004814,0.03515,0.223118,0.00421,0.0,0.0001,,,,,none
38972,64,0.035787,0.001205,1.693363,0.004814,0.032522,0.282597,0.016666,0.0,0.0001,,,,,none
38972,64,0.100461,0.000944,1.693401,0.004814,0.028426,0.436973,0.018335,0.0,0.0001,,,,,none
38972,64,0.027985,0.001343,1.69343,0.004814,0.031744,0.12576,0.006296,0.0,0.0001,,,,,none
38972,64,-0.042871,0.00141,1.693465,0.004814,0.033788,0.1039,0.007201,0.0,0.0001,,,,,none
38972,64,0.027423,0.001204,1.693505,0.004814,0.031321,0.150604,0.002623,0.0,0.0001,,,,,none
38972,64,-0.020371,0.001242,1.693539,0.004814,0.032853,0.286983,0.010582,0.0,0.0001,,,,,none
38972,64,0.011102,0.001437,1.693565,0.004814,0.034129,0.142812,0.013942,0.0,0.0001,,,,,none
38972,64,0.019072,0.001262,1.69359,0.004814,0.031348,0.228772,0.012454,0.0,0.0001,,,,,none
40510,68,0.001411,0.00492,1.693629,0.004802,0.048491,0.257978,0.061737,0.0,0.0001,,,,,none
40510,68,0.001546,0.004916,1.69363,0.004802,0.048494,0.258823,0.060796,0.0,0.0001,,,,,none
40510,68,0.001898,0.004886,1.693598,0.004802,0.048253,0.256759,0.057768,0.0,0.0001,,,,,none
40510,68,0.002436,0.004835,1.693537,0.004802,0.047941,0.252109,0.053033,0.0,0.0001,,,,,none
43092,72,0.001588,0.005398,1.693451,0.00479,0.045392,0.153116,0.021606,0.0,0.0001,,,,,none
43092,72,0.054642,0.006088,1.693355,0.00479,0.038709,0.286996,0.007473,0.0,0.0001,,,,,none
43092,72,-0.001056,0.006378,1.69324,0.00479,0.049279,0.092015,0.013435,0.0,0.0001,,,,,none
43092,72,0.065767,0.002436,1.69311,0.00479,0.032555,0.423374,0.010238,0.0,0.0001,,,,,none
43092,72,0.037156,0.005243,1.692996,0.00479,0.045582,0.23752,0.008929,0.0,0.0001,,,,,none
43092,72,-0.074032,0.006516,1.692883,0.00479,0.052769,0.888424,0.023913,0.0,0.0001,,,,,none
43092,72,0.021449,0.0058,1.69277,0.00479,0.051086,0.419401,0.011474,0.0,0.0001,,,,,none
43092,72,-0.014713,0.004503,1.692665,0.00479,0.040445,0.413157,0.010323,0.0,0.0001,,,,,none
45582,76,0.020301,0.003093,1.69255,0.004778,0.038789,0.355827,0.006394,0.0,0.0001,,,,,none
45582,76,-0.007767,0.000848,1.692444,0.004778,0.028798,0.146545,0.003575,0.0,0.0001,,,,,none
45582,76,0.031622,0.002084,1.692368,0.004778,0.035023,0.18845,0.012096,0.0,0.0001,,,,,none
45582,76,-0.049918,0.005133,1.692305,0.004778,0.048663,0.4915,0.009971,0.0,0.0001,,,,,none
45582,76,-0.026269,0.002932,1.692226,0.004778,0.039695,0.390089,0.009327,0.0,0.0001,,,,,none
45582,76,0.194148,0.001624,1.692158,0.004778,0.031549,0.670547,0.043044,0.0,0.0001,,,,,none
45582,76,-0.01124,0.00275,1.692087,0.004778,0.037161,0.212521,0.008593,0.0,0.0001,,,,,none
45582,76,0.134354,0.002147,1.692022,0.004778,0.036928,0.192558,0.021999,0.0,0.0001,,,,,none
49786,80,-0.055534,0.002226,1.69196,0.004766,0.037517,0.142035,0.011292,0.0,0.0001,,,,,none
49786,80,0.085009,0.000749,1.691914,0.004766,0.02559,0.07106,0.022387,0.0,0.0001,,,,,none
49786,80,-0.204844,0.003866,1.691884,0.004766,0.043677,0.69373,0.039357,0.0,0.0001,,,,,none
49786,80,0.095208,0.000924,1.691826,0.004766,0.027917,0.368955,0.010118,0.0,0.0001,,,,,none
49786,80,-0.057867,0.001984,1.691785,0.004766,0.034027,0.472543,0.015774,0.0,0.0001,,,,,none
49786,80,-0.327718,0.004112,1.691752,0.004766,0.049536,1.219282,0.042732,0.0,0.0001,,,,,none
49786,80,0.003326,0.001073,1.6917,0.004766,0.029865,0.246153,0.006705,0.0,0.0001,,,,,none
49786,80,-0.000622,0.001874,1.691665,0.004766,0.032507,0.075792,0.005951,0.0,0.0001,,,,,none
49786,80,0.217531,0.003034,1.691635,0.004766,0.030423,0.747653,0.021775,0.0,0.0001,,,,,none
49786,80,-0.042106,0.001669,1.691594,0.004766,0.030793,0.149658,0.003042,0.0,0.0001,,,,,none
49786,80,0.044211,0.001368,1.691556,0.004766,0.030167,0.076786,0.008194,0.0,0.0001,,,,,none
49786,80,0.210011,0.000504,1.691531,0.004766,0.021492,0.282143,0.029102,0.0,0.0001,,,,,none
55437,84,-0.065261,0.001051,1.691526,0.004754,0.025755,0.055991,0.025541,0.0,0.0001,,,,,none
55437,84,0.062207,0.0014,1.691525,0.004754,0.026504,0.284532,0.032978,0.0,0.0001,,,,,none
55437,84,-0.038489,0.000779,1.691527,0.004754,0.025011,0.147211,0.021284,0.0,0.0001,,,,,none
55437,84,0.033274,0.00099,1.691531,0.004754,0.027032,0.173676,0.021256,0.0,0.0001,,,,,none
55437,84,-0.062309,0.001092,1.69154,0.004754,0.020101,0.20618,0.006534,0.0,0.0001,,,,,none
55437,84,-0.007747,0.000844,1.691557,0.004754,0.025682,0.356272,0.00507,0.0,0.0001,,,,,none
55437,84,0.077466,0.001117,1.691566,0.004754,0.027516,0.352977,0.00354,0.0,0.0001,,,,,none
55437,84,-0.035756,0.000848,1.69157,0.004754,0.027436,0.263946,0.015139,0.0,0.0001,,,,,none
55437,84,-0.096192,0.000948,1.691581,0.004754,0.029393,0.216071,0.028969,0.0,0.0001,,,,,none
55437,84,-0.035947,0.000649,1.691587,0.004754,0.029506,0.151315,0.029027,0.0,0.0001,,,,,none
55437,84,-0.021162,0.001165,1.691598,0.004754,0.033139,0.071335,0.030498,0.0,0.0001,,,,,none
55437,84,0.033726,0.001409,1.691601,0.004754,0.034497,0.270438,0.027987,0.0,0.0001,,,,,none
61145,88,0.099225,0.000832,1.691598,0.004742,0.026965,0.191158,0.016429,0.0,0.0001,,,,,none
61145,88,-0.070392,0.000827,1.691593,0.004742,0.023338,0.157311,0.006163,0.0,0.0001,,,,,none
61145,88,-0.047708,0.000698,1.691584,0.004742,0.022985,0.101696,0.00831,0.0,0.0001,,,,,none
61145,88,0.036556,0.000972,1.691584,0.004742,0.024138,0.278437,0.016109,0.0,0.0001,,,,,none
61145,88,-0.068505,0.000625,1.691584,0.004742,0.023828,0.087262,0.010933,0.0,0.0001,,,,,none
61145,88,0.031376,0.00076,1.691589,0.004742,0.024519,0.186541,0.018606,0.0,0.0001,,,,,none
61145,88,-0.116526,0.000744,1.691587,0.004742,0.025318,0.16543,0.008258,0.0,0.0001,,,,,none
61145,88,0.027484,0.000793,1.691578,0.004742,0.021647,0.13087,0.016685,0.0,0.0001,,,,,none
61145,88,0.104014,0.000733,1.691573,0.004742,0.024056,0.179117,0.020284,0.0,0.0001,,,,,none
61145,88,-0.023893,0.000625,1.691566,0.004742,0.020357,0.119523,0.008374,0.0,0.0001,,,,,none
61145,88,0.027129,0.000792,1.691568,0.004742,0.024813,0.09189,0.011196,0.0,0.0001,,,,,none
61145,88,-0.009651,0.000675,1.691553,0.004742,0.023965,0.210424,0.005507,0.0,0.0001,,,,,none
66862,92,0.044195,0.000962,1.691531,0.00473,0.026759,0.211773,0.012092,0.0,0.0001,,,,,none
66862,92,-0.132993,0.000498,1.69152,0.00473,0.022173,0.190212,0.006814,0.0,0.0001,,,,,none
66862,92,0.088563,0.001078,1.691502,0.00473,0.026503,0.1999,0.00656,0.0,0.0001,,,,,none
66862,92,0.013625,0.00082,1.691484,0.00473,0.027868,0.215934,0.004967,0.0,0.0001,,,,,none
66862,92,-0.027958,0.000907,1.691452,0.00473,0.026789,0.10497,0.013983,0.0,0.0001,,,,,none
66862,92,-0.003826,0.000666,1.691418,0.00473,0.025888,0.287404,0.016728,0.0,0.0001,,,,,none
66862,92,-0.115084,0.000766,1.691407,0.00473,0.028979,0.194077,0.024755,0.0,0.0001,,,,,none
66862,92,0.0059,0.000917,1.691408,0.00473,0.029093,0.212124,0.019466,0.0,0.0001,,,,,none
66862,92,0.116933,0.000722,1.691404,0.00473,0.025449,0.197718,0.009843,0.0,0.0001,,,,,none
66862,92,0.011812,0.000724,1.691389,0.00473,0.025731,0.405961,0.012352,0.0,0.0001,,,,,none
66862,92,0.008035,0.000833,1.691382,0.00473,0.025239,0.24581,0.006486,0.0,0.0001,,,,,none
66862,92,-0.043197,0.000666,1.691367,0.00473,0.023461,0.098831,0.00378,0.0,0.0001,,,,,none
70394,96,-0.084862,0.003733,1.691354,0.004718,0.035387,0.196812,0.023841,0.0,0.0001,,,,,none
70394,96,0.145652,0.001944,1.691347,0.004718,0.026799,0.133505,0.013535,0.0,0.0001,,,,,none
70394,96,0.029786,0.002649,1.691337,0.004718,0.031942,0.159769,0.003377,0.0,0.0001,,,,,none
70394,96,-0.009835,0.003308,1.691328,0.004718,0.029371,0.100315,0.003345,0.0,0.0001,,,,,none
70394,96,0.035141,0.002208,1.691323,0.004718,0.026414,0.109653,0.007178,0.0,0.0001,,,,,none
70394,96,-0.015501,0.003832,1.691315,0.004718,0.036373,0.133136,0.003217,0.0,0.0001,,,,,none
70394,96,0.048926,0.002283,1.691316,0.004718,0.028961,0.103096,0.010198,0.0,0.0001,,,,,none
70394,96,-0.034024,0.003684,1.691322,0.004718,0.032296,0.106663,0.005767,0.0,0.0001,,,,,none
74939,100,-0.010452,0.001843,1.691345,0.004706,0.025406,0.185252,0.002884,0.0,0.0001,,,,,none
74939,100,0.019321,0.000749,1.691377,0.004706,0.020815,0.101441,0.003553,0.0,0.0001,,,,,none
74939,100,0.142438,0.000242,1.691421,0.004706,0.014464,0.088264,0.012455,0.0,0.0001,,,,,none
74939,100,-0.008439,0.000986,1.691456,0.004706,0.019805,0.116529,0.001594,0.0,0.0001,,,,,none
74939,100,0.071658,0.001407,1.691499,0.004706,0.023213,0.17672,0.004274,0.0,0.0001,,,,,none
74939,100,-0.085643,0.000767,1.691545,0.004706,0.022172,0.136128,0.00669,0.0,0.0001,,,,,none
74939,100,0.015319,0.001186,1.691613,0.004706,0.021655,0.210726,0.002519,0.0,0.0001,,,,,none
74939,100,-0.019105,0.001201,1.691684,0.004706,0.020029,0.073128,0.002005,0.0,0.0001,,,,,none
74939,100,0.200046,0.000538,1.691754,0.004706,0.02249,0.166805,0.020004,0.0,0.0001,,,,,none
74939,100,0.00398,0.001108,1.691802,0.004706,0.020113,0.302637,0.005118,0.0,0.0001,,,,,none
74939,100,0.024814,0.001313,1.691853,0.004706,0.023348,0.099857,0.003716,0.0,0.0001,,,,,none
74939,100,0.063226,0.000194,1.691896,0.004706,0.012295,0.083733,0.009888,0.0,0.0001,,,,,none
79262,104,-0.061155,0.000976,1.691943,0.004694,0.02037,0.366807,0.004608,0.0,0.0001,,,,,none
79262,104,0.070157,0.001048,1.691996,0.004694,0.0239,0.135778,0.015587,0.0,0.0001,,,,,none
79262,104,-0.061783,0.000294,1.692048,0.004694,0.015607,0.549643,0.003517,0.0,0.0001,,,,,none
79262,104,-0.004994,0.001079,1.69212,0.004694,0.022855,0.190679,0.007043,0.0,0.0001,,,,,none
79262,104,0.007159,0.000797,1.692197,0.004694,0.020705,0.123648,0.009004,0.0,0.0001,,,,,none
79262,104,0.007482,0.001125,1.692272,0.004694,0.01519,0.133012,0.012152,0.0,0.0001,,,,,none
79262,104,-0.018802,0.001051,1.692342,0.004694,0.022272,0.38281,0.006972,0.0,0.0001,,,,,none
79262,104,0.041347,0.000827,1.692405,0.004694,0.020466,0.235009,0.014477,0.0,0.0001,,,,,none
79262,104,-0.155463,0.000786,1.692469,0.004694,0.012136,0.488802,0.001031,0.0,0.0001,,,,,none
79262,104,0.029067,0.000552,1.692529,0.004694,0.018912,0.306686,0.009844,0.0,0.0001,,,,,none
79262,104,-0.045278,0.001318,1.692587,0.004694,0.023396,0.289815,0.005132,0.0,0.0001,,,,,none
79262,104,0.162798,0.000312,1.692649,0.004694,0.018383,0.430757,0.004724,0.0,0.0001,,,,,none
84964,108,-0.07264,0.000502,1.692712,0.004682,0.016651,0.231177,0.001272,0.0,0.0001,,,,,none
84964,108,0.118602,0.000564,1.692757,0.004682,0.019794,0.247234,0.00612,0.0,0.0001,,,,,none
84964,108,-0.075876,0.000368,1.692764,0.004682,0.019361,0.161638,0.007813,0.0,0.0001,,,,,none
84964,108,0.039516,0.000522,1.692753,0.004682,0.019538,0.084549,0.003816,0.0,0.0001,,,,,none
84964,108,-0.018817,0.000501,1.69272,0.004682,0.01925,0.291474,0.007091,0.0,0.0001,,,,,none
84964,108,-0.044825,0.000398,1.69266,0.004682,0.019554,0.502346,0.007666,0.0,0.0001,,,,,none
84964,108,0.020591,0.000481,1.69259,0.004682,0.018571,0.211098,0.001203,0.0,0.0001,,,,,none
84964,108,0.060554,0.000572,1.692508,0.004682,0.018751,0.20955,0.01024,0.0,0.0001,,,,,none
84964,108,-0.118174,0.000306,1.692401,0.004682,0.015503,0.067169,0.00424,0.0,0.0001,,,,,none
84964,108,-0.099039,0.000391,1.692293,0.004682,0.015814,0.186761,0.009942,0.0,0.0001,,,,,none
84964,108,0.057749,0.00048,1.692174,0.004682,0.018803,0.072115,0.02293,0.0,0.0001,,,,,none
84964,108,0.036159,0.000681,1.692055,0.004682,0.019647,0.168127,0.022736,0.0,0.0001,,,,,none
88555,112,0.048618,0.002394,1.691925,0.00467,0.024418,0.143558,0.009614,0.0,0.0001,,,,,none
88555,112,-0.001757,0.00292,1.691805,0.00467,0.024523,0.121412,0.016116,0.0,0.0001,,,,,none
88555,112,-0.041204,0.003318,1.691699,0.00467,0.027143,0.123729,0.019964,0.0,0.0001,,,,,none
88555,112,0.113949,0.001706,1.6916,0.00467,0.020635,0.154342,0.003162,0.0,0.0001,,,,,none
88555,112,-0.029661,0.003692,1.691512,0.00467,0.029137,0.095565,0.015428,0.0,0.0001,,,,,none
88555,112,0.101196,0.001176,1.691436,0.00467,0.017739,0.168235,0.004097,0.0,0.0001,,,,,none
88555,112,-0.041233,0.003199,1.691361,0.00467,0.025751,0.384484,0.014427,0.0,0.0001,,,,,none
88555,112,0.115256,0.001773,1.691292,0.00467,0.022064,0.14696,0.008185,0.0,0.0001,,,,,none
90437,116,0.011093,0.003823,1.691234,0.004658,0.034605,0.291671,0.041396,0.0,0.0001,,,,,none
90437,116,0.011605,0.00381,1.691175,0.004658,0.034498,0.284532,0.038812,0.0,0.0001,,,,,none
90437,116,0.012127,0.003794,1.691116,0.004658,0.034733,0.156123,0.034431,0.0,0.0001,,,,,none
90437,116,0.011528,0.00377,1.691059,0.004658,0.035475,0.449946,0.028348,0.0,0.0001,,,,,none
96203,120,-0.064821,0.000522,1.691007,0.004646,0.0163,0.276149,0.016883,0.0,0.0001,,,,,none
96203,120,0.14039,0.000974,1.690943,0.004646,0.022216,0.083224,0.033464,0.0,0.0001,,,,,none
96203,120,-0.12293,0.000307,1.690872,0.004646,0.01487,0.22533,0.020111,0.0,0.0001,,,,,none
96203,120,-0.02377,0.00048,1.690801,0.004646,0.017274,0.134476,0.024517,0.0,0.0001,,,,,none
96203,120,0.040069,0.000758,1.690725,0.004646,0.020453,0.271137,0.025166,0.0,0.0001,,,,,none
96203,120,-0.053865,0.000624,1.690639,0.004646,0.016846,0.247446,0.017366,0.0,0.0001,,,,,none
96203,120,-0.002537,0.000558,1.690544,0.004646,0.018594,0.276472,0.012019,0.0,0.0001,,,,,none
96203,120,0.003382,0.00048,1.690443,0.004646,0.018544,0.28893,0.008656,0.0,0.0001,,,,,none
96203,120,-0.034557,0.000707,1.690333,0.004646,0.018341,0.08539,0.00251,0.0,0.0001,,,,,none
96203,120,0.042672,0.000726,1.690222,0.004646,0.021369,0.240105,0.004418,0.0,0.0001,,,,,none
96203,120,-0.013334,0.000439,1.690098,0.004646,0.019217,0.104496,0.002089,0.0,0.0001,,,,,none
96203,120,-0.068393,0.000524,1.689976,0.004646,0.018396,0.380366,0.008106,0.0,0.0001,,,,,none
101953,124,-0.038433,0.000456,1.689859,0.004634,0.017462,0.112664,0.010478,0.0,0.0001,,,,,none
101953,124,-0.024931,0.000414,1.689774,0.004634,0.018632,0.096914,0.009864,0.0,0.0001,,,,,none
101953,124,0.056541,0.000491,1.689703,0.004634,0.018589,0.044969,0.012142,0.0,0.0001,,,,,none
101953,124,-0.007675,0.000511,1.68965,0.004634,0.018264,0.189056,0.006633,0.0,0.0001,,,,,none
101953,124,0.029922,0.000367,1.689622,0.004634,0.019166,0.083101,0.006006,0.0,0.0001,,,,,none
101953,124,-0.048599,0.000437,1.689611,0.004634,0.018877,0.100827,0.000903,0.0,0.0001,,,,,none
101953,124,-0.024737,0.000459,1.689604,0.004634,0.019573,0.144154,0.001911,0.0,0.0001,,,,,none
101953,124,0.015814,0.000437,1.689614,0.004634,0.020717,0.071068,0.002549,0.0,0.0001,,,,,none
101953,124,-0.009509,0.000381,1.689629,0.004634,0.017894,0.318702,0.005308,0.0,0.0001,,,,,none
101953,124,0.048788,0.000501,1.689654,0.004634,0.020382,0.173522,0.005086,0.0,0.0001,,,,,none
101953,124,0.01023,0.000385,1.689694,0.004634,0.02071,0.130233,0.010088,0.0,0.0001,,,,,none
101953,124,-0.092557,0.000438,1.689737,0.004634,0.021235,0.260467,0.016358,0.0,0.0001,,,,,none
106287,128,-0.037285,0.000942,1.689793,0.004622,0.020047,0.179508,0.006817,0.0,0.0001,,,,,none
106287,128,0.05539,0.00098,1.689852,0.004622,0.020844,0.042628,0.003989,0.0,0.0001,,,,,none
106287,128,0.214879,0.00031,1.689916,0.004622,0.019181,0.091354,0.019541,0.0,0.0001,,,,,none
106287,128,0.050283,0.000793,1.689979,0.004622,0.018133,0.129279,0.005525,0.0,0.0001,,,,,none
106287,128,0.026863,0.000979,1.690045,0.004622,0.020774,0.054058,0.002906,0.0,0.0001,,,,,none
106287,128,-0.218793,0.001254,1.690118,0.004622,0.024166,0.534411,0.020522,0.0,0.0001,,,,,none
106287,128,0.023689,0.001101,1.690173,0.004622,0.020839,0.128566,0.004828,0.0,0.0001,,,,,none
106287,128,0.033169,0.000704,1.690235,0.004622,0.018033,0.197878,0.007616,0.0,0.0001,,,,,none
106287,128,-0.072174,0.000768,1.690287,0.004622,0.014379,0.537967,0.003366,0.0,0.0001,,,,,none
106287,128,0.051849,0.001226,1.690359,0.004622,0.022047,0.170585,0.008379,0.0,0.0001,,,,,none
106287,128,0.013361,0.00064,1.69043,0.004622,0.016404,0.147889,0.006343,0.0,0.0001,,,,,none
106287,128,-0.123709,0.000164,1.690501,0.004622,0.013761,0.190001,0.004803,0.0,0.0001,,,,,none
112026,132,-0.077898,0.000508,1.690573,0.00461,0.017846,0.192149,0.002062,0.0,0.0001,,,,,none
112026,132,0.079364,0.000369,1.690648,0.00461,0.018787,0.235202,0.008609,0.0,0.0001,,,,,none
112026,132,-0.031257,0.000538,1.690717,0.00461,0.017722,0.12452,0.000571,0.0,0.0001,,,,,none
112026,132,-0.015238,0.000501,1.690772,0.00461,0.019051,0.332914,0.001319,0.0,0.0001,,,,,none
112026,132,-0.007544,0.000309,1.690832,0.00461,0.018219,0.307553,0.001657,0.0,0.0001,,,,,none
112026,132,0.001747,0.000644,1.69088,0.00461,0.018927,0.269424,0.001094,0.0,0.0001,,,,,none
112026,132,-0.018814,0.00036,1.690916,0.00461,0.018125,0.245088,0.001235,0.0,0.0001,,,,,none
112026,132,-0.093329,0.000446,1.690944,0.00461,0.017859,0.272653,0.001927,0.0,0.0001,,,,,none
112026,132,0.114891,0.000645,1.690963,0.00461,0.01922,0.072071,0.012467,0.0,0.0001,,,,,none
112026,132,0.080284,0.000616,1.690973,0.00461,0.019845,0.210119,0.012788,0.0,0.0001,,,,,none
112026,132,0.021106,0.000396,1.690982,0.00461,0.018562,0.452697,0.010329,0.0,0.0001,,,,,none
112026,132,-0.147245,0.000424,1.69098,0.00461,0.014629,0.309618,0.001438,0.0,0.0001,,,,,none
114486,136,0.00178,0.006675,1.690979,0.004598,0.041803,0.435293,0.049261,0.0,0.0001,,,,,none
114486,136,0.037852,0.004354,1.690958,0.004598,0.036523,0.279937,0.035079,0.0,0.0001,,,,,none
114486,136,0.061795,0.004644,1.690954,0.004598,0.035937,0.181427,0.023788,0.0,0.0001,,,,,none
114486,136,-0.252238,0.013734,1.690945,0.004598,0.065235,1.394619,0.095759,0.0,0.0001,,,,,none
114486,136,0.017441,0.005505,1.690916,0.004598,0.040851,0.108511,0.020905,0.0,0.0001,,,,,none
114486,136,-0.024182,0.00902,1.690884,0.004598,0.055415,0.794628,0.019229,0.0,0.0001,,,,,none
114486,136,0.066646,0.00477,1.690856,0.004598,0.040615,0.458215,0.009291,0.0,0.0001,,,,,none
114486,136,-0.257623,0.012222,1.690823,0.004598,0.080271,0.734879,0.079016,0.0,0.0001,,,,,none
120241,140,0.056601,0.000728,1.690787,0.004586,0.021408,0.167926,0.027906,0.0,0.0001,,,,,none
120241,140,-0.033707,0.000495,1.690772,0.004586,0.019899,0.066595,0.027511,0.0,0.0001,,,,,none
120241,140,-0.065356,0.000602,1.690766,0.004586,0.020891,0.179515,0.026534,0.0,0.0001,,,,,none
120241,140,0.05472,0.000709,1.690771,0.004586,0.022892,0.140281,0.030934,0.0,0.0001,,,,,none
120241,140,-0.011984,0.000612,1.690795,0.004586,0.021136,0.384499,0.024443,0.0,0.0001,,,,,none
120241,140,-0.090311,0.000471,1.690823,0.004586,0.01963,0.277297,0.012911,0.0,0.0001,,,,,none
120241,140,-0.058412,0.000487,1.690851,0.004586,0.020158,0.17136,0.010082,0.0,0.0001,,,,,none
120241,140,0.080984,0.000598,1.690888,0.004586,0.020295,0.27525,0.013887,0.0,0.0001,,,,,none
120241,140,-0.064289,0.000521,1.690923,0.004586,0.019244,0.256116,0.00129,0.0,0.0001,,,,,none
120241,140,0.044938,0.000456,1.69096,0.004586,0.020039,0.38467,0.007309,0.0,0.0001,,,,,none
120241,140,-0.008452,0.000582,1.690998,0.004586,0.020049,0.093418,0.002469,0.0,0.0001,,,,,none
120241,140,-0.080816,0.000521,1.691035,0.004586,0.019412,0.098849,0.004192,0.0,0.0001,,,,,none
124227,144,-3.1e-05,0.002493,1.691082,0.004574,0.026554,0.104435,0.007581,0.0,0.0001,,,,,none
124227,144,0.052334,0.002607,1.691128,0.004574,0.028832,0.160748,0.001485,0.0,0.0001,,,,,none
124227,144,0.084764,0.002119,1.691187,0.004574,0.024439,0.146515,0.006673,0.0,0.0001,,,,,none
124227,144,-0.033481,0.002973,1.691251,0.004574,0.032104,0.068614,0.005818,0.0,0.0001,,,,,none
124227,144,0.061126,0.00147,1.691316,0.004574,0.02426,0.159632,0.013691,0.0,0.0001,,,,,none
124227,144,-0.010639,0.003663,1.691384,0.004574,0.033488,0.394477,0.004788,0.0,0.0001,,,,,none
124227,144,0.075652,0.001054,1.691449,0.004574,0.02314,0.352966,0.013897,0.0,0.0001,,,,,none
124227,144,-0.02544,0.004084,1.691504,0.004574,0.033882,0.135256,0.00639,0.0,0.0001,,,,,none
127099,148,0.135038,0.002054,1.691569,0.004562,0.024495,0.185138,0.005915,0.0,0.0001,,,,,none
127099,148,-0.267597,0.010238,1.691634,0.004562,0.060333,0.217849,0.085815,0.0,0.0001,,,,,none
127099,148,-0.039851,0.005128,1.691718,0.004562,0.039818,0.157431,0.038803,0.0,0.0001,,,,,none
127099,148,0.151452,0.002775,1.691809,0.004562,0.024323,0.182555,0.010204,0.0,0.0001,,,,,none
127099,148,-0.029064,0.005169,1.69189,0.004562,0.039735,0.216369,0.024762,0.0,0.0001,,,,,none
127099,148,0.12465,0.002559,1.691977,0.004562,0.030612,0.199154,0.014849,0.0,0.0001,,,,,none
127099,148,0.007415,0.003749,1.692056,0.004562,0.038495,0.232071,0.006535,0.0,0.0001,,,,,none
127099,148,0.043724,0.005886,1.692137,0.004562,0.04368,0.109039,0.00865,0.0,0.0001,,,,,none
130431,152,0.006058,0.004574,1.692226,0.00455,0.034942,0.282206,0.015974,0.0,0.0001,,,,,none
130431,152,0.041631,0.003694,1.69233,0.00455,0.030929,0.34024,0.006751,0.0,0.0001,,,,,none
130431,152,0.02574,0.004641,1.692434,0.00455,0.034748,0.123691,0.005041,0.0,0.0001,,,,,none
130431,152,0.012091,0.003548,1.692547,0.00455,0.035135,0.491967,0.00953,0.0,0.0001,,,,,none
130431,152,0.057655,0.003608,1.692675,0.00455,0.034453,0.09007,0.009166,0.0,0.0001,,,,,none
130431,152,-0.037712,0.005163,1.692805,0.00455,0.03884,0.210421,0.01276,0.0,0.0001,,,,,none
130431,152,0.023698,0.003928,1.692942,0.00455,0.034228,0.317382,0.004768,0.0,0.0001,,,,,none
130431,152,0.016463,0.00461,1.693079,0.00455,0.041904,0.304741,0.007647,0.0,0.0001,,,,,none
135466,156,0.044812,0.00436,1.693219,0.004538,0.036382,0.112784,0.006658,0.0,0.0001,,,,,none
135466,156,0.050094,0.002043,1.693349,0.004538,0.030459,0.051729,0.004892,0.0,0.0001,,,,,none
135466,156,-0.068225,0.006256,1.693468,0.004538,0.038308,0.218804,0.020787,0.0,0.0001,,,,,none
135466,156,0.018395,0.004787,1.693565,0.004538,0.039763,0.117333,0.005359,0.0,0.0001,,,,,none
135466,156,0.003277,0.0042,1.693661,0.004538,0.039019,0.049858,0.0069,0.0,0.0001,,,,,none
135466,156,0.086738,0.000627,1.693751,0.004538,0.025066,0.12944,0.024871,0.0,0.0001,,,,,none
135466,156,0.094621,0.002655,1.693826,0.004538,0.032923,0.0972,0.027247,0.0,0.0001,,,,,none
135466,156,0.047107,0.002505,1.693897,0.004538,0.034683,0.160936,0.022396,0.0,0.0001,,,,,none
135466,156,-0.16585,0.008118,1.693958,0.004538,0.054591,0.310314,0.021959,0.0,0.0001,,,,,none
135466,156,0.027286,0.002371,1.694014,0.004538,0.036095,0.06772,0.019412,0.0,0.0001,,,,,none
135466,156,0.000492,0.0046,1.69407,0.004538,0.034981,0.195624,0.007214,0.0,0.0001,,,,,none
135466,156,0.073785,0.003565,1.69411,0.004538,0.036444,0.075454,0.017428,0.0,0.0001,,,,,none
140364,160,0.116588,0.002791,1.69415,0.004526,0.02839,0.115465,0.020127,0.0,0.0001,,,,,none
140364,160,-0.06881,0.007115,1.694183,0.004526,0.050498,0.266162,0.018632,0.0,0.0001,,,,,none
140364,160,-0.003723,0.002666,1.694202,0.004526,0.025513,0.082149,0.005598,0.0,0.0001,,,,,none
140364,160,-0.019034,0.005554,1.69423,0.004526,0.041758,0.103435,0.006155,0.0,0.0001,,,,,none
140364,160,0.015749,0.004015,1.694256,0.004526,0.034538,0.057643,0.002194,0.0,0.0001,,,,,none
140364,160,0.127394,0.00242,1.694275,0.004526,0.032795,0.160312,0.026896,0.0,0.0001,,,,,none
140364,160,-0.021662,0.005462,1.694283,0.004526,0.044227,0.185264,0.002197,0.0,0.0001,,,,,none
140364,160,0.037221,0.003106,1.694295,0.004526,0.033075,0.2023,0.011169,0.0,0.0001,,,,,none
140364,160,0.083001,0.00417,1.694301,0.004526,0.038946,0.066359,0.026875,0.0,0.0001,,,,,none
140364,160,0.015342,0.004401,1.694303,0.004526,0.039327,0.0665,0.008795,0.0,0.0001,,,,,none
140364,160,0.069869,0.00343,1.694311,0.004526,0.037458,0.163292,0.018669,0.0,0.0001,,,,,none
140364,160,-0.089187,0.005593,1.694313,0.004526,0.041865,0.186481,0.009209,0.0,0.0001,,,,,none
143497,164,-0.018827,0.00591,1.694313,0.004514,0.039079,0.238966,0.028149,0.0,0.0001,,,,,none
143497,164,0.064214,0.004578,1.694309,0.004514,0.031219,0.100435,0.006731,0.0,0.0001,,,,,none
143497,164,-0.006978,0.005693,1.694302,0.004514,0.040057,0.244902,0.024682,0.0,0.0001,,,,,none
143497,164,0.0435,0.004705,1.694289,0.004514,0.029392,0.059348,0.008499,0.0,0.0001,,,,,none
143497,164,0.02682,0.004414,1.694278,0.004514,0.033941,0.12586,0.008283,0.0,0.0001,,,,,none
143497,164,-0.018857,0.006782,1.69427,0.004514,0.045729,0.205663,0.021428,0.0,0.0001,,,,,none
143497,164,0.018199,0.004837,1.694242,0.004514,0.037126,0.202862,0.00351,0.0,0.0001,,,,,none
143497,164,-0.002078,0.005604,1.694213,0.004514,0.048295,0.474544,0.005671,0.0,0.0001,,,,,none
148275,168,0.071219,0.002463,1.694178,0.004502,0.030679,0.071578,0.014405,0.0,0.0001,,,,,none
148275,168,-0.00538,0.004399,1.694144,0.004502,0.037939,0.105949,0.005828,0.0,0.0001,,,,,none
148275,168,-0.035787,0.00614,1.694107,0.004502,0.038213,0.160062,0.003093,0.0,0.0001,,,,,none
148275,168,0.020972,0.004519,1.694059,0.004502,0.040732,0.076135,0.016119,0.0,0.0001,,,,,none
148275,168,-0.009762,0.004278,1.694007,0.004502,0.037988,0.206232,0.013089,0.0,0.0001,,,,,none
148275,168,0.120187,0.00074,1.693954,0.004502,0.028149,0.175754,0.036124,0.0,0.0001,,,,,none
148275,168,0.056842,0.003816,1.693898,0.004502,0.03792,0.266302,0.019649,0.0,0.0001,,,,,none
148275,168,-0.035525,0.004769,1.693844,0.004502,0.038409,0.107635,0.001946,0.0,0.0001,,,,,none
148275,168,0.093671,0.00086,1.693781,0.004502,0.018862,0.043378,0.017022,0.0,0.0001,,,,,none
148275,168,0.120739,0.002049,1.69373,0.004502,0.02751,0.054065,0.014272,0.0,0.0001,,,,,none
148275,168,-0.055087,0.00571,1.693688,0.004502,0.038443,0.138128,0.019208,0.0,0.0001,,,,,none
148275,168,-0.032302,0.002879,1.69364,0.004502,0.029767,0.10091,0.016103,0.0,0.0001,,,,,none
152350,172,-0.082523,0.003567,1.693574,0.00449,0.034552,0.165455,0.00599,0.0,0.0001,,,,,none
152350,172,0.135027,0.002548,1.693522,0.00449,0.034246,0.219183,0.023831,0.0,0.0001,,,,,none
152350,172,-0.13111,1.7e-05,1.693465,0.00449,0.005793,0.096442,0.011343,0.0,0.0001,,,,,none
152350,172,-0.047827,0.004369,1.693405,0.00449,0.037824,0.351382,0.015478,0.0,0.0001,,,,,none
152350,172,0.093667,0.001728,1.693348,0.00449,0.02884,0.175967,0.013829,0.0,0.0001,,,,,none
152350,172,0.409104,0.00056,1.693297,0.00449,0.033375,0.368118,0.053036,0.0,0.0001,,,,,none
152350,172,0.030227,0.002895,1.693301,0.00449,0.034866,0.34878,0.010566,0.0,0.0001,,,,,none
152350,172,0.021027,0.003141,1.693318,0.00449,0.030976,0.212732,0.014168,0.0,0.0001,,,,,none
152350,172,-0.105628,9.5e-05,1.693331,0.00449,0.012347,0.154085,0.023028,0.0,0.0001,,,,,none
152350,172,0.041001,0.003516,1.69334,0.00449,0.032925,0.187578,0.012912,0.0,0.0001,,,,,none
152350,172,0.010997,0.002439,1.693351,0.00449,0.031827,0.077632,0.019352,0.0,0.0001,,,,,none
152350,172,0.005328,5.3e-05,1.693369,0.00449,0.008165,0.172985,0.004088,0.0,0.0001,,,,,none
157417,176,0.009563,0.002478,1.693402,0.004478,0.036067,0.222092,0.030955,0.0,0.0001,,,,,none
157417,176,0.012415,0.001975,1.693439,0.004478,0.031152,0.152639,0.028644,0.0,0.0001,,,,,none
157417,176,0.024302,0.003982,1.693479,0.004478,0.037979,0.173885,0.021709,0.0,0.0001,,,,,none
157417,176,-0.071461,0.003124,1.693522,0.004478,0.034427,0.205322,0.007078,0.0,0.0001,,,,,none
157417,176,0.053298,0.001661,1.693558,0.004478,0.029259,0.524819,0.018057,0.0,0.0001,,,,,none
157417,176,0.110069,0.002352,1.693592,0.004478,0.030976,0.304075,0.017848,0.0,0.0001,,,,,none
157417,176,-0.009468,0.003724,1.693629,0.004478,0.041816,0.156168,0.008323,0.0,0.0001,,,,,none
157417,176,0.063356,0.000847,1.693659,0.004478,0.025072,0.081631,0.003469,0.0,0.0001,,,,,none
157417,176,-0.03731,0.002516,1.693688,0.004478,0.027394,0.128226,0.025714,0.0,0.0001,,,,,none
157417,176,0.011945,0.002788,1.693713,0.004478,0.035671,0.19036,0.026422,0.0,0.0001,,,,,none
157417,176,-0.007631,0.001146,1.693739,0.004478,0.029607,0.156092,0.024461,0.0,0.0001,,,,,none
157417,176,0.063119,0.004018,1.693774,0.004478,0.039869,0.221695,0.027794,0.0,0.0001,,,,,none
162096,180,0.025552,0.004351,1.693803,0.004466,0.034523,0.119521,0.0218,0.0,0.0001,,,,,none
162096,180,0.001829,0.006118,1.69384,0.004466,0.038662,0.191016,0.024237,0.0,0.0001,,,,,none
162096,180,0.05347,0.003163,1.693862,0.004466,0.028896,0.069986,0.007203,0.0,0.0001,,,,,none
162096,180,0.072453,0.004448,1.693892,0.004466,0.033224,0.030633,0.003923,0.0,0.0001,,,,,none
162096,180,-0.006763,0.004832,1.693917,0.004466,0.032966,0.28731,0.013223,0.0,0.0001,,,,,none
162096,180,-0.068955,0.007018,1.693937,0.004466,0.050183,0.548786,0.025351,0.0,0.0001,,,,,none
162096,180,0.020431,0.00475,1.693956,0.004466,0.035656,0.069105,0.00448,0.0,0.0001,,,,,none
162096,180,0.005202,0.005363,1.693972,0.004466,0.041943,0.050468,0.003776,0.0,0.0001,,,,,none
162096,180,0.064637,0.004252,1.69398,0.004466,0.033632,0.132185,0.012141,0.0,0.0001,,,,,none
162096,180,0.014748,0.004801,1.693995,0.004466,0.039999,0.163148,0.008253,0.0,0.0001,,,,,none
162096,180,0.04138,0.00505,1.694013,0.004466,0.041237,0.162258,0.01524,0.0,0.0001,,,,,none
162096,180,-0.037616,0.005035,1.694028,0.004466,0.041904,0.090999,0.004602,0.0,0.0001,,,,,none
166998,184,0.003283,0.001362,1.694038,0.004454,0.020689,0.20893,0.001278,0.0,0.0001,,,,,none
166998,184,0.042268,0.002508,1.694068,0.004454,0.030274,0.103517,0.004496,0.0,0.0001,,,,,none
166998,184,-0.005444,0.00189,1.69412,0.004454,0.031434,0.130085,0.002945,0.0,0.0001,,,,,none
166998,184,0.023667,0.001251,1.694187,0.004454,0.023849,0.048875,0.004556,0.0,0.0001,,,,,none
166998,184,0.011055,0.001733,1.694261,0.004454,0.026291,0.090329,0.002912,0.0,0.0001,,,,,none
166998,184,0.022435,0.003983,1.694349,0.004454,0.033326,0.287747,0.002285,0.0,0.0001,,,,,none
166998,184,0.05028,0.001325,1.694464,0.004454,0.025793,0.114322,0.007142,0.0,0.0001,,,,,none
166998,184,0.00889,0.002739,1.694584,0.004454,0.029834,0.288443,0.002318,0.0,0.0001,,,,,none
166998,184,-0.037021,0.001276,1.694712,0.004454,0.018815,0.252019,0.007105,0.0,0.0001,,,,,none
166998,184,0.096719,0.001308,1.694832,0.004454,0.023252,0.106353,0.00886,0.0,0.0001,,,,,none
166998,184,-0.043669,0.002014,1.694955,0.004454,0.028087,0.089733,0.009928,0.0,0.0001,,,,,none
166998,184,-0.019784,0.00296,1.695078,0.004454,0.029636,0.172766,0.010079,0.0,0.0001,,,,,none
171902,188,0.090469,0.001763,1.695202,0.004442,0.027561,0.365232,0.016954,0.0,0.0001,,,,,none
171902,188,-0.043536,0.004094,1.695334,0.004442,0.030984,0.252626,0.009428,0.0,0.0001,,,,,none
171902,188,0.011897,0.002845,1.695466,0.004442,0.034979,0.195342,0.003342,0.0,0.0001,,,,,none
171902,188,0.021478,0.002204,1.695598,0.004442,0.025038,0.114801,0.00597,0.0,0.0001,,,,,none
171902,188,-0.00775,0.004036,1.695732,0.004442,0.034141,0.317383,0.003246,0.0,0.0001,,,,,none
171902,188,0.100731,0.001884,1.69586,0.004442,0.030084,0.608365,0.015881,0.0,0.0001,,,,,none
171902,188,0.049078,0.002036,1.695978,0.004442,0.025461,0.288519,0.007257,0.0,0.0001,,,,,none
171902,188,0.028534,0.003336,1.696089,0.004442,0.031789,0.222066,0.001795,0.0,0.0001,,,,,none
171902,188,-0.053405,0.003948,1.6962,0.004442,0.032531,0.188136,0.015497,0.0,0.0001,,,,,none
171902,188,0.02865,0.003669,1.696319,0.004442,0.032317,0.297959,0.003724,0.0,0.0001,,,,,none
171902,188,0.049416,0.002714,1.69644,0.004442,0.028329,0.297653,0.00299,0.0,0.0001,,,,,none
171902,188,-0.055168,0.001388,1.696566,0.004442,0.023454,0.155762,0.008507,0.0,0.0001,,,,,none
175836,192,0.016572,0.003453,1.69669,0.00443,0.032041,0.242591,0.00338,0.0,0.0001,,,,,none
175836,192,0.044341,0.00389,1.696815,0.00443,0.032204,0.39302,0.004698,0.0,0.0001,,,,,none
175836,192,0.020056,0.004787,1.696933,0.00443,0.033586,0.08102,0.002417,0.0,0.0001,,,,,none
175836,192,0.042533,0.002533,1.697051,0.00443,0.031297,0.284617,0.011208,0.0,0.0001,,,,,none
175836,192,0.022295,0.003776,1.697153,0.00443,0.034209,0.501607,0.005928,0.0,0.0001,,,,,none
175836,192,0.038896,0.00362,1.697253,0.00443,0.030884,0.22869,0.007426,0.0,0.0001,,,,,none
175836,192,0.070117,0.002932,1.697343,0.00443,0.02786,0.216037,0.010535,0.0,0.0001,,,,,none
175836,192,-0.009327,0.004431,1.697423,0.00443,0.036237,0.131934,0.007138,0.0,0.0001,,,,,none
181086,196,0.094825,0.000894,1.697508,0.004418,0.022607,0.233963,0.009282,0.0,0.0001,,,,,none
181086,196,-0.124257,0.001715,1.697582,0.004418,0.031622,0.212286,0.017685,0.0,0.0001,,,,,none
181086,196,0.057753,0.001346,1.697633,0.004418,0.024747,0.113788,0.003288,0.0,0.0001,,,,,none
181086,196,0.038667,0.001113,1.697679,0.004418,0.025471,0.249594,0.00522,0.0,0.0001,,,,,none
181086,196,-0.029229,0.001103,1.697708,0.004418,0.024771,0.052529,0.010805,0.0,0.0001,,,,,none
181086,196,-0.00801,0.001944,1.697726,0.004418,0.030115,0.425018,0.011812,0.0,0.0001,,,,,none
181086,196,0.041786,0.001425,1.697748,0.004418,0.026323,0.086885,0.006166,0.0,0.0001,,,,,none
181086,196,0.042058,0.000886,1.697766,0.004418,0.023003,0.293537,0.002544,0.0,0.0001,,,,,none
181086,196,-0.13187,0.001601,1.69777,0.004418,0.027002,0.487054,0.017386,0.0,0.0001,,,,,none
181086,196,0.025845,0.001328,1.697784,0.004418,0.023907,0.423664,0.002333,0.0,0.0001,,,,,none
181086,196,0.000977,0.001056,1.697792,0.004418,0.024013,0.166784,0.003475,0.0,0.0001,,,,,none
181086,196,-0.033568,0.001377,1.69779,0.004418,0.027038,0.168912,0.003301,0.0,0.0001,,,,,none
185832,200,0.034429,0.001684,1.697779,0.004406,0.027379,0.193475,0.012078,0.0,0.0001,,,,,none
185832,200,-0.013759,0.001137,1.697776,0.004406,0.024986,0.162921,0.012654,0.0,0.0001,,,,,none
185832,200,-0.041057,0.001868,1.697765,0.004406,0.028864,0.241098,0.012557,0.0,0.0001,,,,,none
185832,200,-0.049028,0.00169,1.697745,0.004406,0.026555,0.324794,0.00801,0.0,0.0001,,,,,none
185832,200,-0.018704,0.001407,1.697735,0.004406,0.028556,0.084661,0.003535,0.0,0.0001,,,,,none
185832,200,0.2346,0.000674,1.69772,0.004406,0.023582,0.19096,0.029358,0.0,0.0001,,,,,none
185832,200,0.017342,0.001589,1.697687,0.004406,0.028763,0.231921,0.007174,0.0,0.0001,,,,,none
185832,200,-0.011443,0.001121,1.697663,0.004406,0.025694,0.095917,0.008348,0.0,0.0001,,,,,none
185832,200,0.016922,0.001583,1.697643,0.004406,0.023275,0.14042,0.006338,0.0,0.0001,,,,,none
185832,200,-0.053291,0.000824,1.697627,0.004406,0.021576,0.385076,0.002242,0.0,0.0001,,,,,none
185832,200,-0.043919,0.001999,1.697619,0.004406,0.027971,0.312803,0.003997,0.0,0.0001,,,,,none
185832,200,0.333872,0.001013,1.697628,0.004406,0.029167,0.324296,0.046954,0.0,0.0001,,,,,none
190887,204,-0.000388,0.001637,1.697606,0.004394,0.025886,0.124899,0.018592,0.0,0.0001,,,,,none
190887,204,-0.011276,0.001901,1.697587,0.004394,0.022516,0.219973,0.011684,0.0,0.0001,,,,,none
190887,204,0.093327,0.001305,1.69755,0.004394,0.02729,0.427208,0.021819,0.0,0.0001,,,,,none
190887,204,0.074945,0.000701,1.697517,0.004394,0.018139,0.080528,0.013868,0.0,0.0001,,,,,none
190887,204,-0.018804,0.00261,1.697483,0.004394,0.030325,0.238784,0.006714,0.0,0.0001,,,,,none
190887,204,-0.043913,0.001535,1.697446,0.004394,0.02407,0.39246,0.011512,0.0,0.0001,,,,,none
190887,204,0.009524,0.00216,1.697393,0.004394,0.028616,0.523979,0.013501,0.0,0.0001,,,,,none
190887,204,-0.021093,0.001423,1.697339,0.004394,0.024952,0.135572,0.022159,0.0,0.0001,,,,,none
190887,204,0.097824,0.000954,1.697278,0.004394,0.026758,0.114769,0.014154,0.0,0.0001,,,,,none
190887,204,0.025496,0.001785,1.697224,0.004394,0.028229,0.172265,0.024631,0.0,0.0001,,,,,none
190887,204,0.066724,0.000762,1.697158,0.004394,0.02557,0.12346,0.017632,0.0,0.0001,,,,,none
190887,204,-0.117112,0.003228,1.697101,0.004394,0.035403,0.302155,0.040574,0.0,0.0001,,,,,none
196384,208,0.099161,0.002132,1.697046,0.004382,0.027402,0.05958,0.025951,0.0,0.0001,,,,,none
196384,208,0.001884,0.00125,1.696993,0.004382,0.022727,0.073533,0.019346,0.0,0.0001,,,,,none
196384,208,-0.047186,0.002271,1.696948,0.004382,0.025498,0.096936,0.01243,0.0,0.0001,,,,,none
196384,208,0.017722,0.001331,1.696902,0.004382,0.02248,0.026573,0.019732,0.0,0.0001,,,,,none
196384,208,0.060721,0.00215,1.696863,0.004382,0.025241,0.308838,0.020134,0.0,0.0001,,,,,none
196384,208,-0.014543,0.002078,1.696828,0.004382,0.026443,0.236665,0.011006,0.0,0.0001,,,,,none
196384,208,-0.106672,0.003088,1.696792,0.004382,0.025757,0.099519,0.004932,0.0,0.0001,,,,,none
196384,208,0.104315,0.001216,1.696766,0.004382,0.02223,0.089542,0.018409,0.0,0.0001,,,,,none
196384,208,0.100582,0.000758,1.696738,0.004382,0.023481,0.150295,0.015777,0.0,0.0001,,,,,none
196384,208,0.078685,0.000654,1.696719,0.004382,0.022509,0.02889,0.010258,0.0,0.0001,,,,,none
196384,208,-0.004437,0.002748,1.696705,0.004382,0.027453,0.084353,0.007098,0.0,0.0001,,,,,none
196384,208,-0.009197,0.001928,1.696685,0.004382,0.023074,0.13434,0.005241,0.0,0.0001,,,,,none
200638,212,-0.015356,0.002524,1.696666,0.00437,0.027565,0.149503,0.005138,0.0,0.0001,,,,,none
200638,212,0.056597,0.002066,1.696652,0.00437,0.024911,0.11288,0.002951,0.0,0.0001,,,,,none
200638,212,0.268571,0.001027,1.696638,0.00437,0.024127,0.973161,0.032103,0.0,0.0001,,,,,none
200638,212,0.036727,0.000896,1.696644,0.00437,0.019235,0.078795,0.002693,0.0,0.0001,,,,,none
200638,212,0.025428,0.003571,1.696659,0.00437,0.032995,0.229101,0.006648,0.0,0.0001,,,,,none
200638,212,0.057844,0.001915,1.696666,0.00437,0.018995,0.637514,0.00273,0.0,0.0001,,,,,none
200638,212,0.083403,0.000922,1.696689,0.00437,0.021962,0.422254,0.001225,0.0,0.0001,,,,,none
200638,212,-0.003997,0.003066,1.69671,0.00437,0.028015,0.297231,0.019486,0.0,0.0001,,,,,none
200638,212,-0.148012,0.00718,1.696725,0.00437,0.051999,0.642259,0.045772,0.0,0.0001,,,,,none
200638,212,0.010516,0.003385,1.696756,0.00437,0.030521,0.139092,0.020039,0.0,0.0001,,,,,none
200638,212,0.028859,0.001138,1.69677,0.00437,0.02253,0.050499,0.005793,0.0,0.0001,,,,,none
200638,212,0.331168,0.001042,1.696795,0.00437,0.025559,0.648106,0.030086,0.0,0.0001,,,,,none
206266,216,-0.004935,0.000803,1.69683,0.004358,0.021928,0.15923,0.014601,0.0,0.0001,,,,,none
206266,216,0.01031,0.000871,1.696856,0.004358,0.022481,0.29656,0.015138,0.0,0.0001,,,,,none
206266,216,-0.03806,0.001384,1.696881,0.004358,0.024942,0.115631,0.007716,0.0,0.0001,,,,,none
206266,216,0.07844,0.00084,1.696889,0.004358,0.023379,0.20538,0.016075,0.0,0.0001,,,,,none
206266,216,-0.058048,0.00082,1.696892,0.004358,0.021939,0.105484,0.000831,0.0,0.0001,,,,,none
206266,216,-0.056984,0.001336,1.696889,0.004358,0.02488,0.103734,0.005875,0.0,0.0001,,,,,none
206266,216,-0.043662,0.000714,1.696876,0.004358,0.020376,0.157175,0.008488,0.0,0.0001,,,,,none
206266,216,-0.013875,0.000833,1.69686,0.004358,0.022495,0.196887,0.008288,0.0,0.0001,,,,,none
206266,216,0.046875,0.001446,1.696838,0.004358,0.030443,0.455498,0.005996,0.0,0.0001,,,,,none
206266,216,-0.009607,0.001187,1.696808,0.004358,0.025445,0.228067,0.010504,0.0,0.0001,,,,,none
206266,216,0.001315,0.000879,1.696776,0.004358,0.023278,0.053613,0.005189,0.0,0.0001,,,,,none
206266,216,-0.016429,0.000753,1.696737,0.004358,0.020518,0.250273,0.002488,0.0,0.0001,,,,,none
212074,220,-0.023985,0.000543,1.696695,0.004346,0.020428,0.220643,0.014617,0.0,0.0001,,,,,none
212074,220,0.004286,0.000785,1.696647,0.004346,0.020498,0.298249,0.015323,0.0,0.0001,,,,,none
212074,220,-0.005463,0.000583,1.696621,0.004346,0.017145,0.293394,0.013227,0.0,0.0001,,,,,none
212074,220,-0.023406,0.000612,1.696598,0.004346,0.019857,0.319564,0.008902,0.0,0.0001,,,,,none
212074,220,-0.076738,0.000341,1.696576,0.004346,0.016486,0.101782,0.001184,0.0,0.0001,,,,,none
212074,220,0.092884,0.00087,1.696553,0.004346,0.021257,0.122228,0.00578,0.0,0.0001,,,,,none
212074,220,-0.063234,0.000577,1.696521,0.004346,0.021007,0.069339,0.009934,0.0,0.0001,,,,,none
212074,220,0.061041,0.000786,1.696484,0.004346,0.020735,0.100134,0.005271,0.0,0.0001,,,,,none
212074,220,-0.022035,0.000361,1.696447,0.004346,0.018356,0.12953,0.01141,0.0,0.0001,,,,,none
212074,220,3.1e-05,0.000601,1.696411,0.004346,0.020535,0.136864,0.014004,0.0,0.0001,,,,,none
212074,220,0.037725,0.000562,1.696368,0.004346,0.020854,0.206253,0.014289,0.0,0.0001,,,,,none
212074,220,-0.069622,0.000634,1.696319,0.004346,0.023221,0.194047,0.023309,0.0,0.0001,,,,,none
216732,224,0.050273,0.001232,1.696287,0.004334,0.0214,0.056328,0.001909,0.0,0.0001,,,,,none
216732,224,-0.008667,0.001381,1.696262,0.004334,0.021365,0.185934,0.004569,0.0,0.0001,,,,,none
216732,224,0.049518,0.000426,1.696228,0.004334,0.020649,0.265807,0.002089,0.0,0.0001,,,,,none
216732,224,-0.000414,0.001214,1.696201,0.004334,0.023,0.067673,0.004369,0.0,0.0001,,,,,none
216732,224,0.04878,0.001387,1.696172,0.004334,0.021912,0.356082,0.001093,0.0,0.0001,,,,,none
216732,224,0.030302,0.00041,1.696138,0.004334,0.013598,0.319852,0.00143,0.0,0.0001,,,,,none
216732,224,-0.031713,0.001788,1.69609,0.004334,0.024176,0.315536,0.006761,0.0,0.0001,,,,,none
216732,224,0.067406,0.000839,1.696045,0.004334,0.019473,0.107366,0.007314,0.0,0.0001,,,,,none
216732,224,0.075953,0.00026,1.695993,0.004334,0.016079,0.090025,0.010412,0.0,0.0001,,,,,none
216732,224,0.001357,0.000981,1.69594,0.004334,0.021679,0.158628,0.004224,0.0,0.0001,,,,,none
216732,224,0.046792,0.001673,1.695885,0.004334,0.022903,0.206693,0.010031,0.0,0.0001,,,,,none
216732,224,0.034743,0.000184,1.695825,0.004334,0.013949,0.07314,0.008753,0.0,0.0001,,,,,none
222547,228,0.062104,0.000497,1.695772,0.004322,0.017742,0.188672,0.012942,0.0,0.0001,,,,,none
222547,228,-0.067485,0.000492,1.695723,0.004322,0.018373,0.170407,0.00316,0.0,0.0001,,,,,none
222547,228,-0.022255,0.000475,1.695668,0.004322,0.016266,0.186886,0.002934,0.0,0.0001,,,,,none
222547,228,0.08406,0.000505,1.695616,0.004322,0.01782,0.180841,0.005067,0.0,0.0001,,,,,none
222547,228,-0.059876,0.000407,1.695557,0.004322,0.01847,0.169264,0.005814,0.0,0.0001,,,,,none
222547,228,-0.056006,0.00052,1.695495,0.004322,0.017283,0.187107,0.008822,0.0,0.0001,,,,,none
222547,228,0.084628,0.00061,1.695448,0.004322,0.017981,0.171087,0.003044,0.0,0.0001,,,,,none
222547,228,-0.023019,0.000501,1.695389,0.004322,0.019818,0.305055,0.00948,0.0,0.0001,,,,,none
222547,228,-0.097414,0.000288,1.695338,0.004322,0.016908,0.150406,0.012071,0.0,0.0001,,,,,none
222547,228,-0.000983,0.000564,1.695283,0.004322,0.017209,0.07021,0.005424,0.0,0.0001,,,,,none
222547,228,0.052117,0.000425,1.695229,0.004322,0.018031,0.042415,0.001177,0.0,0.0001,,,,,none
222547,228,-0.08511,0.000397,1.695176,0.004322,0.018026,0.214939,0.00502,0.0,0.0001,,,,,none
228359,232,-0.009989,0.000566,1.695112,0.00431,0.017291,0.112946,0.006077,0.0,0.0001,,,,,none
228359,232,-0.021692,0.000543,1.695059,0.00431,0.018656,0.081196,0.007172,0.0,0.0001,,,,,none
228359,232,-0.000469,0.000462,1.69502,0.00431,0.018021,0.268404,0.011036,0.0,0.0001,,,,,none
228359,232,-0.041823,0.000493,1.694989,0.00431,0.018722,0.119048,0.00973,0.0,0.0001,,,,,none
228359,232,0.01719,0.000403,1.694978,0.00431,0.015781,0.145104,0.01553,0.0,0.0001,,,,,none
228359,232,-0.007599,0.000713,1.694946,0.00431,0.020083,0.203201,0.013057,0.0,0.0001,,,,,none
228359,232,0.077027,0.00058,1.694946,0.00431,0.019105,0.091949,0.017636,0.0,0.0001,,,,,none
228359,232,-0.086113,0.000455,1.694969,0.00431,0.018758,0.08797,0.004794,0.0,0.0001,,,,,none
228359,232,-0.023041,0.000483,1.694988,0.00431,0.015971,0.196255,0.004763,0.0,0.0001,,,,,none
228359,232,-0.037694,0.000353,1.695008,0.00431,0.016819,0.221565,0.001442,0.0,0.0001,,,,,none
228359,232,-0.08006,0.000601,1.695038,0.00431,0.018521,0.260253,0.006464,0.0,0.0001,,,,,none
228359,232,0.101089,0.000483,1.695058,0.00431,0.019961,0.313436,0.001735,0.0,0.0001,,,,,none
233764,236,0.042361,0.002473,1.69507,0.004298,0.027851,0.127924,0.033139,0.0,0.0001,,,,,none
233764,236,-0.040484,0.003709,1.695088,0.004298,0.035014,0.071806,0.046891,0.0,0.0001,,,,,none
233764,236,0.092256,0.000602,1.695116,0.004298,0.019527,0.096834,0.017954,0.0,0.0001,,,,,none
233764,236,0.090792,0.00127,1.69514,0.004298,0.022381,0.145251,0.011386,0.0,0.0001,,,,,none
233764,236,-0.0161,0.002784,1.695158,0.004298,0.029899,0.339002,0.020469,0.0,0.0001,,,,,none
233764,236,-0.021778,0.003209,1.695179,0.004298,0.033523,0.310446,0.014527,0.0,0.0001,,,,,none
233764,236,0.13206,0.000475,1.695193,0.004298,0.022926,0.039881,0.023927,0.0,0.0001,,,,,none
233764,236,-0.004201,0.003459,1.695207,0.004298,0.037063,0.195695,0.009552,0.0,0.0001,,,,,none
233764,236,-0.104336,0.002915,1.695226,0.004298,0.03411,0.109522,0.004256,0.0,0.0001,,,,,none
233764,236,-0.010808,0.002094,1.695254,0.004298,0.034813,0.168376,0.025133,0.0,0.0001,,,,,none
233764,236,0.034929,0.002079,1.695284,0.004298,0.035147,0.070776,0.033094,0.0,0.0001,,,,,none
233764,236,0.057661,0.002691,1.695317,0.004298,0.035121,0.102938,0.02982,0.0,0.0001,,,,,none
239596,240,-0.004645,0.000688,1.695358,0.004286,0.019519,0.092865,0.023814,0.0,0.0001,,,,,none
239596,240,-0.024389,0.000474,1.69537,0.004286,0.01807,0.061641,0.017822,0.0,0.0001,,,,,none
239596,240,0.017122,0.000578,1.695378,0.004286,0.019401,0.396375,0.015598,0.0,0.0001,,,,,none
239596,240,-0.012545,0.000552,1.695378,0.004286,0.01914,0.14442,0.00675,0.0,0.0001,,,,,none
239596,240,-0.011497,0.000468,1.695372,0.004286,0.017415,0.0791,0.001378,0.0,0.0001,,,,,none
239596,240,0.012472,0.000573,1.695352,0.004286,0.022659,0.415707,0.005513,0.0,0.0001,,,,,none
239596,240,0.02755,0.000578,1.695302,0.004286,0.02125,0.350182,0.009571,0.0,0.0001,,,,,none
239596,240,0.065874,0.000573,1.695245,0.004286,0.02308,0.200665,0.011292,0.0,0.0001,,,,,none
239596,240,-0.124268,0.000454,1.69516,0.004286,0.020293,0.114087,0.025464,0.0,0.0001,,,,,none
239596,240,0.08997,0.000644,1.69508,0.004286,0.023139,0.16127,0.013672,0.0,0.0001,,,,,none
239596,240,-0.157015,0.000461,1.694982,0.004286,0.021413,0.055246,0.027271,0.0,0.0001,,,,,none
239596,240,0.063681,0.000496,1.694893,0.004286,0.020495,0.324349,0.014147,0.0,0.0001,,,,,none
245423,244,0.039015,0.000741,1.694806,0.004274,0.018577,0.111722,0.015347,0.0,0.0001,,,,,none
245423,244,-0.056001,0.000466,1.694728,0.004274,0.017273,0.165275,0.011951,0.0,0.0001,,,,,none
245423,244,-0.031672,0.000542,1.694653,0.004274,0.017765,0.117539,0.014743,0.0,0.0001,,,,,none
245423,244,-0.117643,0.000414,1.694579,0.004274,0.01606,0.07616,0.008553,0.0,0.0001,,,,,none
245423,244,0.020324,0.000539,1.694514,0.004274,0.018645,0.066488,0.013487,0.0,0.0001,,,,,none
245423,244,0.06233,0.000759,1.694452,0.004274,0.017721,0.107011,0.013335,0.0,0.0001,,,,,none
245423,244,-0.059025,0.000467,1.694383,0.004274,0.015334,0.167317,0.001982,0.0,0.0001,,,,,none
245423,244,0.013955,0.000436,1.694323,0.004274,0.016446,0.275347,0.004132,0.0,0.0001,,,,,none
245423,244,-0.000644,0.000734,1.694267,0.004274,0.021058,0.112779,0.003607,0.0,0.0001,,,,,none
245423,244,-0.02567,0.000428,1.694192,0.004274,0.017091,0.073053,0.004587,0.0,0.0001,,,,,none
245423,244,-0.022945,0.000633,1.694123,0.004274,0.018789,0.176071,0.006667,0.0,0.0001,,,,,none
245423,244,0.00537,0.000551,1.694051,0.004274,0.01731,0.182053,0.004796,0.0,0.0001,,,,,none
251142,248,0.013586,0.000463,1.693982,0.004262,0.016746,0.196821,0.004861,0.0,0.0001,,,,,none
251142,248,-0.012471,0.000284,1.693946,0.004262,0.01342,0.109538,0.002451,0.0,0.0001,,,,,none
251142,248,-0.039486,0.000421,1.69391,0.004262,0.014656,0.277315,0.00186,0.0,0.0001,,,,,none
251142,248,-0.006531,0.000387,1.693886,0.004262,0.016102,0.144493,0.001538,0.0,0.0001,,,,,none
251142,248,-0.064827,0.000325,1.69388,0.004262,0.014216,0.114454,0.004012,0.0,0.0001,,,,,none
251142,248,0.052926,0.000446,1.693888,0.004262,0.013591,0.12884,0.001159,0.0,0.0001,,,,,none
251142,248,-0.076066,0.000281,1.693896,0.004262,0.013557,0.09047,0.005318,0.0,0.0001,,,,,none
251142,248,-0.010628,0.000468,1.693909,0.004262,0.015589,0.317824,0.005401,0.0,0.0001,,,,,none
251142,248,0.071055,0.000388,1.693922,0.004262,0.015117,0.236126,0.001343,0.0,0.0001,,,,,none
251142,248,-0.028295,0.000354,1.69395,0.004262,0.012568,0.143474,0.001519,0.0,0.0001,,,,,none
251142,248,0.006866,0.000336,1.693965,0.004262,0.014081,0.234691,0.005216,0.0,0.0001,,,,,none
251142,248,-0.009385,0.000416,1.693994,0.004262,0.016073,0.34865,0.009965,0.0,0.0001,,,,,none
256940,252,-0.022674,0.000502,1.694047,0.00425,0.017977,0.161433,0.008083,0.0,0.0001,,,,,none
256940,252,-0.013249,0.000498,1.694102,0.00425,0.016714,0.040186,0.008762,0.0,0.0001,,,,,none
256940,252,0.014143,0.000486,1.694152,0.00425,0.015366,0.229021,0.009132,0.0,0.0001,,,,,none
256940,252,-0.057721,0.000399,1.694189,0.00425,0.01607,0.092311,0.004328,0.0,0.0001,,,,,none
256940,252,-0.044155,0.000512,1.694221,0.00425,0.016173,0.466785,0.005561,0.0,0.0001,,,,,none
256940,252,0.091743,0.000525,1.694266,0.00425,0.016942,0.196407,0.011199,0.0,0.0001,,,,,none
256940,252,-0.047579,0.000433,1.694299,0.00425,0.015227,0.088717,0.001546,0.0,0.0001,,,,,none
256940,252,0.028371,0.000431,1.694325,0.00425,0.016523,0.099115,0.001726,0.0,0.0001,,,,,none
256940,252,-0.005072,0.000523,1.694346,0.00425,0.018508,0.277876,0.005953,0.0,0.0001,,,,,none
256940,252,-0.071387,0.000511,1.694377,0.00425,0.017985,0.153423,0.011106,0.0,0.0001,,,,,none
256940,252,0.052895,0.000307,1.694398,0.00425,0.014308,0.114789,0.003153,0.0,0.0001,,,,,none
256940,252,-0.005818,0.00056,1.694419,0.00425,0.019501,0.253264,0.006089,0.0,0.0001,,,,,none
262590,256,-0.010498,0.000822,1.694445,0.004238,0.018168,0.189357,0.014491,0.0,0.0001,,,,,none
262590,256,-0.065563,0.000936,1.694485,0.004238,0.02164,0.445223,0.01444,0.0,0.0001,,,,,none
262590,256,0.146834,0.000424,1.694521,0.004238,0.017871,0.146882,0.007378,0.0,0.0001,,,,,none
262590,256,-0.062946,0.000942,1.694576,0.004238,0.021264,0.361457,0.008386,0.0,0.0001,,,,,none
262590,256,0.016852,0.000742,1.694638,0.004238,0.019521,0.284775,0.002634,0.0,0.0001,,,,,none
262590,256,0.111601,0.000508,1.694692,0.004238,0.020149,0.423597,0.010493,0.0,0.0001,,,,,none
262590,256,0.016914,0.001369,1.694741,0.004238,0.025599,0.413839,0.002363,0.0,0.0001,,,,,none
262590,256,-0.001475,0.000487,1.694797,0.004238,0.018611,0.175287,0.001578,0.0,0.0001,,,,,none
262590,256,0.033419,0.000255,1.694842,0.004238,0.014899,0.103268,0.001064,0.0,0.0001,,,,,none
262590,256,0.016472,0.000852,1.694892,0.004238,0.020099,0.296849,0.005449,0.0,0.0001,,,,,none
262590,256,0.01156,0.000615,1.694949,0.004238,0.017313,0.129989,0.007356,0.0,0.0001,,,,,none
262590,256,0.017194,0.000696,1.695014,0.004238,0.020436,0.318604,0.007405,0.0,0.0001,,,,,none
267889,260,0.037684,0.004359,1.695083,0.004226,0.024903,0.159728,0.023586,0.0,0.0001,,,,,none
267889,260,0.073491,0.001243,1.695145,0.004226,0.019914,0.057087,0.006788,0.0,0.0001,,,,,none
267889,260,-0.036995,0.003947,1.695205,0.004226,0.026522,0.322663,0.023435,0.0,0.0001,,,,,none
267889,260,0.053593,0.002655,1.695265,0.004226,0.025733,0.08843,0.002968,0.0,0.0001,,,,,none
267889,260,0.059975,0.001697,1.695322,0.004226,0.021874,0.036812,0.010281,0.0,0.0001,,,,,none
267889,260,-0.039303,0.005598,1.695382,0.004226,0.0359,0.402329,0.005737,0.0,0.0001,,,,,none
267889,260,0.044904,0.00356,1.69543,0.004226,0.033924,0.111602,0.021575,0.0,0.0001,,,,,none
267889,260,0.066489,0.00307,1.695478,0.004226,0.034126,0.348139,0.034626,0.0,0.0001,,,,,none
267889,260,-0.035827,0.001937,1.695521,0.004226,0.035098,0.344593,0.028575,0.0,0.0001,,,,,none
267889,260,0.056772,0.002324,1.695571,0.004226,0.034043,0.309726,0.036014,0.0,0.0001,,,,,none
267889,260,0.003198,0.00371,1.695612,0.004226,0.036923,0.066256,0.022884,0.0,0.0001,,,,,none
267889,260,0.052233,0.002758,1.695654,0.004226,0.027066,0.097072,0.017849,0.0,0.0001,,,,,none
273435,264,-0.062647,0.000929,1.695696,0.004214,0.023801,0.100724,0.021277,0.0,0.0001,,,,,none
273435,264,0.111344,0.00061,1.695726,0.004214,0.018712,0.053357,0.013716,0.0,0.0001,,,,,none
273435,264,-0.009897,0.001495,1.695752,0.004214,0.024847,0.201306,0.031284,0.0,0.0001,,,,,none
273435,264,-0.034756,0.00127,1.695786,0.004214,0.024391,0.310993,0.035339,0.0,0.0001,,,,,none
273435,264,0.000587,0.00109,1.695816,0.004214,0.025026,0.027869,0.033681,0.0,0.0001,,,,,none
273435,264,0.105012,0.000514,1.695844,0.004214,0.02169,0.1413,0.019327,0.0,0.0001,,,,,none
273435,264,0.025803,0.000739,1.695864,0.004214,0.022176,0.066693,0.023519,0.0,0.0001,,,,,none
273435,264,0.038157,0.000914,1.695887,0.004214,0.020431,0.06398,0.021374,0.0,0.0001,,,,,none
273435,264,-0.027516,0.001221,1.695903,0.004214,0.025093,0.276324,0.021072,0.0,0.0001,,,,,none
273435,264,0.042272,0.000506,1.695914,0.004214,0.019929,0.235105,0.005529,0.0,0.0001,,,,,none
273435,264,0.057134,0.001055,1.695918,0.004214,0.022671,0.076808,0.004158,0.0,0.0001,,,,,none
273435,264,-0.07612,0.001121,1.69592,0.004214,0.022684,0.337548,0.008579,0.0,0.0001,,,,,none
279133,268,0.053681,0.000501,1.69595,0.004202,0.020304,0.129314,0.010462,0.0,0.0001,,,,,none
279133,268,-0.032909,0.000997,1.695979,0.004202,0.023477,0.088373,0.005879,0.0,0.0001,,,,,none
279133,268,0.004702,0.000735,1.696012,0.004202,0.022446,0.125759,0.014182,0.0,0.0001,,,,,none
279133,268,0.028693,0.000931,1.696042,0.004202,0.024163,0.062426,0.017194,0.0,0.0001,,,,,none
279133,268,0.002049,0.000691,1.696062,0.004202,0.02237,0.111993,0.015761,0.0,0.0001,,,,,none
279133,268,-0.005065,0.000631,1.696081,0.004202,0.022922,0.125529,0.017603,0.0,0.0001,,,,,none
279133,268,-0.015499,0.000873,1.696106,0.004202,0.022172,0.411643,0.012656,0.0,0.0001,,,,,none
279133,268,0.018273,0.000711,1.696125,0.004202,0.022473,0.153756,0.008339,0.0,0.0001,,,,,none
279133,268,0.028884,0.000552,1.696147,0.004202,0.02071,0.165162,0.00376,0.0,0.0001,,,,,none
279133,268,0.007901,0.00086,1.69616,0.004202,0.022735,0.071409,0.004951,0.0,0.0001,,,,,none
279133,268,0.087648,0.000492,1.696179,0.004202,0.018931,0.083158,0.00472,0.0,0.0001,,,,,none
279133,268,-0.086091,0.000793,1.696199,0.004202,0.02121,0.263791,0.020605,0.0,0.0001,,,,,none
282730,272,0.028173,0.002377,1.696208,0.00419,0.026871,0.207458,0.008761,0.0,0.0001,,,,,none
282730,272,0.01114,0.002849,1.69623,0.00419,0.026465,0.126801,0.010375,0.0,0.0001,,,,,none
282730,272,0.013997,0.002528,1.696248,0.00419,0.026634,0.170099,0.011488,0.0,0.0001,,,,,none
282730,272,0.031302,0.002639,1.696277,0.00419,0.025814,0.176773,0.012015,0.0,0.0001,,,,,none
282730,272,0.059452,0.002266,1.696306,0.00419,0.025084,0.131635,0.010181,0.0,0.0001,,,,,none
282730,272,-0.027283,0.002981,1.696332,0.00419,0.027957,0.210455,0.022169,0.0,0.0001,,,,,none
282730,272,-0.064484,0.003184,1.696356,0.00419,0.028339,0.155671,0.02685,0.0,0.0001,,,,,none
282730,272,0.133807,0.001766,1.696383,0.00419,0.023557,0.345352,0.00268,0.0,0.0001,,,,,none
288496,276,-0.029153,0.000482,1.696393,0.004178,0.015068,0.262858,0.010812,0.0,0.0001,,,,,none
288496,276,-0.01418,0.000318,1.696408,0.004178,0.015318,0.119392,0.015041,0.0,0.0001,,,,,none
288496,276,0.040355,0.000511,1.696431,0.004178,0.017211,0.182083,0.021051,0.0,0.0001,,,,,none
288496,276,-0.022277,0.000505,1.696454,0.004178,0.016472,0.266653,0.019194,0.0,0.0001,,,,,none
288496,276,0.08153,0.000488,1.696478,0.004178,0.019354,0.147,0.024282,0.0,0.0001,,,,,none
288496,276,-0.081617,0.000323,1.696514,0.004178,0.015014,0.318586,0.01645,0.0,0.0001,,,,,none
288496,276,-0.068874,0.000296,1.696541,0.004178,0.013999,0.366933,0.011697,0.0,0.0001,,,,,none
288496,276,0.09266,0.000567,1.696574,0.004178,0.017865,0.150512,0.007589,0.0,0.0001,,,,,none
288496,276,-0.036456,0.000365,1.696615,0.004178,0.01586,0.131965,0.007829,0.0,0.0001,,,,,none
288496,276,-0.004068,0.000467,1.696649,0.004178,0.015603,0.257778,0.009269,0.0,0.0001,,,,,none
288496,276,-0.020368,0.000464,1.696688,0.004178,0.018471,0.115683,0.017545,0.0,0.0001,,,,,none
288496,276,0.020303,0.000351,1.696725,0.004178,0.016323,0.134226,0.01303,0.0,0.0001,,,,,none
293106,280,0.041071,0.001118,1.69677,0.004166,0.017896,0.086573,0.001309,0.0,0.0001,,,,,none
293106,280,0.028947,0.001217,1.696807,0.004166,0.020727,0.100538,0.002586,0.0,0.0001,,,,,none
293106,280,-0.091549,0.001917,1.696845,0.004166,0.018178,0.150752,0.012572,0.0,0.0001,,,,,none
293106,280,-0.007106,0.001376,1.696882,0.004166,0.020527,0.103434,0.001495,0.0,0.0001,,,,,none
293106,280,0.042087,0.001312,1.696909,0.004166,0.018574,0.118027,0.004709,0.0,0.0001,,,,,none
293106,280,0.045601,0.000532,1.696938,0.004166,0.017074,0.101129,0.008388,0.0,0.0001,,,,,none
293106,280,0.026806,0.001409,1.696978,0.004166,0.020476,0.11113,0.003593,0.0,0.0001,,,,,none
293106,280,-0.01175,0.001332,1.697006,0.004166,0.01895,0.184948,0.001208,0.0,0.0001,,,,,none
293106,280,0.122037,0.000278,1.697037,0.004166,0.016162,0.337172,0.016628,0.0,0.0001,,,,,none
293106,280,0.063503,0.000395,1.697051,0.004166,0.015552,0.21518,0.01057,0.0,0.0001,,,,,none
293106,280,0.026722,0.001644,1.697054,0.004166,0.020114,0.074689,0.005189,0.0,0.0001,,,,,none
293106,280,-0.156293,0.00285,1.697055,0.004166,0.030856,0.308028,0.007888,0.0,0.0001,,,,,none
298855,284,0.095572,0.00055,1.697057,0.004154,0.017563,0.163426,0.014827,0.0,0.0001,,,,,none
298855,284,-0.075429,0.000229,1.697042,0.004154,0.012809,0.068616,0.004922,0.0,0.0001,,,,,none
298855,284,-0.044378,0.000375,1.697018,0.004154,0.014844,0.16645,0.005129,0.0,0.0001,,,,,none
298855,284,-0.017223,0.000408,1.696977,0.004154,0.015193,0.368174,0.003554,0.0,0.0001,,,,,none
298855,284,0.038448,0.000387,1.696918,0.004154,0.015947,0.063708,0.00131,0.0,0.0001,,,,,none
298855,284,-0.046938,0.000304,1.69685,0.004154,0.014916,0.387178,0.008903,0.0,0.0001,,,,,none
298855,284,0.020856,0.000383,1.696785,0.004154,0.015615,0.324322,0.006087,0.0,0.0001,,,,,none
298855,284,-0.03809,0.000403,1.696703,0.004154,0.016155,0.118072,0.007695,0.0,0.0001,,,,,none
298855,284,0.000767,0.000298,1.696632,0.004154,0.014774,0.258275,0.00265,0.0,0.0001,,,,,none
298855,284,0.002543,0.000349,1.69655,0.004154,0.016758,0.136437,0.001705,0.0,0.0001,,,,,none
298855,284,0.027735,0.000377,1.696443,0.004154,0.013123,0.213518,0.004609,0.0,0.0001,,,,,none
298855,284,-0.054988,0.000337,1.696341,0.004154,0.014751,0.190678,0.001648,0.0,0.0001,,,,,none
301876,288,0.096935,0.000743,1.696251,0.004142,0.019516,0.175595,0.002625,0.0,0.0001,,,,,none
301876,288,-0.133943,0.000912,1.696175,0.004142,0.020032,0.222304,0.017789,0.0,0.0001,,,,,none
301876,288,-0.036229,0.000926,1.696098,0.004142,0.021379,0.227486,0.008882,0.0,0.0001,,,,,none
301876,288,0.142843,0.000498,1.696034,0.004142,0.015612,0.074482,0.010173,0.0,0.0001,,,,,none
301876,288,-0.015099,0.000637,1.695967,0.004142,0.018462,0.389464,0.004739,0.0,0.0001,,,,,none
301876,288,0.099975,0.001077,1.695905,0.004142,0.02129,0.228587,0.005826,0.0,0.0001,,,,,none
301876,288,0.067964,0.000753,1.695853,0.004142,0.018676,0.29462,0.004239,0.0,0.0001,,,,,none
301876,288,-0.069728,0.000828,1.695803,0.004142,0.020505,0.139655,0.005553,0.0,0.0001,,,,,none
306026,292,0.058475,0.002758,1.695774,0.00413,0.027044,0.085538,0.002716,0.0,0.0001,,,,,none
306026,292,-0.005481,0.002675,1.695742,0.00413,0.023963,0.137654,0.00636,0.0,0.0001,,,,,none
306026,292,0.073752,0.000189,1.695711,0.00413,0.012244,0.191737,0.010822,0.0,0.0001,,,,,none
306026,292,0.026953,0.001922,1.695675,0.00413,0.021895,0.043246,0.007149,0.0,0.0001,,,,,none
306026,292,0.028176,0.003482,1.695638,0.00413,0.031351,0.390037,0.009825,0.0,0.0001,,,,,none
306026,292,0.021211,0.001008,1.695599,0.00413,0.026713,0.466675,0.015544,0.0,0.0001,,,,,none
306026,292,0.058967,0.002201,1.695579,0.00413,0.024081,0.116955,0.01079,0.0,0.0001,,,,,none
306026,292,-0.003428,0.003185,1.695551,0.00413,0.027344,0.129141,0.007504,0.0,0.0001,,,,,none
306026,292,0.042778,0.000107,1.695524,0.00413,0.011998,0.230619,0.002179,0.0,0.0001,,,,,none
306026,292,0.032182,0.003164,1.695501,0.00413,0.026596,0.109221,0.008231,0.0,0.0001,,,,,none
306026,292,0.022561,0.002202,1.695474,0.00413,0.024301,0.094754,0.007264,0.0,0.0001,,,,,none
306026,292,0.061665,1.6e-05,1.695447,0.00413,0.004909,0.032946,0.00252,0.0,0.0001,,,,,none
310685,296,0.070304,0.001334,1.695429,0.004118,0.021558,0.158312,0.00318,0.0,0.0001,,,,,none
310685,296,-0.023775,0.001187,1.695408,0.004118,0.018699,0.283072,0.005246,0.0,0.0001,,,,,none
310685,296,0.072621,0.000436,1.695384,0.004118,0.014498,0.119912,0.00732,0.0,0.0001,,,,,none
310685,296,0.050321,0.001132,1.695387,0.004118,0.02217,0.117277,0.006645,0.0,0.0001,,,,,none
310685,296,0.007136,0.001399,1.695385,0.004118,0.017953,0.105508,0.002262,0.0,0.0001,,,,,none
310685,296,0.039853,0.000451,1.695382,0.004118,0.017663,0.108848,0.008133,0.0,0.0001,,,,,none
310685,296,0.035678,0.000804,1.695371,0.004118,0.017239,0.320517,0.00645,0.0,0.0001,,,,,none
310685,296,0.004837,0.001699,1.695359,0.004118,0.022889,0.244542,0.00256,0.0,0.0001,,,,,none
310685,296,0.099436,0.000456,1.695353,0.004118,0.016884,0.192135,0.003917,0.0,0.0001,,,,,none
310685,296,0.006161,0.002001,1.695342,0.004118,0.021988,0.302594,0.012798,0.0,0.0001,,,,,none
310685,296,0.039401,0.000553,1.695336,0.004118,0.018645,0.14462,0.008353,0.0,0.0001,,,,,none
310685,296,0.078614,0.000255,1.695321,0.004118,0.015779,0.171724,0.004376,0.0,0.0001,,,,,none
315285,300,0.030595,0.000619,1.695316,0.004106,0.017337,0.129688,0.002493,0.0,0.0001,,,,,none
315285,300,-0.022372,0.001261,1.695312,0.004106,0.022238,0.417668,0.001337,0.0,0.0001,,,,,none
315285,300,0.061431,0.000418,1.695286,0.004106,0.01815,0.08735,0.010481,0.0,0.0001,,,,,none
315285,300,-0.004623,0.000876,1.695261,0.004106,0.018547,0.082134,0.004141,0.0,0.0001,,,,,none
315285,300,-0.001631,0.00091,1.695232,0.004106,0.020427,0.300343,0.002977,0.0,0.0001,,,,,none
315285,300,0.124923,0.000708,1.695205,0.004106,0.021148,0.308517,0.009464,0.0,0.0001,,,,,none
315285,300,-0.003846,0.00111,1.695153,0.004106,0.020382,0.08039,0.006864,0.0,0.0001,,,,,none
315285,300,0.045988,0.000604,1.695099,0.004106,0.018549,0.195093,0.006846,0.0,0.0001,,,,,none
315285,300,-0.060881,0.000875,1.695041,0.004106,0.02327,0.437363,0.017454,0.0,0.0001,,,,,none
315285,300,-0.050143,0.00074,1.694989,0.004106,0.018632,0.122479,0.017345,0.0,0.0001,,,,,none
315285,300,0.074693,0.001121,1.694936,0.004106,0.022537,0.057351,0.004071,0.0,0.0001,,,,,none
315285,300,0.009649,0.00036,1.694874,0.004106,0.018208,0.367815,0.004987,0.0,0.0001,,,,,none
319897,304,0.03494,0.000459,1.694819,0.004094,0.017098,0.07716,0.001495,0.0,0.0001,,,,,none
319897,304,0.029214,0.001184,1.694784,0.004094,0.017172,0.051846,0.002743,0.0,0.0001,,,,,none
319897,304,-0.009939,0.003268,1.694759,0.004094,0.025071,0.073453,0.003375,0.0,0.0001,,,,,none
319897,304,0.032512,0.001005,1.694713,0.004094,0.017249,0.087291,0.009475,0.0,0.0001,,,,,none
319897,304,0.014474,0.001431,1.694674,0.004094,0.022098,0.12608,0.008729,0.0,0.0001,,,,,none
319897,304,0.057398,0.000256,1.694653,0.004094,0.015136,0.089676,0.014284,0.0,0.0001,,,,,none
319897,304,0.066096,0.000429,1.694629,0.004094,0.016942,0.055702,0.015857,0.0,0.0001,,,,,none
319897,304,-0.029964,0.001947,1.694617,0.004094,0.022465,0.095931,0.001331,0.0,0.0001,,,,,none
319897,304,0.10049,0.000389,1.694625,0.004094,0.016077,0.049238,0.014733,0.0,0.0001,,,,,none
319897,304,-0.003888,0.002127,1.694628,0.004094,0.023334,0.164022,0.003141,0.0,0.0001,,,,,none
319897,304,0.037996,0.000262,1.694649,0.004094,0.01508,0.115386,0.000732,0.0,0.0001,,,,,none
319897,304,0.108431,0.000222,1.694674,0.004094,0.013331,0.111662,0.003649,0.0,0.0001,,,,,none
324555,308,0.061275,0.000303,1.6947,0.004082,0.01562,0.115752,0.00159,0.0,0.0001,,,,,none
324555,308,0.008812,0.000963,1.694728,0.004082,0.019628,0.049975,0.008847,0.0,0.0001,,,,,none
324555,308,-0.054096,0.00221,1.694752,0.004082,0.025465,0.149418,0.018993,0.0,0.0001,,,,,none
324555,308,0.000536,0.000873,1.694779,0.004082,0.020087,0.167586,0.008801,0.0,0.0001,,,,,none
324555,308,0.043841,0.000947,1.694806,0.004082,0.018448,0.131931,0.000956,0.0,0.0001,,,,,none
324555,308,0.038225,0.000185,1.694831,0.004082,0.01276,0.21532,0.005718,0.0,0.0001,,,,,none
324555,308,0.042316,0.000347,1.694863,0.004082,0.016833,0.153163,0.008021,0.0,0.0001,,,,,none
324555,308,-0.024258,0.001449,1.694894,0.004082,0.021662,0.139626,0.001174,0.0,0.0001,,,,,none
324555,308,0.133014,0.000253,1.69492,0.004082,0.015765,0.128246,0.016302,0.0,0.0001,,,,,none
324555,308,0.020522,0.00035,1.694953,0.004082,0.016085,0.107304,0.008491,0.0,0.0001,,,,,none
324555,308,0.014463,0.001432,1.694993,0.004082,0.022931,0.235565,0.003588,0.0,0.0001,,,,,none
324555,308,0.073743,0.000226,1.695026,0.004082,0.015461,0.319104,0.006508,0.0,0.0001,,,,,none
329278,312,-0.005418,0.001524,1.695068,0.00407,0.021624,0.298014,0.007264,0.0,0.0001,,,,,none
329278,312,0.041862,0.001493,1.695102,0.00407,0.01976,0.243972,0.007832,0.0,0.0001,,,,,none
329278,312,0.072642,0.000275,1.695134,0.00407,0.014723,0.040549,0.006323,0.0,0.0001,,,,,none
329278,312,0.024728,0.001624,1.695154,0.00407,0.022241,0.35228,0.014393,0.0,0.0001,,,,,none
329278,312,0.066791,0.000366,1.695166,0.00407,0.017125,0.355335,0.005853,0.0,0.0001,,,,,none
329278,312,-0.100516,0.003548,1.695173,0.00407,0.026788,0.37115,0.022215,0.0,0.0001,,,,,none
329278,312,0.004333,0.002044,1.695184,0.00407,0.021475,0.12124,0.00311,0.0,0.0001,,,,,none
329278,312,0.017113,0.000778,1.695188,0.00407,0.021631,0.205303,0.017826,0.0,0.0001,,,,,none
329278,312,0.12786,0.00097,1.695193,0.00407,0.026164,0.508547,0.037379,0.0,0.0001,,,,,none
329278,312,-0.01263,0.000929,1.695172,0.00407,0.023932,0.270087,0.023719,0.0,0.0001,,,,,none
329278,312,0.02868,0.002002,1.695153,0.00407,0.025591,0.34238,0.01928,0.0,0.0001,,,,,none
329278,312,0.144887,0.000694,1.695126,0.00407,0.022277,0.419544,0.02998,0.0,0.0001,,,,,none
335045,316,-0.067541,0.000397,1.695081,0.004058,0.016103,0.331091,0.004612,0.0,0.0001,,,,,none
335045,316,0.009091,0.000424,1.695043,0.004058,0.018199,0.176191,0.003392,0.0,0.0001,,,,,none
335045,316,-0.006997,0.000267,1.694995,0.004058,0.015331,0.094953,0.009877,0.0,0.0001,,,,,none
335045,316,-0.053776,0.000439,1.694938,0.004058,0.019923,0.174588,0.019515,0.0,0.0001,,,,,none
335045,316,0.033396,0.000431,1.694878,0.004058,0.018867,0.056948,0.015191,0.0,0.0001,,,,,none
335045,316,-0.051278,0.000321,1.694819,0.004058,0.017676,0.151921,0.018717,0.0,0.0001,,,,,none
335045,316,-0.017507,0.000395,1.694757,0.004058,0.018526,0.287875,0.012555,0.0,0.0001,,,,,none
335045,316,-0.027398,0.000266,1.694694,0.004058,0.014963,0.096115,0.004772,0.0,0.0001,,,,,none
335045,316,-0.020675,0.000397,1.694631,0.004058,0.015572,0.174422,0.006568,0.0,0.0001,,,,,none
335045,316,-0.014214,0.000396,1.694562,0.004058,0.016049,0.221511,0.01248,0.0,0.0001,,,,,none
335045,316,-0.129481,0.000283,1.694475,0.004058,0.015928,0.239286,0.010813,0.0,0.0001,,,,,none
335045,316,0.098468,0.000372,1.694392,0.004058,0.017056,0.250612,0.021683,0.0,0.0001,,,,,none
340799,320,-0.038233,0.000298,1.694309,0.004046,0.015666,0.187968,0.007235,0.0,0.0001,,,,,none
340799,320,-0.028786,0.00027,1.694244,0.004046,0.013824,0.076369,0.004676,0.0,0.0001,,,,,none
340799,320,0.035902,0.000268,1.694201,0.004046,0.015245,0.313056,0.004342,0.0,0.0001,,,,,none
340799,320,0.034677,0.000289,1.694186,0.004046,0.01469,0.088137,0.001918,0.0,0.0001,,,,,none
340799,320,0.02412,0.000309,1.69419,0.004046,0.015589,0.880904,0.006844,0.0,0.0001,,,,,none
340799,320,-0.114777,0.000219,1.694202,0.004046,0.015162,0.626548,0.013566,0.0,0.0001,,,,,none
340799,320,-0.032889,0.000304,1.69423,0.004046,0.016546,0.245182,0.00715,0.0,0.0001,,,,,none
340799,320,0.002512,0.000311,1.694276,0.004046,0.014215,0.309874,0.001454,0.0,0.0001,,,,,none
340799,320,-0.005279,0.000157,1.694333,0.004046,0.011603,0.137431,0.001884,0.0,0.0001,,,,,none
340799,320,0.016215,0.000237,1.694396,0.004046,0.013263,0.091776,0.007166,0.0,0.0001,,,,,none
340799,320,0.056804,0.000346,1.694459,0.004046,0.01689,0.423864,0.012143,0.0,0.0001,,,,,none
340799,320,-0.130926,0.000196,1.694545,0.004046,0.012792,0.20159,0.004431,0.0,0.0001,,,,,none
343723,324,0.034986,0.000847,1.694634,0.004034,0.018182,0.122109,0.00123,0.0,0.0001,,,,,none
343723,324,0.031622,0.001652,1.694715,0.004034,0.025203,0.315396,0.003619,0.0,0.0001,,,,,none
343723,324,-0.007102,0.001111,1.69478,0.004034,0.021106,0.218916,0.00458,0.0,0.0001,,,,,none
343723,324,0.128396,0.001044,1.694839,0.004034,0.018606,0.115379,0.011823,0.0,0.0001,,,,,none
343723,324,0.030322,0.001174,1.694886,0.004034,0.020486,0.155135,0.003315,0.0,0.0001,,,,,none
343723,324,0.045855,0.000918,1.694927,0.004034,0.020331,0.191361,0.00654,0.0,0.0001,,,,,none
343723,324,0.050107,0.001306,1.694956,0.004034,0.021955,0.168539,0.006793,0.0,0.0001,,,,,none
343723,324,0.002498,0.000651,1.694968,0.004034,0.016912,0.339503,0.003419,0.0,0.0001,,,,,none
349460,328,0.001626,0.000238,1.69498,0.004022,0.01426,0.03704,0.010798,0.0,0.0001,,,,,none
349460,328,-0.086942,0.000299,1.695002,0.004022,0.014299,0.150434,0.004026,0.0,0.0001,,,,,none
349460,328,0.028406,0.000381,1.695037,0.004022,0.015341,0.094067,0.006831,0.0,0.0001,,,,,none
349460,328,-0.031784,0.00035,1.695078,0.004022,0.015067,0.21616,0.002155,0.0,0.0001,,,,,none
349460,328,-0.033234,0.000229,1.69513,0.004022,0.014248,0.319125,0.005774,0.0,0.0001,,,,,none
349460,328,0.003418,0.0003,1.69518,0.004022,0.013421,0.303697,0.007261,0.0,0.0001,,,,,none
349460,328,-0.020179,0.000215,1.695237,0.004022,0.013688,0.12553,0.009893,0.0,0.0001,,,,,none
349460,328,-0.027672,0.000265,1.695286,0.004022,0.013809,0.084865,0.010711,0.0,0.0001,,,,,none
349460,328,-0.016728,0.000444,1.695337,0.004022,0.017397,0.148604,0.009215,0.0,0.0001,,,,,none
349460,328,-0.001459,0.000333,1.69541,0.004022,0.014775,0.090075,0.008299,0.0,0.0001,,,,,none
349460,328,-0.051178,0.000323,1.695498,0.004022,0.014636,0.102263,0.007192,0.0,0.0001,,,,,none
349460,328,-0.010512,0.000215,1.695585,0.004022,0.014707,0.275442,0.0043,0.0,0.0001,,,,,none
355154,332,0.007752,0.000719,1.695662,0.00401,0.019253,0.135776,0.008683,0.0,0.0001,,,,,none
355154,332,0.016727,0.000729,1.695732,0.00401,0.019474,0.07076,0.00777,0.0,0.0001,,,,,none
355154,332,0.01249,0.000381,1.695795,0.00401,0.017468,0.254537,0.003147,0.0,0.0001,,,,,none
355154,332,0.014838,0.000513,1.695837,0.00401,0.017105,0.122296,0.001142,0.0,0.0001,,,,,none
355154,332,-0.04916,0.00094,1.695873,0.00401,0.023197,0.224703,0.006423,0.0,0.0001,,,,,none
355154,332,0.088447,0.000349,1.695905,0.00401,0.017342,0.04243,0.010865,0.0,0.0001,,,,,none
355154,332,-0.046122,0.000675,1.695928,0.00401,0.020249,0.183869,0.001166,0.0,0.0001,,,,,none
355154,332,0.090713,0.000378,1.695954,0.00401,0.01887,0.236653,0.011288,0.0,0.0001,,,,,none
355154,332,-0.012581,0.000849,1.695969,0.00401,0.020408,0.121549,0.002989,0.0,0.0001,,,,,none
355154,332,-0.011438,0.000958,1.695985,0.00401,0.021155,0.064957,0.002306,0.0,0.0001,,,,,none
355154,332,0.068633,0.000392,1.695997,0.00401,0.019265,0.125374,0.002009,0.0,0.0001,,,,,none
355154,332,-0.025809,0.000474,1.696016,0.00401,0.017473,0.119641,0.010106,0.0,0.0001,,,,,none
360908,336,-0.055292,0.000207,1.69603,0.003998,0.014463,0.112915,0.001505,0.0,0.0001,,,,,none
360908,336,-0.069128,0.000309,1.696059,0.003998,0.015174,0.172753,0.001159,0.0,0.0001,,,,,none
360908,336,0.100529,0.000233,1.696079,0.003998,0.014861,0.12244,0.00724,0.0,0.0001,,,,,none
360908,336,0.06348,0.00024,1.696094,0.003998,0.0142,0.245435,0.005947,0.0,0.0001,,,,,none
360908,336,-0.035773,0.00023,1.696117,0.003998,0.014393,0.245301,0.00143,0.0,0.0001,,,,,none
360908,336,-0.084249,0.000291,1.69612,0.003998,0.015582,0.383643,0.00219,0.0,0.0001,,,,,none
360908,336,0.005579,0.000325,1.696125,0.003998,0.015618,0.151436,0.008207,0.0,0.0001,,,,,none
360908,336,-0.059375,0.000185,1.696127,0.003998,0.013476,0.305944,0.009656,0.0,0.0001,,,,,none
360908,336,0.017887,0.000276,1.696135,0.003998,0.015881,0.419828,0.01833,0.0,0.0001,,,,,none
360908,336,-0.08138,0.000288,1.696135,0.003998,0.014857,0.21932,0.016783,0.0,0.0001,,,,,none
360908,336,-0.031386,0.000208,1.696142,0.003998,0.013463,0.233668,0.01674,0.0,0.0001,,,,,none
360908,336,0.089855,0.000344,1.696153,0.003998,0.015508,0.252437,0.019689,0.0,0.0001,,,,,none
366659,340,-0.065554,0.00036,1.696171,0.003986,0.015882,0.136073,0.006966,0.0,0.0001,,,,,none
366659,340,-0.024337,0.000449,1.69617,0.003986,0.017128,0.229346,0.004015,0.0,0.0001,,,,,none
366659,340,0.036842,0.000406,1.696177,0.003986,0.015094,0.141664,0.002955,0.0,0.0001,,,,,none
366659,340,-0.028408,0.000385,1.69619,0.003986,0.016279,0.245295,0.006021,0.0,0.0001,,,,,none
366659,340,0.025287,0.000433,1.69621,0.003986,0.016504,0.105601,0.005364,0.0,0.0001,,,,,none
366659,340,-0.069053,0.000376,1.696226,0.003986,0.017347,0.144618,0.014107,0.0,0.0001,,,,,none
366659,340,0.04589,0.000353,1.696232,0.003986,0.01501,0.128528,0.007848,0.0,0.0001,,,,,none
366659,340,-0.004532,0.000498,1.696231,0.003986,0.01916,0.209282,0.012074,0.0,0.0001,,,,,none
366659,340,-0.120392,0.00033,1.696225,0.003986,0.018105,0.099044,0.018736,0.0,0.0001,,,,,none
366659,340,-0.053153,0.000337,1.696224,0.003986,0.016438,0.12451,0.014592,0.0,0.0001,,,,,none
366659,340,-0.08239,0.000367,1.696226,0.003986,0.016756,0.104759,0.013975,0.0,0.0001,,,,,none
366659,340,0.093881,0.000484,1.696222,0.003986,0.018083,0.374676,0.00389,0.0,0.0001,,,,,none
372390,344,-0.010277,0.000243,1.696213,0.003974,0.012615,0.035218,0.001085,0.0,0.0001,,,,,none
372390,344,0.039247,0.000231,1.696207,0.003974,0.014506,0.112075,0.004805,0.0,0.0001,,,,,none
372390,344,-0.054948,0.00023,1.696197,0.003974,0.013576,0.233646,0.002613,0.0,0.0001,,,,,none
372390,344,-0.064424,0.000206,1.696191,0.003974,0.011519,0.123133,0.004392,0.0,0.0001,,,,,none
372390,344,0.034687,0.000246,1.696192,0.003974,0.013865,0.109746,0.010851,0.0,0.0001,,,,,none
372390,344,0.017631,0.000277,1.696199,0.003974,0.016148,0.183168,0.010341,0.0,0.0001,,,,,none
372390,344,0.011838,0.000225,1.696189,0.003974,0.012846,0.204456,0.008966,0.0,0.0001,,,,,none
372390,344,-0.003854,0.00027,1.696186,0.003974,0.014428,0.148236,0.005697,0.0,0.0001,,,,,none
372390,344,-0.02668,0.000194,1.696167,0.003974,0.012434,0.086643,0.002455,0.0,0.0001,,,,,none
372390,344,0.03358,0.000229,1.696164,0.003974,0.012858,0.079721,0.003244,0.0,0.0001,,,,,none
372390,344,-0.020574,0.000221,1.696161,0.003974,0.013557,0.21501,0.001089,0.0,0.0001,,,,,none
372390,344,-0.03335,0.000218,1.696175,0.003974,0.011949,0.185986,0.002271,0.0,0.0001,,,,,none
377997,348,-0.002166,0.000855,1.696165,0.003962,0.019002,0.187548,0.017083,0.0,0.0001,,,,,none
377997,348,0.038909,0.000293,1.696175,0.003962,0.015201,0.071007,0.009927,0.0,0.0001,,,,,none
377997,348,-0.011659,0.000975,1.696186,0.003962,0.020807,0.133434,0.015137,0.0,0.0001,,,,,none
377997,348,-0.063662,0.000527,1.696213,0.003962,0.017919,0.157095,0.014522,0.0,0.0001,,,,,none
377997,348,0.049079,0.000989,1.696259,0.003962,0.018512,0.191732,0.004295,0.0,0.0001,,,,,none
377997,348,0.056558,0.000468,1.696294,0.003962,0.018807,0.084004,0.003431,0.0,0.0001,,,,,none
377997,348,-0.057486,0.001206,1.69635,0.003962,0.022985,0.160338,0.006876,0.0,0.0001,,,,,none
377997,348,0.020471,0.000461,1.696417,0.003962,0.019256,0.082083,0.007223,0.0,0.0001,,,,,none
377997,348,0.087453,0.000298,1.696491,0.003962,0.015079,0.103513,0.016346,0.0,0.0001,,,,,none
377997,348,0.053125,0.000412,1.696566,0.003962,0.018543,0.100936,0.013669,0.0,0.0001,,,,,none
377997,348,-0.01201,0.000462,1.696651,0.003962,0.018561,0.194497,0.007469,0.0,0.0001,,,,,none
377997,348,-0.014247,0.00136,1.696739,0.003962,0.023796,0.124387,0.002928,0.0,0.0001,,,,,none
381902,352,0.034505,0.001359,1.696848,0.00395,0.023566,0.401258,0.024526,0.0,0.0001,,,,,none
381902,352,-0.016637,0.001628,1.696948,0.00395,0.026203,0.121655,0.03306,0.0,0.0001,,,,,none
381902,352,-0.058217,0.002177,1.697035,0.00395,0.028438,0.237789,0.036227,0.0,0.0001,,,,,none
381902,352,0.085286,0.00067,1.69711,0.00395,0.020569,0.041603,0.012167,0.0,0.0001,,,,,none
381902,352,-0.066101,0.001834,1.697178,0.00395,0.027546,0.268655,0.027135,0.0,0.0001,,,,,none
381902,352,0.092585,0.000918,1.697246,0.00395,0.022639,0.343981,0.002954,0.0,0.0001,,,,,none
381902,352,-0.078033,0.002014,1.697308,0.00395,0.030625,0.236248,0.012728,0.0,0.0001,,,,,none
381902,352,0.10683,0.000676,1.697389,0.00395,0.024309,0.143237,0.023819,0.0,0.0001,,,,,none
386605,356,-0.026577,0.001877,1.697452,0.003938,0.020687,0.111358,0.007407,0.0,0.0001,,,,,none
386605,356,0.099305,0.000555,1.697519,0.003938,0.0202,0.05474,0.024199,0.0,0.0001,,,,,none
386605,356,-0.01214,0.002162,1.697585,0.003938,0.020985,0.246918,0.008606,0.0,0.0001,,,,,none
386605,356,0.049481,0.000808,1.697633,0.003938,0.019164,0.057852,0.016314,0.0,0.0001,,,,,none
386605,356,0.041054,0.001083,1.697678,0.003938,0.018229,0.097203,0.011389,0.0,0.0001,,,,,none
386605,356,-0.067288,0.003881,1.697724,0.003938,0.027599,0.270823,0.010215,0.0,0.0001,,,,,none
386605,356,0.083261,0.001052,1.697781,0.003938,0.017341,0.082499,0.005441,0.0,0.0001,,,,,none
386605,356,-0.033337,0.001909,1.697836,0.003938,0.021192,0.145245,0.013241,0.0,0.0001,,,,,none
386605,356,0.07442,0.000245,1.697895,0.003938,0.015138,0.120158,0.006948,0.0,0.0001,,,,,none
386605,356,0.08533,0.001399,1.697942,0.003938,0.020628,0.164829,0.008406,0.0,0.0001,,,,,none
386605,356,-0.054736,0.001603,1.69799,0.003938,0.020171,0.183224,0.022869,0.0,0.0001,,,,,none
386605,356,0.128379,0.000241,1.698045,0.003938,0.012772,0.187077,0.001084,0.0,0.0001,,,,,none
392246,360,-0.047967,0.00105,1.698092,0.003926,0.021859,0.19495,0.00323,0.0,0.0001,,,,,none
392246,360,0.02967,0.00045,1.698135,0.003926,0.017775,0.095796,0.01164,0.0,0.0001,,,,,none
392246,360,0.047897,0.000423,1.69816,0.003926,0.016177,0.208297,0.014771,0.0,0.0001,,,,,none
392246,360,-0.005667,0.000384,1.698178,0.003926,0.017053,0.127335,0.011836,0.0,0.0001,,,,,none
392246,360,0.012737,0.000651,1.698188,0.003926,0.018327,0.143671,0.011364,0.0,0.0001,,,,,none
392246,360,0.016321,0.001045,1.698194,0.003926,0.023058,0.093231,0.008261,0.0,0.0001,,,,,none
392246,360,0.06344,0.000311,1.698191,0.003926,0.015357,0.041683,0.009473,0.0,0.0001,,,,,none
392246,360,-0.158361,0.001181,1.698181,0.003926,0.021383,0.219661,0.016705,0.0,0.0001,,,,,none
392246,360,0.142608,0.000396,1.69818,0.003926,0.016311,0.253809,0.006969,0.0,0.0001,,,,,none
392246,360,0.06547,0.000286,1.698166,0.003926,0.014664,0.102565,0.00375,0.0,0.0001,,,,,none
392246,360,-0.15117,0.001155,1.698145,0.003926,0.021206,0.083051,0.02796,0.0,0.0001,,,,,none
392246,360,0.137362,0.000464,1.698144,0.003926,0.016456,0.207873,0.002986,0.0,0.0001,,,,,none
397902,364,-0.044498,0.000273,1.69813,0.003914,0.01373,0.090859,0.007578,0.0,0.0001,,,,,none
397902,364,-0.056816,0.000305,1.698115,0.003914,0.013815,0.048567,0.006193,0.0,0.0001,,,,,none
397902,364,0.009454,0.000541,1.698091,0.003914,0.016631,0.240005,0.008942,0.0,0.0001,,,,,none
397902,364,-0.021389,0.000385,1.698064,0.003914,0.013995,0.251334,0.003924,0.0,0.0001,,,,,none
397902,364,-0.024435,0.000314,1.698032,0.003914,0.01436,0.158871,0.001769,0.0,0.0001,,,,,none
397902,364,-0.06246,0.000357,1.697991,0.003914,0.014888,0.10057,0.004333,0.0,0.0001,,,,,none
397902,364,0.027573,0.000259,1.697958,0.003914,0.013753,0.283281,0.003055,0.0,0.0001,,,,,none
397902,364,-0.051324,0.000456,1.697932,0.003914,0.015446,0.246776,0.004624,0.0,0.0001,,,,,none
397902,364,-0.089281,0.000307,1.697904,0.003914,0.014701,0.09705,0.008509,0.0,0.0001,,,,,none
397902,364,-0.05637,0.000248,1.697858,0.003914,0.013732,0.157662,0.008234,0.0,0.0001,,,,,none
397902,364,-0.054008,0.000284,1.697814,0.003914,0.014772,0.224909,0.007884,0.0,0.0001,,,,,none
397902,364,0.02384,0.000512,1.697765,0.003914,0.015695,0.130461,0.003877,0.0,0.0001,,,,,none
403650,368,-0.049299,0.00019,1.697703,0.003902,0.01202,0.208516,0.001072,0.0,0.0001,,,,,none
403650,368,0.025928,0.00025,1.69763,0.003902,0.013741,0.227197,0.001824,0.0,0.0001,,,,,none
403650,368,0.010444,0.000181,1.69754,0.003902,0.0124,0.157945,0.003082,0.0,0.0001,,,,,none
403650,368,-0.054175,0.000212,1.697468,0.003902,0.013264,0.163153,0.00651,0.0,0.0001,,,,,none
403650,368,-0.01025,0.000202,1.697397,0.003902,0.013401,0.129804,0.004231,0.0,0.0001,,,,,none
403650,368,0.06326,0.000222,1.69733,0.003902,0.012399,0.18561,0.001158,0.0,0.0001,,,,,none
403650,368,0.027899,0.000235,1.697235,0.003902,0.013268,0.091637,0.001024,0.0,0.0001,,,,,none
403650,368,0.003094,0.000227,1.697132,0.003902,0.01318,0.150068,0.001536,0.0,0.0001,,,,,none
403650,368,-0.052794,0.00017,1.69704,0.003902,0.013435,0.09725,0.001722,0.0,0.0001,,,,,none
403650,368,-0.018435,0.000261,1.696944,0.003902,0.014244,0.084733,0.003244,0.0,0.0001,,,,,none
403650,368,0.014287,0.000241,1.696842,0.003902,0.014862,0.122117,0.00545,0.0,0.0001,,,,,none
403650,368,-0.009027,0.000149,1.696747,0.003902,0.012656,0.177639,0.00687,0.0,0.0001,,,,,none
407888,372,0.040679,0.001101,1.696666,0.00389,0.020259,0.277202,0.017967,0.0,0.0001,,,,,none
407888,372,-0.009357,0.000785,1.696607,0.00389,0.021119,0.189057,0.020198,0.0,0.0001,,,,,none
407888,372,0.156214,8.6e-05,1.696567,0.00389,0.009733,0.372515,0.002327,0.0,0.0001,,,,,none
407888,372,-0.06977,0.001169,1.696526,0.00389,0.022517,0.646252,0.026943,0.0,0.0001,,,,,none
407888,372,0.102053,0.000655,1.696505,0.00389,0.018515,0.407981,0.004848,0.0,0.0001,,,,,none
407888,372,0.147273,0.000554,1.696488,0.00389,0.019312,0.452779,0.008194,0.0,0.0001,,,,,none
407888,372,0.062471,0.000592,1.696444,0.00389,0.019572,0.193647,0.004694,0.0,0.0001,,,,,none
407888,372,-0.033847,0.001201,1.696415,0.00389,0.024688,0.153867,0.003908,0.0,0.0001,,,,,none
407888,372,0.203464,0.000661,1.696412,0.00389,0.021133,0.440842,0.029153,0.0,0.0001,,,,,none
407888,372,0.113311,0.000549,1.696367,0.00389,0.02091,0.187071,0.015068,0.0,0.0001,,,,,none
407888,372,-0.087534,0.001287,1.696329,0.00389,0.024968,0.316547,0.009226,0.0,0.0001,,,,,none
407888,372,0.228946,0.0002,1.696316,0.00389,0.015944,0.330151,0.018544,0.0,0.0001,,,,,none
413538,376,0.045238,0.000212,1.696322,0.003878,0.014532,0.147581,0.007984,0.0,0.0001,,,,,none
413538,376,-0.042346,0.000189,1.696294,0.003878,0.014176,0.31608,0.001436,0.0,0.0001,,,,,none
413538,376,-0.032782,0.00035,1.696252,0.003878,0.014718,0.182363,0.001764,0.0,0.0001,,,,,none
413538,376,0.034293,0.000191,1.6962,0.003878,0.013538,0.181184,0.002224,0.0,0.0001,,,,,none
413538,376,0.034619,0.000303,1.696116,0.003878,0.014902,0.217957,0.004187,0.0,0.0001,,,,,none
413538,376,-0.11545,0.000247,1.696023,0.003878,0.015115,0.100127,0.012574,0.0,0.0001,,,,,none
413538,376,0.021731,0.00025,1.69593,0.003878,0.014381,0.305384,0.006067,0.0,0.0001,,,,,none
413538,376,0.011858,0.000251,1.695813,0.003878,0.014695,0.324566,0.007514,0.0,0.0001,,,,,none
413538,376,-0.069179,0.0003,1.695673,0.003878,0.016372,0.169146,0.015189,0.0,0.0001,,,,,none
413538,376,-0.023361,0.000292,1.695558,0.003878,0.014892,0.137639,0.012563,0.0,0.0001,,,,,none
413538,376,-0.098766,0.0003,1.695439,0.003878,0.016201,0.197024,0.015979,0.0,0.0001,,,,,none
413538,376,0.132691,0.000242,1.695321,0.003878,0.015927,0.250294,0.004078,0.0,0.0001,,,,,none
419230,380,-0.042972,0.000269,1.695178,0.003866,0.014851,0.219512,0.002418,0.0,0.0001,,,,,none
419230,380,0.007625,0.000197,1.695066,0.003866,0.013665,0.221389,0.006882,0.0,0.0001,,,,,none
419230,380,0.020148,0.000376,1.694974,0.003866,0.017669,0.100928,0.009024,0.0,0.0001,,,,,none
419230,380,-0.011617,0.000333,1.694889,0.003866,0.01523,0.342525,0.005739,0.0,0.0001,,,,,none
419230,380,-0.010326,0.000277,1.694806,0.003866,0.016015,0.398683,0.00272,0.0,0.0001,,,,,none
419230,380,0.005025,0.000212,1.694764,0.003866,0.014376,0.477938,0.002533,0.0,0.0001,,,,,none
419230,380,0.031368,0.000285,1.694732,0.003866,0.016689,0.282313,0.006494,0.0,0.0001,,,,,none
419230,380,-0.032029,0.000261,1.694713,0.003866,0.015119,0.214172,0.005345,0.0,0.0001,,,,,none
419230,380,-0.019168,0.000322,1.694704,0.003866,0.014907,0.277502,0.008282,0.0,0.0001,,,,,none
419230,380,-0.031743,0.00036,1.694699,0.003866,0.016583,0.499594,0.003755,0.0,0.0001,,,,,none
419230,380,-0.041001,0.000203,1.694683,0.003866,0.014684,0.142894,0.001662,0.0,0.0001,,,,,none
419230,380,0.072289,0.000316,1.694692,0.003866,0.015734,0.215356,0.003512,0.0,0.0001,,,,,none
424506,384,0.077629,0.002332,1.694698,0.003854,0.020859,0.392179,0.008051,0.0,0.0001,,,,,none
424506,384,-0.005856,0.000284,1.694698,0.003854,0.01466,0.043892,0.007527,0.0,0.0001,,,,,none
424506,384,-0.002948,0.000256,1.694698,0.003854,0.014526,0.095566,0.005686,0.0,0.0001,,,,,none
424506,384,0.041024,0.000965,1.694705,0.003854,0.015317,0.142878,0.002896,0.0,0.0001,,,,,none
424506,384,0.030808,0.00127,1.694708,0.003854,0.018744,0.151057,0.002899,0.0,0.0001,,,,,none
424506,384,-0.000879,0.00083,1.694715,0.003854,0.017094,0.132214,0.003121,0.0,0.0001,,,,,none
424506,384,0.059352,0.000946,1.694718,0.003854,0.016335,0.047471,0.009142,0.0,0.0001,,,,,none
424506,384,-0.004476,0.001295,1.694718,0.003854,0.018805,0.237757,0.00476,0.0,0.0001,,,,,none
424506,384,0.028496,0.000821,1.694713,0.003854,0.018162,0.321279,0.008706,0.0,0.0001,,,,,none
424506,384,0.001219,0.001899,1.694715,0.003854,0.020419,0.119665,0.004367,0.0,0.0001,,,,,none
424506,384,0.054489,0.00062,1.694717,0.003854,0.016249,0.083656,0.010328,0.0,0.0001,,,,,none
424506,384,0.028456,0.000258,1.694716,0.003854,0.012119,0.074987,0.006778,0.0,0.0001,,,,,none
428767,388,0.046619,0.000369,1.694724,0.003842,0.015382,0.267704,0.003794,0.0,0.0001,,,,,none
428767,388,-0.044758,0.0006,1.69472,0.003842,0.016288,0.151087,0.008465,0.0,0.0001,,,,,none
428767,388,0.158482,0.000355,1.69471,0.003842,0.017953,0.805543,0.005618,0.0,0.0001,,,,,none
428767,388,0.037823,0.000493,1.694688,0.003842,0.01663,0.198673,0.008578,0.0,0.0001,,,,,none
428767,388,-0.019304,0.000522,1.694636,0.003842,0.016098,0.178483,0.01301,0.0,0.0001,,,,,none
428767,388,-0.004523,0.000102,1.694586,0.003842,0.009658,0.571305,0.010857,0.0,0.0001,,,,,none
428767,388,-0.074845,0.000723,1.694532,0.003842,0.017561,0.328221,0.015446,0.0,0.0001,,,,,none
428767,388,0.05619,0.000245,1.69447,0.003842,0.014403,0.049963,0.000673,0.0,0.0001,,,,,none
428767,388,0.387393,0.000673,1.694403,0.003842,0.017751,0.635285,0.025206,0.0,0.0001,,,,,none
428767,388,-0.042562,0.000653,1.694311,0.003842,0.017062,0.377799,0.005962,0.0,0.0001,,,,,none
428767,388,0.066956,0.00037,1.694221,0.003842,0.017201,0.321446,0.007184,0.0,0.0001,,,,,none
428767,388,-0.077385,0.000145,1.694123,0.003842,0.011727,0.114559,0.00307,0.0,0.0001,,,,,none
434349,392,-0.001499,0.000899,1.694063,0.00383,0.018358,0.21467,0.007967,0.0,0.0001,,,,,none
434349,392,0.061763,0.000312,1.693994,0.00383,0.015628,0.058373,0.000432,0.0,0.0001,,,,,none
434349,392,-0.057564,0.000494,1.693926,0.00383,0.017366,0.084867,0.009174,0.0,0.0001,,,,,none
434349,392,-0.00968,0.000907,1.693876,0.00383,0.020275,0.16583,0.006725,0.0,0.0001,,,,,none
434349,392,0.036574,0.00052,1.693813,0.00383,0.016863,0.195394,0.003371,0.0,0.0001,,,,,none
434349,392,-0.010753,0.000198,1.693752,0.00383,0.014737,0.272066,0.001234,0.0,0.0001,,,,,none
434349,392,0.031125,0.000337,1.693693,0.00383,0.014923,0.240765,0.000928,0.0,0.0001,,,,,none
434349,392,-0.024476,0.000536,1.693623,0.00383,0.015944,0.12128,0.007438,0.0,0.0001,,,,,none
434349,392,0.017419,0.000928,1.693555,0.00383,0.023147,0.100384,0.008098,0.0,0.0001,,,,,none
434349,392,-0.007183,0.001016,1.693493,0.00383,0.0214,0.240549,0.012771,0.0,0.0001,,,,,none
434349,392,0.017563,0.000215,1.693424,0.00383,0.01467,0.101438,0.004293,0.0,0.0001,,,,,none
434349,392,0.013534,0.000467,1.693356,0.00383,0.01637,0.151445,0.005723,0.0,0.0001,,,,,none
439960,396,-0.049537,0.000828,1.693299,0.003818,0.020709,0.1016,0.010133,0.0,0.0001,,,,,none
439960,396,0.011848,0.000567,1.693259,0.003818,0.016489,0.109501,0.001396,0.0,0.0001,,,,,none
439960,396,0.054387,0.000391,1.693236,0.003818,0.017589,0.230566,0.0083,0.0,0.0001,,,,,none
439960,396,-0.056801,0.000972,1.693221,0.003818,0.020329,0.170765,0.001362,0.0,0.0001,,,,,none
439960,396,0.053115,0.000415,1.693212,0.003818,0.01914,0.378325,0.015547,0.0,0.0001,,,,,none
439960,396,0.00813,0.000419,1.693208,0.003818,0.017203,0.409926,0.010888,0.0,0.0001,,,,,none
439960,396,-0.012171,0.000649,1.693223,0.003818,0.018264,0.178625,0.006205,0.0,0.0001,,,,,none
439960,396,0.026521,0.000455,1.693242,0.003818,0.018001,0.142844,0.005352,0.0,0.0001,,,,,none
439960,396,-0.012366,0.000726,1.693276,0.003818,0.017991,0.21371,0.00273,0.0,0.0001,,,,,none
439960,396,-0.053401,0.0004,1.69331,0.003818,0.01471,0.144544,0.00639,0.0,0.0001,,,,,none
439960,396,0.03392,0.000646,1.693342,0.003818,0.017702,0.364592,0.001993,0.0,0.0001,,,,,none
439960,396,0.031213,0.000761,1.693375,0.003818,0.019949,0.131103,0.003469,0.0,0.0001,,,,,none
445591,400,-0.092957,0.000729,1.693429,0.003806,0.019585,0.313355,0.013523,0.0,0.0001,,,,,none
445591,400,0.077781,0.000426,1.693476,0.003806,0.018492,0.097081,0.003149,0.0,0.0001,,,,,none
445591,400,0.054463,0.000664,1.693516,0.003806,0.017447,0.249942,0.000946,0.0,0.0001,,,,,none
445591,400,-0.002126,0.00063,1.693542,0.003806,0.0199,0.452639,0.004271,0.0,0.0001,,,,,none
445591,400,-0.000478,0.000642,1.693573,0.003806,0.018004,0.16152,0.006867,0.0,0.0001,,,,,none
445591,400,0.040301,0.000515,1.693601,0.003806,0.017735,0.044109,0.002731,0.0,0.0001,,,,,none
445591,400,0.005846,0.000578,1.69362,0.003806,0.01972,0.078466,0.007146,0.0,0.0001,,,,,none
445591,400,0.023187,0.000823,1.693644,0.003806,0.018691,0.302486,0.009531,0.0,0.0001,,,,,none
445591,400,-0.000306,0.00034,1.693653,0.003806,0.016513,0.29294,0.007031,0.0,0.0001,,,,,none
445591,400,0.057648,0.000443,1.693662,0.003806,0.017914,0.14173,0.002659,0.0,0.0001,,,,,none
445591,400,0.061701,0.000427,1.693674,0.003806,0.017373,0.121478,0.008278,0.0,0.0001,,,,,none
445591,400,-0.117185,0.001018,1.693696,0.003806,0.021582,0.165712,0.007304,0.0,0.0001,,,,,none
451363,404,0.031472,0.000442,1.693717,0.003794,0.017818,0.115223,0.011941,0.0,0.0001,,,,,none
451363,404,-0.053004,0.000321,1.693725,0.003794,0.014494,0.135352,0.007878,0.0,0.0001,,,,,none
451363,404,-0.035283,0.000291,1.693717,0.003794,0.01641,0.202504,0.00863,0.0,0.0001,,,,,none
451363,404,0.041751,0.000467,1.693715,0.003794,0.01747,0.126517,0.013427,0.0,0.0001,,,,,none
451363,404,-0.00168,0.000272,1.693692,0.003794,0.014063,0.169601,0.011324,0.0,0.0001,,,,,none
451363,404,-0.107216,0.000298,1.693665,0.003794,0.014928,0.204603,0.00536,0.0,0.0001,,,,,none
451363,404,-0.053707,0.000299,1.693644,0.003794,0.014627,0.208211,0.006663,0.0,0.0001,,,,,none
451363,404,0.017339,0.000452,1.693628,0.003794,0.015662,0.392402,0.007095,0.0,0.0001,,,,,none
451363,404,-0.013447,0.000237,1.693581,0.003794,0.013485,0.180114,0.000756,0.0,0.0001,,,,,none
451363,404,-0.015571,0.000417,1.693542,0.003794,0.015431,0.14858,0.003389,0.0,0.0001,,,,,none
451363,404,0.005579,0.000235,1.693482,0.003794,0.014401,0.257364,0.006215,0.0,0.0001,,,,,none
451363,404,-0.04423,0.000367,1.693437,0.003794,0.017804,0.26647,0.009699,0.0,0.0001,,,,,none
457088,408,-0.004294,0.000375,1.693367,0.003782,0.015604,0.342188,0.007529,0.0,0.0001,,,,,none
457088,408,-0.030748,0.000362,1.693313,0.003782,0.015388,0.087707,0.003549,0.0,0.0001,,,,,none
457088,408,-0.055654,0.00049,1.693281,0.003782,0.017543,0.310132,0.003778,0.0,0.0001,,,,,none
457088,408,-0.149621,0.000255,1.693251,0.003782,0.013219,0.475125,0.010423,0.0,0.0001,,,,,none
457088,408,-0.025699,0.000318,1.693233,0.003782,0.015043,0.104349,0.001256,0.0,0.0001,,,,,none
457088,408,0.120053,0.000645,1.693225,0.003782,0.020363,0.077136,0.014133,0.0,0.0001,,,,,none
457088,408,-0.067088,0.000254,1.6932,0.003782,0.014135,0.060045,0.001456,0.0,0.0001,,,,,none
457088,408,0.018314,0.000482,1.693178,0.003782,0.015573,0.200509,0.006998,0.0,0.0001,,,,,none
457088,408,-0.035132,0.000374,1.693162,0.003782,0.015915,0.116145,0.00451,0.0,0.0001,,,,,none
457088,408,0.027501,0.000435,1.693151,0.003782,0.015532,0.096492,0.004532,0.0,0.0001,,,,,none
457088,408,-0.009218,0.000303,1.693129,0.003782,0.015987,0.035632,0.002304,0.0,0.0001,,,,,none
457088,408,-0.119363,0.000323,1.69312,0.003782,0.015624,0.279485,0.014076,0.0,0.0001,,,,,none
461443,412,-0.032168,0.000545,1.693117,0.00377,0.017228,0.244157,0.011773,0.0,0.0001,,,,,none
461443,412,0.059578,0.000533,1.693144,0.00377,0.016991,0.10435,0.002652,0.0,0.0001,,,,,none
461443,412,0.122516,0.000332,1.693164,0.00377,0.012437,0.258413,0.005661,0.0,0.0001,,,,,none
461443,412,-0.018045,0.000628,1.693161,0.00377,0.015499,0.177415,0.004243,0.0,0.0001,,,,,none
461443,412,0.048191,0.000359,1.693162,0.00377,0.015699,0.416045,0.006307,0.0,0.0001,,,,,none
461443,412,0.097646,0.000945,1.693157,0.00377,0.025375,0.46064,0.0069,0.0,0.0001,,,,,none
461443,412,-0.015517,0.000814,1.6932,0.00377,0.019358,0.183445,0.00645,0.0,0.0001,,,,,none
461443,412,0.036315,0.000269,1.693256,0.00377,0.013509,0.062888,0.002272,0.0,0.0001,,,,,none
461443,412,0.170474,9.2e-05,1.693305,0.00377,0.009667,0.503507,0.002937,0.0,0.0001,,,,,none
461443,412,-0.006844,0.000405,1.693357,0.00377,0.015862,0.089536,0.008764,0.0,0.0001,,,,,none
461443,412,0.028182,0.000495,1.693418,0.00377,0.015264,0.153395,0.004984,0.0,0.0001,,,,,none
461443,412,0.177849,0.001357,1.693479,0.00377,0.020178,0.625165,0.003285,0.0,0.0001,,,,,none
467115,416,-0.039411,0.000259,1.693552,0.003758,0.012318,0.106426,0.001527,0.0,0.0001,,,,,none
467115,416,0.07328,0.000419,1.693612,0.003758,0.015564,0.16209,0.012012,0.0,0.0001,,,,,none
467115,416,-0.117934,0.000224,1.693667,0.003758,0.013716,0.040985,0.002366,0.0,0.0001,,,,,none
467115,416,0.079587,0.000307,1.69372,0.003758,0.014455,0.508051,0.011985,0.0,0.0001,,,,,none
467115,416,-0.059533,0.000215,1.693745,0.003758,0.012914,0.633078,0.001763,0.0,0.0001,,,,,none
467115,416,-0.104578,0.000396,1.693771,0.003758,0.014256,0.197658,0.007637,0.0,0.0001,,,,,none
467115,416,0.047162,0.000287,1.693798,0.003758,0.015607,0.168778,0.008968,0.0,0.0001,,,,,none
467115,416,-0.046574,0.000261,1.693825,0.003758,0.016341,0.171854,0.019424,0.0,0.0001,,,,,none
467115,416,-0.077966,0.000451,1.693841,0.003758,0.017423,0.353902,0.025696,0.0,0.0001,,,,,none
467115,416,0.06703,0.000387,1.693866,0.003758,0.016495,0.390251,0.016703,0.0,0.0001,,,,,none
467115,416,-0.102731,0.000231,1.693883,0.003758,0.014998,0.232887,0.018489,0.0,0.0001,,,,,none
467115,416,-0.028232,0.000314,1.693896,0.003758,0.014934,0.137917,0.006321,0.0,0.0001,,,,,none
472795,420,0.025864,0.000238,1.693898,0.003746,0.012173,0.170326,0.003747,0.0,0.0001,,,,,none
472795,420,-0.115613,0.000152,1.693889,0.003746,0.01263,0.332077,0.007642,0.0,0.0001,,,,,none
472795,420,0.08574,0.000335,1.693864,0.003746,0.015591,0.261491,0.020852,0.0,0.0001,,,,,none
472795,420,-0.032027,0.000248,1.693819,0.003746,0.014441,0.07814,0.018235,0.0,0.0001,,,,,none
472795,420,-0.0111,0.00025,1.693774,0.003746,0.014686,0.251872,0.018853,0.0,0.0001,,,,,none
472795,420,0.026742,0.000244,1.693708,0.003746,0.01414,0.239973,0.015165,0.0,0.0001,,,,,none
472795,420,0.010721,0.000187,1.693627,0.003746,0.012877,0.135097,0.007496,0.0,0.0001,,,,,none
472795,420,-0.046689,0.000178,1.693534,0.003746,0.012018,0.245699,0.00083,0.0,0.0001,,,,,none
472795,420,0.018494,0.000278,1.693436,0.003746,0.012956,0.80541,0.006898,0.0,0.0001,,,,,none
472795,420,0.03799,0.000236,1.693336,0.003746,0.01288,0.224952,0.010347,0.0,0.0001,,,,,none
472795,420,-0.093353,0.000262,1.69324,0.003746,0.015448,0.058319,0.020188,0.0,0.0001,,,,,none
472795,420,0.044579,0.000219,1.69313,0.003746,0.012563,0.114438,0.012488,0.0,0.0001,,,,,none
476386,424,-0.011479,0.004232,1.693019,0.003734,0.031582,0.245047,0.043862,0.0,0.0001,,,,,none
476386,424,0.074625,0.00143,1.692901,0.003734,0.019183,0.093826,0.017698,0.0,0.0001,,,,,none
476386,424,0.045974,0.002025,1.692772,0.003734,0.023696,0.147336,0.01876,0.0,0.0001,,,,,none
476386,424,0.002765,0.00409,1.692652,0.003734,0.029007,0.158376,0.022928,0.0,0.0001,,,,,none
476386,424,0.067036,0.002088,1.692521,0.003734,0.023157,0.208334,0.003734,0.0,0.0001,,,,,none
476386,424,-0.023748,0.003961,1.692394,0.003734,0.033382,0.138494,0.00782,0.0,0.0001,,,,,none
476386,424,-0.010947,0.003566,1.692259,0.003734,0.032054,0.217527,0.002139,0.0,0.0001,,,,,none
476386,424,0.075722,0.002144,1.692132,0.003734,0.030182,0.262655,0.023905,0.0,0.0001,,,,,none
482104,428,0.009028,0.000618,1.692008,0.003722,0.019364,0.094889,0.0041,0.0,0.0001,,,,,none
482104,428,-0.005592,0.000732,1.691899,0.003722,0.018498,0.163093,0.007887,0.0,0.0001,,,,,none
482104,428,0.05969,0.00036,1.691827,0.003722,0.016623,0.158311,0.017852,0.0,0.0001,,,,,none
482104,428,0.056948,0.000382,1.691772,0.003722,0.018833,0.086036,0.018338,0.0,0.0001,,,,,none
482104,428,0.042943,0.000621,1.691747,0.003722,0.01766,0.102083,0.013024,0.0,0.0001,,,,,none
482104,428,-0.059259,0.000813,1.691729,0.003722,0.02024,0.258188,0.002284,0.0,0.0001,,,,,none
482104,428,-0.016697,0.000468,1.691719,0.003722,0.017702,0.144793,0.002684,0.0,0.0001,,,,,none
482104,428,0.066515,0.000487,1.691723,0.003722,0.017487,0.118512,0.001781,0.0,0.0001,,,,,none
482104,428,0.003815,0.000801,1.691742,0.003722,0.017211,0.240459,0.010161,0.0,0.0001,,,,,none
482104,428,-0.020509,0.000395,1.691767,0.003722,0.015624,0.200339,0.012469,0.0,0.0001,,,,,none
482104,428,0.09511,0.000252,1.691794,0.003722,0.01567,0.141697,0.00736,0.0,0.0001,,,,,none
482104,428,-0.026701,0.001194,1.691818,0.003722,0.021422,0.452909,0.019881,0.0,0.0001,,,,,none
486785,432,0.058407,0.001106,1.691874,0.00371,0.016687,0.083611,0.003331,0.0,0.0001,,,,,none
486785,432,-0.005192,0.001484,1.691941,0.00371,0.02204,0.126996,0.00314,0.0,0.0001,,,,,none
486785,432,0.038355,0.000337,1.691993,0.00371,0.016409,0.156331,0.011188,0.0,0.0001,,,,,none
486785,432,0.01538,0.000732,1.692042,0.00371,0.018424,0.13127,0.010042,0.0,0.0001,,,,,none
486785,432,0.021043,0.001907,1.692086,0.00371,0.022461,0.120276,0.011195,0.0,0.0001,,,,,none
486785,432,0.097066,0.000277,1.692127,0.00371,0.0171,0.117197,0.023338,0.0,0.0001,,,,,none
486785,432,0.023989,0.001626,1.692181,0.00371,0.021637,0.167059,0.009734,0.0,0.0001,,,,,none
486785,432,0.004509,0.000961,1.692234,0.00371,0.017381,0.202204,0.004926,0.0,0.0001,,,,,none
486785,432,0.127041,0.00033,1.692287,0.00371,0.014305,0.055364,0.010105,0.0,0.0001,,,,,none
486785,432,0.026632,0.001348,1.692338,0.00371,0.016867,0.146531,0.008576,0.0,0.0001,,,,,none
486785,432,0.010587,0.001281,1.692385,0.00371,0.018775,0.115965,0.016328,0.0,0.0001,,,,,none
486785,432,0.098528,0.000208,1.692437,0.00371,0.013797,0.11336,0.007006,0.0,0.0001,,,,,none
491212,436,0.079543,0.000643,1.692499,0.003698,0.018101,0.136768,0.001584,0.0,0.0001,,,,,none
491212,436,-0.021726,0.000168,1.692543,0.003698,0.013678,0.200338,0.003794,0.0,0.0001,,,,,none
491212,436,-0.01082,0.000215,1.692581,0.003698,0.014081,0.230772,0.00267,0.0,0.0001,,,,,none
491212,436,0.031585,0.00036,1.692616,0.003698,0.014967,0.080103,0.002605,0.0,0.0001,,,,,none
491212,436,0.045359,0.000422,1.692638,0.003698,0.015504,0.4746,0.002695,0.0,0.0001,,,,,none
491212,436,-0.125103,0.000275,1.692641,0.003698,0.016973,0.508419,0.00445,0.0,0.0001,,,,,none
491212,436,0.016162,0.000497,1.692661,0.003698,0.017014,0.083144,0.004998,0.0,0.0001,,,,,none
491212,436,0.044947,0.000311,1.692664,0.003698,0.013942,0.115617,0.008344,0.0,0.0001,,,,,none
491212,436,-0.027888,0.000184,1.692661,0.003698,0.014249,0.333733,0.005781,0.0,0.0001,,,,,none
491212,436,0.032824,0.000372,1.692671,0.003698,0.015558,0.186065,0.01057,0.0,0.0001,,,,,none
491212,436,0.029813,0.000457,1.692664,0.003698,0.016125,0.511064,0.011273,0.0,0.0001,,,,,none
491212,436,-0.039572,0.000158,1.692656,0.003698,0.014015,0.15903,0.002523,0.0,0.0001,,,,,none
496946,440,-0.032754,0.000207,1.692643,0.003686,0.012068,0.215468,0.002063,0.0,0.0001,,,,,none
496946,440,0.036201,0.000217,1.692627,0.003686,0.011503,0.157911,0.001757,0.0,0.0001,,,,,none
496946,440,-0.052209,0.000186,1.692604,0.003686,0.012382,0.126153,0.00543,0.0,0.0001,,,,,none
496946,440,0.040967,0.000249,1.692569,0.003686,0.013788,0.150589,0.005366,0.0,0.0001,,,,,none
496946,440,0.004138,0.000245,1.692525,0.003686,0.011866,0.132431,0.008485,0.0,0.0001,,,,,none
496946,440,-0.1007,0.000114,1.692467,0.003686,0.010737,0.128108,0.011259,0.0,0.0001,,,,,none
496946,440,-0.011297,0.000146,1.692415,0.003686,0.011927,0.324297,0.003882,0.0,0.0001,,,,,none
496946,440,-0.019197,0.000272,1.692357,0.003686,0.01285,0.187053,0.003473,0.0,0.0001,,,,,none
496946,440,-0.009312,0.000198,1.692285,0.003686,0.012539,0.104013,0.013012,0.0,0.0001,,,,,none
496946,440,0.064195,0.000272,1.692212,0.003686,0.015201,0.201957,0.023007,0.0,0.0001,,,,,none
496946,440,-0.083964,0.00017,1.692124,0.003686,0.013609,0.267235,0.02057,0.0,0.0001,,,,,none
496946,440,-0.021603,0.000307,1.692037,0.003686,0.014647,0.285877,0.023736,0.0,0.0001,,,,,none
501573,444,-0.020671,0.00194,1.691965,0.003674,0.021271,0.075424,0.008359,0.0,0.0001,,,,,none
501573,444,0.072077,0.000362,1.691895,0.003674,0.015025,0.101873,0.00349,0.0,0.0001,,,,,none
501573,444,0.101424,0.000145,1.691818,0.003674,0.011237,0.049102,0.003874,0.0,0.0001,,,,,none
501573,444,-0.01015,0.001131,1.691756,0.003674,0.017413,0.087351,0.011361,0.0,0.0001,,,,,none
501573,444,0.049373,0.001149,1.691695,0.003674,0.018128,0.047628,0.006547,0.0,0.0001,,,,,none
501573,444,0.14727,0.000265,1.691629,0.003674,0.012854,0.108777,0.005057,0.0,0.0001,,,,,none
501573,444,0.01086,0.001583,1.691562,0.003674,0.018821,0.048058,0.010534,0.0,0.0001,,,,,none
501573,444,0.013802,0.000682,1.691495,0.003674,0.016559,0.287134,0.006565,0.0,0.0001,,,,,none
501573,444,0.20197,0.000339,1.691423,0.003674,0.014343,0.066414,0.012225,0.0,0.0001,,,,,none
501573,444,0.047744,0.000681,1.691334,0.003674,0.014294,0.034316,0.005822,0.0,0.0001,,,,,none
501573,444,0.037825,0.001609,1.691256,0.003674,0.020574,0.106848,0.008907,0.0,0.0001,,,,,none
501573,444,-0.020688,0.000233,1.691162,0.003674,0.015901,0.070587,0.015572,0.0,0.0001,,,,,none
505173,448,-0.003699,0.003217,1.691076,0.003662,0.028508,0.328685,0.0228,0.0,0.0001,,,,,none
505173,448,0.048323,0.002699,1.691003,0.003662,0.024805,0.153293,0.009779,0.0,0.0001,,,,,none
505173,448,-0.05539,0.004625,1.690948,0.003662,0.03358,0.291268,0.030948,0.0,0.0001,,,,,none
505173,448,0.114941,0.000941,1.690908,0.003662,0.019438,0.200064,0.010776,0.0,0.0001,,,,,none
505173,448,0.08266,0.002478,1.690864,0.003662,0.025494,0.410758,0.008343,0.0,0.0001,,,,,none
505173,448,-0.059852,0.003607,1.69081,0.003662,0.031597,0.429344,0.021684,0.0,0.0001,,,,,none
505173,448,0.024016,0.003574,1.690774,0.003662,0.029945,0.287982,0.005212,0.0,0.0001,,,,,none
505173,448,0.016597,0.002272,1.690751,0.003662,0.034105,0.082944,0.019221,0.0,0.0001,,,,,none
510931,452,-0.07829,0.000259,1.690729,0.00365,0.01605,0.460541,0.016984,0.0,0.0001,,,,,none
510931,452,0.084779,0.000437,1.690726,0.00365,0.019524,0.269294,0.034281,0.0,0.0001,,,,,none
510931,452,-0.071512,0.000386,1.690714,0.00365,0.019343,0.983608,0.032085,0.0,0.0001,,,,,none
510931,452,-0.092506,0.000258,1.6907,0.00365,0.017123,0.908982,0.029305,0.0,0.0001,,,,,none
510931,452,0.071998,0.000415,1.690694,0.00365,0.018676,0.954286,0.02792,0.0,0.0001,,,,,none
510931,452,-0.038714,0.000326,1.690679,0.00365,0.016223,0.212073,0.009054,0.0,0.0001,,,,,none
510931,452,0.002605,0.000253,1.690666,0.00365,0.013406,0.075948,0.003277,0.0,0.0001,,,,,none
510931,452,-0.068955,0.000315,1.690644,0.00365,0.01519,0.315895,0.016343,0.0,0.0001,,,,,none
510931,452,0.017202,0.000297,1.690607,0.00365,0.016597,0.469576,0.018207,0.0,0.0001,,,,,none
510931,452,-0.13699,0.000341,1.690584,0.00365,0.017541,0.410531,0.024799,0.0,0.0001,,,,,none
510931,452,-0.014837,0.000238,1.690558,0.00365,0.013389,0.169987,0.00888,0.0,0.0001,,,,,none
510931,452,0.122104,0.00029,1.690547,0.00365,0.014327,0.360754,0.007605,0.0,0.0001,,,,,none
513039,456,0.011632,0.005186,1.690511,0.003638,0.037277,0.083401,0.026225,0.0,0.0001,,,,,none
513039,456,0.185757,6.6e-05,1.690484,0.003638,0.010624,0.250384,0.009775,0.0,0.0001,,,,,none
513039,456,0.042146,0.004133,1.69044,0.003638,0.035392,0.035825,0.008144,0.0,0.0001,,,,,none
513039,456,-0.45411,0.02174,1.690404,0.003638,0.090704,0.70548,0.098735,0.0,0.0001,,,,,none
513039,456,0.005892,0.005064,1.690373,0.003638,0.041798,0.268177,0.003503,0.0,0.0001,,,,,none
513039,456,0.342395,0.001541,1.690344,0.003638,0.037869,0.229378,0.071713,0.0,0.0001,,,,,none
513039,456,0.019609,0.005018,1.690326,0.003638,0.042554,0.066808,0.007584,0.0,0.0001,,,,,none
513039,456,0.028705,0.001709,1.690313,0.003638,0.039355,0.257522,0.008926,0.0,0.0001,,,,,none
517702,460,0.073941,0.000733,1.690311,0.003626,0.019025,0.061486,0.018496,0.0,0.0001,,,,,none
517702,460,0.056164,0.000278,1.690293,0.003626,0.014701,0.087955,0.01026,0.0,0.0001,,,,,none
517702,460,-0.233968,0.002902,1.690281,0.003626,0.02909,0.439414,0.028963,0.0,0.0001,,,,,none
517702,460,0.062115,0.000305,1.690234,0.003626,0.014503,0.05226,0.003057,0.0,0.0001,,,,,none
517702,460,0.058147,0.000348,1.690194,0.003626,0.015673,0.336619,0.007546,0.0,0.0001,,,,,none
517702,460,-0.210796,0.003997,1.690144,0.003626,0.03295,0.55719,0.040794,0.0,0.0001,,,,,none
517702,460,0.086818,0.00055,1.690068,0.003626,0.016006,0.231116,0.001629,0.0,0.0001,,,,,none
517702,460,0.000117,0.000789,1.689986,0.003626,0.01878,0.098564,0.00218,0.0,0.0001,,,,,none
517702,460,-0.088898,0.001546,1.689893,0.003626,0.019582,0.229134,0.009216,0.0,0.0001,,,,,none
517702,460,0.003177,0.000917,1.689814,0.003626,0.018992,0.073655,0.008005,0.0,0.0001,,,,,none
517702,460,0.04681,0.000726,1.689722,0.003626,0.018749,0.145312,0.014776,0.0,0.0001,,,,,none
517702,460,0.028684,0.000753,1.689647,0.003626,0.022096,0.151253,0.016506,0.0,0.0001,,,,,none
522236,464,-0.002486,0.001005,1.689545,0.003614,0.018513,0.063324,0.014201,0.0,0.0001,,,,,none
522236,464,0.044482,0.001076,1.689448,0.003614,0.017762,0.152148,0.015304,0.0,0.0001,,,,,none
522236,464,0.082766,0.000268,1.689362,0.003614,0.01257,0.105341,0.01595,0.0,0.0001,,,,,none
522236,464,0.036794,0.001546,1.689291,0.003614,0.017712,0.098847,0.00297,0.0,0.0001,,,,,none
522236,464,0.020519,0.000493,1.689221,0.003614,0.013925,0.091285,0.000638,0.0,0.0001,,,,,none
522236,464,0.015579,0.000149,1.689162,0.003614,0.012937,0.040909,0.005598,0.0,0.0001,,,,,none
522236,464,0.096179,0.000251,1.689105,0.003614,0.013458,0.069029,0.001549,0.0,0.0001,,,,,none
522236,464,-0.002882,0.001786,1.689057,0.003614,0.017853,0.093359,0.016791,0.0,0.0001,,,,,none
522236,464,-0.139471,0.000252,1.689005,0.003614,0.013944,0.148642,0.024609,0.0,0.0001,,,,,none
522236,464,0.017387,0.00072,1.688971,0.003614,0.013492,0.130069,0.011252,0.0,0.0001,,,,,none
522236,464,0.022899,0.001325,1.688931,0.003614,0.018061,0.148719,0.006574,0.0,0.0001,,,,,none
522236,464,0.093238,0.000135,1.688895,0.003614,0.011056,0.148247,0.0048,0.0,0.0001,,,,,none
526827,468,0.041949,0.000863,1.68885,0.003602,0.01883,0.076585,0.011285,0.0,0.0001,,,,,none
526827,468,-0.013178,0.000775,1.688818,0.003602,0.017195,0.081824,0.006733,0.0,0.0001,,,,,none
526827,468,0.102127,0.000297,1.68879,0.003602,0.013457,0.283366,0.016339,0.0,0.0001,,,,,none
526827,468,-0.026935,0.001422,1.688766,0.003602,0.020853,0.099485,0.002393,0.0,0.0001,,,,,none
526827,468,0.067342,0.000234,1.688748,0.003602,0.013891,0.239752,0.006935,0.0,0.0001,,,,,none
526827,468,0.053848,0.00016,1.688738,0.003602,0.011388,0.211094,0.002397,0.0,0.0001,,,,,none
526827,468,0.066436,0.000367,1.688727,0.003602,0.014466,0.150551,0.00209,0.0,0.0001,,,,,none
526827,468,-0.002551,0.000654,1.688716,0.003602,0.016171,0.296108,0.011634,0.0,0.0001,,,,,none
526827,468,-0.035293,0.002605,1.6887,0.003602,0.021961,0.459296,0.021208,0.0,0.0001,,,,,none
526827,468,0.058124,0.000711,1.688684,0.003602,0.016662,0.099303,0.00329,0.0,0.0001,,,,,none
526827,468,0.043886,0.00037,1.688673,0.003602,0.013181,0.11531,0.000538,0.0,0.0001,,,,,none
526827,468,-0.175111,0.002239,1.688661,0.003602,0.024027,0.179432,0.021116,0.0,0.0001,,,,,none
532562,472,-0.033461,0.000265,1.68866,0.00359,0.015171,0.053987,0.013616,0.0,0.0001,,,,,none
532562,472,-0.056067,0.000308,1.688666,0.00359,0.01644,0.187752,0.01658,0.0,0.0001,,,,,none
532562,472,0.083508,0.000314,1.688686,0.00359,0.016106,0.090653,0.021439,0.0,0.0001,,,,,none
532562,472,0.03932,0.00028,1.688689,0.00359,0.015976,0.391166,0.016625,0.0,0.0001,,,,,none
532562,472,-0.024518,0.000254,1.688673,0.00359,0.014962,0.307289,0.006602,0.0,0.0001,,,,,none
532562,472,-0.046511,0.000319,1.688668,0.00359,0.015701,0.287558,0.003508,0.0,0.0001,,,,,none
532562,472,0.03992,0.000231,1.688664,0.00359,0.015506,0.139594,0.005272,0.0,0.0001,,,,,none
532562,472,0.012403,0.000279,1.688674,0.00359,0.015103,0.184069,0.011159,0.0,0.0001,,,,,none
532562,472,-0.090146,0.000399,1.688688,0.00359,0.018668,0.126179,0.02332,0.0,0.0001,,,,,none
532562,472,-0.065804,0.000317,1.688692,0.00359,0.016943,0.386454,0.020619,0.0,0.0001,,,,,none
532562,472,-0.008238,0.000275,1.688693,0.00359,0.015264,0.238644,0.011732,0.0,0.0001,,,,,none
532562,472,0.066548,0.000316,1.688685,0.00359,0.016739,0.291758,0.003331,0.0,0.0001,,,,,none
538356,476,-0.026184,0.0003,1.688659,0.003578,0.015379,0.225357,0.007266,0.0,0.0001,,,,,none
538356,476,-0.054732,0.000179,1.688638,0.003578,0.01364,0.10494,0.00823,0.0,0.0001,,,,,none
538356,476,0.073491,0.000282,1.688616,0.003578,0.015707,0.300589,0.013794,0.0,0.0001,,,,,none
538356,476,-0.079594,0.000316,1.688573,0.003578,0.015505,0.150603,0.0109,0.0,0.0001,,,,,none
538356,476,0.04366,0.000218,1.688532,0.003578,0.014502,0.180818,0.014063,0.0,0.0001,,,,,none
538356,476,0.018154,0.000224,1.688486,0.003578,0.014771,0.335229,0.010644,0.0,0.0001,,,,,none
538356,476,-0.020534,0.000264,1.688431,0.003578,0.015456,0.193863,0.007719,0.0,0.0001,,,,,none
538356,476,0.055077,0.000271,1.688388,0.003578,0.013976,0.08482,0.006448,0.0,0.0001,,,,,none
538356,476,-0.062461,0.00017,1.688324,0.003578,0.013491,0.169295,0.001774,0.0,0.0001,,,,,none
538356,476,0.016637,0.000222,1.688259,0.003578,0.013201,0.169158,0.001444,0.0,0.0001,,,,,none
538356,476,-0.087726,0.000243,1.688194,0.003578,0.014711,0.256206,0.00711,0.0,0.0001,,,,,none
538356,476,0.063011,0.000233,1.688125,0.003578,0.015218,0.412379,0.00286,0.0,0.0001,,,,,none
544149,480,0.025844,0.000157,1.688032,0.003566,0.012845,0.144966,0.003556,0.0,0.0001,,,,,none
544149,480,-0.061354,0.000248,1.687951,0.003566,0.015034,0.071513,0.001556,0.0,0.0001,,,,,none
544149,480,0.010229,0.000335,1.687885,0.003566,0.016036,0.163969,0.002037,0.0,0.0001,,,,,none
544149,480,-0.013068,0.000188,1.687835,0.003566,0.013864,0.198041,0.001175,0.0,0.0001,,,,,none
544149,480,-0.091885,0.000278,1.687782,0.003566,0.014957,0.778612,0.005031,0.0,0.0001,,,,,none
544149,480,0.092488,0.000244,1.687739,0.003566,0.014366,0.186635,0.004665,0.0,0.0001,,,,,none
544149,480,0.03436,0.000276,1.687702,0.003566,0.014503,0.032836,0.002004,0.0,0.0001,,,,,none
544149,480,-0.0731,0.000209,1.687673,0.003566,0.014876,0.19126,0.005418,0.0,0.0001,,,,,none
544149,480,0.016675,0.000219,1.687662,0.003566,0.01397,0.423489,0.001163,0.0,0.0001,,,,,none
544149,480,0.003164,0.000186,1.687661,0.003566,0.014144,0.293804,0.006684,0.0,0.0001,,,,,none
544149,480,-0.053467,0.000326,1.687687,0.003566,0.018121,0.180274,0.015791,0.0,0.0001,,,,,none
544149,480,0.030923,0.000249,1.687717,0.003566,0.014331,0.206873,0.013868,0.0,0.0001,,,,,none
549993,484,-0.044526,0.000212,1.687735,0.003554,0.014677,0.124295,0.009181,0.0,0.0001,,,,,none
549993,484,0.087105,0.000428,1.687754,0.003554,0.017902,0.149836,0.004309,0.0,0.0001,,,,,none
549993,484,-0.069966,0.000421,1.687755,0.003554,0.019296,0.34952,0.013347,0.0,0.0001,,,,,none
549993,484,-0.058668,0.00038,1.687734,0.003554,0.018511,0.151648,0.01512,0.0,0.0001,,,,,none
549993,484,0.060295,0.000324,1.687703,0.003554,0.015595,0.366906,0.00569,0.0,0.0001,,,,,none
549993,484,-0.024548,0.000354,1.687677,0.003554,0.017675,0.395,0.008407,0.0,0.0001,,,,,none
549993,484,-0.073964,0.000394,1.687637,0.003554,0.017957,0.1522,0.005321,0.0,0.0001,,,,,none
549993,484,0.124328,0.000291,1.687595,0.003554,0.016154,0.092653,0.015577,0.0,0.0001,,,,,none
549993,484,-0.078959,0.000359,1.687551,0.003554,0.018756,0.175648,0.00999,0.0,0.0001,,,,,none
549993,484,0.09343,0.000347,1.687492,0.003554,0.017532,0.266475,0.021718,0.0,0.0001,,,,,none
549993,484,-0.066005,0.000421,1.687416,0.003554,0.019652,0.407843,0.012344,0.0,0.0001,,,,,none
549993,484,-0.05247,0.000289,1.687343,0.003554,0.017032,0.297822,0.010814,0.0,0.0001,,,,,none
555701,488,-0.026573,0.0003,1.687268,0.003542,0.01555,0.331127,0.002244,0.0,0.0001,,,,,none
555701,488,-0.01053,0.000211,1.687203,0.003542,0.014369,0.152437,0.008612,0.0,0.0001,,,,,none
555701,488,0.011554,0.00029,1.687145,0.003542,0.016379,0.69675,0.013847,0.0,0.0001,,,,,none
555701,488,-0.038213,0.00029,1.687099,0.003542,0.01714,0.839581,0.015334,0.0,0.0001,,,,,none
555701,488,0.009567,0.000184,1.68706,0.003542,0.013004,0.322234,0.008065,0.0,0.0001,,,,,none
555701,488,0.003074,0.000323,1.687032,0.003542,0.015728,0.070432,0.000954,0.0,0.0001,,,,,none
555701,488,0.041121,0.000263,1.687011,0.003542,0.015388,0.209393,0.009156,0.0,0.0001,,,,,none
555701,488,-0.028009,0.000253,1.686973,0.003542,0.015212,0.229285,0.01201,0.0,0.0001,,,,,none
555701,488,-0.047293,0.00025,1.68695,0.003542,0.014333,0.126047,0.01284,0.0,0.0001,,,,,none
555701,488,0.055146,0.000284,1.686936,0.003542,0.016229,0.346097,0.019549,0.0,0.0001,,,,,none
555701,488,-0.08396,0.000279,1.686903,0.003542,0.014094,0.281067,0.009437,0.0,0.0001,,,,,none
555701,488,0.004705,0.000187,1.686877,0.003542,0.01397,0.245372,0.005076,0.0,0.0001,,,,,none
561469,492,-0.090523,0.000299,1.68687,0.00353,0.016379,0.086564,0.003434,0.0,0.0001,,,,,none
561469,492,0.061248,0.000351,1.68687,0.00353,0.015547,0.069734,0.002533,0.0,0.0001,,,,,none
561469,492,-0.016533,0.000274,1.686874,0.00353,0.014751,0.130524,0.014432,0.0,0.0001,,,,,none
561469,492,0.052055,0.000458,1.686873,0.00353,0.017819,0.447942,0.012933,0.0,0.0001,,,,,none
561469,492,-0.077184,0.00022,1.686866,0.00353,0.015621,0.35442,0.018378,0.0,0.0001,,,,,none
561469,492,-0.021559,0.000286,1.686867,0.00353,0.015343,0.128401,0.007743,0.0,0.0001,,,,,none
561469,492,0.052978,0.000312,1.686855,0.00353,0.014825,0.126112,0.004611,0.0,0.0001,,,,,none
561469,492,-0.071897,0.000349,1.686841,0.00353,0.015753,0.050116,0.006476,0.0,0.0001,,,,,none
561469,492,-0.029412,0.000227,1.68683,0.00353,0.014171,0.178573,0.014123,0.0,0.0001,,,,,none
561469,492,0.006503,0.000415,1.686813,0.00353,0.016408,0.065779,0.019467,0.0,0.0001,,,,,none
561469,492,-0.052631,0.000276,1.686806,0.00353,0.015295,0.205165,0.017921,0.0,0.0001,,,,,none
561469,492,0.005805,0.000257,1.686798,0.00353,0.014279,0.087207,0.016168,0.0,0.0001,,,,,none
564796,496,0.051875,0.002804,1.686787,0.003518,0.025735,0.230552,0.006152,0.0,0.0001,,,,,none
564796,496,-0.022311,0.00155,1.686781,0.003518,0.024396,0.102704,0.017903,0.0,0.0001,,,,,none
564796,496,0.086623,0.001275,1.686771,0.003518,0.019627,0.086333,0.002974,0.0,0.0001,,,,,none
564796,496,-0.074935,0.003943,1.686766,0.003518,0.033785,0.229565,0.027302,0.0,0.0001,,,,,none
564796,496,0.033262,0.001726,1.686754,0.003518,0.021996,0.174966,0.004709,0.0,0.0001,,,,,none
564796,496,0.009323,0.003192,1.686734,0.003518,0.030974,0.121651,0.005344,0.0,0.0001,,,,,none
564796,496,0.013329,0.002429,1.686714,0.003518,0.029067,0.341291,0.00414,0.0,0.0001,,,,,none
564796,496,0.039588,0.002082,1.686688,0.003518,0.022653,0.213695,0.008785,0.0,0.0001,,,,,none
570573,500,-0.088686,0.000287,1.686668,0.003506,0.015944,0.19438,0.002534,0.0,0.0001,,,,,none
570573,500,0.036759,0.000317,1.686658,0.003506,0.017197,0.132728,0.008104,0.0,0.0001,,,,,none
570573,500,0.04233,0.000407,1.686631,0.003506,0.019407,0.085284,0.007643,0.0,0.0001,,,,,none
570573,500,0.074543,0.000379,1.68661,0.003506,0.018813,0.105389,0.007705,0.0,0.0001,,,,,none
570573,500,-0.044343,0.00029,1.686579,0.003506,0.016723,0.084725,0.001635,0.0,0.0001,,,,,none
570573,500,-0.056902,0.000332,1.68655,0.003506,0.01701,0.067413,0.004529,0.0,0.0001,,,,,none
570573,500,-0.01154,0.000416,1.686531,0.003506,0.019529,0.221259,0.004197,0.0,0.0001,,,,,none
570573,500,-0.05261,0.000291,1.686506,0.003506,0.01708,0.274981,0.002264,0.0,0.0001,,,,,none
570573,500,0.057646,0.000294,1.686486,0.003506,0.016479,0.094145,0.004632,0.0,0.0001,,,,,none
570573,500,-0.057111,0.000267,1.686466,0.003506,0.015606,0.158966,0.001651,0.0,0.0001,,,,,none
570573,500,-0.098219,0.000321,1.68646,0.003506,0.018886,0.117378,0.003258,0.0,0.0001,,,,,none
570573,500,0.170524,0.000453,1.686443,0.003506,0.020204,0.175769,0.014696,0.0,0.0001,,,,,none
