episode,global_step,reward,avg10,length,success,goal_touched,collision,timeout,min_dist,avg_speed_ms,end_reason,elapsed_s,act0_mean,act0_std,act0_min,act0_max,act1_mean,act1_std,act1_min,act1_max,obs_mean,obs_std,obs_min,obs_max,actor_loss,critic_loss,policy_entropy,entropy_coef,value_residual,grad_norm_actor,grad_norm_critic,grad_norm_rnn,lr_actor,lr_critic,alpha,alpha_loss,target_update_magnitude,replay_buffer_size,recurrent_cell
1,1092,309.0221,309.0221,1092,0,0,1,0,1.2743,2.038,collision,14.7,-0.021498,0.437096,-0.891305,0.854213,4.588809,1.273355,0.325865,5.989639,0.39741,0.389241,-0.480023,1.0,,,,,,,,,,,,,,0,lstm
2,1122,-42.0027,133.5097,30,0,0,1,0,3.8432,1.333,collision,15.2,-0.82572,0.090747,-0.896119,-0.517026,5.375779,0.8783,1.716305,5.975033,0.257435,0.353378,-0.385151,1.0,,,,,,,,,,,,,,0,lstm
3,2143,291.6101,186.2098,1021,0,0,1,0,1.4356,2.049,collision,28.5,0.000225,0.438294,-0.890167,0.871992,4.550356,1.216808,0.450691,5.98393,0.399792,0.390958,-0.492287,1.0,,,,,,,,,,,,,,0,lstm
4,3218,302.4356,215.2663,1075,0,0,1,0,1.2975,2.036,collision,43.7,-0.003646,0.438344,-0.894819,0.859384,4.566746,1.26057,0.292743,5.980065,0.392584,0.389122,-0.53743,1.0,0.013062,0.012487,1.841351,0.006742,0.042156,0.14079,0.0224,0.152099,3.7e-05,,,,,0,lstm
5,4239,290.2062,230.2542,1021,0,0,1,0,1.3924,2.074,collision,57.2,0.000367,0.428264,-0.884639,0.840097,4.634267,1.197716,0.330581,5.990695,0.401861,0.39153,-0.534053,1.0,,,,,,,,,,,,,,0,lstm
6,5730,603.7573,292.5048,1491,1,1,0,0,0.2973,2.081,goal,76.9,-0.004556,0.419157,-0.86433,0.828688,4.662009,1.212634,0.372238,5.985154,0.404977,0.390102,-0.544409,1.008592,,,,,,,,,,,,,,0,lstm
7,7177,587.3628,334.6273,1447,1,1,0,0,0.2996,2.074,goal,96.3,0.011896,0.425423,-0.87018,0.861906,4.642943,1.194768,0.460817,5.987824,0.401482,0.38943,-0.568964,1.0,,,,,,,,,,,,,,0,lstm
8,8658,605.2224,368.4517,1481,1,1,0,0,0.2977,2.07,goal,117.3,-0.017701,0.421249,-0.879173,0.874964,4.70105,1.189801,0.477211,5.980818,0.403017,0.387753,-0.43502,1.003503,0.033988,0.003733,1.841799,0.006726,0.018796,0.084159,0.003541,0.076215,4.9e-05,,,,,0,lstm
9,10136,599.3572,394.1079,1478,1,1,0,0,0.2984,2.087,goal,137.1,-0.013381,0.414776,-0.864299,0.862236,4.695093,1.142918,0.299484,5.989906,0.401751,0.388078,-0.494199,1.003598,,,,,,,,,,,,,,0,lstm
10,11598,594.0169,414.0988,1462,1,1,0,0,0.2987,2.082,goal,156.4,-0.003707,0.422805,-0.843789,0.880811,4.741257,1.174802,0.152947,5.989541,0.401963,0.388823,-0.595874,1.0,,,,,,,,,,,,,,0,lstm
11,13067,602.4032,443.4369,1469,1,1,0,0,0.2991,2.091,goal,175.8,0.004598,0.408576,-0.863301,0.872317,4.677086,1.1996,0.47369,5.991895,0.405929,0.390231,-0.466411,1.005966,,,,,,,,,,,,,,0,lstm
12,14554,599.5683,507.594,1487,1,1,0,0,0.2999,2.056,goal,196.9,-0.014718,0.4368,-0.865585,0.847912,4.722374,1.142637,0.363533,5.986934,0.400693,0.388261,-0.547202,1.0,-0.000312,0.002003,1.842346,0.00671,0.015588,0.103992,0.007958,0.099913,6.1e-05,,,,,0,lstm
13,16004,595.3409,537.9671,1450,1,1,0,0,0.2993,2.072,goal,215.7,-0.004021,0.421937,-0.86485,0.854531,4.65718,1.211089,0.249816,5.987659,0.405468,0.390812,-0.472506,1.0,,,,,,,,,,,,,,0,lstm
14,17463,596.4003,567.3635,1459,1,1,0,0,0.2997,2.061,goal,234.1,-0.01619,0.433334,-0.888565,0.843861,4.681771,1.180576,0.348,5.99155,0.399821,0.388122,-0.478944,1.0,,,,,,,,,,,,,,0,lstm
15,18936,601.283,598.4712,1473,1,1,0,0,0.2996,2.061,goal,253.5,-0.013136,0.431448,-0.891919,0.871213,4.666505,1.204373,0.585483,5.981688,0.401261,0.38961,-0.521535,1.0,,,,,,,,,,,,,,0,lstm
16,20407,595.9093,597.6864,1471,1,1,0,0,0.2992,2.068,goal,274.6,0.008324,0.425778,-0.870695,0.857029,4.713898,1.15686,0.136251,5.992434,0.406249,0.390924,-0.60088,1.0,-0.013975,0.00231,1.84282,0.006693,0.01376,0.104563,0.003427,0.100265,7.3e-05,,,,,0,lstm
17,21914,607.5742,599.7076,1507,1,1,0,0,0.2988,2.042,goal,294.2,-0.039489,0.439598,-0.877703,0.858407,4.724067,1.183496,0.173768,5.983793,0.398011,0.387908,-0.52054,1.0,,,,,,,,,,,,,,0,lstm
18,22956,293.8194,568.5673,1042,0,0,1,0,1.3759,2.063,collision,307.8,0.059659,0.413181,-0.843441,0.890162,4.532853,1.280154,0.324706,5.986384,0.398298,0.390456,-0.617713,1.0,,,,,,,,,,,,,,0,lstm
19,24438,602.0667,568.8382,1482,1,1,0,0,0.2997,2.059,goal,327.0,-0.013756,0.429273,-0.862948,0.878737,4.632355,1.20869,0.383487,5.98711,0.399007,0.387724,-0.512227,1.0,,,,,,,,,,,,,,0,lstm
20,25881,591.4277,568.5793,1443,1,1,0,0,0.2979,2.067,goal,348.1,-0.019341,0.432859,-0.889831,0.858683,4.716832,1.129737,0.419526,5.989691,0.401572,0.389058,-0.505346,1.0,0.030459,0.004309,1.842981,0.006677,0.019462,0.047044,0.005212,0.038935,8.5e-05,,,,,0,lstm
21,26905,291.5596,537.4949,1024,0,0,1,0,1.444,2.035,collision,361.6,0.051004,0.437939,-0.885756,0.866442,4.516107,1.260349,0.227339,5.978563,0.381428,0.388865,-0.56368,1.0,,,,,,,,,,,,,,0,lstm
22,28334,589.6241,536.5005,1429,1,1,0,0,0.2994,2.102,goal,380.7,-0.001706,0.409777,-0.857937,0.857792,4.749403,1.11883,0.244802,5.990451,0.403262,0.388874,-0.41648,1.0,,,,,,,,,,,,,,0,lstm
23,29823,601.9821,537.1646,1489,1,1,0,0,0.2999,2.071,goal,400.1,0.004351,0.424918,-0.876136,0.8687,4.682586,1.177972,0.197429,5.996516,0.398948,0.389408,-0.603378,1.002358,,,,,,,,,,,,,,0,lstm
24,31431,580.0613,535.5307,1608,1,1,0,0,0.2986,2.039,goal,422.7,-0.036986,0.438475,-0.877584,0.867093,4.609519,1.256972,0.240558,5.993706,0.412806,0.3997,-0.987715,1.0,0.032629,0.003936,1.843112,0.006661,0.022395,0.061947,0.008495,0.049838,9.7e-05,,,,,0,lstm
25,32503,306.169,506.0193,1072,0,0,1,0,1.2764,2.08,collision,436.6,0.010376,0.417051,-0.866774,0.864731,4.683573,1.183186,0.341076,5.984662,0.399695,0.388079,-0.482297,1.0,,,,,,,,,,,,,,0,lstm
26,34098,574.4336,503.8718,1595,1,1,0,0,0.2999,2.057,goal,456.7,-0.043766,0.424086,-0.86556,0.880635,4.663776,1.265634,0.044076,5.988766,0.410532,0.400802,-0.988588,1.0,,,,,,,,,,,,,,0,lstm
27,35581,603.8485,503.4992,1483,1,1,0,0,0.2976,2.079,goal,476.0,-0.008202,0.422602,-0.861045,0.862275,4.749205,1.134689,0.16026,5.986715,0.403098,0.389657,-0.551224,1.005823,,,,,,,,,,,,,,0,lstm
28,37033,593.7139,533.4886,1452,1,1,0,0,0.298,2.082,goal,497.6,-0.003088,0.418945,-0.864269,0.856776,4.744057,1.157328,0.342761,5.987043,0.402105,0.389495,-0.522552,1.0,0.031245,0.003564,1.843118,0.006645,0.021871,0.057759,0.008744,0.046227,0.0001,,,,,0,lstm
29,38491,587.8753,532.0695,1458,1,1,0,0,0.2975,2.081,goal,516.3,0.014739,0.4237,-0.882726,0.868499,4.7028,1.162731,0.218613,5.990503,0.405914,0.391611,-0.63771,1.0,,,,,,,,,,,,,,0,lstm
30,39957,600.4782,532.9746,1466,1,1,0,0,0.2977,2.057,goal,535.3,-0.005366,0.437545,-0.888199,0.868261,4.750599,1.14864,0.399973,5.995281,0.402008,0.389664,-0.480498,1.0,,,,,,,,,,,,,,0,lstm
31,41418,597.7599,563.5946,1461,1,1,0,0,0.2975,2.045,goal,554.1,-0.037017,0.439871,-0.894009,0.873256,4.758339,1.176812,0.419042,5.986485,0.398948,0.388829,-0.477421,1.0,,,,,,,,,,,,,,0,lstm
32,42894,600.2431,564.6565,1476,1,1,0,0,0.2995,2.066,goal,575.5,-0.002861,0.430532,-0.867531,0.843169,4.684367,1.177648,0.479313,5.998031,0.399686,0.390095,-0.551714,1.0,-0.025299,0.002719,1.84245,0.006629,0.015565,0.061293,0.00313,0.055278,0.0001,,,,,0,lstm
33,44360,602.1347,564.6717,1466,1,1,0,0,0.3,2.067,goal,595.1,-0.018727,0.424606,-0.877838,0.866316,4.699386,1.16252,0.298675,5.982124,0.401906,0.389218,-0.491213,1.0,,,,,,,,,,,,,,0,lstm
34,45812,603.3671,567.0023,1452,1,1,0,0,0.2998,2.067,goal,613.9,0.039163,0.423298,-0.857645,0.866928,4.690998,1.181638,0.163536,5.981313,0.397629,0.393629,-0.712414,1.0,,,,,,,,,,,,,,0,lstm
35,47256,592.2546,595.6109,1444,1,1,0,0,0.2985,2.087,goal,632.5,-0.005126,0.413455,-0.868717,0.860382,4.7147,1.161216,0.255301,5.986541,0.405578,0.389904,-0.461596,1.0,,,,,,,,,,,,,,0,lstm
36,48735,601.4405,598.3116,1479,1,1,0,0,0.2986,2.049,goal,653.6,-0.026059,0.436543,-0.871125,0.867267,4.699184,1.209244,0.397105,5.991497,0.398559,0.391055,-0.596302,1.0,-0.013725,0.002335,1.842389,0.006612,0.016471,0.097542,0.007479,0.072458,0.0001,,,,,0,lstm
37,50348,598.8899,597.8157,1613,1,1,0,0,0.2999,2.048,goal,674.3,-0.0186,0.427906,-0.882405,0.883296,4.603219,1.285742,0.154019,5.992373,0.409366,0.3984,-0.951279,1.009536,,,,,,,,,,,,,,0,lstm
38,51782,589.0096,597.3453,1434,1,1,0,0,0.2983,2.087,goal,692.7,-0.00799,0.418541,-0.870956,0.859947,4.726161,1.148754,0.481349,5.985786,0.403012,0.390299,-0.486411,1.0,,,,,,,,,,,,,,0,lstm
39,53250,592.7074,597.8285,1468,1,1,0,0,0.2994,2.053,goal,711.6,0.007019,0.435552,-0.867399,0.876146,4.693946,1.17598,0.394239,5.989346,0.400647,0.390349,-0.64891,1.0,,,,,,,,,,,,,,0,lstm
40,54658,597.5015,597.5308,1408,1,1,0,0,0.2976,2.1,goal,732.1,0.019682,0.412708,-0.862256,0.854724,4.709288,1.144183,0.16605,5.979846,0.397732,0.393748,-0.461977,1.0,-0.000889,0.001789,1.843031,0.006596,0.015719,0.083842,0.004866,0.072886,0.0001,,,,,0,lstm
41,56133,597.0265,597.4575,1475,1,1,0,0,0.2996,2.033,goal,751.3,-0.046262,0.44306,-0.892764,0.876744,4.681942,1.240141,0.087558,5.985765,0.38963,0.388606,-0.671317,1.0,,,,,,,,,,,,,,0,lstm
42,57717,597.3647,597.1696,1584,1,1,0,0,0.2998,2.066,goal,771.8,-0.038131,0.423629,-0.879326,0.845356,4.671147,1.199326,0.097746,5.993059,0.412873,0.398387,-0.893564,1.01214,,,,,,,,,,,,,,0,lstm
43,59187,597.1479,596.671,1470,1,1,0,0,0.2985,2.059,goal,790.9,0.00298,0.432004,-0.87454,0.873248,4.662367,1.200759,0.241218,5.992852,0.403288,0.391095,-0.50492,1.0,,,,,,,,,,,,,,0,lstm
44,60207,288.308,565.1651,1020,0,0,1,0,1.4376,2.059,collision,805.9,0.068534,0.418918,-0.886056,0.869774,4.491445,1.294668,0.278927,5.977712,0.402516,0.394835,-0.657713,1.0,0.027884,0.003241,1.843646,0.00658,0.020632,0.062566,0.005887,0.056576,0.0001,,,,,0,lstm
45,61757,580.2267,563.9623,1550,1,1,0,0,0.2987,2.033,goal,826.2,-0.030432,0.430302,-0.863872,0.86569,4.577662,1.363507,0.100924,5.990646,0.410641,0.398317,-0.956041,1.0,,,,,,,,,,,,,,0,lstm
46,63185,597.1009,563.5283,1428,1,1,0,0,0.2985,2.083,goal,845.0,-0.003812,0.420088,-0.871645,0.863787,4.721286,1.177492,0.364483,5.977242,0.398749,0.393349,-0.504137,1.0,,,,,,,,,,,,,,0,lstm
47,64667,595.3775,563.1771,1482,1,1,0,0,0.297,2.053,goal,864.5,0.00318,0.434254,-0.882826,0.838701,4.6452,1.213409,0.216832,5.986576,0.399896,0.391496,-0.630778,1.0,,,,,,,,,,,,,,0,lstm
48,66106,602.2341,564.4995,1439,1,1,0,0,0.2984,2.056,goal,885.4,-0.01858,0.438862,-0.89144,0.871225,4.732184,1.143838,0.431684,5.989238,0.398119,0.394483,-0.497496,1.0,0.003432,0.002033,1.844181,0.006564,0.015718,0.074695,0.004559,0.070175,0.0001,,,,,0,lstm
49,67544,599.9721,565.226,1438,1,1,0,0,0.2999,2.081,goal,904.4,0.030222,0.417792,-0.837794,0.854811,4.665187,1.183058,0.330373,5.98374,0.395124,0.393691,-0.721639,1.0,,,,,,,,,,,,,,0,lstm
50,69014,612.2616,566.702,1470,1,1,0,0,0.2996,2.061,goal,923.9,0.011393,0.429432,-0.873712,0.866092,4.647487,1.208494,0.264985,5.996454,0.392179,0.392888,-0.517062,1.008005,,,,,,,,,,,,,,0,lstm
51,70434,596.0829,566.6076,1420,1,1,0,0,0.2983,2.068,goal,942.5,0.016967,0.427464,-0.859456,0.870483,4.693005,1.157777,0.48506,5.988148,0.40117,0.3936,-0.494344,1.0,,,,,,,,,,,,,,0,lstm
52,71875,599.3043,566.8016,1441,1,1,0,0,0.2984,2.054,goal,964.2,-0.008665,0.439746,-0.883521,0.861841,4.682214,1.154112,0.643444,5.992099,0.397186,0.394813,-0.527534,1.0,0.000952,0.002084,1.844915,0.006548,0.015153,0.126135,0.00531,0.126109,0.0001,,,,,0,lstm
53,73318,600.7427,567.1611,1443,1,1,0,0,0.2975,2.076,goal,982.7,0.022198,0.420962,-0.887655,0.868135,4.704385,1.168665,0.264199,5.992105,0.397025,0.402173,-0.580928,1.0,,,,,,,,,,,,,,0,lstm
54,74822,601.7307,598.5034,1504,1,1,0,0,0.2993,2.058,goal,1002.2,0.013335,0.428898,-0.888589,0.86908,4.660643,1.220645,0.210748,5.989954,0.402092,0.392221,-0.642942,1.0,,,,,,,,,,,,,,0,lstm
55,76230,590.3452,599.5152,1408,1,1,0,0,0.2976,2.084,goal,1020.8,0.024335,0.421454,-0.882799,0.87342,4.744505,1.109291,0.35958,5.989659,0.398693,0.403837,-0.612704,1.0,,,,,,,,,,,,,,0,lstm
56,77718,608.2559,600.6307,1488,1,1,0,0,0.2996,2.07,goal,1041.5,-0.014651,0.426285,-0.887208,0.872646,4.73964,1.15517,0.360589,5.981071,0.399595,0.390522,-0.488046,1.006864,0.013096,0.001866,1.84529,0.006531,0.014318,0.095492,0.004898,0.086068,0.0001,,,,,0,lstm
57,79106,590.6522,600.1582,1388,1,1,0,0,0.2981,2.096,goal,1059.8,0.004991,0.417738,-0.869932,0.865275,4.796992,1.09153,0.468981,5.991033,0.394518,0.39135,-0.494708,1.0,,,,,,,,,,,,,,0,lstm
58,79144,-39.7343,535.9613,38,0,0,1,0,3.8312,1.423,collision,1060.4,-0.774177,0.150817,-0.894945,-0.139253,5.05639,0.917903,1.883186,5.964717,0.262649,0.353993,-0.431139,1.0,,,,,,,,,,,,,,0,lstm
59,80595,605.0386,536.468,1451,1,1,0,0,0.2986,2.078,goal,1079.2,-0.012482,0.424686,-0.88253,0.852763,4.71071,1.174535,0.482013,5.985946,0.391317,0.391092,-0.533381,1.0,,,,,,,,,,,,,,0,lstm
60,82160,595.6674,534.8086,1565,1,1,0,0,0.2984,2.081,goal,1101.2,-0.038688,0.418408,-0.872471,0.830217,4.738197,1.165967,0.185767,5.9889,0.417156,0.400789,-0.891384,1.008139,0.032173,0.002997,1.844957,0.006515,0.015228,0.122928,0.007239,0.130006,0.0001,,,,,0,lstm
61,83608,603.6727,535.5675,1448,1,1,0,0,0.2976,2.065,goal,1120.2,0.004196,0.43039,-0.879744,0.871875,4.724216,1.160982,0.28247,5.990193,0.39882,0.393881,-0.56153,1.0,,,,,,,,,,,,,,0,lstm
62,85040,599.2342,535.5605,1432,1,1,0,0,0.2975,2.072,goal,1138.7,0.026061,0.42434,-0.856344,0.853107,4.768486,1.153555,0.299593,5.983126,0.395265,0.392134,-0.648207,1.0,,,,,,,,,,,,,,0,lstm
63,86462,596.9936,535.1856,1422,1,1,0,0,0.2983,2.07,goal,1156.7,0.002403,0.432275,-0.854044,0.847682,4.764957,1.103428,0.507967,5.990438,0.391918,0.398489,-0.514296,1.0,,,,,,,,,,,,,,0,lstm
64,87902,589.2575,533.9383,1440,1,1,0,0,0.2985,2.083,goal,1177.0,-0.006784,0.42464,-0.870379,0.849648,4.758541,1.153882,0.105395,5.9947,0.399694,0.390185,-0.47978,1.0,0.000401,0.001828,1.844694,0.006499,0.01534,0.110113,0.005081,0.11432,0.0001,,,,,0,lstm
65,89311,593.3769,534.2415,1409,1,1,0,0,0.2994,2.085,goal,1194.8,0.028332,0.415001,-0.865895,0.888961,4.73774,1.181034,0.223596,5.996133,0.392085,0.392062,-0.579332,1.0,,,,,,,,,,,,,,0,lstm
66,90739,597.1248,533.1284,1428,1,1,0,0,0.2999,2.057,goal,1213.0,-0.012544,0.436711,-0.896459,0.85336,4.723942,1.196047,0.406957,5.990221,0.385754,0.3901,-0.527299,1.0,,,,,,,,,,,,,,0,lstm
67,92192,611.0107,535.1642,1453,1,1,0,0,0.2987,2.079,goal,1231.2,-0.002485,0.421538,-0.870127,0.841921,4.761765,1.162958,0.445534,5.990243,0.392404,0.391573,-0.528043,1.008475,,,,,,,,,,,,,,0,lstm
68,93794,604.1758,599.5552,1602,1,1,0,0,0.2978,2.024,goal,1254.1,-0.029813,0.439086,-0.883661,0.879396,4.696219,1.282429,0.165768,5.990185,0.407452,0.398817,-0.900451,1.0,-0.00597,0.002633,1.844542,0.006483,0.015567,0.145809,0.006857,0.14707,0.0001,,,,,0,lstm
69,95266,599.5887,599.0102,1472,1,1,0,0,0.2974,2.068,goal,1273.1,-0.016888,0.423243,-0.877651,0.878729,4.729876,1.190734,0.275889,5.987305,0.398837,0.391036,-0.535271,1.0,,,,,,,,,,,,,,0,lstm
70,96712,605.9368,600.0372,1446,1,1,0,0,0.298,2.081,goal,1291.4,0.031448,0.417753,-0.862185,0.888754,4.72111,1.166283,0.561274,5.989198,0.39396,0.39248,-0.66468,1.004498,,,,,,,,,,,,,,0,lstm
71,98331,584.7061,598.1405,1619,1,1,0,0,0.2987,2.03,goal,1312.2,-0.033251,0.434166,-0.858749,0.850783,4.612123,1.345553,0.27515,5.987618,0.407466,0.400904,-0.96479,1.0,,,,,,,,,,,,,,0,lstm
72,99757,597.1735,597.9344,1426,1,1,0,0,0.2981,2.084,goal,1332.5,0.031554,0.420192,-0.881983,0.841747,4.773621,1.151821,0.477216,5.995893,0.395725,0.39294,-0.682405,1.0,0.017123,0.002381,1.844297,0.006467,0.017637,0.096872,0.008186,0.094241,0.0001,,,,,0,lstm
73,101184,593.2681,597.5619,1427,1,1,0,0,0.2985,2.062,goal,1351.1,0.015199,0.430293,-0.869978,0.841478,4.691035,1.222473,0.549414,5.9921,0.401284,0.395503,-0.536165,1.0,,,,,,,,,,,,,,0,lstm
74,102601,593.792,598.0153,1417,1,1,0,0,0.2978,2.067,goal,1369.3,0.029809,0.424982,-0.853296,0.876824,4.691782,1.191369,0.392793,5.988807,0.393233,0.393473,-0.677232,1.0,,,,,,,,,,,,,,0,lstm
75,104020,596.3324,598.3109,1419,1,1,0,0,0.2995,2.064,goal,1387.3,0.018826,0.428726,-0.863613,0.877087,4.736285,1.17587,0.284157,5.98791,0.402353,0.394963,-0.506963,1.0,,,,,,,,,,,,,,0,lstm
76,105490,606.265,599.2249,1470,1,1,0,0,0.2996,2.072,goal,1407.8,0.015286,0.425176,-0.87696,0.858156,4.724585,1.155356,0.198506,5.989332,0.405786,0.396683,-0.557333,1.004616,0.017979,0.001937,1.844311,0.00645,0.012284,0.084764,0.006763,0.074507,0.0001,,,,,0,lstm
77,105544,-36.7724,534.4466,54,0,0,1,0,3.8455,1.848,collision,1408.6,-0.321813,0.425459,-0.893528,0.74472,3.763571,1.291049,0.494776,5.860134,0.230443,0.329345,-0.576139,1.0,,,,,,,,,,,,,,0,lstm
78,107058,609.9855,535.0276,1514,1,1,0,0,0.2995,2.049,goal,1428.6,-0.031185,0.443546,-0.892184,0.869575,4.712557,1.181341,0.196005,5.99729,0.395295,0.389511,-0.517059,1.001226,,,,,,,,,,,,,,0,lstm
79,107492,86.4306,483.7118,434,0,0,1,0,2.9546,1.994,collision,1434.1,0.087552,0.459533,-0.789997,0.850983,4.606419,1.261248,0.079666,5.960508,0.390154,0.39585,-0.511619,1.0,,,,,,,,,,,,,,0,lstm
80,108937,605.9144,483.7095,1445,1,1,0,0,0.2982,2.063,goal,1454.2,0.006767,0.428756,-0.88064,0.868063,4.72169,1.162274,0.40598,5.98896,0.391697,0.392008,-0.43915,1.0,0.039715,0.006066,1.84378,0.006434,0.025687,0.076977,0.008091,0.079074,0.0001,,,,,0,lstm
81,110507,601.6216,485.4011,1570,1,1,0,0,0.2993,2.034,goal,1474.9,-0.026706,0.437815,-0.86806,0.868542,4.641698,1.274758,0.316088,5.992424,0.407709,0.397099,-0.872452,1.006535,,,,,,,,,,,,,,0,lstm
82,111960,595.9034,485.274,1453,1,1,0,0,0.2983,2.047,goal,1494.3,-0.012538,0.439455,-0.889287,0.85771,4.728821,1.181367,0.401393,5.992976,0.399595,0.389941,-0.452677,1.0,,,,,,,,,,,,,,0,lstm
83,113552,568.6569,482.8129,1592,1,1,0,0,0.2984,2.027,goal,1514.9,-0.05243,0.431353,-0.8793,0.876048,4.627296,1.339195,0.091692,5.994639,0.410711,0.402201,-0.986018,1.0,,,,,,,,,,,,,,0,lstm
84,115038,602.988,483.7325,1486,1,1,0,0,0.2979,2.025,goal,1536.7,-0.028341,0.454933,-0.891218,0.866622,4.702216,1.185842,0.151672,5.992157,0.390381,0.388705,-0.528166,1.0,-0.01035,0.001958,1.843698,0.006418,0.015284,0.0897,0.003942,0.1051,0.0001,,,,,0,lstm
85,116645,596.7203,483.7713,1607,1,1,0,0,0.299,2.039,goal,1558.0,-0.043914,0.428124,-0.884161,0.861401,4.647105,1.288771,0.161846,5.997746,0.411433,0.399916,-0.935386,1.0,,,,,,,,,,,,,,0,lstm
86,116996,64.9914,429.6439,351,0,0,1,0,3.099,1.981,collision,1562.7,0.019397,0.484322,-0.89518,0.864855,4.460907,1.300577,0.542584,5.981745,0.358169,0.382934,-0.487588,1.0,,,,,,,,,,,,,,0,lstm
87,118569,593.1239,492.6336,1573,1,1,0,0,0.2974,2.064,goal,1583.4,-0.044697,0.42743,-0.868958,0.861029,4.685019,1.239715,0.112225,5.987565,0.411556,0.397442,-0.898402,1.0,,,,,,,,,,,,,,0,lstm
88,119995,599.2901,491.564,1426,1,1,0,0,0.2974,2.078,goal,1604.2,0.017463,0.419083,-0.866734,0.84033,4.724498,1.166768,0.227115,5.992469,0.393642,0.391322,-0.523672,1.0,0.030639,0.003613,1.84374,0.006402,0.017977,0.056136,0.005187,0.05533,0.0001,,,,,0,lstm
89,121452,605.6115,543.4821,1457,1,1,0,0,0.2988,2.08,goal,1623.3,0.020509,0.421346,-0.864775,0.876131,4.720225,1.182996,0.259529,5.988399,0.400884,0.395337,-0.536011,1.002565,,,,,,,,,,,,,,0,lstm
90,122888,604.775,543.3682,1436,1,1,0,0,0.2993,2.099,goal,1642.1,0.017149,0.406944,-0.884464,0.876694,4.672286,1.209665,0.205315,5.982584,0.393551,0.391015,-0.475782,1.007879,,,,,,,,,,,,,,0,lstm
91,124325,605.4325,543.7493,1437,1,1,0,0,0.298,2.087,goal,1661.0,0.002521,0.420605,-0.876998,0.884659,4.74183,1.13441,0.268671,5.986931,0.391306,0.391257,-0.537341,1.000461,,,,,,,,,,,,,,0,lstm
92,125768,604.6405,544.623,1443,1,1,0,0,0.299,2.073,goal,1681.5,0.033994,0.42132,-0.864552,0.864263,4.705475,1.1869,0.539676,5.992181,0.397736,0.39417,-0.583241,1.0,0.014473,0.001943,1.843666,0.006386,0.01304,0.101099,0.00946,0.08993,0.0001,,,,,0,lstm
93,127253,603.636,548.1209,1485,1,1,0,0,0.2994,2.027,goal,1701.2,-0.041675,0.452613,-0.888291,0.857248,4.743984,1.183036,0.298706,5.991132,0.397126,0.389351,-0.499254,1.0,,,,,,,,,,,,,,0,lstm
94,128730,601.9843,548.0205,1477,1,1,0,0,0.2988,2.049,goal,1720.7,-0.006113,0.435773,-0.860394,0.882725,4.724027,1.204019,0.288229,5.992228,0.397985,0.390011,-0.524012,1.0,,,,,,,,,,,,,,0,lstm
95,130172,604.7583,548.8243,1442,1,1,0,0,0.2987,2.052,goal,1739.9,0.03269,0.433156,-0.871345,0.863225,4.657564,1.199356,0.373204,5.991992,0.392982,0.392013,-0.529531,1.0,,,,,,,,,,,,,,0,lstm
96,131632,610.737,603.3989,1460,1,1,0,0,0.2971,2.077,goal,1761.1,0.001265,0.424767,-0.869986,0.831745,4.764816,1.129076,0.198222,5.98771,0.391897,0.390837,-0.488618,1.005822,-0.009468,0.002053,1.843155,0.006369,0.013394,0.100234,0.004366,0.097866,0.0001,,,,,0,lstm
97,133115,603.3628,604.4228,1483,1,1,0,0,0.297,2.068,goal,1780.5,-0.010314,0.425059,-0.861066,0.870216,4.74214,1.16735,0.641145,5.993778,0.401288,0.389121,-0.568843,1.0,,,,,,,,,,,,,,0,lstm
98,134573,605.8338,605.0772,1458,1,1,0,0,0.2981,2.052,goal,1799.7,-0.018885,0.441988,-0.893528,0.880696,4.770676,1.159945,0.337457,5.985499,0.389803,0.390925,-0.529288,1.0,,,,,,,,,,,,,,0,lstm
99,135771,295.9834,574.1144,1198,0,0,1,0,1.3451,2.023,collision,1815.5,-0.033835,0.434612,-0.870936,0.856207,4.508466,1.344788,0.122619,5.977142,0.410155,0.403205,-0.948907,1.0,,,,,,,,,,,,,,0,lstm
100,137232,594.2871,573.0656,1461,1,1,0,0,0.299,2.067,goal,1836.3,0.004192,0.426487,-0.85734,0.879039,4.72426,1.177464,0.252449,5.99432,0.400949,0.388269,-0.464865,1.0,0.038617,0.003503,1.843515,0.006353,0.019607,0.061456,0.005154,0.057328,0.0001,,,,,0,lstm
101,137588,63.9179,518.9141,356,0,0,1,0,3.0642,1.962,collision,1841.0,0.050257,0.492476,-0.883744,0.866052,4.487771,1.290053,0.280194,5.977073,0.3712,0.390643,-0.566338,1.0,,,,,,,,,,,,,,0,lstm
102,139113,612.9275,519.7428,1525,1,1,0,0,0.2984,2.021,goal,1861.3,-0.038626,0.453304,-0.88696,0.880548,4.694423,1.190706,0.231154,5.990063,0.391671,0.387563,-0.573322,1.0,,,,,,,,,,,,,,0,lstm
103,140581,597.9035,519.1696,1468,1,1,0,0,0.2999,2.045,goal,1880.7,-0.043205,0.440646,-0.896472,0.849126,4.757447,1.184919,0.180967,5.989431,0.394812,0.38785,-0.577077,1.0,,,,,,,,,,,,,,0,lstm
104,142162,575.6522,516.5363,1581,1,1,0,0,0.2983,2.04,goal,1903.5,-0.051256,0.431921,-0.891442,0.859486,4.714493,1.273673,0.10051,5.992446,0.411429,0.401092,-0.957292,1.0,0.005328,0.004455,1.844538,0.006337,0.025158,0.105081,0.012844,0.119063,0.0001,,,,,0,lstm
105,143799,577.6085,513.8214,1637,1,1,0,0,0.2976,1.997,goal,1924.7,-0.04311,0.445122,-0.883343,0.881257,4.618369,1.362747,0.077232,5.985258,0.40386,0.400819,-0.979072,1.0,,,,,,,,,,,,,,0,lstm
106,145274,601.7253,512.9202,1475,1,1,0,0,0.2992,2.05,goal,1943.7,-0.027854,0.438957,-0.881276,0.869939,4.787985,1.144398,0.244454,5.994205,0.399209,0.388497,-0.505722,1.0,,,,,,,,,,,,,,0,lstm
107,146747,612.9531,513.8792,1473,1,1,0,0,0.2978,2.07,goal,1962.6,0.022336,0.426155,-0.863061,0.866439,4.725492,1.176052,0.484352,5.994224,0.397328,0.393826,-0.655119,1.009632,,,,,,,,,,,,,,0,lstm
108,147800,298.6113,483.157,1053,0,0,1,0,1.3637,2.079,collision,1978.4,0.048253,0.411693,-0.869791,0.867882,4.638419,1.227833,0.149632,5.981165,0.397008,0.39185,-0.519011,1.0,0.042351,0.003384,1.844993,0.006321,0.021238,0.08941,0.007407,0.096973,0.0001,,,,,0,lstm
109,149259,586.1149,512.1701,1459,1,1,0,0,0.2989,2.069,goal,1997.4,0.019351,0.424119,-0.85139,0.874309,4.722425,1.198016,0.242186,5.993554,0.401653,0.390995,-0.614264,1.0,,,,,,,,,,,,,,0,lstm
110,150725,591.0225,511.8437,1466,1,1,0,0,0.2989,2.064,goal,2016.8,0.006779,0.435831,-0.857999,0.866036,4.765014,1.126217,0.331409,5.977258,0.400633,0.39104,-0.564811,1.0,,,,,,,,,,,,,,0,lstm
111,152172,609.8123,566.4331,1447,1,1,0,0,0.2988,2.073,goal,2036.0,0.003227,0.424787,-0.850776,0.868418,4.772555,1.1315,0.326495,5.98938,0.391796,0.39062,-0.478176,1.00387,,,,,,,,,,,,,,0,lstm
112,153633,609.1275,566.0531,1461,1,1,0,0,0.2984,2.066,goal,2056.6,0.026099,0.429516,-0.870979,0.871241,4.774452,1.14341,0.311007,5.991785,0.392295,0.390664,-0.548446,1.000292,0.010233,0.001969,1.845587,0.006305,0.01418,0.097528,0.004632,0.087653,0.0001,,,,,0,lstm
113,155115,603.618,566.6246,1482,1,1,0,0,0.299,2.061,goal,2075.9,-0.014965,0.432829,-0.887112,0.874641,4.801053,1.160321,0.323914,5.990565,0.396902,0.388354,-0.492729,1.0,,,,,,,,,,,,,,0,lstm
114,156559,604.959,569.5552,1444,1,1,0,0,0.2991,2.076,goal,2095.0,0.041927,0.425205,-0.857637,0.859958,4.767462,1.091847,0.313666,5.988768,0.397095,0.393693,-0.677037,1.001345,,,,,,,,,,,,,,0,lstm
115,158022,597.9567,571.5901,1463,1,1,0,0,0.2979,2.069,goal,2114.5,-0.002395,0.42637,-0.871075,0.878064,4.727312,1.181334,0.259355,5.995757,0.400847,0.389214,-0.506069,1.0,,,,,,,,,,,,,,0,lstm
116,159475,606.2827,572.0458,1453,1,1,0,0,0.2983,2.086,goal,2135.4,0.008623,0.422518,-0.869424,0.848574,4.808385,1.099283,0.204742,5.975203,0.39307,0.391799,-0.493325,1.004667,-0.007893,0.001829,1.845664,0.006288,0.014875,0.07469,0.00851,0.067452,0.0001,,,,,0,lstm
117,161082,596.8292,570.4334,1607,1,1,0,0,0.2983,2.039,goal,2156.6,-0.037072,0.440161,-0.883405,0.870764,4.800548,1.170222,0.021522,5.989179,0.407374,0.397095,-0.952287,1.0,,,,,,,,,,,,,,0,lstm
118,162521,601.5868,600.731,1439,1,1,0,0,0.2996,2.075,goal,2175.5,0.037134,0.425835,-0.857646,0.865328,4.79433,1.112289,0.298829,5.982018,0.393816,0.392613,-0.706327,1.0,,,,,,,,,,,,,,0,lstm
119,164013,606.0074,602.7202,1492,1,1,0,0,0.2975,2.079,goal,2195.0,-0.012458,0.415254,-0.854947,0.845486,4.763243,1.182615,0.464573,5.985908,0.400475,0.388245,-0.505718,1.009324,,,,,,,,,,,,,,0,lstm
120,165496,597.7751,603.3955,1483,1,1,0,0,0.2975,2.059,goal,2217.8,0.000842,0.428685,-0.862535,0.85125,4.757151,1.201611,0.24616,5.987807,0.400677,0.390908,-0.598294,1.0,0.003865,0.001679,1.845529,0.006272,0.016184,0.097063,0.010591,0.091362,0.0001,,,,,0,lstm
121,166930,601.4119,602.5554,1434,1,1,0,0,0.2998,2.07,goal,2236.7,0.026792,0.424287,-0.891442,0.853518,4.703668,1.15708,0.316724,5.990349,0.393134,0.391223,-0.51019,1.0,,,,,,,,,,,,,,0,lstm
122,168361,587.1417,600.3569,1431,1,1,0,0,0.2981,2.085,goal,2255.4,0.004217,0.426747,-0.891478,0.849785,4.729483,1.120319,0.504222,5.982113,0.399554,0.389062,-0.490919,1.0,,,,,,,,,,,,,,0,lstm
123,169445,306.6046,570.6555,1084,0,0,1,0,1.2847,2.056,collision,2269.8,0.039259,0.427931,-0.874462,0.881804,4.653009,1.199686,0.650309,5.990832,0.400521,0.391406,-0.548843,1.0,,,,,,,,,,,,,,0,lstm
124,170846,593.8251,569.5421,1401,1,1,0,0,0.2998,2.094,goal,2290.8,0.022995,0.417293,-0.853253,0.884105,4.738025,1.136459,0.414585,5.995879,0.39026,0.391604,-0.489828,1.0,0.037066,0.003691,1.846792,0.006256,0.017317,0.06091,0.009749,0.064259,0.0001,,,,,0,lstm
125,172309,591.5844,568.9049,1463,1,1,0,0,0.2989,2.057,goal,2310.0,-0.001652,0.434965,-0.857956,0.869655,4.760352,1.167069,0.125885,5.991498,0.397496,0.390219,-0.579357,1.0,,,,,,,,,,,,,,0,lstm
126,173761,608.4484,569.1215,1452,1,1,0,0,0.2999,2.055,goal,2329.4,0.028862,0.433337,-0.853128,0.870634,4.722649,1.177928,0.13349,5.993299,0.394747,0.393281,-0.575979,1.0,,,,,,,,,,,,,,0,lstm
127,175210,606.3978,570.0783,1449,1,1,0,0,0.2972,2.075,goal,2348.6,-0.000941,0.42792,-0.872898,0.870898,4.830152,1.102517,0.480559,5.991953,0.390282,0.390772,-0.510722,1.0,,,,,,,,,,,,,,0,lstm
128,175598,75.8211,517.5018,388,0,0,1,0,3.0758,1.985,collision,2355.6,-0.136899,0.468019,-0.887754,0.874417,4.89559,1.094645,0.205573,5.983112,0.366112,0.38432,-0.489239,1.0,0.045083,0.003051,1.848186,0.00624,0.023036,0.060857,0.012231,0.050755,0.0001,,,,,0,lstm
129,177017,596.6187,516.5629,1419,1,1,0,0,0.2976,2.077,goal,2374.3,0.001708,0.423076,-0.869664,0.873904,4.715757,1.158789,0.450923,5.984821,0.400113,0.395027,-0.580226,1.0,,,,,,,,,,,,,,0,lstm
130,178442,595.8338,516.3688,1425,1,1,0,0,0.2985,2.086,goal,2393.1,0.022819,0.423604,-0.872145,0.872699,4.763321,1.12411,0.460376,5.989681,0.394235,0.393131,-0.679607,1.0,,,,,,,,,,,,,,0,lstm
131,179852,598.5104,516.0786,1410,1,1,0,0,0.2997,2.072,goal,2411.6,0.011781,0.424435,-0.881991,0.867252,4.70491,1.159611,0.215164,5.990748,0.395454,0.393552,-0.488063,1.0,,,,,,,,,,,,,,0,lstm
132,181279,593.732,516.7376,1427,1,1,0,0,0.2972,2.076,goal,2433.3,0.030547,0.42228,-0.886142,0.852414,4.706942,1.159418,0.481917,5.989879,0.394902,0.40304,-0.662129,1.0,0.019372,0.00226,1.848264,0.006224,0.018662,0.09049,0.013888,0.064578,0.0001,,,,,0,lstm
133,182871,596.136,545.6908,1592,1,1,0,0,0.2976,2.054,goal,2454.5,-0.036584,0.426048,-0.871641,0.85131,4.713685,1.253324,0.21102,5.995356,0.408279,0.3961,-0.918899,1.0,,,,,,,,,,,,,,0,lstm
134,184336,613.4466,547.6529,1465,1,1,0,0,0.2971,2.068,goal,2474.0,-0.008964,0.424869,-0.866472,0.859647,4.728261,1.217016,0.35571,5.991358,0.391914,0.391854,-0.457758,1.007642,,,,,,,,,,,,,,0,lstm
135,185844,611.9058,549.6851,1508,1,1,0,0,0.2979,2.051,goal,2493.9,-0.006877,0.438479,-0.867294,0.845398,4.795905,1.148389,0.293587,5.991001,0.398471,0.389142,-0.501516,1.00544,,,,,,,,,,,,,,0,lstm
136,187262,599.3539,548.7756,1418,1,1,0,0,0.2987,2.082,goal,2514.6,0.005884,0.421651,-0.845343,0.877125,4.805157,1.126227,0.259947,5.99357,0.393886,0.392971,-0.518749,1.0,0.00421,0.001729,1.846988,0.006207,0.010534,0.119504,0.0032,0.117037,0.0001,,,,,0,lstm
137,187674,83.2295,496.4588,412,0,0,1,0,2.991,2.015,collision,2520.1,-0.118089,0.450359,-0.873402,0.814513,4.811669,1.110325,0.380128,5.988072,0.368372,0.386202,-0.480273,1.0,,,,,,,,,,,,,,0,lstm
138,189165,604.7685,549.3535,1491,1,1,0,0,0.299,2.06,goal,2539.6,0.003687,0.430408,-0.8824,0.8753,4.752746,1.161728,0.239196,5.990727,0.395353,0.389646,-0.519354,1.0,,,,,,,,,,,,,,0,lstm
139,190645,602.1305,549.9047,1480,1,1,0,0,0.2994,2.055,goal,2559.3,-0.030645,0.440879,-0.88171,0.85553,4.859229,1.092917,0.268188,5.981878,0.397531,0.38912,-0.493584,1.0,,,,,,,,,,,,,,0,lstm
140,192060,595.9352,549.9148,1415,1,1,0,0,0.2984,2.073,goal,2579.6,0.029822,0.430967,-0.847765,0.863097,4.771111,1.080223,0.73635,5.987651,0.391986,0.391772,-0.615239,1.0,0.033558,0.003372,1.846623,0.006191,0.019648,0.063787,0.006446,0.064708,0.0001,,,,,0,lstm
141,193498,601.7336,550.2372,1438,1,1,0,0,0.297,2.092,goal,2598.2,0.019015,0.416651,-0.857129,0.866432,4.742098,1.119595,0.250911,5.98142,0.393352,0.40181,-0.599699,1.000043,,,,,,,,,,,,,,0,lstm
142,194966,611.5564,552.0196,1468,1,1,0,0,0.2987,2.061,goal,2617.8,0.009031,0.43753,-0.867958,0.869645,4.775518,1.128953,0.313948,5.988021,0.387225,0.392038,-0.595909,1.004308,,,,,,,,,,,,,,0,lstm
143,196578,604.7716,552.8832,1612,1,1,0,0,0.2992,2.043,goal,2639.5,-0.031697,0.433253,-0.871768,0.857806,4.693629,1.25024,0.218476,5.988463,0.404065,0.397285,-0.886992,1.008717,,,,,,,,,,,,,,0,lstm
144,197984,595.044,551.0429,1406,1,1,0,0,0.2979,2.07,goal,2659.9,-0.0127,0.432472,-0.867381,0.852321,4.819007,1.126136,0.632911,5.992361,0.387623,0.391307,-0.503429,1.0,-0.004896,0.001592,1.846193,0.006175,0.013476,0.114234,0.002709,0.113745,0.0001,,,,,0,lstm
145,199410,596.9315,549.5455,1426,1,1,0,0,0.2993,2.059,goal,2679.1,-0.032589,0.435177,-0.886488,0.868961,4.788373,1.135014,0.269833,5.99593,0.384354,0.389404,-0.586465,1.0,,,,,,,,,,,,,,0,lstm
146,200836,602.2394,549.834,1426,1,1,0,0,0.2992,2.095,goal,2698.1,0.021307,0.412449,-0.838095,0.866401,4.744869,1.144823,0.144845,5.980951,0.394957,0.391063,-0.489276,1.000075,,,,,,,,,,,,,,0,lstm
147,202284,604.5669,601.9677,1448,1,1,0,0,0.2979,2.074,goal,2717.7,-0.002783,0.423672,-0.883821,0.847106,4.737774,1.131988,0.556565,5.99318,0.39817,0.39453,-0.519652,1.0,,,,,,,,,,,,,,0,lstm
148,203711,598.5929,601.3502,1427,1,1,0,0,0.2991,2.066,goal,2738.3,-0.011232,0.43267,-0.888921,0.87069,4.783133,1.136793,0.359296,5.99602,0.39036,0.391877,-0.474211,1.0,-0.019083,0.002255,1.845754,0.006159,0.015695,0.111009,0.009778,0.104059,0.0001,,,,,0,lstm
149,205149,607.2019,601.8573,1438,1,1,0,0,0.2982,2.075,goal,2757.5,0.005655,0.427382,-0.869442,0.869445,4.814555,1.13075,0.174986,5.989573,0.387796,0.390127,-0.499268,1.0,,,,,,,,,,,,,,0,lstm
150,206561,592.8598,601.5498,1412,1,1,0,0,0.2986,2.086,goal,2776.0,0.019585,0.420257,-0.854326,0.873478,4.787367,1.132449,0.36276,5.988535,0.3983,0.394471,-0.536071,1.0,,,,,,,,,,,,,,0,lstm
151,207983,601.3226,601.5087,1422,1,1,0,0,0.2992,2.058,goal,2795.1,-0.002031,0.432689,-0.854921,0.855974,4.783402,1.132154,0.206417,5.986863,0.387744,0.391532,-0.474522,1.0,,,,,,,,,,,,,,0,lstm
152,208332,64.547,546.8078,349,0,0,1,0,3.0397,2.024,collision,2801.8,-0.120263,0.447952,-0.879021,0.798964,4.805435,1.15468,0.989627,5.985688,0.370226,0.387115,-0.442524,1.0,0.041738,0.003606,1.845787,0.006143,0.018839,0.070041,0.00645,0.057979,0.0001,,,,,0,lstm
153,209874,612.5353,547.5841,1542,1,1,0,0,0.298,2.046,goal,2822.5,0.004549,0.440065,-0.877311,0.890936,4.747457,1.212007,0.180634,5.991525,0.394811,0.391566,-0.670219,1.011215,,,,,,,,,,,,,,0,lstm
154,211344,601.8469,548.2644,1470,1,1,0,0,0.2987,2.056,goal,2842.4,-0.027567,0.440068,-0.890361,0.85047,4.846658,1.118896,0.423222,5.989777,0.398642,0.389888,-0.47013,1.0,,,,,,,,,,,,,,0,lstm
155,212752,598.2491,548.3962,1408,1,1,0,0,0.2985,2.096,goal,2861.6,0.002688,0.413112,-0.882925,0.854949,4.795346,1.112411,0.52464,5.985898,0.395088,0.392442,-0.497556,1.0,,,,,,,,,,,,,,0,lstm
156,214207,607.0089,548.8731,1455,1,1,0,0,0.2993,2.063,goal,2883.1,-0.021843,0.435922,-0.877859,0.859489,4.843358,1.125514,0.240645,5.988171,0.396787,0.394014,-0.522054,1.0,-0.014515,0.001984,1.845968,0.006126,0.016662,0.12776,0.009342,0.118878,0.0001,,,,,0,lstm
157,215641,604.696,548.886,1434,1,1,0,0,0.2992,2.086,goal,2902.5,0.020288,0.421391,-0.854827,0.865515,4.832338,1.110108,0.668155,5.985519,0.392002,0.391011,-0.60366,1.000578,,,,,,,,,,,,,,0,lstm
158,216396,198.2609,508.8528,755,0,0,1,0,2.1303,2.038,collision,2912.9,0.045131,0.440849,-0.87729,0.873492,4.696945,1.20655,0.372308,5.984449,0.386269,0.392743,-0.606603,1.0,,,,,,,,,,,,,,0,lstm
159,217815,594.9671,507.6294,1419,1,1,0,0,0.3,2.084,goal,2932.2,0.03461,0.424872,-0.848526,0.861306,4.896662,1.028485,0.515985,5.990072,0.394312,0.393626,-0.674805,1.0,,,,,,,,,,,,,,0,lstm
160,219226,595.3803,507.8814,1411,1,1,0,0,0.2981,2.074,goal,2952.8,-0.019547,0.436389,-0.89401,0.851855,4.892936,1.05275,0.414784,5.992531,0.394219,0.392513,-0.508291,1.0,0.034207,0.004061,1.845933,0.00611,0.01809,0.11897,0.006301,0.127126,0.0001,,,,,0,lstm
161,219567,62.6946,454.0186,341,0,0,1,0,3.0407,2.081,collision,2957.4,-0.0231,0.422421,-0.849064,0.832329,4.801253,1.099869,0.380704,5.980437,0.384126,0.391893,-0.433459,1.0,,,,,,,,,,,,,,0,lstm
162,220993,595.4144,507.1054,1426,1,1,0,0,0.299,2.07,goal,2976.1,0.00233,0.434235,-0.867404,0.857228,4.858493,1.096187,0.461777,5.986867,0.398217,0.394702,-0.522629,1.0,,,,,,,,,,,,,,0,lstm
163,221043,-36.9497,442.1568,50,0,0,1,0,3.8309,1.547,collision,2976.9,-0.664595,0.292148,-0.897865,0.293022,5.080339,1.102956,1.822972,5.963339,0.244335,0.337205,-0.524008,1.0,,,,,,,,,,,,,,0,lstm
164,222448,593.7746,441.3496,1405,1,1,0,0,0.299,2.084,goal,2997.1,-0.004221,0.42674,-0.878215,0.863692,4.88781,1.071299,0.322518,5.995868,0.388921,0.391112,-0.525713,1.0,0.02771,0.006907,1.845738,0.006094,0.023921,0.097645,0.011665,0.092313,0.0001,,,,,0,lstm
165,223876,601.75,441.6997,1428,1,1,0,0,0.2994,2.08,goal,3015.9,-0.013491,0.42773,-0.886837,0.866999,4.836196,1.077382,0.690247,5.988343,0.395523,0.390827,-0.474675,1.0,,,,,,,,,,,,,,0,lstm
166,225293,597.6607,440.7649,1417,1,1,0,0,0.2985,2.081,goal,3033.9,0.036094,0.420688,-0.844948,0.857862,4.737216,1.160352,0.574553,5.982897,0.391653,0.391546,-0.585909,1.0,,,,,,,,,,,,,,0,lstm
167,226713,598.8596,440.1812,1420,1,1,0,0,0.2978,2.085,goal,3052.2,-0.015451,0.430054,-0.880541,0.848163,4.922556,1.015012,0.642267,5.992807,0.390361,0.389982,-0.486943,1.0,,,,,,,,,,,,,,0,lstm
168,228133,594.1269,479.7678,1420,1,1,0,0,0.2995,2.083,goal,3072.1,0.029753,0.42729,-0.864088,0.887495,4.776305,1.137997,0.374443,5.997967,0.395718,0.402701,-0.628821,1.0,-0.022074,0.002057,1.845731,0.006078,0.014887,0.1051,0.012254,0.089608,0.0001,,,,,0,lstm
169,229536,594.1461,479.6857,1403,1,1,0,0,0.2978,2.088,goal,3090.2,-0.000404,0.421397,-0.87329,0.87252,4.758104,1.122503,0.584463,5.995811,0.394619,0.393371,-0.513078,1.0,,,,,,,,,,,,,,0,lstm
170,230942,599.7148,480.1192,1406,1,1,0,0,0.2989,2.106,goal,3108.4,0.011291,0.406216,-0.824885,0.831116,4.734799,1.172961,0.308856,5.988529,0.390696,0.391027,-0.453791,1.0,,,,,,,,,,,,,,0,lstm
171,232405,613.7409,535.2238,1463,1,1,0,0,0.2997,2.069,goal,3127.4,0.010343,0.42242,-0.864033,0.890871,4.723127,1.164867,0.114197,5.997762,0.389954,0.392964,-0.496426,1.008688,,,,,,,,,,,,,,0,lstm
172,233869,611.8464,536.867,1464,1,1,0,0,0.2987,2.071,goal,3148.1,-0.001434,0.423222,-0.866904,0.845883,4.736847,1.169123,0.289938,5.991803,0.388549,0.391631,-0.523233,1.007961,-0.022112,0.001956,1.84592,0.006062,0.01459,0.093569,0.007525,0.079673,0.0001,,,,,0,lstm
173,235309,601.4615,600.7081,1440,1,1,0,0,0.2992,2.102,goal,3166.7,0.007304,0.407204,-0.862806,0.860181,4.698311,1.159431,0.210871,5.99037,0.394173,0.401825,-0.568002,1.005713,,,,,,,,,,,,,,0,lstm
174,236755,596.6279,600.9935,1446,1,1,0,0,0.2984,2.086,goal,3185.3,0.025697,0.419458,-0.856289,0.88088,4.745234,1.125667,0.408928,5.995227,0.393943,0.404026,-0.623523,1.0,,,,,,,,,,,,,,0,lstm
175,238194,605.0637,601.3248,1439,1,1,0,0,0.2985,2.082,goal,3204.0,-0.005599,0.420288,-0.874762,0.852648,4.712968,1.171476,0.285896,5.990585,0.398805,0.393467,-0.46469,1.000396,,,,,,,,,,,,,,0,lstm
176,239631,600.6647,601.6252,1437,1,1,0,0,0.2972,2.051,goal,3224.7,-0.037709,0.434835,-0.887745,0.87503,4.722508,1.19199,0.296568,5.992626,0.384436,0.391103,-0.553988,1.0,-0.00924,0.001812,1.846092,0.006045,0.018054,0.084999,0.011261,0.069106,0.0001,,,,,0,lstm
177,241094,606.6118,602.4005,1463,1,1,0,0,0.2994,2.083,goal,3243.8,0.018312,0.418511,-0.830007,0.872213,4.701408,1.145009,0.129407,5.988569,0.394168,0.400894,-0.540137,1.009025,,,,,,,,,,,,,,0,lstm
178,242489,586.361,601.6239,1395,1,1,0,0,0.2993,2.095,goal,3262.0,0.021151,0.417084,-0.873306,0.877185,4.705644,1.120628,0.417396,5.980577,0.393674,0.403691,-0.52963,1.0,,,,,,,,,,,,,,0,lstm
179,242526,-40.3222,538.177,37,0,0,1,0,3.848,1.626,collision,3262.6,-0.60744,0.329785,-0.893216,0.689139,5.01141,0.814709,2.536717,5.939178,0.228102,0.330802,-0.495523,1.0,,,,,,,,,,,,,,0,lstm
180,243987,600.9193,538.2975,1461,1,1,0,0,0.2986,2.094,goal,3283.6,0.032488,0.404643,-0.851173,0.867465,4.649984,1.193611,0.391527,5.986195,0.394512,0.402867,-0.718709,1.009857,0.030171,0.002546,1.845502,0.006029,0.012172,0.056911,0.007339,0.043936,0.0001,,,,,0,lstm
181,245421,598.1788,536.7413,1434,1,1,0,0,0.2982,2.043,goal,3302.4,-0.021831,0.447555,-0.892752,0.877035,4.785108,1.136216,0.420827,5.987928,0.381599,0.390004,-0.534123,1.0,,,,,,,,,,,,,,0,lstm
182,246870,602.8257,535.8392,1449,1,1,0,0,0.2993,2.097,goal,3321.2,0.027939,0.413872,-0.873295,0.859429,4.767733,1.114779,0.498049,5.982573,0.394312,0.403811,-0.638876,1.00708,,,,,,,,,,,,,,0,lstm
183,248254,591.6334,534.8564,1384,1,1,0,0,0.2986,2.119,goal,3338.8,0.006372,0.402923,-0.859181,0.872357,4.74545,1.115991,0.616567,5.990357,0.390137,0.39105,-0.429675,1.0,,,,,,,,,,,,,,0,lstm
184,249657,595.6302,534.7566,1403,1,1,0,0,0.2996,2.083,goal,3358.7,-0.000101,0.413049,-0.844683,0.848914,4.714166,1.170915,0.260605,5.986588,0.389543,0.391527,-0.477594,1.0,-0.019809,0.001956,1.845031,0.006013,0.011603,0.063914,0.004328,0.05302,0.0001,,,,,0,lstm
185,251126,613.2674,535.577,1469,1,1,0,0,0.2988,2.066,goal,3377.8,0.002544,0.429278,-0.883684,0.867012,4.652702,1.200006,0.194794,5.990594,0.386199,0.390666,-0.544565,1.007493,,,,,,,,,,,,,,0,lstm
186,252594,609.5938,536.4699,1468,1,1,0,0,0.2993,2.074,goal,3396.7,0.028841,0.422719,-0.853988,0.872458,4.716627,1.180778,0.331152,5.99354,0.400765,0.395976,-0.569547,1.009649,,,,,,,,,,,,,,0,lstm
187,252632,-39.7241,471.8363,38,0,0,1,0,3.834,1.428,collision,3397.2,-0.77111,0.137671,-0.891848,-0.406937,5.315995,0.736344,2.908274,5.991886,0.263473,0.354656,-0.431989,1.0,,,,,,,,,,,,,,0,lstm
188,254016,589.6364,472.1639,1384,1,1,0,0,0.2968,2.086,goal,3416.8,0.002714,0.416633,-0.870469,0.855982,4.747877,1.153003,0.199228,5.992544,0.394407,0.392991,-0.432037,1.0,0.046966,0.002853,1.844155,0.005997,0.012576,0.132743,0.005685,0.164081,0.0001,,,,,0,lstm
189,255442,602.349,536.431,1426,1,1,0,0,0.2984,2.081,goal,3435.7,0.001373,0.421874,-0.865495,0.863766,4.738992,1.145591,0.305189,5.973479,0.390184,0.391989,-0.591788,1.0,,,,,,,,,,,,,,0,lstm
190,256834,586.9873,535.0378,1392,1,1,0,0,0.2983,2.09,goal,3454.4,0.012188,0.415884,-0.869891,0.87189,4.713391,1.128118,0.362928,5.986072,0.393813,0.402516,-0.557204,1.0,,,,,,,,,,,,,,0,lstm
191,256931,-25.1562,472.7043,97,0,0,1,0,3.8351,1.845,collision,3455.8,-0.324537,0.429482,-0.853511,0.709769,4.660483,1.195476,0.554565,5.988281,0.27126,0.349047,-0.57468,1.007473,,,,,,,,,,,,,,0,lstm
192,258365,601.9936,472.6211,1434,1,1,0,0,0.2972,2.098,goal,3476.9,0.016866,0.413314,-0.849048,0.868887,4.781487,1.085304,0.261135,5.990821,0.396118,0.403257,-0.592566,1.004031,0.043468,0.002363,1.844128,0.005981,0.011591,0.073568,0.004797,0.063722,0.0001,,,,,0,lstm
193,259780,593.2184,472.7796,1415,1,1,0,0,0.3,2.101,goal,3496.2,0.022163,0.41405,-0.862825,0.854141,4.729141,1.139005,0.72687,5.982757,0.397241,0.402714,-0.627725,1.0,,,,,,,,,,,,,,0,lstm
194,259870,-38.8323,409.3333,90,0,0,1,0,3.8095,1.486,collision,3497.4,0.307176,0.365164,-0.798551,0.832613,2.21971,1.520617,0.086799,5.692097,0.267633,0.393705,-0.836452,1.0,,,,,,,,,,,,,,0,lstm
195,261316,605.26,408.5326,1446,1,1,0,0,0.298,2.092,goal,3516.5,0.005429,0.409005,-0.840119,0.82369,4.71688,1.145573,0.462461,5.978496,0.394034,0.402107,-0.592188,1.007152,,,,,,,,,,,,,,0,lstm
196,262788,603.3805,407.9113,1472,1,1,0,0,0.2997,2.067,goal,3538.0,-0.023082,0.428773,-0.886561,0.877451,4.733082,1.156882,0.324445,5.990977,0.386047,0.401044,-0.570158,1.0,0.035334,0.002523,1.844862,0.005964,0.014156,0.067343,0.004975,0.069778,0.0001,,,,,0,lstm
197,264210,599.8378,471.8675,1422,1,1,0,0,0.2991,2.093,goal,3556.0,-0.002508,0.408082,-0.842691,0.874534,4.727386,1.157763,0.47244,5.996068,0.392049,0.391455,-0.487457,1.0,,,,,,,,,,,,,,0,lstm
198,264629,79.9877,420.9026,419,0,0,1,0,3.0677,1.95,collision,3561.4,-0.047385,0.487131,-0.872441,0.852829,4.555317,1.313918,0.379491,5.992196,0.354698,0.382568,-0.67008,1.006504,,,,,,,,,,,,,,0,lstm
199,266086,601.9317,420.8609,1457,1,1,0,0,0.2991,2.091,goal,3580.2,0.029882,0.412024,-0.862896,0.853602,4.677399,1.170267,0.312066,5.984021,0.398332,0.40344,-0.703162,1.008731,,,,,,,,,,,,,,0,lstm
200,267516,603.3563,422.4978,1430,1,1,0,0,0.2984,2.092,goal,3600.9,0.010722,0.413031,-0.846684,0.844261,4.739361,1.151175,0.424062,5.986542,0.395865,0.393755,-0.500184,1.000293,0.032161,0.004071,1.845327,0.005948,0.015766,0.078454,0.006142,0.076779,0.0001,,,,,0,lstm
201,268952,601.1108,485.1245,1436,1,1,0,0,0.298,2.085,goal,3619.8,0.016304,0.419098,-0.858862,0.869454,4.722016,1.170899,0.551633,5.989901,0.387596,0.389345,-0.547299,1.0,,,,,,,,,,,,,,0,lstm
202,270432,608.5753,485.7826,1480,1,1,0,0,0.2992,2.074,goal,3638.3,0.001075,0.426134,-0.85001,0.878469,4.740443,1.124085,0.409563,5.992926,0.389923,0.402357,-0.611317,1.00722,,,,,,,,,,,,,,0,lstm
203,270532,-30.5589,423.4049,100,0,0,1,0,3.8295,1.88,collision,3639.7,0.189907,0.380015,-0.657691,0.787228,3.531826,1.54138,0.496819,5.872082,0.276676,0.378062,-0.708073,1.0,,,,,,,,,,,,,,0,lstm
204,271941,593.3857,486.6267,1409,1,1,0,0,0.2996,2.111,goal,3660.1,0.019269,0.40777,-0.858952,0.851668,4.778969,1.094124,0.660911,5.990555,0.397528,0.403668,-0.586299,1.0,0.032976,0.003264,1.845942,0.005932,0.015311,0.074662,0.00765,0.059773,0.0001,,,,,0,lstm
205,273394,607.1332,486.814,1453,1,1,0,0,0.2977,2.082,goal,3679.6,0.003485,0.417319,-0.869069,0.848635,4.746724,1.170029,0.269337,5.994267,0.392525,0.398169,-0.615748,1.003394,,,,,,,,,,,,,,0,lstm
206,273537,-24.9485,423.9811,143,0,0,1,0,3.8164,1.884,collision,3681.5,0.174825,0.408975,-0.750505,0.846864,3.316654,1.456633,0.305541,5.973886,0.297208,0.393138,-0.831662,1.009472,,,,,,,,,,,,,,0,lstm
207,274971,598.4762,423.845,1434,1,1,0,0,0.2996,2.086,goal,3700.2,0.035252,0.418982,-0.861533,0.857221,4.742429,1.118032,0.484749,5.986094,0.398371,0.402407,-0.571285,1.0,,,,,,,,,,,,,,0,lstm
208,276480,619.8002,477.8262,1509,1,1,0,0,0.2996,2.035,goal,3721.6,-0.002352,0.444679,-0.886396,0.878838,4.704183,1.200775,0.135512,5.996153,0.384874,0.390294,-0.564989,1.009676,0.046489,0.002416,1.846903,0.005916,0.016059,0.076781,0.008263,0.067579,0.0001,,,,,0,lstm
209,277919,599.1883,477.5519,1439,1,1,0,0,0.2999,2.085,goal,3740.8,0.027307,0.422883,-0.86588,0.872365,4.719999,1.125865,0.59678,5.989235,0.391357,0.391094,-0.707352,1.0,,,,,,,,,,,,,,0,lstm
210,279362,603.3329,477.5495,1443,1,1,0,0,0.2993,2.077,goal,3759.6,0.035565,0.419838,-0.818088,0.837781,4.743739,1.139745,0.518239,5.992047,0.393859,0.392396,-0.727795,1.0,,,,,,,,,,,,,,0,lstm
211,280820,607.304,478.1688,1458,1,1,0,0,0.2981,2.066,goal,3778.4,0.025785,0.43291,-0.890149,0.847938,4.725257,1.136895,0.227255,5.989967,0.387987,0.391255,-0.535477,1.000052,,,,,,,,,,,,,,0,lstm
212,280915,-23.1182,414.9995,95,0,0,1,0,3.8509,1.793,collision,3781.5,-0.345588,0.460561,-0.886744,0.755087,4.768268,1.167505,0.249755,5.989512,0.267059,0.344823,-0.472151,1.010917,0.04364,0.003462,1.847221,0.0059,0.011879,0.053884,0.008127,0.052317,0.0001,,,,,0,lstm
213,281035,-27.6268,415.2927,120,0,0,1,0,3.8264,2.006,collision,3783.1,0.046748,0.39391,-0.775536,0.76188,3.688715,1.48139,0.407221,5.912656,0.287008,0.379368,-0.708808,1.01076,,,,,,,,,,,,,,0,lstm
214,282449,596.6648,415.6206,1414,1,1,0,0,0.2988,2.112,goal,3801.9,0.020512,0.404805,-0.851517,0.843142,4.775274,1.091085,0.086092,5.978122,0.388395,0.389935,-0.469753,1.0,,,,,,,,,,,,,,0,lstm
215,283884,605.031,415.4104,1435,1,1,0,0,0.2993,2.094,goal,3821.2,0.012184,0.413437,-0.854052,0.842104,4.733376,1.159469,0.510003,5.994754,0.389778,0.391537,-0.499398,1.005859,,,,,,,,,,,,,,0,lstm
216,285358,614.5531,479.3606,1474,1,1,0,0,0.2981,2.066,goal,3842.0,-0.005452,0.429562,-0.859184,0.851958,4.710851,1.145016,0.411893,5.982367,0.387973,0.389744,-0.523499,1.008551,0.05415,0.002552,1.847483,0.005883,0.012364,0.073541,0.004421,0.05782,0.0001,,,,,0,lstm
217,285524,-23.6949,417.1434,166,0,0,1,0,3.8025,1.834,collision,3844.3,0.214292,0.390989,-0.705352,0.85308,3.351196,1.60904,0.170839,5.877214,0.291141,0.394233,-0.888766,1.009441,,,,,,,,,,,,,,0,lstm
218,286944,592.6284,414.4263,1420,1,1,0,0,0.2977,2.089,goal,3862.9,0.024246,0.417445,-0.852436,0.845557,4.758848,1.125366,0.634643,5.989771,0.396462,0.40236,-0.618262,1.0,,,,,,,,,,,,,,0,lstm
219,287967,292.3615,383.7436,1023,0,0,1,0,1.4,2.078,collision,3876.4,0.019579,0.423891,-0.885513,0.880491,4.599837,1.164688,0.590262,5.983156,0.390997,0.392498,-0.565552,1.0,,,,,,,,,,,,,,0,lstm
220,289381,596.4344,383.0537,1414,1,1,0,0,0.2993,2.101,goal,3896.7,0.006444,0.408427,-0.863336,0.84942,4.726258,1.195949,0.344196,5.991307,0.39129,0.392107,-0.433851,1.0,0.03609,0.005097,1.847576,0.005867,0.019744,0.040649,0.006844,0.043255,0.0001,,,,,0,lstm
221,290848,599.7218,382.2955,1467,1,1,0,0,0.2999,2.082,goal,3916.3,-0.001168,0.421992,-0.855793,0.873971,4.691286,1.179535,0.490365,5.981059,0.394281,0.387441,-0.481523,1.0,,,,,,,,,,,,,,0,lstm
222,292251,595.2137,444.1287,1403,1,1,0,0,0.2997,2.089,goal,3935.1,0.005461,0.4184,-0.875435,0.863027,4.706569,1.169562,0.289509,5.990794,0.393096,0.391912,-0.520462,1.0,,,,,,,,,,,,,,0,lstm
223,293685,592.4289,506.1343,1434,1,1,0,0,0.299,2.077,goal,3954.2,-0.023323,0.427532,-0.876706,0.862044,4.782635,1.145732,0.595374,5.985155,0.396057,0.388267,-0.422657,1.0,,,,,,,,,,,,,,0,lstm
224,295140,607.1295,507.1807,1455,1,1,0,0,0.298,2.07,goal,3975.3,0.000148,0.428356,-0.876063,0.887024,4.753118,1.117086,0.477618,5.995573,0.38921,0.390926,-0.513376,1.0,-0.029975,0.00153,1.84743,0.005851,0.010101,0.063231,0.001606,0.046964,0.0001,,,,,0,lstm
225,296552,597.451,506.4227,1412,1,1,0,0,0.2992,2.084,goal,3994.2,-0.008558,0.416999,-0.878434,0.859234,4.731569,1.148179,0.196543,5.98831,0.393139,0.390785,-0.523987,1.0,,,,,,,,,,,,,,0,lstm
226,297949,591.9746,504.1649,1397,1,1,0,0,0.3,2.098,goal,4012.9,0.022605,0.410095,-0.851776,0.86087,4.788022,1.116444,0.340022,5.989225,0.390858,0.390018,-0.508707,1.0,,,,,,,,,,,,,,0,lstm
227,299415,597.0315,566.2375,1466,1,1,0,0,0.2994,2.069,goal,4032.3,0.003958,0.427078,-0.849679,0.87582,4.737436,1.149752,0.503674,5.982558,0.400811,0.389911,-0.549722,1.0,,,,,,,,,,,,,,0,lstm
228,300897,602.2488,567.1996,1482,1,1,0,0,0.2984,2.089,goal,4054.3,-0.001654,0.418074,-0.872418,0.874138,4.741446,1.126048,0.238871,5.986005,0.394676,0.38906,-0.529843,1.003509,0.001574,0.00204,1.846522,0.005835,0.011993,0.098511,0.006575,0.086752,0.0001,,,,,0,lstm
229,302332,599.9581,597.9592,1435,1,1,0,0,0.2998,2.07,goal,4073.5,-0.020317,0.431798,-0.874947,0.857391,4.819247,1.113944,0.205573,5.994529,0.38627,0.389302,-0.536185,1.0,,,,,,,,,,,,,,0,lstm
230,302690,69.2884,545.2446,358,0,0,1,0,3.1209,2.071,collision,4078.3,0.11186,0.422802,-0.820342,0.869447,4.62815,1.135448,1.164623,5.984686,0.377877,0.38924,-0.470902,1.008318,,,,,,,,,,,,,,0,lstm
231,304117,596.0462,544.8771,1427,1,1,0,0,0.2973,2.076,goal,4097.2,0.015066,0.422409,-0.873063,0.867854,4.755131,1.175006,0.311078,5.995197,0.402524,0.395502,-0.556096,1.0,,,,,,,,,,,,,,0,lstm
232,305669,591.2572,544.4814,1552,1,1,0,0,0.2981,2.074,goal,4121.1,-0.020402,0.423372,-0.86058,0.871814,4.787238,1.164147,0.169495,5.983746,0.409279,0.397649,-0.884064,1.009071,0.047469,0.003432,1.846718,0.005819,0.019623,0.06165,0.009468,0.04961,0.0001,,,,,0,lstm
233,307163,606.6155,545.9001,1494,1,1,0,0,0.2991,2.073,goal,4141.3,0.009738,0.428316,-0.862912,0.86612,4.813574,1.127226,0.397424,5.987515,0.396954,0.389791,-0.539372,1.007067,,,,,,,,,,,,,,0,lstm
234,307205,-39.244,481.2627,42,0,0,1,0,3.8152,1.583,collision,4142.0,-0.639382,0.307521,-0.880988,0.494493,5.30395,0.789972,2.758644,5.980764,0.24629,0.340294,-0.529362,1.0,,,,,,,,,,,,,,0,lstm
235,308654,600.8534,481.603,1449,1,1,0,0,0.299,2.085,goal,4161.1,0.011023,0.424907,-0.865058,0.859615,4.783807,1.099774,0.700829,5.996573,0.401554,0.394349,-0.53415,1.0,,,,,,,,,,,,,,0,lstm
236,310093,598.3835,482.2439,1439,1,1,0,0,0.2999,2.072,goal,4181.8,0.037006,0.423979,-0.858505,0.865802,4.734783,1.178724,0.195725,5.984191,0.393928,0.392095,-0.709252,1.0,0.03539,0.003084,1.84805,0.005802,0.01389,0.081083,0.008539,0.072121,0.0001,,,,,0,lstm
237,311597,605.9508,483.1358,1504,1,1,0,0,0.2995,2.054,goal,4202.2,0.000286,0.442633,-0.879462,0.872349,4.75393,1.14961,0.272724,5.984349,0.396144,0.390323,-0.629084,1.0,,,,,,,,,,,,,,0,lstm
238,313045,588.2541,481.7363,1448,1,1,0,0,0.2993,2.088,goal,4221.8,0.008789,0.419573,-0.861311,0.871939,4.78138,1.106673,0.513385,5.984866,0.404524,0.390443,-0.54217,1.0,,,,,,,,,,,,,,0,lstm
239,314509,608.1403,482.5546,1464,1,1,0,0,0.2983,2.069,goal,4241.4,-0.021793,0.43429,-0.888403,0.8633,4.802498,1.11138,0.365651,5.988997,0.389719,0.389492,-0.532444,1.000149,,,,,,,,,,,,,,0,lstm
240,315960,591.2502,534.7507,1451,1,1,0,0,0.2994,2.078,goal,4262.0,-0.02416,0.427053,-0.876847,0.877144,4.804313,1.121752,0.535729,5.993045,0.393084,0.387037,-0.553561,1.0,-0.011586,0.001823,1.849019,0.005786,0.011087,0.076815,0.002744,0.054871,0.0001,,,,,0,lstm
241,317408,591.9709,534.3432,1448,1,1,0,0,0.2991,2.079,goal,4281.5,0.00183,0.426021,-0.868212,0.861917,4.782062,1.124225,0.345131,5.988231,0.402627,0.387978,-0.493203,1.0,,,,,,,,,,,,,,0,lstm
242,318859,592.64,534.4815,1451,1,1,0,0,0.2983,2.079,goal,4301.3,-0.001545,0.424453,-0.879184,0.859367,4.804837,1.104765,0.608487,5.993175,0.397819,0.387252,-0.535679,1.0,,,,,,,,,,,,,,0,lstm
243,318908,-39.1634,469.9036,49,0,0,1,0,3.8337,1.826,collision,4302.0,-0.343078,0.422948,-0.870455,0.641469,4.548023,1.294186,0.703118,5.881093,0.218374,0.320032,-0.629376,1.0,,,,,,,,,,,,,,0,lstm
244,320404,605.4942,534.3774,1496,1,1,0,0,0.2983,2.074,goal,4323.6,-0.004252,0.427152,-0.875536,0.851037,4.781291,1.128467,0.367681,5.983677,0.399724,0.390011,-0.615995,1.006928,0.030425,0.00306,1.848635,0.00577,0.013434,0.10854,0.00459,0.099392,0.0001,,,,,0,lstm
245,321862,593.7488,533.6669,1458,1,1,0,0,0.2991,2.078,goal,4343.2,-0.009019,0.427997,-0.875383,0.824548,4.819835,1.147487,0.330735,5.989213,0.396059,0.386538,-0.490283,1.0,,,,,,,,,,,,,,0,lstm
246,323406,575.913,531.4199,1544,1,1,0,0,0.2982,2.076,goal,4364.1,-0.030394,0.42696,-0.878755,0.838257,4.739937,1.178835,0.197688,5.985401,0.407227,0.397056,-0.959033,1.0,,,,,,,,,,,,,,0,lstm
247,324840,599.7698,530.8018,1434,1,1,0,0,0.2981,2.092,goal,4383.5,0.031054,0.412634,-0.855234,0.867251,4.764788,1.14456,0.121064,5.984927,0.395057,0.393951,-0.684839,1.0,,,,,,,,,,,,,,0,lstm
248,326319,598.3826,531.8146,1479,1,1,0,0,0.2994,2.042,goal,4405.2,-0.02534,0.44725,-0.895347,0.857717,4.807062,1.145506,0.227534,5.989523,0.391207,0.388432,-0.63228,1.0,-0.024019,0.002864,1.848105,0.005754,0.01684,0.080166,0.006842,0.070487,0.0001,,,,,0,lstm
249,327744,600.2435,531.025,1425,1,1,0,0,0.2986,2.091,goal,4424.9,0.012238,0.416594,-0.859554,0.855309,4.779071,1.124625,0.379843,5.984398,0.394587,0.392243,-0.483241,1.0,,,,,,,,,,,,,,0,lstm
250,329204,606.1824,532.5182,1460,1,1,0,0,0.2971,2.066,goal,4444.7,-0.011954,0.436783,-0.878671,0.867149,4.85304,1.0833,0.483399,5.988071,0.385845,0.389973,-0.518707,1.0,,,,,,,,,,,,,,0,lstm
251,330667,610.6084,534.3819,1463,1,1,0,0,0.2997,2.085,goal,4464.3,0.013632,0.416516,-0.885319,0.85765,4.75146,1.149728,0.189947,5.992393,0.391024,0.390902,-0.543017,1.010412,,,,,,,,,,,,,,0,lstm
252,332116,606.1849,535.7364,1449,1,1,0,0,0.2991,2.084,goal,4486.0,-0.006717,0.425005,-0.887915,0.87513,4.8088,1.095997,0.35802,5.978776,0.391425,0.390628,-0.471515,1.002013,-0.01106,0.002498,1.847674,0.005738,0.012641,0.101863,0.003923,0.100563,0.0001,,,,,0,lstm
253,333585,610.2048,600.6732,1469,1,1,0,0,0.2981,2.076,goal,4506.1,0.03049,0.429591,-0.871545,0.869945,4.821877,1.08001,0.47026,5.99206,0.391316,0.391669,-0.557385,1.006918,,,,,,,,,,,,,,0,lstm
254,335124,576.9766,597.8215,1539,1,1,0,0,0.2996,2.073,goal,4526.5,-0.038649,0.427472,-0.885826,0.845516,4.778338,1.143247,0.539223,5.98386,0.408897,0.397605,-0.961062,1.0,,,,,,,,,,,,,,0,lstm
255,335473,67.0754,545.1541,349,0,0,1,0,3.1071,2.072,collision,4531.3,-0.044774,0.434606,-0.882325,0.820024,4.898008,1.040641,0.508738,5.977974,0.376723,0.387102,-0.376388,1.000404,,,,,,,,,,,,,,0,lstm
256,336902,601.7247,547.7353,1429,1,1,0,0,0.2983,2.093,goal,4552.3,0.012608,0.413897,-0.859752,0.883246,4.785806,1.128508,0.49754,5.997157,0.38917,0.389807,-0.509573,1.0,0.037842,0.003517,1.847432,0.005721,0.017936,0.066757,0.005269,0.0475,0.0001,,,,,0,lstm
257,338372,610.4189,548.8002,1470,1,1,0,0,0.2971,2.074,goal,4571.8,0.005943,0.430286,-0.864164,0.863846,4.767755,1.128269,0.371423,5.985728,0.385338,0.389477,-0.566654,1.006711,,,,,,,,,,,,,,0,lstm
258,339839,604.8956,549.4515,1467,1,1,0,0,0.2994,2.056,goal,4591.1,-0.027611,0.437899,-0.874577,0.885042,4.799868,1.138811,0.407571,5.996463,0.395226,0.393651,-0.570976,1.0,,,,,,,,,,,,,,0,lstm
259,341300,608.4725,550.2744,1461,1,1,0,0,0.2992,2.075,goal,4610.5,-0.009567,0.425533,-0.883483,0.86381,4.794649,1.103571,0.30233,5.986888,0.398079,0.393236,-0.510638,1.004307,,,,,,,,,,,,,,0,lstm
260,342715,594.5678,549.1129,1415,1,1,0,0,0.2973,2.079,goal,4630.7,-0.009466,0.419966,-0.874237,0.856317,4.77602,1.137145,0.306158,5.989522,0.402192,0.39329,-0.473113,1.0,-0.019997,0.002257,1.847758,0.005705,0.018281,0.099861,0.005153,0.083098,0.0001,,,,,0,lstm
261,344146,597.6432,547.8164,1431,1,1,0,0,0.2972,2.061,goal,4649.6,0.000938,0.433104,-0.875163,0.874374,4.729623,1.172571,0.290878,5.984654,0.39963,0.396209,-0.609871,1.0,,,,,,,,,,,,,,0,lstm
262,345605,603.3701,547.5349,1459,1,1,0,0,0.2985,2.083,goal,4669.3,0.008775,0.418335,-0.879177,0.855099,4.739645,1.164086,0.165547,5.991011,0.395433,0.401487,-0.593783,1.002586,,,,,,,,,,,,,,0,lstm
263,347066,613.5159,547.8661,1461,1,1,0,0,0.2994,2.067,goal,4688.4,-0.009191,0.431217,-0.870827,0.881601,4.764656,1.152063,0.253343,5.988729,0.391127,0.392325,-0.483512,1.007914,,,,,,,,,,,,,,0,lstm
264,348481,590.5586,549.2243,1415,1,1,0,0,0.2974,2.082,goal,4709.0,-0.006491,0.425707,-0.883953,0.866564,4.743012,1.135859,0.348478,5.989385,0.389198,0.39065,-0.559919,1.0,0.006536,0.002416,1.848721,0.005689,0.018127,0.122044,0.012829,0.10795,0.0001,,,,,0,lstm
265,349954,606.971,603.2138,1473,1,1,0,0,0.2974,2.062,goal,4729.3,0.018764,0.431992,-0.856029,0.851411,4.754032,1.142942,0.457227,5.985248,0.3951,0.393663,-0.646632,1.0,,,,,,,,,,,,,,0,lstm
266,351404,605.9135,603.6327,1450,1,1,0,0,0.2989,2.077,goal,4748.5,0.007166,0.42422,-0.8703,0.884965,4.744922,1.146651,0.198117,5.99245,0.386254,0.390444,-0.58182,1.0,,,,,,,,,,,,,,0,lstm
267,352949,596.6128,602.2521,1545,1,1,0,0,0.2982,2.076,goal,4769.1,-0.039468,0.421176,-0.860094,0.839314,4.767722,1.153554,0.336798,5.989764,0.41459,0.3977,-0.839924,1.011396,,,,,,,,,,,,,,0,lstm
268,354419,611.6573,602.9283,1470,1,1,0,0,0.2967,2.073,goal,4790.7,0.005841,0.424239,-0.873008,0.871707,4.798566,1.156209,0.147929,5.98644,0.396194,0.392344,-0.520389,1.009424,0.021687,0.001782,1.849336,0.005673,0.010596,0.110771,0.005253,0.093675,0.0001,,,,,0,lstm
269,355862,587.8269,600.8637,1443,1,1,0,0,0.2998,2.076,goal,4810.2,0.005666,0.422656,-0.882037,0.845118,4.751669,1.137954,0.187306,5.988688,0.401922,0.391601,-0.566434,1.0,,,,,,,,,,,,,,0,lstm
270,357274,590.1077,600.4177,1412,1,1,0,0,0.2974,2.08,goal,4829.3,0.015906,0.419199,-0.831347,0.853333,4.797787,1.127084,0.4973,5.994701,0.39382,0.401262,-0.583018,1.0,,,,,,,,,,,,,,0,lstm
271,358686,594.4025,600.0936,1412,1,1,0,0,0.2979,2.074,goal,4848.5,0.017952,0.423741,-0.882289,0.867923,4.793491,1.148819,0.342744,5.991288,0.393106,0.392053,-0.53431,1.0,,,,,,,,,,,,,,0,lstm
272,360178,604.5816,600.2148,1492,1,1,0,0,0.2998,2.078,goal,4870.7,0.002718,0.427603,-0.882813,0.882752,4.775012,1.133732,0.308357,5.995148,0.400976,0.390314,-0.553277,1.005722,0.001915,0.002215,1.849569,0.005657,0.011602,0.078295,0.005253,0.06728,0.0001,,,,,0,lstm
273,361665,593.5363,598.2168,1487,1,1,0,0,0.2984,2.058,goal,4890.6,0.009416,0.43711,-0.868562,0.884822,4.8282,1.130583,0.230794,5.989945,0.394107,0.389864,-0.565285,1.0,,,,,,,,,,,,,,0,lstm
274,363125,599.3141,599.0924,1460,1,1,0,0,0.3,2.061,goal,4910.3,0.026929,0.433927,-0.873965,0.851126,4.81235,1.113586,0.287601,5.989847,0.405164,0.397799,-0.647652,1.0,,,,,,,,,,,,,,0,lstm
275,364555,595.7854,597.9738,1430,1,1,0,0,0.2988,2.073,goal,4929.6,-0.005156,0.428244,-0.886429,0.859131,4.834208,1.088586,0.684564,5.993358,0.392,0.399595,-0.558005,1.0,,,,,,,,,,,,,,0,lstm
276,366019,606.838,598.0663,1464,1,1,0,0,0.2996,2.066,goal,4951.4,-0.012814,0.436851,-0.8745,0.881675,4.831459,1.1002,0.400048,5.994372,0.392297,0.391345,-0.556514,1.0,-0.012538,0.001917,1.849491,0.00564,0.013382,0.079948,0.006737,0.066906,0.0001,,,,,0,lstm
277,367465,597.1708,598.1221,1446,1,1,0,0,0.299,2.063,goal,4971.1,0.040295,0.426564,-0.849215,0.866152,4.798632,1.145054,0.197869,5.987464,0.391173,0.3919,-0.688104,1.0,,,,,,,,,,,,,,0,lstm
278,368941,610.5665,598.013,1476,1,1,0,0,0.2993,2.064,goal,4991.1,-0.009207,0.434537,-0.88475,0.846038,4.844906,1.073141,0.176869,5.993496,0.390509,0.398641,-0.652952,1.001835,,,,,,,,,,,,,,0,lstm
279,370357,590.1779,598.2481,1416,1,1,0,0,0.2991,2.088,goal,5009.9,0.023525,0.425047,-0.8833,0.885607,4.837294,1.051681,0.49889,5.992353,0.392808,0.392143,-0.628581,1.0,,,,,,,,,,,,,,0,lstm
280,371780,594.2898,598.6663,1423,1,1,0,0,0.2992,2.07,goal,5031.0,0.011138,0.425689,-0.860613,0.872851,4.830067,1.087046,0.499138,5.995492,0.395472,0.400549,-0.643474,1.0,-0.007033,0.001919,1.8485,0.005624,0.015311,0.108461,0.010074,0.097437,0.0001,,,,,0,lstm
281,373225,598.431,599.0691,1445,1,1,0,0,0.2986,2.072,goal,5050.2,0.028385,0.423067,-0.843699,0.877716,4.781199,1.158228,0.22591,5.991053,0.392468,0.392486,-0.57272,1.0,,,,,,,,,,,,,,0,lstm
282,374651,601.5014,598.7611,1426,1,1,0,0,0.2984,2.082,goal,5069.2,0.02148,0.422751,-0.866138,0.886247,4.80603,1.125516,0.509296,5.987603,0.3962,0.392867,-0.5285,1.0,,,,,,,,,,,,,,0,lstm
283,376131,601.7925,599.5867,1480,1,1,0,0,0.2984,2.061,goal,5089.2,-0.019147,0.438066,-0.885333,0.859505,4.826355,1.080804,0.261746,5.992531,0.396611,0.390053,-0.553489,1.0,,,,,,,,,,,,,,0,lstm
284,377590,609.8318,600.6385,1459,1,1,0,0,0.2978,2.079,goal,5110.5,0.009793,0.428635,-0.87294,0.875457,4.820172,1.074725,0.317432,5.986724,0.395157,0.392003,-0.530206,1.004409,-0.000358,0.001951,1.847031,0.005608,0.014433,0.095026,0.011031,0.080562,0.0001,,,,,0,lstm
285,379051,587.6142,599.8214,1461,1,1,0,0,0.2988,2.084,goal,5130.3,0.021707,0.420862,-0.848054,0.86383,4.781381,1.131064,0.460083,5.987006,0.401502,0.389623,-0.671647,1.0,,,,,,,,,,,,,,0,lstm
286,380539,605.1795,599.6555,1488,1,1,0,0,0.2997,2.077,goal,5150.8,-0.000401,0.427836,-0.874498,0.845367,4.790403,1.103763,0.60823,5.984637,0.396828,0.38693,-0.531173,1.003816,,,,,,,,,,,,,,0,lstm
287,382020,612.6616,601.2046,1481,1,1,0,0,0.2999,2.075,goal,5170.5,0.00487,0.42809,-0.885476,0.880552,4.800607,1.120888,0.701189,5.993103,0.387466,0.390838,-0.543119,1.009115,,,,,,,,,,,,,,0,lstm
288,383470,606.48,600.796,1450,1,1,0,0,0.2979,2.081,goal,5192.8,0.029958,0.424534,-0.8568,0.871559,4.781075,1.102189,0.062819,5.987526,0.396816,0.393345,-0.546319,1.002488,-0.012014,0.001688,1.846028,0.005592,0.013528,0.080627,0.008021,0.067267,0.0001,,,,,0,lstm
289,384926,610.7763,602.8558,1456,1,1,0,0,0.2985,2.084,goal,5210.7,0.005354,0.421382,-0.865385,0.848968,4.82546,1.109726,0.430887,5.991345,0.393456,0.39159,-0.513081,1.008995,,,,,,,,,,,,,,0,lstm
290,384954,-43.9348,539.0333,28,0,0,1,0,3.834,1.967,collision,5211.1,-0.225405,0.407897,-0.869145,0.731972,3.845615,1.413289,0.957489,5.756034,0.202048,0.319078,-0.599134,1.0,,,,,,,,,,,,,,0,lstm
291,386358,588.1599,538.0062,1404,1,1,0,0,0.2976,2.089,goal,5228.8,0.010767,0.419489,-0.853075,0.860382,4.792709,1.127456,0.39068,5.991069,0.401507,0.395526,-0.533712,1.0,,,,,,,,,,,,,,0,lstm
292,387818,598.409,537.697,1460,1,1,0,0,0.2998,2.074,goal,5249.5,0.004887,0.430775,-0.851882,0.874731,4.837817,1.107894,0.551357,5.990773,0.403003,0.391388,-0.544008,1.0,0.025124,0.001884,1.845311,0.005576,0.011702,0.074135,0.004734,0.058362,0.0001,,,,,0,lstm
293,389274,590.884,536.6061,1456,1,1,0,0,0.2986,2.084,goal,5268.5,0.005011,0.420077,-0.877816,0.838597,4.884813,1.084992,0.213862,5.987528,0.402477,0.388969,-0.535851,1.0,,,,,,,,,,,,,,0,lstm
294,390869,587.4834,534.3713,1595,1,1,0,0,0.2991,2.068,goal,5289.5,-0.030756,0.428666,-0.8816,0.884003,4.800241,1.150454,0.353686,5.990806,0.409975,0.398143,-0.967925,1.0,,,,,,,,,,,,,,0,lstm
295,392336,599.3271,535.5426,1467,1,1,0,0,0.2989,2.082,goal,5308.9,0.002941,0.424163,-0.855707,0.855794,4.847184,1.104476,0.199678,5.988009,0.400981,0.389157,-0.556632,1.0,,,,,,,,,,,,,,0,lstm
296,393730,590.0804,534.0327,1394,1,1,0,0,0.298,2.09,goal,5329.7,0.020869,0.417196,-0.857896,0.846917,4.796763,1.133791,0.235646,5.992819,0.393697,0.390734,-0.50504,1.0,0.002109,0.001631,1.84518,0.005559,0.015324,0.097553,0.009523,0.090133,0.0001,,,,,0,lstm
297,395162,602.822,533.0487,1432,1,1,0,0,0.2996,2.075,goal,5348.5,-0.017155,0.432677,-0.866785,0.877343,4.8812,1.050988,0.647671,5.995412,0.388829,0.39043,-0.528021,1.0,,,,,,,,,,,,,,0,lstm
298,396606,602.3447,532.6352,1444,1,1,0,0,0.2992,2.089,goal,5367.5,0.010586,0.420319,-0.868567,0.857814,4.841213,1.075952,0.556314,5.991659,0.399185,0.393697,-0.52661,1.0,,,,,,,,,,,,,,0,lstm
299,398012,595.1568,531.0732,1406,1,1,0,0,0.2983,2.077,goal,5385.8,0.014017,0.426417,-0.85701,0.868054,4.910491,1.04549,0.46214,5.989933,0.393244,0.392611,-0.506561,1.0,,,,,,,,,,,,,,0,lstm
300,399476,597.2354,595.1903,1464,1,1,0,0,0.2993,2.081,goal,5406.7,-0.0108,0.426079,-0.855681,0.87528,4.875326,1.095428,0.510726,5.990475,0.396478,0.386633,-0.496452,1.0,-0.010321,0.001615,1.845107,0.005543,0.011377,0.126297,0.006149,0.114777,0.0001,,,,,0,lstm
301,400928,591.6183,595.5361,1452,1,1,0,0,0.299,2.081,goal,5425.6,-0.000616,0.417299,-0.850634,0.85749,4.762745,1.182479,0.277919,5.990202,0.400716,0.391468,-0.605699,1.0,,,,,,,,,,,,,,0,lstm
302,402330,594.3689,595.1321,1402,1,1,0,0,0.2993,2.088,goal,5443.8,0.00563,0.418914,-0.861965,0.868275,4.839857,1.108204,0.464066,5.988351,0.391724,0.39121,-0.510443,1.0,,,,,,,,,,,,,,0,lstm
303,403739,591.349,595.1786,1409,1,1,0,0,0.2984,2.082,goal,5462.0,0.006341,0.427435,-0.867703,0.868028,4.803175,1.130739,0.365052,5.989967,0.393653,0.392803,-0.57123,1.0,,,,,,,,,,,,,,0,lstm
304,405150,594.5566,595.8859,1411,1,1,0,0,0.2984,2.074,goal,5483.3,0.020164,0.432846,-0.87276,0.879649,4.835754,1.057516,0.657736,5.989854,0.388073,0.392475,-0.53242,1.0,0.001719,0.001712,1.845086,0.005527,0.010392,0.08274,0.005478,0.068017,0.0001,,,,,0,lstm
305,406716,592.1985,595.1731,1566,1,1,0,0,0.2975,2.074,goal,5503.9,-0.034083,0.424532,-0.861579,0.865979,4.747519,1.197123,0.124549,5.988485,0.405413,0.397984,-0.917208,1.011742,,,,,,,,,,,,,,0,lstm
306,408264,566.0626,592.7713,1548,1,1,0,0,0.2979,2.069,goal,5524.2,-0.052992,0.4194,-0.878867,0.864448,4.748146,1.206173,0.339904,5.991121,0.405937,0.399695,-0.967568,1.0,,,,,,,,,,,,,,0,lstm
307,409704,601.8306,592.6721,1440,1,1,0,0,0.2972,2.083,goal,5543.0,0.016116,0.420865,-0.865467,0.881832,4.820299,1.116094,0.301944,5.990589,0.394976,0.400901,-0.599668,1.0,,,,,,,,,,,,,,0,lstm
308,411093,590.3342,591.4711,1389,1,1,0,0,0.2997,2.09,goal,5562.9,0.013747,0.416144,-0.855331,0.859616,4.791139,1.156157,0.607215,5.99053,0.39032,0.391503,-0.460556,1.0,-0.001466,0.001637,1.844808,0.005511,0.017512,0.122623,0.007842,0.108005,0.0001,,,,,0,lstm
309,412640,586.4691,590.6023,1547,1,1,0,0,0.2986,2.092,goal,5583.2,-0.039517,0.419837,-0.868646,0.869321,4.840529,1.101532,0.298228,5.985507,0.408832,0.397954,-0.927717,1.00815,,,,,,,,,,,,,,0,lstm
310,414116,598.0563,590.6844,1476,1,1,0,0,0.2992,2.067,goal,5602.3,-0.02789,0.434522,-0.870188,0.864396,4.840632,1.117996,0.241713,5.985643,0.388131,0.38623,-0.503074,1.0,,,,,,,,,,,,,,0,lstm
311,415560,592.0985,590.7324,1444,1,1,0,0,0.2987,2.082,goal,5621.4,-0.023662,0.429466,-0.875468,0.854548,4.913206,1.045541,0.49434,5.992292,0.397439,0.389436,-0.513745,1.0,,,,,,,,,,,,,,0,lstm
312,416955,587.8942,590.085,1395,1,1,0,0,0.299,2.102,goal,5642.3,0.027556,0.410377,-0.825626,0.867746,4.843349,1.094964,0.470387,5.99404,0.402169,0.394907,-0.520986,1.0,-0.015781,0.001984,1.844887,0.005495,0.018219,0.130043,0.010095,0.105318,0.0001,,,,,0,lstm
313,418353,594.2595,590.376,1398,1,1,0,0,0.2976,2.102,goal,5660.6,0.019496,0.412266,-0.856909,0.875461,4.787869,1.134039,0.274341,5.986625,0.390547,0.392085,-0.450164,1.0,,,,,,,,,,,,,,0,lstm
314,419738,586.9387,589.6142,1385,1,1,0,0,0.2997,2.103,goal,5678.6,0.01328,0.412884,-0.862108,0.865907,4.857671,1.062245,0.340436,5.9909,0.390174,0.391495,-0.497076,1.0,,,,,,,,,,,,,,0,lstm
315,421153,592.0986,589.6042,1415,1,1,0,0,0.298,2.076,goal,5697.2,-0.00603,0.429921,-0.892463,0.864825,4.86864,1.073064,0.145392,5.991987,0.384578,0.389669,-0.556497,1.0,,,,,,,,,,,,,,0,lstm
316,421199,-37.8049,529.2175,46,0,0,1,0,3.8461,1.867,collision,5699.3,-0.391246,0.367395,-0.878464,0.637413,4.63787,1.191698,1.1521,5.952626,0.231751,0.326171,-0.53345,1.0,0.029544,0.003311,1.845005,0.005478,0.024547,0.144206,0.016346,0.14301,0.0001,,,,,0,lstm
317,422585,586.9729,527.7317,1386,1,1,0,0,0.2985,2.101,goal,5717.3,0.023659,0.415755,-0.855402,0.87982,4.850369,1.055097,0.359516,5.987357,0.391494,0.390097,-0.567885,1.0,,,,,,,,,,,,,,0,lstm
318,424057,600.167,528.715,1472,1,1,0,0,0.2995,2.086,goal,5736.6,0.004803,0.420808,-0.849041,0.87844,4.7907,1.107037,0.261916,5.988199,0.393708,0.388584,-0.505496,1.0,,,,,,,,,,,,,,0,lstm
319,424175,-24.4614,467.6219,118,0,0,1,0,3.8267,1.987,collision,5738.2,0.242225,0.362495,-0.686035,0.833435,3.853545,1.411686,0.487659,5.875851,0.284324,0.379049,-0.742716,1.010438,,,,,,,,,,,,,,0,lstm
320,425700,587.2186,466.5382,1525,1,1,0,0,0.2996,2.097,goal,5759.6,-0.041568,0.411019,-0.884435,0.85581,4.762886,1.141706,0.468364,5.988216,0.414545,0.399728,-0.90893,1.0,0.059697,0.003283,1.844929,0.005462,0.023235,0.074996,0.01598,0.061086,0.0001,,,,,0,lstm
321,427277,584.2005,465.7484,1577,1,1,0,0,0.2999,2.069,goal,5779.8,-0.042588,0.422737,-0.868822,0.834727,4.780816,1.166936,0.259887,5.987472,0.407341,0.397243,-0.940522,1.0,,,,,,,,,,,,,,0,lstm
322,428701,597.3835,466.6973,1424,1,1,0,0,0.2997,2.078,goal,5798.7,0.033547,0.423489,-0.861906,0.860595,4.842124,1.09132,0.510506,5.982704,0.389392,0.390339,-0.687007,1.0,,,,,,,,,,,,,,0,lstm
323,429346,166.6296,423.9343,645,0,0,1,0,2.2621,2.1,collision,5807.2,0.055935,0.409838,-0.825144,0.828458,4.738645,1.146886,0.558776,5.989663,0.381627,0.390359,-0.452344,1.0,,,,,,,,,,,,,,0,lstm
324,430790,594.0823,424.6487,1444,1,1,0,0,0.2978,2.085,goal,5828.5,-0.010381,0.421614,-0.865038,0.880789,4.807107,1.089249,0.388803,5.982404,0.394502,0.388731,-0.460374,1.0,0.045877,0.003318,1.844772,0.005446,0.020058,0.072979,0.007454,0.058702,0.0001,,,,,0,lstm
325,432228,607.7781,426.2166,1438,1,1,0,0,0.2985,2.093,goal,5847.5,0.013417,0.416944,-0.87693,0.862637,4.78723,1.156676,0.37609,5.987172,0.390921,0.39073,-0.478465,1.008124,,,,,,,,,,,,,,0,lstm
326,432590,70.1856,437.0157,362,0,0,1,0,3.0915,2.076,collision,5852.2,-0.108508,0.423634,-0.856241,0.830078,4.788688,1.090743,0.62984,5.971148,0.368234,0.38536,-0.425879,1.003305,,,,,,,,,,,,,,0,lstm
327,432928,58.7451,384.1929,338,0,0,1,0,3.1012,2.044,collision,5856.8,0.030978,0.439594,-0.846866,0.865683,4.79119,1.14075,0.546817,5.974913,0.383303,0.390993,-0.653532,1.0,,,,,,,,,,,,,,0,lstm
328,434353,602.8178,384.458,1425,1,1,0,0,0.2984,2.092,goal,5876.5,0.002326,0.419333,-0.882404,0.863324,4.75364,1.130735,0.162151,5.993492,0.391914,0.392233,-0.467278,1.0,0.032924,0.006188,1.84523,0.00543,0.024666,0.096182,0.009796,0.081434,0.0001,,,,,0,lstm
329,435811,610.5101,447.9551,1458,1,1,0,0,0.2989,2.072,goal,5895.3,-0.00494,0.425482,-0.850763,0.878782,4.721687,1.155049,0.328637,5.969886,0.395901,0.393574,-0.506452,1.005994,,,,,,,,,,,,,,0,lstm
330,437192,582.0923,447.4425,1381,1,1,0,0,0.2984,2.11,goal,5913.5,0.013863,0.408124,-0.834031,0.875154,4.793888,1.113114,0.308931,5.995558,0.393324,0.401398,-0.565446,1.0,,,,,,,,,,,,,,0,lstm
331,437527,62.5355,395.276,335,0,0,1,0,3.1259,2.068,collision,5917.8,0.065833,0.42968,-0.870687,0.854094,4.591056,1.233257,0.565683,5.982518,0.375795,0.38767,-0.447237,1.0,,,,,,,,,,,,,,0,lstm
332,438954,600.4029,395.5779,1427,1,1,0,0,0.2986,2.077,goal,5938.3,-0.014411,0.428253,-0.878666,0.839865,4.779731,1.125546,0.50429,5.986273,0.386665,0.390191,-0.497606,1.0,0.031247,0.00396,1.845639,0.005414,0.021124,0.098381,0.012575,0.084671,0.0001,,,,,0,lstm
333,440381,603.4593,439.2609,1427,1,1,0,0,0.2978,2.078,goal,5956.7,0.005928,0.422459,-0.867725,0.884979,4.770442,1.135737,0.440213,5.985775,0.387954,0.39084,-0.455946,1.0,,,,,,,,,,,,,,0,lstm
334,441797,597.9372,439.6464,1416,1,1,0,0,0.2971,2.082,goal,5974.9,-0.017611,0.419639,-0.870153,0.870992,4.767407,1.150636,0.182465,5.984678,0.392018,0.392004,-0.501078,1.0,,,,,,,,,,,,,,0,lstm
335,443211,598.8075,438.7494,1414,1,1,0,0,0.2983,2.113,goal,5993.4,0.019646,0.405931,-0.829743,0.866851,4.838056,1.088845,0.551989,5.985682,0.390571,0.391299,-0.572794,1.0,,,,,,,,,,,,,,0,lstm
336,444679,609.3373,492.6645,1468,1,1,0,0,0.2977,2.074,goal,6014.0,0.031103,0.429029,-0.854528,0.879558,4.810503,1.101349,0.221509,5.985588,0.395699,0.402809,-0.601207,1.011989,-0.004971,0.001742,1.845692,0.005397,0.013718,0.110292,0.010192,0.087808,0.0001,,,,,0,lstm
337,446113,599.5622,546.7462,1434,1,1,0,0,0.3,2.09,goal,6032.8,0.029644,0.419061,-0.849867,0.868704,4.81,1.099759,0.44259,5.992482,0.392847,0.392603,-0.68025,1.0,,,,,,,,,,,,,,0,lstm
338,447568,598.5284,546.3173,1455,1,1,0,0,0.2988,2.095,goal,6051.5,-0.008225,0.418479,-0.875102,0.867563,4.806437,1.092781,0.374543,5.993867,0.396139,0.389996,-0.531022,1.0,,,,,,,,,,,,,,0,lstm
339,449007,603.4227,545.6085,1439,1,1,0,0,0.299,2.09,goal,6070.2,0.01548,0.417554,-0.886609,0.867864,4.811665,1.118473,0.446191,5.986645,0.398697,0.393118,-0.491365,1.00018,,,,,,,,,,,,,,0,lstm
340,450444,606.7548,548.0748,1437,1,1,0,0,0.2991,2.094,goal,6090.8,-0.008979,0.41941,-0.855078,0.882206,4.876021,1.063961,0.469479,5.994377,0.388196,0.390702,-0.442746,1.008155,0.005021,0.001432,1.844824,0.005381,0.011606,0.077404,0.004243,0.06061,0.0001,,,,,0,lstm
341,451864,602.1026,602.0315,1420,1,1,0,0,0.297,2.093,goal,6109.4,0.001741,0.414127,-0.885676,0.853844,4.826108,1.078273,0.504848,5.991188,0.388804,0.390701,-0.47059,1.0,,,,,,,,,,,,,,0,lstm
342,453301,607.8829,602.7795,1437,1,1,0,0,0.2999,2.093,goal,6128.0,-0.001295,0.409062,-0.855355,0.871568,4.810606,1.143832,0.129724,5.996606,0.387992,0.390202,-0.445115,1.010264,,,,,,,,,,,,,,0,lstm
343,453987,179.3541,560.369,686,0,0,1,0,2.2426,2.111,collision,6137.1,0.025688,0.403422,-0.816625,0.824063,4.724646,1.111091,0.4599,5.993051,0.375858,0.387012,-0.476107,1.004653,,,,,,,,,,,,,,0,lstm
344,455404,599.2743,560.5027,1417,1,1,0,0,0.2995,2.067,goal,6157.2,0.006686,0.426748,-0.858556,0.83609,4.775701,1.149326,0.32544,5.986745,0.387103,0.390495,-0.504873,1.0,0.027777,0.003865,1.844343,0.005365,0.022044,0.097332,0.011516,0.073022,0.0001,,,,,0,lstm
345,456789,589.4512,559.567,1385,1,1,0,0,0.2988,2.113,goal,6175.1,0.000858,0.405877,-0.867483,0.849399,4.844915,1.134529,0.259712,5.992653,0.391656,0.392086,-0.536727,1.0,,,,,,,,,,,,,,0,lstm
346,458263,612.1263,559.8459,1474,1,1,0,0,0.2993,2.064,goal,6193.0,0.017024,0.434516,-0.893684,0.853067,4.886715,1.083135,0.653159,5.985884,0.391002,0.393234,-0.634755,1.008615,,,,,,,,,,,,,,0,lstm
347,459656,586.0021,558.4899,1393,1,1,0,0,0.2999,2.1,goal,6210.9,0.021185,0.416663,-0.84987,0.860933,4.908814,1.054358,0.360896,5.994417,0.394555,0.403541,-0.580095,1.0,,,,,,,,,,,,,,0,lstm
348,461052,589.6439,557.6015,1396,1,1,0,0,0.2983,2.093,goal,6231.0,0.023733,0.42454,-0.885072,0.870943,4.906283,1.052366,0.662605,5.991047,0.39592,0.401684,-0.579538,1.0,-0.008833,0.002038,1.845023,0.005349,0.012021,0.118932,0.006779,0.099851,0.0001,,,,,0,lstm
349,462467,596.4372,556.9029,1415,1,1,0,0,0.2992,2.091,goal,6249.7,-0.010067,0.4159,-0.845203,0.851108,4.899531,1.085313,0.461761,5.991909,0.392543,0.399832,-0.505753,1.0,,,,,,,,,,,,,,0,lstm
350,463861,593.2288,555.5503,1394,1,1,0,0,0.3,2.083,goal,6267.7,-0.002048,0.42704,-0.867158,0.870793,4.949459,1.007881,0.290174,5.991548,0.387194,0.389799,-0.528865,1.0,,,,,,,,,,,,,,0,lstm
351,465300,607.6781,556.1079,1439,1,1,0,0,0.2978,2.095,goal,6286.3,-0.00465,0.414113,-0.850595,0.871378,4.851327,1.08508,0.604383,5.995162,0.386512,0.390757,-0.547126,1.007744,,,,,,,,,,,,,,0,lstm
352,466890,598.4914,555.1687,1590,1,1,0,0,0.2992,2.073,goal,6309.1,-0.041512,0.426235,-0.877867,0.868232,4.824881,1.14938,0.420258,5.998394,0.408346,0.398815,-0.934193,1.005763,0.000708,0.001797,1.845404,0.005333,0.011347,0.108991,0.003276,0.093734,0.0001,,,,,0,lstm
353,468322,602.3061,597.464,1432,1,1,0,0,0.2978,2.097,goal,6328.0,-0.000865,0.418995,-0.881589,0.865299,4.900264,1.069994,0.49874,5.986524,0.40027,0.39466,-0.531692,1.0,,,,,,,,,,,,,,0,lstm
354,469756,603.0162,597.8381,1434,1,1,0,0,0.2999,2.096,goal,6346.5,0.019802,0.416971,-0.865556,0.858008,4.903624,1.040359,0.450041,5.997287,0.392578,0.392443,-0.662493,1.007244,,,,,,,,,,,,,,0,lstm
355,470107,67.0406,545.5971,351,0,0,1,0,3.1093,2.065,collision,6351.1,-0.126036,0.423259,-0.86733,0.808918,4.939041,0.975021,0.828957,5.982902,0.366547,0.38368,-0.414206,1.000681,,,,,,,,,,,,,,0,lstm
356,471550,607.4063,545.1251,1443,1,1,0,0,0.2998,2.097,goal,6372.9,-0.004543,0.419727,-0.886043,0.875918,4.965066,1.050289,0.442549,5.983768,0.387334,0.390252,-0.583762,1.009245,0.054908,0.003426,1.845476,0.005316,0.016294,0.05935,0.006505,0.043664,0.0001,,,,,0,lstm
357,471607,-34.1932,483.1056,57,0,0,1,0,3.85,1.822,collision,6373.7,-0.432487,0.380736,-0.860346,0.420499,4.815267,1.099787,1.300547,5.943515,0.236476,0.326927,-0.482613,1.0,,,,,,,,,,,,,,0,lstm
358,473008,594.7824,483.6194,1401,1,1,0,0,0.2997,2.107,goal,6392.2,0.017451,0.416589,-0.832837,0.825558,4.954593,1.000002,0.270635,5.9943,0.389952,0.390699,-0.494894,1.0,,,,,,,,,,,,,,0,lstm
359,474388,584.9414,482.4698,1380,1,1,0,0,0.2981,2.106,goal,6410.3,0.034877,0.414594,-0.84853,0.865397,4.924932,1.037908,0.583413,5.992761,0.389252,0.391068,-0.548318,1.0,,,,,,,,,,,,,,0,lstm
360,475805,594.4719,482.5941,1417,1,1,0,0,0.2987,2.081,goal,6430.6,0.017186,0.422007,-0.878807,0.855961,4.910795,1.084175,0.545023,5.983491,0.39307,0.401351,-0.607939,1.0,0.042622,0.002982,1.845536,0.0053,0.011935,0.068108,0.004327,0.055126,0.0001,,,,,0,lstm
361,475851,-39.6141,417.8649,46,0,0,1,0,3.8148,1.842,collision,6431.3,-0.496023,0.296793,-0.885958,0.131564,4.930324,1.125533,1.346373,5.934061,0.230523,0.328409,-0.644532,1.0,,,,,,,,,,,,,,0,lstm
362,477272,602.3025,418.246,1421,1,1,0,0,0.2977,2.102,goal,6449.6,-0.002196,0.41813,-0.851475,0.826294,4.965292,1.029146,0.792151,5.994356,0.391709,0.391415,-0.457901,1.00186,,,,,,,,,,,,,,0,lstm
363,477924,163.2893,374.3443,652,0,0,1,0,2.2645,2.079,collision,6458.2,-0.014026,0.430226,-0.874302,0.85377,4.976855,1.017689,0.478101,5.981921,0.378607,0.392699,-0.607599,1.0,,,,,,,,,,,,,,0,lstm
364,479357,599.9436,374.0371,1433,1,1,0,0,0.2998,2.075,goal,6478.3,-0.004344,0.431771,-0.87953,0.879298,4.999751,1.029702,0.554279,5.990284,0.382951,0.389025,-0.535505,1.0,0.041397,0.005048,1.845669,0.005284,0.020574,0.116774,0.011357,0.110559,0.0001,,,,,0,lstm
365,479707,65.6657,373.8996,350,0,0,1,0,3.0628,2.111,collision,6482.9,-0.075046,0.403611,-0.851688,0.793741,5.019629,1.038352,0.896227,5.986986,0.371797,0.387081,-0.44513,1.0,,,,,,,,,,,,,,0,lstm
366,481107,595.6074,372.7197,1400,1,1,0,0,0.2992,2.105,goal,6501.0,0.018423,0.415996,-0.862378,0.864407,5.002179,1.009647,0.438349,5.9914,0.39258,0.39182,-0.551768,1.0,,,,,,,,,,,,,,0,lstm
367,482534,595.0879,435.6478,1427,1,1,0,0,0.299,2.072,goal,6520.1,-0.024848,0.43655,-0.890329,0.860928,4.98982,1.024869,0.445878,5.991138,0.380322,0.388681,-0.642054,1.0,,,,,,,,,,,,,,0,lstm
368,483948,587.9433,434.9639,1414,1,1,0,0,0.2999,2.09,goal,6540.0,0.019644,0.424171,-0.877329,0.883343,4.976007,1.007112,0.705878,5.990353,0.391155,0.40266,-0.631913,1.0,0.013945,0.004891,1.845696,0.005268,0.023305,0.11175,0.011433,0.091975,0.0001,,,,,0,lstm
369,485371,598.1539,436.2851,1423,1,1,0,0,0.2979,2.11,goal,6558.8,-0.000229,0.414779,-0.875433,0.881034,5.020865,0.992168,0.519083,5.98862,0.398003,0.393485,-0.547552,1.0,,,,,,,,,,,,,,0,lstm
370,486766,586.7465,435.5126,1395,1,1,0,0,0.2979,2.099,goal,6577.2,0.031701,0.416342,-0.871665,0.86362,5.020078,0.994284,0.516015,5.99146,0.393573,0.39163,-0.677656,1.0,,,,,,,,,,,,,,0,lstm
371,488143,585.8579,498.0598,1377,1,1,0,0,0.2974,2.115,goal,6595.4,0.00493,0.408806,-0.865591,0.846098,4.983889,1.022807,0.846682,5.991943,0.388088,0.389985,-0.520013,1.0,,,,,,,,,,,,,,0,lstm
372,489566,601.7432,498.0039,1423,1,1,0,0,0.2981,2.093,goal,6615.8,0.000658,0.417359,-0.852004,0.852548,5.002116,1.035625,0.275948,5.987296,0.389822,0.390949,-0.493181,1.0,0.015145,0.002071,1.844869,0.005252,0.011506,0.118212,0.002885,0.096803,0.0001,,,,,0,lstm
373,491006,606.6875,542.3437,1440,1,1,0,0,0.2989,2.1,goal,6634.7,-0.000814,0.414902,-0.876843,0.860886,5.023608,0.984832,0.529538,5.994525,0.388044,0.39051,-0.506809,1.007968,,,,,,,,,,,,,,0,lstm
374,492402,593.2274,541.6721,1396,1,1,0,0,0.2981,2.104,goal,6653.1,0.01569,0.415796,-0.885887,0.85592,5.002481,0.994223,0.34341,5.991757,0.392996,0.391813,-0.443434,1.0,,,,,,,,,,,,,,0,lstm
375,493795,585.4909,593.6546,1393,1,1,0,0,0.2982,2.096,goal,6671.5,0.023619,0.422388,-0.852915,0.861551,5.058784,0.943733,0.805308,5.990854,0.390879,0.391228,-0.649062,1.0,,,,,,,,,,,,,,0,lstm
376,495218,602.6532,594.3592,1423,1,1,0,0,0.2996,2.114,goal,6692.3,0.000429,0.409302,-0.84275,0.83319,5.030451,0.97778,0.770034,5.994063,0.386834,0.389268,-0.467333,1.008353,0.017347,0.001885,1.844059,0.005235,0.01097,0.075427,0.005999,0.062244,0.0001,,,,,0,lstm
377,495547,58.3352,540.6839,329,0,0,1,0,3.1126,2.075,collision,6696.8,0.146446,0.401539,-0.77287,0.836918,4.849524,1.132253,0.763507,5.991774,0.372881,0.385167,-0.471019,1.0,,,,,,,,,,,,,,0,lstm
378,496942,591.5348,541.043,1395,1,1,0,0,0.2972,2.089,goal,6715.2,0.008829,0.425216,-0.882177,0.873395,5.006357,1.029283,0.224073,5.987423,0.386516,0.390296,-0.561861,1.0,,,,,,,,,,,,,,0,lstm
379,498336,589.1752,540.1452,1394,1,1,0,0,0.298,2.088,goal,6733.3,-0.008753,0.42977,-0.890079,0.872007,5.022599,0.957688,0.706465,5.994105,0.392892,0.392306,-0.466526,1.0,,,,,,,,,,,,,,0,lstm
380,498384,-36.6704,477.8035,48,0,0,1,0,3.8444,1.612,collision,6735.0,-0.650834,0.257547,-0.887782,0.149603,5.124223,0.945249,1.671136,5.972218,0.248937,0.341849,-0.460373,1.0,0.035523,0.006667,1.843942,0.005219,0.024932,0.122652,0.012291,0.10973,0.0001,,,,,0,lstm
381,499828,604.1664,479.6343,1444,1,1,0,0,0.2997,2.094,goal,6754.1,0.029205,0.421284,-0.876765,0.849697,5.027357,1.015072,0.446292,5.989664,0.389629,0.390947,-0.641073,1.00548,,,,,,,,,,,,,,0,lstm
382,501246,598.4902,479.309,1418,1,1,0,0,0.2984,2.122,goal,6772.9,0.019884,0.405718,-0.867588,0.837364,5.012557,0.954659,0.304534,5.990044,0.39755,0.402394,-0.574957,1.005929,,,,,,,,,,,,,,0,lstm
383,502645,590.1393,477.6542,1399,1,1,0,0,0.2979,2.094,goal,6791.1,0.03054,0.420205,-0.875975,0.877366,5.047581,0.981255,0.417107,5.985855,0.391133,0.391892,-0.646685,1.0,,,,,,,,,,,,,,0,lstm
384,504045,595.2255,477.854,1400,1,1,0,0,0.2973,2.101,goal,6811.4,0.002649,0.420714,-0.856105,0.869869,5.044806,0.953651,1.104284,5.99318,0.392855,0.392099,-0.428145,1.0,0.01454,0.002089,1.843755,0.005203,0.009846,0.139335,0.003646,0.113902,0.0001,,,,,0,lstm
385,505434,584.7651,477.7815,1389,1,1,0,0,0.2985,2.107,goal,6830.1,-0.000576,0.420414,-0.849127,0.840297,5.130937,0.885484,0.877964,5.988907,0.395249,0.402851,-0.669975,1.0,,,,,,,,,,,,,,0,lstm
386,506864,603.2523,477.8414,1430,1,1,0,0,0.2991,2.103,goal,6848.4,-0.002585,0.417914,-0.865296,0.84651,5.102993,0.932572,0.465201,5.991564,0.388725,0.391799,-0.548104,1.004596,,,,,,,,,,,,,,0,lstm
387,508316,599.5711,531.9649,1452,1,1,0,0,0.2975,2.055,goal,6867.6,-0.030453,0.446861,-0.890145,0.859011,4.986423,1.048503,0.24231,5.99156,0.376932,0.389081,-0.690467,1.0,,,,,,,,,,,,,,0,lstm
388,509717,594.8705,532.2985,1401,1,1,0,0,0.2978,2.09,goal,6887.8,0.010954,0.42089,-0.849135,0.847357,5.034244,1.011368,0.684737,5.991838,0.397182,0.39183,-0.476527,1.0,-0.016245,0.002122,1.843461,0.005187,0.012781,0.094643,0.006556,0.084854,0.0001,,,,,0,lstm
389,509754,-40.1021,469.3708,37,0,0,1,0,3.844,1.534,collision,6888.4,-0.696843,0.212035,-0.873441,0.120326,5.305199,0.676333,3.007544,5.929387,0.243862,0.339478,-0.444868,1.0,,,,,,,,,,,,,,0,lstm
390,511148,590.7297,532.1108,1394,1,1,0,0,0.2981,2.099,goal,6906.5,0.016467,0.42092,-0.881256,0.862257,5.04453,0.961533,0.404013,5.990575,0.389725,0.3918,-0.523075,1.0,,,,,,,,,,,,,,0,lstm
391,511802,165.9587,488.29,654,0,0,1,0,2.3333,2.073,collision,6915.1,-0.080872,0.433592,-0.88631,0.871937,5.087076,0.906209,1.524994,5.987131,0.362849,0.382264,-0.543555,1.0,,,,,,,,,,,,,,0,lstm
392,513188,586.2187,487.0629,1386,1,1,0,0,0.2983,2.125,goal,6933.8,-0.003868,0.405664,-0.842334,0.857129,5.116948,0.903111,0.816206,5.985885,0.391707,0.400483,-0.551064,1.0,0.039131,0.005557,1.843493,0.005171,0.022058,0.086455,0.008069,0.060829,0.0001,,,,,0,lstm
393,514747,593.9915,487.4481,1559,1,1,0,0,0.2997,2.091,goal,6953.8,-0.035429,0.421279,-0.866753,0.852702,5.127244,0.93865,0.320104,5.995072,0.404403,0.395075,-0.901475,1.003173,,,,,,,,,,,,,,0,lstm
394,516209,603.7234,488.2979,1462,1,1,0,0,0.2991,2.092,goal,6973.1,-0.020722,0.427957,-0.893048,0.880325,5.088428,0.960975,1.287216,5.993636,0.381987,0.389458,-0.582492,1.005002,,,,,,,,,,,,,,0,lstm
395,517640,604.3735,490.2587,1431,1,1,0,0,0.2996,2.103,goal,6991.9,-0.006635,0.424194,-0.867025,0.875005,5.173825,0.871566,0.474204,5.997604,0.386796,0.389574,-0.522049,1.00478,,,,,,,,,,,,,,0,lstm
396,519042,591.9201,489.1255,1402,1,1,0,0,0.2992,2.081,goal,7012.3,-0.02476,0.434975,-0.891265,0.83786,5.113645,0.950964,0.347462,5.99187,0.391103,0.391418,-0.489551,1.0,-0.00217,0.002259,1.84414,0.005154,0.013145,0.139375,0.004599,0.125802,0.0001,,,,,0,lstm
397,520459,600.1126,489.1797,1417,1,1,0,0,0.2998,2.098,goal,7030.9,0.001098,0.418554,-0.872805,0.841188,5.121691,0.941958,0.3159,5.98593,0.398002,0.394382,-0.463082,1.0,,,,,,,,,,,,,,0,lstm
398,521112,168.2445,446.5171,653,0,0,1,0,2.2831,2.104,collision,7039.5,-0.022382,0.417202,-0.868827,0.861766,5.12707,0.917209,0.9722,5.983613,0.383886,0.392076,-0.569631,1.0,,,,,,,,,,,,,,0,lstm
399,522527,596.2704,510.1543,1415,1,1,0,0,0.2977,2.109,goal,7058.3,0.004379,0.414666,-0.875824,0.863388,5.122772,0.949791,0.689989,5.992646,0.386988,0.391422,-0.519341,1.0,,,,,,,,,,,,,,0,lstm
400,522604,-30.5243,448.0289,77,0,0,1,0,3.8477,1.943,collision,7060.8,-0.164062,0.477378,-0.872436,0.820804,4.746408,1.143475,1.400821,5.964135,0.253947,0.347475,-0.539679,1.002374,0.030994,0.005533,1.844834,0.005138,0.0231,0.080151,0.007514,0.075459,0.0001,,,,,0,lstm
401,523997,589.3477,490.3678,1393,1,1,0,0,0.298,2.108,goal,7079.3,0.009206,0.409013,-0.864118,0.865432,5.097265,0.956488,0.363449,5.99549,0.398395,0.401517,-0.584723,1.0,,,,,,,,,,,,,,0,lstm
402,525437,605.3169,492.2776,1440,1,1,0,0,0.2985,2.083,goal,7098.1,-0.023245,0.432606,-0.889174,0.847489,5.07899,0.945569,0.513798,5.992357,0.389611,0.390996,-0.511128,1.000178,,,,,,,,,,,,,,0,lstm
403,526843,594.1647,492.295,1406,1,1,0,0,0.2973,2.105,goal,7116.9,0.019628,0.414999,-0.883416,0.859058,5.065518,0.963099,0.75274,5.992236,0.39333,0.390913,-0.504154,1.0,,,,,,,,,,,,,,0,lstm
404,528277,593.1874,491.2414,1434,1,1,0,0,0.2978,2.065,goal,7137.9,-0.032336,0.444132,-0.88698,0.838429,5.145226,0.88908,0.732274,5.997605,0.389167,0.401191,-0.642992,1.0,-0.000152,0.002109,1.845307,0.005122,0.014144,0.145788,0.006598,0.134974,0.0001,,,,,0,lstm
405,529704,599.2353,490.7275,1427,1,1,0,0,0.2983,2.11,goal,7156.5,0.028769,0.417304,-0.854792,0.854512,5.091996,0.912884,0.725699,5.994592,0.392797,0.39226,-0.671458,1.004705,,,,,,,,,,,,,,0,lstm
406,531224,578.5052,489.386,1520,1,1,0,0,0.2983,2.091,goal,7176.4,-0.047171,0.420743,-0.88544,0.846586,4.990049,1.014144,0.604994,5.993645,0.409287,0.39974,-0.928839,1.0,,,,,,,,,,,,,,0,lstm
407,532651,599.1051,489.2853,1427,1,1,0,0,0.2979,2.102,goal,7195.5,0.027561,0.414967,-0.862665,0.87163,5.037667,0.972261,0.374631,5.99164,0.392514,0.392752,-0.521993,1.0,,,,,,,,,,,,,,0,lstm
408,534066,594.9137,531.9522,1415,1,1,0,0,0.298,2.065,goal,7217.5,0.017293,0.436775,-0.872328,0.866673,5.03279,0.993886,0.229505,5.993464,0.40058,0.394908,-0.521667,1.0,0.011287,0.002202,1.845169,0.005106,0.013493,0.101086,0.006461,0.082354,0.0001,,,,,0,lstm
409,535213,288.8294,501.2081,1147,0,0,1,0,1.3741,2.086,collision,7232.5,-0.038327,0.422888,-0.855645,0.859409,5.051998,1.003886,0.533019,5.994525,0.411532,0.403026,-0.947472,1.0006,,,,,,,,,,,,,,0,lstm
410,536630,595.2075,563.7813,1417,1,1,0,0,0.2995,2.091,goal,7251.2,-0.004484,0.427559,-0.890069,0.867899,5.098097,0.953541,0.472998,5.993415,0.397826,0.394288,-0.52741,1.0,,,,,,,,,,,,,,0,lstm
411,538078,607.2693,565.5734,1448,1,1,0,0,0.2976,2.09,goal,7269.8,-0.018917,0.427081,-0.856653,0.862177,5.095296,0.941997,0.43136,5.987503,0.390358,0.390789,-0.518296,1.005193,,,,,,,,,,,,,,0,lstm
412,539501,599.8043,565.0222,1423,1,1,0,0,0.2978,2.093,goal,7290.4,-0.002828,0.427606,-0.889911,0.871601,5.129336,0.924425,0.629067,5.9972,0.389548,0.391403,-0.553771,1.0,0.041406,0.003642,1.844858,0.00509,0.017065,0.101233,0.00554,0.088178,0.0001,,,,,0,lstm
413,540952,607.4011,566.3458,1451,1,1,0,0,0.2986,2.091,goal,7307.9,0.005532,0.427759,-0.880054,0.868475,5.100911,0.944381,0.400636,5.997113,0.390403,0.391491,-0.558512,1.004859,,,,,,,,,,,,,,0,lstm
414,542397,607.6062,567.7877,1445,1,1,0,0,0.2985,2.097,goal,7325.2,0.021219,0.421961,-0.874261,0.869587,5.131888,0.914317,0.304157,5.98426,0.394784,0.393297,-0.58341,1.008224,,,,,,,,,,,,,,0,lstm
415,543874,604.3691,568.3011,1477,1,1,0,0,0.2984,2.093,goal,7343.3,-0.006396,0.424536,-0.864263,0.867806,5.117187,0.978419,0.361931,5.993062,0.395485,0.390598,-0.559934,1.006567,,,,,,,,,,,,,,0,lstm
416,545353,613.6421,571.8148,1479,1,1,0,0,0.2977,2.073,goal,7363.2,-0.031911,0.443294,-0.881649,0.875689,5.149852,0.868032,1.27231,5.989898,0.38704,0.390015,-0.598567,1.010797,0.000115,0.002247,1.844421,0.005073,0.011493,0.133819,0.003816,0.115452,0.0001,,,,,0,lstm
417,546761,596.0311,571.5074,1408,1,1,0,0,0.2998,2.106,goal,7379.2,0.001798,0.420845,-0.870688,0.864435,5.185011,0.887615,0.177655,5.993848,0.390645,0.391586,-0.544526,1.0,,,,,,,,,,,,,,0,lstm
418,548190,597.6809,571.7841,1429,1,1,0,0,0.2996,2.101,goal,7396.9,0.015914,0.417723,-0.8759,0.880647,5.137903,0.921061,0.590419,5.991505,0.393799,0.400728,-0.577114,1.0,,,,,,,,,,,,,,0,lstm
419,549616,599.3214,602.8333,1426,1,1,0,0,0.2997,2.121,goal,7414.7,0.029251,0.411195,-0.879935,0.859079,5.18011,0.840687,0.85282,5.996751,0.395686,0.393212,-0.626141,1.008956,,,,,,,,,,,,,,0,lstm
420,551033,598.357,603.1483,1417,1,1,0,0,0.2991,2.103,goal,7434.9,0.022884,0.416255,-0.867218,0.834235,5.136844,0.922346,0.800446,5.992976,0.397047,0.393493,-0.540115,1.0,0.008028,0.002297,1.844143,0.005057,0.010636,0.063553,0.004205,0.050003,0.0001,,,,,0,lstm
421,552474,605.116,602.9329,1441,1,1,0,0,0.2994,2.101,goal,7452.1,0.001978,0.425262,-0.867579,0.8858,5.122075,0.933133,0.738145,5.988948,0.400964,0.395046,-0.52363,1.005883,,,,,,,,,,,,,,0,lstm
422,553972,608.0059,603.7531,1498,1,1,0,0,0.2998,2.058,goal,7470.1,-0.016863,0.447442,-0.875031,0.843815,5.1689,0.899767,0.619804,5.997195,0.396617,0.391277,-0.575669,1.0,,,,,,,,,,,,,,0,lstm
423,555402,598.2604,602.839,1430,1,1,0,0,0.2987,2.106,goal,7487.1,0.009385,0.417237,-0.864251,0.847102,5.162665,0.884045,0.648756,5.99469,0.401138,0.395224,-0.603446,1.0,,,,,,,,,,,,,,0,lstm
424,556826,600.4627,602.1247,1424,1,1,0,0,0.2994,2.111,goal,7506.9,0.022061,0.415431,-0.857921,0.875308,5.155844,0.91987,0.803635,5.9944,0.396947,0.39275,-0.587617,1.005093,0.008337,0.002124,1.843445,0.005041,0.009697,0.096997,0.003568,0.074188,0.0001,,,,,0,lstm
425,558207,584.7031,600.1581,1381,1,1,0,0,0.2979,2.11,goal,7523.5,0.021042,0.418271,-0.866634,0.855997,5.109329,0.915838,1.220304,5.989126,0.400594,0.393972,-0.519103,1.0,,,,,,,,,,,,,,0,lstm
426,559634,601.3756,598.9314,1427,1,1,0,0,0.298,2.092,goal,7540.8,0.005404,0.423224,-0.879018,0.835991,5.121573,0.941368,0.697729,5.995521,0.402475,0.395163,-0.522605,1.0,,,,,,,,,,,,,,0,lstm
427,560605,283.7394,567.7022,971,0,0,1,0,1.4577,2.097,collision,7552.3,0.005552,0.426999,-0.868497,0.8697,5.109207,0.905869,1.348206,5.992362,0.396759,0.393736,-0.51277,1.0,,,,,,,,,,,,,,0,lstm
428,562048,605.8984,568.524,1443,1,1,0,0,0.2997,2.084,goal,7571.0,-0.010986,0.429246,-0.867625,0.872652,5.114839,0.937174,0.458696,5.989762,0.390519,0.390288,-0.498756,1.000501,0.035558,0.003354,1.842161,0.005025,0.013756,0.075438,0.005368,0.064473,0.0001,,,,,0,lstm
429,563487,598.109,568.4028,1439,1,1,0,0,0.2993,2.071,goal,7587.1,0.00659,0.43616,-0.87145,0.877372,5.149412,0.900904,0.52947,5.9939,0.392794,0.401121,-0.608829,1.0,,,,,,,,,,,,,,0,lstm
430,564916,600.8124,568.6483,1429,1,1,0,0,0.2996,2.095,goal,7604.2,0.010533,0.419844,-0.858025,0.865792,5.113939,0.977421,0.428675,5.991835,0.401518,0.39522,-0.531069,1.0,,,,,,,,,,,,,,0,lstm
431,566346,600.5635,568.193,1430,1,1,0,0,0.2979,2.083,goal,7621.5,0.008262,0.430732,-0.881663,0.885759,5.156374,0.897758,0.807309,5.994101,0.403635,0.395549,-0.60459,1.0,,,,,,,,,,,,,,0,lstm
432,567767,598.4178,567.2342,1421,1,1,0,0,0.2986,2.1,goal,7640.3,0.007341,0.419934,-0.879693,0.863621,5.119364,0.912998,0.801093,5.990293,0.394276,0.400624,-0.58232,1.0,0.009443,0.002209,1.841135,0.005009,0.010806,0.160439,0.003809,0.149178,0.0001,,,,,0,lstm
433,569221,604.2849,567.8367,1454,1,1,0,0,0.2975,2.08,goal,7657.6,-0.008261,0.430645,-0.889265,0.859196,5.050682,0.979219,0.546343,5.994746,0.391681,0.401237,-0.623404,1.0,,,,,,,,,,,,,,0,lstm
434,570664,603.7296,568.1634,1443,1,1,0,0,0.2991,2.082,goal,7675.3,-0.025889,0.435259,-0.88744,0.859498,5.122508,0.886246,0.955421,5.992614,0.397342,0.394825,-0.555658,1.0,,,,,,,,,,,,,,0,lstm
435,572091,601.3245,569.8255,1427,1,1,0,0,0.2993,2.107,goal,7692.0,0.019808,0.415104,-0.875352,0.85936,5.094504,0.95626,0.433661,5.990117,0.395635,0.393684,-0.563486,1.005243,,,,,,,,,,,,,,0,lstm
436,573550,608.2372,570.5117,1459,1,1,0,0,0.2982,2.073,goal,7710.9,0.033889,0.437166,-0.883574,0.879902,5.070785,0.98793,0.739233,5.989031,0.393564,0.393045,-0.651586,1.003821,0.00755,0.002511,1.84034,0.004992,0.011316,0.125115,0.005146,0.111853,0.0001,,,,,0,lstm
437,575004,609.24,603.0617,1454,1,1,0,0,0.2978,2.082,goal,7728.5,0.008061,0.431021,-0.852362,0.862142,5.026632,0.991403,0.878276,5.987703,0.404255,0.397192,-0.542405,1.009047,,,,,,,,,,,,,,0,lstm
438,576438,605.7836,603.0502,1434,1,1,0,0,0.2973,2.091,goal,7745.4,-0.017724,0.424805,-0.889153,0.866666,5.090812,0.9427,0.931744,5.989183,0.393498,0.391571,-0.491084,1.002606,,,,,,,,,,,,,,0,lstm
439,577845,595.8211,602.8214,1407,1,1,0,0,0.2975,2.106,goal,7761.9,0.001954,0.417705,-0.867532,0.876282,5.080852,0.959471,0.863897,5.996971,0.390256,0.391641,-0.503045,1.0,,,,,,,,,,,,,,0,lstm
440,579256,596.9228,602.4325,1411,1,1,0,0,0.298,2.077,goal,7780.5,0.006969,0.429817,-0.882259,0.849716,5.085458,0.949811,0.799094,5.988964,0.39102,0.391185,-0.509511,1.0,-0.008376,0.002034,1.840677,0.004976,0.011837,0.103892,0.002455,0.079992,0.0001,,,,,0,lstm
441,580677,601.9867,602.5748,1421,1,1,0,0,0.2973,2.099,goal,7797.3,0.002801,0.415352,-0.875213,0.869661,5.081261,0.971977,0.633055,5.98567,0.395342,0.393137,-0.506533,1.0,,,,,,,,,,,,,,0,lstm
442,582117,605.5028,603.2833,1440,1,1,0,0,0.2978,2.098,goal,7814.1,0.003481,0.419041,-0.862832,0.873917,5.057683,0.980039,0.615958,5.995001,0.391178,0.391806,-0.525778,1.008065,,,,,,,,,,,,,,0,lstm
443,583558,599.601,602.8149,1441,1,1,0,0,0.2993,2.101,goal,7831.3,0.02384,0.422014,-0.854162,0.850651,5.062449,0.942356,0.694002,5.99579,0.396785,0.403034,-0.631127,1.001816,,,,,,,,,,,,,,0,lstm
444,585018,608.5633,603.2983,1460,1,1,0,0,0.2973,2.082,goal,7850.6,0.012865,0.434421,-0.858799,0.868882,5.102245,0.904069,0.751019,5.989965,0.389911,0.392045,-0.671051,1.009495,-0.003367,0.002245,1.841283,0.00496,0.011725,0.119229,0.004431,0.099971,0.0001,,,,,0,lstm
445,586417,593.7071,602.5366,1399,1,1,0,0,0.2997,2.08,goal,7867.8,-0.007375,0.429917,-0.850586,0.871616,5.100511,0.97473,0.389314,5.99236,0.391953,0.390963,-0.537117,1.0,,,,,,,,,,,,,,0,lstm
446,587839,599.5529,601.6681,1422,1,1,0,0,0.2971,2.1,goal,7885.1,0.033669,0.419803,-0.854458,0.870815,5.116242,0.932074,0.498134,5.989226,0.393388,0.392773,-0.602311,1.0,,,,,,,,,,,,,,0,lstm
447,589283,606.5645,601.4006,1444,1,1,0,0,0.2995,2.095,goal,7902.3,-0.011814,0.427812,-0.876382,0.861752,5.165068,0.882619,0.765743,5.993598,0.390331,0.391545,-0.522388,1.005211,,,,,,,,,,,,,,0,lstm
448,590731,607.6666,601.5889,1448,1,1,0,0,0.2975,2.087,goal,7922.0,-0.014252,0.432383,-0.872613,0.867247,5.092193,0.924343,1.314046,5.997202,0.400699,0.396137,-0.51411,1.0,-0.010439,0.002191,1.841717,0.004944,0.011032,0.180665,0.007,0.176069,0.0001,,,,,0,lstm
449,592175,601.0572,602.1125,1444,1,1,0,0,0.298,2.116,goal,7939.7,0.020003,0.415494,-0.865679,0.850343,5.160944,0.878412,0.45371,5.998054,0.390796,0.402901,-0.583711,1.008423,,,,,,,,,,,,,,0,lstm
450,593736,592.5404,601.6743,1561,1,1,0,0,0.2996,2.082,goal,7958.8,-0.031976,0.433461,-0.890062,0.872933,5.161269,0.888355,0.304578,5.994172,0.409348,0.397691,-0.94898,1.000843,,,,,,,,,,,,,,0,lstm
451,595164,588.2419,600.2998,1428,1,1,0,0,0.2982,2.087,goal,7976.3,-0.00689,0.430206,-0.876957,0.850017,5.183282,0.899334,0.449871,5.996951,0.399653,0.389982,-0.502547,1.0,,,,,,,,,,,,,,0,lstm
452,596730,593.11,599.0605,1566,1,1,0,0,0.298,2.064,goal,7996.7,-0.046282,0.437902,-0.873977,0.856393,5.068227,0.994137,0.695442,5.99431,0.413094,0.399776,-0.916059,1.0,0.021011,0.002277,1.842307,0.004928,0.012576,0.116998,0.006997,0.105494,0.0001,,,,,0,lstm
453,598165,603.2051,599.4209,1435,1,1,0,0,0.2997,2.094,goal,8014.1,-0.00383,0.422199,-0.86125,0.863866,5.100051,0.947629,0.578216,5.992822,0.39954,0.395405,-0.552081,1.000098,,,,,,,,,,,,,,0,lstm
454,599577,598.527,598.4173,1412,1,1,0,0,0.2993,2.109,goal,8031.1,0.012725,0.41489,-0.859167,0.846301,5.099091,0.920271,0.88711,5.98637,0.392775,0.393374,-0.481578,1.0,,,,,,,,,,,,,,0,lstm
455,599956,74.8135,546.5279,379,0,0,1,0,3.0636,2.093,collision,8035.6,-0.008055,0.425233,-0.867629,0.818629,5.154407,0.865968,0.664761,5.981184,0.377893,0.388295,-0.439194,1.00871,,,,,,,,,,,,,,0,lstm
456,601361,587.7649,545.3491,1405,1,1,0,0,0.2992,2.098,goal,8054.1,0.006988,0.423027,-0.869434,0.875772,5.07785,0.976659,0.991068,5.987468,0.399738,0.395709,-0.628453,1.0,0.047148,0.004224,1.842448,0.004911,0.015206,0.05617,0.006676,0.045779,0.0001,,,,,0,lstm
457,602942,585.2847,543.2211,1581,1,1,0,0,0.2972,2.081,goal,8073.6,-0.04544,0.432423,-0.875873,0.879278,5.062991,0.989346,0.535062,5.989157,0.41044,0.400482,-0.948228,1.006555,,,,,,,,,,,,,,0,lstm
458,604374,604.1878,542.8733,1432,1,1,0,0,0.2985,2.084,goal,8091.0,0.026096,0.429153,-0.881732,0.869885,5.03491,1.026661,0.709151,5.992028,0.394919,0.39327,-0.513485,1.0,,,,,,,,,,,,,,0,lstm
459,605891,573.9478,540.1623,1517,1,1,0,0,0.2998,2.088,goal,8109.2,-0.04241,0.426219,-0.874779,0.847982,5.060517,0.985488,0.686556,5.992395,0.413372,0.400716,-0.955639,1.0,,,,,,,,,,,,,,0,lstm
460,607322,601.5748,541.0658,1431,1,1,0,0,0.2989,2.099,goal,8128.0,0.031672,0.42287,-0.888149,0.893055,5.061672,0.936547,0.322364,5.99612,0.393113,0.393012,-0.639961,1.002674,0.036707,0.002088,1.842519,0.004895,0.012147,0.10594,0.002707,0.089582,0.0001,,,,,0,lstm
461,607661,59.9533,488.2369,339,0,0,1,0,3.0645,2.081,collision,8131.8,0.047407,0.433997,-0.831258,0.860268,5.002991,0.944635,1.318218,5.987463,0.390034,0.392561,-0.585913,1.0,,,,,,,,,,,,,,0,lstm
462,609087,601.4198,489.0679,1426,1,1,0,0,0.2984,2.092,goal,8148.7,0.024461,0.423882,-0.888895,0.881745,5.067244,0.942061,0.432735,5.988736,0.394368,0.392723,-0.641696,1.0,,,,,,,,,,,,,,0,lstm
463,610554,611.597,489.9071,1467,1,1,0,0,0.2997,2.075,goal,8166.8,0.011833,0.433725,-0.886636,0.870089,5.065592,0.975982,0.541583,5.995616,0.391695,0.393345,-0.572473,1.009929,,,,,,,,,,,,,,0,lstm
464,611967,595.2072,489.5751,1413,1,1,0,0,0.2997,2.099,goal,8185.9,0.012518,0.419349,-0.867252,0.864468,5.086072,0.972506,0.266807,5.995205,0.399008,0.395046,-0.574479,1.0,0.054702,0.004093,1.842278,0.004879,0.014948,0.067536,0.004581,0.057558,0.0001,,,,,0,lstm
465,613525,588.2206,540.9158,1558,1,1,0,0,0.2974,2.075,goal,8204.5,-0.034276,0.433973,-0.88291,0.879859,5.121583,0.948112,0.335675,5.990631,0.410626,0.398906,-0.934553,1.002708,,,,,,,,,,,,,,0,lstm
466,614941,600.762,542.2155,1416,1,1,0,0,0.2988,2.108,goal,8221.7,-0.001939,0.42032,-0.864088,0.85218,5.155408,0.892552,0.566422,5.997901,0.392637,0.391367,-0.487963,1.0,,,,,,,,,,,,,,0,lstm
467,616326,588.8022,542.5673,1385,1,1,0,0,0.2984,2.098,goal,8238.8,0.019066,0.423186,-0.871244,0.860267,5.120709,0.926914,0.606608,5.994877,0.391753,0.391805,-0.480726,1.0,,,,,,,,,,,,,,0,lstm
468,617779,610.9002,543.2385,1453,1,1,0,0,0.2991,2.071,goal,8257.6,-0.010233,0.439312,-0.88016,0.852626,5.122385,0.941995,0.594761,5.994851,0.387589,0.389528,-0.527912,1.003411,0.02464,0.002252,1.842866,0.004863,0.010664,0.107491,0.003773,0.071797,0.0001,,,,,0,lstm
469,617827,-39.2724,481.9165,48,0,0,1,0,3.8284,2.122,collision,8258.2,-0.185399,0.356158,-0.803452,0.435855,4.725383,1.187414,0.96179,5.908407,0.223493,0.320482,-0.632138,1.0,,,,,,,,,,,,,,0,lstm
470,619234,596.7926,481.4383,1407,1,1,0,0,0.2984,2.09,goal,8275.1,0.024677,0.424898,-0.857126,0.858237,5.090591,0.925375,0.242621,5.991575,0.393074,0.392327,-0.589859,1.0,,,,,,,,,,,,,,0,lstm
471,620648,599.813,535.4242,1414,1,1,0,0,0.2991,2.089,goal,8292.3,0.014737,0.42689,-0.859624,0.854469,5.085073,0.945023,0.589726,5.993035,0.390304,0.390702,-0.531079,1.0,,,,,,,,,,,,,,0,lstm
472,622097,606.2037,535.9026,1449,1,1,0,0,0.298,2.097,goal,8311.9,-0.002239,0.421717,-0.86193,0.865998,5.110044,0.945217,0.448492,5.996662,0.402631,0.395568,-0.559907,1.008557,0.063809,0.002529,1.844349,0.004847,0.010426,0.108598,0.002885,0.100384,0.0001,,,,,0,lstm
473,623492,592.5831,534.0012,1395,1,1,0,0,0.2989,2.118,goal,8327.3,0.001348,0.411171,-0.852599,0.84533,5.104174,0.951438,0.669493,5.995163,0.393649,0.392921,-0.544744,1.0,,,,,,,,,,,,,,0,lstm
474,624881,593.6292,533.8434,1389,1,1,0,0,0.298,2.119,goal,8342.6,-0.012617,0.413583,-0.835102,0.820652,5.121961,0.892635,0.8959,5.995861,0.391943,0.392182,-0.489122,1.0,,,,,,,,,,,,,,0,lstm
475,624909,-42.5087,470.7705,28,0,0,1,0,3.8451,1.888,collision,8343.0,-0.357602,0.333822,-0.844346,0.484247,4.381668,1.467748,0.779617,5.944263,0.207704,0.319565,-0.447944,1.0,,,,,,,,,,,,,,0,lstm
476,626374,593.6377,470.0581,1465,1,1,0,0,0.2991,2.072,goal,8361.6,-0.013634,0.438541,-0.879704,0.863789,5.093281,0.934281,1.036783,5.990357,0.396065,0.389693,-0.614169,1.0,0.020476,0.002403,1.845078,0.00483,0.012702,0.109202,0.009232,0.088894,0.0001,,,,,0,lstm
477,627772,593.8258,470.5604,1398,1,1,0,0,0.2984,2.098,goal,8376.5,-0.002632,0.418216,-0.856103,0.86975,5.025403,1.008181,0.332132,5.987376,0.399403,0.393616,-0.497924,1.0,,,,,,,,,,,,,,0,lstm
478,629200,603.5696,469.8274,1428,1,1,0,0,0.2992,2.09,goal,8391.8,-0.005961,0.420764,-0.87851,0.855677,5.027556,1.008733,0.52288,5.991172,0.387925,0.390157,-0.503002,1.0,,,,,,,,,,,,,,0,lstm
479,630791,600.3752,533.7921,1591,1,1,0,0,0.2998,2.085,goal,8409.1,-0.026598,0.428123,-0.890808,0.88687,5.00755,0.999234,0.568287,5.991921,0.405639,0.395911,-0.928304,1.01195,,,,,,,,,,,,,,0,lstm
480,632216,604.0156,534.5144,1425,1,1,0,0,0.2981,2.097,goal,8427.8,-0.013684,0.41886,-0.859749,0.825326,5.041242,1.002078,0.493732,5.993629,0.391269,0.391037,-0.46153,1.002686,-0.003491,0.002729,1.845002,0.004814,0.014782,0.126073,0.011017,0.11977,0.0001,,,,,0,lstm
481,633630,590.9248,533.6256,1414,1,1,0,0,0.2995,2.105,goal,8443.5,0.039958,0.411865,-0.84913,0.867799,5.042364,0.987955,0.571471,5.994519,0.397582,0.402191,-0.703057,1.0,,,,,,,,,,,,,,0,lstm
482,635042,596.0557,532.6108,1412,1,1,0,0,0.298,2.1,goal,8459.7,-0.006637,0.424529,-0.878567,0.854833,5.122902,0.872604,0.877012,5.993169,0.387098,0.391721,-0.500061,1.0,,,,,,,,,,,,,,0,lstm
483,636445,595.281,532.8806,1403,1,1,0,0,0.2968,2.113,goal,8475.3,0.030362,0.415006,-0.863953,0.869003,5.074879,0.961211,0.749187,5.994546,0.392621,0.392491,-0.549682,1.0,,,,,,,,,,,,,,0,lstm
484,637879,600.6065,533.5783,1434,1,1,0,0,0.2974,2.098,goal,8493.5,0.022708,0.422257,-0.855491,0.866286,5.048345,0.954923,0.272777,5.994491,0.399752,0.394183,-0.609664,1.00116,0.007854,0.002486,1.844747,0.004798,0.013122,0.091685,0.009416,0.07677,0.0001,,,,,0,lstm
485,639315,594.7297,597.3022,1436,1,1,0,0,0.2987,2.09,goal,8509.8,0.001273,0.421885,-0.868128,0.883117,5.071404,0.988077,0.138164,5.996186,0.390582,0.402715,-0.631789,1.0,,,,,,,,,,,,,,0,lstm
486,640779,607.1722,598.6556,1464,1,1,0,0,0.2997,2.084,goal,8526.3,-0.005239,0.429449,-0.87635,0.855831,5.116386,0.924101,0.78422,5.991947,0.387772,0.399603,-0.594108,1.008242,,,,,,,,,,,,,,0,lstm
487,640855,-30.4148,536.2315,76,0,0,1,0,3.8411,1.91,collision,8527.2,-0.316953,0.427516,-0.863914,0.713547,4.803668,1.172542,1.343625,5.96867,0.256616,0.340393,-0.56117,1.000704,,,,,,,,,,,,,,0,lstm
488,642279,604.1139,536.286,1424,1,1,0,0,0.2996,2.112,goal,8544.3,0.01133,0.410256,-0.864122,0.864095,5.098393,0.948082,0.451482,5.991298,0.396028,0.393748,-0.540517,1.009356,0.009327,0.003419,1.844955,0.004782,0.019811,0.150429,0.014504,0.140536,0.0001,,,,,0,lstm
489,643668,583.7262,534.6211,1389,1,1,0,0,0.2989,2.12,goal,8559.6,0.013706,0.408453,-0.85787,0.832069,5.124895,0.928356,0.663525,5.994882,0.393794,0.402209,-0.602866,1.0,,,,,,,,,,,,,,0,lstm
490,645102,600.0577,534.2253,1434,1,1,0,0,0.2982,2.114,goal,8575.2,0.017802,0.412251,-0.808619,0.862481,5.109392,0.908816,1.064384,5.989133,0.393384,0.401713,-0.555772,1.00634,,,,,,,,,,,,,,0,lstm
491,646514,594.3528,534.5681,1412,1,1,0,0,0.299,2.08,goal,8590.9,-0.01721,0.432365,-0.889136,0.857049,5.119244,0.932215,0.48201,5.996877,0.389537,0.393535,-0.570636,1.0,,,,,,,,,,,,,,0,lstm
492,647949,601.0209,535.0646,1435,1,1,0,0,0.2979,2.101,goal,8608.2,0.017839,0.41924,-0.860185,0.860379,5.09661,0.933665,0.771754,5.988517,0.393685,0.40209,-0.619975,1.001428,-0.009069,0.002726,1.846097,0.004766,0.01565,0.131609,0.011475,0.129966,0.0001,,,,,0,lstm
493,649345,590.8188,534.6184,1396,1,1,0,0,0.299,2.089,goal,8624.1,0.001258,0.424287,-0.857859,0.891909,5.081878,0.995387,0.523399,5.995498,0.391307,0.392463,-0.518439,1.0,,,,,,,,,,,,,,0,lstm
494,650799,604.2052,534.9783,1454,1,1,0,0,0.2992,2.091,goal,8640.5,-0.000476,0.423277,-0.85737,0.864069,5.121993,0.929279,0.639348,5.991952,0.39503,0.403075,-0.595668,1.00281,,,,,,,,,,,,,,0,lstm
495,652207,591.023,534.6076,1408,1,1,0,0,0.2994,2.128,goal,8655.8,0.030848,0.405255,-0.874455,0.855915,5.103726,0.948915,0.823197,5.997424,0.39838,0.405163,-0.492638,1.0,,,,,,,,,,,,,,0,lstm
496,653642,597.0641,533.5968,1435,1,1,0,0,0.2984,2.071,goal,8673.9,-0.031829,0.4411,-0.887532,0.869351,5.039478,0.976761,0.553808,5.994023,0.385205,0.39215,-0.67245,1.0,-0.019355,0.002741,1.846982,0.004749,0.015674,0.096193,0.010974,0.077135,0.0001,,,,,0,lstm
497,655247,596.6797,596.3062,1605,1,1,0,0,0.2991,2.075,goal,8691.4,-0.049308,0.432532,-0.862336,0.850466,5.032488,0.978792,0.723693,5.994009,0.406858,0.400056,-0.92746,1.004342,,,,,,,,,,,,,,0,lstm
498,656675,593.7324,595.2681,1428,1,1,0,0,0.2992,2.106,goal,8706.9,0.027382,0.41554,-0.876301,0.886518,5.115989,0.908566,1.015144,5.986057,0.39649,0.404164,-0.689424,1.0,,,,,,,,,,,,,,0,lstm
499,658059,587.9742,595.6929,1384,1,1,0,0,0.2999,2.111,goal,8721.9,0.006647,0.411604,-0.868241,0.857694,5.064803,0.944243,0.303675,5.990706,0.392682,0.392346,-0.540523,1.0,,,,,,,,,,,,,,0,lstm
500,659459,585.5505,594.2422,1400,1,1,0,0,0.2983,2.104,goal,8739.4,0.01878,0.41409,-0.857815,0.841848,5.091248,0.931327,0.828416,5.994047,0.389896,0.400856,-0.581047,1.0,0.014835,0.002901,1.847367,0.004733,0.014865,0.123852,0.011532,0.110843,0.0001,,,,,0,lstm
