global_step,episode,actor_loss,critic_loss,policy_entropy,entropy_coef,value_residual,grad_norm_actor,grad_norm_critic,grad_norm_rnn,lr_actor,lr_critic,alpha,alpha_loss,target_update_magnitude,recurrent_cell
5576,4,0.059059,0.003472,1.904272,0.006742,0.02948,0.0259,0.002205,0.016053,3.7e-05,,,,,lstm
5576,4,-0.035118,0.006594,1.904198,0.006742,0.032143,0.070067,0.006391,0.047333,3.7e-05,,,,,lstm
5576,4,-0.022572,0.006402,1.904223,0.006742,0.036467,0.038301,0.003217,0.027916,3.7e-05,,,,,lstm
5576,4,0.100012,0.004802,1.904235,0.006742,0.035282,0.046261,0.009636,0.013912,3.7e-05,,,,,lstm
5576,4,-0.080228,0.004535,1.904242,0.006742,0.026024,0.024453,0.002162,0.019245,3.7e-05,,,,,lstm
5576,4,-0.01459,0.007684,1.904257,0.006742,0.03231,0.061412,0.006283,0.036712,3.7e-05,,,,,lstm
5576,4,-0.07154,0.004387,1.904268,0.006742,0.024165,0.039794,0.00326,0.023271,3.7e-05,,,,,lstm
5576,4,0.068074,0.005029,1.904289,0.006742,0.03114,0.053117,0.008818,0.047578,3.7e-05,,,,,lstm
5576,4,0.018225,0.007281,1.90431,0.006742,0.034989,0.101704,0.004585,0.084994,3.7e-05,,,,,lstm
5576,4,0.026587,0.0042,1.90431,0.006742,0.025582,0.043639,0.001962,0.034301,3.7e-05,,,,,lstm
5576,4,-0.034183,0.00648,1.904316,0.006742,0.031216,0.027962,0.004907,0.020936,3.7e-05,,,,,lstm
5576,4,0.023843,0.005103,1.904322,0.006742,0.03078,0.077354,0.002027,0.062272,3.7e-05,,,,,lstm
10290,8,0.031815,0.004934,1.904327,0.006726,0.027911,0.051238,0.002114,0.042665,4.9e-05,,,,,lstm
10290,8,0.022593,0.006366,1.904339,0.006726,0.031151,0.074928,0.004837,0.060517,4.9e-05,,,,,lstm
10290,8,-0.108419,0.007626,1.904362,0.006726,0.038873,0.103121,0.008414,0.044236,4.9e-05,,,,,lstm
10290,8,0.071935,0.006257,1.904347,0.006726,0.030829,0.026036,0.00086,0.013866,4.9e-05,,,,,lstm
10290,8,-0.050542,0.006712,1.904334,0.006726,0.033176,0.062734,0.007641,0.043011,4.9e-05,,,,,lstm
10290,8,0.004729,0.00251,1.904328,0.006726,0.02281,0.088973,0.002069,0.07423,4.9e-05,,,,,lstm
10290,8,-0.036437,0.008218,1.904314,0.006726,0.038975,0.047874,0.005041,0.036046,4.9e-05,,,,,lstm
10290,8,0.019046,0.004824,1.904306,0.006726,0.026829,0.100838,0.001635,0.087816,4.9e-05,,,,,lstm
10290,8,0.126927,0.002581,1.904294,0.006726,0.019776,0.062248,0.007639,0.028886,4.9e-05,,,,,lstm
10290,8,-0.026071,0.006453,1.904282,0.006726,0.032845,0.072865,0.000944,0.066388,4.9e-05,,,,,lstm
10290,8,-0.028427,0.005124,1.904276,0.006726,0.029066,0.039554,0.000469,0.037057,4.9e-05,,,,,lstm
10290,8,0.252227,0.007431,1.904271,0.006726,0.035845,0.162854,0.018436,0.111269,4.9e-05,,,,,lstm
16147,12,0.004906,0.004006,1.904262,0.00671,0.022222,0.044141,0.003797,0.026448,6.1e-05,,,,,lstm
16147,12,0.040925,0.006679,1.904259,0.00671,0.034081,0.057444,0.007053,0.032583,6.1e-05,,,,,lstm
16147,12,-0.038122,0.005507,1.90424,0.00671,0.029049,0.062357,0.004125,0.037136,6.1e-05,,,,,lstm
16147,12,0.065563,0.006862,1.904231,0.00671,0.03204,0.052004,0.011928,0.027535,6.1e-05,,,,,lstm
16147,12,0.014608,0.005093,1.904214,0.00671,0.030593,0.050679,0.008554,0.0405,6.1e-05,,,,,lstm
16147,12,-0.076343,0.004418,1.904198,0.00671,0.025595,0.048946,0.005709,0.02064,6.1e-05,,,,,lstm
16147,12,0.027101,0.008621,1.904195,0.00671,0.037411,0.048677,0.012739,0.025446,6.1e-05,,,,,lstm
16147,12,0.028208,0.004519,1.90418,0.00671,0.028277,0.04186,0.010212,0.028789,6.1e-05,,,,,lstm
16147,12,-0.04726,0.003323,1.904173,0.00671,0.023879,0.059879,0.007533,0.044371,6.1e-05,,,,,lstm
16147,12,0.037772,0.005243,1.904171,0.00671,0.027715,0.056227,0.010931,0.040614,6.1e-05,,,,,lstm
16147,12,-0.021186,0.005255,1.904159,0.00671,0.025557,0.141923,0.003625,0.107318,6.1e-05,,,,,lstm
16147,12,-0.003451,0.005803,1.904146,0.00671,0.028983,0.091982,0.002834,0.07226,6.1e-05,,,,,lstm
20358,16,0.106633,0.005117,1.904139,0.006693,0.028169,0.07151,0.00473,0.032457,7.3e-05,,,,,lstm
20358,16,-0.112047,0.007277,1.904156,0.006693,0.038358,0.044273,0.020779,0.038538,7.3e-05,,,,,lstm
20358,16,0.502564,0.019469,1.904184,0.006693,0.0435,0.641545,0.015435,0.562805,7.3e-05,,,,,lstm
20358,16,0.007584,0.008447,1.90426,0.006693,0.039361,0.101458,0.020141,0.063993,7.3e-05,,,,,lstm
20358,16,0.017109,0.005411,1.904348,0.006693,0.036822,0.031671,0.018961,0.025557,7.3e-05,,,,,lstm
20358,16,0.057735,0.002521,1.904431,0.006693,0.024876,0.112468,0.018385,0.113842,7.3e-05,,,,,lstm
20358,16,0.032486,0.006248,1.904503,0.006693,0.036577,0.111212,0.015976,0.10132,7.3e-05,,,,,lstm
20358,16,-0.012524,0.007399,1.904577,0.006693,0.034123,0.126686,0.015589,0.127476,7.3e-05,,,,,lstm
20358,16,0.104073,0.00234,1.904651,0.006693,0.033473,0.185726,0.003576,0.17588,7.3e-05,,,,,lstm
20358,16,0.073926,0.006288,1.90473,0.006693,0.029356,0.074094,0.001423,0.030686,7.3e-05,,,,,lstm
20358,16,-0.054662,0.007185,1.904819,0.006693,0.041963,0.065516,0.002369,0.047538,7.3e-05,,,,,lstm
20358,16,0.154953,0.002756,1.90491,0.006693,0.023583,0.107998,0.015446,0.096959,7.3e-05,,,,,lstm
26452,20,-0.046587,0.005403,1.904983,0.006677,0.025486,0.077712,0.006209,0.048898,8.5e-05,,,,,lstm
26452,20,0.047696,0.005594,1.905064,0.006677,0.030385,0.092083,0.01377,0.072391,8.5e-05,,,,,lstm
26452,20,-0.077382,0.003272,1.905138,0.006677,0.020781,0.078691,0.008936,0.060843,8.5e-05,,,,,lstm
26452,20,0.081838,0.007057,1.905198,0.006677,0.031632,0.248604,0.017514,0.227683,8.5e-05,,,,,lstm
26452,20,-0.106682,0.00327,1.905242,0.006677,0.019018,0.168321,0.004282,0.151236,8.5e-05,,,,,lstm
26452,20,-0.051179,0.003714,1.905293,0.006677,0.022713,0.10255,0.00289,0.092869,8.5e-05,,,,,lstm
26452,20,0.035288,0.00473,1.905334,0.006677,0.026815,0.07377,0.00261,0.051989,8.5e-05,,,,,lstm
26452,20,-0.0686,0.004928,1.905361,0.006677,0.027667,0.089037,0.00748,0.054166,8.5e-05,,,,,lstm
26452,20,-0.041072,0.003782,1.905386,0.006677,0.031552,0.031989,0.012195,0.029641,8.5e-05,,,,,lstm
26452,20,0.099325,0.00611,1.905404,0.006677,0.041309,0.090484,0.00905,0.052502,8.5e-05,,,,,lstm
26452,20,-0.079488,0.002994,1.905415,0.006677,0.036263,0.079093,0.022299,0.078012,8.5e-05,,,,,lstm
26452,20,-0.093172,0.004802,1.905419,0.006677,0.041009,0.079204,0.023696,0.066769,8.5e-05,,,,,lstm
32467,24,-0.072534,0.004092,1.905426,0.006661,0.023908,0.048394,0.001526,0.009094,9.7e-05,,,,,lstm
32467,24,-0.020576,0.00508,1.905438,0.006661,0.026265,0.082221,0.003004,0.047203,9.7e-05,,,,,lstm
32467,24,0.021795,0.005062,1.905437,0.006661,0.024931,0.132772,0.007245,0.089626,9.7e-05,,,,,lstm
32467,24,0.008395,0.00461,1.905414,0.006661,0.023729,0.033924,0.008934,0.025822,9.7e-05,,,,,lstm
32467,24,0.024193,0.006728,1.905394,0.006661,0.030249,0.126318,0.014318,0.063066,9.7e-05,,,,,lstm
32467,24,-0.108089,0.003515,1.905361,0.006661,0.024176,0.05521,0.010687,0.029671,9.7e-05,,,,,lstm
32467,24,0.014156,0.005688,1.905318,0.006661,0.030335,0.093728,0.01963,0.049724,9.7e-05,,,,,lstm
32467,24,-0.161598,0.003935,1.905263,0.006661,0.027042,0.068239,0.015432,0.062919,9.7e-05,,,,,lstm
32467,24,0.081753,0.00696,1.905223,0.006661,0.039428,0.089069,0.028077,0.055876,9.7e-05,,,,,lstm
32467,24,-0.074762,0.005201,1.905164,0.006661,0.030207,0.05655,0.020203,0.052307,9.7e-05,,,,,lstm
32467,24,0.075775,0.006568,1.905119,0.006661,0.038265,0.085608,0.026168,0.031464,9.7e-05,,,,,lstm
32467,24,-0.074354,0.004932,1.905041,0.006661,0.028231,0.050133,0.016318,0.024314,9.7e-05,,,,,lstm
37401,28,0.102487,0.008085,1.904968,0.006645,0.036648,0.047456,0.007087,0.036456,0.0001,,,,,lstm
37401,28,-0.090372,0.002525,1.904889,0.006645,0.020559,0.025234,0.006533,0.022669,0.0001,,,,,lstm
37401,28,-0.038676,0.007884,1.904818,0.006645,0.031731,0.061215,0.006216,0.019917,0.0001,,,,,lstm
37401,28,-0.055572,0.005472,1.904725,0.006645,0.031408,0.015892,0.009451,0.015464,0.0001,,,,,lstm
37401,28,-0.015993,0.006997,1.904647,0.006645,0.034476,0.056956,0.008765,0.026818,0.0001,,,,,lstm
37401,28,0.149123,0.003062,1.904553,0.006645,0.028697,0.079089,0.003683,0.060784,0.0001,,,,,lstm
37401,28,-0.042105,0.004111,1.904458,0.006645,0.029118,0.05768,0.011648,0.051205,0.0001,,,,,lstm
37401,28,0.109276,0.006726,1.904362,0.006645,0.035006,0.042117,0.002183,0.022038,0.0001,,,,,lstm
37401,28,-0.168683,0.006804,1.904262,0.006645,0.035398,0.064749,0.016919,0.022065,0.0001,,,,,lstm
37401,28,0.00587,0.004576,1.904167,0.006645,0.026902,0.044907,0.006512,0.019777,0.0001,,,,,lstm
37401,28,-0.055252,0.006325,1.90407,0.006645,0.033508,0.070711,0.007413,0.05062,0.0001,,,,,lstm
37401,28,0.101575,0.006427,1.903965,0.006645,0.031059,0.088719,0.001906,0.072802,0.0001,,,,,lstm
42255,32,-0.080885,0.006637,1.903882,0.006629,0.028744,0.049229,0.001463,0.021191,0.0001,,,,,lstm
42255,32,0.033378,0.004786,1.903824,0.006629,0.025779,0.067502,0.008081,0.057718,0.0001,,,,,lstm
42255,32,0.151807,0.007658,1.903762,0.006629,0.032204,0.034234,0.014711,0.020865,0.0001,,,,,lstm
42255,32,0.002477,0.006833,1.903694,0.006629,0.029611,0.028855,0.006342,0.016252,0.0001,,,,,lstm
42255,32,0.044132,0.004712,1.903635,0.006629,0.023611,0.038926,0.006935,0.031016,0.0001,,,,,lstm
42255,32,-0.091537,0.007193,1.903576,0.006629,0.034151,0.080243,0.00405,0.06815,0.0001,,,,,lstm
42255,32,-0.048888,0.006031,1.903536,0.006629,0.031451,0.028772,0.002417,0.015405,0.0001,,,,,lstm
42255,32,0.033567,0.004143,1.903509,0.006629,0.02311,0.066282,0.001034,0.063324,0.0001,,,,,lstm
42255,32,0.071979,0.010071,1.90348,0.006629,0.030711,0.151302,0.002164,0.133472,0.0001,,,,,lstm
42255,32,-0.014219,0.007579,1.903437,0.006629,0.029512,0.051109,0.005832,0.052499,0.0001,,,,,lstm
42255,32,0.021834,0.005466,1.903398,0.006629,0.033628,0.026748,0.004373,0.019057,0.0001,,,,,lstm
42255,32,0.009531,0.002235,1.903367,0.006629,0.019605,0.050009,0.006895,0.0209,0.0001,,,,,lstm
48098,36,-0.011646,0.004916,1.903337,0.006612,0.024938,0.068223,0.002475,0.032275,0.0001,,,,,lstm
48098,36,-0.091782,0.005195,1.90331,0.006612,0.025622,0.058637,0.006537,0.022979,0.0001,,,,,lstm
48098,36,0.073735,0.004051,1.903299,0.006612,0.026895,0.073447,0.00287,0.064287,0.0001,,,,,lstm
48098,36,0.006627,0.005858,1.903302,0.006612,0.030956,0.080745,0.002982,0.063562,0.0001,,,,,lstm
48098,36,-0.008555,0.005024,1.903321,0.006612,0.025802,0.06612,0.004684,0.037996,0.0001,,,,,lstm
48098,36,-0.040699,0.00307,1.903335,0.006612,0.021725,0.045571,0.009171,0.027506,0.0001,,,,,lstm
48098,36,0.115719,0.006982,1.903358,0.006612,0.032925,0.092899,0.002082,0.072946,0.0001,,,,,lstm
48098,36,-0.08013,0.003677,1.903374,0.006612,0.026292,0.049065,0.010914,0.038376,0.0001,,,,,lstm
48098,36,-0.078873,0.003312,1.903402,0.006612,0.023345,0.057736,0.010292,0.031746,0.0001,,,,,lstm
48098,36,-2e-05,0.003968,1.903449,0.006612,0.022069,0.035422,0.006912,0.016662,0.0001,,,,,lstm
48098,36,-0.005196,0.005094,1.903494,0.006612,0.025585,0.059999,0.004548,0.043355,0.0001,,,,,lstm
48098,36,-0.034857,0.004989,1.903529,0.006612,0.032279,0.139392,0.004292,0.099492,0.0001,,,,,lstm
54120,40,-0.030529,0.004146,1.903595,0.006596,0.024534,0.047014,0.002909,0.024088,0.0001,,,,,lstm
54120,40,-0.001764,0.005105,1.903666,0.006596,0.027061,0.040236,0.001373,0.020492,0.0001,,,,,lstm
54120,40,-0.061276,0.004422,1.903743,0.006596,0.023939,0.029138,0.002202,0.016217,0.0001,,,,,lstm
54120,40,-0.074522,0.003986,1.903821,0.006596,0.024148,0.040669,0.001994,0.024664,0.0001,,,,,lstm
54120,40,-0.058672,0.004877,1.903895,0.006596,0.023466,0.089919,0.002117,0.079488,0.0001,,,,,lstm
54120,40,0.043937,0.005195,1.903968,0.006596,0.030923,0.136648,0.006949,0.124204,0.0001,,,,,lstm
54120,40,-0.051667,0.005482,1.904046,0.006596,0.025489,0.041887,0.004089,0.016751,0.0001,,,,,lstm
54120,40,-0.03107,0.003736,1.904134,0.006596,0.024982,0.063213,0.006867,0.030378,0.0001,,,,,lstm
54120,40,-0.008006,0.005093,1.904196,0.006596,0.02698,0.102755,0.010919,0.05329,0.0001,,,,,lstm
54120,40,0.004558,0.004782,1.904288,0.006596,0.025107,0.062239,0.010689,0.041466,0.0001,,,,,lstm
54120,40,0.01211,0.005388,1.904366,0.006596,0.025731,0.083932,0.008064,0.031459,0.0001,,,,,lstm
54120,40,-0.111689,0.003877,1.904451,0.006596,0.023265,0.073183,0.001634,0.056919,0.0001,,,,,lstm
60098,44,-0.037081,0.004425,1.904539,0.00658,0.021481,0.046567,0.003576,0.013463,0.0001,,,,,lstm
60098,44,0.015806,0.004581,1.904596,0.00658,0.023834,0.079092,0.004405,0.053123,0.0001,,,,,lstm
60098,44,-0.062551,0.004929,1.904634,0.00658,0.023207,0.037275,0.000532,0.030305,0.0001,,,,,lstm
60098,44,-0.039247,0.004416,1.904659,0.00658,0.02283,0.028021,0.00096,0.013968,0.0001,,,,,lstm
60098,44,-0.009779,0.004139,1.90467,0.00658,0.024604,0.069414,0.002263,0.035095,0.0001,,,,,lstm
60098,44,-0.031469,0.005236,1.904661,0.00658,0.026057,0.044826,0.002945,0.015397,0.0001,,,,,lstm
60098,44,0.090195,0.00657,1.904634,0.00658,0.028022,0.088415,0.00219,0.065326,0.0001,,,,,lstm
60098,44,0.00223,0.004047,1.904578,0.00658,0.02457,0.080708,0.003319,0.07405,0.0001,,,,,lstm
60098,44,-0.178963,0.003061,1.904513,0.00658,0.02385,0.030444,0.010284,0.030999,0.0001,,,,,lstm
60098,44,-0.067075,0.003604,1.904454,0.00658,0.024596,0.064748,0.004846,0.043893,0.0001,,,,,lstm
60098,44,0.033092,0.005383,1.90439,0.00658,0.025867,0.0535,0.002271,0.03643,0.0001,,,,,lstm
60098,44,-0.046072,0.004818,1.904315,0.00658,0.021669,0.048539,0.000682,0.014876,0.0001,,,,,lstm
66282,48,0.01428,0.004566,1.904224,0.006564,0.028195,0.032427,0.003372,0.022423,0.0001,,,,,lstm
66282,48,-0.052297,0.004292,1.90415,0.006564,0.022904,0.062694,0.004401,0.035139,0.0001,,,,,lstm
66282,48,-0.050492,0.003925,1.904081,0.006564,0.024517,0.051439,0.003591,0.041585,0.0001,,,,,lstm
66282,48,0.277119,0.003125,1.904015,0.006564,0.019317,0.211546,0.007932,0.135726,0.0001,,,,,lstm
66282,48,-0.109607,0.004275,1.903913,0.006564,0.020131,0.071956,0.001761,0.023407,0.0001,,,,,lstm
66282,48,0.04496,0.004699,1.903843,0.006564,0.02517,0.186296,0.007139,0.178758,0.0001,,,,,lstm
66282,48,-0.009824,0.003927,1.903768,0.006564,0.021229,0.154862,0.004652,0.145096,0.0001,,,,,lstm
66282,48,-0.394045,0.002655,1.903692,0.006564,0.016301,0.290375,0.009848,0.182734,0.0001,,,,,lstm
66282,48,-0.028663,0.003922,1.903621,0.006564,0.021405,0.070045,0.007382,0.048043,0.0001,,,,,lstm
66282,48,-0.011662,0.005277,1.903569,0.006564,0.025671,0.132626,0.010871,0.100692,0.0001,,,,,lstm
66282,48,-0.037349,0.004695,1.903531,0.006564,0.025705,0.212421,0.009578,0.179965,0.0001,,,,,lstm
66282,48,-0.350141,0.002929,1.903475,0.006564,0.008685,0.299743,0.00323,0.280944,0.0001,,,,,lstm
66282,48,0.000853,0.006017,1.903423,0.006564,0.028706,0.088634,0.012173,0.066762,0.0001,,,,,lstm
66282,48,-0.036598,0.003872,1.903367,0.006564,0.020115,0.032252,0.008059,0.025592,0.0001,,,,,lstm
66282,48,-0.032526,0.003739,1.903314,0.006564,0.019045,0.067232,0.00675,0.045136,0.0001,,,,,lstm
66282,48,-0.6195,0.003214,1.903275,0.006564,0.017049,0.282687,0.01321,0.223255,0.0001,,,,,lstm
72341,52,-0.035618,0.004595,1.903289,0.006548,0.026637,0.060912,0.000755,0.050195,0.0001,,,,,lstm
72341,52,-0.024357,0.005229,1.903312,0.006548,0.02703,0.033099,0.005128,0.024281,0.0001,,,,,lstm
72341,52,-0.027104,0.003847,1.903337,0.006548,0.028919,0.10805,0.01014,0.063197,0.0001,,,,,lstm
72341,52,-0.026694,0.004458,1.90338,0.006548,0.038506,0.104492,0.014929,0.089517,0.0001,,,,,lstm
72341,52,-0.034174,0.005131,1.903433,0.006548,0.036598,0.034815,0.018876,0.033917,0.0001,,,,,lstm
72341,52,-0.025962,0.004172,1.903478,0.006548,0.039834,0.076104,0.019579,0.059048,0.0001,,,,,lstm
72341,52,-0.011355,0.004653,1.903532,0.006548,0.038823,0.11868,0.019434,0.095589,0.0001,,,,,lstm
72341,52,-0.043789,0.004903,1.903579,0.006548,0.036291,0.107957,0.017009,0.085569,0.0001,,,,,lstm
72341,52,-0.031613,0.004043,1.903625,0.006548,0.034326,0.052786,0.011661,0.032354,0.0001,,,,,lstm
72341,52,-0.06549,0.003341,1.90367,0.006548,0.024989,0.05279,0.007389,0.033452,0.0001,,,,,lstm
72341,52,0.065554,0.005906,1.903723,0.006548,0.028434,0.069107,0.004112,0.023905,0.0001,,,,,lstm
72341,52,-0.085524,0.004508,1.903767,0.006548,0.022218,0.022754,0.004054,0.013091,0.0001,,,,,lstm
78380,56,-0.042711,0.003573,1.903815,0.006531,0.019845,0.030699,0.001504,0.011934,0.0001,,,,,lstm
78380,56,-0.028264,0.005358,1.903866,0.006531,0.026636,0.04,0.006271,0.015666,0.0001,,,,,lstm
78380,56,-0.014309,0.00531,1.903897,0.006531,0.02493,0.048818,0.010889,0.030703,0.0001,,,,,lstm
78380,56,0.086783,0.006939,1.903937,0.006531,0.02992,0.07369,0.016998,0.050814,0.0001,,,,,lstm
78380,56,-0.084343,0.003061,1.903982,0.006531,0.019799,0.046983,0.008754,0.024039,0.0001,,,,,lstm
78380,56,-0.087688,0.004826,1.904014,0.006531,0.024943,0.02328,0.008877,0.018077,0.0001,,,,,lstm
78380,56,-0.071101,0.004024,1.904048,0.006531,0.021655,0.052719,0.008822,0.033418,0.0001,,,,,lstm
78380,56,-0.024999,0.005332,1.904081,0.006531,0.023942,0.06216,0.009415,0.040005,0.0001,,,,,lstm
78380,56,0.012182,0.005162,1.904112,0.006531,0.025802,0.03917,0.009454,0.026741,0.0001,,,,,lstm
78380,56,-0.077844,0.004268,1.904142,0.006531,0.024052,0.050428,0.00382,0.025119,0.0001,,,,,lstm
78380,56,-0.044265,0.005592,1.904186,0.006531,0.020366,0.027835,0.003165,0.00552,0.0001,,,,,lstm
78380,56,0.038123,0.004145,1.904221,0.006531,0.024293,0.041044,0.00478,0.024522,0.0001,,,,,lstm
84433,60,0.031789,0.004983,1.904246,0.006515,0.024262,0.097786,0.010191,0.011234,0.0001,,,,,lstm
84433,60,-0.058369,0.005706,1.904309,0.006515,0.026142,0.087317,0.004557,0.057296,0.0001,,,,,lstm
84433,60,-0.051031,0.003311,1.904374,0.006515,0.019289,0.06498,0.001177,0.036764,0.0001,,,,,lstm
84433,60,-0.034454,0.00373,1.904457,0.006515,0.023055,0.063839,0.004087,0.023606,0.0001,,,,,lstm
84433,60,-0.074845,0.003861,1.904557,0.006515,0.029421,0.094741,0.009021,0.069668,0.0001,,,,,lstm
84433,60,0.03616,0.005839,1.904676,0.006515,0.033703,0.100174,0.006163,0.087587,0.0001,,,,,lstm
84433,60,-0.002169,0.004066,1.904785,0.006515,0.030224,0.084526,0.011015,0.057829,0.0001,,,,,lstm
84433,60,-0.101715,0.00339,1.904892,0.006515,0.028618,0.076725,0.01551,0.065345,0.0001,,,,,lstm
84433,60,0.029522,0.005924,1.905001,0.006515,0.038002,0.074108,0.005468,0.042656,0.0001,,,,,lstm
84433,60,-0.16241,0.002913,1.905123,0.006515,0.02561,0.059994,0.014123,0.035899,0.0001,,,,,lstm
84433,60,0.09822,0.004518,1.905253,0.006515,0.0307,0.092456,0.001003,0.022812,0.0001,,,,,lstm
84433,60,-0.011908,0.006079,1.905402,0.006515,0.026095,0.111582,0.002911,0.091124,0.0001,,,,,lstm
90448,64,-0.025282,0.003523,1.905549,0.006499,0.022356,0.056986,0.000731,0.035102,0.0001,,,,,lstm
90448,64,-0.021353,0.005964,1.905682,0.006499,0.024356,0.179797,0.003276,0.133031,0.0001,,,,,lstm
90448,64,-0.044782,0.00417,1.90581,0.006499,0.021859,0.109814,0.006045,0.067115,0.0001,,,,,lstm
90448,64,-0.056676,0.003925,1.905945,0.006499,0.022786,0.073671,0.011423,0.058551,0.0001,,,,,lstm
90448,64,0.021596,0.006403,1.906078,0.006499,0.029987,0.123032,0.019626,0.066542,0.0001,,,,,lstm
90448,64,-0.052367,0.004963,1.906184,0.006499,0.028848,0.086824,0.020188,0.078284,0.0001,,,,,lstm
90448,64,0.051067,0.005225,1.906282,0.006499,0.036947,0.082117,0.02653,0.07931,0.0001,,,,,lstm
90448,64,-0.090585,0.00544,1.906358,0.006499,0.030424,0.083225,0.021765,0.077764,0.0001,,,,,lstm
90448,64,-0.048761,0.005829,1.906437,0.006499,0.029812,0.105051,0.020889,0.078389,0.0001,,,,,lstm
90448,64,0.00105,0.006668,1.906504,0.006499,0.029101,0.08004,0.018175,0.047708,0.0001,,,,,lstm
90448,64,-0.051378,0.003656,1.906541,0.006499,0.019298,0.047523,0.008055,0.031988,0.0001,,,,,lstm
90448,64,-0.03564,0.004196,1.906573,0.006499,0.019793,0.073968,0.000861,0.053351,0.0001,,,,,lstm
95371,68,-0.043377,0.005804,1.906604,0.006483,0.025421,0.057079,0.00334,0.030392,0.0001,,,,,lstm
95371,68,0.023699,0.005476,1.906624,0.006483,0.02706,0.038727,0.006397,0.022687,0.0001,,,,,lstm
95371,68,0.013448,0.003837,1.906657,0.006483,0.032096,0.056306,0.0112,0.034443,0.0001,,,,,lstm
95371,68,-0.007392,0.006198,1.906689,0.006483,0.039141,0.057467,0.018373,0.024564,0.0001,,,,,lstm
95371,68,-0.004859,0.004484,1.906743,0.006483,0.041404,0.033616,0.021037,0.034546,0.0001,,,,,lstm
95371,68,-0.0025,0.005985,1.906793,0.006483,0.043154,0.137024,0.02066,0.069355,0.0001,,,,,lstm
95371,68,-0.039229,0.00491,1.906803,0.006483,0.042839,0.041837,0.024594,0.044769,0.0001,,,,,lstm
95371,68,0.028903,0.006234,1.906822,0.006483,0.046887,0.047631,0.020943,0.0435,0.0001,,,,,lstm
95371,68,-0.005918,0.005049,1.906836,0.006483,0.038271,0.044692,0.022246,0.039537,0.0001,,,,,lstm
95371,68,0.026475,0.004927,1.906833,0.006483,0.036521,0.062376,0.014568,0.038423,0.0001,,,,,lstm
95371,68,0.080313,0.005002,1.906849,0.006483,0.02819,0.035127,0.006221,0.029938,0.0001,,,,,lstm
95371,68,-0.280138,0.006295,1.906857,0.006483,0.035075,0.10972,0.021254,0.059189,0.0001,,,,,lstm
101337,72,-0.158353,0.002709,1.906846,0.006467,0.01799,0.054753,0.006037,0.034048,0.0001,,,,,lstm
101337,72,0.056678,0.007996,1.906855,0.006467,0.028154,0.039461,0.012234,0.023813,0.0001,,,,,lstm
101337,72,0.020032,0.003791,1.906879,0.006467,0.025865,0.052463,0.013613,0.027543,0.0001,,,,,lstm
101337,72,-0.164656,0.003846,1.906896,0.006467,0.020956,0.032906,0.009747,0.026607,0.0001,,,,,lstm
101337,72,0.093988,0.006127,1.906918,0.006467,0.032236,0.04793,0.022259,0.034842,0.0001,,,,,lstm
101337,72,-0.015102,0.005685,1.90695,0.006467,0.028542,0.027342,0.017499,0.019251,0.0001,,,,,lstm
101337,72,-0.122257,0.0039,1.906992,0.006467,0.020848,0.041317,0.010133,0.024551,0.0001,,,,,lstm
101337,72,0.033824,0.005967,1.907039,0.006467,0.027485,0.043216,0.013977,0.030069,0.0001,,,,,lstm
101337,72,0.003964,0.004882,1.90709,0.006467,0.023545,0.091182,0.007786,0.077347,0.0001,,,,,lstm
101337,72,-0.06653,0.00351,1.907141,0.006467,0.020585,0.061537,0.000662,0.045863,0.0001,,,,,lstm
101337,72,0.026767,0.004442,1.907199,0.006467,0.025588,0.045275,0.001872,0.030343,0.0001,,,,,lstm
101337,72,-0.048969,0.005943,1.907254,0.006467,0.02877,0.048141,0.005536,0.033639,0.0001,,,,,lstm
107484,76,-0.143394,0.00357,1.90731,0.00645,0.022766,0.088872,0.010867,0.05005,0.0001,,,,,lstm
107484,76,0.030205,0.005704,1.907376,0.00645,0.02912,0.070948,0.005076,0.044597,0.0001,,,,,lstm
107484,76,0.032462,0.00493,1.907446,0.00645,0.033711,0.088001,0.008953,0.058072,0.0001,,,,,lstm
107484,76,-0.120989,0.002416,1.907535,0.00645,0.023967,0.062353,0.019329,0.02533,0.0001,,,,,lstm
107484,76,-0.049059,0.004974,1.907641,0.00645,0.033479,0.127444,0.015628,0.095538,0.0001,,,,,lstm
107484,76,-0.055743,0.004617,1.907763,0.00645,0.034317,0.104977,0.013539,0.073305,0.0001,,,,,lstm
107484,76,0.037566,0.00468,1.907868,0.00645,0.028459,0.063494,0.008952,0.033988,0.0001,,,,,lstm
107484,76,-0.679689,0.004414,1.907982,0.00645,0.048183,0.188003,0.041287,0.056342,0.0001,,,,,lstm
107484,76,-0.054029,0.004886,1.908042,0.00645,0.024263,0.083226,0.007475,0.051362,0.0001,,,,,lstm
107484,76,-0.012645,0.004177,1.908098,0.00645,0.02569,0.044927,0.002879,0.024987,0.0001,,,,,lstm
107484,76,-0.01706,0.005045,1.908154,0.00645,0.025806,0.109345,0.00148,0.056841,0.0001,,,,,lstm
107484,76,0.011911,0.002227,1.908236,0.00645,0.016502,0.200574,0.003665,0.123741,0.0001,,,,,lstm
107484,76,-0.05216,0.004964,1.90833,0.00645,0.022933,0.022282,0.000554,0.017355,0.0001,,,,,lstm
107484,76,-0.101192,0.004072,1.908414,0.00645,0.020185,0.038997,0.003642,0.035002,0.0001,,,,,lstm
107484,76,0.085731,0.004823,1.908494,0.00645,0.024352,0.174182,0.003727,0.105039,0.0001,,,,,lstm
107484,76,-0.68228,0.004069,1.908589,0.00645,0.029166,0.246754,0.024629,0.107156,0.0001,,,,,lstm
113503,80,-0.00228,0.005325,1.908757,0.006434,0.025474,0.039783,0.000886,0.019459,0.0001,,,,,lstm
113503,80,-0.076874,0.005236,1.908918,0.006434,0.024434,0.035703,0.00266,0.023764,0.0001,,,,,lstm
113503,80,-0.013924,0.003823,1.909074,0.006434,0.020692,0.038643,0.001334,0.03426,0.0001,,,,,lstm
113503,80,-0.039441,0.00423,1.909217,0.006434,0.022814,0.079641,0.002156,0.045962,0.0001,,,,,lstm
113503,80,-0.06029,0.005532,1.909364,0.006434,0.020896,0.070922,0.002529,0.058612,0.0001,,,,,lstm
113503,80,0.007355,0.004765,1.909499,0.006434,0.023112,0.049485,0.00519,0.036041,0.0001,,,,,lstm
113503,80,-0.033891,0.005085,1.909621,0.006434,0.021663,0.071673,0.003508,0.044429,0.0001,,,,,lstm
113503,80,0.02471,0.005377,1.909755,0.006434,0.023595,0.053281,0.008286,0.041771,0.0001,,,,,lstm
113503,80,-0.085315,0.00417,1.909873,0.006434,0.021673,0.058196,0.003782,0.050613,0.0001,,,,,lstm
113503,80,0.006845,0.00579,1.909979,0.006434,0.025925,0.027091,0.007355,0.011619,0.0001,,,,,lstm
113503,80,-0.086375,0.003597,1.910084,0.006434,0.020085,0.020231,0.001251,0.011945,0.0001,,,,,lstm
113503,80,-0.011264,0.005279,1.910184,0.006434,0.022002,0.060771,0.005139,0.052669,0.0001,,,,,lstm
119481,84,-0.102452,0.004625,1.910278,0.006418,0.018239,0.043929,0.001754,0.027902,0.0001,,,,,lstm
119481,84,0.035464,0.005395,1.910374,0.006418,0.023128,0.074172,0.007971,0.04635,0.0001,,,,,lstm
119481,84,-0.021493,0.003727,1.910468,0.006418,0.020721,0.064081,0.002261,0.036748,0.0001,,,,,lstm
119481,84,-0.079225,0.003354,1.91054,0.006418,0.019422,0.08469,0.003422,0.049545,0.0001,,,,,lstm
119481,84,0.007104,0.005146,1.910605,0.006418,0.026289,0.059532,0.003777,0.045483,0.0001,,,,,lstm
119481,84,-0.013774,0.004914,1.910662,0.006418,0.030862,0.067734,0.006982,0.046237,0.0001,,,,,lstm
119481,84,0.015198,0.005626,1.910723,0.006418,0.033215,0.026697,0.00835,0.02445,0.0001,,,,,lstm
119481,84,-0.108562,0.002952,1.910775,0.006418,0.026704,0.07388,0.015872,0.053341,0.0001,,,,,lstm
119481,84,0.009644,0.004804,1.910831,0.006418,0.032714,0.11955,0.007997,0.078345,0.0001,,,,,lstm
119481,84,0.028747,0.004478,1.910897,0.006418,0.024799,0.081164,0.003122,0.031186,0.0001,,,,,lstm
119481,84,-0.049367,0.004299,1.910969,0.006418,0.020766,0.046698,0.001885,0.036079,0.0001,,,,,lstm
119481,84,-0.068483,0.004651,1.911035,0.006418,0.023119,0.063619,0.002959,0.046108,0.0001,,,,,lstm
125232,88,0.065701,0.005265,1.911093,0.006402,0.027005,0.086893,0.006049,0.066716,0.0001,,,,,lstm
125232,88,0.0298,0.004145,1.911139,0.006402,0.023016,0.075161,0.007062,0.055166,0.0001,,,,,lstm
125232,88,-0.136243,0.004624,1.911188,0.006402,0.023934,0.031364,0.002073,0.019706,0.0001,,,,,lstm
125232,88,-0.04715,0.004393,1.911232,0.006402,0.025052,0.065278,0.009657,0.050929,0.0001,,,,,lstm
125232,88,-0.004591,0.005202,1.911269,0.006402,0.031528,0.161105,0.013971,0.105655,0.0001,,,,,lstm
125232,88,0.044894,0.005442,1.911324,0.006402,0.030212,0.091246,0.019408,0.060348,0.0001,,,,,lstm
125232,88,0.081054,0.006461,1.911348,0.006402,0.033786,0.067593,0.019693,0.049376,0.0001,,,,,lstm
125232,88,0.006669,0.004855,1.911369,0.006402,0.029347,0.0644,0.013682,0.034391,0.0001,,,,,lstm
125232,88,-0.122799,0.00324,1.911364,0.006402,0.019298,0.076243,0.003676,0.062294,0.0001,,,,,lstm
125232,88,0.076719,0.005944,1.911369,0.006402,0.025045,0.089625,0.010234,0.066179,0.0001,,,,,lstm
125232,88,-0.009744,0.003077,1.911355,0.006402,0.02124,0.054806,0.001222,0.018155,0.0001,,,,,lstm
125232,88,-0.09768,0.00505,1.911343,0.006402,0.027458,0.055492,0.009262,0.046386,0.0001,,,,,lstm
131226,92,-0.135098,0.003187,1.911335,0.006386,0.019272,0.059252,0.006667,0.048315,0.0001,,,,,lstm
131226,92,0.14659,0.006488,1.911331,0.006386,0.029548,0.177401,0.004988,0.153391,0.0001,,,,,lstm
131226,92,-0.108183,0.00325,1.911319,0.006386,0.024037,0.02828,0.009327,0.014489,0.0001,,,,,lstm
131226,92,-0.004967,0.004577,1.911307,0.006386,0.029176,0.049985,0.006615,0.04149,0.0001,,,,,lstm
131226,92,-0.052277,0.003564,1.911292,0.006386,0.028021,0.041699,0.01006,0.030626,0.0001,,,,,lstm
131226,92,-0.038398,0.004981,1.911287,0.006386,0.02658,0.151351,0.010352,0.137965,0.0001,,,,,lstm
131226,92,-0.008531,0.005033,1.91127,0.006386,0.03341,0.091482,0.009566,0.079622,0.0001,,,,,lstm
131226,92,-0.086061,0.004135,1.911242,0.006386,0.026781,0.037729,0.011008,0.024463,0.0001,,,,,lstm
131226,92,0.002654,0.003866,1.911227,0.006386,0.023824,0.114733,0.006435,0.088033,0.0001,,,,,lstm
131226,92,0.001903,0.004607,1.911209,0.006386,0.02776,0.032948,0.004855,0.018742,0.0001,,,,,lstm
131226,92,-0.033319,0.004698,1.911205,0.006386,0.026018,0.118848,0.005654,0.094763,0.0001,,,,,lstm
131226,92,-0.06606,0.003547,1.911184,0.006386,0.021418,0.043977,0.005531,0.033881,0.0001,,,,,lstm
135694,96,-0.043824,0.007276,1.911164,0.006369,0.026316,0.027241,0.0109,0.018989,0.0001,,,,,lstm
135694,96,0.087806,0.006378,1.911149,0.006369,0.026361,0.050876,0.001964,0.035621,0.0001,,,,,lstm
135694,96,-0.076849,0.007546,1.911142,0.006369,0.040338,0.223868,0.006296,0.14446,0.0001,,,,,lstm
135694,96,-0.020277,0.007574,1.911093,0.006369,0.034725,0.057264,0.001771,0.043613,0.0001,,,,,lstm
135694,96,-0.011209,0.005462,1.911046,0.006369,0.033196,0.044971,0.010529,0.027961,0.0001,,,,,lstm
135694,96,0.323571,0.01495,1.911007,0.006369,0.049898,0.21057,0.03808,0.1666,0.0001,,,,,lstm
135694,96,-0.013238,0.009532,1.910961,0.006369,0.046813,0.035491,0.014317,0.030913,0.0001,,,,,lstm
135694,96,0.026181,0.005437,1.910922,0.006369,0.033159,0.059961,0.012841,0.046203,0.0001,,,,,lstm
135694,96,0.081638,0.006533,1.91089,0.006369,0.041372,0.235669,0.012258,0.155057,0.0001,,,,,lstm
135694,96,-0.0584,0.007974,1.910809,0.006369,0.036161,0.072452,0.002337,0.061014,0.0001,,,,,lstm
135694,96,0.096416,0.00605,1.910732,0.006369,0.029277,0.067477,0.005036,0.05063,0.0001,,,,,lstm
135694,96,-0.033511,0.006432,1.910665,0.006369,0.024639,0.122465,0.007097,0.087084,0.0001,,,,,lstm
141717,100,0.038395,0.005847,1.910604,0.006353,0.031501,0.029392,0.00199,0.011853,0.0001,,,,,lstm
141717,100,-0.05845,0.003698,1.910541,0.006353,0.019134,0.036274,0.00476,0.025553,0.0001,,,,,lstm
141717,100,-0.071701,0.003684,1.910476,0.006353,0.022211,0.026408,0.006855,0.008834,0.0001,,,,,lstm
141717,100,-0.008572,0.003646,1.910414,0.006353,0.024056,0.065206,0.004948,0.04098,0.0001,,,,,lstm
141717,100,-0.087633,0.004891,1.910344,0.006353,0.025934,0.060685,0.006947,0.043545,0.0001,,,,,lstm
141717,100,0.007416,0.004735,1.910282,0.006353,0.028871,0.050905,0.003688,0.032481,0.0001,,,,,lstm
141717,100,-0.059071,0.003939,1.91022,0.006353,0.027795,0.049172,0.007016,0.027117,0.0001,,,,,lstm
141717,100,-0.021312,0.003312,1.910156,0.006353,0.022989,0.039732,0.00375,0.023207,0.0001,,,,,lstm
141717,100,-0.008162,0.006245,1.910092,0.006353,0.029625,0.085177,0.002035,0.050292,0.0001,,,,,lstm
141717,100,0.046987,0.004746,1.91003,0.006353,0.029746,0.070044,0.001,0.045853,0.0001,,,,,lstm
141717,100,-0.108438,0.0036,1.909966,0.006353,0.023256,0.016788,0.008146,0.01424,0.0001,,,,,lstm
141717,100,-0.028281,0.005118,1.909906,0.006353,0.030392,0.043244,0.005641,0.025322,0.0001,,,,,lstm
147823,104,-0.084526,0.003335,1.909842,0.006337,0.022416,0.022748,0.00886,0.017661,0.0001,,,,,lstm
147823,104,0.100041,0.006607,1.90978,0.006337,0.02977,0.034777,0.001384,0.005021,0.0001,,,,,lstm
147823,104,-0.100528,0.003939,1.909716,0.006337,0.025325,0.074974,0.007188,0.055282,0.0001,,,,,lstm
147823,104,-0.01464,0.005833,1.909677,0.006337,0.029121,0.065991,0.000227,0.063179,0.0001,,,,,lstm
147823,104,-0.071333,0.004483,1.909645,0.006337,0.021444,0.01807,0.001363,0.01544,0.0001,,,,,lstm
147823,104,-0.002563,0.003755,1.909615,0.006337,0.023534,0.046641,0.004486,0.038092,0.0001,,,,,lstm
147823,104,-0.094218,0.004274,1.909595,0.006337,0.021978,0.035977,0.003405,0.015698,0.0001,,,,,lstm
147823,104,0.031025,0.005397,1.90959,0.006337,0.026014,0.049167,0.010353,0.034643,0.0001,,,,,lstm
147823,104,-0.023878,0.004839,1.909574,0.006337,0.026388,0.031466,0.009239,0.019168,0.0001,,,,,lstm
147823,104,-0.057267,0.004934,1.909562,0.006337,0.023036,0.064902,0.008279,0.051943,0.0001,,,,,lstm
147823,104,-0.056404,0.004534,1.909554,0.006337,0.022412,0.02015,0.00824,0.011254,0.0001,,,,,lstm
147823,104,0.026523,0.005213,1.909555,0.006337,0.028419,0.059857,0.010511,0.039176,0.0001,,,,,lstm
153829,108,-0.084152,0.004152,1.909541,0.006321,0.023058,0.02588,0.001187,0.011459,0.0001,,,,,lstm
153829,108,-0.051894,0.00487,1.909537,0.006321,0.023146,0.106558,0.001219,0.075028,0.0001,,,,,lstm
153829,108,0.054822,0.004886,1.909539,0.006321,0.029925,0.172002,0.003215,0.107066,0.0001,,,,,lstm
153829,108,-0.036943,0.004851,1.909523,0.006321,0.030575,0.101419,0.007448,0.07238,0.0001,,,,,lstm
153829,108,0.014188,0.005634,1.909503,0.006321,0.035333,0.104543,0.012898,0.08855,0.0001,,,,,lstm
153829,108,-0.061914,0.003193,1.909473,0.006321,0.038874,0.155208,0.022309,0.140424,0.0001,,,,,lstm
153829,108,-0.067669,0.005081,1.909454,0.006321,0.044857,0.133475,0.023607,0.117309,0.0001,,,,,lstm
153829,108,-0.052127,0.004539,1.909433,0.006321,0.038515,0.04071,0.022939,0.0462,0.0001,,,,,lstm
153829,108,0.04121,0.004382,1.909416,0.006321,0.038197,0.048325,0.015248,0.033719,0.0001,,,,,lstm
153829,108,-0.015654,0.004551,1.909389,0.006321,0.030841,0.039363,0.01261,0.040224,0.0001,,,,,lstm
153829,108,0.02628,0.004195,1.909355,0.006321,0.030166,0.101776,0.005047,0.09245,0.0001,,,,,lstm
153829,108,-0.098416,0.004959,1.909325,0.006321,0.030291,0.123864,0.006119,0.110422,0.0001,,,,,lstm
159862,112,0.00186,0.004665,1.90929,0.006305,0.026665,0.048498,0.001861,0.038973,0.0001,,,,,lstm
159862,112,-0.03768,0.004991,1.909266,0.006305,0.02536,0.024096,0.001081,0.019022,0.0001,,,,,lstm
159862,112,-0.047302,0.005126,1.909245,0.006305,0.026136,0.108598,0.004017,0.099276,0.0001,,,,,lstm
159862,112,-0.003014,0.005956,1.909229,0.006305,0.025508,0.041214,0.007057,0.032097,0.0001,,,,,lstm
159862,112,-0.023197,0.00416,1.909216,0.006305,0.023166,0.046403,0.006407,0.041573,0.0001,,,,,lstm
159862,112,-0.055985,0.004859,1.909209,0.006305,0.029378,0.110111,0.00533,0.097056,0.0001,,,,,lstm
159862,112,-0.018147,0.004294,1.909203,0.006305,0.025969,0.066672,0.005529,0.062376,0.0001,,,,,lstm
159862,112,0.033214,0.005522,1.909201,0.006305,0.029239,0.065633,0.007029,0.053025,0.0001,,,,,lstm
159862,112,-0.097644,0.005068,1.909198,0.006305,0.0243,0.068717,0.002464,0.065119,0.0001,,,,,lstm
159862,112,-0.105603,0.004388,1.909204,0.006305,0.024127,0.145025,0.003416,0.137391,0.0001,,,,,lstm
159862,112,0.068635,0.004453,1.909221,0.006305,0.02996,0.121885,0.003583,0.103062,0.0001,,,,,lstm
159862,112,-0.04456,0.005776,1.909228,0.006305,0.024007,0.034031,0.001169,0.024759,0.0001,,,,,lstm
165895,116,0.020744,0.004445,1.90924,0.006288,0.027433,0.07511,0.002889,0.04461,0.0001,,,,,lstm
165895,116,-0.072052,0.003833,1.909244,0.006288,0.021925,0.065644,0.005406,0.046441,0.0001,,,,,lstm
165895,116,-0.029217,0.005123,1.909255,0.006288,0.027791,0.068269,0.001392,0.045162,0.0001,,,,,lstm
165895,116,0.029655,0.005059,1.909271,0.006288,0.026449,0.106166,0.009136,0.063803,0.0001,,,,,lstm
165895,116,-0.038384,0.003639,1.909294,0.006288,0.02399,0.040625,0.012005,0.037592,0.0001,,,,,lstm
165895,116,-0.072452,0.005769,1.909313,0.006288,0.02552,0.055546,0.015374,0.042289,0.0001,,,,,lstm
165895,116,0.007941,0.003889,1.90933,0.006288,0.028409,0.121752,0.019352,0.087065,0.0001,,,,,lstm
165895,116,-0.01539,0.006347,1.909342,0.006288,0.027598,0.14642,0.017273,0.103036,0.0001,,,,,lstm
165895,116,-0.073308,0.004638,1.90934,0.006288,0.021761,0.082082,0.006608,0.05669,0.0001,,,,,lstm
165895,116,0.108585,0.005866,1.909349,0.006288,0.026987,0.040617,0.005336,0.028527,0.0001,,,,,lstm
165895,116,-0.072039,0.003895,1.909345,0.006288,0.027848,0.067054,0.011067,0.058139,0.0001,,,,,lstm
165895,116,-0.115402,0.003821,1.909339,0.006288,0.034005,0.078543,0.020517,0.062122,0.0001,,,,,lstm
171929,120,0.129934,0.005053,1.909341,0.006272,0.028312,0.229852,0.010232,0.130671,0.0001,,,,,lstm
171929,120,-0.139003,0.003477,1.909365,0.006272,0.019311,0.030558,0.001858,0.017007,0.0001,,,,,lstm
171929,120,-0.079911,0.004787,1.909376,0.006272,0.020079,0.031464,0.0025,0.014318,0.0001,,,,,lstm
171929,120,-0.042843,0.003683,1.909391,0.006272,0.020195,0.098461,0.006033,0.058505,0.0001,,,,,lstm
171929,120,-0.099623,0.004704,1.9094,0.006272,0.02083,0.021164,0.006424,0.013987,0.0001,,,,,lstm
171929,120,0.061967,0.005585,1.909412,0.006272,0.028152,0.098682,0.016838,0.077133,0.0001,,,,,lstm
171929,120,0.02967,0.005146,1.909408,0.006272,0.027333,0.089327,0.01633,0.07371,0.0001,,,,,lstm
171929,120,-0.012779,0.00412,1.909398,0.006272,0.023881,0.039473,0.014141,0.024009,0.0001,,,,,lstm
171929,120,-0.103206,0.005001,1.909383,0.006272,0.018928,0.075995,0.008694,0.056563,0.0001,,,,,lstm
171929,120,-0.060643,0.005394,1.90937,0.006272,0.021236,0.100236,0.007282,0.088571,0.0001,,,,,lstm
171929,120,0.01059,0.004351,1.909365,0.006272,0.022042,0.05748,0.005509,0.050313,0.0001,,,,,lstm
171929,120,-0.033008,0.003632,1.909358,0.006272,0.022548,0.031033,0.002142,0.01805,0.0001,,,,,lstm
177990,124,-0.0057,0.00453,1.90936,0.006256,0.023274,0.091986,0.004283,0.046783,0.0001,,,,,lstm
177990,124,-0.069316,0.003559,1.909373,0.006256,0.026771,0.076089,0.01233,0.051749,0.0001,,,,,lstm
177990,124,-0.022475,0.005434,1.909383,0.006256,0.03464,0.047198,0.010988,0.031212,0.0001,,,,,lstm
177990,124,0.01883,0.003895,1.909397,0.006256,0.03338,0.075893,0.011205,0.039387,0.0001,,,,,lstm
177990,124,-0.033802,0.005141,1.909416,0.006256,0.033537,0.048009,0.014114,0.034787,0.0001,,,,,lstm
177990,124,-0.084648,0.00461,1.909432,0.006256,0.029593,0.086357,0.016142,0.069012,0.0001,,,,,lstm
177990,124,-0.0246,0.004453,1.909454,0.006256,0.027509,0.108744,0.010549,0.089928,0.0001,,,,,lstm
177990,124,-0.064446,0.003635,1.909479,0.006256,0.023152,0.043459,0.008885,0.036323,0.0001,,,,,lstm
177990,124,-0.007648,0.005552,1.909511,0.006256,0.028977,0.093329,0.00278,0.052347,0.0001,,,,,lstm
177990,124,-0.156522,0.004378,1.909541,0.006256,0.019047,0.046955,0.005493,0.019428,0.0001,,,,,lstm
177990,124,0.021175,0.003755,1.909559,0.006256,0.021026,0.045389,0.006048,0.03423,0.0001,,,,,lstm
177990,124,0.039136,0.005936,1.909578,0.006256,0.023895,0.039002,0.011432,0.016895,0.0001,,,,,lstm
184018,128,-0.100143,0.003605,1.909611,0.00624,0.022253,0.081559,0.00676,0.059123,0.0001,,,,,lstm
184018,128,0.009523,0.003839,1.909649,0.00624,0.024037,0.076673,0.000859,0.021344,0.0001,,,,,lstm
184018,128,-0.006462,0.006245,1.909685,0.00624,0.024743,0.088087,0.002538,0.043432,0.0001,,,,,lstm
184018,128,-0.067652,0.005518,1.909705,0.00624,0.022992,0.038533,0.002775,0.013448,0.0001,,,,,lstm
184018,128,0.061568,0.005219,1.909727,0.00624,0.025415,0.097666,0.010957,0.032567,0.0001,,,,,lstm
184018,128,-0.093738,0.003335,1.909748,0.00624,0.019099,0.037634,0.005695,0.01888,0.0001,,,,,lstm
184018,128,-0.052725,0.004101,1.909762,0.00624,0.023536,0.07747,0.010005,0.022709,0.0001,,,,,lstm
184018,128,-0.019097,0.005657,1.909785,0.00624,0.025888,0.104827,0.011748,0.085215,0.0001,,,,,lstm
184018,128,-0.025224,0.004871,1.909798,0.00624,0.02022,0.09721,0.009234,0.07315,0.0001,,,,,lstm
184018,128,0.061922,0.005849,1.909798,0.00624,0.026532,0.097008,0.011112,0.021744,0.0001,,,,,lstm
184018,128,-0.077973,0.004333,1.909802,0.00624,0.018995,0.033191,0.000535,0.018547,0.0001,,,,,lstm
184018,128,-0.081796,0.003701,1.909803,0.00624,0.02093,0.057302,0.003387,0.027209,0.0001,,,,,lstm
190092,132,0.014733,0.004831,1.909783,0.006224,0.026587,0.083274,0.001203,0.045309,0.0001,,,,,lstm
190092,132,-0.061885,0.004046,1.909746,0.006224,0.023059,0.062136,0.006686,0.035109,0.0001,,,,,lstm
190092,132,-0.050255,0.004528,1.909702,0.006224,0.022507,0.081413,0.006414,0.064181,0.0001,,,,,lstm
190092,132,-0.000457,0.003913,1.909659,0.006224,0.027789,0.09259,0.005608,0.053627,0.0001,,,,,lstm
190092,132,-0.02398,0.004277,1.909603,0.006224,0.024226,0.055927,0.004958,0.040001,0.0001,,,,,lstm
190092,132,-0.073591,0.005184,1.909549,0.006224,0.023306,0.055589,0.006329,0.025681,0.0001,,,,,lstm
190092,132,-0.05484,0.005219,1.909487,0.006224,0.02339,0.054058,0.004152,0.040847,0.0001,,,,,lstm
190092,132,-0.095992,0.003924,1.909427,0.006224,0.019118,0.015168,0.005899,0.009662,0.0001,,,,,lstm
190092,132,0.054287,0.004238,1.909378,0.006224,0.026591,0.101757,0.002448,0.055228,0.0001,,,,,lstm
190092,132,-0.037282,0.004433,1.909302,0.006224,0.023753,0.055967,0.000532,0.008164,0.0001,,,,,lstm
190092,132,0.006154,0.005063,1.909208,0.006224,0.020667,0.03761,0.003512,0.007243,0.0001,,,,,lstm
190092,132,-0.064591,0.004064,1.909108,0.006224,0.019704,0.040404,0.00194,0.021617,0.0001,,,,,lstm
196225,136,-0.051897,0.004151,1.909021,0.006207,0.023481,0.062889,0.003615,0.03978,0.0001,,,,,lstm
196225,136,0.003069,0.004454,1.908947,0.006207,0.02155,0.044526,0.00372,0.026386,0.0001,,,,,lstm
196225,136,-0.054834,0.004888,1.908871,0.006207,0.021601,0.048898,0.002795,0.017601,0.0001,,,,,lstm
196225,136,-0.350255,0.003181,1.908818,0.006207,0.010081,0.279024,0.008213,0.132534,0.0001,,,,,lstm
196225,136,-0.058202,0.0054,1.908703,0.006207,0.021771,0.059881,0.007156,0.047364,0.0001,,,,,lstm
196225,136,-0.044283,0.003697,1.908605,0.006207,0.020683,0.066447,0.008691,0.054377,0.0001,,,,,lstm
196225,136,0.001567,0.005185,1.908512,0.006207,0.027199,0.048123,0.013698,0.022142,0.0001,,,,,lstm
196225,136,-0.612419,0.002724,1.908439,0.006207,0.015835,0.557926,0.012872,0.405253,0.0001,,,,,lstm
196225,136,-0.109198,0.004823,1.908417,0.006207,0.021574,0.119191,0.011126,0.095075,0.0001,,,,,lstm
196225,136,-0.032957,0.00486,1.908401,0.006207,0.024182,0.146403,0.013448,0.111676,0.0001,,,,,lstm
196225,136,0.038873,0.00507,1.908393,0.006207,0.027014,0.167302,0.013638,0.115205,0.0001,,,,,lstm
196225,136,-0.617224,0.002616,1.908387,0.006207,0.025594,0.783357,0.020335,0.71515,0.0001,,,,,lstm
196225,136,-0.02112,0.005254,1.908346,0.006207,0.021735,0.016535,0.002281,0.011027,0.0001,,,,,lstm
196225,136,0.046968,0.004702,1.908313,0.006207,0.030083,0.150517,0.003882,0.129081,0.0001,,,,,lstm
196225,136,-0.13171,0.003077,1.908286,0.006207,0.025205,0.186356,0.016154,0.157338,0.0001,,,,,lstm
196225,136,-0.410213,0.003428,1.908265,0.006207,0.03319,0.28258,0.027086,0.185873,0.0001,,,,,lstm
202383,140,-0.010917,0.00582,1.908255,0.006191,0.028489,0.060181,0.006772,0.024006,0.0001,,,,,lstm
202383,140,-0.054422,0.003825,1.908251,0.006191,0.029529,0.074121,0.012743,0.032508,0.0001,,,,,lstm
202383,140,-0.047333,0.003194,1.908263,0.006191,0.030028,0.098969,0.014527,0.074182,0.0001,,,,,lstm
202383,140,0.198198,0.032566,1.908278,0.006191,0.039553,0.521169,0.008028,0.438615,0.0001,,,,,lstm
202383,140,-5.3e-05,0.004234,1.908246,0.006191,0.034037,0.222345,0.013275,0.173242,0.0001,,,,,lstm
202383,140,-0.026104,0.004693,1.908229,0.006191,0.032251,0.284505,0.011142,0.221897,0.0001,,,,,lstm
202383,140,-0.095276,0.004075,1.908227,0.006191,0.02218,0.21679,0.010299,0.169523,0.0001,,,,,lstm
202383,140,0.081642,0.001846,1.90824,0.006191,0.011328,0.12887,0.001721,0.093164,0.0001,,,,,lstm
202383,140,-0.095232,0.004513,1.908221,0.006191,0.019242,0.049554,0.003188,0.006038,0.0001,,,,,lstm
202383,140,-0.056463,0.004261,1.908203,0.006191,0.018826,0.035041,0.008716,0.015993,0.0001,,,,,lstm
202383,140,0.048321,0.005638,1.908195,0.006191,0.02804,0.104839,0.018388,0.049423,0.0001,,,,,lstm
202383,140,-0.279408,0.002595,1.908205,0.006191,0.008778,0.154499,0.005105,0.113737,0.0001,,,,,lstm
202383,140,-0.091881,0.004919,1.90825,0.006191,0.023643,0.202395,0.014627,0.153989,0.0001,,,,,lstm
202383,140,0.046143,0.006186,1.9083,0.006191,0.028405,0.178438,0.018307,0.123788,0.0001,,,,,lstm
202383,140,-0.060291,0.003919,1.908356,0.006191,0.01832,0.037711,0.00818,0.022657,0.0001,,,,,lstm
202383,140,-0.28676,0.002659,1.908414,0.006191,0.025735,0.294971,0.008253,0.22751,0.0001,,,,,lstm
208529,144,0.031401,0.005932,1.908481,0.006175,0.028532,0.042156,0.001613,0.019424,0.0001,,,,,lstm
208529,144,-0.050002,0.003551,1.908549,0.006175,0.02461,0.065031,0.008986,0.045763,0.0001,,,,,lstm
208529,144,-0.094241,0.003376,1.908622,0.006175,0.027227,0.042583,0.013746,0.035727,0.0001,,,,,lstm
208529,144,0.57369,0.004435,1.908691,0.006175,0.051331,0.683698,0.017923,0.530025,0.0001,,,,,lstm
208529,144,-0.019626,0.004592,1.908709,0.006175,0.028635,0.0776,0.006032,0.063322,0.0001,,,,,lstm
208529,144,-0.065336,0.004019,1.908733,0.006175,0.021954,0.042958,0.004338,0.027899,0.0001,,,,,lstm
208529,144,-0.016392,0.004444,1.908754,0.006175,0.020998,0.111756,0.002972,0.093635,0.0001,,,,,lstm
208529,144,-0.155968,0.002411,1.90878,0.006175,0.011346,0.246939,0.001802,0.165029,0.0001,,,,,lstm
208529,144,-0.035903,0.004309,1.908817,0.006175,0.022589,0.145314,0.011565,0.117501,0.0001,,,,,lstm
208529,144,-0.012492,0.005167,1.908856,0.006175,0.02414,0.094599,0.015364,0.080862,0.0001,,,,,lstm
208529,144,-0.089781,0.00441,1.908897,0.006175,0.021669,0.056545,0.012569,0.045563,0.0001,,,,,lstm
208529,144,2.278954,0.045712,1.908944,0.006175,0.177127,1.940517,0.142792,1.127795,0.0001,,,,,lstm
208529,144,-0.087394,0.00472,1.908974,0.006175,0.023518,0.074324,0.016651,0.052116,0.0001,,,,,lstm
208529,144,0.001225,0.004221,1.909007,0.006175,0.029819,0.113575,0.022003,0.08293,0.0001,,,,,lstm
208529,144,-0.045326,0.0059,1.909045,0.006175,0.02989,0.231402,0.021669,0.14838,0.0001,,,,,lstm
208529,144,1.782357,0.054102,1.90909,0.006175,0.164634,3.924694,0.127176,2.894846,0.0001,,,,,lstm
214789,148,0.005162,0.005258,1.909176,0.006159,0.023236,0.074076,0.001384,0.044295,0.0001,,,,,lstm
214789,148,-0.090937,0.003527,1.909265,0.006159,0.024229,0.059832,0.010322,0.036731,0.0001,,,,,lstm
214789,148,-0.038701,0.003572,1.909364,0.006159,0.033631,0.07481,0.013422,0.063871,0.0001,,,,,lstm
214789,148,0.217174,0.011782,1.909457,0.006159,0.054623,0.360945,0.00468,0.231553,0.0001,,,,,lstm
214789,148,-0.049847,0.004154,1.909487,0.006159,0.043059,0.115843,0.023742,0.106364,0.0001,,,,,lstm
214789,148,-0.006286,0.00398,1.909521,0.006159,0.046591,0.121927,0.026563,0.105033,0.0001,,,,,lstm
214789,148,-0.043943,0.005766,1.909557,0.006159,0.053944,0.031264,0.02784,0.027213,0.0001,,,,,lstm
214789,148,-0.15093,0.002857,1.909598,0.006159,0.044612,0.086065,0.033281,0.072048,0.0001,,,,,lstm
214789,148,-0.046436,0.005798,1.909638,0.006159,0.050895,0.075471,0.024915,0.045342,0.0001,,,,,lstm
214789,148,0.03216,0.004402,1.909669,0.006159,0.041494,0.058809,0.016856,0.018036,0.0001,,,,,lstm
214789,148,-0.082972,0.002907,1.909722,0.006159,0.02966,0.040616,0.018247,0.030895,0.0001,,,,,lstm
214789,148,-0.184896,0.002031,1.909777,0.006159,0.023985,0.071928,0.016546,0.050459,0.0001,,,,,lstm
214789,148,-0.009651,0.003467,1.909809,0.006159,0.022219,0.033363,0.003167,0.018161,0.0001,,,,,lstm
214789,148,-0.020555,0.004463,1.909844,0.006159,0.024679,0.078058,0.002248,0.046153,0.0001,,,,,lstm
214789,148,-0.063247,0.004841,1.909899,0.006159,0.021414,0.059399,0.006193,0.023654,0.0001,,,,,lstm
214789,148,-0.239543,0.002109,1.909947,0.006159,0.019545,0.058647,0.003663,0.016813,0.0001,,,,,lstm
220927,152,-0.086187,0.002841,1.909993,0.006143,0.021683,0.079224,0.009659,0.057302,0.0001,,,,,lstm
220927,152,0.008424,0.005792,1.910023,0.006143,0.029293,0.033804,0.018843,0.031554,0.0001,,,,,lstm
220927,152,-0.004145,0.00449,1.910044,0.006143,0.029177,0.103275,0.019177,0.059751,0.0001,,,,,lstm
220927,152,-0.056575,0.003595,1.910078,0.006143,0.027755,0.064396,0.018844,0.051022,0.0001,,,,,lstm
220927,152,-0.013257,0.005424,1.910116,0.006143,0.033651,0.05628,0.023353,0.032855,0.0001,,,,,lstm
220927,152,-0.011483,0.005126,1.910153,0.006143,0.033622,0.045918,0.022925,0.030428,0.0001,,,,,lstm
220927,152,-0.086229,0.004548,1.910178,0.006143,0.028621,0.034805,0.019311,0.031344,0.0001,,,,,lstm
220927,152,-0.032418,0.002965,1.910199,0.006143,0.028385,0.062613,0.019236,0.047796,0.0001,,,,,lstm
220927,152,0.037762,0.00648,1.910227,0.006143,0.034521,0.032498,0.023237,0.024983,0.0001,,,,,lstm
220927,152,-0.080609,0.004779,1.910245,0.006143,0.023259,0.036894,0.013891,0.031537,0.0001,,,,,lstm
220927,152,0.048238,0.005402,1.910255,0.006143,0.028684,0.074846,0.017136,0.061582,0.0001,,,,,lstm
220927,152,-0.048418,0.002659,1.910267,0.006143,0.019277,0.040406,0.008252,0.016872,0.0001,,,,,lstm
227155,156,-0.05737,0.00531,1.910277,0.006126,0.020819,0.075769,0.003571,0.057293,0.0001,,,,,lstm
227155,156,0.050234,0.00464,1.910284,0.006126,0.024687,0.040883,0.004893,0.025238,0.0001,,,,,lstm
227155,156,-0.084854,0.002445,1.910298,0.006126,0.019636,0.04299,0.005414,0.030124,0.0001,,,,,lstm
227155,156,-0.181771,0.00186,1.910313,0.006126,0.017185,0.058715,0.01248,0.024857,0.0001,,,,,lstm
227155,156,-0.084797,0.004089,1.910344,0.006126,0.027705,0.062923,0.011064,0.041001,0.0001,,,,,lstm
227155,156,0.033726,0.005105,1.910374,0.006126,0.034978,0.077281,0.00737,0.047055,0.0001,,,,,lstm
227155,156,-0.045811,0.002842,1.910416,0.006126,0.028725,0.062604,0.014125,0.053503,0.0001,,,,,lstm
227155,156,-0.080401,0.001895,1.910449,0.006126,0.024036,0.081283,0.017231,0.050387,0.0001,,,,,lstm
227155,156,-0.067931,0.00394,1.910474,0.006126,0.028788,0.028171,0.015533,0.020115,0.0001,,,,,lstm
227155,156,-0.103012,0.002567,1.910494,0.006126,0.029949,0.076215,0.015664,0.036986,0.0001,,,,,lstm
227155,156,0.085312,0.005627,1.910522,0.006126,0.036613,0.115745,0.004802,0.099383,0.0001,,,,,lstm
227155,156,-0.266238,0.002262,1.910543,0.006126,0.027185,0.145327,0.019365,0.09357,0.0001,,,,,lstm
227155,156,-0.041543,0.004619,1.910608,0.006126,0.028267,0.080148,0.00681,0.06259,0.0001,,,,,lstm
227155,156,-0.037287,0.003984,1.910666,0.006126,0.021575,0.061347,0.005798,0.031968,0.0001,,,,,lstm
227155,156,-0.012538,0.003422,1.910713,0.006126,0.024084,0.061317,0.002265,0.048136,0.0001,,,,,lstm
227155,156,-0.174233,0.001817,1.910763,0.006126,0.013049,0.084214,0.008317,0.065141,0.0001,,,,,lstm
233148,160,-0.053566,0.00489,1.910812,0.00611,0.024346,0.122142,0.00507,0.102353,0.0001,,,,,lstm
233148,160,0.095144,0.006254,1.910857,0.00611,0.026265,0.10352,0.004314,0.085334,0.0001,,,,,lstm
233148,160,-0.012095,0.005042,1.910894,0.00611,0.02365,0.093667,0.000584,0.068774,0.0001,,,,,lstm
233148,160,-0.014076,0.008315,1.910908,0.00611,0.032833,0.089852,0.000925,0.046489,0.0001,,,,,lstm
233148,160,0.069208,0.00542,1.910904,0.00611,0.027843,0.059561,0.007711,0.049299,0.0001,,,,,lstm
233148,160,-0.02468,0.002835,1.910892,0.00611,0.017962,0.111856,0.002928,0.101255,0.0001,,,,,lstm
233148,160,-0.023172,0.006148,1.91089,0.00611,0.029751,0.127779,0.001508,0.103365,0.0001,,,,,lstm
233148,160,-0.030573,0.006138,1.91089,0.00611,0.024568,0.086904,0.001831,0.074749,0.0001,,,,,lstm
233148,160,0.089679,0.004072,1.910891,0.00611,0.023393,0.07555,0.003778,0.053598,0.0001,,,,,lstm
233148,160,-0.086685,0.007505,1.91089,0.00611,0.028874,0.082994,0.010092,0.061947,0.0001,,,,,lstm
233148,160,0.076471,0.004449,1.910883,0.00611,0.022983,0.066991,0.000589,0.056978,0.0001,,,,,lstm
233148,160,0.045008,0.003968,1.910883,0.00611,0.025643,0.079716,0.002292,0.053168,0.0001,,,,,lstm
238070,164,-0.03867,0.005356,1.910889,0.006094,0.027071,0.037496,0.004044,0.028243,0.0001,,,,,lstm
238070,164,0.07847,0.005528,1.910902,0.006094,0.025061,0.051197,0.003259,0.035076,0.0001,,,,,lstm
238070,164,-0.109615,0.00361,1.910921,0.006094,0.016786,0.038924,0.006877,0.034413,0.0001,,,,,lstm
238070,164,-0.000639,0.005725,1.910937,0.006094,0.026697,0.064789,0.002269,0.039563,0.0001,,,,,lstm
238070,164,-0.034372,0.004244,1.910953,0.006094,0.020323,0.040276,0.003354,0.023486,0.0001,,,,,lstm
238070,164,0.068435,0.005874,1.910971,0.006094,0.026328,0.100827,0.005984,0.049045,0.0001,,,,,lstm
238070,164,-0.038284,0.004865,1.911011,0.006094,0.023501,0.066973,0.001893,0.043405,0.0001,,,,,lstm
238070,164,-0.00359,0.006477,1.91104,0.006094,0.026522,0.054739,0.003179,0.009808,0.0001,,,,,lstm
238070,164,0.083098,0.002675,1.91109,0.006094,0.018948,0.049147,0.005528,0.030466,0.0001,,,,,lstm
238070,164,0.000563,0.006295,1.911131,0.006094,0.028935,0.055492,0.003003,0.035582,0.0001,,,,,lstm
238070,164,-0.025576,0.003373,1.911166,0.006094,0.019456,0.068264,0.0017,0.051353,0.0001,,,,,lstm
238070,164,0.047742,0.006405,1.911199,0.006094,0.02448,0.121565,0.003377,0.087855,0.0001,,,,,lstm
244138,168,-0.012035,0.003781,1.911241,0.006078,0.023475,0.127332,0.004757,0.088741,0.0001,,,,,lstm
244138,168,0.000267,0.003766,1.911274,0.006078,0.02267,0.125628,0.004197,0.054105,0.0001,,,,,lstm
244138,168,-0.084538,0.004366,1.911319,0.006078,0.017557,0.051536,0.000359,0.035749,0.0001,,,,,lstm
244138,168,-0.065456,0.003899,1.91135,0.006078,0.019129,0.067913,0.000467,0.026164,0.0001,,,,,lstm
244138,168,-0.039094,0.004393,1.911388,0.006078,0.024561,0.080096,0.000406,0.054882,0.0001,,,,,lstm
244138,168,0.014539,0.003545,1.911418,0.006078,0.023338,0.065946,0.001409,0.009907,0.0001,,,,,lstm
244138,168,-0.039251,0.004679,1.911442,0.006078,0.023615,0.114946,0.001333,0.066818,0.0001,,,,,lstm
244138,168,-0.107109,0.00278,1.911474,0.006078,0.018647,0.109411,0.005139,0.079157,0.0001,,,,,lstm
244138,168,0.056402,0.004451,1.911514,0.006078,0.027674,0.146901,0.002795,0.105415,0.0001,,,,,lstm
244138,168,-0.085124,0.003217,1.911541,0.006078,0.02229,0.099125,0.003507,0.071901,0.0001,,,,,lstm
244138,168,-0.051939,0.003141,1.911578,0.006078,0.023943,0.079464,0.003006,0.049737,0.0001,,,,,lstm
244138,168,0.050697,0.005484,1.911609,0.006078,0.023928,0.093265,0.002676,0.045017,0.0001,,,,,lstm
250311,172,-0.024083,0.004236,1.911631,0.006062,0.022491,0.073314,0.003772,0.053393,0.0001,,,,,lstm
250311,172,-0.020664,0.004849,1.911656,0.006062,0.024287,0.077436,0.003729,0.062256,0.0001,,,,,lstm
250311,172,-0.045975,0.003349,1.911674,0.006062,0.018154,0.015188,0.001176,0.012859,0.0001,,,,,lstm
250311,172,-0.20218,0.002196,1.911689,0.006062,0.016794,0.060466,0.006426,0.031025,0.0001,,,,,lstm
250311,172,-0.113499,0.003816,1.91171,0.006062,0.018791,0.017397,0.003649,0.010381,0.0001,,,,,lstm
250311,172,-0.009285,0.003589,1.911729,0.006062,0.022672,0.030348,0.000402,0.018306,0.0001,,,,,lstm
250311,172,-0.006835,0.004217,1.911743,0.006062,0.024185,0.05365,0.001394,0.019954,0.0001,,,,,lstm
250311,172,1.019269,0.018256,1.911755,0.006062,0.09217,1.010212,0.053592,0.712747,0.0001,,,,,lstm
250311,172,-0.050088,0.003519,1.911792,0.006062,0.02492,0.04205,0.005527,0.008912,0.0001,,,,,lstm
250311,172,0.031894,0.005681,1.911829,0.006062,0.029273,0.034443,0.002851,0.025886,0.0001,,,,,lstm
250311,172,-0.071586,0.002977,1.911861,0.006062,0.024426,0.026209,0.009386,0.01695,0.0001,,,,,lstm
250311,172,-0.143465,0.00198,1.911887,0.006062,0.019758,0.143515,0.01216,0.100993,0.0001,,,,,lstm
250311,172,-0.08204,0.004267,1.911915,0.006062,0.024024,0.097571,0.007074,0.072883,0.0001,,,,,lstm
250311,172,-0.019855,0.004205,1.911945,0.006062,0.02617,0.165089,0.002581,0.131379,0.0001,,,,,lstm
250311,172,0.007883,0.003802,1.911975,0.006062,0.024105,0.047832,0.000881,0.021103,0.0001,,,,,lstm
250311,172,-0.115265,0.002112,1.911987,0.006062,0.011676,0.127146,0.001351,0.069364,0.0001,,,,,lstm
255340,176,-0.017769,0.005328,1.911983,0.006045,0.02541,0.079991,0.001655,0.036442,0.0001,,,,,lstm
255340,176,0.040557,0.005487,1.911997,0.006045,0.027929,0.053438,0.003957,0.019333,0.0001,,,,,lstm
255340,176,-0.06026,0.002214,1.912018,0.006045,0.01783,0.05083,0.000755,0.029282,0.0001,,,,,lstm
255340,176,-0.072004,0.004015,1.912043,0.006045,0.023139,0.05097,0.00125,0.03816,0.0001,,,,,lstm
255340,176,0.031614,0.004742,1.912071,0.006045,0.02303,0.061051,0.00636,0.013672,0.0001,,,,,lstm
255340,176,0.076872,0.006927,1.912114,0.006045,0.031302,0.095818,0.009924,0.044679,0.0001,,,,,lstm
255340,176,0.008636,0.004728,1.912165,0.006045,0.023391,0.0484,0.00696,0.01293,0.0001,,,,,lstm
255340,176,0.014216,0.004873,1.912216,0.006045,0.024205,0.063069,0.006389,0.03936,0.0001,,,,,lstm
255340,176,-0.060855,0.005356,1.912275,0.006045,0.028457,0.062139,0.005103,0.031836,0.0001,,,,,lstm
255340,176,0.013441,0.004187,1.912345,0.006045,0.021082,0.020259,0.008267,0.012458,0.0001,,,,,lstm
255340,176,-0.078053,0.004769,1.912405,0.006045,0.026823,0.065579,0.003309,0.034796,0.0001,,,,,lstm
255340,176,0.132284,0.007025,1.91248,0.006045,0.02762,0.13999,0.013919,0.043139,0.0001,,,,,lstm
261487,180,0.070763,0.004449,1.912566,0.006029,0.025895,0.041701,0.009323,0.022498,0.0001,,,,,lstm
261487,180,-0.083399,0.003606,1.912637,0.006029,0.017063,0.031311,0.001793,0.009605,0.0001,,,,,lstm
261487,180,-0.087888,0.003973,1.912708,0.006029,0.019814,0.027443,0.001359,0.014117,0.0001,,,,,lstm
261487,180,0.098412,0.001106,1.912771,0.006029,0.00963,0.083109,0.006952,0.055583,0.0001,,,,,lstm
261487,180,-0.050995,0.003171,1.912825,0.006029,0.018541,0.04039,0.001932,0.017233,0.0001,,,,,lstm
261487,180,-0.034128,0.003567,1.91286,0.006029,0.019707,0.056259,0.001915,0.03047,0.0001,,,,,lstm
261487,180,-0.013322,0.005331,1.912904,0.006029,0.024181,0.134407,0.003917,0.088816,0.0001,,,,,lstm
261487,180,0.005062,0.002133,1.912944,0.006029,0.02393,0.230959,0.00324,0.165571,0.0001,,,,,lstm
261487,180,0.047455,0.004708,1.912944,0.006029,0.023046,0.034299,0.008091,0.023612,0.0001,,,,,lstm
261487,180,-0.037064,0.004637,1.912943,0.006029,0.022611,0.034948,0.007696,0.012977,0.0001,,,,,lstm
261487,180,-0.107245,0.002996,1.912936,0.006029,0.01596,0.02553,0.00476,0.018321,0.0001,,,,,lstm
261487,180,-0.009924,0.002233,1.91293,0.006029,0.010522,0.095148,0.007668,0.062531,0.0001,,,,,lstm
261487,180,-0.070103,0.004578,1.912912,0.006029,0.02116,0.042108,0.00948,0.03388,0.0001,,,,,lstm
261487,180,-0.082821,0.002594,1.912892,0.006029,0.017203,0.054673,0.007938,0.043509,0.0001,,,,,lstm
261487,180,0.053143,0.005449,1.912876,0.006029,0.025585,0.056206,0.013667,0.041925,0.0001,,,,,lstm
261487,180,0.163554,0.001068,1.912863,0.006029,0.015273,0.085512,0.011575,0.060905,0.0001,,,,,lstm
265312,184,0.064171,0.006348,1.912833,0.006013,0.029914,0.074791,0.001613,0.067792,0.0001,,,,,lstm
265312,184,-0.059098,0.006346,1.912801,0.006013,0.028783,0.106433,0.007976,0.066294,0.0001,,,,,lstm
265312,184,0.023386,0.004794,1.912791,0.006013,0.028143,0.077199,0.005656,0.056692,0.0001,,,,,lstm
265312,184,-0.009799,0.008152,1.912787,0.006013,0.031826,0.057115,0.010143,0.037533,0.0001,,,,,lstm
265312,184,0.08326,0.00377,1.912792,0.006013,0.021333,0.031298,0.005289,0.029064,0.0001,,,,,lstm
265312,184,-0.078314,0.009391,1.912796,0.006013,0.042219,0.132902,0.015855,0.073754,0.0001,,,,,lstm
265312,184,-0.012686,0.00799,1.912821,0.006013,0.038905,0.077781,0.013392,0.060849,0.0001,,,,,lstm
265312,184,0.03207,0.004579,1.912851,0.006013,0.025101,0.088294,0.010535,0.064073,0.0001,,,,,lstm
271509,188,-0.06855,0.004025,1.912891,0.005997,0.021148,0.052698,0.000713,0.026684,0.0001,,,,,lstm
271509,188,0.035016,0.005131,1.912909,0.005997,0.022974,0.092343,0.004401,0.063796,0.0001,,,,,lstm
271509,188,-0.073447,0.002929,1.91293,0.005997,0.018617,0.06213,0.002277,0.043498,0.0001,,,,,lstm
271509,188,0.217996,0.003231,1.912942,0.005997,0.023831,0.257936,0.007602,0.140995,0.0001,,,,,lstm
271509,188,-0.005245,0.003868,1.912908,0.005997,0.02054,0.111913,0.001973,0.078866,0.0001,,,,,lstm
271509,188,0.01111,0.004535,1.912869,0.005997,0.022327,0.045511,0.004815,0.026961,0.0001,,,,,lstm
271509,188,-0.094442,0.003838,1.912826,0.005997,0.018021,0.051798,0.001231,0.033298,0.0001,,,,,lstm
271509,188,-0.177682,0.002265,1.912783,0.005997,0.01394,0.11982,0.00251,0.078151,0.0001,,,,,lstm
271509,188,-0.017531,0.004515,1.912717,0.005997,0.021431,0.020196,0.005545,0.007512,0.0001,,,,,lstm
271509,188,0.007515,0.005557,1.91265,0.005997,0.021845,0.055556,0.006688,0.031597,0.0001,,,,,lstm
271509,188,-0.0754,0.002552,1.912586,0.005997,0.017018,0.101241,0.002298,0.083426,0.0001,,,,,lstm
271509,188,-0.177006,0.001851,1.912532,0.005997,0.010882,0.114381,0.001081,0.064935,0.0001,,,,,lstm
271509,188,-0.037862,0.003647,1.912518,0.005997,0.020392,0.092217,0.004912,0.076925,0.0001,,,,,lstm
271509,188,-0.032273,0.00459,1.912508,0.005997,0.018621,0.063224,0.006141,0.051342,0.0001,,,,,lstm
271509,188,-0.019881,0.004447,1.912502,0.005997,0.020229,0.053834,0.007594,0.036699,0.0001,,,,,lstm
271509,188,-0.099474,0.002702,1.912485,0.005997,0.01895,0.163967,0.003385,0.114112,0.0001,,,,,lstm
276434,192,-0.050151,0.007822,1.912442,0.005981,0.030294,0.11212,0.00514,0.061938,0.0001,,,,,lstm
276434,192,0.077072,0.003308,1.912377,0.005981,0.021098,0.057125,0.002939,0.034223,0.0001,,,,,lstm
276434,192,-0.066205,0.001919,1.912336,0.005981,0.013529,0.055652,0.004082,0.036689,0.0001,,,,,lstm
276434,192,0.03308,0.00538,1.912299,0.005981,0.023209,0.037176,0.001522,0.012625,0.0001,,,,,lstm
276434,192,0.013007,0.003724,1.912273,0.005981,0.021931,0.014983,0.001891,0.003775,0.0001,,,,,lstm
276434,192,-0.108679,0.006724,1.912255,0.005981,0.026861,0.181979,0.00492,0.10345,0.0001,,,,,lstm
276434,192,-0.033131,0.005877,1.912189,0.005981,0.025239,0.087595,0.002029,0.048973,0.0001,,,,,lstm
276434,192,0.085895,0.004489,1.912125,0.005981,0.024112,0.045306,0.010369,0.026705,0.0001,,,,,lstm
276434,192,-0.125284,0.004195,1.912079,0.005981,0.020394,0.064915,0.001433,0.011298,0.0001,,,,,lstm
276434,192,-0.024378,0.004953,1.912012,0.005981,0.023765,0.024148,0.00768,0.0156,0.0001,,,,,lstm
276434,192,0.015176,0.003037,1.911945,0.005981,0.018752,0.047102,0.009892,0.032246,0.0001,,,,,lstm
276434,192,0.026874,0.010569,1.911896,0.005981,0.046911,0.124557,0.00886,0.074967,0.0001,,,,,lstm
282655,196,-0.076797,0.0041,1.911888,0.005964,0.021006,0.053091,0.00278,0.029177,0.0001,,,,,lstm
282655,196,-0.013956,0.004818,1.911892,0.005964,0.020468,0.045348,0.004165,0.020795,0.0001,,,,,lstm
282655,196,-0.010698,0.003054,1.9119,0.005964,0.019682,0.006753,0.002521,0.005417,0.0001,,,,,lstm
282655,196,-0.079882,0.013413,1.911908,0.005964,0.013519,0.110936,0.00025,0.044787,0.0001,,,,,lstm
282655,196,0.0376,0.004517,1.911899,0.005964,0.02411,0.055445,0.002974,0.038437,0.0001,,,,,lstm
282655,196,-0.05386,0.003275,1.911883,0.005964,0.022075,0.028157,0.002203,0.011544,0.0001,,,,,lstm
282655,196,-0.106729,0.004474,1.911876,0.005964,0.020687,0.074879,0.004561,0.039753,0.0001,,,,,lstm
282655,196,0.307325,0.003692,1.911882,0.005964,0.031665,0.367455,0.009483,0.185614,0.0001,,,,,lstm
282655,196,-0.056758,0.005026,1.911952,0.005964,0.024175,0.076129,0.001639,0.043727,0.0001,,,,,lstm
282655,196,-0.03333,0.003201,1.91203,0.005964,0.02213,0.051061,0.000679,0.035039,0.0001,,,,,lstm
282655,196,-0.004513,0.004265,1.912099,0.005964,0.021593,0.040583,0.001627,0.021923,0.0001,,,,,lstm
282655,196,-0.192415,0.001903,1.912158,0.005964,0.014627,0.122542,0.005566,0.089239,0.0001,,,,,lstm
282655,196,0.001302,0.005144,1.912219,0.005964,0.024348,0.083963,0.004776,0.029745,0.0001,,,,,lstm
282655,196,-0.050441,0.003194,1.912279,0.005964,0.018428,0.039276,0.002774,0.026687,0.0001,,,,,lstm
282655,196,-0.044071,0.004344,1.912338,0.005964,0.02134,0.05283,0.004499,0.028726,0.0001,,,,,lstm
282655,196,-0.207701,0.002151,1.91239,0.005964,0.01342,0.079335,0.002455,0.053006,0.0001,,,,,lstm
288989,200,-0.065463,0.005425,1.912449,0.005948,0.025027,0.055912,0.005045,0.036158,0.0001,,,,,lstm
288989,200,-0.038059,0.003312,1.91249,0.005948,0.020884,0.034781,0.004981,0.019929,0.0001,,,,,lstm
288989,200,0.010498,0.003643,1.91253,0.005948,0.022075,0.027138,0.00657,0.024842,0.0001,,,,,lstm
288989,200,-0.044697,0.001773,1.912569,0.005948,0.015967,0.064014,0.00359,0.042867,0.0001,,,,,lstm
288989,200,0.001158,0.004649,1.912593,0.005948,0.024275,0.071401,0.004908,0.048762,0.0001,,,,,lstm
288989,200,0.048172,0.004454,1.912608,0.005948,0.025284,0.049444,0.005761,0.039807,0.0001,,,,,lstm
288989,200,-0.14133,0.003036,1.912618,0.005948,0.019437,0.033634,0.003715,0.024227,0.0001,,,,,lstm
288989,200,-0.040156,0.002155,1.91263,0.005948,0.015428,0.037495,0.001817,0.02059,0.0001,,,,,lstm
288989,200,-0.113686,0.002869,1.91264,0.005948,0.020941,0.038937,0.004807,0.02262,0.0001,,,,,lstm
288989,200,0.019514,0.004794,1.912654,0.005948,0.025486,0.114078,0.000581,0.096143,0.0001,,,,,lstm
288989,200,-0.024995,0.004231,1.912667,0.005948,0.025936,0.047918,0.001542,0.036544,0.0001,,,,,lstm
288989,200,0.233723,0.003841,1.912671,0.005948,0.027859,0.11211,0.00698,0.047461,0.0001,,,,,lstm
288989,200,0.011276,0.004422,1.912668,0.005948,0.025505,0.028594,0.001895,0.013534,0.0001,,,,,lstm
288989,200,-0.003799,0.004076,1.912657,0.005948,0.025161,0.042967,0.002768,0.035042,0.0001,,,,,lstm
288989,200,-0.099309,0.003463,1.912646,0.005948,0.025828,0.024345,0.007168,0.012595,0.0001,,,,,lstm
288989,200,-0.029738,0.001841,1.912637,0.005948,0.020847,0.048484,0.005613,0.018151,0.0001,,,,,lstm
295124,204,-0.015386,0.004139,1.912618,0.005932,0.022308,0.086063,0.003058,0.05807,0.0001,,,,,lstm
295124,204,0.02525,0.004452,1.912613,0.005932,0.024272,0.074097,0.005472,0.038321,0.0001,,,,,lstm
295124,204,-0.098617,0.003941,1.91259,0.005932,0.020341,0.034246,0.001496,0.017668,0.0001,,,,,lstm
295124,204,-0.411564,0.003027,1.912575,0.005932,0.014459,0.727716,0.010657,0.45222,0.0001,,,,,lstm
295124,204,0.060074,0.004676,1.912495,0.005932,0.024689,0.049494,0.009024,0.028282,0.0001,,,,,lstm
295124,204,-0.031444,0.004647,1.912418,0.005932,0.025092,0.085024,0.007922,0.065848,0.0001,,,,,lstm
295124,204,-0.122699,0.003827,1.912353,0.005932,0.019695,0.13865,0.005302,0.114652,0.0001,,,,,lstm
295124,204,0.295845,0.001724,1.912298,0.005932,0.02938,0.187828,0.019442,0.12489,0.0001,,,,,lstm
295124,204,0.036355,0.006351,1.91222,0.005932,0.027556,0.143724,0.012071,0.110098,0.0001,,,,,lstm
295124,204,-0.043681,0.004088,1.912143,0.005932,0.021686,0.043322,0.006024,0.029325,0.0001,,,,,lstm
295124,204,-0.082371,0.002587,1.912069,0.005932,0.017642,0.045665,0.001459,0.028995,0.0001,,,,,lstm
295124,204,0.007919,0.001236,1.912,0.005932,0.004713,0.037857,0.002166,0.014642,0.0001,,,,,lstm
295124,204,-0.041286,0.003912,1.911951,0.005932,0.018778,0.022631,0.00017,0.012682,0.0001,,,,,lstm
295124,204,0.002743,0.004629,1.911906,0.005932,0.025447,0.104558,0.000735,0.084957,0.0001,,,,,lstm
295124,204,-0.054795,0.00351,1.911863,0.005932,0.024383,0.073876,0.004715,0.049492,0.0001,,,,,lstm
295124,204,0.071039,0.001674,1.911826,0.005932,0.001667,0.051151,0.000586,0.040941,0.0001,,,,,lstm
301161,208,0.113843,0.005505,1.911786,0.005916,0.028388,0.080672,0.001528,0.0598,0.0001,,,,,lstm
301161,208,-0.042914,0.00602,1.911736,0.005916,0.025472,0.063941,0.010473,0.045122,0.0001,,,,,lstm
301161,208,-0.038252,0.004557,1.911678,0.005916,0.022872,0.071919,0.010131,0.057749,0.0001,,,,,lstm
301161,208,-0.029081,0.006152,1.911626,0.005916,0.028884,0.093504,0.010111,0.064421,0.0001,,,,,lstm
301161,208,0.006746,0.003344,1.911572,0.005916,0.020131,0.024222,0.006952,0.014128,0.0001,,,,,lstm
301161,208,0.061265,0.006737,1.911521,0.005916,0.030711,0.093654,0.005174,0.062751,0.0001,,,,,lstm
301161,208,-0.019922,0.007117,1.911458,0.005916,0.03028,0.075051,0.009023,0.06532,0.0001,,,,,lstm
301161,208,0.008584,0.003053,1.911394,0.005916,0.021508,0.092958,0.005309,0.084097,0.0001,,,,,lstm
301161,208,0.049024,0.006194,1.911337,0.005916,0.025846,0.058708,0.002655,0.044344,0.0001,,,,,lstm
301161,208,0.077239,0.006967,1.911276,0.005916,0.033619,0.100612,0.000561,0.085441,0.0001,,,,,lstm
301161,208,-0.055822,0.004637,1.911209,0.005916,0.020648,0.027026,0.006438,0.007619,0.0001,,,,,lstm
301161,208,0.01725,0.004631,1.911147,0.005916,0.018043,0.031597,0.000622,0.02182,0.0001,,,,,lstm
307078,212,-0.022821,0.006697,1.911089,0.0059,0.028391,0.085391,0.004605,0.037991,0.0001,,,,,lstm
307078,212,0.053043,0.003977,1.91105,0.0059,0.020388,0.032564,0.006196,0.021262,0.0001,,,,,lstm
307078,212,-0.017171,0.003586,1.911021,0.0059,0.016247,0.043162,0.00305,0.030677,0.0001,,,,,lstm
307078,212,0.045473,0.004371,1.910997,0.0059,0.022863,0.05454,0.006165,0.034236,0.0001,,,,,lstm
307078,212,-0.020704,0.003519,1.910983,0.0059,0.014383,0.031947,0.003587,0.01615,0.0001,,,,,lstm
307078,212,-0.010679,0.006662,1.91097,0.0059,0.029617,0.10898,0.00512,0.073896,0.0001,,,,,lstm
307078,212,0.100043,0.004486,1.910968,0.0059,0.021791,0.102865,0.009161,0.086638,0.0001,,,,,lstm
307078,212,-0.051083,0.004508,1.910976,0.0059,0.019234,0.026894,0.002353,0.014829,0.0001,,,,,lstm
307078,212,-0.036594,0.005291,1.910977,0.0059,0.02457,0.053351,0.00457,0.022534,0.0001,,,,,lstm
307078,212,0.022074,0.006338,1.910993,0.0059,0.029309,0.070555,0.003381,0.03361,0.0001,,,,,lstm
307078,212,-0.027676,0.003439,1.911018,0.0059,0.015967,0.056468,0.00265,0.02796,0.0001,,,,,lstm
307078,212,0.023938,0.004146,1.91105,0.0059,0.019629,0.057375,0.00161,0.034127,0.0001,,,,,lstm
313391,216,-0.074733,0.003704,1.911086,0.005883,0.021395,0.050896,0.004385,0.022817,0.0001,,,,,lstm
313391,216,0.120686,0.005149,1.911115,0.005883,0.027567,0.107593,0.003184,0.058854,0.0001,,,,,lstm
313391,216,-0.147478,0.003223,1.911153,0.005883,0.020583,0.020783,0.008289,0.011162,0.0001,,,,,lstm
313391,216,-0.072665,0.002074,1.911189,0.005883,0.015302,0.086034,0.006173,0.048891,0.0001,,,,,lstm
313391,216,-0.02978,0.002858,1.911224,0.005883,0.018944,0.021609,0.004837,0.016405,0.0001,,,,,lstm
313391,216,-0.059991,0.00439,1.911251,0.005883,0.02616,0.086846,0.005175,0.054185,0.0001,,,,,lstm
313391,216,-0.028455,0.00439,1.911282,0.005883,0.025382,0.111741,0.003667,0.089954,0.0001,,,,,lstm
313391,216,0.099067,0.008128,1.911304,0.005883,0.042798,0.359422,0.006047,0.231519,0.0001,,,,,lstm
313391,216,-0.132923,0.002859,1.911371,0.005883,0.017747,0.018407,0.003109,0.010343,0.0001,,,,,lstm
313391,216,-0.026096,0.004217,1.911434,0.005883,0.019863,0.035821,0.004585,0.01617,0.0001,,,,,lstm
313391,216,0.05641,0.00566,1.911479,0.005883,0.025503,0.112217,0.010782,0.058293,0.0001,,,,,lstm
313391,216,-0.03918,0.002111,1.911536,0.005883,0.014417,0.084672,0.008062,0.051366,0.0001,,,,,lstm
313391,216,0.008771,0.004259,1.911585,0.005883,0.023654,0.08289,0.012796,0.049189,0.0001,,,,,lstm
313391,216,-0.068609,0.004918,1.911622,0.005883,0.021199,0.06745,0.011994,0.059669,0.0001,,,,,lstm
313391,216,-0.028536,0.003878,1.911657,0.005883,0.023183,0.056151,0.014087,0.03311,0.0001,,,,,lstm
313391,216,-0.235791,0.008893,1.911704,0.005883,0.011662,0.140154,0.006936,0.076745,0.0001,,,,,lstm
318404,220,-0.02042,0.004336,1.911733,0.005867,0.023104,0.060906,0.001278,0.03976,0.0001,,,,,lstm
318404,220,-0.070306,0.003659,1.911766,0.005867,0.020494,0.100674,0.004391,0.077309,0.0001,,,,,lstm
318404,220,0.205559,0.007889,1.911806,0.005867,0.030469,0.111241,0.008379,0.03354,0.0001,,,,,lstm
318404,220,0.033949,0.003898,1.911804,0.005867,0.023395,0.018743,0.001658,0.016763,0.0001,,,,,lstm
318404,220,-0.072464,0.005089,1.911803,0.005867,0.025849,0.0422,0.00861,0.024601,0.0001,,,,,lstm
318404,220,0.088792,0.005631,1.911806,0.005867,0.030139,0.080948,0.002418,0.057427,0.0001,,,,,lstm
318404,220,-0.091353,0.005212,1.91179,0.005867,0.027049,0.076312,0.009422,0.063386,0.0001,,,,,lstm
318404,220,0.048141,0.00483,1.911787,0.005867,0.02463,0.074347,0.00091,0.051659,0.0001,,,,,lstm
318404,220,0.097165,0.003475,1.911776,0.005867,0.024692,0.104776,0.003336,0.074928,0.0001,,,,,lstm
318404,220,0.074153,0.005213,1.911751,0.005867,0.027588,0.039905,0.003707,0.02376,0.0001,,,,,lstm
318404,220,-0.043999,0.003928,1.91172,0.005867,0.020042,0.054037,0.001851,0.039096,0.0001,,,,,lstm
318404,220,-0.057757,0.005413,1.911689,0.005867,0.022712,0.064773,0.002686,0.026272,0.0001,,,,,lstm
324593,224,0.009313,0.004495,1.911663,0.005851,0.022005,0.081991,0.008617,0.056313,0.0001,,,,,lstm
324593,224,-0.030258,0.004635,1.911625,0.005851,0.021565,0.026058,0.007542,0.021016,0.0001,,,,,lstm
324593,224,-0.070402,0.003473,1.911588,0.005851,0.019764,0.028426,0.005834,0.018065,0.0001,,,,,lstm
324593,224,-0.083342,0.002031,1.911558,0.005851,0.019432,0.155801,0.004581,0.132717,0.0001,,,,,lstm
324593,224,-0.070394,0.004286,1.91153,0.005851,0.020393,0.063207,0.007221,0.054547,0.0001,,,,,lstm
324593,224,-0.050071,0.004302,1.91151,0.005851,0.019462,0.144728,0.007462,0.127384,0.0001,,,,,lstm
324593,224,-0.000141,0.003717,1.911495,0.005851,0.019837,0.154474,0.006955,0.137092,0.0001,,,,,lstm
324593,224,0.604508,0.005555,1.911471,0.005851,0.048376,0.453982,0.025332,0.271684,0.0001,,,,,lstm
324593,224,-4.5e-05,0.003639,1.911398,0.005851,0.02472,0.032906,0.001311,0.010205,0.0001,,,,,lstm
324593,224,-0.016164,0.005052,1.911321,0.005851,0.031931,0.041357,0.005819,0.035575,0.0001,,,,,lstm
324593,224,-0.072434,0.003186,1.911255,0.005851,0.028495,0.049589,0.013349,0.02793,0.0001,,,,,lstm
324593,224,-0.112362,0.001805,1.91119,0.005851,0.025729,0.087565,0.017634,0.068389,0.0001,,,,,lstm
324593,224,-0.054776,0.003057,1.911124,0.005851,0.036882,0.053444,0.017105,0.049394,0.0001,,,,,lstm
324593,224,-0.025124,0.004385,1.911058,0.005851,0.037691,0.085301,0.015286,0.077083,0.0001,,,,,lstm
324593,224,-0.023357,0.004703,1.910988,0.005851,0.03706,0.086997,0.013876,0.083672,0.0001,,,,,lstm
324593,224,0.209133,0.002196,1.910928,0.005851,0.023993,0.152853,0.003444,0.096734,0.0001,,,,,lstm
330807,228,-0.070437,0.004095,1.910841,0.005835,0.019272,0.052714,0.001588,0.044723,0.0001,,,,,lstm
330807,228,0.051045,0.003757,1.91077,0.005835,0.023556,0.081879,0.005329,0.055833,0.0001,,,,,lstm
330807,228,-0.071708,0.004688,1.910716,0.005835,0.019961,0.020714,0.003921,0.004302,0.0001,,,,,lstm
330807,228,-0.15503,0.001885,1.910664,0.005835,0.011496,0.099238,0.001939,0.041498,0.0001,,,,,lstm
330807,228,-0.027114,0.003273,1.910649,0.005835,0.018655,0.095422,0.009224,0.082389,0.0001,,,,,lstm
330807,228,-0.096139,0.004064,1.910632,0.005835,0.019309,0.161161,0.009258,0.137822,0.0001,,,,,lstm
330807,228,0.020807,0.005245,1.910633,0.005835,0.022828,0.13193,0.012976,0.107982,0.0001,,,,,lstm
330807,228,0.08816,0.014216,1.910625,0.005835,0.045045,0.35419,0.022877,0.256337,0.0001,,,,,lstm
330807,228,-0.073386,0.003077,1.91065,0.005835,0.017117,0.044335,0.001608,0.027079,0.0001,,,,,lstm
330807,228,-0.055996,0.004159,1.910681,0.005835,0.021253,0.062164,0.002053,0.046855,0.0001,,,,,lstm
330807,228,-0.016102,0.004325,1.910706,0.005835,0.027199,0.149293,0.00395,0.122952,0.0001,,,,,lstm
330807,228,0.888269,0.018422,1.910735,0.005835,0.079091,0.749927,0.036107,0.514214,0.0001,,,,,lstm
330807,228,0.03212,0.005649,1.910751,0.005835,0.029911,0.136915,0.003708,0.117824,0.0001,,,,,lstm
330807,228,-0.054781,0.003581,1.910772,0.005835,0.023844,0.095231,0.005736,0.071879,0.0001,,,,,lstm
330807,228,-0.073251,0.003105,1.910796,0.005835,0.020993,0.05163,0.004409,0.033837,0.0001,,,,,lstm
330807,228,-0.041068,0.001794,1.910818,0.005835,0.013224,0.051717,0.002267,0.012769,0.0001,,,,,lstm
337027,232,-0.014315,0.003991,1.910853,0.005819,0.021772,0.036497,0.002415,0.021872,0.0001,,,,,lstm
337027,232,-0.007087,0.004851,1.91088,0.005819,0.023089,0.095354,0.004711,0.050613,0.0001,,,,,lstm
337027,232,-0.054068,0.00367,1.910894,0.005819,0.017344,0.043434,0.003383,0.02442,0.0001,,,,,lstm
337027,232,-0.343446,0.002175,1.910911,0.005819,0.010089,0.205686,0.005864,0.157581,0.0001,,,,,lstm
337027,232,0.02361,0.004473,1.910917,0.005819,0.022687,0.100854,0.007621,0.08396,0.0001,,,,,lstm
337027,232,-0.076252,0.004129,1.91091,0.005819,0.017129,0.048882,0.003264,0.035742,0.0001,,,,,lstm
337027,232,-0.032778,0.004034,1.910902,0.005819,0.021245,0.035853,0.004198,0.020936,0.0001,,,,,lstm
337027,232,-0.189315,0.001764,1.910897,0.005819,0.010928,0.104891,0.003652,0.068628,0.0001,,,,,lstm
337027,232,0.086078,0.004301,1.910896,0.005819,0.024613,0.065019,0.006332,0.034656,0.0001,,,,,lstm
337027,232,-0.043711,0.004617,1.910902,0.005819,0.021167,0.058026,0.000773,0.031121,0.0001,,,,,lstm
337027,232,-0.125069,0.003458,1.910893,0.005819,0.020264,0.022035,0.005534,0.011942,0.0001,,,,,lstm
337027,232,-0.221038,0.002113,1.910879,0.005819,0.024979,0.16344,0.011375,0.110562,0.0001,,,,,lstm
337027,232,-0.022,0.003608,1.910884,0.005819,0.02356,0.041176,0.004593,0.02863,0.0001,,,,,lstm
337027,232,-0.096998,0.002761,1.910887,0.005819,0.023239,0.034922,0.008573,0.020715,0.0001,,,,,lstm
337027,232,-0.011856,0.005411,1.910886,0.005819,0.030078,0.059274,0.004729,0.040796,0.0001,,,,,lstm
337027,232,0.660701,0.009082,1.910879,0.005819,0.049787,0.736082,0.021977,0.391598,0.0001,,,,,lstm
343178,236,0.063455,0.004546,1.910845,0.005802,0.025375,0.050811,0.004259,0.028912,0.0001,,,,,lstm
343178,236,-0.016963,0.00475,1.910822,0.005802,0.02108,0.023415,0.002786,0.006763,0.0001,,,,,lstm
343178,236,-0.159395,0.002891,1.910809,0.005802,0.026305,0.034488,0.011057,0.028225,0.0001,,,,,lstm
343178,236,1.634423,0.012594,1.910799,0.005802,0.095945,1.080442,0.055245,0.272362,0.0001,,,,,lstm
343178,236,-0.047896,0.003644,1.910626,0.005802,0.036369,0.023155,0.015417,0.018862,0.0001,,,,,lstm
343178,236,0.000535,0.004706,1.910476,0.005802,0.043329,0.061616,0.018038,0.042588,0.0001,,,,,lstm
343178,236,-0.044289,0.004208,1.910341,0.005802,0.04332,0.071999,0.023639,0.051822,0.0001,,,,,lstm
343178,236,0.273525,0.001443,1.910218,0.005802,0.019292,0.055638,0.014568,0.05064,0.0001,,,,,lstm
343178,236,-0.069547,0.004279,1.910098,0.005802,0.046397,0.097851,0.027375,0.069785,0.0001,,,,,lstm
343178,236,-0.116899,0.003303,1.909989,0.005802,0.042237,0.146624,0.027828,0.092023,0.0001,,,,,lstm
343178,236,0.099423,0.005377,1.909904,0.005802,0.047176,0.155091,0.014195,0.106748,0.0001,,,,,lstm
343178,236,-0.127371,0.002526,1.909822,0.005802,0.029337,0.108309,0.022291,0.070101,0.0001,,,,,lstm
343178,236,-0.029896,0.005014,1.90974,0.005802,0.030867,0.096718,0.006873,0.066141,0.0001,,,,,lstm
343178,236,0.017181,0.003842,1.909679,0.005802,0.024528,0.074533,0.001329,0.043864,0.0001,,,,,lstm
343178,236,-0.073834,0.003435,1.909626,0.005802,0.024259,0.028229,0.004049,0.009872,0.0001,,,,,lstm
343178,236,-0.035944,0.001978,1.909571,0.005802,0.021777,0.17877,0.012643,0.107059,0.0001,,,,,lstm
349427,240,-0.041887,0.003644,1.909547,0.005786,0.020106,0.037273,0.002821,0.01068,0.0001,,,,,lstm
349427,240,-0.005733,0.004794,1.909529,0.005786,0.023664,0.029911,0.007192,0.015946,0.0001,,,,,lstm
349427,240,-0.054065,0.004019,1.909509,0.005786,0.02168,0.066145,0.007536,0.045246,0.0001,,,,,lstm
349427,240,-0.00506,0.001892,1.909476,0.005786,0.018463,0.058752,0.008889,0.027333,0.0001,,,,,lstm
349427,240,-0.032932,0.004492,1.909455,0.005786,0.023698,0.067949,0.009415,0.040206,0.0001,,,,,lstm
349427,240,-0.009785,0.004617,1.909432,0.005786,0.022118,0.03784,0.009429,0.02633,0.0001,,,,,lstm
349427,240,-0.045585,0.00354,1.909405,0.005786,0.020177,0.057727,0.006777,0.04675,0.0001,,,,,lstm
349427,240,-0.202676,0.001924,1.909376,0.005786,0.009149,0.112645,0.001205,0.055564,0.0001,,,,,lstm
349427,240,0.105789,0.005337,1.909363,0.005786,0.026965,0.098029,0.010837,0.07157,0.0001,,,,,lstm
349427,240,-0.10458,0.0028,1.909346,0.005786,0.017678,0.026675,0.001103,0.010778,0.0001,,,,,lstm
349427,240,-0.089223,0.004193,1.909322,0.005786,0.019617,0.068751,0.000914,0.042566,0.0001,,,,,lstm
349427,240,-0.202609,0.002046,1.909298,0.005786,0.017322,0.146707,0.007068,0.07735,0.0001,,,,,lstm
349427,240,-0.086897,0.002489,1.90928,0.005786,0.01871,0.061777,0.002506,0.039344,0.0001,,,,,lstm
349427,240,0.076718,0.006,1.90926,0.005786,0.026791,0.099897,0.004793,0.058354,0.0001,,,,,lstm
349427,240,-0.079798,0.003775,1.909235,0.005786,0.019991,0.076386,0.001851,0.04973,0.0001,,,,,lstm
349427,240,-0.144404,0.001767,1.909205,0.005786,0.011469,0.12832,0.005617,0.096223,0.0001,,,,,lstm
353178,244,-0.004034,0.005763,1.909175,0.00577,0.029464,0.071963,0.004775,0.012218,0.0001,,,,,lstm
353178,244,0.016678,0.006584,1.909133,0.00577,0.033804,0.092243,0.003737,0.040152,0.0001,,,,,lstm
353178,244,-0.067113,0.007962,1.909104,0.00577,0.038878,0.106601,0.007901,0.030174,0.0001,,,,,lstm
353178,244,0.091314,0.004023,1.909075,0.00577,0.023187,0.039513,0.002684,0.017374,0.0001,,,,,lstm
353178,244,-0.020532,0.008039,1.909042,0.00577,0.038152,0.100703,0.004862,0.030242,0.0001,,,,,lstm
353178,244,0.036914,0.003948,1.909011,0.00577,0.025106,0.047023,0.00131,0.017249,0.0001,,,,,lstm
353178,244,0.036367,0.005735,1.908974,0.00577,0.031363,0.081204,0.002284,0.033559,0.0001,,,,,lstm
353178,244,-0.028706,0.006601,1.908937,0.00577,0.034124,0.069787,0.003339,0.027611,0.0001,,,,,lstm
358163,248,-0.019126,0.002742,1.9089,0.005754,0.019908,0.015737,0.00355,0.00972,0.0001,,,,,lstm
358163,248,0.047916,0.005941,1.908868,0.005754,0.03077,0.054495,0.001998,0.035472,0.0001,,,,,lstm
358163,248,-0.080257,0.005744,1.908851,0.005754,0.028631,0.120595,0.006806,0.101836,0.0001,,,,,lstm
358163,248,-0.022144,0.006086,1.908828,0.005754,0.026953,0.033677,0.001639,0.029266,0.0001,,,,,lstm
358163,248,-0.058985,0.003248,1.908804,0.005754,0.02306,0.053336,0.001313,0.025313,0.0001,,,,,lstm
358163,248,0.166396,0.004551,1.908795,0.005754,0.030201,0.080896,0.01067,0.020278,0.0001,,,,,lstm
358163,248,0.091694,0.004952,1.90878,0.005754,0.027964,0.091455,0.008992,0.070887,0.0001,,,,,lstm
358163,248,-0.06073,0.002745,1.908777,0.005754,0.021243,0.025551,0.002257,0.019096,0.0001,,,,,lstm
358163,248,-0.08136,0.008592,1.908775,0.005754,0.035339,0.089316,0.002666,0.047535,0.0001,,,,,lstm
358163,248,0.000697,0.00417,1.908756,0.005754,0.023902,0.067549,0.006358,0.046451,0.0001,,,,,lstm
358163,248,0.033505,0.005221,1.908746,0.005754,0.029959,0.033216,0.007407,0.0177,0.0001,,,,,lstm
358163,248,-0.088603,0.00504,1.908731,0.005754,0.030439,0.114172,0.002928,0.054634,0.0001,,,,,lstm
364288,252,-0.051655,0.004603,1.908738,0.005738,0.02455,0.01661,0.008788,0.01361,0.0001,,,,,lstm
364288,252,0.038396,0.005201,1.908744,0.005738,0.02927,0.043662,0.01251,0.019188,0.0001,,,,,lstm
364288,252,-0.070042,0.002923,1.908738,0.005738,0.02313,0.041511,0.007243,0.022939,0.0001,,,,,lstm
364288,252,0.022165,0.001318,1.908733,0.005738,0.013829,0.012313,0.009216,0.013589,0.0001,,,,,lstm
364288,252,0.017772,0.003839,1.908727,0.005738,0.024512,0.044957,0.00759,0.027294,0.0001,,,,,lstm
364288,252,-0.007056,0.004414,1.908714,0.005738,0.025713,0.083286,0.004847,0.050041,0.0001,,,,,lstm
364288,252,-0.095848,0.004042,1.908689,0.005738,0.024916,0.045053,0.001628,0.033311,0.0001,,,,,lstm
364288,252,0.140148,0.001347,1.908676,0.005738,0.006367,0.198959,0.004304,0.156206,0.0001,,,,,lstm
364288,252,-0.034663,0.004145,1.908679,0.005738,0.027068,0.051617,0.00191,0.034915,0.0001,,,,,lstm
364288,252,-0.054882,0.003256,1.908682,0.005738,0.022962,0.025553,0.004332,0.016762,0.0001,,,,,lstm
364288,252,0.005395,0.004432,1.908684,0.005738,0.025257,0.051307,0.002103,0.023649,0.0001,,,,,lstm
364288,252,0.161138,0.001009,1.908674,0.005738,0.001793,0.134474,0.001166,0.066107,0.0001,,,,,lstm
364288,252,-0.003348,0.005474,1.908682,0.005738,0.029321,0.064069,0.003474,0.037831,0.0001,,,,,lstm
364288,252,-0.04559,0.002694,1.908678,0.005738,0.024273,0.071087,0.006724,0.055016,0.0001,,,,,lstm
364288,252,-0.035721,0.00353,1.908662,0.005738,0.026149,0.054092,0.00589,0.038629,0.0001,,,,,lstm
364288,252,0.0826,0.001347,1.908654,0.005738,0.005585,0.047961,0.003972,0.032326,0.0001,,,,,lstm
370446,256,0.003198,0.004685,1.908658,0.005721,0.023987,0.070139,0.006609,0.03755,0.0001,,,,,lstm
370446,256,-0.02136,0.004393,1.908666,0.005721,0.021737,0.067093,0.005866,0.036929,0.0001,,,,,lstm
370446,256,-0.082744,0.003025,1.908689,0.005721,0.019648,0.034018,0.002686,0.030013,0.0001,,,,,lstm
370446,256,0.40709,0.001781,1.908705,0.005721,0.026118,0.141675,0.017884,0.097005,0.0001,,,,,lstm
370446,256,0.031544,0.004664,1.908732,0.005721,0.022974,0.03547,0.006012,0.021031,0.0001,,,,,lstm
370446,256,-0.007974,0.003579,1.908759,0.005721,0.023156,0.028109,0.00337,0.015419,0.0001,,,,,lstm
370446,256,-0.110421,0.003679,1.908791,0.005721,0.017783,0.045746,0.00176,0.018406,0.0001,,,,,lstm
370446,256,-0.214694,0.002404,1.908826,0.005721,0.018856,0.130133,0.006431,0.111816,0.0001,,,,,lstm
370446,256,-0.05253,0.003419,1.908859,0.005721,0.019106,0.050298,0.000742,0.029003,0.0001,,,,,lstm
370446,256,-0.009403,0.004191,1.908895,0.005721,0.022392,0.040144,0.00283,0.026556,0.0001,,,,,lstm
370446,256,-0.022546,0.004243,1.908929,0.005721,0.02135,0.038063,0.002295,0.022289,0.0001,,,,,lstm
370446,256,-0.26952,0.00231,1.908965,0.005721,0.012719,0.174276,0.005258,0.140904,0.0001,,,,,lstm
370446,256,-0.061418,0.00295,1.909003,0.005721,0.020656,0.030251,0.001472,0.013482,0.0001,,,,,lstm
370446,256,0.010701,0.004186,1.909038,0.005721,0.020354,0.056518,0.004552,0.029976,0.0001,,,,,lstm
370446,256,-0.061973,0.00476,1.909087,0.005721,0.020539,0.052234,0.002616,0.031749,0.0001,,,,,lstm
370446,256,0.911417,0.006036,1.90913,0.005721,0.048828,1.130426,0.036562,0.603571,0.0001,,,,,lstm
376563,260,-0.1553,0.002593,1.909223,0.005705,0.021275,0.065825,0.006619,0.039178,0.0001,,,,,lstm
376563,260,0.033614,0.005235,1.909316,0.005705,0.033664,0.07951,0.005964,0.062436,0.0001,,,,,lstm
376563,260,0.047977,0.003935,1.909406,0.005705,0.036051,0.041974,0.013082,0.01915,0.0001,,,,,lstm
376563,260,-0.02796,0.003502,1.909496,0.005705,0.041373,0.113605,0.021058,0.073319,0.0001,,,,,lstm
376563,260,-0.042221,0.003653,1.909589,0.005705,0.04098,0.095475,0.023511,0.066909,0.0001,,,,,lstm
376563,260,-0.007008,0.005278,1.909683,0.005705,0.04656,0.061351,0.020458,0.042547,0.0001,,,,,lstm
376563,260,-0.116394,0.00394,1.909763,0.005705,0.041495,0.15742,0.022955,0.098553,0.0001,,,,,lstm
376563,260,0.053375,0.004766,1.909844,0.005705,0.039637,0.135442,0.010394,0.08669,0.0001,,,,,lstm
376563,260,-0.014715,0.003283,1.90991,0.005705,0.024002,0.049217,0.006745,0.025626,0.0001,,,,,lstm
376563,260,-0.096108,0.003913,1.909983,0.005705,0.023603,0.050121,0.002371,0.018873,0.0001,,,,,lstm
376563,260,0.045127,0.004246,1.910059,0.005705,0.027343,0.12413,0.008321,0.070683,0.0001,,,,,lstm
376563,260,-0.025295,0.004346,1.910144,0.005705,0.027853,0.046971,0.011986,0.012993,0.0001,,,,,lstm
382743,264,-0.114005,0.003422,1.910212,0.005689,0.020675,0.044574,0.001022,0.022839,0.0001,,,,,lstm
382743,264,-0.002464,0.004727,1.910287,0.005689,0.024607,0.103288,0.009293,0.066049,0.0001,,,,,lstm
382743,264,0.038491,0.00409,1.910348,0.005689,0.02665,0.087794,0.013441,0.062356,0.0001,,,,,lstm
382743,264,-0.213889,0.002096,1.910402,0.005689,0.011817,0.113734,0.00559,0.077335,0.0001,,,,,lstm
382743,264,-0.028056,0.004432,1.910472,0.005689,0.024159,0.061225,0.013039,0.031326,0.0001,,,,,lstm
382743,264,-0.156357,0.003287,1.910539,0.005689,0.020137,0.03987,0.007908,0.025498,0.0001,,,,,lstm
382743,264,0.097727,0.004924,1.910603,0.005689,0.028871,0.07744,0.016229,0.054952,0.0001,,,,,lstm
382743,264,0.135411,0.002178,1.910656,0.005689,0.022008,0.204118,0.012275,0.094166,0.0001,,,,,lstm
382743,264,-0.120448,0.003421,1.910663,0.005689,0.020325,0.081795,0.005094,0.073753,0.0001,,,,,lstm
382743,264,0.135815,0.005119,1.910675,0.005689,0.028431,0.05815,0.012976,0.031492,0.0001,,,,,lstm
382743,264,-0.087139,0.003428,1.910673,0.005689,0.017151,0.026349,0.002189,0.015179,0.0001,,,,,lstm
382743,264,-0.328383,0.002093,1.910675,0.005689,0.017113,0.103814,0.008753,0.059466,0.0001,,,,,lstm
382743,264,0.003824,0.004951,1.910707,0.005689,0.023111,0.063878,0.003487,0.05135,0.0001,,,,,lstm
382743,264,-0.054677,0.002787,1.910737,0.005689,0.018412,0.037274,0.002083,0.022175,0.0001,,,,,lstm
382743,264,-0.03044,0.003851,1.910768,0.005689,0.025809,0.116009,0.001465,0.078604,0.0001,,,,,lstm
382743,264,-0.011414,0.001316,1.910789,0.005689,0.008623,0.048517,0.004246,0.034289,0.0001,,,,,lstm
388993,268,-0.009521,0.003511,1.910817,0.005673,0.022623,0.065221,0.001095,0.02244,0.0001,,,,,lstm
388993,268,-0.080154,0.003083,1.910844,0.005673,0.020584,0.046722,0.004336,0.032285,0.0001,,,,,lstm
388993,268,-0.019722,0.005164,1.910869,0.005673,0.027065,0.030333,0.000811,0.02285,0.0001,,,,,lstm
388993,268,0.169244,0.002446,1.91089,0.005673,0.01682,0.048411,0.004833,0.042896,0.0001,,,,,lstm
388993,268,-0.068272,0.003363,1.910916,0.005673,0.020091,0.050775,0.002376,0.030716,0.0001,,,,,lstm
388993,268,0.014812,0.004212,1.910936,0.005673,0.027652,0.051098,0.001186,0.020327,0.0001,,,,,lstm
388993,268,-0.049861,0.00431,1.910965,0.005673,0.022262,0.049729,0.001657,0.033208,0.0001,,,,,lstm
388993,268,0.071061,0.001884,1.910983,0.005673,0.0206,0.175718,0.003173,0.134825,0.0001,,,,,lstm
388993,268,-0.045724,0.003798,1.911019,0.005673,0.022189,0.073677,0.002572,0.050768,0.0001,,,,,lstm
388993,268,-0.057446,0.003252,1.911052,0.005673,0.023557,0.032861,0.004028,0.019838,0.0001,,,,,lstm
388993,268,0.034034,0.005361,1.911087,0.005673,0.025561,0.065011,0.009923,0.035109,0.0001,,,,,lstm
388993,268,-0.429937,0.0028,1.911114,0.005673,0.018079,0.120179,0.005857,0.10346,0.0001,,,,,lstm
388993,268,-0.094453,0.003321,1.911121,0.005673,0.022024,0.055261,0.007773,0.042766,0.0001,,,,,lstm
388993,268,0.02381,0.004374,1.911129,0.005673,0.028203,0.042706,0.013368,0.037969,0.0001,,,,,lstm
388993,268,-0.01052,0.005351,1.911141,0.005673,0.025606,0.046365,0.01246,0.026739,0.0001,,,,,lstm
388993,268,-0.24753,0.002502,1.911143,0.005673,0.014789,0.086517,0.003288,0.057512,0.0001,,,,,lstm
395160,272,-0.056221,0.003726,1.911168,0.005657,0.02246,0.065963,0.004695,0.028793,0.0001,,,,,lstm
395160,272,0.004729,0.004845,1.911204,0.005657,0.026546,0.128754,0.006211,0.108789,0.0001,,,,,lstm
395160,272,-0.047314,0.00359,1.911243,0.005657,0.019559,0.084296,0.001056,0.072198,0.0001,,,,,lstm
395160,272,0.414423,0.006622,1.911278,0.005657,0.06137,0.887473,0.015442,0.577882,0.0001,,,,,lstm
395160,272,-0.013461,0.004037,1.911401,0.005657,0.024315,0.135317,0.002143,0.093779,0.0001,,,,,lstm
395160,272,-0.033637,0.00347,1.911509,0.005657,0.020587,0.03613,0.001824,0.028018,0.0001,,,,,lstm
395160,272,-0.026073,0.004656,1.911612,0.005657,0.025081,0.068943,0.002939,0.024862,0.0001,,,,,lstm
395160,272,-0.631844,0.002793,1.911726,0.005657,0.027889,0.303105,0.020393,0.194497,0.0001,,,,,lstm
395160,272,-0.062272,0.002516,1.911769,0.005657,0.019926,0.091219,0.002516,0.079049,0.0001,,,,,lstm
395160,272,-0.021895,0.004633,1.911823,0.005657,0.026525,0.162715,0.006698,0.133303,0.0001,,,,,lstm
395160,272,-0.006588,0.005371,1.91188,0.005657,0.024846,0.048089,0.006445,0.037003,0.0001,,,,,lstm
395160,272,0.03747,0.001333,1.911928,0.005657,0.009802,0.132215,0.005746,0.094619,0.0001,,,,,lstm
395160,272,0.057476,0.003297,1.911996,0.005657,0.020595,0.052944,0.001954,0.044892,0.0001,,,,,lstm
395160,272,-0.0338,0.004216,1.912063,0.005657,0.026593,0.10239,0.003842,0.087533,0.0001,,,,,lstm
395160,272,-0.102854,0.004161,1.912129,0.005657,0.02914,0.087208,0.012051,0.065782,0.0001,,,,,lstm
395160,272,-0.460692,0.003377,1.912196,0.005657,0.03898,0.316883,0.029181,0.2285,0.0001,,,,,lstm
400180,276,-0.041093,0.003969,1.912332,0.00564,0.019936,0.053454,0.00337,0.029542,0.0001,,,,,lstm
400180,276,0.024442,0.007112,1.912464,0.00564,0.033936,0.064841,0.003332,0.035944,0.0001,,,,,lstm
400180,276,0.072815,0.002687,1.912597,0.00564,0.020403,0.116805,0.001591,0.116148,0.0001,,,,,lstm
400180,276,0.021612,0.005861,1.912717,0.00564,0.026975,0.153818,0.004391,0.141685,0.0001,,,,,lstm
400180,276,0.058048,0.004173,1.912837,0.00564,0.024691,0.146886,0.001491,0.126629,0.0001,,,,,lstm
400180,276,-0.135913,0.004911,1.91296,0.00564,0.026513,0.060634,0.010143,0.053742,0.0001,,,,,lstm
400180,276,0.040655,0.004501,1.913067,0.00564,0.022922,0.094643,0.002122,0.071981,0.0001,,,,,lstm
400180,276,0.02086,0.004864,1.91317,0.00564,0.026504,0.065322,0.001468,0.046386,0.0001,,,,,lstm
400180,276,-0.093464,0.006172,1.913277,0.00564,0.023591,0.117097,0.006096,0.101681,0.0001,,,,,lstm
400180,276,0.022117,0.003425,1.913375,0.00564,0.01977,0.0408,0.002708,0.035721,0.0001,,,,,lstm
400180,276,0.045212,0.006798,1.913465,0.00564,0.029543,0.020978,0.005432,0.01391,0.0001,,,,,lstm
400180,276,-0.098894,0.004514,1.91355,0.00564,0.020994,0.065618,0.002668,0.049818,0.0001,,,,,lstm
406326,280,0.015316,0.004547,1.913639,0.005624,0.023237,0.066267,0.003114,0.033713,0.0001,,,,,lstm
406326,280,0.036272,0.004647,1.913734,0.005624,0.023335,0.045568,0.00433,0.027792,0.0001,,,,,lstm
406326,280,-0.146068,0.002712,1.913817,0.005624,0.018483,0.064875,0.002259,0.049552,0.0001,,,,,lstm
406326,280,-0.249303,0.002326,1.913899,0.005624,0.015634,0.090274,0.006102,0.081017,0.0001,,,,,lstm
406326,280,-0.105106,0.002705,1.91397,0.005624,0.016915,0.048288,0.000768,0.041659,0.0001,,,,,lstm
406326,280,0.050208,0.006582,1.914042,0.005624,0.02832,0.157899,0.00703,0.140275,0.0001,,,,,lstm
406326,280,-0.044441,0.002985,1.914113,0.005624,0.021518,0.089854,0.001376,0.087935,0.0001,,,,,lstm
406326,280,-0.038312,0.001757,1.914179,0.005624,0.008375,0.077639,0.000784,0.058533,0.0001,,,,,lstm
406326,280,-0.127905,0.002747,1.914256,0.005624,0.017965,0.036212,0.003609,0.014711,0.0001,,,,,lstm
406326,280,-0.056258,0.003947,1.914337,0.005624,0.022011,0.039081,0.002044,0.018651,0.0001,,,,,lstm
406326,280,0.087784,0.005022,1.914401,0.005624,0.025579,0.085679,0.003438,0.055116,0.0001,,,,,lstm
406326,280,-0.210933,0.001908,1.914462,0.005624,0.013147,0.24244,0.009431,0.141109,0.0001,,,,,lstm
406326,280,-0.015174,0.004534,1.91455,0.005624,0.027266,0.108389,0.00272,0.09328,0.0001,,,,,lstm
406326,280,0.029355,0.003441,1.914638,0.005624,0.022839,0.045405,0.003587,0.025109,0.0001,,,,,lstm
406326,280,-0.106394,0.003455,1.914718,0.005624,0.022007,0.066732,0.008776,0.054719,0.0001,,,,,lstm
406326,280,-0.645403,0.002972,1.914791,0.005624,0.031886,0.173781,0.023619,0.132833,0.0001,,,,,lstm
412455,284,-0.066403,0.003195,1.914849,0.005608,0.01786,0.101032,0.00204,0.087743,0.0001,,,,,lstm
412455,284,0.087646,0.003926,1.914901,0.005608,0.024277,0.090319,0.003548,0.067471,0.0001,,,,,lstm
412455,284,-0.105322,0.004243,1.914928,0.005608,0.023589,0.11882,0.002704,0.105434,0.0001,,,,,lstm
412455,284,0.098655,0.005089,1.914945,0.005608,0.028026,0.176092,0.004982,0.141354,0.0001,,,,,lstm
412455,284,-0.124379,0.002871,1.914927,0.005608,0.019372,0.085352,0.005853,0.082366,0.0001,,,,,lstm
412455,284,-0.056012,0.003371,1.914912,0.005608,0.020485,0.030409,0.003719,0.01485,0.0001,,,,,lstm
412455,284,-0.044297,0.002927,1.914896,0.005608,0.018702,0.041207,0.004058,0.02466,0.0001,,,,,lstm
412455,284,0.005164,0.003757,1.914878,0.005608,0.023386,0.055031,0.001624,0.018366,0.0001,,,,,lstm
412455,284,-0.042373,0.004378,1.914842,0.005608,0.026323,0.06618,0.004006,0.045134,0.0001,,,,,lstm
412455,284,-0.097659,0.00307,1.914803,0.005608,0.019662,0.03001,0.006744,0.017617,0.0001,,,,,lstm
412455,284,0.037774,0.004955,1.914766,0.005608,0.026297,0.134868,0.000867,0.112728,0.0001,,,,,lstm
412455,284,-0.021511,0.002981,1.914717,0.005608,0.022285,0.04419,0.003378,0.023357,0.0001,,,,,lstm
418649,288,0.000525,0.003176,1.914663,0.005592,0.020855,0.056693,0.001176,0.022812,0.0001,,,,,lstm
418649,288,-0.032319,0.004339,1.914616,0.005592,0.021511,0.058102,0.000753,0.040406,0.0001,,,,,lstm
418649,288,-0.058577,0.004085,1.914573,0.005592,0.020879,0.067414,0.000829,0.058059,0.0001,,,,,lstm
418649,288,-0.334627,0.002509,1.914528,0.005592,0.019177,0.21156,0.010517,0.145124,0.0001,,,,,lstm
418649,288,0.027671,0.004603,1.914533,0.005592,0.025162,0.047737,0.007413,0.032746,0.0001,,,,,lstm
418649,288,-0.018596,0.003813,1.914532,0.005592,0.020643,0.056647,0.007205,0.027467,0.0001,,,,,lstm
418649,288,-0.115768,0.003798,1.914537,0.005592,0.018005,0.041606,0.00579,0.024429,0.0001,,,,,lstm
418649,288,0.092712,0.001874,1.914539,0.005592,0.019091,0.099731,0.013226,0.092812,0.0001,,,,,lstm
418649,288,0.037573,0.004886,1.914545,0.005592,0.024485,0.051821,0.013001,0.041195,0.0001,,,,,lstm
418649,288,-0.025845,0.005027,1.914551,0.005592,0.022092,0.052838,0.010658,0.032609,0.0001,,,,,lstm
418649,288,-0.109648,0.002544,1.914558,0.005592,0.017209,0.059432,0.005433,0.055101,0.0001,,,,,lstm
418649,288,-0.067185,0.001638,1.914556,0.005592,0.008951,0.098191,0.004996,0.057881,0.0001,,,,,lstm
418649,288,-0.012733,0.004621,1.914549,0.005592,0.022029,0.03959,0.008251,0.039967,0.0001,,,,,lstm
418649,288,-0.06969,0.003433,1.914542,0.005592,0.016118,0.057595,0.004775,0.059716,0.0001,,,,,lstm
418649,288,-0.011417,0.003971,1.914534,0.005592,0.020547,0.074044,0.007303,0.053611,0.0001,,,,,lstm
418649,288,-0.224349,0.00245,1.914522,0.005592,0.017788,0.109638,0.002263,0.066086,0.0001,,,,,lstm
424821,292,-0.009746,0.003863,1.914486,0.005576,0.022456,0.038269,0.002509,0.011158,0.0001,,,,,lstm
424821,292,-0.099982,0.002719,1.914442,0.005576,0.017875,0.054343,0.002635,0.027431,0.0001,,,,,lstm
424821,292,0.022186,0.005085,1.914389,0.005576,0.023163,0.138556,0.001712,0.112262,0.0001,,,,,lstm
424821,292,-0.12981,0.001615,1.914336,0.005576,0.011512,0.099807,0.006332,0.083527,0.0001,,,,,lstm
424821,292,-0.068335,0.003077,1.9143,0.005576,0.019943,0.022842,0.006273,0.016355,0.0001,,,,,lstm
424821,292,0.031073,0.004712,1.914267,0.005576,0.028196,0.047142,0.004164,0.017665,0.0001,,,,,lstm
424821,292,-0.085494,0.003357,1.91422,0.005576,0.026217,0.046004,0.009761,0.020208,0.0001,,,,,lstm
424821,292,1.016056,0.0152,1.914165,0.005576,0.087812,0.642824,0.039784,0.053355,0.0001,,,,,lstm
424821,292,-0.004867,0.003839,1.914128,0.005576,0.031215,0.09147,0.009879,0.080208,0.0001,,,,,lstm
424821,292,-0.154528,0.003445,1.914087,0.005576,0.027419,0.022844,0.0163,0.027414,0.0001,,,,,lstm
424821,292,0.073375,0.004327,1.914054,0.005576,0.032686,0.092959,0.007347,0.039848,0.0001,,,,,lstm
424821,292,-0.213413,0.001882,1.913999,0.005576,0.025572,0.066038,0.018242,0.044169,0.0001,,,,,lstm
424821,292,-0.025645,0.00423,1.913963,0.005576,0.032477,0.062288,0.008853,0.02185,0.0001,,,,,lstm
424821,292,-0.073183,0.00264,1.913921,0.005576,0.019934,0.065826,0.00927,0.036237,0.0001,,,,,lstm
424821,292,0.020025,0.004649,1.913885,0.005576,0.026648,0.073076,0.003375,0.023574,0.0001,,,,,lstm
424821,292,-0.376732,0.002797,1.913829,0.005576,0.024572,0.21068,0.017619,0.172411,0.0001,,,,,lstm
430957,296,-0.116428,0.003087,1.913763,0.005559,0.017806,0.039461,0.002164,0.021321,0.0001,,,,,lstm
430957,296,0.028385,0.003962,1.913698,0.005559,0.022664,0.069914,0.007329,0.024328,0.0001,,,,,lstm
430957,296,0.002549,0.004691,1.913619,0.005559,0.02422,0.068532,0.010528,0.052826,0.0001,,,,,lstm
430957,296,-0.093481,0.001582,1.913547,0.005559,0.010196,0.069645,0.007054,0.04163,0.0001,,,,,lstm
430957,296,-0.078533,0.004391,1.913493,0.005559,0.020925,0.029837,0.010629,0.030657,0.0001,,,,,lstm
430957,296,0.034927,0.004841,1.913442,0.005559,0.027707,0.101204,0.015286,0.076306,0.0001,,,,,lstm
430957,296,-0.041984,0.003193,1.913374,0.005559,0.021571,0.044373,0.01159,0.038688,0.0001,,,,,lstm
430957,296,-0.065973,0.001726,1.913315,0.005559,0.012424,0.050143,0.008504,0.02957,0.0001,,,,,lstm
430957,296,-0.102426,0.003332,1.913269,0.005559,0.019045,0.042468,0.007406,0.033143,0.0001,,,,,lstm
430957,296,0.072472,0.005326,1.913227,0.005559,0.026691,0.095911,0.012571,0.069519,0.0001,,,,,lstm
430957,296,-0.06176,0.003359,1.913176,0.005559,0.018076,0.03521,0.00546,0.010034,0.0001,,,,,lstm
430957,296,0.861669,0.002216,1.913119,0.005559,0.042064,0.872713,0.029188,0.622419,0.0001,,,,,lstm
430957,296,-0.075114,0.004846,1.913029,0.005559,0.023998,0.059755,0.006032,0.024072,0.0001,,,,,lstm
430957,296,-0.024302,0.003754,1.912937,0.005559,0.02024,0.061535,0.008599,0.054033,0.0001,,,,,lstm
430957,296,0.013243,0.003451,1.91285,0.005559,0.021843,0.095533,0.011324,0.070976,0.0001,,,,,lstm
430957,296,0.016343,0.001445,1.912759,0.005559,0.014323,0.008661,0.009746,0.010748,0.0001,,,,,lstm
437273,300,-0.076243,0.003508,1.912678,0.005543,0.01825,0.038646,0.003321,0.03075,0.0001,,,,,lstm
437273,300,-0.03795,0.003594,1.912605,0.005543,0.020763,0.036214,0.004672,0.022448,0.0001,,,,,lstm
437273,300,0.022306,0.004752,1.912531,0.005543,0.022518,0.068006,0.005762,0.015988,0.0001,,,,,lstm
437273,300,-0.199361,0.002107,1.912449,0.005543,0.015113,0.099519,0.004204,0.063571,0.0001,,,,,lstm
437273,300,0.028381,0.004305,1.912368,0.005543,0.019498,0.054362,0.002491,0.032091,0.0001,,,,,lstm
437273,300,-0.097476,0.003159,1.912286,0.005543,0.017499,0.037966,0.004622,0.0302,0.0001,,,,,lstm
437273,300,-0.012143,0.003987,1.912208,0.005543,0.027341,0.06582,0.001813,0.022356,0.0001,,,,,lstm
437273,300,-0.299028,0.002049,1.912123,0.005543,0.022057,0.095067,0.013782,0.060945,0.0001,,,,,lstm
437273,300,-0.086194,0.002986,1.912058,0.005543,0.020528,0.027984,0.007591,0.017879,0.0001,,,,,lstm
437273,300,-0.075539,0.002826,1.911995,0.005543,0.022205,0.04739,0.008361,0.032342,0.0001,,,,,lstm
437273,300,-0.008852,0.004919,1.911928,0.005543,0.027901,0.051657,0.00443,0.012198,0.0001,,,,,lstm
437273,300,0.575049,0.007653,1.911865,0.005543,0.051002,0.239651,0.018597,0.033536,0.0001,,,,,lstm
437273,300,-0.068263,0.003626,1.911741,0.005543,0.022172,0.043155,0.007147,0.025941,0.0001,,,,,lstm
437273,300,0.003737,0.003692,1.911631,0.005543,0.023635,0.057589,0.00452,0.022553,0.0001,,,,,lstm
437273,300,-0.038263,0.004007,1.911517,0.005543,0.027127,0.064959,0.005113,0.032021,0.0001,,,,,lstm
437273,300,-0.089574,0.001964,1.9114,0.005543,0.019952,0.134194,0.007906,0.125133,0.0001,,,,,lstm
443481,304,-0.085255,0.003086,1.911286,0.005527,0.020751,0.040456,0.004384,0.022278,0.0001,,,,,lstm
443481,304,0.100964,0.005711,1.911177,0.005527,0.026904,0.041143,0.005743,0.022808,0.0001,,,,,lstm
443481,304,-0.09975,0.002983,1.911083,0.005527,0.017577,0.043101,0.002213,0.026472,0.0001,,,,,lstm
443481,304,-0.251275,0.014441,1.910987,0.005527,0.018633,0.302538,0.005539,0.157113,0.0001,,,,,lstm
443481,304,0.02751,0.0042,1.910887,0.005527,0.022476,0.091736,0.002681,0.081462,0.0001,,,,,lstm
443481,304,-0.070928,0.003991,1.910792,0.005527,0.020119,0.107699,0.002803,0.09444,0.0001,,,,,lstm
443481,304,-0.059196,0.003697,1.910703,0.005527,0.020814,0.056168,0.003878,0.039985,0.0001,,,,,lstm
443481,304,0.088498,0.003636,1.910611,0.005527,0.028119,0.211045,0.001675,0.164485,0.0001,,,,,lstm
443481,304,-0.061963,0.003791,1.910539,0.005527,0.024936,0.084948,0.005285,0.075964,0.0001,,,,,lstm
443481,304,0.008773,0.004464,1.910478,0.005527,0.023026,0.065257,0.003066,0.030047,0.0001,,,,,lstm
443481,304,-0.035009,0.003576,1.910407,0.005527,0.021827,0.040571,0.004269,0.0316,0.0001,,,,,lstm
443481,304,-0.170792,0.001992,1.91034,0.005527,0.015127,0.1138,0.009004,0.040687,0.0001,,,,,lstm
443481,304,-0.039587,0.003781,1.910264,0.005527,0.019729,0.011413,0.003425,0.005295,0.0001,,,,,lstm
443481,304,-0.088424,0.003498,1.910194,0.005527,0.022726,0.039257,0.005047,0.010738,0.0001,,,,,lstm
443481,304,0.033528,0.004612,1.910117,0.005527,0.024518,0.030657,0.001332,0.019495,0.0001,,,,,lstm
443481,304,-0.034558,0.00188,1.910043,0.005527,0.011739,0.083093,0.002752,0.03946,0.0001,,,,,lstm
449657,308,-0.145938,0.004499,1.910001,0.005511,0.019884,0.064942,0.000414,0.046271,0.0001,,,,,lstm
449657,308,-0.014768,0.002772,1.909957,0.005511,0.019757,0.097452,0.003276,0.07353,0.0001,,,,,lstm
449657,308,0.010444,0.003712,1.909927,0.005511,0.020917,0.073193,0.003801,0.035351,0.0001,,,,,lstm
449657,308,1.977871,0.023808,1.909892,0.005511,0.113274,1.292254,0.084136,1.001677,0.0001,,,,,lstm
449657,308,0.00365,0.004124,1.90991,0.005511,0.025653,0.06796,0.0031,0.050995,0.0001,,,,,lstm
449657,308,-0.096055,0.002813,1.909934,0.005511,0.027209,0.173914,0.013494,0.16311,0.0001,,,,,lstm
449657,308,0.011875,0.004558,1.909958,0.005511,0.034873,0.225854,0.01329,0.213083,0.0001,,,,,lstm
449657,308,-0.311186,0.003147,1.909975,0.005511,0.03857,0.129424,0.028791,0.08892,0.0001,,,,,lstm
449657,308,-0.013627,0.004071,1.91,0.005511,0.037375,0.09537,0.017969,0.086414,0.0001,,,,,lstm
449657,308,-0.084374,0.003271,1.910018,0.005511,0.035069,0.085148,0.020315,0.067979,0.0001,,,,,lstm
449657,308,0.015298,0.004196,1.910049,0.005511,0.03637,0.114995,0.012405,0.071896,0.0001,,,,,lstm
449657,308,-0.172684,0.002156,1.910063,0.005511,0.020215,0.188022,0.014559,0.113608,0.0001,,,,,lstm
449657,308,0.009477,0.004082,1.910086,0.005511,0.030451,0.159703,0.003754,0.126112,0.0001,,,,,lstm
449657,308,-0.038328,0.00352,1.910092,0.005511,0.020909,0.087651,0.000776,0.053759,0.0001,,,,,lstm
449657,308,-0.055273,0.003621,1.910101,0.005511,0.019622,0.051272,0.004173,0.048661,0.0001,,,,,lstm
449657,308,-0.186695,0.002243,1.910108,0.005511,0.01477,0.076947,0.0032,0.039646,0.0001,,,,,lstm
454735,312,-0.06581,0.004772,1.910115,0.005495,0.026194,0.032666,0.003782,0.019609,0.0001,,,,,lstm
454735,312,0.063144,0.00447,1.910122,0.005495,0.02548,0.04118,0.006607,0.028141,0.0001,,,,,lstm
454735,312,0.038124,0.006766,1.910124,0.005495,0.024977,0.054129,0.006843,0.033157,0.0001,,,,,lstm
454735,312,-0.057476,0.005056,1.910125,0.005495,0.025512,0.083767,0.005033,0.074561,0.0001,,,,,lstm
454735,312,-0.022164,0.005643,1.910119,0.005495,0.029295,0.095919,0.005422,0.074801,0.0001,,,,,lstm
454735,312,0.190352,0.004605,1.910106,0.005495,0.028642,0.109043,0.017827,0.05601,0.0001,,,,,lstm
454735,312,-0.004996,0.006284,1.910122,0.005495,0.030083,0.079285,0.006426,0.064948,0.0001,,,,,lstm
454735,312,0.020238,0.005338,1.910144,0.005495,0.027617,0.043531,0.008578,0.019965,0.0001,,,,,lstm
454735,312,0.002203,0.002518,1.910154,0.005495,0.019853,0.017494,0.006328,0.01248,0.0001,,,,,lstm
454735,312,-0.011907,0.005927,1.910167,0.005495,0.025725,0.080272,0.002136,0.051697,0.0001,,,,,lstm
454735,312,-0.026367,0.003868,1.91019,0.005495,0.025113,0.055862,0.0021,0.013559,0.0001,,,,,lstm
454735,312,0.113068,0.005344,1.910196,0.005495,0.025067,0.116126,0.00736,0.082564,0.0001,,,,,lstm
460872,316,-0.034779,0.003418,1.910196,0.005478,0.021904,0.108379,0.005636,0.08421,0.0001,,,,,lstm
460872,316,0.036187,0.004679,1.910188,0.005478,0.025573,0.039827,0.007842,0.015564,0.0001,,,,,lstm
460872,316,-0.084936,0.003522,1.910192,0.005478,0.020699,0.057521,0.001705,0.025072,0.0001,,,,,lstm
460872,316,0.069831,0.001435,1.910203,0.005478,0.006749,0.068193,0.003754,0.046626,0.0001,,,,,lstm
460872,316,0.025419,0.003158,1.910214,0.005478,0.020616,0.085357,0.003309,0.074988,0.0001,,,,,lstm
460872,316,-0.124228,0.003986,1.910227,0.005478,0.021982,0.085609,0.001341,0.058818,0.0001,,,,,lstm
460872,316,-0.004219,0.004035,1.910243,0.005478,0.023661,0.030891,0.002661,0.014414,0.0001,,,,,lstm
460872,316,1.291096,0.007651,1.910264,0.005478,0.064049,0.722386,0.048108,0.265324,0.0001,,,,,lstm
460872,316,-0.10832,0.002984,1.910163,0.005478,0.01819,0.025125,0.001349,0.009509,0.0001,,,,,lstm
460872,316,0.06417,0.0053,1.91007,0.005478,0.029606,0.14847,0.010465,0.126275,0.0001,,,,,lstm
460872,316,-0.033411,0.003431,1.909991,0.005478,0.018322,0.053892,0.006537,0.047023,0.0001,,,,,lstm
460872,316,-0.124761,0.002161,1.909926,0.005478,0.028636,0.306488,0.006353,0.156192,0.0001,,,,,lstm
460872,316,0.124966,0.004695,1.909943,0.005478,0.027852,0.044234,0.013531,0.02986,0.0001,,,,,lstm
460872,316,-0.153246,0.003347,1.90996,0.005478,0.018486,0.067463,0.003384,0.048978,0.0001,,,,,lstm
460872,316,-0.050088,0.004058,1.909976,0.005478,0.022004,0.123389,0.00643,0.089266,0.0001,,,,,lstm
460872,316,-0.20014,0.001975,1.909992,0.005478,0.01737,0.186325,0.002883,0.109601,0.0001,,,,,lstm
467100,320,-0.031979,0.004191,1.910023,0.005462,0.023282,0.050874,0.007895,0.03351,0.0001,,,,,lstm
467100,320,-0.085277,0.003028,1.910059,0.005462,0.019947,0.031451,0.00505,0.017951,0.0001,,,,,lstm
467100,320,0.010527,0.00442,1.910084,0.005462,0.023862,0.064037,0.009636,0.030189,0.0001,,,,,lstm
467100,320,0.198159,0.012705,1.910117,0.005462,0.031447,0.148455,0.018257,0.042713,0.0001,,,,,lstm
467100,320,-0.031133,0.005035,1.910099,0.005462,0.023857,0.045732,0.00761,0.018263,0.0001,,,,,lstm
467100,320,-0.071725,0.003156,1.910096,0.005462,0.01946,0.032091,0.003972,0.03188,0.0001,,,,,lstm
467100,320,-0.013367,0.003583,1.910096,0.005462,0.01992,0.090184,0.00519,0.076503,0.0001,,,,,lstm
467100,320,0.349073,0.004125,1.910089,0.005462,0.025678,0.180704,0.01581,0.06414,0.0001,,,,,lstm
467100,320,-0.040895,0.004287,1.910051,0.005462,0.019958,0.085326,0.001797,0.072632,0.0001,,,,,lstm
467100,320,-0.052747,0.003389,1.910017,0.005462,0.022264,0.031605,0.001496,0.021982,0.0001,,,,,lstm
467100,320,0.007316,0.003434,1.909989,0.005462,0.022261,0.060102,0.000714,0.035404,0.0001,,,,,lstm
467100,320,-0.208703,0.009985,1.909967,0.005462,0.020063,0.073021,0.009385,0.064635,0.0001,,,,,lstm
467100,320,-0.010337,0.004179,1.909941,0.005462,0.021737,0.016103,0.001016,0.010193,0.0001,,,,,lstm
467100,320,-0.103107,0.002858,1.909915,0.005462,0.019203,0.022139,0.004509,0.015695,0.0001,,,,,lstm
467100,320,0.035447,0.004481,1.909892,0.005462,0.024852,0.083513,0.003095,0.044753,0.0001,,,,,lstm
467100,320,-0.31384,0.002078,1.90988,0.005462,0.0134,0.124629,0.007963,0.087876,0.0001,,,,,lstm
473383,324,-0.053952,0.002997,1.909877,0.005446,0.018894,0.084884,0.00148,0.063638,0.0001,,,,,lstm
473383,324,-0.061405,0.004165,1.909873,0.005446,0.018726,0.047676,0.000566,0.03977,0.0001,,,,,lstm
473383,324,-0.016998,0.004466,1.909866,0.005446,0.025171,0.094673,0.002835,0.051578,0.0001,,,,,lstm
473383,324,0.364102,0.005558,1.909863,0.005446,0.029286,0.197051,0.01778,0.041266,0.0001,,,,,lstm
473383,324,-0.027198,0.00501,1.909925,0.005446,0.021604,0.089794,0.004845,0.084298,0.0001,,,,,lstm
473383,324,-0.005853,0.004226,1.909978,0.005446,0.023771,0.069288,0.004911,0.045116,0.0001,,,,,lstm
473383,324,-0.061657,0.003156,1.910026,0.005446,0.020067,0.065794,0.001921,0.057944,0.0001,,,,,lstm
473383,324,-0.054282,0.001955,1.910077,0.005446,0.016096,0.051859,0.001787,0.028614,0.0001,,,,,lstm
473383,324,-0.100375,0.003559,1.910119,0.005446,0.020304,0.042298,0.000745,0.016538,0.0001,,,,,lstm
473383,324,-0.002143,0.003922,1.910155,0.005446,0.022239,0.027537,0.001278,0.01699,0.0001,,,,,lstm
473383,324,0.023856,0.004465,1.910191,0.005446,0.022631,0.06931,0.000742,0.041331,0.0001,,,,,lstm
473383,324,-0.225742,0.002026,1.910222,0.005446,0.014796,0.061822,0.008825,0.038928,0.0001,,,,,lstm
473383,324,-0.044696,0.003791,1.910243,0.005446,0.023386,0.087999,0.003869,0.063701,0.0001,,,,,lstm
473383,324,-0.06571,0.004218,1.910251,0.005446,0.024111,0.06755,0.005172,0.017081,0.0001,,,,,lstm
473383,324,0.01583,0.003733,1.910277,0.005446,0.023617,0.041096,0.002821,0.022368,0.0001,,,,,lstm
473383,324,-0.057214,0.002083,1.910293,0.005446,0.014606,0.043895,0.006374,0.027667,0.0001,,,,,lstm
477983,328,-0.084621,0.007444,1.910304,0.00543,0.031612,0.110822,0.007879,0.069174,0.0001,,,,,lstm
477983,328,0.055038,0.004472,1.910291,0.00543,0.023184,0.044888,0.003981,0.024821,0.0001,,,,,lstm
477983,328,0.261935,0.006295,1.910282,0.00543,0.027679,0.122836,0.016052,0.096329,0.0001,,,,,lstm
477983,328,0.001387,0.005406,1.91027,0.00543,0.026262,0.05365,0.001977,0.024959,0.0001,,,,,lstm
477983,328,0.049396,0.00586,1.910244,0.00543,0.027978,0.08784,0.003534,0.044155,0.0001,,,,,lstm
477983,328,-0.039705,0.008554,1.910212,0.00543,0.033399,0.121106,0.004969,0.042473,0.0001,,,,,lstm
477983,328,-0.107292,0.006934,1.910193,0.00543,0.035185,0.117408,0.008258,0.079797,0.0001,,,,,lstm
477983,328,0.101115,0.005171,1.910155,0.00543,0.023009,0.061646,0.006763,0.047941,0.0001,,,,,lstm
477983,328,0.189262,0.005066,1.910126,0.00543,0.021566,0.045219,0.012726,0.025168,0.0001,,,,,lstm
477983,328,0.133871,0.004162,1.910088,0.00543,0.024925,0.060005,0.008447,0.041769,0.0001,,,,,lstm
477983,328,-0.07797,0.007485,1.910054,0.00543,0.031375,0.055261,0.006889,0.021836,0.0001,,,,,lstm
477983,328,-0.062246,0.006246,1.910023,0.00543,0.028168,0.07181,0.006616,0.045587,0.0001,,,,,lstm
484210,332,-0.080344,0.004391,1.910002,0.005414,0.026226,0.068392,0.002145,0.033844,0.0001,,,,,lstm
484210,332,-0.036619,0.002773,1.909973,0.005414,0.022401,0.037233,0.002553,0.020881,0.0001,,,,,lstm
484210,332,0.00046,0.004269,1.909946,0.005414,0.025536,0.037868,0.002621,0.031092,0.0001,,,,,lstm
484210,332,0.693788,0.00964,1.909927,0.005414,0.052881,0.821071,0.023614,0.714936,0.0001,,,,,lstm
484210,332,-0.086079,0.002776,1.909883,0.005414,0.022403,0.05939,0.00727,0.056608,0.0001,,,,,lstm
484210,332,0.073468,0.003681,1.909847,0.005414,0.029083,0.062476,0.001295,0.048461,0.0001,,,,,lstm
484210,332,-0.060867,0.005075,1.909803,0.005414,0.026823,0.163458,0.003943,0.143561,0.0001,,,,,lstm
484210,332,-0.117456,0.002402,1.909773,0.005414,0.01869,0.283374,0.008024,0.214863,0.0001,,,,,lstm
484210,332,-0.044587,0.003638,1.909715,0.005414,0.025272,0.050977,0.004497,0.032099,0.0001,,,,,lstm
484210,332,0.03382,0.005117,1.909652,0.005414,0.03154,0.043826,0.002278,0.037367,0.0001,,,,,lstm
484210,332,-0.053047,0.002865,1.909592,0.005414,0.021231,0.051327,0.004224,0.024112,0.0001,,,,,lstm
484210,332,-0.211002,0.002089,1.909547,0.005414,0.015002,0.042924,0.010271,0.020643,0.0001,,,,,lstm
484210,332,-0.017566,0.003325,1.909516,0.005414,0.023947,0.048527,0.002749,0.027003,0.0001,,,,,lstm
484210,332,-0.018105,0.003949,1.909489,0.005414,0.026198,0.161494,0.001086,0.135866,0.0001,,,,,lstm
484210,332,-0.021911,0.004659,1.909452,0.005414,0.026458,0.05747,0.001966,0.045371,0.0001,,,,,lstm
484210,332,-0.382318,0.003293,1.909414,0.005414,0.020591,0.179876,0.011131,0.157459,0.0001,,,,,lstm
490441,336,-0.071384,0.004198,1.909396,0.005397,0.019263,0.081202,0.003146,0.043728,0.0001,,,,,lstm
490441,336,-0.056234,0.003527,1.90938,0.005397,0.018101,0.048534,0.002956,0.03351,0.0001,,,,,lstm
490441,336,0.035633,0.004018,1.909355,0.005397,0.024823,0.039289,0.006545,0.035983,0.0001,,,,,lstm
490441,336,-0.139667,0.001617,1.909334,0.005397,0.010599,0.139831,0.000831,0.098614,0.0001,,,,,lstm
490441,336,-0.01051,0.004512,1.909322,0.005397,0.022636,0.072236,0.006616,0.065555,0.0001,,,,,lstm
490441,336,-0.053113,0.003573,1.90931,0.005397,0.020368,0.087506,0.00547,0.078644,0.0001,,,,,lstm
490441,336,-0.026879,0.003761,1.909294,0.005397,0.019462,0.021651,0.005834,0.017885,0.0001,,,,,lstm
490441,336,-0.163528,0.001957,1.90928,0.005397,0.013312,0.057475,0.001393,0.030372,0.0001,,,,,lstm
490441,336,-0.1172,0.003304,1.909276,0.005397,0.0171,0.024831,0.003114,0.013073,0.0001,,,,,lstm
490441,336,-0.120146,0.002508,1.909269,0.005397,0.01455,0.027513,0.001781,0.01536,0.0001,,,,,lstm
490441,336,0.156685,0.00614,1.909265,0.005397,0.031316,0.067171,0.013049,0.053199,0.0001,,,,,lstm
490441,336,-0.313284,0.002099,1.909257,0.005397,0.013586,0.165261,0.007018,0.065871,0.0001,,,,,lstm
490441,336,0.033721,0.003038,1.909216,0.005397,0.020641,0.023588,0.003151,0.021036,0.0001,,,,,lstm
490441,336,-0.103332,0.004435,1.90918,0.005397,0.021431,0.025376,0.002887,0.016051,0.0001,,,,,lstm
490441,336,-0.044431,0.003993,1.909144,0.005397,0.024131,0.055751,0.004146,0.029935,0.0001,,,,,lstm
490441,336,0.251939,0.002903,1.909111,0.005397,0.024971,0.290618,0.001769,0.177437,0.0001,,,,,lstm
496227,340,-0.011323,0.003902,1.909064,0.005381,0.023505,0.043681,0.004692,0.029467,0.0001,,,,,lstm
496227,340,0.026317,0.00397,1.909025,0.005381,0.021354,0.020491,0.000896,0.006146,0.0001,,,,,lstm
496227,340,0.006827,0.006539,1.908992,0.005381,0.028432,0.081789,0.002658,0.045365,0.0001,,,,,lstm
496227,340,0.012474,0.004184,1.908961,0.005381,0.020714,0.045969,0.003053,0.015102,0.0001,,,,,lstm
496227,340,0.068872,0.004673,1.908946,0.005381,0.025112,0.063314,0.006905,0.031746,0.0001,,,,,lstm
496227,340,-0.071461,0.005687,1.908938,0.005381,0.030013,0.105925,0.003348,0.05301,0.0001,,,,,lstm
496227,340,0.112879,0.004015,1.908913,0.005381,0.026988,0.062143,0.013369,0.054918,0.0001,,,,,lstm
496227,340,-0.049199,0.006942,1.90889,0.005381,0.03508,0.09401,0.00777,0.04987,0.0001,,,,,lstm
496227,340,-0.052312,0.003999,1.908862,0.005381,0.023466,0.048191,0.008862,0.020864,0.0001,,,,,lstm
496227,340,-0.010659,0.003874,1.908848,0.005381,0.026852,0.046852,0.012629,0.014869,0.0001,,,,,lstm
496227,340,-1.8e-05,0.007647,1.908845,0.005381,0.038187,0.093572,0.010776,0.056183,0.0001,,,,,lstm
496227,340,0.038309,0.003751,1.908844,0.005381,0.027197,0.030634,0.013813,0.028048,0.0001,,,,,lstm
502475,344,0.005913,0.004237,1.908842,0.005365,0.022979,0.036899,0.005473,0.022422,0.0001,,,,,lstm
502475,344,-0.023968,0.004553,1.908836,0.005365,0.02315,0.093955,0.003208,0.053893,0.0001,,,,,lstm
502475,344,-0.069875,0.002926,1.908833,0.005365,0.018685,0.022369,0.002372,0.015176,0.0001,,,,,lstm
502475,344,-0.091928,0.001955,1.908828,0.005365,0.014836,0.066711,0.005628,0.029031,0.0001,,,,,lstm
502475,344,-0.062826,0.003666,1.90881,0.005365,0.023951,0.071021,0.005408,0.039139,0.0001,,,,,lstm
502475,344,0.017257,0.003595,1.908793,0.005365,0.023824,0.028969,0.004283,0.01818,0.0001,,,,,lstm
502475,344,-0.038044,0.0041,1.908773,0.005365,0.028259,0.076128,0.007161,0.048371,0.0001,,,,,lstm
502475,344,-0.154036,0.002113,1.908754,0.005365,0.020497,0.045111,0.013556,0.024738,0.0001,,,,,lstm
502475,344,-0.063113,0.003146,1.908744,0.005365,0.024843,0.065324,0.009846,0.040965,0.0001,,,,,lstm
502475,344,-0.006299,0.003074,1.90874,0.005365,0.026231,0.02346,0.007775,0.013829,0.0001,,,,,lstm
502475,344,-0.042434,0.004141,1.908733,0.005365,0.029208,0.080632,0.008121,0.042621,0.0001,,,,,lstm
502475,344,0.289203,0.016691,1.908727,0.005365,0.05972,0.350506,0.013603,0.176951,0.0001,,,,,lstm
502475,344,-0.09192,0.003419,1.908625,0.005365,0.025145,0.06303,0.011656,0.033946,0.0001,,,,,lstm
502475,344,0.075828,0.004773,1.908534,0.005365,0.036566,0.059799,0.006352,0.031507,0.0001,,,,,lstm
502475,344,-0.0618,0.003066,1.908451,0.005365,0.028924,0.034343,0.014113,0.030332,0.0001,,,,,lstm
502475,344,-0.220167,0.002298,1.908371,0.005365,0.029038,0.101086,0.020149,0.050902,0.0001,,,,,lstm
508192,348,-0.005714,0.004717,1.908314,0.005349,0.020979,0.044658,0.00278,0.032069,0.0001,,,,,lstm
508192,348,0.076857,0.00586,1.90826,0.005349,0.023646,0.047947,0.00248,0.026439,0.0001,,,,,lstm
508192,348,-0.068978,0.003243,1.908222,0.005349,0.020772,0.055455,0.00391,0.037076,0.0001,,,,,lstm
508192,348,5.8e-05,0.003634,1.908192,0.005349,0.021363,0.039585,0.0013,0.020913,0.0001,,,,,lstm
508192,348,0.009428,0.004625,1.908172,0.005349,0.021901,0.054109,0.002691,0.038938,0.0001,,,,,lstm
508192,348,0.006643,0.006063,1.908163,0.005349,0.023897,0.049772,0.002946,0.01999,0.0001,,,,,lstm
508192,348,0.12097,0.004635,1.908145,0.005349,0.025137,0.053907,0.002297,0.025946,0.0001,,,,,lstm
508192,348,0.005006,0.003535,1.908136,0.005349,0.019283,0.047626,0.004909,0.045486,0.0001,,,,,lstm
508192,348,-0.136158,0.006097,1.90813,0.005349,0.027346,0.041484,0.014693,0.029036,0.0001,,,,,lstm
508192,348,-0.01098,0.003483,1.908119,0.005349,0.021575,0.04101,0.006187,0.023811,0.0001,,,,,lstm
508192,348,0.027199,0.005092,1.908105,0.005349,0.025221,0.084325,0.003753,0.077878,0.0001,,,,,lstm
508192,348,-0.000521,0.005521,1.908088,0.005349,0.023621,0.041828,0.00406,0.015108,0.0001,,,,,lstm
514312,352,-0.019743,0.004182,1.908085,0.005333,0.022432,0.125712,0.002464,0.102302,0.0001,,,,,lstm
514312,352,-0.048931,0.002804,1.908083,0.005333,0.015979,0.063875,0.002892,0.035945,0.0001,,,,,lstm
514312,352,-0.034679,0.00499,1.90808,0.005333,0.024041,0.054789,0.007835,0.028746,0.0001,,,,,lstm
514312,352,-0.074157,0.003968,1.908071,0.005333,0.020924,0.063853,0.008769,0.062377,0.0001,,,,,lstm
514312,352,-0.072065,0.003957,1.908065,0.005333,0.021376,0.136666,0.010643,0.124964,0.0001,,,,,lstm
514312,352,0.043903,0.004802,1.908058,0.005333,0.028753,0.098729,0.016965,0.052755,0.0001,,,,,lstm
514312,352,0.042099,0.00584,1.908053,0.005333,0.031085,0.096875,0.018914,0.054497,0.0001,,,,,lstm
514312,352,-0.104294,0.00304,1.908043,0.005333,0.023952,0.019191,0.013612,0.02289,0.0001,,,,,lstm
514312,352,-0.036477,0.004655,1.908032,0.005333,0.027784,0.057413,0.016514,0.038138,0.0001,,,,,lstm
514312,352,-0.091033,0.004096,1.908019,0.005333,0.025788,0.105796,0.015144,0.087621,0.0001,,,,,lstm
514312,352,-0.077458,0.003735,1.908003,0.005333,0.025801,0.031955,0.014728,0.027044,0.0001,,,,,lstm
514312,352,0.069566,0.005811,1.907982,0.005333,0.032292,0.04633,0.019687,0.039467,0.0001,,,,,lstm
520468,356,-0.053932,0.003899,1.907957,0.005316,0.020113,0.021922,0.003003,0.015863,0.0001,,,,,lstm
520468,356,-0.071123,0.003706,1.907932,0.005316,0.020664,0.044737,0.000417,0.035811,0.0001,,,,,lstm
520468,356,0.036441,0.003856,1.907902,0.005316,0.024097,0.082092,0.00192,0.026442,0.0001,,,,,lstm
520468,356,-0.07046,0.001511,1.907896,0.005316,0.008366,0.076716,0.005958,0.060264,0.0001,,,,,lstm
520468,356,-0.039919,0.004356,1.907885,0.005316,0.025778,0.051843,0.004841,0.047787,0.0001,,,,,lstm
520468,356,-0.012745,0.002933,1.907879,0.005316,0.023362,0.069775,0.005477,0.060764,0.0001,,,,,lstm
520468,356,-0.028666,0.003823,1.90788,0.005316,0.025555,0.073835,0.006434,0.059515,0.0001,,,,,lstm
520468,356,-0.338356,0.002482,1.907888,0.005316,0.027909,0.147267,0.019627,0.089609,0.0001,,,,,lstm
520468,356,-0.104096,0.002315,1.907924,0.005316,0.022115,0.03532,0.010408,0.023018,0.0001,,,,,lstm
520468,356,0.056856,0.00407,1.907958,0.005316,0.028411,0.087288,0.003409,0.075002,0.0001,,,,,lstm
520468,356,-0.038186,0.004866,1.907989,0.005316,0.027302,0.043978,0.005011,0.028975,0.0001,,,,,lstm
520468,356,-0.125421,0.00224,1.908023,0.005316,0.013736,0.116784,0.010058,0.067745,0.0001,,,,,lstm
520468,356,-0.172006,0.002217,1.908067,0.005316,0.019076,0.043315,0.008561,0.021409,0.0001,,,,,lstm
520468,356,0.075513,0.004961,1.9081,0.005316,0.028544,0.083868,0.002168,0.046693,0.0001,,,,,lstm
520468,356,-0.009219,0.0038,1.908143,0.005316,0.021571,0.090432,0.000881,0.093245,0.0001,,,,,lstm
520468,356,0.949867,0.025652,1.90818,0.005316,0.069767,0.60388,0.047434,0.073268,0.0001,,,,,lstm
526726,360,-0.018432,0.004159,1.908233,0.0053,0.02165,0.075608,0.001967,0.043494,0.0001,,,,,lstm
526726,360,0.002298,0.003574,1.908286,0.0053,0.025173,0.095282,0.004619,0.050871,0.0001,,,,,lstm
526726,360,-0.087402,0.003655,1.908337,0.0053,0.024417,0.041818,0.010097,0.038484,0.0001,,,,,lstm
526726,360,0.077907,0.001756,1.90839,0.0053,0.013837,0.14385,0.007974,0.148352,0.0001,,,,,lstm
526726,360,0.010731,0.004247,1.90843,0.0053,0.031016,0.092,0.009733,0.047376,0.0001,,,,,lstm
526726,360,-0.040609,0.00325,1.908474,0.0053,0.028192,0.047976,0.011711,0.029904,0.0001,,,,,lstm
526726,360,-0.031178,0.003748,1.908521,0.0053,0.026762,0.034758,0.011519,0.017997,0.0001,,,,,lstm
526726,360,-0.490241,0.003275,1.908566,0.0053,0.034632,0.122811,0.024917,0.075432,0.0001,,,,,lstm
526726,360,-0.128394,0.003306,1.908629,0.0053,0.02216,0.017797,0.009599,0.014402,0.0001,,,,,lstm
526726,360,0.022958,0.003917,1.908686,0.0053,0.022165,0.11396,0.000567,0.091162,0.0001,,,,,lstm
526726,360,0.003125,0.004375,1.908741,0.0053,0.021765,0.10184,0.002982,0.053255,0.0001,,,,,lstm
526726,360,0.084728,0.001911,1.908792,0.0053,0.013291,0.12798,0.005983,0.093301,0.0001,,,,,lstm
526726,360,0.028802,0.003655,1.908851,0.0053,0.0204,0.047855,0.007478,0.031972,0.0001,,,,,lstm
526726,360,-0.055475,0.004809,1.908907,0.0053,0.02139,0.105977,0.006848,0.088359,0.0001,,,,,lstm
526726,360,-0.06487,0.003735,1.908962,0.0053,0.022411,0.083653,0.005208,0.072141,0.0001,,,,,lstm
526726,360,-0.078308,0.002286,1.90901,0.0053,0.015215,0.054415,0.00195,0.017928,0.0001,,,,,lstm
531284,364,-0.001026,0.004538,1.909048,0.005284,0.023088,0.03705,0.003555,0.022828,0.0001,,,,,lstm
531284,364,-0.036242,0.007888,1.909087,0.005284,0.031195,0.085646,0.008011,0.057338,0.0001,,,,,lstm
531284,364,0.306527,0.004641,1.909118,0.005284,0.022996,0.100467,0.012471,0.053825,0.0001,,,,,lstm
531284,364,0.017955,0.008335,1.90914,0.005284,0.03147,0.069603,0.008227,0.027379,0.0001,,,,,lstm
531284,364,0.021113,0.003946,1.909151,0.005284,0.021992,0.048206,0.007353,0.036815,0.0001,,,,,lstm
531284,364,-0.014673,0.005176,1.909163,0.005284,0.033794,0.213642,0.009829,0.118624,0.0001,,,,,lstm
531284,364,0.101624,0.006517,1.909198,0.005284,0.026285,0.054,0.005926,0.038481,0.0001,,,,,lstm
531284,364,-0.042489,0.00547,1.909238,0.005284,0.030729,0.048073,0.01531,0.021144,0.0001,,,,,lstm
531284,364,-0.088548,0.006674,1.90926,0.005284,0.039863,0.156035,0.015843,0.097307,0.0001,,,,,lstm
531284,364,0.055432,0.005815,1.909295,0.005284,0.027667,0.09245,0.005421,0.084532,0.0001,,,,,lstm
531284,364,0.016544,0.005455,1.909335,0.005284,0.027084,0.049335,0.003185,0.050248,0.0001,,,,,lstm
531284,364,-0.154308,0.009334,1.909369,0.005284,0.040071,0.104021,0.014401,0.071175,0.0001,,,,,lstm
537400,368,-0.058881,0.002668,1.909385,0.005268,0.018135,0.037692,0.001092,0.025992,0.0001,,,,,lstm
537400,368,0.002422,0.00429,1.9094,0.005268,0.022864,0.045467,0.006485,0.033351,0.0001,,,,,lstm
537400,368,-0.031874,0.004471,1.909416,0.005268,0.023225,0.043016,0.007996,0.024004,0.0001,,,,,lstm
537400,368,-0.023045,0.004021,1.909438,0.005268,0.023447,0.095163,0.010007,0.055165,0.0001,,,,,lstm
537400,368,-0.089544,0.004221,1.909472,0.005268,0.021062,0.036666,0.009252,0.016697,0.0001,,,,,lstm
537400,368,0.022507,0.003764,1.90951,0.005268,0.027559,0.037803,0.013978,0.023219,0.0001,,,,,lstm
537400,368,-0.031379,0.003953,1.909534,0.005268,0.024807,0.040112,0.012112,0.036132,0.0001,,,,,lstm
537400,368,-0.127726,0.00343,1.909559,0.005268,0.019403,0.04298,0.007289,0.018407,0.0001,,,,,lstm
537400,368,0.070747,0.004591,1.909589,0.005268,0.027897,0.091803,0.013014,0.072232,0.0001,,,,,lstm
537400,368,-0.061802,0.003647,1.909616,0.005268,0.020134,0.041773,0.006157,0.021369,0.0001,,,,,lstm
537400,368,-0.016458,0.003745,1.909631,0.005268,0.022348,0.049416,0.006888,0.010683,0.0001,,,,,lstm
537400,368,-0.009566,0.004134,1.909658,0.005268,0.022869,0.043475,0.005189,0.014568,0.0001,,,,,lstm
543289,372,-0.015373,0.00427,1.909687,0.005252,0.022836,0.090456,0.003491,0.058481,0.0001,,,,,lstm
543289,372,0.028851,0.003189,1.90971,0.005252,0.017766,0.029917,0.001365,0.016364,0.0001,,,,,lstm
543289,372,0.033226,0.006313,1.909731,0.005252,0.031187,0.079218,0.004777,0.051845,0.0001,,,,,lstm
543289,372,0.049181,0.007224,1.909762,0.005252,0.033045,0.110608,0.005814,0.073801,0.0001,,,,,lstm
543289,372,-0.008994,0.003127,1.909803,0.005252,0.018672,0.074336,0.005406,0.06124,0.0001,,,,,lstm
543289,372,0.001671,0.003125,1.90984,0.005252,0.021196,0.157181,0.005392,0.15816,0.0001,,,,,lstm
543289,372,0.081044,0.005129,1.909865,0.005252,0.028458,0.08587,0.004624,0.078918,0.0001,,,,,lstm
543289,372,0.003125,0.004287,1.90989,0.005252,0.023484,0.026544,0.008842,0.016153,0.0001,,,,,lstm
543289,372,-0.046794,0.004065,1.909909,0.005252,0.025064,0.05335,0.009432,0.029769,0.0001,,,,,lstm
543289,372,0.015805,0.005484,1.90993,0.005252,0.031681,0.077104,0.006971,0.058844,0.0001,,,,,lstm
543289,372,0.016759,0.005582,1.909951,0.005252,0.025859,0.050386,0.007946,0.036791,0.0001,,,,,lstm
543289,372,0.01288,0.002085,1.909979,0.005252,0.015252,0.036681,0.004021,0.030403,0.0001,,,,,lstm
549471,376,0.028023,0.004384,1.910008,0.005235,0.021652,0.087064,0.006985,0.075358,0.0001,,,,,lstm
549471,376,-0.084562,0.003437,1.910038,0.005235,0.020613,0.064803,0.004639,0.030377,0.0001,,,,,lstm
549471,376,-0.019009,0.003669,1.910079,0.005235,0.018705,0.055157,0.007337,0.051171,0.0001,,,,,lstm
549471,376,-0.317461,0.002364,1.910118,0.005235,0.013917,0.14657,0.002973,0.135913,0.0001,,,,,lstm
549471,376,-0.04115,0.003062,1.910143,0.005235,0.01933,0.031209,0.007526,0.01805,0.0001,,,,,lstm
549471,376,0.030634,0.004782,1.910168,0.005235,0.02377,0.058967,0.010445,0.047712,0.0001,,,,,lstm
549471,376,-0.064848,0.00393,1.910197,0.005235,0.018381,0.038844,0.005584,0.033326,0.0001,,,,,lstm
549471,376,-0.280657,0.002194,1.910221,0.005235,0.016898,0.160564,0.003522,0.074118,0.0001,,,,,lstm
549471,376,-0.011815,0.003433,1.910215,0.005235,0.017728,0.075541,0.00574,0.061399,0.0001,,,,,lstm
549471,376,-0.045617,0.002965,1.910207,0.005235,0.016139,0.034818,0.002334,0.025573,0.0001,,,,,lstm
549471,376,-0.02046,0.004955,1.910203,0.005235,0.022171,0.082027,0.003266,0.040834,0.0001,,,,,lstm
549471,376,-0.211024,0.002872,1.9102,0.005235,0.017598,0.262854,0.004333,0.224411,0.0001,,,,,lstm
549471,376,-0.004176,0.003865,1.91021,0.005235,0.020427,0.047171,0.003761,0.01286,0.0001,,,,,lstm
549471,376,-0.045475,0.003653,1.910223,0.005235,0.015685,0.083912,0.002831,0.071464,0.0001,,,,,lstm
549471,376,-0.032006,0.003901,1.910232,0.005235,0.018806,0.187026,0.004049,0.167195,0.0001,,,,,lstm
549471,376,-0.154126,0.002254,1.910241,0.005235,0.01478,0.152626,0.002045,0.07482,0.0001,,,,,lstm
555568,380,0.009265,0.0041,1.910287,0.005219,0.021745,0.045336,0.003951,0.026931,0.0001,,,,,lstm
555568,380,-0.097347,0.004357,1.910329,0.005219,0.020781,0.057067,0.001123,0.043637,0.0001,,,,,lstm
555568,380,-0.009984,0.003192,1.910372,0.005219,0.017458,0.030403,0.002933,0.009683,0.0001,,,,,lstm
555568,380,-0.010554,0.003893,1.910405,0.005219,0.018913,0.079638,0.003797,0.067574,0.0001,,,,,lstm
555568,380,-0.055502,0.005102,1.910432,0.005219,0.021435,0.094984,0.004536,0.082779,0.0001,,,,,lstm
555568,380,-0.033036,0.002653,1.91047,0.005219,0.017881,0.06647,0.003472,0.053128,0.0001,,,,,lstm
555568,380,0.040108,0.004872,1.910503,0.005219,0.023705,0.029494,0.008783,0.0333,0.0001,,,,,lstm
555568,380,-0.129544,0.002718,1.91053,0.005219,0.016098,0.030283,0.002462,0.016175,0.0001,,,,,lstm
555568,380,-0.00625,0.004373,1.910551,0.005219,0.020351,0.034601,0.007132,0.016111,0.0001,,,,,lstm
555568,380,-0.027053,0.004079,1.910573,0.005219,0.020286,0.022723,0.007209,0.017982,0.0001,,,,,lstm
555568,380,-0.028412,0.003134,1.910589,0.005219,0.018149,0.052967,0.00677,0.026919,0.0001,,,,,lstm
555568,380,-0.042642,0.00502,1.910609,0.005219,0.023618,0.064739,0.007405,0.062463,0.0001,,,,,lstm
561894,384,-0.141934,0.003142,1.910624,0.005203,0.014846,0.022084,0.004005,0.011744,0.0001,,,,,lstm
561894,384,-0.007418,0.003848,1.91064,0.005203,0.020976,0.065002,0.008673,0.045,0.0001,,,,,lstm
561894,384,0.049563,0.005002,1.910643,0.005203,0.023788,0.063018,0.009715,0.04921,0.0001,,,,,lstm
561894,384,-0.032813,0.002092,1.910643,0.005203,0.011385,0.064269,0.003476,0.047877,0.0001,,,,,lstm
561894,384,-0.015961,0.004932,1.910645,0.005203,0.023291,0.074819,0.002522,0.062192,0.0001,,,,,lstm
561894,384,-0.018275,0.003403,1.910653,0.005203,0.022664,0.046561,0.002325,0.012244,0.0001,,,,,lstm
561894,384,-0.094383,0.002541,1.91065,0.005203,0.020884,0.018622,0.008512,0.016113,0.0001,,,,,lstm
561894,384,0.259917,0.007187,1.910647,0.005203,0.039974,0.163592,0.007833,0.074176,0.0001,,,,,lstm
561894,384,0.068926,0.004788,1.910598,0.005203,0.032785,0.028406,0.006177,0.008068,0.0001,,,,,lstm
561894,384,-0.16058,0.002414,1.910544,0.005203,0.027529,0.028558,0.017545,0.036144,0.0001,,,,,lstm
561894,384,-0.082981,0.003173,1.910499,0.005203,0.032408,0.040395,0.015472,0.033665,0.0001,,,,,lstm
561894,384,0.744536,0.011588,1.910449,0.005203,0.070741,0.125641,0.020528,0.075792,0.0001,,,,,lstm
561894,384,0.023193,0.003323,1.910398,0.005203,0.032045,0.017412,0.012248,0.016652,0.0001,,,,,lstm
561894,384,-0.016238,0.004355,1.910348,0.005203,0.037227,0.061198,0.013563,0.042655,0.0001,,,,,lstm
561894,384,-0.07438,0.003532,1.910287,0.005203,0.032677,0.034886,0.014535,0.029823,0.0001,,,,,lstm
561894,384,-0.33285,0.002147,1.910236,0.005203,0.031439,0.052026,0.021979,0.037697,0.0001,,,,,lstm
567651,388,-0.04431,0.005769,1.910195,0.005187,0.0252,0.054121,0.005268,0.029709,0.0001,,,,,lstm
567651,388,5.1e-05,0.004404,1.910162,0.005187,0.023316,0.06404,0.002622,0.046806,0.0001,,,,,lstm
567651,388,0.087455,0.004139,1.910138,0.005187,0.019146,0.033275,0.00575,0.021748,0.0001,,,,,lstm
567651,388,0.026929,0.003573,1.910115,0.005187,0.017911,0.017943,0.004353,0.008075,0.0001,,,,,lstm
567651,388,-0.019354,0.005038,1.910094,0.005187,0.025404,0.109546,0.002248,0.090872,0.0001,,,,,lstm
567651,388,0.026181,0.006276,1.910078,0.005187,0.026754,0.08723,0.003974,0.062219,0.0001,,,,,lstm
567651,388,0.005892,0.004658,1.910078,0.005187,0.019719,0.080959,0.00261,0.073067,0.0001,,,,,lstm
567651,388,0.046611,0.004737,1.910075,0.005187,0.026569,0.041249,0.003293,0.02739,0.0001,,,,,lstm
567651,388,-0.027237,0.005187,1.910081,0.005187,0.023878,0.09529,0.003492,0.075453,0.0001,,,,,lstm
567651,388,-0.060282,0.006867,1.910101,0.005187,0.0289,0.065991,0.007797,0.02656,0.0001,,,,,lstm
567651,388,0.031687,0.003762,1.910139,0.005187,0.023508,0.012747,0.002203,0.008568,0.0001,,,,,lstm
567651,388,0.07024,0.003371,1.910176,0.005187,0.020858,0.038134,0.001798,0.029253,0.0001,,,,,lstm
573254,392,0.053364,0.005514,1.910208,0.005171,0.026234,0.033143,0.005148,0.013508,0.0001,,,,,lstm
573254,392,-0.055841,0.003196,1.910245,0.005171,0.022131,0.067119,0.009591,0.042805,0.0001,,,,,lstm
573254,392,0.054205,0.005401,1.910282,0.005171,0.028051,0.074824,0.005891,0.060449,0.0001,,,,,lstm
573254,392,-0.04644,0.007439,1.910318,0.005171,0.031612,0.079058,0.009246,0.055244,0.0001,,,,,lstm
573254,392,0.069628,0.003177,1.910359,0.005171,0.02078,0.026997,0.001422,0.028243,0.0001,,,,,lstm
573254,392,0.017264,0.002933,1.910393,0.005171,0.015313,0.020624,0.002095,0.02388,0.0001,,,,,lstm
573254,392,0.097466,0.003484,1.910423,0.005171,0.017956,0.033043,0.008376,0.020466,0.0001,,,,,lstm
573254,392,-0.045119,0.005832,1.910447,0.005171,0.030945,0.109517,0.005223,0.064534,0.0001,,,,,lstm
573254,392,-0.0183,0.00517,1.910465,0.005171,0.024513,0.070074,0.009218,0.046088,0.0001,,,,,lstm
573254,392,0.083537,0.004983,1.910491,0.005171,0.030118,0.043876,0.017263,0.032908,0.0001,,,,,lstm
573254,392,-0.083831,0.006003,1.910512,0.005171,0.033864,0.081972,0.009229,0.038459,0.0001,,,,,lstm
573254,392,0.055132,0.004056,1.910543,0.005171,0.027086,0.033575,0.016888,0.031256,0.0001,,,,,lstm
579422,396,-0.02213,0.00363,1.910571,0.005154,0.018938,0.054524,0.005563,0.031389,0.0001,,,,,lstm
579422,396,0.020954,0.003693,1.910592,0.005154,0.023844,0.070115,0.006504,0.017257,0.0001,,,,,lstm
579422,396,-0.105036,0.004018,1.910613,0.005154,0.01801,0.043191,0.001392,0.023403,0.0001,,,,,lstm
579422,396,0.356578,0.001961,1.91063,0.005154,0.022791,0.147039,0.016303,0.049544,0.0001,,,,,lstm
579422,396,-0.000479,0.003945,1.910623,0.005154,0.022014,0.05978,0.003062,0.020446,0.0001,,,,,lstm
579422,396,-0.030756,0.003523,1.910599,0.005154,0.020229,0.07429,0.00196,0.028643,0.0001,,,,,lstm
579422,396,-0.064863,0.003717,1.910589,0.005154,0.020258,0.079497,0.001804,0.039692,0.0001,,,,,lstm
579422,396,-0.00538,0.002456,1.910581,0.005154,0.012043,0.147127,0.002252,0.092599,0.0001,,,,,lstm
579422,396,-0.002176,0.003601,1.910565,0.005154,0.021146,0.048654,0.002047,0.019753,0.0001,,,,,lstm
579422,396,-0.03381,0.00355,1.910547,0.005154,0.022972,0.053651,0.00333,0.016172,0.0001,,,,,lstm
579422,396,-0.054807,0.003861,1.910531,0.005154,0.025805,0.069478,0.005496,0.038133,0.0001,,,,,lstm
579422,396,-0.216157,0.001611,1.910515,0.005154,0.01557,0.039537,0.010745,0.022986,0.0001,,,,,lstm
579422,396,-0.052426,0.004951,1.910494,0.005154,0.025438,0.076306,0.004847,0.03895,0.0001,,,,,lstm
579422,396,0.019522,0.0029,1.910468,0.005154,0.021872,0.044228,0.002247,0.034328,0.0001,,,,,lstm
579422,396,-0.057127,0.003132,1.91045,0.005154,0.021632,0.065623,0.002316,0.029777,0.0001,,,,,lstm
579422,396,-0.277428,0.002339,1.910427,0.005154,0.015628,0.303684,0.011448,0.244756,0.0001,,,,,lstm
585020,400,-0.049037,0.00459,1.910416,0.005138,0.023957,0.056969,0.004056,0.045,0.0001,,,,,lstm
585020,400,0.037775,0.006325,1.910416,0.005138,0.023166,0.036733,0.002662,0.025503,0.0001,,,,,lstm
585020,400,0.048757,0.003192,1.910416,0.005138,0.020711,0.07157,0.000695,0.041964,0.0001,,,,,lstm
585020,400,0.072945,0.006822,1.910412,0.005138,0.02591,0.065283,0.001197,0.026045,0.0001,,,,,lstm
585020,400,-0.048912,0.003801,1.910417,0.005138,0.022083,0.046129,0.004118,0.027844,0.0001,,,,,lstm
585020,400,0.002721,0.003519,1.910424,0.005138,0.017086,0.03258,0.001213,0.025169,0.0001,,,,,lstm
585020,400,0.004825,0.004325,1.910422,0.005138,0.02122,0.025481,0.003187,0.021021,0.0001,,,,,lstm
585020,400,-0.013103,0.006256,1.910417,0.005138,0.028188,0.023434,0.004158,0.023202,0.0001,,,,,lstm
585020,400,0.044538,0.004129,1.910415,0.005138,0.021485,0.046275,0.010658,0.03495,0.0001,,,,,lstm
585020,400,0.049122,0.004581,1.910419,0.005138,0.028997,0.029963,0.013525,0.01995,0.0001,,,,,lstm
585020,400,-0.009685,0.005018,1.910415,0.005138,0.027891,0.051946,0.012269,0.037529,0.0001,,,,,lstm
585020,400,-0.01857,0.006531,1.910415,0.005138,0.033501,0.042074,0.011419,0.023115,0.0001,,,,,lstm
591275,404,0.004938,0.004234,1.910425,0.005122,0.024899,0.029868,0.009498,0.017566,0.0001,,,,,lstm
591275,404,-0.058059,0.004613,1.910442,0.005122,0.021185,0.02503,0.007004,0.023497,0.0001,,,,,lstm
591275,404,-0.027384,0.003035,1.910454,0.005122,0.018949,0.029918,0.006854,0.020087,0.0001,,,,,lstm
591275,404,-0.238759,0.002194,1.910457,0.005122,0.017568,0.059128,0.002993,0.039207,0.0001,,,,,lstm
591275,404,-0.012961,0.004638,1.910452,0.005122,0.025261,0.067304,0.009224,0.069425,0.0001,,,,,lstm
591275,404,0.007486,0.003484,1.910446,0.005122,0.021901,0.042622,0.008919,0.034491,0.0001,,,,,lstm
591275,404,-0.113684,0.003737,1.910448,0.005122,0.018592,0.025169,0.003283,0.012988,0.0001,,,,,lstm
591275,404,0.256743,0.003805,1.910451,0.005122,0.030237,0.362434,0.012627,0.251452,0.0001,,,,,lstm
591275,404,-0.050994,0.00251,1.91043,0.005122,0.015745,0.033097,0.002502,0.026569,0.0001,,,,,lstm
591275,404,0.053109,0.004987,1.910412,0.005122,0.026087,0.122729,0.00601,0.127074,0.0001,,,,,lstm
591275,404,-0.094566,0.004133,1.910391,0.005122,0.023399,0.108559,0.003115,0.096585,0.0001,,,,,lstm
591275,404,-0.087453,0.001866,1.910387,0.005122,0.015264,0.053703,0.006983,0.043714,0.0001,,,,,lstm
591275,404,0.0331,0.002986,1.910385,0.005122,0.024039,0.052201,0.005897,0.038409,0.0001,,,,,lstm
591275,404,0.006428,0.00405,1.910375,0.005122,0.031555,0.07406,0.007972,0.068746,0.0001,,,,,lstm
591275,404,-0.160333,0.003332,1.910364,0.005122,0.028259,0.049756,0.01442,0.040312,0.0001,,,,,lstm
591275,404,0.342463,0.01396,1.910361,0.005122,0.053591,0.378823,0.012244,0.240873,0.0001,,,,,lstm
597551,408,0.000674,0.004106,1.910333,0.005106,0.01874,0.019117,0.00597,0.017048,0.0001,,,,,lstm
597551,408,-0.040411,0.003523,1.910304,0.005106,0.019083,0.064613,0.007421,0.043489,0.0001,,,,,lstm
597551,408,-0.026648,0.004389,1.91027,0.005106,0.022695,0.054585,0.010882,0.028315,0.0001,,,,,lstm
597551,408,-0.291865,0.002664,1.910227,0.005106,0.016667,0.175285,0.003457,0.106824,0.0001,,,,,lstm
597551,408,-0.056685,0.003601,1.910155,0.005106,0.021559,0.034765,0.011978,0.028379,0.0001,,,,,lstm
597551,408,-0.021441,0.005,1.910082,0.005106,0.026265,0.050249,0.01449,0.026877,0.0001,,,,,lstm
597551,408,-0.016163,0.003642,1.910004,0.005106,0.024787,0.070757,0.013727,0.062927,0.0001,,,,,lstm
597551,408,0.074877,0.010546,1.909932,0.005106,0.03401,0.261495,0.020348,0.092139,0.0001,,,,,lstm
597551,408,-0.055228,0.00364,1.909813,0.005106,0.021364,0.048687,0.007109,0.025471,0.0001,,,,,lstm
597551,408,9e-06,0.005214,1.909694,0.005106,0.023676,0.043362,0.005712,0.015355,0.0001,,,,,lstm
597551,408,-0.035241,0.002871,1.909575,0.005106,0.018555,0.076466,0.002117,0.052669,0.0001,,,,,lstm
597551,408,0.034439,0.001967,1.909459,0.005106,0.015169,0.052556,0.005086,0.033775,0.0001,,,,,lstm
597551,408,-0.082504,0.003832,1.909354,0.005106,0.029437,0.059556,0.011279,0.054297,0.0001,,,,,lstm
597551,408,0.063648,0.004071,1.909248,0.005106,0.031456,0.04009,0.009584,0.026288,0.0001,,,,,lstm
597551,408,-0.054857,0.003426,1.909145,0.005106,0.034745,0.038005,0.015436,0.024058,0.0001,,,,,lstm
597551,408,-0.168377,0.002406,1.909042,0.005106,0.033026,0.098313,0.022861,0.067997,0.0001,,,,,lstm
603763,412,0.038089,0.004203,1.908942,0.00509,0.025454,0.051652,0.004263,0.03666,0.0001,,,,,lstm
603763,412,-0.01802,0.003634,1.908843,0.00509,0.022887,0.06289,0.005968,0.03394,0.0001,,,,,lstm
603763,412,-0.160751,0.004018,1.908764,0.00509,0.02257,0.051846,0.009594,0.047494,0.0001,,,,,lstm
603763,412,0.683804,0.005523,1.908686,0.00509,0.03352,0.269303,0.017975,0.123184,0.0001,,,,,lstm
603763,412,-0.046283,0.003522,1.908549,0.00509,0.0215,0.029326,0.007423,0.029568,0.0001,,,,,lstm
603763,412,-0.034399,0.004002,1.908426,0.00509,0.027724,0.049197,0.007777,0.02356,0.0001,,,,,lstm
603763,412,-0.019679,0.003873,1.90831,0.00509,0.025188,0.105918,0.007581,0.099692,0.0001,,,,,lstm
603763,412,-0.016608,0.010784,1.9082,0.00509,0.020089,0.235735,0.005436,0.135247,0.0001,,,,,lstm
603763,412,0.010738,0.004129,1.908056,0.00509,0.022475,0.052953,0.000998,0.040309,0.0001,,,,,lstm
603763,412,-0.05005,0.003524,1.90792,0.00509,0.020503,0.053755,0.001561,0.043825,0.0001,,,,,lstm
603763,412,-0.061634,0.004387,1.907796,0.00509,0.021024,0.049591,0.00484,0.037265,0.0001,,,,,lstm
603763,412,0.009786,0.007037,1.907681,0.00509,0.039419,0.241569,0.010524,0.196417,0.0001,,,,,lstm
603763,412,-0.043788,0.003669,1.907555,0.00509,0.020762,0.079262,0.008543,0.033164,0.0001,,,,,lstm
603763,412,0.065766,0.004858,1.907428,0.00509,0.027374,0.028547,0.012476,0.022954,0.0001,,,,,lstm
603763,412,-0.121572,0.004525,1.907313,0.00509,0.023309,0.058458,0.006126,0.04763,0.0001,,,,,lstm
603763,412,-0.013472,0.003167,1.907212,0.00509,0.019654,0.27928,0.005789,0.240358,0.0001,,,,,lstm
610085,416,-0.143433,0.002751,1.907159,0.005073,0.013186,0.043095,0.001522,0.028439,0.0001,,,,,lstm
610085,416,0.043744,0.004932,1.907106,0.005073,0.024105,0.057355,0.005388,0.022091,0.0001,,,,,lstm
610085,416,0.00921,0.003936,1.907044,0.005073,0.020733,0.069943,0.002716,0.049294,0.0001,,,,,lstm
610085,416,-0.093235,0.002556,1.906978,0.005073,0.015753,0.115843,0.00284,0.070127,0.0001,,,,,lstm
610085,416,-0.008993,0.004107,1.906928,0.005073,0.022327,0.051467,0.000848,0.024715,0.0001,,,,,lstm
610085,416,-0.099666,0.003223,1.906872,0.005073,0.018574,0.050785,0.005669,0.022483,0.0001,,,,,lstm
610085,416,-0.011493,0.003793,1.906805,0.005073,0.021705,0.089533,0.003743,0.06168,0.0001,,,,,lstm
610085,416,0.182848,0.00479,1.906744,0.005073,0.029604,0.198501,0.004285,0.135556,0.0001,,,,,lstm
610085,416,-0.121387,0.004255,1.906668,0.005073,0.021042,0.051711,0.007625,0.024688,0.0001,,,,,lstm
610085,416,-0.029027,0.003472,1.906583,0.005073,0.02191,0.06736,0.003723,0.043208,0.0001,,,,,lstm
610085,416,0.061095,0.003692,1.906499,0.005073,0.022952,0.095161,0.000665,0.070086,0.0001,,,,,lstm
610085,416,-0.116451,0.002029,1.906413,0.005073,0.015711,0.080559,0.005243,0.059948,0.0001,,,,,lstm
610085,416,0.006446,0.004178,1.906352,0.005073,0.020079,0.053495,0.000852,0.033159,0.0001,,,,,lstm
610085,416,-0.068357,0.004348,1.906295,0.005073,0.021144,0.085274,0.000562,0.02872,0.0001,,,,,lstm
610085,416,-0.027377,0.003022,1.906219,0.005073,0.018868,0.080752,0.002033,0.078047,0.0001,,,,,lstm
610085,416,-0.10175,0.002216,1.906152,0.005073,0.015933,0.154425,0.00189,0.139047,0.0001,,,,,lstm
615943,420,0.007503,0.003208,1.906076,0.005057,0.016526,0.027327,0.003569,0.020626,0.0001,,,,,lstm
615943,420,0.111202,0.005258,1.90601,0.005057,0.02572,0.074661,0.010901,0.038162,0.0001,,,,,lstm
615943,420,-0.127685,0.005393,1.905949,0.005057,0.029252,0.064101,0.002969,0.053551,0.0001,,,,,lstm
615943,420,0.149588,0.005569,1.905889,0.005057,0.028705,0.070107,0.013771,0.037271,0.0001,,,,,lstm
615943,420,-0.07544,0.004753,1.905839,0.005057,0.024101,0.06987,0.003411,0.037452,0.0001,,,,,lstm
615943,420,-0.076271,0.003436,1.905775,0.005057,0.018806,0.040325,0.001928,0.031524,0.0001,,,,,lstm
615943,420,0.013435,0.004303,1.905725,0.005057,0.020934,0.06106,0.003524,0.046458,0.0001,,,,,lstm
615943,420,0.014401,0.003391,1.90567,0.005057,0.019185,0.038726,0.001485,0.022936,0.0001,,,,,lstm
615943,420,-0.023209,0.00587,1.90563,0.005057,0.028362,0.090824,0.004661,0.049475,0.0001,,,,,lstm
615943,420,0.04963,0.003845,1.905591,0.005057,0.020595,0.048937,0.001477,0.032408,0.0001,,,,,lstm
615943,420,-0.029147,0.005107,1.90555,0.005057,0.027462,0.128834,0.00684,0.112163,0.0001,,,,,lstm
615943,420,-0.014208,0.004142,1.90551,0.005057,0.022059,0.029898,0.005125,0.017781,0.0001,,,,,lstm
622136,424,-0.084465,0.004956,1.905479,0.005041,0.021571,0.059022,0.001395,0.0345,0.0001,,,,,lstm
622136,424,0.058587,0.003917,1.905452,0.005041,0.022476,0.069195,0.004451,0.048072,0.0001,,,,,lstm
622136,424,-0.074533,0.002977,1.905421,0.005041,0.017878,0.038761,0.00154,0.030863,0.0001,,,,,lstm
622136,424,-0.099575,0.003657,1.905393,0.005041,0.020232,0.307233,0.001546,0.13878,0.0001,,,,,lstm
622136,424,0.003519,0.004012,1.905406,0.005041,0.02076,0.039869,0.004126,0.031919,0.0001,,,,,lstm
622136,424,-0.04702,0.004396,1.905416,0.005041,0.02395,0.037593,0.001929,0.034552,0.0001,,,,,lstm
622136,424,-0.054394,0.003581,1.905424,0.005041,0.017948,0.027522,0.00091,0.019049,0.0001,,,,,lstm
622136,424,-0.097511,0.001818,1.905432,0.005041,0.00768,0.060342,0.002894,0.032299,0.0001,,,,,lstm
622136,424,-0.051242,0.002918,1.905455,0.005041,0.017511,0.055372,0.001928,0.050871,0.0001,,,,,lstm
622136,424,-0.106489,0.004001,1.905475,0.005041,0.018492,0.028437,0.003661,0.012967,0.0001,,,,,lstm
622136,424,0.059562,0.004701,1.905502,0.005041,0.025292,0.131684,0.002446,0.120146,0.0001,,,,,lstm
622136,424,-0.132909,0.003002,1.905512,0.005041,0.028441,0.237791,0.004471,0.130178,0.0001,,,,,lstm
622136,424,-0.054615,0.004125,1.905537,0.005041,0.019097,0.034967,0.000653,0.02434,0.0001,,,,,lstm
622136,424,0.081633,0.004094,1.90556,0.005041,0.022728,0.083485,0.003402,0.053503,0.0001,,,,,lstm
622136,424,-0.121363,0.003502,1.905565,0.005041,0.019441,0.020279,0.002086,0.010064,0.0001,,,,,lstm
622136,424,-0.180824,0.002077,1.905575,0.005041,0.011123,0.161441,0.004783,0.033942,0.0001,,,,,lstm
628405,428,-0.115219,0.002942,1.905636,0.005025,0.018208,0.05287,0.000501,0.013176,0.0001,,,,,lstm
628405,428,0.104648,0.005164,1.905707,0.005025,0.02422,0.074415,0.008941,0.044239,0.0001,,,,,lstm
628405,428,-0.060475,0.003483,1.905782,0.005025,0.017383,0.036022,0.003728,0.009163,0.0001,,,,,lstm
628405,428,-0.298133,0.002774,1.905859,0.005025,0.014039,0.172779,0.002983,0.147155,0.0001,,,,,lstm
628405,428,-0.044948,0.003611,1.905908,0.005025,0.020477,0.119353,0.006151,0.122906,0.0001,,,,,lstm
628405,428,-0.034852,0.00412,1.905959,0.005025,0.018869,0.097826,0.00635,0.104423,0.0001,,,,,lstm
628405,428,-0.016296,0.003814,1.906008,0.005025,0.020659,0.112056,0.004802,0.111466,0.0001,,,,,lstm
628405,428,0.000505,0.007528,1.906062,0.005025,0.017563,0.108536,0.001706,0.059852,0.0001,,,,,lstm
628405,428,-0.03373,0.003214,1.906088,0.005025,0.020628,0.056532,0.002455,0.044343,0.0001,,,,,lstm
628405,428,-0.128192,0.003637,1.906119,0.005025,0.020757,0.132547,0.007339,0.127046,0.0001,,,,,lstm
628405,428,0.072473,0.004153,1.906155,0.005025,0.022928,0.17986,0.001602,0.174531,0.0001,,,,,lstm
628405,428,-0.096001,0.001976,1.9062,0.005025,0.014714,0.099688,0.008932,0.090495,0.0001,,,,,lstm
628405,428,-0.142167,0.00257,1.906233,0.005025,0.016561,0.046295,0.004532,0.030814,0.0001,,,,,lstm
628405,428,-0.014678,0.004546,1.906263,0.005025,0.020551,0.092257,0.003424,0.086985,0.0001,,,,,lstm
628405,428,0.036825,0.004082,1.906291,0.005025,0.018936,0.10905,0.00405,0.108459,0.0001,,,,,lstm
628405,428,0.380012,0.006043,1.906327,0.005025,0.033717,0.298769,0.016122,0.145812,0.0001,,,,,lstm
634570,432,-0.073545,0.004073,1.906394,0.005009,0.018348,0.050915,0.001347,0.029588,0.0001,,,,,lstm
634570,432,0.077672,0.003943,1.906445,0.005009,0.019993,0.080051,0.00246,0.038483,0.0001,,,,,lstm
634570,432,-0.090766,0.00368,1.906482,0.005009,0.022475,0.046328,0.007791,0.042605,0.0001,,,,,lstm
634570,432,-0.149701,0.002501,1.906516,0.005009,0.018521,0.05666,0.013609,0.04799,0.0001,,,,,lstm
634570,432,0.036381,0.004457,1.906551,0.005009,0.028948,0.094364,0.007202,0.048477,0.0001,,,,,lstm
634570,432,-0.084679,0.002996,1.906574,0.005009,0.026089,0.033562,0.012945,0.032651,0.0001,,,,,lstm
634570,432,-0.067413,0.004002,1.906597,0.005009,0.028381,0.040152,0.011875,0.022505,0.0001,,,,,lstm
634570,432,0.847637,0.004668,1.906608,0.005009,0.036665,0.885696,0.019249,0.664807,0.0001,,,,,lstm
634570,432,0.036928,0.004119,1.906562,0.005009,0.026676,0.075229,0.007239,0.061253,0.0001,,,,,lstm
634570,432,-0.009668,0.003227,1.906501,0.005009,0.024125,0.16621,0.008191,0.173777,0.0001,,,,,lstm
634570,432,-0.13436,0.003778,1.906443,0.005009,0.025536,0.18888,0.011747,0.19561,0.0001,,,,,lstm
634570,432,0.483855,0.016317,1.906395,0.005009,0.054217,0.904505,0.022156,0.690927,0.0001,,,,,lstm
634570,432,0.048996,0.004053,1.90641,0.005009,0.02313,0.056782,0.001684,0.030032,0.0001,,,,,lstm
634570,432,-0.104405,0.004261,1.906424,0.005009,0.021401,0.129895,0.003694,0.127578,0.0001,,,,,lstm
634570,432,-0.036118,0.002642,1.906429,0.005009,0.016584,0.136652,0.001047,0.144766,0.0001,,,,,lstm
634570,432,-0.104101,0.018534,1.906432,0.005009,0.013852,0.100876,0.006717,0.059292,0.0001,,,,,lstm
639527,436,-0.059885,0.003914,1.906415,0.004992,0.02553,0.084719,0.003487,0.043295,0.0001,,,,,lstm
639527,436,0.023784,0.00537,1.906395,0.004992,0.026957,0.057713,0.002776,0.031355,0.0001,,,,,lstm
639527,436,0.072951,0.004079,1.906369,0.004992,0.02418,0.08349,0.007984,0.051141,0.0001,,,,,lstm
639527,436,0.058219,0.005666,1.90635,0.004992,0.032381,0.047807,0.009453,0.032174,0.0001,,,,,lstm
639527,436,-0.079006,0.004048,1.906322,0.004992,0.026154,0.070315,0.006141,0.061634,0.0001,,,,,lstm
639527,436,0.040619,0.004499,1.906293,0.004992,0.027905,0.134512,0.010905,0.121978,0.0001,,,,,lstm
639527,436,-0.066724,0.005151,1.906259,0.004992,0.027867,0.085694,0.003694,0.047621,0.0001,,,,,lstm
639527,436,0.003267,0.004313,1.906225,0.004992,0.025562,0.051297,0.00426,0.026514,0.0001,,,,,lstm
639527,436,0.134951,0.00413,1.906184,0.004992,0.030193,0.094511,0.008251,0.056947,0.0001,,,,,lstm
639527,436,0.008931,0.004277,1.906146,0.004992,0.02673,0.090517,0.000649,0.070989,0.0001,,,,,lstm
639527,436,0.054694,0.00374,1.906122,0.004992,0.024987,0.042789,0.000971,0.022314,0.0001,,,,,lstm
639527,436,-0.157323,0.006514,1.906088,0.004992,0.029003,0.086083,0.010751,0.058399,0.0001,,,,,lstm
643723,440,-0.031622,0.006254,1.906047,0.004976,0.0282,0.103291,0.00778,0.086191,0.0001,,,,,lstm
643723,440,0.049468,0.005521,1.906019,0.004976,0.028367,0.101319,0.003127,0.087834,0.0001,,,,,lstm
643723,440,0.138822,0.00253,1.906013,0.004976,0.026787,0.06302,0.010568,0.047318,0.0001,,,,,lstm
643723,440,-0.042736,0.006904,1.905997,0.004976,0.037496,0.090341,0.005114,0.090308,0.0001,,,,,lstm
643723,440,0.058821,0.005492,1.905994,0.004976,0.035379,0.073663,0.011611,0.060289,0.0001,,,,,lstm
643723,440,0.19972,0.002693,1.906002,0.004976,0.030505,0.052056,0.019392,0.047404,0.0001,,,,,lstm
643723,440,0.036192,0.006997,1.906013,0.004976,0.036101,0.092898,0.008505,0.042498,0.0001,,,,,lstm
643723,440,-0.00301,0.005224,1.906037,0.004976,0.0344,0.069313,0.00597,0.049733,0.0001,,,,,lstm
643723,440,-0.039461,0.002859,1.906072,0.004976,0.032907,0.167615,0.007771,0.102721,0.0001,,,,,lstm
643723,440,0.061428,0.006463,1.906082,0.004976,0.029918,0.093564,0.001667,0.044607,0.0001,,,,,lstm
643723,440,-0.043971,0.005182,1.906119,0.004976,0.027424,0.104458,0.010238,0.098083,0.0001,,,,,lstm
643723,440,0.211206,0.001735,1.906152,0.004976,0.008695,0.036462,0.004008,0.01445,0.0001,,,,,lstm
649942,444,-0.013526,0.004577,1.90619,0.00496,0.024143,0.072088,0.001255,0.042931,0.0001,,,,,lstm
649942,444,-0.082634,0.003362,1.906226,0.00496,0.018338,0.059181,0.002599,0.044492,0.0001,,,,,lstm
649942,444,0.016818,0.003352,1.90625,0.00496,0.020425,0.058579,0.001797,0.035795,0.0001,,,,,lstm
649942,444,-0.079366,0.001775,1.906265,0.00496,0.011036,0.069553,0.006848,0.065365,0.0001,,,,,lstm
649942,444,0.044955,0.003108,1.906282,0.00496,0.019533,0.059017,0.003584,0.037692,0.0001,,,,,lstm
649942,444,-0.18819,0.002943,1.906295,0.00496,0.020676,0.055249,0.011312,0.027904,0.0001,,,,,lstm
649942,444,0.060923,0.005051,1.906303,0.00496,0.02956,0.065454,0.003122,0.036158,0.0001,,,,,lstm
649942,444,0.027621,0.002555,1.906304,0.00496,0.019779,0.126774,0.006043,0.056942,0.0001,,,,,lstm
649942,444,-0.031912,0.003776,1.906276,0.00496,0.025306,0.051587,0.005894,0.033216,0.0001,,,,,lstm
649942,444,-0.015427,0.004518,1.906246,0.00496,0.02488,0.077039,0.003155,0.033638,0.0001,,,,,lstm
649942,444,-0.016849,0.002808,1.906201,0.00496,0.016938,0.046295,0.004108,0.028451,0.0001,,,,,lstm
649942,444,-0.355687,0.002534,1.906163,0.00496,0.017841,0.248583,0.01196,0.241787,0.0001,,,,,lstm
649942,444,0.005179,0.004492,1.906101,0.00496,0.020033,0.07492,0.001305,0.068883,0.0001,,,,,lstm
649942,444,0.003028,0.004132,1.906042,0.00496,0.023359,0.057167,0.000497,0.024045,0.0001,,,,,lstm
649942,444,-0.083083,0.002625,1.905975,0.00496,0.018329,0.057945,0.003195,0.049901,0.0001,,,,,lstm
649942,444,-0.101279,0.001792,1.905913,0.00496,0.012866,0.083948,0.00631,0.072043,0.0001,,,,,lstm
656248,448,-0.088848,0.003507,1.90586,0.004944,0.02204,0.044425,0.004954,0.018404,0.0001,,,,,lstm
656248,448,0.061428,0.004815,1.90581,0.004944,0.027694,0.061764,0.001281,0.063198,0.0001,,,,,lstm
656248,448,-0.036968,0.003338,1.905766,0.004944,0.0206,0.045878,0.00263,0.039024,0.0001,,,,,lstm
656248,448,-0.190995,0.002405,1.905723,0.004944,0.016345,0.092939,0.007096,0.043953,0.0001,,,,,lstm
656248,448,-0.089949,0.003152,1.905708,0.004944,0.023503,0.043675,0.004553,0.0477,0.0001,,,,,lstm
656248,448,-0.01505,0.004304,1.905694,0.004944,0.023283,0.137509,0.002682,0.147131,0.0001,,,,,lstm
656248,448,0.020802,0.004149,1.905689,0.004944,0.023061,0.024172,0.002117,0.010151,0.0001,,,,,lstm
656248,448,0.020765,0.002718,1.905688,0.004944,0.020177,0.135933,0.004959,0.067259,0.0001,,,,,lstm
656248,448,-0.018425,0.003341,1.905667,0.004944,0.020327,0.037759,0.003147,0.025855,0.0001,,,,,lstm
656248,448,-0.12491,0.003781,1.905641,0.004944,0.020473,0.04578,0.004739,0.039915,0.0001,,,,,lstm
656248,448,0.05207,0.003895,1.905611,0.004944,0.024144,0.032574,0.001971,0.012239,0.0001,,,,,lstm
656248,448,0.092385,0.006943,1.905591,0.004944,0.028015,0.103111,0.00677,0.084047,0.0001,,,,,lstm
656248,448,0.018839,0.004553,1.905565,0.004944,0.022367,0.050892,0.001436,0.034575,0.0001,,,,,lstm
656248,448,0.01171,0.003524,1.905539,0.004944,0.022775,0.057628,0.001406,0.046904,0.0001,,,,,lstm
656248,448,-0.109503,0.003357,1.905513,0.004944,0.020805,0.045558,0.006711,0.030256,0.0001,,,,,lstm
656248,448,-0.03806,0.002277,1.90549,0.004944,0.018661,0.301197,0.004859,0.334008,0.0001,,,,,lstm
662457,452,-0.077228,0.003767,1.905443,0.004928,0.019058,0.058372,0.002868,0.053929,0.0001,,,,,lstm
662457,452,0.003833,0.004205,1.905404,0.004928,0.021877,0.058735,0.00151,0.058079,0.0001,,,,,lstm
662457,452,-0.02064,0.00357,1.905374,0.004928,0.022411,0.069993,0.00229,0.033247,0.0001,,,,,lstm
662457,452,-0.072692,0.002576,1.905365,0.004928,0.01337,0.178213,0.002422,0.127348,0.0001,,,,,lstm
662457,452,-0.087207,0.004165,1.905343,0.004928,0.0223,0.064614,0.003439,0.043049,0.0001,,,,,lstm
662457,452,-0.035102,0.003909,1.905325,0.004928,0.021856,0.043677,0.009256,0.030066,0.0001,,,,,lstm
662457,452,-0.013854,0.004173,1.905312,0.004928,0.023474,0.089935,0.012601,0.098729,0.0001,,,,,lstm
662457,452,0.848933,0.011888,1.905313,0.004928,0.063054,0.419385,0.044595,0.202145,0.0001,,,,,lstm
662457,452,0.045242,0.004966,1.905348,0.004928,0.024499,0.122121,0.006886,0.127761,0.0001,,,,,lstm
662457,452,-0.04845,0.002961,1.905398,0.004928,0.022804,0.035769,0.007957,0.025315,0.0001,,,,,lstm
662457,452,-0.092552,0.003954,1.90544,0.004928,0.032147,0.045859,0.016973,0.047894,0.0001,,,,,lstm
662457,452,-0.023846,0.002905,1.905481,0.004928,0.030594,0.136781,0.020739,0.090106,0.0001,,,,,lstm
662457,452,0.008581,0.003928,1.905494,0.004928,0.040757,0.07732,0.02183,0.056274,0.0001,,,,,lstm
662457,452,-0.090477,0.004633,1.905526,0.004928,0.041692,0.055221,0.024114,0.070411,0.0001,,,,,lstm
662457,452,-0.020025,0.003337,1.905547,0.004928,0.033284,0.051772,0.017185,0.056199,0.0001,,,,,lstm
662457,452,0.088753,0.003964,1.905572,0.004928,0.031266,0.154775,0.010027,0.102152,0.0001,,,,,lstm
668671,456,-0.082259,0.003274,1.905586,0.004911,0.021118,0.050423,0.005732,0.035254,0.0001,,,,,lstm
668671,456,0.040236,0.003963,1.905611,0.004911,0.022114,0.075191,0.00722,0.064528,0.0001,,,,,lstm
668671,456,-0.012179,0.004489,1.905625,0.004911,0.025891,0.039486,0.013345,0.042254,0.0001,,,,,lstm
668671,456,-0.678358,0.003522,1.905639,0.004911,0.01597,0.255332,0.001594,0.134635,0.0001,,,,,lstm
668671,456,-0.093791,0.004721,1.905628,0.004911,0.031365,0.283528,0.018927,0.328129,0.0001,,,,,lstm
668671,456,-0.04474,0.003968,1.905621,0.004911,0.033275,0.30261,0.02106,0.338333,0.0001,,,,,lstm
668671,456,0.053676,0.005583,1.905625,0.004911,0.035957,0.273586,0.02243,0.310276,0.0001,,,,,lstm
668671,456,-0.316484,0.00308,1.905619,0.004911,0.018606,0.168659,0.007531,0.164564,0.0001,,,,,lstm
668671,456,-0.081109,0.003942,1.905616,0.004911,0.023122,0.105563,0.010616,0.097162,0.0001,,,,,lstm
668671,456,-0.016544,0.004123,1.905609,0.004911,0.020062,0.229377,0.007073,0.228952,0.0001,,,,,lstm
668671,456,-0.00497,0.003138,1.905601,0.004911,0.017753,0.353283,0.002917,0.362767,0.0001,,,,,lstm
668671,456,0.272521,0.014002,1.905602,0.004911,0.031947,0.429982,0.016743,0.180517,0.0001,,,,,lstm
668671,456,-0.030278,0.003567,1.905689,0.004911,0.017108,0.138366,0.001015,0.151531,0.0001,,,,,lstm
668671,456,0.034883,0.004218,1.905776,0.004911,0.019162,0.065833,0.001563,0.06596,0.0001,,,,,lstm
668671,456,-0.088385,0.003431,1.905847,0.004911,0.01851,0.038586,0.001746,0.038732,0.0001,,,,,lstm
668671,456,0.029331,0.002492,1.905908,0.004911,0.017893,0.322879,0.002784,0.33401,0.0001,,,,,lstm
675043,460,-0.108637,0.002382,1.905979,0.004895,0.01424,0.015423,0.001974,0.017288,0.0001,,,,,lstm
675043,460,-0.028401,0.004495,1.90604,0.004895,0.020893,0.083013,0.002925,0.04644,0.0001,,,,,lstm
675043,460,0.009955,0.004029,1.906108,0.004895,0.02197,0.109609,0.002747,0.094588,0.0001,,,,,lstm
675043,460,0.263764,0.009288,1.906177,0.004895,0.030713,0.610859,0.012299,0.315722,0.0001,,,,,lstm
675043,460,-0.013557,0.004078,1.906225,0.004895,0.027665,0.148942,0.007729,0.143341,0.0001,,,,,lstm
675043,460,-0.003217,0.00432,1.906271,0.004895,0.033015,0.109065,0.013385,0.079263,0.0001,,,,,lstm
675043,460,-0.087393,0.003209,1.906314,0.004895,0.037587,0.03509,0.021149,0.0292,0.0001,,,,,lstm
675043,460,0.052476,0.003534,1.906355,0.004895,0.041151,0.141109,0.021018,0.080155,0.0001,,,,,lstm
675043,460,-0.013011,0.00339,1.90638,0.004895,0.041109,0.070914,0.022576,0.06965,0.0001,,,,,lstm
675043,460,-0.068517,0.003798,1.906399,0.004895,0.042577,0.150176,0.022068,0.123495,0.0001,,,,,lstm
675043,460,-0.043983,0.003732,1.906436,0.004895,0.034211,0.088648,0.016814,0.084555,0.0001,,,,,lstm
675043,460,0.233043,0.010114,1.906475,0.004895,0.046249,0.227577,0.003439,0.125426,0.0001,,,,,lstm
675043,460,-0.04313,0.003292,1.906496,0.004895,0.022219,0.038115,0.003995,0.011074,0.0001,,,,,lstm
675043,460,-0.014403,0.005107,1.90652,0.004895,0.025387,0.19012,0.00473,0.180632,0.0001,,,,,lstm
675043,460,-0.019841,0.00357,1.906548,0.004895,0.023786,0.149661,0.009614,0.14144,0.0001,,,,,lstm
675043,460,-0.183484,0.003315,1.90656,0.004895,0.029602,0.14047,0.01083,0.156477,0.0001,,,,,lstm
681321,464,-0.026583,0.004719,1.906577,0.004879,0.022748,0.046451,0.008579,0.039715,0.0001,,,,,lstm
681321,464,-0.094456,0.003107,1.906589,0.004879,0.019677,0.063333,0.006493,0.041613,0.0001,,,,,lstm
681321,464,0.034593,0.003789,1.906597,0.004879,0.022715,0.208722,0.01094,0.202968,0.0001,,,,,lstm
681321,464,-0.104026,0.001963,1.906611,0.004879,0.013823,0.138258,0.006353,0.129552,0.0001,,,,,lstm
681321,464,-0.002747,0.003804,1.906615,0.004879,0.022347,0.139582,0.011507,0.14922,0.0001,,,,,lstm
681321,464,-0.057817,0.004381,1.906623,0.004879,0.025165,0.049352,0.011178,0.021299,0.0001,,,,,lstm
681321,464,-0.020543,0.003743,1.906633,0.004879,0.025399,0.031811,0.011693,0.030017,0.0001,,,,,lstm
681321,464,-0.162529,0.002588,1.906641,0.004879,0.017008,0.10256,0.005104,0.058004,0.0001,,,,,lstm
681321,464,0.02954,0.004476,1.906631,0.004879,0.025649,0.078223,0.011918,0.075821,0.0001,,,,,lstm
681321,464,-0.054578,0.003277,1.906616,0.004879,0.019198,0.043309,0.005173,0.015197,0.0001,,,,,lstm
681321,464,-0.054741,0.003828,1.906614,0.004879,0.021749,0.117826,0.003228,0.108602,0.0001,,,,,lstm
681321,464,-0.176807,0.002143,1.906609,0.004879,0.016373,0.160551,0.006487,0.155699,0.0001,,,,,lstm
681321,464,0.02753,0.004811,1.906603,0.004879,0.026334,0.0745,0.001983,0.021997,0.0001,,,,,lstm
681321,464,-0.092879,0.003041,1.906604,0.004879,0.022733,0.082473,0.007866,0.071451,0.0001,,,,,lstm
681321,464,-0.024515,0.002929,1.906606,0.004879,0.022414,0.021229,0.006954,0.018687,0.0001,,,,,lstm
681321,464,0.005036,0.001736,1.906606,0.004879,0.014295,0.089282,0.00485,0.064888,0.0001,,,,,lstm
687148,468,-0.072714,0.005774,1.906596,0.004863,0.028095,0.083989,0.010906,0.049894,0.0001,,,,,lstm
687148,468,-0.01529,0.004335,1.906585,0.004863,0.020161,0.026038,0.007069,0.013237,0.0001,,,,,lstm
687148,468,0.157186,0.00418,1.906582,0.004863,0.022224,0.039709,0.001357,0.034452,0.0001,,,,,lstm
687148,468,0.002467,0.004913,1.906578,0.004863,0.022885,0.07876,0.00574,0.060489,0.0001,,,,,lstm
687148,468,0.038123,0.003138,1.90657,0.004863,0.018731,0.044711,0.002897,0.024946,0.0001,,,,,lstm
687148,468,0.007868,0.006507,1.906562,0.004863,0.027664,0.11737,0.005621,0.085446,0.0001,,,,,lstm
687148,468,-0.064563,0.004939,1.906562,0.004863,0.024234,0.101962,0.007936,0.072674,0.0001,,,,,lstm
687148,468,0.051568,0.003837,1.906564,0.004863,0.020335,0.055345,0.000544,0.034864,0.0001,,,,,lstm
687148,468,0.072786,0.005814,1.906563,0.004863,0.023396,0.050223,0.000321,0.030455,0.0001,,,,,lstm
687148,468,0.05307,0.005067,1.906567,0.004863,0.025529,0.042024,0.001247,0.019154,0.0001,,,,,lstm
687148,468,0.001302,0.004949,1.906571,0.004863,0.022838,0.028471,0.004859,0.025143,0.0001,,,,,lstm
687148,468,-0.00399,0.004452,1.906576,0.004863,0.019305,0.03482,0.004421,0.033949,0.0001,,,,,lstm
693453,472,-0.048837,0.003612,1.906584,0.004847,0.02203,0.065944,0.001798,0.024524,0.0001,,,,,lstm
693453,472,-0.080936,0.003428,1.906603,0.004847,0.022201,0.072452,0.002881,0.049862,0.0001,,,,,lstm
693453,472,-0.010804,0.004434,1.906628,0.004847,0.021524,0.074347,0.002343,0.055951,0.0001,,,,,lstm
693453,472,0.582813,0.009329,1.906661,0.004847,0.049862,0.375165,0.020485,0.179768,0.0001,,,,,lstm
693453,472,-0.007613,0.004667,1.906645,0.004847,0.026164,0.074717,0.00177,0.076118,0.0001,,,,,lstm
693453,472,-0.074053,0.003972,1.906639,0.004847,0.019632,0.090994,0.001693,0.073716,0.0001,,,,,lstm
693453,472,0.005487,0.003353,1.906646,0.004847,0.020564,0.151652,0.002758,0.14397,0.0001,,,,,lstm
693453,472,-0.072313,0.001864,1.906664,0.004847,0.010657,0.182564,0.001696,0.188443,0.0001,,,,,lstm
693453,472,-0.034699,0.00359,1.906675,0.004847,0.021299,0.086246,0.004763,0.059458,0.0001,,,,,lstm
693453,472,0.038544,0.004438,1.906693,0.004847,0.024466,0.074883,0.008749,0.058408,0.0001,,,,,lstm
693453,472,-0.064093,0.004307,1.906719,0.004847,0.019941,0.041567,0.004616,0.033146,0.0001,,,,,lstm
693453,472,-0.251598,0.005151,1.906749,0.004847,0.021802,0.137384,0.002296,0.122079,0.0001,,,,,lstm
693453,472,0.066934,0.005098,1.906771,0.004847,0.023795,0.055287,0.006361,0.040056,0.0001,,,,,lstm
693453,472,0.062776,0.004479,1.906798,0.004847,0.02414,0.095739,0.005184,0.095415,0.0001,,,,,lstm
693453,472,-0.207163,0.002537,1.906828,0.004847,0.016282,0.049569,0.006742,0.012396,0.0001,,,,,lstm
693453,472,-0.011854,0.003295,1.906865,0.004847,0.027569,0.20787,0.004479,0.123938,0.0001,,,,,lstm
698793,476,0.046599,0.004123,1.906919,0.00483,0.023525,0.07322,0.003859,0.055654,0.0001,,,,,lstm
698793,476,0.012226,0.004791,1.906972,0.00483,0.02406,0.024162,0.009855,0.020635,0.0001,,,,,lstm
698793,476,-0.06585,0.005135,1.90702,0.00483,0.033002,0.112508,0.015831,0.116909,0.0001,,,,,lstm
698793,476,0.01063,0.004824,1.907057,0.00483,0.028811,0.095287,0.011396,0.074772,0.0001,,,,,lstm
698793,476,-0.012486,0.00533,1.907087,0.00483,0.031217,0.115006,0.009522,0.107063,0.0001,,,,,lstm
698793,476,0.030383,0.003036,1.907113,0.00483,0.012383,0.031368,0.003029,0.034164,0.0001,,,,,lstm
698793,476,-0.036872,0.004849,1.907138,0.00483,0.023933,0.072662,0.003481,0.056783,0.0001,,,,,lstm
698793,476,0.073226,0.004662,1.907158,0.00483,0.023269,0.066718,0.006825,0.074562,0.0001,,,,,lstm
698793,476,-0.030261,0.004891,1.907172,0.00483,0.02446,0.160385,0.005465,0.167228,0.0001,,,,,lstm
698793,476,-0.019797,0.005233,1.907188,0.00483,0.026595,0.06344,0.005667,0.075424,0.0001,,,,,lstm
698793,476,0.034199,0.005092,1.9072,0.00483,0.025681,0.10123,0.006162,0.104619,0.0001,,,,,lstm
698793,476,0.008125,0.003651,1.907207,0.00483,0.016481,0.054683,0.003756,0.046942,0.0001,,,,,lstm
704509,480,0.055504,0.00419,1.907214,0.004814,0.022561,0.080043,0.002418,0.059022,0.0001,,,,,lstm
704509,480,-0.00339,0.0053,1.907209,0.004814,0.02304,0.052346,0.007704,0.050486,0.0001,,,,,lstm
704509,480,-0.027327,0.004107,1.907205,0.004814,0.024641,0.102803,0.009917,0.067156,0.0001,,,,,lstm
704509,480,-0.020551,0.004926,1.907195,0.004814,0.026154,0.057623,0.007277,0.049042,0.0001,,,,,lstm
704509,480,0.039776,0.003381,1.90718,0.004814,0.017894,0.059593,0.002114,0.053649,0.0001,,,,,lstm
704509,480,0.014361,0.005562,1.907158,0.004814,0.023539,0.040811,0.00162,0.026023,0.0001,,,,,lstm
704509,480,0.00807,0.004036,1.907138,0.004814,0.021652,0.068011,0.002816,0.06153,0.0001,,,,,lstm
704509,480,-0.033937,0.005533,1.907117,0.004814,0.027816,0.042057,0.002334,0.028024,0.0001,,,,,lstm
704509,480,0.07315,0.004596,1.907099,0.004814,0.026969,0.073126,0.009458,0.051045,0.0001,,,,,lstm
704509,480,-0.067187,0.006115,1.907067,0.004814,0.034074,0.111681,0.004881,0.091303,0.0001,,,,,lstm
704509,480,0.093298,0.004631,1.907041,0.004814,0.029569,0.058412,0.013544,0.036958,0.0001,,,,,lstm
704509,480,0.008486,0.003778,1.907005,0.004814,0.024755,0.043087,0.009445,0.031933,0.0001,,,,,lstm
710803,484,0.111166,0.004108,1.906965,0.004798,0.022578,0.055128,0.006558,0.02361,0.0001,,,,,lstm
710803,484,-0.105645,0.00322,1.906913,0.004798,0.018706,0.043496,0.00286,0.026759,0.0001,,,,,lstm
710803,484,-0.08869,0.003605,1.906867,0.004798,0.020949,0.059984,0.004464,0.055757,0.0001,,,,,lstm
710803,484,-0.128975,0.007725,1.906821,0.004798,0.035381,0.233022,0.00572,0.156102,0.0001,,,,,lstm
710803,484,0.003624,0.00304,1.906734,0.004798,0.022145,0.062263,0.00884,0.033887,0.0001,,,,,lstm
710803,484,-0.014368,0.004896,1.906651,0.004798,0.033889,0.074001,0.012298,0.040319,0.0001,,,,,lstm
710803,484,-0.09755,0.003306,1.906556,0.004798,0.032271,0.032396,0.018372,0.029252,0.0001,,,,,lstm
710803,484,0.185472,0.003708,1.906476,0.004798,0.036791,0.293542,0.01232,0.282862,0.0001,,,,,lstm
710803,484,-0.041261,0.003488,1.906388,0.004798,0.03385,0.072706,0.016993,0.077473,0.0001,,,,,lstm
710803,484,-0.032603,0.004291,1.906309,0.004798,0.029769,0.06626,0.012797,0.043146,0.0001,,,,,lstm
710803,484,-0.015264,0.003546,1.906222,0.004798,0.026292,0.047569,0.010068,0.026989,0.0001,,,,,lstm
710803,484,-0.027264,0.002254,1.906139,0.004798,0.020151,0.122978,0.008918,0.080125,0.0001,,,,,lstm
710803,484,-0.03192,0.003323,1.906081,0.004798,0.021872,0.110714,0.003481,0.094915,0.0001,,,,,lstm
710803,484,-0.061489,0.003116,1.906018,0.004798,0.020152,0.064533,0.001468,0.035238,0.0001,,,,,lstm
710803,484,0.017829,0.004768,1.905945,0.004798,0.021496,0.085322,0.004001,0.067922,0.0001,,,,,lstm
710803,484,-0.189885,0.002141,1.905865,0.004798,0.015573,0.119146,0.002335,0.066861,0.0001,,,,,lstm
716927,488,0.018551,0.003927,1.905778,0.004782,0.022034,0.063636,0.004867,0.050979,0.0001,,,,,lstm
716927,488,-0.088508,0.003111,1.905702,0.004782,0.02065,0.080914,0.001563,0.033995,0.0001,,,,,lstm
716927,488,-0.014697,0.004027,1.905647,0.004782,0.020391,0.042885,0.002495,0.027253,0.0001,,,,,lstm
716927,488,0.025839,0.004435,1.905604,0.004782,0.023873,0.121619,0.003671,0.104759,0.0001,,,,,lstm
716927,488,0.004448,0.003899,1.905571,0.004782,0.022648,0.055685,0.003251,0.027498,0.0001,,,,,lstm
716927,488,-0.114864,0.002547,1.905554,0.004782,0.013755,0.05493,0.001686,0.050168,0.0001,,,,,lstm
716927,488,-0.062697,0.004464,1.905543,0.004782,0.019729,0.029429,0.001542,0.01577,0.0001,,,,,lstm
716927,488,0.046205,0.003657,1.905531,0.004782,0.02002,0.063242,0.005121,0.053612,0.0001,,,,,lstm
716927,488,-0.066183,0.002738,1.905517,0.004782,0.018415,0.073695,0.002333,0.05795,0.0001,,,,,lstm
716927,488,-0.047845,0.003804,1.905518,0.004782,0.018475,0.070762,0.003296,0.048175,0.0001,,,,,lstm
716927,488,-0.070474,0.003135,1.905528,0.004782,0.018017,0.083736,0.003913,0.061837,0.0001,,,,,lstm
716927,488,0.037144,0.004129,1.905546,0.004782,0.020858,0.053462,0.008008,0.023553,0.0001,,,,,lstm
723138,492,-0.03603,0.003487,1.90555,0.004766,0.018738,0.031496,0.002729,0.019025,0.0001,,,,,lstm
723138,492,-0.098917,0.002723,1.905549,0.004766,0.016174,0.048818,0.000539,0.02485,0.0001,,,,,lstm
723138,492,0.043755,0.005041,1.905549,0.004766,0.023238,0.059932,0.004679,0.026002,0.0001,,,,,lstm
723138,492,-0.240426,0.0024,1.905532,0.004766,0.020334,0.234258,0.009099,0.167916,0.0001,,,,,lstm
723138,492,-0.067649,0.004356,1.905543,0.004766,0.020203,0.140597,0.000587,0.151571,0.0001,,,,,lstm
723138,492,0.037698,0.003361,1.905548,0.004766,0.017661,0.084164,0.001473,0.069217,0.0001,,,,,lstm
723138,492,-0.07225,0.003464,1.905549,0.004766,0.019005,0.072892,0.00244,0.07664,0.0001,,,,,lstm
723138,492,-0.086754,0.00182,1.905538,0.004766,0.011762,0.07526,0.005073,0.049726,0.0001,,,,,lstm
723138,492,0.084298,0.004435,1.905532,0.004766,0.021104,0.053852,0.001204,0.020378,0.0001,,,,,lstm
723138,492,-0.10004,0.003118,1.905514,0.004766,0.0214,0.028739,0.007142,0.019826,0.0001,,,,,lstm
723138,492,-0.084806,0.003341,1.905494,0.004766,0.021226,0.057847,0.00698,0.033284,0.0001,,,,,lstm
723138,492,-0.032795,0.001706,1.90547,0.004766,0.017415,0.187433,0.009008,0.10073,0.0001,,,,,lstm
723138,492,-0.075215,0.003308,1.905473,0.004766,0.01965,0.040993,0.006129,0.039093,0.0001,,,,,lstm
723138,492,-0.157248,0.003087,1.905473,0.004766,0.017301,0.030847,0.007035,0.024045,0.0001,,,,,lstm
723138,492,0.139526,0.004525,1.905475,0.004766,0.022834,0.074315,0.004809,0.039665,0.0001,,,,,lstm
723138,492,-0.229394,0.002024,1.90546,0.004766,0.016193,0.23916,0.006346,0.153121,0.0001,,,,,lstm
729310,496,-0.030017,0.003675,1.905416,0.004749,0.017984,0.064184,0.00161,0.059298,0.0001,,,,,lstm
729310,496,-0.007062,0.003457,1.905369,0.004749,0.018168,0.024069,0.002271,0.01647,0.0001,,,,,lstm
729310,496,-0.041463,0.004211,1.905332,0.004749,0.020879,0.04252,0.001843,0.039277,0.0001,,,,,lstm
729310,496,-0.59288,0.003112,1.905295,0.004749,0.023006,0.081721,0.0167,0.041622,0.0001,,,,,lstm
729310,496,-0.065384,0.00372,1.905274,0.004749,0.018745,0.172016,0.000996,0.189206,0.0001,,,,,lstm
729310,496,-0.052777,0.004038,1.905255,0.004749,0.017589,0.084013,0.001855,0.094926,0.0001,,,,,lstm
729310,496,0.035105,0.003718,1.905238,0.004749,0.020569,0.078879,0.004468,0.079996,0.0001,,,,,lstm
729310,496,-0.535692,0.002837,1.905221,0.004749,0.021281,0.162723,0.014352,0.078179,0.0001,,,,,lstm
729310,496,-0.002687,0.004189,1.905235,0.004749,0.018763,0.062935,0.002277,0.061907,0.0001,,,,,lstm
729310,496,-0.079175,0.003639,1.905241,0.004749,0.016645,0.03594,0.001358,0.018659,0.0001,,,,,lstm
729310,496,-0.03547,0.003224,1.905251,0.004749,0.019453,0.093125,0.000652,0.085346,0.0001,,,,,lstm
729310,496,0.58946,0.004527,1.905253,0.004749,0.032907,0.343489,0.019987,0.24715,0.0001,,,,,lstm
729310,496,-0.052604,0.003339,1.905332,0.004749,0.017193,0.102789,0.003164,0.088535,0.0001,,,,,lstm
729310,496,-0.051192,0.003101,1.905402,0.004749,0.019045,0.137744,0.004364,0.135812,0.0001,,,,,lstm
729310,496,0.017593,0.00444,1.905472,0.004749,0.024996,0.104697,0.001958,0.100418,0.0001,,,,,lstm
729310,496,-0.422619,0.002766,1.905527,0.004749,0.019486,0.089243,0.014365,0.053766,0.0001,,,,,lstm
735482,500,-0.079581,0.003302,1.905574,0.004733,0.01875,0.041979,0.003183,0.018937,0.0001,,,,,lstm
735482,500,-0.08667,0.002518,1.905603,0.004733,0.015181,0.031777,0.004159,0.020846,0.0001,,,,,lstm
735482,500,0.075949,0.005591,1.905627,0.004733,0.024868,0.151172,0.012161,0.132423,0.0001,,,,,lstm
735482,500,-0.167139,0.001779,1.905629,0.004733,0.003335,0.095184,0.001692,0.061975,0.0001,,,,,lstm
735482,500,-0.022653,0.004142,1.90564,0.004733,0.019239,0.106353,0.006026,0.10031,0.0001,,,,,lstm
735482,500,-0.021287,0.004019,1.905647,0.004733,0.021395,0.060672,0.003979,0.03257,0.0001,,,,,lstm
735482,500,-0.053932,0.002973,1.90564,0.004733,0.018593,0.045178,0.001391,0.014918,0.0001,,,,,lstm
735482,500,0.111543,0.001659,1.905621,0.004733,0.008172,0.085639,0.001599,0.026151,0.0001,,,,,lstm
735482,500,0.019604,0.00406,1.905582,0.004733,0.026158,0.139255,0.001545,0.092948,0.0001,,,,,lstm
735482,500,-0.049828,0.003839,1.905536,0.004733,0.025607,0.083249,0.005648,0.042978,0.0001,,,,,lstm
735482,500,-0.061616,0.002696,1.905477,0.004733,0.020234,0.036467,0.007386,0.037007,0.0001,,,,,lstm
735482,500,-0.158988,0.002358,1.905422,0.004733,0.028074,0.281316,0.012576,0.190064,0.0001,,,,,lstm
735482,500,-0.036555,0.003235,1.905343,0.004733,0.021037,0.07788,0.00182,0.058901,0.0001,,,,,lstm
735482,500,-0.094701,0.003734,1.905258,0.004733,0.018336,0.078565,0.001258,0.042615,0.0001,,,,,lstm
735482,500,0.030302,0.003448,1.905182,0.004733,0.021127,0.118422,0.008098,0.101969,0.0001,,,,,lstm
735482,500,0.304013,0.030175,1.905096,0.004733,0.044739,0.44689,0.033846,0.042435,0.0001,,,,,lstm
