episode,global_step,reward,avg10,length,success,goal_touched,collision,timeout,min_dist,avg_speed_ms,end_reason,elapsed_s,act0_mean,act0_std,act0_min,act0_max,act1_mean,act1_std,act1_min,act1_max,obs_mean,obs_std,obs_min,obs_max,actor_loss,critic_loss,policy_entropy,entropy_coef,value_residual,grad_norm_actor,grad_norm_critic,grad_norm_rnn,lr_actor,lr_critic,alpha,alpha_loss,target_update_magnitude,replay_buffer_size,recurrent_cell
1,173,3.0016,3.0016,173,0,0,1,0,3.6472,1.938,collision,1.9,-0.386636,0.344736,-0.881077,0.716935,4.925473,1.040192,0.62824,5.983318,0.394192,0.374557,-0.555339,1.0,,,,,,,,,,,,,,0,gru
2,360,7.0432,5.0224,187,0,0,1,0,3.64,1.951,collision,3.7,-0.349235,0.371031,-0.883015,0.677921,4.834507,1.123541,0.587321,5.975451,0.397478,0.380656,-0.509651,1.006925,,,,,,,,,,,,,,0,gru
3,626,25.1349,11.7266,266,0,0,1,0,3.4449,2.098,collision,6.2,-0.141701,0.389154,-0.823762,0.870845,4.742494,1.121511,0.808324,5.964845,0.385815,0.382212,-0.61713,1.002331,,,,,,,,,,,,,,0,gru
4,1082,-47.39,-3.0526,456,0,0,1,0,3.689,2.031,collision,11.2,-0.118375,0.440569,-0.885974,0.777474,4.849095,1.105032,0.210191,5.99479,0.403242,0.444797,-0.999998,1.006253,-0.03331,0.016038,1.739816,0.004994,0.063356,0.233947,0.006531,0.129023,3.7e-05,,,,,0,gru
5,1354,30.9253,3.743,272,0,0,1,0,3.3585,2.015,collision,13.7,-0.215557,0.407606,-0.873046,0.782603,4.689719,1.211288,0.760352,5.987176,0.376663,0.375998,-0.640471,1.0,,,,,,,,,,,,,,0,gru
6,1630,34.1851,8.8167,276,0,0,1,0,3.3588,1.994,collision,16.2,-0.327189,0.3671,-0.86433,0.762403,4.894887,1.04748,0.838777,5.989194,0.386397,0.375783,-0.594904,1.0,,,,,,,,,,,,,,0,gru
7,1776,-7.4357,6.4949,146,0,0,1,0,3.8083,1.656,collision,17.6,-0.61303,0.259973,-0.879994,0.527718,4.989339,0.971866,1.194499,5.967327,0.418711,0.396155,-0.603481,1.010122,,,,,,,,,,,,,,0,gru
8,2805,-230.4618,-23.1247,1029,0,0,1,0,3.5998,2.054,collision,27.1,0.002986,0.428138,-0.881981,0.8511,4.589802,1.258808,0.409612,5.976808,0.352442,0.445438,-1.0,1.071693,-0.011398,0.013135,1.740127,0.004982,0.054055,0.076514,0.003049,0.042459,4.9e-05,,,,,0,gru
9,3269,-46.9111,-25.7676,464,0,0,1,0,3.6763,2.042,collision,31.3,-0.093162,0.439704,-0.876922,0.808046,4.854354,1.092241,1.087412,5.986965,0.394988,0.43788,-1.0,1.009767,,,,,,,,,,,,,,0,gru
10,3538,28.7353,-20.3173,269,0,0,1,0,3.419,2.066,collision,33.7,-0.203503,0.37976,-0.865518,0.756913,4.837814,1.145624,0.632627,5.968217,0.384997,0.377331,-0.580909,1.0,,,,,,,,,,,,,,0,gru
11,3709,3.0038,-20.3171,171,0,0,1,0,3.6135,1.987,collision,35.3,-0.358031,0.339755,-0.884598,0.519575,4.954637,1.097052,0.949584,5.970776,0.391104,0.373176,-0.526996,1.0,,,,,,,,,,,,,,0,gru
12,3863,-2.0883,-21.2303,154,0,0,1,0,3.6305,1.853,collision,37.0,-0.469452,0.318211,-0.861263,0.469892,4.98322,0.983687,0.840404,5.991625,0.413426,0.388226,-0.462286,1.0,-0.028261,0.016326,1.740433,0.00497,0.063976,0.111746,0.013865,0.044902,6.1e-05,,,,,0,gru
13,4133,30.5257,-20.6912,270,0,0,1,0,3.3648,2.036,collision,39.5,-0.192711,0.415156,-0.859478,0.783224,4.884654,1.096322,0.761217,5.982303,0.378457,0.376648,-0.642247,1.0,,,,,,,,,,,,,,0,gru
14,4403,31.0538,-12.8468,270,0,0,1,0,3.3672,1.976,collision,41.9,-0.253803,0.427761,-0.880294,0.804079,4.974191,0.971097,1.46847,5.989982,0.381059,0.375611,-0.658364,1.0,,,,,,,,,,,,,,0,gru
15,4665,17.6899,-14.1703,262,0,0,1,0,3.4373,2.138,collision,44.2,-0.071289,0.379049,-0.799769,0.80696,4.783833,1.126599,0.73352,5.982993,0.380841,0.387754,-0.71955,1.0,,,,,,,,,,,,,,0,gru
16,4932,28.1221,-14.7766,267,0,0,1,0,3.3876,2.08,collision,47.3,-0.154764,0.398199,-0.862644,0.767998,4.934712,1.032959,0.753278,5.966075,0.380877,0.379263,-0.647215,1.0,-0.025502,0.014899,1.740678,0.004958,0.060421,0.2596,0.01934,0.140826,7.3e-05,,,,,0,gru
17,5195,12.4812,-12.7849,263,0,0,1,0,3.5193,2.138,collision,49.7,-0.026071,0.389646,-0.832613,0.811945,4.865489,1.096109,0.535777,5.975467,0.383684,0.393867,-0.715753,1.008761,,,,,,,,,,,,,,0,gru
18,5661,-63.5458,3.9067,466,0,0,1,0,3.7006,2.064,collision,53.9,-0.07584,0.437573,-0.892416,0.799765,5.039859,0.957013,0.730286,5.974897,0.401714,0.448994,-1.0,1.0,,,,,,,,,,,,,,0,gru
19,5915,-1.6917,8.4286,254,0,0,1,0,3.6116,2.092,collision,56.3,0.060066,0.41337,-0.818263,0.858781,4.765942,1.089853,1.069173,5.990067,0.365968,0.401261,-0.759103,1.012292,,,,,,,,,,,,,,0,gru
20,6170,4.0572,5.9608,255,0,0,1,0,3.4872,2.05,collision,59.1,-0.04042,0.448594,-0.833271,0.846671,4.789867,1.04705,0.827877,5.979694,0.357243,0.388288,-0.767371,1.0,-0.019276,0.014052,1.741051,0.004946,0.042793,0.123227,0.00423,0.06394,8.5e-05,,,,,0,gru
21,6351,5.2913,6.1895,181,0,0,1,0,3.6428,2.034,collision,60.7,-0.294419,0.36494,-0.870025,0.625786,4.971521,0.921093,1.740005,5.971077,0.391433,0.375076,-0.513052,1.003394,,,,,,,,,,,,,,0,gru
22,6613,0.5296,6.4513,262,0,0,1,0,3.5467,2.102,collision,63.1,0.090946,0.401519,-0.834953,0.822543,4.831262,1.103657,0.563712,5.986728,0.379156,0.404798,-0.759389,1.003246,,,,,,,,,,,,,,0,gru
23,6774,0.7464,3.4734,161,0,0,1,0,3.6509,1.941,collision,64.6,-0.342445,0.384425,-0.879571,0.563191,5.043738,0.953944,1.369023,5.977974,0.398755,0.377452,-0.432012,1.0,,,,,,,,,,,,,,0,gru
24,7034,9.9782,1.3658,260,0,0,1,0,3.5077,2.121,collision,67.4,-0.013217,0.401915,-0.781609,0.806642,4.864395,1.019833,1.358928,5.969751,0.376726,0.392879,-0.741753,1.006275,-0.029677,0.025145,1.741356,0.004934,0.063859,0.155896,0.012729,0.08867,9.7e-05,,,,,0,gru
25,7175,-11.889,-1.5921,141,0,0,1,0,3.758,1.527,collision,68.7,-0.705562,0.172071,-0.885819,0.117408,4.853279,0.982393,0.445343,5.986455,0.396112,0.386834,-0.703577,1.0,,,,,,,,,,,,,,0,gru
26,7451,34.7239,-0.9319,276,0,0,1,0,3.3558,1.985,collision,71.2,-0.255282,0.42277,-0.890801,0.776448,4.89827,1.018374,0.849843,5.985651,0.38537,0.376352,-0.602703,1.0,,,,,,,,,,,,,,0,gru
27,7727,32.997,1.1197,276,0,0,1,0,3.5222,1.95,collision,73.8,-0.254985,0.437106,-0.880435,0.814314,4.827118,1.178,0.65519,5.985769,0.399629,0.390752,-0.5031,1.010551,,,,,,,,,,,,,,0,gru
28,7893,1.3051,7.6048,166,0,0,1,0,3.6472,1.943,collision,75.7,-0.360787,0.374022,-0.878775,0.7051,5.143219,0.702484,2.366401,5.964264,0.394945,0.375043,-0.498119,1.0,-0.027417,0.024672,1.741665,0.004922,0.084098,0.135103,0.009657,0.061181,0.0001,,,,,0,gru
29,8064,2.2482,7.9988,171,0,0,1,0,3.6475,1.819,collision,77.2,-0.459006,0.339717,-0.887691,0.659369,4.945409,1.078973,0.674512,5.956261,0.414608,0.392117,-0.529054,1.0,,,,,,,,,,,,,,0,gru
30,8244,0.5884,7.6519,180,0,0,1,0,3.6104,2.109,collision,78.8,-0.162469,0.380905,-0.870898,0.71928,4.788157,1.113636,0.954149,5.965646,0.388819,0.381522,-0.551982,1.004642,,,,,,,,,,,,,,0,gru
31,8402,-0.7805,7.0447,158,0,0,1,0,3.617,1.982,collision,80.3,-0.308645,0.374836,-0.875307,0.632244,4.961694,0.974741,0.723258,5.983499,0.390223,0.371797,-0.493881,1.0,,,,,,,,,,,,,,0,gru
32,8559,-1.4714,6.8446,157,0,0,1,0,3.6529,1.842,collision,82.0,-0.457039,0.355207,-0.890539,0.58078,4.881185,0.9084,2.363714,5.960308,0.416346,0.391165,-0.453528,1.0,-0.080272,0.026659,1.742115,0.00491,0.071189,0.23171,0.03647,0.137327,0.0001,,,,,0,gru
33,8831,33.3681,10.1068,272,0,0,1,0,3.3758,1.929,collision,84.5,-0.384508,0.360193,-0.865541,0.677964,4.910411,1.034814,1.118129,5.985377,0.403492,0.387949,-0.624729,1.0,,,,,,,,,,,,,,0,gru
34,9087,-20.6843,7.0406,256,0,0,1,0,3.6237,2.022,collision,86.8,-0.166363,0.411746,-0.84625,0.785393,4.365919,1.228112,0.522916,5.95412,0.349783,0.411587,-0.977592,1.0,,,,,,,,,,,,,,0,gru
35,9347,3.5977,8.5892,260,0,0,1,0,3.5101,2.087,collision,89.1,0.011163,0.41928,-0.867955,0.843948,4.737049,1.077617,0.366041,5.973746,0.373001,0.396648,-0.735805,1.0,,,,,,,,,,,,,,0,gru
36,9514,1.6785,5.2847,167,0,0,1,0,3.6511,1.842,collision,90.9,-0.464606,0.334911,-0.881486,0.498588,4.963234,0.982778,1.930408,5.99212,0.408696,0.387865,-0.491037,1.0,-0.021868,0.017466,1.742408,0.004898,0.064733,0.211904,0.036242,0.126281,0.0001,,,,,0,gru
37,10051,52.8536,7.2704,537,0,0,1,0,2.8045,2.017,collision,95.9,-0.036242,0.455776,-0.868917,0.859696,4.679307,1.223212,0.521854,5.979288,0.362396,0.385279,-0.980397,1.0,,,,,,,,,,,,,,0,gru
38,10596,59.7252,13.1124,545,0,0,1,0,2.8153,2.075,collision,100.9,0.006968,0.428001,-0.874656,0.885655,4.69731,1.169511,0.759084,5.983911,0.367865,0.388219,-0.97606,1.0,,,,,,,,,,,,,,0,gru
39,10780,6.0538,13.4929,184,0,0,1,0,3.6403,1.979,collision,102.5,-0.282686,0.406854,-0.876428,0.740839,4.730022,1.058353,1.522201,5.982145,0.389109,0.37409,-0.514351,1.005949,,,,,,,,,,,,,,0,gru
40,10947,2.5049,13.6846,167,0,0,1,0,3.6118,1.95,collision,104.5,-0.377419,0.350449,-0.866985,0.664993,4.921109,1.027914,1.381445,5.960155,0.397799,0.378043,-0.468767,1.0,-0.00319,0.017981,1.742497,0.004886,0.076572,0.207899,0.043261,0.124923,0.0001,,,,,0,gru
41,11399,-44.5584,9.3068,452,0,0,1,0,3.6809,2.023,collision,108.7,-0.069038,0.456131,-0.893399,0.840593,4.810625,1.136097,0.272173,5.97421,0.398374,0.44027,-1.0,1.010793,,,,,,,,,,,,,,0,gru
42,11675,15.9459,11.0485,276,0,0,1,0,3.6046,1.952,collision,111.2,-0.115162,0.487231,-0.872908,0.886243,4.790699,1.14146,0.484963,5.991214,0.387299,0.393775,-0.848863,1.012155,,,,,,,,,,,,,,0,gru
43,12124,-45.7032,3.1414,449,0,0,1,0,3.6843,2.045,collision,115.3,-0.055154,0.451577,-0.884705,0.840187,4.813752,1.094753,0.120122,5.985909,0.3985,0.440935,-0.999999,1.003537,,,,,,,,,,,,,,0,gru
44,12299,3.9602,5.6058,175,0,0,1,0,3.6454,2.029,collision,117.8,-0.288777,0.358108,-0.875156,0.789831,4.892331,1.094288,0.972254,5.96375,0.395732,0.377017,-0.488304,1.003137,-0.032995,0.017271,1.74265,0.004874,0.051841,0.191348,0.025513,0.115816,0.0001,,,,,0,gru
45,12550,-7.3636,4.5097,251,0,0,1,0,3.5596,2.086,collision,120.1,0.099965,0.393475,-0.767964,0.862879,4.626136,1.223018,0.315774,5.957886,0.373214,0.414943,-0.798024,1.0,,,,,,,,,,,,,,0,gru
46,12826,30.351,7.3769,276,0,0,1,0,3.5193,1.982,collision,122.7,-0.183625,0.456052,-0.859246,0.869998,4.756485,1.112119,0.386273,5.988772,0.398785,0.393812,-0.524132,1.00849,,,,,,,,,,,,,,0,gru
47,13101,30.8001,5.1716,275,0,0,1,0,3.5391,1.887,collision,125.1,-0.30914,0.445662,-0.873269,0.79109,4.837533,1.127855,0.274959,5.971334,0.399377,0.390129,-0.580572,1.006183,,,,,,,,,,,,,,0,gru
48,13361,11.7863,0.3777,260,0,0,1,0,3.4516,2.032,collision,128.0,-0.007044,0.445715,-0.820132,0.839306,4.698471,1.156047,0.406417,5.99062,0.36302,0.385083,-0.698164,1.0,0.005984,0.019701,1.742831,0.004862,0.063788,0.215894,0.022436,0.116157,0.0001,,,,,0,gru
49,13636,27.2988,2.5022,275,0,0,1,0,3.5306,2.0,collision,130.5,-0.170989,0.438524,-0.885009,0.819956,4.75108,1.218161,0.307419,5.969494,0.393135,0.391159,-0.581628,1.009491,,,,,,,,,,,,,,0,gru
50,14113,-42.5414,-2.0024,477,0,0,1,0,3.6386,2.051,collision,134.7,-0.02955,0.438032,-0.881474,0.83462,4.837259,1.108645,0.780951,5.987481,0.394525,0.437407,-1.0,1.007137,,,,,,,,,,,,,,0,gru
51,14244,-12.9575,1.1577,131,0,0,1,0,3.7941,1.466,collision,135.8,-0.731564,0.141396,-0.891233,-0.170373,4.831437,1.151102,0.3147,5.983261,0.399073,0.384868,-0.639773,1.0,,,,,,,,,,,,,,0,gru
52,14513,26.4699,2.2101,269,0,0,1,0,3.4771,2.109,collision,138.7,-0.140825,0.39105,-0.819416,0.758588,4.981091,1.01161,1.567041,5.974392,0.397201,0.389466,-0.561094,1.016588,-0.02893,0.017989,1.742923,0.00485,0.066162,0.159893,0.011709,0.086086,0.0001,,,,,0,gru
53,14784,31.2546,9.9058,271,0,0,1,0,3.417,2.12,collision,141.2,-0.161869,0.371358,-0.83288,0.771354,4.967354,0.977311,1.324826,5.990216,0.388413,0.378914,-0.547348,1.003476,,,,,,,,,,,,,,0,gru
54,15053,29.6968,12.4795,269,0,0,1,0,3.3878,2.052,collision,143.8,-0.236347,0.388277,-0.876229,0.771724,4.844603,1.031957,1.489994,5.984388,0.38417,0.377867,-0.62699,1.0,,,,,,,,,,,,,,0,gru
55,15226,4.217,13.6376,173,0,0,1,0,3.5434,1.861,collision,145.3,-0.435491,0.36192,-0.893059,0.618953,5.032255,0.889109,0.611947,5.977162,0.409167,0.385285,-0.455352,1.0,,,,,,,,,,,,,,0,gru
56,15499,32.2201,13.8245,273,0,0,1,0,3.404,2.047,collision,148.2,-0.209951,0.396161,-0.861506,0.701549,4.946114,0.970258,0.836365,5.989642,0.388894,0.379771,-0.529223,1.0,-0.062201,0.017875,1.74308,0.004838,0.066363,0.145405,0.012358,0.084781,0.0001,,,,,0,gru
57,15649,-5.8673,10.1577,150,0,0,1,0,3.7558,1.708,collision,149.7,-0.572009,0.291089,-0.884356,0.577613,4.948585,0.978686,1.269023,5.978043,0.416604,0.392647,-0.63793,1.0,,,,,,,,,,,,,,0,gru
58,15904,4.4902,9.4281,255,0,0,1,0,3.5333,2.071,collision,152.0,-0.028613,0.424127,-0.838058,0.81874,4.499243,1.270906,0.372792,5.979411,0.367704,0.394643,-0.75938,1.0,,,,,,,,,,,,,,0,gru
59,16156,-8.8482,5.8134,252,0,0,1,0,3.5512,2.065,collision,154.3,0.033039,0.415593,-0.773201,0.835382,4.429509,1.298864,0.130643,5.966048,0.358702,0.405492,-0.830168,1.0,,,,,,,,,,,,,,0,gru
60,16420,18.3802,11.9056,264,0,0,1,0,3.4587,2.105,collision,157.0,-0.078217,0.399576,-0.824963,0.774107,4.752294,1.03885,0.828702,5.959369,0.382774,0.389427,-0.699922,1.0,-0.036411,0.018831,1.743206,0.004826,0.062279,0.254757,0.008963,0.155064,0.0001,,,,,0,gru
61,16678,3.5553,13.5569,258,0,0,1,0,3.4739,2.05,collision,159.4,0.016568,0.429915,-0.841336,0.833071,4.46945,1.276685,0.509098,5.945958,0.354746,0.384978,-0.753286,1.0,,,,,,,,,,,,,,0,gru
62,16826,-9.0748,10.0024,148,0,0,1,0,3.7646,1.585,collision,160.9,-0.669114,0.205499,-0.890339,0.163719,4.679278,1.130197,1.089351,5.971572,0.411614,0.392629,-0.710098,1.0,,,,,,,,,,,,,,0,gru
63,17302,-27.0385,4.1731,476,0,0,1,0,3.636,2.011,collision,165.2,-0.119617,0.453253,-0.888355,0.807104,4.69289,1.147969,0.35586,5.97609,0.389791,0.430221,-0.999997,1.016909,,,,,,,,,,,,,,0,gru
64,17470,1.2963,1.333,168,0,0,1,0,3.6506,1.783,collision,167.1,-0.48421,0.36085,-0.889457,0.750691,4.772388,1.00994,1.225107,5.961305,0.412875,0.390974,-0.46019,1.0,-0.026465,0.019121,1.743342,0.004814,0.061713,0.16606,0.013847,0.077177,0.0001,,,,,0,gru
65,17731,20.2844,2.9398,261,0,0,1,0,3.4466,2.076,collision,169.6,-0.078615,0.421764,-0.84735,0.867062,4.563182,1.130406,0.527359,5.960668,0.381036,0.387113,-0.658288,1.0,,,,,,,,,,,,,,0,gru
66,18009,35.0174,3.2195,278,0,0,1,0,3.3433,1.959,collision,172.2,-0.245158,0.422745,-0.872993,0.688975,4.63332,1.180387,0.353516,5.964992,0.383013,0.376602,-0.601214,1.0,,,,,,,,,,,,,,0,gru
67,18134,-18.4202,1.9642,125,0,0,1,0,3.8212,1.47,collision,173.4,-0.739368,0.148467,-0.88882,-0.215517,4.439427,1.222208,0.636543,5.953729,0.395502,0.394667,-0.754452,1.0,,,,,,,,,,,,,,0,gru
68,18394,6.0877,2.124,260,0,0,1,0,3.512,2.074,collision,176.1,0.045369,0.418386,-0.800862,0.839928,4.405258,1.256161,0.371379,5.989869,0.370586,0.394595,-0.723228,1.001287,-0.006043,0.021705,1.743588,0.004802,0.070487,0.132293,0.017264,0.069343,0.0001,,,,,0,gru
69,18644,-11.0507,1.9037,250,0,0,1,0,3.5866,2.023,collision,178.3,0.05423,0.428274,-0.850562,0.829578,4.269188,1.353917,0.581192,5.972299,0.353554,0.405529,-0.828447,1.0,,,,,,,,,,,,,,0,gru
70,18812,1.5809,0.2238,168,0,0,1,0,3.5713,1.814,collision,179.8,-0.488192,0.320311,-0.886345,0.671694,4.680467,1.154332,0.664706,5.976724,0.407984,0.385402,-0.55452,1.0,,,,,,,,,,,,,,0,gru
71,19079,13.3793,1.2062,267,0,0,1,0,3.4938,2.049,collision,182.3,0.019602,0.427805,-0.857556,0.801392,4.577246,1.255442,0.481854,5.978148,0.388473,0.39933,-0.644741,1.003396,,,,,,,,,,,,,,0,gru
72,19354,32.2598,5.3396,275,0,0,1,0,3.3613,2.01,collision,185.2,-0.230356,0.402302,-0.870095,0.841427,4.467242,1.248805,0.403538,5.971735,0.384766,0.378433,-0.57869,1.0,-0.025164,0.019543,1.743797,0.00479,0.069103,0.149972,0.010477,0.063901,0.0001,,,,,0,gru
73,19629,35.1613,11.5596,275,0,0,1,0,3.3812,1.893,collision,187.7,-0.352927,0.396672,-0.885093,0.760271,4.697279,1.125127,0.367267,5.969643,0.4027,0.385998,-0.574651,1.0,,,,,,,,,,,,,,0,gru
74,19814,3.0947,11.7395,185,0,0,1,0,3.6408,1.688,collision,189.4,-0.573519,0.287319,-0.893327,0.479262,4.706359,1.221807,0.497425,5.970906,0.410682,0.393246,-0.670082,1.0,,,,,,,,,,,,,,0,gru
75,20580,-95.4034,0.1707,766,0,0,1,0,3.5394,2.059,collision,196.2,0.01475,0.427771,-0.880094,0.860064,4.60258,1.21473,0.253752,5.97378,0.40006,0.456238,-1.0,1.011019,,,,,,,,,,,,,,0,gru
76,21115,46.3349,1.3024,535,0,0,1,0,2.797,2.051,collision,201.5,0.047938,0.421227,-0.869255,0.821623,4.388739,1.267124,0.301419,5.974535,0.360156,0.389234,-0.986501,1.0,-0.008169,0.012875,1.744249,0.004778,0.057125,0.129722,0.017438,0.069716,0.0001,,,,,0,gru
77,21263,-3.8076,2.7637,148,0,0,1,0,3.6558,1.848,collision,202.9,-0.415518,0.376748,-0.865003,0.722641,4.784748,1.102597,0.896446,5.963706,0.418697,0.392093,-0.421842,1.0,,,,,,,,,,,,,,0,gru
78,21518,-5.5949,1.5954,255,0,0,1,0,3.5464,2.079,collision,205.2,0.056162,0.40331,-0.786778,0.859528,4.396612,1.210082,0.501311,5.941792,0.362337,0.402463,-0.81127,1.0,,,,,,,,,,,,,,0,gru
79,21779,8.2308,3.5236,261,0,0,1,0,3.48,2.041,collision,207.6,0.005662,0.419526,-0.836674,0.855298,4.285668,1.337537,0.188356,5.934644,0.366975,0.38803,-0.715344,1.0,,,,,,,,,,,,,,0,gru
80,21963,1.2837,3.4939,184,0,0,1,0,3.6078,2.012,collision,209.6,-0.165597,0.421961,-0.870546,0.710772,4.342843,1.273824,1.131624,5.934634,0.385196,0.380395,-0.552865,1.0,-0.041529,0.019567,1.744555,0.004766,0.068062,0.112045,0.017721,0.060167,0.0001,,,,,0,gru
81,22228,22.0584,4.3618,265,0,0,1,0,3.4463,2.054,collision,212.0,-0.154476,0.387044,-0.834608,0.785868,4.431256,1.237866,0.265271,5.965358,0.382948,0.382601,-0.649498,1.0,,,,,,,,,,,,,,0,gru
82,23862,-34.4827,-2.3125,1634,0,0,1,0,1.8918,2.077,collision,226.7,0.054242,0.399758,-0.888791,0.869922,4.364484,1.284557,0.133305,5.988809,0.354261,0.418314,-1.0,1.0,,,,,,,,,,,,,,0,gru
83,24129,18.2933,-3.9993,267,0,0,1,0,3.4165,2.056,collision,229.1,-0.065965,0.422612,-0.874988,0.755826,4.425925,1.215417,0.253096,5.975492,0.37594,0.383794,-0.615801,1.0,,,,,,,,,,,,,,0,gru
84,24290,-0.4064,-4.3494,161,0,0,1,0,3.6369,2.024,collision,231.4,-0.257057,0.381445,-0.846794,0.739717,4.601587,1.137463,1.274253,5.948349,0.390305,0.372193,-0.482576,1.0,-0.005957,0.010366,1.744654,0.004754,0.061151,0.170944,0.024558,0.104587,0.0001,,,,,0,gru
85,24428,-8.5888,4.3321,138,0,0,1,0,3.7742,1.729,collision,232.7,-0.544416,0.302336,-0.879973,0.35909,4.621371,1.158128,1.020053,5.959703,0.41526,0.391331,-0.570865,1.008439,,,,,,,,,,,,,,0,gru
86,24696,21.9945,1.898,268,0,0,1,0,3.4984,2.043,collision,235.2,-0.125987,0.400356,-0.866009,0.867392,4.46927,1.3063,0.673236,5.974174,0.392182,0.391185,-0.615501,1.01035,,,,,,,,,,,,,,0,gru
87,24854,-3.1394,1.9649,158,0,0,1,0,3.7597,1.767,collision,236.6,-0.519757,0.299246,-0.89031,0.618148,4.499755,1.180642,1.137896,5.954797,0.421006,0.397162,-0.597926,1.009131,,,,,,,,,,,,,,0,gru
88,25110,5.0008,3.0244,256,0,0,1,0,3.5559,2.111,collision,239.2,0.011103,0.380024,-0.840126,0.878249,4.289884,1.31612,0.203773,5.974873,0.374539,0.399355,-0.735798,1.009819,-0.055679,0.013942,1.744714,0.004742,0.069926,0.152084,0.033191,0.084359,0.0001,,,,,0,gru
89,26821,-31.7187,-0.9705,1711,0,0,1,0,1.9772,2.018,collision,254.5,0.034944,0.420363,-0.859176,0.874342,4.128578,1.410279,0.137705,5.98847,0.349827,0.416343,-0.999993,1.0,,,,,,,,,,,,,,0,gru
90,27280,-39.4176,-5.0407,459,0,0,1,0,3.6845,1.979,collision,258.6,-0.164481,0.446356,-0.89187,0.803378,4.269835,1.294807,0.446883,5.979722,0.401191,0.440525,-1.0,1.008029,,,,,,,,,,,,,,0,gru
91,27537,0.1311,-7.2334,257,0,0,1,0,3.5558,2.024,collision,260.9,4.6e-05,0.430982,-0.826324,0.866875,4.133204,1.362797,0.327766,5.961944,0.363682,0.397382,-0.794523,1.0,,,,,,,,,,,,,,0,gru
92,27790,-14.0255,-5.1877,253,0,0,1,0,3.6534,2.068,collision,264.1,-0.047894,0.379137,-0.802851,0.762674,4.028661,1.388144,0.214396,5.921061,0.369757,0.41879,-0.906073,1.000894,-0.044558,0.007578,1.744618,0.00473,0.05991,0.141316,0.020829,0.085278,0.0001,,,,,0,gru
93,28045,9.5531,-6.0617,255,0,0,1,0,3.4563,2.041,collision,266.4,-0.106069,0.410151,-0.868538,0.843926,4.191094,1.406945,0.465586,5.929802,0.360847,0.384434,-0.764604,1.0,,,,,,,,,,,,,,0,gru
94,28295,-9.1553,-6.9366,250,0,0,1,0,3.5625,1.948,collision,268.7,0.004491,0.463431,-0.867066,0.84808,3.932669,1.365288,0.436301,5.925679,0.348235,0.400833,-0.824113,1.0,,,,,,,,,,,,,,0,gru
95,28469,4.0522,-5.6725,174,0,0,1,0,3.5535,2.017,collision,270.4,-0.240862,0.353006,-0.842484,0.63663,4.404344,1.381013,0.074842,5.97344,0.387089,0.372658,-0.436511,1.0,,,,,,,,,,,,,,0,gru
96,28732,3.1295,-7.559,263,0,0,1,0,3.5491,2.05,collision,273.3,0.014433,0.410677,-0.800095,0.797173,4.245962,1.388691,0.200556,5.941151,0.376427,0.400344,-0.767095,1.002958,-0.037796,0.012351,1.744719,0.004718,0.065819,0.145236,0.017361,0.088525,0.0001,,,,,0,gru
97,29011,38.2078,-3.4243,279,0,0,1,0,3.3323,1.973,collision,275.9,-0.314031,0.354781,-0.857627,0.659357,4.340315,1.259303,0.339136,5.905664,0.392285,0.378804,-0.646493,1.0,,,,,,,,,,,,,,0,gru
98,29172,0.0282,-3.9215,161,0,0,1,0,3.6519,1.951,collision,277.3,-0.32506,0.375748,-0.866524,0.734868,4.439611,1.204857,0.833244,5.962131,0.394432,0.373849,-0.47938,1.0,,,,,,,,,,,,,,0,gru
99,29439,5.8443,-0.1652,267,0,0,1,0,3.5288,2.018,collision,279.8,0.026193,0.413167,-0.859147,0.853383,4.13963,1.414188,0.240015,5.956994,0.380239,0.398765,-0.730475,1.001381,,,,,,,,,,,,,,0,gru
100,29583,-7.4097,3.0356,144,0,0,1,0,3.8112,1.676,collision,281.5,-0.578999,0.245779,-0.888016,0.234693,4.308469,1.456203,0.157174,5.967445,0.420269,0.396157,-0.605278,1.011063,-0.060671,0.015729,1.744663,0.004706,0.078915,0.162187,0.017911,0.082793,0.0001,,,,,0,gru
101,29850,26.3383,5.6563,267,0,0,1,0,3.4954,1.995,collision,284.0,-0.224241,0.408978,-0.865323,0.840627,4.364885,1.27131,0.58817,5.98045,0.388668,0.382242,-0.653343,1.007111,,,,,,,,,,,,,,0,gru
102,29993,-4.6276,6.5961,143,0,0,1,0,3.6668,1.891,collision,285.3,-0.428969,0.320814,-0.868055,0.5335,4.461978,1.245133,0.462611,5.940592,0.413062,0.385396,-0.389496,1.0,,,,,,,,,,,,,,0,gru
103,30270,34.5628,9.0971,277,0,0,1,0,3.3569,1.95,collision,287.9,-0.304144,0.378869,-0.879455,0.747869,4.157444,1.378748,0.41964,5.967082,0.387904,0.380492,-0.586354,1.0,,,,,,,,,,,,,,0,gru
104,31948,-49.4319,5.0694,1678,0,0,1,0,1.9655,2.044,collision,303.7,0.040305,0.407663,-0.86675,0.851683,4.125053,1.397555,0.192168,5.980173,0.35212,0.416624,-1.0,1.0,-0.111688,0.00783,1.744565,0.004694,0.059936,0.219308,0.017302,0.138112,0.0001,,,,,0,gru
105,32209,-7.6453,3.8996,261,0,0,1,0,3.6097,2.035,collision,306.0,0.048493,0.409325,-0.759803,0.850159,4.093098,1.404693,0.049918,5.980754,0.367184,0.406989,-0.826777,1.0,,,,,,,,,,,,,,0,gru
106,32993,-123.2782,-8.7411,784,0,0,1,0,3.5763,1.993,collision,313.2,-0.070577,0.446265,-0.891043,0.803129,4.229165,1.352863,0.419063,5.96864,0.404197,0.464487,-1.0,1.0,,,,,,,,,,,,,,0,gru
107,33256,20.8099,-10.4809,263,0,0,1,0,3.482,2.03,collision,315.5,-0.122719,0.431364,-0.851157,0.772676,4.319767,1.266871,0.474028,5.946514,0.378324,0.382116,-0.717295,1.004457,,,,,,,,,,,,,,0,gru
108,33705,-50.8843,-15.5722,449,0,0,1,0,3.691,1.987,collision,320.0,-0.07285,0.454458,-0.879456,0.82894,4.272042,1.395654,0.373458,5.965218,0.403124,0.446049,-1.0,1.0,-0.043434,0.007959,1.744652,0.004682,0.047558,0.097068,0.017614,0.060749,0.0001,,,,,0,gru
109,34160,-45.5419,-20.7108,455,0,0,1,0,3.6751,2.006,collision,324.2,-0.088471,0.430304,-0.856741,0.806014,4.289439,1.306364,0.488808,5.983119,0.394594,0.437757,-1.0,1.001469,,,,,,,,,,,,,,0,gru
110,34293,-11.3258,-21.1024,133,0,0,1,0,3.8343,1.555,collision,325.4,-0.663824,0.200446,-0.880337,0.091777,4.118026,1.414034,0.335975,5.902989,0.405312,0.388027,-0.599125,1.004475,,,,,,,,,,,,,,0,gru
111,34555,-5.1853,-24.2548,262,0,0,1,0,3.5632,2.054,collision,327.9,0.058839,0.406297,-0.790939,0.83454,4.17602,1.369951,0.283683,5.94156,0.372417,0.407003,-0.815201,1.0,,,,,,,,,,,,,,0,gru
112,34831,31.3094,-20.6611,276,0,0,1,0,3.54,1.9,collision,330.8,-0.282219,0.437566,-0.875192,0.790754,4.270647,1.324377,0.444085,5.900185,0.390542,0.384171,-0.58011,1.002222,-0.052647,0.01271,1.744722,0.00467,0.061235,0.098499,0.016742,0.049118,0.0001,,,,,0,gru
113,35292,-51.0702,-29.2244,461,0,0,1,0,3.6848,2.005,collision,335.0,-0.115661,0.436436,-0.881543,0.817181,4.391887,1.298842,0.134159,5.937928,0.400123,0.443765,-1.0,1.000033,,,,,,,,,,,,,,0,gru
114,35464,3.033,-23.9779,172,0,0,1,0,3.6475,1.991,collision,336.7,-0.224815,0.399675,-0.875168,0.672189,4.309004,1.299237,0.22107,5.992467,0.389842,0.372988,-0.486554,1.000085,,,,,,,,,,,,,,0,gru
115,35725,-8.0499,-24.0183,261,0,0,1,0,3.5774,1.979,collision,339.1,0.046754,0.44229,-0.847603,0.85649,4.071804,1.344501,0.156917,5.957684,0.365087,0.407251,-0.829208,1.0,,,,,,,,,,,,,,0,gru
116,35995,31.0442,-8.5861,270,0,0,1,0,3.4235,2.013,collision,341.9,-0.193664,0.412337,-0.862269,0.795412,4.402627,1.258363,0.859873,5.953728,0.389992,0.380447,-0.582216,1.0,-0.065484,0.009141,1.744845,0.004658,0.050282,0.077846,0.009728,0.047474,0.0001,,,,,0,gru
117,36253,-9.0208,-11.5692,258,0,0,1,0,3.6484,1.994,collision,344.2,-0.133575,0.415826,-0.826657,0.808789,4.114873,1.410076,0.58037,5.968656,0.368562,0.413749,-0.906752,1.000259,,,,,,,,,,,,,,0,gru
118,36440,2.5874,-6.222,187,0,0,1,0,3.6399,1.592,collision,346.0,-0.629192,0.264295,-0.885416,0.782576,4.344005,1.288089,0.367704,5.924162,0.405406,0.393133,-0.712107,1.0,,,,,,,,,,,,,,0,gru
119,36625,6.7262,-0.9952,185,0,0,1,0,3.6409,1.803,collision,347.7,-0.476137,0.31979,-0.886247,0.644193,4.470605,1.275035,0.712444,5.924388,0.411745,0.393162,-0.501697,1.0,,,,,,,,,,,,,,0,gru
120,36888,6.6361,0.801,263,0,0,1,0,3.5693,1.997,collision,350.5,-0.038789,0.44447,-0.840784,0.848593,4.289458,1.31985,0.358354,5.951901,0.372068,0.395158,-0.771205,1.003847,-0.058274,0.011334,1.744872,0.004646,0.055328,0.072435,0.006695,0.037879,0.0001,,,,,0,gru
121,37150,9.4799,2.2675,262,0,0,1,0,3.5208,2.067,collision,352.8,-0.067228,0.424923,-0.84809,0.783495,4.302812,1.211205,1.104,5.973693,0.375905,0.392661,-0.765098,1.0,,,,,,,,,,,,,,0,gru
122,37422,29.2038,2.057,272,0,0,1,0,3.5414,1.992,collision,355.4,-0.281601,0.376425,-0.869307,0.803006,4.254645,1.243937,0.212313,5.954826,0.388067,0.381381,-0.62903,1.009482,,,,,,,,,,,,,,0,gru
123,37696,29.6943,10.1334,274,0,0,1,0,3.5345,1.76,collision,357.9,-0.435941,0.397546,-0.886078,0.781823,4.406475,1.330132,0.345652,5.949831,0.403613,0.395315,-0.603482,1.0,,,,,,,,,,,,,,0,gru
124,37967,32.9174,13.1219,271,0,0,1,0,3.3652,1.933,collision,360.9,-0.319497,0.366167,-0.863573,0.689601,4.143113,1.415379,0.384744,5.945815,0.385452,0.378336,-0.643811,1.0,-0.052502,0.011649,1.744746,0.004634,0.063328,0.119722,0.027772,0.082591,0.0001,,,,,0,gru
125,39848,-91.275,4.7993,1881,0,0,1,0,2.2934,2.052,collision,377.7,0.017032,0.409363,-0.871121,0.836459,4.24626,1.357013,0.112496,5.989356,0.363933,0.436134,-1.0,1.022832,,,,,,,,,,,,,,0,gru
126,40118,32.4973,4.9447,270,0,0,1,0,3.3954,1.92,collision,380.1,-0.298586,0.397674,-0.88305,0.799134,4.231369,1.361257,0.682959,5.955316,0.395793,0.385271,-0.613186,1.0,,,,,,,,,,,,,,0,gru
127,41875,-61.5805,-0.3113,1757,0,0,1,0,2.0927,2.072,collision,395.9,0.029662,0.390877,-0.840873,0.852647,4.147922,1.379927,0.224771,5.975167,0.353282,0.428603,-1.0,1.00441,,,,,,,,,,,,,,0,gru
128,42150,28.5006,2.28,275,0,0,1,0,3.5336,1.966,collision,399.6,-0.210828,0.438799,-0.88302,0.813239,4.223181,1.320701,0.472474,5.954489,0.39322,0.389769,-0.574856,1.008049,-0.016976,0.007032,1.744101,0.004622,0.057717,0.278218,0.024459,0.171722,0.0001,,,,,0,gru
129,42415,0.8824,1.6956,265,0,0,1,0,3.6083,2.037,collision,402.0,-0.025582,0.430617,-0.855267,0.843991,4.402946,1.251155,0.702099,5.940137,0.375642,0.402396,-0.827288,1.006381,,,,,,,,,,,,,,0,gru
130,42687,31.5633,4.1884,272,0,0,1,0,3.4632,1.971,collision,404.4,-0.229822,0.419044,-0.888162,0.800723,4.271607,1.306092,0.787191,5.976925,0.387376,0.380282,-0.582763,1.0,,,,,,,,,,,,,,0,gru
131,44566,-90.8088,-5.8405,1879,0,0,1,0,2.2417,2.052,collision,421.3,0.016492,0.41488,-0.870742,0.88149,4.241095,1.339864,0.26947,5.980511,0.35593,0.431798,-1.0,1.010853,,,,,,,,,,,,,,0,gru
132,46479,-110.504,-19.8113,1913,0,0,1,0,2.3531,2.037,collision,439.8,0.004688,0.4206,-0.895151,0.842579,4.243913,1.362596,0.213436,5.975351,0.356138,0.434113,-1.0,1.030415,-0.042024,0.005944,1.742629,0.00461,0.054006,0.127934,0.018536,0.081244,0.0001,,,,,0,gru
133,46652,2.6647,-22.5142,173,0,0,1,0,3.6463,1.993,collision,441.5,-0.291418,0.368511,-0.868767,0.798959,4.330995,1.234439,0.417893,5.923693,0.388083,0.37199,-0.537873,1.0,,,,,,,,,,,,,,0,gru
134,46805,-0.3524,-25.8412,153,0,0,1,0,3.6318,1.948,collision,443.0,-0.312381,0.372037,-0.869403,0.679567,4.524168,1.273034,0.65694,5.964153,0.404527,0.381091,-0.324268,1.0,,,,,,,,,,,,,,0,gru
135,47060,-2.1049,-16.9242,255,0,0,1,0,3.5727,2.0,collision,445.4,-0.020444,0.441407,-0.845848,0.836689,4.086833,1.384695,0.540929,5.951623,0.365108,0.401861,-0.776462,1.0,,,,,,,,,,,,,,0,gru
136,47542,-65.5677,-26.7307,482,0,0,1,0,3.6785,2.0,collision,450.4,-0.148575,0.429513,-0.877017,0.811461,4.323356,1.323895,0.203672,5.974025,0.395583,0.445023,-0.999998,1.0,-0.050883,0.013254,1.741815,0.004598,0.070747,0.108452,0.044987,0.07904,0.0001,,,,,0,gru
137,47816,30.575,-17.5152,274,0,0,1,0,3.543,1.915,collision,453.0,-0.295082,0.409305,-0.88682,0.794264,4.378815,1.311241,0.262286,5.962086,0.386946,0.382136,-0.597062,1.004442,,,,,,,,,,,,,,0,gru
138,47991,4.389,-19.9263,175,0,0,1,0,3.6452,1.928,collision,454.6,-0.357813,0.353855,-0.891693,0.6495,4.357091,1.286643,0.339814,5.893531,0.394103,0.375717,-0.497075,1.0,,,,,,,,,,,,,,0,gru
139,48247,-11.7525,-21.1898,256,0,0,1,0,3.5627,1.973,collision,457.1,-0.001305,0.44824,-0.871028,0.835273,4.007606,1.457747,0.197372,5.921705,0.354187,0.404163,-0.842929,1.0,,,,,,,,,,,,,,0,gru
140,48518,30.9035,-21.2558,271,0,0,1,0,3.3914,1.985,collision,460.0,-0.163336,0.425243,-0.869762,0.801349,4.295131,1.260245,0.741082,5.96317,0.383398,0.378917,-0.588042,1.0,-0.069918,0.010333,1.741561,0.004586,0.064524,0.152286,0.016318,0.080846,0.0001,,,,,0,gru
141,48661,-9.1899,-13.0939,143,0,0,1,0,3.6718,1.673,collision,461.3,-0.590066,0.250472,-0.890267,0.644641,4.409396,1.316786,0.307082,5.954178,0.413212,0.394189,-0.689081,1.0,,,,,,,,,,,,,,0,gru
142,48815,-1.9795,-2.2415,154,0,0,1,0,3.6226,1.9,collision,462.7,-0.390656,0.369866,-0.882346,0.57636,4.44867,1.199776,1.187279,5.968193,0.410532,0.38551,-0.543118,1.0,,,,,,,,,,,,,,0,gru
143,50459,-32.798,-5.7878,1644,0,0,1,0,1.9285,2.064,collision,477.7,0.062483,0.397484,-0.859237,0.885999,4.216311,1.383308,0.080992,5.981825,0.348187,0.415917,-1.0,1.0,,,,,,,,,,,,,,0,gru
144,50717,13.5947,-4.393,258,0,0,1,0,3.5304,2.025,collision,480.8,-0.106458,0.42225,-0.859436,0.819899,4.147753,1.309838,0.569966,5.947505,0.374591,0.388698,-0.719206,1.004831,-0.091601,0.008263,1.741238,0.004574,0.060418,0.220888,0.022367,0.114021,0.0001,,,,,0,gru
145,50991,34.1867,-0.7639,274,0,0,1,0,3.3759,2.004,collision,483.3,-0.184359,0.413187,-0.86828,0.835846,4.376679,1.27483,0.09122,5.973477,0.384786,0.379334,-0.595393,1.0,,,,,,,,,,,,,,0,gru
146,51147,-1.0696,5.6859,156,0,0,1,0,3.6241,2.04,collision,484.8,-0.274926,0.35809,-0.867263,0.754287,4.599458,1.118858,0.72111,5.954123,0.392641,0.372897,-0.468643,1.0,,,,,,,,,,,,,,0,gru
147,51423,34.0331,6.0317,276,0,0,1,0,3.3541,2.005,collision,487.3,-0.230198,0.403569,-0.86956,0.747653,4.317802,1.216855,0.122236,5.939373,0.378421,0.373089,-0.600265,1.0,,,,,,,,,,,,,,0,gru
148,51586,0.4314,5.636,163,0,0,1,0,3.6192,1.973,collision,489.1,-0.288866,0.385298,-0.884588,0.735759,4.490266,1.244529,0.865661,5.940126,0.387603,0.371047,-0.508485,1.0,-0.067006,0.0154,1.741328,0.004562,0.075759,0.199852,0.013238,0.080028,0.0001,,,,,0,gru
149,51855,25.1978,9.331,269,0,0,1,0,3.4274,2.022,collision,491.6,-0.140952,0.424284,-0.829129,0.86618,4.371431,1.244558,0.555756,5.956816,0.385702,0.38372,-0.613698,1.0,,,,,,,,,,,,,,0,gru
150,52131,13.3382,7.5745,276,0,0,1,0,3.6067,1.98,collision,494.0,-0.08127,0.464326,-0.839834,0.847656,4.484342,1.270154,0.241297,5.95738,0.383685,0.392897,-0.866185,1.00816,,,,,,,,,,,,,,0,gru
151,52667,52.7239,13.7659,536,0,0,1,0,2.8141,1.964,collision,498.9,-0.049914,0.454264,-0.885825,0.863145,4.205362,1.388271,0.020668,5.987035,0.362577,0.385124,-0.99274,1.0,,,,,,,,,,,,,,0,gru
152,53150,-32.6936,10.6945,483,0,0,1,0,3.6354,2.02,collision,503.8,-0.08105,0.434865,-0.876185,0.819758,4.334162,1.333491,0.569496,5.96881,0.37831,0.423395,-0.999997,1.00673,-0.024535,0.007924,1.74113,0.00455,0.05757,0.12427,0.019471,0.07545,0.0001,,,,,0,gru
153,53404,-5.7358,13.4007,254,0,0,1,0,3.5268,2.009,collision,506.2,0.001201,0.457269,-0.842328,0.887399,4.279379,1.331065,0.509799,5.948604,0.354784,0.398153,-0.814962,1.0,,,,,,,,,,,,,,0,gru
154,53887,-53.7844,6.6628,483,0,0,1,0,3.6353,1.958,collision,510.8,-0.089354,0.474696,-0.877157,0.818405,4.385104,1.28085,0.502884,5.968084,0.393131,0.440356,-1.0,1.0,,,,,,,,,,,,,,0,gru
155,54167,36.0486,6.849,280,0,0,1,0,3.3607,1.879,collision,513.5,-0.364412,0.384921,-0.885963,0.774108,4.522683,1.280455,0.56839,5.940443,0.402292,0.385953,-0.54994,1.0,,,,,,,,,,,,,,0,gru
156,54348,5.6816,7.5241,181,0,0,1,0,3.6421,2.049,collision,515.7,-0.249451,0.36094,-0.848185,0.753215,4.532683,1.224996,0.655397,5.947051,0.397128,0.378252,-0.510028,1.008664,-0.034958,0.010366,1.740944,0.004538,0.058274,0.150233,0.013506,0.086,0.0001,,,,,0,gru
157,54605,-8.9704,3.2237,257,0,0,1,0,3.589,2.046,collision,518.1,0.036103,0.414888,-0.763815,0.755436,4.229954,1.298445,0.431606,5.942946,0.363405,0.407473,-0.833361,1.0,,,,,,,,,,,,,,0,gru
158,54874,28.6982,6.0504,269,0,0,1,0,3.3826,2.051,collision,520.6,-0.145752,0.39645,-0.850002,0.744612,4.344682,1.292124,0.769455,5.979453,0.376957,0.375683,-0.650433,1.0,,,,,,,,,,,,,,0,gru
159,56537,-31.6618,0.3644,1663,0,0,1,0,1.9603,2.096,collision,535.2,0.033326,0.384968,-0.852645,0.817157,4.308228,1.314298,0.068784,5.978992,0.353378,0.427292,-1.0,1.007374,,,,,,,,,,,,,,0,gru
160,56804,28.5472,1.8854,267,0,0,1,0,3.4242,1.994,collision,538.3,-0.161892,0.419289,-0.82776,0.837726,4.2669,1.304736,0.300818,5.94497,0.381319,0.376107,-0.63041,1.0,-0.004142,0.00524,1.740869,0.004526,0.044503,0.228667,0.014802,0.140085,0.0001,,,,,0,gru
161,57068,18.7016,-1.5169,264,0,0,1,0,3.4993,2.07,collision,540.6,-0.128975,0.396661,-0.854706,0.806344,4.382922,1.249232,0.630305,5.96443,0.38049,0.384726,-0.722866,1.003706,,,,,,,,,,,,,,0,gru
162,57337,30.5329,4.8058,269,0,0,1,0,3.4085,1.981,collision,543.0,-0.230391,0.406823,-0.872496,0.782937,4.435036,1.322139,0.596194,5.909089,0.387894,0.380736,-0.617788,1.0,,,,,,,,,,,,,,0,gru
163,57502,-0.908,5.2886,165,0,0,1,0,3.6526,1.723,collision,544.4,-0.529719,0.318801,-0.861088,0.709422,4.470326,1.259532,0.855138,5.977473,0.408678,0.387976,-0.613869,1.0,,,,,,,,,,,,,,0,gru
164,57770,23.5611,13.0231,268,0,0,1,0,3.361,2.048,collision,547.2,-0.120929,0.396859,-0.783854,0.824109,4.33414,1.330092,0.330281,5.939277,0.370816,0.379211,-0.676229,1.0,-0.055352,0.012077,1.740635,0.004514,0.066447,0.152016,0.021721,0.095253,0.0001,,,,,0,gru
165,57935,-0.364,9.3818,165,0,0,1,0,3.6481,2.026,collision,548.8,-0.242121,0.382279,-0.87358,0.769532,4.642826,1.177245,0.499404,5.955049,0.388005,0.37232,-0.509258,1.0,,,,,,,,,,,,,,0,gru
166,58127,8.9194,9.7056,192,0,0,1,0,3.6379,1.867,collision,550.5,-0.408745,0.356991,-0.882163,0.832031,4.363167,1.37949,0.473795,5.983821,0.399437,0.383359,-0.525779,1.00164,,,,,,,,,,,,,,0,gru
167,58390,4.7351,11.0762,263,0,0,1,0,3.5644,2.05,collision,552.9,-0.000593,0.415472,-0.798553,0.853129,4.361904,1.311144,0.600814,5.973388,0.378754,0.401141,-0.770464,1.006261,,,,,,,,,,,,,,0,gru
168,59364,78.7166,16.078,974,0,0,1,0,2.5607,2.041,collision,562.4,-0.108522,0.41884,-0.888556,0.857313,4.415595,1.303881,0.155317,5.986766,0.381521,0.415976,-0.999365,1.0,-0.023726,0.009531,1.740571,0.004502,0.063199,0.165099,0.003386,0.095864,0.0001,,,,,0,gru
169,59641,34.0368,22.6479,277,0,0,1,0,3.3524,1.995,collision,564.9,-0.198182,0.408674,-0.874827,0.768304,4.360734,1.284829,0.501982,5.962206,0.383339,0.374449,-0.600323,1.0,,,,,,,,,,,,,,0,gru
170,59800,0.2541,19.8186,159,0,0,1,0,3.6489,1.94,collision,566.4,-0.397647,0.331354,-0.883721,0.655909,4.606834,1.123818,0.882716,5.926278,0.412849,0.387014,-0.468676,1.0,,,,,,,,,,,,,,0,gru
171,60064,6.6153,18.6099,264,0,0,1,0,3.4541,2.056,collision,568.8,0.010089,0.41769,-0.841704,0.75587,4.408671,1.240004,0.206822,5.986851,0.363357,0.386611,-0.723479,1.0,,,,,,,,,,,,,,0,gru
172,60231,2.3226,15.7889,167,0,0,1,0,3.6508,1.918,collision,570.6,-0.369276,0.369511,-0.888114,0.722514,4.651999,1.187108,1.042493,5.966594,0.412796,0.389136,-0.437541,1.0,-0.036201,0.016098,1.740652,0.00449,0.077016,0.20121,0.026964,0.125305,0.0001,,,,,0,gru
173,60386,-1.2685,15.7529,155,0,0,1,0,3.6307,1.895,collision,572.1,-0.40359,0.355817,-0.85908,0.595734,4.663284,1.038894,1.404066,5.957912,0.412243,0.388361,-0.472263,1.0,,,,,,,,,,,,,,0,gru
174,60645,7.3144,14.1282,259,0,0,1,0,3.5636,2.049,collision,574.4,-0.082447,0.435662,-0.889815,0.819248,4.482968,1.203511,0.68829,5.969663,0.372791,0.394889,-0.787504,1.006494,,,,,,,,,,,,,,0,gru
175,62483,-71.4987,7.0147,1838,0,0,1,0,2.2168,2.058,collision,590.8,0.014603,0.416611,-0.883632,0.884652,4.411544,1.293976,0.15738,5.969461,0.356883,0.430169,-1.0,1.009431,,,,,,,,,,,,,,0,gru
176,62668,6.2541,6.7482,185,0,0,1,0,3.6409,1.945,collision,593.5,-0.289527,0.413093,-0.890669,0.793611,4.795865,1.118655,0.232729,5.961622,0.40215,0.382136,-0.573679,1.006163,-0.048519,0.008441,1.740937,0.004478,0.061472,0.213991,0.02304,0.129388,0.0001,,,,,0,gru
177,63202,50.4697,11.3216,534,0,0,1,0,2.826,2.013,collision,598.4,-0.090253,0.437448,-0.868998,0.82982,4.392622,1.302747,0.497593,5.966663,0.367396,0.391385,-0.990124,1.0,,,,,,,,,,,,,,0,gru
178,63693,-40.2537,-0.5754,491,0,0,1,0,3.6288,2.017,collision,602.9,-0.078685,0.445711,-0.846376,0.861563,4.481266,1.248852,0.572588,5.962656,0.386736,0.433212,-1.0,1.00897,,,,,,,,,,,,,,0,gru
179,63953,-4.0976,-4.3888,260,0,0,1,0,3.5959,2.085,collision,605.3,0.027629,0.413735,-0.804171,0.849502,4.464972,1.259557,0.552824,5.962697,0.372553,0.406762,-0.816354,1.000361,,,,,,,,,,,,,,0,gru
180,64121,1.2504,-4.2892,168,0,0,1,0,3.6501,1.959,collision,607.3,-0.317513,0.371319,-0.868015,0.577678,4.478553,1.264949,0.71628,5.933382,0.393876,0.37517,-0.477455,1.0,-0.025597,0.00898,1.741093,0.004466,0.050463,0.172984,0.014746,0.097689,0.0001,,,,,0,gru
181,64373,-6.4615,-5.5969,252,0,0,1,0,3.5689,1.995,collision,609.6,-0.012477,0.463037,-0.844747,0.85625,4.139382,1.26864,0.616903,5.880659,0.351393,0.39765,-0.817742,1.0,,,,,,,,,,,,,,0,gru
182,64529,-1.777,-6.0068,156,0,0,1,0,3.6397,1.95,collision,611.1,-0.371597,0.329208,-0.871988,0.570134,4.424079,1.288608,0.4594,5.968919,0.394152,0.373186,-0.524557,1.0,,,,,,,,,,,,,,0,gru
183,64690,-0.3247,-5.9125,161,0,0,1,0,3.6508,2.014,collision,612.6,-0.295595,0.362844,-0.856484,0.567982,4.543839,1.147322,1.075396,5.982805,0.392575,0.372746,-0.516272,1.0,,,,,,,,,,,,,,0,gru
184,64957,10.6673,-5.5772,267,0,0,1,0,3.538,2.086,collision,615.4,-0.009372,0.405151,-0.837547,0.762327,4.498149,1.232499,0.790149,5.955607,0.387209,0.398484,-0.712124,1.014087,-0.064812,0.015722,1.741082,0.004454,0.073272,0.151094,0.034716,0.079006,0.0001,,,,,0,gru
185,65227,27.6452,4.3372,270,0,0,1,0,3.48,2.019,collision,617.8,-0.152304,0.419702,-0.849585,0.829217,4.605729,1.249463,0.492477,5.982655,0.392863,0.384976,-0.576083,1.004148,,,,,,,,,,,,,,0,gru
186,65375,-3.5585,3.356,148,0,0,1,0,3.6062,1.866,collision,619.3,-0.430317,0.354516,-0.88471,0.493486,4.769933,1.088884,0.963778,5.938644,0.408207,0.383198,-0.49199,1.0,,,,,,,,,,,,,,0,gru
187,65531,1.414,-1.5496,156,0,0,1,0,3.5424,2.019,collision,620.7,-0.311224,0.341721,-0.847447,0.724554,4.607199,1.210774,0.962425,5.980318,0.409677,0.381987,-0.293257,1.0,,,,,,,,,,,,,,0,gru
188,66327,-116.6816,-9.1924,796,0,0,1,0,3.557,2.089,collision,628.6,0.010133,0.413463,-0.860198,0.839916,4.741932,1.167167,0.087791,5.992836,0.39876,0.45813,-1.0,1.011861,-0.044423,0.012012,1.741113,0.004442,0.058907,0.124473,0.016688,0.073858,0.0001,,,,,0,gru
189,66606,35.4779,-5.2348,279,0,0,1,0,3.3964,2.043,collision,631.2,-0.168144,0.412156,-0.878018,0.810377,4.647038,1.152678,1.164048,5.977208,0.390875,0.380319,-0.532351,1.0,,,,,,,,,,,,,,0,gru
190,66768,1.9844,-5.1614,162,0,0,1,0,3.6309,1.961,collision,632.6,-0.352939,0.345682,-0.876148,0.566897,4.787148,1.103796,0.605177,5.975399,0.404739,0.382123,-0.429555,1.0,,,,,,,,,,,,,,0,gru
191,66933,3.2907,-4.1862,165,0,0,1,0,3.6218,1.991,collision,634.1,-0.319871,0.364123,-0.860801,0.686632,4.808202,1.107191,0.818492,5.970491,0.408915,0.386011,-0.393995,1.001996,,,,,,,,,,,,,,0,gru
192,68576,-12.5873,-5.2673,1643,0,0,1,0,1.9211,2.081,collision,649.6,0.024669,0.413428,-0.872006,0.84307,4.592699,1.208764,0.250723,5.990387,0.352836,0.414819,-1.0,1.0,0.052582,0.011148,1.741291,0.00443,0.063288,0.121053,0.031972,0.075601,0.0001,,,,,0,gru
193,68851,25.0824,-2.7266,275,0,0,1,0,3.5249,2.047,collision,652.0,-0.130014,0.43047,-0.86851,0.822173,4.89187,1.042492,0.496005,5.988188,0.397833,0.394128,-0.629845,1.013041,,,,,,,,,,,,,,0,gru
194,69116,-0.3079,-3.8241,265,0,0,1,0,3.6052,2.067,collision,654.4,0.061747,0.421353,-0.782055,0.862246,4.762483,1.06108,0.976746,5.979603,0.381816,0.40961,-0.759465,1.010296,,,,,,,,,,,,,,0,gru
195,70081,64.6733,-0.1213,965,0,0,1,0,2.5866,2.066,collision,663.0,-0.052147,0.422881,-0.873785,0.811483,4.622731,1.237788,0.297053,5.990782,0.375346,0.415929,-0.999331,1.0,,,,,,,,,,,,,,0,gru
196,70239,0.7483,0.3094,158,0,0,1,0,3.654,1.936,collision,664.9,-0.350434,0.352676,-0.876786,0.549747,4.763136,1.206352,0.523911,5.987356,0.407989,0.383379,-0.43327,1.0,-0.00454,0.010004,1.741532,0.004418,0.059852,0.069935,0.011199,0.040386,0.0001,,,,,0,gru
197,70788,-71.0615,-6.9381,549,0,0,1,0,3.4076,2.05,collision,669.9,0.029873,0.411055,-0.820463,0.860009,4.428937,1.334142,0.228822,5.988042,0.352261,0.436157,-1.0,1.0,,,,,,,,,,,,,,0,gru
198,71058,29.84,7.714,270,0,0,1,0,3.4041,2.111,collision,672.4,-0.149456,0.378421,-0.866568,0.762655,4.6689,1.203827,0.549065,5.99126,0.386988,0.380212,-0.564677,1.001705,,,,,,,,,,,,,,0,gru
199,71216,-0.2628,4.14,158,0,0,1,0,3.6578,1.949,collision,673.8,-0.370369,0.358884,-0.870098,0.671805,4.921654,1.010964,0.717745,5.963305,0.414411,0.387725,-0.469802,1.0,,,,,,,,,,,,,,0,gru
200,71385,0.1303,3.9546,169,0,0,1,0,3.6317,2.061,collision,675.7,-0.178799,0.392235,-0.837777,0.753144,4.645369,1.216438,1.102233,5.96853,0.390623,0.377953,-0.48737,1.004906,-0.049837,0.012173,1.741545,0.004406,0.062924,0.189281,0.031415,0.113703,0.0001,,,,,0,gru
201,71546,1.0371,3.7292,161,0,0,1,0,3.6475,2.034,collision,677.2,-0.300152,0.354491,-0.848057,0.74053,4.793668,1.05149,1.221429,5.977905,0.399704,0.377747,-0.456259,1.002507,,,,,,,,,,,,,,0,gru
202,71804,9.4892,5.9369,258,0,0,1,0,3.5641,2.05,collision,679.5,-0.055722,0.42666,-0.839264,0.838537,4.531673,1.288646,1.048198,5.951444,0.376742,0.395334,-0.719387,1.012264,,,,,,,,,,,,,,0,gru
203,72065,20.6376,5.4924,261,0,0,1,0,3.4548,2.076,collision,681.9,-0.111617,0.408491,-0.836575,0.776983,4.700649,1.080024,0.741771,5.963526,0.382068,0.387742,-0.683328,1.0,,,,,,,,,,,,,,0,gru
204,72203,-8.2356,4.6996,138,0,0,1,0,3.6396,1.82,collision,683.6,-0.468176,0.352942,-0.875566,0.57025,4.531926,1.123412,1.217171,5.970071,0.415978,0.389281,-0.586702,1.0,-0.062284,0.018364,1.741503,0.004394,0.075451,0.201947,0.02269,0.124711,0.0001,,,,,0,gru
205,72384,7.0057,-1.0672,181,0,0,1,0,3.6036,2.061,collision,685.3,-0.220659,0.383912,-0.884438,0.764434,4.556776,1.172578,0.464278,5.950769,0.387808,0.371707,-0.508777,1.011094,,,,,,,,,,,,,,0,gru
206,72653,30.7332,1.9313,269,0,0,1,0,3.4268,2.094,collision,687.8,-0.195456,0.382639,-0.849656,0.776757,4.654654,1.112986,1.304258,5.98081,0.388625,0.378785,-0.580182,1.005155,,,,,,,,,,,,,,0,gru
207,72813,-2.0495,8.8325,160,0,0,1,0,3.656,1.723,collision,689.4,-0.529817,0.315069,-0.879853,0.592715,4.344789,1.355597,0.641177,5.958613,0.403463,0.385269,-0.582275,1.0,,,,,,,,,,,,,,0,gru
208,73074,-2.7077,5.5778,261,0,0,1,0,3.5557,2.073,collision,692.1,0.068055,0.405242,-0.761596,0.830561,4.574527,1.228247,0.680395,5.970316,0.372487,0.404587,-0.790524,1.001417,-0.08099,0.013135,1.741453,0.004382,0.062096,0.242351,0.010327,0.150883,0.0001,,,,,0,gru
209,73347,30.044,8.6084,273,0,0,1,0,3.5337,1.961,collision,694.7,-0.263776,0.402599,-0.867049,0.766736,4.409047,1.318382,0.428807,5.942499,0.387243,0.381923,-0.594179,1.002617,,,,,,,,,,,,,,0,gru
210,73489,-3.9852,8.1969,142,0,0,1,0,3.6322,1.961,collision,696.0,-0.379978,0.329354,-0.875882,0.590395,4.560684,1.165082,1.052742,5.936346,0.412078,0.383862,-0.366258,1.0,,,,,,,,,,,,,,0,gru
211,73652,-0.1865,8.0745,163,0,0,1,0,3.6178,2.03,collision,697.5,-0.207247,0.392161,-0.866459,0.730082,4.378535,1.327378,0.661527,5.975051,0.383236,0.368056,-0.492131,1.0,,,,,,,,,,,,,,0,gru
212,73922,31.2822,10.2538,270,0,0,1,0,3.3876,2.025,collision,700.3,-0.22036,0.392868,-0.849544,0.785549,4.480395,1.20904,0.082742,5.98759,0.384701,0.37853,-0.606077,1.0,-0.076249,0.016491,1.741493,0.00437,0.076465,0.081382,0.014444,0.05357,0.0001,,,,,0,gru
213,74393,-58.2868,2.3614,471,0,0,1,0,3.6831,2.054,collision,704.6,-0.086566,0.423563,-0.87248,0.825125,4.504954,1.244321,0.424365,5.971266,0.39864,0.444466,-1.0,1.0,,,,,,,,,,,,,,0,gru
214,74671,37.8074,6.9657,278,0,0,1,0,3.334,1.937,collision,707.0,-0.32969,0.381403,-0.88849,0.755274,4.464641,1.247332,0.592109,5.96371,0.394838,0.381656,-0.651113,1.0,,,,,,,,,,,,,,0,gru
215,74833,-0.2846,6.2367,162,0,0,1,0,3.6386,2.011,collision,708.4,-0.250716,0.391503,-0.82231,0.699833,4.555393,1.116086,0.987263,5.937589,0.39007,0.372415,-0.479909,1.0,,,,,,,,,,,,,,0,gru
216,75009,5.7956,3.7429,176,0,0,1,0,3.5486,1.961,collision,710.4,-0.304216,0.383513,-0.880915,0.740904,4.506191,1.224454,0.699019,5.95744,0.393459,0.376808,-0.470426,1.0,-0.063442,0.014111,1.741711,0.004358,0.058544,0.197805,0.010246,0.093823,0.0001,,,,,0,gru
217,75278,31.602,7.1081,269,0,0,1,0,3.3786,1.999,collision,713.0,-0.202691,0.4116,-0.860727,0.800598,4.417583,1.276633,0.657151,5.972453,0.390644,0.382453,-0.648855,1.0,,,,,,,,,,,,,,0,gru
218,75751,-58.0993,1.5689,473,0,0,1,0,3.6816,1.999,collision,717.3,-0.10561,0.441219,-0.888566,0.858083,4.39303,1.318866,0.587444,5.989182,0.397412,0.444693,-1.0,1.004982,,,,,,,,,,,,,,0,gru
219,76208,-57.8836,-7.2239,457,0,0,1,0,3.6937,2.009,collision,721.4,-0.107029,0.437996,-0.891986,0.84717,4.468304,1.328679,0.307323,5.966821,0.39699,0.445453,-1.0,1.0,,,,,,,,,,,,,,0,gru
220,77911,-32.5196,-10.0773,1703,0,0,1,0,1.9905,2.066,collision,737.8,0.019174,0.413077,-0.87093,0.86707,4.421369,1.292952,0.177399,5.986095,0.354272,0.417615,-1.0,1.0,-0.035548,0.007392,1.742341,0.004346,0.054193,0.115512,0.0194,0.071757,0.0001,,,,,0,gru
221,78186,35.516,-6.5071,275,0,0,1,0,3.3794,1.993,collision,740.3,-0.273957,0.372108,-0.853729,0.724333,4.448406,1.308249,0.653719,5.991348,0.393627,0.378625,-0.573382,1.0,,,,,,,,,,,,,,0,gru
222,78343,0.2845,-9.6068,157,0,0,1,0,3.6295,1.983,collision,741.8,-0.340493,0.338807,-0.875041,0.719695,4.544163,1.249568,0.876237,5.968252,0.408412,0.386134,-0.464746,1.0,,,,,,,,,,,,,,0,gru
223,78612,33.0206,-0.4761,269,0,0,1,0,3.4176,2.036,collision,744.3,-0.195093,0.395082,-0.882468,0.71297,4.398466,1.201969,0.401686,5.941987,0.39405,0.383333,-0.611866,1.004946,,,,,,,,,,,,,,0,gru
224,78776,2.7886,-3.978,164,0,0,1,0,3.5839,1.916,collision,746.1,-0.369931,0.341943,-0.851276,0.749489,4.328595,1.397221,0.552536,5.965041,0.406352,0.382733,-0.400059,1.0,-0.062515,0.015853,1.742596,0.004334,0.070819,0.260941,0.019869,0.126827,0.0001,,,,,0,gru
225,79028,-1.5474,-4.1043,252,0,0,1,0,3.5556,2.053,collision,748.6,0.015357,0.429385,-0.820333,0.841703,4.301469,1.276918,0.424562,5.957315,0.365416,0.401934,-0.751668,1.0,,,,,,,,,,,,,,0,gru
226,79189,3.1151,-4.3723,161,0,0,1,0,3.5271,1.999,collision,750.2,-0.293318,0.365025,-0.853167,0.776827,4.356761,1.25804,0.712161,5.95555,0.410769,0.385189,-0.330144,1.0,,,,,,,,,,,,,,0,gru
227,79452,22.5699,-5.2755,263,0,0,1,0,3.4722,2.066,collision,752.6,-0.088143,0.4049,-0.833509,0.777919,4.431473,1.281832,0.469803,5.985377,0.384483,0.386997,-0.679039,1.009027,,,,,,,,,,,,,,0,gru
228,79602,-2.3924,0.2952,150,0,0,1,0,3.6417,1.889,collision,754.4,-0.382498,0.347499,-0.869189,0.686376,4.428259,1.372682,0.646041,5.975012,0.411199,0.384554,-0.402614,1.0,-0.08577,0.017686,1.742275,0.004322,0.063561,0.256528,0.020537,0.146536,0.0001,,,,,0,gru
229,79759,0.3975,6.1233,157,0,0,1,0,3.6194,2.061,collision,755.8,-0.17938,0.389,-0.85997,0.666708,4.458661,1.254422,0.76176,5.942095,0.394187,0.375212,-0.372927,1.001749,,,,,,,,,,,,,,0,gru
230,80718,96.3157,19.0068,959,0,0,1,0,2.5784,2.046,collision,764.7,-0.067539,0.423018,-0.884189,0.80057,4.443967,1.297368,0.190674,5.972664,0.384842,0.417077,-0.992865,1.0,,,,,,,,,,,,,,0,gru
231,80884,3.6206,15.8173,166,0,0,1,0,3.639,2.046,collision,766.2,-0.246859,0.360311,-0.891113,0.772501,4.586373,1.2149,0.338879,5.943786,0.404523,0.382042,-0.386606,1.004131,,,,,,,,,,,,,,0,gru
232,81323,-33.0903,12.4798,439,0,0,1,0,3.6735,2.025,collision,770.7,-0.086503,0.447069,-0.883665,0.814314,4.537058,1.175956,0.803709,5.960795,0.400692,0.437384,-0.999999,1.010088,-0.015325,0.01102,1.741972,0.00431,0.071315,0.121484,0.020595,0.036968,0.0001,,,,,0,gru
233,81461,-6.7211,8.5056,138,0,0,1,0,3.7738,1.857,collision,772.0,-0.451991,0.33781,-0.870288,0.47597,4.335007,1.261673,0.932281,5.936399,0.421295,0.393362,-0.450812,1.008768,,,,,,,,,,,,,,0,gru
234,81602,-8.9599,7.3308,141,0,0,1,0,3.7537,1.775,collision,773.3,-0.533085,0.254237,-0.873819,0.448595,4.212669,1.288957,0.353125,5.891094,0.409539,0.391644,-0.635785,1.003456,,,,,,,,,,,,,,0,gru
235,82061,-33.9518,4.0903,459,0,0,1,0,3.6412,1.979,collision,777.6,-0.108998,0.469496,-0.87607,0.873534,4.388893,1.254094,0.479554,5.939766,0.397215,0.435395,-0.999983,1.00025,,,,,,,,,,,,,,0,gru
236,82325,22.1443,5.9933,264,0,0,1,0,3.4655,2.054,collision,780.5,-0.071789,0.422524,-0.802967,0.872325,4.513534,1.188074,0.680484,5.960751,0.383567,0.386057,-0.684521,1.003648,-0.049891,0.012669,1.74179,0.004298,0.059753,0.191008,0.015593,0.116302,0.0001,,,,,0,gru
237,83066,64.7309,10.2094,741,0,0,1,0,2.6896,2.026,collision,787.3,-0.068999,0.437152,-0.872567,0.807999,4.453879,1.26185,0.137619,5.991615,0.388747,0.412742,-0.999927,1.0,,,,,,,,,,,,,,0,gru
238,83323,-0.7483,10.3738,257,0,0,1,0,3.51,2.083,collision,789.6,0.025184,0.418637,-0.759297,0.819342,4.609928,1.210879,0.405018,5.932874,0.369478,0.400829,-0.774245,1.0,,,,,,,,,,,,,,0,gru
239,83599,27.7804,13.1121,276,0,0,1,0,3.3535,2.006,collision,792.2,-0.131241,0.444719,-0.843242,0.842026,4.275764,1.22903,0.681952,5.974214,0.378758,0.382628,-0.613326,1.0,,,,,,,,,,,,,,0,gru
240,83780,7.1124,4.1917,181,0,0,1,0,3.642,2.041,collision,794.4,-0.261674,0.371041,-0.854789,0.752042,4.541556,1.183903,0.645991,5.96631,0.396346,0.377491,-0.464459,1.009497,-0.020965,0.012416,1.741682,0.004286,0.065106,0.165025,0.028646,0.100094,0.0001,,,,,0,gru
241,84033,-1.7094,3.6587,253,0,0,1,0,3.5408,2.023,collision,796.8,0.017123,0.419149,-0.804292,0.841581,4.181619,1.351385,0.288794,5.924972,0.364049,0.401184,-0.758535,1.0,,,,,,,,,,,,,,0,gru
242,84296,8.3052,7.7983,263,0,0,1,0,3.4915,2.102,collision,799.2,-0.003917,0.404695,-0.816254,0.865291,4.515451,1.208322,0.630446,5.975402,0.377116,0.394034,-0.739333,1.0,,,,,,,,,,,,,,0,gru
243,84743,-31.2474,5.3456,447,0,0,1,0,3.6633,1.996,collision,803.4,-0.123508,0.450484,-0.87094,0.838417,4.523457,1.244037,0.607214,5.965176,0.398173,0.435778,-1.0,1.009872,,,,,,,,,,,,,,0,gru
244,86419,-29.0882,3.3328,1676,0,0,1,0,1.9338,2.052,collision,819.2,0.029538,0.42136,-0.864731,0.878811,4.450924,1.293893,0.078193,5.989087,0.357403,0.41914,-0.999999,1.0,-0.022086,0.007248,1.74171,0.004274,0.051147,0.137948,0.013234,0.08068,0.0001,,,,,0,gru
245,86561,-5.4456,6.1834,142,0,0,1,0,3.6542,1.834,collision,820.6,-0.430612,0.340647,-0.868403,0.731822,4.276404,1.363882,0.210207,5.966362,0.412868,0.383894,-0.439687,1.0,,,,,,,,,,,,,,0,gru
246,86736,4.6809,4.4371,175,0,0,1,0,3.6455,1.924,collision,822.2,-0.362112,0.360203,-0.838027,0.704442,4.554098,1.256794,1.067918,5.961646,0.418448,0.394447,-0.492354,1.006267,,,,,,,,,,,,,,0,gru
247,86987,-10.1778,-3.0538,251,0,0,1,0,3.5275,2.073,collision,824.5,0.027377,0.417192,-0.867375,0.811733,4.391363,1.299956,0.499389,5.968755,0.354497,0.40376,-0.836993,1.0,,,,,,,,,,,,,,0,gru
248,87250,15.5189,-1.4271,263,0,0,1,0,3.4839,2.098,collision,827.3,-0.049852,0.404989,-0.776935,0.827213,4.493902,1.174139,0.407867,5.962763,0.374456,0.38394,-0.705396,1.001179,-0.068496,0.013688,1.741841,0.004262,0.061018,0.163114,0.02889,0.090061,0.0001,,,,,0,gru
249,87778,44.7896,0.2739,528,0,0,1,0,2.8213,2.021,collision,832.4,-0.070214,0.443087,-0.878655,0.832903,4.45723,1.204549,0.46112,5.983795,0.359962,0.385642,-0.999682,1.0,,,,,,,,,,,,,,0,gru
250,88741,83.0843,7.8711,963,0,0,1,0,2.5879,2.051,collision,841.7,-0.080396,0.429718,-0.881933,0.830933,4.521279,1.190564,0.363854,5.986159,0.383156,0.417141,-0.994986,1.0,,,,,,,,,,,,,,0,gru
251,88892,-3.301,7.7119,151,0,0,1,0,3.6023,1.829,collision,843.1,-0.436178,0.363418,-0.889903,0.713524,4.593032,1.260227,0.465837,5.975861,0.41097,0.384909,-0.563266,1.0,,,,,,,,,,,,,,0,gru
252,89419,48.2808,11.7095,527,0,0,1,0,2.8215,2.028,collision,849.0,-0.062713,0.440837,-0.868527,0.859489,4.502475,1.24939,0.341311,5.949092,0.364343,0.3878,-0.990649,1.0,-0.033116,0.006753,1.741609,0.00425,0.055781,0.222419,0.019358,0.125198,0.0001,,,,,0,gru
253,89681,5.8524,15.4194,262,0,0,1,0,3.4367,2.108,collision,851.5,0.060878,0.394781,-0.790299,0.768139,4.50423,1.252053,0.206211,5.979885,0.368675,0.391791,-0.712544,1.0,,,,,,,,,,,,,,0,gru
254,89949,12.5385,19.5821,268,0,0,1,0,3.5248,2.104,collision,854.2,0.052707,0.398494,-0.806116,0.845834,4.668808,1.124839,0.549135,5.978442,0.388761,0.397937,-0.660915,1.008965,,,,,,,,,,,,,,0,gru
255,90207,-1.6723,19.9594,258,0,0,1,0,3.5412,2.132,collision,856.8,0.046312,0.397061,-0.850745,0.88922,4.615403,1.160149,1.468119,5.925271,0.370881,0.402353,-0.785607,1.0,,,,,,,,,,,,,,0,gru
256,90488,39.9576,23.4871,281,0,0,1,0,3.3675,2.036,collision,860.0,-0.204887,0.41195,-0.836437,0.778884,4.655245,1.048119,1.061642,5.979346,0.396365,0.381638,-0.540029,1.0,-0.03861,0.011903,1.741418,0.004238,0.04892,0.178081,0.011394,0.092678,0.0001,,,,,0,gru
257,90753,16.2715,26.132,265,0,0,1,0,3.4656,2.074,collision,862.6,0.00242,0.416213,-0.873127,0.845893,4.473001,1.250003,0.676565,5.968884,0.384538,0.392525,-0.659037,1.0,,,,,,,,,,,,,,0,gru
258,91708,73.0149,31.8816,955,0,0,1,0,2.6035,2.059,collision,871.7,-0.078803,0.416663,-0.874082,0.818531,4.433316,1.288598,0.32271,5.987914,0.377983,0.415763,-0.996393,1.0,,,,,,,,,,,,,,0,gru
259,93301,-21.2706,25.2756,1593,0,0,1,0,1.7871,2.076,collision,886.4,0.033211,0.40599,-0.863869,0.847763,4.461229,1.267014,0.206114,5.993523,0.357672,0.419913,-1.0,1.0,,,,,,,,,,,,,,0,gru
260,93839,61.282,23.0954,538,0,0,1,0,2.7883,2.049,collision,892.7,-0.023069,0.430963,-0.861755,0.88115,4.515258,1.212104,0.677649,5.965066,0.374234,0.392699,-0.967466,1.0,-0.001116,0.006186,1.741614,0.004226,0.047116,0.158086,0.015919,0.094091,0.0001,,,,,0,gru
261,94119,38.7269,27.2982,280,0,0,1,0,3.3421,2.007,collision,895.4,-0.20906,0.410338,-0.887167,0.815556,4.522271,1.224208,0.626549,5.960557,0.393631,0.380864,-0.611848,1.0,,,,,,,,,,,,,,0,gru
262,94584,-43.7017,18.0999,465,0,0,1,0,3.644,2.056,collision,899.8,-0.065059,0.433192,-0.872812,0.868108,4.547025,1.192309,0.601525,5.980762,0.397661,0.439835,-1.0,1.001515,,,,,,,,,,,,,,0,gru
263,94855,30.9552,20.6102,271,0,0,1,0,3.3943,2.061,collision,902.3,-0.141065,0.398894,-0.863213,0.834285,4.421786,1.216089,0.411306,5.983837,0.390971,0.384141,-0.597872,1.0,,,,,,,,,,,,,,0,gru
264,95006,-0.7023,19.2861,151,0,0,1,0,3.6595,1.996,collision,904.0,-0.337949,0.350392,-0.864024,0.780569,4.712587,1.068393,0.511774,5.904061,0.412375,0.384711,-0.363957,1.0,-0.04745,0.016726,1.741869,0.004214,0.077202,0.229295,0.041356,0.12591,0.0001,,,,,0,gru
265,95192,9.1296,20.3663,186,0,0,1,0,3.6404,1.945,collision,905.7,-0.346539,0.363404,-0.853338,0.627697,4.667245,1.121192,0.548666,5.942231,0.412899,0.391991,-0.42854,1.013379,,,,,,,,,,,,,,0,gru
266,95464,29.2597,19.2965,272,0,0,1,0,3.3811,2.08,collision,908.2,-0.081497,0.40154,-0.85472,0.827115,4.512107,1.230438,0.685395,5.965174,0.384708,0.38272,-0.599351,1.0,,,,,,,,,,,,,,0,gru
267,95729,14.3755,19.1069,265,0,0,1,0,3.4639,2.089,collision,910.7,0.011766,0.39984,-0.831353,0.809124,4.345862,1.322971,0.350436,5.980186,0.378642,0.389431,-0.668699,1.0,,,,,,,,,,,,,,0,gru
268,95999,27.4919,14.5546,270,0,0,1,0,3.3852,2.033,collision,913.6,-0.123608,0.415994,-0.86562,0.806855,4.427466,1.284178,0.453113,5.979668,0.385543,0.383301,-0.634956,1.0,-0.040625,0.011425,1.742111,0.004202,0.062114,0.216654,0.013085,0.121595,0.0001,,,,,0,gru
269,96455,-40.7293,12.6087,456,0,0,1,0,3.6397,2.013,collision,918.0,-0.047186,0.460305,-0.880165,0.752078,4.482934,1.212393,0.235793,5.995025,0.39237,0.436042,-0.999994,1.0,,,,,,,,,,,,,,0,gru
270,96621,0.3894,6.5195,166,0,0,1,0,3.6483,2.086,collision,919.5,-0.123373,0.38618,-0.855348,0.726821,4.515831,1.259199,0.559531,5.972126,0.393341,0.377039,-0.464203,1.002714,,,,,,,,,,,,,,0,gru
271,96775,-3.7729,2.2695,154,0,0,1,0,3.6614,1.772,collision,921.0,-0.519392,0.276262,-0.875406,0.392973,4.225904,1.325991,0.613291,5.952688,0.410749,0.389273,-0.600868,1.0,,,,,,,,,,,,,,0,gru
272,97031,8.5821,7.4979,256,0,0,1,0,3.5432,2.062,collision,923.9,0.079866,0.394513,-0.819903,0.812336,4.340621,1.340577,0.623132,5.942966,0.372534,0.393695,-0.683287,1.009505,-0.049561,0.014019,1.74218,0.00419,0.065617,0.106245,0.023757,0.060015,0.0001,,,,,0,gru
273,97174,-2.8564,4.1167,143,0,0,1,0,3.6687,1.981,collision,925.3,-0.232313,0.415668,-0.879887,0.766562,4.430131,1.301196,0.257522,5.960984,0.409908,0.38218,-0.258559,1.0,,,,,,,,,,,,,,0,gru
274,97327,-2.2754,3.9594,153,0,0,1,0,3.6221,2.098,collision,926.8,-0.097248,0.398168,-0.859012,0.849635,4.587861,1.18726,0.888793,5.967311,0.395697,0.379035,-0.384792,1.001896,,,,,,,,,,,,,,0,gru
275,97742,51.8083,8.2273,415,0,0,1,0,3.0605,2.085,collision,930.7,0.034037,0.405504,-0.832368,0.856834,4.430686,1.239448,0.348775,5.98184,0.380719,0.387526,-0.845277,1.0,,,,,,,,,,,,,,0,gru
276,97894,-5.0117,4.8001,152,0,0,1,0,3.6638,1.709,collision,932.4,-0.560862,0.246657,-0.887171,0.285623,4.134113,1.289717,0.350638,5.965586,0.406777,0.392568,-0.634477,1.0,-0.04578,0.018337,1.742239,0.004178,0.088564,0.154168,0.017442,0.082195,0.0001,,,,,0,gru
277,98157,19.2456,5.2872,263,0,0,1,0,3.4397,2.109,collision,934.8,0.00625,0.386018,-0.760832,0.781719,4.327538,1.285352,0.588961,5.933761,0.377915,0.387855,-0.58901,1.001048,,,,,,,,,,,,,,0,gru
278,98324,5.7688,3.1148,167,0,0,1,0,3.5761,2.121,collision,936.4,-0.127753,0.367921,-0.856997,0.818927,4.62907,1.172449,0.393077,5.974651,0.402421,0.381752,-0.271392,1.000662,,,,,,,,,,,,,,0,gru
279,98475,-0.029,7.1849,151,0,0,1,0,3.6608,1.975,collision,937.8,-0.275541,0.395219,-0.886927,0.68125,4.541107,1.196013,1.235615,5.961329,0.41274,0.385764,-0.28437,1.004287,,,,,,,,,,,,,,0,gru
280,98619,-1.892,6.9567,144,0,0,1,0,3.636,2.119,collision,939.5,-0.106544,0.392788,-0.828031,0.797124,4.642869,1.124252,0.829485,5.973043,0.405053,0.379811,-0.202489,1.003891,-0.068289,0.020084,1.742382,0.004166,0.076793,0.170615,0.019432,0.093639,0.0001,,,,,0,gru
281,99072,-35.8491,3.7491,453,0,0,1,0,3.6324,1.99,collision,943.7,-0.030347,0.456283,-0.874549,0.856053,4.447708,1.344584,0.314674,5.987892,0.387734,0.431449,-0.999934,1.001997,,,,,,,,,,,,,,0,gru
282,99229,0.911,2.982,157,0,0,1,0,3.6592,1.909,collision,945.1,-0.335308,0.389403,-0.874187,0.804196,4.420348,1.269408,0.217768,5.947584,0.406869,0.383075,-0.332001,1.0,,,,,,,,,,,,,,0,gru
283,99493,14.8464,4.7523,264,0,0,1,0,3.498,2.122,collision,947.6,0.086128,0.379036,-0.843854,0.814024,4.583751,1.199563,0.33713,5.972881,0.390108,0.398667,-0.677913,1.013453,,,,,,,,,,,,,,0,gru
284,99647,1.4654,5.1264,154,0,0,1,0,3.539,2.053,collision,949.5,-0.260331,0.346788,-0.860274,0.716665,4.670477,1.17822,0.305281,5.965231,0.41593,0.388732,-0.271484,1.0,-0.031387,0.014885,1.74249,0.004154,0.061051,0.205051,0.009729,0.124095,0.0001,,,,,0,gru
285,99840,12.1594,1.1615,193,0,0,1,0,3.637,1.96,collision,951.2,-0.295392,0.388482,-0.851816,0.587394,4.510811,1.397313,0.62585,5.963965,0.407228,0.388131,-0.538052,1.01627,,,,,,,,,,,,,,0,gru
286,99981,-4.1,1.2526,141,0,0,1,0,3.6688,1.997,collision,952.6,-0.286304,0.381477,-0.862816,0.77666,4.725283,1.134464,0.694421,5.961731,0.419529,0.389336,-0.430687,1.0,,,,,,,,,,,,,,0,gru
287,100125,-1.2256,-0.7945,144,0,0,1,0,3.5949,2.126,collision,954.0,-0.176675,0.364334,-0.836484,0.702477,4.806612,0.991583,0.896837,5.956532,0.416008,0.3881,-0.177586,1.0,,,,,,,,,,,,,,0,gru
288,100271,-2.6188,-1.6332,146,0,0,1,0,3.5804,2.0,collision,955.7,-0.279632,0.375325,-0.853793,0.56889,4.584524,1.220524,0.677172,5.95503,0.417733,0.390923,-0.470665,1.0,-0.101547,0.022182,1.742559,0.004142,0.069203,0.295908,0.019356,0.16255,0.0001,,,,,0,gru
289,100407,-5.3284,-2.1632,136,0,0,1,0,3.6046,1.997,collision,957.0,-0.277862,0.392125,-0.840163,0.796359,4.710709,1.110374,0.958543,5.960607,0.414875,0.385646,-0.346832,1.0,,,,,,,,,,,,,,0,gru
290,100863,-31.3148,-5.1054,456,0,0,1,0,3.6381,2.039,collision,961.1,-0.001703,0.443933,-0.870873,0.847098,4.584624,1.251538,0.339628,5.987044,0.391566,0.432441,-0.999863,1.014813,,,,,,,,,,,,,,0,gru
291,101009,-1.0482,-1.6254,146,0,0,1,0,3.668,1.974,collision,962.5,-0.191243,0.448381,-0.859079,0.827353,4.800179,1.09614,0.684717,5.970621,0.409276,0.383117,-0.20272,1.000203,,,,,,,,,,,,,,0,gru
292,101159,-1.4231,-1.8588,150,0,0,1,0,3.6603,2.069,collision,964.2,-0.159157,0.39457,-0.789558,0.763084,4.875034,1.065661,1.175941,5.972108,0.404172,0.380071,-0.337998,1.007791,-0.075167,0.018876,1.742693,0.00413,0.068579,0.276065,0.012273,0.13774,0.0001,,,,,0,gru
293,101300,-7.2602,-4.0694,141,0,0,1,0,3.6726,1.862,collision,965.6,-0.432357,0.364594,-0.878432,0.56595,4.598835,1.195636,1.067318,5.961519,0.414666,0.390331,-0.630173,1.0,,,,,,,,,,,,,,0,gru
294,101450,-3.708,-4.5868,150,0,0,1,0,3.7499,1.851,collision,967.1,-0.432886,0.35329,-0.883614,0.759729,4.646874,1.112908,1.34127,5.92137,0.416374,0.391649,-0.542198,1.014585,,,,,,,,,,,,,,0,gru
295,101636,10.1362,-4.7891,186,0,0,1,0,3.64,1.945,collision,968.7,-0.303818,0.384266,-0.87965,0.760121,4.53124,1.366514,0.567939,5.956752,0.403611,0.385967,-0.412719,1.015895,,,,,,,,,,,,,,0,gru
296,101772,-5.5069,-4.9298,136,0,0,1,0,3.6557,2.02,collision,970.3,-0.325742,0.335888,-0.863409,0.730034,4.826323,1.056116,0.671052,5.982544,0.416485,0.384722,-0.368848,1.0,-0.061351,0.020285,1.742811,0.004118,0.059657,0.261484,0.008154,0.139831,0.0001,,,,,0,gru
297,101907,-10.7864,-5.8859,135,0,0,1,0,3.786,1.727,collision,971.6,-0.556376,0.242371,-0.880933,0.308011,4.508764,1.282017,0.303323,5.977937,0.406326,0.387764,-0.655517,1.011185,,,,,,,,,,,,,,0,gru
298,102043,-5.5188,-6.1759,136,0,0,1,0,3.6707,2.012,collision,972.8,-0.2825,0.381943,-0.858983,0.593769,4.712748,1.121481,1.054443,5.947501,0.414693,0.383866,-0.323915,1.0,,,,,,,,,,,,,,0,gru
299,102564,54.3421,-0.2088,521,0,0,1,0,2.771,2.035,collision,977.7,0.012519,0.436847,-0.862964,0.825239,4.48861,1.276321,0.127789,5.966911,0.362432,0.387472,-0.993156,1.0,,,,,,,,,,,,,,0,gru
300,102732,6.6411,3.5868,168,0,0,1,0,3.5383,2.127,collision,979.7,-0.178422,0.341335,-0.806456,0.596686,4.827368,1.15016,0.634619,5.975449,0.403761,0.382883,-0.279959,1.0,-0.016493,0.018975,1.742608,0.004106,0.078505,0.190279,0.037715,0.121409,0.0001,,,,,0,gru
301,102994,18.8925,5.5809,262,0,0,1,0,3.48,2.058,collision,982.2,-0.008061,0.416014,-0.81399,0.827824,4.507659,1.285371,0.387436,5.977146,0.38124,0.389355,-0.605866,1.005359,,,,,,,,,,,,,,0,gru
302,103269,34.4703,9.1702,275,0,0,1,0,3.5262,1.903,collision,984.8,-0.264244,0.447757,-0.891599,0.756855,4.491241,1.325509,0.213064,5.961911,0.402276,0.393004,-0.549353,1.005636,,,,,,,,,,,,,,0,gru
303,103792,44.988,14.395,523,0,0,1,0,2.8215,2.022,collision,989.7,0.020625,0.43974,-0.879281,0.838328,4.382498,1.322619,0.466983,5.971911,0.357028,0.385127,-0.997342,1.0,,,,,,,,,,,,,,0,gru
304,104042,0.6685,14.8327,250,0,0,1,0,3.4738,2.038,collision,992.5,0.042982,0.413415,-0.828117,0.83534,4.233577,1.345144,0.468693,5.950077,0.351431,0.392416,-0.745346,1.0,-0.016385,0.014137,1.742538,0.004094,0.073263,0.166667,0.041481,0.106257,0.0001,,,,,0,gru
305,104207,-0.5775,13.7613,165,0,0,1,0,3.6522,1.782,collision,994.1,-0.510184,0.305403,-0.883744,0.599285,4.351797,1.369052,0.276049,5.974165,0.403033,0.386355,-0.629031,1.0,,,,,,,,,,,,,,0,gru
306,104471,22.2433,16.5363,264,0,0,1,0,3.4554,2.094,collision,996.6,-0.028543,0.401167,-0.797469,0.804264,4.536956,1.224559,0.366192,5.945245,0.383859,0.386423,-0.607833,1.006939,,,,,,,,,,,,,,0,gru
307,104636,4.8577,18.1007,165,0,0,1,0,3.61,2.092,collision,998.2,-0.167408,0.381308,-0.880207,0.678134,4.706158,1.124059,1.034364,5.979166,0.399874,0.379887,-0.258504,1.007048,,,,,,,,,,,,,,0,gru
308,104788,0.3939,18.692,152,0,0,1,0,3.6583,2.077,collision,1000.0,-0.213805,0.379673,-0.861031,0.639821,4.888833,0.998187,1.017716,5.973222,0.40649,0.380368,-0.293691,1.008974,-0.08213,0.021241,1.742735,0.004082,0.073465,0.168107,0.04671,0.10772,0.0001,,,,,0,gru
309,104946,2.2358,13.4814,158,0,0,1,0,3.6155,2.104,collision,1001.5,-0.132693,0.404202,-0.815596,0.764829,4.90302,1.013396,1.774403,5.956378,0.396049,0.376065,-0.243735,1.007262,,,,,,,,,,,,,,0,gru
310,105115,5.8643,13.4037,169,0,0,1,0,3.5813,2.051,collision,1003.1,-0.154074,0.408637,-0.877015,0.754355,4.759213,1.168002,0.7896,5.989551,0.395467,0.377398,-0.27071,1.003638,,,,,,,,,,,,,,0,gru
311,105264,-1.6949,11.345,149,0,0,1,0,3.65,2.071,collision,1004.5,-0.163202,0.405972,-0.85398,0.731469,4.90836,1.044007,0.858916,5.960979,0.400265,0.376959,-0.286701,1.003183,,,,,,,,,,,,,,0,gru
312,105429,4.8562,8.3835,165,0,0,1,0,3.6108,2.079,collision,1006.4,-0.161307,0.387041,-0.876251,0.729591,4.746898,1.214778,0.63359,5.987493,0.400057,0.378785,-0.300791,1.009651,-0.111797,0.025389,1.742771,0.00407,0.082796,0.413734,0.052192,0.264045,0.0001,,,,,0,gru
313,105955,43.187,8.2034,526,0,0,1,0,2.8285,2.006,collision,1011.4,-0.013518,0.452931,-0.871521,0.869611,4.520868,1.277822,0.112455,5.976764,0.356449,0.383874,-0.999454,1.0,,,,,,,,,,,,,,0,gru
314,106108,-2.7583,7.8608,153,0,0,1,0,3.6598,1.869,collision,1012.9,-0.438699,0.348347,-0.87697,0.726703,4.839592,1.118027,1.321242,5.98894,0.415562,0.388928,-0.562921,1.0,,,,,,,,,,,,,,0,gru
315,106379,18.6673,9.7852,271,0,0,1,0,3.4452,2.092,collision,1015.6,0.052236,0.404481,-0.813617,0.79848,4.550511,1.157076,0.694428,5.97354,0.389668,0.393346,-0.655289,1.003336,,,,,,,,,,,,,,0,gru
316,106903,48.1659,12.3775,524,0,0,1,0,2.8063,2.051,collision,1021.3,0.037266,0.431344,-0.88648,0.853715,4.477861,1.261489,0.198013,5.949424,0.359077,0.384996,-0.996565,1.0,-0.025804,0.010023,1.742662,0.004058,0.074542,0.089863,0.045438,0.092781,0.0001,,,,,0,gru
317,107167,15.7443,13.4661,264,0,0,1,0,3.4398,2.085,collision,1023.8,0.039639,0.412226,-0.784477,0.807954,4.512223,1.180801,0.948466,5.934675,0.379118,0.392909,-0.614957,1.0,,,,,,,,,,,,,,0,gru
318,107691,53.422,18.769,524,0,0,1,0,2.7675,2.01,collision,1028.7,-0.009548,0.449774,-0.888024,0.848968,4.411844,1.289549,0.544336,5.972742,0.36327,0.386649,-0.999561,1.0,,,,,,,,,,,,,,0,gru
319,107848,1.0039,18.6458,157,0,0,1,0,3.5593,1.932,collision,1030.2,-0.314846,0.406497,-0.888437,0.74641,4.708075,1.110706,0.760261,5.977571,0.411797,0.383531,-0.383722,1.0,,,,,,,,,,,,,,0,gru
320,108319,-27.1158,15.3477,471,0,0,1,0,3.6293,1.999,collision,1035.0,-0.023138,0.454768,-0.881703,0.835823,4.506852,1.266783,0.127735,5.971441,0.385412,0.426361,-0.999991,1.011838,-0.011349,0.011484,1.742528,0.004046,0.067438,0.097844,0.016356,0.068275,0.0001,,,,,0,gru
321,108491,5.8909,16.1063,172,0,0,1,0,3.5764,2.045,collision,1036.7,-0.189125,0.394859,-0.864607,0.847994,4.717178,1.179964,0.470705,5.972015,0.398676,0.379352,-0.386935,1.0,,,,,,,,,,,,,,0,gru
322,109018,35.065,19.1272,527,0,0,1,0,2.8519,1.999,collision,1041.5,-0.023188,0.458962,-0.876217,0.877472,4.380765,1.335289,0.244761,5.990957,0.358044,0.390947,-1.0,1.0,,,,,,,,,,,,,,0,gru
323,109296,33.7824,18.1867,278,0,0,1,0,3.3814,2.099,collision,1044.1,-0.066584,0.397015,-0.810298,0.819948,4.570664,1.158986,0.534359,5.992537,0.392095,0.38536,-0.529745,1.000956,,,,,,,,,,,,,,0,gru
324,109555,15.7776,20.0403,259,0,0,1,0,3.4882,2.087,collision,1046.9,-0.01288,0.418745,-0.815407,0.802707,4.571694,1.185331,0.389482,5.932167,0.376336,0.389168,-0.61802,1.002958,-0.042308,0.010898,1.74246,0.004034,0.062075,0.146701,0.015425,0.097174,0.0001,,,,,0,gru
325,109698,-7.6068,17.4129,143,0,0,1,0,3.7752,1.728,collision,1048.2,-0.543307,0.304696,-0.873541,0.601539,4.626235,1.275954,0.983323,5.944106,0.414939,0.392288,-0.609548,1.004186,,,,,,,,,,,,,,0,gru
326,109841,-4.4961,12.1467,143,0,0,1,0,3.6705,1.887,collision,1049.6,-0.410804,0.362472,-0.877048,0.638092,4.770062,1.174845,0.477439,5.955681,0.416623,0.389949,-0.495047,1.0,,,,,,,,,,,,,,0,gru
327,110013,4.9405,11.0664,172,0,0,1,0,3.6479,2.048,collision,1051.2,-0.259628,0.375061,-0.885807,0.601286,4.652936,1.142898,0.922608,5.965501,0.409855,0.388501,-0.411508,1.015538,,,,,,,,,,,,,,0,gru
328,110460,-21.5472,3.5694,447,0,0,1,0,3.6321,2.029,collision,1055.6,-0.003106,0.448342,-0.886181,0.827109,4.617969,1.23509,0.325219,5.985581,0.395703,0.431,-0.999983,1.015791,-0.046603,0.014042,1.742359,0.004022,0.082134,0.194,0.045659,0.103131,0.0001,,,,,0,gru
329,110607,-0.7883,3.3902,147,0,0,1,0,3.6357,2.04,collision,1057.0,-0.247419,0.383554,-0.849718,0.714646,4.886168,0.970884,1.425575,5.970523,0.411679,0.383564,-0.267248,1.0,,,,,,,,,,,,,,0,gru
330,110763,1.64,6.2658,156,0,0,1,0,3.5791,2.014,collision,1058.5,-0.263074,0.377475,-0.851812,0.686211,4.884794,1.094152,0.138158,5.982784,0.409721,0.385316,-0.353987,1.0,,,,,,,,,,,,,,0,gru
331,111287,59.9801,11.6747,524,0,0,1,0,2.7444,2.017,collision,1063.3,0.03052,0.454811,-0.856106,0.833975,4.560968,1.21006,0.4837,5.993354,0.366103,0.388466,-0.994826,1.0,,,,,,,,,,,,,,0,gru
332,111553,19.7283,10.1411,266,0,0,1,0,3.4486,2.069,collision,1066.2,0.051901,0.412499,-0.746744,0.87749,4.520856,1.252656,0.564069,5.967276,0.381124,0.388095,-0.590998,1.0,-0.032996,0.013761,1.742069,0.00401,0.07625,0.158376,0.008317,0.093682,0.0001,,,,,0,gru
333,111706,1.4311,6.9059,153,0,0,1,0,3.546,2.051,collision,1067.7,-0.153095,0.425361,-0.881076,0.797573,4.885396,0.987645,1.261299,5.966191,0.409887,0.386826,-0.221722,1.0,,,,,,,,,,,,,,0,gru
334,111970,16.052,6.9334,264,0,0,1,0,3.4828,2.103,collision,1070.0,0.129111,0.383432,-0.748172,0.833873,4.688199,1.09509,0.895357,5.968285,0.393029,0.400493,-0.754186,1.010799,,,,,,,,,,,,,,0,gru
335,112112,-5.8813,7.1059,142,0,0,1,0,3.67,1.852,collision,1071.3,-0.409517,0.373129,-0.870961,0.721741,4.645565,1.19747,1.418985,5.958938,0.414369,0.387544,-0.535949,1.0,,,,,,,,,,,,,,0,gru
336,112279,3.5259,7.9081,167,0,0,1,0,3.651,1.933,collision,1073.2,-0.36983,0.353051,-0.867132,0.574702,4.503845,1.323122,0.587097,5.968933,0.407509,0.385289,-0.41805,1.008374,-0.070272,0.016294,1.741815,0.003998,0.064023,0.097778,0.015757,0.058484,0.0001,,,,,0,gru
337,112800,53.1275,12.7268,521,0,0,1,0,2.7845,2.008,collision,1077.9,0.016203,0.454927,-0.855705,0.869913,4.490926,1.284688,0.238619,5.981209,0.36413,0.39018,-0.99296,1.0,,,,,,,,,,,,,,0,gru
338,112970,-0.3322,14.8483,170,0,0,1,0,3.7475,1.872,collision,1079.5,-0.383855,0.399576,-0.878253,0.659479,4.737718,1.16248,1.217453,5.982311,0.422514,0.398521,-0.800428,1.007255,,,,,,,,,,,,,,0,gru
339,113107,-10.9797,13.8292,137,0,0,1,0,3.7613,1.66,collision,1080.9,-0.605265,0.253477,-0.885718,0.360519,4.226749,1.25384,0.52969,5.947126,0.400426,0.387707,-0.656779,1.0,,,,,,,,,,,,,,0,gru
340,113260,0.567,13.7219,153,0,0,1,0,3.5884,2.028,collision,1082.7,-0.111971,0.450837,-0.864214,0.866387,4.702739,1.093933,1.325947,5.971025,0.39967,0.380155,-0.305514,1.0,-0.027497,0.014575,1.741662,0.003986,0.077655,0.190076,0.032815,0.120795,0.0001,,,,,0,gru
341,113416,1.9525,7.9191,156,0,0,1,0,3.5833,2.06,collision,1084.2,-0.228226,0.384169,-0.857892,0.667865,4.636975,1.158043,0.71625,5.958985,0.404507,0.381281,-0.253372,1.0,,,,,,,,,,,,,,0,gru
342,113576,2.9562,6.2419,160,0,0,1,0,3.568,2.003,collision,1085.8,-0.140069,0.438516,-0.877063,0.776618,4.495084,1.278647,0.65981,5.947915,0.395393,0.375764,-0.257502,1.0,,,,,,,,,,,,,,0,gru
343,113853,36.4237,9.7412,277,0,0,1,0,3.5158,1.891,collision,1088.3,-0.264606,0.442299,-0.885812,0.745443,4.327275,1.423908,0.532239,5.985792,0.405675,0.394874,-0.470453,1.014893,,,,,,,,,,,,,,0,gru
344,114015,1.0577,8.2417,162,0,0,1,0,3.6524,2.09,collision,1090.2,-0.133235,0.380273,-0.838291,0.732408,4.692867,1.101696,0.55212,5.951771,0.405459,0.386637,-0.355179,1.008402,-0.044885,0.019305,1.741609,0.003974,0.084813,0.198235,0.026205,0.108,0.0001,,,,,0,gru
345,114540,59.2367,14.7535,525,0,0,1,0,2.7319,2.029,collision,1094.9,-0.012548,0.450282,-0.8587,0.820017,4.583127,1.180706,0.096465,5.983321,0.370224,0.390427,-0.99813,1.0,,,,,,,,,,,,,,0,gru
346,114712,0.314,14.4323,172,0,0,1,0,3.6481,1.681,collision,1096.6,-0.524638,0.351937,-0.887915,0.542957,4.397377,1.388802,0.479065,5.966828,0.405071,0.38942,-0.607123,1.0,,,,,,,,,,,,,,0,gru
347,114984,26.4091,11.7605,272,0,0,1,0,3.4297,2.082,collision,1099.4,0.003013,0.423399,-0.818614,0.833039,4.481795,1.183213,0.884956,5.989312,0.3857,0.385674,-0.58709,1.006198,,,,,,,,,,,,,,0,gru
348,115263,33.0928,15.103,279,0,0,1,0,3.3845,2.155,collision,1102.6,-0.040092,0.366026,-0.796584,0.787769,4.732727,1.106028,0.932657,5.976348,0.395238,0.385284,-0.516065,1.007001,-0.024358,0.01166,1.741574,0.003962,0.077049,0.140855,0.028314,0.083934,0.0001,,,,,0,gru
349,115422,1.9939,16.4004,159,0,0,1,0,3.653,2.0,collision,1104.1,-0.273267,0.386891,-0.859822,0.584252,4.898974,0.969761,1.112295,5.94154,0.406262,0.382091,-0.29449,1.00409,,,,,,,,,,,,,,0,gru
350,115591,3.7184,16.7155,169,0,0,1,0,3.6461,2.081,collision,1105.8,-0.216223,0.366893,-0.892443,0.666077,4.655714,1.124274,0.795755,5.960082,0.397468,0.377458,-0.420843,1.01267,,,,,,,,,,,,,,0,gru
351,115864,19.0887,18.4291,273,0,0,1,0,3.3752,2.038,collision,1108.5,0.027995,0.429195,-0.817906,0.834701,4.190362,1.373319,0.35088,5.937825,0.366241,0.382735,-0.648829,1.0,,,,,,,,,,,,,,0,gru
352,116131,18.5733,19.9908,267,0,0,1,0,3.4223,2.12,collision,1111.5,0.086995,0.365318,-0.766778,0.828219,4.27996,1.272262,0.231293,5.946727,0.381885,0.39212,-0.72429,1.0,-0.043538,0.014299,1.741603,0.00395,0.061092,0.243828,0.021997,0.151588,0.0001,,,,,0,gru
353,116313,8.2958,17.178,182,0,0,1,0,3.6423,1.973,collision,1113.3,-0.27035,0.400537,-0.892525,0.665749,4.637092,1.274072,0.230392,5.975158,0.406451,0.38561,-0.432043,1.009779,,,,,,,,,,,,,,0,gru
354,116467,0.4552,17.1178,154,0,0,1,0,3.5528,2.07,collision,1114.8,-0.161124,0.398895,-0.829989,0.785318,4.7074,1.09657,0.596354,5.97972,0.39453,0.374395,-0.257627,1.0,,,,,,,,,,,,,,0,gru
355,116649,7.2901,11.9231,182,0,0,1,0,3.5525,2.097,collision,1116.7,-0.093901,0.383393,-0.84571,0.795275,4.634336,1.234074,0.59924,5.970261,0.395266,0.382238,-0.397652,1.005298,,,,,,,,,,,,,,0,gru
356,116787,-5.2494,11.3668,138,0,0,1,0,3.6667,1.925,collision,1118.3,-0.336843,0.385131,-0.88072,0.557672,4.582788,1.284806,0.542637,5.960468,0.416806,0.385587,-0.400421,1.0,-0.070332,0.021062,1.741515,0.003938,0.075283,0.252577,0.033584,0.172913,0.0001,,,,,0,gru
357,117057,13.9995,10.1258,270,0,0,1,0,3.4028,2.058,collision,1120.8,0.131392,0.393205,-0.745375,0.843982,4.267604,1.292712,0.510072,5.952594,0.378009,0.396258,-0.741006,1.0,,,,,,,,,,,,,,0,gru
358,117239,5.2801,7.3445,182,0,0,1,0,3.6423,1.702,collision,1122.4,-0.522461,0.344941,-0.890281,0.585535,4.248602,1.293612,0.378454,5.922491,0.40114,0.386836,-0.507732,1.0,,,,,,,,,,,,,,0,gru
359,117422,10.1833,8.1635,183,0,0,1,0,3.5404,2.055,collision,1124.1,-0.183602,0.405349,-0.865535,0.802736,4.670139,1.180939,1.161878,5.977167,0.398285,0.379115,-0.31325,1.000019,,,,,,,,,,,,,,0,gru
360,117572,-2.2694,7.5647,150,0,0,1,0,3.6482,1.929,collision,1125.8,-0.358053,0.3753,-0.880349,0.709686,4.751632,1.157079,0.301152,5.956378,0.414312,0.386363,-0.445272,1.0,-0.084668,0.014757,1.741364,0.003926,0.061479,0.158222,0.00891,0.091373,0.0001,,,,,0,gru
361,117851,26.9999,8.3558,279,0,0,1,0,3.4392,2.002,collision,1128.4,-0.006371,0.458624,-0.893231,0.829454,4.401324,1.340639,0.338157,5.97496,0.390157,0.392581,-0.688324,1.00516,,,,,,,,,,,,,,0,gru
362,118131,9.8411,7.4826,280,0,0,1,0,3.6386,1.923,collision,1131.1,-0.186222,0.474963,-0.883117,0.833655,4.448559,1.300638,0.428311,5.942428,0.400067,0.411706,-0.906083,1.013332,,,,,,,,,,,,,,0,gru
363,118275,-3.1313,6.3399,144,0,0,1,0,3.6559,1.97,collision,1132.5,-0.327037,0.349965,-0.880958,0.675566,4.500892,1.273741,0.508272,5.988427,0.413252,0.38434,-0.307235,1.0,,,,,,,,,,,,,,0,gru
364,118812,72.7396,13.5683,537,0,0,1,0,2.7057,2.032,collision,1137.6,0.045982,0.439058,-0.872164,0.851727,4.345965,1.284147,0.588449,5.952275,0.381022,0.392184,-0.98852,1.0,-0.012223,0.013804,1.741318,0.003914,0.082036,0.107123,0.03179,0.067974,0.0001,,,,,0,gru
365,118977,0.1317,12.8525,165,0,0,1,0,3.6436,2.094,collision,1139.0,-0.067718,0.402261,-0.857447,0.816879,4.550138,1.196759,0.726376,5.94577,0.399885,0.384895,-0.406402,1.00634,,,,,,,,,,,,,,0,gru
366,119239,16.535,15.0309,262,0,0,1,0,3.4828,2.125,collision,1141.2,0.109188,0.365897,-0.824585,0.864412,4.439673,1.278535,0.715748,5.985638,0.390906,0.40012,-0.690071,1.010359,,,,,,,,,,,,,,0,gru
367,119391,0.3283,13.6638,152,0,0,1,0,3.6233,1.972,collision,1142.5,-0.285396,0.380522,-0.870354,0.717075,4.53218,1.206686,0.592807,5.966178,0.409441,0.383706,-0.298834,1.0,,,,,,,,,,,,,,0,gru
368,119538,-3.4209,12.7937,147,0,0,1,0,3.669,1.813,collision,1144.3,-0.421677,0.387381,-0.889908,0.576035,4.287625,1.348772,0.262337,5.954611,0.412117,0.386217,-0.378861,1.0,-0.098994,0.017785,1.741429,0.003902,0.061786,0.182964,0.022026,0.074454,0.0001,,,,,0,gru
369,119808,15.6226,13.3377,270,0,0,1,0,3.4491,2.058,collision,1146.8,0.156954,0.389141,-0.772808,0.872409,4.467752,1.26045,0.691098,5.953416,0.388612,0.398014,-0.75143,1.000817,,,,,,,,,,,,,,0,gru
370,119954,-2.5835,13.3063,146,0,0,1,0,3.58,1.917,collision,1148.1,-0.363442,0.384214,-0.879761,0.530884,4.54061,1.200014,1.073842,5.95541,0.408957,0.382179,-0.352057,1.0,,,,,,,,,,,,,,0,gru
371,120233,24.6857,13.0748,279,0,0,1,0,3.4638,2.067,collision,1150.5,0.106985,0.398854,-0.799164,0.826116,4.568892,1.252582,0.859636,5.95244,0.39684,0.394313,-0.703975,1.015653,,,,,,,,,,,,,,0,gru
372,120398,3.2064,12.4114,165,0,0,1,0,3.5651,2.092,collision,1152.3,-0.22772,0.375537,-0.878077,0.719286,4.793001,1.028053,1.799364,5.966005,0.395807,0.374191,-0.367851,1.0,-0.068062,0.014449,1.741903,0.00389,0.065221,0.21172,0.004213,0.122827,0.0001,,,,,0,gru
373,120661,9.15,13.6395,263,0,0,1,0,3.4132,2.075,collision,1154.7,0.107275,0.404307,-0.792004,0.857209,4.257249,1.272408,0.746261,5.917998,0.364974,0.39624,-0.737787,1.0,,,,,,,,,,,,,,0,gru
374,121074,49.3316,11.2987,413,0,0,1,0,3.0608,2.06,collision,1158.6,0.101075,0.410687,-0.826875,0.841787,4.516495,1.257045,0.71335,5.984832,0.376787,0.385568,-0.888475,1.0,,,,,,,,,,,,,,0,gru
375,121249,-1.7632,11.1092,175,0,0,1,0,3.743,1.689,collision,1160.2,-0.523282,0.369554,-0.8829,0.823754,4.306624,1.302045,0.386318,5.926639,0.416534,0.396518,-0.73653,1.00709,,,,,,,,,,,,,,0,gru
376,121540,8.9646,10.3522,291,0,0,1,0,3.6539,1.844,collision,1163.3,-0.194861,0.50714,-0.882781,0.806026,4.368392,1.369027,0.10919,5.972818,0.401561,0.414778,-0.926803,1.013585,-0.010911,0.013692,1.74238,0.003878,0.078997,0.250199,0.011053,0.146041,0.0001,,,,,0,gru
377,121695,-0.2437,10.295,155,0,0,1,0,3.6603,1.921,collision,1164.8,-0.383603,0.367733,-0.885428,0.698753,4.767948,1.116698,1.071409,5.962381,0.412282,0.385631,-0.37316,1.0,,,,,,,,,,,,,,0,gru
378,121966,21.4631,12.7834,271,0,0,1,0,3.4225,2.107,collision,1167.3,0.050455,0.397242,-0.770385,0.831069,4.475215,1.222777,0.647288,5.967671,0.382754,0.387084,-0.581128,1.00214,,,,,,,,,,,,,,0,gru
379,122234,20.9577,13.3169,268,0,0,1,0,3.3951,2.106,collision,1169.8,0.027963,0.407189,-0.79375,0.82408,4.436341,1.18528,0.414021,5.961677,0.374297,0.387377,-0.628594,1.0,,,,,,,,,,,,,,0,gru
380,122401,3.0843,13.8836,167,0,0,1,0,3.6498,2.035,collision,1171.7,-0.226739,0.384325,-0.879296,0.737196,4.712204,1.211601,0.512453,5.946195,0.39966,0.378703,-0.411801,1.004817,-0.030529,0.011223,1.742627,0.003866,0.057325,0.112233,0.004112,0.076437,0.0001,,,,,0,gru
381,122665,13.3419,12.7493,264,0,0,1,0,3.4798,2.117,collision,1174.3,0.132138,0.365014,-0.759512,0.807669,4.533352,1.273585,0.506089,5.973016,0.392789,0.40301,-0.738847,1.006346,,,,,,,,,,,,,,0,gru
382,122929,14.267,13.8553,264,0,0,1,0,3.4871,2.103,collision,1176.7,0.124374,0.372664,-0.758007,0.813363,4.475491,1.261241,0.451688,5.952534,0.391173,0.402001,-0.743339,1.00491,,,,,,,,,,,,,,0,gru
383,123115,7.4281,13.6831,186,0,0,1,0,3.6404,1.842,collision,1178.5,-0.408078,0.388815,-0.893629,0.824822,4.589544,1.244424,0.561758,5.964739,0.418569,0.396853,-0.502027,1.001898,,,,,,,,,,,,,,0,gru
384,123280,3.4977,9.0998,165,0,0,1,0,3.536,1.968,collision,1180.4,-0.323709,0.378577,-0.885285,0.737676,4.851142,1.084485,0.372219,5.953064,0.412155,0.386088,-0.409324,1.0,-0.012709,0.013694,1.742837,0.003854,0.054192,0.181539,0.007145,0.116105,0.0001,,,,,0,gru
385,123437,0.9229,9.3684,157,0,0,1,0,3.5513,1.999,collision,1181.7,-0.334499,0.349213,-0.877391,0.688242,4.740206,1.114602,0.978708,5.980713,0.410316,0.382936,-0.375681,1.0,,,,,,,,,,,,,,0,gru
386,123591,-4.9299,7.9789,154,0,0,1,0,3.7481,1.753,collision,1183.2,-0.529559,0.313795,-0.880766,0.558978,4.498471,1.233027,1.108279,5.975456,0.416212,0.393518,-0.64244,1.006467,,,,,,,,,,,,,,0,gru
387,123777,7.9535,8.7986,186,0,0,1,0,3.6405,1.95,collision,1184.8,-0.299546,0.397589,-0.879204,0.718984,4.50985,1.217435,0.633385,5.97134,0.404224,0.385973,-0.45716,1.012458,,,,,,,,,,,,,,0,gru
388,123952,6.8211,7.3344,175,0,0,1,0,3.6155,2.043,collision,1186.8,-0.202398,0.400403,-0.884304,0.760176,4.635896,1.162463,0.775226,5.972311,0.39861,0.380485,-0.370543,1.010057,-0.066645,0.014796,1.742982,0.003842,0.061655,0.177429,0.020594,0.120337,0.0001,,,,,0,gru
389,124501,66.619,11.9006,549,0,0,1,0,2.8298,2.024,collision,1192.0,0.008266,0.451411,-0.889498,0.845467,4.37235,1.260289,0.7452,5.981018,0.376011,0.390324,-0.95183,1.0,,,,,,,,,,,,,,0,gru
390,124777,26.3019,14.2223,276,0,0,1,0,3.5145,2.062,collision,1194.5,-0.085153,0.420069,-0.890858,0.828475,4.372994,1.332191,0.251267,5.994658,0.396479,0.395644,-0.603686,1.015649,,,,,,,,,,,,,,0,gru
391,124939,2.0868,13.0968,162,0,0,1,0,3.6481,2.016,collision,1196.0,-0.234906,0.378843,-0.854747,0.727898,4.543561,1.325935,0.213862,5.968556,0.402584,0.381298,-0.384749,1.002607,,,,,,,,,,,,,,0,gru
392,125127,8.9843,12.5685,188,0,0,1,0,3.6394,1.887,collision,1198.0,-0.348975,0.40831,-0.893095,0.799902,4.592569,1.199846,0.171435,5.923048,0.409443,0.390684,-0.450339,1.008949,-0.019476,0.012846,1.743081,0.00383,0.073992,0.120915,0.039155,0.111208,0.0001,,,,,0,gru
393,125293,4.8832,12.314,166,0,0,1,0,3.5409,2.071,collision,1199.6,-0.246442,0.360463,-0.86843,0.651966,4.588102,1.157695,0.609423,5.970471,0.400745,0.376943,-0.362092,1.0,,,,,,,,,,,,,,0,gru
394,125437,-7.1088,11.2534,144,0,0,1,0,3.7563,1.696,collision,1201.0,-0.560881,0.273758,-0.893703,0.518191,4.128577,1.448752,0.386275,5.928133,0.417316,0.392561,-0.534742,1.000437,,,,,,,,,,,,,,0,gru
395,125614,5.587,11.7198,177,0,0,1,0,3.6443,2.041,collision,1202.5,-0.220477,0.382084,-0.874698,0.671497,4.632968,1.164515,0.336506,5.923052,0.397649,0.37798,-0.506317,1.014263,,,,,,,,,,,,,,0,gru
396,125762,-2.2214,11.9907,148,0,0,1,0,3.5759,1.943,collision,1204.4,-0.347115,0.388923,-0.89298,0.69049,4.580447,1.163621,0.335346,5.967614,0.411127,0.383459,-0.436468,1.0,-0.124404,0.021524,1.743266,0.003818,0.071047,0.189481,0.050364,0.140564,0.0001,,,,,0,gru
397,126024,3.4892,11.5442,262,0,0,1,0,3.4467,2.018,collision,1206.9,0.158004,0.393148,-0.860992,0.871759,4.229462,1.355307,0.290259,5.950859,0.369862,0.400129,-0.74904,1.0,,,,,,,,,,,,,,0,gru
398,126176,-0.5699,10.8051,152,0,0,1,0,3.6622,2.001,collision,1208.3,-0.291463,0.356238,-0.867784,0.583168,4.421154,1.348548,0.772065,5.959018,0.405184,0.380262,-0.354448,1.0,,,,,,,,,,,,,,0,gru
399,126704,52.5542,9.3986,528,0,0,1,0,2.7826,1.979,collision,1213.4,-0.001423,0.467857,-0.882712,0.868261,4.256996,1.358108,0.571446,5.98056,0.364565,0.386009,-0.999657,1.0,,,,,,,,,,,,,,0,gru
400,127237,78.5863,14.6271,533,0,0,1,0,2.7074,2.03,collision,1218.7,0.008759,0.44316,-0.861723,0.855845,4.382881,1.262084,0.256296,5.960647,0.378718,0.386113,-0.950873,1.0,-0.026921,0.00989,1.743525,0.003806,0.068924,0.094555,0.038899,0.074066,0.0001,,,,,0,gru
401,127383,-4.6984,13.9486,146,0,0,1,0,3.7668,1.824,collision,1220.1,-0.455312,0.327709,-0.873917,0.767724,4.524696,1.246115,0.319063,5.942915,0.423629,0.395284,-0.503702,1.011746,,,,,,,,,,,,,,0,gru
402,127917,52.6954,18.3197,534,0,0,1,0,2.8026,1.952,collision,1225.0,-0.030546,0.469371,-0.886271,0.828736,4.146754,1.373494,0.306064,5.962327,0.374488,0.393623,-0.994544,1.0,,,,,,,,,,,,,,0,gru
403,128455,67.5587,24.5872,538,0,0,1,0,2.7338,2.012,collision,1229.9,-0.030131,0.455033,-0.883421,0.836347,4.324223,1.206702,0.175782,5.97642,0.382266,0.392671,-0.987659,1.0,,,,,,,,,,,,,,0,gru
404,128724,16.6945,26.9675,269,0,0,1,0,3.4109,2.055,collision,1232.9,0.104097,0.396474,-0.742155,0.85517,4.141954,1.370441,0.371852,5.981598,0.377309,0.393179,-0.683229,1.0,-0.012393,0.008918,1.743815,0.003794,0.057844,0.235129,0.025683,0.143217,0.0001,,,,,0,gru
405,128996,32.5263,29.6615,272,0,0,1,0,3.4648,1.986,collision,1235.4,-0.141646,0.432702,-0.875913,0.780241,4.367895,1.303335,0.409449,5.91276,0.400562,0.392442,-0.541149,1.009352,,,,,,,,,,,,,,0,gru
406,129135,-10.6103,28.8226,139,0,0,1,0,3.8267,1.553,collision,1236.6,-0.648683,0.211446,-0.878224,0.183811,3.772297,1.502198,0.237021,5.937596,0.407631,0.390053,-0.653489,1.006688,,,,,,,,,,,,,,0,gru
407,129272,-7.5629,27.7174,137,0,0,1,0,3.6653,1.806,collision,1237.9,-0.481131,0.321063,-0.8943,0.603819,4.271767,1.342677,0.726922,5.984854,0.412378,0.385151,-0.502608,1.0,,,,,,,,,,,,,,0,gru
408,129441,5.0591,28.2803,169,0,0,1,0,3.5626,1.918,collision,1239.7,-0.338275,0.390985,-0.876084,0.687838,4.473553,1.217567,0.938826,5.974628,0.408261,0.38312,-0.377838,1.0,-0.066415,0.017208,1.744082,0.003782,0.087389,0.210408,0.028792,0.123957,0.0001,,,,,0,gru
409,129575,-9.9507,22.0298,134,0,0,1,0,3.8087,1.729,collision,1240.9,-0.54724,0.279012,-0.892157,0.287008,4.252676,1.292563,0.131343,5.968719,0.412996,0.391641,-0.572046,1.014122,,,,,,,,,,,,,,0,gru
410,129730,1.682,14.3394,155,0,0,1,0,3.5401,2.026,collision,1242.4,-0.291029,0.355318,-0.888374,0.710218,4.616504,1.143725,0.559695,5.942861,0.409505,0.382312,-0.280654,1.0,,,,,,,,,,,,,,0,gru
411,129996,16.3097,16.4402,266,0,0,1,0,3.4153,2.003,collision,1244.7,0.109588,0.419751,-0.864975,0.830024,4.318521,1.371513,0.229599,5.968191,0.372386,0.391562,-0.666029,1.0,,,,,,,,,,,,,,0,gru
412,130530,75.7494,18.7456,534,0,0,1,0,2.7306,1.988,collision,1250.0,-0.083941,0.466448,-0.877401,0.85434,4.431567,1.269433,0.260174,5.981902,0.387424,0.393914,-0.97648,1.0,-0.028729,0.011908,1.744458,0.00377,0.06851,0.176515,0.003024,0.0942,0.0001,,,,,0,gru
413,131083,74.1779,19.4075,553,0,0,1,0,2.8193,1.978,collision,1255.2,0.028305,0.464445,-0.876928,0.867709,4.289744,1.324544,0.296032,5.977953,0.380806,0.391434,-0.954203,1.0,,,,,,,,,,,,,,0,gru
414,131633,69.1548,24.6535,550,0,0,1,0,2.8294,1.993,collision,1260.4,0.007105,0.461365,-0.848771,0.873542,4.402122,1.26245,0.127497,5.951876,0.380968,0.39376,-0.948869,1.0,,,,,,,,,,,,,,0,gru
415,132165,67.6679,28.1677,532,0,0,1,0,2.7257,2.004,collision,1265.5,-0.006001,0.452122,-0.88694,0.875442,4.323074,1.308472,0.306945,5.967952,0.376198,0.390614,-0.990528,1.0,,,,,,,,,,,,,,0,gru
416,132701,62.2525,35.454,536,0,0,1,0,2.7411,2.0,collision,1271.2,0.027377,0.44355,-0.87088,0.849007,4.245843,1.323763,0.473277,5.987578,0.371581,0.389766,-0.992546,1.0,0.083974,0.006851,1.745136,0.003758,0.059411,0.197754,0.028172,0.132759,0.0001,,,,,0,gru
417,132985,3.7103,36.5813,284,0,0,1,0,3.6514,1.912,collision,1273.8,-0.128761,0.499902,-0.888981,0.864944,4.383097,1.293748,0.516077,5.960003,0.396428,0.414787,-0.968967,1.008819,,,,,,,,,,,,,,0,gru
418,133148,-0.853,35.9901,163,0,0,1,0,3.5528,2.063,collision,1275.3,-0.00508,0.43391,-0.820332,0.815314,4.599064,1.184894,0.913623,5.94009,0.389668,0.381898,-0.606725,1.0,,,,,,,,,,,,,,0,gru
419,133414,19.5383,38.939,266,0,0,1,0,3.4578,2.108,collision,1277.8,0.098467,0.388508,-0.808828,0.847391,4.390061,1.239179,0.914431,5.946172,0.388073,0.394972,-0.653805,1.007841,,,,,,,,,,,,,,0,gru
420,133690,24.8836,41.2591,276,0,0,1,0,3.514,2.028,collision,1280.5,-0.027915,0.45717,-0.891293,0.814808,4.353522,1.287497,0.730804,5.971512,0.395742,0.396934,-0.705429,1.008785,-0.029582,0.015601,1.745339,0.003746,0.081795,0.182918,0.032764,0.116725,0.0001,,,,,0,gru
421,134217,61.2574,45.7539,527,0,0,1,0,2.7331,1.989,collision,1285.7,0.017088,0.453549,-0.876365,0.877149,4.273466,1.367727,0.399537,5.989509,0.36724,0.38656,-0.996507,1.0,,,,,,,,,,,,,,0,gru
422,134383,-1.7541,38.0036,166,0,0,1,0,3.6137,2.122,collision,1287.2,0.000464,0.384312,-0.86578,0.792483,4.446805,1.266902,0.538704,5.986713,0.390128,0.381657,-0.521658,1.0,,,,,,,,,,,,,,0,gru
423,134532,-0.5105,30.5347,149,0,0,1,0,3.5883,2.065,collision,1288.5,-0.208511,0.374769,-0.84659,0.696362,4.488708,1.216039,0.499692,5.906393,0.402576,0.377005,-0.257273,1.0,,,,,,,,,,,,,,0,gru
424,134787,4.0086,24.0201,255,0,0,1,0,3.5166,2.085,collision,1291.2,0.194935,0.369581,-0.824972,0.834087,4.305593,1.198435,0.917232,5.886608,0.373783,0.401138,-0.774583,1.00041,-0.049027,0.012342,1.745365,0.003734,0.081309,0.112709,0.01188,0.056716,0.0001,,,,,0,gru
425,134958,4.6625,17.7196,171,0,0,1,0,3.6095,1.986,collision,1292.9,-0.129875,0.4413,-0.890914,0.84842,4.282481,1.291425,0.533948,5.925041,0.395317,0.380664,-0.31233,1.001803,,,,,,,,,,,,,,0,gru
426,135117,2.9959,11.7939,159,0,0,1,0,3.5805,2.085,collision,1294.4,-0.217407,0.362301,-0.887618,0.725583,4.332528,1.22287,1.001758,5.943344,0.398096,0.376866,-0.249717,1.0,,,,,,,,,,,,,,0,gru
427,135390,23.6301,13.7859,273,0,0,1,0,3.4754,2.049,collision,1297.1,0.067498,0.425624,-0.812811,0.845169,4.272607,1.282612,0.1227,5.975562,0.395334,0.395822,-0.577941,1.01369,,,,,,,,,,,,,,0,gru
428,135560,-0.811,13.7901,170,0,0,1,0,3.6492,1.603,collision,1299.1,-0.625137,0.290031,-0.879955,0.64692,4.394631,1.24635,0.796225,5.954025,0.404137,0.3881,-0.641463,1.0,-0.079184,0.014552,1.745515,0.003722,0.070198,0.174477,0.016674,0.117505,0.0001,,,,,0,gru
429,135701,-6.3409,11.2021,141,0,0,1,0,3.6576,1.799,collision,1300.4,-0.475425,0.349761,-0.873503,0.644833,4.566189,1.258345,0.5971,5.969781,0.413625,0.385458,-0.499738,1.0,,,,,,,,,,,,,,0,gru
430,135876,5.4074,9.2545,175,0,0,1,0,3.646,1.97,collision,1302.1,-0.25906,0.396934,-0.885303,0.663834,4.412985,1.333033,0.675175,5.947566,0.405522,0.384571,-0.433284,1.012221,,,,,,,,,,,,,,0,gru
431,136011,-11.9812,1.9307,135,0,0,1,0,3.768,1.523,collision,1303.3,-0.687244,0.232554,-0.894836,0.286108,4.256023,1.308237,0.477585,5.934615,0.405273,0.388792,-0.645963,1.0,,,,,,,,,,,,,,0,gru
432,136162,-0.2129,2.0848,151,0,0,1,0,3.5607,1.979,collision,1305.3,-0.282339,0.383318,-0.880623,0.73452,4.496464,1.233827,0.720854,5.947076,0.404969,0.379088,-0.299062,1.0,-0.109337,0.020066,1.745639,0.00371,0.079018,0.254889,0.02382,0.150765,0.0001,,,,,0,gru
433,136429,22.1232,4.3482,267,0,0,1,0,3.476,2.084,collision,1307.7,0.044811,0.376411,-0.78041,0.807861,4.219593,1.374899,0.322242,5.967567,0.394823,0.396092,-0.596192,1.014853,,,,,,,,,,,,,,0,gru
434,136707,34.5192,7.3992,278,0,0,1,0,3.3711,1.998,collision,1310.3,-0.144601,0.434276,-0.865796,0.846674,4.392436,1.238188,0.705651,5.931347,0.39457,0.384021,-0.555612,1.0,,,,,,,,,,,,,,0,gru
435,136896,9.8296,7.9159,189,0,0,1,0,3.639,1.941,collision,1312.1,-0.294715,0.40138,-0.879035,0.680694,4.466194,1.337138,0.108658,5.929761,0.416577,0.393302,-0.519482,1.008819,,,,,,,,,,,,,,0,gru
436,137156,10.5373,8.6701,260,0,0,1,0,3.4154,1.99,collision,1314.9,0.040582,0.428118,-0.857608,0.817911,3.949456,1.404269,0.312837,5.921969,0.363701,0.393443,-0.697844,1.0,-0.030274,0.012088,1.745586,0.003698,0.068759,0.215788,0.030777,0.138144,0.0001,,,,,0,gru
437,137322,4.6593,6.773,166,0,0,1,0,3.5817,1.995,collision,1316.4,-0.177973,0.42286,-0.894044,0.792184,4.170162,1.393829,0.634037,5.966255,0.401357,0.380103,-0.315946,1.0,,,,,,,,,,,,,,0,gru
438,137479,-1.054,6.7487,157,0,0,1,0,3.6587,1.84,collision,1317.9,-0.420044,0.381306,-0.884644,0.760248,4.504978,1.255684,0.35599,5.968753,0.417327,0.389694,-0.410482,1.0,,,,,,,,,,,,,,0,gru
439,137744,7.3672,8.1195,265,0,0,1,0,3.4634,2.056,collision,1320.3,0.130844,0.395461,-0.82463,0.860042,4.199283,1.271262,0.479627,5.9502,0.375042,0.401706,-0.774754,1.0,,,,,,,,,,,,,,0,gru
440,137911,-0.9287,7.4859,167,0,0,1,0,3.6514,1.656,collision,1322.2,-0.576203,0.325265,-0.89192,0.689338,4.074678,1.443977,0.290557,5.979238,0.403945,0.386916,-0.616818,1.0,-0.075074,0.01375,1.745691,0.003686,0.054923,0.182815,0.007831,0.106067,0.0001,,,,,0,gru
441,138078,0.9607,8.7801,167,0,0,1,0,3.6505,2.072,collision,1323.7,-0.084725,0.400106,-0.881004,0.690467,4.403862,1.297953,0.23305,5.963121,0.404535,0.388666,-0.404358,1.013361,,,,,,,,,,,,,,0,gru
442,138527,-24.8247,6.3189,449,0,0,1,0,3.6223,1.939,collision,1327.3,0.045451,0.489183,-0.89328,0.859744,4.334987,1.315656,0.270079,5.965516,0.39202,0.429144,-0.999997,1.006597,,,,,,,,,,,,,,0,gru
443,138680,0.148,4.1214,153,0,0,1,0,3.6448,2.076,collision,1328.6,-0.119869,0.396102,-0.807355,0.832017,4.437251,1.246502,0.408245,5.939042,0.4015,0.378472,-0.28716,1.002762,,,,,,,,,,,,,,0,gru
444,138840,2.5058,0.92,160,0,0,1,0,3.5312,1.964,collision,1330.3,-0.307158,0.378121,-0.885666,0.76115,4.607249,1.181945,0.497783,5.964977,0.41105,0.382678,-0.322868,1.0,-0.070191,0.015421,1.745883,0.003674,0.076344,0.132888,0.011742,0.088336,0.0001,,,,,0,gru
445,139109,16.0366,1.5407,269,0,0,1,0,3.3824,1.98,collision,1332.5,0.103858,0.408686,-0.827393,0.860884,4.034398,1.460716,0.272343,5.941442,0.374601,0.392919,-0.725097,1.0,,,,,,,,,,,,,,0,gru
446,139279,2.8039,0.7674,170,0,0,1,0,3.6494,1.795,collision,1334.0,-0.470602,0.349723,-0.892898,0.465169,4.309142,1.432183,0.521767,5.951295,0.404993,0.385372,-0.462513,1.0,,,,,,,,,,,,,,0,gru
447,139836,73.8428,7.6858,557,0,0,1,0,2.8273,1.904,collision,1339.1,0.103324,0.489873,-0.877445,0.881679,4.266616,1.376117,0.136675,5.988741,0.376559,0.390497,-0.949115,1.0,,,,,,,,,,,,,,0,gru
448,139997,2.5328,8.0444,161,0,0,1,0,3.5748,1.931,collision,1340.8,-0.287501,0.420914,-0.890071,0.753919,4.523664,1.235486,1.191258,5.980327,0.408904,0.383899,-0.380118,1.0,-0.040464,0.011193,1.746079,0.003662,0.066991,0.133326,0.02452,0.086249,0.0001,,,,,0,gru
449,140276,23.0154,9.6093,279,0,0,1,0,3.392,2.057,collision,1343.4,0.101622,0.39688,-0.836191,0.823692,4.321228,1.324095,0.22694,5.973854,0.384046,0.390612,-0.678084,1.0,,,,,,,,,,,,,,0,gru
450,140409,-13.2241,8.3797,133,0,0,1,0,3.8408,1.401,collision,1344.7,-0.744865,0.189284,-0.89359,0.375498,3.997697,1.476181,0.397395,5.962047,0.403052,0.389499,-0.644187,1.0,,,,,,,,,,,,,,0,gru
451,140856,-27.7748,5.5062,447,0,0,1,0,3.6152,1.936,collision,1348.8,0.097812,0.484334,-0.893101,0.869653,4.319076,1.314764,0.587564,5.984298,0.388807,0.429013,-0.999932,1.00846,,,,,,,,,,,,,,0,gru
452,141018,3.7673,8.3654,162,0,0,1,0,3.5639,2.033,collision,1350.8,-0.152664,0.424467,-0.881375,0.778728,4.523197,1.205316,0.425906,5.973023,0.400444,0.378538,-0.295631,1.0,-0.047241,0.014102,1.746291,0.00365,0.073898,0.184957,0.02132,0.097651,0.0001,,,,,0,gru
453,141183,5.2208,8.8727,165,0,0,1,0,3.5562,2.033,collision,1352.2,-0.176058,0.386603,-0.892001,0.760954,4.391685,1.396893,0.298971,5.98282,0.401272,0.379674,-0.290846,1.0,,,,,,,,,,,,,,0,gru
454,141720,87.3116,17.3532,537,0,0,1,0,2.687,1.993,collision,1357.1,0.046046,0.462332,-0.859312,0.862512,4.412024,1.302447,0.452202,5.979443,0.385546,0.389533,-0.963501,1.0,,,,,,,,,,,,,,0,gru
455,141870,-2.9804,15.4515,150,0,0,1,0,3.62,1.85,collision,1358.3,-0.394799,0.395408,-0.893438,0.697345,4.320958,1.324187,0.469315,5.941288,0.411751,0.385484,-0.517022,1.0,,,,,,,,,,,,,,0,gru
456,142008,-4.1112,14.76,138,0,0,1,0,3.6355,1.957,collision,1359.8,-0.264936,0.408108,-0.868382,0.837225,4.464148,1.324301,0.662103,5.94727,0.406443,0.378628,-0.255318,1.0,-0.039269,0.016265,1.746406,0.003638,0.084261,0.182889,0.007531,0.112918,0.0001,,,,,0,gru
457,142137,-13.6731,6.0084,129,0,0,1,0,3.7964,1.482,collision,1360.9,-0.711117,0.205087,-0.890783,0.376105,4.088239,1.302014,0.552275,5.903238,0.398031,0.385862,-0.62193,1.000438,,,,,,,,,,,,,,0,gru
458,142291,-0.2949,5.7257,154,0,0,1,0,3.6423,2.092,collision,1362.2,-0.072456,0.412855,-0.870367,0.861929,4.683068,1.133023,1.286159,5.911908,0.403704,0.383031,-0.34842,1.009156,,,,,,,,,,,,,,0,gru
459,142460,-0.9225,3.3319,169,0,0,1,0,3.6489,1.995,collision,1363.6,-0.003581,0.460929,-0.876521,0.811877,4.39078,1.260527,0.43272,5.949587,0.393574,0.386328,-0.653143,1.010158,,,,,,,,,,,,,,0,gru
460,142614,1.2978,4.7841,154,0,0,1,0,3.6234,2.013,collision,1365.3,-0.108502,0.44895,-0.863367,0.837398,4.424634,1.335835,0.2847,5.940003,0.404646,0.383227,-0.23216,1.000746,-0.105846,0.018611,1.746371,0.003626,0.077379,0.130003,0.038213,0.078325,0.0001,,,,,0,gru
461,142898,13.9168,8.9532,284,0,0,1,0,3.6209,1.816,collision,1367.7,-0.012353,0.568875,-0.880876,0.868359,4.329647,1.297523,0.080275,5.950832,0.394205,0.405727,-0.923219,1.014629,,,,,,,,,,,,,,0,gru
462,143050,-0.198,8.5567,152,0,0,1,0,3.6544,1.943,collision,1369.1,-0.284821,0.393978,-0.868502,0.741718,4.376245,1.267812,0.292765,5.927202,0.413333,0.38776,-0.40754,1.0,,,,,,,,,,,,,,0,gru
463,143199,-1.5943,7.8752,149,0,0,1,0,3.5762,1.883,collision,1370.4,-0.334152,0.413603,-0.877401,0.753444,4.442411,1.260817,0.42837,5.974352,0.410342,0.384132,-0.419968,1.0,,,,,,,,,,,,,,0,gru
464,143359,3.7391,-0.4821,160,0,0,1,0,3.6199,2.089,collision,1372.1,-0.184402,0.376365,-0.889795,0.781844,4.334443,1.273533,1.121841,5.955028,0.407265,0.383315,-0.273614,1.009068,-0.075432,0.014944,1.746622,0.003614,0.080587,0.37008,0.022834,0.256836,0.0001,,,,,0,gru
465,143508,0.119,-0.1721,149,0,0,1,0,3.5643,2.085,collision,1373.4,-0.197381,0.378006,-0.885694,0.686965,4.484336,1.200555,0.764186,5.962949,0.405849,0.379824,-0.239927,1.0,,,,,,,,,,,,,,0,gru
466,143651,-10.3608,-0.7971,143,0,0,1,0,3.8459,1.475,collision,1374.6,-0.725544,0.173818,-0.89454,0.096404,4.050393,1.427206,0.225204,5.909995,0.410809,0.392911,-0.657275,1.016568,,,,,,,,,,,,,,0,gru
467,143927,27.4501,3.3152,276,0,0,1,0,3.4488,2.051,collision,1377.1,0.099456,0.413727,-0.766516,0.867846,4.529959,1.213818,0.432817,5.979701,0.395075,0.392183,-0.636301,1.014259,,,,,,,,,,,,,,0,gru
468,144070,-5.2828,2.8164,143,0,0,1,0,3.652,1.82,collision,1378.8,-0.449742,0.35659,-0.896566,0.575531,4.221857,1.393565,0.613828,5.980696,0.413405,0.385355,-0.513003,1.0,-0.093044,0.013399,1.747105,0.003602,0.064502,0.181029,0.014818,0.117669,0.0001,,,,,0,gru
469,144213,-9.3667,1.972,143,0,0,1,0,3.7494,1.542,collision,1380.0,-0.658815,0.25806,-0.891038,0.652619,4.149572,1.439059,0.166589,5.949718,0.410839,0.390499,-0.600081,1.0,,,,,,,,,,,,,,0,gru
470,144367,1.1568,1.9579,154,0,0,1,0,3.6347,2.032,collision,1381.4,-0.131859,0.419781,-0.87297,0.76606,4.371531,1.382353,0.86018,5.900782,0.401204,0.378215,-0.273248,1.00495,,,,,,,,,,,,,,0,gru
471,144507,-5.7318,-0.0069,140,0,0,1,0,3.6362,1.866,collision,1382.7,-0.401336,0.373096,-0.894634,0.56838,4.207268,1.262077,0.894833,5.940029,0.41218,0.384633,-0.477786,1.0,,,,,,,,,,,,,,0,gru
472,144693,2.985,0.3113,186,0,0,1,0,3.6407,2.019,collision,1384.6,-0.012592,0.45643,-0.878088,0.837887,4.514639,1.33151,0.092527,5.990582,0.401906,0.394762,-0.684482,1.018131,-0.115632,0.013375,1.747689,0.00359,0.053911,0.359966,0.015307,0.24951,0.0001,,,,,0,gru
473,144856,3.3585,0.8066,163,0,0,1,0,3.6526,2.044,collision,1386.1,-0.178371,0.406735,-0.885439,0.741786,4.623175,1.253477,0.973304,5.943852,0.409817,0.385484,-0.323058,1.011701,,,,,,,,,,,,,,0,gru
474,145010,1.3999,0.5727,154,0,0,1,0,3.6391,2.062,collision,1387.4,-0.105802,0.408561,-0.868607,0.706753,4.491633,1.265987,0.378095,5.976805,0.403054,0.379171,-0.2505,1.006984,,,,,,,,,,,,,,0,gru
475,145163,-4.1885,0.142,153,0,0,1,0,3.7703,1.726,collision,1388.6,-0.510826,0.348342,-0.886823,0.545934,4.176456,1.450073,0.563137,5.978008,0.42333,0.397501,-0.576721,1.015677,,,,,,,,,,,,,,0,gru
476,145325,2.6728,1.4453,162,0,0,1,0,3.6289,2.055,collision,1390.2,-0.084381,0.435044,-0.86982,0.831188,4.726866,0.998308,0.968538,5.972892,0.401457,0.381612,-0.344446,1.007764,-0.076615,0.016147,1.748321,0.003578,0.062843,0.176003,0.003615,0.098548,0.0001,,,,,0,gru
477,145739,64.091,5.1094,414,0,0,1,0,3.0484,1.987,collision,1393.8,0.017955,0.470869,-0.867795,0.830191,4.559407,1.250379,0.447997,5.972784,0.396594,0.391089,-0.873046,1.0,,,,,,,,,,,,,,0,gru
478,146299,64.6665,12.1043,560,0,0,1,0,2.8333,1.931,collision,1398.8,0.214362,0.451063,-0.867285,0.875148,4.418858,1.304258,0.270957,5.966516,0.371465,0.393375,-0.959011,1.0,,,,,,,,,,,,,,0,gru
479,146444,-5.7117,12.4698,145,0,0,1,0,3.7747,1.725,collision,1400.1,-0.528433,0.335206,-0.89143,0.611509,4.410995,1.287418,0.281006,5.946978,0.423706,0.395812,-0.477271,1.009903,,,,,,,,,,,,,,0,gru
480,146588,-10.5452,11.2996,144,0,0,1,0,3.8308,1.531,collision,1401.6,-0.666803,0.275317,-0.895351,0.787912,3.896413,1.392838,0.512083,5.92509,0.411158,0.394973,-0.713939,1.015741,-0.015559,0.010204,1.748812,0.003566,0.078551,0.218595,0.034632,0.135731,0.0001,,,,,0,gru
481,146739,-0.01,11.8718,151,0,0,1,0,3.5697,1.982,collision,1402.8,-0.303402,0.386479,-0.878871,0.761247,4.431117,1.267009,0.706784,5.977089,0.41754,0.390362,-0.336385,1.0,,,,,,,,,,,,,,0,gru
482,146904,4.3941,12.0127,165,0,0,1,0,3.5308,1.917,collision,1404.3,-0.117865,0.496404,-0.87279,0.818054,4.53197,1.249951,0.235015,5.967193,0.408844,0.389335,-0.28114,1.0,,,,,,,,,,,,,,0,gru
483,147069,4.029,12.0798,165,0,0,1,0,3.6456,1.995,collision,1405.7,-0.102811,0.450803,-0.893992,0.817188,4.532131,1.251843,0.360034,5.927011,0.404539,0.384638,-0.297042,1.010499,,,,,,,,,,,,,,0,gru
484,147456,-23.9811,9.5417,387,0,0,1,0,3.6305,1.778,collision,1409.4,0.012816,0.586988,-0.894632,0.861974,4.292666,1.364669,0.321325,5.944305,0.391001,0.430056,-0.999034,1.0,-0.088946,0.018025,1.749096,0.003554,0.087978,0.160865,0.028715,0.115857,0.0001,,,,,0,gru
485,147734,33.4115,13.3017,278,0,0,1,0,3.4239,1.95,collision,1411.9,-0.023043,0.491412,-0.888315,0.819784,4.441936,1.207052,0.355479,5.943913,0.392405,0.386398,-0.609212,1.008781,,,,,,,,,,,,,,0,gru
486,148273,92.4426,22.2787,539,0,0,1,0,2.6734,1.958,collision,1416.5,0.0653,0.478596,-0.878182,0.854992,4.457381,1.280482,0.393514,5.977539,0.388265,0.389802,-0.956615,1.0,,,,,,,,,,,,,,0,gru
487,148419,-8.4052,15.029,146,0,0,1,0,3.8111,1.556,collision,1417.8,-0.651578,0.266117,-0.889269,0.593264,4.016643,1.472033,0.290518,5.920035,0.415632,0.393927,-0.659266,1.009229,,,,,,,,,,,,,,0,gru
488,148595,1.1422,8.6766,176,0,0,1,0,3.6455,1.658,collision,1419.7,-0.52287,0.385933,-0.893456,0.827361,3.956795,1.415086,0.370208,5.952194,0.409054,0.390762,-0.628739,1.0,-0.018245,0.011892,1.749207,0.003542,0.083098,0.159193,0.022623,0.096304,0.0001,,,,,0,gru
489,148746,0.0972,9.2575,151,0,0,1,0,3.5879,1.998,collision,1421.0,-0.244609,0.393367,-0.882939,0.742526,4.354456,1.320606,0.675004,5.98087,0.410189,0.384159,-0.233952,1.0,,,,,,,,,,,,,,0,gru
490,148902,2.3499,10.547,156,0,0,1,0,3.6039,2.051,collision,1422.4,-0.212036,0.383655,-0.866018,0.695924,4.446507,1.203272,0.482111,5.970225,0.405229,0.382006,-0.233802,1.001105,,,,,,,,,,,,,,0,gru
491,149050,-0.4697,10.501,148,0,0,1,0,3.564,1.989,collision,1423.8,-0.221458,0.40413,-0.846685,0.777611,4.257182,1.3075,0.197298,5.919694,0.416423,0.388536,-0.254314,1.0,,,,,,,,,,,,,,0,gru
492,149217,4.884,10.55,167,0,0,1,0,3.5217,1.957,collision,1425.5,-0.069538,0.49195,-0.830312,0.848226,4.443515,1.239334,0.832178,5.91416,0.404939,0.386358,-0.412752,1.0,-0.110919,0.018219,1.749273,0.00353,0.079528,0.093639,0.042974,0.075693,0.0001,,,,,0,gru
493,149358,-6.3427,9.5129,141,0,0,1,0,3.6613,1.748,collision,1426.8,-0.445745,0.407173,-0.893259,0.776243,4.165775,1.378834,0.299227,5.910731,0.414916,0.386761,-0.514459,1.0,,,,,,,,,,,,,,0,gru
494,149523,-2.1796,11.693,165,0,0,1,0,3.7465,1.821,collision,1428.2,-0.388882,0.41987,-0.893005,0.812608,4.166928,1.360368,0.586985,5.976389,0.42161,0.396379,-0.798636,1.007399,,,,,,,,,,,,,,0,gru
495,149681,-0.8869,8.2632,158,0,0,1,0,3.5932,1.996,collision,1429.5,0.008146,0.46925,-0.883279,0.842608,4.37598,1.301351,0.492218,5.962053,0.397765,0.385073,-0.547916,1.0,,,,,,,,,,,,,,0,gru
496,149963,31.5156,2.1705,282,0,0,1,0,3.3812,2.014,collision,1432.1,-0.007968,0.445749,-0.879687,0.855916,4.437795,1.263281,0.489436,5.973313,0.394231,0.391798,-0.589596,1.0,-0.040973,0.014212,1.74944,0.003518,0.077469,0.208256,0.01133,0.131242,0.0001,,,,,0,gru
497,150241,31.5357,6.1646,278,0,0,1,0,3.357,2.027,collision,1434.7,-0.068207,0.432392,-0.854038,0.845575,4.425942,1.235486,0.268874,5.979167,0.386816,0.385851,-0.542918,1.0,,,,,,,,,,,,,,0,gru
498,150383,-2.7997,5.7704,142,0,0,1,0,3.6452,1.944,collision,1435.9,-0.221058,0.433934,-0.878287,0.779742,4.367753,1.330457,0.912351,5.940521,0.413619,0.383909,-0.262165,1.0,,,,,,,,,,,,,,0,gru
499,150536,0.4934,5.81,153,0,0,1,0,3.6601,1.958,collision,1437.3,-0.194227,0.434076,-0.857888,0.731422,4.462605,1.362092,0.254287,5.974668,0.405982,0.380153,-0.312316,1.00632,,,,,,,,,,,,,,0,gru
500,150688,0.016,5.5766,152,0,0,1,0,3.6636,1.955,collision,1439.1,-0.240086,0.426522,-0.879283,0.710938,4.369978,1.300253,0.219918,5.943019,0.407972,0.381921,-0.316409,1.005168,-0.066239,0.013184,1.749766,0.003506,0.074269,0.223841,0.014242,0.155414,0.0001,,,,,0,gru
