episode,global_step,reward,avg10,length,success,goal_touched,collision,timeout,min_dist,avg_speed_ms,end_reason,elapsed_s,act0_mean,act0_std,act0_min,act0_max,act1_mean,act1_std,act1_min,act1_max,obs_mean,obs_std,obs_min,obs_max,actor_loss,critic_loss,policy_entropy,entropy_coef,value_residual,grad_norm_actor,grad_norm_critic,grad_norm_rnn,lr_actor,lr_critic,alpha,alpha_loss,target_update_magnitude,replay_buffer_size,recurrent_cell
1,1476,597.0238,597.0238,1476,1,1,0,0,0.2988,2.084,goal,18.7,0.032832,0.436231,-0.870251,0.878122,4.984515,0.888203,1.339531,5.993749,0.396106,0.401743,-0.668522,1.0,,,,,,,,,,,,,,0,gru
2,1624,-27.0956,284.9641,148,0,0,1,0,3.8129,1.918,collision,20.6,0.056,0.520575,-0.884982,0.870798,4.73208,1.070666,0.698562,5.97536,0.357162,0.430027,-0.851048,1.006342,,,,,,,,,,,,,,0,gru
3,3160,601.0337,390.3207,1536,1,1,0,0,0.2977,2.05,goal,40.0,0.006901,0.451849,-0.864349,0.88,4.991728,0.924432,0.802525,5.991616,0.396094,0.410139,-0.70524,1.0,,,,,,,,,,,,,,0,gru
4,4638,595.0946,441.5141,1478,1,1,0,0,0.2981,2.072,goal,60.9,0.014455,0.439722,-0.866099,0.889501,4.950977,0.935092,0.880914,5.985828,0.398098,0.404107,-0.627393,1.0,0.013037,0.003341,1.758126,0.004994,0.03209,0.114935,0.010092,0.078032,3.7e-05,,,,,0,gru
5,6131,596.7579,472.5629,1493,1,1,0,0,0.2982,2.064,goal,79.4,0.01522,0.442276,-0.873908,0.861702,4.968331,0.925242,0.810397,5.980807,0.396546,0.403878,-0.628862,1.0,,,,,,,,,,,,,,0,gru
6,7242,324.4052,447.87,1111,0,0,1,0,1.2692,2.045,collision,93.0,-0.024186,0.454467,-0.879351,0.889167,5.002573,0.935528,0.565532,5.987444,0.409383,0.403552,-0.516643,1.0,,,,,,,,,,,,,,0,gru
7,8736,597.0002,469.1743,1494,1,1,0,0,0.2977,2.062,goal,112.1,-0.018826,0.447787,-0.878742,0.87173,5.004479,0.883432,0.343093,5.9883,0.390735,0.403131,-0.636639,1.0,,,,,,,,,,,,,,0,gru
8,10241,607.9326,486.5191,1505,1,1,0,0,0.2981,2.045,goal,133.9,-0.012044,0.454349,-0.880984,0.873979,5.025622,0.900258,0.358279,5.979854,0.395986,0.402902,-0.604088,1.0,0.002776,0.004172,1.757675,0.004982,0.031641,0.098403,0.006202,0.074479,4.9e-05,,,,,0,gru
9,11769,607.536,499.9654,1528,1,1,0,0,0.2995,2.051,goal,152.8,0.036925,0.448568,-0.879508,0.866985,5.004084,0.926521,0.59028,5.995624,0.398606,0.403839,-0.700721,1.003695,,,,,,,,,,,,,,0,gru
10,13267,598.3178,509.8006,1498,1,1,0,0,0.2992,2.035,goal,172.7,0.001128,0.464859,-0.877472,0.883385,4.978431,0.942446,1.100009,5.981174,0.402853,0.403761,-0.673751,1.0,,,,,,,,,,,,,,0,gru
11,13306,-40.6113,446.0371,39,0,0,1,0,3.8339,2.115,collision,173.3,-0.029243,0.383991,-0.744702,0.681389,4.740337,1.065026,1.267242,5.929807,0.207952,0.320105,-0.607349,1.0,,,,,,,,,,,,,,0,gru
12,14805,600.4095,508.7876,1499,1,1,0,0,0.2982,2.056,goal,194.5,0.00614,0.452155,-0.888012,0.879054,5.045437,0.877957,0.471164,5.98454,0.39704,0.403756,-0.597226,1.0,-0.00759,0.002479,1.757607,0.00497,0.024571,0.139572,0.008958,0.097693,6.1e-05,,,,,0,gru
13,16325,610.1984,509.7041,1520,1,1,0,0,0.2985,2.053,goal,214.5,0.010637,0.452131,-0.886077,0.875321,5.018954,0.899992,0.679329,5.989134,0.399669,0.40462,-0.627001,1.00088,,,,,,,,,,,,,,0,gru
14,17865,612.9275,511.4874,1540,1,1,0,0,0.2981,2.037,goal,234.5,-0.024863,0.461841,-0.884944,0.875222,5.018416,0.907551,0.742358,5.995793,0.405011,0.404468,-0.635983,1.0,,,,,,,,,,,,,,0,gru
15,19349,594.1669,511.2283,1484,1,1,0,0,0.2982,2.063,goal,253.6,-0.005578,0.445707,-0.890441,0.882427,4.994478,0.941309,0.860179,5.988584,0.393818,0.40268,-0.617608,1.0,,,,,,,,,,,,,,0,gru
16,20897,614.6978,540.2575,1548,1,1,0,0,0.2979,2.032,goal,275.7,-0.040819,0.464243,-0.888469,0.868183,5.009204,0.936528,0.640816,5.981736,0.400989,0.403005,-0.651265,1.0,-0.025616,0.002046,1.757317,0.004958,0.030204,0.077508,0.013003,0.051128,7.3e-05,,,,,0,gru
17,21046,-28.453,477.7122,149,0,0,1,0,3.8101,1.961,collision,277.8,0.004751,0.504228,-0.856001,0.865611,4.903951,0.867149,2.34028,5.951789,0.345848,0.426626,-0.903257,1.003762,,,,,,,,,,,,,,0,gru
18,22171,311.4437,448.0633,1125,0,0,1,0,1.2593,2.062,collision,292.4,0.006478,0.450709,-0.876727,0.872019,4.996418,0.911354,0.922173,5.985325,0.39965,0.401445,-0.640782,1.0,,,,,,,,,,,,,,0,gru
19,23605,600.4768,447.3574,1434,1,1,0,0,0.2993,2.07,goal,310.5,0.011855,0.441449,-0.890927,0.880969,4.993218,0.914801,0.437225,5.988121,0.413921,0.405688,-0.551192,1.0,,,,,,,,,,,,,,0,gru
20,25115,606.8884,448.2145,1510,1,1,0,0,0.2984,2.058,goal,331.8,-0.013757,0.446906,-0.87877,0.882969,4.974676,0.966526,0.531246,5.992622,0.397801,0.403745,-0.623494,1.0,0.017992,0.004541,1.757106,0.004946,0.03306,0.125734,0.017564,0.09453,8.5e-05,,,,,0,gru
21,26611,601.2751,512.4031,1496,1,1,0,0,0.3,2.058,goal,351.5,-0.003859,0.447295,-0.864443,0.877677,4.988769,0.942785,0.608341,5.985161,0.397438,0.404063,-0.610446,1.0,,,,,,,,,,,,,,0,gru
22,28149,609.5515,513.3173,1538,1,1,0,0,0.2993,2.054,goal,371.5,0.037009,0.451749,-0.881543,0.886382,4.984135,0.899694,1.078605,5.989056,0.397582,0.402648,-0.73679,1.010045,,,,,,,,,,,,,,0,gru
23,29654,606.7752,512.975,1505,1,1,0,0,0.2975,2.066,goal,390.5,0.028822,0.439664,-0.872996,0.87023,4.974086,0.941081,0.535234,5.991889,0.395355,0.401952,-0.604081,1.002024,,,,,,,,,,,,,,0,gru
24,31144,599.2739,511.6096,1490,1,1,0,0,0.2997,2.052,goal,411.5,-0.008601,0.451467,-0.861206,0.889912,4.971633,0.936547,0.785239,5.990623,0.402998,0.403164,-0.646391,1.0,-0.013332,0.002327,1.757184,0.004934,0.027557,0.123462,0.010675,0.093635,9.7e-05,,,,,0,gru
25,31285,-22.7056,449.9224,141,0,0,1,0,3.8081,1.975,collision,413.4,0.188591,0.455606,-0.796164,0.820834,4.677872,1.031512,1.331481,5.943417,0.328014,0.410662,-0.843371,1.007195,,,,,,,,,,,,,,0,gru
26,31417,-26.8751,385.7651,132,0,0,1,0,3.8152,1.998,collision,415.1,0.096713,0.479539,-0.81993,0.828583,4.819605,0.925765,2.174545,5.971055,0.34445,0.421176,-0.852781,1.00409,,,,,,,,,,,,,,0,gru
27,32916,599.1296,448.5233,1499,1,1,0,0,0.2998,2.057,goal,434.2,0.038836,0.447297,-0.869966,0.872708,4.985855,0.92905,0.673565,5.991793,0.399237,0.404372,-0.707587,1.0,,,,,,,,,,,,,,0,gru
28,34403,600.0074,477.3797,1487,1,1,0,0,0.2976,2.052,goal,454.6,-0.008887,0.450579,-0.881473,0.853671,4.956302,0.961073,1.142738,5.978427,0.4055,0.403358,-0.605783,1.0,0.017137,0.004551,1.756703,0.004922,0.034675,0.089169,0.014631,0.070006,0.0001,,,,,0,gru
29,35924,611.4272,478.4747,1521,1,1,0,0,0.2972,2.047,goal,474.5,0.029183,0.452883,-0.869236,0.869681,4.89768,0.978006,0.938801,5.9855,0.396399,0.402964,-0.597698,1.002907,,,,,,,,,,,,,,0,gru
30,37353,597.6172,477.5476,1429,1,1,0,0,0.2991,2.077,goal,493.3,0.019404,0.43977,-0.881016,0.896135,5.007408,0.908412,0.529255,5.992185,0.416068,0.405616,-0.588472,1.0,,,,,,,,,,,,,,0,gru
31,38797,599.7771,477.3978,1444,1,1,0,0,0.2989,2.065,goal,511.6,0.021886,0.444419,-0.871767,0.883209,5.002821,0.897931,0.530635,5.993066,0.417306,0.405665,-0.68333,1.0,,,,,,,,,,,,,,0,gru
32,40300,604.4042,476.8831,1503,1,1,0,0,0.2972,2.043,goal,533.5,-0.008387,0.456052,-0.867477,0.870838,4.970395,0.938766,0.600561,5.990251,0.404394,0.403056,-0.599991,1.0,-0.000921,0.002163,1.756538,0.00491,0.028077,0.158592,0.019795,0.123708,0.0001,,,,,0,gru
33,41816,597.6463,475.9702,1516,1,1,0,0,0.2985,2.079,goal,553.8,0.021477,0.434061,-0.855289,0.877347,4.955834,0.93945,0.869412,5.990709,0.399192,0.408752,-0.696277,1.002316,,,,,,,,,,,,,,0,gru
34,43288,597.7227,475.8151,1472,1,1,0,0,0.2987,2.059,goal,573.1,0.033301,0.44668,-0.861076,0.880643,4.962126,0.973606,0.92252,5.977706,0.404827,0.407754,-0.648169,1.0,,,,,,,,,,,,,,0,gru
35,44771,595.1292,537.5986,1483,1,1,0,0,0.2981,2.08,goal,592.4,0.008151,0.434037,-0.85609,0.872381,4.981671,0.91766,0.756616,5.98356,0.396724,0.403066,-0.624909,1.0,,,,,,,,,,,,,,0,gru
36,45873,307.5481,571.0409,1102,0,0,1,0,1.2482,2.055,collision,610.3,0.018311,0.451924,-0.882897,0.884351,4.879247,0.968382,0.607868,5.984897,0.400961,0.40204,-0.619522,1.0,0.015975,0.002574,1.755449,0.004898,0.024644,0.094865,0.009485,0.070166,0.0001,,,,,0,gru
37,45931,-33.7708,507.7509,58,0,0,1,0,3.8446,2.009,collision,611.1,-0.038495,0.437797,-0.856722,0.797106,4.427621,1.220259,0.7693,5.900274,0.2197,0.316972,-0.505491,1.0,,,,,,,,,,,,,,0,gru
38,47444,612.6731,509.0174,1513,1,1,0,0,0.2983,2.062,goal,630.5,0.017163,0.442742,-0.877861,0.867822,4.938472,0.964241,0.830548,5.983111,0.399515,0.4038,-0.578841,1.008428,,,,,,,,,,,,,,0,gru
39,47591,-27.9846,445.0762,147,0,0,1,0,3.8114,1.968,collision,632.4,0.04488,0.495909,-0.863923,0.857498,4.935255,1.000636,1.226091,5.962924,0.348322,0.426085,-0.883576,1.006156,,,,,,,,,,,,,,0,gru
40,49056,608.4708,446.1616,1465,1,1,0,0,0.2998,2.076,goal,652.3,0.001856,0.437007,-0.867137,0.865834,4.991162,0.900932,0.77376,5.986762,0.416878,0.405937,-0.570253,1.002811,0.028938,0.003759,1.754921,0.004886,0.027823,0.139931,0.011706,0.09305,0.0001,,,,,0,gru
41,50566,604.6762,446.6515,1510,1,1,0,0,0.2985,2.052,goal,671.7,-0.018008,0.448989,-0.858572,0.882768,4.882549,1.012367,0.360436,5.973517,0.4061,0.403951,-0.612277,1.0,,,,,,,,,,,,,,0,gru
42,50597,-42.7669,381.9344,31,0,0,1,0,3.837,2.068,collision,672.1,-0.161804,0.431356,-0.775905,0.752695,4.338306,1.216717,1.747014,5.877985,0.205097,0.320628,-0.635005,1.0,,,,,,,,,,,,,,0,gru
43,51761,318.9167,354.0614,1164,0,0,1,0,1.2614,2.047,collision,686.9,0.047738,0.452249,-0.861104,0.881599,4.860199,0.959703,0.996672,5.975875,0.401517,0.403304,-0.737465,1.008415,,,,,,,,,,,,,,0,gru
44,53281,606.5042,354.9396,1520,1,1,0,0,0.2998,2.043,goal,707.7,-0.029091,0.454418,-0.893326,0.87252,4.836104,1.000697,0.57909,5.982295,0.399603,0.401957,-0.616982,1.0,0.0708,0.002897,1.754174,0.004874,0.031439,0.179333,0.011375,0.132044,0.0001,,,,,0,gru
45,54791,601.3303,355.5597,1510,1,1,0,0,0.2983,2.069,goal,727.0,0.035685,0.438555,-0.853351,0.876554,4.896859,0.984237,0.968765,5.974182,0.399879,0.409035,-0.664409,1.002734,,,,,,,,,,,,,,0,gru
46,56307,604.8848,385.2934,1516,1,1,0,0,0.2973,2.049,goal,745.8,0.004148,0.453975,-0.882688,0.876853,4.881851,0.985109,0.918413,5.980495,0.408082,0.404903,-0.613388,1.0,,,,,,,,,,,,,,0,gru
47,57861,617.0398,450.3744,1554,1,1,0,0,0.2991,2.021,goal,765.6,-0.040439,0.467528,-0.887546,0.887702,4.844069,1.001832,0.503156,5.97329,0.401759,0.403266,-0.621589,1.00032,,,,,,,,,,,,,,0,gru
48,59306,600.7545,449.1826,1445,1,1,0,0,0.2997,2.067,goal,786.0,0.00122,0.43629,-0.857621,0.883353,4.845769,1.00829,0.370978,5.97317,0.417127,0.408227,-0.562762,1.0,-0.017076,0.002069,1.753962,0.004862,0.026866,0.096755,0.013697,0.066981,0.0001,,,,,0,gru
49,60841,612.0967,513.1907,1535,1,1,0,0,0.2987,2.034,goal,805.4,-0.040964,0.457217,-0.867577,0.875716,4.882924,0.9944,0.473055,5.978992,0.400532,0.402357,-0.588558,1.0,,,,,,,,,,,,,,0,gru
50,62345,607.1089,513.0545,1504,1,1,0,0,0.2982,2.058,goal,824.3,0.006518,0.449267,-0.878763,0.85779,4.910547,0.96847,0.541605,5.977962,0.40658,0.402807,-0.630974,1.0,,,,,,,,,,,,,,0,gru
51,63864,611.7189,513.7588,1519,1,1,0,0,0.2977,2.057,goal,843.7,-0.006112,0.445574,-0.873332,0.878924,4.910364,0.958471,0.42435,5.9773,0.405756,0.404301,-0.646506,1.006747,,,,,,,,,,,,,,0,gru
52,65347,585.163,576.5518,1483,1,1,0,0,0.2968,2.071,goal,865.0,-0.008438,0.439499,-0.878017,0.875092,4.93888,0.936479,1.064511,5.98252,0.391469,0.408372,-0.713066,1.0,-0.023504,0.001813,1.754314,0.00485,0.025378,0.089103,0.010123,0.059137,0.0001,,,,,0,gru
53,66867,607.7813,605.4382,1520,1,1,0,0,0.2987,2.056,goal,884.1,0.020757,0.44794,-0.874244,0.870861,4.858086,0.994957,0.683784,5.975675,0.406663,0.404415,-0.745932,1.004773,,,,,,,,,,,,,,0,gru
54,68349,600.7136,604.8592,1482,1,1,0,0,0.2993,2.053,goal,902.9,-0.00853,0.448969,-0.877183,0.877506,4.854052,0.998635,0.677373,5.987472,0.394121,0.402164,-0.606619,1.0,,,,,,,,,,,,,,0,gru
55,69864,602.7924,605.0054,1515,1,1,0,0,0.2981,2.031,goal,921.5,-0.040055,0.463265,-0.892478,0.873891,4.845629,0.991872,0.711274,5.985643,0.395611,0.40188,-0.64423,1.0,,,,,,,,,,,,,,0,gru
56,71339,609.6311,605.48,1475,1,1,0,0,0.2978,2.069,goal,941.5,0.022682,0.438151,-0.882221,0.873696,4.881605,0.998315,0.609998,5.980701,0.414039,0.405921,-0.605986,1.004537,-0.027405,0.002073,1.754465,0.004838,0.025188,0.108403,0.009103,0.06951,0.0001,,,,,0,gru
57,72454,330.5572,576.8318,1115,0,0,1,0,1.2006,2.058,collision,955.5,0.000592,0.44439,-0.875132,0.848611,4.849348,0.991133,0.436576,5.971434,0.413127,0.403922,-0.479096,1.0,,,,,,,,,,,,,,0,gru
58,73924,597.1153,576.4678,1470,1,1,0,0,0.2982,2.078,goal,974.4,0.033778,0.429697,-0.848596,0.862325,4.844356,0.996695,0.842162,5.974029,0.395927,0.400491,-0.611006,1.0,,,,,,,,,,,,,,0,gru
59,75427,607.8811,576.0463,1503,1,1,0,0,0.2989,2.05,goal,993.4,-0.035438,0.454243,-0.885368,0.869632,4.869277,0.966929,0.713241,5.986407,0.403377,0.40267,-0.608516,1.0,,,,,,,,,,,,,,0,gru
60,76881,590.6518,574.4006,1454,1,1,0,0,0.2994,2.073,goal,1014.3,-0.023926,0.440976,-0.881925,0.844108,4.86752,0.97306,0.903255,5.980189,0.402675,0.403235,-0.609698,1.0,0.020319,0.003313,1.754865,0.004826,0.025799,0.07554,0.011439,0.052125,0.0001,,,,,0,gru
61,77993,309.8944,544.2181,1112,0,0,1,0,1.2363,2.039,collision,1028.5,0.023458,0.451772,-0.846914,0.855129,4.904315,0.99436,0.782634,5.983346,0.401413,0.401764,-0.593945,1.0,,,,,,,,,,,,,,0,gru
62,79515,608.7538,546.5772,1522,1,1,0,0,0.299,2.066,goal,1048.2,0.003276,0.443384,-0.878382,0.882647,4.852877,1.009093,0.737673,5.996476,0.408736,0.404647,-0.602991,1.008073,,,,,,,,,,,,,,0,gru
63,81054,611.2318,546.9222,1539,1,1,0,0,0.2988,2.039,goal,1068.3,-0.027048,0.453775,-0.864414,0.870996,4.816827,1.0254,0.978905,5.980075,0.397851,0.401506,-0.656968,1.0,,,,,,,,,,,,,,0,gru
64,82460,592.5279,546.1037,1406,1,1,0,0,0.2993,2.08,goal,1086.3,0.014923,0.434631,-0.877597,0.869467,4.911664,0.987688,0.673742,5.993301,0.417823,0.405906,-0.572278,1.0,0.022591,0.003158,1.754781,0.004814,0.025655,0.079949,0.012825,0.057609,0.0001,,,,,0,gru
65,82619,-25.1781,483.3066,159,0,0,1,0,3.803,1.989,collision,1088.2,0.068049,0.476766,-0.825055,0.840597,4.625427,1.057084,0.983161,5.966289,0.334313,0.418187,-0.887817,1.008957,,,,,,,,,,,,,,0,gru
66,82656,-41.3077,418.2127,37,0,0,1,0,3.8357,2.08,collision,1088.7,-0.193325,0.328491,-0.801267,0.747884,4.306599,1.367764,0.585752,5.835212,0.207966,0.32065,-0.629612,1.0,,,,,,,,,,,,,,0,gru
67,82817,-26.1739,382.5396,161,0,0,1,0,3.8068,1.95,collision,1090.6,0.040494,0.48467,-0.866619,0.848849,4.429742,1.193855,0.29938,5.919291,0.339916,0.421805,-0.901606,1.008101,,,,,,,,,,,,,,0,gru
68,84263,604.2646,383.2546,1446,1,1,0,0,0.2979,2.102,goal,1109.7,0.010767,0.41954,-0.85032,0.867598,4.856847,0.969724,0.535703,5.985313,0.419732,0.407117,-0.505154,1.002498,0.000442,0.008439,1.754883,0.004802,0.042772,0.0694,0.030135,0.040396,0.0001,,,,,0,gru
69,85755,602.0965,382.6761,1492,1,1,0,0,0.2978,2.056,goal,1128.3,-0.020394,0.443793,-0.87765,0.864431,4.833263,1.022448,0.693192,5.9878,0.406922,0.403943,-0.589882,1.0,,,,,,,,,,,,,,0,gru
70,87262,602.5863,383.8695,1507,1,1,0,0,0.2999,2.052,goal,1147.2,-0.021285,0.451498,-0.886151,0.887865,4.864104,0.98866,0.645267,5.970442,0.40064,0.403237,-0.645224,1.0,,,,,,,,,,,,,,0,gru
71,87297,-39.8403,348.8961,35,0,0,1,0,3.844,1.866,collision,1147.7,-0.457831,0.343411,-0.868374,0.409701,4.723368,0.863371,2.467776,5.926558,0.263306,0.354825,-0.428584,1.0,,,,,,,,,,,,,,0,gru
72,87438,-31.7534,284.8454,141,0,0,1,0,3.8104,2.013,collision,1151.0,-0.02401,0.473893,-0.852943,0.795831,4.901049,0.879637,1.86188,5.958051,0.356031,0.433824,-0.888563,1.001766,0.011852,0.004269,1.75448,0.00479,0.028468,0.066687,0.007055,0.044787,0.0001,,,,,0,gru
73,87595,-23.4361,221.3786,157,0,0,1,0,3.8066,1.983,collision,1153.1,0.143883,0.461504,-0.86093,0.852286,4.717447,1.118259,0.990999,5.941646,0.338081,0.417652,-0.876573,1.009712,,,,,,,,,,,,,,0,gru
74,89015,596.8426,221.81,1420,1,1,0,0,0.299,2.089,goal,1170.5,-0.01582,0.426744,-0.875318,0.862925,4.914256,0.968836,0.85335,5.983171,0.418554,0.405354,-0.532312,1.0,,,,,,,,,,,,,,0,gru
75,89142,-34.2742,220.9004,127,0,0,1,0,3.7846,1.95,collision,1172.2,0.185205,0.460958,-0.801006,0.854622,4.422832,1.215012,0.528741,5.93809,0.304898,0.417651,-0.93201,1.0,,,,,,,,,,,,,,0,gru
76,90645,603.7734,285.4085,1503,1,1,0,0,0.2988,2.058,goal,1192.5,-0.010177,0.445581,-0.862353,0.864419,4.831893,1.001825,0.452437,5.972486,0.406744,0.404625,-0.60793,1.0,0.021416,0.004067,1.75373,0.004778,0.038216,0.112016,0.020039,0.081414,0.0001,,,,,0,gru
77,92120,608.9851,348.9244,1475,1,1,0,0,0.2982,2.079,goal,1210.1,0.028894,0.436266,-0.859135,0.872436,4.857323,0.960406,0.144855,5.970805,0.416791,0.406805,-0.572556,1.005548,,,,,,,,,,,,,,0,gru
78,93633,605.4106,349.039,1513,1,1,0,0,0.2989,2.059,goal,1228.9,0.013235,0.445768,-0.88092,0.871151,4.81343,1.036418,0.888397,5.989869,0.407999,0.4041,-0.700664,1.002074,,,,,,,,,,,,,,0,gru
79,95116,597.9192,348.6213,1483,1,1,0,0,0.2996,2.084,goal,1247.8,0.010896,0.432105,-0.860391,0.891255,4.842421,0.99011,0.730543,5.975196,0.399649,0.404051,-0.573923,1.0,,,,,,,,,,,,,,0,gru
80,95260,-33.2322,285.0395,144,0,0,1,0,3.787,1.961,collision,1251.3,0.139168,0.484878,-0.825311,0.865051,4.76244,1.049688,1.385296,5.973797,0.311928,0.418341,-0.941746,1.0,0.032545,0.00249,1.752996,0.004766,0.025749,0.169433,0.010849,0.121623,0.0001,,,,,0,gru
81,96761,600.6452,349.088,1501,1,1,0,0,0.2982,2.069,goal,1270.3,-0.03546,0.441599,-0.884243,0.868862,4.787813,1.024004,0.577258,5.980291,0.401742,0.403368,-0.657524,1.0,,,,,,,,,,,,,,0,gru
82,96798,-38.6316,348.4002,37,0,0,1,0,3.8458,1.969,collision,1270.8,-0.286157,0.414125,-0.822417,0.584197,4.326267,1.151273,1.81493,5.885475,0.266609,0.354373,-0.322701,1.0,,,,,,,,,,,,,,0,gru
83,98272,596.3973,410.3835,1474,1,1,0,0,0.2997,2.049,goal,1289.4,-0.015123,0.44644,-0.868323,0.875502,4.782384,1.058998,0.567419,5.982039,0.406372,0.404983,-0.634189,1.0,,,,,,,,,,,,,,0,gru
84,99740,596.1523,410.3145,1468,1,1,0,0,0.2998,2.07,goal,1309.8,0.013001,0.439679,-0.886273,0.873928,4.798034,0.974949,0.67554,5.976887,0.398166,0.403307,-0.623527,1.0,0.014559,0.002451,1.752231,0.004754,0.02457,0.143495,0.009993,0.103105,0.0001,,,,,0,gru
85,101203,587.3442,472.4764,1463,1,1,0,0,0.2997,2.083,goal,1328.8,0.032609,0.435131,-0.874222,0.876611,4.876544,0.949647,1.193459,5.977944,0.398436,0.404755,-0.595968,1.0,,,,,,,,,,,,,,0,gru
86,102695,614.8779,473.5868,1492,1,1,0,0,0.2978,2.063,goal,1347.9,0.005285,0.442646,-0.870068,0.863212,4.876227,0.989954,0.677452,5.985991,0.41604,0.40685,-0.576926,1.010266,,,,,,,,,,,,,,0,gru
87,104187,601.5401,472.8423,1492,1,1,0,0,0.2985,2.069,goal,1367.3,0.004949,0.437187,-0.863381,0.869777,4.877896,0.962995,0.626874,5.984185,0.399085,0.403902,-0.625685,1.0,,,,,,,,,,,,,,0,gru
88,105679,586.5156,470.9528,1492,1,1,0,0,0.2993,2.075,goal,1389.6,0.001585,0.43375,-0.86438,0.870597,4.844623,1.01616,0.433021,5.982971,0.396409,0.40899,-0.710464,1.0,-0.017268,0.001588,1.752404,0.004742,0.018589,0.151078,0.009596,0.117958,0.0001,,,,,0,gru
89,107152,593.5052,470.5114,1473,1,1,0,0,0.2987,2.068,goal,1408.7,-0.000593,0.440682,-0.882535,0.858463,4.827218,1.000319,0.886848,5.982228,0.393937,0.402632,-0.588482,1.0,,,,,,,,,,,,,,0,gru
90,108691,610.7966,534.9143,1539,1,1,0,0,0.2994,2.042,goal,1428.5,0.010414,0.456519,-0.881667,0.862633,4.891291,0.963388,0.566882,5.98776,0.39649,0.404577,-0.606763,1.001521,,,,,,,,,,,,,,0,gru
91,110211,611.3072,535.9805,1520,1,1,0,0,0.2985,2.064,goal,1448.4,0.001246,0.440829,-0.880274,0.87628,4.832244,1.000617,0.696282,5.981061,0.397877,0.402894,-0.61534,1.00852,,,,,,,,,,,,,,0,gru
92,111712,601.3492,599.9786,1501,1,1,0,0,0.2981,2.047,goal,1470.5,-0.024835,0.454949,-0.891827,0.868824,4.844131,0.991619,0.682519,5.987141,0.404552,0.404718,-0.652259,1.0,-0.021448,0.001402,1.752693,0.00473,0.017758,0.106798,0.002736,0.070068,0.0001,,,,,0,gru
93,113216,599.9357,600.3324,1504,1,1,0,0,0.2983,2.063,goal,1490.0,0.028365,0.439575,-0.892126,0.882727,4.7932,1.040551,0.49115,5.985921,0.393813,0.402495,-0.655593,1.0,,,,,,,,,,,,,,0,gru
94,114698,594.8975,600.2069,1482,1,1,0,0,0.2994,2.075,goal,1508.9,0.038445,0.436274,-0.867882,0.867461,4.823904,0.973775,0.779404,5.980686,0.394952,0.403167,-0.665393,1.0,,,,,,,,,,,,,,0,gru
95,116223,611.0971,602.5822,1525,1,1,0,0,0.2994,2.044,goal,1528.4,0.001129,0.456137,-0.882128,0.859111,4.79319,1.001226,1.046679,5.975352,0.404026,0.404319,-0.627584,1.003645,,,,,,,,,,,,,,0,gru
96,116287,-32.3594,537.8585,64,0,0,1,0,3.8346,1.933,collision,1531.2,-0.381272,0.324517,-0.877412,0.244835,4.360254,1.253087,1.049203,5.900456,0.251427,0.334588,-0.578113,1.0,0.037258,0.001764,1.753741,0.004718,0.02046,0.122024,0.011027,0.0886,0.0001,,,,,0,gru
97,117572,356.3015,513.3346,1285,0,0,1,0,0.8775,2.056,collision,1548.0,0.017077,0.443386,-0.861287,0.887557,4.823165,1.013808,0.819997,5.988133,0.39419,0.405303,-0.65727,1.0,,,,,,,,,,,,,,0,gru
98,119085,605.9725,515.2803,1513,1,1,0,0,0.298,2.065,goal,1567.9,0.025613,0.442622,-0.87257,0.885759,4.855202,1.015255,0.585376,5.988044,0.396496,0.402981,-0.627927,1.004205,,,,,,,,,,,,,,0,gru
99,120592,606.4592,516.5757,1507,1,1,0,0,0.2985,2.042,goal,1587.5,0.014248,0.452827,-0.849929,0.877488,4.820056,1.002698,0.610225,5.984056,0.398142,0.404463,-0.610205,1.0,,,,,,,,,,,,,,0,gru
100,122086,595.6586,515.0619,1494,1,1,0,0,0.298,2.04,goal,1609.8,-0.022896,0.453836,-0.882238,0.869511,4.821723,1.028867,0.449856,5.986567,0.402955,0.404901,-0.677946,1.0,0.031026,0.002814,1.75483,0.004706,0.01964,0.07667,0.005317,0.05528,0.0001,,,,,0,gru
101,123587,604.2138,514.3526,1501,1,1,0,0,0.2976,2.052,goal,1629.8,-0.011804,0.452689,-0.872144,0.871355,4.820748,0.999155,0.838701,5.96885,0.404133,0.403739,-0.61481,1.0,,,,,,,,,,,,,,0,gru
102,125068,599.1733,514.135,1481,1,1,0,0,0.2992,2.069,goal,1649.2,0.007957,0.436419,-0.87102,0.884126,4.815062,1.028153,0.765408,5.979933,0.397058,0.403862,-0.594718,1.0,,,,,,,,,,,,,,0,gru
103,125210,-33.4986,450.7915,142,0,0,1,0,3.792,2.039,collision,1651.2,0.099373,0.446515,-0.819928,0.879818,4.597711,1.048376,1.346646,5.985012,0.329328,0.426639,-0.939897,1.0,,,,,,,,,,,,,,0,gru
104,126773,610.0566,452.3075,1563,1,1,0,0,0.2986,2.055,goal,1673.1,-0.04109,0.445042,-0.886596,0.868326,4.829176,0.98405,0.263721,5.986507,0.421421,0.414819,-0.886163,1.0,0.02663,0.001872,1.755275,0.004694,0.02179,0.081219,0.009187,0.053033,0.0001,,,,,0,gru
105,128270,619.8803,453.1858,1497,1,1,0,0,0.2992,2.059,goal,1692.9,-0.025224,0.446994,-0.885762,0.88298,4.859939,0.971074,0.744244,5.968767,0.410908,0.405291,-0.493136,1.00997,,,,,,,,,,,,,,0,gru
106,129366,320.1233,488.434,1096,0,0,1,0,1.2226,2.064,collision,1707.4,0.027461,0.441399,-0.862143,0.870228,4.874983,0.976075,0.35531,5.980056,0.4124,0.403312,-0.568797,1.0,,,,,,,,,,,,,,0,gru
107,130858,602.9102,513.0949,1492,1,1,0,0,0.2999,2.061,goal,1727.1,0.009616,0.441491,-0.882365,0.859222,4.824138,1.015202,0.39018,5.981739,0.396901,0.403661,-0.626393,1.0,,,,,,,,,,,,,,0,gru
108,132313,604.9991,512.9976,1455,1,1,0,0,0.2976,2.05,goal,1748.4,0.007602,0.452204,-0.870334,0.87868,4.865045,0.960566,0.859844,5.980573,0.414992,0.40692,-0.504754,1.0,0.025979,0.002767,1.755278,0.004682,0.021237,0.095819,0.005486,0.07019,0.0001,,,,,0,gru
109,133781,609.2276,513.2744,1468,1,1,0,0,0.2999,2.069,goal,1766.1,0.013668,0.436147,-0.886603,0.867346,4.846416,1.005422,0.646566,5.989983,0.416469,0.406912,-0.564351,1.002094,,,,,,,,,,,,,,0,gru
110,135305,610.2145,514.73,1524,1,1,0,0,0.299,2.054,goal,1785.7,0.018566,0.448355,-0.87236,0.87278,4.786762,1.035029,0.531559,5.977143,0.40469,0.403677,-0.768748,1.007884,,,,,,,,,,,,,,0,gru
111,136783,613.253,515.6339,1478,1,1,0,0,0.2983,2.063,goal,1804.5,0.012531,0.438383,-0.847917,0.853884,4.807424,1.02699,0.489651,5.979499,0.412276,0.40472,-0.536697,1.00858,,,,,,,,,,,,,,0,gru
112,138263,610.8817,516.8048,1480,1,1,0,0,0.2992,2.077,goal,1825.1,-0.003588,0.437598,-0.868815,0.875034,4.827211,1.015358,0.801395,5.984585,0.413696,0.406675,-0.579737,1.009497,-0.010027,0.001375,1.754966,0.00467,0.016985,0.086552,0.004006,0.056129,0.0001,,,,,0,gru
113,139774,601.7651,580.3311,1511,1,1,0,0,0.2993,2.033,goal,1844.4,0.012403,0.456919,-0.882072,0.862061,4.860481,1.015637,0.504025,5.97843,0.403699,0.404952,-0.709632,1.0,,,,,,,,,,,,,,0,gru
114,139925,-31.0127,516.2242,151,0,0,1,0,3.8056,1.886,collision,1846.3,0.013499,0.530872,-0.860177,0.847569,4.523563,1.182024,0.853716,5.978692,0.341662,0.428711,-0.914283,1.0,,,,,,,,,,,,,,0,gru
115,141462,605.6622,514.8024,1537,1,1,0,0,0.2997,2.028,goal,1865.8,0.007823,0.46425,-0.881427,0.858961,4.824717,1.030917,0.624318,5.975544,0.405034,0.405969,-0.751691,1.0,,,,,,,,,,,,,,0,gru
116,141571,-38.4215,478.9479,109,0,0,1,0,3.7808,1.923,collision,1868.3,0.147301,0.504721,-0.840055,0.825467,4.581043,1.080453,1.184202,5.930341,0.299136,0.421806,-0.950429,1.0,0.0327,0.003605,1.754949,0.004658,0.026494,0.089405,0.011207,0.05246,0.0001,,,,,0,gru
117,142698,330.8315,451.74,1127,0,0,1,0,1.2231,2.049,collision,1882.8,0.0211,0.447259,-0.842151,0.8753,4.844624,1.008428,0.632331,5.990951,0.411191,0.403172,-0.507324,1.005053,,,,,,,,,,,,,,0,gru
118,143830,315.6624,422.8064,1132,0,0,1,0,1.245,2.047,collision,1897.1,0.001285,0.450025,-0.872884,0.862305,4.835581,1.031609,0.565504,5.97726,0.397205,0.400846,-0.642028,1.0,,,,,,,,,,,,,,0,gru
119,144986,333.6522,395.2488,1156,0,0,1,0,1.2101,2.045,collision,1911.7,0.044817,0.450312,-0.868543,0.864671,4.822546,0.993763,0.560037,5.976089,0.41,0.404805,-0.770095,1.012966,,,,,,,,,,,,,,0,gru
120,146478,600.0481,394.2322,1492,1,1,0,0,0.2989,2.043,goal,1932.5,0.002335,0.457073,-0.875653,0.876952,4.849699,0.9733,0.928144,5.982186,0.391781,0.403204,-0.633957,1.0,0.025391,0.005664,1.75562,0.004646,0.034192,0.091118,0.012076,0.074293,0.0001,,,,,0,gru
121,147960,596.7804,392.5849,1482,1,1,0,0,0.2983,2.046,goal,1950.8,-0.009013,0.451796,-0.882659,0.873706,4.863073,0.998738,0.462557,5.968423,0.405649,0.404914,-0.613704,1.0,,,,,,,,,,,,,,0,gru
122,149472,611.5059,392.6474,1512,1,1,0,0,0.2991,2.056,goal,1970.1,0.000238,0.448142,-0.859217,0.871879,4.886744,0.96849,0.824554,5.981195,0.402522,0.405508,-0.675822,1.001696,,,,,,,,,,,,,,0,gru
123,150968,599.6749,392.4383,1496,1,1,0,0,0.2975,2.073,goal,1989.9,0.017793,0.431401,-0.881637,0.868827,4.847989,1.021547,0.247128,5.987896,0.397745,0.403388,-0.610917,1.0,,,,,,,,,,,,,,0,gru
124,152459,614.4045,456.9801,1491,1,1,0,0,0.2999,2.05,goal,2010.9,0.012483,0.449106,-0.860789,0.883786,4.900871,0.984173,0.357166,5.982185,0.414803,0.407285,-0.545323,1.004,-0.006038,0.001297,1.756262,0.004634,0.017136,0.125229,0.005574,0.085825,0.0001,,,,,0,gru
125,153158,168.5654,413.2704,699,0,0,1,0,2.2823,2.039,collision,2020.1,-0.013424,0.454297,-0.886328,0.861959,4.841182,1.002958,0.623947,5.983943,0.390527,0.400785,-0.59351,1.0,,,,,,,,,,,,,,0,gru
126,153198,-39.3295,413.1796,40,0,0,1,0,3.8409,2.045,collision,2020.7,-0.145627,0.428852,-0.811347,0.790998,4.388486,1.237852,1.747422,5.916903,0.215341,0.317672,-0.528426,1.0,,,,,,,,,,,,,,0,gru
127,154622,592.974,439.3938,1424,1,1,0,0,0.2982,2.073,goal,2039.2,0.015563,0.43682,-0.861121,0.869125,4.85862,0.994655,0.285457,5.978553,0.414544,0.406271,-0.65819,1.0,,,,,,,,,,,,,,0,gru
128,156143,606.0597,468.4336,1521,1,1,0,0,0.2983,2.054,goal,2060.7,0.002533,0.447604,-0.861955,0.878456,4.835053,1.011868,0.725434,5.977178,0.403456,0.404331,-0.747043,1.001353,0.031302,0.003999,1.756574,0.004622,0.025445,0.113755,0.005706,0.084859,0.0001,,,,,0,gru
129,157280,318.4165,466.91,1137,0,0,1,0,1.2461,2.045,collision,2075.8,-0.00484,0.450919,-0.878551,0.890118,4.869452,0.996919,0.508807,5.993192,0.400158,0.402479,-0.623324,1.0,,,,,,,,,,,,,,0,gru
130,158741,592.2475,466.1299,1461,1,1,0,0,0.2976,2.073,goal,2094.9,-0.005766,0.437696,-0.876941,0.853778,4.880619,0.97361,0.53539,5.989007,0.402348,0.402968,-0.604628,1.0,,,,,,,,,,,,,,0,gru
131,160277,611.9434,467.6462,1536,1,1,0,0,0.2986,2.056,goal,2115.3,-0.016156,0.448144,-0.875322,0.886332,4.876165,0.97572,0.483013,5.975633,0.403207,0.404266,-0.622443,1.006377,,,,,,,,,,,,,,0,gru
132,161807,602.1231,466.7079,1530,1,1,0,0,0.2989,2.058,goal,2137.6,-0.008755,0.439952,-0.882159,0.869681,4.826745,1.06648,0.471257,5.974742,0.393769,0.408664,-0.716959,1.0,0.018113,0.002758,1.756849,0.00461,0.025543,0.126891,0.013763,0.094978,0.0001,,,,,0,gru
133,163312,603.9769,467.1381,1505,1,1,0,0,0.2987,2.051,goal,2157.6,-0.009568,0.448009,-0.875733,0.849365,4.911093,0.957487,0.235646,5.983654,0.405937,0.405002,-0.60152,1.0,,,,,,,,,,,,,,0,gru
134,164773,593.7806,465.0758,1461,1,1,0,0,0.2989,2.081,goal,2176.4,-0.006427,0.43303,-0.885299,0.871935,4.884801,0.986279,0.635732,5.987328,0.402878,0.403221,-0.623253,1.0,,,,,,,,,,,,,,0,gru
135,166220,603.9734,508.6166,1447,1,1,0,0,0.2988,2.081,goal,2194.6,0.001478,0.433241,-0.874603,0.876833,4.889693,1.000821,0.53117,5.983779,0.415212,0.405821,-0.508251,1.0,,,,,,,,,,,,,,0,gru
136,167688,595.402,572.0897,1468,1,1,0,0,0.2994,2.067,goal,2215.9,0.035741,0.439168,-0.890339,0.887678,4.930462,0.95727,0.76621,5.975964,0.397144,0.403497,-0.705582,1.0,-0.016583,0.001572,1.756977,0.004598,0.020601,0.099426,0.01495,0.067068,0.0001,,,,,0,gru
137,169172,597.4162,572.5339,1484,1,1,0,0,0.2977,2.078,goal,2235.7,0.005205,0.439234,-0.870532,0.891655,4.877458,0.961984,0.705328,5.986046,0.400813,0.403425,-0.624994,1.0,,,,,,,,,,,,,,0,gru
138,170613,601.6146,572.0894,1441,1,1,0,0,0.2992,2.069,goal,2255.1,-0.014983,0.439693,-0.871493,0.874138,4.921883,0.965798,1.047602,5.986997,0.413293,0.406039,-0.508052,1.0,,,,,,,,,,,,,,0,gru
139,171737,313.2153,571.5693,1124,0,0,1,0,1.2397,2.074,collision,2270.4,-0.007302,0.438892,-0.881101,0.886276,4.860611,1.006488,0.40733,5.986659,0.393049,0.399262,-0.578237,1.0,,,,,,,,,,,,,,0,gru
140,172808,304.9064,542.8352,1071,0,0,1,0,1.3203,2.102,collision,2286.6,0.050261,0.423703,-0.856146,0.866814,4.895834,0.944049,0.87091,5.968523,0.411361,0.406943,-0.734954,1.007904,0.03074,0.004147,1.756066,0.004586,0.030732,0.073039,0.014581,0.054102,0.0001,,,,,0,gru
141,174271,606.1844,542.2593,1463,1,1,0,0,0.299,2.086,goal,2306.1,0.008384,0.42721,-0.867333,0.870642,4.837343,1.005123,0.685683,5.976394,0.416983,0.406971,-0.512761,1.003546,,,,,,,,,,,,,,0,gru
142,174408,-29.3986,479.1071,137,0,0,1,0,3.7957,2.046,collision,2307.9,0.125485,0.445888,-0.871075,0.873157,4.65348,0.978774,1.889238,5.887707,0.316153,0.413645,-0.893469,1.0,,,,,,,,,,,,,,0,gru
143,175873,609.8005,479.6895,1465,1,1,0,0,0.2974,2.073,goal,2326.8,-0.001837,0.431332,-0.886062,0.865505,4.886044,0.975165,0.548043,5.975235,0.416097,0.405551,-0.546543,1.003753,,,,,,,,,,,,,,0,gru
144,177335,596.0161,479.913,1462,1,1,0,0,0.2983,2.069,goal,2347.9,-0.020405,0.435011,-0.866424,0.868469,4.837518,1.001911,0.630519,5.983581,0.403902,0.403119,-0.577614,1.0,0.023993,0.002487,1.756158,0.004574,0.020155,0.08489,0.004454,0.050778,0.0001,,,,,0,gru
145,178753,596.4446,479.1601,1418,1,1,0,0,0.2983,2.097,goal,2366.8,-0.013179,0.420424,-0.864318,0.847827,4.822283,1.011,0.601571,5.981134,0.414135,0.404506,-0.509831,1.0,,,,,,,,,,,,,,0,gru
146,180206,605.8406,480.204,1453,1,1,0,0,0.2998,2.077,goal,2386.0,0.014616,0.434058,-0.872001,0.890395,4.795331,1.010895,0.64745,5.978525,0.414438,0.406532,-0.554076,1.0,,,,,,,,,,,,,,0,gru
147,181705,595.3369,479.9961,1499,1,1,0,0,0.2997,2.101,goal,2406.1,0.027994,0.418105,-0.88104,0.866958,4.851636,1.029931,0.602083,5.977308,0.398678,0.409678,-0.741345,1.008226,,,,,,,,,,,,,,0,gru
148,181826,-38.0914,416.0255,121,0,0,1,0,3.777,1.955,collision,2409.4,0.13632,0.485357,-0.853233,0.86267,4.64395,1.0977,0.257891,5.970087,0.295258,0.419375,-0.960045,1.0,0.019637,0.001834,1.757093,0.004562,0.021848,0.102265,0.012286,0.067744,0.0001,,,,,0,gru
149,183253,596.3445,444.3384,1427,1,1,0,0,0.2974,2.076,goal,2427.7,-0.001644,0.43227,-0.88282,0.843838,4.804563,1.007723,0.54374,5.980332,0.416167,0.405933,-0.521513,1.0,,,,,,,,,,,,,,0,gru
150,184723,599.1562,473.7634,1470,1,1,0,0,0.2989,2.078,goal,2447.5,0.016375,0.433484,-0.857674,0.880673,4.78489,1.013121,0.61658,5.973658,0.398747,0.403491,-0.583959,1.0,,,,,,,,,,,,,,0,gru
151,186233,599.3899,473.0839,1510,1,1,0,0,0.2995,2.088,goal,2468.4,0.01285,0.427519,-0.844005,0.885186,4.827382,1.003283,0.856328,5.988952,0.395514,0.408069,-0.625146,1.006742,,,,,,,,,,,,,,0,gru
152,187710,613.9449,537.4183,1477,1,1,0,0,0.2985,2.071,goal,2490.4,-0.002565,0.43873,-0.864195,0.88698,4.875173,0.964144,0.971502,5.986843,0.412016,0.405481,-0.542383,1.008378,-0.005369,0.001709,1.757704,0.00455,0.023884,0.115427,0.015863,0.077293,0.0001,,,,,0,gru
153,189197,601.4272,536.581,1487,1,1,0,0,0.2995,2.091,goal,2510.6,0.031563,0.423911,-0.869043,0.871616,4.868334,0.994487,0.837815,5.983973,0.397178,0.401467,-0.599963,1.006891,,,,,,,,,,,,,,0,gru
154,190687,606.2841,537.6078,1490,1,1,0,0,0.2986,2.077,goal,2530.8,0.026007,0.430924,-0.858223,0.852423,4.841923,1.002249,0.735304,5.987391,0.399736,0.40396,-0.572513,1.005684,,,,,,,,,,,,,,0,gru
155,192154,607.1069,538.674,1467,1,1,0,0,0.2993,2.087,goal,2549.6,0.015268,0.426102,-0.862654,0.89285,4.845606,0.977769,0.820525,5.977744,0.416921,0.406482,-0.526777,1.007817,,,,,,,,,,,,,,0,gru
156,193594,603.3152,538.4214,1440,1,1,0,0,0.2994,2.081,goal,2570.4,-0.004706,0.431255,-0.869558,0.87721,4.815315,1.014785,0.654529,5.985614,0.413181,0.405211,-0.566162,1.0,-0.009281,0.001138,1.757924,0.004538,0.016651,0.078482,0.005589,0.045118,0.0001,,,,,0,gru
157,195033,593.6336,538.2511,1439,1,1,0,0,0.2999,2.091,goal,2589.4,0.025157,0.428134,-0.850471,0.853393,4.909518,0.947998,0.278612,5.976585,0.404327,0.404856,-0.579465,1.0,,,,,,,,,,,,,,0,gru
158,196477,589.2201,600.9823,1444,1,1,0,0,0.299,2.093,goal,2607.7,-0.005675,0.426407,-0.876078,0.877727,4.891166,0.968685,0.378354,5.974894,0.396745,0.404215,-0.629141,1.0,,,,,,,,,,,,,,0,gru
159,197966,600.4813,601.3959,1489,1,1,0,0,0.2991,2.078,goal,2627.2,-0.003123,0.433469,-0.852912,0.851748,4.851453,1.002715,0.324279,5.984207,0.389118,0.400504,-0.563412,1.0,,,,,,,,,,,,,,0,gru
160,199396,602.805,601.7608,1430,1,1,0,0,0.2982,2.081,goal,2648.6,-0.011984,0.428764,-0.882235,0.86129,4.842202,0.995149,0.404126,5.988253,0.414853,0.405367,-0.479622,1.0,-0.029068,0.001766,1.757699,0.004526,0.020783,0.114199,0.015424,0.072357,0.0001,,,,,0,gru
161,200875,601.2373,601.9456,1479,1,1,0,0,0.2984,2.085,goal,2667.7,-0.013777,0.429338,-0.867238,0.878268,4.864442,0.981271,0.599304,5.990049,0.401332,0.405697,-0.533284,1.0,,,,,,,,,,,,,,0,gru
162,200998,-30.1282,537.5383,123,0,0,1,0,3.8139,2.073,collision,2669.4,0.054172,0.422417,-0.844237,0.832861,4.740366,0.998212,1.478425,5.957638,0.349796,0.426973,-0.826485,1.002192,,,,,,,,,,,,,,0,gru
163,202457,600.678,537.4633,1459,1,1,0,0,0.2996,2.078,goal,2688.1,0.02325,0.432149,-0.866555,0.883776,4.874234,0.953327,0.960908,5.975462,0.413883,0.407968,-0.673001,1.0,,,,,,,,,,,,,,0,gru
164,203908,602.6895,537.1039,1451,1,1,0,0,0.2992,2.073,goal,2708.5,0.010684,0.435491,-0.887597,0.874211,4.814086,1.019971,0.672469,5.973025,0.415327,0.406217,-0.620632,1.0,0.006036,0.003414,1.757412,0.004514,0.038589,0.108016,0.03182,0.085188,0.0001,,,,,0,gru
165,205343,600.9326,536.4864,1435,1,1,0,0,0.2989,2.079,goal,2727.3,0.008887,0.429943,-0.890755,0.867513,4.854677,1.004464,0.768576,5.979684,0.414706,0.406389,-0.518022,1.0,,,,,,,,,,,,,,0,gru
166,205504,-21.1671,474.0382,161,0,0,1,0,3.7857,2.031,collision,2729.5,0.206712,0.397832,-0.755558,0.857039,4.504421,1.195331,0.793258,5.954861,0.295201,0.39692,-0.914912,1.009429,,,,,,,,,,,,,,0,gru
167,206540,294.2586,444.1007,1036,0,0,1,0,1.3897,2.075,collision,2743.3,0.029986,0.432356,-0.869781,0.879588,4.81721,1.017747,0.600713,5.978554,0.395873,0.399098,-0.626861,1.0,,,,,,,,,,,,,,0,gru
168,208058,610.9059,446.2693,1518,1,1,0,0,0.2996,2.036,goal,2764.2,0.006718,0.455848,-0.874604,0.870264,4.80998,1.011874,0.71971,5.990104,0.405191,0.403559,-0.670262,1.0,0.001432,0.005394,1.757415,0.004502,0.033183,0.143668,0.019273,0.095312,0.0001,,,,,0,gru
169,209496,600.8086,446.302,1438,1,1,0,0,0.2987,2.07,goal,2782.8,0.00928,0.433732,-0.877439,0.86757,4.855686,1.025758,0.558603,5.982281,0.41642,0.404881,-0.622218,1.0,,,,,,,,,,,,,,0,gru
170,211023,613.9451,447.416,1527,1,1,0,0,0.2986,2.057,goal,2802.8,0.010291,0.447799,-0.85448,0.869536,4.855021,1.008444,0.702039,5.991906,0.403404,0.40368,-0.665168,1.012364,,,,,,,,,,,,,,0,gru
171,212479,605.0441,447.7967,1456,1,1,0,0,0.2971,2.095,goal,2821.7,0.006657,0.420503,-0.85434,0.848648,4.847379,0.993519,0.655843,5.984831,0.416482,0.406431,-0.531575,1.004701,,,,,,,,,,,,,,0,gru
172,212610,-26.9114,448.1184,131,0,0,1,0,3.81,2.017,collision,2825.0,0.117102,0.444069,-0.806838,0.855168,4.667441,1.065553,1.101258,5.915859,0.32863,0.412906,-0.839418,1.004297,0.007995,0.002236,1.756969,0.00449,0.023203,0.119205,0.00707,0.085617,0.0001,,,,,0,gru
173,214129,608.0072,448.8513,1519,1,1,0,0,0.2984,2.065,goal,2844.9,-0.012811,0.440919,-0.886462,0.860058,4.847272,0.980364,0.469874,5.976087,0.39998,0.403035,-0.629585,1.002955,,,,,,,,,,,,,,0,gru
174,215558,598.5428,448.4366,1429,1,1,0,0,0.2985,2.073,goal,2863.9,0.015628,0.434825,-0.854561,0.852565,4.853662,0.986336,0.635511,5.972774,0.417243,0.405809,-0.532351,1.0,,,,,,,,,,,,,,0,gru
175,217040,601.483,448.4917,1482,1,1,0,0,0.2976,2.057,goal,2884.1,-0.026888,0.444139,-0.864924,0.881896,4.845775,1.012135,1.063765,5.983549,0.402546,0.402674,-0.572664,1.0,,,,,,,,,,,,,,0,gru
176,218473,602.0864,510.817,1433,1,1,0,0,0.2988,2.082,goal,2904.6,0.006244,0.426524,-0.851217,0.860818,4.851419,1.020465,0.572921,5.987352,0.415955,0.404801,-0.482398,1.0,-0.014868,0.001573,1.756923,0.004478,0.024063,0.112025,0.011095,0.07472,0.0001,,,,,0,gru
177,219939,594.7817,540.8693,1466,1,1,0,0,0.2988,2.071,goal,2923.9,-0.022482,0.434636,-0.863609,0.848396,4.848859,1.025412,0.522766,5.988212,0.39955,0.402078,-0.578764,1.0,,,,,,,,,,,,,,0,gru
178,221449,606.5867,540.4374,1510,1,1,0,0,0.2984,2.059,goal,2943.4,0.014403,0.44846,-0.863132,0.874698,4.86329,0.962301,1.043263,5.97068,0.403164,0.404515,-0.67412,1.001375,,,,,,,,,,,,,,0,gru
179,222919,592.0874,539.5653,1470,1,1,0,0,0.2982,2.061,goal,2962.1,0.02381,0.443973,-0.864945,0.869091,4.830028,0.996246,0.505735,5.967641,0.404864,0.404299,-0.76857,1.0,,,,,,,,,,,,,,0,gru
180,224377,593.5644,537.5272,1458,1,1,0,0,0.2982,2.077,goal,2983.4,0.011073,0.437058,-0.857754,0.872437,4.899346,0.966418,0.818658,5.995087,0.393752,0.401356,-0.58097,1.0,-0.012409,0.001488,1.756387,0.004466,0.020463,0.114486,0.014611,0.074731,0.0001,,,,,0,gru
181,225792,595.3975,536.5626,1415,1,1,0,0,0.2992,2.09,goal,3001.9,0.008231,0.430096,-0.878973,0.874072,4.837615,1.003147,0.683298,5.97387,0.414246,0.405082,-0.525398,1.0,,,,,,,,,,,,,,0,gru
182,227300,603.4591,599.5996,1508,1,1,0,0,0.299,2.046,goal,3021.2,0.010811,0.448993,-0.887359,0.874323,4.83893,1.026161,0.477796,5.984122,0.40433,0.403312,-0.720511,1.0,,,,,,,,,,,,,,0,gru
183,228801,609.3645,599.7353,1501,1,1,0,0,0.299,2.066,goal,3040.3,-0.014771,0.440318,-0.871424,0.880005,4.889215,0.969785,0.82185,5.993957,0.39166,0.39931,-0.605373,1.004151,,,,,,,,,,,,,,0,gru
184,230245,591.8896,599.07,1444,1,1,0,0,0.2974,2.064,goal,3062.2,0.013053,0.437584,-0.853172,0.858299,4.870991,1.021679,0.573048,5.988069,0.394367,0.40132,-0.570774,1.0,-0.011673,0.001559,1.755297,0.004454,0.017509,0.128112,0.006969,0.086033,0.0001,,,,,0,gru
185,231726,615.0569,600.4274,1481,1,1,0,0,0.2993,2.07,goal,3081.3,-0.008849,0.438802,-0.866182,0.88122,4.851002,1.014914,0.34344,5.986851,0.410944,0.405108,-0.505024,1.01018,,,,,,,,,,,,,,0,gru
186,233161,602.1807,600.4368,1435,1,1,0,0,0.2993,2.064,goal,3099.5,-0.010469,0.441389,-0.869451,0.879028,4.868493,1.000169,0.678578,5.994197,0.416633,0.406981,-0.50832,1.0,,,,,,,,,,,,,,0,gru
187,234594,600.4821,601.0069,1433,1,1,0,0,0.2979,2.076,goal,3117.4,-0.025523,0.435584,-0.874375,0.855063,4.878611,1.002,0.964663,5.983402,0.40909,0.404147,-0.606051,1.0,,,,,,,,,,,,,,0,gru
188,236041,597.6552,600.1137,1447,1,1,0,0,0.298,2.084,goal,3138.4,0.020967,0.42708,-0.860153,0.876899,4.85208,0.988373,0.88321,5.975926,0.402216,0.404665,-0.549488,1.0,-0.021773,0.00164,1.75383,0.004442,0.02135,0.144907,0.008453,0.099775,0.0001,,,,,0,gru
189,237490,608.1284,601.7178,1449,1,1,0,0,0.2996,2.077,goal,3156.5,-0.01338,0.434295,-0.85594,0.873079,4.877059,0.969465,0.768611,5.984656,0.410992,0.404778,-0.516623,1.001379,,,,,,,,,,,,,,0,gru
190,237526,-40.5153,538.3099,36,0,0,1,0,3.8399,1.98,collision,3157.1,-0.193851,0.435267,-0.803924,0.770732,4.574741,1.194083,1.270207,5.939492,0.222679,0.318244,-0.540721,1.0,,,,,,,,,,,,,,0,gru
191,238956,586.5766,537.4278,1430,1,1,0,0,0.2993,2.098,goal,3175.5,0.025957,0.420677,-0.875063,0.870861,4.842079,1.016672,0.759151,5.986593,0.393584,0.399725,-0.557049,1.0,,,,,,,,,,,,,,0,gru
192,239338,69.8536,484.0672,382,0,0,1,0,3.0542,2.011,collision,3181.5,0.119721,0.45664,-0.859384,0.869404,4.907371,0.959047,0.48293,5.974564,0.397815,0.405787,-0.595731,1.0,0.025642,0.004835,1.753071,0.00443,0.026458,0.126574,0.00756,0.091211,0.0001,,,,,0,gru
193,240782,607.5179,483.8826,1444,1,1,0,0,0.2977,2.07,goal,3199.8,-0.014567,0.43934,-0.88464,0.865276,4.873668,0.984558,0.673476,5.969035,0.410314,0.404005,-0.445397,1.0,,,,,,,,,,,,,,0,gru
194,240943,-23.7788,422.3157,161,0,0,1,0,3.8085,1.962,collision,3202.0,0.116506,0.476052,-0.874616,0.860031,4.694359,1.124723,1.094553,5.936164,0.329018,0.413679,-0.875746,1.012137,,,,,,,,,,,,,,0,gru
195,242451,611.0233,421.9124,1508,1,1,0,0,0.2987,2.056,goal,3221.2,-0.016008,0.444697,-0.869113,0.869199,4.889409,0.979733,0.422554,5.973258,0.403311,0.403131,-0.592067,1.002157,,,,,,,,,,,,,,0,gru
196,243869,596.7307,421.3674,1418,1,1,0,0,0.2974,2.089,goal,3241.0,0.000847,0.427633,-0.832871,0.884937,4.852746,0.999964,0.704661,5.970304,0.412845,0.40523,-0.467894,1.0,0.034122,0.003258,1.752272,0.004418,0.023719,0.131435,0.005317,0.091478,0.0001,,,,,0,gru
197,244999,335.7357,394.8927,1130,0,0,1,0,1.2339,2.033,collision,3255.3,-0.019117,0.455203,-0.875915,0.858602,4.843123,1.008333,0.11058,5.981509,0.4057,0.402048,-0.490321,1.006716,,,,,,,,,,,,,,0,gru
198,246413,595.9539,394.7226,1414,1,1,0,0,0.2998,2.087,goal,3272.9,0.008552,0.423437,-0.856164,0.870211,4.881171,0.986789,0.323499,5.972406,0.418453,0.405558,-0.429399,1.0,,,,,,,,,,,,,,0,gru
199,246541,-32.3414,330.6756,128,0,0,1,0,3.7741,2.008,collision,3274.6,0.231984,0.392377,-0.757855,0.839396,4.522836,1.131703,1.390929,5.907403,0.280618,0.404139,-0.942274,1.0,,,,,,,,,,,,,,0,gru
200,246870,57.3509,340.4622,329,0,0,1,0,3.1573,2.116,collision,3279.9,-0.099678,0.405746,-0.846272,0.792212,4.727011,0.998546,1.245378,5.979081,0.337644,0.371238,-0.358217,1.0,0.02403,0.006089,1.751478,0.004406,0.035391,0.068209,0.009661,0.042546,0.0001,,,,,0,gru
201,248363,608.3319,342.6378,1493,1,1,0,0,0.2973,2.065,goal,3299.7,0.003466,0.439446,-0.884044,0.8631,4.784237,1.01652,0.69688,5.972727,0.403366,0.4033,-0.599966,1.002422,,,,,,,,,,,,,,0,gru
202,249812,593.2542,394.9778,1449,1,1,0,0,0.2978,2.08,goal,3318.6,-0.015366,0.430418,-0.878995,0.874002,4.802005,1.021796,0.39837,5.992301,0.403052,0.402892,-0.594055,1.0,,,,,,,,,,,,,,0,gru
203,251221,593.9325,393.6193,1409,1,1,0,0,0.2993,2.084,goal,3336.4,-0.010798,0.430181,-0.871387,0.860102,4.814579,0.99904,0.660367,5.991323,0.41188,0.404621,-0.495824,1.0,,,,,,,,,,,,,,0,gru
204,252645,598.4836,455.8455,1424,1,1,0,0,0.2996,2.072,goal,3356.9,0.013883,0.435653,-0.85677,0.891268,4.834156,0.989783,0.70558,5.969935,0.416569,0.405257,-0.555302,1.0,-0.015065,0.002029,1.751278,0.004394,0.024109,0.087368,0.008444,0.053618,0.0001,,,,,0,gru
205,254072,600.3292,454.7761,1427,1,1,0,0,0.2994,2.071,goal,3376.1,-0.004854,0.432217,-0.853157,0.8562,4.787995,1.031113,0.72225,5.984117,0.416319,0.404584,-0.481696,1.0,,,,,,,,,,,,,,0,gru
206,255536,596.9267,454.7957,1464,1,1,0,0,0.2995,2.069,goal,3396.1,-0.005602,0.434245,-0.876924,0.87562,4.783214,1.024049,0.434254,5.991112,0.402406,0.402939,-0.602984,1.0,,,,,,,,,,,,,,0,gru
207,256974,599.9706,481.2192,1438,1,1,0,0,0.2989,2.111,goal,3415.5,0.015103,0.415478,-0.866159,0.862998,4.829504,0.976197,0.679149,5.978048,0.417924,0.406544,-0.497703,1.001778,,,,,,,,,,,,,,0,gru
208,258420,604.7591,482.0997,1446,1,1,0,0,0.297,2.077,goal,3437.4,0.005975,0.428457,-0.844513,0.877051,4.794836,1.030835,0.483452,5.957341,0.415136,0.405068,-0.539389,1.0,-0.017709,0.001773,1.751427,0.004382,0.020345,0.090166,0.00996,0.059094,0.0001,,,,,0,gru
209,259868,605.0379,545.8377,1448,1,1,0,0,0.2991,2.077,goal,3457.0,0.005748,0.433512,-0.873293,0.864378,4.782026,1.009577,0.723991,5.988799,0.412425,0.403303,-0.530061,1.0,,,,,,,,,,,,,,0,gru
210,259939,-31.3953,536.9631,71,0,0,1,0,3.8376,2.088,collision,3458.0,-0.0594,0.394418,-0.749105,0.719427,4.218311,1.311222,0.756375,5.90317,0.234366,0.328186,-0.566775,1.0,,,,,,,,,,,,,,0,gru
211,261446,608.2392,536.9538,1507,1,1,0,0,0.299,2.067,goal,3478.8,-0.004832,0.434465,-0.875553,0.84751,4.730729,1.09464,0.13707,5.986586,0.399778,0.402481,-0.644585,1.003756,,,,,,,,,,,,,,0,gru
212,262936,610.6937,538.6977,1490,1,1,0,0,0.2987,2.066,goal,3500.7,0.024551,0.434604,-0.863425,0.887031,4.780588,1.0318,0.586276,5.978239,0.395154,0.400574,-0.608452,1.008268,-0.006079,0.002038,1.751491,0.00437,0.019209,0.150396,0.008494,0.094871,0.0001,,,,,0,gru
213,264394,607.817,540.0862,1458,1,1,0,0,0.2984,2.049,goal,3519.9,-0.00402,0.443531,-0.868411,0.855899,4.829042,1.019665,0.500721,5.970716,0.415149,0.405753,-0.490896,1.0,,,,,,,,,,,,,,0,gru
214,264533,-22.4183,477.996,139,0,0,1,0,3.7981,2.032,collision,3521.7,0.238515,0.399494,-0.748581,0.894372,4.576145,1.003798,1.552547,5.941794,0.297327,0.394632,-0.856996,1.006987,,,,,,,,,,,,,,0,gru
215,266026,608.7487,478.8379,1493,1,1,0,0,0.2979,2.058,goal,3542.0,-0.019939,0.444403,-0.865489,0.870637,4.78586,1.037136,0.525487,5.974439,0.397333,0.400143,-0.620245,1.0,,,,,,,,,,,,,,0,gru
216,267448,597.6872,478.914,1422,1,1,0,0,0.2993,2.074,goal,3562.8,-0.022898,0.435107,-0.888323,0.865088,4.826099,0.986321,1.049469,5.980164,0.411838,0.405401,-0.515155,1.0,0.020674,0.002744,1.751434,0.004358,0.02292,0.103749,0.010511,0.069313,0.0001,,,,,0,gru
217,268923,602.2799,479.1449,1475,1,1,0,0,0.2987,2.058,goal,3582.8,-0.030789,0.441711,-0.855263,0.884202,4.853685,1.000524,0.494632,5.979354,0.39951,0.402149,-0.587797,1.0,,,,,,,,,,,,,,0,gru
218,270352,597.1172,478.3807,1429,1,1,0,0,0.2983,2.097,goal,3602.0,0.010651,0.42559,-0.840984,0.884024,4.915682,0.938266,1.145067,5.986627,0.416048,0.407183,-0.548353,1.0,,,,,,,,,,,,,,0,gru
219,271829,603.6117,478.2381,1477,1,1,0,0,0.2985,2.085,goal,3622.0,-0.012076,0.429916,-0.85491,0.869184,4.831578,1.015244,0.220549,5.978257,0.39078,0.399591,-0.512732,1.000656,,,,,,,,,,,,,,0,gru
220,273300,605.0061,541.8782,1471,1,1,0,0,0.2983,2.064,goal,3644.3,0.027655,0.439099,-0.875834,0.863817,4.851945,0.97738,0.530325,5.988248,0.415193,0.406403,-0.754793,1.0,-0.012647,0.001621,1.75092,0.004346,0.017725,0.121443,0.007141,0.075418,0.0001,,,,,0,gru
221,274764,610.6696,542.1213,1464,1,1,0,0,0.2974,2.088,goal,3663.2,-0.001145,0.426938,-0.870551,0.878653,4.848544,1.007396,0.410133,5.986829,0.41422,0.405553,-0.524729,1.010416,,,,,,,,,,,,,,0,gru
222,276266,609.6831,542.0202,1502,1,1,0,0,0.2997,2.064,goal,3682.4,-0.003366,0.441371,-0.863352,0.876816,4.847165,1.003092,0.720179,5.985982,0.401583,0.402356,-0.600287,1.005887,,,,,,,,,,,,,,0,gru
223,277669,591.7412,540.4126,1403,1,1,0,0,0.2978,2.101,goal,3700.7,0.020117,0.421367,-0.87041,0.872053,4.843093,0.967004,0.695825,5.98538,0.415062,0.403585,-0.51122,1.0,,,,,,,,,,,,,,0,gru
224,278740,314.2801,574.0825,1071,0,0,1,0,1.2863,2.068,collision,3717.2,0.022504,0.43744,-0.839977,0.859534,4.83549,0.988793,0.60938,5.969106,0.41129,0.403948,-0.571223,1.0,0.035427,0.002573,1.749188,0.004334,0.018896,0.096255,0.003788,0.066817,0.0001,,,,,0,gru
225,280196,611.3333,574.3409,1456,1,1,0,0,0.2986,2.08,goal,3736.3,0.004712,0.429743,-0.879378,0.858745,4.810827,0.988503,0.522922,5.984457,0.414029,0.404632,-0.533386,1.00783,,,,,,,,,,,,,,0,gru
226,281629,603.8354,574.9558,1433,1,1,0,0,0.2969,2.085,goal,3754.9,0.003721,0.429077,-0.854407,0.878223,4.821753,0.980908,0.354281,5.983415,0.413556,0.403835,-0.502248,1.0,,,,,,,,,,,,,,0,gru
227,283086,611.8646,575.9142,1457,1,1,0,0,0.2978,2.087,goal,3774.1,-0.007308,0.42404,-0.865471,0.8578,4.819088,1.018654,0.538152,5.981441,0.415356,0.405753,-0.488825,1.010276,,,,,,,,,,,,,,0,gru
228,284529,604.2151,576.624,1443,1,1,0,0,0.2984,2.084,goal,3794.7,0.017624,0.428956,-0.883234,0.861116,4.836646,0.996371,0.491949,5.97393,0.415925,0.406178,-0.468053,1.0,-0.007534,0.001496,1.747648,0.004322,0.016556,0.108613,0.006303,0.063501,0.0001,,,,,0,gru
229,285942,593.3577,575.5986,1413,1,1,0,0,0.2998,2.073,goal,3812.8,0.010857,0.43269,-0.888366,0.877053,4.842061,1.00183,0.859762,5.979988,0.412288,0.404625,-0.551633,1.0,,,,,,,,,,,,,,0,gru
230,287389,608.5504,575.953,1447,1,1,0,0,0.2999,2.074,goal,3830.8,-0.009451,0.430289,-0.871831,0.864694,4.799528,1.017259,0.921063,5.986559,0.412204,0.403432,-0.468406,1.0,,,,,,,,,,,,,,0,gru
231,288835,608.3814,575.7242,1446,1,1,0,0,0.2972,2.077,goal,3849.4,-0.015423,0.429172,-0.880586,0.875859,4.811531,1.060463,0.504697,5.982889,0.414449,0.403489,-0.466517,1.0,,,,,,,,,,,,,,0,gru
232,290294,609.5528,575.7112,1459,1,1,0,0,0.297,2.089,goal,3870.2,0.002938,0.425857,-0.866357,0.869566,4.801744,1.015234,0.634239,5.986324,0.414852,0.406553,-0.48408,1.008313,-0.012038,0.001567,1.745835,0.00431,0.014201,0.084665,0.006039,0.050569,0.0001,,,,,0,gru
233,290383,-31.2309,513.414,89,0,0,1,0,3.8185,2.104,collision,3871.4,0.156794,0.36783,-0.524435,0.823456,4.6883,0.994553,0.537636,5.888011,0.275289,0.379144,-0.730871,1.0,,,,,,,,,,,,,,0,gru
234,291814,598.4753,541.8335,1431,1,1,0,0,0.299,2.074,goal,3889.9,0.037315,0.42928,-0.874019,0.862451,4.856585,1.013361,0.66274,5.980005,0.412845,0.403988,-0.684109,1.0,,,,,,,,,,,,,,0,gru
235,291943,-24.9103,478.2091,129,0,0,1,0,3.8177,2.081,collision,3891.6,0.064523,0.403906,-0.746612,0.86345,4.682361,1.079968,0.308053,5.980118,0.288028,0.380983,-0.743244,1.012585,,,,,,,,,,,,,,0,gru
236,293396,607.9561,478.6212,1453,1,1,0,0,0.2996,2.083,goal,3911.5,-0.005264,0.433155,-0.859331,0.883989,4.884709,0.963552,0.601397,5.974379,0.413551,0.40339,-0.497095,1.001444,0.025254,0.002967,1.744841,0.004298,0.018251,0.144405,0.003083,0.099638,0.0001,,,,,0,gru
237,294834,598.7962,477.3144,1438,1,1,0,0,0.2973,2.092,goal,3930.0,0.029404,0.418486,-0.844914,0.858112,4.869499,1.008596,0.390785,5.991155,0.415233,0.406028,-0.743072,1.0,,,,,,,,,,,,,,0,gru
238,296295,604.1539,477.3083,1461,1,1,0,0,0.2991,2.064,goal,3949.2,0.032424,0.439637,-0.873792,0.856138,4.873124,0.97596,0.645749,5.982157,0.414675,0.407054,-0.660913,1.0,,,,,,,,,,,,,,0,gru
239,297347,309.687,448.9412,1052,0,0,1,0,1.3375,2.066,collision,3962.8,-0.005952,0.440442,-0.88472,0.856137,4.889399,0.971898,0.696205,5.981153,0.407162,0.402182,-0.492807,1.0,,,,,,,,,,,,,,0,gru
240,298781,601.7313,448.2593,1434,1,1,0,0,0.2981,2.098,goal,3983.2,0.003468,0.423603,-0.874516,0.867483,4.903049,0.98585,0.385265,5.981472,0.415093,0.404404,-0.526085,1.0,0.026511,0.002755,1.744124,0.004286,0.018326,0.0907,0.003682,0.058671,0.0001,,,,,0,gru
241,300234,607.8423,448.2054,1453,1,1,0,0,0.2983,2.088,goal,4002.3,0.015905,0.425712,-0.846176,0.872387,4.870518,1.010408,0.887028,5.981288,0.414149,0.403239,-0.479799,1.006773,,,,,,,,,,,,,,0,gru
242,301663,603.0125,447.5513,1429,1,1,0,0,0.2997,2.064,goal,4020.6,-0.028542,0.438945,-0.868183,0.868222,4.921344,0.976928,0.590763,5.977581,0.410969,0.404858,-0.452209,1.0,,,,,,,,,,,,,,0,gru
243,303069,596.2377,510.2982,1406,1,1,0,0,0.2985,2.089,goal,4038.5,-0.018759,0.426491,-0.862192,0.872703,4.96124,0.965176,0.941926,5.985131,0.409918,0.403508,-0.53523,1.0,,,,,,,,,,,,,,0,gru
244,304541,609.2835,511.379,1472,1,1,0,0,0.2982,2.071,goal,4059.2,0.028155,0.439074,-0.883751,0.859215,4.95115,0.95184,0.93738,5.974547,0.41762,0.406241,-0.752699,1.007138,-0.014614,0.00134,1.742935,0.004274,0.015996,0.142384,0.006981,0.095884,0.0001,,,,,0,gru
245,305955,596.9457,573.5646,1414,1,1,0,0,0.2991,2.098,goal,4077.9,0.012947,0.422992,-0.860222,0.866815,4.931086,0.936134,0.974644,5.98762,0.418457,0.40566,-0.460589,1.0,,,,,,,,,,,,,,0,gru
246,307412,609.4807,573.7171,1457,1,1,0,0,0.2994,2.082,goal,4096.4,-0.003848,0.432937,-0.864237,0.84652,4.976989,0.902501,0.819366,5.980506,0.413638,0.405402,-0.529164,1.002465,,,,,,,,,,,,,,0,gru
247,308870,610.6409,574.9016,1458,1,1,0,0,0.2978,2.086,goal,4115.2,0.012297,0.427729,-0.871885,0.872881,4.952089,0.946207,0.823383,5.9897,0.41384,0.404667,-0.516829,1.008959,,,,,,,,,,,,,,0,gru
248,309901,303.8505,544.8712,1031,0,0,1,0,1.2927,2.071,collision,4130.5,0.008048,0.44032,-0.874544,0.845969,5.022941,0.869244,0.990538,5.985058,0.409648,0.402487,-0.525893,1.0,0.030738,0.002927,1.741567,0.004262,0.017027,0.104103,0.003335,0.074984,0.0001,,,,,0,gru
249,311365,598.0312,573.7056,1464,1,1,0,0,0.2979,2.069,goal,4149.9,0.001686,0.436577,-0.87993,0.851452,4.959089,0.960757,0.862787,5.979447,0.402485,0.403139,-0.561449,1.0,,,,,,,,,,,,,,0,gru
250,312808,602.3719,573.7697,1443,1,1,0,0,0.2994,2.073,goal,4168.8,-0.020357,0.437216,-0.887383,0.853836,4.896607,0.965256,0.444525,5.992933,0.408886,0.403615,-0.532314,1.0,,,,,,,,,,,,,,0,gru
251,314228,590.6698,572.0524,1420,1,1,0,0,0.2996,2.099,goal,4187.5,0.017523,0.420584,-0.870012,0.856867,4.967352,0.964047,0.641921,5.997815,0.392859,0.399794,-0.459689,1.0,,,,,,,,,,,,,,0,gru
252,315708,610.8935,572.8405,1480,1,1,0,0,0.2998,2.075,goal,4209.1,0.037461,0.434553,-0.877159,0.872846,4.990245,0.956026,0.766508,5.985731,0.415228,0.405097,-0.725049,1.012037,-0.005845,0.001558,1.740976,0.00425,0.017182,0.10306,0.006354,0.06392,0.0001,,,,,0,gru
253,317140,599.9693,573.2137,1432,1,1,0,0,0.2978,2.078,goal,4228.1,0.028479,0.433861,-0.889291,0.881593,4.989936,0.92215,0.978094,5.984901,0.417931,0.40653,-0.679266,1.0,,,,,,,,,,,,,,0,gru
254,318560,598.8042,572.1658,1420,1,1,0,0,0.2999,2.095,goal,4247.1,0.02111,0.423847,-0.83099,0.876151,4.988544,0.93143,0.632101,5.982053,0.416472,0.405909,-0.473382,1.0,,,,,,,,,,,,,,0,gru
255,319948,589.7448,571.4457,1388,1,1,0,0,0.2992,2.113,goal,4265.7,0.002579,0.418697,-0.870797,0.865216,4.98115,0.861565,1.130834,5.992862,0.417321,0.405025,-0.44179,1.0,,,,,,,,,,,,,,0,gru
256,320010,-35.7399,506.9236,62,0,0,1,0,3.8326,2.057,collision,4268.7,-0.129254,0.406585,-0.826012,0.819784,4.421574,1.118581,1.083655,5.947498,0.24112,0.341334,-0.673531,1.0,0.007994,0.002621,1.739916,0.004238,0.015283,0.138363,0.006103,0.092512,0.0001,,,,,0,gru
257,321431,597.9601,505.6555,1421,1,1,0,0,0.2984,2.1,goal,4287.6,0.016947,0.421416,-0.877542,0.861954,4.98975,0.929973,0.602112,5.980732,0.416544,0.406213,-0.511925,1.0,,,,,,,,,,,,,,0,gru
258,322830,591.9975,534.4702,1399,1,1,0,0,0.2978,2.098,goal,4306.1,0.001311,0.426047,-0.867696,0.874086,4.991785,0.907643,0.702774,5.986108,0.416493,0.406253,-0.52032,1.0,,,,,,,,,,,,,,0,gru
259,324252,597.4091,534.408,1422,1,1,0,0,0.2998,2.088,goal,4325.1,0.023574,0.431884,-0.845738,0.877177,4.978192,0.926274,1.035595,5.987748,0.416682,0.405192,-0.594253,1.0,,,,,,,,,,,,,,0,gru
260,325692,604.4508,534.6159,1440,1,1,0,0,0.298,2.07,goal,4345.4,0.021026,0.439094,-0.86539,0.870417,4.968447,0.916946,0.414681,5.988888,0.414429,0.404051,-0.543632,1.0,0.002683,0.001082,1.739457,0.004226,0.014358,0.155115,0.007379,0.104858,0.0001,,,,,0,gru
261,325775,-34.251,472.1238,83,0,0,1,0,3.8101,2.01,collision,4346.6,0.242071,0.407612,-0.713445,0.873358,4.936116,1.010187,0.96304,5.878481,0.265876,0.381545,-0.805033,1.0,,,,,,,,,,,,,,0,gru
262,327182,592.7286,470.3073,1407,1,1,0,0,0.298,2.103,goal,4365.5,0.014349,0.425264,-0.871082,0.876928,5.017444,0.897383,0.849426,5.983149,0.41708,0.404577,-0.561568,1.0,,,,,,,,,,,,,,0,gru
263,327290,-25.8802,407.7224,108,0,0,1,0,3.8178,2.08,collision,4367.1,0.19283,0.385059,-0.649711,0.812804,5.070137,0.856162,1.829932,5.97144,0.280697,0.377696,-0.729608,1.004964,,,,,,,,,,,,,,0,gru
264,328740,606.6516,408.5071,1450,1,1,0,0,0.2995,2.105,goal,4388.0,0.017242,0.420321,-0.83134,0.872028,5.004798,0.899246,0.38398,5.987919,0.417997,0.405242,-0.47762,1.009148,0.04386,0.002776,1.738778,0.004214,0.017941,0.186242,0.004668,0.123478,0.0001,,,,,0,gru
265,330180,598.5452,409.3872,1440,1,1,0,0,0.2982,2.097,goal,4407.4,0.016044,0.426557,-0.861995,0.863806,4.957006,0.934032,0.978879,5.991132,0.418435,0.406986,-0.698125,1.0,,,,,,,,,,,,,,0,gru
266,331647,602.3557,473.1967,1467,1,1,0,0,0.2999,2.058,goal,4426.8,-0.01288,0.444441,-0.880094,0.871664,4.890791,1.006691,0.792325,5.9824,0.402389,0.401946,-0.58595,1.0,,,,,,,,,,,,,,0,gru
267,331736,-27.8946,410.6113,89,0,0,1,0,3.834,2.113,collision,4428.0,-0.02597,0.408967,-0.810922,0.79256,4.720176,1.036044,1.944339,5.875098,0.260264,0.34764,-0.623467,1.005539,,,,,,,,,,,,,,0,gru
268,333143,591.2375,410.5353,1407,1,1,0,0,0.2985,2.103,goal,4448.3,0.013057,0.423959,-0.879651,0.87181,5.002113,0.893414,1.066104,5.984582,0.416196,0.405522,-0.508417,1.0,0.009466,0.001879,1.738249,0.004202,0.020652,0.206784,0.011593,0.14062,0.0001,,,,,0,gru
269,334559,597.589,410.5533,1416,1,1,0,0,0.2976,2.098,goal,4466.9,-0.012563,0.427271,-0.892894,0.862975,4.967997,0.900764,1.014988,5.982309,0.412365,0.403409,-0.463876,1.0,,,,,,,,,,,,,,0,gru
270,336024,612.8555,411.3937,1465,1,1,0,0,0.3,2.077,goal,4486.5,0.001884,0.436395,-0.862121,0.862295,5.006305,0.897018,0.648347,5.983081,0.41474,0.403476,-0.494393,1.007113,,,,,,,,,,,,,,0,gru
271,337529,609.635,475.7823,1505,1,1,0,0,0.2979,2.059,goal,4506.4,0.020417,0.446774,-0.871426,0.872262,5.014914,0.887296,0.914381,5.978396,0.40669,0.404451,-0.783025,1.00539,,,,,,,,,,,,,,0,gru
272,339014,614.3899,477.9485,1485,1,1,0,0,0.2986,2.047,goal,4527.5,0.0303,0.450775,-0.859436,0.863674,4.960989,0.944136,0.847511,5.99155,0.414527,0.405789,-0.643101,1.001131,-0.016074,0.00153,1.738336,0.00419,0.017096,0.187248,0.01032,0.126614,0.0001,,,,,0,gru
273,340436,598.3278,540.3693,1422,1,1,0,0,0.2978,2.091,goal,4545.6,0.017152,0.424979,-0.87531,0.863985,4.961441,0.968239,0.255545,5.976151,0.416957,0.403752,-0.590352,1.0,,,,,,,,,,,,,,0,gru
274,341863,601.0854,539.8126,1427,1,1,0,0,0.2984,2.084,goal,4563.7,0.015985,0.429808,-0.835684,0.842573,5.009091,0.906817,0.54888,5.986641,0.417916,0.404572,-0.507703,1.0,,,,,,,,,,,,,,0,gru
275,343316,608.9021,540.8483,1453,1,1,0,0,0.2983,2.078,goal,4582.0,-0.016613,0.434514,-0.859038,0.876743,4.97665,0.91246,0.480927,5.983632,0.416233,0.404321,-0.508801,1.0,,,,,,,,,,,,,,0,gru
276,344742,598.438,540.4566,1426,1,1,0,0,0.299,2.083,goal,4603.1,0.006829,0.431003,-0.860312,0.891612,4.994566,0.917889,0.686875,5.993979,0.420252,0.406097,-0.518762,1.0,0.004739,0.001502,1.738325,0.004178,0.014414,0.118104,0.008806,0.074241,0.0001,,,,,0,gru
277,346177,603.7956,603.6256,1435,1,1,0,0,0.2997,2.098,goal,4621.1,-0.020892,0.423461,-0.887694,0.867412,4.956792,0.922653,0.738528,5.978034,0.416297,0.404131,-0.499246,1.0,,,,,,,,,,,,,,0,gru
278,347610,598.2859,604.3304,1433,1,1,0,0,0.2993,2.08,goal,4639.4,0.026757,0.435207,-0.860055,0.866308,4.969074,0.925153,0.452618,5.980211,0.41995,0.406224,-0.637535,1.0,,,,,,,,,,,,,,0,gru
279,349041,603.2418,604.8957,1431,1,1,0,0,0.2985,2.078,goal,4657.9,-0.016054,0.433863,-0.859571,0.873839,4.995138,0.914995,0.325182,5.987711,0.417375,0.404193,-0.476628,1.0,,,,,,,,,,,,,,0,gru
280,350456,596.3079,603.2409,1415,1,1,0,0,0.2999,2.079,goal,4678.5,0.012803,0.43315,-0.875706,0.865009,4.951334,0.922718,0.6067,5.98595,0.417265,0.406293,-0.533069,1.0,-0.015653,0.001423,1.737876,0.004166,0.012372,0.084159,0.004205,0.047553,0.0001,,,,,0,gru
281,351875,598.3039,602.1078,1419,1,1,0,0,0.298,2.101,goal,4696.9,0.009948,0.417532,-0.853443,0.844664,4.944891,0.965276,0.528265,5.990491,0.418921,0.40572,-0.514776,1.0,,,,,,,,,,,,,,0,gru
282,353322,607.7127,601.4401,1447,1,1,0,0,0.2991,2.092,goal,4716.3,0.027919,0.424645,-0.853181,0.870852,4.955113,0.938532,0.590966,5.980401,0.416848,0.404589,-0.477181,1.006462,,,,,,,,,,,,,,0,gru
283,354749,601.6379,601.7711,1427,1,1,0,0,0.2987,2.086,goal,4735.8,-0.007714,0.431908,-0.864152,0.855672,4.906648,0.955979,1.04585,5.968571,0.417245,0.404241,-0.475883,1.0,,,,,,,,,,,,,,0,gru
284,356211,612.0623,602.8688,1462,1,1,0,0,0.299,2.085,goal,4758.2,-0.005032,0.429104,-0.858757,0.846002,4.923412,0.97141,0.774447,5.979664,0.418215,0.406004,-0.490968,1.010208,-0.008989,0.001448,1.737016,0.004154,0.012331,0.086049,0.004569,0.056835,0.0001,,,,,0,gru
285,356273,-33.6513,538.6135,62,0,0,1,0,3.8406,2.042,collision,4759.1,-0.147051,0.445995,-0.866195,0.749167,4.649298,1.007663,1.980715,5.903037,0.223856,0.319471,-0.557216,1.0,,,,,,,,,,,,,,0,gru
286,356324,-38.0036,474.9693,51,0,0,1,0,3.8092,1.906,collision,4759.9,-0.409887,0.337037,-0.885374,0.628653,4.740504,1.066383,1.039164,5.932999,0.230653,0.328029,-0.688893,1.0,,,,,,,,,,,,,,0,gru
287,357798,609.3666,475.5264,1474,1,1,0,0,0.2994,2.069,goal,4779.7,0.037012,0.436059,-0.864003,0.887125,4.929218,0.982319,0.399202,5.984062,0.418208,0.405881,-0.771424,1.009812,,,,,,,,,,,,,,0,gru
288,359223,601.1642,475.8142,1425,1,1,0,0,0.2997,2.094,goal,4799.8,-0.00984,0.420498,-0.850823,0.860249,4.897499,0.989393,0.49378,5.991091,0.414259,0.403238,-0.511499,1.0,0.045008,0.003495,1.736575,0.004142,0.016313,0.083368,0.004841,0.042087,0.0001,,,,,0,gru
289,360646,600.4725,475.5373,1423,1,1,0,0,0.2987,2.094,goal,4818.9,0.015028,0.424588,-0.867018,0.888113,4.919306,0.960403,0.978935,5.982969,0.417909,0.405557,-0.490142,1.0,,,,,,,,,,,,,,0,gru
290,362083,606.6987,476.5764,1437,1,1,0,0,0.2994,2.082,goal,4838.2,-0.001464,0.429519,-0.866407,0.880574,4.942896,0.966462,0.770391,5.984258,0.417574,0.404739,-0.488137,1.0,,,,,,,,,,,,,,0,gru
291,363551,598.3753,476.5835,1468,1,1,0,0,0.2992,2.086,goal,4858.2,-0.019403,0.429967,-0.869234,0.874122,4.954777,0.926733,0.573064,5.990251,0.39496,0.401289,-0.56042,1.0,,,,,,,,,,,,,,0,gru
292,363588,-39.7337,411.8389,37,0,0,1,0,3.8434,2.106,collision,4860.7,-0.12903,0.398753,-0.735134,0.761584,4.730077,1.00833,2.307323,5.938459,0.209542,0.316454,-0.486896,1.0,0.022663,0.001648,1.736058,0.00413,0.014767,0.140912,0.002874,0.094035,0.0001,,,,,0,gru
293,365065,604.7117,412.1463,1477,1,1,0,0,0.3,2.074,goal,4880.8,0.028987,0.436508,-0.844903,0.879177,4.89101,0.969094,0.68538,5.99119,0.415402,0.405886,-0.777,1.003116,,,,,,,,,,,,,,0,gru
294,366485,601.3506,411.0751,1420,1,1,0,0,0.2999,2.092,goal,4899.9,-0.00769,0.423776,-0.885543,0.838152,4.888783,0.984005,0.466295,5.975336,0.41595,0.403572,-0.460767,1.0,,,,,,,,,,,,,,0,gru
295,367905,593.1342,473.7537,1420,1,1,0,0,0.2983,2.081,goal,4919.6,0.027914,0.434851,-0.87636,0.882187,4.945776,0.883512,0.452259,5.966115,0.416124,0.404835,-0.665263,1.0,,,,,,,,,,,,,,0,gru
296,369334,595.408,537.0948,1429,1,1,0,0,0.2993,2.073,goal,4942.5,0.029953,0.432524,-0.846716,0.871047,4.915774,0.981024,0.771942,5.978419,0.418554,0.407052,-0.653779,1.0,-0.005092,0.001414,1.735122,0.004118,0.013536,0.147131,0.003088,0.098301,0.0001,,,,,0,gru
297,370753,598.5425,536.0124,1419,1,1,0,0,0.2983,2.096,goal,4962.4,0.016279,0.417865,-0.881015,0.868265,4.905363,0.993792,0.690577,5.978759,0.416167,0.40397,-0.492592,1.0,,,,,,,,,,,,,,0,gru
298,372156,592.6789,535.1639,1403,1,1,0,0,0.2991,2.082,goal,4981.7,-0.010048,0.433556,-0.877607,0.864235,4.864298,0.98394,0.642232,5.995479,0.412552,0.404701,-0.47524,1.0,,,,,,,,,,,,,,0,gru
299,373578,592.1787,534.3345,1422,1,1,0,0,0.2977,2.082,goal,5001.1,0.0343,0.430282,-0.87797,0.873154,4.908446,0.978527,0.500757,5.970308,0.415269,0.406493,-0.703768,1.0,,,,,,,,,,,,,,0,gru
300,375014,602.2994,533.8946,1436,1,1,0,0,0.2995,2.073,goal,5022.1,-0.01914,0.434331,-0.870921,0.876916,4.895266,0.989618,0.719916,5.986046,0.413215,0.403811,-0.479138,1.0,-0.023502,0.001133,1.733927,0.004106,0.012546,0.137591,0.003432,0.094695,0.0001,,,,,0,gru
301,376474,601.4159,534.1986,1460,1,1,0,0,0.2997,2.066,goal,5041.6,0.030304,0.438395,-0.856199,0.874838,4.904448,0.991443,0.401814,5.990651,0.415628,0.406072,-0.781269,1.0,,,,,,,,,,,,,,0,gru
302,377868,590.6128,597.2333,1394,1,1,0,0,0.299,2.105,goal,5060.2,0.004885,0.417181,-0.859672,0.87131,4.849312,0.982511,0.514849,5.980786,0.417746,0.404703,-0.474158,1.0,,,,,,,,,,,,,,0,gru
303,379297,598.535,596.6156,1429,1,1,0,0,0.2989,2.101,goal,5079.6,0.024606,0.417987,-0.881547,0.858849,4.882437,0.994234,0.447693,5.984007,0.417001,0.404237,-0.648122,1.0,,,,,,,,,,,,,,0,gru
304,380720,602.2539,596.7059,1423,1,1,0,0,0.2997,2.08,goal,5100.7,-0.006266,0.429537,-0.870706,0.862113,4.853274,1.010846,0.352089,5.981713,0.414116,0.403166,-0.448033,1.0,-0.004766,0.00145,1.733502,0.004094,0.011707,0.165842,0.002806,0.112279,0.0001,,,,,0,gru
305,382155,605.5048,597.943,1435,1,1,0,0,0.2979,2.1,goal,5120.0,0.016154,0.424147,-0.876269,0.8685,4.87032,0.961449,0.388229,5.976934,0.417798,0.403987,-0.448822,1.002916,,,,,,,,,,,,,,0,gru
306,383591,603.0,598.7022,1436,1,1,0,0,0.2982,2.093,goal,5139.4,0.018552,0.420838,-0.878937,0.85504,4.909043,0.976833,0.738202,5.975837,0.415963,0.403116,-0.585331,1.00001,,,,,,,,,,,,,,0,gru
307,385039,607.1411,599.5621,1448,1,1,0,0,0.2998,2.096,goal,5158.8,0.006371,0.423238,-0.862869,0.862783,4.897607,0.968696,0.735219,5.984017,0.416302,0.403312,-0.506824,1.007863,,,,,,,,,,,,,,0,gru
308,386453,593.2055,599.6147,1414,1,1,0,0,0.2989,2.093,goal,5179.9,0.012775,0.42358,-0.881432,0.84286,4.872519,0.981031,0.523123,5.982768,0.417428,0.404948,-0.496223,1.0,-0.001141,0.001181,1.733192,0.004082,0.0102,0.16015,0.001786,0.110207,0.0001,,,,,0,gru
309,387890,607.1397,601.1108,1437,1,1,0,0,0.2975,2.104,goal,5199.6,0.006118,0.414249,-0.858541,0.86398,4.817939,1.017868,0.636501,5.97962,0.416914,0.402855,-0.477846,1.008472,,,,,,,,,,,,,,0,gru
310,389324,603.5602,601.2369,1434,1,1,0,0,0.2992,2.096,goal,5219.4,0.018585,0.422877,-0.846599,0.876653,4.864039,0.942393,0.80546,5.980992,0.419677,0.404608,-0.499986,1.0,,,,,,,,,,,,,,0,gru
311,390765,607.2469,601.82,1441,1,1,0,0,0.2982,2.079,goal,5238.8,-0.013161,0.430368,-0.870899,0.867562,4.858653,1.010645,0.500227,5.978044,0.416639,0.404444,-0.43998,1.0,,,,,,,,,,,,,,0,gru
312,392219,601.3955,602.8983,1454,1,1,0,0,0.2978,2.102,goal,5259.3,0.032037,0.415637,-0.874582,0.861393,4.853545,0.994768,0.582551,5.986364,0.417621,0.404338,-0.749783,1.007094,-0.015986,0.001298,1.732746,0.00407,0.01403,0.117359,0.007216,0.07912,0.0001,,,,,0,gru
313,393659,606.5099,603.6958,1440,1,1,0,0,0.2984,2.099,goal,5279.1,0.010453,0.418832,-0.851732,0.854128,4.84635,0.987871,0.739553,5.98293,0.416313,0.403256,-0.482115,1.006956,,,,,,,,,,,,,,0,gru
314,395065,595.8526,603.0556,1406,1,1,0,0,0.2982,2.089,goal,5297.9,-0.007945,0.427311,-0.87613,0.873811,4.817719,1.022107,0.807155,5.983654,0.414829,0.402963,-0.438397,1.0,,,,,,,,,,,,,,0,gru
315,396515,605.7012,603.0753,1450,1,1,0,0,0.2984,2.088,goal,5316.8,0.025192,0.426895,-0.872621,0.886673,4.874543,0.976064,0.701061,5.963597,0.418078,0.404221,-0.607098,1.001738,,,,,,,,,,,,,,0,gru
316,397911,593.5011,602.1254,1396,1,1,0,0,0.2972,2.098,goal,5338.5,-0.008332,0.422066,-0.872488,0.888265,4.867471,0.991815,0.612191,5.979158,0.417904,0.403981,-0.439301,1.0,-0.031499,0.001279,1.732438,0.004058,0.011264,0.078554,0.005155,0.04961,0.0001,,,,,0,gru
317,399360,609.9068,602.4019,1449,1,1,0,0,0.2971,2.077,goal,5358.5,-0.018884,0.432575,-0.883562,0.859758,4.8789,0.978072,0.556767,5.974959,0.413141,0.401777,-0.453126,1.0,,,,,,,,,,,,,,0,gru
318,400762,593.8067,602.4621,1402,1,1,0,0,0.2979,2.099,goal,5377.8,-0.003629,0.422618,-0.858756,0.871984,4.909186,0.958224,0.612241,5.980742,0.417892,0.404426,-0.493665,1.0,,,,,,,,,,,,,,0,gru
319,402198,605.0277,602.2509,1436,1,1,0,0,0.2975,2.101,goal,5397.5,0.006333,0.423433,-0.843927,0.884638,4.893642,0.930602,1.074934,5.98443,0.417142,0.403205,-0.495792,1.002646,,,,,,,,,,,,,,0,gru
320,403613,596.4146,601.5363,1415,1,1,0,0,0.2995,2.086,goal,5419.6,0.011881,0.427656,-0.858876,0.861575,4.865377,0.984678,0.358872,5.984595,0.417752,0.403665,-0.455861,1.0,-0.018509,0.001276,1.732179,0.004046,0.012091,0.099873,0.001609,0.061359,0.0001,,,,,0,gru
321,405032,593.8042,600.192,1419,1,1,0,0,0.2979,2.081,goal,5438.9,0.02668,0.433447,-0.878618,0.885138,4.8658,1.000714,0.724565,5.988654,0.421055,0.405293,-0.65513,1.0,,,,,,,,,,,,,,0,gru
322,405057,-42.9468,535.7578,25,0,0,1,0,3.8397,1.949,collision,5439.3,-0.412916,0.322019,-0.81789,0.290424,4.881308,0.864279,3.162234,5.824836,0.256451,0.354672,-0.450555,1.0,,,,,,,,,,,,,,0,gru
323,405086,-42.6457,470.8422,29,0,0,1,0,3.841,2.131,collision,5439.8,-0.277204,0.283884,-0.695732,0.323353,4.46606,1.193642,2.129157,5.962993,0.206722,0.318314,-0.585982,1.0,,,,,,,,,,,,,,0,gru
324,406508,601.0709,471.3641,1422,1,1,0,0,0.2993,2.082,goal,5460.3,-0.003578,0.431071,-0.88998,0.875556,4.859448,0.971399,0.831144,5.974997,0.413875,0.403323,-0.484665,1.0,0.062431,0.002745,1.732315,0.004034,0.015565,0.071659,0.003079,0.043965,0.0001,,,,,0,gru
325,407917,587.2295,469.5169,1409,1,1,0,0,0.2999,2.098,goal,5479.9,0.041586,0.422223,-0.843023,0.886105,4.927093,0.935609,0.555557,5.979803,0.420233,0.404934,-0.764259,1.0,,,,,,,,,,,,,,0,gru
326,409350,601.5031,470.3171,1433,1,1,0,0,0.2985,2.097,goal,5499.5,0.023988,0.419889,-0.871798,0.881371,4.859779,0.987529,0.230896,5.976904,0.418989,0.404343,-0.657938,1.000117,,,,,,,,,,,,,,0,gru
327,410781,603.1967,469.6461,1431,1,1,0,0,0.2983,2.104,goal,5518.6,0.003242,0.417694,-0.856481,0.832206,4.87326,0.980373,0.818232,5.985711,0.418181,0.403489,-0.499674,1.0,,,,,,,,,,,,,,0,gru
328,410819,-38.2309,406.4423,38,0,0,1,0,3.8422,2.019,collision,5520.8,-0.350709,0.324671,-0.838245,0.446106,4.720723,0.931786,2.612898,5.903876,0.271962,0.354726,-0.367962,1.0,0.031446,0.00361,1.732458,0.004022,0.011569,0.059685,0.002605,0.037433,0.0001,,,,,0,gru
329,412233,594.8302,405.4226,1414,1,1,0,0,0.298,2.1,goal,5540.1,0.016254,0.421929,-0.832163,0.871411,4.889059,0.95529,0.665554,5.983174,0.417285,0.403132,-0.554596,1.0,,,,,,,,,,,,,,0,gru
330,413656,591.2414,404.9052,1423,1,1,0,0,0.2998,2.081,goal,5559.8,0.035547,0.42849,-0.8723,0.875312,4.839012,1.019428,0.364899,5.98142,0.417547,0.405537,-0.752553,1.0,,,,,,,,,,,,,,0,gru
331,415103,607.9405,406.3189,1447,1,1,0,0,0.2983,2.082,goal,5578.8,0.00054,0.42958,-0.870148,0.871416,4.846113,1.027694,0.692889,5.989779,0.412898,0.402533,-0.460429,1.00024,,,,,,,,,,,,,,0,gru
332,415179,-34.5169,407.1619,76,0,0,1,0,3.8193,2.096,collision,5581.6,0.09941,0.388483,-0.713763,0.803118,4.863851,1.05808,0.325585,5.94857,0.270476,0.380057,-0.735628,1.0,0.007399,0.001783,1.732123,0.00401,0.014464,0.130786,0.005393,0.083995,0.0001,,,,,0,gru
333,416617,606.0979,472.0362,1438,1,1,0,0,0.298,2.104,goal,5600.9,-0.008263,0.414126,-0.856669,0.875847,4.796607,1.005349,0.537491,5.968704,0.417177,0.403874,-0.433625,1.00421,,,,,,,,,,,,,,0,gru
334,418045,598.8422,471.8134,1428,1,1,0,0,0.2984,2.116,goal,5620.1,0.011086,0.411954,-0.870896,0.871934,4.833271,1.000706,1.112124,5.973138,0.418005,0.405024,-0.531433,1.0,,,,,,,,,,,,,,0,gru
335,419455,590.795,472.1699,1410,1,1,0,0,0.2975,2.093,goal,5638.8,0.027173,0.421196,-0.858919,0.876028,4.825511,1.005774,0.849597,5.971458,0.420117,0.404917,-0.703786,1.0,,,,,,,,,,,,,,0,gru
336,420882,602.3903,472.2586,1427,1,1,0,0,0.2995,2.094,goal,5660.0,-0.003141,0.42511,-0.85371,0.871214,4.817922,1.009605,0.485413,5.988265,0.417152,0.403279,-0.462424,1.0,-0.019617,0.001648,1.731661,0.003998,0.013621,0.124397,0.007354,0.080853,0.0001,,,,,0,gru
337,422294,596.7087,471.6098,1412,1,1,0,0,0.298,2.085,goal,5678.9,0.000465,0.428497,-0.856651,0.867986,4.869469,0.997817,0.54407,5.96572,0.418056,0.404074,-0.522855,1.0,,,,,,,,,,,,,,0,gru
338,423736,606.5885,536.0918,1442,1,1,0,0,0.2997,2.082,goal,5698.0,-0.007914,0.427404,-0.867955,0.867115,4.81661,1.025006,0.447269,5.985671,0.413571,0.402943,-0.473759,1.0,,,,,,,,,,,,,,0,gru
339,425195,611.5627,537.765,1459,1,1,0,0,0.2998,2.082,goal,5717.1,-0.011833,0.42848,-0.876294,0.867164,4.826302,1.001547,0.585842,5.977742,0.413767,0.402647,-0.476976,1.007517,,,,,,,,,,,,,,0,gru
340,426588,591.4248,537.7834,1393,1,1,0,0,0.2989,2.124,goal,5737.3,0.003655,0.406245,-0.844293,0.857152,4.841476,0.98315,1.153351,5.977644,0.416684,0.403718,-0.502759,1.0,-0.033967,0.001994,1.732239,0.003986,0.015736,0.095234,0.007257,0.058384,0.0001,,,,,0,gru
341,428033,601.7481,537.1641,1445,1,1,0,0,0.2978,2.077,goal,5756.3,0.019373,0.430806,-0.854777,0.880376,4.864316,1.030624,0.355773,5.97518,0.421347,0.405699,-0.725233,1.0,,,,,,,,,,,,,,0,gru
342,429427,588.2546,599.4413,1394,1,1,0,0,0.2993,2.098,goal,5774.3,0.016401,0.424926,-0.865972,0.829958,4.946104,0.914377,1.16825,5.984758,0.419627,0.404712,-0.599526,1.0,,,,,,,,,,,,,,0,gru
343,430859,603.8807,599.2195,1432,1,1,0,0,0.299,2.089,goal,5792.6,0.002278,0.425753,-0.870833,0.846402,4.868484,0.990347,0.544303,5.97441,0.4185,0.404855,-0.458153,1.0,,,,,,,,,,,,,,0,gru
344,432265,590.1394,598.3493,1406,1,1,0,0,0.299,2.087,goal,5814.0,0.023482,0.427887,-0.868927,0.857674,4.949692,0.89887,0.648217,5.973051,0.416538,0.402646,-0.660237,1.0,-0.005407,0.001435,1.733199,0.003974,0.015158,0.139027,0.012388,0.089882,0.0001,,,,,0,gru
345,433685,600.7687,599.3466,1420,1,1,0,0,0.2985,2.081,goal,5832.3,-0.003909,0.431325,-0.8875,0.885283,4.91934,0.920498,0.78502,5.961227,0.413367,0.402601,-0.424916,1.0,,,,,,,,,,,,,,0,gru
346,435105,598.7575,598.9834,1420,1,1,0,0,0.2985,2.089,goal,5850.8,0.01548,0.42692,-0.884227,0.854907,4.858957,0.966936,0.632875,5.989808,0.416927,0.404001,-0.477948,1.0,,,,,,,,,,,,,,0,gru
347,436544,605.3125,599.8437,1439,1,1,0,0,0.2977,2.086,goal,5870.0,0.007803,0.426758,-0.868682,0.871446,4.900296,0.962322,0.764503,5.982715,0.418732,0.404866,-0.492761,1.0,,,,,,,,,,,,,,0,gru
348,436600,-40.0362,535.1813,56,0,0,1,0,3.8114,2.075,collision,5872.2,0.230769,0.370797,-0.694029,0.845813,4.931844,0.955709,1.774203,5.941053,0.257571,0.383472,-0.804642,1.0,-0.003128,0.001546,1.732916,0.003962,0.014288,0.166486,0.007259,0.11642,0.0001,,,,,0,gru
349,437994,590.3764,533.0626,1394,1,1,0,0,0.2992,2.091,goal,5890.3,-0.00891,0.427568,-0.862078,0.864505,4.879893,0.984999,0.94796,5.985004,0.41751,0.404338,-0.442214,1.0,,,,,,,,,,,,,,0,gru
350,439376,587.37,532.6572,1382,1,1,0,0,0.2986,2.108,goal,5908.0,0.014192,0.416695,-0.829738,0.882649,4.89202,0.954951,0.514957,5.986839,0.417068,0.404229,-0.479951,1.0,,,,,,,,,,,,,,0,gru
351,440796,600.999,532.5823,1420,1,1,0,0,0.2972,2.1,goal,5926.0,-0.013831,0.423231,-0.845278,0.869904,4.874163,0.983648,0.929293,5.983177,0.414367,0.402893,-0.4661,1.0,,,,,,,,,,,,,,0,gru
352,440838,-39.3347,469.8233,42,0,0,1,0,3.8378,2.093,collision,5928.0,-0.066366,0.383296,-0.759486,0.717335,4.531167,1.260861,1.643809,5.939016,0.21006,0.318901,-0.572814,1.0,0.007102,0.002618,1.732449,0.00395,0.012621,0.182142,0.007481,0.119175,0.0001,,,,,0,gru
353,442283,602.065,469.6418,1445,1,1,0,0,0.2999,2.097,goal,5946.6,0.016137,0.421268,-0.879112,0.850937,4.871212,0.980729,0.910437,5.980329,0.421617,0.405599,-0.678027,1.001956,,,,,,,,,,,,,,0,gru
354,443719,604.846,471.1124,1436,1,1,0,0,0.2986,2.093,goal,5964.9,0.004771,0.419482,-0.876188,0.857108,4.833222,1.012536,0.495478,5.970937,0.416534,0.402917,-0.448334,1.0,,,,,,,,,,,,,,0,gru
355,445186,604.6903,471.5046,1467,1,1,0,0,0.2998,2.077,goal,5984.1,-0.003026,0.430802,-0.861968,0.854319,4.844116,1.027446,0.716396,5.978846,0.404766,0.402616,-0.550729,1.0,,,,,,,,,,,,,,0,gru
356,446601,599.5006,471.5789,1415,1,1,0,0,0.2995,2.093,goal,6004.6,-0.004892,0.426032,-0.868938,0.880027,4.898415,0.962729,0.544969,5.990884,0.417151,0.403493,-0.462976,1.0,-0.00376,0.001387,1.732263,0.003938,0.013476,0.135266,0.005265,0.080741,0.0001,,,,,0,gru
357,446689,-31.1852,407.9291,88,0,0,1,0,3.8203,2.059,collision,6005.8,0.19891,0.400881,-0.771225,0.826885,4.600627,1.082256,1.28404,5.90563,0.274237,0.379494,-0.728353,1.0,,,,,,,,,,,,,,0,gru
358,448133,606.3887,472.5716,1444,1,1,0,0,0.299,2.089,goal,6024.6,0.021691,0.422516,-0.869547,0.864358,4.812704,1.035155,0.331173,5.982807,0.416907,0.403475,-0.492744,1.001779,,,,,,,,,,,,,,0,gru
359,449570,605.1875,474.0527,1437,1,1,0,0,0.2985,2.066,goal,6043.4,0.00724,0.438911,-0.84261,0.85542,4.86199,0.969225,0.521931,5.985384,0.411596,0.402125,-0.482867,1.0,,,,,,,,,,,,,,0,gru
360,450997,601.1966,475.4354,1427,1,1,0,0,0.2992,2.084,goal,6063.8,0.016767,0.428365,-0.85488,0.864238,4.865905,0.970016,0.996724,5.984798,0.419711,0.404926,-0.491843,1.0,0.023393,0.002633,1.732093,0.003926,0.015118,0.129664,0.005039,0.081495,0.0001,,,,,0,gru
361,452408,596.4204,474.9775,1411,1,1,0,0,0.2999,2.085,goal,6082.3,0.018816,0.427502,-0.862792,0.868963,4.806952,0.979131,0.364652,5.975749,0.418287,0.404233,-0.479514,1.0,,,,,,,,,,,,,,0,gru
362,453814,596.323,538.5433,1406,1,1,0,0,0.2997,2.079,goal,6100.6,-0.011909,0.427694,-0.870224,0.870176,4.737287,1.086259,0.351359,5.981003,0.416734,0.403426,-0.443215,1.0,,,,,,,,,,,,,,0,gru
363,455237,601.7373,538.5105,1423,1,1,0,0,0.2981,2.105,goal,6119.0,0.01643,0.414428,-0.845491,0.870921,4.84468,0.990046,0.813152,5.986316,0.417904,0.403601,-0.442089,1.0,,,,,,,,,,,,,,0,gru
364,455289,-35.389,474.487,52,0,0,1,0,3.8162,1.951,collision,6121.4,-0.37349,0.346756,-0.866573,0.443326,4.426517,0.99697,2.162582,5.84489,0.254108,0.341277,-0.555044,1.0,-0.034069,0.003074,1.73179,0.003914,0.017963,0.207199,0.008454,0.144542,0.0001,,,,,0,gru
365,456711,599.1977,473.9377,1422,1,1,0,0,0.2972,2.081,goal,6139.9,0.000368,0.424979,-0.869136,0.876156,4.787301,1.035742,0.646988,5.979569,0.417735,0.404085,-0.466129,1.0,,,,,,,,,,,,,,0,gru
366,458129,599.0221,473.8899,1418,1,1,0,0,0.2995,2.092,goal,6158.3,0.009555,0.423843,-0.86226,0.872817,4.779353,1.01825,0.789382,5.967516,0.420256,0.404047,-0.439621,1.0,,,,,,,,,,,,,,0,gru
367,459569,605.091,537.5175,1440,1,1,0,0,0.2997,2.109,goal,6177.2,0.021821,0.414587,-0.878117,0.864582,4.861162,0.973791,0.646909,5.966066,0.417294,0.403202,-0.538586,1.010438,,,,,,,,,,,,,,0,gru
368,461000,597.446,536.6233,1431,1,1,0,0,0.2971,2.086,goal,6197.7,0.025819,0.424891,-0.868077,0.880254,4.835948,1.020734,0.530422,5.982876,0.420891,0.405143,-0.674773,1.0,-0.008284,0.001246,1.732287,0.003902,0.013165,0.144908,0.008909,0.102203,0.0001,,,,,0,gru
369,462411,595.9373,535.6982,1411,1,1,0,0,0.2999,2.102,goal,6216.1,-0.004563,0.41347,-0.859716,0.868843,4.873332,1.004574,0.208451,5.987967,0.418653,0.404343,-0.530386,1.0,,,,,,,,,,,,,,0,gru
370,462491,-34.4036,472.1382,80,0,0,1,0,3.8139,2.061,collision,6217.2,0.234985,0.375365,-0.747559,0.861525,4.818357,1.025194,1.154727,5.901391,0.267638,0.381117,-0.784818,1.0,,,,,,,,,,,,,,0,gru
371,463945,611.0017,473.5963,1454,1,1,0,0,0.3,2.075,goal,6236.1,-0.002734,0.428289,-0.86309,0.882816,4.841013,1.028726,0.615065,5.990291,0.413384,0.402486,-0.461461,1.003641,,,,,,,,,,,,,,0,gru
372,465328,586.6002,472.6241,1383,1,1,0,0,0.2984,2.11,goal,6256.6,0.015704,0.415467,-0.885813,0.871728,4.848273,0.979002,0.879353,5.971395,0.419142,0.404606,-0.473597,1.0,0.00516,0.001774,1.732422,0.00389,0.01564,0.122355,0.010647,0.073993,0.0001,,,,,0,gru
373,466722,590.9248,471.5428,1394,1,1,0,0,0.2997,2.094,goal,6274.9,0.018417,0.420491,-0.892288,0.846642,4.783758,1.007713,0.622927,5.981634,0.421265,0.404959,-0.458994,1.0,,,,,,,,,,,,,,0,gru
374,468138,597.617,534.8434,1416,1,1,0,0,0.2979,2.1,goal,6293.8,0.021722,0.415267,-0.863021,0.872141,4.797068,1.023584,0.405522,5.972038,0.419184,0.4043,-0.45312,1.0,,,,,,,,,,,,,,0,gru
375,469536,590.6335,533.987,1398,1,1,0,0,0.2995,2.108,goal,6312.0,0.016133,0.41607,-0.879275,0.875739,4.845421,0.985649,0.489962,5.978016,0.418505,0.404648,-0.504797,1.0,,,,,,,,,,,,,,0,gru
376,470946,593.0703,533.3918,1410,1,1,0,0,0.2993,2.087,goal,6332.3,0.015897,0.42406,-0.879138,0.876687,4.813635,1.059091,0.54787,5.986131,0.422118,0.405439,-0.576732,1.0,-0.007469,0.001811,1.73292,0.003878,0.01318,0.139508,0.0098,0.092477,0.0001,,,,,0,gru
377,472363,597.5431,532.637,1417,1,1,0,0,0.2984,2.109,goal,6351.1,0.022508,0.414963,-0.88479,0.877896,4.890449,0.96273,0.646566,5.972266,0.417901,0.404156,-0.508034,1.0,,,,,,,,,,,,,,0,gru
378,473779,596.7348,532.5659,1416,1,1,0,0,0.2981,2.098,goal,6370.2,0.005517,0.420334,-0.848243,0.864049,4.805452,1.030581,0.678478,5.985641,0.419289,0.404666,-0.514883,1.0,,,,,,,,,,,,,,0,gru
379,475208,605.3278,533.505,1429,1,1,0,0,0.2979,2.099,goal,6388.6,0.00833,0.420736,-0.889123,0.877919,4.869177,0.966947,0.715798,5.976418,0.414797,0.403069,-0.449898,1.001715,,,,,,,,,,,,,,0,gru
380,476592,588.9118,595.8365,1384,1,1,0,0,0.2974,2.106,goal,6408.6,0.005129,0.415824,-0.86929,0.851117,4.889992,0.97026,1.014801,5.98676,0.418444,0.404076,-0.444611,1.0,-0.007134,0.001604,1.733916,0.003866,0.012024,0.092344,0.008431,0.058704,0.0001,,,,,0,gru
381,478013,602.9714,595.0335,1421,1,1,0,0,0.2981,2.08,goal,6427.2,0.025109,0.426717,-0.882265,0.880082,4.815573,1.038481,0.445692,5.991808,0.415697,0.402132,-0.422879,1.0,,,,,,,,,,,,,,0,gru
382,479434,592.5408,595.6275,1421,1,1,0,0,0.2985,2.105,goal,6446.0,0.042624,0.412882,-0.860096,0.873047,4.876966,1.010173,0.650188,5.980689,0.418228,0.405613,-0.721203,1.0,,,,,,,,,,,,,,0,gru
383,480880,610.1688,597.5519,1446,1,1,0,0,0.2978,2.091,goal,6465.1,-0.010698,0.425642,-0.8756,0.847517,4.866828,0.972674,0.844948,5.990295,0.414063,0.401871,-0.481981,1.006477,,,,,,,,,,,,,,0,gru
384,482303,600.6122,597.8515,1423,1,1,0,0,0.2988,2.092,goal,6484.9,0.004294,0.424741,-0.873064,0.856156,4.880857,0.985346,0.708913,5.98308,0.418191,0.403843,-0.453812,1.0,-0.017107,0.001268,1.733836,0.003854,0.01118,0.0916,0.006794,0.059933,0.0001,,,,,0,gru
385,483698,593.2767,598.1158,1395,1,1,0,0,0.2972,2.091,goal,6503.8,0.005486,0.426707,-0.865648,0.862697,4.824686,1.002992,0.686216,5.981322,0.416546,0.402737,-0.472167,1.0,,,,,,,,,,,,,,0,gru
386,485116,599.1906,598.7278,1418,1,1,0,0,0.2979,2.079,goal,6523.4,0.000715,0.42932,-0.861389,0.865983,4.817125,1.035328,0.532142,5.980211,0.41602,0.40373,-0.43631,1.0,,,,,,,,,,,,,,0,gru
387,486508,591.3541,598.1089,1392,1,1,0,0,0.2997,2.091,goal,6542.4,0.015241,0.421597,-0.8642,0.861868,4.82725,1.050572,0.670226,5.987728,0.418538,0.403995,-0.445872,1.0,,,,,,,,,,,,,,0,gru
388,486561,-37.4748,534.6879,53,0,0,1,0,3.8351,2.037,collision,6544.8,-0.134835,0.427572,-0.826622,0.683204,4.539802,1.046836,1.558537,5.862083,0.226727,0.331335,-0.640943,1.0,0.013002,0.00188,1.733191,0.003842,0.011721,0.08743,0.006122,0.053791,0.0001,,,,,0,gru
389,486603,-41.5486,470.0003,42,0,0,1,0,3.8208,2.112,collision,6545.5,0.17837,0.38778,-0.520992,0.829827,5.02878,0.756116,2.174584,5.963748,0.258284,0.381515,-0.722793,1.0,,,,,,,,,,,,,,0,gru
390,488017,599.5924,471.0684,1414,1,1,0,0,0.2979,2.093,goal,6565.1,0.000222,0.422128,-0.877496,0.85322,4.832156,1.001067,0.675363,5.970169,0.412644,0.402981,-0.460567,1.0,,,,,,,,,,,,,,0,gru
391,489425,596.0003,470.3712,1408,1,1,0,0,0.2982,2.087,goal,6584.6,0.011056,0.424128,-0.844238,0.866962,4.788465,1.019353,0.277092,5.983285,0.418813,0.404185,-0.453906,1.0,,,,,,,,,,,,,,0,gru
392,490833,589.1486,470.032,1408,1,1,0,0,0.299,2.09,goal,6605.9,0.035621,0.423683,-0.848026,0.870705,4.837163,0.98559,0.245881,5.979108,0.420554,0.404738,-0.752047,1.0,0.02628,0.001783,1.732529,0.00383,0.012282,0.145926,0.00452,0.098507,0.0001,,,,,0,gru
393,490904,-35.3744,405.4777,71,0,0,1,0,3.8202,2.127,collision,6606.9,0.099558,0.405042,-0.711192,0.825027,4.901761,0.875941,2.149461,5.959064,0.26905,0.380523,-0.74487,1.0,,,,,,,,,,,,,,0,gru
394,492303,596.3109,405.0476,1399,1,1,0,0,0.2974,2.086,goal,6625.5,0.004069,0.430727,-0.863758,0.878778,4.862748,0.948783,0.4266,5.971203,0.414757,0.403212,-0.43462,1.0,,,,,,,,,,,,,,0,gru
395,493734,599.5646,405.6764,1431,1,1,0,0,0.2975,2.08,goal,6645.6,0.031511,0.430271,-0.868522,0.875461,4.870689,0.986187,0.392344,5.977087,0.417119,0.40396,-0.705581,1.0,,,,,,,,,,,,,,0,gru
396,495145,597.0254,405.4598,1411,1,1,0,0,0.297,2.071,goal,6666.9,-0.010272,0.433044,-0.837713,0.841453,4.783638,1.018238,0.830476,5.98023,0.414889,0.403933,-0.43699,1.0,-0.00406,0.002268,1.731444,0.003818,0.015805,0.222873,0.009667,0.159001,0.0001,,,,,0,gru
397,496571,602.4174,406.5662,1426,1,1,0,0,0.2995,2.097,goal,6686.8,-0.003478,0.42601,-0.872955,0.872698,4.909688,0.944841,0.652222,5.98301,0.41616,0.404013,-0.463419,1.0,,,,,,,,,,,,,,0,gru
398,497977,598.0573,470.1194,1406,1,1,0,0,0.2997,2.105,goal,6706.0,0.004265,0.418734,-0.827373,0.886374,4.896763,0.955419,1.028788,5.983441,0.415267,0.403293,-0.419351,1.0,,,,,,,,,,,,,,0,gru
399,498037,-39.2594,470.3483,60,0,0,1,0,3.8067,2.077,collision,6706.9,0.253257,0.347277,-0.600098,0.851783,5.00212,1.003953,0.787001,5.951892,0.255856,0.383583,-0.823482,1.0,,,,,,,,,,,,,,0,gru
400,499453,600.1048,470.3996,1416,1,1,0,0,0.298,2.087,goal,6728.5,0.001365,0.428624,-0.862586,0.869161,4.838129,1.005164,0.660963,5.980892,0.413606,0.403463,-0.486383,1.0,-0.005593,0.002525,1.730209,0.003806,0.012703,0.24231,0.003045,0.174113,0.0001,,,,,0,gru
401,500898,607.8191,471.5814,1445,1,1,0,0,0.2972,2.094,goal,6748.8,0.010135,0.422673,-0.871264,0.876904,4.833949,1.011791,1.076713,5.991147,0.415514,0.40299,-0.51018,1.006963,,,,,,,,,,,,,,0,gru
402,502309,599.3241,472.599,1411,1,1,0,0,0.2974,2.099,goal,6768.9,0.013822,0.414557,-0.853891,0.869623,4.827242,1.043357,0.452568,5.982914,0.414612,0.403511,-0.413033,1.0,,,,,,,,,,,,,,0,gru
403,503743,605.4898,536.6854,1434,1,1,0,0,0.2976,2.094,goal,6788.4,0.008458,0.418699,-0.856806,0.866042,4.778474,1.06603,0.351048,5.990939,0.411871,0.402404,-0.445251,1.0,,,,,,,,,,,,,,0,gru
404,505193,610.6496,538.1193,1450,1,1,0,0,0.2997,2.079,goal,6810.6,-0.018194,0.432336,-0.85534,0.830397,4.810491,1.022621,0.298927,5.978259,0.414289,0.403133,-0.421224,1.002432,-0.019932,0.001781,1.729036,0.003794,0.012115,0.102083,0.001984,0.066168,0.0001,,,,,0,gru
405,506628,599.7633,538.1391,1435,1,1,0,0,0.2996,2.075,goal,6830.5,0.030639,0.433591,-0.854184,0.879137,4.793563,1.021283,0.703995,5.991772,0.415537,0.403234,-0.762356,1.0,,,,,,,,,,,,,,0,gru
406,508029,595.4146,537.9781,1401,1,1,0,0,0.2974,2.092,goal,6849.9,0.0011,0.424081,-0.89217,0.863474,4.771072,1.018999,0.58865,5.972142,0.414031,0.403368,-0.462318,1.0,,,,,,,,,,,,,,0,gru
407,509431,594.9722,537.2335,1402,1,1,0,0,0.2999,2.082,goal,6869.4,-0.021953,0.427561,-0.881262,0.862851,4.803452,1.016813,0.686028,5.975103,0.411565,0.403183,-0.574577,1.0,,,,,,,,,,,,,,0,gru
408,509501,-27.834,474.6444,70,0,0,1,0,3.8403,1.951,collision,6871.9,-0.293202,0.401257,-0.84758,0.636342,4.518756,1.111302,1.334428,5.796683,0.294858,0.365135,-0.324153,1.0,0.004442,0.004275,1.728052,0.003782,0.017185,0.105214,0.00632,0.061451,0.0001,,,,,0,gru
409,510897,593.1624,537.8866,1396,1,1,0,0,0.2971,2.1,goal,6891.3,0.001487,0.414611,-0.852741,0.88269,4.786101,1.061867,0.930764,5.985157,0.415867,0.402847,-0.467817,1.0,,,,,,,,,,,,,,0,gru
410,512314,596.9857,537.5747,1417,1,1,0,0,0.2971,2.114,goal,6910.5,0.013261,0.411142,-0.849846,0.848421,4.81636,1.021942,0.257194,5.986576,0.417285,0.40357,-0.622173,1.0,,,,,,,,,,,,,,0,gru
411,513739,603.725,537.1653,1425,1,1,0,0,0.2995,2.082,goal,6930.2,-0.000722,0.428067,-0.853932,0.868531,4.776886,1.030783,0.62516,5.977976,0.4134,0.401779,-0.451869,1.0,,,,,,,,,,,,,,0,gru
412,513800,-33.3453,473.8983,61,0,0,1,0,3.845,1.994,collision,6932.6,-0.296223,0.357581,-0.842501,0.771993,4.351216,1.156224,0.715454,5.93265,0.248541,0.339235,-0.57698,1.0,0.005811,0.001942,1.727506,0.00377,0.011684,0.128434,0.003466,0.095679,0.0001,,,,,0,gru
413,515195,592.1951,472.5689,1395,1,1,0,0,0.2973,2.09,goal,6951.7,0.015891,0.425046,-0.860626,0.85141,4.846043,0.974793,0.595132,5.982229,0.418764,0.404048,-0.453549,1.0,,,,,,,,,,,,,,0,gru
414,516628,606.8798,472.1919,1433,1,1,0,0,0.2979,2.074,goal,6970.9,-0.02107,0.43101,-0.882038,0.861803,4.77507,1.0601,0.659579,5.983306,0.41324,0.402627,-0.46948,1.0,,,,,,,,,,,,,,0,gru
415,518043,597.9488,472.0104,1415,1,1,0,0,0.2969,2.076,goal,6990.0,-0.022666,0.433748,-0.885693,0.881639,4.789297,1.024966,0.72158,5.979305,0.409713,0.402092,-0.557656,1.0,,,,,,,,,,,,,,0,gru
416,519464,601.5492,472.6239,1421,1,1,0,0,0.2975,2.091,goal,7012.1,0.01369,0.419713,-0.836148,0.879824,4.822129,1.013455,0.265822,5.989641,0.41599,0.402675,-0.481946,1.0,-0.030228,0.001742,1.726815,0.003758,0.012095,0.165767,0.004635,0.118383,0.0001,,,,,0,gru
417,520887,599.5592,473.0826,1423,1,1,0,0,0.298,2.09,goal,7031.3,0.01857,0.423435,-0.865643,0.880196,4.863428,1.003789,0.640475,5.98748,0.419329,0.404277,-0.654797,1.0,,,,,,,,,,,,,,0,gru
418,522273,589.9973,534.8657,1386,1,1,0,0,0.299,2.102,goal,7049.5,0.025319,0.415009,-0.86999,0.860166,4.822482,1.0453,0.404005,5.986378,0.416912,0.402533,-0.441233,1.0,,,,,,,,,,,,,,0,gru
419,523716,608.9697,536.4464,1443,1,1,0,0,0.2995,2.095,goal,7068.9,-0.008954,0.420541,-0.856933,0.874635,4.84939,0.975721,0.607295,5.983944,0.414632,0.40229,-0.447925,1.007865,,,,,,,,,,,,,,0,gru
420,525155,607.9187,537.5397,1439,1,1,0,0,0.2988,2.099,goal,7090.8,0.001966,0.420121,-0.85077,0.854061,4.845734,1.000642,0.623066,5.984241,0.416573,0.402686,-0.457384,1.008657,-0.007687,0.00149,1.725436,0.003746,0.010963,0.196853,0.006871,0.131608,0.0001,,,,,0,gru
421,526600,608.1919,537.9864,1445,1,1,0,0,0.2988,2.102,goal,7110.2,0.009493,0.419289,-0.858367,0.849693,4.862648,0.98851,0.428234,5.983731,0.416685,0.402334,-0.496947,1.00996,,,,,,,,,,,,,,0,gru
422,528036,598.649,601.1859,1436,1,1,0,0,0.2976,2.091,goal,7129.7,0.040768,0.425992,-0.854328,0.885355,4.922269,0.943132,0.528021,5.988065,0.415245,0.404448,-0.709132,1.0,,,,,,,,,,,,,,0,gru
423,529454,596.3955,601.6059,1418,1,1,0,0,0.2976,2.091,goal,7149.1,0.029473,0.421985,-0.860135,0.892989,4.865809,0.99808,0.799479,5.982248,0.418547,0.404456,-0.590113,1.0,,,,,,,,,,,,,,0,gru
424,530864,595.3195,600.4499,1410,1,1,0,0,0.2986,2.1,goal,7170.5,0.040496,0.41769,-0.853556,0.882753,4.916525,0.967277,0.867994,5.991303,0.416684,0.403905,-0.626578,1.0,0.003087,0.001768,1.72434,0.003734,0.011052,0.110393,0.00585,0.071301,0.0001,,,,,0,gru
425,532309,609.3371,601.5887,1445,1,1,0,0,0.2975,2.096,goal,7190.5,-0.012918,0.420849,-0.870086,0.856924,4.870351,0.992816,0.938884,5.986021,0.413378,0.402128,-0.483358,1.007096,,,,,,,,,,,,,,0,gru
426,533734,603.1476,601.7485,1425,1,1,0,0,0.299,2.103,goal,7210.2,0.005782,0.419435,-0.880001,0.892753,4.914236,0.935193,0.60716,5.985215,0.41493,0.401744,-0.449111,1.001327,,,,,,,,,,,,,,0,gru
427,533814,-33.8631,538.4063,80,0,0,1,0,3.8208,2.121,collision,7211.4,0.067189,0.403775,-0.697323,0.790938,5.038653,0.669568,3.011879,5.896523,0.273764,0.380657,-0.737439,1.0,,,,,,,,,,,,,,0,gru
428,535242,606.4984,540.0564,1428,1,1,0,0,0.2999,2.098,goal,7232.4,0.004465,0.41962,-0.866779,0.863549,4.876835,0.983755,0.816431,5.987583,0.414352,0.402958,-0.435101,1.002577,0.04001,0.002894,1.724692,0.003722,0.01317,0.130496,0.005761,0.077654,0.0001,,,,,0,gru
429,536662,602.8891,539.4484,1420,1,1,0,0,0.2985,2.099,goal,7252.2,0.006841,0.420124,-0.852019,0.866997,4.943456,0.916309,0.625245,5.973497,0.414929,0.402205,-0.455214,1.0,,,,,,,,,,,,,,0,gru
430,538109,609.7883,539.6353,1447,1,1,0,0,0.2997,2.096,goal,7271.9,0.007103,0.422602,-0.876774,0.856317,4.944633,0.941962,0.961349,5.988519,0.414876,0.402419,-0.494656,1.010036,,,,,,,,,,,,,,0,gru
431,539536,601.8336,538.9995,1427,1,1,0,0,0.2998,2.091,goal,7291.5,0.019653,0.422986,-0.860292,0.884213,4.858539,1.007028,0.511437,5.983779,0.4182,0.403856,-0.614246,1.0,,,,,,,,,,,,,,0,gru
432,540946,598.302,538.9648,1410,1,1,0,0,0.2983,2.091,goal,7312.5,0.002322,0.428404,-0.863213,0.878187,4.910149,0.961013,0.445738,5.985096,0.416237,0.403582,-0.43651,1.0,-0.015673,0.00189,1.724839,0.00371,0.010811,0.120941,0.004572,0.08155,0.0001,,,,,0,gru
433,540971,-43.6611,474.9591,25,0,0,1,0,3.8429,1.856,collision,7312.9,-0.402135,0.344228,-0.813035,0.746858,4.480292,1.18869,1.173323,5.808628,0.203272,0.317553,-0.570813,1.0,,,,,,,,,,,,,,0,gru
434,541080,-28.1299,412.6142,109,0,0,1,0,3.8199,2.129,collision,7314.4,0.038461,0.40483,-0.766768,0.786512,5.000896,0.867518,2.047879,5.956403,0.340606,0.419567,-0.70433,1.006379,,,,,,,,,,,,,,0,gru
435,542525,602.0217,411.8827,1445,1,1,0,0,0.2988,2.08,goal,7334.1,0.036768,0.429654,-0.866825,0.882836,4.966458,0.934315,0.933188,5.974252,0.413833,0.402992,-0.722513,1.0,,,,,,,,,,,,,,0,gru
436,543917,592.1661,410.7845,1392,1,1,0,0,0.2978,2.093,goal,7353.7,0.006836,0.426895,-0.862714,0.867598,4.937258,0.917746,0.730319,5.982881,0.418511,0.403475,-0.450304,1.0,0.044601,0.003742,1.724773,0.003698,0.014773,0.092532,0.003805,0.062946,0.0001,,,,,0,gru
437,545361,609.2744,475.0983,1444,1,1,0,0,0.2985,2.099,goal,7373.8,-0.007499,0.420777,-0.87755,0.863558,4.94676,0.970301,0.635422,5.984345,0.41508,0.403702,-0.461085,1.008931,,,,,,,,,,,,,,0,gru
438,546756,594.579,473.9063,1395,1,1,0,0,0.2988,2.106,goal,7392.9,0.005527,0.416987,-0.871116,0.870201,5.002395,0.900694,0.686131,5.980143,0.415532,0.403372,-0.427709,1.0,,,,,,,,,,,,,,0,gru
439,548175,601.0572,473.7231,1419,1,1,0,0,0.2996,2.097,goal,7412.4,0.003028,0.422508,-0.859995,0.862392,4.874405,1.009284,0.38007,5.983574,0.414438,0.402673,-0.461561,1.0,,,,,,,,,,,,,,0,gru
440,549609,604.8152,473.2258,1434,1,1,0,0,0.2987,2.101,goal,7433.5,0.015107,0.419201,-0.855852,0.867114,4.978058,0.947895,0.836475,5.987364,0.414014,0.401689,-0.492862,1.004088,-0.022706,0.00198,1.724682,0.003686,0.010364,0.13323,0.001656,0.085864,0.0001,,,,,0,gru
441,551022,598.4495,472.8874,1413,1,1,0,0,0.2968,2.113,goal,7452.7,0.003006,0.412462,-0.848115,0.877553,4.961383,0.906325,0.989482,5.978284,0.415547,0.403138,-0.486248,1.0,,,,,,,,,,,,,,0,gru
442,552473,606.2392,473.6811,1451,1,1,0,0,0.2998,2.068,goal,7472.3,0.016336,0.437324,-0.848259,0.875791,4.95598,0.930132,0.772882,5.975779,0.416379,0.403156,-0.729873,1.0,,,,,,,,,,,,,,0,gru
443,553897,604.1988,538.4671,1424,1,1,0,0,0.2981,2.097,goal,7491.8,0.002629,0.421809,-0.864696,0.870852,4.920561,0.977288,0.910018,5.990483,0.41335,0.4008,-0.42928,1.0,,,,,,,,,,,,,,0,gru
444,555294,587.544,600.0345,1397,1,1,0,0,0.2986,2.094,goal,7512.3,0.037953,0.422509,-0.878447,0.870025,4.956849,0.96093,0.68034,5.979794,0.417314,0.404236,-0.742404,1.0,-0.002847,0.001793,1.723852,0.003674,0.009609,0.095634,0.001408,0.062272,0.0001,,,,,0,gru
445,556734,606.9647,600.5288,1440,1,1,0,0,0.2998,2.086,goal,7531.7,-0.013671,0.425549,-0.868496,0.872084,4.949102,0.945293,0.408381,5.975426,0.411898,0.401795,-0.45972,1.0,,,,,,,,,,,,,,0,gru
446,558143,595.8443,600.8966,1409,1,1,0,0,0.2991,2.094,goal,7550.7,-0.017548,0.427112,-0.844309,0.867114,4.935779,0.926572,1.190311,5.979072,0.41166,0.402717,-0.476539,1.0,,,,,,,,,,,,,,0,gru
447,559593,605.9107,600.5602,1450,1,1,0,0,0.2987,2.093,goal,7570.5,0.006209,0.426185,-0.851699,0.889376,4.938788,0.950729,0.517993,5.987615,0.418283,0.405024,-0.663614,1.00459,,,,,,,,,,,,,,0,gru
448,561012,598.6627,600.9686,1419,1,1,0,0,0.2998,2.1,goal,7591.9,0.020253,0.426189,-0.856583,0.875597,4.949895,0.910207,1.266965,5.975715,0.416846,0.403991,-0.543502,1.0,-0.039921,0.001975,1.723655,0.003662,0.011156,0.098287,0.002516,0.059329,0.0001,,,,,0,gru
449,562427,598.9129,600.7542,1415,1,1,0,0,0.2989,2.104,goal,7610.9,-0.014779,0.423448,-0.863561,0.837912,4.956817,0.942618,0.931968,5.98593,0.414723,0.403674,-0.469042,1.0,,,,,,,,,,,,,,0,gru
450,563864,607.185,600.9912,1437,1,1,0,0,0.2992,2.093,goal,7630.5,-0.00082,0.424549,-0.853018,0.857504,4.945159,0.958327,0.311399,5.981014,0.4136,0.403434,-0.447214,1.001617,,,,,,,,,,,,,,0,gru
451,565305,604.4013,601.5864,1441,1,1,0,0,0.2991,2.08,goal,7650.1,-0.013186,0.431737,-0.879427,0.872493,4.937748,0.964122,0.66597,5.979189,0.415791,0.404436,-0.512883,1.0,,,,,,,,,,,,,,0,gru
452,566736,604.7919,601.4416,1431,1,1,0,0,0.2995,2.086,goal,7671.8,-0.003844,0.428616,-0.866463,0.875068,4.971038,0.918019,0.418415,5.993925,0.414904,0.403339,-0.420082,1.0,-0.04434,0.001989,1.723558,0.00365,0.010774,0.085809,0.003643,0.057387,0.0001,,,,,0,gru
453,568139,594.3163,600.4534,1403,1,1,0,0,0.2988,2.111,goal,7691.0,0.017262,0.408644,-0.829624,0.875832,4.935495,0.978111,0.700086,5.984616,0.417231,0.403622,-0.457487,1.0,,,,,,,,,,,,,,0,gru
454,569547,596.9713,601.3961,1408,1,1,0,0,0.2989,2.077,goal,7710.3,-0.004883,0.435578,-0.87701,0.879112,4.903732,0.937886,1.206854,5.982329,0.413844,0.403127,-0.448982,1.0,,,,,,,,,,,,,,0,gru
455,569568,-44.3416,536.2655,21,0,0,1,0,3.8462,2.044,collision,7710.7,-0.278396,0.350423,-0.811516,0.459137,4.212901,1.384423,1.538874,5.942446,0.201401,0.315788,-0.474785,1.0,,,,,,,,,,,,,,0,gru
456,570977,596.1191,536.293,1409,1,1,0,0,0.2979,2.09,goal,7731.4,-0.001273,0.427872,-0.887673,0.867966,4.947148,0.939255,0.809325,5.968114,0.414913,0.403391,-0.449226,1.0,0.002156,0.00274,1.723601,0.003638,0.010628,0.204777,0.003686,0.138322,0.0001,,,,,0,gru
457,572424,609.9774,536.6996,1447,1,1,0,0,0.2977,2.089,goal,7750.9,-0.003613,0.427229,-0.853876,0.86477,4.932613,0.96807,0.291347,5.977818,0.414405,0.402922,-0.44921,1.006893,,,,,,,,,,,,,,0,gru
458,573810,589.9925,535.8326,1386,1,1,0,0,0.2987,2.105,goal,7769.6,-0.000283,0.41774,-0.874353,0.865815,5.00528,0.888053,0.433048,5.994267,0.41393,0.402234,-0.470472,1.0,,,,,,,,,,,,,,0,gru
459,575266,604.2724,536.3686,1456,1,1,0,0,0.2978,2.095,goal,7789.7,0.028641,0.425191,-0.869309,0.875242,4.982391,0.944896,0.884532,5.98867,0.414759,0.40442,-0.755896,1.008204,,,,,,,,,,,,,,0,gru
460,576683,596.9216,535.3422,1417,1,1,0,0,0.2981,2.097,goal,7810.9,0.025065,0.425405,-0.833205,0.884651,4.991493,0.913243,0.955723,5.977248,0.415137,0.40366,-0.642408,1.0,-0.003109,0.00156,1.723789,0.003626,0.010199,0.125585,0.002944,0.08267,0.0001,,,,,0,gru
461,576710,-41.6807,470.734,27,0,0,1,0,3.8373,1.978,collision,7811.4,-0.358947,0.344045,-0.838833,0.310193,4.939924,0.701233,3.513064,5.914307,0.272701,0.355839,-0.265305,1.0,,,,,,,,,,,,,,0,gru
462,578109,597.1994,469.9748,1399,1,1,0,0,0.2991,2.087,goal,7830.4,-0.009175,0.429098,-0.884451,0.864251,4.916471,0.959694,0.562421,5.985556,0.415097,0.402772,-0.421147,1.0,,,,,,,,,,,,,,0,gru
463,579497,590.9087,469.634,1388,1,1,0,0,0.2972,2.094,goal,7849.5,0.010608,0.422035,-0.871936,0.871904,4.974924,0.969456,0.288471,5.989416,0.416965,0.403166,-0.458132,1.0,,,,,,,,,,,,,,0,gru
464,580935,604.3531,470.3722,1438,1,1,0,0,0.2986,2.096,goal,7870.3,0.012969,0.424369,-0.860471,0.86626,4.955623,0.940358,0.350851,5.990141,0.416865,0.403938,-0.656431,1.002571,0.072843,0.002859,1.723018,0.003614,0.011236,0.084716,0.004729,0.052664,0.0001,,,,,0,gru
465,582348,594.977,534.3041,1413,1,1,0,0,0.2995,2.085,goal,7889.1,0.013974,0.426844,-0.858297,0.882267,4.935751,0.959201,0.539308,5.987552,0.41416,0.402384,-0.688301,1.0,,,,,,,,,,,,,,0,gru
466,583744,591.099,533.802,1396,1,1,0,0,0.2981,2.096,goal,7907.7,0.036129,0.423763,-0.842812,0.867952,4.944202,0.947272,0.661237,5.986163,0.414668,0.402977,-0.632292,1.0,,,,,,,,,,,,,,0,gru
467,585190,606.5413,533.4584,1446,1,1,0,0,0.2979,2.092,goal,7927.1,0.027842,0.427465,-0.84824,0.890821,4.941908,0.950508,1.089064,5.988341,0.416114,0.404497,-0.627841,1.006204,,,,,,,,,,,,,,0,gru
468,586609,600.4691,534.5061,1419,1,1,0,0,0.298,2.091,goal,7948.4,-0.003294,0.429247,-0.843151,0.863467,4.967667,0.925341,0.755342,5.986554,0.411721,0.402485,-0.427112,1.0,-0.016449,0.001943,1.722327,0.003602,0.010812,0.091527,0.003907,0.052647,0.0001,,,,,0,gru
469,588039,603.92,534.4708,1430,1,1,0,0,0.2969,2.102,goal,7967.9,-0.006951,0.416632,-0.859195,0.867415,4.95983,0.948951,0.679299,5.977422,0.412721,0.401938,-0.432276,1.000585,,,,,,,,,,,,,,0,gru
470,589451,597.4892,534.5276,1412,1,1,0,0,0.2986,2.103,goal,7987.1,0.005783,0.421421,-0.861536,0.836234,4.995442,0.924894,1.022837,5.984933,0.41658,0.404472,-0.428674,1.0,,,,,,,,,,,,,,0,gru
471,590896,606.847,599.3804,1445,1,1,0,0,0.3,2.097,goal,8006.7,0.010673,0.421618,-0.863513,0.872107,5.015698,0.892277,0.437932,5.984063,0.417128,0.403818,-0.636984,1.007753,,,,,,,,,,,,,,0,gru
472,592307,598.2693,599.4874,1411,1,1,0,0,0.2994,2.116,goal,8028.1,0.001404,0.416015,-0.863943,0.868262,5.009793,0.913562,0.563071,5.982087,0.415227,0.403355,-0.410927,1.0,-0.000949,0.002181,1.721792,0.00359,0.011572,0.136118,0.005553,0.093095,0.0001,,,,,0,gru
473,593749,602.6319,600.6597,1442,1,1,0,0,0.2989,2.101,goal,8046.9,0.029014,0.419232,-0.849895,0.868752,4.95021,0.915028,0.852689,5.983505,0.416323,0.403119,-0.745496,1.005522,,,,,,,,,,,,,,0,gru
474,595197,608.0149,601.0259,1448,1,1,0,0,0.298,2.099,goal,8066.8,-0.007441,0.420203,-0.869878,0.839973,4.935707,0.942117,0.987526,5.990006,0.415753,0.403174,-0.494205,1.007479,,,,,,,,,,,,,,0,gru
475,596625,603.3526,601.8634,1428,1,1,0,0,0.2975,2.109,goal,8085.9,-0.007349,0.416388,-0.874445,0.864701,4.930756,0.944554,1.067011,5.986996,0.415868,0.403914,-0.488555,1.002261,,,,,,,,,,,,,,0,gru
476,598061,605.5534,603.3089,1436,1,1,0,0,0.2985,2.109,goal,8107.2,0.01335,0.416268,-0.872226,0.864038,4.990437,0.925966,0.679322,5.986432,0.413355,0.401988,-0.461535,1.008202,0.002329,0.001791,1.721782,0.003578,0.01002,0.152103,0.005896,0.108736,0.0001,,,,,0,gru
477,599478,600.9538,602.7501,1417,1,1,0,0,0.2985,2.103,goal,8126.4,-0.009907,0.417756,-0.869362,0.88261,4.955725,0.942189,0.673527,5.990997,0.412946,0.401324,-0.427821,1.0,,,,,,,,,,,,,,0,gru
478,600919,600.8309,602.7863,1441,1,1,0,0,0.2997,2.096,goal,8145.8,0.042517,0.420784,-0.874317,0.873511,4.939283,0.954915,0.144132,5.979459,0.416852,0.404164,-0.769603,1.001455,,,,,,,,,,,,,,0,gru
479,602328,592.0459,601.5989,1409,1,1,0,0,0.2998,2.082,goal,8164.3,0.014677,0.425943,-0.847731,0.868165,4.930061,0.979122,0.497548,5.98145,0.416696,0.402751,-0.649208,1.0,,,,,,,,,,,,,,0,gru
480,603777,607.2798,602.5779,1449,1,1,0,0,0.2994,2.09,goal,8185.3,0.02857,0.427916,-0.846867,0.870319,4.948783,0.941863,0.693722,5.972025,0.417338,0.404411,-0.554777,1.005669,-0.017242,0.001953,1.721528,0.003566,0.009939,0.101814,0.003427,0.061031,0.0001,,,,,0,gru
481,605212,606.3432,602.5276,1435,1,1,0,0,0.297,2.089,goal,8203.9,0.00882,0.422425,-0.849228,0.874117,4.89935,0.99157,0.61991,5.989155,0.416944,0.403386,-0.467636,1.0,,,,,,,,,,,,,,0,gru
482,606646,605.5963,603.2603,1434,1,1,0,0,0.2999,2.107,goal,8222.8,-0.007549,0.41633,-0.868461,0.865124,4.926387,0.929175,0.525427,5.985164,0.413632,0.402116,-0.479041,1.007456,,,,,,,,,,,,,,0,gru
483,606820,7.5999,543.7571,174,0,0,1,0,3.5157,2.053,collision,8225.2,0.044063,0.454491,-0.777299,0.870165,5.017704,0.827648,1.998809,5.970148,0.374132,0.382931,-0.241186,1.0,,,,,,,,,,,,,,0,gru
484,606890,-32.5602,479.6995,70,0,0,1,0,3.836,2.009,collision,8227.4,-0.213089,0.427594,-0.862157,0.83355,4.597218,1.10755,1.147602,5.930762,0.255548,0.345532,-0.643478,1.0,0.025217,0.004643,1.721473,0.003554,0.019919,0.125029,0.007445,0.06724,0.0001,,,,,0,gru
485,608295,591.6481,478.5291,1405,1,1,0,0,0.2999,2.091,goal,8245.9,0.019587,0.425493,-0.853371,0.883408,4.985531,0.923189,0.373223,5.985704,0.418545,0.405138,-0.62259,1.0,,,,,,,,,,,,,,0,gru
486,609689,591.9614,477.1699,1394,1,1,0,0,0.2998,2.112,goal,8264.4,-0.008164,0.416526,-0.852273,0.870306,4.915472,0.968563,0.737846,5.979686,0.414945,0.402694,-0.465501,1.0,,,,,,,,,,,,,,0,gru
487,611109,602.0406,477.2786,1420,1,1,0,0,0.2971,2.094,goal,8283.3,0.0012,0.427306,-0.867006,0.879795,4.950589,0.944388,0.870416,5.989475,0.414416,0.403064,-0.461533,1.0,,,,,,,,,,,,,,0,gru
488,612561,610.677,478.2632,1452,1,1,0,0,0.2982,2.088,goal,8305.2,0.008346,0.424167,-0.855313,0.867878,4.930429,0.96406,0.540897,5.986921,0.417187,0.403237,-0.491839,1.009004,0.000722,0.001607,1.720883,0.003542,0.010368,0.130626,0.002824,0.075267,0.0001,,,,,0,gru
489,613990,599.4278,479.0014,1429,1,1,0,0,0.2979,2.107,goal,8324.1,0.039089,0.414623,-0.868073,0.886877,4.927479,0.948294,0.673976,5.976962,0.416429,0.403408,-0.650899,1.000314,,,,,,,,,,,,,,0,gru
490,615428,605.0561,478.779,1438,1,1,0,0,0.2996,2.083,goal,8343.3,0.031318,0.427204,-0.871501,0.888404,4.897266,1.0,0.980177,5.989834,0.41773,0.404139,-0.606282,1.0,,,,,,,,,,,,,,0,gru
491,616851,602.372,478.3819,1423,1,1,0,0,0.2993,2.107,goal,8362.1,0.004254,0.411275,-0.848206,0.863293,4.892288,0.988707,0.755082,5.985536,0.415378,0.403158,-0.449236,1.000522,,,,,,,,,,,,,,0,gru
492,618288,606.2292,478.4452,1437,1,1,0,0,0.2998,2.069,goal,8382.4,0.004856,0.437193,-0.858983,0.858228,4.913745,0.969582,0.839026,5.988923,0.413812,0.40373,-0.454758,1.0,-0.03003,0.001574,1.719572,0.00353,0.011486,0.111122,0.004345,0.071115,0.0001,,,,,0,gru
493,619708,597.0136,537.3866,1420,1,1,0,0,0.2986,2.098,goal,8401.2,0.027098,0.418477,-0.85042,0.848065,4.884284,0.992609,0.579017,5.984249,0.416962,0.403662,-0.651097,1.0,,,,,,,,,,,,,,0,gru
494,619798,-27.8763,537.855,90,0,0,1,0,3.8232,2.1,collision,8402.5,0.216422,0.372424,-0.701886,0.843668,4.972539,1.019812,1.269097,5.9497,0.276283,0.374902,-0.688349,1.0,,,,,,,,,,,,,,0,gru
495,621233,605.4043,539.2306,1435,1,1,0,0,0.2993,2.1,goal,8421.6,-0.002523,0.421971,-0.876133,0.866196,4.919114,0.936564,0.657922,5.973039,0.416161,0.403833,-0.488478,1.003557,,,,,,,,,,,,,,0,gru
496,622641,595.7838,539.6128,1408,1,1,0,0,0.298,2.096,goal,8441.6,-0.017183,0.42313,-0.886784,0.864032,4.888909,0.977424,1.061825,5.979658,0.411618,0.402981,-0.609217,1.0,-0.066353,0.00258,1.719383,0.003518,0.013715,0.165211,0.006108,0.108137,0.0001,,,,,0,gru
497,624058,599.5828,539.367,1417,1,1,0,0,0.2988,2.09,goal,8460.3,-0.008208,0.423319,-0.88592,0.851342,4.911772,0.97699,0.782331,5.983932,0.412721,0.40167,-0.476328,1.0,,,,,,,,,,,,,,0,gru
498,625446,590.4396,537.3433,1388,1,1,0,0,0.2996,2.101,goal,8478.7,0.008097,0.419731,-0.871237,0.862638,4.886697,0.979507,0.421451,5.980034,0.417158,0.403506,-0.485213,1.0,,,,,,,,,,,,,,0,gru
499,626839,586.5883,536.0593,1393,1,1,0,0,0.2999,2.099,goal,8497.0,0.02275,0.423982,-0.881899,0.860207,4.901061,0.945141,0.976253,5.980345,0.418871,0.404758,-0.689675,1.0,,,,,,,,,,,,,,0,gru
500,626949,-26.8014,472.8736,110,0,0,1,0,3.8111,2.076,collision,8500.0,0.211893,0.388935,-0.75915,0.786929,5.031909,0.731293,2.296498,5.951774,0.27593,0.379584,-0.786943,1.001974,-0.034323,0.002771,1.718787,0.003506,0.015187,0.277148,0.012265,0.193799,0.0001,,,,,0,gru
