global_step,episode,actor_loss,critic_loss,policy_entropy,entropy_coef,value_residual,grad_norm_actor,grad_norm_critic,grad_norm_rnn,lr_actor,lr_critic,alpha,alpha_loss,target_update_magnitude,recurrent_cell
5435,4,-0.062792,0.006084,1.776765,0.004994,0.052416,0.059175,0.029513,0.049369,3.7e-05,,,,,gru
5435,4,0.086772,0.004074,1.776765,0.004994,0.044483,0.069794,0.007262,0.04793,3.7e-05,,,,,gru
5435,4,-0.029864,0.00605,1.77673,0.004994,0.063304,0.182776,0.01039,0.134829,3.7e-05,,,,,gru
5435,4,-0.092221,0.006382,1.776749,0.004994,0.060825,0.120095,0.01692,0.082809,3.7e-05,,,,,gru
5435,4,0.01186,0.004545,1.77675,0.004994,0.05128,0.065298,0.007793,0.031176,3.7e-05,,,,,gru
5435,4,0.125964,0.003726,1.776763,0.004994,0.047494,0.170474,0.004046,0.129751,3.7e-05,,,,,gru
5435,4,-0.032467,0.004899,1.776783,0.004994,0.050441,0.053261,0.013828,0.037144,3.7e-05,,,,,gru
5435,4,0.040471,0.005153,1.776796,0.004994,0.054236,0.082183,0.010732,0.058099,3.7e-05,,,,,gru
5435,4,-0.00468,0.004478,1.77681,0.004994,0.048812,0.046573,0.015902,0.034024,3.7e-05,,,,,gru
5435,4,-0.077086,0.005318,1.776821,0.004994,0.054581,0.112906,0.016437,0.082882,3.7e-05,,,,,gru
5435,4,0.126887,0.004138,1.776829,0.004994,0.048853,0.087839,0.003865,0.056417,3.7e-05,,,,,gru
5435,4,-0.066742,0.004703,1.776829,0.004994,0.053655,0.122891,0.012369,0.067658,3.7e-05,,,,,gru
10798,8,-0.071816,0.005289,1.776827,0.004982,0.039689,0.08607,0.003956,0.051457,4.9e-05,,,,,gru
10798,8,0.120426,0.00227,1.776819,0.004982,0.031198,0.031569,0.02014,0.025601,4.9e-05,,,,,gru
10798,8,0.018024,0.002323,1.776825,0.004982,0.034466,0.08496,0.016434,0.05983,4.9e-05,,,,,gru
10798,8,0.133709,0.002387,1.776814,0.004982,0.03573,0.100801,0.024331,0.081117,4.9e-05,,,,,gru
10798,8,-0.028169,0.003605,1.776801,0.004982,0.035462,0.095827,0.009099,0.058957,4.9e-05,,,,,gru
10798,8,-0.072675,0.004894,1.776798,0.004982,0.036283,0.080228,0.003489,0.049733,4.9e-05,,,,,gru
10798,8,-0.001162,0.004377,1.776781,0.004982,0.032747,0.078941,0.004399,0.044799,4.9e-05,,,,,gru
10798,8,0.064874,0.002454,1.776758,0.004982,0.028912,0.063463,0.005708,0.03547,4.9e-05,,,,,gru
10798,8,-0.004881,0.003317,1.776748,0.004982,0.030174,0.203891,0.004572,0.128874,4.9e-05,,,,,gru
10798,8,-0.069798,0.003831,1.776727,0.004982,0.033822,0.064414,0.013905,0.047621,4.9e-05,,,,,gru
10798,8,0.066551,0.003899,1.776707,0.004982,0.028009,0.101149,0.008077,0.054874,4.9e-05,,,,,gru
10798,8,0.103177,0.002101,1.776675,0.004982,0.02557,0.029378,0.008321,0.022198,4.9e-05,,,,,gru
15021,12,0.099174,0.003211,1.776649,0.00497,0.028295,0.097469,0.003964,0.061357,6.1e-05,,,,,gru
15021,12,-0.074325,0.005479,1.776631,0.00497,0.034574,0.125084,0.01413,0.086908,6.1e-05,,,,,gru
15021,12,0.188796,0.000409,1.776606,0.00497,0.014509,0.122256,0.007084,0.082518,6.1e-05,,,,,gru
15021,12,-0.075515,0.006052,1.776583,0.00497,0.034507,0.057206,0.016788,0.02975,6.1e-05,,,,,gru
15021,12,0.103454,0.002648,1.776571,0.00497,0.025622,0.076148,0.001873,0.04771,6.1e-05,,,,,gru
15021,12,0.158343,0.000969,1.776553,0.00497,0.030157,0.125437,0.003654,0.080447,6.1e-05,,,,,gru
15021,12,-0.017167,0.005066,1.776524,0.00497,0.033621,0.166135,0.01172,0.1054,6.1e-05,,,,,gru
15021,12,0.058247,0.003476,1.776496,0.00497,0.027283,0.146914,0.002824,0.100273,6.1e-05,,,,,gru
15021,12,0.006609,0.001551,1.776473,0.00497,0.018138,0.121981,0.003664,0.073626,6.1e-05,,,,,gru
15021,12,0.030041,0.002596,1.776436,0.00497,0.025575,0.034668,0.003231,0.023813,6.1e-05,,,,,gru
15021,12,0.001034,0.005806,1.776406,0.00497,0.038798,0.093582,0.002794,0.030083,6.1e-05,,,,,gru
15021,12,0.143416,0.000476,1.776386,0.00497,0.018213,0.290376,0.017795,0.196704,6.1e-05,,,,,gru
19379,16,0.044936,0.001121,1.776357,0.004958,0.023434,0.110412,0.018125,0.080698,7.3e-05,,,,,gru
19379,16,-0.021912,0.001261,1.776321,0.004958,0.019532,0.170163,0.012875,0.112616,7.3e-05,,,,,gru
19379,16,0.208325,0.000709,1.776288,0.004958,0.018448,0.230137,0.015563,0.153842,7.3e-05,,,,,gru
19379,16,-0.045308,0.000839,1.776234,0.004958,0.016737,0.233447,0.006671,0.162985,7.3e-05,,,,,gru
19379,16,0.102614,0.00124,1.776191,0.004958,0.022,0.201776,0.008073,0.129144,7.3e-05,,,,,gru
19379,16,-0.021657,0.001199,1.776141,0.004958,0.020095,0.217639,0.005233,0.134061,7.3e-05,,,,,gru
19379,16,-0.021147,0.001409,1.776089,0.004958,0.024521,0.124817,0.010877,0.090389,7.3e-05,,,,,gru
19379,16,0.04554,0.00087,1.776037,0.004958,0.022821,0.156449,0.013796,0.104846,7.3e-05,,,,,gru
19379,16,0.221205,0.000698,1.775986,0.004958,0.023787,0.162495,0.013006,0.102215,7.3e-05,,,,,gru
19379,16,0.065901,0.001463,1.775916,0.004958,0.027691,0.066818,0.017315,0.04901,7.3e-05,,,,,gru
19379,16,0.000847,0.000891,1.775849,0.004958,0.022692,0.205901,0.016135,0.140849,7.3e-05,,,,,gru
19379,16,-0.075965,0.000926,1.775783,0.004958,0.020851,0.293203,0.007146,0.162085,7.3e-05,,,,,gru
25942,20,0.128015,0.003186,1.77569,0.004946,0.032362,0.068773,0.006785,0.045639,8.5e-05,,,,,gru
25942,20,-0.032208,0.006988,1.775596,0.004946,0.050768,0.17622,0.020959,0.105694,8.5e-05,,,,,gru
25942,20,-0.001184,0.004095,1.77552,0.004946,0.043202,0.163836,0.011777,0.113551,8.5e-05,,,,,gru
25942,20,-0.386435,0.007065,1.775448,0.004946,0.061355,0.357053,0.046737,0.234772,8.5e-05,,,,,gru
25942,20,0.00412,0.005043,1.775445,0.004946,0.051825,0.277614,0.013556,0.191238,8.5e-05,,,,,gru
25942,20,-0.010709,0.00469,1.775441,0.004946,0.052836,0.155078,0.011019,0.10638,8.5e-05,,,,,gru
25942,20,-0.022706,0.004625,1.77543,0.004946,0.057875,0.094073,0.014564,0.059044,8.5e-05,,,,,gru
25942,20,0.181738,0.004213,1.775435,0.004946,0.057857,0.120329,0.028873,0.094969,8.5e-05,,,,,gru
25942,20,0.018009,0.004356,1.775442,0.004946,0.054112,0.077732,0.014619,0.052025,8.5e-05,,,,,gru
25942,20,0.117847,0.003962,1.775452,0.004946,0.044583,0.23817,0.015916,0.168521,8.5e-05,,,,,gru
25942,20,-0.148408,0.00494,1.775475,0.004946,0.05159,0.39571,0.010969,0.277871,8.5e-05,,,,,gru
25942,20,0.097185,0.00131,1.775518,0.004946,0.02776,0.168914,0.012054,0.10904,8.5e-05,,,,,gru
25942,20,0.03306,0.004505,1.775557,0.004946,0.042586,0.152675,0.005895,0.102448,8.5e-05,,,,,gru
25942,20,-0.01057,0.003213,1.775595,0.004946,0.04003,0.112144,0.009697,0.071015,8.5e-05,,,,,gru
25942,20,-0.019129,0.004175,1.775648,0.004946,0.03951,0.022247,0.014057,0.021539,8.5e-05,,,,,gru
25942,20,0.040399,0.002826,1.775698,0.004946,0.040115,0.183457,0.007852,0.103765,8.5e-05,,,,,gru
31696,24,-0.051631,0.000784,1.775753,0.004934,0.017273,0.065103,0.011416,0.037234,9.7e-05,,,,,gru
31696,24,0.149251,0.000907,1.775804,0.004934,0.020069,0.27282,0.021343,0.178117,9.7e-05,,,,,gru
31696,24,-0.088942,0.000736,1.775867,0.004934,0.020324,0.192856,0.021519,0.110506,9.7e-05,,,,,gru
31696,24,0.005873,0.001159,1.775921,0.004934,0.028885,0.354993,0.034144,0.248729,9.7e-05,,,,,gru
31696,24,0.07221,0.001049,1.775968,0.004934,0.029258,0.48863,0.034765,0.339736,9.7e-05,,,,,gru
31696,24,-0.069059,0.001029,1.776006,0.004934,0.01938,0.283772,0.018861,0.199814,9.7e-05,,,,,gru
31696,24,0.00491,0.000844,1.77604,0.004934,0.01887,0.08004,0.00408,0.043696,9.7e-05,,,,,gru
31696,24,0.102985,0.000996,1.776076,0.004934,0.024962,0.264193,0.013522,0.178574,9.7e-05,,,,,gru
31696,24,-0.100527,0.000849,1.776115,0.004934,0.024842,0.237459,0.021185,0.13866,9.7e-05,,,,,gru
31696,24,0.0711,0.001088,1.776138,0.004934,0.026081,0.084339,0.019099,0.06032,9.7e-05,,,,,gru
31696,24,0.032472,0.001034,1.776165,0.004934,0.026439,0.226508,0.019238,0.155539,9.7e-05,,,,,gru
31696,24,-0.092763,0.000883,1.776186,0.004934,0.026124,0.237061,0.01601,0.137416,9.7e-05,,,,,gru
37464,28,-0.065786,0.002423,1.776192,0.004922,0.026324,0.120709,0.007101,0.074637,0.0001,,,,,gru
37464,28,0.073067,0.000722,1.776195,0.004922,0.016302,0.079976,0.004599,0.05019,0.0001,,,,,gru
37464,28,0.075038,0.001661,1.776197,0.004922,0.0171,0.103899,0.004122,0.056278,0.0001,,,,,gru
37464,28,-0.038925,0.002762,1.7762,0.004922,0.022443,0.251446,0.005766,0.157693,0.0001,,,,,gru
37464,28,0.047204,0.000734,1.776198,0.004922,0.017579,0.196195,0.002813,0.123987,0.0001,,,,,gru
37464,28,0.072362,0.00126,1.776195,0.004922,0.020385,0.05487,0.004113,0.030288,0.0001,,,,,gru
37464,28,0.06558,0.001967,1.776195,0.004922,0.023513,0.067171,0.007814,0.043543,0.0001,,,,,gru
37464,28,-0.001576,0.00133,1.776187,0.004922,0.022272,0.144852,0.010806,0.094114,0.0001,,,,,gru
37464,28,0.011782,0.001711,1.776188,0.004922,0.020638,0.076287,0.012212,0.055533,0.0001,,,,,gru
37464,28,-0.050011,0.002479,1.77619,0.004922,0.024424,0.201869,0.013059,0.139706,0.0001,,,,,gru
37464,28,0.105949,0.000731,1.776195,0.004922,0.017443,0.175754,0.004262,0.112064,0.0001,,,,,gru
37464,28,0.020502,0.001742,1.776193,0.004922,0.01936,0.138422,0.008922,0.091589,0.0001,,,,,gru
41873,32,0.086914,0.001189,1.776197,0.00491,0.020052,0.051597,0.014555,0.039846,0.0001,,,,,gru
41873,32,-0.00128,0.002736,1.776208,0.00491,0.022745,0.055797,0.014512,0.031379,0.0001,,,,,gru
41873,32,0.008888,0.000624,1.776212,0.00491,0.018434,0.039351,0.020081,0.026238,0.0001,,,,,gru
41873,32,0.041864,0.001509,1.776208,0.00491,0.022997,0.12811,0.024842,0.09015,0.0001,,,,,gru
41873,32,0.043431,0.002521,1.776202,0.00491,0.028238,0.146053,0.020228,0.104012,0.0001,,,,,gru
41873,32,0.016701,0.000424,1.776198,0.00491,0.013522,0.104305,0.013974,0.063126,0.0001,,,,,gru
41873,32,0.039565,0.002962,1.776196,0.00491,0.023569,0.132376,0.008375,0.084245,0.0001,,,,,gru
41873,32,0.058287,0.000641,1.776198,0.00491,0.014241,0.030439,0.005156,0.016534,0.0001,,,,,gru
41873,32,-0.054339,0.000526,1.776201,0.00491,0.016325,0.029102,0.011511,0.021799,0.0001,,,,,gru
41873,32,0.037922,0.003063,1.776199,0.00491,0.023399,0.048197,0.012426,0.027868,0.0001,,,,,gru
41873,32,0.040666,0.000586,1.7762,0.00491,0.017684,0.031379,0.009994,0.018569,0.0001,,,,,gru
41873,32,0.065283,0.000909,1.776199,0.00491,0.01998,0.108936,0.010993,0.055382,0.0001,,,,,gru
47627,36,0.028427,0.000621,1.776168,0.004898,0.014066,0.08016,0.005636,0.05929,0.0001,,,,,gru
47627,36,-0.06442,0.000634,1.776129,0.004898,0.011936,0.1746,0.001076,0.095764,0.0001,,,,,gru
47627,36,0.024248,0.000432,1.776106,0.004898,0.013226,0.168724,0.002577,0.111052,0.0001,,,,,gru
47627,36,0.058266,0.000608,1.776094,0.004898,0.013482,0.070353,0.001013,0.037974,0.0001,,,,,gru
47627,36,-0.082179,0.000646,1.776075,0.004898,0.015658,0.24431,0.007029,0.155717,0.0001,,,,,gru
47627,36,0.011158,0.000457,1.776048,0.004898,0.013584,0.329902,0.00694,0.214008,0.0001,,,,,gru
47627,36,0.093753,0.000515,1.776013,0.004898,0.013775,0.081153,0.003273,0.031208,0.0001,,,,,gru
47627,36,-0.087623,0.000634,1.775954,0.004898,0.014558,0.068367,0.004099,0.036909,0.0001,,,,,gru
47627,36,-0.023547,0.000552,1.775901,0.004898,0.012533,0.075651,0.000777,0.056778,0.0001,,,,,gru
47627,36,0.028164,0.000563,1.775863,0.004898,0.013893,0.091587,0.002133,0.048651,0.0001,,,,,gru
47627,36,-0.030425,0.000522,1.775823,0.004898,0.012497,0.187887,0.002351,0.129201,0.0001,,,,,gru
47627,36,-0.013955,0.000662,1.77581,0.004898,0.013736,0.258859,0.001986,0.160659,0.0001,,,,,gru
53313,40,-0.004277,0.000591,1.775803,0.004886,0.013513,0.087251,0.001773,0.047568,0.0001,,,,,gru
53313,40,0.042295,0.000557,1.775784,0.004886,0.014176,0.095992,0.003213,0.049401,0.0001,,,,,gru
53313,40,-0.02733,0.000641,1.775769,0.004886,0.018649,0.155591,0.012277,0.095726,0.0001,,,,,gru
53313,40,0.046763,0.000584,1.775744,0.004886,0.018577,0.129581,0.013957,0.068997,0.0001,,,,,gru
53313,40,0.001778,0.000765,1.775701,0.004886,0.01952,0.085732,0.015911,0.049603,0.0001,,,,,gru
53313,40,-0.040486,0.000647,1.775659,0.004886,0.018054,0.110883,0.017355,0.060592,0.0001,,,,,gru
53313,40,0.053995,0.000621,1.775622,0.004886,0.018455,0.082797,0.012912,0.041402,0.0001,,,,,gru
53313,40,-0.063485,0.000563,1.77557,0.004886,0.015784,0.039047,0.013946,0.0268,0.0001,,,,,gru
53313,40,0.034575,0.000677,1.775528,0.004886,0.015535,0.339088,0.010547,0.200655,0.0001,,,,,gru
53313,40,-0.029557,0.000449,1.775478,0.004886,0.011585,0.185942,0.005876,0.098928,0.0001,,,,,gru
53313,40,-0.010011,0.00082,1.775436,0.004886,0.021211,0.109461,0.024346,0.078423,0.0001,,,,,gru
53313,40,0.07462,0.001045,1.775387,0.004886,0.030309,0.09757,0.037258,0.072347,0.0001,,,,,gru
59101,44,-0.007571,0.000627,1.775326,0.004874,0.014625,0.127011,0.013822,0.066396,0.0001,,,,,gru
59101,44,0.02487,0.000557,1.775291,0.004874,0.013977,0.159878,0.013409,0.080818,0.0001,,,,,gru
59101,44,-0.028189,0.000514,1.77528,0.004874,0.013424,0.093005,0.01322,0.042241,0.0001,,,,,gru
59101,44,-0.007078,0.000553,1.775285,0.004874,0.015122,0.061633,0.013034,0.019372,0.0001,,,,,gru
59101,44,-0.05385,0.000497,1.775316,0.004874,0.011787,0.100123,0.01013,0.064726,0.0001,,,,,gru
59101,44,0.066645,0.000699,1.77535,0.004874,0.013649,0.182097,0.009443,0.095886,0.0001,,,,,gru
59101,44,-0.076328,0.000539,1.775401,0.004874,0.012307,0.097362,0.00374,0.057558,0.0001,,,,,gru
59101,44,0.06827,0.000576,1.775452,0.004874,0.014208,0.192076,0.007226,0.111173,0.0001,,,,,gru
59101,44,0.002669,0.000641,1.775514,0.004874,0.015083,0.250113,0.002729,0.141754,0.0001,,,,,gru
59101,44,-0.085492,0.0007,1.775588,0.004874,0.018319,0.076238,0.015616,0.046921,0.0001,,,,,gru
59101,44,0.049456,0.000649,1.775663,0.004874,0.022408,0.060054,0.021045,0.047222,0.0001,,,,,gru
59101,44,0.036904,0.001026,1.775732,0.004874,0.027148,0.172833,0.026467,0.103033,0.0001,,,,,gru
63443,48,0.08918,0.001001,1.775816,0.004862,0.015384,0.05674,0.001494,0.025147,0.0001,,,,,gru
63443,48,0.025098,0.000792,1.775884,0.004862,0.013219,0.04453,0.003585,0.017929,0.0001,,,,,gru
63443,48,-0.133847,0.002115,1.775944,0.004862,0.025036,0.348285,0.009277,0.169425,0.0001,,,,,gru
63443,48,0.010894,0.001072,1.776086,0.004862,0.017638,0.087798,0.009432,0.054876,0.0001,,,,,gru
63443,48,0.090107,0.001064,1.776213,0.004862,0.019117,0.081738,0.011614,0.051015,0.0001,,,,,gru
63443,48,-0.021216,0.0004,1.776322,0.004862,0.01376,0.088831,0.01559,0.060801,0.0001,,,,,gru
63443,48,0.028054,0.000768,1.776411,0.004862,0.015258,0.114416,0.007932,0.074483,0.0001,,,,,gru
63443,48,0.07884,0.000933,1.776489,0.004862,0.014846,0.152428,0.004235,0.093766,0.0001,,,,,gru
63443,48,-0.065237,0.00361,1.776546,0.004862,0.033048,0.269421,0.010028,0.180086,0.0001,,,,,gru
63443,48,0.052589,0.001149,1.776634,0.004862,0.025135,0.070107,0.027773,0.04925,0.0001,,,,,gru
63443,48,0.029803,0.001723,1.776709,0.004862,0.030702,0.084538,0.035357,0.071393,0.0001,,,,,gru
63443,48,0.139666,0.001423,1.776779,0.004862,0.037758,0.090602,0.048683,0.081751,0.0001,,,,,gru
69031,52,0.003377,0.00068,1.77684,0.00485,0.01129,0.069666,0.007074,0.03776,0.0001,,,,,gru
69031,52,0.064607,0.000899,1.776883,0.00485,0.016894,0.10912,0.008098,0.028431,0.0001,,,,,gru
69031,52,-0.036293,0.000923,1.776965,0.00485,0.016422,0.108047,0.001925,0.062969,0.0001,,,,,gru
69031,52,0.058159,0.00082,1.777052,0.00485,0.015918,0.107969,0.004421,0.062858,0.0001,,,,,gru
69031,52,0.040594,0.000958,1.777135,0.00485,0.019007,0.15868,0.004613,0.076629,0.0001,,,,,gru
69031,52,-0.073989,0.000819,1.777244,0.00485,0.019753,0.134047,0.012371,0.092326,0.0001,,,,,gru
69031,52,0.006982,0.001341,1.777337,0.00485,0.024333,0.066482,0.010173,0.041805,0.0001,,,,,gru
69031,52,0.050115,0.000759,1.777431,0.00485,0.019712,0.108508,0.013304,0.062133,0.0001,,,,,gru
69031,52,-0.018621,0.00069,1.777521,0.00485,0.02015,0.054222,0.019958,0.03461,0.0001,,,,,gru
69031,52,-0.007186,0.000981,1.777612,0.00485,0.021272,0.05531,0.016414,0.039974,0.0001,,,,,gru
69031,52,-0.005382,0.000974,1.777688,0.00485,0.021018,0.176513,0.010523,0.089696,0.0001,,,,,gru
69031,52,0.073602,0.000682,1.777786,0.00485,0.018427,0.11512,0.007853,0.056028,0.0001,,,,,gru
75336,56,-0.121072,0.006818,1.777902,0.004838,0.044191,0.109937,0.036195,0.079719,0.0001,,,,,gru
75336,56,0.057412,0.003401,1.778009,0.004838,0.030889,0.081255,0.014038,0.059661,0.0001,,,,,gru
75336,56,0.04408,0.004193,1.778114,0.004838,0.038606,0.156514,0.009762,0.119097,0.0001,,,,,gru
75336,56,0.277548,0.000457,1.778222,0.004838,0.01635,0.138005,0.018297,0.096517,0.0001,,,,,gru
75336,56,-0.03309,0.005582,1.778337,0.004838,0.043744,0.101159,0.014604,0.080931,0.0001,,,,,gru
75336,56,0.124216,0.002483,1.778444,0.004838,0.03008,0.07058,0.007499,0.038394,0.0001,,,,,gru
75336,56,-0.072972,0.00464,1.778535,0.004838,0.039683,0.239342,0.01772,0.171044,0.0001,,,,,gru
75336,56,-0.057303,0.00264,1.778621,0.004838,0.03282,0.319525,0.015623,0.242107,0.0001,,,,,gru
75336,56,-0.042017,0.003579,1.778711,0.004838,0.043913,0.149688,0.009731,0.095412,0.0001,,,,,gru
75336,56,0.033298,0.00348,1.778809,0.004838,0.049265,0.046064,0.024293,0.044869,0.0001,,,,,gru
75336,56,0.038655,0.004531,1.778896,0.004838,0.054721,0.140917,0.029996,0.119573,0.0001,,,,,gru
75336,56,-0.170409,0.005577,1.778976,0.004838,0.054826,0.160112,0.015649,0.088058,0.0001,,,,,gru
75336,56,-0.017181,0.004829,1.779014,0.004838,0.050758,0.211375,0.017449,0.156794,0.0001,,,,,gru
75336,56,0.011671,0.003077,1.779052,0.004838,0.040713,0.235468,0.010226,0.165855,0.0001,,,,,gru
75336,56,0.06667,0.002239,1.779083,0.004838,0.033476,0.105452,0.005486,0.065108,0.0001,,,,,gru
75336,56,-0.458394,0.005297,1.779121,0.004838,0.054476,0.438077,0.052309,0.336939,0.0001,,,,,gru
81287,60,0.077463,0.000928,1.779197,0.004826,0.02075,0.067293,0.013201,0.029055,0.0001,,,,,gru
81287,60,0.029158,0.000828,1.779266,0.004826,0.020213,0.154855,0.015657,0.103242,0.0001,,,,,gru
81287,60,-0.141303,0.000695,1.779328,0.004826,0.017848,0.127725,0.014243,0.080172,0.0001,,,,,gru
81287,60,0.01749,0.000965,1.779385,0.004826,0.023126,0.126776,0.019248,0.085735,0.0001,,,,,gru
81287,60,-0.058209,0.000789,1.779436,0.004826,0.021722,0.062405,0.012106,0.044678,0.0001,,,,,gru
81287,60,0.020964,0.000968,1.77948,0.004826,0.019216,0.060843,0.009628,0.024376,0.0001,,,,,gru
81287,60,0.060931,0.001085,1.779516,0.004826,0.022094,0.031385,0.005796,0.01932,0.0001,,,,,gru
81287,60,-0.073592,0.000872,1.779547,0.004826,0.023316,0.115134,0.01055,0.064574,0.0001,,,,,gru
81287,60,-0.008161,0.000895,1.779584,0.004826,0.024824,0.087148,0.01311,0.049621,0.0001,,,,,gru
81287,60,-0.089519,0.001076,1.779605,0.004826,0.025048,0.133016,0.015542,0.078829,0.0001,,,,,gru
81287,60,-0.055338,0.000935,1.779628,0.004826,0.024918,0.10322,0.017759,0.058392,0.0001,,,,,gru
81287,60,0.133701,0.001091,1.779634,0.004826,0.026627,0.238014,0.013003,0.164665,0.0001,,,,,gru
87090,64,-0.019874,0.000615,1.779643,0.004814,0.0204,0.166067,0.004621,0.107391,0.0001,,,,,gru
87090,64,0.034188,0.000906,1.779658,0.004814,0.020623,0.147444,0.00749,0.096639,0.0001,,,,,gru
87090,64,-0.041792,0.001133,1.779667,0.004814,0.020267,0.504296,0.009285,0.334512,0.0001,,,,,gru
87090,64,0.008054,0.000768,1.779685,0.004814,0.019319,0.261158,0.010811,0.177442,0.0001,,,,,gru
87090,64,0.050954,0.000965,1.779698,0.004814,0.020021,0.090244,0.009841,0.063799,0.0001,,,,,gru
87090,64,-0.09047,0.000801,1.779707,0.004814,0.018276,0.066044,0.00341,0.033182,0.0001,,,,,gru
87090,64,-0.047258,0.000767,1.779725,0.004814,0.0196,0.080569,0.005935,0.063264,0.0001,,,,,gru
87090,64,0.046642,0.000783,1.779742,0.004814,0.021797,0.147041,0.005577,0.083194,0.0001,,,,,gru
87090,64,-0.021652,0.000975,1.779743,0.004814,0.01984,0.0506,0.01101,0.019266,0.0001,,,,,gru
87090,64,0.047122,0.000805,1.779763,0.004814,0.021109,0.161589,0.009089,0.101233,0.0001,,,,,gru
87090,64,-0.052501,0.000694,1.77977,0.004814,0.019992,0.093089,0.012522,0.041155,0.0001,,,,,gru
87090,64,-0.014488,0.000974,1.779784,0.004814,0.019912,0.259446,0.010102,0.153313,0.0001,,,,,gru
92904,68,-0.053147,0.000564,1.779797,0.004802,0.017562,0.081522,0.005342,0.045809,0.0001,,,,,gru
92904,68,0.002288,0.000757,1.779815,0.004802,0.016388,0.125498,0.003231,0.073243,0.0001,,,,,gru
92904,68,0.030205,0.000918,1.779847,0.004802,0.015665,0.133206,0.005773,0.082891,0.0001,,,,,gru
92904,68,-0.068504,0.000496,1.779884,0.004802,0.013229,0.107561,0.002819,0.063224,0.0001,,,,,gru
92904,68,0.000754,0.001013,1.779926,0.004802,0.015705,0.239892,0.002063,0.131992,0.0001,,,,,gru
92904,68,0.050535,0.000559,1.779973,0.004802,0.017356,0.200742,0.007689,0.119527,0.0001,,,,,gru
92904,68,-0.025696,0.000525,1.780025,0.004802,0.016513,0.208465,0.010536,0.119213,0.0001,,,,,gru
92904,68,-0.067239,0.000834,1.780065,0.004802,0.016394,0.039722,0.00724,0.024874,0.0001,,,,,gru
92904,68,0.081905,0.00064,1.78011,0.004802,0.013319,0.14687,0.001906,0.079373,0.0001,,,,,gru
92904,68,-0.096643,0.0008,1.780172,0.004802,0.014205,0.024657,0.002,0.019015,0.0001,,,,,gru
92904,68,0.060748,0.000504,1.780231,0.004802,0.013004,0.224055,0.002372,0.141579,0.0001,,,,,gru
92904,68,0.014941,0.000602,1.780295,0.004802,0.014743,0.207902,0.008535,0.139038,0.0001,,,,,gru
99435,72,-0.175677,0.005421,1.78035,0.00479,0.042067,0.209879,0.032908,0.163809,0.0001,,,,,gru
99435,72,-0.003323,0.003498,1.780375,0.00479,0.035229,0.163975,0.00785,0.111792,0.0001,,,,,gru
99435,72,0.12731,0.002097,1.780394,0.00479,0.038316,0.229392,0.024692,0.182055,0.0001,,,,,gru
99435,72,0.340622,0.001717,1.780391,0.00479,0.038586,0.2523,0.05045,0.194382,0.0001,,,,,gru
99435,72,-0.075312,0.004247,1.780363,0.00479,0.050668,0.184966,0.014726,0.133266,0.0001,,,,,gru
99435,72,0.062344,0.003217,1.780349,0.00479,0.035668,0.199023,0.008674,0.128855,0.0001,,,,,gru
99435,72,-0.001303,0.002195,1.780342,0.00479,0.026866,0.072356,0.012166,0.026751,0.0001,,,,,gru
99435,72,0.199009,0.001051,1.780349,0.00479,0.018031,0.195081,0.01567,0.133608,0.0001,,,,,gru
99435,72,0.026723,0.004515,1.780349,0.00479,0.038772,0.310687,0.039821,0.229091,0.0001,,,,,gru
99435,72,-0.036935,0.003595,1.780362,0.00479,0.042141,0.14078,0.044168,0.136574,0.0001,,,,,gru
99435,72,0.024777,0.002597,1.780385,0.00479,0.036262,0.080515,0.039001,0.070318,0.0001,,,,,gru
99435,72,0.058445,0.002222,1.780421,0.00479,0.030346,0.184812,0.025186,0.127578,0.0001,,,,,gru
99435,72,0.05549,0.002101,1.780464,0.00479,0.029575,0.192394,0.014064,0.122672,0.0001,,,,,gru
99435,72,0.00964,0.001874,1.780508,0.00479,0.029244,0.140217,0.003757,0.095697,0.0001,,,,,gru
99435,72,-0.023941,0.003014,1.780561,0.00479,0.03396,0.089709,0.005602,0.061396,0.0001,,,,,gru
99435,72,-0.06628,0.006995,1.780629,0.00479,0.04742,0.102297,0.009209,0.062059,0.0001,,,,,gru
105121,76,-0.001723,0.00054,1.780714,0.004778,0.016204,0.165127,0.015824,0.097546,0.0001,,,,,gru
105121,76,-0.09922,0.000539,1.780764,0.004778,0.013103,0.099324,0.009019,0.059884,0.0001,,,,,gru
105121,76,0.061657,0.000865,1.780795,0.004778,0.014518,0.255615,0.006069,0.165744,0.0001,,,,,gru
105121,76,-0.013571,0.000727,1.780806,0.004778,0.014921,0.234502,0.002938,0.151739,0.0001,,,,,gru
105121,76,-0.026102,0.000639,1.780795,0.004778,0.01432,0.085243,0.006197,0.048366,0.0001,,,,,gru
105121,76,-0.014511,0.000496,1.780759,0.004778,0.013529,0.237297,0.004984,0.130827,0.0001,,,,,gru
105121,76,-0.101952,0.000536,1.780724,0.004778,0.014166,0.356089,0.004033,0.191912,0.0001,,,,,gru
105121,76,0.00012,0.001041,1.780686,0.004778,0.017127,0.298442,0.018509,0.199907,0.0001,,,,,gru
105121,76,0.065883,0.000816,1.780633,0.004778,0.023737,0.053069,0.030818,0.045979,0.0001,,,,,gru
105121,76,-0.057643,0.001339,1.780581,0.004778,0.024666,0.113801,0.030952,0.081213,0.0001,,,,,gru
105121,76,0.055934,0.00114,1.780515,0.004778,0.025738,0.136301,0.03287,0.096854,0.0001,,,,,gru
105121,76,-0.060864,0.000543,1.780434,0.004778,0.017538,0.400019,0.016007,0.232497,0.0001,,,,,gru
110747,80,0.009,0.00247,1.780329,0.004766,0.021036,0.072082,0.006114,0.04454,0.0001,,,,,gru
110747,80,0.045767,0.003007,1.780241,0.004766,0.022766,0.079373,0.001355,0.037928,0.0001,,,,,gru
110747,80,0.046895,0.001518,1.780181,0.004766,0.018236,0.11558,0.003385,0.068924,0.0001,,,,,gru
110747,80,0.067514,0.000913,1.780131,0.004766,0.02094,0.044761,0.006116,0.028684,0.0001,,,,,gru
110747,80,0.021835,0.002777,1.78009,0.004766,0.022074,0.178582,0.016349,0.116065,0.0001,,,,,gru
110747,80,0.000534,0.004264,1.780062,0.004766,0.02602,0.150916,0.016809,0.101405,0.0001,,,,,gru
110747,80,0.017789,0.003172,1.780053,0.004766,0.025532,0.068011,0.015539,0.047535,0.0001,,,,,gru
110747,80,0.070471,0.002422,1.780057,0.004766,0.01975,0.037028,0.007079,0.022571,0.0001,,,,,gru
110747,80,0.005705,0.001588,1.780068,0.004766,0.019988,0.07403,0.005899,0.045259,0.0001,,,,,gru
110747,80,0.038255,0.003,1.780088,0.004766,0.021925,0.061214,0.001936,0.03037,0.0001,,,,,gru
110747,80,-0.023458,0.002898,1.78012,0.004766,0.022896,0.084244,0.001134,0.051619,0.0001,,,,,gru
110747,80,0.103315,0.000958,1.780161,0.004766,0.017648,0.227213,0.019194,0.135509,0.0001,,,,,gru
116612,84,-0.124887,0.000895,1.780195,0.004754,0.016257,0.120125,0.014599,0.069345,0.0001,,,,,gru
116612,84,0.129327,0.001004,1.780255,0.004754,0.02006,0.087899,0.017964,0.052793,0.0001,,,,,gru
116612,84,-0.024054,0.000677,1.780314,0.004754,0.016662,0.167428,0.007846,0.110636,0.0001,,,,,gru
116612,84,-0.014458,0.000621,1.780379,0.004754,0.016519,0.30782,0.003884,0.17967,0.0001,,,,,gru
116612,84,0.004582,0.001113,1.78046,0.004754,0.01776,0.386131,0.001187,0.243828,0.0001,,,,,gru
116612,84,-0.007791,0.000622,1.780561,0.004754,0.01759,0.144189,0.005443,0.085504,0.0001,,,,,gru
116612,84,-0.078765,0.000958,1.780666,0.004754,0.020838,0.061087,0.016556,0.043739,0.0001,,,,,gru
116612,84,0.035437,0.000851,1.780773,0.004754,0.023439,0.167518,0.015844,0.100537,0.0001,,,,,gru
116612,84,0.029163,0.000927,1.780887,0.004754,0.02358,0.195105,0.017936,0.131002,0.0001,,,,,gru
116612,84,-0.146894,0.000792,1.780995,0.004754,0.020135,0.178034,0.01936,0.126188,0.0001,,,,,gru
116612,84,0.082402,0.000797,1.781099,0.004754,0.02006,0.101105,0.00379,0.047485,0.0001,,,,,gru
116612,84,0.056622,0.000943,1.781209,0.004754,0.018351,0.042415,0.003786,0.02474,0.0001,,,,,gru
122354,88,-0.014254,0.000969,1.781318,0.004742,0.016358,0.10696,0.011694,0.054287,0.0001,,,,,gru
122354,88,-0.022639,0.000628,1.78142,0.004742,0.016123,0.188835,0.018485,0.097506,0.0001,,,,,gru
122354,88,0.020315,0.000795,1.781486,0.004742,0.022688,0.141606,0.027621,0.062744,0.0001,,,,,gru
122354,88,-0.026287,0.001203,1.781531,0.004742,0.025101,0.19465,0.031727,0.135763,0.0001,,,,,gru
122354,88,-0.035379,0.000936,1.781566,0.004742,0.025037,0.101261,0.030522,0.06566,0.0001,,,,,gru
122354,88,0.053067,0.001068,1.78159,0.004742,0.023868,0.142253,0.029672,0.06607,0.0001,,,,,gru
122354,88,-0.079973,0.000829,1.781582,0.004742,0.017039,0.116328,0.018621,0.073926,0.0001,,,,,gru
122354,88,-0.005152,0.000999,1.781575,0.004742,0.016554,0.13653,0.016375,0.071568,0.0001,,,,,gru
122354,88,0.083151,0.000807,1.781554,0.004742,0.017087,0.358591,0.008052,0.194808,0.0001,,,,,gru
122354,88,-0.076336,0.000732,1.781489,0.004742,0.020055,0.155565,0.017129,0.072456,0.0001,,,,,gru
122354,88,0.005031,0.001132,1.781408,0.004742,0.031677,0.117388,0.031428,0.074912,0.0001,,,,,gru
122354,88,0.069941,0.001648,1.781312,0.004742,0.035726,0.173941,0.039878,0.121199,0.0001,,,,,gru
127989,92,-0.023419,0.000426,1.781216,0.00473,0.014729,0.100677,0.009618,0.070447,0.0001,,,,,gru
127989,92,-0.020967,0.000673,1.781141,0.00473,0.01396,0.204869,0.004319,0.126143,0.0001,,,,,gru
127989,92,0.042772,0.00094,1.781058,0.00473,0.013051,0.355832,0.002824,0.226223,0.0001,,,,,gru
127989,92,0.043746,0.000777,1.780955,0.00473,0.01181,0.386646,0.005637,0.254842,0.0001,,,,,gru
127989,92,-0.029948,0.000469,1.780846,0.00473,0.012012,0.150414,0.002291,0.103396,0.0001,,,,,gru
127989,92,-0.032387,0.000592,1.780752,0.00473,0.010658,0.069849,0.003632,0.040298,0.0001,,,,,gru
127989,92,0.08417,0.000675,1.780674,0.00473,0.012166,0.139797,0.009837,0.081179,0.0001,,,,,gru
127989,92,-0.130672,0.000567,1.780591,0.00473,0.010488,0.119196,0.003676,0.074842,0.0001,,,,,gru
127989,92,0.046953,0.000581,1.780512,0.00473,0.012701,0.051471,0.01101,0.024684,0.0001,,,,,gru
127989,92,0.117836,0.000819,1.78045,0.00473,0.014661,0.081467,0.01267,0.041162,0.0001,,,,,gru
127989,92,-0.063206,0.000493,1.780383,0.00473,0.01041,0.116359,0.006593,0.071322,0.0001,,,,,gru
127989,92,-0.081624,0.00047,1.780332,0.00473,0.010531,0.074095,0.000935,0.040936,0.0001,,,,,gru
133695,96,-0.083045,0.000545,1.780277,0.004718,0.01408,0.116952,0.009054,0.074025,0.0001,,,,,gru
133695,96,-0.041518,0.000543,1.780218,0.004718,0.013643,0.038563,0.008797,0.018863,0.0001,,,,,gru
133695,96,0.140981,0.000696,1.78018,0.004718,0.013956,0.119509,0.003966,0.062657,0.0001,,,,,gru
133695,96,-0.01161,0.000527,1.780147,0.004718,0.013877,0.098869,0.002489,0.054346,0.0001,,,,,gru
133695,96,-0.057545,0.000464,1.780122,0.004718,0.010934,0.134878,0.003547,0.089758,0.0001,,,,,gru
133695,96,0.071916,0.000869,1.780108,0.004718,0.014248,0.293633,0.014416,0.177267,0.0001,,,,,gru
133695,96,-0.041553,0.000696,1.780091,0.004718,0.01377,0.118029,0.01143,0.076949,0.0001,,,,,gru
133695,96,-0.08884,0.000604,1.780084,0.004718,0.011743,0.07745,0.008027,0.033445,0.0001,,,,,gru
133695,96,0.148838,0.000537,1.780066,0.004718,0.012658,0.175425,0.008663,0.125364,0.0001,,,,,gru
133695,96,0.062056,0.00058,1.780036,0.004718,0.013295,0.190144,0.001407,0.144802,0.0001,,,,,gru
133695,96,-0.030746,0.000602,1.780006,0.004718,0.016945,0.158961,0.015049,0.094913,0.0001,,,,,gru
133695,96,-0.053955,0.000819,1.779986,0.004718,0.01913,0.064915,0.019984,0.048899,0.0001,,,,,gru
139483,100,-0.018135,0.000663,1.779956,0.004706,0.01797,0.091537,0.009695,0.056055,0.0001,,,,,gru
139483,100,-0.039501,0.00069,1.779906,0.004706,0.015531,0.128794,0.007197,0.078104,0.0001,,,,,gru
139483,100,0.030676,0.000884,1.779861,0.004706,0.016146,0.112087,0.002379,0.064656,0.0001,,,,,gru
139483,100,-0.024215,0.000914,1.779813,0.004706,0.013596,0.096897,0.001919,0.056495,0.0001,,,,,gru
139483,100,-0.026056,0.000679,1.779755,0.004706,0.014082,0.06306,0.006105,0.042599,0.0001,,,,,gru
139483,100,0.023847,0.000633,1.779703,0.004706,0.015192,0.185074,0.01095,0.122127,0.0001,,,,,gru
139483,100,-0.156578,0.000597,1.779629,0.004706,0.013342,0.103973,0.012417,0.060753,0.0001,,,,,gru
139483,100,0.096231,0.001069,1.779551,0.004706,0.019896,0.252308,0.020548,0.168533,0.0001,,,,,gru
139483,100,0.039674,0.000814,1.779477,0.004706,0.015117,0.128738,0.012442,0.075481,0.0001,,,,,gru
139483,100,0.025279,0.000708,1.779409,0.004706,0.014716,0.117626,0.004565,0.06514,0.0001,,,,,gru
139483,100,0.0019,0.000837,1.779347,0.004706,0.015487,0.167337,0.004288,0.098647,0.0001,,,,,gru
139483,100,-0.063516,0.000829,1.779279,0.004706,0.020037,0.10453,0.01304,0.064125,0.0001,,,,,gru
145284,104,-0.060762,0.000764,1.779197,0.004694,0.016109,0.15988,0.013345,0.09181,0.0001,,,,,gru
145284,104,-0.070482,0.000731,1.77913,0.004694,0.021815,0.077627,0.023409,0.048544,0.0001,,,,,gru
145284,104,0.106338,0.000855,1.779075,0.004694,0.021748,0.095666,0.022182,0.046659,0.0001,,,,,gru
145284,104,-0.062692,0.000884,1.779037,0.004694,0.024559,0.123863,0.027859,0.066393,0.0001,,,,,gru
145284,104,0.030443,0.000968,1.779014,0.004694,0.025851,0.125699,0.02973,0.074431,0.0001,,,,,gru
145284,104,-0.010391,0.000958,1.778997,0.004694,0.022457,0.224707,0.026672,0.148307,0.0001,,,,,gru
145284,104,-0.006627,0.000527,1.778977,0.004694,0.015376,0.119625,0.012721,0.069223,0.0001,,,,,gru
145284,104,-0.009596,0.000592,1.77896,0.004694,0.012323,0.079215,0.003083,0.030351,0.0001,,,,,gru
145284,104,-0.028031,0.000858,1.778945,0.004694,0.017831,0.162221,0.018906,0.087294,0.0001,,,,,gru
145284,104,0.100448,0.001125,1.778925,0.004694,0.029402,0.089184,0.03717,0.075021,0.0001,,,,,gru
145284,104,-0.118278,0.000994,1.778906,0.004694,0.030229,0.161846,0.037989,0.113422,0.0001,,,,,gru
145284,104,-0.02471,0.001093,1.778898,0.004694,0.032121,0.090439,0.040761,0.085613,0.0001,,,,,gru
150994,108,0.067797,0.000605,1.778903,0.004682,0.009893,0.093752,0.004008,0.044084,0.0001,,,,,gru
150994,108,-0.080136,0.000583,1.778903,0.004682,0.010791,0.106609,0.005517,0.050402,0.0001,,,,,gru
150994,108,-0.011666,0.000488,1.778888,0.004682,0.01325,0.09522,0.010949,0.052092,0.0001,,,,,gru
150994,108,0.013898,0.000669,1.778862,0.004682,0.013479,0.123865,0.012077,0.092404,0.0001,,,,,gru
150994,108,-0.007407,0.00066,1.778836,0.004682,0.012806,0.054859,0.00919,0.031963,0.0001,,,,,gru
150994,108,-0.033074,0.000421,1.7788,0.004682,0.011868,0.127153,0.004719,0.075846,0.0001,,,,,gru
150994,108,-0.057496,0.000584,1.778745,0.004682,0.010819,0.119266,0.000836,0.085579,0.0001,,,,,gru
150994,108,0.00293,0.000672,1.778674,0.004682,0.009607,0.081387,0.005754,0.036967,0.0001,,,,,gru
150994,108,0.044078,0.000604,1.77859,0.004682,0.013208,0.144327,0.01109,0.100255,0.0001,,,,,gru
150994,108,-0.025438,0.000767,1.778509,0.004682,0.012051,0.065844,0.010991,0.020287,0.0001,,,,,gru
150994,108,0.093572,0.00088,1.778412,0.004682,0.014317,0.166826,0.016091,0.122278,0.0001,,,,,gru
150994,108,-0.104129,0.000439,1.778314,0.004682,0.011555,0.072797,0.003366,0.035451,0.0001,,,,,gru
156600,112,-0.027716,0.002234,1.778207,0.00467,0.018953,0.126261,0.009492,0.079763,0.0001,,,,,gru
156600,112,0.068048,0.004173,1.778116,0.00467,0.019016,0.060681,0.00351,0.035355,0.0001,,,,,gru
156600,112,0.083351,0.000469,1.778039,0.00467,0.010816,0.045776,0.003179,0.024052,0.0001,,,,,gru
156600,112,-0.005856,0.004484,1.777975,0.00467,0.022257,0.057315,0.008604,0.035702,0.0001,,,,,gru
156600,112,0.066325,0.001631,1.77793,0.00467,0.012913,0.055409,0.007407,0.028576,0.0001,,,,,gru
156600,112,0.05748,0.000824,1.777886,0.00467,0.01625,0.143061,0.011645,0.075778,0.0001,,,,,gru
156600,112,0.126652,0.001664,1.777852,0.00467,0.01807,0.075822,0.020011,0.050924,0.0001,,,,,gru
156600,112,0.008176,0.003107,1.777826,0.00467,0.025549,0.060254,0.013055,0.042999,0.0001,,,,,gru
156600,112,-0.038812,0.002772,1.77781,0.00467,0.024567,0.056203,0.009973,0.032139,0.0001,,,,,gru
156600,112,-0.016517,0.004126,1.7778,0.00467,0.028635,0.065108,0.010365,0.039408,0.0001,,,,,gru
156600,112,0.139582,0.001763,1.777803,0.00467,0.019126,0.086487,0.022089,0.056705,0.0001,,,,,gru
156600,112,-0.023505,0.001281,1.777793,0.00467,0.016437,0.069634,0.004201,0.034895,0.0001,,,,,gru
162325,116,0.05752,0.000663,1.777798,0.004658,0.012032,0.03432,0.004706,0.016974,0.0001,,,,,gru
162325,116,-0.108063,0.000585,1.777798,0.004658,0.013668,0.088764,0.008916,0.059577,0.0001,,,,,gru
162325,116,-0.021985,0.000817,1.777795,0.004658,0.017394,0.091153,0.011779,0.065738,0.0001,,,,,gru
162325,116,-0.034365,0.000777,1.777788,0.004658,0.018792,0.082223,0.015398,0.05718,0.0001,,,,,gru
162325,116,0.011958,0.000827,1.777796,0.004658,0.01968,0.042888,0.014269,0.025083,0.0001,,,,,gru
162325,116,-0.055822,0.00067,1.7778,0.004658,0.01809,0.19145,0.015616,0.134746,0.0001,,,,,gru
162325,116,0.019396,0.000733,1.777792,0.004658,0.017674,0.242209,0.011319,0.158226,0.0001,,,,,gru
162325,116,-0.084589,0.000571,1.777791,0.004658,0.016985,0.137901,0.012011,0.091023,0.0001,,,,,gru
162325,116,-0.001642,0.000938,1.77778,0.004658,0.016149,0.150838,0.004228,0.077426,0.0001,,,,,gru
162325,116,-0.033761,0.000764,1.777767,0.004658,0.014701,0.094271,0.003307,0.054229,0.0001,,,,,gru
162325,116,0.008008,0.000838,1.777746,0.004658,0.01611,0.094967,0.003519,0.064323,0.0001,,,,,gru
162325,116,-0.049612,0.000461,1.77773,0.004658,0.014108,0.139071,0.005371,0.078315,0.0001,,,,,gru
167900,120,0.075178,0.002285,1.777722,0.004646,0.013666,0.032785,0.001868,0.017305,0.0001,,,,,gru
167900,120,0.029436,0.001702,1.777714,0.004646,0.017979,0.068559,0.005435,0.044632,0.0001,,,,,gru
167900,120,-0.008996,0.003474,1.777709,0.004646,0.020085,0.050246,0.011871,0.037628,0.0001,,,,,gru
167900,120,0.031289,0.004299,1.777699,0.004646,0.020149,0.032163,0.007513,0.022773,0.0001,,,,,gru
167900,120,0.075334,0.000468,1.777688,0.004646,0.011149,0.012834,0.003685,0.00764,0.0001,,,,,gru
167900,120,-0.012607,0.002266,1.777677,0.004646,0.018914,0.111416,0.003292,0.071912,0.0001,,,,,gru
167900,120,0.064492,0.002629,1.777668,0.004646,0.016604,0.095889,0.002112,0.061317,0.0001,,,,,gru
167900,120,-0.048366,0.00337,1.777655,0.004646,0.020364,0.094111,0.005933,0.065606,0.0001,,,,,gru
167900,120,0.110208,0.000498,1.777649,0.004646,0.013752,0.105322,0.011509,0.067429,0.0001,,,,,gru
167900,120,0.036709,0.001031,1.777638,0.004646,0.016562,0.119751,0.006428,0.08547,0.0001,,,,,gru
167900,120,0.076004,0.002964,1.777623,0.004646,0.019705,0.027452,0.00769,0.022362,0.0001,,,,,gru
167900,120,-0.018473,0.003149,1.777611,0.004646,0.019516,0.074277,0.002201,0.041473,0.0001,,,,,gru
173564,124,0.005936,0.000746,1.777596,0.004634,0.012836,0.114054,0.006685,0.060367,0.0001,,,,,gru
173564,124,-0.016655,0.000431,1.777601,0.004634,0.010712,0.064388,0.003916,0.040324,0.0001,,,,,gru
173564,124,0.001686,0.000692,1.777604,0.004634,0.011426,0.179165,0.001363,0.139725,0.0001,,,,,gru
173564,124,0.011867,0.000458,1.777601,0.004634,0.010345,0.087043,0.001859,0.052295,0.0001,,,,,gru
173564,124,-0.004601,0.000813,1.777588,0.004634,0.011695,0.107107,0.001018,0.064817,0.0001,,,,,gru
173564,124,-0.020733,0.000517,1.777588,0.004634,0.013044,0.152471,0.001098,0.076007,0.0001,,,,,gru
173564,124,-0.008914,0.000444,1.777596,0.004634,0.012502,0.104167,0.001778,0.043906,0.0001,,,,,gru
173564,124,0.031287,0.000721,1.777619,0.004634,0.01167,0.081528,0.002015,0.046772,0.0001,,,,,gru
173564,124,-0.038652,0.000644,1.777636,0.004634,0.012368,0.092728,0.002836,0.045256,0.0001,,,,,gru
173564,124,-0.03121,0.000842,1.77765,0.004634,0.012944,0.039398,0.003162,0.024301,0.0001,,,,,gru
173564,124,0.018935,0.00048,1.77767,0.004634,0.012264,0.088195,0.002219,0.021605,0.0001,,,,,gru
173564,124,0.00474,0.000444,1.77769,0.004634,0.011638,0.137423,0.000594,0.092876,0.0001,,,,,gru
179298,128,-0.009402,0.00054,1.777709,0.004622,0.01116,0.044036,0.004072,0.023878,0.0001,,,,,gru
179298,128,0.037218,0.000483,1.777731,0.004622,0.010303,0.09849,0.004326,0.05266,0.0001,,,,,gru
179298,128,-0.061548,0.000561,1.777769,0.004622,0.011398,0.090076,0.00218,0.047547,0.0001,,,,,gru
179298,128,-0.037994,0.000428,1.777806,0.004622,0.012545,0.133347,0.007368,0.09256,0.0001,,,,,gru
179298,128,0.016425,0.000666,1.777841,0.004622,0.014581,0.143071,0.012324,0.084022,0.0001,,,,,gru
179298,128,0.001244,0.000675,1.777887,0.004622,0.016968,0.070001,0.01722,0.046763,0.0001,,,,,gru
179298,128,-0.010005,0.000581,1.777926,0.004622,0.016854,0.117153,0.016415,0.077278,0.0001,,,,,gru
179298,128,-0.01158,0.000598,1.777985,0.004622,0.015052,0.340269,0.01469,0.208619,0.0001,,,,,gru
179298,128,0.000833,0.000583,1.778039,0.004622,0.010423,0.111614,0.000858,0.074647,0.0001,,,,,gru
179298,128,-0.030327,0.000428,1.778085,0.004622,0.011951,0.072926,0.008113,0.047219,0.0001,,,,,gru
179298,128,0.00441,0.000695,1.77812,0.004622,0.018681,0.077049,0.020262,0.056169,0.0001,,,,,gru
179298,128,0.008583,0.000652,1.778176,0.004622,0.019874,0.122117,0.022567,0.08329,0.0001,,,,,gru
184917,132,-0.032179,0.003173,1.778219,0.00461,0.02233,0.13993,0.001127,0.098281,0.0001,,,,,gru
184917,132,0.133087,0.000531,1.778249,0.00461,0.012322,0.060945,0.012138,0.043387,0.0001,,,,,gru
184917,132,-0.004938,0.002492,1.778281,0.00461,0.015795,0.073093,0.002447,0.035469,0.0001,,,,,gru
184917,132,0.040031,0.000724,1.778311,0.00461,0.011428,0.076047,0.001953,0.045042,0.0001,,,,,gru
184917,132,0.059963,0.001245,1.778332,0.00461,0.016482,0.054898,0.005641,0.030615,0.0001,,,,,gru
184917,132,-0.00392,0.005061,1.778345,0.00461,0.022687,0.197123,0.018941,0.136318,0.0001,,,,,gru
184917,132,0.051789,0.002365,1.778369,0.00461,0.018107,0.045277,0.015153,0.035581,0.0001,,,,,gru
184917,132,0.072151,0.002957,1.778394,0.00461,0.01864,0.039016,0.01333,0.029699,0.0001,,,,,gru
184917,132,-0.031986,0.000838,1.778422,0.00461,0.017377,0.072153,0.015728,0.046713,0.0001,,,,,gru
184917,132,0.067677,0.000519,1.778446,0.00461,0.012604,0.070634,0.005727,0.054228,0.0001,,,,,gru
184917,132,0.027912,0.002576,1.778464,0.00461,0.018116,0.054441,0.004937,0.031644,0.0001,,,,,gru
184917,132,0.003703,0.003379,1.77849,0.00461,0.018069,0.027264,0.000535,0.018296,0.0001,,,,,gru
190403,136,0.024864,0.001963,1.778507,0.004598,0.019708,0.117848,0.001218,0.079092,0.0001,,,,,gru
190403,136,0.006188,0.006255,1.778514,0.004598,0.033116,0.231993,0.002433,0.145595,0.0001,,,,,gru
190403,136,0.073858,0.003176,1.778502,0.004598,0.024848,0.118292,0.014497,0.075404,0.0001,,,,,gru
190403,136,-0.002992,0.005916,1.778481,0.004598,0.036305,0.110509,0.005138,0.065239,0.0001,,,,,gru
190403,136,0.017019,0.003785,1.778451,0.004598,0.033806,0.168816,0.017418,0.118072,0.0001,,,,,gru
190403,136,0.103451,0.001304,1.778419,0.004598,0.029314,0.203013,0.031532,0.143876,0.0001,,,,,gru
190403,136,-0.030285,0.006952,1.77838,0.004598,0.040636,0.153188,0.008186,0.101814,0.0001,,,,,gru
190403,136,0.080074,0.002463,1.778339,0.004598,0.029834,0.053522,0.019739,0.044106,0.0001,,,,,gru
190403,136,0.052209,0.001433,1.778297,0.004598,0.020458,0.041758,0.012477,0.032805,0.0001,,,,,gru
190403,136,0.096775,0.001401,1.778253,0.004598,0.020184,0.156254,0.009555,0.111391,0.0001,,,,,gru
190403,136,0.039067,0.003932,1.778205,0.004598,0.023635,0.121868,0.008927,0.084173,0.0001,,,,,gru
190403,136,-0.073861,0.007293,1.778154,0.004598,0.033027,0.267136,0.030504,0.162269,0.0001,,,,,gru
196189,140,0.048328,0.000536,1.778079,0.004586,0.015263,0.149546,0.011249,0.091836,0.0001,,,,,gru
196189,140,-0.052262,0.000548,1.777999,0.004586,0.013185,0.069555,0.005242,0.042249,0.0001,,,,,gru
196189,140,-0.003137,0.00081,1.777925,0.004586,0.017774,0.100514,0.001608,0.056866,0.0001,,,,,gru
196189,140,-0.008714,0.000648,1.777847,0.004586,0.01609,0.106067,0.001722,0.075136,0.0001,,,,,gru
196189,140,0.0274,0.000777,1.777784,0.004586,0.016673,0.132094,0.001676,0.091084,0.0001,,,,,gru
196189,140,-0.02732,0.000481,1.777713,0.004586,0.01702,0.09811,0.002299,0.049595,0.0001,,,,,gru
196189,140,0.018004,0.000614,1.777622,0.004586,0.019848,0.187089,0.004054,0.119414,0.0001,,,,,gru
196189,140,0.027395,0.000672,1.777518,0.004586,0.018175,0.140977,0.006757,0.068377,0.0001,,,,,gru
196189,140,-0.058644,0.000924,1.777397,0.004586,0.020948,0.132018,0.015989,0.079016,0.0001,,,,,gru
196189,140,0.017908,0.000832,1.777261,0.004586,0.023936,0.122349,0.015362,0.071006,0.0001,,,,,gru
196189,140,-0.118146,0.000811,1.777119,0.004586,0.023603,0.10626,0.021582,0.065673,0.0001,,,,,gru
196189,140,0.119406,0.000874,1.776976,0.004586,0.021267,0.157306,0.006187,0.105456,0.0001,,,,,gru
201910,144,-0.028471,0.000571,1.776815,0.004574,0.015076,0.171123,0.00202,0.099781,0.0001,,,,,gru
201910,144,0.046421,0.000588,1.776677,0.004574,0.016323,0.076081,0.003292,0.048661,0.0001,,,,,gru
201910,144,-0.041712,0.000609,1.776553,0.004574,0.015264,0.181267,0.002021,0.110839,0.0001,,,,,gru
201910,144,0.014589,0.000595,1.776451,0.004574,0.016741,0.069395,0.003285,0.048238,0.0001,,,,,gru
201910,144,-0.011109,0.000782,1.776363,0.004574,0.018505,0.06337,0.008126,0.037441,0.0001,,,,,gru
201910,144,-0.020224,0.000551,1.776292,0.004574,0.018336,0.072905,0.011854,0.037103,0.0001,,,,,gru
201910,144,-0.022949,0.000698,1.776241,0.004574,0.019546,0.426495,0.015733,0.245466,0.0001,,,,,gru
201910,144,-0.062444,0.00063,1.776203,0.004574,0.016799,0.229341,0.002279,0.16403,0.0001,,,,,gru
201910,144,0.0874,0.000733,1.776176,0.004574,0.020283,0.187644,0.01981,0.126299,0.0001,,,,,gru
201910,144,0.003474,0.000748,1.776167,0.004574,0.02214,0.131534,0.025986,0.102515,0.0001,,,,,gru
201910,144,-0.019889,0.000785,1.776159,0.004574,0.020768,0.032531,0.024488,0.035832,0.0001,,,,,gru
201910,144,0.005549,0.000699,1.776152,0.004574,0.020344,0.088912,0.02033,0.056739,0.0001,,,,,gru
206256,148,0.039507,0.000964,1.77616,0.004562,0.015243,0.082112,0.004491,0.047402,0.0001,,,,,gru
206256,148,0.042068,0.001056,1.776181,0.004562,0.017823,0.114776,0.001818,0.076518,0.0001,,,,,gru
206256,148,-0.095296,0.000359,1.776193,0.004562,0.012284,0.138128,0.009871,0.073686,0.0001,,,,,gru
206256,148,0.067242,0.001147,1.776227,0.004562,0.018202,0.089311,0.009796,0.059129,0.0001,,,,,gru
206256,148,-0.001078,0.000961,1.776247,0.004562,0.018848,0.215676,0.014426,0.147042,0.0001,,,,,gru
206256,148,0.018075,0.000766,1.776261,0.004562,0.015733,0.086327,0.015783,0.048535,0.0001,,,,,gru
206256,148,0.016594,0.000621,1.776295,0.004562,0.018336,0.051855,0.015548,0.023338,0.0001,,,,,gru
206256,148,0.042099,0.001559,1.776322,0.004562,0.018521,0.122062,0.012361,0.090889,0.0001,,,,,gru
206256,148,0.077288,0.000443,1.776347,0.004562,0.015173,0.210252,0.005517,0.132459,0.0001,,,,,gru
206256,148,0.015487,0.001553,1.776372,0.004562,0.01856,0.154813,0.006753,0.112503,0.0001,,,,,gru
206256,148,0.040512,0.000668,1.7764,0.004562,0.019277,0.083688,0.023566,0.066294,0.0001,,,,,gru
206256,148,0.093813,0.000854,1.776425,0.004562,0.028138,0.166635,0.0378,0.091932,0.0001,,,,,gru
211947,152,0.053487,0.000759,1.77645,0.00455,0.016542,0.087028,0.018037,0.056483,0.0001,,,,,gru
211947,152,-0.017458,0.000534,1.77648,0.00455,0.015577,0.142813,0.01578,0.094319,0.0001,,,,,gru
211947,152,-0.056824,0.000574,1.776517,0.00455,0.013729,0.087872,0.007966,0.060171,0.0001,,,,,gru
211947,152,0.097129,0.000678,1.776543,0.00455,0.014641,0.139391,0.001849,0.086152,0.0001,,,,,gru
211947,152,-0.014252,0.000583,1.776569,0.00455,0.018533,0.139573,0.015332,0.077535,0.0001,,,,,gru
211947,152,-0.114613,0.00101,1.776574,0.00455,0.026636,0.070227,0.03046,0.058987,0.0001,,,,,gru
211947,152,-0.031915,0.001052,1.776592,0.00455,0.029622,0.26989,0.035435,0.1796,0.0001,,,,,gru
211947,152,-0.008405,0.0011,1.776612,0.00455,0.030702,0.10781,0.03642,0.081911,0.0001,,,,,gru
211947,152,0.042866,0.001062,1.776616,0.00455,0.025938,0.248948,0.028384,0.167655,0.0001,,,,,gru
211947,152,0.002884,0.000585,1.776606,0.00455,0.016131,0.116516,0.008414,0.08322,0.0001,,,,,gru
211947,152,-0.005721,0.000794,1.776604,0.00455,0.015946,0.261253,0.007987,0.168577,0.0001,,,,,gru
211947,152,-0.005207,0.000589,1.77663,0.00455,0.016693,0.155186,0.019088,0.099342,0.0001,,,,,gru
216374,156,0.070303,0.002577,1.776631,0.004538,0.023314,0.04165,0.017714,0.026645,0.0001,,,,,gru
216374,156,0.002981,0.002531,1.776634,0.004538,0.025762,0.146862,0.015718,0.082344,0.0001,,,,,gru
216374,156,0.000948,0.00118,1.776647,0.004538,0.016546,0.052746,0.020618,0.034847,0.0001,,,,,gru
216374,156,-0.01125,0.002504,1.776658,0.004538,0.026852,0.057459,0.021329,0.03478,0.0001,,,,,gru
216374,156,0.063293,0.002784,1.776676,0.004538,0.031096,0.059874,0.025646,0.042074,0.0001,,,,,gru
216374,156,0.133551,0.001638,1.776692,0.004538,0.022712,0.249942,0.030443,0.126359,0.0001,,,,,gru
216374,156,0.061252,0.001314,1.776688,0.004538,0.021794,0.033461,0.022292,0.034613,0.0001,,,,,gru
216374,156,-0.014732,0.003995,1.776679,0.004538,0.026844,0.166274,0.009349,0.131156,0.0001,,,,,gru
216374,156,0.167378,0.000551,1.776674,0.004538,0.017577,0.066237,0.013633,0.02632,0.0001,,,,,gru
216374,156,0.091175,0.003212,1.776652,0.004538,0.022526,0.090677,0.004088,0.053477,0.0001,,,,,gru
216374,156,-0.012495,0.002075,1.776626,0.004538,0.025342,0.133798,0.022858,0.081172,0.0001,,,,,gru
216374,156,-0.014643,0.001306,1.77661,0.004538,0.030217,0.089776,0.028366,0.047663,0.0001,,,,,gru
221478,160,-0.030013,0.006544,1.776604,0.004526,0.034228,0.10516,0.026515,0.077645,0.0001,,,,,gru
221478,160,0.008099,0.004645,1.77659,0.004526,0.028286,0.099028,0.020864,0.068251,0.0001,,,,,gru
221478,160,0.16824,0.003017,1.776567,0.004526,0.019665,0.145646,0.000814,0.079511,0.0001,,,,,gru
221478,160,0.04991,0.004722,1.776564,0.004526,0.027497,0.109416,0.005348,0.062171,0.0001,,,,,gru
221478,160,0.016285,0.004792,1.776563,0.004526,0.031997,0.037761,0.00153,0.012385,0.0001,,,,,gru
221478,160,-0.001957,0.005374,1.776547,0.004526,0.038901,0.282307,0.006297,0.185389,0.0001,,,,,gru
221478,160,0.017653,0.005068,1.776538,0.004526,0.039545,0.081738,0.01494,0.052068,0.0001,,,,,gru
221478,160,0.058225,0.006022,1.776539,0.004526,0.043011,0.087563,0.019935,0.066681,0.0001,,,,,gru
221478,160,-0.018199,0.002402,1.776529,0.004526,0.035353,0.17929,0.016623,0.115551,0.0001,,,,,gru
221478,160,0.052151,0.003988,1.776506,0.004526,0.031716,0.088791,0.010286,0.061098,0.0001,,,,,gru
221478,160,-0.0503,0.007329,1.776468,0.004526,0.03393,0.183912,0.012652,0.121315,0.0001,,,,,gru
221478,160,0.125353,0.001037,1.776447,0.004526,0.018825,0.049515,0.001906,0.025823,0.0001,,,,,gru
227132,164,0.122697,0.000606,1.776425,0.004514,0.015215,0.119719,0.005722,0.083117,0.0001,,,,,gru
227132,164,-0.024205,0.000659,1.776429,0.004514,0.018353,0.088973,0.010168,0.057327,0.0001,,,,,gru
227132,164,-0.130969,0.001133,1.776442,0.004514,0.02585,0.264937,0.02167,0.181217,0.0001,,,,,gru
227132,164,0.00548,0.000943,1.776434,0.004514,0.023169,0.282266,0.019153,0.190977,0.0001,,,,,gru
227132,164,0.013318,0.00067,1.776431,0.004514,0.020201,0.070844,0.012971,0.050673,0.0001,,,,,gru
227132,164,-0.023858,0.000744,1.77643,0.004514,0.017628,0.137265,0.006821,0.095678,0.0001,,,,,gru
227132,164,0.006895,0.00063,1.776427,0.004514,0.014977,0.09223,0.000808,0.051084,0.0001,,,,,gru
227132,164,-0.052781,0.000617,1.776432,0.004514,0.014618,0.111757,0.007163,0.080526,0.0001,,,,,gru
227132,164,0.063687,0.000766,1.776444,0.004514,0.016242,0.023242,0.013239,0.023813,0.0001,,,,,gru
227132,164,0.05014,0.000635,1.776456,0.004514,0.016737,0.11957,0.013108,0.058226,0.0001,,,,,gru
227132,164,0.012551,0.000764,1.77648,0.004514,0.015674,0.154843,0.012447,0.091148,0.0001,,,,,gru
227132,164,-0.07561,0.0005,1.776504,0.004514,0.013072,0.109093,0.00604,0.065771,0.0001,,,,,gru
232843,168,-0.015518,0.000423,1.776535,0.004502,0.013085,0.178652,0.001277,0.121324,0.0001,,,,,gru
232843,168,0.063488,0.000558,1.776555,0.004502,0.015367,0.083871,0.001951,0.029071,0.0001,,,,,gru
232843,168,-0.066114,0.000801,1.776547,0.004502,0.014283,0.112208,0.00743,0.074244,0.0001,,,,,gru
232843,168,-0.047689,0.000511,1.776526,0.004502,0.015141,0.099059,0.008263,0.058051,0.0001,,,,,gru
232843,168,0.074349,0.000515,1.776503,0.004502,0.013914,0.28367,0.003282,0.192786,0.0001,,,,,gru
232843,168,-0.037187,0.000701,1.776457,0.004502,0.012886,0.083732,0.003226,0.013543,0.0001,,,,,gru
232843,168,-0.03284,0.000445,1.77638,0.004502,0.013703,0.100333,0.002422,0.064314,0.0001,,,,,gru
232843,168,0.056833,0.000613,1.77629,0.004502,0.011913,0.159904,0.002144,0.110839,0.0001,,,,,gru
232843,168,-0.031617,0.000525,1.776199,0.004502,0.012243,0.144391,0.002611,0.086862,0.0001,,,,,gru
232843,168,0.067543,0.000743,1.776104,0.004502,0.013032,0.110005,0.008696,0.062707,0.0001,,,,,gru
232843,168,-0.011644,0.000422,1.776002,0.004502,0.013286,0.121243,0.006369,0.067522,0.0001,,,,,gru
232843,168,-0.068509,0.00038,1.775893,0.004502,0.011179,0.109352,0.004096,0.049024,0.0001,,,,,gru
238542,172,0.085676,0.000608,1.775781,0.00449,0.013966,0.119132,0.006347,0.080298,0.0001,,,,,gru
238542,172,-0.067886,0.000479,1.775689,0.00449,0.012959,0.062202,0.001013,0.031175,0.0001,,,,,gru
238542,172,-0.029439,0.000587,1.775618,0.00449,0.011715,0.079657,0.000369,0.041833,0.0001,,,,,gru
238542,172,-0.117384,0.000472,1.775551,0.00449,0.012257,0.057547,0.002667,0.0292,0.0001,,,,,gru
238542,172,0.064331,0.000529,1.775502,0.00449,0.013333,0.153538,0.00204,0.102579,0.0001,,,,,gru
238542,172,0.062251,0.000641,1.77546,0.00449,0.01276,0.090224,0.002708,0.051009,0.0001,,,,,gru
238542,172,-0.05114,0.000532,1.775423,0.00449,0.012244,0.184905,0.002521,0.114855,0.0001,,,,,gru
238542,172,0.039304,0.000581,1.775407,0.00449,0.013734,0.195917,0.002687,0.12425,0.0001,,,,,gru
238542,172,0.010096,0.000518,1.775387,0.00449,0.014818,0.112231,0.007405,0.047914,0.0001,,,,,gru
238542,172,-0.027256,0.000572,1.77534,0.00449,0.013711,0.040172,0.007835,0.027435,0.0001,,,,,gru
238542,172,0.010164,0.000667,1.7753,0.00449,0.014231,0.122326,0.004531,0.074744,0.0001,,,,,gru
238542,172,0.01768,0.000341,1.775269,0.00449,0.012488,0.078598,0.002297,0.047649,0.0001,,,,,gru
244435,176,-0.047886,0.00053,1.775244,0.004478,0.0145,0.062851,0.003348,0.038334,0.0001,,,,,gru
244435,176,0.095101,0.000738,1.775207,0.004478,0.014705,0.170858,0.007212,0.103598,0.0001,,,,,gru
244435,176,-0.055724,0.000625,1.775172,0.004478,0.015083,0.175744,0.00277,0.107112,0.0001,,,,,gru
244435,176,-0.013777,0.000563,1.775154,0.004478,0.015638,0.226373,0.004237,0.139102,0.0001,,,,,gru
244435,176,-0.078607,0.000619,1.775139,0.004478,0.013849,0.445383,0.001039,0.304548,0.0001,,,,,gru
244435,176,0.100271,0.000719,1.775114,0.004478,0.015615,0.303284,0.004927,0.181605,0.0001,,,,,gru
244435,176,0.145354,0.000878,1.775101,0.004478,0.017673,0.055339,0.014495,0.034043,0.0001,,,,,gru
244435,176,-0.05421,0.000564,1.77507,0.004478,0.015021,0.214622,0.014593,0.13166,0.0001,,,,,gru
244435,176,-0.101635,0.000627,1.775044,0.004478,0.014618,0.08651,0.015141,0.056727,0.0001,,,,,gru
244435,176,-0.09595,0.000708,1.775022,0.004478,0.015421,0.165336,0.016752,0.109788,0.0001,,,,,gru
244435,176,0.121506,0.000778,1.774988,0.004478,0.017841,0.200282,0.015413,0.121435,0.0001,,,,,gru
244435,176,-0.029755,0.000629,1.774944,0.004478,0.015089,0.106621,0.000974,0.054157,0.0001,,,,,gru
250123,180,-0.018061,0.000376,1.774886,0.004466,0.011855,0.104022,0.004676,0.057567,0.0001,,,,,gru
250123,180,-0.097449,0.00076,1.774837,0.004466,0.020758,0.167649,0.021434,0.117635,0.0001,,,,,gru
250123,180,0.13846,0.001065,1.774786,0.004466,0.02412,0.136282,0.026171,0.093264,0.0001,,,,,gru
250123,180,0.013588,0.001195,1.774742,0.004466,0.031439,0.078484,0.038626,0.06399,0.0001,,,,,gru
250123,180,0.032404,0.001277,1.774709,0.004466,0.032979,0.31011,0.041507,0.208319,0.0001,,,,,gru
250123,180,-0.068374,0.00105,1.774658,0.004466,0.026648,0.165496,0.030878,0.118764,0.0001,,,,,gru
250123,180,0.048242,0.000622,1.774627,0.004466,0.016938,0.176909,0.011297,0.105332,0.0001,,,,,gru
250123,180,-0.064653,0.000443,1.774595,0.004466,0.012469,0.139614,0.001116,0.090633,0.0001,,,,,gru
250123,180,0.013035,0.000705,1.774555,0.004466,0.015197,0.065897,0.012016,0.035454,0.0001,,,,,gru
250123,180,-0.021754,0.000756,1.774528,0.004466,0.019733,0.184154,0.020549,0.12993,0.0001,,,,,gru
250123,180,0.005105,0.000637,1.774494,0.004466,0.020874,0.091014,0.022272,0.058713,0.0001,,,,,gru
250123,180,0.013564,0.000667,1.774448,0.004466,0.020867,0.051421,0.018979,0.032233,0.0001,,,,,gru
256022,184,0.049392,0.000818,1.77441,0.004454,0.016039,0.093892,0.007417,0.058344,0.0001,,,,,gru
256022,184,-0.026307,0.000641,1.774385,0.004454,0.017737,0.10846,0.002881,0.076198,0.0001,,,,,gru
256022,184,-0.021,0.000503,1.774365,0.004454,0.016165,0.06459,0.002716,0.036728,0.0001,,,,,gru
256022,184,0.011628,0.000741,1.774352,0.004454,0.019616,0.093689,0.007843,0.053927,0.0001,,,,,gru
256022,184,-0.033133,0.000675,1.774337,0.004454,0.020832,0.152809,0.017177,0.10432,0.0001,,,,,gru
256022,184,0.03024,0.001122,1.774318,0.004454,0.024996,0.113307,0.024198,0.078669,0.0001,,,,,gru
256022,184,-0.079873,0.001052,1.774309,0.004454,0.024694,0.132721,0.022149,0.078447,0.0001,,,,,gru
256022,184,0.103172,0.000721,1.774312,0.004454,0.019275,0.148672,0.009635,0.10048,0.0001,,,,,gru
256022,184,-0.020546,0.000564,1.774314,0.004454,0.016189,0.225415,0.003892,0.130126,0.0001,,,,,gru
256022,184,-0.018973,0.000566,1.774316,0.004454,0.01704,0.105774,0.008481,0.061462,0.0001,,,,,gru
256022,184,0.091072,0.000864,1.774316,0.004454,0.0233,0.049889,0.022423,0.037855,0.0001,,,,,gru
256022,184,-0.072367,0.000823,1.774322,0.004454,0.024233,0.068394,0.024453,0.050177,0.0001,,,,,gru
261693,188,0.014873,0.000581,1.774305,0.004442,0.01273,0.105459,0.011655,0.068146,0.0001,,,,,gru
261693,188,-0.113463,0.000497,1.774279,0.004442,0.012827,0.176257,0.01087,0.111373,0.0001,,,,,gru
261693,188,0.133247,0.0005,1.774254,0.004442,0.016315,0.169995,0.018103,0.086283,0.0001,,,,,gru
261693,188,-0.000365,0.000402,1.774227,0.004442,0.017808,0.079907,0.021005,0.045062,0.0001,,,,,gru
261693,188,-0.00831,0.000753,1.774188,0.004442,0.020515,0.075136,0.024472,0.038356,0.0001,,,,,gru
261693,188,0.022315,0.000915,1.774159,0.004442,0.022226,0.400427,0.02732,0.236673,0.0001,,,,,gru
261693,188,-0.002626,0.000437,1.774136,0.004442,0.011963,0.202843,0.012653,0.115536,0.0001,,,,,gru
261693,188,0.094397,0.00046,1.774115,0.004442,0.011049,0.171367,0.005163,0.114672,0.0001,,,,,gru
261693,188,-0.105305,0.000871,1.774089,0.004442,0.021146,0.125229,0.02511,0.070775,0.0001,,,,,gru
261693,188,0.028847,0.001214,1.774058,0.004442,0.030259,0.111085,0.036691,0.079437,0.0001,,,,,gru
261693,188,0.076699,0.001167,1.774015,0.004442,0.032657,0.076314,0.040426,0.072186,0.0001,,,,,gru
261693,188,-0.119934,0.0012,1.773969,0.004442,0.033715,0.19956,0.042958,0.135664,0.0001,,,,,gru
265971,192,0.040504,0.000927,1.773931,0.00443,0.011626,0.033864,0.004284,0.017306,0.0001,,,,,gru
265971,192,0.056645,0.000686,1.773902,0.00443,0.011094,0.097427,0.008131,0.053446,0.0001,,,,,gru
265971,192,0.110867,0.000555,1.773883,0.00443,0.019358,0.288518,0.023799,0.184396,0.0001,,,,,gru
265971,192,0.049546,0.001459,1.773883,0.00443,0.023426,0.081194,0.024147,0.050121,0.0001,,,,,gru
265971,192,0.036198,0.000575,1.773888,0.00443,0.021495,0.049151,0.025577,0.045986,0.0001,,,,,gru
265971,192,0.226906,0.000595,1.773897,0.00443,0.024385,0.113547,0.0298,0.08009,0.0001,,,,,gru
265971,192,0.087653,0.000505,1.773918,0.00443,0.017481,0.18499,0.018534,0.122869,0.0001,,,,,gru
265971,192,0.008625,0.001236,1.773936,0.00443,0.012998,0.025657,0.007026,0.017805,0.0001,,,,,gru
265971,192,0.107668,0.00034,1.773956,0.00443,0.013141,0.333443,0.002582,0.191688,0.0001,,,,,gru
265971,192,0.088437,0.000835,1.77399,0.00443,0.009866,0.026889,0.001156,0.015414,0.0001,,,,,gru
265971,192,0.004491,0.000815,1.774021,0.00443,0.012649,0.052634,0.005819,0.032906,0.0001,,,,,gru
265971,192,0.170573,0.000412,1.774056,0.00443,0.013641,0.158821,0.001956,0.092423,0.0001,,,,,gru
271683,196,0.088314,0.000562,1.774091,0.004418,0.012293,0.152144,0.000946,0.0998,0.0001,,,,,gru
271683,196,-0.040223,0.00047,1.774113,0.004418,0.011404,0.090587,0.001526,0.052774,0.0001,,,,,gru
271683,196,-0.046222,0.000554,1.774127,0.004418,0.011185,0.174902,0.002301,0.112461,0.0001,,,,,gru
271683,196,-0.047194,0.000473,1.774129,0.004418,0.009385,0.044016,0.005697,0.019498,0.0001,,,,,gru
271683,196,-0.014908,0.000407,1.774125,0.004418,0.011567,0.214072,0.008924,0.145981,0.0001,,,,,gru
271683,196,0.094882,0.00082,1.774119,0.004418,0.014642,0.259312,0.012737,0.16774,0.0001,,,,,gru
271683,196,-0.103477,0.000569,1.774084,0.004418,0.010475,0.116377,0.001196,0.064743,0.0001,,,,,gru
271683,196,0.056307,0.00052,1.774063,0.004418,0.013171,0.403367,0.005893,0.26862,0.0001,,,,,gru
271683,196,0.07017,0.000559,1.774023,0.004418,0.016301,0.434826,0.01433,0.296961,0.0001,,,,,gru
271683,196,-0.098463,0.00073,1.773992,0.004418,0.022547,0.141393,0.025221,0.107164,0.0001,,,,,gru
271683,196,-0.004825,0.000869,1.773982,0.004418,0.020963,0.091136,0.02344,0.058761,0.0001,,,,,gru
271683,196,0.148746,0.000648,1.773948,0.004418,0.017453,0.106589,0.015526,0.070393,0.0001,,,,,gru
277366,200,0.111887,0.000373,1.7739,0.004406,0.011467,0.105415,0.004365,0.066606,0.0001,,,,,gru
277366,200,-0.01504,0.000632,1.773852,0.004406,0.010208,0.182465,0.001268,0.111751,0.0001,,,,,gru
277366,200,-0.115258,0.000532,1.773818,0.004406,0.009769,0.11641,0.003524,0.070505,0.0001,,,,,gru
277366,200,-0.034317,0.000495,1.773783,0.004406,0.011442,0.172,0.009303,0.112566,0.0001,,,,,gru
277366,200,0.071788,0.000543,1.773747,0.004406,0.012515,0.114126,0.011162,0.075248,0.0001,,,,,gru
277366,200,-0.036456,0.000526,1.773709,0.004406,0.010195,0.078603,0.006829,0.036149,0.0001,,,,,gru
277366,200,0.066765,0.000446,1.773685,0.004406,0.01064,0.177161,0.007775,0.119477,0.0001,,,,,gru
277366,200,0.010246,0.000576,1.773687,0.004406,0.010442,0.059936,0.005646,0.02554,0.0001,,,,,gru
277366,200,-0.082684,0.000444,1.773682,0.004406,0.009203,0.320076,0.004749,0.217675,0.0001,,,,,gru
277366,200,0.008037,0.000486,1.773709,0.004406,0.009954,0.052265,0.004567,0.030882,0.0001,,,,,gru
277366,200,0.059841,0.000545,1.773742,0.004406,0.010504,0.186756,0.006078,0.121727,0.0001,,,,,gru
277366,200,-0.069222,0.000456,1.773778,0.004406,0.009463,0.055583,0.002968,0.025947,0.0001,,,,,gru
281462,204,0.061316,0.003241,1.773804,0.004394,0.018846,0.064313,0.011125,0.040457,0.0001,,,,,gru
281462,204,0.007054,0.003712,1.773834,0.004394,0.02312,0.084558,0.016217,0.059104,0.0001,,,,,gru
281462,204,0.054036,0.000207,1.773875,0.004394,0.008553,0.020437,0.010781,0.019995,0.0001,,,,,gru
281462,204,0.028832,0.002777,1.773914,0.004394,0.018608,0.108986,0.011092,0.074185,0.0001,,,,,gru
281462,204,0.037738,0.00405,1.773962,0.004394,0.020985,0.044337,0.005001,0.028822,0.0001,,,,,gru
281462,204,0.224536,0.00023,1.774011,0.004394,0.009223,0.377997,0.010561,0.268382,0.0001,,,,,gru
281462,204,0.032614,0.001972,1.774087,0.004394,0.018631,0.109347,0.001869,0.072381,0.0001,,,,,gru
281462,204,0.036379,0.004712,1.774157,0.004394,0.02188,0.162225,0.006307,0.109009,0.0001,,,,,gru
281462,204,0.088246,0.000253,1.774223,0.004394,0.00761,0.222174,0.005953,0.145016,0.0001,,,,,gru
281462,204,-0.007573,0.00473,1.7743,0.004394,0.026767,0.108152,0.004214,0.072841,0.0001,,,,,gru
281462,204,0.080346,0.002088,1.774378,0.004394,0.022037,0.065147,0.018485,0.045911,0.0001,,,,,gru
281462,204,0.029598,0.000125,1.774455,0.004394,0.005149,0.02736,0.006612,0.01085,0.0001,,,,,gru
287117,208,-0.003224,0.000479,1.774534,0.004382,0.01108,0.124198,0.006154,0.06082,0.0001,,,,,gru
287117,208,-0.004111,0.000449,1.774624,0.004382,0.011738,0.076733,0.008777,0.048138,0.0001,,,,,gru
287117,208,-0.009701,0.000642,1.774705,0.004382,0.013307,0.067828,0.010852,0.034715,0.0001,,,,,gru
287117,208,-0.033923,0.00049,1.774756,0.004382,0.013697,0.098694,0.009447,0.055853,0.0001,,,,,gru
287117,208,-0.010756,0.000523,1.774793,0.004382,0.013672,0.229304,0.007898,0.165503,0.0001,,,,,gru
287117,208,0.039153,0.000845,1.774809,0.004382,0.015825,0.076212,0.007664,0.03167,0.0001,,,,,gru
287117,208,0.001486,0.000618,1.774848,0.004382,0.016397,0.075746,0.001805,0.021435,0.0001,,,,,gru
287117,208,-0.048387,0.000595,1.774887,0.004382,0.016805,0.052373,0.010055,0.036223,0.0001,,,,,gru
287117,208,0.043763,0.000714,1.774911,0.004382,0.01863,0.092329,0.012599,0.059163,0.0001,,,,,gru
287117,208,-0.027445,0.000706,1.774934,0.004382,0.019743,0.080279,0.014555,0.054088,0.0001,,,,,gru
287117,208,-0.034886,0.000624,1.774949,0.004382,0.019755,0.260287,0.014301,0.175622,0.0001,,,,,gru
287117,208,0.064884,0.000828,1.774956,0.004382,0.018981,0.166254,0.005439,0.088962,0.0001,,,,,gru
291480,212,0.078518,0.000447,1.774955,0.00437,0.012521,0.056443,0.0031,0.039252,0.0001,,,,,gru
291480,212,0.032682,0.001773,1.774948,0.00437,0.018742,0.066825,0.004139,0.040698,0.0001,,,,,gru
291480,212,-0.152458,0.002008,1.77494,0.00437,0.025553,0.295633,0.006171,0.199856,0.0001,,,,,gru
291480,212,0.012096,0.001217,1.774867,0.00437,0.017456,0.291932,0.008653,0.196903,0.0001,,,,,gru
291480,212,0.048285,0.001527,1.774791,0.00437,0.0211,0.272493,0.014594,0.199226,0.0001,,,,,gru
291480,212,0.195471,0.001015,1.774711,0.00437,0.023975,0.278584,0.027366,0.163414,0.0001,,,,,gru
291480,212,0.056414,0.001576,1.774597,0.00437,0.020784,0.07418,0.015585,0.04033,0.0001,,,,,gru
291480,212,0.035581,0.001269,1.774491,0.00437,0.018937,0.071091,0.010458,0.036758,0.0001,,,,,gru
291480,212,-0.006342,0.000531,1.774378,0.00437,0.017053,0.105075,0.002124,0.059972,0.0001,,,,,gru
291480,212,0.047963,0.000506,1.77426,0.00437,0.013837,0.236201,0.000989,0.15325,0.0001,,,,,gru
291480,212,0.058928,0.001667,1.774143,0.00437,0.021742,0.475241,0.005644,0.307328,0.0001,,,,,gru
291480,212,-0.139786,0.004011,1.774024,0.00437,0.04,0.235038,0.023689,0.163433,0.0001,,,,,gru
297073,216,0.005814,0.000727,1.773891,0.004358,0.015407,0.12359,0.002307,0.079376,0.0001,,,,,gru
297073,216,0.04903,0.000547,1.773771,0.004358,0.013699,0.136655,0.002909,0.067209,0.0001,,,,,gru
297073,216,-0.113681,0.000539,1.77368,0.004358,0.013604,0.165323,0.010952,0.103381,0.0001,,,,,gru
297073,216,0.039235,0.000564,1.77358,0.004358,0.01525,0.171452,0.0089,0.110045,0.0001,,,,,gru
297073,216,-0.043958,0.000613,1.773477,0.004358,0.015976,0.219263,0.011763,0.142379,0.0001,,,,,gru
297073,216,-0.032702,0.000589,1.773381,0.004358,0.014738,0.026663,0.013384,0.020506,0.0001,,,,,gru
297073,216,-0.075428,0.00051,1.773298,0.004358,0.014867,0.118309,0.012458,0.081364,0.0001,,,,,gru
297073,216,0.04915,0.000673,1.773235,0.004358,0.014931,0.231858,0.009438,0.157047,0.0001,,,,,gru
297073,216,0.000458,0.000402,1.773188,0.004358,0.011257,0.17985,0.003855,0.106576,0.0001,,,,,gru
297073,216,-0.117517,0.000437,1.773164,0.004358,0.009968,0.163209,0.004195,0.101913,0.0001,,,,,gru
297073,216,0.004568,0.000604,1.773144,0.004358,0.016001,0.289436,0.01673,0.1835,0.0001,,,,,gru
297073,216,0.117167,0.000788,1.773124,0.004358,0.01868,0.090722,0.02124,0.052816,0.0001,,,,,gru
302884,220,-0.025625,0.000638,1.773097,0.004346,0.01453,0.143434,0.007802,0.073958,0.0001,,,,,gru
302884,220,0.029468,0.000638,1.773036,0.004346,0.013822,0.072404,0.009237,0.038854,0.0001,,,,,gru
302884,220,-0.03716,0.000732,1.772956,0.004346,0.012969,0.085609,0.005701,0.046194,0.0001,,,,,gru
302884,220,0.046571,0.000708,1.772871,0.004346,0.014099,0.116161,0.002932,0.060556,0.0001,,,,,gru
302884,220,-0.040496,0.00064,1.772769,0.004346,0.014566,0.057422,0.005572,0.02963,0.0001,,,,,gru
302884,220,-0.037551,0.000635,1.772663,0.004346,0.018558,0.134213,0.012678,0.047198,0.0001,,,,,gru
302884,220,0.038617,0.000915,1.772527,0.004346,0.02147,0.160342,0.01453,0.106502,0.0001,,,,,gru
302884,220,-0.000956,0.000842,1.772373,0.004346,0.022987,0.129422,0.020042,0.082538,0.0001,,,,,gru
302884,220,-0.072581,0.00057,1.772211,0.004346,0.019973,0.101031,0.020313,0.064383,0.0001,,,,,gru
302884,220,-0.032283,0.0008,1.772035,0.004346,0.01978,0.089583,0.016504,0.027747,0.0001,,,,,gru
302884,220,-6.4e-05,0.000668,1.771839,0.004346,0.017739,0.059346,0.009292,0.018646,0.0001,,,,,gru
302884,220,0.009512,0.000547,1.771639,0.004346,0.012787,0.075059,0.00207,0.042162,0.0001,,,,,gru
308502,224,-0.070065,0.000422,1.771445,0.004334,0.008568,0.049598,0.003616,0.021239,0.0001,,,,,gru
308502,224,0.037322,0.000603,1.771255,0.004334,0.01171,0.091515,0.012189,0.048894,0.0001,,,,,gru
308502,224,0.000177,0.000557,1.771093,0.004334,0.0154,0.161114,0.01806,0.080197,0.0001,,,,,gru
308502,224,-0.049124,0.00061,1.770938,0.004334,0.019986,0.04884,0.023951,0.036417,0.0001,,,,,gru
308502,224,-0.004466,0.000951,1.770793,0.004334,0.024446,0.080214,0.029475,0.046256,0.0001,,,,,gru
308502,224,0.029448,0.000925,1.77067,0.004334,0.026718,0.131411,0.032058,0.067273,0.0001,,,,,gru
308502,224,-0.127377,0.000663,1.77054,0.004334,0.024083,0.097157,0.02859,0.073008,0.0001,,,,,gru
308502,224,0.034834,0.000959,1.770441,0.004334,0.021443,0.217704,0.025492,0.135729,0.0001,,,,,gru
308502,224,0.083588,0.000622,1.77035,0.004334,0.01335,0.147608,0.014897,0.089429,0.0001,,,,,gru
308502,224,-0.070749,0.000441,1.770244,0.004334,0.010393,0.059425,0.0065,0.03215,0.0001,,,,,gru
308502,224,0.128896,0.000758,1.770159,0.004334,0.020401,0.127293,0.01994,0.082118,0.0001,,,,,gru
308502,224,-0.118127,0.000974,1.770069,0.004334,0.028969,0.143312,0.033568,0.09694,0.0001,,,,,gru
314181,228,0.087696,0.000432,1.769989,0.004322,0.011337,0.165479,0.009334,0.101202,0.0001,,,,,gru
314181,228,-0.014994,0.000451,1.769942,0.004322,0.013415,0.108577,0.012347,0.056666,0.0001,,,,,gru
314181,228,-0.099417,0.000678,1.769887,0.004322,0.015029,0.091852,0.015462,0.061053,0.0001,,,,,gru
314181,228,-0.04673,0.000503,1.76983,0.004322,0.015244,0.114398,0.016375,0.063347,0.0001,,,,,gru
314181,228,-0.013222,0.000671,1.769786,0.004322,0.016433,0.197019,0.018147,0.131362,0.0001,,,,,gru
314181,228,0.073745,0.000433,1.76975,0.004322,0.012139,0.078662,0.010546,0.029477,0.0001,,,,,gru
314181,228,-0.01283,0.000357,1.769718,0.004322,0.009849,0.104947,0.004841,0.074483,0.0001,,,,,gru
314181,228,-0.002336,0.000387,1.76969,0.004322,0.009116,0.134052,0.000845,0.069952,0.0001,,,,,gru
314181,228,0.018527,0.00063,1.769669,0.004322,0.009391,0.091535,0.006309,0.03802,0.0001,,,,,gru
314181,228,-0.01818,0.000521,1.769651,0.004322,0.011392,0.10576,0.010809,0.05353,0.0001,,,,,gru
314181,228,-0.024794,0.000549,1.769639,0.004322,0.011889,0.146952,0.012301,0.082417,0.0001,,,,,gru
314181,228,0.053477,0.00041,1.769621,0.004322,0.013545,0.119022,0.015202,0.085962,0.0001,,,,,gru
319807,232,0.072023,0.00056,1.769614,0.00431,0.010458,0.066283,0.000677,0.015966,0.0001,,,,,gru
319807,232,-0.093801,0.00049,1.769629,0.00431,0.011288,0.074028,0.005932,0.044983,0.0001,,,,,gru
319807,232,-0.050523,0.000383,1.769637,0.00431,0.01113,0.132683,0.008143,0.097161,0.0001,,,,,gru
319807,232,-0.038633,0.000628,1.769655,0.00431,0.014361,0.048108,0.01171,0.025107,0.0001,,,,,gru
319807,232,0.037893,0.000569,1.76966,0.00431,0.014698,0.242408,0.012213,0.16011,0.0001,,,,,gru
319807,232,-0.077767,0.000412,1.769675,0.00431,0.01416,0.189211,0.012279,0.112426,0.0001,,,,,gru
319807,232,-0.050515,0.000517,1.769696,0.00431,0.012796,0.038448,0.00952,0.025082,0.0001,,,,,gru
319807,232,0.004104,0.000428,1.769712,0.00431,0.010933,0.071851,0.003276,0.044376,0.0001,,,,,gru
319807,232,-0.016289,0.000552,1.769735,0.00431,0.010369,0.096145,0.00259,0.057107,0.0001,,,,,gru
319807,232,-0.071061,0.000559,1.769779,0.00431,0.010904,0.123232,0.00244,0.065195,0.0001,,,,,gru
319807,232,0.114307,0.000391,1.76982,0.00431,0.010342,0.125376,0.005161,0.081128,0.0001,,,,,gru
319807,232,-0.134408,0.000461,1.769882,0.00431,0.008316,0.065745,0.000944,0.038161,0.0001,,,,,gru
324247,236,-0.025227,0.001217,1.769931,0.004298,0.017279,0.123964,0.00337,0.085922,0.0001,,,,,gru
324247,236,0.074251,0.000806,1.76995,0.004298,0.011738,0.038404,0.001851,0.020823,0.0001,,,,,gru
324247,236,0.018388,0.000318,1.769976,0.004298,0.008734,0.10984,0.002264,0.072455,0.0001,,,,,gru
324247,236,-0.004606,0.000685,1.769998,0.004298,0.013901,0.133419,0.005786,0.095302,0.0001,,,,,gru
324247,236,0.050694,0.001339,1.770009,0.004298,0.017031,0.32939,0.004742,0.219773,0.0001,,,,,gru
324247,236,0.034735,0.000257,1.770017,0.004298,0.008736,0.072358,0.002539,0.04823,0.0001,,,,,gru
324247,236,0.078292,0.000651,1.770028,0.004298,0.012919,0.043594,0.002296,0.020457,0.0001,,,,,gru
324247,236,-0.011762,0.001388,1.770031,0.004298,0.015543,0.034819,0.002933,0.02303,0.0001,,,,,gru
324247,236,-0.065658,0.000265,1.770036,0.004298,0.007842,0.079605,0.001849,0.05351,0.0001,,,,,gru
324247,236,-0.016047,0.00099,1.770035,0.004298,0.013941,0.110871,0.004195,0.081276,0.0001,,,,,gru
324247,236,0.04507,0.000649,1.770027,0.004298,0.013536,0.08603,0.006806,0.051072,0.0001,,,,,gru
324247,236,0.151045,0.003065,1.770013,0.004298,0.01856,0.101701,0.007982,0.059509,0.0001,,,,,gru
329477,240,-0.015662,0.003742,1.770024,0.004286,0.017796,0.10051,0.012157,0.052034,0.0001,,,,,gru
329477,240,0.057634,0.000928,1.77004,0.004286,0.013903,0.07585,0.005697,0.039868,0.0001,,,,,gru
329477,240,0.079335,0.00039,1.770048,0.004286,0.010831,0.054031,0.004711,0.031977,0.0001,,,,,gru
329477,240,-0.082769,0.003477,1.770061,0.004286,0.022586,0.179228,0.019768,0.104508,0.0001,,,,,gru
329477,240,0.098524,0.001095,1.770075,0.004286,0.010893,0.043766,0.003048,0.02934,0.0001,,,,,gru
329477,240,0.129636,0.000627,1.770088,0.004286,0.009809,0.022745,0.001742,0.013198,0.0001,,,,,gru
329477,240,0.008674,0.002214,1.770094,0.004286,0.01616,0.113404,0.006733,0.076797,0.0001,,,,,gru
329477,240,0.050026,0.002142,1.770093,0.004286,0.014205,0.061003,0.002177,0.039619,0.0001,,,,,gru
329477,240,0.056307,0.000895,1.770089,0.004286,0.013566,0.033449,0.003497,0.019841,0.0001,,,,,gru
329477,240,0.036424,0.000906,1.770093,0.004286,0.01551,0.077808,0.003534,0.037872,0.0001,,,,,gru
329477,240,0.020548,0.003735,1.770082,0.004286,0.019278,0.062769,0.002383,0.034111,0.0001,,,,,gru
329477,240,0.058564,0.000501,1.770077,0.004286,0.012291,0.043561,0.008472,0.031526,0.0001,,,,,gru
335077,244,0.02732,0.000446,1.770073,0.004274,0.009944,0.115213,0.004534,0.047507,0.0001,,,,,gru
335077,244,-0.036447,0.00053,1.770092,0.004274,0.009061,0.053584,0.00443,0.01952,0.0001,,,,,gru
335077,244,-0.02116,0.000318,1.770129,0.004274,0.009846,0.221507,0.003905,0.140067,0.0001,,,,,gru
335077,244,0.001287,0.000416,1.770137,0.004274,0.010519,0.066995,0.009481,0.037038,0.0001,,,,,gru
335077,244,-0.053025,0.00048,1.770149,0.004274,0.010937,0.096062,0.011561,0.050309,0.0001,,,,,gru
335077,244,0.038791,0.000615,1.770162,0.004274,0.013816,0.24195,0.014371,0.156851,0.0001,,,,,gru
335077,244,-0.002594,0.000476,1.770186,0.004274,0.015407,0.067687,0.017653,0.045339,0.0001,,,,,gru
335077,244,-0.011429,0.000838,1.770224,0.004274,0.018937,0.146892,0.022023,0.091857,0.0001,,,,,gru
335077,244,-0.012087,0.000475,1.770269,0.004274,0.01478,0.264083,0.017163,0.165745,0.0001,,,,,gru
335077,244,0.002969,0.000436,1.770299,0.004274,0.010296,0.157865,0.003979,0.095484,0.0001,,,,,gru
335077,244,-0.1159,0.000509,1.770337,0.004274,0.014822,0.160076,0.013384,0.093215,0.0001,,,,,gru
335077,244,0.122356,0.000856,1.770379,0.004274,0.023417,0.191207,0.025425,0.120274,0.0001,,,,,gru
338810,248,0.055574,0.001977,1.770405,0.004262,0.019596,0.051939,0.014744,0.035544,0.0001,,,,,gru
338810,248,0.033027,0.004068,1.770411,0.004262,0.023819,0.132042,0.022607,0.087143,0.0001,,,,,gru
338810,248,0.061837,0.00169,1.770393,0.004262,0.018449,0.062448,0.016423,0.037282,0.0001,,,,,gru
338810,248,0.025814,0.004345,1.770358,0.004262,0.023415,0.124959,0.016105,0.080228,0.0001,,,,,gru
338810,248,-0.012774,0.004008,1.770303,0.004262,0.022776,0.131018,0.012711,0.071115,0.0001,,,,,gru
338810,248,0.116619,0.001323,1.770221,0.004262,0.015826,0.06725,0.009221,0.038425,0.0001,,,,,gru
338810,248,0.053235,0.00189,1.770134,0.004262,0.022531,0.222294,0.010477,0.126841,0.0001,,,,,gru
338810,248,0.036625,0.003884,1.770018,0.004262,0.026366,0.089439,0.012373,0.054427,0.0001,,,,,gru
343108,252,0.049313,0.002004,1.769907,0.00425,0.01356,0.033659,0.003046,0.015576,0.0001,,,,,gru
343108,252,0.038176,0.001758,1.769814,0.00425,0.014595,0.03857,0.002318,0.021169,0.0001,,,,,gru
343108,252,0.085874,0.00027,1.769738,0.00425,0.010617,0.080722,0.008266,0.049662,0.0001,,,,,gru
343108,252,0.066973,0.002664,1.769672,0.00425,0.017184,0.03666,0.005743,0.019682,0.0001,,,,,gru
343108,252,0.06242,0.000982,1.769616,0.00425,0.013814,0.04675,0.008816,0.03113,0.0001,,,,,gru
343108,252,-0.292545,0.001523,1.769571,0.00425,0.02091,0.256135,0.011614,0.120914,0.0001,,,,,gru
343108,252,0.067328,0.001569,1.769567,0.00425,0.0113,0.086627,0.005227,0.056673,0.0001,,,,,gru
343108,252,0.017604,0.002182,1.769563,0.00425,0.017465,0.131488,0.004843,0.085605,0.0001,,,,,gru
343108,252,0.10492,0.000467,1.769563,0.00425,0.010436,0.149376,0.001541,0.091092,0.0001,,,,,gru
343108,252,0.040394,0.002143,1.769559,0.00425,0.01654,0.041556,0.010143,0.021912,0.0001,,,,,gru
343108,252,0.077596,0.000489,1.769567,0.00425,0.013207,0.018765,0.010283,0.016739,0.0001,,,,,gru
343108,252,-0.194631,0.012191,1.76957,0.00425,0.04585,0.329351,0.049151,0.211842,0.0001,,,,,gru
348703,256,0.021743,0.000454,1.769587,0.004238,0.009429,0.067399,0.001508,0.025143,0.0001,,,,,gru
348703,256,-0.068152,0.000521,1.769603,0.004238,0.012286,0.056126,0.008391,0.029839,0.0001,,,,,gru
348703,256,0.03013,0.000486,1.769612,0.004238,0.015338,0.173646,0.015476,0.104138,0.0001,,,,,gru
348703,256,-0.040219,0.000499,1.769606,0.004238,0.014542,0.208877,0.011405,0.121132,0.0001,,,,,gru
348703,256,0.025175,0.000495,1.769601,0.004238,0.015099,0.075618,0.004064,0.040473,0.0001,,,,,gru
348703,256,-0.01178,0.000674,1.769587,0.004238,0.014006,0.20264,0.004117,0.123471,0.0001,,,,,gru
348703,256,0.070018,0.000706,1.769568,0.004238,0.017051,0.093694,0.010548,0.037734,0.0001,,,,,gru
348703,256,-0.063148,0.001086,1.769535,0.004238,0.023965,0.1121,0.026673,0.06561,0.0001,,,,,gru
348703,256,-0.037022,0.0011,1.769521,0.004238,0.025358,0.212667,0.028072,0.139411,0.0001,,,,,gru
348703,256,0.071487,0.001038,1.769511,0.004238,0.021831,0.237693,0.019193,0.147635,0.0001,,,,,gru
348703,256,-0.025343,0.000745,1.769507,0.004238,0.020227,0.093777,0.01003,0.056217,0.0001,,,,,gru
348703,256,-0.089435,0.000705,1.769504,0.004238,0.020761,0.244903,0.007479,0.1443,0.0001,,,,,gru
353884,260,0.016193,0.003032,1.769492,0.004226,0.022288,0.123537,0.000862,0.080226,0.0001,,,,,gru
353884,260,0.014873,0.00162,1.769483,0.004226,0.022421,0.085461,0.010632,0.059136,0.0001,,,,,gru
353884,260,0.104748,0.000501,1.769479,0.004226,0.019646,0.056619,0.020433,0.032621,0.0001,,,,,gru
353884,260,-0.002704,0.003583,1.769486,0.004226,0.027445,0.110373,0.012664,0.06815,0.0001,,,,,gru
353884,260,0.044638,0.000761,1.769496,0.004226,0.020809,0.038533,0.020249,0.025452,0.0001,,,,,gru
353884,260,0.084762,0.001366,1.769511,0.004226,0.026487,0.127159,0.018479,0.08476,0.0001,,,,,gru
353884,260,0.088859,0.002204,1.769523,0.004226,0.01942,0.030531,0.014023,0.023645,0.0001,,,,,gru
353884,260,-0.048099,0.002367,1.769542,0.004226,0.02236,0.054313,0.003507,0.034206,0.0001,,,,,gru
353884,260,0.093568,0.00054,1.769556,0.004226,0.014493,0.099557,0.001908,0.056641,0.0001,,,,,gru
353884,260,0.057974,0.00068,1.769572,0.004226,0.013989,0.035485,0.004895,0.017457,0.0001,,,,,gru
353884,260,0.04817,0.0022,1.769596,0.004226,0.018768,0.039033,0.010951,0.027138,0.0001,,,,,gru
353884,260,-0.030551,0.00389,1.769615,0.004226,0.027176,0.05051,0.019436,0.03925,0.0001,,,,,gru
358161,264,0.120234,0.00063,1.769629,0.004214,0.0144,0.027526,0.005642,0.012689,0.0001,,,,,gru
358161,264,-0.024789,0.001322,1.769633,0.004214,0.017507,0.210707,0.001746,0.125476,0.0001,,,,,gru
358161,264,-0.202331,0.000287,1.769634,0.004214,0.010667,0.202122,0.001021,0.117114,0.0001,,,,,gru
358161,264,0.081633,0.001465,1.769659,0.004214,0.021939,0.067738,0.016049,0.039096,0.0001,,,,,gru
358161,264,0.006505,0.000669,1.769671,0.004214,0.018763,0.200853,0.019165,0.127556,0.0001,,,,,gru
358161,264,-0.106554,0.000467,1.769672,0.004214,0.015603,0.196374,0.015829,0.11393,0.0001,,,,,gru
358161,264,0.101349,0.000961,1.769701,0.004214,0.020917,0.175473,0.015376,0.108272,0.0001,,,,,gru
358161,264,-0.022789,0.000714,1.769718,0.004214,0.015842,0.030075,0.001603,0.014953,0.0001,,,,,gru
358161,264,-0.022913,0.004085,1.769732,0.004214,0.015493,0.180387,0.008255,0.109579,0.0001,,,,,gru
358161,264,0.150157,0.001101,1.769762,0.004214,0.020342,0.098693,0.014589,0.063654,0.0001,,,,,gru
358161,264,-0.075217,0.001419,1.769787,0.004214,0.026443,0.135495,0.028251,0.098601,0.0001,,,,,gru
358161,264,0.026224,0.000823,1.769803,0.004214,0.022085,0.069233,0.026643,0.036491,0.0001,,,,,gru
363845,268,-0.061881,0.000676,1.769829,0.004202,0.015769,0.072538,0.004938,0.042667,0.0001,,,,,gru
363845,268,-0.017604,0.0007,1.769862,0.004202,0.018361,0.094001,0.004029,0.053537,0.0001,,,,,gru
363845,268,0.084158,0.000823,1.769876,0.004202,0.018128,0.162372,0.002084,0.104565,0.0001,,,,,gru
363845,268,-0.056394,0.000713,1.769889,0.004202,0.018437,0.07187,0.008888,0.043109,0.0001,,,,,gru
363845,268,-0.045495,0.000804,1.76989,0.004202,0.019275,0.028879,0.009563,0.018692,0.0001,,,,,gru
363845,268,0.11589,0.000838,1.769883,0.004202,0.018404,0.204351,0.00526,0.130731,0.0001,,,,,gru
363845,268,0.044438,0.000597,1.769872,0.004202,0.016395,0.169715,0.005055,0.099779,0.0001,,,,,gru
363845,268,0.050334,0.000808,1.76984,0.004202,0.019689,0.182834,0.002651,0.105361,0.0001,,,,,gru
363845,268,-0.135103,0.000744,1.769785,0.004202,0.017217,0.069762,0.006698,0.031548,0.0001,,,,,gru
363845,268,-0.226868,0.000729,1.769756,0.004202,0.017361,0.185552,0.012212,0.115914,0.0001,,,,,gru
363845,268,0.186676,0.000679,1.769723,0.004202,0.02039,0.083214,0.019594,0.058557,0.0001,,,,,gru
363845,268,0.031472,0.000746,1.769691,0.004202,0.017576,0.270185,0.012574,0.15409,0.0001,,,,,gru
367750,272,0.038118,0.006122,1.769654,0.00419,0.030709,0.119257,0.019282,0.082662,0.0001,,,,,gru
367750,272,0.025258,0.007311,1.769624,0.00419,0.028797,0.144764,0.021238,0.092465,0.0001,,,,,gru
367750,272,0.008357,0.004739,1.769606,0.00419,0.028968,0.15397,0.017151,0.101768,0.0001,,,,,gru
367750,272,0.059655,0.008405,1.769583,0.00419,0.031374,0.205568,0.010795,0.128526,0.0001,,,,,gru
367750,272,0.047017,0.005216,1.769567,0.00419,0.03021,0.249789,0.002752,0.16205,0.0001,,,,,gru
367750,272,0.016817,0.007317,1.769552,0.00419,0.036401,0.251604,0.00267,0.155448,0.0001,,,,,gru
367750,272,0.030563,0.005796,1.769549,0.00419,0.035996,0.062515,0.006164,0.039727,0.0001,,,,,gru
367750,272,0.036933,0.006395,1.769552,0.00419,0.038946,0.04579,0.008164,0.029049,0.0001,,,,,gru
372078,276,0.063315,0.000664,1.769561,0.004178,0.014521,0.083685,0.0122,0.043715,0.0001,,,,,gru
372078,276,-0.014119,0.0017,1.769562,0.004178,0.020107,0.114415,0.011777,0.079566,0.0001,,,,,gru
372078,276,0.297231,0.000437,1.769552,0.004178,0.018923,0.062969,0.016843,0.05029,0.0001,,,,,gru
372078,276,-0.037021,0.001585,1.769559,0.004178,0.018363,0.136991,0.004287,0.084895,0.0001,,,,,gru
372078,276,0.092899,0.000752,1.769544,0.004178,0.014743,0.190791,0.004145,0.112474,0.0001,,,,,gru
372078,276,0.269357,0.001072,1.769529,0.004178,0.016543,0.130888,0.007681,0.070506,0.0001,,,,,gru
372078,276,0.100491,0.000722,1.769512,0.004178,0.017186,0.084042,0.005177,0.045822,0.0001,,,,,gru
372078,276,0.034177,0.001587,1.769488,0.004178,0.022546,0.07787,0.010506,0.057865,0.0001,,,,,gru
372078,276,-0.384409,0.004666,1.769467,0.004178,0.028311,0.552605,0.020077,0.369923,0.0001,,,,,gru
372078,276,0.030409,0.001198,1.769471,0.004178,0.018805,0.072564,0.010139,0.04757,0.0001,,,,,gru
372078,276,0.08057,0.001369,1.769464,0.004178,0.021991,0.135977,0.002669,0.078344,0.0001,,,,,gru
372078,276,-0.162314,0.003753,1.769458,0.004178,0.038108,0.150733,0.009925,0.083517,0.0001,,,,,gru
377640,280,0.058226,0.000877,1.769472,0.004166,0.01569,0.110362,0.005905,0.059313,0.0001,,,,,gru
377640,280,-0.044626,0.002343,1.769501,0.004166,0.023398,0.084999,0.005915,0.03138,0.0001,,,,,gru
377640,280,0.104997,0.001677,1.769553,0.004166,0.021088,0.109721,0.018545,0.065659,0.0001,,,,,gru
377640,280,-0.005352,0.002997,1.769602,0.004166,0.028286,0.060199,0.01467,0.026424,0.0001,,,,,gru
377640,280,0.082658,0.001042,1.769664,0.004166,0.022877,0.07637,0.022566,0.038853,0.0001,,,,,gru
377640,280,0.020276,0.000958,1.76974,0.004166,0.021747,0.059216,0.019576,0.041857,0.0001,,,,,gru
377640,280,0.092245,0.002627,1.769805,0.004166,0.025225,0.083719,0.01999,0.058548,0.0001,,,,,gru
377640,280,-0.04561,0.001335,1.76986,0.004166,0.019489,0.069795,0.005085,0.032421,0.0001,,,,,gru
377640,280,0.065265,0.000691,1.769924,0.004166,0.017221,0.069508,0.004044,0.02217,0.0001,,,,,gru
377640,280,-0.051636,0.002548,1.769994,0.004166,0.023471,0.045023,0.01243,0.022279,0.0001,,,,,gru
377640,280,0.094494,0.001343,1.770076,0.004166,0.021872,0.076036,0.010756,0.040257,0.0001,,,,,gru
377640,280,0.067918,0.000759,1.77014,0.004166,0.020909,0.058583,0.019635,0.031675,0.0001,,,,,gru
383311,284,0.025028,0.000556,1.770203,0.004154,0.012119,0.225091,0.001124,0.13234,0.0001,,,,,gru
383311,284,0.019091,0.000603,1.770279,0.004154,0.01515,0.102808,0.006272,0.064714,0.0001,,,,,gru
383311,284,-0.064232,0.000501,1.770348,0.004154,0.015957,0.072215,0.011661,0.030163,0.0001,,,,,gru
383311,284,0.040955,0.000637,1.77041,0.004154,0.01541,0.135717,0.008807,0.078335,0.0001,,,,,gru
383311,284,-0.004099,0.000478,1.770459,0.004154,0.01465,0.104013,0.007918,0.062885,0.0001,,,,,gru
383311,284,-0.05351,0.000541,1.770507,0.004154,0.014358,0.096313,0.005259,0.024363,0.0001,,,,,gru
383311,284,0.017111,0.000493,1.770574,0.004154,0.013657,0.113564,0.002142,0.069441,0.0001,,,,,gru
383311,284,0.019932,0.000422,1.770641,0.004154,0.011901,0.094374,0.004944,0.013488,0.0001,,,,,gru
383311,284,-0.053797,0.000735,1.770695,0.004154,0.014167,0.124337,0.003565,0.074673,0.0001,,,,,gru
383311,284,-0.028684,0.000475,1.770746,0.004154,0.01502,0.093368,0.009767,0.047844,0.0001,,,,,gru
383311,284,-0.08424,0.000497,1.770801,0.004154,0.018348,0.095217,0.013211,0.048115,0.0001,,,,,gru
383311,284,0.145859,0.000998,1.770849,0.004154,0.02268,0.163857,0.019828,0.086916,0.0001,,,,,gru
388541,288,-0.035172,0.00653,1.770892,0.004142,0.029962,0.129854,0.013961,0.072941,0.0001,,,,,gru
388541,288,0.071122,0.003819,1.770897,0.004142,0.020575,0.044306,0.004079,0.025237,0.0001,,,,,gru
388541,288,0.082016,0.000752,1.770893,0.004142,0.018192,0.031942,0.003873,0.017295,0.0001,,,,,gru
388541,288,-0.040121,0.007094,1.770883,0.004142,0.033811,0.131144,0.010581,0.063174,0.0001,,,,,gru
388541,288,0.089265,0.002011,1.77083,0.004142,0.021434,0.043064,0.009654,0.028983,0.0001,,,,,gru
388541,288,0.061633,0.002654,1.770779,0.004142,0.022323,0.0385,0.011561,0.02114,0.0001,,,,,gru
388541,288,-0.016028,0.007825,1.77074,0.004142,0.035355,0.105629,0.002471,0.064518,0.0001,,,,,gru
388541,288,0.041161,0.002409,1.770694,0.004142,0.031504,0.100962,0.015354,0.065295,0.0001,,,,,gru
388541,288,0.10207,0.000594,1.770633,0.004142,0.020787,0.051016,0.021071,0.042643,0.0001,,,,,gru
388541,288,-0.025191,0.005036,1.770568,0.004142,0.031529,0.090012,0.001771,0.047735,0.0001,,,,,gru
388541,288,0.085784,0.004122,1.770494,0.004142,0.022092,0.042687,0.007503,0.025299,0.0001,,,,,gru
388541,288,0.044783,0.00162,1.770414,0.004142,0.022314,0.063316,0.000774,0.019313,0.0001,,,,,gru
393771,292,0.092548,0.002355,1.770334,0.00413,0.017586,0.125301,0.003382,0.075976,0.0001,,,,,gru
393771,292,-0.072393,0.006649,1.770259,0.00413,0.034156,0.152205,0.021399,0.099475,0.0001,,,,,gru
393771,292,0.113745,0.002397,1.770189,0.00413,0.01361,0.048611,0.002257,0.028739,0.0001,,,,,gru
393771,292,-0.043202,0.006328,1.770131,0.00413,0.030859,0.107686,0.016086,0.067393,0.0001,,,,,gru
393771,292,0.089901,0.002315,1.770077,0.00413,0.019547,0.099374,0.00307,0.06595,0.0001,,,,,gru
393771,292,0.070566,0.002633,1.770024,0.00413,0.018454,0.169049,0.007183,0.10801,0.0001,,,,,gru
393771,292,0.002216,0.004422,1.769971,0.00413,0.02564,0.051171,0.001389,0.028395,0.0001,,,,,gru
393771,292,0.052692,0.003365,1.76992,0.00413,0.028311,0.071054,0.010209,0.046752,0.0001,,,,,gru
393771,292,0.061217,0.003807,1.769878,0.00413,0.02419,0.092364,0.008031,0.051348,0.0001,,,,,gru
393771,292,0.04949,0.003825,1.769835,0.00413,0.024367,0.081315,0.006651,0.052782,0.0001,,,,,gru
393771,292,-0.00204,0.003749,1.769796,0.00413,0.026036,0.153133,0.001194,0.093916,0.0001,,,,,gru
393771,292,0.072069,0.004031,1.769775,0.00413,0.024574,0.046367,0.002609,0.011782,0.0001,,,,,gru
399040,296,-0.026232,0.006338,1.76974,0.004118,0.029544,0.109271,0.01545,0.074017,0.0001,,,,,gru
399040,296,0.089317,0.001163,1.769715,0.004118,0.015919,0.060032,0.001283,0.033195,0.0001,,,,,gru
399040,296,0.020236,0.004003,1.769697,0.004118,0.022872,0.042598,0.010873,0.022485,0.0001,,,,,gru
399040,296,0.105614,0.001156,1.769691,0.004118,0.016306,0.029155,0.001724,0.008109,0.0001,,,,,gru
399040,296,0.11112,0.001867,1.769696,0.004118,0.01484,0.034425,0.002751,0.019122,0.0001,,,,,gru
399040,296,-0.238898,0.011523,1.76971,0.004118,0.048731,0.139531,0.039371,0.091869,0.0001,,,,,gru
399040,296,0.102724,0.002156,1.769726,0.004118,0.015416,0.051138,0.001425,0.033335,0.0001,,,,,gru
399040,296,-0.058723,0.003923,1.769745,0.004118,0.028302,0.042128,0.011186,0.01541,0.0001,,,,,gru
399040,296,0.057238,0.006139,1.769774,0.004118,0.028358,0.131782,0.002166,0.073856,0.0001,,,,,gru
399040,296,-0.004667,0.004781,1.769796,0.004118,0.025771,0.060156,0.004194,0.034173,0.0001,,,,,gru
399040,296,0.020251,0.004075,1.769815,0.004118,0.026304,0.105214,0.002457,0.065977,0.0001,,,,,gru
399040,296,0.103104,0.001355,1.769836,0.004118,0.020381,0.112396,0.008314,0.063779,0.0001,,,,,gru
404637,300,-0.087116,0.000564,1.769866,0.004106,0.013142,0.058185,0.008759,0.035027,0.0001,,,,,gru
404637,300,0.080396,0.000793,1.769894,0.004106,0.018081,0.207427,0.014554,0.131572,0.0001,,,,,gru
404637,300,-0.009688,0.000776,1.769905,0.004106,0.016937,0.032162,0.011595,0.02239,0.0001,,,,,gru
404637,300,-0.010044,0.000817,1.769914,0.004106,0.015507,0.099171,0.008383,0.057189,0.0001,,,,,gru
404637,300,-0.016809,0.00061,1.76991,0.004106,0.015843,0.077402,0.004563,0.048879,0.0001,,,,,gru
404637,300,0.018586,0.000565,1.76992,0.004106,0.015171,0.06943,0.001329,0.022006,0.0001,,,,,gru
404637,300,-0.095278,0.000724,1.769908,0.004106,0.015245,0.24459,0.006129,0.15026,0.0001,,,,,gru
404637,300,0.096719,0.00074,1.769875,0.004106,0.017558,0.238333,0.003279,0.152988,0.0001,,,,,gru
404637,300,-0.020015,0.000554,1.769838,0.004106,0.017585,0.242179,0.003879,0.154324,0.0001,,,,,gru
404637,300,0.008937,0.000726,1.769796,0.004106,0.015563,0.06713,0.001477,0.034149,0.0001,,,,,gru
404637,300,0.026822,0.000768,1.769741,0.004106,0.016716,0.161253,0.001344,0.095755,0.0001,,,,,gru
404637,300,-0.061895,0.00044,1.769686,0.004106,0.014479,0.090725,0.003277,0.040712,0.0001,,,,,gru
408940,304,-0.033462,0.003407,1.769627,0.004094,0.025572,0.136689,0.008471,0.086859,0.0001,,,,,gru
408940,304,0.074464,0.00378,1.769559,0.004094,0.024487,0.059943,0.002831,0.038145,0.0001,,,,,gru
408940,304,0.247277,0.000451,1.769499,0.004094,0.015283,0.063539,0.011996,0.036311,0.0001,,,,,gru
408940,304,-0.040285,0.005785,1.769443,0.004094,0.02935,0.102139,0.016915,0.068908,0.0001,,,,,gru
408940,304,0.09974,0.001392,1.769398,0.004094,0.020553,0.100803,0.004963,0.049217,0.0001,,,,,gru
408940,304,0.112271,0.001322,1.769337,0.004094,0.018292,0.051805,0.008647,0.032067,0.0001,,,,,gru
408940,304,-0.046376,0.004793,1.769294,0.004094,0.031831,0.111098,0.024286,0.073437,0.0001,,,,,gru
408940,304,0.106918,0.002623,1.769261,0.004094,0.020844,0.133368,0.008384,0.087251,0.0001,,,,,gru
408940,304,0.126442,0.000387,1.769224,0.004094,0.009574,0.12263,0.003334,0.069533,0.0001,,,,,gru
408940,304,0.09488,0.002357,1.769182,0.004094,0.017881,0.047949,0.000939,0.023432,0.0001,,,,,gru
408940,304,0.009742,0.003777,1.769129,0.004094,0.027837,0.115503,0.003489,0.078286,0.0001,,,,,gru
408940,304,-0.252253,0.009135,1.769077,0.004094,0.045436,0.199514,0.023756,0.096932,0.0001,,,,,gru
414543,308,0.041581,0.000507,1.769088,0.004082,0.015935,0.094994,0.014799,0.055047,0.0001,,,,,gru
414543,308,0.019488,0.000795,1.769085,0.004082,0.016269,0.044498,0.013953,0.025363,0.0001,,,,,gru
414543,308,-0.069078,0.000719,1.769069,0.004082,0.015377,0.134652,0.007011,0.076071,0.0001,,,,,gru
414543,308,-0.063842,0.000504,1.769074,0.004082,0.013261,0.054674,0.000822,0.027896,0.0001,,,,,gru
414543,308,0.034572,0.000751,1.76907,0.004082,0.017646,0.115805,0.004433,0.068097,0.0001,,,,,gru
414543,308,0.054855,0.00076,1.769068,0.004082,0.018784,0.193805,0.008817,0.112557,0.0001,,,,,gru
414543,308,0.015756,0.000738,1.769068,0.004082,0.015695,0.201619,0.00391,0.118528,0.0001,,,,,gru
414543,308,-0.036554,0.000621,1.769071,0.004082,0.017414,0.129113,0.004008,0.07989,0.0001,,,,,gru
414543,308,0.043411,0.000661,1.769086,0.004082,0.018157,0.099503,0.015194,0.061076,0.0001,,,,,gru
414543,308,0.033962,0.00068,1.769096,0.004082,0.02278,0.032225,0.021483,0.031306,0.0001,,,,,gru
414543,308,0.03105,0.00085,1.769103,0.004082,0.023694,0.185126,0.022915,0.10964,0.0001,,,,,gru
414543,308,-0.071383,0.000846,1.769078,0.004082,0.021296,0.134635,0.0175,0.073574,0.0001,,,,,gru
418865,312,0.062381,0.001645,1.769049,0.00407,0.019084,0.069755,0.012361,0.047333,0.0001,,,,,gru
418865,312,0.034472,0.001953,1.769028,0.00407,0.019658,0.07941,0.002405,0.043419,0.0001,,,,,gru
418865,312,0.020472,0.000359,1.769015,0.00407,0.012358,0.114978,0.005005,0.062305,0.0001,,,,,gru
418865,312,0.072932,0.000714,1.768982,0.00407,0.019529,0.055919,0.011916,0.030071,0.0001,,,,,gru
418865,312,0.033044,0.003232,1.768958,0.00407,0.027402,0.064076,0.026482,0.031228,0.0001,,,,,gru
418865,312,-0.053911,0.001414,1.768939,0.00407,0.030468,0.160891,0.034972,0.1112,0.0001,,,,,gru
418865,312,0.034067,0.002286,1.768916,0.00407,0.029238,0.081675,0.029179,0.052784,0.0001,,,,,gru
418865,312,0.090301,0.000849,1.768898,0.00407,0.019315,0.056522,0.015941,0.04126,0.0001,,,,,gru
418865,312,-0.197719,0.008683,1.768883,0.00407,0.030077,0.234321,0.034054,0.128769,0.0001,,,,,gru
418865,312,0.078729,0.000574,1.768872,0.00407,0.013437,0.067053,0.000876,0.036557,0.0001,,,,,gru
418865,312,0.000142,0.002911,1.768865,0.00407,0.023052,0.091347,0.003308,0.049796,0.0001,,,,,gru
418865,312,0.171258,0.000675,1.768864,0.00407,0.019572,0.162731,0.022293,0.107836,0.0001,,,,,gru
423105,316,0.081887,0.000806,1.768846,0.004058,0.019705,0.067749,0.015949,0.034459,0.0001,,,,,gru
423105,316,0.00412,0.002375,1.768833,0.004058,0.022036,0.073563,0.011755,0.035335,0.0001,,,,,gru
423105,316,0.182103,0.000754,1.768814,0.004058,0.020554,0.198756,0.024245,0.120048,0.0001,,,,,gru
423105,316,0.056437,0.001626,1.768777,0.004058,0.019857,0.08593,0.016131,0.050404,0.0001,,,,,gru
423105,316,0.042864,0.001563,1.768733,0.004058,0.02061,0.094474,0.011814,0.059825,0.0001,,,,,gru
423105,316,0.024672,0.000273,1.768696,0.004058,0.009871,0.163264,0.008897,0.107657,0.0001,,,,,gru
423105,316,0.04965,0.001773,1.768664,0.004058,0.016135,0.059343,0.00441,0.032561,0.0001,,,,,gru
423105,316,0.068663,0.001242,1.768629,0.004058,0.012993,0.040577,0.001809,0.016925,0.0001,,,,,gru
423105,316,-0.193521,0.000473,1.768599,0.004058,0.015221,0.307892,0.015522,0.195392,0.0001,,,,,gru
423105,316,0.047772,0.001396,1.768556,0.004058,0.013582,0.066627,0.004142,0.036312,0.0001,,,,,gru
423105,316,0.045874,0.001612,1.768513,0.004058,0.015277,0.030099,0.004762,0.015587,0.0001,,,,,gru
423105,316,0.097176,0.000279,1.768471,0.004058,0.00637,0.089635,0.00367,0.047061,0.0001,,,,,gru
425903,320,-0.00195,0.007161,1.768451,0.004046,0.034997,0.126197,0.018511,0.073965,0.0001,,,,,gru
425903,320,0.13096,0.004396,1.768398,0.004046,0.023665,0.091249,0.001615,0.053435,0.0001,,,,,gru
425903,320,0.046386,0.004821,1.768339,0.004046,0.030263,0.100828,0.008055,0.061202,0.0001,,,,,gru
425903,320,0.00523,0.010365,1.768273,0.004046,0.040262,0.366074,0.016118,0.209513,0.0001,,,,,gru
425903,320,0.094346,0.006066,1.768142,0.004046,0.030318,0.124059,0.000923,0.068167,0.0001,,,,,gru
425903,320,-0.114293,0.006831,1.767996,0.004046,0.047766,0.273443,0.019748,0.173158,0.0001,,,,,gru
425903,320,0.076417,0.004434,1.767846,0.004046,0.035383,0.128181,0.005481,0.077709,0.0001,,,,,gru
425903,320,-0.073598,0.011234,1.767704,0.004046,0.050821,0.276093,0.01258,0.175928,0.0001,,,,,gru
430211,324,0.07068,0.00099,1.767578,0.004034,0.021574,0.117109,0.016661,0.076262,0.0001,,,,,gru
430211,324,-0.011195,0.002111,1.767462,0.004034,0.025418,0.061122,0.013429,0.032787,0.0001,,,,,gru
430211,324,0.035797,0.001125,1.767373,0.004034,0.030559,0.250048,0.020553,0.139801,0.0001,,,,,gru
430211,324,0.041677,0.000986,1.76731,0.004034,0.028728,0.179973,0.028323,0.121874,0.0001,,,,,gru
430211,324,0.029911,0.002439,1.767258,0.004034,0.034617,0.178133,0.027199,0.121512,0.0001,,,,,gru
430211,324,-0.075892,0.001368,1.767226,0.004034,0.021909,0.154088,0.017002,0.077613,0.0001,,,,,gru
430211,324,0.001522,0.001002,1.767207,0.004034,0.027098,0.135368,0.027834,0.091809,0.0001,,,,,gru
430211,324,0.046796,0.002187,1.767193,0.004034,0.029583,0.298617,0.019662,0.184801,0.0001,,,,,gru
430211,324,0.128561,0.000421,1.767191,0.004034,0.014932,0.269542,0.00864,0.170114,0.0001,,,,,gru
430211,324,0.027566,0.0015,1.767194,0.004034,0.023085,0.189356,0.020298,0.113967,0.0001,,,,,gru
430211,324,0.082371,0.0019,1.767203,0.004034,0.033265,0.114526,0.036644,0.079739,0.0001,,,,,gru
430211,324,-0.372152,0.004841,1.767212,0.004034,0.065784,0.224393,0.076284,0.153836,0.0001,,,,,gru
435847,328,0.029206,0.000801,1.767252,0.004022,0.016855,0.088851,0.01064,0.048795,0.0001,,,,,gru
435847,328,-0.089334,0.000722,1.767296,0.004022,0.017991,0.281461,0.015834,0.161773,0.0001,,,,,gru
435847,328,0.085463,0.000581,1.767338,0.004022,0.012491,0.116976,0.001428,0.066945,0.0001,,,,,gru
435847,328,0.012632,0.00063,1.767393,0.004022,0.01548,0.25258,0.010091,0.158538,0.0001,,,,,gru
435847,328,0.004788,0.000553,1.767455,0.004022,0.017209,0.254558,0.017067,0.155207,0.0001,,,,,gru
435847,328,-0.014815,0.000979,1.767504,0.004022,0.023762,0.146377,0.027088,0.074248,0.0001,,,,,gru
435847,328,-0.000193,0.000991,1.767573,0.004022,0.027617,0.088051,0.03309,0.058509,0.0001,,,,,gru
435847,328,0.047882,0.001201,1.767639,0.004022,0.030448,0.109884,0.036853,0.052275,0.0001,,,,,gru
435847,328,-0.050652,0.001047,1.767728,0.004022,0.029761,0.124919,0.0357,0.072074,0.0001,,,,,gru
435847,328,0.019269,0.000977,1.767823,0.004022,0.02631,0.157038,0.031549,0.093934,0.0001,,,,,gru
435847,328,-0.017553,0.000844,1.767935,0.004022,0.018441,0.178833,0.019874,0.098315,0.0001,,,,,gru
435847,328,0.006964,0.000524,1.768052,0.004022,0.012125,0.213915,0.005525,0.12754,0.0001,,,,,gru
441490,332,0.075078,0.000805,1.768174,0.00401,0.015452,0.105828,0.010968,0.068699,0.0001,,,,,gru
441490,332,-0.051732,0.001173,1.768281,0.00401,0.030075,0.214329,0.034143,0.109376,0.0001,,,,,gru
441490,332,-0.116059,0.001692,1.768344,0.00401,0.039289,0.090674,0.049252,0.08285,0.0001,,,,,gru
441490,332,-0.009081,0.001877,1.768417,0.00401,0.043172,0.081873,0.052607,0.082636,0.0001,,,,,gru
441490,332,0.034397,0.0017,1.768471,0.00401,0.037187,0.042198,0.044905,0.051742,0.0001,,,,,gru
441490,332,-0.119821,0.00132,1.768511,0.00401,0.032186,0.08268,0.039259,0.053479,0.0001,,,,,gru
441490,332,-0.016225,0.000846,1.768542,0.00401,0.022211,0.073816,0.023646,0.034529,0.0001,,,,,gru
441490,332,-0.035416,0.000909,1.768566,0.00401,0.016653,0.092472,0.009822,0.048218,0.0001,,,,,gru
441490,332,-0.019878,0.000497,1.768557,0.00401,0.012736,0.042626,0.006151,0.02269,0.0001,,,,,gru
441490,332,-0.027015,0.000711,1.768551,0.00401,0.018672,0.089924,0.018816,0.050127,0.0001,,,,,gru
441490,332,-0.003974,0.000798,1.768523,0.00401,0.023382,0.096451,0.027398,0.050719,0.0001,,,,,gru
441490,332,-0.045437,0.001244,1.76848,0.00401,0.028357,0.126986,0.03348,0.068426,0.0001,,,,,gru
444471,336,0.029158,0.005882,1.768432,0.003998,0.033201,0.045236,0.01227,0.036218,0.0001,,,,,gru
444471,336,-0.004415,0.003684,1.768382,0.003998,0.030466,0.07748,0.012087,0.047531,0.0001,,,,,gru
444471,336,-0.022751,0.005265,1.768341,0.003998,0.034166,0.091233,0.00709,0.058973,0.0001,,,,,gru
444471,336,0.108315,0.004612,1.768312,0.003998,0.035512,0.085815,0.008939,0.050781,0.0001,,,,,gru
444471,336,0.016122,0.00472,1.768287,0.003998,0.039818,0.08436,0.008364,0.055098,0.0001,,,,,gru
444471,336,0.027799,0.005741,1.76827,0.003998,0.040506,0.133328,0.009284,0.09712,0.0001,,,,,gru
444471,336,0.055025,0.002403,1.768271,0.003998,0.03757,0.09296,0.016726,0.066598,0.0001,,,,,gru
444471,336,-0.060306,0.011101,1.768277,0.003998,0.046854,0.302029,0.008587,0.193014,0.0001,,,,,gru
450162,340,-0.049844,0.000523,1.768302,0.003986,0.011528,0.116927,0.008485,0.064367,0.0001,,,,,gru
450162,340,0.012475,0.000431,1.768305,0.003986,0.010453,0.193195,0.008165,0.102154,0.0001,,,,,gru
450162,340,0.026055,0.000519,1.768297,0.003986,0.01057,0.061799,0.009999,0.022047,0.0001,,,,,gru
450162,340,0.044547,0.000561,1.768278,0.003986,0.011738,0.212218,0.011342,0.113954,0.0001,,,,,gru
450162,340,0.005714,0.000668,1.768255,0.003986,0.015492,0.112162,0.016321,0.057875,0.0001,,,,,gru
450162,340,-0.080646,0.000521,1.768203,0.003986,0.014293,0.21899,0.015781,0.147839,0.0001,,,,,gru
450162,340,-0.038114,0.000436,1.768161,0.003986,0.012384,0.140277,0.012202,0.083766,0.0001,,,,,gru
450162,340,0.0677,0.000527,1.76811,0.003986,0.012404,0.14527,0.003461,0.082609,0.0001,,,,,gru
450162,340,-0.053923,0.000691,1.768039,0.003986,0.012104,0.161328,0.007821,0.094331,0.0001,,,,,gru
450162,340,-0.098861,0.000601,1.767954,0.003986,0.017073,0.192149,0.018116,0.112013,0.0001,,,,,gru
450162,340,0.053605,0.000792,1.767859,0.003986,0.021775,0.190082,0.02479,0.121217,0.0001,,,,,gru
450162,340,0.040739,0.0009,1.767767,0.003986,0.0252,0.102279,0.02798,0.070895,0.0001,,,,,gru
454511,344,0.037767,0.000775,1.767659,0.003974,0.013657,0.040487,0.004636,0.022614,0.0001,,,,,gru
454511,344,0.047167,0.002118,1.767566,0.003974,0.017382,0.069366,0.004332,0.042882,0.0001,,,,,gru
454511,344,-0.131673,0.002265,1.767486,0.003974,0.023526,0.32464,0.00919,0.214238,0.0001,,,,,gru
454511,344,0.010451,0.001257,1.767343,0.003974,0.016815,0.175031,0.002936,0.119024,0.0001,,,,,gru
454511,344,0.069117,0.001812,1.767213,0.003974,0.019866,0.165742,0.008528,0.110817,0.0001,,,,,gru
454511,344,-0.094617,0.001138,1.767086,0.003974,0.020054,0.114026,0.007038,0.071393,0.0001,,,,,gru
454511,344,0.084022,0.00073,1.766996,0.003974,0.019459,0.088466,0.015164,0.057378,0.0001,,,,,gru
454511,344,-0.01756,0.002329,1.766922,0.003974,0.025138,0.106459,0.005824,0.062994,0.0001,,,,,gru
454511,344,-0.003332,0.001523,1.766847,0.003974,0.02036,0.272608,0.001907,0.184566,0.0001,,,,,gru
454511,344,0.060739,0.001513,1.766785,0.003974,0.021973,0.033349,0.009482,0.017628,0.0001,,,,,gru
454511,344,0.00125,0.001663,1.766724,0.003974,0.023576,0.053438,0.002937,0.034215,0.0001,,,,,gru
454511,344,0.034725,0.000475,1.766665,0.003974,0.016658,0.059662,0.004245,0.023841,0.0001,,,,,gru
458902,348,-0.047615,0.001995,1.766631,0.003962,0.020944,0.121171,0.007058,0.085139,0.0001,,,,,gru
458902,348,0.112426,0.000659,1.766613,0.003962,0.012707,0.103704,0.001792,0.059869,0.0001,,,,,gru
458902,348,-0.038103,0.000481,1.766596,0.003962,0.01389,0.079796,0.007189,0.049599,0.0001,,,,,gru
458902,348,-0.045153,0.001582,1.766588,0.003962,0.0191,0.045235,0.006914,0.01986,0.0001,,,,,gru
458902,348,0.119329,0.000996,1.766599,0.003962,0.014524,0.093599,0.002663,0.05901,0.0001,,,,,gru
458902,348,-0.09274,0.000553,1.766607,0.003962,0.011781,0.069789,0.005037,0.017802,0.0001,,,,,gru
458902,348,0.049884,0.000689,1.766618,0.003962,0.013731,0.224262,0.001591,0.156949,0.0001,,,,,gru
458902,348,0.000141,0.001802,1.766632,0.003962,0.019586,0.148926,0.004034,0.096089,0.0001,,,,,gru
458902,348,0.055336,0.000567,1.766658,0.003962,0.014804,0.195098,0.004594,0.112392,0.0001,,,,,gru
458902,348,0.047977,0.001163,1.766666,0.003962,0.015804,0.050412,0.000799,0.031119,0.0001,,,,,gru
458902,348,-0.013859,0.001259,1.766674,0.003962,0.019542,0.051331,0.003933,0.015715,0.0001,,,,,gru
458902,348,0.16888,0.000678,1.766701,0.003962,0.015938,0.126651,0.012981,0.08431,0.0001,,,,,gru
464545,352,0.060642,0.000642,1.766737,0.00395,0.01248,0.248428,0.003915,0.159266,0.0001,,,,,gru
464545,352,-0.065376,0.000381,1.766767,0.00395,0.011138,0.055339,0.000635,0.02832,0.0001,,,,,gru
464545,352,-0.0226,0.000604,1.766808,0.00395,0.011213,0.2369,0.00063,0.140511,0.0001,,,,,gru
464545,352,0.050745,0.000336,1.76684,0.00395,0.011257,0.371493,0.001384,0.244344,0.0001,,,,,gru
464545,352,-0.050584,0.000675,1.766864,0.00395,0.011745,0.440143,0.002503,0.2794,0.0001,,,,,gru
464545,352,-0.033651,0.00059,1.766894,0.00395,0.010242,0.333612,0.002386,0.201633,0.0001,,,,,gru
464545,352,0.058978,0.000725,1.766916,0.00395,0.011644,0.253598,0.001409,0.167413,0.0001,,,,,gru
464545,352,0.004832,0.000436,1.766937,0.00395,0.011584,0.156121,0.006555,0.086974,0.0001,,,,,gru
464545,352,-0.109365,0.000461,1.766957,0.00395,0.014165,0.178744,0.011096,0.116803,0.0001,,,,,gru
464545,352,-0.037488,0.000622,1.766987,0.00395,0.013481,0.227742,0.008253,0.142226,0.0001,,,,,gru
464545,352,-0.014478,0.000482,1.767027,0.00395,0.013532,0.20786,0.010947,0.120515,0.0001,,,,,gru
464545,352,0.039076,0.000609,1.767063,0.00395,0.012865,0.256242,0.007302,0.16755,0.0001,,,,,gru
468903,356,0.011442,0.001215,1.76708,0.003938,0.016327,0.150083,0.003105,0.09456,0.0001,,,,,gru
468903,356,0.051709,0.001028,1.767097,0.003938,0.015726,0.070429,0.009935,0.043918,0.0001,,,,,gru
468903,356,-0.089224,0.000491,1.767121,0.003938,0.015909,0.181328,0.015803,0.109666,0.0001,,,,,gru
468903,356,-0.033759,0.001619,1.767155,0.003938,0.023437,0.09124,0.015751,0.062583,0.0001,,,,,gru
468903,356,0.07354,0.000848,1.767195,0.003938,0.021417,0.079784,0.021058,0.064838,0.0001,,,,,gru
468903,356,0.104386,0.000728,1.767237,0.003938,0.020108,0.185883,0.020027,0.112135,0.0001,,,,,gru
468903,356,-0.022429,0.001142,1.767243,0.003938,0.019226,0.119399,0.006134,0.086754,0.0001,,,,,gru
468903,356,0.098004,0.00107,1.76725,0.003938,0.017693,0.088343,0.004757,0.062785,0.0001,,,,,gru
468903,356,-0.158733,0.000573,1.767262,0.003938,0.016456,0.166335,0.006226,0.10944,0.0001,,,,,gru
468903,356,-0.019207,0.001623,1.767313,0.003938,0.018424,0.054663,0.013222,0.043415,0.0001,,,,,gru
468903,356,0.094691,0.000671,1.767365,0.003938,0.017898,0.070362,0.009147,0.043579,0.0001,,,,,gru
468903,356,-0.162399,0.001534,1.767408,0.003938,0.027665,0.317432,0.017537,0.189674,0.0001,,,,,gru
471767,360,0.016608,0.003506,1.767494,0.003926,0.024254,0.038275,0.018183,0.025231,0.0001,,,,,gru
471767,360,0.169142,0.004339,1.767576,0.003926,0.017435,0.079202,0.007811,0.043673,0.0001,,,,,gru
471767,360,0.056569,0.004224,1.767663,0.003926,0.025273,0.048341,0.022016,0.032007,0.0001,,,,,gru
471767,360,0.06892,0.002878,1.767748,0.003926,0.022336,0.025939,0.020135,0.025846,0.0001,,,,,gru
471767,360,0.06984,0.003167,1.767831,0.003926,0.022772,0.039034,0.017786,0.032991,0.0001,,,,,gru
471767,360,0.036006,0.005138,1.767909,0.003926,0.024751,0.093646,0.018068,0.065117,0.0001,,,,,gru
471767,360,0.065054,0.003953,1.767982,0.003926,0.022702,0.066895,0.006126,0.044763,0.0001,,,,,gru
471767,360,0.049119,0.002621,1.768045,0.003926,0.02272,0.074203,0.003779,0.039733,0.0001,,,,,gru
476041,364,0.030388,0.001074,1.768113,0.003914,0.017286,0.094386,0.003576,0.062171,0.0001,,,,,gru
476041,364,-0.013371,0.000738,1.768167,0.003914,0.017375,0.120999,0.011177,0.072837,0.0001,,,,,gru
476041,364,0.297993,0.00169,1.768227,0.003914,0.0302,0.403766,0.026277,0.199378,0.0001,,,,,gru
476041,364,-0.04751,0.000942,1.768191,0.003914,0.023431,0.107743,0.021523,0.070391,0.0001,,,,,gru
476041,364,0.080604,0.001463,1.768159,0.003914,0.028501,0.183674,0.027622,0.116878,0.0001,,,,,gru
476041,364,0.139103,0.00053,1.768124,0.003914,0.023164,0.218122,0.026538,0.143639,0.0001,,,,,gru
476041,364,0.047922,0.000844,1.768082,0.003914,0.019243,0.069673,0.014391,0.041646,0.0001,,,,,gru
476041,364,-0.012414,0.001185,1.768027,0.003914,0.019222,0.071778,0.00288,0.051505,0.0001,,,,,gru
476041,364,0.10827,0.000404,1.767987,0.003914,0.013207,0.149843,0.004754,0.062716,0.0001,,,,,gru
476041,364,0.104921,0.000883,1.767921,0.003914,0.017484,0.112994,0.009397,0.063946,0.0001,,,,,gru
476041,364,-0.047258,0.001267,1.767852,0.003914,0.02019,0.242649,0.017304,0.159869,0.0001,,,,,gru
476041,364,-0.12763,0.000565,1.767787,0.003914,0.017242,0.159027,0.020027,0.085742,0.0001,,,,,gru
481580,368,-0.034045,0.000785,1.767718,0.003902,0.013931,0.200005,0.002645,0.114093,0.0001,,,,,gru
481580,368,0.00686,0.000642,1.767646,0.003902,0.013779,0.110874,0.00346,0.065802,0.0001,,,,,gru
481580,368,0.02067,0.000475,1.767575,0.003902,0.013041,0.269303,0.003919,0.155667,0.0001,,,,,gru
481580,368,-0.08562,0.000648,1.767518,0.003902,0.014218,0.36549,0.007867,0.223673,0.0001,,,,,gru
481580,368,0.068602,0.000779,1.767479,0.003902,0.01715,0.397417,0.016044,0.237038,0.0001,,,,,gru
481580,368,0.007524,0.000681,1.767421,0.003902,0.014054,0.089495,0.011473,0.052853,0.0001,,,,,gru
481580,368,-0.025963,0.000568,1.767374,0.003902,0.013398,0.107808,0.007083,0.055759,0.0001,,,,,gru
481580,368,0.025087,0.000756,1.767322,0.003902,0.013937,0.161641,0.006869,0.0916,0.0001,,,,,gru
481580,368,-0.011494,0.000703,1.767269,0.003902,0.013895,0.140923,0.007272,0.077187,0.0001,,,,,gru
481580,368,-0.008037,0.000741,1.767221,0.003902,0.014621,0.094592,0.01001,0.039919,0.0001,,,,,gru
481580,368,-0.024332,0.000568,1.767156,0.003902,0.014845,0.17216,0.009167,0.091321,0.0001,,,,,gru
481580,368,0.034339,0.000859,1.767089,0.003902,0.015766,0.094563,0.008205,0.056928,0.0001,,,,,gru
487241,372,0.072807,0.000719,1.767039,0.00389,0.012612,0.188018,0.002046,0.100079,0.0001,,,,,gru
487241,372,-0.07198,0.000813,1.766987,0.00389,0.014148,0.103244,0.005337,0.061065,0.0001,,,,,gru
487241,372,-0.030022,0.000402,1.766944,0.00389,0.01009,0.079783,0.002219,0.034884,0.0001,,,,,gru
487241,372,-0.116154,0.000683,1.766889,0.00389,0.013307,0.154189,0.008881,0.095806,0.0001,,,,,gru
487241,372,0.060524,0.000663,1.76685,0.00389,0.0172,0.19857,0.017899,0.125781,0.0001,,,,,gru
487241,372,0.044974,0.000877,1.766816,0.00389,0.013957,0.249361,0.013752,0.158164,0.0001,,,,,gru
487241,372,-0.028866,0.000597,1.766776,0.00389,0.010897,0.055144,0.006238,0.028567,0.0001,,,,,gru
487241,372,0.072249,0.000782,1.766748,0.00389,0.01097,0.090726,0.003205,0.055366,0.0001,,,,,gru
487241,372,-0.07671,0.000507,1.766722,0.00389,0.01148,0.102031,0.005634,0.055357,0.0001,,,,,gru
487241,372,0.012266,0.000645,1.766696,0.00389,0.014713,0.087798,0.011243,0.052215,0.0001,,,,,gru
487241,372,-0.011836,0.000673,1.766674,0.00389,0.018159,0.293094,0.017565,0.172126,0.0001,,,,,gru
487241,372,-0.025054,0.000874,1.766627,0.00389,0.017728,0.157971,0.016268,0.098108,0.0001,,,,,gru
491490,376,0.051825,0.000851,1.766604,0.003878,0.013901,0.046037,0.007343,0.028818,0.0001,,,,,gru
491490,376,-0.005831,0.001864,1.766589,0.003878,0.016541,0.059351,0.005918,0.017979,0.0001,,,,,gru
491490,376,0.08105,0.000456,1.766567,0.003878,0.008399,0.159091,0.008484,0.094211,0.0001,,,,,gru
491490,376,0.100502,0.001166,1.766531,0.003878,0.014885,0.178042,0.009321,0.112002,0.0001,,,,,gru
491490,376,-0.046731,0.001598,1.766489,0.003878,0.018685,0.189584,0.005377,0.122248,0.0001,,,,,gru
491490,376,-0.018633,0.001388,1.766461,0.003878,0.010352,0.259536,0.007885,0.159677,0.0001,,,,,gru
491490,376,-0.033294,0.002237,1.766433,0.003878,0.023406,0.086277,0.010577,0.048733,0.0001,,,,,gru
491490,376,0.080889,0.001046,1.766406,0.003878,0.020201,0.050247,0.018871,0.03466,0.0001,,,,,gru
491490,376,0.07126,0.00067,1.766384,0.003878,0.015493,0.045995,0.016613,0.02352,0.0001,,,,,gru
491490,376,0.001519,0.001546,1.76635,0.003878,0.024129,0.076698,0.016673,0.055567,0.0001,,,,,gru
491490,376,0.071079,0.001399,1.766319,0.003878,0.019272,0.179589,0.010057,0.116335,0.0001,,,,,gru
491490,376,-0.231557,0.008389,1.766285,0.003878,0.04504,0.586373,0.031639,0.347646,0.0001,,,,,gru
497138,380,-0.001229,0.000551,1.766198,0.003866,0.009529,0.080576,0.001538,0.038887,0.0001,,,,,gru
497138,380,0.086428,0.000773,1.766106,0.003866,0.011677,0.080444,0.001939,0.042276,0.0001,,,,,gru
497138,380,-0.117325,0.00038,1.766008,0.003866,0.011376,0.157422,0.007706,0.095064,0.0001,,,,,gru
497138,380,0.072315,0.000515,1.765911,0.003866,0.013283,0.28959,0.008916,0.170451,0.0001,,,,,gru
497138,380,-0.066877,0.000835,1.765796,0.003866,0.017767,0.109852,0.016856,0.061316,0.0001,,,,,gru
497138,380,-0.01963,0.000606,1.765663,0.003866,0.018698,0.106286,0.01888,0.063754,0.0001,,,,,gru
497138,380,0.031917,0.000798,1.765555,0.003866,0.01974,0.114787,0.020433,0.070938,0.0001,,,,,gru
497138,380,-0.003803,0.000705,1.765449,0.003866,0.019909,0.151168,0.019648,0.086249,0.0001,,,,,gru
497138,380,-0.042494,0.000593,1.765324,0.003866,0.018828,0.207276,0.019096,0.131885,0.0001,,,,,gru
497138,380,0.058242,0.00046,1.765189,0.003866,0.012104,0.101031,0.007725,0.058023,0.0001,,,,,gru
497138,380,0.055442,0.000559,1.765054,0.003866,0.009673,0.066961,0.003816,0.033312,0.0001,,,,,gru
497138,380,-0.156666,0.000737,1.764911,0.003866,0.010207,0.112386,0.011083,0.06386,0.0001,,,,,gru
502757,384,0.026756,0.000469,1.764769,0.003854,0.008733,0.120056,0.005997,0.074634,0.0001,,,,,gru
502757,384,0.067534,0.00048,1.764631,0.003854,0.010325,0.094012,0.010604,0.055,0.0001,,,,,gru
502757,384,-0.139882,0.0007,1.764522,0.003854,0.008264,0.06307,0.007386,0.027638,0.0001,,,,,gru
502757,384,0.011132,0.000518,1.764423,0.003854,0.009638,0.357457,0.007646,0.214921,0.0001,,,,,gru
502757,384,0.092061,0.000567,1.764339,0.003854,0.008184,0.230107,0.000795,0.136304,0.0001,,,,,gru
502757,384,-0.146442,0.000407,1.764245,0.003854,0.011534,0.193847,0.010706,0.115411,0.0001,,,,,gru
502757,384,-0.032437,0.000521,1.764177,0.003854,0.013777,0.078916,0.013493,0.050217,0.0001,,,,,gru
502757,384,0.0129,0.000589,1.764113,0.003854,0.012077,0.134801,0.010614,0.078948,0.0001,,,,,gru
502757,384,0.016002,0.00041,1.764041,0.003854,0.008815,0.096692,0.003227,0.05129,0.0001,,,,,gru
502757,384,-0.001459,0.000489,1.763964,0.003854,0.008365,0.042653,0.00252,0.017315,0.0001,,,,,gru
502757,384,-0.068848,0.00047,1.763881,0.003854,0.009477,0.087765,0.009317,0.056282,0.0001,,,,,gru
502757,384,0.08409,0.000635,1.763806,0.003854,0.013853,0.110392,0.014936,0.060776,0.0001,,,,,gru
508420,388,0.134299,0.00052,1.763765,0.003842,0.01128,0.136355,0.01091,0.0613,0.0001,,,,,gru
508420,388,-0.008288,0.000576,1.763755,0.003842,0.009287,0.129567,0.007482,0.078035,0.0001,,,,,gru
508420,388,-0.136663,0.000531,1.763753,0.003842,0.008846,0.112617,0.003743,0.073572,0.0001,,,,,gru
508420,388,0.051074,0.000567,1.763762,0.003842,0.00975,0.236839,0.005621,0.148284,0.0001,,,,,gru
508420,388,0.03638,0.000755,1.763784,0.003842,0.011405,0.25675,0.007205,0.14562,0.0001,,,,,gru
508420,388,-0.082764,0.000342,1.763811,0.003842,0.009822,0.194455,0.002257,0.112425,0.0001,,,,,gru
508420,388,-0.00387,0.000671,1.76384,0.003842,0.013877,0.123203,0.006731,0.047931,0.0001,,,,,gru
508420,388,0.086456,0.000594,1.763876,0.003842,0.015651,0.132506,0.012069,0.075072,0.0001,,,,,gru
508420,388,-0.076704,0.000601,1.763934,0.003842,0.018828,0.091632,0.017267,0.051892,0.0001,,,,,gru
508420,388,0.036899,0.000549,1.763989,0.003842,0.017572,0.104859,0.015175,0.060824,0.0001,,,,,gru
508420,388,0.04789,0.000684,1.764036,0.003842,0.017296,0.139849,0.012186,0.076053,0.0001,,,,,gru
508420,388,-0.079645,0.000728,1.764101,0.003842,0.014916,0.077968,0.009021,0.021449,0.0001,,,,,gru
514083,392,-0.061332,0.000434,1.764178,0.00383,0.008299,0.158029,0.004277,0.094322,0.0001,,,,,gru
514083,392,0.044839,0.000604,1.764254,0.00383,0.015162,0.179729,0.016515,0.100434,0.0001,,,,,gru
514083,392,0.044123,0.00121,1.764347,0.00383,0.02385,0.185994,0.028209,0.120271,0.0001,,,,,gru
514083,392,0.0067,0.001029,1.764449,0.00383,0.027899,0.06587,0.032403,0.064689,0.0001,,,,,gru
514083,392,0.03044,0.001613,1.764539,0.00383,0.030777,0.402114,0.036272,0.24988,0.0001,,,,,gru
514083,392,-0.022594,0.001215,1.764638,0.00383,0.024139,0.250614,0.028316,0.162755,0.0001,,,,,gru
514083,392,0.046173,0.001161,1.764721,0.00383,0.019001,0.082034,0.019448,0.060029,0.0001,,,,,gru
514083,392,-0.00814,0.000943,1.764791,0.00383,0.01798,0.164598,0.001591,0.094867,0.0001,,,,,gru
514083,392,-0.020767,0.000704,1.764866,0.00383,0.02119,0.148396,0.012926,0.091022,0.0001,,,,,gru
514083,392,0.003572,0.001184,1.764927,0.00383,0.029103,0.211496,0.021266,0.135335,0.0001,,,,,gru
514083,392,-0.076807,0.001112,1.76498,0.00383,0.030599,0.124954,0.027688,0.093839,0.0001,,,,,gru
514083,392,0.122157,0.001286,1.765042,0.00383,0.03229,0.237952,0.01875,0.152148,0.0001,,,,,gru
519727,396,-0.067873,0.000529,1.765097,0.003818,0.012714,0.049757,0.004289,0.024438,0.0001,,,,,gru
519727,396,-0.065269,0.000641,1.765144,0.003818,0.013576,0.093266,0.00119,0.042656,0.0001,,,,,gru
519727,396,0.142144,0.001469,1.765197,0.003818,0.015073,0.271199,0.012779,0.142904,0.0001,,,,,gru
519727,396,0.011378,0.000838,1.765293,0.003818,0.013624,0.112495,0.013894,0.070815,0.0001,,,,,gru
519727,396,-0.047472,0.001104,1.765391,0.003818,0.013704,0.145214,0.014435,0.079778,0.0001,,,,,gru
519727,396,0.012115,0.001026,1.765493,0.003818,0.016657,0.17964,0.018168,0.115685,0.0001,,,,,gru
519727,396,0.065078,0.0012,1.765592,0.003818,0.01736,0.222889,0.019344,0.130487,0.0001,,,,,gru
519727,396,-0.057822,0.000749,1.765688,0.003818,0.011818,0.256692,0.007399,0.160542,0.0001,,,,,gru
519727,396,-0.043459,0.00081,1.765779,0.003818,0.010919,0.250101,0.000872,0.150861,0.0001,,,,,gru
519727,396,0.005709,0.000926,1.765873,0.003818,0.016219,0.131774,0.006136,0.060447,0.0001,,,,,gru
519727,396,-0.01505,0.00079,1.765983,0.003818,0.021087,0.0763,0.017097,0.047762,0.0001,,,,,gru
519727,396,-0.020725,0.000901,1.766087,0.003818,0.025109,0.148351,0.022312,0.090422,0.0001,,,,,gru
525355,400,-0.073832,0.000572,1.766197,0.003806,0.014666,0.039681,0.012036,0.021884,0.0001,,,,,gru
525355,400,0.076705,0.000869,1.766299,0.003806,0.015932,0.207127,0.006517,0.122171,0.0001,,,,,gru
525355,400,-0.047992,0.00059,1.766391,0.003806,0.011372,0.11841,0.004381,0.07128,0.0001,,,,,gru
525355,400,-0.050892,0.000573,1.766467,0.003806,0.009633,0.208513,0.003461,0.128032,0.0001,,,,,gru
525355,400,-0.018836,0.000626,1.76653,0.003806,0.009659,0.267273,0.008331,0.166025,0.0001,,,,,gru
525355,400,0.048663,0.000947,1.766581,0.003806,0.01217,0.057245,0.012807,0.028948,0.0001,,,,,gru
525355,400,0.018402,0.000815,1.766624,0.003806,0.012494,0.150029,0.012795,0.07862,0.0001,,,,,gru
525355,400,-0.087453,0.000656,1.766646,0.003806,0.0103,0.036736,0.011395,0.017009,0.0001,,,,,gru
525355,400,0.048572,0.000697,1.766657,0.003806,0.012475,0.185115,0.01355,0.113217,0.0001,,,,,gru
525355,400,-0.028947,0.000508,1.766672,0.003806,0.009251,0.094482,0.008425,0.053801,0.0001,,,,,gru
525355,400,-0.081485,0.000588,1.766673,0.003806,0.007496,0.099825,0.002211,0.057202,0.0001,,,,,gru
525355,400,0.104251,0.000852,1.766665,0.003806,0.010561,0.219038,0.004295,0.126403,0.0001,,,,,gru
530888,404,-0.060632,0.000558,1.76667,0.003794,0.012395,0.090442,0.00695,0.054192,0.0001,,,,,gru
530888,404,0.039056,0.000793,1.766676,0.003794,0.015087,0.145602,0.007547,0.06829,0.0001,,,,,gru
530888,404,-0.047334,0.000605,1.766705,0.003794,0.0164,0.133168,0.013916,0.080647,0.0001,,,,,gru
530888,404,-0.001219,0.000673,1.76674,0.003794,0.019728,0.143729,0.017057,0.06808,0.0001,,,,,gru
530888,404,-0.017941,0.000847,1.766796,0.003794,0.023062,0.062862,0.023083,0.048482,0.0001,,,,,gru
530888,404,-0.049256,0.000805,1.766848,0.003794,0.021921,0.137027,0.022672,0.083952,0.0001,,,,,gru
530888,404,-0.026215,0.000838,1.766895,0.003794,0.021775,0.361695,0.022864,0.218532,0.0001,,,,,gru
530888,404,0.008529,0.000639,1.766944,0.003794,0.015879,0.267096,0.010894,0.167583,0.0001,,,,,gru
530888,404,-0.052514,0.000455,1.767001,0.003794,0.008443,0.085283,0.001874,0.050182,0.0001,,,,,gru
530888,404,0.054749,0.00075,1.767046,0.003794,0.012919,0.221681,0.013012,0.12791,0.0001,,,,,gru
530888,404,-0.038586,0.000605,1.767111,0.003794,0.012827,0.054305,0.011885,0.037328,0.0001,,,,,gru
530888,404,-0.098215,0.000563,1.767181,0.003794,0.012908,0.151151,0.011555,0.079582,0.0001,,,,,gru
535134,408,-0.0317,0.001428,1.767226,0.003782,0.012612,0.108269,0.004775,0.067034,0.0001,,,,,gru
535134,408,0.080404,0.00094,1.767259,0.003782,0.011346,0.048897,0.006304,0.028538,0.0001,,,,,gru
535134,408,0.152718,0.00052,1.767291,0.003782,0.013566,0.229098,0.012065,0.112477,0.0001,,,,,gru
535134,408,0.117096,0.000876,1.767362,0.003782,0.010906,0.033729,0.009721,0.02447,0.0001,,,,,gru
535134,408,-0.032101,0.001465,1.767425,0.003782,0.013276,0.08403,0.00232,0.054116,0.0001,,,,,gru
535134,408,-0.244289,0.000387,1.767483,0.003782,0.011033,0.249288,0.004364,0.186497,0.0001,,,,,gru
535134,408,0.02025,0.000809,1.767558,0.003782,0.011265,0.157642,0.008252,0.104762,0.0001,,,,,gru
535134,408,0.040413,0.001523,1.767627,0.003782,0.015856,0.18376,0.00874,0.118899,0.0001,,,,,gru
535134,408,0.014309,0.000505,1.767684,0.003782,0.012485,0.305978,0.009598,0.208619,0.0001,,,,,gru
535134,408,-0.000759,0.000883,1.767729,0.003782,0.011967,0.06219,0.004408,0.042292,0.0001,,,,,gru
535134,408,0.051927,0.001346,1.767779,0.003782,0.014192,0.052576,0.002153,0.031273,0.0001,,,,,gru
535134,408,0.155697,0.000346,1.767825,0.003782,0.013198,0.05077,0.001937,0.025218,0.0001,,,,,gru
538110,412,-0.02864,0.00263,1.767854,0.00377,0.022843,0.202194,0.012146,0.133813,0.0001,,,,,gru
538110,412,0.135822,0.001442,1.767861,0.00377,0.015954,0.159415,0.002682,0.101065,0.0001,,,,,gru
538110,412,0.004202,0.002518,1.767868,0.00377,0.023228,0.187718,0.011365,0.121647,0.0001,,,,,gru
538110,412,0.066301,0.001492,1.767853,0.00377,0.015921,0.105918,0.005312,0.062601,0.0001,,,,,gru
538110,412,0.074218,0.001403,1.767842,0.00377,0.016905,0.058226,0.003304,0.03201,0.0001,,,,,gru
538110,412,-0.086039,0.003607,1.76783,0.00377,0.025555,0.325366,0.009578,0.237648,0.0001,,,,,gru
538110,412,0.028052,0.002195,1.767806,0.00377,0.018116,0.240279,0.001904,0.167703,0.0001,,,,,gru
538110,412,0.014398,0.001792,1.767771,0.00377,0.021534,0.037505,0.004185,0.022597,0.0001,,,,,gru
542370,416,0.013056,0.000782,1.76774,0.003758,0.012066,0.067954,0.001065,0.041874,0.0001,,,,,gru
542370,416,0.035352,0.001317,1.76771,0.003758,0.014086,0.066889,0.001408,0.03002,0.0001,,,,,gru
542370,416,0.154005,0.0013,1.767692,0.003758,0.014051,0.296498,0.003364,0.149899,0.0001,,,,,gru
542370,416,0.019835,0.000563,1.767702,0.003758,0.011485,0.077639,0.004349,0.048515,0.0001,,,,,gru
542370,416,0.021168,0.001686,1.767703,0.003758,0.016637,0.161351,0.008007,0.105318,0.0001,,,,,gru
542370,416,0.217012,0.000669,1.767717,0.003758,0.015012,0.327177,0.018696,0.178893,0.0001,,,,,gru
542370,416,0.080081,0.000683,1.767739,0.003758,0.012555,0.240503,0.006992,0.146864,0.0001,,,,,gru
542370,416,-0.02365,0.001582,1.767759,0.003758,0.016061,0.199452,0.006204,0.12579,0.0001,,,,,gru
542370,416,0.045213,0.000446,1.767787,0.003758,0.015227,0.190582,0.01234,0.129927,0.0001,,,,,gru
542370,416,-0.017155,0.001328,1.76781,0.003758,0.021509,0.067462,0.015388,0.027766,0.0001,,,,,gru
542370,416,0.075542,0.000959,1.767835,0.003758,0.017057,0.104912,0.012013,0.064318,0.0001,,,,,gru
542370,416,0.064936,0.001283,1.767853,0.003758,0.01825,0.232892,0.009402,0.129034,0.0001,,,,,gru
547971,420,-0.142892,0.000606,1.767874,0.003746,0.011622,0.062764,0.004873,0.037785,0.0001,,,,,gru
547971,420,0.119814,0.000896,1.767884,0.003746,0.012479,0.17882,0.009131,0.110531,0.0001,,,,,gru
547971,420,0.018503,0.000778,1.767882,0.003746,0.013679,0.052044,0.012958,0.031197,0.0001,,,,,gru
547971,420,0.037519,0.000992,1.767874,0.003746,0.01565,0.082929,0.016688,0.060289,0.0001,,,,,gru
547971,420,-0.063217,0.000652,1.767854,0.003746,0.012255,0.133366,0.01168,0.075455,0.0001,,,,,gru
547971,420,0.023007,0.000852,1.767826,0.003746,0.013638,0.112162,0.013088,0.071161,0.0001,,,,,gru
547971,420,-0.096994,0.000563,1.76778,0.003746,0.009882,0.134742,0.00622,0.073144,0.0001,,,,,gru
547971,420,0.023371,0.000685,1.767733,0.003746,0.010789,0.073723,0.007343,0.042911,0.0001,,,,,gru
547971,420,0.089921,0.001002,1.767683,0.003746,0.013507,0.162048,0.003775,0.0883,0.0001,,,,,gru
547971,420,0.057692,0.000913,1.767616,0.003746,0.013192,0.113686,0.002245,0.068115,0.0001,,,,,gru
547971,420,-0.025568,0.000616,1.767545,0.003746,0.014204,0.117869,0.006675,0.049105,0.0001,,,,,gru
547971,420,-0.047667,0.000668,1.767453,0.003746,0.016019,0.094225,0.011532,0.058873,0.0001,,,,,gru
552289,424,0.0495,0.001259,1.767385,0.003734,0.014481,0.143311,0.005719,0.095913,0.0001,,,,,gru
552289,424,0.010155,0.000948,1.767317,0.003734,0.016377,0.158561,0.008118,0.09844,0.0001,,,,,gru
552289,424,-0.065625,0.000457,1.767251,0.003734,0.016098,0.117344,0.011975,0.073809,0.0001,,,,,gru
552289,424,0.017754,0.001249,1.767187,0.003734,0.020615,0.164121,0.014249,0.100933,0.0001,,,,,gru
552289,424,0.041261,0.001147,1.767121,0.003734,0.019159,0.050267,0.018419,0.035042,0.0001,,,,,gru
552289,424,-0.05465,0.000718,1.767058,0.003734,0.022166,0.301346,0.024599,0.188432,0.0001,,,,,gru
552289,424,0.075691,0.000862,1.766999,0.003734,0.014966,0.072253,0.008452,0.046958,0.0001,,,,,gru
552289,424,-0.006757,0.001272,1.766941,0.003734,0.012686,0.08645,0.00134,0.047416,0.0001,,,,,gru
552289,424,-0.121608,0.001307,1.766891,0.003734,0.012822,0.148781,0.010017,0.109445,0.0001,,,,,gru
552289,424,0.067665,0.001372,1.766838,0.003734,0.016831,0.069771,0.013789,0.055118,0.0001,,,,,gru
552289,424,-0.005389,0.001149,1.766789,0.003734,0.01983,0.117001,0.014631,0.065954,0.0001,,,,,gru
552289,424,-0.049083,0.00152,1.766739,0.003734,0.01722,0.112911,0.014777,0.078432,0.0001,,,,,gru
557743,428,0.019574,0.002572,1.766697,0.003722,0.01729,0.043313,0.00444,0.021792,0.0001,,,,,gru
557743,428,0.001964,0.003622,1.766664,0.003722,0.023006,0.094675,0.009585,0.06539,0.0001,,,,,gru
557743,428,0.082107,0.000595,1.766637,0.003722,0.014416,0.050742,0.000906,0.027691,0.0001,,,,,gru
557743,428,0.035066,0.000982,1.76662,0.003722,0.018395,0.102064,0.005145,0.066006,0.0001,,,,,gru
557743,428,0.011908,0.002906,1.766613,0.003722,0.023253,0.02017,0.012183,0.020596,0.0001,,,,,gru
557743,428,0.046234,0.003884,1.766605,0.003722,0.018125,0.079863,0.00886,0.046597,0.0001,,,,,gru
557743,428,-0.034251,0.004137,1.766605,0.003722,0.024603,0.094022,0.012464,0.06419,0.0001,,,,,gru
557743,428,0.070779,0.0013,1.766612,0.003722,0.015323,0.05797,0.002744,0.033107,0.0001,,,,,gru
557743,428,0.062982,0.001366,1.766619,0.003722,0.018571,0.087363,0.004813,0.050815,0.0001,,,,,gru
557743,428,0.036483,0.003363,1.766613,0.003722,0.022543,0.088588,0.005394,0.051022,0.0001,,,,,gru
557743,428,0.070307,0.000771,1.766601,0.003722,0.015786,0.039656,0.016338,0.031963,0.0001,,,,,gru
557743,428,-0.041744,0.003418,1.766589,0.003722,0.026056,0.094199,0.007695,0.050825,0.0001,,,,,gru
563399,432,-0.02887,0.000591,1.766582,0.00371,0.011072,0.135722,0.008909,0.071047,0.0001,,,,,gru
563399,432,0.018658,0.000711,1.766596,0.00371,0.011869,0.096837,0.01148,0.046959,0.0001,,,,,gru
563399,432,-0.037739,0.000985,1.766627,0.00371,0.011272,0.108796,0.008904,0.065461,0.0001,,,,,gru
563399,432,-0.064013,0.0007,1.766646,0.00371,0.010442,0.156583,0.005795,0.08868,0.0001,,,,,gru
563399,432,-0.040696,0.000566,1.766675,0.00371,0.00944,0.116315,0.003062,0.068326,0.0001,,,,,gru
563399,432,0.082669,0.000729,1.76669,0.00371,0.012412,0.481981,0.001569,0.288948,0.0001,,,,,gru
563399,432,-0.089925,0.000562,1.766721,0.00371,0.011981,0.129934,0.006087,0.07865,0.0001,,,,,gru
563399,432,0.05639,0.000712,1.766751,0.00371,0.014148,0.103285,0.00717,0.03933,0.0001,,,,,gru
563399,432,-0.005047,0.000543,1.766774,0.00371,0.012519,0.120679,0.007268,0.054116,0.0001,,,,,gru
563399,432,-0.100192,0.000658,1.766817,0.00371,0.01492,0.064679,0.012302,0.03137,0.0001,,,,,gru
563399,432,-0.071125,0.000543,1.766868,0.00371,0.013477,0.080079,0.011218,0.042119,0.0001,,,,,gru
563399,432,0.169222,0.000691,1.766921,0.00371,0.017133,0.185142,0.012152,0.106672,0.0001,,,,,gru
567615,436,0.003072,0.000868,1.766981,0.003698,0.009538,0.075583,0.000938,0.044012,0.0001,,,,,gru
567615,436,0.083456,0.001049,1.767032,0.003698,0.012104,0.119916,0.005349,0.066231,0.0001,,,,,gru
567615,436,0.082602,0.000499,1.767053,0.003698,0.009801,0.240445,0.010595,0.126587,0.0001,,,,,gru
567615,436,0.051392,0.001117,1.767087,0.003698,0.020115,0.101919,0.017893,0.064303,0.0001,,,,,gru
567615,436,0.048751,0.001204,1.767114,0.003698,0.025261,0.058105,0.026653,0.044419,0.0001,,,,,gru
567615,436,-0.080631,0.002213,1.767131,0.003698,0.026066,0.057432,0.030648,0.042687,0.0001,,,,,gru
567615,436,0.060219,0.001417,1.767141,0.003698,0.030412,0.088914,0.032258,0.073568,0.0001,,,,,gru
567615,436,-0.002112,0.001335,1.767139,0.003698,0.026246,0.144854,0.024921,0.104374,0.0001,,,,,gru
567615,436,0.463732,0.001186,1.767137,0.003698,0.024676,0.327725,0.028601,0.183585,0.0001,,,,,gru
567615,436,0.045388,0.00093,1.767067,0.003698,0.011528,0.045431,0.005169,0.024317,0.0001,,,,,gru
567615,436,0.057718,0.001236,1.766995,0.003698,0.02365,0.074296,0.024348,0.051557,0.0001,,,,,gru
567615,436,-0.094278,0.001132,1.76692,0.003698,0.034507,0.17138,0.03796,0.11361,0.0001,,,,,gru
570639,440,0.075555,0.002844,1.766832,0.003686,0.024135,0.033239,0.019907,0.033966,0.0001,,,,,gru
570639,440,-0.065189,0.003045,1.76676,0.003686,0.032542,0.165737,0.030642,0.110607,0.0001,,,,,gru
570639,440,0.003738,0.002694,1.766716,0.003686,0.029913,0.089092,0.027078,0.069376,0.0001,,,,,gru
570639,440,0.078646,0.003503,1.766683,0.003686,0.023284,0.151022,0.021064,0.101856,0.0001,,,,,gru
570639,440,0.038659,0.002375,1.76667,0.003686,0.023146,0.240556,0.016068,0.167679,0.0001,,,,,gru
570639,440,0.004689,0.003597,1.766659,0.003686,0.019206,0.159579,0.011136,0.105906,0.0001,,,,,gru
570639,440,0.030369,0.001876,1.766673,0.003686,0.019299,0.045515,0.001963,0.022464,0.0001,,,,,gru
570639,440,0.026344,0.004283,1.7667,0.003686,0.028124,0.090296,0.004758,0.055278,0.0001,,,,,gru
576266,444,0.020239,0.000674,1.766729,0.003674,0.011865,0.103936,0.001687,0.05813,0.0001,,,,,gru
576266,444,0.027393,0.000548,1.766741,0.003674,0.011896,0.1008,0.007533,0.058466,0.0001,,,,,gru
576266,444,-0.113347,0.000752,1.766738,0.003674,0.011759,0.151581,0.009699,0.100732,0.0001,,,,,gru
576266,444,-0.08819,0.000647,1.766731,0.003674,0.01496,0.085949,0.01457,0.049989,0.0001,,,,,gru
576266,444,0.031161,0.000853,1.766706,0.003674,0.017996,0.129151,0.019425,0.09201,0.0001,,,,,gru
576266,444,0.027018,0.000855,1.766688,0.003674,0.017457,0.109712,0.018221,0.065114,0.0001,,,,,gru
576266,444,0.032068,0.000922,1.766654,0.003674,0.016852,0.085041,0.017221,0.054545,0.0001,,,,,gru
576266,444,-0.04788,0.000671,1.766605,0.003674,0.013243,0.05864,0.012777,0.033972,0.0001,,,,,gru
576266,444,-0.024417,0.0006,1.766552,0.003674,0.012473,0.102743,0.009357,0.058806,0.0001,,,,,gru
576266,444,0.008115,0.000724,1.766485,0.003674,0.011624,0.136172,0.004519,0.07275,0.0001,,,,,gru
576266,444,-0.08486,0.000578,1.766387,0.003674,0.012612,0.129032,0.00465,0.076099,0.0001,,,,,gru
576266,444,0.055346,0.000749,1.76628,0.003674,0.017168,0.064223,0.007557,0.052482,0.0001,,,,,gru
581887,448,0.009279,0.000769,1.766181,0.003662,0.013389,0.097112,0.007208,0.046685,0.0001,,,,,gru
581887,448,-0.024421,0.000589,1.766087,0.003662,0.01433,0.124824,0.012476,0.078502,0.0001,,,,,gru
581887,448,-0.020534,0.000714,1.766004,0.003662,0.01808,0.166174,0.015442,0.086574,0.0001,,,,,gru
581887,448,-0.036599,0.000618,1.76591,0.003662,0.01776,0.27453,0.017269,0.179517,0.0001,,,,,gru
581887,448,-0.088622,0.00096,1.765815,0.003662,0.018017,0.128577,0.015774,0.06827,0.0001,,,,,gru
581887,448,0.120716,0.00057,1.765705,0.003662,0.014862,0.079413,0.008783,0.038476,0.0001,,,,,gru
581887,448,-0.025579,0.000692,1.765613,0.003662,0.013937,0.121927,0.007235,0.066844,0.0001,,,,,gru
581887,448,-0.039737,0.000655,1.765512,0.003662,0.010359,0.101668,0.003628,0.054425,0.0001,,,,,gru
581887,448,0.046592,0.000562,1.765408,0.003662,0.011405,0.07644,0.002593,0.037622,0.0001,,,,,gru
581887,448,-0.072621,0.000655,1.765334,0.003662,0.01075,0.079657,0.003487,0.039269,0.0001,,,,,gru
581887,448,0.040604,0.000619,1.765272,0.003662,0.012092,0.066462,0.007108,0.029873,0.0001,,,,,gru
581887,448,0.003979,0.000708,1.765199,0.003662,0.0138,0.097231,0.008889,0.056251,0.0001,,,,,gru
586169,452,0.020264,0.001144,1.765112,0.00365,0.01244,0.049113,0.00415,0.031242,0.0001,,,,,gru
586169,452,0.048912,0.000622,1.765038,0.00365,0.010455,0.102318,0.004297,0.06087,0.0001,,,,,gru
586169,452,-0.010129,0.000322,1.764973,0.00365,0.007754,0.081931,0.004189,0.035688,0.0001,,,,,gru
586169,452,0.029132,0.00079,1.764902,0.00365,0.011382,0.04682,0.004619,0.02126,0.0001,,,,,gru
586169,452,0.017769,0.000917,1.76484,0.00365,0.012836,0.082659,0.005849,0.04496,0.0001,,,,,gru
586169,452,0.194735,0.001108,1.764786,0.00365,0.011829,0.284541,0.001282,0.163947,0.0001,,,,,gru
586169,452,0.052603,0.001084,1.764734,0.00365,0.013925,0.082023,0.003405,0.048337,0.0001,,,,,gru
586169,452,0.017729,0.000621,1.764689,0.00365,0.014029,0.127052,0.00806,0.08117,0.0001,,,,,gru
586169,452,-0.013207,0.001775,1.764655,0.00365,0.013887,0.342125,0.014306,0.214224,0.0001,,,,,gru
586169,452,0.0098,0.001011,1.764589,0.00365,0.018702,0.089951,0.016012,0.059844,0.0001,,,,,gru
586169,452,0.050491,0.001098,1.764538,0.00365,0.02097,0.055334,0.018564,0.039375,0.0001,,,,,gru
586169,452,0.085425,0.000729,1.764488,0.00365,0.018543,0.117825,0.016748,0.073701,0.0001,,,,,gru
591735,456,-0.013203,0.000474,1.764446,0.003638,0.010379,0.144935,0.003478,0.082144,0.0001,,,,,gru
591735,456,0.004705,0.000641,1.764402,0.003638,0.012254,0.126366,0.003375,0.074893,0.0001,,,,,gru
591735,456,-0.011487,0.000641,1.764369,0.003638,0.01479,0.155777,0.011414,0.090682,0.0001,,,,,gru
591735,456,0.016878,0.000831,1.764326,0.003638,0.020936,0.092197,0.021689,0.050578,0.0001,,,,,gru
591735,456,-0.001895,0.000835,1.764267,0.003638,0.024537,0.126149,0.026538,0.090056,0.0001,,,,,gru
591735,456,-0.0393,0.001058,1.764212,0.003638,0.027651,0.350763,0.030067,0.211589,0.0001,,,,,gru
591735,456,-0.03351,0.001289,1.764188,0.003638,0.031438,0.149378,0.036244,0.105653,0.0001,,,,,gru
591735,456,0.04103,0.001,1.764136,0.003638,0.02674,0.262958,0.03,0.180642,0.0001,,,,,gru
591735,456,-0.027584,0.000617,1.764078,0.003638,0.017583,0.193038,0.017243,0.124679,0.0001,,,,,gru
591735,456,-0.019108,0.000405,1.764017,0.003638,0.012754,0.107779,0.002239,0.076112,0.0001,,,,,gru
591735,456,-0.000584,0.000895,1.76396,0.003638,0.020769,0.131436,0.022378,0.091092,0.0001,,,,,gru
591735,456,0.012383,0.001059,1.763896,0.003638,0.028047,0.083603,0.032096,0.071188,0.0001,,,,,gru
595864,460,0.076675,0.002401,1.763826,0.003626,0.024887,0.082642,0.014237,0.055125,0.0001,,,,,gru
595864,460,-0.015345,0.003703,1.76378,0.003626,0.027859,0.155626,0.004491,0.082952,0.0001,,,,,gru
595864,460,0.266306,0.000943,1.763762,0.003626,0.023017,0.293903,0.027683,0.178939,0.0001,,,,,gru
595864,460,0.06433,0.003073,1.763737,0.003626,0.028424,0.105631,0.011617,0.058607,0.0001,,,,,gru
595864,460,-0.007999,0.002824,1.763736,0.003626,0.0223,0.065752,0.006303,0.028196,0.0001,,,,,gru
595864,460,0.570903,0.004656,1.763749,0.003626,0.040575,0.391494,0.045349,0.259958,0.0001,,,,,gru
595864,460,-0.009107,0.004974,1.763714,0.003626,0.024925,0.175454,0.00741,0.103585,0.0001,,,,,gru
595864,460,0.090399,0.000863,1.763707,0.003626,0.015229,0.029539,0.003832,0.019585,0.0001,,,,,gru
595864,460,-0.341669,0.004128,1.763705,0.003626,0.045982,0.150846,0.039753,0.103867,0.0001,,,,,gru
595864,460,0.062421,0.003706,1.763666,0.003626,0.022788,0.175927,0.013495,0.111034,0.0001,,,,,gru
595864,460,0.021133,0.002218,1.763646,0.003626,0.022142,0.175266,0.014799,0.107664,0.0001,,,,,gru
595864,460,-0.37067,0.003768,1.763652,0.003626,0.04523,0.322017,0.033704,0.227413,0.0001,,,,,gru
601597,464,-0.065055,0.000626,1.763677,0.003614,0.016746,0.099644,0.015252,0.055291,0.0001,,,,,gru
601597,464,0.048289,0.000992,1.763698,0.003614,0.026707,0.097796,0.029307,0.060858,0.0001,,,,,gru
601597,464,0.00919,0.001412,1.763737,0.003614,0.030781,0.237298,0.035491,0.147852,0.0001,,,,,gru
601597,464,0.043282,0.001012,1.763775,0.003614,0.027202,0.113687,0.029568,0.082928,0.0001,,,,,gru
601597,464,0.013905,0.000842,1.763809,0.003614,0.02006,0.169805,0.020838,0.111596,0.0001,,,,,gru
601597,464,-0.080782,0.000724,1.763852,0.003614,0.013731,0.156735,0.002791,0.098998,0.0001,,,,,gru
601597,464,0.045476,0.000826,1.763914,0.003614,0.020411,0.061398,0.010186,0.025611,0.0001,,,,,gru
601597,464,-0.051957,0.000958,1.763989,0.003614,0.02593,0.202005,0.024323,0.135956,0.0001,,,,,gru
601597,464,0.001211,0.001356,1.764069,0.003614,0.033324,0.07711,0.038431,0.069871,0.0001,,,,,gru
601597,464,-0.017878,0.001434,1.764143,0.003614,0.035215,0.120043,0.039713,0.090542,0.0001,,,,,gru
601597,464,0.001983,0.001344,1.764193,0.003614,0.032988,0.217997,0.035056,0.152118,0.0001,,,,,gru
601597,464,0.011928,0.000968,1.764226,0.003614,0.025444,0.057263,0.017924,0.037591,0.0001,,,,,gru
607193,468,-0.036593,0.000508,1.764256,0.003602,0.01175,0.125559,0.006808,0.073061,0.0001,,,,,gru
607193,468,0.004357,0.000787,1.764265,0.003602,0.016106,0.222969,0.016964,0.139882,0.0001,,,,,gru
607193,468,0.013003,0.000669,1.76428,0.003602,0.018538,0.130245,0.020929,0.093813,0.0001,,,,,gru
607193,468,-0.086676,0.00063,1.764283,0.003602,0.016179,0.1923,0.017516,0.132423,0.0001,,,,,gru
607193,468,0.043053,0.000662,1.764278,0.003602,0.014199,0.369918,0.014055,0.236925,0.0001,,,,,gru
607193,468,0.031222,0.000512,1.764267,0.003602,0.009065,0.06847,0.003787,0.03453,0.0001,,,,,gru
607193,468,-0.019075,0.000517,1.764245,0.003602,0.011541,0.052798,0.003477,0.016904,0.0001,,,,,gru
607193,468,-0.020584,0.000551,1.764216,0.003602,0.012639,0.154988,0.008512,0.100396,0.0001,,,,,gru
607193,468,0.026052,0.000645,1.764186,0.003602,0.014612,0.195322,0.008845,0.13514,0.0001,,,,,gru
607193,468,0.078599,0.000586,1.764149,0.003602,0.011965,0.113281,0.003041,0.06863,0.0001,,,,,gru
607193,468,-0.046285,0.000452,1.764099,0.003602,0.01193,0.087494,0.002568,0.060132,0.0001,,,,,gru
607193,468,-0.068515,0.000654,1.764053,0.003602,0.012429,0.071044,0.009573,0.026695,0.0001,,,,,gru
610229,472,-0.022171,0.002618,1.764027,0.00359,0.02028,0.167222,0.003862,0.115907,0.0001,,,,,gru
610229,472,0.128201,0.000787,1.764007,0.00359,0.019567,0.15474,0.014559,0.106889,0.0001,,,,,gru
610229,472,-0.014371,0.00243,1.76398,0.00359,0.023493,0.165159,0.006892,0.119412,0.0001,,,,,gru
610229,472,0.116903,0.001133,1.76396,0.00359,0.015792,0.096358,0.01033,0.051462,0.0001,,,,,gru
610229,472,0.054675,0.002025,1.763927,0.00359,0.015829,0.146212,0.003022,0.099726,0.0001,,,,,gru
610229,472,-0.021854,0.001892,1.763889,0.00359,0.018796,0.097422,0.012047,0.051689,0.0001,,,,,gru
610229,472,0.008009,0.002346,1.763868,0.00359,0.022489,0.047418,0.019546,0.039697,0.0001,,,,,gru
610229,472,0.074195,0.00165,1.76385,0.00359,0.021362,0.076863,0.020332,0.035806,0.0001,,,,,gru
615955,476,-0.031049,0.000718,1.763829,0.003578,0.011184,0.182539,0.001565,0.107804,0.0001,,,,,gru
615955,476,-0.051507,0.000616,1.763802,0.003578,0.013171,0.137458,0.005795,0.081813,0.0001,,,,,gru
615955,476,0.036496,0.000545,1.76376,0.003578,0.015656,0.072518,0.011612,0.037438,0.0001,,,,,gru
615955,476,0.003854,0.000849,1.763719,0.003578,0.022663,0.161517,0.022708,0.098048,0.0001,,,,,gru
615955,476,-0.098925,0.00078,1.763658,0.003578,0.021449,0.210801,0.02271,0.139642,0.0001,,,,,gru
615955,476,0.054991,0.000801,1.763605,0.003578,0.018151,0.33768,0.012241,0.207796,0.0001,,,,,gru
615955,476,0.125165,0.000768,1.763559,0.003578,0.01411,0.186772,0.007731,0.104591,0.0001,,,,,gru
615955,476,-0.118134,0.000662,1.763503,0.003578,0.01862,0.170432,0.019987,0.109025,0.0001,,,,,gru
615955,476,-0.067739,0.00088,1.763445,0.003578,0.023721,0.104576,0.028449,0.076288,0.0001,,,,,gru
615955,476,0.033206,0.000909,1.763391,0.003578,0.025945,0.197675,0.030001,0.139914,0.0001,,,,,gru
615955,476,-0.037762,0.000939,1.763328,0.003578,0.020911,0.093988,0.023107,0.066018,0.0001,,,,,gru
615955,476,-0.055143,0.000571,1.763276,0.003578,0.014197,0.106207,0.011397,0.063106,0.0001,,,,,gru
621515,480,0.008732,0.000672,1.763212,0.003566,0.009634,0.063001,0.001065,0.019658,0.0001,,,,,gru
621515,480,-0.015088,0.00054,1.763175,0.003566,0.014574,0.156401,0.010936,0.091217,0.0001,,,,,gru
621515,480,-0.000569,0.000668,1.763133,0.003566,0.019668,0.09593,0.021154,0.066294,0.0001,,,,,gru
621515,480,0.014505,0.000929,1.763094,0.003566,0.02591,0.039526,0.030113,0.04723,0.0001,,,,,gru
621515,480,-0.006245,0.001203,1.763051,0.003566,0.028576,0.146733,0.033451,0.107334,0.0001,,,,,gru
621515,480,-0.018728,0.000816,1.763004,0.003566,0.023702,0.08174,0.028358,0.037808,0.0001,,,,,gru
621515,480,-0.11333,0.000853,1.762993,0.003566,0.021161,0.039007,0.023794,0.029281,0.0001,,,,,gru
621515,480,0.205226,0.000582,1.76298,0.003566,0.014136,0.066552,0.004847,0.039503,0.0001,,,,,gru
621515,480,-0.130883,0.000673,1.762979,0.003566,0.015184,0.149176,0.002188,0.084253,0.0001,,,,,gru
621515,480,0.021165,0.000554,1.762995,0.003566,0.019091,0.222345,0.011264,0.136647,0.0001,,,,,gru
621515,480,0.04042,0.000752,1.762995,0.003566,0.020989,0.055834,0.019767,0.032228,0.0001,,,,,gru
621515,480,-0.089071,0.000935,1.76301,0.003566,0.022577,0.195026,0.019155,0.115462,0.0001,,,,,gru
626939,484,-0.011613,0.004722,1.763034,0.003554,0.025481,0.192975,0.003928,0.109754,0.0001,,,,,gru
626939,484,0.020522,0.00219,1.763062,0.003554,0.024184,0.121162,0.011304,0.068488,0.0001,,,,,gru
626939,484,0.116085,0.000889,1.763075,0.003554,0.024178,0.101385,0.026928,0.054992,0.0001,,,,,gru
626939,484,0.081487,0.005007,1.763084,0.003554,0.034844,0.071347,0.0198,0.038746,0.0001,,,,,gru
626939,484,0.024109,0.001743,1.763104,0.003554,0.030004,0.087005,0.022023,0.056676,0.0001,,,,,gru
626939,484,-0.024965,0.001235,1.763119,0.003554,0.022419,0.177559,0.019024,0.110731,0.0001,,,,,gru
626939,484,0.029637,0.001647,1.763128,0.003554,0.021448,0.115118,0.012475,0.070207,0.0001,,,,,gru
626939,484,0.014182,0.00321,1.763132,0.003554,0.018514,0.15839,0.001716,0.094088,0.0001,,,,,gru
626939,484,0.066808,0.003308,1.763135,0.003554,0.02026,0.100662,0.009853,0.053312,0.0001,,,,,gru
626939,484,0.093665,0.003118,1.76315,0.003554,0.018683,0.078372,0.012994,0.049531,0.0001,,,,,gru
626939,484,-9.6e-05,0.003471,1.763165,0.003554,0.026034,0.116888,0.023459,0.071689,0.0001,,,,,gru
626939,484,-0.003248,0.001088,1.763184,0.003554,0.020933,0.059365,0.019293,0.043552,0.0001,,,,,gru
632491,488,0.028562,0.000466,1.763205,0.003542,0.010042,0.142758,0.00114,0.085779,0.0001,,,,,gru
632491,488,0.011474,0.00062,1.763223,0.003542,0.010728,0.083854,0.003731,0.044188,0.0001,,,,,gru
632491,488,-0.044153,0.000485,1.763235,0.003542,0.011653,0.242805,0.002526,0.136606,0.0001,,,,,gru
632491,488,-0.075591,0.000447,1.76326,0.003542,0.011643,0.052394,0.008417,0.034869,0.0001,,,,,gru
632491,488,0.040324,0.000696,1.76328,0.003542,0.014938,0.230725,0.013885,0.146634,0.0001,,,,,gru
632491,488,0.062717,0.000604,1.763296,0.003542,0.015835,0.086429,0.017536,0.030451,0.0001,,,,,gru
632491,488,0.082768,0.0008,1.763288,0.003542,0.017816,0.106397,0.019866,0.068342,0.0001,,,,,gru
632491,488,-0.062668,0.000512,1.763296,0.003542,0.012802,0.103323,0.012914,0.051464,0.0001,,,,,gru
632491,488,-0.011885,0.000487,1.763303,0.003542,0.011933,0.072121,0.010479,0.050013,0.0001,,,,,gru
632491,488,-0.009336,0.000456,1.763301,0.003542,0.009198,0.028947,0.004287,0.014013,0.0001,,,,,gru
632491,488,0.048632,0.000536,1.763292,0.003542,0.010519,0.105716,0.002712,0.053643,0.0001,,,,,gru
632491,488,-0.039788,0.00067,1.7633,0.003542,0.015033,0.102876,0.012372,0.068127,0.0001,,,,,gru
638104,492,0.020325,0.000653,1.763313,0.00353,0.011943,0.15854,0.00707,0.093425,0.0001,,,,,gru
638104,492,0.026231,0.000567,1.763314,0.00353,0.01479,0.043522,0.013306,0.02786,0.0001,,,,,gru
638104,492,-0.044791,0.00067,1.763311,0.00353,0.017774,0.096009,0.019061,0.053607,0.0001,,,,,gru
638104,492,0.01559,0.000684,1.763325,0.00353,0.019125,0.215383,0.019821,0.144204,0.0001,,,,,gru
638104,492,0.087777,0.000763,1.763325,0.00353,0.016262,0.380766,0.014663,0.257394,0.0001,,,,,gru
638104,492,-0.118771,0.000465,1.763311,0.00353,0.011488,0.112581,0.011088,0.067463,0.0001,,,,,gru
638104,492,-0.045228,0.000613,1.76331,0.00353,0.009883,0.236622,0.001325,0.149497,0.0001,,,,,gru
638104,492,-0.062067,0.000472,1.763321,0.00353,0.009337,0.043659,0.004747,0.021131,0.0001,,,,,gru
638104,492,0.158269,0.000563,1.763327,0.00353,0.01239,0.080695,0.013279,0.044382,0.0001,,,,,gru
638104,492,-0.025557,0.000633,1.763317,0.00353,0.014194,0.055178,0.01507,0.032825,0.0001,,,,,gru
638104,492,0.156437,0.000672,1.763316,0.00353,0.016464,0.143816,0.018938,0.093827,0.0001,,,,,gru
638104,492,-0.155087,0.00055,1.763309,0.00353,0.011841,0.137961,0.010345,0.07293,0.0001,,,,,gru
642334,496,0.08199,0.001238,1.763297,0.003518,0.009613,0.062936,0.001145,0.0372,0.0001,,,,,gru
642334,496,0.033609,0.001557,1.763288,0.003518,0.013916,0.058672,0.006648,0.034265,0.0001,,,,,gru
642334,496,0.076634,0.000772,1.763279,0.003518,0.009392,0.152044,0.001304,0.079449,0.0001,,,,,gru
642334,496,0.02116,0.001638,1.763277,0.003518,0.012024,0.103913,0.003297,0.06335,0.0001,,,,,gru
642334,496,0.094768,0.001165,1.763275,0.003518,0.011006,0.025432,0.006421,0.013041,0.0001,,,,,gru
642334,496,0.071437,0.000351,1.763276,0.003518,0.009717,0.054164,0.009488,0.022693,0.0001,,,,,gru
642334,496,0.035273,0.002395,1.763267,0.003518,0.016542,0.083526,0.008887,0.046167,0.0001,,,,,gru
642334,496,0.073002,0.000529,1.76326,0.003518,0.01513,0.027315,0.015765,0.028436,0.0001,,,,,gru
642334,496,0.173277,0.0007,1.763252,0.003518,0.018802,0.076988,0.022268,0.055659,0.0001,,,,,gru
642334,496,0.081179,0.000601,1.763251,0.003518,0.013162,0.060154,0.010537,0.040259,0.0001,,,,,gru
642334,496,0.035492,0.002144,1.763244,0.003518,0.013528,0.05543,0.003079,0.031618,0.0001,,,,,gru
642334,496,0.073911,0.000378,1.763243,0.003518,0.012198,0.090797,0.002988,0.044126,0.0001,,,,,gru
645287,500,0.073233,0.002466,1.763262,0.003506,0.016367,0.063408,0.009351,0.037175,0.0001,,,,,gru
645287,500,-0.006963,0.00166,1.763291,0.003506,0.020321,0.083027,0.016512,0.052439,0.0001,,,,,gru
645287,500,0.028187,0.002628,1.763334,0.003506,0.020795,0.048575,0.017172,0.033215,0.0001,,,,,gru
645287,500,0.092122,0.001417,1.763389,0.003506,0.016208,0.055483,0.010424,0.02956,0.0001,,,,,gru
645287,500,0.090997,0.001786,1.763447,0.003506,0.014713,0.03971,0.007981,0.026082,0.0001,,,,,gru
645287,500,-0.044302,0.00293,1.76351,0.003506,0.020918,0.065349,0.012114,0.035764,0.0001,,,,,gru
645287,500,0.06681,0.001533,1.763588,0.003506,0.014246,0.046173,0.003439,0.019454,0.0001,,,,,gru
645287,500,0.010097,0.003294,1.763673,0.003506,0.02141,0.05613,0.004094,0.031534,0.0001,,,,,gru
