[RUN] arch=gru seed=1 stage=1/10 world=/uio/hume/student-u79/esbrovol/fys5429/DRL-Obstacle-Avoidance/worlds/training/train_1_empty.wbt
INFO: PPO: Starting controller: python3 -u PPO.py
[PPO] Using architecture: GRU
[TRAIN][PPO] arch=GRU weights_dir=/uio/hume/student-u79/esbrovol/fys5429/DRL-Obstacle-Avoidance/controllers/PPO/checkpoints/20260525_141956_gru_seed01_stage01_train_1_empty final=/uio/hume/student-u79/esbrovol/fys5429/DRL-Obstacle-Avoidance/controllers/PPO/checkpoints/20260525_141956_gru_seed01_stage01_train_1_empty/final_20260525_141956_gru_seed01_stage01_train_1_empty.pth
[TRAIN][PPO] episodes=500 update_every=4 obs=31 act=2 cell=GRU seq=32 burn_in=8
[TRAIN][PPO] ep=001/500 r=  318.91 avg10=  318.91 steps=1501 succ10=0.00 touch10=0.00 col10=1.00 to10=0.00 min_d= 1.24 avg_spd=1.81m/s end=collision t=   19.6s ckpt=best
[TRAIN][PPO] ep=002/500 r=  664.37 avg10=  491.64 steps=1641 succ10=0.50 touch10=0.50 col10=0.50 to10=0.00 min_d= 0.30 avg_spd=1.84m/s end=goal t=   40.9s ckpt=best_goal
[TRAIN][PPO] ep=003/500 r=  377.93 avg10=  453.73 steps=1399 succ10=0.33 touch10=0.33 col10=0.67 to10=0.00 min_d= 1.03 avg_spd=1.82m/s end=collision t=   59.1s
[TRAIN][PPO] ep=004/500 r=  297.51 avg10=  414.68 steps=1543 succ10=0.25 touch10=0.25 col10=0.75 to10=0.00 min_d= 1.29 avg_spd=1.84m/s end=collision t=   83.8s
[TRAIN][PPO] ep=005/500 r=  323.30 avg10=  396.40 steps=1418 succ10=0.20 touch10=0.20 col10=0.80 to10=0.00 min_d= 1.24 avg_spd=1.83m/s end=collision t=  102.1s
[TRAIN][PPO] ep=006/500 r=   50.25 avg10=  338.71 steps=1689 succ10=0.17 touch10=0.17 col10=0.83 to10=0.00 min_d= 2.08 avg_spd=1.84m/s end=collision t=  124.2s
[TRAIN][PPO] ep=007/500 r=  254.24 avg10=  326.64 steps=1446 succ10=0.14 touch10=0.14 col10=0.86 to10=0.00 min_d= 1.49 avg_spd=1.82m/s end=collision t=  143.1s
[TRAIN][PPO] ep=008/500 r=  633.46 avg10=  364.99 steps=1637 succ10=0.25 touch10=0.25 col10=0.75 to10=0.00 min_d= 0.30 avg_spd=1.85m/s end=goal t=  166.1s
[TRAIN][PPO] ep=009/500 r=  -56.64 avg10=  318.15 steps=1335 succ10=0.22 touch10=0.22 col10=0.78 to10=0.00 min_d= 2.91 avg_spd=1.85m/s end=collision t=  183.2s
[TRAIN][PPO] ep=010/500 r=  -50.80 avg10=  281.25 steps=1371 succ10=0.20 touch10=0.20 col10=0.80 to10=0.00 min_d= 2.81 avg_spd=1.81m/s end=collision t=  200.6s
[TRAIN][PPO] ep=011/500 r=  404.33 avg10=  289.79 steps=1412 succ10=0.20 touch10=0.20 col10=0.80 to10=0.00 min_d= 0.90 avg_spd=1.83m/s end=collision t=  218.5s
[TRAIN][PPO] ep=012/500 r=  627.38 avg10=  286.09 steps=1785 succ10=0.20 touch10=0.20 col10=0.80 to10=0.00 min_d= 0.30 avg_spd=1.82m/s end=goal t=  243.8s
[TRAIN][PPO] ep=013/500 r=  -32.08 avg10=  245.09 steps=1432 succ10=0.20 touch10=0.20 col10=0.80 to10=0.00 min_d= 2.53 avg_spd=1.83m/s end=collision t=  261.8s
[TRAIN][PPO] ep=014/500 r=  418.76 avg10=  257.22 steps=1481 succ10=0.20 touch10=0.20 col10=0.80 to10=0.00 min_d= 0.83 avg_spd=1.82m/s end=collision t=  281.1s
[TRAIN][PPO] ep=015/500 r=  260.31 avg10=  250.92 steps=1509 succ10=0.20 touch10=0.20 col10=0.80 to10=0.00 min_d= 1.50 avg_spd=1.84m/s end=collision t=  300.9s
[TRAIN][PPO] ep=016/500 r=  364.21 avg10=  282.32 steps=1520 succ10=0.20 touch10=0.20 col10=0.80 to10=0.00 min_d= 1.01 avg_spd=1.83m/s end=collision t=  322.2s
[TRAIN][PPO] ep=017/500 r=  381.58 avg10=  295.05 steps=1405 succ10=0.20 touch10=0.20 col10=0.80 to10=0.00 min_d= 0.99 avg_spd=1.83m/s end=collision t=  339.6s
[TRAIN][PPO] ep=018/500 r=  353.36 avg10=  267.04 steps=1437 succ10=0.10 touch10=0.10 col10=0.90 to10=0.00 min_d= 1.13 avg_spd=1.83m/s end=collision t=  358.0s
[TRAIN][PPO] ep=019/500 r=  -15.66 avg10=  271.14 steps=1511 succ10=0.10 touch10=0.10 col10=0.90 to10=0.00 min_d= 2.44 avg_spd=1.83m/s end=collision t=  377.0s
[TRAIN][PPO] ep=020/500 r=  170.67 avg10=  293.29 steps=1565 succ10=0.10 touch10=0.10 col10=0.90 to10=0.00 min_d= 1.86 avg_spd=1.84m/s end=collision t=  400.1s
[TRAIN][PPO] ep=021/500 r=  405.57 avg10=  293.41 steps=1369 succ10=0.10 touch10=0.10 col10=0.90 to10=0.00 min_d= 0.89 avg_spd=1.86m/s end=collision t=  417.6s
[TRAIN][PPO] ep=022/500 r=  -94.15 avg10=  221.26 steps=1248 succ10=0.00 touch10=0.00 col10=1.00 to10=0.00 min_d= 2.93 avg_spd=1.84m/s end=collision t=  433.5s
[TRAIN][PPO] ep=023/500 r=  646.89 avg10=  289.15 steps=1659 succ10=0.10 touch10=0.10 col10=0.90 to10=0.00 min_d= 0.30 avg_spd=1.84m/s end=goal t=  454.9s
[TRAIN][PPO] ep=024/500 r=  416.92 avg10=  288.97 steps=1434 succ10=0.10 touch10=0.10 col10=0.90 to10=0.00 min_d= 0.90 avg_spd=1.82m/s end=collision t=  474.3s
[TRAIN][PPO] ep=025/500 r=  656.62 avg10=  328.60 steps=1620 succ10=0.20 touch10=0.20 col10=0.80 to10=0.00 min_d= 0.30 avg_spd=1.86m/s end=goal t=  494.7s
[TRAIN][PPO] ep=026/500 r=   -1.46 avg10=  292.03 steps=1654 succ10=0.20 touch10=0.20 col10=0.80 to10=0.00 min_d= 2.33 avg_spd=1.83m/s end=collision t=  516.1s
[TRAIN][PPO] ep=027/500 r=  415.92 avg10=  295.47 steps=1372 succ10=0.20 touch10=0.20 col10=0.80 to10=0.00 min_d= 0.84 avg_spd=1.84m/s end=collision t=  533.7s
[TRAIN][PPO] ep=028/500 r=  356.66 avg10=  295.80 steps=1414 succ10=0.20 touch10=0.20 col10=0.80 to10=0.00 min_d= 1.12 avg_spd=1.85m/s end=collision t=  552.6s
[TRAIN][PPO] ep=029/500 r=  362.95 avg10=  333.66 steps=1349 succ10=0.20 touch10=0.20 col10=0.80 to10=0.00 min_d= 1.03 avg_spd=1.86m/s end=collision t=  569.6s
[TRAIN][PPO] ep=030/500 r=  405.09 avg10=  357.10 steps=1377 succ10=0.20 touch10=0.20 col10=0.80 to10=0.00 min_d= 0.91 avg_spd=1.88m/s end=collision t=  587.0s
[TRAIN][PPO] ep=031/500 r=  316.01 avg10=  348.14 steps=1404 succ10=0.20 touch10=0.20 col10=0.80 to10=0.00 min_d= 1.24 avg_spd=1.86m/s end=collision t=  604.9s
[TRAIN][PPO] ep=032/500 r=  -38.21 avg10=  353.74 steps=1414 succ10=0.20 touch10=0.20 col10=0.80 to10=0.00 min_d= 2.71 avg_spd=1.86m/s end=collision t=  624.4s
[TRAIN][PPO] ep=033/500 r=  415.19 avg10=  330.57 steps=1803 succ10=0.10 touch10=0.10 col10=0.90 to10=0.00 min_d= 0.31 avg_spd=1.87m/s end=collision t=  647.0s
[TRAIN][PPO] ep=034/500 r=  150.21 avg10=  303.90 steps=1493 succ10=0.10 touch10=0.10 col10=0.90 to10=0.00 min_d= 1.87 avg_spd=1.87m/s end=collision t=  665.9s
[TRAIN][PPO] ep=035/500 r=  362.44 avg10=  274.48 steps=1415 succ10=0.00 touch10=0.00 col10=1.00 to10=0.00 min_d= 0.98 avg_spd=1.87m/s end=collision t=  683.8s
[TRAIN][PPO] ep=036/500 r=  258.51 avg10=  300.48 steps=1412 succ10=0.00 touch10=0.00 col10=1.00 to10=0.00 min_d= 1.44 avg_spd=1.89m/s end=collision t=  703.6s
[TRAIN][PPO] ep=037/500 r=  370.21 avg10=  295.91 steps=1391 succ10=0.00 touch10=0.00 col10=1.00 to10=0.00 min_d= 1.05 avg_spd=1.88m/s end=collision t=  721.2s
[TRAIN][PPO] ep=038/500 r=  656.17 avg10=  325.86 steps=1657 succ10=0.10 touch10=0.10 col10=0.90 to10=0.00 min_d= 0.30 avg_spd=1.86m/s end=goal t=  742.2s
[TRAIN][PPO] ep=039/500 r=   66.57 avg10=  296.22 steps=1551 succ10=0.10 touch10=0.10 col10=0.90 to10=0.00 min_d= 2.16 avg_spd=1.89m/s end=collision t=  762.1s
[TRAIN][PPO] ep=040/500 r=   -4.27 avg10=  255.28 steps=1544 succ10=0.10 touch10=0.10 col10=0.90 to10=0.00 min_d= 2.61 avg_spd=1.86m/s end=collision t=  783.7s
[TRAIN][PPO] ep=041/500 r=  361.26 avg10=  259.81 steps=1411 succ10=0.10 touch10=0.10 col10=0.90 to10=0.00 min_d= 1.09 avg_spd=1.86m/s end=collision t=  801.7s
[TRAIN][PPO] ep=042/500 r=  334.29 avg10=  297.06 steps=1385 succ10=0.10 touch10=0.10 col10=0.90 to10=0.00 min_d= 1.13 avg_spd=1.88m/s end=collision t=  819.4s
[TRAIN][PPO] ep=043/500 r=  -86.68 avg10=  246.87 steps=1206 succ10=0.10 touch10=0.10 col10=0.90 to10=0.00 min_d= 3.16 avg_spd=1.88m/s end=collision t=  834.3s
[TRAIN][PPO] ep=044/500 r=  176.15 avg10=  249.47 steps=1505 succ10=0.10 touch10=0.10 col10=0.90 to10=0.00 min_d= 1.80 avg_spd=1.87m/s end=collision t=  854.9s
[TRAIN][PPO] ep=045/500 r=  655.87 avg10=  278.81 steps=1563 succ10=0.20 touch10=0.20 col10=0.80 to10=0.00 min_d= 0.30 avg_spd=1.88m/s end=goal t=  875.3s
[TRAIN][PPO] ep=046/500 r=  638.59 avg10=  316.82 steps=1599 succ10=0.30 touch10=0.30 col10=0.70 to10=0.00 min_d= 0.30 avg_spd=1.86m/s end=goal t=  895.5s
[TRAIN][PPO] ep=047/500 r=  244.80 avg10=  304.28 steps=1467 succ10=0.30 touch10=0.30 col10=0.70 to10=0.00 min_d= 1.55 avg_spd=1.89m/s end=collision t=  913.9s
[TRAIN][PPO] ep=048/500 r=  351.63 avg10=  273.82 steps=1394 succ10=0.20 touch10=0.20 col10=0.80 to10=0.00 min_d= 1.11 avg_spd=1.90m/s end=collision t=  933.4s
[TRAIN][PPO] ep=049/500 r=  140.35 avg10=  281.20 steps=1527 succ10=0.20 touch10=0.20 col10=0.80 to10=0.00 min_d= 1.90 avg_spd=1.88m/s end=collision t=  952.9s
[TRAIN][PPO] ep=050/500 r=  410.63 avg10=  322.69 steps=1358 succ10=0.20 touch10=0.20 col10=0.80 to10=0.00 min_d= 0.84 avg_spd=1.91m/s end=collision t=  969.7s
[TRAIN][PPO] ep=051/500 r=  404.31 avg10=  327.00 steps=1371 succ10=0.20 touch10=0.20 col10=0.80 to10=0.00 min_d= 0.91 avg_spd=1.87m/s end=collision t=  986.9s
[TRAIN][PPO] ep=052/500 r=  -98.52 avg10=  283.71 steps=1211 succ10=0.20 touch10=0.20 col10=0.80 to10=0.00 min_d= 3.11 avg_spd=1.86m/s end=collision t= 1004.6s
[TRAIN][PPO] ep=053/500 r=  361.56 avg10=  328.54 steps=1351 succ10=0.20 touch10=0.20 col10=0.80 to10=0.00 min_d= 1.04 avg_spd=1.86m/s end=collision t= 1021.6s
[TRAIN][PPO] ep=054/500 r=  384.99 avg10=  349.42 steps=1346 succ10=0.20 touch10=0.20 col10=0.80 to10=0.00 min_d= 0.89 avg_spd=1.91m/s end=collision t= 1038.4s
[TRAIN][PPO] ep=055/500 r=  391.65 avg10=  323.00 steps=1366 succ10=0.10 touch10=0.10 col10=0.90 to10=0.00 min_d= 0.96 avg_spd=1.90m/s end=collision t= 1055.9s
[TRAIN][PPO] ep=056/500 r=  388.69 avg10=  298.01 steps=1348 succ10=0.00 touch10=0.00 col10=1.00 to10=0.00 min_d= 0.92 avg_spd=1.87m/s end=collision t= 1074.6s
[TRAIN][PPO] ep=057/500 r=  334.33 avg10=  306.96 steps=1369 succ10=0.00 touch10=0.00 col10=1.00 to10=0.00 min_d= 1.13 avg_spd=1.87m/s end=collision t= 1091.7s
[TRAIN][PPO] ep=058/500 r=  389.67 avg10=  310.77 steps=1368 succ10=0.00 touch10=0.00 col10=1.00 to10=0.00 min_d= 0.95 avg_spd=1.85m/s end=collision t= 1108.9s
[TRAIN][PPO] ep=059/500 r=  655.02 avg10=  362.23 steps=1575 succ10=0.10 touch10=0.10 col10=0.90 to10=0.00 min_d= 0.30 avg_spd=1.87m/s end=goal t= 1129.3s
[TRAIN][PPO] ep=060/500 r=  313.23 avg10=  352.49 steps=1391 succ10=0.10 touch10=0.10 col10=0.90 to10=0.00 min_d= 1.24 avg_spd=1.87m/s end=collision t= 1148.8s
[TRAIN][PPO] ep=061/500 r=  287.30 avg10=  340.79 steps=1456 succ10=0.10 touch10=0.10 col10=0.90 to10=0.00 min_d= 1.42 avg_spd=1.87m/s end=collision t= 1167.2s
[TRAIN][PPO] ep=062/500 r=  412.24 avg10=  391.87 steps=1364 succ10=0.10 touch10=0.10 col10=0.90 to10=0.00 min_d= 0.86 avg_spd=1.88m/s end=collision t= 1184.6s
[TRAIN][PPO] ep=063/500 r=  192.06 avg10=  374.92 steps=1515 succ10=0.10 touch10=0.10 col10=0.90 to10=0.00 min_d= 1.67 avg_spd=1.85m/s end=collision t= 1203.4s
[TRAIN][PPO] ep=064/500 r=   40.42 avg10=  340.46 steps=1578 succ10=0.10 touch10=0.10 col10=0.90 to10=0.00 min_d= 2.30 avg_spd=1.89m/s end=collision t= 1226.7s
[TRAIN][PPO] ep=065/500 r=  374.89 avg10=  338.79 steps=1395 succ10=0.10 touch10=0.10 col10=0.90 to10=0.00 min_d= 0.94 avg_spd=1.86m/s end=collision t= 1244.1s
[TRAIN][PPO] ep=066/500 r=  -62.33 avg10=  293.68 steps=1263 succ10=0.10 touch10=0.10 col10=0.90 to10=0.00 min_d= 2.95 avg_spd=1.86m/s end=collision t= 1260.0s
[TRAIN][PPO] ep=067/500 r=  129.45 avg10=  273.19 steps=1524 succ10=0.10 touch10=0.10 col10=0.90 to10=0.00 min_d= 2.00 avg_spd=1.87m/s end=collision t= 1279.7s
[TRAIN][PPO] ep=068/500 r=  230.13 avg10=  257.24 steps=1465 succ10=0.10 touch10=0.10 col10=0.90 to10=0.00 min_d= 1.61 avg_spd=1.88m/s end=collision t= 1300.7s
[TRAIN][PPO] ep=069/500 r= -117.34 avg10=  180.00 steps=1132 succ10=0.00 touch10=0.00 col10=1.00 to10=0.00 min_d= 3.21 avg_spd=1.87m/s end=collision t= 1315.4s
[TRAIN][PPO] ep=070/500 r=  309.25 avg10=  179.61 steps=1462 succ10=0.00 touch10=0.00 col10=1.00 to10=0.00 min_d= 1.30 avg_spd=1.86m/s end=collision t= 1333.9s
[TRAIN][PPO] ep=071/500 r=  213.02 avg10=  172.18 steps=1564 succ10=0.00 touch10=0.00 col10=1.00 to10=0.00 min_d= 1.67 avg_spd=1.85m/s end=collision t= 1353.9s
[TRAIN][PPO] ep=072/500 r=  -45.49 avg10=  126.41 steps=1325 succ10=0.00 touch10=0.00 col10=1.00 to10=0.00 min_d= 2.79 avg_spd=1.87m/s end=collision t= 1372.8s
[TRAIN][PPO] ep=073/500 r=  231.59 avg10=  130.36 steps=1585 succ10=0.00 touch10=0.00 col10=1.00 to10=0.00 min_d= 1.54 avg_spd=1.85m/s end=collision t= 1393.0s
[TRAIN][PPO] ep=074/500 r=  -23.88 avg10=  123.93 steps=1628 succ10=0.00 touch10=0.00 col10=1.00 to10=0.00 min_d= 2.12 avg_spd=1.86m/s end=collision t= 1414.0s
[TRAIN][PPO] ep=075/500 r= -145.77 avg10=   71.86 steps=1250 succ10=0.00 touch10=0.00 col10=1.00 to10=0.00 min_d= 2.83 avg_spd=1.83m/s end=collision t= 1430.4s
[TRAIN][PPO] ep=076/500 r=   -9.39 avg10=   77.16 steps=1649 succ10=0.00 touch10=0.00 col10=1.00 to10=0.00 min_d= 2.03 avg_spd=1.86m/s end=collision t= 1455.2s
[TRAIN][PPO] ep=077/500 r=  322.35 avg10=   96.45 steps=1464 succ10=0.00 touch10=0.00 col10=1.00 to10=0.00 min_d= 1.20 avg_spd=1.87m/s end=collision t= 1474.3s
[TRAIN][PPO] ep=078/500 r=  366.17 avg10=  110.05 steps=1487 succ10=0.00 touch10=0.00 col10=1.00 to10=0.00 min_d= 0.95 avg_spd=1.88m/s end=collision t= 1493.4s
[TRAIN][PPO] ep=079/500 r=   -1.98 avg10=  121.59 steps=1660 succ10=0.00 touch10=0.00 col10=1.00 to10=0.00 min_d= 2.31 avg_spd=1.86m/s end=collision t= 1515.0s
[TRAIN][PPO] ep=080/500 r=  326.36 avg10=  123.30 steps=1394 succ10=0.00 touch10=0.00 col10=1.00 to10=0.00 min_d= 1.23 avg_spd=1.88m/s end=collision t= 1534.8s
[TRAIN][PPO] ep=081/500 r=  -13.59 avg10=  100.64 steps=1495 succ10=0.00 touch10=0.00 col10=1.00 to10=0.00 min_d= 2.36 avg_spd=1.88m/s end=collision t= 1554.1s
[TRAIN][PPO] ep=082/500 r= -115.44 avg10=   93.64 steps=1282 succ10=0.00 touch10=0.00 col10=1.00 to10=0.00 min_d= 2.93 avg_spd=1.83m/s end=collision t= 1570.7s
[TRAIN][PPO] ep=083/500 r= -292.67 avg10=   41.22 steps=1111 succ10=0.00 touch10=0.00 col10=1.00 to10=0.00 min_d= 3.36 avg_spd=1.86m/s end=collision t= 1585.2s
[TRAIN][PPO] ep=084/500 r= -118.00 avg10=   31.80 steps=1331 succ10=0.00 touch10=0.00 col10=1.00 to10=0.00 min_d= 2.65 avg_spd=1.86m/s end=collision t= 1603.7s
[TRAIN][PPO] ep=085/500 r=  -44.65 avg10=   41.91 steps=1507 succ10=0.00 touch10=0.00 col10=1.00 to10=0.00 min_d= 2.26 avg_spd=1.85m/s end=collision t= 1623.3s
[TRAIN][PPO] ep=086/500 r= -113.09 avg10=   31.54 steps=1279 succ10=0.00 touch10=0.00 col10=1.00 to10=0.00 min_d= 2.85 avg_spd=1.84m/s end=collision t= 1639.9s
[TRAIN][PPO] ep=087/500 r=  -59.90 avg10=   -6.68 steps=1376 succ10=0.00 touch10=0.00 col10=1.00 to10=0.00 min_d= 2.58 avg_spd=1.85m/s end=collision t= 1657.9s
[TRAIN][PPO] ep=088/500 r=   -0.53 avg10=  -43.35 steps=1668 succ10=0.00 touch10=0.00 col10=1.00 to10=0.00 min_d= 2.05 avg_spd=1.85m/s end=collision t= 1681.5s
[TRAIN][PPO] ep=089/500 r=  267.49 avg10=  -16.40 steps=1502 succ10=0.00 touch10=0.00 col10=1.00 to10=0.00 min_d= 1.40 avg_spd=1.88m/s end=collision t= 1700.9s
[TRAIN][PPO] ep=090/500 r=  -63.34 avg10=  -55.37 steps=1584 succ10=0.00 touch10=0.00 col10=1.00 to10=0.00 min_d= 2.20 avg_spd=1.83m/s end=collision t= 1721.4s
[TRAIN][PPO] ep=091/500 r=  -58.23 avg10=  -59.84 steps=1453 succ10=0.00 touch10=0.00 col10=1.00 to10=0.00 min_d= 2.45 avg_spd=1.82m/s end=collision t= 1740.3s
[TRAIN][PPO] ep=092/500 r=  -27.53 avg10=  -51.05 steps=1826 succ10=0.00 touch10=0.00 col10=1.00 to10=0.00 min_d= 1.84 avg_spd=1.82m/s end=collision t= 1766.6s
[TRAIN][PPO] ep=093/500 r= -110.30 avg10=  -32.81 steps=1200 succ10=0.00 touch10=0.00 col10=1.00 to10=0.00 min_d= 3.09 avg_spd=1.83m/s end=collision t= 1781.7s
[TRAIN][PPO] ep=094/500 r=  361.30 avg10=   15.12 steps=1410 succ10=0.00 touch10=0.00 col10=1.00 to10=0.00 min_d= 1.06 avg_spd=1.84m/s end=collision t= 1799.7s
[TRAIN][PPO] ep=095/500 r= -216.47 avg10=   -2.06 steps=1274 succ10=0.00 touch10=0.00 col10=1.00 to10=0.00 min_d= 2.90 avg_spd=1.81m/s end=collision t= 1816.1s
[TRAIN][PPO] ep=096/500 r=  190.52 avg10=   28.30 steps=1513 succ10=0.00 touch10=0.00 col10=1.00 to10=0.00 min_d= 1.70 avg_spd=1.86m/s end=collision t= 1837.2s
[TRAIN][PPO] ep=097/500 r=  357.70 avg10=   70.06 steps=1398 succ10=0.00 touch10=0.00 col10=1.00 to10=0.00 min_d= 1.10 avg_spd=1.82m/s end=collision t= 1855.3s
[TRAIN][PPO] ep=098/500 r=  375.78 avg10=  107.69 steps=1394 succ10=0.00 touch10=0.00 col10=1.00 to10=0.00 min_d= 1.01 avg_spd=1.86m/s end=collision t= 1873.0s
[TRAIN][PPO] ep=099/500 r=  385.36 avg10=  119.48 steps=1473 succ10=0.00 touch10=0.00 col10=1.00 to10=0.00 min_d= 1.00 avg_spd=1.84m/s end=collision t= 1892.1s
[TRAIN][PPO] ep=100/500 r=  280.51 avg10=  153.86 steps=1433 succ10=0.00 touch10=0.00 col10=1.00 to10=0.00 min_d= 1.40 avg_spd=1.83m/s end=collision t= 1913.2s ckpt=latest
[TRAIN][PPO] ep=101/500 r=  653.28 avg10=  225.02 steps=1560 succ10=0.10 touch10=0.10 col10=0.90 to10=0.00 min_d= 0.30 avg_spd=1.86m/s end=goal t= 1933.1s
[TRAIN][PPO] ep=102/500 r=  654.13 avg10=  293.18 steps=1586 succ10=0.20 touch10=0.20 col10=0.80 to10=0.00 min_d= 0.30 avg_spd=1.87m/s end=goal t= 1952.5s
[TRAIN][PPO] ep=103/500 r=  163.77 avg10=  320.59 steps=1537 succ10=0.20 touch10=0.20 col10=0.80 to10=0.00 min_d= 1.89 avg_spd=1.85m/s end=collision t= 1971.8s
[TRAIN][PPO] ep=104/500 r=  327.16 avg10=  317.17 steps=1451 succ10=0.20 touch10=0.20 col10=0.80 to10=0.00 min_d= 1.21 avg_spd=1.85m/s end=collision t= 1992.9s
[TRAIN][PPO] ep=105/500 r=  274.23 avg10=  366.24 steps=1459 succ10=0.20 touch10=0.20 col10=0.80 to10=0.00 min_d= 1.41 avg_spd=1.85m/s end=collision t= 2011.6s
[TRAIN][PPO] ep=106/500 r=  657.16 avg10=  412.91 steps=1557 succ10=0.30 touch10=0.30 col10=0.70 to10=0.00 min_d= 0.30 avg_spd=1.88m/s end=goal t= 2031.2s
[TRAIN][PPO] ep=107/500 r=  354.10 avg10=  412.55 steps=1437 succ10=0.30 touch10=0.30 col10=0.70 to10=0.00 min_d= 1.01 avg_spd=1.87m/s end=collision t= 2049.6s
[TRAIN][PPO] ep=108/500 r=  369.27 avg10=  411.90 steps=1390 succ10=0.30 touch10=0.30 col10=0.70 to10=0.00 min_d= 0.94 avg_spd=1.90m/s end=collision t= 2069.2s
[TRAIN][PPO] ep=109/500 r=  263.82 avg10=  399.74 steps=1404 succ10=0.30 touch10=0.30 col10=0.70 to10=0.00 min_d= 1.45 avg_spd=1.89m/s end=collision t= 2087.3s
[TRAIN][PPO] ep=110/500 r=  652.71 avg10=  436.96 steps=1572 succ10=0.40 touch10=0.40 col10=0.60 to10=0.00 min_d= 0.30 avg_spd=1.89m/s end=goal t= 2107.6s
[TRAIN][PPO] ep=111/500 r=  216.63 avg10=  393.30 steps=1488 succ10=0.30 touch10=0.30 col10=0.70 to10=0.00 min_d= 1.62 avg_spd=1.87m/s end=collision t= 2126.9s
[TRAIN][PPO] ep=112/500 r=  365.18 avg10=  364.40 steps=1384 succ10=0.20 touch10=0.20 col10=0.80 to10=0.00 min_d= 1.06 avg_spd=1.87m/s end=collision t= 2146.7s
[TRAIN][PPO] ep=113/500 r=   49.63 avg10=  352.99 steps=1636 succ10=0.20 touch10=0.20 col10=0.80 to10=0.00 min_d= 2.29 avg_spd=1.83m/s end=collision t= 2168.0s
[TRAIN][PPO] ep=114/500 r=  284.65 avg10=  348.74 steps=1419 succ10=0.20 touch10=0.20 col10=0.80 to10=0.00 min_d= 1.32 avg_spd=1.86m/s end=collision t= 2186.3s
[TRAIN][PPO] ep=115/500 r=  388.26 avg10=  360.14 steps=1335 succ10=0.20 touch10=0.20 col10=0.80 to10=0.00 min_d= 0.93 avg_spd=1.87m/s end=collision t= 2203.7s
[TRAIN][PPO] ep=116/500 r=  355.65 avg10=  329.99 steps=1361 succ10=0.10 touch10=0.10 col10=0.90 to10=0.00 min_d= 1.06 avg_spd=1.87m/s end=collision t= 2223.3s
[TRAIN][PPO] ep=117/500 r=  288.09 avg10=  323.39 steps=1392 succ10=0.10 touch10=0.10 col10=0.90 to10=0.00 min_d= 1.36 avg_spd=1.87m/s end=collision t= 2241.3s
[TRAIN][PPO] ep=118/500 r=  389.60 avg10=  325.42 steps=1435 succ10=0.10 touch10=0.10 col10=0.90 to10=0.00 min_d= 0.86 avg_spd=1.88m/s end=collision t= 2259.7s
[TRAIN][PPO] ep=119/500 r=  227.98 avg10=  321.84 steps=1544 succ10=0.10 touch10=0.10 col10=0.90 to10=0.00 min_d= 1.57 avg_spd=1.83m/s end=collision t= 2279.7s
[TRAIN][PPO] ep=120/500 r=  321.89 avg10=  288.76 steps=1444 succ10=0.00 touch10=0.00 col10=1.00 to10=0.00 min_d= 1.22 avg_spd=1.86m/s end=collision t= 2299.9s
[TRAIN][PPO] ep=121/500 r=  340.40 avg10=  301.13 steps=1401 succ10=0.00 touch10=0.00 col10=1.00 to10=0.00 min_d= 1.14 avg_spd=1.87m/s end=collision t= 2318.1s
[TRAIN][PPO] ep=122/500 r=  356.62 avg10=  300.28 steps=1333 succ10=0.00 touch10=0.00 col10=1.00 to10=0.00 min_d= 1.02 avg_spd=1.87m/s end=collision t= 2334.8s
[TRAIN][PPO] ep=123/500 r=  -73.82 avg10=  287.93 steps=1256 succ10=0.00 touch10=0.00 col10=1.00 to10=0.00 min_d= 3.03 avg_spd=1.85m/s end=collision t= 2350.3s
[TRAIN][PPO] ep=124/500 r=  -64.22 avg10=  253.05 steps=1345 succ10=0.00 touch10=0.00 col10=1.00 to10=0.00 min_d= 2.91 avg_spd=1.82m/s end=collision t= 2369.0s
[TRAIN][PPO] ep=125/500 r=  639.37 avg10=  278.16 steps=1616 succ10=0.10 touch10=0.10 col10=0.90 to10=0.00 min_d= 0.30 avg_spd=1.89m/s end=goal t= 2389.0s
[TRAIN][PPO] ep=126/500 r=  297.55 avg10=  272.35 steps=1383 succ10=0.10 touch10=0.10 col10=0.90 to10=0.00 min_d= 1.29 avg_spd=1.89m/s end=collision t= 2406.3s
[TRAIN][PPO] ep=127/500 r=   60.84 avg10=  249.62 steps=1621 succ10=0.10 touch10=0.10 col10=0.90 to10=0.00 min_d= 2.20 avg_spd=1.86m/s end=collision t= 2426.9s
[TRAIN][PPO] ep=128/500 r=  428.89 avg10=  253.55 steps=1855 succ10=0.10 touch10=0.10 col10=0.90 to10=0.00 min_d= 0.36 avg_spd=1.87m/s end=collision t= 2452.7s
[TRAIN][PPO] ep=129/500 r=  646.80 avg10=  295.43 steps=1538 succ10=0.20 touch10=0.20 col10=0.80 to10=0.00 min_d= 0.30 avg_spd=1.89m/s end=goal t= 2471.2s
[TRAIN][PPO] ep=130/500 r=  322.96 avg10=  295.54 steps=1415 succ10=0.20 touch10=0.20 col10=0.80 to10=0.00 min_d= 1.24 avg_spd=1.87m/s end=collision t= 2488.9s
[TRAIN][PPO] ep=131/500 r=  400.93 avg10=  301.59 steps=1380 succ10=0.20 touch10=0.20 col10=0.80 to10=0.00 min_d= 0.89 avg_spd=1.90m/s end=collision t= 2506.7s
[TRAIN][PPO] ep=132/500 r=  651.48 avg10=  331.08 steps=1557 succ10=0.30 touch10=0.30 col10=0.70 to10=0.00 min_d= 0.30 avg_spd=1.88m/s end=goal t= 2528.7s
[TRAIN][PPO] ep=133/500 r=  342.65 avg10=  372.73 steps=1403 succ10=0.30 touch10=0.30 col10=0.70 to10=0.00 min_d= 1.10 avg_spd=1.88m/s end=collision t= 2546.3s
[TRAIN][PPO] ep=134/500 r=  387.91 avg10=  417.94 steps=1367 succ10=0.30 touch10=0.30 col10=0.70 to10=0.00 min_d= 0.97 avg_spd=1.90m/s end=collision t= 2563.9s
[TRAIN][PPO] ep=135/500 r=  307.34 avg10=  384.73 steps=1375 succ10=0.20 touch10=0.20 col10=0.80 to10=0.00 min_d= 1.24 avg_spd=1.86m/s end=collision t= 2581.6s
[TRAIN][PPO] ep=136/500 r=  216.99 avg10=  376.68 steps=1560 succ10=0.20 touch10=0.20 col10=0.80 to10=0.00 min_d= 1.65 avg_spd=1.84m/s end=collision t= 2603.9s
[TRAIN][PPO] ep=137/500 r=  365.14 avg10=  407.11 steps=1362 succ10=0.20 touch10=0.20 col10=0.80 to10=0.00 min_d= 1.03 avg_spd=1.86m/s end=collision t= 2621.7s
[TRAIN][PPO] ep=138/500 r=  348.59 avg10=  399.08 steps=1367 succ10=0.20 touch10=0.20 col10=0.80 to10=0.00 min_d= 1.06 avg_spd=1.88m/s end=collision t= 2639.3s
[TRAIN][PPO] ep=139/500 r=  655.03 avg10=  399.90 steps=1583 succ10=0.20 touch10=0.20 col10=0.80 to10=0.00 min_d= 0.30 avg_spd=1.86m/s end=goal t= 2660.0s
[TRAIN][PPO] ep=140/500 r=   70.02 avg10=  374.61 steps=1653 succ10=0.20 touch10=0.20 col10=0.80 to10=0.00 min_d= 2.21 avg_spd=1.86m/s end=collision t= 2682.9s
[TRAIN][PPO] ep=141/500 r=  397.00 avg10=  374.21 steps=1383 succ10=0.20 touch10=0.20 col10=0.80 to10=0.00 min_d= 0.92 avg_spd=1.89m/s end=collision t= 2700.4s
[TRAIN][PPO] ep=142/500 r=  652.73 avg10=  374.34 steps=1573 succ10=0.20 touch10=0.20 col10=0.80 to10=0.00 min_d= 0.30 avg_spd=1.90m/s end=goal t= 2720.5s
[TRAIN][PPO] ep=143/500 r=  393.06 avg10=  379.38 steps=1328 succ10=0.20 touch10=0.20 col10=0.80 to10=0.00 min_d= 0.89 avg_spd=1.89m/s end=collision t= 2737.6s
[TRAIN][PPO] ep=144/500 r=  344.47 avg10=  375.04 steps=1363 succ10=0.20 touch10=0.20 col10=0.80 to10=0.00 min_d= 1.11 avg_spd=1.90m/s end=collision t= 2756.8s
[TRAIN][PPO] ep=145/500 r=  293.50 avg10=  373.65 steps=1493 succ10=0.20 touch10=0.20 col10=0.80 to10=0.00 min_d= 1.25 avg_spd=1.88m/s end=collision t= 2776.2s
[TRAIN][PPO] ep=146/500 r=  272.79 avg10=  379.23 steps=1415 succ10=0.20 touch10=0.20 col10=0.80 to10=0.00 min_d= 1.39 avg_spd=1.87m/s end=collision t= 2794.2s
[TRAIN][PPO] ep=147/500 r=  375.08 avg10=  380.23 steps=1433 succ10=0.20 touch10=0.20 col10=0.80 to10=0.00 min_d= 0.97 avg_spd=1.89m/s end=collision t= 2813.1s
[TRAIN][PPO] ep=148/500 r=  339.14 avg10=  379.28 steps=1312 succ10=0.20 touch10=0.20 col10=0.80 to10=0.00 min_d= 1.08 avg_spd=1.91m/s end=collision t= 2832.8s
[TRAIN][PPO] ep=149/500 r=  380.02 avg10=  351.78 steps=1337 succ10=0.10 touch10=0.10 col10=0.90 to10=0.00 min_d= 0.85 avg_spd=1.92m/s end=collision t= 2850.3s
[TRAIN][PPO] ep=150/500 r=  190.85 avg10=  363.86 steps=1517 succ10=0.10 touch10=0.10 col10=0.90 to10=0.00 min_d= 1.77 avg_spd=1.89m/s end=collision t= 2869.2s
[TRAIN][PPO] ep=151/500 r=  378.61 avg10=  362.02 steps=1279 succ10=0.10 touch10=0.10 col10=0.90 to10=0.00 min_d= 0.90 avg_spd=1.92m/s end=collision t= 2886.0s
[TRAIN][PPO] ep=152/500 r=  363.05 avg10=  333.06 steps=1775 succ10=0.00 touch10=0.00 col10=1.00 to10=0.00 min_d= 0.37 avg_spd=1.94m/s end=collision t= 2911.7s
[TRAIN][PPO] ep=153/500 r=  637.84 avg10=  357.54 steps=1546 succ10=0.10 touch10=0.10 col10=0.90 to10=0.00 min_d= 0.30 avg_spd=1.94m/s end=goal t= 2931.3s
[TRAIN][PPO] ep=154/500 r=  378.57 avg10=  360.94 steps=1348 succ10=0.10 touch10=0.10 col10=0.90 to10=0.00 min_d= 0.95 avg_spd=1.93m/s end=collision t= 2948.0s
[TRAIN][PPO] ep=155/500 r=  645.37 avg10=  396.13 steps=1570 succ10=0.20 touch10=0.20 col10=0.80 to10=0.00 min_d= 0.30 avg_spd=1.90m/s end=goal t= 2968.0s
[TRAIN][PPO] ep=156/500 r=  345.95 avg10=  403.45 steps=1382 succ10=0.20 touch10=0.20 col10=0.80 to10=0.00 min_d= 1.06 avg_spd=1.91m/s end=collision t= 2987.4s
[TRAIN][PPO] ep=157/500 r=  632.24 avg10=  429.16 steps=1496 succ10=0.30 touch10=0.30 col10=0.70 to10=0.00 min_d= 0.30 avg_spd=1.96m/s end=goal t= 3006.6s
[TRAIN][PPO] ep=158/500 r=  623.62 avg10=  457.61 steps=1505 succ10=0.40 touch10=0.40 col10=0.60 to10=0.00 min_d= 0.30 avg_spd=1.93m/s end=goal t= 3025.4s
[TRAIN][PPO] ep=159/500 r=  626.89 avg10=  482.30 steps=1489 succ10=0.50 touch10=0.50 col10=0.50 to10=0.00 min_d= 0.30 avg_spd=1.93m/s end=goal t= 3044.2s
[TRAIN][PPO] ep=160/500 r=  642.14 avg10=  527.43 steps=1518 succ10=0.60 touch10=0.60 col10=0.40 to10=0.00 min_d= 0.30 avg_spd=1.93m/s end=goal t= 3066.3s
[TRAIN][PPO] ep=161/500 r=  625.25 avg10=  552.09 steps=1539 succ10=0.70 touch10=0.70 col10=0.30 to10=0.00 min_d= 0.30 avg_spd=1.93m/s end=goal t= 3086.2s
[TRAIN][PPO] ep=162/500 r=  642.50 avg10=  580.04 steps=1522 succ10=0.80 touch10=0.80 col10=0.20 to10=0.00 min_d= 0.30 avg_spd=1.92m/s end=goal t= 3105.6s
[TRAIN][PPO] ep=163/500 r=  118.98 avg10=  528.15 steps=1577 succ10=0.70 touch10=0.70 col10=0.30 to10=0.00 min_d= 2.03 avg_spd=1.88m/s end=collision t= 3126.4s
[TRAIN][PPO] ep=164/500 r=  636.70 avg10=  553.96 steps=1555 succ10=0.80 touch10=0.80 col10=0.20 to10=0.00 min_d= 0.30 avg_spd=1.92m/s end=goal t= 3148.8s
[TRAIN][PPO] ep=165/500 r=  368.16 avg10=  526.24 steps=1301 succ10=0.70 touch10=0.70 col10=0.30 to10=0.00 min_d= 0.92 avg_spd=1.94m/s end=collision t= 3165.0s
[TRAIN][PPO] ep=166/500 r=  228.40 avg10=  514.49 steps=1411 succ10=0.70 touch10=0.70 col10=0.30 to10=0.00 min_d= 1.52 avg_spd=1.90m/s end=collision t= 3182.8s
[TRAIN][PPO] ep=167/500 r=  639.78 avg10=  515.24 steps=1547 succ10=0.70 touch10=0.70 col10=0.30 to10=0.00 min_d= 0.30 avg_spd=1.93m/s end=goal t= 3202.2s
[TRAIN][PPO] ep=168/500 r=  624.10 avg10=  515.29 steps=1513 succ10=0.70 touch10=0.70 col10=0.30 to10=0.00 min_d= 0.30 avg_spd=1.95m/s end=goal t= 3222.8s
[TRAIN][PPO] ep=169/500 r=  642.52 avg10=  516.85 steps=1542 succ10=0.70 touch10=0.70 col10=0.30 to10=0.00 min_d= 0.30 avg_spd=1.93m/s end=goal t= 3242.0s
[TRAIN][PPO] ep=170/500 r=  339.44 avg10=  486.58 steps=1400 succ10=0.60 touch10=0.60 col10=0.40 to10=0.00 min_d= 1.02 avg_spd=1.93m/s end=collision t= 3259.9s
[TRAIN][PPO] ep=171/500 r=  638.83 avg10=  487.94 steps=1504 succ10=0.60 touch10=0.60 col10=0.40 to10=0.00 min_d= 0.30 avg_spd=1.95m/s end=goal t= 3279.3s
[TRAIN][PPO] ep=172/500 r=  384.98 avg10=  462.19 steps=1308 succ10=0.50 touch10=0.50 col10=0.50 to10=0.00 min_d= 0.91 avg_spd=1.93m/s end=collision t= 3298.0s
[TRAIN][PPO] ep=173/500 r=  625.69 avg10=  512.86 steps=1482 succ10=0.60 touch10=0.60 col10=0.40 to10=0.00 min_d= 0.30 avg_spd=1.93m/s end=goal t= 3317.3s
[TRAIN][PPO] ep=174/500 r=  384.45 avg10=  487.63 steps=1278 succ10=0.50 touch10=0.50 col10=0.50 to10=0.00 min_d= 0.87 avg_spd=1.92m/s end=collision t= 3333.8s
[TRAIN][PPO] ep=175/500 r=  372.22 avg10=  488.04 steps=1413 succ10=0.50 touch10=0.50 col10=0.50 to10=0.00 min_d= 0.98 avg_spd=1.90m/s end=collision t= 3352.1s
[TRAIN][PPO] ep=176/500 r=  353.35 avg10=  500.54 steps=1416 succ10=0.50 touch10=0.50 col10=0.50 to10=0.00 min_d= 1.04 avg_spd=1.89m/s end=collision t= 3371.9s
[TRAIN][PPO] ep=177/500 r=  651.25 avg10=  501.68 steps=1577 succ10=0.50 touch10=0.50 col10=0.50 to10=0.00 min_d= 0.30 avg_spd=1.89m/s end=goal t= 3391.9s
[TRAIN][PPO] ep=178/500 r=  400.91 avg10=  479.36 steps=1309 succ10=0.40 touch10=0.40 col10=0.60 to10=0.00 min_d= 0.81 avg_spd=1.91m/s end=collision t= 3408.8s
[TRAIN][PPO] ep=179/500 r=  634.45 avg10=  478.56 steps=1555 succ10=0.40 touch10=0.40 col10=0.60 to10=0.00 min_d= 0.30 avg_spd=1.92m/s end=goal t= 3428.8s
[TRAIN][PPO] ep=180/500 r=  642.14 avg10=  508.83 steps=1522 succ10=0.50 touch10=0.50 col10=0.50 to10=0.00 min_d= 0.30 avg_spd=1.91m/s end=goal t= 3450.9s
[TRAIN][PPO] ep=181/500 r=  275.43 avg10=  472.49 steps=1489 succ10=0.40 touch10=0.40 col10=0.60 to10=0.00 min_d= 1.32 avg_spd=1.89m/s end=collision t= 3469.8s
[TRAIN][PPO] ep=182/500 r=  623.49 avg10=  496.34 steps=1606 succ10=0.50 touch10=0.50 col10=0.50 to10=0.00 min_d= 0.30 avg_spd=1.89m/s end=goal t= 3490.0s
[TRAIN][PPO] ep=183/500 r=  650.19 avg10=  498.79 steps=1541 succ10=0.50 touch10=0.50 col10=0.50 to10=0.00 min_d= 0.30 avg_spd=1.91m/s end=goal t= 3508.8s
[TRAIN][PPO] ep=184/500 r=  622.45 avg10=  522.59 steps=1577 succ10=0.60 touch10=0.60 col10=0.40 to10=0.00 min_d= 0.30 avg_spd=1.91m/s end=goal t= 3530.4s
[TRAIN][PPO] ep=185/500 r=  644.61 avg10=  549.83 steps=1569 succ10=0.70 touch10=0.70 col10=0.30 to10=0.00 min_d= 0.30 avg_spd=1.91m/s end=goal t= 3550.0s
[TRAIN][PPO] ep=186/500 r=  208.88 avg10=  535.38 steps=1466 succ10=0.70 touch10=0.70 col10=0.30 to10=0.00 min_d= 1.60 avg_spd=1.89m/s end=collision t= 3568.8s
[TRAIN][PPO] ep=187/500 r=  341.26 avg10=  504.38 steps=1402 succ10=0.60 touch10=0.60 col10=0.40 to10=0.00 min_d= 1.08 avg_spd=1.90m/s end=collision t= 3586.6s
[TRAIN][PPO] ep=188/500 r=  636.12 avg10=  527.90 steps=1502 succ10=0.70 touch10=0.70 col10=0.30 to10=0.00 min_d= 0.30 avg_spd=1.92m/s end=goal t= 3607.4s
[TRAIN][PPO] ep=189/500 r=  331.16 avg10=  497.57 steps=1429 succ10=0.60 touch10=0.60 col10=0.40 to10=0.00 min_d= 1.05 avg_spd=1.88m/s end=collision t= 3625.7s
[TRAIN][PPO] ep=190/500 r=  632.64 avg10=  496.62 steps=1557 succ10=0.60 touch10=0.60 col10=0.40 to10=0.00 min_d= 0.30 avg_spd=1.92m/s end=goal t= 3645.8s
[TRAIN][PPO] ep=191/500 r=  637.86 avg10=  532.87 steps=1513 succ10=0.70 touch10=0.70 col10=0.30 to10=0.00 min_d= 0.30 avg_spd=1.91m/s end=goal t= 3664.7s
[TRAIN][PPO] ep=192/500 r=  641.93 avg10=  534.71 steps=1548 succ10=0.70 touch10=0.70 col10=0.30 to10=0.00 min_d= 0.30 avg_spd=1.92m/s end=goal t= 3686.9s
[TRAIN][PPO] ep=193/500 r=  634.73 avg10=  533.17 steps=1541 succ10=0.70 touch10=0.70 col10=0.30 to10=0.00 min_d= 0.30 avg_spd=1.93m/s end=goal t= 3706.2s
[TRAIN][PPO] ep=194/500 r=  634.73 avg10=  534.39 steps=1523 succ10=0.70 touch10=0.70 col10=0.30 to10=0.00 min_d= 0.30 avg_spd=1.91m/s end=goal t= 3725.1s
[TRAIN][PPO] ep=195/500 r=  640.05 avg10=  533.94 steps=1534 succ10=0.70 touch10=0.70 col10=0.30 to10=0.00 min_d= 0.30 avg_spd=1.92m/s end=goal t= 3744.8s
[TRAIN][PPO] ep=196/500 r=  647.56 avg10=  577.81 steps=1551 succ10=0.80 touch10=0.80 col10=0.20 to10=0.00 min_d= 0.30 avg_spd=1.91m/s end=goal t= 3766.7s
[TRAIN][PPO] ep=197/500 r=  631.27 avg10=  606.81 steps=1496 succ10=0.90 touch10=0.90 col10=0.10 to10=0.00 min_d= 0.30 avg_spd=1.93m/s end=goal t= 3785.6s
[TRAIN][PPO] ep=198/500 r=  640.69 avg10=  607.26 steps=1574 succ10=0.90 touch10=0.90 col10=0.10 to10=0.00 min_d= 0.30 avg_spd=1.92m/s end=goal t= 3805.5s
[TRAIN][PPO] ep=199/500 r=  633.02 avg10=  637.45 steps=1529 succ10=1.00 touch10=1.00 col10=0.00 to10=0.00 min_d= 0.30 avg_spd=1.94m/s end=goal t= 3825.0s
[TRAIN][PPO] ep=200/500 r=  382.66 avg10=  612.45 steps=1359 succ10=0.90 touch10=0.90 col10=0.10 to10=0.00 min_d= 0.86 avg_spd=1.92m/s end=collision t= 3844.2s ckpt=latest
[TRAIN][PPO] ep=201/500 r=  383.64 avg10=  587.03 steps=1370 succ10=0.80 touch10=0.80 col10=0.20 to10=0.00 min_d= 0.90 avg_spd=1.93m/s end=collision t= 3861.8s
[TRAIN][PPO] ep=202/500 r=  636.96 avg10=  586.53 steps=1499 succ10=0.80 touch10=0.80 col10=0.20 to10=0.00 min_d= 0.30 avg_spd=1.91m/s end=goal t= 3881.1s
[TRAIN][PPO] ep=203/500 r=  350.22 avg10=  558.08 steps=1391 succ10=0.70 touch10=0.70 col10=0.30 to10=0.00 min_d= 0.98 avg_spd=1.91m/s end=collision t= 3899.1s
[TRAIN][PPO] ep=204/500 r=  386.34 avg10=  533.24 steps=1341 succ10=0.60 touch10=0.60 col10=0.40 to10=0.00 min_d= 0.91 avg_spd=1.88m/s end=collision t= 3918.3s
[TRAIN][PPO] ep=205/500 r=  397.96 avg10=  509.03 steps=1325 succ10=0.50 touch10=0.50 col10=0.50 to10=0.00 min_d= 0.84 avg_spd=1.88m/s end=collision t= 3935.5s
[TRAIN][PPO] ep=206/500 r=  636.12 avg10=  507.89 steps=1532 succ10=0.50 touch10=0.50 col10=0.50 to10=0.00 min_d= 0.30 avg_spd=1.93m/s end=goal t= 3955.2s
[TRAIN][PPO] ep=207/500 r=  638.29 avg10=  508.59 steps=1506 succ10=0.50 touch10=0.50 col10=0.50 to10=0.00 min_d= 0.30 avg_spd=1.91m/s end=goal t= 3974.6s
[TRAIN][PPO] ep=208/500 r=  636.23 avg10=  508.14 steps=1521 succ10=0.50 touch10=0.50 col10=0.50 to10=0.00 min_d= 0.30 avg_spd=1.91m/s end=goal t= 3996.6s
[TRAIN][PPO] ep=209/500 r=  387.61 avg10=  483.60 steps=1298 succ10=0.40 touch10=0.40 col10=0.60 to10=0.00 min_d= 0.89 avg_spd=1.91m/s end=collision t= 4013.2s
[TRAIN][PPO] ep=210/500 r=  320.29 avg10=  477.36 steps=1416 succ10=0.40 touch10=0.40 col10=0.60 to10=0.00 min_d= 1.20 avg_spd=1.90m/s end=collision t= 4031.5s
[TRAIN][PPO] ep=211/500 r=  632.03 avg10=  502.20 steps=1594 succ10=0.50 touch10=0.50 col10=0.50 to10=0.00 min_d= 0.30 avg_spd=1.91m/s end=goal t= 4051.3s
[TRAIN][PPO] ep=212/500 r=  396.68 avg10=  478.18 steps=1310 succ10=0.40 touch10=0.40 col10=0.60 to10=0.00 min_d= 0.84 avg_spd=1.90m/s end=collision t= 4068.9s
[TRAIN][PPO] ep=213/500 r=  405.44 avg10=  483.70 steps=1368 succ10=0.40 touch10=0.40 col10=0.60 to10=0.00 min_d= 0.85 avg_spd=1.89m/s end=collision t= 4085.8s
[TRAIN][PPO] ep=214/500 r=  641.71 avg10=  509.24 steps=1550 succ10=0.50 touch10=0.50 col10=0.50 to10=0.00 min_d= 0.30 avg_spd=1.91m/s end=goal t= 4105.8s
[TRAIN][PPO] ep=215/500 r=  637.23 avg10=  533.16 steps=1578 succ10=0.60 touch10=0.60 col10=0.40 to10=0.00 min_d= 0.30 avg_spd=1.93m/s end=goal t= 4126.1s
[TRAIN][PPO] ep=216/500 r=  643.49 avg10=  533.90 steps=1573 succ10=0.60 touch10=0.60 col10=0.40 to10=0.00 min_d= 0.30 avg_spd=1.89m/s end=goal t= 4147.8s
[TRAIN][PPO] ep=217/500 r=  651.55 avg10=  535.23 steps=1585 succ10=0.60 touch10=0.60 col10=0.40 to10=0.00 min_d= 0.30 avg_spd=1.89m/s end=goal t= 4168.3s
[TRAIN][PPO] ep=218/500 r=  436.73 avg10=  515.28 steps=1400 succ10=0.50 touch10=0.50 col10=0.50 to10=0.00 min_d= 0.62 avg_spd=1.87m/s end=collision t= 4186.1s
[TRAIN][PPO] ep=219/500 r=  652.36 avg10=  541.75 steps=1564 succ10=0.60 touch10=0.60 col10=0.40 to10=0.00 min_d= 0.30 avg_spd=1.91m/s end=goal t= 4206.2s
[TRAIN][PPO] ep=220/500 r=  639.71 avg10=  573.69 steps=1532 succ10=0.70 touch10=0.70 col10=0.30 to10=0.00 min_d= 0.30 avg_spd=1.91m/s end=goal t= 4227.7s
[TRAIN][PPO] ep=221/500 r=  641.94 avg10=  574.68 steps=1544 succ10=0.70 touch10=0.70 col10=0.30 to10=0.00 min_d= 0.30 avg_spd=1.90m/s end=goal t= 4247.6s
[TRAIN][PPO] ep=222/500 r=  634.64 avg10=  598.48 steps=1541 succ10=0.80 touch10=0.80 col10=0.20 to10=0.00 min_d= 0.30 avg_spd=1.90m/s end=goal t= 4266.9s
[TRAIN][PPO] ep=223/500 r=  655.00 avg10=  623.44 steps=1549 succ10=0.90 touch10=0.90 col10=0.10 to10=0.00 min_d= 0.30 avg_spd=1.90m/s end=goal t= 4286.5s
[TRAIN][PPO] ep=224/500 r=  647.61 avg10=  624.03 steps=1540 succ10=0.90 touch10=0.90 col10=0.10 to10=0.00 min_d= 0.30 avg_spd=1.90m/s end=goal t= 4307.4s
[TRAIN][PPO] ep=225/500 r=  624.24 avg10=  622.73 steps=1580 succ10=0.90 touch10=0.90 col10=0.10 to10=0.00 min_d= 0.30 avg_spd=1.89m/s end=goal t= 4327.8s
[TRAIN][PPO] ep=226/500 r=  636.89 avg10=  622.07 steps=1539 succ10=0.90 touch10=0.90 col10=0.10 to10=0.00 min_d= 0.30 avg_spd=1.88m/s end=goal t= 4346.9s
[TRAIN][PPO] ep=227/500 r=  639.74 avg10=  620.89 steps=1579 succ10=0.90 touch10=0.90 col10=0.10 to10=0.00 min_d= 0.30 avg_spd=1.89m/s end=goal t= 4367.0s
[TRAIN][PPO] ep=228/500 r=  649.73 avg10=  642.19 steps=1555 succ10=1.00 touch10=1.00 col10=0.00 to10=0.00 min_d= 0.30 avg_spd=1.89m/s end=goal t= 4388.7s
[TRAIN][PPO] ep=229/500 r=  631.84 avg10=  640.13 steps=1512 succ10=1.00 touch10=1.00 col10=0.00 to10=0.00 min_d= 0.30 avg_spd=1.93m/s end=goal t= 4407.6s
[TRAIN][PPO] ep=230/500 r=  642.79 avg10=  640.44 steps=1624 succ10=1.00 touch10=1.00 col10=0.00 to10=0.00 min_d= 0.30 avg_spd=1.91m/s end=goal t= 4428.1s
[TRAIN][PPO] ep=231/500 r=  644.00 avg10=  640.65 steps=1565 succ10=1.00 touch10=1.00 col10=0.00 to10=0.00 min_d= 0.30 avg_spd=1.91m/s end=goal t= 4447.8s
[TRAIN][PPO] ep=232/500 r=  648.52 avg10=  642.04 steps=1564 succ10=1.00 touch10=1.00 col10=0.00 to10=0.00 min_d= 0.30 avg_spd=1.90m/s end=goal t= 4469.4s
[TRAIN][PPO] ep=233/500 r=  646.53 avg10=  641.19 steps=1538 succ10=1.00 touch10=1.00 col10=0.00 to10=0.00 min_d= 0.30 avg_spd=1.91m/s end=goal t= 4489.2s
[TRAIN][PPO] ep=234/500 r=  638.20 avg10=  640.25 steps=1518 succ10=1.00 touch10=1.00 col10=0.00 to10=0.00 min_d= 0.30 avg_spd=1.91m/s end=goal t= 4508.1s
[TRAIN][PPO] ep=235/500 r=  642.83 avg10=  642.11 steps=1529 succ10=1.00 touch10=1.00 col10=0.00 to10=0.00 min_d= 0.30 avg_spd=1.91m/s end=goal t= 4527.6s
[TRAIN][PPO] ep=236/500 r=  643.04 avg10=  642.72 steps=1532 succ10=1.00 touch10=1.00 col10=0.00 to10=0.00 min_d= 0.30 avg_spd=1.91m/s end=goal t= 4548.8s
[TRAIN][PPO] ep=237/500 r=  635.80 avg10=  642.33 steps=1493 succ10=1.00 touch10=1.00 col10=0.00 to10=0.00 min_d= 0.30 avg_spd=1.94m/s end=goal t= 4567.8s
[TRAIN][PPO] ep=238/500 r=  629.07 avg10=  640.26 steps=1511 succ10=1.00 touch10=1.00 col10=0.00 to10=0.00 min_d= 0.30 avg_spd=1.92m/s end=goal t= 4587.2s
[TRAIN][PPO] ep=239/500 r=  628.62 avg10=  639.94 steps=1557 succ10=1.00 touch10=1.00 col10=0.00 to10=0.00 min_d= 0.30 avg_spd=1.93m/s end=goal t= 4607.3s
[TRAIN][PPO] ep=240/500 r=  638.60 avg10=  639.52 steps=1515 succ10=1.00 touch10=1.00 col10=0.00 to10=0.00 min_d= 0.30 avg_spd=1.93m/s end=goal t= 4628.6s
[TRAIN][PPO] ep=241/500 r=  633.38 avg10=  638.46 steps=1498 succ10=1.00 touch10=1.00 col10=0.00 to10=0.00 min_d= 0.30 avg_spd=1.92m/s end=goal t= 4647.5s
[TRAIN][PPO] ep=242/500 r=  634.27 avg10=  637.03 steps=1497 succ10=1.00 touch10=1.00 col10=0.00 to10=0.00 min_d= 0.30 avg_spd=1.91m/s end=goal t= 4666.4s
[TRAIN][PPO] ep=243/500 r=  629.12 avg10=  635.29 steps=1488 succ10=1.00 touch10=1.00 col10=0.00 to10=0.00 min_d= 0.30 avg_spd=1.92m/s end=goal t= 4685.5s
[TRAIN][PPO] ep=244/500 r=  633.25 avg10=  634.80 steps=1492 succ10=1.00 touch10=1.00 col10=0.00 to10=0.00 min_d= 0.30 avg_spd=1.92m/s end=goal t= 4706.4s
[TRAIN][PPO] ep=245/500 r=  634.41 avg10=  633.95 steps=1487 succ10=1.00 touch10=1.00 col10=0.00 to10=0.00 min_d= 0.30 avg_spd=1.94m/s end=goal t= 4725.8s
[TRAIN][PPO] ep=246/500 r=  628.46 avg10=  632.50 steps=1542 succ10=1.00 touch10=1.00 col10=0.00 to10=0.00 min_d= 0.30 avg_spd=1.91m/s end=goal t= 4745.6s
[TRAIN][PPO] ep=247/500 r=  634.72 avg10=  632.39 steps=1581 succ10=1.00 touch10=1.00 col10=0.00 to10=0.00 min_d= 0.30 avg_spd=1.94m/s end=goal t= 4765.9s
[TRAIN][PPO] ep=248/500 r=  639.16 avg10=  633.40 steps=1523 succ10=1.00 touch10=1.00 col10=0.00 to10=0.00 min_d= 0.30 avg_spd=1.96m/s end=goal t= 4787.4s
[TRAIN][PPO] ep=249/500 r=  632.73 avg10=  633.81 steps=1515 succ10=1.00 touch10=1.00 col10=0.00 to10=0.00 min_d= 0.30 avg_spd=1.94m/s end=goal t= 4807.2s
[TRAIN][PPO] ep=250/500 r=  618.69 avg10=  631.82 steps=1572 succ10=1.00 touch10=1.00 col10=0.00 to10=0.00 min_d= 0.30 avg_spd=1.95m/s end=goal t= 4827.5s
[TRAIN][PPO] ep=251/500 r=  623.69 avg10=  630.85 steps=1498 succ10=1.00 touch10=1.00 col10=0.00 to10=0.00 min_d= 0.30 avg_spd=1.93m/s end=goal t= 4846.0s
[TRAIN][PPO] ep=252/500 r=  640.61 avg10=  631.48 steps=1510 succ10=1.00 touch10=1.00 col10=0.00 to10=0.00 min_d= 0.30 avg_spd=1.93m/s end=goal t= 4866.8s
[TRAIN][PPO] ep=253/500 r=  630.56 avg10=  631.63 steps=1552 succ10=1.00 touch10=1.00 col10=0.00 to10=0.00 min_d= 0.30 avg_spd=1.93m/s end=goal t= 4887.0s
[TRAIN][PPO] ep=254/500 r=  635.87 avg10=  631.89 steps=1548 succ10=1.00 touch10=1.00 col10=0.00 to10=0.00 min_d= 0.30 avg_spd=1.93m/s end=goal t= 4907.1s
[TRAIN][PPO] ep=255/500 r=  645.29 avg10=  632.98 steps=1548 succ10=1.00 touch10=1.00 col10=0.00 to10=0.00 min_d= 0.30 avg_spd=1.93m/s end=goal t= 4927.2s
[TRAIN][PPO] ep=256/500 r=  631.07 avg10=  633.24 steps=1489 succ10=1.00 touch10=1.00 col10=0.00 to10=0.00 min_d= 0.30 avg_spd=1.92m/s end=goal t= 4948.4s
[TRAIN][PPO] ep=257/500 r=  627.14 avg10=  632.48 steps=1468 succ10=1.00 touch10=1.00 col10=0.00 to10=0.00 min_d= 0.30 avg_spd=1.95m/s end=goal t= 4967.2s
[TRAIN][PPO] ep=258/500 r=  631.37 avg10=  631.70 steps=1487 succ10=1.00 touch10=1.00 col10=0.00 to10=0.00 min_d= 0.30 avg_spd=1.94m/s end=goal t= 4986.8s
[TRAIN][PPO] ep=259/500 r=  647.19 avg10=  633.15 steps=1548 succ10=1.00 touch10=1.00 col10=0.00 to10=0.00 min_d= 0.30 avg_spd=1.91m/s end=goal t= 5006.9s
[TRAIN][PPO] ep=260/500 r=  635.32 avg10=  634.81 steps=1505 succ10=1.00 touch10=1.00 col10=0.00 to10=0.00 min_d= 0.30 avg_spd=1.94m/s end=goal t= 5027.8s
[TRAIN][PPO] ep=261/500 r=  630.41 avg10=  635.48 steps=1482 succ10=1.00 touch10=1.00 col10=0.00 to10=0.00 min_d= 0.30 avg_spd=1.92m/s end=goal t= 5047.0s
[TRAIN][PPO] ep=262/500 r=  631.16 avg10=  634.54 steps=1493 succ10=1.00 touch10=1.00 col10=0.00 to10=0.00 min_d= 0.30 avg_spd=1.92m/s end=goal t= 5066.3s
[TRAIN][PPO] ep=263/500 r=  633.41 avg10=  634.82 steps=1490 succ10=1.00 touch10=1.00 col10=0.00 to10=0.00 min_d= 0.30 avg_spd=1.92m/s end=goal t= 5085.4s
[TRAIN][PPO] ep=264/500 r=  643.62 avg10=  635.60 steps=1539 succ10=1.00 touch10=1.00 col10=0.00 to10=0.00 min_d= 0.30 avg_spd=1.91m/s end=goal t= 5107.3s
[TRAIN][PPO] ep=265/500 r=  632.48 avg10=  634.31 steps=1487 succ10=1.00 touch10=1.00 col10=0.00 to10=0.00 min_d= 0.30 avg_spd=1.92m/s end=goal t= 5126.7s
[TRAIN][PPO] ep=266/500 r=  631.58 avg10=  634.37 steps=1544 succ10=1.00 touch10=1.00 col10=0.00 to10=0.00 min_d= 0.30 avg_spd=1.93m/s end=goal t= 5146.7s
[TRAIN][PPO] ep=267/500 r=  641.94 avg10=  635.85 steps=1587 succ10=1.00 touch10=1.00 col10=0.00 to10=0.00 min_d= 0.30 avg_spd=1.91m/s end=goal t= 5166.8s
[TRAIN][PPO] ep=268/500 r=  639.64 avg10=  636.67 steps=1520 succ10=1.00 touch10=1.00 col10=0.00 to10=0.00 min_d= 0.30 avg_spd=1.92m/s end=goal t= 5189.5s
[TRAIN][PPO] ep=269/500 r=  636.81 avg10=  635.64 steps=1508 succ10=1.00 touch10=1.00 col10=0.00 to10=0.00 min_d= 0.30 avg_spd=1.92m/s end=goal t= 5209.1s
[TRAIN][PPO] ep=270/500 r=  638.18 avg10=  635.92 steps=1580 succ10=1.00 touch10=1.00 col10=0.00 to10=0.00 min_d= 0.30 avg_spd=1.94m/s end=goal t= 5229.9s
[TRAIN][PPO] ep=271/500 r=  637.91 avg10=  636.67 steps=1520 succ10=1.00 touch10=1.00 col10=0.00 to10=0.00 min_d= 0.30 avg_spd=1.94m/s end=goal t= 5249.6s
[TRAIN][PPO] ep=272/500 r=  641.79 avg10=  637.73 steps=1517 succ10=1.00 touch10=1.00 col10=0.00 to10=0.00 min_d= 0.30 avg_spd=1.93m/s end=goal t= 5270.7s
[TRAIN][PPO] ep=273/500 r=  628.77 avg10=  637.27 steps=1477 succ10=1.00 touch10=1.00 col10=0.00 to10=0.00 min_d= 0.30 avg_spd=1.95m/s end=goal t= 5289.7s
[TRAIN][PPO] ep=274/500 r=  631.64 avg10=  636.07 steps=1478 succ10=1.00 touch10=1.00 col10=0.00 to10=0.00 min_d= 0.30 avg_spd=1.94m/s end=goal t= 5308.6s
[TRAIN][PPO] ep=275/500 r=  637.45 avg10=  636.57 steps=1531 succ10=1.00 touch10=1.00 col10=0.00 to10=0.00 min_d= 0.30 avg_spd=1.93m/s end=goal t= 5328.4s
[TRAIN][PPO] ep=276/500 r=  632.74 avg10=  636.69 steps=1486 succ10=1.00 touch10=1.00 col10=0.00 to10=0.00 min_d= 0.30 avg_spd=1.94m/s end=goal t= 5348.9s
[TRAIN][PPO] ep=277/500 r=  632.20 avg10=  635.71 steps=1506 succ10=1.00 touch10=1.00 col10=0.00 to10=0.00 min_d= 0.30 avg_spd=1.93m/s end=goal t= 5368.1s
[TRAIN][PPO] ep=278/500 r=  633.98 avg10=  635.15 steps=1508 succ10=1.00 touch10=1.00 col10=0.00 to10=0.00 min_d= 0.30 avg_spd=1.94m/s end=goal t= 5387.2s
[TRAIN][PPO] ep=279/500 r=  634.71 avg10=  634.94 steps=1494 succ10=1.00 touch10=1.00 col10=0.00 to10=0.00 min_d= 0.30 avg_spd=1.95m/s end=goal t= 5406.2s
[TRAIN][PPO] ep=280/500 r=  648.94 avg10=  636.01 steps=1537 succ10=1.00 touch10=1.00 col10=0.00 to10=0.00 min_d= 0.30 avg_spd=1.91m/s end=goal t= 5427.7s
[TRAIN][PPO] ep=281/500 r=  620.80 avg10=  634.30 steps=1480 succ10=1.00 touch10=1.00 col10=0.00 to10=0.00 min_d= 0.30 avg_spd=1.96m/s end=goal t= 5446.7s
[TRAIN][PPO] ep=282/500 r=  630.41 avg10=  633.16 steps=1518 succ10=1.00 touch10=1.00 col10=0.00 to10=0.00 min_d= 0.30 avg_spd=1.94m/s end=goal t= 5465.6s
[TRAIN][PPO] ep=283/500 r=  398.15 avg10=  610.10 steps=1306 succ10=0.90 touch10=0.90 col10=0.10 to10=0.00 min_d= 0.85 avg_spd=1.95m/s end=collision t= 5482.2s
[TRAIN][PPO] ep=284/500 r=  620.87 avg10=  609.03 steps=1509 succ10=0.90 touch10=0.90 col10=0.10 to10=0.00 min_d= 0.30 avg_spd=1.97m/s end=goal t= 5503.1s
[TRAIN][PPO] ep=285/500 r=  389.07 avg10=  584.19 steps=1274 succ10=0.80 touch10=0.80 col10=0.20 to10=0.00 min_d= 0.85 avg_spd=1.92m/s end=collision t= 5519.7s
[TRAIN][PPO] ep=286/500 r=  401.93 avg10=  561.11 steps=1315 succ10=0.70 touch10=0.70 col10=0.30 to10=0.00 min_d= 0.86 avg_spd=1.94m/s end=collision t= 5537.0s
[TRAIN][PPO] ep=287/500 r=  401.52 avg10=  538.04 steps=1301 succ10=0.60 touch10=0.60 col10=0.40 to10=0.00 min_d= 0.83 avg_spd=1.94m/s end=collision t= 5553.7s
[TRAIN][PPO] ep=288/500 r=  626.53 avg10=  537.29 steps=1503 succ10=0.60 touch10=0.60 col10=0.40 to10=0.00 min_d= 0.30 avg_spd=1.93m/s end=goal t= 5576.4s
[TRAIN][PPO] ep=289/500 r=  376.74 avg10=  511.50 steps=1303 succ10=0.50 touch10=0.50 col10=0.50 to10=0.00 min_d= 0.86 avg_spd=1.94m/s end=collision t= 5593.3s
[TRAIN][PPO] ep=290/500 r=  644.61 avg10=  511.06 steps=1567 succ10=0.50 touch10=0.50 col10=0.50 to10=0.00 min_d= 0.30 avg_spd=1.93m/s end=goal t= 5613.0s
[TRAIN][PPO] ep=291/500 r=  644.65 avg10=  513.45 steps=1586 succ10=0.50 touch10=0.50 col10=0.50 to10=0.00 min_d= 0.30 avg_spd=1.91m/s end=goal t= 5633.3s
[TRAIN][PPO] ep=292/500 r=  637.87 avg10=  514.19 steps=1555 succ10=0.50 touch10=0.50 col10=0.50 to10=0.00 min_d= 0.30 avg_spd=1.93m/s end=goal t= 5655.2s
[TRAIN][PPO] ep=293/500 r=  629.27 avg10=  537.31 steps=1530 succ10=0.60 touch10=0.60 col10=0.40 to10=0.00 min_d= 0.30 avg_spd=1.93m/s end=goal t= 5674.6s
[TRAIN][PPO] ep=294/500 r=  381.80 avg10=  513.40 steps=1277 succ10=0.50 touch10=0.50 col10=0.50 to10=0.00 min_d= 0.87 avg_spd=1.96m/s end=collision t= 5690.1s
[TRAIN][PPO] ep=295/500 r=  630.34 avg10=  537.53 steps=1520 succ10=0.60 touch10=0.60 col10=0.40 to10=0.00 min_d= 0.30 avg_spd=1.94m/s end=goal t= 5709.3s
[TRAIN][PPO] ep=296/500 r=  632.95 avg10=  560.63 steps=1505 succ10=0.70 touch10=0.70 col10=0.30 to10=0.00 min_d= 0.30 avg_spd=1.93m/s end=goal t= 5730.3s
[TRAIN][PPO] ep=297/500 r=  624.06 avg10=  582.88 steps=1534 succ10=0.80 touch10=0.80 col10=0.20 to10=0.00 min_d= 0.30 avg_spd=1.96m/s end=goal t= 5749.2s
[TRAIN][PPO] ep=298/500 r=  615.59 avg10=  581.79 steps=1462 succ10=0.80 touch10=0.80 col10=0.20 to10=0.00 min_d= 0.30 avg_spd=1.96m/s end=goal t= 5766.6s
[TRAIN][PPO] ep=299/500 r=  637.52 avg10=  607.87 steps=1507 succ10=0.90 touch10=0.90 col10=0.10 to10=0.00 min_d= 0.30 avg_spd=1.92m/s end=goal t= 5785.5s
[TRAIN][PPO] ep=300/500 r=  634.15 avg10=  606.82 steps=1547 succ10=0.90 touch10=0.90 col10=0.10 to10=0.00 min_d= 0.30 avg_spd=1.94m/s end=goal t= 5807.0s ckpt=latest
[TRAIN][PPO] ep=301/500 r=  616.69 avg10=  604.02 steps=1451 succ10=0.90 touch10=0.90 col10=0.10 to10=0.00 min_d= 0.30 avg_spd=1.97m/s end=goal t= 5825.7s
[TRAIN][PPO] ep=302/500 r=  622.19 avg10=  602.46 steps=1452 succ10=0.90 touch10=0.90 col10=0.10 to10=0.00 min_d= 0.30 avg_spd=1.96m/s end=goal t= 5843.9s
[TRAIN][PPO] ep=303/500 r=  640.35 avg10=  603.56 steps=1543 succ10=0.90 touch10=0.90 col10=0.10 to10=0.00 min_d= 0.30 avg_spd=1.95m/s end=goal t= 5863.8s
[TRAIN][PPO] ep=304/500 r=  379.73 avg10=  603.36 steps=1272 succ10=0.90 touch10=0.90 col10=0.10 to10=0.00 min_d= 0.87 avg_spd=1.98m/s end=collision t= 5881.7s
[TRAIN][PPO] ep=305/500 r=  623.13 avg10=  602.64 steps=1519 succ10=0.90 touch10=0.90 col10=0.10 to10=0.00 min_d= 0.30 avg_spd=1.97m/s end=goal t= 5901.2s
[TRAIN][PPO] ep=306/500 r=  626.77 avg10=  602.02 steps=1496 succ10=0.90 touch10=0.90 col10=0.10 to10=0.00 min_d= 0.30 avg_spd=1.96m/s end=goal t= 5920.0s
[TRAIN][PPO] ep=307/500 r=  625.37 avg10=  602.15 steps=1511 succ10=0.90 touch10=0.90 col10=0.10 to10=0.00 min_d= 0.30 avg_spd=1.97m/s end=goal t= 5939.2s
[TRAIN][PPO] ep=308/500 r=  391.02 avg10=  579.69 steps=1300 succ10=0.80 touch10=0.80 col10=0.20 to10=0.00 min_d= 0.84 avg_spd=1.96m/s end=collision t= 5957.3s
[TRAIN][PPO] ep=309/500 r=  626.55 avg10=  578.59 steps=1476 succ10=0.80 touch10=0.80 col10=0.20 to10=0.00 min_d= 0.30 avg_spd=1.97m/s end=goal t= 5976.1s
[TRAIN][PPO] ep=310/500 r=  639.58 avg10=  579.14 steps=1539 succ10=0.80 touch10=0.80 col10=0.20 to10=0.00 min_d= 0.30 avg_spd=1.95m/s end=goal t= 5995.1s
[TRAIN][PPO] ep=311/500 r=  626.05 avg10=  580.07 steps=1558 succ10=0.80 touch10=0.80 col10=0.20 to10=0.00 min_d= 0.30 avg_spd=1.95m/s end=goal t= 6015.2s
[TRAIN][PPO] ep=312/500 r=  633.20 avg10=  581.17 steps=1492 succ10=0.80 touch10=0.80 col10=0.20 to10=0.00 min_d= 0.30 avg_spd=1.98m/s end=goal t= 6035.3s
[TRAIN][PPO] ep=313/500 r=  618.39 avg10=  578.98 steps=1494 succ10=0.80 touch10=0.80 col10=0.20 to10=0.00 min_d= 0.30 avg_spd=1.96m/s end=goal t= 6054.3s
[TRAIN][PPO] ep=314/500 r=  629.48 avg10=  603.95 steps=1485 succ10=0.90 touch10=0.90 col10=0.10 to10=0.00 min_d= 0.30 avg_spd=1.97m/s end=goal t= 6073.4s
[TRAIN][PPO] ep=315/500 r=  617.89 avg10=  603.43 steps=1456 succ10=0.90 touch10=0.90 col10=0.10 to10=0.00 min_d= 0.30 avg_spd=1.98m/s end=goal t= 6091.8s
[TRAIN][PPO] ep=316/500 r=  639.08 avg10=  604.66 steps=1499 succ10=0.90 touch10=0.90 col10=0.10 to10=0.00 min_d= 0.30 avg_spd=1.97m/s end=goal t= 6112.6s
[TRAIN][PPO] ep=317/500 r=  623.28 avg10=  604.45 steps=1481 succ10=0.90 touch10=0.90 col10=0.10 to10=0.00 min_d= 0.30 avg_spd=1.97m/s end=goal t= 6132.0s
[TRAIN][PPO] ep=318/500 r=  637.19 avg10=  629.07 steps=1501 succ10=1.00 touch10=1.00 col10=0.00 to10=0.00 min_d= 0.30 avg_spd=1.97m/s end=goal t= 6150.9s
[TRAIN][PPO] ep=319/500 r=  632.58 avg10=  629.67 steps=1481 succ10=1.00 touch10=1.00 col10=0.00 to10=0.00 min_d= 0.30 avg_spd=1.97m/s end=goal t= 6169.5s
[TRAIN][PPO] ep=320/500 r=  615.04 avg10=  627.22 steps=1439 succ10=1.00 touch10=1.00 col10=0.00 to10=0.00 min_d= 0.30 avg_spd=1.98m/s end=goal t= 6189.6s
[TRAIN][PPO] ep=321/500 r=  613.23 avg10=  625.94 steps=1474 succ10=1.00 touch10=1.00 col10=0.00 to10=0.00 min_d= 0.30 avg_spd=1.97m/s end=goal t= 6208.3s
[TRAIN][PPO] ep=322/500 r=  620.28 avg10=  624.64 steps=1491 succ10=1.00 touch10=1.00 col10=0.00 to10=0.00 min_d= 0.30 avg_spd=1.99m/s end=goal t= 6227.0s
[TRAIN][PPO] ep=323/500 r=  622.75 avg10=  625.08 steps=1479 succ10=1.00 touch10=1.00 col10=0.00 to10=0.00 min_d= 0.30 avg_spd=1.98m/s end=goal t= 6245.8s
[TRAIN][PPO] ep=324/500 r=  622.58 avg10=  624.39 steps=1474 succ10=1.00 touch10=1.00 col10=0.00 to10=0.00 min_d= 0.30 avg_spd=1.99m/s end=goal t= 6266.4s
[TRAIN][PPO] ep=325/500 r=  631.39 avg10=  625.74 steps=1488 succ10=1.00 touch10=1.00 col10=0.00 to10=0.00 min_d= 0.30 avg_spd=1.97m/s end=goal t= 6285.2s
[TRAIN][PPO] ep=326/500 r=  628.99 avg10=  624.73 steps=1497 succ10=1.00 touch10=1.00 col10=0.00 to10=0.00 min_d= 0.30 avg_spd=1.98m/s end=goal t= 6304.4s
[TRAIN][PPO] ep=327/500 r=  644.39 avg10=  626.84 steps=1524 succ10=1.00 touch10=1.00 col10=0.00 to10=0.00 min_d= 0.30 avg_spd=1.94m/s end=goal t= 6323.8s
[TRAIN][PPO] ep=328/500 r=  630.68 avg10=  626.19 steps=1474 succ10=1.00 touch10=1.00 col10=0.00 to10=0.00 min_d= 0.30 avg_spd=1.97m/s end=goal t= 6344.4s
[TRAIN][PPO] ep=329/500 r=  391.42 avg10=  602.08 steps=1340 succ10=0.90 touch10=0.90 col10=0.10 to10=0.00 min_d= 0.87 avg_spd=1.96m/s end=collision t= 6361.3s
[TRAIN][PPO] ep=330/500 r=  620.37 avg10=  602.61 steps=1451 succ10=0.90 touch10=0.90 col10=0.10 to10=0.00 min_d= 0.30 avg_spd=1.97m/s end=goal t= 6379.4s
[TRAIN][PPO] ep=331/500 r=  386.84 avg10=  579.97 steps=1329 succ10=0.80 touch10=0.80 col10=0.20 to10=0.00 min_d= 0.86 avg_spd=1.96m/s end=collision t= 6395.9s
[TRAIN][PPO] ep=332/500 r=  635.24 avg10=  581.47 steps=1503 succ10=0.80 touch10=0.80 col10=0.20 to10=0.00 min_d= 0.30 avg_spd=1.95m/s end=goal t= 6419.0s
[TRAIN][PPO] ep=333/500 r=  619.40 avg10=  581.13 steps=1462 succ10=0.80 touch10=0.80 col10=0.20 to10=0.00 min_d= 0.30 avg_spd=1.97m/s end=goal t= 6437.5s
[TRAIN][PPO] ep=334/500 r=  620.57 avg10=  580.93 steps=1461 succ10=0.80 touch10=0.80 col10=0.20 to10=0.00 min_d= 0.30 avg_spd=1.97m/s end=goal t= 6455.9s
[TRAIN][PPO] ep=335/500 r=  637.28 avg10=  581.52 steps=1503 succ10=0.80 touch10=0.80 col10=0.20 to10=0.00 min_d= 0.30 avg_spd=1.95m/s end=goal t= 6475.1s
[TRAIN][PPO] ep=336/500 r=  641.10 avg10=  582.73 steps=1513 succ10=0.80 touch10=0.80 col10=0.20 to10=0.00 min_d= 0.30 avg_spd=1.96m/s end=goal t= 6495.7s
[TRAIN][PPO] ep=337/500 r=  627.86 avg10=  581.07 steps=1467 succ10=0.80 touch10=0.80 col10=0.20 to10=0.00 min_d= 0.30 avg_spd=1.98m/s end=goal t= 6514.1s
[TRAIN][PPO] ep=338/500 r=  633.73 avg10=  581.38 steps=1501 succ10=0.80 touch10=0.80 col10=0.20 to10=0.00 min_d= 0.30 avg_spd=1.98m/s end=goal t= 6533.0s
[TRAIN][PPO] ep=339/500 r=  631.33 avg10=  605.37 steps=1483 succ10=0.90 touch10=0.90 col10=0.10 to10=0.00 min_d= 0.30 avg_spd=1.97m/s end=goal t= 6551.9s
[TRAIN][PPO] ep=340/500 r=  633.44 avg10=  606.68 steps=1481 succ10=0.90 touch10=0.90 col10=0.10 to10=0.00 min_d= 0.30 avg_spd=1.95m/s end=goal t= 6572.2s
[TRAIN][PPO] ep=341/500 r=  617.46 avg10=  629.74 steps=1471 succ10=1.00 touch10=1.00 col10=0.00 to10=0.00 min_d= 0.30 avg_spd=1.96m/s end=goal t= 6590.4s
[TRAIN][PPO] ep=342/500 r=  622.62 avg10=  628.48 steps=1467 succ10=1.00 touch10=1.00 col10=0.00 to10=0.00 min_d= 0.30 avg_spd=1.95m/s end=goal t= 6608.9s
[TRAIN][PPO] ep=343/500 r=  619.17 avg10=  628.45 steps=1455 succ10=1.00 touch10=1.00 col10=0.00 to10=0.00 min_d= 0.30 avg_spd=1.96m/s end=goal t= 6627.7s
[TRAIN][PPO] ep=344/500 r=  643.06 avg10=  630.70 steps=1539 succ10=1.00 touch10=1.00 col10=0.00 to10=0.00 min_d= 0.30 avg_spd=1.94m/s end=goal t= 6649.5s
[TRAIN][PPO] ep=345/500 r=  635.82 avg10=  630.56 steps=1501 succ10=1.00 touch10=1.00 col10=0.00 to10=0.00 min_d= 0.30 avg_spd=1.97m/s end=goal t= 6668.9s
[TRAIN][PPO] ep=346/500 r=  618.27 avg10=  628.27 steps=1469 succ10=1.00 touch10=1.00 col10=0.00 to10=0.00 min_d= 0.30 avg_spd=1.97m/s end=goal t= 6687.4s
[TRAIN][PPO] ep=347/500 r=  620.78 avg10=  627.57 steps=1486 succ10=1.00 touch10=1.00 col10=0.00 to10=0.00 min_d= 0.30 avg_spd=1.99m/s end=goal t= 6706.5s
[TRAIN][PPO] ep=348/500 r=  609.39 avg10=  625.13 steps=1485 succ10=1.00 touch10=1.00 col10=0.00 to10=0.00 min_d= 0.30 avg_spd=1.97m/s end=goal t= 6728.8s
[TRAIN][PPO] ep=349/500 r=  632.57 avg10=  625.26 steps=1485 succ10=1.00 touch10=1.00 col10=0.00 to10=0.00 min_d= 0.30 avg_spd=1.97m/s end=goal t= 6747.6s
[TRAIN][PPO] ep=350/500 r=  638.00 avg10=  625.71 steps=1506 succ10=1.00 touch10=1.00 col10=0.00 to10=0.00 min_d= 0.30 avg_spd=1.95m/s end=goal t= 6766.7s
[TRAIN][PPO] ep=351/500 r=  634.87 avg10=  627.45 steps=1497 succ10=1.00 touch10=1.00 col10=0.00 to10=0.00 min_d= 0.30 avg_spd=1.98m/s end=goal t= 6785.5s
[TRAIN][PPO] ep=352/500 r=  622.53 avg10=  627.45 steps=1455 succ10=1.00 touch10=1.00 col10=0.00 to10=0.00 min_d= 0.30 avg_spd=1.98m/s end=goal t= 6806.6s
[TRAIN][PPO] ep=353/500 r=  627.75 avg10=  628.30 steps=1510 succ10=1.00 touch10=1.00 col10=0.00 to10=0.00 min_d= 0.30 avg_spd=1.94m/s end=goal t= 6825.7s
[TRAIN][PPO] ep=354/500 r=  644.23 avg10=  628.42 steps=1520 succ10=1.00 touch10=1.00 col10=0.00 to10=0.00 min_d= 0.30 avg_spd=1.94m/s end=goal t= 6845.0s
[TRAIN][PPO] ep=355/500 r=  632.77 avg10=  628.12 steps=1485 succ10=1.00 touch10=1.00 col10=0.00 to10=0.00 min_d= 0.30 avg_spd=1.95m/s end=goal t= 6864.0s
[TRAIN][PPO] ep=356/500 r=  615.34 avg10=  627.82 steps=1493 succ10=1.00 touch10=1.00 col10=0.00 to10=0.00 min_d= 0.30 avg_spd=1.96m/s end=goal t= 6886.6s
[TRAIN][PPO] ep=357/500 r=  622.43 avg10=  627.99 steps=1469 succ10=1.00 touch10=1.00 col10=0.00 to10=0.00 min_d= 0.30 avg_spd=1.95m/s end=goal t= 6905.7s
[TRAIN][PPO] ep=358/500 r=  624.76 avg10=  629.53 steps=1456 succ10=1.00 touch10=1.00 col10=0.00 to10=0.00 min_d= 0.30 avg_spd=1.95m/s end=goal t= 6924.4s
[TRAIN][PPO] ep=359/500 r=  625.61 avg10=  628.83 steps=1487 succ10=1.00 touch10=1.00 col10=0.00 to10=0.00 min_d= 0.30 avg_spd=1.97m/s end=goal t= 6943.3s
[TRAIN][PPO] ep=360/500 r=  635.83 avg10=  628.61 steps=1497 succ10=1.00 touch10=1.00 col10=0.00 to10=0.00 min_d= 0.30 avg_spd=1.96m/s end=goal t= 6964.3s
[TRAIN][PPO] ep=361/500 r=  640.28 avg10=  629.15 steps=1514 succ10=1.00 touch10=1.00 col10=0.00 to10=0.00 min_d= 0.30 avg_spd=1.95m/s end=goal t= 6984.1s
[TRAIN][PPO] ep=362/500 r=  630.04 avg10=  629.90 steps=1494 succ10=1.00 touch10=1.00 col10=0.00 to10=0.00 min_d= 0.30 avg_spd=1.98m/s end=goal t= 7003.4s
[TRAIN][PPO] ep=363/500 r=  624.75 avg10=  629.60 steps=1490 succ10=1.00 touch10=1.00 col10=0.00 to10=0.00 min_d= 0.30 avg_spd=1.94m/s end=goal t= 7022.5s
[TRAIN][PPO] ep=364/500 r=  630.71 avg10=  628.25 steps=1475 succ10=1.00 touch10=1.00 col10=0.00 to10=0.00 min_d= 0.30 avg_spd=1.97m/s end=goal t= 7043.4s
[TRAIN][PPO] ep=365/500 r=  625.46 avg10=  627.52 steps=1469 succ10=1.00 touch10=1.00 col10=0.00 to10=0.00 min_d= 0.30 avg_spd=1.97m/s end=goal t= 7062.6s
[TRAIN][PPO] ep=366/500 r=  617.71 avg10=  627.76 steps=1450 succ10=1.00 touch10=1.00 col10=0.00 to10=0.00 min_d= 0.30 avg_spd=1.97m/s end=goal t= 7081.8s
[TRAIN][PPO] ep=367/500 r=  619.40 avg10=  627.46 steps=1445 succ10=1.00 touch10=1.00 col10=0.00 to10=0.00 min_d= 0.30 avg_spd=1.98m/s end=goal t= 7100.5s
[TRAIN][PPO] ep=368/500 r=  622.11 avg10=  627.19 steps=1477 succ10=1.00 touch10=1.00 col10=0.00 to10=0.00 min_d= 0.30 avg_spd=1.95m/s end=goal t= 7121.5s
[TRAIN][PPO] ep=369/500 r=  622.94 avg10=  626.92 steps=1467 succ10=1.00 touch10=1.00 col10=0.00 to10=0.00 min_d= 0.30 avg_spd=1.97m/s end=goal t= 7140.5s
[TRAIN][PPO] ep=370/500 r=  627.22 avg10=  626.06 steps=1468 succ10=1.00 touch10=1.00 col10=0.00 to10=0.00 min_d= 0.30 avg_spd=1.99m/s end=goal t= 7159.7s
[TRAIN][PPO] ep=371/500 r=  627.93 avg10=  624.83 steps=1464 succ10=1.00 touch10=1.00 col10=0.00 to10=0.00 min_d= 0.30 avg_spd=1.98m/s end=goal t= 7178.5s
[TRAIN][PPO] ep=372/500 r=  635.08 avg10=  625.33 steps=1493 succ10=1.00 touch10=1.00 col10=0.00 to10=0.00 min_d= 0.30 avg_spd=1.98m/s end=goal t= 7199.4s
[TRAIN][PPO] ep=373/500 r=  633.57 avg10=  626.21 steps=1518 succ10=1.00 touch10=1.00 col10=0.00 to10=0.00 min_d= 0.30 avg_spd=1.97m/s end=goal t= 7218.6s
[TRAIN][PPO] ep=374/500 r=  618.92 avg10=  625.03 steps=1443 succ10=1.00 touch10=1.00 col10=0.00 to10=0.00 min_d= 0.30 avg_spd=1.96m/s end=goal t= 7236.9s
[TRAIN][PPO] ep=375/500 r=  623.12 avg10=  624.80 steps=1451 succ10=1.00 touch10=1.00 col10=0.00 to10=0.00 min_d= 0.30 avg_spd=1.96m/s end=goal t= 7255.2s
[TRAIN][PPO] ep=376/500 r=  623.02 avg10=  625.33 steps=1454 succ10=1.00 touch10=1.00 col10=0.00 to10=0.00 min_d= 0.30 avg_spd=1.99m/s end=goal t= 7275.4s
[TRAIN][PPO] ep=377/500 r=  632.29 avg10=  626.62 steps=1474 succ10=1.00 touch10=1.00 col10=0.00 to10=0.00 min_d= 0.30 avg_spd=1.97m/s end=goal t= 7293.7s
[TRAIN][PPO] ep=378/500 r=  624.44 avg10=  626.85 steps=1488 succ10=1.00 touch10=1.00 col10=0.00 to10=0.00 min_d= 0.30 avg_spd=1.95m/s end=goal t= 7312.3s
[TRAIN][PPO] ep=379/500 r=  621.35 avg10=  626.69 steps=1459 succ10=1.00 touch10=1.00 col10=0.00 to10=0.00 min_d= 0.30 avg_spd=1.97m/s end=goal t= 7330.9s
[TRAIN][PPO] ep=380/500 r=  635.15 avg10=  627.49 steps=1485 succ10=1.00 touch10=1.00 col10=0.00 to10=0.00 min_d= 0.30 avg_spd=1.98m/s end=goal t= 7351.7s
[TRAIN][PPO] ep=381/500 r=  625.05 avg10=  627.20 steps=1464 succ10=1.00 touch10=1.00 col10=0.00 to10=0.00 min_d= 0.30 avg_spd=1.96m/s end=goal t= 7370.5s
[TRAIN][PPO] ep=382/500 r=  628.20 avg10=  626.51 steps=1466 succ10=1.00 touch10=1.00 col10=0.00 to10=0.00 min_d= 0.30 avg_spd=1.96m/s end=goal t= 7389.3s
[TRAIN][PPO] ep=383/500 r=  637.82 avg10=  626.93 steps=1502 succ10=1.00 touch10=1.00 col10=0.00 to10=0.00 min_d= 0.30 avg_spd=1.96m/s end=goal t= 7408.5s
[TRAIN][PPO] ep=384/500 r=  624.59 avg10=  627.50 steps=1466 succ10=1.00 touch10=1.00 col10=0.00 to10=0.00 min_d= 0.30 avg_spd=1.95m/s end=goal t= 7429.1s
[TRAIN][PPO] ep=385/500 r=  630.79 avg10=  628.27 steps=1480 succ10=1.00 touch10=1.00 col10=0.00 to10=0.00 min_d= 0.30 avg_spd=1.97m/s end=goal t= 7447.9s
[TRAIN][PPO] ep=386/500 r=  631.74 avg10=  629.14 steps=1480 succ10=1.00 touch10=1.00 col10=0.00 to10=0.00 min_d= 0.30 avg_spd=1.95m/s end=goal t= 7466.8s
[TRAIN][PPO] ep=387/500 r=  642.08 avg10=  630.12 steps=1524 succ10=1.00 touch10=1.00 col10=0.00 to10=0.00 min_d= 0.30 avg_spd=1.94m/s end=goal t= 7486.2s
[TRAIN][PPO] ep=388/500 r=  636.97 avg10=  631.37 steps=1492 succ10=1.00 touch10=1.00 col10=0.00 to10=0.00 min_d= 0.30 avg_spd=1.96m/s end=goal t= 7507.5s
[TRAIN][PPO] ep=389/500 r=  624.12 avg10=  631.65 steps=1489 succ10=1.00 touch10=1.00 col10=0.00 to10=0.00 min_d= 0.30 avg_spd=1.96m/s end=goal t= 7526.6s
[TRAIN][PPO] ep=390/500 r=  639.27 avg10=  632.06 steps=1525 succ10=1.00 touch10=1.00 col10=0.00 to10=0.00 min_d= 0.30 avg_spd=1.94m/s end=goal t= 7546.4s
[TRAIN][PPO] ep=391/500 r=  637.42 avg10=  633.30 steps=1502 succ10=1.00 touch10=1.00 col10=0.00 to10=0.00 min_d= 0.30 avg_spd=1.97m/s end=goal t= 7565.7s
[TRAIN][PPO] ep=392/500 r=  641.55 avg10=  634.63 steps=1508 succ10=1.00 touch10=1.00 col10=0.00 to10=0.00 min_d= 0.30 avg_spd=1.93m/s end=goal t= 7587.0s
[TRAIN][PPO] ep=393/500 r=  622.24 avg10=  633.08 steps=1447 succ10=1.00 touch10=1.00 col10=0.00 to10=0.00 min_d= 0.30 avg_spd=1.97m/s end=goal t= 7605.9s
[TRAIN][PPO] ep=394/500 r=  638.97 avg10=  634.52 steps=1518 succ10=1.00 touch10=1.00 col10=0.00 to10=0.00 min_d= 0.30 avg_spd=1.95m/s end=goal t= 7625.8s
[TRAIN][PPO] ep=395/500 r=  630.24 avg10=  634.46 steps=1496 succ10=1.00 touch10=1.00 col10=0.00 to10=0.00 min_d= 0.30 avg_spd=1.97m/s end=goal t= 7645.2s
[TRAIN][PPO] ep=396/500 r=  635.68 avg10=  634.86 steps=1511 succ10=1.00 touch10=1.00 col10=0.00 to10=0.00 min_d= 0.30 avg_spd=1.95m/s end=goal t= 7666.0s
[TRAIN][PPO] ep=397/500 r=  639.66 avg10=  634.61 steps=1511 succ10=1.00 touch10=1.00 col10=0.00 to10=0.00 min_d= 0.30 avg_spd=1.96m/s end=goal t= 7685.2s
[TRAIN][PPO] ep=398/500 r=  618.12 avg10=  632.73 steps=1435 succ10=1.00 touch10=1.00 col10=0.00 to10=0.00 min_d= 0.30 avg_spd=1.98m/s end=goal t= 7703.8s
[TRAIN][PPO] ep=399/500 r=  639.67 avg10=  634.28 steps=1513 succ10=1.00 touch10=1.00 col10=0.00 to10=0.00 min_d= 0.30 avg_spd=1.95m/s end=goal t= 7723.1s
[TRAIN][PPO] ep=400/500 r=  624.17 avg10=  632.77 steps=1489 succ10=1.00 touch10=1.00 col10=0.00 to10=0.00 min_d= 0.30 avg_spd=1.95m/s end=goal t= 7743.9s ckpt=latest
[TRAIN][PPO] ep=401/500 r=  628.25 avg10=  631.86 steps=1469 succ10=1.00 touch10=1.00 col10=0.00 to10=0.00 min_d= 0.30 avg_spd=1.96m/s end=goal t= 7762.9s
[TRAIN][PPO] ep=402/500 r=  640.40 avg10=  631.74 steps=1510 succ10=1.00 touch10=1.00 col10=0.00 to10=0.00 min_d= 0.30 avg_spd=1.94m/s end=goal t= 7782.4s
[TRAIN][PPO] ep=403/500 r=  617.39 avg10=  631.26 steps=1460 succ10=1.00 touch10=1.00 col10=0.00 to10=0.00 min_d= 0.30 avg_spd=1.96m/s end=goal t= 7800.6s
[TRAIN][PPO] ep=404/500 r=  641.50 avg10=  631.51 steps=1527 succ10=1.00 touch10=1.00 col10=0.00 to10=0.00 min_d= 0.30 avg_spd=1.95m/s end=goal t= 7822.2s
[TRAIN][PPO] ep=405/500 r=  635.40 avg10=  632.02 steps=1514 succ10=1.00 touch10=1.00 col10=0.00 to10=0.00 min_d= 0.30 avg_spd=1.92m/s end=goal t= 7841.6s
[TRAIN][PPO] ep=406/500 r=  624.28 avg10=  630.88 steps=1457 succ10=1.00 touch10=1.00 col10=0.00 to10=0.00 min_d= 0.30 avg_spd=1.95m/s end=goal t= 7860.4s
[TRAIN][PPO] ep=407/500 r=  629.84 avg10=  629.90 steps=1480 succ10=1.00 touch10=1.00 col10=0.00 to10=0.00 min_d= 0.30 avg_spd=1.97m/s end=goal t= 7878.9s
[TRAIN][PPO] ep=408/500 r=  639.10 avg10=  632.00 steps=1506 succ10=1.00 touch10=1.00 col10=0.00 to10=0.00 min_d= 0.30 avg_spd=1.93m/s end=goal t= 7900.2s
[TRAIN][PPO] ep=409/500 r=  622.98 avg10=  630.33 steps=1461 succ10=1.00 touch10=1.00 col10=0.00 to10=0.00 min_d= 0.30 avg_spd=1.95m/s end=goal t= 7918.7s
[TRAIN][PPO] ep=410/500 r=  637.74 avg10=  631.69 steps=1495 succ10=1.00 touch10=1.00 col10=0.00 to10=0.00 min_d= 0.30 avg_spd=1.96m/s end=goal t= 7937.6s
[TRAIN][PPO] ep=411/500 r=  620.23 avg10=  630.89 steps=1454 succ10=1.00 touch10=1.00 col10=0.00 to10=0.00 min_d= 0.30 avg_spd=1.96m/s end=goal t= 7955.8s
[TRAIN][PPO] ep=412/500 r=  622.23 avg10=  629.07 steps=1451 succ10=1.00 touch10=1.00 col10=0.00 to10=0.00 min_d= 0.30 avg_spd=1.96m/s end=goal t= 7975.6s
[TRAIN][PPO] ep=413/500 r=  643.05 avg10=  631.64 steps=1528 succ10=1.00 touch10=1.00 col10=0.00 to10=0.00 min_d= 0.30 avg_spd=1.95m/s end=goal t= 7995.4s
[TRAIN][PPO] ep=414/500 r=  637.37 avg10=  631.22 steps=1513 succ10=1.00 touch10=1.00 col10=0.00 to10=0.00 min_d= 0.30 avg_spd=1.96m/s end=goal t= 8014.8s
[TRAIN][PPO] ep=415/500 r=  626.83 avg10=  630.37 steps=1468 succ10=1.00 touch10=1.00 col10=0.00 to10=0.00 min_d= 0.30 avg_spd=1.96m/s end=goal t= 8032.5s
[TRAIN][PPO] ep=416/500 r=  630.57 avg10=  630.99 steps=1477 succ10=1.00 touch10=1.00 col10=0.00 to10=0.00 min_d= 0.30 avg_spd=1.96m/s end=goal t= 8053.3s
[TRAIN][PPO] ep=417/500 r=  619.69 avg10=  629.98 steps=1442 succ10=1.00 touch10=1.00 col10=0.00 to10=0.00 min_d= 0.30 avg_spd=1.97m/s end=goal t= 8071.1s
[TRAIN][PPO] ep=418/500 r=  634.46 avg10=  629.52 steps=1484 succ10=1.00 touch10=1.00 col10=0.00 to10=0.00 min_d= 0.30 avg_spd=1.97m/s end=goal t= 8089.9s
[TRAIN][PPO] ep=419/500 r=  633.44 avg10=  630.56 steps=1490 succ10=1.00 touch10=1.00 col10=0.00 to10=0.00 min_d= 0.30 avg_spd=1.96m/s end=goal t= 8108.9s
[TRAIN][PPO] ep=420/500 r=  641.01 avg10=  630.89 steps=1506 succ10=1.00 touch10=1.00 col10=0.00 to10=0.00 min_d= 0.30 avg_spd=1.95m/s end=goal t= 8130.0s
[TRAIN][PPO] ep=421/500 r=  625.04 avg10=  631.37 steps=1455 succ10=1.00 touch10=1.00 col10=0.00 to10=0.00 min_d= 0.30 avg_spd=1.98m/s end=goal t= 8148.5s
[TRAIN][PPO] ep=422/500 r=  623.98 avg10=  631.54 steps=1492 succ10=1.00 touch10=1.00 col10=0.00 to10=0.00 min_d= 0.30 avg_spd=1.96m/s end=goal t= 8167.9s
[TRAIN][PPO] ep=423/500 r=  617.60 avg10=  629.00 steps=1448 succ10=1.00 touch10=1.00 col10=0.00 to10=0.00 min_d= 0.30 avg_spd=1.98m/s end=goal t= 8186.1s
[TRAIN][PPO] ep=424/500 r=  627.20 avg10=  627.98 steps=1462 succ10=1.00 touch10=1.00 col10=0.00 to10=0.00 min_d= 0.30 avg_spd=2.00m/s end=goal t= 8206.3s
[TRAIN][PPO] ep=425/500 r=  631.10 avg10=  628.41 steps=1477 succ10=1.00 touch10=1.00 col10=0.00 to10=0.00 min_d= 0.30 avg_spd=1.97m/s end=goal t= 8224.9s
[TRAIN][PPO] ep=426/500 r=  634.03 avg10=  628.75 steps=1492 succ10=1.00 touch10=1.00 col10=0.00 to10=0.00 min_d= 0.30 avg_spd=1.98m/s end=goal t= 8243.9s
[TRAIN][PPO] ep=427/500 r=  619.72 avg10=  628.76 steps=1474 succ10=1.00 touch10=1.00 col10=0.00 to10=0.00 min_d= 0.30 avg_spd=1.98m/s end=goal t= 8262.8s
[TRAIN][PPO] ep=428/500 r=  621.00 avg10=  627.41 steps=1447 succ10=1.00 touch10=1.00 col10=0.00 to10=0.00 min_d= 0.30 avg_spd=1.99m/s end=goal t= 8283.2s
[TRAIN][PPO] ep=429/500 r=  628.91 avg10=  626.96 steps=1488 succ10=1.00 touch10=1.00 col10=0.00 to10=0.00 min_d= 0.30 avg_spd=1.99m/s end=goal t= 8302.3s
[TRAIN][PPO] ep=430/500 r=  612.96 avg10=  624.15 steps=1422 succ10=1.00 touch10=1.00 col10=0.00 to10=0.00 min_d= 0.30 avg_spd=1.99m/s end=goal t= 8320.4s
[TRAIN][PPO] ep=431/500 r=  622.16 avg10=  623.87 steps=1457 succ10=1.00 touch10=1.00 col10=0.00 to10=0.00 min_d= 0.30 avg_spd=1.97m/s end=goal t= 8338.6s
[TRAIN][PPO] ep=432/500 r=  625.34 avg10=  624.00 steps=1465 succ10=1.00 touch10=1.00 col10=0.00 to10=0.00 min_d= 0.30 avg_spd=1.98m/s end=goal t= 8359.1s
[TRAIN][PPO] ep=433/500 r=  632.50 avg10=  625.49 steps=1479 succ10=1.00 touch10=1.00 col10=0.00 to10=0.00 min_d= 0.30 avg_spd=1.99m/s end=goal t= 8377.9s
[TRAIN][PPO] ep=434/500 r=  622.54 avg10=  625.03 steps=1448 succ10=1.00 touch10=1.00 col10=0.00 to10=0.00 min_d= 0.30 avg_spd=1.99m/s end=goal t= 8396.2s
[TRAIN][PPO] ep=435/500 r=  628.45 avg10=  624.76 steps=1467 succ10=1.00 touch10=1.00 col10=0.00 to10=0.00 min_d= 0.30 avg_spd=1.98m/s end=goal t= 8414.3s
[TRAIN][PPO] ep=436/500 r=  624.27 avg10=  623.79 steps=1451 succ10=1.00 touch10=1.00 col10=0.00 to10=0.00 min_d= 0.30 avg_spd=2.00m/s end=goal t= 8433.5s
[TRAIN][PPO] ep=437/500 r=  630.73 avg10=  624.89 steps=1477 succ10=1.00 touch10=1.00 col10=0.00 to10=0.00 min_d= 0.30 avg_spd=2.00m/s end=goal t= 8452.3s
[TRAIN][PPO] ep=438/500 r=  634.45 avg10=  626.23 steps=1484 succ10=1.00 touch10=1.00 col10=0.00 to10=0.00 min_d= 0.30 avg_spd=1.97m/s end=goal t= 8471.3s
[TRAIN][PPO] ep=439/500 r=  623.71 avg10=  625.71 steps=1457 succ10=1.00 touch10=1.00 col10=0.00 to10=0.00 min_d= 0.30 avg_spd=1.98m/s end=goal t= 8490.1s
[TRAIN][PPO] ep=440/500 r=  619.26 avg10=  626.34 steps=1449 succ10=1.00 touch10=1.00 col10=0.00 to10=0.00 min_d= 0.30 avg_spd=1.99m/s end=goal t= 8510.2s
[TRAIN][PPO] ep=441/500 r=  630.75 avg10=  627.20 steps=1492 succ10=1.00 touch10=1.00 col10=0.00 to10=0.00 min_d= 0.30 avg_spd=1.98m/s end=goal t= 8529.3s
[TRAIN][PPO] ep=442/500 r=  614.44 avg10=  626.11 steps=1426 succ10=1.00 touch10=1.00 col10=0.00 to10=0.00 min_d= 0.30 avg_spd=1.99m/s end=goal t= 8547.6s
[TRAIN][PPO] ep=443/500 r=  633.34 avg10=  626.19 steps=1480 succ10=1.00 touch10=1.00 col10=0.00 to10=0.00 min_d= 0.30 avg_spd=1.99m/s end=goal t= 8566.2s
[TRAIN][PPO] ep=444/500 r=  632.95 avg10=  627.23 steps=1479 succ10=1.00 touch10=1.00 col10=0.00 to10=0.00 min_d= 0.30 avg_spd=1.99m/s end=goal t= 8587.5s
[TRAIN][PPO] ep=445/500 r=  630.58 avg10=  627.45 steps=1469 succ10=1.00 touch10=1.00 col10=0.00 to10=0.00 min_d= 0.30 avg_spd=1.98m/s end=goal t= 8606.3s
[TRAIN][PPO] ep=446/500 r=  628.66 avg10=  627.89 steps=1468 succ10=1.00 touch10=1.00 col10=0.00 to10=0.00 min_d= 0.30 avg_spd=1.98m/s end=goal t= 8625.2s
[TRAIN][PPO] ep=447/500 r=  625.03 avg10=  627.32 steps=1457 succ10=1.00 touch10=1.00 col10=0.00 to10=0.00 min_d= 0.30 avg_spd=1.97m/s end=goal t= 8643.6s
[TRAIN][PPO] ep=448/500 r=  622.79 avg10=  626.15 steps=1451 succ10=1.00 touch10=1.00 col10=0.00 to10=0.00 min_d= 0.30 avg_spd=1.98m/s end=goal t= 8664.8s
[TRAIN][PPO] ep=449/500 r=  617.22 avg10=  625.50 steps=1445 succ10=1.00 touch10=1.00 col10=0.00 to10=0.00 min_d= 0.30 avg_spd=1.97m/s end=goal t= 8683.5s
[TRAIN][PPO] ep=450/500 r=  635.91 avg10=  627.17 steps=1490 succ10=1.00 touch10=1.00 col10=0.00 to10=0.00 min_d= 0.30 avg_spd=1.98m/s end=goal t= 8702.4s
[TRAIN][PPO] ep=451/500 r=  628.30 avg10=  626.92 steps=1464 succ10=1.00 touch10=1.00 col10=0.00 to10=0.00 min_d= 0.30 avg_spd=2.02m/s end=goal t= 8721.2s
[TRAIN][PPO] ep=452/500 r=  614.37 avg10=  626.91 steps=1427 succ10=1.00 touch10=1.00 col10=0.00 to10=0.00 min_d= 0.30 avg_spd=2.01m/s end=goal t= 8741.3s
[TRAIN][PPO] ep=453/500 r=  609.61 avg10=  624.54 steps=1447 succ10=1.00 touch10=1.00 col10=0.00 to10=0.00 min_d= 0.30 avg_spd=2.01m/s end=goal t= 8760.0s
[TRAIN][PPO] ep=454/500 r=  628.47 avg10=  624.09 steps=1481 succ10=1.00 touch10=1.00 col10=0.00 to10=0.00 min_d= 0.30 avg_spd=2.01m/s end=goal t= 8778.9s
[TRAIN][PPO] ep=455/500 r=  616.16 avg10=  622.65 steps=1438 succ10=1.00 touch10=1.00 col10=0.00 to10=0.00 min_d= 0.30 avg_spd=2.00m/s end=goal t= 8797.3s
[TRAIN][PPO] ep=456/500 r=  607.88 avg10=  620.57 steps=1462 succ10=1.00 touch10=1.00 col10=0.00 to10=0.00 min_d= 0.30 avg_spd=2.00m/s end=goal t= 8818.6s
[TRAIN][PPO] ep=457/500 r=  627.44 avg10=  620.81 steps=1497 succ10=1.00 touch10=1.00 col10=0.00 to10=0.00 min_d= 0.30 avg_spd=1.99m/s end=goal t= 8838.0s
[TRAIN][PPO] ep=458/500 r=  631.17 avg10=  621.65 steps=1490 succ10=1.00 touch10=1.00 col10=0.00 to10=0.00 min_d= 0.30 avg_spd=2.00m/s end=goal t= 8857.0s
[TRAIN][PPO] ep=459/500 r=  609.02 avg10=  620.83 steps=1409 succ10=1.00 touch10=1.00 col10=0.00 to10=0.00 min_d= 0.30 avg_spd=2.03m/s end=goal t= 8874.9s
[TRAIN][PPO] ep=460/500 r=  623.92 avg10=  619.63 steps=1459 succ10=1.00 touch10=1.00 col10=0.00 to10=0.00 min_d= 0.30 avg_spd=2.00m/s end=goal t= 8895.2s
[TRAIN][PPO] ep=461/500 r=  609.62 avg10=  617.77 steps=1444 succ10=1.00 touch10=1.00 col10=0.00 to10=0.00 min_d= 0.30 avg_spd=2.00m/s end=goal t= 8913.9s
[TRAIN][PPO] ep=462/500 r=  621.27 avg10=  618.45 steps=1486 succ10=1.00 touch10=1.00 col10=0.00 to10=0.00 min_d= 0.30 avg_spd=1.99m/s end=goal t= 8933.1s
[TRAIN][PPO] ep=463/500 r=  614.06 avg10=  618.90 steps=1426 succ10=1.00 touch10=1.00 col10=0.00 to10=0.00 min_d= 0.30 avg_spd=2.00m/s end=goal t= 8951.3s
[TRAIN][PPO] ep=464/500 r=  613.21 avg10=  617.37 steps=1425 succ10=1.00 touch10=1.00 col10=0.00 to10=0.00 min_d= 0.30 avg_spd=2.01m/s end=goal t= 8972.0s
[TRAIN][PPO] ep=465/500 r=  612.53 avg10=  617.01 steps=1416 succ10=1.00 touch10=1.00 col10=0.00 to10=0.00 min_d= 0.30 avg_spd=2.00m/s end=goal t= 8989.9s
[TRAIN][PPO] ep=466/500 r=  614.58 avg10=  617.68 steps=1424 succ10=1.00 touch10=1.00 col10=0.00 to10=0.00 min_d= 0.30 avg_spd=1.99m/s end=goal t= 9008.2s
[TRAIN][PPO] ep=467/500 r=  623.39 avg10=  617.28 steps=1449 succ10=1.00 touch10=1.00 col10=0.00 to10=0.00 min_d= 0.30 avg_spd=2.01m/s end=goal t= 9027.1s
[TRAIN][PPO] ep=468/500 r=  623.96 avg10=  616.56 steps=1458 succ10=1.00 touch10=1.00 col10=0.00 to10=0.00 min_d= 0.30 avg_spd=1.97m/s end=goal t= 9047.7s
[TRAIN][PPO] ep=469/500 r=  627.60 avg10=  618.41 steps=1474 succ10=1.00 touch10=1.00 col10=0.00 to10=0.00 min_d= 0.30 avg_spd=1.99m/s end=goal t= 9065.8s
[TRAIN][PPO] ep=470/500 r=  620.01 avg10=  618.02 steps=1455 succ10=1.00 touch10=1.00 col10=0.00 to10=0.00 min_d= 0.30 avg_spd=2.00m/s end=goal t= 9084.6s
[TRAIN][PPO] ep=471/500 r=  610.38 avg10=  618.10 steps=1426 succ10=1.00 touch10=1.00 col10=0.00 to10=0.00 min_d= 0.30 avg_spd=2.00m/s end=goal t= 9103.0s
[TRAIN][PPO] ep=472/500 r=  614.00 avg10=  617.37 steps=1448 succ10=1.00 touch10=1.00 col10=0.00 to10=0.00 min_d= 0.30 avg_spd=1.98m/s end=goal t= 9123.7s
[TRAIN][PPO] ep=473/500 r=  631.25 avg10=  619.09 steps=1500 succ10=1.00 touch10=1.00 col10=0.00 to10=0.00 min_d= 0.30 avg_spd=1.99m/s end=goal t= 9143.3s
[TRAIN][PPO] ep=474/500 r=  631.30 avg10=  620.90 steps=1481 succ10=1.00 touch10=1.00 col10=0.00 to10=0.00 min_d= 0.30 avg_spd=1.99m/s end=goal t= 9162.5s
[TRAIN][PPO] ep=475/500 r=  616.63 avg10=  621.31 steps=1440 succ10=1.00 touch10=1.00 col10=0.00 to10=0.00 min_d= 0.30 avg_spd=1.97m/s end=goal t= 9181.4s
[TRAIN][PPO] ep=476/500 r=  622.10 avg10=  622.06 steps=1473 succ10=1.00 touch10=1.00 col10=0.00 to10=0.00 min_d= 0.30 avg_spd=1.99m/s end=goal t= 9202.6s
[TRAIN][PPO] ep=477/500 r=  618.13 avg10=  621.54 steps=1446 succ10=1.00 touch10=1.00 col10=0.00 to10=0.00 min_d= 0.30 avg_spd=1.99m/s end=goal t= 9221.5s
[TRAIN][PPO] ep=478/500 r=  610.23 avg10=  620.16 steps=1416 succ10=1.00 touch10=1.00 col10=0.00 to10=0.00 min_d= 0.30 avg_spd=2.01m/s end=goal t= 9239.7s
[TRAIN][PPO] ep=479/500 r=  635.64 avg10=  620.97 steps=1511 succ10=1.00 touch10=1.00 col10=0.00 to10=0.00 min_d= 0.30 avg_spd=1.97m/s end=goal t= 9259.2s
[TRAIN][PPO] ep=480/500 r=  626.03 avg10=  621.57 steps=1473 succ10=1.00 touch10=1.00 col10=0.00 to10=0.00 min_d= 0.30 avg_spd=2.00m/s end=goal t= 9280.1s
[TRAIN][PPO] ep=481/500 r=  612.66 avg10=  621.80 steps=1434 succ10=1.00 touch10=1.00 col10=0.00 to10=0.00 min_d= 0.30 avg_spd=1.99m/s end=goal t= 9297.8s
[TRAIN][PPO] ep=482/500 r=  620.47 avg10=  622.44 steps=1447 succ10=1.00 touch10=1.00 col10=0.00 to10=0.00 min_d= 0.30 avg_spd=1.99m/s end=goal t= 9316.1s
[TRAIN][PPO] ep=483/500 r=  627.21 avg10=  622.04 steps=1490 succ10=1.00 touch10=1.00 col10=0.00 to10=0.00 min_d= 0.30 avg_spd=1.99m/s end=goal t= 9335.4s
[TRAIN][PPO] ep=484/500 r=  630.07 avg10=  621.92 steps=1477 succ10=1.00 touch10=1.00 col10=0.00 to10=0.00 min_d= 0.30 avg_spd=1.99m/s end=goal t= 9356.3s
[TRAIN][PPO] ep=485/500 r=  619.44 avg10=  622.20 steps=1441 succ10=1.00 touch10=1.00 col10=0.00 to10=0.00 min_d= 0.30 avg_spd=2.00m/s end=goal t= 9375.2s
[TRAIN][PPO] ep=486/500 r=  616.64 avg10=  621.65 steps=1434 succ10=1.00 touch10=1.00 col10=0.00 to10=0.00 min_d= 0.30 avg_spd=2.01m/s end=goal t= 9393.1s
[TRAIN][PPO] ep=487/500 r=  612.86 avg10=  621.12 steps=1447 succ10=1.00 touch10=1.00 col10=0.00 to10=0.00 min_d= 0.30 avg_spd=1.99m/s end=goal t= 9411.2s
[TRAIN][PPO] ep=488/500 r=  621.69 avg10=  622.27 steps=1479 succ10=1.00 touch10=1.00 col10=0.00 to10=0.00 min_d= 0.30 avg_spd=2.00m/s end=goal t= 9432.5s
[TRAIN][PPO] ep=489/500 r=  626.72 avg10=  621.38 steps=1486 succ10=1.00 touch10=1.00 col10=0.00 to10=0.00 min_d= 0.30 avg_spd=2.01m/s end=goal t= 9451.4s
[TRAIN][PPO] ep=490/500 r=  626.22 avg10=  621.40 steps=1477 succ10=1.00 touch10=1.00 col10=0.00 to10=0.00 min_d= 0.30 avg_spd=1.99m/s end=goal t= 9470.3s
[TRAIN][PPO] ep=491/500 r=  628.25 avg10=  622.96 steps=1464 succ10=1.00 touch10=1.00 col10=0.00 to10=0.00 min_d= 0.30 avg_spd=1.99m/s end=goal t= 9488.6s
[TRAIN][PPO] ep=492/500 r=  618.60 avg10=  622.77 steps=1452 succ10=1.00 touch10=1.00 col10=0.00 to10=0.00 min_d= 0.30 avg_spd=1.99m/s end=goal t= 9509.1s
[TRAIN][PPO] ep=493/500 r=  626.51 avg10=  622.70 steps=1494 succ10=1.00 touch10=1.00 col10=0.00 to10=0.00 min_d= 0.30 avg_spd=1.98m/s end=goal t= 9528.1s
[TRAIN][PPO] ep=494/500 r=  611.28 avg10=  620.82 steps=1445 succ10=1.00 touch10=1.00 col10=0.00 to10=0.00 min_d= 0.30 avg_spd=1.99m/s end=goal t= 9546.4s
[TRAIN][PPO] ep=495/500 r=  629.83 avg10=  621.86 steps=1499 succ10=1.00 touch10=1.00 col10=0.00 to10=0.00 min_d= 0.30 avg_spd=1.98m/s end=goal t= 9564.9s
[TRAIN][PPO] ep=496/500 r=  626.90 avg10=  622.89 steps=1478 succ10=1.00 touch10=1.00 col10=0.00 to10=0.00 min_d= 0.30 avg_spd=1.99m/s end=goal t= 9585.3s
[TRAIN][PPO] ep=497/500 r=  632.72 avg10=  624.87 steps=1507 succ10=1.00 touch10=1.00 col10=0.00 to10=0.00 min_d= 0.30 avg_spd=1.97m/s end=goal t= 9603.9s
[TRAIN][PPO] ep=498/500 r=  611.67 avg10=  623.87 steps=1438 succ10=1.00 touch10=1.00 col10=0.00 to10=0.00 min_d= 0.30 avg_spd=1.99m/s end=goal t= 9621.9s
[TRAIN][PPO] ep=499/500 r=  621.96 avg10=  623.39 steps=1475 succ10=1.00 touch10=1.00 col10=0.00 to10=0.00 min_d= 0.30 avg_spd=1.98m/s end=goal t= 9640.7s
INFO: PPO: Terminating.
WARNING: PPO: Forced termination (because process didn't terminate itself after 1 second).
Warning: QProcess: Destroyed while process ("python3") is still running.
[RUN] completed stage checkpoint=/uio/hume/student-u79/esbrovol/fys5429/DRL-Obstacle-Avoidance/controllers/PPO/checkpoints/20260525_141956_gru_seed01_stage01_train_1_empty/final_20260525_141956_gru_seed01_stage01_train_1_empty.pth
[RUN] arch=gru seed=1 stage=2/10 world=/uio/hume/student-u79/esbrovol/fys5429/DRL-Obstacle-Avoidance/worlds/training/train_2_one_obs.wbt
[RUN] resuming from /uio/hume/student-u79/esbrovol/fys5429/DRL-Obstacle-Avoidance/controllers/PPO/checkpoints/20260525_141956_gru_seed01_stage01_train_1_empty/final_20260525_141956_gru_seed01_stage01_train_1_empty.pth
INFO: PPO: Starting controller: python3 -u PPO.py
[PPO] Using architecture: GRU
[PPO] Loaded architecture: GRU
[TRAIN][PPO] arch=GRU weights_dir=/uio/hume/student-u79/esbrovol/fys5429/DRL-Obstacle-Avoidance/controllers/PPO/checkpoints/20260525_141956_gru_seed01_stage02_train_2_one_obs final=/uio/hume/student-u79/esbrovol/fys5429/DRL-Obstacle-Avoidance/controllers/PPO/checkpoints/20260525_141956_gru_seed01_stage02_train_2_one_obs/final_20260525_141956_gru_seed01_stage02_train_2_one_obs.pth
[TRAIN][PPO] episodes=500 update_every=4 obs=31 act=2 cell=GRU seq=32 burn_in=8
[TRAIN][PPO] ep=001/500 r=  619.86 avg10=  619.86 steps=1479 succ10=1.00 touch10=1.00 col10=0.00 to10=0.00 min_d= 0.30 avg_spd=2.01m/s end=goal t=   19.3s ckpt=best_goal
[TRAIN][PPO] ep=002/500 r=  620.48 avg10=  620.17 steps=1471 succ10=1.00 touch10=1.00 col10=0.00 to10=0.00 min_d= 0.30 avg_spd=2.02m/s end=goal t=   37.0s ckpt=best_goal
[TRAIN][PPO] ep=003/500 r=  619.64 avg10=  619.99 steps=1463 succ10=1.00 touch10=1.00 col10=0.00 to10=0.00 min_d= 0.30 avg_spd=2.00m/s end=goal t=   55.5s
[TRAIN][PPO] ep=004/500 r=  618.55 avg10=  619.63 steps=1477 succ10=1.00 touch10=1.00 col10=0.00 to10=0.00 min_d= 0.30 avg_spd=2.02m/s end=goal t=   76.3s
[TRAIN][PPO] ep=005/500 r=  617.49 avg10=  619.20 steps=1455 succ10=1.00 touch10=1.00 col10=0.00 to10=0.00 min_d= 0.30 avg_spd=2.00m/s end=goal t=   94.5s
[TRAIN][PPO] ep=006/500 r=  621.47 avg10=  619.58 steps=1464 succ10=1.00 touch10=1.00 col10=0.00 to10=0.00 min_d= 0.30 avg_spd=2.03m/s end=goal t=  113.3s ckpt=best_goal
[TRAIN][PPO] ep=007/500 r=  608.51 avg10=  618.00 steps=1430 succ10=1.00 touch10=1.00 col10=0.00 to10=0.00 min_d= 0.30 avg_spd=2.00m/s end=goal t=  131.5s
[TRAIN][PPO] ep=008/500 r=  612.82 avg10=  617.35 steps=1453 succ10=1.00 touch10=1.00 col10=0.00 to10=0.00 min_d= 0.30 avg_spd=1.99m/s end=goal t=  154.1s
[TRAIN][PPO] ep=009/500 r=  629.84 avg10=  618.74 steps=1492 succ10=1.00 touch10=1.00 col10=0.00 to10=0.00 min_d= 0.30 avg_spd=2.00m/s end=goal t=  173.2s ckpt=best_goal
[TRAIN][PPO] ep=010/500 r=  625.86 avg10=  619.45 steps=1491 succ10=1.00 touch10=1.00 col10=0.00 to10=0.00 min_d= 0.30 avg_spd=2.01m/s end=goal t=  191.9s
[TRAIN][PPO] ep=011/500 r=  617.68 avg10=  619.23 steps=1461 succ10=1.00 touch10=1.00 col10=0.00 to10=0.00 min_d= 0.30 avg_spd=2.00m/s end=goal t=  210.2s
[TRAIN][PPO] ep=012/500 r=  614.46 avg10=  618.63 steps=1458 succ10=1.00 touch10=1.00 col10=0.00 to10=0.00 min_d= 0.30 avg_spd=2.00m/s end=goal t=  232.0s
[TRAIN][PPO] ep=013/500 r=  611.57 avg10=  617.82 steps=1426 succ10=1.00 touch10=1.00 col10=0.00 to10=0.00 min_d= 0.30 avg_spd=2.02m/s end=goal t=  250.0s
[TRAIN][PPO] ep=014/500 r=  623.68 avg10=  618.34 steps=1481 succ10=1.00 touch10=1.00 col10=0.00 to10=0.00 min_d= 0.30 avg_spd=2.00m/s end=goal t=  268.6s
[TRAIN][PPO] ep=015/500 r=  622.54 avg10=  618.84 steps=1469 succ10=1.00 touch10=1.00 col10=0.00 to10=0.00 min_d= 0.30 avg_spd=1.99m/s end=goal t=  287.1s
[TRAIN][PPO] ep=016/500 r=  615.05 avg10=  618.20 steps=1474 succ10=1.00 touch10=1.00 col10=0.00 to10=0.00 min_d= 0.30 avg_spd=2.02m/s end=goal t=  309.3s
[TRAIN][PPO] ep=017/500 r=  612.64 avg10=  618.61 steps=1453 succ10=1.00 touch10=1.00 col10=0.00 to10=0.00 min_d= 0.30 avg_spd=2.01m/s end=goal t=  328.1s
[TRAIN][PPO] ep=018/500 r=  618.08 avg10=  619.14 steps=1468 succ10=1.00 touch10=1.00 col10=0.00 to10=0.00 min_d= 0.30 avg_spd=2.00m/s end=goal t=  346.6s
[TRAIN][PPO] ep=019/500 r=  626.43 avg10=  618.80 steps=1468 succ10=1.00 touch10=1.00 col10=0.00 to10=0.00 min_d= 0.30 avg_spd=2.01m/s end=goal t=  365.3s
[TRAIN][PPO] ep=020/500 r=  627.19 avg10=  618.93 steps=1486 succ10=1.00 touch10=1.00 col10=0.00 to10=0.00 min_d= 0.30 avg_spd=2.00m/s end=goal t=  387.1s
[TRAIN][PPO] ep=021/500 r=  616.82 avg10=  618.84 steps=1465 succ10=1.00 touch10=1.00 col10=0.00 to10=0.00 min_d= 0.30 avg_spd=2.01m/s end=goal t=  404.5s
[TRAIN][PPO] ep=022/500 r=  614.90 avg10=  618.89 steps=1467 succ10=1.00 touch10=1.00 col10=0.00 to10=0.00 min_d= 0.30 avg_spd=2.00m/s end=goal t=  422.8s
[TRAIN][PPO] ep=023/500 r=  620.38 avg10=  619.77 steps=1476 succ10=1.00 touch10=1.00 col10=0.00 to10=0.00 min_d= 0.30 avg_spd=1.98m/s end=goal t=  441.8s
[TRAIN][PPO] ep=024/500 r=  624.12 avg10=  619.82 steps=1490 succ10=1.00 touch10=1.00 col10=0.00 to10=0.00 min_d= 0.30 avg_spd=2.00m/s end=goal t=  463.2s
[TRAIN][PPO] ep=025/500 r=  624.55 avg10=  620.02 steps=1478 succ10=1.00 touch10=1.00 col10=0.00 to10=0.00 min_d= 0.30 avg_spd=2.01m/s end=goal t=  482.6s
[TRAIN][PPO] ep=026/500 r=  617.88 avg10=  620.30 steps=1470 succ10=1.00 touch10=1.00 col10=0.00 to10=0.00 min_d= 0.30 avg_spd=1.98m/s end=goal t=  501.6s
[TRAIN][PPO] ep=027/500 r=  614.23 avg10=  620.46 steps=1441 succ10=1.00 touch10=1.00 col10=0.00 to10=0.00 min_d= 0.30 avg_spd=2.01m/s end=goal t=  520.1s
[TRAIN][PPO] ep=028/500 r=  621.44 avg10=  620.79 steps=1464 succ10=1.00 touch10=1.00 col10=0.00 to10=0.00 min_d= 0.30 avg_spd=2.01m/s end=goal t=  541.3s
[TRAIN][PPO] ep=029/500 r=  613.73 avg10=  619.52 steps=1444 succ10=1.00 touch10=1.00 col10=0.00 to10=0.00 min_d= 0.30 avg_spd=1.98m/s end=goal t=  559.7s
[TRAIN][PPO] ep=030/500 r=  626.69 avg10=  619.47 steps=1470 succ10=1.00 touch10=1.00 col10=0.00 to10=0.00 min_d= 0.30 avg_spd=2.01m/s end=goal t=  577.3s
[TRAIN][PPO] ep=031/500 r=  616.86 avg10=  619.48 steps=1461 succ10=1.00 touch10=1.00 col10=0.00 to10=0.00 min_d= 0.30 avg_spd=2.01m/s end=goal t=  596.2s
[TRAIN][PPO] ep=032/500 r=  610.79 avg10=  619.07 steps=1470 succ10=1.00 touch10=1.00 col10=0.00 to10=0.00 min_d= 0.30 avg_spd=1.99m/s end=goal t=  617.8s
[TRAIN][PPO] ep=033/500 r=  615.96 avg10=  618.62 steps=1456 succ10=1.00 touch10=1.00 col10=0.00 to10=0.00 min_d= 0.30 avg_spd=2.00m/s end=goal t=  636.8s
[TRAIN][PPO] ep=034/500 r=  612.51 avg10=  617.46 steps=1455 succ10=1.00 touch10=1.00 col10=0.00 to10=0.00 min_d= 0.30 avg_spd=1.99m/s end=goal t=  655.8s
[TRAIN][PPO] ep=035/500 r=  617.97 avg10=  616.80 steps=1475 succ10=1.00 touch10=1.00 col10=0.00 to10=0.00 min_d= 0.30 avg_spd=1.99m/s end=goal t=  675.4s
[TRAIN][PPO] ep=036/500 r=  614.99 avg10=  616.52 steps=1466 succ10=1.00 touch10=1.00 col10=0.00 to10=0.00 min_d= 0.30 avg_spd=1.99m/s end=goal t=  696.8s
[TRAIN][PPO] ep=037/500 r=  622.35 avg10=  617.33 steps=1471 succ10=1.00 touch10=1.00 col10=0.00 to10=0.00 min_d= 0.30 avg_spd=2.02m/s end=goal t=  715.8s
[TRAIN][PPO] ep=038/500 r=  634.12 avg10=  618.60 steps=1518 succ10=1.00 touch10=1.00 col10=0.00 to10=0.00 min_d= 0.30 avg_spd=1.97m/s end=goal t=  735.7s ckpt=best_goal
[TRAIN][PPO] ep=039/500 r=  616.03 avg10=  618.83 steps=1470 succ10=1.00 touch10=1.00 col10=0.00 to10=0.00 min_d= 0.30 avg_spd=1.97m/s end=goal t=  754.9s
[TRAIN][PPO] ep=040/500 r=  629.79 avg10=  619.14 steps=1521 succ10=1.00 touch10=1.00 col10=0.00 to10=0.00 min_d= 0.30 avg_spd=1.99m/s end=goal t=  777.5s
[TRAIN][PPO] ep=041/500 r=  629.12 avg10=  620.36 steps=1492 succ10=1.00 touch10=1.00 col10=0.00 to10=0.00 min_d= 0.30 avg_spd=1.98m/s end=goal t=  797.3s
[TRAIN][PPO] ep=042/500 r=  616.79 avg10=  620.96 steps=1471 succ10=1.00 touch10=1.00 col10=0.00 to10=0.00 min_d= 0.30 avg_spd=2.00m/s end=goal t=  817.2s
[TRAIN][PPO] ep=043/500 r=  623.92 avg10=  621.76 steps=1491 succ10=1.00 touch10=1.00 col10=0.00 to10=0.00 min_d= 0.30 avg_spd=1.99m/s end=goal t=  837.1s
[TRAIN][PPO] ep=044/500 r=  614.38 avg10=  621.95 steps=1449 succ10=1.00 touch10=1.00 col10=0.00 to10=0.00 min_d= 0.30 avg_spd=2.01m/s end=goal t=  858.1s
[TRAIN][PPO] ep=045/500 r=  626.14 avg10=  622.76 steps=1487 succ10=1.00 touch10=1.00 col10=0.00 to10=0.00 min_d= 0.30 avg_spd=1.99m/s end=goal t=  877.9s
[TRAIN][PPO] ep=046/500 r=  610.34 avg10=  622.30 steps=1435 succ10=1.00 touch10=1.00 col10=0.00 to10=0.00 min_d= 0.30 avg_spd=2.01m/s end=goal t=  896.8s
[TRAIN][PPO] ep=047/500 r=  624.02 avg10=  622.47 steps=1522 succ10=1.00 touch10=1.00 col10=0.00 to10=0.00 min_d= 0.30 avg_spd=1.99m/s end=goal t=  916.7s
[TRAIN][PPO] ep=048/500 r=  619.08 avg10=  620.96 steps=1478 succ10=1.00 touch10=1.00 col10=0.00 to10=0.00 min_d= 0.30 avg_spd=2.04m/s end=goal t=  938.6s
[TRAIN][PPO] ep=049/500 r=  606.14 avg10=  619.97 steps=1449 succ10=1.00 touch10=1.00 col10=0.00 to10=0.00 min_d= 0.30 avg_spd=2.02m/s end=goal t=  957.2s
[TRAIN][PPO] ep=050/500 r=  620.34 avg10=  619.03 steps=1461 succ10=1.00 touch10=1.00 col10=0.00 to10=0.00 min_d= 0.30 avg_spd=2.04m/s end=goal t=  975.8s
[TRAIN][PPO] ep=051/500 r=  621.22 avg10=  618.24 steps=1464 succ10=1.00 touch10=1.00 col10=0.00 to10=0.00 min_d= 0.30 avg_spd=2.02m/s end=goal t=  994.9s
[TRAIN][PPO] ep=052/500 r=  621.54 avg10=  618.71 steps=1484 succ10=1.00 touch10=1.00 col10=0.00 to10=0.00 min_d= 0.30 avg_spd=2.01m/s end=goal t= 1016.0s
[TRAIN][PPO] ep=053/500 r=  605.38 avg10=  616.86 steps=1438 succ10=1.00 touch10=1.00 col10=0.00 to10=0.00 min_d= 0.30 avg_spd=2.02m/s end=goal t= 1034.5s
[TRAIN][PPO] ep=054/500 r=  608.34 avg10=  616.25 steps=1432 succ10=1.00 touch10=1.00 col10=0.00 to10=0.00 min_d= 0.30 avg_spd=2.04m/s end=goal t= 1053.0s
[TRAIN][PPO] ep=055/500 r=  620.68 avg10=  615.71 steps=1472 succ10=1.00 touch10=1.00 col10=0.00 to10=0.00 min_d= 0.30 avg_spd=2.04m/s end=goal t= 1072.0s
[TRAIN][PPO] ep=056/500 r=  608.48 avg10=  615.52 steps=1432 succ10=1.00 touch10=1.00 col10=0.00 to10=0.00 min_d= 0.30 avg_spd=2.03m/s end=goal t= 1093.0s
[TRAIN][PPO] ep=057/500 r=  602.44 avg10=  613.36 steps=1395 succ10=1.00 touch10=1.00 col10=0.00 to10=0.00 min_d= 0.30 avg_spd=2.04m/s end=goal t= 1110.5s
[TRAIN][PPO] ep=058/500 r=  613.70 avg10=  612.82 steps=1441 succ10=1.00 touch10=1.00 col10=0.00 to10=0.00 min_d= 0.30 avg_spd=2.02m/s end=goal t= 1128.9s
[TRAIN][PPO] ep=059/500 r=  617.10 avg10=  613.92 steps=1446 succ10=1.00 touch10=1.00 col10=0.00 to10=0.00 min_d= 0.30 avg_spd=2.03m/s end=goal t= 1147.0s
[TRAIN][PPO] ep=060/500 r=  610.58 avg10=  612.94 steps=1436 succ10=1.00 touch10=1.00 col10=0.00 to10=0.00 min_d= 0.30 avg_spd=2.03m/s end=goal t= 1167.2s
[TRAIN][PPO] ep=061/500 r=  616.74 avg10=  612.50 steps=1463 succ10=1.00 touch10=1.00 col10=0.00 to10=0.00 min_d= 0.30 avg_spd=2.05m/s end=goal t= 1185.5s
[TRAIN][PPO] ep=062/500 r=  619.85 avg10=  612.33 steps=1483 succ10=1.00 touch10=1.00 col10=0.00 to10=0.00 min_d= 0.30 avg_spd=2.02m/s end=goal t= 1204.5s
[TRAIN][PPO] ep=063/500 r=  601.90 avg10=  611.98 steps=1434 succ10=1.00 touch10=1.00 col10=0.00 to10=0.00 min_d= 0.30 avg_spd=2.03m/s end=goal t= 1222.6s
[TRAIN][PPO] ep=064/500 r=  601.57 avg10=  611.30 steps=1429 succ10=1.00 touch10=1.00 col10=0.00 to10=0.00 min_d= 0.30 avg_spd=2.05m/s end=goal t= 1242.9s
[TRAIN][PPO] ep=065/500 r=  604.11 avg10=  609.64 steps=1412 succ10=1.00 touch10=1.00 col10=0.00 to10=0.00 min_d= 0.30 avg_spd=2.03m/s end=goal t= 1260.4s
[TRAIN][PPO] ep=066/500 r=  605.57 avg10=  609.35 steps=1426 succ10=1.00 touch10=1.00 col10=0.00 to10=0.00 min_d= 0.30 avg_spd=2.05m/s end=goal t= 1278.6s
[TRAIN][PPO] ep=067/500 r=  606.77 avg10=  609.79 steps=1432 succ10=1.00 touch10=1.00 col10=0.00 to10=0.00 min_d= 0.30 avg_spd=2.05m/s end=goal t= 1296.7s
[TRAIN][PPO] ep=068/500 r=  611.67 avg10=  609.59 steps=1426 succ10=1.00 touch10=1.00 col10=0.00 to10=0.00 min_d= 0.30 avg_spd=2.05m/s end=goal t= 1316.2s
[TRAIN][PPO] ep=069/500 r=  610.52 avg10=  608.93 steps=1442 succ10=1.00 touch10=1.00 col10=0.00 to10=0.00 min_d= 0.30 avg_spd=2.03m/s end=goal t= 1334.4s
[TRAIN][PPO] ep=070/500 r=  619.58 avg10=  609.83 steps=1465 succ10=1.00 touch10=1.00 col10=0.00 to10=0.00 min_d= 0.30 avg_spd=2.01m/s end=goal t= 1352.8s
[TRAIN][PPO] ep=071/500 r=  618.27 avg10=  609.98 steps=1449 succ10=1.00 touch10=1.00 col10=0.00 to10=0.00 min_d= 0.30 avg_spd=2.04m/s end=goal t= 1370.9s
[TRAIN][PPO] ep=072/500 r=  622.10 avg10=  610.21 steps=1465 succ10=1.00 touch10=1.00 col10=0.00 to10=0.00 min_d= 0.30 avg_spd=2.04m/s end=goal t= 1392.1s
[TRAIN][PPO] ep=073/500 r=  624.52 avg10=  612.47 steps=1465 succ10=1.00 touch10=1.00 col10=0.00 to10=0.00 min_d= 0.30 avg_spd=2.03m/s end=goal t= 1410.9s
[TRAIN][PPO] ep=074/500 r=  619.25 avg10=  614.24 steps=1448 succ10=1.00 touch10=1.00 col10=0.00 to10=0.00 min_d= 0.30 avg_spd=2.04m/s end=goal t= 1429.3s
[TRAIN][PPO] ep=075/500 r=  606.45 avg10=  614.47 steps=1418 succ10=1.00 touch10=1.00 col10=0.00 to10=0.00 min_d= 0.30 avg_spd=2.02m/s end=goal t= 1447.6s
[TRAIN][PPO] ep=076/500 r=  604.70 avg10=  614.38 steps=1402 succ10=1.00 touch10=1.00 col10=0.00 to10=0.00 min_d= 0.30 avg_spd=2.04m/s end=goal t= 1467.5s
[TRAIN][PPO] ep=077/500 r=  611.35 avg10=  614.84 steps=1427 succ10=1.00 touch10=1.00 col10=0.00 to10=0.00 min_d= 0.30 avg_spd=2.04m/s end=goal t= 1485.7s
[TRAIN][PPO] ep=078/500 r=  615.16 avg10=  615.19 steps=1455 succ10=1.00 touch10=1.00 col10=0.00 to10=0.00 min_d= 0.30 avg_spd=2.02m/s end=goal t= 1504.1s
[TRAIN][PPO] ep=079/500 r=  613.53 avg10=  615.49 steps=1447 succ10=1.00 touch10=1.00 col10=0.00 to10=0.00 min_d= 0.30 avg_spd=2.02m/s end=goal t= 1522.6s
[TRAIN][PPO] ep=080/500 r=  616.67 avg10=  615.20 steps=1446 succ10=1.00 touch10=1.00 col10=0.00 to10=0.00 min_d= 0.30 avg_spd=2.03m/s end=goal t= 1544.8s
[TRAIN][PPO] ep=081/500 r=  617.34 avg10=  615.11 steps=1443 succ10=1.00 touch10=1.00 col10=0.00 to10=0.00 min_d= 0.30 avg_spd=2.04m/s end=goal t= 1563.6s
[TRAIN][PPO] ep=082/500 r=  625.63 avg10=  615.46 steps=1475 succ10=1.00 touch10=1.00 col10=0.00 to10=0.00 min_d= 0.30 avg_spd=2.02m/s end=goal t= 1582.7s
[TRAIN][PPO] ep=083/500 r=  600.49 avg10=  613.06 steps=1414 succ10=1.00 touch10=1.00 col10=0.00 to10=0.00 min_d= 0.30 avg_spd=2.04m/s end=goal t= 1600.8s
[TRAIN][PPO] ep=084/500 r=  169.65 avg10=  568.10 steps= 634 succ10=0.90 touch10=0.90 col10=0.10 to10=0.00 min_d= 2.33 avg_spd=2.06m/s end=collision t= 1610.7s
[TRAIN][PPO] ep=085/500 r=  603.27 avg10=  567.78 steps=1405 succ10=0.90 touch10=0.90 col10=0.10 to10=0.00 min_d= 0.30 avg_spd=2.04m/s end=goal t= 1629.0s
[TRAIN][PPO] ep=086/500 r=  618.04 avg10=  569.11 steps=1445 succ10=0.90 touch10=0.90 col10=0.10 to10=0.00 min_d= 0.30 avg_spd=2.03m/s end=goal t= 1647.7s
[TRAIN][PPO] ep=087/500 r=  605.91 avg10=  568.57 steps=1412 succ10=0.90 touch10=0.90 col10=0.10 to10=0.00 min_d= 0.30 avg_spd=2.03m/s end=goal t= 1665.9s
[TRAIN][PPO] ep=088/500 r=  603.01 avg10=  567.35 steps=1410 succ10=0.90 touch10=0.90 col10=0.10 to10=0.00 min_d= 0.30 avg_spd=2.04m/s end=goal t= 1686.0s
[TRAIN][PPO] ep=089/500 r=  613.04 avg10=  567.30 steps=1436 succ10=0.90 touch10=0.90 col10=0.10 to10=0.00 min_d= 0.30 avg_spd=2.04m/s end=goal t= 1704.5s
[TRAIN][PPO] ep=090/500 r=  609.52 avg10=  566.59 steps=1417 succ10=0.90 touch10=0.90 col10=0.10 to10=0.00 min_d= 0.30 avg_spd=2.06m/s end=goal t= 1723.0s
[TRAIN][PPO] ep=091/500 r=  177.58 avg10=  522.61 steps= 660 succ10=0.80 touch10=0.80 col10=0.20 to10=0.00 min_d= 2.31 avg_spd=2.00m/s end=collision t= 1731.6s
[TRAIN][PPO] ep=092/500 r=  620.09 avg10=  522.06 steps=1451 succ10=0.80 touch10=0.80 col10=0.20 to10=0.00 min_d= 0.30 avg_spd=2.03m/s end=goal t= 1752.0s
[TRAIN][PPO] ep=093/500 r=  174.42 avg10=  479.45 steps= 664 succ10=0.70 touch10=0.70 col10=0.30 to10=0.00 min_d= 2.26 avg_spd=2.01m/s end=collision t= 1760.6s
[TRAIN][PPO] ep=094/500 r=  608.72 avg10=  523.36 steps=1417 succ10=0.80 touch10=0.80 col10=0.20 to10=0.00 min_d= 0.30 avg_spd=2.04m/s end=goal t= 1779.0s
[TRAIN][PPO] ep=095/500 r=  603.48 avg10=  523.38 steps=1416 succ10=0.80 touch10=0.80 col10=0.20 to10=0.00 min_d= 0.30 avg_spd=2.04m/s end=goal t= 1797.5s
[TRAIN][PPO] ep=096/500 r=  612.55 avg10=  522.83 steps=1431 succ10=0.80 touch10=0.80 col10=0.20 to10=0.00 min_d= 0.30 avg_spd=2.03m/s end=goal t= 1817.8s
[TRAIN][PPO] ep=097/500 r=  607.07 avg10=  522.95 steps=1408 succ10=0.80 touch10=0.80 col10=0.20 to10=0.00 min_d= 0.30 avg_spd=2.03m/s end=goal t= 1836.4s
[TRAIN][PPO] ep=098/500 r=  614.73 avg10=  524.12 steps=1432 succ10=0.80 touch10=0.80 col10=0.20 to10=0.00 min_d= 0.30 avg_spd=2.04m/s end=goal t= 1855.2s
[TRAIN][PPO] ep=099/500 r=  624.34 avg10=  525.25 steps=1471 succ10=0.80 touch10=0.80 col10=0.20 to10=0.00 min_d= 0.30 avg_spd=2.02m/s end=goal t= 1874.4s
[TRAIN][PPO] ep=100/500 r=  608.41 avg10=  525.14 steps=1417 succ10=0.80 touch10=0.80 col10=0.20 to10=0.00 min_d= 0.30 avg_spd=2.03m/s end=goal t= 1894.4s ckpt=latest
[TRAIN][PPO] ep=101/500 r=  613.42 avg10=  568.73 steps=1430 succ10=0.90 touch10=0.90 col10=0.10 to10=0.00 min_d= 0.30 avg_spd=2.03m/s end=goal t= 1913.0s
[TRAIN][PPO] ep=102/500 r=  613.88 avg10=  568.10 steps=1434 succ10=0.90 touch10=0.90 col10=0.10 to10=0.00 min_d= 0.30 avg_spd=2.04m/s end=goal t= 1931.5s
[TRAIN][PPO] ep=103/500 r=  616.39 avg10=  612.30 steps=1456 succ10=1.00 touch10=1.00 col10=0.00 to10=0.00 min_d= 0.30 avg_spd=2.03m/s end=goal t= 1950.3s
[TRAIN][PPO] ep=104/500 r=  616.81 avg10=  613.11 steps=1462 succ10=1.00 touch10=1.00 col10=0.00 to10=0.00 min_d= 0.30 avg_spd=2.03m/s end=goal t= 1971.4s
[TRAIN][PPO] ep=105/500 r=  609.00 avg10=  613.66 steps=1425 succ10=1.00 touch10=1.00 col10=0.00 to10=0.00 min_d= 0.30 avg_spd=2.05m/s end=goal t= 1989.9s
[TRAIN][PPO] ep=106/500 r=  621.28 avg10=  614.53 steps=1456 succ10=1.00 touch10=1.00 col10=0.00 to10=0.00 min_d= 0.30 avg_spd=2.02m/s end=goal t= 2008.8s
[TRAIN][PPO] ep=107/500 r=  611.42 avg10=  614.97 steps=1446 succ10=1.00 touch10=1.00 col10=0.00 to10=0.00 min_d= 0.30 avg_spd=2.02m/s end=goal t= 2027.4s
[TRAIN][PPO] ep=108/500 r=  611.75 avg10=  614.67 steps=1440 succ10=1.00 touch10=1.00 col10=0.00 to10=0.00 min_d= 0.30 avg_spd=2.03m/s end=goal t= 2049.1s
[TRAIN][PPO] ep=109/500 r=  610.74 avg10=  613.31 steps=1415 succ10=1.00 touch10=1.00 col10=0.00 to10=0.00 min_d= 0.30 avg_spd=2.04m/s end=goal t= 2067.3s
[TRAIN][PPO] ep=110/500 r=  613.98 avg10=  613.87 steps=1435 succ10=1.00 touch10=1.00 col10=0.00 to10=0.00 min_d= 0.30 avg_spd=2.06m/s end=goal t= 2085.9s
[TRAIN][PPO] ep=111/500 r=  609.27 avg10=  613.45 steps=1435 succ10=1.00 touch10=1.00 col10=0.00 to10=0.00 min_d= 0.30 avg_spd=2.04m/s end=goal t= 2104.2s
[TRAIN][PPO] ep=112/500 r=  616.55 avg10=  613.72 steps=1461 succ10=1.00 touch10=1.00 col10=0.00 to10=0.00 min_d= 0.30 avg_spd=2.03m/s end=goal t= 2126.6s
[TRAIN][PPO] ep=113/500 r=  611.78 avg10=  613.26 steps=1453 succ10=1.00 touch10=1.00 col10=0.00 to10=0.00 min_d= 0.30 avg_spd=2.02m/s end=goal t= 2145.3s
[TRAIN][PPO] ep=114/500 r=  603.89 avg10=  611.97 steps=1429 succ10=1.00 touch10=1.00 col10=0.00 to10=0.00 min_d= 0.30 avg_spd=2.03m/s end=goal t= 2163.1s
[TRAIN][PPO] ep=115/500 r=  612.80 avg10=  612.35 steps=1430 succ10=1.00 touch10=1.00 col10=0.00 to10=0.00 min_d= 0.30 avg_spd=2.02m/s end=goal t= 2180.9s
[TRAIN][PPO] ep=116/500 r=  608.73 avg10=  611.09 steps=1428 succ10=1.00 touch10=1.00 col10=0.00 to10=0.00 min_d= 0.30 avg_spd=2.02m/s end=goal t= 2201.4s
[TRAIN][PPO] ep=117/500 r=  611.17 avg10=  611.07 steps=1429 succ10=1.00 touch10=1.00 col10=0.00 to10=0.00 min_d= 0.30 avg_spd=2.02m/s end=goal t= 2219.6s
[TRAIN][PPO] ep=118/500 r=  612.35 avg10=  611.13 steps=1432 succ10=1.00 touch10=1.00 col10=0.00 to10=0.00 min_d= 0.30 avg_spd=2.03m/s end=goal t= 2237.9s
[TRAIN][PPO] ep=119/500 r=  612.03 avg10=  611.26 steps=1462 succ10=1.00 touch10=1.00 col10=0.00 to10=0.00 min_d= 0.30 avg_spd=2.02m/s end=goal t= 2256.7s
[TRAIN][PPO] ep=120/500 r=  615.29 avg10=  611.39 steps=1467 succ10=1.00 touch10=1.00 col10=0.00 to10=0.00 min_d= 0.30 avg_spd=2.03m/s end=goal t= 2278.9s
[TRAIN][PPO] ep=121/500 r=  617.34 avg10=  612.19 steps=1449 succ10=1.00 touch10=1.00 col10=0.00 to10=0.00 min_d= 0.30 avg_spd=2.01m/s end=goal t= 2296.7s
[TRAIN][PPO] ep=122/500 r=  601.13 avg10=  610.65 steps=1393 succ10=1.00 touch10=1.00 col10=0.00 to10=0.00 min_d= 0.30 avg_spd=2.04m/s end=goal t= 2313.7s
[TRAIN][PPO] ep=123/500 r=  617.08 avg10=  611.18 steps=1469 succ10=1.00 touch10=1.00 col10=0.00 to10=0.00 min_d= 0.30 avg_spd=2.04m/s end=goal t= 2332.0s
[TRAIN][PPO] ep=124/500 r=  615.69 avg10=  612.36 steps=1458 succ10=1.00 touch10=1.00 col10=0.00 to10=0.00 min_d= 0.30 avg_spd=2.04m/s end=goal t= 2351.8s
[TRAIN][PPO] ep=125/500 r=  614.46 avg10=  612.53 steps=1437 succ10=1.00 touch10=1.00 col10=0.00 to10=0.00 min_d= 0.30 avg_spd=2.04m/s end=goal t= 2369.4s
[TRAIN][PPO] ep=126/500 r=  613.27 avg10=  612.98 steps=1431 succ10=1.00 touch10=1.00 col10=0.00 to10=0.00 min_d= 0.30 avg_spd=2.01m/s end=goal t= 2387.0s
[TRAIN][PPO] ep=127/500 r=  611.19 avg10=  612.98 steps=1426 succ10=1.00 touch10=1.00 col10=0.00 to10=0.00 min_d= 0.30 avg_spd=2.03m/s end=goal t= 2405.1s
[TRAIN][PPO] ep=128/500 r=  620.69 avg10=  613.82 steps=1463 succ10=1.00 touch10=1.00 col10=0.00 to10=0.00 min_d= 0.30 avg_spd=2.02m/s end=goal t= 2425.9s
[TRAIN][PPO] ep=129/500 r=  620.26 avg10=  614.64 steps=1452 succ10=1.00 touch10=1.00 col10=0.00 to10=0.00 min_d= 0.30 avg_spd=2.01m/s end=goal t= 2444.6s
[TRAIN][PPO] ep=130/500 r=  623.16 avg10=  615.43 steps=1461 succ10=1.00 touch10=1.00 col10=0.00 to10=0.00 min_d= 0.30 avg_spd=2.02m/s end=goal t= 2462.8s
[TRAIN][PPO] ep=131/500 r=  623.97 avg10=  616.09 steps=1468 succ10=1.00 touch10=1.00 col10=0.00 to10=0.00 min_d= 0.30 avg_spd=2.03m/s end=goal t= 2481.6s
[TRAIN][PPO] ep=132/500 r=  617.36 avg10=  617.71 steps=1448 succ10=1.00 touch10=1.00 col10=0.00 to10=0.00 min_d= 0.30 avg_spd=2.02m/s end=goal t= 2501.8s
[TRAIN][PPO] ep=133/500 r=  612.52 avg10=  617.26 steps=1437 succ10=1.00 touch10=1.00 col10=0.00 to10=0.00 min_d= 0.30 avg_spd=2.03m/s end=goal t= 2519.8s
[TRAIN][PPO] ep=134/500 r=  624.79 avg10=  618.17 steps=1465 succ10=1.00 touch10=1.00 col10=0.00 to10=0.00 min_d= 0.30 avg_spd=2.03m/s end=goal t= 2538.2s
[TRAIN][PPO] ep=135/500 r=  605.91 avg10=  617.31 steps=1417 succ10=1.00 touch10=1.00 col10=0.00 to10=0.00 min_d= 0.30 avg_spd=2.02m/s end=goal t= 2555.7s
[TRAIN][PPO] ep=136/500 r=  619.97 avg10=  617.98 steps=1470 succ10=1.00 touch10=1.00 col10=0.00 to10=0.00 min_d= 0.30 avg_spd=2.03m/s end=goal t= 2577.7s
[TRAIN][PPO] ep=137/500 r=  613.13 avg10=  618.18 steps=1434 succ10=1.00 touch10=1.00 col10=0.00 to10=0.00 min_d= 0.30 avg_spd=2.02m/s end=goal t= 2595.3s
[TRAIN][PPO] ep=138/500 r=  618.16 avg10=  617.92 steps=1458 succ10=1.00 touch10=1.00 col10=0.00 to10=0.00 min_d= 0.30 avg_spd=1.98m/s end=goal t= 2613.7s
[TRAIN][PPO] ep=139/500 r=  616.16 avg10=  617.51 steps=1441 succ10=1.00 touch10=1.00 col10=0.00 to10=0.00 min_d= 0.30 avg_spd=2.03m/s end=goal t= 2632.1s
[TRAIN][PPO] ep=140/500 r=  616.25 avg10=  616.82 steps=1490 succ10=1.00 touch10=1.00 col10=0.00 to10=0.00 min_d= 0.30 avg_spd=2.03m/s end=goal t= 2652.3s
[TRAIN][PPO] ep=141/500 r=  628.58 avg10=  617.28 steps=1512 succ10=1.00 touch10=1.00 col10=0.00 to10=0.00 min_d= 0.30 avg_spd=1.99m/s end=goal t= 2671.0s
[TRAIN][PPO] ep=142/500 r=  624.08 avg10=  617.95 steps=1479 succ10=1.00 touch10=1.00 col10=0.00 to10=0.00 min_d= 0.30 avg_spd=2.02m/s end=goal t= 2689.5s
[TRAIN][PPO] ep=143/500 r=  609.27 avg10=  617.63 steps=1432 succ10=1.00 touch10=1.00 col10=0.00 to10=0.00 min_d= 0.30 avg_spd=2.02m/s end=goal t= 2707.7s
[TRAIN][PPO] ep=144/500 r=  617.09 avg10=  616.86 steps=1466 succ10=1.00 touch10=1.00 col10=0.00 to10=0.00 min_d= 0.30 avg_spd=2.01m/s end=goal t= 2728.0s
[TRAIN][PPO] ep=145/500 r=  616.35 avg10=  617.90 steps=1470 succ10=1.00 touch10=1.00 col10=0.00 to10=0.00 min_d= 0.30 avg_spd=2.01m/s end=goal t= 2746.8s
[TRAIN][PPO] ep=146/500 r=  611.06 avg10=  617.01 steps=1431 succ10=1.00 touch10=1.00 col10=0.00 to10=0.00 min_d= 0.30 avg_spd=2.01m/s end=goal t= 2764.6s
[TRAIN][PPO] ep=147/500 r=  621.04 avg10=  617.80 steps=1495 succ10=1.00 touch10=1.00 col10=0.00 to10=0.00 min_d= 0.30 avg_spd=2.02m/s end=goal t= 2783.5s
[TRAIN][PPO] ep=148/500 r=  169.28 avg10=  572.92 steps= 640 succ10=0.90 touch10=0.90 col10=0.10 to10=0.00 min_d= 2.30 avg_spd=1.98m/s end=collision t= 2793.4s
[TRAIN][PPO] ep=149/500 r=  613.15 avg10=  572.61 steps=1451 succ10=0.90 touch10=0.90 col10=0.10 to10=0.00 min_d= 0.30 avg_spd=1.99m/s end=goal t= 2812.0s
[TRAIN][PPO] ep=150/500 r=  622.90 avg10=  573.28 steps=1488 succ10=0.90 touch10=0.90 col10=0.10 to10=0.00 min_d= 0.30 avg_spd=2.00m/s end=goal t= 2831.1s
[TRAIN][PPO] ep=151/500 r=  609.90 avg10=  571.41 steps=1435 succ10=0.90 touch10=0.90 col10=0.10 to10=0.00 min_d= 0.30 avg_spd=2.00m/s end=goal t= 2849.6s
[TRAIN][PPO] ep=152/500 r=  608.52 avg10=  569.85 steps=1432 succ10=0.90 touch10=0.90 col10=0.10 to10=0.00 min_d= 0.30 avg_spd=2.01m/s end=goal t= 2869.5s
[TRAIN][PPO] ep=153/500 r=  624.71 avg10=  571.40 steps=1472 succ10=0.90 touch10=0.90 col10=0.10 to10=0.00 min_d= 0.30 avg_spd=2.01m/s end=goal t= 2888.4s
[TRAIN][PPO] ep=154/500 r=  622.08 avg10=  571.90 steps=1462 succ10=0.90 touch10=0.90 col10=0.10 to10=0.00 min_d= 0.30 avg_spd=2.03m/s end=goal t= 2907.2s
[TRAIN][PPO] ep=155/500 r=  619.26 avg10=  572.19 steps=1458 succ10=0.90 touch10=0.90 col10=0.10 to10=0.00 min_d= 0.30 avg_spd=2.02m/s end=goal t= 2925.8s
[TRAIN][PPO] ep=156/500 r=  612.37 avg10=  572.32 steps=1443 succ10=0.90 touch10=0.90 col10=0.10 to10=0.00 min_d= 0.30 avg_spd=2.03m/s end=goal t= 2946.2s
[TRAIN][PPO] ep=157/500 r=  619.94 avg10=  572.21 steps=1451 succ10=0.90 touch10=0.90 col10=0.10 to10=0.00 min_d= 0.30 avg_spd=2.01m/s end=goal t= 2965.0s
[TRAIN][PPO] ep=158/500 r=  617.50 avg10=  617.03 steps=1446 succ10=1.00 touch10=1.00 col10=0.00 to10=0.00 min_d= 0.30 avg_spd=1.98m/s end=goal t= 2983.6s
[TRAIN][PPO] ep=159/500 r=  609.96 avg10=  616.71 steps=1427 succ10=1.00 touch10=1.00 col10=0.00 to10=0.00 min_d= 0.30 avg_spd=2.01m/s end=goal t= 3001.8s
[TRAIN][PPO] ep=160/500 r=  623.62 avg10=  616.79 steps=1467 succ10=1.00 touch10=1.00 col10=0.00 to10=0.00 min_d= 0.30 avg_spd=2.00m/s end=goal t= 3022.9s
[TRAIN][PPO] ep=161/500 r=  616.53 avg10=  617.45 steps=1444 succ10=1.00 touch10=1.00 col10=0.00 to10=0.00 min_d= 0.30 avg_spd=2.00m/s end=goal t= 3041.7s
[TRAIN][PPO] ep=162/500 r=  624.97 avg10=  619.09 steps=1467 succ10=1.00 touch10=1.00 col10=0.00 to10=0.00 min_d= 0.30 avg_spd=2.00m/s end=goal t= 3060.1s
[TRAIN][PPO] ep=163/500 r=  628.76 avg10=  619.50 steps=1494 succ10=1.00 touch10=1.00 col10=0.00 to10=0.00 min_d= 0.30 avg_spd=1.98m/s end=goal t= 3079.3s
[TRAIN][PPO] ep=164/500 r=  620.11 avg10=  619.30 steps=1460 succ10=1.00 touch10=1.00 col10=0.00 to10=0.00 min_d= 0.30 avg_spd=2.01m/s end=goal t= 3100.0s
[TRAIN][PPO] ep=165/500 r=  613.56 avg10=  618.73 steps=1445 succ10=1.00 touch10=1.00 col10=0.00 to10=0.00 min_d= 0.30 avg_spd=1.99m/s end=goal t= 3118.8s
[TRAIN][PPO] ep=166/500 r=  612.75 avg10=  618.77 steps=1455 succ10=1.00 touch10=1.00 col10=0.00 to10=0.00 min_d= 0.30 avg_spd=1.99m/s end=goal t= 3137.7s
[TRAIN][PPO] ep=167/500 r=  627.88 avg10=  619.56 steps=1484 succ10=1.00 touch10=1.00 col10=0.00 to10=0.00 min_d= 0.30 avg_spd=1.99m/s end=goal t= 3157.2s
[TRAIN][PPO] ep=168/500 r=  617.98 avg10=  619.61 steps=1452 succ10=1.00 touch10=1.00 col10=0.00 to10=0.00 min_d= 0.30 avg_spd=2.00m/s end=goal t= 3179.3s
[TRAIN][PPO] ep=169/500 r=  630.67 avg10=  621.68 steps=1494 succ10=1.00 touch10=1.00 col10=0.00 to10=0.00 min_d= 0.30 avg_spd=1.98m/s end=goal t= 3198.6s
[TRAIN][PPO] ep=170/500 r=  618.64 avg10=  621.18 steps=1466 succ10=1.00 touch10=1.00 col10=0.00 to10=0.00 min_d= 0.30 avg_spd=1.99m/s end=goal t= 3217.3s
[TRAIN][PPO] ep=171/500 r=  621.39 avg10=  621.67 steps=1459 succ10=1.00 touch10=1.00 col10=0.00 to10=0.00 min_d= 0.30 avg_spd=2.02m/s end=goal t= 3236.1s
[TRAIN][PPO] ep=172/500 r=  621.54 avg10=  621.33 steps=1460 succ10=1.00 touch10=1.00 col10=0.00 to10=0.00 min_d= 0.30 avg_spd=2.00m/s end=goal t= 3256.7s
[TRAIN][PPO] ep=173/500 r=  609.09 avg10=  619.36 steps=1423 succ10=1.00 touch10=1.00 col10=0.00 to10=0.00 min_d= 0.30 avg_spd=2.00m/s end=goal t= 3275.0s
[TRAIN][PPO] ep=174/500 r=  607.17 avg10=  618.07 steps=1422 succ10=1.00 touch10=1.00 col10=0.00 to10=0.00 min_d= 0.30 avg_spd=2.01m/s end=goal t= 3293.4s
[TRAIN][PPO] ep=175/500 r=  631.59 avg10=  619.87 steps=1505 succ10=1.00 touch10=1.00 col10=0.00 to10=0.00 min_d= 0.30 avg_spd=1.99m/s end=goal t= 3312.9s
[TRAIN][PPO] ep=176/500 r=  618.47 avg10=  620.44 steps=1466 succ10=1.00 touch10=1.00 col10=0.00 to10=0.00 min_d= 0.30 avg_spd=2.01m/s end=goal t= 3333.7s
[TRAIN][PPO] ep=177/500 r=  625.94 avg10=  620.25 steps=1478 succ10=1.00 touch10=1.00 col10=0.00 to10=0.00 min_d= 0.30 avg_spd=2.01m/s end=goal t= 3352.9s
[TRAIN][PPO] ep=178/500 r=  613.51 avg10=  619.80 steps=1438 succ10=1.00 touch10=1.00 col10=0.00 to10=0.00 min_d= 0.30 avg_spd=2.00m/s end=goal t= 3371.3s
[TRAIN][PPO] ep=179/500 r=  621.82 avg10=  618.91 steps=1454 succ10=1.00 touch10=1.00 col10=0.00 to10=0.00 min_d= 0.30 avg_spd=2.01m/s end=goal t= 3390.0s
[TRAIN][PPO] ep=180/500 r=  623.87 avg10=  619.44 steps=1469 succ10=1.00 touch10=1.00 col10=0.00 to10=0.00 min_d= 0.30 avg_spd=1.98m/s end=goal t= 3410.4s
[TRAIN][PPO] ep=181/500 r=  616.91 avg10=  618.99 steps=1464 succ10=1.00 touch10=1.00 col10=0.00 to10=0.00 min_d= 0.30 avg_spd=2.01m/s end=goal t= 3429.4s
[TRAIN][PPO] ep=182/500 r=  613.80 avg10=  618.22 steps=1462 succ10=1.00 touch10=1.00 col10=0.00 to10=0.00 min_d= 0.30 avg_spd=1.99m/s end=goal t= 3448.1s
[TRAIN][PPO] ep=183/500 r=  627.25 avg10=  620.03 steps=1478 succ10=1.00 touch10=1.00 col10=0.00 to10=0.00 min_d= 0.30 avg_spd=2.00m/s end=goal t= 3466.4s
[TRAIN][PPO] ep=184/500 r=  619.12 avg10=  621.23 steps=1455 succ10=1.00 touch10=1.00 col10=0.00 to10=0.00 min_d= 0.30 avg_spd=1.98m/s end=goal t= 3486.5s
[TRAIN][PPO] ep=185/500 r=  629.19 avg10=  620.99 steps=1480 succ10=1.00 touch10=1.00 col10=0.00 to10=0.00 min_d= 0.30 avg_spd=1.98m/s end=goal t= 3505.5s
[TRAIN][PPO] ep=186/500 r=  616.74 avg10=  620.82 steps=1460 succ10=1.00 touch10=1.00 col10=0.00 to10=0.00 min_d= 0.30 avg_spd=1.99m/s end=goal t= 3523.9s
[TRAIN][PPO] ep=187/500 r=  619.73 avg10=  620.19 steps=1473 succ10=1.00 touch10=1.00 col10=0.00 to10=0.00 min_d= 0.30 avg_spd=1.99m/s end=goal t= 3542.5s
[TRAIN][PPO] ep=188/500 r=  618.08 avg10=  620.65 steps=1453 succ10=1.00 touch10=1.00 col10=0.00 to10=0.00 min_d= 0.30 avg_spd=2.00m/s end=goal t= 3562.7s
[TRAIN][PPO] ep=189/500 r=  611.02 avg10=  619.57 steps=1445 succ10=1.00 touch10=1.00 col10=0.00 to10=0.00 min_d= 0.30 avg_spd=1.99m/s end=goal t= 3581.4s
[TRAIN][PPO] ep=190/500 r=  167.98 avg10=  573.98 steps= 647 succ10=0.90 touch10=0.90 col10=0.10 to10=0.00 min_d= 2.35 avg_spd=2.01m/s end=collision t= 3589.7s
[TRAIN][PPO] ep=191/500 r=  611.68 avg10=  573.46 steps=1431 succ10=0.90 touch10=0.90 col10=0.10 to10=0.00 min_d= 0.30 avg_spd=2.02m/s end=goal t= 3608.3s
[TRAIN][PPO] ep=192/500 r=  627.99 avg10=  574.88 steps=1481 succ10=0.90 touch10=0.90 col10=0.10 to10=0.00 min_d= 0.30 avg_spd=1.99m/s end=goal t= 3629.9s
[TRAIN][PPO] ep=193/500 r=  623.91 avg10=  574.55 steps=1470 succ10=0.90 touch10=0.90 col10=0.10 to10=0.00 min_d= 0.30 avg_spd=2.00m/s end=goal t= 3649.0s
[TRAIN][PPO] ep=194/500 r=  612.76 avg10=  573.91 steps=1433 succ10=0.90 touch10=0.90 col10=0.10 to10=0.00 min_d= 0.30 avg_spd=2.01m/s end=goal t= 3667.4s
[TRAIN][PPO] ep=195/500 r=  622.71 avg10=  573.26 steps=1465 succ10=0.90 touch10=0.90 col10=0.10 to10=0.00 min_d= 0.30 avg_spd=2.00m/s end=goal t= 3685.7s
[TRAIN][PPO] ep=196/500 r=  625.27 avg10=  574.11 steps=1469 succ10=0.90 touch10=0.90 col10=0.10 to10=0.00 min_d= 0.30 avg_spd=2.01m/s end=goal t= 3706.6s
[TRAIN][PPO] ep=197/500 r=  613.99 avg10=  573.54 steps=1439 succ10=0.90 touch10=0.90 col10=0.10 to10=0.00 min_d= 0.30 avg_spd=2.01m/s end=goal t= 3725.0s
[TRAIN][PPO] ep=198/500 r=  628.31 avg10=  574.56 steps=1485 succ10=0.90 touch10=0.90 col10=0.10 to10=0.00 min_d= 0.30 avg_spd=1.99m/s end=goal t= 3744.3s
[TRAIN][PPO] ep=199/500 r=  624.54 avg10=  575.92 steps=1470 succ10=0.90 touch10=0.90 col10=0.10 to10=0.00 min_d= 0.30 avg_spd=1.99m/s end=goal t= 3763.4s
[TRAIN][PPO] ep=200/500 r=  622.29 avg10=  621.35 steps=1472 succ10=1.00 touch10=1.00 col10=0.00 to10=0.00 min_d= 0.30 avg_spd=1.97m/s end=goal t= 3784.1s ckpt=latest
[TRAIN][PPO] ep=201/500 r=  624.96 avg10=  622.67 steps=1483 succ10=1.00 touch10=1.00 col10=0.00 to10=0.00 min_d= 0.30 avg_spd=2.00m/s end=goal t= 3803.2s
[TRAIN][PPO] ep=202/500 r=  621.04 avg10=  621.98 steps=1460 succ10=1.00 touch10=1.00 col10=0.00 to10=0.00 min_d= 0.30 avg_spd=1.98m/s end=goal t= 3822.4s
[TRAIN][PPO] ep=203/500 r=  167.51 avg10=  576.34 steps= 649 succ10=0.90 touch10=0.90 col10=0.10 to10=0.00 min_d= 2.28 avg_spd=2.03m/s end=collision t= 3830.9s
[TRAIN][PPO] ep=204/500 r=  615.67 avg10=  576.63 steps=1446 succ10=0.90 touch10=0.90 col10=0.10 to10=0.00 min_d= 0.30 avg_spd=2.00m/s end=goal t= 3851.9s
[TRAIN][PPO] ep=205/500 r=  608.65 avg10=  575.22 steps=1430 succ10=0.90 touch10=0.90 col10=0.10 to10=0.00 min_d= 0.30 avg_spd=2.01m/s end=goal t= 3870.3s
[TRAIN][PPO] ep=206/500 r=  621.67 avg10=  574.86 steps=1471 succ10=0.90 touch10=0.90 col10=0.10 to10=0.00 min_d= 0.30 avg_spd=2.00m/s end=goal t= 3889.5s
[TRAIN][PPO] ep=207/500 r=  611.91 avg10=  574.66 steps=1433 succ10=0.90 touch10=0.90 col10=0.10 to10=0.00 min_d= 0.30 avg_spd=2.02m/s end=goal t= 3908.0s
[TRAIN][PPO] ep=208/500 r=  613.43 avg10=  573.17 steps=1435 succ10=0.90 touch10=0.90 col10=0.10 to10=0.00 min_d= 0.30 avg_spd=2.01m/s end=goal t= 3928.4s
[TRAIN][PPO] ep=209/500 r=  619.11 avg10=  572.62 steps=1464 succ10=0.90 touch10=0.90 col10=0.10 to10=0.00 min_d= 0.30 avg_spd=1.98m/s end=goal t= 3947.4s
[TRAIN][PPO] ep=210/500 r=  171.67 avg10=  527.56 steps= 672 succ10=0.80 touch10=0.80 col10=0.20 to10=0.00 min_d= 2.35 avg_spd=1.99m/s end=collision t= 3956.2s
[TRAIN][PPO] ep=211/500 r=  622.99 avg10=  527.37 steps=1489 succ10=0.80 touch10=0.80 col10=0.20 to10=0.00 min_d= 0.30 avg_spd=1.99m/s end=goal t= 3975.7s
[TRAIN][PPO] ep=212/500 r=  613.16 avg10=  526.58 steps=1428 succ10=0.80 touch10=0.80 col10=0.20 to10=0.00 min_d= 0.30 avg_spd=2.01m/s end=goal t= 3995.8s
[TRAIN][PPO] ep=213/500 r=  176.73 avg10=  527.50 steps= 678 succ10=0.80 touch10=0.80 col10=0.20 to10=0.00 min_d= 2.31 avg_spd=2.01m/s end=collision t= 4004.7s
[TRAIN][PPO] ep=214/500 r=  620.37 avg10=  527.97 steps=1462 succ10=0.80 touch10=0.80 col10=0.20 to10=0.00 min_d= 0.30 avg_spd=2.01m/s end=goal t= 4023.9s
[TRAIN][PPO] ep=215/500 r=  630.17 avg10=  530.12 steps=1504 succ10=0.80 touch10=0.80 col10=0.20 to10=0.00 min_d= 0.30 avg_spd=1.98m/s end=goal t= 4043.6s
[TRAIN][PPO] ep=216/500 r=  619.85 avg10=  529.94 steps=1460 succ10=0.80 touch10=0.80 col10=0.20 to10=0.00 min_d= 0.30 avg_spd=2.00m/s end=goal t= 4065.2s
[TRAIN][PPO] ep=217/500 r=  629.56 avg10=  531.70 steps=1496 succ10=0.80 touch10=0.80 col10=0.20 to10=0.00 min_d= 0.30 avg_spd=2.00m/s end=goal t= 4084.7s
[TRAIN][PPO] ep=218/500 r=  615.35 avg10=  531.89 steps=1441 succ10=0.80 touch10=0.80 col10=0.20 to10=0.00 min_d= 0.30 avg_spd=1.98m/s end=goal t= 4103.4s
[TRAIN][PPO] ep=219/500 r=  633.21 avg10=  533.30 steps=1499 succ10=0.80 touch10=0.80 col10=0.20 to10=0.00 min_d= 0.30 avg_spd=1.99m/s end=goal t= 4123.0s
[TRAIN][PPO] ep=220/500 r=  618.60 avg10=  578.00 steps=1459 succ10=0.90 touch10=0.90 col10=0.10 to10=0.00 min_d= 0.30 avg_spd=2.00m/s end=goal t= 4143.5s
[TRAIN][PPO] ep=221/500 r=  619.43 avg10=  577.64 steps=1452 succ10=0.90 touch10=0.90 col10=0.10 to10=0.00 min_d= 0.30 avg_spd=2.00m/s end=goal t= 4162.7s
[TRAIN][PPO] ep=222/500 r=  616.45 avg10=  577.97 steps=1453 succ10=0.90 touch10=0.90 col10=0.10 to10=0.00 min_d= 0.30 avg_spd=1.99m/s end=goal t= 4181.4s
[TRAIN][PPO] ep=223/500 r=  629.15 avg10=  623.21 steps=1493 succ10=1.00 touch10=1.00 col10=0.00 to10=0.00 min_d= 0.30 avg_spd=2.00m/s end=goal t= 4200.9s
[TRAIN][PPO] ep=224/500 r=  625.63 avg10=  623.74 steps=1486 succ10=1.00 touch10=1.00 col10=0.00 to10=0.00 min_d= 0.30 avg_spd=1.98m/s end=goal t= 4221.9s
[TRAIN][PPO] ep=225/500 r=  607.21 avg10=  621.44 steps=1439 succ10=1.00 touch10=1.00 col10=0.00 to10=0.00 min_d= 0.30 avg_spd=2.00m/s end=goal t= 4241.0s
[TRAIN][PPO] ep=226/500 r=  160.07 avg10=  575.47 steps= 612 succ10=0.90 touch10=0.90 col10=0.10 to10=0.00 min_d= 2.35 avg_spd=2.00m/s end=collision t= 4249.1s
[TRAIN][PPO] ep=227/500 r=  176.48 avg10=  530.16 steps= 662 succ10=0.80 touch10=0.80 col10=0.20 to10=0.00 min_d= 2.29 avg_spd=2.02m/s end=collision t= 4257.8s
[TRAIN][PPO] ep=228/500 r=  179.70 avg10=  486.59 steps= 670 succ10=0.70 touch10=0.70 col10=0.30 to10=0.00 min_d= 2.30 avg_spd=2.00m/s end=collision t= 4267.8s
[TRAIN][PPO] ep=229/500 r=  169.73 avg10=  440.25 steps= 640 succ10=0.60 touch10=0.60 col10=0.40 to10=0.00 min_d= 2.33 avg_spd=2.00m/s end=collision t= 4276.3s
[TRAIN][PPO] ep=230/500 r=  178.76 avg10=  396.26 steps= 680 succ10=0.50 touch10=0.50 col10=0.50 to10=0.00 min_d= 2.35 avg_spd=2.00m/s end=collision t= 4285.2s
[TRAIN][PPO] ep=231/500 r=  626.90 avg10=  397.01 steps=1473 succ10=0.50 touch10=0.50 col10=0.50 to10=0.00 min_d= 0.30 avg_spd=2.00m/s end=goal t= 4304.4s
[TRAIN][PPO] ep=232/500 r=  621.11 avg10=  397.48 steps=1468 succ10=0.50 touch10=0.50 col10=0.50 to10=0.00 min_d= 0.30 avg_spd=2.01m/s end=goal t= 4325.9s
[TRAIN][PPO] ep=233/500 r=  622.49 avg10=  396.81 steps=1470 succ10=0.50 touch10=0.50 col10=0.50 to10=0.00 min_d= 0.30 avg_spd=2.02m/s end=goal t= 4345.1s
[TRAIN][PPO] ep=234/500 r=  619.32 avg10=  396.18 steps=1453 succ10=0.50 touch10=0.50 col10=0.50 to10=0.00 min_d= 0.30 avg_spd=2.00m/s end=goal t= 4364.0s
[TRAIN][PPO] ep=235/500 r=  176.40 avg10=  353.10 steps= 658 succ10=0.40 touch10=0.40 col10=0.60 to10=0.00 min_d= 2.31 avg_spd=2.01m/s end=collision t= 4372.1s
[TRAIN][PPO] ep=236/500 r=  625.40 avg10=  399.63 steps=1482 succ10=0.50 touch10=0.50 col10=0.50 to10=0.00 min_d= 0.30 avg_spd=2.00m/s end=goal t= 4393.4s
[TRAIN][PPO] ep=237/500 r=  617.22 avg10=  443.70 steps=1440 succ10=0.60 touch10=0.60 col10=0.40 to10=0.00 min_d= 0.30 avg_spd=2.02m/s end=goal t= 4412.3s
[TRAIN][PPO] ep=238/500 r=  609.55 avg10=  486.69 steps=1429 succ10=0.70 touch10=0.70 col10=0.30 to10=0.00 min_d= 0.30 avg_spd=2.02m/s end=goal t= 4431.1s
[TRAIN][PPO] ep=239/500 r=  618.06 avg10=  531.52 steps=1462 succ10=0.80 touch10=0.80 col10=0.20 to10=0.00 min_d= 0.30 avg_spd=2.01m/s end=goal t= 4450.0s
[TRAIN][PPO] ep=240/500 r=  616.51 avg10=  575.29 steps=1452 succ10=0.90 touch10=0.90 col10=0.10 to10=0.00 min_d= 0.30 avg_spd=2.02m/s end=goal t= 4470.5s
[TRAIN][PPO] ep=241/500 r=  615.21 avg10=  574.13 steps=1444 succ10=0.90 touch10=0.90 col10=0.10 to10=0.00 min_d= 0.30 avg_spd=2.00m/s end=goal t= 4489.4s
[TRAIN][PPO] ep=242/500 r=  608.25 avg10=  572.84 steps=1421 succ10=0.90 touch10=0.90 col10=0.10 to10=0.00 min_d= 0.30 avg_spd=2.02m/s end=goal t= 4507.8s
[TRAIN][PPO] ep=243/500 r=  613.25 avg10=  571.92 steps=1446 succ10=0.90 touch10=0.90 col10=0.10 to10=0.00 min_d= 0.30 avg_spd=1.99m/s end=goal t= 4526.5s
[TRAIN][PPO] ep=244/500 r=  611.01 avg10=  571.08 steps=1434 succ10=0.90 touch10=0.90 col10=0.10 to10=0.00 min_d= 0.30 avg_spd=2.01m/s end=goal t= 4547.5s
[TRAIN][PPO] ep=245/500 r=  615.09 avg10=  614.95 steps=1445 succ10=1.00 touch10=1.00 col10=0.00 to10=0.00 min_d= 0.30 avg_spd=2.02m/s end=goal t= 4566.4s
[TRAIN][PPO] ep=246/500 r=  610.72 avg10=  613.49 steps=1449 succ10=1.00 touch10=1.00 col10=0.00 to10=0.00 min_d= 0.30 avg_spd=2.01m/s end=goal t= 4585.2s
[TRAIN][PPO] ep=247/500 r=  183.29 avg10=  570.09 steps= 693 succ10=0.90 touch10=0.90 col10=0.10 to10=0.00 min_d= 2.31 avg_spd=2.01m/s end=collision t= 4594.3s
[TRAIN][PPO] ep=248/500 r=  184.58 avg10=  527.60 steps= 689 succ10=0.80 touch10=0.80 col10=0.20 to10=0.00 min_d= 2.30 avg_spd=2.02m/s end=collision t= 4604.8s
[TRAIN][PPO] ep=249/500 r=  619.60 avg10=  527.75 steps=1463 succ10=0.80 touch10=0.80 col10=0.20 to10=0.00 min_d= 0.30 avg_spd=2.01m/s end=goal t= 4623.9s
[TRAIN][PPO] ep=250/500 r=  617.83 avg10=  527.88 steps=1469 succ10=0.80 touch10=0.80 col10=0.20 to10=0.00 min_d= 0.30 avg_spd=2.01m/s end=goal t= 4642.9s
[TRAIN][PPO] ep=251/500 r=  169.45 avg10=  483.31 steps= 655 succ10=0.70 touch10=0.70 col10=0.30 to10=0.00 min_d= 2.29 avg_spd=2.00m/s end=collision t= 4651.6s
[TRAIN][PPO] ep=252/500 r=  620.72 avg10=  484.55 steps=1471 succ10=0.70 touch10=0.70 col10=0.30 to10=0.00 min_d= 0.30 avg_spd=2.00m/s end=goal t= 4672.2s
[TRAIN][PPO] ep=253/500 r=  174.84 avg10=  440.71 steps= 676 succ10=0.60 touch10=0.60 col10=0.40 to10=0.00 min_d= 2.32 avg_spd=1.98m/s end=collision t= 4681.0s
[TRAIN][PPO] ep=254/500 r=  628.00 avg10=  442.41 steps=1486 succ10=0.60 touch10=0.60 col10=0.40 to10=0.00 min_d= 0.30 avg_spd=1.99m/s end=goal t= 4700.2s
[TRAIN][PPO] ep=255/500 r=  177.78 avg10=  398.68 steps= 665 succ10=0.50 touch10=0.50 col10=0.50 to10=0.00 min_d= 2.35 avg_spd=2.02m/s end=collision t= 4708.9s
[TRAIN][PPO] ep=256/500 r=  164.36 avg10=  354.04 steps= 628 succ10=0.40 touch10=0.40 col10=0.60 to10=0.00 min_d= 2.34 avg_spd=2.01m/s end=collision t= 4718.3s
[TRAIN][PPO] ep=257/500 r=  162.90 avg10=  352.00 steps= 621 succ10=0.40 touch10=0.40 col10=0.60 to10=0.00 min_d= 2.35 avg_spd=2.03m/s end=collision t= 4726.4s
[TRAIN][PPO] ep=258/500 r=  618.33 avg10=  395.38 steps=1462 succ10=0.50 touch10=0.50 col10=0.50 to10=0.00 min_d= 0.30 avg_spd=2.00m/s end=goal t= 4745.6s
[TRAIN][PPO] ep=259/500 r=  182.67 avg10=  351.69 steps= 686 succ10=0.40 touch10=0.40 col10=0.60 to10=0.00 min_d= 2.30 avg_spd=2.02m/s end=collision t= 4754.6s
[TRAIN][PPO] ep=260/500 r=  172.89 avg10=  307.19 steps= 651 succ10=0.30 touch10=0.30 col10=0.70 to10=0.00 min_d= 2.35 avg_spd=2.00m/s end=collision t= 4764.1s
[TRAIN][PPO] ep=261/500 r=  607.56 avg10=  351.00 steps=1440 succ10=0.40 touch10=0.40 col10=0.60 to10=0.00 min_d= 0.30 avg_spd=2.01m/s end=goal t= 4782.7s
[TRAIN][PPO] ep=262/500 r=  614.90 avg10=  350.42 steps=1453 succ10=0.40 touch10=0.40 col10=0.60 to10=0.00 min_d= 0.30 avg_spd=1.99m/s end=goal t= 4801.3s
[TRAIN][PPO] ep=263/500 r=  163.14 avg10=  349.25 steps= 627 succ10=0.40 touch10=0.40 col10=0.60 to10=0.00 min_d= 2.34 avg_spd=2.01m/s end=collision t= 4809.2s
[TRAIN][PPO] ep=264/500 r=  174.83 avg10=  303.94 steps= 659 succ10=0.30 touch10=0.30 col10=0.70 to10=0.00 min_d= 2.34 avg_spd=2.01m/s end=collision t= 4818.8s
[TRAIN][PPO] ep=265/500 r=  164.46 avg10=  302.60 steps= 629 succ10=0.30 touch10=0.30 col10=0.70 to10=0.00 min_d= 2.32 avg_spd=2.04m/s end=collision t= 4826.9s
[TRAIN][PPO] ep=266/500 r=  163.22 avg10=  302.49 steps= 639 succ10=0.30 touch10=0.30 col10=0.70 to10=0.00 min_d= 2.36 avg_spd=2.04m/s end=collision t= 4835.0s
[TRAIN][PPO] ep=267/500 r=  173.39 avg10=  303.54 steps= 665 succ10=0.30 touch10=0.30 col10=0.70 to10=0.00 min_d= 2.35 avg_spd=2.02m/s end=collision t= 4843.5s
[TRAIN][PPO] ep=268/500 r=  165.61 avg10=  258.27 steps= 638 succ10=0.20 touch10=0.20 col10=0.80 to10=0.00 min_d= 2.36 avg_spd=2.04m/s end=collision t= 4852.4s
[TRAIN][PPO] ep=269/500 r=  168.81 avg10=  256.88 steps= 643 succ10=0.20 touch10=0.20 col10=0.80 to10=0.00 min_d= 2.34 avg_spd=2.01m/s end=collision t= 4860.4s
[TRAIN][PPO] ep=270/500 r=  172.44 avg10=  256.84 steps= 673 succ10=0.20 touch10=0.20 col10=0.80 to10=0.00 min_d= 2.36 avg_spd=2.03m/s end=collision t= 4868.8s
[TRAIN][PPO] ep=271/500 r=  172.35 avg10=  213.32 steps= 661 succ10=0.10 touch10=0.10 col10=0.90 to10=0.00 min_d= 2.33 avg_spd=2.03m/s end=collision t= 4877.4s
[TRAIN][PPO] ep=272/500 r=  177.25 avg10=  169.55 steps= 670 succ10=0.00 touch10=0.00 col10=1.00 to10=0.00 min_d= 2.31 avg_spd=2.02m/s end=collision t= 4887.1s
[TRAIN][PPO] ep=273/500 r=  162.91 avg10=  169.53 steps= 628 succ10=0.00 touch10=0.00 col10=1.00 to10=0.00 min_d= 2.36 avg_spd=2.02m/s end=collision t= 4895.1s
[TRAIN][PPO] ep=274/500 r=  615.71 avg10=  213.61 steps=1468 succ10=0.10 touch10=0.10 col10=0.90 to10=0.00 min_d= 0.30 avg_spd=2.00m/s end=goal t= 4914.1s
[TRAIN][PPO] ep=275/500 r=  620.60 avg10=  259.23 steps=1500 succ10=0.20 touch10=0.20 col10=0.80 to10=0.00 min_d= 0.30 avg_spd=2.00m/s end=goal t= 4933.9s
[TRAIN][PPO] ep=276/500 r=  162.76 avg10=  259.18 steps= 626 succ10=0.20 touch10=0.20 col10=0.80 to10=0.00 min_d= 2.36 avg_spd=2.02m/s end=collision t= 4943.5s
[TRAIN][PPO] ep=277/500 r=  618.07 avg10=  303.65 steps=1488 succ10=0.30 touch10=0.30 col10=0.70 to10=0.00 min_d= 0.30 avg_spd=2.00m/s end=goal t= 4963.0s
[TRAIN][PPO] ep=278/500 r=  617.98 avg10=  348.89 steps=1489 succ10=0.40 touch10=0.40 col10=0.60 to10=0.00 min_d= 0.30 avg_spd=2.00m/s end=goal t= 4982.6s
[TRAIN][PPO] ep=279/500 r=  170.47 avg10=  349.05 steps= 648 succ10=0.40 touch10=0.40 col10=0.60 to10=0.00 min_d= 2.34 avg_spd=2.01m/s end=collision t= 4990.6s
[TRAIN][PPO] ep=280/500 r=  177.50 avg10=  349.56 steps= 670 succ10=0.40 touch10=0.40 col10=0.60 to10=0.00 min_d= 2.34 avg_spd=2.01m/s end=collision t= 5000.9s
[TRAIN][PPO] ep=281/500 r=  155.04 avg10=  347.83 steps= 606 succ10=0.40 touch10=0.40 col10=0.60 to10=0.00 min_d= 2.36 avg_spd=2.06m/s end=collision t= 5008.8s
[TRAIN][PPO] ep=282/500 r=  167.30 avg10=  346.83 steps= 641 succ10=0.40 touch10=0.40 col10=0.60 to10=0.00 min_d= 2.34 avg_spd=2.01m/s end=collision t= 5017.3s
[TRAIN][PPO] ep=283/500 r=  166.80 avg10=  347.22 steps= 648 succ10=0.40 touch10=0.40 col10=0.60 to10=0.00 min_d= 2.34 avg_spd=2.07m/s end=collision t= 5025.8s
[TRAIN][PPO] ep=284/500 r=  169.34 avg10=  302.59 steps= 645 succ10=0.30 touch10=0.30 col10=0.70 to10=0.00 min_d= 2.31 avg_spd=2.03m/s end=collision t= 5035.4s
[TRAIN][PPO] ep=285/500 r=  163.89 avg10=  256.91 steps= 648 succ10=0.20 touch10=0.20 col10=0.80 to10=0.00 min_d= 2.27 avg_spd=2.04m/s end=collision t= 5043.7s
[TRAIN][PPO] ep=286/500 r=  176.36 avg10=  258.27 steps= 686 succ10=0.20 touch10=0.20 col10=0.80 to10=0.00 min_d= 2.31 avg_spd=2.03m/s end=collision t= 5052.5s
[TRAIN][PPO] ep=287/500 r=  165.58 avg10=  213.03 steps= 649 succ10=0.10 touch10=0.10 col10=0.90 to10=0.00 min_d= 2.34 avg_spd=2.03m/s end=collision t= 5060.9s
[TRAIN][PPO] ep=288/500 r=  159.84 avg10=  167.21 steps= 633 succ10=0.00 touch10=0.00 col10=1.00 to10=0.00 min_d= 2.31 avg_spd=2.06m/s end=collision t= 5070.0s
[TRAIN][PPO] ep=289/500 r=  151.30 avg10=  165.29 steps= 622 succ10=0.00 touch10=0.00 col10=1.00 to10=0.00 min_d= 2.36 avg_spd=2.04m/s end=collision t= 5078.1s
[TRAIN][PPO] ep=290/500 r=  173.18 avg10=  164.86 steps= 671 succ10=0.00 touch10=0.00 col10=1.00 to10=0.00 min_d= 2.36 avg_spd=2.03m/s end=collision t= 5086.8s
[TRAIN][PPO] ep=291/500 r=  175.60 avg10=  166.92 steps= 684 succ10=0.00 touch10=0.00 col10=1.00 to10=0.00 min_d= 2.36 avg_spd=1.99m/s end=collision t= 5095.8s
[TRAIN][PPO] ep=292/500 r=  167.67 avg10=  166.96 steps= 658 succ10=0.00 touch10=0.00 col10=1.00 to10=0.00 min_d= 2.35 avg_spd=2.05m/s end=collision t= 5106.2s
[TRAIN][PPO] ep=293/500 r=  164.82 avg10=  166.76 steps= 644 succ10=0.00 touch10=0.00 col10=1.00 to10=0.00 min_d= 2.36 avg_spd=1.99m/s end=collision t= 5114.7s
[TRAIN][PPO] ep=294/500 r=  157.80 avg10=  165.60 steps= 629 succ10=0.00 touch10=0.00 col10=1.00 to10=0.00 min_d= 2.35 avg_spd=2.05m/s end=collision t= 5122.5s
[TRAIN][PPO] ep=295/500 r=  165.42 avg10=  165.76 steps= 658 succ10=0.00 touch10=0.00 col10=1.00 to10=0.00 min_d= 2.36 avg_spd=2.01m/s end=collision t= 5131.1s
[TRAIN][PPO] ep=296/500 r=  161.94 avg10=  164.32 steps= 634 succ10=0.00 touch10=0.00 col10=1.00 to10=0.00 min_d= 2.36 avg_spd=2.03m/s end=collision t= 5140.0s
[TRAIN][PPO] ep=297/500 r=  171.79 avg10=  164.94 steps= 672 succ10=0.00 touch10=0.00 col10=1.00 to10=0.00 min_d= 2.33 avg_spd=2.00m/s end=collision t= 5148.7s
[TRAIN][PPO] ep=298/500 r=  155.13 avg10=  164.47 steps= 610 succ10=0.00 touch10=0.00 col10=1.00 to10=0.00 min_d= 2.36 avg_spd=2.02m/s end=collision t= 5156.6s
[TRAIN][PPO] ep=299/500 r=  162.90 avg10=  165.63 steps= 635 succ10=0.00 touch10=0.00 col10=1.00 to10=0.00 min_d= 2.33 avg_spd=2.08m/s end=collision t= 5164.8s
[TRAIN][PPO] ep=300/500 r=  169.59 avg10=  165.27 steps= 660 succ10=0.00 touch10=0.00 col10=1.00 to10=0.00 min_d= 2.36 avg_spd=2.03m/s end=collision t= 5174.6s ckpt=latest
[TRAIN][PPO] ep=301/500 r=  154.76 avg10=  163.18 steps= 613 succ10=0.00 touch10=0.00 col10=1.00 to10=0.00 min_d= 2.35 avg_spd=2.05m/s end=collision t= 5182.5s
[TRAIN][PPO] ep=302/500 r=  152.79 avg10=  161.69 steps= 597 succ10=0.00 touch10=0.00 col10=1.00 to10=0.00 min_d= 2.36 avg_spd=2.05m/s end=collision t= 5190.3s
[TRAIN][PPO] ep=303/500 r=  177.18 avg10=  162.93 steps= 694 succ10=0.00 touch10=0.00 col10=1.00 to10=0.00 min_d= 2.34 avg_spd=2.02m/s end=collision t= 5199.1s
[TRAIN][PPO] ep=304/500 r=  602.68 avg10=  207.42 steps=1496 succ10=0.10 touch10=0.10 col10=0.90 to10=0.00 min_d= 0.30 avg_spd=2.03m/s end=goal t= 5219.1s
[TRAIN][PPO] ep=305/500 r=  169.23 avg10=  207.80 steps= 665 succ10=0.10 touch10=0.10 col10=0.90 to10=0.00 min_d= 2.31 avg_spd=2.04m/s end=collision t= 5227.7s
[TRAIN][PPO] ep=306/500 r=  166.37 avg10=  208.24 steps= 651 succ10=0.10 touch10=0.10 col10=0.90 to10=0.00 min_d= 2.36 avg_spd=2.01m/s end=collision t= 5236.2s
[TRAIN][PPO] ep=307/500 r=  166.56 avg10=  207.72 steps= 640 succ10=0.10 touch10=0.10 col10=0.90 to10=0.00 min_d= 2.36 avg_spd=2.04m/s end=collision t= 5244.0s
[TRAIN][PPO] ep=308/500 r=  168.33 avg10=  209.04 steps= 676 succ10=0.10 touch10=0.10 col10=0.90 to10=0.00 min_d= 2.31 avg_spd=2.03m/s end=collision t= 5253.4s
[TRAIN][PPO] ep=309/500 r=  165.70 avg10=  209.32 steps= 643 succ10=0.10 touch10=0.10 col10=0.90 to10=0.00 min_d= 2.36 avg_spd=2.01m/s end=collision t= 5261.6s
[TRAIN][PPO] ep=310/500 r=  174.16 avg10=  209.78 steps= 686 succ10=0.10 touch10=0.10 col10=0.90 to10=0.00 min_d= 2.36 avg_spd=2.00m/s end=collision t= 5270.5s
[TRAIN][PPO] ep=311/500 r=  610.63 avg10=  255.36 steps=1535 succ10=0.20 touch10=0.20 col10=0.80 to10=0.00 min_d= 0.30 avg_spd=2.02m/s end=goal t= 5290.1s
[TRAIN][PPO] ep=312/500 r=  173.05 avg10=  257.39 steps= 668 succ10=0.20 touch10=0.20 col10=0.80 to10=0.00 min_d= 2.34 avg_spd=2.05m/s end=collision t= 5299.7s
[TRAIN][PPO] ep=313/500 r=  616.39 avg10=  301.31 steps=1489 succ10=0.30 touch10=0.30 col10=0.70 to10=0.00 min_d= 0.30 avg_spd=1.98m/s end=goal t= 5318.4s
[TRAIN][PPO] ep=314/500 r=  167.08 avg10=  257.75 steps= 647 succ10=0.20 touch10=0.20 col10=0.80 to10=0.00 min_d= 2.36 avg_spd=2.04m/s end=collision t= 5326.4s
[TRAIN][PPO] ep=315/500 r=  164.25 avg10=  257.25 steps= 637 succ10=0.20 touch10=0.20 col10=0.80 to10=0.00 min_d= 2.36 avg_spd=1.99m/s end=collision t= 5334.3s
[TRAIN][PPO] ep=316/500 r=  176.29 avg10=  258.24 steps= 664 succ10=0.20 touch10=0.20 col10=0.80 to10=0.00 min_d= 2.36 avg_spd=2.03m/s end=collision t= 5344.0s
[TRAIN][PPO] ep=317/500 r=  619.87 avg10=  303.57 steps=1491 succ10=0.30 touch10=0.30 col10=0.70 to10=0.00 min_d= 0.30 avg_spd=1.99m/s end=goal t= 5362.2s
[TRAIN][PPO] ep=318/500 r=  174.69 avg10=  304.21 steps= 661 succ10=0.30 touch10=0.30 col10=0.70 to10=0.00 min_d= 2.36 avg_spd=2.04m/s end=collision t= 5370.2s
[TRAIN][PPO] ep=319/500 r=  619.77 avg10=  349.62 steps=1490 succ10=0.40 touch10=0.40 col10=0.60 to10=0.00 min_d= 0.30 avg_spd=2.00m/s end=goal t= 5388.9s
[TRAIN][PPO] ep=320/500 r=  153.16 avg10=  347.52 steps= 597 succ10=0.40 touch10=0.40 col10=0.60 to10=0.00 min_d= 2.36 avg_spd=2.05m/s end=collision t= 5399.3s
[TRAIN][PPO] ep=321/500 r=  614.58 avg10=  347.91 steps=1470 succ10=0.40 touch10=0.40 col10=0.60 to10=0.00 min_d= 0.30 avg_spd=1.99m/s end=goal t= 5417.7s
[TRAIN][PPO] ep=322/500 r=  196.92 avg10=  350.30 steps= 757 succ10=0.40 touch10=0.40 col10=0.60 to10=0.00 min_d= 2.16 avg_spd=1.98m/s end=collision t= 5427.2s
[TRAIN][PPO] ep=323/500 r=  614.40 avg10=  350.10 steps=1489 succ10=0.40 touch10=0.40 col10=0.60 to10=0.00 min_d= 0.30 avg_spd=2.01m/s end=goal t= 5445.3s
[TRAIN][PPO] ep=324/500 r=  619.44 avg10=  395.34 steps=1491 succ10=0.50 touch10=0.50 col10=0.50 to10=0.00 min_d= 0.30 avg_spd=2.00m/s end=goal t= 5465.9s
[TRAIN][PPO] ep=325/500 r=  621.51 avg10=  441.06 steps=1472 succ10=0.60 touch10=0.60 col10=0.40 to10=0.00 min_d= 0.30 avg_spd=2.02m/s end=goal t= 5484.1s
[TRAIN][PPO] ep=326/500 r=  628.59 avg10=  486.29 steps=1508 succ10=0.70 touch10=0.70 col10=0.30 to10=0.00 min_d= 0.30 avg_spd=1.99m/s end=goal t= 5502.7s
[TRAIN][PPO] ep=327/500 r=  178.52 avg10=  442.16 steps= 674 succ10=0.60 touch10=0.60 col10=0.40 to10=0.00 min_d= 2.34 avg_spd=2.01m/s end=collision t= 5511.0s
[TRAIN][PPO] ep=328/500 r=  170.41 avg10=  441.73 steps= 646 succ10=0.60 touch10=0.60 col10=0.40 to10=0.00 min_d= 2.34 avg_spd=2.03m/s end=collision t= 5520.6s
[TRAIN][PPO] ep=329/500 r=  175.73 avg10=  397.33 steps= 688 succ10=0.50 touch10=0.50 col10=0.50 to10=0.00 min_d= 2.33 avg_spd=2.02m/s end=collision t= 5529.4s
[TRAIN][PPO] ep=330/500 r=  161.36 avg10=  398.15 steps= 622 succ10=0.50 touch10=0.50 col10=0.50 to10=0.00 min_d= 2.36 avg_spd=2.01m/s end=collision t= 5537.2s
[TRAIN][PPO] ep=331/500 r=  166.63 avg10=  353.35 steps= 657 succ10=0.40 touch10=0.40 col10=0.60 to10=0.00 min_d= 2.35 avg_spd=2.04m/s end=collision t= 5545.5s
[TRAIN][PPO] ep=332/500 r=  622.51 avg10=  395.91 steps=1491 succ10=0.50 touch10=0.50 col10=0.50 to10=0.00 min_d= 0.30 avg_spd=2.01m/s end=goal t= 5565.2s
[TRAIN][PPO] ep=333/500 r=  613.18 avg10=  395.79 steps=1472 succ10=0.50 touch10=0.50 col10=0.50 to10=0.00 min_d= 0.30 avg_spd=2.00m/s end=goal t= 5583.6s
[TRAIN][PPO] ep=334/500 r=  618.10 avg10=  395.65 steps=1464 succ10=0.50 touch10=0.50 col10=0.50 to10=0.00 min_d= 0.30 avg_spd=1.99m/s end=goal t= 5601.6s
[TRAIN][PPO] ep=335/500 r=  629.42 avg10=  396.44 steps=1510 succ10=0.50 touch10=0.50 col10=0.50 to10=0.00 min_d= 0.30 avg_spd=1.99m/s end=goal t= 5620.3s
[TRAIN][PPO] ep=336/500 r=  633.14 avg10=  396.90 steps=1517 succ10=0.50 touch10=0.50 col10=0.50 to10=0.00 min_d= 0.30 avg_spd=1.99m/s end=goal t= 5640.2s
[TRAIN][PPO] ep=337/500 r=  172.10 avg10=  396.26 steps= 648 succ10=0.50 touch10=0.50 col10=0.50 to10=0.00 min_d= 2.34 avg_spd=2.01m/s end=collision t= 5648.4s
[TRAIN][PPO] ep=338/500 r=  633.46 avg10=  442.56 steps=1512 succ10=0.60 touch10=0.60 col10=0.40 to10=0.00 min_d= 0.30 avg_spd=1.99m/s end=goal t= 5667.5s
[TRAIN][PPO] ep=339/500 r=  622.51 avg10=  487.24 steps=1479 succ10=0.70 touch10=0.70 col10=0.30 to10=0.00 min_d= 0.30 avg_spd=2.00m/s end=goal t= 5685.6s
[TRAIN][PPO] ep=340/500 r=  621.33 avg10=  533.24 steps=1479 succ10=0.80 touch10=0.80 col10=0.20 to10=0.00 min_d= 0.30 avg_spd=1.99m/s end=goal t= 5707.0s
[TRAIN][PPO] ep=341/500 r=  609.76 avg10=  577.55 steps=1450 succ10=0.90 touch10=0.90 col10=0.10 to10=0.00 min_d= 0.30 avg_spd=2.01m/s end=goal t= 5724.8s
[TRAIN][PPO] ep=342/500 r=  609.27 avg10=  576.23 steps=1449 succ10=0.90 touch10=0.90 col10=0.10 to10=0.00 min_d= 0.30 avg_spd=2.01m/s end=goal t= 5743.4s
[TRAIN][PPO] ep=343/500 r=  610.81 avg10=  575.99 steps=1435 succ10=0.90 touch10=0.90 col10=0.10 to10=0.00 min_d= 0.30 avg_spd=2.00m/s end=goal t= 5761.1s
[TRAIN][PPO] ep=344/500 r=  630.85 avg10=  577.27 steps=1511 succ10=0.90 touch10=0.90 col10=0.10 to10=0.00 min_d= 0.30 avg_spd=1.99m/s end=goal t= 5782.5s
[TRAIN][PPO] ep=345/500 r=  624.90 avg10=  576.82 steps=1490 succ10=0.90 touch10=0.90 col10=0.10 to10=0.00 min_d= 0.30 avg_spd=2.02m/s end=goal t= 5801.4s
[TRAIN][PPO] ep=346/500 r=  618.51 avg10=  575.35 steps=1469 succ10=0.90 touch10=0.90 col10=0.10 to10=0.00 min_d= 0.30 avg_spd=1.98m/s end=goal t= 5819.6s
[TRAIN][PPO] ep=347/500 r=  617.66 avg10=  619.91 steps=1486 succ10=1.00 touch10=1.00 col10=0.00 to10=0.00 min_d= 0.30 avg_spd=2.00m/s end=goal t= 5838.2s
[TRAIN][PPO] ep=348/500 r=  607.25 avg10=  617.29 steps=1457 succ10=1.00 touch10=1.00 col10=0.00 to10=0.00 min_d= 0.30 avg_spd=2.01m/s end=goal t= 5859.8s
[TRAIN][PPO] ep=349/500 r=  624.75 avg10=  617.51 steps=1482 succ10=1.00 touch10=1.00 col10=0.00 to10=0.00 min_d= 0.30 avg_spd=2.00m/s end=goal t= 5878.6s
[TRAIN][PPO] ep=350/500 r=  623.46 avg10=  617.72 steps=1484 succ10=1.00 touch10=1.00 col10=0.00 to10=0.00 min_d= 0.30 avg_spd=2.01m/s end=goal t= 5897.3s
[TRAIN][PPO] ep=351/500 r=  172.61 avg10=  574.01 steps= 656 succ10=0.90 touch10=0.90 col10=0.10 to10=0.00 min_d= 2.36 avg_spd=2.04m/s end=collision t= 5905.6s
[TRAIN][PPO] ep=352/500 r=  611.31 avg10=  574.21 steps=1441 succ10=0.90 touch10=0.90 col10=0.10 to10=0.00 min_d= 0.30 avg_spd=2.03m/s end=goal t= 5925.0s
[TRAIN][PPO] ep=353/500 r=  618.36 avg10=  574.97 steps=1484 succ10=0.90 touch10=0.90 col10=0.10 to10=0.00 min_d= 0.30 avg_spd=2.00m/s end=goal t= 5944.0s
[TRAIN][PPO] ep=354/500 r=  626.70 avg10=  574.55 steps=1507 succ10=0.90 touch10=0.90 col10=0.10 to10=0.00 min_d= 0.30 avg_spd=2.00m/s end=goal t= 5963.5s
[TRAIN][PPO] ep=355/500 r=  615.56 avg10=  573.62 steps=1461 succ10=0.90 touch10=0.90 col10=0.10 to10=0.00 min_d= 0.30 avg_spd=2.02m/s end=goal t= 5982.2s
[TRAIN][PPO] ep=356/500 r=  612.06 avg10=  572.97 steps=1461 succ10=0.90 touch10=0.90 col10=0.10 to10=0.00 min_d= 0.30 avg_spd=2.00m/s end=goal t= 6003.0s
[TRAIN][PPO] ep=357/500 r=  608.05 avg10=  572.01 steps=1459 succ10=0.90 touch10=0.90 col10=0.10 to10=0.00 min_d= 0.30 avg_spd=2.01m/s end=goal t= 6021.9s
[TRAIN][PPO] ep=358/500 r=  614.91 avg10=  572.78 steps=1469 succ10=0.90 touch10=0.90 col10=0.10 to10=0.00 min_d= 0.30 avg_spd=1.98m/s end=goal t= 6040.7s
[TRAIN][PPO] ep=359/500 r=  617.74 avg10=  572.08 steps=1493 succ10=0.90 touch10=0.90 col10=0.10 to10=0.00 min_d= 0.30 avg_spd=2.00m/s end=goal t= 6059.4s
[TRAIN][PPO] ep=360/500 r=  620.99 avg10=  571.83 steps=1481 succ10=0.90 touch10=0.90 col10=0.10 to10=0.00 min_d= 0.30 avg_spd=2.02m/s end=goal t= 6080.0s
[TRAIN][PPO] ep=361/500 r=  620.02 avg10=  616.57 steps=1481 succ10=1.00 touch10=1.00 col10=0.00 to10=0.00 min_d= 0.30 avg_spd=2.03m/s end=goal t= 6098.9s
[TRAIN][PPO] ep=362/500 r=  619.31 avg10=  617.37 steps=1482 succ10=1.00 touch10=1.00 col10=0.00 to10=0.00 min_d= 0.30 avg_spd=2.02m/s end=goal t= 6118.0s
[TRAIN][PPO] ep=363/500 r=  606.88 avg10=  616.22 steps=1459 succ10=1.00 touch10=1.00 col10=0.00 to10=0.00 min_d= 0.30 avg_spd=2.01m/s end=goal t= 6136.6s
[TRAIN][PPO] ep=364/500 r=  624.26 avg10=  615.98 steps=1496 succ10=1.00 touch10=1.00 col10=0.00 to10=0.00 min_d= 0.30 avg_spd=2.00m/s end=goal t= 6157.3s
[TRAIN][PPO] ep=365/500 r=  611.64 avg10=  615.59 steps=1484 succ10=1.00 touch10=1.00 col10=0.00 to10=0.00 min_d= 0.30 avg_spd=2.01m/s end=goal t= 6176.7s
[TRAIN][PPO] ep=366/500 r=  606.52 avg10=  615.03 steps=1435 succ10=1.00 touch10=1.00 col10=0.00 to10=0.00 min_d= 0.30 avg_spd=2.02m/s end=goal t= 6195.1s
[TRAIN][PPO] ep=367/500 r=  614.09 avg10=  615.64 steps=1465 succ10=1.00 touch10=1.00 col10=0.00 to10=0.00 min_d= 0.30 avg_spd=2.01m/s end=goal t= 6213.9s
[TRAIN][PPO] ep=368/500 r=  606.41 avg10=  614.79 steps=1455 succ10=1.00 touch10=1.00 col10=0.00 to10=0.00 min_d= 0.30 avg_spd=2.01m/s end=goal t= 6234.0s
[TRAIN][PPO] ep=369/500 r=  613.76 avg10=  614.39 steps=1478 succ10=1.00 touch10=1.00 col10=0.00 to10=0.00 min_d= 0.30 avg_spd=2.01m/s end=goal t= 6252.9s
[TRAIN][PPO] ep=370/500 r=  616.31 avg10=  613.92 steps=1470 succ10=1.00 touch10=1.00 col10=0.00 to10=0.00 min_d= 0.30 avg_spd=2.02m/s end=goal t= 6271.8s
[TRAIN][PPO] ep=371/500 r=  614.72 avg10=  613.39 steps=1459 succ10=1.00 touch10=1.00 col10=0.00 to10=0.00 min_d= 0.30 avg_spd=2.03m/s end=goal t= 6290.2s
[TRAIN][PPO] ep=372/500 r=  620.54 avg10=  613.51 steps=1518 succ10=1.00 touch10=1.00 col10=0.00 to10=0.00 min_d= 0.30 avg_spd=2.02m/s end=goal t= 6311.7s
[TRAIN][PPO] ep=373/500 r=  628.34 avg10=  615.66 steps=1508 succ10=1.00 touch10=1.00 col10=0.00 to10=0.00 min_d= 0.30 avg_spd=2.00m/s end=goal t= 6330.9s
[TRAIN][PPO] ep=374/500 r=  610.02 avg10=  614.23 steps=1451 succ10=1.00 touch10=1.00 col10=0.00 to10=0.00 min_d= 0.30 avg_spd=2.00m/s end=goal t= 6349.3s
[TRAIN][PPO] ep=375/500 r=  614.09 avg10=  614.48 steps=1460 succ10=1.00 touch10=1.00 col10=0.00 to10=0.00 min_d= 0.30 avg_spd=1.99m/s end=goal t= 6367.5s
[TRAIN][PPO] ep=376/500 r=  611.99 avg10=  615.03 steps=1456 succ10=1.00 touch10=1.00 col10=0.00 to10=0.00 min_d= 0.30 avg_spd=2.03m/s end=goal t= 6389.0s
[TRAIN][PPO] ep=377/500 r=  622.53 avg10=  615.87 steps=1489 succ10=1.00 touch10=1.00 col10=0.00 to10=0.00 min_d= 0.30 avg_spd=2.00m/s end=goal t= 6408.0s
[TRAIN][PPO] ep=378/500 r=  612.41 avg10=  616.47 steps=1472 succ10=1.00 touch10=1.00 col10=0.00 to10=0.00 min_d= 0.30 avg_spd=2.00m/s end=goal t= 6426.7s
[TRAIN][PPO] ep=379/500 r=  614.38 avg10=  616.53 steps=1474 succ10=1.00 touch10=1.00 col10=0.00 to10=0.00 min_d= 0.30 avg_spd=1.99m/s end=goal t= 6445.5s
[TRAIN][PPO] ep=380/500 r=  626.89 avg10=  617.59 steps=1501 succ10=1.00 touch10=1.00 col10=0.00 to10=0.00 min_d= 0.30 avg_spd=2.00m/s end=goal t= 6466.3s
[TRAIN][PPO] ep=381/500 r=  608.85 avg10=  617.00 steps=1450 succ10=1.00 touch10=1.00 col10=0.00 to10=0.00 min_d= 0.30 avg_spd=2.03m/s end=goal t= 6484.7s
[TRAIN][PPO] ep=382/500 r=  614.46 avg10=  616.40 steps=1475 succ10=1.00 touch10=1.00 col10=0.00 to10=0.00 min_d= 0.30 avg_spd=2.00m/s end=goal t= 6503.1s
[TRAIN][PPO] ep=383/500 r=  172.76 avg10=  570.84 steps= 666 succ10=0.90 touch10=0.90 col10=0.10 to10=0.00 min_d= 2.35 avg_spd=2.03m/s end=collision t= 6511.3s
[TRAIN][PPO] ep=384/500 r=  611.73 avg10=  571.01 steps=1459 succ10=0.90 touch10=0.90 col10=0.10 to10=0.00 min_d= 0.30 avg_spd=2.00m/s end=goal t= 6531.3s
[TRAIN][PPO] ep=385/500 r=  616.94 avg10=  571.29 steps=1485 succ10=0.90 touch10=0.90 col10=0.10 to10=0.00 min_d= 0.30 avg_spd=2.01m/s end=goal t= 6550.0s
[TRAIN][PPO] ep=386/500 r=  612.57 avg10=  571.35 steps=1463 succ10=0.90 touch10=0.90 col10=0.10 to10=0.00 min_d= 0.30 avg_spd=2.02m/s end=goal t= 6568.6s
[TRAIN][PPO] ep=387/500 r=  623.87 avg10=  571.49 steps=1503 succ10=0.90 touch10=0.90 col10=0.10 to10=0.00 min_d= 0.30 avg_spd=2.01m/s end=goal t= 6587.2s
[TRAIN][PPO] ep=388/500 r=  625.81 avg10=  572.83 steps=1528 succ10=0.90 touch10=0.90 col10=0.10 to10=0.00 min_d= 0.30 avg_spd=1.99m/s end=goal t= 6608.5s
[TRAIN][PPO] ep=389/500 r=  611.11 avg10=  572.50 steps=1472 succ10=0.90 touch10=0.90 col10=0.10 to10=0.00 min_d= 0.30 avg_spd=2.02m/s end=goal t= 6627.2s
[TRAIN][PPO] ep=390/500 r=  626.39 avg10=  572.45 steps=1522 succ10=0.90 touch10=0.90 col10=0.10 to10=0.00 min_d= 0.30 avg_spd=1.99m/s end=goal t= 6646.7s
[TRAIN][PPO] ep=391/500 r=  626.84 avg10=  574.25 steps=1542 succ10=0.90 touch10=0.90 col10=0.10 to10=0.00 min_d= 0.30 avg_spd=2.00m/s end=goal t= 6666.2s
[TRAIN][PPO] ep=392/500 r=  621.81 avg10=  574.98 steps=1515 succ10=0.90 touch10=0.90 col10=0.10 to10=0.00 min_d= 0.30 avg_spd=1.99m/s end=goal t= 6686.7s
[TRAIN][PPO] ep=393/500 r=  191.97 avg10=  576.90 steps= 727 succ10=0.90 touch10=0.90 col10=0.10 to10=0.00 min_d= 2.13 avg_spd=2.01m/s end=collision t= 6696.1s
[TRAIN][PPO] ep=394/500 r=  622.68 avg10=  578.00 steps=1506 succ10=0.90 touch10=0.90 col10=0.10 to10=0.00 min_d= 0.30 avg_spd=2.00m/s end=goal t= 6714.9s
[TRAIN][PPO] ep=395/500 r=  614.54 avg10=  577.76 steps=1491 succ10=0.90 touch10=0.90 col10=0.10 to10=0.00 min_d= 0.30 avg_spd=2.03m/s end=goal t= 6733.9s
[TRAIN][PPO] ep=396/500 r=  166.85 avg10=  533.19 steps= 658 succ10=0.80 touch10=0.80 col10=0.20 to10=0.00 min_d= 2.36 avg_spd=2.03m/s end=collision t= 6744.5s
[TRAIN][PPO] ep=397/500 r=  624.07 avg10=  533.21 steps=1512 succ10=0.80 touch10=0.80 col10=0.20 to10=0.00 min_d= 0.30 avg_spd=2.01m/s end=goal t= 6763.0s
[TRAIN][PPO] ep=398/500 r=  611.45 avg10=  531.77 steps=1458 succ10=0.80 touch10=0.80 col10=0.20 to10=0.00 min_d= 0.30 avg_spd=2.01m/s end=goal t= 6780.9s
[TRAIN][PPO] ep=399/500 r=  626.43 avg10=  533.30 steps=1539 succ10=0.80 touch10=0.80 col10=0.20 to10=0.00 min_d= 0.30 avg_spd=1.99m/s end=goal t= 6800.3s
[TRAIN][PPO] ep=400/500 r=  604.66 avg10=  531.13 steps=1477 succ10=0.80 touch10=0.80 col10=0.20 to10=0.00 min_d= 0.30 avg_spd=2.01m/s end=goal t= 6820.6s ckpt=latest
[TRAIN][PPO] ep=401/500 r=  608.37 avg10=  529.28 steps=1456 succ10=0.80 touch10=0.80 col10=0.20 to10=0.00 min_d= 0.30 avg_spd=2.03m/s end=goal t= 6839.2s
[TRAIN][PPO] ep=402/500 r=  619.77 avg10=  529.08 steps=1495 succ10=0.80 touch10=0.80 col10=0.20 to10=0.00 min_d= 0.30 avg_spd=2.01m/s end=goal t= 6858.4s
[TRAIN][PPO] ep=403/500 r=  608.61 avg10=  570.74 steps=1462 succ10=0.90 touch10=0.90 col10=0.10 to10=0.00 min_d= 0.30 avg_spd=2.00m/s end=goal t= 6877.2s
[TRAIN][PPO] ep=404/500 r=  630.78 avg10=  571.55 steps=1524 succ10=0.90 touch10=0.90 col10=0.10 to10=0.00 min_d= 0.30 avg_spd=1.99m/s end=goal t= 6899.6s
[TRAIN][PPO] ep=405/500 r=  606.54 avg10=  570.75 steps=1492 succ10=0.90 touch10=0.90 col10=0.10 to10=0.00 min_d= 0.30 avg_spd=2.02m/s end=goal t= 6919.2s
[TRAIN][PPO] ep=406/500 r=  600.61 avg10=  614.13 steps=1427 succ10=1.00 touch10=1.00 col10=0.00 to10=0.00 min_d= 0.30 avg_spd=2.04m/s end=goal t= 6937.7s
[TRAIN][PPO] ep=407/500 r=  611.48 avg10=  612.87 steps=1498 succ10=1.00 touch10=1.00 col10=0.00 to10=0.00 min_d= 0.30 avg_spd=2.02m/s end=goal t= 6957.2s
[TRAIN][PPO] ep=408/500 r=  612.44 avg10=  612.97 steps=1454 succ10=1.00 touch10=1.00 col10=0.00 to10=0.00 min_d= 0.30 avg_spd=2.03m/s end=goal t= 6978.0s
[TRAIN][PPO] ep=409/500 r=  605.49 avg10=  610.87 steps=1452 succ10=1.00 touch10=1.00 col10=0.00 to10=0.00 min_d= 0.30 avg_spd=2.02m/s end=goal t= 6996.7s
[TRAIN][PPO] ep=410/500 r=  619.73 avg10=  612.38 steps=1482 succ10=1.00 touch10=1.00 col10=0.00 to10=0.00 min_d= 0.30 avg_spd=2.02m/s end=goal t= 7015.6s
[TRAIN][PPO] ep=411/500 r=  608.11 avg10=  612.36 steps=1442 succ10=1.00 touch10=1.00 col10=0.00 to10=0.00 min_d= 0.30 avg_spd=2.01m/s end=goal t= 7034.3s
[TRAIN][PPO] ep=412/500 r=  609.20 avg10=  611.30 steps=1470 succ10=1.00 touch10=1.00 col10=0.00 to10=0.00 min_d= 0.30 avg_spd=2.00m/s end=goal t= 7055.1s
[TRAIN][PPO] ep=413/500 r=  625.10 avg10=  612.95 steps=1506 succ10=1.00 touch10=1.00 col10=0.00 to10=0.00 min_d= 0.30 avg_spd=2.01m/s end=goal t= 7074.9s
[TRAIN][PPO] ep=414/500 r=  622.44 avg10=  612.11 steps=1532 succ10=1.00 touch10=1.00 col10=0.00 to10=0.00 min_d= 0.30 avg_spd=2.00m/s end=goal t= 7095.0s
[TRAIN][PPO] ep=415/500 r=  613.52 avg10=  612.81 steps=1508 succ10=1.00 touch10=1.00 col10=0.00 to10=0.00 min_d= 0.30 avg_spd=2.00m/s end=goal t= 7114.5s
[TRAIN][PPO] ep=416/500 r=  612.41 avg10=  613.99 steps=1467 succ10=1.00 touch10=1.00 col10=0.00 to10=0.00 min_d= 0.30 avg_spd=2.03m/s end=goal t= 7135.6s
[TRAIN][PPO] ep=417/500 r=  609.13 avg10=  613.76 steps=1473 succ10=1.00 touch10=1.00 col10=0.00 to10=0.00 min_d= 0.30 avg_spd=1.99m/s end=goal t= 7154.9s
[TRAIN][PPO] ep=418/500 r=  622.69 avg10=  614.78 steps=1499 succ10=1.00 touch10=1.00 col10=0.00 to10=0.00 min_d= 0.30 avg_spd=2.00m/s end=goal t= 7173.9s
[TRAIN][PPO] ep=419/500 r=  615.92 avg10=  615.83 steps=1490 succ10=1.00 touch10=1.00 col10=0.00 to10=0.00 min_d= 0.30 avg_spd=2.02m/s end=goal t= 7193.4s
[TRAIN][PPO] ep=420/500 r=  621.49 avg10=  616.00 steps=1514 succ10=1.00 touch10=1.00 col10=0.00 to10=0.00 min_d= 0.30 avg_spd=2.02m/s end=goal t= 7214.7s
[TRAIN][PPO] ep=421/500 r=  610.98 avg10=  616.29 steps=1461 succ10=1.00 touch10=1.00 col10=0.00 to10=0.00 min_d= 0.30 avg_spd=2.02m/s end=goal t= 7233.7s
[TRAIN][PPO] ep=422/500 r=  608.64 avg10=  616.23 steps=1465 succ10=1.00 touch10=1.00 col10=0.00 to10=0.00 min_d= 0.30 avg_spd=2.03m/s end=goal t= 7252.1s
[TRAIN][PPO] ep=423/500 r=  607.86 avg10=  614.51 steps=1472 succ10=1.00 touch10=1.00 col10=0.00 to10=0.00 min_d= 0.30 avg_spd=2.00m/s end=goal t= 7270.7s
[TRAIN][PPO] ep=424/500 r=  624.42 avg10=  614.71 steps=1519 succ10=1.00 touch10=1.00 col10=0.00 to10=0.00 min_d= 0.30 avg_spd=2.00m/s end=goal t= 7291.6s
[TRAIN][PPO] ep=425/500 r=  612.08 avg10=  614.56 steps=1488 succ10=1.00 touch10=1.00 col10=0.00 to10=0.00 min_d= 0.30 avg_spd=2.03m/s end=goal t= 7310.0s
[TRAIN][PPO] ep=426/500 r=  619.72 avg10=  615.29 steps=1510 succ10=1.00 touch10=1.00 col10=0.00 to10=0.00 min_d= 0.30 avg_spd=2.02m/s end=goal t= 7329.1s
[TRAIN][PPO] ep=427/500 r=  614.76 avg10=  615.86 steps=1493 succ10=1.00 touch10=1.00 col10=0.00 to10=0.00 min_d= 0.30 avg_spd=2.00m/s end=goal t= 7347.7s
[TRAIN][PPO] ep=428/500 r=  608.93 avg10=  614.48 steps=1481 succ10=1.00 touch10=1.00 col10=0.00 to10=0.00 min_d= 0.30 avg_spd=2.01m/s end=goal t= 7369.1s
[TRAIN][PPO] ep=429/500 r=  618.65 avg10=  614.75 steps=1508 succ10=1.00 touch10=1.00 col10=0.00 to10=0.00 min_d= 0.30 avg_spd=2.02m/s end=goal t= 7388.0s
[TRAIN][PPO] ep=430/500 r=  603.87 avg10=  612.99 steps=1463 succ10=1.00 touch10=1.00 col10=0.00 to10=0.00 min_d= 0.30 avg_spd=2.01m/s end=goal t= 7406.5s
[TRAIN][PPO] ep=431/500 r=  610.90 avg10=  612.98 steps=1522 succ10=1.00 touch10=1.00 col10=0.00 to10=0.00 min_d= 0.30 avg_spd=1.99m/s end=goal t= 7425.5s
[TRAIN][PPO] ep=432/500 r=  168.55 avg10=  568.97 steps= 667 succ10=0.90 touch10=0.90 col10=0.10 to10=0.00 min_d= 2.30 avg_spd=2.04m/s end=collision t= 7435.6s
[TRAIN][PPO] ep=433/500 r=  623.71 avg10=  570.56 steps=1531 succ10=0.90 touch10=0.90 col10=0.10 to10=0.00 min_d= 0.30 avg_spd=2.00m/s end=goal t= 7455.2s
[TRAIN][PPO] ep=434/500 r=  196.79 avg10=  527.80 steps= 751 succ10=0.80 touch10=0.80 col10=0.20 to10=0.00 min_d= 2.16 avg_spd=1.98m/s end=collision t= 7465.0s
[TRAIN][PPO] ep=435/500 r=  167.41 avg10=  483.33 steps= 651 succ10=0.70 touch10=0.70 col10=0.30 to10=0.00 min_d= 2.36 avg_spd=2.02m/s end=collision t= 7473.5s
[TRAIN][PPO] ep=436/500 r=  191.60 avg10=  440.52 steps= 741 succ10=0.60 touch10=0.60 col10=0.40 to10=0.00 min_d= 2.18 avg_spd=2.02m/s end=collision t= 7484.0s
[TRAIN][PPO] ep=437/500 r=  626.54 avg10=  441.70 steps=1540 succ10=0.60 touch10=0.60 col10=0.40 to10=0.00 min_d= 0.30 avg_spd=2.00m/s end=goal t= 7503.2s
[TRAIN][PPO] ep=438/500 r=  171.70 avg10=  397.97 steps= 662 succ10=0.50 touch10=0.50 col10=0.50 to10=0.00 min_d= 2.36 avg_spd=2.02m/s end=collision t= 7511.5s
[TRAIN][PPO] ep=439/500 r=  608.54 avg10=  396.96 steps=1488 succ10=0.50 touch10=0.50 col10=0.50 to10=0.00 min_d= 0.30 avg_spd=2.02m/s end=goal t= 7530.2s
[TRAIN][PPO] ep=440/500 r=  159.98 avg10=  352.57 steps= 639 succ10=0.40 touch10=0.40 col10=0.60 to10=0.00 min_d= 2.34 avg_spd=2.03m/s end=collision t= 7540.2s
[TRAIN][PPO] ep=441/500 r=  622.16 avg10=  353.70 steps=1532 succ10=0.40 touch10=0.40 col10=0.60 to10=0.00 min_d= 0.30 avg_spd=2.01m/s end=goal t= 7559.6s
[TRAIN][PPO] ep=442/500 r=  604.80 avg10=  397.32 steps=1465 succ10=0.50 touch10=0.50 col10=0.50 to10=0.00 min_d= 0.30 avg_spd=2.01m/s end=goal t= 7577.5s
[TRAIN][PPO] ep=443/500 r=  620.26 avg10=  396.98 steps=1517 succ10=0.50 touch10=0.50 col10=0.50 to10=0.00 min_d= 0.30 avg_spd=2.02m/s end=goal t= 7595.5s
[TRAIN][PPO] ep=444/500 r=  624.18 avg10=  439.72 steps=1536 succ10=0.60 touch10=0.60 col10=0.40 to10=0.00 min_d= 0.30 avg_spd=2.00m/s end=goal t= 7615.5s
[TRAIN][PPO] ep=445/500 r=  616.34 avg10=  484.61 steps=1504 succ10=0.70 touch10=0.70 col10=0.30 to10=0.00 min_d= 0.30 avg_spd=2.02m/s end=goal t= 7634.0s
[TRAIN][PPO] ep=446/500 r=  182.84 avg10=  483.74 steps= 697 succ10=0.70 touch10=0.70 col10=0.30 to10=0.00 min_d= 2.27 avg_spd=2.01m/s end=collision t= 7642.8s
[TRAIN][PPO] ep=447/500 r=  610.29 avg10=  482.11 steps=1498 succ10=0.70 touch10=0.70 col10=0.30 to10=0.00 min_d= 0.30 avg_spd=2.01m/s end=goal t= 7661.8s
[TRAIN][PPO] ep=448/500 r=  162.10 avg10=  481.15 steps= 632 succ10=0.70 touch10=0.70 col10=0.30 to10=0.00 min_d= 2.36 avg_spd=2.04m/s end=collision t= 7671.4s
[TRAIN][PPO] ep=449/500 r=  604.08 avg10=  480.70 steps=1473 succ10=0.70 touch10=0.70 col10=0.30 to10=0.00 min_d= 0.30 avg_spd=2.01m/s end=goal t= 7690.3s
[TRAIN][PPO] ep=450/500 r=  189.92 avg10=  483.70 steps= 719 succ10=0.70 touch10=0.70 col10=0.30 to10=0.00 min_d= 2.28 avg_spd=2.00m/s end=collision t= 7699.4s
[TRAIN][PPO] ep=451/500 r=  616.73 avg10=  483.16 steps=1514 succ10=0.70 touch10=0.70 col10=0.30 to10=0.00 min_d= 0.30 avg_spd=2.04m/s end=goal t= 7718.5s
[TRAIN][PPO] ep=452/500 r=  602.68 avg10=  482.94 steps=1464 succ10=0.70 touch10=0.70 col10=0.30 to10=0.00 min_d= 0.30 avg_spd=2.03m/s end=goal t= 7738.8s
[TRAIN][PPO] ep=453/500 r=  158.96 avg10=  436.81 steps= 648 succ10=0.60 touch10=0.60 col10=0.40 to10=0.00 min_d= 2.32 avg_spd=2.04m/s end=collision t= 7746.8s
[TRAIN][PPO] ep=454/500 r=  177.23 avg10=  392.12 steps= 693 succ10=0.50 touch10=0.50 col10=0.50 to10=0.00 min_d= 2.35 avg_spd=2.01m/s end=collision t= 7755.5s
[TRAIN][PPO] ep=455/500 r=  157.71 avg10=  346.26 steps= 628 succ10=0.40 touch10=0.40 col10=0.60 to10=0.00 min_d= 2.36 avg_spd=2.03m/s end=collision t= 7763.3s
[TRAIN][PPO] ep=456/500 r=  595.65 avg10=  387.54 steps=1503 succ10=0.50 touch10=0.50 col10=0.50 to10=0.00 min_d= 0.30 avg_spd=2.02m/s end=goal t= 7784.0s
[TRAIN][PPO] ep=457/500 r=  623.25 avg10=  388.83 steps=1531 succ10=0.50 touch10=0.50 col10=0.50 to10=0.00 min_d= 0.30 avg_spd=2.01m/s end=goal t= 7802.2s
[TRAIN][PPO] ep=458/500 r=  181.66 avg10=  390.79 steps= 703 succ10=0.50 touch10=0.50 col10=0.50 to10=0.00 min_d= 2.36 avg_spd=1.97m/s end=collision t= 7811.1s
[TRAIN][PPO] ep=459/500 r=  607.14 avg10=  391.09 steps=1505 succ10=0.50 touch10=0.50 col10=0.50 to10=0.00 min_d= 0.30 avg_spd=2.00m/s end=goal t= 7829.9s
[TRAIN][PPO] ep=460/500 r=  615.78 avg10=  433.68 steps=1508 succ10=0.60 touch10=0.60 col10=0.40 to10=0.00 min_d= 0.30 avg_spd=2.01m/s end=goal t= 7851.2s
[TRAIN][PPO] ep=461/500 r=  610.59 avg10=  433.07 steps=1517 succ10=0.60 touch10=0.60 col10=0.40 to10=0.00 min_d= 0.30 avg_spd=1.98m/s end=goal t= 7870.5s
[TRAIN][PPO] ep=462/500 r=  615.74 avg10=  434.37 steps=1507 succ10=0.60 touch10=0.60 col10=0.40 to10=0.00 min_d= 0.30 avg_spd=2.01m/s end=goal t= 7889.8s
[TRAIN][PPO] ep=463/500 r=  605.91 avg10=  479.07 steps=1506 succ10=0.70 touch10=0.70 col10=0.30 to10=0.00 min_d= 0.30 avg_spd=2.00m/s end=goal t= 7908.9s
[TRAIN][PPO] ep=464/500 r=  609.76 avg10=  522.32 steps=1490 succ10=0.80 touch10=0.80 col10=0.20 to10=0.00 min_d= 0.30 avg_spd=2.00m/s end=goal t= 7931.4s
[TRAIN][PPO] ep=465/500 r=  605.04 avg10=  567.05 steps=1482 succ10=0.90 touch10=0.90 col10=0.10 to10=0.00 min_d= 0.30 avg_spd=2.01m/s end=goal t= 7950.4s
[TRAIN][PPO] ep=466/500 r=  601.23 avg10=  567.61 steps=1483 succ10=0.90 touch10=0.90 col10=0.10 to10=0.00 min_d= 0.30 avg_spd=2.02m/s end=goal t= 7968.7s
[TRAIN][PPO] ep=467/500 r=  167.54 avg10=  522.04 steps= 653 succ10=0.80 touch10=0.80 col10=0.20 to10=0.00 min_d= 2.34 avg_spd=2.05m/s end=collision t= 7976.7s
[TRAIN][PPO] ep=468/500 r=  185.84 avg10=  522.46 steps= 722 succ10=0.80 touch10=0.80 col10=0.20 to10=0.00 min_d= 2.18 avg_spd=2.03m/s end=collision t= 7988.3s
[TRAIN][PPO] ep=469/500 r=  616.39 avg10=  523.38 steps=1506 succ10=0.80 touch10=0.80 col10=0.20 to10=0.00 min_d= 0.30 avg_spd=2.02m/s end=goal t= 8007.4s
[TRAIN][PPO] ep=470/500 r=  606.13 avg10=  522.42 steps=1497 succ10=0.80 touch10=0.80 col10=0.20 to10=0.00 min_d= 0.30 avg_spd=2.03m/s end=goal t= 8026.6s
[TRAIN][PPO] ep=471/500 r=  601.78 avg10=  521.54 steps=1468 succ10=0.80 touch10=0.80 col10=0.20 to10=0.00 min_d= 0.30 avg_spd=2.02m/s end=goal t= 8045.3s
[TRAIN][PPO] ep=472/500 r=  603.07 avg10=  520.27 steps=1461 succ10=0.80 touch10=0.80 col10=0.20 to10=0.00 min_d= 0.30 avg_spd=2.02m/s end=goal t= 8066.6s
[TRAIN][PPO] ep=473/500 r=  623.46 avg10=  522.02 steps=1498 succ10=0.80 touch10=0.80 col10=0.20 to10=0.00 min_d= 0.30 avg_spd=2.02m/s end=goal t= 8085.7s
[TRAIN][PPO] ep=474/500 r=  622.24 avg10=  523.27 steps=1521 succ10=0.80 touch10=0.80 col10=0.20 to10=0.00 min_d= 0.30 avg_spd=2.01m/s end=goal t= 8104.7s
[TRAIN][PPO] ep=475/500 r=  605.52 avg10=  523.32 steps=1461 succ10=0.80 touch10=0.80 col10=0.20 to10=0.00 min_d= 0.30 avg_spd=2.01m/s end=goal t= 8122.1s
[TRAIN][PPO] ep=476/500 r=  613.92 avg10=  524.59 steps=1497 succ10=0.80 touch10=0.80 col10=0.20 to10=0.00 min_d= 0.30 avg_spd=2.01m/s end=goal t= 8143.2s
[TRAIN][PPO] ep=477/500 r=  611.27 avg10=  568.96 steps=1509 succ10=0.90 touch10=0.90 col10=0.10 to10=0.00 min_d= 0.30 avg_spd=1.99m/s end=goal t= 8162.1s
[TRAIN][PPO] ep=478/500 r=  604.77 avg10=  610.86 steps=1450 succ10=1.00 touch10=1.00 col10=0.00 to10=0.00 min_d= 0.30 avg_spd=2.03m/s end=goal t= 8180.3s
[TRAIN][PPO] ep=479/500 r=  624.53 avg10=  611.67 steps=1567 succ10=1.00 touch10=1.00 col10=0.00 to10=0.00 min_d= 0.30 avg_spd=1.99m/s end=goal t= 8200.2s
[TRAIN][PPO] ep=480/500 r=  615.29 avg10=  612.59 steps=1523 succ10=1.00 touch10=1.00 col10=0.00 to10=0.00 min_d= 0.30 avg_spd=2.01m/s end=goal t= 8221.3s
[TRAIN][PPO] ep=481/500 r=  601.03 avg10=  612.51 steps=1459 succ10=1.00 touch10=1.00 col10=0.00 to10=0.00 min_d= 0.30 avg_spd=2.02m/s end=goal t= 8239.6s
[TRAIN][PPO] ep=482/500 r=  610.54 avg10=  613.26 steps=1483 succ10=1.00 touch10=1.00 col10=0.00 to10=0.00 min_d= 0.30 avg_spd=2.02m/s end=goal t= 8258.2s
[TRAIN][PPO] ep=483/500 r=  619.10 avg10=  612.82 steps=1502 succ10=1.00 touch10=1.00 col10=0.00 to10=0.00 min_d= 0.30 avg_spd=2.02m/s end=goal t= 8277.3s
[TRAIN][PPO] ep=484/500 r=  616.00 avg10=  612.20 steps=1508 succ10=1.00 touch10=1.00 col10=0.00 to10=0.00 min_d= 0.30 avg_spd=2.03m/s end=goal t= 8297.7s
[TRAIN][PPO] ep=485/500 r=  611.68 avg10=  612.81 steps=1481 succ10=1.00 touch10=1.00 col10=0.00 to10=0.00 min_d= 0.30 avg_spd=2.02m/s end=goal t= 8316.0s
[TRAIN][PPO] ep=486/500 r=  605.43 avg10=  611.96 steps=1462 succ10=1.00 touch10=1.00 col10=0.00 to10=0.00 min_d= 0.30 avg_spd=2.04m/s end=goal t= 8334.7s
[TRAIN][PPO] ep=487/500 r=  606.12 avg10=  611.45 steps=1469 succ10=1.00 touch10=1.00 col10=0.00 to10=0.00 min_d= 0.30 avg_spd=2.02m/s end=goal t= 8352.8s
[TRAIN][PPO] ep=488/500 r=  619.72 avg10=  612.94 steps=1507 succ10=1.00 touch10=1.00 col10=0.00 to10=0.00 min_d= 0.30 avg_spd=2.01m/s end=goal t= 8373.4s
[TRAIN][PPO] ep=489/500 r=  623.17 avg10=  612.81 steps=1507 succ10=1.00 touch10=1.00 col10=0.00 to10=0.00 min_d= 0.30 avg_spd=2.02m/s end=goal t= 8392.3s
[TRAIN][PPO] ep=490/500 r=  616.67 avg10=  612.94 steps=1487 succ10=1.00 touch10=1.00 col10=0.00 to10=0.00 min_d= 0.30 avg_spd=2.03m/s end=goal t= 8411.2s
[TRAIN][PPO] ep=491/500 r=  616.38 avg10=  614.48 steps=1473 succ10=1.00 touch10=1.00 col10=0.00 to10=0.00 min_d= 0.30 avg_spd=2.03m/s end=goal t= 8429.7s
[TRAIN][PPO] ep=492/500 r=  601.64 avg10=  613.59 steps=1430 succ10=1.00 touch10=1.00 col10=0.00 to10=0.00 min_d= 0.30 avg_spd=2.06m/s end=goal t= 8449.7s
[TRAIN][PPO] ep=493/500 r=  616.91 avg10=  613.37 steps=1482 succ10=1.00 touch10=1.00 col10=0.00 to10=0.00 min_d= 0.30 avg_spd=2.02m/s end=goal t= 8468.0s
[TRAIN][PPO] ep=494/500 r=  599.91 avg10=  611.76 steps=1452 succ10=1.00 touch10=1.00 col10=0.00 to10=0.00 min_d= 0.30 avg_spd=2.03m/s end=goal t= 8486.1s
[TRAIN][PPO] ep=495/500 r=  618.29 avg10=  612.42 steps=1508 succ10=1.00 touch10=1.00 col10=0.00 to10=0.00 min_d= 0.30 avg_spd=2.02m/s end=goal t= 8505.3s
[TRAIN][PPO] ep=496/500 r=  614.11 avg10=  613.29 steps=1463 succ10=1.00 touch10=1.00 col10=0.00 to10=0.00 min_d= 0.30 avg_spd=2.04m/s end=goal t= 8525.2s
[TRAIN][PPO] ep=497/500 r=  617.57 avg10=  614.44 steps=1486 succ10=1.00 touch10=1.00 col10=0.00 to10=0.00 min_d= 0.30 avg_spd=2.03m/s end=goal t= 8544.3s
[TRAIN][PPO] ep=498/500 r=  599.80 avg10=  612.44 steps=1443 succ10=1.00 touch10=1.00 col10=0.00 to10=0.00 min_d= 0.30 avg_spd=2.03m/s end=goal t= 8563.0s
[TRAIN][PPO] ep=499/500 r=  604.69 avg10=  610.60 steps=1471 succ10=1.00 touch10=1.00 col10=0.00 to10=0.00 min_d= 0.30 avg_spd=2.03m/s end=goal t= 8581.5s
INFO: PPO: Terminating.
[RUN] completed stage checkpoint=/uio/hume/student-u79/esbrovol/fys5429/DRL-Obstacle-Avoidance/controllers/PPO/checkpoints/20260525_141956_gru_seed01_stage02_train_2_one_obs/final_20260525_141956_gru_seed01_stage02_train_2_one_obs.pth
[RUN] arch=gru seed=1 stage=3/10 world=/uio/hume/student-u79/esbrovol/fys5429/DRL-Obstacle-Avoidance/worlds/training/train_3_three_obs.wbt
[RUN] resuming from /uio/hume/student-u79/esbrovol/fys5429/DRL-Obstacle-Avoidance/controllers/PPO/checkpoints/20260525_141956_gru_seed01_stage02_train_2_one_obs/final_20260525_141956_gru_seed01_stage02_train_2_one_obs.pth
INFO: PPO: Starting controller: python3 -u PPO.py
[PPO] Using architecture: GRU
[PPO] Loaded architecture: GRU
[TRAIN][PPO] arch=GRU weights_dir=/uio/hume/student-u79/esbrovol/fys5429/DRL-Obstacle-Avoidance/controllers/PPO/checkpoints/20260525_141956_gru_seed01_stage03_train_3_three_obs final=/uio/hume/student-u79/esbrovol/fys5429/DRL-Obstacle-Avoidance/controllers/PPO/checkpoints/20260525_141956_gru_seed01_stage03_train_3_three_obs/final_20260525_141956_gru_seed01_stage03_train_3_three_obs.pth
[TRAIN][PPO] episodes=500 update_every=4 obs=31 act=2 cell=GRU seq=32 burn_in=8
[TRAIN][PPO] ep=001/500 r=  305.85 avg10=  305.85 steps=1037 succ10=0.00 touch10=0.00 col10=1.00 to10=0.00 min_d= 1.41 avg_spd=2.02m/s end=collision t=   13.3s ckpt=best
[TRAIN][PPO] ep=002/500 r=  304.87 avg10=  305.36 steps=1033 succ10=0.00 touch10=0.00 col10=1.00 to10=0.00 min_d= 1.41 avg_spd=2.04m/s end=collision t=   25.9s
[TRAIN][PPO] ep=003/500 r=  301.23 avg10=  303.98 steps=1026 succ10=0.00 touch10=0.00 col10=1.00 to10=0.00 min_d= 1.38 avg_spd=2.03m/s end=collision t=   38.2s
[TRAIN][PPO] ep=004/500 r=  308.23 avg10=  305.04 steps=1056 succ10=0.00 touch10=0.00 col10=1.00 to10=0.00 min_d= 1.40 avg_spd=2.01m/s end=collision t=   52.8s ckpt=best
[TRAIN][PPO] ep=005/500 r=  298.68 avg10=  303.77 steps=1012 succ10=0.00 touch10=0.00 col10=1.00 to10=0.00 min_d= 1.37 avg_spd=2.04m/s end=collision t=   65.7s
[TRAIN][PPO] ep=006/500 r=  309.20 avg10=  304.68 steps=1053 succ10=0.00 touch10=0.00 col10=1.00 to10=0.00 min_d= 1.40 avg_spd=2.02m/s end=collision t=   78.9s ckpt=best
[TRAIN][PPO] ep=007/500 r=  295.99 avg10=  303.44 steps=1007 succ10=0.00 touch10=0.00 col10=1.00 to10=0.00 min_d= 1.36 avg_spd=2.03m/s end=collision t=   91.6s
[TRAIN][PPO] ep=008/500 r=  293.55 avg10=  302.20 steps=1005 succ10=0.00 touch10=0.00 col10=1.00 to10=0.00 min_d= 1.39 avg_spd=2.03m/s end=collision t=  105.2s
[TRAIN][PPO] ep=009/500 r=  315.81 avg10=  303.71 steps=1081 succ10=0.00 touch10=0.00 col10=1.00 to10=0.00 min_d= 1.36 avg_spd=2.02m/s end=collision t=  119.4s ckpt=best
[TRAIN][PPO] ep=010/500 r=  622.05 avg10=  335.55 steps=1536 succ10=0.10 touch10=0.10 col10=0.90 to10=0.00 min_d= 0.30 avg_spd=2.00m/s end=goal t=  139.2s ckpt=best_goal
[TRAIN][PPO] ep=011/500 r=  301.86 avg10=  335.15 steps=1025 succ10=0.10 touch10=0.10 col10=0.90 to10=0.00 min_d= 1.38 avg_spd=2.03m/s end=collision t=  152.2s
[TRAIN][PPO] ep=012/500 r=  299.56 avg10=  334.62 steps=1027 succ10=0.10 touch10=0.10 col10=0.90 to10=0.00 min_d= 1.40 avg_spd=2.00m/s end=collision t=  167.4s
[TRAIN][PPO] ep=013/500 r=  608.51 avg10=  365.34 steps=1538 succ10=0.20 touch10=0.20 col10=0.80 to10=0.00 min_d= 0.30 avg_spd=1.99m/s end=goal t=  186.8s
[TRAIN][PPO] ep=014/500 r=  307.96 avg10=  365.32 steps=1053 succ10=0.20 touch10=0.20 col10=0.80 to10=0.00 min_d= 1.41 avg_spd=2.00m/s end=collision t=  200.4s
[TRAIN][PPO] ep=015/500 r=  307.21 avg10=  366.17 steps=1046 succ10=0.20 touch10=0.20 col10=0.80 to10=0.00 min_d= 1.39 avg_spd=2.00m/s end=collision t=  214.0s
[TRAIN][PPO] ep=016/500 r=  307.23 avg10=  365.97 steps=1046 succ10=0.20 touch10=0.20 col10=0.80 to10=0.00 min_d= 1.40 avg_spd=2.01m/s end=collision t=  228.6s
[TRAIN][PPO] ep=017/500 r=  297.08 avg10=  366.08 steps=1005 succ10=0.20 touch10=0.20 col10=0.80 to10=0.00 min_d= 1.39 avg_spd=2.04m/s end=collision t=  241.6s
[TRAIN][PPO] ep=018/500 r=  294.88 avg10=  366.22 steps= 997 succ10=0.20 touch10=0.20 col10=0.80 to10=0.00 min_d= 1.46 avg_spd=2.02m/s end=collision t=  254.3s
[TRAIN][PPO] ep=019/500 r=  311.06 avg10=  365.74 steps=1061 succ10=0.20 touch10=0.20 col10=0.80 to10=0.00 min_d= 1.39 avg_spd=2.01m/s end=collision t=  267.7s
[TRAIN][PPO] ep=020/500 r=  313.85 avg10=  334.92 steps=1065 succ10=0.10 touch10=0.10 col10=0.90 to10=0.00 min_d= 1.37 avg_spd=2.02m/s end=collision t=  283.8s
[TRAIN][PPO] ep=021/500 r=  296.40 avg10=  334.37 steps=1005 succ10=0.10 touch10=0.10 col10=0.90 to10=0.00 min_d= 1.45 avg_spd=2.03m/s end=collision t=  296.8s
[TRAIN][PPO] ep=022/500 r=  298.15 avg10=  334.23 steps=1050 succ10=0.10 touch10=0.10 col10=0.90 to10=0.00 min_d= 1.40 avg_spd=2.01m/s end=collision t=  309.3s
[TRAIN][PPO] ep=023/500 r=  300.54 avg10=  303.44 steps=1031 succ10=0.00 touch10=0.00 col10=1.00 to10=0.00 min_d= 1.41 avg_spd=2.01m/s end=collision t=  321.2s
[TRAIN][PPO] ep=024/500 r=  303.87 avg10=  303.03 steps=1042 succ10=0.00 touch10=0.00 col10=1.00 to10=0.00 min_d= 1.45 avg_spd=2.01m/s end=collision t=  335.4s
[TRAIN][PPO] ep=025/500 r=  617.38 avg10=  334.04 steps=1500 succ10=0.10 touch10=0.10 col10=0.90 to10=0.00 min_d= 0.30 avg_spd=2.02m/s end=goal t=  354.6s
[TRAIN][PPO] ep=026/500 r=   58.51 avg10=  309.17 steps= 333 succ10=0.10 touch10=0.10 col10=0.90 to10=0.00 min_d= 3.08 avg_spd=2.05m/s end=collision t=  358.9s
[TRAIN][PPO] ep=027/500 r=  609.78 avg10=  340.44 steps=1472 succ10=0.20 touch10=0.20 col10=0.80 to10=0.00 min_d= 0.30 avg_spd=2.02m/s end=goal t=  377.7s
[TRAIN][PPO] ep=028/500 r=  309.29 avg10=  341.88 steps=1061 succ10=0.20 touch10=0.20 col10=0.80 to10=0.00 min_d= 1.38 avg_spd=2.02m/s end=collision t=  393.2s
[TRAIN][PPO] ep=029/500 r=  294.06 avg10=  340.18 steps=1006 succ10=0.20 touch10=0.20 col10=0.80 to10=0.00 min_d= 1.39 avg_spd=2.02m/s end=collision t=  406.3s
[TRAIN][PPO] ep=030/500 r=  313.97 avg10=  340.20 steps=1070 succ10=0.20 touch10=0.20 col10=0.80 to10=0.00 min_d= 1.38 avg_spd=2.01m/s end=collision t=  420.2s
[TRAIN][PPO] ep=031/500 r=  298.52 avg10=  340.41 steps=1019 succ10=0.20 touch10=0.20 col10=0.80 to10=0.00 min_d= 1.45 avg_spd=1.99m/s end=collision t=  433.3s
[TRAIN][PPO] ep=032/500 r=  294.40 avg10=  340.03 steps=1017 succ10=0.20 touch10=0.20 col10=0.80 to10=0.00 min_d= 1.40 avg_spd=2.00m/s end=collision t=  448.4s
[TRAIN][PPO] ep=033/500 r=  612.20 avg10=  371.20 steps=1507 succ10=0.30 touch10=0.30 col10=0.70 to10=0.00 min_d= 0.30 avg_spd=2.00m/s end=goal t=  467.9s
[TRAIN][PPO] ep=034/500 r=  296.75 avg10=  370.49 steps=1036 succ10=0.30 touch10=0.30 col10=0.70 to10=0.00 min_d= 1.38 avg_spd=2.01m/s end=collision t=  481.3s
[TRAIN][PPO] ep=035/500 r=  615.12 avg10=  370.26 steps=1532 succ10=0.30 touch10=0.30 col10=0.70 to10=0.00 min_d= 0.30 avg_spd=1.98m/s end=goal t=  500.8s
[TRAIN][PPO] ep=036/500 r=  609.87 avg10=  425.39 steps=1514 succ10=0.40 touch10=0.40 col10=0.60 to10=0.00 min_d= 0.30 avg_spd=2.00m/s end=goal t=  522.5s
[TRAIN][PPO] ep=037/500 r=  309.11 avg10=  395.33 steps=1066 succ10=0.30 touch10=0.30 col10=0.70 to10=0.00 min_d= 1.38 avg_spd=2.02m/s end=collision t=  536.4s
[TRAIN][PPO] ep=038/500 r=  314.27 avg10=  395.83 steps=1077 succ10=0.30 touch10=0.30 col10=0.70 to10=0.00 min_d= 1.40 avg_spd=1.99m/s end=collision t=  550.2s
[TRAIN][PPO] ep=039/500 r=  298.36 avg10=  396.26 steps=1024 succ10=0.30 touch10=0.30 col10=0.70 to10=0.00 min_d= 1.39 avg_spd=1.99m/s end=collision t=  563.5s
[TRAIN][PPO] ep=040/500 r=  378.67 avg10=  402.73 steps=1355 succ10=0.30 touch10=0.30 col10=0.70 to10=0.00 min_d= 0.93 avg_spd=1.99m/s end=collision t=  583.6s
[TRAIN][PPO] ep=041/500 r=  307.10 avg10=  403.58 steps=1050 succ10=0.30 touch10=0.30 col10=0.70 to10=0.00 min_d= 1.40 avg_spd=2.01m/s end=collision t=  596.8s
[TRAIN][PPO] ep=042/500 r=  302.91 avg10=  404.43 steps=1038 succ10=0.30 touch10=0.30 col10=0.70 to10=0.00 min_d= 1.41 avg_spd=2.00m/s end=collision t=  610.2s
[TRAIN][PPO] ep=043/500 r=  305.77 avg10=  373.79 steps=1082 succ10=0.20 touch10=0.20 col10=0.80 to10=0.00 min_d= 1.41 avg_spd=1.99m/s end=collision t=  624.2s
[TRAIN][PPO] ep=044/500 r=  297.33 avg10=  373.85 steps=1017 succ10=0.20 touch10=0.20 col10=0.80 to10=0.00 min_d= 1.43 avg_spd=2.01m/s end=collision t=  638.4s
[TRAIN][PPO] ep=045/500 r=  311.61 avg10=  343.50 steps=1061 succ10=0.10 touch10=0.10 col10=0.90 to10=0.00 min_d= 1.38 avg_spd=2.02m/s end=collision t=  652.1s
[TRAIN][PPO] ep=046/500 r=  366.86 avg10=  319.20 steps=1270 succ10=0.00 touch10=0.00 col10=1.00 to10=0.00 min_d= 0.89 avg_spd=2.00m/s end=collision t=  668.0s
[TRAIN][PPO] ep=047/500 r=  622.78 avg10=  350.57 steps=1539 succ10=0.10 touch10=0.10 col10=0.90 to10=0.00 min_d= 0.30 avg_spd=2.00m/s end=goal t=  687.7s ckpt=best_goal
[TRAIN][PPO] ep=048/500 r=  310.09 avg10=  350.15 steps=1045 succ10=0.10 touch10=0.10 col10=0.90 to10=0.00 min_d= 1.42 avg_spd=2.01m/s end=collision t=  702.8s
[TRAIN][PPO] ep=049/500 r=  610.70 avg10=  381.38 steps=1491 succ10=0.20 touch10=0.20 col10=0.80 to10=0.00 min_d= 0.30 avg_spd=2.00m/s end=goal t=  721.6s
[TRAIN][PPO] ep=050/500 r=  319.57 avg10=  375.47 steps=1092 succ10=0.20 touch10=0.20 col10=0.80 to10=0.00 min_d= 1.38 avg_spd=1.98m/s end=collision t=  735.7s
[TRAIN][PPO] ep=051/500 r=  309.92 avg10=  375.75 steps=1053 succ10=0.20 touch10=0.20 col10=0.80 to10=0.00 min_d= 1.40 avg_spd=2.00m/s end=collision t=  749.1s
[TRAIN][PPO] ep=052/500 r=  307.45 avg10=  376.21 steps=1073 succ10=0.20 touch10=0.20 col10=0.80 to10=0.00 min_d= 1.41 avg_spd=2.00m/s end=collision t=  763.7s
[TRAIN][PPO] ep=053/500 r=  295.89 avg10=  375.22 steps=1001 succ10=0.20 touch10=0.20 col10=0.80 to10=0.00 min_d= 1.42 avg_spd=2.00m/s end=collision t=  776.6s
[TRAIN][PPO] ep=054/500 r=  613.30 avg10=  406.82 steps=1485 succ10=0.30 touch10=0.30 col10=0.70 to10=0.00 min_d= 0.30 avg_spd=2.01m/s end=goal t=  796.4s
[TRAIN][PPO] ep=055/500 r=  623.41 avg10=  438.00 steps=1533 succ10=0.40 touch10=0.40 col10=0.60 to10=0.00 min_d= 0.30 avg_spd=2.00m/s end=goal t=  816.5s ckpt=best_goal
[TRAIN][PPO] ep=056/500 r=  304.59 avg10=  431.77 steps=1036 succ10=0.40 touch10=0.40 col10=0.60 to10=0.00 min_d= 1.39 avg_spd=2.00m/s end=collision t=  831.8s
[TRAIN][PPO] ep=057/500 r=  599.29 avg10=  429.42 steps=1439 succ10=0.40 touch10=0.40 col10=0.60 to10=0.00 min_d= 0.30 avg_spd=2.03m/s end=goal t=  850.9s
[TRAIN][PPO] ep=058/500 r=  617.34 avg10=  460.14 steps=1526 succ10=0.50 touch10=0.50 col10=0.50 to10=0.00 min_d= 0.30 avg_spd=1.99m/s end=goal t=  871.2s
[TRAIN][PPO] ep=059/500 r=  310.71 avg10=  430.15 steps=1044 succ10=0.40 touch10=0.40 col10=0.60 to10=0.00 min_d= 1.39 avg_spd=2.01m/s end=collision t=  885.1s
[TRAIN][PPO] ep=060/500 r=  309.05 avg10=  429.09 steps=1054 succ10=0.40 touch10=0.40 col10=0.60 to10=0.00 min_d= 1.36 avg_spd=1.99m/s end=collision t=  900.5s
[TRAIN][PPO] ep=061/500 r=  615.09 avg10=  459.61 steps=1515 succ10=0.50 touch10=0.50 col10=0.50 to10=0.00 min_d= 0.30 avg_spd=2.03m/s end=goal t=  920.2s
[TRAIN][PPO] ep=062/500 r=  615.58 avg10=  490.42 steps=1501 succ10=0.60 touch10=0.60 col10=0.40 to10=0.00 min_d= 0.30 avg_spd=2.03m/s end=goal t=  940.1s
[TRAIN][PPO] ep=063/500 r=  607.07 avg10=  521.54 steps=1464 succ10=0.70 touch10=0.70 col10=0.30 to10=0.00 min_d= 0.30 avg_spd=2.01m/s end=goal t=  959.7s
[TRAIN][PPO] ep=064/500 r=  607.05 avg10=  520.92 steps=1509 succ10=0.70 touch10=0.70 col10=0.30 to10=0.00 min_d= 0.30 avg_spd=2.01m/s end=goal t=  981.5s
[TRAIN][PPO] ep=065/500 r=  604.33 avg10=  519.01 steps=1481 succ10=0.70 touch10=0.70 col10=0.30 to10=0.00 min_d= 0.30 avg_spd=2.01m/s end=goal t= 1001.1s
[TRAIN][PPO] ep=066/500 r=  171.33 avg10=  505.68 steps= 687 succ10=0.70 touch10=0.70 col10=0.30 to10=0.00 min_d= 2.27 avg_spd=2.03m/s end=collision t= 1010.4s
[TRAIN][PPO] ep=067/500 r=   63.50 avg10=  452.10 steps= 338 succ10=0.60 touch10=0.60 col10=0.40 to10=0.00 min_d= 3.08 avg_spd=2.06m/s end=collision t= 1015.0s
[TRAIN][PPO] ep=068/500 r=  616.20 avg10=  451.99 steps=1535 succ10=0.60 touch10=0.60 col10=0.40 to10=0.00 min_d= 0.30 avg_spd=2.00m/s end=goal t= 1036.2s
[TRAIN][PPO] ep=069/500 r=  598.18 avg10=  480.74 steps=1502 succ10=0.70 touch10=0.70 col10=0.30 to10=0.00 min_d= 0.30 avg_spd=2.04m/s end=goal t= 1055.8s
[TRAIN][PPO] ep=070/500 r=  620.33 avg10=  511.87 steps=1518 succ10=0.80 touch10=0.80 col10=0.20 to10=0.00 min_d= 0.30 avg_spd=2.00m/s end=goal t= 1075.8s
[TRAIN][PPO] ep=071/500 r=  617.14 avg10=  512.07 steps=1505 succ10=0.80 touch10=0.80 col10=0.20 to10=0.00 min_d= 0.30 avg_spd=2.03m/s end=goal t= 1095.8s
[TRAIN][PPO] ep=072/500 r=  612.30 avg10=  511.74 steps=1530 succ10=0.80 touch10=0.80 col10=0.20 to10=0.00 min_d= 0.30 avg_spd=2.04m/s end=goal t= 1118.2s
[TRAIN][PPO] ep=073/500 r=  623.95 avg10=  513.43 steps=1524 succ10=0.80 touch10=0.80 col10=0.20 to10=0.00 min_d= 0.30 avg_spd=2.01m/s end=goal t= 1138.5s ckpt=best_goal
[TRAIN][PPO] ep=074/500 r=  175.34 avg10=  470.26 steps= 683 succ10=0.70 touch10=0.70 col10=0.30 to10=0.00 min_d= 2.31 avg_spd=2.04m/s end=collision t= 1147.6s
[TRAIN][PPO] ep=075/500 r=  155.76 avg10=  425.40 steps= 628 succ10=0.60 touch10=0.60 col10=0.40 to10=0.00 min_d= 2.35 avg_spd=2.01m/s end=collision t= 1155.6s
[TRAIN][PPO] ep=076/500 r=  601.86 avg10=  468.46 steps=1473 succ10=0.70 touch10=0.70 col10=0.30 to10=0.00 min_d= 0.30 avg_spd=2.02m/s end=goal t= 1175.4s
[TRAIN][PPO] ep=077/500 r=  613.22 avg10=  523.43 steps=1490 succ10=0.80 touch10=0.80 col10=0.20 to10=0.00 min_d= 0.30 avg_spd=2.01m/s end=goal t= 1195.6s
[TRAIN][PPO] ep=078/500 r=  618.65 avg10=  523.67 steps=1525 succ10=0.80 touch10=0.80 col10=0.20 to10=0.00 min_d= 0.30 avg_spd=1.98m/s end=goal t= 1215.9s
[TRAIN][PPO] ep=079/500 r=   84.64 avg10=  472.32 steps= 446 succ10=0.70 touch10=0.70 col10=0.30 to10=0.00 min_d= 2.94 avg_spd=1.97m/s end=collision t= 1221.9s
[TRAIN][PPO] ep=080/500 r=  612.20 avg10=  471.51 steps=1486 succ10=0.70 touch10=0.70 col10=0.30 to10=0.00 min_d= 0.30 avg_spd=2.04m/s end=goal t= 1243.1s
[TRAIN][PPO] ep=081/500 r=  611.74 avg10=  470.97 steps=1544 succ10=0.70 touch10=0.70 col10=0.30 to10=0.00 min_d= 0.30 avg_spd=2.02m/s end=goal t= 1263.4s
[TRAIN][PPO] ep=082/500 r=  618.29 avg10=  471.57 steps=1537 succ10=0.70 touch10=0.70 col10=0.30 to10=0.00 min_d= 0.30 avg_spd=2.02m/s end=goal t= 1283.6s
[TRAIN][PPO] ep=083/500 r=   52.77 avg10=  414.45 steps= 337 succ10=0.60 touch10=0.60 col10=0.40 to10=0.00 min_d= 3.08 avg_spd=2.04m/s end=collision t= 1288.0s
[TRAIN][PPO] ep=084/500 r=  172.07 avg10=  414.12 steps= 666 succ10=0.60 touch10=0.60 col10=0.40 to10=0.00 min_d= 2.31 avg_spd=2.03m/s end=collision t= 1298.2s
[TRAIN][PPO] ep=085/500 r=  601.31 avg10=  458.68 steps=1456 succ10=0.70 touch10=0.70 col10=0.30 to10=0.00 min_d= 0.30 avg_spd=2.04m/s end=goal t= 1317.3s
[TRAIN][PPO] ep=086/500 r=  607.25 avg10=  459.21 steps=1518 succ10=0.70 touch10=0.70 col10=0.30 to10=0.00 min_d= 0.30 avg_spd=2.03m/s end=goal t= 1337.2s
[TRAIN][PPO] ep=087/500 r=  600.40 avg10=  457.93 steps=1505 succ10=0.70 touch10=0.70 col10=0.30 to10=0.00 min_d= 0.30 avg_spd=2.01m/s end=goal t= 1356.9s
[TRAIN][PPO] ep=088/500 r=  604.88 avg10=  456.55 steps=1471 succ10=0.70 touch10=0.70 col10=0.30 to10=0.00 min_d= 0.30 avg_spd=2.01m/s end=goal t= 1378.5s
[TRAIN][PPO] ep=089/500 r=  610.72 avg10=  509.16 steps=1495 succ10=0.80 touch10=0.80 col10=0.20 to10=0.00 min_d= 0.30 avg_spd=2.03m/s end=goal t= 1397.6s
[TRAIN][PPO] ep=090/500 r=  616.16 avg10=  509.56 steps=1511 succ10=0.80 touch10=0.80 col10=0.20 to10=0.00 min_d= 0.30 avg_spd=2.01m/s end=goal t= 1417.1s
[TRAIN][PPO] ep=091/500 r=  598.95 avg10=  508.28 steps=1538 succ10=0.80 touch10=0.80 col10=0.20 to10=0.00 min_d= 0.30 avg_spd=2.04m/s end=goal t= 1437.1s
[TRAIN][PPO] ep=092/500 r=  623.41 avg10=  508.79 steps=1524 succ10=0.80 touch10=0.80 col10=0.20 to10=0.00 min_d= 0.30 avg_spd=2.00m/s end=goal t= 1458.6s
[TRAIN][PPO] ep=093/500 r=  593.83 avg10=  562.90 steps=1545 succ10=0.90 touch10=0.90 col10=0.10 to10=0.00 min_d= 0.30 avg_spd=2.02m/s end=goal t= 1478.6s
[TRAIN][PPO] ep=094/500 r=  607.66 avg10=  606.46 steps=1485 succ10=1.00 touch10=1.00 col10=0.00 to10=0.00 min_d= 0.30 avg_spd=2.02m/s end=goal t= 1497.7s
[TRAIN][PPO] ep=095/500 r=  596.32 avg10=  605.96 steps=1516 succ10=1.00 touch10=1.00 col10=0.00 to10=0.00 min_d= 0.30 avg_spd=2.02m/s end=goal t= 1516.8s
[TRAIN][PPO] ep=096/500 r=  611.36 avg10=  606.37 steps=1507 succ10=1.00 touch10=1.00 col10=0.00 to10=0.00 min_d= 0.30 avg_spd=2.01m/s end=goal t= 1538.9s
[TRAIN][PPO] ep=097/500 r=  603.04 avg10=  606.63 steps=1484 succ10=1.00 touch10=1.00 col10=0.00 to10=0.00 min_d= 0.30 avg_spd=2.02m/s end=goal t= 1556.8s
[TRAIN][PPO] ep=098/500 r=  615.39 avg10=  607.68 steps=1519 succ10=1.00 touch10=1.00 col10=0.00 to10=0.00 min_d= 0.30 avg_spd=2.01m/s end=goal t= 1576.6s
[TRAIN][PPO] ep=099/500 r=  621.80 avg10=  608.79 steps=1545 succ10=1.00 touch10=1.00 col10=0.00 to10=0.00 min_d= 0.30 avg_spd=2.00m/s end=goal t= 1596.5s
[TRAIN][PPO] ep=100/500 r=  389.62 avg10=  586.14 steps=1371 succ10=0.90 touch10=0.90 col10=0.10 to10=0.00 min_d= 0.66 avg_spd=2.04m/s end=collision t= 1617.0s ckpt=latest
[TRAIN][PPO] ep=101/500 r=  603.99 avg10=  586.64 steps=1496 succ10=0.90 touch10=0.90 col10=0.10 to10=0.00 min_d= 0.30 avg_spd=2.03m/s end=goal t= 1636.7s
[TRAIN][PPO] ep=102/500 r=  613.58 avg10=  585.66 steps=1520 succ10=0.90 touch10=0.90 col10=0.10 to10=0.00 min_d= 0.30 avg_spd=2.02m/s end=goal t= 1656.4s
[TRAIN][PPO] ep=103/500 r=  599.73 avg10=  586.25 steps=1595 succ10=0.90 touch10=0.90 col10=0.10 to10=0.00 min_d= 0.30 avg_spd=2.02m/s end=goal t= 1677.7s
[TRAIN][PPO] ep=104/500 r=  619.11 avg10=  587.39 steps=1532 succ10=0.90 touch10=0.90 col10=0.10 to10=0.00 min_d= 0.30 avg_spd=2.01m/s end=goal t= 1700.0s
[TRAIN][PPO] ep=105/500 r=  605.49 avg10=  588.31 steps=1481 succ10=0.90 touch10=0.90 col10=0.10 to10=0.00 min_d= 0.30 avg_spd=2.04m/s end=goal t= 1718.9s
[TRAIN][PPO] ep=106/500 r=  607.05 avg10=  587.88 steps=1562 succ10=0.90 touch10=0.90 col10=0.10 to10=0.00 min_d= 0.30 avg_spd=2.03m/s end=goal t= 1739.2s
[TRAIN][PPO] ep=107/500 r=  608.28 avg10=  588.40 steps=1506 succ10=0.90 touch10=0.90 col10=0.10 to10=0.00 min_d= 0.30 avg_spd=2.02m/s end=goal t= 1758.6s
[TRAIN][PPO] ep=108/500 r=  607.12 avg10=  587.58 steps=1497 succ10=0.90 touch10=0.90 col10=0.10 to10=0.00 min_d= 0.30 avg_spd=2.03m/s end=goal t= 1781.9s
[TRAIN][PPO] ep=109/500 r=  594.67 avg10=  584.86 steps=1508 succ10=0.90 touch10=0.90 col10=0.10 to10=0.00 min_d= 0.30 avg_spd=2.05m/s end=goal t= 1801.6s
[TRAIN][PPO] ep=110/500 r=  607.20 avg10=  606.62 steps=1563 succ10=1.00 touch10=1.00 col10=0.00 to10=0.00 min_d= 0.30 avg_spd=2.04m/s end=goal t= 1821.9s
[TRAIN][PPO] ep=111/500 r=  603.66 avg10=  606.59 steps=1507 succ10=1.00 touch10=1.00 col10=0.00 to10=0.00 min_d= 0.30 avg_spd=2.03m/s end=goal t= 1841.2s
[TRAIN][PPO] ep=112/500 r=  597.33 avg10=  604.96 steps=1549 succ10=1.00 touch10=1.00 col10=0.00 to10=0.00 min_d= 0.30 avg_spd=2.05m/s end=goal t= 1864.3s
[TRAIN][PPO] ep=113/500 r=  595.70 avg10=  604.56 steps=1567 succ10=1.00 touch10=1.00 col10=0.00 to10=0.00 min_d= 0.30 avg_spd=2.03m/s end=goal t= 1884.4s
[TRAIN][PPO] ep=114/500 r=  604.00 avg10=  603.05 steps=1506 succ10=1.00 touch10=1.00 col10=0.00 to10=0.00 min_d= 0.30 avg_spd=2.01m/s end=goal t= 1903.5s
[TRAIN][PPO] ep=115/500 r=  598.68 avg10=  602.37 steps=1531 succ10=1.00 touch10=1.00 col10=0.00 to10=0.00 min_d= 0.30 avg_spd=2.03m/s end=goal t= 1923.4s
[TRAIN][PPO] ep=116/500 r=  589.11 avg10=  600.58 steps=1518 succ10=1.00 touch10=1.00 col10=0.00 to10=0.00 min_d= 0.30 avg_spd=2.04m/s end=goal t= 1945.0s
[TRAIN][PPO] ep=117/500 r=  602.07 avg10=  599.95 steps=1489 succ10=1.00 touch10=1.00 col10=0.00 to10=0.00 min_d= 0.30 avg_spd=2.03m/s end=goal t= 1964.0s
[TRAIN][PPO] ep=118/500 r=  601.29 avg10=  599.37 steps=1508 succ10=1.00 touch10=1.00 col10=0.00 to10=0.00 min_d= 0.30 avg_spd=2.03m/s end=goal t= 1983.5s
[TRAIN][PPO] ep=119/500 r=  594.56 avg10=  599.36 steps=1564 succ10=1.00 touch10=1.00 col10=0.00 to10=0.00 min_d= 0.30 avg_spd=2.05m/s end=goal t= 2003.6s
[TRAIN][PPO] ep=120/500 r=  604.62 avg10=  599.10 steps=1576 succ10=1.00 touch10=1.00 col10=0.00 to10=0.00 min_d= 0.30 avg_spd=2.02m/s end=goal t= 2026.8s
[TRAIN][PPO] ep=121/500 r=  596.94 avg10=  598.43 steps=1553 succ10=1.00 touch10=1.00 col10=0.00 to10=0.00 min_d= 0.30 avg_spd=2.03m/s end=goal t= 2047.3s
[TRAIN][PPO] ep=122/500 r=  596.18 avg10=  598.32 steps=1465 succ10=1.00 touch10=1.00 col10=0.00 to10=0.00 min_d= 0.30 avg_spd=2.04m/s end=goal t= 2066.2s
[TRAIN][PPO] ep=123/500 r=  614.47 avg10=  600.19 steps=1533 succ10=1.00 touch10=1.00 col10=0.00 to10=0.00 min_d= 0.30 avg_spd=2.02m/s end=goal t= 2085.9s
[TRAIN][PPO] ep=124/500 r=  613.51 avg10=  601.14 steps=1522 succ10=1.00 touch10=1.00 col10=0.00 to10=0.00 min_d= 0.30 avg_spd=2.03m/s end=goal t= 2106.7s
[TRAIN][PPO] ep=125/500 r=  601.43 avg10=  601.42 steps=1536 succ10=1.00 touch10=1.00 col10=0.00 to10=0.00 min_d= 0.30 avg_spd=2.04m/s end=goal t= 2126.4s
[TRAIN][PPO] ep=126/500 r=  604.12 avg10=  602.92 steps=1474 succ10=1.00 touch10=1.00 col10=0.00 to10=0.00 min_d= 0.30 avg_spd=2.03m/s end=goal t= 2145.0s
[TRAIN][PPO] ep=127/500 r=  606.57 avg10=  603.37 steps=1512 succ10=1.00 touch10=1.00 col10=0.00 to10=0.00 min_d= 0.30 avg_spd=2.02m/s end=goal t= 2163.3s
[TRAIN][PPO] ep=128/500 r=   69.98 avg10=  550.24 steps= 366 succ10=0.90 touch10=0.90 col10=0.10 to10=0.00 min_d= 3.07 avg_spd=2.06m/s end=collision t= 2169.2s
[TRAIN][PPO] ep=129/500 r=  610.31 avg10=  551.81 steps=1504 succ10=0.90 touch10=0.90 col10=0.10 to10=0.00 min_d= 0.30 avg_spd=2.02m/s end=goal t= 2188.0s
[TRAIN][PPO] ep=130/500 r=  616.66 avg10=  553.02 steps=1560 succ10=0.90 touch10=0.90 col10=0.10 to10=0.00 min_d= 0.30 avg_spd=2.01m/s end=goal t= 2207.1s
[TRAIN][PPO] ep=131/500 r=  604.95 avg10=  553.82 steps=1602 succ10=0.90 touch10=0.90 col10=0.10 to10=0.00 min_d= 0.30 avg_spd=2.03m/s end=goal t= 2228.0s
[TRAIN][PPO] ep=132/500 r=  609.15 avg10=  555.12 steps=1523 succ10=0.90 touch10=0.90 col10=0.10 to10=0.00 min_d= 0.30 avg_spd=2.03m/s end=goal t= 2249.5s
[TRAIN][PPO] ep=133/500 r=  394.21 avg10=  533.09 steps=1410 succ10=0.80 touch10=0.80 col10=0.20 to10=0.00 min_d= 0.66 avg_spd=2.04m/s end=collision t= 2267.9s
[TRAIN][PPO] ep=134/500 r=   77.71 avg10=  479.51 steps= 382 succ10=0.70 touch10=0.70 col10=0.30 to10=0.00 min_d= 3.06 avg_spd=2.04m/s end=collision t= 2272.9s
[TRAIN][PPO] ep=135/500 r=  598.06 avg10=  479.17 steps=1479 succ10=0.70 touch10=0.70 col10=0.30 to10=0.00 min_d= 0.30 avg_spd=2.03m/s end=goal t= 2292.2s
[TRAIN][PPO] ep=136/500 r=  614.69 avg10=  480.23 steps=1552 succ10=0.70 touch10=0.70 col10=0.30 to10=0.00 min_d= 0.30 avg_spd=2.03m/s end=goal t= 2313.3s
[TRAIN][PPO] ep=137/500 r=  590.84 avg10=  478.66 steps=1545 succ10=0.70 touch10=0.70 col10=0.30 to10=0.00 min_d= 0.30 avg_spd=2.05m/s end=goal t= 2333.5s
[TRAIN][PPO] ep=138/500 r=  581.60 avg10=  529.82 steps=1568 succ10=0.80 touch10=0.80 col10=0.20 to10=0.00 min_d= 0.30 avg_spd=2.05m/s end=goal t= 2354.1s
[TRAIN][PPO] ep=139/500 r=  590.93 avg10=  527.88 steps=1569 succ10=0.80 touch10=0.80 col10=0.20 to10=0.00 min_d= 0.30 avg_spd=2.05m/s end=goal t= 2374.7s
[TRAIN][PPO] ep=140/500 r=  618.78 avg10=  528.09 steps=1550 succ10=0.80 touch10=0.80 col10=0.20 to10=0.00 min_d= 0.30 avg_spd=2.01m/s end=goal t= 2396.8s
[TRAIN][PPO] ep=141/500 r=  615.65 avg10=  529.16 steps=1526 succ10=0.80 touch10=0.80 col10=0.20 to10=0.00 min_d= 0.30 avg_spd=2.04m/s end=goal t= 2416.5s
[TRAIN][PPO] ep=142/500 r=  621.48 avg10=  530.40 steps=1537 succ10=0.80 touch10=0.80 col10=0.20 to10=0.00 min_d= 0.30 avg_spd=2.02m/s end=goal t= 2436.5s
[TRAIN][PPO] ep=143/500 r=  604.38 avg10=  551.41 steps=1491 succ10=0.90 touch10=0.90 col10=0.10 to10=0.00 min_d= 0.30 avg_spd=2.02m/s end=goal t= 2455.8s
[TRAIN][PPO] ep=144/500 r=  598.31 avg10=  603.47 steps=1573 succ10=1.00 touch10=1.00 col10=0.00 to10=0.00 min_d= 0.30 avg_spd=2.03m/s end=goal t= 2478.9s
[TRAIN][PPO] ep=145/500 r=  607.86 avg10=  604.45 steps=1520 succ10=1.00 touch10=1.00 col10=0.00 to10=0.00 min_d= 0.30 avg_spd=2.03m/s end=goal t= 2498.6s
[TRAIN][PPO] ep=146/500 r=  599.35 avg10=  602.92 steps=1465 succ10=1.00 touch10=1.00 col10=0.00 to10=0.00 min_d= 0.30 avg_spd=2.04m/s end=goal t= 2517.7s
[TRAIN][PPO] ep=147/500 r=  617.96 avg10=  605.63 steps=1555 succ10=1.00 touch10=1.00 col10=0.00 to10=0.00 min_d= 0.30 avg_spd=2.02m/s end=goal t= 2537.6s
[TRAIN][PPO] ep=148/500 r=  585.27 avg10=  606.00 steps=1537 succ10=1.00 touch10=1.00 col10=0.00 to10=0.00 min_d= 0.30 avg_spd=2.04m/s end=goal t= 2559.8s
[TRAIN][PPO] ep=149/500 r=  596.41 avg10=  606.55 steps=1460 succ10=1.00 touch10=1.00 col10=0.00 to10=0.00 min_d= 0.30 avg_spd=2.04m/s end=goal t= 2578.7s
[TRAIN][PPO] ep=150/500 r=  595.38 avg10=  604.21 steps=1559 succ10=1.00 touch10=1.00 col10=0.00 to10=0.00 min_d= 0.30 avg_spd=2.06m/s end=goal t= 2598.6s
[TRAIN][PPO] ep=151/500 r=  589.80 avg10=  601.62 steps=1537 succ10=1.00 touch10=1.00 col10=0.00 to10=0.00 min_d= 0.30 avg_spd=2.02m/s end=goal t= 2618.6s
[TRAIN][PPO] ep=152/500 r=  596.31 avg10=  599.10 steps=1482 succ10=1.00 touch10=1.00 col10=0.00 to10=0.00 min_d= 0.30 avg_spd=2.03m/s end=goal t= 2639.6s
[TRAIN][PPO] ep=153/500 r=  600.71 avg10=  598.74 steps=1541 succ10=1.00 touch10=1.00 col10=0.00 to10=0.00 min_d= 0.30 avg_spd=2.06m/s end=goal t= 2659.5s
[TRAIN][PPO] ep=154/500 r=  602.26 avg10=  599.13 steps=1578 succ10=1.00 touch10=1.00 col10=0.00 to10=0.00 min_d= 0.30 avg_spd=2.04m/s end=goal t= 2679.8s
[TRAIN][PPO] ep=155/500 r=  607.00 avg10=  599.04 steps=1500 succ10=1.00 touch10=1.00 col10=0.00 to10=0.00 min_d= 0.30 avg_spd=2.04m/s end=goal t= 2699.2s
[TRAIN][PPO] ep=156/500 r=  590.63 avg10=  598.17 steps=1568 succ10=1.00 touch10=1.00 col10=0.00 to10=0.00 min_d= 0.30 avg_spd=2.04m/s end=goal t= 2722.2s
[TRAIN][PPO] ep=157/500 r=  367.58 avg10=  573.13 steps=1262 succ10=0.90 touch10=0.90 col10=0.10 to10=0.00 min_d= 0.90 avg_spd=2.04m/s end=collision t= 2737.9s
[TRAIN][PPO] ep=158/500 r=  582.72 avg10=  572.88 steps=1474 succ10=0.90 touch10=0.90 col10=0.10 to10=0.00 min_d= 0.30 avg_spd=2.07m/s end=goal t= 2757.8s
[TRAIN][PPO] ep=159/500 r=  597.39 avg10=  572.98 steps=1460 succ10=0.90 touch10=0.90 col10=0.10 to10=0.00 min_d= 0.30 avg_spd=2.04m/s end=goal t= 2777.4s
[TRAIN][PPO] ep=160/500 r=  597.82 avg10=  573.22 steps=1530 succ10=0.90 touch10=0.90 col10=0.10 to10=0.00 min_d= 0.30 avg_spd=2.06m/s end=goal t= 2799.2s
[TRAIN][PPO] ep=161/500 r=  395.55 avg10=  553.80 steps=1418 succ10=0.80 touch10=0.80 col10=0.20 to10=0.00 min_d= 0.66 avg_spd=2.02m/s end=collision t= 2818.5s
[TRAIN][PPO] ep=162/500 r=  614.07 avg10=  555.57 steps=1511 succ10=0.80 touch10=0.80 col10=0.20 to10=0.00 min_d= 0.30 avg_spd=2.03m/s end=goal t= 2838.3s
[TRAIN][PPO] ep=163/500 r=  595.07 avg10=  555.01 steps=1545 succ10=0.80 touch10=0.80 col10=0.20 to10=0.00 min_d= 0.30 avg_spd=2.06m/s end=goal t= 2858.7s
[TRAIN][PPO] ep=164/500 r=  606.92 avg10=  555.47 steps=1486 succ10=0.80 touch10=0.80 col10=0.20 to10=0.00 min_d= 0.30 avg_spd=2.04m/s end=goal t= 2880.0s
[TRAIN][PPO] ep=165/500 r=  583.79 avg10=  553.15 steps=1526 succ10=0.80 touch10=0.80 col10=0.20 to10=0.00 min_d= 0.30 avg_spd=2.05m/s end=goal t= 2899.9s
[TRAIN][PPO] ep=166/500 r=  599.71 avg10=  554.06 steps=1472 succ10=0.80 touch10=0.80 col10=0.20 to10=0.00 min_d= 0.30 avg_spd=2.03m/s end=goal t= 2919.0s
[TRAIN][PPO] ep=167/500 r=  607.95 avg10=  578.10 steps=1492 succ10=0.90 touch10=0.90 col10=0.10 to10=0.00 min_d= 0.30 avg_spd=2.06m/s end=goal t= 2938.4s
[TRAIN][PPO] ep=168/500 r=  591.99 avg10=  579.03 steps=1524 succ10=0.90 touch10=0.90 col10=0.10 to10=0.00 min_d= 0.30 avg_spd=2.05m/s end=goal t= 2960.1s
[TRAIN][PPO] ep=169/500 r=  611.96 avg10=  580.48 steps=1514 succ10=0.90 touch10=0.90 col10=0.10 to10=0.00 min_d= 0.30 avg_spd=2.04m/s end=goal t= 2979.7s
[TRAIN][PPO] ep=170/500 r=  611.16 avg10=  581.82 steps=1499 succ10=0.90 touch10=0.90 col10=0.10 to10=0.00 min_d= 0.30 avg_spd=2.01m/s end=goal t= 2999.4s
[TRAIN][PPO] ep=171/500 r=  603.49 avg10=  602.61 steps=1553 succ10=1.00 touch10=1.00 col10=0.00 to10=0.00 min_d= 0.30 avg_spd=2.04m/s end=goal t= 3019.4s
[TRAIN][PPO] ep=172/500 r=  603.21 avg10=  601.53 steps=1486 succ10=1.00 touch10=1.00 col10=0.00 to10=0.00 min_d= 0.30 avg_spd=2.04m/s end=goal t= 3040.5s
[TRAIN][PPO] ep=173/500 r=  592.26 avg10=  601.24 steps=1490 succ10=1.00 touch10=1.00 col10=0.00 to10=0.00 min_d= 0.30 avg_spd=2.03m/s end=goal t= 3059.7s
[TRAIN][PPO] ep=174/500 r=  592.06 avg10=  599.76 steps=1501 succ10=1.00 touch10=1.00 col10=0.00 to10=0.00 min_d= 0.30 avg_spd=2.03m/s end=goal t= 3079.1s
[TRAIN][PPO] ep=175/500 r=  618.92 avg10=  603.27 steps=1526 succ10=1.00 touch10=1.00 col10=0.00 to10=0.00 min_d= 0.30 avg_spd=2.02m/s end=goal t= 3098.9s
[TRAIN][PPO] ep=176/500 r=  600.83 avg10=  603.38 steps=1536 succ10=1.00 touch10=1.00 col10=0.00 to10=0.00 min_d= 0.30 avg_spd=2.03m/s end=goal t= 3120.9s
[TRAIN][PPO] ep=177/500 r=  607.75 avg10=  603.36 steps=1552 succ10=1.00 touch10=1.00 col10=0.00 to10=0.00 min_d= 0.30 avg_spd=2.03m/s end=goal t= 3141.2s
[TRAIN][PPO] ep=178/500 r=  595.83 avg10=  603.75 steps=1521 succ10=1.00 touch10=1.00 col10=0.00 to10=0.00 min_d= 0.30 avg_spd=2.02m/s end=goal t= 3160.8s
[TRAIN][PPO] ep=179/500 r=  609.34 avg10=  603.48 steps=1485 succ10=1.00 touch10=1.00 col10=0.00 to10=0.00 min_d= 0.30 avg_spd=2.03m/s end=goal t= 3180.1s
[TRAIN][PPO] ep=180/500 r=  607.01 avg10=  603.07 steps=1490 succ10=1.00 touch10=1.00 col10=0.00 to10=0.00 min_d= 0.30 avg_spd=2.03m/s end=goal t= 3200.3s
[TRAIN][PPO] ep=181/500 r=  360.67 avg10=  578.79 steps=1301 succ10=0.90 touch10=0.90 col10=0.10 to10=0.00 min_d= 0.95 avg_spd=2.01m/s end=collision t= 3217.1s
[TRAIN][PPO] ep=182/500 r=  588.82 avg10=  577.35 steps=1560 succ10=0.90 touch10=0.90 col10=0.10 to10=0.00 min_d= 0.30 avg_spd=2.03m/s end=goal t= 3236.9s
[TRAIN][PPO] ep=183/500 r=  608.91 avg10=  579.02 steps=1479 succ10=0.90 touch10=0.90 col10=0.10 to10=0.00 min_d= 0.30 avg_spd=2.06m/s end=goal t= 3255.5s
[TRAIN][PPO] ep=184/500 r=  600.82 avg10=  579.89 steps=1482 succ10=0.90 touch10=0.90 col10=0.10 to10=0.00 min_d= 0.30 avg_spd=2.03m/s end=goal t= 3276.8s
[TRAIN][PPO] ep=185/500 r=  609.92 avg10=  578.99 steps=1500 succ10=0.90 touch10=0.90 col10=0.10 to10=0.00 min_d= 0.30 avg_spd=2.04m/s end=goal t= 3295.2s
[TRAIN][PPO] ep=186/500 r=  602.04 avg10=  579.11 steps=1459 succ10=0.90 touch10=0.90 col10=0.10 to10=0.00 min_d= 0.30 avg_spd=2.03m/s end=goal t= 3313.0s
[TRAIN][PPO] ep=187/500 r=  609.93 avg10=  579.33 steps=1499 succ10=0.90 touch10=0.90 col10=0.10 to10=0.00 min_d= 0.30 avg_spd=2.02m/s end=goal t= 3331.3s
[TRAIN][PPO] ep=188/500 r=  599.03 avg10=  579.65 steps=1461 succ10=0.90 touch10=0.90 col10=0.10 to10=0.00 min_d= 0.30 avg_spd=2.05m/s end=goal t= 3351.7s
[TRAIN][PPO] ep=189/500 r=  598.44 avg10=  578.56 steps=1476 succ10=0.90 touch10=0.90 col10=0.10 to10=0.00 min_d= 0.30 avg_spd=2.02m/s end=goal t= 3369.7s
[TRAIN][PPO] ep=190/500 r=  603.42 avg10=  578.20 steps=1491 succ10=0.90 touch10=0.90 col10=0.10 to10=0.00 min_d= 0.30 avg_spd=2.04m/s end=goal t= 3388.0s
[TRAIN][PPO] ep=191/500 r=  606.94 avg10=  602.83 steps=1490 succ10=1.00 touch10=1.00 col10=0.00 to10=0.00 min_d= 0.30 avg_spd=2.02m/s end=goal t= 3406.4s
[TRAIN][PPO] ep=192/500 r=  617.55 avg10=  605.70 steps=1498 succ10=1.00 touch10=1.00 col10=0.00 to10=0.00 min_d= 0.30 avg_spd=2.01m/s end=goal t= 3428.2s
[TRAIN][PPO] ep=193/500 r=  606.23 avg10=  605.43 steps=1489 succ10=1.00 touch10=1.00 col10=0.00 to10=0.00 min_d= 0.30 avg_spd=2.05m/s end=goal t= 3446.3s
[TRAIN][PPO] ep=194/500 r=  592.40 avg10=  604.59 steps=1510 succ10=1.00 touch10=1.00 col10=0.00 to10=0.00 min_d= 0.30 avg_spd=2.04m/s end=goal t= 3465.2s
[TRAIN][PPO] ep=195/500 r=  366.06 avg10=  580.20 steps=1278 succ10=0.90 touch10=0.90 col10=0.10 to10=0.00 min_d= 0.93 avg_spd=2.03m/s end=collision t= 3480.9s
[TRAIN][PPO] ep=196/500 r=  613.90 avg10=  581.39 steps=1516 succ10=0.90 touch10=0.90 col10=0.10 to10=0.00 min_d= 0.30 avg_spd=2.02m/s end=goal t= 3502.1s
[TRAIN][PPO] ep=197/500 r=  603.37 avg10=  580.73 steps=1471 succ10=0.90 touch10=0.90 col10=0.10 to10=0.00 min_d= 0.30 avg_spd=2.03m/s end=goal t= 3520.8s
[TRAIN][PPO] ep=198/500 r=  617.80 avg10=  582.61 steps=1512 succ10=0.90 touch10=0.90 col10=0.10 to10=0.00 min_d= 0.30 avg_spd=2.02m/s end=goal t= 3539.7s
[TRAIN][PPO] ep=199/500 r=  609.03 avg10=  583.67 steps=1500 succ10=0.90 touch10=0.90 col10=0.10 to10=0.00 min_d= 0.30 avg_spd=2.03m/s end=goal t= 3558.8s
[TRAIN][PPO] ep=200/500 r=  605.22 avg10=  583.85 steps=1482 succ10=0.90 touch10=0.90 col10=0.10 to10=0.00 min_d= 0.30 avg_spd=2.03m/s end=goal t= 3580.4s ckpt=latest
[TRAIN][PPO] ep=201/500 r=  604.67 avg10=  583.62 steps=1524 succ10=0.90 touch10=0.90 col10=0.10 to10=0.00 min_d= 0.30 avg_spd=2.04m/s end=goal t= 3600.4s
[TRAIN][PPO] ep=202/500 r=  598.82 avg10=  581.75 steps=1468 succ10=0.90 touch10=0.90 col10=0.10 to10=0.00 min_d= 0.30 avg_spd=2.05m/s end=goal t= 3619.6s
[TRAIN][PPO] ep=203/500 r=  589.11 avg10=  580.04 steps=1502 succ10=0.90 touch10=0.90 col10=0.10 to10=0.00 min_d= 0.30 avg_spd=2.04m/s end=goal t= 3639.3s
[TRAIN][PPO] ep=204/500 r=  601.74 avg10=  580.97 steps=1471 succ10=0.90 touch10=0.90 col10=0.10 to10=0.00 min_d= 0.30 avg_spd=2.04m/s end=goal t= 3660.4s
[TRAIN][PPO] ep=205/500 r=  593.42 avg10=  603.71 steps=1425 succ10=1.00 touch10=1.00 col10=0.00 to10=0.00 min_d= 0.30 avg_spd=2.06m/s end=goal t= 3679.2s
[TRAIN][PPO] ep=206/500 r=  609.68 avg10=  603.29 steps=1487 succ10=1.00 touch10=1.00 col10=0.00 to10=0.00 min_d= 0.30 avg_spd=2.03m/s end=goal t= 3698.5s
[TRAIN][PPO] ep=207/500 r=  599.80 avg10=  602.93 steps=1462 succ10=1.00 touch10=1.00 col10=0.00 to10=0.00 min_d= 0.30 avg_spd=2.05m/s end=goal t= 3717.5s
[TRAIN][PPO] ep=208/500 r=  598.79 avg10=  601.03 steps=1468 succ10=1.00 touch10=1.00 col10=0.00 to10=0.00 min_d= 0.30 avg_spd=2.05m/s end=goal t= 3739.9s
[TRAIN][PPO] ep=209/500 r=  601.65 avg10=  600.29 steps=1482 succ10=1.00 touch10=1.00 col10=0.00 to10=0.00 min_d= 0.30 avg_spd=2.03m/s end=goal t= 3759.1s
[TRAIN][PPO] ep=210/500 r=  601.32 avg10=  599.90 steps=1536 succ10=1.00 touch10=1.00 col10=0.00 to10=0.00 min_d= 0.30 avg_spd=2.05m/s end=goal t= 3779.1s
[TRAIN][PPO] ep=211/500 r=  612.88 avg10=  600.72 steps=1523 succ10=1.00 touch10=1.00 col10=0.00 to10=0.00 min_d= 0.30 avg_spd=2.01m/s end=goal t= 3798.7s
[TRAIN][PPO] ep=212/500 r=  597.44 avg10=  600.58 steps=1444 succ10=1.00 touch10=1.00 col10=0.00 to10=0.00 min_d= 0.30 avg_spd=2.05m/s end=goal t= 3819.1s
[TRAIN][PPO] ep=213/500 r=  611.36 avg10=  602.81 steps=1526 succ10=1.00 touch10=1.00 col10=0.00 to10=0.00 min_d= 0.30 avg_spd=2.03m/s end=goal t= 3838.6s
[TRAIN][PPO] ep=214/500 r=  607.68 avg10=  603.40 steps=1475 succ10=1.00 touch10=1.00 col10=0.00 to10=0.00 min_d= 0.30 avg_spd=2.05m/s end=goal t= 3857.7s
[TRAIN][PPO] ep=215/500 r=  614.47 avg10=  605.51 steps=1498 succ10=1.00 touch10=1.00 col10=0.00 to10=0.00 min_d= 0.30 avg_spd=2.04m/s end=goal t= 3877.2s
[TRAIN][PPO] ep=216/500 r=  603.65 avg10=  604.90 steps=1453 succ10=1.00 touch10=1.00 col10=0.00 to10=0.00 min_d= 0.30 avg_spd=2.06m/s end=goal t= 3897.3s
[TRAIN][PPO] ep=217/500 r=  609.83 avg10=  605.91 steps=1501 succ10=1.00 touch10=1.00 col10=0.00 to10=0.00 min_d= 0.30 avg_spd=2.05m/s end=goal t= 3916.3s
[TRAIN][PPO] ep=218/500 r=  595.89 avg10=  605.62 steps=1440 succ10=1.00 touch10=1.00 col10=0.00 to10=0.00 min_d= 0.30 avg_spd=2.04m/s end=goal t= 3934.8s
[TRAIN][PPO] ep=219/500 r=  355.34 avg10=  580.99 steps=1303 succ10=0.90 touch10=0.90 col10=0.10 to10=0.00 min_d= 1.01 avg_spd=2.04m/s end=collision t= 3951.5s
[TRAIN][PPO] ep=220/500 r=  605.73 avg10=  581.43 steps=1479 succ10=0.90 touch10=0.90 col10=0.10 to10=0.00 min_d= 0.30 avg_spd=2.04m/s end=goal t= 3971.2s
[TRAIN][PPO] ep=221/500 r=  594.80 avg10=  579.62 steps=1493 succ10=0.90 touch10=0.90 col10=0.10 to10=0.00 min_d= 0.30 avg_spd=2.06m/s end=goal t= 3990.2s
[TRAIN][PPO] ep=222/500 r=  598.13 avg10=  579.69 steps=1499 succ10=0.90 touch10=0.90 col10=0.10 to10=0.00 min_d= 0.30 avg_spd=2.04m/s end=goal t= 4008.9s
[TRAIN][PPO] ep=223/500 r=  616.09 avg10=  580.16 steps=1536 succ10=0.90 touch10=0.90 col10=0.10 to10=0.00 min_d= 0.30 avg_spd=2.04m/s end=goal t= 4028.6s
[TRAIN][PPO] ep=224/500 r=  603.24 avg10=  579.72 steps=1495 succ10=0.90 touch10=0.90 col10=0.10 to10=0.00 min_d= 0.30 avg_spd=2.05m/s end=goal t= 4049.3s
[TRAIN][PPO] ep=225/500 r=  340.05 avg10=  552.27 steps=1247 succ10=0.80 touch10=0.80 col10=0.20 to10=0.00 min_d= 0.97 avg_spd=2.04m/s end=collision t= 4064.9s
[TRAIN][PPO] ep=226/500 r=  588.98 avg10=  550.81 steps=1476 succ10=0.80 touch10=0.80 col10=0.20 to10=0.00 min_d= 0.30 avg_spd=2.05m/s end=goal t= 4083.7s
[TRAIN][PPO] ep=227/500 r=  595.45 avg10=  549.37 steps=1504 succ10=0.80 touch10=0.80 col10=0.20 to10=0.00 min_d= 0.30 avg_spd=2.06m/s end=goal t= 4102.9s
[TRAIN][PPO] ep=228/500 r=  366.75 avg10=  526.45 steps=1282 succ10=0.70 touch10=0.70 col10=0.30 to10=0.00 min_d= 0.89 avg_spd=2.04m/s end=collision t= 4121.0s
[TRAIN][PPO] ep=229/500 r=  349.29 avg10=  525.85 steps=1269 succ10=0.70 touch10=0.70 col10=0.30 to10=0.00 min_d= 0.97 avg_spd=2.04m/s end=collision t= 4137.0s
[TRAIN][PPO] ep=230/500 r=  604.34 avg10=  525.71 steps=1536 succ10=0.70 touch10=0.70 col10=0.30 to10=0.00 min_d= 0.30 avg_spd=2.06m/s end=goal t= 4156.4s
[TRAIN][PPO] ep=231/500 r=  617.71 avg10=  528.00 steps=1534 succ10=0.70 touch10=0.70 col10=0.30 to10=0.00 min_d= 0.30 avg_spd=2.01m/s end=goal t= 4175.8s
[TRAIN][PPO] ep=232/500 r=  608.85 avg10=  529.07 steps=1493 succ10=0.70 touch10=0.70 col10=0.30 to10=0.00 min_d= 0.30 avg_spd=2.04m/s end=goal t= 4196.5s
[TRAIN][PPO] ep=233/500 r=  612.07 avg10=  528.67 steps=1507 succ10=0.70 touch10=0.70 col10=0.30 to10=0.00 min_d= 0.30 avg_spd=2.03m/s end=goal t= 4215.2s
[TRAIN][PPO] ep=234/500 r=  601.04 avg10=  528.45 steps=1465 succ10=0.70 touch10=0.70 col10=0.30 to10=0.00 min_d= 0.30 avg_spd=2.05m/s end=goal t= 4233.7s
[TRAIN][PPO] ep=235/500 r=  602.78 avg10=  554.73 steps=1490 succ10=0.80 touch10=0.80 col10=0.20 to10=0.00 min_d= 0.30 avg_spd=2.05m/s end=goal t= 4252.5s
[TRAIN][PPO] ep=236/500 r=  607.14 avg10=  556.54 steps=1487 succ10=0.80 touch10=0.80 col10=0.20 to10=0.00 min_d= 0.30 avg_spd=2.05m/s end=goal t= 4273.0s
[TRAIN][PPO] ep=237/500 r=  605.06 avg10=  557.50 steps=1477 succ10=0.80 touch10=0.80 col10=0.20 to10=0.00 min_d= 0.30 avg_spd=2.05m/s end=goal t= 4291.4s
[TRAIN][PPO] ep=238/500 r=  592.59 avg10=  580.09 steps=1471 succ10=0.90 touch10=0.90 col10=0.10 to10=0.00 min_d= 0.30 avg_spd=2.05m/s end=goal t= 4310.4s
[TRAIN][PPO] ep=239/500 r=  603.33 avg10=  605.49 steps=1468 succ10=1.00 touch10=1.00 col10=0.00 to10=0.00 min_d= 0.30 avg_spd=2.06m/s end=goal t= 4329.4s
[TRAIN][PPO] ep=240/500 r=  605.75 avg10=  605.63 steps=1484 succ10=1.00 touch10=1.00 col10=0.00 to10=0.00 min_d= 0.30 avg_spd=2.05m/s end=goal t= 4352.2s
[TRAIN][PPO] ep=241/500 r=  603.28 avg10=  604.19 steps=1483 succ10=1.00 touch10=1.00 col10=0.00 to10=0.00 min_d= 0.30 avg_spd=2.03m/s end=goal t= 4371.4s
[TRAIN][PPO] ep=242/500 r=  600.14 avg10=  603.32 steps=1458 succ10=1.00 touch10=1.00 col10=0.00 to10=0.00 min_d= 0.30 avg_spd=2.04m/s end=goal t= 4390.1s
[TRAIN][PPO] ep=243/500 r=  593.65 avg10=  601.48 steps=1449 succ10=1.00 touch10=1.00 col10=0.00 to10=0.00 min_d= 0.30 avg_spd=2.05m/s end=goal t= 4408.8s
[TRAIN][PPO] ep=244/500 r=  597.77 avg10=  601.15 steps=1486 succ10=1.00 touch10=1.00 col10=0.00 to10=0.00 min_d= 0.30 avg_spd=2.03m/s end=goal t= 4429.7s
[TRAIN][PPO] ep=245/500 r=  598.12 avg10=  600.68 steps=1471 succ10=1.00 touch10=1.00 col10=0.00 to10=0.00 min_d= 0.30 avg_spd=2.06m/s end=goal t= 4448.5s
[TRAIN][PPO] ep=246/500 r=  590.40 avg10=  599.01 steps=1505 succ10=1.00 touch10=1.00 col10=0.00 to10=0.00 min_d= 0.30 avg_spd=2.04m/s end=goal t= 4467.2s
[TRAIN][PPO] ep=247/500 r=  610.13 avg10=  599.52 steps=1539 succ10=1.00 touch10=1.00 col10=0.00 to10=0.00 min_d= 0.30 avg_spd=2.04m/s end=goal t= 4486.5s
[TRAIN][PPO] ep=248/500 r=  607.74 avg10=  601.03 steps=1536 succ10=1.00 touch10=1.00 col10=0.00 to10=0.00 min_d= 0.30 avg_spd=2.05m/s end=goal t= 4508.3s
[TRAIN][PPO] ep=249/500 r=  605.12 avg10=  601.21 steps=1497 succ10=1.00 touch10=1.00 col10=0.00 to10=0.00 min_d= 0.30 avg_spd=2.04m/s end=goal t= 4527.3s
[TRAIN][PPO] ep=250/500 r=  595.22 avg10=  600.16 steps=1525 succ10=1.00 touch10=1.00 col10=0.00 to10=0.00 min_d= 0.30 avg_spd=2.05m/s end=goal t= 4546.5s
[TRAIN][PPO] ep=251/500 r=  591.17 avg10=  598.94 steps=1477 succ10=1.00 touch10=1.00 col10=0.00 to10=0.00 min_d= 0.30 avg_spd=2.05m/s end=goal t= 4565.3s
[TRAIN][PPO] ep=252/500 r=  603.62 avg10=  599.29 steps=1480 succ10=1.00 touch10=1.00 col10=0.00 to10=0.00 min_d= 0.30 avg_spd=2.06m/s end=goal t= 4585.1s
[TRAIN][PPO] ep=253/500 r=  595.07 avg10=  599.43 steps=1492 succ10=1.00 touch10=1.00 col10=0.00 to10=0.00 min_d= 0.30 avg_spd=2.06m/s end=goal t= 4603.4s
[TRAIN][PPO] ep=254/500 r=  608.04 avg10=  600.46 steps=1492 succ10=1.00 touch10=1.00 col10=0.00 to10=0.00 min_d= 0.30 avg_spd=2.04m/s end=goal t= 4622.4s
[TRAIN][PPO] ep=255/500 r=  607.39 avg10=  601.39 steps=1502 succ10=1.00 touch10=1.00 col10=0.00 to10=0.00 min_d= 0.30 avg_spd=2.07m/s end=goal t= 4641.8s
[TRAIN][PPO] ep=256/500 r=  590.36 avg10=  601.39 steps=1471 succ10=1.00 touch10=1.00 col10=0.00 to10=0.00 min_d= 0.30 avg_spd=2.06m/s end=goal t= 4661.9s
[TRAIN][PPO] ep=257/500 r=  598.87 avg10=  600.26 steps=1458 succ10=1.00 touch10=1.00 col10=0.00 to10=0.00 min_d= 0.30 avg_spd=2.05m/s end=goal t= 4680.5s
[TRAIN][PPO] ep=258/500 r=  602.76 avg10=  599.76 steps=1454 succ10=1.00 touch10=1.00 col10=0.00 to10=0.00 min_d= 0.30 avg_spd=2.05m/s end=goal t= 4699.0s
[TRAIN][PPO] ep=259/500 r=  612.14 avg10=  600.46 steps=1500 succ10=1.00 touch10=1.00 col10=0.00 to10=0.00 min_d= 0.30 avg_spd=2.05m/s end=goal t= 4717.8s
[TRAIN][PPO] ep=260/500 r=  605.36 avg10=  601.48 steps=1488 succ10=1.00 touch10=1.00 col10=0.00 to10=0.00 min_d= 0.30 avg_spd=2.04m/s end=goal t= 4738.0s
[TRAIN][PPO] ep=261/500 r=  592.10 avg10=  601.57 steps=1462 succ10=1.00 touch10=1.00 col10=0.00 to10=0.00 min_d= 0.30 avg_spd=2.05m/s end=goal t= 4757.1s
[TRAIN][PPO] ep=262/500 r=  598.92 avg10=  601.10 steps=1443 succ10=1.00 touch10=1.00 col10=0.00 to10=0.00 min_d= 0.30 avg_spd=2.04m/s end=goal t= 4775.5s
[TRAIN][PPO] ep=263/500 r=  595.14 avg10=  601.11 steps=1471 succ10=1.00 touch10=1.00 col10=0.00 to10=0.00 min_d= 0.30 avg_spd=2.05m/s end=goal t= 4794.3s
[TRAIN][PPO] ep=264/500 r=  608.78 avg10=  601.18 steps=1505 succ10=1.00 touch10=1.00 col10=0.00 to10=0.00 min_d= 0.30 avg_spd=2.04m/s end=goal t= 4815.2s
[TRAIN][PPO] ep=265/500 r=  594.93 avg10=  599.93 steps=1435 succ10=1.00 touch10=1.00 col10=0.00 to10=0.00 min_d= 0.30 avg_spd=2.06m/s end=goal t= 4833.6s
[TRAIN][PPO] ep=266/500 r=  594.15 avg10=  600.31 steps=1510 succ10=1.00 touch10=1.00 col10=0.00 to10=0.00 min_d= 0.30 avg_spd=2.06m/s end=goal t= 4853.0s
[TRAIN][PPO] ep=267/500 r=  602.26 avg10=  600.65 steps=1523 succ10=1.00 touch10=1.00 col10=0.00 to10=0.00 min_d= 0.30 avg_spd=2.06m/s end=goal t= 4872.7s
[TRAIN][PPO] ep=268/500 r=  605.42 avg10=  600.92 steps=1486 succ10=1.00 touch10=1.00 col10=0.00 to10=0.00 min_d= 0.30 avg_spd=2.05m/s end=goal t= 4894.8s
[TRAIN][PPO] ep=269/500 r=  605.34 avg10=  600.24 steps=1499 succ10=1.00 touch10=1.00 col10=0.00 to10=0.00 min_d= 0.30 avg_spd=2.03m/s end=goal t= 4913.9s
[TRAIN][PPO] ep=270/500 r=  612.70 avg10=  600.97 steps=1525 succ10=1.00 touch10=1.00 col10=0.00 to10=0.00 min_d= 0.30 avg_spd=2.04m/s end=goal t= 4933.5s
[TRAIN][PPO] ep=271/500 r=  604.93 avg10=  602.26 steps=1491 succ10=1.00 touch10=1.00 col10=0.00 to10=0.00 min_d= 0.30 avg_spd=2.05m/s end=goal t= 4953.0s
[TRAIN][PPO] ep=272/500 r=  612.14 avg10=  603.58 steps=1519 succ10=1.00 touch10=1.00 col10=0.00 to10=0.00 min_d= 0.30 avg_spd=2.03m/s end=goal t= 4974.7s
[TRAIN][PPO] ep=273/500 r=  598.72 avg10=  603.94 steps=1463 succ10=1.00 touch10=1.00 col10=0.00 to10=0.00 min_d= 0.30 avg_spd=2.05m/s end=goal t= 4993.6s
[TRAIN][PPO] ep=274/500 r=  598.94 avg10=  602.95 steps=1456 succ10=1.00 touch10=1.00 col10=0.00 to10=0.00 min_d= 0.30 avg_spd=2.05m/s end=goal t= 5012.0s
[TRAIN][PPO] ep=275/500 r=  606.27 avg10=  604.09 steps=1503 succ10=1.00 touch10=1.00 col10=0.00 to10=0.00 min_d= 0.30 avg_spd=2.04m/s end=goal t= 5031.4s
[TRAIN][PPO] ep=276/500 r=  596.55 avg10=  604.33 steps=1498 succ10=1.00 touch10=1.00 col10=0.00 to10=0.00 min_d= 0.30 avg_spd=2.05m/s end=goal t= 5052.1s
[TRAIN][PPO] ep=277/500 r=  598.98 avg10=  604.00 steps=1464 succ10=1.00 touch10=1.00 col10=0.00 to10=0.00 min_d= 0.30 avg_spd=2.05m/s end=goal t= 5070.5s
[TRAIN][PPO] ep=278/500 r=  607.33 avg10=  604.19 steps=1509 succ10=1.00 touch10=1.00 col10=0.00 to10=0.00 min_d= 0.30 avg_spd=2.03m/s end=goal t= 5089.5s
[TRAIN][PPO] ep=279/500 r=  607.08 avg10=  604.36 steps=1483 succ10=1.00 touch10=1.00 col10=0.00 to10=0.00 min_d= 0.30 avg_spd=2.04m/s end=goal t= 5108.3s
[TRAIN][PPO] ep=280/500 r=  610.20 avg10=  604.11 steps=1492 succ10=1.00 touch10=1.00 col10=0.00 to10=0.00 min_d= 0.30 avg_spd=2.05m/s end=goal t= 5128.9s
[TRAIN][PPO] ep=281/500 r=  601.68 avg10=  603.79 steps=1479 succ10=1.00 touch10=1.00 col10=0.00 to10=0.00 min_d= 0.30 avg_spd=2.02m/s end=goal t= 5147.6s
[TRAIN][PPO] ep=282/500 r=  596.32 avg10=  602.21 steps=1456 succ10=1.00 touch10=1.00 col10=0.00 to10=0.00 min_d= 0.30 avg_spd=2.07m/s end=goal t= 5165.7s
[TRAIN][PPO] ep=283/500 r=  605.93 avg10=  602.93 steps=1514 succ10=1.00 touch10=1.00 col10=0.00 to10=0.00 min_d= 0.30 avg_spd=2.05m/s end=goal t= 5184.6s
[TRAIN][PPO] ep=284/500 r=  604.09 avg10=  603.44 steps=1488 succ10=1.00 touch10=1.00 col10=0.00 to10=0.00 min_d= 0.30 avg_spd=2.04m/s end=goal t= 5205.4s
[TRAIN][PPO] ep=285/500 r=  591.58 avg10=  601.97 steps=1467 succ10=1.00 touch10=1.00 col10=0.00 to10=0.00 min_d= 0.30 avg_spd=2.04m/s end=goal t= 5224.5s
[TRAIN][PPO] ep=286/500 r=  613.98 avg10=  603.72 steps=1521 succ10=1.00 touch10=1.00 col10=0.00 to10=0.00 min_d= 0.30 avg_spd=2.03m/s end=goal t= 5243.4s
[TRAIN][PPO] ep=287/500 r=  602.19 avg10=  604.04 steps=1479 succ10=1.00 touch10=1.00 col10=0.00 to10=0.00 min_d= 0.30 avg_spd=2.05m/s end=goal t= 5262.2s
[TRAIN][PPO] ep=288/500 r=  599.87 avg10=  603.29 steps=1474 succ10=1.00 touch10=1.00 col10=0.00 to10=0.00 min_d= 0.30 avg_spd=2.03m/s end=goal t= 5282.8s
[TRAIN][PPO] ep=289/500 r=  587.71 avg10=  601.35 steps=1491 succ10=1.00 touch10=1.00 col10=0.00 to10=0.00 min_d= 0.30 avg_spd=2.05m/s end=goal t= 5301.7s
[TRAIN][PPO] ep=290/500 r=  616.00 avg10=  601.93 steps=1506 succ10=1.00 touch10=1.00 col10=0.00 to10=0.00 min_d= 0.30 avg_spd=2.04m/s end=goal t= 5320.6s
[TRAIN][PPO] ep=291/500 r=  617.61 avg10=  603.53 steps=1541 succ10=1.00 touch10=1.00 col10=0.00 to10=0.00 min_d= 0.30 avg_spd=2.02m/s end=goal t= 5340.1s
[TRAIN][PPO] ep=292/500 r=  616.85 avg10=  605.58 steps=1520 succ10=1.00 touch10=1.00 col10=0.00 to10=0.00 min_d= 0.30 avg_spd=2.02m/s end=goal t= 5362.9s
[TRAIN][PPO] ep=293/500 r=  602.23 avg10=  605.21 steps=1478 succ10=1.00 touch10=1.00 col10=0.00 to10=0.00 min_d= 0.30 avg_spd=2.04m/s end=goal t= 5381.8s
[TRAIN][PPO] ep=294/500 r=  598.11 avg10=  604.61 steps=1484 succ10=1.00 touch10=1.00 col10=0.00 to10=0.00 min_d= 0.30 avg_spd=2.04m/s end=goal t= 5400.3s
[TRAIN][PPO] ep=295/500 r=  606.84 avg10=  606.14 steps=1495 succ10=1.00 touch10=1.00 col10=0.00 to10=0.00 min_d= 0.30 avg_spd=2.03m/s end=goal t= 5419.4s
[TRAIN][PPO] ep=296/500 r=  599.16 avg10=  604.66 steps=1470 succ10=1.00 touch10=1.00 col10=0.00 to10=0.00 min_d= 0.30 avg_spd=2.06m/s end=goal t= 5441.4s
[TRAIN][PPO] ep=297/500 r=  608.29 avg10=  605.27 steps=1499 succ10=1.00 touch10=1.00 col10=0.00 to10=0.00 min_d= 0.30 avg_spd=2.03m/s end=goal t= 5460.5s
[TRAIN][PPO] ep=298/500 r=  589.00 avg10=  604.18 steps=1452 succ10=1.00 touch10=1.00 col10=0.00 to10=0.00 min_d= 0.30 avg_spd=2.06m/s end=goal t= 5478.8s
[TRAIN][PPO] ep=299/500 r=  602.65 avg10=  605.68 steps=1484 succ10=1.00 touch10=1.00 col10=0.00 to10=0.00 min_d= 0.30 avg_spd=2.05m/s end=goal t= 5497.2s
[TRAIN][PPO] ep=300/500 r=  605.85 avg10=  604.66 steps=1494 succ10=1.00 touch10=1.00 col10=0.00 to10=0.00 min_d= 0.30 avg_spd=2.06m/s end=goal t= 5519.0s ckpt=latest
[TRAIN][PPO] ep=301/500 r=  599.08 avg10=  602.81 steps=1482 succ10=1.00 touch10=1.00 col10=0.00 to10=0.00 min_d= 0.30 avg_spd=2.03m/s end=goal t= 5538.1s
[TRAIN][PPO] ep=302/500 r=  596.51 avg10=  600.77 steps=1463 succ10=1.00 touch10=1.00 col10=0.00 to10=0.00 min_d= 0.30 avg_spd=2.04m/s end=goal t= 5556.8s
[TRAIN][PPO] ep=303/500 r=  613.96 avg10=  601.95 steps=1502 succ10=1.00 touch10=1.00 col10=0.00 to10=0.00 min_d= 0.30 avg_spd=2.05m/s end=goal t= 5575.8s
[TRAIN][PPO] ep=304/500 r=  603.05 avg10=  602.44 steps=1498 succ10=1.00 touch10=1.00 col10=0.00 to10=0.00 min_d= 0.30 avg_spd=2.03m/s end=goal t= 5596.2s
[TRAIN][PPO] ep=305/500 r=  609.38 avg10=  602.69 steps=1525 succ10=1.00 touch10=1.00 col10=0.00 to10=0.00 min_d= 0.30 avg_spd=2.03m/s end=goal t= 5615.6s
[TRAIN][PPO] ep=306/500 r=  601.15 avg10=  602.89 steps=1486 succ10=1.00 touch10=1.00 col10=0.00 to10=0.00 min_d= 0.30 avg_spd=2.05m/s end=goal t= 5634.5s
[TRAIN][PPO] ep=307/500 r=  614.88 avg10=  603.55 steps=1520 succ10=1.00 touch10=1.00 col10=0.00 to10=0.00 min_d= 0.30 avg_spd=2.02m/s end=goal t= 5653.9s
[TRAIN][PPO] ep=308/500 r=  608.61 avg10=  605.51 steps=1530 succ10=1.00 touch10=1.00 col10=0.00 to10=0.00 min_d= 0.30 avg_spd=2.02m/s end=goal t= 5674.5s
[TRAIN][PPO] ep=309/500 r=  606.72 avg10=  605.92 steps=1493 succ10=1.00 touch10=1.00 col10=0.00 to10=0.00 min_d= 0.30 avg_spd=2.03m/s end=goal t= 5693.7s
[TRAIN][PPO] ep=310/500 r=  614.27 avg10=  606.76 steps=1531 succ10=1.00 touch10=1.00 col10=0.00 to10=0.00 min_d= 0.30 avg_spd=2.03m/s end=goal t= 5713.3s
[TRAIN][PPO] ep=311/500 r=  609.76 avg10=  607.83 steps=1536 succ10=1.00 touch10=1.00 col10=0.00 to10=0.00 min_d= 0.30 avg_spd=2.03m/s end=goal t= 5733.2s
[TRAIN][PPO] ep=312/500 r=  613.34 avg10=  609.51 steps=1523 succ10=1.00 touch10=1.00 col10=0.00 to10=0.00 min_d= 0.30 avg_spd=2.04m/s end=goal t= 5754.2s
[TRAIN][PPO] ep=313/500 r=  602.08 avg10=  608.32 steps=1490 succ10=1.00 touch10=1.00 col10=0.00 to10=0.00 min_d= 0.30 avg_spd=2.03m/s end=goal t= 5773.5s
[TRAIN][PPO] ep=314/500 r=  604.64 avg10=  608.48 steps=1502 succ10=1.00 touch10=1.00 col10=0.00 to10=0.00 min_d= 0.30 avg_spd=2.05m/s end=goal t= 5792.9s
[TRAIN][PPO] ep=315/500 r=  601.06 avg10=  607.65 steps=1460 succ10=1.00 touch10=1.00 col10=0.00 to10=0.00 min_d= 0.30 avg_spd=2.04m/s end=goal t= 5812.0s
[TRAIN][PPO] ep=316/500 r=  614.36 avg10=  608.97 steps=1516 succ10=1.00 touch10=1.00 col10=0.00 to10=0.00 min_d= 0.30 avg_spd=2.05m/s end=goal t= 5833.0s
[TRAIN][PPO] ep=317/500 r=  602.28 avg10=  607.71 steps=1481 succ10=1.00 touch10=1.00 col10=0.00 to10=0.00 min_d= 0.30 avg_spd=2.04m/s end=goal t= 5852.2s
[TRAIN][PPO] ep=318/500 r=  616.26 avg10=  608.48 steps=1520 succ10=1.00 touch10=1.00 col10=0.00 to10=0.00 min_d= 0.30 avg_spd=2.04m/s end=goal t= 5871.5s
[TRAIN][PPO] ep=319/500 r=  608.02 avg10=  608.61 steps=1478 succ10=1.00 touch10=1.00 col10=0.00 to10=0.00 min_d= 0.30 avg_spd=2.05m/s end=goal t= 5890.1s
[TRAIN][PPO] ep=320/500 r=  593.06 avg10=  606.49 steps=1455 succ10=1.00 touch10=1.00 col10=0.00 to10=0.00 min_d= 0.30 avg_spd=2.05m/s end=goal t= 5910.3s
[TRAIN][PPO] ep=321/500 r=  596.29 avg10=  605.14 steps=1465 succ10=1.00 touch10=1.00 col10=0.00 to10=0.00 min_d= 0.30 avg_spd=2.04m/s end=goal t= 5929.0s
[TRAIN][PPO] ep=322/500 r=  610.53 avg10=  604.86 steps=1559 succ10=1.00 touch10=1.00 col10=0.00 to10=0.00 min_d= 0.30 avg_spd=2.01m/s end=goal t= 5948.9s
[TRAIN][PPO] ep=323/500 r=  605.79 avg10=  605.23 steps=1518 succ10=1.00 touch10=1.00 col10=0.00 to10=0.00 min_d= 0.30 avg_spd=2.03m/s end=goal t= 5968.4s
[TRAIN][PPO] ep=324/500 r=  602.79 avg10=  605.04 steps=1489 succ10=1.00 touch10=1.00 col10=0.00 to10=0.00 min_d= 0.30 avg_spd=2.05m/s end=goal t= 5989.9s
[TRAIN][PPO] ep=325/500 r=  609.64 avg10=  605.90 steps=1511 succ10=1.00 touch10=1.00 col10=0.00 to10=0.00 min_d= 0.30 avg_spd=2.04m/s end=goal t= 6009.4s
[TRAIN][PPO] ep=326/500 r=  617.41 avg10=  606.21 steps=1520 succ10=1.00 touch10=1.00 col10=0.00 to10=0.00 min_d= 0.30 avg_spd=2.01m/s end=goal t= 6028.9s
[TRAIN][PPO] ep=327/500 r=  615.08 avg10=  607.49 steps=1540 succ10=1.00 touch10=1.00 col10=0.00 to10=0.00 min_d= 0.30 avg_spd=2.03m/s end=goal t= 6048.8s
[TRAIN][PPO] ep=328/500 r=  607.42 avg10=  606.60 steps=1498 succ10=1.00 touch10=1.00 col10=0.00 to10=0.00 min_d= 0.30 avg_spd=2.05m/s end=goal t= 6069.6s
[TRAIN][PPO] ep=329/500 r=  616.71 avg10=  607.47 steps=1567 succ10=1.00 touch10=1.00 col10=0.00 to10=0.00 min_d= 0.30 avg_spd=2.02m/s end=goal t= 6089.7s
[TRAIN][PPO] ep=330/500 r=  600.49 avg10=  608.21 steps=1481 succ10=1.00 touch10=1.00 col10=0.00 to10=0.00 min_d= 0.30 avg_spd=2.03m/s end=goal t= 6108.9s
[TRAIN][PPO] ep=331/500 r=  604.71 avg10=  609.06 steps=1495 succ10=1.00 touch10=1.00 col10=0.00 to10=0.00 min_d= 0.30 avg_spd=2.05m/s end=goal t= 6128.7s
[TRAIN][PPO] ep=332/500 r=  613.32 avg10=  609.34 steps=1529 succ10=1.00 touch10=1.00 col10=0.00 to10=0.00 min_d= 0.30 avg_spd=2.02m/s end=goal t= 6150.5s
[TRAIN][PPO] ep=333/500 r=  602.29 avg10=  608.99 steps=1508 succ10=1.00 touch10=1.00 col10=0.00 to10=0.00 min_d= 0.30 avg_spd=2.02m/s end=goal t= 6170.0s
[TRAIN][PPO] ep=334/500 r=  602.19 avg10=  608.92 steps=1485 succ10=1.00 touch10=1.00 col10=0.00 to10=0.00 min_d= 0.30 avg_spd=2.03m/s end=goal t= 6189.0s
[TRAIN][PPO] ep=335/500 r=  616.13 avg10=  609.57 steps=1520 succ10=1.00 touch10=1.00 col10=0.00 to10=0.00 min_d= 0.30 avg_spd=2.03m/s end=goal t= 6208.9s
[TRAIN][PPO] ep=336/500 r=  615.71 avg10=  609.40 steps=1531 succ10=1.00 touch10=1.00 col10=0.00 to10=0.00 min_d= 0.30 avg_spd=2.04m/s end=goal t= 6230.6s
[TRAIN][PPO] ep=337/500 r=  605.30 avg10=  608.42 steps=1496 succ10=1.00 touch10=1.00 col10=0.00 to10=0.00 min_d= 0.30 avg_spd=2.04m/s end=goal t= 6249.9s
[TRAIN][PPO] ep=338/500 r=  613.30 avg10=  609.01 steps=1494 succ10=1.00 touch10=1.00 col10=0.00 to10=0.00 min_d= 0.30 avg_spd=2.05m/s end=goal t= 6269.0s
[TRAIN][PPO] ep=339/500 r=  606.99 avg10=  608.04 steps=1499 succ10=1.00 touch10=1.00 col10=0.00 to10=0.00 min_d= 0.30 avg_spd=2.05m/s end=goal t= 6288.7s
[TRAIN][PPO] ep=340/500 r=  605.25 avg10=  608.52 steps=1494 succ10=1.00 touch10=1.00 col10=0.00 to10=0.00 min_d= 0.30 avg_spd=2.04m/s end=goal t= 6309.5s
[TRAIN][PPO] ep=341/500 r=  595.26 avg10=  607.57 steps=1479 succ10=1.00 touch10=1.00 col10=0.00 to10=0.00 min_d= 0.30 avg_spd=2.04m/s end=goal t= 6328.5s
[TRAIN][PPO] ep=342/500 r=  600.88 avg10=  606.33 steps=1505 succ10=1.00 touch10=1.00 col10=0.00 to10=0.00 min_d= 0.30 avg_spd=2.02m/s end=goal t= 6348.2s
[TRAIN][PPO] ep=343/500 r=  599.16 avg10=  606.02 steps=1470 succ10=1.00 touch10=1.00 col10=0.00 to10=0.00 min_d= 0.30 avg_spd=2.03m/s end=goal t= 6367.6s
[TRAIN][PPO] ep=344/500 r=  614.67 avg10=  607.26 steps=1545 succ10=1.00 touch10=1.00 col10=0.00 to10=0.00 min_d= 0.30 avg_spd=2.03m/s end=goal t= 6389.4s
[TRAIN][PPO] ep=345/500 r=  616.18 avg10=  607.27 steps=1536 succ10=1.00 touch10=1.00 col10=0.00 to10=0.00 min_d= 0.30 avg_spd=2.03m/s end=goal t= 6409.0s
[TRAIN][PPO] ep=346/500 r=  597.31 avg10=  605.43 steps=1481 succ10=1.00 touch10=1.00 col10=0.00 to10=0.00 min_d= 0.30 avg_spd=2.04m/s end=goal t= 6428.4s
[TRAIN][PPO] ep=347/500 r=  612.01 avg10=  606.10 steps=1541 succ10=1.00 touch10=1.00 col10=0.00 to10=0.00 min_d= 0.30 avg_spd=2.01m/s end=goal t= 6448.4s
[TRAIN][PPO] ep=348/500 r=  340.65 avg10=  578.84 steps=1307 succ10=0.90 touch10=0.90 col10=0.10 to10=0.00 min_d= 0.97 avg_spd=2.02m/s end=collision t= 6467.9s
[TRAIN][PPO] ep=349/500 r=  605.07 avg10=  578.64 steps=1504 succ10=0.90 touch10=0.90 col10=0.10 to10=0.00 min_d= 0.30 avg_spd=2.05m/s end=goal t= 6487.3s
[TRAIN][PPO] ep=350/500 r=  613.72 avg10=  579.49 steps=1531 succ10=0.90 touch10=0.90 col10=0.10 to10=0.00 min_d= 0.30 avg_spd=2.02m/s end=goal t= 6507.0s
[TRAIN][PPO] ep=351/500 r=  617.16 avg10=  581.68 steps=1544 succ10=0.90 touch10=0.90 col10=0.10 to10=0.00 min_d= 0.30 avg_spd=2.03m/s end=goal t= 6526.8s
[TRAIN][PPO] ep=352/500 r=  602.46 avg10=  581.84 steps=1490 succ10=0.90 touch10=0.90 col10=0.10 to10=0.00 min_d= 0.30 avg_spd=2.04m/s end=goal t= 6547.8s
[TRAIN][PPO] ep=353/500 r=  597.11 avg10=  581.63 steps=1484 succ10=0.90 touch10=0.90 col10=0.10 to10=0.00 min_d= 0.30 avg_spd=2.06m/s end=goal t= 6566.9s
[TRAIN][PPO] ep=354/500 r=  612.14 avg10=  581.38 steps=1525 succ10=0.90 touch10=0.90 col10=0.10 to10=0.00 min_d= 0.30 avg_spd=2.04m/s end=goal t= 6586.7s
[TRAIN][PPO] ep=355/500 r=  604.39 avg10=  580.20 steps=1492 succ10=0.90 touch10=0.90 col10=0.10 to10=0.00 min_d= 0.30 avg_spd=2.04m/s end=goal t= 6606.1s
[TRAIN][PPO] ep=356/500 r=  593.69 avg10=  579.84 steps=1467 succ10=0.90 touch10=0.90 col10=0.10 to10=0.00 min_d= 0.30 avg_spd=2.05m/s end=goal t= 6627.2s
[TRAIN][PPO] ep=357/500 r=  599.08 avg10=  578.55 steps=1500 succ10=0.90 touch10=0.90 col10=0.10 to10=0.00 min_d= 0.30 avg_spd=2.02m/s end=goal t= 6646.7s
[TRAIN][PPO] ep=358/500 r=  598.68 avg10=  604.35 steps=1482 succ10=1.00 touch10=1.00 col10=0.00 to10=0.00 min_d= 0.30 avg_spd=2.03m/s end=goal t= 6665.7s
[TRAIN][PPO] ep=359/500 r=  370.24 avg10=  580.87 steps=1308 succ10=0.90 touch10=0.90 col10=0.10 to10=0.00 min_d= 0.88 avg_spd=2.01m/s end=collision t= 6682.9s
[TRAIN][PPO] ep=360/500 r=  611.66 avg10=  580.66 steps=1517 succ10=0.90 touch10=0.90 col10=0.10 to10=0.00 min_d= 0.30 avg_spd=2.03m/s end=goal t= 6704.3s
[TRAIN][PPO] ep=361/500 r=  616.46 avg10=  580.59 steps=1526 succ10=0.90 touch10=0.90 col10=0.10 to10=0.00 min_d= 0.30 avg_spd=2.03m/s end=goal t= 6724.3s
[TRAIN][PPO] ep=362/500 r=  603.43 avg10=  580.69 steps=1488 succ10=0.90 touch10=0.90 col10=0.10 to10=0.00 min_d= 0.30 avg_spd=2.07m/s end=goal t= 6743.6s
[TRAIN][PPO] ep=363/500 r=  599.66 avg10=  580.94 steps=1514 succ10=0.90 touch10=0.90 col10=0.10 to10=0.00 min_d= 0.30 avg_spd=2.02m/s end=goal t= 6763.1s
[TRAIN][PPO] ep=364/500 r=  604.45 avg10=  580.17 steps=1505 succ10=0.90 touch10=0.90 col10=0.10 to10=0.00 min_d= 0.30 avg_spd=2.05m/s end=goal t= 6784.4s
[TRAIN][PPO] ep=365/500 r=  607.06 avg10=  580.44 steps=1517 succ10=0.90 touch10=0.90 col10=0.10 to10=0.00 min_d= 0.30 avg_spd=2.02m/s end=goal t= 6804.1s
[TRAIN][PPO] ep=366/500 r=  597.37 avg10=  580.81 steps=1478 succ10=0.90 touch10=0.90 col10=0.10 to10=0.00 min_d= 0.30 avg_spd=2.03m/s end=goal t= 6823.2s
[TRAIN][PPO] ep=367/500 r=  339.71 avg10=  554.87 steps=1210 succ10=0.80 touch10=0.80 col10=0.20 to10=0.00 min_d= 0.97 avg_spd=2.08m/s end=collision t= 6838.7s
[TRAIN][PPO] ep=368/500 r=  597.71 avg10=  554.78 steps=1498 succ10=0.80 touch10=0.80 col10=0.20 to10=0.00 min_d= 0.30 avg_spd=2.03m/s end=goal t= 6859.2s
[TRAIN][PPO] ep=369/500 r=  602.84 avg10=  578.03 steps=1523 succ10=0.90 touch10=0.90 col10=0.10 to10=0.00 min_d= 0.30 avg_spd=2.03m/s end=goal t= 6878.9s
[TRAIN][PPO] ep=370/500 r=  609.90 avg10=  577.86 steps=1513 succ10=0.90 touch10=0.90 col10=0.10 to10=0.00 min_d= 0.30 avg_spd=2.04m/s end=goal t= 6898.3s
[TRAIN][PPO] ep=371/500 r=  607.40 avg10=  576.95 steps=1500 succ10=0.90 touch10=0.90 col10=0.10 to10=0.00 min_d= 0.30 avg_spd=2.04m/s end=goal t= 6917.6s
[TRAIN][PPO] ep=372/500 r=  609.70 avg10=  577.58 steps=1515 succ10=0.90 touch10=0.90 col10=0.10 to10=0.00 min_d= 0.30 avg_spd=2.06m/s end=goal t= 6939.4s
[TRAIN][PPO] ep=373/500 r=  610.72 avg10=  578.69 steps=1527 succ10=0.90 touch10=0.90 col10=0.10 to10=0.00 min_d= 0.30 avg_spd=2.05m/s end=goal t= 6959.0s
[TRAIN][PPO] ep=374/500 r=  590.55 avg10=  577.30 steps=1459 succ10=0.90 touch10=0.90 col10=0.10 to10=0.00 min_d= 0.30 avg_spd=2.05m/s end=goal t= 6977.5s
[TRAIN][PPO] ep=375/500 r=  595.13 avg10=  576.10 steps=1468 succ10=0.90 touch10=0.90 col10=0.10 to10=0.00 min_d= 0.30 avg_spd=2.04m/s end=goal t= 6996.4s
[TRAIN][PPO] ep=376/500 r=  598.59 avg10=  576.22 steps=1467 succ10=0.90 touch10=0.90 col10=0.10 to10=0.00 min_d= 0.30 avg_spd=2.06m/s end=goal t= 7016.9s
[TRAIN][PPO] ep=377/500 r=  609.70 avg10=  603.22 steps=1512 succ10=1.00 touch10=1.00 col10=0.00 to10=0.00 min_d= 0.30 avg_spd=2.03m/s end=goal t= 7036.3s
[TRAIN][PPO] ep=378/500 r=  601.57 avg10=  603.61 steps=1517 succ10=1.00 touch10=1.00 col10=0.00 to10=0.00 min_d= 0.30 avg_spd=2.03m/s end=goal t= 7055.4s
[TRAIN][PPO] ep=379/500 r=  602.90 avg10=  603.62 steps=1511 succ10=1.00 touch10=1.00 col10=0.00 to10=0.00 min_d= 0.30 avg_spd=2.02m/s end=goal t= 7074.4s
[TRAIN][PPO] ep=380/500 r=  615.28 avg10=  604.16 steps=1527 succ10=1.00 touch10=1.00 col10=0.00 to10=0.00 min_d= 0.30 avg_spd=2.04m/s end=goal t= 7095.9s
[TRAIN][PPO] ep=381/500 r=  605.32 avg10=  603.95 steps=1503 succ10=1.00 touch10=1.00 col10=0.00 to10=0.00 min_d= 0.30 avg_spd=2.02m/s end=goal t= 7115.4s
[TRAIN][PPO] ep=382/500 r=  601.60 avg10=  603.14 steps=1500 succ10=1.00 touch10=1.00 col10=0.00 to10=0.00 min_d= 0.30 avg_spd=2.04m/s end=goal t= 7135.0s
[TRAIN][PPO] ep=383/500 r=  612.36 avg10=  603.30 steps=1519 succ10=1.00 touch10=1.00 col10=0.00 to10=0.00 min_d= 0.30 avg_spd=2.04m/s end=goal t= 7154.3s
[TRAIN][PPO] ep=384/500 r=  595.63 avg10=  603.81 steps=1472 succ10=1.00 touch10=1.00 col10=0.00 to10=0.00 min_d= 0.30 avg_spd=2.04m/s end=goal t= 7174.6s
[TRAIN][PPO] ep=385/500 r=  608.77 avg10=  605.17 steps=1521 succ10=1.00 touch10=1.00 col10=0.00 to10=0.00 min_d= 0.30 avg_spd=2.04m/s end=goal t= 7194.1s
[TRAIN][PPO] ep=386/500 r=  601.21 avg10=  605.44 steps=1489 succ10=1.00 touch10=1.00 col10=0.00 to10=0.00 min_d= 0.30 avg_spd=2.04m/s end=goal t= 7213.3s
[TRAIN][PPO] ep=387/500 r=  611.40 avg10=  605.61 steps=1505 succ10=1.00 touch10=1.00 col10=0.00 to10=0.00 min_d= 0.30 avg_spd=2.05m/s end=goal t= 7232.5s
[TRAIN][PPO] ep=388/500 r=  609.54 avg10=  606.40 steps=1526 succ10=1.00 touch10=1.00 col10=0.00 to10=0.00 min_d= 0.30 avg_spd=2.04m/s end=goal t= 7254.3s
[TRAIN][PPO] ep=389/500 r=  598.32 avg10=  605.94 steps=1488 succ10=1.00 touch10=1.00 col10=0.00 to10=0.00 min_d= 0.30 avg_spd=2.04m/s end=goal t= 7273.3s
[TRAIN][PPO] ep=390/500 r=  611.80 avg10=  605.60 steps=1516 succ10=1.00 touch10=1.00 col10=0.00 to10=0.00 min_d= 0.30 avg_spd=2.03m/s end=goal t= 7292.1s
[TRAIN][PPO] ep=391/500 r=  613.67 avg10=  606.43 steps=1540 succ10=1.00 touch10=1.00 col10=0.00 to10=0.00 min_d= 0.30 avg_spd=2.04m/s end=goal t= 7311.9s
[TRAIN][PPO] ep=392/500 r=  604.65 avg10=  606.74 steps=1506 succ10=1.00 touch10=1.00 col10=0.00 to10=0.00 min_d= 0.30 avg_spd=2.05m/s end=goal t= 7334.4s
[TRAIN][PPO] ep=393/500 r=  598.47 avg10=  605.35 steps=1484 succ10=1.00 touch10=1.00 col10=0.00 to10=0.00 min_d= 0.30 avg_spd=2.03m/s end=goal t= 7353.2s
[TRAIN][PPO] ep=394/500 r=  612.47 avg10=  607.03 steps=1536 succ10=1.00 touch10=1.00 col10=0.00 to10=0.00 min_d= 0.30 avg_spd=2.03m/s end=goal t= 7372.5s
[TRAIN][PPO] ep=395/500 r=  609.88 avg10=  607.14 steps=1552 succ10=1.00 touch10=1.00 col10=0.00 to10=0.00 min_d= 0.30 avg_spd=2.02m/s end=goal t= 7392.6s
[TRAIN][PPO] ep=396/500 r=  352.17 avg10=  582.24 steps=1295 succ10=0.90 touch10=0.90 col10=0.10 to10=0.00 min_d= 0.98 avg_spd=2.04m/s end=collision t= 7411.1s
[TRAIN][PPO] ep=397/500 r=  610.86 avg10=  582.18 steps=1528 succ10=0.90 touch10=0.90 col10=0.10 to10=0.00 min_d= 0.30 avg_spd=2.04m/s end=goal t= 7430.2s
[TRAIN][PPO] ep=398/500 r=  600.60 avg10=  581.29 steps=1486 succ10=0.90 touch10=0.90 col10=0.10 to10=0.00 min_d= 0.30 avg_spd=2.02m/s end=goal t= 7449.0s
[TRAIN][PPO] ep=399/500 r=  617.39 avg10=  583.20 steps=1548 succ10=0.90 touch10=0.90 col10=0.10 to10=0.00 min_d= 0.30 avg_spd=2.02m/s end=goal t= 7467.9s
[TRAIN][PPO] ep=400/500 r=  595.55 avg10=  581.57 steps=1521 succ10=0.90 touch10=0.90 col10=0.10 to10=0.00 min_d= 0.30 avg_spd=2.03m/s end=goal t= 7489.5s ckpt=latest
[TRAIN][PPO] ep=401/500 r=  608.37 avg10=  581.04 steps=1498 succ10=0.90 touch10=0.90 col10=0.10 to10=0.00 min_d= 0.30 avg_spd=2.03m/s end=goal t= 7508.5s
[TRAIN][PPO] ep=402/500 r=  611.28 avg10=  581.70 steps=1528 succ10=0.90 touch10=0.90 col10=0.10 to10=0.00 min_d= 0.30 avg_spd=2.02m/s end=goal t= 7528.0s
[TRAIN][PPO] ep=403/500 r=  592.36 avg10=  581.09 steps=1468 succ10=0.90 touch10=0.90 col10=0.10 to10=0.00 min_d= 0.30 avg_spd=2.04m/s end=goal t= 7546.9s
[TRAIN][PPO] ep=404/500 r=  608.99 avg10=  580.74 steps=1519 succ10=0.90 touch10=0.90 col10=0.10 to10=0.00 min_d= 0.30 avg_spd=2.05m/s end=goal t= 7567.9s
[TRAIN][PPO] ep=405/500 r=  603.29 avg10=  580.08 steps=1558 succ10=0.90 touch10=0.90 col10=0.10 to10=0.00 min_d= 0.30 avg_spd=2.01m/s end=goal t= 7587.5s
[TRAIN][PPO] ep=406/500 r=  599.27 avg10=  604.79 steps=1478 succ10=1.00 touch10=1.00 col10=0.00 to10=0.00 min_d= 0.30 avg_spd=2.03m/s end=goal t= 7606.4s
[TRAIN][PPO] ep=407/500 r=  611.24 avg10=  604.83 steps=1526 succ10=1.00 touch10=1.00 col10=0.00 to10=0.00 min_d= 0.30 avg_spd=2.02m/s end=goal t= 7626.1s
[TRAIN][PPO] ep=408/500 r=  601.81 avg10=  604.96 steps=1491 succ10=1.00 touch10=1.00 col10=0.00 to10=0.00 min_d= 0.30 avg_spd=2.05m/s end=goal t= 7647.7s
[TRAIN][PPO] ep=409/500 r=  599.56 avg10=  603.17 steps=1495 succ10=1.00 touch10=1.00 col10=0.00 to10=0.00 min_d= 0.30 avg_spd=2.03m/s end=goal t= 7666.2s
[TRAIN][PPO] ep=410/500 r=  606.97 avg10=  604.31 steps=1506 succ10=1.00 touch10=1.00 col10=0.00 to10=0.00 min_d= 0.30 avg_spd=2.06m/s end=goal t= 7684.4s
[TRAIN][PPO] ep=411/500 r=  591.17 avg10=  602.59 steps=1432 succ10=1.00 touch10=1.00 col10=0.00 to10=0.00 min_d= 0.30 avg_spd=2.06m/s end=goal t= 7701.8s
[TRAIN][PPO] ep=412/500 r=  594.04 avg10=  600.87 steps=1481 succ10=1.00 touch10=1.00 col10=0.00 to10=0.00 min_d= 0.30 avg_spd=2.04m/s end=goal t= 7721.4s
[TRAIN][PPO] ep=413/500 r=  610.03 avg10=  602.64 steps=1510 succ10=1.00 touch10=1.00 col10=0.00 to10=0.00 min_d= 0.30 avg_spd=2.06m/s end=goal t= 7739.8s
[TRAIN][PPO] ep=414/500 r=  611.94 avg10=  602.93 steps=1550 succ10=1.00 touch10=1.00 col10=0.00 to10=0.00 min_d= 0.30 avg_spd=2.03m/s end=goal t= 7758.8s
[TRAIN][PPO] ep=415/500 r=  603.92 avg10=  603.00 steps=1514 succ10=1.00 touch10=1.00 col10=0.00 to10=0.00 min_d= 0.30 avg_spd=2.02m/s end=goal t= 7776.5s
[TRAIN][PPO] ep=416/500 r=  601.97 avg10=  603.27 steps=1491 succ10=1.00 touch10=1.00 col10=0.00 to10=0.00 min_d= 0.30 avg_spd=2.05m/s end=goal t= 7798.1s
[TRAIN][PPO] ep=417/500 r=  597.13 avg10=  601.85 steps=1473 succ10=1.00 touch10=1.00 col10=0.00 to10=0.00 min_d= 0.30 avg_spd=2.04m/s end=goal t= 7816.3s
[TRAIN][PPO] ep=418/500 r=  608.20 avg10=  602.49 steps=1520 succ10=1.00 touch10=1.00 col10=0.00 to10=0.00 min_d= 0.30 avg_spd=2.04m/s end=goal t= 7835.3s
[TRAIN][PPO] ep=419/500 r=  608.31 avg10=  603.37 steps=1516 succ10=1.00 touch10=1.00 col10=0.00 to10=0.00 min_d= 0.30 avg_spd=2.04m/s end=goal t= 7853.9s
[TRAIN][PPO] ep=420/500 r=  618.60 avg10=  604.53 steps=1559 succ10=1.00 touch10=1.00 col10=0.00 to10=0.00 min_d= 0.30 avg_spd=2.01m/s end=goal t= 7877.0s
[TRAIN][PPO] ep=421/500 r=  604.11 avg10=  605.83 steps=1491 succ10=1.00 touch10=1.00 col10=0.00 to10=0.00 min_d= 0.30 avg_spd=2.04m/s end=goal t= 7894.9s
[TRAIN][PPO] ep=422/500 r=  597.62 avg10=  606.18 steps=1483 succ10=1.00 touch10=1.00 col10=0.00 to10=0.00 min_d= 0.30 avg_spd=2.05m/s end=goal t= 7913.2s
[TRAIN][PPO] ep=423/500 r=  597.98 avg10=  604.98 steps=1494 succ10=1.00 touch10=1.00 col10=0.00 to10=0.00 min_d= 0.30 avg_spd=2.03m/s end=goal t= 7931.8s
[TRAIN][PPO] ep=424/500 r=  608.76 avg10=  604.66 steps=1504 succ10=1.00 touch10=1.00 col10=0.00 to10=0.00 min_d= 0.30 avg_spd=2.04m/s end=goal t= 7953.3s
[TRAIN][PPO] ep=425/500 r=  607.67 avg10=  605.04 steps=1494 succ10=1.00 touch10=1.00 col10=0.00 to10=0.00 min_d= 0.30 avg_spd=2.04m/s end=goal t= 7972.2s
[TRAIN][PPO] ep=426/500 r=  612.52 avg10=  606.09 steps=1530 succ10=1.00 touch10=1.00 col10=0.00 to10=0.00 min_d= 0.30 avg_spd=2.04m/s end=goal t= 7991.4s
[TRAIN][PPO] ep=427/500 r=  598.03 avg10=  606.18 steps=1484 succ10=1.00 touch10=1.00 col10=0.00 to10=0.00 min_d= 0.30 avg_spd=2.05m/s end=goal t= 8010.3s
[TRAIN][PPO] ep=428/500 r=  600.61 avg10=  605.42 steps=1484 succ10=1.00 touch10=1.00 col10=0.00 to10=0.00 min_d= 0.30 avg_spd=2.04m/s end=goal t= 8031.7s
[TRAIN][PPO] ep=429/500 r=  616.10 avg10=  606.20 steps=1540 succ10=1.00 touch10=1.00 col10=0.00 to10=0.00 min_d= 0.30 avg_spd=2.02m/s end=goal t= 8051.3s
[TRAIN][PPO] ep=430/500 r=  593.46 avg10=  603.69 steps=1465 succ10=1.00 touch10=1.00 col10=0.00 to10=0.00 min_d= 0.30 avg_spd=2.04m/s end=goal t= 8070.1s
[TRAIN][PPO] ep=431/500 r=  600.16 avg10=  603.29 steps=1501 succ10=1.00 touch10=1.00 col10=0.00 to10=0.00 min_d= 0.30 avg_spd=2.03m/s end=goal t= 8089.6s
[TRAIN][PPO] ep=432/500 r=  605.40 avg10=  604.07 steps=1526 succ10=1.00 touch10=1.00 col10=0.00 to10=0.00 min_d= 0.30 avg_spd=2.03m/s end=goal t= 8112.2s
[TRAIN][PPO] ep=433/500 r=  614.36 avg10=  605.71 steps=1517 succ10=1.00 touch10=1.00 col10=0.00 to10=0.00 min_d= 0.30 avg_spd=2.03m/s end=goal t= 8131.9s
[TRAIN][PPO] ep=434/500 r=  600.34 avg10=  604.86 steps=1485 succ10=1.00 touch10=1.00 col10=0.00 to10=0.00 min_d= 0.30 avg_spd=2.05m/s end=goal t= 8151.1s
[TRAIN][PPO] ep=435/500 r=  607.87 avg10=  604.89 steps=1512 succ10=1.00 touch10=1.00 col10=0.00 to10=0.00 min_d= 0.30 avg_spd=2.04m/s end=goal t= 8170.4s
[TRAIN][PPO] ep=436/500 r=  606.20 avg10=  604.25 steps=1499 succ10=1.00 touch10=1.00 col10=0.00 to10=0.00 min_d= 0.30 avg_spd=2.04m/s end=goal t= 8191.8s
[TRAIN][PPO] ep=437/500 r=  614.79 avg10=  605.93 steps=1530 succ10=1.00 touch10=1.00 col10=0.00 to10=0.00 min_d= 0.30 avg_spd=2.03m/s end=goal t= 8211.2s
[TRAIN][PPO] ep=438/500 r=  606.94 avg10=  606.56 steps=1527 succ10=1.00 touch10=1.00 col10=0.00 to10=0.00 min_d= 0.30 avg_spd=2.05m/s end=goal t= 8230.5s
[TRAIN][PPO] ep=439/500 r=  605.54 avg10=  605.50 steps=1507 succ10=1.00 touch10=1.00 col10=0.00 to10=0.00 min_d= 0.30 avg_spd=2.02m/s end=goal t= 8249.9s
[TRAIN][PPO] ep=440/500 r=  604.14 avg10=  606.57 steps=1478 succ10=1.00 touch10=1.00 col10=0.00 to10=0.00 min_d= 0.30 avg_spd=2.03m/s end=goal t= 8270.5s
[TRAIN][PPO] ep=441/500 r=  608.18 avg10=  607.37 steps=1489 succ10=1.00 touch10=1.00 col10=0.00 to10=0.00 min_d= 0.30 avg_spd=2.05m/s end=goal t= 8289.9s
[TRAIN][PPO] ep=442/500 r=  593.67 avg10=  606.20 steps=1448 succ10=1.00 touch10=1.00 col10=0.00 to10=0.00 min_d= 0.30 avg_spd=2.05m/s end=goal t= 8308.5s
[TRAIN][PPO] ep=443/500 r=  619.25 avg10=  606.69 steps=1536 succ10=1.00 touch10=1.00 col10=0.00 to10=0.00 min_d= 0.30 avg_spd=2.02m/s end=goal t= 8328.4s
[TRAIN][PPO] ep=444/500 r=  612.38 avg10=  607.89 steps=1512 succ10=1.00 touch10=1.00 col10=0.00 to10=0.00 min_d= 0.30 avg_spd=2.05m/s end=goal t= 8349.7s
[TRAIN][PPO] ep=445/500 r=  609.62 avg10=  608.07 steps=1510 succ10=1.00 touch10=1.00 col10=0.00 to10=0.00 min_d= 0.30 avg_spd=2.03m/s end=goal t= 8369.4s
[TRAIN][PPO] ep=446/500 r=  612.04 avg10=  608.65 steps=1526 succ10=1.00 touch10=1.00 col10=0.00 to10=0.00 min_d= 0.30 avg_spd=2.02m/s end=goal t= 8389.0s
[TRAIN][PPO] ep=447/500 r=  599.72 avg10=  607.15 steps=1476 succ10=1.00 touch10=1.00 col10=0.00 to10=0.00 min_d= 0.30 avg_spd=2.05m/s end=goal t= 8407.9s
[TRAIN][PPO] ep=448/500 r=  604.32 avg10=  606.89 steps=1514 succ10=1.00 touch10=1.00 col10=0.00 to10=0.00 min_d= 0.30 avg_spd=2.03m/s end=goal t= 8429.3s
[TRAIN][PPO] ep=449/500 r=  590.78 avg10=  605.41 steps=1474 succ10=1.00 touch10=1.00 col10=0.00 to10=0.00 min_d= 0.30 avg_spd=2.05m/s end=goal t= 8447.5s
[TRAIN][PPO] ep=450/500 r=  610.99 avg10=  606.09 steps=1519 succ10=1.00 touch10=1.00 col10=0.00 to10=0.00 min_d= 0.30 avg_spd=2.06m/s end=goal t= 8466.6s
[TRAIN][PPO] ep=451/500 r=  616.00 avg10=  606.88 steps=1517 succ10=1.00 touch10=1.00 col10=0.00 to10=0.00 min_d= 0.30 avg_spd=2.04m/s end=goal t= 8486.1s
[TRAIN][PPO] ep=452/500 r=  593.49 avg10=  606.86 steps=1434 succ10=1.00 touch10=1.00 col10=0.00 to10=0.00 min_d= 0.30 avg_spd=2.07m/s end=goal t= 8506.5s
[TRAIN][PPO] ep=453/500 r=  604.59 avg10=  605.39 steps=1538 succ10=1.00 touch10=1.00 col10=0.00 to10=0.00 min_d= 0.30 avg_spd=2.00m/s end=goal t= 8526.3s
[TRAIN][PPO] ep=454/500 r=  616.42 avg10=  605.80 steps=1555 succ10=1.00 touch10=1.00 col10=0.00 to10=0.00 min_d= 0.30 avg_spd=2.02m/s end=goal t= 8546.4s
[TRAIN][PPO] ep=455/500 r=  594.12 avg10=  604.25 steps=1457 succ10=1.00 touch10=1.00 col10=0.00 to10=0.00 min_d= 0.30 avg_spd=2.06m/s end=goal t= 8565.1s
[TRAIN][PPO] ep=456/500 r=  598.46 avg10=  602.89 steps=1497 succ10=1.00 touch10=1.00 col10=0.00 to10=0.00 min_d= 0.30 avg_spd=2.02m/s end=goal t= 8586.2s
[TRAIN][PPO] ep=457/500 r=  607.77 avg10=  603.69 steps=1505 succ10=1.00 touch10=1.00 col10=0.00 to10=0.00 min_d= 0.30 avg_spd=2.06m/s end=goal t= 8605.9s
[TRAIN][PPO] ep=458/500 r=  610.60 avg10=  604.32 steps=1513 succ10=1.00 touch10=1.00 col10=0.00 to10=0.00 min_d= 0.30 avg_spd=2.05m/s end=goal t= 8625.3s
[TRAIN][PPO] ep=459/500 r=  594.43 avg10=  604.69 steps=1469 succ10=1.00 touch10=1.00 col10=0.00 to10=0.00 min_d= 0.30 avg_spd=2.05m/s end=goal t= 8644.0s
[TRAIN][PPO] ep=460/500 r=  610.65 avg10=  604.65 steps=1490 succ10=1.00 touch10=1.00 col10=0.00 to10=0.00 min_d= 0.30 avg_spd=2.03m/s end=goal t= 8665.4s
[TRAIN][PPO] ep=461/500 r=  595.41 avg10=  602.59 steps=1467 succ10=1.00 touch10=1.00 col10=0.00 to10=0.00 min_d= 0.30 avg_spd=2.04m/s end=goal t= 8684.6s
[TRAIN][PPO] ep=462/500 r=  605.25 avg10=  603.77 steps=1482 succ10=1.00 touch10=1.00 col10=0.00 to10=0.00 min_d= 0.30 avg_spd=2.04m/s end=goal t= 8703.9s
[TRAIN][PPO] ep=463/500 r=  596.45 avg10=  602.96 steps=1478 succ10=1.00 touch10=1.00 col10=0.00 to10=0.00 min_d= 0.30 avg_spd=2.04m/s end=goal t= 8722.5s
[TRAIN][PPO] ep=464/500 r=  600.88 avg10=  601.40 steps=1483 succ10=1.00 touch10=1.00 col10=0.00 to10=0.00 min_d= 0.30 avg_spd=2.03m/s end=goal t= 8743.1s
[TRAIN][PPO] ep=465/500 r=  592.76 avg10=  601.27 steps=1468 succ10=1.00 touch10=1.00 col10=0.00 to10=0.00 min_d= 0.30 avg_spd=2.05m/s end=goal t= 8762.1s
[TRAIN][PPO] ep=466/500 r=  594.08 avg10=  600.83 steps=1453 succ10=1.00 touch10=1.00 col10=0.00 to10=0.00 min_d= 0.30 avg_spd=2.05m/s end=goal t= 8780.7s
[TRAIN][PPO] ep=467/500 r=  602.90 avg10=  600.34 steps=1472 succ10=1.00 touch10=1.00 col10=0.00 to10=0.00 min_d= 0.30 avg_spd=2.06m/s end=goal t= 8799.5s
[TRAIN][PPO] ep=468/500 r=  594.54 avg10=  598.73 steps=1454 succ10=1.00 touch10=1.00 col10=0.00 to10=0.00 min_d= 0.30 avg_spd=2.07m/s end=goal t= 8820.4s
[TRAIN][PPO] ep=469/500 r=  606.12 avg10=  599.90 steps=1502 succ10=1.00 touch10=1.00 col10=0.00 to10=0.00 min_d= 0.30 avg_spd=2.04m/s end=goal t= 8840.1s
[TRAIN][PPO] ep=470/500 r=  602.84 avg10=  599.12 steps=1492 succ10=1.00 touch10=1.00 col10=0.00 to10=0.00 min_d= 0.30 avg_spd=2.04m/s end=goal t= 8859.3s
[TRAIN][PPO] ep=471/500 r=  595.26 avg10=  599.11 steps=1469 succ10=1.00 touch10=1.00 col10=0.00 to10=0.00 min_d= 0.30 avg_spd=2.04m/s end=goal t= 8878.4s
[TRAIN][PPO] ep=472/500 r=  596.31 avg10=  598.21 steps=1494 succ10=1.00 touch10=1.00 col10=0.00 to10=0.00 min_d= 0.30 avg_spd=2.03m/s end=goal t= 8899.8s
[TRAIN][PPO] ep=473/500 r=  608.91 avg10=  599.46 steps=1484 succ10=1.00 touch10=1.00 col10=0.00 to10=0.00 min_d= 0.30 avg_spd=2.07m/s end=goal t= 8918.6s
[TRAIN][PPO] ep=474/500 r=  612.01 avg10=  600.57 steps=1498 succ10=1.00 touch10=1.00 col10=0.00 to10=0.00 min_d= 0.30 avg_spd=2.05m/s end=goal t= 8937.7s
[TRAIN][PPO] ep=475/500 r=  593.05 avg10=  600.60 steps=1450 succ10=1.00 touch10=1.00 col10=0.00 to10=0.00 min_d= 0.30 avg_spd=2.05m/s end=goal t= 8956.6s
[TRAIN][PPO] ep=476/500 r=  607.89 avg10=  601.98 steps=1481 succ10=1.00 touch10=1.00 col10=0.00 to10=0.00 min_d= 0.30 avg_spd=2.03m/s end=goal t= 8977.7s
[TRAIN][PPO] ep=477/500 r=  590.79 avg10=  600.77 steps=1478 succ10=1.00 touch10=1.00 col10=0.00 to10=0.00 min_d= 0.30 avg_spd=2.06m/s end=goal t= 8996.6s
[TRAIN][PPO] ep=478/500 r=  592.18 avg10=  600.54 steps=1442 succ10=1.00 touch10=1.00 col10=0.00 to10=0.00 min_d= 0.30 avg_spd=2.07m/s end=goal t= 9015.1s
[TRAIN][PPO] ep=479/500 r=  615.52 avg10=  601.48 steps=1562 succ10=1.00 touch10=1.00 col10=0.00 to10=0.00 min_d= 0.30 avg_spd=2.02m/s end=goal t= 9034.6s
[TRAIN][PPO] ep=480/500 r=  604.28 avg10=  601.62 steps=1509 succ10=1.00 touch10=1.00 col10=0.00 to10=0.00 min_d= 0.30 avg_spd=2.05m/s end=goal t= 9055.7s
[TRAIN][PPO] ep=481/500 r=  597.34 avg10=  601.83 steps=1475 succ10=1.00 touch10=1.00 col10=0.00 to10=0.00 min_d= 0.30 avg_spd=2.04m/s end=goal t= 9074.8s
[TRAIN][PPO] ep=482/500 r=  599.86 avg10=  602.18 steps=1475 succ10=1.00 touch10=1.00 col10=0.00 to10=0.00 min_d= 0.30 avg_spd=2.04m/s end=goal t= 9094.0s
[TRAIN][PPO] ep=483/500 r=  610.52 avg10=  602.34 steps=1510 succ10=1.00 touch10=1.00 col10=0.00 to10=0.00 min_d= 0.30 avg_spd=2.04m/s end=goal t= 9113.6s
[TRAIN][PPO] ep=484/500 r=  608.53 avg10=  602.00 steps=1497 succ10=1.00 touch10=1.00 col10=0.00 to10=0.00 min_d= 0.30 avg_spd=2.06m/s end=goal t= 9135.3s
[TRAIN][PPO] ep=485/500 r=  600.89 avg10=  602.78 steps=1478 succ10=1.00 touch10=1.00 col10=0.00 to10=0.00 min_d= 0.30 avg_spd=2.05m/s end=goal t= 9154.7s
[TRAIN][PPO] ep=486/500 r=  610.92 avg10=  603.08 steps=1502 succ10=1.00 touch10=1.00 col10=0.00 to10=0.00 min_d= 0.30 avg_spd=2.02m/s end=goal t= 9174.0s
[TRAIN][PPO] ep=487/500 r=  597.62 avg10=  603.77 steps=1472 succ10=1.00 touch10=1.00 col10=0.00 to10=0.00 min_d= 0.30 avg_spd=2.04m/s end=goal t= 9193.0s
[TRAIN][PPO] ep=488/500 r=  616.87 avg10=  606.24 steps=1531 succ10=1.00 touch10=1.00 col10=0.00 to10=0.00 min_d= 0.30 avg_spd=2.02m/s end=goal t= 9214.7s
[TRAIN][PPO] ep=489/500 r=  616.65 avg10=  606.35 steps=1520 succ10=1.00 touch10=1.00 col10=0.00 to10=0.00 min_d= 0.30 avg_spd=2.03m/s end=goal t= 9233.8s
[TRAIN][PPO] ep=490/500 r=  608.57 avg10=  606.78 steps=1484 succ10=1.00 touch10=1.00 col10=0.00 to10=0.00 min_d= 0.30 avg_spd=2.05m/s end=goal t= 9253.1s
[TRAIN][PPO] ep=491/500 r=  606.97 avg10=  607.74 steps=1479 succ10=1.00 touch10=1.00 col10=0.00 to10=0.00 min_d= 0.30 avg_spd=2.05m/s end=goal t= 9272.2s
[TRAIN][PPO] ep=492/500 r=  601.63 avg10=  607.92 steps=1459 succ10=1.00 touch10=1.00 col10=0.00 to10=0.00 min_d= 0.30 avg_spd=2.04m/s end=goal t= 9292.8s
[TRAIN][PPO] ep=493/500 r=  605.39 avg10=  607.40 steps=1470 succ10=1.00 touch10=1.00 col10=0.00 to10=0.00 min_d= 0.30 avg_spd=2.05m/s end=goal t= 9311.7s
[TRAIN][PPO] ep=494/500 r=  598.02 avg10=  606.35 steps=1478 succ10=1.00 touch10=1.00 col10=0.00 to10=0.00 min_d= 0.30 avg_spd=2.03m/s end=goal t= 9330.5s
[TRAIN][PPO] ep=495/500 r=  605.45 avg10=  606.81 steps=1512 succ10=1.00 touch10=1.00 col10=0.00 to10=0.00 min_d= 0.30 avg_spd=2.05m/s end=goal t= 9349.9s
[TRAIN][PPO] ep=496/500 r=  616.23 avg10=  607.34 steps=1520 succ10=1.00 touch10=1.00 col10=0.00 to10=0.00 min_d= 0.30 avg_spd=2.02m/s end=goal t= 9371.7s
[TRAIN][PPO] ep=497/500 r=  612.58 avg10=  608.84 steps=1498 succ10=1.00 touch10=1.00 col10=0.00 to10=0.00 min_d= 0.30 avg_spd=2.04m/s end=goal t= 9390.8s
[TRAIN][PPO] ep=498/500 r=  597.85 avg10=  606.93 steps=1485 succ10=1.00 touch10=1.00 col10=0.00 to10=0.00 min_d= 0.30 avg_spd=2.02m/s end=goal t= 9409.7s
[TRAIN][PPO] ep=499/500 r=  598.11 avg10=  605.08 steps=1487 succ10=1.00 touch10=1.00 col10=0.00 to10=0.00 min_d= 0.30 avg_spd=2.04m/s end=goal t= 9428.5s
INFO: PPO: Terminating.
[RUN] completed stage checkpoint=/uio/hume/student-u79/esbrovol/fys5429/DRL-Obstacle-Avoidance/controllers/PPO/checkpoints/20260525_141956_gru_seed01_stage03_train_3_three_obs/final_20260525_141956_gru_seed01_stage03_train_3_three_obs.pth
[RUN] arch=gru seed=1 stage=4/10 world=/uio/hume/student-u79/esbrovol/fys5429/DRL-Obstacle-Avoidance/worlds/training/train_4_five_obs.wbt
[RUN] resuming from /uio/hume/student-u79/esbrovol/fys5429/DRL-Obstacle-Avoidance/controllers/PPO/checkpoints/20260525_141956_gru_seed01_stage03_train_3_three_obs/final_20260525_141956_gru_seed01_stage03_train_3_three_obs.pth
INFO: PPO: Starting controller: python3 -u PPO.py
[PPO] Using architecture: GRU
[PPO] Loaded architecture: GRU
[TRAIN][PPO] arch=GRU weights_dir=/uio/hume/student-u79/esbrovol/fys5429/DRL-Obstacle-Avoidance/controllers/PPO/checkpoints/20260525_141956_gru_seed01_stage04_train_4_five_obs final=/uio/hume/student-u79/esbrovol/fys5429/DRL-Obstacle-Avoidance/controllers/PPO/checkpoints/20260525_141956_gru_seed01_stage04_train_4_five_obs/final_20260525_141956_gru_seed01_stage04_train_4_five_obs.pth
[TRAIN][PPO] episodes=500 update_every=4 obs=31 act=2 cell=GRU seq=32 burn_in=8
[TRAIN][PPO] ep=001/500 r=  608.46 avg10=  608.46 steps=1477 succ10=1.00 touch10=1.00 col10=0.00 to10=0.00 min_d= 0.30 avg_spd=2.05m/s end=goal t=   19.7s ckpt=best_goal
[TRAIN][PPO] ep=002/500 r=  608.49 avg10=  608.48 steps=1482 succ10=1.00 touch10=1.00 col10=0.00 to10=0.00 min_d= 0.30 avg_spd=2.06m/s end=goal t=   39.2s ckpt=best_goal
[TRAIN][PPO] ep=003/500 r=  605.55 avg10=  607.50 steps=1469 succ10=1.00 touch10=1.00 col10=0.00 to10=0.00 min_d= 0.30 avg_spd=2.04m/s end=goal t=   58.4s
[TRAIN][PPO] ep=004/500 r=  607.06 avg10=  607.39 steps=1488 succ10=1.00 touch10=1.00 col10=0.00 to10=0.00 min_d= 0.30 avg_spd=2.06m/s end=goal t=   79.4s
[TRAIN][PPO] ep=005/500 r=  604.22 avg10=  606.76 steps=1457 succ10=1.00 touch10=1.00 col10=0.00 to10=0.00 min_d= 0.30 avg_spd=2.04m/s end=goal t=   97.8s
[TRAIN][PPO] ep=006/500 r=  612.58 avg10=  607.73 steps=1484 succ10=1.00 touch10=1.00 col10=0.00 to10=0.00 min_d= 0.30 avg_spd=2.05m/s end=goal t=  117.5s ckpt=best_goal
[TRAIN][PPO] ep=007/500 r=  596.36 avg10=  606.10 steps=1442 succ10=1.00 touch10=1.00 col10=0.00 to10=0.00 min_d= 0.30 avg_spd=2.04m/s end=goal t=  136.5s
[TRAIN][PPO] ep=008/500 r=  599.40 avg10=  605.26 steps=1464 succ10=1.00 touch10=1.00 col10=0.00 to10=0.00 min_d= 0.30 avg_spd=2.03m/s end=goal t=  158.5s
[TRAIN][PPO] ep=009/500 r=  619.78 avg10=  606.88 steps=1505 succ10=1.00 touch10=1.00 col10=0.00 to10=0.00 min_d= 0.30 avg_spd=2.03m/s end=goal t=  178.5s ckpt=best_goal
[TRAIN][PPO] ep=010/500 r=  617.68 avg10=  607.96 steps=1540 succ10=1.00 touch10=1.00 col10=0.00 to10=0.00 min_d= 0.30 avg_spd=2.03m/s end=goal t=  198.8s
[TRAIN][PPO] ep=011/500 r=  601.03 avg10=  607.21 steps=1449 succ10=1.00 touch10=1.00 col10=0.00 to10=0.00 min_d= 0.30 avg_spd=2.06m/s end=goal t=  217.9s
[TRAIN][PPO] ep=012/500 r=  603.92 avg10=  606.76 steps=1500 succ10=1.00 touch10=1.00 col10=0.00 to10=0.00 min_d= 0.30 avg_spd=2.03m/s end=goal t=  239.6s
[TRAIN][PPO] ep=013/500 r=  597.94 avg10=  606.00 steps=1455 succ10=1.00 touch10=1.00 col10=0.00 to10=0.00 min_d= 0.30 avg_spd=2.05m/s end=goal t=  259.2s
[TRAIN][PPO] ep=014/500 r=  610.26 avg10=  606.32 steps=1485 succ10=1.00 touch10=1.00 col10=0.00 to10=0.00 min_d= 0.30 avg_spd=2.04m/s end=goal t=  278.6s
[TRAIN][PPO] ep=015/500 r=  605.42 avg10=  606.44 steps=1471 succ10=1.00 touch10=1.00 col10=0.00 to10=0.00 min_d= 0.30 avg_spd=2.05m/s end=goal t=  298.2s
[TRAIN][PPO] ep=016/500 r=  605.93 avg10=  605.77 steps=1472 succ10=1.00 touch10=1.00 col10=0.00 to10=0.00 min_d= 0.30 avg_spd=2.06m/s end=goal t=  320.2s
[TRAIN][PPO] ep=017/500 r=  600.80 avg10=  606.22 steps=1443 succ10=1.00 touch10=1.00 col10=0.00 to10=0.00 min_d= 0.30 avg_spd=2.06m/s end=goal t=  339.1s
[TRAIN][PPO] ep=018/500 r=  604.36 avg10=  606.71 steps=1445 succ10=1.00 touch10=1.00 col10=0.00 to10=0.00 min_d= 0.30 avg_spd=2.06m/s end=goal t=  357.9s
[TRAIN][PPO] ep=019/500 r=  611.88 avg10=  605.92 steps=1483 succ10=1.00 touch10=1.00 col10=0.00 to10=0.00 min_d= 0.30 avg_spd=2.05m/s end=goal t=  377.4s
[TRAIN][PPO] ep=020/500 r=  615.65 avg10=  605.72 steps=1488 succ10=1.00 touch10=1.00 col10=0.00 to10=0.00 min_d= 0.30 avg_spd=2.04m/s end=goal t=  398.6s
[TRAIN][PPO] ep=021/500 r=  607.23 avg10=  606.34 steps=1454 succ10=1.00 touch10=1.00 col10=0.00 to10=0.00 min_d= 0.30 avg_spd=2.06m/s end=goal t=  417.2s
[TRAIN][PPO] ep=022/500 r=  601.36 avg10=  606.08 steps=1474 succ10=1.00 touch10=1.00 col10=0.00 to10=0.00 min_d= 0.30 avg_spd=2.04m/s end=goal t=  435.8s
[TRAIN][PPO] ep=023/500 r=  292.27 avg10=  575.52 steps= 999 succ10=0.90 touch10=0.90 col10=0.10 to10=0.00 min_d= 1.44 avg_spd=2.03m/s end=collision t=  448.6s
[TRAIN][PPO] ep=024/500 r=  609.12 avg10=  575.40 steps=1471 succ10=0.90 touch10=0.90 col10=0.10 to10=0.00 min_d= 0.30 avg_spd=2.06m/s end=goal t=  469.2s
[TRAIN][PPO] ep=025/500 r=  613.86 avg10=  576.25 steps=1485 succ10=0.90 touch10=0.90 col10=0.10 to10=0.00 min_d= 0.30 avg_spd=2.04m/s end=goal t=  488.2s
[TRAIN][PPO] ep=026/500 r=   63.42 avg10=  521.99 steps= 367 succ10=0.80 touch10=0.80 col10=0.20 to10=0.00 min_d= 3.06 avg_spd=2.00m/s end=collision t=  493.0s
[TRAIN][PPO] ep=027/500 r=  605.96 avg10=  522.51 steps=1466 succ10=0.80 touch10=0.80 col10=0.20 to10=0.00 min_d= 0.30 avg_spd=2.03m/s end=goal t=  511.9s
[TRAIN][PPO] ep=028/500 r=  608.14 avg10=  522.89 steps=1475 succ10=0.80 touch10=0.80 col10=0.20 to10=0.00 min_d= 0.30 avg_spd=2.05m/s end=goal t=  532.1s
[TRAIN][PPO] ep=029/500 r=  594.77 avg10=  521.18 steps=1432 succ10=0.80 touch10=0.80 col10=0.20 to10=0.00 min_d= 0.30 avg_spd=2.05m/s end=goal t=  550.9s
[TRAIN][PPO] ep=030/500 r=  614.66 avg10=  521.08 steps=1495 succ10=0.80 touch10=0.80 col10=0.20 to10=0.00 min_d= 0.30 avg_spd=2.04m/s end=goal t=  569.9s
[TRAIN][PPO] ep=031/500 r=  603.85 avg10=  520.74 steps=1454 succ10=0.80 touch10=0.80 col10=0.20 to10=0.00 min_d= 0.30 avg_spd=2.05m/s end=goal t=  587.9s
[TRAIN][PPO] ep=032/500 r=  596.21 avg10=  520.23 steps=1447 succ10=0.80 touch10=0.80 col10=0.20 to10=0.00 min_d= 0.30 avg_spd=2.05m/s end=goal t=  608.3s
[TRAIN][PPO] ep=033/500 r=  604.70 avg10=  551.47 steps=1455 succ10=0.90 touch10=0.90 col10=0.10 to10=0.00 min_d= 0.30 avg_spd=2.05m/s end=goal t=  627.0s
[TRAIN][PPO] ep=034/500 r=  595.97 avg10=  550.15 steps=1447 succ10=0.90 touch10=0.90 col10=0.10 to10=0.00 min_d= 0.30 avg_spd=2.05m/s end=goal t=  645.3s
[TRAIN][PPO] ep=035/500 r=  602.31 avg10=  549.00 steps=1462 succ10=0.90 touch10=0.90 col10=0.10 to10=0.00 min_d= 0.30 avg_spd=2.05m/s end=goal t=  662.6s
[TRAIN][PPO] ep=036/500 r=  600.82 avg10=  602.74 steps=1446 succ10=1.00 touch10=1.00 col10=0.00 to10=0.00 min_d= 0.30 avg_spd=2.05m/s end=goal t=  683.5s
[TRAIN][PPO] ep=037/500 r=  611.01 avg10=  603.24 steps=1488 succ10=1.00 touch10=1.00 col10=0.00 to10=0.00 min_d= 0.30 avg_spd=2.06m/s end=goal t=  703.5s
[TRAIN][PPO] ep=038/500 r=  613.13 avg10=  603.74 steps=1496 succ10=1.00 touch10=1.00 col10=0.00 to10=0.00 min_d= 0.30 avg_spd=2.05m/s end=goal t=  723.9s
[TRAIN][PPO] ep=039/500 r=  601.93 avg10=  604.46 steps=1448 succ10=1.00 touch10=1.00 col10=0.00 to10=0.00 min_d= 0.30 avg_spd=2.03m/s end=goal t=  742.4s
[TRAIN][PPO] ep=040/500 r=  619.81 avg10=  604.97 steps=1498 succ10=1.00 touch10=1.00 col10=0.00 to10=0.00 min_d= 0.30 avg_spd=2.03m/s end=goal t=  763.7s ckpt=best_goal
[TRAIN][PPO] ep=041/500 r=  610.17 avg10=  605.61 steps=1480 succ10=1.00 touch10=1.00 col10=0.00 to10=0.00 min_d= 0.30 avg_spd=2.05m/s end=goal t=  783.7s
[TRAIN][PPO] ep=042/500 r=  608.20 avg10=  606.81 steps=1464 succ10=1.00 touch10=1.00 col10=0.00 to10=0.00 min_d= 0.30 avg_spd=2.03m/s end=goal t=  803.5s
[TRAIN][PPO] ep=043/500 r=  611.24 avg10=  607.46 steps=1493 succ10=1.00 touch10=1.00 col10=0.00 to10=0.00 min_d= 0.30 avg_spd=2.04m/s end=goal t=  823.6s
[TRAIN][PPO] ep=044/500 r=  605.09 avg10=  608.37 steps=1465 succ10=1.00 touch10=1.00 col10=0.00 to10=0.00 min_d= 0.30 avg_spd=2.04m/s end=goal t=  845.3s
[TRAIN][PPO] ep=045/500 r=  607.33 avg10=  608.87 steps=1472 succ10=1.00 touch10=1.00 col10=0.00 to10=0.00 min_d= 0.30 avg_spd=2.06m/s end=goal t=  865.4s
[TRAIN][PPO] ep=046/500 r=  598.26 avg10=  608.62 steps=1448 succ10=1.00 touch10=1.00 col10=0.00 to10=0.00 min_d= 0.30 avg_spd=2.04m/s end=goal t=  884.7s
[TRAIN][PPO] ep=047/500 r=  614.57 avg10=  608.97 steps=1495 succ10=1.00 touch10=1.00 col10=0.00 to10=0.00 min_d= 0.30 avg_spd=2.04m/s end=goal t=  904.7s
[TRAIN][PPO] ep=048/500 r=  616.31 avg10=  609.29 steps=1486 succ10=1.00 touch10=1.00 col10=0.00 to10=0.00 min_d= 0.30 avg_spd=2.05m/s end=goal t=  926.7s
[TRAIN][PPO] ep=049/500 r=  596.28 avg10=  608.73 steps=1434 succ10=1.00 touch10=1.00 col10=0.00 to10=0.00 min_d= 0.30 avg_spd=2.06m/s end=goal t=  945.9s
[TRAIN][PPO] ep=050/500 r=  609.71 avg10=  607.71 steps=1478 succ10=1.00 touch10=1.00 col10=0.00 to10=0.00 min_d= 0.30 avg_spd=2.07m/s end=goal t=  965.5s
[TRAIN][PPO] ep=051/500 r=  609.66 avg10=  607.66 steps=1503 succ10=1.00 touch10=1.00 col10=0.00 to10=0.00 min_d= 0.30 avg_spd=2.05m/s end=goal t=  985.0s
[TRAIN][PPO] ep=052/500 r=  611.17 avg10=  607.96 steps=1505 succ10=1.00 touch10=1.00 col10=0.00 to10=0.00 min_d= 0.30 avg_spd=2.04m/s end=goal t= 1006.9s
[TRAIN][PPO] ep=053/500 r=  596.03 avg10=  606.44 steps=1430 succ10=1.00 touch10=1.00 col10=0.00 to10=0.00 min_d= 0.30 avg_spd=2.06m/s end=goal t= 1026.2s
[TRAIN][PPO] ep=054/500 r=  602.11 avg10=  606.14 steps=1458 succ10=1.00 touch10=1.00 col10=0.00 to10=0.00 min_d= 0.30 avg_spd=2.05m/s end=goal t= 1045.3s
[TRAIN][PPO] ep=055/500 r=  609.36 avg10=  606.34 steps=1462 succ10=1.00 touch10=1.00 col10=0.00 to10=0.00 min_d= 0.30 avg_spd=2.08m/s end=goal t= 1064.8s
[TRAIN][PPO] ep=056/500 r=  606.09 avg10=  607.13 steps=1483 succ10=1.00 touch10=1.00 col10=0.00 to10=0.00 min_d= 0.30 avg_spd=2.03m/s end=goal t= 1086.7s
[TRAIN][PPO] ep=057/500 r=  591.24 avg10=  604.79 steps=1415 succ10=1.00 touch10=1.00 col10=0.00 to10=0.00 min_d= 0.30 avg_spd=2.07m/s end=goal t= 1105.3s
[TRAIN][PPO] ep=058/500 r=  599.87 avg10=  603.15 steps=1444 succ10=1.00 touch10=1.00 col10=0.00 to10=0.00 min_d= 0.30 avg_spd=2.07m/s end=goal t= 1124.3s
[TRAIN][PPO] ep=059/500 r=  612.61 avg10=  604.78 steps=1493 succ10=1.00 touch10=1.00 col10=0.00 to10=0.00 min_d= 0.30 avg_spd=2.05m/s end=goal t= 1143.9s
[TRAIN][PPO] ep=060/500 r=  601.55 avg10=  603.97 steps=1445 succ10=1.00 touch10=1.00 col10=0.00 to10=0.00 min_d= 0.30 avg_spd=2.06m/s end=goal t= 1165.0s
[TRAIN][PPO] ep=061/500 r=  615.87 avg10=  604.59 steps=1479 succ10=1.00 touch10=1.00 col10=0.00 to10=0.00 min_d= 0.30 avg_spd=2.05m/s end=goal t= 1184.5s
[TRAIN][PPO] ep=062/500 r=  297.50 avg10=  573.22 steps=1036 succ10=0.90 touch10=0.90 col10=0.10 to10=0.00 min_d= 1.41 avg_spd=2.06m/s end=collision t= 1198.3s
[TRAIN][PPO] ep=063/500 r=  597.32 avg10=  573.35 steps=1428 succ10=0.90 touch10=0.90 col10=0.10 to10=0.00 min_d= 0.30 avg_spd=2.05m/s end=goal t= 1217.1s
[TRAIN][PPO] ep=064/500 r=  290.75 avg10=  542.21 steps=1034 succ10=0.80 touch10=0.80 col10=0.20 to10=0.00 min_d= 1.41 avg_spd=2.04m/s end=collision t= 1234.3s
[TRAIN][PPO] ep=065/500 r=  597.52 avg10=  541.03 steps=1426 succ10=0.80 touch10=0.80 col10=0.20 to10=0.00 min_d= 0.30 avg_spd=2.05m/s end=goal t= 1253.5s
[TRAIN][PPO] ep=066/500 r=  601.80 avg10=  540.60 steps=1481 succ10=0.80 touch10=0.80 col10=0.20 to10=0.00 min_d= 0.30 avg_spd=2.04m/s end=goal t= 1273.5s
[TRAIN][PPO] ep=067/500 r=  600.64 avg10=  541.54 steps=1452 succ10=0.80 touch10=0.80 col10=0.20 to10=0.00 min_d= 0.30 avg_spd=2.06m/s end=goal t= 1292.7s
[TRAIN][PPO] ep=068/500 r=  601.18 avg10=  541.67 steps=1441 succ10=0.80 touch10=0.80 col10=0.20 to10=0.00 min_d= 0.30 avg_spd=2.08m/s end=goal t= 1313.6s
[TRAIN][PPO] ep=069/500 r=  602.66 avg10=  540.68 steps=1477 succ10=0.80 touch10=0.80 col10=0.20 to10=0.00 min_d= 0.30 avg_spd=2.05m/s end=goal t= 1333.4s
[TRAIN][PPO] ep=070/500 r=  609.53 avg10=  541.48 steps=1475 succ10=0.80 touch10=0.80 col10=0.20 to10=0.00 min_d= 0.30 avg_spd=2.04m/s end=goal t= 1353.0s
[TRAIN][PPO] ep=071/500 r=  616.00 avg10=  541.49 steps=1481 succ10=0.80 touch10=0.80 col10=0.20 to10=0.00 min_d= 0.30 avg_spd=2.04m/s end=goal t= 1372.3s
[TRAIN][PPO] ep=072/500 r=  618.55 avg10=  573.60 steps=1519 succ10=0.90 touch10=0.90 col10=0.10 to10=0.00 min_d= 0.30 avg_spd=2.02m/s end=goal t= 1393.7s
[TRAIN][PPO] ep=073/500 r=  613.91 avg10=  575.25 steps=1486 succ10=0.90 touch10=0.90 col10=0.10 to10=0.00 min_d= 0.30 avg_spd=2.05m/s end=goal t= 1412.8s
[TRAIN][PPO] ep=074/500 r=  613.16 avg10=  607.50 steps=1488 succ10=1.00 touch10=1.00 col10=0.00 to10=0.00 min_d= 0.30 avg_spd=2.04m/s end=goal t= 1432.0s
[TRAIN][PPO] ep=075/500 r=  596.72 avg10=  607.42 steps=1468 succ10=1.00 touch10=1.00 col10=0.00 to10=0.00 min_d= 0.30 avg_spd=2.03m/s end=goal t= 1450.9s
[TRAIN][PPO] ep=076/500 r=  599.71 avg10=  607.21 steps=1452 succ10=1.00 touch10=1.00 col10=0.00 to10=0.00 min_d= 0.30 avg_spd=2.04m/s end=goal t= 1471.2s
[TRAIN][PPO] ep=077/500 r=  600.51 avg10=  607.19 steps=1453 succ10=1.00 touch10=1.00 col10=0.00 to10=0.00 min_d= 0.30 avg_spd=2.06m/s end=goal t= 1489.7s
[TRAIN][PPO] ep=078/500 r=  603.64 avg10=  607.44 steps=1465 succ10=1.00 touch10=1.00 col10=0.00 to10=0.00 min_d= 0.30 avg_spd=2.05m/s end=goal t= 1508.2s
[TRAIN][PPO] ep=079/500 r=  604.56 avg10=  607.63 steps=1463 succ10=1.00 touch10=1.00 col10=0.00 to10=0.00 min_d= 0.30 avg_spd=2.04m/s end=goal t= 1526.5s
[TRAIN][PPO] ep=080/500 r=  611.07 avg10=  607.78 steps=1465 succ10=1.00 touch10=1.00 col10=0.00 to10=0.00 min_d= 0.30 avg_spd=2.04m/s end=goal t= 1547.8s
[TRAIN][PPO] ep=081/500 r=  608.85 avg10=  607.07 steps=1471 succ10=1.00 touch10=1.00 col10=0.00 to10=0.00 min_d= 0.30 avg_spd=2.07m/s end=goal t= 1566.4s
[TRAIN][PPO] ep=082/500 r=  611.80 avg10=  606.39 steps=1472 succ10=1.00 touch10=1.00 col10=0.00 to10=0.00 min_d= 0.30 avg_spd=2.06m/s end=goal t= 1585.0s
[TRAIN][PPO] ep=083/500 r=  600.91 avg10=  605.09 steps=1459 succ10=1.00 touch10=1.00 col10=0.00 to10=0.00 min_d= 0.30 avg_spd=2.03m/s end=goal t= 1603.4s
[TRAIN][PPO] ep=084/500 r=  604.71 avg10=  604.25 steps=1462 succ10=1.00 touch10=1.00 col10=0.00 to10=0.00 min_d= 0.30 avg_spd=2.06m/s end=goal t= 1623.8s
[TRAIN][PPO] ep=085/500 r=  595.42 avg10=  604.12 steps=1422 succ10=1.00 touch10=1.00 col10=0.00 to10=0.00 min_d= 0.30 avg_spd=2.06m/s end=goal t= 1641.9s
[TRAIN][PPO] ep=086/500 r=  605.62 avg10=  604.71 steps=1476 succ10=1.00 touch10=1.00 col10=0.00 to10=0.00 min_d= 0.30 avg_spd=2.06m/s end=goal t= 1660.3s
[TRAIN][PPO] ep=087/500 r=  595.64 avg10=  604.22 steps=1442 succ10=1.00 touch10=1.00 col10=0.00 to10=0.00 min_d= 0.30 avg_spd=2.05m/s end=goal t= 1678.6s
[TRAIN][PPO] ep=088/500 r=  592.86 avg10=  603.14 steps=1415 succ10=1.00 touch10=1.00 col10=0.00 to10=0.00 min_d= 0.30 avg_spd=2.07m/s end=goal t= 1697.4s
[TRAIN][PPO] ep=089/500 r=  302.42 avg10=  572.93 steps=1046 succ10=0.90 touch10=0.90 col10=0.10 to10=0.00 min_d= 1.38 avg_spd=2.04m/s end=collision t= 1710.6s
[TRAIN][PPO] ep=090/500 r=  603.65 avg10=  572.19 steps=1452 succ10=0.90 touch10=0.90 col10=0.10 to10=0.00 min_d= 0.30 avg_spd=2.06m/s end=goal t= 1729.5s
[TRAIN][PPO] ep=091/500 r=  605.58 avg10=  571.86 steps=1468 succ10=0.90 touch10=0.90 col10=0.10 to10=0.00 min_d= 0.30 avg_spd=2.05m/s end=goal t= 1748.2s
[TRAIN][PPO] ep=092/500 r=  612.00 avg10=  571.88 steps=1472 succ10=0.90 touch10=0.90 col10=0.10 to10=0.00 min_d= 0.30 avg_spd=2.05m/s end=goal t= 1768.1s
[TRAIN][PPO] ep=093/500 r=  601.89 avg10=  571.98 steps=1471 succ10=0.90 touch10=0.90 col10=0.10 to10=0.00 min_d= 0.30 avg_spd=2.03m/s end=goal t= 1786.1s
[TRAIN][PPO] ep=094/500 r=  598.89 avg10=  571.40 steps=1427 succ10=0.90 touch10=0.90 col10=0.10 to10=0.00 min_d= 0.30 avg_spd=2.07m/s end=goal t= 1804.0s
[TRAIN][PPO] ep=095/500 r=  600.86 avg10=  571.94 steps=1449 succ10=0.90 touch10=0.90 col10=0.10 to10=0.00 min_d= 0.30 avg_spd=2.04m/s end=goal t= 1822.4s
[TRAIN][PPO] ep=096/500 r=  602.43 avg10=  571.62 steps=1459 succ10=0.90 touch10=0.90 col10=0.10 to10=0.00 min_d= 0.30 avg_spd=2.06m/s end=goal t= 1842.8s
[TRAIN][PPO] ep=097/500 r=  598.85 avg10=  571.94 steps=1438 succ10=0.90 touch10=0.90 col10=0.10 to10=0.00 min_d= 0.30 avg_spd=2.05m/s end=goal t= 1861.0s
[TRAIN][PPO] ep=098/500 r=  607.70 avg10=  573.43 steps=1446 succ10=0.90 touch10=0.90 col10=0.10 to10=0.00 min_d= 0.30 avg_spd=2.06m/s end=goal t= 1879.6s
[TRAIN][PPO] ep=099/500 r=  614.79 avg10=  604.67 steps=1493 succ10=1.00 touch10=1.00 col10=0.00 to10=0.00 min_d= 0.30 avg_spd=2.05m/s end=goal t= 1898.2s
[TRAIN][PPO] ep=100/500 r=  600.07 avg10=  604.31 steps=1455 succ10=1.00 touch10=1.00 col10=0.00 to10=0.00 min_d= 0.30 avg_spd=2.04m/s end=goal t= 1918.4s ckpt=latest
[TRAIN][PPO] ep=101/500 r=  604.73 avg10=  604.22 steps=1478 succ10=1.00 touch10=1.00 col10=0.00 to10=0.00 min_d= 0.30 avg_spd=2.04m/s end=goal t= 1936.4s
[TRAIN][PPO] ep=102/500 r=  609.32 avg10=  603.95 steps=1483 succ10=1.00 touch10=1.00 col10=0.00 to10=0.00 min_d= 0.30 avg_spd=2.05m/s end=goal t= 1954.7s
[TRAIN][PPO] ep=103/500 r=  608.56 avg10=  604.62 steps=1479 succ10=1.00 touch10=1.00 col10=0.00 to10=0.00 min_d= 0.30 avg_spd=2.05m/s end=goal t= 1972.6s
[TRAIN][PPO] ep=104/500 r=  612.52 avg10=  605.98 steps=1498 succ10=1.00 touch10=1.00 col10=0.00 to10=0.00 min_d= 0.30 avg_spd=2.04m/s end=goal t= 1992.8s
[TRAIN][PPO] ep=105/500 r=  604.12 avg10=  606.31 steps=1450 succ10=1.00 touch10=1.00 col10=0.00 to10=0.00 min_d= 0.30 avg_spd=2.06m/s end=goal t= 2010.8s
[TRAIN][PPO] ep=106/500 r=  615.71 avg10=  607.64 steps=1520 succ10=1.00 touch10=1.00 col10=0.00 to10=0.00 min_d= 0.30 avg_spd=2.02m/s end=goal t= 2029.4s
[TRAIN][PPO] ep=107/500 r=  604.44 avg10=  608.20 steps=1445 succ10=1.00 touch10=1.00 col10=0.00 to10=0.00 min_d= 0.30 avg_spd=2.05m/s end=goal t= 2047.2s
[TRAIN][PPO] ep=108/500 r=  600.96 avg10=  607.52 steps=1445 succ10=1.00 touch10=1.00 col10=0.00 to10=0.00 min_d= 0.30 avg_spd=2.06m/s end=goal t= 2066.7s
[TRAIN][PPO] ep=109/500 r=  601.04 avg10=  606.15 steps=1430 succ10=1.00 touch10=1.00 col10=0.00 to10=0.00 min_d= 0.30 avg_spd=2.06m/s end=goal t= 2083.6s
[TRAIN][PPO] ep=110/500 r=  311.38 avg10=  577.28 steps=1089 succ10=0.90 touch10=0.90 col10=0.10 to10=0.00 min_d= 1.31 avg_spd=2.06m/s end=collision t= 2096.5s
[TRAIN][PPO] ep=111/500 r=  603.51 avg10=  577.16 steps=1452 succ10=0.90 touch10=0.90 col10=0.10 to10=0.00 min_d= 0.30 avg_spd=2.05m/s end=goal t= 2113.6s
[TRAIN][PPO] ep=112/500 r=  613.03 avg10=  577.53 steps=1515 succ10=0.90 touch10=0.90 col10=0.10 to10=0.00 min_d= 0.30 avg_spd=2.02m/s end=goal t= 2134.0s
[TRAIN][PPO] ep=113/500 r=  605.07 avg10=  577.18 steps=1471 succ10=0.90 touch10=0.90 col10=0.10 to10=0.00 min_d= 0.30 avg_spd=2.04m/s end=goal t= 2151.7s
[TRAIN][PPO] ep=114/500 r=  290.53 avg10=  544.98 steps=1023 succ10=0.80 touch10=0.80 col10=0.20 to10=0.00 min_d= 1.40 avg_spd=2.03m/s end=collision t= 2163.6s
[TRAIN][PPO] ep=115/500 r=  603.77 avg10=  544.94 steps=1442 succ10=0.80 touch10=0.80 col10=0.20 to10=0.00 min_d= 0.30 avg_spd=2.05m/s end=goal t= 2181.2s
[TRAIN][PPO] ep=116/500 r=  611.23 avg10=  544.50 steps=1494 succ10=0.80 touch10=0.80 col10=0.20 to10=0.00 min_d= 0.30 avg_spd=2.00m/s end=goal t= 2201.1s
[TRAIN][PPO] ep=117/500 r=  602.51 avg10=  544.30 steps=1464 succ10=0.80 touch10=0.80 col10=0.20 to10=0.00 min_d= 0.30 avg_spd=2.04m/s end=goal t= 2218.8s
[TRAIN][PPO] ep=118/500 r=  604.13 avg10=  544.62 steps=1448 succ10=0.80 touch10=0.80 col10=0.20 to10=0.00 min_d= 0.30 avg_spd=2.05m/s end=goal t= 2236.2s
[TRAIN][PPO] ep=119/500 r=   77.22 avg10=  492.24 steps= 422 succ10=0.70 touch10=0.70 col10=0.30 to10=0.00 min_d= 3.00 avg_spd=1.98m/s end=collision t= 2241.4s
[TRAIN][PPO] ep=120/500 r=  610.15 avg10=  522.12 steps=1499 succ10=0.80 touch10=0.80 col10=0.20 to10=0.00 min_d= 0.30 avg_spd=2.04m/s end=goal t= 2261.5s
[TRAIN][PPO] ep=121/500 r=  602.77 avg10=  522.04 steps=1452 succ10=0.80 touch10=0.80 col10=0.20 to10=0.00 min_d= 0.30 avg_spd=2.05m/s end=goal t= 2279.3s
[TRAIN][PPO] ep=122/500 r=  286.39 avg10=  489.38 steps= 997 succ10=0.70 touch10=0.70 col10=0.30 to10=0.00 min_d= 1.40 avg_spd=2.05m/s end=collision t= 2291.5s
[TRAIN][PPO] ep=123/500 r=  610.06 avg10=  489.88 steps=1471 succ10=0.70 touch10=0.70 col10=0.30 to10=0.00 min_d= 0.30 avg_spd=2.06m/s end=goal t= 2309.2s
[TRAIN][PPO] ep=124/500 r=  610.50 avg10=  521.87 steps=1504 succ10=0.80 touch10=0.80 col10=0.20 to10=0.00 min_d= 0.30 avg_spd=2.05m/s end=goal t= 2329.3s
[TRAIN][PPO] ep=125/500 r=  603.30 avg10=  521.83 steps=1457 succ10=0.80 touch10=0.80 col10=0.20 to10=0.00 min_d= 0.30 avg_spd=2.07m/s end=goal t= 2347.8s
[TRAIN][PPO] ep=126/500 r=  605.55 avg10=  521.26 steps=1474 succ10=0.80 touch10=0.80 col10=0.20 to10=0.00 min_d= 0.30 avg_spd=2.03m/s end=goal t= 2366.0s
[TRAIN][PPO] ep=127/500 r=  599.47 avg10=  520.95 steps=1440 succ10=0.80 touch10=0.80 col10=0.20 to10=0.00 min_d= 0.30 avg_spd=2.06m/s end=goal t= 2383.5s
[TRAIN][PPO] ep=128/500 r=  609.67 avg10=  521.51 steps=1454 succ10=0.80 touch10=0.80 col10=0.20 to10=0.00 min_d= 0.30 avg_spd=2.06m/s end=goal t= 2404.9s
[TRAIN][PPO] ep=129/500 r=  614.05 avg10=  575.19 steps=1498 succ10=0.90 touch10=0.90 col10=0.10 to10=0.00 min_d= 0.30 avg_spd=2.02m/s end=goal t= 2423.1s
[TRAIN][PPO] ep=130/500 r=  611.39 avg10=  575.31 steps=1464 succ10=0.90 touch10=0.90 col10=0.10 to10=0.00 min_d= 0.30 avg_spd=2.05m/s end=goal t= 2441.0s
[TRAIN][PPO] ep=131/500 r=  619.40 avg10=  576.98 steps=1533 succ10=0.90 touch10=0.90 col10=0.10 to10=0.00 min_d= 0.30 avg_spd=2.03m/s end=goal t= 2459.9s
[TRAIN][PPO] ep=132/500 r=  606.67 avg10=  609.01 steps=1452 succ10=1.00 touch10=1.00 col10=0.00 to10=0.00 min_d= 0.30 avg_spd=2.06m/s end=goal t= 2479.4s
[TRAIN][PPO] ep=133/500 r=  603.55 avg10=  608.36 steps=1451 succ10=1.00 touch10=1.00 col10=0.00 to10=0.00 min_d= 0.30 avg_spd=2.06m/s end=goal t= 2497.6s
[TRAIN][PPO] ep=134/500 r=  614.08 avg10=  608.71 steps=1476 succ10=1.00 touch10=1.00 col10=0.00 to10=0.00 min_d= 0.30 avg_spd=2.06m/s end=goal t= 2515.7s
[TRAIN][PPO] ep=135/500 r=  590.27 avg10=  607.41 steps=1402 succ10=1.00 touch10=1.00 col10=0.00 to10=0.00 min_d= 0.30 avg_spd=2.08m/s end=goal t= 2533.2s
[TRAIN][PPO] ep=136/500 r=  608.73 avg10=  607.73 steps=1461 succ10=1.00 touch10=1.00 col10=0.00 to10=0.00 min_d= 0.30 avg_spd=2.07m/s end=goal t= 2553.9s
[TRAIN][PPO] ep=137/500 r=  600.33 avg10=  607.82 steps=1470 succ10=1.00 touch10=1.00 col10=0.00 to10=0.00 min_d= 0.30 avg_spd=2.05m/s end=goal t= 2572.3s
[TRAIN][PPO] ep=138/500 r=  605.42 avg10=  607.39 steps=1494 succ10=1.00 touch10=1.00 col10=0.00 to10=0.00 min_d= 0.30 avg_spd=2.02m/s end=goal t= 2591.2s
[TRAIN][PPO] ep=139/500 r=  604.90 avg10=  606.48 steps=1454 succ10=1.00 touch10=1.00 col10=0.00 to10=0.00 min_d= 0.30 avg_spd=2.06m/s end=goal t= 2609.5s
[TRAIN][PPO] ep=140/500 r=  609.91 avg10=  606.33 steps=1488 succ10=1.00 touch10=1.00 col10=0.00 to10=0.00 min_d= 0.30 avg_spd=2.06m/s end=goal t= 2629.8s
[TRAIN][PPO] ep=141/500 r=  614.84 avg10=  605.87 steps=1470 succ10=1.00 touch10=1.00 col10=0.00 to10=0.00 min_d= 0.30 avg_spd=2.05m/s end=goal t= 2648.3s
[TRAIN][PPO] ep=142/500 r=  615.47 avg10=  606.75 steps=1509 succ10=1.00 touch10=1.00 col10=0.00 to10=0.00 min_d= 0.30 avg_spd=2.04m/s end=goal t= 2667.3s
[TRAIN][PPO] ep=143/500 r=  597.79 avg10=  606.17 steps=1419 succ10=1.00 touch10=1.00 col10=0.00 to10=0.00 min_d= 0.30 avg_spd=2.06m/s end=goal t= 2685.0s
[TRAIN][PPO] ep=144/500 r=  607.08 avg10=  605.47 steps=1486 succ10=1.00 touch10=1.00 col10=0.00 to10=0.00 min_d= 0.30 avg_spd=2.04m/s end=goal t= 2705.4s
[TRAIN][PPO] ep=145/500 r=  601.69 avg10=  606.62 steps=1474 succ10=1.00 touch10=1.00 col10=0.00 to10=0.00 min_d= 0.30 avg_spd=2.06m/s end=goal t= 2723.7s
[TRAIN][PPO] ep=146/500 r=  598.46 avg10=  605.59 steps=1448 succ10=1.00 touch10=1.00 col10=0.00 to10=0.00 min_d= 0.30 avg_spd=2.05m/s end=goal t= 2741.7s
[TRAIN][PPO] ep=147/500 r=  611.47 avg10=  606.70 steps=1506 succ10=1.00 touch10=1.00 col10=0.00 to10=0.00 min_d= 0.30 avg_spd=2.05m/s end=goal t= 2761.1s
[TRAIN][PPO] ep=148/500 r=  598.00 avg10=  605.96 steps=1435 succ10=1.00 touch10=1.00 col10=0.00 to10=0.00 min_d= 0.30 avg_spd=2.04m/s end=goal t= 2780.8s
[TRAIN][PPO] ep=149/500 r=  598.10 avg10=  605.28 steps=1442 succ10=1.00 touch10=1.00 col10=0.00 to10=0.00 min_d= 0.30 avg_spd=2.04m/s end=goal t= 2798.8s
[TRAIN][PPO] ep=150/500 r=  607.90 avg10=  605.08 steps=1501 succ10=1.00 touch10=1.00 col10=0.00 to10=0.00 min_d= 0.30 avg_spd=2.06m/s end=goal t= 2817.5s
[TRAIN][PPO] ep=151/500 r=  595.76 avg10=  603.17 steps=1456 succ10=1.00 touch10=1.00 col10=0.00 to10=0.00 min_d= 0.30 avg_spd=2.04m/s end=goal t= 2835.6s
[TRAIN][PPO] ep=152/500 r=  594.94 avg10=  601.12 steps=1439 succ10=1.00 touch10=1.00 col10=0.00 to10=0.00 min_d= 0.30 avg_spd=2.06m/s end=goal t= 2854.9s
[TRAIN][PPO] ep=153/500 r=  608.27 avg10=  602.16 steps=1476 succ10=1.00 touch10=1.00 col10=0.00 to10=0.00 min_d= 0.30 avg_spd=2.06m/s end=goal t= 2872.9s
[TRAIN][PPO] ep=154/500 r=  607.17 avg10=  602.17 steps=1476 succ10=1.00 touch10=1.00 col10=0.00 to10=0.00 min_d= 0.30 avg_spd=2.07m/s end=goal t= 2891.1s
[TRAIN][PPO] ep=155/500 r=  603.58 avg10=  602.36 steps=1472 succ10=1.00 touch10=1.00 col10=0.00 to10=0.00 min_d= 0.30 avg_spd=2.07m/s end=goal t= 2908.8s
[TRAIN][PPO] ep=156/500 r=  600.37 avg10=  602.55 steps=1473 succ10=1.00 touch10=1.00 col10=0.00 to10=0.00 min_d= 0.30 avg_spd=2.06m/s end=goal t= 2929.0s
[TRAIN][PPO] ep=157/500 r=  609.93 avg10=  602.40 steps=1482 succ10=1.00 touch10=1.00 col10=0.00 to10=0.00 min_d= 0.30 avg_spd=2.04m/s end=goal t= 2947.4s
[TRAIN][PPO] ep=158/500 r=  599.86 avg10=  602.59 steps=1455 succ10=1.00 touch10=1.00 col10=0.00 to10=0.00 min_d= 0.30 avg_spd=2.03m/s end=goal t= 2965.6s
[TRAIN][PPO] ep=159/500 r=  594.25 avg10=  602.20 steps=1433 succ10=1.00 touch10=1.00 col10=0.00 to10=0.00 min_d= 0.30 avg_spd=2.06m/s end=goal t= 2983.2s
[TRAIN][PPO] ep=160/500 r=  605.90 avg10=  602.00 steps=1483 succ10=1.00 touch10=1.00 col10=0.00 to10=0.00 min_d= 0.30 avg_spd=2.05m/s end=goal t= 3003.4s
[TRAIN][PPO] ep=161/500 r=  600.62 avg10=  602.49 steps=1463 succ10=1.00 touch10=1.00 col10=0.00 to10=0.00 min_d= 0.30 avg_spd=2.05m/s end=goal t= 3021.3s
[TRAIN][PPO] ep=162/500 r=  608.35 avg10=  603.83 steps=1476 succ10=1.00 touch10=1.00 col10=0.00 to10=0.00 min_d= 0.30 avg_spd=2.06m/s end=goal t= 3039.5s
[TRAIN][PPO] ep=163/500 r=  609.76 avg10=  603.98 steps=1499 succ10=1.00 touch10=1.00 col10=0.00 to10=0.00 min_d= 0.30 avg_spd=2.04m/s end=goal t= 3057.5s
[TRAIN][PPO] ep=164/500 r=  604.11 avg10=  603.67 steps=1458 succ10=1.00 touch10=1.00 col10=0.00 to10=0.00 min_d= 0.30 avg_spd=2.06m/s end=goal t= 3078.5s
[TRAIN][PPO] ep=165/500 r=  598.22 avg10=  603.14 steps=1472 succ10=1.00 touch10=1.00 col10=0.00 to10=0.00 min_d= 0.30 avg_spd=2.03m/s end=goal t= 3096.2s
[TRAIN][PPO] ep=166/500 r=  595.92 avg10=  602.69 steps=1444 succ10=1.00 touch10=1.00 col10=0.00 to10=0.00 min_d= 0.30 avg_spd=2.05m/s end=goal t= 3113.9s
[TRAIN][PPO] ep=167/500 r=  607.46 avg10=  602.45 steps=1470 succ10=1.00 touch10=1.00 col10=0.00 to10=0.00 min_d= 0.30 avg_spd=2.06m/s end=goal t= 3131.5s
[TRAIN][PPO] ep=168/500 r=  600.71 avg10=  602.53 steps=1471 succ10=1.00 touch10=1.00 col10=0.00 to10=0.00 min_d= 0.30 avg_spd=2.05m/s end=goal t= 3151.4s
[TRAIN][PPO] ep=169/500 r=  608.40 avg10=  603.95 steps=1488 succ10=1.00 touch10=1.00 col10=0.00 to10=0.00 min_d= 0.30 avg_spd=2.06m/s end=goal t= 3169.5s
[TRAIN][PPO] ep=170/500 r=  597.13 avg10=  603.07 steps=1452 succ10=1.00 touch10=1.00 col10=0.00 to10=0.00 min_d= 0.30 avg_spd=2.07m/s end=goal t= 3186.8s
[TRAIN][PPO] ep=171/500 r=  602.31 avg10=  603.24 steps=1462 succ10=1.00 touch10=1.00 col10=0.00 to10=0.00 min_d= 0.30 avg_spd=2.08m/s end=goal t= 3204.0s
[TRAIN][PPO] ep=172/500 r=  602.17 avg10=  602.62 steps=1457 succ10=1.00 touch10=1.00 col10=0.00 to10=0.00 min_d= 0.30 avg_spd=2.06m/s end=goal t= 3222.9s
[TRAIN][PPO] ep=173/500 r=  592.52 avg10=  600.90 steps=1439 succ10=1.00 touch10=1.00 col10=0.00 to10=0.00 min_d= 0.30 avg_spd=2.06m/s end=goal t= 3240.6s
[TRAIN][PPO] ep=174/500 r=  586.95 avg10=  599.18 steps=1427 succ10=1.00 touch10=1.00 col10=0.00 to10=0.00 min_d= 0.30 avg_spd=2.08m/s end=goal t= 3258.3s
[TRAIN][PPO] ep=175/500 r=  608.70 avg10=  600.23 steps=1489 succ10=1.00 touch10=1.00 col10=0.00 to10=0.00 min_d= 0.30 avg_spd=2.06m/s end=goal t= 3276.4s
[TRAIN][PPO] ep=176/500 r=  607.78 avg10=  601.41 steps=1501 succ10=1.00 touch10=1.00 col10=0.00 to10=0.00 min_d= 0.30 avg_spd=2.03m/s end=goal t= 3296.2s
[TRAIN][PPO] ep=177/500 r=  609.01 avg10=  601.57 steps=1493 succ10=1.00 touch10=1.00 col10=0.00 to10=0.00 min_d= 0.30 avg_spd=2.06m/s end=goal t= 3314.2s
[TRAIN][PPO] ep=178/500 r=  596.82 avg10=  601.18 steps=1454 succ10=1.00 touch10=1.00 col10=0.00 to10=0.00 min_d= 0.30 avg_spd=2.06m/s end=goal t= 3331.7s
[TRAIN][PPO] ep=179/500 r=  602.89 avg10=  600.63 steps=1454 succ10=1.00 touch10=1.00 col10=0.00 to10=0.00 min_d= 0.30 avg_spd=2.06m/s end=goal t= 3349.3s
[TRAIN][PPO] ep=180/500 r=  603.80 avg10=  601.29 steps=1471 succ10=1.00 touch10=1.00 col10=0.00 to10=0.00 min_d= 0.30 avg_spd=2.05m/s end=goal t= 3369.3s
[TRAIN][PPO] ep=181/500 r=  597.35 avg10=  600.80 steps=1457 succ10=1.00 touch10=1.00 col10=0.00 to10=0.00 min_d= 0.30 avg_spd=2.08m/s end=goal t= 3387.0s
[TRAIN][PPO] ep=182/500 r=  603.70 avg10=  600.95 steps=1487 succ10=1.00 touch10=1.00 col10=0.00 to10=0.00 min_d= 0.30 avg_spd=2.02m/s end=goal t= 3405.0s
[TRAIN][PPO] ep=183/500 r=  603.66 avg10=  602.07 steps=1461 succ10=1.00 touch10=1.00 col10=0.00 to10=0.00 min_d= 0.30 avg_spd=2.08m/s end=goal t= 3422.7s
[TRAIN][PPO] ep=184/500 r=  595.05 avg10=  602.88 steps=1448 succ10=1.00 touch10=1.00 col10=0.00 to10=0.00 min_d= 0.30 avg_spd=2.06m/s end=goal t= 3443.0s
[TRAIN][PPO] ep=185/500 r=  609.40 avg10=  602.95 steps=1483 succ10=1.00 touch10=1.00 col10=0.00 to10=0.00 min_d= 0.30 avg_spd=2.05m/s end=goal t= 3461.8s
[TRAIN][PPO] ep=186/500 r=  593.07 avg10=  601.47 steps=1438 succ10=1.00 touch10=1.00 col10=0.00 to10=0.00 min_d= 0.30 avg_spd=2.07m/s end=goal t= 3479.6s
[TRAIN][PPO] ep=187/500 r=  597.07 avg10=  600.28 steps=1463 succ10=1.00 touch10=1.00 col10=0.00 to10=0.00 min_d= 0.30 avg_spd=2.07m/s end=goal t= 3497.9s
[TRAIN][PPO] ep=188/500 r=  598.31 avg10=  600.43 steps=1451 succ10=1.00 touch10=1.00 col10=0.00 to10=0.00 min_d= 0.30 avg_spd=2.06m/s end=goal t= 3518.1s
[TRAIN][PPO] ep=189/500 r=  589.89 avg10=  599.13 steps=1435 succ10=1.00 touch10=1.00 col10=0.00 to10=0.00 min_d= 0.30 avg_spd=2.07m/s end=goal t= 3536.1s
[TRAIN][PPO] ep=190/500 r=  602.65 avg10=  599.01 steps=1492 succ10=1.00 touch10=1.00 col10=0.00 to10=0.00 min_d= 0.30 avg_spd=2.05m/s end=goal t= 3555.3s
[TRAIN][PPO] ep=191/500 r=  596.49 avg10=  598.93 steps=1443 succ10=1.00 touch10=1.00 col10=0.00 to10=0.00 min_d= 0.30 avg_spd=2.07m/s end=goal t= 3573.7s
[TRAIN][PPO] ep=192/500 r=  607.01 avg10=  599.26 steps=1474 succ10=1.00 touch10=1.00 col10=0.00 to10=0.00 min_d= 0.30 avg_spd=2.06m/s end=goal t= 3594.8s
[TRAIN][PPO] ep=193/500 r=  598.76 avg10=  598.77 steps=1450 succ10=1.00 touch10=1.00 col10=0.00 to10=0.00 min_d= 0.30 avg_spd=2.09m/s end=goal t= 3613.6s
[TRAIN][PPO] ep=194/500 r=  598.51 avg10=  599.12 steps=1449 succ10=1.00 touch10=1.00 col10=0.00 to10=0.00 min_d= 0.30 avg_spd=2.06m/s end=goal t= 3631.6s
[TRAIN][PPO] ep=195/500 r=  601.29 avg10=  598.30 steps=1459 succ10=1.00 touch10=1.00 col10=0.00 to10=0.00 min_d= 0.30 avg_spd=2.07m/s end=goal t= 3650.0s
[TRAIN][PPO] ep=196/500 r=  603.90 avg10=  599.39 steps=1464 succ10=1.00 touch10=1.00 col10=0.00 to10=0.00 min_d= 0.30 avg_spd=2.08m/s end=goal t= 3670.2s
[TRAIN][PPO] ep=197/500 r=  593.09 avg10=  598.99 steps=1432 succ10=1.00 touch10=1.00 col10=0.00 to10=0.00 min_d= 0.30 avg_spd=2.07m/s end=goal t= 3688.0s
[TRAIN][PPO] ep=198/500 r=  606.03 avg10=  599.76 steps=1462 succ10=1.00 touch10=1.00 col10=0.00 to10=0.00 min_d= 0.30 avg_spd=2.07m/s end=goal t= 3706.2s
[TRAIN][PPO] ep=199/500 r=  604.13 avg10=  601.19 steps=1464 succ10=1.00 touch10=1.00 col10=0.00 to10=0.00 min_d= 0.30 avg_spd=2.06m/s end=goal t= 3724.3s
[TRAIN][PPO] ep=200/500 r=  595.95 avg10=  600.52 steps=1445 succ10=1.00 touch10=1.00 col10=0.00 to10=0.00 min_d= 0.30 avg_spd=2.06m/s end=goal t= 3744.8s ckpt=latest
[TRAIN][PPO] ep=201/500 r=  611.86 avg10=  602.05 steps=1495 succ10=1.00 touch10=1.00 col10=0.00 to10=0.00 min_d= 0.30 avg_spd=2.04m/s end=goal t= 3763.4s
[TRAIN][PPO] ep=202/500 r=  287.07 avg10=  570.06 steps=1003 succ10=0.90 touch10=0.90 col10=0.10 to10=0.00 min_d= 1.38 avg_spd=2.09m/s end=collision t= 3775.5s
[TRAIN][PPO] ep=203/500 r=  594.06 avg10=  569.59 steps=1452 succ10=0.90 touch10=0.90 col10=0.10 to10=0.00 min_d= 0.30 avg_spd=2.06m/s end=goal t= 3792.9s
[TRAIN][PPO] ep=204/500 r=  597.68 avg10=  569.51 steps=1448 succ10=0.90 touch10=0.90 col10=0.10 to10=0.00 min_d= 0.30 avg_spd=2.06m/s end=goal t= 3813.0s
[TRAIN][PPO] ep=205/500 r=  588.89 avg10=  568.27 steps=1411 succ10=0.90 touch10=0.90 col10=0.10 to10=0.00 min_d= 0.30 avg_spd=2.07m/s end=goal t= 3830.1s
[TRAIN][PPO] ep=206/500 r=  602.46 avg10=  568.12 steps=1458 succ10=0.90 touch10=0.90 col10=0.10 to10=0.00 min_d= 0.30 avg_spd=2.06m/s end=goal t= 3847.8s
[TRAIN][PPO] ep=207/500 r=  598.15 avg10=  568.63 steps=1440 succ10=0.90 touch10=0.90 col10=0.10 to10=0.00 min_d= 0.30 avg_spd=2.06m/s end=goal t= 3865.3s
[TRAIN][PPO] ep=208/500 r=  600.76 avg10=  568.10 steps=1450 succ10=0.90 touch10=0.90 col10=0.10 to10=0.00 min_d= 0.30 avg_spd=2.04m/s end=goal t= 3885.4s
[TRAIN][PPO] ep=209/500 r=  601.73 avg10=  567.86 steps=1457 succ10=0.90 touch10=0.90 col10=0.10 to10=0.00 min_d= 0.30 avg_spd=2.04m/s end=goal t= 3903.1s
[TRAIN][PPO] ep=210/500 r=  609.16 avg10=  569.18 steps=1500 succ10=0.90 touch10=0.90 col10=0.10 to10=0.00 min_d= 0.30 avg_spd=2.04m/s end=goal t= 3920.7s
[TRAIN][PPO] ep=211/500 r=  603.82 avg10=  568.38 steps=1475 succ10=0.90 touch10=0.90 col10=0.10 to10=0.00 min_d= 0.30 avg_spd=2.05m/s end=goal t= 3938.2s
[TRAIN][PPO] ep=212/500 r=  593.34 avg10=  599.01 steps=1425 succ10=1.00 touch10=1.00 col10=0.00 to10=0.00 min_d= 0.30 avg_spd=2.07m/s end=goal t= 3957.2s
[TRAIN][PPO] ep=213/500 r=  607.86 avg10=  600.39 steps=1478 succ10=1.00 touch10=1.00 col10=0.00 to10=0.00 min_d= 0.30 avg_spd=2.05m/s end=goal t= 3975.3s
[TRAIN][PPO] ep=214/500 r=  602.27 avg10=  600.84 steps=1464 succ10=1.00 touch10=1.00 col10=0.00 to10=0.00 min_d= 0.30 avg_spd=2.07m/s end=goal t= 3993.0s
[TRAIN][PPO] ep=215/500 r=  612.73 avg10=  603.23 steps=1490 succ10=1.00 touch10=1.00 col10=0.00 to10=0.00 min_d= 0.30 avg_spd=2.05m/s end=goal t= 4010.9s
[TRAIN][PPO] ep=216/500 r=  603.04 avg10=  603.29 steps=1457 succ10=1.00 touch10=1.00 col10=0.00 to10=0.00 min_d= 0.30 avg_spd=2.06m/s end=goal t= 4030.3s
[TRAIN][PPO] ep=217/500 r=  609.73 avg10=  604.44 steps=1486 succ10=1.00 touch10=1.00 col10=0.00 to10=0.00 min_d= 0.30 avg_spd=2.06m/s end=goal t= 4048.2s
[TRAIN][PPO] ep=218/500 r=  586.48 avg10=  603.02 steps=1407 succ10=1.00 touch10=1.00 col10=0.00 to10=0.00 min_d= 0.30 avg_spd=2.09m/s end=goal t= 4064.8s
[TRAIN][PPO] ep=219/500 r=  611.21 avg10=  603.96 steps=1491 succ10=1.00 touch10=1.00 col10=0.00 to10=0.00 min_d= 0.30 avg_spd=2.06m/s end=goal t= 4082.7s
[TRAIN][PPO] ep=220/500 r=  600.02 avg10=  603.05 steps=1457 succ10=1.00 touch10=1.00 col10=0.00 to10=0.00 min_d= 0.30 avg_spd=2.06m/s end=goal t= 4101.6s
[TRAIN][PPO] ep=221/500 r=  603.57 avg10=  603.03 steps=1463 succ10=1.00 touch10=1.00 col10=0.00 to10=0.00 min_d= 0.30 avg_spd=2.05m/s end=goal t= 4119.5s
[TRAIN][PPO] ep=222/500 r=  602.74 avg10=  603.97 steps=1467 succ10=1.00 touch10=1.00 col10=0.00 to10=0.00 min_d= 0.30 avg_spd=2.04m/s end=goal t= 4136.8s
[TRAIN][PPO] ep=223/500 r=  308.69 avg10=  574.05 steps=1082 succ10=0.90 touch10=0.90 col10=0.10 to10=0.00 min_d= 1.33 avg_spd=2.08m/s end=collision t= 4150.3s
[TRAIN][PPO] ep=224/500 r=  603.78 avg10=  574.20 steps=1469 succ10=0.90 touch10=0.90 col10=0.10 to10=0.00 min_d= 0.30 avg_spd=2.06m/s end=goal t= 4170.0s
[TRAIN][PPO] ep=225/500 r=  593.11 avg10=  572.24 steps=1443 succ10=0.90 touch10=0.90 col10=0.10 to10=0.00 min_d= 0.30 avg_spd=2.05m/s end=goal t= 4187.5s
[TRAIN][PPO] ep=226/500 r=  593.28 avg10=  571.26 steps=1444 succ10=0.90 touch10=0.90 col10=0.10 to10=0.00 min_d= 0.30 avg_spd=2.06m/s end=goal t= 4204.7s
[TRAIN][PPO] ep=227/500 r=  601.74 avg10=  570.46 steps=1467 succ10=0.90 touch10=0.90 col10=0.10 to10=0.00 min_d= 0.30 avg_spd=2.06m/s end=goal t= 4222.4s
[TRAIN][PPO] ep=228/500 r=  606.80 avg10=  572.49 steps=1478 succ10=0.90 touch10=0.90 col10=0.10 to10=0.00 min_d= 0.30 avg_spd=2.05m/s end=goal t= 4241.3s
[TRAIN][PPO] ep=229/500 r=  598.36 avg10=  571.21 steps=1450 succ10=0.90 touch10=0.90 col10=0.10 to10=0.00 min_d= 0.30 avg_spd=2.07m/s end=goal t= 4258.7s
[TRAIN][PPO] ep=230/500 r=  614.39 avg10=  572.65 steps=1515 succ10=0.90 touch10=0.90 col10=0.10 to10=0.00 min_d= 0.30 avg_spd=2.05m/s end=goal t= 4276.3s
[TRAIN][PPO] ep=231/500 r=  608.52 avg10=  573.14 steps=1473 succ10=0.90 touch10=0.90 col10=0.10 to10=0.00 min_d= 0.30 avg_spd=2.06m/s end=goal t= 4293.7s
[TRAIN][PPO] ep=232/500 r=  606.03 avg10=  573.47 steps=1481 succ10=0.90 touch10=0.90 col10=0.10 to10=0.00 min_d= 0.30 avg_spd=2.06m/s end=goal t= 4313.2s
[TRAIN][PPO] ep=233/500 r=  602.17 avg10=  602.82 steps=1455 succ10=1.00 touch10=1.00 col10=0.00 to10=0.00 min_d= 0.30 avg_spd=2.08m/s end=goal t= 4330.4s
[TRAIN][PPO] ep=234/500 r=  596.63 avg10=  602.10 steps=1439 succ10=1.00 touch10=1.00 col10=0.00 to10=0.00 min_d= 0.30 avg_spd=2.08m/s end=goal t= 4347.0s
[TRAIN][PPO] ep=235/500 r=  598.21 avg10=  602.61 steps=1454 succ10=1.00 touch10=1.00 col10=0.00 to10=0.00 min_d= 0.30 avg_spd=2.08m/s end=goal t= 4364.3s
[TRAIN][PPO] ep=236/500 r=  602.54 avg10=  603.54 steps=1465 succ10=1.00 touch10=1.00 col10=0.00 to10=0.00 min_d= 0.30 avg_spd=2.07m/s end=goal t= 4383.6s
[TRAIN][PPO] ep=237/500 r=  596.60 avg10=  603.02 steps=1440 succ10=1.00 touch10=1.00 col10=0.00 to10=0.00 min_d= 0.30 avg_spd=2.09m/s end=goal t= 4401.0s
[TRAIN][PPO] ep=238/500 r=  599.15 avg10=  602.26 steps=1462 succ10=1.00 touch10=1.00 col10=0.00 to10=0.00 min_d= 0.30 avg_spd=2.04m/s end=goal t= 4418.9s
[TRAIN][PPO] ep=239/500 r=  600.60 avg10=  602.48 steps=1463 succ10=1.00 touch10=1.00 col10=0.00 to10=0.00 min_d= 0.30 avg_spd=2.07m/s end=goal t= 4436.6s
[TRAIN][PPO] ep=240/500 r=  603.96 avg10=  601.44 steps=1474 succ10=1.00 touch10=1.00 col10=0.00 to10=0.00 min_d= 0.30 avg_spd=2.06m/s end=goal t= 4457.0s
[TRAIN][PPO] ep=241/500 r=  591.80 avg10=  599.77 steps=1434 succ10=1.00 touch10=1.00 col10=0.00 to10=0.00 min_d= 0.30 avg_spd=2.08m/s end=goal t= 4474.7s
[TRAIN][PPO] ep=242/500 r=  594.88 avg10=  598.65 steps=1432 succ10=1.00 touch10=1.00 col10=0.00 to10=0.00 min_d= 0.30 avg_spd=2.07m/s end=goal t= 4491.3s
[TRAIN][PPO] ep=243/500 r=  591.28 avg10=  597.57 steps=1433 succ10=1.00 touch10=1.00 col10=0.00 to10=0.00 min_d= 0.30 avg_spd=2.07m/s end=goal t= 4508.2s
[TRAIN][PPO] ep=244/500 r=  593.45 avg10=  597.25 steps=1436 succ10=1.00 touch10=1.00 col10=0.00 to10=0.00 min_d= 0.30 avg_spd=2.07m/s end=goal t= 4527.0s
[TRAIN][PPO] ep=245/500 r=  599.82 avg10=  597.41 steps=1466 succ10=1.00 touch10=1.00 col10=0.00 to10=0.00 min_d= 0.30 avg_spd=2.06m/s end=goal t= 4544.7s
[TRAIN][PPO] ep=246/500 r=  599.26 avg10=  597.08 steps=1471 succ10=1.00 touch10=1.00 col10=0.00 to10=0.00 min_d= 0.30 avg_spd=2.04m/s end=goal t= 4562.4s
[TRAIN][PPO] ep=247/500 r=  615.31 avg10=  598.95 steps=1514 succ10=1.00 touch10=1.00 col10=0.00 to10=0.00 min_d= 0.30 avg_spd=2.04m/s end=goal t= 4580.8s
[TRAIN][PPO] ep=248/500 r=  314.05 avg10=  570.44 steps=1111 succ10=0.90 touch10=0.90 col10=0.10 to10=0.00 min_d= 1.33 avg_spd=2.05m/s end=collision t= 4596.9s
[TRAIN][PPO] ep=249/500 r=  604.42 avg10=  570.82 steps=1474 succ10=0.90 touch10=0.90 col10=0.10 to10=0.00 min_d= 0.30 avg_spd=2.05m/s end=goal t= 4614.9s
[TRAIN][PPO] ep=250/500 r=  602.99 avg10=  570.73 steps=1478 succ10=0.90 touch10=0.90 col10=0.10 to10=0.00 min_d= 0.30 avg_spd=2.06m/s end=goal t= 4633.0s
[TRAIN][PPO] ep=251/500 r=  593.82 avg10=  570.93 steps=1450 succ10=0.90 touch10=0.90 col10=0.10 to10=0.00 min_d= 0.30 avg_spd=2.06m/s end=goal t= 4650.6s
[TRAIN][PPO] ep=252/500 r=  603.40 avg10=  571.78 steps=1475 succ10=0.90 touch10=0.90 col10=0.10 to10=0.00 min_d= 0.30 avg_spd=2.06m/s end=goal t= 4670.8s
[TRAIN][PPO] ep=253/500 r=  602.57 avg10=  572.91 steps=1482 succ10=0.90 touch10=0.90 col10=0.10 to10=0.00 min_d= 0.30 avg_spd=2.05m/s end=goal t= 4687.9s
[TRAIN][PPO] ep=254/500 r=  604.00 avg10=  573.96 steps=1467 succ10=0.90 touch10=0.90 col10=0.10 to10=0.00 min_d= 0.30 avg_spd=2.07m/s end=goal t= 4705.4s
[TRAIN][PPO] ep=255/500 r=  610.46 avg10=  575.03 steps=1486 succ10=0.90 touch10=0.90 col10=0.10 to10=0.00 min_d= 0.30 avg_spd=2.07m/s end=goal t= 4724.0s
[TRAIN][PPO] ep=256/500 r=  596.79 avg10=  574.78 steps=1461 succ10=0.90 touch10=0.90 col10=0.10 to10=0.00 min_d= 0.30 avg_spd=2.06m/s end=goal t= 4743.8s
[TRAIN][PPO] ep=257/500 r=  598.54 avg10=  573.10 steps=1458 succ10=0.90 touch10=0.90 col10=0.10 to10=0.00 min_d= 0.30 avg_spd=2.06m/s end=goal t= 4761.7s
[TRAIN][PPO] ep=258/500 r=  602.32 avg10=  601.93 steps=1462 succ10=1.00 touch10=1.00 col10=0.00 to10=0.00 min_d= 0.30 avg_spd=2.05m/s end=goal t= 4779.8s
[TRAIN][PPO] ep=259/500 r=  608.08 avg10=  602.30 steps=1477 succ10=1.00 touch10=1.00 col10=0.00 to10=0.00 min_d= 0.30 avg_spd=2.06m/s end=goal t= 4798.1s
[TRAIN][PPO] ep=260/500 r=  602.86 avg10=  602.28 steps=1471 succ10=1.00 touch10=1.00 col10=0.00 to10=0.00 min_d= 0.30 avg_spd=2.06m/s end=goal t= 4817.7s
[TRAIN][PPO] ep=261/500 r=  591.75 avg10=  602.08 steps=1443 succ10=1.00 touch10=1.00 col10=0.00 to10=0.00 min_d= 0.30 avg_spd=2.05m/s end=goal t= 4834.8s
[TRAIN][PPO] ep=262/500 r=  596.68 avg10=  601.40 steps=1449 succ10=1.00 touch10=1.00 col10=0.00 to10=0.00 min_d= 0.30 avg_spd=2.05m/s end=goal t= 4852.6s
[TRAIN][PPO] ep=263/500 r=  593.56 avg10=  600.50 steps=1433 succ10=1.00 touch10=1.00 col10=0.00 to10=0.00 min_d= 0.30 avg_spd=2.07m/s end=goal t= 4870.3s
[TRAIN][PPO] ep=264/500 r=  603.06 avg10=  600.41 steps=1469 succ10=1.00 touch10=1.00 col10=0.00 to10=0.00 min_d= 0.30 avg_spd=2.07m/s end=goal t= 4891.8s
[TRAIN][PPO] ep=265/500 r=  597.35 avg10=  599.10 steps=1443 succ10=1.00 touch10=1.00 col10=0.00 to10=0.00 min_d= 0.30 avg_spd=2.06m/s end=goal t= 4909.8s
[TRAIN][PPO] ep=266/500 r=  296.65 avg10=  569.09 steps=1061 succ10=0.90 touch10=0.90 col10=0.10 to10=0.00 min_d= 1.38 avg_spd=2.05m/s end=collision t= 4922.7s
[TRAIN][PPO] ep=267/500 r=  609.95 avg10=  570.23 steps=1498 succ10=0.90 touch10=0.90 col10=0.10 to10=0.00 min_d= 0.30 avg_spd=2.05m/s end=goal t= 4940.8s
[TRAIN][PPO] ep=268/500 r=  602.83 avg10=  570.28 steps=1475 succ10=0.90 touch10=0.90 col10=0.10 to10=0.00 min_d= 0.30 avg_spd=2.05m/s end=goal t= 4960.4s
[TRAIN][PPO] ep=269/500 r=  598.70 avg10=  569.34 steps=1461 succ10=0.90 touch10=0.90 col10=0.10 to10=0.00 min_d= 0.30 avg_spd=2.06m/s end=goal t= 4977.8s
[TRAIN][PPO] ep=270/500 r=  617.92 avg10=  570.84 steps=1532 succ10=0.90 touch10=0.90 col10=0.10 to10=0.00 min_d= 0.30 avg_spd=2.03m/s end=goal t= 4996.2s
[TRAIN][PPO] ep=271/500 r=  603.49 avg10=  572.02 steps=1478 succ10=0.90 touch10=0.90 col10=0.10 to10=0.00 min_d= 0.30 avg_spd=2.06m/s end=goal t= 5014.3s
[TRAIN][PPO] ep=272/500 r=  607.01 avg10=  573.05 steps=1473 succ10=0.90 touch10=0.90 col10=0.10 to10=0.00 min_d= 0.30 avg_spd=2.06m/s end=goal t= 5034.5s
[TRAIN][PPO] ep=273/500 r=  598.47 avg10=  573.54 steps=1455 succ10=0.90 touch10=0.90 col10=0.10 to10=0.00 min_d= 0.30 avg_spd=2.06m/s end=goal t= 5052.3s
[TRAIN][PPO] ep=274/500 r=  597.82 avg10=  573.02 steps=1449 succ10=0.90 touch10=0.90 col10=0.10 to10=0.00 min_d= 0.30 avg_spd=2.06m/s end=goal t= 5069.9s
[TRAIN][PPO] ep=275/500 r=  601.31 avg10=  573.41 steps=1475 succ10=0.90 touch10=0.90 col10=0.10 to10=0.00 min_d= 0.30 avg_spd=2.06m/s end=goal t= 5087.6s
[TRAIN][PPO] ep=276/500 r=  602.46 avg10=  604.00 steps=1464 succ10=1.00 touch10=1.00 col10=0.00 to10=0.00 min_d= 0.30 avg_spd=2.05m/s end=goal t= 5107.4s
[TRAIN][PPO] ep=277/500 r=  599.25 avg10=  602.93 steps=1448 succ10=1.00 touch10=1.00 col10=0.00 to10=0.00 min_d= 0.30 avg_spd=2.06m/s end=goal t= 5125.1s
[TRAIN][PPO] ep=278/500 r=  599.71 avg10=  602.61 steps=1459 succ10=1.00 touch10=1.00 col10=0.00 to10=0.00 min_d= 0.30 avg_spd=2.07m/s end=goal t= 5143.3s
[TRAIN][PPO] ep=279/500 r=  605.45 avg10=  603.29 steps=1470 succ10=1.00 touch10=1.00 col10=0.00 to10=0.00 min_d= 0.30 avg_spd=2.05m/s end=goal t= 5161.0s
[TRAIN][PPO] ep=280/500 r=  607.76 avg10=  602.27 steps=1474 succ10=1.00 touch10=1.00 col10=0.00 to10=0.00 min_d= 0.30 avg_spd=2.06m/s end=goal t= 5182.4s
[TRAIN][PPO] ep=281/500 r=  596.45 avg10=  601.57 steps=1452 succ10=1.00 touch10=1.00 col10=0.00 to10=0.00 min_d= 0.30 avg_spd=2.05m/s end=goal t= 5200.0s
[TRAIN][PPO] ep=282/500 r=  600.94 avg10=  600.96 steps=1450 succ10=1.00 touch10=1.00 col10=0.00 to10=0.00 min_d= 0.30 avg_spd=2.06m/s end=goal t= 5217.7s
[TRAIN][PPO] ep=283/500 r=  605.38 avg10=  601.65 steps=1480 succ10=1.00 touch10=1.00 col10=0.00 to10=0.00 min_d= 0.30 avg_spd=2.06m/s end=goal t= 5235.6s
[TRAIN][PPO] ep=284/500 r=  601.75 avg10=  602.05 steps=1458 succ10=1.00 touch10=1.00 col10=0.00 to10=0.00 min_d= 0.30 avg_spd=2.05m/s end=goal t= 5255.3s
[TRAIN][PPO] ep=285/500 r=  592.03 avg10=  601.12 steps=1442 succ10=1.00 touch10=1.00 col10=0.00 to10=0.00 min_d= 0.30 avg_spd=2.06m/s end=goal t= 5272.5s
[TRAIN][PPO] ep=286/500 r=  605.53 avg10=  601.42 steps=1473 succ10=1.00 touch10=1.00 col10=0.00 to10=0.00 min_d= 0.30 avg_spd=2.07m/s end=goal t= 5289.9s
[TRAIN][PPO] ep=287/500 r=  604.62 avg10=  601.96 steps=1464 succ10=1.00 touch10=1.00 col10=0.00 to10=0.00 min_d= 0.30 avg_spd=2.05m/s end=goal t= 5306.6s
[TRAIN][PPO] ep=288/500 r=  591.54 avg10=  601.14 steps=1432 succ10=1.00 touch10=1.00 col10=0.00 to10=0.00 min_d= 0.30 avg_spd=2.07m/s end=goal t= 5326.2s
[TRAIN][PPO] ep=289/500 r=  293.62 avg10=  569.96 steps=1054 succ10=0.90 touch10=0.90 col10=0.10 to10=0.00 min_d= 1.34 avg_spd=2.04m/s end=collision t= 5338.9s
[TRAIN][PPO] ep=290/500 r=  608.64 avg10=  570.05 steps=1470 succ10=0.90 touch10=0.90 col10=0.10 to10=0.00 min_d= 0.30 avg_spd=2.07m/s end=goal t= 5357.3s
[TRAIN][PPO] ep=291/500 r=  604.74 avg10=  570.88 steps=1476 succ10=0.90 touch10=0.90 col10=0.10 to10=0.00 min_d= 0.30 avg_spd=2.07m/s end=goal t= 5375.1s
[TRAIN][PPO] ep=292/500 r=  608.78 avg10=  571.66 steps=1475 succ10=0.90 touch10=0.90 col10=0.10 to10=0.00 min_d= 0.30 avg_spd=2.05m/s end=goal t= 5394.3s
[TRAIN][PPO] ep=293/500 r=  595.23 avg10=  570.65 steps=1439 succ10=0.90 touch10=0.90 col10=0.10 to10=0.00 min_d= 0.30 avg_spd=2.07m/s end=goal t= 5411.9s
[TRAIN][PPO] ep=294/500 r=  601.73 avg10=  570.65 steps=1464 succ10=0.90 touch10=0.90 col10=0.10 to10=0.00 min_d= 0.30 avg_spd=2.04m/s end=goal t= 5429.8s
[TRAIN][PPO] ep=295/500 r=  601.32 avg10=  571.57 steps=1474 succ10=0.90 touch10=0.90 col10=0.10 to10=0.00 min_d= 0.30 avg_spd=2.06m/s end=goal t= 5447.5s
[TRAIN][PPO] ep=296/500 r=  598.37 avg10=  570.86 steps=1449 succ10=0.90 touch10=0.90 col10=0.10 to10=0.00 min_d= 0.30 avg_spd=2.07m/s end=goal t= 5467.6s
[TRAIN][PPO] ep=297/500 r=  602.34 avg10=  570.63 steps=1458 succ10=0.90 touch10=0.90 col10=0.10 to10=0.00 min_d= 0.30 avg_spd=2.06m/s end=goal t= 5485.3s
[TRAIN][PPO] ep=298/500 r=  293.29 avg10=  540.81 steps=1035 succ10=0.80 touch10=0.80 col10=0.20 to10=0.00 min_d= 1.33 avg_spd=2.05m/s end=collision t= 5497.7s
[TRAIN][PPO] ep=299/500 r=  598.11 avg10=  571.25 steps=1452 succ10=0.90 touch10=0.90 col10=0.10 to10=0.00 min_d= 0.30 avg_spd=2.07m/s end=goal t= 5515.6s
[TRAIN][PPO] ep=300/500 r=  607.31 avg10=  571.12 steps=1489 succ10=0.90 touch10=0.90 col10=0.10 to10=0.00 min_d= 0.30 avg_spd=2.05m/s end=goal t= 5535.5s ckpt=latest
[TRAIN][PPO] ep=301/500 r=  589.86 avg10=  569.63 steps=1424 succ10=0.90 touch10=0.90 col10=0.10 to10=0.00 min_d= 0.30 avg_spd=2.07m/s end=goal t= 5553.0s
[TRAIN][PPO] ep=302/500 r=  589.35 avg10=  567.69 steps=1416 succ10=0.90 touch10=0.90 col10=0.10 to10=0.00 min_d= 0.30 avg_spd=2.07m/s end=goal t= 5570.2s
[TRAIN][PPO] ep=303/500 r=  608.80 avg10=  569.05 steps=1488 succ10=0.90 touch10=0.90 col10=0.10 to10=0.00 min_d= 0.30 avg_spd=2.06m/s end=goal t= 5588.5s
[TRAIN][PPO] ep=304/500 r=  601.43 avg10=  569.02 steps=1488 succ10=0.90 touch10=0.90 col10=0.10 to10=0.00 min_d= 0.30 avg_spd=2.04m/s end=goal t= 5608.3s
[TRAIN][PPO] ep=305/500 r=  604.18 avg10=  569.30 steps=1480 succ10=0.90 touch10=0.90 col10=0.10 to10=0.00 min_d= 0.30 avg_spd=2.05m/s end=goal t= 5626.2s
[TRAIN][PPO] ep=306/500 r=  603.69 avg10=  569.84 steps=1476 succ10=0.90 touch10=0.90 col10=0.10 to10=0.00 min_d= 0.30 avg_spd=2.05m/s end=goal t= 5644.7s
[TRAIN][PPO] ep=307/500 r=  606.52 avg10=  570.25 steps=1482 succ10=0.90 touch10=0.90 col10=0.10 to10=0.00 min_d= 0.30 avg_spd=2.05m/s end=goal t= 5663.2s
[TRAIN][PPO] ep=308/500 r=  603.00 avg10=  601.22 steps=1476 succ10=1.00 touch10=1.00 col10=0.00 to10=0.00 min_d= 0.30 avg_spd=2.05m/s end=goal t= 5683.1s
[TRAIN][PPO] ep=309/500 r=  596.21 avg10=  601.04 steps=1445 succ10=1.00 touch10=1.00 col10=0.00 to10=0.00 min_d= 0.30 avg_spd=2.08m/s end=goal t= 5700.4s
[TRAIN][PPO] ep=310/500 r=  610.64 avg10=  601.37 steps=1508 succ10=1.00 touch10=1.00 col10=0.00 to10=0.00 min_d= 0.30 avg_spd=2.05m/s end=goal t= 5718.8s
[TRAIN][PPO] ep=311/500 r=  606.56 avg10=  603.04 steps=1495 succ10=1.00 touch10=1.00 col10=0.00 to10=0.00 min_d= 0.30 avg_spd=2.05m/s end=goal t= 5737.2s
[TRAIN][PPO] ep=312/500 r=  607.45 avg10=  604.85 steps=1479 succ10=1.00 touch10=1.00 col10=0.00 to10=0.00 min_d= 0.30 avg_spd=2.07m/s end=goal t= 5756.9s
[TRAIN][PPO] ep=313/500 r=  595.07 avg10=  603.48 steps=1448 succ10=1.00 touch10=1.00 col10=0.00 to10=0.00 min_d= 0.30 avg_spd=2.06m/s end=goal t= 5774.5s
[TRAIN][PPO] ep=314/500 r=  601.49 avg10=  603.48 steps=1465 succ10=1.00 touch10=1.00 col10=0.00 to10=0.00 min_d= 0.30 avg_spd=2.06m/s end=goal t= 5791.8s
[TRAIN][PPO] ep=315/500 r=  593.74 avg10=  602.44 steps=1438 succ10=1.00 touch10=1.00 col10=0.00 to10=0.00 min_d= 0.30 avg_spd=2.07m/s end=goal t= 5809.0s
[TRAIN][PPO] ep=316/500 r=  609.19 avg10=  602.99 steps=1481 succ10=1.00 touch10=1.00 col10=0.00 to10=0.00 min_d= 0.30 avg_spd=2.07m/s end=goal t= 5828.8s
[TRAIN][PPO] ep=317/500 r=  604.90 avg10=  602.83 steps=1468 succ10=1.00 touch10=1.00 col10=0.00 to10=0.00 min_d= 0.30 avg_spd=2.04m/s end=goal t= 5846.6s
[TRAIN][PPO] ep=318/500 r=  617.67 avg10=  604.29 steps=1505 succ10=1.00 touch10=1.00 col10=0.00 to10=0.00 min_d= 0.30 avg_spd=2.04m/s end=goal t= 5865.0s
[TRAIN][PPO] ep=319/500 r=  602.45 avg10=  604.92 steps=1459 succ10=1.00 touch10=1.00 col10=0.00 to10=0.00 min_d= 0.30 avg_spd=2.07m/s end=goal t= 5882.7s
[TRAIN][PPO] ep=320/500 r=  590.73 avg10=  602.93 steps=1437 succ10=1.00 touch10=1.00 col10=0.00 to10=0.00 min_d= 0.30 avg_spd=2.06m/s end=goal t= 5902.2s
[TRAIN][PPO] ep=321/500 r=  591.80 avg10=  601.45 steps=1431 succ10=1.00 touch10=1.00 col10=0.00 to10=0.00 min_d= 0.30 avg_spd=2.06m/s end=goal t= 5919.8s
[TRAIN][PPO] ep=322/500 r=  600.98 avg10=  600.80 steps=1473 succ10=1.00 touch10=1.00 col10=0.00 to10=0.00 min_d= 0.30 avg_spd=2.06m/s end=goal t= 5937.6s
[TRAIN][PPO] ep=323/500 r=  605.48 avg10=  601.84 steps=1485 succ10=1.00 touch10=1.00 col10=0.00 to10=0.00 min_d= 0.30 avg_spd=2.05m/s end=goal t= 5955.9s
[TRAIN][PPO] ep=324/500 r=  605.10 avg10=  602.20 steps=1480 succ10=1.00 touch10=1.00 col10=0.00 to10=0.00 min_d= 0.30 avg_spd=2.05m/s end=goal t= 5976.0s
[TRAIN][PPO] ep=325/500 r=  607.61 avg10=  603.59 steps=1477 succ10=1.00 touch10=1.00 col10=0.00 to10=0.00 min_d= 0.30 avg_spd=2.06m/s end=goal t= 5993.9s
[TRAIN][PPO] ep=326/500 r=  605.75 avg10=  603.25 steps=1477 succ10=1.00 touch10=1.00 col10=0.00 to10=0.00 min_d= 0.30 avg_spd=2.07m/s end=goal t= 6011.9s
[TRAIN][PPO] ep=327/500 r=  611.07 avg10=  603.86 steps=1493 succ10=1.00 touch10=1.00 col10=0.00 to10=0.00 min_d= 0.30 avg_spd=2.05m/s end=goal t= 6029.6s
[TRAIN][PPO] ep=328/500 r=  604.45 avg10=  602.54 steps=1471 succ10=1.00 touch10=1.00 col10=0.00 to10=0.00 min_d= 0.30 avg_spd=2.06m/s end=goal t= 6049.0s
[TRAIN][PPO] ep=329/500 r=  613.16 avg10=  603.61 steps=1518 succ10=1.00 touch10=1.00 col10=0.00 to10=0.00 min_d= 0.30 avg_spd=2.04m/s end=goal t= 6067.0s
[TRAIN][PPO] ep=330/500 r=  594.56 avg10=  604.00 steps=1438 succ10=1.00 touch10=1.00 col10=0.00 to10=0.00 min_d= 0.30 avg_spd=2.07m/s end=goal t= 6084.0s
[TRAIN][PPO] ep=331/500 r=  602.99 avg10=  605.12 steps=1492 succ10=1.00 touch10=1.00 col10=0.00 to10=0.00 min_d= 0.30 avg_spd=2.06m/s end=goal t= 6101.9s
[TRAIN][PPO] ep=332/500 r=  605.80 avg10=  605.60 steps=1474 succ10=1.00 touch10=1.00 col10=0.00 to10=0.00 min_d= 0.30 avg_spd=2.05m/s end=goal t= 6122.5s
[TRAIN][PPO] ep=333/500 r=  597.77 avg10=  604.83 steps=1459 succ10=1.00 touch10=1.00 col10=0.00 to10=0.00 min_d= 0.30 avg_spd=2.05m/s end=goal t= 6140.4s
[TRAIN][PPO] ep=334/500 r=  601.70 avg10=  604.49 steps=1471 succ10=1.00 touch10=1.00 col10=0.00 to10=0.00 min_d= 0.30 avg_spd=2.04m/s end=goal t= 6158.1s
[TRAIN][PPO] ep=335/500 r=  610.64 avg10=  604.79 steps=1484 succ10=1.00 touch10=1.00 col10=0.00 to10=0.00 min_d= 0.30 avg_spd=2.05m/s end=goal t= 6174.9s
[TRAIN][PPO] ep=336/500 r=  615.23 avg10=  605.74 steps=1502 succ10=1.00 touch10=1.00 col10=0.00 to10=0.00 min_d= 0.30 avg_spd=2.05m/s end=goal t= 6193.6s
[TRAIN][PPO] ep=337/500 r=  604.53 avg10=  605.08 steps=1468 succ10=1.00 touch10=1.00 col10=0.00 to10=0.00 min_d= 0.30 avg_spd=2.05m/s end=goal t= 6210.3s
[TRAIN][PPO] ep=338/500 r=  611.93 avg10=  605.83 steps=1487 succ10=1.00 touch10=1.00 col10=0.00 to10=0.00 min_d= 0.30 avg_spd=2.06m/s end=goal t= 6228.5s
[TRAIN][PPO] ep=339/500 r=  611.01 avg10=  605.62 steps=1482 succ10=1.00 touch10=1.00 col10=0.00 to10=0.00 min_d= 0.30 avg_spd=2.04m/s end=goal t= 6247.2s
[TRAIN][PPO] ep=340/500 r=  598.63 avg10=  606.02 steps=1456 succ10=1.00 touch10=1.00 col10=0.00 to10=0.00 min_d= 0.30 avg_spd=2.07m/s end=goal t= 6267.0s
[TRAIN][PPO] ep=341/500 r=  593.10 avg10=  605.03 steps=1446 succ10=1.00 touch10=1.00 col10=0.00 to10=0.00 min_d= 0.30 avg_spd=2.06m/s end=goal t= 6284.5s
[TRAIN][PPO] ep=342/500 r=  596.86 avg10=  604.14 steps=1459 succ10=1.00 touch10=1.00 col10=0.00 to10=0.00 min_d= 0.30 avg_spd=2.04m/s end=goal t= 6302.3s
[TRAIN][PPO] ep=343/500 r=  594.81 avg10=  603.84 steps=1431 succ10=1.00 touch10=1.00 col10=0.00 to10=0.00 min_d= 0.30 avg_spd=2.05m/s end=goal t= 6320.0s
[TRAIN][PPO] ep=344/500 r=  611.59 avg10=  604.83 steps=1497 succ10=1.00 touch10=1.00 col10=0.00 to10=0.00 min_d= 0.30 avg_spd=2.05m/s end=goal t= 6340.0s
[TRAIN][PPO] ep=345/500 r=  608.14 avg10=  604.58 steps=1481 succ10=1.00 touch10=1.00 col10=0.00 to10=0.00 min_d= 0.30 avg_spd=2.07m/s end=goal t= 6358.1s
[TRAIN][PPO] ep=346/500 r=  592.56 avg10=  602.32 steps=1443 succ10=1.00 touch10=1.00 col10=0.00 to10=0.00 min_d= 0.30 avg_spd=2.07m/s end=goal t= 6376.2s
[TRAIN][PPO] ep=347/500 r=  605.23 avg10=  602.39 steps=1478 succ10=1.00 touch10=1.00 col10=0.00 to10=0.00 min_d= 0.30 avg_spd=2.05m/s end=goal t= 6394.8s
[TRAIN][PPO] ep=348/500 r=  593.49 avg10=  600.54 steps=1459 succ10=1.00 touch10=1.00 col10=0.00 to10=0.00 min_d= 0.30 avg_spd=2.05m/s end=goal t= 6415.1s
[TRAIN][PPO] ep=349/500 r=  603.62 avg10=  599.80 steps=1471 succ10=1.00 touch10=1.00 col10=0.00 to10=0.00 min_d= 0.30 avg_spd=2.06m/s end=goal t= 6434.2s
[TRAIN][PPO] ep=350/500 r=  609.22 avg10=  600.86 steps=1486 succ10=1.00 touch10=1.00 col10=0.00 to10=0.00 min_d= 0.30 avg_spd=2.06m/s end=goal t= 6453.2s
[TRAIN][PPO] ep=351/500 r=  614.83 avg10=  603.03 steps=1506 succ10=1.00 touch10=1.00 col10=0.00 to10=0.00 min_d= 0.30 avg_spd=2.04m/s end=goal t= 6472.2s
[TRAIN][PPO] ep=352/500 r=  598.56 avg10=  603.20 steps=1453 succ10=1.00 touch10=1.00 col10=0.00 to10=0.00 min_d= 0.30 avg_spd=2.06m/s end=goal t= 6492.0s
[TRAIN][PPO] ep=353/500 r=  598.36 avg10=  603.56 steps=1465 succ10=1.00 touch10=1.00 col10=0.00 to10=0.00 min_d= 0.30 avg_spd=2.05m/s end=goal t= 6510.9s
[TRAIN][PPO] ep=354/500 r=  609.50 avg10=  603.35 steps=1484 succ10=1.00 touch10=1.00 col10=0.00 to10=0.00 min_d= 0.30 avg_spd=2.06m/s end=goal t= 6529.8s
[TRAIN][PPO] ep=355/500 r=  597.09 avg10=  602.25 steps=1435 succ10=1.00 touch10=1.00 col10=0.00 to10=0.00 min_d= 0.30 avg_spd=2.08m/s end=goal t= 6548.2s
[TRAIN][PPO] ep=356/500 r=  594.67 avg10=  602.46 steps=1444 succ10=1.00 touch10=1.00 col10=0.00 to10=0.00 min_d= 0.30 avg_spd=2.06m/s end=goal t= 6568.1s
[TRAIN][PPO] ep=357/500 r=  600.07 avg10=  601.94 steps=1462 succ10=1.00 touch10=1.00 col10=0.00 to10=0.00 min_d= 0.30 avg_spd=2.04m/s end=goal t= 6587.0s
[TRAIN][PPO] ep=358/500 r=  596.72 avg10=  602.26 steps=1443 succ10=1.00 touch10=1.00 col10=0.00 to10=0.00 min_d= 0.30 avg_spd=2.05m/s end=goal t= 6606.2s
[TRAIN][PPO] ep=359/500 r=  600.80 avg10=  601.98 steps=1462 succ10=1.00 touch10=1.00 col10=0.00 to10=0.00 min_d= 0.30 avg_spd=2.07m/s end=goal t= 6625.2s
[TRAIN][PPO] ep=360/500 r=  605.79 avg10=  601.64 steps=1478 succ10=1.00 touch10=1.00 col10=0.00 to10=0.00 min_d= 0.30 avg_spd=2.06m/s end=goal t= 6645.8s
[TRAIN][PPO] ep=361/500 r=  611.06 avg10=  601.26 steps=1483 succ10=1.00 touch10=1.00 col10=0.00 to10=0.00 min_d= 0.30 avg_spd=2.06m/s end=goal t= 6664.8s
[TRAIN][PPO] ep=362/500 r=  606.91 avg10=  602.10 steps=1477 succ10=1.00 touch10=1.00 col10=0.00 to10=0.00 min_d= 0.30 avg_spd=2.06m/s end=goal t= 6684.3s
[TRAIN][PPO] ep=363/500 r=  598.77 avg10=  602.14 steps=1478 succ10=1.00 touch10=1.00 col10=0.00 to10=0.00 min_d= 0.30 avg_spd=2.03m/s end=goal t= 6703.9s
[TRAIN][PPO] ep=364/500 r=  601.72 avg10=  601.36 steps=1462 succ10=1.00 touch10=1.00 col10=0.00 to10=0.00 min_d= 0.30 avg_spd=2.07m/s end=goal t= 6725.4s
[TRAIN][PPO] ep=365/500 r=  602.31 avg10=  601.88 steps=1457 succ10=1.00 touch10=1.00 col10=0.00 to10=0.00 min_d= 0.30 avg_spd=2.05m/s end=goal t= 6744.5s
[TRAIN][PPO] ep=366/500 r=  592.51 avg10=  601.67 steps=1431 succ10=1.00 touch10=1.00 col10=0.00 to10=0.00 min_d= 0.30 avg_spd=2.06m/s end=goal t= 6762.9s
[TRAIN][PPO] ep=367/500 r=  594.30 avg10=  601.09 steps=1427 succ10=1.00 touch10=1.00 col10=0.00 to10=0.00 min_d= 0.30 avg_spd=2.07m/s end=goal t= 6781.7s
[TRAIN][PPO] ep=368/500 r=  593.55 avg10=  600.77 steps=1445 succ10=1.00 touch10=1.00 col10=0.00 to10=0.00 min_d= 0.30 avg_spd=2.06m/s end=goal t= 6802.7s
[TRAIN][PPO] ep=369/500 r=  603.88 avg10=  601.08 steps=1487 succ10=1.00 touch10=1.00 col10=0.00 to10=0.00 min_d= 0.30 avg_spd=2.04m/s end=goal t= 6822.5s
[TRAIN][PPO] ep=370/500 r=  610.46 avg10=  601.55 steps=1480 succ10=1.00 touch10=1.00 col10=0.00 to10=0.00 min_d= 0.30 avg_spd=2.05m/s end=goal t= 6841.8s
[TRAIN][PPO] ep=371/500 r=  608.38 avg10=  601.28 steps=1472 succ10=1.00 touch10=1.00 col10=0.00 to10=0.00 min_d= 0.30 avg_spd=2.04m/s end=goal t= 6861.5s
[TRAIN][PPO] ep=372/500 r=  615.18 avg10=  602.11 steps=1499 succ10=1.00 touch10=1.00 col10=0.00 to10=0.00 min_d= 0.30 avg_spd=2.05m/s end=goal t= 6882.8s
[TRAIN][PPO] ep=373/500 r=  611.20 avg10=  603.35 steps=1499 succ10=1.00 touch10=1.00 col10=0.00 to10=0.00 min_d= 0.30 avg_spd=2.05m/s end=goal t= 6902.6s
[TRAIN][PPO] ep=374/500 r=  589.85 avg10=  602.16 steps=1425 succ10=1.00 touch10=1.00 col10=0.00 to10=0.00 min_d= 0.30 avg_spd=2.06m/s end=goal t= 6920.5s
[TRAIN][PPO] ep=375/500 r=  595.07 avg10=  601.44 steps=1439 succ10=1.00 touch10=1.00 col10=0.00 to10=0.00 min_d= 0.30 avg_spd=2.05m/s end=goal t= 6939.0s
[TRAIN][PPO] ep=376/500 r=  600.92 avg10=  602.28 steps=1448 succ10=1.00 touch10=1.00 col10=0.00 to10=0.00 min_d= 0.30 avg_spd=2.06m/s end=goal t= 6959.6s
[TRAIN][PPO] ep=377/500 r=  603.03 avg10=  603.15 steps=1459 succ10=1.00 touch10=1.00 col10=0.00 to10=0.00 min_d= 0.30 avg_spd=2.07m/s end=goal t= 6978.7s
[TRAIN][PPO] ep=378/500 r=  600.41 avg10=  603.84 steps=1462 succ10=1.00 touch10=1.00 col10=0.00 to10=0.00 min_d= 0.30 avg_spd=2.05m/s end=goal t= 6998.2s
[TRAIN][PPO] ep=379/500 r=  599.07 avg10=  603.36 steps=1458 succ10=1.00 touch10=1.00 col10=0.00 to10=0.00 min_d= 0.30 avg_spd=2.04m/s end=goal t= 7017.1s
[TRAIN][PPO] ep=380/500 r=  610.97 avg10=  603.41 steps=1476 succ10=1.00 touch10=1.00 col10=0.00 to10=0.00 min_d= 0.30 avg_spd=2.06m/s end=goal t= 7037.9s
[TRAIN][PPO] ep=381/500 r=  599.25 avg10=  602.50 steps=1447 succ10=1.00 touch10=1.00 col10=0.00 to10=0.00 min_d= 0.30 avg_spd=2.06m/s end=goal t= 7056.8s
[TRAIN][PPO] ep=382/500 r=  603.02 avg10=  601.28 steps=1462 succ10=1.00 touch10=1.00 col10=0.00 to10=0.00 min_d= 0.30 avg_spd=2.04m/s end=goal t= 7076.0s
[TRAIN][PPO] ep=383/500 r=  613.77 avg10=  601.54 steps=1500 succ10=1.00 touch10=1.00 col10=0.00 to10=0.00 min_d= 0.30 avg_spd=2.04m/s end=goal t= 7095.5s
[TRAIN][PPO] ep=384/500 r=  587.87 avg10=  601.34 steps=1415 succ10=1.00 touch10=1.00 col10=0.00 to10=0.00 min_d= 0.30 avg_spd=2.08m/s end=goal t= 7115.9s
[TRAIN][PPO] ep=385/500 r=  304.56 avg10=  572.29 steps=1065 succ10=0.90 touch10=0.90 col10=0.10 to10=0.00 min_d= 1.37 avg_spd=2.03m/s end=collision t= 7130.0s
[TRAIN][PPO] ep=386/500 r=  604.17 avg10=  572.61 steps=1463 succ10=0.90 touch10=0.90 col10=0.10 to10=0.00 min_d= 0.30 avg_spd=2.04m/s end=goal t= 7149.2s
[TRAIN][PPO] ep=387/500 r=  609.98 avg10=  573.31 steps=1470 succ10=0.90 touch10=0.90 col10=0.10 to10=0.00 min_d= 0.30 avg_spd=2.06m/s end=goal t= 7168.4s
[TRAIN][PPO] ep=388/500 r=  302.52 avg10=  543.52 steps=1055 succ10=0.80 touch10=0.80 col10=0.20 to10=0.00 min_d= 1.39 avg_spd=2.05m/s end=collision t= 7183.3s
[TRAIN][PPO] ep=389/500 r=  597.49 avg10=  543.36 steps=1447 succ10=0.80 touch10=0.80 col10=0.20 to10=0.00 min_d= 0.30 avg_spd=2.05m/s end=goal t= 7202.0s
[TRAIN][PPO] ep=390/500 r=  606.71 avg10=  542.93 steps=1471 succ10=0.80 touch10=0.80 col10=0.20 to10=0.00 min_d= 0.30 avg_spd=2.06m/s end=goal t= 7220.3s
[TRAIN][PPO] ep=391/500 r=  619.80 avg10=  544.99 steps=1514 succ10=0.80 touch10=0.80 col10=0.20 to10=0.00 min_d= 0.30 avg_spd=2.03m/s end=goal t= 7239.1s
[TRAIN][PPO] ep=392/500 r=  609.18 avg10=  545.61 steps=1482 succ10=0.80 touch10=0.80 col10=0.20 to10=0.00 min_d= 0.30 avg_spd=2.04m/s end=goal t= 7260.6s
[TRAIN][PPO] ep=393/500 r=  598.85 avg10=  544.11 steps=1452 succ10=0.80 touch10=0.80 col10=0.20 to10=0.00 min_d= 0.30 avg_spd=2.04m/s end=goal t= 7279.6s
[TRAIN][PPO] ep=394/500 r=  616.59 avg10=  546.99 steps=1512 succ10=0.80 touch10=0.80 col10=0.20 to10=0.00 min_d= 0.30 avg_spd=2.02m/s end=goal t= 7298.7s
[TRAIN][PPO] ep=395/500 r=  614.34 avg10=  577.96 steps=1513 succ10=0.90 touch10=0.90 col10=0.10 to10=0.00 min_d= 0.30 avg_spd=2.02m/s end=goal t= 7317.7s
[TRAIN][PPO] ep=396/500 r=  614.87 avg10=  579.03 steps=1515 succ10=0.90 touch10=0.90 col10=0.10 to10=0.00 min_d= 0.30 avg_spd=2.01m/s end=goal t= 7339.5s
[TRAIN][PPO] ep=397/500 r=  304.50 avg10=  548.49 steps=1063 succ10=0.80 touch10=0.80 col10=0.20 to10=0.00 min_d= 1.35 avg_spd=2.08m/s end=collision t= 7353.5s
[TRAIN][PPO] ep=398/500 r=  291.04 avg10=  547.34 steps=1016 succ10=0.80 touch10=0.80 col10=0.20 to10=0.00 min_d= 1.38 avg_spd=2.04m/s end=collision t= 7366.8s
[TRAIN][PPO] ep=399/500 r=  306.74 avg10=  518.26 steps=1073 succ10=0.70 touch10=0.70 col10=0.30 to10=0.00 min_d= 1.39 avg_spd=2.03m/s end=collision t= 7380.9s
[TRAIN][PPO] ep=400/500 r=  602.89 avg10=  517.88 steps=1481 succ10=0.70 touch10=0.70 col10=0.30 to10=0.00 min_d= 0.30 avg_spd=2.02m/s end=goal t= 7401.7s ckpt=latest
[TRAIN][PPO] ep=401/500 r=  605.01 avg10=  516.40 steps=1459 succ10=0.70 touch10=0.70 col10=0.30 to10=0.00 min_d= 0.30 avg_spd=2.03m/s end=goal t= 7421.0s
[TRAIN][PPO] ep=402/500 r=  602.59 avg10=  515.74 steps=1457 succ10=0.70 touch10=0.70 col10=0.30 to10=0.00 min_d= 0.30 avg_spd=2.07m/s end=goal t= 7440.0s
[TRAIN][PPO] ep=403/500 r=  289.34 avg10=  484.79 steps=1017 succ10=0.60 touch10=0.60 col10=0.40 to10=0.00 min_d= 1.35 avg_spd=2.05m/s end=collision t= 7453.3s
[TRAIN][PPO] ep=404/500 r=  611.46 avg10=  484.28 steps=1483 succ10=0.60 touch10=0.60 col10=0.40 to10=0.00 min_d= 0.30 avg_spd=2.06m/s end=goal t= 7474.2s
[TRAIN][PPO] ep=405/500 r=  602.43 avg10=  483.09 steps=1477 succ10=0.60 touch10=0.60 col10=0.40 to10=0.00 min_d= 0.30 avg_spd=2.04m/s end=goal t= 7493.2s
[TRAIN][PPO] ep=406/500 r=  597.53 avg10=  481.35 steps=1440 succ10=0.60 touch10=0.60 col10=0.40 to10=0.00 min_d= 0.30 avg_spd=2.04m/s end=goal t= 7512.0s
[TRAIN][PPO] ep=407/500 r=  604.12 avg10=  511.31 steps=1470 succ10=0.70 touch10=0.70 col10=0.30 to10=0.00 min_d= 0.30 avg_spd=2.06m/s end=goal t= 7531.0s
[TRAIN][PPO] ep=408/500 r=  604.19 avg10=  542.63 steps=1463 succ10=0.80 touch10=0.80 col10=0.20 to10=0.00 min_d= 0.30 avg_spd=2.05m/s end=goal t= 7551.0s
[TRAIN][PPO] ep=409/500 r=  599.21 avg10=  571.88 steps=1448 succ10=0.90 touch10=0.90 col10=0.10 to10=0.00 min_d= 0.30 avg_spd=2.04m/s end=goal t= 7569.5s
[TRAIN][PPO] ep=410/500 r=  608.68 avg10=  572.46 steps=1476 succ10=0.90 touch10=0.90 col10=0.10 to10=0.00 min_d= 0.30 avg_spd=2.06m/s end=goal t= 7588.4s
[TRAIN][PPO] ep=411/500 r=  591.56 avg10=  571.11 steps=1423 succ10=0.90 touch10=0.90 col10=0.10 to10=0.00 min_d= 0.30 avg_spd=2.06m/s end=goal t= 7607.2s
[TRAIN][PPO] ep=412/500 r=  595.21 avg10=  570.37 steps=1444 succ10=0.90 touch10=0.90 col10=0.10 to10=0.00 min_d= 0.30 avg_spd=2.05m/s end=goal t= 7628.2s
[TRAIN][PPO] ep=413/500 r=  611.97 avg10=  602.63 steps=1484 succ10=1.00 touch10=1.00 col10=0.00 to10=0.00 min_d= 0.30 avg_spd=2.06m/s end=goal t= 7647.4s
[TRAIN][PPO] ep=414/500 r=  613.81 avg10=  602.87 steps=1506 succ10=1.00 touch10=1.00 col10=0.00 to10=0.00 min_d= 0.30 avg_spd=2.03m/s end=goal t= 7667.0s
[TRAIN][PPO] ep=415/500 r=  607.52 avg10=  603.38 steps=1482 succ10=1.00 touch10=1.00 col10=0.00 to10=0.00 min_d= 0.30 avg_spd=2.02m/s end=goal t= 7685.7s
[TRAIN][PPO] ep=416/500 r=  601.24 avg10=  603.75 steps=1450 succ10=1.00 touch10=1.00 col10=0.00 to10=0.00 min_d= 0.30 avg_spd=2.06m/s end=goal t= 7706.9s
[TRAIN][PPO] ep=417/500 r=  592.54 avg10=  602.59 steps=1425 succ10=1.00 touch10=1.00 col10=0.00 to10=0.00 min_d= 0.30 avg_spd=2.06m/s end=goal t= 7725.7s
[TRAIN][PPO] ep=418/500 r=  612.62 avg10=  603.43 steps=1494 succ10=1.00 touch10=1.00 col10=0.00 to10=0.00 min_d= 0.30 avg_spd=2.04m/s end=goal t= 7745.3s
[TRAIN][PPO] ep=419/500 r=  604.30 avg10=  603.94 steps=1469 succ10=1.00 touch10=1.00 col10=0.00 to10=0.00 min_d= 0.30 avg_spd=2.06m/s end=goal t= 7764.6s
[TRAIN][PPO] ep=420/500 r=  614.88 avg10=  604.56 steps=1499 succ10=1.00 touch10=1.00 col10=0.00 to10=0.00 min_d= 0.30 avg_spd=2.04m/s end=goal t= 7785.6s
[TRAIN][PPO] ep=421/500 r=  601.59 avg10=  605.57 steps=1454 succ10=1.00 touch10=1.00 col10=0.00 to10=0.00 min_d= 0.30 avg_spd=2.05m/s end=goal t= 7804.7s
[TRAIN][PPO] ep=422/500 r=  600.12 avg10=  606.06 steps=1455 succ10=1.00 touch10=1.00 col10=0.00 to10=0.00 min_d= 0.30 avg_spd=2.05m/s end=goal t= 7823.8s
[TRAIN][PPO] ep=423/500 r=  600.52 avg10=  604.91 steps=1457 succ10=1.00 touch10=1.00 col10=0.00 to10=0.00 min_d= 0.30 avg_spd=2.03m/s end=goal t= 7842.8s
[TRAIN][PPO] ep=424/500 r=  611.45 avg10=  604.68 steps=1488 succ10=1.00 touch10=1.00 col10=0.00 to10=0.00 min_d= 0.30 avg_spd=2.04m/s end=goal t= 7863.9s
[TRAIN][PPO] ep=425/500 r=  605.75 avg10=  604.50 steps=1467 succ10=1.00 touch10=1.00 col10=0.00 to10=0.00 min_d= 0.30 avg_spd=2.05m/s end=goal t= 7883.3s
[TRAIN][PPO] ep=426/500 r=  616.44 avg10=  606.02 steps=1503 succ10=1.00 touch10=1.00 col10=0.00 to10=0.00 min_d= 0.30 avg_spd=2.04m/s end=goal t= 7903.1s
[TRAIN][PPO] ep=427/500 r=  598.91 avg10=  606.66 steps=1460 succ10=1.00 touch10=1.00 col10=0.00 to10=0.00 min_d= 0.30 avg_spd=2.05m/s end=goal t= 7922.4s
[TRAIN][PPO] ep=428/500 r=  601.61 avg10=  605.56 steps=1457 succ10=1.00 touch10=1.00 col10=0.00 to10=0.00 min_d= 0.30 avg_spd=2.04m/s end=goal t= 7943.1s
[TRAIN][PPO] ep=429/500 r=  615.26 avg10=  606.65 steps=1503 succ10=1.00 touch10=1.00 col10=0.00 to10=0.00 min_d= 0.30 avg_spd=2.03m/s end=goal t= 7962.9s
[TRAIN][PPO] ep=430/500 r=  594.10 avg10=  604.57 steps=1445 succ10=1.00 touch10=1.00 col10=0.00 to10=0.00 min_d= 0.30 avg_spd=2.04m/s end=goal t= 7981.8s
[TRAIN][PPO] ep=431/500 r=  600.46 avg10=  604.46 steps=1461 succ10=1.00 touch10=1.00 col10=0.00 to10=0.00 min_d= 0.30 avg_spd=2.04m/s end=goal t= 8000.7s
[TRAIN][PPO] ep=432/500 r=  610.12 avg10=  605.46 steps=1489 succ10=1.00 touch10=1.00 col10=0.00 to10=0.00 min_d= 0.30 avg_spd=2.03m/s end=goal t= 8022.4s
[TRAIN][PPO] ep=433/500 r=  608.73 avg10=  606.28 steps=1481 succ10=1.00 touch10=1.00 col10=0.00 to10=0.00 min_d= 0.30 avg_spd=2.06m/s end=goal t= 8042.0s
[TRAIN][PPO] ep=434/500 r=  597.46 avg10=  604.88 steps=1453 succ10=1.00 touch10=1.00 col10=0.00 to10=0.00 min_d= 0.30 avg_spd=2.06m/s end=goal t= 8061.3s
[TRAIN][PPO] ep=435/500 r=  606.02 avg10=  604.91 steps=1480 succ10=1.00 touch10=1.00 col10=0.00 to10=0.00 min_d= 0.30 avg_spd=2.05m/s end=goal t= 8080.5s
[TRAIN][PPO] ep=436/500 r=  603.48 avg10=  603.61 steps=1466 succ10=1.00 touch10=1.00 col10=0.00 to10=0.00 min_d= 0.30 avg_spd=2.06m/s end=goal t= 8101.3s
[TRAIN][PPO] ep=437/500 r=  607.68 avg10=  604.49 steps=1478 succ10=1.00 touch10=1.00 col10=0.00 to10=0.00 min_d= 0.30 avg_spd=2.06m/s end=goal t= 8120.8s
[TRAIN][PPO] ep=438/500 r=  612.75 avg10=  605.61 steps=1498 succ10=1.00 touch10=1.00 col10=0.00 to10=0.00 min_d= 0.30 avg_spd=2.04m/s end=goal t= 8139.8s
[TRAIN][PPO] ep=439/500 r=  598.19 avg10=  603.90 steps=1454 succ10=1.00 touch10=1.00 col10=0.00 to10=0.00 min_d= 0.30 avg_spd=2.07m/s end=goal t= 8158.8s
[TRAIN][PPO] ep=440/500 r=  600.41 avg10=  604.53 steps=1469 succ10=1.00 touch10=1.00 col10=0.00 to10=0.00 min_d= 0.30 avg_spd=2.04m/s end=goal t= 8179.4s
[TRAIN][PPO] ep=441/500 r=  607.82 avg10=  605.27 steps=1481 succ10=1.00 touch10=1.00 col10=0.00 to10=0.00 min_d= 0.30 avg_spd=2.06m/s end=goal t= 8198.6s
[TRAIN][PPO] ep=442/500 r=  591.39 avg10=  603.39 steps=1425 succ10=1.00 touch10=1.00 col10=0.00 to10=0.00 min_d= 0.30 avg_spd=2.07m/s end=goal t= 8216.6s
[TRAIN][PPO] ep=443/500 r=  606.98 avg10=  603.22 steps=1470 succ10=1.00 touch10=1.00 col10=0.00 to10=0.00 min_d= 0.30 avg_spd=2.08m/s end=goal t= 8235.3s
[TRAIN][PPO] ep=444/500 r=  605.13 avg10=  603.99 steps=1463 succ10=1.00 touch10=1.00 col10=0.00 to10=0.00 min_d= 0.30 avg_spd=2.08m/s end=goal t= 8255.5s
[TRAIN][PPO] ep=445/500 r=  601.41 avg10=  603.52 steps=1456 succ10=1.00 touch10=1.00 col10=0.00 to10=0.00 min_d= 0.30 avg_spd=2.08m/s end=goal t= 8273.6s
[TRAIN][PPO] ep=446/500 r=  604.17 avg10=  603.59 steps=1465 succ10=1.00 touch10=1.00 col10=0.00 to10=0.00 min_d= 0.30 avg_spd=2.06m/s end=goal t= 8292.0s
[TRAIN][PPO] ep=447/500 r=  595.49 avg10=  602.37 steps=1439 succ10=1.00 touch10=1.00 col10=0.00 to10=0.00 min_d= 0.30 avg_spd=2.07m/s end=goal t= 8310.4s
[TRAIN][PPO] ep=448/500 r=  601.17 avg10=  601.22 steps=1459 succ10=1.00 touch10=1.00 col10=0.00 to10=0.00 min_d= 0.30 avg_spd=2.05m/s end=goal t= 8330.6s
[TRAIN][PPO] ep=449/500 r=  593.70 avg10=  600.77 steps=1433 succ10=1.00 touch10=1.00 col10=0.00 to10=0.00 min_d= 0.30 avg_spd=2.05m/s end=goal t= 8348.8s
[TRAIN][PPO] ep=450/500 r=  608.32 avg10=  601.56 steps=1474 succ10=1.00 touch10=1.00 col10=0.00 to10=0.00 min_d= 0.30 avg_spd=2.07m/s end=goal t= 8367.5s
[TRAIN][PPO] ep=451/500 r=  608.83 avg10=  601.66 steps=1474 succ10=1.00 touch10=1.00 col10=0.00 to10=0.00 min_d= 0.30 avg_spd=2.07m/s end=goal t= 8386.1s
[TRAIN][PPO] ep=452/500 r=  597.01 avg10=  602.22 steps=1431 succ10=1.00 touch10=1.00 col10=0.00 to10=0.00 min_d= 0.30 avg_spd=2.06m/s end=goal t= 8406.0s
[TRAIN][PPO] ep=453/500 r=  289.64 avg10=  570.49 steps=1029 succ10=0.90 touch10=0.90 col10=0.10 to10=0.00 min_d= 1.40 avg_spd=2.04m/s end=collision t= 8419.1s
[TRAIN][PPO] ep=454/500 r=  613.33 avg10=  571.31 steps=1496 succ10=0.90 touch10=0.90 col10=0.10 to10=0.00 min_d= 0.30 avg_spd=2.05m/s end=goal t= 8437.8s
[TRAIN][PPO] ep=455/500 r=  596.34 avg10=  570.80 steps=1445 succ10=0.90 touch10=0.90 col10=0.10 to10=0.00 min_d= 0.30 avg_spd=2.06m/s end=goal t= 8456.1s
[TRAIN][PPO] ep=456/500 r=   64.28 avg10=  516.81 steps= 384 succ10=0.80 touch10=0.80 col10=0.20 to10=0.00 min_d= 3.06 avg_spd=1.91m/s end=collision t= 8462.5s
[TRAIN][PPO] ep=457/500 r=  609.02 avg10=  518.16 steps=1485 succ10=0.80 touch10=0.80 col10=0.20 to10=0.00 min_d= 0.30 avg_spd=2.05m/s end=goal t= 8480.9s
[TRAIN][PPO] ep=458/500 r=  613.55 avg10=  519.40 steps=1502 succ10=0.80 touch10=0.80 col10=0.20 to10=0.00 min_d= 0.30 avg_spd=2.05m/s end=goal t= 8500.1s
[TRAIN][PPO] ep=459/500 r=  286.09 avg10=  488.64 steps= 998 succ10=0.70 touch10=0.70 col10=0.30 to10=0.00 min_d= 1.39 avg_spd=2.07m/s end=collision t= 8512.9s
[TRAIN][PPO] ep=460/500 r=  605.18 avg10=  488.33 steps=1460 succ10=0.70 touch10=0.70 col10=0.30 to10=0.00 min_d= 0.30 avg_spd=2.06m/s end=goal t= 8533.3s
[TRAIN][PPO] ep=461/500 r=  597.95 avg10=  487.24 steps=1459 succ10=0.70 touch10=0.70 col10=0.30 to10=0.00 min_d= 0.30 avg_spd=2.03m/s end=goal t= 8551.8s
[TRAIN][PPO] ep=462/500 r=  596.68 avg10=  487.21 steps=1452 succ10=0.70 touch10=0.70 col10=0.30 to10=0.00 min_d= 0.30 avg_spd=2.08m/s end=goal t= 8570.1s
[TRAIN][PPO] ep=463/500 r=  589.84 avg10=  517.23 steps=1417 succ10=0.80 touch10=0.80 col10=0.20 to10=0.00 min_d= 0.30 avg_spd=2.08m/s end=goal t= 8588.1s
[TRAIN][PPO] ep=464/500 r=  588.35 avg10=  514.73 steps=1413 succ10=0.80 touch10=0.80 col10=0.20 to10=0.00 min_d= 0.30 avg_spd=2.09m/s end=goal t= 8608.3s
[TRAIN][PPO] ep=465/500 r=  591.84 avg10=  514.28 steps=1428 succ10=0.80 touch10=0.80 col10=0.20 to10=0.00 min_d= 0.30 avg_spd=2.06m/s end=goal t= 8626.1s
[TRAIN][PPO] ep=466/500 r=  592.26 avg10=  567.07 steps=1431 succ10=0.90 touch10=0.90 col10=0.10 to10=0.00 min_d= 0.30 avg_spd=2.06m/s end=goal t= 8644.3s
[TRAIN][PPO] ep=467/500 r=  604.36 avg10=  566.61 steps=1464 succ10=0.90 touch10=0.90 col10=0.10 to10=0.00 min_d= 0.30 avg_spd=2.06m/s end=goal t= 8662.8s
[TRAIN][PPO] ep=468/500 r=  294.77 avg10=  534.73 steps=1035 succ10=0.80 touch10=0.80 col10=0.20 to10=0.00 min_d= 1.39 avg_spd=2.05m/s end=collision t= 8677.6s
[TRAIN][PPO] ep=469/500 r=  603.59 avg10=  566.48 steps=1453 succ10=0.90 touch10=0.90 col10=0.10 to10=0.00 min_d= 0.30 avg_spd=2.07m/s end=goal t= 8695.9s
[TRAIN][PPO] ep=470/500 r=  605.06 avg10=  566.47 steps=1467 succ10=0.90 touch10=0.90 col10=0.10 to10=0.00 min_d= 0.30 avg_spd=2.06m/s end=goal t= 8714.3s
[TRAIN][PPO] ep=471/500 r=  593.38 avg10=  566.01 steps=1434 succ10=0.90 touch10=0.90 col10=0.10 to10=0.00 min_d= 0.30 avg_spd=2.06m/s end=goal t= 8732.4s
[TRAIN][PPO] ep=472/500 r=  592.48 avg10=  565.59 steps=1441 succ10=0.90 touch10=0.90 col10=0.10 to10=0.00 min_d= 0.30 avg_spd=2.05m/s end=goal t= 8752.1s
[TRAIN][PPO] ep=473/500 r=  610.76 avg10=  567.68 steps=1471 succ10=0.90 touch10=0.90 col10=0.10 to10=0.00 min_d= 0.30 avg_spd=2.07m/s end=goal t= 8770.7s
[TRAIN][PPO] ep=474/500 r=  612.06 avg10=  570.06 steps=1478 succ10=0.90 touch10=0.90 col10=0.10 to10=0.00 min_d= 0.30 avg_spd=2.05m/s end=goal t= 8789.2s
[TRAIN][PPO] ep=475/500 r=  592.96 avg10=  570.17 steps=1422 succ10=0.90 touch10=0.90 col10=0.10 to10=0.00 min_d= 0.30 avg_spd=2.06m/s end=goal t= 8806.6s
[TRAIN][PPO] ep=476/500 r=  597.83 avg10=  570.72 steps=1440 succ10=0.90 touch10=0.90 col10=0.10 to10=0.00 min_d= 0.30 avg_spd=2.08m/s end=goal t= 8826.1s
[TRAIN][PPO] ep=477/500 r=  295.02 avg10=  539.79 steps=1040 succ10=0.80 touch10=0.80 col10=0.20 to10=0.00 min_d= 1.37 avg_spd=2.05m/s end=collision t= 8839.2s
[TRAIN][PPO] ep=478/500 r=  289.68 avg10=  539.28 steps=1004 succ10=0.80 touch10=0.80 col10=0.20 to10=0.00 min_d= 1.36 avg_spd=2.06m/s end=collision t= 8851.8s
[TRAIN][PPO] ep=479/500 r=  304.45 avg10=  509.37 steps=1066 succ10=0.70 touch10=0.70 col10=0.30 to10=0.00 min_d= 1.40 avg_spd=2.04m/s end=collision t= 8865.1s
[TRAIN][PPO] ep=480/500 r=  611.98 avg10=  510.06 steps=1498 succ10=0.70 touch10=0.70 col10=0.30 to10=0.00 min_d= 0.30 avg_spd=2.04m/s end=goal t= 8885.1s
[TRAIN][PPO] ep=481/500 r=  288.42 avg10=  479.56 steps=1008 succ10=0.60 touch10=0.60 col10=0.40 to10=0.00 min_d= 1.40 avg_spd=2.04m/s end=collision t= 8897.8s
[TRAIN][PPO] ep=482/500 r=  295.16 avg10=  449.83 steps=1022 succ10=0.50 touch10=0.50 col10=0.50 to10=0.00 min_d= 1.38 avg_spd=2.05m/s end=collision t= 8910.5s
[TRAIN][PPO] ep=483/500 r=  306.92 avg10=  419.45 steps=1068 succ10=0.40 touch10=0.40 col10=0.60 to10=0.00 min_d= 1.33 avg_spd=2.07m/s end=collision t= 8923.7s
[TRAIN][PPO] ep=484/500 r=  612.66 avg10=  419.51 steps=1482 succ10=0.40 touch10=0.40 col10=0.60 to10=0.00 min_d= 0.30 avg_spd=2.05m/s end=goal t= 8943.6s
[TRAIN][PPO] ep=485/500 r=  603.51 avg10=  420.56 steps=1463 succ10=0.40 touch10=0.40 col10=0.60 to10=0.00 min_d= 0.30 avg_spd=2.04m/s end=goal t= 8962.0s
[TRAIN][PPO] ep=486/500 r=  601.43 avg10=  420.92 steps=1445 succ10=0.40 touch10=0.40 col10=0.60 to10=0.00 min_d= 0.30 avg_spd=2.06m/s end=goal t= 8980.2s
[TRAIN][PPO] ep=487/500 r=  596.94 avg10=  451.11 steps=1455 succ10=0.50 touch10=0.50 col10=0.50 to10=0.00 min_d= 0.30 avg_spd=2.04m/s end=goal t= 8998.5s
[TRAIN][PPO] ep=488/500 r=  608.01 avg10=  482.95 steps=1474 succ10=0.60 touch10=0.60 col10=0.40 to10=0.00 min_d= 0.30 avg_spd=2.05m/s end=goal t= 9019.7s
[TRAIN][PPO] ep=489/500 r=  614.46 avg10=  513.95 steps=1498 succ10=0.70 touch10=0.70 col10=0.30 to10=0.00 min_d= 0.30 avg_spd=2.04m/s end=goal t= 9038.5s
[TRAIN][PPO] ep=490/500 r=  609.63 avg10=  513.71 steps=1478 succ10=0.70 touch10=0.70 col10=0.30 to10=0.00 min_d= 0.30 avg_spd=2.05m/s end=goal t= 9057.1s
[TRAIN][PPO] ep=491/500 r=  604.03 avg10=  545.27 steps=1455 succ10=0.80 touch10=0.80 col10=0.20 to10=0.00 min_d= 0.30 avg_spd=2.07m/s end=goal t= 9075.5s
[TRAIN][PPO] ep=492/500 r=  602.68 avg10=  576.03 steps=1456 succ10=0.90 touch10=0.90 col10=0.10 to10=0.00 min_d= 0.30 avg_spd=2.04m/s end=goal t= 9096.4s
[TRAIN][PPO] ep=493/500 r=  605.58 avg10=  605.89 steps=1466 succ10=1.00 touch10=1.00 col10=0.00 to10=0.00 min_d= 0.30 avg_spd=2.05m/s end=goal t= 9115.0s
[TRAIN][PPO] ep=494/500 r=  596.36 avg10=  604.26 steps=1462 succ10=1.00 touch10=1.00 col10=0.00 to10=0.00 min_d= 0.30 avg_spd=2.03m/s end=goal t= 9133.7s
[TRAIN][PPO] ep=495/500 r=  614.40 avg10=  605.35 steps=1516 succ10=1.00 touch10=1.00 col10=0.00 to10=0.00 min_d= 0.30 avg_spd=2.03m/s end=goal t= 9152.6s
[TRAIN][PPO] ep=496/500 r=  607.47 avg10=  605.96 steps=1466 succ10=1.00 touch10=1.00 col10=0.00 to10=0.00 min_d= 0.30 avg_spd=2.06m/s end=goal t= 9172.7s
[TRAIN][PPO] ep=497/500 r=  609.56 avg10=  607.22 steps=1475 succ10=1.00 touch10=1.00 col10=0.00 to10=0.00 min_d= 0.30 avg_spd=2.05m/s end=goal t= 9191.3s
[TRAIN][PPO] ep=498/500 r=  600.75 avg10=  606.49 steps=1472 succ10=1.00 touch10=1.00 col10=0.00 to10=0.00 min_d= 0.30 avg_spd=2.02m/s end=goal t= 9209.7s
[TRAIN][PPO] ep=499/500 r=  605.68 avg10=  605.61 steps=1484 succ10=1.00 touch10=1.00 col10=0.00 to10=0.00 min_d= 0.30 avg_spd=2.03m/s end=goal t= 9228.1s
INFO: PPO: Terminating.
[RUN] completed stage checkpoint=/uio/hume/student-u79/esbrovol/fys5429/DRL-Obstacle-Avoidance/controllers/PPO/checkpoints/20260525_141956_gru_seed01_stage04_train_4_five_obs/final_20260525_141956_gru_seed01_stage04_train_4_five_obs.pth
[RUN] arch=gru seed=1 stage=5/10 world=/uio/hume/student-u79/esbrovol/fys5429/DRL-Obstacle-Avoidance/worlds/training/train_5_goal_shift_pos.wbt
[RUN] resuming from /uio/hume/student-u79/esbrovol/fys5429/DRL-Obstacle-Avoidance/controllers/PPO/checkpoints/20260525_141956_gru_seed01_stage04_train_4_five_obs/final_20260525_141956_gru_seed01_stage04_train_4_five_obs.pth
INFO: PPO: Starting controller: python3 -u PPO.py
[PPO] Using architecture: GRU
[PPO] Loaded architecture: GRU
[TRAIN][PPO] arch=GRU weights_dir=/uio/hume/student-u79/esbrovol/fys5429/DRL-Obstacle-Avoidance/controllers/PPO/checkpoints/20260525_141956_gru_seed01_stage05_train_5_goal_shift_pos final=/uio/hume/student-u79/esbrovol/fys5429/DRL-Obstacle-Avoidance/controllers/PPO/checkpoints/20260525_141956_gru_seed01_stage05_train_5_goal_shift_pos/final_20260525_141956_gru_seed01_stage05_train_5_goal_shift_pos.pth
[TRAIN][PPO] episodes=500 update_every=4 obs=31 act=2 cell=GRU seq=32 burn_in=8
[TRAIN][PPO] ep=001/500 r=  361.31 avg10=  361.31 steps=1261 succ10=0.00 touch10=0.00 col10=1.00 to10=0.00 min_d= 0.92 avg_spd=2.05m/s end=collision t=   15.6s ckpt=best
[TRAIN][PPO] ep=002/500 r=  284.24 avg10=  322.78 steps=1020 succ10=0.00 touch10=0.00 col10=1.00 to10=0.00 min_d= 1.46 avg_spd=2.09m/s end=collision t=   27.9s
[TRAIN][PPO] ep=003/500 r=  352.77 avg10=  332.77 steps=1245 succ10=0.00 touch10=0.00 col10=1.00 to10=0.00 min_d= 0.96 avg_spd=2.04m/s end=collision t=   43.0s
[TRAIN][PPO] ep=004/500 r=  294.79 avg10=  323.28 steps=1078 succ10=0.00 touch10=0.00 col10=1.00 to10=0.00 min_d= 1.39 avg_spd=2.06m/s end=collision t=   58.1s
[TRAIN][PPO] ep=005/500 r=  275.47 avg10=  313.71 steps= 988 succ10=0.00 touch10=0.00 col10=1.00 to10=0.00 min_d= 1.47 avg_spd=2.09m/s end=collision t=   69.9s
[TRAIN][PPO] ep=006/500 r=  292.73 avg10=  310.22 steps=1044 succ10=0.00 touch10=0.00 col10=1.00 to10=0.00 min_d= 1.48 avg_spd=2.04m/s end=collision t=   82.8s
[TRAIN][PPO] ep=007/500 r=  350.53 avg10=  315.98 steps=1224 succ10=0.00 touch10=0.00 col10=1.00 to10=0.00 min_d= 0.92 avg_spd=2.05m/s end=collision t=   97.5s
[TRAIN][PPO] ep=008/500 r=  271.71 avg10=  310.44 steps= 996 succ10=0.00 touch10=0.00 col10=1.00 to10=0.00 min_d= 1.46 avg_spd=2.07m/s end=collision t=  111.7s
[TRAIN][PPO] ep=009/500 r=  367.14 avg10=  316.74 steps=1284 succ10=0.00 touch10=0.00 col10=1.00 to10=0.00 min_d= 0.93 avg_spd=2.05m/s end=collision t=  128.1s ckpt=best
[TRAIN][PPO] ep=010/500 r=  291.20 avg10=  314.19 steps=1053 succ10=0.00 touch10=0.00 col10=1.00 to10=0.00 min_d= 1.49 avg_spd=2.04m/s end=collision t=  141.4s
[TRAIN][PPO] ep=011/500 r=  281.05 avg10=  306.16 steps=1021 succ10=0.00 touch10=0.00 col10=1.00 to10=0.00 min_d= 1.45 avg_spd=2.07m/s end=collision t=  154.4s
[TRAIN][PPO] ep=012/500 r=  351.29 avg10=  312.87 steps=1255 succ10=0.00 touch10=0.00 col10=1.00 to10=0.00 min_d= 0.94 avg_spd=2.04m/s end=collision t=  172.5s
[TRAIN][PPO] ep=013/500 r=  290.42 avg10=  306.63 steps=1071 succ10=0.00 touch10=0.00 col10=1.00 to10=0.00 min_d= 1.36 avg_spd=2.05m/s end=collision t=  185.9s
[TRAIN][PPO] ep=014/500 r=  352.83 avg10=  312.44 steps=1255 succ10=0.00 touch10=0.00 col10=1.00 to10=0.00 min_d= 0.96 avg_spd=2.06m/s end=collision t=  202.1s
[TRAIN][PPO] ep=015/500 r=  357.57 avg10=  320.65 steps=1256 succ10=0.00 touch10=0.00 col10=1.00 to10=0.00 min_d= 0.93 avg_spd=2.05m/s end=collision t=  217.9s
[TRAIN][PPO] ep=016/500 r=  357.91 avg10=  327.17 steps=1257 succ10=0.00 touch10=0.00 col10=1.00 to10=0.00 min_d= 0.93 avg_spd=2.06m/s end=collision t=  235.6s
[TRAIN][PPO] ep=017/500 r=  354.57 avg10=  327.57 steps=1237 succ10=0.00 touch10=0.00 col10=1.00 to10=0.00 min_d= 0.92 avg_spd=2.05m/s end=collision t=  251.0s
[TRAIN][PPO] ep=018/500 r=  359.59 avg10=  336.36 steps=1249 succ10=0.00 touch10=0.00 col10=1.00 to10=0.00 min_d= 0.93 avg_spd=2.04m/s end=collision t=  266.9s
[TRAIN][PPO] ep=019/500 r=  368.46 avg10=  336.49 steps=1289 succ10=0.00 touch10=0.00 col10=1.00 to10=0.00 min_d= 0.92 avg_spd=2.04m/s end=collision t=  283.6s ckpt=best
[TRAIN][PPO] ep=020/500 r=  354.69 avg10=  342.84 steps=1251 succ10=0.00 touch10=0.00 col10=1.00 to10=0.00 min_d= 0.98 avg_spd=2.07m/s end=collision t=  301.0s
[TRAIN][PPO] ep=021/500 r=  285.00 avg10=  343.23 steps=1020 succ10=0.00 touch10=0.00 col10=1.00 to10=0.00 min_d= 1.45 avg_spd=2.08m/s end=collision t=  313.9s
[TRAIN][PPO] ep=022/500 r=  350.33 avg10=  343.14 steps=1256 succ10=0.00 touch10=0.00 col10=1.00 to10=0.00 min_d= 0.97 avg_spd=2.03m/s end=collision t=  329.6s
[TRAIN][PPO] ep=023/500 r=  354.38 avg10=  349.53 steps=1252 succ10=0.00 touch10=0.00 col10=1.00 to10=0.00 min_d= 0.91 avg_spd=2.06m/s end=collision t=  345.2s
[TRAIN][PPO] ep=024/500 r=  356.71 avg10=  349.92 steps=1266 succ10=0.00 touch10=0.00 col10=1.00 to10=0.00 min_d= 0.97 avg_spd=2.05m/s end=collision t=  362.7s
[TRAIN][PPO] ep=025/500 r=  354.80 avg10=  349.64 steps=1260 succ10=0.00 touch10=0.00 col10=1.00 to10=0.00 min_d= 0.97 avg_spd=2.06m/s end=collision t=  378.6s
[TRAIN][PPO] ep=026/500 r=  344.58 avg10=  348.31 steps=1246 succ10=0.00 touch10=0.00 col10=1.00 to10=0.00 min_d= 0.98 avg_spd=2.04m/s end=collision t=  394.3s
[TRAIN][PPO] ep=027/500 r=  351.94 avg10=  348.05 steps=1240 succ10=0.00 touch10=0.00 col10=1.00 to10=0.00 min_d= 0.93 avg_spd=2.06m/s end=collision t=  409.9s
[TRAIN][PPO] ep=028/500 r=  360.61 avg10=  348.15 steps=1268 succ10=0.00 touch10=0.00 col10=1.00 to10=0.00 min_d= 0.92 avg_spd=2.06m/s end=collision t=  427.9s
[TRAIN][PPO] ep=029/500 r=  347.65 avg10=  346.07 steps=1225 succ10=0.00 touch10=0.00 col10=1.00 to10=0.00 min_d= 0.92 avg_spd=2.05m/s end=collision t=  443.3s
[TRAIN][PPO] ep=030/500 r=  356.06 avg10=  346.21 steps=1265 succ10=0.00 touch10=0.00 col10=1.00 to10=0.00 min_d= 0.97 avg_spd=2.05m/s end=collision t=  459.5s
[TRAIN][PPO] ep=031/500 r=  349.17 avg10=  352.62 steps=1235 succ10=0.00 touch10=0.00 col10=1.00 to10=0.00 min_d= 0.96 avg_spd=2.05m/s end=collision t=  475.3s
[TRAIN][PPO] ep=032/500 r=  356.21 avg10=  353.21 steps=1264 succ10=0.00 touch10=0.00 col10=1.00 to10=0.00 min_d= 0.92 avg_spd=2.01m/s end=collision t=  493.3s
[TRAIN][PPO] ep=033/500 r=  348.05 avg10=  352.58 steps=1218 succ10=0.00 touch10=0.00 col10=1.00 to10=0.00 min_d= 0.95 avg_spd=2.07m/s end=collision t=  509.1s
[TRAIN][PPO] ep=034/500 r=  351.40 avg10=  352.05 steps=1245 succ10=0.00 touch10=0.00 col10=1.00 to10=0.00 min_d= 0.92 avg_spd=2.04m/s end=collision t=  525.3s
[TRAIN][PPO] ep=035/500 r=  358.88 avg10=  352.46 steps=1260 succ10=0.00 touch10=0.00 col10=1.00 to10=0.00 min_d= 0.93 avg_spd=2.03m/s end=collision t=  541.5s
[TRAIN][PPO] ep=036/500 r=  357.15 avg10=  353.71 steps=1263 succ10=0.00 touch10=0.00 col10=1.00 to10=0.00 min_d= 0.92 avg_spd=2.03m/s end=collision t=  559.0s
[TRAIN][PPO] ep=037/500 r=  363.83 avg10=  354.90 steps=1280 succ10=0.00 touch10=0.00 col10=1.00 to10=0.00 min_d= 0.92 avg_spd=2.06m/s end=collision t=  575.8s
[TRAIN][PPO] ep=038/500 r=  363.94 avg10=  355.24 steps=1278 succ10=0.00 touch10=0.00 col10=1.00 to10=0.00 min_d= 0.93 avg_spd=2.06m/s end=collision t=  592.7s
[TRAIN][PPO] ep=039/500 r=  350.42 avg10=  355.51 steps=1238 succ10=0.00 touch10=0.00 col10=1.00 to10=0.00 min_d= 0.92 avg_spd=2.04m/s end=collision t=  608.1s
[TRAIN][PPO] ep=040/500 r=  363.18 avg10=  356.22 steps=1267 succ10=0.00 touch10=0.00 col10=1.00 to10=0.00 min_d= 0.92 avg_spd=2.07m/s end=collision t=  626.1s
[TRAIN][PPO] ep=041/500 r=  359.71 avg10=  357.28 steps=1264 succ10=0.00 touch10=0.00 col10=1.00 to10=0.00 min_d= 0.93 avg_spd=2.06m/s end=collision t=  642.6s
[TRAIN][PPO] ep=042/500 r=  348.40 avg10=  356.50 steps=1238 succ10=0.00 touch10=0.00 col10=1.00 to10=0.00 min_d= 0.93 avg_spd=2.08m/s end=collision t=  658.9s
[TRAIN][PPO] ep=043/500 r=  364.20 avg10=  358.11 steps=1294 succ10=0.00 touch10=0.00 col10=1.00 to10=0.00 min_d= 0.92 avg_spd=2.03m/s end=collision t=  675.5s
[TRAIN][PPO] ep=044/500 r=  357.64 avg10=  358.73 steps=1248 succ10=0.00 touch10=0.00 col10=1.00 to10=0.00 min_d= 0.93 avg_spd=2.05m/s end=collision t=  693.5s
[TRAIN][PPO] ep=045/500 r=  361.79 avg10=  359.02 steps=1267 succ10=0.00 touch10=0.00 col10=1.00 to10=0.00 min_d= 0.90 avg_spd=2.07m/s end=collision t=  710.0s
[TRAIN][PPO] ep=046/500 r=  347.55 avg10=  358.06 steps=1227 succ10=0.00 touch10=0.00 col10=1.00 to10=0.00 min_d= 0.94 avg_spd=2.06m/s end=collision t=  726.1s
[TRAIN][PPO] ep=047/500 r=  366.23 avg10=  358.30 steps=1274 succ10=0.00 touch10=0.00 col10=1.00 to10=0.00 min_d= 0.92 avg_spd=2.06m/s end=collision t=  742.7s
[TRAIN][PPO] ep=048/500 r=  364.62 avg10=  358.37 steps=1263 succ10=0.00 touch10=0.00 col10=1.00 to10=0.00 min_d= 0.92 avg_spd=2.07m/s end=collision t=  760.9s
[TRAIN][PPO] ep=049/500 r=  350.84 avg10=  358.41 steps=1243 succ10=0.00 touch10=0.00 col10=1.00 to10=0.00 min_d= 0.92 avg_spd=2.05m/s end=collision t=  777.2s
[TRAIN][PPO] ep=050/500 r=  364.62 avg10=  358.56 steps=1285 succ10=0.00 touch10=0.00 col10=1.00 to10=0.00 min_d= 0.93 avg_spd=2.05m/s end=collision t=  793.9s
[TRAIN][PPO] ep=051/500 r=  362.82 avg10=  358.87 steps=1266 succ10=0.00 touch10=0.00 col10=1.00 to10=0.00 min_d= 0.93 avg_spd=2.06m/s end=collision t=  810.2s
[TRAIN][PPO] ep=052/500 r=  362.26 avg10=  360.25 steps=1285 succ10=0.00 touch10=0.00 col10=1.00 to10=0.00 min_d= 0.93 avg_spd=2.04m/s end=collision t=  828.2s
[TRAIN][PPO] ep=053/500 r=  271.15 avg10=  350.95 steps= 977 succ10=0.00 touch10=0.00 col10=1.00 to10=0.00 min_d= 1.47 avg_spd=2.09m/s end=collision t=  841.0s
[TRAIN][PPO] ep=054/500 r=  355.52 avg10=  350.74 steps=1254 succ10=0.00 touch10=0.00 col10=1.00 to10=0.00 min_d= 0.92 avg_spd=2.05m/s end=collision t=  857.6s
[TRAIN][PPO] ep=055/500 r=  365.51 avg10=  351.11 steps=1261 succ10=0.00 touch10=0.00 col10=1.00 to10=0.00 min_d= 0.92 avg_spd=2.08m/s end=collision t=  873.3s
[TRAIN][PPO] ep=056/500 r=  357.16 avg10=  352.07 steps=1250 succ10=0.00 touch10=0.00 col10=1.00 to10=0.00 min_d= 0.91 avg_spd=2.05m/s end=collision t=  890.2s
[TRAIN][PPO] ep=057/500 r=  349.67 avg10=  350.42 steps=1231 succ10=0.00 touch10=0.00 col10=1.00 to10=0.00 min_d= 0.90 avg_spd=2.05m/s end=collision t=  905.2s
[TRAIN][PPO] ep=058/500 r=  346.48 avg10=  348.60 steps=1231 succ10=0.00 touch10=0.00 col10=1.00 to10=0.00 min_d= 0.96 avg_spd=2.08m/s end=collision t=  920.9s
[TRAIN][PPO] ep=059/500 r=  360.21 avg10=  349.54 steps=1246 succ10=0.00 touch10=0.00 col10=1.00 to10=0.00 min_d= 0.92 avg_spd=2.08m/s end=collision t=  936.5s
[TRAIN][PPO] ep=060/500 r=  346.34 avg10=  347.71 steps=1230 succ10=0.00 touch10=0.00 col10=1.00 to10=0.00 min_d= 0.97 avg_spd=2.07m/s end=collision t=  953.8s
[TRAIN][PPO] ep=061/500 r=  364.49 avg10=  347.88 steps=1279 succ10=0.00 touch10=0.00 col10=1.00 to10=0.00 min_d= 0.93 avg_spd=2.06m/s end=collision t=  970.0s
[TRAIN][PPO] ep=062/500 r=  361.72 avg10=  347.82 steps=1262 succ10=0.00 touch10=0.00 col10=1.00 to10=0.00 min_d= 0.93 avg_spd=2.07m/s end=collision t=  985.6s
[TRAIN][PPO] ep=063/500 r=  339.28 avg10=  354.64 steps=1212 succ10=0.00 touch10=0.00 col10=1.00 to10=0.00 min_d= 0.96 avg_spd=2.07m/s end=collision t= 1000.9s
[TRAIN][PPO] ep=064/500 r=  356.24 avg10=  354.71 steps=1272 succ10=0.00 touch10=0.00 col10=1.00 to10=0.00 min_d= 0.91 avg_spd=2.04m/s end=collision t= 1018.6s
[TRAIN][PPO] ep=065/500 r=  348.23 avg10=  352.98 steps=1213 succ10=0.00 touch10=0.00 col10=1.00 to10=0.00 min_d= 0.91 avg_spd=2.08m/s end=collision t= 1033.9s
[TRAIN][PPO] ep=066/500 r=  360.33 avg10=  353.30 steps=1289 succ10=0.00 touch10=0.00 col10=1.00 to10=0.00 min_d= 0.92 avg_spd=2.03m/s end=collision t= 1050.3s
[TRAIN][PPO] ep=067/500 r=  354.37 avg10=  353.77 steps=1252 succ10=0.00 touch10=0.00 col10=1.00 to10=0.00 min_d= 0.92 avg_spd=2.06m/s end=collision t= 1066.2s
[TRAIN][PPO] ep=068/500 r=  357.07 avg10=  354.83 steps=1252 succ10=0.00 touch10=0.00 col10=1.00 to10=0.00 min_d= 0.92 avg_spd=2.07m/s end=collision t= 1083.6s
[TRAIN][PPO] ep=069/500 r=  357.45 avg10=  354.55 steps=1275 succ10=0.00 touch10=0.00 col10=1.00 to10=0.00 min_d= 0.92 avg_spd=2.04m/s end=collision t= 1100.1s
[TRAIN][PPO] ep=070/500 r=  355.15 avg10=  355.43 steps=1254 succ10=0.00 touch10=0.00 col10=1.00 to10=0.00 min_d= 0.92 avg_spd=2.07m/s end=collision t= 1115.7s
[TRAIN][PPO] ep=071/500 r=  366.14 avg10=  355.60 steps=1269 succ10=0.00 touch10=0.00 col10=1.00 to10=0.00 min_d= 0.92 avg_spd=2.06m/s end=collision t= 1131.4s
[TRAIN][PPO] ep=072/500 r=  370.94 avg10=  356.52 steps=1312 succ10=0.00 touch10=0.00 col10=1.00 to10=0.00 min_d= 0.91 avg_spd=2.04m/s end=collision t= 1149.6s ckpt=best
[TRAIN][PPO] ep=073/500 r=  363.76 avg10=  358.97 steps=1260 succ10=0.00 touch10=0.00 col10=1.00 to10=0.00 min_d= 0.91 avg_spd=2.08m/s end=collision t= 1165.8s
[TRAIN][PPO] ep=074/500 r=  362.87 avg10=  359.63 steps=1271 succ10=0.00 touch10=0.00 col10=1.00 to10=0.00 min_d= 0.92 avg_spd=2.06m/s end=collision t= 1182.1s
[TRAIN][PPO] ep=075/500 r=  356.19 avg10=  360.43 steps=1261 succ10=0.00 touch10=0.00 col10=1.00 to10=0.00 min_d= 0.90 avg_spd=2.03m/s end=collision t= 1198.0s
[TRAIN][PPO] ep=076/500 r=  350.10 avg10=  359.40 steps=1238 succ10=0.00 touch10=0.00 col10=1.00 to10=0.00 min_d= 0.91 avg_spd=2.06m/s end=collision t= 1215.7s
[TRAIN][PPO] ep=077/500 r=  351.02 avg10=  359.07 steps=1238 succ10=0.00 touch10=0.00 col10=1.00 to10=0.00 min_d= 0.91 avg_spd=2.09m/s end=collision t= 1231.3s
[TRAIN][PPO] ep=078/500 r=  359.69 avg10=  359.33 steps=1270 succ10=0.00 touch10=0.00 col10=1.00 to10=0.00 min_d= 0.90 avg_spd=2.05m/s end=collision t= 1247.2s
[TRAIN][PPO] ep=079/500 r=  359.45 avg10=  359.53 steps=1261 succ10=0.00 touch10=0.00 col10=1.00 to10=0.00 min_d= 0.89 avg_spd=2.07m/s end=collision t= 1263.1s
[TRAIN][PPO] ep=080/500 r=  362.53 avg10=  360.27 steps=1272 succ10=0.00 touch10=0.00 col10=1.00 to10=0.00 min_d= 0.90 avg_spd=2.07m/s end=collision t= 1281.9s
[TRAIN][PPO] ep=081/500 r=  365.75 avg10=  360.23 steps=1280 succ10=0.00 touch10=0.00 col10=1.00 to10=0.00 min_d= 0.90 avg_spd=2.06m/s end=collision t= 1298.2s
[TRAIN][PPO] ep=082/500 r=  370.04 avg10=  360.14 steps=1288 succ10=0.00 touch10=0.00 col10=1.00 to10=0.00 min_d= 0.91 avg_spd=2.05m/s end=collision t= 1314.3s
[TRAIN][PPO] ep=083/500 r=  359.23 avg10=  359.69 steps=1270 succ10=0.00 touch10=0.00 col10=1.00 to10=0.00 min_d= 0.90 avg_spd=2.03m/s end=collision t= 1329.7s
[TRAIN][PPO] ep=084/500 r=  365.50 avg10=  359.95 steps=1290 succ10=0.00 touch10=0.00 col10=1.00 to10=0.00 min_d= 0.90 avg_spd=2.04m/s end=collision t= 1347.1s
[TRAIN][PPO] ep=085/500 r=  353.49 avg10=  359.68 steps=1245 succ10=0.00 touch10=0.00 col10=1.00 to10=0.00 min_d= 0.91 avg_spd=2.05m/s end=collision t= 1362.7s
[TRAIN][PPO] ep=086/500 r=  356.39 avg10=  360.31 steps=1261 succ10=0.00 touch10=0.00 col10=1.00 to10=0.00 min_d= 0.95 avg_spd=2.05m/s end=collision t= 1378.6s
[TRAIN][PPO] ep=087/500 r=  356.76 avg10=  360.88 steps=1257 succ10=0.00 touch10=0.00 col10=1.00 to10=0.00 min_d= 0.90 avg_spd=2.04m/s end=collision t= 1394.0s
[TRAIN][PPO] ep=088/500 r=  355.09 avg10=  360.42 steps=1245 succ10=0.00 touch10=0.00 col10=1.00 to10=0.00 min_d= 0.90 avg_spd=2.05m/s end=collision t= 1410.7s
[TRAIN][PPO] ep=089/500 r=  297.91 avg10=  354.27 steps=1074 succ10=0.00 touch10=0.00 col10=1.00 to10=0.00 min_d= 1.36 avg_spd=2.05m/s end=collision t= 1424.2s
[TRAIN][PPO] ep=090/500 r=  363.97 avg10=  354.41 steps=1271 succ10=0.00 touch10=0.00 col10=1.00 to10=0.00 min_d= 0.90 avg_spd=2.06m/s end=collision t= 1440.6s
[TRAIN][PPO] ep=091/500 r=  362.22 avg10=  354.06 steps=1279 succ10=0.00 touch10=0.00 col10=1.00 to10=0.00 min_d= 0.89 avg_spd=2.06m/s end=collision t= 1456.7s
[TRAIN][PPO] ep=092/500 r=  283.47 avg10=  345.40 steps=1004 succ10=0.00 touch10=0.00 col10=1.00 to10=0.00 min_d= 1.49 avg_spd=2.09m/s end=collision t= 1470.9s
[TRAIN][PPO] ep=093/500 r=  277.07 avg10=  337.19 steps=1009 succ10=0.00 touch10=0.00 col10=1.00 to10=0.00 min_d= 1.49 avg_spd=2.03m/s end=collision t= 1483.9s
[TRAIN][PPO] ep=094/500 r=  360.18 avg10=  336.65 steps=1255 succ10=0.00 touch10=0.00 col10=1.00 to10=0.00 min_d= 0.88 avg_spd=2.06m/s end=collision t= 1499.6s
[TRAIN][PPO] ep=095/500 r=  354.04 avg10=  336.71 steps=1252 succ10=0.00 touch10=0.00 col10=1.00 to10=0.00 min_d= 0.90 avg_spd=2.05m/s end=collision t= 1515.3s
[TRAIN][PPO] ep=096/500 r=  277.67 avg10=  328.84 steps= 996 succ10=0.00 touch10=0.00 col10=1.00 to10=0.00 min_d= 1.47 avg_spd=2.08m/s end=collision t= 1529.1s
[TRAIN][PPO] ep=097/500 r=  269.15 avg10=  320.08 steps= 959 succ10=0.00 touch10=0.00 col10=1.00 to10=0.00 min_d= 1.50 avg_spd=2.10m/s end=collision t= 1541.0s
[TRAIN][PPO] ep=098/500 r=  285.24 avg10=  313.09 steps=1002 succ10=0.00 touch10=0.00 col10=1.00 to10=0.00 min_d= 1.49 avg_spd=2.06m/s end=collision t= 1553.6s
[TRAIN][PPO] ep=099/500 r=  366.18 avg10=  319.92 steps=1293 succ10=0.00 touch10=0.00 col10=1.00 to10=0.00 min_d= 0.91 avg_spd=2.06m/s end=collision t= 1569.5s
[TRAIN][PPO] ep=100/500 r=  276.91 avg10=  311.21 steps= 966 succ10=0.00 touch10=0.00 col10=1.00 to10=0.00 min_d= 1.44 avg_spd=2.09m/s end=collision t= 1583.3s ckpt=latest
[TRAIN][PPO] ep=101/500 r=  358.70 avg10=  310.86 steps=1250 succ10=0.00 touch10=0.00 col10=1.00 to10=0.00 min_d= 0.90 avg_spd=2.07m/s end=collision t= 1598.4s
[TRAIN][PPO] ep=102/500 r=  284.37 avg10=  310.95 steps=1003 succ10=0.00 touch10=0.00 col10=1.00 to10=0.00 min_d= 1.47 avg_spd=2.09m/s end=collision t= 1610.7s
[TRAIN][PPO] ep=103/500 r=  365.31 avg10=  319.78 steps=1307 succ10=0.00 touch10=0.00 col10=1.00 to10=0.00 min_d= 0.91 avg_spd=2.03m/s end=collision t= 1626.9s
[TRAIN][PPO] ep=104/500 r=  361.30 avg10=  319.89 steps=1251 succ10=0.00 touch10=0.00 col10=1.00 to10=0.00 min_d= 0.90 avg_spd=2.09m/s end=collision t= 1644.1s
[TRAIN][PPO] ep=105/500 r=  349.92 avg10=  319.48 steps=1244 succ10=0.00 touch10=0.00 col10=1.00 to10=0.00 min_d= 0.95 avg_spd=2.06m/s end=collision t= 1659.5s
[TRAIN][PPO] ep=106/500 r=  361.43 avg10=  327.85 steps=1279 succ10=0.00 touch10=0.00 col10=1.00 to10=0.00 min_d= 0.90 avg_spd=2.07m/s end=collision t= 1675.5s
[TRAIN][PPO] ep=107/500 r=  357.18 avg10=  336.66 steps=1253 succ10=0.00 touch10=0.00 col10=1.00 to10=0.00 min_d= 0.89 avg_spd=2.07m/s end=collision t= 1691.4s
[TRAIN][PPO] ep=108/500 r=  363.41 avg10=  344.47 steps=1278 succ10=0.00 touch10=0.00 col10=1.00 to10=0.00 min_d= 0.90 avg_spd=2.04m/s end=collision t= 1708.4s
[TRAIN][PPO] ep=109/500 r=  358.95 avg10=  343.75 steps=1268 succ10=0.00 touch10=0.00 col10=1.00 to10=0.00 min_d= 0.92 avg_spd=2.05m/s end=collision t= 1724.4s
[TRAIN][PPO] ep=110/500 r=  286.62 avg10=  344.72 steps=1017 succ10=0.00 touch10=0.00 col10=1.00 to10=0.00 min_d= 1.48 avg_spd=2.08m/s end=collision t= 1737.1s
[TRAIN][PPO] ep=111/500 r=  358.01 avg10=  344.65 steps=1268 succ10=0.00 touch10=0.00 col10=1.00 to10=0.00 min_d= 0.90 avg_spd=2.06m/s end=collision t= 1752.9s
[TRAIN][PPO] ep=112/500 r=  369.43 avg10=  353.16 steps=1314 succ10=0.00 touch10=0.00 col10=1.00 to10=0.00 min_d= 0.90 avg_spd=2.03m/s end=collision t= 1770.7s
[TRAIN][PPO] ep=113/500 r=  599.35 avg10=  376.56 steps=1453 succ10=0.10 touch10=0.10 col10=0.90 to10=0.00 min_d= 0.30 avg_spd=2.07m/s end=goal t= 1788.5s ckpt=best_goal
[TRAIN][PPO] ep=114/500 r=  352.09 avg10=  375.64 steps=1253 succ10=0.10 touch10=0.10 col10=0.90 to10=0.00 min_d= 0.90 avg_spd=2.06m/s end=collision t= 1803.7s
[TRAIN][PPO] ep=115/500 r=  275.23 avg10=  368.17 steps= 981 succ10=0.10 touch10=0.10 col10=0.90 to10=0.00 min_d= 1.49 avg_spd=2.09m/s end=collision t= 1815.3s
[TRAIN][PPO] ep=116/500 r=  359.42 avg10=  367.97 steps=1254 succ10=0.10 touch10=0.10 col10=0.90 to10=0.00 min_d= 0.89 avg_spd=2.05m/s end=collision t= 1832.0s
[TRAIN][PPO] ep=117/500 r=  356.05 avg10=  367.86 steps=1243 succ10=0.10 touch10=0.10 col10=0.90 to10=0.00 min_d= 0.89 avg_spd=2.07m/s end=collision t= 1847.7s
[TRAIN][PPO] ep=118/500 r=  365.47 avg10=  368.06 steps=1290 succ10=0.10 touch10=0.10 col10=0.90 to10=0.00 min_d= 0.89 avg_spd=2.04m/s end=collision t= 1864.4s
[TRAIN][PPO] ep=119/500 r=  370.40 avg10=  369.21 steps=1325 succ10=0.10 touch10=0.10 col10=0.90 to10=0.00 min_d= 0.89 avg_spd=2.02m/s end=collision t= 1881.3s
[TRAIN][PPO] ep=120/500 r=  365.82 avg10=  377.13 steps=1287 succ10=0.10 touch10=0.10 col10=0.90 to10=0.00 min_d= 0.91 avg_spd=2.04m/s end=collision t= 1899.7s
[TRAIN][PPO] ep=121/500 r=  358.39 avg10=  377.17 steps=1273 succ10=0.10 touch10=0.10 col10=0.90 to10=0.00 min_d= 0.90 avg_spd=2.06m/s end=collision t= 1916.1s
[TRAIN][PPO] ep=122/500 r=  283.33 avg10=  368.56 steps=1041 succ10=0.10 touch10=0.10 col10=0.90 to10=0.00 min_d= 1.38 avg_spd=2.06m/s end=collision t= 1929.6s
[TRAIN][PPO] ep=123/500 r=  368.26 avg10=  345.45 steps=1292 succ10=0.00 touch10=0.00 col10=1.00 to10=0.00 min_d= 0.88 avg_spd=2.07m/s end=collision t= 1946.2s
[TRAIN][PPO] ep=124/500 r=  373.42 avg10=  347.58 steps=1316 succ10=0.00 touch10=0.00 col10=1.00 to10=0.00 min_d= 0.88 avg_spd=2.04m/s end=collision t= 1964.7s
[TRAIN][PPO] ep=125/500 r=  367.79 avg10=  356.84 steps=1297 succ10=0.00 touch10=0.00 col10=1.00 to10=0.00 min_d= 0.90 avg_spd=2.03m/s end=collision t= 1980.9s
[TRAIN][PPO] ep=126/500 r=  353.46 avg10=  356.24 steps=1232 succ10=0.00 touch10=0.00 col10=1.00 to10=0.00 min_d= 0.91 avg_spd=2.07m/s end=collision t= 1995.8s
[TRAIN][PPO] ep=127/500 r=  287.79 avg10=  349.41 steps=1055 succ10=0.00 touch10=0.00 col10=1.00 to10=0.00 min_d= 1.38 avg_spd=2.07m/s end=collision t= 2008.5s
[TRAIN][PPO] ep=128/500 r=  370.39 avg10=  349.90 steps=1293 succ10=0.00 touch10=0.00 col10=1.00 to10=0.00 min_d= 0.89 avg_spd=2.05m/s end=collision t= 2026.7s
[TRAIN][PPO] ep=129/500 r=  361.51 avg10=  349.02 steps=1258 succ10=0.00 touch10=0.00 col10=1.00 to10=0.00 min_d= 0.89 avg_spd=2.07m/s end=collision t= 2042.3s
[TRAIN][PPO] ep=130/500 r=  369.01 avg10=  349.33 steps=1295 succ10=0.00 touch10=0.00 col10=1.00 to10=0.00 min_d= 0.89 avg_spd=2.05m/s end=collision t= 2058.2s
[TRAIN][PPO] ep=131/500 r=  371.34 avg10=  350.63 steps=1304 succ10=0.00 touch10=0.00 col10=1.00 to10=0.00 min_d= 0.89 avg_spd=2.05m/s end=collision t= 2074.0s
[TRAIN][PPO] ep=132/500 r=  349.88 avg10=  357.28 steps=1245 succ10=0.00 touch10=0.00 col10=1.00 to10=0.00 min_d= 0.97 avg_spd=2.07m/s end=collision t= 2091.4s
[TRAIN][PPO] ep=133/500 r=  360.55 avg10=  356.51 steps=1278 succ10=0.00 touch10=0.00 col10=1.00 to10=0.00 min_d= 0.90 avg_spd=2.05m/s end=collision t= 2107.8s
[TRAIN][PPO] ep=134/500 r=  367.82 avg10=  355.95 steps=1289 succ10=0.00 touch10=0.00 col10=1.00 to10=0.00 min_d= 0.90 avg_spd=2.06m/s end=collision t= 2124.5s
[TRAIN][PPO] ep=135/500 r=  349.14 avg10=  354.09 steps=1222 succ10=0.00 touch10=0.00 col10=1.00 to10=0.00 min_d= 0.91 avg_spd=2.07m/s end=collision t= 2140.1s
[TRAIN][PPO] ep=136/500 r=  372.11 avg10=  355.95 steps=1301 succ10=0.00 touch10=0.00 col10=1.00 to10=0.00 min_d= 0.90 avg_spd=2.04m/s end=collision t= 2158.1s
[TRAIN][PPO] ep=137/500 r=  348.11 avg10=  361.99 steps=1247 succ10=0.00 touch10=0.00 col10=1.00 to10=0.00 min_d= 0.96 avg_spd=2.06m/s end=collision t= 2174.1s
[TRAIN][PPO] ep=138/500 r=  355.88 avg10=  360.53 steps=1260 succ10=0.00 touch10=0.00 col10=1.00 to10=0.00 min_d= 0.91 avg_spd=2.05m/s end=collision t= 2190.0s
[TRAIN][PPO] ep=139/500 r=  358.33 avg10=  360.22 steps=1272 succ10=0.00 touch10=0.00 col10=1.00 to10=0.00 min_d= 0.91 avg_spd=2.05m/s end=collision t= 2205.6s
[TRAIN][PPO] ep=140/500 r=  371.31 avg10=  360.45 steps=1294 succ10=0.00 touch10=0.00 col10=1.00 to10=0.00 min_d= 0.89 avg_spd=2.05m/s end=collision t= 2223.8s
[TRAIN][PPO] ep=141/500 r=  369.53 avg10=  360.27 steps=1290 succ10=0.00 touch10=0.00 col10=1.00 to10=0.00 min_d= 0.90 avg_spd=2.05m/s end=collision t= 2240.6s
[TRAIN][PPO] ep=142/500 r=  370.15 avg10=  362.29 steps=1298 succ10=0.00 touch10=0.00 col10=1.00 to10=0.00 min_d= 0.90 avg_spd=2.06m/s end=collision t= 2257.2s
[TRAIN][PPO] ep=143/500 r=  355.53 avg10=  361.79 steps=1241 succ10=0.00 touch10=0.00 col10=1.00 to10=0.00 min_d= 0.89 avg_spd=2.07m/s end=collision t= 2272.7s
[TRAIN][PPO] ep=144/500 r=  300.80 avg10=  355.09 steps=1099 succ10=0.00 touch10=0.00 col10=1.00 to10=0.00 min_d= 1.34 avg_spd=2.05m/s end=collision t= 2288.2s
[TRAIN][PPO] ep=145/500 r=  281.51 avg10=  348.33 steps=1019 succ10=0.00 touch10=0.00 col10=1.00 to10=0.00 min_d= 1.46 avg_spd=2.08m/s end=collision t= 2301.5s
[TRAIN][PPO] ep=146/500 r=  354.10 avg10=  346.52 steps=1235 succ10=0.00 touch10=0.00 col10=1.00 to10=0.00 min_d= 0.91 avg_spd=2.07m/s end=collision t= 2317.3s
[TRAIN][PPO] ep=147/500 r=  373.86 avg10=  349.10 steps=1318 succ10=0.00 touch10=0.00 col10=1.00 to10=0.00 min_d= 0.89 avg_spd=2.03m/s end=collision t= 2334.1s
[TRAIN][PPO] ep=148/500 r=  343.60 avg10=  347.87 steps=1244 succ10=0.00 touch10=0.00 col10=1.00 to10=0.00 min_d= 0.96 avg_spd=2.04m/s end=collision t= 2351.6s
[TRAIN][PPO] ep=149/500 r=  350.07 avg10=  347.05 steps=1223 succ10=0.00 touch10=0.00 col10=1.00 to10=0.00 min_d= 0.90 avg_spd=2.08m/s end=collision t= 2366.9s
[TRAIN][PPO] ep=150/500 r=  376.52 avg10=  347.57 steps=1330 succ10=0.00 touch10=0.00 col10=1.00 to10=0.00 min_d= 0.90 avg_spd=2.01m/s end=collision t= 2384.8s
[TRAIN][PPO] ep=151/500 r=  353.55 avg10=  345.97 steps=1256 succ10=0.00 touch10=0.00 col10=1.00 to10=0.00 min_d= 0.91 avg_spd=2.04m/s end=collision t= 2401.4s
[TRAIN][PPO] ep=152/500 r=  352.96 avg10=  344.25 steps=1235 succ10=0.00 touch10=0.00 col10=1.00 to10=0.00 min_d= 0.90 avg_spd=2.06m/s end=collision t= 2420.2s
[TRAIN][PPO] ep=153/500 r=  371.49 avg10=  345.85 steps=1292 succ10=0.00 touch10=0.00 col10=1.00 to10=0.00 min_d= 0.90 avg_spd=2.05m/s end=collision t= 2436.6s
[TRAIN][PPO] ep=154/500 r=  372.11 avg10=  352.98 steps=1295 succ10=0.00 touch10=0.00 col10=1.00 to10=0.00 min_d= 0.90 avg_spd=2.04m/s end=collision t= 2453.4s
[TRAIN][PPO] ep=155/500 r=  361.41 avg10=  360.97 steps=1268 succ10=0.00 touch10=0.00 col10=1.00 to10=0.00 min_d= 0.90 avg_spd=2.07m/s end=collision t= 2470.1s
[TRAIN][PPO] ep=156/500 r=  365.61 avg10=  362.12 steps=1291 succ10=0.00 touch10=0.00 col10=1.00 to10=0.00 min_d= 0.90 avg_spd=2.03m/s end=collision t= 2488.8s
[TRAIN][PPO] ep=157/500 r=  362.16 avg10=  360.95 steps=1262 succ10=0.00 touch10=0.00 col10=1.00 to10=0.00 min_d= 0.90 avg_spd=2.06m/s end=collision t= 2504.7s
[TRAIN][PPO] ep=158/500 r=  350.91 avg10=  361.68 steps=1224 succ10=0.00 touch10=0.00 col10=1.00 to10=0.00 min_d= 0.90 avg_spd=2.07m/s end=collision t= 2520.4s
[TRAIN][PPO] ep=159/500 r=  349.27 avg10=  361.60 steps=1215 succ10=0.00 touch10=0.00 col10=1.00 to10=0.00 min_d= 0.91 avg_spd=2.08m/s end=collision t= 2536.4s
[TRAIN][PPO] ep=160/500 r=  365.93 avg10=  360.54 steps=1284 succ10=0.00 touch10=0.00 col10=1.00 to10=0.00 min_d= 0.90 avg_spd=2.05m/s end=collision t= 2554.6s
[TRAIN][PPO] ep=161/500 r=  362.42 avg10=  361.43 steps=1265 succ10=0.00 touch10=0.00 col10=1.00 to10=0.00 min_d= 0.89 avg_spd=2.04m/s end=collision t= 2570.8s
[TRAIN][PPO] ep=162/500 r=  361.84 avg10=  362.31 steps=1253 succ10=0.00 touch10=0.00 col10=1.00 to10=0.00 min_d= 0.91 avg_spd=2.07m/s end=collision t= 2587.3s
[TRAIN][PPO] ep=163/500 r=  365.62 avg10=  361.73 steps=1287 succ10=0.00 touch10=0.00 col10=1.00 to10=0.00 min_d= 0.89 avg_spd=2.06m/s end=collision t= 2604.2s
[TRAIN][PPO] ep=164/500 r=  359.47 avg10=  360.46 steps=1255 succ10=0.00 touch10=0.00 col10=1.00 to10=0.00 min_d= 0.91 avg_spd=2.07m/s end=collision t= 2623.8s
[TRAIN][PPO] ep=165/500 r=  353.45 avg10=  359.67 steps=1266 succ10=0.00 touch10=0.00 col10=1.00 to10=0.00 min_d= 0.91 avg_spd=2.03m/s end=collision t= 2640.2s
[TRAIN][PPO] ep=166/500 r=  356.33 avg10=  358.74 steps=1248 succ10=0.00 touch10=0.00 col10=1.00 to10=0.00 min_d= 0.89 avg_spd=2.05m/s end=collision t= 2656.0s
[TRAIN][PPO] ep=167/500 r=  364.38 avg10=  358.96 steps=1270 succ10=0.00 touch10=0.00 col10=1.00 to10=0.00 min_d= 0.91 avg_spd=2.06m/s end=collision t= 2672.3s
[TRAIN][PPO] ep=168/500 r=  360.45 avg10=  359.91 steps=1267 succ10=0.00 touch10=0.00 col10=1.00 to10=0.00 min_d= 0.90 avg_spd=2.06m/s end=collision t= 2691.9s
[TRAIN][PPO] ep=169/500 r=  367.69 avg10=  361.76 steps=1290 succ10=0.00 touch10=0.00 col10=1.00 to10=0.00 min_d= 0.89 avg_spd=2.06m/s end=collision t= 2708.1s
[TRAIN][PPO] ep=170/500 r=  361.91 avg10=  361.36 steps=1269 succ10=0.00 touch10=0.00 col10=1.00 to10=0.00 min_d= 0.89 avg_spd=2.05m/s end=collision t= 2724.4s
[TRAIN][PPO] ep=171/500 r=  361.57 avg10=  361.27 steps=1263 succ10=0.00 touch10=0.00 col10=1.00 to10=0.00 min_d= 0.91 avg_spd=2.07m/s end=collision t= 2741.0s
[TRAIN][PPO] ep=172/500 r=  363.52 avg10=  361.44 steps=1262 succ10=0.00 touch10=0.00 col10=1.00 to10=0.00 min_d= 0.89 avg_spd=2.06m/s end=collision t= 2760.2s
[TRAIN][PPO] ep=173/500 r=  354.42 avg10=  360.32 steps=1253 succ10=0.00 touch10=0.00 col10=1.00 to10=0.00 min_d= 0.89 avg_spd=2.04m/s end=collision t= 2776.0s
[TRAIN][PPO] ep=174/500 r=  350.63 avg10=  359.44 steps=1254 succ10=0.00 touch10=0.00 col10=1.00 to10=0.00 min_d= 0.91 avg_spd=2.04m/s end=collision t= 2792.3s
[TRAIN][PPO] ep=175/500 r=  369.80 avg10=  361.07 steps=1294 succ10=0.00 touch10=0.00 col10=1.00 to10=0.00 min_d= 0.90 avg_spd=2.06m/s end=collision t= 2809.1s
[TRAIN][PPO] ep=176/500 r=  367.36 avg10=  362.17 steps=1307 succ10=0.00 touch10=0.00 col10=1.00 to10=0.00 min_d= 0.89 avg_spd=2.04m/s end=collision t= 2828.8s
[TRAIN][PPO] ep=177/500 r=   74.45 avg10=  333.18 steps= 397 succ10=0.00 touch10=0.00 col10=1.00 to10=0.00 min_d= 3.06 avg_spd=2.03m/s end=collision t= 2833.9s
[TRAIN][PPO] ep=178/500 r=  285.29 avg10=  325.67 steps= 984 succ10=0.00 touch10=0.00 col10=1.00 to10=0.00 min_d= 1.40 avg_spd=2.08m/s end=collision t= 2846.2s
[TRAIN][PPO] ep=179/500 r=  358.99 avg10=  324.80 steps=1244 succ10=0.00 touch10=0.00 col10=1.00 to10=0.00 min_d= 0.90 avg_spd=2.08m/s end=collision t= 2862.2s
[TRAIN][PPO] ep=180/500 r=  284.01 avg10=  317.01 steps= 979 succ10=0.00 touch10=0.00 col10=1.00 to10=0.00 min_d= 1.44 avg_spd=2.09m/s end=collision t= 2876.1s
[TRAIN][PPO] ep=181/500 r=  359.28 avg10=  316.78 steps=1260 succ10=0.00 touch10=0.00 col10=1.00 to10=0.00 min_d= 0.90 avg_spd=2.07m/s end=collision t= 2891.3s
[TRAIN][PPO] ep=182/500 r=  357.77 avg10=  316.20 steps=1272 succ10=0.00 touch10=0.00 col10=1.00 to10=0.00 min_d= 0.90 avg_spd=2.05m/s end=collision t= 2906.8s
[TRAIN][PPO] ep=183/500 r=  367.00 avg10=  317.46 steps=1278 succ10=0.00 touch10=0.00 col10=1.00 to10=0.00 min_d= 0.89 avg_spd=2.07m/s end=collision t= 2922.2s
[TRAIN][PPO] ep=184/500 r=  360.86 avg10=  318.48 steps=1268 succ10=0.00 touch10=0.00 col10=1.00 to10=0.00 min_d= 0.89 avg_spd=2.04m/s end=collision t= 2939.6s
[TRAIN][PPO] ep=185/500 r=  370.22 avg10=  318.52 steps=1290 succ10=0.00 touch10=0.00 col10=1.00 to10=0.00 min_d= 0.89 avg_spd=2.04m/s end=collision t= 2955.7s
[TRAIN][PPO] ep=186/500 r=  356.66 avg10=  317.45 steps=1256 succ10=0.00 touch10=0.00 col10=1.00 to10=0.00 min_d= 0.90 avg_spd=2.04m/s end=collision t= 2971.2s
[TRAIN][PPO] ep=187/500 r=  359.41 avg10=  345.95 steps=1274 succ10=0.00 touch10=0.00 col10=1.00 to10=0.00 min_d= 0.90 avg_spd=2.05m/s end=collision t= 2987.3s
[TRAIN][PPO] ep=188/500 r=  597.45 avg10=  377.16 steps=1409 succ10=0.10 touch10=0.10 col10=0.90 to10=0.00 min_d= 0.30 avg_spd=2.08m/s end=goal t= 3006.1s
[TRAIN][PPO] ep=189/500 r=  355.34 avg10=  376.80 steps=1260 succ10=0.10 touch10=0.10 col10=0.90 to10=0.00 min_d= 0.89 avg_spd=2.04m/s end=collision t= 3021.9s
[TRAIN][PPO] ep=190/500 r=  365.65 avg10=  384.96 steps=1293 succ10=0.10 touch10=0.10 col10=0.90 to10=0.00 min_d= 0.89 avg_spd=2.04m/s end=collision t= 3038.2s
[TRAIN][PPO] ep=191/500 r=  357.35 avg10=  384.77 steps=1251 succ10=0.10 touch10=0.10 col10=0.90 to10=0.00 min_d= 0.90 avg_spd=2.06m/s end=collision t= 3054.1s
[TRAIN][PPO] ep=192/500 r=  370.45 avg10=  386.04 steps=1290 succ10=0.10 touch10=0.10 col10=0.90 to10=0.00 min_d= 0.89 avg_spd=2.05m/s end=collision t= 3071.5s
[TRAIN][PPO] ep=193/500 r=  280.19 avg10=  377.36 steps= 996 succ10=0.10 touch10=0.10 col10=0.90 to10=0.00 min_d= 1.50 avg_spd=2.07m/s end=collision t= 3084.0s
[TRAIN][PPO] ep=194/500 r=  365.79 avg10=  377.85 steps=1275 succ10=0.10 touch10=0.10 col10=0.90 to10=0.00 min_d= 0.88 avg_spd=2.03m/s end=collision t= 3099.9s
[TRAIN][PPO] ep=195/500 r=  364.29 avg10=  377.26 steps=1275 succ10=0.10 touch10=0.10 col10=0.90 to10=0.00 min_d= 0.88 avg_spd=2.06m/s end=collision t= 3115.9s
[TRAIN][PPO] ep=196/500 r=  280.22 avg10=  369.61 steps= 997 succ10=0.10 touch10=0.10 col10=0.90 to10=0.00 min_d= 1.49 avg_spd=2.10m/s end=collision t= 3129.7s
[TRAIN][PPO] ep=197/500 r=  359.73 avg10=  369.64 steps=1262 succ10=0.10 touch10=0.10 col10=0.90 to10=0.00 min_d= 0.89 avg_spd=2.04m/s end=collision t= 3145.3s
[TRAIN][PPO] ep=198/500 r=  293.00 avg10=  339.20 steps=1010 succ10=0.00 touch10=0.00 col10=1.00 to10=0.00 min_d= 1.46 avg_spd=2.06m/s end=collision t= 3157.7s
[TRAIN][PPO] ep=199/500 r=  293.48 avg10=  333.01 steps=1060 succ10=0.00 touch10=0.00 col10=1.00 to10=0.00 min_d= 1.37 avg_spd=2.08m/s end=collision t= 3171.0s
[TRAIN][PPO] ep=200/500 r=  352.47 avg10=  331.69 steps=1246 succ10=0.00 touch10=0.00 col10=1.00 to10=0.00 min_d= 0.90 avg_spd=2.08m/s end=collision t= 3188.5s ckpt=latest
[TRAIN][PPO] ep=201/500 r=  373.24 avg10=  333.28 steps=1304 succ10=0.00 touch10=0.00 col10=1.00 to10=0.00 min_d= 0.89 avg_spd=2.04m/s end=collision t= 3205.7s
[TRAIN][PPO] ep=202/500 r=  359.50 avg10=  332.19 steps=1257 succ10=0.00 touch10=0.00 col10=1.00 to10=0.00 min_d= 0.89 avg_spd=2.05m/s end=collision t= 3221.6s
[TRAIN][PPO] ep=203/500 r=  361.01 avg10=  340.27 steps=1276 succ10=0.00 touch10=0.00 col10=1.00 to10=0.00 min_d= 0.89 avg_spd=2.03m/s end=collision t= 3238.0s
[TRAIN][PPO] ep=204/500 r=  354.31 avg10=  339.12 steps=1245 succ10=0.00 touch10=0.00 col10=1.00 to10=0.00 min_d= 0.89 avg_spd=2.07m/s end=collision t= 3255.9s
[TRAIN][PPO] ep=205/500 r=  286.39 avg10=  331.33 steps=1041 succ10=0.00 touch10=0.00 col10=1.00 to10=0.00 min_d= 1.37 avg_spd=2.06m/s end=collision t= 3269.4s
[TRAIN][PPO] ep=206/500 r=  366.66 avg10=  339.98 steps=1281 succ10=0.00 touch10=0.00 col10=1.00 to10=0.00 min_d= 0.88 avg_spd=2.06m/s end=collision t= 3286.3s
[TRAIN][PPO] ep=207/500 r=  279.73 avg10=  331.98 steps= 986 succ10=0.00 touch10=0.00 col10=1.00 to10=0.00 min_d= 1.48 avg_spd=2.06m/s end=collision t= 3298.8s
[TRAIN][PPO] ep=208/500 r=  360.84 avg10=  338.76 steps=1254 succ10=0.00 touch10=0.00 col10=1.00 to10=0.00 min_d= 0.89 avg_spd=2.05m/s end=collision t= 3316.1s
[TRAIN][PPO] ep=209/500 r=  345.71 avg10=  343.98 steps=1226 succ10=0.00 touch10=0.00 col10=1.00 to10=0.00 min_d= 0.95 avg_spd=2.07m/s end=collision t= 3331.8s
[TRAIN][PPO] ep=210/500 r=  373.60 avg10=  346.10 steps=1329 succ10=0.00 touch10=0.00 col10=1.00 to10=0.00 min_d= 0.89 avg_spd=2.02m/s end=collision t= 3349.3s
[TRAIN][PPO] ep=211/500 r=  367.44 avg10=  345.52 steps=1294 succ10=0.00 touch10=0.00 col10=1.00 to10=0.00 min_d= 0.89 avg_spd=2.03m/s end=collision t= 3366.4s
[TRAIN][PPO] ep=212/500 r=  353.50 avg10=  344.92 steps=1235 succ10=0.00 touch10=0.00 col10=1.00 to10=0.00 min_d= 0.89 avg_spd=2.08m/s end=collision t= 3383.6s
[TRAIN][PPO] ep=213/500 r=  372.37 avg10=  346.05 steps=1299 succ10=0.00 touch10=0.00 col10=1.00 to10=0.00 min_d= 0.90 avg_spd=2.04m/s end=collision t= 3400.4s
[TRAIN][PPO] ep=214/500 r=  364.16 avg10=  347.04 steps=1272 succ10=0.00 touch10=0.00 col10=1.00 to10=0.00 min_d= 0.89 avg_spd=2.06m/s end=collision t= 3417.0s
[TRAIN][PPO] ep=215/500 r=  370.93 avg10=  355.49 steps=1289 succ10=0.00 touch10=0.00 col10=1.00 to10=0.00 min_d= 0.89 avg_spd=2.06m/s end=collision t= 3434.1s
[TRAIN][PPO] ep=216/500 r=  598.50 avg10=  378.68 steps=1484 succ10=0.10 touch10=0.10 col10=0.90 to10=0.00 min_d= 0.30 avg_spd=2.06m/s end=goal t= 3455.7s
[TRAIN][PPO] ep=217/500 r=  608.02 avg10=  411.50 steps=1532 succ10=0.20 touch10=0.20 col10=0.80 to10=0.00 min_d= 0.30 avg_spd=2.05m/s end=goal t= 3475.8s ckpt=best_goal
[TRAIN][PPO] ep=218/500 r=  355.89 avg10=  411.01 steps=1241 succ10=0.20 touch10=0.20 col10=0.80 to10=0.00 min_d= 0.88 avg_spd=2.05m/s end=collision t= 3492.1s
[TRAIN][PPO] ep=219/500 r=  368.14 avg10=  413.25 steps=1286 succ10=0.20 touch10=0.20 col10=0.80 to10=0.00 min_d= 0.88 avg_spd=2.08m/s end=collision t= 3508.9s
[TRAIN][PPO] ep=220/500 r=  360.39 avg10=  411.93 steps=1267 succ10=0.20 touch10=0.20 col10=0.80 to10=0.00 min_d= 0.89 avg_spd=2.06m/s end=collision t= 3527.9s
[TRAIN][PPO] ep=221/500 r=  600.31 avg10=  435.22 steps=1500 succ10=0.30 touch10=0.30 col10=0.70 to10=0.00 min_d= 0.30 avg_spd=2.05m/s end=goal t= 3547.6s
[TRAIN][PPO] ep=222/500 r=  356.94 avg10=  435.56 steps=1255 succ10=0.30 touch10=0.30 col10=0.70 to10=0.00 min_d= 0.90 avg_spd=2.06m/s end=collision t= 3563.7s
[TRAIN][PPO] ep=223/500 r=  607.59 avg10=  459.09 steps=1523 succ10=0.40 touch10=0.40 col10=0.60 to10=0.00 min_d= 0.30 avg_spd=2.06m/s end=goal t= 3583.7s
[TRAIN][PPO] ep=224/500 r=  367.18 avg10=  459.39 steps=1286 succ10=0.40 touch10=0.40 col10=0.60 to10=0.00 min_d= 0.88 avg_spd=2.05m/s end=collision t= 3602.4s
[TRAIN][PPO] ep=225/500 r=  351.56 avg10=  457.45 steps=1240 succ10=0.40 touch10=0.40 col10=0.60 to10=0.00 min_d= 0.89 avg_spd=2.06m/s end=collision t= 3618.6s
[TRAIN][PPO] ep=226/500 r=  590.92 avg10=  456.69 steps=1483 succ10=0.40 touch10=0.40 col10=0.60 to10=0.00 min_d= 0.30 avg_spd=2.05m/s end=goal t= 3638.0s
[TRAIN][PPO] ep=227/500 r=  600.37 avg10=  455.93 steps=1434 succ10=0.40 touch10=0.40 col10=0.60 to10=0.00 min_d= 0.30 avg_spd=2.08m/s end=goal t= 3656.7s
[TRAIN][PPO] ep=228/500 r=  605.71 avg10=  480.91 steps=1527 succ10=0.50 touch10=0.50 col10=0.50 to10=0.00 min_d= 0.30 avg_spd=2.04m/s end=goal t= 3678.2s
[TRAIN][PPO] ep=229/500 r=  277.30 avg10=  471.83 steps= 992 succ10=0.50 touch10=0.50 col10=0.50 to10=0.00 min_d= 1.47 avg_spd=2.09m/s end=collision t= 3691.1s
[TRAIN][PPO] ep=230/500 r=  304.36 avg10=  466.22 steps=1118 succ10=0.50 touch10=0.50 col10=0.50 to10=0.00 min_d= 1.40 avg_spd=2.03m/s end=collision t= 3705.7s
[TRAIN][PPO] ep=231/500 r=  606.25 avg10=  466.82 steps=1514 succ10=0.50 touch10=0.50 col10=0.50 to10=0.00 min_d= 0.30 avg_spd=2.06m/s end=goal t= 3725.6s
[TRAIN][PPO] ep=232/500 r=  368.45 avg10=  467.97 steps=1295 succ10=0.50 touch10=0.50 col10=0.50 to10=0.00 min_d= 0.89 avg_spd=2.05m/s end=collision t= 3744.2s
[TRAIN][PPO] ep=233/500 r=  608.81 avg10=  468.09 steps=1514 succ10=0.50 touch10=0.50 col10=0.50 to10=0.00 min_d= 0.30 avg_spd=2.04m/s end=goal t= 3764.0s ckpt=best_goal
[TRAIN][PPO] ep=234/500 r=  602.72 avg10=  491.64 steps=1504 succ10=0.60 touch10=0.60 col10=0.40 to10=0.00 min_d= 0.30 avg_spd=2.04m/s end=goal t= 3783.5s
[TRAIN][PPO] ep=235/500 r=  598.79 avg10=  516.37 steps=1502 succ10=0.70 touch10=0.70 col10=0.30 to10=0.00 min_d= 0.30 avg_spd=2.06m/s end=goal t= 3803.3s
[TRAIN][PPO] ep=236/500 r=  604.10 avg10=  517.68 steps=1516 succ10=0.70 touch10=0.70 col10=0.30 to10=0.00 min_d= 0.30 avg_spd=2.05m/s end=goal t= 3824.7s
[TRAIN][PPO] ep=237/500 r=  597.59 avg10=  517.41 steps=1496 succ10=0.70 touch10=0.70 col10=0.30 to10=0.00 min_d= 0.30 avg_spd=2.07m/s end=goal t= 3844.0s
[TRAIN][PPO] ep=238/500 r=  592.50 avg10=  516.09 steps=1480 succ10=0.70 touch10=0.70 col10=0.30 to10=0.00 min_d= 0.30 avg_spd=2.05m/s end=goal t= 3863.2s
[TRAIN][PPO] ep=239/500 r=  600.42 avg10=  548.40 steps=1506 succ10=0.80 touch10=0.80 col10=0.20 to10=0.00 min_d= 0.30 avg_spd=2.05m/s end=goal t= 3883.2s
[TRAIN][PPO] ep=240/500 r=  600.76 avg10=  578.04 steps=1514 succ10=0.90 touch10=0.90 col10=0.10 to10=0.00 min_d= 0.30 avg_spd=2.05m/s end=goal t= 3906.5s
[TRAIN][PPO] ep=241/500 r=  595.86 avg10=  577.00 steps=1494 succ10=0.90 touch10=0.90 col10=0.10 to10=0.00 min_d= 0.30 avg_spd=2.05m/s end=goal t= 3926.2s
[TRAIN][PPO] ep=242/500 r=  600.88 avg10=  600.24 steps=1495 succ10=1.00 touch10=1.00 col10=0.00 to10=0.00 min_d= 0.30 avg_spd=2.03m/s end=goal t= 3945.8s
[TRAIN][PPO] ep=243/500 r=  592.38 avg10=  598.60 steps=1481 succ10=1.00 touch10=1.00 col10=0.00 to10=0.00 min_d= 0.30 avg_spd=2.05m/s end=goal t= 3965.3s
[TRAIN][PPO] ep=244/500 r=  596.11 avg10=  597.94 steps=1486 succ10=1.00 touch10=1.00 col10=0.00 to10=0.00 min_d= 0.30 avg_spd=2.05m/s end=goal t= 3986.5s
[TRAIN][PPO] ep=245/500 r=  601.59 avg10=  598.22 steps=1520 succ10=1.00 touch10=1.00 col10=0.00 to10=0.00 min_d= 0.30 avg_spd=2.04m/s end=goal t= 4006.1s
[TRAIN][PPO] ep=246/500 r=  598.37 avg10=  597.65 steps=1505 succ10=1.00 touch10=1.00 col10=0.00 to10=0.00 min_d= 0.30 avg_spd=2.03m/s end=goal t= 4025.9s
[TRAIN][PPO] ep=247/500 r=  614.22 avg10=  599.31 steps=1556 succ10=1.00 touch10=1.00 col10=0.00 to10=0.00 min_d= 0.30 avg_spd=2.03m/s end=goal t= 4046.5s ckpt=best_goal
[TRAIN][PPO] ep=248/500 r=  612.82 avg10=  601.34 steps=1560 succ10=1.00 touch10=1.00 col10=0.00 to10=0.00 min_d= 0.30 avg_spd=2.04m/s end=goal t= 4068.4s
[TRAIN][PPO] ep=249/500 r=  607.67 avg10=  602.07 steps=1525 succ10=1.00 touch10=1.00 col10=0.00 to10=0.00 min_d= 0.30 avg_spd=2.03m/s end=goal t= 4088.5s
[TRAIN][PPO] ep=250/500 r=  603.64 avg10=  602.35 steps=1515 succ10=1.00 touch10=1.00 col10=0.00 to10=0.00 min_d= 0.30 avg_spd=2.05m/s end=goal t= 4108.1s
[TRAIN][PPO] ep=251/500 r=  290.99 avg10=  571.87 steps=1077 succ10=0.90 touch10=0.90 col10=0.10 to10=0.00 min_d= 1.35 avg_spd=2.04m/s end=collision t= 4121.7s
[TRAIN][PPO] ep=252/500 r=  600.29 avg10=  571.81 steps=1505 succ10=0.90 touch10=0.90 col10=0.10 to10=0.00 min_d= 0.30 avg_spd=2.05m/s end=goal t= 4142.8s
[TRAIN][PPO] ep=253/500 r=  606.41 avg10=  573.21 steps=1541 succ10=0.90 touch10=0.90 col10=0.10 to10=0.00 min_d= 0.30 avg_spd=2.03m/s end=goal t= 4162.5s
[TRAIN][PPO] ep=254/500 r=  374.31 avg10=  551.03 steps=1298 succ10=0.80 touch10=0.80 col10=0.20 to10=0.00 min_d= 0.88 avg_spd=2.03m/s end=collision t= 4178.9s
[TRAIN][PPO] ep=255/500 r=  604.08 avg10=  551.28 steps=1516 succ10=0.80 touch10=0.80 col10=0.20 to10=0.00 min_d= 0.30 avg_spd=2.07m/s end=goal t= 4198.9s
[TRAIN][PPO] ep=256/500 r=  597.46 avg10=  551.19 steps=1495 succ10=0.80 touch10=0.80 col10=0.20 to10=0.00 min_d= 0.30 avg_spd=2.05m/s end=goal t= 4219.5s
[TRAIN][PPO] ep=257/500 r=  594.67 avg10=  549.23 steps=1489 succ10=0.80 touch10=0.80 col10=0.20 to10=0.00 min_d= 0.30 avg_spd=2.05m/s end=goal t= 4238.9s
[TRAIN][PPO] ep=258/500 r=  591.70 avg10=  547.12 steps=1469 succ10=0.80 touch10=0.80 col10=0.20 to10=0.00 min_d= 0.30 avg_spd=2.08m/s end=goal t= 4258.1s
[TRAIN][PPO] ep=259/500 r=  607.35 avg10=  547.09 steps=1521 succ10=0.80 touch10=0.80 col10=0.20 to10=0.00 min_d= 0.30 avg_spd=2.05m/s end=goal t= 4277.8s
[TRAIN][PPO] ep=260/500 r=  598.61 avg10=  546.59 steps=1507 succ10=0.80 touch10=0.80 col10=0.20 to10=0.00 min_d= 0.30 avg_spd=2.06m/s end=goal t= 4298.8s
[TRAIN][PPO] ep=261/500 r=  587.91 avg10=  576.28 steps=1468 succ10=0.90 touch10=0.90 col10=0.10 to10=0.00 min_d= 0.30 avg_spd=2.06m/s end=goal t= 4317.9s
[TRAIN][PPO] ep=262/500 r=  590.40 avg10=  575.29 steps=1475 succ10=0.90 touch10=0.90 col10=0.10 to10=0.00 min_d= 0.30 avg_spd=2.06m/s end=goal t= 4337.1s
[TRAIN][PPO] ep=263/500 r=  592.38 avg10=  573.89 steps=1477 succ10=0.90 touch10=0.90 col10=0.10 to10=0.00 min_d= 0.30 avg_spd=2.06m/s end=goal t= 4356.7s
[TRAIN][PPO] ep=264/500 r=  361.90 avg10=  572.65 steps=1286 succ10=0.90 touch10=0.90 col10=0.10 to10=0.00 min_d= 0.89 avg_spd=2.07m/s end=collision t= 4375.1s
[TRAIN][PPO] ep=265/500 r=  590.97 avg10=  571.33 steps=1469 succ10=0.90 touch10=0.90 col10=0.10 to10=0.00 min_d= 0.30 avg_spd=2.07m/s end=goal t= 4394.5s
[TRAIN][PPO] ep=266/500 r=  603.37 avg10=  571.93 steps=1528 succ10=0.90 touch10=0.90 col10=0.10 to10=0.00 min_d= 0.30 avg_spd=2.04m/s end=goal t= 4414.2s
[TRAIN][PPO] ep=267/500 r=  606.12 avg10=  573.07 steps=1537 succ10=0.90 touch10=0.90 col10=0.10 to10=0.00 min_d= 0.30 avg_spd=2.05m/s end=goal t= 4434.2s
[TRAIN][PPO] ep=268/500 r=  599.15 avg10=  573.82 steps=1507 succ10=0.90 touch10=0.90 col10=0.10 to10=0.00 min_d= 0.30 avg_spd=2.05m/s end=goal t= 4455.8s
[TRAIN][PPO] ep=269/500 r=  592.85 avg10=  572.37 steps=1477 succ10=0.90 touch10=0.90 col10=0.10 to10=0.00 min_d= 0.30 avg_spd=2.08m/s end=goal t= 4475.3s
[TRAIN][PPO] ep=270/500 r=  615.90 avg10=  574.10 steps=1560 succ10=0.90 touch10=0.90 col10=0.10 to10=0.00 min_d= 0.30 avg_spd=2.03m/s end=goal t= 4495.8s ckpt=best_goal
[TRAIN][PPO] ep=271/500 r=  598.36 avg10=  575.14 steps=1500 succ10=0.90 touch10=0.90 col10=0.10 to10=0.00 min_d= 0.30 avg_spd=2.07m/s end=goal t= 4515.5s
[TRAIN][PPO] ep=272/500 r=  608.47 avg10=  576.95 steps=1524 succ10=0.90 touch10=0.90 col10=0.10 to10=0.00 min_d= 0.30 avg_spd=2.04m/s end=goal t= 4537.1s
[TRAIN][PPO] ep=273/500 r=  594.05 avg10=  577.12 steps=1485 succ10=0.90 touch10=0.90 col10=0.10 to10=0.00 min_d= 0.30 avg_spd=2.06m/s end=goal t= 4556.3s
[TRAIN][PPO] ep=274/500 r=  594.33 avg10=  600.36 steps=1480 succ10=1.00 touch10=1.00 col10=0.00 to10=0.00 min_d= 0.30 avg_spd=2.06m/s end=goal t= 4575.7s
[TRAIN][PPO] ep=275/500 r=  601.97 avg10=  601.46 steps=1516 succ10=1.00 touch10=1.00 col10=0.00 to10=0.00 min_d= 0.30 avg_spd=2.05m/s end=goal t= 4595.1s
[TRAIN][PPO] ep=276/500 r=  599.66 avg10=  601.09 steps=1501 succ10=1.00 touch10=1.00 col10=0.00 to10=0.00 min_d= 0.30 avg_spd=2.05m/s end=goal t= 4616.1s
[TRAIN][PPO] ep=277/500 r=  596.44 avg10=  600.12 steps=1486 succ10=1.00 touch10=1.00 col10=0.00 to10=0.00 min_d= 0.30 avg_spd=2.06m/s end=goal t= 4635.1s
[TRAIN][PPO] ep=278/500 r=  602.80 avg10=  600.48 steps=1516 succ10=1.00 touch10=1.00 col10=0.00 to10=0.00 min_d= 0.30 avg_spd=2.04m/s end=goal t= 4654.7s
[TRAIN][PPO] ep=279/500 r=  599.69 avg10=  601.17 steps=1495 succ10=1.00 touch10=1.00 col10=0.00 to10=0.00 min_d= 0.30 avg_spd=2.06m/s end=goal t= 4674.2s
[TRAIN][PPO] ep=280/500 r=  604.33 avg10=  600.01 steps=1513 succ10=1.00 touch10=1.00 col10=0.00 to10=0.00 min_d= 0.30 avg_spd=2.06m/s end=goal t= 4695.5s
[TRAIN][PPO] ep=281/500 r=  591.92 avg10=  599.37 steps=1477 succ10=1.00 touch10=1.00 col10=0.00 to10=0.00 min_d= 0.30 avg_spd=2.06m/s end=goal t= 4714.7s
[TRAIN][PPO] ep=282/500 r=  601.33 avg10=  598.65 steps=1499 succ10=1.00 touch10=1.00 col10=0.00 to10=0.00 min_d= 0.30 avg_spd=2.04m/s end=goal t= 4734.3s
[TRAIN][PPO] ep=283/500 r=  610.71 avg10=  600.32 steps=1545 succ10=1.00 touch10=1.00 col10=0.00 to10=0.00 min_d= 0.30 avg_spd=2.02m/s end=goal t= 4754.2s
[TRAIN][PPO] ep=284/500 r=  597.85 avg10=  600.67 steps=1489 succ10=1.00 touch10=1.00 col10=0.00 to10=0.00 min_d= 0.30 avg_spd=2.06m/s end=goal t= 4775.7s
[TRAIN][PPO] ep=285/500 r=  590.18 avg10=  599.49 steps=1482 succ10=1.00 touch10=1.00 col10=0.00 to10=0.00 min_d= 0.30 avg_spd=2.05m/s end=goal t= 4794.9s
[TRAIN][PPO] ep=286/500 r=  606.84 avg10=  600.21 steps=1525 succ10=1.00 touch10=1.00 col10=0.00 to10=0.00 min_d= 0.30 avg_spd=2.05m/s end=goal t= 4814.7s
[TRAIN][PPO] ep=287/500 r=  604.75 avg10=  601.04 steps=1515 succ10=1.00 touch10=1.00 col10=0.00 to10=0.00 min_d= 0.30 avg_spd=2.04m/s end=goal t= 4833.9s
[TRAIN][PPO] ep=288/500 r=  592.47 avg10=  600.01 steps=1488 succ10=1.00 touch10=1.00 col10=0.00 to10=0.00 min_d= 0.30 avg_spd=2.05m/s end=goal t= 4854.6s
[TRAIN][PPO] ep=289/500 r=  598.13 avg10=  599.85 steps=1512 succ10=1.00 touch10=1.00 col10=0.00 to10=0.00 min_d= 0.30 avg_spd=2.02m/s end=goal t= 4874.2s
[TRAIN][PPO] ep=290/500 r=  609.92 avg10=  600.41 steps=1526 succ10=1.00 touch10=1.00 col10=0.00 to10=0.00 min_d= 0.30 avg_spd=2.05m/s end=goal t= 4894.1s
[TRAIN][PPO] ep=291/500 r=  608.18 avg10=  602.04 steps=1536 succ10=1.00 touch10=1.00 col10=0.00 to10=0.00 min_d= 0.30 avg_spd=2.04m/s end=goal t= 4914.1s
[TRAIN][PPO] ep=292/500 r=  610.93 avg10=  603.00 steps=1530 succ10=1.00 touch10=1.00 col10=0.00 to10=0.00 min_d= 0.30 avg_spd=2.04m/s end=goal t= 4935.8s
[TRAIN][PPO] ep=293/500 r=  598.02 avg10=  601.73 steps=1500 succ10=1.00 touch10=1.00 col10=0.00 to10=0.00 min_d= 0.30 avg_spd=2.04m/s end=goal t= 4955.3s
[TRAIN][PPO] ep=294/500 r=  596.92 avg10=  601.63 steps=1497 succ10=1.00 touch10=1.00 col10=0.00 to10=0.00 min_d= 0.30 avg_spd=2.05m/s end=goal t= 4974.5s
[TRAIN][PPO] ep=295/500 r=  597.50 avg10=  602.37 steps=1507 succ10=1.00 touch10=1.00 col10=0.00 to10=0.00 min_d= 0.30 avg_spd=2.06m/s end=goal t= 4993.9s
[TRAIN][PPO] ep=296/500 r=  600.51 avg10=  601.73 steps=1508 succ10=1.00 touch10=1.00 col10=0.00 to10=0.00 min_d= 0.30 avg_spd=2.04m/s end=goal t= 5015.3s
[TRAIN][PPO] ep=297/500 r=  603.64 avg10=  601.62 steps=1509 succ10=1.00 touch10=1.00 col10=0.00 to10=0.00 min_d= 0.30 avg_spd=2.05m/s end=goal t= 5033.8s
[TRAIN][PPO] ep=298/500 r=  598.59 avg10=  602.23 steps=1505 succ10=1.00 touch10=1.00 col10=0.00 to10=0.00 min_d= 0.30 avg_spd=2.02m/s end=goal t= 5053.3s
[TRAIN][PPO] ep=299/500 r=  604.11 avg10=  602.83 steps=1527 succ10=1.00 touch10=1.00 col10=0.00 to10=0.00 min_d= 0.30 avg_spd=2.03m/s end=goal t= 5073.2s
[TRAIN][PPO] ep=300/500 r=  606.74 avg10=  602.51 steps=1537 succ10=1.00 touch10=1.00 col10=0.00 to10=0.00 min_d= 0.30 avg_spd=2.04m/s end=goal t= 5095.6s ckpt=latest
[TRAIN][PPO] ep=301/500 r=  598.01 avg10=  601.50 steps=1504 succ10=1.00 touch10=1.00 col10=0.00 to10=0.00 min_d= 0.30 avg_spd=2.02m/s end=goal t= 5115.1s
[TRAIN][PPO] ep=302/500 r=  592.19 avg10=  599.62 steps=1469 succ10=1.00 touch10=1.00 col10=0.00 to10=0.00 min_d= 0.30 avg_spd=2.05m/s end=goal t= 5133.8s
[TRAIN][PPO] ep=303/500 r=  307.24 avg10=  570.55 steps=1121 succ10=0.90 touch10=0.90 col10=0.10 to10=0.00 min_d= 1.32 avg_spd=2.07m/s end=collision t= 5148.3s
[TRAIN][PPO] ep=304/500 r=  602.50 avg10=  571.10 steps=1533 succ10=0.90 touch10=0.90 col10=0.10 to10=0.00 min_d= 0.30 avg_spd=2.02m/s end=goal t= 5170.2s
[TRAIN][PPO] ep=305/500 r=  606.67 avg10=  572.02 steps=1536 succ10=0.90 touch10=0.90 col10=0.10 to10=0.00 min_d= 0.30 avg_spd=2.03m/s end=goal t= 5189.8s
[TRAIN][PPO] ep=306/500 r=  600.15 avg10=  571.98 steps=1506 succ10=0.90 touch10=0.90 col10=0.10 to10=0.00 min_d= 0.30 avg_spd=2.05m/s end=goal t= 5209.5s
[TRAIN][PPO] ep=307/500 r=  611.30 avg10=  572.75 steps=1535 succ10=0.90 touch10=0.90 col10=0.10 to10=0.00 min_d= 0.30 avg_spd=2.03m/s end=goal t= 5229.1s
[TRAIN][PPO] ep=308/500 r=  608.47 avg10=  573.74 steps=1536 succ10=0.90 touch10=0.90 col10=0.10 to10=0.00 min_d= 0.30 avg_spd=2.02m/s end=goal t= 5251.6s
[TRAIN][PPO] ep=309/500 r=  602.33 avg10=  573.56 steps=1505 succ10=0.90 touch10=0.90 col10=0.10 to10=0.00 min_d= 0.30 avg_spd=2.04m/s end=goal t= 5271.2s
[TRAIN][PPO] ep=310/500 r=  610.57 avg10=  573.94 steps=1545 succ10=0.90 touch10=0.90 col10=0.10 to10=0.00 min_d= 0.30 avg_spd=2.04m/s end=goal t= 5291.1s
[TRAIN][PPO] ep=311/500 r=  612.94 avg10=  575.44 steps=1559 succ10=0.90 touch10=0.90 col10=0.10 to10=0.00 min_d= 0.30 avg_spd=2.02m/s end=goal t= 5311.4s
[TRAIN][PPO] ep=312/500 r=  610.76 avg10=  577.29 steps=1538 succ10=0.90 touch10=0.90 col10=0.10 to10=0.00 min_d= 0.30 avg_spd=2.04m/s end=goal t= 5333.5s
[TRAIN][PPO] ep=313/500 r=  600.21 avg10=  606.59 steps=1510 succ10=1.00 touch10=1.00 col10=0.00 to10=0.00 min_d= 0.30 avg_spd=2.02m/s end=goal t= 5353.0s
[TRAIN][PPO] ep=314/500 r=  601.76 avg10=  606.52 steps=1512 succ10=1.00 touch10=1.00 col10=0.00 to10=0.00 min_d= 0.30 avg_spd=2.05m/s end=goal t= 5372.4s
[TRAIN][PPO] ep=315/500 r=  596.36 avg10=  605.49 steps=1489 succ10=1.00 touch10=1.00 col10=0.00 to10=0.00 min_d= 0.30 avg_spd=2.05m/s end=goal t= 5391.8s
[TRAIN][PPO] ep=316/500 r=  610.10 avg10=  606.48 steps=1532 succ10=1.00 touch10=1.00 col10=0.00 to10=0.00 min_d= 0.30 avg_spd=2.05m/s end=goal t= 5414.5s
[TRAIN][PPO] ep=317/500 r=  602.53 avg10=  605.60 steps=1512 succ10=1.00 touch10=1.00 col10=0.00 to10=0.00 min_d= 0.30 avg_spd=2.04m/s end=goal t= 5433.6s
[TRAIN][PPO] ep=318/500 r=  611.12 avg10=  605.87 steps=1525 succ10=1.00 touch10=1.00 col10=0.00 to10=0.00 min_d= 0.30 avg_spd=2.06m/s end=goal t= 5452.9s
[TRAIN][PPO] ep=319/500 r=  605.76 avg10=  606.21 steps=1519 succ10=1.00 touch10=1.00 col10=0.00 to10=0.00 min_d= 0.30 avg_spd=2.05m/s end=goal t= 5472.1s
[TRAIN][PPO] ep=320/500 r=  590.22 avg10=  604.18 steps=1484 succ10=1.00 touch10=1.00 col10=0.00 to10=0.00 min_d= 0.30 avg_spd=2.05m/s end=goal t= 5493.0s
[TRAIN][PPO] ep=321/500 r=  594.42 avg10=  602.32 steps=1417 succ10=1.00 touch10=1.00 col10=0.00 to10=0.00 min_d= 0.30 avg_spd=2.07m/s end=goal t= 5511.1s
[TRAIN][PPO] ep=322/500 r=  607.27 avg10=  601.98 steps=1544 succ10=1.00 touch10=1.00 col10=0.00 to10=0.00 min_d= 0.30 avg_spd=2.02m/s end=goal t= 5530.5s
[TRAIN][PPO] ep=323/500 r=  604.60 avg10=  602.41 steps=1536 succ10=1.00 touch10=1.00 col10=0.00 to10=0.00 min_d= 0.30 avg_spd=2.04m/s end=goal t= 5550.5s
[TRAIN][PPO] ep=324/500 r=  602.24 avg10=  602.46 steps=1522 succ10=1.00 touch10=1.00 col10=0.00 to10=0.00 min_d= 0.30 avg_spd=2.04m/s end=goal t= 5571.5s
[TRAIN][PPO] ep=325/500 r=  607.04 avg10=  603.53 steps=1522 succ10=1.00 touch10=1.00 col10=0.00 to10=0.00 min_d= 0.30 avg_spd=2.05m/s end=goal t= 5591.0s
[TRAIN][PPO] ep=326/500 r=  609.05 avg10=  603.43 steps=1542 succ10=1.00 touch10=1.00 col10=0.00 to10=0.00 min_d= 0.30 avg_spd=2.04m/s end=goal t= 5610.8s
[TRAIN][PPO] ep=327/500 r=  613.55 avg10=  604.53 steps=1549 succ10=1.00 touch10=1.00 col10=0.00 to10=0.00 min_d= 0.30 avg_spd=2.03m/s end=goal t= 5631.0s
[TRAIN][PPO] ep=328/500 r=  603.70 avg10=  603.79 steps=1515 succ10=1.00 touch10=1.00 col10=0.00 to10=0.00 min_d= 0.30 avg_spd=2.05m/s end=goal t= 5653.9s
[TRAIN][PPO] ep=329/500 r=  619.89 avg10=  605.20 steps=1592 succ10=1.00 touch10=1.00 col10=0.00 to10=0.00 min_d= 0.30 avg_spd=2.00m/s end=goal t= 5674.5s ckpt=best_goal
[TRAIN][PPO] ep=330/500 r=  597.34 avg10=  605.91 steps=1492 succ10=1.00 touch10=1.00 col10=0.00 to10=0.00 min_d= 0.30 avg_spd=2.04m/s end=goal t= 5694.0s
[TRAIN][PPO] ep=331/500 r=  610.46 avg10=  607.51 steps=1553 succ10=1.00 touch10=1.00 col10=0.00 to10=0.00 min_d= 0.30 avg_spd=2.02m/s end=goal t= 5714.0s
[TRAIN][PPO] ep=332/500 r=  605.42 avg10=  607.33 steps=1521 succ10=1.00 touch10=1.00 col10=0.00 to10=0.00 min_d= 0.30 avg_spd=2.05m/s end=goal t= 5735.5s
[TRAIN][PPO] ep=333/500 r=  604.56 avg10=  607.33 steps=1529 succ10=1.00 touch10=1.00 col10=0.00 to10=0.00 min_d= 0.30 avg_spd=2.02m/s end=goal t= 5755.2s
[TRAIN][PPO] ep=334/500 r=  594.10 avg10=  606.51 steps=1493 succ10=1.00 touch10=1.00 col10=0.00 to10=0.00 min_d= 0.30 avg_spd=2.05m/s end=goal t= 5774.4s
[TRAIN][PPO] ep=335/500 r=  613.53 avg10=  607.16 steps=1534 succ10=1.00 touch10=1.00 col10=0.00 to10=0.00 min_d= 0.30 avg_spd=2.03m/s end=goal t= 5794.0s
[TRAIN][PPO] ep=336/500 r=  614.32 avg10=  607.69 steps=1551 succ10=1.00 touch10=1.00 col10=0.00 to10=0.00 min_d= 0.30 avg_spd=2.04m/s end=goal t= 5816.3s
[TRAIN][PPO] ep=337/500 r=  602.20 avg10=  606.55 steps=1516 succ10=1.00 touch10=1.00 col10=0.00 to10=0.00 min_d= 0.30 avg_spd=2.05m/s end=goal t= 5836.0s
[TRAIN][PPO] ep=338/500 r=  615.75 avg10=  607.76 steps=1549 succ10=1.00 touch10=1.00 col10=0.00 to10=0.00 min_d= 0.30 avg_spd=2.03m/s end=goal t= 5855.9s
[TRAIN][PPO] ep=339/500 r=  609.93 avg10=  606.76 steps=1526 succ10=1.00 touch10=1.00 col10=0.00 to10=0.00 min_d= 0.30 avg_spd=2.04m/s end=goal t= 5875.6s
[TRAIN][PPO] ep=340/500 r=  597.33 avg10=  606.76 steps=1496 succ10=1.00 touch10=1.00 col10=0.00 to10=0.00 min_d= 0.30 avg_spd=2.06m/s end=goal t= 5896.8s
[TRAIN][PPO] ep=341/500 r=  595.76 avg10=  605.29 steps=1506 succ10=1.00 touch10=1.00 col10=0.00 to10=0.00 min_d= 0.30 avg_spd=2.03m/s end=goal t= 5915.9s
[TRAIN][PPO] ep=342/500 r=  599.16 avg10=  604.66 steps=1519 succ10=1.00 touch10=1.00 col10=0.00 to10=0.00 min_d= 0.30 avg_spd=2.02m/s end=goal t= 5935.5s
[TRAIN][PPO] ep=343/500 r=  594.50 avg10=  603.66 steps=1481 succ10=1.00 touch10=1.00 col10=0.00 to10=0.00 min_d= 0.30 avg_spd=2.04m/s end=goal t= 5954.6s
[TRAIN][PPO] ep=344/500 r=  614.35 avg10=  605.68 steps=1554 succ10=1.00 touch10=1.00 col10=0.00 to10=0.00 min_d= 0.30 avg_spd=2.04m/s end=goal t= 5976.5s
[TRAIN][PPO] ep=345/500 r=  303.85 avg10=  574.71 steps=1111 succ10=0.90 touch10=0.90 col10=0.10 to10=0.00 min_d= 1.34 avg_spd=2.07m/s end=collision t= 5990.8s
[TRAIN][PPO] ep=346/500 r=  602.87 avg10=  573.57 steps=1532 succ10=0.90 touch10=0.90 col10=0.10 to10=0.00 min_d= 0.30 avg_spd=2.01m/s end=goal t= 6010.6s
[TRAIN][PPO] ep=347/500 r=  607.72 avg10=  574.12 steps=1540 succ10=0.90 touch10=0.90 col10=0.10 to10=0.00 min_d= 0.30 avg_spd=2.02m/s end=goal t= 6030.5s
[TRAIN][PPO] ep=348/500 r=  597.51 avg10=  572.30 steps=1519 succ10=0.90 touch10=0.90 col10=0.10 to10=0.00 min_d= 0.30 avg_spd=2.03m/s end=goal t= 6051.2s
[TRAIN][PPO] ep=349/500 r=  603.76 avg10=  571.68 steps=1520 succ10=0.90 touch10=0.90 col10=0.10 to10=0.00 min_d= 0.30 avg_spd=2.05m/s end=goal t= 6071.2s
[TRAIN][PPO] ep=350/500 r=  608.27 avg10=  572.77 steps=1538 succ10=0.90 touch10=0.90 col10=0.10 to10=0.00 min_d= 0.30 avg_spd=2.04m/s end=goal t= 6091.2s
[TRAIN][PPO] ep=351/500 r=  611.45 avg10=  574.34 steps=1542 succ10=0.90 touch10=0.90 col10=0.10 to10=0.00 min_d= 0.30 avg_spd=2.05m/s end=goal t= 6111.4s
[TRAIN][PPO] ep=352/500 r=  601.01 avg10=  574.53 steps=1515 succ10=0.90 touch10=0.90 col10=0.10 to10=0.00 min_d= 0.30 avg_spd=2.04m/s end=goal t= 6132.7s
[TRAIN][PPO] ep=353/500 r=  599.70 avg10=  575.05 steps=1513 succ10=0.90 touch10=0.90 col10=0.10 to10=0.00 min_d= 0.30 avg_spd=2.04m/s end=goal t= 6152.4s
[TRAIN][PPO] ep=354/500 r=  612.67 avg10=  574.88 steps=1548 succ10=0.90 touch10=0.90 col10=0.10 to10=0.00 min_d= 0.30 avg_spd=2.04m/s end=goal t= 6173.0s
[TRAIN][PPO] ep=355/500 r=  605.69 avg10=  605.07 steps=1516 succ10=1.00 touch10=1.00 col10=0.00 to10=0.00 min_d= 0.30 avg_spd=2.03m/s end=goal t= 6192.6s
[TRAIN][PPO] ep=356/500 r=  593.55 avg10=  604.13 steps=1491 succ10=1.00 touch10=1.00 col10=0.00 to10=0.00 min_d= 0.30 avg_spd=2.05m/s end=goal t= 6214.9s
[TRAIN][PPO] ep=357/500 r=  600.04 avg10=  603.37 steps=1505 succ10=1.00 touch10=1.00 col10=0.00 to10=0.00 min_d= 0.30 avg_spd=2.03m/s end=goal t= 6234.6s
[TRAIN][PPO] ep=358/500 r=  596.70 avg10=  603.28 steps=1494 succ10=1.00 touch10=1.00 col10=0.00 to10=0.00 min_d= 0.30 avg_spd=2.04m/s end=goal t= 6254.2s
[TRAIN][PPO] ep=359/500 r=  605.24 avg10=  603.43 steps=1532 succ10=1.00 touch10=1.00 col10=0.00 to10=0.00 min_d= 0.30 avg_spd=2.03m/s end=goal t= 6274.4s
[TRAIN][PPO] ep=360/500 r=  607.36 avg10=  603.34 steps=1527 succ10=1.00 touch10=1.00 col10=0.00 to10=0.00 min_d= 0.30 avg_spd=2.05m/s end=goal t= 6296.3s
[TRAIN][PPO] ep=361/500 r=  612.33 avg10=  603.43 steps=1538 succ10=1.00 touch10=1.00 col10=0.00 to10=0.00 min_d= 0.30 avg_spd=2.04m/s end=goal t= 6315.5s
[TRAIN][PPO] ep=362/500 r=  611.42 avg10=  604.47 steps=1529 succ10=1.00 touch10=1.00 col10=0.00 to10=0.00 min_d= 0.30 avg_spd=2.04m/s end=goal t= 6334.6s
[TRAIN][PPO] ep=363/500 r=  601.38 avg10=  604.64 steps=1532 succ10=1.00 touch10=1.00 col10=0.00 to10=0.00 min_d= 0.30 avg_spd=2.01m/s end=goal t= 6354.5s
[TRAIN][PPO] ep=364/500 r=  607.15 avg10=  604.09 steps=1523 succ10=1.00 touch10=1.00 col10=0.00 to10=0.00 min_d= 0.30 avg_spd=2.04m/s end=goal t= 6376.5s
[TRAIN][PPO] ep=365/500 r=  609.09 avg10=  604.43 steps=1527 succ10=1.00 touch10=1.00 col10=0.00 to10=0.00 min_d= 0.30 avg_spd=2.02m/s end=goal t= 6396.6s
[TRAIN][PPO] ep=366/500 r=  593.34 avg10=  604.41 steps=1490 succ10=1.00 touch10=1.00 col10=0.00 to10=0.00 min_d= 0.30 avg_spd=2.03m/s end=goal t= 6416.0s
[TRAIN][PPO] ep=367/500 r=  604.39 avg10=  604.84 steps=1509 succ10=1.00 touch10=1.00 col10=0.00 to10=0.00 min_d= 0.30 avg_spd=2.02m/s end=goal t= 6434.9s
[TRAIN][PPO] ep=368/500 r=  593.74 avg10=  604.54 steps=1499 succ10=1.00 touch10=1.00 col10=0.00 to10=0.00 min_d= 0.30 avg_spd=2.04m/s end=goal t= 6455.2s
[TRAIN][PPO] ep=369/500 r=  603.55 avg10=  604.38 steps=1534 succ10=1.00 touch10=1.00 col10=0.00 to10=0.00 min_d= 0.30 avg_spd=2.03m/s end=goal t= 6474.7s
[TRAIN][PPO] ep=370/500 r=  608.78 avg10=  604.52 steps=1526 succ10=1.00 touch10=1.00 col10=0.00 to10=0.00 min_d= 0.30 avg_spd=2.04m/s end=goal t= 6494.2s
[TRAIN][PPO] ep=371/500 r=  609.97 avg10=  604.28 steps=1529 succ10=1.00 touch10=1.00 col10=0.00 to10=0.00 min_d= 0.30 avg_spd=2.02m/s end=goal t= 6514.2s
[TRAIN][PPO] ep=372/500 r=  613.57 avg10=  604.50 steps=1536 succ10=1.00 touch10=1.00 col10=0.00 to10=0.00 min_d= 0.30 avg_spd=2.05m/s end=goal t= 6536.2s
[TRAIN][PPO] ep=373/500 r=  612.04 avg10=  605.56 steps=1545 succ10=1.00 touch10=1.00 col10=0.00 to10=0.00 min_d= 0.30 avg_spd=2.04m/s end=goal t= 6556.2s
[TRAIN][PPO] ep=374/500 r=  593.33 avg10=  604.18 steps=1481 succ10=1.00 touch10=1.00 col10=0.00 to10=0.00 min_d= 0.30 avg_spd=2.04m/s end=goal t= 6575.6s
[TRAIN][PPO] ep=375/500 r=  595.04 avg10=  602.78 steps=1488 succ10=1.00 touch10=1.00 col10=0.00 to10=0.00 min_d= 0.30 avg_spd=2.04m/s end=goal t= 6595.0s
[TRAIN][PPO] ep=376/500 r=  597.97 avg10=  603.24 steps=1489 succ10=1.00 touch10=1.00 col10=0.00 to10=0.00 min_d= 0.30 avg_spd=2.06m/s end=goal t= 6616.0s
[TRAIN][PPO] ep=377/500 r=  608.32 avg10=  603.63 steps=1524 succ10=1.00 touch10=1.00 col10=0.00 to10=0.00 min_d= 0.30 avg_spd=2.03m/s end=goal t= 6635.9s
[TRAIN][PPO] ep=378/500 r=  606.09 avg10=  604.87 steps=1541 succ10=1.00 touch10=1.00 col10=0.00 to10=0.00 min_d= 0.30 avg_spd=2.02m/s end=goal t= 6655.8s
[TRAIN][PPO] ep=379/500 r=  607.07 avg10=  605.22 steps=1537 succ10=1.00 touch10=1.00 col10=0.00 to10=0.00 min_d= 0.30 avg_spd=2.01m/s end=goal t= 6675.7s
[TRAIN][PPO] ep=380/500 r=  614.41 avg10=  605.78 steps=1540 succ10=1.00 touch10=1.00 col10=0.00 to10=0.00 min_d= 0.30 avg_spd=2.04m/s end=goal t= 6697.8s
[TRAIN][PPO] ep=381/500 r=  600.84 avg10=  604.87 steps=1508 succ10=1.00 touch10=1.00 col10=0.00 to10=0.00 min_d= 0.30 avg_spd=2.04m/s end=goal t= 6717.3s
[TRAIN][PPO] ep=382/500 r=  600.57 avg10=  603.57 steps=1509 succ10=1.00 touch10=1.00 col10=0.00 to10=0.00 min_d= 0.30 avg_spd=2.04m/s end=goal t= 6736.9s
[TRAIN][PPO] ep=383/500 r=  613.87 avg10=  603.75 steps=1552 succ10=1.00 touch10=1.00 col10=0.00 to10=0.00 min_d= 0.30 avg_spd=2.03m/s end=goal t= 6757.3s
[TRAIN][PPO] ep=384/500 r=  595.99 avg10=  604.02 steps=1489 succ10=1.00 touch10=1.00 col10=0.00 to10=0.00 min_d= 0.30 avg_spd=2.04m/s end=goal t= 6779.3s
[TRAIN][PPO] ep=385/500 r=  609.82 avg10=  605.49 steps=1539 succ10=1.00 touch10=1.00 col10=0.00 to10=0.00 min_d= 0.30 avg_spd=2.03m/s end=goal t= 6799.3s
[TRAIN][PPO] ep=386/500 r=  599.87 avg10=  605.69 steps=1505 succ10=1.00 touch10=1.00 col10=0.00 to10=0.00 min_d= 0.30 avg_spd=2.05m/s end=goal t= 6818.8s
[TRAIN][PPO] ep=387/500 r=  609.77 avg10=  605.83 steps=1522 succ10=1.00 touch10=1.00 col10=0.00 to10=0.00 min_d= 0.30 avg_spd=2.06m/s end=goal t= 6838.9s
[TRAIN][PPO] ep=388/500 r=  609.27 avg10=  606.15 steps=1536 succ10=1.00 touch10=1.00 col10=0.00 to10=0.00 min_d= 0.30 avg_spd=2.05m/s end=goal t= 6862.0s
[TRAIN][PPO] ep=389/500 r=  598.25 avg10=  605.27 steps=1505 succ10=1.00 touch10=1.00 col10=0.00 to10=0.00 min_d= 0.30 avg_spd=2.04m/s end=goal t= 6881.9s
[TRAIN][PPO] ep=390/500 r=  299.28 avg10=  573.75 steps=1088 succ10=0.90 touch10=0.90 col10=0.10 to10=0.00 min_d= 1.37 avg_spd=2.06m/s end=collision t= 6896.0s
[TRAIN][PPO] ep=391/500 r=  610.82 avg10=  574.75 steps=1541 succ10=0.90 touch10=0.90 col10=0.10 to10=0.00 min_d= 0.30 avg_spd=2.05m/s end=goal t= 6916.2s
[TRAIN][PPO] ep=392/500 r=  603.69 avg10=  575.06 steps=1517 succ10=0.90 touch10=0.90 col10=0.10 to10=0.00 min_d= 0.30 avg_spd=2.06m/s end=goal t= 6938.7s
[TRAIN][PPO] ep=393/500 r=  595.48 avg10=  573.22 steps=1493 succ10=0.90 touch10=0.90 col10=0.10 to10=0.00 min_d= 0.30 avg_spd=2.04m/s end=goal t= 6958.2s
[TRAIN][PPO] ep=394/500 r=  609.58 avg10=  574.58 steps=1542 succ10=0.90 touch10=0.90 col10=0.10 to10=0.00 min_d= 0.30 avg_spd=2.04m/s end=goal t= 6977.7s
[TRAIN][PPO] ep=395/500 r=  606.80 avg10=  574.28 steps=1544 succ10=0.90 touch10=0.90 col10=0.10 to10=0.00 min_d= 0.30 avg_spd=2.04m/s end=goal t= 6998.0s
[TRAIN][PPO] ep=396/500 r=  609.46 avg10=  575.24 steps=1549 succ10=0.90 touch10=0.90 col10=0.10 to10=0.00 min_d= 0.30 avg_spd=2.03m/s end=goal t= 7021.3s
[TRAIN][PPO] ep=397/500 r=  305.44 avg10=  544.81 steps=1121 succ10=0.80 touch10=0.80 col10=0.20 to10=0.00 min_d= 1.33 avg_spd=2.06m/s end=collision t= 7035.8s
[TRAIN][PPO] ep=398/500 r=  595.37 avg10=  543.42 steps=1491 succ10=0.80 touch10=0.80 col10=0.20 to10=0.00 min_d= 0.30 avg_spd=2.04m/s end=goal t= 7055.5s
[TRAIN][PPO] ep=399/500 r=  610.63 avg10=  544.65 steps=1543 succ10=0.80 touch10=0.80 col10=0.20 to10=0.00 min_d= 0.30 avg_spd=2.04m/s end=goal t= 7075.7s
[TRAIN][PPO] ep=400/500 r=  605.28 avg10=  575.25 steps=1543 succ10=0.90 touch10=0.90 col10=0.10 to10=0.00 min_d= 0.30 avg_spd=2.01m/s end=goal t= 7097.3s ckpt=latest
[TRAIN][PPO] ep=401/500 r=  601.69 avg10=  574.34 steps=1496 succ10=0.90 touch10=0.90 col10=0.10 to10=0.00 min_d= 0.30 avg_spd=2.05m/s end=goal t= 7116.8s
[TRAIN][PPO] ep=402/500 r=  602.66 avg10=  574.24 steps=1516 succ10=0.90 touch10=0.90 col10=0.10 to10=0.00 min_d= 0.30 avg_spd=2.06m/s end=goal t= 7136.4s
[TRAIN][PPO] ep=403/500 r=  590.21 avg10=  573.71 steps=1476 succ10=0.90 touch10=0.90 col10=0.10 to10=0.00 min_d= 0.30 avg_spd=2.05m/s end=goal t= 7155.6s
[TRAIN][PPO] ep=404/500 r=  606.14 avg10=  573.37 steps=1518 succ10=0.90 touch10=0.90 col10=0.10 to10=0.00 min_d= 0.30 avg_spd=2.06m/s end=goal t= 7177.5s
[TRAIN][PPO] ep=405/500 r=  600.13 avg10=  572.70 steps=1521 succ10=0.90 touch10=0.90 col10=0.10 to10=0.00 min_d= 0.30 avg_spd=2.04m/s end=goal t= 7197.0s
[TRAIN][PPO] ep=406/500 r=  590.62 avg10=  570.82 steps=1461 succ10=0.90 touch10=0.90 col10=0.10 to10=0.00 min_d= 0.30 avg_spd=2.06m/s end=goal t= 7215.7s
[TRAIN][PPO] ep=407/500 r=  605.26 avg10=  600.80 steps=1524 succ10=1.00 touch10=1.00 col10=0.00 to10=0.00 min_d= 0.30 avg_spd=2.04m/s end=goal t= 7234.7s
[TRAIN][PPO] ep=408/500 r=  598.98 avg10=  601.16 steps=1495 succ10=1.00 touch10=1.00 col10=0.00 to10=0.00 min_d= 0.30 avg_spd=2.06m/s end=goal t= 7255.4s
[TRAIN][PPO] ep=409/500 r=  597.94 avg10=  599.89 steps=1489 succ10=1.00 touch10=1.00 col10=0.00 to10=0.00 min_d= 0.30 avg_spd=2.04m/s end=goal t= 7274.3s
[TRAIN][PPO] ep=410/500 r=  612.22 avg10=  600.59 steps=1543 succ10=1.00 touch10=1.00 col10=0.00 to10=0.00 min_d= 0.30 avg_spd=2.03m/s end=goal t= 7294.2s
[TRAIN][PPO] ep=411/500 r=  587.94 avg10=  599.21 steps=1463 succ10=1.00 touch10=1.00 col10=0.00 to10=0.00 min_d= 0.30 avg_spd=2.07m/s end=goal t= 7313.1s
[TRAIN][PPO] ep=412/500 r=  594.58 avg10=  598.40 steps=1488 succ10=1.00 touch10=1.00 col10=0.00 to10=0.00 min_d= 0.30 avg_spd=2.04m/s end=goal t= 7335.1s
[TRAIN][PPO] ep=413/500 r=  610.76 avg10=  600.46 steps=1531 succ10=1.00 touch10=1.00 col10=0.00 to10=0.00 min_d= 0.30 avg_spd=2.06m/s end=goal t= 7354.8s
[TRAIN][PPO] ep=414/500 r=  612.21 avg10=  601.06 steps=1554 succ10=1.00 touch10=1.00 col10=0.00 to10=0.00 min_d= 0.30 avg_spd=2.03m/s end=goal t= 7374.6s
[TRAIN][PPO] ep=415/500 r=  601.30 avg10=  601.18 steps=1513 succ10=1.00 touch10=1.00 col10=0.00 to10=0.00 min_d= 0.30 avg_spd=2.04m/s end=goal t= 7393.5s
[TRAIN][PPO] ep=416/500 r=  601.03 avg10=  602.22 steps=1503 succ10=1.00 touch10=1.00 col10=0.00 to10=0.00 min_d= 0.30 avg_spd=2.05m/s end=goal t= 7415.5s
[TRAIN][PPO] ep=417/500 r=  591.61 avg10=  600.86 steps=1475 succ10=1.00 touch10=1.00 col10=0.00 to10=0.00 min_d= 0.30 avg_spd=2.06m/s end=goal t= 7434.3s
[TRAIN][PPO] ep=418/500 r=  609.69 avg10=  601.93 steps=1540 succ10=1.00 touch10=1.00 col10=0.00 to10=0.00 min_d= 0.30 avg_spd=2.03m/s end=goal t= 7454.0s
[TRAIN][PPO] ep=419/500 r=  605.35 avg10=  602.67 steps=1523 succ10=1.00 touch10=1.00 col10=0.00 to10=0.00 min_d= 0.30 avg_spd=2.05m/s end=goal t= 7474.1s
[TRAIN][PPO] ep=420/500 r=  609.88 avg10=  602.44 steps=1541 succ10=1.00 touch10=1.00 col10=0.00 to10=0.00 min_d= 0.30 avg_spd=2.05m/s end=goal t= 7496.0s
[TRAIN][PPO] ep=421/500 r=  607.54 avg10=  604.40 steps=1523 succ10=1.00 touch10=1.00 col10=0.00 to10=0.00 min_d= 0.30 avg_spd=2.02m/s end=goal t= 7516.2s
[TRAIN][PPO] ep=422/500 r=  600.55 avg10=  604.99 steps=1507 succ10=1.00 touch10=1.00 col10=0.00 to10=0.00 min_d= 0.30 avg_spd=2.04m/s end=goal t= 7536.0s
[TRAIN][PPO] ep=423/500 r=  599.19 avg10=  603.83 steps=1506 succ10=1.00 touch10=1.00 col10=0.00 to10=0.00 min_d= 0.30 avg_spd=2.03m/s end=goal t= 7555.5s
[TRAIN][PPO] ep=424/500 r=  608.88 avg10=  603.50 steps=1533 succ10=1.00 touch10=1.00 col10=0.00 to10=0.00 min_d= 0.30 avg_spd=2.04m/s end=goal t= 7577.0s
[TRAIN][PPO] ep=425/500 r=  604.09 avg10=  603.78 steps=1507 succ10=1.00 touch10=1.00 col10=0.00 to10=0.00 min_d= 0.30 avg_spd=2.05m/s end=goal t= 7596.6s
[TRAIN][PPO] ep=426/500 r=  615.65 avg10=  605.24 steps=1546 succ10=1.00 touch10=1.00 col10=0.00 to10=0.00 min_d= 0.30 avg_spd=2.03m/s end=goal t= 7616.7s
[TRAIN][PPO] ep=427/500 r=  594.93 avg10=  605.57 steps=1500 succ10=1.00 touch10=1.00 col10=0.00 to10=0.00 min_d= 0.30 avg_spd=2.06m/s end=goal t= 7636.5s
[TRAIN][PPO] ep=428/500 r=  600.92 avg10=  604.70 steps=1507 succ10=1.00 touch10=1.00 col10=0.00 to10=0.00 min_d= 0.30 avg_spd=2.04m/s end=goal t= 7657.7s
[TRAIN][PPO] ep=429/500 r=  609.15 avg10=  605.08 steps=1531 succ10=1.00 touch10=1.00 col10=0.00 to10=0.00 min_d= 0.30 avg_spd=2.05m/s end=goal t= 7677.7s
[TRAIN][PPO] ep=430/500 r=  586.16 avg10=  602.71 steps=1467 succ10=1.00 touch10=1.00 col10=0.00 to10=0.00 min_d= 0.30 avg_spd=2.07m/s end=goal t= 7696.8s
[TRAIN][PPO] ep=431/500 r=  601.98 avg10=  602.15 steps=1517 succ10=1.00 touch10=1.00 col10=0.00 to10=0.00 min_d= 0.30 avg_spd=2.03m/s end=goal t= 7716.8s
[TRAIN][PPO] ep=432/500 r=  605.79 avg10=  602.67 steps=1527 succ10=1.00 touch10=1.00 col10=0.00 to10=0.00 min_d= 0.30 avg_spd=2.04m/s end=goal t= 7739.4s
[TRAIN][PPO] ep=433/500 r=  604.58 avg10=  603.21 steps=1513 succ10=1.00 touch10=1.00 col10=0.00 to10=0.00 min_d= 0.30 avg_spd=2.07m/s end=goal t= 7759.3s
[TRAIN][PPO] ep=434/500 r=  597.00 avg10=  602.03 steps=1496 succ10=1.00 touch10=1.00 col10=0.00 to10=0.00 min_d= 0.30 avg_spd=2.05m/s end=goal t= 7778.9s
[TRAIN][PPO] ep=435/500 r=  602.22 avg10=  601.84 steps=1513 succ10=1.00 touch10=1.00 col10=0.00 to10=0.00 min_d= 0.30 avg_spd=2.06m/s end=goal t= 7798.4s
[TRAIN][PPO] ep=436/500 r=  600.31 avg10=  600.31 steps=1508 succ10=1.00 touch10=1.00 col10=0.00 to10=0.00 min_d= 0.30 avg_spd=2.06m/s end=goal t= 7820.2s
[TRAIN][PPO] ep=437/500 r=  609.89 avg10=  601.80 steps=1524 succ10=1.00 touch10=1.00 col10=0.00 to10=0.00 min_d= 0.30 avg_spd=2.04m/s end=goal t= 7840.0s
[TRAIN][PPO] ep=438/500 r=  603.07 avg10=  602.01 steps=1514 succ10=1.00 touch10=1.00 col10=0.00 to10=0.00 min_d= 0.30 avg_spd=2.06m/s end=goal t= 7859.7s
[TRAIN][PPO] ep=439/500 r=  603.52 avg10=  601.45 steps=1514 succ10=1.00 touch10=1.00 col10=0.00 to10=0.00 min_d= 0.30 avg_spd=2.03m/s end=goal t= 7879.3s
[TRAIN][PPO] ep=440/500 r=  599.74 avg10=  602.81 steps=1517 succ10=1.00 touch10=1.00 col10=0.00 to10=0.00 min_d= 0.30 avg_spd=2.04m/s end=goal t= 7901.1s
[TRAIN][PPO] ep=441/500 r=  605.94 avg10=  603.21 steps=1519 succ10=1.00 touch10=1.00 col10=0.00 to10=0.00 min_d= 0.30 avg_spd=2.06m/s end=goal t= 7921.0s
[TRAIN][PPO] ep=442/500 r=  594.39 avg10=  602.06 steps=1481 succ10=1.00 touch10=1.00 col10=0.00 to10=0.00 min_d= 0.30 avg_spd=2.04m/s end=goal t= 7940.3s
[TRAIN][PPO] ep=443/500 r=  610.79 avg10=  602.69 steps=1527 succ10=1.00 touch10=1.00 col10=0.00 to10=0.00 min_d= 0.30 avg_spd=2.05m/s end=goal t= 7960.1s
[TRAIN][PPO] ep=444/500 r=  610.68 avg10=  604.05 steps=1532 succ10=1.00 touch10=1.00 col10=0.00 to10=0.00 min_d= 0.30 avg_spd=2.05m/s end=goal t= 7981.7s
[TRAIN][PPO] ep=445/500 r=  603.22 avg10=  604.15 steps=1507 succ10=1.00 touch10=1.00 col10=0.00 to10=0.00 min_d= 0.30 avg_spd=2.06m/s end=goal t= 8001.2s
[TRAIN][PPO] ep=446/500 r=  601.53 avg10=  604.28 steps=1509 succ10=1.00 touch10=1.00 col10=0.00 to10=0.00 min_d= 0.30 avg_spd=2.06m/s end=goal t= 8020.9s
[TRAIN][PPO] ep=447/500 r=  596.65 avg10=  602.95 steps=1492 succ10=1.00 touch10=1.00 col10=0.00 to10=0.00 min_d= 0.30 avg_spd=2.05m/s end=goal t= 8040.2s
[TRAIN][PPO] ep=448/500 r=  600.46 avg10=  602.69 steps=1513 succ10=1.00 touch10=1.00 col10=0.00 to10=0.00 min_d= 0.30 avg_spd=2.04m/s end=goal t= 8061.7s
[TRAIN][PPO] ep=449/500 r=  593.82 avg10=  601.72 steps=1485 succ10=1.00 touch10=1.00 col10=0.00 to10=0.00 min_d= 0.30 avg_spd=2.04m/s end=goal t= 8081.3s
[TRAIN][PPO] ep=450/500 r=  607.06 avg10=  602.45 steps=1524 succ10=1.00 touch10=1.00 col10=0.00 to10=0.00 min_d= 0.30 avg_spd=2.06m/s end=goal t= 8101.1s
[TRAIN][PPO] ep=451/500 r=  613.06 avg10=  603.17 steps=1533 succ10=1.00 touch10=1.00 col10=0.00 to10=0.00 min_d= 0.30 avg_spd=2.05m/s end=goal t= 8121.1s
[TRAIN][PPO] ep=452/500 r=  595.82 avg10=  603.31 steps=1476 succ10=1.00 touch10=1.00 col10=0.00 to10=0.00 min_d= 0.30 avg_spd=2.06m/s end=goal t= 8142.0s
[TRAIN][PPO] ep=453/500 r=  594.90 avg10=  601.72 steps=1506 succ10=1.00 touch10=1.00 col10=0.00 to10=0.00 min_d= 0.30 avg_spd=2.05m/s end=goal t= 8161.6s
[TRAIN][PPO] ep=454/500 r=  616.14 avg10=  602.27 steps=1561 succ10=1.00 touch10=1.00 col10=0.00 to10=0.00 min_d= 0.30 avg_spd=2.03m/s end=goal t= 8181.5s
[TRAIN][PPO] ep=455/500 r=  601.47 avg10=  602.09 steps=1518 succ10=1.00 touch10=1.00 col10=0.00 to10=0.00 min_d= 0.30 avg_spd=2.03m/s end=goal t= 8201.5s
[TRAIN][PPO] ep=456/500 r=  598.66 avg10=  601.80 steps=1534 succ10=1.00 touch10=1.00 col10=0.00 to10=0.00 min_d= 0.30 avg_spd=2.01m/s end=goal t= 8223.4s
[TRAIN][PPO] ep=457/500 r=  609.28 avg10=  603.07 steps=1527 succ10=1.00 touch10=1.00 col10=0.00 to10=0.00 min_d= 0.30 avg_spd=2.05m/s end=goal t= 8243.2s
[TRAIN][PPO] ep=458/500 r=  611.83 avg10=  604.20 steps=1547 succ10=1.00 touch10=1.00 col10=0.00 to10=0.00 min_d= 0.30 avg_spd=2.04m/s end=goal t= 8263.4s
[TRAIN][PPO] ep=459/500 r=  594.52 avg10=  604.27 steps=1482 succ10=1.00 touch10=1.00 col10=0.00 to10=0.00 min_d= 0.30 avg_spd=2.05m/s end=goal t= 8282.8s
[TRAIN][PPO] ep=460/500 r=  601.95 avg10=  603.76 steps=1500 succ10=1.00 touch10=1.00 col10=0.00 to10=0.00 min_d= 0.30 avg_spd=2.06m/s end=goal t= 8304.1s
[TRAIN][PPO] ep=461/500 r=  589.58 avg10=  601.42 steps=1481 succ10=1.00 touch10=1.00 col10=0.00 to10=0.00 min_d= 0.30 avg_spd=2.05m/s end=goal t= 8323.4s
[TRAIN][PPO] ep=462/500 r=  605.08 avg10=  602.34 steps=1520 succ10=1.00 touch10=1.00 col10=0.00 to10=0.00 min_d= 0.30 avg_spd=2.03m/s end=goal t= 8343.3s
[TRAIN][PPO] ep=463/500 r=  587.80 avg10=  601.63 steps=1463 succ10=1.00 touch10=1.00 col10=0.00 to10=0.00 min_d= 0.30 avg_spd=2.08m/s end=goal t= 8362.3s
[TRAIN][PPO] ep=464/500 r=  594.10 avg10=  599.43 steps=1477 succ10=1.00 touch10=1.00 col10=0.00 to10=0.00 min_d= 0.30 avg_spd=2.06m/s end=goal t= 8385.0s
[TRAIN][PPO] ep=465/500 r=  591.77 avg10=  598.46 steps=1482 succ10=1.00 touch10=1.00 col10=0.00 to10=0.00 min_d= 0.30 avg_spd=2.05m/s end=goal t= 8404.1s
[TRAIN][PPO] ep=466/500 r=  589.25 avg10=  597.51 steps=1473 succ10=1.00 touch10=1.00 col10=0.00 to10=0.00 min_d= 0.30 avg_spd=2.06m/s end=goal t= 8423.5s
[TRAIN][PPO] ep=467/500 r=  603.26 avg10=  596.91 steps=1509 succ10=1.00 touch10=1.00 col10=0.00 to10=0.00 min_d= 0.30 avg_spd=2.05m/s end=goal t= 8443.2s
[TRAIN][PPO] ep=468/500 r=  593.66 avg10=  595.10 steps=1492 succ10=1.00 touch10=1.00 col10=0.00 to10=0.00 min_d= 0.30 avg_spd=2.07m/s end=goal t= 8464.3s
[TRAIN][PPO] ep=469/500 r=  599.84 avg10=  595.63 steps=1491 succ10=1.00 touch10=1.00 col10=0.00 to10=0.00 min_d= 0.30 avg_spd=2.08m/s end=goal t= 8483.5s
[TRAIN][PPO] ep=470/500 r=  599.65 avg10=  595.40 steps=1504 succ10=1.00 touch10=1.00 col10=0.00 to10=0.00 min_d= 0.30 avg_spd=2.06m/s end=goal t= 8503.2s
[TRAIN][PPO] ep=471/500 r=  592.60 avg10=  595.70 steps=1479 succ10=1.00 touch10=1.00 col10=0.00 to10=0.00 min_d= 0.30 avg_spd=2.05m/s end=goal t= 8522.5s
[TRAIN][PPO] ep=472/500 r=  589.03 avg10=  594.09 steps=1483 succ10=1.00 touch10=1.00 col10=0.00 to10=0.00 min_d= 0.30 avg_spd=2.05m/s end=goal t= 8544.1s
[TRAIN][PPO] ep=473/500 r=  609.70 avg10=  596.28 steps=1518 succ10=1.00 touch10=1.00 col10=0.00 to10=0.00 min_d= 0.30 avg_spd=2.06m/s end=goal t= 8563.6s
[TRAIN][PPO] ep=474/500 r=  608.39 avg10=  597.71 steps=1516 succ10=1.00 touch10=1.00 col10=0.00 to10=0.00 min_d= 0.30 avg_spd=2.06m/s end=goal t= 8583.1s
[TRAIN][PPO] ep=475/500 r=  588.78 avg10=  597.42 steps=1464 succ10=1.00 touch10=1.00 col10=0.00 to10=0.00 min_d= 0.30 avg_spd=2.06m/s end=goal t= 8602.0s
[TRAIN][PPO] ep=476/500 r=  598.31 avg10=  598.32 steps=1497 succ10=1.00 touch10=1.00 col10=0.00 to10=0.00 min_d= 0.30 avg_spd=2.06m/s end=goal t= 8623.2s
[TRAIN][PPO] ep=477/500 r=  593.95 avg10=  597.39 steps=1496 succ10=1.00 touch10=1.00 col10=0.00 to10=0.00 min_d= 0.30 avg_spd=2.06m/s end=goal t= 8642.4s
[TRAIN][PPO] ep=478/500 r=  284.81 avg10=  566.51 steps=1038 succ10=0.90 touch10=0.90 col10=0.10 to10=0.00 min_d= 1.35 avg_spd=2.08m/s end=collision t= 8655.8s
[TRAIN][PPO] ep=479/500 r=  615.92 avg10=  568.11 steps=1558 succ10=0.90 touch10=0.90 col10=0.10 to10=0.00 min_d= 0.30 avg_spd=2.03m/s end=goal t= 8676.1s
[TRAIN][PPO] ep=480/500 r=  610.36 avg10=  569.18 steps=1550 succ10=0.90 touch10=0.90 col10=0.10 to10=0.00 min_d= 0.30 avg_spd=2.03m/s end=goal t= 8698.1s
[TRAIN][PPO] ep=481/500 r=  595.47 avg10=  569.47 steps=1488 succ10=0.90 touch10=0.90 col10=0.10 to10=0.00 min_d= 0.30 avg_spd=2.04m/s end=goal t= 8717.0s
[TRAIN][PPO] ep=482/500 r=  291.19 avg10=  539.69 steps=1055 succ10=0.80 touch10=0.80 col10=0.20 to10=0.00 min_d= 1.34 avg_spd=2.09m/s end=collision t= 8730.5s
[TRAIN][PPO] ep=483/500 r=  607.05 avg10=  539.42 steps=1520 succ10=0.80 touch10=0.80 col10=0.20 to10=0.00 min_d= 0.30 avg_spd=2.06m/s end=goal t= 8750.1s
[TRAIN][PPO] ep=484/500 r=  608.20 avg10=  539.40 steps=1517 succ10=0.80 touch10=0.80 col10=0.20 to10=0.00 min_d= 0.30 avg_spd=2.06m/s end=goal t= 8771.4s
[TRAIN][PPO] ep=485/500 r=  591.14 avg10=  539.64 steps=1477 succ10=0.80 touch10=0.80 col10=0.20 to10=0.00 min_d= 0.30 avg_spd=2.08m/s end=goal t= 8790.5s
[TRAIN][PPO] ep=486/500 r=  595.68 avg10=  539.38 steps=1474 succ10=0.80 touch10=0.80 col10=0.20 to10=0.00 min_d= 0.30 avg_spd=2.07m/s end=goal t= 8809.2s
[TRAIN][PPO] ep=487/500 r=  588.01 avg10=  538.78 steps=1478 succ10=0.80 touch10=0.80 col10=0.20 to10=0.00 min_d= 0.30 avg_spd=2.06m/s end=goal t= 8828.4s
[TRAIN][PPO] ep=488/500 r=  599.02 avg10=  570.21 steps=1497 succ10=0.90 touch10=0.90 col10=0.10 to10=0.00 min_d= 0.30 avg_spd=2.08m/s end=goal t= 8849.8s
[TRAIN][PPO] ep=489/500 r=  610.17 avg10=  569.63 steps=1535 succ10=0.90 touch10=0.90 col10=0.10 to10=0.00 min_d= 0.30 avg_spd=2.05m/s end=goal t= 8869.4s
[TRAIN][PPO] ep=490/500 r=  599.46 avg10=  568.54 steps=1497 succ10=0.90 touch10=0.90 col10=0.10 to10=0.00 min_d= 0.30 avg_spd=2.08m/s end=goal t= 8888.8s
[TRAIN][PPO] ep=491/500 r=  598.67 avg10=  568.86 steps=1491 succ10=0.90 touch10=0.90 col10=0.10 to10=0.00 min_d= 0.30 avg_spd=2.08m/s end=goal t= 8908.2s
[TRAIN][PPO] ep=492/500 r=  596.50 avg10=  599.39 steps=1487 succ10=1.00 touch10=1.00 col10=0.00 to10=0.00 min_d= 0.30 avg_spd=2.06m/s end=goal t= 8930.5s
[TRAIN][PPO] ep=493/500 r=  596.72 avg10=  598.36 steps=1487 succ10=1.00 touch10=1.00 col10=0.00 to10=0.00 min_d= 0.30 avg_spd=2.08m/s end=goal t= 8950.0s
[TRAIN][PPO] ep=494/500 r=  593.58 avg10=  596.90 steps=1501 succ10=1.00 touch10=1.00 col10=0.00 to10=0.00 min_d= 0.30 avg_spd=2.05m/s end=goal t= 8969.3s
[TRAIN][PPO] ep=495/500 r=  608.83 avg10=  598.66 steps=1546 succ10=1.00 touch10=1.00 col10=0.00 to10=0.00 min_d= 0.30 avg_spd=2.04m/s end=goal t= 8989.4s
[TRAIN][PPO] ep=496/500 r=  604.46 avg10=  599.54 steps=1502 succ10=1.00 touch10=1.00 col10=0.00 to10=0.00 min_d= 0.30 avg_spd=2.06m/s end=goal t= 9010.4s
[TRAIN][PPO] ep=497/500 r=  603.64 avg10=  601.10 steps=1507 succ10=1.00 touch10=1.00 col10=0.00 to10=0.00 min_d= 0.30 avg_spd=2.07m/s end=goal t= 9029.6s
[TRAIN][PPO] ep=498/500 r=  592.35 avg10=  600.44 steps=1492 succ10=1.00 touch10=1.00 col10=0.00 to10=0.00 min_d= 0.30 avg_spd=2.05m/s end=goal t= 9048.4s
[TRAIN][PPO] ep=499/500 r=  599.82 avg10=  599.40 steps=1515 succ10=1.00 touch10=1.00 col10=0.00 to10=0.00 min_d= 0.30 avg_spd=2.05m/s end=goal t= 9067.4s
INFO: PPO: Terminating.
[RUN] completed stage checkpoint=/uio/hume/student-u79/esbrovol/fys5429/DRL-Obstacle-Avoidance/controllers/PPO/checkpoints/20260525_141956_gru_seed01_stage05_train_5_goal_shift_pos/final_20260525_141956_gru_seed01_stage05_train_5_goal_shift_pos.pth
[RUN] arch=gru seed=1 stage=6/10 world=/uio/hume/student-u79/esbrovol/fys5429/DRL-Obstacle-Avoidance/worlds/training/train_6_goal_shift_neg.wbt
[RUN] resuming from /uio/hume/student-u79/esbrovol/fys5429/DRL-Obstacle-Avoidance/controllers/PPO/checkpoints/20260525_141956_gru_seed01_stage05_train_5_goal_shift_pos/final_20260525_141956_gru_seed01_stage05_train_5_goal_shift_pos.pth
INFO: PPO: Starting controller: python3 -u PPO.py
[PPO] Using architecture: GRU
[PPO] Loaded architecture: GRU
[TRAIN][PPO] arch=GRU weights_dir=/uio/hume/student-u79/esbrovol/fys5429/DRL-Obstacle-Avoidance/controllers/PPO/checkpoints/20260525_141956_gru_seed01_stage06_train_6_goal_shift_neg final=/uio/hume/student-u79/esbrovol/fys5429/DRL-Obstacle-Avoidance/controllers/PPO/checkpoints/20260525_141956_gru_seed01_stage06_train_6_goal_shift_neg/final_20260525_141956_gru_seed01_stage06_train_6_goal_shift_neg.pth
[TRAIN][PPO] episodes=500 update_every=4 obs=31 act=2 cell=GRU seq=32 burn_in=8
[TRAIN][PPO] ep=001/500 r=  -28.83 avg10=  -28.83 steps=  96 succ10=0.00 touch10=0.00 col10=1.00 to10=0.00 min_d= 3.82 avg_spd=2.06m/s end=collision t=    1.6s ckpt=best
[TRAIN][PPO] ep=002/500 r=  606.52 avg10=  288.85 steps=1436 succ10=0.50 touch10=0.50 col10=0.50 to10=0.00 min_d= 0.30 avg_spd=2.09m/s end=goal t=   19.4s ckpt=best_goal
[TRAIN][PPO] ep=003/500 r=  603.31 avg10=  393.67 steps=1430 succ10=0.67 touch10=0.67 col10=0.33 to10=0.00 min_d= 0.30 avg_spd=2.08m/s end=goal t=   37.2s
[TRAIN][PPO] ep=004/500 r=  -27.62 avg10=  288.35 steps= 112 succ10=0.50 touch10=0.50 col10=0.50 to10=0.00 min_d= 3.82 avg_spd=2.11m/s end=collision t=   40.0s
[TRAIN][PPO] ep=005/500 r=    7.08 avg10=  232.09 steps= 170 succ10=0.40 touch10=0.40 col10=0.60 to10=0.00 min_d= 3.51 avg_spd=2.04m/s end=collision t=   42.1s
[TRAIN][PPO] ep=006/500 r=  612.21 avg10=  295.45 steps=1460 succ10=0.50 touch10=0.50 col10=0.50 to10=0.00 min_d= 0.30 avg_spd=2.07m/s end=goal t=   60.2s ckpt=best_goal
[TRAIN][PPO] ep=007/500 r=  593.24 avg10=  337.99 steps=1403 succ10=0.57 touch10=0.57 col10=0.43 to10=0.00 min_d= 0.30 avg_spd=2.08m/s end=goal t=   77.2s
[TRAIN][PPO] ep=008/500 r=  597.11 avg10=  370.38 steps=1418 succ10=0.62 touch10=0.62 col10=0.38 to10=0.00 min_d= 0.30 avg_spd=2.07m/s end=goal t=   95.6s
[TRAIN][PPO] ep=009/500 r=  613.24 avg10=  397.36 steps=1465 succ10=0.67 touch10=0.67 col10=0.33 to10=0.00 min_d= 0.30 avg_spd=2.07m/s end=goal t=  113.6s ckpt=best_goal
[TRAIN][PPO] ep=010/500 r=  613.78 avg10=  419.00 steps=1480 succ10=0.70 touch10=0.70 col10=0.30 to10=0.00 min_d= 0.30 avg_spd=2.06m/s end=goal t=  132.3s ckpt=best_goal
[TRAIN][PPO] ep=011/500 r=  605.82 avg10=  482.47 steps=1437 succ10=0.80 touch10=0.80 col10=0.20 to10=0.00 min_d= 0.30 avg_spd=2.07m/s end=goal t=  150.2s
[TRAIN][PPO] ep=012/500 r=  -34.31 avg10=  418.39 steps=  87 succ10=0.70 touch10=0.70 col10=0.30 to10=0.00 min_d= 3.81 avg_spd=2.06m/s end=collision t=  152.8s
[TRAIN][PPO] ep=013/500 r=  605.04 avg10=  418.56 steps=1440 succ10=0.70 touch10=0.70 col10=0.30 to10=0.00 min_d= 0.30 avg_spd=2.05m/s end=goal t=  170.8s
[TRAIN][PPO] ep=014/500 r=  -28.84 avg10=  418.44 steps=  90 succ10=0.70 touch10=0.70 col10=0.30 to10=0.00 min_d= 3.83 avg_spd=2.09m/s end=collision t=  172.0s
[TRAIN][PPO] ep=015/500 r=  602.32 avg10=  477.96 steps=1427 succ10=0.80 touch10=0.80 col10=0.20 to10=0.00 min_d= 0.30 avg_spd=2.09m/s end=goal t=  190.1s
[TRAIN][PPO] ep=016/500 r=  -28.83 avg10=  413.86 steps= 122 succ10=0.70 touch10=0.70 col10=0.30 to10=0.00 min_d= 3.80 avg_spd=2.07m/s end=collision t=  192.7s
[TRAIN][PPO] ep=017/500 r=  -37.69 avg10=  350.76 steps=  40 succ10=0.60 touch10=0.60 col10=0.40 to10=0.00 min_d= 3.84 avg_spd=2.04m/s end=collision t=  193.2s
[TRAIN][PPO] ep=018/500 r=  604.97 avg10=  351.55 steps=1438 succ10=0.60 touch10=0.60 col10=0.40 to10=0.00 min_d= 0.30 avg_spd=2.07m/s end=goal t=  211.7s
[TRAIN][PPO] ep=019/500 r=  610.85 avg10=  351.31 steps=1453 succ10=0.60 touch10=0.60 col10=0.40 to10=0.00 min_d= 0.30 avg_spd=2.08m/s end=goal t=  229.7s
[TRAIN][PPO] ep=020/500 r=  612.03 avg10=  351.14 steps=1453 succ10=0.60 touch10=0.60 col10=0.40 to10=0.00 min_d= 0.30 avg_spd=2.08m/s end=goal t=  249.4s
[TRAIN][PPO] ep=021/500 r=  609.71 avg10=  351.53 steps=1454 succ10=0.60 touch10=0.60 col10=0.40 to10=0.00 min_d= 0.30 avg_spd=2.05m/s end=goal t=  267.9s
[TRAIN][PPO] ep=022/500 r=  600.52 avg10=  415.01 steps=1438 succ10=0.70 touch10=0.70 col10=0.30 to10=0.00 min_d= 0.30 avg_spd=2.07m/s end=goal t=  286.4s
[TRAIN][PPO] ep=023/500 r=  603.95 avg10=  414.90 steps=1440 succ10=0.70 touch10=0.70 col10=0.30 to10=0.00 min_d= 0.30 avg_spd=2.07m/s end=goal t=  304.6s
[TRAIN][PPO] ep=024/500 r=  606.00 avg10=  478.38 steps=1438 succ10=0.80 touch10=0.80 col10=0.20 to10=0.00 min_d= 0.30 avg_spd=2.10m/s end=goal t=  324.6s
[TRAIN][PPO] ep=025/500 r=  609.69 avg10=  479.12 steps=1452 succ10=0.80 touch10=0.80 col10=0.20 to10=0.00 min_d= 0.30 avg_spd=2.08m/s end=goal t=  343.0s
[TRAIN][PPO] ep=026/500 r=  600.58 avg10=  542.06 steps=1434 succ10=0.90 touch10=0.90 col10=0.10 to10=0.00 min_d= 0.30 avg_spd=2.06m/s end=goal t=  360.7s
[TRAIN][PPO] ep=027/500 r=  602.22 avg10=  606.05 steps=1427 succ10=1.00 touch10=1.00 col10=0.00 to10=0.00 min_d= 0.30 avg_spd=2.07m/s end=goal t=  378.8s
[TRAIN][PPO] ep=028/500 r=  610.20 avg10=  606.58 steps=1450 succ10=1.00 touch10=1.00 col10=0.00 to10=0.00 min_d= 0.30 avg_spd=2.08m/s end=goal t=  399.4s
[TRAIN][PPO] ep=029/500 r=  593.68 avg10=  604.86 steps=1405 succ10=1.00 touch10=1.00 col10=0.00 to10=0.00 min_d= 0.30 avg_spd=2.08m/s end=goal t=  417.5s
[TRAIN][PPO] ep=030/500 r=  611.99 avg10=  604.86 steps=1456 succ10=1.00 touch10=1.00 col10=0.00 to10=0.00 min_d= 0.30 avg_spd=2.08m/s end=goal t=  435.8s
[TRAIN][PPO] ep=031/500 r=    7.64 avg10=  544.65 steps= 176 succ10=0.90 touch10=0.90 col10=0.10 to10=0.00 min_d= 3.52 avg_spd=2.03m/s end=collision t=  438.1s
[TRAIN][PPO] ep=032/500 r=  -40.45 avg10=  480.55 steps=  49 succ10=0.80 touch10=0.80 col10=0.20 to10=0.00 min_d= 3.82 avg_spd=2.00m/s end=collision t=  439.8s
[TRAIN][PPO] ep=033/500 r=    6.36 avg10=  420.79 steps= 168 succ10=0.70 touch10=0.70 col10=0.30 to10=0.00 min_d= 3.51 avg_spd=2.09m/s end=collision t=  442.0s
[TRAIN][PPO] ep=034/500 r=  600.51 avg10=  420.24 steps=1441 succ10=0.70 touch10=0.70 col10=0.30 to10=0.00 min_d= 0.30 avg_spd=2.05m/s end=goal t=  460.2s
[TRAIN][PPO] ep=035/500 r=  605.48 avg10=  419.82 steps=1455 succ10=0.70 touch10=0.70 col10=0.30 to10=0.00 min_d= 0.30 avg_spd=2.05m/s end=goal t=  479.2s
[TRAIN][PPO] ep=036/500 r=  605.63 avg10=  420.33 steps=1443 succ10=0.70 touch10=0.70 col10=0.30 to10=0.00 min_d= 0.30 avg_spd=2.05m/s end=goal t=  500.4s
[TRAIN][PPO] ep=037/500 r=  613.38 avg10=  421.44 steps=1466 succ10=0.70 touch10=0.70 col10=0.30 to10=0.00 min_d= 0.30 avg_spd=2.07m/s end=goal t=  519.4s
[TRAIN][PPO] ep=038/500 r=  612.09 avg10=  421.63 steps=1461 succ10=0.70 touch10=0.70 col10=0.30 to10=0.00 min_d= 0.30 avg_spd=2.08m/s end=goal t=  537.9s
[TRAIN][PPO] ep=039/500 r=  602.26 avg10=  422.49 steps=1437 succ10=0.70 touch10=0.70 col10=0.30 to10=0.00 min_d= 0.30 avg_spd=2.05m/s end=goal t=  556.2s
[TRAIN][PPO] ep=040/500 r=  -25.18 avg10=  358.77 steps= 116 succ10=0.60 touch10=0.60 col10=0.40 to10=0.00 min_d= 3.82 avg_spd=2.06m/s end=collision t=  559.3s
[TRAIN][PPO] ep=041/500 r=  607.80 avg10=  418.79 steps=1453 succ10=0.70 touch10=0.70 col10=0.30 to10=0.00 min_d= 0.30 avg_spd=2.08m/s end=goal t=  577.8s
[TRAIN][PPO] ep=042/500 r=  603.61 avg10=  483.19 steps=1445 succ10=0.80 touch10=0.80 col10=0.20 to10=0.00 min_d= 0.30 avg_spd=2.07m/s end=goal t=  596.4s
[TRAIN][PPO] ep=043/500 r=  610.87 avg10=  543.65 steps=1480 succ10=0.90 touch10=0.90 col10=0.10 to10=0.00 min_d= 0.30 avg_spd=2.05m/s end=goal t=  615.6s
[TRAIN][PPO] ep=044/500 r=   11.74 avg10=  484.77 steps= 190 succ10=0.80 touch10=0.80 col10=0.20 to10=0.00 min_d= 3.49 avg_spd=2.01m/s end=collision t=  619.7s
[TRAIN][PPO] ep=045/500 r=  609.62 avg10=  485.18 steps=1456 succ10=0.80 touch10=0.80 col10=0.20 to10=0.00 min_d= 0.30 avg_spd=2.08m/s end=goal t=  638.3s
[TRAIN][PPO] ep=046/500 r=  593.67 avg10=  483.99 steps=1402 succ10=0.80 touch10=0.80 col10=0.20 to10=0.00 min_d= 0.30 avg_spd=2.09m/s end=goal t=  656.5s
[TRAIN][PPO] ep=047/500 r=  -24.53 avg10=  420.20 steps= 121 succ10=0.70 touch10=0.70 col10=0.30 to10=0.00 min_d= 3.81 avg_spd=1.99m/s end=collision t=  658.1s
[TRAIN][PPO] ep=048/500 r=  -26.97 avg10=  356.29 steps=  73 succ10=0.60 touch10=0.60 col10=0.40 to10=0.00 min_d= 3.85 avg_spd=2.07m/s end=collision t=  660.1s
[TRAIN][PPO] ep=049/500 r=  -34.76 avg10=  292.59 steps= 121 succ10=0.50 touch10=0.50 col10=0.50 to10=0.00 min_d= 3.79 avg_spd=1.96m/s end=collision t=  661.7s
[TRAIN][PPO] ep=050/500 r=  611.57 avg10=  356.26 steps=1462 succ10=0.60 touch10=0.60 col10=0.40 to10=0.00 min_d= 0.30 avg_spd=2.08m/s end=goal t=  680.4s
[TRAIN][PPO] ep=051/500 r=  609.17 avg10=  356.40 steps=1457 succ10=0.60 touch10=0.60 col10=0.40 to10=0.00 min_d= 0.30 avg_spd=2.08m/s end=goal t=  699.2s
[TRAIN][PPO] ep=052/500 r=  613.42 avg10=  357.38 steps=1489 succ10=0.60 touch10=0.60 col10=0.40 to10=0.00 min_d= 0.30 avg_spd=2.05m/s end=goal t=  719.8s
[TRAIN][PPO] ep=053/500 r=  597.61 avg10=  356.05 steps=1421 succ10=0.60 touch10=0.60 col10=0.40 to10=0.00 min_d= 0.30 avg_spd=2.06m/s end=goal t=  737.9s
[TRAIN][PPO] ep=054/500 r=  605.76 avg10=  415.46 steps=1449 succ10=0.70 touch10=0.70 col10=0.30 to10=0.00 min_d= 0.30 avg_spd=2.06m/s end=goal t=  756.3s
[TRAIN][PPO] ep=055/500 r=  616.57 avg10=  416.15 steps=1472 succ10=0.70 touch10=0.70 col10=0.30 to10=0.00 min_d= 0.30 avg_spd=2.06m/s end=goal t=  774.5s ckpt=best_goal
[TRAIN][PPO] ep=056/500 r=  609.52 avg10=  417.74 steps=1449 succ10=0.70 touch10=0.70 col10=0.30 to10=0.00 min_d= 0.30 avg_spd=2.04m/s end=goal t=  794.8s
[TRAIN][PPO] ep=057/500 r=  593.51 avg10=  479.54 steps=1407 succ10=0.80 touch10=0.80 col10=0.20 to10=0.00 min_d= 0.30 avg_spd=2.08m/s end=goal t=  812.5s
[TRAIN][PPO] ep=058/500 r=  601.85 avg10=  542.42 steps=1438 succ10=0.90 touch10=0.90 col10=0.10 to10=0.00 min_d= 0.30 avg_spd=2.08m/s end=goal t=  830.9s
[TRAIN][PPO] ep=059/500 r=  612.26 avg10=  607.12 steps=1467 succ10=1.00 touch10=1.00 col10=0.00 to10=0.00 min_d= 0.30 avg_spd=2.06m/s end=goal t=  849.3s
[TRAIN][PPO] ep=060/500 r=  602.68 avg10=  606.23 steps=1434 succ10=1.00 touch10=1.00 col10=0.00 to10=0.00 min_d= 0.30 avg_spd=2.07m/s end=goal t=  867.9s
[TRAIN][PPO] ep=061/500 r=  616.89 avg10=  607.01 steps=1487 succ10=1.00 touch10=1.00 col10=0.00 to10=0.00 min_d= 0.30 avg_spd=2.05m/s end=goal t=  886.5s ckpt=best_goal
[TRAIN][PPO] ep=062/500 r=  610.62 avg10=  606.73 steps=1457 succ10=1.00 touch10=1.00 col10=0.00 to10=0.00 min_d= 0.30 avg_spd=2.07m/s end=goal t=  904.9s
[TRAIN][PPO] ep=063/500 r=  -42.29 avg10=  542.74 steps=  34 succ10=0.90 touch10=0.90 col10=0.10 to10=0.00 min_d= 3.83 avg_spd=2.14m/s end=collision t=  905.4s
[TRAIN][PPO] ep=064/500 r=  603.07 avg10=  542.47 steps=1451 succ10=0.90 touch10=0.90 col10=0.10 to10=0.00 min_d= 0.30 avg_spd=2.05m/s end=goal t=  926.0s
[TRAIN][PPO] ep=065/500 r=  -43.77 avg10=  476.43 steps=  22 succ10=0.80 touch10=0.80 col10=0.20 to10=0.00 min_d= 3.85 avg_spd=1.98m/s end=collision t=  926.3s
[TRAIN][PPO] ep=066/500 r=  601.74 avg10=  475.66 steps=1453 succ10=0.80 touch10=0.80 col10=0.20 to10=0.00 min_d= 0.30 avg_spd=2.06m/s end=goal t=  944.9s
[TRAIN][PPO] ep=067/500 r=  603.50 avg10=  476.65 steps=1441 succ10=0.80 touch10=0.80 col10=0.20 to10=0.00 min_d= 0.30 avg_spd=2.08m/s end=goal t=  963.0s
[TRAIN][PPO] ep=068/500 r=  605.67 avg10=  477.04 steps=1432 succ10=0.80 touch10=0.80 col10=0.20 to10=0.00 min_d= 0.30 avg_spd=2.08m/s end=goal t=  982.9s
[TRAIN][PPO] ep=069/500 r=  606.44 avg10=  476.45 steps=1464 succ10=0.80 touch10=0.80 col10=0.20 to10=0.00 min_d= 0.30 avg_spd=2.05m/s end=goal t= 1001.2s
[TRAIN][PPO] ep=070/500 r=  609.05 avg10=  477.09 steps=1462 succ10=0.80 touch10=0.80 col10=0.20 to10=0.00 min_d= 0.30 avg_spd=2.06m/s end=goal t= 1019.1s
[TRAIN][PPO] ep=071/500 r=  608.48 avg10=  476.25 steps=1447 succ10=0.80 touch10=0.80 col10=0.20 to10=0.00 min_d= 0.30 avg_spd=2.09m/s end=goal t= 1037.3s
[TRAIN][PPO] ep=072/500 r=  615.86 avg10=  476.77 steps=1483 succ10=0.80 touch10=0.80 col10=0.20 to10=0.00 min_d= 0.30 avg_spd=2.06m/s end=goal t= 1058.5s
[TRAIN][PPO] ep=073/500 r=  612.81 avg10=  542.29 steps=1461 succ10=0.90 touch10=0.90 col10=0.10 to10=0.00 min_d= 0.30 avg_spd=2.08m/s end=goal t= 1077.4s
[TRAIN][PPO] ep=074/500 r=  610.74 avg10=  543.05 steps=1453 succ10=0.90 touch10=0.90 col10=0.10 to10=0.00 min_d= 0.30 avg_spd=2.08m/s end=goal t= 1095.6s
[TRAIN][PPO] ep=075/500 r=  596.58 avg10=  607.09 steps=1429 succ10=1.00 touch10=1.00 col10=0.00 to10=0.00 min_d= 0.30 avg_spd=2.06m/s end=goal t= 1113.8s
[TRAIN][PPO] ep=076/500 r=  599.70 avg10=  606.88 steps=1420 succ10=1.00 touch10=1.00 col10=0.00 to10=0.00 min_d= 0.30 avg_spd=2.06m/s end=goal t= 1133.6s
[TRAIN][PPO] ep=077/500 r=  599.90 avg10=  606.52 steps=1419 succ10=1.00 touch10=1.00 col10=0.00 to10=0.00 min_d= 0.30 avg_spd=2.09m/s end=goal t= 1151.4s
[TRAIN][PPO] ep=078/500 r=  -31.89 avg10=  542.77 steps= 105 succ10=0.90 touch10=0.90 col10=0.10 to10=0.00 min_d= 3.81 avg_spd=2.07m/s end=collision t= 1152.8s
[TRAIN][PPO] ep=079/500 r=  601.38 avg10=  542.26 steps=1444 succ10=0.90 touch10=0.90 col10=0.10 to10=0.00 min_d= 0.30 avg_spd=2.07m/s end=goal t= 1171.3s
[TRAIN][PPO] ep=080/500 r=  607.84 avg10=  542.14 steps=1451 succ10=0.90 touch10=0.90 col10=0.10 to10=0.00 min_d= 0.30 avg_spd=2.07m/s end=goal t= 1191.6s
[TRAIN][PPO] ep=081/500 r=  610.09 avg10=  542.30 steps=1452 succ10=0.90 touch10=0.90 col10=0.10 to10=0.00 min_d= 0.30 avg_spd=2.08m/s end=goal t= 1210.4s
[TRAIN][PPO] ep=082/500 r=  613.04 avg10=  542.02 steps=1459 succ10=0.90 touch10=0.90 col10=0.10 to10=0.00 min_d= 0.30 avg_spd=2.08m/s end=goal t= 1229.0s
[TRAIN][PPO] ep=083/500 r=  593.55 avg10=  540.09 steps=1423 succ10=0.90 touch10=0.90 col10=0.10 to10=0.00 min_d= 0.30 avg_spd=2.06m/s end=goal t= 1247.3s
[TRAIN][PPO] ep=084/500 r=  601.05 avg10=  539.12 steps=1424 succ10=0.90 touch10=0.90 col10=0.10 to10=0.00 min_d= 0.30 avg_spd=2.10m/s end=goal t= 1266.8s
[TRAIN][PPO] ep=085/500 r=  595.36 avg10=  539.00 steps=1415 succ10=0.90 touch10=0.90 col10=0.10 to10=0.00 min_d= 0.30 avg_spd=2.08m/s end=goal t= 1284.3s
[TRAIN][PPO] ep=086/500 r=  607.92 avg10=  539.82 steps=1450 succ10=0.90 touch10=0.90 col10=0.10 to10=0.00 min_d= 0.30 avg_spd=2.08m/s end=goal t= 1302.7s
[TRAIN][PPO] ep=087/500 r=  600.95 avg10=  539.93 steps=1425 succ10=0.90 touch10=0.90 col10=0.10 to10=0.00 min_d= 0.30 avg_spd=2.06m/s end=goal t= 1320.5s
[TRAIN][PPO] ep=088/500 r=  599.69 avg10=  603.09 steps=1420 succ10=1.00 touch10=1.00 col10=0.00 to10=0.00 min_d= 0.30 avg_spd=2.06m/s end=goal t= 1340.4s
[TRAIN][PPO] ep=089/500 r=  604.50 avg10=  603.40 steps=1435 succ10=1.00 touch10=1.00 col10=0.00 to10=0.00 min_d= 0.30 avg_spd=2.08m/s end=goal t= 1358.9s
[TRAIN][PPO] ep=090/500 r=  604.87 avg10=  603.10 steps=1440 succ10=1.00 touch10=1.00 col10=0.00 to10=0.00 min_d= 0.30 avg_spd=2.08m/s end=goal t= 1377.7s
[TRAIN][PPO] ep=091/500 r=  606.94 avg10=  602.79 steps=1449 succ10=1.00 touch10=1.00 col10=0.00 to10=0.00 min_d= 0.30 avg_spd=2.07m/s end=goal t= 1396.2s
[TRAIN][PPO] ep=092/500 r=  612.57 avg10=  602.74 steps=1459 succ10=1.00 touch10=1.00 col10=0.00 to10=0.00 min_d= 0.30 avg_spd=2.07m/s end=goal t= 1416.3s
[TRAIN][PPO] ep=093/500 r=  600.31 avg10=  603.41 steps=1445 succ10=1.00 touch10=1.00 col10=0.00 to10=0.00 min_d= 0.30 avg_spd=2.06m/s end=goal t= 1435.0s
[TRAIN][PPO] ep=094/500 r=  603.85 avg10=  603.69 steps=1437 succ10=1.00 touch10=1.00 col10=0.00 to10=0.00 min_d= 0.30 avg_spd=2.06m/s end=goal t= 1453.4s
[TRAIN][PPO] ep=095/500 r=  598.66 avg10=  604.03 steps=1426 succ10=1.00 touch10=1.00 col10=0.00 to10=0.00 min_d= 0.30 avg_spd=2.07m/s end=goal t= 1471.6s
[TRAIN][PPO] ep=096/500 r=  604.76 avg10=  603.71 steps=1440 succ10=1.00 touch10=1.00 col10=0.00 to10=0.00 min_d= 0.30 avg_spd=2.07m/s end=goal t= 1491.7s
[TRAIN][PPO] ep=097/500 r=  600.14 avg10=  603.63 steps=1429 succ10=1.00 touch10=1.00 col10=0.00 to10=0.00 min_d= 0.30 avg_spd=2.07m/s end=goal t= 1510.1s
[TRAIN][PPO] ep=098/500 r=  609.69 avg10=  604.63 steps=1452 succ10=1.00 touch10=1.00 col10=0.00 to10=0.00 min_d= 0.30 avg_spd=2.06m/s end=goal t= 1528.8s
[TRAIN][PPO] ep=099/500 r=  617.46 avg10=  605.93 steps=1478 succ10=1.00 touch10=1.00 col10=0.00 to10=0.00 min_d= 0.30 avg_spd=2.06m/s end=goal t= 1547.8s ckpt=best_goal
[TRAIN][PPO] ep=100/500 r=  597.06 avg10=  605.14 steps=1420 succ10=1.00 touch10=1.00 col10=0.00 to10=0.00 min_d= 0.30 avg_spd=2.08m/s end=goal t= 1567.4s ckpt=latest
[TRAIN][PPO] ep=101/500 r=  602.32 avg10=  604.68 steps=1428 succ10=1.00 touch10=1.00 col10=0.00 to10=0.00 min_d= 0.30 avg_spd=2.07m/s end=goal t= 1585.7s
[TRAIN][PPO] ep=102/500 r=  607.34 avg10=  604.16 steps=1445 succ10=1.00 touch10=1.00 col10=0.00 to10=0.00 min_d= 0.30 avg_spd=2.07m/s end=goal t= 1604.4s
[TRAIN][PPO] ep=103/500 r=  608.60 avg10=  604.99 steps=1468 succ10=1.00 touch10=1.00 col10=0.00 to10=0.00 min_d= 0.30 avg_spd=2.07m/s end=goal t= 1622.9s
[TRAIN][PPO] ep=104/500 r=  -30.79 avg10=  541.52 steps=  67 succ10=0.90 touch10=0.90 col10=0.10 to10=0.00 min_d= 3.84 avg_spd=2.12m/s end=collision t= 1625.9s
[TRAIN][PPO] ep=105/500 r=  605.50 avg10=  542.21 steps=1438 succ10=0.90 touch10=0.90 col10=0.10 to10=0.00 min_d= 0.30 avg_spd=2.07m/s end=goal t= 1644.3s
[TRAIN][PPO] ep=106/500 r=  610.92 avg10=  542.82 steps=1456 succ10=0.90 touch10=0.90 col10=0.10 to10=0.00 min_d= 0.30 avg_spd=2.07m/s end=goal t= 1663.2s
[TRAIN][PPO] ep=107/500 r=  -33.83 avg10=  479.43 steps=  77 succ10=0.80 touch10=0.80 col10=0.20 to10=0.00 min_d= 3.82 avg_spd=2.01m/s end=collision t= 1664.2s
[TRAIN][PPO] ep=108/500 r=  609.46 avg10=  479.40 steps=1459 succ10=0.80 touch10=0.80 col10=0.20 to10=0.00 min_d= 0.30 avg_spd=2.05m/s end=goal t= 1684.4s
[TRAIN][PPO] ep=109/500 r=  602.62 avg10=  477.92 steps=1425 succ10=0.80 touch10=0.80 col10=0.20 to10=0.00 min_d= 0.30 avg_spd=2.08m/s end=goal t= 1702.7s
[TRAIN][PPO] ep=110/500 r=  614.89 avg10=  479.70 steps=1466 succ10=0.80 touch10=0.80 col10=0.20 to10=0.00 min_d= 0.30 avg_spd=2.06m/s end=goal t= 1720.8s
[TRAIN][PPO] ep=111/500 r=  -33.44 avg10=  416.13 steps=  78 succ10=0.70 touch10=0.70 col10=0.30 to10=0.00 min_d= 3.83 avg_spd=2.07m/s end=collision t= 1721.9s
[TRAIN][PPO] ep=112/500 r=  611.12 avg10=  416.51 steps=1464 succ10=0.70 touch10=0.70 col10=0.30 to10=0.00 min_d= 0.30 avg_spd=2.06m/s end=goal t= 1742.2s
[TRAIN][PPO] ep=113/500 r=  604.49 avg10=  416.09 steps=1458 succ10=0.70 touch10=0.70 col10=0.30 to10=0.00 min_d= 0.30 avg_spd=2.06m/s end=goal t= 1761.2s
[TRAIN][PPO] ep=114/500 r=  602.77 avg10=  479.45 steps=1433 succ10=0.80 touch10=0.80 col10=0.20 to10=0.00 min_d= 0.30 avg_spd=2.06m/s end=goal t= 1779.5s
[TRAIN][PPO] ep=115/500 r=  600.29 avg10=  478.93 steps=1423 succ10=0.80 touch10=0.80 col10=0.20 to10=0.00 min_d= 0.30 avg_spd=2.08m/s end=goal t= 1798.1s
[TRAIN][PPO] ep=116/500 r=  597.86 avg10=  477.62 steps=1415 succ10=0.80 touch10=0.80 col10=0.20 to10=0.00 min_d= 0.30 avg_spd=2.07m/s end=goal t= 1819.4s
[TRAIN][PPO] ep=117/500 r=  600.91 avg10=  541.10 steps=1417 succ10=0.90 touch10=0.90 col10=0.10 to10=0.00 min_d= 0.30 avg_spd=2.07m/s end=goal t= 1837.8s
[TRAIN][PPO] ep=118/500 r=  604.68 avg10=  540.62 steps=1434 succ10=0.90 touch10=0.90 col10=0.10 to10=0.00 min_d= 0.30 avg_spd=2.06m/s end=goal t= 1855.5s
[TRAIN][PPO] ep=119/500 r=  608.55 avg10=  541.21 steps=1467 succ10=0.90 touch10=0.90 col10=0.10 to10=0.00 min_d= 0.30 avg_spd=2.05m/s end=goal t= 1875.1s
[TRAIN][PPO] ep=120/500 r=  608.76 avg10=  540.60 steps=1460 succ10=0.90 touch10=0.90 col10=0.10 to10=0.00 min_d= 0.30 avg_spd=2.07m/s end=goal t= 1897.0s
[TRAIN][PPO] ep=121/500 r=  602.46 avg10=  604.19 steps=1431 succ10=1.00 touch10=1.00 col10=0.00 to10=0.00 min_d= 0.30 avg_spd=2.08m/s end=goal t= 1916.1s
[TRAIN][PPO] ep=122/500 r=  594.19 avg10=  602.50 steps=1396 succ10=1.00 touch10=1.00 col10=0.00 to10=0.00 min_d= 0.30 avg_spd=2.08m/s end=goal t= 1934.7s
[TRAIN][PPO] ep=123/500 r=  -27.22 avg10=  539.33 steps= 119 succ10=0.90 touch10=0.90 col10=0.10 to10=0.00 min_d= 3.82 avg_spd=2.10m/s end=collision t= 1936.3s
[TRAIN][PPO] ep=124/500 r=  -26.44 avg10=  476.40 steps= 131 succ10=0.80 touch10=0.80 col10=0.20 to10=0.00 min_d= 3.81 avg_spd=2.05m/s end=collision t= 1939.1s
[TRAIN][PPO] ep=125/500 r=  609.05 avg10=  477.28 steps=1453 succ10=0.80 touch10=0.80 col10=0.20 to10=0.00 min_d= 0.30 avg_spd=2.07m/s end=goal t= 1958.5s
[TRAIN][PPO] ep=126/500 r=  598.48 avg10=  477.34 steps=1411 succ10=0.80 touch10=0.80 col10=0.20 to10=0.00 min_d= 0.30 avg_spd=2.08m/s end=goal t= 1977.1s
[TRAIN][PPO] ep=127/500 r=  610.99 avg10=  478.35 steps=1455 succ10=0.80 touch10=0.80 col10=0.20 to10=0.00 min_d= 0.30 avg_spd=2.04m/s end=goal t= 1996.1s
[TRAIN][PPO] ep=128/500 r=  612.68 avg10=  479.15 steps=1456 succ10=0.80 touch10=0.80 col10=0.20 to10=0.00 min_d= 0.30 avg_spd=2.06m/s end=goal t= 2016.6s
[TRAIN][PPO] ep=129/500 r=  606.41 avg10=  478.94 steps=1434 succ10=0.80 touch10=0.80 col10=0.20 to10=0.00 min_d= 0.30 avg_spd=2.08m/s end=goal t= 2035.1s
[TRAIN][PPO] ep=130/500 r=  614.18 avg10=  479.48 steps=1464 succ10=0.80 touch10=0.80 col10=0.20 to10=0.00 min_d= 0.30 avg_spd=2.06m/s end=goal t= 2054.0s
[TRAIN][PPO] ep=131/500 r=  612.93 avg10=  480.52 steps=1464 succ10=0.80 touch10=0.80 col10=0.20 to10=0.00 min_d= 0.30 avg_spd=2.08m/s end=goal t= 2072.8s
[TRAIN][PPO] ep=132/500 r=  608.72 avg10=  481.98 steps=1445 succ10=0.80 touch10=0.80 col10=0.20 to10=0.00 min_d= 0.30 avg_spd=2.07m/s end=goal t= 2093.1s
[TRAIN][PPO] ep=133/500 r=  607.13 avg10=  545.41 steps=1453 succ10=0.90 touch10=0.90 col10=0.10 to10=0.00 min_d= 0.30 avg_spd=2.06m/s end=goal t= 2111.8s
[TRAIN][PPO] ep=134/500 r=  613.25 avg10=  609.38 steps=1461 succ10=1.00 touch10=1.00 col10=0.00 to10=0.00 min_d= 0.30 avg_spd=2.08m/s end=goal t= 2130.8s
[TRAIN][PPO] ep=135/500 r=  -41.32 avg10=  544.34 steps=  29 succ10=0.90 touch10=0.90 col10=0.10 to10=0.00 min_d= 3.83 avg_spd=1.89m/s end=collision t= 2131.2s
[TRAIN][PPO] ep=136/500 r=  -24.35 avg10=  482.06 steps= 115 succ10=0.80 touch10=0.80 col10=0.20 to10=0.00 min_d= 3.82 avg_spd=2.03m/s end=collision t= 2134.8s
[TRAIN][PPO] ep=137/500 r=  608.28 avg10=  481.79 steps=1449 succ10=0.80 touch10=0.80 col10=0.20 to10=0.00 min_d= 0.30 avg_spd=2.05m/s end=goal t= 2153.6s
[TRAIN][PPO] ep=138/500 r=  603.18 avg10=  480.84 steps=1437 succ10=0.80 touch10=0.80 col10=0.20 to10=0.00 min_d= 0.30 avg_spd=2.05m/s end=goal t= 2172.3s
[TRAIN][PPO] ep=139/500 r=  608.70 avg10=  481.07 steps=1448 succ10=0.80 touch10=0.80 col10=0.20 to10=0.00 min_d= 0.30 avg_spd=2.06m/s end=goal t= 2190.8s
[TRAIN][PPO] ep=140/500 r=  -28.13 avg10=  416.84 steps= 114 succ10=0.70 touch10=0.70 col10=0.30 to10=0.00 min_d= 3.82 avg_spd=2.10m/s end=collision t= 2194.0s
[TRAIN][PPO] ep=141/500 r=  -23.64 avg10=  353.18 steps= 116 succ10=0.60 touch10=0.60 col10=0.40 to10=0.00 min_d= 3.82 avg_spd=2.01m/s end=collision t= 2195.5s
[TRAIN][PPO] ep=142/500 r=  615.59 avg10=  353.87 steps=1467 succ10=0.60 touch10=0.60 col10=0.40 to10=0.00 min_d= 0.30 avg_spd=2.07m/s end=goal t= 2214.4s
[TRAIN][PPO] ep=143/500 r=  604.83 avg10=  353.64 steps=1433 succ10=0.60 touch10=0.60 col10=0.40 to10=0.00 min_d= 0.30 avg_spd=2.05m/s end=goal t= 2232.5s
[TRAIN][PPO] ep=144/500 r=  608.72 avg10=  353.19 steps=1453 succ10=0.60 touch10=0.60 col10=0.40 to10=0.00 min_d= 0.30 avg_spd=2.06m/s end=goal t= 2252.6s
[TRAIN][PPO] ep=145/500 r=  -29.31 avg10=  354.39 steps= 108 succ10=0.60 touch10=0.60 col10=0.40 to10=0.00 min_d= 3.81 avg_spd=2.08m/s end=collision t= 2254.2s
[TRAIN][PPO] ep=146/500 r=  602.93 avg10=  417.11 steps=1429 succ10=0.70 touch10=0.70 col10=0.30 to10=0.00 min_d= 0.30 avg_spd=2.05m/s end=goal t= 2272.5s
[TRAIN][PPO] ep=147/500 r=  -24.68 avg10=  353.82 steps= 137 succ10=0.60 touch10=0.60 col10=0.40 to10=0.00 min_d= 3.81 avg_spd=2.06m/s end=collision t= 2274.3s
[TRAIN][PPO] ep=148/500 r=  596.26 avg10=  353.13 steps=1418 succ10=0.60 touch10=0.60 col10=0.40 to10=0.00 min_d= 0.30 avg_spd=2.07m/s end=goal t= 2294.0s
[TRAIN][PPO] ep=149/500 r=  -42.58 avg10=  288.00 steps=  28 succ10=0.50 touch10=0.50 col10=0.50 to10=0.00 min_d= 3.84 avg_spd=1.91m/s end=collision t= 2294.4s
[TRAIN][PPO] ep=150/500 r=  612.81 avg10=  352.09 steps=1470 succ10=0.60 touch10=0.60 col10=0.40 to10=0.00 min_d= 0.30 avg_spd=2.06m/s end=goal t= 2313.4s
[TRAIN][PPO] ep=151/500 r=  593.69 avg10=  413.83 steps=1400 succ10=0.70 touch10=0.70 col10=0.30 to10=0.00 min_d= 0.30 avg_spd=2.08m/s end=goal t= 2331.4s
[TRAIN][PPO] ep=152/500 r=  600.61 avg10=  412.33 steps=1421 succ10=0.70 touch10=0.70 col10=0.30 to10=0.00 min_d= 0.30 avg_spd=2.06m/s end=goal t= 2350.9s
[TRAIN][PPO] ep=153/500 r=  617.67 avg10=  413.61 steps=1481 succ10=0.70 touch10=0.70 col10=0.30 to10=0.00 min_d= 0.30 avg_spd=2.04m/s end=goal t= 2370.2s ckpt=best_goal
[TRAIN][PPO] ep=154/500 r=  614.29 avg10=  414.17 steps=1467 succ10=0.70 touch10=0.70 col10=0.30 to10=0.00 min_d= 0.30 avg_spd=2.06m/s end=goal t= 2389.2s
[TRAIN][PPO] ep=155/500 r=  615.08 avg10=  478.61 steps=1468 succ10=0.80 touch10=0.80 col10=0.20 to10=0.00 min_d= 0.30 avg_spd=2.05m/s end=goal t= 2407.9s
[TRAIN][PPO] ep=156/500 r=  613.17 avg10=  479.63 steps=1473 succ10=0.80 touch10=0.80 col10=0.20 to10=0.00 min_d= 0.30 avg_spd=2.03m/s end=goal t= 2429.0s
[TRAIN][PPO] ep=157/500 r=  611.40 avg10=  543.24 steps=1448 succ10=0.90 touch10=0.90 col10=0.10 to10=0.00 min_d= 0.30 avg_spd=2.06m/s end=goal t= 2447.8s
[TRAIN][PPO] ep=158/500 r=  597.42 avg10=  543.36 steps=1410 succ10=0.90 touch10=0.90 col10=0.10 to10=0.00 min_d= 0.30 avg_spd=2.07m/s end=goal t= 2465.7s
[TRAIN][PPO] ep=159/500 r=  601.82 avg10=  607.80 steps=1420 succ10=1.00 touch10=1.00 col10=0.00 to10=0.00 min_d= 0.30 avg_spd=2.05m/s end=goal t= 2484.2s
[TRAIN][PPO] ep=160/500 r=  610.50 avg10=  607.57 steps=1450 succ10=1.00 touch10=1.00 col10=0.00 to10=0.00 min_d= 0.30 avg_spd=2.07m/s end=goal t= 2505.5s
[TRAIN][PPO] ep=161/500 r=  601.36 avg10=  608.33 steps=1425 succ10=1.00 touch10=1.00 col10=0.00 to10=0.00 min_d= 0.30 avg_spd=2.07m/s end=goal t= 2523.9s
[TRAIN][PPO] ep=162/500 r=  607.61 avg10=  609.03 steps=1439 succ10=1.00 touch10=1.00 col10=0.00 to10=0.00 min_d= 0.30 avg_spd=2.08m/s end=goal t= 2542.4s
[TRAIN][PPO] ep=163/500 r=  610.83 avg10=  608.35 steps=1465 succ10=1.00 touch10=1.00 col10=0.00 to10=0.00 min_d= 0.30 avg_spd=2.06m/s end=goal t= 2561.4s
[TRAIN][PPO] ep=164/500 r=  614.07 avg10=  608.33 steps=1462 succ10=1.00 touch10=1.00 col10=0.00 to10=0.00 min_d= 0.30 avg_spd=2.04m/s end=goal t= 2583.2s
[TRAIN][PPO] ep=165/500 r=  603.59 avg10=  607.18 steps=1448 succ10=1.00 touch10=1.00 col10=0.00 to10=0.00 min_d= 0.30 avg_spd=2.04m/s end=goal t= 2602.0s
[TRAIN][PPO] ep=166/500 r=  -42.24 avg10=  541.64 steps=  32 succ10=0.90 touch10=0.90 col10=0.10 to10=0.00 min_d= 3.84 avg_spd=1.94m/s end=collision t= 2602.5s
[TRAIN][PPO] ep=167/500 r=   18.21 avg10=  482.32 steps= 213 succ10=0.80 touch10=0.80 col10=0.20 to10=0.00 min_d= 3.52 avg_spd=1.94m/s end=collision t= 2605.4s
[TRAIN][PPO] ep=168/500 r=  604.22 avg10=  483.00 steps=1436 succ10=0.80 touch10=0.80 col10=0.20 to10=0.00 min_d= 0.30 avg_spd=2.06m/s end=goal t= 2625.1s
[TRAIN][PPO] ep=169/500 r=  615.67 avg10=  484.38 steps=1470 succ10=0.80 touch10=0.80 col10=0.20 to10=0.00 min_d= 0.30 avg_spd=2.06m/s end=goal t= 2644.1s
[TRAIN][PPO] ep=170/500 r=  -34.41 avg10=  419.89 steps=  72 succ10=0.70 touch10=0.70 col10=0.30 to10=0.00 min_d= 3.82 avg_spd=2.09m/s end=collision t= 2645.0s
[TRAIN][PPO] ep=171/500 r=  617.38 avg10=  421.49 steps=1472 succ10=0.70 touch10=0.70 col10=0.30 to10=0.00 min_d= 0.30 avg_spd=2.05m/s end=goal t= 2663.5s
[TRAIN][PPO] ep=172/500 r=  605.44 avg10=  421.28 steps=1437 succ10=0.70 touch10=0.70 col10=0.30 to10=0.00 min_d= 0.30 avg_spd=2.07m/s end=goal t= 2683.3s
[TRAIN][PPO] ep=173/500 r=  597.14 avg10=  419.91 steps=1412 succ10=0.70 touch10=0.70 col10=0.30 to10=0.00 min_d= 0.30 avg_spd=2.06m/s end=goal t= 2701.1s
[TRAIN][PPO] ep=174/500 r=  596.34 avg10=  418.13 steps=1412 succ10=0.70 touch10=0.70 col10=0.30 to10=0.00 min_d= 0.30 avg_spd=2.07m/s end=goal t= 2719.4s
[TRAIN][PPO] ep=175/500 r=  -25.94 avg10=  355.18 steps= 110 succ10=0.60 touch10=0.60 col10=0.40 to10=0.00 min_d= 3.82 avg_spd=2.13m/s end=collision t= 2720.9s
[TRAIN][PPO] ep=176/500 r=  612.40 avg10=  420.64 steps=1471 succ10=0.70 touch10=0.70 col10=0.30 to10=0.00 min_d= 0.30 avg_spd=2.04m/s end=goal t= 2741.0s
[TRAIN][PPO] ep=177/500 r=  613.66 avg10=  480.19 steps=1471 succ10=0.80 touch10=0.80 col10=0.20 to10=0.00 min_d= 0.30 avg_spd=2.06m/s end=goal t= 2760.4s
[TRAIN][PPO] ep=178/500 r=  600.34 avg10=  479.80 steps=1423 succ10=0.80 touch10=0.80 col10=0.20 to10=0.00 min_d= 0.30 avg_spd=2.07m/s end=goal t= 2778.6s
[TRAIN][PPO] ep=179/500 r=  610.15 avg10=  479.25 steps=1456 succ10=0.80 touch10=0.80 col10=0.20 to10=0.00 min_d= 0.30 avg_spd=2.05m/s end=goal t= 2797.7s
[TRAIN][PPO] ep=180/500 r=  603.76 avg10=  543.07 steps=1432 succ10=0.90 touch10=0.90 col10=0.10 to10=0.00 min_d= 0.30 avg_spd=2.07m/s end=goal t= 2817.5s
[TRAIN][PPO] ep=181/500 r=  -33.18 avg10=  478.01 steps=  94 succ10=0.80 touch10=0.80 col10=0.20 to10=0.00 min_d= 3.81 avg_spd=2.15m/s end=collision t= 2818.7s
[TRAIN][PPO] ep=182/500 r=  603.00 avg10=  477.77 steps=1449 succ10=0.80 touch10=0.80 col10=0.20 to10=0.00 min_d= 0.30 avg_spd=2.05m/s end=goal t= 2837.1s
[TRAIN][PPO] ep=183/500 r=  610.57 avg10=  479.11 steps=1449 succ10=0.80 touch10=0.80 col10=0.20 to10=0.00 min_d= 0.30 avg_spd=2.07m/s end=goal t= 2856.7s
[TRAIN][PPO] ep=184/500 r=  -36.40 avg10=  415.84 steps=  50 succ10=0.70 touch10=0.70 col10=0.30 to10=0.00 min_d= 3.83 avg_spd=1.76m/s end=collision t= 2858.4s
[TRAIN][PPO] ep=185/500 r=  609.87 avg10=  479.42 steps=1453 succ10=0.80 touch10=0.80 col10=0.20 to10=0.00 min_d= 0.30 avg_spd=2.06m/s end=goal t= 2878.0s
[TRAIN][PPO] ep=186/500 r=  -37.92 avg10=  414.39 steps=  61 succ10=0.70 touch10=0.70 col10=0.30 to10=0.00 min_d= 3.82 avg_spd=2.01m/s end=collision t= 2879.0s
[TRAIN][PPO] ep=187/500 r=  -32.62 avg10=  349.76 steps=  94 succ10=0.60 touch10=0.60 col10=0.40 to10=0.00 min_d= 3.81 avg_spd=2.11m/s end=collision t= 2880.2s
[TRAIN][PPO] ep=188/500 r=  603.01 avg10=  350.02 steps=1428 succ10=0.60 touch10=0.60 col10=0.40 to10=0.00 min_d= 0.30 avg_spd=2.07m/s end=goal t= 2900.4s
[TRAIN][PPO] ep=189/500 r=  -40.56 avg10=  284.95 steps=  47 succ10=0.50 touch10=0.50 col10=0.50 to10=0.00 min_d= 3.83 avg_spd=2.00m/s end=collision t= 2901.1s
[TRAIN][PPO] ep=190/500 r=  603.65 avg10=  284.94 steps=1442 succ10=0.50 touch10=0.50 col10=0.50 to10=0.00 min_d= 0.30 avg_spd=2.08m/s end=goal t= 2920.5s
[TRAIN][PPO] ep=191/500 r=  597.83 avg10=  348.04 steps=1412 succ10=0.60 touch10=0.60 col10=0.40 to10=0.00 min_d= 0.30 avg_spd=2.09m/s end=goal t= 2939.5s
[TRAIN][PPO] ep=192/500 r=  610.36 avg10=  348.78 steps=1452 succ10=0.60 touch10=0.60 col10=0.40 to10=0.00 min_d= 0.30 avg_spd=2.07m/s end=goal t= 2960.8s
[TRAIN][PPO] ep=193/500 r=  616.57 avg10=  349.38 steps=1472 succ10=0.60 touch10=0.60 col10=0.40 to10=0.00 min_d= 0.30 avg_spd=2.04m/s end=goal t= 2980.6s
[TRAIN][PPO] ep=194/500 r=  600.77 avg10=  413.10 steps=1424 succ10=0.70 touch10=0.70 col10=0.30 to10=0.00 min_d= 0.30 avg_spd=2.07m/s end=goal t= 2998.5s
[TRAIN][PPO] ep=195/500 r=  610.39 avg10=  413.15 steps=1448 succ10=0.70 touch10=0.70 col10=0.30 to10=0.00 min_d= 0.30 avg_spd=2.06m/s end=goal t= 3017.5s
[TRAIN][PPO] ep=196/500 r=  613.53 avg10=  478.29 steps=1460 succ10=0.80 touch10=0.80 col10=0.20 to10=0.00 min_d= 0.30 avg_spd=2.07m/s end=goal t= 3038.3s
[TRAIN][PPO] ep=197/500 r=  606.46 avg10=  542.20 steps=1438 succ10=0.90 touch10=0.90 col10=0.10 to10=0.00 min_d= 0.30 avg_spd=2.05m/s end=goal t= 3057.3s
[TRAIN][PPO] ep=198/500 r=  -27.39 avg10=  479.16 steps=  90 succ10=0.80 touch10=0.80 col10=0.20 to10=0.00 min_d= 3.83 avg_spd=2.02m/s end=collision t= 3058.5s
[TRAIN][PPO] ep=199/500 r=  -32.30 avg10=  479.99 steps=  70 succ10=0.80 touch10=0.80 col10=0.20 to10=0.00 min_d= 3.84 avg_spd=2.04m/s end=collision t= 3059.5s
[TRAIN][PPO] ep=200/500 r=  606.66 avg10=  480.29 steps=1442 succ10=0.80 touch10=0.80 col10=0.20 to10=0.00 min_d= 0.30 avg_spd=2.05m/s end=goal t= 3079.4s ckpt=latest
[TRAIN][PPO] ep=201/500 r=  611.60 avg10=  481.66 steps=1465 succ10=0.80 touch10=0.80 col10=0.20 to10=0.00 min_d= 0.30 avg_spd=2.06m/s end=goal t= 3098.1s
[TRAIN][PPO] ep=202/500 r=  603.80 avg10=  481.01 steps=1432 succ10=0.80 touch10=0.80 col10=0.20 to10=0.00 min_d= 0.30 avg_spd=2.06m/s end=goal t= 3116.8s
[TRAIN][PPO] ep=203/500 r=  602.45 avg10=  479.60 steps=1443 succ10=0.80 touch10=0.80 col10=0.20 to10=0.00 min_d= 0.30 avg_spd=2.05m/s end=goal t= 3136.0s
[TRAIN][PPO] ep=204/500 r=  603.65 avg10=  479.88 steps=1436 succ10=0.80 touch10=0.80 col10=0.20 to10=0.00 min_d= 0.30 avg_spd=2.06m/s end=goal t= 3157.0s
[TRAIN][PPO] ep=205/500 r=  -44.02 avg10=  414.44 steps=  22 succ10=0.70 touch10=0.70 col10=0.30 to10=0.00 min_d= 3.84 avg_spd=1.99m/s end=collision t= 3157.4s
[TRAIN][PPO] ep=206/500 r=  611.87 avg10=  414.28 steps=1458 succ10=0.70 touch10=0.70 col10=0.30 to10=0.00 min_d= 0.30 avg_spd=2.05m/s end=goal t= 3176.7s
[TRAIN][PPO] ep=207/500 r=  602.73 avg10=  413.90 steps=1435 succ10=0.70 touch10=0.70 col10=0.30 to10=0.00 min_d= 0.30 avg_spd=2.06m/s end=goal t= 3195.7s
[TRAIN][PPO] ep=208/500 r=  598.01 avg10=  476.44 steps=1409 succ10=0.80 touch10=0.80 col10=0.20 to10=0.00 min_d= 0.30 avg_spd=2.08m/s end=goal t= 3215.6s
[TRAIN][PPO] ep=209/500 r=  595.18 avg10=  539.19 steps=1404 succ10=0.90 touch10=0.90 col10=0.10 to10=0.00 min_d= 0.30 avg_spd=2.09m/s end=goal t= 3233.5s
[TRAIN][PPO] ep=210/500 r=  611.84 avg10=  539.71 steps=1472 succ10=0.90 touch10=0.90 col10=0.10 to10=0.00 min_d= 0.30 avg_spd=2.06m/s end=goal t= 3252.0s
[TRAIN][PPO] ep=211/500 r=  -32.07 avg10=  475.34 steps=  80 succ10=0.80 touch10=0.80 col10=0.20 to10=0.00 min_d= 3.83 avg_spd=2.06m/s end=collision t= 3253.0s
[TRAIN][PPO] ep=212/500 r=  598.62 avg10=  474.83 steps=1417 succ10=0.80 touch10=0.80 col10=0.20 to10=0.00 min_d= 0.30 avg_spd=2.07m/s end=goal t= 3273.3s
[TRAIN][PPO] ep=213/500 r=  606.43 avg10=  475.22 steps=1447 succ10=0.80 touch10=0.80 col10=0.20 to10=0.00 min_d= 0.30 avg_spd=2.07m/s end=goal t= 3292.7s
[TRAIN][PPO] ep=214/500 r=  607.08 avg10=  475.57 steps=1437 succ10=0.80 touch10=0.80 col10=0.20 to10=0.00 min_d= 0.30 avg_spd=2.07m/s end=goal t= 3311.5s
[TRAIN][PPO] ep=215/500 r=  -26.74 avg10=  477.30 steps= 100 succ10=0.80 touch10=0.80 col10=0.20 to10=0.00 min_d= 3.83 avg_spd=2.02m/s end=collision t= 3312.7s
[TRAIN][PPO] ep=216/500 r=  602.74 avg10=  476.38 steps=1428 succ10=0.80 touch10=0.80 col10=0.20 to10=0.00 min_d= 0.30 avg_spd=2.08m/s end=goal t= 3333.1s
[TRAIN][PPO] ep=217/500 r=  616.07 avg10=  477.72 steps=1482 succ10=0.80 touch10=0.80 col10=0.20 to10=0.00 min_d= 0.30 avg_spd=2.06m/s end=goal t= 3352.7s
[TRAIN][PPO] ep=218/500 r=  596.96 avg10=  477.61 steps=1408 succ10=0.80 touch10=0.80 col10=0.20 to10=0.00 min_d= 0.30 avg_spd=2.06m/s end=goal t= 3371.3s
[TRAIN][PPO] ep=219/500 r=  619.87 avg10=  480.08 steps=1483 succ10=0.80 touch10=0.80 col10=0.20 to10=0.00 min_d= 0.30 avg_spd=2.05m/s end=goal t= 3391.2s ckpt=best_goal
[TRAIN][PPO] ep=220/500 r=  613.80 avg10=  480.28 steps=1467 succ10=0.80 touch10=0.80 col10=0.20 to10=0.00 min_d= 0.30 avg_spd=2.03m/s end=goal t= 3412.4s
[TRAIN][PPO] ep=221/500 r=  600.23 avg10=  543.51 steps=1417 succ10=0.90 touch10=0.90 col10=0.10 to10=0.00 min_d= 0.30 avg_spd=2.09m/s end=goal t= 3430.9s
[TRAIN][PPO] ep=222/500 r=  601.03 avg10=  543.75 steps=1425 succ10=0.90 touch10=0.90 col10=0.10 to10=0.00 min_d= 0.30 avg_spd=2.06m/s end=goal t= 3449.9s
[TRAIN][PPO] ep=223/500 r=  612.99 avg10=  544.40 steps=1458 succ10=0.90 touch10=0.90 col10=0.10 to10=0.00 min_d= 0.30 avg_spd=2.08m/s end=goal t= 3468.9s
[TRAIN][PPO] ep=224/500 r=  609.23 avg10=  544.62 steps=1450 succ10=0.90 touch10=0.90 col10=0.10 to10=0.00 min_d= 0.30 avg_spd=2.06m/s end=goal t= 3489.4s
[TRAIN][PPO] ep=225/500 r=  -42.22 avg10=  543.07 steps=  41 succ10=0.90 touch10=0.90 col10=0.10 to10=0.00 min_d= 3.82 avg_spd=2.09m/s end=collision t= 3490.0s
[TRAIN][PPO] ep=226/500 r=  595.34 avg10=  542.33 steps=1415 succ10=0.90 touch10=0.90 col10=0.10 to10=0.00 min_d= 0.30 avg_spd=2.07m/s end=goal t= 3508.1s
[TRAIN][PPO] ep=227/500 r=  609.45 avg10=  541.67 steps=1453 succ10=0.90 touch10=0.90 col10=0.10 to10=0.00 min_d= 0.30 avg_spd=2.05m/s end=goal t= 3527.0s
[TRAIN][PPO] ep=228/500 r=  608.51 avg10=  542.82 steps=1451 succ10=0.90 touch10=0.90 col10=0.10 to10=0.00 min_d= 0.30 avg_spd=2.07m/s end=goal t= 3548.4s
[TRAIN][PPO] ep=229/500 r=  604.89 avg10=  541.33 steps=1433 succ10=0.90 touch10=0.90 col10=0.10 to10=0.00 min_d= 0.30 avg_spd=2.06m/s end=goal t= 3566.4s
[TRAIN][PPO] ep=230/500 r=  618.67 avg10=  541.81 steps=1494 succ10=0.90 touch10=0.90 col10=0.10 to10=0.00 min_d= 0.30 avg_spd=2.05m/s end=goal t= 3586.0s
[TRAIN][PPO] ep=231/500 r=  610.85 avg10=  542.87 steps=1451 succ10=0.90 touch10=0.90 col10=0.10 to10=0.00 min_d= 0.30 avg_spd=2.07m/s end=goal t= 3604.4s
[TRAIN][PPO] ep=232/500 r=  607.48 avg10=  543.52 steps=1441 succ10=0.90 touch10=0.90 col10=0.10 to10=0.00 min_d= 0.30 avg_spd=2.08m/s end=goal t= 3624.8s
[TRAIN][PPO] ep=233/500 r=  610.50 avg10=  543.27 steps=1454 succ10=0.90 touch10=0.90 col10=0.10 to10=0.00 min_d= 0.30 avg_spd=2.06m/s end=goal t= 3643.7s
[TRAIN][PPO] ep=234/500 r=  598.52 avg10=  542.20 steps=1416 succ10=0.90 touch10=0.90 col10=0.10 to10=0.00 min_d= 0.30 avg_spd=2.09m/s end=goal t= 3662.6s
[TRAIN][PPO] ep=235/500 r=  608.34 avg10=  607.26 steps=1442 succ10=1.00 touch10=1.00 col10=0.00 to10=0.00 min_d= 0.30 avg_spd=2.07m/s end=goal t= 3682.0s
[TRAIN][PPO] ep=236/500 r=  607.27 avg10=  608.45 steps=1440 succ10=1.00 touch10=1.00 col10=0.00 to10=0.00 min_d= 0.30 avg_spd=2.08m/s end=goal t= 3703.1s
[TRAIN][PPO] ep=237/500 r=  602.35 avg10=  607.74 steps=1426 succ10=1.00 touch10=1.00 col10=0.00 to10=0.00 min_d= 0.30 avg_spd=2.09m/s end=goal t= 3722.5s
[TRAIN][PPO] ep=238/500 r=  596.46 avg10=  606.53 steps=1409 succ10=1.00 touch10=1.00 col10=0.00 to10=0.00 min_d= 0.30 avg_spd=2.08m/s end=goal t= 3741.3s
[TRAIN][PPO] ep=239/500 r=  606.94 avg10=  606.74 steps=1447 succ10=1.00 touch10=1.00 col10=0.00 to10=0.00 min_d= 0.30 avg_spd=2.07m/s end=goal t= 3760.6s
[TRAIN][PPO] ep=240/500 r=  609.32 avg10=  605.80 steps=1448 succ10=1.00 touch10=1.00 col10=0.00 to10=0.00 min_d= 0.30 avg_spd=2.06m/s end=goal t= 3782.1s
[TRAIN][PPO] ep=241/500 r=  600.35 avg10=  604.75 steps=1416 succ10=1.00 touch10=1.00 col10=0.00 to10=0.00 min_d= 0.30 avg_spd=2.06m/s end=goal t= 3801.1s
[TRAIN][PPO] ep=242/500 r=  597.31 avg10=  603.74 steps=1405 succ10=1.00 touch10=1.00 col10=0.00 to10=0.00 min_d= 0.30 avg_spd=2.07m/s end=goal t= 3820.1s
[TRAIN][PPO] ep=243/500 r=  600.18 avg10=  602.71 steps=1425 succ10=1.00 touch10=1.00 col10=0.00 to10=0.00 min_d= 0.30 avg_spd=2.06m/s end=goal t= 3838.8s
[TRAIN][PPO] ep=244/500 r=  595.24 avg10=  602.38 steps=1403 succ10=1.00 touch10=1.00 col10=0.00 to10=0.00 min_d= 0.30 avg_spd=2.08m/s end=goal t= 3860.4s
[TRAIN][PPO] ep=245/500 r=  606.04 avg10=  602.15 steps=1444 succ10=1.00 touch10=1.00 col10=0.00 to10=0.00 min_d= 0.30 avg_spd=2.06m/s end=goal t= 3879.4s
[TRAIN][PPO] ep=246/500 r=  591.18 avg10=  600.54 steps=1410 succ10=1.00 touch10=1.00 col10=0.00 to10=0.00 min_d= 0.30 avg_spd=2.08m/s end=goal t= 3897.9s
[TRAIN][PPO] ep=247/500 r=  611.89 avg10=  601.49 steps=1478 succ10=1.00 touch10=1.00 col10=0.00 to10=0.00 min_d= 0.30 avg_spd=2.07m/s end=goal t= 3917.3s
[TRAIN][PPO] ep=248/500 r=  613.41 avg10=  603.19 steps=1474 succ10=1.00 touch10=1.00 col10=0.00 to10=0.00 min_d= 0.30 avg_spd=2.07m/s end=goal t= 3938.2s
[TRAIN][PPO] ep=249/500 r=  609.08 avg10=  603.40 steps=1463 succ10=1.00 touch10=1.00 col10=0.00 to10=0.00 min_d= 0.30 avg_spd=2.05m/s end=goal t= 3957.2s
[TRAIN][PPO] ep=250/500 r=  608.40 avg10=  603.31 steps=1464 succ10=1.00 touch10=1.00 col10=0.00 to10=0.00 min_d= 0.30 avg_spd=2.05m/s end=goal t= 3976.5s
[TRAIN][PPO] ep=251/500 r=  597.90 avg10=  603.06 steps=1424 succ10=1.00 touch10=1.00 col10=0.00 to10=0.00 min_d= 0.30 avg_spd=2.06m/s end=goal t= 3995.2s
[TRAIN][PPO] ep=252/500 r=  608.03 avg10=  604.14 steps=1448 succ10=1.00 touch10=1.00 col10=0.00 to10=0.00 min_d= 0.30 avg_spd=2.07m/s end=goal t= 4015.2s
[TRAIN][PPO] ep=253/500 r=  604.11 avg10=  604.53 steps=1456 succ10=1.00 touch10=1.00 col10=0.00 to10=0.00 min_d= 0.30 avg_spd=2.06m/s end=goal t= 4034.2s
[TRAIN][PPO] ep=254/500 r=  -30.92 avg10=  541.91 steps=  74 succ10=0.90 touch10=0.90 col10=0.10 to10=0.00 min_d= 3.83 avg_spd=2.15m/s end=collision t= 4035.2s
[TRAIN][PPO] ep=255/500 r=  613.60 avg10=  542.67 steps=1471 succ10=0.90 touch10=0.90 col10=0.10 to10=0.00 min_d= 0.30 avg_spd=2.07m/s end=goal t= 4054.4s
[TRAIN][PPO] ep=256/500 r=  597.05 avg10=  543.25 steps=1426 succ10=0.90 touch10=0.90 col10=0.10 to10=0.00 min_d= 0.30 avg_spd=2.07m/s end=goal t= 4075.6s
[TRAIN][PPO] ep=257/500 r=  600.40 avg10=  542.11 steps=1420 succ10=0.90 touch10=0.90 col10=0.10 to10=0.00 min_d= 0.30 avg_spd=2.07m/s end=goal t= 4094.1s
[TRAIN][PPO] ep=258/500 r=  608.28 avg10=  541.59 steps=1461 succ10=0.90 touch10=0.90 col10=0.10 to10=0.00 min_d= 0.30 avg_spd=2.04m/s end=goal t= 4113.0s
[TRAIN][PPO] ep=259/500 r=  615.04 avg10=  542.19 steps=1480 succ10=0.90 touch10=0.90 col10=0.10 to10=0.00 min_d= 0.30 avg_spd=2.06m/s end=goal t= 4132.1s
[TRAIN][PPO] ep=260/500 r=  603.98 avg10=  541.75 steps=1445 succ10=0.90 touch10=0.90 col10=0.10 to10=0.00 min_d= 0.30 avg_spd=2.08m/s end=goal t= 4152.9s
[TRAIN][PPO] ep=261/500 r=  594.12 avg10=  541.37 steps=1411 succ10=0.90 touch10=0.90 col10=0.10 to10=0.00 min_d= 0.30 avg_spd=2.07m/s end=goal t= 4171.3s
[TRAIN][PPO] ep=262/500 r=  602.46 avg10=  540.81 steps=1437 succ10=0.90 touch10=0.90 col10=0.10 to10=0.00 min_d= 0.30 avg_spd=2.05m/s end=goal t= 4189.9s
[TRAIN][PPO] ep=263/500 r=  596.75 avg10=  540.08 steps=1418 succ10=0.90 touch10=0.90 col10=0.10 to10=0.00 min_d= 0.30 avg_spd=2.08m/s end=goal t= 4208.2s
[TRAIN][PPO] ep=264/500 r=  613.19 avg10=  604.49 steps=1463 succ10=1.00 touch10=1.00 col10=0.00 to10=0.00 min_d= 0.30 avg_spd=2.05m/s end=goal t= 4229.1s
[TRAIN][PPO] ep=265/500 r=  598.38 avg10=  602.97 steps=1422 succ10=1.00 touch10=1.00 col10=0.00 to10=0.00 min_d= 0.30 avg_spd=2.07m/s end=goal t= 4247.7s
[TRAIN][PPO] ep=266/500 r=  602.81 avg10=  603.54 steps=1450 succ10=1.00 touch10=1.00 col10=0.00 to10=0.00 min_d= 0.30 avg_spd=2.07m/s end=goal t= 4266.6s
[TRAIN][PPO] ep=267/500 r=  611.76 avg10=  604.68 steps=1476 succ10=1.00 touch10=1.00 col10=0.00 to10=0.00 min_d= 0.30 avg_spd=2.06m/s end=goal t= 4286.2s
[TRAIN][PPO] ep=268/500 r=  607.59 avg10=  604.61 steps=1445 succ10=1.00 touch10=1.00 col10=0.00 to10=0.00 min_d= 0.30 avg_spd=2.06m/s end=goal t= 4307.4s
[TRAIN][PPO] ep=269/500 r=  605.43 avg10=  603.65 steps=1447 succ10=1.00 touch10=1.00 col10=0.00 to10=0.00 min_d= 0.30 avg_spd=2.06m/s end=goal t= 4326.7s
[TRAIN][PPO] ep=270/500 r=  615.54 avg10=  604.81 steps=1490 succ10=1.00 touch10=1.00 col10=0.00 to10=0.00 min_d= 0.30 avg_spd=2.06m/s end=goal t= 4346.4s
[TRAIN][PPO] ep=271/500 r=  612.64 avg10=  606.66 steps=1463 succ10=1.00 touch10=1.00 col10=0.00 to10=0.00 min_d= 0.30 avg_spd=2.05m/s end=goal t= 4365.7s
[TRAIN][PPO] ep=272/500 r=  609.44 avg10=  607.35 steps=1460 succ10=1.00 touch10=1.00 col10=0.00 to10=0.00 min_d= 0.30 avg_spd=2.06m/s end=goal t= 4387.6s
[TRAIN][PPO] ep=273/500 r=  608.87 avg10=  608.57 steps=1452 succ10=1.00 touch10=1.00 col10=0.00 to10=0.00 min_d= 0.30 avg_spd=2.04m/s end=goal t= 4406.7s
[TRAIN][PPO] ep=274/500 r=  601.49 avg10=  607.40 steps=1430 succ10=1.00 touch10=1.00 col10=0.00 to10=0.00 min_d= 0.30 avg_spd=2.07m/s end=goal t= 4425.2s
[TRAIN][PPO] ep=275/500 r=  -30.47 avg10=  544.51 steps=  89 succ10=0.90 touch10=0.90 col10=0.10 to10=0.00 min_d= 3.82 avg_spd=2.03m/s end=collision t= 4426.5s
[TRAIN][PPO] ep=276/500 r=  602.92 avg10=  544.52 steps=1436 succ10=0.90 touch10=0.90 col10=0.10 to10=0.00 min_d= 0.30 avg_spd=2.06m/s end=goal t= 4446.7s
[TRAIN][PPO] ep=277/500 r=  -37.18 avg10=  479.63 steps=  46 succ10=0.80 touch10=0.80 col10=0.20 to10=0.00 min_d= 3.85 avg_spd=1.86m/s end=collision t= 4447.4s
[TRAIN][PPO] ep=278/500 r=  604.46 avg10=  479.31 steps=1434 succ10=0.80 touch10=0.80 col10=0.20 to10=0.00 min_d= 0.30 avg_spd=2.08m/s end=goal t= 4466.2s
[TRAIN][PPO] ep=279/500 r=  604.75 avg10=  479.25 steps=1433 succ10=0.80 touch10=0.80 col10=0.20 to10=0.00 min_d= 0.30 avg_spd=2.07m/s end=goal t= 4485.2s
[TRAIN][PPO] ep=280/500 r=  612.41 avg10=  478.93 steps=1457 succ10=0.80 touch10=0.80 col10=0.20 to10=0.00 min_d= 0.30 avg_spd=2.07m/s end=goal t= 4506.2s
[TRAIN][PPO] ep=281/500 r=  599.84 avg10=  477.65 steps=1417 succ10=0.80 touch10=0.80 col10=0.20 to10=0.00 min_d= 0.30 avg_spd=2.07m/s end=goal t= 4524.9s
[TRAIN][PPO] ep=282/500 r=  602.36 avg10=  476.95 steps=1419 succ10=0.80 touch10=0.80 col10=0.20 to10=0.00 min_d= 0.30 avg_spd=2.08m/s end=goal t= 4543.5s
[TRAIN][PPO] ep=283/500 r=  612.09 avg10=  477.27 steps=1459 succ10=0.80 touch10=0.80 col10=0.20 to10=0.00 min_d= 0.30 avg_spd=2.06m/s end=goal t= 4562.8s
[TRAIN][PPO] ep=284/500 r=  603.45 avg10=  477.46 steps=1428 succ10=0.80 touch10=0.80 col10=0.20 to10=0.00 min_d= 0.30 avg_spd=2.06m/s end=goal t= 4583.3s
[TRAIN][PPO] ep=285/500 r=  597.56 avg10=  540.27 steps=1417 succ10=0.90 touch10=0.90 col10=0.10 to10=0.00 min_d= 0.30 avg_spd=2.06m/s end=goal t= 4601.9s
[TRAIN][PPO] ep=286/500 r=  607.69 avg10=  540.74 steps=1444 succ10=0.90 touch10=0.90 col10=0.10 to10=0.00 min_d= 0.30 avg_spd=2.09m/s end=goal t= 4621.0s
[TRAIN][PPO] ep=287/500 r=  607.36 avg10=  605.20 steps=1444 succ10=1.00 touch10=1.00 col10=0.00 to10=0.00 min_d= 0.30 avg_spd=2.07m/s end=goal t= 4640.0s
[TRAIN][PPO] ep=288/500 r=  598.10 avg10=  604.56 steps=1419 succ10=1.00 touch10=1.00 col10=0.00 to10=0.00 min_d= 0.30 avg_spd=2.07m/s end=goal t= 4660.5s
[TRAIN][PPO] ep=289/500 r=  598.36 avg10=  603.92 steps=1435 succ10=1.00 touch10=1.00 col10=0.00 to10=0.00 min_d= 0.30 avg_spd=2.05m/s end=goal t= 4679.6s
[TRAIN][PPO] ep=290/500 r=  614.91 avg10=  604.17 steps=1459 succ10=1.00 touch10=1.00 col10=0.00 to10=0.00 min_d= 0.30 avg_spd=2.07m/s end=goal t= 4698.7s
[TRAIN][PPO] ep=291/500 r=  -26.76 avg10=  541.51 steps= 100 succ10=0.90 touch10=0.90 col10=0.10 to10=0.00 min_d= 3.84 avg_spd=1.97m/s end=collision t= 4700.0s
[TRAIN][PPO] ep=292/500 r=  608.74 avg10=  542.15 steps=1449 succ10=0.90 touch10=0.90 col10=0.10 to10=0.00 min_d= 0.30 avg_spd=2.07m/s end=goal t= 4721.6s
[TRAIN][PPO] ep=293/500 r=  601.78 avg10=  541.12 steps=1427 succ10=0.90 touch10=0.90 col10=0.10 to10=0.00 min_d= 0.30 avg_spd=2.07m/s end=goal t= 4740.3s
[TRAIN][PPO] ep=294/500 r=  601.41 avg10=  540.91 steps=1425 succ10=0.90 touch10=0.90 col10=0.10 to10=0.00 min_d= 0.30 avg_spd=2.06m/s end=goal t= 4759.0s
[TRAIN][PPO] ep=295/500 r=  -33.38 avg10=  477.82 steps=  77 succ10=0.80 touch10=0.80 col10=0.20 to10=0.00 min_d= 3.83 avg_spd=1.98m/s end=collision t= 4760.0s
[TRAIN][PPO] ep=296/500 r=  601.91 avg10=  477.24 steps=1425 succ10=0.80 touch10=0.80 col10=0.20 to10=0.00 min_d= 0.30 avg_spd=2.07m/s end=goal t= 4780.4s
[TRAIN][PPO] ep=297/500 r=  608.26 avg10=  477.33 steps=1440 succ10=0.80 touch10=0.80 col10=0.20 to10=0.00 min_d= 0.30 avg_spd=2.06m/s end=goal t= 4799.4s
[TRAIN][PPO] ep=298/500 r=  599.97 avg10=  477.52 steps=1427 succ10=0.80 touch10=0.80 col10=0.20 to10=0.00 min_d= 0.30 avg_spd=2.05m/s end=goal t= 4818.3s
[TRAIN][PPO] ep=299/500 r=  604.94 avg10=  478.18 steps=1434 succ10=0.80 touch10=0.80 col10=0.20 to10=0.00 min_d= 0.30 avg_spd=2.07m/s end=goal t= 4837.3s
[TRAIN][PPO] ep=300/500 r=  -27.76 avg10=  413.91 steps= 101 succ10=0.70 touch10=0.70 col10=0.30 to10=0.00 min_d= 3.83 avg_spd=1.95m/s end=collision t= 4841.7s ckpt=latest
[TRAIN][PPO] ep=301/500 r=  595.98 avg10=  476.18 steps=1401 succ10=0.80 touch10=0.80 col10=0.20 to10=0.00 min_d= 0.30 avg_spd=2.08m/s end=goal t= 4860.3s
[TRAIN][PPO] ep=302/500 r=  594.48 avg10=  474.76 steps=1401 succ10=0.80 touch10=0.80 col10=0.20 to10=0.00 min_d= 0.30 avg_spd=2.07m/s end=goal t= 4878.7s
[TRAIN][PPO] ep=303/500 r=  615.91 avg10=  476.17 steps=1469 succ10=0.80 touch10=0.80 col10=0.20 to10=0.00 min_d= 0.30 avg_spd=2.07m/s end=goal t= 4897.6s
[TRAIN][PPO] ep=304/500 r=  605.39 avg10=  476.57 steps=1452 succ10=0.80 touch10=0.80 col10=0.20 to10=0.00 min_d= 0.30 avg_spd=2.05m/s end=goal t= 4919.2s
[TRAIN][PPO] ep=305/500 r=  611.15 avg10=  541.02 steps=1457 succ10=0.90 touch10=0.90 col10=0.10 to10=0.00 min_d= 0.30 avg_spd=2.05m/s end=goal t= 4938.5s
[TRAIN][PPO] ep=306/500 r=  611.65 avg10=  541.99 steps=1457 succ10=0.90 touch10=0.90 col10=0.10 to10=0.00 min_d= 0.30 avg_spd=2.04m/s end=goal t= 4957.6s
[TRAIN][PPO] ep=307/500 r=  608.49 avg10=  542.02 steps=1449 succ10=0.90 touch10=0.90 col10=0.10 to10=0.00 min_d= 0.30 avg_spd=2.06m/s end=goal t= 4976.9s
[TRAIN][PPO] ep=308/500 r=  606.24 avg10=  542.65 steps=1449 succ10=0.90 touch10=0.90 col10=0.10 to10=0.00 min_d= 0.30 avg_spd=2.06m/s end=goal t= 4999.2s
[TRAIN][PPO] ep=309/500 r=  610.01 avg10=  543.15 steps=1449 succ10=0.90 touch10=0.90 col10=0.10 to10=0.00 min_d= 0.30 avg_spd=2.04m/s end=goal t= 5018.5s
[TRAIN][PPO] ep=310/500 r=  -25.67 avg10=  543.36 steps= 113 succ10=0.90 touch10=0.90 col10=0.10 to10=0.00 min_d= 3.83 avg_spd=1.98m/s end=collision t= 5020.0s
[TRAIN][PPO] ep=311/500 r=  610.06 avg10=  544.77 steps=1470 succ10=0.90 touch10=0.90 col10=0.10 to10=0.00 min_d= 0.30 avg_spd=2.05m/s end=goal t= 5039.2s
[TRAIN][PPO] ep=312/500 r=  613.61 avg10=  546.68 steps=1456 succ10=0.90 touch10=0.90 col10=0.10 to10=0.00 min_d= 0.30 avg_spd=2.07m/s end=goal t= 5059.7s
[TRAIN][PPO] ep=313/500 r=  -39.09 avg10=  481.18 steps=  46 succ10=0.80 touch10=0.80 col10=0.20 to10=0.00 min_d= 3.84 avg_spd=1.89m/s end=collision t= 5060.4s
[TRAIN][PPO] ep=314/500 r=  613.55 avg10=  482.00 steps=1458 succ10=0.80 touch10=0.80 col10=0.20 to10=0.00 min_d= 0.30 avg_spd=2.05m/s end=goal t= 5079.4s
[TRAIN][PPO] ep=315/500 r=  603.99 avg10=  481.28 steps=1436 succ10=0.80 touch10=0.80 col10=0.20 to10=0.00 min_d= 0.30 avg_spd=2.05m/s end=goal t= 5097.9s
[TRAIN][PPO] ep=316/500 r=  615.69 avg10=  481.69 steps=1463 succ10=0.80 touch10=0.80 col10=0.20 to10=0.00 min_d= 0.30 avg_spd=2.07m/s end=goal t= 5118.6s
[TRAIN][PPO] ep=317/500 r=  -37.25 avg10=  417.12 steps=  48 succ10=0.70 touch10=0.70 col10=0.30 to10=0.00 min_d= 3.84 avg_spd=1.87m/s end=collision t= 5119.3s
[TRAIN][PPO] ep=318/500 r=  619.30 avg10=  418.42 steps=1479 succ10=0.70 touch10=0.70 col10=0.30 to10=0.00 min_d= 0.30 avg_spd=2.05m/s end=goal t= 5138.6s
[TRAIN][PPO] ep=319/500 r=  611.09 avg10=  418.53 steps=1451 succ10=0.70 touch10=0.70 col10=0.30 to10=0.00 min_d= 0.30 avg_spd=2.05m/s end=goal t= 5157.4s
[TRAIN][PPO] ep=320/500 r=  602.05 avg10=  481.30 steps=1434 succ10=0.80 touch10=0.80 col10=0.20 to10=0.00 min_d= 0.30 avg_spd=2.04m/s end=goal t= 5176.4s
[TRAIN][PPO] ep=321/500 r=  -41.60 avg10=  416.13 steps=  38 succ10=0.70 touch10=0.70 col10=0.30 to10=0.00 min_d= 3.83 avg_spd=1.88m/s end=collision t= 5176.9s
[TRAIN][PPO] ep=322/500 r=  605.80 avg10=  415.35 steps=1458 succ10=0.70 touch10=0.70 col10=0.30 to10=0.00 min_d= 0.30 avg_spd=2.05m/s end=goal t= 5196.0s
[TRAIN][PPO] ep=323/500 r=  607.91 avg10=  480.05 steps=1454 succ10=0.80 touch10=0.80 col10=0.20 to10=0.00 min_d= 0.30 avg_spd=2.06m/s end=goal t= 5214.7s
[TRAIN][PPO] ep=324/500 r=  610.74 avg10=  479.77 steps=1452 succ10=0.80 touch10=0.80 col10=0.20 to10=0.00 min_d= 0.30 avg_spd=2.06m/s end=goal t= 5235.6s
[TRAIN][PPO] ep=325/500 r=  612.73 avg10=  480.65 steps=1465 succ10=0.80 touch10=0.80 col10=0.20 to10=0.00 min_d= 0.30 avg_spd=2.06m/s end=goal t= 5254.9s
[TRAIN][PPO] ep=326/500 r=  616.22 avg10=  480.70 steps=1474 succ10=0.80 touch10=0.80 col10=0.20 to10=0.00 min_d= 0.30 avg_spd=2.05m/s end=goal t= 5274.0s
[TRAIN][PPO] ep=327/500 r=  620.02 avg10=  546.43 steps=1481 succ10=0.90 touch10=0.90 col10=0.10 to10=0.00 min_d= 0.30 avg_spd=2.05m/s end=goal t= 5293.3s ckpt=best_goal
[TRAIN][PPO] ep=328/500 r=  611.09 avg10=  545.60 steps=1450 succ10=0.90 touch10=0.90 col10=0.10 to10=0.00 min_d= 0.30 avg_spd=2.06m/s end=goal t= 5314.1s
[TRAIN][PPO] ep=329/500 r=  616.13 avg10=  546.11 steps=1491 succ10=0.90 touch10=0.90 col10=0.10 to10=0.00 min_d= 0.30 avg_spd=2.05m/s end=goal t= 5333.6s
[TRAIN][PPO] ep=330/500 r=  604.17 avg10=  546.32 steps=1433 succ10=0.90 touch10=0.90 col10=0.10 to10=0.00 min_d= 0.30 avg_spd=2.05m/s end=goal t= 5352.6s
[TRAIN][PPO] ep=331/500 r=  612.14 avg10=  611.69 steps=1475 succ10=1.00 touch10=1.00 col10=0.00 to10=0.00 min_d= 0.30 avg_spd=2.05m/s end=goal t= 5372.1s
[TRAIN][PPO] ep=332/500 r=  612.63 avg10=  612.38 steps=1456 succ10=1.00 touch10=1.00 col10=0.00 to10=0.00 min_d= 0.30 avg_spd=2.06m/s end=goal t= 5393.5s
[TRAIN][PPO] ep=333/500 r=  603.20 avg10=  611.91 steps=1440 succ10=1.00 touch10=1.00 col10=0.00 to10=0.00 min_d= 0.30 avg_spd=2.05m/s end=goal t= 5412.6s
[TRAIN][PPO] ep=334/500 r=  600.99 avg10=  610.93 steps=1427 succ10=1.00 touch10=1.00 col10=0.00 to10=0.00 min_d= 0.30 avg_spd=2.06m/s end=goal t= 5431.2s
[TRAIN][PPO] ep=335/500 r=  613.01 avg10=  610.96 steps=1465 succ10=1.00 touch10=1.00 col10=0.00 to10=0.00 min_d= 0.30 avg_spd=2.06m/s end=goal t= 5450.6s
[TRAIN][PPO] ep=336/500 r=  618.08 avg10=  611.15 steps=1477 succ10=1.00 touch10=1.00 col10=0.00 to10=0.00 min_d= 0.30 avg_spd=2.06m/s end=goal t= 5471.7s
[TRAIN][PPO] ep=337/500 r=  605.10 avg10=  609.65 steps=1444 succ10=1.00 touch10=1.00 col10=0.00 to10=0.00 min_d= 0.30 avg_spd=2.08m/s end=goal t= 5490.7s
[TRAIN][PPO] ep=338/500 r=  -21.63 avg10=  546.38 steps= 115 succ10=0.90 touch10=0.90 col10=0.10 to10=0.00 min_d= 3.82 avg_spd=1.95m/s end=collision t= 5492.3s
[TRAIN][PPO] ep=339/500 r=  609.42 avg10=  545.71 steps=1457 succ10=0.90 touch10=0.90 col10=0.10 to10=0.00 min_d= 0.30 avg_spd=2.06m/s end=goal t= 5511.2s
[TRAIN][PPO] ep=340/500 r=  606.41 avg10=  545.94 steps=1442 succ10=0.90 touch10=0.90 col10=0.10 to10=0.00 min_d= 0.30 avg_spd=2.06m/s end=goal t= 5531.5s
[TRAIN][PPO] ep=341/500 r=  -38.41 avg10=  480.88 steps=  60 succ10=0.80 touch10=0.80 col10=0.20 to10=0.00 min_d= 3.82 avg_spd=1.98m/s end=collision t= 5532.4s
[TRAIN][PPO] ep=342/500 r=  601.71 avg10=  479.79 steps=1442 succ10=0.80 touch10=0.80 col10=0.20 to10=0.00 min_d= 0.30 avg_spd=2.05m/s end=goal t= 5550.8s
[TRAIN][PPO] ep=343/500 r=  -44.38 avg10=  415.03 steps=  20 succ10=0.70 touch10=0.70 col10=0.30 to10=0.00 min_d= 3.85 avg_spd=1.99m/s end=collision t= 5551.1s
[TRAIN][PPO] ep=344/500 r=  610.41 avg10=  415.97 steps=1465 succ10=0.70 touch10=0.70 col10=0.30 to10=0.00 min_d= 0.30 avg_spd=2.08m/s end=goal t= 5571.0s
[TRAIN][PPO] ep=345/500 r=  -24.44 avg10=  352.23 steps= 103 succ10=0.60 touch10=0.60 col10=0.40 to10=0.00 min_d= 3.83 avg_spd=1.99m/s end=collision t= 5572.4s
[TRAIN][PPO] ep=346/500 r=  -37.76 avg10=  286.64 steps=  53 succ10=0.50 touch10=0.50 col10=0.50 to10=0.00 min_d= 3.83 avg_spd=1.94m/s end=collision t= 5573.2s
[TRAIN][PPO] ep=347/500 r=  601.74 avg10=  286.31 steps=1450 succ10=0.50 touch10=0.50 col10=0.50 to10=0.00 min_d= 0.30 avg_spd=2.07m/s end=goal t= 5591.6s
[TRAIN][PPO] ep=348/500 r=  595.31 avg10=  348.00 steps=1433 succ10=0.60 touch10=0.60 col10=0.40 to10=0.00 min_d= 0.30 avg_spd=2.06m/s end=goal t= 5611.6s
[TRAIN][PPO] ep=349/500 r=  607.45 avg10=  347.80 steps=1442 succ10=0.60 touch10=0.60 col10=0.40 to10=0.00 min_d= 0.30 avg_spd=2.08m/s end=goal t= 5630.6s
[TRAIN][PPO] ep=350/500 r=  614.23 avg10=  348.59 steps=1467 succ10=0.60 touch10=0.60 col10=0.40 to10=0.00 min_d= 0.30 avg_spd=2.05m/s end=goal t= 5650.0s
[TRAIN][PPO] ep=351/500 r=  614.72 avg10=  413.90 steps=1474 succ10=0.70 touch10=0.70 col10=0.30 to10=0.00 min_d= 0.30 avg_spd=2.07m/s end=goal t= 5669.4s
[TRAIN][PPO] ep=352/500 r=  605.93 avg10=  414.32 steps=1442 succ10=0.70 touch10=0.70 col10=0.30 to10=0.00 min_d= 0.30 avg_spd=2.06m/s end=goal t= 5690.2s
[TRAIN][PPO] ep=353/500 r=  -32.01 avg10=  415.56 steps=  93 succ10=0.70 touch10=0.70 col10=0.30 to10=0.00 min_d= 3.81 avg_spd=2.02m/s end=collision t= 5691.5s
[TRAIN][PPO] ep=354/500 r=  619.01 avg10=  416.42 steps=1478 succ10=0.70 touch10=0.70 col10=0.30 to10=0.00 min_d= 0.30 avg_spd=2.05m/s end=goal t= 5710.2s
[TRAIN][PPO] ep=355/500 r=  604.98 avg10=  479.36 steps=1433 succ10=0.80 touch10=0.80 col10=0.20 to10=0.00 min_d= 0.30 avg_spd=2.06m/s end=goal t= 5728.2s
[TRAIN][PPO] ep=356/500 r=  -41.22 avg10=  479.02 steps=  38 succ10=0.80 touch10=0.80 col10=0.20 to10=0.00 min_d= 3.84 avg_spd=2.01m/s end=collision t= 5730.0s
[TRAIN][PPO] ep=357/500 r=  597.75 avg10=  478.62 steps=1418 succ10=0.80 touch10=0.80 col10=0.20 to10=0.00 min_d= 0.30 avg_spd=2.06m/s end=goal t= 5748.5s
[TRAIN][PPO] ep=358/500 r=  599.44 avg10=  479.03 steps=1423 succ10=0.80 touch10=0.80 col10=0.20 to10=0.00 min_d= 0.30 avg_spd=2.06m/s end=goal t= 5766.7s
[TRAIN][PPO] ep=359/500 r=  602.64 avg10=  478.55 steps=1443 succ10=0.80 touch10=0.80 col10=0.20 to10=0.00 min_d= 0.30 avg_spd=2.07m/s end=goal t= 5785.2s
[TRAIN][PPO] ep=360/500 r=  610.32 avg10=  478.16 steps=1458 succ10=0.80 touch10=0.80 col10=0.20 to10=0.00 min_d= 0.30 avg_spd=2.07m/s end=goal t= 5805.5s
[TRAIN][PPO] ep=361/500 r=  615.68 avg10=  478.25 steps=1478 succ10=0.80 touch10=0.80 col10=0.20 to10=0.00 min_d= 0.30 avg_spd=2.05m/s end=goal t= 5824.7s
[TRAIN][PPO] ep=362/500 r=  -27.91 avg10=  414.87 steps=  87 succ10=0.70 touch10=0.70 col10=0.30 to10=0.00 min_d= 3.83 avg_spd=2.07m/s end=collision t= 5825.9s
[TRAIN][PPO] ep=363/500 r=  597.86 avg10=  477.86 steps=1432 succ10=0.80 touch10=0.80 col10=0.20 to10=0.00 min_d= 0.30 avg_spd=2.06m/s end=goal t= 5844.6s
[TRAIN][PPO] ep=364/500 r=  612.60 avg10=  477.21 steps=1462 succ10=0.80 touch10=0.80 col10=0.20 to10=0.00 min_d= 0.30 avg_spd=2.05m/s end=goal t= 5865.3s
[TRAIN][PPO] ep=365/500 r=  606.82 avg10=  477.40 steps=1473 succ10=0.80 touch10=0.80 col10=0.20 to10=0.00 min_d= 0.30 avg_spd=2.04m/s end=goal t= 5884.9s
[TRAIN][PPO] ep=366/500 r=  597.80 avg10=  541.30 steps=1419 succ10=0.90 touch10=0.90 col10=0.10 to10=0.00 min_d= 0.30 avg_spd=2.06m/s end=goal t= 5903.2s
[TRAIN][PPO] ep=367/500 r=  -39.81 avg10=  477.54 steps=  33 succ10=0.80 touch10=0.80 col10=0.20 to10=0.00 min_d= 3.85 avg_spd=1.97m/s end=collision t= 5903.7s
[TRAIN][PPO] ep=368/500 r=  594.61 avg10=  477.06 steps=1418 succ10=0.80 touch10=0.80 col10=0.20 to10=0.00 min_d= 0.30 avg_spd=2.07m/s end=goal t= 5924.6s
[TRAIN][PPO] ep=369/500 r=  606.25 avg10=  477.42 steps=1470 succ10=0.80 touch10=0.80 col10=0.20 to10=0.00 min_d= 0.30 avg_spd=2.05m/s end=goal t= 5943.7s
[TRAIN][PPO] ep=370/500 r=  604.58 avg10=  476.85 steps=1445 succ10=0.80 touch10=0.80 col10=0.20 to10=0.00 min_d= 0.30 avg_spd=2.08m/s end=goal t= 5962.4s
[TRAIN][PPO] ep=371/500 r=  603.76 avg10=  475.66 steps=1438 succ10=0.80 touch10=0.80 col10=0.20 to10=0.00 min_d= 0.30 avg_spd=2.08m/s end=goal t= 5981.3s
[TRAIN][PPO] ep=372/500 r=  613.90 avg10=  539.84 steps=1471 succ10=0.90 touch10=0.90 col10=0.10 to10=0.00 min_d= 0.30 avg_spd=2.07m/s end=goal t= 6002.0s
[TRAIN][PPO] ep=373/500 r=  -25.10 avg10=  477.54 steps= 129 succ10=0.80 touch10=0.80 col10=0.20 to10=0.00 min_d= 3.82 avg_spd=2.05m/s end=collision t= 6003.8s
[TRAIN][PPO] ep=374/500 r=  594.53 avg10=  475.73 steps=1407 succ10=0.80 touch10=0.80 col10=0.20 to10=0.00 min_d= 0.30 avg_spd=2.07m/s end=goal t= 6022.2s
[TRAIN][PPO] ep=375/500 r=  594.25 avg10=  474.48 steps=1407 succ10=0.80 touch10=0.80 col10=0.20 to10=0.00 min_d= 0.30 avg_spd=2.08m/s end=goal t= 6040.2s
[TRAIN][PPO] ep=376/500 r=  -34.29 avg10=  411.27 steps=  50 succ10=0.70 touch10=0.70 col10=0.30 to10=0.00 min_d= 3.83 avg_spd=2.01m/s end=collision t= 6042.0s
[TRAIN][PPO] ep=377/500 r=  604.90 avg10=  475.74 steps=1435 succ10=0.80 touch10=0.80 col10=0.20 to10=0.00 min_d= 0.30 avg_spd=2.08m/s end=goal t= 6060.6s
[TRAIN][PPO] ep=378/500 r=  599.49 avg10=  476.23 steps=1450 succ10=0.80 touch10=0.80 col10=0.20 to10=0.00 min_d= 0.30 avg_spd=2.06m/s end=goal t= 6079.6s
[TRAIN][PPO] ep=379/500 r=  604.13 avg10=  476.02 steps=1447 succ10=0.80 touch10=0.80 col10=0.20 to10=0.00 min_d= 0.30 avg_spd=2.05m/s end=goal t= 6098.4s
[TRAIN][PPO] ep=380/500 r=  613.50 avg10=  476.91 steps=1468 succ10=0.80 touch10=0.80 col10=0.20 to10=0.00 min_d= 0.30 avg_spd=2.07m/s end=goal t= 6118.9s
[TRAIN][PPO] ep=381/500 r=  597.96 avg10=  476.33 steps=1429 succ10=0.80 touch10=0.80 col10=0.20 to10=0.00 min_d= 0.30 avg_spd=2.08m/s end=goal t= 6137.6s
[TRAIN][PPO] ep=382/500 r=  599.33 avg10=  474.87 steps=1432 succ10=0.80 touch10=0.80 col10=0.20 to10=0.00 min_d= 0.30 avg_spd=2.08m/s end=goal t= 6156.1s
[TRAIN][PPO] ep=383/500 r=  615.14 avg10=  538.89 steps=1478 succ10=0.90 touch10=0.90 col10=0.10 to10=0.00 min_d= 0.30 avg_spd=2.06m/s end=goal t= 6175.4s
[TRAIN][PPO] ep=384/500 r=  -42.62 avg10=  475.18 steps=  27 succ10=0.80 touch10=0.80 col10=0.20 to10=0.00 min_d= 3.85 avg_spd=1.96m/s end=collision t= 6177.5s
[TRAIN][PPO] ep=385/500 r=  605.75 avg10=  476.33 steps=1459 succ10=0.80 touch10=0.80 col10=0.20 to10=0.00 min_d= 0.30 avg_spd=2.06m/s end=goal t= 6196.4s
[TRAIN][PPO] ep=386/500 r=  603.91 avg10=  540.15 steps=1439 succ10=0.90 touch10=0.90 col10=0.10 to10=0.00 min_d= 0.30 avg_spd=2.06m/s end=goal t= 6214.9s
[TRAIN][PPO] ep=387/500 r=  612.52 avg10=  540.91 steps=1459 succ10=0.90 touch10=0.90 col10=0.10 to10=0.00 min_d= 0.30 avg_spd=2.07m/s end=goal t= 6234.0s
[TRAIN][PPO] ep=388/500 r=  611.10 avg10=  542.07 steps=1468 succ10=0.90 touch10=0.90 col10=0.10 to10=0.00 min_d= 0.30 avg_spd=2.07m/s end=goal t= 6255.0s
[TRAIN][PPO] ep=389/500 r=  -37.80 avg10=  477.88 steps=  50 succ10=0.80 touch10=0.80 col10=0.20 to10=0.00 min_d= 3.83 avg_spd=2.13m/s end=collision t= 6255.7s
[TRAIN][PPO] ep=390/500 r=   16.01 avg10=  418.13 steps= 202 succ10=0.70 touch10=0.70 col10=0.30 to10=0.00 min_d= 3.51 avg_spd=2.00m/s end=collision t= 6258.3s
[TRAIN][PPO] ep=391/500 r=  619.09 avg10=  420.24 steps=1487 succ10=0.70 touch10=0.70 col10=0.30 to10=0.00 min_d= 0.30 avg_spd=2.05m/s end=goal t= 6277.9s
[TRAIN][PPO] ep=392/500 r=  608.94 avg10=  421.20 steps=1453 succ10=0.70 touch10=0.70 col10=0.30 to10=0.00 min_d= 0.30 avg_spd=2.07m/s end=goal t= 6297.9s
[TRAIN][PPO] ep=393/500 r=  593.79 avg10=  419.07 steps=1403 succ10=0.70 touch10=0.70 col10=0.30 to10=0.00 min_d= 0.30 avg_spd=2.09m/s end=goal t= 6316.0s
[TRAIN][PPO] ep=394/500 r=  609.65 avg10=  484.30 steps=1471 succ10=0.80 touch10=0.80 col10=0.20 to10=0.00 min_d= 0.30 avg_spd=2.07m/s end=goal t= 6335.4s
[TRAIN][PPO] ep=395/500 r=  609.33 avg10=  484.65 steps=1475 succ10=0.80 touch10=0.80 col10=0.20 to10=0.00 min_d= 0.30 avg_spd=2.06m/s end=goal t= 6354.9s
[TRAIN][PPO] ep=396/500 r=  606.66 avg10=  484.93 steps=1464 succ10=0.80 touch10=0.80 col10=0.20 to10=0.00 min_d= 0.30 avg_spd=2.07m/s end=goal t= 6375.8s
[TRAIN][PPO] ep=397/500 r=  614.28 avg10=  485.10 steps=1472 succ10=0.80 touch10=0.80 col10=0.20 to10=0.00 min_d= 0.30 avg_spd=2.07m/s end=goal t= 6395.1s
[TRAIN][PPO] ep=398/500 r=  598.05 avg10=  483.80 steps=1414 succ10=0.80 touch10=0.80 col10=0.20 to10=0.00 min_d= 0.30 avg_spd=2.07m/s end=goal t= 6413.7s
[TRAIN][PPO] ep=399/500 r=  616.15 avg10=  549.19 steps=1482 succ10=0.90 touch10=0.90 col10=0.10 to10=0.00 min_d= 0.30 avg_spd=2.05m/s end=goal t= 6433.0s
[TRAIN][PPO] ep=400/500 r=  599.01 avg10=  607.49 steps=1444 succ10=1.00 touch10=1.00 col10=0.00 to10=0.00 min_d= 0.30 avg_spd=2.06m/s end=goal t= 6453.8s ckpt=latest
[TRAIN][PPO] ep=401/500 r=  604.57 avg10=  606.04 steps=1434 succ10=1.00 touch10=1.00 col10=0.00 to10=0.00 min_d= 0.30 avg_spd=2.06m/s end=goal t= 6472.8s
[TRAIN][PPO] ep=402/500 r=  609.14 avg10=  606.06 steps=1449 succ10=1.00 touch10=1.00 col10=0.00 to10=0.00 min_d= 0.30 avg_spd=2.07m/s end=goal t= 6491.7s
[TRAIN][PPO] ep=403/500 r=  -38.93 avg10=  542.79 steps=  39 succ10=0.90 touch10=0.90 col10=0.10 to10=0.00 min_d= 3.81 avg_spd=1.80m/s end=collision t= 6492.3s
[TRAIN][PPO] ep=404/500 r=  -24.36 avg10=  479.39 steps= 113 succ10=0.80 touch10=0.80 col10=0.20 to10=0.00 min_d= 3.82 avg_spd=2.00m/s end=collision t= 6494.8s
[TRAIN][PPO] ep=405/500 r=  605.88 avg10=  479.04 steps=1458 succ10=0.80 touch10=0.80 col10=0.20 to10=0.00 min_d= 0.30 avg_spd=2.04m/s end=goal t= 6513.4s
[TRAIN][PPO] ep=406/500 r=  598.41 avg10=  478.22 steps=1409 succ10=0.80 touch10=0.80 col10=0.20 to10=0.00 min_d= 0.30 avg_spd=2.06m/s end=goal t= 6531.4s
[TRAIN][PPO] ep=407/500 r=  607.82 avg10=  477.57 steps=1443 succ10=0.80 touch10=0.80 col10=0.20 to10=0.00 min_d= 0.30 avg_spd=2.06m/s end=goal t= 6550.1s
[TRAIN][PPO] ep=408/500 r=  610.01 avg10=  478.77 steps=1446 succ10=0.80 touch10=0.80 col10=0.20 to10=0.00 min_d= 0.30 avg_spd=2.05m/s end=goal t= 6570.6s
[TRAIN][PPO] ep=409/500 r=  602.94 avg10=  477.45 steps=1429 succ10=0.80 touch10=0.80 col10=0.20 to10=0.00 min_d= 0.30 avg_spd=2.04m/s end=goal t= 6589.2s
[TRAIN][PPO] ep=410/500 r=  613.80 avg10=  478.93 steps=1459 succ10=0.80 touch10=0.80 col10=0.20 to10=0.00 min_d= 0.30 avg_spd=2.06m/s end=goal t= 6608.1s
[TRAIN][PPO] ep=411/500 r=  -44.62 avg10=  414.01 steps=  20 succ10=0.70 touch10=0.70 col10=0.30 to10=0.00 min_d= 3.84 avg_spd=2.21m/s end=collision t= 6608.5s
[TRAIN][PPO] ep=412/500 r=  598.47 avg10=  412.94 steps=1415 succ10=0.70 touch10=0.70 col10=0.30 to10=0.00 min_d= 0.30 avg_spd=2.07m/s end=goal t= 6629.4s
[TRAIN][PPO] ep=413/500 r=  -22.22 avg10=  414.61 steps= 125 succ10=0.70 touch10=0.70 col10=0.30 to10=0.00 min_d= 3.81 avg_spd=2.05m/s end=collision t= 6631.1s
[TRAIN][PPO] ep=414/500 r=  610.09 avg10=  478.06 steps=1462 succ10=0.80 touch10=0.80 col10=0.20 to10=0.00 min_d= 0.30 avg_spd=2.07m/s end=goal t= 6650.4s
[TRAIN][PPO] ep=415/500 r=  603.54 avg10=  477.82 steps=1436 succ10=0.80 touch10=0.80 col10=0.20 to10=0.00 min_d= 0.30 avg_spd=2.06m/s end=goal t= 6669.1s
[TRAIN][PPO] ep=416/500 r=  608.73 avg10=  478.86 steps=1446 succ10=0.80 touch10=0.80 col10=0.20 to10=0.00 min_d= 0.30 avg_spd=2.05m/s end=goal t= 6689.8s
[TRAIN][PPO] ep=417/500 r=  595.68 avg10=  477.64 steps=1404 succ10=0.80 touch10=0.80 col10=0.20 to10=0.00 min_d= 0.30 avg_spd=2.07m/s end=goal t= 6708.3s
[TRAIN][PPO] ep=418/500 r=  611.90 avg10=  477.83 steps=1454 succ10=0.80 touch10=0.80 col10=0.20 to10=0.00 min_d= 0.30 avg_spd=2.06m/s end=goal t= 6727.4s
[TRAIN][PPO] ep=419/500 r=  612.67 avg10=  478.80 steps=1462 succ10=0.80 touch10=0.80 col10=0.20 to10=0.00 min_d= 0.30 avg_spd=2.06m/s end=goal t= 6746.5s
[TRAIN][PPO] ep=420/500 r=  616.71 avg10=  479.10 steps=1488 succ10=0.80 touch10=0.80 col10=0.20 to10=0.00 min_d= 0.30 avg_spd=2.05m/s end=goal t= 6768.0s
[TRAIN][PPO] ep=421/500 r=  603.28 avg10=  543.89 steps=1428 succ10=0.90 touch10=0.90 col10=0.10 to10=0.00 min_d= 0.30 avg_spd=2.07m/s end=goal t= 6786.9s
[TRAIN][PPO] ep=422/500 r=  -36.07 avg10=  480.43 steps=  62 succ10=0.80 touch10=0.80 col10=0.20 to10=0.00 min_d= 3.83 avg_spd=2.01m/s end=collision t= 6787.8s
[TRAIN][PPO] ep=423/500 r=  592.87 avg10=  541.94 steps=1399 succ10=0.90 touch10=0.90 col10=0.10 to10=0.00 min_d= 0.30 avg_spd=2.09m/s end=goal t= 6806.0s
[TRAIN][PPO] ep=424/500 r=  606.80 avg10=  541.61 steps=1441 succ10=0.90 touch10=0.90 col10=0.10 to10=0.00 min_d= 0.30 avg_spd=2.09m/s end=goal t= 6826.3s
[TRAIN][PPO] ep=425/500 r=  -29.68 avg10=  478.29 steps=  64 succ10=0.80 touch10=0.80 col10=0.20 to10=0.00 min_d= 3.83 avg_spd=1.97m/s end=collision t= 6827.2s
[TRAIN][PPO] ep=426/500 r=  611.54 avg10=  478.57 steps=1455 succ10=0.80 touch10=0.80 col10=0.20 to10=0.00 min_d= 0.30 avg_spd=2.07m/s end=goal t= 6846.5s
[TRAIN][PPO] ep=427/500 r=  -33.43 avg10=  415.66 steps=  92 succ10=0.70 touch10=0.70 col10=0.30 to10=0.00 min_d= 3.81 avg_spd=2.03m/s end=collision t= 6847.7s
[TRAIN][PPO] ep=428/500 r=  604.27 avg10=  414.90 steps=1430 succ10=0.70 touch10=0.70 col10=0.30 to10=0.00 min_d= 0.30 avg_spd=2.06m/s end=goal t= 6867.5s
[TRAIN][PPO] ep=429/500 r=  613.06 avg10=  414.93 steps=1464 succ10=0.70 touch10=0.70 col10=0.30 to10=0.00 min_d= 0.30 avg_spd=2.06m/s end=goal t= 6886.7s
[TRAIN][PPO] ep=430/500 r=  597.62 avg10=  413.03 steps=1411 succ10=0.70 touch10=0.70 col10=0.30 to10=0.00 min_d= 0.30 avg_spd=2.06m/s end=goal t= 6905.2s
[TRAIN][PPO] ep=431/500 r=  597.04 avg10=  412.40 steps=1413 succ10=0.70 touch10=0.70 col10=0.30 to10=0.00 min_d= 0.30 avg_spd=2.08m/s end=goal t= 6923.6s
[TRAIN][PPO] ep=432/500 r=  603.28 avg10=  476.34 steps=1433 succ10=0.80 touch10=0.80 col10=0.20 to10=0.00 min_d= 0.30 avg_spd=2.08m/s end=goal t= 6944.1s
[TRAIN][PPO] ep=433/500 r=  615.92 avg10=  478.64 steps=1462 succ10=0.80 touch10=0.80 col10=0.20 to10=0.00 min_d= 0.30 avg_spd=2.06m/s end=goal t= 6963.3s
[TRAIN][PPO] ep=434/500 r=  606.30 avg10=  478.59 steps=1434 succ10=0.80 touch10=0.80 col10=0.20 to10=0.00 min_d= 0.30 avg_spd=2.06m/s end=goal t= 6982.1s
[TRAIN][PPO] ep=435/500 r=  608.30 avg10=  542.39 steps=1453 succ10=0.90 touch10=0.90 col10=0.10 to10=0.00 min_d= 0.30 avg_spd=2.06m/s end=goal t= 7001.2s
[TRAIN][PPO] ep=436/500 r=  606.09 avg10=  541.85 steps=1433 succ10=0.90 touch10=0.90 col10=0.10 to10=0.00 min_d= 0.30 avg_spd=2.08m/s end=goal t= 7023.3s
[TRAIN][PPO] ep=437/500 r=  615.31 avg10=  606.72 steps=1459 succ10=1.00 touch10=1.00 col10=0.00 to10=0.00 min_d= 0.30 avg_spd=2.06m/s end=goal t= 7042.7s
[TRAIN][PPO] ep=438/500 r=  609.15 avg10=  607.21 steps=1450 succ10=1.00 touch10=1.00 col10=0.00 to10=0.00 min_d= 0.30 avg_spd=2.08m/s end=goal t= 7062.0s
[TRAIN][PPO] ep=439/500 r=  601.76 avg10=  606.08 steps=1417 succ10=1.00 touch10=1.00 col10=0.00 to10=0.00 min_d= 0.30 avg_spd=2.08m/s end=goal t= 7081.1s
[TRAIN][PPO] ep=440/500 r=  599.25 avg10=  606.24 steps=1432 succ10=1.00 touch10=1.00 col10=0.00 to10=0.00 min_d= 0.30 avg_spd=2.07m/s end=goal t= 7102.1s
[TRAIN][PPO] ep=441/500 r=  -26.38 avg10=  543.90 steps= 129 succ10=0.90 touch10=0.90 col10=0.10 to10=0.00 min_d= 3.81 avg_spd=2.00m/s end=collision t= 7103.9s
[TRAIN][PPO] ep=442/500 r=  595.98 avg10=  543.17 steps=1406 succ10=0.90 touch10=0.90 col10=0.10 to10=0.00 min_d= 0.30 avg_spd=2.07m/s end=goal t= 7122.6s
[TRAIN][PPO] ep=443/500 r=  618.60 avg10=  543.44 steps=1473 succ10=0.90 touch10=0.90 col10=0.10 to10=0.00 min_d= 0.30 avg_spd=2.05m/s end=goal t= 7142.2s
[TRAIN][PPO] ep=444/500 r=  612.11 avg10=  544.02 steps=1453 succ10=0.90 touch10=0.90 col10=0.10 to10=0.00 min_d= 0.30 avg_spd=2.07m/s end=goal t= 7162.9s
[TRAIN][PPO] ep=445/500 r=  612.99 avg10=  544.49 steps=1454 succ10=0.90 touch10=0.90 col10=0.10 to10=0.00 min_d= 0.30 avg_spd=2.05m/s end=goal t= 7182.0s
[TRAIN][PPO] ep=446/500 r=  607.56 avg10=  544.63 steps=1438 succ10=0.90 touch10=0.90 col10=0.10 to10=0.00 min_d= 0.30 avg_spd=2.08m/s end=goal t= 7200.9s
[TRAIN][PPO] ep=447/500 r=  600.89 avg10=  543.19 steps=1413 succ10=0.90 touch10=0.90 col10=0.10 to10=0.00 min_d= 0.30 avg_spd=2.07m/s end=goal t= 7219.7s
[TRAIN][PPO] ep=448/500 r=  603.39 avg10=  542.62 steps=1429 succ10=0.90 touch10=0.90 col10=0.10 to10=0.00 min_d= 0.30 avg_spd=2.06m/s end=goal t= 7240.3s
[TRAIN][PPO] ep=449/500 r=  597.23 avg10=  542.16 steps=1409 succ10=0.90 touch10=0.90 col10=0.10 to10=0.00 min_d= 0.30 avg_spd=2.06m/s end=goal t= 7258.6s
[TRAIN][PPO] ep=450/500 r=  609.95 avg10=  543.23 steps=1447 succ10=0.90 touch10=0.90 col10=0.10 to10=0.00 min_d= 0.30 avg_spd=2.09m/s end=goal t= 7277.7s
[TRAIN][PPO] ep=451/500 r=  612.51 avg10=  607.12 steps=1449 succ10=1.00 touch10=1.00 col10=0.00 to10=0.00 min_d= 0.30 avg_spd=2.08m/s end=goal t= 7296.7s
[TRAIN][PPO] ep=452/500 r=  596.24 avg10=  607.15 steps=1402 succ10=1.00 touch10=1.00 col10=0.00 to10=0.00 min_d= 0.30 avg_spd=2.08m/s end=goal t= 7318.3s
[TRAIN][PPO] ep=453/500 r=  596.06 avg10=  604.89 steps=1423 succ10=1.00 touch10=1.00 col10=0.00 to10=0.00 min_d= 0.30 avg_spd=2.08m/s end=goal t= 7336.7s
[TRAIN][PPO] ep=454/500 r=  608.42 avg10=  604.53 steps=1458 succ10=1.00 touch10=1.00 col10=0.00 to10=0.00 min_d= 0.30 avg_spd=2.08m/s end=goal t= 7355.2s
[TRAIN][PPO] ep=455/500 r=  602.18 avg10=  603.44 steps=1431 succ10=1.00 touch10=1.00 col10=0.00 to10=0.00 min_d= 0.30 avg_spd=2.05m/s end=goal t= 7373.5s
[TRAIN][PPO] ep=456/500 r=  597.62 avg10=  602.45 steps=1443 succ10=1.00 touch10=1.00 col10=0.00 to10=0.00 min_d= 0.30 avg_spd=2.05m/s end=goal t= 7395.6s
[TRAIN][PPO] ep=457/500 r=  -26.07 avg10=  539.75 steps= 109 succ10=0.90 touch10=0.90 col10=0.10 to10=0.00 min_d= 3.82 avg_spd=2.02m/s end=collision t= 7397.0s
[TRAIN][PPO] ep=458/500 r=  -24.65 avg10=  476.95 steps= 102 succ10=0.80 touch10=0.80 col10=0.20 to10=0.00 min_d= 3.84 avg_spd=2.06m/s end=collision t= 7398.4s
[TRAIN][PPO] ep=459/500 r=  595.40 avg10=  476.77 steps=1401 succ10=0.80 touch10=0.80 col10=0.20 to10=0.00 min_d= 0.30 avg_spd=2.09m/s end=goal t= 7416.9s
[TRAIN][PPO] ep=460/500 r=  614.30 avg10=  477.20 steps=1461 succ10=0.80 touch10=0.80 col10=0.20 to10=0.00 min_d= 0.30 avg_spd=2.04m/s end=goal t= 7437.4s
[TRAIN][PPO] ep=461/500 r=  -38.48 avg10=  412.10 steps=  60 succ10=0.70 touch10=0.70 col10=0.30 to10=0.00 min_d= 3.82 avg_spd=1.92m/s end=collision t= 7438.2s
[TRAIN][PPO] ep=462/500 r=  -33.03 avg10=  349.17 steps=  96 succ10=0.60 touch10=0.60 col10=0.40 to10=0.00 min_d= 3.81 avg_spd=2.01m/s end=collision t= 7439.6s
[TRAIN][PPO] ep=463/500 r=  596.07 avg10=  349.17 steps=1412 succ10=0.60 touch10=0.60 col10=0.40 to10=0.00 min_d= 0.30 avg_spd=2.07m/s end=goal t= 7458.1s
[TRAIN][PPO] ep=464/500 r=  599.62 avg10=  348.29 steps=1414 succ10=0.60 touch10=0.60 col10=0.40 to10=0.00 min_d= 0.30 avg_spd=2.07m/s end=goal t= 7477.8s
[TRAIN][PPO] ep=465/500 r=  593.81 avg10=  347.46 steps=1400 succ10=0.60 touch10=0.60 col10=0.40 to10=0.00 min_d= 0.30 avg_spd=2.08m/s end=goal t= 7496.3s
[TRAIN][PPO] ep=466/500 r=  597.08 avg10=  347.41 steps=1412 succ10=0.60 touch10=0.60 col10=0.40 to10=0.00 min_d= 0.30 avg_spd=2.07m/s end=goal t= 7514.8s
[TRAIN][PPO] ep=467/500 r=  605.60 avg10=  410.57 steps=1431 succ10=0.70 touch10=0.70 col10=0.30 to10=0.00 min_d= 0.30 avg_spd=2.08m/s end=goal t= 7533.6s
[TRAIN][PPO] ep=468/500 r=  606.48 avg10=  473.68 steps=1453 succ10=0.80 touch10=0.80 col10=0.20 to10=0.00 min_d= 0.30 avg_spd=2.05m/s end=goal t= 7554.3s
[TRAIN][PPO] ep=469/500 r=  -31.19 avg10=  411.03 steps=  65 succ10=0.70 touch10=0.70 col10=0.30 to10=0.00 min_d= 3.84 avg_spd=2.00m/s end=collision t= 7555.3s
[TRAIN][PPO] ep=470/500 r=  602.84 avg10=  409.88 steps=1429 succ10=0.70 touch10=0.70 col10=0.30 to10=0.00 min_d= 0.30 avg_spd=2.07m/s end=goal t= 7573.8s
[TRAIN][PPO] ep=471/500 r=  596.04 avg10=  473.33 steps=1408 succ10=0.80 touch10=0.80 col10=0.20 to10=0.00 min_d= 0.30 avg_spd=2.07m/s end=goal t= 7591.9s
[TRAIN][PPO] ep=472/500 r=  595.69 avg10=  536.20 steps=1420 succ10=0.90 touch10=0.90 col10=0.10 to10=0.00 min_d= 0.30 avg_spd=2.07m/s end=goal t= 7612.0s
[TRAIN][PPO] ep=473/500 r=  -25.69 avg10=  474.03 steps=  75 succ10=0.80 touch10=0.80 col10=0.20 to10=0.00 min_d= 3.85 avg_spd=2.04m/s end=collision t= 7613.1s
[TRAIN][PPO] ep=474/500 r=  615.49 avg10=  475.61 steps=1461 succ10=0.80 touch10=0.80 col10=0.20 to10=0.00 min_d= 0.30 avg_spd=2.06m/s end=goal t= 7632.3s
[TRAIN][PPO] ep=475/500 r=  592.47 avg10=  475.48 steps=1393 succ10=0.80 touch10=0.80 col10=0.20 to10=0.00 min_d= 0.30 avg_spd=2.09m/s end=goal t= 7650.6s
[TRAIN][PPO] ep=476/500 r=  -30.24 avg10=  412.75 steps=  68 succ10=0.70 touch10=0.70 col10=0.30 to10=0.00 min_d= 3.82 avg_spd=1.98m/s end=collision t= 7652.5s
[TRAIN][PPO] ep=477/500 r=  600.96 avg10=  412.28 steps=1433 succ10=0.70 touch10=0.70 col10=0.30 to10=0.00 min_d= 0.30 avg_spd=2.06m/s end=goal t= 7670.5s
[TRAIN][PPO] ep=478/500 r=  600.73 avg10=  411.71 steps=1414 succ10=0.70 touch10=0.70 col10=0.30 to10=0.00 min_d= 0.30 avg_spd=2.06m/s end=goal t= 7688.7s
[TRAIN][PPO] ep=479/500 r=  612.19 avg10=  476.05 steps=1475 succ10=0.80 touch10=0.80 col10=0.20 to10=0.00 min_d= 0.30 avg_spd=2.06m/s end=goal t= 7708.3s
[TRAIN][PPO] ep=480/500 r=  603.85 avg10=  476.15 steps=1447 succ10=0.80 touch10=0.80 col10=0.20 to10=0.00 min_d= 0.30 avg_spd=2.08m/s end=goal t= 7729.9s
[TRAIN][PPO] ep=481/500 r=  593.59 avg10=  475.90 steps=1408 succ10=0.80 touch10=0.80 col10=0.20 to10=0.00 min_d= 0.30 avg_spd=2.08m/s end=goal t= 7748.6s
[TRAIN][PPO] ep=482/500 r=  603.53 avg10=  476.69 steps=1424 succ10=0.80 touch10=0.80 col10=0.20 to10=0.00 min_d= 0.30 avg_spd=2.07m/s end=goal t= 7767.1s
[TRAIN][PPO] ep=483/500 r=  -25.30 avg10=  476.73 steps= 134 succ10=0.80 touch10=0.80 col10=0.20 to10=0.00 min_d= 3.80 avg_spd=2.05m/s end=collision t= 7768.9s
[TRAIN][PPO] ep=484/500 r=  605.76 avg10=  475.75 steps=1429 succ10=0.80 touch10=0.80 col10=0.20 to10=0.00 min_d= 0.30 avg_spd=2.10m/s end=goal t= 7788.2s
[TRAIN][PPO] ep=485/500 r=  604.10 avg10=  476.92 steps=1428 succ10=0.80 touch10=0.80 col10=0.20 to10=0.00 min_d= 0.30 avg_spd=2.07m/s end=goal t= 7806.7s
[TRAIN][PPO] ep=486/500 r=  599.86 avg10=  539.93 steps=1415 succ10=0.90 touch10=0.90 col10=0.10 to10=0.00 min_d= 0.30 avg_spd=2.08m/s end=goal t= 7824.7s
[TRAIN][PPO] ep=487/500 r=  -39.16 avg10=  475.92 steps=  53 succ10=0.80 touch10=0.80 col10=0.20 to10=0.00 min_d= 3.83 avg_spd=2.06m/s end=collision t= 7825.5s
[TRAIN][PPO] ep=488/500 r=  -29.86 avg10=  412.86 steps= 111 succ10=0.70 touch10=0.70 col10=0.30 to10=0.00 min_d= 3.81 avg_spd=2.07m/s end=collision t= 7828.0s
[TRAIN][PPO] ep=489/500 r=  -24.63 avg10=  349.17 steps= 130 succ10=0.60 touch10=0.60 col10=0.40 to10=0.00 min_d= 3.81 avg_spd=2.09m/s end=collision t= 7829.8s
[TRAIN][PPO] ep=490/500 r=  604.73 avg10=  349.26 steps=1428 succ10=0.60 touch10=0.60 col10=0.40 to10=0.00 min_d= 0.30 avg_spd=2.10m/s end=goal t= 7848.1s
[TRAIN][PPO] ep=491/500 r=  610.41 avg10=  350.94 steps=1446 succ10=0.60 touch10=0.60 col10=0.40 to10=0.00 min_d= 0.30 avg_spd=2.07m/s end=goal t= 7866.8s
[TRAIN][PPO] ep=492/500 r=  597.83 avg10=  350.37 steps=1411 succ10=0.60 touch10=0.60 col10=0.40 to10=0.00 min_d= 0.30 avg_spd=2.08m/s end=goal t= 7886.2s
[TRAIN][PPO] ep=493/500 r=  -29.99 avg10=  349.90 steps=  84 succ10=0.60 touch10=0.60 col10=0.40 to10=0.00 min_d= 3.83 avg_spd=2.06m/s end=collision t= 7887.4s
[TRAIN][PPO] ep=494/500 r=  596.46 avg10=  348.97 steps=1431 succ10=0.60 touch10=0.60 col10=0.40 to10=0.00 min_d= 0.30 avg_spd=2.06m/s end=goal t= 7905.2s
[TRAIN][PPO] ep=495/500 r=  612.49 avg10=  349.81 steps=1481 succ10=0.60 touch10=0.60 col10=0.40 to10=0.00 min_d= 0.30 avg_spd=2.06m/s end=goal t= 7924.1s
[TRAIN][PPO] ep=496/500 r=  605.18 avg10=  350.35 steps=1431 succ10=0.60 touch10=0.60 col10=0.40 to10=0.00 min_d= 0.30 avg_spd=2.09m/s end=goal t= 7944.1s
[TRAIN][PPO] ep=497/500 r=  611.44 avg10=  415.41 steps=1460 succ10=0.70 touch10=0.70 col10=0.30 to10=0.00 min_d= 0.30 avg_spd=2.07m/s end=goal t= 7962.9s
[TRAIN][PPO] ep=498/500 r=  598.85 avg10=  478.28 steps=1443 succ10=0.80 touch10=0.80 col10=0.20 to10=0.00 min_d= 0.30 avg_spd=2.04m/s end=goal t= 7981.4s
[TRAIN][PPO] ep=499/500 r=  599.31 avg10=  540.67 steps=1443 succ10=0.90 touch10=0.90 col10=0.10 to10=0.00 min_d= 0.30 avg_spd=2.07m/s end=goal t= 8000.0s
INFO: PPO: Terminating.
[RUN] completed stage checkpoint=/uio/hume/student-u79/esbrovol/fys5429/DRL-Obstacle-Avoidance/controllers/PPO/checkpoints/20260525_141956_gru_seed01_stage06_train_6_goal_shift_neg/final_20260525_141956_gru_seed01_stage06_train_6_goal_shift_neg.pth
[RUN] arch=gru seed=1 stage=7/10 world=/uio/hume/student-u79/esbrovol/fys5429/DRL-Obstacle-Avoidance/worlds/training/train_7_goal_offset_pos.wbt
[RUN] resuming from /uio/hume/student-u79/esbrovol/fys5429/DRL-Obstacle-Avoidance/controllers/PPO/checkpoints/20260525_141956_gru_seed01_stage06_train_6_goal_shift_neg/final_20260525_141956_gru_seed01_stage06_train_6_goal_shift_neg.pth
INFO: PPO: Starting controller: python3 -u PPO.py
[PPO] Using architecture: GRU
[PPO] Loaded architecture: GRU
[TRAIN][PPO] arch=GRU weights_dir=/uio/hume/student-u79/esbrovol/fys5429/DRL-Obstacle-Avoidance/controllers/PPO/checkpoints/20260525_141956_gru_seed01_stage07_train_7_goal_offset_pos final=/uio/hume/student-u79/esbrovol/fys5429/DRL-Obstacle-Avoidance/controllers/PPO/checkpoints/20260525_141956_gru_seed01_stage07_train_7_goal_offset_pos/final_20260525_141956_gru_seed01_stage07_train_7_goal_offset_pos.pth
[TRAIN][PPO] episodes=500 update_every=4 obs=31 act=2 cell=GRU seq=32 burn_in=8
[TRAIN][PPO] ep=001/500 r=  -35.71 avg10=  -35.71 steps= 112 succ10=0.00 touch10=0.00 col10=1.00 to10=0.00 min_d= 3.89 avg_spd=2.00m/s end=collision t=    1.8s ckpt=best
[TRAIN][PPO] ep=002/500 r=   68.59 avg10=   16.44 steps= 388 succ10=0.00 touch10=0.00 col10=1.00 to10=0.00 min_d= 3.12 avg_spd=2.05m/s end=collision t=    6.8s ckpt=best
[TRAIN][PPO] ep=003/500 r=  291.98 avg10=  108.29 steps=1239 succ10=0.00 touch10=0.00 col10=1.00 to10=0.00 min_d= 1.24 avg_spd=2.09m/s end=collision t=   23.4s ckpt=best
[TRAIN][PPO] ep=004/500 r=  -39.66 avg10=   71.30 steps= 162 succ10=0.00 touch10=0.00 col10=1.00 to10=0.00 min_d= 3.87 avg_spd=1.98m/s end=collision t=   26.5s
[TRAIN][PPO] ep=005/500 r=  333.14 avg10=  123.67 steps=1288 succ10=0.00 touch10=0.00 col10=1.00 to10=0.00 min_d= 1.02 avg_spd=2.06m/s end=collision t=   43.6s ckpt=best
[TRAIN][PPO] ep=006/500 r=   69.37 avg10=  114.62 steps= 392 succ10=0.00 touch10=0.00 col10=1.00 to10=0.00 min_d= 3.12 avg_spd=2.04m/s end=collision t=   48.9s
[TRAIN][PPO] ep=007/500 r=  320.46 avg10=  144.03 steps=1243 succ10=0.00 touch10=0.00 col10=1.00 to10=0.00 min_d= 1.05 avg_spd=2.07m/s end=collision t=   65.6s
[TRAIN][PPO] ep=008/500 r=  350.46 avg10=  169.83 steps=1200 succ10=0.00 touch10=0.00 col10=1.00 to10=0.00 min_d= 0.95 avg_spd=2.06m/s end=collision t=   83.0s ckpt=best
[TRAIN][PPO] ep=009/500 r=   70.05 avg10=  158.74 steps= 394 succ10=0.00 touch10=0.00 col10=1.00 to10=0.00 min_d= 3.14 avg_spd=2.04m/s end=collision t=   88.4s
[TRAIN][PPO] ep=010/500 r=   69.23 avg10=  149.79 steps= 403 succ10=0.00 touch10=0.00 col10=1.00 to10=0.00 min_d= 3.14 avg_spd=2.00m/s end=collision t=   93.7s
[TRAIN][PPO] ep=011/500 r=   61.71 avg10=  159.53 steps= 369 succ10=0.00 touch10=0.00 col10=1.00 to10=0.00 min_d= 3.11 avg_spd=2.04m/s end=collision t=   98.8s
[TRAIN][PPO] ep=012/500 r=  -46.35 avg10=  148.04 steps= 137 succ10=0.00 touch10=0.00 col10=1.00 to10=0.00 min_d= 3.85 avg_spd=2.03m/s end=collision t=  101.2s
[TRAIN][PPO] ep=013/500 r=   53.92 avg10=  124.23 steps= 356 succ10=0.00 touch10=0.00 col10=1.00 to10=0.00 min_d= 3.13 avg_spd=2.05m/s end=collision t=  106.0s
[TRAIN][PPO] ep=014/500 r=  -35.02 avg10=  124.70 steps=  78 succ10=0.00 touch10=0.00 col10=1.00 to10=0.00 min_d= 3.88 avg_spd=2.10m/s end=collision t=  107.0s
[TRAIN][PPO] ep=015/500 r=  325.84 avg10=  123.97 steps=1295 succ10=0.00 touch10=0.00 col10=1.00 to10=0.00 min_d= 1.07 avg_spd=2.05m/s end=collision t=  124.0s
[TRAIN][PPO] ep=016/500 r=  -38.86 avg10=  113.14 steps= 113 succ10=0.00 touch10=0.00 col10=1.00 to10=0.00 min_d= 3.90 avg_spd=2.09m/s end=collision t=  126.7s
[TRAIN][PPO] ep=017/500 r=  340.91 avg10=  115.19 steps=1308 succ10=0.00 touch10=0.00 col10=1.00 to10=0.00 min_d= 1.00 avg_spd=2.04m/s end=collision t=  144.1s
[TRAIN][PPO] ep=018/500 r=  324.84 avg10=  112.63 steps=1292 succ10=0.00 touch10=0.00 col10=1.00 to10=0.00 min_d= 1.09 avg_spd=2.05m/s end=collision t=  161.3s
[TRAIN][PPO] ep=019/500 r=   65.59 avg10=  112.18 steps= 383 succ10=0.00 touch10=0.00 col10=1.00 to10=0.00 min_d= 3.13 avg_spd=2.07m/s end=collision t=  166.4s
[TRAIN][PPO] ep=020/500 r=  274.55 avg10=  132.71 steps=1231 succ10=0.00 touch10=0.00 col10=1.00 to10=0.00 min_d= 1.44 avg_spd=2.07m/s end=collision t=  185.0s
[TRAIN][PPO] ep=021/500 r=  334.12 avg10=  159.95 steps=1282 succ10=0.00 touch10=0.00 col10=1.00 to10=0.00 min_d= 1.04 avg_spd=2.07m/s end=collision t=  201.9s
[TRAIN][PPO] ep=022/500 r=  323.39 avg10=  196.93 steps=1304 succ10=0.00 touch10=0.00 col10=1.00 to10=0.00 min_d= 1.07 avg_spd=2.04m/s end=collision t=  219.1s
[TRAIN][PPO] ep=023/500 r=  598.12 avg10=  251.35 steps=1460 succ10=0.10 touch10=0.10 col10=0.90 to10=0.00 min_d= 0.30 avg_spd=2.07m/s end=goal t=  238.9s ckpt=best_goal
[TRAIN][PPO] ep=024/500 r=  324.18 avg10=  287.27 steps=1281 succ10=0.10 touch10=0.10 col10=0.90 to10=0.00 min_d= 1.11 avg_spd=2.07m/s end=collision t=  257.5s
[TRAIN][PPO] ep=025/500 r=  331.36 avg10=  287.82 steps=1308 succ10=0.10 touch10=0.10 col10=0.90 to10=0.00 min_d= 1.08 avg_spd=2.04m/s end=collision t=  274.6s
[TRAIN][PPO] ep=026/500 r=  294.94 avg10=  321.20 steps=1272 succ10=0.10 touch10=0.10 col10=0.90 to10=0.00 min_d= 1.22 avg_spd=2.04m/s end=collision t=  291.4s
[TRAIN][PPO] ep=027/500 r=   63.59 avg10=  293.47 steps= 382 succ10=0.10 touch10=0.10 col10=0.90 to10=0.00 min_d= 3.09 avg_spd=2.02m/s end=collision t=  296.5s
[TRAIN][PPO] ep=028/500 r=  331.56 avg10=  294.14 steps=1299 succ10=0.10 touch10=0.10 col10=0.90 to10=0.00 min_d= 1.05 avg_spd=2.07m/s end=collision t=  315.2s
[TRAIN][PPO] ep=029/500 r=  310.92 avg10=  318.67 steps=1255 succ10=0.10 touch10=0.10 col10=0.90 to10=0.00 min_d= 1.09 avg_spd=2.07m/s end=collision t=  331.6s
[TRAIN][PPO] ep=030/500 r=  325.72 avg10=  323.79 steps=1306 succ10=0.10 touch10=0.10 col10=0.90 to10=0.00 min_d= 1.12 avg_spd=2.06m/s end=collision t=  348.9s
[TRAIN][PPO] ep=031/500 r=  334.63 avg10=  323.84 steps=1310 succ10=0.10 touch10=0.10 col10=0.90 to10=0.00 min_d= 1.04 avg_spd=2.04m/s end=collision t=  366.4s
[TRAIN][PPO] ep=032/500 r=  -43.69 avg10=  287.13 steps=  59 succ10=0.10 touch10=0.10 col10=0.90 to10=0.00 min_d= 3.86 avg_spd=1.94m/s end=collision t=  368.4s
[TRAIN][PPO] ep=033/500 r=  312.22 avg10=  258.54 steps=1275 succ10=0.00 touch10=0.00 col10=1.00 to10=0.00 min_d= 1.14 avg_spd=2.05m/s end=collision t=  385.2s
[TRAIN][PPO] ep=034/500 r=  331.94 avg10=  259.32 steps=1287 succ10=0.00 touch10=0.00 col10=1.00 to10=0.00 min_d= 1.01 avg_spd=2.04m/s end=collision t=  402.4s
[TRAIN][PPO] ep=035/500 r=  318.01 avg10=  257.98 steps=1286 succ10=0.00 touch10=0.00 col10=1.00 to10=0.00 min_d= 1.13 avg_spd=2.05m/s end=collision t=  419.6s
[TRAIN][PPO] ep=036/500 r=  326.36 avg10=  261.12 steps=1285 succ10=0.00 touch10=0.00 col10=1.00 to10=0.00 min_d= 1.05 avg_spd=2.05m/s end=collision t=  438.3s
[TRAIN][PPO] ep=037/500 r=  339.41 avg10=  288.71 steps=1331 succ10=0.00 touch10=0.00 col10=1.00 to10=0.00 min_d= 1.04 avg_spd=2.04m/s end=collision t=  455.8s
[TRAIN][PPO] ep=038/500 r=  331.99 avg10=  288.75 steps=1301 succ10=0.00 touch10=0.00 col10=1.00 to10=0.00 min_d= 1.08 avg_spd=2.06m/s end=collision t=  473.3s
[TRAIN][PPO] ep=039/500 r=  334.22 avg10=  291.08 steps=1293 succ10=0.00 touch10=0.00 col10=1.00 to10=0.00 min_d= 1.00 avg_spd=2.03m/s end=collision t=  490.6s
[TRAIN][PPO] ep=040/500 r=  339.29 avg10=  292.44 steps=1438 succ10=0.00 touch10=0.00 col10=1.00 to10=0.00 min_d= 1.01 avg_spd=2.04m/s end=collision t=  511.5s
[TRAIN][PPO] ep=041/500 r=  349.19 avg10=  293.89 steps=1347 succ10=0.00 touch10=0.00 col10=1.00 to10=0.00 min_d= 0.97 avg_spd=2.04m/s end=collision t=  529.6s
[TRAIN][PPO] ep=042/500 r=  343.87 avg10=  332.65 steps=1330 succ10=0.00 touch10=0.00 col10=1.00 to10=0.00 min_d= 0.99 avg_spd=2.03m/s end=collision t=  547.7s
[TRAIN][PPO] ep=043/500 r=  349.05 avg10=  336.33 steps=1362 succ10=0.00 touch10=0.00 col10=1.00 to10=0.00 min_d= 0.96 avg_spd=2.05m/s end=collision t=  565.7s
[TRAIN][PPO] ep=044/500 r=  349.33 avg10=  338.07 steps=1343 succ10=0.00 touch10=0.00 col10=1.00 to10=0.00 min_d= 0.95 avg_spd=2.04m/s end=collision t=  585.2s
[TRAIN][PPO] ep=045/500 r=  333.96 avg10=  339.67 steps=1296 succ10=0.00 touch10=0.00 col10=1.00 to10=0.00 min_d= 1.06 avg_spd=2.06m/s end=collision t=  602.6s
[TRAIN][PPO] ep=046/500 r=  336.67 avg10=  340.70 steps=1312 succ10=0.00 touch10=0.00 col10=1.00 to10=0.00 min_d= 0.97 avg_spd=2.05m/s end=collision t=  620.1s
[TRAIN][PPO] ep=047/500 r=  -34.53 avg10=  303.30 steps= 135 succ10=0.00 touch10=0.00 col10=1.00 to10=0.00 min_d= 3.90 avg_spd=2.01m/s end=collision t=  622.0s
[TRAIN][PPO] ep=048/500 r=  360.74 avg10=  306.18 steps=1362 succ10=0.00 touch10=0.00 col10=1.00 to10=0.00 min_d= 0.96 avg_spd=2.04m/s end=collision t=  641.6s
[TRAIN][PPO] ep=049/500 r=  -43.97 avg10=  268.36 steps= 119 succ10=0.00 touch10=0.00 col10=1.00 to10=0.00 min_d= 3.86 avg_spd=2.00m/s end=collision t=  643.2s
[TRAIN][PPO] ep=050/500 r=  348.25 avg10=  269.26 steps=1341 succ10=0.00 touch10=0.00 col10=1.00 to10=0.00 min_d= 0.97 avg_spd=2.06m/s end=collision t=  661.0s
[TRAIN][PPO] ep=051/500 r=  359.54 avg10=  270.29 steps=1366 succ10=0.00 touch10=0.00 col10=1.00 to10=0.00 min_d= 0.93 avg_spd=2.05m/s end=collision t=  679.1s
[TRAIN][PPO] ep=052/500 r=  358.92 avg10=  271.80 steps=1383 succ10=0.00 touch10=0.00 col10=1.00 to10=0.00 min_d= 0.93 avg_spd=2.04m/s end=collision t=  698.9s
[TRAIN][PPO] ep=053/500 r=  340.68 avg10=  270.96 steps=1299 succ10=0.00 touch10=0.00 col10=1.00 to10=0.00 min_d= 0.97 avg_spd=2.05m/s end=collision t=  716.4s
[TRAIN][PPO] ep=054/500 r=  341.53 avg10=  270.18 steps=1310 succ10=0.00 touch10=0.00 col10=1.00 to10=0.00 min_d= 0.98 avg_spd=2.05m/s end=collision t=  733.9s
[TRAIN][PPO] ep=055/500 r=  360.34 avg10=  272.82 steps=1360 succ10=0.00 touch10=0.00 col10=1.00 to10=0.00 min_d= 0.97 avg_spd=2.04m/s end=collision t=  751.7s
[TRAIN][PPO] ep=056/500 r=  348.40 avg10=  273.99 steps=1327 succ10=0.00 touch10=0.00 col10=1.00 to10=0.00 min_d= 0.98 avg_spd=2.02m/s end=collision t=  770.4s
[TRAIN][PPO] ep=057/500 r=  339.14 avg10=  311.36 steps=1301 succ10=0.00 touch10=0.00 col10=1.00 to10=0.00 min_d= 0.96 avg_spd=2.04m/s end=collision t=  787.5s
[TRAIN][PPO] ep=058/500 r=  346.61 avg10=  309.94 steps=1329 succ10=0.00 touch10=0.00 col10=1.00 to10=0.00 min_d= 0.96 avg_spd=2.04m/s end=collision t=  805.1s
[TRAIN][PPO] ep=059/500 r=  359.90 avg10=  350.33 steps=1353 succ10=0.00 touch10=0.00 col10=1.00 to10=0.00 min_d= 0.96 avg_spd=2.02m/s end=collision t=  823.0s
[TRAIN][PPO] ep=060/500 r=  337.37 avg10=  349.24 steps=1292 succ10=0.00 touch10=0.00 col10=1.00 to10=0.00 min_d= 1.03 avg_spd=2.04m/s end=collision t=  841.9s
[TRAIN][PPO] ep=061/500 r=  359.06 avg10=  349.20 steps=1355 succ10=0.00 touch10=0.00 col10=1.00 to10=0.00 min_d= 0.96 avg_spd=2.05m/s end=collision t=  858.9s
[TRAIN][PPO] ep=062/500 r=  356.03 avg10=  348.91 steps=1350 succ10=0.00 touch10=0.00 col10=1.00 to10=0.00 min_d= 0.94 avg_spd=2.05m/s end=collision t=  876.1s
[TRAIN][PPO] ep=063/500 r=  -44.41 avg10=  310.40 steps=  35 succ10=0.00 touch10=0.00 col10=1.00 to10=0.00 min_d= 3.88 avg_spd=2.00m/s end=collision t=  876.6s
[TRAIN][PPO] ep=064/500 r=  349.23 avg10=  311.17 steps=1351 succ10=0.00 touch10=0.00 col10=1.00 to10=0.00 min_d= 0.93 avg_spd=2.03m/s end=collision t=  896.6s
[TRAIN][PPO] ep=065/500 r=  -43.99 avg10=  270.73 steps=  25 succ10=0.00 touch10=0.00 col10=1.00 to10=0.00 min_d= 3.89 avg_spd=1.72m/s end=collision t=  897.0s
[TRAIN][PPO] ep=066/500 r=   62.49 avg10=  242.14 steps= 398 succ10=0.00 touch10=0.00 col10=1.00 to10=0.00 min_d= 3.11 avg_spd=1.97m/s end=collision t=  902.3s
[TRAIN][PPO] ep=067/500 r=  346.24 avg10=  242.85 steps=1336 succ10=0.00 touch10=0.00 col10=1.00 to10=0.00 min_d= 0.94 avg_spd=2.05m/s end=collision t=  919.3s
[TRAIN][PPO] ep=068/500 r=  355.13 avg10=  243.70 steps=1354 succ10=0.00 touch10=0.00 col10=1.00 to10=0.00 min_d= 0.94 avg_spd=2.04m/s end=collision t=  938.7s
[TRAIN][PPO] ep=069/500 r=  343.88 avg10=  242.10 steps=1339 succ10=0.00 touch10=0.00 col10=1.00 to10=0.00 min_d= 0.95 avg_spd=2.05m/s end=collision t=  956.5s
[TRAIN][PPO] ep=070/500 r=  353.29 avg10=  243.69 steps=1356 succ10=0.00 touch10=0.00 col10=1.00 to10=0.00 min_d= 0.93 avg_spd=2.04m/s end=collision t=  974.3s
[TRAIN][PPO] ep=071/500 r=  354.11 avg10=  243.20 steps=1330 succ10=0.00 touch10=0.00 col10=1.00 to10=0.00 min_d= 0.97 avg_spd=2.06m/s end=collision t=  991.5s
[TRAIN][PPO] ep=072/500 r=  355.20 avg10=  243.12 steps=1359 succ10=0.00 touch10=0.00 col10=1.00 to10=0.00 min_d= 0.97 avg_spd=2.05m/s end=collision t= 1011.2s
[TRAIN][PPO] ep=073/500 r=  362.48 avg10=  283.80 steps=1360 succ10=0.00 touch10=0.00 col10=1.00 to10=0.00 min_d= 0.95 avg_spd=2.04m/s end=collision t= 1029.5s
[TRAIN][PPO] ep=074/500 r=  352.80 avg10=  284.16 steps=1350 succ10=0.00 touch10=0.00 col10=1.00 to10=0.00 min_d= 0.96 avg_spd=2.06m/s end=collision t= 1047.3s
[TRAIN][PPO] ep=075/500 r=  348.14 avg10=  323.38 steps=1341 succ10=0.00 touch10=0.00 col10=1.00 to10=0.00 min_d= 0.93 avg_spd=2.03m/s end=collision t= 1065.2s
[TRAIN][PPO] ep=076/500 r=  341.08 avg10=  351.24 steps=1306 succ10=0.00 touch10=0.00 col10=1.00 to10=0.00 min_d= 0.94 avg_spd=2.06m/s end=collision t= 1085.0s
[TRAIN][PPO] ep=077/500 r=  346.73 avg10=  351.29 steps=1336 succ10=0.00 touch10=0.00 col10=1.00 to10=0.00 min_d= 0.95 avg_spd=2.05m/s end=collision t= 1103.2s
[TRAIN][PPO] ep=078/500 r=  -39.75 avg10=  311.80 steps= 121 succ10=0.00 touch10=0.00 col10=1.00 to10=0.00 min_d= 3.87 avg_spd=2.01m/s end=collision t= 1104.9s
[TRAIN][PPO] ep=079/500 r=  351.21 avg10=  312.53 steps=1340 succ10=0.00 touch10=0.00 col10=1.00 to10=0.00 min_d= 0.92 avg_spd=2.05m/s end=collision t= 1122.9s
[TRAIN][PPO] ep=080/500 r=  345.94 avg10=  311.80 steps=1322 succ10=0.00 touch10=0.00 col10=1.00 to10=0.00 min_d= 0.95 avg_spd=2.07m/s end=collision t= 1142.7s
[TRAIN][PPO] ep=081/500 r=  350.62 avg10=  311.45 steps=1350 succ10=0.00 touch10=0.00 col10=1.00 to10=0.00 min_d= 0.95 avg_spd=2.06m/s end=collision t= 1161.0s
[TRAIN][PPO] ep=082/500 r=  362.03 avg10=  312.13 steps=1364 succ10=0.00 touch10=0.00 col10=1.00 to10=0.00 min_d= 0.93 avg_spd=2.06m/s end=collision t= 1178.3s
[TRAIN][PPO] ep=083/500 r=  342.32 avg10=  310.11 steps=1325 succ10=0.00 touch10=0.00 col10=1.00 to10=0.00 min_d= 0.95 avg_spd=2.04m/s end=collision t= 1195.8s
[TRAIN][PPO] ep=084/500 r=  343.74 avg10=  309.21 steps=1320 succ10=0.00 touch10=0.00 col10=1.00 to10=0.00 min_d= 0.97 avg_spd=2.07m/s end=collision t= 1215.4s
[TRAIN][PPO] ep=085/500 r=  339.27 avg10=  308.32 steps=1302 succ10=0.00 touch10=0.00 col10=1.00 to10=0.00 min_d= 0.96 avg_spd=2.06m/s end=collision t= 1233.0s
[TRAIN][PPO] ep=086/500 r=  356.35 avg10=  309.85 steps=1361 succ10=0.00 touch10=0.00 col10=1.00 to10=0.00 min_d= 0.95 avg_spd=2.03m/s end=collision t= 1251.3s
[TRAIN][PPO] ep=087/500 r=  337.88 avg10=  308.96 steps=1306 succ10=0.00 touch10=0.00 col10=1.00 to10=0.00 min_d= 0.97 avg_spd=2.06m/s end=collision t= 1268.9s
[TRAIN][PPO] ep=088/500 r=  342.18 avg10=  347.15 steps=1303 succ10=0.00 touch10=0.00 col10=1.00 to10=0.00 min_d= 0.94 avg_spd=2.06m/s end=collision t= 1288.1s
[TRAIN][PPO] ep=089/500 r=  354.50 avg10=  347.48 steps=1340 succ10=0.00 touch10=0.00 col10=1.00 to10=0.00 min_d= 0.93 avg_spd=2.05m/s end=collision t= 1306.4s
[TRAIN][PPO] ep=090/500 r=  350.10 avg10=  347.90 steps=1324 succ10=0.00 touch10=0.00 col10=1.00 to10=0.00 min_d= 0.93 avg_spd=2.08m/s end=collision t= 1324.1s
[TRAIN][PPO] ep=091/500 r=  345.28 avg10=  347.37 steps=1328 succ10=0.00 touch10=0.00 col10=1.00 to10=0.00 min_d= 0.96 avg_spd=2.06m/s end=collision t= 1342.1s
[TRAIN][PPO] ep=092/500 r=  357.25 avg10=  346.89 steps=1343 succ10=0.00 touch10=0.00 col10=1.00 to10=0.00 min_d= 0.96 avg_spd=2.05m/s end=collision t= 1361.8s
[TRAIN][PPO] ep=093/500 r=  349.10 avg10=  347.57 steps=1357 succ10=0.00 touch10=0.00 col10=1.00 to10=0.00 min_d= 0.92 avg_spd=2.02m/s end=collision t= 1380.0s
[TRAIN][PPO] ep=094/500 r=  352.82 avg10=  348.47 steps=1340 succ10=0.00 touch10=0.00 col10=1.00 to10=0.00 min_d= 0.92 avg_spd=2.04m/s end=collision t= 1397.9s
[TRAIN][PPO] ep=095/500 r=  344.97 avg10=  349.04 steps=1316 succ10=0.00 touch10=0.00 col10=1.00 to10=0.00 min_d= 0.93 avg_spd=2.05m/s end=collision t= 1415.6s
[TRAIN][PPO] ep=096/500 r=  347.20 avg10=  348.13 steps=1327 succ10=0.00 touch10=0.00 col10=1.00 to10=0.00 min_d= 0.93 avg_spd=2.07m/s end=collision t= 1436.2s
[TRAIN][PPO] ep=097/500 r=  348.06 avg10=  349.15 steps=1327 succ10=0.00 touch10=0.00 col10=1.00 to10=0.00 min_d= 0.94 avg_spd=2.04m/s end=collision t= 1454.3s
[TRAIN][PPO] ep=098/500 r=  360.04 avg10=  350.93 steps=1350 succ10=0.00 touch10=0.00 col10=1.00 to10=0.00 min_d= 0.92 avg_spd=2.05m/s end=collision t= 1472.5s
[TRAIN][PPO] ep=099/500 r=  359.76 avg10=  351.46 steps=1368 succ10=0.00 touch10=0.00 col10=1.00 to10=0.00 min_d= 0.94 avg_spd=2.04m/s end=collision t= 1491.0s
[TRAIN][PPO] ep=100/500 r=  343.93 avg10=  350.84 steps=1322 succ10=0.00 touch10=0.00 col10=1.00 to10=0.00 min_d= 0.93 avg_spd=2.05m/s end=collision t= 1510.9s ckpt=latest
[TRAIN][PPO] ep=101/500 r=  350.47 avg10=  351.36 steps=1317 succ10=0.00 touch10=0.00 col10=1.00 to10=0.00 min_d= 0.94 avg_spd=2.05m/s end=collision t= 1528.5s
[TRAIN][PPO] ep=102/500 r=  359.55 avg10=  351.59 steps=1354 succ10=0.00 touch10=0.00 col10=1.00 to10=0.00 min_d= 0.92 avg_spd=2.05m/s end=collision t= 1546.9s
[TRAIN][PPO] ep=103/500 r=  358.79 avg10=  352.56 steps=1381 succ10=0.00 touch10=0.00 col10=1.00 to10=0.00 min_d= 0.94 avg_spd=2.02m/s end=collision t= 1565.4s
[TRAIN][PPO] ep=104/500 r=  -33.42 avg10=  313.93 steps=  69 succ10=0.00 touch10=0.00 col10=1.00 to10=0.00 min_d= 3.90 avg_spd=2.04m/s end=collision t= 1567.8s
[TRAIN][PPO] ep=105/500 r=  351.47 avg10=  314.58 steps=1345 succ10=0.00 touch10=0.00 col10=1.00 to10=0.00 min_d= 0.93 avg_spd=2.05m/s end=collision t= 1585.6s
[TRAIN][PPO] ep=106/500 r=  355.54 avg10=  315.42 steps=1356 succ10=0.00 touch10=0.00 col10=1.00 to10=0.00 min_d= 0.93 avg_spd=2.06m/s end=collision t= 1604.0s
[TRAIN][PPO] ep=107/500 r=  -39.22 avg10=  276.69 steps=  77 succ10=0.00 touch10=0.00 col10=1.00 to10=0.00 min_d= 3.88 avg_spd=2.03m/s end=collision t= 1605.1s
[TRAIN][PPO] ep=108/500 r=  357.07 avg10=  276.39 steps=1358 succ10=0.00 touch10=0.00 col10=1.00 to10=0.00 min_d= 0.91 avg_spd=2.04m/s end=collision t= 1625.2s
[TRAIN][PPO] ep=109/500 r=  349.06 avg10=  275.32 steps=1333 succ10=0.00 touch10=0.00 col10=1.00 to10=0.00 min_d= 0.93 avg_spd=2.05m/s end=collision t= 1642.7s
[TRAIN][PPO] ep=110/500 r=  359.45 avg10=  276.88 steps=1364 succ10=0.00 touch10=0.00 col10=1.00 to10=0.00 min_d= 0.92 avg_spd=2.05m/s end=collision t= 1661.1s
[TRAIN][PPO] ep=111/500 r=  -39.27 avg10=  237.90 steps=  83 succ10=0.00 touch10=0.00 col10=1.00 to10=0.00 min_d= 3.87 avg_spd=2.10m/s end=collision t= 1662.2s
[TRAIN][PPO] ep=112/500 r=  354.34 avg10=  237.38 steps=1355 succ10=0.00 touch10=0.00 col10=1.00 to10=0.00 min_d= 0.94 avg_spd=2.04m/s end=collision t= 1681.8s
[TRAIN][PPO] ep=113/500 r=  349.39 avg10=  236.44 steps=1352 succ10=0.00 touch10=0.00 col10=1.00 to10=0.00 min_d= 0.94 avg_spd=2.04m/s end=collision t= 1699.9s
[TRAIN][PPO] ep=114/500 r=  343.24 avg10=  274.11 steps=1324 succ10=0.00 touch10=0.00 col10=1.00 to10=0.00 min_d= 0.92 avg_spd=2.05m/s end=collision t= 1717.5s
[TRAIN][PPO] ep=115/500 r=  342.37 avg10=  273.20 steps=1307 succ10=0.00 touch10=0.00 col10=1.00 to10=0.00 min_d= 0.94 avg_spd=2.07m/s end=collision t= 1735.0s
[TRAIN][PPO] ep=116/500 r=  344.47 avg10=  272.09 steps=1303 succ10=0.00 touch10=0.00 col10=1.00 to10=0.00 min_d= 0.96 avg_spd=2.05m/s end=collision t= 1753.5s
[TRAIN][PPO] ep=117/500 r=  347.53 avg10=  310.76 steps=1316 succ10=0.00 touch10=0.00 col10=1.00 to10=0.00 min_d= 0.94 avg_spd=2.05m/s end=collision t= 1770.3s
[TRAIN][PPO] ep=118/500 r=  348.38 avg10=  309.89 steps=1326 succ10=0.00 touch10=0.00 col10=1.00 to10=0.00 min_d= 0.94 avg_spd=2.05m/s end=collision t= 1788.4s
[TRAIN][PPO] ep=119/500 r=  347.17 avg10=  309.71 steps=1346 succ10=0.00 touch10=0.00 col10=1.00 to10=0.00 min_d= 0.96 avg_spd=2.04m/s end=collision t= 1806.7s
[TRAIN][PPO] ep=120/500 r=  358.38 avg10=  309.60 steps=1354 succ10=0.00 touch10=0.00 col10=1.00 to10=0.00 min_d= 0.94 avg_spd=2.04m/s end=collision t= 1827.3s
[TRAIN][PPO] ep=121/500 r=  342.16 avg10=  347.74 steps=1307 succ10=0.00 touch10=0.00 col10=1.00 to10=0.00 min_d= 0.95 avg_spd=2.07m/s end=collision t= 1844.6s
[TRAIN][PPO] ep=122/500 r=  336.00 avg10=  345.91 steps=1278 succ10=0.00 touch10=0.00 col10=1.00 to10=0.00 min_d= 0.95 avg_spd=2.07m/s end=collision t= 1862.0s
[TRAIN][PPO] ep=123/500 r=  -34.90 avg10=  307.48 steps= 116 succ10=0.00 touch10=0.00 col10=1.00 to10=0.00 min_d= 3.89 avg_spd=2.00m/s end=collision t= 1863.6s
[TRAIN][PPO] ep=124/500 r=  -35.33 avg10=  269.62 steps= 120 succ10=0.00 touch10=0.00 col10=1.00 to10=0.00 min_d= 3.88 avg_spd=2.03m/s end=collision t= 1866.3s
[TRAIN][PPO] ep=125/500 r=  353.40 avg10=  270.73 steps=1350 succ10=0.00 touch10=0.00 col10=1.00 to10=0.00 min_d= 0.92 avg_spd=2.06m/s end=collision t= 1884.6s
[TRAIN][PPO] ep=126/500 r=  349.70 avg10=  271.25 steps=1314 succ10=0.00 touch10=0.00 col10=1.00 to10=0.00 min_d= 0.93 avg_spd=2.06m/s end=collision t= 1902.2s
[TRAIN][PPO] ep=127/500 r=  343.58 avg10=  270.85 steps=1321 succ10=0.00 touch10=0.00 col10=1.00 to10=0.00 min_d= 0.94 avg_spd=2.07m/s end=collision t= 1919.4s
[TRAIN][PPO] ep=128/500 r=  360.34 avg10=  272.05 steps=1357 succ10=0.00 touch10=0.00 col10=1.00 to10=0.00 min_d= 0.92 avg_spd=2.05m/s end=collision t= 1939.4s
[TRAIN][PPO] ep=129/500 r=  352.05 avg10=  272.54 steps=1325 succ10=0.00 touch10=0.00 col10=1.00 to10=0.00 min_d= 0.94 avg_spd=2.06m/s end=collision t= 1957.5s
[TRAIN][PPO] ep=130/500 r=  353.66 avg10=  272.07 steps=1343 succ10=0.00 touch10=0.00 col10=1.00 to10=0.00 min_d= 0.93 avg_spd=2.07m/s end=collision t= 1975.1s
[TRAIN][PPO] ep=131/500 r=  359.76 avg10=  273.83 steps=1367 succ10=0.00 touch10=0.00 col10=1.00 to10=0.00 min_d= 0.94 avg_spd=2.05m/s end=collision t= 1993.0s
[TRAIN][PPO] ep=132/500 r=  354.80 avg10=  275.71 steps=1344 succ10=0.00 touch10=0.00 col10=1.00 to10=0.00 min_d= 0.92 avg_spd=2.06m/s end=collision t= 2012.7s
[TRAIN][PPO] ep=133/500 r=  349.56 avg10=  314.15 steps=1342 succ10=0.00 touch10=0.00 col10=1.00 to10=0.00 min_d= 0.93 avg_spd=2.05m/s end=collision t= 2030.8s
[TRAIN][PPO] ep=134/500 r=  357.56 avg10=  353.44 steps=1351 succ10=0.00 touch10=0.00 col10=1.00 to10=0.00 min_d= 0.94 avg_spd=2.06m/s end=collision t= 2049.0s
[TRAIN][PPO] ep=135/500 r=  -41.72 avg10=  313.93 steps=  31 succ10=0.00 touch10=0.00 col10=1.00 to10=0.00 min_d= 3.86 avg_spd=1.85m/s end=collision t= 2049.5s
[TRAIN][PPO] ep=136/500 r=  -32.25 avg10=  275.74 steps= 112 succ10=0.00 touch10=0.00 col10=1.00 to10=0.00 min_d= 3.89 avg_spd=2.03m/s end=collision t= 2052.2s
[TRAIN][PPO] ep=137/500 r=  347.54 avg10=  276.13 steps=1329 succ10=0.00 touch10=0.00 col10=1.00 to10=0.00 min_d= 0.93 avg_spd=2.05m/s end=collision t= 2069.8s
[TRAIN][PPO] ep=138/500 r=  348.57 avg10=  274.95 steps=1329 succ10=0.00 touch10=0.00 col10=1.00 to10=0.00 min_d= 0.93 avg_spd=2.04m/s end=collision t= 2087.4s
[TRAIN][PPO] ep=139/500 r=  352.09 avg10=  274.96 steps=1343 succ10=0.00 touch10=0.00 col10=1.00 to10=0.00 min_d= 0.94 avg_spd=2.04m/s end=collision t= 2106.4s
[TRAIN][PPO] ep=140/500 r=  -36.55 avg10=  235.94 steps= 126 succ10=0.00 touch10=0.00 col10=1.00 to10=0.00 min_d= 3.90 avg_spd=1.98m/s end=collision t= 2109.9s
[TRAIN][PPO] ep=141/500 r=  -31.58 avg10=  196.80 steps= 109 succ10=0.00 touch10=0.00 col10=1.00 to10=0.00 min_d= 3.89 avg_spd=2.02m/s end=collision t= 2111.4s
[TRAIN][PPO] ep=142/500 r=  275.43 avg10=  188.87 steps=1095 succ10=0.00 touch10=0.00 col10=1.00 to10=0.00 min_d= 1.52 avg_spd=2.08m/s end=collision t= 2126.4s
[TRAIN][PPO] ep=143/500 r=  351.06 avg10=  189.01 steps=1328 succ10=0.00 touch10=0.00 col10=1.00 to10=0.00 min_d= 0.93 avg_spd=2.03m/s end=collision t= 2144.2s
[TRAIN][PPO] ep=144/500 r=  349.49 avg10=  188.21 steps=1323 succ10=0.00 touch10=0.00 col10=1.00 to10=0.00 min_d= 0.94 avg_spd=2.06m/s end=collision t= 2163.5s
[TRAIN][PPO] ep=145/500 r=  -37.17 avg10=  188.66 steps=  92 succ10=0.00 touch10=0.00 col10=1.00 to10=0.00 min_d= 3.87 avg_spd=2.07m/s end=collision t= 2164.8s
[TRAIN][PPO] ep=146/500 r=  350.13 avg10=  226.90 steps=1319 succ10=0.00 touch10=0.00 col10=1.00 to10=0.00 min_d= 0.92 avg_spd=2.05m/s end=collision t= 2183.0s
[TRAIN][PPO] ep=147/500 r=  -35.10 avg10=  188.64 steps= 133 succ10=0.00 touch10=0.00 col10=1.00 to10=0.00 min_d= 3.89 avg_spd=2.11m/s end=collision t= 2184.9s
[TRAIN][PPO] ep=148/500 r=  345.26 avg10=  188.31 steps=1340 succ10=0.00 touch10=0.00 col10=1.00 to10=0.00 min_d= 0.93 avg_spd=2.03m/s end=collision t= 2204.9s
[TRAIN][PPO] ep=149/500 r=  -44.33 avg10=  148.66 steps=  27 succ10=0.00 touch10=0.00 col10=1.00 to10=0.00 min_d= 3.89 avg_spd=1.99m/s end=collision t= 2205.3s
[TRAIN][PPO] ep=150/500 r=  359.55 avg10=  188.28 steps=1373 succ10=0.00 touch10=0.00 col10=1.00 to10=0.00 min_d= 0.94 avg_spd=2.03m/s end=collision t= 2223.9s
[TRAIN][PPO] ep=151/500 r=  339.81 avg10=  225.41 steps=1304 succ10=0.00 touch10=0.00 col10=1.00 to10=0.00 min_d= 0.94 avg_spd=2.04m/s end=collision t= 2241.9s
[TRAIN][PPO] ep=152/500 r=  348.03 avg10=  232.67 steps=1321 succ10=0.00 touch10=0.00 col10=1.00 to10=0.00 min_d= 0.93 avg_spd=2.03m/s end=collision t= 2262.7s
[TRAIN][PPO] ep=153/500 r=  364.08 avg10=  233.98 steps=1372 succ10=0.00 touch10=0.00 col10=1.00 to10=0.00 min_d= 0.94 avg_spd=2.02m/s end=collision t= 2281.6s
[TRAIN][PPO] ep=154/500 r=  363.60 avg10=  235.39 steps=1364 succ10=0.00 touch10=0.00 col10=1.00 to10=0.00 min_d= 0.93 avg_spd=2.03m/s end=collision t= 2300.7s
[TRAIN][PPO] ep=155/500 r=  359.04 avg10=  275.01 steps=1366 succ10=0.00 touch10=0.00 col10=1.00 to10=0.00 min_d= 0.92 avg_spd=2.04m/s end=collision t= 2319.8s
[TRAIN][PPO] ep=156/500 r=  353.61 avg10=  275.36 steps=1343 succ10=0.00 touch10=0.00 col10=1.00 to10=0.00 min_d= 0.96 avg_spd=2.02m/s end=collision t= 2340.8s
[TRAIN][PPO] ep=157/500 r=  349.88 avg10=  313.85 steps=1331 succ10=0.00 touch10=0.00 col10=1.00 to10=0.00 min_d= 0.95 avg_spd=2.06m/s end=collision t= 2358.8s
[TRAIN][PPO] ep=158/500 r=  348.76 avg10=  314.20 steps=1318 succ10=0.00 touch10=0.00 col10=1.00 to10=0.00 min_d= 0.93 avg_spd=2.03m/s end=collision t= 2376.7s
[TRAIN][PPO] ep=159/500 r=  346.10 avg10=  353.25 steps=1302 succ10=0.00 touch10=0.00 col10=1.00 to10=0.00 min_d= 0.95 avg_spd=2.04m/s end=collision t= 2394.9s
[TRAIN][PPO] ep=160/500 r=  351.66 avg10=  352.46 steps=1346 succ10=0.00 touch10=0.00 col10=1.00 to10=0.00 min_d= 0.93 avg_spd=2.06m/s end=collision t= 2415.5s
[TRAIN][PPO] ep=161/500 r=  350.27 avg10=  353.50 steps=1329 succ10=0.00 touch10=0.00 col10=1.00 to10=0.00 min_d= 0.94 avg_spd=2.04m/s end=collision t= 2433.7s
[TRAIN][PPO] ep=162/500 r=  274.39 avg10=  346.14 steps=1096 succ10=0.00 touch10=0.00 col10=1.00 to10=0.00 min_d= 1.50 avg_spd=2.06m/s end=collision t= 2448.5s
[TRAIN][PPO] ep=163/500 r=  358.29 avg10=  345.56 steps=1365 succ10=0.00 touch10=0.00 col10=1.00 to10=0.00 min_d= 0.93 avg_spd=2.04m/s end=collision t= 2467.5s
[TRAIN][PPO] ep=164/500 r=  360.62 avg10=  345.26 steps=1354 succ10=0.00 touch10=0.00 col10=1.00 to10=0.00 min_d= 0.92 avg_spd=2.03m/s end=collision t= 2488.0s
[TRAIN][PPO] ep=165/500 r=  343.00 avg10=  343.66 steps=1328 succ10=0.00 touch10=0.00 col10=1.00 to10=0.00 min_d= 0.93 avg_spd=2.04m/s end=collision t= 2506.7s
[TRAIN][PPO] ep=166/500 r=  -44.53 avg10=  303.84 steps=  30 succ10=0.00 touch10=0.00 col10=1.00 to10=0.00 min_d= 3.88 avg_spd=2.08m/s end=collision t= 2507.2s
[TRAIN][PPO] ep=167/500 r=   15.73 avg10=  270.43 steps= 210 succ10=0.00 touch10=0.00 col10=1.00 to10=0.00 min_d= 3.54 avg_spd=1.97m/s end=collision t= 2510.2s
[TRAIN][PPO] ep=168/500 r=  353.39 avg10=  270.89 steps=1347 succ10=0.00 touch10=0.00 col10=1.00 to10=0.00 min_d= 0.93 avg_spd=2.03m/s end=collision t= 2531.2s
[TRAIN][PPO] ep=169/500 r=  363.64 avg10=  272.65 steps=1379 succ10=0.00 touch10=0.00 col10=1.00 to10=0.00 min_d= 0.93 avg_spd=2.02m/s end=collision t= 2550.5s
[TRAIN][PPO] ep=170/500 r=  -39.73 avg10=  233.51 steps=  70 succ10=0.00 touch10=0.00 col10=1.00 to10=0.00 min_d= 3.88 avg_spd=2.07m/s end=collision t= 2551.5s
[TRAIN][PPO] ep=171/500 r=  358.80 avg10=  234.36 steps=1356 succ10=0.00 touch10=0.00 col10=1.00 to10=0.00 min_d= 0.95 avg_spd=2.03m/s end=collision t= 2570.4s
[TRAIN][PPO] ep=172/500 r=  351.34 avg10=  242.05 steps=1324 succ10=0.00 touch10=0.00 col10=1.00 to10=0.00 min_d= 0.95 avg_spd=2.05m/s end=collision t= 2590.2s
[TRAIN][PPO] ep=173/500 r=  340.88 avg10=  240.31 steps=1317 succ10=0.00 touch10=0.00 col10=1.00 to10=0.00 min_d= 0.94 avg_spd=2.03m/s end=collision t= 2608.2s
[TRAIN][PPO] ep=174/500 r=  338.77 avg10=  238.13 steps=1308 succ10=0.00 touch10=0.00 col10=1.00 to10=0.00 min_d= 0.94 avg_spd=2.04m/s end=collision t= 2626.2s
[TRAIN][PPO] ep=175/500 r=  -32.88 avg10=  200.54 steps= 123 succ10=0.00 touch10=0.00 col10=1.00 to10=0.00 min_d= 3.90 avg_spd=2.00m/s end=collision t= 2628.1s
[TRAIN][PPO] ep=176/500 r=  356.63 avg10=  240.66 steps=1358 succ10=0.00 touch10=0.00 col10=1.00 to10=0.00 min_d= 0.95 avg_spd=2.02m/s end=collision t= 2648.2s
[TRAIN][PPO] ep=177/500 r=  344.94 avg10=  273.58 steps=1334 succ10=0.00 touch10=0.00 col10=1.00 to10=0.00 min_d= 1.03 avg_spd=2.03m/s end=collision t= 2666.3s
[TRAIN][PPO] ep=178/500 r=  341.70 avg10=  272.41 steps=1305 succ10=0.00 touch10=0.00 col10=1.00 to10=0.00 min_d= 0.95 avg_spd=2.06m/s end=collision t= 2683.9s
[TRAIN][PPO] ep=179/500 r=  358.66 avg10=  271.91 steps=1345 succ10=0.00 touch10=0.00 col10=1.00 to10=0.00 min_d= 0.92 avg_spd=2.04m/s end=collision t= 2701.8s
[TRAIN][PPO] ep=180/500 r=  353.79 avg10=  311.26 steps=1344 succ10=0.00 touch10=0.00 col10=1.00 to10=0.00 min_d= 0.95 avg_spd=2.02m/s end=collision t= 2721.6s
[TRAIN][PPO] ep=181/500 r=  -39.49 avg10=  271.43 steps=  95 succ10=0.00 touch10=0.00 col10=1.00 to10=0.00 min_d= 3.89 avg_spd=1.93m/s end=collision t= 2722.9s
[TRAIN][PPO] ep=182/500 r=  347.71 avg10=  271.07 steps=1333 succ10=0.00 touch10=0.00 col10=1.00 to10=0.00 min_d= 0.95 avg_spd=2.03m/s end=collision t= 2740.8s
[TRAIN][PPO] ep=183/500 r=  353.31 avg10=  272.31 steps=1342 succ10=0.00 touch10=0.00 col10=1.00 to10=0.00 min_d= 0.95 avg_spd=2.05m/s end=collision t= 2758.7s
[TRAIN][PPO] ep=184/500 r=  -38.81 avg10=  234.56 steps=  48 succ10=0.00 touch10=0.00 col10=1.00 to10=0.00 min_d= 3.86 avg_spd=1.85m/s end=collision t= 2761.3s
[TRAIN][PPO] ep=185/500 r=  355.50 avg10=  273.39 steps=1345 succ10=0.00 touch10=0.00 col10=1.00 to10=0.00 min_d= 0.93 avg_spd=2.05m/s end=collision t= 2779.2s
[TRAIN][PPO] ep=186/500 r=  -42.71 avg10=  233.46 steps=  59 succ10=0.00 touch10=0.00 col10=1.00 to10=0.00 min_d= 3.88 avg_spd=2.04m/s end=collision t= 2780.1s
[TRAIN][PPO] ep=187/500 r=  -39.81 avg10=  194.98 steps= 105 succ10=0.00 touch10=0.00 col10=1.00 to10=0.00 min_d= 3.87 avg_spd=1.95m/s end=collision t= 2781.6s
[TRAIN][PPO] ep=188/500 r=  348.35 avg10=  195.65 steps=1333 succ10=0.00 touch10=0.00 col10=1.00 to10=0.00 min_d= 0.95 avg_spd=2.03m/s end=collision t= 2800.4s
[TRAIN][PPO] ep=189/500 r=  -43.70 avg10=  155.41 steps=  62 succ10=0.00 touch10=0.00 col10=1.00 to10=0.00 min_d= 3.86 avg_spd=1.93m/s end=collision t= 2801.3s
[TRAIN][PPO] ep=190/500 r=  353.62 avg10=  155.40 steps=1365 succ10=0.00 touch10=0.00 col10=1.00 to10=0.00 min_d= 0.93 avg_spd=2.03m/s end=collision t= 2819.6s
[TRAIN][PPO] ep=191/500 r=  348.01 avg10=  194.15 steps=1338 succ10=0.00 touch10=0.00 col10=1.00 to10=0.00 min_d= 0.93 avg_spd=2.04m/s end=collision t= 2837.7s
[TRAIN][PPO] ep=192/500 r=  358.81 avg10=  195.26 steps=1359 succ10=0.00 touch10=0.00 col10=1.00 to10=0.00 min_d= 0.93 avg_spd=2.04m/s end=collision t= 2857.6s
[TRAIN][PPO] ep=193/500 r=  354.27 avg10=  195.35 steps=1349 succ10=0.00 touch10=0.00 col10=1.00 to10=0.00 min_d= 0.93 avg_spd=2.04m/s end=collision t= 2875.9s
[TRAIN][PPO] ep=194/500 r=  348.05 avg10=  234.04 steps=1326 succ10=0.00 touch10=0.00 col10=1.00 to10=0.00 min_d= 0.93 avg_spd=2.04m/s end=collision t= 2893.9s
[TRAIN][PPO] ep=195/500 r=  350.68 avg10=  233.56 steps=1335 succ10=0.00 touch10=0.00 col10=1.00 to10=0.00 min_d= 0.94 avg_spd=2.06m/s end=collision t= 2911.8s
[TRAIN][PPO] ep=196/500 r=  359.99 avg10=  273.83 steps=1370 succ10=0.00 touch10=0.00 col10=1.00 to10=0.00 min_d= 0.94 avg_spd=2.02m/s end=collision t= 2932.1s
[TRAIN][PPO] ep=197/500 r=  349.11 avg10=  312.72 steps=1340 succ10=0.00 touch10=0.00 col10=1.00 to10=0.00 min_d= 0.94 avg_spd=2.02m/s end=collision t= 2950.2s
[TRAIN][PPO] ep=198/500 r=  -32.89 avg10=  274.60 steps=  99 succ10=0.00 touch10=0.00 col10=1.00 to10=0.00 min_d= 3.89 avg_spd=1.98m/s end=collision t= 2951.6s
[TRAIN][PPO] ep=199/500 r=  -35.96 avg10=  275.37 steps=  87 succ10=0.00 touch10=0.00 col10=1.00 to10=0.00 min_d= 3.89 avg_spd=1.99m/s end=collision t= 2952.9s
[TRAIN][PPO] ep=200/500 r=  348.32 avg10=  274.84 steps=1338 succ10=0.00 touch10=0.00 col10=1.00 to10=0.00 min_d= 0.94 avg_spd=2.03m/s end=collision t= 2971.8s ckpt=latest
[TRAIN][PPO] ep=201/500 r=  367.66 avg10=  276.80 steps=1389 succ10=0.00 touch10=0.00 col10=1.00 to10=0.00 min_d= 0.92 avg_spd=2.01m/s end=collision t= 2990.4s
[TRAIN][PPO] ep=202/500 r=  348.37 avg10=  275.76 steps=1329 succ10=0.00 touch10=0.00 col10=1.00 to10=0.00 min_d= 0.93 avg_spd=2.04m/s end=collision t= 3008.1s
[TRAIN][PPO] ep=203/500 r=  349.64 avg10=  275.30 steps=1340 succ10=0.00 touch10=0.00 col10=1.00 to10=0.00 min_d= 0.92 avg_spd=2.03m/s end=collision t= 3025.7s
[TRAIN][PPO] ep=204/500 r=  -37.83 avg10=  236.71 steps=  55 succ10=0.00 touch10=0.00 col10=1.00 to10=0.00 min_d= 3.87 avg_spd=1.75m/s end=collision t= 3028.4s
[TRAIN][PPO] ep=205/500 r=  -44.50 avg10=  197.19 steps=  24 succ10=0.00 touch10=0.00 col10=1.00 to10=0.00 min_d= 3.88 avg_spd=1.73m/s end=collision t= 3028.8s
[TRAIN][PPO] ep=206/500 r=  -37.20 avg10=  157.47 steps=  57 succ10=0.00 touch10=0.00 col10=1.00 to10=0.00 min_d= 3.89 avg_spd=2.05m/s end=collision t= 3029.6s
[TRAIN][PPO] ep=207/500 r=  349.84 avg10=  157.54 steps=1318 succ10=0.00 touch10=0.00 col10=1.00 to10=0.00 min_d= 0.92 avg_spd=2.05m/s end=collision t= 3047.4s
[TRAIN][PPO] ep=208/500 r=  346.91 avg10=  195.52 steps=1315 succ10=0.00 touch10=0.00 col10=1.00 to10=0.00 min_d= 0.92 avg_spd=2.06m/s end=collision t= 3066.3s
[TRAIN][PPO] ep=209/500 r=  344.98 avg10=  233.62 steps=1311 succ10=0.00 touch10=0.00 col10=1.00 to10=0.00 min_d= 0.93 avg_spd=2.06m/s end=collision t= 3083.8s
[TRAIN][PPO] ep=210/500 r=  359.68 avg10=  234.75 steps=1376 succ10=0.00 touch10=0.00 col10=1.00 to10=0.00 min_d= 0.93 avg_spd=2.03m/s end=collision t= 3101.9s
[TRAIN][PPO] ep=211/500 r=  -37.71 avg10=  194.22 steps= 101 succ10=0.00 touch10=0.00 col10=1.00 to10=0.00 min_d= 3.87 avg_spd=2.01m/s end=collision t= 3103.3s
[TRAIN][PPO] ep=212/500 r=  353.75 avg10=  194.75 steps=1339 succ10=0.00 touch10=0.00 col10=1.00 to10=0.00 min_d= 0.92 avg_spd=2.01m/s end=collision t= 3123.6s
[TRAIN][PPO] ep=213/500 r=  360.37 avg10=  195.83 steps=1367 succ10=0.00 touch10=0.00 col10=1.00 to10=0.00 min_d= 0.94 avg_spd=2.02m/s end=collision t= 3141.4s
[TRAIN][PPO] ep=214/500 r=  356.74 avg10=  235.28 steps=1348 succ10=0.00 touch10=0.00 col10=1.00 to10=0.00 min_d= 0.92 avg_spd=2.05m/s end=collision t= 3159.3s
[TRAIN][PPO] ep=215/500 r=  -34.10 avg10=  236.32 steps= 136 succ10=0.00 touch10=0.00 col10=1.00 to10=0.00 min_d= 3.89 avg_spd=1.97m/s end=collision t= 3161.1s
[TRAIN][PPO] ep=216/500 r=  353.44 avg10=  275.39 steps=1337 succ10=0.00 touch10=0.00 col10=1.00 to10=0.00 min_d= 0.94 avg_spd=2.03m/s end=collision t= 3180.3s
[TRAIN][PPO] ep=217/500 r=  -31.53 avg10=  237.25 steps= 108 succ10=0.00 touch10=0.00 col10=1.00 to10=0.00 min_d= 3.88 avg_spd=2.00m/s end=collision t= 3181.8s
[TRAIN][PPO] ep=218/500 r=  348.68 avg10=  237.43 steps=1321 succ10=0.00 touch10=0.00 col10=1.00 to10=0.00 min_d= 0.93 avg_spd=2.02m/s end=collision t= 3199.5s
[TRAIN][PPO] ep=219/500 r=  359.48 avg10=  238.88 steps=1361 succ10=0.00 touch10=0.00 col10=1.00 to10=0.00 min_d= 0.95 avg_spd=2.04m/s end=collision t= 3217.6s
[TRAIN][PPO] ep=220/500 r=  353.99 avg10=  238.31 steps=1352 succ10=0.00 touch10=0.00 col10=1.00 to10=0.00 min_d= 0.94 avg_spd=2.03m/s end=collision t= 3237.1s
[TRAIN][PPO] ep=221/500 r=  358.11 avg10=  277.89 steps=1359 succ10=0.00 touch10=0.00 col10=1.00 to10=0.00 min_d= 0.93 avg_spd=2.02m/s end=collision t= 3255.4s
[TRAIN][PPO] ep=222/500 r=  353.79 avg10=  277.90 steps=1343 succ10=0.00 touch10=0.00 col10=1.00 to10=0.00 min_d= 0.93 avg_spd=2.02m/s end=collision t= 3273.5s
[TRAIN][PPO] ep=223/500 r=  362.81 avg10=  278.14 steps=1381 succ10=0.00 touch10=0.00 col10=1.00 to10=0.00 min_d= 0.93 avg_spd=2.04m/s end=collision t= 3292.1s
[TRAIN][PPO] ep=224/500 r=  357.47 avg10=  278.21 steps=1362 succ10=0.00 touch10=0.00 col10=1.00 to10=0.00 min_d= 0.92 avg_spd=2.04m/s end=collision t= 3313.1s
[TRAIN][PPO] ep=225/500 r=  -45.40 avg10=  277.08 steps=  68 succ10=0.00 touch10=0.00 col10=1.00 to10=0.00 min_d= 3.87 avg_spd=1.91m/s end=collision t= 3314.0s
[TRAIN][PPO] ep=226/500 r=  342.35 avg10=  275.97 steps=1316 succ10=0.00 touch10=0.00 col10=1.00 to10=0.00 min_d= 0.95 avg_spd=2.03m/s end=collision t= 3332.5s
[TRAIN][PPO] ep=227/500 r=  363.46 avg10=  315.47 steps=1381 succ10=0.00 touch10=0.00 col10=1.00 to10=0.00 min_d= 0.89 avg_spd=2.02m/s end=collision t= 3351.4s
[TRAIN][PPO] ep=228/500 r=  357.03 avg10=  316.31 steps=1360 succ10=0.00 touch10=0.00 col10=1.00 to10=0.00 min_d= 0.92 avg_spd=2.04m/s end=collision t= 3371.0s
[TRAIN][PPO] ep=229/500 r=  350.78 avg10=  315.44 steps=1332 succ10=0.00 touch10=0.00 col10=1.00 to10=0.00 min_d= 0.91 avg_spd=2.06m/s end=collision t= 3389.0s
[TRAIN][PPO] ep=230/500 r=  363.46 avg10=  316.39 steps=1389 succ10=0.00 touch10=0.00 col10=1.00 to10=0.00 min_d= 0.93 avg_spd=2.04m/s end=collision t= 3407.6s
[TRAIN][PPO] ep=231/500 r=  362.96 avg10=  316.87 steps=1370 succ10=0.00 touch10=0.00 col10=1.00 to10=0.00 min_d= 0.91 avg_spd=2.04m/s end=collision t= 3425.9s
[TRAIN][PPO] ep=232/500 r=  353.20 avg10=  316.81 steps=1345 succ10=0.00 touch10=0.00 col10=1.00 to10=0.00 min_d= 0.94 avg_spd=2.05m/s end=collision t= 3446.6s
[TRAIN][PPO] ep=233/500 r=  364.74 avg10=  317.00 steps=1373 succ10=0.00 touch10=0.00 col10=1.00 to10=0.00 min_d= 0.90 avg_spd=2.03m/s end=collision t= 3465.1s
[TRAIN][PPO] ep=234/500 r=  350.84 avg10=  316.34 steps=1322 succ10=0.00 touch10=0.00 col10=1.00 to10=0.00 min_d= 0.93 avg_spd=2.05m/s end=collision t= 3482.7s
[TRAIN][PPO] ep=235/500 r=  361.04 avg10=  356.99 steps=1371 succ10=0.00 touch10=0.00 col10=1.00 to10=0.00 min_d= 0.90 avg_spd=2.03m/s end=collision t= 3501.1s
[TRAIN][PPO] ep=236/500 r=  360.87 avg10=  358.84 steps=1363 succ10=0.00 touch10=0.00 col10=1.00 to10=0.00 min_d= 0.92 avg_spd=2.03m/s end=collision t= 3521.2s
[TRAIN][PPO] ep=237/500 r=  357.44 avg10=  358.24 steps=1346 succ10=0.00 touch10=0.00 col10=1.00 to10=0.00 min_d= 0.93 avg_spd=2.03m/s end=collision t= 3539.8s
[TRAIN][PPO] ep=238/500 r=  356.37 avg10=  358.17 steps=1357 succ10=0.00 touch10=0.00 col10=1.00 to10=0.00 min_d= 0.91 avg_spd=2.00m/s end=collision t= 3558.8s
[TRAIN][PPO] ep=239/500 r=  365.61 avg10=  359.65 steps=1390 succ10=0.00 touch10=0.00 col10=1.00 to10=0.00 min_d= 0.90 avg_spd=2.00m/s end=collision t= 3577.9s
[TRAIN][PPO] ep=240/500 r=  356.90 avg10=  359.00 steps=1361 succ10=0.00 touch10=0.00 col10=1.00 to10=0.00 min_d= 0.90 avg_spd=2.05m/s end=collision t= 3598.4s
[TRAIN][PPO] ep=241/500 r=  356.32 avg10=  358.33 steps=1345 succ10=0.00 touch10=0.00 col10=1.00 to10=0.00 min_d= 0.92 avg_spd=2.01m/s end=collision t= 3616.8s
[TRAIN][PPO] ep=242/500 r=    3.64 avg10=  323.38 steps= 161 succ10=0.00 touch10=0.00 col10=1.00 to10=0.00 min_d= 3.55 avg_spd=1.99m/s end=collision t= 3619.0s
[TRAIN][PPO] ep=243/500 r=  348.87 avg10=  321.79 steps=1332 succ10=0.00 touch10=0.00 col10=1.00 to10=0.00 min_d= 0.91 avg_spd=2.03m/s end=collision t= 3636.7s
[TRAIN][PPO] ep=244/500 r=  356.54 avg10=  322.36 steps=1345 succ10=0.00 touch10=0.00 col10=1.00 to10=0.00 min_d= 0.92 avg_spd=2.00m/s end=collision t= 3656.0s
[TRAIN][PPO] ep=245/500 r=  358.34 avg10=  322.09 steps=1372 succ10=0.00 touch10=0.00 col10=1.00 to10=0.00 min_d= 0.90 avg_spd=2.01m/s end=collision t= 3674.3s
[TRAIN][PPO] ep=246/500 r=  356.95 avg10=  321.70 steps=1356 succ10=0.00 touch10=0.00 col10=1.00 to10=0.00 min_d= 0.93 avg_spd=2.00m/s end=collision t= 3693.4s
[TRAIN][PPO] ep=247/500 r=  270.38 avg10=  312.99 steps=1050 succ10=0.00 touch10=0.00 col10=1.00 to10=0.00 min_d= 1.63 avg_spd=2.03m/s end=collision t= 3707.4s
[TRAIN][PPO] ep=248/500 r=  368.50 avg10=  314.20 steps=1401 succ10=0.00 touch10=0.00 col10=1.00 to10=0.00 min_d= 0.92 avg_spd=2.02m/s end=collision t= 3727.3s
[TRAIN][PPO] ep=249/500 r=  362.54 avg10=  313.90 steps=1368 succ10=0.00 touch10=0.00 col10=1.00 to10=0.00 min_d= 0.91 avg_spd=2.02m/s end=collision t= 3745.5s
[TRAIN][PPO] ep=250/500 r=  361.42 avg10=  314.35 steps=1365 succ10=0.00 touch10=0.00 col10=1.00 to10=0.00 min_d= 0.92 avg_spd=2.02m/s end=collision t= 3763.5s
[TRAIN][PPO] ep=251/500 r=  249.84 avg10=  303.70 steps= 988 succ10=0.00 touch10=0.00 col10=1.00 to10=0.00 min_d= 1.63 avg_spd=2.05m/s end=collision t= 3776.1s
[TRAIN][PPO] ep=252/500 r=  359.35 avg10=  339.27 steps=1361 succ10=0.00 touch10=0.00 col10=1.00 to10=0.00 min_d= 0.91 avg_spd=2.02m/s end=collision t= 3795.0s
[TRAIN][PPO] ep=253/500 r=  368.53 avg10=  341.24 steps=1398 succ10=0.00 touch10=0.00 col10=1.00 to10=0.00 min_d= 0.88 avg_spd=2.00m/s end=collision t= 3813.4s
[TRAIN][PPO] ep=254/500 r=  -33.14 avg10=  302.27 steps=  97 succ10=0.00 touch10=0.00 col10=1.00 to10=0.00 min_d= 3.89 avg_spd=1.87m/s end=collision t= 3814.7s
[TRAIN][PPO] ep=255/500 r=  365.48 avg10=  302.98 steps=1377 succ10=0.00 touch10=0.00 col10=1.00 to10=0.00 min_d= 0.90 avg_spd=2.04m/s end=collision t= 3832.7s
[TRAIN][PPO] ep=256/500 r=  353.50 avg10=  302.64 steps=1344 succ10=0.00 touch10=0.00 col10=1.00 to10=0.00 min_d= 0.91 avg_spd=2.02m/s end=collision t= 3852.0s
[TRAIN][PPO] ep=257/500 r=  355.99 avg10=  311.20 steps=1351 succ10=0.00 touch10=0.00 col10=1.00 to10=0.00 min_d= 0.90 avg_spd=2.03m/s end=collision t= 3869.3s
[TRAIN][PPO] ep=258/500 r=  358.98 avg10=  310.25 steps=1351 succ10=0.00 touch10=0.00 col10=1.00 to10=0.00 min_d= 0.90 avg_spd=2.03m/s end=collision t= 3887.4s
[TRAIN][PPO] ep=259/500 r=  368.75 avg10=  310.87 steps=1386 succ10=0.00 touch10=0.00 col10=1.00 to10=0.00 min_d= 0.90 avg_spd=2.03m/s end=collision t= 3905.2s
[TRAIN][PPO] ep=260/500 r=  363.29 avg10=  311.06 steps=1387 succ10=0.00 touch10=0.00 col10=1.00 to10=0.00 min_d= 0.90 avg_spd=2.01m/s end=collision t= 3925.3s
[TRAIN][PPO] ep=261/500 r=  348.02 avg10=  320.88 steps=1325 succ10=0.00 touch10=0.00 col10=1.00 to10=0.00 min_d= 0.91 avg_spd=2.03m/s end=collision t= 3942.5s
[TRAIN][PPO] ep=262/500 r=  360.89 avg10=  321.03 steps=1368 succ10=0.00 touch10=0.00 col10=1.00 to10=0.00 min_d= 0.90 avg_spd=1.99m/s end=collision t= 3960.4s
[TRAIN][PPO] ep=263/500 r=  356.54 avg10=  319.83 steps=1346 succ10=0.00 touch10=0.00 col10=1.00 to10=0.00 min_d= 0.89 avg_spd=2.02m/s end=collision t= 3978.0s
[TRAIN][PPO] ep=264/500 r=  363.75 avg10=  359.52 steps=1377 succ10=0.00 touch10=0.00 col10=1.00 to10=0.00 min_d= 0.91 avg_spd=2.02m/s end=collision t= 3997.2s
[TRAIN][PPO] ep=265/500 r=  356.56 avg10=  358.63 steps=1346 succ10=0.00 touch10=0.00 col10=1.00 to10=0.00 min_d= 0.89 avg_spd=2.03m/s end=collision t= 4014.9s
[TRAIN][PPO] ep=266/500 r=   60.62 avg10=  329.34 steps= 376 succ10=0.00 touch10=0.00 col10=1.00 to10=0.00 min_d= 3.13 avg_spd=2.02m/s end=collision t= 4019.9s
[TRAIN][PPO] ep=267/500 r=  374.58 avg10=  331.20 steps=1422 succ10=0.00 touch10=0.00 col10=1.00 to10=0.00 min_d= 0.89 avg_spd=2.00m/s end=collision t= 4039.0s
[TRAIN][PPO] ep=268/500 r=  358.28 avg10=  331.13 steps=1366 succ10=0.00 touch10=0.00 col10=1.00 to10=0.00 min_d= 0.89 avg_spd=2.04m/s end=collision t= 4058.6s
[TRAIN][PPO] ep=269/500 r=  358.10 avg10=  330.06 steps=1361 succ10=0.00 touch10=0.00 col10=1.00 to10=0.00 min_d= 0.90 avg_spd=2.03m/s end=collision t= 4076.6s
[TRAIN][PPO] ep=270/500 r=  370.64 avg10=  330.80 steps=1409 succ10=0.00 touch10=0.00 col10=1.00 to10=0.00 min_d= 0.91 avg_spd=2.02m/s end=collision t= 4095.4s
[TRAIN][PPO] ep=271/500 r=  366.21 avg10=  332.62 steps=1396 succ10=0.00 touch10=0.00 col10=1.00 to10=0.00 min_d= 0.89 avg_spd=2.02m/s end=collision t= 4114.2s
[TRAIN][PPO] ep=272/500 r=  368.56 avg10=  333.38 steps=1384 succ10=0.00 touch10=0.00 col10=1.00 to10=0.00 min_d= 0.90 avg_spd=2.01m/s end=collision t= 4136.2s
[TRAIN][PPO] ep=273/500 r=  358.45 avg10=  333.58 steps=1361 succ10=0.00 touch10=0.00 col10=1.00 to10=0.00 min_d= 0.90 avg_spd=2.02m/s end=collision t= 4153.9s
[TRAIN][PPO] ep=274/500 r=  356.10 avg10=  332.81 steps=1339 succ10=0.00 touch10=0.00 col10=1.00 to10=0.00 min_d= 0.91 avg_spd=2.04m/s end=collision t= 4171.9s
[TRAIN][PPO] ep=275/500 r=  -36.59 avg10=  293.50 steps= 107 succ10=0.00 touch10=0.00 col10=1.00 to10=0.00 min_d= 3.89 avg_spd=1.83m/s end=collision t= 4173.4s
[TRAIN][PPO] ep=276/500 r=  358.97 avg10=  323.33 steps=1363 succ10=0.00 touch10=0.00 col10=1.00 to10=0.00 min_d= 0.89 avg_spd=2.02m/s end=collision t= 4193.4s
[TRAIN][PPO] ep=277/500 r=  -40.23 avg10=  281.85 steps=  46 succ10=0.00 touch10=0.00 col10=1.00 to10=0.00 min_d= 3.89 avg_spd=2.04m/s end=collision t= 4194.1s
[TRAIN][PPO] ep=278/500 r=  358.42 avg10=  281.86 steps=1373 succ10=0.00 touch10=0.00 col10=1.00 to10=0.00 min_d= 0.89 avg_spd=2.03m/s end=collision t= 4212.6s
[TRAIN][PPO] ep=279/500 r=  362.03 avg10=  282.26 steps=1365 succ10=0.00 touch10=0.00 col10=1.00 to10=0.00 min_d= 0.90 avg_spd=2.03m/s end=collision t= 4230.6s
[TRAIN][PPO] ep=280/500 r=  369.80 avg10=  282.17 steps=1388 succ10=0.00 touch10=0.00 col10=1.00 to10=0.00 min_d= 0.89 avg_spd=2.03m/s end=collision t= 4250.9s
[TRAIN][PPO] ep=281/500 r=  349.01 avg10=  280.45 steps=1336 succ10=0.00 touch10=0.00 col10=1.00 to10=0.00 min_d= 0.89 avg_spd=2.05m/s end=collision t= 4268.5s
[TRAIN][PPO] ep=282/500 r=  360.57 avg10=  279.65 steps=1370 succ10=0.00 touch10=0.00 col10=1.00 to10=0.00 min_d= 0.90 avg_spd=2.02m/s end=collision t= 4285.5s
[TRAIN][PPO] ep=283/500 r=  362.88 avg10=  280.10 steps=1378 succ10=0.00 touch10=0.00 col10=1.00 to10=0.00 min_d= 0.88 avg_spd=2.05m/s end=collision t= 4303.2s
[TRAIN][PPO] ep=284/500 r=  357.98 avg10=  280.28 steps=1350 succ10=0.00 touch10=0.00 col10=1.00 to10=0.00 min_d= 0.89 avg_spd=2.04m/s end=collision t= 4321.5s
[TRAIN][PPO] ep=285/500 r=  348.03 avg10=  318.75 steps=1341 succ10=0.00 touch10=0.00 col10=1.00 to10=0.00 min_d= 0.90 avg_spd=2.02m/s end=collision t= 4338.2s
[TRAIN][PPO] ep=286/500 r=  369.32 avg10=  319.78 steps=1395 succ10=0.00 touch10=0.00 col10=1.00 to10=0.00 min_d= 0.90 avg_spd=2.02m/s end=collision t= 4355.9s
[TRAIN][PPO] ep=287/500 r=  359.03 avg10=  359.71 steps=1365 succ10=0.00 touch10=0.00 col10=1.00 to10=0.00 min_d= 0.89 avg_spd=2.04m/s end=collision t= 4373.1s
[TRAIN][PPO] ep=288/500 r=  354.39 avg10=  359.30 steps=1357 succ10=0.00 touch10=0.00 col10=1.00 to10=0.00 min_d= 0.90 avg_spd=2.01m/s end=collision t= 4392.0s
[TRAIN][PPO] ep=289/500 r=  357.71 avg10=  358.87 steps=1367 succ10=0.00 touch10=0.00 col10=1.00 to10=0.00 min_d= 0.89 avg_spd=2.01m/s end=collision t= 4409.7s
[TRAIN][PPO] ep=290/500 r=  370.09 avg10=  358.90 steps=1381 succ10=0.00 touch10=0.00 col10=1.00 to10=0.00 min_d= 0.91 avg_spd=2.03m/s end=collision t= 4427.4s
[TRAIN][PPO] ep=291/500 r=  -33.91 avg10=  320.61 steps= 149 succ10=0.00 touch10=0.00 col10=1.00 to10=0.00 min_d= 3.88 avg_spd=1.96m/s end=collision t= 4429.5s
[TRAIN][PPO] ep=292/500 r=  369.39 avg10=  321.49 steps=1379 succ10=0.00 touch10=0.00 col10=1.00 to10=0.00 min_d= 0.90 avg_spd=2.02m/s end=collision t= 4449.6s
[TRAIN][PPO] ep=293/500 r=  362.77 avg10=  321.48 steps=1365 succ10=0.00 touch10=0.00 col10=1.00 to10=0.00 min_d= 0.90 avg_spd=2.01m/s end=collision t= 4466.8s
[TRAIN][PPO] ep=294/500 r=  358.49 avg10=  321.53 steps=1357 succ10=0.00 touch10=0.00 col10=1.00 to10=0.00 min_d= 0.90 avg_spd=2.02m/s end=collision t= 4484.0s
[TRAIN][PPO] ep=295/500 r=  -39.78 avg10=  282.75 steps= 108 succ10=0.00 touch10=0.00 col10=1.00 to10=0.00 min_d= 3.88 avg_spd=2.00m/s end=collision t= 4485.3s
[TRAIN][PPO] ep=296/500 r=  361.94 avg10=  282.01 steps=1363 succ10=0.00 touch10=0.00 col10=1.00 to10=0.00 min_d= 0.90 avg_spd=2.01m/s end=collision t= 4504.3s
[TRAIN][PPO] ep=297/500 r=  363.50 avg10=  282.46 steps=1361 succ10=0.00 touch10=0.00 col10=1.00 to10=0.00 min_d= 0.89 avg_spd=2.04m/s end=collision t= 4521.2s
[TRAIN][PPO] ep=298/500 r=  353.70 avg10=  282.39 steps=1345 succ10=0.00 touch10=0.00 col10=1.00 to10=0.00 min_d= 0.90 avg_spd=2.02m/s end=collision t= 4538.5s
[TRAIN][PPO] ep=299/500 r=  361.03 avg10=  282.72 steps=1370 succ10=0.00 touch10=0.00 col10=1.00 to10=0.00 min_d= 0.89 avg_spd=2.02m/s end=collision t= 4556.0s
[TRAIN][PPO] ep=300/500 r=  -34.06 avg10=  242.31 steps= 108 succ10=0.00 touch10=0.00 col10=1.00 to10=0.00 min_d= 3.87 avg_spd=1.91m/s end=collision t= 4558.9s ckpt=latest
[TRAIN][PPO] ep=301/500 r=  353.52 avg10=  281.05 steps=1343 succ10=0.00 touch10=0.00 col10=1.00 to10=0.00 min_d= 0.90 avg_spd=2.01m/s end=collision t= 4575.8s
[TRAIN][PPO] ep=302/500 r=  360.21 avg10=  280.13 steps=1358 succ10=0.00 touch10=0.00 col10=1.00 to10=0.00 min_d= 0.89 avg_spd=2.00m/s end=collision t= 4593.0s
[TRAIN][PPO] ep=303/500 r=  371.51 avg10=  281.01 steps=1399 succ10=0.00 touch10=0.00 col10=1.00 to10=0.00 min_d= 0.90 avg_spd=2.02m/s end=collision t= 4611.3s
[TRAIN][PPO] ep=304/500 r=   60.41 avg10=  251.20 steps= 380 succ10=0.00 touch10=0.00 col10=1.00 to10=0.00 min_d= 3.12 avg_spd=1.98m/s end=collision t= 4617.9s
[TRAIN][PPO] ep=305/500 r=  364.77 avg10=  291.65 steps=1393 succ10=0.00 touch10=0.00 col10=1.00 to10=0.00 min_d= 0.91 avg_spd=2.00m/s end=collision t= 4636.2s
[TRAIN][PPO] ep=306/500 r=  368.21 avg10=  292.28 steps=1394 succ10=0.00 touch10=0.00 col10=1.00 to10=0.00 min_d= 0.89 avg_spd=2.00m/s end=collision t= 4654.4s
[TRAIN][PPO] ep=307/500 r=  370.08 avg10=  292.94 steps=1390 succ10=0.00 touch10=0.00 col10=1.00 to10=0.00 min_d= 0.90 avg_spd=2.01m/s end=collision t= 4672.4s
[TRAIN][PPO] ep=308/500 r=  363.46 avg10=  293.91 steps=1387 succ10=0.00 touch10=0.00 col10=1.00 to10=0.00 min_d= 0.90 avg_spd=2.02m/s end=collision t= 4692.4s
[TRAIN][PPO] ep=309/500 r=  365.32 avg10=  294.34 steps=1376 succ10=0.00 touch10=0.00 col10=1.00 to10=0.00 min_d= 0.90 avg_spd=2.01m/s end=collision t= 4710.4s
[TRAIN][PPO] ep=310/500 r=  -36.18 avg10=  294.13 steps= 139 succ10=0.00 touch10=0.00 col10=1.00 to10=0.00 min_d= 3.90 avg_spd=1.99m/s end=collision t= 4712.2s
[TRAIN][PPO] ep=311/500 r=  367.71 avg10=  295.55 steps=1404 succ10=0.00 touch10=0.00 col10=1.00 to10=0.00 min_d= 0.90 avg_spd=2.01m/s end=collision t= 4730.3s
[TRAIN][PPO] ep=312/500 r=  282.33 avg10=  287.76 steps=1131 succ10=0.00 touch10=0.00 col10=1.00 to10=0.00 min_d= 1.50 avg_spd=2.03m/s end=collision t= 4746.3s
[TRAIN][PPO] ep=313/500 r=  -41.09 avg10=  246.50 steps=  80 succ10=0.00 touch10=0.00 col10=1.00 to10=0.00 min_d= 3.88 avg_spd=1.82m/s end=collision t= 4747.4s
[TRAIN][PPO] ep=314/500 r=  361.36 avg10=  276.60 steps=1374 succ10=0.00 touch10=0.00 col10=1.00 to10=0.00 min_d= 0.89 avg_spd=2.03m/s end=collision t= 4764.5s
[TRAIN][PPO] ep=315/500 r=  358.66 avg10=  275.99 steps=1356 succ10=0.00 touch10=0.00 col10=1.00 to10=0.00 min_d= 0.90 avg_spd=2.02m/s end=collision t= 4782.0s
[TRAIN][PPO] ep=316/500 r=  372.97 avg10=  276.46 steps=1395 succ10=0.00 touch10=0.00 col10=1.00 to10=0.00 min_d= 0.90 avg_spd=2.02m/s end=collision t= 4801.9s
[TRAIN][PPO] ep=317/500 r=  -40.41 avg10=  235.41 steps=  46 succ10=0.00 touch10=0.00 col10=1.00 to10=0.00 min_d= 3.89 avg_spd=2.08m/s end=collision t= 4802.5s
[TRAIN][PPO] ep=318/500 r=  374.89 avg10=  236.56 steps=1397 succ10=0.00 touch10=0.00 col10=1.00 to10=0.00 min_d= 0.89 avg_spd=2.03m/s end=collision t= 4820.6s
[TRAIN][PPO] ep=319/500 r=  365.40 avg10=  236.57 steps=1373 succ10=0.00 touch10=0.00 col10=1.00 to10=0.00 min_d= 0.89 avg_spd=2.03m/s end=collision t= 4838.5s
[TRAIN][PPO] ep=320/500 r=  354.73 avg10=  275.66 steps=1358 succ10=0.00 touch10=0.00 col10=1.00 to10=0.00 min_d= 0.89 avg_spd=2.01m/s end=collision t= 4857.6s
[TRAIN][PPO] ep=321/500 r=  -43.75 avg10=  234.51 steps=  43 succ10=0.00 touch10=0.00 col10=1.00 to10=0.00 min_d= 3.88 avg_spd=2.00m/s end=collision t= 4858.2s
[TRAIN][PPO] ep=322/500 r=  366.05 avg10=  242.88 steps=1397 succ10=0.00 touch10=0.00 col10=1.00 to10=0.00 min_d= 0.90 avg_spd=1.99m/s end=collision t= 4875.8s
[TRAIN][PPO] ep=323/500 r=  363.62 avg10=  283.35 steps=1393 succ10=0.00 touch10=0.00 col10=1.00 to10=0.00 min_d= 0.89 avg_spd=2.02m/s end=collision t= 4893.2s
[TRAIN][PPO] ep=324/500 r=  364.27 avg10=  283.65 steps=1384 succ10=0.00 touch10=0.00 col10=1.00 to10=0.00 min_d= 0.90 avg_spd=2.01m/s end=collision t= 4912.4s
[TRAIN][PPO] ep=325/500 r=  369.01 avg10=  284.68 steps=1386 succ10=0.00 touch10=0.00 col10=1.00 to10=0.00 min_d= 0.89 avg_spd=2.02m/s end=collision t= 4930.5s
[TRAIN][PPO] ep=326/500 r=  367.70 avg10=  284.15 steps=1399 succ10=0.00 touch10=0.00 col10=1.00 to10=0.00 min_d= 0.90 avg_spd=2.02m/s end=collision t= 4948.4s
[TRAIN][PPO] ep=327/500 r=  368.91 avg10=  325.08 steps=1410 succ10=0.00 touch10=0.00 col10=1.00 to10=0.00 min_d= 0.89 avg_spd=2.02m/s end=collision t= 4966.6s
[TRAIN][PPO] ep=328/500 r=  364.43 avg10=  324.04 steps=1380 succ10=0.00 touch10=0.00 col10=1.00 to10=0.00 min_d= 0.90 avg_spd=2.02m/s end=collision t= 4986.3s
[TRAIN][PPO] ep=329/500 r=  374.34 avg10=  324.93 steps=1442 succ10=0.00 touch10=0.00 col10=1.00 to10=0.00 min_d= 0.89 avg_spd=2.00m/s end=collision t= 5005.3s
[TRAIN][PPO] ep=330/500 r=  357.90 avg10=  325.25 steps=1358 succ10=0.00 touch10=0.00 col10=1.00 to10=0.00 min_d= 0.89 avg_spd=2.02m/s end=collision t= 5022.2s
[TRAIN][PPO] ep=331/500 r=  370.14 avg10=  366.64 steps=1422 succ10=0.00 touch10=0.00 col10=1.00 to10=0.00 min_d= 0.89 avg_spd=1.99m/s end=collision t= 5040.5s
[TRAIN][PPO] ep=332/500 r=  368.01 avg10=  366.83 steps=1395 succ10=0.00 touch10=0.00 col10=1.00 to10=0.00 min_d= 0.89 avg_spd=2.01m/s end=collision t= 5060.0s
[TRAIN][PPO] ep=333/500 r=  359.42 avg10=  366.41 steps=1377 succ10=0.00 touch10=0.00 col10=1.00 to10=0.00 min_d= 0.89 avg_spd=2.00m/s end=collision t= 5077.8s
[TRAIN][PPO] ep=334/500 r=  358.33 avg10=  365.82 steps=1371 succ10=0.00 touch10=0.00 col10=1.00 to10=0.00 min_d= 0.90 avg_spd=2.00m/s end=collision t= 5094.7s
[TRAIN][PPO] ep=335/500 r=  371.77 avg10=  366.09 steps=1401 succ10=0.00 touch10=0.00 col10=1.00 to10=0.00 min_d= 0.90 avg_spd=2.01m/s end=collision t= 5112.4s
[TRAIN][PPO] ep=336/500 r=  371.24 avg10=  366.45 steps=1409 succ10=0.00 touch10=0.00 col10=1.00 to10=0.00 min_d= 0.89 avg_spd=2.02m/s end=collision t= 5132.1s
[TRAIN][PPO] ep=337/500 r=  366.75 avg10=  366.23 steps=1394 succ10=0.00 touch10=0.00 col10=1.00 to10=0.00 min_d= 0.88 avg_spd=2.00m/s end=collision t= 5149.6s
[TRAIN][PPO] ep=338/500 r=  -31.36 avg10=  326.65 steps= 150 succ10=0.00 touch10=0.00 col10=1.00 to10=0.00 min_d= 3.90 avg_spd=1.91m/s end=collision t= 5151.5s
[TRAIN][PPO] ep=339/500 r=  370.81 avg10=  326.30 steps=1392 succ10=0.00 touch10=0.00 col10=1.00 to10=0.00 min_d= 0.89 avg_spd=2.01m/s end=collision t= 5168.8s
[TRAIN][PPO] ep=340/500 r=  367.33 avg10=  327.24 steps=1387 succ10=0.00 touch10=0.00 col10=1.00 to10=0.00 min_d= 0.89 avg_spd=2.01m/s end=collision t= 5186.8s
[TRAIN][PPO] ep=341/500 r=  -47.02 avg10=  285.53 steps= 116 succ10=0.00 touch10=0.00 col10=1.00 to10=0.00 min_d= 3.86 avg_spd=1.93m/s end=collision t= 5188.3s
[TRAIN][PPO] ep=342/500 r=  358.29 avg10=  284.55 steps=1372 succ10=0.00 touch10=0.00 col10=1.00 to10=0.00 min_d= 0.90 avg_spd=2.00m/s end=collision t= 5205.1s
[TRAIN][PPO] ep=343/500 r=  -44.48 avg10=  244.16 steps=  23 succ10=0.00 touch10=0.00 col10=1.00 to10=0.00 min_d= 3.89 avg_spd=1.73m/s end=collision t= 5205.4s
[TRAIN][PPO] ep=344/500 r=  377.07 avg10=  246.04 steps=1429 succ10=0.00 touch10=0.00 col10=1.00 to10=0.00 min_d= 0.90 avg_spd=1.99m/s end=collision t= 5225.0s
[TRAIN][PPO] ep=345/500 r=  -33.79 avg10=  205.48 steps= 156 succ10=0.00 touch10=0.00 col10=1.00 to10=0.00 min_d= 3.88 avg_spd=1.98m/s end=collision t= 5227.0s
[TRAIN][PPO] ep=346/500 r=  -41.15 avg10=  164.24 steps=  52 succ10=0.00 touch10=0.00 col10=1.00 to10=0.00 min_d= 3.86 avg_spd=1.97m/s end=collision t= 5227.8s
[TRAIN][PPO] ep=347/500 r=  368.54 avg10=  164.42 steps=1403 succ10=0.00 touch10=0.00 col10=1.00 to10=0.00 min_d= 0.90 avg_spd=1.99m/s end=collision t= 5245.4s
[TRAIN][PPO] ep=348/500 r=  604.39 avg10=  228.00 steps=1656 succ10=0.10 touch10=0.10 col10=0.90 to10=0.00 min_d= 0.30 avg_spd=1.98m/s end=goal t= 5268.4s ckpt=best_goal
[TRAIN][PPO] ep=349/500 r=  368.80 avg10=  227.80 steps=1402 succ10=0.10 touch10=0.10 col10=0.90 to10=0.00 min_d= 0.89 avg_spd=2.00m/s end=collision t= 5286.8s
[TRAIN][PPO] ep=350/500 r=  613.04 avg10=  252.37 steps=1671 succ10=0.20 touch10=0.20 col10=0.80 to10=0.00 min_d= 0.30 avg_spd=1.99m/s end=goal t= 5307.8s ckpt=best_goal
[TRAIN][PPO] ep=351/500 r=  371.52 avg10=  294.22 steps=1421 succ10=0.20 touch10=0.20 col10=0.80 to10=0.00 min_d= 0.89 avg_spd=2.01m/s end=collision t= 5325.8s
[TRAIN][PPO] ep=352/500 r=  362.31 avg10=  294.63 steps=1373 succ10=0.20 touch10=0.20 col10=0.80 to10=0.00 min_d= 0.89 avg_spd=2.01m/s end=collision t= 5346.5s
[TRAIN][PPO] ep=353/500 r=  339.74 avg10=  333.05 steps=1538 succ10=0.20 touch10=0.20 col10=0.80 to10=0.00 min_d= 0.88 avg_spd=1.99m/s end=collision t= 5366.9s
[TRAIN][PPO] ep=354/500 r=  369.08 avg10=  332.25 steps=1405 succ10=0.20 touch10=0.20 col10=0.80 to10=0.00 min_d= 0.90 avg_spd=2.01m/s end=collision t= 5385.2s
[TRAIN][PPO] ep=355/500 r=  365.62 avg10=  372.19 steps=1374 succ10=0.20 touch10=0.20 col10=0.80 to10=0.00 min_d= 0.89 avg_spd=2.02m/s end=collision t= 5402.5s
[TRAIN][PPO] ep=356/500 r=  -42.95 avg10=  372.01 steps=  45 succ10=0.20 touch10=0.20 col10=0.80 to10=0.00 min_d= 3.87 avg_spd=1.91m/s end=collision t= 5405.8s
[TRAIN][PPO] ep=357/500 r=  359.88 avg10=  371.14 steps=1366 succ10=0.20 touch10=0.20 col10=0.80 to10=0.00 min_d= 0.89 avg_spd=2.00m/s end=collision t= 5423.0s
[TRAIN][PPO] ep=358/500 r=  357.72 avg10=  346.48 steps=1360 succ10=0.10 touch10=0.10 col10=0.90 to10=0.00 min_d= 0.89 avg_spd=2.02m/s end=collision t= 5440.8s
[TRAIN][PPO] ep=359/500 r=  367.82 avg10=  346.38 steps=1404 succ10=0.10 touch10=0.10 col10=0.90 to10=0.00 min_d= 0.89 avg_spd=1.99m/s end=collision t= 5459.2s
[TRAIN][PPO] ep=360/500 r=  367.61 avg10=  321.84 steps=1395 succ10=0.00 touch10=0.00 col10=1.00 to10=0.00 min_d= 0.89 avg_spd=2.01m/s end=collision t= 5479.2s
[TRAIN][PPO] ep=361/500 r=  372.45 avg10=  321.93 steps=1392 succ10=0.00 touch10=0.00 col10=1.00 to10=0.00 min_d= 0.89 avg_spd=2.03m/s end=collision t= 5497.6s
[TRAIN][PPO] ep=362/500 r=  -34.70 avg10=  282.23 steps= 142 succ10=0.00 touch10=0.00 col10=1.00 to10=0.00 min_d= 3.89 avg_spd=1.87m/s end=collision t= 5499.6s
[TRAIN][PPO] ep=363/500 r=  357.56 avg10=  284.01 steps=1378 succ10=0.00 touch10=0.00 col10=1.00 to10=0.00 min_d= 0.89 avg_spd=2.01m/s end=collision t= 5517.9s
[TRAIN][PPO] ep=364/500 r=  368.79 avg10=  283.98 steps=1394 succ10=0.00 touch10=0.00 col10=1.00 to10=0.00 min_d= 0.90 avg_spd=2.01m/s end=collision t= 5537.3s
[TRAIN][PPO] ep=365/500 r=  367.42 avg10=  284.16 steps=1382 succ10=0.00 touch10=0.00 col10=1.00 to10=0.00 min_d= 0.90 avg_spd=1.99m/s end=collision t= 5555.7s
[TRAIN][PPO] ep=366/500 r=  356.03 avg10=  324.06 steps=1357 succ10=0.00 touch10=0.00 col10=1.00 to10=0.00 min_d= 0.88 avg_spd=2.01m/s end=collision t= 5573.4s
[TRAIN][PPO] ep=367/500 r=  360.58 avg10=  324.13 steps=1357 succ10=0.00 touch10=0.00 col10=1.00 to10=0.00 min_d= 0.90 avg_spd=2.01m/s end=collision t= 5591.0s
[TRAIN][PPO] ep=368/500 r=  356.56 avg10=  324.01 steps=1366 succ10=0.00 touch10=0.00 col10=1.00 to10=0.00 min_d= 0.89 avg_spd=2.01m/s end=collision t= 5611.2s
[TRAIN][PPO] ep=369/500 r=  361.62 avg10=  323.39 steps=1390 succ10=0.00 touch10=0.00 col10=1.00 to10=0.00 min_d= 0.89 avg_spd=2.00m/s end=collision t= 5628.8s
[TRAIN][PPO] ep=370/500 r=  375.38 avg10=  324.17 steps=1407 succ10=0.00 touch10=0.00 col10=1.00 to10=0.00 min_d= 0.89 avg_spd=1.99m/s end=collision t= 5647.0s
[TRAIN][PPO] ep=371/500 r=  367.10 avg10=  323.63 steps=1375 succ10=0.00 touch10=0.00 col10=1.00 to10=0.00 min_d= 0.90 avg_spd=2.01m/s end=collision t= 5664.6s
[TRAIN][PPO] ep=372/500 r=  270.95 avg10=  354.20 steps=1049 succ10=0.00 touch10=0.00 col10=1.00 to10=0.00 min_d= 1.62 avg_spd=2.04m/s end=collision t= 5679.8s
[TRAIN][PPO] ep=373/500 r=  -34.37 avg10=  315.01 steps= 134 succ10=0.00 touch10=0.00 col10=1.00 to10=0.00 min_d= 3.90 avg_spd=1.99m/s end=collision t= 5681.5s
[TRAIN][PPO] ep=374/500 r=  356.42 avg10=  313.77 steps=1349 succ10=0.00 touch10=0.00 col10=1.00 to10=0.00 min_d= 0.89 avg_spd=2.02m/s end=collision t= 5699.0s
[TRAIN][PPO] ep=375/500 r=  597.13 avg10=  336.74 steps=1478 succ10=0.10 touch10=0.10 col10=0.90 to10=0.00 min_d= 0.30 avg_spd=2.05m/s end=goal t= 5718.4s
[TRAIN][PPO] ep=376/500 r=  365.60 avg10=  337.70 steps=1376 succ10=0.10 touch10=0.10 col10=0.90 to10=0.00 min_d= 0.90 avg_spd=2.00m/s end=collision t= 5737.5s
[TRAIN][PPO] ep=377/500 r=  365.71 avg10=  338.21 steps=1371 succ10=0.10 touch10=0.10 col10=0.90 to10=0.00 min_d= 0.90 avg_spd=2.02m/s end=collision t= 5754.9s
[TRAIN][PPO] ep=378/500 r=  363.95 avg10=  338.95 steps=1381 succ10=0.10 touch10=0.10 col10=0.90 to10=0.00 min_d= 0.90 avg_spd=2.00m/s end=collision t= 5772.6s
[TRAIN][PPO] ep=379/500 r=  362.35 avg10=  339.02 steps=1385 succ10=0.10 touch10=0.10 col10=0.90 to10=0.00 min_d= 0.90 avg_spd=1.99m/s end=collision t= 5790.5s
[TRAIN][PPO] ep=380/500 r=  371.65 avg10=  338.65 steps=1391 succ10=0.10 touch10=0.10 col10=0.90 to10=0.00 min_d= 0.89 avg_spd=2.03m/s end=collision t= 5811.3s
[TRAIN][PPO] ep=381/500 r=  367.08 avg10=  338.65 steps=1391 succ10=0.10 touch10=0.10 col10=0.90 to10=0.00 min_d= 0.89 avg_spd=1.99m/s end=collision t= 5829.5s
[TRAIN][PPO] ep=382/500 r=  362.09 avg10=  347.76 steps=1383 succ10=0.10 touch10=0.10 col10=0.90 to10=0.00 min_d= 0.89 avg_spd=2.00m/s end=collision t= 5847.6s
[TRAIN][PPO] ep=383/500 r=  372.43 avg10=  388.44 steps=1413 succ10=0.10 touch10=0.10 col10=0.90 to10=0.00 min_d= 0.89 avg_spd=2.01m/s end=collision t= 5865.8s
[TRAIN][PPO] ep=384/500 r=  -43.58 avg10=  348.44 steps=  29 succ10=0.10 touch10=0.10 col10=0.90 to10=0.00 min_d= 3.88 avg_spd=1.81m/s end=collision t= 5867.7s
[TRAIN][PPO] ep=385/500 r=  372.91 avg10=  326.02 steps=1407 succ10=0.00 touch10=0.00 col10=1.00 to10=0.00 min_d= 0.89 avg_spd=1.98m/s end=collision t= 5886.0s
[TRAIN][PPO] ep=386/500 r=  257.12 avg10=  315.17 steps=1004 succ10=0.00 touch10=0.00 col10=1.00 to10=0.00 min_d= 1.62 avg_spd=2.04m/s end=collision t= 5899.0s
[TRAIN][PPO] ep=387/500 r=  -26.42 avg10=  275.96 steps=  75 succ10=0.00 touch10=0.00 col10=1.00 to10=0.00 min_d= 3.87 avg_spd=2.11m/s end=collision t= 5900.0s
[TRAIN][PPO] ep=388/500 r=  365.37 avg10=  276.10 steps=1385 succ10=0.00 touch10=0.00 col10=1.00 to10=0.00 min_d= 0.90 avg_spd=2.03m/s end=collision t= 5918.9s
[TRAIN][PPO] ep=389/500 r=  -40.90 avg10=  235.77 steps=  51 succ10=0.00 touch10=0.00 col10=1.00 to10=0.00 min_d= 3.88 avg_spd=2.10m/s end=collision t= 5919.6s
[TRAIN][PPO] ep=390/500 r=  371.94 avg10=  235.80 steps=1401 succ10=0.00 touch10=0.00 col10=1.00 to10=0.00 min_d= 0.90 avg_spd=2.00m/s end=collision t= 5936.9s
[TRAIN][PPO] ep=391/500 r=  271.28 avg10=  226.22 steps=1059 succ10=0.00 touch10=0.00 col10=1.00 to10=0.00 min_d= 1.62 avg_spd=2.02m/s end=collision t= 5950.4s
[TRAIN][PPO] ep=392/500 r=  260.92 avg10=  216.11 steps=1010 succ10=0.00 touch10=0.00 col10=1.00 to10=0.00 min_d= 1.62 avg_spd=2.06m/s end=collision t= 5964.6s
[TRAIN][PPO] ep=393/500 r=  358.77 avg10=  214.74 steps=1362 succ10=0.00 touch10=0.00 col10=1.00 to10=0.00 min_d= 0.89 avg_spd=2.00m/s end=collision t= 5981.7s
[TRAIN][PPO] ep=394/500 r=  375.11 avg10=  256.61 steps=1423 succ10=0.00 touch10=0.00 col10=1.00 to10=0.00 min_d= 0.90 avg_spd=1.98m/s end=collision t= 5999.7s
[TRAIN][PPO] ep=395/500 r=  373.45 avg10=  256.66 steps=1428 succ10=0.00 touch10=0.00 col10=1.00 to10=0.00 min_d= 0.89 avg_spd=1.98m/s end=collision t= 6018.1s
[TRAIN][PPO] ep=396/500 r=  366.66 avg10=  267.62 steps=1397 succ10=0.00 touch10=0.00 col10=1.00 to10=0.00 min_d= 0.90 avg_spd=2.01m/s end=collision t= 6038.1s
[TRAIN][PPO] ep=397/500 r=  371.10 avg10=  307.37 steps=1402 succ10=0.00 touch10=0.00 col10=1.00 to10=0.00 min_d= 0.89 avg_spd=2.03m/s end=collision t= 6055.8s
[TRAIN][PPO] ep=398/500 r=  357.76 avg10=  306.61 steps=1358 succ10=0.00 touch10=0.00 col10=1.00 to10=0.00 min_d= 0.90 avg_spd=2.01m/s end=collision t= 6072.7s
[TRAIN][PPO] ep=399/500 r=  375.17 avg10=  348.22 steps=1419 succ10=0.00 touch10=0.00 col10=1.00 to10=0.00 min_d= 0.90 avg_spd=2.00m/s end=collision t= 6090.7s
[TRAIN][PPO] ep=400/500 r=  358.74 avg10=  346.90 steps=1382 succ10=0.00 touch10=0.00 col10=1.00 to10=0.00 min_d= 0.89 avg_spd=2.00m/s end=collision t= 6111.0s ckpt=latest
[TRAIN][PPO] ep=401/500 r=  369.73 avg10=  356.74 steps=1388 succ10=0.00 touch10=0.00 col10=1.00 to10=0.00 min_d= 0.89 avg_spd=1.99m/s end=collision t= 6129.3s
[TRAIN][PPO] ep=402/500 r=  263.88 avg10=  357.04 steps=1034 succ10=0.00 touch10=0.00 col10=1.00 to10=0.00 min_d= 1.61 avg_spd=2.04m/s end=collision t= 6142.6s
[TRAIN][PPO] ep=403/500 r=  257.03 avg10=  346.86 steps=1011 succ10=0.00 touch10=0.00 col10=1.00 to10=0.00 min_d= 1.60 avg_spd=2.01m/s end=collision t= 6155.5s
[TRAIN][PPO] ep=404/500 r=  -32.34 avg10=  306.12 steps= 129 succ10=0.00 touch10=0.00 col10=1.00 to10=0.00 min_d= 3.89 avg_spd=1.99m/s end=collision t= 6158.3s
[TRAIN][PPO] ep=405/500 r=  259.72 avg10=  294.75 steps=1034 succ10=0.00 touch10=0.00 col10=1.00 to10=0.00 min_d= 1.62 avg_spd=2.02m/s end=collision t= 6171.2s
[TRAIN][PPO] ep=406/500 r=  256.98 avg10=  283.78 steps= 973 succ10=0.00 touch10=0.00 col10=1.00 to10=0.00 min_d= 1.62 avg_spd=2.03m/s end=collision t= 6183.7s
[TRAIN][PPO] ep=407/500 r=  367.75 avg10=  283.44 steps=1393 succ10=0.00 touch10=0.00 col10=1.00 to10=0.00 min_d= 0.88 avg_spd=2.01m/s end=collision t= 6202.0s
[TRAIN][PPO] ep=408/500 r=  267.96 avg10=  274.46 steps=1031 succ10=0.00 touch10=0.00 col10=1.00 to10=0.00 min_d= 1.62 avg_spd=2.01m/s end=collision t= 6216.5s
[TRAIN][PPO] ep=409/500 r=  361.86 avg10=  273.13 steps=1361 succ10=0.00 touch10=0.00 col10=1.00 to10=0.00 min_d= 0.90 avg_spd=2.00m/s end=collision t= 6234.0s
[TRAIN][PPO] ep=410/500 r=  368.49 avg10=  274.11 steps=1391 succ10=0.00 touch10=0.00 col10=1.00 to10=0.00 min_d= 0.90 avg_spd=2.02m/s end=collision t= 6252.2s
[TRAIN][PPO] ep=411/500 r=  -45.35 avg10=  232.60 steps=  21 succ10=0.00 touch10=0.00 col10=1.00 to10=0.00 min_d= 3.89 avg_spd=2.01m/s end=collision t= 6252.5s
[TRAIN][PPO] ep=412/500 r=  358.50 avg10=  242.06 steps=1359 succ10=0.00 touch10=0.00 col10=1.00 to10=0.00 min_d= 0.90 avg_spd=2.00m/s end=collision t= 6272.1s
[TRAIN][PPO] ep=413/500 r=  -29.40 avg10=  213.42 steps= 123 succ10=0.00 touch10=0.00 col10=1.00 to10=0.00 min_d= 3.90 avg_spd=1.90m/s end=collision t= 6273.7s
[TRAIN][PPO] ep=414/500 r=  369.88 avg10=  253.64 steps=1414 succ10=0.00 touch10=0.00 col10=1.00 to10=0.00 min_d= 0.90 avg_spd=2.00m/s end=collision t= 6291.8s
[TRAIN][PPO] ep=415/500 r=  354.74 avg10=  263.14 steps=1345 succ10=0.00 touch10=0.00 col10=1.00 to10=0.00 min_d= 0.92 avg_spd=2.03m/s end=collision t= 6309.0s
[TRAIN][PPO] ep=416/500 r=  364.12 avg10=  273.85 steps=1367 succ10=0.00 touch10=0.00 col10=1.00 to10=0.00 min_d= 0.89 avg_spd=2.02m/s end=collision t= 6327.3s
[TRAIN][PPO] ep=417/500 r=  359.05 avg10=  272.98 steps=1360 succ10=0.00 touch10=0.00 col10=1.00 to10=0.00 min_d= 0.88 avg_spd=2.01m/s end=collision t= 6344.4s
[TRAIN][PPO] ep=418/500 r=  267.13 avg10=  272.90 steps=1032 succ10=0.00 touch10=0.00 col10=1.00 to10=0.00 min_d= 1.61 avg_spd=2.05m/s end=collision t= 6357.1s
[TRAIN][PPO] ep=419/500 r=  368.52 avg10=  273.57 steps=1394 succ10=0.00 touch10=0.00 col10=1.00 to10=0.00 min_d= 0.89 avg_spd=2.02m/s end=collision t= 6374.5s
[TRAIN][PPO] ep=420/500 r=  374.31 avg10=  274.15 steps=1423 succ10=0.00 touch10=0.00 col10=1.00 to10=0.00 min_d= 0.89 avg_spd=2.00m/s end=collision t= 6393.4s
[TRAIN][PPO] ep=421/500 r=  363.77 avg10=  315.06 steps=1367 succ10=0.00 touch10=0.00 col10=1.00 to10=0.00 min_d= 0.90 avg_spd=2.01m/s end=collision t= 6410.6s
[TRAIN][PPO] ep=422/500 r=  -42.44 avg10=  274.97 steps= 129 succ10=0.00 touch10=0.00 col10=1.00 to10=0.00 min_d= 3.87 avg_spd=1.93m/s end=collision t= 6412.2s
[TRAIN][PPO] ep=423/500 r=  355.62 avg10=  313.47 steps=1354 succ10=0.00 touch10=0.00 col10=1.00 to10=0.00 min_d= 0.89 avg_spd=2.02m/s end=collision t= 6428.9s
[TRAIN][PPO] ep=424/500 r=  367.57 avg10=  313.24 steps=1385 succ10=0.00 touch10=0.00 col10=1.00 to10=0.00 min_d= 0.90 avg_spd=2.02m/s end=collision t= 6448.8s
[TRAIN][PPO] ep=425/500 r=  265.03 avg10=  304.27 steps=1021 succ10=0.00 touch10=0.00 col10=1.00 to10=0.00 min_d= 1.62 avg_spd=2.04m/s end=collision t= 6461.1s
[TRAIN][PPO] ep=426/500 r=  374.55 avg10=  305.31 steps=1405 succ10=0.00 touch10=0.00 col10=1.00 to10=0.00 min_d= 0.89 avg_spd=2.02m/s end=collision t= 6478.0s
[TRAIN][PPO] ep=427/500 r=  -41.17 avg10=  265.29 steps=  84 succ10=0.00 touch10=0.00 col10=1.00 to10=0.00 min_d= 3.87 avg_spd=2.08m/s end=collision t= 6479.1s
[TRAIN][PPO] ep=428/500 r=  257.55 avg10=  264.33 steps= 989 succ10=0.00 touch10=0.00 col10=1.00 to10=0.00 min_d= 1.63 avg_spd=2.04m/s end=collision t= 6492.3s
[TRAIN][PPO] ep=429/500 r=  370.50 avg10=  264.53 steps=1393 succ10=0.00 touch10=0.00 col10=1.00 to10=0.00 min_d= 0.89 avg_spd=2.03m/s end=collision t= 6509.2s
[TRAIN][PPO] ep=430/500 r=  352.51 avg10=  262.35 steps=1350 succ10=0.00 touch10=0.00 col10=1.00 to10=0.00 min_d= 0.89 avg_spd=2.02m/s end=collision t= 6525.7s
[TRAIN][PPO] ep=431/500 r=  363.19 avg10=  262.29 steps=1384 succ10=0.00 touch10=0.00 col10=1.00 to10=0.00 min_d= 0.89 avg_spd=2.00m/s end=collision t= 6543.1s
[TRAIN][PPO] ep=432/500 r=  365.56 avg10=  303.09 steps=1386 succ10=0.00 touch10=0.00 col10=1.00 to10=0.00 min_d= 0.90 avg_spd=2.01m/s end=collision t= 6562.3s
[TRAIN][PPO] ep=433/500 r=  371.92 avg10=  304.72 steps=1400 succ10=0.00 touch10=0.00 col10=1.00 to10=0.00 min_d= 0.89 avg_spd=2.02m/s end=collision t= 6579.5s
[TRAIN][PPO] ep=434/500 r=  359.70 avg10=  303.94 steps=1372 succ10=0.00 touch10=0.00 col10=1.00 to10=0.00 min_d= 0.90 avg_spd=2.02m/s end=collision t= 6597.0s
[TRAIN][PPO] ep=435/500 r=  263.41 avg10=  303.77 steps=1035 succ10=0.00 touch10=0.00 col10=1.00 to10=0.00 min_d= 1.60 avg_spd=2.04m/s end=collision t= 6610.0s
[TRAIN][PPO] ep=436/500 r=  371.00 avg10=  303.42 steps=1407 succ10=0.00 touch10=0.00 col10=1.00 to10=0.00 min_d= 0.88 avg_spd=2.00m/s end=collision t= 6629.2s
[TRAIN][PPO] ep=437/500 r=  369.70 avg10=  344.51 steps=1393 succ10=0.00 touch10=0.00 col10=1.00 to10=0.00 min_d= 0.90 avg_spd=2.03m/s end=collision t= 6646.5s
[TRAIN][PPO] ep=438/500 r=  367.12 avg10=  355.46 steps=1401 succ10=0.00 touch10=0.00 col10=1.00 to10=0.00 min_d= 0.89 avg_spd=2.02m/s end=collision t= 6664.0s
[TRAIN][PPO] ep=439/500 r=  361.61 avg10=  354.57 steps=1373 succ10=0.00 touch10=0.00 col10=1.00 to10=0.00 min_d= 0.89 avg_spd=2.01m/s end=collision t= 6681.3s
[TRAIN][PPO] ep=440/500 r=  360.05 avg10=  355.33 steps=1393 succ10=0.00 touch10=0.00 col10=1.00 to10=0.00 min_d= 0.90 avg_spd=2.00m/s end=collision t= 6700.9s
[TRAIN][PPO] ep=441/500 r=  -36.42 avg10=  315.37 steps= 145 succ10=0.00 touch10=0.00 col10=1.00 to10=0.00 min_d= 3.89 avg_spd=1.93m/s end=collision t= 6702.8s
[TRAIN][PPO] ep=442/500 r=  598.58 avg10=  338.67 steps=1608 succ10=0.10 touch10=0.10 col10=0.90 to10=0.00 min_d= 0.30 avg_spd=2.00m/s end=goal t= 6723.0s
[TRAIN][PPO] ep=443/500 r=  375.83 avg10=  339.06 steps=1407 succ10=0.10 touch10=0.10 col10=0.90 to10=0.00 min_d= 0.88 avg_spd=2.02m/s end=collision t= 6740.7s
[TRAIN][PPO] ep=444/500 r=  278.94 avg10=  330.98 steps=1107 succ10=0.10 touch10=0.10 col10=0.90 to10=0.00 min_d= 1.50 avg_spd=2.06m/s end=collision t= 6757.0s
[TRAIN][PPO] ep=445/500 r=  370.48 avg10=  341.69 steps=1396 succ10=0.10 touch10=0.10 col10=0.90 to10=0.00 min_d= 0.88 avg_spd=2.01m/s end=collision t= 6774.7s
[TRAIN][PPO] ep=446/500 r=  373.10 avg10=  341.90 steps=1415 succ10=0.10 touch10=0.10 col10=0.90 to10=0.00 min_d= 0.88 avg_spd=1.99m/s end=collision t= 6792.8s
[TRAIN][PPO] ep=447/500 r=  359.92 avg10=  340.92 steps=1368 succ10=0.10 touch10=0.10 col10=0.90 to10=0.00 min_d= 0.89 avg_spd=2.02m/s end=collision t= 6810.4s
[TRAIN][PPO] ep=448/500 r=  362.64 avg10=  340.47 steps=1392 succ10=0.10 touch10=0.10 col10=0.90 to10=0.00 min_d= 0.90 avg_spd=1.99m/s end=collision t= 6829.8s
[TRAIN][PPO] ep=449/500 r=  360.33 avg10=  340.35 steps=1371 succ10=0.10 touch10=0.10 col10=0.90 to10=0.00 min_d= 0.88 avg_spd=2.00m/s end=collision t= 6847.7s
[TRAIN][PPO] ep=450/500 r=  272.74 avg10=  331.62 steps=1053 succ10=0.10 touch10=0.10 col10=0.90 to10=0.00 min_d= 1.62 avg_spd=2.03m/s end=collision t= 6861.0s
[TRAIN][PPO] ep=451/500 r=  283.08 avg10=  363.57 steps=1109 succ10=0.10 touch10=0.10 col10=0.90 to10=0.00 min_d= 1.51 avg_spd=2.04m/s end=collision t= 6875.3s
[TRAIN][PPO] ep=452/500 r=  363.76 avg10=  340.08 steps=1369 succ10=0.00 touch10=0.00 col10=1.00 to10=0.00 min_d= 0.90 avg_spd=1.99m/s end=collision t= 6894.9s
[TRAIN][PPO] ep=453/500 r=  360.60 avg10=  338.56 steps=1385 succ10=0.00 touch10=0.00 col10=1.00 to10=0.00 min_d= 0.89 avg_spd=2.00m/s end=collision t= 6912.7s
[TRAIN][PPO] ep=454/500 r=  272.01 avg10=  337.87 steps=1044 succ10=0.00 touch10=0.00 col10=1.00 to10=0.00 min_d= 1.62 avg_spd=2.03m/s end=collision t= 6926.2s
[TRAIN][PPO] ep=455/500 r=  260.74 avg10=  326.89 steps=1022 succ10=0.00 touch10=0.00 col10=1.00 to10=0.00 min_d= 1.60 avg_spd=2.02m/s end=collision t= 6939.1s
[TRAIN][PPO] ep=456/500 r=  359.62 avg10=  325.54 steps=1401 succ10=0.00 touch10=0.00 col10=1.00 to10=0.00 min_d= 0.89 avg_spd=1.99m/s end=collision t= 6959.1s
[TRAIN][PPO] ep=457/500 r=  -35.04 avg10=  286.05 steps= 126 succ10=0.00 touch10=0.00 col10=1.00 to10=0.00 min_d= 3.90 avg_spd=2.03m/s end=collision t= 6960.9s
[TRAIN][PPO] ep=458/500 r=  -30.24 avg10=  246.76 steps= 134 succ10=0.00 touch10=0.00 col10=1.00 to10=0.00 min_d= 3.87 avg_spd=2.05m/s end=collision t= 6962.6s
[TRAIN][PPO] ep=459/500 r=  362.03 avg10=  246.93 steps=1382 succ10=0.00 touch10=0.00 col10=1.00 to10=0.00 min_d= 0.88 avg_spd=1.99m/s end=collision t= 6980.1s
[TRAIN][PPO] ep=460/500 r=  615.74 avg10=  281.23 steps=1666 succ10=0.10 touch10=0.10 col10=0.90 to10=0.00 min_d= 0.30 avg_spd=1.98m/s end=goal t= 7003.5s ckpt=best_goal
[TRAIN][PPO] ep=461/500 r=  -43.93 avg10=  248.53 steps=  40 succ10=0.10 touch10=0.10 col10=0.90 to10=0.00 min_d= 3.86 avg_spd=2.10m/s end=collision t= 7004.1s
[TRAIN][PPO] ep=462/500 r=  -42.78 avg10=  207.88 steps= 101 succ10=0.10 touch10=0.10 col10=0.90 to10=0.00 min_d= 3.89 avg_spd=2.07m/s end=collision t= 7005.4s
[TRAIN][PPO] ep=463/500 r=  356.26 avg10=  207.44 steps=1359 succ10=0.10 touch10=0.10 col10=0.90 to10=0.00 min_d= 0.88 avg_spd=2.01m/s end=collision t= 7022.7s
[TRAIN][PPO] ep=464/500 r=  363.96 avg10=  216.64 steps=1372 succ10=0.10 touch10=0.10 col10=0.90 to10=0.00 min_d= 0.88 avg_spd=2.00m/s end=collision t= 7041.1s
[TRAIN][PPO] ep=465/500 r=  599.58 avg10=  250.52 steps=1632 succ10=0.20 touch10=0.20 col10=0.80 to10=0.00 min_d= 0.30 avg_spd=1.98m/s end=goal t= 7061.5s
[TRAIN][PPO] ep=466/500 r=  359.25 avg10=  250.48 steps=1380 succ10=0.20 touch10=0.20 col10=0.80 to10=0.00 min_d= 0.89 avg_spd=1.98m/s end=collision t= 7078.4s
[TRAIN][PPO] ep=467/500 r=  367.43 avg10=  290.73 steps=1388 succ10=0.20 touch10=0.20 col10=0.80 to10=0.00 min_d= 0.89 avg_spd=2.01m/s end=collision t= 7095.7s
[TRAIN][PPO] ep=468/500 r=   61.70 avg10=  299.92 steps= 376 succ10=0.20 touch10=0.20 col10=0.80 to10=0.00 min_d= 3.11 avg_spd=2.01m/s end=collision t= 7102.0s
[TRAIN][PPO] ep=469/500 r=  -34.90 avg10=  260.23 steps=  62 succ10=0.20 touch10=0.20 col10=0.80 to10=0.00 min_d= 3.90 avg_spd=1.99m/s end=collision t= 7102.8s
[TRAIN][PPO] ep=470/500 r=  610.56 avg10=  259.71 steps=1658 succ10=0.20 touch10=0.20 col10=0.80 to10=0.00 min_d= 0.30 avg_spd=1.98m/s end=goal t= 7123.3s
[TRAIN][PPO] ep=471/500 r=  259.13 avg10=  290.02 steps=1020 succ10=0.20 touch10=0.20 col10=0.80 to10=0.00 min_d= 1.60 avg_spd=2.01m/s end=collision t= 7136.1s
[TRAIN][PPO] ep=472/500 r=  356.69 avg10=  329.97 steps=1374 succ10=0.20 touch10=0.20 col10=0.80 to10=0.00 min_d= 0.89 avg_spd=1.99m/s end=collision t= 7155.6s
[TRAIN][PPO] ep=473/500 r=  -25.24 avg10=  291.82 steps=  80 succ10=0.20 touch10=0.20 col10=0.80 to10=0.00 min_d= 3.87 avg_spd=2.05m/s end=collision t= 7156.6s
[TRAIN][PPO] ep=474/500 r=  380.28 avg10=  293.45 steps=1422 succ10=0.20 touch10=0.20 col10=0.80 to10=0.00 min_d= 0.88 avg_spd=1.99m/s end=collision t= 7174.6s
[TRAIN][PPO] ep=475/500 r=  263.89 avg10=  259.88 steps=1058 succ10=0.10 touch10=0.10 col10=0.90 to10=0.00 min_d= 1.52 avg_spd=2.03m/s end=collision t= 7188.2s
[TRAIN][PPO] ep=476/500 r=  371.51 avg10=  261.10 steps=1411 succ10=0.10 touch10=0.10 col10=0.90 to10=0.00 min_d= 0.89 avg_spd=1.97m/s end=collision t= 7207.3s
[TRAIN][PPO] ep=477/500 r=   56.97 avg10=  230.06 steps= 365 succ10=0.10 touch10=0.10 col10=0.90 to10=0.00 min_d= 3.13 avg_spd=1.98m/s end=collision t= 7212.1s
[TRAIN][PPO] ep=478/500 r=  602.92 avg10=  284.18 steps=1626 succ10=0.20 touch10=0.20 col10=0.80 to10=0.00 min_d= 0.30 avg_spd=1.99m/s end=goal t= 7232.6s
[TRAIN][PPO] ep=479/500 r=  384.03 avg10=  326.07 steps=1458 succ10=0.20 touch10=0.20 col10=0.80 to10=0.00 min_d= 0.88 avg_spd=1.97m/s end=collision t= 7251.0s
[TRAIN][PPO] ep=480/500 r=  280.36 avg10=  293.05 steps=1135 succ10=0.10 touch10=0.10 col10=0.90 to10=0.00 min_d= 1.52 avg_spd=1.99m/s end=collision t= 7266.9s
[TRAIN][PPO] ep=481/500 r=  257.70 avg10=  292.91 steps= 985 succ10=0.10 touch10=0.10 col10=0.90 to10=0.00 min_d= 1.62 avg_spd=2.02m/s end=collision t= 7278.9s
[TRAIN][PPO] ep=482/500 r=  608.21 avg10=  318.06 steps=1644 succ10=0.20 touch10=0.20 col10=0.80 to10=0.00 min_d= 0.30 avg_spd=1.99m/s end=goal t= 7299.7s
[TRAIN][PPO] ep=483/500 r=  -33.80 avg10=  317.21 steps= 114 succ10=0.20 touch10=0.20 col10=0.80 to10=0.00 min_d= 3.89 avg_spd=2.00m/s end=collision t= 7301.3s
[TRAIN][PPO] ep=484/500 r=  272.70 avg10=  306.45 steps=1028 succ10=0.20 touch10=0.20 col10=0.80 to10=0.00 min_d= 1.62 avg_spd=2.02m/s end=collision t= 7315.4s
[TRAIN][PPO] ep=485/500 r=  261.00 avg10=  306.16 steps=1018 succ10=0.20 touch10=0.20 col10=0.80 to10=0.00 min_d= 1.62 avg_spd=2.02m/s end=collision t= 7328.5s
[TRAIN][PPO] ep=486/500 r=  607.95 avg10=  329.80 steps=1635 succ10=0.30 touch10=0.30 col10=0.70 to10=0.00 min_d= 0.30 avg_spd=1.99m/s end=goal t= 7349.5s
[TRAIN][PPO] ep=487/500 r=  -51.81 avg10=  318.93 steps= 152 succ10=0.30 touch10=0.30 col10=0.70 to10=0.00 min_d= 3.85 avg_spd=1.95m/s end=collision t= 7351.5s
[TRAIN][PPO] ep=488/500 r=  -36.92 avg10=  254.94 steps= 118 succ10=0.20 touch10=0.20 col10=0.80 to10=0.00 min_d= 3.89 avg_spd=2.02m/s end=collision t= 7354.6s
[TRAIN][PPO] ep=489/500 r=  -35.15 avg10=  213.03 steps= 150 succ10=0.20 touch10=0.20 col10=0.80 to10=0.00 min_d= 3.89 avg_spd=2.02m/s end=collision t= 7356.6s
[TRAIN][PPO] ep=490/500 r=  610.78 avg10=  246.07 steps=1658 succ10=0.30 touch10=0.30 col10=0.70 to10=0.00 min_d= 0.30 avg_spd=2.01m/s end=goal t= 7377.8s
[TRAIN][PPO] ep=491/500 r=  612.37 avg10=  281.53 steps=1661 succ10=0.40 touch10=0.40 col10=0.60 to10=0.00 min_d= 0.30 avg_spd=2.00m/s end=goal t= 7398.8s
[TRAIN][PPO] ep=492/500 r=  600.58 avg10=  280.77 steps=1616 succ10=0.40 touch10=0.40 col10=0.60 to10=0.00 min_d= 0.30 avg_spd=2.02m/s end=goal t= 7421.2s
[TRAIN][PPO] ep=493/500 r=  -33.67 avg10=  280.78 steps= 119 succ10=0.40 touch10=0.40 col10=0.60 to10=0.00 min_d= 3.88 avg_spd=1.85m/s end=collision t= 7422.8s
[TRAIN][PPO] ep=494/500 r=  360.82 avg10=  289.60 steps=1394 succ10=0.40 touch10=0.40 col10=0.60 to10=0.00 min_d= 0.88 avg_spd=1.99m/s end=collision t= 7440.6s
[TRAIN][PPO] ep=495/500 r=   69.73 avg10=  270.47 steps= 409 succ10=0.40 touch10=0.40 col10=0.60 to10=0.00 min_d= 3.12 avg_spd=1.98m/s end=collision t= 7446.1s
[TRAIN][PPO] ep=496/500 r=  378.71 avg10=  247.54 steps=1422 succ10=0.30 touch10=0.30 col10=0.70 to10=0.00 min_d= 0.88 avg_spd=1.98m/s end=collision t= 7465.5s
[TRAIN][PPO] ep=497/500 r=  612.82 avg10=  314.01 steps=1655 succ10=0.40 touch10=0.40 col10=0.60 to10=0.00 min_d= 0.30 avg_spd=2.01m/s end=goal t= 7487.0s
[TRAIN][PPO] ep=498/500 r=  602.90 avg10=  377.99 steps=1646 succ10=0.50 touch10=0.50 col10=0.50 to10=0.00 min_d= 0.30 avg_spd=1.98m/s end=goal t= 7508.0s
[TRAIN][PPO] ep=499/500 r=  611.72 avg10=  442.68 steps=1678 succ10=0.60 touch10=0.60 col10=0.40 to10=0.00 min_d= 0.30 avg_spd=1.97m/s end=goal t= 7529.6s
INFO: PPO: Terminating.
[RUN] completed stage checkpoint=/uio/hume/student-u79/esbrovol/fys5429/DRL-Obstacle-Avoidance/controllers/PPO/checkpoints/20260525_141956_gru_seed01_stage07_train_7_goal_offset_pos/final_20260525_141956_gru_seed01_stage07_train_7_goal_offset_pos.pth
[RUN] arch=gru seed=1 stage=8/10 world=/uio/hume/student-u79/esbrovol/fys5429/DRL-Obstacle-Avoidance/worlds/training/train_8_goal_offset_neg.wbt
[RUN] resuming from /uio/hume/student-u79/esbrovol/fys5429/DRL-Obstacle-Avoidance/controllers/PPO/checkpoints/20260525_141956_gru_seed01_stage07_train_7_goal_offset_pos/final_20260525_141956_gru_seed01_stage07_train_7_goal_offset_pos.pth
INFO: PPO: Starting controller: python3 -u PPO.py
[PPO] Using architecture: GRU
[PPO] Loaded architecture: GRU
[TRAIN][PPO] arch=GRU weights_dir=/uio/hume/student-u79/esbrovol/fys5429/DRL-Obstacle-Avoidance/controllers/PPO/checkpoints/20260525_141956_gru_seed01_stage08_train_8_goal_offset_neg final=/uio/hume/student-u79/esbrovol/fys5429/DRL-Obstacle-Avoidance/controllers/PPO/checkpoints/20260525_141956_gru_seed01_stage08_train_8_goal_offset_neg/final_20260525_141956_gru_seed01_stage08_train_8_goal_offset_neg.pth
[TRAIN][PPO] episodes=500 update_every=4 obs=31 act=2 cell=GRU seq=32 burn_in=8
[TRAIN][PPO] ep=001/500 r=  -23.94 avg10=  -23.94 steps= 138 succ10=0.00 touch10=0.00 col10=1.00 to10=0.00 min_d= 3.81 avg_spd=1.92m/s end=collision t=    2.2s ckpt=best
[TRAIN][PPO] ep=002/500 r=    5.16 avg10=   -9.39 steps= 169 succ10=0.00 touch10=0.00 col10=1.00 to10=0.00 min_d= 3.61 avg_spd=2.08m/s end=collision t=    4.4s ckpt=best
[TRAIN][PPO] ep=003/500 r=  228.26 avg10=   69.83 steps= 874 succ10=0.00 touch10=0.00 col10=1.00 to10=0.00 min_d= 1.93 avg_spd=2.00m/s end=collision t=   16.1s ckpt=best
[TRAIN][PPO] ep=004/500 r=   71.15 avg10=   70.16 steps= 597 succ10=0.00 touch10=0.00 col10=1.00 to10=0.00 min_d= 3.02 avg_spd=2.01m/s end=collision t=   25.1s
[TRAIN][PPO] ep=005/500 r=  226.50 avg10=  101.43 steps= 849 succ10=0.00 touch10=0.00 col10=1.00 to10=0.00 min_d= 1.93 avg_spd=2.02m/s end=collision t=   36.4s
[TRAIN][PPO] ep=006/500 r=  376.47 avg10=  147.27 steps=1358 succ10=0.00 touch10=0.00 col10=1.00 to10=0.00 min_d= 0.93 avg_spd=1.99m/s end=collision t=   54.2s ckpt=best
[TRAIN][PPO] ep=007/500 r=  222.28 avg10=  157.98 steps= 838 succ10=0.00 touch10=0.00 col10=1.00 to10=0.00 min_d= 1.93 avg_spd=2.00m/s end=collision t=   65.3s
[TRAIN][PPO] ep=008/500 r=  364.08 avg10=  183.74 steps=1220 succ10=0.00 touch10=0.00 col10=1.00 to10=0.00 min_d= 0.96 avg_spd=2.03m/s end=collision t=   83.1s
[TRAIN][PPO] ep=009/500 r=  241.31 avg10=  190.14 steps= 906 succ10=0.00 touch10=0.00 col10=1.00 to10=0.00 min_d= 1.93 avg_spd=2.00m/s end=collision t=   94.8s
[TRAIN][PPO] ep=010/500 r=  237.65 avg10=  194.89 steps= 908 succ10=0.00 touch10=0.00 col10=1.00 to10=0.00 min_d= 1.94 avg_spd=2.00m/s end=collision t=  106.6s
[TRAIN][PPO] ep=011/500 r=  371.20 avg10=  234.40 steps=1233 succ10=0.00 touch10=0.00 col10=1.00 to10=0.00 min_d= 0.95 avg_spd=2.02m/s end=collision t=  122.7s
[TRAIN][PPO] ep=012/500 r=  -30.74 avg10=  230.82 steps= 138 succ10=0.00 touch10=0.00 col10=1.00 to10=0.00 min_d= 3.79 avg_spd=2.04m/s end=collision t=  126.1s
[TRAIN][PPO] ep=013/500 r=  224.64 avg10=  230.45 steps= 845 succ10=0.00 touch10=0.00 col10=1.00 to10=0.00 min_d= 1.93 avg_spd=2.03m/s end=collision t=  137.1s
[TRAIN][PPO] ep=014/500 r=  -21.37 avg10=  221.20 steps= 164 succ10=0.00 touch10=0.00 col10=1.00 to10=0.00 min_d= 3.80 avg_spd=1.91m/s end=collision t=  139.4s
[TRAIN][PPO] ep=015/500 r=  231.33 avg10=  221.69 steps= 866 succ10=0.00 touch10=0.00 col10=1.00 to10=0.00 min_d= 1.93 avg_spd=2.03m/s end=collision t=  150.4s
[TRAIN][PPO] ep=016/500 r=  -26.49 avg10=  181.39 steps= 118 succ10=0.00 touch10=0.00 col10=1.00 to10=0.00 min_d= 3.82 avg_spd=2.06m/s end=collision t=  152.5s
[TRAIN][PPO] ep=017/500 r=  -36.64 avg10=  155.50 steps=  43 succ10=0.00 touch10=0.00 col10=1.00 to10=0.00 min_d= 3.87 avg_spd=1.92m/s end=collision t=  153.1s
[TRAIN][PPO] ep=018/500 r=  -32.06 avg10=  115.88 steps=  56 succ10=0.00 touch10=0.00 col10=1.00 to10=0.00 min_d= 3.86 avg_spd=1.99m/s end=collision t=  153.8s
[TRAIN][PPO] ep=019/500 r=  235.46 avg10=  115.30 steps= 891 succ10=0.00 touch10=0.00 col10=1.00 to10=0.00 min_d= 1.93 avg_spd=2.03m/s end=collision t=  164.6s
[TRAIN][PPO] ep=020/500 r=  240.20 avg10=  115.55 steps= 900 succ10=0.00 touch10=0.00 col10=1.00 to10=0.00 min_d= 1.93 avg_spd=2.00m/s end=collision t=  176.5s
[TRAIN][PPO] ep=021/500 r=  -31.26 avg10=   75.31 steps=  58 succ10=0.00 touch10=0.00 col10=1.00 to10=0.00 min_d= 3.86 avg_spd=2.02m/s end=collision t=  177.3s
[TRAIN][PPO] ep=022/500 r=  357.18 avg10=  114.10 steps=1316 succ10=0.00 touch10=0.00 col10=1.00 to10=0.00 min_d= 0.95 avg_spd=2.01m/s end=collision t=  194.6s
[TRAIN][PPO] ep=023/500 r=  232.54 avg10=  114.89 steps= 874 succ10=0.00 touch10=0.00 col10=1.00 to10=0.00 min_d= 1.93 avg_spd=2.01m/s end=collision t=  206.4s
[TRAIN][PPO] ep=024/500 r=   21.00 avg10=  119.13 steps= 211 succ10=0.00 touch10=0.00 col10=1.00 to10=0.00 min_d= 3.54 avg_spd=2.02m/s end=collision t=  210.0s
[TRAIN][PPO] ep=025/500 r=  621.26 avg10=  158.12 steps=1511 succ10=0.10 touch10=0.10 col10=0.90 to10=0.00 min_d= 0.30 avg_spd=2.05m/s end=goal t=  229.6s ckpt=best_goal
[TRAIN][PPO] ep=026/500 r=  364.45 avg10=  197.21 steps=1226 succ10=0.10 touch10=0.10 col10=0.90 to10=0.00 min_d= 0.95 avg_spd=2.03m/s end=collision t=  245.8s
[TRAIN][PPO] ep=027/500 r=  369.57 avg10=  237.83 steps=1229 succ10=0.10 touch10=0.10 col10=0.90 to10=0.00 min_d= 0.95 avg_spd=2.02m/s end=collision t=  261.7s
[TRAIN][PPO] ep=028/500 r=  621.30 avg10=  303.17 steps=1500 succ10=0.20 touch10=0.20 col10=0.80 to10=0.00 min_d= 0.30 avg_spd=2.04m/s end=goal t=  282.5s ckpt=best_goal
[TRAIN][PPO] ep=029/500 r=  224.29 avg10=  302.05 steps= 853 succ10=0.20 touch10=0.20 col10=0.80 to10=0.00 min_d= 1.91 avg_spd=2.02m/s end=collision t=  293.9s
[TRAIN][PPO] ep=030/500 r=  366.98 avg10=  314.73 steps=1317 succ10=0.20 touch10=0.20 col10=0.80 to10=0.00 min_d= 0.94 avg_spd=2.05m/s end=collision t=  311.3s
[TRAIN][PPO] ep=031/500 r=  226.85 avg10=  340.54 steps= 847 succ10=0.20 touch10=0.20 col10=0.80 to10=0.00 min_d= 1.93 avg_spd=2.03m/s end=collision t=  322.3s
[TRAIN][PPO] ep=032/500 r=  -34.03 avg10=  301.42 steps= 125 succ10=0.20 touch10=0.20 col10=0.80 to10=0.00 min_d= 3.79 avg_spd=1.97m/s end=collision t=  325.5s
[TRAIN][PPO] ep=033/500 r=  225.84 avg10=  300.75 steps= 856 succ10=0.20 touch10=0.20 col10=0.80 to10=0.00 min_d= 1.93 avg_spd=2.03m/s end=collision t=  336.8s
[TRAIN][PPO] ep=034/500 r=  352.19 avg10=  333.87 steps=1309 succ10=0.20 touch10=0.20 col10=0.80 to10=0.00 min_d= 0.93 avg_spd=2.02m/s end=collision t=  353.8s
[TRAIN][PPO] ep=035/500 r=  613.68 avg10=  333.11 steps=1503 succ10=0.20 touch10=0.20 col10=0.80 to10=0.00 min_d= 0.30 avg_spd=2.02m/s end=goal t=  373.3s
[TRAIN][PPO] ep=036/500 r=  373.53 avg10=  334.02 steps=1258 succ10=0.20 touch10=0.20 col10=0.80 to10=0.00 min_d= 0.90 avg_spd=2.04m/s end=collision t=  392.6s
[TRAIN][PPO] ep=037/500 r=  381.82 avg10=  335.24 steps=1290 succ10=0.20 touch10=0.20 col10=0.80 to10=0.00 min_d= 0.91 avg_spd=2.05m/s end=collision t=  409.6s
[TRAIN][PPO] ep=038/500 r=  380.57 avg10=  311.17 steps=1272 succ10=0.10 touch10=0.10 col10=0.90 to10=0.00 min_d= 0.94 avg_spd=2.04m/s end=collision t=  426.4s
[TRAIN][PPO] ep=039/500 r=  364.72 avg10=  325.21 steps=1212 succ10=0.10 touch10=0.10 col10=0.90 to10=0.00 min_d= 0.95 avg_spd=2.03m/s end=collision t=  442.2s
[TRAIN][PPO] ep=040/500 r=  364.22 avg10=  324.94 steps=1331 succ10=0.10 touch10=0.10 col10=0.90 to10=0.00 min_d= 0.93 avg_spd=2.05m/s end=collision t=  463.4s
[TRAIN][PPO] ep=041/500 r=  233.19 avg10=  325.57 steps= 867 succ10=0.10 touch10=0.10 col10=0.90 to10=0.00 min_d= 1.93 avg_spd=2.05m/s end=collision t=  474.8s
[TRAIN][PPO] ep=042/500 r=  618.08 avg10=  390.78 steps=1501 succ10=0.20 touch10=0.20 col10=0.80 to10=0.00 min_d= 0.30 avg_spd=2.03m/s end=goal t=  493.8s
[TRAIN][PPO] ep=043/500 r=  381.24 avg10=  406.32 steps=1305 succ10=0.20 touch10=0.20 col10=0.80 to10=0.00 min_d= 0.94 avg_spd=1.99m/s end=collision t=  510.9s
[TRAIN][PPO] ep=044/500 r=  367.91 avg10=  407.90 steps=1233 succ10=0.20 touch10=0.20 col10=0.80 to10=0.00 min_d= 0.95 avg_spd=2.03m/s end=collision t=  528.7s
[TRAIN][PPO] ep=045/500 r=  378.38 avg10=  384.37 steps=1251 succ10=0.10 touch10=0.10 col10=0.90 to10=0.00 min_d= 0.94 avg_spd=2.04m/s end=collision t=  544.8s
[TRAIN][PPO] ep=046/500 r=  606.33 avg10=  407.65 steps=1453 succ10=0.20 touch10=0.20 col10=0.80 to10=0.00 min_d= 0.30 avg_spd=2.05m/s end=goal t=  563.1s
[TRAIN][PPO] ep=047/500 r=  -20.37 avg10=  367.43 steps= 141 succ10=0.20 touch10=0.20 col10=0.80 to10=0.00 min_d= 3.82 avg_spd=1.92m/s end=collision t=  565.0s
[TRAIN][PPO] ep=048/500 r=  -23.39 avg10=  327.03 steps=  83 succ10=0.20 touch10=0.20 col10=0.80 to10=0.00 min_d= 3.87 avg_spd=2.02m/s end=collision t=  567.3s
[TRAIN][PPO] ep=049/500 r=  349.75 avg10=  325.53 steps=1349 succ10=0.20 touch10=0.20 col10=0.80 to10=0.00 min_d= 0.92 avg_spd=2.03m/s end=collision t=  584.3s
[TRAIN][PPO] ep=050/500 r=  618.22 avg10=  350.93 steps=1497 succ10=0.30 touch10=0.30 col10=0.70 to10=0.00 min_d= 0.30 avg_spd=2.07m/s end=goal t=  603.6s
[TRAIN][PPO] ep=051/500 r=  396.17 avg10=  367.23 steps=1305 succ10=0.30 touch10=0.30 col10=0.70 to10=0.00 min_d= 0.82 avg_spd=2.04m/s end=collision t=  620.7s
[TRAIN][PPO] ep=052/500 r=  373.96 avg10=  342.82 steps=1261 succ10=0.20 touch10=0.20 col10=0.80 to10=0.00 min_d= 0.95 avg_spd=2.04m/s end=collision t=  638.7s
[TRAIN][PPO] ep=053/500 r=  362.77 avg10=  340.97 steps=1190 succ10=0.20 touch10=0.20 col10=0.80 to10=0.00 min_d= 0.95 avg_spd=2.04m/s end=collision t=  654.0s
[TRAIN][PPO] ep=054/500 r=  612.69 avg10=  365.45 steps=1467 succ10=0.30 touch10=0.30 col10=0.70 to10=0.00 min_d= 0.30 avg_spd=2.05m/s end=goal t=  673.0s
[TRAIN][PPO] ep=055/500 r=  381.46 avg10=  365.76 steps=1279 succ10=0.30 touch10=0.30 col10=0.70 to10=0.00 min_d= 0.93 avg_spd=2.03m/s end=collision t=  689.4s
[TRAIN][PPO] ep=056/500 r=  367.32 avg10=  341.86 steps=1221 succ10=0.20 touch10=0.20 col10=0.80 to10=0.00 min_d= 0.94 avg_spd=2.04m/s end=collision t=  707.5s
[TRAIN][PPO] ep=057/500 r=  599.58 avg10=  403.85 steps=1424 succ10=0.30 touch10=0.30 col10=0.70 to10=0.00 min_d= 0.30 avg_spd=2.07m/s end=goal t=  725.2s
[TRAIN][PPO] ep=058/500 r=  619.59 avg10=  468.15 steps=1485 succ10=0.40 touch10=0.40 col10=0.60 to10=0.00 min_d= 0.30 avg_spd=2.02m/s end=goal t=  744.4s
[TRAIN][PPO] ep=059/500 r=    1.46 avg10=  433.32 steps= 160 succ10=0.40 touch10=0.40 col10=0.60 to10=0.00 min_d= 3.63 avg_spd=2.02m/s end=collision t=  746.5s
[TRAIN][PPO] ep=060/500 r=  616.96 avg10=  433.20 steps=1484 succ10=0.40 touch10=0.40 col10=0.60 to10=0.00 min_d= 0.30 avg_spd=2.02m/s end=goal t=  767.8s
[TRAIN][PPO] ep=061/500 r=  628.86 avg10=  456.46 steps=1530 succ10=0.50 touch10=0.50 col10=0.50 to10=0.00 min_d= 0.30 avg_spd=2.02m/s end=goal t=  787.2s ckpt=best_goal
[TRAIN][PPO] ep=062/500 r=  626.28 avg10=  481.70 steps=1517 succ10=0.60 touch10=0.60 col10=0.40 to10=0.00 min_d= 0.30 avg_spd=2.03m/s end=goal t=  807.0s
[TRAIN][PPO] ep=063/500 r=  -41.40 avg10=  441.28 steps=  35 succ10=0.60 touch10=0.60 col10=0.40 to10=0.00 min_d= 3.86 avg_spd=2.18m/s end=collision t=  807.6s
[TRAIN][PPO] ep=064/500 r=  612.14 avg10=  441.23 steps=1481 succ10=0.60 touch10=0.60 col10=0.40 to10=0.00 min_d= 0.30 avg_spd=2.03m/s end=goal t=  828.9s
[TRAIN][PPO] ep=065/500 r=  -43.22 avg10=  398.76 steps=  23 succ10=0.60 touch10=0.60 col10=0.40 to10=0.00 min_d= 3.87 avg_spd=1.88m/s end=collision t=  829.2s
[TRAIN][PPO] ep=066/500 r=  617.13 avg10=  423.74 steps=1502 succ10=0.70 touch10=0.70 col10=0.30 to10=0.00 min_d= 0.30 avg_spd=2.02m/s end=goal t=  849.4s
[TRAIN][PPO] ep=067/500 r=  613.37 avg10=  425.12 steps=1461 succ10=0.70 touch10=0.70 col10=0.30 to10=0.00 min_d= 0.30 avg_spd=2.06m/s end=goal t=  868.9s
[TRAIN][PPO] ep=068/500 r=  620.78 avg10=  425.24 steps=1491 succ10=0.70 touch10=0.70 col10=0.30 to10=0.00 min_d= 0.30 avg_spd=2.03m/s end=goal t=  890.6s
[TRAIN][PPO] ep=069/500 r=  617.58 avg10=  486.85 steps=1498 succ10=0.80 touch10=0.80 col10=0.20 to10=0.00 min_d= 0.30 avg_spd=2.03m/s end=goal t=  910.9s
[TRAIN][PPO] ep=070/500 r=  619.31 avg10=  487.08 steps=1481 succ10=0.80 touch10=0.80 col10=0.20 to10=0.00 min_d= 0.30 avg_spd=2.04m/s end=goal t=  930.9s
[TRAIN][PPO] ep=071/500 r=  617.51 avg10=  485.95 steps=1474 succ10=0.80 touch10=0.80 col10=0.20 to10=0.00 min_d= 0.30 avg_spd=2.06m/s end=goal t=  950.6s
[TRAIN][PPO] ep=072/500 r=  625.25 avg10=  485.85 steps=1512 succ10=0.80 touch10=0.80 col10=0.20 to10=0.00 min_d= 0.30 avg_spd=2.05m/s end=goal t=  973.0s
[TRAIN][PPO] ep=073/500 r=  619.83 avg10=  551.97 steps=1489 succ10=0.90 touch10=0.90 col10=0.10 to10=0.00 min_d= 0.30 avg_spd=2.06m/s end=goal t=  992.6s
[TRAIN][PPO] ep=074/500 r=  620.92 avg10=  552.85 steps=1483 succ10=0.90 touch10=0.90 col10=0.10 to10=0.00 min_d= 0.30 avg_spd=2.06m/s end=goal t= 1012.1s
[TRAIN][PPO] ep=075/500 r=  606.18 avg10=  617.79 steps=1449 succ10=1.00 touch10=1.00 col10=0.00 to10=0.00 min_d= 0.30 avg_spd=2.04m/s end=goal t= 1031.6s
[TRAIN][PPO] ep=076/500 r=  606.46 avg10=  616.72 steps=1447 succ10=1.00 touch10=1.00 col10=0.00 to10=0.00 min_d= 0.30 avg_spd=2.05m/s end=goal t= 1052.5s
[TRAIN][PPO] ep=077/500 r=  610.13 avg10=  616.40 steps=1448 succ10=1.00 touch10=1.00 col10=0.00 to10=0.00 min_d= 0.30 avg_spd=2.07m/s end=goal t= 1071.4s
[TRAIN][PPO] ep=078/500 r=  603.16 avg10=  614.63 steps=1667 succ10=1.00 touch10=1.00 col10=0.00 to10=0.00 min_d= 0.30 avg_spd=2.01m/s end=goal t= 1092.3s
[TRAIN][PPO] ep=079/500 r=  610.80 avg10=  613.96 steps=1464 succ10=1.00 touch10=1.00 col10=0.00 to10=0.00 min_d= 0.30 avg_spd=2.05m/s end=goal t= 1111.8s
[TRAIN][PPO] ep=080/500 r=  614.23 avg10=  613.45 steps=1468 succ10=1.00 touch10=1.00 col10=0.00 to10=0.00 min_d= 0.30 avg_spd=2.07m/s end=goal t= 1132.7s
[TRAIN][PPO] ep=081/500 r=  622.06 avg10=  613.90 steps=1492 succ10=1.00 touch10=1.00 col10=0.00 to10=0.00 min_d= 0.30 avg_spd=2.04m/s end=goal t= 1152.5s
[TRAIN][PPO] ep=082/500 r=  621.22 avg10=  613.50 steps=1488 succ10=1.00 touch10=1.00 col10=0.00 to10=0.00 min_d= 0.30 avg_spd=2.05m/s end=goal t= 1171.8s
[TRAIN][PPO] ep=083/500 r=  602.31 avg10=  611.75 steps=1453 succ10=1.00 touch10=1.00 col10=0.00 to10=0.00 min_d= 0.30 avg_spd=2.04m/s end=goal t= 1190.8s
[TRAIN][PPO] ep=084/500 r=  613.39 avg10=  611.00 steps=1460 succ10=1.00 touch10=1.00 col10=0.00 to10=0.00 min_d= 0.30 avg_spd=2.07m/s end=goal t= 1212.0s
[TRAIN][PPO] ep=085/500 r=  609.45 avg10=  611.32 steps=1456 succ10=1.00 touch10=1.00 col10=0.00 to10=0.00 min_d= 0.30 avg_spd=2.04m/s end=goal t= 1230.6s
[TRAIN][PPO] ep=086/500 r=  617.81 avg10=  612.46 steps=1483 succ10=1.00 touch10=1.00 col10=0.00 to10=0.00 min_d= 0.30 avg_spd=2.05m/s end=goal t= 1250.3s
[TRAIN][PPO] ep=087/500 r=  600.02 avg10=  611.45 steps=1432 succ10=1.00 touch10=1.00 col10=0.00 to10=0.00 min_d= 0.30 avg_spd=2.08m/s end=goal t= 1269.2s
[TRAIN][PPO] ep=088/500 r=  604.25 avg10=  611.56 steps=1432 succ10=1.00 touch10=1.00 col10=0.00 to10=0.00 min_d= 0.30 avg_spd=2.06m/s end=goal t= 1289.9s
[TRAIN][PPO] ep=089/500 r=  607.81 avg10=  611.26 steps=1437 succ10=1.00 touch10=1.00 col10=0.00 to10=0.00 min_d= 0.30 avg_spd=2.09m/s end=goal t= 1309.1s
[TRAIN][PPO] ep=090/500 r=  613.15 avg10=  611.15 steps=1470 succ10=1.00 touch10=1.00 col10=0.00 to10=0.00 min_d= 0.30 avg_spd=2.06m/s end=goal t= 1328.7s
[TRAIN][PPO] ep=091/500 r=  615.87 avg10=  610.53 steps=1465 succ10=1.00 touch10=1.00 col10=0.00 to10=0.00 min_d= 0.30 avg_spd=2.06m/s end=goal t= 1348.4s
[TRAIN][PPO] ep=092/500 r=  619.18 avg10=  610.32 steps=1477 succ10=1.00 touch10=1.00 col10=0.00 to10=0.00 min_d= 0.30 avg_spd=2.05m/s end=goal t= 1369.9s
[TRAIN][PPO] ep=093/500 r=  612.76 avg10=  611.37 steps=1475 succ10=1.00 touch10=1.00 col10=0.00 to10=0.00 min_d= 0.30 avg_spd=2.03m/s end=goal t= 1389.6s
[TRAIN][PPO] ep=094/500 r=  608.46 avg10=  610.88 steps=1446 succ10=1.00 touch10=1.00 col10=0.00 to10=0.00 min_d= 0.30 avg_spd=2.06m/s end=goal t= 1408.9s
[TRAIN][PPO] ep=095/500 r=  606.93 avg10=  610.63 steps=1447 succ10=1.00 touch10=1.00 col10=0.00 to10=0.00 min_d= 0.30 avg_spd=2.05m/s end=goal t= 1428.5s
[TRAIN][PPO] ep=096/500 r=  614.78 avg10=  610.32 steps=1464 succ10=1.00 touch10=1.00 col10=0.00 to10=0.00 min_d= 0.30 avg_spd=2.04m/s end=goal t= 1449.6s
[TRAIN][PPO] ep=097/500 r=  609.05 avg10=  611.23 steps=1446 succ10=1.00 touch10=1.00 col10=0.00 to10=0.00 min_d= 0.30 avg_spd=2.05m/s end=goal t= 1468.9s
[TRAIN][PPO] ep=098/500 r=  612.66 avg10=  612.07 steps=1460 succ10=1.00 touch10=1.00 col10=0.00 to10=0.00 min_d= 0.30 avg_spd=2.06m/s end=goal t= 1488.5s
[TRAIN][PPO] ep=099/500 r=  621.51 avg10=  613.44 steps=1483 succ10=1.00 touch10=1.00 col10=0.00 to10=0.00 min_d= 0.30 avg_spd=2.06m/s end=goal t= 1508.1s
[TRAIN][PPO] ep=100/500 r=  606.88 avg10=  612.81 steps=1442 succ10=1.00 touch10=1.00 col10=0.00 to10=0.00 min_d= 0.30 avg_spd=2.06m/s end=goal t= 1529.3s ckpt=latest
[TRAIN][PPO] ep=101/500 r=  615.24 avg10=  612.75 steps=1458 succ10=1.00 touch10=1.00 col10=0.00 to10=0.00 min_d= 0.30 avg_spd=2.04m/s end=goal t= 1548.9s
[TRAIN][PPO] ep=102/500 r=  613.56 avg10=  612.19 steps=1464 succ10=1.00 touch10=1.00 col10=0.00 to10=0.00 min_d= 0.30 avg_spd=2.06m/s end=goal t= 1568.3s
[TRAIN][PPO] ep=103/500 r=  618.72 avg10=  612.78 steps=1495 succ10=1.00 touch10=1.00 col10=0.00 to10=0.00 min_d= 0.30 avg_spd=2.04m/s end=goal t= 1587.5s
[TRAIN][PPO] ep=104/500 r=  -21.61 avg10=  549.77 steps= 130 succ10=0.90 touch10=0.90 col10=0.10 to10=0.00 min_d= 3.81 avg_spd=1.95m/s end=collision t= 1591.2s
[TRAIN][PPO] ep=105/500 r=  618.20 avg10=  550.90 steps=1470 succ10=0.90 touch10=0.90 col10=0.10 to10=0.00 min_d= 0.30 avg_spd=2.04m/s end=goal t= 1610.6s
[TRAIN][PPO] ep=106/500 r=  619.09 avg10=  551.33 steps=1477 succ10=0.90 touch10=0.90 col10=0.10 to10=0.00 min_d= 0.30 avg_spd=2.06m/s end=goal t= 1630.3s
[TRAIN][PPO] ep=107/500 r=  -27.72 avg10=  487.65 steps= 124 succ10=0.80 touch10=0.80 col10=0.20 to10=0.00 min_d= 3.80 avg_spd=1.96m/s end=collision t= 1632.0s
[TRAIN][PPO] ep=108/500 r=  609.71 avg10=  487.36 steps=1442 succ10=0.80 touch10=0.80 col10=0.20 to10=0.00 min_d= 0.30 avg_spd=2.07m/s end=goal t= 1652.4s
[TRAIN][PPO] ep=109/500 r=  609.02 avg10=  486.11 steps=1460 succ10=0.80 touch10=0.80 col10=0.20 to10=0.00 min_d= 0.30 avg_spd=2.06m/s end=goal t= 1672.3s
[TRAIN][PPO] ep=110/500 r=  617.83 avg10=  487.20 steps=1475 succ10=0.80 touch10=0.80 col10=0.20 to10=0.00 min_d= 0.30 avg_spd=2.07m/s end=goal t= 1692.1s
[TRAIN][PPO] ep=111/500 r=  -27.67 avg10=  422.91 steps= 135 succ10=0.70 touch10=0.70 col10=0.30 to10=0.00 min_d= 3.80 avg_spd=2.01m/s end=collision t= 1693.9s
[TRAIN][PPO] ep=112/500 r=  612.78 avg10=  422.84 steps=1470 succ10=0.70 touch10=0.70 col10=0.30 to10=0.00 min_d= 0.30 avg_spd=2.07m/s end=goal t= 1715.0s
[TRAIN][PPO] ep=113/500 r=  613.12 avg10=  422.28 steps=1489 succ10=0.70 touch10=0.70 col10=0.30 to10=0.00 min_d= 0.30 avg_spd=2.04m/s end=goal t= 1734.3s
[TRAIN][PPO] ep=114/500 r=  604.50 avg10=  484.89 steps=1434 succ10=0.80 touch10=0.80 col10=0.20 to10=0.00 min_d= 0.30 avg_spd=2.07m/s end=goal t= 1753.4s
[TRAIN][PPO] ep=115/500 r=  609.08 avg10=  483.97 steps=1441 succ10=0.80 touch10=0.80 col10=0.20 to10=0.00 min_d= 0.30 avg_spd=2.06m/s end=goal t= 1771.5s
[TRAIN][PPO] ep=116/500 r=  606.51 avg10=  482.72 steps=1444 succ10=0.80 touch10=0.80 col10=0.20 to10=0.00 min_d= 0.30 avg_spd=2.05m/s end=goal t= 1792.9s
[TRAIN][PPO] ep=117/500 r=  606.36 avg10=  546.13 steps=1437 succ10=0.90 touch10=0.90 col10=0.10 to10=0.00 min_d= 0.30 avg_spd=2.06m/s end=goal t= 1811.8s
[TRAIN][PPO] ep=118/500 r=  605.82 avg10=  545.74 steps=1445 succ10=0.90 touch10=0.90 col10=0.10 to10=0.00 min_d= 0.30 avg_spd=2.07m/s end=goal t= 1830.5s
[TRAIN][PPO] ep=119/500 r=  614.51 avg10=  546.28 steps=1495 succ10=0.90 touch10=0.90 col10=0.10 to10=0.00 min_d= 0.30 avg_spd=2.04m/s end=goal t= 1850.1s
[TRAIN][PPO] ep=120/500 r=  612.73 avg10=  545.77 steps=1469 succ10=0.90 touch10=0.90 col10=0.10 to10=0.00 min_d= 0.30 avg_spd=2.06m/s end=goal t= 1873.2s
[TRAIN][PPO] ep=121/500 r=  611.17 avg10=  609.66 steps=1452 succ10=1.00 touch10=1.00 col10=0.00 to10=0.00 min_d= 0.30 avg_spd=2.07m/s end=goal t= 1892.1s
[TRAIN][PPO] ep=122/500 r=  604.97 avg10=  608.88 steps=1431 succ10=1.00 touch10=1.00 col10=0.00 to10=0.00 min_d= 0.30 avg_spd=2.05m/s end=goal t= 1910.9s
[TRAIN][PPO] ep=123/500 r=  -22.40 avg10=  545.32 steps= 140 succ10=0.90 touch10=0.90 col10=0.10 to10=0.00 min_d= 3.81 avg_spd=2.04m/s end=collision t= 1912.8s
[TRAIN][PPO] ep=124/500 r=  -21.66 avg10=  482.71 steps= 151 succ10=0.80 touch10=0.80 col10=0.20 to10=0.00 min_d= 3.81 avg_spd=2.03m/s end=collision t= 1916.1s
[TRAIN][PPO] ep=125/500 r=  615.86 avg10=  483.39 steps=1465 succ10=0.80 touch10=0.80 col10=0.20 to10=0.00 min_d= 0.30 avg_spd=2.06m/s end=goal t= 1935.6s
[TRAIN][PPO] ep=126/500 r=  608.72 avg10=  483.61 steps=1439 succ10=0.80 touch10=0.80 col10=0.20 to10=0.00 min_d= 0.30 avg_spd=2.06m/s end=goal t= 1955.0s
[TRAIN][PPO] ep=127/500 r=  612.68 avg10=  484.24 steps=1449 succ10=0.80 touch10=0.80 col10=0.20 to10=0.00 min_d= 0.30 avg_spd=2.06m/s end=goal t= 1974.2s
[TRAIN][PPO] ep=128/500 r=  615.20 avg10=  485.18 steps=1469 succ10=0.80 touch10=0.80 col10=0.20 to10=0.00 min_d= 0.30 avg_spd=2.06m/s end=goal t= 1995.9s
[TRAIN][PPO] ep=129/500 r=  610.14 avg10=  484.74 steps=1454 succ10=0.80 touch10=0.80 col10=0.20 to10=0.00 min_d= 0.30 avg_spd=2.06m/s end=goal t= 2015.4s
[TRAIN][PPO] ep=130/500 r=  614.64 avg10=  484.93 steps=1455 succ10=0.80 touch10=0.80 col10=0.20 to10=0.00 min_d= 0.30 avg_spd=2.08m/s end=goal t= 2034.5s
[TRAIN][PPO] ep=131/500 r=  623.77 avg10=  486.19 steps=1498 succ10=0.80 touch10=0.80 col10=0.20 to10=0.00 min_d= 0.30 avg_spd=2.05m/s end=goal t= 2054.4s
[TRAIN][PPO] ep=132/500 r=  616.30 avg10=  487.32 steps=1463 succ10=0.80 touch10=0.80 col10=0.20 to10=0.00 min_d= 0.30 avg_spd=2.06m/s end=goal t= 2075.7s
[TRAIN][PPO] ep=133/500 r=  611.67 avg10=  550.73 steps=1459 succ10=0.90 touch10=0.90 col10=0.10 to10=0.00 min_d= 0.30 avg_spd=2.06m/s end=goal t= 2095.0s
[TRAIN][PPO] ep=134/500 r=  616.86 avg10=  614.58 steps=1458 succ10=1.00 touch10=1.00 col10=0.00 to10=0.00 min_d= 0.30 avg_spd=2.08m/s end=goal t= 2114.0s
[TRAIN][PPO] ep=135/500 r=  602.01 avg10=  613.20 steps=1422 succ10=1.00 touch10=1.00 col10=0.00 to10=0.00 min_d= 0.30 avg_spd=2.06m/s end=goal t= 2132.9s
[TRAIN][PPO] ep=136/500 r=  -20.21 avg10=  550.30 steps= 131 succ10=0.90 touch10=0.90 col10=0.10 to10=0.00 min_d= 3.82 avg_spd=2.07m/s end=collision t= 2136.6s
[TRAIN][PPO] ep=137/500 r=  610.15 avg10=  550.05 steps=1445 succ10=0.90 touch10=0.90 col10=0.10 to10=0.00 min_d= 0.30 avg_spd=2.06m/s end=goal t= 2155.8s
[TRAIN][PPO] ep=138/500 r=  607.13 avg10=  549.24 steps=1454 succ10=0.90 touch10=0.90 col10=0.10 to10=0.00 min_d= 0.30 avg_spd=2.05m/s end=goal t= 2175.0s
[TRAIN][PPO] ep=139/500 r=  611.62 avg10=  549.39 steps=1446 succ10=0.90 touch10=0.90 col10=0.10 to10=0.00 min_d= 0.30 avg_spd=2.07m/s end=goal t= 2194.4s
[TRAIN][PPO] ep=140/500 r=  617.37 avg10=  549.67 steps=1565 succ10=0.90 touch10=0.90 col10=0.10 to10=0.00 min_d= 0.30 avg_spd=2.05m/s end=goal t= 2217.1s
[TRAIN][PPO] ep=141/500 r=  -18.26 avg10=  485.46 steps= 150 succ10=0.80 touch10=0.80 col10=0.20 to10=0.00 min_d= 3.81 avg_spd=2.00m/s end=collision t= 2219.2s
[TRAIN][PPO] ep=142/500 r=  623.27 avg10=  486.16 steps=1479 succ10=0.80 touch10=0.80 col10=0.20 to10=0.00 min_d= 0.30 avg_spd=2.06m/s end=goal t= 2238.9s
[TRAIN][PPO] ep=143/500 r=  610.26 avg10=  486.02 steps=1445 succ10=0.80 touch10=0.80 col10=0.20 to10=0.00 min_d= 0.30 avg_spd=2.04m/s end=goal t= 2258.2s
[TRAIN][PPO] ep=144/500 r=  612.96 avg10=  485.63 steps=1459 succ10=0.80 touch10=0.80 col10=0.20 to10=0.00 min_d= 0.30 avg_spd=2.05m/s end=goal t= 2278.2s
[TRAIN][PPO] ep=145/500 r=  -24.01 avg10=  423.03 steps= 152 succ10=0.70 touch10=0.70 col10=0.30 to10=0.00 min_d= 3.79 avg_spd=2.04m/s end=collision t= 2280.3s
[TRAIN][PPO] ep=146/500 r=  607.30 avg10=  485.78 steps=1436 succ10=0.80 touch10=0.80 col10=0.20 to10=0.00 min_d= 0.30 avg_spd=2.05m/s end=goal t= 2299.4s
[TRAIN][PPO] ep=147/500 r=  612.66 avg10=  486.03 steps=1564 succ10=0.80 touch10=0.80 col10=0.20 to10=0.00 min_d= 0.30 avg_spd=2.05m/s end=goal t= 2320.2s
[TRAIN][PPO] ep=148/500 r=  604.86 avg10=  485.80 steps=1437 succ10=0.80 touch10=0.80 col10=0.20 to10=0.00 min_d= 0.30 avg_spd=2.05m/s end=goal t= 2340.8s
[TRAIN][PPO] ep=149/500 r=  -42.04 avg10=  420.44 steps=  29 succ10=0.70 touch10=0.70 col10=0.30 to10=0.00 min_d= 3.87 avg_spd=1.99m/s end=collision t= 2341.2s
[TRAIN][PPO] ep=150/500 r=  618.95 avg10=  420.59 steps=1493 succ10=0.70 touch10=0.70 col10=0.30 to10=0.00 min_d= 0.30 avg_spd=2.04m/s end=goal t= 2361.1s
[TRAIN][PPO] ep=151/500 r=  603.26 avg10=  482.75 steps=1428 succ10=0.80 touch10=0.80 col10=0.20 to10=0.00 min_d= 0.30 avg_spd=2.06m/s end=goal t= 2380.3s
[TRAIN][PPO] ep=152/500 r=  602.09 avg10=  480.63 steps=1419 succ10=0.80 touch10=0.80 col10=0.20 to10=0.00 min_d= 0.30 avg_spd=2.07m/s end=goal t= 2400.5s
[TRAIN][PPO] ep=153/500 r=  614.10 avg10=  481.01 steps=1461 succ10=0.80 touch10=0.80 col10=0.20 to10=0.00 min_d= 0.30 avg_spd=2.07m/s end=goal t= 2420.0s
[TRAIN][PPO] ep=154/500 r=  622.01 avg10=  481.92 steps=1484 succ10=0.80 touch10=0.80 col10=0.20 to10=0.00 min_d= 0.30 avg_spd=2.04m/s end=goal t= 2439.7s
[TRAIN][PPO] ep=155/500 r=  617.80 avg10=  546.10 steps=1466 succ10=0.90 touch10=0.90 col10=0.10 to10=0.00 min_d= 0.30 avg_spd=2.06m/s end=goal t= 2459.2s
[TRAIN][PPO] ep=156/500 r=  608.84 avg10=  546.25 steps=1451 succ10=0.90 touch10=0.90 col10=0.10 to10=0.00 min_d= 0.30 avg_spd=2.06m/s end=goal t= 2480.2s
[TRAIN][PPO] ep=157/500 r=  621.17 avg10=  547.10 steps=1477 succ10=0.90 touch10=0.90 col10=0.10 to10=0.00 min_d= 0.30 avg_spd=2.04m/s end=goal t= 2499.5s
[TRAIN][PPO] ep=158/500 r=  603.86 avg10=  547.01 steps=1429 succ10=0.90 touch10=0.90 col10=0.10 to10=0.00 min_d= 0.30 avg_spd=2.05m/s end=goal t= 2518.4s
[TRAIN][PPO] ep=159/500 r=  607.49 avg10=  611.96 steps=1437 succ10=1.00 touch10=1.00 col10=0.00 to10=0.00 min_d= 0.30 avg_spd=2.05m/s end=goal t= 2537.2s
[TRAIN][PPO] ep=160/500 r=  615.44 avg10=  611.61 steps=1457 succ10=1.00 touch10=1.00 col10=0.00 to10=0.00 min_d= 0.30 avg_spd=2.07m/s end=goal t= 2559.3s
[TRAIN][PPO] ep=161/500 r=  608.89 avg10=  612.17 steps=1441 succ10=1.00 touch10=1.00 col10=0.00 to10=0.00 min_d= 0.30 avg_spd=2.06m/s end=goal t= 2578.2s
[TRAIN][PPO] ep=162/500 r=  614.88 avg10=  613.45 steps=1457 succ10=1.00 touch10=1.00 col10=0.00 to10=0.00 min_d= 0.30 avg_spd=2.06m/s end=goal t= 2597.2s
[TRAIN][PPO] ep=163/500 r=  619.36 avg10=  613.98 steps=1487 succ10=1.00 touch10=1.00 col10=0.00 to10=0.00 min_d= 0.30 avg_spd=2.04m/s end=goal t= 2616.6s
[TRAIN][PPO] ep=164/500 r=  608.38 avg10=  612.61 steps=1433 succ10=1.00 touch10=1.00 col10=0.00 to10=0.00 min_d= 0.30 avg_spd=2.08m/s end=goal t= 2637.0s
[TRAIN][PPO] ep=165/500 r=  607.46 avg10=  611.58 steps=1453 succ10=1.00 touch10=1.00 col10=0.00 to10=0.00 min_d= 0.30 avg_spd=2.05m/s end=goal t= 2655.6s
[TRAIN][PPO] ep=166/500 r=  -40.96 avg10=  546.60 steps=  36 succ10=0.90 touch10=0.90 col10=0.10 to10=0.00 min_d= 3.86 avg_spd=1.94m/s end=collision t= 2656.2s
[TRAIN][PPO] ep=167/500 r=  627.81 avg10=  547.26 steps=1503 succ10=0.90 touch10=0.90 col10=0.10 to10=0.00 min_d= 0.30 avg_spd=2.02m/s end=goal t= 2676.2s
[TRAIN][PPO] ep=168/500 r=  608.33 avg10=  547.71 steps=1444 succ10=0.90 touch10=0.90 col10=0.10 to10=0.00 min_d= 0.30 avg_spd=2.06m/s end=goal t= 2697.2s
[TRAIN][PPO] ep=169/500 r=  619.58 avg10=  548.92 steps=1470 succ10=0.90 touch10=0.90 col10=0.10 to10=0.00 min_d= 0.30 avg_spd=2.06m/s end=goal t= 2716.6s
[TRAIN][PPO] ep=170/500 r=  -28.07 avg10=  484.57 steps= 131 succ10=0.80 touch10=0.80 col10=0.20 to10=0.00 min_d= 3.80 avg_spd=1.96m/s end=collision t= 2718.4s
[TRAIN][PPO] ep=171/500 r=  624.49 avg10=  486.13 steps=1486 succ10=0.80 touch10=0.80 col10=0.20 to10=0.00 min_d= 0.30 avg_spd=2.03m/s end=goal t= 2737.9s
[TRAIN][PPO] ep=172/500 r=  609.76 avg10=  485.61 steps=1440 succ10=0.80 touch10=0.80 col10=0.20 to10=0.00 min_d= 0.30 avg_spd=2.06m/s end=goal t= 2758.4s
[TRAIN][PPO] ep=173/500 r=  603.85 avg10=  484.06 steps=1416 succ10=0.80 touch10=0.80 col10=0.20 to10=0.00 min_d= 0.30 avg_spd=2.06m/s end=goal t= 2777.1s
[TRAIN][PPO] ep=174/500 r=  604.95 avg10=  483.72 steps=1427 succ10=0.80 touch10=0.80 col10=0.20 to10=0.00 min_d= 0.30 avg_spd=2.05m/s end=goal t= 2795.2s
[TRAIN][PPO] ep=175/500 r=  -21.07 avg10=  420.87 steps= 138 succ10=0.70 touch10=0.70 col10=0.30 to10=0.00 min_d= 3.82 avg_spd=2.02m/s end=collision t= 2797.0s
[TRAIN][PPO] ep=176/500 r=  611.49 avg10=  486.11 steps=1467 succ10=0.80 touch10=0.80 col10=0.20 to10=0.00 min_d= 0.30 avg_spd=2.05m/s end=goal t= 2817.5s
[TRAIN][PPO] ep=177/500 r=  620.28 avg10=  485.36 steps=1481 succ10=0.80 touch10=0.80 col10=0.20 to10=0.00 min_d= 0.30 avg_spd=2.06m/s end=goal t= 2837.1s
[TRAIN][PPO] ep=178/500 r=  604.63 avg10=  484.99 steps=1426 succ10=0.80 touch10=0.80 col10=0.20 to10=0.00 min_d= 0.30 avg_spd=2.07m/s end=goal t= 2855.9s
[TRAIN][PPO] ep=179/500 r=  623.54 avg10=  485.39 steps=1481 succ10=0.80 touch10=0.80 col10=0.20 to10=0.00 min_d= 0.30 avg_spd=2.01m/s end=goal t= 2875.7s
[TRAIN][PPO] ep=180/500 r=  618.01 avg10=  549.99 steps=1462 succ10=0.90 touch10=0.90 col10=0.10 to10=0.00 min_d= 0.30 avg_spd=2.04m/s end=goal t= 2896.0s
[TRAIN][PPO] ep=181/500 r=  615.37 avg10=  549.08 steps=1564 succ10=0.90 touch10=0.90 col10=0.10 to10=0.00 min_d= 0.30 avg_spd=2.05m/s end=goal t= 2916.6s
[TRAIN][PPO] ep=182/500 r=  606.87 avg10=  548.79 steps=1455 succ10=0.90 touch10=0.90 col10=0.10 to10=0.00 min_d= 0.30 avg_spd=2.05m/s end=goal t= 2935.3s
[TRAIN][PPO] ep=183/500 r=  616.42 avg10=  550.05 steps=1458 succ10=0.90 touch10=0.90 col10=0.10 to10=0.00 min_d= 0.30 avg_spd=2.06m/s end=goal t= 2953.7s
[TRAIN][PPO] ep=184/500 r=  -38.64 avg10=  485.69 steps=  41 succ10=0.80 touch10=0.80 col10=0.20 to10=0.00 min_d= 3.87 avg_spd=2.04m/s end=collision t= 2956.3s
[TRAIN][PPO] ep=185/500 r=  617.50 avg10=  549.55 steps=1462 succ10=0.90 touch10=0.90 col10=0.10 to10=0.00 min_d= 0.30 avg_spd=2.05m/s end=goal t= 2975.5s
[TRAIN][PPO] ep=186/500 r=  -33.72 avg10=  485.03 steps= 106 succ10=0.80 touch10=0.80 col10=0.20 to10=0.00 min_d= 3.80 avg_spd=2.00m/s end=collision t= 2976.9s
[TRAIN][PPO] ep=187/500 r=  -28.91 avg10=  420.11 steps= 148 succ10=0.70 touch10=0.70 col10=0.30 to10=0.00 min_d= 3.80 avg_spd=2.01m/s end=collision t= 2978.9s
[TRAIN][PPO] ep=188/500 r=  609.27 avg10=  420.57 steps=1435 succ10=0.70 touch10=0.70 col10=0.30 to10=0.00 min_d= 0.30 avg_spd=2.07m/s end=goal t= 2998.6s
[TRAIN][PPO] ep=189/500 r=  587.86 avg10=  417.00 steps=1572 succ10=0.70 touch10=0.70 col10=0.30 to10=0.00 min_d= 0.30 avg_spd=2.03m/s end=goal t= 3019.1s
[TRAIN][PPO] ep=190/500 r=  612.24 avg10=  416.42 steps=1455 succ10=0.70 touch10=0.70 col10=0.30 to10=0.00 min_d= 0.30 avg_spd=2.06m/s end=goal t= 3038.2s
[TRAIN][PPO] ep=191/500 r=  614.15 avg10=  416.30 steps=1452 succ10=0.70 touch10=0.70 col10=0.30 to10=0.00 min_d= 0.30 avg_spd=2.04m/s end=goal t= 3057.1s
[TRAIN][PPO] ep=192/500 r=  614.92 avg10=  417.11 steps=1455 succ10=0.70 touch10=0.70 col10=0.30 to10=0.00 min_d= 0.30 avg_spd=2.07m/s end=goal t= 3078.2s
[TRAIN][PPO] ep=193/500 r=  620.31 avg10=  417.50 steps=1467 succ10=0.70 touch10=0.70 col10=0.30 to10=0.00 min_d= 0.30 avg_spd=2.05m/s end=goal t= 3097.6s
[TRAIN][PPO] ep=194/500 r=  609.18 avg10=  482.28 steps=1445 succ10=0.80 touch10=0.80 col10=0.20 to10=0.00 min_d= 0.30 avg_spd=2.05m/s end=goal t= 3116.5s
[TRAIN][PPO] ep=195/500 r=  616.65 avg10=  482.19 steps=1460 succ10=0.80 touch10=0.80 col10=0.20 to10=0.00 min_d= 0.30 avg_spd=2.05m/s end=goal t= 3135.5s
[TRAIN][PPO] ep=196/500 r=  622.26 avg10=  547.79 steps=1477 succ10=0.90 touch10=0.90 col10=0.10 to10=0.00 min_d= 0.30 avg_spd=2.05m/s end=goal t= 3157.0s
[TRAIN][PPO] ep=197/500 r=  613.41 avg10=  612.02 steps=1450 succ10=1.00 touch10=1.00 col10=0.00 to10=0.00 min_d= 0.30 avg_spd=2.04m/s end=goal t= 3176.2s
[TRAIN][PPO] ep=198/500 r=  -21.94 avg10=  548.90 steps= 124 succ10=0.90 touch10=0.90 col10=0.10 to10=0.00 min_d= 3.82 avg_spd=2.02m/s end=collision t= 3177.9s
[TRAIN][PPO] ep=199/500 r=  625.00 avg10=  552.62 steps=1585 succ10=0.90 touch10=0.90 col10=0.10 to10=0.00 min_d= 0.30 avg_spd=2.02m/s end=goal t= 3198.1s
[TRAIN][PPO] ep=200/500 r=  615.27 avg10=  552.92 steps=1463 succ10=0.90 touch10=0.90 col10=0.10 to10=0.00 min_d= 0.30 avg_spd=2.04m/s end=goal t= 3218.9s ckpt=latest
[TRAIN][PPO] ep=201/500 r=  615.07 avg10=  553.01 steps=1481 succ10=0.90 touch10=0.90 col10=0.10 to10=0.00 min_d= 0.30 avg_spd=2.05m/s end=goal t= 3238.2s
[TRAIN][PPO] ep=202/500 r=  611.81 avg10=  552.70 steps=1448 succ10=0.90 touch10=0.90 col10=0.10 to10=0.00 min_d= 0.30 avg_spd=2.05m/s end=goal t= 3256.6s
[TRAIN][PPO] ep=203/500 r=  612.75 avg10=  551.95 steps=1472 succ10=0.90 touch10=0.90 col10=0.10 to10=0.00 min_d= 0.30 avg_spd=2.02m/s end=goal t= 3275.3s
[TRAIN][PPO] ep=204/500 r=  614.59 avg10=  552.49 steps=1468 succ10=0.90 touch10=0.90 col10=0.10 to10=0.00 min_d= 0.30 avg_spd=2.04m/s end=goal t= 3296.3s
[TRAIN][PPO] ep=205/500 r=  -42.30 avg10=  486.59 steps=  27 succ10=0.80 touch10=0.80 col10=0.20 to10=0.00 min_d= 3.87 avg_spd=1.60m/s end=collision t= 3296.7s
[TRAIN][PPO] ep=206/500 r=  -33.30 avg10=  421.04 steps=  58 succ10=0.70 touch10=0.70 col10=0.30 to10=0.00 min_d= 3.87 avg_spd=2.08m/s end=collision t= 3297.6s
[TRAIN][PPO] ep=207/500 r=  602.43 avg10=  419.94 steps=1422 succ10=0.70 touch10=0.70 col10=0.30 to10=0.00 min_d= 0.30 avg_spd=2.08m/s end=goal t= 3316.1s
[TRAIN][PPO] ep=208/500 r=  606.44 avg10=  482.78 steps=1436 succ10=0.80 touch10=0.80 col10=0.20 to10=0.00 min_d= 0.30 avg_spd=2.06m/s end=goal t= 3336.0s
[TRAIN][PPO] ep=209/500 r=  607.73 avg10=  481.05 steps=1440 succ10=0.80 touch10=0.80 col10=0.20 to10=0.00 min_d= 0.30 avg_spd=2.06m/s end=goal t= 3355.1s
[TRAIN][PPO] ep=210/500 r=  613.10 avg10=  480.83 steps=1481 succ10=0.80 touch10=0.80 col10=0.20 to10=0.00 min_d= 0.30 avg_spd=2.06m/s end=goal t= 3374.4s
[TRAIN][PPO] ep=211/500 r=  -23.99 avg10=  416.93 steps= 149 succ10=0.70 touch10=0.70 col10=0.30 to10=0.00 min_d= 3.79 avg_spd=2.00m/s end=collision t= 3376.5s
[TRAIN][PPO] ep=212/500 r=  607.90 avg10=  416.54 steps=1439 succ10=0.70 touch10=0.70 col10=0.30 to10=0.00 min_d= 0.30 avg_spd=2.04m/s end=goal t= 3397.2s
[TRAIN][PPO] ep=213/500 r=  616.37 avg10=  416.90 steps=1475 succ10=0.70 touch10=0.70 col10=0.30 to10=0.00 min_d= 0.30 avg_spd=2.05m/s end=goal t= 3416.5s
[TRAIN][PPO] ep=214/500 r=  620.96 avg10=  417.53 steps=1472 succ10=0.70 touch10=0.70 col10=0.30 to10=0.00 min_d= 0.30 avg_spd=2.04m/s end=goal t= 3436.0s
[TRAIN][PPO] ep=215/500 r=  -22.15 avg10=  419.55 steps= 132 succ10=0.70 touch10=0.70 col10=0.30 to10=0.00 min_d= 3.82 avg_spd=2.04m/s end=collision t= 3437.7s
[TRAIN][PPO] ep=216/500 r=  612.49 avg10=  484.13 steps=1452 succ10=0.80 touch10=0.80 col10=0.20 to10=0.00 min_d= 0.30 avg_spd=2.06m/s end=goal t= 3458.0s
[TRAIN][PPO] ep=217/500 r=  -17.22 avg10=  422.16 steps= 172 succ10=0.70 touch10=0.70 col10=0.30 to10=0.00 min_d= 3.79 avg_spd=1.99m/s end=collision t= 3460.4s
[TRAIN][PPO] ep=218/500 r=  606.67 avg10=  422.19 steps=1436 succ10=0.70 touch10=0.70 col10=0.30 to10=0.00 min_d= 0.30 avg_spd=2.03m/s end=goal t= 3479.6s
[TRAIN][PPO] ep=219/500 r=  626.55 avg10=  424.07 steps=1503 succ10=0.70 touch10=0.70 col10=0.30 to10=0.00 min_d= 0.30 avg_spd=2.04m/s end=goal t= 3499.5s
[TRAIN][PPO] ep=220/500 r=  613.08 avg10=  424.06 steps=1452 succ10=0.70 touch10=0.70 col10=0.30 to10=0.00 min_d= 0.30 avg_spd=2.06m/s end=goal t= 3521.4s
[TRAIN][PPO] ep=221/500 r=  615.67 avg10=  488.03 steps=1467 succ10=0.80 touch10=0.80 col10=0.20 to10=0.00 min_d= 0.30 avg_spd=2.03m/s end=goal t= 3541.0s
[TRAIN][PPO] ep=222/500 r=  605.56 avg10=  487.80 steps=1441 succ10=0.80 touch10=0.80 col10=0.20 to10=0.00 min_d= 0.30 avg_spd=2.06m/s end=goal t= 3560.4s
[TRAIN][PPO] ep=223/500 r=  626.36 avg10=  488.80 steps=1492 succ10=0.80 touch10=0.80 col10=0.20 to10=0.00 min_d= 0.30 avg_spd=2.05m/s end=goal t= 3580.4s
[TRAIN][PPO] ep=224/500 r=  618.74 avg10=  488.57 steps=1476 succ10=0.80 touch10=0.80 col10=0.20 to10=0.00 min_d= 0.30 avg_spd=2.04m/s end=goal t= 3601.8s
[TRAIN][PPO] ep=225/500 r=  -38.86 avg10=  486.90 steps=  55 succ10=0.80 touch10=0.80 col10=0.20 to10=0.00 min_d= 3.83 avg_spd=1.93m/s end=collision t= 3602.6s
[TRAIN][PPO] ep=226/500 r=  605.56 avg10=  486.21 steps=1429 succ10=0.80 touch10=0.80 col10=0.20 to10=0.00 min_d= 0.30 avg_spd=2.05m/s end=goal t= 3621.9s
[TRAIN][PPO] ep=227/500 r=  615.01 avg10=  549.43 steps=1456 succ10=0.90 touch10=0.90 col10=0.10 to10=0.00 min_d= 0.30 avg_spd=2.05m/s end=goal t= 3641.5s
[TRAIN][PPO] ep=228/500 r=  617.47 avg10=  550.51 steps=1465 succ10=0.90 touch10=0.90 col10=0.10 to10=0.00 min_d= 0.30 avg_spd=2.05m/s end=goal t= 3663.0s
[TRAIN][PPO] ep=229/500 r=  607.13 avg10=  548.57 steps=1436 succ10=0.90 touch10=0.90 col10=0.10 to10=0.00 min_d= 0.30 avg_spd=2.07m/s end=goal t= 3682.3s
[TRAIN][PPO] ep=230/500 r=  624.56 avg10=  549.72 steps=1500 succ10=0.90 touch10=0.90 col10=0.10 to10=0.00 min_d= 0.30 avg_spd=2.04m/s end=goal t= 3702.5s
[TRAIN][PPO] ep=231/500 r=  621.54 avg10=  550.31 steps=1481 succ10=0.90 touch10=0.90 col10=0.10 to10=0.00 min_d= 0.30 avg_spd=2.04m/s end=goal t= 3722.7s
[TRAIN][PPO] ep=232/500 r=  614.45 avg10=  551.20 steps=1452 succ10=0.90 touch10=0.90 col10=0.10 to10=0.00 min_d= 0.30 avg_spd=2.07m/s end=goal t= 3744.7s
[TRAIN][PPO] ep=233/500 r=  616.43 avg10=  550.20 steps=1463 succ10=0.90 touch10=0.90 col10=0.10 to10=0.00 min_d= 0.30 avg_spd=2.06m/s end=goal t= 3764.7s
[TRAIN][PPO] ep=234/500 r=  610.92 avg10=  549.42 steps=1445 succ10=0.90 touch10=0.90 col10=0.10 to10=0.00 min_d= 0.30 avg_spd=2.06m/s end=goal t= 3784.1s
[TRAIN][PPO] ep=235/500 r=  612.63 avg10=  614.57 steps=1446 succ10=1.00 touch10=1.00 col10=0.00 to10=0.00 min_d= 0.30 avg_spd=2.07m/s end=goal t= 3803.7s
[TRAIN][PPO] ep=236/500 r=  616.05 avg10=  615.62 steps=1458 succ10=1.00 touch10=1.00 col10=0.00 to10=0.00 min_d= 0.30 avg_spd=2.06m/s end=goal t= 3825.0s
[TRAIN][PPO] ep=237/500 r=  615.76 avg10=  615.69 steps=1465 succ10=1.00 touch10=1.00 col10=0.00 to10=0.00 min_d= 0.30 avg_spd=2.05m/s end=goal t= 3844.6s
[TRAIN][PPO] ep=238/500 r=  606.94 avg10=  614.64 steps=1439 succ10=1.00 touch10=1.00 col10=0.00 to10=0.00 min_d= 0.30 avg_spd=2.04m/s end=goal t= 3864.0s
[TRAIN][PPO] ep=239/500 r=  623.89 avg10=  616.32 steps=1490 succ10=1.00 touch10=1.00 col10=0.00 to10=0.00 min_d= 0.30 avg_spd=2.02m/s end=goal t= 3884.3s
[TRAIN][PPO] ep=240/500 r=  617.50 avg10=  615.61 steps=1466 succ10=1.00 touch10=1.00 col10=0.00 to10=0.00 min_d= 0.30 avg_spd=2.05m/s end=goal t= 3905.7s
[TRAIN][PPO] ep=241/500 r=  612.03 avg10=  614.66 steps=1444 succ10=1.00 touch10=1.00 col10=0.00 to10=0.00 min_d= 0.30 avg_spd=2.04m/s end=goal t= 3925.0s
[TRAIN][PPO] ep=242/500 r=  605.39 avg10=  613.75 steps=1437 succ10=1.00 touch10=1.00 col10=0.00 to10=0.00 min_d= 0.30 avg_spd=2.05m/s end=goal t= 3944.3s
[TRAIN][PPO] ep=243/500 r=  612.21 avg10=  613.33 steps=1454 succ10=1.00 touch10=1.00 col10=0.00 to10=0.00 min_d= 0.30 avg_spd=2.02m/s end=goal t= 3963.9s
[TRAIN][PPO] ep=244/500 r=  602.39 avg10=  612.48 steps=1427 succ10=1.00 touch10=1.00 col10=0.00 to10=0.00 min_d= 0.30 avg_spd=2.06m/s end=goal t= 3985.5s
[TRAIN][PPO] ep=245/500 r=  614.59 avg10=  612.68 steps=1458 succ10=1.00 touch10=1.00 col10=0.00 to10=0.00 min_d= 0.30 avg_spd=2.05m/s end=goal t= 4005.2s
[TRAIN][PPO] ep=246/500 r=  604.42 avg10=  611.51 steps=1447 succ10=1.00 touch10=1.00 col10=0.00 to10=0.00 min_d= 0.30 avg_spd=2.04m/s end=goal t= 4024.4s
[TRAIN][PPO] ep=247/500 r=  623.72 avg10=  612.31 steps=1508 succ10=1.00 touch10=1.00 col10=0.00 to10=0.00 min_d= 0.30 avg_spd=2.04m/s end=goal t= 4044.9s
[TRAIN][PPO] ep=248/500 r=  625.89 avg10=  614.20 steps=1508 succ10=1.00 touch10=1.00 col10=0.00 to10=0.00 min_d= 0.30 avg_spd=2.04m/s end=goal t= 4067.2s
[TRAIN][PPO] ep=249/500 r=  614.82 avg10=  613.30 steps=1463 succ10=1.00 touch10=1.00 col10=0.00 to10=0.00 min_d= 0.30 avg_spd=2.05m/s end=goal t= 4086.8s
[TRAIN][PPO] ep=250/500 r=  617.21 avg10=  613.27 steps=1489 succ10=1.00 touch10=1.00 col10=0.00 to10=0.00 min_d= 0.30 avg_spd=2.03m/s end=goal t= 4107.0s
[TRAIN][PPO] ep=251/500 r=  607.78 avg10=  612.84 steps=1450 succ10=1.00 touch10=1.00 col10=0.00 to10=0.00 min_d= 0.30 avg_spd=2.04m/s end=goal t= 4126.5s
[TRAIN][PPO] ep=252/500 r=  617.00 avg10=  614.00 steps=1466 succ10=1.00 touch10=1.00 col10=0.00 to10=0.00 min_d= 0.30 avg_spd=2.04m/s end=goal t= 4148.2s
[TRAIN][PPO] ep=253/500 r=  612.06 avg10=  613.99 steps=1475 succ10=1.00 touch10=1.00 col10=0.00 to10=0.00 min_d= 0.30 avg_spd=2.04m/s end=goal t= 4168.2s
[TRAIN][PPO] ep=254/500 r=  -23.13 avg10=  551.44 steps= 130 succ10=0.90 touch10=0.90 col10=0.10 to10=0.00 min_d= 3.81 avg_spd=1.99m/s end=collision t= 4170.1s
[TRAIN][PPO] ep=255/500 r=  623.86 avg10=  552.36 steps=1489 succ10=0.90 touch10=0.90 col10=0.10 to10=0.00 min_d= 0.30 avg_spd=2.05m/s end=goal t= 4190.3s
[TRAIN][PPO] ep=256/500 r=  613.92 avg10=  553.31 steps=1462 succ10=0.90 touch10=0.90 col10=0.10 to10=0.00 min_d= 0.30 avg_spd=2.03m/s end=goal t= 4211.8s
[TRAIN][PPO] ep=257/500 r=  609.81 avg10=  551.92 steps=1446 succ10=0.90 touch10=0.90 col10=0.10 to10=0.00 min_d= 0.30 avg_spd=2.05m/s end=goal t= 4231.2s
[TRAIN][PPO] ep=258/500 r=  611.09 avg10=  550.44 steps=1451 succ10=0.90 touch10=0.90 col10=0.10 to10=0.00 min_d= 0.30 avg_spd=2.05m/s end=goal t= 4251.0s
[TRAIN][PPO] ep=259/500 r=  622.93 avg10=  551.25 steps=1491 succ10=0.90 touch10=0.90 col10=0.10 to10=0.00 min_d= 0.30 avg_spd=2.04m/s end=goal t= 4271.2s
[TRAIN][PPO] ep=260/500 r=  620.66 avg10=  551.60 steps=1478 succ10=0.90 touch10=0.90 col10=0.10 to10=0.00 min_d= 0.30 avg_spd=2.04m/s end=goal t= 4292.8s
[TRAIN][PPO] ep=261/500 r=  609.01 avg10=  551.72 steps=1438 succ10=0.90 touch10=0.90 col10=0.10 to10=0.00 min_d= 0.30 avg_spd=2.04m/s end=goal t= 4312.0s
[TRAIN][PPO] ep=262/500 r=  614.48 avg10=  551.47 steps=1458 succ10=0.90 touch10=0.90 col10=0.10 to10=0.00 min_d= 0.30 avg_spd=2.02m/s end=goal t= 4331.3s
[TRAIN][PPO] ep=263/500 r=  609.82 avg10=  551.24 steps=1440 succ10=0.90 touch10=0.90 col10=0.10 to10=0.00 min_d= 0.30 avg_spd=2.05m/s end=goal t= 4350.8s
[TRAIN][PPO] ep=264/500 r=  622.70 avg10=  615.83 steps=1474 succ10=1.00 touch10=1.00 col10=0.00 to10=0.00 min_d= 0.30 avg_spd=2.04m/s end=goal t= 4372.6s
[TRAIN][PPO] ep=265/500 r=  610.49 avg10=  614.49 steps=1447 succ10=1.00 touch10=1.00 col10=0.00 to10=0.00 min_d= 0.30 avg_spd=2.04m/s end=goal t= 4392.2s
[TRAIN][PPO] ep=266/500 r=  617.22 avg10=  614.82 steps=1487 succ10=1.00 touch10=1.00 col10=0.00 to10=0.00 min_d= 0.30 avg_spd=2.03m/s end=goal t= 4412.4s
[TRAIN][PPO] ep=267/500 r=  624.07 avg10=  616.25 steps=1502 succ10=1.00 touch10=1.00 col10=0.00 to10=0.00 min_d= 0.30 avg_spd=2.03m/s end=goal t= 4432.7s
[TRAIN][PPO] ep=268/500 r=  621.49 avg10=  617.29 steps=1478 succ10=1.00 touch10=1.00 col10=0.00 to10=0.00 min_d= 0.30 avg_spd=2.03m/s end=goal t= 4455.9s
[TRAIN][PPO] ep=269/500 r=  615.17 avg10=  616.51 steps=1456 succ10=1.00 touch10=1.00 col10=0.00 to10=0.00 min_d= 0.30 avg_spd=2.05m/s end=goal t= 4475.8s
[TRAIN][PPO] ep=270/500 r=  626.61 avg10=  617.10 steps=1513 succ10=1.00 touch10=1.00 col10=0.00 to10=0.00 min_d= 0.30 avg_spd=2.03m/s end=goal t= 4496.3s
[TRAIN][PPO] ep=271/500 r=  624.38 avg10=  618.64 steps=1488 succ10=1.00 touch10=1.00 col10=0.00 to10=0.00 min_d= 0.30 avg_spd=2.03m/s end=goal t= 4516.2s
[TRAIN][PPO] ep=272/500 r=  618.43 avg10=  619.04 steps=1471 succ10=1.00 touch10=1.00 col10=0.00 to10=0.00 min_d= 0.30 avg_spd=2.04m/s end=goal t= 4538.8s
[TRAIN][PPO] ep=273/500 r=  608.12 avg10=  618.87 steps=1438 succ10=1.00 touch10=1.00 col10=0.00 to10=0.00 min_d= 0.30 avg_spd=2.06m/s end=goal t= 4558.2s
[TRAIN][PPO] ep=274/500 r=  610.39 avg10=  617.64 steps=1444 succ10=1.00 touch10=1.00 col10=0.00 to10=0.00 min_d= 0.30 avg_spd=2.05m/s end=goal t= 4577.3s
[TRAIN][PPO] ep=275/500 r=  -24.74 avg10=  554.11 steps= 117 succ10=0.90 touch10=0.90 col10=0.10 to10=0.00 min_d= 3.81 avg_spd=1.99m/s end=collision t= 4579.0s
[TRAIN][PPO] ep=276/500 r=  608.69 avg10=  553.26 steps=1443 succ10=0.90 touch10=0.90 col10=0.10 to10=0.00 min_d= 0.30 avg_spd=2.06m/s end=goal t= 4600.0s
[TRAIN][PPO] ep=277/500 r=  -37.04 avg10=  487.15 steps=  45 succ10=0.80 touch10=0.80 col10=0.20 to10=0.00 min_d= 3.87 avg_spd=1.94m/s end=collision t= 4600.7s
[TRAIN][PPO] ep=278/500 r=  619.09 avg10=  486.91 steps=1475 succ10=0.80 touch10=0.80 col10=0.20 to10=0.00 min_d= 0.30 avg_spd=2.03m/s end=goal t= 4620.5s
[TRAIN][PPO] ep=279/500 r=  610.62 avg10=  486.45 steps=1449 succ10=0.80 touch10=0.80 col10=0.20 to10=0.00 min_d= 0.30 avg_spd=2.07m/s end=goal t= 4639.8s
[TRAIN][PPO] ep=280/500 r=  623.42 avg10=  486.13 steps=1486 succ10=0.80 touch10=0.80 col10=0.20 to10=0.00 min_d= 0.30 avg_spd=2.04m/s end=goal t= 4661.3s
[TRAIN][PPO] ep=281/500 r=  606.80 avg10=  484.38 steps=1431 succ10=0.80 touch10=0.80 col10=0.20 to10=0.00 min_d= 0.30 avg_spd=2.06m/s end=goal t= 4680.5s
[TRAIN][PPO] ep=282/500 r=  614.12 avg10=  483.95 steps=1459 succ10=0.80 touch10=0.80 col10=0.20 to10=0.00 min_d= 0.30 avg_spd=2.04m/s end=goal t= 4699.9s
[TRAIN][PPO] ep=283/500 r=  615.22 avg10=  484.66 steps=1462 succ10=0.80 touch10=0.80 col10=0.20 to10=0.00 min_d= 0.30 avg_spd=2.06m/s end=goal t= 4719.2s
[TRAIN][PPO] ep=284/500 r=  612.06 avg10=  484.82 steps=1449 succ10=0.80 touch10=0.80 col10=0.20 to10=0.00 min_d= 0.30 avg_spd=2.05m/s end=goal t= 4740.7s
[TRAIN][PPO] ep=285/500 r=  603.93 avg10=  547.69 steps=1424 succ10=0.90 touch10=0.90 col10=0.10 to10=0.00 min_d= 0.30 avg_spd=2.06m/s end=goal t= 4759.6s
[TRAIN][PPO] ep=286/500 r=  618.17 avg10=  548.64 steps=1466 succ10=0.90 touch10=0.90 col10=0.10 to10=0.00 min_d= 0.30 avg_spd=2.06m/s end=goal t= 4778.6s
[TRAIN][PPO] ep=287/500 r=  612.74 avg10=  613.62 steps=1449 succ10=1.00 touch10=1.00 col10=0.00 to10=0.00 min_d= 0.30 avg_spd=2.06m/s end=goal t= 4797.8s
[TRAIN][PPO] ep=288/500 r=  606.18 avg10=  612.33 steps=1432 succ10=1.00 touch10=1.00 col10=0.00 to10=0.00 min_d= 0.30 avg_spd=2.05m/s end=goal t= 4819.4s
[TRAIN][PPO] ep=289/500 r=  603.83 avg10=  611.65 steps=1447 succ10=1.00 touch10=1.00 col10=0.00 to10=0.00 min_d= 0.30 avg_spd=2.04m/s end=goal t= 4838.5s
[TRAIN][PPO] ep=290/500 r=  619.98 avg10=  611.30 steps=1474 succ10=1.00 touch10=1.00 col10=0.00 to10=0.00 min_d= 0.30 avg_spd=2.06m/s end=goal t= 4858.1s
[TRAIN][PPO] ep=291/500 r=  -20.05 avg10=  548.62 steps= 153 succ10=0.90 touch10=0.90 col10=0.10 to10=0.00 min_d= 3.81 avg_spd=2.00m/s end=collision t= 4860.1s
[TRAIN][PPO] ep=292/500 r=  616.74 avg10=  548.88 steps=1474 succ10=0.90 touch10=0.90 col10=0.10 to10=0.00 min_d= 0.30 avg_spd=2.05m/s end=goal t= 4881.2s
[TRAIN][PPO] ep=293/500 r=  611.23 avg10=  548.48 steps=1443 succ10=0.90 touch10=0.90 col10=0.10 to10=0.00 min_d= 0.30 avg_spd=2.05m/s end=goal t= 4900.2s
[TRAIN][PPO] ep=294/500 r=  609.48 avg10=  548.22 steps=1443 succ10=0.90 touch10=0.90 col10=0.10 to10=0.00 min_d= 0.30 avg_spd=2.04m/s end=goal t= 4919.0s
[TRAIN][PPO] ep=295/500 r=  -28.09 avg10=  485.02 steps= 112 succ10=0.80 touch10=0.80 col10=0.20 to10=0.00 min_d= 3.82 avg_spd=2.03m/s end=collision t= 4920.6s
[TRAIN][PPO] ep=296/500 r=  614.68 avg10=  484.67 steps=1462 succ10=0.80 touch10=0.80 col10=0.20 to10=0.00 min_d= 0.30 avg_spd=2.04m/s end=goal t= 4942.4s
[TRAIN][PPO] ep=297/500 r=  612.78 avg10=  484.67 steps=1448 succ10=0.80 touch10=0.80 col10=0.20 to10=0.00 min_d= 0.30 avg_spd=2.06m/s end=goal t= 4961.9s
[TRAIN][PPO] ep=298/500 r=  602.37 avg10=  484.29 steps=1422 succ10=0.80 touch10=0.80 col10=0.20 to10=0.00 min_d= 0.30 avg_spd=2.06m/s end=goal t= 4980.8s
[TRAIN][PPO] ep=299/500 r=  609.84 avg10=  484.89 steps=1441 succ10=0.80 touch10=0.80 col10=0.20 to10=0.00 min_d= 0.30 avg_spd=2.07m/s end=goal t= 5000.1s
[TRAIN][PPO] ep=300/500 r=  -22.48 avg10=  420.65 steps= 141 succ10=0.70 touch10=0.70 col10=0.30 to10=0.00 min_d= 3.82 avg_spd=2.01m/s end=collision t= 5003.4s ckpt=latest
[TRAIN][PPO] ep=301/500 r=  602.83 avg10=  482.94 steps=1418 succ10=0.80 touch10=0.80 col10=0.20 to10=0.00 min_d= 0.30 avg_spd=2.06m/s end=goal t= 5021.9s
[TRAIN][PPO] ep=302/500 r=  602.75 avg10=  481.54 steps=1420 succ10=0.80 touch10=0.80 col10=0.20 to10=0.00 min_d= 0.30 avg_spd=2.05m/s end=goal t= 5040.2s
[TRAIN][PPO] ep=303/500 r=  628.93 avg10=  483.31 steps=1498 succ10=0.80 touch10=0.80 col10=0.20 to10=0.00 min_d= 0.30 avg_spd=2.03m/s end=goal t= 5060.0s ckpt=best_goal
[TRAIN][PPO] ep=304/500 r=  610.40 avg10=  483.40 steps=1459 succ10=0.80 touch10=0.80 col10=0.20 to10=0.00 min_d= 0.30 avg_spd=2.05m/s end=goal t= 5080.6s
[TRAIN][PPO] ep=305/500 r=  612.19 avg10=  547.43 steps=1454 succ10=0.90 touch10=0.90 col10=0.10 to10=0.00 min_d= 0.30 avg_spd=2.06m/s end=goal t= 5099.7s
[TRAIN][PPO] ep=306/500 r=  618.61 avg10=  547.82 steps=1473 succ10=0.90 touch10=0.90 col10=0.10 to10=0.00 min_d= 0.30 avg_spd=2.04m/s end=goal t= 5118.4s
[TRAIN][PPO] ep=307/500 r=  614.01 avg10=  547.94 steps=1458 succ10=0.90 touch10=0.90 col10=0.10 to10=0.00 min_d= 0.30 avg_spd=2.05m/s end=goal t= 5137.8s
[TRAIN][PPO] ep=308/500 r=  610.57 avg10=  548.76 steps=1459 succ10=0.90 touch10=0.90 col10=0.10 to10=0.00 min_d= 0.30 avg_spd=2.06m/s end=goal t= 5159.1s
[TRAIN][PPO] ep=309/500 r=  617.83 avg10=  549.56 steps=1465 succ10=0.90 touch10=0.90 col10=0.10 to10=0.00 min_d= 0.30 avg_spd=2.04m/s end=goal t= 5178.8s
[TRAIN][PPO] ep=310/500 r=  -21.89 avg10=  549.62 steps= 120 succ10=0.90 touch10=0.90 col10=0.10 to10=0.00 min_d= 3.83 avg_spd=2.08m/s end=collision t= 5180.4s
[TRAIN][PPO] ep=311/500 r=  617.91 avg10=  551.13 steps=1490 succ10=0.90 touch10=0.90 col10=0.10 to10=0.00 min_d= 0.30 avg_spd=2.03m/s end=goal t= 5200.3s
[TRAIN][PPO] ep=312/500 r=  619.63 avg10=  552.82 steps=1474 succ10=0.90 touch10=0.90 col10=0.10 to10=0.00 min_d= 0.30 avg_spd=2.06m/s end=goal t= 5221.7s
[TRAIN][PPO] ep=313/500 r=  -32.23 avg10=  486.70 steps=  88 succ10=0.80 touch10=0.80 col10=0.20 to10=0.00 min_d= 3.81 avg_spd=1.93m/s end=collision t= 5223.0s
[TRAIN][PPO] ep=314/500 r=  619.56 avg10=  487.62 steps=1473 succ10=0.80 touch10=0.80 col10=0.20 to10=0.00 min_d= 0.30 avg_spd=2.05m/s end=goal t= 5242.5s
[TRAIN][PPO] ep=315/500 r=  611.94 avg10=  487.59 steps=1447 succ10=0.80 touch10=0.80 col10=0.20 to10=0.00 min_d= 0.30 avg_spd=2.04m/s end=goal t= 5261.8s
[TRAIN][PPO] ep=316/500 r=  626.46 avg10=  488.38 steps=1494 succ10=0.80 touch10=0.80 col10=0.20 to10=0.00 min_d= 0.30 avg_spd=2.04m/s end=goal t= 5284.2s
[TRAIN][PPO] ep=317/500 r=  -37.14 avg10=  423.26 steps=  44 succ10=0.70 touch10=0.70 col10=0.30 to10=0.00 min_d= 3.88 avg_spd=1.85m/s end=collision t= 5284.9s
[TRAIN][PPO] ep=318/500 r=  618.93 avg10=  424.10 steps=1471 succ10=0.70 touch10=0.70 col10=0.30 to10=0.00 min_d= 0.30 avg_spd=2.06m/s end=goal t= 5304.5s
[TRAIN][PPO] ep=319/500 r=  610.44 avg10=  423.36 steps=1441 succ10=0.70 touch10=0.70 col10=0.30 to10=0.00 min_d= 0.30 avg_spd=2.07m/s end=goal t= 5323.8s
[TRAIN][PPO] ep=320/500 r=  603.46 avg10=  485.90 steps=1428 succ10=0.80 touch10=0.80 col10=0.20 to10=0.00 min_d= 0.30 avg_spd=2.06m/s end=goal t= 5345.0s
[TRAIN][PPO] ep=321/500 r=  -40.06 avg10=  420.10 steps=  42 succ10=0.70 touch10=0.70 col10=0.30 to10=0.00 min_d= 3.85 avg_spd=2.02m/s end=collision t= 5345.6s
[TRAIN][PPO] ep=322/500 r=  614.00 avg10=  419.53 steps=1477 succ10=0.70 touch10=0.70 col10=0.30 to10=0.00 min_d= 0.30 avg_spd=2.04m/s end=goal t= 5365.6s
[TRAIN][PPO] ep=323/500 r=  611.61 avg10=  483.92 steps=1459 succ10=0.80 touch10=0.80 col10=0.20 to10=0.00 min_d= 0.30 avg_spd=2.05m/s end=goal t= 5384.9s
[TRAIN][PPO] ep=324/500 r=  622.07 avg10=  484.17 steps=1475 succ10=0.80 touch10=0.80 col10=0.20 to10=0.00 min_d= 0.30 avg_spd=2.03m/s end=goal t= 5405.8s
[TRAIN][PPO] ep=325/500 r=  616.48 avg10=  484.62 steps=1468 succ10=0.80 touch10=0.80 col10=0.20 to10=0.00 min_d= 0.30 avg_spd=2.06m/s end=goal t= 5424.6s
[TRAIN][PPO] ep=326/500 r=  622.14 avg10=  484.19 steps=1481 succ10=0.80 touch10=0.80 col10=0.20 to10=0.00 min_d= 0.30 avg_spd=2.05m/s end=goal t= 5444.0s
[TRAIN][PPO] ep=327/500 r=  626.95 avg10=  550.60 steps=1498 succ10=0.90 touch10=0.90 col10=0.10 to10=0.00 min_d= 0.30 avg_spd=2.04m/s end=goal t= 5463.7s
[TRAIN][PPO] ep=328/500 r=  616.60 avg10=  550.37 steps=1463 succ10=0.90 touch10=0.90 col10=0.10 to10=0.00 min_d= 0.30 avg_spd=2.05m/s end=goal t= 5484.8s
[TRAIN][PPO] ep=329/500 r=  624.40 avg10=  551.76 steps=1511 succ10=0.90 touch10=0.90 col10=0.10 to10=0.00 min_d= 0.30 avg_spd=2.03m/s end=goal t= 5504.2s
[TRAIN][PPO] ep=330/500 r=  608.70 avg10=  552.29 steps=1443 succ10=0.90 touch10=0.90 col10=0.10 to10=0.00 min_d= 0.30 avg_spd=2.04m/s end=goal t= 5522.8s
[TRAIN][PPO] ep=331/500 r=  615.76 avg10=  617.87 steps=1486 succ10=1.00 touch10=1.00 col10=0.00 to10=0.00 min_d= 0.30 avg_spd=2.04m/s end=goal t= 5541.9s
[TRAIN][PPO] ep=332/500 r=  621.28 avg10=  618.60 steps=1479 succ10=1.00 touch10=1.00 col10=0.00 to10=0.00 min_d= 0.30 avg_spd=2.04m/s end=goal t= 5562.6s
[TRAIN][PPO] ep=333/500 r=  607.42 avg10=  618.18 steps=1451 succ10=1.00 touch10=1.00 col10=0.00 to10=0.00 min_d= 0.30 avg_spd=2.04m/s end=goal t= 5581.5s
[TRAIN][PPO] ep=334/500 r=  606.76 avg10=  616.65 steps=1428 succ10=1.00 touch10=1.00 col10=0.00 to10=0.00 min_d= 0.30 avg_spd=2.06m/s end=goal t= 5600.6s
[TRAIN][PPO] ep=335/500 r=  623.93 avg10=  617.39 steps=1491 succ10=1.00 touch10=1.00 col10=0.00 to10=0.00 min_d= 0.30 avg_spd=2.03m/s end=goal t= 5619.8s
[TRAIN][PPO] ep=336/500 r=  621.90 avg10=  617.37 steps=1480 succ10=1.00 touch10=1.00 col10=0.00 to10=0.00 min_d= 0.30 avg_spd=2.06m/s end=goal t= 5641.5s
[TRAIN][PPO] ep=337/500 r=  615.85 avg10=  616.26 steps=1470 succ10=1.00 touch10=1.00 col10=0.00 to10=0.00 min_d= 0.30 avg_spd=2.05m/s end=goal t= 5660.7s
[TRAIN][PPO] ep=338/500 r=  -17.30 avg10=  552.87 steps= 130 succ10=0.90 touch10=0.90 col10=0.10 to10=0.00 min_d= 3.83 avg_spd=1.90m/s end=collision t= 5662.5s
[TRAIN][PPO] ep=339/500 r=  610.73 avg10=  551.50 steps=1450 succ10=0.90 touch10=0.90 col10=0.10 to10=0.00 min_d= 0.30 avg_spd=2.07m/s end=goal t= 5681.6s
[TRAIN][PPO] ep=340/500 r=  612.58 avg10=  551.89 steps=1451 succ10=0.90 touch10=0.90 col10=0.10 to10=0.00 min_d= 0.30 avg_spd=2.06m/s end=goal t= 5700.9s
[TRAIN][PPO] ep=341/500 r=  -33.60 avg10=  486.95 steps= 106 succ10=0.80 touch10=0.80 col10=0.20 to10=0.00 min_d= 3.80 avg_spd=1.98m/s end=collision t= 5702.3s
[TRAIN][PPO] ep=342/500 r=  605.19 avg10=  485.35 steps=1439 succ10=0.80 touch10=0.80 col10=0.20 to10=0.00 min_d= 0.30 avg_spd=2.05m/s end=goal t= 5720.4s
[TRAIN][PPO] ep=343/500 r=  -42.13 avg10=  420.39 steps=  27 succ10=0.70 touch10=0.70 col10=0.30 to10=0.00 min_d= 3.87 avg_spd=1.61m/s end=collision t= 5720.8s
[TRAIN][PPO] ep=344/500 r=  619.01 avg10=  421.62 steps=1488 succ10=0.70 touch10=0.70 col10=0.30 to10=0.00 min_d= 0.30 avg_spd=2.05m/s end=goal t= 5741.1s
[TRAIN][PPO] ep=345/500 r=  -18.73 avg10=  357.35 steps= 140 succ10=0.60 touch10=0.60 col10=0.40 to10=0.00 min_d= 3.82 avg_spd=1.93m/s end=collision t= 5743.0s
[TRAIN][PPO] ep=346/500 r=  -32.02 avg10=  291.96 steps=  67 succ10=0.50 touch10=0.50 col10=0.50 to10=0.00 min_d= 3.84 avg_spd=1.75m/s end=collision t= 5743.9s
[TRAIN][PPO] ep=347/500 r=  617.38 avg10=  292.11 steps=1502 succ10=0.50 touch10=0.50 col10=0.50 to10=0.00 min_d= 0.30 avg_spd=2.01m/s end=goal t= 5763.5s
[TRAIN][PPO] ep=348/500 r=  604.14 avg10=  354.25 steps=1455 succ10=0.60 touch10=0.60 col10=0.40 to10=0.00 min_d= 0.30 avg_spd=2.04m/s end=goal t= 5783.3s
[TRAIN][PPO] ep=349/500 r=  620.03 avg10=  355.18 steps=1471 succ10=0.60 touch10=0.60 col10=0.40 to10=0.00 min_d= 0.30 avg_spd=2.05m/s end=goal t= 5801.2s
[TRAIN][PPO] ep=350/500 r=  627.07 avg10=  356.63 steps=1501 succ10=0.60 touch10=0.60 col10=0.40 to10=0.00 min_d= 0.30 avg_spd=2.02m/s end=goal t= 5820.1s
[TRAIN][PPO] ep=351/500 r=  622.66 avg10=  422.26 steps=1491 succ10=0.70 touch10=0.70 col10=0.30 to10=0.00 min_d= 0.30 avg_spd=2.05m/s end=goal t= 5839.8s
[TRAIN][PPO] ep=352/500 r=  619.32 avg10=  423.67 steps=1470 succ10=0.70 touch10=0.70 col10=0.30 to10=0.00 min_d= 0.30 avg_spd=2.03m/s end=goal t= 5861.1s
[TRAIN][PPO] ep=353/500 r=  -34.26 avg10=  424.46 steps=  61 succ10=0.70 touch10=0.70 col10=0.30 to10=0.00 min_d= 3.87 avg_spd=2.04m/s end=collision t= 5862.0s
[TRAIN][PPO] ep=354/500 r=  625.41 avg10=  425.10 steps=1493 succ10=0.70 touch10=0.70 col10=0.30 to10=0.00 min_d= 0.30 avg_spd=2.04m/s end=goal t= 5881.5s
[TRAIN][PPO] ep=355/500 r=  617.16 avg10=  488.69 steps=1463 succ10=0.80 touch10=0.80 col10=0.20 to10=0.00 min_d= 0.30 avg_spd=2.04m/s end=goal t= 5900.5s
[TRAIN][PPO] ep=356/500 r=  -39.76 avg10=  487.91 steps=  41 succ10=0.80 touch10=0.80 col10=0.20 to10=0.00 min_d= 3.87 avg_spd=1.86m/s end=collision t= 5902.7s
[TRAIN][PPO] ep=357/500 r=  604.61 avg10=  486.64 steps=1440 succ10=0.80 touch10=0.80 col10=0.20 to10=0.00 min_d= 0.30 avg_spd=2.04m/s end=goal t= 5921.1s
[TRAIN][PPO] ep=358/500 r=  607.91 avg10=  487.01 steps=1437 succ10=0.80 touch10=0.80 col10=0.20 to10=0.00 min_d= 0.30 avg_spd=2.04m/s end=goal t= 5938.9s
[TRAIN][PPO] ep=359/500 r=  615.73 avg10=  486.58 steps=1479 succ10=0.80 touch10=0.80 col10=0.20 to10=0.00 min_d= 0.30 avg_spd=2.03m/s end=goal t= 5957.8s
[TRAIN][PPO] ep=360/500 r=  623.22 avg10=  486.20 steps=1485 succ10=0.80 touch10=0.80 col10=0.20 to10=0.00 min_d= 0.30 avg_spd=2.04m/s end=goal t= 5979.3s
[TRAIN][PPO] ep=361/500 r=  621.95 avg10=  486.13 steps=1484 succ10=0.80 touch10=0.80 col10=0.20 to10=0.00 min_d= 0.30 avg_spd=2.05m/s end=goal t= 5998.1s
[TRAIN][PPO] ep=362/500 r=  -23.82 avg10=  421.82 steps= 112 succ10=0.70 touch10=0.70 col10=0.30 to10=0.00 min_d= 3.83 avg_spd=2.04m/s end=collision t= 5999.6s
[TRAIN][PPO] ep=363/500 r=  606.33 avg10=  485.87 steps=1454 succ10=0.80 touch10=0.80 col10=0.20 to10=0.00 min_d= 0.30 avg_spd=2.04m/s end=goal t= 6018.3s
[TRAIN][PPO] ep=364/500 r=  614.95 avg10=  484.83 steps=1456 succ10=0.80 touch10=0.80 col10=0.20 to10=0.00 min_d= 0.30 avg_spd=2.06m/s end=goal t= 6038.4s
[TRAIN][PPO] ep=365/500 r=  613.27 avg10=  484.44 steps=1461 succ10=0.80 touch10=0.80 col10=0.20 to10=0.00 min_d= 0.30 avg_spd=2.04m/s end=goal t= 6057.4s
[TRAIN][PPO] ep=366/500 r=  608.76 avg10=  549.29 steps=1434 succ10=0.90 touch10=0.90 col10=0.10 to10=0.00 min_d= 0.30 avg_spd=2.05m/s end=goal t= 6076.1s
[TRAIN][PPO] ep=367/500 r=  608.76 avg10=  549.71 steps=1447 succ10=0.90 touch10=0.90 col10=0.10 to10=0.00 min_d= 0.30 avg_spd=2.05m/s end=goal t= 6094.8s
[TRAIN][PPO] ep=368/500 r=  608.67 avg10=  549.78 steps=1454 succ10=0.90 touch10=0.90 col10=0.10 to10=0.00 min_d= 0.30 avg_spd=2.03m/s end=goal t= 6115.1s
[TRAIN][PPO] ep=369/500 r=  610.21 avg10=  549.23 steps=1462 succ10=0.90 touch10=0.90 col10=0.10 to10=0.00 min_d= 0.30 avg_spd=2.05m/s end=goal t= 6134.1s
[TRAIN][PPO] ep=370/500 r=  615.04 avg10=  548.41 steps=1467 succ10=0.90 touch10=0.90 col10=0.10 to10=0.00 min_d= 0.30 avg_spd=2.05m/s end=goal t= 6152.9s
[TRAIN][PPO] ep=371/500 r=  611.06 avg10=  547.32 steps=1453 succ10=0.90 touch10=0.90 col10=0.10 to10=0.00 min_d= 0.30 avg_spd=2.06m/s end=goal t= 6171.7s
[TRAIN][PPO] ep=372/500 r=  626.28 avg10=  612.33 steps=1502 succ10=1.00 touch10=1.00 col10=0.00 to10=0.00 min_d= 0.30 avg_spd=2.03m/s end=goal t= 6193.3s
[TRAIN][PPO] ep=373/500 r=  -20.54 avg10=  549.65 steps= 137 succ10=0.90 touch10=0.90 col10=0.10 to10=0.00 min_d= 3.82 avg_spd=2.03m/s end=collision t= 6195.1s
[TRAIN][PPO] ep=374/500 r=  610.28 avg10=  549.18 steps=1444 succ10=0.90 touch10=0.90 col10=0.10 to10=0.00 min_d= 0.30 avg_spd=2.03m/s end=goal t= 6213.8s
[TRAIN][PPO] ep=375/500 r=  605.07 avg10=  548.36 steps=1423 succ10=0.90 touch10=0.90 col10=0.10 to10=0.00 min_d= 0.30 avg_spd=2.05m/s end=goal t= 6232.3s
[TRAIN][PPO] ep=376/500 r=  617.63 avg10=  549.24 steps=1468 succ10=0.90 touch10=0.90 col10=0.10 to10=0.00 min_d= 0.30 avg_spd=2.03m/s end=goal t= 6253.1s
[TRAIN][PPO] ep=377/500 r=  617.76 avg10=  550.14 steps=1473 succ10=0.90 touch10=0.90 col10=0.10 to10=0.00 min_d= 0.30 avg_spd=2.04m/s end=goal t= 6272.2s
[TRAIN][PPO] ep=378/500 r=  605.56 avg10=  549.83 steps=1451 succ10=0.90 touch10=0.90 col10=0.10 to10=0.00 min_d= 0.30 avg_spd=2.05m/s end=goal t= 6290.8s
[TRAIN][PPO] ep=379/500 r=  610.43 avg10=  549.86 steps=1454 succ10=0.90 touch10=0.90 col10=0.10 to10=0.00 min_d= 0.30 avg_spd=2.04m/s end=goal t= 6309.9s
[TRAIN][PPO] ep=380/500 r=  627.22 avg10=  551.07 steps=1502 succ10=0.90 touch10=0.90 col10=0.10 to10=0.00 min_d= 0.30 avg_spd=2.03m/s end=goal t= 6331.2s
[TRAIN][PPO] ep=381/500 r=  611.60 avg10=  551.13 steps=1448 succ10=0.90 touch10=0.90 col10=0.10 to10=0.00 min_d= 0.30 avg_spd=2.05m/s end=goal t= 6350.3s
[TRAIN][PPO] ep=382/500 r=  612.60 avg10=  549.76 steps=1453 succ10=0.90 touch10=0.90 col10=0.10 to10=0.00 min_d= 0.30 avg_spd=2.04m/s end=goal t= 6369.3s
[TRAIN][PPO] ep=383/500 r=  623.14 avg10=  614.13 steps=1484 succ10=1.00 touch10=1.00 col10=0.00 to10=0.00 min_d= 0.30 avg_spd=2.04m/s end=goal t= 6388.9s
[TRAIN][PPO] ep=384/500 r=  -42.41 avg10=  548.86 steps=  27 succ10=0.90 touch10=0.90 col10=0.10 to10=0.00 min_d= 3.87 avg_spd=2.08m/s end=collision t= 6391.7s
[TRAIN][PPO] ep=385/500 r=  614.23 avg10=  549.78 steps=1475 succ10=0.90 touch10=0.90 col10=0.10 to10=0.00 min_d= 0.30 avg_spd=2.05m/s end=goal t= 6411.2s
[TRAIN][PPO] ep=386/500 r=  613.74 avg10=  549.39 steps=1453 succ10=0.90 touch10=0.90 col10=0.10 to10=0.00 min_d= 0.30 avg_spd=2.05m/s end=goal t= 6430.1s
[TRAIN][PPO] ep=387/500 r=  621.62 avg10=  549.77 steps=1494 succ10=0.90 touch10=0.90 col10=0.10 to10=0.00 min_d= 0.30 avg_spd=2.05m/s end=goal t= 6449.3s
[TRAIN][PPO] ep=388/500 r=  617.63 avg10=  550.98 steps=1472 succ10=0.90 touch10=0.90 col10=0.10 to10=0.00 min_d= 0.30 avg_spd=2.07m/s end=goal t= 6470.2s
[TRAIN][PPO] ep=389/500 r=  -35.81 avg10=  486.36 steps=  52 succ10=0.80 touch10=0.80 col10=0.20 to10=0.00 min_d= 3.87 avg_spd=1.84m/s end=collision t= 6471.0s
[TRAIN][PPO] ep=390/500 r=  624.82 avg10=  486.12 steps=1486 succ10=0.80 touch10=0.80 col10=0.20 to10=0.00 min_d= 0.30 avg_spd=2.03m/s end=goal t= 6490.8s
[TRAIN][PPO] ep=391/500 r=  624.55 avg10=  487.41 steps=1496 succ10=0.80 touch10=0.80 col10=0.20 to10=0.00 min_d= 0.30 avg_spd=2.05m/s end=goal t= 6509.9s
[TRAIN][PPO] ep=392/500 r=  623.73 avg10=  488.52 steps=1482 succ10=0.80 touch10=0.80 col10=0.20 to10=0.00 min_d= 0.30 avg_spd=2.03m/s end=goal t= 6530.9s
[TRAIN][PPO] ep=393/500 r=  613.65 avg10=  487.57 steps=1452 succ10=0.80 touch10=0.80 col10=0.20 to10=0.00 min_d= 0.30 avg_spd=2.03m/s end=goal t= 6549.8s
[TRAIN][PPO] ep=394/500 r=  618.94 avg10=  553.71 steps=1487 succ10=0.90 touch10=0.90 col10=0.10 to10=0.00 min_d= 0.30 avg_spd=2.05m/s end=goal t= 6569.2s
[TRAIN][PPO] ep=395/500 r=  620.38 avg10=  554.32 steps=1498 succ10=0.90 touch10=0.90 col10=0.10 to10=0.00 min_d= 0.30 avg_spd=2.03m/s end=goal t= 6588.9s
[TRAIN][PPO] ep=396/500 r=  623.33 avg10=  555.28 steps=1506 succ10=0.90 touch10=0.90 col10=0.10 to10=0.00 min_d= 0.30 avg_spd=2.02m/s end=goal t= 6610.1s
[TRAIN][PPO] ep=397/500 r=  633.70 avg10=  556.49 steps=1513 succ10=0.90 touch10=0.90 col10=0.10 to10=0.00 min_d= 0.30 avg_spd=2.02m/s end=goal t= 6629.7s ckpt=best_goal
[TRAIN][PPO] ep=398/500 r=  610.34 avg10=  555.76 steps=1439 succ10=0.90 touch10=0.90 col10=0.10 to10=0.00 min_d= 0.30 avg_spd=2.04m/s end=goal t= 6648.6s
[TRAIN][PPO] ep=399/500 r=  624.94 avg10=  621.84 steps=1509 succ10=1.00 touch10=1.00 col10=0.00 to10=0.00 min_d= 0.30 avg_spd=2.02m/s end=goal t= 6668.6s
[TRAIN][PPO] ep=400/500 r=  609.83 avg10=  620.34 steps=1472 succ10=1.00 touch10=1.00 col10=0.00 to10=0.00 min_d= 0.30 avg_spd=2.03m/s end=goal t= 6690.2s ckpt=latest
[TRAIN][PPO] ep=401/500 r=  618.81 avg10=  619.77 steps=1472 succ10=1.00 touch10=1.00 col10=0.00 to10=0.00 min_d= 0.30 avg_spd=2.03m/s end=goal t= 6709.7s
[TRAIN][PPO] ep=402/500 r=  618.04 avg10=  619.20 steps=1462 succ10=1.00 touch10=1.00 col10=0.00 to10=0.00 min_d= 0.30 avg_spd=2.05m/s end=goal t= 6729.2s
[TRAIN][PPO] ep=403/500 r=  606.53 avg10=  618.48 steps=1430 succ10=1.00 touch10=1.00 col10=0.00 to10=0.00 min_d= 0.30 avg_spd=2.05m/s end=goal t= 6748.1s
[TRAIN][PPO] ep=404/500 r=  -18.48 avg10=  554.74 steps= 135 succ10=0.90 touch10=0.90 col10=0.10 to10=0.00 min_d= 3.82 avg_spd=1.97m/s end=collision t= 6752.7s
[TRAIN][PPO] ep=405/500 r=  612.24 avg10=  553.93 steps=1473 succ10=0.90 touch10=0.90 col10=0.10 to10=0.00 min_d= 0.30 avg_spd=2.03m/s end=goal t= 6771.7s
[TRAIN][PPO] ep=406/500 r=  611.43 avg10=  552.74 steps=1452 succ10=0.90 touch10=0.90 col10=0.10 to10=0.00 min_d= 0.30 avg_spd=2.02m/s end=goal t= 6791.2s
[TRAIN][PPO] ep=407/500 r=  613.48 avg10=  550.72 steps=1459 succ10=0.90 touch10=0.90 col10=0.10 to10=0.00 min_d= 0.30 avg_spd=2.06m/s end=goal t= 6810.6s
[TRAIN][PPO] ep=408/500 r=  621.95 avg10=  551.88 steps=1480 succ10=0.90 touch10=0.90 col10=0.10 to10=0.00 min_d= 0.30 avg_spd=2.02m/s end=goal t= 6832.3s
[TRAIN][PPO] ep=409/500 r=  603.59 avg10=  549.74 steps=1435 succ10=0.90 touch10=0.90 col10=0.10 to10=0.00 min_d= 0.30 avg_spd=2.05m/s end=goal t= 6851.0s
[TRAIN][PPO] ep=410/500 r=  628.68 avg10=  551.63 steps=1507 succ10=0.90 touch10=0.90 col10=0.10 to10=0.00 min_d= 0.30 avg_spd=2.02m/s end=goal t= 6870.2s
[TRAIN][PPO] ep=411/500 r=  -44.06 avg10=  485.34 steps=  21 succ10=0.80 touch10=0.80 col10=0.20 to10=0.00 min_d= 3.87 avg_spd=1.97m/s end=collision t= 6870.6s
[TRAIN][PPO] ep=412/500 r=  611.49 avg10=  484.69 steps=1445 succ10=0.80 touch10=0.80 col10=0.20 to10=0.00 min_d= 0.30 avg_spd=2.03m/s end=goal t= 6890.7s
[TRAIN][PPO] ep=413/500 r=  -18.28 avg10=  422.20 steps= 135 succ10=0.70 touch10=0.70 col10=0.30 to10=0.00 min_d= 3.82 avg_spd=1.99m/s end=collision t= 6892.5s
[TRAIN][PPO] ep=414/500 r=  622.15 avg10=  486.27 steps=1500 succ10=0.80 touch10=0.80 col10=0.20 to10=0.00 min_d= 0.30 avg_spd=2.04m/s end=goal t= 6911.8s
[TRAIN][PPO] ep=415/500 r=  606.30 avg10=  485.67 steps=1444 succ10=0.80 touch10=0.80 col10=0.20 to10=0.00 min_d= 0.30 avg_spd=2.06m/s end=goal t= 6930.3s
[TRAIN][PPO] ep=416/500 r=  615.95 avg10=  486.13 steps=1464 succ10=0.80 touch10=0.80 col10=0.20 to10=0.00 min_d= 0.30 avg_spd=2.04m/s end=goal t= 6950.8s
[TRAIN][PPO] ep=417/500 r=  607.26 avg10=  485.50 steps=1436 succ10=0.80 touch10=0.80 col10=0.20 to10=0.00 min_d= 0.30 avg_spd=2.05m/s end=goal t= 6969.1s
[TRAIN][PPO] ep=418/500 r=  625.43 avg10=  485.85 steps=1494 succ10=0.80 touch10=0.80 col10=0.20 to10=0.00 min_d= 0.30 avg_spd=2.03m/s end=goal t= 6987.7s
[TRAIN][PPO] ep=419/500 r=  622.85 avg10=  487.78 steps=1489 succ10=0.80 touch10=0.80 col10=0.20 to10=0.00 min_d= 0.30 avg_spd=2.04m/s end=goal t= 7007.3s
[TRAIN][PPO] ep=420/500 r=  617.06 avg10=  486.62 steps=1473 succ10=0.80 touch10=0.80 col10=0.20 to10=0.00 min_d= 0.30 avg_spd=2.07m/s end=goal t= 7028.1s
[TRAIN][PPO] ep=421/500 r=  612.24 avg10=  552.25 steps=1455 succ10=0.90 touch10=0.90 col10=0.10 to10=0.00 min_d= 0.30 avg_spd=2.04m/s end=goal t= 7046.8s
[TRAIN][PPO] ep=422/500 r=  -32.15 avg10=  487.88 steps=  76 succ10=0.80 touch10=0.80 col10=0.20 to10=0.00 min_d= 3.84 avg_spd=2.00m/s end=collision t= 7047.9s
[TRAIN][PPO] ep=423/500 r=  608.42 avg10=  550.55 steps=1446 succ10=0.90 touch10=0.90 col10=0.10 to10=0.00 min_d= 0.30 avg_spd=2.03m/s end=goal t= 7066.9s
[TRAIN][PPO] ep=424/500 r=  619.92 avg10=  550.33 steps=1475 succ10=0.90 touch10=0.90 col10=0.10 to10=0.00 min_d= 0.30 avg_spd=2.05m/s end=goal t= 7087.5s
[TRAIN][PPO] ep=425/500 r=  619.48 avg10=  551.65 steps=1478 succ10=0.90 touch10=0.90 col10=0.10 to10=0.00 min_d= 0.30 avg_spd=2.04m/s end=goal t= 7106.9s
[TRAIN][PPO] ep=426/500 r=  618.88 avg10=  551.94 steps=1479 succ10=0.90 touch10=0.90 col10=0.10 to10=0.00 min_d= 0.30 avg_spd=2.06m/s end=goal t= 7126.0s
[TRAIN][PPO] ep=427/500 r=  -31.58 avg10=  488.06 steps=  88 succ10=0.80 touch10=0.80 col10=0.20 to10=0.00 min_d= 3.84 avg_spd=1.97m/s end=collision t= 7127.2s
[TRAIN][PPO] ep=428/500 r=  613.68 avg10=  486.88 steps=1460 succ10=0.80 touch10=0.80 col10=0.20 to10=0.00 min_d= 0.30 avg_spd=2.04m/s end=goal t= 7148.6s
[TRAIN][PPO] ep=429/500 r=  615.99 avg10=  486.20 steps=1471 succ10=0.80 touch10=0.80 col10=0.20 to10=0.00 min_d= 0.30 avg_spd=2.06m/s end=goal t= 7167.9s
[TRAIN][PPO] ep=430/500 r=  605.40 avg10=  485.03 steps=1423 succ10=0.80 touch10=0.80 col10=0.20 to10=0.00 min_d= 0.30 avg_spd=2.05m/s end=goal t= 7186.6s
[TRAIN][PPO] ep=431/500 r=  606.34 avg10=  484.44 steps=1436 succ10=0.80 touch10=0.80 col10=0.20 to10=0.00 min_d= 0.30 avg_spd=2.05m/s end=goal t= 7205.5s
[TRAIN][PPO] ep=432/500 r=  613.70 avg10=  549.02 steps=1463 succ10=0.90 touch10=0.90 col10=0.10 to10=0.00 min_d= 0.30 avg_spd=2.05m/s end=goal t= 7226.5s
[TRAIN][PPO] ep=433/500 r=  625.88 avg10=  550.77 steps=1495 succ10=0.90 touch10=0.90 col10=0.10 to10=0.00 min_d= 0.30 avg_spd=2.04m/s end=goal t= 7246.1s
[TRAIN][PPO] ep=434/500 r=  612.47 avg10=  550.02 steps=1451 succ10=0.90 touch10=0.90 col10=0.10 to10=0.00 min_d= 0.30 avg_spd=2.05m/s end=goal t= 7264.9s
[TRAIN][PPO] ep=435/500 r=  619.74 avg10=  550.05 steps=1473 succ10=0.90 touch10=0.90 col10=0.10 to10=0.00 min_d= 0.30 avg_spd=2.04m/s end=goal t= 7284.3s
[TRAIN][PPO] ep=436/500 r=  615.08 avg10=  549.67 steps=1454 succ10=0.90 touch10=0.90 col10=0.10 to10=0.00 min_d= 0.30 avg_spd=2.06m/s end=goal t= 7305.0s
[TRAIN][PPO] ep=437/500 r=  620.19 avg10=  614.85 steps=1474 succ10=1.00 touch10=1.00 col10=0.00 to10=0.00 min_d= 0.30 avg_spd=2.06m/s end=goal t= 7324.4s
[TRAIN][PPO] ep=438/500 r=  621.38 avg10=  615.62 steps=1486 succ10=1.00 touch10=1.00 col10=0.00 to10=0.00 min_d= 0.30 avg_spd=2.04m/s end=goal t= 7343.8s
[TRAIN][PPO] ep=439/500 r=  612.87 avg10=  615.31 steps=1452 succ10=1.00 touch10=1.00 col10=0.00 to10=0.00 min_d= 0.30 avg_spd=2.05m/s end=goal t= 7363.0s
[TRAIN][PPO] ep=440/500 r=  608.85 avg10=  615.65 steps=1460 succ10=1.00 touch10=1.00 col10=0.00 to10=0.00 min_d= 0.30 avg_spd=2.05m/s end=goal t= 7384.3s
[TRAIN][PPO] ep=441/500 r=  -23.82 avg10=  552.63 steps= 112 succ10=0.90 touch10=0.90 col10=0.10 to10=0.00 min_d= 3.83 avg_spd=2.05m/s end=collision t= 7385.8s
[TRAIN][PPO] ep=442/500 r=  599.52 avg10=  551.22 steps=1418 succ10=0.90 touch10=0.90 col10=0.10 to10=0.00 min_d= 0.30 avg_spd=2.06m/s end=goal t= 7404.3s
[TRAIN][PPO] ep=443/500 r=  620.72 avg10=  550.70 steps=1479 succ10=0.90 touch10=0.90 col10=0.10 to10=0.00 min_d= 0.30 avg_spd=2.06m/s end=goal t= 7423.6s
[TRAIN][PPO] ep=444/500 r=  617.53 avg10=  551.21 steps=1469 succ10=0.90 touch10=0.90 col10=0.10 to10=0.00 min_d= 0.30 avg_spd=2.07m/s end=goal t= 7444.3s
[TRAIN][PPO] ep=445/500 r=  614.70 avg10=  550.70 steps=1459 succ10=0.90 touch10=0.90 col10=0.10 to10=0.00 min_d= 0.30 avg_spd=2.06m/s end=goal t= 7463.1s
[TRAIN][PPO] ep=446/500 r=  618.83 avg10=  551.08 steps=1476 succ10=0.90 touch10=0.90 col10=0.10 to10=0.00 min_d= 0.30 avg_spd=2.04m/s end=goal t= 7482.6s
[TRAIN][PPO] ep=447/500 r=  609.58 avg10=  550.02 steps=1440 succ10=0.90 touch10=0.90 col10=0.10 to10=0.00 min_d= 0.30 avg_spd=2.06m/s end=goal t= 7501.5s
[TRAIN][PPO] ep=448/500 r=  609.01 avg10=  548.78 steps=1440 succ10=0.90 touch10=0.90 col10=0.10 to10=0.00 min_d= 0.30 avg_spd=2.07m/s end=goal t= 7521.8s
[TRAIN][PPO] ep=449/500 r=  608.57 avg10=  548.35 steps=1446 succ10=0.90 touch10=0.90 col10=0.10 to10=0.00 min_d= 0.30 avg_spd=2.03m/s end=goal t= 7540.8s
[TRAIN][PPO] ep=450/500 r=  623.53 avg10=  549.82 steps=1488 succ10=0.90 touch10=0.90 col10=0.10 to10=0.00 min_d= 0.30 avg_spd=2.05m/s end=goal t= 7560.2s
[TRAIN][PPO] ep=451/500 r=  622.21 avg10=  614.42 steps=1481 succ10=1.00 touch10=1.00 col10=0.00 to10=0.00 min_d= 0.30 avg_spd=2.06m/s end=goal t= 7579.2s
[TRAIN][PPO] ep=452/500 r=  604.16 avg10=  614.88 steps=1424 succ10=1.00 touch10=1.00 col10=0.00 to10=0.00 min_d= 0.30 avg_spd=2.06m/s end=goal t= 7599.0s
[TRAIN][PPO] ep=453/500 r=  608.56 avg10=  613.67 steps=1460 succ10=1.00 touch10=1.00 col10=0.00 to10=0.00 min_d= 0.30 avg_spd=2.04m/s end=goal t= 7618.2s
[TRAIN][PPO] ep=454/500 r=  624.79 avg10=  614.39 steps=1507 succ10=1.00 touch10=1.00 col10=0.00 to10=0.00 min_d= 0.30 avg_spd=2.03m/s end=goal t= 7637.8s
[TRAIN][PPO] ep=455/500 r=  611.50 avg10=  614.07 steps=1459 succ10=1.00 touch10=1.00 col10=0.00 to10=0.00 min_d= 0.30 avg_spd=2.03m/s end=goal t= 7656.9s
[TRAIN][PPO] ep=456/500 r=  605.20 avg10=  612.71 steps=1470 succ10=1.00 touch10=1.00 col10=0.00 to10=0.00 min_d= 0.30 avg_spd=2.04m/s end=goal t= 7678.4s
[TRAIN][PPO] ep=457/500 r=  -22.87 avg10=  549.46 steps= 122 succ10=0.90 touch10=0.90 col10=0.10 to10=0.00 min_d= 3.82 avg_spd=2.02m/s end=collision t= 7680.1s
[TRAIN][PPO] ep=458/500 r=  631.41 avg10=  551.70 steps=1517 succ10=0.90 touch10=0.90 col10=0.10 to10=0.00 min_d= 0.30 avg_spd=2.03m/s end=goal t= 7699.8s
[TRAIN][PPO] ep=459/500 r=  609.49 avg10=  551.80 steps=1438 succ10=0.90 touch10=0.90 col10=0.10 to10=0.00 min_d= 0.30 avg_spd=2.04m/s end=goal t= 7718.7s
[TRAIN][PPO] ep=460/500 r=  620.85 avg10=  551.53 steps=1478 succ10=0.90 touch10=0.90 col10=0.10 to10=0.00 min_d= 0.30 avg_spd=2.04m/s end=goal t= 7739.3s
[TRAIN][PPO] ep=461/500 r=  -39.55 avg10=  485.35 steps=  44 succ10=0.80 touch10=0.80 col10=0.20 to10=0.00 min_d= 3.86 avg_spd=1.91m/s end=collision t= 7740.0s
[TRAIN][PPO] ep=462/500 r=  -30.17 avg10=  421.92 steps= 104 succ10=0.70 touch10=0.70 col10=0.30 to10=0.00 min_d= 3.82 avg_spd=2.03m/s end=collision t= 7741.4s
[TRAIN][PPO] ep=463/500 r=  605.35 avg10=  421.60 steps=1428 succ10=0.70 touch10=0.70 col10=0.30 to10=0.00 min_d= 0.30 avg_spd=2.06m/s end=goal t= 7759.6s
[TRAIN][PPO] ep=464/500 r=  614.40 avg10=  420.56 steps=1466 succ10=0.70 touch10=0.70 col10=0.30 to10=0.00 min_d= 0.30 avg_spd=2.03m/s end=goal t= 7781.2s
[TRAIN][PPO] ep=465/500 r=  606.87 avg10=  420.10 steps=1438 succ10=0.70 touch10=0.70 col10=0.30 to10=0.00 min_d= 0.30 avg_spd=2.05m/s end=goal t= 7799.7s
[TRAIN][PPO] ep=466/500 r=  610.23 avg10=  420.60 steps=1443 succ10=0.70 touch10=0.70 col10=0.30 to10=0.00 min_d= 0.30 avg_spd=2.03m/s end=goal t= 7818.5s
[TRAIN][PPO] ep=467/500 r=  616.25 avg10=  484.51 steps=1457 succ10=0.80 touch10=0.80 col10=0.20 to10=0.00 min_d= 0.30 avg_spd=2.06m/s end=goal t= 7837.6s
[TRAIN][PPO] ep=468/500 r=  615.35 avg10=  482.91 steps=1472 succ10=0.80 touch10=0.80 col10=0.20 to10=0.00 min_d= 0.30 avg_spd=2.04m/s end=goal t= 7859.0s
[TRAIN][PPO] ep=469/500 r=  -30.82 avg10=  418.88 steps=  63 succ10=0.70 touch10=0.70 col10=0.30 to10=0.00 min_d= 3.88 avg_spd=1.96m/s end=collision t= 7859.9s
[TRAIN][PPO] ep=470/500 r=  613.06 avg10=  418.10 steps=1463 succ10=0.70 touch10=0.70 col10=0.30 to10=0.00 min_d= 0.30 avg_spd=2.05m/s end=goal t= 7879.0s
[TRAIN][PPO] ep=471/500 r=  600.66 avg10=  482.12 steps=1429 succ10=0.80 touch10=0.80 col10=0.20 to10=0.00 min_d= 0.30 avg_spd=2.06m/s end=goal t= 7897.8s
[TRAIN][PPO] ep=472/500 r=  612.95 avg10=  546.43 steps=1464 succ10=0.90 touch10=0.90 col10=0.10 to10=0.00 min_d= 0.30 avg_spd=2.02m/s end=goal t= 7918.1s
[TRAIN][PPO] ep=473/500 r=  622.58 avg10=  548.15 steps=1492 succ10=0.90 touch10=0.90 col10=0.10 to10=0.00 min_d= 0.30 avg_spd=2.05m/s end=goal t= 7937.5s
[TRAIN][PPO] ep=474/500 r=  624.67 avg10=  549.18 steps=1499 succ10=0.90 touch10=0.90 col10=0.10 to10=0.00 min_d= 0.30 avg_spd=2.04m/s end=goal t= 7957.0s
[TRAIN][PPO] ep=475/500 r=  609.80 avg10=  549.47 steps=1449 succ10=0.90 touch10=0.90 col10=0.10 to10=0.00 min_d= 0.30 avg_spd=2.03m/s end=goal t= 7975.4s
[TRAIN][PPO] ep=476/500 r=  621.73 avg10=  550.62 steps=1488 succ10=0.90 touch10=0.90 col10=0.10 to10=0.00 min_d= 0.30 avg_spd=2.02m/s end=goal t= 7996.0s
[TRAIN][PPO] ep=477/500 r=  612.93 avg10=  550.29 steps=1465 succ10=0.90 touch10=0.90 col10=0.10 to10=0.00 min_d= 0.30 avg_spd=2.03m/s end=goal t= 8014.9s
[TRAIN][PPO] ep=478/500 r=  614.08 avg10=  550.16 steps=1457 succ10=0.90 touch10=0.90 col10=0.10 to10=0.00 min_d= 0.30 avg_spd=2.02m/s end=goal t= 8033.9s
[TRAIN][PPO] ep=479/500 r=  620.72 avg10=  615.32 steps=1502 succ10=1.00 touch10=1.00 col10=0.00 to10=0.00 min_d= 0.30 avg_spd=2.04m/s end=goal t= 8053.3s
[TRAIN][PPO] ep=480/500 r=  625.02 avg10=  616.51 steps=1509 succ10=1.00 touch10=1.00 col10=0.00 to10=0.00 min_d= 0.30 avg_spd=2.02m/s end=goal t= 8074.7s
[TRAIN][PPO] ep=481/500 r=  607.05 avg10=  617.15 steps=1453 succ10=1.00 touch10=1.00 col10=0.00 to10=0.00 min_d= 0.30 avg_spd=2.03m/s end=goal t= 8093.6s
[TRAIN][PPO] ep=482/500 r=  612.66 avg10=  617.12 steps=1460 succ10=1.00 touch10=1.00 col10=0.00 to10=0.00 min_d= 0.30 avg_spd=2.04m/s end=goal t= 8112.8s
[TRAIN][PPO] ep=483/500 r=  -22.04 avg10=  552.66 steps= 151 succ10=0.90 touch10=0.90 col10=0.10 to10=0.00 min_d= 3.81 avg_spd=2.00m/s end=collision t= 8114.9s
[TRAIN][PPO] ep=484/500 r=  622.19 avg10=  552.41 steps=1491 succ10=0.90 touch10=0.90 col10=0.10 to10=0.00 min_d= 0.30 avg_spd=2.04m/s end=goal t= 8135.7s
[TRAIN][PPO] ep=485/500 r=  618.68 avg10=  553.30 steps=1470 succ10=0.90 touch10=0.90 col10=0.10 to10=0.00 min_d= 0.30 avg_spd=2.03m/s end=goal t= 8154.6s
[TRAIN][PPO] ep=486/500 r=  612.63 avg10=  552.39 steps=1456 succ10=0.90 touch10=0.90 col10=0.10 to10=0.00 min_d= 0.30 avg_spd=2.04m/s end=goal t= 8173.4s
[TRAIN][PPO] ep=487/500 r=  -37.71 avg10=  487.33 steps=  52 succ10=0.80 touch10=0.80 col10=0.20 to10=0.00 min_d= 3.86 avg_spd=2.00m/s end=collision t= 8174.1s
[TRAIN][PPO] ep=488/500 r=  626.78 avg10=  488.60 steps=1610 succ10=0.80 touch10=0.80 col10=0.20 to10=0.00 min_d= 0.30 avg_spd=2.02m/s end=goal t= 8196.3s
[TRAIN][PPO] ep=489/500 r=  625.34 avg10=  489.06 steps=1606 succ10=0.80 touch10=0.80 col10=0.20 to10=0.00 min_d= 0.30 avg_spd=2.04m/s end=goal t= 8216.7s
[TRAIN][PPO] ep=490/500 r=  627.59 avg10=  489.32 steps=1503 succ10=0.80 touch10=0.80 col10=0.20 to10=0.00 min_d= 0.30 avg_spd=2.02m/s end=goal t= 8236.3s
[TRAIN][PPO] ep=491/500 r=  624.34 avg10=  491.05 steps=1489 succ10=0.80 touch10=0.80 col10=0.20 to10=0.00 min_d= 0.30 avg_spd=2.03m/s end=goal t= 8255.5s
[TRAIN][PPO] ep=492/500 r=  610.72 avg10=  490.85 steps=1450 succ10=0.80 touch10=0.80 col10=0.20 to10=0.00 min_d= 0.30 avg_spd=2.05m/s end=goal t= 8274.9s
[TRAIN][PPO] ep=493/500 r=  618.24 avg10=  554.88 steps=1589 succ10=0.90 touch10=0.90 col10=0.10 to10=0.00 min_d= 0.30 avg_spd=2.03m/s end=goal t= 8295.3s
[TRAIN][PPO] ep=494/500 r=  608.85 avg10=  553.55 steps=1474 succ10=0.90 touch10=0.90 col10=0.10 to10=0.00 min_d= 0.30 avg_spd=2.02m/s end=goal t= 8314.8s
[TRAIN][PPO] ep=495/500 r=  625.71 avg10=  554.25 steps=1514 succ10=0.90 touch10=0.90 col10=0.10 to10=0.00 min_d= 0.30 avg_spd=2.02m/s end=goal t= 8334.7s
[TRAIN][PPO] ep=496/500 r=  619.66 avg10=  554.95 steps=1487 succ10=0.90 touch10=0.90 col10=0.10 to10=0.00 min_d= 0.30 avg_spd=2.04m/s end=goal t= 8356.3s
[TRAIN][PPO] ep=497/500 r=  631.28 avg10=  621.85 steps=1515 succ10=1.00 touch10=1.00 col10=0.00 to10=0.00 min_d= 0.30 avg_spd=2.01m/s end=goal t= 8376.2s
[TRAIN][PPO] ep=498/500 r=  605.88 avg10=  619.76 steps=1456 succ10=1.00 touch10=1.00 col10=0.00 to10=0.00 min_d= 0.30 avg_spd=2.03m/s end=goal t= 8394.9s
[TRAIN][PPO] ep=499/500 r=  614.35 avg10=  618.66 steps=1491 succ10=1.00 touch10=1.00 col10=0.00 to10=0.00 min_d= 0.30 avg_spd=2.02m/s end=goal t= 8414.4s
INFO: PPO: Terminating.
[RUN] completed stage checkpoint=/uio/hume/student-u79/esbrovol/fys5429/DRL-Obstacle-Avoidance/controllers/PPO/checkpoints/20260525_141956_gru_seed01_stage08_train_8_goal_offset_neg/final_20260525_141956_gru_seed01_stage08_train_8_goal_offset_neg.pth
[RUN] arch=gru seed=1 stage=9/10 world=/uio/hume/student-u79/esbrovol/fys5429/DRL-Obstacle-Avoidance/worlds/training/train_9_dense.wbt
[RUN] resuming from /uio/hume/student-u79/esbrovol/fys5429/DRL-Obstacle-Avoidance/controllers/PPO/checkpoints/20260525_141956_gru_seed01_stage08_train_8_goal_offset_neg/final_20260525_141956_gru_seed01_stage08_train_8_goal_offset_neg.pth
INFO: PPO: Starting controller: python3 -u PPO.py
[PPO] Using architecture: GRU
[PPO] Loaded architecture: GRU
[TRAIN][PPO] arch=GRU weights_dir=/uio/hume/student-u79/esbrovol/fys5429/DRL-Obstacle-Avoidance/controllers/PPO/checkpoints/20260525_141956_gru_seed01_stage09_train_9_dense final=/uio/hume/student-u79/esbrovol/fys5429/DRL-Obstacle-Avoidance/controllers/PPO/checkpoints/20260525_141956_gru_seed01_stage09_train_9_dense/final_20260525_141956_gru_seed01_stage09_train_9_dense.pth
[TRAIN][PPO] episodes=500 update_every=4 obs=31 act=2 cell=GRU seq=32 burn_in=8
[TRAIN][PPO] ep=001/500 r=  -31.07 avg10=  -31.07 steps= 134 succ10=0.00 touch10=0.00 col10=1.00 to10=0.00 min_d= 3.81 avg_spd=1.97m/s end=collision t=    2.2s ckpt=best
[TRAIN][PPO] ep=002/500 r=  617.42 avg10=  293.18 steps=1491 succ10=0.50 touch10=0.50 col10=0.50 to10=0.00 min_d= 0.30 avg_spd=2.03m/s end=goal t=   21.1s ckpt=best_goal
[TRAIN][PPO] ep=003/500 r=  287.37 avg10=  291.24 steps= 989 succ10=0.33 touch10=0.33 col10=0.67 to10=0.00 min_d= 1.45 avg_spd=2.05m/s end=collision t=   33.7s
[TRAIN][PPO] ep=004/500 r=  605.72 avg10=  369.86 steps=1650 succ10=0.50 touch10=0.50 col10=0.50 to10=0.00 min_d= 0.30 avg_spd=2.01m/s end=goal t=   57.1s
[TRAIN][PPO] ep=005/500 r=  602.59 avg10=  416.41 steps=1450 succ10=0.60 touch10=0.60 col10=0.40 to10=0.00 min_d= 0.30 avg_spd=2.05m/s end=goal t=   76.1s
[TRAIN][PPO] ep=006/500 r=  618.27 avg10=  450.05 steps=1497 succ10=0.67 touch10=0.67 col10=0.33 to10=0.00 min_d= 0.30 avg_spd=2.03m/s end=goal t=   96.0s ckpt=best_goal
[TRAIN][PPO] ep=007/500 r=  298.86 avg10=  428.45 steps=1056 succ10=0.57 touch10=0.57 col10=0.43 to10=0.00 min_d= 1.29 avg_spd=2.05m/s end=collision t=  109.8s
[TRAIN][PPO] ep=008/500 r=  610.92 avg10=  451.26 steps=1481 succ10=0.62 touch10=0.62 col10=0.38 to10=0.00 min_d= 0.30 avg_spd=2.00m/s end=goal t=  130.9s
[TRAIN][PPO] ep=009/500 r=  625.74 avg10=  470.65 steps=1568 succ10=0.67 touch10=0.67 col10=0.33 to10=0.00 min_d= 0.30 avg_spd=1.99m/s end=goal t=  151.3s ckpt=best_goal
[TRAIN][PPO] ep=010/500 r=  298.11 avg10=  453.39 steps=1045 succ10=0.60 touch10=0.60 col10=0.40 to10=0.00 min_d= 1.44 avg_spd=2.05m/s end=collision t=  165.0s
[TRAIN][PPO] ep=011/500 r=  317.84 avg10=  488.28 steps=1119 succ10=0.60 touch10=0.60 col10=0.40 to10=0.00 min_d= 1.28 avg_spd=2.01m/s end=collision t=  179.7s
[TRAIN][PPO] ep=012/500 r=  585.86 avg10=  485.13 steps=1620 succ10=0.60 touch10=0.60 col10=0.40 to10=0.00 min_d= 0.30 avg_spd=2.02m/s end=goal t=  203.4s
[TRAIN][PPO] ep=013/500 r=  608.73 avg10=  517.26 steps=1522 succ10=0.70 touch10=0.70 col10=0.30 to10=0.00 min_d= 0.30 avg_spd=2.00m/s end=goal t=  223.5s
[TRAIN][PPO] ep=014/500 r=  622.08 avg10=  518.90 steps=1525 succ10=0.70 touch10=0.70 col10=0.30 to10=0.00 min_d= 0.30 avg_spd=2.01m/s end=goal t=  243.6s
[TRAIN][PPO] ep=015/500 r=  293.21 avg10=  487.96 steps=1012 succ10=0.60 touch10=0.60 col10=0.40 to10=0.00 min_d= 1.46 avg_spd=2.04m/s end=collision t=  257.3s
[TRAIN][PPO] ep=016/500 r=  314.16 avg10=  457.55 steps=1199 succ10=0.50 touch10=0.50 col10=0.50 to10=0.00 min_d= 1.29 avg_spd=2.02m/s end=collision t=  274.5s
[TRAIN][PPO] ep=017/500 r=  295.55 avg10=  457.22 steps=1017 succ10=0.50 touch10=0.50 col10=0.50 to10=0.00 min_d= 1.44 avg_spd=2.00m/s end=collision t=  287.3s
[TRAIN][PPO] ep=018/500 r=  315.87 avg10=  427.71 steps=1116 succ10=0.40 touch10=0.40 col10=0.60 to10=0.00 min_d= 1.27 avg_spd=2.03m/s end=collision t=  302.3s
[TRAIN][PPO] ep=019/500 r=  615.25 avg10=  426.67 steps=1532 succ10=0.40 touch10=0.40 col10=0.60 to10=0.00 min_d= 0.30 avg_spd=2.03m/s end=goal t=  322.7s
[TRAIN][PPO] ep=020/500 r=  615.32 avg10=  458.39 steps=1523 succ10=0.50 touch10=0.50 col10=0.50 to10=0.00 min_d= 0.30 avg_spd=2.03m/s end=goal t=  344.9s
[TRAIN][PPO] ep=021/500 r=  617.56 avg10=  488.36 steps=1535 succ10=0.60 touch10=0.60 col10=0.40 to10=0.00 min_d= 0.30 avg_spd=2.00m/s end=goal t=  365.4s
[TRAIN][PPO] ep=022/500 r=  607.38 avg10=  490.51 steps=1483 succ10=0.60 touch10=0.60 col10=0.40 to10=0.00 min_d= 0.30 avg_spd=2.02m/s end=goal t=  384.5s
[TRAIN][PPO] ep=023/500 r=  620.14 avg10=  491.65 steps=1551 succ10=0.60 touch10=0.60 col10=0.40 to10=0.00 min_d= 0.30 avg_spd=1.98m/s end=goal t=  404.9s
[TRAIN][PPO] ep=024/500 r=  621.23 avg10=  491.57 steps=1546 succ10=0.60 touch10=0.60 col10=0.40 to10=0.00 min_d= 0.30 avg_spd=2.01m/s end=goal t=  428.0s
[TRAIN][PPO] ep=025/500 r=  622.80 avg10=  524.53 steps=1516 succ10=0.70 touch10=0.70 col10=0.30 to10=0.00 min_d= 0.30 avg_spd=2.01m/s end=goal t=  448.4s
[TRAIN][PPO] ep=026/500 r=  607.99 avg10=  553.91 steps=1479 succ10=0.80 touch10=0.80 col10=0.20 to10=0.00 min_d= 0.30 avg_spd=2.02m/s end=goal t=  467.9s
[TRAIN][PPO] ep=027/500 r=  613.97 avg10=  585.75 steps=1521 succ10=0.90 touch10=0.90 col10=0.10 to10=0.00 min_d= 0.30 avg_spd=2.00m/s end=goal t=  488.1s
[TRAIN][PPO] ep=028/500 r=  618.80 avg10=  616.04 steps=1540 succ10=1.00 touch10=1.00 col10=0.00 to10=0.00 min_d= 0.30 avg_spd=2.01m/s end=goal t=  510.1s
[TRAIN][PPO] ep=029/500 r=  600.22 avg10=  614.54 steps=1483 succ10=1.00 touch10=1.00 col10=0.00 to10=0.00 min_d= 0.30 avg_spd=2.02m/s end=goal t=  529.2s
[TRAIN][PPO] ep=030/500 r=  614.34 avg10=  614.44 steps=1532 succ10=1.00 touch10=1.00 col10=0.00 to10=0.00 min_d= 0.30 avg_spd=2.03m/s end=goal t=  549.0s
[TRAIN][PPO] ep=031/500 r=  614.33 avg10=  614.12 steps=1527 succ10=1.00 touch10=1.00 col10=0.00 to10=0.00 min_d= 0.30 avg_spd=2.00m/s end=goal t=  568.8s
[TRAIN][PPO] ep=032/500 r=  577.70 avg10=  611.15 steps=1611 succ10=1.00 touch10=1.00 col10=0.00 to10=0.00 min_d= 0.30 avg_spd=2.01m/s end=goal t=  591.4s
[TRAIN][PPO] ep=033/500 r=  609.60 avg10=  610.10 steps=1469 succ10=1.00 touch10=1.00 col10=0.00 to10=0.00 min_d= 0.30 avg_spd=2.03m/s end=goal t=  610.4s
[TRAIN][PPO] ep=034/500 r=  603.28 avg10=  608.30 steps=1507 succ10=1.00 touch10=1.00 col10=0.00 to10=0.00 min_d= 0.30 avg_spd=2.01m/s end=goal t=  630.1s
[TRAIN][PPO] ep=035/500 r=  609.48 avg10=  606.97 steps=1518 succ10=1.00 touch10=1.00 col10=0.00 to10=0.00 min_d= 0.30 avg_spd=2.01m/s end=goal t=  649.7s
[TRAIN][PPO] ep=036/500 r=  612.45 avg10=  607.42 steps=1527 succ10=1.00 touch10=1.00 col10=0.00 to10=0.00 min_d= 0.30 avg_spd=2.00m/s end=goal t=  672.1s
[TRAIN][PPO] ep=037/500 r=  317.76 avg10=  577.80 steps=1124 succ10=0.90 touch10=0.90 col10=0.10 to10=0.00 min_d= 1.28 avg_spd=2.04m/s end=collision t=  687.1s
[TRAIN][PPO] ep=038/500 r=  616.52 avg10=  577.57 steps=1546 succ10=0.90 touch10=0.90 col10=0.10 to10=0.00 min_d= 0.30 avg_spd=2.02m/s end=goal t=  707.7s
[TRAIN][PPO] ep=039/500 r=  597.25 avg10=  577.27 steps=1436 succ10=0.90 touch10=0.90 col10=0.10 to10=0.00 min_d= 0.30 avg_spd=2.06m/s end=goal t=  727.0s
[TRAIN][PPO] ep=040/500 r=  616.65 avg10=  577.50 steps=1619 succ10=0.90 touch10=0.90 col10=0.10 to10=0.00 min_d= 0.30 avg_spd=2.01m/s end=goal t=  750.4s
[TRAIN][PPO] ep=041/500 r=  616.36 avg10=  577.71 steps=1495 succ10=0.90 touch10=0.90 col10=0.10 to10=0.00 min_d= 0.30 avg_spd=2.03m/s end=goal t=  770.2s
[TRAIN][PPO] ep=042/500 r=  612.25 avg10=  581.16 steps=1486 succ10=0.90 touch10=0.90 col10=0.10 to10=0.00 min_d= 0.30 avg_spd=2.02m/s end=goal t=  789.9s
[TRAIN][PPO] ep=043/500 r=  614.98 avg10=  581.70 steps=1554 succ10=0.90 touch10=0.90 col10=0.10 to10=0.00 min_d= 0.30 avg_spd=2.01m/s end=goal t=  810.8s
[TRAIN][PPO] ep=044/500 r=  606.60 avg10=  582.03 steps=1506 succ10=0.90 touch10=0.90 col10=0.10 to10=0.00 min_d= 0.30 avg_spd=2.03m/s end=goal t=  832.5s
[TRAIN][PPO] ep=045/500 r=  614.48 avg10=  582.53 steps=1492 succ10=0.90 touch10=0.90 col10=0.10 to10=0.00 min_d= 0.30 avg_spd=2.04m/s end=goal t=  851.9s
[TRAIN][PPO] ep=046/500 r=  598.50 avg10=  581.13 steps=1436 succ10=0.90 touch10=0.90 col10=0.10 to10=0.00 min_d= 0.30 avg_spd=2.05m/s end=goal t=  870.6s
[TRAIN][PPO] ep=047/500 r=  614.36 avg10=  610.79 steps=1600 succ10=1.00 touch10=1.00 col10=0.00 to10=0.00 min_d= 0.30 avg_spd=2.03m/s end=goal t=  891.7s
[TRAIN][PPO] ep=048/500 r=  623.48 avg10=  611.49 steps=1509 succ10=1.00 touch10=1.00 col10=0.00 to10=0.00 min_d= 0.30 avg_spd=2.03m/s end=goal t=  913.0s
[TRAIN][PPO] ep=049/500 r=  583.37 avg10=  610.10 steps=1594 succ10=1.00 touch10=1.00 col10=0.00 to10=0.00 min_d= 0.30 avg_spd=2.03m/s end=goal t=  933.7s
[TRAIN][PPO] ep=050/500 r=  607.57 avg10=  609.20 steps=1518 succ10=1.00 touch10=1.00 col10=0.00 to10=0.00 min_d= 0.30 avg_spd=2.07m/s end=goal t=  953.7s
[TRAIN][PPO] ep=051/500 r=  612.23 avg10=  608.78 steps=1478 succ10=1.00 touch10=1.00 col10=0.00 to10=0.00 min_d= 0.30 avg_spd=2.05m/s end=goal t=  973.4s
[TRAIN][PPO] ep=052/500 r=  311.48 avg10=  578.70 steps=1115 succ10=0.90 touch10=0.90 col10=0.10 to10=0.00 min_d= 1.29 avg_spd=2.06m/s end=collision t=  990.2s
[TRAIN][PPO] ep=053/500 r=  597.84 avg10=  576.99 steps=1480 succ10=0.90 touch10=0.90 col10=0.10 to10=0.00 min_d= 0.30 avg_spd=2.04m/s end=goal t= 1009.9s
[TRAIN][PPO] ep=054/500 r=  603.83 avg10=  576.71 steps=1460 succ10=0.90 touch10=0.90 col10=0.10 to10=0.00 min_d= 0.30 avg_spd=2.05m/s end=goal t= 1029.6s
[TRAIN][PPO] ep=055/500 r=  616.02 avg10=  576.87 steps=1517 succ10=0.90 touch10=0.90 col10=0.10 to10=0.00 min_d= 0.30 avg_spd=2.05m/s end=goal t= 1050.0s
[TRAIN][PPO] ep=056/500 r=  603.33 avg10=  577.35 steps=1451 succ10=0.90 touch10=0.90 col10=0.10 to10=0.00 min_d= 0.30 avg_spd=2.06m/s end=goal t= 1072.1s
[TRAIN][PPO] ep=057/500 r=  302.25 avg10=  546.14 steps=1067 succ10=0.80 touch10=0.80 col10=0.20 to10=0.00 min_d= 1.27 avg_spd=2.06m/s end=collision t= 1086.3s
[TRAIN][PPO] ep=058/500 r=  597.50 avg10=  543.54 steps=1473 succ10=0.80 touch10=0.80 col10=0.20 to10=0.00 min_d= 0.30 avg_spd=2.07m/s end=goal t= 1105.8s
[TRAIN][PPO] ep=059/500 r=  607.29 avg10=  545.93 steps=1514 succ10=0.80 touch10=0.80 col10=0.20 to10=0.00 min_d= 0.30 avg_spd=2.05m/s end=goal t= 1125.9s
[TRAIN][PPO] ep=060/500 r=  597.04 avg10=  544.88 steps=1475 succ10=0.80 touch10=0.80 col10=0.20 to10=0.00 min_d= 0.30 avg_spd=2.07m/s end=goal t= 1147.1s
[TRAIN][PPO] ep=061/500 r=  610.82 avg10=  544.74 steps=1529 succ10=0.80 touch10=0.80 col10=0.20 to10=0.00 min_d= 0.30 avg_spd=2.05m/s end=goal t= 1167.0s
[TRAIN][PPO] ep=062/500 r=  606.83 avg10=  574.27 steps=1497 succ10=0.90 touch10=0.90 col10=0.10 to10=0.00 min_d= 0.30 avg_spd=2.06m/s end=goal t= 1186.8s
[TRAIN][PPO] ep=063/500 r=  -42.72 avg10=  510.22 steps=  37 succ10=0.80 touch10=0.80 col10=0.20 to10=0.00 min_d= 3.83 avg_spd=2.14m/s end=collision t= 1187.3s
[TRAIN][PPO] ep=064/500 r=  596.71 avg10=  509.51 steps=1492 succ10=0.80 touch10=0.80 col10=0.20 to10=0.00 min_d= 0.30 avg_spd=2.05m/s end=goal t= 1208.6s
[TRAIN][PPO] ep=065/500 r=  -43.30 avg10=  443.57 steps=  25 succ10=0.70 touch10=0.70 col10=0.30 to10=0.00 min_d= 3.85 avg_spd=1.67m/s end=collision t= 1209.0s
[TRAIN][PPO] ep=066/500 r=  600.38 avg10=  443.28 steps=1523 succ10=0.70 touch10=0.70 col10=0.30 to10=0.00 min_d= 0.30 avg_spd=2.03m/s end=goal t= 1229.5s
[TRAIN][PPO] ep=067/500 r=  601.05 avg10=  473.16 steps=1491 succ10=0.80 touch10=0.80 col10=0.20 to10=0.00 min_d= 0.30 avg_spd=2.05m/s end=goal t= 1249.7s
[TRAIN][PPO] ep=068/500 r=  599.40 avg10=  473.35 steps=1479 succ10=0.80 touch10=0.80 col10=0.20 to10=0.00 min_d= 0.30 avg_spd=2.08m/s end=goal t= 1270.8s
[TRAIN][PPO] ep=069/500 r=   63.97 avg10=  419.02 steps= 373 succ10=0.70 touch10=0.70 col10=0.30 to10=0.00 min_d= 3.09 avg_spd=2.00m/s end=collision t= 1275.9s
[TRAIN][PPO] ep=070/500 r=  609.23 avg10=  420.24 steps=1510 succ10=0.70 touch10=0.70 col10=0.30 to10=0.00 min_d= 0.30 avg_spd=2.04m/s end=goal t= 1295.8s
[TRAIN][PPO] ep=071/500 r=  611.20 avg10=  420.28 steps=1508 succ10=0.70 touch10=0.70 col10=0.30 to10=0.00 min_d= 0.30 avg_spd=2.05m/s end=goal t= 1316.0s
[TRAIN][PPO] ep=072/500 r=  615.03 avg10=  421.10 steps=1537 succ10=0.70 touch10=0.70 col10=0.30 to10=0.00 min_d= 0.30 avg_spd=2.04m/s end=goal t= 1336.8s
[TRAIN][PPO] ep=073/500 r=  610.31 avg10=  486.40 steps=1524 succ10=0.80 touch10=0.80 col10=0.20 to10=0.00 min_d= 0.30 avg_spd=2.06m/s end=goal t= 1356.6s
[TRAIN][PPO] ep=074/500 r=  614.07 avg10=  488.13 steps=1544 succ10=0.80 touch10=0.80 col10=0.20 to10=0.00 min_d= 0.30 avg_spd=2.03m/s end=goal t= 1376.9s
[TRAIN][PPO] ep=075/500 r=  595.80 avg10=  552.04 steps=1492 succ10=0.90 touch10=0.90 col10=0.10 to10=0.00 min_d= 0.30 avg_spd=2.03m/s end=goal t= 1396.3s
[TRAIN][PPO] ep=076/500 r=  597.15 avg10=  551.72 steps=1482 succ10=0.90 touch10=0.90 col10=0.10 to10=0.00 min_d= 0.30 avg_spd=2.04m/s end=goal t= 1417.5s
[TRAIN][PPO] ep=077/500 r=  603.20 avg10=  551.94 steps=1495 succ10=0.90 touch10=0.90 col10=0.10 to10=0.00 min_d= 0.30 avg_spd=2.04m/s end=goal t= 1437.2s
[TRAIN][PPO] ep=078/500 r=  591.26 avg10=  551.12 steps=1608 succ10=0.90 touch10=0.90 col10=0.10 to10=0.00 min_d= 0.30 avg_spd=2.04m/s end=goal t= 1458.5s
[TRAIN][PPO] ep=079/500 r=  602.44 avg10=  604.97 steps=1509 succ10=1.00 touch10=1.00 col10=0.00 to10=0.00 min_d= 0.30 avg_spd=2.04m/s end=goal t= 1478.0s
[TRAIN][PPO] ep=080/500 r=  606.40 avg10=  604.69 steps=1508 succ10=1.00 touch10=1.00 col10=0.00 to10=0.00 min_d= 0.30 avg_spd=2.05m/s end=goal t= 1499.6s
[TRAIN][PPO] ep=081/500 r=  605.02 avg10=  604.07 steps=1504 succ10=1.00 touch10=1.00 col10=0.00 to10=0.00 min_d= 0.30 avg_spd=2.06m/s end=goal t= 1519.1s
[TRAIN][PPO] ep=082/500 r=  612.44 avg10=  603.81 steps=1524 succ10=1.00 touch10=1.00 col10=0.00 to10=0.00 min_d= 0.30 avg_spd=2.04m/s end=goal t= 1539.1s
[TRAIN][PPO] ep=083/500 r=  594.73 avg10=  602.25 steps=1475 succ10=1.00 touch10=1.00 col10=0.00 to10=0.00 min_d= 0.30 avg_spd=2.04m/s end=goal t= 1558.6s
[TRAIN][PPO] ep=084/500 r=  602.20 avg10=  601.07 steps=1490 succ10=1.00 touch10=1.00 col10=0.00 to10=0.00 min_d= 0.30 avg_spd=2.06m/s end=goal t= 1581.1s
[TRAIN][PPO] ep=085/500 r=  592.19 avg10=  600.70 steps=1457 succ10=1.00 touch10=1.00 col10=0.00 to10=0.00 min_d= 0.30 avg_spd=2.07m/s end=goal t= 1600.5s
[TRAIN][PPO] ep=086/500 r=  606.87 avg10=  601.68 steps=1506 succ10=1.00 touch10=1.00 col10=0.00 to10=0.00 min_d= 0.30 avg_spd=2.05m/s end=goal t= 1620.3s
[TRAIN][PPO] ep=087/500 r=  592.94 avg10=  600.65 steps=1464 succ10=1.00 touch10=1.00 col10=0.00 to10=0.00 min_d= 0.30 avg_spd=2.06m/s end=goal t= 1639.5s
[TRAIN][PPO] ep=088/500 r=  591.95 avg10=  600.72 steps=1447 succ10=1.00 touch10=1.00 col10=0.00 to10=0.00 min_d= 0.30 avg_spd=2.07m/s end=goal t= 1659.5s
[TRAIN][PPO] ep=089/500 r=  608.01 avg10=  601.28 steps=1502 succ10=1.00 touch10=1.00 col10=0.00 to10=0.00 min_d= 0.30 avg_spd=2.04m/s end=goal t= 1679.4s
[TRAIN][PPO] ep=090/500 r=  602.92 avg10=  600.93 steps=1489 succ10=1.00 touch10=1.00 col10=0.00 to10=0.00 min_d= 0.30 avg_spd=2.06m/s end=goal t= 1698.4s
[TRAIN][PPO] ep=091/500 r=  601.28 avg10=  600.55 steps=1485 succ10=1.00 touch10=1.00 col10=0.00 to10=0.00 min_d= 0.30 avg_spd=2.06m/s end=goal t= 1717.9s
[TRAIN][PPO] ep=092/500 r=  611.32 avg10=  600.44 steps=1513 succ10=1.00 touch10=1.00 col10=0.00 to10=0.00 min_d= 0.30 avg_spd=2.05m/s end=goal t= 1739.5s
[TRAIN][PPO] ep=093/500 r=  591.48 avg10=  600.12 steps=1477 succ10=1.00 touch10=1.00 col10=0.00 to10=0.00 min_d= 0.30 avg_spd=2.06m/s end=goal t= 1758.7s
[TRAIN][PPO] ep=094/500 r=  602.76 avg10=  600.17 steps=1483 succ10=1.00 touch10=1.00 col10=0.00 to10=0.00 min_d= 0.30 avg_spd=2.04m/s end=goal t= 1777.7s
[TRAIN][PPO] ep=095/500 r=  597.08 avg10=  600.66 steps=1473 succ10=1.00 touch10=1.00 col10=0.00 to10=0.00 min_d= 0.30 avg_spd=2.04m/s end=goal t= 1796.6s
[TRAIN][PPO] ep=096/500 r=  601.93 avg10=  600.17 steps=1480 succ10=1.00 touch10=1.00 col10=0.00 to10=0.00 min_d= 0.30 avg_spd=2.05m/s end=goal t= 1817.9s
[TRAIN][PPO] ep=097/500 r=  596.62 avg10=  600.53 steps=1472 succ10=1.00 touch10=1.00 col10=0.00 to10=0.00 min_d= 0.30 avg_spd=2.06m/s end=goal t= 1837.2s
[TRAIN][PPO] ep=098/500 r=  609.32 avg10=  602.27 steps=1511 succ10=1.00 touch10=1.00 col10=0.00 to10=0.00 min_d= 0.30 avg_spd=2.04m/s end=goal t= 1857.1s
[TRAIN][PPO] ep=099/500 r=  324.38 avg10=  573.91 steps=1144 succ10=0.90 touch10=0.90 col10=0.10 to10=0.00 min_d= 1.26 avg_spd=2.04m/s end=collision t= 1872.2s
[TRAIN][PPO] ep=100/500 r=  592.14 avg10=  572.83 steps=1468 succ10=0.90 touch10=0.90 col10=0.10 to10=0.00 min_d= 0.30 avg_spd=2.06m/s end=goal t= 1893.2s ckpt=latest
[TRAIN][PPO] ep=101/500 r=  603.53 avg10=  573.06 steps=1489 succ10=0.90 touch10=0.90 col10=0.10 to10=0.00 min_d= 0.30 avg_spd=2.04m/s end=goal t= 1912.7s
[TRAIN][PPO] ep=102/500 r=  608.80 avg10=  572.80 steps=1514 succ10=0.90 touch10=0.90 col10=0.10 to10=0.00 min_d= 0.30 avg_spd=2.04m/s end=goal t= 1932.7s
[TRAIN][PPO] ep=103/500 r=  604.21 avg10=  574.08 steps=1510 succ10=0.90 touch10=0.90 col10=0.10 to10=0.00 min_d= 0.30 avg_spd=2.05m/s end=goal t= 1952.5s
[TRAIN][PPO] ep=104/500 r=  610.97 avg10=  574.90 steps=1517 succ10=0.90 touch10=0.90 col10=0.10 to10=0.00 min_d= 0.30 avg_spd=2.04m/s end=goal t= 1973.0s
[TRAIN][PPO] ep=105/500 r=  601.68 avg10=  575.36 steps=1484 succ10=0.90 touch10=0.90 col10=0.10 to10=0.00 min_d= 0.30 avg_spd=2.06m/s end=goal t= 1992.7s
[TRAIN][PPO] ep=106/500 r=  608.98 avg10=  576.06 steps=1506 succ10=0.90 touch10=0.90 col10=0.10 to10=0.00 min_d= 0.30 avg_spd=2.04m/s end=goal t= 2012.9s
[TRAIN][PPO] ep=107/500 r=  584.79 avg10=  574.88 steps=1626 succ10=0.90 touch10=0.90 col10=0.10 to10=0.00 min_d= 0.30 avg_spd=2.03m/s end=goal t= 2034.5s
[TRAIN][PPO] ep=108/500 r=  613.13 avg10=  575.26 steps=1534 succ10=0.90 touch10=0.90 col10=0.10 to10=0.00 min_d= 0.30 avg_spd=2.00m/s end=goal t= 2056.3s
[TRAIN][PPO] ep=109/500 r=  602.76 avg10=  603.10 steps=1496 succ10=1.00 touch10=1.00 col10=0.00 to10=0.00 min_d= 0.30 avg_spd=2.03m/s end=goal t= 2076.0s
[TRAIN][PPO] ep=110/500 r=  320.12 avg10=  575.90 steps=1117 succ10=0.90 touch10=0.90 col10=0.10 to10=0.00 min_d= 1.27 avg_spd=2.05m/s end=collision t= 2090.4s
[TRAIN][PPO] ep=111/500 r=  294.88 avg10=  545.03 steps=1218 succ10=0.80 touch10=0.80 col10=0.20 to10=0.00 min_d= 1.27 avg_spd=2.04m/s end=collision t= 2106.2s
[TRAIN][PPO] ep=112/500 r=  603.72 avg10=  544.52 steps=1506 succ10=0.80 touch10=0.80 col10=0.20 to10=0.00 min_d= 0.30 avg_spd=2.06m/s end=goal t= 2128.0s
[TRAIN][PPO] ep=113/500 r=  598.71 avg10=  543.97 steps=1504 succ10=0.80 touch10=0.80 col10=0.20 to10=0.00 min_d= 0.30 avg_spd=2.05m/s end=goal t= 2147.3s
[TRAIN][PPO] ep=114/500 r=  605.56 avg10=  543.43 steps=1510 succ10=0.80 touch10=0.80 col10=0.20 to10=0.00 min_d= 0.30 avg_spd=2.01m/s end=goal t= 2167.2s
[TRAIN][PPO] ep=115/500 r=  598.39 avg10=  543.10 steps=1481 succ10=0.80 touch10=0.80 col10=0.20 to10=0.00 min_d= 0.30 avg_spd=2.05m/s end=goal t= 2187.5s
[TRAIN][PPO] ep=116/500 r=  596.08 avg10=  541.81 steps=1474 succ10=0.80 touch10=0.80 col10=0.20 to10=0.00 min_d= 0.30 avg_spd=2.05m/s end=goal t= 2211.0s
[TRAIN][PPO] ep=117/500 r=  604.70 avg10=  543.81 steps=1493 succ10=0.80 touch10=0.80 col10=0.20 to10=0.00 min_d= 0.30 avg_spd=2.03m/s end=goal t= 2231.6s
[TRAIN][PPO] ep=118/500 r=  603.63 avg10=  542.86 steps=1498 succ10=0.80 touch10=0.80 col10=0.20 to10=0.00 min_d= 0.30 avg_spd=2.03m/s end=goal t= 2251.8s
[TRAIN][PPO] ep=119/500 r=  603.38 avg10=  542.92 steps=1527 succ10=0.80 touch10=0.80 col10=0.20 to10=0.00 min_d= 0.30 avg_spd=2.03m/s end=goal t= 2272.4s
[TRAIN][PPO] ep=120/500 r=  605.64 avg10=  571.47 steps=1513 succ10=0.90 touch10=0.90 col10=0.10 to10=0.00 min_d= 0.30 avg_spd=2.05m/s end=goal t= 2294.7s
[TRAIN][PPO] ep=121/500 r=  597.76 avg10=  601.76 steps=1475 succ10=1.00 touch10=1.00 col10=0.00 to10=0.00 min_d= 0.30 avg_spd=2.07m/s end=goal t= 2314.4s
[TRAIN][PPO] ep=122/500 r=  592.74 avg10=  600.66 steps=1461 succ10=1.00 touch10=1.00 col10=0.00 to10=0.00 min_d= 0.30 avg_spd=2.05m/s end=goal t= 2333.7s
[TRAIN][PPO] ep=123/500 r=  595.91 avg10=  600.38 steps=1610 succ10=1.00 touch10=1.00 col10=0.00 to10=0.00 min_d= 0.30 avg_spd=2.05m/s end=goal t= 2355.3s
[TRAIN][PPO] ep=124/500 r=  591.04 avg10=  598.93 steps=1625 succ10=1.00 touch10=1.00 col10=0.00 to10=0.00 min_d= 0.30 avg_spd=2.06m/s end=goal t= 2380.4s
[TRAIN][PPO] ep=125/500 r=  604.70 avg10=  599.56 steps=1505 succ10=1.00 touch10=1.00 col10=0.00 to10=0.00 min_d= 0.30 avg_spd=2.05m/s end=goal t= 2400.9s
[TRAIN][PPO] ep=126/500 r=  599.97 avg10=  599.95 steps=1482 succ10=1.00 touch10=1.00 col10=0.00 to10=0.00 min_d= 0.30 avg_spd=2.05m/s end=goal t= 2421.4s
[TRAIN][PPO] ep=127/500 r=  603.99 avg10=  599.88 steps=1498 succ10=1.00 touch10=1.00 col10=0.00 to10=0.00 min_d= 0.30 avg_spd=2.03m/s end=goal t= 2441.5s
[TRAIN][PPO] ep=128/500 r=  607.35 avg10=  600.25 steps=1506 succ10=1.00 touch10=1.00 col10=0.00 to10=0.00 min_d= 0.30 avg_spd=2.05m/s end=goal t= 2464.2s
[TRAIN][PPO] ep=129/500 r=  606.06 avg10=  600.51 steps=1496 succ10=1.00 touch10=1.00 col10=0.00 to10=0.00 min_d= 0.30 avg_spd=2.04m/s end=goal t= 2484.9s
[TRAIN][PPO] ep=130/500 r=  612.75 avg10=  601.22 steps=1519 succ10=1.00 touch10=1.00 col10=0.00 to10=0.00 min_d= 0.30 avg_spd=2.04m/s end=goal t= 2506.2s
[TRAIN][PPO] ep=131/500 r=  611.94 avg10=  602.64 steps=1520 succ10=1.00 touch10=1.00 col10=0.00 to10=0.00 min_d= 0.30 avg_spd=2.05m/s end=goal t= 2526.9s
[TRAIN][PPO] ep=132/500 r=  601.23 avg10=  603.49 steps=1486 succ10=1.00 touch10=1.00 col10=0.00 to10=0.00 min_d= 0.30 avg_spd=2.07m/s end=goal t= 2549.4s
[TRAIN][PPO] ep=133/500 r=  597.69 avg10=  603.67 steps=1492 succ10=1.00 touch10=1.00 col10=0.00 to10=0.00 min_d= 0.30 avg_spd=2.06m/s end=goal t= 2569.9s
[TRAIN][PPO] ep=134/500 r=  609.26 avg10=  605.49 steps=1509 succ10=1.00 touch10=1.00 col10=0.00 to10=0.00 min_d= 0.30 avg_spd=2.07m/s end=goal t= 2590.5s
[TRAIN][PPO] ep=135/500 r=  597.20 avg10=  604.74 steps=1464 succ10=1.00 touch10=1.00 col10=0.00 to10=0.00 min_d= 0.30 avg_spd=2.04m/s end=goal t= 2610.7s
[TRAIN][PPO] ep=136/500 r=  -26.47 avg10=  542.10 steps= 126 succ10=0.90 touch10=0.90 col10=0.10 to10=0.00 min_d= 3.82 avg_spd=2.01m/s end=collision t= 2614.1s
[TRAIN][PPO] ep=137/500 r=  594.30 avg10=  541.13 steps=1461 succ10=0.90 touch10=0.90 col10=0.10 to10=0.00 min_d= 0.30 avg_spd=2.08m/s end=goal t= 2633.8s
[TRAIN][PPO] ep=138/500 r=  591.82 avg10=  539.58 steps=1457 succ10=0.90 touch10=0.90 col10=0.10 to10=0.00 min_d= 0.30 avg_spd=2.08m/s end=goal t= 2653.7s
[TRAIN][PPO] ep=139/500 r=  606.65 avg10=  539.64 steps=1497 succ10=0.90 touch10=0.90 col10=0.10 to10=0.00 min_d= 0.30 avg_spd=2.04m/s end=goal t= 2674.3s
[TRAIN][PPO] ep=140/500 r=  -29.82 avg10=  475.38 steps= 129 succ10=0.80 touch10=0.80 col10=0.20 to10=0.00 min_d= 3.83 avg_spd=1.99m/s end=collision t= 2677.6s
[TRAIN][PPO] ep=141/500 r=  596.99 avg10=  473.89 steps=1606 succ10=0.80 touch10=0.80 col10=0.20 to10=0.00 min_d= 0.30 avg_spd=2.05m/s end=goal t= 2699.5s
[TRAIN][PPO] ep=142/500 r=  605.20 avg10=  474.28 steps=1494 succ10=0.80 touch10=0.80 col10=0.20 to10=0.00 min_d= 0.30 avg_spd=2.08m/s end=goal t= 2719.7s
[TRAIN][PPO] ep=143/500 r=  595.20 avg10=  474.03 steps=1459 succ10=0.80 touch10=0.80 col10=0.20 to10=0.00 min_d= 0.30 avg_spd=2.06m/s end=goal t= 2739.6s
[TRAIN][PPO] ep=144/500 r=  597.80 avg10=  472.89 steps=1485 succ10=0.80 touch10=0.80 col10=0.20 to10=0.00 min_d= 0.30 avg_spd=2.07m/s end=goal t= 2761.4s
[TRAIN][PPO] ep=145/500 r=  171.31 avg10=  430.30 steps= 983 succ10=0.70 touch10=0.70 col10=0.30 to10=0.00 min_d= 2.09 avg_spd=2.04m/s end=collision t= 2774.7s
[TRAIN][PPO] ep=146/500 r=  591.69 avg10=  492.11 steps=1461 succ10=0.80 touch10=0.80 col10=0.20 to10=0.00 min_d= 0.30 avg_spd=2.07m/s end=goal t= 2794.3s
[TRAIN][PPO] ep=147/500 r=  588.84 avg10=  491.57 steps=1595 succ10=0.80 touch10=0.80 col10=0.20 to10=0.00 min_d= 0.30 avg_spd=2.08m/s end=goal t= 2815.5s
[TRAIN][PPO] ep=148/500 r=  591.10 avg10=  491.49 steps=1453 succ10=0.80 touch10=0.80 col10=0.20 to10=0.00 min_d= 0.30 avg_spd=2.06m/s end=goal t= 2836.5s
[TRAIN][PPO] ep=149/500 r=  -43.28 avg10=  426.50 steps=  27 succ10=0.70 touch10=0.70 col10=0.30 to10=0.00 min_d= 3.84 avg_spd=2.00m/s end=collision t= 2836.9s
[TRAIN][PPO] ep=150/500 r=  602.02 avg10=  489.68 steps=1494 succ10=0.80 touch10=0.80 col10=0.20 to10=0.00 min_d= 0.30 avg_spd=2.07m/s end=goal t= 2856.9s
[TRAIN][PPO] ep=151/500 r=  590.71 avg10=  489.06 steps=1454 succ10=0.80 touch10=0.80 col10=0.20 to10=0.00 min_d= 0.30 avg_spd=2.06m/s end=goal t= 2876.2s
[TRAIN][PPO] ep=152/500 r=  594.94 avg10=  488.03 steps=1465 succ10=0.80 touch10=0.80 col10=0.20 to10=0.00 min_d= 0.30 avg_spd=2.05m/s end=goal t= 2898.6s
[TRAIN][PPO] ep=153/500 r=  603.65 avg10=  488.88 steps=1492 succ10=0.80 touch10=0.80 col10=0.20 to10=0.00 min_d= 0.30 avg_spd=2.08m/s end=goal t= 2918.5s
[TRAIN][PPO] ep=154/500 r=  606.32 avg10=  489.73 steps=1515 succ10=0.80 touch10=0.80 col10=0.20 to10=0.00 min_d= 0.30 avg_spd=2.06m/s end=goal t= 2938.6s
[TRAIN][PPO] ep=155/500 r=  600.16 avg10=  532.61 steps=1472 succ10=0.90 touch10=0.90 col10=0.10 to10=0.00 min_d= 0.30 avg_spd=2.08m/s end=goal t= 2958.0s
[TRAIN][PPO] ep=156/500 r=  594.64 avg10=  532.91 steps=1465 succ10=0.90 touch10=0.90 col10=0.10 to10=0.00 min_d= 0.30 avg_spd=2.08m/s end=goal t= 2980.1s
[TRAIN][PPO] ep=157/500 r=  597.28 avg10=  533.75 steps=1464 succ10=0.90 touch10=0.90 col10=0.10 to10=0.00 min_d= 0.30 avg_spd=2.09m/s end=goal t= 2999.7s
[TRAIN][PPO] ep=158/500 r=  586.51 avg10=  533.29 steps=1436 succ10=0.90 touch10=0.90 col10=0.10 to10=0.00 min_d= 0.30 avg_spd=2.09m/s end=goal t= 3018.7s
[TRAIN][PPO] ep=159/500 r=  585.50 avg10=  596.17 steps=1428 succ10=1.00 touch10=1.00 col10=0.00 to10=0.00 min_d= 0.30 avg_spd=2.10m/s end=goal t= 3037.8s
[TRAIN][PPO] ep=160/500 r=  599.05 avg10=  595.88 steps=1470 succ10=1.00 touch10=1.00 col10=0.00 to10=0.00 min_d= 0.30 avg_spd=2.08m/s end=goal t= 3059.4s
[TRAIN][PPO] ep=161/500 r=  597.73 avg10=  596.58 steps=1464 succ10=1.00 touch10=1.00 col10=0.00 to10=0.00 min_d= 0.30 avg_spd=2.06m/s end=goal t= 3079.0s
[TRAIN][PPO] ep=162/500 r=  599.73 avg10=  597.06 steps=1472 succ10=1.00 touch10=1.00 col10=0.00 to10=0.00 min_d= 0.30 avg_spd=2.09m/s end=goal t= 3098.7s
[TRAIN][PPO] ep=163/500 r=  598.25 avg10=  596.52 steps=1510 succ10=1.00 touch10=1.00 col10=0.00 to10=0.00 min_d= 0.30 avg_spd=2.07m/s end=goal t= 3118.9s
[TRAIN][PPO] ep=164/500 r=  597.85 avg10=  595.67 steps=1461 succ10=1.00 touch10=1.00 col10=0.00 to10=0.00 min_d= 0.30 avg_spd=2.08m/s end=goal t= 3141.3s
[TRAIN][PPO] ep=165/500 r=  589.27 avg10=  594.58 steps=1457 succ10=1.00 touch10=1.00 col10=0.00 to10=0.00 min_d= 0.30 avg_spd=2.07m/s end=goal t= 3160.9s
[TRAIN][PPO] ep=166/500 r=  -43.32 avg10=  530.78 steps=  30 succ10=0.90 touch10=0.90 col10=0.10 to10=0.00 min_d= 3.84 avg_spd=2.01m/s end=collision t= 3161.4s
[TRAIN][PPO] ep=167/500 r=  605.61 avg10=  531.62 steps=1495 succ10=0.90 touch10=0.90 col10=0.10 to10=0.00 min_d= 0.30 avg_spd=2.07m/s end=goal t= 3181.4s
[TRAIN][PPO] ep=168/500 r=  591.95 avg10=  532.16 steps=1457 succ10=0.90 touch10=0.90 col10=0.10 to10=0.00 min_d= 0.30 avg_spd=2.09m/s end=goal t= 3202.9s
[TRAIN][PPO] ep=169/500 r=  606.93 avg10=  534.30 steps=1491 succ10=0.90 touch10=0.90 col10=0.10 to10=0.00 min_d= 0.30 avg_spd=2.06m/s end=goal t= 3222.8s
[TRAIN][PPO] ep=170/500 r=  562.61 avg10=  530.66 steps=1692 succ10=0.90 touch10=0.90 col10=0.10 to10=0.00 min_d= 0.30 avg_spd=2.06m/s end=goal t= 3245.1s
[TRAIN][PPO] ep=171/500 r=  598.03 avg10=  530.69 steps=1468 succ10=0.90 touch10=0.90 col10=0.10 to10=0.00 min_d= 0.30 avg_spd=2.09m/s end=goal t= 3264.4s
[TRAIN][PPO] ep=172/500 r=  595.78 avg10=  530.30 steps=1453 succ10=0.90 touch10=0.90 col10=0.10 to10=0.00 min_d= 0.30 avg_spd=2.09m/s end=goal t= 3285.7s
[TRAIN][PPO] ep=173/500 r=  583.91 avg10=  528.86 steps=1436 succ10=0.90 touch10=0.90 col10=0.10 to10=0.00 min_d= 0.30 avg_spd=2.08m/s end=goal t= 3304.8s
[TRAIN][PPO] ep=174/500 r=  583.56 avg10=  527.43 steps=1427 succ10=0.90 touch10=0.90 col10=0.10 to10=0.00 min_d= 0.30 avg_spd=2.09m/s end=goal t= 3323.8s
[TRAIN][PPO] ep=175/500 r=  576.35 avg10=  526.14 steps=1686 succ10=0.90 touch10=0.90 col10=0.10 to10=0.00 min_d= 0.30 avg_spd=2.08m/s end=goal t= 3346.2s
[TRAIN][PPO] ep=176/500 r=  599.31 avg10=  590.41 steps=1500 succ10=1.00 touch10=1.00 col10=0.00 to10=0.00 min_d= 0.30 avg_spd=2.06m/s end=goal t= 3368.0s
[TRAIN][PPO] ep=177/500 r=  603.70 avg10=  590.22 steps=1498 succ10=1.00 touch10=1.00 col10=0.00 to10=0.00 min_d= 0.30 avg_spd=2.08m/s end=goal t= 3388.0s
[TRAIN][PPO] ep=178/500 r=  584.01 avg10=  589.42 steps=1429 succ10=1.00 touch10=1.00 col10=0.00 to10=0.00 min_d= 0.30 avg_spd=2.11m/s end=goal t= 3405.4s
[TRAIN][PPO] ep=179/500 r=  597.13 avg10=  588.44 steps=1464 succ10=1.00 touch10=1.00 col10=0.00 to10=0.00 min_d= 0.30 avg_spd=2.08m/s end=goal t= 3424.8s
[TRAIN][PPO] ep=180/500 r=  594.42 avg10=  591.62 steps=1460 succ10=1.00 touch10=1.00 col10=0.00 to10=0.00 min_d= 0.30 avg_spd=2.09m/s end=goal t= 3446.1s
[TRAIN][PPO] ep=181/500 r=  177.10 avg10=  549.53 steps= 890 succ10=0.90 touch10=0.90 col10=0.10 to10=0.00 min_d= 2.10 avg_spd=2.07m/s end=collision t= 3457.9s
[TRAIN][PPO] ep=182/500 r=  589.91 avg10=  548.94 steps=1460 succ10=0.90 touch10=0.90 col10=0.10 to10=0.00 min_d= 0.30 avg_spd=2.08m/s end=goal t= 3477.1s
[TRAIN][PPO] ep=183/500 r=  602.85 avg10=  550.83 steps=1485 succ10=0.90 touch10=0.90 col10=0.10 to10=0.00 min_d= 0.30 avg_spd=2.08m/s end=goal t= 3496.6s
[TRAIN][PPO] ep=184/500 r=  -38.32 avg10=  488.65 steps=  45 succ10=0.80 touch10=0.80 col10=0.20 to10=0.00 min_d= 3.83 avg_spd=1.90m/s end=collision t= 3498.5s
[TRAIN][PPO] ep=185/500 r=  601.40 avg10=  491.15 steps=1486 succ10=0.80 touch10=0.80 col10=0.20 to10=0.00 min_d= 0.30 avg_spd=2.06m/s end=goal t= 3518.1s
[TRAIN][PPO] ep=186/500 r=  570.67 avg10=  488.29 steps=1533 succ10=0.80 touch10=0.80 col10=0.20 to10=0.00 min_d= 0.30 avg_spd=2.10m/s end=goal t= 3538.4s
[TRAIN][PPO] ep=187/500 r=  168.43 avg10=  444.76 steps= 955 succ10=0.70 touch10=0.70 col10=0.30 to10=0.00 min_d= 2.09 avg_spd=2.05m/s end=collision t= 3551.1s
[TRAIN][PPO] ep=188/500 r=  592.32 avg10=  445.59 steps=1441 succ10=0.70 touch10=0.70 col10=0.30 to10=0.00 min_d= 0.30 avg_spd=2.08m/s end=goal t= 3572.4s
[TRAIN][PPO] ep=189/500 r=  562.01 avg10=  442.08 steps=1627 succ10=0.70 touch10=0.70 col10=0.30 to10=0.00 min_d= 0.30 avg_spd=2.06m/s end=goal t= 3593.8s
[TRAIN][PPO] ep=190/500 r=  595.06 avg10=  442.14 steps=1477 succ10=0.70 touch10=0.70 col10=0.30 to10=0.00 min_d= 0.30 avg_spd=2.08m/s end=goal t= 3613.3s
[TRAIN][PPO] ep=191/500 r=  594.02 avg10=  483.84 steps=1447 succ10=0.80 touch10=0.80 col10=0.20 to10=0.00 min_d= 0.30 avg_spd=2.08m/s end=goal t= 3632.5s
[TRAIN][PPO] ep=192/500 r=  594.87 avg10=  484.33 steps=1457 succ10=0.80 touch10=0.80 col10=0.20 to10=0.00 min_d= 0.30 avg_spd=2.10m/s end=goal t= 3653.4s
[TRAIN][PPO] ep=193/500 r=  602.26 avg10=  484.27 steps=1478 succ10=0.80 touch10=0.80 col10=0.20 to10=0.00 min_d= 0.30 avg_spd=2.07m/s end=goal t= 3672.5s
[TRAIN][PPO] ep=194/500 r=  590.11 avg10=  547.12 steps=1444 succ10=0.90 touch10=0.90 col10=0.10 to10=0.00 min_d= 0.30 avg_spd=2.08m/s end=goal t= 3691.5s
[TRAIN][PPO] ep=195/500 r=  596.50 avg10=  546.63 steps=1460 succ10=0.90 touch10=0.90 col10=0.10 to10=0.00 min_d= 0.30 avg_spd=2.09m/s end=goal t= 3711.0s
[TRAIN][PPO] ep=196/500 r=  602.19 avg10=  549.78 steps=1476 succ10=0.90 touch10=0.90 col10=0.10 to10=0.00 min_d= 0.30 avg_spd=2.08m/s end=goal t= 3732.1s
[TRAIN][PPO] ep=197/500 r=  592.99 avg10=  592.23 steps=1454 succ10=1.00 touch10=1.00 col10=0.00 to10=0.00 min_d= 0.30 avg_spd=2.07m/s end=goal t= 3751.2s
[TRAIN][PPO] ep=198/500 r=  590.21 avg10=  592.02 steps=1571 succ10=1.00 touch10=1.00 col10=0.00 to10=0.00 min_d= 0.30 avg_spd=2.07m/s end=goal t= 3772.0s
[TRAIN][PPO] ep=199/500 r=  586.22 avg10=  594.44 steps=1543 succ10=1.00 touch10=1.00 col10=0.00 to10=0.00 min_d= 0.30 avg_spd=2.07m/s end=goal t= 3792.3s
[TRAIN][PPO] ep=200/500 r=  595.45 avg10=  594.48 steps=1461 succ10=1.00 touch10=1.00 col10=0.00 to10=0.00 min_d= 0.30 avg_spd=2.07m/s end=goal t= 3814.7s ckpt=latest
[TRAIN][PPO] ep=201/500 r=  602.40 avg10=  595.32 steps=1494 succ10=1.00 touch10=1.00 col10=0.00 to10=0.00 min_d= 0.30 avg_spd=2.08m/s end=goal t= 3834.2s
[TRAIN][PPO] ep=202/500 r=  595.39 avg10=  595.37 steps=1456 succ10=1.00 touch10=1.00 col10=0.00 to10=0.00 min_d= 0.30 avg_spd=2.07m/s end=goal t= 3853.3s
[TRAIN][PPO] ep=203/500 r=  587.69 avg10=  593.92 steps=1445 succ10=1.00 touch10=1.00 col10=0.00 to10=0.00 min_d= 0.30 avg_spd=2.08m/s end=goal t= 3872.3s
[TRAIN][PPO] ep=204/500 r=  600.43 avg10=  594.95 steps=1484 succ10=1.00 touch10=1.00 col10=0.00 to10=0.00 min_d= 0.30 avg_spd=2.04m/s end=goal t= 3893.0s
[TRAIN][PPO] ep=205/500 r=  -43.15 avg10=  530.98 steps=  26 succ10=0.90 touch10=0.90 col10=0.10 to10=0.00 min_d= 3.84 avg_spd=1.68m/s end=collision t= 3893.5s
[TRAIN][PPO] ep=206/500 r=  605.70 avg10=  531.33 steps=1491 succ10=0.90 touch10=0.90 col10=0.10 to10=0.00 min_d= 0.30 avg_spd=2.05m/s end=goal t= 3913.1s
[TRAIN][PPO] ep=207/500 r=  591.54 avg10=  531.19 steps=1447 succ10=0.90 touch10=0.90 col10=0.10 to10=0.00 min_d= 0.30 avg_spd=2.08m/s end=goal t= 3932.0s
[TRAIN][PPO] ep=208/500 r=  592.23 avg10=  531.39 steps=1454 succ10=0.90 touch10=0.90 col10=0.10 to10=0.00 min_d= 0.30 avg_spd=2.08m/s end=goal t= 3952.1s
[TRAIN][PPO] ep=209/500 r=  589.67 avg10=  531.73 steps=1445 succ10=0.90 touch10=0.90 col10=0.10 to10=0.00 min_d= 0.30 avg_spd=2.09m/s end=goal t= 3971.2s
[TRAIN][PPO] ep=210/500 r=  601.41 avg10=  532.33 steps=1492 succ10=0.90 touch10=0.90 col10=0.10 to10=0.00 min_d= 0.30 avg_spd=2.07m/s end=goal t= 3991.1s
[TRAIN][PPO] ep=211/500 r=  573.76 avg10=  529.47 steps=1612 succ10=0.90 touch10=0.90 col10=0.10 to10=0.00 min_d= 0.30 avg_spd=2.07m/s end=goal t= 4012.6s
[TRAIN][PPO] ep=212/500 r=  593.17 avg10=  529.24 steps=1447 succ10=0.90 touch10=0.90 col10=0.10 to10=0.00 min_d= 0.30 avg_spd=2.07m/s end=goal t= 4033.6s
[TRAIN][PPO] ep=213/500 r=  599.20 avg10=  530.40 steps=1476 succ10=0.90 touch10=0.90 col10=0.10 to10=0.00 min_d= 0.30 avg_spd=2.08m/s end=goal t= 4053.4s
[TRAIN][PPO] ep=214/500 r=  605.37 avg10=  530.89 steps=1488 succ10=0.90 touch10=0.90 col10=0.10 to10=0.00 min_d= 0.30 avg_spd=2.05m/s end=goal t= 4073.1s
[TRAIN][PPO] ep=215/500 r=  597.73 avg10=  594.98 steps=1565 succ10=1.00 touch10=1.00 col10=0.00 to10=0.00 min_d= 0.30 avg_spd=2.07m/s end=goal t= 4093.7s
[TRAIN][PPO] ep=216/500 r=  598.49 avg10=  594.26 steps=1472 succ10=1.00 touch10=1.00 col10=0.00 to10=0.00 min_d= 0.30 avg_spd=2.08m/s end=goal t= 4115.0s
[TRAIN][PPO] ep=217/500 r=  591.79 avg10=  594.28 steps=1608 succ10=1.00 touch10=1.00 col10=0.00 to10=0.00 min_d= 0.30 avg_spd=2.06m/s end=goal t= 4136.2s
[TRAIN][PPO] ep=218/500 r=  585.78 avg10=  593.64 steps=1417 succ10=1.00 touch10=1.00 col10=0.00 to10=0.00 min_d= 0.30 avg_spd=2.09m/s end=goal t= 4155.0s
[TRAIN][PPO] ep=219/500 r=  605.46 avg10=  595.22 steps=1490 succ10=1.00 touch10=1.00 col10=0.00 to10=0.00 min_d= 0.30 avg_spd=2.08m/s end=goal t= 4174.7s
[TRAIN][PPO] ep=220/500 r=  602.77 avg10=  595.35 steps=1486 succ10=1.00 touch10=1.00 col10=0.00 to10=0.00 min_d= 0.30 avg_spd=2.06m/s end=goal t= 4195.9s
[TRAIN][PPO] ep=221/500 r=  596.85 avg10=  597.66 steps=1467 succ10=1.00 touch10=1.00 col10=0.00 to10=0.00 min_d= 0.30 avg_spd=2.08m/s end=goal t= 4215.2s
[TRAIN][PPO] ep=222/500 r=  592.06 avg10=  597.55 steps=1451 succ10=1.00 touch10=1.00 col10=0.00 to10=0.00 min_d= 0.30 avg_spd=2.08m/s end=goal t= 4234.2s
[TRAIN][PPO] ep=223/500 r=  600.73 avg10=  597.70 steps=1484 succ10=1.00 touch10=1.00 col10=0.00 to10=0.00 min_d= 0.30 avg_spd=2.10m/s end=goal t= 4254.0s
[TRAIN][PPO] ep=224/500 r=  592.84 avg10=  596.45 steps=1454 succ10=1.00 touch10=1.00 col10=0.00 to10=0.00 min_d= 0.30 avg_spd=2.10m/s end=goal t= 4275.2s
[TRAIN][PPO] ep=225/500 r=  567.26 avg10=  593.40 steps=1574 succ10=1.00 touch10=1.00 col10=0.00 to10=0.00 min_d= 0.30 avg_spd=2.05m/s end=goal t= 4295.8s
[TRAIN][PPO] ep=226/500 r=  585.86 avg10=  592.14 steps=1439 succ10=1.00 touch10=1.00 col10=0.00 to10=0.00 min_d= 0.30 avg_spd=2.08m/s end=goal t= 4315.2s
[TRAIN][PPO] ep=227/500 r=  597.02 avg10=  592.66 steps=1478 succ10=1.00 touch10=1.00 col10=0.00 to10=0.00 min_d= 0.30 avg_spd=2.07m/s end=goal t= 4334.9s
[TRAIN][PPO] ep=228/500 r=  595.59 avg10=  593.64 steps=1465 succ10=1.00 touch10=1.00 col10=0.00 to10=0.00 min_d= 0.30 avg_spd=2.09m/s end=goal t= 4356.1s
[TRAIN][PPO] ep=229/500 r=  595.34 avg10=  592.63 steps=1451 succ10=1.00 touch10=1.00 col10=0.00 to10=0.00 min_d= 0.30 avg_spd=2.08m/s end=goal t= 4375.4s
[TRAIN][PPO] ep=230/500 r=  610.46 avg10=  593.40 steps=1520 succ10=1.00 touch10=1.00 col10=0.00 to10=0.00 min_d= 0.30 avg_spd=2.06m/s end=goal t= 4395.8s
[TRAIN][PPO] ep=231/500 r=  606.51 avg10=  594.37 steps=1489 succ10=1.00 touch10=1.00 col10=0.00 to10=0.00 min_d= 0.30 avg_spd=2.06m/s end=goal t= 4415.5s
[TRAIN][PPO] ep=232/500 r=  600.90 avg10=  595.25 steps=1474 succ10=1.00 touch10=1.00 col10=0.00 to10=0.00 min_d= 0.30 avg_spd=2.08m/s end=goal t= 4437.3s
[TRAIN][PPO] ep=233/500 r=  603.99 avg10=  595.58 steps=1479 succ10=1.00 touch10=1.00 col10=0.00 to10=0.00 min_d= 0.30 avg_spd=2.07m/s end=goal t= 4457.1s
[TRAIN][PPO] ep=234/500 r=  595.89 avg10=  595.88 steps=1452 succ10=1.00 touch10=1.00 col10=0.00 to10=0.00 min_d= 0.30 avg_spd=2.08m/s end=goal t= 4476.2s
[TRAIN][PPO] ep=235/500 r=  598.76 avg10=  599.03 steps=1462 succ10=1.00 touch10=1.00 col10=0.00 to10=0.00 min_d= 0.30 avg_spd=2.08m/s end=goal t= 4495.8s
[TRAIN][PPO] ep=236/500 r=  608.14 avg10=  601.26 steps=1498 succ10=1.00 touch10=1.00 col10=0.00 to10=0.00 min_d= 0.30 avg_spd=2.05m/s end=goal t= 4517.8s
[TRAIN][PPO] ep=237/500 r=  596.76 avg10=  601.23 steps=1465 succ10=1.00 touch10=1.00 col10=0.00 to10=0.00 min_d= 0.30 avg_spd=2.08m/s end=goal t= 4537.4s
[TRAIN][PPO] ep=238/500 r=  584.71 avg10=  600.15 steps=1438 succ10=1.00 touch10=1.00 col10=0.00 to10=0.00 min_d= 0.30 avg_spd=2.09m/s end=goal t= 4556.0s
[TRAIN][PPO] ep=239/500 r=  604.63 avg10=  601.07 steps=1487 succ10=1.00 touch10=1.00 col10=0.00 to10=0.00 min_d= 0.30 avg_spd=2.05m/s end=goal t= 4575.2s
[TRAIN][PPO] ep=240/500 r=  592.81 avg10=  599.31 steps=1457 succ10=1.00 touch10=1.00 col10=0.00 to10=0.00 min_d= 0.30 avg_spd=2.10m/s end=goal t= 4596.3s
[TRAIN][PPO] ep=241/500 r=  592.23 avg10=  597.88 steps=1446 succ10=1.00 touch10=1.00 col10=0.00 to10=0.00 min_d= 0.30 avg_spd=2.08m/s end=goal t= 4615.8s
[TRAIN][PPO] ep=242/500 r=  586.83 avg10=  596.48 steps=1425 succ10=1.00 touch10=1.00 col10=0.00 to10=0.00 min_d= 0.30 avg_spd=2.10m/s end=goal t= 4634.1s
[TRAIN][PPO] ep=243/500 r=  593.93 avg10=  595.47 steps=1458 succ10=1.00 touch10=1.00 col10=0.00 to10=0.00 min_d= 0.30 avg_spd=2.05m/s end=goal t= 4653.4s
[TRAIN][PPO] ep=244/500 r=  588.52 avg10=  594.73 steps=1433 succ10=1.00 touch10=1.00 col10=0.00 to10=0.00 min_d= 0.30 avg_spd=2.08m/s end=goal t= 4673.9s
[TRAIN][PPO] ep=245/500 r=  595.09 avg10=  594.37 steps=1460 succ10=1.00 touch10=1.00 col10=0.00 to10=0.00 min_d= 0.30 avg_spd=2.08m/s end=goal t= 4693.3s
[TRAIN][PPO] ep=246/500 r=  590.04 avg10=  592.56 steps=1458 succ10=1.00 touch10=1.00 col10=0.00 to10=0.00 min_d= 0.30 avg_spd=2.07m/s end=goal t= 4712.3s
[TRAIN][PPO] ep=247/500 r=  602.46 avg10=  593.13 steps=1496 succ10=1.00 touch10=1.00 col10=0.00 to10=0.00 min_d= 0.30 avg_spd=2.08m/s end=goal t= 4731.8s
[TRAIN][PPO] ep=248/500 r=  608.20 avg10=  595.47 steps=1512 succ10=1.00 touch10=1.00 col10=0.00 to10=0.00 min_d= 0.30 avg_spd=2.07m/s end=goal t= 4753.2s
[TRAIN][PPO] ep=249/500 r=  597.76 avg10=  594.79 steps=1470 succ10=1.00 touch10=1.00 col10=0.00 to10=0.00 min_d= 0.30 avg_spd=2.08m/s end=goal t= 4772.1s
[TRAIN][PPO] ep=250/500 r=  597.57 avg10=  595.26 steps=1484 succ10=1.00 touch10=1.00 col10=0.00 to10=0.00 min_d= 0.30 avg_spd=2.07m/s end=goal t= 4791.8s
[TRAIN][PPO] ep=251/500 r=  592.09 avg10=  595.25 steps=1459 succ10=1.00 touch10=1.00 col10=0.00 to10=0.00 min_d= 0.30 avg_spd=2.06m/s end=goal t= 4811.1s
[TRAIN][PPO] ep=252/500 r=  312.59 avg10=  567.82 steps=1094 succ10=0.90 touch10=0.90 col10=0.10 to10=0.00 min_d= 1.26 avg_spd=2.07m/s end=collision t= 4826.8s
[TRAIN][PPO] ep=253/500 r=  596.71 avg10=  568.10 steps=1477 succ10=0.90 touch10=0.90 col10=0.10 to10=0.00 min_d= 0.30 avg_spd=2.07m/s end=goal t= 4846.3s
[TRAIN][PPO] ep=254/500 r=  596.55 avg10=  568.90 steps=1564 succ10=0.90 touch10=0.90 col10=0.10 to10=0.00 min_d= 0.30 avg_spd=2.07m/s end=goal t= 4867.1s
[TRAIN][PPO] ep=255/500 r=  603.42 avg10=  569.74 steps=1487 succ10=0.90 touch10=0.90 col10=0.10 to10=0.00 min_d= 0.30 avg_spd=2.09m/s end=goal t= 4886.4s
[TRAIN][PPO] ep=256/500 r=  590.50 avg10=  569.78 steps=1449 succ10=0.90 touch10=0.90 col10=0.10 to10=0.00 min_d= 0.30 avg_spd=2.08m/s end=goal t= 4907.2s
[TRAIN][PPO] ep=257/500 r=  592.25 avg10=  568.76 steps=1455 succ10=0.90 touch10=0.90 col10=0.10 to10=0.00 min_d= 0.30 avg_spd=2.08m/s end=goal t= 4925.7s
[TRAIN][PPO] ep=258/500 r=  594.56 avg10=  567.40 steps=1457 succ10=0.90 touch10=0.90 col10=0.10 to10=0.00 min_d= 0.30 avg_spd=2.08m/s end=goal t= 4944.8s
[TRAIN][PPO] ep=259/500 r=  604.31 avg10=  568.05 steps=1482 succ10=0.90 touch10=0.90 col10=0.10 to10=0.00 min_d= 0.30 avg_spd=2.08m/s end=goal t= 4964.0s
[TRAIN][PPO] ep=260/500 r=  597.81 avg10=  568.08 steps=1469 succ10=0.90 touch10=0.90 col10=0.10 to10=0.00 min_d= 0.30 avg_spd=2.08m/s end=goal t= 4984.5s
[TRAIN][PPO] ep=261/500 r=  583.88 avg10=  567.26 steps=1418 succ10=0.90 touch10=0.90 col10=0.10 to10=0.00 min_d= 0.30 avg_spd=2.09m/s end=goal t= 5002.9s
[TRAIN][PPO] ep=262/500 r=  591.81 avg10=  595.18 steps=1445 succ10=1.00 touch10=1.00 col10=0.00 to10=0.00 min_d= 0.30 avg_spd=2.07m/s end=goal t= 5021.5s
[TRAIN][PPO] ep=263/500 r=  594.48 avg10=  594.95 steps=1452 succ10=1.00 touch10=1.00 col10=0.00 to10=0.00 min_d= 0.30 avg_spd=2.07m/s end=goal t= 5040.1s
[TRAIN][PPO] ep=264/500 r=  599.80 avg10=  595.28 steps=1469 succ10=1.00 touch10=1.00 col10=0.00 to10=0.00 min_d= 0.30 avg_spd=2.08m/s end=goal t= 5061.0s
[TRAIN][PPO] ep=265/500 r=  592.31 avg10=  594.17 steps=1439 succ10=1.00 touch10=1.00 col10=0.00 to10=0.00 min_d= 0.30 avg_spd=2.08m/s end=goal t= 5079.4s
[TRAIN][PPO] ep=266/500 r=  601.93 avg10=  595.31 steps=1483 succ10=1.00 touch10=1.00 col10=0.00 to10=0.00 min_d= 0.30 avg_spd=2.06m/s end=goal t= 5098.3s
[TRAIN][PPO] ep=267/500 r=  604.65 avg10=  596.55 steps=1498 succ10=1.00 touch10=1.00 col10=0.00 to10=0.00 min_d= 0.30 avg_spd=2.06m/s end=goal t= 5117.6s
[TRAIN][PPO] ep=268/500 r=  595.57 avg10=  596.66 steps=1454 succ10=1.00 touch10=1.00 col10=0.00 to10=0.00 min_d= 0.30 avg_spd=2.09m/s end=goal t= 5137.9s
[TRAIN][PPO] ep=269/500 r=  594.61 avg10=  595.69 steps=1452 succ10=1.00 touch10=1.00 col10=0.00 to10=0.00 min_d= 0.30 avg_spd=2.08m/s end=goal t= 5156.0s
[TRAIN][PPO] ep=270/500 r=  609.75 avg10=  596.88 steps=1513 succ10=1.00 touch10=1.00 col10=0.00 to10=0.00 min_d= 0.30 avg_spd=2.06m/s end=goal t= 5175.3s
[TRAIN][PPO] ep=271/500 r=  603.18 avg10=  598.81 steps=1479 succ10=1.00 touch10=1.00 col10=0.00 to10=0.00 min_d= 0.30 avg_spd=2.07m/s end=goal t= 5194.4s
[TRAIN][PPO] ep=272/500 r=  601.27 avg10=  599.76 steps=1472 succ10=1.00 touch10=1.00 col10=0.00 to10=0.00 min_d= 0.30 avg_spd=2.07m/s end=goal t= 5215.1s
[TRAIN][PPO] ep=273/500 r=  595.97 avg10=  599.90 steps=1454 succ10=1.00 touch10=1.00 col10=0.00 to10=0.00 min_d= 0.30 avg_spd=2.06m/s end=goal t= 5234.5s
[TRAIN][PPO] ep=274/500 r=  593.61 avg10=  599.29 steps=1443 succ10=1.00 touch10=1.00 col10=0.00 to10=0.00 min_d= 0.30 avg_spd=2.08m/s end=goal t= 5253.4s
[TRAIN][PPO] ep=275/500 r=  -32.44 avg10=  536.81 steps= 130 succ10=0.90 touch10=0.90 col10=0.10 to10=0.00 min_d= 3.81 avg_spd=2.02m/s end=collision t= 5255.2s
[TRAIN][PPO] ep=276/500 r=  287.03 avg10=  505.32 steps= 998 succ10=0.80 touch10=0.80 col10=0.20 to10=0.00 min_d= 1.44 avg_spd=2.05m/s end=collision t= 5269.4s
[TRAIN][PPO] ep=277/500 r=  -38.11 avg10=  441.04 steps=  47 succ10=0.70 touch10=0.70 col10=0.30 to10=0.00 min_d= 3.85 avg_spd=1.83m/s end=collision t= 5270.1s
[TRAIN][PPO] ep=278/500 r=  598.12 avg10=  441.30 steps=1462 succ10=0.70 touch10=0.70 col10=0.30 to10=0.00 min_d= 0.30 avg_spd=2.07m/s end=goal t= 5289.0s
[TRAIN][PPO] ep=279/500 r=  595.79 avg10=  441.42 steps=1445 succ10=0.70 touch10=0.70 col10=0.30 to10=0.00 min_d= 0.30 avg_spd=2.09m/s end=goal t= 5308.0s
[TRAIN][PPO] ep=280/500 r=  606.70 avg10=  441.11 steps=1486 succ10=0.70 touch10=0.70 col10=0.30 to10=0.00 min_d= 0.30 avg_spd=2.07m/s end=goal t= 5329.4s
[TRAIN][PPO] ep=281/500 r=  590.75 avg10=  439.87 steps=1441 succ10=0.70 touch10=0.70 col10=0.30 to10=0.00 min_d= 0.30 avg_spd=2.08m/s end=goal t= 5348.2s
[TRAIN][PPO] ep=282/500 r=  593.51 avg10=  439.09 steps=1444 succ10=0.70 touch10=0.70 col10=0.30 to10=0.00 min_d= 0.30 avg_spd=2.08m/s end=goal t= 5366.9s
[TRAIN][PPO] ep=283/500 r=  600.97 avg10=  439.59 steps=1469 succ10=0.70 touch10=0.70 col10=0.30 to10=0.00 min_d= 0.30 avg_spd=2.07m/s end=goal t= 5386.0s
[TRAIN][PPO] ep=284/500 r=  595.35 avg10=  439.77 steps=1443 succ10=0.70 touch10=0.70 col10=0.30 to10=0.00 min_d= 0.30 avg_spd=2.07m/s end=goal t= 5406.3s
[TRAIN][PPO] ep=285/500 r=  584.50 avg10=  501.46 steps=1422 succ10=0.80 touch10=0.80 col10=0.20 to10=0.00 min_d= 0.30 avg_spd=2.08m/s end=goal t= 5424.3s
[TRAIN][PPO] ep=286/500 r=  606.74 avg10=  533.43 steps=1480 succ10=0.90 touch10=0.90 col10=0.10 to10=0.00 min_d= 0.30 avg_spd=2.07m/s end=goal t= 5442.9s
[TRAIN][PPO] ep=287/500 r=  597.91 avg10=  597.03 steps=1456 succ10=1.00 touch10=1.00 col10=0.00 to10=0.00 min_d= 0.30 avg_spd=2.08m/s end=goal t= 5461.6s
[TRAIN][PPO] ep=288/500 r=  589.82 avg10=  596.20 steps=1433 succ10=1.00 touch10=1.00 col10=0.00 to10=0.00 min_d= 0.30 avg_spd=2.08m/s end=goal t= 5481.4s
[TRAIN][PPO] ep=289/500 r=  591.30 avg10=  595.76 steps=1448 succ10=1.00 touch10=1.00 col10=0.00 to10=0.00 min_d= 0.30 avg_spd=2.06m/s end=goal t= 5500.1s
[TRAIN][PPO] ep=290/500 r=  297.64 avg10=  564.85 steps=1029 succ10=0.90 touch10=0.90 col10=0.10 to10=0.00 min_d= 1.43 avg_spd=2.06m/s end=collision t= 5513.7s
[TRAIN][PPO] ep=291/500 r=  -28.91 avg10=  502.88 steps= 130 succ10=0.80 touch10=0.80 col10=0.20 to10=0.00 min_d= 3.82 avg_spd=2.03m/s end=collision t= 5515.4s
[TRAIN][PPO] ep=292/500 r=  292.04 avg10=  472.74 steps=1012 succ10=0.70 touch10=0.70 col10=0.30 to10=0.00 min_d= 1.42 avg_spd=2.08m/s end=collision t= 5530.0s
[TRAIN][PPO] ep=293/500 r=  595.80 avg10=  472.22 steps=1448 succ10=0.70 touch10=0.70 col10=0.30 to10=0.00 min_d= 0.30 avg_spd=2.07m/s end=goal t= 5548.2s
[TRAIN][PPO] ep=294/500 r=  589.24 avg10=  471.61 steps=1439 succ10=0.70 touch10=0.70 col10=0.30 to10=0.00 min_d= 0.30 avg_spd=2.08m/s end=goal t= 5565.9s
[TRAIN][PPO] ep=295/500 r=  582.38 avg10=  471.40 steps=1561 succ10=0.70 touch10=0.70 col10=0.30 to10=0.00 min_d= 0.30 avg_spd=2.07m/s end=goal t= 5585.5s
[TRAIN][PPO] ep=296/500 r=  597.47 avg10=  470.47 steps=1451 succ10=0.70 touch10=0.70 col10=0.30 to10=0.00 min_d= 0.30 avg_spd=2.07m/s end=goal t= 5607.5s
[TRAIN][PPO] ep=297/500 r=  599.71 avg10=  470.65 steps=1464 succ10=0.70 touch10=0.70 col10=0.30 to10=0.00 min_d= 0.30 avg_spd=2.08m/s end=goal t= 5626.3s
[TRAIN][PPO] ep=298/500 r=  281.48 avg10=  439.81 steps= 992 succ10=0.60 touch10=0.60 col10=0.40 to10=0.00 min_d= 1.40 avg_spd=2.07m/s end=collision t= 5638.8s
[TRAIN][PPO] ep=299/500 r=  594.84 avg10=  440.17 steps=1455 succ10=0.60 touch10=0.60 col10=0.40 to10=0.00 min_d= 0.30 avg_spd=2.08m/s end=goal t= 5657.4s
[TRAIN][PPO] ep=300/500 r=  -28.63 avg10=  407.54 steps= 137 succ10=0.60 touch10=0.60 col10=0.40 to10=0.00 min_d= 3.81 avg_spd=1.97m/s end=collision t= 5660.5s ckpt=latest
[TRAIN][PPO] ep=301/500 r=   60.64 avg10=  416.50 steps= 340 succ10=0.60 touch10=0.60 col10=0.40 to10=0.00 min_d= 3.03 avg_spd=2.08m/s end=collision t= 5665.0s
[TRAIN][PPO] ep=302/500 r=  586.49 avg10=  445.94 steps=1416 succ10=0.70 touch10=0.70 col10=0.30 to10=0.00 min_d= 0.30 avg_spd=2.08m/s end=goal t= 5683.1s
[TRAIN][PPO] ep=303/500 r=  607.96 avg10=  447.16 steps=1498 succ10=0.70 touch10=0.70 col10=0.30 to10=0.00 min_d= 0.30 avg_spd=2.07m/s end=goal t= 5702.7s
[TRAIN][PPO] ep=304/500 r=  594.65 avg10=  447.70 steps=1474 succ10=0.70 touch10=0.70 col10=0.30 to10=0.00 min_d= 0.30 avg_spd=2.07m/s end=goal t= 5723.1s
[TRAIN][PPO] ep=305/500 r=  601.66 avg10=  449.63 steps=1481 succ10=0.70 touch10=0.70 col10=0.30 to10=0.00 min_d= 0.30 avg_spd=2.06m/s end=goal t= 5742.6s
[TRAIN][PPO] ep=306/500 r=  598.23 avg10=  449.70 steps=1463 succ10=0.70 touch10=0.70 col10=0.30 to10=0.00 min_d= 0.30 avg_spd=2.07m/s end=goal t= 5761.3s
[TRAIN][PPO] ep=307/500 r=  290.67 avg10=  418.80 steps=1005 succ10=0.60 touch10=0.60 col10=0.40 to10=0.00 min_d= 1.44 avg_spd=2.07m/s end=collision t= 5774.4s
[TRAIN][PPO] ep=308/500 r=  602.45 avg10=  450.90 steps=1484 succ10=0.70 touch10=0.70 col10=0.30 to10=0.00 min_d= 0.30 avg_spd=2.05m/s end=goal t= 5794.9s
[TRAIN][PPO] ep=309/500 r=  602.46 avg10=  451.66 steps=1477 succ10=0.70 touch10=0.70 col10=0.30 to10=0.00 min_d= 0.30 avg_spd=2.05m/s end=goal t= 5813.8s
[TRAIN][PPO] ep=310/500 r=  -29.31 avg10=  451.59 steps= 145 succ10=0.70 touch10=0.70 col10=0.30 to10=0.00 min_d= 3.82 avg_spd=2.05m/s end=collision t= 5815.8s
[TRAIN][PPO] ep=311/500 r=  607.40 avg10=  506.27 steps=1511 succ10=0.80 touch10=0.80 col10=0.20 to10=0.00 min_d= 0.30 avg_spd=2.04m/s end=goal t= 5835.5s
[TRAIN][PPO] ep=312/500 r=  605.43 avg10=  508.16 steps=1485 succ10=0.80 touch10=0.80 col10=0.20 to10=0.00 min_d= 0.30 avg_spd=2.07m/s end=goal t= 5856.1s
[TRAIN][PPO] ep=313/500 r=  -36.67 avg10=  443.70 steps= 110 succ10=0.70 touch10=0.70 col10=0.30 to10=0.00 min_d= 3.80 avg_spd=1.89m/s end=collision t= 5857.5s
[TRAIN][PPO] ep=314/500 r=  601.57 avg10=  444.39 steps=1470 succ10=0.70 touch10=0.70 col10=0.30 to10=0.00 min_d= 0.30 avg_spd=2.07m/s end=goal t= 5876.1s
[TRAIN][PPO] ep=315/500 r=  -37.70 avg10=  380.45 steps=  43 succ10=0.60 touch10=0.60 col10=0.40 to10=0.00 min_d= 3.83 avg_spd=1.87m/s end=collision t= 5876.7s
[TRAIN][PPO] ep=316/500 r=  608.05 avg10=  381.44 steps=1487 succ10=0.60 touch10=0.60 col10=0.40 to10=0.00 min_d= 0.30 avg_spd=2.07m/s end=goal t= 5896.9s
[TRAIN][PPO] ep=317/500 r=  -38.76 avg10=  348.49 steps=  45 succ10=0.60 touch10=0.60 col10=0.40 to10=0.00 min_d= 3.84 avg_spd=2.02m/s end=collision t= 5897.5s
[TRAIN][PPO] ep=318/500 r=  302.49 avg10=  318.50 steps=1044 succ10=0.50 touch10=0.50 col10=0.50 to10=0.00 min_d= 1.40 avg_spd=2.07m/s end=collision t= 5910.3s
[TRAIN][PPO] ep=319/500 r=  597.91 avg10=  318.04 steps=1454 succ10=0.50 touch10=0.50 col10=0.50 to10=0.00 min_d= 0.30 avg_spd=2.08m/s end=goal t= 5928.1s
[TRAIN][PPO] ep=320/500 r=  589.39 avg10=  379.91 steps=1441 succ10=0.60 touch10=0.60 col10=0.40 to10=0.00 min_d= 0.30 avg_spd=2.06m/s end=goal t= 5947.0s
[TRAIN][PPO] ep=321/500 r=  -40.22 avg10=  315.15 steps=  56 succ10=0.50 touch10=0.50 col10=0.50 to10=0.00 min_d= 3.82 avg_spd=1.84m/s end=collision t= 5947.8s
[TRAIN][PPO] ep=322/500 r=  598.25 avg10=  314.43 steps=1480 succ10=0.50 touch10=0.50 col10=0.50 to10=0.00 min_d= 0.30 avg_spd=2.06m/s end=goal t= 5966.1s
[TRAIN][PPO] ep=323/500 r=  599.06 avg10=  378.00 steps=1482 succ10=0.60 touch10=0.60 col10=0.40 to10=0.00 min_d= 0.30 avg_spd=2.06m/s end=goal t= 5984.4s
[TRAIN][PPO] ep=324/500 r=  599.10 avg10=  377.76 steps=1463 succ10=0.60 touch10=0.60 col10=0.40 to10=0.00 min_d= 0.30 avg_spd=2.08m/s end=goal t= 6004.4s
[TRAIN][PPO] ep=325/500 r=  604.77 avg10=  442.01 steps=1479 succ10=0.70 touch10=0.70 col10=0.30 to10=0.00 min_d= 0.30 avg_spd=2.07m/s end=goal t= 6023.0s
[TRAIN][PPO] ep=326/500 r=  607.10 avg10=  441.91 steps=1495 succ10=0.70 touch10=0.70 col10=0.30 to10=0.00 min_d= 0.30 avg_spd=2.06m/s end=goal t= 6041.3s
[TRAIN][PPO] ep=327/500 r=  603.69 avg10=  506.15 steps=1483 succ10=0.80 touch10=0.80 col10=0.20 to10=0.00 min_d= 0.30 avg_spd=2.08m/s end=goal t= 6059.9s
[TRAIN][PPO] ep=328/500 r=  600.62 avg10=  535.97 steps=1474 succ10=0.90 touch10=0.90 col10=0.10 to10=0.00 min_d= 0.30 avg_spd=2.07m/s end=goal t= 6082.0s
[TRAIN][PPO] ep=329/500 r=  318.90 avg10=  508.07 steps=1142 succ10=0.80 touch10=0.80 col10=0.20 to10=0.00 min_d= 1.27 avg_spd=2.04m/s end=collision t= 6096.4s
[TRAIN][PPO] ep=330/500 r=  590.32 avg10=  508.16 steps=1433 succ10=0.80 touch10=0.80 col10=0.20 to10=0.00 min_d= 0.30 avg_spd=2.08m/s end=goal t= 6115.0s
[TRAIN][PPO] ep=331/500 r=  605.05 avg10=  572.69 steps=1506 succ10=0.90 touch10=0.90 col10=0.10 to10=0.00 min_d= 0.30 avg_spd=2.05m/s end=goal t= 6134.5s
[TRAIN][PPO] ep=332/500 r=  602.01 avg10=  573.06 steps=1469 succ10=0.90 touch10=0.90 col10=0.10 to10=0.00 min_d= 0.30 avg_spd=2.07m/s end=goal t= 6155.9s
[TRAIN][PPO] ep=333/500 r=  599.88 avg10=  573.14 steps=1486 succ10=0.90 touch10=0.90 col10=0.10 to10=0.00 min_d= 0.30 avg_spd=2.03m/s end=goal t= 6174.4s
[TRAIN][PPO] ep=334/500 r=  594.32 avg10=  572.67 steps=1454 succ10=0.90 touch10=0.90 col10=0.10 to10=0.00 min_d= 0.30 avg_spd=2.06m/s end=goal t= 6192.0s
[TRAIN][PPO] ep=335/500 r=  605.02 avg10=  572.69 steps=1481 succ10=0.90 touch10=0.90 col10=0.10 to10=0.00 min_d= 0.30 avg_spd=2.07m/s end=goal t= 6210.9s
[TRAIN][PPO] ep=336/500 r=  608.85 avg10=  572.87 steps=1502 succ10=0.90 touch10=0.90 col10=0.10 to10=0.00 min_d= 0.30 avg_spd=2.06m/s end=goal t= 6231.9s
[TRAIN][PPO] ep=337/500 r=  598.58 avg10=  572.35 steps=1470 succ10=0.90 touch10=0.90 col10=0.10 to10=0.00 min_d= 0.30 avg_spd=2.07m/s end=goal t= 6250.5s
[TRAIN][PPO] ep=338/500 r=  -23.51 avg10=  509.94 steps= 140 succ10=0.80 touch10=0.80 col10=0.20 to10=0.00 min_d= 3.82 avg_spd=1.94m/s end=collision t= 6252.3s
[TRAIN][PPO] ep=339/500 r=  601.55 avg10=  538.21 steps=1476 succ10=0.90 touch10=0.90 col10=0.10 to10=0.00 min_d= 0.30 avg_spd=2.07m/s end=goal t= 6271.1s
[TRAIN][PPO] ep=340/500 r=  599.58 avg10=  539.13 steps=1464 succ10=0.90 touch10=0.90 col10=0.10 to10=0.00 min_d= 0.30 avg_spd=2.07m/s end=goal t= 6291.8s
[TRAIN][PPO] ep=341/500 r=  574.34 avg10=  536.06 steps=1568 succ10=0.90 touch10=0.90 col10=0.10 to10=0.00 min_d= 0.30 avg_spd=2.05m/s end=goal t= 6311.6s
[TRAIN][PPO] ep=342/500 r=  592.04 avg10=  535.07 steps=1457 succ10=0.90 touch10=0.90 col10=0.10 to10=0.00 min_d= 0.30 avg_spd=2.06m/s end=goal t= 6330.3s
[TRAIN][PPO] ep=343/500 r=  -43.60 avg10=  470.72 steps=  24 succ10=0.80 touch10=0.80 col10=0.20 to10=0.00 min_d= 3.84 avg_spd=1.68m/s end=collision t= 6330.7s
[TRAIN][PPO] ep=344/500 r=  612.77 avg10=  472.56 steps=1527 succ10=0.80 touch10=0.80 col10=0.20 to10=0.00 min_d= 0.30 avg_spd=2.04m/s end=goal t= 6351.5s
[TRAIN][PPO] ep=345/500 r=  587.61 avg10=  470.82 steps=1606 succ10=0.80 touch10=0.80 col10=0.20 to10=0.00 min_d= 0.30 avg_spd=2.06m/s end=goal t= 6372.4s
[TRAIN][PPO] ep=346/500 r=  -39.03 avg10=  406.03 steps=  52 succ10=0.70 touch10=0.70 col10=0.30 to10=0.00 min_d= 3.82 avg_spd=1.99m/s end=collision t= 6373.1s
[TRAIN][PPO] ep=347/500 r=  600.92 avg10=  406.27 steps=1494 succ10=0.70 touch10=0.70 col10=0.30 to10=0.00 min_d= 0.30 avg_spd=2.04m/s end=goal t= 6392.8s
[TRAIN][PPO] ep=348/500 r=  587.85 avg10=  467.40 steps=1467 succ10=0.80 touch10=0.80 col10=0.20 to10=0.00 min_d= 0.30 avg_spd=2.06m/s end=goal t= 6413.7s
[TRAIN][PPO] ep=349/500 r=  598.21 avg10=  467.07 steps=1473 succ10=0.80 touch10=0.80 col10=0.20 to10=0.00 min_d= 0.30 avg_spd=2.08m/s end=goal t= 6432.9s
[TRAIN][PPO] ep=350/500 r=  604.48 avg10=  467.56 steps=1498 succ10=0.80 touch10=0.80 col10=0.20 to10=0.00 min_d= 0.30 avg_spd=2.06m/s end=goal t= 6452.4s
[TRAIN][PPO] ep=351/500 r=  604.91 avg10=  470.62 steps=1500 succ10=0.80 touch10=0.80 col10=0.20 to10=0.00 min_d= 0.30 avg_spd=2.07m/s end=goal t= 6472.0s
[TRAIN][PPO] ep=352/500 r=  602.56 avg10=  471.67 steps=1485 succ10=0.80 touch10=0.80 col10=0.20 to10=0.00 min_d= 0.30 avg_spd=2.05m/s end=goal t= 6493.0s
[TRAIN][PPO] ep=353/500 r=  578.38 avg10=  533.87 steps=1609 succ10=0.90 touch10=0.90 col10=0.10 to10=0.00 min_d= 0.30 avg_spd=2.04m/s end=goal t= 6514.0s
[TRAIN][PPO] ep=354/500 r=  603.81 avg10=  532.97 steps=1485 succ10=0.90 touch10=0.90 col10=0.10 to10=0.00 min_d= 0.30 avg_spd=2.07m/s end=goal t= 6533.3s
[TRAIN][PPO] ep=355/500 r=  602.45 avg10=  534.45 steps=1471 succ10=0.90 touch10=0.90 col10=0.10 to10=0.00 min_d= 0.30 avg_spd=2.05m/s end=goal t= 6552.6s
[TRAIN][PPO] ep=356/500 r=  -41.74 avg10=  534.18 steps=  41 succ10=0.90 touch10=0.90 col10=0.10 to10=0.00 min_d= 3.83 avg_spd=2.04m/s end=collision t= 6554.6s
[TRAIN][PPO] ep=357/500 r=  594.66 avg10=  533.56 steps=1466 succ10=0.90 touch10=0.90 col10=0.10 to10=0.00 min_d= 0.30 avg_spd=2.04m/s end=goal t= 6573.6s
[TRAIN][PPO] ep=358/500 r=  596.92 avg10=  534.46 steps=1460 succ10=0.90 touch10=0.90 col10=0.10 to10=0.00 min_d= 0.30 avg_spd=2.04m/s end=goal t= 6592.9s
[TRAIN][PPO] ep=359/500 r=  597.34 avg10=  534.38 steps=1474 succ10=0.90 touch10=0.90 col10=0.10 to10=0.00 min_d= 0.30 avg_spd=2.06m/s end=goal t= 6612.3s
[TRAIN][PPO] ep=360/500 r=  606.56 avg10=  534.59 steps=1493 succ10=0.90 touch10=0.90 col10=0.10 to10=0.00 min_d= 0.30 avg_spd=2.05m/s end=goal t= 6633.2s
[TRAIN][PPO] ep=361/500 r=  611.96 avg10=  535.29 steps=1503 succ10=0.90 touch10=0.90 col10=0.10 to10=0.00 min_d= 0.30 avg_spd=2.05m/s end=goal t= 6653.0s
[TRAIN][PPO] ep=362/500 r=  598.61 avg10=  534.89 steps=1564 succ10=0.90 touch10=0.90 col10=0.10 to10=0.00 min_d= 0.30 avg_spd=2.05m/s end=goal t= 6673.7s
[TRAIN][PPO] ep=363/500 r=  592.88 avg10=  536.34 steps=1479 succ10=0.90 touch10=0.90 col10=0.10 to10=0.00 min_d= 0.30 avg_spd=2.05m/s end=goal t= 6693.1s
[TRAIN][PPO] ep=364/500 r=  600.30 avg10=  535.99 steps=1465 succ10=0.90 touch10=0.90 col10=0.10 to10=0.00 min_d= 0.30 avg_spd=2.08m/s end=goal t= 6713.9s
[TRAIN][PPO] ep=365/500 r=  602.66 avg10=  536.01 steps=1474 succ10=0.90 touch10=0.90 col10=0.10 to10=0.00 min_d= 0.30 avg_spd=2.04m/s end=goal t= 6733.2s
[TRAIN][PPO] ep=366/500 r=  599.23 avg10=  600.11 steps=1470 succ10=1.00 touch10=1.00 col10=0.00 to10=0.00 min_d= 0.30 avg_spd=2.03m/s end=goal t= 6752.5s
[TRAIN][PPO] ep=367/500 r=  595.51 avg10=  600.20 steps=1447 succ10=1.00 touch10=1.00 col10=0.00 to10=0.00 min_d= 0.30 avg_spd=2.07m/s end=goal t= 6771.6s
[TRAIN][PPO] ep=368/500 r=  595.77 avg10=  600.08 steps=1467 succ10=1.00 touch10=1.00 col10=0.00 to10=0.00 min_d= 0.30 avg_spd=2.04m/s end=goal t= 6792.6s
[TRAIN][PPO] ep=369/500 r=  596.12 avg10=  599.96 steps=1494 succ10=1.00 touch10=1.00 col10=0.00 to10=0.00 min_d= 0.30 avg_spd=2.06m/s end=goal t= 6812.0s
[TRAIN][PPO] ep=370/500 r=  610.48 avg10=  600.35 steps=1498 succ10=1.00 touch10=1.00 col10=0.00 to10=0.00 min_d= 0.30 avg_spd=2.03m/s end=goal t= 6830.6s
[TRAIN][PPO] ep=371/500 r=  604.52 avg10=  599.61 steps=1472 succ10=1.00 touch10=1.00 col10=0.00 to10=0.00 min_d= 0.30 avg_spd=2.05m/s end=goal t= 6849.6s
[TRAIN][PPO] ep=372/500 r=  612.31 avg10=  600.98 steps=1505 succ10=1.00 touch10=1.00 col10=0.00 to10=0.00 min_d= 0.30 avg_spd=2.05m/s end=goal t= 6869.8s
[TRAIN][PPO] ep=373/500 r=  597.29 avg10=  601.42 steps=1564 succ10=1.00 touch10=1.00 col10=0.00 to10=0.00 min_d= 0.30 avg_spd=2.07m/s end=goal t= 6890.4s
[TRAIN][PPO] ep=374/500 r=  287.80 avg10=  570.17 steps=1000 succ10=0.90 touch10=0.90 col10=0.10 to10=0.00 min_d= 1.39 avg_spd=2.04m/s end=collision t= 6903.3s
[TRAIN][PPO] ep=375/500 r=  596.83 avg10=  569.59 steps=1455 succ10=0.90 touch10=0.90 col10=0.10 to10=0.00 min_d= 0.30 avg_spd=2.05m/s end=goal t= 6922.5s
[TRAIN][PPO] ep=376/500 r=  606.01 avg10=  570.26 steps=1482 succ10=0.90 touch10=0.90 col10=0.10 to10=0.00 min_d= 0.30 avg_spd=2.04m/s end=goal t= 6942.9s
[TRAIN][PPO] ep=377/500 r=  606.58 avg10=  571.37 steps=1491 succ10=0.90 touch10=0.90 col10=0.10 to10=0.00 min_d= 0.30 avg_spd=2.05m/s end=goal t= 6962.3s
[TRAIN][PPO] ep=378/500 r=  598.80 avg10=  571.67 steps=1489 succ10=0.90 touch10=0.90 col10=0.10 to10=0.00 min_d= 0.30 avg_spd=2.04m/s end=goal t= 6981.5s
[TRAIN][PPO] ep=379/500 r=  597.27 avg10=  571.79 steps=1474 succ10=0.90 touch10=0.90 col10=0.10 to10=0.00 min_d= 0.30 avg_spd=2.05m/s end=goal t= 7000.4s
[TRAIN][PPO] ep=380/500 r=  611.60 avg10=  571.90 steps=1507 succ10=0.90 touch10=0.90 col10=0.10 to10=0.00 min_d= 0.30 avg_spd=2.05m/s end=goal t= 7022.0s
[TRAIN][PPO] ep=381/500 r=  602.75 avg10=  571.72 steps=1483 succ10=0.90 touch10=0.90 col10=0.10 to10=0.00 min_d= 0.30 avg_spd=2.03m/s end=goal t= 7041.7s
[TRAIN][PPO] ep=382/500 r=  597.43 avg10=  570.24 steps=1467 succ10=0.90 touch10=0.90 col10=0.10 to10=0.00 min_d= 0.30 avg_spd=2.06m/s end=goal t= 7060.8s
[TRAIN][PPO] ep=383/500 r=  607.46 avg10=  571.25 steps=1499 succ10=0.90 touch10=0.90 col10=0.10 to10=0.00 min_d= 0.30 avg_spd=2.06m/s end=goal t= 7080.4s
[TRAIN][PPO] ep=384/500 r=  -40.19 avg10=  538.45 steps=  37 succ10=0.90 touch10=0.90 col10=0.10 to10=0.00 min_d= 3.83 avg_spd=1.62m/s end=collision t= 7082.5s
[TRAIN][PPO] ep=385/500 r=  601.05 avg10=  538.88 steps=1482 succ10=0.90 touch10=0.90 col10=0.10 to10=0.00 min_d= 0.30 avg_spd=2.06m/s end=goal t= 7101.9s
[TRAIN][PPO] ep=386/500 r=  595.10 avg10=  537.78 steps=1455 succ10=0.90 touch10=0.90 col10=0.10 to10=0.00 min_d= 0.30 avg_spd=2.07m/s end=goal t= 7120.7s
[TRAIN][PPO] ep=387/500 r=  610.12 avg10=  538.14 steps=1494 succ10=0.90 touch10=0.90 col10=0.10 to10=0.00 min_d= 0.30 avg_spd=2.06m/s end=goal t= 7139.5s
[TRAIN][PPO] ep=388/500 r=  602.54 avg10=  538.51 steps=1476 succ10=0.90 touch10=0.90 col10=0.10 to10=0.00 min_d= 0.30 avg_spd=2.07m/s end=goal t= 7161.2s
[TRAIN][PPO] ep=389/500 r=  -38.39 avg10=  474.95 steps=  53 succ10=0.80 touch10=0.80 col10=0.20 to10=0.00 min_d= 3.83 avg_spd=2.02m/s end=collision t= 7162.0s
[TRAIN][PPO] ep=390/500 r=  608.06 avg10=  474.59 steps=1493 succ10=0.80 touch10=0.80 col10=0.20 to10=0.00 min_d= 0.30 avg_spd=2.05m/s end=goal t= 7181.5s
[TRAIN][PPO] ep=391/500 r=   82.13 avg10=  422.53 steps= 416 succ10=0.70 touch10=0.70 col10=0.30 to10=0.00 min_d= 3.02 avg_spd=2.05m/s end=collision t= 7187.1s
[TRAIN][PPO] ep=392/500 r=  606.15 avg10=  423.40 steps=1498 succ10=0.70 touch10=0.70 col10=0.30 to10=0.00 min_d= 0.30 avg_spd=2.05m/s end=goal t= 7207.6s
[TRAIN][PPO] ep=393/500 r=  593.98 avg10=  422.05 steps=1454 succ10=0.70 touch10=0.70 col10=0.30 to10=0.00 min_d= 0.30 avg_spd=2.06m/s end=goal t= 7226.2s
[TRAIN][PPO] ep=394/500 r=  607.61 avg10=  486.83 steps=1505 succ10=0.80 touch10=0.80 col10=0.20 to10=0.00 min_d= 0.30 avg_spd=2.05m/s end=goal t= 7245.8s
[TRAIN][PPO] ep=395/500 r=  607.88 avg10=  487.52 steps=1515 succ10=0.80 touch10=0.80 col10=0.20 to10=0.00 min_d= 0.30 avg_spd=2.04m/s end=goal t= 7265.5s
[TRAIN][PPO] ep=396/500 r=  604.59 avg10=  488.47 steps=1507 succ10=0.80 touch10=0.80 col10=0.20 to10=0.00 min_d= 0.30 avg_spd=2.05m/s end=goal t= 7287.2s
[TRAIN][PPO] ep=397/500 r=  616.32 avg10=  489.09 steps=1541 succ10=0.80 touch10=0.80 col10=0.20 to10=0.00 min_d= 0.30 avg_spd=2.03m/s end=goal t= 7307.0s
[TRAIN][PPO] ep=398/500 r=  593.06 avg10=  488.14 steps=1451 succ10=0.80 touch10=0.80 col10=0.20 to10=0.00 min_d= 0.30 avg_spd=2.06m/s end=goal t= 7326.1s
[TRAIN][PPO] ep=399/500 r=  296.63 avg10=  521.64 steps=1032 succ10=0.80 touch10=0.80 col10=0.20 to10=0.00 min_d= 1.44 avg_spd=2.05m/s end=collision t= 7339.8s
[TRAIN][PPO] ep=400/500 r=  593.57 avg10=  520.19 steps=1482 succ10=0.80 touch10=0.80 col10=0.20 to10=0.00 min_d= 0.30 avg_spd=2.05m/s end=goal t= 7360.8s ckpt=latest
[TRAIN][PPO] ep=401/500 r=  599.19 avg10=  571.90 steps=1463 succ10=0.90 touch10=0.90 col10=0.10 to10=0.00 min_d= 0.30 avg_spd=2.06m/s end=goal t= 7380.0s
[TRAIN][PPO] ep=402/500 r=  603.33 avg10=  571.62 steps=1489 succ10=0.90 touch10=0.90 col10=0.10 to10=0.00 min_d= 0.30 avg_spd=2.06m/s end=goal t= 7399.6s
[TRAIN][PPO] ep=403/500 r=  595.65 avg10=  571.78 steps=1465 succ10=0.90 touch10=0.90 col10=0.10 to10=0.00 min_d= 0.30 avg_spd=2.04m/s end=goal t= 7418.9s
[TRAIN][PPO] ep=404/500 r=  607.21 avg10=  571.74 steps=1608 succ10=0.90 touch10=0.90 col10=0.10 to10=0.00 min_d= 0.30 avg_spd=2.03m/s end=goal t= 7443.2s
[TRAIN][PPO] ep=405/500 r=  597.31 avg10=  570.69 steps=1487 succ10=0.90 touch10=0.90 col10=0.10 to10=0.00 min_d= 0.30 avg_spd=2.05m/s end=goal t= 7462.5s
[TRAIN][PPO] ep=406/500 r=  588.71 avg10=  569.10 steps=1433 succ10=0.90 touch10=0.90 col10=0.10 to10=0.00 min_d= 0.30 avg_spd=2.07m/s end=goal t= 7481.4s
[TRAIN][PPO] ep=407/500 r=  607.49 avg10=  568.22 steps=1505 succ10=0.90 touch10=0.90 col10=0.10 to10=0.00 min_d= 0.30 avg_spd=2.04m/s end=goal t= 7501.2s
[TRAIN][PPO] ep=408/500 r=  606.77 avg10=  569.59 steps=1494 succ10=0.90 touch10=0.90 col10=0.10 to10=0.00 min_d= 0.30 avg_spd=2.04m/s end=goal t= 7523.6s
[TRAIN][PPO] ep=409/500 r=  596.17 avg10=  599.54 steps=1460 succ10=1.00 touch10=1.00 col10=0.00 to10=0.00 min_d= 0.30 avg_spd=2.05m/s end=goal t= 7542.7s
[TRAIN][PPO] ep=410/500 r=  605.96 avg10=  600.78 steps=1487 succ10=1.00 touch10=1.00 col10=0.00 to10=0.00 min_d= 0.30 avg_spd=2.06m/s end=goal t= 7562.3s
[TRAIN][PPO] ep=411/500 r=  -44.51 avg10=  536.41 steps=  22 succ10=0.90 touch10=0.90 col10=0.10 to10=0.00 min_d= 3.84 avg_spd=1.94m/s end=collision t= 7562.7s
[TRAIN][PPO] ep=412/500 r=  595.02 avg10=  535.58 steps=1460 succ10=0.90 touch10=0.90 col10=0.10 to10=0.00 min_d= 0.30 avg_spd=2.05m/s end=goal t= 7583.2s
[TRAIN][PPO] ep=413/500 r=  600.07 avg10=  536.02 steps=1578 succ10=0.90 touch10=0.90 col10=0.10 to10=0.00 min_d= 0.30 avg_spd=2.05m/s end=goal t= 7603.9s
[TRAIN][PPO] ep=414/500 r=   74.08 avg10=  482.71 steps= 399 succ10=0.80 touch10=0.80 col10=0.20 to10=0.00 min_d= 3.07 avg_spd=2.00m/s end=collision t= 7609.2s
[TRAIN][PPO] ep=415/500 r=  598.90 avg10=  482.87 steps=1484 succ10=0.80 touch10=0.80 col10=0.20 to10=0.00 min_d= 0.30 avg_spd=2.04m/s end=goal t= 7628.8s
[TRAIN][PPO] ep=416/500 r=  606.61 avg10=  484.66 steps=1495 succ10=0.80 touch10=0.80 col10=0.20 to10=0.00 min_d= 0.30 avg_spd=2.04m/s end=goal t= 7650.0s
[TRAIN][PPO] ep=417/500 r=  596.80 avg10=  483.59 steps=1461 succ10=0.80 touch10=0.80 col10=0.20 to10=0.00 min_d= 0.30 avg_spd=2.04m/s end=goal t= 7668.9s
[TRAIN][PPO] ep=418/500 r=  606.21 avg10=  483.53 steps=1502 succ10=0.80 touch10=0.80 col10=0.20 to10=0.00 min_d= 0.30 avg_spd=2.05m/s end=goal t= 7688.4s
[TRAIN][PPO] ep=419/500 r=  610.60 avg10=  484.97 steps=1512 succ10=0.80 touch10=0.80 col10=0.20 to10=0.00 min_d= 0.30 avg_spd=2.04m/s end=goal t= 7708.1s
[TRAIN][PPO] ep=420/500 r=  611.89 avg10=  485.57 steps=1526 succ10=0.80 touch10=0.80 col10=0.20 to10=0.00 min_d= 0.30 avg_spd=2.05m/s end=goal t= 7729.8s
[TRAIN][PPO] ep=421/500 r=  602.18 avg10=  550.24 steps=1490 succ10=0.90 touch10=0.90 col10=0.10 to10=0.00 min_d= 0.30 avg_spd=2.04m/s end=goal t= 7749.4s
[TRAIN][PPO] ep=422/500 r=  584.23 avg10=  549.16 steps=1581 succ10=0.90 touch10=0.90 col10=0.10 to10=0.00 min_d= 0.30 avg_spd=2.04m/s end=goal t= 7770.0s
[TRAIN][PPO] ep=423/500 r=  593.95 avg10=  548.55 steps=1464 succ10=0.90 touch10=0.90 col10=0.10 to10=0.00 min_d= 0.30 avg_spd=2.05m/s end=goal t= 7789.2s
[TRAIN][PPO] ep=424/500 r=  604.49 avg10=  601.59 steps=1491 succ10=1.00 touch10=1.00 col10=0.00 to10=0.00 min_d= 0.30 avg_spd=2.06m/s end=goal t= 7810.8s
[TRAIN][PPO] ep=425/500 r=  605.01 avg10=  602.20 steps=1494 succ10=1.00 touch10=1.00 col10=0.00 to10=0.00 min_d= 0.30 avg_spd=2.05m/s end=goal t= 7830.6s
[TRAIN][PPO] ep=426/500 r=  608.49 avg10=  602.38 steps=1506 succ10=1.00 touch10=1.00 col10=0.00 to10=0.00 min_d= 0.30 avg_spd=2.06m/s end=goal t= 7850.1s
[TRAIN][PPO] ep=427/500 r=  584.46 avg10=  601.15 steps=1610 succ10=1.00 touch10=1.00 col10=0.00 to10=0.00 min_d= 0.30 avg_spd=2.03m/s end=goal t= 7870.9s
[TRAIN][PPO] ep=428/500 r=  599.24 avg10=  600.45 steps=1479 succ10=1.00 touch10=1.00 col10=0.00 to10=0.00 min_d= 0.30 avg_spd=2.05m/s end=goal t= 7892.2s
[TRAIN][PPO] ep=429/500 r=  606.70 avg10=  600.06 steps=1508 succ10=1.00 touch10=1.00 col10=0.00 to10=0.00 min_d= 0.30 avg_spd=2.06m/s end=goal t= 7911.8s
[TRAIN][PPO] ep=430/500 r=  591.86 avg10=  598.06 steps=1460 succ10=1.00 touch10=1.00 col10=0.00 to10=0.00 min_d= 0.30 avg_spd=2.05m/s end=goal t= 7930.8s
[TRAIN][PPO] ep=431/500 r=  597.44 avg10=  597.59 steps=1477 succ10=1.00 touch10=1.00 col10=0.00 to10=0.00 min_d= 0.30 avg_spd=2.05m/s end=goal t= 7950.3s
[TRAIN][PPO] ep=432/500 r=  598.31 avg10=  599.00 steps=1476 succ10=1.00 touch10=1.00 col10=0.00 to10=0.00 min_d= 0.30 avg_spd=2.07m/s end=goal t= 7971.6s
[TRAIN][PPO] ep=433/500 r=  612.47 avg10=  600.85 steps=1503 succ10=1.00 touch10=1.00 col10=0.00 to10=0.00 min_d= 0.30 avg_spd=2.05m/s end=goal t= 7990.9s
[TRAIN][PPO] ep=434/500 r=  596.90 avg10=  600.09 steps=1471 succ10=1.00 touch10=1.00 col10=0.00 to10=0.00 min_d= 0.30 avg_spd=2.07m/s end=goal t= 8010.0s
[TRAIN][PPO] ep=435/500 r=  602.07 avg10=  599.80 steps=1485 succ10=1.00 touch10=1.00 col10=0.00 to10=0.00 min_d= 0.30 avg_spd=2.06m/s end=goal t= 8029.7s
[TRAIN][PPO] ep=436/500 r=  608.17 avg10=  599.76 steps=1497 succ10=1.00 touch10=1.00 col10=0.00 to10=0.00 min_d= 0.30 avg_spd=2.04m/s end=goal t= 8051.8s
[TRAIN][PPO] ep=437/500 r=  607.12 avg10=  602.03 steps=1494 succ10=1.00 touch10=1.00 col10=0.00 to10=0.00 min_d= 0.30 avg_spd=2.07m/s end=goal t= 8071.3s
[TRAIN][PPO] ep=438/500 r=  606.75 avg10=  602.78 steps=1510 succ10=1.00 touch10=1.00 col10=0.00 to10=0.00 min_d= 0.30 avg_spd=2.05m/s end=goal t= 8091.3s
[TRAIN][PPO] ep=439/500 r=  599.81 avg10=  602.09 steps=1470 succ10=1.00 touch10=1.00 col10=0.00 to10=0.00 min_d= 0.30 avg_spd=2.05m/s end=goal t= 8110.7s
[TRAIN][PPO] ep=440/500 r=  592.77 avg10=  602.18 steps=1475 succ10=1.00 touch10=1.00 col10=0.00 to10=0.00 min_d= 0.30 avg_spd=2.06m/s end=goal t= 8133.6s
[TRAIN][PPO] ep=441/500 r=  593.46 avg10=  601.78 steps=1577 succ10=1.00 touch10=1.00 col10=0.00 to10=0.00 min_d= 0.30 avg_spd=2.05m/s end=goal t= 8154.5s
[TRAIN][PPO] ep=442/500 r=  592.65 avg10=  601.22 steps=1455 succ10=1.00 touch10=1.00 col10=0.00 to10=0.00 min_d= 0.30 avg_spd=2.05m/s end=goal t= 8173.9s
[TRAIN][PPO] ep=443/500 r=  608.50 avg10=  600.82 steps=1498 succ10=1.00 touch10=1.00 col10=0.00 to10=0.00 min_d= 0.30 avg_spd=2.06m/s end=goal t= 8193.7s
[TRAIN][PPO] ep=444/500 r=  613.61 avg10=  602.49 steps=1510 succ10=1.00 touch10=1.00 col10=0.00 to10=0.00 min_d= 0.30 avg_spd=2.04m/s end=goal t= 8214.9s
[TRAIN][PPO] ep=445/500 r=  606.07 avg10=  602.89 steps=1491 succ10=1.00 touch10=1.00 col10=0.00 to10=0.00 min_d= 0.30 avg_spd=2.05m/s end=goal t= 8234.2s
[TRAIN][PPO] ep=446/500 r=  601.06 avg10=  602.18 steps=1477 succ10=1.00 touch10=1.00 col10=0.00 to10=0.00 min_d= 0.30 avg_spd=2.07m/s end=goal t= 8253.7s
[TRAIN][PPO] ep=447/500 r=  599.70 avg10=  601.44 steps=1476 succ10=1.00 touch10=1.00 col10=0.00 to10=0.00 min_d= 0.30 avg_spd=2.04m/s end=goal t= 8272.9s
[TRAIN][PPO] ep=448/500 r=  599.62 avg10=  600.73 steps=1475 succ10=1.00 touch10=1.00 col10=0.00 to10=0.00 min_d= 0.30 avg_spd=2.06m/s end=goal t= 8294.2s
[TRAIN][PPO] ep=449/500 r=  593.63 avg10=  600.11 steps=1458 succ10=1.00 touch10=1.00 col10=0.00 to10=0.00 min_d= 0.30 avg_spd=2.04m/s end=goal t= 8312.8s
[TRAIN][PPO] ep=450/500 r=  610.40 avg10=  601.87 steps=1508 succ10=1.00 touch10=1.00 col10=0.00 to10=0.00 min_d= 0.30 avg_spd=2.06m/s end=goal t= 8332.2s
[TRAIN][PPO] ep=451/500 r=  614.01 avg10=  603.92 steps=1510 succ10=1.00 touch10=1.00 col10=0.00 to10=0.00 min_d= 0.30 avg_spd=2.05m/s end=goal t= 8351.5s
[TRAIN][PPO] ep=452/500 r=  595.91 avg10=  604.25 steps=1463 succ10=1.00 touch10=1.00 col10=0.00 to10=0.00 min_d= 0.30 avg_spd=2.06m/s end=goal t= 8372.1s
[TRAIN][PPO] ep=453/500 r=  598.37 avg10=  603.24 steps=1493 succ10=1.00 touch10=1.00 col10=0.00 to10=0.00 min_d= 0.30 avg_spd=2.03m/s end=goal t= 8391.3s
[TRAIN][PPO] ep=454/500 r=  604.64 avg10=  602.34 steps=1510 succ10=1.00 touch10=1.00 col10=0.00 to10=0.00 min_d= 0.30 avg_spd=2.07m/s end=goal t= 8410.7s
[TRAIN][PPO] ep=455/500 r=  595.16 avg10=  601.25 steps=1471 succ10=1.00 touch10=1.00 col10=0.00 to10=0.00 min_d= 0.30 avg_spd=2.05m/s end=goal t= 8429.5s
[TRAIN][PPO] ep=456/500 r=  594.64 avg10=  600.61 steps=1497 succ10=1.00 touch10=1.00 col10=0.00 to10=0.00 min_d= 0.30 avg_spd=2.03m/s end=goal t= 8450.7s
[TRAIN][PPO] ep=457/500 r=  593.36 avg10=  599.97 steps=1560 succ10=1.00 touch10=1.00 col10=0.00 to10=0.00 min_d= 0.30 avg_spd=2.06m/s end=goal t= 8470.5s
[TRAIN][PPO] ep=458/500 r=  584.33 avg10=  598.44 steps=1637 succ10=1.00 touch10=1.00 col10=0.00 to10=0.00 min_d= 0.30 avg_spd=2.06m/s end=goal t= 8491.3s
[TRAIN][PPO] ep=459/500 r=  599.10 avg10=  598.99 steps=1480 succ10=1.00 touch10=1.00 col10=0.00 to10=0.00 min_d= 0.30 avg_spd=2.04m/s end=goal t= 8510.3s
[TRAIN][PPO] ep=460/500 r=  600.91 avg10=  598.04 steps=1469 succ10=1.00 touch10=1.00 col10=0.00 to10=0.00 min_d= 0.30 avg_spd=2.08m/s end=goal t= 8531.3s
[TRAIN][PPO] ep=461/500 r=  563.14 avg10=  592.96 steps=1594 succ10=1.00 touch10=1.00 col10=0.00 to10=0.00 min_d= 0.30 avg_spd=2.05m/s end=goal t= 8552.0s
[TRAIN][PPO] ep=462/500 r=  585.44 avg10=  591.91 steps=1575 succ10=1.00 touch10=1.00 col10=0.00 to10=0.00 min_d= 0.30 avg_spd=2.05m/s end=goal t= 8571.5s
[TRAIN][PPO] ep=463/500 r=  592.79 avg10=  591.35 steps=1461 succ10=1.00 touch10=1.00 col10=0.00 to10=0.00 min_d= 0.30 avg_spd=2.06m/s end=goal t= 8590.3s
[TRAIN][PPO] ep=464/500 r=  595.29 avg10=  590.42 steps=1459 succ10=1.00 touch10=1.00 col10=0.00 to10=0.00 min_d= 0.30 avg_spd=2.06m/s end=goal t= 8610.7s
[TRAIN][PPO] ep=465/500 r=  588.30 avg10=  589.73 steps=1447 succ10=1.00 touch10=1.00 col10=0.00 to10=0.00 min_d= 0.30 avg_spd=2.07m/s end=goal t= 8628.5s
[TRAIN][PPO] ep=466/500 r=  588.92 avg10=  589.16 steps=1455 succ10=1.00 touch10=1.00 col10=0.00 to10=0.00 min_d= 0.30 avg_spd=2.07m/s end=goal t= 8646.1s
[TRAIN][PPO] ep=467/500 r=  602.84 avg10=  590.11 steps=1483 succ10=1.00 touch10=1.00 col10=0.00 to10=0.00 min_d= 0.30 avg_spd=2.06m/s end=goal t= 8665.2s
[TRAIN][PPO] ep=468/500 r=  601.07 avg10=  591.78 steps=1499 succ10=1.00 touch10=1.00 col10=0.00 to10=0.00 min_d= 0.30 avg_spd=2.04m/s end=goal t= 8686.3s
[TRAIN][PPO] ep=469/500 r=  -33.12 avg10=  528.56 steps=  62 succ10=0.90 touch10=0.90 col10=0.10 to10=0.00 min_d= 3.85 avg_spd=2.02m/s end=collision t= 8687.2s
[TRAIN][PPO] ep=470/500 r=  599.66 avg10=  528.43 steps=1485 succ10=0.90 touch10=0.90 col10=0.10 to10=0.00 min_d= 0.30 avg_spd=2.05m/s end=goal t= 8706.0s
[TRAIN][PPO] ep=471/500 r=  590.32 avg10=  531.15 steps=1460 succ10=0.90 touch10=0.90 col10=0.10 to10=0.00 min_d= 0.30 avg_spd=2.06m/s end=goal t= 8724.4s
[TRAIN][PPO] ep=472/500 r=  590.62 avg10=  531.67 steps=1465 succ10=0.90 touch10=0.90 col10=0.10 to10=0.00 min_d= 0.30 avg_spd=2.06m/s end=goal t= 8744.7s
[TRAIN][PPO] ep=473/500 r=  614.86 avg10=  533.87 steps=1520 succ10=0.90 touch10=0.90 col10=0.10 to10=0.00 min_d= 0.30 avg_spd=2.05m/s end=goal t= 8763.7s
[TRAIN][PPO] ep=474/500 r=  609.45 avg10=  535.29 steps=1503 succ10=0.90 touch10=0.90 col10=0.10 to10=0.00 min_d= 0.30 avg_spd=2.07m/s end=goal t= 8782.9s
[TRAIN][PPO] ep=475/500 r=  592.96 avg10=  535.76 steps=1456 succ10=0.90 touch10=0.90 col10=0.10 to10=0.00 min_d= 0.30 avg_spd=2.05m/s end=goal t= 8801.2s
[TRAIN][PPO] ep=476/500 r=  602.40 avg10=  537.11 steps=1495 succ10=0.90 touch10=0.90 col10=0.10 to10=0.00 min_d= 0.30 avg_spd=2.05m/s end=goal t= 8822.0s
[TRAIN][PPO] ep=477/500 r=  593.89 avg10=  536.21 steps=1475 succ10=0.90 touch10=0.90 col10=0.10 to10=0.00 min_d= 0.30 avg_spd=2.06m/s end=goal t= 8840.9s
[TRAIN][PPO] ep=478/500 r=  591.47 avg10=  535.25 steps=1446 succ10=0.90 touch10=0.90 col10=0.10 to10=0.00 min_d= 0.30 avg_spd=2.06m/s end=goal t= 8858.7s
[TRAIN][PPO] ep=479/500 r=  610.48 avg10=  599.61 steps=1517 succ10=1.00 touch10=1.00 col10=0.00 to10=0.00 min_d= 0.30 avg_spd=2.05m/s end=goal t= 8878.0s
[TRAIN][PPO] ep=480/500 r=  608.76 avg10=  600.52 steps=1516 succ10=1.00 touch10=1.00 col10=0.00 to10=0.00 min_d= 0.30 avg_spd=2.04m/s end=goal t= 8899.7s
[TRAIN][PPO] ep=481/500 r=  593.72 avg10=  600.86 steps=1461 succ10=1.00 touch10=1.00 col10=0.00 to10=0.00 min_d= 0.30 avg_spd=2.05m/s end=goal t= 8918.6s
[TRAIN][PPO] ep=482/500 r=  592.72 avg10=  601.07 steps=1452 succ10=1.00 touch10=1.00 col10=0.00 to10=0.00 min_d= 0.30 avg_spd=2.08m/s end=goal t= 8937.5s
[TRAIN][PPO] ep=483/500 r=  586.35 avg10=  598.22 steps=1574 succ10=1.00 touch10=1.00 col10=0.00 to10=0.00 min_d= 0.30 avg_spd=2.08m/s end=goal t= 8957.7s
[TRAIN][PPO] ep=484/500 r=  603.14 avg10=  597.59 steps=1483 succ10=1.00 touch10=1.00 col10=0.00 to10=0.00 min_d= 0.30 avg_spd=2.08m/s end=goal t= 8978.6s
[TRAIN][PPO] ep=485/500 r=  597.34 avg10=  598.03 steps=1471 succ10=1.00 touch10=1.00 col10=0.00 to10=0.00 min_d= 0.30 avg_spd=2.07m/s end=goal t= 8997.8s
[TRAIN][PPO] ep=486/500 r=  602.19 avg10=  598.00 steps=1479 succ10=1.00 touch10=1.00 col10=0.00 to10=0.00 min_d= 0.30 avg_spd=2.05m/s end=goal t= 9016.8s
[TRAIN][PPO] ep=487/500 r=  567.62 avg10=  595.38 steps=1615 succ10=1.00 touch10=1.00 col10=0.00 to10=0.00 min_d= 0.30 avg_spd=2.05m/s end=goal t= 9037.5s
[TRAIN][PPO] ep=488/500 r=  585.83 avg10=  594.81 steps=1562 succ10=1.00 touch10=1.00 col10=0.00 to10=0.00 min_d= 0.30 avg_spd=2.07m/s end=goal t= 9059.4s
[TRAIN][PPO] ep=489/500 r=  587.42 avg10=  592.51 steps=1594 succ10=1.00 touch10=1.00 col10=0.00 to10=0.00 min_d= 0.30 avg_spd=2.07m/s end=goal t= 9079.3s
[TRAIN][PPO] ep=490/500 r=  605.06 avg10=  592.14 steps=1487 succ10=1.00 touch10=1.00 col10=0.00 to10=0.00 min_d= 0.30 avg_spd=2.07m/s end=goal t= 9098.3s
[TRAIN][PPO] ep=491/500 r=  601.53 avg10=  592.92 steps=1478 succ10=1.00 touch10=1.00 col10=0.00 to10=0.00 min_d= 0.30 avg_spd=2.08m/s end=goal t= 9117.8s
[TRAIN][PPO] ep=492/500 r=  594.37 avg10=  593.08 steps=1458 succ10=1.00 touch10=1.00 col10=0.00 to10=0.00 min_d= 0.30 avg_spd=2.07m/s end=goal t= 9138.5s
[TRAIN][PPO] ep=493/500 r=  582.96 avg10=  592.74 steps=1602 succ10=1.00 touch10=1.00 col10=0.00 to10=0.00 min_d= 0.30 avg_spd=2.05m/s end=goal t= 9159.4s
[TRAIN][PPO] ep=494/500 r=  588.86 avg10=  591.32 steps=1471 succ10=1.00 touch10=1.00 col10=0.00 to10=0.00 min_d= 0.30 avg_spd=2.06m/s end=goal t= 9178.1s
[TRAIN][PPO] ep=495/500 r=  603.27 avg10=  591.91 steps=1509 succ10=1.00 touch10=1.00 col10=0.00 to10=0.00 min_d= 0.30 avg_spd=2.06m/s end=goal t= 9197.1s
[TRAIN][PPO] ep=496/500 r=  601.98 avg10=  591.89 steps=1477 succ10=1.00 touch10=1.00 col10=0.00 to10=0.00 min_d= 0.30 avg_spd=2.07m/s end=goal t= 9217.3s
[TRAIN][PPO] ep=497/500 r=  606.42 avg10=  595.77 steps=1491 succ10=1.00 touch10=1.00 col10=0.00 to10=0.00 min_d= 0.30 avg_spd=2.07m/s end=goal t= 9236.8s
[TRAIN][PPO] ep=498/500 r=  588.96 avg10=  596.08 steps=1466 succ10=1.00 touch10=1.00 col10=0.00 to10=0.00 min_d= 0.30 avg_spd=2.05m/s end=goal t= 9255.8s
[TRAIN][PPO] ep=499/500 r=  599.13 avg10=  597.25 steps=1494 succ10=1.00 touch10=1.00 col10=0.00 to10=0.00 min_d= 0.30 avg_spd=2.05m/s end=goal t= 9274.5s
INFO: PPO: Terminating.
[RUN] completed stage checkpoint=/uio/hume/student-u79/esbrovol/fys5429/DRL-Obstacle-Avoidance/controllers/PPO/checkpoints/20260525_141956_gru_seed01_stage09_train_9_dense/final_20260525_141956_gru_seed01_stage09_train_9_dense.pth
[RUN] arch=gru seed=1 stage=10/10 world=/uio/hume/student-u79/esbrovol/fys5429/DRL-Obstacle-Avoidance/worlds/training/train_10_full.wbt
[RUN] resuming from /uio/hume/student-u79/esbrovol/fys5429/DRL-Obstacle-Avoidance/controllers/PPO/checkpoints/20260525_141956_gru_seed01_stage09_train_9_dense/final_20260525_141956_gru_seed01_stage09_train_9_dense.pth
INFO: PPO: Starting controller: python3 -u PPO.py
[PPO] Using architecture: GRU
[PPO] Loaded architecture: GRU
[TRAIN][PPO] arch=GRU weights_dir=/uio/hume/student-u79/esbrovol/fys5429/DRL-Obstacle-Avoidance/controllers/PPO/checkpoints/20260525_141956_gru_seed01_stage10_train_10_full final=/uio/hume/student-u79/esbrovol/fys5429/DRL-Obstacle-Avoidance/controllers/PPO/checkpoints/20260525_141956_gru_seed01_stage10_train_10_full/final_20260525_141956_gru_seed01_stage10_train_10_full.pth
[TRAIN][PPO] episodes=500 update_every=4 obs=31 act=2 cell=GRU seq=32 burn_in=8
[TRAIN][PPO] ep=001/500 r=  582.96 avg10=  582.96 steps=1555 succ10=1.00 touch10=1.00 col10=0.00 to10=0.00 min_d= 0.30 avg_spd=2.07m/s end=goal t=   19.9s ckpt=best_goal
[TRAIN][PPO] ep=002/500 r=  600.59 avg10=  591.78 steps=1471 succ10=1.00 touch10=1.00 col10=0.00 to10=0.00 min_d= 0.30 avg_spd=2.09m/s end=goal t=   38.2s ckpt=best_goal
[TRAIN][PPO] ep=003/500 r=  595.94 avg10=  593.16 steps=1461 succ10=1.00 touch10=1.00 col10=0.00 to10=0.00 min_d= 0.30 avg_spd=2.07m/s end=goal t=   56.5s
[TRAIN][PPO] ep=004/500 r=  581.03 avg10=  590.13 steps=1595 succ10=1.00 touch10=1.00 col10=0.00 to10=0.00 min_d= 0.30 avg_spd=2.08m/s end=goal t=   78.9s
[TRAIN][PPO] ep=005/500 r=  593.75 avg10=  590.86 steps=1445 succ10=1.00 touch10=1.00 col10=0.00 to10=0.00 min_d= 0.30 avg_spd=2.08m/s end=goal t=   97.1s
[TRAIN][PPO] ep=006/500 r=  605.20 avg10=  593.25 steps=1489 succ10=1.00 touch10=1.00 col10=0.00 to10=0.00 min_d= 0.30 avg_spd=2.07m/s end=goal t=  116.4s ckpt=best_goal
[TRAIN][PPO] ep=007/500 r=  588.08 avg10=  592.51 steps=1439 succ10=1.00 touch10=1.00 col10=0.00 to10=0.00 min_d= 0.30 avg_spd=2.07m/s end=goal t=  134.8s
[TRAIN][PPO] ep=008/500 r=  591.52 avg10=  592.39 steps=1464 succ10=1.00 touch10=1.00 col10=0.00 to10=0.00 min_d= 0.30 avg_spd=2.06m/s end=goal t=  155.3s
[TRAIN][PPO] ep=009/500 r=  607.80 avg10=  594.10 steps=1494 succ10=1.00 touch10=1.00 col10=0.00 to10=0.00 min_d= 0.30 avg_spd=2.07m/s end=goal t=  174.6s ckpt=best_goal
[TRAIN][PPO] ep=010/500 r=  604.32 avg10=  595.12 steps=1505 succ10=1.00 touch10=1.00 col10=0.00 to10=0.00 min_d= 0.30 avg_spd=2.07m/s end=goal t=  193.6s
[TRAIN][PPO] ep=011/500 r=  596.89 avg10=  596.51 steps=1459 succ10=1.00 touch10=1.00 col10=0.00 to10=0.00 min_d= 0.30 avg_spd=2.08m/s end=goal t=  212.7s
[TRAIN][PPO] ep=012/500 r=  563.33 avg10=  592.79 steps=1606 succ10=1.00 touch10=1.00 col10=0.00 to10=0.00 min_d= 0.30 avg_spd=2.06m/s end=goal t=  235.4s
[TRAIN][PPO] ep=013/500 r=  593.76 avg10=  592.57 steps=1461 succ10=1.00 touch10=1.00 col10=0.00 to10=0.00 min_d= 0.30 avg_spd=2.07m/s end=goal t=  254.0s
[TRAIN][PPO] ep=014/500 r=  606.13 avg10=  595.08 steps=1500 succ10=1.00 touch10=1.00 col10=0.00 to10=0.00 min_d= 0.30 avg_spd=2.06m/s end=goal t=  272.9s
[TRAIN][PPO] ep=015/500 r=  598.95 avg10=  595.60 steps=1468 succ10=1.00 touch10=1.00 col10=0.00 to10=0.00 min_d= 0.30 avg_spd=2.08m/s end=goal t=  292.0s
[TRAIN][PPO] ep=016/500 r=  582.44 avg10=  593.32 steps=1550 succ10=1.00 touch10=1.00 col10=0.00 to10=0.00 min_d= 0.30 avg_spd=2.08m/s end=goal t=  313.5s
[TRAIN][PPO] ep=017/500 r=  594.21 avg10=  593.94 steps=1447 succ10=1.00 touch10=1.00 col10=0.00 to10=0.00 min_d= 0.30 avg_spd=2.08m/s end=goal t=  331.7s
[TRAIN][PPO] ep=018/500 r=  595.27 avg10=  594.31 steps=1458 succ10=1.00 touch10=1.00 col10=0.00 to10=0.00 min_d= 0.30 avg_spd=2.08m/s end=goal t=  349.1s
[TRAIN][PPO] ep=019/500 r=  294.95 avg10=  563.02 steps=1021 succ10=0.90 touch10=0.90 col10=0.10 to10=0.00 min_d= 1.44 avg_spd=2.07m/s end=collision t=  362.0s
[TRAIN][PPO] ep=020/500 r=  605.03 avg10=  563.10 steps=1491 succ10=0.90 touch10=0.90 col10=0.10 to10=0.00 min_d= 0.30 avg_spd=2.07m/s end=goal t=  382.8s
[TRAIN][PPO] ep=021/500 r=  598.97 avg10=  563.30 steps=1459 succ10=0.90 touch10=0.90 col10=0.10 to10=0.00 min_d= 0.30 avg_spd=2.08m/s end=goal t=  401.6s
[TRAIN][PPO] ep=022/500 r=  593.97 avg10=  566.37 steps=1478 succ10=0.90 touch10=0.90 col10=0.10 to10=0.00 min_d= 0.30 avg_spd=2.06m/s end=goal t=  419.6s
[TRAIN][PPO] ep=023/500 r=  599.43 avg10=  566.94 steps=1472 succ10=0.90 touch10=0.90 col10=0.10 to10=0.00 min_d= 0.30 avg_spd=2.06m/s end=goal t=  437.7s
[TRAIN][PPO] ep=024/500 r=  603.45 avg10=  566.67 steps=1476 succ10=0.90 touch10=0.90 col10=0.10 to10=0.00 min_d= 0.30 avg_spd=2.08m/s end=goal t=  458.0s
[TRAIN][PPO] ep=025/500 r=  603.35 avg10=  567.11 steps=1488 succ10=0.90 touch10=0.90 col10=0.10 to10=0.00 min_d= 0.30 avg_spd=2.07m/s end=goal t=  476.4s
[TRAIN][PPO] ep=026/500 r=  596.11 avg10=  568.48 steps=1486 succ10=0.90 touch10=0.90 col10=0.10 to10=0.00 min_d= 0.30 avg_spd=2.05m/s end=goal t=  495.1s
[TRAIN][PPO] ep=027/500 r=  595.19 avg10=  568.57 steps=1467 succ10=0.90 touch10=0.90 col10=0.10 to10=0.00 min_d= 0.30 avg_spd=2.07m/s end=goal t=  513.3s
[TRAIN][PPO] ep=028/500 r=  603.86 avg10=  569.43 steps=1491 succ10=0.90 touch10=0.90 col10=0.10 to10=0.00 min_d= 0.30 avg_spd=2.06m/s end=goal t=  534.2s
[TRAIN][PPO] ep=029/500 r=  590.83 avg10=  599.02 steps=1448 succ10=1.00 touch10=1.00 col10=0.00 to10=0.00 min_d= 0.30 avg_spd=2.06m/s end=goal t=  552.8s
[TRAIN][PPO] ep=030/500 r=  608.39 avg10=  599.36 steps=1465 succ10=1.00 touch10=1.00 col10=0.00 to10=0.00 min_d= 0.30 avg_spd=2.08m/s end=goal t=  571.1s ckpt=best_goal
[TRAIN][PPO] ep=031/500 r=  597.74 avg10=  599.23 steps=1463 succ10=1.00 touch10=1.00 col10=0.00 to10=0.00 min_d= 0.30 avg_spd=2.07m/s end=goal t=  590.2s
[TRAIN][PPO] ep=032/500 r=  569.01 avg10=  596.74 steps=1568 succ10=1.00 touch10=1.00 col10=0.00 to10=0.00 min_d= 0.30 avg_spd=2.06m/s end=goal t=  612.3s
[TRAIN][PPO] ep=033/500 r=  596.08 avg10=  596.40 steps=1462 succ10=1.00 touch10=1.00 col10=0.00 to10=0.00 min_d= 0.30 avg_spd=2.07m/s end=goal t=  630.8s
[TRAIN][PPO] ep=034/500 r=  277.89 avg10=  563.85 steps= 976 succ10=0.90 touch10=0.90 col10=0.10 to10=0.00 min_d= 1.45 avg_spd=2.07m/s end=collision t=  643.4s
[TRAIN][PPO] ep=035/500 r=  594.40 avg10=  562.95 steps=1470 succ10=0.90 touch10=0.90 col10=0.10 to10=0.00 min_d= 0.30 avg_spd=2.07m/s end=goal t=  662.0s
[TRAIN][PPO] ep=036/500 r=  594.56 avg10=  562.79 steps=1462 succ10=0.90 touch10=0.90 col10=0.10 to10=0.00 min_d= 0.30 avg_spd=2.07m/s end=goal t=  682.1s
[TRAIN][PPO] ep=037/500 r=  601.21 avg10=  563.40 steps=1498 succ10=0.90 touch10=0.90 col10=0.10 to10=0.00 min_d= 0.30 avg_spd=2.08m/s end=goal t=  701.2s
[TRAIN][PPO] ep=038/500 r=  610.86 avg10=  564.10 steps=1527 succ10=0.90 touch10=0.90 col10=0.10 to10=0.00 min_d= 0.30 avg_spd=2.04m/s end=goal t=  720.7s ckpt=best_goal
[TRAIN][PPO] ep=039/500 r=  592.63 avg10=  564.28 steps=1470 succ10=0.90 touch10=0.90 col10=0.10 to10=0.00 min_d= 0.30 avg_spd=2.05m/s end=goal t=  739.3s
[TRAIN][PPO] ep=040/500 r=  595.19 avg10=  562.96 steps=1557 succ10=0.90 touch10=0.90 col10=0.10 to10=0.00 min_d= 0.30 avg_spd=2.07m/s end=goal t=  760.7s
[TRAIN][PPO] ep=041/500 r=  604.75 avg10=  563.66 steps=1507 succ10=0.90 touch10=0.90 col10=0.10 to10=0.00 min_d= 0.30 avg_spd=2.05m/s end=goal t=  779.5s
[TRAIN][PPO] ep=042/500 r=  598.68 avg10=  566.63 steps=1447 succ10=0.90 touch10=0.90 col10=0.10 to10=0.00 min_d= 0.30 avg_spd=2.07m/s end=goal t=  797.8s
[TRAIN][PPO] ep=043/500 r=  606.09 avg10=  567.63 steps=1523 succ10=0.90 touch10=0.90 col10=0.10 to10=0.00 min_d= 0.30 avg_spd=2.05m/s end=goal t=  816.6s
[TRAIN][PPO] ep=044/500 r=  291.17 avg10=  568.95 steps=1011 succ10=0.90 touch10=0.90 col10=0.10 to10=0.00 min_d= 1.42 avg_spd=2.06m/s end=collision t=  831.6s
[TRAIN][PPO] ep=045/500 r=  606.05 avg10=  570.12 steps=1511 succ10=0.90 touch10=0.90 col10=0.10 to10=0.00 min_d= 0.30 avg_spd=2.06m/s end=goal t=  851.2s
[TRAIN][PPO] ep=046/500 r=  589.15 avg10=  569.58 steps=1464 succ10=0.90 touch10=0.90 col10=0.10 to10=0.00 min_d= 0.30 avg_spd=2.07m/s end=goal t=  869.7s
[TRAIN][PPO] ep=047/500 r=  604.12 avg10=  569.87 steps=1578 succ10=0.90 touch10=0.90 col10=0.10 to10=0.00 min_d= 0.30 avg_spd=2.06m/s end=goal t=  889.5s
[TRAIN][PPO] ep=048/500 r=  611.08 avg10=  569.89 steps=1521 succ10=0.90 touch10=0.90 col10=0.10 to10=0.00 min_d= 0.30 avg_spd=2.06m/s end=goal t=  911.7s ckpt=best_goal
[TRAIN][PPO] ep=049/500 r=  574.78 avg10=  568.10 steps=1578 succ10=0.90 touch10=0.90 col10=0.10 to10=0.00 min_d= 0.30 avg_spd=2.07m/s end=goal t=  931.9s
[TRAIN][PPO] ep=050/500 r=  603.85 avg10=  568.97 steps=1459 succ10=0.90 touch10=0.90 col10=0.10 to10=0.00 min_d= 0.30 avg_spd=2.09m/s end=goal t=  949.5s
[TRAIN][PPO] ep=051/500 r=  601.28 avg10=  568.62 steps=1493 succ10=0.90 touch10=0.90 col10=0.10 to10=0.00 min_d= 0.30 avg_spd=2.08m/s end=goal t=  966.8s
[TRAIN][PPO] ep=052/500 r=  314.88 avg10=  540.24 steps=1124 succ10=0.80 touch10=0.80 col10=0.20 to10=0.00 min_d= 1.30 avg_spd=2.03m/s end=collision t=  981.2s
[TRAIN][PPO] ep=053/500 r=  588.06 avg10=  538.44 steps=1433 succ10=0.80 touch10=0.80 col10=0.20 to10=0.00 min_d= 0.30 avg_spd=2.09m/s end=goal t=  998.6s
[TRAIN][PPO] ep=054/500 r=  594.81 avg10=  568.80 steps=1474 succ10=0.90 touch10=0.90 col10=0.10 to10=0.00 min_d= 0.30 avg_spd=2.07m/s end=goal t= 1015.8s
[TRAIN][PPO] ep=055/500 r=  602.38 avg10=  568.44 steps=1490 succ10=0.90 touch10=0.90 col10=0.10 to10=0.00 min_d= 0.30 avg_spd=2.09m/s end=goal t= 1033.2s
[TRAIN][PPO] ep=056/500 r=  595.01 avg10=  569.02 steps=1470 succ10=0.90 touch10=0.90 col10=0.10 to10=0.00 min_d= 0.30 avg_spd=2.07m/s end=goal t= 1052.5s
[TRAIN][PPO] ep=057/500 r=  587.90 avg10=  567.40 steps=1407 succ10=0.90 touch10=0.90 col10=0.10 to10=0.00 min_d= 0.30 avg_spd=2.08m/s end=goal t= 1068.6s
[TRAIN][PPO] ep=058/500 r=  598.46 avg10=  566.14 steps=1445 succ10=0.90 touch10=0.90 col10=0.10 to10=0.00 min_d= 0.30 avg_spd=2.08m/s end=goal t= 1085.0s
[TRAIN][PPO] ep=059/500 r=  604.83 avg10=  569.14 steps=1496 succ10=0.90 touch10=0.90 col10=0.10 to10=0.00 min_d= 0.30 avg_spd=2.07m/s end=goal t= 1102.4s
[TRAIN][PPO] ep=060/500 r=  592.69 avg10=  568.03 steps=1469 succ10=0.90 touch10=0.90 col10=0.10 to10=0.00 min_d= 0.30 avg_spd=2.08m/s end=goal t= 1121.0s
[TRAIN][PPO] ep=061/500 r=  603.08 avg10=  568.21 steps=1459 succ10=0.90 touch10=0.90 col10=0.10 to10=0.00 min_d= 0.30 avg_spd=2.10m/s end=goal t= 1137.8s
[TRAIN][PPO] ep=062/500 r=  603.04 avg10=  597.02 steps=1498 succ10=1.00 touch10=1.00 col10=0.00 to10=0.00 min_d= 0.30 avg_spd=2.07m/s end=goal t= 1155.3s
[TRAIN][PPO] ep=063/500 r=  -42.70 avg10=  533.95 steps=  36 succ10=0.90 touch10=0.90 col10=0.10 to10=0.00 min_d= 3.83 avg_spd=2.11m/s end=collision t= 1155.8s
[TRAIN][PPO] ep=064/500 r=  596.30 avg10=  534.10 steps=1495 succ10=0.90 touch10=0.90 col10=0.10 to10=0.00 min_d= 0.30 avg_spd=2.05m/s end=goal t= 1174.7s
[TRAIN][PPO] ep=065/500 r=  -43.50 avg10=  469.51 steps=  24 succ10=0.80 touch10=0.80 col10=0.20 to10=0.00 min_d= 3.85 avg_spd=1.72m/s end=collision t= 1175.0s
[TRAIN][PPO] ep=066/500 r=  595.75 avg10=  469.58 steps=1500 succ10=0.80 touch10=0.80 col10=0.20 to10=0.00 min_d= 0.30 avg_spd=2.06m/s end=goal t= 1192.1s
[TRAIN][PPO] ep=067/500 r=  285.77 avg10=  439.37 steps= 994 succ10=0.70 touch10=0.70 col10=0.30 to10=0.00 min_d= 1.44 avg_spd=2.08m/s end=collision t= 1203.8s
[TRAIN][PPO] ep=068/500 r=  598.60 avg10=  439.38 steps=1434 succ10=0.70 touch10=0.70 col10=0.30 to10=0.00 min_d= 0.30 avg_spd=2.09m/s end=goal t= 1222.0s
[TRAIN][PPO] ep=069/500 r=  595.26 avg10=  438.43 steps=1450 succ10=0.70 touch10=0.70 col10=0.30 to10=0.00 min_d= 0.30 avg_spd=2.09m/s end=goal t= 1240.0s
[TRAIN][PPO] ep=070/500 r=  598.97 avg10=  439.06 steps=1438 succ10=0.70 touch10=0.70 col10=0.30 to10=0.00 min_d= 0.30 avg_spd=2.10m/s end=goal t= 1257.5s
[TRAIN][PPO] ep=071/500 r=  608.34 avg10=  439.58 steps=1466 succ10=0.70 touch10=0.70 col10=0.30 to10=0.00 min_d= 0.30 avg_spd=2.08m/s end=goal t= 1275.4s
[TRAIN][PPO] ep=072/500 r=  613.77 avg10=  440.66 steps=1506 succ10=0.70 touch10=0.70 col10=0.30 to10=0.00 min_d= 0.30 avg_spd=2.05m/s end=goal t= 1295.7s ckpt=best_goal
[TRAIN][PPO] ep=073/500 r=  609.50 avg10=  505.88 steps=1465 succ10=0.80 touch10=0.80 col10=0.20 to10=0.00 min_d= 0.30 avg_spd=2.08m/s end=goal t= 1313.6s
[TRAIN][PPO] ep=074/500 r=  606.54 avg10=  506.90 steps=1468 succ10=0.80 touch10=0.80 col10=0.20 to10=0.00 min_d= 0.30 avg_spd=2.08m/s end=goal t= 1331.8s
[TRAIN][PPO] ep=075/500 r=  593.70 avg10=  570.62 steps=1440 succ10=0.90 touch10=0.90 col10=0.10 to10=0.00 min_d= 0.30 avg_spd=2.06m/s end=goal t= 1349.3s
[TRAIN][PPO] ep=076/500 r=  593.09 avg10=  570.36 steps=1428 succ10=0.90 touch10=0.90 col10=0.10 to10=0.00 min_d= 0.30 avg_spd=2.07m/s end=goal t= 1368.1s
[TRAIN][PPO] ep=077/500 r=  597.86 avg10=  601.56 steps=1442 succ10=1.00 touch10=1.00 col10=0.00 to10=0.00 min_d= 0.30 avg_spd=2.08m/s end=goal t= 1386.2s
[TRAIN][PPO] ep=078/500 r=  576.36 avg10=  599.34 steps=1561 succ10=1.00 touch10=1.00 col10=0.00 to10=0.00 min_d= 0.30 avg_spd=2.08m/s end=goal t= 1405.6s
[TRAIN][PPO] ep=079/500 r=  591.37 avg10=  598.95 steps=1432 succ10=1.00 touch10=1.00 col10=0.00 to10=0.00 min_d= 0.30 avg_spd=2.10m/s end=goal t= 1423.3s
[TRAIN][PPO] ep=080/500 r=  598.06 avg10=  598.86 steps=1444 succ10=1.00 touch10=1.00 col10=0.00 to10=0.00 min_d= 0.30 avg_spd=2.10m/s end=goal t= 1443.3s
[TRAIN][PPO] ep=081/500 r=  603.42 avg10=  598.37 steps=1459 succ10=1.00 touch10=1.00 col10=0.00 to10=0.00 min_d= 0.30 avg_spd=2.09m/s end=goal t= 1461.7s
[TRAIN][PPO] ep=082/500 r=  603.75 avg10=  597.37 steps=1454 succ10=1.00 touch10=1.00 col10=0.00 to10=0.00 min_d= 0.30 avg_spd=2.10m/s end=goal t= 1479.7s
[TRAIN][PPO] ep=083/500 r=  588.40 avg10=  595.26 steps=1416 succ10=1.00 touch10=1.00 col10=0.00 to10=0.00 min_d= 0.30 avg_spd=2.08m/s end=goal t= 1496.1s
[TRAIN][PPO] ep=084/500 r=  598.34 avg10=  594.43 steps=1447 succ10=1.00 touch10=1.00 col10=0.00 to10=0.00 min_d= 0.30 avg_spd=2.09m/s end=goal t= 1515.0s
[TRAIN][PPO] ep=085/500 r=  585.56 avg10=  593.62 steps=1403 succ10=1.00 touch10=1.00 col10=0.00 to10=0.00 min_d= 0.30 avg_spd=2.11m/s end=goal t= 1532.6s
[TRAIN][PPO] ep=086/500 r=  596.73 avg10=  593.98 steps=1443 succ10=1.00 touch10=1.00 col10=0.00 to10=0.00 min_d= 0.30 avg_spd=2.10m/s end=goal t= 1550.2s
[TRAIN][PPO] ep=087/500 r=  584.33 avg10=  592.63 steps=1400 succ10=1.00 touch10=1.00 col10=0.00 to10=0.00 min_d= 0.30 avg_spd=2.11m/s end=goal t= 1567.8s
[TRAIN][PPO] ep=088/500 r=  586.17 avg10=  593.61 steps=1403 succ10=1.00 touch10=1.00 col10=0.00 to10=0.00 min_d= 0.30 avg_spd=2.10m/s end=goal t= 1587.2s
[TRAIN][PPO] ep=089/500 r=  593.26 avg10=  593.80 steps=1415 succ10=1.00 touch10=1.00 col10=0.00 to10=0.00 min_d= 0.30 avg_spd=2.11m/s end=goal t= 1605.0s
[TRAIN][PPO] ep=090/500 r=  598.00 avg10=  593.80 steps=1435 succ10=1.00 touch10=1.00 col10=0.00 to10=0.00 min_d= 0.30 avg_spd=2.09m/s end=goal t= 1622.4s
[TRAIN][PPO] ep=091/500 r=  591.39 avg10=  592.59 steps=1424 succ10=1.00 touch10=1.00 col10=0.00 to10=0.00 min_d= 0.30 avg_spd=2.12m/s end=goal t= 1640.3s
[TRAIN][PPO] ep=092/500 r=  601.83 avg10=  592.40 steps=1448 succ10=1.00 touch10=1.00 col10=0.00 to10=0.00 min_d= 0.30 avg_spd=2.10m/s end=goal t= 1660.2s
[TRAIN][PPO] ep=093/500 r=  590.89 avg10=  592.65 steps=1443 succ10=1.00 touch10=1.00 col10=0.00 to10=0.00 min_d= 0.30 avg_spd=2.08m/s end=goal t= 1678.0s
[TRAIN][PPO] ep=094/500 r=  594.04 avg10=  592.22 steps=1424 succ10=1.00 touch10=1.00 col10=0.00 to10=0.00 min_d= 0.30 avg_spd=2.09m/s end=goal t= 1695.4s
[TRAIN][PPO] ep=095/500 r=  586.48 avg10=  592.31 steps=1412 succ10=1.00 touch10=1.00 col10=0.00 to10=0.00 min_d= 0.30 avg_spd=2.10m/s end=goal t= 1713.0s
[TRAIN][PPO] ep=096/500 r=  588.00 avg10=  591.44 steps=1408 succ10=1.00 touch10=1.00 col10=0.00 to10=0.00 min_d= 0.30 avg_spd=2.12m/s end=goal t= 1732.1s
[TRAIN][PPO] ep=097/500 r=  585.44 avg10=  591.55 steps=1408 succ10=1.00 touch10=1.00 col10=0.00 to10=0.00 min_d= 0.30 avg_spd=2.11m/s end=goal t= 1749.4s
[TRAIN][PPO] ep=098/500 r=  597.00 avg10=  592.63 steps=1435 succ10=1.00 touch10=1.00 col10=0.00 to10=0.00 min_d= 0.30 avg_spd=2.10m/s end=goal t= 1767.0s
[TRAIN][PPO] ep=099/500 r=  600.33 avg10=  593.34 steps=1450 succ10=1.00 touch10=1.00 col10=0.00 to10=0.00 min_d= 0.30 avg_spd=2.11m/s end=goal t= 1785.1s
[TRAIN][PPO] ep=100/500 r=  586.13 avg10=  592.15 steps=1409 succ10=1.00 touch10=1.00 col10=0.00 to10=0.00 min_d= 0.30 avg_spd=2.11m/s end=goal t= 1803.8s ckpt=latest
[TRAIN][PPO] ep=101/500 r=  593.82 avg10=  592.40 steps=1419 succ10=1.00 touch10=1.00 col10=0.00 to10=0.00 min_d= 0.30 avg_spd=2.10m/s end=goal t= 1821.2s
[TRAIN][PPO] ep=102/500 r=  596.54 avg10=  591.87 steps=1425 succ10=1.00 touch10=1.00 col10=0.00 to10=0.00 min_d= 0.30 avg_spd=2.10m/s end=goal t= 1839.1s
[TRAIN][PPO] ep=103/500 r=  597.75 avg10=  592.55 steps=1458 succ10=1.00 touch10=1.00 col10=0.00 to10=0.00 min_d= 0.30 avg_spd=2.09m/s end=goal t= 1857.6s
[TRAIN][PPO] ep=104/500 r=  -31.73 avg10=  529.98 steps=  66 succ10=0.90 touch10=0.90 col10=0.10 to10=0.00 min_d= 3.85 avg_spd=2.11m/s end=collision t= 1859.9s
[TRAIN][PPO] ep=105/500 r=  595.55 avg10=  530.88 steps=1427 succ10=0.90 touch10=0.90 col10=0.10 to10=0.00 min_d= 0.30 avg_spd=2.10m/s end=goal t= 1877.7s
[TRAIN][PPO] ep=106/500 r=  598.42 avg10=  531.92 steps=1437 succ10=0.90 touch10=0.90 col10=0.10 to10=0.00 min_d= 0.30 avg_spd=2.11m/s end=goal t= 1895.9s
[TRAIN][PPO] ep=107/500 r=  575.90 avg10=  530.97 steps=1535 succ10=0.90 touch10=0.90 col10=0.10 to10=0.00 min_d= 0.30 avg_spd=2.09m/s end=goal t= 1915.2s
[TRAIN][PPO] ep=108/500 r=  596.48 avg10=  530.92 steps=1426 succ10=0.90 touch10=0.90 col10=0.10 to10=0.00 min_d= 0.30 avg_spd=2.09m/s end=goal t= 1936.4s
[TRAIN][PPO] ep=109/500 r=  594.17 avg10=  530.30 steps=1429 succ10=0.90 touch10=0.90 col10=0.10 to10=0.00 min_d= 0.30 avg_spd=2.08m/s end=goal t= 1954.3s
[TRAIN][PPO] ep=110/500 r=  600.45 avg10=  531.74 steps=1451 succ10=0.90 touch10=0.90 col10=0.10 to10=0.00 min_d= 0.30 avg_spd=2.10m/s end=goal t= 1972.3s
[TRAIN][PPO] ep=111/500 r=  574.55 avg10=  529.81 steps=1563 succ10=0.90 touch10=0.90 col10=0.10 to10=0.00 min_d= 0.30 avg_spd=2.09m/s end=goal t= 1991.5s
[TRAIN][PPO] ep=112/500 r=  595.43 avg10=  529.70 steps=1457 succ10=0.90 touch10=0.90 col10=0.10 to10=0.00 min_d= 0.30 avg_spd=2.10m/s end=goal t= 2011.4s
[TRAIN][PPO] ep=113/500 r=  592.58 avg10=  529.18 steps=1459 succ10=0.90 touch10=0.90 col10=0.10 to10=0.00 min_d= 0.30 avg_spd=2.09m/s end=goal t= 2029.5s
[TRAIN][PPO] ep=114/500 r=  590.68 avg10=  591.42 steps=1434 succ10=1.00 touch10=1.00 col10=0.00 to10=0.00 min_d= 0.30 avg_spd=2.08m/s end=goal t= 2047.2s
[TRAIN][PPO] ep=115/500 r=  588.63 avg10=  590.73 steps=1415 succ10=1.00 touch10=1.00 col10=0.00 to10=0.00 min_d= 0.30 avg_spd=2.11m/s end=goal t= 2064.9s
[TRAIN][PPO] ep=116/500 r=  586.43 avg10=  589.53 steps=1415 succ10=1.00 touch10=1.00 col10=0.00 to10=0.00 min_d= 0.30 avg_spd=2.10m/s end=goal t= 2084.4s
[TRAIN][PPO] ep=117/500 r=  591.86 avg10=  591.12 steps=1418 succ10=1.00 touch10=1.00 col10=0.00 to10=0.00 min_d= 0.30 avg_spd=2.09m/s end=goal t= 2101.8s
[TRAIN][PPO] ep=118/500 r=  594.81 avg10=  590.96 steps=1438 succ10=1.00 touch10=1.00 col10=0.00 to10=0.00 min_d= 0.30 avg_spd=2.08m/s end=goal t= 2119.8s
[TRAIN][PPO] ep=119/500 r=  595.85 avg10=  591.13 steps=1458 succ10=1.00 touch10=1.00 col10=0.00 to10=0.00 min_d= 0.30 avg_spd=2.09m/s end=goal t= 2138.2s
[TRAIN][PPO] ep=120/500 r=  597.63 avg10=  590.84 steps=1453 succ10=1.00 touch10=1.00 col10=0.00 to10=0.00 min_d= 0.30 avg_spd=2.09m/s end=goal t= 2157.8s
[TRAIN][PPO] ep=121/500 r=  591.54 avg10=  592.54 steps=1438 succ10=1.00 touch10=1.00 col10=0.00 to10=0.00 min_d= 0.30 avg_spd=2.10m/s end=goal t= 2175.8s
[TRAIN][PPO] ep=122/500 r=  581.93 avg10=  591.19 steps=1397 succ10=1.00 touch10=1.00 col10=0.00 to10=0.00 min_d= 0.30 avg_spd=2.10m/s end=goal t= 2193.8s
[TRAIN][PPO] ep=123/500 r=  586.65 avg10=  590.60 steps=1562 succ10=1.00 touch10=1.00 col10=0.00 to10=0.00 min_d= 0.30 avg_spd=2.08m/s end=goal t= 2213.3s
[TRAIN][PPO] ep=124/500 r=  579.27 avg10=  589.46 steps=1562 succ10=1.00 touch10=1.00 col10=0.00 to10=0.00 min_d= 0.30 avg_spd=2.10m/s end=goal t= 2235.0s
[TRAIN][PPO] ep=125/500 r=  593.38 avg10=  589.93 steps=1440 succ10=1.00 touch10=1.00 col10=0.00 to10=0.00 min_d= 0.30 avg_spd=2.11m/s end=goal t= 2253.0s
[TRAIN][PPO] ep=126/500 r=  585.94 avg10=  589.89 steps=1404 succ10=1.00 touch10=1.00 col10=0.00 to10=0.00 min_d= 0.30 avg_spd=2.12m/s end=goal t= 2270.5s
[TRAIN][PPO] ep=127/500 r=  594.94 avg10=  590.19 steps=1434 succ10=1.00 touch10=1.00 col10=0.00 to10=0.00 min_d= 0.30 avg_spd=2.09m/s end=goal t= 2288.2s
[TRAIN][PPO] ep=128/500 r=  599.96 avg10=  590.71 steps=1450 succ10=1.00 touch10=1.00 col10=0.00 to10=0.00 min_d= 0.30 avg_spd=2.09m/s end=goal t= 2308.8s
[TRAIN][PPO] ep=129/500 r=  591.13 avg10=  590.24 steps=1413 succ10=1.00 touch10=1.00 col10=0.00 to10=0.00 min_d= 0.30 avg_spd=2.12m/s end=goal t= 2326.3s
[TRAIN][PPO] ep=130/500 r=  607.05 avg10=  591.18 steps=1479 succ10=1.00 touch10=1.00 col10=0.00 to10=0.00 min_d= 0.30 avg_spd=2.07m/s end=goal t= 2344.8s
[TRAIN][PPO] ep=131/500 r=  605.34 avg10=  592.56 steps=1474 succ10=1.00 touch10=1.00 col10=0.00 to10=0.00 min_d= 0.30 avg_spd=2.09m/s end=goal t= 2362.9s
[TRAIN][PPO] ep=132/500 r=  596.51 avg10=  594.02 steps=1448 succ10=1.00 touch10=1.00 col10=0.00 to10=0.00 min_d= 0.30 avg_spd=2.09m/s end=goal t= 2382.2s
[TRAIN][PPO] ep=133/500 r=  593.53 avg10=  594.70 steps=1447 succ10=1.00 touch10=1.00 col10=0.00 to10=0.00 min_d= 0.30 avg_spd=2.09m/s end=goal t= 2400.1s
[TRAIN][PPO] ep=134/500 r=  600.28 avg10=  596.80 steps=1441 succ10=1.00 touch10=1.00 col10=0.00 to10=0.00 min_d= 0.30 avg_spd=2.12m/s end=goal t= 2418.0s
[TRAIN][PPO] ep=135/500 r=  -41.88 avg10=  533.28 steps=  28 succ10=0.90 touch10=0.90 col10=0.10 to10=0.00 min_d= 3.83 avg_spd=1.91m/s end=collision t= 2418.4s
[TRAIN][PPO] ep=136/500 r=  586.18 avg10=  533.30 steps=1563 succ10=0.90 touch10=0.90 col10=0.10 to10=0.00 min_d= 0.30 avg_spd=2.09m/s end=goal t= 2439.3s
[TRAIN][PPO] ep=137/500 r=  588.48 avg10=  532.66 steps=1419 succ10=0.90 touch10=0.90 col10=0.10 to10=0.00 min_d= 0.30 avg_spd=2.11m/s end=goal t= 2456.8s
[TRAIN][PPO] ep=138/500 r=  582.14 avg10=  530.88 steps=1396 succ10=0.90 touch10=0.90 col10=0.10 to10=0.00 min_d= 0.30 avg_spd=2.12m/s end=goal t= 2473.8s
[TRAIN][PPO] ep=139/500 r=  591.35 avg10=  530.90 steps=1425 succ10=0.90 touch10=0.90 col10=0.10 to10=0.00 min_d= 0.30 avg_spd=2.11m/s end=goal t= 2491.1s
[TRAIN][PPO] ep=140/500 r=  593.77 avg10=  529.57 steps=1557 succ10=0.90 touch10=0.90 col10=0.10 to10=0.00 min_d= 0.30 avg_spd=2.07m/s end=goal t= 2512.2s
[TRAIN][PPO] ep=141/500 r=  587.12 avg10=  527.75 steps=1575 succ10=0.90 touch10=0.90 col10=0.10 to10=0.00 min_d= 0.30 avg_spd=2.08m/s end=goal t= 2531.8s
[TRAIN][PPO] ep=142/500 r=  596.93 avg10=  527.79 steps=1439 succ10=0.90 touch10=0.90 col10=0.10 to10=0.00 min_d= 0.30 avg_spd=2.13m/s end=goal t= 2549.5s
[TRAIN][PPO] ep=143/500 r=  587.95 avg10=  527.23 steps=1402 succ10=0.90 touch10=0.90 col10=0.10 to10=0.00 min_d= 0.30 avg_spd=2.11m/s end=goal t= 2566.1s
[TRAIN][PPO] ep=144/500 r=  594.42 avg10=  526.65 steps=1438 succ10=0.90 touch10=0.90 col10=0.10 to10=0.00 min_d= 0.30 avg_spd=2.09m/s end=goal t= 2585.4s
[TRAIN][PPO] ep=145/500 r=  568.26 avg10=  587.66 steps=1588 succ10=1.00 touch10=1.00 col10=0.00 to10=0.00 min_d= 0.30 avg_spd=2.09m/s end=goal t= 2605.4s
[TRAIN][PPO] ep=146/500 r=  586.50 avg10=  587.69 steps=1403 succ10=1.00 touch10=1.00 col10=0.00 to10=0.00 min_d= 0.30 avg_spd=2.11m/s end=goal t= 2622.4s
[TRAIN][PPO] ep=147/500 r=  271.12 avg10=  555.96 steps=1088 succ10=0.90 touch10=0.90 col10=0.10 to10=0.00 min_d= 1.46 avg_spd=2.11m/s end=collision t= 2635.9s
[TRAIN][PPO] ep=148/500 r=  585.85 avg10=  556.33 steps=1418 succ10=0.90 touch10=0.90 col10=0.10 to10=0.00 min_d= 0.30 avg_spd=2.09m/s end=goal t= 2655.4s
[TRAIN][PPO] ep=149/500 r=  -43.01 avg10=  492.89 steps=  29 succ10=0.80 touch10=0.80 col10=0.20 to10=0.00 min_d= 3.84 avg_spd=2.01m/s end=collision t= 2655.9s
[TRAIN][PPO] ep=150/500 r=  595.78 avg10=  493.09 steps=1440 succ10=0.80 touch10=0.80 col10=0.20 to10=0.00 min_d= 0.30 avg_spd=2.11m/s end=goal t= 2673.7s
[TRAIN][PPO] ep=151/500 r=  581.75 avg10=  492.55 steps=1404 succ10=0.80 touch10=0.80 col10=0.20 to10=0.00 min_d= 0.30 avg_spd=2.11m/s end=goal t= 2690.8s
[TRAIN][PPO] ep=152/500 r=  588.99 avg10=  491.76 steps=1415 succ10=0.80 touch10=0.80 col10=0.20 to10=0.00 min_d= 0.30 avg_spd=2.09m/s end=goal t= 2709.7s
[TRAIN][PPO] ep=153/500 r=  596.68 avg10=  492.63 steps=1432 succ10=0.80 touch10=0.80 col10=0.20 to10=0.00 min_d= 0.30 avg_spd=2.11m/s end=goal t= 2727.4s
[TRAIN][PPO] ep=154/500 r=  603.98 avg10=  493.59 steps=1454 succ10=0.80 touch10=0.80 col10=0.20 to10=0.00 min_d= 0.30 avg_spd=2.09m/s end=goal t= 2745.6s
[TRAIN][PPO] ep=155/500 r=  593.37 avg10=  496.10 steps=1433 succ10=0.80 touch10=0.80 col10=0.20 to10=0.00 min_d= 0.30 avg_spd=2.11m/s end=goal t= 2763.8s
[TRAIN][PPO] ep=156/500 r=  590.26 avg10=  496.48 steps=1428 succ10=0.80 touch10=0.80 col10=0.20 to10=0.00 min_d= 0.30 avg_spd=2.10m/s end=goal t= 2783.5s
[TRAIN][PPO] ep=157/500 r=  592.29 avg10=  528.59 steps=1417 succ10=0.90 touch10=0.90 col10=0.10 to10=0.00 min_d= 0.30 avg_spd=2.12m/s end=goal t= 2801.5s
[TRAIN][PPO] ep=158/500 r=  580.74 avg10=  528.08 steps=1381 succ10=0.90 touch10=0.90 col10=0.10 to10=0.00 min_d= 0.30 avg_spd=2.12m/s end=goal t= 2818.7s
[TRAIN][PPO] ep=159/500 r=  582.20 avg10=  590.60 steps=1388 succ10=1.00 touch10=1.00 col10=0.00 to10=0.00 min_d= 0.30 avg_spd=2.12m/s end=goal t= 2836.1s
[TRAIN][PPO] ep=160/500 r=  591.12 avg10=  590.14 steps=1424 succ10=1.00 touch10=1.00 col10=0.00 to10=0.00 min_d= 0.30 avg_spd=2.12m/s end=goal t= 2855.9s
[TRAIN][PPO] ep=161/500 r=  591.46 avg10=  591.11 steps=1421 succ10=1.00 touch10=1.00 col10=0.00 to10=0.00 min_d= 0.30 avg_spd=2.09m/s end=goal t= 2873.5s
[TRAIN][PPO] ep=162/500 r=  597.45 avg10=  591.96 steps=1439 succ10=1.00 touch10=1.00 col10=0.00 to10=0.00 min_d= 0.30 avg_spd=2.11m/s end=goal t= 2891.0s
[TRAIN][PPO] ep=163/500 r=  596.27 avg10=  591.92 steps=1453 succ10=1.00 touch10=1.00 col10=0.00 to10=0.00 min_d= 0.30 avg_spd=2.10m/s end=goal t= 2909.0s
[TRAIN][PPO] ep=164/500 r=  597.50 avg10=  591.27 steps=1447 succ10=1.00 touch10=1.00 col10=0.00 to10=0.00 min_d= 0.30 avg_spd=2.09m/s end=goal t= 2928.0s
[TRAIN][PPO] ep=165/500 r=  583.94 avg10=  590.32 steps=1417 succ10=1.00 touch10=1.00 col10=0.00 to10=0.00 min_d= 0.30 avg_spd=2.10m/s end=goal t= 2945.1s
[TRAIN][PPO] ep=166/500 r=  -42.83 avg10=  527.01 steps=  34 succ10=0.90 touch10=0.90 col10=0.10 to10=0.00 min_d= 3.83 avg_spd=2.12m/s end=collision t= 2945.6s
[TRAIN][PPO] ep=167/500 r=  600.76 avg10=  527.86 steps=1448 succ10=0.90 touch10=0.90 col10=0.10 to10=0.00 min_d= 0.30 avg_spd=2.10m/s end=goal t= 2963.4s
[TRAIN][PPO] ep=168/500 r=  591.21 avg10=  528.91 steps=1427 succ10=0.90 touch10=0.90 col10=0.10 to10=0.00 min_d= 0.30 avg_spd=2.10m/s end=goal t= 2982.3s
[TRAIN][PPO] ep=169/500 r=  602.35 avg10=  530.92 steps=1464 succ10=0.90 touch10=0.90 col10=0.10 to10=0.00 min_d= 0.30 avg_spd=2.08m/s end=goal t= 2999.0s
[TRAIN][PPO] ep=170/500 r=  573.42 avg10=  529.15 steps=1561 succ10=0.90 touch10=0.90 col10=0.10 to10=0.00 min_d= 0.30 avg_spd=2.08m/s end=goal t= 3018.2s
[TRAIN][PPO] ep=171/500 r=  595.27 avg10=  529.53 steps=1439 succ10=0.90 touch10=0.90 col10=0.10 to10=0.00 min_d= 0.30 avg_spd=2.12m/s end=goal t= 3035.8s
[TRAIN][PPO] ep=172/500 r=  588.67 avg10=  528.66 steps=1410 succ10=0.90 touch10=0.90 col10=0.10 to10=0.00 min_d= 0.30 avg_spd=2.12m/s end=goal t= 3054.7s
[TRAIN][PPO] ep=173/500 r=  584.38 avg10=  527.47 steps=1402 succ10=0.90 touch10=0.90 col10=0.10 to10=0.00 min_d= 0.30 avg_spd=2.10m/s end=goal t= 3071.7s
[TRAIN][PPO] ep=174/500 r=  584.28 avg10=  526.15 steps=1413 succ10=0.90 touch10=0.90 col10=0.10 to10=0.00 min_d= 0.30 avg_spd=2.09m/s end=goal t= 3089.2s
[TRAIN][PPO] ep=175/500 r=  589.15 avg10=  526.67 steps=1528 succ10=0.90 touch10=0.90 col10=0.10 to10=0.00 min_d= 0.30 avg_spd=2.11m/s end=goal t= 3108.1s
[TRAIN][PPO] ep=176/500 r=  588.45 avg10=  589.79 steps=1434 succ10=1.00 touch10=1.00 col10=0.00 to10=0.00 min_d= 0.30 avg_spd=2.12m/s end=goal t= 3127.4s
[TRAIN][PPO] ep=177/500 r=  601.04 avg10=  589.82 steps=1466 succ10=1.00 touch10=1.00 col10=0.00 to10=0.00 min_d= 0.30 avg_spd=2.09m/s end=goal t= 3145.5s
[TRAIN][PPO] ep=178/500 r=  584.58 avg10=  589.16 steps=1406 succ10=1.00 touch10=1.00 col10=0.00 to10=0.00 min_d= 0.30 avg_spd=2.11m/s end=goal t= 3162.5s
[TRAIN][PPO] ep=179/500 r=  587.55 avg10=  587.68 steps=1412 succ10=1.00 touch10=1.00 col10=0.00 to10=0.00 min_d= 0.30 avg_spd=2.13m/s end=goal t= 3179.8s
[TRAIN][PPO] ep=180/500 r=  592.30 avg10=  589.57 steps=1429 succ10=1.00 touch10=1.00 col10=0.00 to10=0.00 min_d= 0.30 avg_spd=2.10m/s end=goal t= 3198.9s
[TRAIN][PPO] ep=181/500 r=  575.35 avg10=  587.58 steps=1519 succ10=1.00 touch10=1.00 col10=0.00 to10=0.00 min_d= 0.30 avg_spd=2.10m/s end=goal t= 3217.2s
[TRAIN][PPO] ep=182/500 r=  590.81 avg10=  587.79 steps=1436 succ10=1.00 touch10=1.00 col10=0.00 to10=0.00 min_d= 0.30 avg_spd=2.08m/s end=goal t= 3234.7s
[TRAIN][PPO] ep=183/500 r=  595.56 avg10=  588.91 steps=1428 succ10=1.00 touch10=1.00 col10=0.00 to10=0.00 min_d= 0.30 avg_spd=2.12m/s end=goal t= 3252.0s
[TRAIN][PPO] ep=184/500 r=  -39.10 avg10=  526.57 steps=  43 succ10=0.90 touch10=0.90 col10=0.10 to10=0.00 min_d= 3.83 avg_spd=1.91m/s end=collision t= 3254.0s
[TRAIN][PPO] ep=185/500 r=  596.54 avg10=  527.31 steps=1438 succ10=0.90 touch10=0.90 col10=0.10 to10=0.00 min_d= 0.30 avg_spd=2.10m/s end=goal t= 3271.7s
[TRAIN][PPO] ep=186/500 r=  564.01 avg10=  524.86 steps=1536 succ10=0.90 touch10=0.90 col10=0.10 to10=0.00 min_d= 0.30 avg_spd=2.10m/s end=goal t= 3290.0s
[TRAIN][PPO] ep=187/500 r=  567.44 avg10=  521.50 steps=1563 succ10=0.90 touch10=0.90 col10=0.10 to10=0.00 min_d= 0.30 avg_spd=2.10m/s end=goal t= 3308.6s
[TRAIN][PPO] ep=188/500 r=  588.19 avg10=  521.87 steps=1423 succ10=0.90 touch10=0.90 col10=0.10 to10=0.00 min_d= 0.30 avg_spd=2.10m/s end=goal t= 3327.7s
[TRAIN][PPO] ep=189/500 r=  548.35 avg10=  517.95 steps=1584 succ10=0.90 touch10=0.90 col10=0.10 to10=0.00 min_d= 0.30 avg_spd=2.10m/s end=goal t= 3347.2s
[TRAIN][PPO] ep=190/500 r=  595.36 avg10=  518.25 steps=1447 succ10=0.90 touch10=0.90 col10=0.10 to10=0.00 min_d= 0.30 avg_spd=2.09m/s end=goal t= 3364.6s
[TRAIN][PPO] ep=191/500 r=  590.91 avg10=  519.81 steps=1431 succ10=0.90 touch10=0.90 col10=0.10 to10=0.00 min_d= 0.30 avg_spd=2.10m/s end=goal t= 3381.8s
[TRAIN][PPO] ep=192/500 r=  593.08 avg10=  520.03 steps=1425 succ10=0.90 touch10=0.90 col10=0.10 to10=0.00 min_d= 0.30 avg_spd=2.12m/s end=goal t= 3401.1s
[TRAIN][PPO] ep=193/500 r=  597.61 avg10=  520.24 steps=1440 succ10=0.90 touch10=0.90 col10=0.10 to10=0.00 min_d= 0.30 avg_spd=2.10m/s end=goal t= 3418.8s
[TRAIN][PPO] ep=194/500 r=  586.81 avg10=  582.83 steps=1408 succ10=1.00 touch10=1.00 col10=0.00 to10=0.00 min_d= 0.30 avg_spd=2.11m/s end=goal t= 3435.7s
[TRAIN][PPO] ep=195/500 r=  587.87 avg10=  581.96 steps=1414 succ10=1.00 touch10=1.00 col10=0.00 to10=0.00 min_d= 0.30 avg_spd=2.13m/s end=goal t= 3452.8s
[TRAIN][PPO] ep=196/500 r=  598.03 avg10=  585.37 steps=1445 succ10=1.00 touch10=1.00 col10=0.00 to10=0.00 min_d= 0.30 avg_spd=2.11m/s end=goal t= 3472.2s
[TRAIN][PPO] ep=197/500 r=  584.40 avg10=  587.06 steps=1395 succ10=1.00 touch10=1.00 col10=0.00 to10=0.00 min_d= 0.30 avg_spd=2.12m/s end=goal t= 3489.2s
[TRAIN][PPO] ep=198/500 r=  577.10 avg10=  585.95 steps=1535 succ10=1.00 touch10=1.00 col10=0.00 to10=0.00 min_d= 0.30 avg_spd=2.11m/s end=goal t= 3507.6s
[TRAIN][PPO] ep=199/500 r=  287.45 avg10=  559.86 steps=1113 succ10=0.90 touch10=0.90 col10=0.10 to10=0.00 min_d= 1.33 avg_spd=2.10m/s end=collision t= 3521.1s
[TRAIN][PPO] ep=200/500 r=  -34.54 avg10=  496.87 steps=  62 succ10=0.80 touch10=0.80 col10=0.20 to10=0.00 min_d= 3.81 avg_spd=1.97m/s end=collision t= 3523.3s ckpt=latest
[TRAIN][PPO] ep=201/500 r=  599.27 avg10=  497.71 steps=1450 succ10=0.80 touch10=0.80 col10=0.20 to10=0.00 min_d= 0.30 avg_spd=2.09m/s end=goal t= 3540.4s
[TRAIN][PPO] ep=202/500 r=  586.32 avg10=  497.03 steps=1401 succ10=0.80 touch10=0.80 col10=0.20 to10=0.00 min_d= 0.30 avg_spd=2.12m/s end=goal t= 3557.2s
[TRAIN][PPO] ep=203/500 r=  585.12 avg10=  495.78 steps=1417 succ10=0.80 touch10=0.80 col10=0.20 to10=0.00 min_d= 0.30 avg_spd=2.10m/s end=goal t= 3573.9s
[TRAIN][PPO] ep=204/500 r=  -39.16 avg10=  433.19 steps=  45 succ10=0.70 touch10=0.70 col10=0.30 to10=0.00 min_d= 3.84 avg_spd=2.03m/s end=collision t= 3575.9s
[TRAIN][PPO] ep=205/500 r=  -43.75 avg10=  370.03 steps=  24 succ10=0.60 touch10=0.60 col10=0.40 to10=0.00 min_d= 3.84 avg_spd=1.82m/s end=collision t= 3576.3s
[TRAIN][PPO] ep=206/500 r=  -35.61 avg10=  306.66 steps=  56 succ10=0.50 touch10=0.50 col10=0.50 to10=0.00 min_d= 3.84 avg_spd=2.14m/s end=collision t= 3577.0s
[TRAIN][PPO] ep=207/500 r=  588.58 avg10=  307.08 steps=1402 succ10=0.50 touch10=0.50 col10=0.50 to10=0.00 min_d= 0.30 avg_spd=2.11m/s end=goal t= 3593.1s
[TRAIN][PPO] ep=208/500 r=  583.05 avg10=  307.68 steps=1398 succ10=0.50 touch10=0.50 col10=0.50 to10=0.00 min_d= 0.30 avg_spd=2.12m/s end=goal t= 3610.6s
[TRAIN][PPO] ep=209/500 r=  588.97 avg10=  337.83 steps=1421 succ10=0.60 touch10=0.60 col10=0.40 to10=0.00 min_d= 0.30 avg_spd=2.09m/s end=goal t= 3627.3s
[TRAIN][PPO] ep=210/500 r=  598.89 avg10=  401.17 steps=1460 succ10=0.70 touch10=0.70 col10=0.30 to10=0.00 min_d= 0.30 avg_spd=2.09m/s end=goal t= 3644.5s
[TRAIN][PPO] ep=211/500 r=  271.00 avg10=  368.34 steps=1123 succ10=0.60 touch10=0.60 col10=0.40 to10=0.00 min_d= 1.42 avg_spd=2.08m/s end=collision t= 3658.0s
[TRAIN][PPO] ep=212/500 r=  582.30 avg10=  367.94 steps=1394 succ10=0.60 touch10=0.60 col10=0.40 to10=0.00 min_d= 0.30 avg_spd=2.12m/s end=goal t= 3676.9s
[TRAIN][PPO] ep=213/500 r=  597.43 avg10=  369.17 steps=1437 succ10=0.60 touch10=0.60 col10=0.40 to10=0.00 min_d= 0.30 avg_spd=2.10m/s end=goal t= 3694.3s
[TRAIN][PPO] ep=214/500 r=  590.29 avg10=  432.12 steps=1417 succ10=0.70 touch10=0.70 col10=0.30 to10=0.00 min_d= 0.30 avg_spd=2.13m/s end=goal t= 3711.3s
[TRAIN][PPO] ep=215/500 r=  581.33 avg10=  494.62 steps=1551 succ10=0.80 touch10=0.80 col10=0.20 to10=0.00 min_d= 0.30 avg_spd=2.10m/s end=goal t= 3729.4s
[TRAIN][PPO] ep=216/500 r=  588.87 avg10=  557.07 steps=1417 succ10=0.90 touch10=0.90 col10=0.10 to10=0.00 min_d= 0.30 avg_spd=2.12m/s end=goal t= 3747.6s
[TRAIN][PPO] ep=217/500 r=  265.13 avg10=  524.73 steps=1159 succ10=0.80 touch10=0.80 col10=0.20 to10=0.00 min_d= 1.45 avg_spd=2.08m/s end=collision t= 3761.4s
[TRAIN][PPO] ep=218/500 r=  584.53 avg10=  524.87 steps=1401 succ10=0.80 touch10=0.80 col10=0.20 to10=0.00 min_d= 0.30 avg_spd=2.10m/s end=goal t= 3778.2s
[TRAIN][PPO] ep=219/500 r=  604.97 avg10=  526.47 steps=1458 succ10=0.80 touch10=0.80 col10=0.20 to10=0.00 min_d= 0.30 avg_spd=2.09m/s end=goal t= 3795.4s
[TRAIN][PPO] ep=220/500 r=  591.99 avg10=  525.78 steps=1415 succ10=0.80 touch10=0.80 col10=0.20 to10=0.00 min_d= 0.30 avg_spd=2.11m/s end=goal t= 3814.5s
[TRAIN][PPO] ep=221/500 r=  591.20 avg10=  557.80 steps=1423 succ10=0.90 touch10=0.90 col10=0.10 to10=0.00 min_d= 0.30 avg_spd=2.11m/s end=goal t= 3832.1s
[TRAIN][PPO] ep=222/500 r=  588.02 avg10=  558.37 steps=1413 succ10=0.90 touch10=0.90 col10=0.10 to10=0.00 min_d= 0.30 avg_spd=2.11m/s end=goal t= 3849.0s
[TRAIN][PPO] ep=223/500 r=  598.02 avg10=  558.43 steps=1441 succ10=0.90 touch10=0.90 col10=0.10 to10=0.00 min_d= 0.30 avg_spd=2.12m/s end=goal t= 3866.0s
[TRAIN][PPO] ep=224/500 r=  590.57 avg10=  558.46 steps=1422 succ10=0.90 touch10=0.90 col10=0.10 to10=0.00 min_d= 0.30 avg_spd=2.12m/s end=goal t= 3883.4s
[TRAIN][PPO] ep=225/500 r=  548.88 avg10=  555.22 steps=1604 succ10=0.90 touch10=0.90 col10=0.10 to10=0.00 min_d= 0.30 avg_spd=2.08m/s end=goal t= 3901.4s
[TRAIN][PPO] ep=226/500 r=  585.40 avg10=  554.87 steps=1408 succ10=0.90 touch10=0.90 col10=0.10 to10=0.00 min_d= 0.30 avg_spd=2.10m/s end=goal t= 3917.2s
[TRAIN][PPO] ep=227/500 r=  589.62 avg10=  587.32 steps=1428 succ10=1.00 touch10=1.00 col10=0.00 to10=0.00 min_d= 0.30 avg_spd=2.11m/s end=goal t= 3933.6s
[TRAIN][PPO] ep=228/500 r=  590.49 avg10=  587.92 steps=1428 succ10=1.00 touch10=1.00 col10=0.00 to10=0.00 min_d= 0.30 avg_spd=2.12m/s end=goal t= 3951.3s
[TRAIN][PPO] ep=229/500 r=  588.63 avg10=  586.28 steps=1410 succ10=1.00 touch10=1.00 col10=0.00 to10=0.00 min_d= 0.30 avg_spd=2.11m/s end=goal t= 3966.6s
[TRAIN][PPO] ep=230/500 r=  604.92 avg10=  587.57 steps=1480 succ10=1.00 touch10=1.00 col10=0.00 to10=0.00 min_d= 0.30 avg_spd=2.09m/s end=goal t= 3983.6s
[TRAIN][PPO] ep=231/500 r=  597.62 avg10=  588.22 steps=1434 succ10=1.00 touch10=1.00 col10=0.00 to10=0.00 min_d= 0.30 avg_spd=2.11m/s end=goal t= 4000.0s
[TRAIN][PPO] ep=232/500 r=  595.95 avg10=  589.01 steps=1444 succ10=1.00 touch10=1.00 col10=0.00 to10=0.00 min_d= 0.30 avg_spd=2.10m/s end=goal t= 4018.0s
[TRAIN][PPO] ep=233/500 r=  595.73 avg10=  588.78 steps=1426 succ10=1.00 touch10=1.00 col10=0.00 to10=0.00 min_d= 0.30 avg_spd=2.11m/s end=goal t= 4033.8s
[TRAIN][PPO] ep=234/500 r=  587.80 avg10=  588.50 steps=1400 succ10=1.00 touch10=1.00 col10=0.00 to10=0.00 min_d= 0.30 avg_spd=2.12m/s end=goal t= 4049.3s
[TRAIN][PPO] ep=235/500 r=  592.38 avg10=  592.85 steps=1426 succ10=1.00 touch10=1.00 col10=0.00 to10=0.00 min_d= 0.30 avg_spd=2.11m/s end=goal t= 4064.7s
[TRAIN][PPO] ep=236/500 r=  594.56 avg10=  593.77 steps=1424 succ10=1.00 touch10=1.00 col10=0.00 to10=0.00 min_d= 0.30 avg_spd=2.11m/s end=goal t= 4083.5s
[TRAIN][PPO] ep=237/500 r=  591.33 avg10=  593.94 steps=1413 succ10=1.00 touch10=1.00 col10=0.00 to10=0.00 min_d= 0.30 avg_spd=2.12m/s end=goal t= 4099.2s
[TRAIN][PPO] ep=238/500 r=  580.70 avg10=  592.96 steps=1386 succ10=1.00 touch10=1.00 col10=0.00 to10=0.00 min_d= 0.30 avg_spd=2.12m/s end=goal t= 4114.2s
[TRAIN][PPO] ep=239/500 r=  592.65 avg10=  593.36 steps=1425 succ10=1.00 touch10=1.00 col10=0.00 to10=0.00 min_d= 0.30 avg_spd=2.11m/s end=goal t= 4130.4s
[TRAIN][PPO] ep=240/500 r=  592.59 avg10=  592.13 steps=1436 succ10=1.00 touch10=1.00 col10=0.00 to10=0.00 min_d= 0.30 avg_spd=2.11m/s end=goal t= 4148.2s
[TRAIN][PPO] ep=241/500 r=  583.40 avg10=  590.71 steps=1401 succ10=1.00 touch10=1.00 col10=0.00 to10=0.00 min_d= 0.30 avg_spd=2.12m/s end=goal t= 4163.8s
[TRAIN][PPO] ep=242/500 r=  582.75 avg10=  589.39 steps=1389 succ10=1.00 touch10=1.00 col10=0.00 to10=0.00 min_d= 0.30 avg_spd=2.12m/s end=goal t= 4179.3s
[TRAIN][PPO] ep=243/500 r=  580.84 avg10=  587.90 steps=1392 succ10=1.00 touch10=1.00 col10=0.00 to10=0.00 min_d= 0.30 avg_spd=2.11m/s end=goal t= 4195.0s
[TRAIN][PPO] ep=244/500 r=  576.52 avg10=  586.77 steps=1370 succ10=1.00 touch10=1.00 col10=0.00 to10=0.00 min_d= 0.30 avg_spd=2.15m/s end=goal t= 4211.5s
[TRAIN][PPO] ep=245/500 r=  591.71 avg10=  586.71 steps=1430 succ10=1.00 touch10=1.00 col10=0.00 to10=0.00 min_d= 0.30 avg_spd=2.10m/s end=goal t= 4227.4s
[TRAIN][PPO] ep=246/500 r=  582.15 avg10=  585.46 steps=1405 succ10=1.00 touch10=1.00 col10=0.00 to10=0.00 min_d= 0.30 avg_spd=2.11m/s end=goal t= 4243.1s
[TRAIN][PPO] ep=247/500 r=  600.24 avg10=  586.36 steps=1464 succ10=1.00 touch10=1.00 col10=0.00 to10=0.00 min_d= 0.30 avg_spd=2.10m/s end=goal t= 4259.6s
[TRAIN][PPO] ep=248/500 r=  599.46 avg10=  588.23 steps=1458 succ10=1.00 touch10=1.00 col10=0.00 to10=0.00 min_d= 0.30 avg_spd=2.11m/s end=goal t= 4277.9s
[TRAIN][PPO] ep=249/500 r=  592.23 avg10=  588.19 steps=1423 succ10=1.00 touch10=1.00 col10=0.00 to10=0.00 min_d= 0.30 avg_spd=2.11m/s end=goal t= 4293.7s
[TRAIN][PPO] ep=250/500 r=  587.30 avg10=  587.66 steps=1409 succ10=1.00 touch10=1.00 col10=0.00 to10=0.00 min_d= 0.30 avg_spd=2.13m/s end=goal t= 4309.6s
[TRAIN][PPO] ep=251/500 r=  585.38 avg10=  587.86 steps=1405 succ10=1.00 touch10=1.00 col10=0.00 to10=0.00 min_d= 0.30 avg_spd=2.10m/s end=goal t= 4325.6s
[TRAIN][PPO] ep=252/500 r=  585.50 avg10=  588.13 steps=1400 succ10=1.00 touch10=1.00 col10=0.00 to10=0.00 min_d= 0.30 avg_spd=2.14m/s end=goal t= 4343.2s
[TRAIN][PPO] ep=253/500 r=  590.20 avg10=  589.07 steps=1423 succ10=1.00 touch10=1.00 col10=0.00 to10=0.00 min_d= 0.30 avg_spd=2.11m/s end=goal t= 4358.7s
[TRAIN][PPO] ep=254/500 r=  578.10 avg10=  589.23 steps=1540 succ10=1.00 touch10=1.00 col10=0.00 to10=0.00 min_d= 0.30 avg_spd=2.10m/s end=goal t= 4375.1s
[TRAIN][PPO] ep=255/500 r=  596.21 avg10=  589.68 steps=1426 succ10=1.00 touch10=1.00 col10=0.00 to10=0.00 min_d= 0.30 avg_spd=2.13m/s end=goal t= 4390.8s
[TRAIN][PPO] ep=256/500 r=  581.32 avg10=  589.59 steps=1395 succ10=1.00 touch10=1.00 col10=0.00 to10=0.00 min_d= 0.30 avg_spd=2.12m/s end=goal t= 4409.6s
[TRAIN][PPO] ep=257/500 r=  584.74 avg10=  588.04 steps=1403 succ10=1.00 touch10=1.00 col10=0.00 to10=0.00 min_d= 0.30 avg_spd=2.12m/s end=goal t= 4424.9s
[TRAIN][PPO] ep=258/500 r=  587.04 avg10=  586.80 steps=1409 succ10=1.00 touch10=1.00 col10=0.00 to10=0.00 min_d= 0.30 avg_spd=2.11m/s end=goal t= 4441.1s
[TRAIN][PPO] ep=259/500 r=  596.37 avg10=  587.21 steps=1432 succ10=1.00 touch10=1.00 col10=0.00 to10=0.00 min_d= 0.30 avg_spd=2.12m/s end=goal t= 4457.1s
[TRAIN][PPO] ep=260/500 r=  590.79 avg10=  587.56 steps=1418 succ10=1.00 touch10=1.00 col10=0.00 to10=0.00 min_d= 0.30 avg_spd=2.12m/s end=goal t= 4474.4s
[TRAIN][PPO] ep=261/500 r=  577.85 avg10=  586.81 steps=1383 succ10=1.00 touch10=1.00 col10=0.00 to10=0.00 min_d= 0.30 avg_spd=2.13m/s end=goal t= 4489.3s
[TRAIN][PPO] ep=262/500 r=  586.53 avg10=  586.91 steps=1401 succ10=1.00 touch10=1.00 col10=0.00 to10=0.00 min_d= 0.30 avg_spd=2.10m/s end=goal t= 4504.7s
[TRAIN][PPO] ep=263/500 r=  585.14 avg10=  586.41 steps=1394 succ10=1.00 touch10=1.00 col10=0.00 to10=0.00 min_d= 0.30 avg_spd=2.12m/s end=goal t= 4520.1s
[TRAIN][PPO] ep=264/500 r=  592.62 avg10=  587.86 steps=1432 succ10=1.00 touch10=1.00 col10=0.00 to10=0.00 min_d= 0.30 avg_spd=2.12m/s end=goal t= 4536.7s
[TRAIN][PPO] ep=265/500 r=  583.25 avg10=  586.56 steps=1392 succ10=1.00 touch10=1.00 col10=0.00 to10=0.00 min_d= 0.30 avg_spd=2.12m/s end=goal t= 4551.9s
[TRAIN][PPO] ep=266/500 r=  591.75 avg10=  587.61 steps=1439 succ10=1.00 touch10=1.00 col10=0.00 to10=0.00 min_d= 0.30 avg_spd=2.10m/s end=goal t= 4567.8s
[TRAIN][PPO] ep=267/500 r=  598.30 avg10=  588.96 steps=1453 succ10=1.00 touch10=1.00 col10=0.00 to10=0.00 min_d= 0.30 avg_spd=2.10m/s end=goal t= 4583.5s
[TRAIN][PPO] ep=268/500 r=  591.54 avg10=  589.41 steps=1430 succ10=1.00 touch10=1.00 col10=0.00 to10=0.00 min_d= 0.30 avg_spd=2.11m/s end=goal t= 4600.6s
[TRAIN][PPO] ep=269/500 r=  593.92 avg10=  589.17 steps=1425 succ10=1.00 touch10=1.00 col10=0.00 to10=0.00 min_d= 0.30 avg_spd=2.10m/s end=goal t= 4616.5s
[TRAIN][PPO] ep=270/500 r=  602.04 avg10=  590.29 steps=1464 succ10=1.00 touch10=1.00 col10=0.00 to10=0.00 min_d= 0.30 avg_spd=2.10m/s end=goal t= 4632.5s
[TRAIN][PPO] ep=271/500 r=  595.26 avg10=  592.03 steps=1435 succ10=1.00 touch10=1.00 col10=0.00 to10=0.00 min_d= 0.30 avg_spd=2.11m/s end=goal t= 4648.1s
[TRAIN][PPO] ep=272/500 r=  594.91 avg10=  592.87 steps=1419 succ10=1.00 touch10=1.00 col10=0.00 to10=0.00 min_d= 0.30 avg_spd=2.11m/s end=goal t= 4665.1s
[TRAIN][PPO] ep=273/500 r=  588.64 avg10=  593.22 steps=1414 succ10=1.00 touch10=1.00 col10=0.00 to10=0.00 min_d= 0.30 avg_spd=2.10m/s end=goal t= 4680.6s
[TRAIN][PPO] ep=274/500 r=  584.95 avg10=  592.46 steps=1397 succ10=1.00 touch10=1.00 col10=0.00 to10=0.00 min_d= 0.30 avg_spd=2.12m/s end=goal t= 4695.9s
[TRAIN][PPO] ep=275/500 r=  576.84 avg10=  591.81 steps=1542 succ10=1.00 touch10=1.00 col10=0.00 to10=0.00 min_d= 0.30 avg_spd=2.10m/s end=goal t= 4712.5s
[TRAIN][PPO] ep=276/500 r=  587.24 avg10=  591.36 steps=1410 succ10=1.00 touch10=1.00 col10=0.00 to10=0.00 min_d= 0.30 avg_spd=2.11m/s end=goal t= 4729.7s
[TRAIN][PPO] ep=277/500 r=  -38.42 avg10=  527.69 steps=  47 succ10=0.90 touch10=0.90 col10=0.10 to10=0.00 min_d= 3.84 avg_spd=2.05m/s end=collision t= 4730.3s
[TRAIN][PPO] ep=278/500 r=  594.08 avg10=  527.95 steps=1437 succ10=0.90 touch10=0.90 col10=0.10 to10=0.00 min_d= 0.30 avg_spd=2.10m/s end=goal t= 4746.2s
[TRAIN][PPO] ep=279/500 r=  591.02 avg10=  527.66 steps=1415 succ10=0.90 touch10=0.90 col10=0.10 to10=0.00 min_d= 0.30 avg_spd=2.12m/s end=goal t= 4761.8s
[TRAIN][PPO] ep=280/500 r=  600.39 avg10=  527.49 steps=1453 succ10=0.90 touch10=0.90 col10=0.10 to10=0.00 min_d= 0.30 avg_spd=2.10m/s end=goal t= 4778.6s
[TRAIN][PPO] ep=281/500 r=  584.42 avg10=  526.41 steps=1405 succ10=0.90 touch10=0.90 col10=0.10 to10=0.00 min_d= 0.30 avg_spd=2.11m/s end=goal t= 4794.1s
[TRAIN][PPO] ep=282/500 r=  591.45 avg10=  526.06 steps=1425 succ10=0.90 touch10=0.90 col10=0.10 to10=0.00 min_d= 0.30 avg_spd=2.10m/s end=goal t= 4809.9s
[TRAIN][PPO] ep=283/500 r=  592.84 avg10=  526.48 steps=1438 succ10=0.90 touch10=0.90 col10=0.10 to10=0.00 min_d= 0.30 avg_spd=2.12m/s end=goal t= 4825.6s
[TRAIN][PPO] ep=284/500 r=  587.20 avg10=  526.71 steps=1399 succ10=0.90 touch10=0.90 col10=0.10 to10=0.00 min_d= 0.30 avg_spd=2.12m/s end=goal t= 4842.9s
[TRAIN][PPO] ep=285/500 r=  576.79 avg10=  526.70 steps=1389 succ10=0.90 touch10=0.90 col10=0.10 to10=0.00 min_d= 0.30 avg_spd=2.13m/s end=goal t= 4858.3s
[TRAIN][PPO] ep=286/500 r=  598.08 avg10=  527.78 steps=1440 succ10=0.90 touch10=0.90 col10=0.10 to10=0.00 min_d= 0.30 avg_spd=2.11m/s end=goal t= 4874.6s
[TRAIN][PPO] ep=287/500 r=  592.10 avg10=  590.84 steps=1417 succ10=1.00 touch10=1.00 col10=0.00 to10=0.00 min_d= 0.30 avg_spd=2.11m/s end=goal t= 4890.8s
[TRAIN][PPO] ep=288/500 r=  583.06 avg10=  589.73 steps=1402 succ10=1.00 touch10=1.00 col10=0.00 to10=0.00 min_d= 0.30 avg_spd=2.11m/s end=goal t= 4908.2s
[TRAIN][PPO] ep=289/500 r=  581.35 avg10=  588.77 steps=1404 succ10=1.00 touch10=1.00 col10=0.00 to10=0.00 min_d= 0.30 avg_spd=2.11m/s end=goal t= 4923.9s
[TRAIN][PPO] ep=290/500 r=  602.75 avg10=  589.00 steps=1445 succ10=1.00 touch10=1.00 col10=0.00 to10=0.00 min_d= 0.30 avg_spd=2.11m/s end=goal t= 4939.9s
[TRAIN][PPO] ep=291/500 r=  582.40 avg10=  588.80 steps=1560 succ10=1.00 touch10=1.00 col10=0.00 to10=0.00 min_d= 0.30 avg_spd=2.10m/s end=goal t= 4957.5s
[TRAIN][PPO] ep=292/500 r=  596.58 avg10=  589.31 steps=1433 succ10=1.00 touch10=1.00 col10=0.00 to10=0.00 min_d= 0.30 avg_spd=2.11m/s end=goal t= 4975.3s
[TRAIN][PPO] ep=293/500 r=  588.68 avg10=  588.90 steps=1410 succ10=1.00 touch10=1.00 col10=0.00 to10=0.00 min_d= 0.30 avg_spd=2.11m/s end=goal t= 4990.6s
[TRAIN][PPO] ep=294/500 r=  584.92 avg10=  588.67 steps=1400 succ10=1.00 touch10=1.00 col10=0.00 to10=0.00 min_d= 0.30 avg_spd=2.12m/s end=goal t= 5006.5s
[TRAIN][PPO] ep=295/500 r=  262.61 avg10=  557.25 steps=1105 succ10=0.90 touch10=0.90 col10=0.10 to10=0.00 min_d= 1.45 avg_spd=2.08m/s end=collision t= 5018.8s
[TRAIN][PPO] ep=296/500 r=  588.28 avg10=  556.27 steps=1403 succ10=0.90 touch10=0.90 col10=0.10 to10=0.00 min_d= 0.30 avg_spd=2.12m/s end=goal t= 5035.9s
[TRAIN][PPO] ep=297/500 r=  589.98 avg10=  556.06 steps=1411 succ10=0.90 touch10=0.90 col10=0.10 to10=0.00 min_d= 0.30 avg_spd=2.12m/s end=goal t= 5051.5s
[TRAIN][PPO] ep=298/500 r=  582.60 avg10=  556.01 steps=1386 succ10=0.90 touch10=0.90 col10=0.10 to10=0.00 min_d= 0.30 avg_spd=2.11m/s end=goal t= 5067.0s
[TRAIN][PPO] ep=299/500 r=  587.89 avg10=  556.67 steps=1408 succ10=0.90 touch10=0.90 col10=0.10 to10=0.00 min_d= 0.30 avg_spd=2.12m/s end=goal t= 5083.0s
[TRAIN][PPO] ep=300/500 r=  261.84 avg10=  522.58 steps=1167 succ10=0.80 touch10=0.80 col10=0.20 to10=0.00 min_d= 1.42 avg_spd=2.09m/s end=collision t= 5097.8s ckpt=latest
[TRAIN][PPO] ep=301/500 r=  580.11 avg10=  522.35 steps=1377 succ10=0.80 touch10=0.80 col10=0.20 to10=0.00 min_d= 0.30 avg_spd=2.12m/s end=goal t= 5113.2s
[TRAIN][PPO] ep=302/500 r=  581.41 avg10=  520.83 steps=1389 succ10=0.80 touch10=0.80 col10=0.20 to10=0.00 min_d= 0.30 avg_spd=2.11m/s end=goal t= 5128.6s
[TRAIN][PPO] ep=303/500 r=  599.82 avg10=  521.95 steps=1441 succ10=0.80 touch10=0.80 col10=0.20 to10=0.00 min_d= 0.30 avg_spd=2.12m/s end=goal t= 5144.5s
[TRAIN][PPO] ep=304/500 r=  588.36 avg10=  522.29 steps=1429 succ10=0.80 touch10=0.80 col10=0.20 to10=0.00 min_d= 0.30 avg_spd=2.10m/s end=goal t= 5162.1s
[TRAIN][PPO] ep=305/500 r=  591.13 avg10=  555.14 steps=1429 succ10=0.90 touch10=0.90 col10=0.10 to10=0.00 min_d= 0.30 avg_spd=2.11m/s end=goal t= 5177.8s
[TRAIN][PPO] ep=306/500 r=  590.71 avg10=  555.39 steps=1429 succ10=0.90 touch10=0.90 col10=0.10 to10=0.00 min_d= 0.30 avg_spd=2.11m/s end=goal t= 5193.6s
[TRAIN][PPO] ep=307/500 r=  596.24 avg10=  556.01 steps=1429 succ10=0.90 touch10=0.90 col10=0.10 to10=0.00 min_d= 0.30 avg_spd=2.11m/s end=goal t= 5209.8s
[TRAIN][PPO] ep=308/500 r=  592.01 avg10=  556.95 steps=1424 succ10=0.90 touch10=0.90 col10=0.10 to10=0.00 min_d= 0.30 avg_spd=2.11m/s end=goal t= 5228.4s
[TRAIN][PPO] ep=309/500 r=  593.55 avg10=  557.52 steps=1422 succ10=0.90 touch10=0.90 col10=0.10 to10=0.00 min_d= 0.30 avg_spd=2.11m/s end=goal t= 5244.3s
[TRAIN][PPO] ep=310/500 r=  584.49 avg10=  589.78 steps=1553 succ10=1.00 touch10=1.00 col10=0.00 to10=0.00 min_d= 0.30 avg_spd=2.10m/s end=goal t= 5261.7s
[TRAIN][PPO] ep=311/500 r=  599.43 avg10=  591.72 steps=1457 succ10=1.00 touch10=1.00 col10=0.00 to10=0.00 min_d= 0.30 avg_spd=2.09m/s end=goal t= 5278.0s
[TRAIN][PPO] ep=312/500 r=  596.63 avg10=  593.24 steps=1428 succ10=1.00 touch10=1.00 col10=0.00 to10=0.00 min_d= 0.30 avg_spd=2.12m/s end=goal t= 5296.1s
[TRAIN][PPO] ep=313/500 r=  571.31 avg10=  590.39 steps=1535 succ10=1.00 touch10=1.00 col10=0.00 to10=0.00 min_d= 0.30 avg_spd=2.08m/s end=goal t= 5313.5s
[TRAIN][PPO] ep=314/500 r=  587.99 avg10=  590.35 steps=1410 succ10=1.00 touch10=1.00 col10=0.00 to10=0.00 min_d= 0.30 avg_spd=2.13m/s end=goal t= 5329.5s
[TRAIN][PPO] ep=315/500 r=  589.46 avg10=  590.18 steps=1415 succ10=1.00 touch10=1.00 col10=0.00 to10=0.00 min_d= 0.30 avg_spd=2.10m/s end=goal t= 5345.1s
[TRAIN][PPO] ep=316/500 r=  601.97 avg10=  591.31 steps=1437 succ10=1.00 touch10=1.00 col10=0.00 to10=0.00 min_d= 0.30 avg_spd=2.11m/s end=goal t= 5362.8s
[TRAIN][PPO] ep=317/500 r=  -39.36 avg10=  527.75 steps=  42 succ10=0.90 touch10=0.90 col10=0.10 to10=0.00 min_d= 3.84 avg_spd=2.19m/s end=collision t= 5363.3s
[TRAIN][PPO] ep=318/500 r=  600.47 avg10=  528.59 steps=1442 succ10=0.90 touch10=0.90 col10=0.10 to10=0.00 min_d= 0.30 avg_spd=2.11m/s end=goal t= 5379.2s
[TRAIN][PPO] ep=319/500 r=  588.96 avg10=  528.13 steps=1406 succ10=0.90 touch10=0.90 col10=0.10 to10=0.00 min_d= 0.30 avg_spd=2.13m/s end=goal t= 5394.9s
[TRAIN][PPO] ep=320/500 r=  583.04 avg10=  527.99 steps=1389 succ10=0.90 touch10=0.90 col10=0.10 to10=0.00 min_d= 0.30 avg_spd=2.11m/s end=goal t= 5412.4s
[TRAIN][PPO] ep=321/500 r=  558.76 avg10=  523.92 steps=1566 succ10=0.90 touch10=0.90 col10=0.10 to10=0.00 min_d= 0.30 avg_spd=2.08m/s end=goal t= 5430.1s
[TRAIN][PPO] ep=322/500 r=  589.23 avg10=  523.18 steps=1424 succ10=0.90 touch10=0.90 col10=0.10 to10=0.00 min_d= 0.30 avg_spd=2.12m/s end=goal t= 5445.9s
[TRAIN][PPO] ep=323/500 r=  593.90 avg10=  525.44 steps=1434 succ10=0.90 touch10=0.90 col10=0.10 to10=0.00 min_d= 0.30 avg_spd=2.10m/s end=goal t= 5462.1s
[TRAIN][PPO] ep=324/500 r=  590.89 avg10=  525.73 steps=1423 succ10=0.90 touch10=0.90 col10=0.10 to10=0.00 min_d= 0.30 avg_spd=2.12m/s end=goal t= 5479.3s
[TRAIN][PPO] ep=325/500 r=  590.66 avg10=  525.85 steps=1410 succ10=0.90 touch10=0.90 col10=0.10 to10=0.00 min_d= 0.30 avg_spd=2.14m/s end=goal t= 5494.2s
[TRAIN][PPO] ep=326/500 r=  596.26 avg10=  525.28 steps=1446 succ10=0.90 touch10=0.90 col10=0.10 to10=0.00 min_d= 0.30 avg_spd=2.12m/s end=goal t= 5509.2s
[TRAIN][PPO] ep=327/500 r=  598.99 avg10=  589.12 steps=1443 succ10=1.00 touch10=1.00 col10=0.00 to10=0.00 min_d= 0.30 avg_spd=2.11m/s end=goal t= 5524.0s
[TRAIN][PPO] ep=328/500 r=  589.63 avg10=  588.03 steps=1413 succ10=1.00 touch10=1.00 col10=0.00 to10=0.00 min_d= 0.30 avg_spd=2.13m/s end=goal t= 5541.3s
[TRAIN][PPO] ep=329/500 r=  598.63 avg10=  589.00 steps=1470 succ10=1.00 touch10=1.00 col10=0.00 to10=0.00 min_d= 0.30 avg_spd=2.10m/s end=goal t= 5556.4s
[TRAIN][PPO] ep=330/500 r=  580.72 avg10=  588.77 steps=1380 succ10=1.00 touch10=1.00 col10=0.00 to10=0.00 min_d= 0.30 avg_spd=2.13m/s end=goal t= 5570.2s
[TRAIN][PPO] ep=331/500 r=  600.55 avg10=  592.95 steps=1467 succ10=1.00 touch10=1.00 col10=0.00 to10=0.00 min_d= 0.30 avg_spd=2.07m/s end=goal t= 5585.1s
[TRAIN][PPO] ep=332/500 r=  597.70 avg10=  593.79 steps=1435 succ10=1.00 touch10=1.00 col10=0.00 to10=0.00 min_d= 0.30 avg_spd=2.10m/s end=goal t= 5601.6s
[TRAIN][PPO] ep=333/500 r=  585.00 avg10=  592.90 steps=1405 succ10=1.00 touch10=1.00 col10=0.00 to10=0.00 min_d= 0.30 avg_spd=2.11m/s end=goal t= 5616.1s
[TRAIN][PPO] ep=334/500 r=  579.38 avg10=  591.75 steps=1394 succ10=1.00 touch10=1.00 col10=0.00 to10=0.00 min_d= 0.30 avg_spd=2.14m/s end=goal t= 5630.3s
[TRAIN][PPO] ep=335/500 r=  597.05 avg10=  592.39 steps=1438 succ10=1.00 touch10=1.00 col10=0.00 to10=0.00 min_d= 0.30 avg_spd=2.11m/s end=goal t= 5645.0s
[TRAIN][PPO] ep=336/500 r=  597.00 avg10=  592.47 steps=1439 succ10=1.00 touch10=1.00 col10=0.00 to10=0.00 min_d= 0.30 avg_spd=2.13m/s end=goal t= 5662.0s
[TRAIN][PPO] ep=337/500 r=  588.20 avg10=  591.39 steps=1418 succ10=1.00 touch10=1.00 col10=0.00 to10=0.00 min_d= 0.30 avg_spd=2.13m/s end=goal t= 5676.8s
[TRAIN][PPO] ep=338/500 r=  583.94 avg10=  590.82 steps=1581 succ10=1.00 touch10=1.00 col10=0.00 to10=0.00 min_d= 0.30 avg_spd=2.09m/s end=goal t= 5692.4s
[TRAIN][PPO] ep=339/500 r=  592.28 avg10=  590.18 steps=1414 succ10=1.00 touch10=1.00 col10=0.00 to10=0.00 min_d= 0.30 avg_spd=2.13m/s end=goal t= 5706.3s
[TRAIN][PPO] ep=340/500 r=  591.07 avg10=  591.22 steps=1411 succ10=1.00 touch10=1.00 col10=0.00 to10=0.00 min_d= 0.30 avg_spd=2.12m/s end=goal t= 5721.6s
[TRAIN][PPO] ep=341/500 r=  555.04 avg10=  586.67 steps=1621 succ10=1.00 touch10=1.00 col10=0.00 to10=0.00 min_d= 0.30 avg_spd=2.07m/s end=goal t= 5737.7s
[TRAIN][PPO] ep=342/500 r=  585.10 avg10=  585.41 steps=1410 succ10=1.00 touch10=1.00 col10=0.00 to10=0.00 min_d= 0.30 avg_spd=2.10m/s end=goal t= 5751.3s
[TRAIN][PPO] ep=343/500 r=  -44.01 avg10=  522.51 steps=  22 succ10=0.90 touch10=0.90 col10=0.10 to10=0.00 min_d= 3.84 avg_spd=1.85m/s end=collision t= 5751.6s
[TRAIN][PPO] ep=344/500 r=  599.59 avg10=  524.53 steps=1456 succ10=0.90 touch10=0.90 col10=0.10 to10=0.00 min_d= 0.30 avg_spd=2.11m/s end=goal t= 5767.3s
[TRAIN][PPO] ep=345/500 r=  579.10 avg10=  522.73 steps=1573 succ10=0.90 touch10=0.90 col10=0.10 to10=0.00 min_d= 0.30 avg_spd=2.10m/s end=goal t= 5782.9s
[TRAIN][PPO] ep=346/500 r=  -38.98 avg10=  459.13 steps=  58 succ10=0.80 touch10=0.80 col10=0.20 to10=0.00 min_d= 3.82 avg_spd=2.08m/s end=collision t= 5783.5s
[TRAIN][PPO] ep=347/500 r=  589.44 avg10=  459.26 steps=1433 succ10=0.80 touch10=0.80 col10=0.20 to10=0.00 min_d= 0.30 avg_spd=2.11m/s end=goal t= 5797.7s
[TRAIN][PPO] ep=348/500 r=  584.63 avg10=  459.33 steps=1415 succ10=0.80 touch10=0.80 col10=0.20 to10=0.00 min_d= 0.30 avg_spd=2.09m/s end=goal t= 5812.5s
[TRAIN][PPO] ep=349/500 r=  590.25 avg10=  459.12 steps=1422 succ10=0.80 touch10=0.80 col10=0.20 to10=0.00 min_d= 0.30 avg_spd=2.12m/s end=goal t= 5826.4s
[TRAIN][PPO] ep=350/500 r=  598.09 avg10=  459.83 steps=1448 succ10=0.80 touch10=0.80 col10=0.20 to10=0.00 min_d= 0.30 avg_spd=2.10m/s end=goal t= 5840.6s
[TRAIN][PPO] ep=351/500 r=  599.91 avg10=  464.31 steps=1449 succ10=0.80 touch10=0.80 col10=0.20 to10=0.00 min_d= 0.30 avg_spd=2.11m/s end=goal t= 5854.6s
[TRAIN][PPO] ep=352/500 r=  587.63 avg10=  464.57 steps=1415 succ10=0.80 touch10=0.80 col10=0.20 to10=0.00 min_d= 0.30 avg_spd=2.11m/s end=goal t= 5871.0s
[TRAIN][PPO] ep=353/500 r=  557.24 avg10=  524.69 steps=1633 succ10=0.90 touch10=0.90 col10=0.10 to10=0.00 min_d= 0.30 avg_spd=2.07m/s end=goal t= 5886.9s
[TRAIN][PPO] ep=354/500 r=  597.74 avg10=  524.50 steps=1444 succ10=0.90 touch10=0.90 col10=0.10 to10=0.00 min_d= 0.30 avg_spd=2.11m/s end=goal t= 5900.9s
[TRAIN][PPO] ep=355/500 r=  598.23 avg10=  526.42 steps=1442 succ10=0.90 touch10=0.90 col10=0.10 to10=0.00 min_d= 0.30 avg_spd=2.08m/s end=goal t= 5914.9s
[TRAIN][PPO] ep=356/500 r=  -40.72 avg10=  526.24 steps=  49 succ10=0.90 touch10=0.90 col10=0.10 to10=0.00 min_d= 3.82 avg_spd=2.03m/s end=collision t= 5916.9s
[TRAIN][PPO] ep=357/500 r=  579.48 avg10=  525.25 steps=1385 succ10=0.90 touch10=0.90 col10=0.10 to10=0.00 min_d= 0.30 avg_spd=2.12m/s end=goal t= 5930.4s
[TRAIN][PPO] ep=358/500 r=  582.53 avg10=  525.04 steps=1389 succ10=0.90 touch10=0.90 col10=0.10 to10=0.00 min_d= 0.30 avg_spd=2.12m/s end=goal t= 5944.1s
[TRAIN][PPO] ep=359/500 r=  590.77 avg10=  525.09 steps=1428 succ10=0.90 touch10=0.90 col10=0.10 to10=0.00 min_d= 0.30 avg_spd=2.10m/s end=goal t= 5958.0s
[TRAIN][PPO] ep=360/500 r=  599.21 avg10=  525.20 steps=1446 succ10=0.90 touch10=0.90 col10=0.10 to10=0.00 min_d= 0.30 avg_spd=2.10m/s end=goal t= 5974.0s
[TRAIN][PPO] ep=361/500 r=  597.19 avg10=  524.93 steps=1441 succ10=0.90 touch10=0.90 col10=0.10 to10=0.00 min_d= 0.30 avg_spd=2.12m/s end=goal t= 5989.1s
[TRAIN][PPO] ep=362/500 r=  577.51 avg10=  523.92 steps=1536 succ10=0.90 touch10=0.90 col10=0.10 to10=0.00 min_d= 0.30 avg_spd=2.11m/s end=goal t= 6005.2s
[TRAIN][PPO] ep=363/500 r=  584.07 avg10=  526.60 steps=1421 succ10=0.90 touch10=0.90 col10=0.10 to10=0.00 min_d= 0.30 avg_spd=2.10m/s end=goal t= 6019.2s
[TRAIN][PPO] ep=364/500 r=  593.91 avg10=  526.22 steps=1429 succ10=0.90 touch10=0.90 col10=0.10 to10=0.00 min_d= 0.30 avg_spd=2.11m/s end=goal t= 6034.8s
[TRAIN][PPO] ep=365/500 r=  589.93 avg10=  525.39 steps=1415 succ10=0.90 touch10=0.90 col10=0.10 to10=0.00 min_d= 0.30 avg_spd=2.11m/s end=goal t= 6048.3s
[TRAIN][PPO] ep=366/500 r=  581.92 avg10=  587.65 steps=1394 succ10=1.00 touch10=1.00 col10=0.00 to10=0.00 min_d= 0.30 avg_spd=2.11m/s end=goal t= 6061.4s
[TRAIN][PPO] ep=367/500 r=  -39.38 avg10=  525.77 steps=  35 succ10=0.90 touch10=0.90 col10=0.10 to10=0.00 min_d= 3.84 avg_spd=1.88m/s end=collision t= 6061.8s
[TRAIN][PPO] ep=368/500 r=  581.81 avg10=  525.69 steps=1401 succ10=0.90 touch10=0.90 col10=0.10 to10=0.00 min_d= 0.30 avg_spd=2.11m/s end=goal t= 6077.4s
[TRAIN][PPO] ep=369/500 r=  591.12 avg10=  525.73 steps=1439 succ10=0.90 touch10=0.90 col10=0.10 to10=0.00 min_d= 0.30 avg_spd=2.09m/s end=goal t= 6092.2s
[TRAIN][PPO] ep=370/500 r=  596.72 avg10=  525.48 steps=1435 succ10=0.90 touch10=0.90 col10=0.10 to10=0.00 min_d= 0.30 avg_spd=2.11m/s end=goal t= 6106.4s
[TRAIN][PPO] ep=371/500 r=  594.09 avg10=  525.17 steps=1423 succ10=0.90 touch10=0.90 col10=0.10 to10=0.00 min_d= 0.30 avg_spd=2.11m/s end=goal t= 6120.2s
[TRAIN][PPO] ep=372/500 r=  595.80 avg10=  527.00 steps=1436 succ10=0.90 touch10=0.90 col10=0.10 to10=0.00 min_d= 0.30 avg_spd=2.13m/s end=goal t= 6136.2s
[TRAIN][PPO] ep=373/500 r=  575.77 avg10=  526.17 steps=1565 succ10=0.90 touch10=0.90 col10=0.10 to10=0.00 min_d= 0.30 avg_spd=2.11m/s end=goal t= 6151.9s
[TRAIN][PPO] ep=374/500 r=  582.54 avg10=  525.03 steps=1395 succ10=0.90 touch10=0.90 col10=0.10 to10=0.00 min_d= 0.30 avg_spd=2.11m/s end=goal t= 6165.9s
[TRAIN][PPO] ep=375/500 r=  583.96 avg10=  524.44 steps=1395 succ10=0.90 touch10=0.90 col10=0.10 to10=0.00 min_d= 0.30 avg_spd=2.11m/s end=goal t= 6180.0s
[TRAIN][PPO] ep=376/500 r=  589.93 avg10=  525.24 steps=1422 succ10=0.90 touch10=0.90 col10=0.10 to10=0.00 min_d= 0.30 avg_spd=2.11m/s end=goal t= 6195.6s
[TRAIN][PPO] ep=377/500 r=  589.90 avg10=  588.16 steps=1415 succ10=1.00 touch10=1.00 col10=0.00 to10=0.00 min_d= 0.30 avg_spd=2.13m/s end=goal t= 6209.8s
[TRAIN][PPO] ep=378/500 r=  586.30 avg10=  588.61 steps=1415 succ10=1.00 touch10=1.00 col10=0.00 to10=0.00 min_d= 0.30 avg_spd=2.11m/s end=goal t= 6224.3s
[TRAIN][PPO] ep=379/500 r=  585.84 avg10=  588.08 steps=1413 succ10=1.00 touch10=1.00 col10=0.00 to10=0.00 min_d= 0.30 avg_spd=2.11m/s end=goal t= 6238.6s
[TRAIN][PPO] ep=380/500 r=  597.40 avg10=  588.15 steps=1432 succ10=1.00 touch10=1.00 col10=0.00 to10=0.00 min_d= 0.30 avg_spd=2.12m/s end=goal t= 6255.5s
[TRAIN][PPO] ep=381/500 r=  586.22 avg10=  587.37 steps=1407 succ10=1.00 touch10=1.00 col10=0.00 to10=0.00 min_d= 0.30 avg_spd=2.11m/s end=goal t= 6269.6s
[TRAIN][PPO] ep=382/500 r=  587.31 avg10=  586.52 steps=1407 succ10=1.00 touch10=1.00 col10=0.00 to10=0.00 min_d= 0.30 avg_spd=2.11m/s end=goal t= 6283.7s
[TRAIN][PPO] ep=383/500 r=  597.31 avg10=  588.67 steps=1440 succ10=1.00 touch10=1.00 col10=0.00 to10=0.00 min_d= 0.30 avg_spd=2.12m/s end=goal t= 6297.9s
[TRAIN][PPO] ep=384/500 r=  -42.85 avg10=  526.13 steps=  28 succ10=0.90 touch10=0.90 col10=0.10 to10=0.00 min_d= 3.84 avg_spd=1.94m/s end=collision t= 6299.6s
[TRAIN][PPO] ep=385/500 r=  592.13 avg10=  526.95 steps=1427 succ10=0.90 touch10=0.90 col10=0.10 to10=0.00 min_d= 0.30 avg_spd=2.11m/s end=goal t= 6313.9s
[TRAIN][PPO] ep=386/500 r=  584.40 avg10=  526.40 steps=1398 succ10=0.90 touch10=0.90 col10=0.10 to10=0.00 min_d= 0.30 avg_spd=2.13m/s end=goal t= 6327.6s
[TRAIN][PPO] ep=387/500 r=  597.96 avg10=  527.20 steps=1435 succ10=0.90 touch10=0.90 col10=0.10 to10=0.00 min_d= 0.30 avg_spd=2.12m/s end=goal t= 6341.8s
[TRAIN][PPO] ep=388/500 r=  592.65 avg10=  527.84 steps=1419 succ10=0.90 touch10=0.90 col10=0.10 to10=0.00 min_d= 0.30 avg_spd=2.13m/s end=goal t= 6357.9s
[TRAIN][PPO] ep=389/500 r=  554.58 avg10=  524.71 steps=1605 succ10=0.90 touch10=0.90 col10=0.10 to10=0.00 min_d= 0.30 avg_spd=2.09m/s end=goal t= 6374.8s
[TRAIN][PPO] ep=390/500 r=  600.94 avg10=  525.06 steps=1447 succ10=0.90 touch10=0.90 col10=0.10 to10=0.00 min_d= 0.30 avg_spd=2.10m/s end=goal t= 6390.4s
[TRAIN][PPO] ep=391/500 r=  601.19 avg10=  526.56 steps=1452 succ10=0.90 touch10=0.90 col10=0.10 to10=0.00 min_d= 0.30 avg_spd=2.11m/s end=goal t= 6406.0s
[TRAIN][PPO] ep=392/500 r=  595.43 avg10=  527.37 steps=1430 succ10=0.90 touch10=0.90 col10=0.10 to10=0.00 min_d= 0.30 avg_spd=2.11m/s end=goal t= 6422.4s
[TRAIN][PPO] ep=393/500 r=  581.96 avg10=  525.84 steps=1391 succ10=0.90 touch10=0.90 col10=0.10 to10=0.00 min_d= 0.30 avg_spd=2.12m/s end=goal t= 6437.1s
[TRAIN][PPO] ep=394/500 r=  598.05 avg10=  589.93 steps=1445 succ10=1.00 touch10=1.00 col10=0.00 to10=0.00 min_d= 0.30 avg_spd=2.11m/s end=goal t= 6451.9s
[TRAIN][PPO] ep=395/500 r=  598.18 avg10=  590.53 steps=1459 succ10=1.00 touch10=1.00 col10=0.00 to10=0.00 min_d= 0.30 avg_spd=2.09m/s end=goal t= 6466.5s
[TRAIN][PPO] ep=396/500 r=  597.47 avg10=  591.84 steps=1442 succ10=1.00 touch10=1.00 col10=0.00 to10=0.00 min_d= 0.30 avg_spd=2.10m/s end=goal t= 6483.0s
[TRAIN][PPO] ep=397/500 r=  592.95 avg10=  591.34 steps=1427 succ10=1.00 touch10=1.00 col10=0.00 to10=0.00 min_d= 0.30 avg_spd=2.14m/s end=goal t= 6497.8s
[TRAIN][PPO] ep=398/500 r=  579.59 avg10=  590.03 steps=1382 succ10=1.00 touch10=1.00 col10=0.00 to10=0.00 min_d= 0.30 avg_spd=2.13m/s end=goal t= 6511.9s
[TRAIN][PPO] ep=399/500 r=  596.80 avg10=  594.26 steps=1442 succ10=1.00 touch10=1.00 col10=0.00 to10=0.00 min_d= 0.30 avg_spd=2.12m/s end=goal t= 6525.7s
[TRAIN][PPO] ep=400/500 r=  582.21 avg10=  592.38 steps=1412 succ10=1.00 touch10=1.00 col10=0.00 to10=0.00 min_d= 0.30 avg_spd=2.11m/s end=goal t= 6540.8s ckpt=latest
[TRAIN][PPO] ep=401/500 r=  584.04 avg10=  590.67 steps=1394 succ10=1.00 touch10=1.00 col10=0.00 to10=0.00 min_d= 0.30 avg_spd=2.14m/s end=goal t= 6554.1s
[TRAIN][PPO] ep=402/500 r=  591.34 avg10=  590.26 steps=1430 succ10=1.00 touch10=1.00 col10=0.00 to10=0.00 min_d= 0.30 avg_spd=2.12m/s end=goal t= 6567.9s
[TRAIN][PPO] ep=403/500 r=  583.51 avg10=  590.41 steps=1405 succ10=1.00 touch10=1.00 col10=0.00 to10=0.00 min_d= 0.30 avg_spd=2.10m/s end=goal t= 6581.1s
[TRAIN][PPO] ep=404/500 r=  571.65 avg10=  587.78 steps=1555 succ10=1.00 touch10=1.00 col10=0.00 to10=0.00 min_d= 0.30 avg_spd=2.13m/s end=goal t= 6597.2s
[TRAIN][PPO] ep=405/500 r=  592.32 avg10=  587.19 steps=1447 succ10=1.00 touch10=1.00 col10=0.00 to10=0.00 min_d= 0.30 avg_spd=2.08m/s end=goal t= 6610.7s
[TRAIN][PPO] ep=406/500 r=  580.98 avg10=  585.54 steps=1391 succ10=1.00 touch10=1.00 col10=0.00 to10=0.00 min_d= 0.30 avg_spd=2.12m/s end=goal t= 6623.8s
[TRAIN][PPO] ep=407/500 r=  592.55 avg10=  585.50 steps=1431 succ10=1.00 touch10=1.00 col10=0.00 to10=0.00 min_d= 0.30 avg_spd=2.11m/s end=goal t= 6637.4s
[TRAIN][PPO] ep=408/500 r=  592.39 avg10=  586.78 steps=1426 succ10=1.00 touch10=1.00 col10=0.00 to10=0.00 min_d= 0.30 avg_spd=2.11m/s end=goal t= 6651.9s
[TRAIN][PPO] ep=409/500 r=  582.29 avg10=  585.33 steps=1393 succ10=1.00 touch10=1.00 col10=0.00 to10=0.00 min_d= 0.30 avg_spd=2.11m/s end=goal t= 6665.1s
[TRAIN][PPO] ep=410/500 r=  596.28 avg10=  586.74 steps=1439 succ10=1.00 touch10=1.00 col10=0.00 to10=0.00 min_d= 0.30 avg_spd=2.12m/s end=goal t= 6678.6s
[TRAIN][PPO] ep=411/500 r=  -44.66 avg10=  523.87 steps=  21 succ10=0.90 touch10=0.90 col10=0.10 to10=0.00 min_d= 3.84 avg_spd=2.07m/s end=collision t= 6678.9s
[TRAIN][PPO] ep=412/500 r=  582.80 avg10=  523.01 steps=1391 succ10=0.90 touch10=0.90 col10=0.10 to10=0.00 min_d= 0.30 avg_spd=2.12m/s end=goal t= 6693.5s
[TRAIN][PPO] ep=413/500 r=  589.10 avg10=  523.57 steps=1555 succ10=0.90 touch10=0.90 col10=0.10 to10=0.00 min_d= 0.30 avg_spd=2.09m/s end=goal t= 6708.2s
[TRAIN][PPO] ep=414/500 r=  597.76 avg10=  526.18 steps=1464 succ10=0.90 touch10=0.90 col10=0.10 to10=0.00 min_d= 0.30 avg_spd=2.10m/s end=goal t= 6722.0s
[TRAIN][PPO] ep=415/500 r=  588.49 avg10=  525.80 steps=1429 succ10=0.90 touch10=0.90 col10=0.10 to10=0.00 min_d= 0.30 avg_spd=2.10m/s end=goal t= 6735.0s
[TRAIN][PPO] ep=416/500 r=  595.92 avg10=  527.29 steps=1431 succ10=0.90 touch10=0.90 col10=0.10 to10=0.00 min_d= 0.30 avg_spd=2.09m/s end=goal t= 6749.8s
[TRAIN][PPO] ep=417/500 r=  582.03 avg10=  526.24 steps=1397 succ10=0.90 touch10=0.90 col10=0.10 to10=0.00 min_d= 0.30 avg_spd=2.11m/s end=goal t= 6762.5s
[TRAIN][PPO] ep=418/500 r=  592.80 avg10=  526.28 steps=1435 succ10=0.90 touch10=0.90 col10=0.10 to10=0.00 min_d= 0.30 avg_spd=2.12m/s end=goal t= 6775.5s
[TRAIN][PPO] ep=419/500 r=  597.27 avg10=  527.78 steps=1453 succ10=0.90 touch10=0.90 col10=0.10 to10=0.00 min_d= 0.30 avg_spd=2.10m/s end=goal t= 6788.8s
[TRAIN][PPO] ep=420/500 r=  598.21 avg10=  527.97 steps=1455 succ10=0.90 touch10=0.90 col10=0.10 to10=0.00 min_d= 0.30 avg_spd=2.11m/s end=goal t= 6804.0s
[TRAIN][PPO] ep=421/500 r=  594.37 avg10=  591.87 steps=1433 succ10=1.00 touch10=1.00 col10=0.00 to10=0.00 min_d= 0.30 avg_spd=2.09m/s end=goal t= 6817.1s
[TRAIN][PPO] ep=422/500 r=  573.01 avg10=  590.89 steps=1535 succ10=1.00 touch10=1.00 col10=0.00 to10=0.00 min_d= 0.30 avg_spd=2.10m/s end=goal t= 6831.0s
[TRAIN][PPO] ep=423/500 r=  583.75 avg10=  590.36 steps=1410 succ10=1.00 touch10=1.00 col10=0.00 to10=0.00 min_d= 0.30 avg_spd=2.11m/s end=goal t= 6844.0s
[TRAIN][PPO] ep=424/500 r=  593.21 avg10=  589.91 steps=1436 succ10=1.00 touch10=1.00 col10=0.00 to10=0.00 min_d= 0.30 avg_spd=2.12m/s end=goal t= 6858.4s
[TRAIN][PPO] ep=425/500 r=  593.33 avg10=  590.39 steps=1437 succ10=1.00 touch10=1.00 col10=0.00 to10=0.00 min_d= 0.30 avg_spd=2.11m/s end=goal t= 6871.7s
[TRAIN][PPO] ep=426/500 r=  600.57 avg10=  590.85 steps=1458 succ10=1.00 touch10=1.00 col10=0.00 to10=0.00 min_d= 0.30 avg_spd=2.10m/s end=goal t= 6885.1s
[TRAIN][PPO] ep=427/500 r=  566.18 avg10=  589.27 steps=1560 succ10=1.00 touch10=1.00 col10=0.00 to10=0.00 min_d= 0.30 avg_spd=2.11m/s end=goal t= 6899.5s
[TRAIN][PPO] ep=428/500 r=  588.61 avg10=  588.85 steps=1427 succ10=1.00 touch10=1.00 col10=0.00 to10=0.00 min_d= 0.30 avg_spd=2.10m/s end=goal t= 6914.2s
[TRAIN][PPO] ep=429/500 r=  596.94 avg10=  588.82 steps=1448 succ10=1.00 touch10=1.00 col10=0.00 to10=0.00 min_d= 0.30 avg_spd=2.11m/s end=goal t= 6927.8s
[TRAIN][PPO] ep=430/500 r=  580.47 avg10=  587.04 steps=1401 succ10=1.00 touch10=1.00 col10=0.00 to10=0.00 min_d= 0.30 avg_spd=2.11m/s end=goal t= 6940.9s
[TRAIN][PPO] ep=431/500 r=  586.45 avg10=  586.25 steps=1418 succ10=1.00 touch10=1.00 col10=0.00 to10=0.00 min_d= 0.30 avg_spd=2.11m/s end=goal t= 6954.4s
[TRAIN][PPO] ep=432/500 r=  595.32 avg10=  588.48 steps=1444 succ10=1.00 touch10=1.00 col10=0.00 to10=0.00 min_d= 0.30 avg_spd=2.09m/s end=goal t= 6969.3s
[TRAIN][PPO] ep=433/500 r=  597.66 avg10=  589.87 steps=1446 succ10=1.00 touch10=1.00 col10=0.00 to10=0.00 min_d= 0.30 avg_spd=2.12m/s end=goal t= 6982.9s
[TRAIN][PPO] ep=434/500 r=  588.73 avg10=  589.43 steps=1419 succ10=1.00 touch10=1.00 col10=0.00 to10=0.00 min_d= 0.30 avg_spd=2.11m/s end=goal t= 6996.3s
[TRAIN][PPO] ep=435/500 r=  594.23 avg10=  589.52 steps=1440 succ10=1.00 touch10=1.00 col10=0.00 to10=0.00 min_d= 0.30 avg_spd=2.10m/s end=goal t= 7009.8s
[TRAIN][PPO] ep=436/500 r=  590.29 avg10=  588.49 steps=1422 succ10=1.00 touch10=1.00 col10=0.00 to10=0.00 min_d= 0.30 avg_spd=2.12m/s end=goal t= 7024.7s
[TRAIN][PPO] ep=437/500 r=  599.68 avg10=  591.84 steps=1451 succ10=1.00 touch10=1.00 col10=0.00 to10=0.00 min_d= 0.30 avg_spd=2.11m/s end=goal t= 7038.1s
[TRAIN][PPO] ep=438/500 r=  597.31 avg10=  592.71 steps=1449 succ10=1.00 touch10=1.00 col10=0.00 to10=0.00 min_d= 0.30 avg_spd=2.11m/s end=goal t= 7051.6s
[TRAIN][PPO] ep=439/500 r=  588.03 avg10=  591.82 steps=1414 succ10=1.00 touch10=1.00 col10=0.00 to10=0.00 min_d= 0.30 avg_spd=2.12m/s end=goal t= 7064.9s
[TRAIN][PPO] ep=440/500 r=  586.82 avg10=  592.45 steps=1430 succ10=1.00 touch10=1.00 col10=0.00 to10=0.00 min_d= 0.30 avg_spd=2.11m/s end=goal t= 7079.7s
[TRAIN][PPO] ep=441/500 r=  587.18 avg10=  592.52 steps=1544 succ10=1.00 touch10=1.00 col10=0.00 to10=0.00 min_d= 0.30 avg_spd=2.11m/s end=goal t= 7094.4s
[TRAIN][PPO] ep=442/500 r=  580.77 avg10=  591.07 steps=1383 succ10=1.00 touch10=1.00 col10=0.00 to10=0.00 min_d= 0.30 avg_spd=2.12m/s end=goal t= 7107.7s
[TRAIN][PPO] ep=443/500 r=  596.04 avg10=  590.91 steps=1437 succ10=1.00 touch10=1.00 col10=0.00 to10=0.00 min_d= 0.30 avg_spd=2.13m/s end=goal t= 7121.6s
[TRAIN][PPO] ep=444/500 r=  601.90 avg10=  592.22 steps=1450 succ10=1.00 touch10=1.00 col10=0.00 to10=0.00 min_d= 0.30 avg_spd=2.10m/s end=goal t= 7136.9s
[TRAIN][PPO] ep=445/500 r=  593.57 avg10=  592.16 steps=1423 succ10=1.00 touch10=1.00 col10=0.00 to10=0.00 min_d= 0.30 avg_spd=2.11m/s end=goal t= 7150.1s
[TRAIN][PPO] ep=446/500 r=  592.47 avg10=  592.38 steps=1422 succ10=1.00 touch10=1.00 col10=0.00 to10=0.00 min_d= 0.30 avg_spd=2.12m/s end=goal t= 7163.2s
[TRAIN][PPO] ep=447/500 r=  591.66 avg10=  591.57 steps=1416 succ10=1.00 touch10=1.00 col10=0.00 to10=0.00 min_d= 0.30 avg_spd=2.10m/s end=goal t= 7176.6s
[TRAIN][PPO] ep=448/500 r=  588.12 avg10=  590.66 steps=1419 succ10=1.00 touch10=1.00 col10=0.00 to10=0.00 min_d= 0.30 avg_spd=2.11m/s end=goal t= 7191.4s
[TRAIN][PPO] ep=449/500 r=  582.75 avg10=  590.13 steps=1397 succ10=1.00 touch10=1.00 col10=0.00 to10=0.00 min_d= 0.30 avg_spd=2.10m/s end=goal t= 7204.8s
[TRAIN][PPO] ep=450/500 r=  601.92 avg10=  591.64 steps=1454 succ10=1.00 touch10=1.00 col10=0.00 to10=0.00 min_d= 0.30 avg_spd=2.11m/s end=goal t= 7218.7s
[TRAIN][PPO] ep=451/500 r=  598.44 avg10=  592.76 steps=1441 succ10=1.00 touch10=1.00 col10=0.00 to10=0.00 min_d= 0.30 avg_spd=2.12m/s end=goal t= 7232.7s
[TRAIN][PPO] ep=452/500 r=  586.29 avg10=  593.32 steps=1404 succ10=1.00 touch10=1.00 col10=0.00 to10=0.00 min_d= 0.30 avg_spd=2.11m/s end=goal t= 7247.6s
[TRAIN][PPO] ep=453/500 r=  594.41 avg10=  593.15 steps=1451 succ10=1.00 touch10=1.00 col10=0.00 to10=0.00 min_d= 0.30 avg_spd=2.07m/s end=goal t= 7261.2s
[TRAIN][PPO] ep=454/500 r=  600.22 avg10=  592.99 steps=1458 succ10=1.00 touch10=1.00 col10=0.00 to10=0.00 min_d= 0.30 avg_spd=2.11m/s end=goal t= 7274.5s
[TRAIN][PPO] ep=455/500 r=  587.70 avg10=  592.40 steps=1418 succ10=1.00 touch10=1.00 col10=0.00 to10=0.00 min_d= 0.30 avg_spd=2.10m/s end=goal t= 7287.8s
[TRAIN][PPO] ep=456/500 r=  588.83 avg10=  592.03 steps=1447 succ10=1.00 touch10=1.00 col10=0.00 to10=0.00 min_d= 0.30 avg_spd=2.07m/s end=goal t= 7303.2s
[TRAIN][PPO] ep=457/500 r=  -29.90 avg10=  529.88 steps= 128 succ10=0.90 touch10=0.90 col10=0.10 to10=0.00 min_d= 3.82 avg_spd=2.05m/s end=collision t= 7304.5s
[TRAIN][PPO] ep=458/500 r=  601.83 avg10=  531.25 steps=1465 succ10=0.90 touch10=0.90 col10=0.10 to10=0.00 min_d= 0.30 avg_spd=2.10m/s end=goal t= 7317.8s
[TRAIN][PPO] ep=459/500 r=  587.29 avg10=  531.70 steps=1410 succ10=0.90 touch10=0.90 col10=0.10 to10=0.00 min_d= 0.30 avg_spd=2.10m/s end=goal t= 7330.8s
[TRAIN][PPO] ep=460/500 r=  599.25 avg10=  531.44 steps=1447 succ10=0.90 touch10=0.90 col10=0.10 to10=0.00 min_d= 0.30 avg_spd=2.09m/s end=goal t= 7345.8s
[TRAIN][PPO] ep=461/500 r=  566.20 avg10=  528.21 steps=1588 succ10=0.90 touch10=0.90 col10=0.10 to10=0.00 min_d= 0.30 avg_spd=2.07m/s end=goal t= 7360.4s
[TRAIN][PPO] ep=462/500 r=  576.77 avg10=  527.26 steps=1529 succ10=0.90 touch10=0.90 col10=0.10 to10=0.00 min_d= 0.30 avg_spd=2.10m/s end=goal t= 7374.1s
[TRAIN][PPO] ep=463/500 r=  584.33 avg10=  526.25 steps=1402 succ10=0.90 touch10=0.90 col10=0.10 to10=0.00 min_d= 0.30 avg_spd=2.11m/s end=goal t= 7386.7s
[TRAIN][PPO] ep=464/500 r=  583.74 avg10=  524.60 steps=1401 succ10=0.90 touch10=0.90 col10=0.10 to10=0.00 min_d= 0.30 avg_spd=2.12m/s end=goal t= 7400.8s
[TRAIN][PPO] ep=465/500 r=  583.69 avg10=  524.20 steps=1407 succ10=0.90 touch10=0.90 col10=0.10 to10=0.00 min_d= 0.30 avg_spd=2.10m/s end=goal t= 7413.7s
[TRAIN][PPO] ep=466/500 r=  582.27 avg10=  523.55 steps=1401 succ10=0.90 touch10=0.90 col10=0.10 to10=0.00 min_d= 0.30 avg_spd=2.11m/s end=goal t= 7425.9s
[TRAIN][PPO] ep=467/500 r=  595.67 avg10=  586.10 steps=1436 succ10=1.00 touch10=1.00 col10=0.00 to10=0.00 min_d= 0.30 avg_spd=2.11m/s end=goal t= 7437.8s
[TRAIN][PPO] ep=468/500 r=  594.23 avg10=  585.34 steps=1448 succ10=1.00 touch10=1.00 col10=0.00 to10=0.00 min_d= 0.30 avg_spd=2.08m/s end=goal t= 7451.3s
[TRAIN][PPO] ep=469/500 r=  -33.64 avg10=  523.25 steps=  62 succ10=0.90 touch10=0.90 col10=0.10 to10=0.00 min_d= 3.84 avg_spd=2.18m/s end=collision t= 7451.8s
[TRAIN][PPO] ep=470/500 r=  589.82 avg10=  522.31 steps=1414 succ10=0.90 touch10=0.90 col10=0.10 to10=0.00 min_d= 0.30 avg_spd=2.11m/s end=goal t= 7463.5s
[TRAIN][PPO] ep=471/500 r=  586.97 avg10=  524.38 steps=1407 succ10=0.90 touch10=0.90 col10=0.10 to10=0.00 min_d= 0.30 avg_spd=2.09m/s end=goal t= 7474.8s
[TRAIN][PPO] ep=472/500 r=  -41.53 avg10=  462.55 steps=  43 succ10=0.80 touch10=0.80 col10=0.20 to10=0.00 min_d= 3.81 avg_spd=2.16m/s end=collision t= 7476.0s
[TRAIN][PPO] ep=473/500 r=  602.25 avg10=  464.35 steps=1445 succ10=0.80 touch10=0.80 col10=0.20 to10=0.00 min_d= 0.30 avg_spd=2.10m/s end=goal t= 7488.1s
[TRAIN][PPO] ep=474/500 r=  602.33 avg10=  466.20 steps=1448 succ10=0.80 touch10=0.80 col10=0.20 to10=0.00 min_d= 0.30 avg_spd=2.10m/s end=goal t= 7500.2s
[TRAIN][PPO] ep=475/500 r=  586.56 avg10=  466.49 steps=1406 succ10=0.80 touch10=0.80 col10=0.20 to10=0.00 min_d= 0.30 avg_spd=2.10m/s end=goal t= 7512.3s
[TRAIN][PPO] ep=476/500 r=  594.73 avg10=  467.74 steps=1437 succ10=0.80 touch10=0.80 col10=0.20 to10=0.00 min_d= 0.30 avg_spd=2.09m/s end=goal t= 7526.1s
[TRAIN][PPO] ep=477/500 r=  585.77 avg10=  466.75 steps=1422 succ10=0.80 touch10=0.80 col10=0.20 to10=0.00 min_d= 0.30 avg_spd=2.10m/s end=goal t= 7538.6s
[TRAIN][PPO] ep=478/500 r=  583.73 avg10=  465.70 steps=1397 succ10=0.80 touch10=0.80 col10=0.20 to10=0.00 min_d= 0.30 avg_spd=2.11m/s end=goal t= 7550.6s
[TRAIN][PPO] ep=479/500 r=  604.17 avg10=  529.48 steps=1468 succ10=0.90 touch10=0.90 col10=0.10 to10=0.00 min_d= 0.30 avg_spd=2.08m/s end=goal t= 7563.2s
[TRAIN][PPO] ep=480/500 r=  601.16 avg10=  530.61 steps=1467 succ10=0.90 touch10=0.90 col10=0.10 to10=0.00 min_d= 0.30 avg_spd=2.08m/s end=goal t= 7577.0s
[TRAIN][PPO] ep=481/500 r=  582.68 avg10=  530.18 steps=1402 succ10=0.90 touch10=0.90 col10=0.10 to10=0.00 min_d= 0.30 avg_spd=2.11m/s end=goal t= 7589.2s
[TRAIN][PPO] ep=482/500 r=  590.04 avg10=  593.34 steps=1419 succ10=1.00 touch10=1.00 col10=0.00 to10=0.00 min_d= 0.30 avg_spd=2.10m/s end=goal t= 7601.6s
[TRAIN][PPO] ep=483/500 r=  597.00 avg10=  592.82 steps=1589 succ10=1.00 touch10=1.00 col10=0.00 to10=0.00 min_d= 0.30 avg_spd=2.08m/s end=goal t= 7615.0s
[TRAIN][PPO] ep=484/500 r=  600.50 avg10=  592.63 steps=1446 succ10=1.00 touch10=1.00 col10=0.00 to10=0.00 min_d= 0.30 avg_spd=2.10m/s end=goal t= 7628.9s
[TRAIN][PPO] ep=485/500 r=  588.74 avg10=  592.85 steps=1421 succ10=1.00 touch10=1.00 col10=0.00 to10=0.00 min_d= 0.30 avg_spd=2.11m/s end=goal t= 7640.9s
[TRAIN][PPO] ep=486/500 r=  586.16 avg10=  592.00 steps=1406 succ10=1.00 touch10=1.00 col10=0.00 to10=0.00 min_d= 0.30 avg_spd=2.12m/s end=goal t= 7652.9s
[TRAIN][PPO] ep=487/500 r=  558.28 avg10=  589.25 steps=1594 succ10=1.00 touch10=1.00 col10=0.00 to10=0.00 min_d= 0.30 avg_spd=2.07m/s end=goal t= 7665.7s
[TRAIN][PPO] ep=488/500 r=  588.04 avg10=  589.68 steps=1548 succ10=1.00 touch10=1.00 col10=0.00 to10=0.00 min_d= 0.30 avg_spd=2.10m/s end=goal t= 7681.0s
[TRAIN][PPO] ep=489/500 r=  595.79 avg10=  588.84 steps=1589 succ10=1.00 touch10=1.00 col10=0.00 to10=0.00 min_d= 0.30 avg_spd=2.09m/s end=goal t= 7693.6s
[TRAIN][PPO] ep=490/500 r=  598.44 avg10=  588.57 steps=1440 succ10=1.00 touch10=1.00 col10=0.00 to10=0.00 min_d= 0.30 avg_spd=2.10m/s end=goal t= 7705.3s
[TRAIN][PPO] ep=491/500 r=  595.85 avg10=  589.89 steps=1435 succ10=1.00 touch10=1.00 col10=0.00 to10=0.00 min_d= 0.30 avg_spd=2.11m/s end=goal t= 7716.9s
[TRAIN][PPO] ep=492/500 r=  585.56 avg10=  589.44 steps=1403 succ10=1.00 touch10=1.00 col10=0.00 to10=0.00 min_d= 0.30 avg_spd=2.12m/s end=goal t= 7729.4s
[TRAIN][PPO] ep=493/500 r=  -35.55 avg10=  526.18 steps= 159 succ10=0.90 touch10=0.90 col10=0.10 to10=0.00 min_d= 3.82 avg_spd=1.85m/s end=collision t= 7730.7s
[TRAIN][PPO] ep=494/500 r=  587.35 avg10=  524.87 steps=1428 succ10=0.90 touch10=0.90 col10=0.10 to10=0.00 min_d= 0.30 avg_spd=2.08m/s end=goal t= 7742.4s
[TRAIN][PPO] ep=495/500 r=  604.64 avg10=  526.46 steps=1486 succ10=0.90 touch10=0.90 col10=0.10 to10=0.00 min_d= 0.30 avg_spd=2.07m/s end=goal t= 7754.6s
[TRAIN][PPO] ep=496/500 r=  595.85 avg10=  527.43 steps=1435 succ10=0.90 touch10=0.90 col10=0.10 to10=0.00 min_d= 0.30 avg_spd=2.11m/s end=goal t= 7767.4s
[TRAIN][PPO] ep=497/500 r=  601.75 avg10=  531.77 steps=1457 succ10=0.90 touch10=0.90 col10=0.10 to10=0.00 min_d= 0.30 avg_spd=2.10m/s end=goal t= 7779.0s
[TRAIN][PPO] ep=498/500 r=  582.84 avg10=  531.25 steps=1416 succ10=0.90 touch10=0.90 col10=0.10 to10=0.00 min_d= 0.30 avg_spd=2.10m/s end=goal t= 7790.2s
[TRAIN][PPO] ep=499/500 r=  590.12 avg10=  530.68 steps=1435 succ10=0.90 touch10=0.90 col10=0.10 to10=0.00 min_d= 0.30 avg_spd=2.10m/s end=goal t= 7801.8s
INFO: PPO: Terminating.
[RUN] completed stage checkpoint=/uio/hume/student-u79/esbrovol/fys5429/DRL-Obstacle-Avoidance/controllers/PPO/checkpoints/20260525_141956_gru_seed01_stage10_train_10_full/final_20260525_141956_gru_seed01_stage10_train_10_full.pth
[RUN] curriculum complete arch=gru seed=1
