[RUN] arch=lstm seed=1 stage=1/10 world=/uio/hume/student-u79/esbrovol/fys5429/DRL-Obstacle-Avoidance/worlds/training/train_1_empty.wbt
INFO: PPO: Starting controller: python3 -u PPO.py
[PPO] Using architecture: LSTM
[TRAIN][PPO] arch=LSTM weights_dir=/uio/hume/student-u79/esbrovol/fys5429/DRL-Obstacle-Avoidance/controllers/PPO/checkpoints/20260525_141956_lstm_seed01_stage01_train_1_empty final=/uio/hume/student-u79/esbrovol/fys5429/DRL-Obstacle-Avoidance/controllers/PPO/checkpoints/20260525_141956_lstm_seed01_stage01_train_1_empty/final_20260525_141956_lstm_seed01_stage01_train_1_empty.pth
[TRAIN][PPO] episodes=500 update_every=4 obs=31 act=2 cell=LSTM seq=32 burn_in=8
[TRAIN][PPO] ep=001/500 r=  308.86 avg10=  308.86 steps=1514 succ10=0.00 touch10=0.00 col10=1.00 to10=0.00 min_d= 1.30 avg_spd=1.80m/s end=collision t=   20.2s ckpt=best
[TRAIN][PPO] ep=002/500 r=  669.27 avg10=  489.06 steps=1649 succ10=0.50 touch10=0.50 col10=0.50 to10=0.00 min_d= 0.30 avg_spd=1.82m/s end=goal t=   41.8s ckpt=best_goal
[TRAIN][PPO] ep=003/500 r=  392.28 avg10=  456.80 steps=1404 succ10=0.33 touch10=0.33 col10=0.67 to10=0.00 min_d= 0.98 avg_spd=1.80m/s end=collision t=   60.4s
[TRAIN][PPO] ep=004/500 r=  300.78 avg10=  417.80 steps=1552 succ10=0.25 touch10=0.25 col10=0.75 to10=0.00 min_d= 1.29 avg_spd=1.82m/s end=collision t=   84.0s
[TRAIN][PPO] ep=005/500 r=  393.73 avg10=  412.98 steps=1390 succ10=0.20 touch10=0.20 col10=0.80 to10=0.00 min_d= 0.96 avg_spd=1.81m/s end=collision t=  102.4s
[TRAIN][PPO] ep=006/500 r=  227.41 avg10=  382.06 steps=1548 succ10=0.17 touch10=0.17 col10=0.83 to10=0.00 min_d= 1.67 avg_spd=1.82m/s end=collision t=  123.1s
[TRAIN][PPO] ep=007/500 r=  319.20 avg10=  373.08 steps=1402 succ10=0.14 touch10=0.14 col10=0.86 to10=0.00 min_d= 1.23 avg_spd=1.82m/s end=collision t=  141.8s
[TRAIN][PPO] ep=008/500 r=  303.32 avg10=  364.36 steps=1475 succ10=0.12 touch10=0.12 col10=0.88 to10=0.00 min_d= 1.24 avg_spd=1.82m/s end=collision t=  162.7s
[TRAIN][PPO] ep=009/500 r=   68.51 avg10=  331.49 steps=1679 succ10=0.11 touch10=0.11 col10=0.89 to10=0.00 min_d= 2.25 avg_spd=1.83m/s end=collision t=  184.4s
[TRAIN][PPO] ep=010/500 r=   55.30 avg10=  303.87 steps=1703 succ10=0.10 touch10=0.10 col10=0.90 to10=0.00 min_d= 2.31 avg_spd=1.80m/s end=collision t=  206.4s
[TRAIN][PPO] ep=011/500 r=  416.96 avg10=  314.68 steps=1908 succ10=0.10 touch10=0.10 col10=0.90 to10=0.00 min_d= 0.37 avg_spd=1.80m/s end=collision t=  231.5s
[TRAIN][PPO] ep=012/500 r=  371.31 avg10=  284.88 steps=1495 succ10=0.00 touch10=0.00 col10=1.00 to10=0.00 min_d= 0.96 avg_spd=1.81m/s end=collision t=  254.5s
[TRAIN][PPO] ep=013/500 r=    1.80 avg10=  245.83 steps=1678 succ10=0.00 touch10=0.00 col10=1.00 to10=0.00 min_d= 2.26 avg_spd=1.80m/s end=collision t=  276.3s
[TRAIN][PPO] ep=014/500 r=  394.20 avg10=  255.18 steps=1529 succ10=0.00 touch10=0.00 col10=1.00 to10=0.00 min_d= 0.93 avg_spd=1.79m/s end=collision t=  295.4s
[TRAIN][PPO] ep=015/500 r=  423.97 avg10=  258.20 steps=1405 succ10=0.00 touch10=0.00 col10=1.00 to10=0.00 min_d= 0.85 avg_spd=1.81m/s end=collision t=  313.1s
[TRAIN][PPO] ep=016/500 r=  330.62 avg10=  268.52 steps=1516 succ10=0.00 touch10=0.00 col10=1.00 to10=0.00 min_d= 1.22 avg_spd=1.80m/s end=collision t=  334.6s
[TRAIN][PPO] ep=017/500 r=  659.59 avg10=  302.56 steps=1707 succ10=0.10 touch10=0.10 col10=0.90 to10=0.00 min_d= 0.30 avg_spd=1.79m/s end=goal t=  356.1s
[TRAIN][PPO] ep=018/500 r=   79.98 avg10=  280.22 steps=1721 succ10=0.10 touch10=0.10 col10=0.90 to10=0.00 min_d= 1.88 avg_spd=1.79m/s end=collision t=  377.8s
[TRAIN][PPO] ep=019/500 r=  241.40 avg10=  297.51 steps=1527 succ10=0.10 touch10=0.10 col10=0.90 to10=0.00 min_d= 1.63 avg_spd=1.81m/s end=collision t=  397.6s
[TRAIN][PPO] ep=020/500 r=  303.85 avg10=  322.37 steps=1487 succ10=0.10 touch10=0.10 col10=0.90 to10=0.00 min_d= 1.38 avg_spd=1.82m/s end=collision t=  419.1s
[TRAIN][PPO] ep=021/500 r=  350.93 avg10=  315.76 steps=1493 succ10=0.10 touch10=0.10 col10=0.90 to10=0.00 min_d= 1.19 avg_spd=1.78m/s end=collision t=  438.9s
[TRAIN][PPO] ep=022/500 r=  -34.70 avg10=  275.16 steps=1456 succ10=0.10 touch10=0.10 col10=0.90 to10=0.00 min_d= 2.69 avg_spd=1.78m/s end=collision t=  458.1s
[TRAIN][PPO] ep=023/500 r=  663.42 avg10=  341.33 steps=1716 succ10=0.20 touch10=0.20 col10=0.80 to10=0.00 min_d= 0.30 avg_spd=1.77m/s end=goal t=  480.1s
[TRAIN][PPO] ep=024/500 r=  425.95 avg10=  344.50 steps=1481 succ10=0.20 touch10=0.20 col10=0.80 to10=0.00 min_d= 0.87 avg_spd=1.79m/s end=collision t=  501.5s
[TRAIN][PPO] ep=025/500 r=  377.49 avg10=  339.85 steps=1513 succ10=0.20 touch10=0.20 col10=0.80 to10=0.00 min_d= 1.11 avg_spd=1.76m/s end=collision t=  521.4s
[TRAIN][PPO] ep=026/500 r=   -7.55 avg10=  306.04 steps=1665 succ10=0.20 touch10=0.20 col10=0.80 to10=0.00 min_d= 2.40 avg_spd=1.78m/s end=collision t=  542.6s
[TRAIN][PPO] ep=027/500 r=  345.71 avg10=  274.65 steps=1473 succ10=0.10 touch10=0.10 col10=0.90 to10=0.00 min_d= 1.19 avg_spd=1.77m/s end=collision t=  561.1s
[TRAIN][PPO] ep=028/500 r=  366.90 avg10=  303.34 steps=1502 succ10=0.10 touch10=0.10 col10=0.90 to10=0.00 min_d= 1.15 avg_spd=1.78m/s end=collision t=  582.4s
[TRAIN][PPO] ep=029/500 r=  376.95 avg10=  316.90 steps=1382 succ10=0.10 touch10=0.10 col10=0.90 to10=0.00 min_d= 1.01 avg_spd=1.80m/s end=collision t=  600.5s
[TRAIN][PPO] ep=030/500 r=  429.45 avg10=  329.46 steps=1452 succ10=0.10 touch10=0.10 col10=0.90 to10=0.00 min_d= 0.92 avg_spd=1.77m/s end=collision t=  619.2s
[TRAIN][PPO] ep=031/500 r=  673.27 avg10=  361.69 steps=1635 succ10=0.20 touch10=0.20 col10=0.80 to10=0.00 min_d= 0.30 avg_spd=1.78m/s end=goal t=  640.1s ckpt=best_goal
[TRAIN][PPO] ep=032/500 r=   97.84 avg10=  374.94 steps=1664 succ10=0.20 touch10=0.20 col10=0.80 to10=0.00 min_d= 2.05 avg_spd=1.77m/s end=collision t=  663.3s
[TRAIN][PPO] ep=033/500 r=  438.35 avg10=  352.44 steps=1426 succ10=0.10 touch10=0.10 col10=0.90 to10=0.00 min_d= 0.83 avg_spd=1.76m/s end=collision t=  681.2s
[TRAIN][PPO] ep=034/500 r=  244.40 avg10=  334.28 steps=1490 succ10=0.10 touch10=0.10 col10=0.90 to10=0.00 min_d= 1.54 avg_spd=1.79m/s end=collision t=  700.5s
[TRAIN][PPO] ep=035/500 r=  -57.44 avg10=  290.79 steps=1401 succ10=0.10 touch10=0.10 col10=0.90 to10=0.00 min_d= 2.77 avg_spd=1.81m/s end=collision t=  718.9s
[TRAIN][PPO] ep=036/500 r=  371.52 avg10=  328.70 steps=1486 succ10=0.10 touch10=0.10 col10=0.90 to10=0.00 min_d= 1.07 avg_spd=1.77m/s end=collision t=  740.2s
[TRAIN][PPO] ep=037/500 r=  224.28 avg10=  316.55 steps=1626 succ10=0.10 touch10=0.10 col10=0.90 to10=0.00 min_d= 1.73 avg_spd=1.73m/s end=collision t=  761.3s
[TRAIN][PPO] ep=038/500 r=  277.47 avg10=  307.61 steps=1538 succ10=0.10 touch10=0.10 col10=0.90 to10=0.00 min_d= 1.51 avg_spd=1.78m/s end=collision t=  781.2s
[TRAIN][PPO] ep=039/500 r=  383.55 avg10=  308.27 steps=1493 succ10=0.10 touch10=0.10 col10=0.90 to10=0.00 min_d= 1.00 avg_spd=1.73m/s end=collision t=  800.5s
[TRAIN][PPO] ep=040/500 r=  420.23 avg10=  307.35 steps=2083 succ10=0.10 touch10=0.10 col10=0.90 to10=0.00 min_d= 0.30 avg_spd=1.76m/s end=collision t=  830.5s
[TRAIN][PPO] ep=041/500 r=   72.73 avg10=  247.29 steps=1717 succ10=0.00 touch10=0.00 col10=1.00 to10=0.00 min_d= 2.04 avg_spd=1.78m/s end=collision t=  852.2s
[TRAIN][PPO] ep=042/500 r=  373.80 avg10=  274.89 steps=1547 succ10=0.00 touch10=0.00 col10=1.00 to10=0.00 min_d= 1.07 avg_spd=1.75m/s end=collision t=  871.9s
[TRAIN][PPO] ep=043/500 r= -322.42 avg10=  198.81 steps=1082 succ10=0.00 touch10=0.00 col10=1.00 to10=0.00 min_d= 3.62 avg_spd=1.79m/s end=collision t=  886.0s
[TRAIN][PPO] ep=044/500 r=  -26.80 avg10=  171.69 steps=1567 succ10=0.00 touch10=0.00 col10=1.00 to10=0.00 min_d= 2.55 avg_spd=1.76m/s end=collision t=  908.1s
[TRAIN][PPO] ep=045/500 r=  175.17 avg10=  194.95 steps=1686 succ10=0.00 touch10=0.00 col10=1.00 to10=0.00 min_d= 1.71 avg_spd=1.77m/s end=collision t=  929.8s
[TRAIN][PPO] ep=046/500 r=   -8.50 avg10=  156.95 steps=1764 succ10=0.00 touch10=0.00 col10=1.00 to10=0.00 min_d= 1.98 avg_spd=1.77m/s end=collision t=  952.7s
[TRAIN][PPO] ep=047/500 r=  351.63 avg10=  169.69 steps=1630 succ10=0.00 touch10=0.00 col10=1.00 to10=0.00 min_d= 1.12 avg_spd=1.78m/s end=collision t=  973.7s
[TRAIN][PPO] ep=048/500 r=  -16.54 avg10=  140.29 steps=1928 succ10=0.00 touch10=0.00 col10=1.00 to10=0.00 min_d= 1.79 avg_spd=1.78m/s end=collision t= 1000.8s
[TRAIN][PPO] ep=049/500 r=  394.63 avg10=  141.39 steps=1599 succ10=0.00 touch10=0.00 col10=1.00 to10=0.00 min_d= 0.90 avg_spd=1.76m/s end=collision t= 1021.7s
[TRAIN][PPO] ep=050/500 r=  284.60 avg10=  127.83 steps=1581 succ10=0.00 touch10=0.00 col10=1.00 to10=0.00 min_d= 1.50 avg_spd=1.75m/s end=collision t= 1041.9s
[TRAIN][PPO] ep=051/500 r=  -73.52 avg10=  113.21 steps=1402 succ10=0.00 touch10=0.00 col10=1.00 to10=0.00 min_d= 2.72 avg_spd=1.79m/s end=collision t= 1060.0s
[TRAIN][PPO] ep=052/500 r= -183.02 avg10=   57.52 steps=1183 succ10=0.00 touch10=0.00 col10=1.00 to10=0.00 min_d= 3.28 avg_spd=1.76m/s end=collision t= 1078.7s
[TRAIN][PPO] ep=053/500 r=  131.20 avg10=  102.88 steps=1676 succ10=0.00 touch10=0.00 col10=1.00 to10=0.00 min_d= 1.78 avg_spd=1.75m/s end=collision t= 1100.1s
[TRAIN][PPO] ep=054/500 r=  238.92 avg10=  129.46 steps=1685 succ10=0.00 touch10=0.00 col10=1.00 to10=0.00 min_d= 1.48 avg_spd=1.76m/s end=collision t= 1121.1s
[TRAIN][PPO] ep=055/500 r=  333.21 avg10=  145.26 steps=1581 succ10=0.00 touch10=0.00 col10=1.00 to10=0.00 min_d= 1.33 avg_spd=1.73m/s end=collision t= 1141.1s
[TRAIN][PPO] ep=056/500 r=  132.49 avg10=  159.36 steps=1676 succ10=0.00 touch10=0.00 col10=1.00 to10=0.00 min_d= 1.85 avg_spd=1.76m/s end=collision t= 1165.1s
[TRAIN][PPO] ep=057/500 r=  326.86 avg10=  156.88 steps=1508 succ10=0.00 touch10=0.00 col10=1.00 to10=0.00 min_d= 1.26 avg_spd=1.74m/s end=collision t= 1184.5s
[TRAIN][PPO] ep=058/500 r=  150.19 avg10=  173.56 steps=1630 succ10=0.00 touch10=0.00 col10=1.00 to10=0.00 min_d= 1.96 avg_spd=1.75m/s end=collision t= 1205.2s
[TRAIN][PPO] ep=059/500 r=  234.04 avg10=  157.50 steps=1666 succ10=0.00 touch10=0.00 col10=1.00 to10=0.00 min_d= 1.64 avg_spd=1.73m/s end=collision t= 1225.8s
[TRAIN][PPO] ep=060/500 r=   -1.18 avg10=  128.92 steps=1720 succ10=0.00 touch10=0.00 col10=1.00 to10=0.00 min_d= 2.29 avg_spd=1.78m/s end=collision t= 1250.8s
[TRAIN][PPO] ep=061/500 r=   -6.58 avg10=  135.61 steps=1589 succ10=0.00 touch10=0.00 col10=1.00 to10=0.00 min_d= 2.55 avg_spd=1.74m/s end=collision t= 1271.4s
[TRAIN][PPO] ep=062/500 r=  204.26 avg10=  174.34 steps=1657 succ10=0.00 touch10=0.00 col10=1.00 to10=0.00 min_d= 1.68 avg_spd=1.77m/s end=collision t= 1292.4s
[TRAIN][PPO] ep=063/500 r=  401.91 avg10=  201.41 steps=1549 succ10=0.00 touch10=0.00 col10=1.00 to10=0.00 min_d= 0.87 avg_spd=1.74m/s end=collision t= 1312.2s
[TRAIN][PPO] ep=064/500 r=  -67.05 avg10=  170.81 steps=1344 succ10=0.00 touch10=0.00 col10=1.00 to10=0.00 min_d= 2.87 avg_spd=1.78m/s end=collision t= 1331.9s
[TRAIN][PPO] ep=065/500 r=  409.98 avg10=  178.49 steps=1498 succ10=0.00 touch10=0.00 col10=1.00 to10=0.00 min_d= 0.94 avg_spd=1.71m/s end=collision t= 1350.7s
[TRAIN][PPO] ep=066/500 r=  -64.91 avg10=  158.75 steps=1336 succ10=0.00 touch10=0.00 col10=1.00 to10=0.00 min_d= 2.84 avg_spd=1.77m/s end=collision t= 1368.0s
[TRAIN][PPO] ep=067/500 r=  319.76 avg10=  158.04 steps=1511 succ10=0.00 touch10=0.00 col10=1.00 to10=0.00 min_d= 1.35 avg_spd=1.74m/s end=collision t= 1386.7s
[TRAIN][PPO] ep=068/500 r=  397.09 avg10=  182.73 steps=1501 succ10=0.00 touch10=0.00 col10=1.00 to10=0.00 min_d= 1.07 avg_spd=1.72m/s end=collision t= 1407.3s
[TRAIN][PPO] ep=069/500 r=  -43.53 avg10=  154.98 steps=1392 succ10=0.00 touch10=0.00 col10=1.00 to10=0.00 min_d= 2.80 avg_spd=1.76m/s end=collision t= 1425.2s
[TRAIN][PPO] ep=070/500 r=  687.46 avg10=  223.84 steps=1783 succ10=0.10 touch10=0.10 col10=0.90 to10=0.00 min_d= 0.30 avg_spd=1.71m/s end=goal t= 1448.4s ckpt=best_goal
[TRAIN][PPO] ep=071/500 r=  385.04 avg10=  263.00 steps=1506 succ10=0.10 touch10=0.10 col10=0.90 to10=0.00 min_d= 1.11 avg_spd=1.75m/s end=collision t= 1467.3s
[TRAIN][PPO] ep=072/500 r=  235.45 avg10=  266.12 steps=1597 succ10=0.10 touch10=0.10 col10=0.90 to10=0.00 min_d= 1.71 avg_spd=1.75m/s end=collision t= 1489.5s
[TRAIN][PPO] ep=073/500 r=  697.15 avg10=  295.64 steps=1740 succ10=0.20 touch10=0.20 col10=0.80 to10=0.00 min_d= 0.30 avg_spd=1.74m/s end=goal t= 1511.8s ckpt=best_goal
[TRAIN][PPO] ep=074/500 r=  356.37 avg10=  337.99 steps=1540 succ10=0.20 touch10=0.20 col10=0.80 to10=0.00 min_d= 1.24 avg_spd=1.73m/s end=collision t= 1531.1s
[TRAIN][PPO] ep=075/500 r=  393.72 avg10=  336.36 steps=1462 succ10=0.20 touch10=0.20 col10=0.80 to10=0.00 min_d= 0.98 avg_spd=1.73m/s end=collision t= 1549.4s
[TRAIN][PPO] ep=076/500 r=  437.08 avg10=  386.56 steps=1919 succ10=0.20 touch10=0.20 col10=0.80 to10=0.00 min_d= 0.31 avg_spd=1.76m/s end=collision t= 1575.6s
[TRAIN][PPO] ep=077/500 r=  426.79 avg10=  397.26 steps=1467 succ10=0.20 touch10=0.20 col10=0.80 to10=0.00 min_d= 0.91 avg_spd=1.72m/s end=collision t= 1594.6s
[TRAIN][PPO] ep=078/500 r=  156.25 avg10=  373.18 steps=1685 succ10=0.20 touch10=0.20 col10=0.80 to10=0.00 min_d= 1.89 avg_spd=1.74m/s end=collision t= 1616.8s
[TRAIN][PPO] ep=079/500 r=  294.42 avg10=  406.97 steps=1526 succ10=0.20 touch10=0.20 col10=0.80 to10=0.00 min_d= 1.43 avg_spd=1.74m/s end=collision t= 1636.5s
[TRAIN][PPO] ep=080/500 r=  444.46 avg10=  382.67 steps=1482 succ10=0.10 touch10=0.10 col10=0.90 to10=0.00 min_d= 0.89 avg_spd=1.71m/s end=collision t= 1657.8s
[TRAIN][PPO] ep=081/500 r=  699.69 avg10=  414.14 steps=1718 succ10=0.20 touch10=0.20 col10=0.80 to10=0.00 min_d= 0.30 avg_spd=1.72m/s end=goal t= 1680.0s ckpt=best_goal
[TRAIN][PPO] ep=082/500 r=  451.06 avg10=  435.70 steps=1516 succ10=0.20 touch10=0.20 col10=0.80 to10=0.00 min_d= 0.86 avg_spd=1.72m/s end=collision t= 1699.6s
[TRAIN][PPO] ep=083/500 r=  -87.43 avg10=  357.24 steps=1309 succ10=0.10 touch10=0.10 col10=0.90 to10=0.00 min_d= 2.97 avg_spd=1.80m/s end=collision t= 1716.4s
[TRAIN][PPO] ep=084/500 r=  700.58 avg10=  391.66 steps=1705 succ10=0.20 touch10=0.20 col10=0.80 to10=0.00 min_d= 0.30 avg_spd=1.71m/s end=goal t= 1740.0s ckpt=best_goal
[TRAIN][PPO] ep=085/500 r=  694.33 avg10=  421.72 steps=1691 succ10=0.30 touch10=0.30 col10=0.70 to10=0.00 min_d= 0.30 avg_spd=1.70m/s end=goal t= 1761.5s
[TRAIN][PPO] ep=086/500 r=  449.82 avg10=  423.00 steps=1495 succ10=0.30 touch10=0.30 col10=0.70 to10=0.00 min_d= 0.86 avg_spd=1.71m/s end=collision t= 1779.9s
[TRAIN][PPO] ep=087/500 r=  406.48 avg10=  420.97 steps=1490 succ10=0.30 touch10=0.30 col10=0.70 to10=0.00 min_d= 0.98 avg_spd=1.70m/s end=collision t= 1798.7s
[TRAIN][PPO] ep=088/500 r=  691.13 avg10=  474.45 steps=1697 succ10=0.40 touch10=0.40 col10=0.60 to10=0.00 min_d= 0.30 avg_spd=1.70m/s end=goal t= 1823.4s
[TRAIN][PPO] ep=089/500 r=  456.30 avg10=  490.64 steps=1478 succ10=0.40 touch10=0.40 col10=0.60 to10=0.00 min_d= 0.81 avg_spd=1.72m/s end=collision t= 1842.6s
[TRAIN][PPO] ep=090/500 r=  698.68 avg10=  516.06 steps=1785 succ10=0.50 touch10=0.50 col10=0.50 to10=0.00 min_d= 0.30 avg_spd=1.69m/s end=goal t= 1865.5s
[TRAIN][PPO] ep=091/500 r=  433.55 avg10=  489.45 steps=1455 succ10=0.40 touch10=0.40 col10=0.60 to10=0.00 min_d= 0.89 avg_spd=1.74m/s end=collision t= 1884.6s
[TRAIN][PPO] ep=092/500 r=  466.30 avg10=  490.97 steps=2001 succ10=0.40 touch10=0.40 col10=0.60 to10=0.00 min_d= 0.33 avg_spd=1.72m/s end=collision t= 1913.5s
[TRAIN][PPO] ep=093/500 r=  422.79 avg10=  541.99 steps=1436 succ10=0.40 touch10=0.40 col10=0.60 to10=0.00 min_d= 0.87 avg_spd=1.75m/s end=collision t= 1932.3s
[TRAIN][PPO] ep=094/500 r=  214.36 avg10=  493.37 steps=1561 succ10=0.30 touch10=0.30 col10=0.70 to10=0.00 min_d= 1.71 avg_spd=1.75m/s end=collision t= 1952.5s
[TRAIN][PPO] ep=095/500 r=  420.87 avg10=  466.03 steps=1453 succ10=0.20 touch10=0.20 col10=0.80 to10=0.00 min_d= 0.86 avg_spd=1.75m/s end=collision t= 1971.3s
[TRAIN][PPO] ep=096/500 r=  344.42 avg10=  455.49 steps=1458 succ10=0.20 touch10=0.20 col10=0.80 to10=0.00 min_d= 1.19 avg_spd=1.79m/s end=collision t= 1993.4s
[TRAIN][PPO] ep=097/500 r=  291.32 avg10=  443.97 steps=1515 succ10=0.20 touch10=0.20 col10=0.80 to10=0.00 min_d= 1.42 avg_spd=1.75m/s end=collision t= 2012.7s
[TRAIN][PPO] ep=098/500 r=  236.28 avg10=  398.49 steps=1578 succ10=0.10 touch10=0.10 col10=0.90 to10=0.00 min_d= 1.68 avg_spd=1.74m/s end=collision t= 2033.1s
[TRAIN][PPO] ep=099/500 r=    2.11 avg10=  353.07 steps=1786 succ10=0.10 touch10=0.10 col10=0.90 to10=0.00 min_d= 2.36 avg_spd=1.77m/s end=collision t= 2056.1s
[TRAIN][PPO] ep=100/500 r=  442.80 avg10=  327.48 steps=1919 succ10=0.00 touch10=0.00 col10=1.00 to10=0.00 min_d= 0.32 avg_spd=1.77m/s end=collision t= 2084.0s ckpt=latest
[TRAIN][PPO] ep=101/500 r=  671.68 avg10=  351.29 steps=1615 succ10=0.10 touch10=0.10 col10=0.90 to10=0.00 min_d= 0.30 avg_spd=1.79m/s end=goal t= 2104.4s
[TRAIN][PPO] ep=102/500 r=  419.97 avg10=  346.66 steps=1436 succ10=0.10 touch10=0.10 col10=0.90 to10=0.00 min_d= 0.91 avg_spd=1.78m/s end=collision t= 2122.8s
[TRAIN][PPO] ep=103/500 r=  323.96 avg10=  336.78 steps=1534 succ10=0.10 touch10=0.10 col10=0.90 to10=0.00 min_d= 1.24 avg_spd=1.78m/s end=collision t= 2142.6s
[TRAIN][PPO] ep=104/500 r=   23.77 avg10=  317.72 steps=1735 succ10=0.10 touch10=0.10 col10=0.90 to10=0.00 min_d= 2.29 avg_spd=1.76m/s end=collision t= 2168.3s
[TRAIN][PPO] ep=105/500 r=  342.65 avg10=  309.90 steps=1472 succ10=0.10 touch10=0.10 col10=0.90 to10=0.00 min_d= 1.21 avg_spd=1.77m/s end=collision t= 2186.9s
[TRAIN][PPO] ep=106/500 r=  418.75 avg10=  317.33 steps=1466 succ10=0.10 touch10=0.10 col10=0.90 to10=0.00 min_d= 0.95 avg_spd=1.75m/s end=collision t= 2205.3s
[TRAIN][PPO] ep=107/500 r=   55.85 avg10=  293.78 steps=1673 succ10=0.10 touch10=0.10 col10=0.90 to10=0.00 min_d= 2.21 avg_spd=1.77m/s end=collision t= 2226.9s
[TRAIN][PPO] ep=108/500 r=  371.83 avg10=  307.34 steps=1452 succ10=0.10 touch10=0.10 col10=0.90 to10=0.00 min_d= 1.08 avg_spd=1.78m/s end=collision t= 2246.9s
[TRAIN][PPO] ep=109/500 r=  388.98 avg10=  346.02 steps=1416 succ10=0.10 touch10=0.10 col10=0.90 to10=0.00 min_d= 1.00 avg_spd=1.79m/s end=collision t= 2264.7s
[TRAIN][PPO] ep=110/500 r=  291.44 avg10=  330.89 steps=1541 succ10=0.10 touch10=0.10 col10=0.90 to10=0.00 min_d= 1.42 avg_spd=1.78m/s end=collision t= 2284.6s
[TRAIN][PPO] ep=111/500 r=  166.43 avg10=  280.36 steps=1637 succ10=0.00 touch10=0.00 col10=1.00 to10=0.00 min_d= 1.86 avg_spd=1.76m/s end=collision t= 2305.6s
[TRAIN][PPO] ep=112/500 r=  253.64 avg10=  263.73 steps=1535 succ10=0.00 touch10=0.00 col10=1.00 to10=0.00 min_d= 1.56 avg_spd=1.78m/s end=collision t= 2328.5s
[TRAIN][PPO] ep=113/500 r=   41.51 avg10=  235.49 steps=1656 succ10=0.00 touch10=0.00 col10=1.00 to10=0.00 min_d= 2.30 avg_spd=1.82m/s end=collision t= 2349.9s
[TRAIN][PPO] ep=114/500 r=  416.40 avg10=  274.75 steps=1447 succ10=0.00 touch10=0.00 col10=1.00 to10=0.00 min_d= 0.85 avg_spd=1.77m/s end=collision t= 2368.7s
[TRAIN][PPO] ep=115/500 r=  390.50 avg10=  279.53 steps=1432 succ10=0.00 touch10=0.00 col10=1.00 to10=0.00 min_d= 1.01 avg_spd=1.76m/s end=collision t= 2387.3s
[TRAIN][PPO] ep=116/500 r=  313.58 avg10=  269.02 steps=1460 succ10=0.00 touch10=0.00 col10=1.00 to10=0.00 min_d= 1.28 avg_spd=1.79m/s end=collision t= 2410.1s
[TRAIN][PPO] ep=117/500 r=  287.57 avg10=  292.19 steps=1445 succ10=0.00 touch10=0.00 col10=1.00 to10=0.00 min_d= 1.39 avg_spd=1.81m/s end=collision t= 2429.1s
[TRAIN][PPO] ep=118/500 r=  672.10 avg10=  322.22 steps=1646 succ10=0.10 touch10=0.10 col10=0.90 to10=0.00 min_d= 0.30 avg_spd=1.78m/s end=goal t= 2449.8s
[TRAIN][PPO] ep=119/500 r=  254.00 avg10=  308.72 steps=1571 succ10=0.10 touch10=0.10 col10=0.90 to10=0.00 min_d= 1.49 avg_spd=1.78m/s end=collision t= 2469.7s
[TRAIN][PPO] ep=120/500 r=  351.60 avg10=  314.73 steps=1504 succ10=0.10 touch10=0.10 col10=0.90 to10=0.00 min_d= 1.13 avg_spd=1.80m/s end=collision t= 2491.3s
[TRAIN][PPO] ep=121/500 r=  371.38 avg10=  335.23 steps=1501 succ10=0.10 touch10=0.10 col10=0.90 to10=0.00 min_d= 1.09 avg_spd=1.76m/s end=collision t= 2510.5s
[TRAIN][PPO] ep=122/500 r=  289.61 avg10=  338.82 steps=1439 succ10=0.10 touch10=0.10 col10=0.90 to10=0.00 min_d= 1.36 avg_spd=1.81m/s end=collision t= 2529.3s
[TRAIN][PPO] ep=123/500 r=   -4.70 avg10=  334.20 steps=1606 succ10=0.10 touch10=0.10 col10=0.90 to10=0.00 min_d= 2.60 avg_spd=1.79m/s end=collision t= 2549.8s
[TRAIN][PPO] ep=124/500 r=   29.75 avg10=  295.54 steps=1728 succ10=0.10 touch10=0.10 col10=0.90 to10=0.00 min_d= 2.36 avg_spd=1.80m/s end=collision t= 2574.2s
[TRAIN][PPO] ep=125/500 r=  447.90 avg10=  301.28 steps=1905 succ10=0.10 touch10=0.10 col10=0.90 to10=0.00 min_d= 0.31 avg_spd=1.81m/s end=collision t= 2598.7s
[TRAIN][PPO] ep=126/500 r=  437.56 avg10=  313.68 steps=1443 succ10=0.10 touch10=0.10 col10=0.90 to10=0.00 min_d= 0.86 avg_spd=1.72m/s end=collision t= 2617.5s
[TRAIN][PPO] ep=127/500 r=  419.85 avg10=  326.91 steps=1446 succ10=0.10 touch10=0.10 col10=0.90 to10=0.00 min_d= 0.88 avg_spd=1.77m/s end=collision t= 2636.2s
[TRAIN][PPO] ep=128/500 r=  453.08 avg10=  305.00 steps=1944 succ10=0.00 touch10=0.00 col10=1.00 to10=0.00 min_d= 0.31 avg_spd=1.78m/s end=collision t= 2663.9s
[TRAIN][PPO] ep=129/500 r=  686.91 avg10=  348.29 steps=1670 succ10=0.10 touch10=0.10 col10=0.90 to10=0.00 min_d= 0.30 avg_spd=1.75m/s end=goal t= 2685.4s
[TRAIN][PPO] ep=130/500 r=  684.12 avg10=  381.55 steps=1705 succ10=0.20 touch10=0.20 col10=0.80 to10=0.00 min_d= 0.30 avg_spd=1.76m/s end=goal t= 2707.0s
[TRAIN][PPO] ep=131/500 r=  407.12 avg10=  385.12 steps=1522 succ10=0.20 touch10=0.20 col10=0.80 to10=0.00 min_d= 0.94 avg_spd=1.78m/s end=collision t= 2726.7s
[TRAIN][PPO] ep=132/500 r=  467.45 avg10=  402.90 steps=1903 succ10=0.20 touch10=0.20 col10=0.80 to10=0.00 min_d= 0.30 avg_spd=1.78m/s end=collision t= 2753.3s
[TRAIN][PPO] ep=133/500 r=  297.04 avg10=  433.08 steps=1468 succ10=0.20 touch10=0.20 col10=0.80 to10=0.00 min_d= 1.36 avg_spd=1.80m/s end=collision t= 2772.4s
[TRAIN][PPO] ep=134/500 r=  413.90 avg10=  471.49 steps=1450 succ10=0.20 touch10=0.20 col10=0.80 to10=0.00 min_d= 0.97 avg_spd=1.79m/s end=collision t= 2791.1s
[TRAIN][PPO] ep=135/500 r=  375.72 avg10=  464.28 steps=1476 succ10=0.20 touch10=0.20 col10=0.80 to10=0.00 min_d= 1.01 avg_spd=1.78m/s end=collision t= 2810.3s
[TRAIN][PPO] ep=136/500 r=  408.41 avg10=  461.36 steps=1557 succ10=0.20 touch10=0.20 col10=0.80 to10=0.00 min_d= 0.91 avg_spd=1.77m/s end=collision t= 2832.8s
[TRAIN][PPO] ep=137/500 r=  458.05 avg10=  465.18 steps=1494 succ10=0.20 touch10=0.20 col10=0.80 to10=0.00 min_d= 0.63 avg_spd=1.80m/s end=collision t= 2852.2s
[TRAIN][PPO] ep=138/500 r=  385.23 avg10=  458.40 steps=1407 succ10=0.20 touch10=0.20 col10=0.80 to10=0.00 min_d= 0.99 avg_spd=1.80m/s end=collision t= 2869.6s
[TRAIN][PPO] ep=139/500 r=  426.58 avg10=  432.36 steps=1424 succ10=0.10 touch10=0.10 col10=0.90 to10=0.00 min_d= 0.88 avg_spd=1.78m/s end=collision t= 2888.4s
[TRAIN][PPO] ep=140/500 r=  160.68 avg10=  380.02 steps=1594 succ10=0.00 touch10=0.00 col10=1.00 to10=0.00 min_d= 1.92 avg_spd=1.81m/s end=collision t= 2911.6s
[TRAIN][PPO] ep=141/500 r=  222.79 avg10=  361.59 steps=1552 succ10=0.00 touch10=0.00 col10=1.00 to10=0.00 min_d= 1.66 avg_spd=1.83m/s end=collision t= 2932.0s
[TRAIN][PPO] ep=142/500 r=  411.89 avg10=  356.03 steps=1438 succ10=0.00 touch10=0.00 col10=1.00 to10=0.00 min_d= 0.95 avg_spd=1.80m/s end=collision t= 2950.3s
[TRAIN][PPO] ep=143/500 r=  666.92 avg10=  393.02 steps=1590 succ10=0.10 touch10=0.10 col10=0.90 to10=0.00 min_d= 0.30 avg_spd=1.80m/s end=goal t= 2970.8s
[TRAIN][PPO] ep=144/500 r=  681.66 avg10=  419.79 steps=1683 succ10=0.20 touch10=0.20 col10=0.80 to10=0.00 min_d= 0.30 avg_spd=1.75m/s end=goal t= 2995.0s
[TRAIN][PPO] ep=145/500 r=    5.70 avg10=  382.79 steps=1676 succ10=0.20 touch10=0.20 col10=0.80 to10=0.00 min_d= 2.47 avg_spd=1.80m/s end=collision t= 3016.7s
[TRAIN][PPO] ep=146/500 r=  668.73 avg10=  408.82 steps=1624 succ10=0.30 touch10=0.30 col10=0.70 to10=0.00 min_d= 0.30 avg_spd=1.78m/s end=goal t= 3037.6s
[TRAIN][PPO] ep=147/500 r=  -29.50 avg10=  360.07 steps=1449 succ10=0.30 touch10=0.30 col10=0.70 to10=0.00 min_d= 2.85 avg_spd=1.80m/s end=collision t= 3056.2s
[TRAIN][PPO] ep=148/500 r=  388.43 avg10=  360.39 steps=1404 succ10=0.30 touch10=0.30 col10=0.70 to10=0.00 min_d= 0.95 avg_spd=1.79m/s end=collision t= 3076.5s
[TRAIN][PPO] ep=149/500 r=  243.22 avg10=  342.05 steps=1506 succ10=0.30 touch10=0.30 col10=0.70 to10=0.00 min_d= 1.57 avg_spd=1.76m/s end=collision t= 3096.0s
[TRAIN][PPO] ep=150/500 r=  668.33 avg10=  392.82 steps=1746 succ10=0.40 touch10=0.40 col10=0.60 to10=0.00 min_d= 0.30 avg_spd=1.78m/s end=goal t= 3118.9s
[TRAIN][PPO] ep=151/500 r=  663.31 avg10=  436.87 steps=1610 succ10=0.50 touch10=0.50 col10=0.50 to10=0.00 min_d= 0.30 avg_spd=1.78m/s end=goal t= 3139.7s
[TRAIN][PPO] ep=152/500 r=  314.55 avg10=  427.14 steps=1449 succ10=0.50 touch10=0.50 col10=0.50 to10=0.00 min_d= 1.29 avg_spd=1.78m/s end=collision t= 3160.4s
[TRAIN][PPO] ep=153/500 r=  674.51 avg10=  427.89 steps=1687 succ10=0.50 touch10=0.50 col10=0.50 to10=0.00 min_d= 0.30 avg_spd=1.79m/s end=goal t= 3182.0s
[TRAIN][PPO] ep=154/500 r=  423.50 avg10=  402.08 steps=1458 succ10=0.40 touch10=0.40 col10=0.60 to10=0.00 min_d= 0.87 avg_spd=1.81m/s end=collision t= 3200.9s
[TRAIN][PPO] ep=155/500 r=  417.84 avg10=  443.29 steps=1444 succ10=0.40 touch10=0.40 col10=0.60 to10=0.00 min_d= 0.88 avg_spd=1.81m/s end=collision t= 3219.3s
[TRAIN][PPO] ep=156/500 r=  654.58 avg10=  441.88 steps=1667 succ10=0.40 touch10=0.40 col10=0.60 to10=0.00 min_d= 0.30 avg_spd=1.81m/s end=goal t= 3243.0s
[TRAIN][PPO] ep=157/500 r=  670.99 avg10=  511.93 steps=1608 succ10=0.50 touch10=0.50 col10=0.50 to10=0.00 min_d= 0.30 avg_spd=1.81m/s end=goal t= 3263.7s
[TRAIN][PPO] ep=158/500 r=  665.83 avg10=  539.67 steps=1611 succ10=0.60 touch10=0.60 col10=0.40 to10=0.00 min_d= 0.30 avg_spd=1.78m/s end=goal t= 3284.3s
[TRAIN][PPO] ep=159/500 r=  425.35 avg10=  557.88 steps=1376 succ10=0.60 touch10=0.60 col10=0.40 to10=0.00 min_d= 0.81 avg_spd=1.81m/s end=collision t= 3301.2s
[TRAIN][PPO] ep=160/500 r=  668.15 avg10=  557.86 steps=1624 succ10=0.60 touch10=0.60 col10=0.40 to10=0.00 min_d= 0.30 avg_spd=1.82m/s end=goal t= 3324.4s
[TRAIN][PPO] ep=161/500 r=  399.02 avg10=  531.43 steps=1399 succ10=0.50 touch10=0.50 col10=0.50 to10=0.00 min_d= 0.94 avg_spd=1.80m/s end=collision t= 3342.5s
[TRAIN][PPO] ep=162/500 r=  673.38 avg10=  567.32 steps=1655 succ10=0.60 touch10=0.60 col10=0.40 to10=0.00 min_d= 0.30 avg_spd=1.80m/s end=goal t= 3363.5s
[TRAIN][PPO] ep=163/500 r=  665.08 avg10=  566.37 steps=1700 succ10=0.60 touch10=0.60 col10=0.40 to10=0.00 min_d= 0.30 avg_spd=1.79m/s end=goal t= 3385.0s
[TRAIN][PPO] ep=164/500 r=  418.41 avg10=  565.86 steps=1425 succ10=0.60 touch10=0.60 col10=0.40 to10=0.00 min_d= 0.91 avg_spd=1.78m/s end=collision t= 3405.6s
[TRAIN][PPO] ep=165/500 r=  436.54 avg10=  567.73 steps=1897 succ10=0.60 touch10=0.60 col10=0.40 to10=0.00 min_d= 0.31 avg_spd=1.79m/s end=collision t= 3430.3s
[TRAIN][PPO] ep=166/500 r=  257.87 avg10=  528.06 steps=1439 succ10=0.50 touch10=0.50 col10=0.50 to10=0.00 min_d= 1.45 avg_spd=1.84m/s end=collision t= 3449.0s
[TRAIN][PPO] ep=167/500 r=  410.37 avg10=  502.00 steps=1442 succ10=0.40 touch10=0.40 col10=0.60 to10=0.00 min_d= 0.94 avg_spd=1.79m/s end=collision t= 3467.3s
[TRAIN][PPO] ep=168/500 r=  652.87 avg10=  500.70 steps=1701 succ10=0.40 touch10=0.40 col10=0.60 to10=0.00 min_d= 0.30 avg_spd=1.80m/s end=goal t= 3493.1s
[TRAIN][PPO] ep=169/500 r=  432.96 avg10=  501.46 steps=1450 succ10=0.40 touch10=0.40 col10=0.60 to10=0.00 min_d= 0.86 avg_spd=1.79m/s end=collision t= 3511.8s
[TRAIN][PPO] ep=170/500 r=   49.68 avg10=  439.62 steps=1663 succ10=0.30 touch10=0.30 col10=0.70 to10=0.00 min_d= 2.30 avg_spd=1.82m/s end=collision t= 3533.3s
[TRAIN][PPO] ep=171/500 r=  682.19 avg10=  467.93 steps=1639 succ10=0.40 touch10=0.40 col10=0.60 to10=0.00 min_d= 0.30 avg_spd=1.79m/s end=goal t= 3554.4s
[TRAIN][PPO] ep=172/500 r=  455.21 avg10=  446.12 steps=1475 succ10=0.30 touch10=0.30 col10=0.70 to10=0.00 min_d= 0.65 avg_spd=1.82m/s end=collision t= 3575.9s
[TRAIN][PPO] ep=173/500 r=  657.86 avg10=  445.40 steps=1605 succ10=0.30 touch10=0.30 col10=0.70 to10=0.00 min_d= 0.30 avg_spd=1.80m/s end=goal t= 3596.4s
[TRAIN][PPO] ep=174/500 r=  360.05 avg10=  439.56 steps=1383 succ10=0.30 touch10=0.30 col10=0.70 to10=0.00 min_d= 1.06 avg_spd=1.81m/s end=collision t= 3614.0s
[TRAIN][PPO] ep=175/500 r=  662.30 avg10=  462.14 steps=1728 succ10=0.40 touch10=0.40 col10=0.60 to10=0.00 min_d= 0.30 avg_spd=1.81m/s end=goal t= 3636.5s
[TRAIN][PPO] ep=176/500 r=  294.91 avg10=  465.84 steps=1535 succ10=0.40 touch10=0.40 col10=0.60 to10=0.00 min_d= 1.33 avg_spd=1.79m/s end=collision t= 3658.0s
[TRAIN][PPO] ep=177/500 r=  412.90 avg10=  466.09 steps=1442 succ10=0.40 touch10=0.40 col10=0.60 to10=0.00 min_d= 0.93 avg_spd=1.80m/s end=collision t= 3676.8s
[TRAIN][PPO] ep=178/500 r=  658.28 avg10=  466.63 steps=1625 succ10=0.40 touch10=0.40 col10=0.60 to10=0.00 min_d= 0.30 avg_spd=1.80m/s end=goal t= 3697.8s
[TRAIN][PPO] ep=179/500 r=  418.12 avg10=  465.15 steps=1419 succ10=0.40 touch10=0.40 col10=0.60 to10=0.00 min_d= 0.87 avg_spd=1.80m/s end=collision t= 3716.5s
[TRAIN][PPO] ep=180/500 r=  664.69 avg10=  526.65 steps=1657 succ10=0.50 touch10=0.50 col10=0.50 to10=0.00 min_d= 0.30 avg_spd=1.81m/s end=goal t= 3739.9s
[TRAIN][PPO] ep=181/500 r=  182.36 avg10=  476.67 steps=1569 succ10=0.40 touch10=0.40 col10=0.60 to10=0.00 min_d= 1.80 avg_spd=1.81m/s end=collision t= 3760.6s
[TRAIN][PPO] ep=182/500 r=  389.31 avg10=  470.08 steps=1464 succ10=0.40 touch10=0.40 col10=0.60 to10=0.00 min_d= 0.93 avg_spd=1.79m/s end=collision t= 3779.4s
[TRAIN][PPO] ep=183/500 r=  678.77 avg10=  472.17 steps=1671 succ10=0.40 touch10=0.40 col10=0.60 to10=0.00 min_d= 0.30 avg_spd=1.79m/s end=goal t= 3801.2s
[TRAIN][PPO] ep=184/500 r=  662.68 avg10=  502.43 steps=1644 succ10=0.50 touch10=0.50 col10=0.50 to10=0.00 min_d= 0.30 avg_spd=1.79m/s end=goal t= 3824.7s
[TRAIN][PPO] ep=185/500 r=  669.57 avg10=  503.16 steps=1691 succ10=0.50 touch10=0.50 col10=0.50 to10=0.00 min_d= 0.30 avg_spd=1.80m/s end=goal t= 3846.4s
[TRAIN][PPO] ep=186/500 r=  385.93 avg10=  512.26 steps=1493 succ10=0.50 touch10=0.50 col10=0.50 to10=0.00 min_d= 0.90 avg_spd=1.80m/s end=collision t= 3865.9s
[TRAIN][PPO] ep=187/500 r=  264.74 avg10=  497.44 steps=1613 succ10=0.50 touch10=0.50 col10=0.50 to10=0.00 min_d= 1.37 avg_spd=1.80m/s end=collision t= 3886.8s
[TRAIN][PPO] ep=188/500 r=  669.07 avg10=  498.52 steps=1641 succ10=0.50 touch10=0.50 col10=0.50 to10=0.00 min_d= 0.30 avg_spd=1.78m/s end=goal t= 3909.8s
[TRAIN][PPO] ep=189/500 r=  326.10 avg10=  489.32 steps=1536 succ10=0.50 touch10=0.50 col10=0.50 to10=0.00 min_d= 1.12 avg_spd=1.79m/s end=collision t= 3929.8s
[TRAIN][PPO] ep=190/500 r=  676.30 avg10=  490.48 steps=1670 succ10=0.50 touch10=0.50 col10=0.50 to10=0.00 min_d= 0.30 avg_spd=1.77m/s end=goal t= 3951.6s
[TRAIN][PPO] ep=191/500 r=  679.45 avg10=  540.19 steps=1665 succ10=0.60 touch10=0.60 col10=0.40 to10=0.00 min_d= 0.30 avg_spd=1.75m/s end=goal t= 3973.2s
[TRAIN][PPO] ep=192/500 r=  671.81 avg10=  568.44 steps=1618 succ10=0.70 touch10=0.70 col10=0.30 to10=0.00 min_d= 0.30 avg_spd=1.82m/s end=goal t= 3996.9s
[TRAIN][PPO] ep=193/500 r=  373.27 avg10=  537.89 steps=1511 succ10=0.60 touch10=0.60 col10=0.40 to10=0.00 min_d= 1.09 avg_spd=1.75m/s end=collision t= 4016.6s
[TRAIN][PPO] ep=194/500 r=  675.23 avg10=  539.15 steps=1640 succ10=0.60 touch10=0.60 col10=0.40 to10=0.00 min_d= 0.30 avg_spd=1.76m/s end=goal t= 4037.5s
[TRAIN][PPO] ep=195/500 r=  676.00 avg10=  539.79 steps=1674 succ10=0.60 touch10=0.60 col10=0.40 to10=0.00 min_d= 0.30 avg_spd=1.77m/s end=goal t= 4058.5s
[TRAIN][PPO] ep=196/500 r=  438.81 avg10=  545.08 steps=1448 succ10=0.60 touch10=0.60 col10=0.40 to10=0.00 min_d= 0.86 avg_spd=1.77m/s end=collision t= 4079.0s
[TRAIN][PPO] ep=197/500 r=  673.59 avg10=  585.96 steps=1625 succ10=0.70 touch10=0.70 col10=0.30 to10=0.00 min_d= 0.30 avg_spd=1.77m/s end=goal t= 4100.1s
[TRAIN][PPO] ep=198/500 r=  413.27 avg10=  560.38 steps=1486 succ10=0.60 touch10=0.60 col10=0.40 to10=0.00 min_d= 0.95 avg_spd=1.76m/s end=collision t= 4119.2s
[TRAIN][PPO] ep=199/500 r=  393.75 avg10=  567.15 steps=1494 succ10=0.60 touch10=0.60 col10=0.40 to10=0.00 min_d= 0.98 avg_spd=1.78m/s end=collision t= 4138.5s
[TRAIN][PPO] ep=200/500 r=  654.00 avg10=  564.92 steps=1729 succ10=0.60 touch10=0.60 col10=0.40 to10=0.00 min_d= 0.30 avg_spd=1.78m/s end=goal t= 4163.3s ckpt=latest
[TRAIN][PPO] ep=201/500 r=  676.33 avg10=  564.61 steps=1720 succ10=0.60 touch10=0.60 col10=0.40 to10=0.00 min_d= 0.30 avg_spd=1.78m/s end=goal t= 4185.7s
[TRAIN][PPO] ep=202/500 r=  674.30 avg10=  564.86 steps=1623 succ10=0.60 touch10=0.60 col10=0.40 to10=0.00 min_d= 0.30 avg_spd=1.78m/s end=goal t= 4206.8s
[TRAIN][PPO] ep=203/500 r=  417.26 avg10=  569.25 steps=1427 succ10=0.60 touch10=0.60 col10=0.40 to10=0.00 min_d= 0.87 avg_spd=1.76m/s end=collision t= 4225.3s
[TRAIN][PPO] ep=204/500 r=  667.69 avg10=  568.50 steps=1641 succ10=0.60 touch10=0.60 col10=0.40 to10=0.00 min_d= 0.30 avg_spd=1.79m/s end=goal t= 4248.7s
[TRAIN][PPO] ep=205/500 r=  656.84 avg10=  566.58 steps=1599 succ10=0.60 touch10=0.60 col10=0.40 to10=0.00 min_d= 0.30 avg_spd=1.80m/s end=goal t= 4269.3s
[TRAIN][PPO] ep=206/500 r=  413.48 avg10=  564.05 steps=1473 succ10=0.60 touch10=0.60 col10=0.40 to10=0.00 min_d= 0.87 avg_spd=1.79m/s end=collision t= 4288.3s
[TRAIN][PPO] ep=207/500 r=  672.58 avg10=  563.95 steps=1624 succ10=0.60 touch10=0.60 col10=0.40 to10=0.00 min_d= 0.30 avg_spd=1.78m/s end=goal t= 4309.2s
[TRAIN][PPO] ep=208/500 r=  669.31 avg10=  589.55 steps=1635 succ10=0.70 touch10=0.70 col10=0.30 to10=0.00 min_d= 0.30 avg_spd=1.78m/s end=goal t= 4333.9s
[TRAIN][PPO] ep=209/500 r=  666.64 avg10=  616.84 steps=1600 succ10=0.80 touch10=0.80 col10=0.20 to10=0.00 min_d= 0.30 avg_spd=1.80m/s end=goal t= 4354.5s
[TRAIN][PPO] ep=210/500 r=  671.46 avg10=  618.59 steps=1665 succ10=0.80 touch10=0.80 col10=0.20 to10=0.00 min_d= 0.30 avg_spd=1.80m/s end=goal t= 4376.1s
[TRAIN][PPO] ep=211/500 r=  368.61 avg10=  587.82 steps=1515 succ10=0.70 touch10=0.70 col10=0.30 to10=0.00 min_d= 1.04 avg_spd=1.79m/s end=collision t= 4395.7s
[TRAIN][PPO] ep=212/500 r=  665.35 avg10=  586.92 steps=1604 succ10=0.70 touch10=0.70 col10=0.30 to10=0.00 min_d= 0.30 avg_spd=1.79m/s end=goal t= 4418.6s
[TRAIN][PPO] ep=213/500 r=  672.28 avg10=  612.42 steps=1663 succ10=0.80 touch10=0.80 col10=0.20 to10=0.00 min_d= 0.30 avg_spd=1.80m/s end=goal t= 4440.1s
[TRAIN][PPO] ep=214/500 r=  665.71 avg10=  612.23 steps=1587 succ10=0.80 touch10=0.80 col10=0.20 to10=0.00 min_d= 0.30 avg_spd=1.84m/s end=goal t= 4459.7s
[TRAIN][PPO] ep=215/500 r=  398.51 avg10=  586.39 steps=1486 succ10=0.70 touch10=0.70 col10=0.30 to10=0.00 min_d= 0.95 avg_spd=1.81m/s end=collision t= 4479.2s
[TRAIN][PPO] ep=216/500 r=  671.67 avg10=  612.21 steps=1612 succ10=0.80 touch10=0.80 col10=0.20 to10=0.00 min_d= 0.30 avg_spd=1.80m/s end=goal t= 4501.8s
[TRAIN][PPO] ep=217/500 r=  674.29 avg10=  612.38 steps=1694 succ10=0.80 touch10=0.80 col10=0.20 to10=0.00 min_d= 0.30 avg_spd=1.79m/s end=goal t= 4523.5s
[TRAIN][PPO] ep=218/500 r=  670.24 avg10=  612.48 steps=1605 succ10=0.80 touch10=0.80 col10=0.20 to10=0.00 min_d= 0.30 avg_spd=1.77m/s end=goal t= 4543.5s
[TRAIN][PPO] ep=219/500 r=  680.72 avg10=  613.88 steps=1676 succ10=0.80 touch10=0.80 col10=0.20 to10=0.00 min_d= 0.30 avg_spd=1.79m/s end=goal t= 4565.1s
[TRAIN][PPO] ep=220/500 r=  675.42 avg10=  614.28 steps=1658 succ10=0.80 touch10=0.80 col10=0.20 to10=0.00 min_d= 0.30 avg_spd=1.77m/s end=goal t= 4589.7s
[TRAIN][PPO] ep=221/500 r=  662.75 avg10=  643.69 steps=1598 succ10=0.90 touch10=0.90 col10=0.10 to10=0.00 min_d= 0.30 avg_spd=1.82m/s end=goal t= 4610.5s
[TRAIN][PPO] ep=222/500 r=  663.81 avg10=  643.54 steps=1613 succ10=0.90 touch10=0.90 col10=0.10 to10=0.00 min_d= 0.30 avg_spd=1.80m/s end=goal t= 4631.4s
[TRAIN][PPO] ep=223/500 r=  682.42 avg10=  644.55 steps=1649 succ10=0.90 touch10=0.90 col10=0.10 to10=0.00 min_d= 0.30 avg_spd=1.80m/s end=goal t= 4652.6s
[TRAIN][PPO] ep=224/500 r=  671.63 avg10=  645.14 steps=1623 succ10=0.90 touch10=0.90 col10=0.10 to10=0.00 min_d= 0.30 avg_spd=1.81m/s end=goal t= 4675.7s
[TRAIN][PPO] ep=225/500 r=  637.11 avg10=  669.00 steps=1663 succ10=1.00 touch10=1.00 col10=0.00 to10=0.00 min_d= 0.30 avg_spd=1.83m/s end=goal t= 4697.5s
[TRAIN][PPO] ep=226/500 r=  655.81 avg10=  667.42 steps=1579 succ10=1.00 touch10=1.00 col10=0.00 to10=0.00 min_d= 0.30 avg_spd=1.82m/s end=goal t= 4718.0s
[TRAIN][PPO] ep=227/500 r=  658.03 avg10=  665.79 steps=1610 succ10=1.00 touch10=1.00 col10=0.00 to10=0.00 min_d= 0.30 avg_spd=1.83m/s end=goal t= 4738.6s
[TRAIN][PPO] ep=228/500 r=  670.03 avg10=  665.77 steps=1608 succ10=1.00 touch10=1.00 col10=0.00 to10=0.00 min_d= 0.30 avg_spd=1.82m/s end=goal t= 4760.6s
[TRAIN][PPO] ep=229/500 r=  661.96 avg10=  663.90 steps=1578 succ10=1.00 touch10=1.00 col10=0.00 to10=0.00 min_d= 0.30 avg_spd=1.83m/s end=goal t= 4781.0s
[TRAIN][PPO] ep=230/500 r=  673.20 avg10=  663.67 steps=1657 succ10=1.00 touch10=1.00 col10=0.00 to10=0.00 min_d= 0.30 avg_spd=1.82m/s end=goal t= 4802.4s
[TRAIN][PPO] ep=231/500 r=  662.46 avg10=  663.65 steps=1628 succ10=1.00 touch10=1.00 col10=0.00 to10=0.00 min_d= 0.30 avg_spd=1.84m/s end=goal t= 4823.5s
[TRAIN][PPO] ep=232/500 r=  660.52 avg10=  663.32 steps=1574 succ10=1.00 touch10=1.00 col10=0.00 to10=0.00 min_d= 0.30 avg_spd=1.86m/s end=goal t= 4845.5s
[TRAIN][PPO] ep=233/500 r=  657.22 avg10=  660.80 steps=1581 succ10=1.00 touch10=1.00 col10=0.00 to10=0.00 min_d= 0.30 avg_spd=1.86m/s end=goal t= 4865.4s
[TRAIN][PPO] ep=234/500 r=  661.35 avg10=  659.77 steps=1570 succ10=1.00 touch10=1.00 col10=0.00 to10=0.00 min_d= 0.30 avg_spd=1.83m/s end=goal t= 4885.7s
[TRAIN][PPO] ep=235/500 r=  665.04 avg10=  662.56 steps=1581 succ10=1.00 touch10=1.00 col10=0.00 to10=0.00 min_d= 0.30 avg_spd=1.84m/s end=goal t= 4906.0s
[TRAIN][PPO] ep=236/500 r=  667.94 avg10=  663.78 steps=1625 succ10=1.00 touch10=1.00 col10=0.00 to10=0.00 min_d= 0.30 avg_spd=1.82m/s end=goal t= 4929.9s
[TRAIN][PPO] ep=237/500 r=  658.20 avg10=  663.79 steps=1596 succ10=1.00 touch10=1.00 col10=0.00 to10=0.00 min_d= 0.30 avg_spd=1.84m/s end=goal t= 4950.3s
[TRAIN][PPO] ep=238/500 r=  650.14 avg10=  661.80 steps=1557 succ10=1.00 touch10=1.00 col10=0.00 to10=0.00 min_d= 0.30 avg_spd=1.84m/s end=goal t= 4969.7s
[TRAIN][PPO] ep=239/500 r=  659.86 avg10=  661.59 steps=1614 succ10=1.00 touch10=1.00 col10=0.00 to10=0.00 min_d= 0.30 avg_spd=1.83m/s end=goal t= 4991.0s
[TRAIN][PPO] ep=240/500 r=  664.27 avg10=  660.70 steps=1582 succ10=1.00 touch10=1.00 col10=0.00 to10=0.00 min_d= 0.30 avg_spd=1.83m/s end=goal t= 5013.1s
[TRAIN][PPO] ep=241/500 r=  647.56 avg10=  659.21 steps=1528 succ10=1.00 touch10=1.00 col10=0.00 to10=0.00 min_d= 0.30 avg_spd=1.87m/s end=goal t= 5032.2s
[TRAIN][PPO] ep=242/500 r=  654.88 avg10=  658.65 steps=1549 succ10=1.00 touch10=1.00 col10=0.00 to10=0.00 min_d= 0.30 avg_spd=1.84m/s end=goal t= 5051.5s
[TRAIN][PPO] ep=243/500 r=  652.25 avg10=  658.15 steps=1559 succ10=1.00 touch10=1.00 col10=0.00 to10=0.00 min_d= 0.30 avg_spd=1.83m/s end=goal t= 5071.0s
[TRAIN][PPO] ep=244/500 r=  650.77 avg10=  657.09 steps=1547 succ10=1.00 touch10=1.00 col10=0.00 to10=0.00 min_d= 0.30 avg_spd=1.85m/s end=goal t= 5092.5s
[TRAIN][PPO] ep=245/500 r=  654.60 avg10=  656.05 steps=1604 succ10=1.00 touch10=1.00 col10=0.00 to10=0.00 min_d= 0.30 avg_spd=1.85m/s end=goal t= 5112.9s
[TRAIN][PPO] ep=246/500 r=  399.60 avg10=  629.21 steps=1376 succ10=0.90 touch10=0.90 col10=0.10 to10=0.00 min_d= 0.85 avg_spd=1.85m/s end=collision t= 5130.7s
[TRAIN][PPO] ep=247/500 r=  408.93 avg10=  604.28 steps=1423 succ10=0.80 touch10=0.80 col10=0.20 to10=0.00 min_d= 0.91 avg_spd=1.84m/s end=collision t= 5149.0s
[TRAIN][PPO] ep=248/500 r=  420.14 avg10=  581.29 steps=1415 succ10=0.70 touch10=0.70 col10=0.30 to10=0.00 min_d= 0.86 avg_spd=1.85m/s end=collision t= 5168.3s
[TRAIN][PPO] ep=249/500 r=  658.86 avg10=  581.19 steps=1585 succ10=0.70 touch10=0.70 col10=0.30 to10=0.00 min_d= 0.30 avg_spd=1.85m/s end=goal t= 5188.1s
[TRAIN][PPO] ep=250/500 r=  408.16 avg10=  555.58 steps=1384 succ10=0.60 touch10=0.60 col10=0.40 to10=0.00 min_d= 0.87 avg_spd=1.85m/s end=collision t= 5205.7s
[TRAIN][PPO] ep=251/500 r=  648.09 avg10=  555.63 steps=1577 succ10=0.60 touch10=0.60 col10=0.40 to10=0.00 min_d= 0.30 avg_spd=1.84m/s end=goal t= 5226.4s
[TRAIN][PPO] ep=252/500 r=  658.79 avg10=  556.02 steps=1563 succ10=0.60 touch10=0.60 col10=0.40 to10=0.00 min_d= 0.30 avg_spd=1.86m/s end=goal t= 5248.9s
[TRAIN][PPO] ep=253/500 r=  648.77 avg10=  555.67 steps=1657 succ10=0.60 touch10=0.60 col10=0.40 to10=0.00 min_d= 0.30 avg_spd=1.83m/s end=goal t= 5269.8s
[TRAIN][PPO] ep=254/500 r=  657.87 avg10=  556.38 steps=1590 succ10=0.60 touch10=0.60 col10=0.40 to10=0.00 min_d= 0.30 avg_spd=1.86m/s end=goal t= 5290.1s
[TRAIN][PPO] ep=255/500 r=  668.06 avg10=  557.73 steps=1589 succ10=0.60 touch10=0.60 col10=0.40 to10=0.00 min_d= 0.30 avg_spd=1.86m/s end=goal t= 5309.9s
[TRAIN][PPO] ep=256/500 r=  644.67 avg10=  582.24 steps=1541 succ10=0.70 touch10=0.70 col10=0.30 to10=0.00 min_d= 0.30 avg_spd=1.87m/s end=goal t= 5332.3s
[TRAIN][PPO] ep=257/500 r=  662.92 avg10=  607.63 steps=1586 succ10=0.80 touch10=0.80 col10=0.20 to10=0.00 min_d= 0.30 avg_spd=1.82m/s end=goal t= 5352.7s
[TRAIN][PPO] ep=258/500 r=  659.07 avg10=  631.53 steps=1578 succ10=0.90 touch10=0.90 col10=0.10 to10=0.00 min_d= 0.30 avg_spd=1.83m/s end=goal t= 5372.5s
[TRAIN][PPO] ep=259/500 r=  672.35 avg10=  632.88 steps=1629 succ10=0.90 touch10=0.90 col10=0.10 to10=0.00 min_d= 0.30 avg_spd=1.82m/s end=goal t= 5393.1s
[TRAIN][PPO] ep=260/500 r=  662.01 avg10=  658.26 steps=1589 succ10=1.00 touch10=1.00 col10=0.00 to10=0.00 min_d= 0.30 avg_spd=1.84m/s end=goal t= 5416.8s
[TRAIN][PPO] ep=261/500 r=  655.92 avg10=  659.04 steps=1555 succ10=1.00 touch10=1.00 col10=0.00 to10=0.00 min_d= 0.30 avg_spd=1.82m/s end=goal t= 5437.0s
[TRAIN][PPO] ep=262/500 r=  653.40 avg10=  658.50 steps=1563 succ10=1.00 touch10=1.00 col10=0.00 to10=0.00 min_d= 0.30 avg_spd=1.84m/s end=goal t= 5456.5s
[TRAIN][PPO] ep=263/500 r=  664.48 avg10=  660.08 steps=1584 succ10=1.00 touch10=1.00 col10=0.00 to10=0.00 min_d= 0.30 avg_spd=1.80m/s end=goal t= 5476.6s
[TRAIN][PPO] ep=264/500 r=  665.47 avg10=  660.84 steps=1597 succ10=1.00 touch10=1.00 col10=0.00 to10=0.00 min_d= 0.30 avg_spd=1.84m/s end=goal t= 5498.9s
[TRAIN][PPO] ep=265/500 r=  656.86 avg10=  659.72 steps=1564 succ10=1.00 touch10=1.00 col10=0.00 to10=0.00 min_d= 0.30 avg_spd=1.83m/s end=goal t= 5519.1s
[TRAIN][PPO] ep=266/500 r=  651.65 avg10=  660.41 steps=1602 succ10=1.00 touch10=1.00 col10=0.00 to10=0.00 min_d= 0.30 avg_spd=1.86m/s end=goal t= 5540.0s
[TRAIN][PPO] ep=267/500 r=  662.31 avg10=  660.35 steps=1613 succ10=1.00 touch10=1.00 col10=0.00 to10=0.00 min_d= 0.30 avg_spd=1.85m/s end=goal t= 5561.0s
[TRAIN][PPO] ep=268/500 r=  665.87 avg10=  661.03 steps=1596 succ10=1.00 touch10=1.00 col10=0.00 to10=0.00 min_d= 0.30 avg_spd=1.82m/s end=goal t= 5583.2s
[TRAIN][PPO] ep=269/500 r=  658.86 avg10=  659.68 steps=1582 succ10=1.00 touch10=1.00 col10=0.00 to10=0.00 min_d= 0.30 avg_spd=1.84m/s end=goal t= 5603.7s
[TRAIN][PPO] ep=270/500 r=  669.38 avg10=  660.42 steps=1646 succ10=1.00 touch10=1.00 col10=0.00 to10=0.00 min_d= 0.30 avg_spd=1.83m/s end=goal t= 5624.7s
[TRAIN][PPO] ep=271/500 r=  662.87 avg10=  661.12 steps=1595 succ10=1.00 touch10=1.00 col10=0.00 to10=0.00 min_d= 0.30 avg_spd=1.85m/s end=goal t= 5645.2s
[TRAIN][PPO] ep=272/500 r=  669.43 avg10=  662.72 steps=1618 succ10=1.00 touch10=1.00 col10=0.00 to10=0.00 min_d= 0.30 avg_spd=1.82m/s end=goal t= 5668.1s
[TRAIN][PPO] ep=273/500 r=  659.53 avg10=  662.22 steps=1584 succ10=1.00 touch10=1.00 col10=0.00 to10=0.00 min_d= 0.30 avg_spd=1.83m/s end=goal t= 5687.9s
[TRAIN][PPO] ep=274/500 r=  656.50 avg10=  661.33 steps=1577 succ10=1.00 touch10=1.00 col10=0.00 to10=0.00 min_d= 0.30 avg_spd=1.83m/s end=goal t= 5708.0s
[TRAIN][PPO] ep=275/500 r=  662.57 avg10=  661.90 steps=1625 succ10=1.00 touch10=1.00 col10=0.00 to10=0.00 min_d= 0.30 avg_spd=1.82m/s end=goal t= 5728.2s
[TRAIN][PPO] ep=276/500 r=  647.64 avg10=  661.50 steps=1546 succ10=1.00 touch10=1.00 col10=0.00 to10=0.00 min_d= 0.30 avg_spd=1.87m/s end=goal t= 5750.4s
[TRAIN][PPO] ep=277/500 r=  650.93 avg10=  660.36 steps=1572 succ10=1.00 touch10=1.00 col10=0.00 to10=0.00 min_d= 0.30 avg_spd=1.85m/s end=goal t= 5769.8s
[TRAIN][PPO] ep=278/500 r=  652.56 avg10=  659.03 steps=1560 succ10=1.00 touch10=1.00 col10=0.00 to10=0.00 min_d= 0.30 avg_spd=1.87m/s end=goal t= 5789.9s
[TRAIN][PPO] ep=279/500 r=  654.29 avg10=  658.57 steps=1552 succ10=1.00 touch10=1.00 col10=0.00 to10=0.00 min_d= 0.30 avg_spd=1.87m/s end=goal t= 5809.9s
[TRAIN][PPO] ep=280/500 r=  669.49 avg10=  658.58 steps=1604 succ10=1.00 touch10=1.00 col10=0.00 to10=0.00 min_d= 0.30 avg_spd=1.84m/s end=goal t= 5832.6s
[TRAIN][PPO] ep=281/500 r=  643.41 avg10=  656.64 steps=1524 succ10=1.00 touch10=1.00 col10=0.00 to10=0.00 min_d= 0.30 avg_spd=1.88m/s end=goal t= 5852.6s
[TRAIN][PPO] ep=282/500 r=  648.26 avg10=  654.52 steps=1532 succ10=1.00 touch10=1.00 col10=0.00 to10=0.00 min_d= 0.30 avg_spd=1.88m/s end=goal t= 5872.5s
[TRAIN][PPO] ep=283/500 r=  656.30 avg10=  654.19 steps=1559 succ10=1.00 touch10=1.00 col10=0.00 to10=0.00 min_d= 0.30 avg_spd=1.88m/s end=goal t= 5892.2s
[TRAIN][PPO] ep=284/500 r=  651.12 avg10=  653.66 steps=1535 succ10=1.00 touch10=1.00 col10=0.00 to10=0.00 min_d= 0.30 avg_spd=1.87m/s end=goal t= 5913.8s
[TRAIN][PPO] ep=285/500 r=  622.76 avg10=  649.68 steps=1568 succ10=1.00 touch10=1.00 col10=0.00 to10=0.00 min_d= 0.30 avg_spd=1.90m/s end=goal t= 5934.3s
[TRAIN][PPO] ep=286/500 r=  422.75 avg10=  627.19 steps=1366 succ10=0.90 touch10=0.90 col10=0.10 to10=0.00 min_d= 0.80 avg_spd=1.90m/s end=collision t= 5951.9s
[TRAIN][PPO] ep=287/500 r=  645.47 avg10=  626.64 steps=1585 succ10=0.90 touch10=0.90 col10=0.10 to10=0.00 min_d= 0.30 avg_spd=1.88m/s end=goal t= 5972.3s
[TRAIN][PPO] ep=288/500 r=  400.73 avg10=  601.46 steps=1308 succ10=0.80 touch10=0.80 col10=0.20 to10=0.00 min_d= 0.84 avg_spd=1.89m/s end=collision t= 5992.7s
[TRAIN][PPO] ep=289/500 r=  389.53 avg10=  574.98 steps=1354 succ10=0.70 touch10=0.70 col10=0.30 to10=0.00 min_d= 0.86 avg_spd=1.88m/s end=collision t= 6010.6s
[TRAIN][PPO] ep=290/500 r=  659.60 avg10=  573.99 steps=1582 succ10=0.70 touch10=0.70 col10=0.30 to10=0.00 min_d= 0.30 avg_spd=1.88m/s end=goal t= 6030.8s
[TRAIN][PPO] ep=291/500 r=  657.17 avg10=  575.37 steps=1607 succ10=0.70 touch10=0.70 col10=0.30 to10=0.00 min_d= 0.30 avg_spd=1.87m/s end=goal t= 6051.7s
[TRAIN][PPO] ep=292/500 r=  654.34 avg10=  575.98 steps=1584 succ10=0.70 touch10=0.70 col10=0.30 to10=0.00 min_d= 0.30 avg_spd=1.87m/s end=goal t= 6074.8s
[TRAIN][PPO] ep=293/500 r=  642.66 avg10=  574.61 steps=1530 succ10=0.70 touch10=0.70 col10=0.30 to10=0.00 min_d= 0.30 avg_spd=1.89m/s end=goal t= 6094.7s
[TRAIN][PPO] ep=294/500 r=  644.47 avg10=  573.95 steps=1553 succ10=0.70 touch10=0.70 col10=0.30 to10=0.00 min_d= 0.30 avg_spd=1.87m/s end=goal t= 6114.5s
[TRAIN][PPO] ep=295/500 r=  645.46 avg10=  576.22 steps=1588 succ10=0.70 touch10=0.70 col10=0.30 to10=0.00 min_d= 0.30 avg_spd=1.87m/s end=goal t= 6135.1s
[TRAIN][PPO] ep=296/500 r=  647.42 avg10=  598.68 steps=1539 succ10=0.80 touch10=0.80 col10=0.20 to10=0.00 min_d= 0.30 avg_spd=1.88m/s end=goal t= 6157.0s
[TRAIN][PPO] ep=297/500 r=  651.68 avg10=  599.31 steps=1559 succ10=0.80 touch10=0.80 col10=0.20 to10=0.00 min_d= 0.30 avg_spd=1.88m/s end=goal t= 6176.9s
[TRAIN][PPO] ep=298/500 r=  631.14 avg10=  622.35 steps=1545 succ10=0.90 touch10=0.90 col10=0.10 to10=0.00 min_d= 0.30 avg_spd=1.89m/s end=goal t= 6196.3s
[TRAIN][PPO] ep=299/500 r=  648.36 avg10=  648.23 steps=1547 succ10=1.00 touch10=1.00 col10=0.00 to10=0.00 min_d= 0.30 avg_spd=1.88m/s end=goal t= 6215.7s
[TRAIN][PPO] ep=300/500 r=  649.79 avg10=  647.25 steps=1622 succ10=1.00 touch10=1.00 col10=0.00 to10=0.00 min_d= 0.30 avg_spd=1.87m/s end=goal t= 6238.6s ckpt=latest
[TRAIN][PPO] ep=301/500 r=  637.27 avg10=  645.26 steps=1525 succ10=1.00 touch10=1.00 col10=0.00 to10=0.00 min_d= 0.30 avg_spd=1.88m/s end=goal t= 6257.9s
[TRAIN][PPO] ep=302/500 r=  632.21 avg10=  643.04 steps=1537 succ10=1.00 touch10=1.00 col10=0.00 to10=0.00 min_d= 0.30 avg_spd=1.89m/s end=goal t= 6277.0s
[TRAIN][PPO] ep=303/500 r=  650.38 avg10=  643.82 steps=1620 succ10=1.00 touch10=1.00 col10=0.00 to10=0.00 min_d= 0.30 avg_spd=1.89m/s end=goal t= 6297.2s
[TRAIN][PPO] ep=304/500 r=  384.29 avg10=  617.80 steps=1326 succ10=0.90 touch10=0.90 col10=0.10 to10=0.00 min_d= 0.90 avg_spd=1.91m/s end=collision t= 6315.8s
[TRAIN][PPO] ep=305/500 r=  399.98 avg10=  593.25 steps=1354 succ10=0.80 touch10=0.80 col10=0.20 to10=0.00 min_d= 0.88 avg_spd=1.88m/s end=collision t= 6333.2s
[TRAIN][PPO] ep=306/500 r=  640.63 avg10=  592.57 steps=1571 succ10=0.80 touch10=0.80 col10=0.20 to10=0.00 min_d= 0.30 avg_spd=1.89m/s end=goal t= 6353.4s
[TRAIN][PPO] ep=307/500 r=  653.66 avg10=  592.77 steps=1597 succ10=0.80 touch10=0.80 col10=0.20 to10=0.00 min_d= 0.30 avg_spd=1.86m/s end=goal t= 6374.0s
[TRAIN][PPO] ep=308/500 r=  649.51 avg10=  594.61 steps=1575 succ10=0.80 touch10=0.80 col10=0.20 to10=0.00 min_d= 0.30 avg_spd=1.88m/s end=goal t= 6396.3s
[TRAIN][PPO] ep=309/500 r=  640.93 avg10=  593.87 steps=1552 succ10=0.80 touch10=0.80 col10=0.20 to10=0.00 min_d= 0.30 avg_spd=1.90m/s end=goal t= 6416.4s
[TRAIN][PPO] ep=310/500 r=  652.15 avg10=  594.10 steps=1617 succ10=0.80 touch10=0.80 col10=0.20 to10=0.00 min_d= 0.30 avg_spd=1.88m/s end=goal t= 6437.1s
[TRAIN][PPO] ep=311/500 r=  647.36 avg10=  595.11 steps=1610 succ10=0.80 touch10=0.80 col10=0.20 to10=0.00 min_d= 0.30 avg_spd=1.87m/s end=goal t= 6458.0s
[TRAIN][PPO] ep=312/500 r=  657.11 avg10=  597.60 steps=1585 succ10=0.80 touch10=0.80 col10=0.20 to10=0.00 min_d= 0.30 avg_spd=1.88m/s end=goal t= 6480.6s
[TRAIN][PPO] ep=313/500 r=  643.01 avg10=  596.86 steps=1562 succ10=0.80 touch10=0.80 col10=0.20 to10=0.00 min_d= 0.30 avg_spd=1.87m/s end=goal t= 6500.6s
[TRAIN][PPO] ep=314/500 r=  653.76 avg10=  623.81 steps=1585 succ10=0.90 touch10=0.90 col10=0.10 to10=0.00 min_d= 0.30 avg_spd=1.86m/s end=goal t= 6521.0s
[TRAIN][PPO] ep=315/500 r=  648.37 avg10=  648.65 steps=1561 succ10=1.00 touch10=1.00 col10=0.00 to10=0.00 min_d= 0.30 avg_spd=1.86m/s end=goal t= 6541.1s
[TRAIN][PPO] ep=316/500 r=  663.79 avg10=  650.97 steps=1602 succ10=1.00 touch10=1.00 col10=0.00 to10=0.00 min_d= 0.30 avg_spd=1.87m/s end=goal t= 6563.3s
[TRAIN][PPO] ep=317/500 r=  645.47 avg10=  650.15 steps=1555 succ10=1.00 touch10=1.00 col10=0.00 to10=0.00 min_d= 0.30 avg_spd=1.88m/s end=goal t= 6582.4s
[TRAIN][PPO] ep=318/500 r=  657.10 avg10=  650.90 steps=1595 succ10=1.00 touch10=1.00 col10=0.00 to10=0.00 min_d= 0.30 avg_spd=1.89m/s end=goal t= 6602.4s
[TRAIN][PPO] ep=319/500 r=  646.06 avg10=  651.42 steps=1598 succ10=1.00 touch10=1.00 col10=0.00 to10=0.00 min_d= 0.30 avg_spd=1.88m/s end=goal t= 6623.0s
[TRAIN][PPO] ep=320/500 r=  631.84 avg10=  649.39 steps=1547 succ10=1.00 touch10=1.00 col10=0.00 to10=0.00 min_d= 0.30 avg_spd=1.88m/s end=goal t= 6645.0s
[TRAIN][PPO] ep=321/500 r=  644.29 avg10=  649.08 steps=1565 succ10=1.00 touch10=1.00 col10=0.00 to10=0.00 min_d= 0.30 avg_spd=1.85m/s end=goal t= 6665.2s
[TRAIN][PPO] ep=322/500 r=  643.83 avg10=  647.75 steps=1627 succ10=1.00 touch10=1.00 col10=0.00 to10=0.00 min_d= 0.30 avg_spd=1.87m/s end=goal t= 6685.9s
[TRAIN][PPO] ep=323/500 r=  399.13 avg10=  623.36 steps=1375 succ10=0.90 touch10=0.90 col10=0.10 to10=0.00 min_d= 0.90 avg_spd=1.86m/s end=collision t= 6703.4s
[TRAIN][PPO] ep=324/500 r=  648.57 avg10=  622.85 steps=1621 succ10=0.90 touch10=0.90 col10=0.10 to10=0.00 min_d= 0.30 avg_spd=1.85m/s end=goal t= 6728.0s
[TRAIN][PPO] ep=325/500 r=  662.37 avg10=  624.24 steps=1621 succ10=0.90 touch10=0.90 col10=0.10 to10=0.00 min_d= 0.30 avg_spd=1.84m/s end=goal t= 6748.8s
[TRAIN][PPO] ep=326/500 r=  658.19 avg10=  623.68 steps=1613 succ10=0.90 touch10=0.90 col10=0.10 to10=0.00 min_d= 0.30 avg_spd=1.86m/s end=goal t= 6769.4s
[TRAIN][PPO] ep=327/500 r=  412.42 avg10=  600.38 steps=1390 succ10=0.80 touch10=0.80 col10=0.20 to10=0.00 min_d= 0.89 avg_spd=1.86m/s end=collision t= 6787.4s
[TRAIN][PPO] ep=328/500 r=  655.89 avg10=  600.26 steps=1599 succ10=0.80 touch10=0.80 col10=0.20 to10=0.00 min_d= 0.30 avg_spd=1.86m/s end=goal t= 6809.7s
[TRAIN][PPO] ep=329/500 r=  393.33 avg10=  574.98 steps=1446 succ10=0.70 touch10=0.70 col10=0.30 to10=0.00 min_d= 0.99 avg_spd=1.82m/s end=collision t= 6828.0s
[TRAIN][PPO] ep=330/500 r=  388.27 avg10=  550.63 steps=1351 succ10=0.60 touch10=0.60 col10=0.40 to10=0.00 min_d= 0.93 avg_spd=1.84m/s end=collision t= 6845.5s
[TRAIN][PPO] ep=331/500 r=  363.46 avg10=  522.55 steps=1404 succ10=0.50 touch10=0.50 col10=0.50 to10=0.00 min_d= 1.03 avg_spd=1.88m/s end=collision t= 6863.6s
[TRAIN][PPO] ep=332/500 r=  652.67 avg10=  523.43 steps=1650 succ10=0.50 touch10=0.50 col10=0.50 to10=0.00 min_d= 0.30 avg_spd=1.85m/s end=goal t= 6887.2s
[TRAIN][PPO] ep=333/500 r=  396.94 avg10=  523.21 steps=1384 succ10=0.50 touch10=0.50 col10=0.50 to10=0.00 min_d= 0.90 avg_spd=1.83m/s end=collision t= 6905.4s
[TRAIN][PPO] ep=334/500 r=  412.13 avg10=  499.57 steps=1368 succ10=0.40 touch10=0.40 col10=0.60 to10=0.00 min_d= 0.88 avg_spd=1.81m/s end=collision t= 6923.3s
[TRAIN][PPO] ep=335/500 r=  662.47 avg10=  499.58 steps=1631 succ10=0.40 touch10=0.40 col10=0.60 to10=0.00 min_d= 0.30 avg_spd=1.84m/s end=goal t= 6943.9s
[TRAIN][PPO] ep=336/500 r=  658.84 avg10=  499.64 steps=1680 succ10=0.40 touch10=0.40 col10=0.60 to10=0.00 min_d= 0.30 avg_spd=1.84m/s end=goal t= 6967.2s
[TRAIN][PPO] ep=337/500 r=  655.63 avg10=  523.96 steps=1610 succ10=0.50 touch10=0.50 col10=0.50 to10=0.00 min_d= 0.30 avg_spd=1.85m/s end=goal t= 6988.2s
[TRAIN][PPO] ep=338/500 r=  667.03 avg10=  525.08 steps=1622 succ10=0.50 touch10=0.50 col10=0.50 to10=0.00 min_d= 0.30 avg_spd=1.84m/s end=goal t= 7009.2s
[TRAIN][PPO] ep=339/500 r=  655.55 avg10=  551.30 steps=1591 succ10=0.60 touch10=0.60 col10=0.40 to10=0.00 min_d= 0.30 avg_spd=1.86m/s end=goal t= 7029.9s
[TRAIN][PPO] ep=340/500 r=  657.95 avg10=  578.27 steps=1588 succ10=0.70 touch10=0.70 col10=0.30 to10=0.00 min_d= 0.30 avg_spd=1.85m/s end=goal t= 7052.8s
[TRAIN][PPO] ep=341/500 r=  648.99 avg10=  606.82 steps=1607 succ10=0.80 touch10=0.80 col10=0.20 to10=0.00 min_d= 0.30 avg_spd=1.83m/s end=goal t= 7074.1s
[TRAIN][PPO] ep=342/500 r=  408.74 avg10=  582.43 steps=1359 succ10=0.70 touch10=0.70 col10=0.30 to10=0.00 min_d= 0.85 avg_spd=1.83m/s end=collision t= 7091.6s
[TRAIN][PPO] ep=343/500 r=  646.86 avg10=  607.42 steps=1568 succ10=0.80 touch10=0.80 col10=0.20 to10=0.00 min_d= 0.30 avg_spd=1.84m/s end=goal t= 7112.0s
[TRAIN][PPO] ep=344/500 r=  666.72 avg10=  632.88 steps=1661 succ10=0.90 touch10=0.90 col10=0.10 to10=0.00 min_d= 0.30 avg_spd=1.83m/s end=goal t= 7135.7s
[TRAIN][PPO] ep=345/500 r=  666.56 avg10=  633.29 steps=1634 succ10=0.90 touch10=0.90 col10=0.10 to10=0.00 min_d= 0.30 avg_spd=1.84m/s end=goal t= 7157.1s
[TRAIN][PPO] ep=346/500 r=  654.06 avg10=  632.81 steps=1647 succ10=0.90 touch10=0.90 col10=0.10 to10=0.00 min_d= 0.30 avg_spd=1.81m/s end=goal t= 7178.5s
[TRAIN][PPO] ep=347/500 r=  652.90 avg10=  632.54 steps=1654 succ10=0.90 touch10=0.90 col10=0.10 to10=0.00 min_d= 0.30 avg_spd=1.83m/s end=goal t= 7199.3s
[TRAIN][PPO] ep=348/500 r=  400.88 avg10=  605.92 steps=1356 succ10=0.80 touch10=0.80 col10=0.20 to10=0.00 min_d= 0.84 avg_spd=1.85m/s end=collision t= 7218.6s
[TRAIN][PPO] ep=349/500 r=  668.22 avg10=  607.19 steps=1618 succ10=0.80 touch10=0.80 col10=0.20 to10=0.00 min_d= 0.30 avg_spd=1.82m/s end=goal t= 7239.5s
[TRAIN][PPO] ep=350/500 r=  666.56 avg10=  608.05 steps=1609 succ10=0.80 touch10=0.80 col10=0.20 to10=0.00 min_d= 0.30 avg_spd=1.84m/s end=goal t= 7259.9s
[TRAIN][PPO] ep=351/500 r=  667.46 avg10=  609.90 steps=1615 succ10=0.80 touch10=0.80 col10=0.20 to10=0.00 min_d= 0.30 avg_spd=1.85m/s end=goal t= 7279.4s
[TRAIN][PPO] ep=352/500 r=  662.71 avg10=  635.29 steps=1618 succ10=0.90 touch10=0.90 col10=0.10 to10=0.00 min_d= 0.30 avg_spd=1.81m/s end=goal t= 7303.4s
[TRAIN][PPO] ep=353/500 r=  652.52 avg10=  635.86 steps=1594 succ10=0.90 touch10=0.90 col10=0.10 to10=0.00 min_d= 0.30 avg_spd=1.85m/s end=goal t= 7324.0s
[TRAIN][PPO] ep=354/500 r=  662.51 avg10=  635.44 steps=1578 succ10=0.90 touch10=0.90 col10=0.10 to10=0.00 min_d= 0.30 avg_spd=1.87m/s end=goal t= 7344.2s
[TRAIN][PPO] ep=355/500 r=  675.92 avg10=  636.37 steps=1629 succ10=0.90 touch10=0.90 col10=0.10 to10=0.00 min_d= 0.30 avg_spd=1.78m/s end=goal t= 7364.8s
[TRAIN][PPO] ep=356/500 r=  654.98 avg10=  636.47 steps=1593 succ10=0.90 touch10=0.90 col10=0.10 to10=0.00 min_d= 0.30 avg_spd=1.82m/s end=goal t= 7388.1s
[TRAIN][PPO] ep=357/500 r=  650.23 avg10=  636.20 steps=1578 succ10=0.90 touch10=0.90 col10=0.10 to10=0.00 min_d= 0.30 avg_spd=1.83m/s end=goal t= 7407.9s
[TRAIN][PPO] ep=358/500 r=  648.77 avg10=  660.99 steps=1542 succ10=1.00 touch10=1.00 col10=0.00 to10=0.00 min_d= 0.30 avg_spd=1.85m/s end=goal t= 7427.0s
[TRAIN][PPO] ep=359/500 r=  663.05 avg10=  660.47 steps=1604 succ10=1.00 touch10=1.00 col10=0.00 to10=0.00 min_d= 0.30 avg_spd=1.82m/s end=goal t= 7446.9s
[TRAIN][PPO] ep=360/500 r=  668.71 avg10=  660.69 steps=1615 succ10=1.00 touch10=1.00 col10=0.00 to10=0.00 min_d= 0.30 avg_spd=1.83m/s end=goal t= 7469.6s
[TRAIN][PPO] ep=361/500 r=  669.31 avg10=  660.87 steps=1599 succ10=1.00 touch10=1.00 col10=0.00 to10=0.00 min_d= 0.30 avg_spd=1.85m/s end=goal t= 7489.8s
[TRAIN][PPO] ep=362/500 r=  661.53 avg10=  660.75 steps=1593 succ10=1.00 touch10=1.00 col10=0.00 to10=0.00 min_d= 0.30 avg_spd=1.85m/s end=goal t= 7510.0s
[TRAIN][PPO] ep=363/500 r=  650.03 avg10=  660.50 steps=1593 succ10=1.00 touch10=1.00 col10=0.00 to10=0.00 min_d= 0.30 avg_spd=1.84m/s end=goal t= 7529.5s
[TRAIN][PPO] ep=364/500 r=  669.42 avg10=  661.19 steps=1594 succ10=1.00 touch10=1.00 col10=0.00 to10=0.00 min_d= 0.30 avg_spd=1.83m/s end=goal t= 7551.8s
[TRAIN][PPO] ep=365/500 r=  655.22 avg10=  659.12 steps=1557 succ10=1.00 touch10=1.00 col10=0.00 to10=0.00 min_d= 0.30 avg_spd=1.85m/s end=goal t= 7571.0s
[TRAIN][PPO] ep=366/500 r=  644.72 avg10=  658.10 steps=1539 succ10=1.00 touch10=1.00 col10=0.00 to10=0.00 min_d= 0.30 avg_spd=1.86m/s end=goal t= 7590.1s
[TRAIN][PPO] ep=367/500 r=  652.47 avg10=  658.32 steps=1550 succ10=1.00 touch10=1.00 col10=0.00 to10=0.00 min_d= 0.30 avg_spd=1.85m/s end=goal t= 7608.9s
[TRAIN][PPO] ep=368/500 r=  643.33 avg10=  657.78 steps=1543 succ10=1.00 touch10=1.00 col10=0.00 to10=0.00 min_d= 0.30 avg_spd=1.87m/s end=goal t= 7630.0s
[TRAIN][PPO] ep=369/500 r=  650.38 avg10=  656.51 steps=1570 succ10=1.00 touch10=1.00 col10=0.00 to10=0.00 min_d= 0.30 avg_spd=1.86m/s end=goal t= 7648.9s
[TRAIN][PPO] ep=370/500 r=  661.61 avg10=  655.80 steps=1571 succ10=1.00 touch10=1.00 col10=0.00 to10=0.00 min_d= 0.30 avg_spd=1.86m/s end=goal t= 7667.3s
[TRAIN][PPO] ep=371/500 r=  651.75 avg10=  654.05 steps=1542 succ10=1.00 touch10=1.00 col10=0.00 to10=0.00 min_d= 0.30 avg_spd=1.88m/s end=goal t= 7685.4s
[TRAIN][PPO] ep=372/500 r=  659.37 avg10=  653.83 steps=1579 succ10=1.00 touch10=1.00 col10=0.00 to10=0.00 min_d= 0.30 avg_spd=1.88m/s end=goal t= 7707.1s
[TRAIN][PPO] ep=373/500 r=  664.46 avg10=  655.27 steps=1612 succ10=1.00 touch10=1.00 col10=0.00 to10=0.00 min_d= 0.30 avg_spd=1.86m/s end=goal t= 7726.6s
[TRAIN][PPO] ep=374/500 r=  633.85 avg10=  651.72 steps=1494 succ10=1.00 touch10=1.00 col10=0.00 to10=0.00 min_d= 0.30 avg_spd=1.90m/s end=goal t= 7744.6s
[TRAIN][PPO] ep=375/500 r=  637.41 avg10=  649.94 steps=1503 succ10=1.00 touch10=1.00 col10=0.00 to10=0.00 min_d= 0.30 avg_spd=1.89m/s end=goal t= 7762.7s
[TRAIN][PPO] ep=376/500 r=  651.96 avg10=  650.66 steps=1545 succ10=1.00 touch10=1.00 col10=0.00 to10=0.00 min_d= 0.30 avg_spd=1.87m/s end=goal t= 7784.1s
[TRAIN][PPO] ep=377/500 r=  649.75 avg10=  650.39 steps=1564 succ10=1.00 touch10=1.00 col10=0.00 to10=0.00 min_d= 0.30 avg_spd=1.89m/s end=goal t= 7803.0s
[TRAIN][PPO] ep=378/500 r=  641.75 avg10=  650.23 steps=1562 succ10=1.00 touch10=1.00 col10=0.00 to10=0.00 min_d= 0.30 avg_spd=1.88m/s end=goal t= 7821.2s
[TRAIN][PPO] ep=379/500 r=  646.92 avg10=  649.88 steps=1545 succ10=1.00 touch10=1.00 col10=0.00 to10=0.00 min_d= 0.30 avg_spd=1.87m/s end=goal t= 7839.2s
[TRAIN][PPO] ep=380/500 r=  656.46 avg10=  649.37 steps=1570 succ10=1.00 touch10=1.00 col10=0.00 to10=0.00 min_d= 0.30 avg_spd=1.89m/s end=goal t= 7860.8s
[TRAIN][PPO] ep=381/500 r=  649.01 avg10=  649.10 steps=1541 succ10=1.00 touch10=1.00 col10=0.00 to10=0.00 min_d= 0.30 avg_spd=1.87m/s end=goal t= 7879.3s
[TRAIN][PPO] ep=382/500 r=  641.85 avg10=  647.34 steps=1528 succ10=1.00 touch10=1.00 col10=0.00 to10=0.00 min_d= 0.30 avg_spd=1.89m/s end=goal t= 7897.8s
[TRAIN][PPO] ep=383/500 r=  653.86 avg10=  646.28 steps=1562 succ10=1.00 touch10=1.00 col10=0.00 to10=0.00 min_d= 0.30 avg_spd=1.89m/s end=goal t= 7916.5s
[TRAIN][PPO] ep=384/500 r=  640.27 avg10=  646.92 steps=1518 succ10=1.00 touch10=1.00 col10=0.00 to10=0.00 min_d= 0.30 avg_spd=1.88m/s end=goal t= 7938.3s
[TRAIN][PPO] ep=385/500 r=  654.40 avg10=  648.62 steps=1560 succ10=1.00 touch10=1.00 col10=0.00 to10=0.00 min_d= 0.30 avg_spd=1.87m/s end=goal t= 7956.9s
[TRAIN][PPO] ep=386/500 r=  643.33 avg10=  647.76 steps=1518 succ10=1.00 touch10=1.00 col10=0.00 to10=0.00 min_d= 0.30 avg_spd=1.90m/s end=goal t= 7976.0s
[TRAIN][PPO] ep=387/500 r=  656.22 avg10=  648.41 steps=1558 succ10=1.00 touch10=1.00 col10=0.00 to10=0.00 min_d= 0.30 avg_spd=1.90m/s end=goal t= 7995.9s
[TRAIN][PPO] ep=388/500 r=  652.81 avg10=  649.51 steps=1549 succ10=1.00 touch10=1.00 col10=0.00 to10=0.00 min_d= 0.30 avg_spd=1.90m/s end=goal t= 8019.2s
[TRAIN][PPO] ep=389/500 r=  646.46 avg10=  649.47 steps=1550 succ10=1.00 touch10=1.00 col10=0.00 to10=0.00 min_d= 0.30 avg_spd=1.87m/s end=goal t= 8038.2s
[TRAIN][PPO] ep=390/500 r=  662.21 avg10=  650.04 steps=1576 succ10=1.00 touch10=1.00 col10=0.00 to10=0.00 min_d= 0.30 avg_spd=1.86m/s end=goal t= 8057.6s
[TRAIN][PPO] ep=391/500 r=  662.46 avg10=  651.39 steps=1571 succ10=1.00 touch10=1.00 col10=0.00 to10=0.00 min_d= 0.30 avg_spd=1.88m/s end=goal t= 8076.2s
[TRAIN][PPO] ep=392/500 r=  656.50 avg10=  652.85 steps=1553 succ10=1.00 touch10=1.00 col10=0.00 to10=0.00 min_d= 0.30 avg_spd=1.88m/s end=goal t= 8098.5s
[TRAIN][PPO] ep=393/500 r=  639.11 avg10=  651.38 steps=1509 succ10=1.00 touch10=1.00 col10=0.00 to10=0.00 min_d= 0.30 avg_spd=1.89m/s end=goal t= 8117.3s
[TRAIN][PPO] ep=394/500 r=  652.58 avg10=  652.61 steps=1583 succ10=1.00 touch10=1.00 col10=0.00 to10=0.00 min_d= 0.30 avg_spd=1.88m/s end=goal t= 8137.2s
[TRAIN][PPO] ep=395/500 r=  653.44 avg10=  652.51 steps=1576 succ10=1.00 touch10=1.00 col10=0.00 to10=0.00 min_d= 0.30 avg_spd=1.88m/s end=goal t= 8156.7s
[TRAIN][PPO] ep=396/500 r=  658.20 avg10=  654.00 steps=1578 succ10=1.00 touch10=1.00 col10=0.00 to10=0.00 min_d= 0.30 avg_spd=1.86m/s end=goal t= 8179.5s
[TRAIN][PPO] ep=397/500 r=  661.50 avg10=  654.53 steps=1589 succ10=1.00 touch10=1.00 col10=0.00 to10=0.00 min_d= 0.30 avg_spd=1.87m/s end=goal t= 8199.5s
[TRAIN][PPO] ep=398/500 r=  648.75 avg10=  654.12 steps=1549 succ10=1.00 touch10=1.00 col10=0.00 to10=0.00 min_d= 0.30 avg_spd=1.86m/s end=goal t= 8219.2s
[TRAIN][PPO] ep=399/500 r=  648.02 avg10=  654.27 steps=1575 succ10=1.00 touch10=1.00 col10=0.00 to10=0.00 min_d= 0.30 avg_spd=1.90m/s end=goal t= 8239.5s
[TRAIN][PPO] ep=400/500 r=  637.06 avg10=  651.76 steps=1534 succ10=1.00 touch10=1.00 col10=0.00 to10=0.00 min_d= 0.30 avg_spd=1.89m/s end=goal t= 8262.8s ckpt=latest
[TRAIN][PPO] ep=401/500 r=  649.20 avg10=  650.43 steps=1553 succ10=1.00 touch10=1.00 col10=0.00 to10=0.00 min_d= 0.30 avg_spd=1.87m/s end=goal t= 8282.6s
[TRAIN][PPO] ep=402/500 r=  648.75 avg10=  649.66 steps=1548 succ10=1.00 touch10=1.00 col10=0.00 to10=0.00 min_d= 0.30 avg_spd=1.90m/s end=goal t= 8301.9s
[TRAIN][PPO] ep=403/500 r=  634.90 avg10=  649.24 steps=1533 succ10=1.00 touch10=1.00 col10=0.00 to10=0.00 min_d= 0.30 avg_spd=1.89m/s end=goal t= 8321.4s
[TRAIN][PPO] ep=404/500 r=  653.42 avg10=  649.32 steps=1603 succ10=1.00 touch10=1.00 col10=0.00 to10=0.00 min_d= 0.30 avg_spd=1.89m/s end=goal t= 8343.4s
[TRAIN][PPO] ep=405/500 r=  634.59 avg10=  647.44 steps=1559 succ10=1.00 touch10=1.00 col10=0.00 to10=0.00 min_d= 0.30 avg_spd=1.90m/s end=goal t= 8362.8s
[TRAIN][PPO] ep=406/500 r=  642.33 avg10=  645.85 steps=1534 succ10=1.00 touch10=1.00 col10=0.00 to10=0.00 min_d= 0.30 avg_spd=1.87m/s end=goal t= 8381.8s
[TRAIN][PPO] ep=407/500 r=  642.16 avg10=  643.92 steps=1547 succ10=1.00 touch10=1.00 col10=0.00 to10=0.00 min_d= 0.30 avg_spd=1.90m/s end=goal t= 8401.4s
[TRAIN][PPO] ep=408/500 r=  642.44 avg10=  643.29 steps=1553 succ10=1.00 touch10=1.00 col10=0.00 to10=0.00 min_d= 0.30 avg_spd=1.90m/s end=goal t= 8423.9s
[TRAIN][PPO] ep=409/500 r=  637.08 avg10=  642.19 steps=1536 succ10=1.00 touch10=1.00 col10=0.00 to10=0.00 min_d= 0.30 avg_spd=1.88m/s end=goal t= 8443.8s
[TRAIN][PPO] ep=410/500 r=  647.95 avg10=  643.28 steps=1553 succ10=1.00 touch10=1.00 col10=0.00 to10=0.00 min_d= 0.30 avg_spd=1.91m/s end=goal t= 8464.1s
[TRAIN][PPO] ep=411/500 r=  635.90 avg10=  641.95 steps=1515 succ10=1.00 touch10=1.00 col10=0.00 to10=0.00 min_d= 0.30 avg_spd=1.89m/s end=goal t= 8483.3s
[TRAIN][PPO] ep=412/500 r=  634.81 avg10=  640.56 steps=1513 succ10=1.00 touch10=1.00 col10=0.00 to10=0.00 min_d= 0.30 avg_spd=1.90m/s end=goal t= 8505.1s
[TRAIN][PPO] ep=413/500 r=  656.45 avg10=  642.71 steps=1601 succ10=1.00 touch10=1.00 col10=0.00 to10=0.00 min_d= 0.30 avg_spd=1.88m/s end=goal t= 8526.0s
[TRAIN][PPO] ep=414/500 r=  643.62 avg10=  641.73 steps=1576 succ10=1.00 touch10=1.00 col10=0.00 to10=0.00 min_d= 0.30 avg_spd=1.91m/s end=goal t= 8546.5s
[TRAIN][PPO] ep=415/500 r=  630.71 avg10=  641.35 steps=1550 succ10=1.00 touch10=1.00 col10=0.00 to10=0.00 min_d= 0.30 avg_spd=1.91m/s end=goal t= 8566.1s
[TRAIN][PPO] ep=416/500 r=  636.70 avg10=  640.78 steps=1556 succ10=1.00 touch10=1.00 col10=0.00 to10=0.00 min_d= 0.30 avg_spd=1.92m/s end=goal t= 8588.2s
[TRAIN][PPO] ep=417/500 r=  627.60 avg10=  639.33 steps=1516 succ10=1.00 touch10=1.00 col10=0.00 to10=0.00 min_d= 0.30 avg_spd=1.92m/s end=goal t= 8607.1s
[TRAIN][PPO] ep=418/500 r=  643.18 avg10=  639.40 steps=1563 succ10=1.00 touch10=1.00 col10=0.00 to10=0.00 min_d= 0.30 avg_spd=1.91m/s end=goal t= 8627.1s
[TRAIN][PPO] ep=419/500 r=  641.66 avg10=  639.86 steps=1557 succ10=1.00 touch10=1.00 col10=0.00 to10=0.00 min_d= 0.30 avg_spd=1.92m/s end=goal t= 8647.0s
[TRAIN][PPO] ep=420/500 r=  649.50 avg10=  640.01 steps=1585 succ10=1.00 touch10=1.00 col10=0.00 to10=0.00 min_d= 0.30 avg_spd=1.90m/s end=goal t= 8669.3s
[TRAIN][PPO] ep=421/500 r=  640.04 avg10=  640.43 steps=1556 succ10=1.00 touch10=1.00 col10=0.00 to10=0.00 min_d= 0.30 avg_spd=1.90m/s end=goal t= 8689.3s
[TRAIN][PPO] ep=422/500 r=  634.60 avg10=  640.41 steps=1572 succ10=1.00 touch10=1.00 col10=0.00 to10=0.00 min_d= 0.30 avg_spd=1.90m/s end=goal t= 8709.6s
[TRAIN][PPO] ep=423/500 r=  631.49 avg10=  637.91 steps=1588 succ10=1.00 touch10=1.00 col10=0.00 to10=0.00 min_d= 0.30 avg_spd=1.88m/s end=goal t= 8730.5s
[TRAIN][PPO] ep=424/500 r=  650.81 avg10=  638.63 steps=1566 succ10=1.00 touch10=1.00 col10=0.00 to10=0.00 min_d= 0.30 avg_spd=1.89m/s end=goal t= 8752.7s
[TRAIN][PPO] ep=425/500 r=  639.02 avg10=  639.46 steps=1547 succ10=1.00 touch10=1.00 col10=0.00 to10=0.00 min_d= 0.30 avg_spd=1.92m/s end=goal t= 8772.5s
[TRAIN][PPO] ep=426/500 r=  649.34 avg10=  640.73 steps=1582 succ10=1.00 touch10=1.00 col10=0.00 to10=0.00 min_d= 0.30 avg_spd=1.91m/s end=goal t= 8792.3s
[TRAIN][PPO] ep=427/500 r=  634.27 avg10=  641.39 steps=1541 succ10=1.00 touch10=1.00 col10=0.00 to10=0.00 min_d= 0.30 avg_spd=1.92m/s end=goal t= 8812.4s
[TRAIN][PPO] ep=428/500 r=  638.45 avg10=  640.92 steps=1544 succ10=1.00 touch10=1.00 col10=0.00 to10=0.00 min_d= 0.30 avg_spd=1.90m/s end=goal t= 8834.7s
[TRAIN][PPO] ep=429/500 r=  405.17 avg10=  617.27 steps=1379 succ10=0.90 touch10=0.90 col10=0.10 to10=0.00 min_d= 0.87 avg_spd=1.89m/s end=collision t= 8852.4s
[TRAIN][PPO] ep=430/500 r=  385.64 avg10=  590.88 steps=1306 succ10=0.80 touch10=0.80 col10=0.20 to10=0.00 min_d= 0.89 avg_spd=1.89m/s end=collision t= 8868.9s
[TRAIN][PPO] ep=431/500 r=  635.46 avg10=  590.43 steps=1579 succ10=0.80 touch10=0.80 col10=0.20 to10=0.00 min_d= 0.30 avg_spd=1.88m/s end=goal t= 8888.1s
[TRAIN][PPO] ep=432/500 r=  375.39 avg10=  564.50 steps=1335 succ10=0.70 touch10=0.70 col10=0.30 to10=0.00 min_d= 0.96 avg_spd=1.91m/s end=collision t= 8906.3s
[TRAIN][PPO] ep=433/500 r=  652.22 avg10=  566.58 steps=1587 succ10=0.70 touch10=0.70 col10=0.30 to10=0.00 min_d= 0.30 avg_spd=1.89m/s end=goal t= 8926.4s
[TRAIN][PPO] ep=434/500 r=  638.75 avg10=  565.37 steps=1577 succ10=0.70 touch10=0.70 col10=0.30 to10=0.00 min_d= 0.30 avg_spd=1.89m/s end=goal t= 8946.3s
[TRAIN][PPO] ep=435/500 r=  640.38 avg10=  565.51 steps=1595 succ10=0.70 touch10=0.70 col10=0.30 to10=0.00 min_d= 0.30 avg_spd=1.89m/s end=goal t= 8966.4s
[TRAIN][PPO] ep=436/500 r=  650.38 avg10=  565.61 steps=1614 succ10=0.70 touch10=0.70 col10=0.30 to10=0.00 min_d= 0.30 avg_spd=1.87m/s end=goal t= 8988.3s
[TRAIN][PPO] ep=437/500 r=  650.42 avg10=  567.23 steps=1616 succ10=0.70 touch10=0.70 col10=0.30 to10=0.00 min_d= 0.30 avg_spd=1.88m/s end=goal t= 9008.8s
[TRAIN][PPO] ep=438/500 r=  647.75 avg10=  568.16 steps=1609 succ10=0.70 touch10=0.70 col10=0.30 to10=0.00 min_d= 0.30 avg_spd=1.88m/s end=goal t= 9029.2s
[TRAIN][PPO] ep=439/500 r=  643.83 avg10=  592.02 steps=1584 succ10=0.80 touch10=0.80 col10=0.20 to10=0.00 min_d= 0.30 avg_spd=1.88m/s end=goal t= 9048.8s
[TRAIN][PPO] ep=440/500 r=  388.25 avg10=  592.28 steps=1332 succ10=0.80 touch10=0.80 col10=0.20 to10=0.00 min_d= 0.88 avg_spd=1.90m/s end=collision t= 9067.0s
[TRAIN][PPO] ep=441/500 r=  653.76 avg10=  594.11 steps=1646 succ10=0.80 touch10=0.80 col10=0.20 to10=0.00 min_d= 0.30 avg_spd=1.86m/s end=goal t= 9087.6s
[TRAIN][PPO] ep=442/500 r=  635.67 avg10=  620.14 steps=1609 succ10=0.90 touch10=0.90 col10=0.10 to10=0.00 min_d= 0.30 avg_spd=1.85m/s end=goal t= 9107.8s
[TRAIN][PPO] ep=443/500 r=  652.47 avg10=  620.17 steps=1667 succ10=0.90 touch10=0.90 col10=0.10 to10=0.00 min_d= 0.30 avg_spd=1.87m/s end=goal t= 9129.1s
[TRAIN][PPO] ep=444/500 r=  410.38 avg10=  597.33 steps=1376 succ10=0.80 touch10=0.80 col10=0.20 to10=0.00 min_d= 0.88 avg_spd=1.87m/s end=collision t= 9148.7s
[TRAIN][PPO] ep=445/500 r=  650.37 avg10=  598.33 steps=1595 succ10=0.80 touch10=0.80 col10=0.20 to10=0.00 min_d= 0.30 avg_spd=1.88m/s end=goal t= 9169.0s
[TRAIN][PPO] ep=446/500 r=  650.32 avg10=  598.32 steps=1582 succ10=0.80 touch10=0.80 col10=0.20 to10=0.00 min_d= 0.30 avg_spd=1.88m/s end=goal t= 9189.0s
[TRAIN][PPO] ep=447/500 r=  644.89 avg10=  597.77 steps=1574 succ10=0.80 touch10=0.80 col10=0.20 to10=0.00 min_d= 0.30 avg_spd=1.87m/s end=goal t= 9208.5s
[TRAIN][PPO] ep=448/500 r=  645.67 avg10=  597.56 steps=1591 succ10=0.80 touch10=0.80 col10=0.20 to10=0.00 min_d= 0.30 avg_spd=1.86m/s end=goal t= 9231.8s
[TRAIN][PPO] ep=449/500 r=  636.20 avg10=  596.80 steps=1569 succ10=0.80 touch10=0.80 col10=0.20 to10=0.00 min_d= 0.30 avg_spd=1.87m/s end=goal t= 9251.6s
[TRAIN][PPO] ep=450/500 r=  650.45 avg10=  623.02 steps=1588 succ10=0.90 touch10=0.90 col10=0.10 to10=0.00 min_d= 0.30 avg_spd=1.90m/s end=goal t= 9271.1s
[TRAIN][PPO] ep=451/500 r=  666.21 avg10=  624.26 steps=1613 succ10=0.90 touch10=0.90 col10=0.10 to10=0.00 min_d= 0.30 avg_spd=1.86m/s end=goal t= 9290.8s
[TRAIN][PPO] ep=452/500 r=  639.81 avg10=  624.68 steps=1552 succ10=0.90 touch10=0.90 col10=0.10 to10=0.00 min_d= 0.30 avg_spd=1.88m/s end=goal t= 9311.7s
[TRAIN][PPO] ep=453/500 r=  633.89 avg10=  622.82 steps=1580 succ10=0.90 touch10=0.90 col10=0.10 to10=0.00 min_d= 0.30 avg_spd=1.89m/s end=goal t= 9331.8s
[TRAIN][PPO] ep=454/500 r=  651.73 avg10=  646.95 steps=1644 succ10=1.00 touch10=1.00 col10=0.00 to10=0.00 min_d= 0.30 avg_spd=1.87m/s end=goal t= 9352.6s
[TRAIN][PPO] ep=455/500 r=  637.63 avg10=  645.68 steps=1559 succ10=1.00 touch10=1.00 col10=0.00 to10=0.00 min_d= 0.30 avg_spd=1.88m/s end=goal t= 9372.3s
[TRAIN][PPO] ep=456/500 r=  392.89 avg10=  619.94 steps=1366 succ10=0.90 touch10=0.90 col10=0.10 to10=0.00 min_d= 0.87 avg_spd=1.86m/s end=collision t= 9391.0s
[TRAIN][PPO] ep=457/500 r=  650.47 avg10=  620.50 steps=1602 succ10=0.90 touch10=0.90 col10=0.10 to10=0.00 min_d= 0.30 avg_spd=1.88m/s end=goal t= 9410.7s
[TRAIN][PPO] ep=458/500 r=  655.79 avg10=  621.51 steps=1633 succ10=0.90 touch10=0.90 col10=0.10 to10=0.00 min_d= 0.30 avg_spd=1.87m/s end=goal t= 9431.3s
[TRAIN][PPO] ep=459/500 r=  643.30 avg10=  622.22 steps=1563 succ10=0.90 touch10=0.90 col10=0.10 to10=0.00 min_d= 0.30 avg_spd=1.86m/s end=goal t= 9450.8s
[TRAIN][PPO] ep=460/500 r=  640.77 avg10=  621.25 steps=1583 succ10=0.90 touch10=0.90 col10=0.10 to10=0.00 min_d= 0.30 avg_spd=1.90m/s end=goal t= 9473.1s
[TRAIN][PPO] ep=461/500 r=  635.28 avg10=  618.16 steps=1554 succ10=0.90 touch10=0.90 col10=0.10 to10=0.00 min_d= 0.30 avg_spd=1.88m/s end=goal t= 9492.7s
[TRAIN][PPO] ep=462/500 r=  641.93 avg10=  618.37 steps=1596 succ10=0.90 touch10=0.90 col10=0.10 to10=0.00 min_d= 0.30 avg_spd=1.88m/s end=goal t= 9512.8s
[TRAIN][PPO] ep=463/500 r=  630.89 avg10=  618.07 steps=1547 succ10=0.90 touch10=0.90 col10=0.10 to10=0.00 min_d= 0.30 avg_spd=1.90m/s end=goal t= 9532.3s
[TRAIN][PPO] ep=464/500 r=  642.79 avg10=  617.18 steps=1560 succ10=0.90 touch10=0.90 col10=0.10 to10=0.00 min_d= 0.30 avg_spd=1.87m/s end=goal t= 9554.3s
[TRAIN][PPO] ep=465/500 r=  630.38 avg10=  616.45 steps=1544 succ10=0.90 touch10=0.90 col10=0.10 to10=0.00 min_d= 0.30 avg_spd=1.90m/s end=goal t= 9573.4s
[TRAIN][PPO] ep=466/500 r=  633.81 avg10=  640.54 steps=1574 succ10=1.00 touch10=1.00 col10=0.00 to10=0.00 min_d= 0.30 avg_spd=1.88m/s end=goal t= 9592.7s
[TRAIN][PPO] ep=467/500 r=  642.84 avg10=  639.78 steps=1592 succ10=1.00 touch10=1.00 col10=0.00 to10=0.00 min_d= 0.30 avg_spd=1.89m/s end=goal t= 9612.2s
[TRAIN][PPO] ep=468/500 r=  637.58 avg10=  637.96 steps=1603 succ10=1.00 touch10=1.00 col10=0.00 to10=0.00 min_d= 0.30 avg_spd=1.89m/s end=goal t= 9634.2s
[TRAIN][PPO] ep=469/500 r=  407.82 avg10=  614.41 steps=1378 succ10=0.90 touch10=0.90 col10=0.10 to10=0.00 min_d= 0.86 avg_spd=1.88m/s end=collision t= 9651.7s
[TRAIN][PPO] ep=470/500 r=  396.17 avg10=  589.95 steps=1359 succ10=0.80 touch10=0.80 col10=0.20 to10=0.00 min_d= 0.88 avg_spd=1.88m/s end=collision t= 9667.6s
[TRAIN][PPO] ep=471/500 r=  382.48 avg10=  564.67 steps=1317 succ10=0.70 touch10=0.70 col10=0.30 to10=0.00 min_d= 0.89 avg_spd=1.90m/s end=collision t= 9682.4s
[TRAIN][PPO] ep=472/500 r=  621.43 avg10=  562.62 steps=1562 succ10=0.70 touch10=0.70 col10=0.30 to10=0.00 min_d= 0.30 avg_spd=1.92m/s end=goal t= 9703.8s
[TRAIN][PPO] ep=473/500 r=  651.06 avg10=  564.64 steps=1631 succ10=0.70 touch10=0.70 col10=0.30 to10=0.00 min_d= 0.30 avg_spd=1.88m/s end=goal t= 9723.8s
[TRAIN][PPO] ep=474/500 r=  644.30 avg10=  564.79 steps=1612 succ10=0.70 touch10=0.70 col10=0.30 to10=0.00 min_d= 0.30 avg_spd=1.91m/s end=goal t= 9743.9s
[TRAIN][PPO] ep=475/500 r=  623.74 avg10=  564.12 steps=1547 succ10=0.70 touch10=0.70 col10=0.30 to10=0.00 min_d= 0.30 avg_spd=1.92m/s end=goal t= 9762.0s
[TRAIN][PPO] ep=476/500 r=  630.95 avg10=  563.84 steps=1610 succ10=0.70 touch10=0.70 col10=0.30 to10=0.00 min_d= 0.30 avg_spd=1.91m/s end=goal t= 9784.6s
[TRAIN][PPO] ep=477/500 r=  385.50 avg10=  538.10 steps=1342 succ10=0.60 touch10=0.60 col10=0.40 to10=0.00 min_d= 0.90 avg_spd=1.89m/s end=collision t= 9801.8s
[TRAIN][PPO] ep=478/500 r=  628.14 avg10=  537.16 steps=1550 succ10=0.60 touch10=0.60 col10=0.40 to10=0.00 min_d= 0.30 avg_spd=1.91m/s end=goal t= 9821.7s
[TRAIN][PPO] ep=479/500 r=  641.79 avg10=  560.56 steps=1644 succ10=0.70 touch10=0.70 col10=0.30 to10=0.00 min_d= 0.30 avg_spd=1.89m/s end=goal t= 9842.0s
[TRAIN][PPO] ep=480/500 r=  644.12 avg10=  585.35 steps=1612 succ10=0.80 touch10=0.80 col10=0.20 to10=0.00 min_d= 0.30 avg_spd=1.89m/s end=goal t= 9865.1s
[TRAIN][PPO] ep=481/500 r=  369.22 avg10=  584.02 steps=1344 succ10=0.80 touch10=0.80 col10=0.20 to10=0.00 min_d= 0.94 avg_spd=1.89m/s end=collision t= 9882.2s
[TRAIN][PPO] ep=482/500 r=  639.52 avg10=  585.83 steps=1594 succ10=0.80 touch10=0.80 col10=0.20 to10=0.00 min_d= 0.30 avg_spd=1.88m/s end=goal t= 9901.9s
[TRAIN][PPO] ep=483/500 r=  654.32 avg10=  586.16 steps=1646 succ10=0.80 touch10=0.80 col10=0.20 to10=0.00 min_d= 0.30 avg_spd=1.86m/s end=goal t= 9921.5s
[TRAIN][PPO] ep=484/500 r=  642.46 avg10=  585.98 steps=1614 succ10=0.80 touch10=0.80 col10=0.20 to10=0.00 min_d= 0.30 avg_spd=1.91m/s end=goal t= 9943.9s
[TRAIN][PPO] ep=485/500 r=  386.56 avg10=  562.26 steps=1337 succ10=0.70 touch10=0.70 col10=0.30 to10=0.00 min_d= 0.92 avg_spd=1.90m/s end=collision t= 9960.9s
[TRAIN][PPO] ep=486/500 r=  389.06 avg10=  538.07 steps=1339 succ10=0.60 touch10=0.60 col10=0.40 to10=0.00 min_d= 0.90 avg_spd=1.89m/s end=collision t= 9977.9s
[TRAIN][PPO] ep=487/500 r=  392.02 avg10=  538.72 steps=1357 succ10=0.60 touch10=0.60 col10=0.40 to10=0.00 min_d= 0.87 avg_spd=1.87m/s end=collision t= 9994.7s
[TRAIN][PPO] ep=488/500 r=  635.00 avg10=  539.41 steps=1655 succ10=0.60 touch10=0.60 col10=0.40 to10=0.00 min_d= 0.30 avg_spd=1.89m/s end=goal t=10018.2s
[TRAIN][PPO] ep=489/500 r=  641.74 avg10=  539.40 steps=1658 succ10=0.60 touch10=0.60 col10=0.40 to10=0.00 min_d= 0.30 avg_spd=1.90m/s end=goal t=10039.9s
[TRAIN][PPO] ep=490/500 r=  406.67 avg10=  515.66 steps=1379 succ10=0.50 touch10=0.50 col10=0.50 to10=0.00 min_d= 0.89 avg_spd=1.86m/s end=collision t=10057.5s
[TRAIN][PPO] ep=491/500 r=  405.27 avg10=  519.26 steps=1375 succ10=0.50 touch10=0.50 col10=0.50 to10=0.00 min_d= 0.88 avg_spd=1.88m/s end=collision t=10074.3s
[TRAIN][PPO] ep=492/500 r=  386.09 avg10=  493.92 steps=1326 succ10=0.40 touch10=0.40 col10=0.60 to10=0.00 min_d= 0.90 avg_spd=1.90m/s end=collision t=10092.6s
[TRAIN][PPO] ep=493/500 r=  643.83 avg10=  492.87 steps=1609 succ10=0.40 touch10=0.40 col10=0.60 to10=0.00 min_d= 0.30 avg_spd=1.89m/s end=goal t=10113.4s
[TRAIN][PPO] ep=494/500 r=  372.14 avg10=  465.84 steps=1341 succ10=0.30 touch10=0.30 col10=0.70 to10=0.00 min_d= 0.92 avg_spd=1.90m/s end=collision t=10131.1s
[TRAIN][PPO] ep=495/500 r=  378.36 avg10=  465.02 steps=1396 succ10=0.30 touch10=0.30 col10=0.70 to10=0.00 min_d= 0.97 avg_spd=1.89m/s end=collision t=10149.6s
[TRAIN][PPO] ep=496/500 r=  398.44 avg10=  465.96 steps=1354 succ10=0.30 touch10=0.30 col10=0.70 to10=0.00 min_d= 0.89 avg_spd=1.90m/s end=collision t=10168.7s
[TRAIN][PPO] ep=497/500 r=  639.08 avg10=  490.66 steps=1633 succ10=0.40 touch10=0.40 col10=0.60 to10=0.00 min_d= 0.30 avg_spd=1.91m/s end=goal t=10189.6s
[TRAIN][PPO] ep=498/500 r=  380.65 avg10=  465.22 steps=1333 succ10=0.30 touch10=0.30 col10=0.70 to10=0.00 min_d= 0.89 avg_spd=1.89m/s end=collision t=10205.9s
[TRAIN][PPO] ep=499/500 r=  385.92 avg10=  439.64 steps=1384 succ10=0.20 touch10=0.20 col10=0.80 to10=0.00 min_d= 0.88 avg_spd=1.89m/s end=collision t=10222.9s
INFO: PPO: Terminating.
[RUN] completed stage checkpoint=/uio/hume/student-u79/esbrovol/fys5429/DRL-Obstacle-Avoidance/controllers/PPO/checkpoints/20260525_141956_lstm_seed01_stage01_train_1_empty/final_20260525_141956_lstm_seed01_stage01_train_1_empty.pth
[RUN] arch=lstm seed=1 stage=2/10 world=/uio/hume/student-u79/esbrovol/fys5429/DRL-Obstacle-Avoidance/worlds/training/train_2_one_obs.wbt
[RUN] resuming from /uio/hume/student-u79/esbrovol/fys5429/DRL-Obstacle-Avoidance/controllers/PPO/checkpoints/20260525_141956_lstm_seed01_stage01_train_1_empty/final_20260525_141956_lstm_seed01_stage01_train_1_empty.pth
INFO: PPO: Starting controller: python3 -u PPO.py
[PPO] Using architecture: LSTM
[PPO] Loaded architecture: LSTM
[TRAIN][PPO] arch=LSTM weights_dir=/uio/hume/student-u79/esbrovol/fys5429/DRL-Obstacle-Avoidance/controllers/PPO/checkpoints/20260525_141956_lstm_seed01_stage02_train_2_one_obs final=/uio/hume/student-u79/esbrovol/fys5429/DRL-Obstacle-Avoidance/controllers/PPO/checkpoints/20260525_141956_lstm_seed01_stage02_train_2_one_obs/final_20260525_141956_lstm_seed01_stage02_train_2_one_obs.pth
[TRAIN][PPO] episodes=500 update_every=4 obs=31 act=2 cell=LSTM seq=32 burn_in=8
[TRAIN][PPO] ep=001/500 r=  647.25 avg10=  647.25 steps=1577 succ10=1.00 touch10=1.00 col10=0.00 to10=0.00 min_d= 0.30 avg_spd=1.89m/s end=goal t=   20.5s ckpt=best_goal
[TRAIN][PPO] ep=002/500 r=  194.67 avg10=  420.96 steps= 716 succ10=0.50 touch10=0.50 col10=0.50 to10=0.00 min_d= 2.29 avg_spd=1.91m/s end=collision t=   29.8s
[TRAIN][PPO] ep=003/500 r=  178.15 avg10=  340.02 steps= 684 succ10=0.33 touch10=0.33 col10=0.67 to10=0.00 min_d= 2.36 avg_spd=1.88m/s end=collision t=   38.6s
[TRAIN][PPO] ep=004/500 r=  651.70 avg10=  417.94 steps=1592 succ10=0.50 touch10=0.50 col10=0.50 to10=0.00 min_d= 0.30 avg_spd=1.88m/s end=goal t=   61.4s ckpt=best_goal
[TRAIN][PPO] ep=005/500 r=  170.97 avg10=  368.55 steps= 656 succ10=0.40 touch10=0.40 col10=0.60 to10=0.00 min_d= 2.36 avg_spd=1.92m/s end=collision t=   70.0s
[TRAIN][PPO] ep=006/500 r=  186.00 avg10=  338.12 steps= 735 succ10=0.33 touch10=0.33 col10=0.67 to10=0.00 min_d= 2.32 avg_spd=1.91m/s end=collision t=   79.8s
[TRAIN][PPO] ep=007/500 r=  169.27 avg10=  314.00 steps= 663 succ10=0.29 touch10=0.29 col10=0.71 to10=0.00 min_d= 2.36 avg_spd=1.87m/s end=collision t=   88.6s
[TRAIN][PPO] ep=008/500 r=  632.39 avg10=  353.80 steps=1533 succ10=0.38 touch10=0.38 col10=0.62 to10=0.00 min_d= 0.30 avg_spd=1.90m/s end=goal t=  109.9s
[TRAIN][PPO] ep=009/500 r=  189.39 avg10=  335.53 steps= 743 succ10=0.33 touch10=0.33 col10=0.67 to10=0.00 min_d= 2.32 avg_spd=1.91m/s end=collision t=  119.6s
[TRAIN][PPO] ep=010/500 r=  639.37 avg10=  365.92 steps=1632 succ10=0.40 touch10=0.40 col10=0.60 to10=0.00 min_d= 0.30 avg_spd=1.90m/s end=goal t=  140.7s
[TRAIN][PPO] ep=011/500 r=  181.44 avg10=  319.34 steps= 681 succ10=0.30 touch10=0.30 col10=0.70 to10=0.00 min_d= 2.34 avg_spd=1.89m/s end=collision t=  149.7s
[TRAIN][PPO] ep=012/500 r=  635.20 avg10=  363.39 steps=1548 succ10=0.40 touch10=0.40 col10=0.60 to10=0.00 min_d= 0.30 avg_spd=1.90m/s end=goal t=  171.8s
[TRAIN][PPO] ep=013/500 r=  176.06 avg10=  363.18 steps= 674 succ10=0.40 touch10=0.40 col10=0.60 to10=0.00 min_d= 2.34 avg_spd=1.88m/s end=collision t=  180.8s
[TRAIN][PPO] ep=014/500 r=  654.11 avg10=  363.42 steps=1575 succ10=0.40 touch10=0.40 col10=0.60 to10=0.00 min_d= 0.30 avg_spd=1.88m/s end=goal t=  201.3s ckpt=best_goal
[TRAIN][PPO] ep=015/500 r=  211.57 avg10=  367.48 steps= 775 succ10=0.40 touch10=0.40 col10=0.60 to10=0.00 min_d= 2.16 avg_spd=1.87m/s end=collision t=  211.7s
[TRAIN][PPO] ep=016/500 r=  650.95 avg10=  413.98 steps=1580 succ10=0.50 touch10=0.50 col10=0.50 to10=0.00 min_d= 0.30 avg_spd=1.88m/s end=goal t=  234.6s
[TRAIN][PPO] ep=017/500 r=  201.09 avg10=  417.16 steps= 746 succ10=0.50 touch10=0.50 col10=0.50 to10=0.00 min_d= 2.20 avg_spd=1.86m/s end=collision t=  244.6s
[TRAIN][PPO] ep=018/500 r=  646.09 avg10=  418.53 steps=1550 succ10=0.50 touch10=0.50 col10=0.50 to10=0.00 min_d= 0.30 avg_spd=1.89m/s end=goal t=  264.9s
[TRAIN][PPO] ep=019/500 r=  188.32 avg10=  418.42 steps= 708 succ10=0.50 touch10=0.50 col10=0.50 to10=0.00 min_d= 2.36 avg_spd=1.87m/s end=collision t=  273.8s
[TRAIN][PPO] ep=020/500 r=  658.77 avg10=  420.36 steps=1602 succ10=0.50 touch10=0.50 col10=0.50 to10=0.00 min_d= 0.30 avg_spd=1.87m/s end=goal t=  296.4s ckpt=best_goal
[TRAIN][PPO] ep=021/500 r=  646.57 avg10=  466.87 steps=1539 succ10=0.60 touch10=0.60 col10=0.40 to10=0.00 min_d= 0.30 avg_spd=1.90m/s end=goal t=  316.2s
[TRAIN][PPO] ep=022/500 r=  175.12 avg10=  420.87 steps= 695 succ10=0.50 touch10=0.50 col10=0.50 to10=0.00 min_d= 2.35 avg_spd=1.87m/s end=collision t=  325.3s
[TRAIN][PPO] ep=023/500 r=  647.16 avg10=  467.98 steps=1543 succ10=0.60 touch10=0.60 col10=0.40 to10=0.00 min_d= 0.30 avg_spd=1.88m/s end=goal t=  344.8s
[TRAIN][PPO] ep=024/500 r=  659.59 avg10=  468.52 steps=1581 succ10=0.60 touch10=0.60 col10=0.40 to10=0.00 min_d= 0.30 avg_spd=1.87m/s end=goal t=  366.7s ckpt=best_goal
[TRAIN][PPO] ep=025/500 r=  202.74 avg10=  467.64 steps= 751 succ10=0.60 touch10=0.60 col10=0.40 to10=0.00 min_d= 2.26 avg_spd=1.87m/s end=collision t=  376.0s
[TRAIN][PPO] ep=026/500 r=  172.06 avg10=  419.75 steps= 680 succ10=0.50 touch10=0.50 col10=0.50 to10=0.00 min_d= 2.36 avg_spd=1.87m/s end=collision t=  384.1s
[TRAIN][PPO] ep=027/500 r=  647.39 avg10=  464.38 steps=1532 succ10=0.60 touch10=0.60 col10=0.40 to10=0.00 min_d= 0.30 avg_spd=1.88m/s end=goal t=  403.0s
[TRAIN][PPO] ep=028/500 r=  651.91 avg10=  464.96 steps=1544 succ10=0.60 touch10=0.60 col10=0.40 to10=0.00 min_d= 0.30 avg_spd=1.90m/s end=goal t=  423.7s
[TRAIN][PPO] ep=029/500 r=  644.57 avg10=  510.59 steps=1528 succ10=0.70 touch10=0.70 col10=0.30 to10=0.00 min_d= 0.30 avg_spd=1.86m/s end=goal t=  442.4s
[TRAIN][PPO] ep=030/500 r=  660.49 avg10=  510.76 steps=1576 succ10=0.70 touch10=0.70 col10=0.30 to10=0.00 min_d= 0.30 avg_spd=1.87m/s end=goal t=  461.6s ckpt=best_goal
[TRAIN][PPO] ep=031/500 r=  650.57 avg10=  511.16 steps=1554 succ10=0.70 touch10=0.70 col10=0.30 to10=0.00 min_d= 0.30 avg_spd=1.87m/s end=goal t=  480.5s
[TRAIN][PPO] ep=032/500 r=  644.22 avg10=  558.07 steps=1565 succ10=0.80 touch10=0.80 col10=0.20 to10=0.00 min_d= 0.30 avg_spd=1.85m/s end=goal t=  502.6s
[TRAIN][PPO] ep=033/500 r=  651.10 avg10=  558.46 steps=1552 succ10=0.80 touch10=0.80 col10=0.20 to10=0.00 min_d= 0.30 avg_spd=1.87m/s end=goal t=  521.9s
[TRAIN][PPO] ep=034/500 r=  644.36 avg10=  556.94 steps=1560 succ10=0.80 touch10=0.80 col10=0.20 to10=0.00 min_d= 0.30 avg_spd=1.86m/s end=goal t=  542.0s
[TRAIN][PPO] ep=035/500 r=  193.86 avg10=  556.05 steps= 748 succ10=0.80 touch10=0.80 col10=0.20 to10=0.00 min_d= 2.25 avg_spd=1.85m/s end=collision t=  551.4s
[TRAIN][PPO] ep=036/500 r=  652.23 avg10=  604.07 steps=1566 succ10=0.90 touch10=0.90 col10=0.10 to10=0.00 min_d= 0.30 avg_spd=1.85m/s end=goal t=  573.1s
[TRAIN][PPO] ep=037/500 r=  659.76 avg10=  605.31 steps=1589 succ10=0.90 touch10=0.90 col10=0.10 to10=0.00 min_d= 0.30 avg_spd=1.87m/s end=goal t=  593.3s
[TRAIN][PPO] ep=038/500 r=  664.84 avg10=  606.60 steps=1599 succ10=0.90 touch10=0.90 col10=0.10 to10=0.00 min_d= 0.30 avg_spd=1.86m/s end=goal t=  613.7s ckpt=best_goal
[TRAIN][PPO] ep=039/500 r=  643.78 avg10=  606.52 steps=1544 succ10=0.90 touch10=0.90 col10=0.10 to10=0.00 min_d= 0.30 avg_spd=1.86m/s end=goal t=  633.4s
[TRAIN][PPO] ep=040/500 r=  662.17 avg10=  606.69 steps=1642 succ10=0.90 touch10=0.90 col10=0.10 to10=0.00 min_d= 0.30 avg_spd=1.85m/s end=goal t=  656.4s
[TRAIN][PPO] ep=041/500 r=  668.00 avg10=  608.43 steps=1607 succ10=0.90 touch10=0.90 col10=0.10 to10=0.00 min_d= 0.30 avg_spd=1.84m/s end=goal t=  676.7s ckpt=best_goal
[TRAIN][PPO] ep=042/500 r=  651.20 avg10=  609.13 steps=1562 succ10=0.90 touch10=0.90 col10=0.10 to10=0.00 min_d= 0.30 avg_spd=1.87m/s end=goal t=  696.7s
[TRAIN][PPO] ep=043/500 r=  187.95 avg10=  562.81 steps= 748 succ10=0.80 touch10=0.80 col10=0.20 to10=0.00 min_d= 2.34 avg_spd=1.85m/s end=collision t=  705.9s
[TRAIN][PPO] ep=044/500 r=  660.09 avg10=  564.39 steps=1587 succ10=0.80 touch10=0.80 col10=0.20 to10=0.00 min_d= 0.30 avg_spd=1.84m/s end=goal t=  728.4s
[TRAIN][PPO] ep=045/500 r=  673.10 avg10=  612.31 steps=1618 succ10=0.90 touch10=0.90 col10=0.10 to10=0.00 min_d= 0.30 avg_spd=1.82m/s end=goal t=  748.5s ckpt=best_goal
[TRAIN][PPO] ep=046/500 r=  646.29 avg10=  611.72 steps=1539 succ10=0.90 touch10=0.90 col10=0.10 to10=0.00 min_d= 0.30 avg_spd=1.86m/s end=goal t=  767.6s
[TRAIN][PPO] ep=047/500 r=  674.10 avg10=  613.15 steps=1638 succ10=0.90 touch10=0.90 col10=0.10 to10=0.00 min_d= 0.30 avg_spd=1.82m/s end=goal t=  787.8s ckpt=best_goal
[TRAIN][PPO] ep=048/500 r=  666.82 avg10=  613.35 steps=1605 succ10=0.90 touch10=0.90 col10=0.10 to10=0.00 min_d= 0.30 avg_spd=1.85m/s end=goal t=  811.0s
[TRAIN][PPO] ep=049/500 r=  650.13 avg10=  613.99 steps=1577 succ10=0.90 touch10=0.90 col10=0.10 to10=0.00 min_d= 0.30 avg_spd=1.85m/s end=goal t=  830.8s
[TRAIN][PPO] ep=050/500 r=  199.42 avg10=  567.71 steps= 731 succ10=0.80 touch10=0.80 col10=0.20 to10=0.00 min_d= 2.32 avg_spd=1.85m/s end=collision t=  839.9s
[TRAIN][PPO] ep=051/500 r=  665.15 avg10=  567.43 steps=1605 succ10=0.80 touch10=0.80 col10=0.20 to10=0.00 min_d= 0.30 avg_spd=1.84m/s end=goal t=  860.2s
[TRAIN][PPO] ep=052/500 r=  187.51 avg10=  521.06 steps= 744 succ10=0.70 touch10=0.70 col10=0.30 to10=0.00 min_d= 2.36 avg_spd=1.84m/s end=collision t=  871.2s
[TRAIN][PPO] ep=053/500 r=  650.35 avg10=  567.30 steps=1546 succ10=0.80 touch10=0.80 col10=0.20 to10=0.00 min_d= 0.30 avg_spd=1.85m/s end=goal t=  891.1s
[TRAIN][PPO] ep=054/500 r=  654.25 avg10=  566.71 steps=1579 succ10=0.80 touch10=0.80 col10=0.20 to10=0.00 min_d= 0.30 avg_spd=1.85m/s end=goal t=  911.6s
[TRAIN][PPO] ep=055/500 r=  659.38 avg10=  565.34 steps=1573 succ10=0.80 touch10=0.80 col10=0.20 to10=0.00 min_d= 0.30 avg_spd=1.89m/s end=goal t=  932.0s
[TRAIN][PPO] ep=056/500 r=  650.27 avg10=  565.74 steps=1575 succ10=0.80 touch10=0.80 col10=0.20 to10=0.00 min_d= 0.30 avg_spd=1.86m/s end=goal t=  954.6s
[TRAIN][PPO] ep=057/500 r=  636.20 avg10=  561.95 steps=1500 succ10=0.80 touch10=0.80 col10=0.20 to10=0.00 min_d= 0.30 avg_spd=1.89m/s end=goal t=  973.6s
[TRAIN][PPO] ep=058/500 r=  654.07 avg10=  560.67 steps=1579 succ10=0.80 touch10=0.80 col10=0.20 to10=0.00 min_d= 0.30 avg_spd=1.85m/s end=goal t=  994.0s
[TRAIN][PPO] ep=059/500 r=  662.83 avg10=  561.94 steps=1590 succ10=0.80 touch10=0.80 col10=0.20 to10=0.00 min_d= 0.30 avg_spd=1.85m/s end=goal t= 1014.0s
[TRAIN][PPO] ep=060/500 r=  648.25 avg10=  606.83 steps=1556 succ10=0.90 touch10=0.90 col10=0.10 to10=0.00 min_d= 0.30 avg_spd=1.87m/s end=goal t= 1036.1s
[TRAIN][PPO] ep=061/500 r=  661.61 avg10=  606.47 steps=1596 succ10=0.90 touch10=0.90 col10=0.10 to10=0.00 min_d= 0.30 avg_spd=1.87m/s end=goal t= 1056.8s
[TRAIN][PPO] ep=062/500 r=  663.48 avg10=  654.07 steps=1585 succ10=1.00 touch10=1.00 col10=0.00 to10=0.00 min_d= 0.30 avg_spd=1.86m/s end=goal t= 1076.9s
[TRAIN][PPO] ep=063/500 r=  642.95 avg10=  653.33 steps=1550 succ10=1.00 touch10=1.00 col10=0.00 to10=0.00 min_d= 0.30 avg_spd=1.86m/s end=goal t= 1096.7s
[TRAIN][PPO] ep=064/500 r=  656.78 avg10=  653.58 steps=1599 succ10=1.00 touch10=1.00 col10=0.00 to10=0.00 min_d= 0.30 avg_spd=1.82m/s end=goal t= 1121.0s
[TRAIN][PPO] ep=065/500 r=  644.04 avg10=  652.05 steps=1533 succ10=1.00 touch10=1.00 col10=0.00 to10=0.00 min_d= 0.30 avg_spd=1.86m/s end=goal t= 1141.1s
[TRAIN][PPO] ep=066/500 r=  189.89 avg10=  606.01 steps= 732 succ10=0.90 touch10=0.90 col10=0.10 to10=0.00 min_d= 2.32 avg_spd=1.81m/s end=collision t= 1150.7s
[TRAIN][PPO] ep=067/500 r=  656.30 avg10=  608.02 steps=1568 succ10=0.90 touch10=0.90 col10=0.10 to10=0.00 min_d= 0.30 avg_spd=1.85m/s end=goal t= 1170.2s
[TRAIN][PPO] ep=068/500 r=  660.57 avg10=  608.67 steps=1586 succ10=0.90 touch10=0.90 col10=0.10 to10=0.00 min_d= 0.30 avg_spd=1.85m/s end=goal t= 1192.4s
[TRAIN][PPO] ep=069/500 r=  665.57 avg10=  608.94 steps=1624 succ10=0.90 touch10=0.90 col10=0.10 to10=0.00 min_d= 0.30 avg_spd=1.81m/s end=goal t= 1213.3s
[TRAIN][PPO] ep=070/500 r=  654.36 avg10=  609.55 steps=1576 succ10=0.90 touch10=0.90 col10=0.10 to10=0.00 min_d= 0.30 avg_spd=1.87m/s end=goal t= 1233.9s
[TRAIN][PPO] ep=071/500 r=  673.81 avg10=  610.77 steps=1618 succ10=0.90 touch10=0.90 col10=0.10 to10=0.00 min_d= 0.30 avg_spd=1.82m/s end=goal t= 1255.3s
[TRAIN][PPO] ep=072/500 r=  662.72 avg10=  610.70 steps=1606 succ10=0.90 touch10=0.90 col10=0.10 to10=0.00 min_d= 0.30 avg_spd=1.86m/s end=goal t= 1279.2s
[TRAIN][PPO] ep=073/500 r=  674.69 avg10=  613.87 steps=1625 succ10=0.90 touch10=0.90 col10=0.10 to10=0.00 min_d= 0.30 avg_spd=1.83m/s end=goal t= 1300.7s ckpt=best_goal
[TRAIN][PPO] ep=074/500 r=  669.98 avg10=  615.19 steps=1614 succ10=0.90 touch10=0.90 col10=0.10 to10=0.00 min_d= 0.30 avg_spd=1.84m/s end=goal t= 1321.5s
[TRAIN][PPO] ep=075/500 r=  655.66 avg10=  616.35 steps=1599 succ10=0.90 touch10=0.90 col10=0.10 to10=0.00 min_d= 0.30 avg_spd=1.81m/s end=goal t= 1342.3s
[TRAIN][PPO] ep=076/500 r=  662.54 avg10=  663.62 steps=1588 succ10=1.00 touch10=1.00 col10=0.00 to10=0.00 min_d= 0.30 avg_spd=1.81m/s end=goal t= 1365.2s
[TRAIN][PPO] ep=077/500 r=  661.64 avg10=  664.15 steps=1582 succ10=1.00 touch10=1.00 col10=0.00 to10=0.00 min_d= 0.30 avg_spd=1.83m/s end=goal t= 1385.8s
[TRAIN][PPO] ep=078/500 r=  668.84 avg10=  664.98 steps=1633 succ10=1.00 touch10=1.00 col10=0.00 to10=0.00 min_d= 0.30 avg_spd=1.80m/s end=goal t= 1406.4s
[TRAIN][PPO] ep=079/500 r=  665.86 avg10=  665.01 steps=1607 succ10=1.00 touch10=1.00 col10=0.00 to10=0.00 min_d= 0.30 avg_spd=1.81m/s end=goal t= 1426.9s
[TRAIN][PPO] ep=080/500 r=  670.31 avg10=  666.61 steps=1628 succ10=1.00 touch10=1.00 col10=0.00 to10=0.00 min_d= 0.30 avg_spd=1.81m/s end=goal t= 1449.6s
[TRAIN][PPO] ep=081/500 r=  680.05 avg10=  667.23 steps=1644 succ10=1.00 touch10=1.00 col10=0.00 to10=0.00 min_d= 0.30 avg_spd=1.79m/s end=goal t= 1470.3s ckpt=best_goal
[TRAIN][PPO] ep=082/500 r=  677.74 avg10=  668.73 steps=1634 succ10=1.00 touch10=1.00 col10=0.00 to10=0.00 min_d= 0.30 avg_spd=1.82m/s end=goal t= 1490.9s
[TRAIN][PPO] ep=083/500 r=  663.16 avg10=  667.58 steps=1624 succ10=1.00 touch10=1.00 col10=0.00 to10=0.00 min_d= 0.30 avg_spd=1.78m/s end=goal t= 1511.4s
[TRAIN][PPO] ep=084/500 r=  670.91 avg10=  667.67 steps=1624 succ10=1.00 touch10=1.00 col10=0.00 to10=0.00 min_d= 0.30 avg_spd=1.81m/s end=goal t= 1534.1s
[TRAIN][PPO] ep=085/500 r=  659.46 avg10=  668.05 steps=1584 succ10=1.00 touch10=1.00 col10=0.00 to10=0.00 min_d= 0.30 avg_spd=1.81m/s end=goal t= 1554.0s
[TRAIN][PPO] ep=086/500 r=  677.37 avg10=  669.54 steps=1649 succ10=1.00 touch10=1.00 col10=0.00 to10=0.00 min_d= 0.30 avg_spd=1.80m/s end=goal t= 1574.3s
[TRAIN][PPO] ep=087/500 r=  659.54 avg10=  669.33 steps=1589 succ10=1.00 touch10=1.00 col10=0.00 to10=0.00 min_d= 0.30 avg_spd=1.81m/s end=goal t= 1593.4s
[TRAIN][PPO] ep=088/500 r=  656.03 avg10=  668.04 steps=1582 succ10=1.00 touch10=1.00 col10=0.00 to10=0.00 min_d= 0.30 avg_spd=1.82m/s end=goal t= 1615.4s
[TRAIN][PPO] ep=089/500 r=  668.65 avg10=  668.32 steps=1611 succ10=1.00 touch10=1.00 col10=0.00 to10=0.00 min_d= 0.30 avg_spd=1.82m/s end=goal t= 1635.0s
[TRAIN][PPO] ep=090/500 r=  667.80 avg10=  668.07 steps=1604 succ10=1.00 touch10=1.00 col10=0.00 to10=0.00 min_d= 0.30 avg_spd=1.82m/s end=goal t= 1654.3s
[TRAIN][PPO] ep=091/500 r=  671.42 avg10=  667.21 steps=1628 succ10=1.00 touch10=1.00 col10=0.00 to10=0.00 min_d= 0.30 avg_spd=1.81m/s end=goal t= 1674.3s
[TRAIN][PPO] ep=092/500 r=  663.83 avg10=  665.82 steps=1583 succ10=1.00 touch10=1.00 col10=0.00 to10=0.00 min_d= 0.30 avg_spd=1.86m/s end=goal t= 1697.8s
[TRAIN][PPO] ep=093/500 r=  655.94 avg10=  665.10 steps=1604 succ10=1.00 touch10=1.00 col10=0.00 to10=0.00 min_d= 0.30 avg_spd=1.82m/s end=goal t= 1716.8s
[TRAIN][PPO] ep=094/500 r=  657.80 avg10=  663.79 steps=1579 succ10=1.00 touch10=1.00 col10=0.00 to10=0.00 min_d= 0.30 avg_spd=1.84m/s end=goal t= 1735.6s
[TRAIN][PPO] ep=095/500 r=  658.22 avg10=  663.66 steps=1595 succ10=1.00 touch10=1.00 col10=0.00 to10=0.00 min_d= 0.30 avg_spd=1.81m/s end=goal t= 1754.6s
[TRAIN][PPO] ep=096/500 r=  659.17 avg10=  661.84 steps=1590 succ10=1.00 touch10=1.00 col10=0.00 to10=0.00 min_d= 0.30 avg_spd=1.83m/s end=goal t= 1775.8s
[TRAIN][PPO] ep=097/500 r=  659.78 avg10=  661.87 steps=1577 succ10=1.00 touch10=1.00 col10=0.00 to10=0.00 min_d= 0.30 avg_spd=1.82m/s end=goal t= 1794.5s
[TRAIN][PPO] ep=098/500 r=  665.53 avg10=  662.81 steps=1604 succ10=1.00 touch10=1.00 col10=0.00 to10=0.00 min_d= 0.30 avg_spd=1.84m/s end=goal t= 1813.7s
[TRAIN][PPO] ep=099/500 r=  672.92 avg10=  663.24 steps=1629 succ10=1.00 touch10=1.00 col10=0.00 to10=0.00 min_d= 0.30 avg_spd=1.83m/s end=goal t= 1834.0s
[TRAIN][PPO] ep=100/500 r=  655.08 avg10=  661.97 steps=1577 succ10=1.00 touch10=1.00 col10=0.00 to10=0.00 min_d= 0.30 avg_spd=1.83m/s end=goal t= 1856.4s ckpt=latest
[TRAIN][PPO] ep=101/500 r=  660.58 avg10=  660.89 steps=1584 succ10=1.00 touch10=1.00 col10=0.00 to10=0.00 min_d= 0.30 avg_spd=1.84m/s end=goal t= 1875.7s
[TRAIN][PPO] ep=102/500 r=  663.39 avg10=  660.84 steps=1596 succ10=1.00 touch10=1.00 col10=0.00 to10=0.00 min_d= 0.30 avg_spd=1.84m/s end=goal t= 1895.6s
[TRAIN][PPO] ep=103/500 r=  188.58 avg10=  614.10 steps= 727 succ10=0.90 touch10=0.90 col10=0.10 to10=0.00 min_d= 2.36 avg_spd=1.83m/s end=collision t= 1904.6s
[TRAIN][PPO] ep=104/500 r=  664.23 avg10=  614.75 steps=1603 succ10=0.90 touch10=0.90 col10=0.10 to10=0.00 min_d= 0.30 avg_spd=1.84m/s end=goal t= 1926.4s
[TRAIN][PPO] ep=105/500 r=  658.21 avg10=  614.75 steps=1577 succ10=0.90 touch10=0.90 col10=0.10 to10=0.00 min_d= 0.30 avg_spd=1.85m/s end=goal t= 1945.8s
[TRAIN][PPO] ep=106/500 r=  661.50 avg10=  614.98 steps=1584 succ10=0.90 touch10=0.90 col10=0.10 to10=0.00 min_d= 0.30 avg_spd=1.86m/s end=goal t= 1965.0s
[TRAIN][PPO] ep=107/500 r=  659.19 avg10=  614.92 steps=1594 succ10=0.90 touch10=0.90 col10=0.10 to10=0.00 min_d= 0.30 avg_spd=1.83m/s end=goal t= 1984.3s
[TRAIN][PPO] ep=108/500 r=  665.63 avg10=  614.93 steps=1606 succ10=0.90 touch10=0.90 col10=0.10 to10=0.00 min_d= 0.30 avg_spd=1.82m/s end=goal t= 2005.0s
[TRAIN][PPO] ep=109/500 r=  653.52 avg10=  612.99 steps=1585 succ10=0.90 touch10=0.90 col10=0.10 to10=0.00 min_d= 0.30 avg_spd=1.85m/s end=goal t= 2024.6s
[TRAIN][PPO] ep=110/500 r=  667.20 avg10=  614.20 steps=1615 succ10=0.90 touch10=0.90 col10=0.10 to10=0.00 min_d= 0.30 avg_spd=1.84m/s end=goal t= 2044.3s
[TRAIN][PPO] ep=111/500 r=  654.07 avg10=  613.55 steps=1598 succ10=0.90 touch10=0.90 col10=0.10 to10=0.00 min_d= 0.30 avg_spd=1.85m/s end=goal t= 2063.8s
[TRAIN][PPO] ep=112/500 r=  184.15 avg10=  565.63 steps= 714 succ10=0.80 touch10=0.80 col10=0.20 to10=0.00 min_d= 2.36 avg_spd=1.86m/s end=collision t= 2074.8s
[TRAIN][PPO] ep=113/500 r=  191.64 avg10=  565.93 steps= 744 succ10=0.80 touch10=0.80 col10=0.20 to10=0.00 min_d= 2.36 avg_spd=1.75m/s end=collision t= 2083.7s
[TRAIN][PPO] ep=114/500 r=  654.53 avg10=  564.96 steps=1593 succ10=0.80 touch10=0.80 col10=0.20 to10=0.00 min_d= 0.30 avg_spd=1.82m/s end=goal t= 2103.0s
[TRAIN][PPO] ep=115/500 r=  663.13 avg10=  565.46 steps=1597 succ10=0.80 touch10=0.80 col10=0.20 to10=0.00 min_d= 0.30 avg_spd=1.81m/s end=goal t= 2122.5s
[TRAIN][PPO] ep=116/500 r=  660.41 avg10=  565.35 steps=1612 succ10=0.80 touch10=0.80 col10=0.20 to10=0.00 min_d= 0.30 avg_spd=1.81m/s end=goal t= 2144.6s
[TRAIN][PPO] ep=117/500 r=  667.83 avg10=  566.21 steps=1618 succ10=0.80 touch10=0.80 col10=0.20 to10=0.00 min_d= 0.30 avg_spd=1.80m/s end=goal t= 2164.9s
[TRAIN][PPO] ep=118/500 r=  181.72 avg10=  517.82 steps= 709 succ10=0.70 touch10=0.70 col10=0.30 to10=0.00 min_d= 2.36 avg_spd=1.82m/s end=collision t= 2174.0s
[TRAIN][PPO] ep=119/500 r=  190.65 avg10=  471.53 steps= 764 succ10=0.60 touch10=0.60 col10=0.40 to10=0.00 min_d= 2.34 avg_spd=1.78m/s end=collision t= 2183.8s
[TRAIN][PPO] ep=120/500 r=  193.61 avg10=  424.17 steps= 772 succ10=0.50 touch10=0.50 col10=0.50 to10=0.00 min_d= 2.32 avg_spd=1.81m/s end=collision t= 2195.1s
[TRAIN][PPO] ep=121/500 r=  185.93 avg10=  377.36 steps= 711 succ10=0.40 touch10=0.40 col10=0.60 to10=0.00 min_d= 2.35 avg_spd=1.82m/s end=collision t= 2204.3s
[TRAIN][PPO] ep=122/500 r=  650.18 avg10=  423.96 steps=1570 succ10=0.50 touch10=0.50 col10=0.50 to10=0.00 min_d= 0.30 avg_spd=1.83m/s end=goal t= 2224.6s
[TRAIN][PPO] ep=123/500 r=  662.30 avg10=  471.03 steps=1654 succ10=0.60 touch10=0.60 col10=0.40 to10=0.00 min_d= 0.30 avg_spd=1.84m/s end=goal t= 2245.3s
[TRAIN][PPO] ep=124/500 r=  670.69 avg10=  472.64 steps=1655 succ10=0.60 touch10=0.60 col10=0.40 to10=0.00 min_d= 0.30 avg_spd=1.82m/s end=goal t= 2269.5s
[TRAIN][PPO] ep=125/500 r=  188.27 avg10=  425.16 steps= 724 succ10=0.50 touch10=0.50 col10=0.50 to10=0.00 min_d= 2.36 avg_spd=1.82m/s end=collision t= 2278.8s
[TRAIN][PPO] ep=126/500 r=  655.48 avg10=  424.66 steps=1588 succ10=0.50 touch10=0.50 col10=0.50 to10=0.00 min_d= 0.30 avg_spd=1.84m/s end=goal t= 2298.7s
[TRAIN][PPO] ep=127/500 r=  185.30 avg10=  376.41 steps= 725 succ10=0.40 touch10=0.40 col10=0.60 to10=0.00 min_d= 2.32 avg_spd=1.85m/s end=collision t= 2307.7s
[TRAIN][PPO] ep=128/500 r=  194.89 avg10=  377.73 steps= 759 succ10=0.40 touch10=0.40 col10=0.60 to10=0.00 min_d= 2.31 avg_spd=1.83m/s end=collision t= 2318.6s
[TRAIN][PPO] ep=129/500 r=  665.19 avg10=  425.18 steps=1609 succ10=0.50 touch10=0.50 col10=0.50 to10=0.00 min_d= 0.30 avg_spd=1.83m/s end=goal t= 2339.0s
[TRAIN][PPO] ep=130/500 r=  205.97 avg10=  426.42 steps= 770 succ10=0.50 touch10=0.50 col10=0.50 to10=0.00 min_d= 2.31 avg_spd=1.79m/s end=collision t= 2348.7s
[TRAIN][PPO] ep=131/500 r=  192.63 avg10=  427.09 steps= 749 succ10=0.50 touch10=0.50 col10=0.50 to10=0.00 min_d= 2.35 avg_spd=1.84m/s end=collision t= 2358.4s
[TRAIN][PPO] ep=132/500 r=  185.19 avg10=  380.59 steps= 713 succ10=0.40 touch10=0.40 col10=0.60 to10=0.00 min_d= 2.35 avg_spd=1.86m/s end=collision t= 2368.6s
[TRAIN][PPO] ep=133/500 r=  197.36 avg10=  334.10 steps= 764 succ10=0.30 touch10=0.30 col10=0.70 to10=0.00 min_d= 2.22 avg_spd=1.86m/s end=collision t= 2378.3s
[TRAIN][PPO] ep=134/500 r=  215.49 avg10=  288.58 steps= 803 succ10=0.20 touch10=0.20 col10=0.80 to10=0.00 min_d= 2.28 avg_spd=1.78m/s end=collision t= 2388.5s
[TRAIN][PPO] ep=135/500 r=  649.16 avg10=  334.67 steps=1581 succ10=0.30 touch10=0.30 col10=0.70 to10=0.00 min_d= 0.30 avg_spd=1.84m/s end=goal t= 2408.7s
[TRAIN][PPO] ep=136/500 r=  219.94 avg10=  291.11 steps= 823 succ10=0.20 touch10=0.20 col10=0.80 to10=0.00 min_d= 2.24 avg_spd=1.78m/s end=collision t= 2420.4s
[TRAIN][PPO] ep=137/500 r=  185.48 avg10=  291.13 steps= 722 succ10=0.20 touch10=0.20 col10=0.80 to10=0.00 min_d= 2.30 avg_spd=1.85m/s end=collision t= 2429.5s
[TRAIN][PPO] ep=138/500 r=  186.37 avg10=  290.28 steps= 748 succ10=0.20 touch10=0.20 col10=0.80 to10=0.00 min_d= 2.28 avg_spd=1.83m/s end=collision t= 2438.9s
[TRAIN][PPO] ep=139/500 r=  656.51 avg10=  289.41 steps=1637 succ10=0.20 touch10=0.20 col10=0.80 to10=0.00 min_d= 0.30 avg_spd=1.84m/s end=goal t= 2459.7s
[TRAIN][PPO] ep=140/500 r=  659.81 avg10=  334.79 steps=1643 succ10=0.30 touch10=0.30 col10=0.70 to10=0.00 min_d= 0.30 avg_spd=1.85m/s end=goal t= 2481.5s
[TRAIN][PPO] ep=141/500 r=  669.32 avg10=  382.46 steps=1673 succ10=0.40 touch10=0.40 col10=0.60 to10=0.00 min_d= 0.30 avg_spd=1.83m/s end=goal t= 2501.7s
[TRAIN][PPO] ep=142/500 r=  200.56 avg10=  384.00 steps= 761 succ10=0.40 touch10=0.40 col10=0.60 to10=0.00 min_d= 2.36 avg_spd=1.79m/s end=collision t= 2510.9s
[TRAIN][PPO] ep=143/500 r=  176.59 avg10=  381.92 steps= 693 succ10=0.40 touch10=0.40 col10=0.60 to10=0.00 min_d= 2.34 avg_spd=1.86m/s end=collision t= 2519.6s
[TRAIN][PPO] ep=144/500 r=  183.07 avg10=  378.68 steps= 712 succ10=0.40 touch10=0.40 col10=0.60 to10=0.00 min_d= 2.32 avg_spd=1.88m/s end=collision t= 2529.7s
[TRAIN][PPO] ep=145/500 r=  656.08 avg10=  379.37 steps=1621 succ10=0.40 touch10=0.40 col10=0.60 to10=0.00 min_d= 0.30 avg_spd=1.85m/s end=goal t= 2550.2s
[TRAIN][PPO] ep=146/500 r=  661.39 avg10=  423.52 steps=1646 succ10=0.50 touch10=0.50 col10=0.50 to10=0.00 min_d= 0.30 avg_spd=1.80m/s end=goal t= 2571.4s
[TRAIN][PPO] ep=147/500 r=  668.22 avg10=  471.79 steps=1662 succ10=0.60 touch10=0.60 col10=0.40 to10=0.00 min_d= 0.30 avg_spd=1.83m/s end=goal t= 2592.6s
[TRAIN][PPO] ep=148/500 r=  179.86 avg10=  471.14 steps= 715 succ10=0.60 touch10=0.60 col10=0.40 to10=0.00 min_d= 2.28 avg_spd=1.85m/s end=collision t= 2603.1s
[TRAIN][PPO] ep=149/500 r=  651.54 avg10=  470.65 steps=1588 succ10=0.60 touch10=0.60 col10=0.40 to10=0.00 min_d= 0.30 avg_spd=1.83m/s end=goal t= 2623.2s
[TRAIN][PPO] ep=150/500 r=  198.71 avg10=  424.54 steps= 777 succ10=0.50 touch10=0.50 col10=0.50 to10=0.00 min_d= 2.30 avg_spd=1.82m/s end=collision t= 2633.0s
[TRAIN][PPO] ep=151/500 r=  179.22 avg10=  375.53 steps= 706 succ10=0.40 touch10=0.40 col10=0.60 to10=0.00 min_d= 2.28 avg_spd=1.86m/s end=collision t= 2641.9s
[TRAIN][PPO] ep=152/500 r=  651.77 avg10=  420.65 steps=1597 succ10=0.50 touch10=0.50 col10=0.50 to10=0.00 min_d= 0.30 avg_spd=1.83m/s end=goal t= 2663.9s
[TRAIN][PPO] ep=153/500 r=  662.94 avg10=  469.28 steps=1643 succ10=0.60 touch10=0.60 col10=0.40 to10=0.00 min_d= 0.30 avg_spd=1.84m/s end=goal t= 2684.4s
[TRAIN][PPO] ep=154/500 r=  197.44 avg10=  470.72 steps= 769 succ10=0.60 touch10=0.60 col10=0.40 to10=0.00 min_d= 2.31 avg_spd=1.83m/s end=collision t= 2694.3s
[TRAIN][PPO] ep=155/500 r=  196.23 avg10=  424.73 steps= 754 succ10=0.50 touch10=0.50 col10=0.50 to10=0.00 min_d= 2.32 avg_spd=1.82m/s end=collision t= 2703.9s
[TRAIN][PPO] ep=156/500 r=  645.86 avg10=  423.18 steps=1640 succ10=0.50 touch10=0.50 col10=0.50 to10=0.00 min_d= 0.30 avg_spd=1.85m/s end=goal t= 2726.4s
[TRAIN][PPO] ep=157/500 r=  193.05 avg10=  375.66 steps= 728 succ10=0.40 touch10=0.40 col10=0.60 to10=0.00 min_d= 2.34 avg_spd=1.82m/s end=collision t= 2735.4s
[TRAIN][PPO] ep=158/500 r=  649.98 avg10=  422.67 steps=1620 succ10=0.50 touch10=0.50 col10=0.50 to10=0.00 min_d= 0.30 avg_spd=1.82m/s end=goal t= 2755.8s
[TRAIN][PPO] ep=159/500 r=  651.99 avg10=  422.72 steps=1590 succ10=0.50 touch10=0.50 col10=0.50 to10=0.00 min_d= 0.30 avg_spd=1.83m/s end=goal t= 2775.6s
[TRAIN][PPO] ep=160/500 r=  186.67 avg10=  421.51 steps= 715 succ10=0.50 touch10=0.50 col10=0.50 to10=0.00 min_d= 2.35 avg_spd=1.85m/s end=collision t= 2785.8s
[TRAIN][PPO] ep=161/500 r=  185.75 avg10=  422.17 steps= 713 succ10=0.50 touch10=0.50 col10=0.50 to10=0.00 min_d= 2.34 avg_spd=1.81m/s end=collision t= 2794.8s
[TRAIN][PPO] ep=162/500 r=  661.55 avg10=  423.15 steps=1620 succ10=0.50 touch10=0.50 col10=0.50 to10=0.00 min_d= 0.30 avg_spd=1.84m/s end=goal t= 2815.3s
[TRAIN][PPO] ep=163/500 r=  197.86 avg10=  376.64 steps= 783 succ10=0.40 touch10=0.40 col10=0.60 to10=0.00 min_d= 2.30 avg_spd=1.80m/s end=collision t= 2825.5s
[TRAIN][PPO] ep=164/500 r=  194.44 avg10=  376.34 steps= 738 succ10=0.40 touch10=0.40 col10=0.60 to10=0.00 min_d= 2.34 avg_spd=1.80m/s end=collision t= 2836.0s
[TRAIN][PPO] ep=165/500 r=  180.66 avg10=  374.78 steps= 718 succ10=0.40 touch10=0.40 col10=0.60 to10=0.00 min_d= 2.30 avg_spd=1.83m/s end=collision t= 2845.2s
[TRAIN][PPO] ep=166/500 r=  641.29 avg10=  374.32 steps=1565 succ10=0.40 touch10=0.40 col10=0.60 to10=0.00 min_d= 0.30 avg_spd=1.87m/s end=goal t= 2864.8s
[TRAIN][PPO] ep=167/500 r=  656.64 avg10=  420.68 steps=1631 succ10=0.50 touch10=0.50 col10=0.50 to10=0.00 min_d= 0.30 avg_spd=1.86m/s end=goal t= 2884.6s
[TRAIN][PPO] ep=168/500 r=  183.19 avg10=  374.00 steps= 725 succ10=0.40 touch10=0.40 col10=0.60 to10=0.00 min_d= 2.31 avg_spd=1.85m/s end=collision t= 2894.8s
[TRAIN][PPO] ep=169/500 r=  191.34 avg10=  327.94 steps= 736 succ10=0.30 touch10=0.30 col10=0.70 to10=0.00 min_d= 2.36 avg_spd=1.83m/s end=collision t= 2904.2s
[TRAIN][PPO] ep=170/500 r=  664.71 avg10=  375.74 steps=1652 succ10=0.40 touch10=0.40 col10=0.60 to10=0.00 min_d= 0.30 avg_spd=1.81m/s end=goal t= 2924.6s
[TRAIN][PPO] ep=171/500 r=  200.55 avg10=  377.22 steps= 772 succ10=0.40 touch10=0.40 col10=0.60 to10=0.00 min_d= 2.31 avg_spd=1.80m/s end=collision t= 2934.4s
[TRAIN][PPO] ep=172/500 r=  206.31 avg10=  331.70 steps= 776 succ10=0.30 touch10=0.30 col10=0.70 to10=0.00 min_d= 2.25 avg_spd=1.79m/s end=collision t= 2945.2s
[TRAIN][PPO] ep=173/500 r=  170.93 avg10=  329.01 steps= 672 succ10=0.30 touch10=0.30 col10=0.70 to10=0.00 min_d= 2.35 avg_spd=1.86m/s end=collision t= 2953.8s
[TRAIN][PPO] ep=174/500 r=  183.31 avg10=  327.89 steps= 720 succ10=0.30 touch10=0.30 col10=0.70 to10=0.00 min_d= 2.27 avg_spd=1.84m/s end=collision t= 2963.2s
[TRAIN][PPO] ep=175/500 r=  667.12 avg10=  376.54 steps=1688 succ10=0.40 touch10=0.40 col10=0.60 to10=0.00 min_d= 0.30 avg_spd=1.83m/s end=goal t= 2984.0s
[TRAIN][PPO] ep=176/500 r=  194.09 avg10=  331.82 steps= 780 succ10=0.30 touch10=0.30 col10=0.70 to10=0.00 min_d= 2.28 avg_spd=1.82m/s end=collision t= 2995.1s
[TRAIN][PPO] ep=177/500 r=  657.32 avg10=  331.89 steps=1684 succ10=0.30 touch10=0.30 col10=0.70 to10=0.00 min_d= 0.30 avg_spd=1.84m/s end=goal t= 3016.4s
[TRAIN][PPO] ep=178/500 r=  182.50 avg10=  331.82 steps= 711 succ10=0.30 touch10=0.30 col10=0.70 to10=0.00 min_d= 2.35 avg_spd=1.79m/s end=collision t= 3025.5s
[TRAIN][PPO] ep=179/500 r=  659.29 avg10=  378.61 steps=1628 succ10=0.40 touch10=0.40 col10=0.60 to10=0.00 min_d= 0.30 avg_spd=1.83m/s end=goal t= 3046.3s
[TRAIN][PPO] ep=180/500 r=  217.79 avg10=  333.92 steps= 818 succ10=0.30 touch10=0.30 col10=0.70 to10=0.00 min_d= 2.16 avg_spd=1.80m/s end=collision t= 3058.4s
[TRAIN][PPO] ep=181/500 r=  655.69 avg10=  379.44 steps=1615 succ10=0.40 touch10=0.40 col10=0.60 to10=0.00 min_d= 0.30 avg_spd=1.85m/s end=goal t= 3078.8s
[TRAIN][PPO] ep=182/500 r=  650.13 avg10=  423.82 steps=1620 succ10=0.50 touch10=0.50 col10=0.50 to10=0.00 min_d= 0.30 avg_spd=1.83m/s end=goal t= 3099.0s
[TRAIN][PPO] ep=183/500 r=  213.90 avg10=  428.11 steps= 792 succ10=0.50 touch10=0.50 col10=0.50 to10=0.00 min_d= 2.24 avg_spd=1.80m/s end=collision t= 3108.5s
[TRAIN][PPO] ep=184/500 r=  647.28 avg10=  474.51 steps=1587 succ10=0.60 touch10=0.60 col10=0.40 to10=0.00 min_d= 0.30 avg_spd=1.86m/s end=goal t= 3130.5s
[TRAIN][PPO] ep=185/500 r=  659.00 avg10=  473.70 steps=1634 succ10=0.60 touch10=0.60 col10=0.40 to10=0.00 min_d= 0.30 avg_spd=1.85m/s end=goal t= 3151.1s
[TRAIN][PPO] ep=186/500 r=  639.74 avg10=  518.26 steps=1577 succ10=0.70 touch10=0.70 col10=0.30 to10=0.00 min_d= 0.30 avg_spd=1.87m/s end=goal t= 3170.8s
[TRAIN][PPO] ep=187/500 r=  644.06 avg10=  516.94 steps=1589 succ10=0.70 touch10=0.70 col10=0.30 to10=0.00 min_d= 0.30 avg_spd=1.88m/s end=goal t= 3190.6s
[TRAIN][PPO] ep=188/500 r=  653.12 avg10=  564.00 steps=1602 succ10=0.80 touch10=0.80 col10=0.20 to10=0.00 min_d= 0.30 avg_spd=1.84m/s end=goal t= 3213.6s
[TRAIN][PPO] ep=189/500 r=  637.37 avg10=  561.81 steps=1551 succ10=0.80 touch10=0.80 col10=0.20 to10=0.00 min_d= 0.30 avg_spd=1.88m/s end=goal t= 3233.1s
[TRAIN][PPO] ep=190/500 r=  187.73 avg10=  558.80 steps= 727 succ10=0.80 touch10=0.80 col10=0.20 to10=0.00 min_d= 2.30 avg_spd=1.87m/s end=collision t= 3242.0s
[TRAIN][PPO] ep=191/500 r=  182.77 avg10=  511.51 steps= 697 succ10=0.70 touch10=0.70 col10=0.30 to10=0.00 min_d= 2.34 avg_spd=1.84m/s end=collision t= 3250.9s
[TRAIN][PPO] ep=192/500 r=  656.31 avg10=  512.13 steps=1605 succ10=0.70 touch10=0.70 col10=0.30 to10=0.00 min_d= 0.30 avg_spd=1.86m/s end=goal t= 3273.4s
[TRAIN][PPO] ep=193/500 r=  653.05 avg10=  556.04 steps=1599 succ10=0.80 touch10=0.80 col10=0.20 to10=0.00 min_d= 0.30 avg_spd=1.87m/s end=goal t= 3293.3s
[TRAIN][PPO] ep=194/500 r=  647.74 avg10=  556.09 steps=1574 succ10=0.80 touch10=0.80 col10=0.20 to10=0.00 min_d= 0.30 avg_spd=1.85m/s end=goal t= 3312.8s
[TRAIN][PPO] ep=195/500 r=  654.44 avg10=  555.63 steps=1597 succ10=0.80 touch10=0.80 col10=0.20 to10=0.00 min_d= 0.30 avg_spd=1.86m/s end=goal t= 3332.5s
[TRAIN][PPO] ep=196/500 r=  662.81 avg10=  557.94 steps=1619 succ10=0.80 touch10=0.80 col10=0.20 to10=0.00 min_d= 0.30 avg_spd=1.84m/s end=goal t= 3356.3s
[TRAIN][PPO] ep=197/500 r=  637.36 avg10=  557.27 steps=1596 succ10=0.80 touch10=0.80 col10=0.20 to10=0.00 min_d= 0.30 avg_spd=1.88m/s end=goal t= 3376.5s
[TRAIN][PPO] ep=198/500 r=  661.71 avg10=  558.13 steps=1640 succ10=0.80 touch10=0.80 col10=0.20 to10=0.00 min_d= 0.30 avg_spd=1.85m/s end=goal t= 3397.2s
[TRAIN][PPO] ep=199/500 r=  654.40 avg10=  559.83 steps=1602 succ10=0.80 touch10=0.80 col10=0.20 to10=0.00 min_d= 0.30 avg_spd=1.86m/s end=goal t= 3417.1s
[TRAIN][PPO] ep=200/500 r=  648.35 avg10=  605.89 steps=1588 succ10=0.90 touch10=0.90 col10=0.10 to10=0.00 min_d= 0.30 avg_spd=1.86m/s end=goal t= 3439.3s ckpt=latest
[TRAIN][PPO] ep=201/500 r=  654.77 avg10=  653.09 steps=1630 succ10=1.00 touch10=1.00 col10=0.00 to10=0.00 min_d= 0.30 avg_spd=1.86m/s end=goal t= 3459.4s
[TRAIN][PPO] ep=202/500 r=  646.78 avg10=  652.14 steps=1573 succ10=1.00 touch10=1.00 col10=0.00 to10=0.00 min_d= 0.30 avg_spd=1.87m/s end=goal t= 3478.5s
[TRAIN][PPO] ep=203/500 r=  641.66 avg10=  651.00 steps=1608 succ10=1.00 touch10=1.00 col10=0.00 to10=0.00 min_d= 0.30 avg_spd=1.85m/s end=goal t= 3498.4s
[TRAIN][PPO] ep=204/500 r=  642.36 avg10=  650.46 steps=1546 succ10=1.00 touch10=1.00 col10=0.00 to10=0.00 min_d= 0.30 avg_spd=1.89m/s end=goal t= 3519.8s
[TRAIN][PPO] ep=205/500 r=  634.87 avg10=  648.51 steps=1552 succ10=1.00 touch10=1.00 col10=0.00 to10=0.00 min_d= 0.30 avg_spd=1.88m/s end=goal t= 3539.5s
[TRAIN][PPO] ep=206/500 r=  646.06 avg10=  646.83 steps=1576 succ10=1.00 touch10=1.00 col10=0.00 to10=0.00 min_d= 0.30 avg_spd=1.89m/s end=goal t= 3559.2s
[TRAIN][PPO] ep=207/500 r=  647.69 avg10=  647.87 steps=1568 succ10=1.00 touch10=1.00 col10=0.00 to10=0.00 min_d= 0.30 avg_spd=1.86m/s end=goal t= 3578.9s
[TRAIN][PPO] ep=208/500 r=  642.82 avg10=  645.98 steps=1558 succ10=1.00 touch10=1.00 col10=0.00 to10=0.00 min_d= 0.30 avg_spd=1.87m/s end=goal t= 3600.3s
[TRAIN][PPO] ep=209/500 r=  643.85 avg10=  644.92 steps=1559 succ10=1.00 touch10=1.00 col10=0.00 to10=0.00 min_d= 0.30 avg_spd=1.87m/s end=goal t= 3619.7s
[TRAIN][PPO] ep=210/500 r=  194.07 avg10=  599.49 steps= 766 succ10=0.90 touch10=0.90 col10=0.10 to10=0.00 min_d= 2.28 avg_spd=1.86m/s end=collision t= 3629.2s
[TRAIN][PPO] ep=211/500 r=  649.61 avg10=  598.98 steps=1592 succ10=0.90 touch10=0.90 col10=0.10 to10=0.00 min_d= 0.30 avg_spd=1.87m/s end=goal t= 3648.9s
[TRAIN][PPO] ep=212/500 r=  638.87 avg10=  598.19 steps=1553 succ10=0.90 touch10=0.90 col10=0.10 to10=0.00 min_d= 0.30 avg_spd=1.88m/s end=goal t= 3670.5s
[TRAIN][PPO] ep=213/500 r=  655.30 avg10=  599.55 steps=1619 succ10=0.90 touch10=0.90 col10=0.10 to10=0.00 min_d= 0.30 avg_spd=1.86m/s end=goal t= 3691.0s
[TRAIN][PPO] ep=214/500 r=  654.82 avg10=  600.80 steps=1603 succ10=0.90 touch10=0.90 col10=0.10 to10=0.00 min_d= 0.30 avg_spd=1.86m/s end=goal t= 3711.1s
[TRAIN][PPO] ep=215/500 r=  657.44 avg10=  603.05 steps=1614 succ10=0.90 touch10=0.90 col10=0.10 to10=0.00 min_d= 0.30 avg_spd=1.87m/s end=goal t= 3732.1s
[TRAIN][PPO] ep=216/500 r=  213.24 avg10=  559.77 steps= 777 succ10=0.80 touch10=0.80 col10=0.20 to10=0.00 min_d= 2.19 avg_spd=1.82m/s end=collision t= 3744.9s
[TRAIN][PPO] ep=217/500 r=  656.08 avg10=  560.61 steps=1620 succ10=0.80 touch10=0.80 col10=0.20 to10=0.00 min_d= 0.30 avg_spd=1.88m/s end=goal t= 3765.5s
[TRAIN][PPO] ep=218/500 r=  192.79 avg10=  515.61 steps= 724 succ10=0.70 touch10=0.70 col10=0.30 to10=0.00 min_d= 2.23 avg_spd=1.85m/s end=collision t= 3774.8s
[TRAIN][PPO] ep=219/500 r=  656.87 avg10=  516.91 steps=1638 succ10=0.70 touch10=0.70 col10=0.30 to10=0.00 min_d= 0.30 avg_spd=1.87m/s end=goal t= 3795.1s
[TRAIN][PPO] ep=220/500 r=  647.03 avg10=  562.21 steps=1597 succ10=0.80 touch10=0.80 col10=0.20 to10=0.00 min_d= 0.30 avg_spd=1.87m/s end=goal t= 3817.2s
[TRAIN][PPO] ep=221/500 r=  190.45 avg10=  516.29 steps= 733 succ10=0.70 touch10=0.70 col10=0.30 to10=0.00 min_d= 2.32 avg_spd=1.82m/s end=collision t= 3826.5s
[TRAIN][PPO] ep=222/500 r=  179.41 avg10=  470.34 steps= 713 succ10=0.60 touch10=0.60 col10=0.40 to10=0.00 min_d= 2.36 avg_spd=1.81m/s end=collision t= 3835.5s
[TRAIN][PPO] ep=223/500 r=  650.82 avg10=  469.89 steps=1700 succ10=0.60 touch10=0.60 col10=0.40 to10=0.00 min_d= 0.30 avg_spd=1.86m/s end=goal t= 3857.4s
[TRAIN][PPO] ep=224/500 r=  659.81 avg10=  470.39 steps=1657 succ10=0.60 touch10=0.60 col10=0.40 to10=0.00 min_d= 0.30 avg_spd=1.83m/s end=goal t= 3879.9s
[TRAIN][PPO] ep=225/500 r=  643.88 avg10=  469.04 steps=1610 succ10=0.60 touch10=0.60 col10=0.40 to10=0.00 min_d= 0.30 avg_spd=1.83m/s end=goal t= 3900.1s
[TRAIN][PPO] ep=226/500 r=  170.70 avg10=  464.78 steps= 663 succ10=0.60 touch10=0.60 col10=0.40 to10=0.00 min_d= 2.36 avg_spd=1.88m/s end=collision t= 3908.6s
[TRAIN][PPO] ep=227/500 r=  201.96 avg10=  419.37 steps= 754 succ10=0.50 touch10=0.50 col10=0.50 to10=0.00 min_d= 2.25 avg_spd=1.82m/s end=collision t= 3918.3s
[TRAIN][PPO] ep=228/500 r=  191.35 avg10=  419.23 steps= 717 succ10=0.50 touch10=0.50 col10=0.50 to10=0.00 min_d= 2.36 avg_spd=1.81m/s end=collision t= 3928.7s
[TRAIN][PPO] ep=229/500 r=  651.05 avg10=  418.65 steps=1625 succ10=0.50 touch10=0.50 col10=0.50 to10=0.00 min_d= 0.30 avg_spd=1.84m/s end=goal t= 3949.4s
[TRAIN][PPO] ep=230/500 r=  195.13 avg10=  373.46 steps= 754 succ10=0.40 touch10=0.40 col10=0.60 to10=0.00 min_d= 2.36 avg_spd=1.83m/s end=collision t= 3959.4s
[TRAIN][PPO] ep=231/500 r=  656.66 avg10=  420.08 steps=1624 succ10=0.50 touch10=0.50 col10=0.50 to10=0.00 min_d= 0.30 avg_spd=1.86m/s end=goal t= 3980.2s
[TRAIN][PPO] ep=232/500 r=  187.58 avg10=  420.89 steps= 713 succ10=0.50 touch10=0.50 col10=0.50 to10=0.00 min_d= 2.36 avg_spd=1.85m/s end=collision t= 3991.2s
[TRAIN][PPO] ep=233/500 r=  653.03 avg10=  421.12 steps=1612 succ10=0.50 touch10=0.50 col10=0.50 to10=0.00 min_d= 0.30 avg_spd=1.87m/s end=goal t= 4011.4s
[TRAIN][PPO] ep=234/500 r=  209.67 avg10=  376.10 steps= 772 succ10=0.40 touch10=0.40 col10=0.60 to10=0.00 min_d= 2.21 avg_spd=1.81m/s end=collision t= 4021.3s
[TRAIN][PPO] ep=235/500 r=  209.01 avg10=  332.61 steps= 771 succ10=0.30 touch10=0.30 col10=0.70 to10=0.00 min_d= 2.22 avg_spd=1.83m/s end=collision t= 4031.2s
[TRAIN][PPO] ep=236/500 r=  653.37 avg10=  380.88 steps=1598 succ10=0.40 touch10=0.40 col10=0.60 to10=0.00 min_d= 0.30 avg_spd=1.87m/s end=goal t= 4052.7s
[TRAIN][PPO] ep=237/500 r=  648.35 avg10=  425.52 steps=1595 succ10=0.50 touch10=0.50 col10=0.50 to10=0.00 min_d= 0.30 avg_spd=1.87m/s end=goal t= 4073.0s
[TRAIN][PPO] ep=238/500 r=  191.21 avg10=  425.51 steps= 731 succ10=0.50 touch10=0.50 col10=0.50 to10=0.00 min_d= 2.24 avg_spd=1.85m/s end=collision t= 4082.1s
[TRAIN][PPO] ep=239/500 r=  652.08 avg10=  425.61 steps=1616 succ10=0.50 touch10=0.50 col10=0.50 to10=0.00 min_d= 0.30 avg_spd=1.86m/s end=goal t= 4102.9s
[TRAIN][PPO] ep=240/500 r=  185.04 avg10=  424.60 steps= 713 succ10=0.50 touch10=0.50 col10=0.50 to10=0.00 min_d= 2.34 avg_spd=1.86m/s end=collision t= 4114.2s
[TRAIN][PPO] ep=241/500 r=  646.10 avg10=  423.54 steps=1611 succ10=0.50 touch10=0.50 col10=0.50 to10=0.00 min_d= 0.30 avg_spd=1.84m/s end=goal t= 4134.8s
[TRAIN][PPO] ep=242/500 r=  175.47 avg10=  422.33 steps= 690 succ10=0.50 touch10=0.50 col10=0.50 to10=0.00 min_d= 2.36 avg_spd=1.83m/s end=collision t= 4143.4s
[TRAIN][PPO] ep=243/500 r=  635.02 avg10=  420.53 steps=1552 succ10=0.50 touch10=0.50 col10=0.50 to10=0.00 min_d= 0.30 avg_spd=1.89m/s end=goal t= 4163.3s
[TRAIN][PPO] ep=244/500 r=  172.46 avg10=  416.81 steps= 675 succ10=0.50 touch10=0.50 col10=0.50 to10=0.00 min_d= 2.36 avg_spd=1.86m/s end=collision t= 4173.5s
[TRAIN][PPO] ep=245/500 r=  631.78 avg10=  459.09 steps=1640 succ10=0.60 touch10=0.60 col10=0.40 to10=0.00 min_d= 0.30 avg_spd=1.89m/s end=goal t= 4194.6s
[TRAIN][PPO] ep=246/500 r=  374.11 avg10=  431.16 steps=1407 succ10=0.50 touch10=0.50 col10=0.50 to10=0.00 min_d= 0.96 avg_spd=1.84m/s end=collision t= 4212.4s
[TRAIN][PPO] ep=247/500 r=  408.65 avg10=  407.19 steps=1421 succ10=0.40 touch10=0.40 col10=0.60 to10=0.00 min_d= 0.87 avg_spd=1.87m/s end=collision t= 4230.3s
[TRAIN][PPO] ep=248/500 r=  401.80 avg10=  428.25 steps=1404 succ10=0.40 touch10=0.40 col10=0.60 to10=0.00 min_d= 0.91 avg_spd=1.87m/s end=collision t= 4249.9s
[TRAIN][PPO] ep=249/500 r=  192.89 avg10=  382.33 steps= 735 succ10=0.30 touch10=0.30 col10=0.70 to10=0.00 min_d= 2.34 avg_spd=1.79m/s end=collision t= 4259.3s
[TRAIN][PPO] ep=250/500 r=  399.59 avg10=  403.79 steps=1413 succ10=0.30 touch10=0.30 col10=0.70 to10=0.00 min_d= 0.88 avg_spd=1.86m/s end=collision t= 4276.8s
[TRAIN][PPO] ep=251/500 r=  182.98 avg10=  357.48 steps= 726 succ10=0.20 touch10=0.20 col10=0.80 to10=0.00 min_d= 2.27 avg_spd=1.85m/s end=collision t= 4285.8s
[TRAIN][PPO] ep=252/500 r=  640.20 avg10=  403.95 steps=1717 succ10=0.30 touch10=0.30 col10=0.70 to10=0.00 min_d= 0.30 avg_spd=1.85m/s end=goal t= 4309.7s
[TRAIN][PPO] ep=253/500 r=  396.34 avg10=  380.08 steps=1416 succ10=0.20 touch10=0.20 col10=0.80 to10=0.00 min_d= 0.88 avg_spd=1.85m/s end=collision t= 4328.2s
[TRAIN][PPO] ep=254/500 r=  654.67 avg10=  428.30 steps=1604 succ10=0.30 touch10=0.30 col10=0.70 to10=0.00 min_d= 0.30 avg_spd=1.87m/s end=goal t= 4348.7s
[TRAIN][PPO] ep=255/500 r=  393.90 avg10=  404.51 steps=1391 succ10=0.20 touch10=0.20 col10=0.80 to10=0.00 min_d= 0.95 avg_spd=1.88m/s end=collision t= 4366.6s
[TRAIN][PPO] ep=256/500 r=  400.40 avg10=  407.14 steps=1368 succ10=0.20 touch10=0.20 col10=0.80 to10=0.00 min_d= 0.87 avg_spd=1.85m/s end=collision t= 4386.2s
[TRAIN][PPO] ep=257/500 r=  388.16 avg10=  405.09 steps=1363 succ10=0.20 touch10=0.20 col10=0.80 to10=0.00 min_d= 0.94 avg_spd=1.85m/s end=collision t= 4403.7s
[TRAIN][PPO] ep=258/500 r=  204.06 avg10=  385.32 steps= 753 succ10=0.20 touch10=0.20 col10=0.80 to10=0.00 min_d= 2.23 avg_spd=1.82m/s end=collision t= 4412.9s
[TRAIN][PPO] ep=259/500 r=  652.83 avg10=  431.31 steps=1620 succ10=0.30 touch10=0.30 col10=0.70 to10=0.00 min_d= 0.30 avg_spd=1.87m/s end=goal t= 4433.8s
[TRAIN][PPO] ep=260/500 r=  189.43 avg10=  410.30 steps= 719 succ10=0.30 touch10=0.30 col10=0.70 to10=0.00 min_d= 2.36 avg_spd=1.82m/s end=collision t= 4445.1s
[TRAIN][PPO] ep=261/500 r=  184.25 avg10=  410.42 steps= 695 succ10=0.30 touch10=0.30 col10=0.70 to10=0.00 min_d= 2.30 avg_spd=1.82m/s end=collision t= 4454.2s
[TRAIN][PPO] ep=262/500 r=  640.52 avg10=  410.46 steps=1543 succ10=0.30 touch10=0.30 col10=0.70 to10=0.00 min_d= 0.30 avg_spd=1.88m/s end=goal t= 4473.3s
[TRAIN][PPO] ep=263/500 r=  181.49 avg10=  388.97 steps= 690 succ10=0.30 touch10=0.30 col10=0.70 to10=0.00 min_d= 2.35 avg_spd=1.82m/s end=collision t= 4482.0s
[TRAIN][PPO] ep=264/500 r=  653.81 avg10=  388.88 steps=1592 succ10=0.30 touch10=0.30 col10=0.70 to10=0.00 min_d= 0.30 avg_spd=1.87m/s end=goal t= 4504.0s
[TRAIN][PPO] ep=265/500 r=  641.10 avg10=  413.60 steps=1564 succ10=0.40 touch10=0.40 col10=0.60 to10=0.00 min_d= 0.30 avg_spd=1.88m/s end=goal t= 4524.2s
[TRAIN][PPO] ep=266/500 r=  405.91 avg10=  414.15 steps=1407 succ10=0.40 touch10=0.40 col10=0.60 to10=0.00 min_d= 0.87 avg_spd=1.84m/s end=collision t= 4541.9s
[TRAIN][PPO] ep=267/500 r=  188.23 avg10=  394.16 steps= 749 succ10=0.40 touch10=0.40 col10=0.60 to10=0.00 min_d= 2.36 avg_spd=1.83m/s end=collision t= 4551.4s
[TRAIN][PPO] ep=268/500 r=  401.51 avg10=  413.91 steps=1390 succ10=0.40 touch10=0.40 col10=0.60 to10=0.00 min_d= 0.87 avg_spd=1.87m/s end=collision t= 4570.9s
[TRAIN][PPO] ep=269/500 r=  643.49 avg10=  412.97 steps=1578 succ10=0.40 touch10=0.40 col10=0.60 to10=0.00 min_d= 0.30 avg_spd=1.88m/s end=goal t= 4591.0s
[TRAIN][PPO] ep=270/500 r=  656.65 avg10=  459.69 steps=1691 succ10=0.50 touch10=0.50 col10=0.50 to10=0.00 min_d= 0.30 avg_spd=1.85m/s end=goal t= 4612.4s
[TRAIN][PPO] ep=271/500 r=  184.67 avg10=  459.74 steps= 720 succ10=0.50 touch10=0.50 col10=0.50 to10=0.00 min_d= 2.36 avg_spd=1.85m/s end=collision t= 4621.3s
[TRAIN][PPO] ep=272/500 r=  186.61 avg10=  414.35 steps= 719 succ10=0.40 touch10=0.40 col10=0.60 to10=0.00 min_d= 2.36 avg_spd=1.83m/s end=collision t= 4632.1s
[TRAIN][PPO] ep=273/500 r=  650.53 avg10=  461.25 steps=1578 succ10=0.50 touch10=0.50 col10=0.50 to10=0.00 min_d= 0.30 avg_spd=1.85m/s end=goal t= 4652.1s
[TRAIN][PPO] ep=274/500 r=  648.83 avg10=  460.75 steps=1585 succ10=0.50 touch10=0.50 col10=0.50 to10=0.00 min_d= 0.30 avg_spd=1.86m/s end=goal t= 4671.5s
[TRAIN][PPO] ep=275/500 r=  655.12 avg10=  462.15 steps=1631 succ10=0.50 touch10=0.50 col10=0.50 to10=0.00 min_d= 0.30 avg_spd=1.85m/s end=goal t= 4691.9s
[TRAIN][PPO] ep=276/500 r=  648.70 avg10=  486.43 steps=1571 succ10=0.60 touch10=0.60 col10=0.40 to10=0.00 min_d= 0.30 avg_spd=1.87m/s end=goal t= 4713.6s
[TRAIN][PPO] ep=277/500 r=  643.34 avg10=  531.94 steps=1614 succ10=0.70 touch10=0.70 col10=0.30 to10=0.00 min_d= 0.30 avg_spd=1.87m/s end=goal t= 4733.5s
[TRAIN][PPO] ep=278/500 r=  183.28 avg10=  510.12 steps= 717 succ10=0.70 touch10=0.70 col10=0.30 to10=0.00 min_d= 2.31 avg_spd=1.89m/s end=collision t= 4742.6s
[TRAIN][PPO] ep=279/500 r=  407.29 avg10=  486.50 steps=1389 succ10=0.60 touch10=0.60 col10=0.40 to10=0.00 min_d= 0.88 avg_spd=1.84m/s end=collision t= 4760.0s
[TRAIN][PPO] ep=280/500 r=  190.03 avg10=  439.84 steps= 730 succ10=0.50 touch10=0.50 col10=0.50 to10=0.00 min_d= 2.36 avg_spd=1.85m/s end=collision t= 4770.6s
[TRAIN][PPO] ep=281/500 r=  635.81 avg10=  484.95 steps=1623 succ10=0.60 touch10=0.60 col10=0.40 to10=0.00 min_d= 0.30 avg_spd=1.86m/s end=goal t= 4790.5s
[TRAIN][PPO] ep=282/500 r=  654.31 avg10=  531.72 steps=1609 succ10=0.70 touch10=0.70 col10=0.30 to10=0.00 min_d= 0.30 avg_spd=1.85m/s end=goal t= 4810.9s
[TRAIN][PPO] ep=283/500 r=  659.89 avg10=  532.66 steps=1637 succ10=0.70 touch10=0.70 col10=0.30 to10=0.00 min_d= 0.30 avg_spd=1.84m/s end=goal t= 4831.2s
[TRAIN][PPO] ep=284/500 r=  646.53 avg10=  532.43 steps=1555 succ10=0.70 touch10=0.70 col10=0.30 to10=0.00 min_d= 0.30 avg_spd=1.88m/s end=goal t= 4854.3s
[TRAIN][PPO] ep=285/500 r=  635.60 avg10=  530.48 steps=1588 succ10=0.70 touch10=0.70 col10=0.30 to10=0.00 min_d= 0.30 avg_spd=1.86m/s end=goal t= 4873.9s
[TRAIN][PPO] ep=286/500 r=  661.97 avg10=  531.80 steps=1624 succ10=0.70 touch10=0.70 col10=0.30 to10=0.00 min_d= 0.30 avg_spd=1.85m/s end=goal t= 4894.3s
[TRAIN][PPO] ep=287/500 r=  653.39 avg10=  532.81 steps=1615 succ10=0.70 touch10=0.70 col10=0.30 to10=0.00 min_d= 0.30 avg_spd=1.85m/s end=goal t= 4914.8s
[TRAIN][PPO] ep=288/500 r=  185.45 avg10=  533.03 steps= 702 succ10=0.70 touch10=0.70 col10=0.30 to10=0.00 min_d= 2.33 avg_spd=1.80m/s end=collision t= 4925.5s
[TRAIN][PPO] ep=289/500 r=  629.18 avg10=  555.22 steps=1632 succ10=0.80 touch10=0.80 col10=0.20 to10=0.00 min_d= 0.30 avg_spd=1.87m/s end=goal t= 4946.3s
[TRAIN][PPO] ep=290/500 r=  669.90 avg10=  603.20 steps=1660 succ10=0.90 touch10=0.90 col10=0.10 to10=0.00 min_d= 0.30 avg_spd=1.83m/s end=goal t= 4967.3s
[TRAIN][PPO] ep=291/500 r=  657.36 avg10=  605.36 steps=1625 succ10=0.90 touch10=0.90 col10=0.10 to10=0.00 min_d= 0.30 avg_spd=1.87m/s end=goal t= 4987.6s
[TRAIN][PPO] ep=292/500 r=  662.40 avg10=  606.17 steps=1634 succ10=0.90 touch10=0.90 col10=0.10 to10=0.00 min_d= 0.30 avg_spd=1.84m/s end=goal t= 5010.3s
[TRAIN][PPO] ep=293/500 r=  652.91 avg10=  605.47 steps=1602 succ10=0.90 touch10=0.90 col10=0.10 to10=0.00 min_d= 0.30 avg_spd=1.84m/s end=goal t= 5030.6s
[TRAIN][PPO] ep=294/500 r=  396.10 avg10=  580.43 steps=1416 succ10=0.80 touch10=0.80 col10=0.20 to10=0.00 min_d= 0.90 avg_spd=1.83m/s end=collision t= 5048.5s
[TRAIN][PPO] ep=295/500 r=  656.86 avg10=  582.55 steps=1607 succ10=0.80 touch10=0.80 col10=0.20 to10=0.00 min_d= 0.30 avg_spd=1.84m/s end=goal t= 5068.6s
[TRAIN][PPO] ep=296/500 r=  647.13 avg10=  581.07 steps=1586 succ10=0.80 touch10=0.80 col10=0.20 to10=0.00 min_d= 0.30 avg_spd=1.87m/s end=goal t= 5090.9s
[TRAIN][PPO] ep=297/500 r=  656.19 avg10=  581.35 steps=1601 succ10=0.80 touch10=0.80 col10=0.20 to10=0.00 min_d= 0.30 avg_spd=1.85m/s end=goal t= 5110.8s
[TRAIN][PPO] ep=298/500 r=  643.06 avg10=  627.11 steps=1566 succ10=0.90 touch10=0.90 col10=0.10 to10=0.00 min_d= 0.30 avg_spd=1.85m/s end=goal t= 5130.5s
[TRAIN][PPO] ep=299/500 r=  647.11 avg10=  628.90 steps=1578 succ10=0.90 touch10=0.90 col10=0.10 to10=0.00 min_d= 0.30 avg_spd=1.88m/s end=goal t= 5150.4s
[TRAIN][PPO] ep=300/500 r=  652.61 avg10=  627.17 steps=1614 succ10=0.90 touch10=0.90 col10=0.10 to10=0.00 min_d= 0.30 avg_spd=1.86m/s end=goal t= 5173.3s ckpt=latest
[TRAIN][PPO] ep=301/500 r=  179.08 avg10=  579.34 steps= 707 succ10=0.80 touch10=0.80 col10=0.20 to10=0.00 min_d= 2.31 avg_spd=1.83m/s end=collision t= 5182.2s
[TRAIN][PPO] ep=302/500 r=  638.16 avg10=  576.92 steps=1544 succ10=0.80 touch10=0.80 col10=0.20 to10=0.00 min_d= 0.30 avg_spd=1.88m/s end=goal t= 5201.5s
[TRAIN][PPO] ep=303/500 r=  665.32 avg10=  578.16 steps=1627 succ10=0.80 touch10=0.80 col10=0.20 to10=0.00 min_d= 0.30 avg_spd=1.85m/s end=goal t= 5222.4s
[TRAIN][PPO] ep=304/500 r=  640.70 avg10=  602.62 steps=1625 succ10=0.90 touch10=0.90 col10=0.10 to10=0.00 min_d= 0.30 avg_spd=1.87m/s end=goal t= 5244.7s
[TRAIN][PPO] ep=305/500 r=  661.82 avg10=  603.12 steps=1613 succ10=0.90 touch10=0.90 col10=0.10 to10=0.00 min_d= 0.30 avg_spd=1.83m/s end=goal t= 5265.2s
[TRAIN][PPO] ep=306/500 r=  654.95 avg10=  603.90 steps=1577 succ10=0.90 touch10=0.90 col10=0.10 to10=0.00 min_d= 0.30 avg_spd=1.86m/s end=goal t= 5285.0s
[TRAIN][PPO] ep=307/500 r=  653.14 avg10=  603.59 steps=1603 succ10=0.90 touch10=0.90 col10=0.10 to10=0.00 min_d= 0.30 avg_spd=1.87m/s end=goal t= 5305.4s
[TRAIN][PPO] ep=308/500 r=  654.76 avg10=  604.76 steps=1606 succ10=0.90 touch10=0.90 col10=0.10 to10=0.00 min_d= 0.30 avg_spd=1.85m/s end=goal t= 5328.1s
[TRAIN][PPO] ep=309/500 r=  651.63 avg10=  605.22 steps=1588 succ10=0.90 touch10=0.90 col10=0.10 to10=0.00 min_d= 0.30 avg_spd=1.86m/s end=goal t= 5348.0s
[TRAIN][PPO] ep=310/500 r=  667.11 avg10=  606.67 steps=1640 succ10=0.90 touch10=0.90 col10=0.10 to10=0.00 min_d= 0.30 avg_spd=1.84m/s end=goal t= 5369.0s
[TRAIN][PPO] ep=311/500 r=  646.00 avg10=  653.36 steps=1644 succ10=1.00 touch10=1.00 col10=0.00 to10=0.00 min_d= 0.30 avg_spd=1.87m/s end=goal t= 5390.2s
[TRAIN][PPO] ep=312/500 r=  667.68 avg10=  656.31 steps=1622 succ10=1.00 touch10=1.00 col10=0.00 to10=0.00 min_d= 0.30 avg_spd=1.84m/s end=goal t= 5413.1s
[TRAIN][PPO] ep=313/500 r=  643.60 avg10=  654.14 steps=1566 succ10=1.00 touch10=1.00 col10=0.00 to10=0.00 min_d= 0.30 avg_spd=1.87m/s end=goal t= 5433.0s
[TRAIN][PPO] ep=314/500 r=  659.21 avg10=  655.99 steps=1609 succ10=1.00 touch10=1.00 col10=0.00 to10=0.00 min_d= 0.30 avg_spd=1.85m/s end=goal t= 5453.8s
[TRAIN][PPO] ep=315/500 r=  652.12 avg10=  655.02 steps=1584 succ10=1.00 touch10=1.00 col10=0.00 to10=0.00 min_d= 0.30 avg_spd=1.84m/s end=goal t= 5474.1s
[TRAIN][PPO] ep=316/500 r=  195.02 avg10=  609.03 steps= 744 succ10=0.90 touch10=0.90 col10=0.10 to10=0.00 min_d= 2.36 avg_spd=1.83m/s end=collision t= 5485.1s
[TRAIN][PPO] ep=317/500 r=  656.01 avg10=  609.32 steps=1606 succ10=0.90 touch10=0.90 col10=0.10 to10=0.00 min_d= 0.30 avg_spd=1.83m/s end=goal t= 5505.4s
[TRAIN][PPO] ep=318/500 r=  671.08 avg10=  610.95 steps=1697 succ10=0.90 touch10=0.90 col10=0.10 to10=0.00 min_d= 0.30 avg_spd=1.82m/s end=goal t= 5527.2s
[TRAIN][PPO] ep=319/500 r=  660.39 avg10=  611.82 steps=1634 succ10=0.90 touch10=0.90 col10=0.10 to10=0.00 min_d= 0.30 avg_spd=1.83m/s end=goal t= 5547.9s
[TRAIN][PPO] ep=320/500 r=  648.92 avg10=  610.00 steps=1628 succ10=0.90 touch10=0.90 col10=0.10 to10=0.00 min_d= 0.30 avg_spd=1.81m/s end=goal t= 5571.7s
[TRAIN][PPO] ep=321/500 r=  656.95 avg10=  611.10 steps=1603 succ10=0.90 touch10=0.90 col10=0.10 to10=0.00 min_d= 0.30 avg_spd=1.81m/s end=goal t= 5592.3s
[TRAIN][PPO] ep=322/500 r=  664.95 avg10=  610.82 steps=1677 succ10=0.90 touch10=0.90 col10=0.10 to10=0.00 min_d= 0.30 avg_spd=1.79m/s end=goal t= 5614.0s
[TRAIN][PPO] ep=323/500 r=  657.20 avg10=  612.18 steps=1652 succ10=0.90 touch10=0.90 col10=0.10 to10=0.00 min_d= 0.30 avg_spd=1.82m/s end=goal t= 5635.2s
[TRAIN][PPO] ep=324/500 r=  665.70 avg10=  612.83 steps=1611 succ10=0.90 touch10=0.90 col10=0.10 to10=0.00 min_d= 0.30 avg_spd=1.82m/s end=goal t= 5657.7s
[TRAIN][PPO] ep=325/500 r=  666.16 avg10=  614.24 steps=1607 succ10=0.90 touch10=0.90 col10=0.10 to10=0.00 min_d= 0.30 avg_spd=1.84m/s end=goal t= 5678.2s
[TRAIN][PPO] ep=326/500 r=  663.88 avg10=  661.12 steps=1633 succ10=1.00 touch10=1.00 col10=0.00 to10=0.00 min_d= 0.30 avg_spd=1.84m/s end=goal t= 5699.4s
[TRAIN][PPO] ep=327/500 r=  672.28 avg10=  662.75 steps=1634 succ10=1.00 touch10=1.00 col10=0.00 to10=0.00 min_d= 0.30 avg_spd=1.83m/s end=goal t= 5720.5s
[TRAIN][PPO] ep=328/500 r=  665.67 avg10=  662.21 steps=1623 succ10=1.00 touch10=1.00 col10=0.00 to10=0.00 min_d= 0.30 avg_spd=1.82m/s end=goal t= 5743.2s
[TRAIN][PPO] ep=329/500 r=  657.79 avg10=  661.95 steps=1676 succ10=1.00 touch10=1.00 col10=0.00 to10=0.00 min_d= 0.30 avg_spd=1.84m/s end=goal t= 5765.3s
[TRAIN][PPO] ep=330/500 r=  649.86 avg10=  662.04 steps=1574 succ10=1.00 touch10=1.00 col10=0.00 to10=0.00 min_d= 0.30 avg_spd=1.85m/s end=goal t= 5785.1s
[TRAIN][PPO] ep=331/500 r=  661.18 avg10=  662.47 steps=1653 succ10=1.00 touch10=1.00 col10=0.00 to10=0.00 min_d= 0.30 avg_spd=1.83m/s end=goal t= 5806.2s
[TRAIN][PPO] ep=332/500 r=  660.34 avg10=  662.01 steps=1617 succ10=1.00 touch10=1.00 col10=0.00 to10=0.00 min_d= 0.30 avg_spd=1.85m/s end=goal t= 5829.1s
[TRAIN][PPO] ep=333/500 r=  650.06 avg10=  661.29 steps=1604 succ10=1.00 touch10=1.00 col10=0.00 to10=0.00 min_d= 0.30 avg_spd=1.84m/s end=goal t= 5849.8s
[TRAIN][PPO] ep=334/500 r=  650.70 avg10=  659.79 steps=1588 succ10=1.00 touch10=1.00 col10=0.00 to10=0.00 min_d= 0.30 avg_spd=1.84m/s end=goal t= 5870.0s
[TRAIN][PPO] ep=335/500 r=  662.94 avg10=  659.47 steps=1602 succ10=1.00 touch10=1.00 col10=0.00 to10=0.00 min_d= 0.30 avg_spd=1.85m/s end=goal t= 5890.4s
[TRAIN][PPO] ep=336/500 r=  668.44 avg10=  659.93 steps=1641 succ10=1.00 touch10=1.00 col10=0.00 to10=0.00 min_d= 0.30 avg_spd=1.83m/s end=goal t= 5913.4s
[TRAIN][PPO] ep=337/500 r=  659.55 avg10=  658.65 steps=1612 succ10=1.00 touch10=1.00 col10=0.00 to10=0.00 min_d= 0.30 avg_spd=1.84m/s end=goal t= 5933.3s
[TRAIN][PPO] ep=338/500 r=  667.73 avg10=  658.86 steps=1616 succ10=1.00 touch10=1.00 col10=0.00 to10=0.00 min_d= 0.30 avg_spd=1.85m/s end=goal t= 5953.9s
[TRAIN][PPO] ep=339/500 r=  656.07 avg10=  658.69 steps=1581 succ10=1.00 touch10=1.00 col10=0.00 to10=0.00 min_d= 0.30 avg_spd=1.86m/s end=goal t= 5973.9s
[TRAIN][PPO] ep=340/500 r=  651.55 avg10=  658.86 steps=1580 succ10=1.00 touch10=1.00 col10=0.00 to10=0.00 min_d= 0.30 avg_spd=1.86m/s end=goal t= 5995.9s
[TRAIN][PPO] ep=341/500 r=  642.87 avg10=  657.02 steps=1588 succ10=1.00 touch10=1.00 col10=0.00 to10=0.00 min_d= 0.30 avg_spd=1.85m/s end=goal t= 6015.8s
[TRAIN][PPO] ep=342/500 r=  644.28 avg10=  655.42 steps=1585 succ10=1.00 touch10=1.00 col10=0.00 to10=0.00 min_d= 0.30 avg_spd=1.85m/s end=goal t= 6035.2s
[TRAIN][PPO] ep=343/500 r=  640.31 avg10=  654.44 steps=1526 succ10=1.00 touch10=1.00 col10=0.00 to10=0.00 min_d= 0.30 avg_spd=1.88m/s end=goal t= 6054.2s
[TRAIN][PPO] ep=344/500 r=  667.38 avg10=  656.11 steps=1664 succ10=1.00 touch10=1.00 col10=0.00 to10=0.00 min_d= 0.30 avg_spd=1.83m/s end=goal t= 6078.4s
[TRAIN][PPO] ep=345/500 r=  668.95 avg10=  656.71 steps=1643 succ10=1.00 touch10=1.00 col10=0.00 to10=0.00 min_d= 0.30 avg_spd=1.84m/s end=goal t= 6099.1s
[TRAIN][PPO] ep=346/500 r=  648.81 avg10=  654.75 steps=1598 succ10=1.00 touch10=1.00 col10=0.00 to10=0.00 min_d= 0.30 avg_spd=1.85m/s end=goal t= 6119.5s
[TRAIN][PPO] ep=347/500 r=  189.34 avg10=  607.73 steps= 763 succ10=0.90 touch10=0.90 col10=0.10 to10=0.00 min_d= 2.28 avg_spd=1.84m/s end=collision t= 6129.0s
[TRAIN][PPO] ep=348/500 r=  644.71 avg10=  605.43 steps=1605 succ10=0.90 touch10=0.90 col10=0.10 to10=0.00 min_d= 0.30 avg_spd=1.84m/s end=goal t= 6150.7s
[TRAIN][PPO] ep=349/500 r=  659.81 avg10=  605.80 steps=1624 succ10=0.90 touch10=0.90 col10=0.10 to10=0.00 min_d= 0.30 avg_spd=1.84m/s end=goal t= 6170.2s
[TRAIN][PPO] ep=350/500 r=  659.75 avg10=  606.62 steps=1607 succ10=0.90 touch10=0.90 col10=0.10 to10=0.00 min_d= 0.30 avg_spd=1.86m/s end=goal t= 6190.5s
[TRAIN][PPO] ep=351/500 r=  660.63 avg10=  608.40 steps=1690 succ10=0.90 touch10=0.90 col10=0.10 to10=0.00 min_d= 0.30 avg_spd=1.84m/s end=goal t= 6211.0s
[TRAIN][PPO] ep=352/500 r=  655.01 avg10=  609.47 steps=1611 succ10=0.90 touch10=0.90 col10=0.10 to10=0.00 min_d= 0.30 avg_spd=1.84m/s end=goal t= 6234.2s
[TRAIN][PPO] ep=353/500 r=  651.45 avg10=  610.59 steps=1580 succ10=0.90 touch10=0.90 col10=0.10 to10=0.00 min_d= 0.30 avg_spd=1.86m/s end=goal t= 6254.0s
[TRAIN][PPO] ep=354/500 r=  673.21 avg10=  611.17 steps=1648 succ10=0.90 touch10=0.90 col10=0.10 to10=0.00 min_d= 0.30 avg_spd=1.82m/s end=goal t= 6275.1s
[TRAIN][PPO] ep=355/500 r=  652.93 avg10=  609.57 steps=1579 succ10=0.90 touch10=0.90 col10=0.10 to10=0.00 min_d= 0.30 avg_spd=1.86m/s end=goal t= 6295.3s
[TRAIN][PPO] ep=356/500 r=  649.94 avg10=  609.68 steps=1576 succ10=0.90 touch10=0.90 col10=0.10 to10=0.00 min_d= 0.30 avg_spd=1.84m/s end=goal t= 6318.7s
[TRAIN][PPO] ep=357/500 r=  643.98 avg10=  655.14 steps=1574 succ10=1.00 touch10=1.00 col10=0.00 to10=0.00 min_d= 0.30 avg_spd=1.85m/s end=goal t= 6338.8s
[TRAIN][PPO] ep=358/500 r=  651.51 avg10=  655.82 steps=1597 succ10=1.00 touch10=1.00 col10=0.00 to10=0.00 min_d= 0.30 avg_spd=1.83m/s end=goal t= 6359.2s
[TRAIN][PPO] ep=359/500 r=  647.61 avg10=  654.60 steps=1589 succ10=1.00 touch10=1.00 col10=0.00 to10=0.00 min_d= 0.30 avg_spd=1.86m/s end=goal t= 6379.3s
[TRAIN][PPO] ep=360/500 r=  655.20 avg10=  654.15 steps=1629 succ10=1.00 touch10=1.00 col10=0.00 to10=0.00 min_d= 0.30 avg_spd=1.85m/s end=goal t= 6402.6s
[TRAIN][PPO] ep=361/500 r=  667.07 avg10=  654.79 steps=1637 succ10=1.00 touch10=1.00 col10=0.00 to10=0.00 min_d= 0.30 avg_spd=1.84m/s end=goal t= 6423.7s
[TRAIN][PPO] ep=362/500 r=  663.67 avg10=  655.66 steps=1613 succ10=1.00 touch10=1.00 col10=0.00 to10=0.00 min_d= 0.30 avg_spd=1.85m/s end=goal t= 6444.2s
[TRAIN][PPO] ep=363/500 r=  637.02 avg10=  654.21 steps=1647 succ10=1.00 touch10=1.00 col10=0.00 to10=0.00 min_d= 0.30 avg_spd=1.84m/s end=goal t= 6465.5s
[TRAIN][PPO] ep=364/500 r=  654.79 avg10=  652.37 steps=1579 succ10=1.00 touch10=1.00 col10=0.00 to10=0.00 min_d= 0.30 avg_spd=1.87m/s end=goal t= 6488.5s
[TRAIN][PPO] ep=365/500 r=  645.43 avg10=  651.62 steps=1604 succ10=1.00 touch10=1.00 col10=0.00 to10=0.00 min_d= 0.30 avg_spd=1.86m/s end=goal t= 6508.9s
[TRAIN][PPO] ep=366/500 r=  645.16 avg10=  651.14 steps=1567 succ10=1.00 touch10=1.00 col10=0.00 to10=0.00 min_d= 0.30 avg_spd=1.85m/s end=goal t= 6528.7s
[TRAIN][PPO] ep=367/500 r=  646.61 avg10=  651.41 steps=1553 succ10=1.00 touch10=1.00 col10=0.00 to10=0.00 min_d= 0.30 avg_spd=1.87m/s end=goal t= 6548.3s
[TRAIN][PPO] ep=368/500 r=  639.94 avg10=  650.25 steps=1557 succ10=1.00 touch10=1.00 col10=0.00 to10=0.00 min_d= 0.30 avg_spd=1.87m/s end=goal t= 6569.7s
[TRAIN][PPO] ep=369/500 r=  645.35 avg10=  650.02 steps=1618 succ10=1.00 touch10=1.00 col10=0.00 to10=0.00 min_d= 0.30 avg_spd=1.85m/s end=goal t= 6590.6s
[TRAIN][PPO] ep=370/500 r=  652.64 avg10=  649.77 steps=1606 succ10=1.00 touch10=1.00 col10=0.00 to10=0.00 min_d= 0.30 avg_spd=1.86m/s end=goal t= 6611.7s
[TRAIN][PPO] ep=371/500 r=  651.99 avg10=  648.26 steps=1563 succ10=1.00 touch10=1.00 col10=0.00 to10=0.00 min_d= 0.30 avg_spd=1.88m/s end=goal t= 6631.7s
[TRAIN][PPO] ep=372/500 r=  653.27 avg10=  647.22 steps=1612 succ10=1.00 touch10=1.00 col10=0.00 to10=0.00 min_d= 0.30 avg_spd=1.89m/s end=goal t= 6654.9s
[TRAIN][PPO] ep=373/500 r=  654.45 avg10=  648.96 steps=1643 succ10=1.00 touch10=1.00 col10=0.00 to10=0.00 min_d= 0.30 avg_spd=1.87m/s end=goal t= 6676.1s
[TRAIN][PPO] ep=374/500 r=  189.45 avg10=  602.43 steps= 714 succ10=0.90 touch10=0.90 col10=0.10 to10=0.00 min_d= 2.24 avg_spd=1.86m/s end=collision t= 6685.3s
[TRAIN][PPO] ep=375/500 r=  643.16 avg10=  602.20 steps=1545 succ10=0.90 touch10=0.90 col10=0.10 to10=0.00 min_d= 0.30 avg_spd=1.87m/s end=goal t= 6705.2s
[TRAIN][PPO] ep=376/500 r=  648.28 avg10=  602.51 steps=1575 succ10=0.90 touch10=0.90 col10=0.10 to10=0.00 min_d= 0.30 avg_spd=1.87m/s end=goal t= 6727.6s
[TRAIN][PPO] ep=377/500 r=  652.70 avg10=  603.12 steps=1608 succ10=0.90 touch10=0.90 col10=0.10 to10=0.00 min_d= 0.30 avg_spd=1.86m/s end=goal t= 6748.4s
[TRAIN][PPO] ep=378/500 r=  644.07 avg10=  603.54 steps=1607 succ10=0.90 touch10=0.90 col10=0.10 to10=0.00 min_d= 0.30 avg_spd=1.85m/s end=goal t= 6769.0s
[TRAIN][PPO] ep=379/500 r=  644.64 avg10=  603.46 steps=1618 succ10=0.90 touch10=0.90 col10=0.10 to10=0.00 min_d= 0.30 avg_spd=1.85m/s end=goal t= 6789.7s
[TRAIN][PPO] ep=380/500 r=  668.68 avg10=  605.07 steps=1622 succ10=0.90 touch10=0.90 col10=0.10 to10=0.00 min_d= 0.30 avg_spd=1.84m/s end=goal t= 6812.7s
[TRAIN][PPO] ep=381/500 r=  647.57 avg10=  604.63 steps=1568 succ10=0.90 touch10=0.90 col10=0.10 to10=0.00 min_d= 0.30 avg_spd=1.87m/s end=goal t= 6832.7s
[TRAIN][PPO] ep=382/500 r=  645.57 avg10=  603.86 steps=1561 succ10=0.90 touch10=0.90 col10=0.10 to10=0.00 min_d= 0.30 avg_spd=1.87m/s end=goal t= 6852.8s
[TRAIN][PPO] ep=383/500 r=  665.06 avg10=  604.92 steps=1638 succ10=0.90 touch10=0.90 col10=0.10 to10=0.00 min_d= 0.30 avg_spd=1.84m/s end=goal t= 6873.7s
[TRAIN][PPO] ep=384/500 r=  640.90 avg10=  650.06 steps=1536 succ10=1.00 touch10=1.00 col10=0.00 to10=0.00 min_d= 0.30 avg_spd=1.87m/s end=goal t= 6895.1s
[TRAIN][PPO] ep=385/500 r=  652.12 avg10=  650.96 steps=1630 succ10=1.00 touch10=1.00 col10=0.00 to10=0.00 min_d= 0.30 avg_spd=1.85m/s end=goal t= 6916.1s
[TRAIN][PPO] ep=386/500 r=  651.07 avg10=  651.24 steps=1568 succ10=1.00 touch10=1.00 col10=0.00 to10=0.00 min_d= 0.30 avg_spd=1.86m/s end=goal t= 6936.1s
[TRAIN][PPO] ep=387/500 r=  662.75 avg10=  652.24 steps=1603 succ10=1.00 touch10=1.00 col10=0.00 to10=0.00 min_d= 0.30 avg_spd=1.87m/s end=goal t= 6957.1s
[TRAIN][PPO] ep=388/500 r=  661.90 avg10=  654.03 steps=1618 succ10=1.00 touch10=1.00 col10=0.00 to10=0.00 min_d= 0.30 avg_spd=1.85m/s end=goal t= 6981.8s
[TRAIN][PPO] ep=389/500 r=  650.00 avg10=  654.56 steps=1582 succ10=1.00 touch10=1.00 col10=0.00 to10=0.00 min_d= 0.30 avg_spd=1.85m/s end=goal t= 7001.8s
[TRAIN][PPO] ep=390/500 r=  662.87 avg10=  653.98 steps=1627 succ10=1.00 touch10=1.00 col10=0.00 to10=0.00 min_d= 0.30 avg_spd=1.84m/s end=goal t= 7021.2s
[TRAIN][PPO] ep=391/500 r=  664.70 avg10=  655.69 steps=1645 succ10=1.00 touch10=1.00 col10=0.00 to10=0.00 min_d= 0.30 avg_spd=1.85m/s end=goal t= 7041.0s
[TRAIN][PPO] ep=392/500 r=  197.91 avg10=  610.93 steps= 765 succ10=0.90 touch10=0.90 col10=0.10 to10=0.00 min_d= 2.30 avg_spd=1.81m/s end=collision t= 7053.8s
[TRAIN][PPO] ep=393/500 r=  643.11 avg10=  608.73 steps=1647 succ10=0.90 touch10=0.90 col10=0.10 to10=0.00 min_d= 0.30 avg_spd=1.83m/s end=goal t= 7075.0s
[TRAIN][PPO] ep=394/500 r=  656.92 avg10=  610.34 steps=1620 succ10=0.90 touch10=0.90 col10=0.10 to10=0.00 min_d= 0.30 avg_spd=1.86m/s end=goal t= 7095.5s
[TRAIN][PPO] ep=395/500 r=  409.63 avg10=  586.09 steps=1429 succ10=0.80 touch10=0.80 col10=0.20 to10=0.00 min_d= 0.87 avg_spd=1.84m/s end=collision t= 7114.0s
[TRAIN][PPO] ep=396/500 r=  416.25 avg10=  562.60 steps=1419 succ10=0.70 touch10=0.70 col10=0.30 to10=0.00 min_d= 0.85 avg_spd=1.83m/s end=collision t= 7134.7s
[TRAIN][PPO] ep=397/500 r=  658.52 avg10=  562.18 steps=1599 succ10=0.70 touch10=0.70 col10=0.30 to10=0.00 min_d= 0.30 avg_spd=1.87m/s end=goal t= 7155.4s
[TRAIN][PPO] ep=398/500 r=  642.53 avg10=  560.24 steps=1556 succ10=0.70 touch10=0.70 col10=0.30 to10=0.00 min_d= 0.30 avg_spd=1.87m/s end=goal t= 7175.1s
[TRAIN][PPO] ep=399/500 r=  657.57 avg10=  561.00 steps=1684 succ10=0.70 touch10=0.70 col10=0.30 to10=0.00 min_d= 0.30 avg_spd=1.84m/s end=goal t= 7196.9s
[TRAIN][PPO] ep=400/500 r=  633.73 avg10=  558.09 steps=1621 succ10=0.70 touch10=0.70 col10=0.30 to10=0.00 min_d= 0.30 avg_spd=1.86m/s end=goal t= 7219.0s ckpt=latest
[TRAIN][PPO] ep=401/500 r=  646.48 avg10=  556.26 steps=1543 succ10=0.70 touch10=0.70 col10=0.30 to10=0.00 min_d= 0.30 avg_spd=1.89m/s end=goal t= 7238.5s
[TRAIN][PPO] ep=402/500 r=  667.73 avg10=  603.25 steps=1631 succ10=0.80 touch10=0.80 col10=0.20 to10=0.00 min_d= 0.30 avg_spd=1.82m/s end=goal t= 7259.3s
[TRAIN][PPO] ep=403/500 r=  643.05 avg10=  603.24 steps=1572 succ10=0.80 touch10=0.80 col10=0.20 to10=0.00 min_d= 0.30 avg_spd=1.85m/s end=goal t= 7279.2s
[TRAIN][PPO] ep=404/500 r=  655.04 avg10=  603.05 steps=1586 succ10=0.80 touch10=0.80 col10=0.20 to10=0.00 min_d= 0.30 avg_spd=1.89m/s end=goal t= 7301.8s
[TRAIN][PPO] ep=405/500 r=  647.35 avg10=  626.82 steps=1644 succ10=0.90 touch10=0.90 col10=0.10 to10=0.00 min_d= 0.30 avg_spd=1.84m/s end=goal t= 7322.9s
[TRAIN][PPO] ep=406/500 r=  646.13 avg10=  649.81 steps=1563 succ10=1.00 touch10=1.00 col10=0.00 to10=0.00 min_d= 0.30 avg_spd=1.85m/s end=goal t= 7342.9s
[TRAIN][PPO] ep=407/500 r=  655.14 avg10=  649.48 steps=1656 succ10=1.00 touch10=1.00 col10=0.00 to10=0.00 min_d= 0.30 avg_spd=1.83m/s end=goal t= 7363.6s
[TRAIN][PPO] ep=408/500 r=  657.01 avg10=  650.92 steps=1592 succ10=1.00 touch10=1.00 col10=0.00 to10=0.00 min_d= 0.30 avg_spd=1.85m/s end=goal t= 7386.7s
[TRAIN][PPO] ep=409/500 r=  643.30 avg10=  649.50 steps=1587 succ10=1.00 touch10=1.00 col10=0.00 to10=0.00 min_d= 0.30 avg_spd=1.85m/s end=goal t= 7406.3s
[TRAIN][PPO] ep=410/500 r=  664.43 avg10=  652.57 steps=1614 succ10=1.00 touch10=1.00 col10=0.00 to10=0.00 min_d= 0.30 avg_spd=1.85m/s end=goal t= 7426.5s
[TRAIN][PPO] ep=411/500 r=  641.31 avg10=  652.05 steps=1561 succ10=1.00 touch10=1.00 col10=0.00 to10=0.00 min_d= 0.30 avg_spd=1.86m/s end=goal t= 7446.2s
[TRAIN][PPO] ep=412/500 r=  642.68 avg10=  649.54 steps=1562 succ10=1.00 touch10=1.00 col10=0.00 to10=0.00 min_d= 0.30 avg_spd=1.86m/s end=goal t= 7469.4s
[TRAIN][PPO] ep=413/500 r=  664.80 avg10=  651.72 steps=1646 succ10=1.00 touch10=1.00 col10=0.00 to10=0.00 min_d= 0.30 avg_spd=1.85m/s end=goal t= 7490.6s
[TRAIN][PPO] ep=414/500 r=  204.29 avg10=  606.64 steps= 769 succ10=0.90 touch10=0.90 col10=0.10 to10=0.00 min_d= 2.28 avg_spd=1.83m/s end=collision t= 7500.2s
[TRAIN][PPO] ep=415/500 r=  644.60 avg10=  606.37 steps=1586 succ10=0.90 touch10=0.90 col10=0.10 to10=0.00 min_d= 0.30 avg_spd=1.86m/s end=goal t= 7520.3s
[TRAIN][PPO] ep=416/500 r=  649.54 avg10=  606.71 steps=1571 succ10=0.90 touch10=0.90 col10=0.10 to10=0.00 min_d= 0.30 avg_spd=1.87m/s end=goal t= 7540.8s
[TRAIN][PPO] ep=417/500 r=  639.50 avg10=  605.15 steps=1528 succ10=0.90 touch10=0.90 col10=0.10 to10=0.00 min_d= 0.30 avg_spd=1.88m/s end=goal t= 7559.9s
[TRAIN][PPO] ep=418/500 r=  645.64 avg10=  604.01 steps=1556 succ10=0.90 touch10=0.90 col10=0.10 to10=0.00 min_d= 0.30 avg_spd=1.91m/s end=goal t= 7579.2s
[TRAIN][PPO] ep=419/500 r=  645.28 avg10=  604.21 steps=1555 succ10=0.90 touch10=0.90 col10=0.10 to10=0.00 min_d= 0.30 avg_spd=1.91m/s end=goal t= 7599.0s
[TRAIN][PPO] ep=420/500 r=  658.29 avg10=  603.59 steps=1604 succ10=0.90 touch10=0.90 col10=0.10 to10=0.00 min_d= 0.30 avg_spd=1.87m/s end=goal t= 7621.5s
[TRAIN][PPO] ep=421/500 r=  641.41 avg10=  603.60 steps=1539 succ10=0.90 touch10=0.90 col10=0.10 to10=0.00 min_d= 0.30 avg_spd=1.90m/s end=goal t= 7641.3s
[TRAIN][PPO] ep=422/500 r=  634.35 avg10=  602.77 steps=1548 succ10=0.90 touch10=0.90 col10=0.10 to10=0.00 min_d= 0.30 avg_spd=1.91m/s end=goal t= 7660.9s
[TRAIN][PPO] ep=423/500 r=  639.47 avg10=  600.23 steps=1553 succ10=0.90 touch10=0.90 col10=0.10 to10=0.00 min_d= 0.30 avg_spd=1.87m/s end=goal t= 7681.0s
[TRAIN][PPO] ep=424/500 r=  649.84 avg10=  644.79 steps=1576 succ10=1.00 touch10=1.00 col10=0.00 to10=0.00 min_d= 0.30 avg_spd=1.89m/s end=goal t= 7704.2s
[TRAIN][PPO] ep=425/500 r=  652.90 avg10=  645.62 steps=1592 succ10=1.00 touch10=1.00 col10=0.00 to10=0.00 min_d= 0.30 avg_spd=1.87m/s end=goal t= 7724.6s
[TRAIN][PPO] ep=426/500 r=  212.89 avg10=  601.95 steps= 793 succ10=0.90 touch10=0.90 col10=0.10 to10=0.00 min_d= 2.22 avg_spd=1.85m/s end=collision t= 7734.8s
[TRAIN][PPO] ep=427/500 r=  636.16 avg10=  601.62 steps=1577 succ10=0.90 touch10=0.90 col10=0.10 to10=0.00 min_d= 0.30 avg_spd=1.89m/s end=goal t= 7755.1s
[TRAIN][PPO] ep=428/500 r=  644.50 avg10=  601.51 steps=1551 succ10=0.90 touch10=0.90 col10=0.10 to10=0.00 min_d= 0.30 avg_spd=1.88m/s end=goal t= 7776.0s
[TRAIN][PPO] ep=429/500 r=  658.50 avg10=  602.83 steps=1617 succ10=0.90 touch10=0.90 col10=0.10 to10=0.00 min_d= 0.30 avg_spd=1.86m/s end=goal t= 7796.2s
[TRAIN][PPO] ep=430/500 r=  634.82 avg10=  600.48 steps=1518 succ10=0.90 touch10=0.90 col10=0.10 to10=0.00 min_d= 0.30 avg_spd=1.89m/s end=goal t= 7815.4s
[TRAIN][PPO] ep=431/500 r=  640.64 avg10=  600.41 steps=1577 succ10=0.90 touch10=0.90 col10=0.10 to10=0.00 min_d= 0.30 avg_spd=1.87m/s end=goal t= 7835.6s
[TRAIN][PPO] ep=432/500 r=  651.44 avg10=  602.12 steps=1571 succ10=0.90 touch10=0.90 col10=0.10 to10=0.00 min_d= 0.30 avg_spd=1.87m/s end=goal t= 7857.9s
[TRAIN][PPO] ep=433/500 r=  656.54 avg10=  603.82 steps=1584 succ10=0.90 touch10=0.90 col10=0.10 to10=0.00 min_d= 0.30 avg_spd=1.88m/s end=goal t= 7878.3s
[TRAIN][PPO] ep=434/500 r=  640.10 avg10=  602.85 steps=1546 succ10=0.90 touch10=0.90 col10=0.10 to10=0.00 min_d= 0.30 avg_spd=1.90m/s end=goal t= 7898.1s
[TRAIN][PPO] ep=435/500 r=  648.36 avg10=  602.39 steps=1582 succ10=0.90 touch10=0.90 col10=0.10 to10=0.00 min_d= 0.30 avg_spd=1.88m/s end=goal t= 7918.2s
[TRAIN][PPO] ep=436/500 r=  652.66 avg10=  646.37 steps=1577 succ10=1.00 touch10=1.00 col10=0.00 to10=0.00 min_d= 0.30 avg_spd=1.87m/s end=goal t= 7940.8s
[TRAIN][PPO] ep=437/500 r=  657.84 avg10=  648.54 steps=1584 succ10=1.00 touch10=1.00 col10=0.00 to10=0.00 min_d= 0.30 avg_spd=1.88m/s end=goal t= 7961.2s
[TRAIN][PPO] ep=438/500 r=  653.03 avg10=  649.39 steps=1569 succ10=1.00 touch10=1.00 col10=0.00 to10=0.00 min_d= 0.30 avg_spd=1.89m/s end=goal t= 7981.6s
[TRAIN][PPO] ep=439/500 r=  644.70 avg10=  648.01 steps=1532 succ10=1.00 touch10=1.00 col10=0.00 to10=0.00 min_d= 0.30 avg_spd=1.89m/s end=goal t= 8000.9s
[TRAIN][PPO] ep=440/500 r=  633.83 avg10=  647.91 steps=1576 succ10=1.00 touch10=1.00 col10=0.00 to10=0.00 min_d= 0.30 avg_spd=1.89m/s end=goal t= 8023.5s
[TRAIN][PPO] ep=441/500 r=  650.82 avg10=  648.93 steps=1584 succ10=1.00 touch10=1.00 col10=0.00 to10=0.00 min_d= 0.30 avg_spd=1.89m/s end=goal t= 8042.3s
[TRAIN][PPO] ep=442/500 r=  632.11 avg10=  647.00 steps=1513 succ10=1.00 touch10=1.00 col10=0.00 to10=0.00 min_d= 0.30 avg_spd=1.90m/s end=goal t= 8061.5s
[TRAIN][PPO] ep=443/500 r=  660.69 avg10=  647.42 steps=1588 succ10=1.00 touch10=1.00 col10=0.00 to10=0.00 min_d= 0.30 avg_spd=1.87m/s end=goal t= 8081.7s
[TRAIN][PPO] ep=444/500 r=  655.25 avg10=  648.93 steps=1585 succ10=1.00 touch10=1.00 col10=0.00 to10=0.00 min_d= 0.30 avg_spd=1.89m/s end=goal t= 8104.0s
[TRAIN][PPO] ep=445/500 r=  653.95 avg10=  649.49 steps=1585 succ10=1.00 touch10=1.00 col10=0.00 to10=0.00 min_d= 0.30 avg_spd=1.87m/s end=goal t= 8124.1s
[TRAIN][PPO] ep=446/500 r=  640.81 avg10=  648.30 steps=1555 succ10=1.00 touch10=1.00 col10=0.00 to10=0.00 min_d= 0.30 avg_spd=1.91m/s end=goal t= 8143.8s
[TRAIN][PPO] ep=447/500 r=  634.60 avg10=  645.98 steps=1527 succ10=1.00 touch10=1.00 col10=0.00 to10=0.00 min_d= 0.30 avg_spd=1.91m/s end=goal t= 8163.7s
[TRAIN][PPO] ep=448/500 r=  642.44 avg10=  644.92 steps=1564 succ10=1.00 touch10=1.00 col10=0.00 to10=0.00 min_d= 0.30 avg_spd=1.89m/s end=goal t= 8185.8s
[TRAIN][PPO] ep=449/500 r=  629.68 avg10=  643.42 steps=1519 succ10=1.00 touch10=1.00 col10=0.00 to10=0.00 min_d= 0.30 avg_spd=1.91m/s end=goal t= 8205.3s
[TRAIN][PPO] ep=450/500 r=  204.61 avg10=  600.50 steps= 759 succ10=0.90 touch10=0.90 col10=0.10 to10=0.00 min_d= 2.26 avg_spd=1.89m/s end=collision t= 8215.0s
[TRAIN][PPO] ep=451/500 r=  648.04 avg10=  600.22 steps=1594 succ10=0.90 touch10=0.90 col10=0.10 to10=0.00 min_d= 0.30 avg_spd=1.91m/s end=goal t= 8235.6s
[TRAIN][PPO] ep=452/500 r=  628.72 avg10=  599.88 steps=1519 succ10=0.90 touch10=0.90 col10=0.10 to10=0.00 min_d= 0.30 avg_spd=1.93m/s end=goal t= 8256.9s
[TRAIN][PPO] ep=453/500 r=  192.64 avg10=  553.07 steps= 736 succ10=0.80 touch10=0.80 col10=0.20 to10=0.00 min_d= 2.21 avg_spd=1.89m/s end=collision t= 8266.5s
[TRAIN][PPO] ep=454/500 r=  651.08 avg10=  552.66 steps=1594 succ10=0.80 touch10=0.80 col10=0.20 to10=0.00 min_d= 0.30 avg_spd=1.89m/s end=goal t= 8287.1s
[TRAIN][PPO] ep=455/500 r=  187.00 avg10=  505.96 steps= 720 succ10=0.70 touch10=0.70 col10=0.30 to10=0.00 min_d= 2.26 avg_spd=1.89m/s end=collision t= 8296.5s
[TRAIN][PPO] ep=456/500 r=  181.88 avg10=  460.07 steps= 723 succ10=0.60 touch10=0.60 col10=0.40 to10=0.00 min_d= 2.27 avg_spd=1.87m/s end=collision t= 8306.8s
[TRAIN][PPO] ep=457/500 r=  642.70 avg10=  460.88 steps=1557 succ10=0.60 touch10=0.60 col10=0.40 to10=0.00 min_d= 0.30 avg_spd=1.93m/s end=goal t= 8327.0s
[TRAIN][PPO] ep=458/500 r=  652.98 avg10=  461.93 steps=1578 succ10=0.60 touch10=0.60 col10=0.40 to10=0.00 min_d= 0.30 avg_spd=1.90m/s end=goal t= 8346.9s
[TRAIN][PPO] ep=459/500 r=  633.65 avg10=  462.33 steps=1495 succ10=0.60 touch10=0.60 col10=0.40 to10=0.00 min_d= 0.30 avg_spd=1.92m/s end=goal t= 8363.9s
[TRAIN][PPO] ep=460/500 r=  643.00 avg10=  506.17 steps=1526 succ10=0.70 touch10=0.70 col10=0.30 to10=0.00 min_d= 0.30 avg_spd=1.92m/s end=goal t= 8385.3s
[TRAIN][PPO] ep=461/500 r=  628.01 avg10=  504.17 steps=1531 succ10=0.70 touch10=0.70 col10=0.30 to10=0.00 min_d= 0.30 avg_spd=1.91m/s end=goal t= 8404.5s
[TRAIN][PPO] ep=462/500 r=  649.65 avg10=  506.26 steps=1576 succ10=0.70 touch10=0.70 col10=0.30 to10=0.00 min_d= 0.30 avg_spd=1.87m/s end=goal t= 8425.0s
[TRAIN][PPO] ep=463/500 r=  631.58 avg10=  550.15 steps=1510 succ10=0.80 touch10=0.80 col10=0.20 to10=0.00 min_d= 0.30 avg_spd=1.92m/s end=goal t= 8444.4s
[TRAIN][PPO] ep=464/500 r=  634.22 avg10=  548.47 steps=1507 succ10=0.80 touch10=0.80 col10=0.20 to10=0.00 min_d= 0.30 avg_spd=1.91m/s end=goal t= 8465.3s
[TRAIN][PPO] ep=465/500 r=  639.18 avg10=  593.69 steps=1533 succ10=0.90 touch10=0.90 col10=0.10 to10=0.00 min_d= 0.30 avg_spd=1.88m/s end=goal t= 8484.7s
[TRAIN][PPO] ep=466/500 r=  638.95 avg10=  639.39 steps=1542 succ10=1.00 touch10=1.00 col10=0.00 to10=0.00 min_d= 0.30 avg_spd=1.88m/s end=goal t= 8504.0s
[TRAIN][PPO] ep=467/500 r=  649.58 avg10=  640.08 steps=1567 succ10=1.00 touch10=1.00 col10=0.00 to10=0.00 min_d= 0.30 avg_spd=1.89m/s end=goal t= 8523.5s
[TRAIN][PPO] ep=468/500 r=  645.37 avg10=  639.32 steps=1572 succ10=1.00 touch10=1.00 col10=0.00 to10=0.00 min_d= 0.30 avg_spd=1.88m/s end=goal t= 8545.6s
[TRAIN][PPO] ep=469/500 r=  651.00 avg10=  641.06 steps=1562 succ10=1.00 touch10=1.00 col10=0.00 to10=0.00 min_d= 0.30 avg_spd=1.89m/s end=goal t= 8564.9s
[TRAIN][PPO] ep=470/500 r=  648.86 avg10=  641.64 steps=1576 succ10=1.00 touch10=1.00 col10=0.00 to10=0.00 min_d= 0.30 avg_spd=1.87m/s end=goal t= 8584.9s
[TRAIN][PPO] ep=471/500 r=  637.61 avg10=  642.60 steps=1570 succ10=1.00 touch10=1.00 col10=0.00 to10=0.00 min_d= 0.30 avg_spd=1.87m/s end=goal t= 8604.7s
[TRAIN][PPO] ep=472/500 r=  633.91 avg10=  641.03 steps=1577 succ10=1.00 touch10=1.00 col10=0.00 to10=0.00 min_d= 0.30 avg_spd=1.87m/s end=goal t= 8628.1s
[TRAIN][PPO] ep=473/500 r=  658.40 avg10=  643.71 steps=1570 succ10=1.00 touch10=1.00 col10=0.00 to10=0.00 min_d= 0.30 avg_spd=1.89m/s end=goal t= 8648.0s
[TRAIN][PPO] ep=474/500 r=  647.04 avg10=  644.99 steps=1545 succ10=1.00 touch10=1.00 col10=0.00 to10=0.00 min_d= 0.30 avg_spd=1.93m/s end=goal t= 8667.8s
[TRAIN][PPO] ep=475/500 r=  629.66 avg10=  644.04 steps=1478 succ10=1.00 touch10=1.00 col10=0.00 to10=0.00 min_d= 0.30 avg_spd=1.92m/s end=goal t= 8686.9s
[TRAIN][PPO] ep=476/500 r=  638.19 avg10=  643.96 steps=1536 succ10=1.00 touch10=1.00 col10=0.00 to10=0.00 min_d= 0.30 avg_spd=1.92m/s end=goal t= 8708.3s
[TRAIN][PPO] ep=477/500 r=  630.98 avg10=  642.10 steps=1521 succ10=1.00 touch10=1.00 col10=0.00 to10=0.00 min_d= 0.30 avg_spd=1.92m/s end=goal t= 8727.4s
[TRAIN][PPO] ep=478/500 r=  630.89 avg10=  640.65 steps=1495 succ10=1.00 touch10=1.00 col10=0.00 to10=0.00 min_d= 0.30 avg_spd=1.92m/s end=goal t= 8746.1s
[TRAIN][PPO] ep=479/500 r=  649.63 avg10=  640.52 steps=1621 succ10=1.00 touch10=1.00 col10=0.00 to10=0.00 min_d= 0.30 avg_spd=1.88m/s end=goal t= 8766.3s
[TRAIN][PPO] ep=480/500 r=  646.21 avg10=  640.25 steps=1601 succ10=1.00 touch10=1.00 col10=0.00 to10=0.00 min_d= 0.30 avg_spd=1.89m/s end=goal t= 8789.5s
[TRAIN][PPO] ep=481/500 r=  635.31 avg10=  640.02 steps=1536 succ10=1.00 touch10=1.00 col10=0.00 to10=0.00 min_d= 0.30 avg_spd=1.89m/s end=goal t= 8807.6s
[TRAIN][PPO] ep=482/500 r=  637.55 avg10=  640.39 steps=1510 succ10=1.00 touch10=1.00 col10=0.00 to10=0.00 min_d= 0.30 avg_spd=1.92m/s end=goal t= 8826.7s
[TRAIN][PPO] ep=483/500 r=  643.05 avg10=  638.85 steps=1565 succ10=1.00 touch10=1.00 col10=0.00 to10=0.00 min_d= 0.30 avg_spd=1.92m/s end=goal t= 8846.7s
[TRAIN][PPO] ep=484/500 r=  649.54 avg10=  639.10 steps=1569 succ10=1.00 touch10=1.00 col10=0.00 to10=0.00 min_d= 0.30 avg_spd=1.90m/s end=goal t= 8869.0s
[TRAIN][PPO] ep=485/500 r=  646.12 avg10=  640.75 steps=1549 succ10=1.00 touch10=1.00 col10=0.00 to10=0.00 min_d= 0.30 avg_spd=1.88m/s end=goal t= 8888.8s
[TRAIN][PPO] ep=486/500 r=  640.10 avg10=  640.94 steps=1529 succ10=1.00 touch10=1.00 col10=0.00 to10=0.00 min_d= 0.30 avg_spd=1.90m/s end=goal t= 8908.6s
[TRAIN][PPO] ep=487/500 r=  625.96 avg10=  640.44 steps=1552 succ10=1.00 touch10=1.00 col10=0.00 to10=0.00 min_d= 0.30 avg_spd=1.90m/s end=goal t= 8928.9s
[TRAIN][PPO] ep=488/500 r=  648.62 avg10=  642.21 steps=1575 succ10=1.00 touch10=1.00 col10=0.00 to10=0.00 min_d= 0.30 avg_spd=1.90m/s end=goal t= 8951.4s
[TRAIN][PPO] ep=489/500 r=  644.36 avg10=  641.68 steps=1570 succ10=1.00 touch10=1.00 col10=0.00 to10=0.00 min_d= 0.30 avg_spd=1.93m/s end=goal t= 8971.4s
[TRAIN][PPO] ep=490/500 r=  649.39 avg10=  642.00 steps=1550 succ10=1.00 touch10=1.00 col10=0.00 to10=0.00 min_d= 0.30 avg_spd=1.90m/s end=goal t= 8991.7s
[TRAIN][PPO] ep=491/500 r=  654.42 avg10=  643.91 steps=1559 succ10=1.00 touch10=1.00 col10=0.00 to10=0.00 min_d= 0.30 avg_spd=1.88m/s end=goal t= 9011.8s
[TRAIN][PPO] ep=492/500 r=  639.48 avg10=  644.10 steps=1526 succ10=1.00 touch10=1.00 col10=0.00 to10=0.00 min_d= 0.30 avg_spd=1.90m/s end=goal t= 9033.4s
[TRAIN][PPO] ep=493/500 r=  644.16 avg10=  644.22 steps=1546 succ10=1.00 touch10=1.00 col10=0.00 to10=0.00 min_d= 0.30 avg_spd=1.91m/s end=goal t= 9053.1s
[TRAIN][PPO] ep=494/500 r=  632.63 avg10=  642.52 steps=1545 succ10=1.00 touch10=1.00 col10=0.00 to10=0.00 min_d= 0.30 avg_spd=1.89m/s end=goal t= 9072.8s
[TRAIN][PPO] ep=495/500 r=  644.81 avg10=  642.39 steps=1580 succ10=1.00 touch10=1.00 col10=0.00 to10=0.00 min_d= 0.30 avg_spd=1.91m/s end=goal t= 9092.9s
[TRAIN][PPO] ep=496/500 r=  648.42 avg10=  643.23 steps=1543 succ10=1.00 touch10=1.00 col10=0.00 to10=0.00 min_d= 0.30 avg_spd=1.90m/s end=goal t= 9115.3s
[TRAIN][PPO] ep=497/500 r=  647.20 avg10=  645.35 steps=1574 succ10=1.00 touch10=1.00 col10=0.00 to10=0.00 min_d= 0.30 avg_spd=1.90m/s end=goal t= 9135.7s
[TRAIN][PPO] ep=498/500 r=  635.61 avg10=  644.05 steps=1519 succ10=1.00 touch10=1.00 col10=0.00 to10=0.00 min_d= 0.30 avg_spd=1.89m/s end=goal t= 9155.1s
[TRAIN][PPO] ep=499/500 r=  634.22 avg10=  643.03 steps=1557 succ10=1.00 touch10=1.00 col10=0.00 to10=0.00 min_d= 0.30 avg_spd=1.90m/s end=goal t= 9174.9s
INFO: PPO: Terminating.
[RUN] completed stage checkpoint=/uio/hume/student-u79/esbrovol/fys5429/DRL-Obstacle-Avoidance/controllers/PPO/checkpoints/20260525_141956_lstm_seed01_stage02_train_2_one_obs/final_20260525_141956_lstm_seed01_stage02_train_2_one_obs.pth
[RUN] arch=lstm seed=1 stage=3/10 world=/uio/hume/student-u79/esbrovol/fys5429/DRL-Obstacle-Avoidance/worlds/training/train_3_three_obs.wbt
[RUN] resuming from /uio/hume/student-u79/esbrovol/fys5429/DRL-Obstacle-Avoidance/controllers/PPO/checkpoints/20260525_141956_lstm_seed01_stage02_train_2_one_obs/final_20260525_141956_lstm_seed01_stage02_train_2_one_obs.pth
INFO: PPO: Starting controller: python3 -u PPO.py
[PPO] Using architecture: LSTM
[PPO] Loaded architecture: LSTM
[TRAIN][PPO] arch=LSTM weights_dir=/uio/hume/student-u79/esbrovol/fys5429/DRL-Obstacle-Avoidance/controllers/PPO/checkpoints/20260525_141956_lstm_seed01_stage03_train_3_three_obs final=/uio/hume/student-u79/esbrovol/fys5429/DRL-Obstacle-Avoidance/controllers/PPO/checkpoints/20260525_141956_lstm_seed01_stage03_train_3_three_obs/final_20260525_141956_lstm_seed01_stage03_train_3_three_obs.pth
[TRAIN][PPO] episodes=500 update_every=4 obs=31 act=2 cell=LSTM seq=32 burn_in=8
[TRAIN][PPO] ep=001/500 r=  384.94 avg10=  384.94 steps=1357 succ10=0.00 touch10=0.00 col10=1.00 to10=0.00 min_d= 0.94 avg_spd=1.90m/s end=collision t=   18.2s ckpt=best
[TRAIN][PPO] ep=002/500 r=  379.27 avg10=  382.10 steps=1352 succ10=0.00 touch10=0.00 col10=1.00 to10=0.00 min_d= 0.97 avg_spd=1.92m/s end=collision t=   35.9s
[TRAIN][PPO] ep=003/500 r=  379.90 avg10=  381.37 steps=1354 succ10=0.00 touch10=0.00 col10=1.00 to10=0.00 min_d= 0.97 avg_spd=1.88m/s end=collision t=   54.1s
[TRAIN][PPO] ep=004/500 r=  360.65 avg10=  376.19 steps=1402 succ10=0.00 touch10=0.00 col10=1.00 to10=0.00 min_d= 1.00 avg_spd=1.92m/s end=collision t=   74.7s
[TRAIN][PPO] ep=005/500 r=  380.07 avg10=  376.97 steps=1346 succ10=0.00 touch10=0.00 col10=1.00 to10=0.00 min_d= 0.96 avg_spd=1.88m/s end=collision t=   92.7s
[TRAIN][PPO] ep=006/500 r=  374.63 avg10=  376.58 steps=1368 succ10=0.00 touch10=0.00 col10=1.00 to10=0.00 min_d= 1.00 avg_spd=1.91m/s end=collision t=  110.6s
[TRAIN][PPO] ep=007/500 r=  356.76 avg10=  373.75 steps=1342 succ10=0.00 touch10=0.00 col10=1.00 to10=0.00 min_d= 1.01 avg_spd=1.89m/s end=collision t=  128.1s
[TRAIN][PPO] ep=008/500 r=  354.75 avg10=  371.37 steps=1338 succ10=0.00 touch10=0.00 col10=1.00 to10=0.00 min_d= 1.01 avg_spd=1.90m/s end=collision t=  146.8s
[TRAIN][PPO] ep=009/500 r=  380.70 avg10=  372.41 steps=1393 succ10=0.00 touch10=0.00 col10=1.00 to10=0.00 min_d= 0.99 avg_spd=1.89m/s end=collision t=  164.8s
[TRAIN][PPO] ep=010/500 r=   74.10 avg10=  342.58 steps= 401 succ10=0.00 touch10=0.00 col10=1.00 to10=0.00 min_d= 3.14 avg_spd=1.85m/s end=collision t=  170.0s
[TRAIN][PPO] ep=011/500 r=  356.94 avg10=  339.78 steps=1351 succ10=0.00 touch10=0.00 col10=1.00 to10=0.00 min_d= 1.05 avg_spd=1.90m/s end=collision t=  187.5s
[TRAIN][PPO] ep=012/500 r=  361.13 avg10=  337.97 steps=1358 succ10=0.00 touch10=0.00 col10=1.00 to10=0.00 min_d= 0.99 avg_spd=1.91m/s end=collision t=  206.5s
[TRAIN][PPO] ep=013/500 r=   69.93 avg10=  306.97 steps= 380 succ10=0.00 touch10=0.00 col10=1.00 to10=0.00 min_d= 3.12 avg_spd=1.77m/s end=collision t=  211.5s
[TRAIN][PPO] ep=014/500 r=  398.14 avg10=  310.72 steps=1380 succ10=0.00 touch10=0.00 col10=1.00 to10=0.00 min_d= 0.91 avg_spd=1.87m/s end=collision t=  229.2s ckpt=best
[TRAIN][PPO] ep=015/500 r=  383.31 avg10=  311.04 steps=1366 succ10=0.00 touch10=0.00 col10=1.00 to10=0.00 min_d= 0.95 avg_spd=1.88m/s end=collision t=  246.7s
[TRAIN][PPO] ep=016/500 r=  387.74 avg10=  312.35 steps=1376 succ10=0.00 touch10=0.00 col10=1.00 to10=0.00 min_d= 0.92 avg_spd=1.89m/s end=collision t=  265.8s
[TRAIN][PPO] ep=017/500 r=  380.18 avg10=  314.69 steps=1351 succ10=0.00 touch10=0.00 col10=1.00 to10=0.00 min_d= 0.97 avg_spd=1.87m/s end=collision t=  283.1s
[TRAIN][PPO] ep=018/500 r=  382.17 avg10=  317.44 steps=1368 succ10=0.00 touch10=0.00 col10=1.00 to10=0.00 min_d= 0.97 avg_spd=1.87m/s end=collision t=  300.8s
[TRAIN][PPO] ep=019/500 r=  404.87 avg10=  319.85 steps=1397 succ10=0.00 touch10=0.00 col10=1.00 to10=0.00 min_d= 0.91 avg_spd=1.86m/s end=collision t=  318.7s ckpt=best
[TRAIN][PPO] ep=020/500 r=  393.57 avg10=  351.80 steps=1380 succ10=0.00 touch10=0.00 col10=1.00 to10=0.00 min_d= 0.95 avg_spd=1.88m/s end=collision t=  338.5s
[TRAIN][PPO] ep=021/500 r=  387.48 avg10=  354.86 steps=1343 succ10=0.00 touch10=0.00 col10=1.00 to10=0.00 min_d= 0.94 avg_spd=1.90m/s end=collision t=  355.7s
[TRAIN][PPO] ep=022/500 r=  638.34 avg10=  382.58 steps=1571 succ10=0.10 touch10=0.10 col10=0.90 to10=0.00 min_d= 0.30 avg_spd=1.88m/s end=goal t=  374.6s ckpt=best_goal
[TRAIN][PPO] ep=023/500 r=  380.83 avg10=  413.67 steps=1336 succ10=0.10 touch10=0.10 col10=0.90 to10=0.00 min_d= 0.93 avg_spd=1.91m/s end=collision t=  391.8s
[TRAIN][PPO] ep=024/500 r=  391.39 avg10=  412.99 steps=1352 succ10=0.10 touch10=0.10 col10=0.90 to10=0.00 min_d= 0.92 avg_spd=1.91m/s end=collision t=  410.9s
[TRAIN][PPO] ep=025/500 r=  403.36 avg10=  415.00 steps=1387 succ10=0.10 touch10=0.10 col10=0.90 to10=0.00 min_d= 0.89 avg_spd=1.88m/s end=collision t=  429.0s
[TRAIN][PPO] ep=026/500 r=  312.65 avg10=  407.49 steps=1099 succ10=0.10 touch10=0.10 col10=0.90 to10=0.00 min_d= 1.45 avg_spd=1.85m/s end=collision t=  443.3s
[TRAIN][PPO] ep=027/500 r=  366.98 avg10=  406.16 steps=1373 succ10=0.10 touch10=0.10 col10=0.90 to10=0.00 min_d= 1.01 avg_spd=1.88m/s end=collision t=  461.4s
[TRAIN][PPO] ep=028/500 r=  358.96 avg10=  403.84 steps=1433 succ10=0.10 touch10=0.10 col10=0.90 to10=0.00 min_d= 1.07 avg_spd=1.87m/s end=collision t=  481.8s
[TRAIN][PPO] ep=029/500 r=  386.71 avg10=  402.03 steps=1338 succ10=0.10 touch10=0.10 col10=0.90 to10=0.00 min_d= 0.89 avg_spd=1.87m/s end=collision t=  499.6s
[TRAIN][PPO] ep=030/500 r=   91.46 avg10=  371.82 steps= 442 succ10=0.10 touch10=0.10 col10=0.90 to10=0.00 min_d= 3.03 avg_spd=1.84m/s end=collision t=  505.4s
[TRAIN][PPO] ep=031/500 r=  319.15 avg10=  364.98 steps=1098 succ10=0.10 touch10=0.10 col10=0.90 to10=0.00 min_d= 1.42 avg_spd=1.88m/s end=collision t=  519.9s
[TRAIN][PPO] ep=032/500 r=  379.26 avg10=  339.07 steps=1370 succ10=0.00 touch10=0.00 col10=1.00 to10=0.00 min_d= 0.91 avg_spd=1.88m/s end=collision t=  538.8s
[TRAIN][PPO] ep=033/500 r=  380.25 avg10=  339.02 steps=1373 succ10=0.00 touch10=0.00 col10=1.00 to10=0.00 min_d= 0.96 avg_spd=1.86m/s end=collision t=  556.3s
[TRAIN][PPO] ep=034/500 r=   59.45 avg10=  305.82 steps= 345 succ10=0.00 touch10=0.00 col10=1.00 to10=0.00 min_d= 3.12 avg_spd=1.85m/s end=collision t=  560.8s
[TRAIN][PPO] ep=035/500 r=  638.68 avg10=  329.35 steps=1573 succ10=0.10 touch10=0.10 col10=0.90 to10=0.00 min_d= 0.30 avg_spd=1.89m/s end=goal t=  581.0s ckpt=best_goal
[TRAIN][PPO] ep=036/500 r=  380.83 avg10=  336.17 steps=1362 succ10=0.10 touch10=0.10 col10=0.90 to10=0.00 min_d= 0.94 avg_spd=1.88m/s end=collision t=  600.7s
[TRAIN][PPO] ep=037/500 r=  409.50 avg10=  340.42 steps=1439 succ10=0.10 touch10=0.10 col10=0.90 to10=0.00 min_d= 0.91 avg_spd=1.84m/s end=collision t=  619.0s
[TRAIN][PPO] ep=038/500 r=  402.67 avg10=  344.80 steps=1417 succ10=0.10 touch10=0.10 col10=0.90 to10=0.00 min_d= 0.93 avg_spd=1.86m/s end=collision t=  637.6s
[TRAIN][PPO] ep=039/500 r=  383.66 avg10=  344.49 steps=1349 succ10=0.10 touch10=0.10 col10=0.90 to10=0.00 min_d= 0.92 avg_spd=1.86m/s end=collision t=  655.0s
[TRAIN][PPO] ep=040/500 r=  398.75 avg10=  375.22 steps=1410 succ10=0.10 touch10=0.10 col10=0.90 to10=0.00 min_d= 0.93 avg_spd=1.87m/s end=collision t=  674.6s
[TRAIN][PPO] ep=041/500 r=  399.40 avg10=  383.24 steps=1410 succ10=0.10 touch10=0.10 col10=0.90 to10=0.00 min_d= 0.94 avg_spd=1.84m/s end=collision t=  692.7s
[TRAIN][PPO] ep=042/500 r=  389.20 avg10=  384.24 steps=1375 succ10=0.10 touch10=0.10 col10=0.90 to10=0.00 min_d= 0.93 avg_spd=1.87m/s end=collision t=  710.4s
[TRAIN][PPO] ep=043/500 r=  653.44 avg10=  411.56 steps=1629 succ10=0.20 touch10=0.20 col10=0.80 to10=0.00 min_d= 0.30 avg_spd=1.86m/s end=goal t=  730.9s ckpt=best_goal
[TRAIN][PPO] ep=044/500 r=  651.81 avg10=  470.79 steps=1589 succ10=0.30 touch10=0.30 col10=0.70 to10=0.00 min_d= 0.30 avg_spd=1.85m/s end=goal t=  753.4s
[TRAIN][PPO] ep=045/500 r=  406.33 avg10=  447.56 steps=1409 succ10=0.20 touch10=0.20 col10=0.80 to10=0.00 min_d= 0.89 avg_spd=1.86m/s end=collision t=  771.2s
[TRAIN][PPO] ep=046/500 r=  396.17 avg10=  449.09 steps=1396 succ10=0.20 touch10=0.20 col10=0.80 to10=0.00 min_d= 0.92 avg_spd=1.81m/s end=collision t=  789.2s
[TRAIN][PPO] ep=047/500 r=  656.25 avg10=  473.77 steps=1610 succ10=0.30 touch10=0.30 col10=0.70 to10=0.00 min_d= 0.30 avg_spd=1.87m/s end=goal t=  810.1s ckpt=best_goal
[TRAIN][PPO] ep=048/500 r=  657.32 avg10=  499.23 steps=1644 succ10=0.40 touch10=0.40 col10=0.60 to10=0.00 min_d= 0.30 avg_spd=1.86m/s end=goal t=  833.2s ckpt=best_goal
[TRAIN][PPO] ep=049/500 r=  637.30 avg10=  524.60 steps=1620 succ10=0.50 touch10=0.50 col10=0.50 to10=0.00 min_d= 0.30 avg_spd=1.87m/s end=goal t=  854.1s
[TRAIN][PPO] ep=050/500 r=  662.23 avg10=  550.94 steps=1673 succ10=0.60 touch10=0.60 col10=0.40 to10=0.00 min_d= 0.30 avg_spd=1.84m/s end=goal t=  876.3s ckpt=best_goal
[TRAIN][PPO] ep=051/500 r=  395.25 avg10=  550.53 steps=1431 succ10=0.60 touch10=0.60 col10=0.40 to10=0.00 min_d= 0.96 avg_spd=1.84m/s end=collision t=  894.7s
[TRAIN][PPO] ep=052/500 r=  415.52 avg10=  553.16 steps=1452 succ10=0.60 touch10=0.60 col10=0.40 to10=0.00 min_d= 0.88 avg_spd=1.83m/s end=collision t=  915.4s
[TRAIN][PPO] ep=053/500 r=  634.35 avg10=  551.25 steps=1578 succ10=0.60 touch10=0.60 col10=0.40 to10=0.00 min_d= 0.30 avg_spd=1.88m/s end=goal t=  935.5s
[TRAIN][PPO] ep=054/500 r=  382.57 avg10=  524.33 steps=1392 succ10=0.50 touch10=0.50 col10=0.50 to10=0.00 min_d= 0.96 avg_spd=1.85m/s end=collision t=  952.9s
[TRAIN][PPO] ep=055/500 r=  397.66 avg10=  523.46 steps=1406 succ10=0.50 touch10=0.50 col10=0.50 to10=0.00 min_d= 0.96 avg_spd=1.86m/s end=collision t=  970.2s
[TRAIN][PPO] ep=056/500 r=  386.95 avg10=  522.54 steps=1374 succ10=0.50 touch10=0.50 col10=0.50 to10=0.00 min_d= 0.94 avg_spd=1.87m/s end=collision t=  989.7s
[TRAIN][PPO] ep=057/500 r=  383.25 avg10=  495.24 steps=1367 succ10=0.40 touch10=0.40 col10=0.60 to10=0.00 min_d= 0.94 avg_spd=1.83m/s end=collision t= 1006.8s
[TRAIN][PPO] ep=058/500 r=  650.43 avg10=  494.55 steps=1648 succ10=0.40 touch10=0.40 col10=0.60 to10=0.00 min_d= 0.30 avg_spd=1.84m/s end=goal t= 1027.5s
[TRAIN][PPO] ep=059/500 r=  394.93 avg10=  470.31 steps=1383 succ10=0.30 touch10=0.30 col10=0.70 to10=0.00 min_d= 0.94 avg_spd=1.87m/s end=collision t= 1045.4s
[TRAIN][PPO] ep=060/500 r=  638.94 avg10=  467.99 steps=1595 succ10=0.30 touch10=0.30 col10=0.70 to10=0.00 min_d= 0.30 avg_spd=1.88m/s end=goal t= 1068.2s
[TRAIN][PPO] ep=061/500 r=  406.21 avg10=  469.08 steps=1429 succ10=0.30 touch10=0.30 col10=0.70 to10=0.00 min_d= 0.93 avg_spd=1.84m/s end=collision t= 1086.5s
[TRAIN][PPO] ep=062/500 r=  654.93 avg10=  493.02 steps=1641 succ10=0.40 touch10=0.40 col10=0.60 to10=0.00 min_d= 0.30 avg_spd=1.86m/s end=goal t= 1108.0s
[TRAIN][PPO] ep=063/500 r=  400.03 avg10=  469.59 steps=1379 succ10=0.30 touch10=0.30 col10=0.70 to10=0.00 min_d= 0.90 avg_spd=1.82m/s end=collision t= 1125.5s
[TRAIN][PPO] ep=064/500 r=   79.89 avg10=  439.32 steps= 404 succ10=0.30 touch10=0.30 col10=0.70 to10=0.00 min_d= 3.01 avg_spd=1.85m/s end=collision t= 1132.3s
[TRAIN][PPO] ep=065/500 r=  398.42 avg10=  439.40 steps=1368 succ10=0.30 touch10=0.30 col10=0.70 to10=0.00 min_d= 0.89 avg_spd=1.83m/s end=collision t= 1150.0s
[TRAIN][PPO] ep=066/500 r=  387.83 avg10=  439.48 steps=1482 succ10=0.30 touch10=0.30 col10=0.70 to10=0.00 min_d= 0.96 avg_spd=1.80m/s end=collision t= 1169.4s
[TRAIN][PPO] ep=067/500 r=  641.48 avg10=  465.31 steps=1609 succ10=0.40 touch10=0.40 col10=0.60 to10=0.00 min_d= 0.30 avg_spd=1.87m/s end=goal t= 1190.3s
[TRAIN][PPO] ep=068/500 r=  406.22 avg10=  440.89 steps=1415 succ10=0.30 touch10=0.30 col10=0.70 to10=0.00 min_d= 0.92 avg_spd=1.82m/s end=collision t= 1210.2s
[TRAIN][PPO] ep=069/500 r=  326.96 avg10=  434.09 steps=1144 succ10=0.30 touch10=0.30 col10=0.70 to10=0.00 min_d= 1.43 avg_spd=1.82m/s end=collision t= 1224.7s
[TRAIN][PPO] ep=070/500 r=  649.03 avg10=  435.10 steps=1633 succ10=0.30 touch10=0.30 col10=0.70 to10=0.00 min_d= 0.30 avg_spd=1.87m/s end=goal t= 1245.7s
[TRAIN][PPO] ep=071/500 r=  659.78 avg10=  460.46 steps=1655 succ10=0.40 touch10=0.40 col10=0.60 to10=0.00 min_d= 0.30 avg_spd=1.85m/s end=goal t= 1267.2s
[TRAIN][PPO] ep=072/500 r=  330.03 avg10=  427.97 steps=1136 succ10=0.30 touch10=0.30 col10=0.70 to10=0.00 min_d= 1.45 avg_spd=1.86m/s end=collision t= 1283.4s
[TRAIN][PPO] ep=073/500 r=  414.12 avg10=  429.37 steps=1413 succ10=0.30 touch10=0.30 col10=0.70 to10=0.00 min_d= 0.90 avg_spd=1.85m/s end=collision t= 1301.9s
[TRAIN][PPO] ep=074/500 r=  410.87 avg10=  462.47 steps=1425 succ10=0.30 touch10=0.30 col10=0.70 to10=0.00 min_d= 0.88 avg_spd=1.86m/s end=collision t= 1320.2s
[TRAIN][PPO] ep=075/500 r=  401.74 avg10=  462.81 steps=1424 succ10=0.30 touch10=0.30 col10=0.70 to10=0.00 min_d= 0.89 avg_spd=1.80m/s end=collision t= 1338.5s
[TRAIN][PPO] ep=076/500 r=  641.28 avg10=  488.15 steps=1621 succ10=0.40 touch10=0.40 col10=0.60 to10=0.00 min_d= 0.30 avg_spd=1.85m/s end=goal t= 1362.5s
[TRAIN][PPO] ep=077/500 r=  643.63 avg10=  488.37 steps=1615 succ10=0.40 touch10=0.40 col10=0.60 to10=0.00 min_d= 0.30 avg_spd=1.87m/s end=goal t= 1383.5s
[TRAIN][PPO] ep=078/500 r=  400.67 avg10=  487.81 steps=1410 succ10=0.40 touch10=0.40 col10=0.60 to10=0.00 min_d= 0.90 avg_spd=1.84m/s end=collision t= 1401.5s
[TRAIN][PPO] ep=079/500 r=  650.56 avg10=  520.17 steps=1645 succ10=0.50 touch10=0.50 col10=0.50 to10=0.00 min_d= 0.30 avg_spd=1.84m/s end=goal t= 1422.2s
[TRAIN][PPO] ep=080/500 r=  655.74 avg10=  520.84 steps=1658 succ10=0.50 touch10=0.50 col10=0.50 to10=0.00 min_d= 0.30 avg_spd=1.84m/s end=goal t= 1445.5s
[TRAIN][PPO] ep=081/500 r=  654.51 avg10=  520.31 steps=1660 succ10=0.50 touch10=0.50 col10=0.50 to10=0.00 min_d= 0.30 avg_spd=1.86m/s end=goal t= 1466.8s
[TRAIN][PPO] ep=082/500 r=  659.61 avg10=  553.27 steps=1666 succ10=0.60 touch10=0.60 col10=0.40 to10=0.00 min_d= 0.30 avg_spd=1.86m/s end=goal t= 1488.1s
[TRAIN][PPO] ep=083/500 r=  640.12 avg10=  575.87 steps=1628 succ10=0.70 touch10=0.70 col10=0.30 to10=0.00 min_d= 0.30 avg_spd=1.85m/s end=goal t= 1508.7s
[TRAIN][PPO] ep=084/500 r=  397.20 avg10=  574.51 steps=1422 succ10=0.70 touch10=0.70 col10=0.30 to10=0.00 min_d= 0.93 avg_spd=1.84m/s end=collision t= 1529.0s
[TRAIN][PPO] ep=085/500 r=  641.64 avg10=  598.50 steps=1608 succ10=0.80 touch10=0.80 col10=0.20 to10=0.00 min_d= 0.30 avg_spd=1.86m/s end=goal t= 1549.7s
[TRAIN][PPO] ep=086/500 r=  645.52 avg10=  598.92 steps=1582 succ10=0.80 touch10=0.80 col10=0.20 to10=0.00 min_d= 0.30 avg_spd=1.90m/s end=goal t= 1569.6s
[TRAIN][PPO] ep=087/500 r=  635.97 avg10=  598.15 steps=1605 succ10=0.80 touch10=0.80 col10=0.20 to10=0.00 min_d= 0.30 avg_spd=1.87m/s end=goal t= 1591.0s
[TRAIN][PPO] ep=088/500 r=  635.29 avg10=  621.62 steps=1546 succ10=0.90 touch10=0.90 col10=0.10 to10=0.00 min_d= 0.30 avg_spd=1.89m/s end=goal t= 1613.7s
[TRAIN][PPO] ep=089/500 r=  646.65 avg10=  621.22 steps=1614 succ10=0.90 touch10=0.90 col10=0.10 to10=0.00 min_d= 0.30 avg_spd=1.88m/s end=goal t= 1635.2s
[TRAIN][PPO] ep=090/500 r=  651.87 avg10=  620.84 steps=1641 succ10=0.90 touch10=0.90 col10=0.10 to10=0.00 min_d= 0.30 avg_spd=1.86m/s end=goal t= 1656.8s
[TRAIN][PPO] ep=091/500 r=  646.32 avg10=  620.02 steps=1641 succ10=0.90 touch10=0.90 col10=0.10 to10=0.00 min_d= 0.30 avg_spd=1.87m/s end=goal t= 1678.9s
[TRAIN][PPO] ep=092/500 r=  404.45 avg10=  594.50 steps=1412 succ10=0.80 touch10=0.80 col10=0.20 to10=0.00 min_d= 0.90 avg_spd=1.86m/s end=collision t= 1699.9s
[TRAIN][PPO] ep=093/500 r=  633.59 avg10=  593.85 steps=1557 succ10=0.80 touch10=0.80 col10=0.20 to10=0.00 min_d= 0.30 avg_spd=1.90m/s end=goal t= 1720.6s
[TRAIN][PPO] ep=094/500 r=  641.72 avg10=  618.30 steps=1607 succ10=0.90 touch10=0.90 col10=0.10 to10=0.00 min_d= 0.30 avg_spd=1.87m/s end=goal t= 1742.1s
[TRAIN][PPO] ep=095/500 r=  643.48 avg10=  618.49 steps=1621 succ10=0.90 touch10=0.90 col10=0.10 to10=0.00 min_d= 0.30 avg_spd=1.85m/s end=goal t= 1763.7s
[TRAIN][PPO] ep=096/500 r=  642.34 avg10=  618.17 steps=1616 succ10=0.90 touch10=0.90 col10=0.10 to10=0.00 min_d= 0.30 avg_spd=1.88m/s end=goal t= 1787.3s
[TRAIN][PPO] ep=097/500 r=  641.72 avg10=  618.74 steps=1616 succ10=0.90 touch10=0.90 col10=0.10 to10=0.00 min_d= 0.30 avg_spd=1.86m/s end=goal t= 1808.6s
[TRAIN][PPO] ep=098/500 r=  647.36 avg10=  619.95 steps=1584 succ10=0.90 touch10=0.90 col10=0.10 to10=0.00 min_d= 0.30 avg_spd=1.89m/s end=goal t= 1829.5s
[TRAIN][PPO] ep=099/500 r=  653.72 avg10=  620.66 steps=1651 succ10=0.90 touch10=0.90 col10=0.10 to10=0.00 min_d= 0.30 avg_spd=1.87m/s end=goal t= 1851.3s
[TRAIN][PPO] ep=100/500 r=  643.93 avg10=  619.86 steps=1587 succ10=0.90 touch10=0.90 col10=0.10 to10=0.00 min_d= 0.30 avg_spd=1.86m/s end=goal t= 1874.7s ckpt=latest
[TRAIN][PPO] ep=101/500 r=  640.86 avg10=  619.32 steps=1600 succ10=0.90 touch10=0.90 col10=0.10 to10=0.00 min_d= 0.30 avg_spd=1.88m/s end=goal t= 1896.1s
[TRAIN][PPO] ep=102/500 r=  650.38 avg10=  643.91 steps=1630 succ10=1.00 touch10=1.00 col10=0.00 to10=0.00 min_d= 0.30 avg_spd=1.87m/s end=goal t= 1917.6s
[TRAIN][PPO] ep=103/500 r=  648.08 avg10=  645.36 steps=1630 succ10=1.00 touch10=1.00 col10=0.00 to10=0.00 min_d= 0.30 avg_spd=1.87m/s end=goal t= 1939.5s
[TRAIN][PPO] ep=104/500 r=  648.93 avg10=  646.08 steps=1632 succ10=1.00 touch10=1.00 col10=0.00 to10=0.00 min_d= 0.30 avg_spd=1.88m/s end=goal t= 1963.4s
[TRAIN][PPO] ep=105/500 r=  640.52 avg10=  645.78 steps=1615 succ10=1.00 touch10=1.00 col10=0.00 to10=0.00 min_d= 0.30 avg_spd=1.89m/s end=goal t= 1984.7s
[TRAIN][PPO] ep=106/500 r=  645.88 avg10=  646.14 steps=1638 succ10=1.00 touch10=1.00 col10=0.00 to10=0.00 min_d= 0.30 avg_spd=1.89m/s end=goal t= 2006.2s
[TRAIN][PPO] ep=107/500 r=  647.31 avg10=  646.70 steps=1631 succ10=1.00 touch10=1.00 col10=0.00 to10=0.00 min_d= 0.30 avg_spd=1.85m/s end=goal t= 2027.4s
[TRAIN][PPO] ep=108/500 r=  649.38 avg10=  646.90 steps=1634 succ10=1.00 touch10=1.00 col10=0.00 to10=0.00 min_d= 0.30 avg_spd=1.86m/s end=goal t= 2050.7s
[TRAIN][PPO] ep=109/500 r=  636.34 avg10=  645.16 steps=1569 succ10=1.00 touch10=1.00 col10=0.00 to10=0.00 min_d= 0.30 avg_spd=1.90m/s end=goal t= 2070.8s
[TRAIN][PPO] ep=110/500 r=  653.17 avg10=  646.08 steps=1656 succ10=1.00 touch10=1.00 col10=0.00 to10=0.00 min_d= 0.30 avg_spd=1.87m/s end=goal t= 2092.0s
[TRAIN][PPO] ep=111/500 r=  637.17 avg10=  645.72 steps=1575 succ10=1.00 touch10=1.00 col10=0.00 to10=0.00 min_d= 0.30 avg_spd=1.91m/s end=goal t= 2111.7s
[TRAIN][PPO] ep=112/500 r=  636.87 avg10=  644.36 steps=1574 succ10=1.00 touch10=1.00 col10=0.00 to10=0.00 min_d= 0.30 avg_spd=1.92m/s end=goal t= 2134.1s
[TRAIN][PPO] ep=113/500 r=  380.76 avg10=  617.63 steps=1468 succ10=0.90 touch10=0.90 col10=0.10 to10=0.00 min_d= 0.95 avg_spd=1.84m/s end=collision t= 2152.7s
[TRAIN][PPO] ep=114/500 r=  634.51 avg10=  616.19 steps=1601 succ10=0.90 touch10=0.90 col10=0.10 to10=0.00 min_d= 0.30 avg_spd=1.88m/s end=goal t= 2173.0s
[TRAIN][PPO] ep=115/500 r=  643.56 avg10=  616.49 steps=1629 succ10=0.90 touch10=0.90 col10=0.10 to10=0.00 min_d= 0.30 avg_spd=1.87m/s end=goal t= 2193.1s
[TRAIN][PPO] ep=116/500 r=  641.48 avg10=  616.05 steps=1609 succ10=0.90 touch10=0.90 col10=0.10 to10=0.00 min_d= 0.30 avg_spd=1.86m/s end=goal t= 2215.9s
[TRAIN][PPO] ep=117/500 r=  636.94 avg10=  615.02 steps=1587 succ10=0.90 touch10=0.90 col10=0.10 to10=0.00 min_d= 0.30 avg_spd=1.89m/s end=goal t= 2235.8s
[TRAIN][PPO] ep=118/500 r=  639.53 avg10=  614.03 steps=1620 succ10=0.90 touch10=0.90 col10=0.10 to10=0.00 min_d= 0.30 avg_spd=1.88m/s end=goal t= 2256.1s
[TRAIN][PPO] ep=119/500 r=  643.01 avg10=  614.70 steps=1676 succ10=0.90 touch10=0.90 col10=0.10 to10=0.00 min_d= 0.30 avg_spd=1.87m/s end=goal t= 2277.9s
[TRAIN][PPO] ep=120/500 r=  652.70 avg10=  614.65 steps=1657 succ10=0.90 touch10=0.90 col10=0.10 to10=0.00 min_d= 0.30 avg_spd=1.86m/s end=goal t= 2302.9s
[TRAIN][PPO] ep=121/500 r=  642.26 avg10=  615.16 steps=1626 succ10=0.90 touch10=0.90 col10=0.10 to10=0.00 min_d= 0.30 avg_spd=1.87m/s end=goal t= 2323.8s
[TRAIN][PPO] ep=122/500 r=  635.24 avg10=  615.00 steps=1587 succ10=0.90 touch10=0.90 col10=0.10 to10=0.00 min_d= 0.30 avg_spd=1.88m/s end=goal t= 2344.4s
[TRAIN][PPO] ep=123/500 r=  644.08 avg10=  641.33 steps=1630 succ10=1.00 touch10=1.00 col10=0.00 to10=0.00 min_d= 0.30 avg_spd=1.90m/s end=goal t= 2365.6s
[TRAIN][PPO] ep=124/500 r=  653.32 avg10=  643.21 steps=1656 succ10=1.00 touch10=1.00 col10=0.00 to10=0.00 min_d= 0.30 avg_spd=1.87m/s end=goal t= 2389.4s
[TRAIN][PPO] ep=125/500 r=  648.21 avg10=  643.68 steps=1658 succ10=1.00 touch10=1.00 col10=0.00 to10=0.00 min_d= 0.30 avg_spd=1.87m/s end=goal t= 2410.8s
[TRAIN][PPO] ep=126/500 r=  638.38 avg10=  643.37 steps=1591 succ10=1.00 touch10=1.00 col10=0.00 to10=0.00 min_d= 0.30 avg_spd=1.89m/s end=goal t= 2431.8s
[TRAIN][PPO] ep=127/500 r=  646.42 avg10=  644.31 steps=1645 succ10=1.00 touch10=1.00 col10=0.00 to10=0.00 min_d= 0.30 avg_spd=1.86m/s end=goal t= 2453.2s
[TRAIN][PPO] ep=128/500 r=  653.43 avg10=  645.71 steps=1653 succ10=1.00 touch10=1.00 col10=0.00 to10=0.00 min_d= 0.30 avg_spd=1.87m/s end=goal t= 2476.7s
[TRAIN][PPO] ep=129/500 r=  643.18 avg10=  645.72 steps=1612 succ10=1.00 touch10=1.00 col10=0.00 to10=0.00 min_d= 0.30 avg_spd=1.89m/s end=goal t= 2497.6s
[TRAIN][PPO] ep=130/500 r=  648.87 avg10=  645.34 steps=1653 succ10=1.00 touch10=1.00 col10=0.00 to10=0.00 min_d= 0.30 avg_spd=1.88m/s end=goal t= 2519.1s
[TRAIN][PPO] ep=131/500 r=  650.25 avg10=  646.14 steps=1616 succ10=1.00 touch10=1.00 col10=0.00 to10=0.00 min_d= 0.30 avg_spd=1.90m/s end=goal t= 2540.4s
[TRAIN][PPO] ep=132/500 r=  644.64 avg10=  647.08 steps=1637 succ10=1.00 touch10=1.00 col10=0.00 to10=0.00 min_d= 0.30 avg_spd=1.88m/s end=goal t= 2564.8s
[TRAIN][PPO] ep=133/500 r=  635.22 avg10=  646.19 steps=1640 succ10=1.00 touch10=1.00 col10=0.00 to10=0.00 min_d= 0.30 avg_spd=1.89m/s end=goal t= 2586.3s
[TRAIN][PPO] ep=134/500 r=  647.81 avg10=  645.64 steps=1641 succ10=1.00 touch10=1.00 col10=0.00 to10=0.00 min_d= 0.30 avg_spd=1.90m/s end=goal t= 2607.8s
[TRAIN][PPO] ep=135/500 r=  637.98 avg10=  644.62 steps=1595 succ10=1.00 touch10=1.00 col10=0.00 to10=0.00 min_d= 0.30 avg_spd=1.86m/s end=goal t= 2628.6s
[TRAIN][PPO] ep=136/500 r=  648.70 avg10=  645.65 steps=1641 succ10=1.00 touch10=1.00 col10=0.00 to10=0.00 min_d= 0.30 avg_spd=1.89m/s end=goal t= 2652.2s
[TRAIN][PPO] ep=137/500 r=  630.93 avg10=  644.10 steps=1592 succ10=1.00 touch10=1.00 col10=0.00 to10=0.00 min_d= 0.30 avg_spd=1.91m/s end=goal t= 2672.7s
[TRAIN][PPO] ep=138/500 r=  637.28 avg10=  642.49 steps=1622 succ10=1.00 touch10=1.00 col10=0.00 to10=0.00 min_d= 0.30 avg_spd=1.87m/s end=goal t= 2693.5s
[TRAIN][PPO] ep=139/500 r=  640.66 avg10=  642.23 steps=1630 succ10=1.00 touch10=1.00 col10=0.00 to10=0.00 min_d= 0.30 avg_spd=1.89m/s end=goal t= 2715.0s
[TRAIN][PPO] ep=140/500 r=  644.21 avg10=  641.77 steps=1628 succ10=1.00 touch10=1.00 col10=0.00 to10=0.00 min_d= 0.30 avg_spd=1.90m/s end=goal t= 2738.4s
[TRAIN][PPO] ep=141/500 r=  646.77 avg10=  641.42 steps=1632 succ10=1.00 touch10=1.00 col10=0.00 to10=0.00 min_d= 0.30 avg_spd=1.90m/s end=goal t= 2759.6s
[TRAIN][PPO] ep=142/500 r=  648.74 avg10=  641.83 steps=1653 succ10=1.00 touch10=1.00 col10=0.00 to10=0.00 min_d= 0.30 avg_spd=1.89m/s end=goal t= 2781.2s
[TRAIN][PPO] ep=143/500 r=  630.96 avg10=  641.41 steps=1575 succ10=1.00 touch10=1.00 col10=0.00 to10=0.00 min_d= 0.30 avg_spd=1.91m/s end=goal t= 2801.5s
[TRAIN][PPO] ep=144/500 r=  647.24 avg10=  641.35 steps=1658 succ10=1.00 touch10=1.00 col10=0.00 to10=0.00 min_d= 0.30 avg_spd=1.86m/s end=goal t= 2826.2s
[TRAIN][PPO] ep=145/500 r=  639.77 avg10=  641.53 steps=1644 succ10=1.00 touch10=1.00 col10=0.00 to10=0.00 min_d= 0.30 avg_spd=1.88m/s end=goal t= 2847.8s
[TRAIN][PPO] ep=146/500 r=  635.58 avg10=  640.22 steps=1593 succ10=1.00 touch10=1.00 col10=0.00 to10=0.00 min_d= 0.30 avg_spd=1.88m/s end=goal t= 2868.8s
[TRAIN][PPO] ep=147/500 r=  648.13 avg10=  641.94 steps=1648 succ10=1.00 touch10=1.00 col10=0.00 to10=0.00 min_d= 0.30 avg_spd=1.89m/s end=goal t= 2890.1s
[TRAIN][PPO] ep=148/500 r=  629.83 avg10=  641.19 steps=1624 succ10=1.00 touch10=1.00 col10=0.00 to10=0.00 min_d= 0.30 avg_spd=1.87m/s end=goal t= 2913.3s
[TRAIN][PPO] ep=149/500 r=  622.40 avg10=  639.36 steps=1555 succ10=1.00 touch10=1.00 col10=0.00 to10=0.00 min_d= 0.30 avg_spd=1.92m/s end=goal t= 2933.4s
[TRAIN][PPO] ep=150/500 r=  646.59 avg10=  639.60 steps=1660 succ10=1.00 touch10=1.00 col10=0.00 to10=0.00 min_d= 0.30 avg_spd=1.89m/s end=goal t= 2955.0s
[TRAIN][PPO] ep=151/500 r=  625.29 avg10=  637.45 steps=1582 succ10=1.00 touch10=1.00 col10=0.00 to10=0.00 min_d= 0.30 avg_spd=1.90m/s end=goal t= 2975.4s
[TRAIN][PPO] ep=152/500 r=  639.15 avg10=  636.50 steps=1608 succ10=1.00 touch10=1.00 col10=0.00 to10=0.00 min_d= 0.30 avg_spd=1.86m/s end=goal t= 2998.4s
[TRAIN][PPO] ep=153/500 r=  656.05 avg10=  639.00 steps=1667 succ10=1.00 touch10=1.00 col10=0.00 to10=0.00 min_d= 0.30 avg_spd=1.86m/s end=goal t= 3020.0s
[TRAIN][PPO] ep=154/500 r=  648.96 avg10=  639.18 steps=1645 succ10=1.00 touch10=1.00 col10=0.00 to10=0.00 min_d= 0.30 avg_spd=1.88m/s end=goal t= 3041.1s
[TRAIN][PPO] ep=155/500 r=  644.25 avg10=  639.62 steps=1644 succ10=1.00 touch10=1.00 col10=0.00 to10=0.00 min_d= 0.30 avg_spd=1.88m/s end=goal t= 3062.8s
[TRAIN][PPO] ep=156/500 r=  642.61 avg10=  640.33 steps=1664 succ10=1.00 touch10=1.00 col10=0.00 to10=0.00 min_d= 0.30 avg_spd=1.86m/s end=goal t= 3086.7s
[TRAIN][PPO] ep=157/500 r=  647.48 avg10=  640.26 steps=1640 succ10=1.00 touch10=1.00 col10=0.00 to10=0.00 min_d= 0.30 avg_spd=1.87m/s end=goal t= 3108.4s
[TRAIN][PPO] ep=158/500 r=  631.75 avg10=  640.45 steps=1588 succ10=1.00 touch10=1.00 col10=0.00 to10=0.00 min_d= 0.30 avg_spd=1.88m/s end=goal t= 3129.0s
[TRAIN][PPO] ep=159/500 r=  632.43 avg10=  641.46 steps=1583 succ10=1.00 touch10=1.00 col10=0.00 to10=0.00 min_d= 0.30 avg_spd=1.88m/s end=goal t= 3150.0s
[TRAIN][PPO] ep=160/500 r=  642.36 avg10=  641.03 steps=1636 succ10=1.00 touch10=1.00 col10=0.00 to10=0.00 min_d= 0.30 avg_spd=1.89m/s end=goal t= 3176.4s
[TRAIN][PPO] ep=161/500 r=  639.33 avg10=  642.44 steps=1610 succ10=1.00 touch10=1.00 col10=0.00 to10=0.00 min_d= 0.30 avg_spd=1.88m/s end=goal t= 3197.5s
[TRAIN][PPO] ep=162/500 r=  640.28 avg10=  642.55 steps=1624 succ10=1.00 touch10=1.00 col10=0.00 to10=0.00 min_d= 0.30 avg_spd=1.90m/s end=goal t= 3218.9s
[TRAIN][PPO] ep=163/500 r=  648.64 avg10=  641.81 steps=1663 succ10=1.00 touch10=1.00 col10=0.00 to10=0.00 min_d= 0.30 avg_spd=1.87m/s end=goal t= 3241.0s
[TRAIN][PPO] ep=164/500 r=  632.43 avg10=  640.15 steps=1581 succ10=1.00 touch10=1.00 col10=0.00 to10=0.00 min_d= 0.30 avg_spd=1.92m/s end=goal t= 3264.1s
[TRAIN][PPO] ep=165/500 r=  632.39 avg10=  638.97 steps=1615 succ10=1.00 touch10=1.00 col10=0.00 to10=0.00 min_d= 0.30 avg_spd=1.88m/s end=goal t= 3285.8s
[TRAIN][PPO] ep=166/500 r=  627.90 avg10=  637.50 steps=1580 succ10=1.00 touch10=1.00 col10=0.00 to10=0.00 min_d= 0.30 avg_spd=1.89m/s end=goal t= 3306.8s
[TRAIN][PPO] ep=167/500 r=  639.80 avg10=  636.73 steps=1610 succ10=1.00 touch10=1.00 col10=0.00 to10=0.00 min_d= 0.30 avg_spd=1.91m/s end=goal t= 3328.5s
[TRAIN][PPO] ep=168/500 r=  638.30 avg10=  637.38 steps=1621 succ10=1.00 touch10=1.00 col10=0.00 to10=0.00 min_d= 0.30 avg_spd=1.88m/s end=goal t= 3352.6s
[TRAIN][PPO] ep=169/500 r=  640.04 avg10=  638.15 steps=1620 succ10=1.00 touch10=1.00 col10=0.00 to10=0.00 min_d= 0.30 avg_spd=1.91m/s end=goal t= 3374.0s
[TRAIN][PPO] ep=170/500 r=  630.17 avg10=  636.93 steps=1590 succ10=1.00 touch10=1.00 col10=0.00 to10=0.00 min_d= 0.30 avg_spd=1.91m/s end=goal t= 3395.1s
[TRAIN][PPO] ep=171/500 r=  640.76 avg10=  637.07 steps=1622 succ10=1.00 touch10=1.00 col10=0.00 to10=0.00 min_d= 0.30 avg_spd=1.90m/s end=goal t= 3416.5s
[TRAIN][PPO] ep=172/500 r=  639.63 avg10=  637.01 steps=1609 succ10=1.00 touch10=1.00 col10=0.00 to10=0.00 min_d= 0.30 avg_spd=1.89m/s end=goal t= 3440.1s
[TRAIN][PPO] ep=173/500 r=  628.14 avg10=  634.96 steps=1584 succ10=1.00 touch10=1.00 col10=0.00 to10=0.00 min_d= 0.30 avg_spd=1.88m/s end=goal t= 3461.4s
[TRAIN][PPO] ep=174/500 r=  627.29 avg10=  634.44 steps=1578 succ10=1.00 touch10=1.00 col10=0.00 to10=0.00 min_d= 0.30 avg_spd=1.90m/s end=goal t= 3482.1s
[TRAIN][PPO] ep=175/500 r=  648.81 avg10=  636.08 steps=1645 succ10=1.00 touch10=1.00 col10=0.00 to10=0.00 min_d= 0.30 avg_spd=1.89m/s end=goal t= 3503.8s
[TRAIN][PPO] ep=176/500 r=  645.64 avg10=  637.86 steps=1652 succ10=1.00 touch10=1.00 col10=0.00 to10=0.00 min_d= 0.30 avg_spd=1.87m/s end=goal t= 3528.2s
[TRAIN][PPO] ep=177/500 r=  642.18 avg10=  638.10 steps=1640 succ10=1.00 touch10=1.00 col10=0.00 to10=0.00 min_d= 0.30 avg_spd=1.90m/s end=goal t= 3550.1s
[TRAIN][PPO] ep=178/500 r=  633.28 avg10=  637.59 steps=1603 succ10=1.00 touch10=1.00 col10=0.00 to10=0.00 min_d= 0.30 avg_spd=1.89m/s end=goal t= 3571.5s
[TRAIN][PPO] ep=179/500 r=  635.03 avg10=  637.09 steps=1585 succ10=1.00 touch10=1.00 col10=0.00 to10=0.00 min_d= 0.30 avg_spd=1.91m/s end=goal t= 3593.0s
[TRAIN][PPO] ep=180/500 r=  636.53 avg10=  637.73 steps=1609 succ10=1.00 touch10=1.00 col10=0.00 to10=0.00 min_d= 0.30 avg_spd=1.90m/s end=goal t= 3618.1s
[TRAIN][PPO] ep=181/500 r=  634.34 avg10=  637.09 steps=1600 succ10=1.00 touch10=1.00 col10=0.00 to10=0.00 min_d= 0.30 avg_spd=1.91m/s end=goal t= 3639.2s
[TRAIN][PPO] ep=182/500 r=  629.53 avg10=  636.08 steps=1596 succ10=1.00 touch10=1.00 col10=0.00 to10=0.00 min_d= 0.30 avg_spd=1.90m/s end=goal t= 3660.4s
[TRAIN][PPO] ep=183/500 r=  642.76 avg10=  637.54 steps=1607 succ10=1.00 touch10=1.00 col10=0.00 to10=0.00 min_d= 0.30 avg_spd=1.90m/s end=goal t= 3682.0s
[TRAIN][PPO] ep=184/500 r=  628.48 avg10=  637.66 steps=1582 succ10=1.00 touch10=1.00 col10=0.00 to10=0.00 min_d= 0.30 avg_spd=1.90m/s end=goal t= 3705.5s
[TRAIN][PPO] ep=185/500 r=  641.33 avg10=  636.91 steps=1615 succ10=1.00 touch10=1.00 col10=0.00 to10=0.00 min_d= 0.30 avg_spd=1.90m/s end=goal t= 3726.6s
[TRAIN][PPO] ep=186/500 r=  622.28 avg10=  634.57 steps=1563 succ10=1.00 touch10=1.00 col10=0.00 to10=0.00 min_d= 0.30 avg_spd=1.93m/s end=goal t= 3747.3s
[TRAIN][PPO] ep=187/500 r=  631.22 avg10=  633.48 steps=1599 succ10=1.00 touch10=1.00 col10=0.00 to10=0.00 min_d= 0.30 avg_spd=1.91m/s end=goal t= 3768.8s
[TRAIN][PPO] ep=188/500 r=  628.73 avg10=  633.02 steps=1587 succ10=1.00 touch10=1.00 col10=0.00 to10=0.00 min_d= 0.30 avg_spd=1.91m/s end=goal t= 3792.2s
[TRAIN][PPO] ep=189/500 r=  622.95 avg10=  631.82 steps=1575 succ10=1.00 touch10=1.00 col10=0.00 to10=0.00 min_d= 0.30 avg_spd=1.91m/s end=goal t= 3813.3s
[TRAIN][PPO] ep=190/500 r=  638.24 avg10=  631.99 steps=1635 succ10=1.00 touch10=1.00 col10=0.00 to10=0.00 min_d= 0.30 avg_spd=1.89m/s end=goal t= 3835.1s
[TRAIN][PPO] ep=191/500 r=  629.53 avg10=  631.51 steps=1575 succ10=1.00 touch10=1.00 col10=0.00 to10=0.00 min_d= 0.30 avg_spd=1.92m/s end=goal t= 3856.0s
[TRAIN][PPO] ep=192/500 r=  644.68 avg10=  633.02 steps=1619 succ10=1.00 touch10=1.00 col10=0.00 to10=0.00 min_d= 0.30 avg_spd=1.89m/s end=goal t= 3880.1s
[TRAIN][PPO] ep=193/500 r=  637.99 avg10=  632.54 steps=1608 succ10=1.00 touch10=1.00 col10=0.00 to10=0.00 min_d= 0.30 avg_spd=1.91m/s end=goal t= 3901.4s
[TRAIN][PPO] ep=194/500 r=  635.80 avg10=  633.27 steps=1598 succ10=1.00 touch10=1.00 col10=0.00 to10=0.00 min_d= 0.30 avg_spd=1.89m/s end=goal t= 3922.3s
[TRAIN][PPO] ep=195/500 r=  634.96 avg10=  632.64 steps=1594 succ10=1.00 touch10=1.00 col10=0.00 to10=0.00 min_d= 0.30 avg_spd=1.92m/s end=goal t= 3943.4s
[TRAIN][PPO] ep=196/500 r=  642.58 avg10=  634.67 steps=1619 succ10=1.00 touch10=1.00 col10=0.00 to10=0.00 min_d= 0.30 avg_spd=1.90m/s end=goal t= 3966.9s
[TRAIN][PPO] ep=197/500 r=  631.03 avg10=  634.65 steps=1578 succ10=1.00 touch10=1.00 col10=0.00 to10=0.00 min_d= 0.30 avg_spd=1.90m/s end=goal t= 3987.6s
[TRAIN][PPO] ep=198/500 r=  647.34 avg10=  636.51 steps=1629 succ10=1.00 touch10=1.00 col10=0.00 to10=0.00 min_d= 0.30 avg_spd=1.89m/s end=goal t= 4009.2s
[TRAIN][PPO] ep=199/500 r=  641.21 avg10=  638.34 steps=1605 succ10=1.00 touch10=1.00 col10=0.00 to10=0.00 min_d= 0.30 avg_spd=1.90m/s end=goal t= 4030.3s
[TRAIN][PPO] ep=200/500 r=  630.95 avg10=  637.61 steps=1597 succ10=1.00 touch10=1.00 col10=0.00 to10=0.00 min_d= 0.30 avg_spd=1.90m/s end=goal t= 4053.6s ckpt=latest
[TRAIN][PPO] ep=201/500 r=  646.48 avg10=  639.30 steps=1638 succ10=1.00 touch10=1.00 col10=0.00 to10=0.00 min_d= 0.30 avg_spd=1.89m/s end=goal t= 4074.8s
[TRAIN][PPO] ep=202/500 r=  628.46 avg10=  637.68 steps=1566 succ10=1.00 touch10=1.00 col10=0.00 to10=0.00 min_d= 0.30 avg_spd=1.92m/s end=goal t= 4095.3s
[TRAIN][PPO] ep=203/500 r=  631.53 avg10=  637.03 steps=1599 succ10=1.00 touch10=1.00 col10=0.00 to10=0.00 min_d= 0.30 avg_spd=1.89m/s end=goal t= 4115.9s
[TRAIN][PPO] ep=204/500 r=  629.18 avg10=  636.37 steps=1578 succ10=1.00 touch10=1.00 col10=0.00 to10=0.00 min_d= 0.30 avg_spd=1.91m/s end=goal t= 4139.0s
[TRAIN][PPO] ep=205/500 r=  625.92 avg10=  635.47 steps=1565 succ10=1.00 touch10=1.00 col10=0.00 to10=0.00 min_d= 0.30 avg_spd=1.90m/s end=goal t= 4159.4s
[TRAIN][PPO] ep=206/500 r=  633.95 avg10=  634.60 steps=1594 succ10=1.00 touch10=1.00 col10=0.00 to10=0.00 min_d= 0.30 avg_spd=1.92m/s end=goal t= 4180.3s
[TRAIN][PPO] ep=207/500 r=  625.97 avg10=  634.10 steps=1556 succ10=1.00 touch10=1.00 col10=0.00 to10=0.00 min_d= 0.30 avg_spd=1.93m/s end=goal t= 4200.3s
[TRAIN][PPO] ep=208/500 r=  629.27 avg10=  632.29 steps=1570 succ10=1.00 touch10=1.00 col10=0.00 to10=0.00 min_d= 0.30 avg_spd=1.91m/s end=goal t= 4222.8s
[TRAIN][PPO] ep=209/500 r=  629.38 avg10=  631.11 steps=1573 succ10=1.00 touch10=1.00 col10=0.00 to10=0.00 min_d= 0.30 avg_spd=1.91m/s end=goal t= 4243.2s
[TRAIN][PPO] ep=210/500 r=  643.27 avg10=  632.34 steps=1647 succ10=1.00 touch10=1.00 col10=0.00 to10=0.00 min_d= 0.30 avg_spd=1.89m/s end=goal t= 4264.4s
[TRAIN][PPO] ep=211/500 r=  631.14 avg10=  630.81 steps=1591 succ10=1.00 touch10=1.00 col10=0.00 to10=0.00 min_d= 0.30 avg_spd=1.92m/s end=goal t= 4284.9s
[TRAIN][PPO] ep=212/500 r=  622.25 avg10=  630.18 steps=1550 succ10=1.00 touch10=1.00 col10=0.00 to10=0.00 min_d= 0.30 avg_spd=1.93m/s end=goal t= 4307.1s
[TRAIN][PPO] ep=213/500 r=  638.62 avg10=  630.89 steps=1613 succ10=1.00 touch10=1.00 col10=0.00 to10=0.00 min_d= 0.30 avg_spd=1.91m/s end=goal t= 4327.9s
[TRAIN][PPO] ep=214/500 r=  632.43 avg10=  631.22 steps=1581 succ10=1.00 touch10=1.00 col10=0.00 to10=0.00 min_d= 0.30 avg_spd=1.92m/s end=goal t= 4348.2s
[TRAIN][PPO] ep=215/500 r=  638.34 avg10=  632.46 steps=1606 succ10=1.00 touch10=1.00 col10=0.00 to10=0.00 min_d= 0.30 avg_spd=1.92m/s end=goal t= 4369.1s
[TRAIN][PPO] ep=216/500 r=  629.27 avg10=  631.99 steps=1570 succ10=1.00 touch10=1.00 col10=0.00 to10=0.00 min_d= 0.30 avg_spd=1.93m/s end=goal t= 4391.5s
[TRAIN][PPO] ep=217/500 r=  638.97 avg10=  633.29 steps=1615 succ10=1.00 touch10=1.00 col10=0.00 to10=0.00 min_d= 0.30 avg_spd=1.92m/s end=goal t= 4412.6s
[TRAIN][PPO] ep=218/500 r=  624.67 avg10=  632.83 steps=1546 succ10=1.00 touch10=1.00 col10=0.00 to10=0.00 min_d= 0.30 avg_spd=1.91m/s end=goal t= 4432.6s
[TRAIN][PPO] ep=219/500 r=  639.87 avg10=  633.88 steps=1607 succ10=1.00 touch10=1.00 col10=0.00 to10=0.00 min_d= 0.30 avg_spd=1.93m/s end=goal t= 4453.2s
[TRAIN][PPO] ep=220/500 r=  631.61 avg10=  632.72 steps=1585 succ10=1.00 touch10=1.00 col10=0.00 to10=0.00 min_d= 0.30 avg_spd=1.92m/s end=goal t= 4476.3s
[TRAIN][PPO] ep=221/500 r=  626.06 avg10=  632.21 steps=1557 succ10=1.00 touch10=1.00 col10=0.00 to10=0.00 min_d= 0.30 avg_spd=1.94m/s end=goal t= 4496.3s
[TRAIN][PPO] ep=222/500 r=  625.94 avg10=  632.58 steps=1565 succ10=1.00 touch10=1.00 col10=0.00 to10=0.00 min_d= 0.30 avg_spd=1.93m/s end=goal t= 4516.9s
[TRAIN][PPO] ep=223/500 r=  637.99 avg10=  632.52 steps=1602 succ10=1.00 touch10=1.00 col10=0.00 to10=0.00 min_d= 0.30 avg_spd=1.94m/s end=goal t= 4537.8s
[TRAIN][PPO] ep=224/500 r=  635.17 avg10=  632.79 steps=1597 succ10=1.00 touch10=1.00 col10=0.00 to10=0.00 min_d= 0.30 avg_spd=1.92m/s end=goal t= 4561.7s
[TRAIN][PPO] ep=225/500 r=  620.25 avg10=  630.98 steps=1542 succ10=1.00 touch10=1.00 col10=0.00 to10=0.00 min_d= 0.30 avg_spd=1.92m/s end=goal t= 4581.8s
[TRAIN][PPO] ep=226/500 r=  621.98 avg10=  630.25 steps=1564 succ10=1.00 touch10=1.00 col10=0.00 to10=0.00 min_d= 0.30 avg_spd=1.92m/s end=goal t= 4602.2s
[TRAIN][PPO] ep=227/500 r=  634.35 avg10=  629.79 steps=1597 succ10=1.00 touch10=1.00 col10=0.00 to10=0.00 min_d= 0.30 avg_spd=1.91m/s end=goal t= 4623.2s
[TRAIN][PPO] ep=228/500 r=  635.00 avg10=  630.82 steps=1600 succ10=1.00 touch10=1.00 col10=0.00 to10=0.00 min_d= 0.30 avg_spd=1.92m/s end=goal t= 4646.7s
[TRAIN][PPO] ep=229/500 r=  625.37 avg10=  629.37 steps=1563 succ10=1.00 touch10=1.00 col10=0.00 to10=0.00 min_d= 0.30 avg_spd=1.94m/s end=goal t= 4667.1s
[TRAIN][PPO] ep=230/500 r=  645.27 avg10=  630.74 steps=1646 succ10=1.00 touch10=1.00 col10=0.00 to10=0.00 min_d= 0.30 avg_spd=1.91m/s end=goal t= 4688.3s
[TRAIN][PPO] ep=231/500 r=  636.41 avg10=  631.77 steps=1583 succ10=1.00 touch10=1.00 col10=0.00 to10=0.00 min_d= 0.30 avg_spd=1.93m/s end=goal t= 4708.8s
[TRAIN][PPO] ep=232/500 r=  632.50 avg10=  632.43 steps=1584 succ10=1.00 touch10=1.00 col10=0.00 to10=0.00 min_d= 0.30 avg_spd=1.94m/s end=goal t= 4731.5s
[TRAIN][PPO] ep=233/500 r=  636.70 avg10=  632.30 steps=1580 succ10=1.00 touch10=1.00 col10=0.00 to10=0.00 min_d= 0.30 avg_spd=1.93m/s end=goal t= 4751.9s
[TRAIN][PPO] ep=234/500 r=  624.25 avg10=  631.21 steps=1548 succ10=1.00 touch10=1.00 col10=0.00 to10=0.00 min_d= 0.30 avg_spd=1.94m/s end=goal t= 4772.1s
[TRAIN][PPO] ep=235/500 r=  632.15 avg10=  632.40 steps=1589 succ10=1.00 touch10=1.00 col10=0.00 to10=0.00 min_d= 0.30 avg_spd=1.92m/s end=goal t= 4792.7s
[TRAIN][PPO] ep=236/500 r=  633.36 avg10=  633.54 steps=1590 succ10=1.00 touch10=1.00 col10=0.00 to10=0.00 min_d= 0.30 avg_spd=1.93m/s end=goal t= 4815.6s
[TRAIN][PPO] ep=237/500 r=  630.94 avg10=  633.20 steps=1574 succ10=1.00 touch10=1.00 col10=0.00 to10=0.00 min_d= 0.30 avg_spd=1.93m/s end=goal t= 4836.0s
[TRAIN][PPO] ep=238/500 r=  624.55 avg10=  632.15 steps=1572 succ10=1.00 touch10=1.00 col10=0.00 to10=0.00 min_d= 0.30 avg_spd=1.92m/s end=goal t= 4855.5s
[TRAIN][PPO] ep=239/500 r=  630.03 avg10=  632.62 steps=1580 succ10=1.00 touch10=1.00 col10=0.00 to10=0.00 min_d= 0.30 avg_spd=1.93m/s end=goal t= 4875.2s
[TRAIN][PPO] ep=240/500 r=  629.25 avg10=  631.01 steps=1579 succ10=1.00 touch10=1.00 col10=0.00 to10=0.00 min_d= 0.30 avg_spd=1.94m/s end=goal t= 4897.0s
[TRAIN][PPO] ep=241/500 r=  622.04 avg10=  629.58 steps=1544 succ10=1.00 touch10=1.00 col10=0.00 to10=0.00 min_d= 0.30 avg_spd=1.94m/s end=goal t= 4916.9s
[TRAIN][PPO] ep=242/500 r=  623.52 avg10=  628.68 steps=1539 succ10=1.00 touch10=1.00 col10=0.00 to10=0.00 min_d= 0.30 avg_spd=1.93m/s end=goal t= 4936.3s
[TRAIN][PPO] ep=243/500 r=  621.58 avg10=  627.17 steps=1551 succ10=1.00 touch10=1.00 col10=0.00 to10=0.00 min_d= 0.30 avg_spd=1.92m/s end=goal t= 4956.7s
[TRAIN][PPO] ep=244/500 r=  627.08 avg10=  627.45 steps=1568 succ10=1.00 touch10=1.00 col10=0.00 to10=0.00 min_d= 0.30 avg_spd=1.91m/s end=goal t= 4979.2s
[TRAIN][PPO] ep=245/500 r=  626.89 avg10=  626.92 steps=1587 succ10=1.00 touch10=1.00 col10=0.00 to10=0.00 min_d= 0.30 avg_spd=1.93m/s end=goal t= 4999.6s
[TRAIN][PPO] ep=246/500 r=  621.96 avg10=  625.78 steps=1573 succ10=1.00 touch10=1.00 col10=0.00 to10=0.00 min_d= 0.30 avg_spd=1.92m/s end=goal t= 5019.1s
[TRAIN][PPO] ep=247/500 r=  641.12 avg10=  626.80 steps=1633 succ10=1.00 touch10=1.00 col10=0.00 to10=0.00 min_d= 0.30 avg_spd=1.91m/s end=goal t= 5040.2s
[TRAIN][PPO] ep=248/500 r=  638.38 avg10=  628.19 steps=1623 succ10=1.00 touch10=1.00 col10=0.00 to10=0.00 min_d= 0.30 avg_spd=1.93m/s end=goal t= 5063.8s
[TRAIN][PPO] ep=249/500 r=  632.78 avg10=  628.46 steps=1581 succ10=1.00 touch10=1.00 col10=0.00 to10=0.00 min_d= 0.30 avg_spd=1.93m/s end=goal t= 5083.6s
[TRAIN][PPO] ep=250/500 r=  635.79 avg10=  629.11 steps=1598 succ10=1.00 touch10=1.00 col10=0.00 to10=0.00 min_d= 0.30 avg_spd=1.91m/s end=goal t= 5104.5s
[TRAIN][PPO] ep=251/500 r=  621.13 avg10=  629.02 steps=1562 succ10=1.00 touch10=1.00 col10=0.00 to10=0.00 min_d= 0.30 avg_spd=1.93m/s end=goal t= 5124.4s
[TRAIN][PPO] ep=252/500 r=  633.09 avg10=  629.98 steps=1593 succ10=1.00 touch10=1.00 col10=0.00 to10=0.00 min_d= 0.30 avg_spd=1.92m/s end=goal t= 5147.1s
[TRAIN][PPO] ep=253/500 r=  637.08 avg10=  631.53 steps=1622 succ10=1.00 touch10=1.00 col10=0.00 to10=0.00 min_d= 0.30 avg_spd=1.90m/s end=goal t= 5168.3s
[TRAIN][PPO] ep=254/500 r=  633.40 avg10=  632.16 steps=1579 succ10=1.00 touch10=1.00 col10=0.00 to10=0.00 min_d= 0.30 avg_spd=1.93m/s end=goal t= 5189.1s
[TRAIN][PPO] ep=255/500 r=  647.89 avg10=  634.26 steps=1634 succ10=1.00 touch10=1.00 col10=0.00 to10=0.00 min_d= 0.30 avg_spd=1.89m/s end=goal t= 5210.5s
[TRAIN][PPO] ep=256/500 r=  621.93 avg10=  634.26 steps=1556 succ10=1.00 touch10=1.00 col10=0.00 to10=0.00 min_d= 0.30 avg_spd=1.93m/s end=goal t= 5233.6s
[TRAIN][PPO] ep=257/500 r=  627.31 avg10=  632.88 steps=1571 succ10=1.00 touch10=1.00 col10=0.00 to10=0.00 min_d= 0.30 avg_spd=1.92m/s end=goal t= 5254.3s
[TRAIN][PPO] ep=258/500 r=  627.89 avg10=  631.83 steps=1567 succ10=1.00 touch10=1.00 col10=0.00 to10=0.00 min_d= 0.30 avg_spd=1.92m/s end=goal t= 5274.7s
[TRAIN][PPO] ep=259/500 r=  634.47 avg10=  632.00 steps=1586 succ10=1.00 touch10=1.00 col10=0.00 to10=0.00 min_d= 0.30 avg_spd=1.93m/s end=goal t= 5295.1s
[TRAIN][PPO] ep=260/500 r=  636.94 avg10=  632.11 steps=1600 succ10=1.00 touch10=1.00 col10=0.00 to10=0.00 min_d= 0.30 avg_spd=1.91m/s end=goal t= 5317.9s
[TRAIN][PPO] ep=261/500 r=  615.62 avg10=  631.56 steps=1526 succ10=1.00 touch10=1.00 col10=0.00 to10=0.00 min_d= 0.30 avg_spd=1.95m/s end=goal t= 5337.8s
[TRAIN][PPO] ep=262/500 r=  618.53 avg10=  630.11 steps=1543 succ10=1.00 touch10=1.00 col10=0.00 to10=0.00 min_d= 0.30 avg_spd=1.94m/s end=goal t= 5357.5s
[TRAIN][PPO] ep=263/500 r=  622.12 avg10=  628.61 steps=1556 succ10=1.00 touch10=1.00 col10=0.00 to10=0.00 min_d= 0.30 avg_spd=1.93m/s end=goal t= 5377.7s
[TRAIN][PPO] ep=264/500 r=  630.11 avg10=  628.28 steps=1576 succ10=1.00 touch10=1.00 col10=0.00 to10=0.00 min_d= 0.30 avg_spd=1.94m/s end=goal t= 5401.1s
[TRAIN][PPO] ep=265/500 r=  623.48 avg10=  625.84 steps=1554 succ10=1.00 touch10=1.00 col10=0.00 to10=0.00 min_d= 0.30 avg_spd=1.93m/s end=goal t= 5421.3s
[TRAIN][PPO] ep=266/500 r=  630.57 avg10=  626.71 steps=1604 succ10=1.00 touch10=1.00 col10=0.00 to10=0.00 min_d= 0.30 avg_spd=1.92m/s end=goal t= 5442.2s
[TRAIN][PPO] ep=267/500 r=  633.84 avg10=  627.36 steps=1601 succ10=1.00 touch10=1.00 col10=0.00 to10=0.00 min_d= 0.30 avg_spd=1.93m/s end=goal t= 5462.9s
[TRAIN][PPO] ep=268/500 r=  625.88 avg10=  627.16 steps=1570 succ10=1.00 touch10=1.00 col10=0.00 to10=0.00 min_d= 0.30 avg_spd=1.94m/s end=goal t= 5485.2s
[TRAIN][PPO] ep=269/500 r=  620.93 avg10=  625.80 steps=1555 succ10=1.00 touch10=1.00 col10=0.00 to10=0.00 min_d= 0.30 avg_spd=1.95m/s end=goal t= 5505.4s
[TRAIN][PPO] ep=270/500 r=  642.97 avg10=  626.41 steps=1630 succ10=1.00 touch10=1.00 col10=0.00 to10=0.00 min_d= 0.30 avg_spd=1.91m/s end=goal t= 5526.5s
[TRAIN][PPO] ep=271/500 r=  626.29 avg10=  627.47 steps=1575 succ10=1.00 touch10=1.00 col10=0.00 to10=0.00 min_d= 0.30 avg_spd=1.95m/s end=goal t= 5547.0s
[TRAIN][PPO] ep=272/500 r=  634.29 avg10=  629.05 steps=1584 succ10=1.00 touch10=1.00 col10=0.00 to10=0.00 min_d= 0.30 avg_spd=1.93m/s end=goal t= 5569.4s
[TRAIN][PPO] ep=273/500 r=  621.57 avg10=  628.99 steps=1552 succ10=1.00 touch10=1.00 col10=0.00 to10=0.00 min_d= 0.30 avg_spd=1.94m/s end=goal t= 5589.4s
[TRAIN][PPO] ep=274/500 r=  619.67 avg10=  627.95 steps=1537 succ10=1.00 touch10=1.00 col10=0.00 to10=0.00 min_d= 0.30 avg_spd=1.96m/s end=goal t= 5609.5s
[TRAIN][PPO] ep=275/500 r=  627.77 avg10=  628.38 steps=1584 succ10=1.00 touch10=1.00 col10=0.00 to10=0.00 min_d= 0.30 avg_spd=1.93m/s end=goal t= 5629.8s
[TRAIN][PPO] ep=276/500 r=  626.50 avg10=  627.97 steps=1577 succ10=1.00 touch10=1.00 col10=0.00 to10=0.00 min_d= 0.30 avg_spd=1.93m/s end=goal t= 5652.9s
[TRAIN][PPO] ep=277/500 r=  626.72 avg10=  627.26 steps=1571 succ10=1.00 touch10=1.00 col10=0.00 to10=0.00 min_d= 0.30 avg_spd=1.92m/s end=goal t= 5673.4s
[TRAIN][PPO] ep=278/500 r=  623.46 avg10=  627.02 steps=1572 succ10=1.00 touch10=1.00 col10=0.00 to10=0.00 min_d= 0.30 avg_spd=1.95m/s end=goal t= 5693.6s
[TRAIN][PPO] ep=279/500 r=  627.71 avg10=  627.70 steps=1571 succ10=1.00 touch10=1.00 col10=0.00 to10=0.00 min_d= 0.30 avg_spd=1.94m/s end=goal t= 5714.0s
[TRAIN][PPO] ep=280/500 r=  638.46 avg10=  627.24 steps=1599 succ10=1.00 touch10=1.00 col10=0.00 to10=0.00 min_d= 0.30 avg_spd=1.92m/s end=goal t= 5736.7s
[TRAIN][PPO] ep=281/500 r=  619.63 avg10=  626.58 steps=1547 succ10=1.00 touch10=1.00 col10=0.00 to10=0.00 min_d= 0.30 avg_spd=1.93m/s end=goal t= 5756.7s
[TRAIN][PPO] ep=282/500 r=  625.75 avg10=  625.72 steps=1558 succ10=1.00 touch10=1.00 col10=0.00 to10=0.00 min_d= 0.30 avg_spd=1.93m/s end=goal t= 5776.6s
[TRAIN][PPO] ep=283/500 r=  629.79 avg10=  626.55 steps=1583 succ10=1.00 touch10=1.00 col10=0.00 to10=0.00 min_d= 0.30 avg_spd=1.94m/s end=goal t= 5797.0s
[TRAIN][PPO] ep=284/500 r=  623.98 avg10=  626.98 steps=1559 succ10=1.00 touch10=1.00 col10=0.00 to10=0.00 min_d= 0.30 avg_spd=1.94m/s end=goal t= 5819.5s
[TRAIN][PPO] ep=285/500 r=  613.42 avg10=  625.54 steps=1554 succ10=1.00 touch10=1.00 col10=0.00 to10=0.00 min_d= 0.30 avg_spd=1.94m/s end=goal t= 5839.6s
[TRAIN][PPO] ep=286/500 r=  631.73 avg10=  626.06 steps=1579 succ10=1.00 touch10=1.00 col10=0.00 to10=0.00 min_d= 0.30 avg_spd=1.95m/s end=goal t= 5860.0s
[TRAIN][PPO] ep=287/500 r=  626.85 avg10=  626.08 steps=1573 succ10=1.00 touch10=1.00 col10=0.00 to10=0.00 min_d= 0.30 avg_spd=1.94m/s end=goal t= 5880.2s
[TRAIN][PPO] ep=288/500 r=  616.63 avg10=  625.39 steps=1560 succ10=1.00 touch10=1.00 col10=0.00 to10=0.00 min_d= 0.30 avg_spd=1.94m/s end=goal t= 5902.7s
[TRAIN][PPO] ep=289/500 r=  620.66 avg10=  624.69 steps=1569 succ10=1.00 touch10=1.00 col10=0.00 to10=0.00 min_d= 0.30 avg_spd=1.92m/s end=goal t= 5923.2s
[TRAIN][PPO] ep=290/500 r=  631.11 avg10=  623.95 steps=1577 succ10=1.00 touch10=1.00 col10=0.00 to10=0.00 min_d= 0.30 avg_spd=1.96m/s end=goal t= 5943.9s
[TRAIN][PPO] ep=291/500 r=  626.84 avg10=  624.68 steps=1586 succ10=1.00 touch10=1.00 col10=0.00 to10=0.00 min_d= 0.30 avg_spd=1.96m/s end=goal t= 5964.7s
[TRAIN][PPO] ep=292/500 r=  629.28 avg10=  625.03 steps=1569 succ10=1.00 touch10=1.00 col10=0.00 to10=0.00 min_d= 0.30 avg_spd=1.95m/s end=goal t= 5987.3s
[TRAIN][PPO] ep=293/500 r=  615.79 avg10=  623.63 steps=1542 succ10=1.00 touch10=1.00 col10=0.00 to10=0.00 min_d= 0.30 avg_spd=1.96m/s end=goal t= 6007.2s
[TRAIN][PPO] ep=294/500 r=  622.98 avg10=  623.53 steps=1561 succ10=1.00 touch10=1.00 col10=0.00 to10=0.00 min_d= 0.30 avg_spd=1.93m/s end=goal t= 6027.8s
[TRAIN][PPO] ep=295/500 r=  622.19 avg10=  624.41 steps=1571 succ10=1.00 touch10=1.00 col10=0.00 to10=0.00 min_d= 0.30 avg_spd=1.95m/s end=goal t= 6048.3s
[TRAIN][PPO] ep=296/500 r=  617.85 avg10=  623.02 steps=1544 succ10=1.00 touch10=1.00 col10=0.00 to10=0.00 min_d= 0.30 avg_spd=1.96m/s end=goal t= 6070.8s
[TRAIN][PPO] ep=297/500 r=  622.81 avg10=  622.61 steps=1543 succ10=1.00 touch10=1.00 col10=0.00 to10=0.00 min_d= 0.30 avg_spd=1.96m/s end=goal t= 6090.9s
[TRAIN][PPO] ep=298/500 r=  621.46 avg10=  623.10 steps=1554 succ10=1.00 touch10=1.00 col10=0.00 to10=0.00 min_d= 0.30 avg_spd=1.93m/s end=goal t= 6111.2s
[TRAIN][PPO] ep=299/500 r=  622.93 avg10=  623.32 steps=1553 succ10=1.00 touch10=1.00 col10=0.00 to10=0.00 min_d= 0.30 avg_spd=1.95m/s end=goal t= 6131.5s
[TRAIN][PPO] ep=300/500 r=  624.01 avg10=  622.61 steps=1574 succ10=1.00 touch10=1.00 col10=0.00 to10=0.00 min_d= 0.30 avg_spd=1.96m/s end=goal t= 6156.0s ckpt=latest
[TRAIN][PPO] ep=301/500 r=  614.83 avg10=  621.41 steps=1523 succ10=1.00 touch10=1.00 col10=0.00 to10=0.00 min_d= 0.30 avg_spd=1.95m/s end=goal t= 6175.6s
[TRAIN][PPO] ep=302/500 r=  611.66 avg10=  619.65 steps=1504 succ10=1.00 touch10=1.00 col10=0.00 to10=0.00 min_d= 0.30 avg_spd=1.96m/s end=goal t= 6195.3s
[TRAIN][PPO] ep=303/500 r=  631.31 avg10=  621.20 steps=1575 succ10=1.00 touch10=1.00 col10=0.00 to10=0.00 min_d= 0.30 avg_spd=1.96m/s end=goal t= 6215.9s
[TRAIN][PPO] ep=304/500 r=  626.63 avg10=  621.57 steps=1584 succ10=1.00 touch10=1.00 col10=0.00 to10=0.00 min_d= 0.30 avg_spd=1.93m/s end=goal t= 6241.0s
[TRAIN][PPO] ep=305/500 r=  627.22 avg10=  622.07 steps=1566 succ10=1.00 touch10=1.00 col10=0.00 to10=0.00 min_d= 0.30 avg_spd=1.95m/s end=goal t= 6261.6s
[TRAIN][PPO] ep=306/500 r=  622.07 avg10=  622.49 steps=1547 succ10=1.00 touch10=1.00 col10=0.00 to10=0.00 min_d= 0.30 avg_spd=1.96m/s end=goal t= 6280.8s
[TRAIN][PPO] ep=307/500 r=  634.00 avg10=  623.61 steps=1572 succ10=1.00 touch10=1.00 col10=0.00 to10=0.00 min_d= 0.30 avg_spd=1.93m/s end=goal t= 6300.0s
[TRAIN][PPO] ep=308/500 r=  626.42 avg10=  624.11 steps=1572 succ10=1.00 touch10=1.00 col10=0.00 to10=0.00 min_d= 0.30 avg_spd=1.94m/s end=goal t= 6321.2s
[TRAIN][PPO] ep=309/500 r=  615.78 avg10=  623.39 steps=1524 succ10=1.00 touch10=1.00 col10=0.00 to10=0.00 min_d= 0.30 avg_spd=1.98m/s end=goal t= 6340.8s
[TRAIN][PPO] ep=310/500 r=  626.66 avg10=  623.66 steps=1564 succ10=1.00 touch10=1.00 col10=0.00 to10=0.00 min_d= 0.30 avg_spd=1.97m/s end=goal t= 6361.0s
[TRAIN][PPO] ep=311/500 r=  625.55 avg10=  624.73 steps=1574 succ10=1.00 touch10=1.00 col10=0.00 to10=0.00 min_d= 0.30 avg_spd=1.96m/s end=goal t= 6381.4s
[TRAIN][PPO] ep=312/500 r=  633.33 avg10=  626.90 steps=1575 succ10=1.00 touch10=1.00 col10=0.00 to10=0.00 min_d= 0.30 avg_spd=1.95m/s end=goal t= 6403.2s
[TRAIN][PPO] ep=313/500 r=  612.00 avg10=  624.96 steps=1509 succ10=1.00 touch10=1.00 col10=0.00 to10=0.00 min_d= 0.30 avg_spd=1.98m/s end=goal t= 6422.8s
[TRAIN][PPO] ep=314/500 r=  623.44 avg10=  624.65 steps=1555 succ10=1.00 touch10=1.00 col10=0.00 to10=0.00 min_d= 0.30 avg_spd=1.96m/s end=goal t= 6443.2s
[TRAIN][PPO] ep=315/500 r=  615.38 avg10=  623.46 steps=1523 succ10=1.00 touch10=1.00 col10=0.00 to10=0.00 min_d= 0.30 avg_spd=1.96m/s end=goal t= 6462.9s
[TRAIN][PPO] ep=316/500 r=  630.43 avg10=  624.30 steps=1558 succ10=1.00 touch10=1.00 col10=0.00 to10=0.00 min_d= 0.30 avg_spd=1.97m/s end=goal t= 6484.8s
[TRAIN][PPO] ep=317/500 r=  617.03 avg10=  622.60 steps=1520 succ10=1.00 touch10=1.00 col10=0.00 to10=0.00 min_d= 0.30 avg_spd=1.97m/s end=goal t= 6504.2s
[TRAIN][PPO] ep=318/500 r=  637.74 avg10=  623.73 steps=1580 succ10=1.00 touch10=1.00 col10=0.00 to10=0.00 min_d= 0.30 avg_spd=1.95m/s end=goal t= 6524.5s
[TRAIN][PPO] ep=319/500 r=  625.64 avg10=  624.72 steps=1548 succ10=1.00 touch10=1.00 col10=0.00 to10=0.00 min_d= 0.30 avg_spd=1.96m/s end=goal t= 6543.4s
[TRAIN][PPO] ep=320/500 r=  610.85 avg10=  623.14 steps=1512 succ10=1.00 touch10=1.00 col10=0.00 to10=0.00 min_d= 0.30 avg_spd=1.96m/s end=goal t= 6564.6s
[TRAIN][PPO] ep=321/500 r=  611.10 avg10=  621.70 steps=1514 succ10=1.00 touch10=1.00 col10=0.00 to10=0.00 min_d= 0.30 avg_spd=1.96m/s end=goal t= 6584.1s
[TRAIN][PPO] ep=322/500 r=  629.01 avg10=  621.26 steps=1577 succ10=1.00 touch10=1.00 col10=0.00 to10=0.00 min_d= 0.30 avg_spd=1.93m/s end=goal t= 6603.3s
[TRAIN][PPO] ep=323/500 r=  623.81 avg10=  622.44 steps=1556 succ10=1.00 touch10=1.00 col10=0.00 to10=0.00 min_d= 0.30 avg_spd=1.96m/s end=goal t= 6622.8s
[TRAIN][PPO] ep=324/500 r=  618.36 avg10=  621.94 steps=1538 succ10=1.00 touch10=1.00 col10=0.00 to10=0.00 min_d= 0.30 avg_spd=1.98m/s end=goal t= 6644.9s
[TRAIN][PPO] ep=325/500 r=  622.08 avg10=  622.61 steps=1533 succ10=1.00 touch10=1.00 col10=0.00 to10=0.00 min_d= 0.30 avg_spd=1.98m/s end=goal t= 6664.4s
[TRAIN][PPO] ep=326/500 r=  624.79 avg10=  622.04 steps=1545 succ10=1.00 touch10=1.00 col10=0.00 to10=0.00 min_d= 0.30 avg_spd=1.97m/s end=goal t= 6684.1s
[TRAIN][PPO] ep=327/500 r=  629.05 avg10=  623.24 steps=1564 succ10=1.00 touch10=1.00 col10=0.00 to10=0.00 min_d= 0.30 avg_spd=1.97m/s end=goal t= 6703.7s
[TRAIN][PPO] ep=328/500 r=  623.14 avg10=  621.78 steps=1542 succ10=1.00 touch10=1.00 col10=0.00 to10=0.00 min_d= 0.30 avg_spd=1.97m/s end=goal t= 6725.5s
[TRAIN][PPO] ep=329/500 r=  635.93 avg10=  622.81 steps=1603 succ10=1.00 touch10=1.00 col10=0.00 to10=0.00 min_d= 0.30 avg_spd=1.94m/s end=goal t= 6746.4s
[TRAIN][PPO] ep=330/500 r=  621.58 avg10=  623.89 steps=1532 succ10=1.00 touch10=1.00 col10=0.00 to10=0.00 min_d= 0.30 avg_spd=1.95m/s end=goal t= 6766.3s
[TRAIN][PPO] ep=331/500 r=  629.13 avg10=  625.69 steps=1576 succ10=1.00 touch10=1.00 col10=0.00 to10=0.00 min_d= 0.30 avg_spd=1.94m/s end=goal t= 6786.3s
[TRAIN][PPO] ep=332/500 r=  619.80 avg10=  624.77 steps=1534 succ10=1.00 touch10=1.00 col10=0.00 to10=0.00 min_d= 0.30 avg_spd=1.98m/s end=goal t= 6808.2s
[TRAIN][PPO] ep=333/500 r=  615.24 avg10=  623.91 steps=1526 succ10=1.00 touch10=1.00 col10=0.00 to10=0.00 min_d= 0.30 avg_spd=1.96m/s end=goal t= 6827.8s
[TRAIN][PPO] ep=334/500 r=  614.46 avg10=  623.52 steps=1510 succ10=1.00 touch10=1.00 col10=0.00 to10=0.00 min_d= 0.30 avg_spd=1.97m/s end=goal t= 6847.3s
[TRAIN][PPO] ep=335/500 r=  623.59 avg10=  623.67 steps=1535 succ10=1.00 touch10=1.00 col10=0.00 to10=0.00 min_d= 0.30 avg_spd=1.98m/s end=goal t= 6866.9s
[TRAIN][PPO] ep=336/500 r=  637.92 avg10=  624.98 steps=1593 succ10=1.00 touch10=1.00 col10=0.00 to10=0.00 min_d= 0.30 avg_spd=1.94m/s end=goal t= 6889.3s
[TRAIN][PPO] ep=337/500 r=  621.89 avg10=  624.27 steps=1538 succ10=1.00 touch10=1.00 col10=0.00 to10=0.00 min_d= 0.30 avg_spd=1.97m/s end=goal t= 6909.1s
[TRAIN][PPO] ep=338/500 r=  620.19 avg10=  623.97 steps=1536 succ10=1.00 touch10=1.00 col10=0.00 to10=0.00 min_d= 0.30 avg_spd=2.00m/s end=goal t= 6928.9s
[TRAIN][PPO] ep=339/500 r=  625.66 avg10=  622.95 steps=1552 succ10=1.00 touch10=1.00 col10=0.00 to10=0.00 min_d= 0.30 avg_spd=1.97m/s end=goal t= 6948.7s
[TRAIN][PPO] ep=340/500 r=  618.17 avg10=  622.60 steps=1530 succ10=1.00 touch10=1.00 col10=0.00 to10=0.00 min_d= 0.30 avg_spd=1.97m/s end=goal t= 6970.6s
[TRAIN][PPO] ep=341/500 r=  610.35 avg10=  620.73 steps=1518 succ10=1.00 touch10=1.00 col10=0.00 to10=0.00 min_d= 0.30 avg_spd=1.97m/s end=goal t= 6990.2s
[TRAIN][PPO] ep=342/500 r=  614.07 avg10=  620.15 steps=1530 succ10=1.00 touch10=1.00 col10=0.00 to10=0.00 min_d= 0.30 avg_spd=1.96m/s end=goal t= 7010.0s
[TRAIN][PPO] ep=343/500 r=  605.60 avg10=  619.19 steps=1488 succ10=1.00 touch10=1.00 col10=0.00 to10=0.00 min_d= 0.30 avg_spd=1.99m/s end=goal t= 7028.7s
[TRAIN][PPO] ep=344/500 r=  632.49 avg10=  620.99 steps=1576 succ10=1.00 touch10=1.00 col10=0.00 to10=0.00 min_d= 0.30 avg_spd=1.96m/s end=goal t= 7052.1s
[TRAIN][PPO] ep=345/500 r=  621.04 avg10=  620.74 steps=1548 succ10=1.00 touch10=1.00 col10=0.00 to10=0.00 min_d= 0.30 avg_spd=1.99m/s end=goal t= 7072.3s
[TRAIN][PPO] ep=346/500 r=  606.28 avg10=  617.57 steps=1508 succ10=1.00 touch10=1.00 col10=0.00 to10=0.00 min_d= 0.30 avg_spd=1.99m/s end=goal t= 7091.8s
[TRAIN][PPO] ep=347/500 r=  627.49 avg10=  618.13 steps=1574 succ10=1.00 touch10=1.00 col10=0.00 to10=0.00 min_d= 0.30 avg_spd=1.94m/s end=goal t= 7112.5s
[TRAIN][PPO] ep=348/500 r=  613.38 avg10=  617.45 steps=1539 succ10=1.00 touch10=1.00 col10=0.00 to10=0.00 min_d= 0.30 avg_spd=1.95m/s end=goal t= 7134.4s
[TRAIN][PPO] ep=349/500 r=  623.94 avg10=  617.28 steps=1554 succ10=1.00 touch10=1.00 col10=0.00 to10=0.00 min_d= 0.30 avg_spd=1.97m/s end=goal t= 7154.7s
[TRAIN][PPO] ep=350/500 r=  623.09 avg10=  617.77 steps=1554 succ10=1.00 touch10=1.00 col10=0.00 to10=0.00 min_d= 0.30 avg_spd=1.98m/s end=goal t= 7175.0s
[TRAIN][PPO] ep=351/500 r=  629.34 avg10=  619.67 steps=1574 succ10=1.00 touch10=1.00 col10=0.00 to10=0.00 min_d= 0.30 avg_spd=1.97m/s end=goal t= 7195.6s
[TRAIN][PPO] ep=352/500 r=  612.48 avg10=  619.51 steps=1517 succ10=1.00 touch10=1.00 col10=0.00 to10=0.00 min_d= 0.30 avg_spd=1.99m/s end=goal t= 7217.4s
[TRAIN][PPO] ep=353/500 r=  612.14 avg10=  620.17 steps=1523 succ10=1.00 touch10=1.00 col10=0.00 to10=0.00 min_d= 0.30 avg_spd=1.98m/s end=goal t= 7237.3s
[TRAIN][PPO] ep=354/500 r=  627.97 avg10=  619.71 steps=1569 succ10=1.00 touch10=1.00 col10=0.00 to10=0.00 min_d= 0.30 avg_spd=1.97m/s end=goal t= 7257.5s
[TRAIN][PPO] ep=355/500 r=  608.02 avg10=  618.41 steps=1504 succ10=1.00 touch10=1.00 col10=0.00 to10=0.00 min_d= 0.30 avg_spd=2.01m/s end=goal t= 7276.7s
[TRAIN][PPO] ep=356/500 r=  605.05 avg10=  618.29 steps=1493 succ10=1.00 touch10=1.00 col10=0.00 to10=0.00 min_d= 0.30 avg_spd=1.99m/s end=goal t= 7298.1s
[TRAIN][PPO] ep=357/500 r=  611.20 avg10=  616.66 steps=1512 succ10=1.00 touch10=1.00 col10=0.00 to10=0.00 min_d= 0.30 avg_spd=1.97m/s end=goal t= 7317.9s
[TRAIN][PPO] ep=358/500 r=  376.17 avg10=  592.94 steps=1283 succ10=0.90 touch10=0.90 col10=0.10 to10=0.00 min_d= 0.85 avg_spd=1.98m/s end=collision t= 7334.6s
[TRAIN][PPO] ep=359/500 r=  618.56 avg10=  592.40 steps=1542 succ10=0.90 touch10=0.90 col10=0.10 to10=0.00 min_d= 0.30 avg_spd=1.97m/s end=goal t= 7354.8s
[TRAIN][PPO] ep=360/500 r=  625.65 avg10=  592.66 steps=1557 succ10=0.90 touch10=0.90 col10=0.10 to10=0.00 min_d= 0.30 avg_spd=1.96m/s end=goal t= 7376.8s
[TRAIN][PPO] ep=361/500 r=  625.39 avg10=  592.26 steps=1550 succ10=0.90 touch10=0.90 col10=0.10 to10=0.00 min_d= 0.30 avg_spd=1.99m/s end=goal t= 7396.8s
[TRAIN][PPO] ep=362/500 r=  617.66 avg10=  592.78 steps=1524 succ10=0.90 touch10=0.90 col10=0.10 to10=0.00 min_d= 0.30 avg_spd=2.00m/s end=goal t= 7416.6s
[TRAIN][PPO] ep=363/500 r=  622.72 avg10=  593.84 steps=1564 succ10=0.90 touch10=0.90 col10=0.10 to10=0.00 min_d= 0.30 avg_spd=1.92m/s end=goal t= 7437.2s
[TRAIN][PPO] ep=364/500 r=  622.44 avg10=  593.29 steps=1538 succ10=0.90 touch10=0.90 col10=0.10 to10=0.00 min_d= 0.30 avg_spd=1.97m/s end=goal t= 7459.5s
[TRAIN][PPO] ep=365/500 r=  618.94 avg10=  594.38 steps=1529 succ10=0.90 touch10=0.90 col10=0.10 to10=0.00 min_d= 0.30 avg_spd=1.97m/s end=goal t= 7479.6s
[TRAIN][PPO] ep=366/500 r=  602.67 avg10=  594.14 steps=1482 succ10=0.90 touch10=0.90 col10=0.10 to10=0.00 min_d= 0.30 avg_spd=2.00m/s end=goal t= 7498.8s
[TRAIN][PPO] ep=367/500 r=  614.63 avg10=  594.48 steps=1508 succ10=0.90 touch10=0.90 col10=0.10 to10=0.00 min_d= 0.30 avg_spd=1.98m/s end=goal t= 7518.5s
[TRAIN][PPO] ep=368/500 r=  615.33 avg10=  618.40 steps=1522 succ10=1.00 touch10=1.00 col10=0.00 to10=0.00 min_d= 0.30 avg_spd=1.95m/s end=goal t= 7539.7s
[TRAIN][PPO] ep=369/500 r=  626.39 avg10=  619.18 steps=1565 succ10=1.00 touch10=1.00 col10=0.00 to10=0.00 min_d= 0.30 avg_spd=1.94m/s end=goal t= 7559.0s
[TRAIN][PPO] ep=370/500 r=  624.15 avg10=  619.03 steps=1537 succ10=1.00 touch10=1.00 col10=0.00 to10=0.00 min_d= 0.30 avg_spd=1.98m/s end=goal t= 7578.4s
[TRAIN][PPO] ep=371/500 r=  623.40 avg10=  618.83 steps=1534 succ10=1.00 touch10=1.00 col10=0.00 to10=0.00 min_d= 0.30 avg_spd=1.97m/s end=goal t= 7597.6s
[TRAIN][PPO] ep=372/500 r=  632.71 avg10=  620.34 steps=1575 succ10=1.00 touch10=1.00 col10=0.00 to10=0.00 min_d= 0.30 avg_spd=1.96m/s end=goal t= 7620.7s
[TRAIN][PPO] ep=373/500 r=  623.45 avg10=  620.41 steps=1539 succ10=1.00 touch10=1.00 col10=0.00 to10=0.00 min_d= 0.30 avg_spd=1.99m/s end=goal t= 7640.2s
[TRAIN][PPO] ep=374/500 r=  605.69 avg10=  618.74 steps=1477 succ10=1.00 touch10=1.00 col10=0.00 to10=0.00 min_d= 0.30 avg_spd=1.99m/s end=goal t= 7659.6s
[TRAIN][PPO] ep=375/500 r=  609.39 avg10=  617.78 steps=1493 succ10=1.00 touch10=1.00 col10=0.00 to10=0.00 min_d= 0.30 avg_spd=1.98m/s end=goal t= 7678.6s
[TRAIN][PPO] ep=376/500 r=  612.74 avg10=  618.79 steps=1495 succ10=1.00 touch10=1.00 col10=0.00 to10=0.00 min_d= 0.30 avg_spd=2.00m/s end=goal t= 7700.8s
[TRAIN][PPO] ep=377/500 r=  624.33 avg10=  619.76 steps=1532 succ10=1.00 touch10=1.00 col10=0.00 to10=0.00 min_d= 0.30 avg_spd=1.97m/s end=goal t= 7720.8s
[TRAIN][PPO] ep=378/500 r=  615.47 avg10=  619.77 steps=1530 succ10=1.00 touch10=1.00 col10=0.00 to10=0.00 min_d= 0.30 avg_spd=1.97m/s end=goal t= 7740.0s
[TRAIN][PPO] ep=379/500 r=  614.89 avg10=  618.62 steps=1514 succ10=1.00 touch10=1.00 col10=0.00 to10=0.00 min_d= 0.30 avg_spd=1.97m/s end=goal t= 7759.3s
[TRAIN][PPO] ep=380/500 r=  623.05 avg10=  618.51 steps=1532 succ10=1.00 touch10=1.00 col10=0.00 to10=0.00 min_d= 0.30 avg_spd=2.00m/s end=goal t= 7781.2s
[TRAIN][PPO] ep=381/500 r=  617.43 avg10=  617.91 steps=1515 succ10=1.00 touch10=1.00 col10=0.00 to10=0.00 min_d= 0.30 avg_spd=1.98m/s end=goal t= 7800.6s
[TRAIN][PPO] ep=382/500 r=  306.58 avg10=  585.30 steps=1080 succ10=0.90 touch10=0.90 col10=0.10 to10=0.00 min_d= 1.35 avg_spd=1.99m/s end=collision t= 7813.9s
[TRAIN][PPO] ep=383/500 r=  625.32 avg10=  585.49 steps=1546 succ10=0.90 touch10=0.90 col10=0.10 to10=0.00 min_d= 0.30 avg_spd=1.98m/s end=goal t= 7833.5s
[TRAIN][PPO] ep=384/500 r=  603.37 avg10=  585.26 steps=1470 succ10=0.90 touch10=0.90 col10=0.10 to10=0.00 min_d= 0.30 avg_spd=2.00m/s end=goal t= 7854.9s
[TRAIN][PPO] ep=385/500 r=  626.62 avg10=  586.98 steps=1544 succ10=0.90 touch10=0.90 col10=0.10 to10=0.00 min_d= 0.30 avg_spd=1.96m/s end=goal t= 7874.6s
[TRAIN][PPO] ep=386/500 r=  613.01 avg10=  587.01 steps=1501 succ10=0.90 touch10=0.90 col10=0.10 to10=0.00 min_d= 0.30 avg_spd=1.99m/s end=goal t= 7893.4s
[TRAIN][PPO] ep=387/500 r=  625.10 avg10=  587.09 steps=1538 succ10=0.90 touch10=0.90 col10=0.10 to10=0.00 min_d= 0.30 avg_spd=1.99m/s end=goal t= 7912.8s
[TRAIN][PPO] ep=388/500 r=  621.87 avg10=  587.72 steps=1534 succ10=0.90 touch10=0.90 col10=0.10 to10=0.00 min_d= 0.30 avg_spd=1.99m/s end=goal t= 7934.0s
[TRAIN][PPO] ep=389/500 r=  613.78 avg10=  587.61 steps=1505 succ10=0.90 touch10=0.90 col10=0.10 to10=0.00 min_d= 0.30 avg_spd=1.98m/s end=goal t= 7953.7s
[TRAIN][PPO] ep=390/500 r=  626.41 avg10=  587.95 steps=1539 succ10=0.90 touch10=0.90 col10=0.10 to10=0.00 min_d= 0.30 avg_spd=1.97m/s end=goal t= 7973.3s
[TRAIN][PPO] ep=391/500 r=  627.34 avg10=  588.94 steps=1545 succ10=0.90 touch10=0.90 col10=0.10 to10=0.00 min_d= 0.30 avg_spd=1.99m/s end=goal t= 7992.3s
[TRAIN][PPO] ep=392/500 r=  615.80 avg10=  619.86 steps=1508 succ10=1.00 touch10=1.00 col10=0.00 to10=0.00 min_d= 0.30 avg_spd=2.01m/s end=goal t= 8012.4s
[TRAIN][PPO] ep=393/500 r=  613.04 avg10=  618.63 steps=1498 succ10=1.00 touch10=1.00 col10=0.00 to10=0.00 min_d= 0.30 avg_spd=1.97m/s end=goal t= 8031.4s
[TRAIN][PPO] ep=394/500 r=  628.31 avg10=  621.13 steps=1557 succ10=1.00 touch10=1.00 col10=0.00 to10=0.00 min_d= 0.30 avg_spd=1.97m/s end=goal t= 8050.4s
[TRAIN][PPO] ep=395/500 r=  316.23 avg10=  590.09 steps=1120 succ10=0.90 touch10=0.90 col10=0.10 to10=0.00 min_d= 1.36 avg_spd=1.97m/s end=collision t= 8063.7s
[TRAIN][PPO] ep=396/500 r=  622.21 avg10=  591.01 steps=1540 succ10=0.90 touch10=0.90 col10=0.10 to10=0.00 min_d= 0.30 avg_spd=1.98m/s end=goal t= 8085.2s
[TRAIN][PPO] ep=397/500 r=  620.53 avg10=  590.55 steps=1523 succ10=0.90 touch10=0.90 col10=0.10 to10=0.00 min_d= 0.30 avg_spd=2.01m/s end=goal t= 8104.0s
[TRAIN][PPO] ep=398/500 r=  609.90 avg10=  589.35 steps=1487 succ10=0.90 touch10=0.90 col10=0.10 to10=0.00 min_d= 0.30 avg_spd=1.99m/s end=goal t= 8123.0s
[TRAIN][PPO] ep=399/500 r=  629.06 avg10=  590.88 steps=1557 succ10=0.90 touch10=0.90 col10=0.10 to10=0.00 min_d= 0.30 avg_spd=1.97m/s end=goal t= 8142.7s
[TRAIN][PPO] ep=400/500 r=  613.14 avg10=  589.56 steps=1521 succ10=0.90 touch10=0.90 col10=0.10 to10=0.00 min_d= 0.30 avg_spd=1.97m/s end=goal t= 8164.9s ckpt=latest
[TRAIN][PPO] ep=401/500 r=  612.20 avg10=  588.04 steps=1488 succ10=0.90 touch10=0.90 col10=0.10 to10=0.00 min_d= 0.30 avg_spd=2.01m/s end=goal t= 8183.9s
[TRAIN][PPO] ep=402/500 r=  313.07 avg10=  557.77 steps=1092 succ10=0.80 touch10=0.80 col10=0.20 to10=0.00 min_d= 1.35 avg_spd=1.99m/s end=collision t= 8197.8s
[TRAIN][PPO] ep=403/500 r=  605.81 avg10=  557.05 steps=1475 succ10=0.80 touch10=0.80 col10=0.20 to10=0.00 min_d= 0.30 avg_spd=1.99m/s end=goal t= 8216.6s
[TRAIN][PPO] ep=404/500 r=  625.26 avg10=  556.74 steps=1533 succ10=0.80 touch10=0.80 col10=0.20 to10=0.00 min_d= 0.30 avg_spd=1.99m/s end=goal t= 8238.8s
[TRAIN][PPO] ep=405/500 r=  622.24 avg10=  587.34 steps=1545 succ10=0.90 touch10=0.90 col10=0.10 to10=0.00 min_d= 0.30 avg_spd=1.95m/s end=goal t= 8258.5s
[TRAIN][PPO] ep=406/500 r=  606.98 avg10=  585.82 steps=1471 succ10=0.90 touch10=0.90 col10=0.10 to10=0.00 min_d= 0.30 avg_spd=1.99m/s end=goal t= 8276.8s
[TRAIN][PPO] ep=407/500 r=  623.96 avg10=  586.16 steps=1536 succ10=0.90 touch10=0.90 col10=0.10 to10=0.00 min_d= 0.30 avg_spd=1.96m/s end=goal t= 8295.1s
[TRAIN][PPO] ep=408/500 r=  311.85 avg10=  556.36 steps=1088 succ10=0.80 touch10=0.80 col10=0.20 to10=0.00 min_d= 1.37 avg_spd=1.97m/s end=collision t= 8310.6s
[TRAIN][PPO] ep=409/500 r=  310.81 avg10=  524.53 steps=1083 succ10=0.70 touch10=0.70 col10=0.30 to10=0.00 min_d= 1.27 avg_spd=2.01m/s end=collision t= 8324.5s
[TRAIN][PPO] ep=410/500 r=  621.67 avg10=  525.38 steps=1524 succ10=0.70 touch10=0.70 col10=0.30 to10=0.00 min_d= 0.30 avg_spd=1.99m/s end=goal t= 8344.2s
[TRAIN][PPO] ep=411/500 r=  608.42 avg10=  525.01 steps=1483 succ10=0.70 touch10=0.70 col10=0.30 to10=0.00 min_d= 0.30 avg_spd=1.98m/s end=goal t= 8363.5s
[TRAIN][PPO] ep=412/500 r=  606.62 avg10=  554.36 steps=1477 succ10=0.80 touch10=0.80 col10=0.20 to10=0.00 min_d= 0.30 avg_spd=1.99m/s end=goal t= 8382.8s
[TRAIN][PPO] ep=413/500 r=  627.76 avg10=  556.56 steps=1539 succ10=0.80 touch10=0.80 col10=0.20 to10=0.00 min_d= 0.30 avg_spd=1.99m/s end=goal t= 8402.4s
[TRAIN][PPO] ep=414/500 r=  320.80 avg10=  526.11 steps=1130 succ10=0.70 touch10=0.70 col10=0.30 to10=0.00 min_d= 1.37 avg_spd=1.95m/s end=collision t= 8416.5s
[TRAIN][PPO] ep=415/500 r=  615.46 avg10=  525.43 steps=1508 succ10=0.70 touch10=0.70 col10=0.30 to10=0.00 min_d= 0.30 avg_spd=1.98m/s end=goal t= 8436.3s
[TRAIN][PPO] ep=416/500 r=  614.61 avg10=  526.19 steps=1496 succ10=0.70 touch10=0.70 col10=0.30 to10=0.00 min_d= 0.30 avg_spd=2.00m/s end=goal t= 8457.7s
[TRAIN][PPO] ep=417/500 r=  609.47 avg10=  524.75 steps=1485 succ10=0.70 touch10=0.70 col10=0.30 to10=0.00 min_d= 0.30 avg_spd=1.98m/s end=goal t= 8476.6s
[TRAIN][PPO] ep=418/500 r=  618.13 avg10=  555.37 steps=1517 succ10=0.80 touch10=0.80 col10=0.20 to10=0.00 min_d= 0.30 avg_spd=2.00m/s end=goal t= 8495.2s
[TRAIN][PPO] ep=419/500 r=  622.41 avg10=  586.53 steps=1523 succ10=0.90 touch10=0.90 col10=0.10 to10=0.00 min_d= 0.30 avg_spd=1.98m/s end=goal t= 8514.1s
[TRAIN][PPO] ep=420/500 r=  627.86 avg10=  587.15 steps=1551 succ10=0.90 touch10=0.90 col10=0.10 to10=0.00 min_d= 0.30 avg_spd=1.98m/s end=goal t= 8535.2s
[TRAIN][PPO] ep=421/500 r=  618.23 avg10=  588.13 steps=1503 succ10=0.90 touch10=0.90 col10=0.10 to10=0.00 min_d= 0.30 avg_spd=1.98m/s end=goal t= 8553.7s
[TRAIN][PPO] ep=422/500 r=  614.37 avg10=  588.91 steps=1509 succ10=0.90 touch10=0.90 col10=0.10 to10=0.00 min_d= 0.30 avg_spd=1.99m/s end=goal t= 8571.9s
[TRAIN][PPO] ep=423/500 r=  616.63 avg10=  587.80 steps=1513 succ10=0.90 touch10=0.90 col10=0.10 to10=0.00 min_d= 0.30 avg_spd=1.96m/s end=goal t= 8590.4s
[TRAIN][PPO] ep=424/500 r=  624.72 avg10=  618.19 steps=1529 succ10=1.00 touch10=1.00 col10=0.00 to10=0.00 min_d= 0.30 avg_spd=1.97m/s end=goal t= 8612.0s
[TRAIN][PPO] ep=425/500 r=  620.09 avg10=  618.65 steps=1515 succ10=1.00 touch10=1.00 col10=0.00 to10=0.00 min_d= 0.30 avg_spd=1.99m/s end=goal t= 8630.1s
[TRAIN][PPO] ep=426/500 r=  335.06 avg10=  590.70 steps=1158 succ10=0.90 touch10=0.90 col10=0.10 to10=0.00 min_d= 1.27 avg_spd=1.97m/s end=collision t= 8644.1s
[TRAIN][PPO] ep=427/500 r=  615.72 avg10=  591.32 steps=1517 succ10=0.90 touch10=0.90 col10=0.10 to10=0.00 min_d= 0.30 avg_spd=1.98m/s end=goal t= 8662.6s
[TRAIN][PPO] ep=428/500 r=  307.39 avg10=  560.25 steps=1073 succ10=0.80 touch10=0.80 col10=0.20 to10=0.00 min_d= 1.35 avg_spd=1.98m/s end=collision t= 8677.6s
[TRAIN][PPO] ep=429/500 r=  629.02 avg10=  560.91 steps=1544 succ10=0.80 touch10=0.80 col10=0.20 to10=0.00 min_d= 0.30 avg_spd=1.97m/s end=goal t= 8696.6s
[TRAIN][PPO] ep=430/500 r=  606.17 avg10=  558.74 steps=1476 succ10=0.80 touch10=0.80 col10=0.20 to10=0.00 min_d= 0.30 avg_spd=1.99m/s end=goal t= 8714.3s
[TRAIN][PPO] ep=431/500 r=  308.69 avg10=  527.79 steps=1082 succ10=0.70 touch10=0.70 col10=0.30 to10=0.00 min_d= 1.40 avg_spd=1.93m/s end=collision t= 8727.3s
[TRAIN][PPO] ep=432/500 r=  621.40 avg10=  528.49 steps=1528 succ10=0.70 touch10=0.70 col10=0.30 to10=0.00 min_d= 0.30 avg_spd=1.97m/s end=goal t= 8747.4s
[TRAIN][PPO] ep=433/500 r=  630.82 avg10=  529.91 steps=1545 succ10=0.70 touch10=0.70 col10=0.30 to10=0.00 min_d= 0.30 avg_spd=1.97m/s end=goal t= 8766.0s
[TRAIN][PPO] ep=434/500 r=  617.39 avg10=  529.18 steps=1513 succ10=0.70 touch10=0.70 col10=0.30 to10=0.00 min_d= 0.30 avg_spd=1.98m/s end=goal t= 8783.7s
[TRAIN][PPO] ep=435/500 r=  627.26 avg10=  529.89 steps=1547 succ10=0.70 touch10=0.70 col10=0.30 to10=0.00 min_d= 0.30 avg_spd=1.96m/s end=goal t= 8802.0s
[TRAIN][PPO] ep=436/500 r=  622.40 avg10=  558.63 steps=1524 succ10=0.80 touch10=0.80 col10=0.20 to10=0.00 min_d= 0.30 avg_spd=1.98m/s end=goal t= 8822.5s
[TRAIN][PPO] ep=437/500 r=  309.98 avg10=  528.05 steps=1073 succ10=0.70 touch10=0.70 col10=0.30 to10=0.00 min_d= 1.37 avg_spd=2.02m/s end=collision t= 8835.5s
[TRAIN][PPO] ep=438/500 r=  620.69 avg10=  559.38 steps=1524 succ10=0.80 touch10=0.80 col10=0.20 to10=0.00 min_d= 0.30 avg_spd=2.00m/s end=goal t= 8853.8s
[TRAIN][PPO] ep=439/500 r=  312.68 avg10=  527.75 steps=1088 succ10=0.70 touch10=0.70 col10=0.30 to10=0.00 min_d= 1.32 avg_spd=1.99m/s end=collision t= 8866.5s
[TRAIN][PPO] ep=440/500 r=  304.30 avg10=  497.56 steps=1078 succ10=0.60 touch10=0.60 col10=0.40 to10=0.00 min_d= 1.39 avg_spd=1.96m/s end=collision t= 8881.4s
[TRAIN][PPO] ep=441/500 r=  618.83 avg10=  528.57 steps=1514 succ10=0.70 touch10=0.70 col10=0.30 to10=0.00 min_d= 0.30 avg_spd=2.01m/s end=goal t= 8899.5s
[TRAIN][PPO] ep=442/500 r=  300.23 avg10=  496.46 steps=1041 succ10=0.60 touch10=0.60 col10=0.40 to10=0.00 min_d= 1.37 avg_spd=1.98m/s end=collision t= 8912.3s
[TRAIN][PPO] ep=443/500 r=  625.68 avg10=  495.94 steps=1523 succ10=0.60 touch10=0.60 col10=0.40 to10=0.00 min_d= 0.30 avg_spd=2.00m/s end=goal t= 8930.7s
[TRAIN][PPO] ep=444/500 r=  622.40 avg10=  496.44 steps=1518 succ10=0.60 touch10=0.60 col10=0.40 to10=0.00 min_d= 0.30 avg_spd=2.00m/s end=goal t= 8949.6s
[TRAIN][PPO] ep=445/500 r=  621.53 avg10=  495.87 steps=1518 succ10=0.60 touch10=0.60 col10=0.40 to10=0.00 min_d= 0.30 avg_spd=2.00m/s end=goal t= 8967.9s
[TRAIN][PPO] ep=446/500 r=  616.14 avg10=  495.25 steps=1513 succ10=0.60 touch10=0.60 col10=0.40 to10=0.00 min_d= 0.30 avg_spd=2.00m/s end=goal t= 8986.4s
[TRAIN][PPO] ep=447/500 r=  607.01 avg10=  524.95 steps=1471 succ10=0.70 touch10=0.70 col10=0.30 to10=0.00 min_d= 0.30 avg_spd=2.01m/s end=goal t= 9004.6s
[TRAIN][PPO] ep=448/500 r=  610.35 avg10=  523.91 steps=1489 succ10=0.70 touch10=0.70 col10=0.30 to10=0.00 min_d= 0.30 avg_spd=2.01m/s end=goal t= 9025.8s
[TRAIN][PPO] ep=449/500 r=  303.18 avg10=  522.96 steps=1062 succ10=0.70 touch10=0.70 col10=0.30 to10=0.00 min_d= 1.37 avg_spd=1.95m/s end=collision t= 9037.8s
[TRAIN][PPO] ep=450/500 r=  622.40 avg10=  554.77 steps=1521 succ10=0.80 touch10=0.80 col10=0.20 to10=0.00 min_d= 0.30 avg_spd=2.01m/s end=goal t= 9055.9s
[TRAIN][PPO] ep=451/500 r=  622.09 avg10=  555.10 steps=1510 succ10=0.80 touch10=0.80 col10=0.20 to10=0.00 min_d= 0.30 avg_spd=2.02m/s end=goal t= 9074.1s
[TRAIN][PPO] ep=452/500 r=  609.36 avg10=  586.01 steps=1472 succ10=0.90 touch10=0.90 col10=0.10 to10=0.00 min_d= 0.30 avg_spd=2.00m/s end=goal t= 9093.7s
[TRAIN][PPO] ep=453/500 r=  610.59 avg10=  584.50 steps=1514 succ10=0.90 touch10=0.90 col10=0.10 to10=0.00 min_d= 0.30 avg_spd=1.98m/s end=goal t= 9111.9s
[TRAIN][PPO] ep=454/500 r=  625.80 avg10=  584.84 steps=1545 succ10=0.90 touch10=0.90 col10=0.10 to10=0.00 min_d= 0.30 avg_spd=1.99m/s end=goal t= 9131.5s
[TRAIN][PPO] ep=455/500 r=  301.72 avg10=  552.86 steps=1061 succ10=0.80 touch10=0.80 col10=0.20 to10=0.00 min_d= 1.39 avg_spd=1.97m/s end=collision t= 9144.9s
[TRAIN][PPO] ep=456/500 r=  612.22 avg10=  552.47 steps=1541 succ10=0.80 touch10=0.80 col10=0.20 to10=0.00 min_d= 0.30 avg_spd=1.96m/s end=goal t= 9166.6s
[TRAIN][PPO] ep=457/500 r=  621.72 avg10=  553.94 steps=1515 succ10=0.80 touch10=0.80 col10=0.20 to10=0.00 min_d= 0.30 avg_spd=2.00m/s end=goal t= 9185.6s
[TRAIN][PPO] ep=458/500 r=  628.19 avg10=  555.73 steps=1547 succ10=0.80 touch10=0.80 col10=0.20 to10=0.00 min_d= 0.30 avg_spd=1.98m/s end=goal t= 9204.9s
[TRAIN][PPO] ep=459/500 r=  611.79 avg10=  586.59 steps=1494 succ10=0.90 touch10=0.90 col10=0.10 to10=0.00 min_d= 0.30 avg_spd=1.99m/s end=goal t= 9223.3s
[TRAIN][PPO] ep=460/500 r=  618.03 avg10=  586.15 steps=1507 succ10=0.90 touch10=0.90 col10=0.10 to10=0.00 min_d= 0.30 avg_spd=2.00m/s end=goal t= 9244.1s
[TRAIN][PPO] ep=461/500 r=  608.12 avg10=  584.75 steps=1491 succ10=0.90 touch10=0.90 col10=0.10 to10=0.00 min_d= 0.30 avg_spd=1.98m/s end=goal t= 9262.5s
[TRAIN][PPO] ep=462/500 r=  619.07 avg10=  585.73 steps=1523 succ10=0.90 touch10=0.90 col10=0.10 to10=0.00 min_d= 0.30 avg_spd=1.98m/s end=goal t= 9281.2s
[TRAIN][PPO] ep=463/500 r=  611.09 avg10=  585.78 steps=1497 succ10=0.90 touch10=0.90 col10=0.10 to10=0.00 min_d= 0.30 avg_spd=1.98m/s end=goal t= 9299.9s
[TRAIN][PPO] ep=464/500 r=  608.02 avg10=  584.00 steps=1474 succ10=0.90 touch10=0.90 col10=0.10 to10=0.00 min_d= 0.30 avg_spd=2.00m/s end=goal t= 9320.4s
[TRAIN][PPO] ep=465/500 r=  606.47 avg10=  614.47 steps=1488 succ10=1.00 touch10=1.00 col10=0.00 to10=0.00 min_d= 0.30 avg_spd=1.98m/s end=goal t= 9338.5s
[TRAIN][PPO] ep=466/500 r=  607.93 avg10=  614.04 steps=1489 succ10=1.00 touch10=1.00 col10=0.00 to10=0.00 min_d= 0.30 avg_spd=1.98m/s end=goal t= 9357.1s
[TRAIN][PPO] ep=467/500 r=  621.62 avg10=  614.03 steps=1523 succ10=1.00 touch10=1.00 col10=0.00 to10=0.00 min_d= 0.30 avg_spd=1.98m/s end=goal t= 9375.7s
[TRAIN][PPO] ep=468/500 r=  615.52 avg10=  612.77 steps=1524 succ10=1.00 touch10=1.00 col10=0.00 to10=0.00 min_d= 0.30 avg_spd=1.98m/s end=goal t= 9396.8s
[TRAIN][PPO] ep=469/500 r=  618.33 avg10=  613.42 steps=1508 succ10=1.00 touch10=1.00 col10=0.00 to10=0.00 min_d= 0.30 avg_spd=2.00m/s end=goal t= 9415.2s
[TRAIN][PPO] ep=470/500 r=  616.16 avg10=  613.23 steps=1508 succ10=1.00 touch10=1.00 col10=0.00 to10=0.00 min_d= 0.30 avg_spd=1.99m/s end=goal t= 9433.6s
[TRAIN][PPO] ep=471/500 r=  610.19 avg10=  613.44 steps=1493 succ10=1.00 touch10=1.00 col10=0.00 to10=0.00 min_d= 0.30 avg_spd=1.98m/s end=goal t= 9451.8s
[TRAIN][PPO] ep=472/500 r=  602.69 avg10=  611.80 steps=1476 succ10=1.00 touch10=1.00 col10=0.00 to10=0.00 min_d= 0.30 avg_spd=2.00m/s end=goal t= 9471.8s
[TRAIN][PPO] ep=473/500 r=  623.98 avg10=  613.09 steps=1514 succ10=1.00 touch10=1.00 col10=0.00 to10=0.00 min_d= 0.30 avg_spd=2.01m/s end=goal t= 9490.1s
[TRAIN][PPO] ep=474/500 r=  623.50 avg10=  614.64 steps=1519 succ10=1.00 touch10=1.00 col10=0.00 to10=0.00 min_d= 0.30 avg_spd=2.00m/s end=goal t= 9508.4s
[TRAIN][PPO] ep=475/500 r=  604.08 avg10=  614.40 steps=1461 succ10=1.00 touch10=1.00 col10=0.00 to10=0.00 min_d= 0.30 avg_spd=2.01m/s end=goal t= 9526.0s
[TRAIN][PPO] ep=476/500 r=  613.22 avg10=  614.93 steps=1502 succ10=1.00 touch10=1.00 col10=0.00 to10=0.00 min_d= 0.30 avg_spd=2.00m/s end=goal t= 9546.6s
[TRAIN][PPO] ep=477/500 r=  610.97 avg10=  613.86 steps=1509 succ10=1.00 touch10=1.00 col10=0.00 to10=0.00 min_d= 0.30 avg_spd=1.99m/s end=goal t= 9565.4s
[TRAIN][PPO] ep=478/500 r=  606.33 avg10=  612.95 steps=1473 succ10=1.00 touch10=1.00 col10=0.00 to10=0.00 min_d= 0.30 avg_spd=2.00m/s end=goal t= 9583.5s
[TRAIN][PPO] ep=479/500 r=  629.27 avg10=  614.04 steps=1562 succ10=1.00 touch10=1.00 col10=0.00 to10=0.00 min_d= 0.30 avg_spd=1.97m/s end=goal t= 9602.2s
[TRAIN][PPO] ep=480/500 r=  619.56 avg10=  614.38 steps=1539 succ10=1.00 touch10=1.00 col10=0.00 to10=0.00 min_d= 0.30 avg_spd=1.99m/s end=goal t= 9623.3s
[TRAIN][PPO] ep=481/500 r=  608.98 avg10=  614.26 steps=1491 succ10=1.00 touch10=1.00 col10=0.00 to10=0.00 min_d= 0.30 avg_spd=1.99m/s end=goal t= 9641.6s
[TRAIN][PPO] ep=482/500 r=  608.32 avg10=  614.82 steps=1476 succ10=1.00 touch10=1.00 col10=0.00 to10=0.00 min_d= 0.30 avg_spd=2.01m/s end=goal t= 9660.8s
[TRAIN][PPO] ep=483/500 r=  624.73 avg10=  614.90 steps=1536 succ10=1.00 touch10=1.00 col10=0.00 to10=0.00 min_d= 0.30 avg_spd=1.98m/s end=goal t= 9679.4s
[TRAIN][PPO] ep=484/500 r=  620.22 avg10=  614.57 steps=1508 succ10=1.00 touch10=1.00 col10=0.00 to10=0.00 min_d= 0.30 avg_spd=2.01m/s end=goal t= 9699.5s
[TRAIN][PPO] ep=485/500 r=  306.66 avg10=  584.82 steps=1068 succ10=0.90 touch10=0.90 col10=0.10 to10=0.00 min_d= 1.37 avg_spd=1.99m/s end=collision t= 9712.3s
[TRAIN][PPO] ep=486/500 r=  310.92 avg10=  554.59 steps=1071 succ10=0.80 touch10=0.80 col10=0.20 to10=0.00 min_d= 1.31 avg_spd=2.01m/s end=collision t= 9725.0s
[TRAIN][PPO] ep=487/500 r=  301.29 avg10=  523.63 steps=1067 succ10=0.70 touch10=0.70 col10=0.30 to10=0.00 min_d= 1.34 avg_spd=2.00m/s end=collision t= 9737.8s
[TRAIN][PPO] ep=488/500 r=  614.09 avg10=  524.40 steps=1501 succ10=0.70 touch10=0.70 col10=0.30 to10=0.00 min_d= 0.30 avg_spd=2.02m/s end=goal t= 9757.6s
[TRAIN][PPO] ep=489/500 r=  622.01 avg10=  523.68 steps=1533 succ10=0.70 touch10=0.70 col10=0.30 to10=0.00 min_d= 0.30 avg_spd=2.00m/s end=goal t= 9775.6s
[TRAIN][PPO] ep=490/500 r=  615.69 avg10=  523.29 steps=1501 succ10=0.70 touch10=0.70 col10=0.30 to10=0.00 min_d= 0.30 avg_spd=2.01m/s end=goal t= 9793.9s
[TRAIN][PPO] ep=491/500 r=  614.37 avg10=  523.83 steps=1502 succ10=0.70 touch10=0.70 col10=0.30 to10=0.00 min_d= 0.30 avg_spd=2.02m/s end=goal t= 9811.6s
[TRAIN][PPO] ep=492/500 r=  313.53 avg10=  494.35 steps=1091 succ10=0.60 touch10=0.60 col10=0.40 to10=0.00 min_d= 1.28 avg_spd=2.01m/s end=collision t= 9827.2s
[TRAIN][PPO] ep=493/500 r=  616.69 avg10=  493.55 steps=1504 succ10=0.60 touch10=0.60 col10=0.40 to10=0.00 min_d= 0.30 avg_spd=2.00m/s end=goal t= 9845.6s
[TRAIN][PPO] ep=494/500 r=  601.80 avg10=  491.71 steps=1492 succ10=0.60 touch10=0.60 col10=0.40 to10=0.00 min_d= 0.30 avg_spd=2.00m/s end=goal t= 9864.8s
[TRAIN][PPO] ep=495/500 r=  623.17 avg10=  523.36 steps=1561 succ10=0.70 touch10=0.70 col10=0.30 to10=0.00 min_d= 0.30 avg_spd=1.98m/s end=goal t= 9884.3s
[TRAIN][PPO] ep=496/500 r=  617.75 avg10=  554.04 steps=1511 succ10=0.80 touch10=0.80 col10=0.20 to10=0.00 min_d= 0.30 avg_spd=2.00m/s end=goal t= 9904.3s
[TRAIN][PPO] ep=497/500 r=  312.21 avg10=  555.13 steps=1073 succ10=0.80 touch10=0.80 col10=0.20 to10=0.00 min_d= 1.38 avg_spd=2.00m/s end=collision t= 9917.1s
[TRAIN][PPO] ep=498/500 r=  607.21 avg10=  554.44 steps=1506 succ10=0.80 touch10=0.80 col10=0.20 to10=0.00 min_d= 0.30 avg_spd=1.98m/s end=goal t= 9935.5s
[TRAIN][PPO] ep=499/500 r=  613.62 avg10=  553.61 steps=1526 succ10=0.80 touch10=0.80 col10=0.20 to10=0.00 min_d= 0.30 avg_spd=1.98m/s end=goal t= 9953.9s
INFO: PPO: Terminating.
[RUN] completed stage checkpoint=/uio/hume/student-u79/esbrovol/fys5429/DRL-Obstacle-Avoidance/controllers/PPO/checkpoints/20260525_141956_lstm_seed01_stage03_train_3_three_obs/final_20260525_141956_lstm_seed01_stage03_train_3_three_obs.pth
[RUN] arch=lstm seed=1 stage=4/10 world=/uio/hume/student-u79/esbrovol/fys5429/DRL-Obstacle-Avoidance/worlds/training/train_4_five_obs.wbt
[RUN] resuming from /uio/hume/student-u79/esbrovol/fys5429/DRL-Obstacle-Avoidance/controllers/PPO/checkpoints/20260525_141956_lstm_seed01_stage03_train_3_three_obs/final_20260525_141956_lstm_seed01_stage03_train_3_three_obs.pth
INFO: PPO: Starting controller: python3 -u PPO.py
[PPO] Using architecture: LSTM
[PPO] Loaded architecture: LSTM
[TRAIN][PPO] arch=LSTM weights_dir=/uio/hume/student-u79/esbrovol/fys5429/DRL-Obstacle-Avoidance/controllers/PPO/checkpoints/20260525_141956_lstm_seed01_stage04_train_4_five_obs final=/uio/hume/student-u79/esbrovol/fys5429/DRL-Obstacle-Avoidance/controllers/PPO/checkpoints/20260525_141956_lstm_seed01_stage04_train_4_five_obs/final_20260525_141956_lstm_seed01_stage04_train_4_five_obs.pth
[TRAIN][PPO] episodes=500 update_every=4 obs=31 act=2 cell=LSTM seq=32 burn_in=8
[TRAIN][PPO] ep=001/500 r=  612.23 avg10=  612.23 steps=1497 succ10=1.00 touch10=1.00 col10=0.00 to10=0.00 min_d= 0.30 avg_spd=2.02m/s end=goal t=   19.4s ckpt=best_goal
[TRAIN][PPO] ep=002/500 r=  380.76 avg10=  496.49 steps=1272 succ10=0.50 touch10=0.50 col10=0.50 to10=0.00 min_d= 0.85 avg_spd=2.03m/s end=collision t=   35.4s
[TRAIN][PPO] ep=003/500 r=  610.03 avg10=  534.34 steps=1487 succ10=0.67 touch10=0.67 col10=0.33 to10=0.00 min_d= 0.30 avg_spd=2.01m/s end=goal t=   53.3s
[TRAIN][PPO] ep=004/500 r=  612.22 avg10=  553.81 steps=1505 succ10=0.75 touch10=0.75 col10=0.25 to10=0.00 min_d= 0.30 avg_spd=2.03m/s end=goal t=   74.4s
[TRAIN][PPO] ep=005/500 r=  307.78 avg10=  504.60 steps=1065 succ10=0.60 touch10=0.60 col10=0.40 to10=0.00 min_d= 1.36 avg_spd=1.99m/s end=collision t=   88.0s
[TRAIN][PPO] ep=006/500 r=  619.86 avg10=  523.81 steps=1513 succ10=0.67 touch10=0.67 col10=0.33 to10=0.00 min_d= 0.30 avg_spd=2.01m/s end=goal t=  107.7s ckpt=best_goal
[TRAIN][PPO] ep=007/500 r=  604.10 avg10=  535.28 steps=1474 succ10=0.71 touch10=0.71 col10=0.29 to10=0.00 min_d= 0.30 avg_spd=2.00m/s end=goal t=  126.8s
[TRAIN][PPO] ep=008/500 r=  603.44 avg10=  543.80 steps=1476 succ10=0.75 touch10=0.75 col10=0.25 to10=0.00 min_d= 0.30 avg_spd=2.00m/s end=goal t=  147.3s
[TRAIN][PPO] ep=009/500 r=  314.24 avg10=  518.30 steps=1084 succ10=0.67 touch10=0.67 col10=0.33 to10=0.00 min_d= 1.39 avg_spd=2.00m/s end=collision t=  161.0s
[TRAIN][PPO] ep=010/500 r=  623.33 avg10=  528.80 steps=1549 succ10=0.70 touch10=0.70 col10=0.30 to10=0.00 min_d= 0.30 avg_spd=1.99m/s end=goal t=  181.0s ckpt=best_goal
[TRAIN][PPO] ep=011/500 r=  610.80 avg10=  528.66 steps=1492 succ10=0.70 touch10=0.70 col10=0.30 to10=0.00 min_d= 0.30 avg_spd=2.01m/s end=goal t=  200.2s
[TRAIN][PPO] ep=012/500 r=  611.58 avg10=  551.74 steps=1504 succ10=0.80 touch10=0.80 col10=0.20 to10=0.00 min_d= 0.30 avg_spd=1.99m/s end=goal t=  221.3s
[TRAIN][PPO] ep=013/500 r=  608.83 avg10=  551.62 steps=1500 succ10=0.80 touch10=0.80 col10=0.20 to10=0.00 min_d= 0.30 avg_spd=2.00m/s end=goal t=  240.1s
[TRAIN][PPO] ep=014/500 r=  620.76 avg10=  552.47 steps=1524 succ10=0.80 touch10=0.80 col10=0.20 to10=0.00 min_d= 0.30 avg_spd=1.99m/s end=goal t=  259.8s
[TRAIN][PPO] ep=015/500 r=  616.69 avg10=  583.36 steps=1506 succ10=0.90 touch10=0.90 col10=0.10 to10=0.00 min_d= 0.30 avg_spd=1.99m/s end=goal t=  279.1s
[TRAIN][PPO] ep=016/500 r=  614.06 avg10=  582.78 steps=1505 succ10=0.90 touch10=0.90 col10=0.10 to10=0.00 min_d= 0.30 avg_spd=2.01m/s end=goal t=  302.2s
[TRAIN][PPO] ep=017/500 r=  605.58 avg10=  582.93 steps=1466 succ10=0.90 touch10=0.90 col10=0.10 to10=0.00 min_d= 0.30 avg_spd=2.03m/s end=goal t=  321.0s
[TRAIN][PPO] ep=018/500 r=  382.27 avg10=  560.81 steps=1272 succ10=0.80 touch10=0.80 col10=0.20 to10=0.00 min_d= 0.84 avg_spd=2.01m/s end=collision t=  337.4s
[TRAIN][PPO] ep=019/500 r=  622.44 avg10=  591.63 steps=1526 succ10=0.90 touch10=0.90 col10=0.10 to10=0.00 min_d= 0.30 avg_spd=2.00m/s end=goal t=  357.0s
[TRAIN][PPO] ep=020/500 r=  623.26 avg10=  591.63 steps=1523 succ10=0.90 touch10=0.90 col10=0.10 to10=0.00 min_d= 0.30 avg_spd=2.00m/s end=goal t=  379.8s
[TRAIN][PPO] ep=021/500 r=  614.87 avg10=  592.03 steps=1493 succ10=0.90 touch10=0.90 col10=0.10 to10=0.00 min_d= 0.30 avg_spd=2.01m/s end=goal t=  398.6s
[TRAIN][PPO] ep=022/500 r=  611.74 avg10=  592.05 steps=1517 succ10=0.90 touch10=0.90 col10=0.10 to10=0.00 min_d= 0.30 avg_spd=1.99m/s end=goal t=  418.1s
[TRAIN][PPO] ep=023/500 r=  610.49 avg10=  592.22 steps=1506 succ10=0.90 touch10=0.90 col10=0.10 to10=0.00 min_d= 0.30 avg_spd=2.00m/s end=goal t=  437.4s
[TRAIN][PPO] ep=024/500 r=  617.81 avg10=  591.92 steps=1520 succ10=0.90 touch10=0.90 col10=0.10 to10=0.00 min_d= 0.30 avg_spd=2.01m/s end=goal t=  458.9s
[TRAIN][PPO] ep=025/500 r=  384.84 avg10=  568.74 steps=1295 succ10=0.80 touch10=0.80 col10=0.20 to10=0.00 min_d= 0.87 avg_spd=2.00m/s end=collision t=  475.5s
[TRAIN][PPO] ep=026/500 r=  613.32 avg10=  568.66 steps=1519 succ10=0.80 touch10=0.80 col10=0.20 to10=0.00 min_d= 0.30 avg_spd=1.97m/s end=goal t=  495.0s
[TRAIN][PPO] ep=027/500 r=  612.31 avg10=  569.34 steps=1498 succ10=0.80 touch10=0.80 col10=0.20 to10=0.00 min_d= 0.30 avg_spd=1.99m/s end=goal t=  513.8s
[TRAIN][PPO] ep=028/500 r=  617.52 avg10=  592.86 steps=1517 succ10=0.90 touch10=0.90 col10=0.10 to10=0.00 min_d= 0.30 avg_spd=2.00m/s end=goal t=  535.0s
[TRAIN][PPO] ep=029/500 r=  605.11 avg10=  591.13 steps=1473 succ10=0.90 touch10=0.90 col10=0.10 to10=0.00 min_d= 0.30 avg_spd=1.99m/s end=goal t=  553.8s
[TRAIN][PPO] ep=030/500 r=  627.29 avg10=  591.53 steps=1545 succ10=0.90 touch10=0.90 col10=0.10 to10=0.00 min_d= 0.30 avg_spd=1.98m/s end=goal t=  573.4s ckpt=best_goal
[TRAIN][PPO] ep=031/500 r=  612.75 avg10=  591.32 steps=1496 succ10=0.90 touch10=0.90 col10=0.10 to10=0.00 min_d= 0.30 avg_spd=2.01m/s end=goal t=  592.6s
[TRAIN][PPO] ep=032/500 r=  605.93 avg10=  590.74 steps=1487 succ10=0.90 touch10=0.90 col10=0.10 to10=0.00 min_d= 0.30 avg_spd=2.00m/s end=goal t=  612.8s
[TRAIN][PPO] ep=033/500 r=  608.60 avg10=  590.55 steps=1476 succ10=0.90 touch10=0.90 col10=0.10 to10=0.00 min_d= 0.30 avg_spd=2.01m/s end=goal t=  631.5s
[TRAIN][PPO] ep=034/500 r=  608.36 avg10=  589.60 steps=1497 succ10=0.90 touch10=0.90 col10=0.10 to10=0.00 min_d= 0.30 avg_spd=1.99m/s end=goal t=  651.2s
[TRAIN][PPO] ep=035/500 r=  615.37 avg10=  612.66 steps=1515 succ10=1.00 touch10=1.00 col10=0.00 to10=0.00 min_d= 0.30 avg_spd=1.98m/s end=goal t=  670.5s
[TRAIN][PPO] ep=036/500 r=  608.15 avg10=  612.14 steps=1492 succ10=1.00 touch10=1.00 col10=0.00 to10=0.00 min_d= 0.30 avg_spd=2.00m/s end=goal t=  691.3s
[TRAIN][PPO] ep=037/500 r=  311.21 avg10=  582.03 steps=1086 succ10=0.90 touch10=0.90 col10=0.10 to10=0.00 min_d= 1.38 avg_spd=2.00m/s end=collision t=  704.4s
[TRAIN][PPO] ep=038/500 r=  632.32 avg10=  583.51 steps=1566 succ10=0.90 touch10=0.90 col10=0.10 to10=0.00 min_d= 0.30 avg_spd=1.97m/s end=goal t=  724.8s ckpt=best_goal
[TRAIN][PPO] ep=039/500 r=  609.71 avg10=  583.97 steps=1498 succ10=0.90 touch10=0.90 col10=0.10 to10=0.00 min_d= 0.30 avg_spd=1.97m/s end=goal t=  744.2s
[TRAIN][PPO] ep=040/500 r=  623.94 avg10=  583.64 steps=1532 succ10=0.90 touch10=0.90 col10=0.10 to10=0.00 min_d= 0.30 avg_spd=1.99m/s end=goal t=  765.8s
[TRAIN][PPO] ep=041/500 r=  626.15 avg10=  584.98 steps=1543 succ10=0.90 touch10=0.90 col10=0.10 to10=0.00 min_d= 0.30 avg_spd=1.97m/s end=goal t=  785.5s
[TRAIN][PPO] ep=042/500 r=  617.43 avg10=  586.13 steps=1517 succ10=0.90 touch10=0.90 col10=0.10 to10=0.00 min_d= 0.30 avg_spd=1.97m/s end=goal t=  805.2s
[TRAIN][PPO] ep=043/500 r=  622.90 avg10=  587.56 steps=1550 succ10=0.90 touch10=0.90 col10=0.10 to10=0.00 min_d= 0.30 avg_spd=1.98m/s end=goal t=  825.2s
[TRAIN][PPO] ep=044/500 r=  617.93 avg10=  588.51 steps=1505 succ10=0.90 touch10=0.90 col10=0.10 to10=0.00 min_d= 0.30 avg_spd=1.98m/s end=goal t=  846.2s
[TRAIN][PPO] ep=045/500 r=  622.32 avg10=  589.21 steps=1524 succ10=0.90 touch10=0.90 col10=0.10 to10=0.00 min_d= 0.30 avg_spd=1.99m/s end=goal t=  865.7s
[TRAIN][PPO] ep=046/500 r=  296.94 avg10=  558.09 steps=1027 succ10=0.80 touch10=0.80 col10=0.20 to10=0.00 min_d= 1.41 avg_spd=1.98m/s end=collision t=  879.2s
[TRAIN][PPO] ep=047/500 r=  628.49 avg10=  589.81 steps=1535 succ10=0.90 touch10=0.90 col10=0.10 to10=0.00 min_d= 0.30 avg_spd=1.98m/s end=goal t=  899.2s
[TRAIN][PPO] ep=048/500 r=  623.25 avg10=  588.91 steps=1515 succ10=0.90 touch10=0.90 col10=0.10 to10=0.00 min_d= 0.30 avg_spd=2.01m/s end=goal t=  920.6s
[TRAIN][PPO] ep=049/500 r=  607.15 avg10=  588.65 steps=1484 succ10=0.90 touch10=0.90 col10=0.10 to10=0.00 min_d= 0.30 avg_spd=2.01m/s end=goal t=  939.9s
[TRAIN][PPO] ep=050/500 r=  623.54 avg10=  588.61 steps=1535 succ10=0.90 touch10=0.90 col10=0.10 to10=0.00 min_d= 0.30 avg_spd=2.00m/s end=goal t=  960.1s
[TRAIN][PPO] ep=051/500 r=  621.50 avg10=  588.15 steps=1516 succ10=0.90 touch10=0.90 col10=0.10 to10=0.00 min_d= 0.30 avg_spd=2.00m/s end=goal t=  979.8s
[TRAIN][PPO] ep=052/500 r=  631.46 avg10=  589.55 steps=1577 succ10=0.90 touch10=0.90 col10=0.10 to10=0.00 min_d= 0.30 avg_spd=1.96m/s end=goal t= 1002.7s
[TRAIN][PPO] ep=053/500 r=  612.45 avg10=  588.50 steps=1489 succ10=0.90 touch10=0.90 col10=0.10 to10=0.00 min_d= 0.30 avg_spd=1.98m/s end=goal t= 1021.9s
[TRAIN][PPO] ep=054/500 r=  613.80 avg10=  588.09 steps=1503 succ10=0.90 touch10=0.90 col10=0.10 to10=0.00 min_d= 0.30 avg_spd=2.00m/s end=goal t= 1041.3s
[TRAIN][PPO] ep=055/500 r=  625.41 avg10=  588.40 steps=1518 succ10=0.90 touch10=0.90 col10=0.10 to10=0.00 min_d= 0.30 avg_spd=2.00m/s end=goal t= 1061.0s
[TRAIN][PPO] ep=056/500 r=  615.93 avg10=  620.30 steps=1503 succ10=1.00 touch10=1.00 col10=0.00 to10=0.00 min_d= 0.30 avg_spd=1.99m/s end=goal t= 1082.3s
[TRAIN][PPO] ep=057/500 r=  609.20 avg10=  618.37 steps=1478 succ10=1.00 touch10=1.00 col10=0.00 to10=0.00 min_d= 0.30 avg_spd=1.99m/s end=goal t= 1101.5s
[TRAIN][PPO] ep=058/500 r=  306.69 avg10=  586.71 steps=1067 succ10=0.90 touch10=0.90 col10=0.10 to10=0.00 min_d= 1.39 avg_spd=1.98m/s end=collision t= 1115.4s
[TRAIN][PPO] ep=059/500 r=  621.33 avg10=  588.13 steps=1507 succ10=0.90 touch10=0.90 col10=0.10 to10=0.00 min_d= 0.30 avg_spd=2.00m/s end=goal t= 1135.0s
[TRAIN][PPO] ep=060/500 r=  618.04 avg10=  587.58 steps=1506 succ10=0.90 touch10=0.90 col10=0.10 to10=0.00 min_d= 0.30 avg_spd=1.98m/s end=goal t= 1155.9s
[TRAIN][PPO] ep=061/500 r=  321.86 avg10=  557.62 steps=1112 succ10=0.80 touch10=0.80 col10=0.20 to10=0.00 min_d= 1.36 avg_spd=1.98m/s end=collision t= 1170.1s
[TRAIN][PPO] ep=062/500 r=  623.71 avg10=  556.84 steps=1530 succ10=0.80 touch10=0.80 col10=0.20 to10=0.00 min_d= 0.30 avg_spd=1.99m/s end=goal t= 1190.0s
[TRAIN][PPO] ep=063/500 r=  611.51 avg10=  556.75 steps=1495 succ10=0.80 touch10=0.80 col10=0.20 to10=0.00 min_d= 0.30 avg_spd=1.97m/s end=goal t= 1209.5s
[TRAIN][PPO] ep=064/500 r=  301.10 avg10=  525.48 steps=1062 succ10=0.70 touch10=0.70 col10=0.30 to10=0.00 min_d= 1.41 avg_spd=1.97m/s end=collision t= 1225.4s
[TRAIN][PPO] ep=065/500 r=  603.56 avg10=  523.29 steps=1455 succ10=0.70 touch10=0.70 col10=0.30 to10=0.00 min_d= 0.30 avg_spd=2.02m/s end=goal t= 1244.1s
[TRAIN][PPO] ep=066/500 r=  618.45 avg10=  523.54 steps=1548 succ10=0.70 touch10=0.70 col10=0.30 to10=0.00 min_d= 0.30 avg_spd=1.97m/s end=goal t= 1264.3s
[TRAIN][PPO] ep=067/500 r=  301.14 avg10=  492.74 steps=1050 succ10=0.60 touch10=0.60 col10=0.40 to10=0.00 min_d= 1.37 avg_spd=2.02m/s end=collision t= 1277.8s
[TRAIN][PPO] ep=068/500 r=  620.26 avg10=  524.09 steps=1513 succ10=0.70 touch10=0.70 col10=0.30 to10=0.00 min_d= 0.30 avg_spd=2.00m/s end=goal t= 1298.6s
[TRAIN][PPO] ep=069/500 r=  621.79 avg10=  524.14 steps=1554 succ10=0.70 touch10=0.70 col10=0.30 to10=0.00 min_d= 0.30 avg_spd=1.97m/s end=goal t= 1318.0s
[TRAIN][PPO] ep=070/500 r=  620.94 avg10=  524.43 steps=1530 succ10=0.70 touch10=0.70 col10=0.30 to10=0.00 min_d= 0.30 avg_spd=1.98m/s end=goal t= 1337.6s
[TRAIN][PPO] ep=071/500 r=  626.16 avg10=  554.86 steps=1525 succ10=0.80 touch10=0.80 col10=0.20 to10=0.00 min_d= 0.30 avg_spd=1.99m/s end=goal t= 1357.2s
[TRAIN][PPO] ep=072/500 r=  327.08 avg10=  525.20 steps=1150 succ10=0.70 touch10=0.70 col10=0.30 to10=0.00 min_d= 1.32 avg_spd=1.98m/s end=collision t= 1375.6s
[TRAIN][PPO] ep=073/500 r=  626.01 avg10=  526.65 steps=1525 succ10=0.70 touch10=0.70 col10=0.30 to10=0.00 min_d= 0.30 avg_spd=2.00m/s end=goal t= 1395.1s
[TRAIN][PPO] ep=074/500 r=  624.38 avg10=  558.98 steps=1532 succ10=0.80 touch10=0.80 col10=0.20 to10=0.00 min_d= 0.30 avg_spd=1.99m/s end=goal t= 1414.8s
[TRAIN][PPO] ep=075/500 r=  614.59 avg10=  560.08 steps=1512 succ10=0.80 touch10=0.80 col10=0.20 to10=0.00 min_d= 0.30 avg_spd=1.96m/s end=goal t= 1434.4s
[TRAIN][PPO] ep=076/500 r=  609.92 avg10=  559.23 steps=1497 succ10=0.80 touch10=0.80 col10=0.20 to10=0.00 min_d= 0.30 avg_spd=1.99m/s end=goal t= 1455.7s
[TRAIN][PPO] ep=077/500 r=  616.01 avg10=  590.72 steps=1512 succ10=0.90 touch10=0.90 col10=0.10 to10=0.00 min_d= 0.30 avg_spd=1.99m/s end=goal t= 1475.5s
[TRAIN][PPO] ep=078/500 r=  614.69 avg10=  590.16 steps=1511 succ10=0.90 touch10=0.90 col10=0.10 to10=0.00 min_d= 0.30 avg_spd=2.00m/s end=goal t= 1494.7s
[TRAIN][PPO] ep=079/500 r=  619.37 avg10=  589.92 steps=1530 succ10=0.90 touch10=0.90 col10=0.10 to10=0.00 min_d= 0.30 avg_spd=1.97m/s end=goal t= 1514.3s
[TRAIN][PPO] ep=080/500 r=  620.81 avg10=  589.90 steps=1533 succ10=0.90 touch10=0.90 col10=0.10 to10=0.00 min_d= 0.30 avg_spd=1.99m/s end=goal t= 1535.7s
[TRAIN][PPO] ep=081/500 r=  625.79 avg10=  589.86 steps=1536 succ10=0.90 touch10=0.90 col10=0.10 to10=0.00 min_d= 0.30 avg_spd=1.98m/s end=goal t= 1555.7s
[TRAIN][PPO] ep=082/500 r=  630.88 avg10=  620.24 steps=1549 succ10=1.00 touch10=1.00 col10=0.00 to10=0.00 min_d= 0.30 avg_spd=1.98m/s end=goal t= 1575.7s
[TRAIN][PPO] ep=083/500 r=  606.51 avg10=  618.29 steps=1488 succ10=1.00 touch10=1.00 col10=0.00 to10=0.00 min_d= 0.30 avg_spd=1.99m/s end=goal t= 1595.2s
[TRAIN][PPO] ep=084/500 r=  620.05 avg10=  617.86 steps=1524 succ10=1.00 touch10=1.00 col10=0.00 to10=0.00 min_d= 0.30 avg_spd=1.99m/s end=goal t= 1617.0s
[TRAIN][PPO] ep=085/500 r=  610.82 avg10=  617.48 steps=1494 succ10=1.00 touch10=1.00 col10=0.00 to10=0.00 min_d= 0.30 avg_spd=1.99m/s end=goal t= 1636.6s
[TRAIN][PPO] ep=086/500 r=  621.52 avg10=  618.64 steps=1528 succ10=1.00 touch10=1.00 col10=0.00 to10=0.00 min_d= 0.30 avg_spd=1.99m/s end=goal t= 1656.6s
[TRAIN][PPO] ep=087/500 r=  606.19 avg10=  617.66 steps=1485 succ10=1.00 touch10=1.00 col10=0.00 to10=0.00 min_d= 0.30 avg_spd=2.00m/s end=goal t= 1675.7s
[TRAIN][PPO] ep=088/500 r=  608.28 avg10=  617.02 steps=1490 succ10=1.00 touch10=1.00 col10=0.00 to10=0.00 min_d= 0.30 avg_spd=2.00m/s end=goal t= 1697.0s
[TRAIN][PPO] ep=089/500 r=  609.57 avg10=  616.04 steps=1481 succ10=1.00 touch10=1.00 col10=0.00 to10=0.00 min_d= 0.30 avg_spd=2.03m/s end=goal t= 1716.1s
[TRAIN][PPO] ep=090/500 r=  617.86 avg10=  615.75 steps=1508 succ10=1.00 touch10=1.00 col10=0.00 to10=0.00 min_d= 0.30 avg_spd=2.00m/s end=goal t= 1735.9s
[TRAIN][PPO] ep=091/500 r=  622.70 avg10=  615.44 steps=1532 succ10=1.00 touch10=1.00 col10=0.00 to10=0.00 min_d= 0.30 avg_spd=1.98m/s end=goal t= 1756.0s
[TRAIN][PPO] ep=092/500 r=  618.48 avg10=  614.20 steps=1505 succ10=1.00 touch10=1.00 col10=0.00 to10=0.00 min_d= 0.30 avg_spd=2.01m/s end=goal t= 1777.5s
[TRAIN][PPO] ep=093/500 r=  609.81 avg10=  614.53 steps=1511 succ10=1.00 touch10=1.00 col10=0.00 to10=0.00 min_d= 0.30 avg_spd=1.99m/s end=goal t= 1797.4s
[TRAIN][PPO] ep=094/500 r=  609.98 avg10=  613.52 steps=1481 succ10=1.00 touch10=1.00 col10=0.00 to10=0.00 min_d= 0.30 avg_spd=2.01m/s end=goal t= 1816.6s
[TRAIN][PPO] ep=095/500 r=  610.26 avg10=  613.46 steps=1493 succ10=1.00 touch10=1.00 col10=0.00 to10=0.00 min_d= 0.30 avg_spd=1.99m/s end=goal t= 1835.9s
[TRAIN][PPO] ep=096/500 r=  612.54 avg10=  612.57 steps=1494 succ10=1.00 touch10=1.00 col10=0.00 to10=0.00 min_d= 0.30 avg_spd=2.01m/s end=goal t= 1858.2s
[TRAIN][PPO] ep=097/500 r=  608.86 avg10=  612.83 steps=1478 succ10=1.00 touch10=1.00 col10=0.00 to10=0.00 min_d= 0.30 avg_spd=2.01m/s end=goal t= 1877.7s
[TRAIN][PPO] ep=098/500 r=  619.20 avg10=  613.93 steps=1500 succ10=1.00 touch10=1.00 col10=0.00 to10=0.00 min_d= 0.30 avg_spd=2.00m/s end=goal t= 1897.2s
[TRAIN][PPO] ep=099/500 r=  618.80 avg10=  614.85 steps=1518 succ10=1.00 touch10=1.00 col10=0.00 to10=0.00 min_d= 0.30 avg_spd=2.02m/s end=goal t= 1917.2s
[TRAIN][PPO] ep=100/500 r=  606.49 avg10=  613.71 steps=1487 succ10=1.00 touch10=1.00 col10=0.00 to10=0.00 min_d= 0.30 avg_spd=2.00m/s end=goal t= 1937.8s ckpt=latest
[TRAIN][PPO] ep=101/500 r=  607.50 avg10=  612.19 steps=1465 succ10=1.00 touch10=1.00 col10=0.00 to10=0.00 min_d= 0.30 avg_spd=2.03m/s end=goal t= 1956.6s
[TRAIN][PPO] ep=102/500 r=  616.99 avg10=  612.04 steps=1497 succ10=1.00 touch10=1.00 col10=0.00 to10=0.00 min_d= 0.30 avg_spd=2.01m/s end=goal t= 1976.0s
[TRAIN][PPO] ep=103/500 r=  616.82 avg10=  612.74 steps=1531 succ10=1.00 touch10=1.00 col10=0.00 to10=0.00 min_d= 0.30 avg_spd=2.00m/s end=goal t= 1996.2s
[TRAIN][PPO] ep=104/500 r=  620.33 avg10=  613.78 steps=1505 succ10=1.00 touch10=1.00 col10=0.00 to10=0.00 min_d= 0.30 avg_spd=2.00m/s end=goal t= 2017.4s
[TRAIN][PPO] ep=105/500 r=  616.45 avg10=  614.40 steps=1506 succ10=1.00 touch10=1.00 col10=0.00 to10=0.00 min_d= 0.30 avg_spd=1.99m/s end=goal t= 2037.0s
[TRAIN][PPO] ep=106/500 r=  322.14 avg10=  585.36 steps=1115 succ10=0.90 touch10=0.90 col10=0.10 to10=0.00 min_d= 1.28 avg_spd=2.01m/s end=collision t= 2051.3s
[TRAIN][PPO] ep=107/500 r=  610.94 avg10=  585.56 steps=1485 succ10=0.90 touch10=0.90 col10=0.10 to10=0.00 min_d= 0.30 avg_spd=2.01m/s end=goal t= 2070.5s
[TRAIN][PPO] ep=108/500 r=  607.37 avg10=  584.38 steps=1472 succ10=0.90 touch10=0.90 col10=0.10 to10=0.00 min_d= 0.30 avg_spd=2.03m/s end=goal t= 2091.7s
[TRAIN][PPO] ep=109/500 r=  611.24 avg10=  583.63 steps=1487 succ10=0.90 touch10=0.90 col10=0.10 to10=0.00 min_d= 0.30 avg_spd=2.01m/s end=goal t= 2111.0s
[TRAIN][PPO] ep=110/500 r=  624.30 avg10=  585.41 steps=1527 succ10=0.90 touch10=0.90 col10=0.10 to10=0.00 min_d= 0.30 avg_spd=1.99m/s end=goal t= 2131.0s
[TRAIN][PPO] ep=111/500 r=  611.01 avg10=  585.76 steps=1503 succ10=0.90 touch10=0.90 col10=0.10 to10=0.00 min_d= 0.30 avg_spd=2.00m/s end=goal t= 2150.5s
[TRAIN][PPO] ep=112/500 r=  620.45 avg10=  586.11 steps=1530 succ10=0.90 touch10=0.90 col10=0.10 to10=0.00 min_d= 0.30 avg_spd=1.99m/s end=goal t= 2172.4s
[TRAIN][PPO] ep=113/500 r=  614.90 avg10=  585.91 steps=1531 succ10=0.90 touch10=0.90 col10=0.10 to10=0.00 min_d= 0.30 avg_spd=1.99m/s end=goal t= 2192.2s
[TRAIN][PPO] ep=114/500 r=  612.02 avg10=  585.08 steps=1501 succ10=0.90 touch10=0.90 col10=0.10 to10=0.00 min_d= 0.30 avg_spd=1.98m/s end=goal t= 2211.4s
[TRAIN][PPO] ep=115/500 r=  612.07 avg10=  584.64 steps=1496 succ10=0.90 touch10=0.90 col10=0.10 to10=0.00 min_d= 0.30 avg_spd=2.00m/s end=goal t= 2230.0s
[TRAIN][PPO] ep=116/500 r=  614.11 avg10=  613.84 steps=1497 succ10=1.00 touch10=1.00 col10=0.00 to10=0.00 min_d= 0.30 avg_spd=1.99m/s end=goal t= 2251.7s
[TRAIN][PPO] ep=117/500 r=  604.06 avg10=  613.15 steps=1474 succ10=1.00 touch10=1.00 col10=0.00 to10=0.00 min_d= 0.30 avg_spd=2.02m/s end=goal t= 2270.8s
[TRAIN][PPO] ep=118/500 r=  613.72 avg10=  613.79 steps=1501 succ10=1.00 touch10=1.00 col10=0.00 to10=0.00 min_d= 0.30 avg_spd=1.99m/s end=goal t= 2290.5s
[TRAIN][PPO] ep=119/500 r=  615.98 avg10=  614.26 steps=1537 succ10=1.00 touch10=1.00 col10=0.00 to10=0.00 min_d= 0.30 avg_spd=1.99m/s end=goal t= 2310.6s
[TRAIN][PPO] ep=120/500 r=  617.84 avg10=  613.62 steps=1518 succ10=1.00 touch10=1.00 col10=0.00 to10=0.00 min_d= 0.30 avg_spd=2.00m/s end=goal t= 2332.3s
[TRAIN][PPO] ep=121/500 r=  612.30 avg10=  613.75 steps=1497 succ10=1.00 touch10=1.00 col10=0.00 to10=0.00 min_d= 0.30 avg_spd=2.00m/s end=goal t= 2351.8s
[TRAIN][PPO] ep=122/500 r=  602.72 avg10=  611.97 steps=1460 succ10=1.00 touch10=1.00 col10=0.00 to10=0.00 min_d= 0.30 avg_spd=2.01m/s end=goal t= 2371.2s
[TRAIN][PPO] ep=123/500 r=  627.99 avg10=  613.28 steps=1543 succ10=1.00 touch10=1.00 col10=0.00 to10=0.00 min_d= 0.30 avg_spd=1.97m/s end=goal t= 2391.2s
[TRAIN][PPO] ep=124/500 r=  618.75 avg10=  613.95 steps=1517 succ10=1.00 touch10=1.00 col10=0.00 to10=0.00 min_d= 0.30 avg_spd=2.01m/s end=goal t= 2413.0s
[TRAIN][PPO] ep=125/500 r=  623.49 avg10=  615.10 steps=1540 succ10=1.00 touch10=1.00 col10=0.00 to10=0.00 min_d= 0.30 avg_spd=1.98m/s end=goal t= 2433.0s
[TRAIN][PPO] ep=126/500 r=  613.95 avg10=  615.08 steps=1491 succ10=1.00 touch10=1.00 col10=0.00 to10=0.00 min_d= 0.30 avg_spd=1.99m/s end=goal t= 2452.6s
[TRAIN][PPO] ep=127/500 r=  614.34 avg10=  616.11 steps=1506 succ10=1.00 touch10=1.00 col10=0.00 to10=0.00 min_d= 0.30 avg_spd=1.99m/s end=goal t= 2472.5s
[TRAIN][PPO] ep=128/500 r=  623.30 avg10=  617.07 steps=1521 succ10=1.00 touch10=1.00 col10=0.00 to10=0.00 min_d= 0.30 avg_spd=1.99m/s end=goal t= 2494.4s
[TRAIN][PPO] ep=129/500 r=  615.31 avg10=  617.00 steps=1496 succ10=1.00 touch10=1.00 col10=0.00 to10=0.00 min_d= 0.30 avg_spd=2.00m/s end=goal t= 2514.0s
[TRAIN][PPO] ep=130/500 r=  621.22 avg10=  617.34 steps=1518 succ10=1.00 touch10=1.00 col10=0.00 to10=0.00 min_d= 0.30 avg_spd=2.00m/s end=goal t= 2533.5s
[TRAIN][PPO] ep=131/500 r=  315.16 avg10=  587.62 steps=1097 succ10=0.90 touch10=0.90 col10=0.10 to10=0.00 min_d= 1.38 avg_spd=2.00m/s end=collision t= 2547.8s
[TRAIN][PPO] ep=132/500 r=  615.20 avg10=  588.87 steps=1503 succ10=0.90 touch10=0.90 col10=0.10 to10=0.00 min_d= 0.30 avg_spd=2.01m/s end=goal t= 2571.4s
[TRAIN][PPO] ep=133/500 r=  610.55 avg10=  587.13 steps=1509 succ10=0.90 touch10=0.90 col10=0.10 to10=0.00 min_d= 0.30 avg_spd=2.01m/s end=goal t= 2591.4s
[TRAIN][PPO] ep=134/500 r=  624.46 avg10=  587.70 steps=1529 succ10=0.90 touch10=0.90 col10=0.10 to10=0.00 min_d= 0.30 avg_spd=2.00m/s end=goal t= 2611.6s
[TRAIN][PPO] ep=135/500 r=  607.83 avg10=  586.13 steps=1474 succ10=0.90 touch10=0.90 col10=0.10 to10=0.00 min_d= 0.30 avg_spd=1.99m/s end=goal t= 2631.0s
[TRAIN][PPO] ep=136/500 r=  618.70 avg10=  586.61 steps=1516 succ10=0.90 touch10=0.90 col10=0.10 to10=0.00 min_d= 0.30 avg_spd=2.02m/s end=goal t= 2652.9s
[TRAIN][PPO] ep=137/500 r=  607.95 avg10=  585.97 steps=1480 succ10=0.90 touch10=0.90 col10=0.10 to10=0.00 min_d= 0.30 avg_spd=2.02m/s end=goal t= 2672.4s
[TRAIN][PPO] ep=138/500 r=  611.12 avg10=  584.75 steps=1503 succ10=0.90 touch10=0.90 col10=0.10 to10=0.00 min_d= 0.30 avg_spd=1.99m/s end=goal t= 2692.2s
[TRAIN][PPO] ep=139/500 r=  614.13 avg10=  584.63 steps=1497 succ10=0.90 touch10=0.90 col10=0.10 to10=0.00 min_d= 0.30 avg_spd=2.01m/s end=goal t= 2712.1s
[TRAIN][PPO] ep=140/500 r=  615.04 avg10=  584.01 steps=1521 succ10=0.90 touch10=0.90 col10=0.10 to10=0.00 min_d= 0.30 avg_spd=2.02m/s end=goal t= 2734.0s
[TRAIN][PPO] ep=141/500 r=  617.74 avg10=  614.27 steps=1514 succ10=1.00 touch10=1.00 col10=0.00 to10=0.00 min_d= 0.30 avg_spd=2.02m/s end=goal t= 2754.1s
[TRAIN][PPO] ep=142/500 r=  620.74 avg10=  614.83 steps=1515 succ10=1.00 touch10=1.00 col10=0.00 to10=0.00 min_d= 0.30 avg_spd=2.01m/s end=goal t= 2774.1s
[TRAIN][PPO] ep=143/500 r=  602.58 avg10=  614.03 steps=1462 succ10=1.00 touch10=1.00 col10=0.00 to10=0.00 min_d= 0.30 avg_spd=2.03m/s end=goal t= 2792.3s
[TRAIN][PPO] ep=144/500 r=  619.58 avg10=  613.54 steps=1513 succ10=1.00 touch10=1.00 col10=0.00 to10=0.00 min_d= 0.30 avg_spd=1.99m/s end=goal t= 2813.6s
[TRAIN][PPO] ep=145/500 r=  617.45 avg10=  614.50 steps=1525 succ10=1.00 touch10=1.00 col10=0.00 to10=0.00 min_d= 0.30 avg_spd=1.99m/s end=goal t= 2833.4s
[TRAIN][PPO] ep=146/500 r=  603.48 avg10=  612.98 steps=1460 succ10=1.00 touch10=1.00 col10=0.00 to10=0.00 min_d= 0.30 avg_spd=2.02m/s end=goal t= 2852.5s
[TRAIN][PPO] ep=147/500 r=  620.27 avg10=  614.21 steps=1534 succ10=1.00 touch10=1.00 col10=0.00 to10=0.00 min_d= 0.30 avg_spd=2.01m/s end=goal t= 2872.5s
[TRAIN][PPO] ep=148/500 r=  601.02 avg10=  613.20 steps=1484 succ10=1.00 touch10=1.00 col10=0.00 to10=0.00 min_d= 0.30 avg_spd=2.01m/s end=goal t= 2894.6s
[TRAIN][PPO] ep=149/500 r=  599.63 avg10=  611.75 steps=1450 succ10=1.00 touch10=1.00 col10=0.00 to10=0.00 min_d= 0.30 avg_spd=2.02m/s end=goal t= 2913.6s
[TRAIN][PPO] ep=150/500 r=  616.72 avg10=  611.92 steps=1519 succ10=1.00 touch10=1.00 col10=0.00 to10=0.00 min_d= 0.30 avg_spd=2.02m/s end=goal t= 2933.4s
[TRAIN][PPO] ep=151/500 r=  597.46 avg10=  609.89 steps=1458 succ10=1.00 touch10=1.00 col10=0.00 to10=0.00 min_d= 0.30 avg_spd=2.03m/s end=goal t= 2952.3s
[TRAIN][PPO] ep=152/500 r=  597.01 avg10=  607.52 steps=1446 succ10=1.00 touch10=1.00 col10=0.00 to10=0.00 min_d= 0.30 avg_spd=2.04m/s end=goal t= 2972.4s
[TRAIN][PPO] ep=153/500 r=  623.38 avg10=  609.60 steps=1532 succ10=1.00 touch10=1.00 col10=0.00 to10=0.00 min_d= 0.30 avg_spd=2.00m/s end=goal t= 2991.4s
[TRAIN][PPO] ep=154/500 r=  625.27 avg10=  610.17 steps=1542 succ10=1.00 touch10=1.00 col10=0.00 to10=0.00 min_d= 0.30 avg_spd=1.99m/s end=goal t= 3011.5s
[TRAIN][PPO] ep=155/500 r=  610.13 avg10=  609.44 steps=1495 succ10=1.00 touch10=1.00 col10=0.00 to10=0.00 min_d= 0.30 avg_spd=2.03m/s end=goal t= 3031.0s
[TRAIN][PPO] ep=156/500 r=  612.89 avg10=  610.38 steps=1508 succ10=1.00 touch10=1.00 col10=0.00 to10=0.00 min_d= 0.30 avg_spd=2.00m/s end=goal t= 3053.1s
[TRAIN][PPO] ep=157/500 r=  613.88 avg10=  609.74 steps=1489 succ10=1.00 touch10=1.00 col10=0.00 to10=0.00 min_d= 0.30 avg_spd=2.02m/s end=goal t= 3072.7s
[TRAIN][PPO] ep=158/500 r=  601.46 avg10=  609.78 steps=1461 succ10=1.00 touch10=1.00 col10=0.00 to10=0.00 min_d= 0.30 avg_spd=2.02m/s end=goal t= 3092.0s
[TRAIN][PPO] ep=159/500 r=  604.19 avg10=  610.24 steps=1465 succ10=1.00 touch10=1.00 col10=0.00 to10=0.00 min_d= 0.30 avg_spd=2.01m/s end=goal t= 3111.2s
[TRAIN][PPO] ep=160/500 r=  614.03 avg10=  609.97 steps=1503 succ10=1.00 touch10=1.00 col10=0.00 to10=0.00 min_d= 0.30 avg_spd=2.01m/s end=goal t= 3132.7s
[TRAIN][PPO] ep=161/500 r=  610.25 avg10=  611.25 steps=1490 succ10=1.00 touch10=1.00 col10=0.00 to10=0.00 min_d= 0.30 avg_spd=2.00m/s end=goal t= 3152.3s
[TRAIN][PPO] ep=162/500 r=  614.67 avg10=  613.01 steps=1496 succ10=1.00 touch10=1.00 col10=0.00 to10=0.00 min_d= 0.30 avg_spd=2.02m/s end=goal t= 3172.1s
[TRAIN][PPO] ep=163/500 r=  616.27 avg10=  612.30 steps=1525 succ10=1.00 touch10=1.00 col10=0.00 to10=0.00 min_d= 0.30 avg_spd=2.01m/s end=goal t= 3191.9s
[TRAIN][PPO] ep=164/500 r=  374.33 avg10=  587.21 steps=1273 succ10=0.90 touch10=0.90 col10=0.10 to10=0.00 min_d= 0.88 avg_spd=2.02m/s end=collision t= 3210.7s
[TRAIN][PPO] ep=165/500 r=  295.05 avg10=  555.70 steps=1050 succ10=0.80 touch10=0.80 col10=0.20 to10=0.00 min_d= 1.40 avg_spd=1.99m/s end=collision t= 3224.4s
[TRAIN][PPO] ep=166/500 r=  600.47 avg10=  554.46 steps=1464 succ10=0.80 touch10=0.80 col10=0.20 to10=0.00 min_d= 0.30 avg_spd=2.02m/s end=goal t= 3243.5s
[TRAIN][PPO] ep=167/500 r=  609.31 avg10=  554.00 steps=1490 succ10=0.80 touch10=0.80 col10=0.20 to10=0.00 min_d= 0.30 avg_spd=2.04m/s end=goal t= 3262.9s
[TRAIN][PPO] ep=168/500 r=  609.77 avg10=  554.83 steps=1495 succ10=0.80 touch10=0.80 col10=0.20 to10=0.00 min_d= 0.30 avg_spd=2.01m/s end=goal t= 3284.9s
[TRAIN][PPO] ep=169/500 r=  616.71 avg10=  556.08 steps=1512 succ10=0.80 touch10=0.80 col10=0.20 to10=0.00 min_d= 0.30 avg_spd=2.01m/s end=goal t= 3304.8s
[TRAIN][PPO] ep=170/500 r=  604.43 avg10=  555.12 steps=1479 succ10=0.80 touch10=0.80 col10=0.20 to10=0.00 min_d= 0.30 avg_spd=2.03m/s end=goal t= 3324.3s
[TRAIN][PPO] ep=171/500 r=  617.08 avg10=  555.81 steps=1519 succ10=0.80 touch10=0.80 col10=0.20 to10=0.00 min_d= 0.30 avg_spd=2.00m/s end=goal t= 3344.5s
[TRAIN][PPO] ep=172/500 r=  612.32 avg10=  555.57 steps=1495 succ10=0.80 touch10=0.80 col10=0.20 to10=0.00 min_d= 0.30 avg_spd=2.01m/s end=goal t= 3366.1s
[TRAIN][PPO] ep=173/500 r=  598.89 avg10=  553.83 steps=1461 succ10=0.80 touch10=0.80 col10=0.20 to10=0.00 min_d= 0.30 avg_spd=2.02m/s end=goal t= 3385.4s
[TRAIN][PPO] ep=174/500 r=  597.95 avg10=  576.20 steps=1468 succ10=0.90 touch10=0.90 col10=0.10 to10=0.00 min_d= 0.30 avg_spd=2.02m/s end=goal t= 3404.6s
[TRAIN][PPO] ep=175/500 r=  623.93 avg10=  609.08 steps=1537 succ10=1.00 touch10=1.00 col10=0.00 to10=0.00 min_d= 0.30 avg_spd=2.00m/s end=goal t= 3424.9s
[TRAIN][PPO] ep=176/500 r=  618.19 avg10=  610.86 steps=1532 succ10=1.00 touch10=1.00 col10=0.00 to10=0.00 min_d= 0.30 avg_spd=1.98m/s end=goal t= 3447.0s
[TRAIN][PPO] ep=177/500 r=  617.35 avg10=  611.66 steps=1516 succ10=1.00 touch10=1.00 col10=0.00 to10=0.00 min_d= 0.30 avg_spd=2.02m/s end=goal t= 3466.9s
[TRAIN][PPO] ep=178/500 r=  608.76 avg10=  611.56 steps=1492 succ10=1.00 touch10=1.00 col10=0.00 to10=0.00 min_d= 0.30 avg_spd=1.99m/s end=goal t= 3486.1s
[TRAIN][PPO] ep=179/500 r=  609.26 avg10=  610.82 steps=1479 succ10=1.00 touch10=1.00 col10=0.00 to10=0.00 min_d= 0.30 avg_spd=2.03m/s end=goal t= 3505.6s
[TRAIN][PPO] ep=180/500 r=  610.84 avg10=  611.46 steps=1496 succ10=1.00 touch10=1.00 col10=0.00 to10=0.00 min_d= 0.30 avg_spd=2.01m/s end=goal t= 3527.0s
[TRAIN][PPO] ep=181/500 r=  614.50 avg10=  611.20 steps=1509 succ10=1.00 touch10=1.00 col10=0.00 to10=0.00 min_d= 0.30 avg_spd=2.00m/s end=goal t= 3547.0s
[TRAIN][PPO] ep=182/500 r=  611.80 avg10=  611.15 steps=1515 succ10=1.00 touch10=1.00 col10=0.00 to10=0.00 min_d= 0.30 avg_spd=1.98m/s end=goal t= 3566.6s
[TRAIN][PPO] ep=183/500 r=  618.69 avg10=  613.13 steps=1505 succ10=1.00 touch10=1.00 col10=0.00 to10=0.00 min_d= 0.30 avg_spd=2.01m/s end=goal t= 3585.9s
[TRAIN][PPO] ep=184/500 r=  606.84 avg10=  614.01 steps=1486 succ10=1.00 touch10=1.00 col10=0.00 to10=0.00 min_d= 0.30 avg_spd=2.01m/s end=goal t= 3606.7s
[TRAIN][PPO] ep=185/500 r=  611.59 avg10=  612.78 steps=1493 succ10=1.00 touch10=1.00 col10=0.00 to10=0.00 min_d= 0.30 avg_spd=2.03m/s end=goal t= 3626.2s
[TRAIN][PPO] ep=186/500 r=  601.90 avg10=  611.15 steps=1467 succ10=1.00 touch10=1.00 col10=0.00 to10=0.00 min_d= 0.30 avg_spd=2.02m/s end=goal t= 3645.3s
[TRAIN][PPO] ep=187/500 r=  609.04 avg10=  610.32 steps=1500 succ10=1.00 touch10=1.00 col10=0.00 to10=0.00 min_d= 0.30 avg_spd=2.01m/s end=goal t= 3664.6s
[TRAIN][PPO] ep=188/500 r=  603.59 avg10=  609.80 steps=1468 succ10=1.00 touch10=1.00 col10=0.00 to10=0.00 min_d= 0.30 avg_spd=2.03m/s end=goal t= 3686.1s
[TRAIN][PPO] ep=189/500 r=  601.35 avg10=  609.01 steps=1476 succ10=1.00 touch10=1.00 col10=0.00 to10=0.00 min_d= 0.30 avg_spd=2.01m/s end=goal t= 3705.4s
[TRAIN][PPO] ep=190/500 r=  613.37 avg10=  609.27 steps=1511 succ10=1.00 touch10=1.00 col10=0.00 to10=0.00 min_d= 0.30 avg_spd=2.00m/s end=goal t= 3725.1s
[TRAIN][PPO] ep=191/500 r=  608.15 avg10=  608.63 steps=1485 succ10=1.00 touch10=1.00 col10=0.00 to10=0.00 min_d= 0.30 avg_spd=2.01m/s end=goal t= 3744.5s
[TRAIN][PPO] ep=192/500 r=  616.68 avg10=  609.12 steps=1507 succ10=1.00 touch10=1.00 col10=0.00 to10=0.00 min_d= 0.30 avg_spd=2.02m/s end=goal t= 3767.4s
[TRAIN][PPO] ep=193/500 r=  611.03 avg10=  608.35 steps=1506 succ10=1.00 touch10=1.00 col10=0.00 to10=0.00 min_d= 0.30 avg_spd=2.02m/s end=goal t= 3787.2s
[TRAIN][PPO] ep=194/500 r=  377.34 avg10=  585.40 steps=1278 succ10=0.90 touch10=0.90 col10=0.10 to10=0.00 min_d= 0.86 avg_spd=1.99m/s end=collision t= 3804.0s
[TRAIN][PPO] ep=195/500 r=  615.94 avg10=  585.84 steps=1511 succ10=0.90 touch10=0.90 col10=0.10 to10=0.00 min_d= 0.30 avg_spd=2.00m/s end=goal t= 3823.9s
[TRAIN][PPO] ep=196/500 r=  616.58 avg10=  587.31 steps=1509 succ10=0.90 touch10=0.90 col10=0.10 to10=0.00 min_d= 0.30 avg_spd=2.01m/s end=goal t= 3845.3s
[TRAIN][PPO] ep=197/500 r=  607.42 avg10=  587.14 steps=1488 succ10=0.90 touch10=0.90 col10=0.10 to10=0.00 min_d= 0.30 avg_spd=2.01m/s end=goal t= 3864.9s
[TRAIN][PPO] ep=198/500 r=  615.28 avg10=  588.31 steps=1509 succ10=0.90 touch10=0.90 col10=0.10 to10=0.00 min_d= 0.30 avg_spd=2.02m/s end=goal t= 3884.7s
[TRAIN][PPO] ep=199/500 r=  612.45 avg10=  589.42 steps=1496 succ10=0.90 touch10=0.90 col10=0.10 to10=0.00 min_d= 0.30 avg_spd=2.02m/s end=goal t= 3903.9s
[TRAIN][PPO] ep=200/500 r=  604.53 avg10=  588.54 steps=1482 succ10=0.90 touch10=0.90 col10=0.10 to10=0.00 min_d= 0.30 avg_spd=2.02m/s end=goal t= 3924.7s ckpt=latest
[TRAIN][PPO] ep=201/500 r=  618.68 avg10=  589.59 steps=1522 succ10=0.90 touch10=0.90 col10=0.10 to10=0.00 min_d= 0.30 avg_spd=2.00m/s end=goal t= 3944.8s
[TRAIN][PPO] ep=202/500 r=  606.09 avg10=  588.53 steps=1479 succ10=0.90 touch10=0.90 col10=0.10 to10=0.00 min_d= 0.30 avg_spd=2.01m/s end=goal t= 3964.4s
[TRAIN][PPO] ep=203/500 r=  610.53 avg10=  588.48 steps=1507 succ10=0.90 touch10=0.90 col10=0.10 to10=0.00 min_d= 0.30 avg_spd=1.98m/s end=goal t= 3983.4s
[TRAIN][PPO] ep=204/500 r=  609.34 avg10=  611.68 steps=1490 succ10=1.00 touch10=1.00 col10=0.00 to10=0.00 min_d= 0.30 avg_spd=2.00m/s end=goal t= 4004.0s
[TRAIN][PPO] ep=205/500 r=  598.42 avg10=  609.93 steps=1453 succ10=1.00 touch10=1.00 col10=0.00 to10=0.00 min_d= 0.30 avg_spd=2.03m/s end=goal t= 4022.9s
[TRAIN][PPO] ep=206/500 r=  614.84 avg10=  609.76 steps=1508 succ10=1.00 touch10=1.00 col10=0.00 to10=0.00 min_d= 0.30 avg_spd=2.00m/s end=goal t= 4042.8s
[TRAIN][PPO] ep=207/500 r=  605.81 avg10=  609.60 steps=1476 succ10=1.00 touch10=1.00 col10=0.00 to10=0.00 min_d= 0.30 avg_spd=2.02m/s end=goal t= 4062.2s
[TRAIN][PPO] ep=208/500 r=  606.95 avg10=  608.76 steps=1475 succ10=1.00 touch10=1.00 col10=0.00 to10=0.00 min_d= 0.30 avg_spd=2.01m/s end=goal t= 4085.0s
[TRAIN][PPO] ep=209/500 r=  606.47 avg10=  608.17 steps=1482 succ10=1.00 touch10=1.00 col10=0.00 to10=0.00 min_d= 0.30 avg_spd=2.01m/s end=goal t= 4103.6s
[TRAIN][PPO] ep=210/500 r=  617.94 avg10=  609.51 steps=1533 succ10=1.00 touch10=1.00 col10=0.00 to10=0.00 min_d= 0.30 avg_spd=1.99m/s end=goal t= 4123.3s
[TRAIN][PPO] ep=211/500 r=  617.68 avg10=  609.41 steps=1523 succ10=1.00 touch10=1.00 col10=0.00 to10=0.00 min_d= 0.30 avg_spd=1.99m/s end=goal t= 4143.3s
[TRAIN][PPO] ep=212/500 r=  602.75 avg10=  609.07 steps=1462 succ10=1.00 touch10=1.00 col10=0.00 to10=0.00 min_d= 0.30 avg_spd=2.02m/s end=goal t= 4164.2s
[TRAIN][PPO] ep=213/500 r=  618.09 avg10=  609.83 steps=1511 succ10=1.00 touch10=1.00 col10=0.00 to10=0.00 min_d= 0.30 avg_spd=2.01m/s end=goal t= 4183.4s
[TRAIN][PPO] ep=214/500 r=  620.03 avg10=  610.90 steps=1515 succ10=1.00 touch10=1.00 col10=0.00 to10=0.00 min_d= 0.30 avg_spd=1.99m/s end=goal t= 4202.5s
[TRAIN][PPO] ep=215/500 r=  620.18 avg10=  613.07 steps=1518 succ10=1.00 touch10=1.00 col10=0.00 to10=0.00 min_d= 0.30 avg_spd=2.01m/s end=goal t= 4222.3s
[TRAIN][PPO] ep=216/500 r=  617.64 avg10=  613.35 steps=1504 succ10=1.00 touch10=1.00 col10=0.00 to10=0.00 min_d= 0.30 avg_spd=1.99m/s end=goal t= 4244.1s
[TRAIN][PPO] ep=217/500 r=  619.42 avg10=  614.72 steps=1522 succ10=1.00 touch10=1.00 col10=0.00 to10=0.00 min_d= 0.30 avg_spd=2.01m/s end=goal t= 4264.0s
[TRAIN][PPO] ep=218/500 r=  600.95 avg10=  614.12 steps=1455 succ10=1.00 touch10=1.00 col10=0.00 to10=0.00 min_d= 0.30 avg_spd=2.02m/s end=goal t= 4282.9s
[TRAIN][PPO] ep=219/500 r=  621.16 avg10=  615.58 steps=1527 succ10=1.00 touch10=1.00 col10=0.00 to10=0.00 min_d= 0.30 avg_spd=2.01m/s end=goal t= 4303.0s
[TRAIN][PPO] ep=220/500 r=  612.14 avg10=  615.00 steps=1502 succ10=1.00 touch10=1.00 col10=0.00 to10=0.00 min_d= 0.30 avg_spd=2.00m/s end=goal t= 4324.3s
[TRAIN][PPO] ep=221/500 r=  617.13 avg10=  614.95 steps=1512 succ10=1.00 touch10=1.00 col10=0.00 to10=0.00 min_d= 0.30 avg_spd=1.99m/s end=goal t= 4344.0s
[TRAIN][PPO] ep=222/500 r=  614.80 avg10=  616.15 steps=1507 succ10=1.00 touch10=1.00 col10=0.00 to10=0.00 min_d= 0.30 avg_spd=1.98m/s end=goal t= 4363.1s
[TRAIN][PPO] ep=223/500 r=  624.30 avg10=  616.78 steps=1530 succ10=1.00 touch10=1.00 col10=0.00 to10=0.00 min_d= 0.30 avg_spd=2.00m/s end=goal t= 4382.7s
[TRAIN][PPO] ep=224/500 r=  618.09 avg10=  616.58 steps=1519 succ10=1.00 touch10=1.00 col10=0.00 to10=0.00 min_d= 0.30 avg_spd=1.99m/s end=goal t= 4404.3s
[TRAIN][PPO] ep=225/500 r=  297.79 avg10=  584.34 steps=1052 succ10=0.90 touch10=0.90 col10=0.10 to10=0.00 min_d= 1.37 avg_spd=1.98m/s end=collision t= 4417.9s
[TRAIN][PPO] ep=226/500 r=  604.13 avg10=  582.99 steps=1480 succ10=0.90 touch10=0.90 col10=0.10 to10=0.00 min_d= 0.30 avg_spd=2.00m/s end=goal t= 4437.2s
[TRAIN][PPO] ep=227/500 r=  615.66 avg10=  582.61 steps=1514 succ10=0.90 touch10=0.90 col10=0.10 to10=0.00 min_d= 0.30 avg_spd=1.99m/s end=goal t= 4456.9s
[TRAIN][PPO] ep=228/500 r=  612.03 avg10=  583.72 steps=1497 succ10=0.90 touch10=0.90 col10=0.10 to10=0.00 min_d= 0.30 avg_spd=2.02m/s end=goal t= 4477.0s
[TRAIN][PPO] ep=229/500 r=  609.71 avg10=  582.58 steps=1487 succ10=0.90 touch10=0.90 col10=0.10 to10=0.00 min_d= 0.30 avg_spd=2.01m/s end=goal t= 4495.5s
[TRAIN][PPO] ep=230/500 r=  315.60 avg10=  552.92 steps=1103 succ10=0.80 touch10=0.80 col10=0.20 to10=0.00 min_d= 1.39 avg_spd=1.99m/s end=collision t= 4509.1s
[TRAIN][PPO] ep=231/500 r=  620.50 avg10=  553.26 steps=1510 succ10=0.80 touch10=0.80 col10=0.20 to10=0.00 min_d= 0.30 avg_spd=2.00m/s end=goal t= 4529.1s
[TRAIN][PPO] ep=232/500 r=  613.72 avg10=  553.15 steps=1496 succ10=0.80 touch10=0.80 col10=0.20 to10=0.00 min_d= 0.30 avg_spd=2.02m/s end=goal t= 4551.3s
[TRAIN][PPO] ep=233/500 r=  614.36 avg10=  552.16 steps=1491 succ10=0.80 touch10=0.80 col10=0.20 to10=0.00 min_d= 0.30 avg_spd=2.02m/s end=goal t= 4570.8s
[TRAIN][PPO] ep=234/500 r=  606.80 avg10=  551.03 steps=1472 succ10=0.80 touch10=0.80 col10=0.20 to10=0.00 min_d= 0.30 avg_spd=2.02m/s end=goal t= 4590.0s
[TRAIN][PPO] ep=235/500 r=  615.02 avg10=  582.75 steps=1504 succ10=0.90 touch10=0.90 col10=0.10 to10=0.00 min_d= 0.30 avg_spd=2.00m/s end=goal t= 4609.8s
[TRAIN][PPO] ep=236/500 r=  610.09 avg10=  583.35 steps=1488 succ10=0.90 touch10=0.90 col10=0.10 to10=0.00 min_d= 0.30 avg_spd=2.03m/s end=goal t= 4631.0s
[TRAIN][PPO] ep=237/500 r=  614.18 avg10=  583.20 steps=1500 succ10=0.90 touch10=0.90 col10=0.10 to10=0.00 min_d= 0.30 avg_spd=2.01m/s end=goal t= 4650.6s
[TRAIN][PPO] ep=238/500 r=  605.17 avg10=  582.51 steps=1478 succ10=0.90 touch10=0.90 col10=0.10 to10=0.00 min_d= 0.30 avg_spd=2.00m/s end=goal t= 4670.1s
[TRAIN][PPO] ep=239/500 r=  610.24 avg10=  582.57 steps=1492 succ10=0.90 touch10=0.90 col10=0.10 to10=0.00 min_d= 0.30 avg_spd=2.02m/s end=goal t= 4690.1s
[TRAIN][PPO] ep=240/500 r=  311.07 avg10=  582.12 steps=1085 succ10=0.90 touch10=0.90 col10=0.10 to10=0.00 min_d= 1.32 avg_spd=2.02m/s end=collision t= 4706.0s
[TRAIN][PPO] ep=241/500 r=  610.41 avg10=  581.11 steps=1487 succ10=0.90 touch10=0.90 col10=0.10 to10=0.00 min_d= 0.30 avg_spd=1.99m/s end=goal t= 4725.9s
[TRAIN][PPO] ep=242/500 r=  606.50 avg10=  580.38 steps=1471 succ10=0.90 touch10=0.90 col10=0.10 to10=0.00 min_d= 0.30 avg_spd=2.01m/s end=goal t= 4745.6s
[TRAIN][PPO] ep=243/500 r=  604.93 avg10=  579.44 steps=1475 succ10=0.90 touch10=0.90 col10=0.10 to10=0.00 min_d= 0.30 avg_spd=2.00m/s end=goal t= 4765.0s
[TRAIN][PPO] ep=244/500 r=  606.21 avg10=  579.38 steps=1473 succ10=0.90 touch10=0.90 col10=0.10 to10=0.00 min_d= 0.30 avg_spd=2.01m/s end=goal t= 4786.0s
[TRAIN][PPO] ep=245/500 r=  614.88 avg10=  579.37 steps=1513 succ10=0.90 touch10=0.90 col10=0.10 to10=0.00 min_d= 0.30 avg_spd=1.99m/s end=goal t= 4806.4s
[TRAIN][PPO] ep=246/500 r=  612.82 avg10=  579.64 steps=1511 succ10=0.90 touch10=0.90 col10=0.10 to10=0.00 min_d= 0.30 avg_spd=1.97m/s end=goal t= 4826.6s
[TRAIN][PPO] ep=247/500 r=  624.05 avg10=  580.63 steps=1545 succ10=0.90 touch10=0.90 col10=0.10 to10=0.00 min_d= 0.30 avg_spd=2.00m/s end=goal t= 4847.6s
[TRAIN][PPO] ep=248/500 r=  623.50 avg10=  582.46 steps=1544 succ10=0.90 touch10=0.90 col10=0.10 to10=0.00 min_d= 0.30 avg_spd=2.00m/s end=goal t= 4870.5s
[TRAIN][PPO] ep=249/500 r=  616.15 avg10=  583.05 steps=1505 succ10=0.90 touch10=0.90 col10=0.10 to10=0.00 min_d= 0.30 avg_spd=2.00m/s end=goal t= 4891.1s
[TRAIN][PPO] ep=250/500 r=  617.19 avg10=  613.66 steps=1521 succ10=1.00 touch10=1.00 col10=0.00 to10=0.00 min_d= 0.30 avg_spd=1.99m/s end=goal t= 4911.9s
[TRAIN][PPO] ep=251/500 r=  608.48 avg10=  613.47 steps=1500 succ10=1.00 touch10=1.00 col10=0.00 to10=0.00 min_d= 0.30 avg_spd=1.98m/s end=goal t= 4932.4s
[TRAIN][PPO] ep=252/500 r=  616.20 avg10=  614.44 steps=1510 succ10=1.00 touch10=1.00 col10=0.00 to10=0.00 min_d= 0.30 avg_spd=2.00m/s end=goal t= 4954.8s
[TRAIN][PPO] ep=253/500 r=  618.13 avg10=  615.76 steps=1526 succ10=1.00 touch10=1.00 col10=0.00 to10=0.00 min_d= 0.30 avg_spd=1.98m/s end=goal t= 4975.7s
[TRAIN][PPO] ep=254/500 r=  619.27 avg10=  617.07 steps=1509 succ10=1.00 touch10=1.00 col10=0.00 to10=0.00 min_d= 0.30 avg_spd=2.00m/s end=goal t= 4996.3s
[TRAIN][PPO] ep=255/500 r=  625.53 avg10=  618.13 steps=1541 succ10=1.00 touch10=1.00 col10=0.00 to10=0.00 min_d= 0.30 avg_spd=2.00m/s end=goal t= 5016.8s
[TRAIN][PPO] ep=256/500 r=  613.84 avg10=  618.23 steps=1508 succ10=1.00 touch10=1.00 col10=0.00 to10=0.00 min_d= 0.30 avg_spd=1.97m/s end=goal t= 5039.4s
[TRAIN][PPO] ep=257/500 r=  607.02 avg10=  616.53 steps=1477 succ10=1.00 touch10=1.00 col10=0.00 to10=0.00 min_d= 0.30 avg_spd=2.02m/s end=goal t= 5059.5s
[TRAIN][PPO] ep=258/500 r=  611.35 avg10=  615.32 steps=1485 succ10=1.00 touch10=1.00 col10=0.00 to10=0.00 min_d= 0.30 avg_spd=2.00m/s end=goal t= 5079.7s
[TRAIN][PPO] ep=259/500 r=  629.29 avg10=  616.63 steps=1541 succ10=1.00 touch10=1.00 col10=0.00 to10=0.00 min_d= 0.30 avg_spd=1.97m/s end=goal t= 5099.8s
[TRAIN][PPO] ep=260/500 r=  615.69 avg10=  616.48 steps=1509 succ10=1.00 touch10=1.00 col10=0.00 to10=0.00 min_d= 0.30 avg_spd=2.00m/s end=goal t= 5122.3s
[TRAIN][PPO] ep=261/500 r=  608.60 avg10=  616.49 steps=1486 succ10=1.00 touch10=1.00 col10=0.00 to10=0.00 min_d= 0.30 avg_spd=1.98m/s end=goal t= 5142.4s
[TRAIN][PPO] ep=262/500 r=  615.42 avg10=  616.41 steps=1505 succ10=1.00 touch10=1.00 col10=0.00 to10=0.00 min_d= 0.30 avg_spd=1.97m/s end=goal t= 5162.9s
[TRAIN][PPO] ep=263/500 r=  612.18 avg10=  615.82 steps=1491 succ10=1.00 touch10=1.00 col10=0.00 to10=0.00 min_d= 0.30 avg_spd=1.98m/s end=goal t= 5183.1s
[TRAIN][PPO] ep=264/500 r=  630.47 avg10=  616.94 steps=1554 succ10=1.00 touch10=1.00 col10=0.00 to10=0.00 min_d= 0.30 avg_spd=1.95m/s end=goal t= 5206.7s
[TRAIN][PPO] ep=265/500 r=  607.74 avg10=  615.16 steps=1474 succ10=1.00 touch10=1.00 col10=0.00 to10=0.00 min_d= 0.30 avg_spd=2.01m/s end=goal t= 5225.4s
[TRAIN][PPO] ep=266/500 r=  620.81 avg10=  615.86 steps=1540 succ10=1.00 touch10=1.00 col10=0.00 to10=0.00 min_d= 0.30 avg_spd=1.97m/s end=goal t= 5246.3s
[TRAIN][PPO] ep=267/500 r=  625.16 avg10=  617.67 steps=1559 succ10=1.00 touch10=1.00 col10=0.00 to10=0.00 min_d= 0.30 avg_spd=1.97m/s end=goal t= 5267.1s
[TRAIN][PPO] ep=268/500 r=  618.52 avg10=  618.39 steps=1518 succ10=1.00 touch10=1.00 col10=0.00 to10=0.00 min_d= 0.30 avg_spd=1.99m/s end=goal t= 5289.2s
[TRAIN][PPO] ep=269/500 r=  617.65 avg10=  617.22 steps=1513 succ10=1.00 touch10=1.00 col10=0.00 to10=0.00 min_d= 0.30 avg_spd=1.98m/s end=goal t= 5309.5s
[TRAIN][PPO] ep=270/500 r=  630.75 avg10=  618.73 steps=1563 succ10=1.00 touch10=1.00 col10=0.00 to10=0.00 min_d= 0.30 avg_spd=1.97m/s end=goal t= 5329.7s
[TRAIN][PPO] ep=271/500 r=  622.11 avg10=  620.08 steps=1527 succ10=1.00 touch10=1.00 col10=0.00 to10=0.00 min_d= 0.30 avg_spd=1.98m/s end=goal t= 5349.7s
[TRAIN][PPO] ep=272/500 r=  624.54 avg10=  620.99 steps=1527 succ10=1.00 touch10=1.00 col10=0.00 to10=0.00 min_d= 0.30 avg_spd=1.98m/s end=goal t= 5371.6s
[TRAIN][PPO] ep=273/500 r=  615.16 avg10=  621.29 steps=1503 succ10=1.00 touch10=1.00 col10=0.00 to10=0.00 min_d= 0.30 avg_spd=1.98m/s end=goal t= 5391.3s
[TRAIN][PPO] ep=274/500 r=  611.81 avg10=  619.42 steps=1485 succ10=1.00 touch10=1.00 col10=0.00 to10=0.00 min_d= 0.30 avg_spd=2.00m/s end=goal t= 5410.6s
[TRAIN][PPO] ep=275/500 r=  622.43 avg10=  620.89 steps=1533 succ10=1.00 touch10=1.00 col10=0.00 to10=0.00 min_d= 0.30 avg_spd=1.98m/s end=goal t= 5430.4s
[TRAIN][PPO] ep=276/500 r=  615.13 avg10=  620.33 steps=1506 succ10=1.00 touch10=1.00 col10=0.00 to10=0.00 min_d= 0.30 avg_spd=1.98m/s end=goal t= 5451.5s
[TRAIN][PPO] ep=277/500 r=  611.95 avg10=  619.01 steps=1500 succ10=1.00 touch10=1.00 col10=0.00 to10=0.00 min_d= 0.30 avg_spd=2.00m/s end=goal t= 5470.7s
[TRAIN][PPO] ep=278/500 r=  613.78 avg10=  618.53 steps=1510 succ10=1.00 touch10=1.00 col10=0.00 to10=0.00 min_d= 0.30 avg_spd=2.00m/s end=goal t= 5489.5s
[TRAIN][PPO] ep=279/500 r=  614.34 avg10=  618.20 steps=1499 succ10=1.00 touch10=1.00 col10=0.00 to10=0.00 min_d= 0.30 avg_spd=2.01m/s end=goal t= 5508.5s
[TRAIN][PPO] ep=280/500 r=  625.07 avg10=  617.63 steps=1527 succ10=1.00 touch10=1.00 col10=0.00 to10=0.00 min_d= 0.30 avg_spd=1.99m/s end=goal t= 5529.1s
[TRAIN][PPO] ep=281/500 r=  603.05 avg10=  615.73 steps=1479 succ10=1.00 touch10=1.00 col10=0.00 to10=0.00 min_d= 0.30 avg_spd=2.01m/s end=goal t= 5548.0s
[TRAIN][PPO] ep=282/500 r=  615.79 avg10=  614.85 steps=1497 succ10=1.00 touch10=1.00 col10=0.00 to10=0.00 min_d= 0.30 avg_spd=1.99m/s end=goal t= 5567.3s
[TRAIN][PPO] ep=283/500 r=  617.58 avg10=  615.09 steps=1521 succ10=1.00 touch10=1.00 col10=0.00 to10=0.00 min_d= 0.30 avg_spd=2.00m/s end=goal t= 5586.8s
[TRAIN][PPO] ep=284/500 r=  610.64 avg10=  614.98 steps=1483 succ10=1.00 touch10=1.00 col10=0.00 to10=0.00 min_d= 0.30 avg_spd=2.01m/s end=goal t= 5607.2s
[TRAIN][PPO] ep=285/500 r=  607.79 avg10=  613.51 steps=1491 succ10=1.00 touch10=1.00 col10=0.00 to10=0.00 min_d= 0.30 avg_spd=1.99m/s end=goal t= 5625.9s
[TRAIN][PPO] ep=286/500 r=  622.04 avg10=  614.20 steps=1526 succ10=1.00 touch10=1.00 col10=0.00 to10=0.00 min_d= 0.30 avg_spd=2.00m/s end=goal t= 5645.6s
[TRAIN][PPO] ep=287/500 r=  621.22 avg10=  615.13 steps=1523 succ10=1.00 touch10=1.00 col10=0.00 to10=0.00 min_d= 0.30 avg_spd=1.98m/s end=goal t= 5665.4s
[TRAIN][PPO] ep=288/500 r=  606.19 avg10=  614.37 steps=1482 succ10=1.00 touch10=1.00 col10=0.00 to10=0.00 min_d= 0.30 avg_spd=2.00m/s end=goal t= 5686.5s
[TRAIN][PPO] ep=289/500 r=  610.44 avg10=  613.98 steps=1508 succ10=1.00 touch10=1.00 col10=0.00 to10=0.00 min_d= 0.30 avg_spd=1.98m/s end=goal t= 5706.5s
[TRAIN][PPO] ep=290/500 r=  628.08 avg10=  614.28 steps=1535 succ10=1.00 touch10=1.00 col10=0.00 to10=0.00 min_d= 0.30 avg_spd=1.99m/s end=goal t= 5726.3s
[TRAIN][PPO] ep=291/500 r=  622.26 avg10=  616.20 steps=1531 succ10=1.00 touch10=1.00 col10=0.00 to10=0.00 min_d= 0.30 avg_spd=2.00m/s end=goal t= 5746.5s
[TRAIN][PPO] ep=292/500 r=  625.16 avg10=  617.14 steps=1529 succ10=1.00 touch10=1.00 col10=0.00 to10=0.00 min_d= 0.30 avg_spd=1.98m/s end=goal t= 5768.1s
[TRAIN][PPO] ep=293/500 r=  607.29 avg10=  616.11 steps=1478 succ10=1.00 touch10=1.00 col10=0.00 to10=0.00 min_d= 0.30 avg_spd=2.02m/s end=goal t= 5786.9s
[TRAIN][PPO] ep=294/500 r=  608.67 avg10=  615.91 steps=1487 succ10=1.00 touch10=1.00 col10=0.00 to10=0.00 min_d= 0.30 avg_spd=2.00m/s end=goal t= 5805.8s
[TRAIN][PPO] ep=295/500 r=  611.22 avg10=  616.26 steps=1511 succ10=1.00 touch10=1.00 col10=0.00 to10=0.00 min_d= 0.30 avg_spd=2.01m/s end=goal t= 5825.4s
[TRAIN][PPO] ep=296/500 r=  612.10 avg10=  615.26 steps=1489 succ10=1.00 touch10=1.00 col10=0.00 to10=0.00 min_d= 0.30 avg_spd=2.00m/s end=goal t= 5846.0s
[TRAIN][PPO] ep=297/500 r=  610.71 avg10=  614.21 steps=1483 succ10=1.00 touch10=1.00 col10=0.00 to10=0.00 min_d= 0.30 avg_spd=2.02m/s end=goal t= 5865.0s
[TRAIN][PPO] ep=298/500 r=  606.96 avg10=  614.29 steps=1490 succ10=1.00 touch10=1.00 col10=0.00 to10=0.00 min_d= 0.30 avg_spd=1.99m/s end=goal t= 5884.0s
[TRAIN][PPO] ep=299/500 r=  609.39 avg10=  614.18 steps=1485 succ10=1.00 touch10=1.00 col10=0.00 to10=0.00 min_d= 0.30 avg_spd=2.01m/s end=goal t= 5903.2s
[TRAIN][PPO] ep=300/500 r=  614.67 avg10=  612.84 steps=1513 succ10=1.00 touch10=1.00 col10=0.00 to10=0.00 min_d= 0.30 avg_spd=2.02m/s end=goal t= 5925.2s ckpt=latest
[TRAIN][PPO] ep=301/500 r=  602.63 avg10=  610.88 steps=1466 succ10=1.00 touch10=1.00 col10=0.00 to10=0.00 min_d= 0.30 avg_spd=2.01m/s end=goal t= 5944.2s
[TRAIN][PPO] ep=302/500 r=  601.99 avg10=  608.56 steps=1454 succ10=1.00 touch10=1.00 col10=0.00 to10=0.00 min_d= 0.30 avg_spd=2.02m/s end=goal t= 5963.2s
[TRAIN][PPO] ep=303/500 r=  620.66 avg10=  609.90 steps=1528 succ10=1.00 touch10=1.00 col10=0.00 to10=0.00 min_d= 0.30 avg_spd=2.02m/s end=goal t= 5982.5s
[TRAIN][PPO] ep=304/500 r=  612.06 avg10=  610.24 steps=1514 succ10=1.00 touch10=1.00 col10=0.00 to10=0.00 min_d= 0.30 avg_spd=2.00m/s end=goal t= 6004.7s
[TRAIN][PPO] ep=305/500 r=  617.31 avg10=  610.85 steps=1517 succ10=1.00 touch10=1.00 col10=0.00 to10=0.00 min_d= 0.30 avg_spd=1.99m/s end=goal t= 6024.4s
[TRAIN][PPO] ep=306/500 r=  610.11 avg10=  610.65 steps=1482 succ10=1.00 touch10=1.00 col10=0.00 to10=0.00 min_d= 0.30 avg_spd=2.02m/s end=goal t= 6043.7s
[TRAIN][PPO] ep=307/500 r=  322.34 avg10=  581.81 steps=1111 succ10=0.90 touch10=0.90 col10=0.10 to10=0.00 min_d= 1.27 avg_spd=2.01m/s end=collision t= 6058.2s
[TRAIN][PPO] ep=308/500 r=  614.67 avg10=  582.58 steps=1510 succ10=0.90 touch10=0.90 col10=0.10 to10=0.00 min_d= 0.30 avg_spd=2.00m/s end=goal t= 6079.2s
[TRAIN][PPO] ep=309/500 r=  612.94 avg10=  582.94 steps=1491 succ10=0.90 touch10=0.90 col10=0.10 to10=0.00 min_d= 0.30 avg_spd=2.01m/s end=goal t= 6098.6s
[TRAIN][PPO] ep=310/500 r=  621.48 avg10=  583.62 steps=1533 succ10=0.90 touch10=0.90 col10=0.10 to10=0.00 min_d= 0.30 avg_spd=2.00m/s end=goal t= 6118.7s
[TRAIN][PPO] ep=311/500 r=  616.20 avg10=  584.97 steps=1529 succ10=0.90 touch10=0.90 col10=0.10 to10=0.00 min_d= 0.30 avg_spd=2.01m/s end=goal t= 6138.4s
[TRAIN][PPO] ep=312/500 r=  618.81 avg10=  586.66 steps=1508 succ10=0.90 touch10=0.90 col10=0.10 to10=0.00 min_d= 0.30 avg_spd=2.02m/s end=goal t= 6160.4s
[TRAIN][PPO] ep=313/500 r=  603.19 avg10=  584.91 steps=1464 succ10=0.90 touch10=0.90 col10=0.10 to10=0.00 min_d= 0.30 avg_spd=2.02m/s end=goal t= 6179.4s
[TRAIN][PPO] ep=314/500 r=  609.70 avg10=  584.67 steps=1492 succ10=0.90 touch10=0.90 col10=0.10 to10=0.00 min_d= 0.30 avg_spd=2.03m/s end=goal t= 6198.5s
[TRAIN][PPO] ep=315/500 r=  600.84 avg10=  583.03 steps=1456 succ10=0.90 touch10=0.90 col10=0.10 to10=0.00 min_d= 0.30 avg_spd=2.04m/s end=goal t= 6217.4s
[TRAIN][PPO] ep=316/500 r=  623.76 avg10=  584.39 steps=1519 succ10=0.90 touch10=0.90 col10=0.10 to10=0.00 min_d= 0.30 avg_spd=2.01m/s end=goal t= 6238.6s
[TRAIN][PPO] ep=317/500 r=  606.01 avg10=  612.76 steps=1471 succ10=1.00 touch10=1.00 col10=0.00 to10=0.00 min_d= 0.30 avg_spd=2.02m/s end=goal t= 6257.8s
[TRAIN][PPO] ep=318/500 r=  623.30 avg10=  613.62 steps=1517 succ10=1.00 touch10=1.00 col10=0.00 to10=0.00 min_d= 0.30 avg_spd=2.01m/s end=goal t= 6277.6s
[TRAIN][PPO] ep=319/500 r=  611.93 avg10=  613.52 steps=1490 succ10=1.00 touch10=1.00 col10=0.00 to10=0.00 min_d= 0.30 avg_spd=2.02m/s end=goal t= 6296.6s
[TRAIN][PPO] ep=320/500 r=  601.37 avg10=  611.51 steps=1469 succ10=1.00 touch10=1.00 col10=0.00 to10=0.00 min_d= 0.30 avg_spd=2.02m/s end=goal t= 6317.4s
[TRAIN][PPO] ep=321/500 r=  596.97 avg10=  609.59 steps=1444 succ10=1.00 touch10=1.00 col10=0.00 to10=0.00 min_d= 0.30 avg_spd=2.04m/s end=goal t= 6336.0s
[TRAIN][PPO] ep=322/500 r=  613.11 avg10=  609.02 steps=1510 succ10=1.00 touch10=1.00 col10=0.00 to10=0.00 min_d= 0.30 avg_spd=2.00m/s end=goal t= 6355.4s
[TRAIN][PPO] ep=323/500 r=  307.14 avg10=  579.41 steps=1075 succ10=0.90 touch10=0.90 col10=0.10 to10=0.00 min_d= 1.37 avg_spd=2.00m/s end=collision t= 6368.6s
[TRAIN][PPO] ep=324/500 r=  301.44 avg10=  548.59 steps=1042 succ10=0.80 touch10=0.80 col10=0.20 to10=0.00 min_d= 1.40 avg_spd=2.01m/s end=collision t= 6383.4s
[TRAIN][PPO] ep=325/500 r=  611.23 avg10=  549.63 steps=1484 succ10=0.80 touch10=0.80 col10=0.20 to10=0.00 min_d= 0.30 avg_spd=2.03m/s end=goal t= 6402.4s
[TRAIN][PPO] ep=326/500 r=  616.98 avg10=  548.95 steps=1509 succ10=0.80 touch10=0.80 col10=0.20 to10=0.00 min_d= 0.30 avg_spd=2.02m/s end=goal t= 6421.7s
[TRAIN][PPO] ep=327/500 r=  621.27 avg10=  550.48 steps=1529 succ10=0.80 touch10=0.80 col10=0.20 to10=0.00 min_d= 0.30 avg_spd=2.01m/s end=goal t= 6440.4s
[TRAIN][PPO] ep=328/500 r=  611.78 avg10=  549.32 steps=1486 succ10=0.80 touch10=0.80 col10=0.20 to10=0.00 min_d= 0.30 avg_spd=2.03m/s end=goal t= 6461.1s
[TRAIN][PPO] ep=329/500 r=  624.84 avg10=  550.61 steps=1557 succ10=0.80 touch10=0.80 col10=0.20 to10=0.00 min_d= 0.30 avg_spd=1.98m/s end=goal t= 6481.0s
[TRAIN][PPO] ep=330/500 r=  604.32 avg10=  550.91 steps=1462 succ10=0.80 touch10=0.80 col10=0.20 to10=0.00 min_d= 0.30 avg_spd=2.02m/s end=goal t= 6499.6s
[TRAIN][PPO] ep=331/500 r=   75.17 avg10=  498.73 steps= 401 succ10=0.70 touch10=0.70 col10=0.30 to10=0.00 min_d= 3.08 avg_spd=1.91m/s end=collision t= 6504.6s
[TRAIN][PPO] ep=332/500 r=  307.82 avg10=  468.20 steps=1066 succ10=0.60 touch10=0.60 col10=0.40 to10=0.00 min_d= 1.39 avg_spd=2.00m/s end=collision t= 6519.4s
[TRAIN][PPO] ep=333/500 r=   74.90 avg10=  444.98 steps= 396 succ10=0.60 touch10=0.60 col10=0.40 to10=0.00 min_d= 3.02 avg_spd=1.90m/s end=collision t= 6524.6s
[TRAIN][PPO] ep=334/500 r=  597.79 avg10=  474.61 steps=1450 succ10=0.70 touch10=0.70 col10=0.30 to10=0.00 min_d= 0.30 avg_spd=2.05m/s end=goal t= 6543.0s
[TRAIN][PPO] ep=335/500 r=  616.57 avg10=  475.15 steps=1498 succ10=0.70 touch10=0.70 col10=0.30 to10=0.00 min_d= 0.30 avg_spd=2.02m/s end=goal t= 6561.3s
[TRAIN][PPO] ep=336/500 r=  621.61 avg10=  475.61 steps=1525 succ10=0.70 touch10=0.70 col10=0.30 to10=0.00 min_d= 0.30 avg_spd=2.01m/s end=goal t= 6581.7s
[TRAIN][PPO] ep=337/500 r=  613.75 avg10=  474.86 steps=1499 succ10=0.70 touch10=0.70 col10=0.30 to10=0.00 min_d= 0.30 avg_spd=2.01m/s end=goal t= 6600.7s
[TRAIN][PPO] ep=338/500 r=  615.85 avg10=  475.26 steps=1494 succ10=0.70 touch10=0.70 col10=0.30 to10=0.00 min_d= 0.30 avg_spd=2.04m/s end=goal t= 6619.2s
[TRAIN][PPO] ep=339/500 r=  611.25 avg10=  473.90 steps=1480 succ10=0.70 touch10=0.70 col10=0.30 to10=0.00 min_d= 0.30 avg_spd=2.04m/s end=goal t= 6637.5s
[TRAIN][PPO] ep=340/500 r=  607.30 avg10=  474.20 steps=1472 succ10=0.70 touch10=0.70 col10=0.30 to10=0.00 min_d= 0.30 avg_spd=2.03m/s end=goal t= 6657.8s
[TRAIN][PPO] ep=341/500 r=  608.18 avg10=  527.50 steps=1485 succ10=0.80 touch10=0.80 col10=0.20 to10=0.00 min_d= 0.30 avg_spd=2.00m/s end=goal t= 6676.2s
[TRAIN][PPO] ep=342/500 r=   63.46 avg10=  503.07 steps= 358 succ10=0.80 touch10=0.80 col10=0.20 to10=0.00 min_d= 3.07 avg_spd=1.95m/s end=collision t= 6680.7s
[TRAIN][PPO] ep=343/500 r=  597.46 avg10=  555.32 steps=1435 succ10=0.90 touch10=0.90 col10=0.10 to10=0.00 min_d= 0.30 avg_spd=2.04m/s end=goal t= 6698.7s
[TRAIN][PPO] ep=344/500 r=  623.25 avg10=  557.87 steps=1533 succ10=0.90 touch10=0.90 col10=0.10 to10=0.00 min_d= 0.30 avg_spd=2.00m/s end=goal t= 6720.3s
[TRAIN][PPO] ep=345/500 r=  618.12 avg10=  558.02 steps=1507 succ10=0.90 touch10=0.90 col10=0.10 to10=0.00 min_d= 0.30 avg_spd=2.03m/s end=goal t= 6739.4s
[TRAIN][PPO] ep=346/500 r=  604.74 avg10=  556.34 steps=1483 succ10=0.90 touch10=0.90 col10=0.10 to10=0.00 min_d= 0.30 avg_spd=2.01m/s end=goal t= 6758.2s
[TRAIN][PPO] ep=347/500 r=   76.44 avg10=  502.61 steps= 403 succ10=0.80 touch10=0.80 col10=0.20 to10=0.00 min_d= 3.02 avg_spd=1.96m/s end=collision t= 6763.5s
[TRAIN][PPO] ep=348/500 r=   63.73 avg10=  447.39 steps= 370 succ10=0.70 touch10=0.70 col10=0.30 to10=0.00 min_d= 3.06 avg_spd=1.91m/s end=collision t= 6770.2s
[TRAIN][PPO] ep=349/500 r=  611.49 avg10=  447.42 steps=1497 succ10=0.70 touch10=0.70 col10=0.30 to10=0.00 min_d= 0.30 avg_spd=2.02m/s end=goal t= 6789.2s
[TRAIN][PPO] ep=350/500 r=  612.78 avg10=  447.97 steps=1500 succ10=0.70 touch10=0.70 col10=0.30 to10=0.00 min_d= 0.30 avg_spd=2.03m/s end=goal t= 6808.3s
[TRAIN][PPO] ep=351/500 r=  321.04 avg10=  419.25 steps=1116 succ10=0.60 touch10=0.60 col10=0.40 to10=0.00 min_d= 1.29 avg_spd=2.03m/s end=collision t= 6822.2s
[TRAIN][PPO] ep=352/500 r=  606.55 avg10=  473.56 steps=1476 succ10=0.70 touch10=0.70 col10=0.30 to10=0.00 min_d= 0.30 avg_spd=2.02m/s end=goal t= 6842.3s
[TRAIN][PPO] ep=353/500 r=  605.20 avg10=  474.34 steps=1480 succ10=0.70 touch10=0.70 col10=0.30 to10=0.00 min_d= 0.30 avg_spd=2.03m/s end=goal t= 6861.1s
[TRAIN][PPO] ep=354/500 r=  618.12 avg10=  473.82 steps=1514 succ10=0.70 touch10=0.70 col10=0.30 to10=0.00 min_d= 0.30 avg_spd=2.02m/s end=goal t= 6880.1s
[TRAIN][PPO] ep=355/500 r=  603.09 avg10=  472.32 steps=1457 succ10=0.70 touch10=0.70 col10=0.30 to10=0.00 min_d= 0.30 avg_spd=2.05m/s end=goal t= 6898.4s
[TRAIN][PPO] ep=356/500 r=  596.57 avg10=  471.50 steps=1458 succ10=0.70 touch10=0.70 col10=0.30 to10=0.00 min_d= 0.30 avg_spd=2.04m/s end=goal t= 6918.7s
[TRAIN][PPO] ep=357/500 r=  602.17 avg10=  524.07 steps=1463 succ10=0.80 touch10=0.80 col10=0.20 to10=0.00 min_d= 0.30 avg_spd=2.03m/s end=goal t= 6937.4s
[TRAIN][PPO] ep=358/500 r=  600.00 avg10=  577.70 steps=1462 succ10=0.90 touch10=0.90 col10=0.10 to10=0.00 min_d= 0.30 avg_spd=2.03m/s end=goal t= 6956.1s
[TRAIN][PPO] ep=359/500 r=  609.95 avg10=  577.55 steps=1497 succ10=0.90 touch10=0.90 col10=0.10 to10=0.00 min_d= 0.30 avg_spd=2.01m/s end=goal t= 6975.2s
[TRAIN][PPO] ep=360/500 r=  606.73 avg10=  576.94 steps=1481 succ10=0.90 touch10=0.90 col10=0.10 to10=0.00 min_d= 0.30 avg_spd=2.05m/s end=goal t= 6995.8s
[TRAIN][PPO] ep=361/500 r=  618.32 avg10=  606.67 steps=1502 succ10=1.00 touch10=1.00 col10=0.00 to10=0.00 min_d= 0.30 avg_spd=2.03m/s end=goal t= 7015.3s
[TRAIN][PPO] ep=362/500 r=  611.23 avg10=  607.14 steps=1487 succ10=1.00 touch10=1.00 col10=0.00 to10=0.00 min_d= 0.30 avg_spd=2.04m/s end=goal t= 7034.0s
[TRAIN][PPO] ep=363/500 r=  600.24 avg10=  606.64 steps=1478 succ10=1.00 touch10=1.00 col10=0.00 to10=0.00 min_d= 0.30 avg_spd=2.02m/s end=goal t= 7053.3s
[TRAIN][PPO] ep=364/500 r=  608.00 avg10=  605.63 steps=1478 succ10=1.00 touch10=1.00 col10=0.00 to10=0.00 min_d= 0.30 avg_spd=2.04m/s end=goal t= 7074.5s
[TRAIN][PPO] ep=365/500 r=  607.50 avg10=  606.07 steps=1482 succ10=1.00 touch10=1.00 col10=0.00 to10=0.00 min_d= 0.30 avg_spd=2.02m/s end=goal t= 7092.9s
[TRAIN][PPO] ep=366/500 r=  598.32 avg10=  606.25 steps=1456 succ10=1.00 touch10=1.00 col10=0.00 to10=0.00 min_d= 0.30 avg_spd=2.03m/s end=goal t= 7111.0s
[TRAIN][PPO] ep=367/500 r=  604.92 avg10=  606.52 steps=1466 succ10=1.00 touch10=1.00 col10=0.00 to10=0.00 min_d= 0.30 avg_spd=2.02m/s end=goal t= 7129.7s
[TRAIN][PPO] ep=368/500 r=  600.84 avg10=  606.61 steps=1472 succ10=1.00 touch10=1.00 col10=0.00 to10=0.00 min_d= 0.30 avg_spd=2.03m/s end=goal t= 7151.2s
[TRAIN][PPO] ep=369/500 r=  609.14 avg10=  606.52 steps=1507 succ10=1.00 touch10=1.00 col10=0.00 to10=0.00 min_d= 0.30 avg_spd=2.01m/s end=goal t= 7170.6s
[TRAIN][PPO] ep=370/500 r=  613.49 avg10=  607.20 steps=1496 succ10=1.00 touch10=1.00 col10=0.00 to10=0.00 min_d= 0.30 avg_spd=2.03m/s end=goal t= 7189.3s
[TRAIN][PPO] ep=371/500 r=  608.04 avg10=  606.17 steps=1479 succ10=1.00 touch10=1.00 col10=0.00 to10=0.00 min_d= 0.30 avg_spd=2.04m/s end=goal t= 7208.1s
[TRAIN][PPO] ep=372/500 r=  618.64 avg10=  606.91 steps=1514 succ10=1.00 touch10=1.00 col10=0.00 to10=0.00 min_d= 0.30 avg_spd=2.03m/s end=goal t= 7228.8s
[TRAIN][PPO] ep=373/500 r=  609.01 avg10=  607.79 steps=1498 succ10=1.00 touch10=1.00 col10=0.00 to10=0.00 min_d= 0.30 avg_spd=2.06m/s end=goal t= 7247.6s
[TRAIN][PPO] ep=374/500 r=  589.73 avg10=  605.96 steps=1426 succ10=1.00 touch10=1.00 col10=0.00 to10=0.00 min_d= 0.30 avg_spd=2.06m/s end=goal t= 7265.8s
[TRAIN][PPO] ep=375/500 r=  594.58 avg10=  604.67 steps=1438 succ10=1.00 touch10=1.00 col10=0.00 to10=0.00 min_d= 0.30 avg_spd=2.05m/s end=goal t= 7284.2s
[TRAIN][PPO] ep=376/500 r=  601.78 avg10=  605.02 steps=1454 succ10=1.00 touch10=1.00 col10=0.00 to10=0.00 min_d= 0.30 avg_spd=2.05m/s end=goal t= 7304.0s
[TRAIN][PPO] ep=377/500 r=  606.33 avg10=  605.16 steps=1466 succ10=1.00 touch10=1.00 col10=0.00 to10=0.00 min_d= 0.30 avg_spd=2.05m/s end=goal t= 7321.9s
[TRAIN][PPO] ep=378/500 r=  610.34 avg10=  606.11 steps=1497 succ10=1.00 touch10=1.00 col10=0.00 to10=0.00 min_d= 0.30 avg_spd=2.00m/s end=goal t= 7340.4s
[TRAIN][PPO] ep=379/500 r=  605.50 avg10=  605.74 steps=1482 succ10=1.00 touch10=1.00 col10=0.00 to10=0.00 min_d= 0.30 avg_spd=2.02m/s end=goal t= 7359.0s
[TRAIN][PPO] ep=380/500 r=  607.47 avg10=  605.14 steps=1471 succ10=1.00 touch10=1.00 col10=0.00 to10=0.00 min_d= 0.30 avg_spd=2.07m/s end=goal t= 7379.7s
[TRAIN][PPO] ep=381/500 r=  606.41 avg10=  604.98 steps=1473 succ10=1.00 touch10=1.00 col10=0.00 to10=0.00 min_d= 0.30 avg_spd=2.02m/s end=goal t= 7397.6s
[TRAIN][PPO] ep=382/500 r=  603.85 avg10=  603.50 steps=1471 succ10=1.00 touch10=1.00 col10=0.00 to10=0.00 min_d= 0.30 avg_spd=2.03m/s end=goal t= 7416.1s
[TRAIN][PPO] ep=383/500 r=   83.36 avg10=  550.94 steps= 414 succ10=0.90 touch10=0.90 col10=0.10 to10=0.00 min_d= 3.02 avg_spd=1.98m/s end=collision t= 7421.3s
[TRAIN][PPO] ep=384/500 r=  599.02 avg10=  551.86 steps=1449 succ10=0.90 touch10=0.90 col10=0.10 to10=0.00 min_d= 0.30 avg_spd=2.04m/s end=goal t= 7441.3s
[TRAIN][PPO] ep=385/500 r=  609.81 avg10=  553.39 steps=1488 succ10=0.90 touch10=0.90 col10=0.10 to10=0.00 min_d= 0.30 avg_spd=2.03m/s end=goal t= 7459.6s
[TRAIN][PPO] ep=386/500 r=  598.72 avg10=  553.08 steps=1452 succ10=0.90 touch10=0.90 col10=0.10 to10=0.00 min_d= 0.30 avg_spd=2.05m/s end=goal t= 7477.4s
[TRAIN][PPO] ep=387/500 r=  615.53 avg10=  554.00 steps=1486 succ10=0.90 touch10=0.90 col10=0.10 to10=0.00 min_d= 0.30 avg_spd=2.04m/s end=goal t= 7495.9s
[TRAIN][PPO] ep=388/500 r=  326.28 avg10=  525.60 steps=1130 succ10=0.80 touch10=0.80 col10=0.20 to10=0.00 min_d= 1.26 avg_spd=2.02m/s end=collision t= 7511.8s
[TRAIN][PPO] ep=389/500 r=  601.11 avg10=  525.16 steps=1465 succ10=0.80 touch10=0.80 col10=0.20 to10=0.00 min_d= 0.30 avg_spd=2.04m/s end=goal t= 7530.1s
[TRAIN][PPO] ep=390/500 r=  612.22 avg10=  525.63 steps=1491 succ10=0.80 touch10=0.80 col10=0.20 to10=0.00 min_d= 0.30 avg_spd=2.03m/s end=goal t= 7547.7s
[TRAIN][PPO] ep=391/500 r=  617.52 avg10=  526.74 steps=1510 succ10=0.80 touch10=0.80 col10=0.20 to10=0.00 min_d= 0.30 avg_spd=2.04m/s end=goal t= 7565.4s
[TRAIN][PPO] ep=392/500 r=  610.69 avg10=  527.43 steps=1493 succ10=0.80 touch10=0.80 col10=0.20 to10=0.00 min_d= 0.30 avg_spd=2.03m/s end=goal t= 7586.3s
[TRAIN][PPO] ep=393/500 r=  594.52 avg10=  578.54 steps=1437 succ10=0.90 touch10=0.90 col10=0.10 to10=0.00 min_d= 0.30 avg_spd=2.06m/s end=goal t= 7604.1s
[TRAIN][PPO] ep=394/500 r=  618.58 avg10=  580.50 steps=1521 succ10=0.90 touch10=0.90 col10=0.10 to10=0.00 min_d= 0.30 avg_spd=2.01m/s end=goal t= 7622.8s
[TRAIN][PPO] ep=395/500 r=  613.35 avg10=  580.85 steps=1511 succ10=0.90 touch10=0.90 col10=0.10 to10=0.00 min_d= 0.30 avg_spd=2.02m/s end=goal t= 7641.3s
[TRAIN][PPO] ep=396/500 r=  614.04 avg10=  582.38 steps=1512 succ10=0.90 touch10=0.90 col10=0.10 to10=0.00 min_d= 0.30 avg_spd=2.02m/s end=goal t= 7661.7s
[TRAIN][PPO] ep=397/500 r=  612.90 avg10=  582.12 steps=1496 succ10=0.90 touch10=0.90 col10=0.10 to10=0.00 min_d= 0.30 avg_spd=2.04m/s end=goal t= 7680.4s
[TRAIN][PPO] ep=398/500 r=  595.10 avg10=  609.00 steps=1440 succ10=1.00 touch10=1.00 col10=0.00 to10=0.00 min_d= 0.30 avg_spd=2.05m/s end=goal t= 7698.6s
[TRAIN][PPO] ep=399/500 r=  612.59 avg10=  610.15 steps=1505 succ10=1.00 touch10=1.00 col10=0.00 to10=0.00 min_d= 0.30 avg_spd=2.04m/s end=goal t= 7717.4s
[TRAIN][PPO] ep=400/500 r=  596.85 avg10=  608.61 steps=1472 succ10=1.00 touch10=1.00 col10=0.00 to10=0.00 min_d= 0.30 avg_spd=2.03m/s end=goal t= 7738.6s ckpt=latest
[TRAIN][PPO] ep=401/500 r=  607.20 avg10=  607.58 steps=1468 succ10=1.00 touch10=1.00 col10=0.00 to10=0.00 min_d= 0.30 avg_spd=2.03m/s end=goal t= 7757.2s
[TRAIN][PPO] ep=402/500 r=  604.43 avg10=  606.96 steps=1470 succ10=1.00 touch10=1.00 col10=0.00 to10=0.00 min_d= 0.30 avg_spd=2.06m/s end=goal t= 7776.1s
[TRAIN][PPO] ep=403/500 r=  589.16 avg10=  606.42 steps=1423 succ10=1.00 touch10=1.00 col10=0.00 to10=0.00 min_d= 0.30 avg_spd=2.06m/s end=goal t= 7794.0s
[TRAIN][PPO] ep=404/500 r=  614.43 avg10=  606.01 steps=1498 succ10=1.00 touch10=1.00 col10=0.00 to10=0.00 min_d= 0.30 avg_spd=2.04m/s end=goal t= 7814.8s
[TRAIN][PPO] ep=405/500 r=  603.55 avg10=  605.03 steps=1489 succ10=1.00 touch10=1.00 col10=0.00 to10=0.00 min_d= 0.30 avg_spd=2.02m/s end=goal t= 7833.8s
[TRAIN][PPO] ep=406/500 r=  594.31 avg10=  603.05 steps=1431 succ10=1.00 touch10=1.00 col10=0.00 to10=0.00 min_d= 0.30 avg_spd=2.05m/s end=goal t= 7852.0s
[TRAIN][PPO] ep=407/500 r=  609.09 avg10=  602.67 steps=1494 succ10=1.00 touch10=1.00 col10=0.00 to10=0.00 min_d= 0.30 avg_spd=2.03m/s end=goal t= 7871.1s
[TRAIN][PPO] ep=408/500 r=  603.26 avg10=  603.49 steps=1458 succ10=1.00 touch10=1.00 col10=0.00 to10=0.00 min_d= 0.30 avg_spd=2.05m/s end=goal t= 7892.0s
[TRAIN][PPO] ep=409/500 r=  602.20 avg10=  602.45 steps=1458 succ10=1.00 touch10=1.00 col10=0.00 to10=0.00 min_d= 0.30 avg_spd=2.02m/s end=goal t= 7910.7s
[TRAIN][PPO] ep=410/500 r=  619.64 avg10=  604.73 steps=1508 succ10=1.00 touch10=1.00 col10=0.00 to10=0.00 min_d= 0.30 avg_spd=2.01m/s end=goal t= 7930.3s
[TRAIN][PPO] ep=411/500 r=  593.54 avg10=  603.36 steps=1430 succ10=1.00 touch10=1.00 col10=0.00 to10=0.00 min_d= 0.30 avg_spd=2.05m/s end=goal t= 7948.7s
[TRAIN][PPO] ep=412/500 r=  595.05 avg10=  602.42 steps=1436 succ10=1.00 touch10=1.00 col10=0.00 to10=0.00 min_d= 0.30 avg_spd=2.05m/s end=goal t= 7969.1s
[TRAIN][PPO] ep=413/500 r=  619.95 avg10=  605.50 steps=1505 succ10=1.00 touch10=1.00 col10=0.00 to10=0.00 min_d= 0.30 avg_spd=2.03m/s end=goal t= 7988.7s
[TRAIN][PPO] ep=414/500 r=  617.56 avg10=  605.81 steps=1524 succ10=1.00 touch10=1.00 col10=0.00 to10=0.00 min_d= 0.30 avg_spd=2.01m/s end=goal t= 8008.6s
[TRAIN][PPO] ep=415/500 r=  607.46 avg10=  606.21 steps=1478 succ10=1.00 touch10=1.00 col10=0.00 to10=0.00 min_d= 0.30 avg_spd=2.02m/s end=goal t= 8027.4s
[TRAIN][PPO] ep=416/500 r=  315.84 avg10=  578.36 steps=1088 succ10=0.90 touch10=0.90 col10=0.10 to10=0.00 min_d= 1.26 avg_spd=2.04m/s end=collision t= 8043.5s
[TRAIN][PPO] ep=417/500 r=  591.96 avg10=  576.65 steps=1421 succ10=0.90 touch10=0.90 col10=0.10 to10=0.00 min_d= 0.30 avg_spd=2.06m/s end=goal t= 8062.1s
[TRAIN][PPO] ep=418/500 r=  303.57 avg10=  546.68 steps=1053 succ10=0.80 touch10=0.80 col10=0.20 to10=0.00 min_d= 1.39 avg_spd=2.03m/s end=collision t= 8075.9s
[TRAIN][PPO] ep=419/500 r=  610.16 avg10=  547.47 steps=1487 succ10=0.80 touch10=0.80 col10=0.20 to10=0.00 min_d= 0.30 avg_spd=2.03m/s end=goal t= 8095.0s
[TRAIN][PPO] ep=420/500 r=  618.59 avg10=  547.37 steps=1516 succ10=0.80 touch10=0.80 col10=0.20 to10=0.00 min_d= 0.30 avg_spd=2.02m/s end=goal t= 8116.4s
[TRAIN][PPO] ep=421/500 r=  604.03 avg10=  548.42 steps=1455 succ10=0.80 touch10=0.80 col10=0.20 to10=0.00 min_d= 0.30 avg_spd=2.04m/s end=goal t= 8135.7s
[TRAIN][PPO] ep=422/500 r=  606.93 avg10=  549.61 steps=1476 succ10=0.80 touch10=0.80 col10=0.20 to10=0.00 min_d= 0.30 avg_spd=2.02m/s end=goal t= 8155.6s
[TRAIN][PPO] ep=423/500 r=  602.08 avg10=  547.82 steps=1463 succ10=0.80 touch10=0.80 col10=0.20 to10=0.00 min_d= 0.30 avg_spd=2.02m/s end=goal t= 8174.8s
[TRAIN][PPO] ep=424/500 r=  613.01 avg10=  547.36 steps=1488 succ10=0.80 touch10=0.80 col10=0.20 to10=0.00 min_d= 0.30 avg_spd=2.03m/s end=goal t= 8196.2s
[TRAIN][PPO] ep=425/500 r=  305.18 avg10=  517.14 steps=1050 succ10=0.70 touch10=0.70 col10=0.30 to10=0.00 min_d= 1.35 avg_spd=2.05m/s end=collision t= 8210.2s
[TRAIN][PPO] ep=426/500 r=  622.87 avg10=  547.84 steps=1520 succ10=0.80 touch10=0.80 col10=0.20 to10=0.00 min_d= 0.30 avg_spd=2.01m/s end=goal t= 8230.2s
[TRAIN][PPO] ep=427/500 r=  602.45 avg10=  548.89 steps=1469 succ10=0.80 touch10=0.80 col10=0.20 to10=0.00 min_d= 0.30 avg_spd=2.04m/s end=goal t= 8249.4s
[TRAIN][PPO] ep=428/500 r=  607.76 avg10=  579.31 steps=1474 succ10=0.90 touch10=0.90 col10=0.10 to10=0.00 min_d= 0.30 avg_spd=2.02m/s end=goal t= 8270.6s
[TRAIN][PPO] ep=429/500 r=  616.06 avg10=  579.90 steps=1501 succ10=0.90 touch10=0.90 col10=0.10 to10=0.00 min_d= 0.30 avg_spd=2.03m/s end=goal t= 8289.9s
[TRAIN][PPO] ep=430/500 r=  597.91 avg10=  577.83 steps=1452 succ10=0.90 touch10=0.90 col10=0.10 to10=0.00 min_d= 0.30 avg_spd=2.03m/s end=goal t= 8308.8s
[TRAIN][PPO] ep=431/500 r=   66.55 avg10=  524.08 steps= 364 succ10=0.80 touch10=0.80 col10=0.20 to10=0.00 min_d= 3.05 avg_spd=1.98m/s end=collision t= 8313.6s
[TRAIN][PPO] ep=432/500 r=   74.78 avg10=  470.86 steps= 388 succ10=0.70 touch10=0.70 col10=0.30 to10=0.00 min_d= 3.04 avg_spd=1.96m/s end=collision t= 8319.6s
[TRAIN][PPO] ep=433/500 r=  617.35 avg10=  472.39 steps=1498 succ10=0.70 touch10=0.70 col10=0.30 to10=0.00 min_d= 0.30 avg_spd=2.03m/s end=goal t= 8338.9s
[TRAIN][PPO] ep=434/500 r=  601.91 avg10=  471.28 steps=1462 succ10=0.70 touch10=0.70 col10=0.30 to10=0.00 min_d= 0.30 avg_spd=2.04m/s end=goal t= 8358.2s
[TRAIN][PPO] ep=435/500 r=  303.01 avg10=  471.06 steps=1043 succ10=0.70 touch10=0.70 col10=0.30 to10=0.00 min_d= 1.40 avg_spd=2.02m/s end=collision t= 8371.4s
[TRAIN][PPO] ep=436/500 r=  298.41 avg10=  438.62 steps=1023 succ10=0.60 touch10=0.60 col10=0.40 to10=0.00 min_d= 1.44 avg_spd=2.02m/s end=collision t= 8386.5s
[TRAIN][PPO] ep=437/500 r=  610.74 avg10=  439.45 steps=1477 succ10=0.60 touch10=0.60 col10=0.40 to10=0.00 min_d= 0.30 avg_spd=2.06m/s end=goal t= 8405.6s
[TRAIN][PPO] ep=438/500 r=  614.12 avg10=  440.08 steps=1504 succ10=0.60 touch10=0.60 col10=0.40 to10=0.00 min_d= 0.30 avg_spd=2.03m/s end=goal t= 8425.6s
[TRAIN][PPO] ep=439/500 r=  294.27 avg10=  407.90 steps=1019 succ10=0.50 touch10=0.50 col10=0.50 to10=0.00 min_d= 1.40 avg_spd=2.04m/s end=collision t= 8438.0s
[TRAIN][PPO] ep=440/500 r=   69.16 avg10=  355.03 steps= 378 succ10=0.40 touch10=0.40 col10=0.60 to10=0.00 min_d= 3.07 avg_spd=1.92m/s end=collision t= 8444.2s
[TRAIN][PPO] ep=441/500 r=  610.91 avg10=  409.47 steps=1482 succ10=0.50 touch10=0.50 col10=0.50 to10=0.00 min_d= 0.30 avg_spd=2.05m/s end=goal t= 8462.7s
[TRAIN][PPO] ep=442/500 r=  594.41 avg10=  461.43 steps=1428 succ10=0.60 touch10=0.60 col10=0.40 to10=0.00 min_d= 0.30 avg_spd=2.05m/s end=goal t= 8480.8s
[TRAIN][PPO] ep=443/500 r=  613.14 avg10=  461.01 steps=1480 succ10=0.60 touch10=0.60 col10=0.40 to10=0.00 min_d= 0.30 avg_spd=2.05m/s end=goal t= 8499.8s
[TRAIN][PPO] ep=444/500 r=  611.78 avg10=  462.00 steps=1480 succ10=0.60 touch10=0.60 col10=0.40 to10=0.00 min_d= 0.30 avg_spd=2.05m/s end=goal t= 8520.5s
[TRAIN][PPO] ep=445/500 r=  612.29 avg10=  492.92 steps=1488 succ10=0.70 touch10=0.70 col10=0.30 to10=0.00 min_d= 0.30 avg_spd=2.03m/s end=goal t= 8539.3s
[TRAIN][PPO] ep=446/500 r=  607.55 avg10=  523.84 steps=1476 succ10=0.80 touch10=0.80 col10=0.20 to10=0.00 min_d= 0.30 avg_spd=2.04m/s end=goal t= 8557.9s
[TRAIN][PPO] ep=447/500 r=  602.80 avg10=  523.04 steps=1460 succ10=0.80 touch10=0.80 col10=0.20 to10=0.00 min_d= 0.30 avg_spd=2.03m/s end=goal t= 8576.6s
[TRAIN][PPO] ep=448/500 r=  605.86 avg10=  522.22 steps=1479 succ10=0.80 touch10=0.80 col10=0.20 to10=0.00 min_d= 0.30 avg_spd=2.03m/s end=goal t= 8597.4s
[TRAIN][PPO] ep=449/500 r=  600.54 avg10=  552.84 steps=1458 succ10=0.90 touch10=0.90 col10=0.10 to10=0.00 min_d= 0.30 avg_spd=2.02m/s end=goal t= 8615.8s
[TRAIN][PPO] ep=450/500 r=  615.88 avg10=  607.52 steps=1502 succ10=1.00 touch10=1.00 col10=0.00 to10=0.00 min_d= 0.30 avg_spd=2.04m/s end=goal t= 8634.8s
[TRAIN][PPO] ep=451/500 r=  617.00 avg10=  608.13 steps=1492 succ10=1.00 touch10=1.00 col10=0.00 to10=0.00 min_d= 0.30 avg_spd=2.04m/s end=goal t= 8654.0s
[TRAIN][PPO] ep=452/500 r=  600.60 avg10=  608.74 steps=1444 succ10=1.00 touch10=1.00 col10=0.00 to10=0.00 min_d= 0.30 avg_spd=2.05m/s end=goal t= 8676.2s
[TRAIN][PPO] ep=453/500 r=  602.89 avg10=  607.72 steps=1479 succ10=1.00 touch10=1.00 col10=0.00 to10=0.00 min_d= 0.30 avg_spd=2.02m/s end=goal t= 8694.7s
[TRAIN][PPO] ep=454/500 r=  625.49 avg10=  609.09 steps=1537 succ10=1.00 touch10=1.00 col10=0.00 to10=0.00 min_d= 0.30 avg_spd=2.00m/s end=goal t= 8714.0s
[TRAIN][PPO] ep=455/500 r=  606.66 avg10=  608.53 steps=1485 succ10=1.00 touch10=1.00 col10=0.00 to10=0.00 min_d= 0.30 avg_spd=2.01m/s end=goal t= 8733.1s
[TRAIN][PPO] ep=456/500 r=  309.01 avg10=  578.67 steps=1113 succ10=0.90 touch10=0.90 col10=0.10 to10=0.00 min_d= 1.29 avg_spd=1.98m/s end=collision t= 8750.6s
[TRAIN][PPO] ep=457/500 r=  611.37 avg10=  579.53 steps=1479 succ10=0.90 touch10=0.90 col10=0.10 to10=0.00 min_d= 0.30 avg_spd=2.05m/s end=goal t= 8769.7s
[TRAIN][PPO] ep=458/500 r=  619.35 avg10=  580.88 steps=1520 succ10=0.90 touch10=0.90 col10=0.10 to10=0.00 min_d= 0.30 avg_spd=2.03m/s end=goal t= 8788.6s
[TRAIN][PPO] ep=459/500 r=  600.89 avg10=  580.91 steps=1455 succ10=0.90 touch10=0.90 col10=0.10 to10=0.00 min_d= 0.30 avg_spd=2.03m/s end=goal t= 8807.5s
[TRAIN][PPO] ep=460/500 r=  605.95 avg10=  579.92 steps=1462 succ10=0.90 touch10=0.90 col10=0.10 to10=0.00 min_d= 0.30 avg_spd=2.06m/s end=goal t= 8828.9s
[TRAIN][PPO] ep=461/500 r=  594.12 avg10=  577.63 steps=1445 succ10=0.90 touch10=0.90 col10=0.10 to10=0.00 min_d= 0.30 avg_spd=2.05m/s end=goal t= 8847.5s
[TRAIN][PPO] ep=462/500 r=  605.27 avg10=  578.10 steps=1469 succ10=0.90 touch10=0.90 col10=0.10 to10=0.00 min_d= 0.30 avg_spd=2.04m/s end=goal t= 8866.6s
[TRAIN][PPO] ep=463/500 r=  595.70 avg10=  577.38 steps=1439 succ10=0.90 touch10=0.90 col10=0.10 to10=0.00 min_d= 0.30 avg_spd=2.05m/s end=goal t= 8885.0s
[TRAIN][PPO] ep=464/500 r=  602.79 avg10=  575.11 steps=1454 succ10=0.90 touch10=0.90 col10=0.10 to10=0.00 min_d= 0.30 avg_spd=2.03m/s end=goal t= 8905.0s
[TRAIN][PPO] ep=465/500 r=  600.32 avg10=  574.48 steps=1462 succ10=0.90 touch10=0.90 col10=0.10 to10=0.00 min_d= 0.30 avg_spd=2.03m/s end=goal t= 8923.6s
[TRAIN][PPO] ep=466/500 r=  597.17 avg10=  603.29 steps=1447 succ10=1.00 touch10=1.00 col10=0.00 to10=0.00 min_d= 0.30 avg_spd=2.03m/s end=goal t= 8942.5s
[TRAIN][PPO] ep=467/500 r=  298.08 avg10=  571.96 steps=1027 succ10=0.90 touch10=0.90 col10=0.10 to10=0.00 min_d= 1.43 avg_spd=2.03m/s end=collision t= 8955.7s
[TRAIN][PPO] ep=468/500 r=  298.77 avg10=  539.91 steps=1050 succ10=0.80 touch10=0.80 col10=0.20 to10=0.00 min_d= 1.37 avg_spd=2.04m/s end=collision t= 8970.9s
[TRAIN][PPO] ep=469/500 r=  605.55 avg10=  540.37 steps=1461 succ10=0.80 touch10=0.80 col10=0.20 to10=0.00 min_d= 0.30 avg_spd=2.06m/s end=goal t= 8989.6s
[TRAIN][PPO] ep=470/500 r=  606.90 avg10=  540.47 steps=1480 succ10=0.80 touch10=0.80 col10=0.20 to10=0.00 min_d= 0.30 avg_spd=2.03m/s end=goal t= 9008.9s
[TRAIN][PPO] ep=471/500 r=  602.51 avg10=  541.31 steps=1463 succ10=0.80 touch10=0.80 col10=0.20 to10=0.00 min_d= 0.30 avg_spd=2.02m/s end=goal t= 9027.8s
[TRAIN][PPO] ep=472/500 r=  599.65 avg10=  540.74 steps=1463 succ10=0.80 touch10=0.80 col10=0.20 to10=0.00 min_d= 0.30 avg_spd=2.02m/s end=goal t= 9048.9s
[TRAIN][PPO] ep=473/500 r=  613.63 avg10=  542.54 steps=1481 succ10=0.80 touch10=0.80 col10=0.20 to10=0.00 min_d= 0.30 avg_spd=2.06m/s end=goal t= 9068.1s
[TRAIN][PPO] ep=474/500 r=  612.06 avg10=  543.46 steps=1478 succ10=0.80 touch10=0.80 col10=0.20 to10=0.00 min_d= 0.30 avg_spd=2.06m/s end=goal t= 9087.2s
[TRAIN][PPO] ep=475/500 r=  597.23 avg10=  543.16 steps=1441 succ10=0.80 touch10=0.80 col10=0.20 to10=0.00 min_d= 0.30 avg_spd=2.04m/s end=goal t= 9106.0s
[TRAIN][PPO] ep=476/500 r=  604.67 avg10=  543.91 steps=1466 succ10=0.80 touch10=0.80 col10=0.20 to10=0.00 min_d= 0.30 avg_spd=2.05m/s end=goal t= 9127.2s
[TRAIN][PPO] ep=477/500 r=  603.49 avg10=  574.45 steps=1481 succ10=0.90 touch10=0.90 col10=0.10 to10=0.00 min_d= 0.30 avg_spd=2.02m/s end=goal t= 9145.7s
[TRAIN][PPO] ep=478/500 r=  599.69 avg10=  604.54 steps=1446 succ10=1.00 touch10=1.00 col10=0.00 to10=0.00 min_d= 0.30 avg_spd=2.04m/s end=goal t= 9163.6s
[TRAIN][PPO] ep=479/500 r=  613.99 avg10=  605.38 steps=1508 succ10=1.00 touch10=1.00 col10=0.00 to10=0.00 min_d= 0.30 avg_spd=2.04m/s end=goal t= 9182.8s
[TRAIN][PPO] ep=480/500 r=   76.06 avg10=  552.30 steps= 398 succ10=0.90 touch10=0.90 col10=0.10 to10=0.00 min_d= 3.08 avg_spd=1.94m/s end=collision t= 9189.5s
[TRAIN][PPO] ep=481/500 r=  292.71 avg10=  521.32 steps=1024 succ10=0.80 touch10=0.80 col10=0.20 to10=0.00 min_d= 1.38 avg_spd=2.02m/s end=collision t= 9202.9s
[TRAIN][PPO] ep=482/500 r=  605.29 avg10=  521.88 steps=1458 succ10=0.80 touch10=0.80 col10=0.20 to10=0.00 min_d= 0.30 avg_spd=2.04m/s end=goal t= 9222.0s
[TRAIN][PPO] ep=483/500 r=  613.95 avg10=  521.91 steps=1498 succ10=0.80 touch10=0.80 col10=0.20 to10=0.00 min_d= 0.30 avg_spd=2.04m/s end=goal t= 9241.3s
[TRAIN][PPO] ep=484/500 r=  616.14 avg10=  522.32 steps=1494 succ10=0.80 touch10=0.80 col10=0.20 to10=0.00 min_d= 0.30 avg_spd=2.03m/s end=goal t= 9262.3s
[TRAIN][PPO] ep=485/500 r=  605.09 avg10=  523.11 steps=1477 succ10=0.80 touch10=0.80 col10=0.20 to10=0.00 min_d= 0.30 avg_spd=2.03m/s end=goal t= 9281.0s
[TRAIN][PPO] ep=486/500 r=  602.28 avg10=  522.87 steps=1449 succ10=0.80 touch10=0.80 col10=0.20 to10=0.00 min_d= 0.30 avg_spd=2.05m/s end=goal t= 9299.5s
[TRAIN][PPO] ep=487/500 r=  599.86 avg10=  522.51 steps=1469 succ10=0.80 touch10=0.80 col10=0.20 to10=0.00 min_d= 0.30 avg_spd=2.03m/s end=goal t= 9318.5s
[TRAIN][PPO] ep=488/500 r=  605.73 avg10=  523.11 steps=1468 succ10=0.80 touch10=0.80 col10=0.20 to10=0.00 min_d= 0.30 avg_spd=2.06m/s end=goal t= 9339.3s
[TRAIN][PPO] ep=489/500 r=  620.39 avg10=  523.75 steps=1519 succ10=0.80 touch10=0.80 col10=0.20 to10=0.00 min_d= 0.30 avg_spd=2.02m/s end=goal t= 9358.3s
[TRAIN][PPO] ep=490/500 r=  605.90 avg10=  576.74 steps=1465 succ10=0.90 touch10=0.90 col10=0.10 to10=0.00 min_d= 0.30 avg_spd=2.06m/s end=goal t= 9376.4s
[TRAIN][PPO] ep=491/500 r=  612.42 avg10=  608.71 steps=1488 succ10=1.00 touch10=1.00 col10=0.00 to10=0.00 min_d= 0.30 avg_spd=2.04m/s end=goal t= 9395.0s
[TRAIN][PPO] ep=492/500 r=  602.37 avg10=  608.41 steps=1457 succ10=1.00 touch10=1.00 col10=0.00 to10=0.00 min_d= 0.30 avg_spd=2.04m/s end=goal t= 9415.5s
[TRAIN][PPO] ep=493/500 r=  609.32 avg10=  607.95 steps=1476 succ10=1.00 touch10=1.00 col10=0.00 to10=0.00 min_d= 0.30 avg_spd=2.04m/s end=goal t= 9433.8s
[TRAIN][PPO] ep=494/500 r=   66.71 avg10=  553.01 steps= 378 succ10=0.90 touch10=0.90 col10=0.10 to10=0.00 min_d= 3.03 avg_spd=1.95m/s end=collision t= 9438.6s
[TRAIN][PPO] ep=495/500 r=  617.93 avg10=  554.29 steps=1540 succ10=0.90 touch10=0.90 col10=0.10 to10=0.00 min_d= 0.30 avg_spd=2.01m/s end=goal t= 9458.7s
[TRAIN][PPO] ep=496/500 r=  612.46 avg10=  555.31 steps=1478 succ10=0.90 touch10=0.90 col10=0.10 to10=0.00 min_d= 0.30 avg_spd=2.04m/s end=goal t= 9479.2s
[TRAIN][PPO] ep=497/500 r=  610.94 avg10=  556.42 steps=1477 succ10=0.90 touch10=0.90 col10=0.10 to10=0.00 min_d= 0.30 avg_spd=2.05m/s end=goal t= 9498.6s
[TRAIN][PPO] ep=498/500 r=  603.24 avg10=  556.17 steps=1486 succ10=0.90 touch10=0.90 col10=0.10 to10=0.00 min_d= 0.30 avg_spd=2.01m/s end=goal t= 9517.9s
[TRAIN][PPO] ep=499/500 r=  606.18 avg10=  554.75 steps=1490 succ10=0.90 touch10=0.90 col10=0.10 to10=0.00 min_d= 0.30 avg_spd=2.02m/s end=goal t= 9536.8s
INFO: PPO: Terminating.
[RUN] completed stage checkpoint=/uio/hume/student-u79/esbrovol/fys5429/DRL-Obstacle-Avoidance/controllers/PPO/checkpoints/20260525_141956_lstm_seed01_stage04_train_4_five_obs/final_20260525_141956_lstm_seed01_stage04_train_4_five_obs.pth
[RUN] arch=lstm seed=1 stage=5/10 world=/uio/hume/student-u79/esbrovol/fys5429/DRL-Obstacle-Avoidance/worlds/training/train_5_goal_shift_pos.wbt
[RUN] resuming from /uio/hume/student-u79/esbrovol/fys5429/DRL-Obstacle-Avoidance/controllers/PPO/checkpoints/20260525_141956_lstm_seed01_stage04_train_4_five_obs/final_20260525_141956_lstm_seed01_stage04_train_4_five_obs.pth
INFO: PPO: Starting controller: python3 -u PPO.py
[PPO] Using architecture: LSTM
[PPO] Loaded architecture: LSTM
[TRAIN][PPO] arch=LSTM weights_dir=/uio/hume/student-u79/esbrovol/fys5429/DRL-Obstacle-Avoidance/controllers/PPO/checkpoints/20260525_141956_lstm_seed01_stage05_train_5_goal_shift_pos final=/uio/hume/student-u79/esbrovol/fys5429/DRL-Obstacle-Avoidance/controllers/PPO/checkpoints/20260525_141956_lstm_seed01_stage05_train_5_goal_shift_pos/final_20260525_141956_lstm_seed01_stage05_train_5_goal_shift_pos.pth
[TRAIN][PPO] episodes=500 update_every=4 obs=31 act=2 cell=LSTM seq=32 burn_in=8
[TRAIN][PPO] ep=001/500 r=  362.48 avg10=  362.48 steps=1269 succ10=0.00 touch10=0.00 col10=1.00 to10=0.00 min_d= 0.93 avg_spd=2.04m/s end=collision t=   16.2s ckpt=best
[TRAIN][PPO] ep=002/500 r=  360.50 avg10=  361.49 steps=1256 succ10=0.00 touch10=0.00 col10=1.00 to10=0.00 min_d= 0.93 avg_spd=2.07m/s end=collision t=   31.9s
[TRAIN][PPO] ep=003/500 r=  363.46 avg10=  362.15 steps=1274 succ10=0.00 touch10=0.00 col10=1.00 to10=0.00 min_d= 0.93 avg_spd=2.02m/s end=collision t=   47.9s ckpt=best
[TRAIN][PPO] ep=004/500 r=  362.14 avg10=  362.14 steps=1289 succ10=0.00 touch10=0.00 col10=1.00 to10=0.00 min_d= 0.94 avg_spd=2.03m/s end=collision t=   66.3s
[TRAIN][PPO] ep=005/500 r=  350.30 avg10=  359.78 steps=1245 succ10=0.00 touch10=0.00 col10=1.00 to10=0.00 min_d= 0.96 avg_spd=2.04m/s end=collision t=   81.6s
[TRAIN][PPO] ep=006/500 r=  368.20 avg10=  361.18 steps=1291 succ10=0.00 touch10=0.00 col10=1.00 to10=0.00 min_d= 0.95 avg_spd=2.02m/s end=collision t=   97.9s ckpt=best
[TRAIN][PPO] ep=007/500 r=  351.34 avg10=  359.77 steps=1235 succ10=0.00 touch10=0.00 col10=1.00 to10=0.00 min_d= 0.93 avg_spd=2.03m/s end=collision t=  113.8s
[TRAIN][PPO] ep=008/500 r=  346.82 avg10=  358.15 steps=1241 succ10=0.00 touch10=0.00 col10=1.00 to10=0.00 min_d= 0.94 avg_spd=2.04m/s end=collision t=  131.5s
[TRAIN][PPO] ep=009/500 r=  302.63 avg10=  351.99 steps=1080 succ10=0.00 touch10=0.00 col10=1.00 to10=0.00 min_d= 1.44 avg_spd=2.02m/s end=collision t=  145.0s
[TRAIN][PPO] ep=010/500 r=  372.75 avg10=  354.06 steps=1317 succ10=0.00 touch10=0.00 col10=1.00 to10=0.00 min_d= 0.93 avg_spd=2.01m/s end=collision t=  161.9s ckpt=best
[TRAIN][PPO] ep=011/500 r=  353.37 avg10=  353.15 steps=1248 succ10=0.00 touch10=0.00 col10=1.00 to10=0.00 min_d= 0.96 avg_spd=2.04m/s end=collision t=  178.0s
[TRAIN][PPO] ep=012/500 r=  348.32 avg10=  351.93 steps=1251 succ10=0.00 touch10=0.00 col10=1.00 to10=0.00 min_d= 0.96 avg_spd=2.04m/s end=collision t=  195.5s
[TRAIN][PPO] ep=013/500 r=  289.48 avg10=  344.54 steps=1014 succ10=0.00 touch10=0.00 col10=1.00 to10=0.00 min_d= 1.44 avg_spd=2.02m/s end=collision t=  208.6s
[TRAIN][PPO] ep=014/500 r=  290.07 avg10=  337.33 steps=1030 succ10=0.00 touch10=0.00 col10=1.00 to10=0.00 min_d= 1.48 avg_spd=2.03m/s end=collision t=  221.8s
[TRAIN][PPO] ep=015/500 r=  285.59 avg10=  330.86 steps=1008 succ10=0.00 touch10=0.00 col10=1.00 to10=0.00 min_d= 1.49 avg_spd=2.04m/s end=collision t=  234.8s
[TRAIN][PPO] ep=016/500 r=  362.62 avg10=  330.30 steps=1279 succ10=0.00 touch10=0.00 col10=1.00 to10=0.00 min_d= 0.94 avg_spd=2.03m/s end=collision t=  252.6s
[TRAIN][PPO] ep=017/500 r=  284.71 avg10=  323.64 steps= 980 succ10=0.00 touch10=0.00 col10=1.00 to10=0.00 min_d= 1.48 avg_spd=2.03m/s end=collision t=  265.1s
[TRAIN][PPO] ep=018/500 r=  284.32 avg10=  317.39 steps= 995 succ10=0.00 touch10=0.00 col10=1.00 to10=0.00 min_d= 1.49 avg_spd=2.04m/s end=collision t=  277.8s
[TRAIN][PPO] ep=019/500 r=  291.98 avg10=  316.32 steps=1011 succ10=0.00 touch10=0.00 col10=1.00 to10=0.00 min_d= 1.47 avg_spd=2.06m/s end=collision t=  290.8s
[TRAIN][PPO] ep=020/500 r=  298.17 avg10=  308.86 steps=1061 succ10=0.00 touch10=0.00 col10=1.00 to10=0.00 min_d= 1.43 avg_spd=2.06m/s end=collision t=  305.6s
[TRAIN][PPO] ep=021/500 r=  284.30 avg10=  301.96 steps= 993 succ10=0.00 touch10=0.00 col10=1.00 to10=0.00 min_d= 1.50 avg_spd=2.05m/s end=collision t=  318.5s
[TRAIN][PPO] ep=022/500 r=  285.05 avg10=  295.63 steps=1028 succ10=0.00 touch10=0.00 col10=1.00 to10=0.00 min_d= 1.49 avg_spd=2.01m/s end=collision t=  331.6s
[TRAIN][PPO] ep=023/500 r=  353.80 avg10=  302.06 steps=1260 succ10=0.00 touch10=0.00 col10=1.00 to10=0.00 min_d= 0.93 avg_spd=2.04m/s end=collision t=  346.5s
[TRAIN][PPO] ep=024/500 r=  289.83 avg10=  302.04 steps=1016 succ10=0.00 touch10=0.00 col10=1.00 to10=0.00 min_d= 1.50 avg_spd=2.04m/s end=collision t=  360.5s
[TRAIN][PPO] ep=025/500 r=  287.70 avg10=  302.25 steps=1018 succ10=0.00 touch10=0.00 col10=1.00 to10=0.00 min_d= 1.50 avg_spd=2.04m/s end=collision t=  373.7s
[TRAIN][PPO] ep=026/500 r=  358.73 avg10=  301.86 steps=1286 succ10=0.00 touch10=0.00 col10=1.00 to10=0.00 min_d= 0.92 avg_spd=2.01m/s end=collision t=  389.9s
[TRAIN][PPO] ep=027/500 r=  358.60 avg10=  309.25 steps=1272 succ10=0.00 touch10=0.00 col10=1.00 to10=0.00 min_d= 0.93 avg_spd=2.02m/s end=collision t=  405.8s
[TRAIN][PPO] ep=028/500 r=  287.45 avg10=  309.56 steps=1025 succ10=0.00 touch10=0.00 col10=1.00 to10=0.00 min_d= 1.48 avg_spd=2.05m/s end=collision t=  419.7s
[TRAIN][PPO] ep=029/500 r=  352.13 avg10=  315.58 steps=1249 succ10=0.00 touch10=0.00 col10=1.00 to10=0.00 min_d= 0.94 avg_spd=2.02m/s end=collision t=  435.2s
[TRAIN][PPO] ep=030/500 r=  349.13 avg10=  320.67 steps=1281 succ10=0.00 touch10=0.00 col10=1.00 to10=0.00 min_d= 1.01 avg_spd=2.05m/s end=collision t=  451.5s
[TRAIN][PPO] ep=031/500 r=  347.72 avg10=  327.01 steps=1238 succ10=0.00 touch10=0.00 col10=1.00 to10=0.00 min_d= 0.98 avg_spd=2.05m/s end=collision t=  466.9s
[TRAIN][PPO] ep=032/500 r=  341.37 avg10=  332.65 steps=1247 succ10=0.00 touch10=0.00 col10=1.00 to10=0.00 min_d= 0.97 avg_spd=2.03m/s end=collision t=  484.9s
[TRAIN][PPO] ep=033/500 r=  360.48 avg10=  333.32 steps=1264 succ10=0.00 touch10=0.00 col10=1.00 to10=0.00 min_d= 0.93 avg_spd=2.02m/s end=collision t=  500.5s
[TRAIN][PPO] ep=034/500 r=  355.04 avg10=  339.84 steps=1270 succ10=0.00 touch10=0.00 col10=1.00 to10=0.00 min_d= 0.93 avg_spd=2.01m/s end=collision t=  516.2s
[TRAIN][PPO] ep=035/500 r=  359.78 avg10=  347.04 steps=1273 succ10=0.00 touch10=0.00 col10=1.00 to10=0.00 min_d= 0.93 avg_spd=2.02m/s end=collision t=  532.4s
[TRAIN][PPO] ep=036/500 r=  354.04 avg10=  346.57 steps=1264 succ10=0.00 touch10=0.00 col10=1.00 to10=0.00 min_d= 0.93 avg_spd=2.03m/s end=collision t=  549.9s
[TRAIN][PPO] ep=037/500 r=  370.73 avg10=  347.79 steps=1305 succ10=0.00 touch10=0.00 col10=1.00 to10=0.00 min_d= 0.92 avg_spd=2.02m/s end=collision t=  566.0s
[TRAIN][PPO] ep=038/500 r=  367.54 avg10=  355.80 steps=1305 succ10=0.00 touch10=0.00 col10=1.00 to10=0.00 min_d= 0.94 avg_spd=2.03m/s end=collision t=  582.6s
[TRAIN][PPO] ep=039/500 r=  346.75 avg10=  355.26 steps=1232 succ10=0.00 touch10=0.00 col10=1.00 to10=0.00 min_d= 0.93 avg_spd=2.06m/s end=collision t=  598.2s
[TRAIN][PPO] ep=040/500 r=  365.75 avg10=  356.92 steps=1284 succ10=0.00 touch10=0.00 col10=1.00 to10=0.00 min_d= 0.93 avg_spd=2.05m/s end=collision t=  617.0s
[TRAIN][PPO] ep=041/500 r=  351.11 avg10=  357.26 steps=1279 succ10=0.00 touch10=0.00 col10=1.00 to10=0.00 min_d= 0.99 avg_spd=2.04m/s end=collision t=  633.4s
[TRAIN][PPO] ep=042/500 r=  354.38 avg10=  358.56 steps=1257 succ10=0.00 touch10=0.00 col10=1.00 to10=0.00 min_d= 0.92 avg_spd=2.06m/s end=collision t=  649.4s
[TRAIN][PPO] ep=043/500 r=  365.91 avg10=  359.10 steps=1307 succ10=0.00 touch10=0.00 col10=1.00 to10=0.00 min_d= 0.93 avg_spd=2.01m/s end=collision t=  665.8s
[TRAIN][PPO] ep=044/500 r=  356.45 avg10=  359.24 steps=1253 succ10=0.00 touch10=0.00 col10=1.00 to10=0.00 min_d= 0.93 avg_spd=2.05m/s end=collision t=  684.9s
[TRAIN][PPO] ep=045/500 r=  355.22 avg10=  358.79 steps=1265 succ10=0.00 touch10=0.00 col10=1.00 to10=0.00 min_d= 0.95 avg_spd=2.06m/s end=collision t=  700.4s
[TRAIN][PPO] ep=046/500 r=  355.52 avg10=  358.94 steps=1262 succ10=0.00 touch10=0.00 col10=1.00 to10=0.00 min_d= 0.92 avg_spd=2.02m/s end=collision t=  716.1s
[TRAIN][PPO] ep=047/500 r=  370.89 avg10=  358.95 steps=1295 succ10=0.00 touch10=0.00 col10=1.00 to10=0.00 min_d= 0.92 avg_spd=2.02m/s end=collision t=  732.3s
[TRAIN][PPO] ep=048/500 r=  366.20 avg10=  358.82 steps=1283 succ10=0.00 touch10=0.00 col10=1.00 to10=0.00 min_d= 0.94 avg_spd=2.05m/s end=collision t=  750.9s
[TRAIN][PPO] ep=049/500 r=  353.45 avg10=  359.49 steps=1266 succ10=0.00 touch10=0.00 col10=1.00 to10=0.00 min_d= 0.93 avg_spd=2.03m/s end=collision t=  766.6s
[TRAIN][PPO] ep=050/500 r=  371.80 avg10=  360.09 steps=1310 succ10=0.00 touch10=0.00 col10=1.00 to10=0.00 min_d= 0.92 avg_spd=2.02m/s end=collision t=  783.3s
[TRAIN][PPO] ep=051/500 r=  369.52 avg10=  361.93 steps=1293 succ10=0.00 touch10=0.00 col10=1.00 to10=0.00 min_d= 0.92 avg_spd=2.03m/s end=collision t=  799.5s
[TRAIN][PPO] ep=052/500 r=  371.55 avg10=  363.65 steps=1322 succ10=0.00 touch10=0.00 col10=1.00 to10=0.00 min_d= 0.92 avg_spd=2.01m/s end=collision t=  820.1s
[TRAIN][PPO] ep=053/500 r=  356.66 avg10=  362.73 steps=1249 succ10=0.00 touch10=0.00 col10=1.00 to10=0.00 min_d= 0.91 avg_spd=2.03m/s end=collision t=  835.6s
[TRAIN][PPO] ep=054/500 r=  357.64 avg10=  362.85 steps=1273 succ10=0.00 touch10=0.00 col10=1.00 to10=0.00 min_d= 0.92 avg_spd=2.03m/s end=collision t=  851.7s
[TRAIN][PPO] ep=055/500 r=  369.26 avg10=  364.25 steps=1281 succ10=0.00 touch10=0.00 col10=1.00 to10=0.00 min_d= 0.92 avg_spd=2.06m/s end=collision t=  867.8s
[TRAIN][PPO] ep=056/500 r=  345.35 avg10=  363.23 steps=1250 succ10=0.00 touch10=0.00 col10=1.00 to10=0.00 min_d= 0.98 avg_spd=2.05m/s end=collision t=  885.4s
[TRAIN][PPO] ep=057/500 r=  349.54 avg10=  361.10 steps=1247 succ10=0.00 touch10=0.00 col10=1.00 to10=0.00 min_d= 0.93 avg_spd=2.03m/s end=collision t=  901.0s
[TRAIN][PPO] ep=058/500 r=  355.28 avg10=  360.00 steps=1260 succ10=0.00 touch10=0.00 col10=1.00 to10=0.00 min_d= 0.93 avg_spd=2.05m/s end=collision t=  916.5s
[TRAIN][PPO] ep=059/500 r=  364.27 avg10=  361.09 steps=1261 succ10=0.00 touch10=0.00 col10=1.00 to10=0.00 min_d= 0.92 avg_spd=2.06m/s end=collision t=  932.4s
[TRAIN][PPO] ep=060/500 r=  356.99 avg10=  359.61 steps=1257 succ10=0.00 touch10=0.00 col10=1.00 to10=0.00 min_d= 0.92 avg_spd=2.05m/s end=collision t=  950.4s
[TRAIN][PPO] ep=061/500 r=  368.12 avg10=  359.47 steps=1295 succ10=0.00 touch10=0.00 col10=1.00 to10=0.00 min_d= 0.94 avg_spd=2.04m/s end=collision t=  967.3s
[TRAIN][PPO] ep=062/500 r=  369.94 avg10=  359.31 steps=1296 succ10=0.00 touch10=0.00 col10=1.00 to10=0.00 min_d= 0.92 avg_spd=2.03m/s end=collision t=  984.0s
[TRAIN][PPO] ep=063/500 r=  350.96 avg10=  358.74 steps=1249 succ10=0.00 touch10=0.00 col10=1.00 to10=0.00 min_d= 0.92 avg_spd=2.04m/s end=collision t= 1000.0s
[TRAIN][PPO] ep=064/500 r=  356.87 avg10=  358.66 steps=1290 succ10=0.00 touch10=0.00 col10=1.00 to10=0.00 min_d= 0.92 avg_spd=2.02m/s end=collision t= 1018.3s
[TRAIN][PPO] ep=065/500 r=  355.59 avg10=  357.29 steps=1241 succ10=0.00 touch10=0.00 col10=1.00 to10=0.00 min_d= 0.90 avg_spd=2.05m/s end=collision t= 1034.6s
[TRAIN][PPO] ep=066/500 r=  362.37 avg10=  358.99 steps=1306 succ10=0.00 touch10=0.00 col10=1.00 to10=0.00 min_d= 0.91 avg_spd=2.01m/s end=collision t= 1051.7s
[TRAIN][PPO] ep=067/500 r=  359.91 avg10=  360.03 steps=1278 succ10=0.00 touch10=0.00 col10=1.00 to10=0.00 min_d= 0.91 avg_spd=2.03m/s end=collision t= 1067.8s
[TRAIN][PPO] ep=068/500 r=  363.64 avg10=  360.87 steps=1277 succ10=0.00 touch10=0.00 col10=1.00 to10=0.00 min_d= 0.91 avg_spd=2.04m/s end=collision t= 1085.9s
[TRAIN][PPO] ep=069/500 r=  361.10 avg10=  360.55 steps=1317 succ10=0.00 touch10=0.00 col10=1.00 to10=0.00 min_d= 0.92 avg_spd=2.01m/s end=collision t= 1103.2s
[TRAIN][PPO] ep=070/500 r=  359.36 avg10=  360.79 steps=1282 succ10=0.00 touch10=0.00 col10=1.00 to10=0.00 min_d= 0.93 avg_spd=2.04m/s end=collision t= 1120.0s
[TRAIN][PPO] ep=071/500 r=  366.40 avg10=  360.61 steps=1290 succ10=0.00 touch10=0.00 col10=1.00 to10=0.00 min_d= 0.93 avg_spd=2.04m/s end=collision t= 1136.7s
[TRAIN][PPO] ep=072/500 r=  372.78 avg10=  360.90 steps=1325 succ10=0.00 touch10=0.00 col10=1.00 to10=0.00 min_d= 0.91 avg_spd=2.03m/s end=collision t= 1155.5s ckpt=best
[TRAIN][PPO] ep=073/500 r=  367.96 avg10=  362.60 steps=1285 succ10=0.00 touch10=0.00 col10=1.00 to10=0.00 min_d= 0.92 avg_spd=2.05m/s end=collision t= 1172.5s
[TRAIN][PPO] ep=074/500 r=  375.14 avg10=  364.42 steps=1324 succ10=0.00 touch10=0.00 col10=1.00 to10=0.00 min_d= 0.91 avg_spd=2.01m/s end=collision t= 1190.0s ckpt=best
[TRAIN][PPO] ep=075/500 r=  357.34 avg10=  364.60 steps=1282 succ10=0.00 touch10=0.00 col10=1.00 to10=0.00 min_d= 0.91 avg_spd=2.01m/s end=collision t= 1207.0s
[TRAIN][PPO] ep=076/500 r=  348.55 avg10=  363.22 steps=1244 succ10=0.00 touch10=0.00 col10=1.00 to10=0.00 min_d= 0.92 avg_spd=2.06m/s end=collision t= 1224.5s
[TRAIN][PPO] ep=077/500 r=  362.33 avg10=  363.46 steps=1281 succ10=0.00 touch10=0.00 col10=1.00 to10=0.00 min_d= 0.90 avg_spd=2.03m/s end=collision t= 1241.4s
[TRAIN][PPO] ep=078/500 r=  357.63 avg10=  362.86 steps=1281 succ10=0.00 touch10=0.00 col10=1.00 to10=0.00 min_d= 0.91 avg_spd=2.04m/s end=collision t= 1258.1s
[TRAIN][PPO] ep=079/500 r=  356.80 avg10=  362.43 steps=1282 succ10=0.00 touch10=0.00 col10=1.00 to10=0.00 min_d= 0.93 avg_spd=2.04m/s end=collision t= 1275.4s
[TRAIN][PPO] ep=080/500 r=  365.26 avg10=  363.02 steps=1294 succ10=0.00 touch10=0.00 col10=1.00 to10=0.00 min_d= 0.89 avg_spd=2.05m/s end=collision t= 1294.0s
[TRAIN][PPO] ep=081/500 r=  367.74 avg10=  363.15 steps=1300 succ10=0.00 touch10=0.00 col10=1.00 to10=0.00 min_d= 0.92 avg_spd=2.04m/s end=collision t= 1310.7s
[TRAIN][PPO] ep=082/500 r=  378.89 avg10=  363.76 steps=1328 succ10=0.00 touch10=0.00 col10=1.00 to10=0.00 min_d= 0.90 avg_spd=2.00m/s end=collision t= 1327.9s ckpt=best
[TRAIN][PPO] ep=083/500 r=  361.47 avg10=  363.12 steps=1288 succ10=0.00 touch10=0.00 col10=1.00 to10=0.00 min_d= 0.89 avg_spd=2.01m/s end=collision t= 1344.7s
[TRAIN][PPO] ep=084/500 r=  364.64 avg10=  362.07 steps=1296 succ10=0.00 touch10=0.00 col10=1.00 to10=0.00 min_d= 0.91 avg_spd=2.03m/s end=collision t= 1365.3s
[TRAIN][PPO] ep=085/500 r=  355.62 avg10=  361.89 steps=1265 succ10=0.00 touch10=0.00 col10=1.00 to10=0.00 min_d= 0.91 avg_spd=2.03m/s end=collision t= 1381.8s
[TRAIN][PPO] ep=086/500 r=  372.08 avg10=  364.25 steps=1314 succ10=0.00 touch10=0.00 col10=1.00 to10=0.00 min_d= 0.90 avg_spd=2.01m/s end=collision t= 1398.9s
[TRAIN][PPO] ep=087/500 r=  360.30 avg10=  364.04 steps=1290 succ10=0.00 touch10=0.00 col10=1.00 to10=0.00 min_d= 0.89 avg_spd=2.01m/s end=collision t= 1416.0s
[TRAIN][PPO] ep=088/500 r=  358.03 avg10=  364.08 steps=1265 succ10=0.00 touch10=0.00 col10=1.00 to10=0.00 min_d= 0.92 avg_spd=2.01m/s end=collision t= 1434.1s
[TRAIN][PPO] ep=089/500 r=  358.73 avg10=  364.28 steps=1273 succ10=0.00 touch10=0.00 col10=1.00 to10=0.00 min_d= 0.93 avg_spd=2.04m/s end=collision t= 1450.3s
[TRAIN][PPO] ep=090/500 r=  366.36 avg10=  364.39 steps=1287 succ10=0.00 touch10=0.00 col10=1.00 to10=0.00 min_d= 0.90 avg_spd=2.03m/s end=collision t= 1467.3s
[TRAIN][PPO] ep=091/500 r=  366.80 avg10=  364.29 steps=1305 succ10=0.00 touch10=0.00 col10=1.00 to10=0.00 min_d= 0.89 avg_spd=2.03m/s end=collision t= 1484.6s
[TRAIN][PPO] ep=092/500 r=  369.71 avg10=  363.37 steps=1305 succ10=0.00 touch10=0.00 col10=1.00 to10=0.00 min_d= 0.92 avg_spd=2.02m/s end=collision t= 1503.8s
[TRAIN][PPO] ep=093/500 r=  348.06 avg10=  362.03 steps=1280 succ10=0.00 touch10=0.00 col10=1.00 to10=0.00 min_d= 0.96 avg_spd=2.01m/s end=collision t= 1520.4s
[TRAIN][PPO] ep=094/500 r=  357.51 avg10=  361.32 steps=1264 succ10=0.00 touch10=0.00 col10=1.00 to10=0.00 min_d= 0.91 avg_spd=2.05m/s end=collision t= 1537.3s
[TRAIN][PPO] ep=095/500 r=  355.67 avg10=  361.33 steps=1281 succ10=0.00 touch10=0.00 col10=1.00 to10=0.00 min_d= 0.92 avg_spd=2.02m/s end=collision t= 1554.3s
[TRAIN][PPO] ep=096/500 r=  359.19 avg10=  360.04 steps=1287 succ10=0.00 touch10=0.00 col10=1.00 to10=0.00 min_d= 0.92 avg_spd=2.02m/s end=collision t= 1573.0s
[TRAIN][PPO] ep=097/500 r=  355.99 avg10=  359.61 steps=1263 succ10=0.00 touch10=0.00 col10=1.00 to10=0.00 min_d= 0.90 avg_spd=2.04m/s end=collision t= 1589.8s
[TRAIN][PPO] ep=098/500 r=  364.69 avg10=  360.27 steps=1267 succ10=0.00 touch10=0.00 col10=1.00 to10=0.00 min_d= 0.91 avg_spd=2.05m/s end=collision t= 1606.3s
[TRAIN][PPO] ep=099/500 r=  370.65 avg10=  361.46 steps=1316 succ10=0.00 touch10=0.00 col10=1.00 to10=0.00 min_d= 0.89 avg_spd=2.04m/s end=collision t= 1623.7s
[TRAIN][PPO] ep=100/500 r=  347.86 avg10=  359.61 steps=1277 succ10=0.00 touch10=0.00 col10=1.00 to10=0.00 min_d= 0.97 avg_spd=2.01m/s end=collision t= 1641.9s ckpt=latest
[TRAIN][PPO] ep=101/500 r=  360.65 avg10=  359.00 steps=1259 succ10=0.00 touch10=0.00 col10=1.00 to10=0.00 min_d= 0.90 avg_spd=2.05m/s end=collision t= 1658.5s
[TRAIN][PPO] ep=102/500 r=  362.84 avg10=  358.31 steps=1269 succ10=0.00 touch10=0.00 col10=1.00 to10=0.00 min_d= 0.90 avg_spd=2.06m/s end=collision t= 1675.1s
[TRAIN][PPO] ep=103/500 r=  354.69 avg10=  358.97 steps=1323 succ10=0.00 touch10=0.00 col10=1.00 to10=0.00 min_d= 0.98 avg_spd=2.01m/s end=collision t= 1692.4s
[TRAIN][PPO] ep=104/500 r=  367.07 avg10=  359.93 steps=1279 succ10=0.00 touch10=0.00 col10=1.00 to10=0.00 min_d= 0.90 avg_spd=2.05m/s end=collision t= 1710.7s
[TRAIN][PPO] ep=105/500 r=  363.86 avg10=  360.75 steps=1284 succ10=0.00 touch10=0.00 col10=1.00 to10=0.00 min_d= 0.90 avg_spd=2.03m/s end=collision t= 1727.6s
[TRAIN][PPO] ep=106/500 r=  363.35 avg10=  361.17 steps=1284 succ10=0.00 touch10=0.00 col10=1.00 to10=0.00 min_d= 0.92 avg_spd=2.04m/s end=collision t= 1744.3s
[TRAIN][PPO] ep=107/500 r=  357.95 avg10=  361.36 steps=1272 succ10=0.00 touch10=0.00 col10=1.00 to10=0.00 min_d= 0.92 avg_spd=2.03m/s end=collision t= 1760.7s
[TRAIN][PPO] ep=108/500 r=  358.24 avg10=  360.72 steps=1263 succ10=0.00 touch10=0.00 col10=1.00 to10=0.00 min_d= 0.92 avg_spd=2.04m/s end=collision t= 1778.8s
[TRAIN][PPO] ep=109/500 r=  360.45 avg10=  359.69 steps=1273 succ10=0.00 touch10=0.00 col10=1.00 to10=0.00 min_d= 0.92 avg_spd=2.02m/s end=collision t= 1795.4s
[TRAIN][PPO] ep=110/500 r=  371.27 avg10=  362.04 steps=1305 succ10=0.00 touch10=0.00 col10=1.00 to10=0.00 min_d= 0.91 avg_spd=2.03m/s end=collision t= 1812.4s
[TRAIN][PPO] ep=111/500 r=  363.59 avg10=  362.33 steps=1294 succ10=0.00 touch10=0.00 col10=1.00 to10=0.00 min_d= 0.90 avg_spd=2.03m/s end=collision t= 1829.4s
[TRAIN][PPO] ep=112/500 r=  365.50 avg10=  362.60 steps=1306 succ10=0.00 touch10=0.00 col10=1.00 to10=0.00 min_d= 0.90 avg_spd=2.03m/s end=collision t= 1848.2s
[TRAIN][PPO] ep=113/500 r=  369.61 avg10=  364.09 steps=1329 succ10=0.00 touch10=0.00 col10=1.00 to10=0.00 min_d= 0.90 avg_spd=2.00m/s end=collision t= 1865.5s
[TRAIN][PPO] ep=114/500 r=  354.82 avg10=  362.86 steps=1266 succ10=0.00 touch10=0.00 col10=1.00 to10=0.00 min_d= 0.90 avg_spd=2.04m/s end=collision t= 1882.5s
[TRAIN][PPO] ep=115/500 r=  364.12 avg10=  362.89 steps=1285 succ10=0.00 touch10=0.00 col10=1.00 to10=0.00 min_d= 0.91 avg_spd=2.01m/s end=collision t= 1898.4s
[TRAIN][PPO] ep=116/500 r=  359.61 avg10=  362.51 steps=1273 succ10=0.00 touch10=0.00 col10=1.00 to10=0.00 min_d= 0.91 avg_spd=2.02m/s end=collision t= 1916.7s
[TRAIN][PPO] ep=117/500 r=  356.55 avg10=  362.37 steps=1263 succ10=0.00 touch10=0.00 col10=1.00 to10=0.00 min_d= 0.92 avg_spd=2.03m/s end=collision t= 1932.7s
[TRAIN][PPO] ep=118/500 r=  364.85 avg10=  363.04 steps=1286 succ10=0.00 touch10=0.00 col10=1.00 to10=0.00 min_d= 0.90 avg_spd=2.02m/s end=collision t= 1949.5s
[TRAIN][PPO] ep=119/500 r=  371.97 avg10=  364.19 steps=1338 succ10=0.00 touch10=0.00 col10=1.00 to10=0.00 min_d= 0.88 avg_spd=2.00m/s end=collision t= 1967.0s
[TRAIN][PPO] ep=120/500 r=  370.28 avg10=  364.09 steps=1299 succ10=0.00 touch10=0.00 col10=1.00 to10=0.00 min_d= 0.89 avg_spd=2.03m/s end=collision t= 1985.4s
[TRAIN][PPO] ep=121/500 r=  371.29 avg10=  364.86 steps=1312 succ10=0.00 touch10=0.00 col10=1.00 to10=0.00 min_d= 0.89 avg_spd=2.00m/s end=collision t= 2002.0s
[TRAIN][PPO] ep=122/500 r=  358.33 avg10=  364.14 steps=1264 succ10=0.00 touch10=0.00 col10=1.00 to10=0.00 min_d= 0.90 avg_spd=2.00m/s end=collision t= 2018.4s
[TRAIN][PPO] ep=123/500 r=  370.43 avg10=  364.22 steps=1306 succ10=0.00 touch10=0.00 col10=1.00 to10=0.00 min_d= 0.90 avg_spd=2.03m/s end=collision t= 2035.4s
[TRAIN][PPO] ep=124/500 r=  369.35 avg10=  365.68 steps=1302 succ10=0.00 touch10=0.00 col10=1.00 to10=0.00 min_d= 0.90 avg_spd=2.03m/s end=collision t= 2055.2s
[TRAIN][PPO] ep=125/500 r=  370.26 avg10=  366.29 steps=1313 succ10=0.00 touch10=0.00 col10=1.00 to10=0.00 min_d= 0.89 avg_spd=2.02m/s end=collision t= 2072.2s
[TRAIN][PPO] ep=126/500 r=  357.53 avg10=  366.08 steps=1250 succ10=0.00 touch10=0.00 col10=1.00 to10=0.00 min_d= 0.89 avg_spd=2.06m/s end=collision t= 2088.5s
[TRAIN][PPO] ep=127/500 r=  365.36 avg10=  366.97 steps=1292 succ10=0.00 touch10=0.00 col10=1.00 to10=0.00 min_d= 0.89 avg_spd=2.03m/s end=collision t= 2105.0s
[TRAIN][PPO] ep=128/500 r=  375.16 avg10=  368.00 steps=1322 succ10=0.00 touch10=0.00 col10=1.00 to10=0.00 min_d= 0.89 avg_spd=2.01m/s end=collision t= 2124.8s
[TRAIN][PPO] ep=129/500 r=  361.04 avg10=  366.90 steps=1274 succ10=0.00 touch10=0.00 col10=1.00 to10=0.00 min_d= 0.92 avg_spd=2.04m/s end=collision t= 2140.9s
[TRAIN][PPO] ep=130/500 r=  367.38 avg10=  366.61 steps=1302 succ10=0.00 touch10=0.00 col10=1.00 to10=0.00 min_d= 0.89 avg_spd=2.04m/s end=collision t= 2157.6s
[TRAIN][PPO] ep=131/500 r=  378.31 avg10=  367.31 steps=1347 succ10=0.00 touch10=0.00 col10=1.00 to10=0.00 min_d= 0.90 avg_spd=2.01m/s end=collision t= 2174.9s
[TRAIN][PPO] ep=132/500 r=  365.51 avg10=  368.03 steps=1295 succ10=0.00 touch10=0.00 col10=1.00 to10=0.00 min_d= 0.92 avg_spd=2.02m/s end=collision t= 2193.0s
[TRAIN][PPO] ep=133/500 r=  368.90 avg10=  367.88 steps=1335 succ10=0.00 touch10=0.00 col10=1.00 to10=0.00 min_d= 0.92 avg_spd=1.98m/s end=collision t= 2209.8s
[TRAIN][PPO] ep=134/500 r=  376.49 avg10=  368.59 steps=1323 succ10=0.00 touch10=0.00 col10=1.00 to10=0.00 min_d= 0.88 avg_spd=2.03m/s end=collision t= 2226.7s
[TRAIN][PPO] ep=135/500 r=  356.04 avg10=  367.17 steps=1256 succ10=0.00 touch10=0.00 col10=1.00 to10=0.00 min_d= 0.91 avg_spd=2.02m/s end=collision t= 2242.7s
[TRAIN][PPO] ep=136/500 r=  366.50 avg10=  368.07 steps=1297 succ10=0.00 touch10=0.00 col10=1.00 to10=0.00 min_d= 0.92 avg_spd=2.04m/s end=collision t= 2261.1s
[TRAIN][PPO] ep=137/500 r=  364.23 avg10=  367.96 steps=1299 succ10=0.00 touch10=0.00 col10=1.00 to10=0.00 min_d= 0.89 avg_spd=2.02m/s end=collision t= 2277.7s
[TRAIN][PPO] ep=138/500 r=  363.29 avg10=  366.77 steps=1303 succ10=0.00 touch10=0.00 col10=1.00 to10=0.00 min_d= 0.92 avg_spd=1.99m/s end=collision t= 2294.1s
[TRAIN][PPO] ep=139/500 r=  367.13 avg10=  367.38 steps=1296 succ10=0.00 touch10=0.00 col10=1.00 to10=0.00 min_d= 0.90 avg_spd=2.03m/s end=collision t= 2310.9s
[TRAIN][PPO] ep=140/500 r=  366.91 avg10=  367.33 steps=1304 succ10=0.00 touch10=0.00 col10=1.00 to10=0.00 min_d= 0.91 avg_spd=2.04m/s end=collision t= 2329.6s
[TRAIN][PPO] ep=141/500 r=  374.96 avg10=  367.00 steps=1313 succ10=0.00 touch10=0.00 col10=1.00 to10=0.00 min_d= 0.88 avg_spd=2.03m/s end=collision t= 2346.6s
[TRAIN][PPO] ep=142/500 r=  372.46 avg10=  367.69 steps=1313 succ10=0.00 touch10=0.00 col10=1.00 to10=0.00 min_d= 0.91 avg_spd=2.03m/s end=collision t= 2363.4s
[TRAIN][PPO] ep=143/500 r=  365.66 avg10=  367.37 steps=1291 succ10=0.00 touch10=0.00 col10=1.00 to10=0.00 min_d= 0.89 avg_spd=2.00m/s end=collision t= 2379.9s
[TRAIN][PPO] ep=144/500 r=  368.85 avg10=  366.60 steps=1307 succ10=0.00 touch10=0.00 col10=1.00 to10=0.00 min_d= 0.91 avg_spd=2.01m/s end=collision t= 2398.2s
[TRAIN][PPO] ep=145/500 r=  366.89 avg10=  367.69 steps=1299 succ10=0.00 touch10=0.00 col10=1.00 to10=0.00 min_d= 0.89 avg_spd=2.03m/s end=collision t= 2414.6s
[TRAIN][PPO] ep=146/500 r=  366.61 avg10=  367.70 steps=1286 succ10=0.00 touch10=0.00 col10=1.00 to10=0.00 min_d= 0.89 avg_spd=2.00m/s end=collision t= 2431.1s
[TRAIN][PPO] ep=147/500 r=  380.61 avg10=  369.34 steps=1342 succ10=0.00 touch10=0.00 col10=1.00 to10=0.00 min_d= 0.89 avg_spd=2.01m/s end=collision t= 2448.5s ckpt=best
[TRAIN][PPO] ep=148/500 r=  365.39 avg10=  369.55 steps=1307 succ10=0.00 touch10=0.00 col10=1.00 to10=0.00 min_d= 0.89 avg_spd=1.99m/s end=collision t= 2467.1s
[TRAIN][PPO] ep=149/500 r=  363.81 avg10=  369.22 steps=1270 succ10=0.00 touch10=0.00 col10=1.00 to10=0.00 min_d= 0.89 avg_spd=2.01m/s end=collision t= 2483.6s
[TRAIN][PPO] ep=150/500 r=  381.79 avg10=  370.70 steps=1345 succ10=0.00 touch10=0.00 col10=1.00 to10=0.00 min_d= 0.89 avg_spd=1.98m/s end=collision t= 2500.9s ckpt=best
[TRAIN][PPO] ep=151/500 r=  360.91 avg10=  369.30 steps=1279 succ10=0.00 touch10=0.00 col10=1.00 to10=0.00 min_d= 0.88 avg_spd=2.01m/s end=collision t= 2517.5s
[TRAIN][PPO] ep=152/500 r=  360.77 avg10=  368.13 steps=1264 succ10=0.00 touch10=0.00 col10=1.00 to10=0.00 min_d= 0.90 avg_spd=2.02m/s end=collision t= 2535.3s
[TRAIN][PPO] ep=153/500 r=  376.56 avg10=  369.22 steps=1323 succ10=0.00 touch10=0.00 col10=1.00 to10=0.00 min_d= 0.91 avg_spd=2.00m/s end=collision t= 2552.3s
[TRAIN][PPO] ep=154/500 r=  376.64 avg10=  370.00 steps=1322 succ10=0.00 touch10=0.00 col10=1.00 to10=0.00 min_d= 0.90 avg_spd=2.02m/s end=collision t= 2569.2s
[TRAIN][PPO] ep=155/500 r=  369.80 avg10=  370.29 steps=1309 succ10=0.00 touch10=0.00 col10=1.00 to10=0.00 min_d= 0.89 avg_spd=2.03m/s end=collision t= 2585.7s
[TRAIN][PPO] ep=156/500 r=  378.50 avg10=  371.48 steps=1336 succ10=0.00 touch10=0.00 col10=1.00 to10=0.00 min_d= 0.89 avg_spd=1.97m/s end=collision t= 2604.5s
[TRAIN][PPO] ep=157/500 r=  379.24 avg10=  371.34 steps=1321 succ10=0.00 touch10=0.00 col10=1.00 to10=0.00 min_d= 0.89 avg_spd=1.98m/s end=collision t= 2621.2s
[TRAIN][PPO] ep=158/500 r=  360.80 avg10=  370.88 steps=1263 succ10=0.00 touch10=0.00 col10=1.00 to10=0.00 min_d= 0.90 avg_spd=2.02m/s end=collision t= 2637.3s
[TRAIN][PPO] ep=159/500 r=  356.18 avg10=  370.12 steps=1257 succ10=0.00 touch10=0.00 col10=1.00 to10=0.00 min_d= 0.90 avg_spd=2.03m/s end=collision t= 2653.7s
[TRAIN][PPO] ep=160/500 r=  372.09 avg10=  369.15 steps=1324 succ10=0.00 touch10=0.00 col10=1.00 to10=0.00 min_d= 0.90 avg_spd=2.00m/s end=collision t= 2672.4s
[TRAIN][PPO] ep=161/500 r=  366.83 avg10=  369.74 steps=1283 succ10=0.00 touch10=0.00 col10=1.00 to10=0.00 min_d= 0.89 avg_spd=2.02m/s end=collision t= 2689.0s
[TRAIN][PPO] ep=162/500 r=  377.16 avg10=  371.38 steps=1304 succ10=0.00 touch10=0.00 col10=1.00 to10=0.00 min_d= 0.89 avg_spd=2.01m/s end=collision t= 2705.5s
[TRAIN][PPO] ep=163/500 r=  374.07 avg10=  371.13 steps=1330 succ10=0.00 touch10=0.00 col10=1.00 to10=0.00 min_d= 0.90 avg_spd=2.00m/s end=collision t= 2722.6s
[TRAIN][PPO] ep=164/500 r=  372.10 avg10=  370.68 steps=1296 succ10=0.00 touch10=0.00 col10=1.00 to10=0.00 min_d= 0.88 avg_spd=2.02m/s end=collision t= 2740.7s
[TRAIN][PPO] ep=165/500 r=  363.01 avg10=  370.00 steps=1294 succ10=0.00 touch10=0.00 col10=1.00 to10=0.00 min_d= 0.90 avg_spd=1.99m/s end=collision t= 2757.5s
[TRAIN][PPO] ep=166/500 r=  357.46 avg10=  367.89 steps=1258 succ10=0.00 touch10=0.00 col10=1.00 to10=0.00 min_d= 0.89 avg_spd=2.03m/s end=collision t= 2773.4s
[TRAIN][PPO] ep=167/500 r=  376.65 avg10=  367.64 steps=1310 succ10=0.00 touch10=0.00 col10=1.00 to10=0.00 min_d= 0.89 avg_spd=2.01m/s end=collision t= 2790.3s
[TRAIN][PPO] ep=168/500 r=  375.35 avg10=  369.09 steps=1319 succ10=0.00 touch10=0.00 col10=1.00 to10=0.00 min_d= 0.89 avg_spd=1.98m/s end=collision t= 2810.3s
[TRAIN][PPO] ep=169/500 r=  376.39 avg10=  371.11 steps=1313 succ10=0.00 touch10=0.00 col10=1.00 to10=0.00 min_d= 0.89 avg_spd=2.01m/s end=collision t= 2826.8s
[TRAIN][PPO] ep=170/500 r=  367.33 avg10=  370.64 steps=1292 succ10=0.00 touch10=0.00 col10=1.00 to10=0.00 min_d= 0.89 avg_spd=2.02m/s end=collision t= 2843.5s
[TRAIN][PPO] ep=171/500 r=  376.13 avg10=  371.57 steps=1314 succ10=0.00 touch10=0.00 col10=1.00 to10=0.00 min_d= 0.90 avg_spd=2.01m/s end=collision t= 2860.6s
[TRAIN][PPO] ep=172/500 r=  369.33 avg10=  370.78 steps=1287 succ10=0.00 touch10=0.00 col10=1.00 to10=0.00 min_d= 0.90 avg_spd=2.01m/s end=collision t= 2879.2s
[TRAIN][PPO] ep=173/500 r=  359.39 avg10=  369.31 steps=1268 succ10=0.00 touch10=0.00 col10=1.00 to10=0.00 min_d= 0.89 avg_spd=2.01m/s end=collision t= 2895.6s
[TRAIN][PPO] ep=174/500 r=  359.34 avg10=  368.04 steps=1269 succ10=0.00 touch10=0.00 col10=1.00 to10=0.00 min_d= 0.89 avg_spd=2.02m/s end=collision t= 2912.1s
[TRAIN][PPO] ep=175/500 r=  374.02 avg10=  369.14 steps=1302 succ10=0.00 touch10=0.00 col10=1.00 to10=0.00 min_d= 0.89 avg_spd=2.04m/s end=collision t= 2928.8s
[TRAIN][PPO] ep=176/500 r=  373.44 avg10=  370.74 steps=1319 succ10=0.00 touch10=0.00 col10=1.00 to10=0.00 min_d= 0.89 avg_spd=2.00m/s end=collision t= 2948.9s
[TRAIN][PPO] ep=177/500 r=  375.78 avg10=  370.65 steps=1326 succ10=0.00 touch10=0.00 col10=1.00 to10=0.00 min_d= 0.88 avg_spd=2.02m/s end=collision t= 2966.0s
[TRAIN][PPO] ep=178/500 r=  370.25 avg10=  370.14 steps=1301 succ10=0.00 touch10=0.00 col10=1.00 to10=0.00 min_d= 0.89 avg_spd=1.98m/s end=collision t= 2982.8s
[TRAIN][PPO] ep=179/500 r=  370.42 avg10=  369.54 steps=1281 succ10=0.00 touch10=0.00 col10=1.00 to10=0.00 min_d= 0.88 avg_spd=2.02m/s end=collision t= 2999.6s
[TRAIN][PPO] ep=180/500 r=  366.14 avg10=  369.42 steps=1283 succ10=0.00 touch10=0.00 col10=1.00 to10=0.00 min_d= 0.89 avg_spd=2.03m/s end=collision t= 3017.4s
[TRAIN][PPO] ep=181/500 r=  368.75 avg10=  368.69 steps=1286 succ10=0.00 touch10=0.00 col10=1.00 to10=0.00 min_d= 0.89 avg_spd=2.03m/s end=collision t= 3033.7s
[TRAIN][PPO] ep=182/500 r=  369.38 avg10=  368.69 steps=1316 succ10=0.00 touch10=0.00 col10=1.00 to10=0.00 min_d= 0.88 avg_spd=1.99m/s end=collision t= 3051.0s
[TRAIN][PPO] ep=183/500 r=  374.73 avg10=  370.23 steps=1298 succ10=0.00 touch10=0.00 col10=1.00 to10=0.00 min_d= 0.90 avg_spd=2.02m/s end=collision t= 3068.1s
[TRAIN][PPO] ep=184/500 r=  359.74 avg10=  370.27 steps=1265 succ10=0.00 touch10=0.00 col10=1.00 to10=0.00 min_d= 0.91 avg_spd=2.02m/s end=collision t= 3087.3s
[TRAIN][PPO] ep=185/500 r=  378.08 avg10=  370.67 steps=1318 succ10=0.00 touch10=0.00 col10=1.00 to10=0.00 min_d= 0.89 avg_spd=2.00m/s end=collision t= 3104.4s
[TRAIN][PPO] ep=186/500 r=  363.99 avg10=  369.72 steps=1277 succ10=0.00 touch10=0.00 col10=1.00 to10=0.00 min_d= 0.89 avg_spd=2.01m/s end=collision t= 3120.7s
[TRAIN][PPO] ep=187/500 r=  370.20 avg10=  369.17 steps=1311 succ10=0.00 touch10=0.00 col10=1.00 to10=0.00 min_d= 0.88 avg_spd=2.01m/s end=collision t= 3137.7s
[TRAIN][PPO] ep=188/500 r=  365.32 avg10=  368.67 steps=1282 succ10=0.00 touch10=0.00 col10=1.00 to10=0.00 min_d= 0.88 avg_spd=2.02m/s end=collision t= 3156.1s
[TRAIN][PPO] ep=189/500 r=  359.21 avg10=  367.55 steps=1269 succ10=0.00 touch10=0.00 col10=1.00 to10=0.00 min_d= 0.89 avg_spd=2.02m/s end=collision t= 3172.7s
[TRAIN][PPO] ep=190/500 r=  367.66 avg10=  367.70 steps=1302 succ10=0.00 touch10=0.00 col10=1.00 to10=0.00 min_d= 0.90 avg_spd=2.02m/s end=collision t= 3189.5s
[TRAIN][PPO] ep=191/500 r=  371.09 avg10=  367.94 steps=1296 succ10=0.00 touch10=0.00 col10=1.00 to10=0.00 min_d= 0.88 avg_spd=2.00m/s end=collision t= 3206.5s
[TRAIN][PPO] ep=192/500 r=  377.25 avg10=  368.73 steps=1316 succ10=0.00 touch10=0.00 col10=1.00 to10=0.00 min_d= 0.88 avg_spd=2.02m/s end=collision t= 3226.1s
[TRAIN][PPO] ep=193/500 r=  364.07 avg10=  367.66 steps=1277 succ10=0.00 touch10=0.00 col10=1.00 to10=0.00 min_d= 0.90 avg_spd=2.05m/s end=collision t= 3242.9s
[TRAIN][PPO] ep=194/500 r=  366.15 avg10=  368.30 steps=1277 succ10=0.00 touch10=0.00 col10=1.00 to10=0.00 min_d= 0.90 avg_spd=2.01m/s end=collision t= 3259.6s
[TRAIN][PPO] ep=195/500 r=  372.08 avg10=  367.70 steps=1301 succ10=0.00 touch10=0.00 col10=1.00 to10=0.00 min_d= 0.88 avg_spd=2.01m/s end=collision t= 3276.0s
[TRAIN][PPO] ep=196/500 r=  370.56 avg10=  368.36 steps=1296 succ10=0.00 touch10=0.00 col10=1.00 to10=0.00 min_d= 0.90 avg_spd=2.03m/s end=collision t= 3295.1s
[TRAIN][PPO] ep=197/500 r=  356.95 avg10=  367.03 steps=1253 succ10=0.00 touch10=0.00 col10=1.00 to10=0.00 min_d= 0.89 avg_spd=2.06m/s end=collision t= 3311.6s
[TRAIN][PPO] ep=198/500 r=  373.91 avg10=  367.89 steps=1304 succ10=0.00 touch10=0.00 col10=1.00 to10=0.00 min_d= 0.89 avg_spd=2.02m/s end=collision t= 3328.9s
[TRAIN][PPO] ep=199/500 r=  370.93 avg10=  369.06 steps=1289 succ10=0.00 touch10=0.00 col10=1.00 to10=0.00 min_d= 0.88 avg_spd=2.04m/s end=collision t= 3345.8s
[TRAIN][PPO] ep=200/500 r=  363.86 avg10=  368.68 steps=1288 succ10=0.00 touch10=0.00 col10=1.00 to10=0.00 min_d= 0.88 avg_spd=2.02m/s end=collision t= 3364.6s ckpt=latest
[TRAIN][PPO] ep=201/500 r=  379.45 avg10=  369.52 steps=1329 succ10=0.00 touch10=0.00 col10=1.00 to10=0.00 min_d= 0.88 avg_spd=2.00m/s end=collision t= 3382.1s
[TRAIN][PPO] ep=202/500 r=  364.26 avg10=  368.22 steps=1278 succ10=0.00 touch10=0.00 col10=1.00 to10=0.00 min_d= 0.89 avg_spd=2.02m/s end=collision t= 3398.7s
[TRAIN][PPO] ep=203/500 r=  366.79 avg10=  368.49 steps=1301 succ10=0.00 touch10=0.00 col10=1.00 to10=0.00 min_d= 0.89 avg_spd=1.99m/s end=collision t= 3415.5s
[TRAIN][PPO] ep=204/500 r=  364.18 avg10=  368.30 steps=1276 succ10=0.00 touch10=0.00 col10=1.00 to10=0.00 min_d= 0.88 avg_spd=2.02m/s end=collision t= 3434.8s
[TRAIN][PPO] ep=205/500 r=  355.88 avg10=  366.68 steps=1239 succ10=0.00 touch10=0.00 col10=1.00 to10=0.00 min_d= 0.88 avg_spd=2.05m/s end=collision t= 3451.0s
[TRAIN][PPO] ep=206/500 r=  372.72 avg10=  366.89 steps=1304 succ10=0.00 touch10=0.00 col10=1.00 to10=0.00 min_d= 0.88 avg_spd=2.01m/s end=collision t= 3468.2s
[TRAIN][PPO] ep=207/500 r=  360.01 avg10=  367.20 steps=1266 succ10=0.00 touch10=0.00 col10=1.00 to10=0.00 min_d= 0.89 avg_spd=2.04m/s end=collision t= 3484.6s
[TRAIN][PPO] ep=208/500 r=  366.08 avg10=  366.42 steps=1279 succ10=0.00 touch10=0.00 col10=1.00 to10=0.00 min_d= 0.88 avg_spd=2.02m/s end=collision t= 3503.6s
[TRAIN][PPO] ep=209/500 r=  359.86 avg10=  365.31 steps=1267 succ10=0.00 touch10=0.00 col10=1.00 to10=0.00 min_d= 0.90 avg_spd=2.03m/s end=collision t= 3520.0s
[TRAIN][PPO] ep=210/500 r=  373.27 avg10=  366.25 steps=1331 succ10=0.00 touch10=0.00 col10=1.00 to10=0.00 min_d= 0.90 avg_spd=2.00m/s end=collision t= 3537.6s
[TRAIN][PPO] ep=211/500 r=  603.64 avg10=  388.67 steps=1526 succ10=0.10 touch10=0.10 col10=0.90 to10=0.00 min_d= 0.30 avg_spd=2.04m/s end=goal t= 3557.5s ckpt=best_goal
[TRAIN][PPO] ep=212/500 r=  363.49 avg10=  388.59 steps=1274 succ10=0.10 touch10=0.10 col10=0.90 to10=0.00 min_d= 0.88 avg_spd=2.03m/s end=collision t= 3576.5s
[TRAIN][PPO] ep=213/500 r=  375.99 avg10=  389.51 steps=1317 succ10=0.10 touch10=0.10 col10=0.90 to10=0.00 min_d= 0.88 avg_spd=2.02m/s end=collision t= 3593.7s
[TRAIN][PPO] ep=214/500 r=  364.73 avg10=  389.57 steps=1273 succ10=0.10 touch10=0.10 col10=0.90 to10=0.00 min_d= 0.89 avg_spd=2.06m/s end=collision t= 3610.4s
[TRAIN][PPO] ep=215/500 r=  371.19 avg10=  391.10 steps=1291 succ10=0.10 touch10=0.10 col10=0.90 to10=0.00 min_d= 0.88 avg_spd=2.05m/s end=collision t= 3627.2s
[TRAIN][PPO] ep=216/500 r=  362.08 avg10=  390.03 steps=1279 succ10=0.10 touch10=0.10 col10=0.90 to10=0.00 min_d= 0.92 avg_spd=2.03m/s end=collision t= 3646.8s
[TRAIN][PPO] ep=217/500 r=  614.72 avg10=  415.50 steps=1565 succ10=0.20 touch10=0.20 col10=0.80 to10=0.00 min_d= 0.30 avg_spd=2.03m/s end=goal t= 3667.3s ckpt=best_goal
[TRAIN][PPO] ep=218/500 r=  356.10 avg10=  414.51 steps=1241 succ10=0.20 touch10=0.20 col10=0.80 to10=0.00 min_d= 0.88 avg_spd=2.05m/s end=collision t= 3683.5s
[TRAIN][PPO] ep=219/500 r=  371.13 avg10=  415.63 steps=1320 succ10=0.20 touch10=0.20 col10=0.80 to10=0.00 min_d= 0.90 avg_spd=2.03m/s end=collision t= 3700.9s
[TRAIN][PPO] ep=220/500 r=  363.67 avg10=  414.67 steps=1277 succ10=0.20 touch10=0.20 col10=0.80 to10=0.00 min_d= 0.88 avg_spd=2.05m/s end=collision t= 3719.2s
[TRAIN][PPO] ep=221/500 r=  369.29 avg10=  391.24 steps=1294 succ10=0.10 touch10=0.10 col10=0.90 to10=0.00 min_d= 0.88 avg_spd=2.02m/s end=collision t= 3736.1s
[TRAIN][PPO] ep=222/500 r=  363.06 avg10=  391.19 steps=1271 succ10=0.10 touch10=0.10 col10=0.90 to10=0.00 min_d= 0.88 avg_spd=2.04m/s end=collision t= 3752.7s
[TRAIN][PPO] ep=223/500 r=  374.91 avg10=  391.09 steps=1332 succ10=0.10 touch10=0.10 col10=0.90 to10=0.00 min_d= 0.90 avg_spd=2.02m/s end=collision t= 3770.2s
[TRAIN][PPO] ep=224/500 r=  369.76 avg10=  391.59 steps=1308 succ10=0.10 touch10=0.10 col10=0.90 to10=0.00 min_d= 0.89 avg_spd=2.02m/s end=collision t= 3789.2s
[TRAIN][PPO] ep=225/500 r=  355.35 avg10=  390.01 steps=1298 succ10=0.10 touch10=0.10 col10=0.90 to10=0.00 min_d= 0.88 avg_spd=2.01m/s end=collision t= 3806.1s
[TRAIN][PPO] ep=226/500 r=  358.99 avg10=  389.70 steps=1279 succ10=0.10 touch10=0.10 col10=0.90 to10=0.00 min_d= 0.88 avg_spd=2.02m/s end=collision t= 3822.7s
[TRAIN][PPO] ep=227/500 r=  409.58 avg10=  369.18 steps=1412 succ10=0.00 touch10=0.00 col10=1.00 to10=0.00 min_d= 0.66 avg_spd=2.00m/s end=collision t= 3841.0s
[TRAIN][PPO] ep=228/500 r=  371.06 avg10=  370.68 steps=1306 succ10=0.00 touch10=0.00 col10=1.00 to10=0.00 min_d= 0.88 avg_spd=2.03m/s end=collision t= 3859.7s
[TRAIN][PPO] ep=229/500 r=  605.09 avg10=  394.08 steps=1526 succ10=0.10 touch10=0.10 col10=0.90 to10=0.00 min_d= 0.30 avg_spd=2.03m/s end=goal t= 3879.6s
[TRAIN][PPO] ep=230/500 r=  377.65 avg10=  395.47 steps=1346 succ10=0.10 touch10=0.10 col10=0.90 to10=0.00 min_d= 0.90 avg_spd=2.01m/s end=collision t= 3897.1s
[TRAIN][PPO] ep=231/500 r=  372.68 avg10=  395.81 steps=1297 succ10=0.10 touch10=0.10 col10=0.90 to10=0.00 min_d= 0.88 avg_spd=2.04m/s end=collision t= 3913.5s
[TRAIN][PPO] ep=232/500 r=  614.52 avg10=  420.96 steps=1554 succ10=0.20 touch10=0.20 col10=0.80 to10=0.00 min_d= 0.30 avg_spd=2.02m/s end=goal t= 3934.9s
[TRAIN][PPO] ep=233/500 r=  365.63 avg10=  420.03 steps=1291 succ10=0.20 touch10=0.20 col10=0.80 to10=0.00 min_d= 0.92 avg_spd=2.03m/s end=collision t= 3951.3s
[TRAIN][PPO] ep=234/500 r=  371.24 avg10=  420.18 steps=1294 succ10=0.20 touch10=0.20 col10=0.80 to10=0.00 min_d= 0.88 avg_spd=2.00m/s end=collision t= 3967.9s
[TRAIN][PPO] ep=235/500 r=  611.79 avg10=  445.82 steps=1550 succ10=0.30 touch10=0.30 col10=0.70 to10=0.00 min_d= 0.30 avg_spd=2.01m/s end=goal t= 3988.1s
[TRAIN][PPO] ep=236/500 r=  607.79 avg10=  470.70 steps=1537 succ10=0.40 touch10=0.40 col10=0.60 to10=0.00 min_d= 0.30 avg_spd=2.04m/s end=goal t= 4009.7s
[TRAIN][PPO] ep=237/500 r=  373.49 avg10=  467.09 steps=1301 succ10=0.40 touch10=0.40 col10=0.60 to10=0.00 min_d= 0.88 avg_spd=2.01m/s end=collision t= 4026.6s
[TRAIN][PPO] ep=238/500 r=  364.74 avg10=  466.46 steps=1283 succ10=0.40 touch10=0.40 col10=0.60 to10=0.00 min_d= 0.88 avg_spd=2.01m/s end=collision t= 4042.5s
[TRAIN][PPO] ep=239/500 r=  367.67 avg10=  442.72 steps=1297 succ10=0.30 touch10=0.30 col10=0.70 to10=0.00 min_d= 0.87 avg_spd=2.03m/s end=collision t= 4059.0s
[TRAIN][PPO] ep=240/500 r=  370.48 avg10=  442.00 steps=1307 succ10=0.30 touch10=0.30 col10=0.70 to10=0.00 min_d= 0.88 avg_spd=2.02m/s end=collision t= 4077.3s
[TRAIN][PPO] ep=241/500 r=  366.18 avg10=  441.35 steps=1288 succ10=0.30 touch10=0.30 col10=0.70 to10=0.00 min_d= 0.88 avg_spd=2.01m/s end=collision t= 4093.7s
[TRAIN][PPO] ep=242/500 r=  366.30 avg10=  416.53 steps=1272 succ10=0.20 touch10=0.20 col10=0.80 to10=0.00 min_d= 0.88 avg_spd=2.02m/s end=collision t= 4110.0s
[TRAIN][PPO] ep=243/500 r=  360.35 avg10=  416.00 steps=1277 succ10=0.20 touch10=0.20 col10=0.80 to10=0.00 min_d= 0.88 avg_spd=2.01m/s end=collision t= 4126.1s
[TRAIN][PPO] ep=244/500 r=  364.37 avg10=  415.31 steps=1286 succ10=0.20 touch10=0.20 col10=0.80 to10=0.00 min_d= 0.88 avg_spd=2.02m/s end=collision t= 4144.3s
[TRAIN][PPO] ep=245/500 r=  365.44 avg10=  390.68 steps=1292 succ10=0.10 touch10=0.10 col10=0.90 to10=0.00 min_d= 0.88 avg_spd=2.03m/s end=collision t= 4161.0s
[TRAIN][PPO] ep=246/500 r=  367.77 avg10=  366.68 steps=1305 succ10=0.00 touch10=0.00 col10=1.00 to10=0.00 min_d= 0.89 avg_spd=1.99m/s end=collision t= 4177.3s
[TRAIN][PPO] ep=247/500 r=  624.34 avg10=  391.76 steps=1601 succ10=0.10 touch10=0.10 col10=0.90 to10=0.00 min_d= 0.30 avg_spd=1.99m/s end=goal t= 4197.6s ckpt=best_goal
[TRAIN][PPO] ep=248/500 r=  620.28 avg10=  417.32 steps=1601 succ10=0.20 touch10=0.20 col10=0.80 to10=0.00 min_d= 0.30 avg_spd=2.00m/s end=goal t= 4219.4s
[TRAIN][PPO] ep=249/500 r=  613.07 avg10=  441.86 steps=1563 succ10=0.30 touch10=0.30 col10=0.70 to10=0.00 min_d= 0.30 avg_spd=2.00m/s end=goal t= 4238.3s
[TRAIN][PPO] ep=250/500 r=  371.20 avg10=  441.93 steps=1320 succ10=0.30 touch10=0.30 col10=0.70 to10=0.00 min_d= 0.88 avg_spd=2.02m/s end=collision t= 4254.4s
[TRAIN][PPO] ep=251/500 r=  362.00 avg10=  441.51 steps=1295 succ10=0.30 touch10=0.30 col10=0.70 to10=0.00 min_d= 0.88 avg_spd=2.01m/s end=collision t= 4270.9s
[TRAIN][PPO] ep=252/500 r=  607.01 avg10=  465.58 steps=1539 succ10=0.40 touch10=0.40 col10=0.60 to10=0.00 min_d= 0.30 avg_spd=2.02m/s end=goal t= 4291.9s
[TRAIN][PPO] ep=253/500 r=  372.07 avg10=  466.75 steps=1337 succ10=0.40 touch10=0.40 col10=0.60 to10=0.00 min_d= 0.90 avg_spd=1.99m/s end=collision t= 4307.6s
[TRAIN][PPO] ep=254/500 r=  366.42 avg10=  466.96 steps=1302 succ10=0.40 touch10=0.40 col10=0.60 to10=0.00 min_d= 0.89 avg_spd=2.04m/s end=collision t= 4323.2s
[TRAIN][PPO] ep=255/500 r=  377.58 avg10=  468.17 steps=1334 succ10=0.40 touch10=0.40 col10=0.60 to10=0.00 min_d= 0.88 avg_spd=2.03m/s end=collision t= 4340.7s
[TRAIN][PPO] ep=256/500 r=  362.87 avg10=  467.69 steps=1288 succ10=0.40 touch10=0.40 col10=0.60 to10=0.00 min_d= 0.88 avg_spd=2.03m/s end=collision t= 4358.6s
[TRAIN][PPO] ep=257/500 r=  362.95 avg10=  441.55 steps=1306 succ10=0.30 touch10=0.30 col10=0.70 to10=0.00 min_d= 0.89 avg_spd=2.02m/s end=collision t= 4374.7s
[TRAIN][PPO] ep=258/500 r=  606.65 avg10=  440.18 steps=1533 succ10=0.30 touch10=0.30 col10=0.70 to10=0.00 min_d= 0.30 avg_spd=2.02m/s end=goal t= 4394.0s
[TRAIN][PPO] ep=259/500 r=  374.30 avg10=  416.31 steps=1317 succ10=0.20 touch10=0.20 col10=0.80 to10=0.00 min_d= 0.88 avg_spd=2.03m/s end=collision t= 4410.8s
[TRAIN][PPO] ep=260/500 r=  368.74 avg10=  416.06 steps=1305 succ10=0.20 touch10=0.20 col10=0.80 to10=0.00 min_d= 0.88 avg_spd=2.02m/s end=collision t= 4428.2s
[TRAIN][PPO] ep=261/500 r=  354.04 avg10=  415.26 steps=1265 succ10=0.20 touch10=0.20 col10=0.80 to10=0.00 min_d= 0.89 avg_spd=2.04m/s end=collision t= 4443.3s
[TRAIN][PPO] ep=262/500 r=  362.48 avg10=  390.81 steps=1272 succ10=0.10 touch10=0.10 col10=0.90 to10=0.00 min_d= 0.88 avg_spd=2.02m/s end=collision t= 4459.3s
[TRAIN][PPO] ep=263/500 r=  361.53 avg10=  389.76 steps=1264 succ10=0.10 touch10=0.10 col10=0.90 to10=0.00 min_d= 0.88 avg_spd=2.03m/s end=collision t= 4475.2s
[TRAIN][PPO] ep=264/500 r=  411.61 avg10=  394.28 steps=1422 succ10=0.10 touch10=0.10 col10=0.90 to10=0.00 min_d= 0.66 avg_spd=2.02m/s end=collision t= 4494.9s
[TRAIN][PPO] ep=265/500 r=  361.43 avg10=  392.66 steps=1276 succ10=0.10 touch10=0.10 col10=0.90 to10=0.00 min_d= 0.88 avg_spd=2.03m/s end=collision t= 4510.9s
[TRAIN][PPO] ep=266/500 r=  376.38 avg10=  394.01 steps=1343 succ10=0.10 touch10=0.10 col10=0.90 to10=0.00 min_d= 0.88 avg_spd=1.98m/s end=collision t= 4527.7s
[TRAIN][PPO] ep=267/500 r=  378.89 avg10=  395.61 steps=1338 succ10=0.10 touch10=0.10 col10=0.90 to10=0.00 min_d= 0.88 avg_spd=2.00m/s end=collision t= 4544.5s
[TRAIN][PPO] ep=268/500 r=  369.21 avg10=  371.86 steps=1303 succ10=0.00 touch10=0.00 col10=1.00 to10=0.00 min_d= 0.88 avg_spd=2.02m/s end=collision t= 4562.7s
[TRAIN][PPO] ep=269/500 r=  363.69 avg10=  370.80 steps=1282 succ10=0.00 touch10=0.00 col10=1.00 to10=0.00 min_d= 0.88 avg_spd=2.03m/s end=collision t= 4579.2s
[TRAIN][PPO] ep=270/500 r=  377.59 avg10=  371.68 steps=1347 succ10=0.00 touch10=0.00 col10=1.00 to10=0.00 min_d= 0.89 avg_spd=2.02m/s end=collision t= 4595.8s
[TRAIN][PPO] ep=271/500 r=  369.66 avg10=  373.25 steps=1311 succ10=0.00 touch10=0.00 col10=1.00 to10=0.00 min_d= 0.88 avg_spd=2.03m/s end=collision t= 4612.6s
[TRAIN][PPO] ep=272/500 r=  374.92 avg10=  374.49 steps=1316 succ10=0.00 touch10=0.00 col10=1.00 to10=0.00 min_d= 0.88 avg_spd=2.02m/s end=collision t= 4630.7s
[TRAIN][PPO] ep=273/500 r=  363.51 avg10=  374.69 steps=1277 succ10=0.00 touch10=0.00 col10=1.00 to10=0.00 min_d= 0.88 avg_spd=2.03m/s end=collision t= 4647.0s
[TRAIN][PPO] ep=274/500 r=  363.36 avg10=  369.86 steps=1275 succ10=0.00 touch10=0.00 col10=1.00 to10=0.00 min_d= 0.88 avg_spd=2.03m/s end=collision t= 4663.1s
[TRAIN][PPO] ep=275/500 r=  373.39 avg10=  371.06 steps=1318 succ10=0.00 touch10=0.00 col10=1.00 to10=0.00 min_d= 0.88 avg_spd=2.01m/s end=collision t= 4679.4s
[TRAIN][PPO] ep=276/500 r=  370.06 avg10=  370.43 steps=1306 succ10=0.00 touch10=0.00 col10=1.00 to10=0.00 min_d= 0.87 avg_spd=2.00m/s end=collision t= 4697.3s
[TRAIN][PPO] ep=277/500 r=  363.64 avg10=  368.90 steps=1282 succ10=0.00 touch10=0.00 col10=1.00 to10=0.00 min_d= 0.88 avg_spd=2.03m/s end=collision t= 4713.0s
[TRAIN][PPO] ep=278/500 r=  367.41 avg10=  368.72 steps=1310 succ10=0.00 touch10=0.00 col10=1.00 to10=0.00 min_d= 0.88 avg_spd=2.02m/s end=collision t= 4729.3s
[TRAIN][PPO] ep=279/500 r=  606.25 avg10=  392.98 steps=1544 succ10=0.10 touch10=0.10 col10=0.90 to10=0.00 min_d= 0.30 avg_spd=2.03m/s end=goal t= 4748.6s
[TRAIN][PPO] ep=280/500 r=  377.22 avg10=  392.94 steps=1320 succ10=0.10 touch10=0.10 col10=0.90 to10=0.00 min_d= 0.88 avg_spd=2.02m/s end=collision t= 4766.9s
[TRAIN][PPO] ep=281/500 r=  363.43 avg10=  392.32 steps=1291 succ10=0.10 touch10=0.10 col10=0.90 to10=0.00 min_d= 0.89 avg_spd=2.00m/s end=collision t= 4782.6s
[TRAIN][PPO] ep=282/500 r=  366.94 avg10=  391.52 steps=1291 succ10=0.10 touch10=0.10 col10=0.90 to10=0.00 min_d= 0.88 avg_spd=2.02m/s end=collision t= 4799.1s
[TRAIN][PPO] ep=283/500 r=  609.48 avg10=  416.12 steps=1562 succ10=0.20 touch10=0.20 col10=0.80 to10=0.00 min_d= 0.30 avg_spd=2.02m/s end=goal t= 4818.8s
[TRAIN][PPO] ep=284/500 r=  606.77 avg10=  440.46 steps=1531 succ10=0.30 touch10=0.30 col10=0.70 to10=0.00 min_d= 0.30 avg_spd=2.01m/s end=goal t= 4840.3s
[TRAIN][PPO] ep=285/500 r=  599.31 avg10=  463.05 steps=1534 succ10=0.40 touch10=0.40 col10=0.60 to10=0.00 min_d= 0.30 avg_spd=2.01m/s end=goal t= 4859.7s
[TRAIN][PPO] ep=286/500 r=  380.38 avg10=  464.09 steps=1343 succ10=0.40 touch10=0.40 col10=0.60 to10=0.00 min_d= 0.88 avg_spd=2.00m/s end=collision t= 4877.0s
[TRAIN][PPO] ep=287/500 r=  375.29 avg10=  465.25 steps=1316 succ10=0.40 touch10=0.40 col10=0.60 to10=0.00 min_d= 0.88 avg_spd=2.00m/s end=collision t= 4893.6s
[TRAIN][PPO] ep=288/500 r=  364.86 avg10=  465.00 steps=1294 succ10=0.40 touch10=0.40 col10=0.60 to10=0.00 min_d= 0.89 avg_spd=2.00m/s end=collision t= 4912.1s
[TRAIN][PPO] ep=289/500 r=  405.31 avg10=  444.90 steps=1417 succ10=0.30 touch10=0.30 col10=0.70 to10=0.00 min_d= 0.66 avg_spd=1.98m/s end=collision t= 4929.9s
[TRAIN][PPO] ep=290/500 r=  614.70 avg10=  468.65 steps=1556 succ10=0.40 touch10=0.40 col10=0.60 to10=0.00 min_d= 0.30 avg_spd=2.03m/s end=goal t= 4949.3s
[TRAIN][PPO] ep=291/500 r=  614.99 avg10=  493.80 steps=1588 succ10=0.50 touch10=0.50 col10=0.50 to10=0.00 min_d= 0.30 avg_spd=2.00m/s end=goal t= 4969.1s
[TRAIN][PPO] ep=292/500 r=  618.23 avg10=  518.93 steps=1566 succ10=0.60 touch10=0.60 col10=0.40 to10=0.00 min_d= 0.30 avg_spd=2.00m/s end=goal t= 4991.5s
[TRAIN][PPO] ep=293/500 r=  403.22 avg10=  498.31 steps=1390 succ10=0.50 touch10=0.50 col10=0.50 to10=0.00 min_d= 0.66 avg_spd=2.02m/s end=collision t= 5009.0s
[TRAIN][PPO] ep=294/500 r=  369.84 avg10=  474.61 steps=1306 succ10=0.40 touch10=0.40 col10=0.60 to10=0.00 min_d= 0.88 avg_spd=2.00m/s end=collision t= 5024.9s
[TRAIN][PPO] ep=295/500 r=  609.14 avg10=  475.60 steps=1562 succ10=0.40 touch10=0.40 col10=0.60 to10=0.00 min_d= 0.30 avg_spd=2.00m/s end=goal t= 5044.6s
[TRAIN][PPO] ep=296/500 r=  366.45 avg10=  474.20 steps=1308 succ10=0.40 touch10=0.40 col10=0.60 to10=0.00 min_d= 0.88 avg_spd=2.02m/s end=collision t= 5063.0s
[TRAIN][PPO] ep=297/500 r=  374.53 avg10=  474.13 steps=1313 succ10=0.40 touch10=0.40 col10=0.60 to10=0.00 min_d= 0.88 avg_spd=2.01m/s end=collision t= 5079.6s
[TRAIN][PPO] ep=298/500 r=  610.11 avg10=  498.65 steps=1548 succ10=0.50 touch10=0.50 col10=0.50 to10=0.00 min_d= 0.30 avg_spd=1.98m/s end=goal t= 5098.7s
[TRAIN][PPO] ep=299/500 r=  605.99 avg10=  518.72 steps=1537 succ10=0.60 touch10=0.60 col10=0.40 to10=0.00 min_d= 0.30 avg_spd=2.02m/s end=goal t= 5117.7s
[TRAIN][PPO] ep=300/500 r=  619.42 avg10=  519.19 steps=1601 succ10=0.60 touch10=0.60 col10=0.40 to10=0.00 min_d= 0.30 avg_spd=1.98m/s end=goal t= 5139.8s ckpt=latest
[TRAIN][PPO] ep=301/500 r=  595.92 avg10=  517.28 steps=1497 succ10=0.60 touch10=0.60 col10=0.40 to10=0.00 min_d= 0.30 avg_spd=2.03m/s end=goal t= 5158.5s
[TRAIN][PPO] ep=302/500 r=  601.63 avg10=  515.62 steps=1514 succ10=0.60 touch10=0.60 col10=0.40 to10=0.00 min_d= 0.30 avg_spd=2.00m/s end=goal t= 5177.5s
[TRAIN][PPO] ep=303/500 r=  375.92 avg10=  512.89 steps=1336 succ10=0.60 touch10=0.60 col10=0.40 to10=0.00 min_d= 0.90 avg_spd=2.01m/s end=collision t= 5194.3s
[TRAIN][PPO] ep=304/500 r=  608.83 avg10=  536.79 steps=1574 succ10=0.70 touch10=0.70 col10=0.30 to10=0.00 min_d= 0.30 avg_spd=1.99m/s end=goal t= 5215.8s
[TRAIN][PPO] ep=305/500 r=  614.54 avg10=  537.33 steps=1575 succ10=0.70 touch10=0.70 col10=0.30 to10=0.00 min_d= 0.30 avg_spd=1.99m/s end=goal t= 5235.7s
[TRAIN][PPO] ep=306/500 r=  605.50 avg10=  561.24 steps=1548 succ10=0.80 touch10=0.80 col10=0.20 to10=0.00 min_d= 0.30 avg_spd=2.02m/s end=goal t= 5255.0s
[TRAIN][PPO] ep=307/500 r=  615.00 avg10=  585.29 steps=1556 succ10=0.90 touch10=0.90 col10=0.10 to10=0.00 min_d= 0.30 avg_spd=2.01m/s end=goal t= 5274.7s
[TRAIN][PPO] ep=308/500 r=  618.81 avg10=  586.16 steps=1588 succ10=0.90 touch10=0.90 col10=0.10 to10=0.00 min_d= 0.30 avg_spd=1.99m/s end=goal t= 5296.9s
[TRAIN][PPO] ep=309/500 r=  606.87 avg10=  586.25 steps=1541 succ10=0.90 touch10=0.90 col10=0.10 to10=0.00 min_d= 0.30 avg_spd=2.02m/s end=goal t= 5316.5s
[TRAIN][PPO] ep=310/500 r=  379.31 avg10=  562.23 steps=1347 succ10=0.80 touch10=0.80 col10=0.20 to10=0.00 min_d= 0.88 avg_spd=2.01m/s end=collision t= 5333.6s
[TRAIN][PPO] ep=311/500 r=  373.58 avg10=  540.00 steps=1340 succ10=0.70 touch10=0.70 col10=0.30 to10=0.00 min_d= 0.90 avg_spd=2.00m/s end=collision t= 5351.0s
[TRAIN][PPO] ep=312/500 r=  377.79 avg10=  517.62 steps=1325 succ10=0.60 touch10=0.60 col10=0.40 to10=0.00 min_d= 0.89 avg_spd=2.01m/s end=collision t= 5369.6s
[TRAIN][PPO] ep=313/500 r=  362.68 avg10=  516.29 steps=1298 succ10=0.60 touch10=0.60 col10=0.40 to10=0.00 min_d= 0.90 avg_spd=2.00m/s end=collision t= 5386.1s
[TRAIN][PPO] ep=314/500 r=  610.06 avg10=  516.42 steps=1552 succ10=0.60 touch10=0.60 col10=0.40 to10=0.00 min_d= 0.30 avg_spd=2.02m/s end=goal t= 5406.2s
[TRAIN][PPO] ep=315/500 r=  604.04 avg10=  515.37 steps=1545 succ10=0.60 touch10=0.60 col10=0.40 to10=0.00 min_d= 0.30 avg_spd=2.02m/s end=goal t= 5426.0s
[TRAIN][PPO] ep=316/500 r=  382.84 avg10=  493.10 steps=1352 succ10=0.50 touch10=0.50 col10=0.50 to10=0.00 min_d= 0.88 avg_spd=2.00m/s end=collision t= 5444.9s
[TRAIN][PPO] ep=317/500 r=  360.90 avg10=  467.69 steps=1285 succ10=0.40 touch10=0.40 col10=0.60 to10=0.00 min_d= 0.89 avg_spd=2.03m/s end=collision t= 5461.2s
[TRAIN][PPO] ep=318/500 r=  381.82 avg10=  443.99 steps=1342 succ10=0.30 touch10=0.30 col10=0.70 to10=0.00 min_d= 0.91 avg_spd=1.99m/s end=collision t= 5478.5s
[TRAIN][PPO] ep=319/500 r=  615.27 avg10=  444.83 steps=1550 succ10=0.30 touch10=0.30 col10=0.70 to10=0.00 min_d= 0.30 avg_spd=2.01m/s end=goal t= 5498.1s
[TRAIN][PPO] ep=320/500 r=  596.87 avg10=  466.59 steps=1527 succ10=0.40 touch10=0.40 col10=0.60 to10=0.00 min_d= 0.30 avg_spd=2.02m/s end=goal t= 5519.7s
[TRAIN][PPO] ep=321/500 r=  603.27 avg10=  489.55 steps=1561 succ10=0.50 touch10=0.50 col10=0.50 to10=0.00 min_d= 0.30 avg_spd=2.00m/s end=goal t= 5539.3s
[TRAIN][PPO] ep=322/500 r=  610.65 avg10=  512.84 steps=1579 succ10=0.60 touch10=0.60 col10=0.40 to10=0.00 min_d= 0.30 avg_spd=2.00m/s end=goal t= 5559.2s
[TRAIN][PPO] ep=323/500 r=  373.89 avg10=  513.96 steps=1336 succ10=0.60 touch10=0.60 col10=0.40 to10=0.00 min_d= 0.90 avg_spd=1.98m/s end=collision t= 5575.8s
[TRAIN][PPO] ep=324/500 r=  369.05 avg10=  489.86 steps=1333 succ10=0.50 touch10=0.50 col10=0.50 to10=0.00 min_d= 0.90 avg_spd=2.00m/s end=collision t= 5594.6s
[TRAIN][PPO] ep=325/500 r=  622.27 avg10=  491.68 steps=1595 succ10=0.50 touch10=0.50 col10=0.50 to10=0.00 min_d= 0.30 avg_spd=2.01m/s end=goal t= 5615.1s
[TRAIN][PPO] ep=326/500 r=  414.38 avg10=  494.84 steps=1424 succ10=0.50 touch10=0.50 col10=0.50 to10=0.00 min_d= 0.66 avg_spd=2.00m/s end=collision t= 5633.3s
[TRAIN][PPO] ep=327/500 r=  622.56 avg10=  521.00 steps=1615 succ10=0.60 touch10=0.60 col10=0.40 to10=0.00 min_d= 0.30 avg_spd=1.99m/s end=goal t= 5653.7s
[TRAIN][PPO] ep=328/500 r=  612.41 avg10=  544.06 steps=1568 succ10=0.70 touch10=0.70 col10=0.30 to10=0.00 min_d= 0.30 avg_spd=2.00m/s end=goal t= 5675.7s
[TRAIN][PPO] ep=329/500 r=  625.23 avg10=  545.06 steps=1622 succ10=0.70 touch10=0.70 col10=0.30 to10=0.00 min_d= 0.30 avg_spd=1.98m/s end=goal t= 5696.3s ckpt=best_goal
[TRAIN][PPO] ep=330/500 r=  365.01 avg10=  521.87 steps=1275 succ10=0.60 touch10=0.60 col10=0.40 to10=0.00 min_d= 0.88 avg_spd=2.02m/s end=collision t= 5712.5s
[TRAIN][PPO] ep=331/500 r=  615.90 avg10=  523.14 steps=1603 succ10=0.60 touch10=0.60 col10=0.40 to10=0.00 min_d= 0.30 avg_spd=1.99m/s end=goal t= 5732.9s
[TRAIN][PPO] ep=332/500 r=  617.57 avg10=  523.83 steps=1583 succ10=0.60 touch10=0.60 col10=0.40 to10=0.00 min_d= 0.30 avg_spd=2.00m/s end=goal t= 5754.8s
[TRAIN][PPO] ep=333/500 r=  610.58 avg10=  547.50 steps=1573 succ10=0.70 touch10=0.70 col10=0.30 to10=0.00 min_d= 0.30 avg_spd=1.99m/s end=goal t= 5774.3s
[TRAIN][PPO] ep=334/500 r=  609.21 avg10=  571.51 steps=1574 succ10=0.80 touch10=0.80 col10=0.20 to10=0.00 min_d= 0.30 avg_spd=2.00m/s end=goal t= 5793.7s
[TRAIN][PPO] ep=335/500 r=  624.03 avg10=  571.69 steps=1603 succ10=0.80 touch10=0.80 col10=0.20 to10=0.00 min_d= 0.30 avg_spd=2.00m/s end=goal t= 5814.0s
[TRAIN][PPO] ep=336/500 r=  625.24 avg10=  592.77 steps=1629 succ10=0.90 touch10=0.90 col10=0.10 to10=0.00 min_d= 0.30 avg_spd=2.01m/s end=goal t= 5836.6s ckpt=best_goal
[TRAIN][PPO] ep=337/500 r=  610.05 avg10=  591.52 steps=1565 succ10=0.90 touch10=0.90 col10=0.10 to10=0.00 min_d= 0.30 avg_spd=2.02m/s end=goal t= 5856.4s
[TRAIN][PPO] ep=338/500 r=  621.41 avg10=  592.42 steps=1593 succ10=0.90 touch10=0.90 col10=0.10 to10=0.00 min_d= 0.30 avg_spd=2.00m/s end=goal t= 5876.4s
[TRAIN][PPO] ep=339/500 r=  375.78 avg10=  567.48 steps=1318 succ10=0.80 touch10=0.80 col10=0.20 to10=0.00 min_d= 0.90 avg_spd=2.00m/s end=collision t= 5893.0s
[TRAIN][PPO] ep=340/500 r=  611.06 avg10=  592.08 steps=1564 succ10=0.90 touch10=0.90 col10=0.10 to10=0.00 min_d= 0.30 avg_spd=2.01m/s end=goal t= 5914.5s
[TRAIN][PPO] ep=341/500 r=  602.81 avg10=  590.77 steps=1552 succ10=0.90 touch10=0.90 col10=0.10 to10=0.00 min_d= 0.30 avg_spd=1.99m/s end=goal t= 5934.3s
[TRAIN][PPO] ep=342/500 r=  604.88 avg10=  589.50 steps=1554 succ10=0.90 touch10=0.90 col10=0.10 to10=0.00 min_d= 0.30 avg_spd=1.99m/s end=goal t= 5953.8s
[TRAIN][PPO] ep=343/500 r=  601.43 avg10=  588.59 steps=1512 succ10=0.90 touch10=0.90 col10=0.10 to10=0.00 min_d= 0.30 avg_spd=2.00m/s end=goal t= 5972.8s
[TRAIN][PPO] ep=344/500 r=  625.47 avg10=  590.22 steps=1602 succ10=0.90 touch10=0.90 col10=0.10 to10=0.00 min_d= 0.30 avg_spd=1.99m/s end=goal t= 5994.9s ckpt=best_goal
[TRAIN][PPO] ep=345/500 r=  628.48 avg10=  590.66 steps=1616 succ10=0.90 touch10=0.90 col10=0.10 to10=0.00 min_d= 0.30 avg_spd=1.96m/s end=goal t= 6015.6s ckpt=best_goal
[TRAIN][PPO] ep=346/500 r=  603.98 avg10=  588.53 steps=1549 succ10=0.90 touch10=0.90 col10=0.10 to10=0.00 min_d= 0.30 avg_spd=1.99m/s end=goal t= 6035.3s
[TRAIN][PPO] ep=347/500 r=  615.67 avg10=  589.10 steps=1588 succ10=0.90 touch10=0.90 col10=0.10 to10=0.00 min_d= 0.30 avg_spd=1.98m/s end=goal t= 6055.4s
[TRAIN][PPO] ep=348/500 r=  607.38 avg10=  587.69 steps=1575 succ10=0.90 touch10=0.90 col10=0.10 to10=0.00 min_d= 0.30 avg_spd=1.97m/s end=goal t= 6078.1s
[TRAIN][PPO] ep=349/500 r=  614.20 avg10=  611.53 steps=1560 succ10=1.00 touch10=1.00 col10=0.00 to10=0.00 min_d= 0.30 avg_spd=2.00m/s end=goal t= 6098.2s
[TRAIN][PPO] ep=350/500 r=  614.37 avg10=  611.87 steps=1573 succ10=1.00 touch10=1.00 col10=0.00 to10=0.00 min_d= 0.30 avg_spd=2.00m/s end=goal t= 6118.4s
[TRAIN][PPO] ep=351/500 r=  623.30 avg10=  613.91 steps=1591 succ10=1.00 touch10=1.00 col10=0.00 to10=0.00 min_d= 0.30 avg_spd=1.99m/s end=goal t= 6138.5s
[TRAIN][PPO] ep=352/500 r=  610.55 avg10=  614.48 steps=1565 succ10=1.00 touch10=1.00 col10=0.00 to10=0.00 min_d= 0.30 avg_spd=1.99m/s end=goal t= 6160.9s
[TRAIN][PPO] ep=353/500 r=  608.95 avg10=  615.23 steps=1556 succ10=1.00 touch10=1.00 col10=0.00 to10=0.00 min_d= 0.30 avg_spd=1.99m/s end=goal t= 6179.8s
[TRAIN][PPO] ep=354/500 r=  626.69 avg10=  615.36 steps=1601 succ10=1.00 touch10=1.00 col10=0.00 to10=0.00 min_d= 0.30 avg_spd=1.97m/s end=goal t= 6199.9s
[TRAIN][PPO] ep=355/500 r=  610.81 avg10=  613.59 steps=1535 succ10=1.00 touch10=1.00 col10=0.00 to10=0.00 min_d= 0.30 avg_spd=2.01m/s end=goal t= 6218.5s
[TRAIN][PPO] ep=356/500 r=  601.13 avg10=  613.30 steps=1522 succ10=1.00 touch10=1.00 col10=0.00 to10=0.00 min_d= 0.30 avg_spd=2.00m/s end=goal t= 6239.5s
[TRAIN][PPO] ep=357/500 r=  605.28 avg10=  612.27 steps=1537 succ10=1.00 touch10=1.00 col10=0.00 to10=0.00 min_d= 0.30 avg_spd=1.99m/s end=goal t= 6259.0s
[TRAIN][PPO] ep=358/500 r=  409.55 avg10=  592.48 steps=1408 succ10=0.90 touch10=0.90 col10=0.10 to10=0.00 min_d= 0.66 avg_spd=1.97m/s end=collision t= 6276.7s
[TRAIN][PPO] ep=359/500 r=  376.77 avg10=  568.74 steps=1366 succ10=0.80 touch10=0.80 col10=0.20 to10=0.00 min_d= 0.91 avg_spd=1.95m/s end=collision t= 6293.8s
[TRAIN][PPO] ep=360/500 r=  615.67 avg10=  568.87 steps=1567 succ10=0.80 touch10=0.80 col10=0.20 to10=0.00 min_d= 0.30 avg_spd=2.00m/s end=goal t= 6316.0s
[TRAIN][PPO] ep=361/500 r=  387.96 avg10=  545.34 steps=1358 succ10=0.70 touch10=0.70 col10=0.30 to10=0.00 min_d= 0.88 avg_spd=1.97m/s end=collision t= 6332.9s
[TRAIN][PPO] ep=362/500 r=  623.05 avg10=  546.59 steps=1594 succ10=0.70 touch10=0.70 col10=0.30 to10=0.00 min_d= 0.30 avg_spd=1.99m/s end=goal t= 6352.8s
[TRAIN][PPO] ep=363/500 r=  616.16 avg10=  547.31 steps=1584 succ10=0.70 touch10=0.70 col10=0.30 to10=0.00 min_d= 0.30 avg_spd=1.97m/s end=goal t= 6373.2s
[TRAIN][PPO] ep=364/500 r=  376.89 avg10=  522.33 steps=1325 succ10=0.60 touch10=0.60 col10=0.40 to10=0.00 min_d= 0.88 avg_spd=2.00m/s end=collision t= 6393.2s
[TRAIN][PPO] ep=365/500 r=  618.74 avg10=  523.12 steps=1572 succ10=0.60 touch10=0.60 col10=0.40 to10=0.00 min_d= 0.30 avg_spd=1.97m/s end=goal t= 6413.2s
[TRAIN][PPO] ep=366/500 r=  605.48 avg10=  523.56 steps=1541 succ10=0.60 touch10=0.60 col10=0.40 to10=0.00 min_d= 0.30 avg_spd=1.98m/s end=goal t= 6432.9s
[TRAIN][PPO] ep=367/500 r=  607.37 avg10=  523.76 steps=1541 succ10=0.60 touch10=0.60 col10=0.40 to10=0.00 min_d= 0.30 avg_spd=2.00m/s end=goal t= 6452.3s
[TRAIN][PPO] ep=368/500 r=  609.26 avg10=  543.74 steps=1554 succ10=0.70 touch10=0.70 col10=0.30 to10=0.00 min_d= 0.30 avg_spd=1.97m/s end=goal t= 6474.0s
[TRAIN][PPO] ep=369/500 r=  614.13 avg10=  567.47 steps=1580 succ10=0.80 touch10=0.80 col10=0.20 to10=0.00 min_d= 0.30 avg_spd=1.97m/s end=goal t= 6494.4s
[TRAIN][PPO] ep=370/500 r=  385.90 avg10=  544.49 steps=1350 succ10=0.70 touch10=0.70 col10=0.30 to10=0.00 min_d= 0.89 avg_spd=1.96m/s end=collision t= 6511.8s
[TRAIN][PPO] ep=371/500 r=  614.27 avg10=  567.13 steps=1558 succ10=0.80 touch10=0.80 col10=0.20 to10=0.00 min_d= 0.30 avg_spd=2.00m/s end=goal t= 6532.1s
[TRAIN][PPO] ep=372/500 r=  384.71 avg10=  543.29 steps=1356 succ10=0.70 touch10=0.70 col10=0.30 to10=0.00 min_d= 0.89 avg_spd=1.99m/s end=collision t= 6551.4s
[TRAIN][PPO] ep=373/500 r=  622.42 avg10=  543.92 steps=1587 succ10=0.70 touch10=0.70 col10=0.30 to10=0.00 min_d= 0.30 avg_spd=1.99m/s end=goal t= 6571.6s
[TRAIN][PPO] ep=374/500 r=  604.95 avg10=  566.72 steps=1537 succ10=0.80 touch10=0.80 col10=0.20 to10=0.00 min_d= 0.30 avg_spd=1.98m/s end=goal t= 6590.9s
[TRAIN][PPO] ep=375/500 r=  605.63 avg10=  565.41 steps=1540 succ10=0.80 touch10=0.80 col10=0.20 to10=0.00 min_d= 0.30 avg_spd=2.01m/s end=goal t= 6610.0s
[TRAIN][PPO] ep=376/500 r=  613.37 avg10=  566.20 steps=1563 succ10=0.80 touch10=0.80 col10=0.20 to10=0.00 min_d= 0.30 avg_spd=1.98m/s end=goal t= 6631.3s
[TRAIN][PPO] ep=377/500 r=  619.13 avg10=  567.38 steps=1564 succ10=0.80 touch10=0.80 col10=0.20 to10=0.00 min_d= 0.30 avg_spd=2.00m/s end=goal t= 6650.9s
[TRAIN][PPO] ep=378/500 r=  622.15 avg10=  568.67 steps=1631 succ10=0.80 touch10=0.80 col10=0.20 to10=0.00 min_d= 0.30 avg_spd=1.96m/s end=goal t= 6671.9s
[TRAIN][PPO] ep=379/500 r=  613.78 avg10=  568.63 steps=1570 succ10=0.80 touch10=0.80 col10=0.20 to10=0.00 min_d= 0.30 avg_spd=1.97m/s end=goal t= 6692.1s
[TRAIN][PPO] ep=380/500 r=  377.47 avg10=  567.79 steps=1328 succ10=0.80 touch10=0.80 col10=0.20 to10=0.00 min_d= 0.88 avg_spd=2.02m/s end=collision t= 6711.0s
[TRAIN][PPO] ep=381/500 r=  610.61 avg10=  567.42 steps=1548 succ10=0.80 touch10=0.80 col10=0.20 to10=0.00 min_d= 0.30 avg_spd=1.99m/s end=goal t= 6730.3s
[TRAIN][PPO] ep=382/500 r=  610.61 avg10=  590.01 steps=1564 succ10=0.90 touch10=0.90 col10=0.10 to10=0.00 min_d= 0.30 avg_spd=1.98m/s end=goal t= 6749.8s
[TRAIN][PPO] ep=383/500 r=  622.92 avg10=  590.06 steps=1598 succ10=0.90 touch10=0.90 col10=0.10 to10=0.00 min_d= 0.30 avg_spd=1.98m/s end=goal t= 6769.7s
[TRAIN][PPO] ep=384/500 r=  606.65 avg10=  590.23 steps=1535 succ10=0.90 touch10=0.90 col10=0.10 to10=0.00 min_d= 0.30 avg_spd=1.99m/s end=goal t= 6792.2s
[TRAIN][PPO] ep=385/500 r=  296.15 avg10=  559.28 steps=1058 succ10=0.80 touch10=0.80 col10=0.20 to10=0.00 min_d= 1.48 avg_spd=1.98m/s end=collision t= 6804.7s
[TRAIN][PPO] ep=386/500 r=  607.57 avg10=  558.70 steps=1538 succ10=0.80 touch10=0.80 col10=0.20 to10=0.00 min_d= 0.30 avg_spd=2.00m/s end=goal t= 6823.6s
[TRAIN][PPO] ep=387/500 r=  620.93 avg10=  558.88 steps=1557 succ10=0.80 touch10=0.80 col10=0.20 to10=0.00 min_d= 0.30 avg_spd=2.00m/s end=goal t= 6842.9s
[TRAIN][PPO] ep=388/500 r=  626.45 avg10=  559.31 steps=1611 succ10=0.80 touch10=0.80 col10=0.20 to10=0.00 min_d= 0.30 avg_spd=1.97m/s end=goal t= 6864.2s
[TRAIN][PPO] ep=389/500 r=  620.29 avg10=  559.96 steps=1579 succ10=0.80 touch10=0.80 col10=0.20 to10=0.00 min_d= 0.30 avg_spd=1.98m/s end=goal t= 6883.6s
[TRAIN][PPO] ep=390/500 r=  611.90 avg10=  583.41 steps=1559 succ10=0.90 touch10=0.90 col10=0.10 to10=0.00 min_d= 0.30 avg_spd=2.02m/s end=goal t= 6902.4s
[TRAIN][PPO] ep=391/500 r=  625.30 avg10=  584.88 steps=1598 succ10=0.90 touch10=0.90 col10=0.10 to10=0.00 min_d= 0.30 avg_spd=1.98m/s end=goal t= 6922.3s
[TRAIN][PPO] ep=392/500 r=  614.88 avg10=  585.30 steps=1562 succ10=0.90 touch10=0.90 col10=0.10 to10=0.00 min_d= 0.30 avg_spd=2.00m/s end=goal t= 6945.5s
[TRAIN][PPO] ep=393/500 r=  278.60 avg10=  550.87 steps=1004 succ10=0.80 touch10=0.80 col10=0.20 to10=0.00 min_d= 1.49 avg_spd=2.01m/s end=collision t= 6957.6s
[TRAIN][PPO] ep=394/500 r=  619.58 avg10=  552.16 steps=1580 succ10=0.80 touch10=0.80 col10=0.20 to10=0.00 min_d= 0.30 avg_spd=1.99m/s end=goal t= 6976.7s
[TRAIN][PPO] ep=395/500 r=  619.52 avg10=  584.50 steps=1590 succ10=0.90 touch10=0.90 col10=0.10 to10=0.00 min_d= 0.30 avg_spd=1.98m/s end=goal t= 6995.8s
[TRAIN][PPO] ep=396/500 r=  380.05 avg10=  561.75 steps=1364 succ10=0.80 touch10=0.80 col10=0.20 to10=0.00 min_d= 0.88 avg_spd=1.97m/s end=collision t= 7014.3s
[TRAIN][PPO] ep=397/500 r=  624.18 avg10=  562.07 steps=1588 succ10=0.80 touch10=0.80 col10=0.20 to10=0.00 min_d= 0.30 avg_spd=1.98m/s end=goal t= 7033.6s
[TRAIN][PPO] ep=398/500 r=  603.52 avg10=  559.78 steps=1522 succ10=0.80 touch10=0.80 col10=0.20 to10=0.00 min_d= 0.30 avg_spd=2.00m/s end=goal t= 7051.6s
[TRAIN][PPO] ep=399/500 r=  621.29 avg10=  559.88 steps=1585 succ10=0.80 touch10=0.80 col10=0.20 to10=0.00 min_d= 0.30 avg_spd=1.99m/s end=goal t= 7070.5s
[TRAIN][PPO] ep=400/500 r=  606.97 avg10=  559.39 steps=1561 succ10=0.80 touch10=0.80 col10=0.20 to10=0.00 min_d= 0.30 avg_spd=1.99m/s end=goal t= 7091.5s ckpt=latest
[TRAIN][PPO] ep=401/500 r=  617.45 avg10=  558.60 steps=1558 succ10=0.80 touch10=0.80 col10=0.20 to10=0.00 min_d= 0.30 avg_spd=1.98m/s end=goal t= 7109.7s
[TRAIN][PPO] ep=402/500 r=  615.95 avg10=  558.71 steps=1563 succ10=0.80 touch10=0.80 col10=0.20 to10=0.00 min_d= 0.30 avg_spd=1.99m/s end=goal t= 7128.2s
[TRAIN][PPO] ep=403/500 r=  596.98 avg10=  590.55 steps=1501 succ10=0.90 touch10=0.90 col10=0.10 to10=0.00 min_d= 0.30 avg_spd=2.02m/s end=goal t= 7146.1s
[TRAIN][PPO] ep=404/500 r=  621.73 avg10=  590.76 steps=1567 succ10=0.90 touch10=0.90 col10=0.10 to10=0.00 min_d= 0.30 avg_spd=2.00m/s end=goal t= 7167.8s
[TRAIN][PPO] ep=405/500 r=  285.55 avg10=  557.37 steps=1034 succ10=0.80 touch10=0.80 col10=0.20 to10=0.00 min_d= 1.50 avg_spd=2.00m/s end=collision t= 7180.1s
[TRAIN][PPO] ep=406/500 r=  601.49 avg10=  579.51 steps=1496 succ10=0.90 touch10=0.90 col10=0.10 to10=0.00 min_d= 0.30 avg_spd=2.02m/s end=goal t= 7197.4s
[TRAIN][PPO] ep=407/500 r=  614.02 avg10=  578.50 steps=1552 succ10=0.90 touch10=0.90 col10=0.10 to10=0.00 min_d= 0.30 avg_spd=1.99m/s end=goal t= 7216.2s
[TRAIN][PPO] ep=408/500 r=  617.29 avg10=  579.87 steps=1555 succ10=0.90 touch10=0.90 col10=0.10 to10=0.00 min_d= 0.30 avg_spd=1.98m/s end=goal t= 7237.1s
[TRAIN][PPO] ep=409/500 r=  608.17 avg10=  578.56 steps=1541 succ10=0.90 touch10=0.90 col10=0.10 to10=0.00 min_d= 0.30 avg_spd=2.00m/s end=goal t= 7255.8s
[TRAIN][PPO] ep=410/500 r=  611.44 avg10=  579.01 steps=1535 succ10=0.90 touch10=0.90 col10=0.10 to10=0.00 min_d= 0.30 avg_spd=2.03m/s end=goal t= 7274.7s
[TRAIN][PPO] ep=411/500 r=  605.39 avg10=  577.80 steps=1518 succ10=0.90 touch10=0.90 col10=0.10 to10=0.00 min_d= 0.30 avg_spd=1.99m/s end=goal t= 7293.3s
[TRAIN][PPO] ep=412/500 r=  602.62 avg10=  576.47 steps=1519 succ10=0.90 touch10=0.90 col10=0.10 to10=0.00 min_d= 0.30 avg_spd=2.00m/s end=goal t= 7314.7s
[TRAIN][PPO] ep=413/500 r=  422.68 avg10=  559.04 steps=1432 succ10=0.80 touch10=0.80 col10=0.20 to10=0.00 min_d= 0.66 avg_spd=2.00m/s end=collision t= 7332.1s
[TRAIN][PPO] ep=414/500 r=  618.05 avg10=  558.67 steps=1590 succ10=0.80 touch10=0.80 col10=0.20 to10=0.00 min_d= 0.30 avg_spd=2.00m/s end=goal t= 7351.6s
[TRAIN][PPO] ep=415/500 r=  609.70 avg10=  591.08 steps=1541 succ10=0.90 touch10=0.90 col10=0.10 to10=0.00 min_d= 0.30 avg_spd=1.99m/s end=goal t= 7370.3s
[TRAIN][PPO] ep=416/500 r=  290.20 avg10=  559.96 steps=1036 succ10=0.80 touch10=0.80 col10=0.20 to10=0.00 min_d= 1.47 avg_spd=2.01m/s end=collision t= 7385.9s
[TRAIN][PPO] ep=417/500 r=  276.40 avg10=  526.19 steps=1001 succ10=0.70 touch10=0.70 col10=0.30 to10=0.00 min_d= 1.48 avg_spd=2.02m/s end=collision t= 7398.0s
[TRAIN][PPO] ep=418/500 r=  615.08 avg10=  525.97 steps=1553 succ10=0.70 touch10=0.70 col10=0.30 to10=0.00 min_d= 0.30 avg_spd=2.01m/s end=goal t= 7417.2s
[TRAIN][PPO] ep=419/500 r=  614.92 avg10=  526.65 steps=1559 succ10=0.70 touch10=0.70 col10=0.30 to10=0.00 min_d= 0.30 avg_spd=2.00m/s end=goal t= 7436.2s
[TRAIN][PPO] ep=420/500 r=  297.74 avg10=  495.28 steps=1060 succ10=0.60 touch10=0.60 col10=0.40 to10=0.00 min_d= 1.49 avg_spd=2.00m/s end=collision t= 7450.7s
[TRAIN][PPO] ep=421/500 r=  617.11 avg10=  496.45 steps=1550 succ10=0.60 touch10=0.60 col10=0.40 to10=0.00 min_d= 0.30 avg_spd=1.99m/s end=goal t= 7469.4s
[TRAIN][PPO] ep=422/500 r=  607.02 avg10=  496.89 steps=1531 succ10=0.60 touch10=0.60 col10=0.40 to10=0.00 min_d= 0.30 avg_spd=2.01m/s end=goal t= 7488.3s
[TRAIN][PPO] ep=423/500 r=  605.19 avg10=  515.14 steps=1519 succ10=0.70 touch10=0.70 col10=0.30 to10=0.00 min_d= 0.30 avg_spd=2.00m/s end=goal t= 7506.9s
[TRAIN][PPO] ep=424/500 r=  377.88 avg10=  491.12 steps=1326 succ10=0.60 touch10=0.60 col10=0.40 to10=0.00 min_d= 0.88 avg_spd=2.00m/s end=collision t= 7525.2s
[TRAIN][PPO] ep=425/500 r=  302.51 avg10=  460.40 steps=1095 succ10=0.50 touch10=0.50 col10=0.50 to10=0.00 min_d= 1.37 avg_spd=2.02m/s end=collision t= 7538.6s
[TRAIN][PPO] ep=426/500 r=  624.19 avg10=  493.80 steps=1575 succ10=0.60 touch10=0.60 col10=0.40 to10=0.00 min_d= 0.30 avg_spd=1.99m/s end=goal t= 7558.1s
[TRAIN][PPO] ep=427/500 r=  605.75 avg10=  526.74 steps=1541 succ10=0.70 touch10=0.70 col10=0.30 to10=0.00 min_d= 0.30 avg_spd=2.01m/s end=goal t= 7577.4s
[TRAIN][PPO] ep=428/500 r=  608.05 avg10=  526.04 steps=1529 succ10=0.70 touch10=0.70 col10=0.30 to10=0.00 min_d= 0.30 avg_spd=2.00m/s end=goal t= 7598.6s
[TRAIN][PPO] ep=429/500 r=  619.19 avg10=  526.46 steps=1565 succ10=0.70 touch10=0.70 col10=0.30 to10=0.00 min_d= 0.30 avg_spd=2.01m/s end=goal t= 7617.8s
[TRAIN][PPO] ep=430/500 r=  599.08 avg10=  556.60 steps=1516 succ10=0.80 touch10=0.80 col10=0.20 to10=0.00 min_d= 0.30 avg_spd=2.01m/s end=goal t= 7636.2s
[TRAIN][PPO] ep=431/500 r=  606.78 avg10=  555.56 steps=1534 succ10=0.80 touch10=0.80 col10=0.20 to10=0.00 min_d= 0.30 avg_spd=2.00m/s end=goal t= 7654.7s
[TRAIN][PPO] ep=432/500 r=  610.90 avg10=  555.95 steps=1547 succ10=0.80 touch10=0.80 col10=0.20 to10=0.00 min_d= 0.30 avg_spd=2.01m/s end=goal t= 7676.1s
[TRAIN][PPO] ep=433/500 r=  416.60 avg10=  537.09 steps=1416 succ10=0.70 touch10=0.70 col10=0.30 to10=0.00 min_d= 0.66 avg_spd=2.01m/s end=collision t= 7693.9s
[TRAIN][PPO] ep=434/500 r=  607.36 avg10=  560.04 steps=1534 succ10=0.80 touch10=0.80 col10=0.20 to10=0.00 min_d= 0.30 avg_spd=2.01m/s end=goal t= 7713.0s
[TRAIN][PPO] ep=435/500 r=  610.27 avg10=  590.82 steps=1541 succ10=0.90 touch10=0.90 col10=0.10 to10=0.00 min_d= 0.30 avg_spd=2.02m/s end=goal t= 7731.5s
[TRAIN][PPO] ep=436/500 r=  611.79 avg10=  589.58 steps=1550 succ10=0.90 touch10=0.90 col10=0.10 to10=0.00 min_d= 0.30 avg_spd=2.01m/s end=goal t= 7752.9s
[TRAIN][PPO] ep=437/500 r=  615.28 avg10=  590.53 steps=1551 succ10=0.90 touch10=0.90 col10=0.10 to10=0.00 min_d= 0.30 avg_spd=2.02m/s end=goal t= 7771.6s
[TRAIN][PPO] ep=438/500 r=  615.28 avg10=  591.25 steps=1572 succ10=0.90 touch10=0.90 col10=0.10 to10=0.00 min_d= 0.30 avg_spd=2.00m/s end=goal t= 7791.0s
[TRAIN][PPO] ep=439/500 r=  612.46 avg10=  590.58 steps=1546 succ10=0.90 touch10=0.90 col10=0.10 to10=0.00 min_d= 0.30 avg_spd=1.99m/s end=goal t= 7810.2s
[TRAIN][PPO] ep=440/500 r=  605.41 avg10=  591.21 steps=1548 succ10=0.90 touch10=0.90 col10=0.10 to10=0.00 min_d= 0.30 avg_spd=2.00m/s end=goal t= 7831.5s
[TRAIN][PPO] ep=441/500 r=  613.44 avg10=  591.88 steps=1547 succ10=0.90 touch10=0.90 col10=0.10 to10=0.00 min_d= 0.30 avg_spd=2.02m/s end=goal t= 7851.1s
[TRAIN][PPO] ep=442/500 r=  602.41 avg10=  591.03 steps=1517 succ10=0.90 touch10=0.90 col10=0.10 to10=0.00 min_d= 0.30 avg_spd=2.00m/s end=goal t= 7869.4s
[TRAIN][PPO] ep=443/500 r=  615.97 avg10=  610.97 steps=1551 succ10=1.00 touch10=1.00 col10=0.00 to10=0.00 min_d= 0.30 avg_spd=2.02m/s end=goal t= 7888.9s
[TRAIN][PPO] ep=444/500 r=  621.39 avg10=  612.37 steps=1567 succ10=1.00 touch10=1.00 col10=0.00 to10=0.00 min_d= 0.30 avg_spd=2.01m/s end=goal t= 7910.4s
[TRAIN][PPO] ep=445/500 r=  611.93 avg10=  612.54 steps=1541 succ10=1.00 touch10=1.00 col10=0.00 to10=0.00 min_d= 0.30 avg_spd=2.01m/s end=goal t= 7929.4s
[TRAIN][PPO] ep=446/500 r=  410.79 avg10=  592.44 steps=1407 succ10=0.90 touch10=0.90 col10=0.10 to10=0.00 min_d= 0.66 avg_spd=2.01m/s end=collision t= 7946.6s
[TRAIN][PPO] ep=447/500 r=  609.58 avg10=  591.87 steps=1534 succ10=0.90 touch10=0.90 col10=0.10 to10=0.00 min_d= 0.30 avg_spd=2.00m/s end=goal t= 7964.0s
[TRAIN][PPO] ep=448/500 r=  608.93 avg10=  591.23 steps=1550 succ10=0.90 touch10=0.90 col10=0.10 to10=0.00 min_d= 0.30 avg_spd=2.00m/s end=goal t= 7984.4s
[TRAIN][PPO] ep=449/500 r=  401.66 avg10=  570.15 steps=1376 succ10=0.80 touch10=0.80 col10=0.20 to10=0.00 min_d= 0.66 avg_spd=2.00m/s end=collision t= 8001.3s
[TRAIN][PPO] ep=450/500 r=  621.36 avg10=  571.75 steps=1567 succ10=0.80 touch10=0.80 col10=0.20 to10=0.00 min_d= 0.30 avg_spd=2.00m/s end=goal t= 8020.3s
[TRAIN][PPO] ep=451/500 r=  622.08 avg10=  572.61 steps=1561 succ10=0.80 touch10=0.80 col10=0.20 to10=0.00 min_d= 0.30 avg_spd=2.01m/s end=goal t= 8039.3s
[TRAIN][PPO] ep=452/500 r=  606.44 avg10=  573.01 steps=1513 succ10=0.80 touch10=0.80 col10=0.20 to10=0.00 min_d= 0.30 avg_spd=2.01m/s end=goal t= 8059.6s
[TRAIN][PPO] ep=453/500 r=  370.99 avg10=  548.51 steps=1312 succ10=0.70 touch10=0.70 col10=0.30 to10=0.00 min_d= 0.88 avg_spd=1.99m/s end=collision t= 8076.0s
[TRAIN][PPO] ep=454/500 r=  624.11 avg10=  548.79 steps=1589 succ10=0.70 touch10=0.70 col10=0.30 to10=0.00 min_d= 0.30 avg_spd=1.99m/s end=goal t= 8095.4s
[TRAIN][PPO] ep=455/500 r=  608.51 avg10=  548.44 steps=1544 succ10=0.70 touch10=0.70 col10=0.30 to10=0.00 min_d= 0.30 avg_spd=1.99m/s end=goal t= 8114.0s
[TRAIN][PPO] ep=456/500 r=   57.85 avg10=  513.15 steps= 355 succ10=0.70 touch10=0.70 col10=0.30 to10=0.00 min_d= 3.13 avg_spd=1.89m/s end=collision t= 8120.2s
[TRAIN][PPO] ep=457/500 r=  619.86 avg10=  514.18 steps=1564 succ10=0.70 touch10=0.70 col10=0.30 to10=0.00 min_d= 0.30 avg_spd=2.00m/s end=goal t= 8139.2s
[TRAIN][PPO] ep=458/500 r=  613.13 avg10=  514.60 steps=1559 succ10=0.70 touch10=0.70 col10=0.30 to10=0.00 min_d= 0.30 avg_spd=2.03m/s end=goal t= 8158.6s
[TRAIN][PPO] ep=459/500 r=  401.39 avg10=  514.57 steps=1373 succ10=0.70 touch10=0.70 col10=0.30 to10=0.00 min_d= 0.66 avg_spd=2.01m/s end=collision t= 8175.9s
[TRAIN][PPO] ep=460/500 r=  612.90 avg10=  513.73 steps=1542 succ10=0.70 touch10=0.70 col10=0.30 to10=0.00 min_d= 0.30 avg_spd=2.01m/s end=goal t= 8197.1s
[TRAIN][PPO] ep=461/500 r=  597.53 avg10=  511.27 steps=1510 succ10=0.70 touch10=0.70 col10=0.30 to10=0.00 min_d= 0.30 avg_spd=2.02m/s end=goal t= 8216.2s
[TRAIN][PPO] ep=462/500 r=  609.82 avg10=  511.61 steps=1538 succ10=0.70 touch10=0.70 col10=0.30 to10=0.00 min_d= 0.30 avg_spd=2.01m/s end=goal t= 8235.2s
[TRAIN][PPO] ep=463/500 r=  599.51 avg10=  534.46 steps=1506 succ10=0.80 touch10=0.80 col10=0.20 to10=0.00 min_d= 0.30 avg_spd=2.02m/s end=goal t= 8253.7s
[TRAIN][PPO] ep=464/500 r=  601.31 avg10=  532.18 steps=1502 succ10=0.80 touch10=0.80 col10=0.20 to10=0.00 min_d= 0.30 avg_spd=2.03m/s end=goal t= 8274.3s
[TRAIN][PPO] ep=465/500 r=  598.16 avg10=  531.14 steps=1511 succ10=0.80 touch10=0.80 col10=0.20 to10=0.00 min_d= 0.30 avg_spd=2.02m/s end=goal t= 8292.9s
[TRAIN][PPO] ep=466/500 r=  599.85 avg10=  585.35 steps=1512 succ10=0.90 touch10=0.90 col10=0.10 to10=0.00 min_d= 0.30 avg_spd=2.01m/s end=goal t= 8311.1s
[TRAIN][PPO] ep=467/500 r=  608.11 avg10=  584.17 steps=1535 succ10=0.90 touch10=0.90 col10=0.10 to10=0.00 min_d= 0.30 avg_spd=2.03m/s end=goal t= 8330.1s
[TRAIN][PPO] ep=468/500 r=  605.51 avg10=  583.41 steps=1539 succ10=0.90 touch10=0.90 col10=0.10 to10=0.00 min_d= 0.30 avg_spd=2.02m/s end=goal t= 8351.4s
[TRAIN][PPO] ep=469/500 r=  607.96 avg10=  604.07 steps=1524 succ10=1.00 touch10=1.00 col10=0.00 to10=0.00 min_d= 0.30 avg_spd=2.04m/s end=goal t= 8369.6s
[TRAIN][PPO] ep=470/500 r=  412.47 avg10=  584.02 steps=1407 succ10=0.90 touch10=0.90 col10=0.10 to10=0.00 min_d= 0.66 avg_spd=2.00m/s end=collision t= 8387.0s
[TRAIN][PPO] ep=471/500 r=  397.33 avg10=  564.00 steps=1366 succ10=0.80 touch10=0.80 col10=0.20 to10=0.00 min_d= 0.66 avg_spd=2.02m/s end=collision t= 8404.3s
[TRAIN][PPO] ep=472/500 r=  595.81 avg10=  562.60 steps=1509 succ10=0.80 touch10=0.80 col10=0.20 to10=0.00 min_d= 0.30 avg_spd=2.02m/s end=goal t= 8424.5s
[TRAIN][PPO] ep=473/500 r=  614.87 avg10=  564.14 steps=1544 succ10=0.80 touch10=0.80 col10=0.20 to10=0.00 min_d= 0.30 avg_spd=2.04m/s end=goal t= 8443.7s
[TRAIN][PPO] ep=474/500 r=  613.20 avg10=  565.33 steps=1532 succ10=0.80 touch10=0.80 col10=0.20 to10=0.00 min_d= 0.30 avg_spd=2.04m/s end=goal t= 8462.7s
[TRAIN][PPO] ep=475/500 r=  596.35 avg10=  565.15 steps=1489 succ10=0.80 touch10=0.80 col10=0.20 to10=0.00 min_d= 0.30 avg_spd=2.03m/s end=goal t= 8481.6s
[TRAIN][PPO] ep=476/500 r=  606.93 avg10=  565.85 steps=1529 succ10=0.80 touch10=0.80 col10=0.20 to10=0.00 min_d= 0.30 avg_spd=2.02m/s end=goal t= 8502.2s
[TRAIN][PPO] ep=477/500 r=  604.08 avg10=  565.45 steps=1535 succ10=0.80 touch10=0.80 col10=0.20 to10=0.00 min_d= 0.30 avg_spd=2.01m/s end=goal t= 8521.4s
[TRAIN][PPO] ep=478/500 r=  597.51 avg10=  564.65 steps=1487 succ10=0.80 touch10=0.80 col10=0.20 to10=0.00 min_d= 0.30 avg_spd=2.03m/s end=goal t= 8539.9s
[TRAIN][PPO] ep=479/500 r=  626.50 avg10=  566.50 steps=1594 succ10=0.80 touch10=0.80 col10=0.20 to10=0.00 min_d= 0.30 avg_spd=1.99m/s end=goal t= 8560.0s
[TRAIN][PPO] ep=480/500 r=  616.53 avg10=  586.91 steps=1580 succ10=0.90 touch10=0.90 col10=0.10 to10=0.00 min_d= 0.30 avg_spd=1.99m/s end=goal t= 8581.8s
[TRAIN][PPO] ep=481/500 r=  605.10 avg10=  607.69 steps=1519 succ10=1.00 touch10=1.00 col10=0.00 to10=0.00 min_d= 0.30 avg_spd=2.00m/s end=goal t= 8600.9s
[TRAIN][PPO] ep=482/500 r=  410.88 avg10=  589.20 steps=1393 succ10=0.90 touch10=0.90 col10=0.10 to10=0.00 min_d= 0.66 avg_spd=2.00m/s end=collision t= 8618.7s
[TRAIN][PPO] ep=483/500 r=  620.30 avg10=  589.74 steps=1562 succ10=0.90 touch10=0.90 col10=0.10 to10=0.00 min_d= 0.30 avg_spd=2.00m/s end=goal t= 8638.4s
[TRAIN][PPO] ep=484/500 r=  620.64 avg10=  590.48 steps=1558 succ10=0.90 touch10=0.90 col10=0.10 to10=0.00 min_d= 0.30 avg_spd=2.01m/s end=goal t= 8659.5s
[TRAIN][PPO] ep=485/500 r=  598.82 avg10=  590.73 steps=1501 succ10=0.90 touch10=0.90 col10=0.10 to10=0.00 min_d= 0.30 avg_spd=2.05m/s end=goal t= 8678.3s
[TRAIN][PPO] ep=486/500 r=  602.39 avg10=  590.28 steps=1494 succ10=0.90 touch10=0.90 col10=0.10 to10=0.00 min_d= 0.30 avg_spd=2.04m/s end=goal t= 8696.9s
[TRAIN][PPO] ep=487/500 r=  597.04 avg10=  589.57 steps=1515 succ10=0.90 touch10=0.90 col10=0.10 to10=0.00 min_d= 0.30 avg_spd=2.02m/s end=goal t= 8715.8s
[TRAIN][PPO] ep=488/500 r=  612.56 avg10=  591.08 steps=1536 succ10=0.90 touch10=0.90 col10=0.10 to10=0.00 min_d= 0.30 avg_spd=2.02m/s end=goal t= 8736.0s
[TRAIN][PPO] ep=489/500 r=  614.10 avg10=  589.84 steps=1552 succ10=0.90 touch10=0.90 col10=0.10 to10=0.00 min_d= 0.30 avg_spd=2.03m/s end=goal t= 8755.6s
[TRAIN][PPO] ep=490/500 r=  617.97 avg10=  589.98 steps=1552 succ10=0.90 touch10=0.90 col10=0.10 to10=0.00 min_d= 0.30 avg_spd=2.00m/s end=goal t= 8776.0s
[TRAIN][PPO] ep=491/500 r=  613.16 avg10=  590.79 steps=1537 succ10=0.90 touch10=0.90 col10=0.10 to10=0.00 min_d= 0.30 avg_spd=2.02m/s end=goal t= 8795.3s
[TRAIN][PPO] ep=492/500 r=  603.63 avg10=  610.06 steps=1516 succ10=1.00 touch10=1.00 col10=0.00 to10=0.00 min_d= 0.30 avg_spd=2.03m/s end=goal t= 8817.3s
[TRAIN][PPO] ep=493/500 r=  610.78 avg10=  609.11 steps=1536 succ10=1.00 touch10=1.00 col10=0.00 to10=0.00 min_d= 0.30 avg_spd=2.02m/s end=goal t= 8836.7s
[TRAIN][PPO] ep=494/500 r=   53.27 avg10=  552.37 steps= 334 succ10=0.90 touch10=0.90 col10=0.10 to10=0.00 min_d= 3.12 avg_spd=1.99m/s end=collision t= 8841.0s
[TRAIN][PPO] ep=495/500 r=  290.70 avg10=  521.56 steps=1048 succ10=0.80 touch10=0.80 col10=0.20 to10=0.00 min_d= 1.50 avg_spd=2.02m/s end=collision t= 8854.3s
[TRAIN][PPO] ep=496/500 r=  616.87 avg10=  523.01 steps=1544 succ10=0.80 touch10=0.80 col10=0.20 to10=0.00 min_d= 0.30 avg_spd=2.01m/s end=goal t= 8875.9s
[TRAIN][PPO] ep=497/500 r=  289.67 avg10=  492.27 steps=1012 succ10=0.70 touch10=0.70 col10=0.30 to10=0.00 min_d= 1.50 avg_spd=2.04m/s end=collision t= 8888.9s
[TRAIN][PPO] ep=498/500 r=  605.60 avg10=  491.58 steps=1467 succ10=0.70 touch10=0.70 col10=0.30 to10=0.00 min_d= 0.30 avg_spd=2.01m/s end=goal t= 8908.1s
[TRAIN][PPO] ep=499/500 r=  278.89 avg10=  458.05 steps=1004 succ10=0.60 touch10=0.60 col10=0.40 to10=0.00 min_d= 1.50 avg_spd=2.04m/s end=collision t= 8921.1s
INFO: PPO: Terminating.
[RUN] completed stage checkpoint=/uio/hume/student-u79/esbrovol/fys5429/DRL-Obstacle-Avoidance/controllers/PPO/checkpoints/20260525_141956_lstm_seed01_stage05_train_5_goal_shift_pos/final_20260525_141956_lstm_seed01_stage05_train_5_goal_shift_pos.pth
[RUN] arch=lstm seed=1 stage=6/10 world=/uio/hume/student-u79/esbrovol/fys5429/DRL-Obstacle-Avoidance/worlds/training/train_6_goal_shift_neg.wbt
[RUN] resuming from /uio/hume/student-u79/esbrovol/fys5429/DRL-Obstacle-Avoidance/controllers/PPO/checkpoints/20260525_141956_lstm_seed01_stage05_train_5_goal_shift_pos/final_20260525_141956_lstm_seed01_stage05_train_5_goal_shift_pos.pth
INFO: PPO: Starting controller: python3 -u PPO.py
[PPO] Using architecture: LSTM
[PPO] Loaded architecture: LSTM
[TRAIN][PPO] arch=LSTM weights_dir=/uio/hume/student-u79/esbrovol/fys5429/DRL-Obstacle-Avoidance/controllers/PPO/checkpoints/20260525_141956_lstm_seed01_stage06_train_6_goal_shift_neg final=/uio/hume/student-u79/esbrovol/fys5429/DRL-Obstacle-Avoidance/controllers/PPO/checkpoints/20260525_141956_lstm_seed01_stage06_train_6_goal_shift_neg/final_20260525_141956_lstm_seed01_stage06_train_6_goal_shift_neg.pth
[TRAIN][PPO] episodes=500 update_every=4 obs=31 act=2 cell=LSTM seq=32 burn_in=8
[TRAIN][PPO] ep=001/500 r=  -30.19 avg10=  -30.19 steps=  81 succ10=0.00 touch10=0.00 col10=1.00 to10=0.00 min_d= 3.84 avg_spd=1.94m/s end=collision t=    1.5s ckpt=best
[TRAIN][PPO] ep=002/500 r=  612.62 avg10=  291.21 steps=1449 succ10=0.50 touch10=0.50 col10=0.50 to10=0.00 min_d= 0.30 avg_spd=2.06m/s end=goal t=   21.2s ckpt=best_goal
[TRAIN][PPO] ep=003/500 r=  607.70 avg10=  396.71 steps=1438 succ10=0.67 touch10=0.67 col10=0.33 to10=0.00 min_d= 0.30 avg_spd=2.05m/s end=goal t=   40.6s
[TRAIN][PPO] ep=004/500 r=  -27.53 avg10=  290.65 steps= 100 succ10=0.50 touch10=0.50 col10=0.50 to10=0.00 min_d= 3.84 avg_spd=1.92m/s end=collision t=   43.4s
[TRAIN][PPO] ep=005/500 r=  607.17 avg10=  353.95 steps=1437 succ10=0.60 touch10=0.60 col10=0.40 to10=0.00 min_d= 0.30 avg_spd=2.04m/s end=goal t=   62.6s
[TRAIN][PPO] ep=006/500 r=  613.95 avg10=  397.29 steps=1456 succ10=0.67 touch10=0.67 col10=0.33 to10=0.00 min_d= 0.30 avg_spd=2.06m/s end=goal t=   82.0s ckpt=best_goal
[TRAIN][PPO] ep=007/500 r=  602.39 avg10=  426.59 steps=1427 succ10=0.71 touch10=0.71 col10=0.29 to10=0.00 min_d= 0.30 avg_spd=2.04m/s end=goal t=  101.0s
[TRAIN][PPO] ep=008/500 r=  603.55 avg10=  448.71 steps=1429 succ10=0.75 touch10=0.75 col10=0.25 to10=0.00 min_d= 0.30 avg_spd=2.04m/s end=goal t=  121.3s
[TRAIN][PPO] ep=009/500 r=  620.07 avg10=  467.75 steps=1486 succ10=0.78 touch10=0.78 col10=0.22 to10=0.00 min_d= 0.30 avg_spd=2.04m/s end=goal t=  140.8s ckpt=best_goal
[TRAIN][PPO] ep=010/500 r=  620.66 avg10=  483.04 steps=1497 succ10=0.80 touch10=0.80 col10=0.20 to10=0.00 min_d= 0.30 avg_spd=2.03m/s end=goal t=  160.5s ckpt=best_goal
[TRAIN][PPO] ep=011/500 r=  612.97 avg10=  547.35 steps=1457 succ10=0.90 touch10=0.90 col10=0.10 to10=0.00 min_d= 0.30 avg_spd=2.03m/s end=goal t=  179.6s
[TRAIN][PPO] ep=012/500 r=  -36.55 avg10=  482.44 steps=  64 succ10=0.80 touch10=0.80 col10=0.20 to10=0.00 min_d= 3.83 avg_spd=1.95m/s end=collision t=  181.9s
[TRAIN][PPO] ep=013/500 r=  605.36 avg10=  482.20 steps=1444 succ10=0.80 touch10=0.80 col10=0.20 to10=0.00 min_d= 0.30 avg_spd=2.04m/s end=goal t=  201.0s
[TRAIN][PPO] ep=014/500 r=  619.53 avg10=  546.91 steps=1482 succ10=0.90 touch10=0.90 col10=0.10 to10=0.00 min_d= 0.30 avg_spd=2.03m/s end=goal t=  220.2s
[TRAIN][PPO] ep=015/500 r=  615.75 avg10=  547.77 steps=1465 succ10=0.90 touch10=0.90 col10=0.10 to10=0.00 min_d= 0.30 avg_spd=2.03m/s end=goal t=  239.3s
[TRAIN][PPO] ep=016/500 r=  -29.94 avg10=  483.38 steps=  97 succ10=0.80 touch10=0.80 col10=0.20 to10=0.00 min_d= 3.82 avg_spd=2.00m/s end=collision t=  242.4s
[TRAIN][PPO] ep=017/500 r=  609.16 avg10=  484.06 steps=1444 succ10=0.80 touch10=0.80 col10=0.20 to10=0.00 min_d= 0.30 avg_spd=2.04m/s end=goal t=  261.3s
[TRAIN][PPO] ep=018/500 r=  614.57 avg10=  485.16 steps=1454 succ10=0.80 touch10=0.80 col10=0.20 to10=0.00 min_d= 0.30 avg_spd=2.03m/s end=goal t=  280.2s
[TRAIN][PPO] ep=019/500 r=  618.18 avg10=  484.97 steps=1476 succ10=0.80 touch10=0.80 col10=0.20 to10=0.00 min_d= 0.30 avg_spd=2.04m/s end=goal t=  299.4s
[TRAIN][PPO] ep=020/500 r=  613.45 avg10=  484.25 steps=1462 succ10=0.80 touch10=0.80 col10=0.20 to10=0.00 min_d= 0.30 avg_spd=2.06m/s end=goal t=  321.4s
[TRAIN][PPO] ep=021/500 r=  613.93 avg10=  484.34 steps=1456 succ10=0.80 touch10=0.80 col10=0.20 to10=0.00 min_d= 0.30 avg_spd=2.04m/s end=goal t=  340.6s
[TRAIN][PPO] ep=022/500 r=  609.17 avg10=  548.91 steps=1466 succ10=0.90 touch10=0.90 col10=0.10 to10=0.00 min_d= 0.30 avg_spd=2.02m/s end=goal t=  359.8s
[TRAIN][PPO] ep=023/500 r=  615.76 avg10=  549.95 steps=1467 succ10=0.90 touch10=0.90 col10=0.10 to10=0.00 min_d= 0.30 avg_spd=2.02m/s end=goal t=  378.8s
[TRAIN][PPO] ep=024/500 r=  620.15 avg10=  550.02 steps=1482 succ10=0.90 touch10=0.90 col10=0.10 to10=0.00 min_d= 0.30 avg_spd=2.04m/s end=goal t=  401.2s
[TRAIN][PPO] ep=025/500 r=  618.44 avg10=  550.28 steps=1475 succ10=0.90 touch10=0.90 col10=0.10 to10=0.00 min_d= 0.30 avg_spd=2.04m/s end=goal t=  420.8s
[TRAIN][PPO] ep=026/500 r=  606.54 avg10=  613.93 steps=1453 succ10=1.00 touch10=1.00 col10=0.00 to10=0.00 min_d= 0.30 avg_spd=2.03m/s end=goal t=  439.9s
[TRAIN][PPO] ep=027/500 r=  610.63 avg10=  614.08 steps=1453 succ10=1.00 touch10=1.00 col10=0.00 to10=0.00 min_d= 0.30 avg_spd=2.03m/s end=goal t=  459.0s
[TRAIN][PPO] ep=028/500 r=  616.61 avg10=  614.28 steps=1468 succ10=1.00 touch10=1.00 col10=0.00 to10=0.00 min_d= 0.30 avg_spd=2.04m/s end=goal t=  480.1s
[TRAIN][PPO] ep=029/500 r=  601.28 avg10=  612.60 steps=1425 succ10=1.00 touch10=1.00 col10=0.00 to10=0.00 min_d= 0.30 avg_spd=2.04m/s end=goal t=  498.6s
[TRAIN][PPO] ep=030/500 r=  624.08 avg10=  613.66 steps=1496 succ10=1.00 touch10=1.00 col10=0.00 to10=0.00 min_d= 0.30 avg_spd=2.02m/s end=goal t=  518.4s ckpt=best_goal
[TRAIN][PPO] ep=031/500 r=  613.52 avg10=  613.62 steps=1468 succ10=1.00 touch10=1.00 col10=0.00 to10=0.00 min_d= 0.30 avg_spd=2.02m/s end=goal t=  537.4s
[TRAIN][PPO] ep=032/500 r=  -40.34 avg10=  548.67 steps=  48 succ10=0.90 touch10=0.90 col10=0.10 to10=0.00 min_d= 3.83 avg_spd=1.83m/s end=collision t=  539.6s
[TRAIN][PPO] ep=033/500 r=  608.81 avg10=  547.97 steps=1445 succ10=0.90 touch10=0.90 col10=0.10 to10=0.00 min_d= 0.30 avg_spd=2.04m/s end=goal t=  558.4s
[TRAIN][PPO] ep=034/500 r=  607.78 avg10=  546.73 steps=1457 succ10=0.90 touch10=0.90 col10=0.10 to10=0.00 min_d= 0.30 avg_spd=2.01m/s end=goal t=  577.4s
[TRAIN][PPO] ep=035/500 r=  609.49 avg10=  545.84 steps=1466 succ10=0.90 touch10=0.90 col10=0.10 to10=0.00 min_d= 0.30 avg_spd=2.03m/s end=goal t=  596.8s
[TRAIN][PPO] ep=036/500 r=  606.69 avg10=  545.86 steps=1448 succ10=0.90 touch10=0.90 col10=0.10 to10=0.00 min_d= 0.30 avg_spd=2.04m/s end=goal t=  617.3s
[TRAIN][PPO] ep=037/500 r=  620.66 avg10=  546.86 steps=1484 succ10=0.90 touch10=0.90 col10=0.10 to10=0.00 min_d= 0.30 avg_spd=2.03m/s end=goal t=  636.7s
[TRAIN][PPO] ep=038/500 r=  621.75 avg10=  547.37 steps=1490 succ10=0.90 touch10=0.90 col10=0.10 to10=0.00 min_d= 0.30 avg_spd=2.03m/s end=goal t=  656.0s
[TRAIN][PPO] ep=039/500 r=  606.38 avg10=  547.88 steps=1441 succ10=0.90 touch10=0.90 col10=0.10 to10=0.00 min_d= 0.30 avg_spd=2.03m/s end=goal t=  674.9s
[TRAIN][PPO] ep=040/500 r=  -25.13 avg10=  482.96 steps= 112 succ10=0.80 touch10=0.80 col10=0.20 to10=0.00 min_d= 3.83 avg_spd=2.02m/s end=collision t=  677.9s
[TRAIN][PPO] ep=041/500 r=  618.06 avg10=  483.41 steps=1480 succ10=0.80 touch10=0.80 col10=0.20 to10=0.00 min_d= 0.30 avg_spd=2.03m/s end=goal t=  697.4s
[TRAIN][PPO] ep=042/500 r=  610.50 avg10=  548.50 steps=1456 succ10=0.90 touch10=0.90 col10=0.10 to10=0.00 min_d= 0.30 avg_spd=2.04m/s end=goal t=  716.5s
[TRAIN][PPO] ep=043/500 r=  615.38 avg10=  549.16 steps=1482 succ10=0.90 touch10=0.90 col10=0.10 to10=0.00 min_d= 0.30 avg_spd=2.04m/s end=goal t=  735.8s
[TRAIN][PPO] ep=044/500 r=  615.36 avg10=  549.91 steps=1469 succ10=0.90 touch10=0.90 col10=0.10 to10=0.00 min_d= 0.30 avg_spd=2.01m/s end=goal t=  756.9s
[TRAIN][PPO] ep=045/500 r=  616.61 avg10=  550.63 steps=1473 succ10=0.90 touch10=0.90 col10=0.10 to10=0.00 min_d= 0.30 avg_spd=2.04m/s end=goal t=  776.0s
[TRAIN][PPO] ep=046/500 r=  605.21 avg10=  550.48 steps=1436 succ10=0.90 touch10=0.90 col10=0.10 to10=0.00 min_d= 0.30 avg_spd=2.03m/s end=goal t=  794.6s
[TRAIN][PPO] ep=047/500 r=  -26.26 avg10=  485.79 steps=  96 succ10=0.80 touch10=0.80 col10=0.20 to10=0.00 min_d= 3.83 avg_spd=2.00m/s end=collision t=  795.9s
[TRAIN][PPO] ep=048/500 r=  627.84 avg10=  486.39 steps=1502 succ10=0.80 touch10=0.80 col10=0.20 to10=0.00 min_d= 0.30 avg_spd=2.01m/s end=goal t=  816.9s ckpt=best_goal
[TRAIN][PPO] ep=049/500 r=  -36.77 avg10=  422.08 steps=  65 succ10=0.70 touch10=0.70 col10=0.30 to10=0.00 min_d= 3.83 avg_spd=1.96m/s end=collision t=  817.9s
[TRAIN][PPO] ep=050/500 r=  618.44 avg10=  486.44 steps=1485 succ10=0.80 touch10=0.80 col10=0.20 to10=0.00 min_d= 0.30 avg_spd=2.04m/s end=goal t=  837.0s
[TRAIN][PPO] ep=051/500 r=  615.27 avg10=  486.16 steps=1469 succ10=0.80 touch10=0.80 col10=0.20 to10=0.00 min_d= 0.30 avg_spd=2.04m/s end=goal t=  855.9s
[TRAIN][PPO] ep=052/500 r=  616.17 avg10=  486.72 steps=1495 succ10=0.80 touch10=0.80 col10=0.20 to10=0.00 min_d= 0.30 avg_spd=2.03m/s end=goal t=  877.7s
[TRAIN][PPO] ep=053/500 r=  605.45 avg10=  485.73 steps=1439 succ10=0.80 touch10=0.80 col10=0.20 to10=0.00 min_d= 0.30 avg_spd=2.03m/s end=goal t=  896.3s
[TRAIN][PPO] ep=054/500 r=  609.87 avg10=  485.18 steps=1456 succ10=0.80 touch10=0.80 col10=0.20 to10=0.00 min_d= 0.30 avg_spd=2.04m/s end=goal t=  915.2s
[TRAIN][PPO] ep=055/500 r=  620.06 avg10=  485.53 steps=1478 succ10=0.80 touch10=0.80 col10=0.20 to10=0.00 min_d= 0.30 avg_spd=2.04m/s end=goal t=  934.5s
[TRAIN][PPO] ep=056/500 r=  604.39 avg10=  485.45 steps=1433 succ10=0.80 touch10=0.80 col10=0.20 to10=0.00 min_d= 0.30 avg_spd=2.06m/s end=goal t=  955.3s
[TRAIN][PPO] ep=057/500 r=  601.36 avg10=  548.21 steps=1425 succ10=0.90 touch10=0.90 col10=0.10 to10=0.00 min_d= 0.30 avg_spd=2.04m/s end=goal t=  973.0s
[TRAIN][PPO] ep=058/500 r=  602.58 avg10=  545.68 steps=1431 succ10=0.90 touch10=0.90 col10=0.10 to10=0.00 min_d= 0.30 avg_spd=2.07m/s end=goal t=  992.0s
[TRAIN][PPO] ep=059/500 r=  617.15 avg10=  611.07 steps=1468 succ10=1.00 touch10=1.00 col10=0.00 to10=0.00 min_d= 0.30 avg_spd=2.03m/s end=goal t= 1011.8s
[TRAIN][PPO] ep=060/500 r=  609.60 avg10=  610.19 steps=1450 succ10=1.00 touch10=1.00 col10=0.00 to10=0.00 min_d= 0.30 avg_spd=2.04m/s end=goal t= 1033.1s
[TRAIN][PPO] ep=061/500 r=  617.96 avg10=  610.46 steps=1491 succ10=1.00 touch10=1.00 col10=0.00 to10=0.00 min_d= 0.30 avg_spd=2.04m/s end=goal t= 1053.2s
[TRAIN][PPO] ep=062/500 r=  610.92 avg10=  609.94 steps=1450 succ10=1.00 touch10=1.00 col10=0.00 to10=0.00 min_d= 0.30 avg_spd=2.07m/s end=goal t= 1072.7s
[TRAIN][PPO] ep=063/500 r=  -41.17 avg10=  545.27 steps=  40 succ10=0.90 touch10=0.90 col10=0.10 to10=0.00 min_d= 3.83 avg_spd=1.79m/s end=collision t= 1073.3s
[TRAIN][PPO] ep=064/500 r=  603.82 avg10=  544.67 steps=1454 succ10=0.90 touch10=0.90 col10=0.10 to10=0.00 min_d= 0.30 avg_spd=2.04m/s end=goal t= 1094.2s
[TRAIN][PPO] ep=065/500 r=  -43.09 avg10=  478.35 steps=  25 succ10=0.80 touch10=0.80 col10=0.20 to10=0.00 min_d= 3.85 avg_spd=1.73m/s end=collision t= 1094.6s
[TRAIN][PPO] ep=066/500 r=  602.83 avg10=  478.20 steps=1450 succ10=0.80 touch10=0.80 col10=0.20 to10=0.00 min_d= 0.30 avg_spd=2.05m/s end=goal t= 1114.3s
[TRAIN][PPO] ep=067/500 r=  605.73 avg10=  478.63 steps=1443 succ10=0.80 touch10=0.80 col10=0.20 to10=0.00 min_d= 0.30 avg_spd=2.06m/s end=goal t= 1133.7s
[TRAIN][PPO] ep=068/500 r=  612.53 avg10=  479.63 steps=1464 succ10=0.80 touch10=0.80 col10=0.20 to10=0.00 min_d= 0.30 avg_spd=2.04m/s end=goal t= 1154.8s
[TRAIN][PPO] ep=069/500 r=  608.24 avg10=  478.74 steps=1475 succ10=0.80 touch10=0.80 col10=0.20 to10=0.00 min_d= 0.30 avg_spd=2.04m/s end=goal t= 1174.7s
[TRAIN][PPO] ep=070/500 r=  614.02 avg10=  479.18 steps=1470 succ10=0.80 touch10=0.80 col10=0.20 to10=0.00 min_d= 0.30 avg_spd=2.04m/s end=goal t= 1194.4s
[TRAIN][PPO] ep=071/500 r=  614.35 avg10=  478.82 steps=1466 succ10=0.80 touch10=0.80 col10=0.20 to10=0.00 min_d= 0.30 avg_spd=2.05m/s end=goal t= 1214.1s
[TRAIN][PPO] ep=072/500 r=  623.67 avg10=  480.09 steps=1511 succ10=0.80 touch10=0.80 col10=0.20 to10=0.00 min_d= 0.30 avg_spd=2.03m/s end=goal t= 1236.5s
[TRAIN][PPO] ep=073/500 r=  623.41 avg10=  546.55 steps=1491 succ10=0.90 touch10=0.90 col10=0.10 to10=0.00 min_d= 0.30 avg_spd=2.03m/s end=goal t= 1256.3s
[TRAIN][PPO] ep=074/500 r=  612.82 avg10=  547.45 steps=1459 succ10=0.90 touch10=0.90 col10=0.10 to10=0.00 min_d= 0.30 avg_spd=2.07m/s end=goal t= 1275.8s
[TRAIN][PPO] ep=075/500 r=  600.91 avg10=  611.85 steps=1439 succ10=1.00 touch10=1.00 col10=0.00 to10=0.00 min_d= 0.30 avg_spd=2.04m/s end=goal t= 1294.9s
[TRAIN][PPO] ep=076/500 r=  594.16 avg10=  610.98 steps=1412 succ10=1.00 touch10=1.00 col10=0.00 to10=0.00 min_d= 0.30 avg_spd=2.08m/s end=goal t= 1315.7s
[TRAIN][PPO] ep=077/500 r=  608.15 avg10=  611.23 steps=1452 succ10=1.00 touch10=1.00 col10=0.00 to10=0.00 min_d= 0.30 avg_spd=2.05m/s end=goal t= 1335.2s
[TRAIN][PPO] ep=078/500 r=  -30.67 avg10=  546.91 steps=  98 succ10=0.90 touch10=0.90 col10=0.10 to10=0.00 min_d= 3.82 avg_spd=1.85m/s end=collision t= 1336.6s
[TRAIN][PPO] ep=079/500 r=  606.17 avg10=  546.70 steps=1454 succ10=0.90 touch10=0.90 col10=0.10 to10=0.00 min_d= 0.30 avg_spd=2.05m/s end=goal t= 1355.7s
[TRAIN][PPO] ep=080/500 r=  616.91 avg10=  546.99 steps=1476 succ10=0.90 touch10=0.90 col10=0.10 to10=0.00 min_d= 0.30 avg_spd=2.03m/s end=goal t= 1378.2s
[TRAIN][PPO] ep=081/500 r=  617.76 avg10=  547.33 steps=1480 succ10=0.90 touch10=0.90 col10=0.10 to10=0.00 min_d= 0.30 avg_spd=2.04m/s end=goal t= 1397.3s
[TRAIN][PPO] ep=082/500 r=  615.31 avg10=  546.49 steps=1472 succ10=0.90 touch10=0.90 col10=0.10 to10=0.00 min_d= 0.30 avg_spd=2.06m/s end=goal t= 1416.7s
[TRAIN][PPO] ep=083/500 r=  601.24 avg10=  544.28 steps=1442 succ10=0.90 touch10=0.90 col10=0.10 to10=0.00 min_d= 0.30 avg_spd=2.03m/s end=goal t= 1436.1s
[TRAIN][PPO] ep=084/500 r=  614.39 avg10=  544.43 steps=1469 succ10=0.90 touch10=0.90 col10=0.10 to10=0.00 min_d= 0.30 avg_spd=2.04m/s end=goal t= 1458.0s
[TRAIN][PPO] ep=085/500 r=  604.52 avg10=  544.79 steps=1438 succ10=0.90 touch10=0.90 col10=0.10 to10=0.00 min_d= 0.30 avg_spd=2.04m/s end=goal t= 1476.5s
[TRAIN][PPO] ep=086/500 r=  612.06 avg10=  546.58 steps=1458 succ10=0.90 touch10=0.90 col10=0.10 to10=0.00 min_d= 0.30 avg_spd=2.05m/s end=goal t= 1495.9s
[TRAIN][PPO] ep=087/500 r=  599.27 avg10=  545.70 steps=1425 succ10=0.90 touch10=0.90 col10=0.10 to10=0.00 min_d= 0.30 avg_spd=2.06m/s end=goal t= 1514.9s
[TRAIN][PPO] ep=088/500 r=  597.84 avg10=  608.55 steps=1416 succ10=1.00 touch10=1.00 col10=0.00 to10=0.00 min_d= 0.30 avg_spd=2.06m/s end=goal t= 1536.2s
[TRAIN][PPO] ep=089/500 r=  611.67 avg10=  609.10 steps=1464 succ10=1.00 touch10=1.00 col10=0.00 to10=0.00 min_d= 0.30 avg_spd=2.04m/s end=goal t= 1555.4s
[TRAIN][PPO] ep=090/500 r=  610.11 avg10=  608.42 steps=1459 succ10=1.00 touch10=1.00 col10=0.00 to10=0.00 min_d= 0.30 avg_spd=2.05m/s end=goal t= 1574.8s
[TRAIN][PPO] ep=091/500 r=  610.16 avg10=  607.66 steps=1452 succ10=1.00 touch10=1.00 col10=0.00 to10=0.00 min_d= 0.30 avg_spd=2.05m/s end=goal t= 1593.8s
[TRAIN][PPO] ep=092/500 r=  618.09 avg10=  607.94 steps=1471 succ10=1.00 touch10=1.00 col10=0.00 to10=0.00 min_d= 0.30 avg_spd=2.04m/s end=goal t= 1616.0s
[TRAIN][PPO] ep=093/500 r=  602.96 avg10=  608.11 steps=1451 succ10=1.00 touch10=1.00 col10=0.00 to10=0.00 min_d= 0.30 avg_spd=2.04m/s end=goal t= 1635.4s
[TRAIN][PPO] ep=094/500 r=  606.86 avg10=  607.35 steps=1438 succ10=1.00 touch10=1.00 col10=0.00 to10=0.00 min_d= 0.30 avg_spd=2.04m/s end=goal t= 1653.9s
[TRAIN][PPO] ep=095/500 r=  599.39 avg10=  606.84 steps=1426 succ10=1.00 touch10=1.00 col10=0.00 to10=0.00 min_d= 0.30 avg_spd=2.06m/s end=goal t= 1672.5s
[TRAIN][PPO] ep=096/500 r=  605.54 avg10=  606.19 steps=1439 succ10=1.00 touch10=1.00 col10=0.00 to10=0.00 min_d= 0.30 avg_spd=2.06m/s end=goal t= 1695.3s
[TRAIN][PPO] ep=097/500 r=  599.34 avg10=  606.20 steps=1419 succ10=1.00 touch10=1.00 col10=0.00 to10=0.00 min_d= 0.30 avg_spd=2.07m/s end=goal t= 1713.7s
[TRAIN][PPO] ep=098/500 r=  615.40 avg10=  607.95 steps=1468 succ10=1.00 touch10=1.00 col10=0.00 to10=0.00 min_d= 0.30 avg_spd=2.03m/s end=goal t= 1733.0s
[TRAIN][PPO] ep=099/500 r=  615.93 avg10=  608.38 steps=1475 succ10=1.00 touch10=1.00 col10=0.00 to10=0.00 min_d= 0.30 avg_spd=2.06m/s end=goal t= 1751.7s
[TRAIN][PPO] ep=100/500 r=  601.49 avg10=  607.52 steps=1427 succ10=1.00 touch10=1.00 col10=0.00 to10=0.00 min_d= 0.30 avg_spd=2.06m/s end=goal t= 1773.3s ckpt=latest
[TRAIN][PPO] ep=101/500 r=  607.98 avg10=  607.30 steps=1445 succ10=1.00 touch10=1.00 col10=0.00 to10=0.00 min_d= 0.30 avg_spd=2.04m/s end=goal t= 1792.3s
[TRAIN][PPO] ep=102/500 r=  611.90 avg10=  606.68 steps=1453 succ10=1.00 touch10=1.00 col10=0.00 to10=0.00 min_d= 0.30 avg_spd=2.05m/s end=goal t= 1810.7s
[TRAIN][PPO] ep=103/500 r=  611.71 avg10=  607.55 steps=1479 succ10=1.00 touch10=1.00 col10=0.00 to10=0.00 min_d= 0.30 avg_spd=2.04m/s end=goal t= 1830.1s
[TRAIN][PPO] ep=104/500 r=  618.50 avg10=  608.72 steps=1483 succ10=1.00 touch10=1.00 col10=0.00 to10=0.00 min_d= 0.30 avg_spd=2.03m/s end=goal t= 1850.9s
[TRAIN][PPO] ep=105/500 r=  611.15 avg10=  609.89 steps=1458 succ10=1.00 touch10=1.00 col10=0.00 to10=0.00 min_d= 0.30 avg_spd=2.04m/s end=goal t= 1870.1s
[TRAIN][PPO] ep=106/500 r=  613.38 avg10=  610.68 steps=1464 succ10=1.00 touch10=1.00 col10=0.00 to10=0.00 min_d= 0.30 avg_spd=2.05m/s end=goal t= 1889.3s
[TRAIN][PPO] ep=107/500 r=  -34.79 avg10=  547.26 steps=  63 succ10=0.90 touch10=0.90 col10=0.10 to10=0.00 min_d= 3.84 avg_spd=1.73m/s end=collision t= 1890.2s
[TRAIN][PPO] ep=108/500 r=  613.71 avg10=  547.09 steps=1469 succ10=0.90 touch10=0.90 col10=0.10 to10=0.00 min_d= 0.30 avg_spd=2.03m/s end=goal t= 1911.4s
[TRAIN][PPO] ep=109/500 r=  604.34 avg10=  545.94 steps=1437 succ10=0.90 touch10=0.90 col10=0.10 to10=0.00 min_d= 0.30 avg_spd=2.06m/s end=goal t= 1930.5s
[TRAIN][PPO] ep=110/500 r=  621.41 avg10=  547.93 steps=1486 succ10=0.90 touch10=0.90 col10=0.10 to10=0.00 min_d= 0.30 avg_spd=2.03m/s end=goal t= 1950.6s
[TRAIN][PPO] ep=111/500 r=  -33.18 avg10=  483.81 steps=  79 succ10=0.80 touch10=0.80 col10=0.20 to10=0.00 min_d= 3.83 avg_spd=1.98m/s end=collision t= 1951.8s
[TRAIN][PPO] ep=112/500 r=  612.86 avg10=  483.91 steps=1476 succ10=0.80 touch10=0.80 col10=0.20 to10=0.00 min_d= 0.30 avg_spd=2.04m/s end=goal t= 1973.2s
[TRAIN][PPO] ep=113/500 r=  608.69 avg10=  483.61 steps=1479 succ10=0.80 touch10=0.80 col10=0.20 to10=0.00 min_d= 0.30 avg_spd=2.03m/s end=goal t= 1993.1s
[TRAIN][PPO] ep=114/500 r=  604.49 avg10=  482.21 steps=1449 succ10=0.80 touch10=0.80 col10=0.20 to10=0.00 min_d= 0.30 avg_spd=2.03m/s end=goal t= 2011.9s
[TRAIN][PPO] ep=115/500 r=  604.96 avg10=  481.59 steps=1443 succ10=0.80 touch10=0.80 col10=0.20 to10=0.00 min_d= 0.30 avg_spd=2.05m/s end=goal t= 2031.3s
[TRAIN][PPO] ep=116/500 r=  602.56 avg10=  480.50 steps=1439 succ10=0.80 touch10=0.80 col10=0.20 to10=0.00 min_d= 0.30 avg_spd=2.04m/s end=goal t= 2052.2s
[TRAIN][PPO] ep=117/500 r=  613.47 avg10=  545.33 steps=1466 succ10=0.90 touch10=0.90 col10=0.10 to10=0.00 min_d= 0.30 avg_spd=2.01m/s end=goal t= 2071.6s
[TRAIN][PPO] ep=118/500 r=  610.14 avg10=  544.97 steps=1462 succ10=0.90 touch10=0.90 col10=0.10 to10=0.00 min_d= 0.30 avg_spd=2.03m/s end=goal t= 2090.9s
[TRAIN][PPO] ep=119/500 r=  608.57 avg10=  545.40 steps=1475 succ10=0.90 touch10=0.90 col10=0.10 to10=0.00 min_d= 0.30 avg_spd=2.04m/s end=goal t= 2110.5s
[TRAIN][PPO] ep=120/500 r=  613.44 avg10=  544.60 steps=1473 succ10=0.90 touch10=0.90 col10=0.10 to10=0.00 min_d= 0.30 avg_spd=2.04m/s end=goal t= 2131.7s
[TRAIN][PPO] ep=121/500 r=  604.95 avg10=  608.41 steps=1437 succ10=1.00 touch10=1.00 col10=0.00 to10=0.00 min_d= 0.30 avg_spd=2.06m/s end=goal t= 2150.3s
[TRAIN][PPO] ep=122/500 r=  601.07 avg10=  607.23 steps=1429 succ10=1.00 touch10=1.00 col10=0.00 to10=0.00 min_d= 0.30 avg_spd=2.04m/s end=goal t= 2168.8s
[TRAIN][PPO] ep=123/500 r=  -25.10 avg10=  543.85 steps= 115 succ10=0.90 touch10=0.90 col10=0.10 to10=0.00 min_d= 3.83 avg_spd=1.85m/s end=collision t= 2170.3s
[TRAIN][PPO] ep=124/500 r=  -26.80 avg10=  480.73 steps= 106 succ10=0.80 touch10=0.80 col10=0.20 to10=0.00 min_d= 3.82 avg_spd=2.02m/s end=collision t= 2172.9s
[TRAIN][PPO] ep=125/500 r=  612.42 avg10=  481.47 steps=1466 succ10=0.80 touch10=0.80 col10=0.20 to10=0.00 min_d= 0.30 avg_spd=2.04m/s end=goal t= 2191.9s
[TRAIN][PPO] ep=126/500 r=  605.47 avg10=  481.76 steps=1437 succ10=0.80 touch10=0.80 col10=0.20 to10=0.00 min_d= 0.30 avg_spd=2.04m/s end=goal t= 2210.8s
[TRAIN][PPO] ep=127/500 r=  614.04 avg10=  481.82 steps=1465 succ10=0.80 touch10=0.80 col10=0.20 to10=0.00 min_d= 0.30 avg_spd=2.02m/s end=goal t= 2230.1s
[TRAIN][PPO] ep=128/500 r=  619.64 avg10=  482.77 steps=1484 succ10=0.80 touch10=0.80 col10=0.20 to10=0.00 min_d= 0.30 avg_spd=2.03m/s end=goal t= 2251.2s
[TRAIN][PPO] ep=129/500 r=  612.99 avg10=  483.21 steps=1456 succ10=0.80 touch10=0.80 col10=0.20 to10=0.00 min_d= 0.30 avg_spd=2.03m/s end=goal t= 2270.5s
[TRAIN][PPO] ep=130/500 r=  617.58 avg10=  483.62 steps=1474 succ10=0.80 touch10=0.80 col10=0.20 to10=0.00 min_d= 0.30 avg_spd=2.04m/s end=goal t= 2289.8s
[TRAIN][PPO] ep=131/500 r=  618.61 avg10=  484.99 steps=1490 succ10=0.80 touch10=0.80 col10=0.20 to10=0.00 min_d= 0.30 avg_spd=2.04m/s end=goal t= 2309.6s
[TRAIN][PPO] ep=132/500 r=  610.78 avg10=  485.96 steps=1463 succ10=0.80 touch10=0.80 col10=0.20 to10=0.00 min_d= 0.30 avg_spd=2.05m/s end=goal t= 2330.8s
[TRAIN][PPO] ep=133/500 r=  613.78 avg10=  549.85 steps=1484 succ10=0.90 touch10=0.90 col10=0.10 to10=0.00 min_d= 0.30 avg_spd=2.02m/s end=goal t= 2350.4s
[TRAIN][PPO] ep=134/500 r=  615.61 avg10=  614.09 steps=1469 succ10=1.00 touch10=1.00 col10=0.00 to10=0.00 min_d= 0.30 avg_spd=2.06m/s end=goal t= 2369.9s
[TRAIN][PPO] ep=135/500 r=  600.23 avg10=  612.87 steps=1430 succ10=1.00 touch10=1.00 col10=0.00 to10=0.00 min_d= 0.30 avg_spd=2.04m/s end=goal t= 2388.9s
[TRAIN][PPO] ep=136/500 r=  -25.10 avg10=  549.81 steps=  99 succ10=0.90 touch10=0.90 col10=0.10 to10=0.00 min_d= 3.84 avg_spd=1.90m/s end=collision t= 2392.1s
[TRAIN][PPO] ep=137/500 r=  605.20 avg10=  548.93 steps=1438 succ10=0.90 touch10=0.90 col10=0.10 to10=0.00 min_d= 0.30 avg_spd=2.05m/s end=goal t= 2411.1s
[TRAIN][PPO] ep=138/500 r=  602.77 avg10=  547.25 steps=1438 succ10=0.90 touch10=0.90 col10=0.10 to10=0.00 min_d= 0.30 avg_spd=2.04m/s end=goal t= 2430.0s
[TRAIN][PPO] ep=139/500 r=  611.02 avg10=  547.05 steps=1462 succ10=0.90 touch10=0.90 col10=0.10 to10=0.00 min_d= 0.30 avg_spd=2.04m/s end=goal t= 2449.0s
[TRAIN][PPO] ep=140/500 r=  -27.10 avg10=  482.58 steps=  95 succ10=0.80 touch10=0.80 col10=0.20 to10=0.00 min_d= 3.83 avg_spd=2.01m/s end=collision t= 2452.1s
[TRAIN][PPO] ep=141/500 r=  -19.98 avg10=  418.72 steps= 105 succ10=0.70 touch10=0.70 col10=0.30 to10=0.00 min_d= 3.83 avg_spd=1.76m/s end=collision t= 2453.6s
[TRAIN][PPO] ep=142/500 r=  618.29 avg10=  419.47 steps=1484 succ10=0.70 touch10=0.70 col10=0.30 to10=0.00 min_d= 0.30 avg_spd=2.05m/s end=goal t= 2472.9s
[TRAIN][PPO] ep=143/500 r=  609.08 avg10=  419.00 steps=1457 succ10=0.70 touch10=0.70 col10=0.30 to10=0.00 min_d= 0.30 avg_spd=2.02m/s end=goal t= 2492.3s
[TRAIN][PPO] ep=144/500 r=  612.95 avg10=  418.74 steps=1469 succ10=0.70 touch10=0.70 col10=0.30 to10=0.00 min_d= 0.30 avg_spd=2.03m/s end=goal t= 2512.9s
[TRAIN][PPO] ep=145/500 r=  617.80 avg10=  420.49 steps=1490 succ10=0.70 touch10=0.70 col10=0.30 to10=0.00 min_d= 0.30 avg_spd=2.01m/s end=goal t= 2531.9s
[TRAIN][PPO] ep=146/500 r=  603.02 avg10=  483.30 steps=1424 succ10=0.80 touch10=0.80 col10=0.20 to10=0.00 min_d= 0.30 avg_spd=2.05m/s end=goal t= 2550.8s
[TRAIN][PPO] ep=147/500 r=  -22.47 avg10=  420.54 steps= 120 succ10=0.70 touch10=0.70 col10=0.30 to10=0.00 min_d= 3.84 avg_spd=1.78m/s end=collision t= 2552.4s
[TRAIN][PPO] ep=148/500 r=   62.98 avg10=  366.56 steps= 352 succ10=0.60 touch10=0.60 col10=0.40 to10=0.00 min_d= 3.07 avg_spd=1.96m/s end=collision t= 2558.5s
[TRAIN][PPO] ep=149/500 r=  -42.38 avg10=  301.22 steps=  29 succ10=0.50 touch10=0.50 col10=0.50 to10=0.00 min_d= 3.85 avg_spd=1.71m/s end=collision t= 2558.9s
[TRAIN][PPO] ep=150/500 r=  613.83 avg10=  365.31 steps=1489 succ10=0.60 touch10=0.60 col10=0.40 to10=0.00 min_d= 0.30 avg_spd=2.04m/s end=goal t= 2577.8s
[TRAIN][PPO] ep=151/500 r=   58.77 avg10=  373.19 steps= 330 succ10=0.60 touch10=0.60 col10=0.40 to10=0.00 min_d= 3.08 avg_spd=2.01m/s end=collision t= 2582.2s
[TRAIN][PPO] ep=152/500 r=  602.13 avg10=  371.57 steps=1426 succ10=0.60 touch10=0.60 col10=0.40 to10=0.00 min_d= 0.30 avg_spd=2.04m/s end=goal t= 2602.3s
[TRAIN][PPO] ep=153/500 r=  617.08 avg10=  372.37 steps=1483 succ10=0.60 touch10=0.60 col10=0.40 to10=0.00 min_d= 0.30 avg_spd=2.03m/s end=goal t= 2621.5s
[TRAIN][PPO] ep=154/500 r=  613.77 avg10=  372.45 steps=1467 succ10=0.60 touch10=0.60 col10=0.40 to10=0.00 min_d= 0.30 avg_spd=2.05m/s end=goal t= 2640.7s
[TRAIN][PPO] ep=155/500 r=  615.28 avg10=  372.20 steps=1467 succ10=0.60 touch10=0.60 col10=0.40 to10=0.00 min_d= 0.30 avg_spd=2.04m/s end=goal t= 2659.7s
[TRAIN][PPO] ep=156/500 r=  615.57 avg10=  373.46 steps=1482 succ10=0.60 touch10=0.60 col10=0.40 to10=0.00 min_d= 0.30 avg_spd=2.01m/s end=goal t= 2680.6s
[TRAIN][PPO] ep=157/500 r=  609.97 avg10=  436.70 steps=1453 succ10=0.70 touch10=0.70 col10=0.30 to10=0.00 min_d= 0.30 avg_spd=2.05m/s end=goal t= 2699.6s
[TRAIN][PPO] ep=158/500 r=  595.99 avg10=  490.00 steps=1415 succ10=0.80 touch10=0.80 col10=0.20 to10=0.00 min_d= 0.30 avg_spd=2.06m/s end=goal t= 2718.2s
[TRAIN][PPO] ep=159/500 r=  604.95 avg10=  554.73 steps=1438 succ10=0.90 touch10=0.90 col10=0.10 to10=0.00 min_d= 0.30 avg_spd=2.02m/s end=goal t= 2737.1s
[TRAIN][PPO] ep=160/500 r=  609.24 avg10=  554.27 steps=1453 succ10=0.90 touch10=0.90 col10=0.10 to10=0.00 min_d= 0.30 avg_spd=2.06m/s end=goal t= 2757.9s
[TRAIN][PPO] ep=161/500 r=  605.97 avg10=  608.99 steps=1439 succ10=1.00 touch10=1.00 col10=0.00 to10=0.00 min_d= 0.30 avg_spd=2.04m/s end=goal t= 2776.4s
[TRAIN][PPO] ep=162/500 r=  613.56 avg10=  610.14 steps=1465 succ10=1.00 touch10=1.00 col10=0.00 to10=0.00 min_d= 0.30 avg_spd=2.04m/s end=goal t= 2795.7s
[TRAIN][PPO] ep=163/500 r=  611.74 avg10=  609.60 steps=1472 succ10=1.00 touch10=1.00 col10=0.00 to10=0.00 min_d= 0.30 avg_spd=2.04m/s end=goal t= 2815.3s
[TRAIN][PPO] ep=164/500 r=  612.03 avg10=  609.43 steps=1456 succ10=1.00 touch10=1.00 col10=0.00 to10=0.00 min_d= 0.30 avg_spd=2.04m/s end=goal t= 2836.1s
[TRAIN][PPO] ep=165/500 r=   59.95 avg10=  553.90 steps= 342 succ10=0.90 touch10=0.90 col10=0.10 to10=0.00 min_d= 3.09 avg_spd=1.99m/s end=collision t= 2840.7s
[TRAIN][PPO] ep=166/500 r=  -41.60 avg10=  488.18 steps=  35 succ10=0.80 touch10=0.80 col10=0.20 to10=0.00 min_d= 3.84 avg_spd=1.63m/s end=collision t= 2841.2s
[TRAIN][PPO] ep=167/500 r=  619.95 avg10=  489.18 steps=1486 succ10=0.80 touch10=0.80 col10=0.20 to10=0.00 min_d= 0.30 avg_spd=2.02m/s end=goal t= 2860.9s
[TRAIN][PPO] ep=168/500 r=   68.40 avg10=  436.42 steps= 361 succ10=0.70 touch10=0.70 col10=0.30 to10=0.00 min_d= 3.07 avg_spd=1.99m/s end=collision t= 2866.3s
[TRAIN][PPO] ep=169/500 r=  620.94 avg10=  438.02 steps=1487 succ10=0.70 touch10=0.70 col10=0.30 to10=0.00 min_d= 0.30 avg_spd=2.03m/s end=goal t= 2885.7s
[TRAIN][PPO] ep=170/500 r=  -34.85 avg10=  373.61 steps=  63 succ10=0.60 touch10=0.60 col10=0.40 to10=0.00 min_d= 3.84 avg_spd=1.77m/s end=collision t= 2886.7s
[TRAIN][PPO] ep=171/500 r=  614.22 avg10=  374.43 steps=1467 succ10=0.60 touch10=0.60 col10=0.40 to10=0.00 min_d= 0.30 avg_spd=2.04m/s end=goal t= 2905.9s
[TRAIN][PPO] ep=172/500 r=  610.90 avg10=  374.17 steps=1451 succ10=0.60 touch10=0.60 col10=0.40 to10=0.00 min_d= 0.30 avg_spd=2.04m/s end=goal t= 2926.4s
[TRAIN][PPO] ep=173/500 r=  597.09 avg10=  372.70 steps=1419 succ10=0.60 touch10=0.60 col10=0.40 to10=0.00 min_d= 0.30 avg_spd=2.05m/s end=goal t= 2944.7s
[TRAIN][PPO] ep=174/500 r=  595.48 avg10=  371.05 steps=1419 succ10=0.60 touch10=0.60 col10=0.40 to10=0.00 min_d= 0.30 avg_spd=2.05m/s end=goal t= 2962.9s
[TRAIN][PPO] ep=175/500 r=  -24.14 avg10=  362.64 steps=  92 succ10=0.60 touch10=0.60 col10=0.40 to10=0.00 min_d= 3.85 avg_spd=1.85m/s end=collision t= 2964.1s
[TRAIN][PPO] ep=176/500 r=  605.71 avg10=  427.37 steps=1464 succ10=0.70 touch10=0.70 col10=0.30 to10=0.00 min_d= 0.30 avg_spd=2.05m/s end=goal t= 2985.7s
[TRAIN][PPO] ep=177/500 r=  613.59 avg10=  426.73 steps=1477 succ10=0.70 touch10=0.70 col10=0.30 to10=0.00 min_d= 0.30 avg_spd=2.06m/s end=goal t= 3004.6s
[TRAIN][PPO] ep=178/500 r=  597.65 avg10=  479.66 steps=1421 succ10=0.80 touch10=0.80 col10=0.20 to10=0.00 min_d= 0.30 avg_spd=2.06m/s end=goal t= 3022.8s
[TRAIN][PPO] ep=179/500 r=  609.37 avg10=  478.50 steps=1449 succ10=0.80 touch10=0.80 col10=0.20 to10=0.00 min_d= 0.30 avg_spd=2.04m/s end=goal t= 3041.5s
[TRAIN][PPO] ep=180/500 r=  614.88 avg10=  543.48 steps=1472 succ10=0.90 touch10=0.90 col10=0.10 to10=0.00 min_d= 0.30 avg_spd=2.02m/s end=goal t= 3063.0s
[TRAIN][PPO] ep=181/500 r=  -32.57 avg10=  478.80 steps=  85 succ10=0.80 touch10=0.80 col10=0.20 to10=0.00 min_d= 3.83 avg_spd=1.91m/s end=collision t= 3064.2s
[TRAIN][PPO] ep=182/500 r=  601.03 avg10=  477.81 steps=1447 succ10=0.80 touch10=0.80 col10=0.20 to10=0.00 min_d= 0.30 avg_spd=2.04m/s end=goal t= 3083.2s
[TRAIN][PPO] ep=183/500 r=  610.31 avg10=  479.13 steps=1453 succ10=0.80 touch10=0.80 col10=0.20 to10=0.00 min_d= 0.30 avg_spd=2.06m/s end=goal t= 3102.0s
[TRAIN][PPO] ep=184/500 r=  607.35 avg10=  480.32 steps=1445 succ10=0.80 touch10=0.80 col10=0.20 to10=0.00 min_d= 0.30 avg_spd=2.03m/s end=goal t= 3122.7s
[TRAIN][PPO] ep=185/500 r=  612.18 avg10=  543.95 steps=1466 succ10=0.90 touch10=0.90 col10=0.10 to10=0.00 min_d= 0.30 avg_spd=2.04m/s end=goal t= 3141.5s
[TRAIN][PPO] ep=186/500 r=  -38.14 avg10=  479.57 steps=  59 succ10=0.80 touch10=0.80 col10=0.20 to10=0.00 min_d= 3.82 avg_spd=1.92m/s end=collision t= 3142.3s
[TRAIN][PPO] ep=187/500 r=  611.39 avg10=  479.34 steps=1471 succ10=0.80 touch10=0.80 col10=0.20 to10=0.00 min_d= 0.30 avg_spd=2.03m/s end=goal t= 3161.5s
[TRAIN][PPO] ep=188/500 r=  602.22 avg10=  479.80 steps=1435 succ10=0.80 touch10=0.80 col10=0.20 to10=0.00 min_d= 0.30 avg_spd=2.06m/s end=goal t= 3181.8s
[TRAIN][PPO] ep=189/500 r=  -40.69 avg10=  414.80 steps=  46 succ10=0.70 touch10=0.70 col10=0.30 to10=0.00 min_d= 3.84 avg_spd=1.75m/s end=collision t= 3182.5s
[TRAIN][PPO] ep=190/500 r=  610.41 avg10=  414.35 steps=1472 succ10=0.70 touch10=0.70 col10=0.30 to10=0.00 min_d= 0.30 avg_spd=2.03m/s end=goal t= 3201.8s
[TRAIN][PPO] ep=191/500 r=  603.88 avg10=  477.99 steps=1443 succ10=0.80 touch10=0.80 col10=0.20 to10=0.00 min_d= 0.30 avg_spd=2.05m/s end=goal t= 3220.6s
[TRAIN][PPO] ep=192/500 r=  610.30 avg10=  478.92 steps=1459 succ10=0.80 touch10=0.80 col10=0.20 to10=0.00 min_d= 0.30 avg_spd=2.06m/s end=goal t= 3241.1s
[TRAIN][PPO] ep=193/500 r=  611.93 avg10=  479.08 steps=1475 succ10=0.80 touch10=0.80 col10=0.20 to10=0.00 min_d= 0.30 avg_spd=2.05m/s end=goal t= 3260.6s
[TRAIN][PPO] ep=194/500 r=  607.56 avg10=  479.10 steps=1446 succ10=0.80 touch10=0.80 col10=0.20 to10=0.00 min_d= 0.30 avg_spd=2.03m/s end=goal t= 3279.6s
[TRAIN][PPO] ep=195/500 r=  607.73 avg10=  478.66 steps=1449 succ10=0.80 touch10=0.80 col10=0.20 to10=0.00 min_d= 0.30 avg_spd=2.06m/s end=goal t= 3298.5s
[TRAIN][PPO] ep=196/500 r=  607.21 avg10=  543.19 steps=1454 succ10=0.90 touch10=0.90 col10=0.10 to10=0.00 min_d= 0.30 avg_spd=2.07m/s end=goal t= 3318.0s
[TRAIN][PPO] ep=197/500 r=  603.71 avg10=  542.43 steps=1454 succ10=0.90 touch10=0.90 col10=0.10 to10=0.00 min_d= 0.30 avg_spd=2.04m/s end=goal t= 3336.8s
[TRAIN][PPO] ep=198/500 r=  -25.99 avg10=  479.60 steps=  83 succ10=0.80 touch10=0.80 col10=0.20 to10=0.00 min_d= 3.85 avg_spd=1.79m/s end=collision t= 3338.0s
[TRAIN][PPO] ep=199/500 r=  -32.19 avg10=  480.45 steps=  71 succ10=0.80 touch10=0.80 col10=0.20 to10=0.00 min_d= 3.84 avg_spd=1.84m/s end=collision t= 3339.0s
[TRAIN][PPO] ep=200/500 r=  603.77 avg10=  479.79 steps=1450 succ10=0.80 touch10=0.80 col10=0.20 to10=0.00 min_d= 0.30 avg_spd=2.05m/s end=goal t= 3359.2s ckpt=latest
[TRAIN][PPO] ep=201/500 r=  604.06 avg10=  479.81 steps=1456 succ10=0.80 touch10=0.80 col10=0.20 to10=0.00 min_d= 0.30 avg_spd=2.08m/s end=goal t= 3378.2s
[TRAIN][PPO] ep=202/500 r=  602.73 avg10=  479.05 steps=1447 succ10=0.80 touch10=0.80 col10=0.20 to10=0.00 min_d= 0.30 avg_spd=2.05m/s end=goal t= 3396.9s
[TRAIN][PPO] ep=203/500 r=  598.73 avg10=  477.73 steps=1450 succ10=0.80 touch10=0.80 col10=0.20 to10=0.00 min_d= 0.30 avg_spd=2.05m/s end=goal t= 3415.7s
[TRAIN][PPO] ep=204/500 r=  605.01 avg10=  477.48 steps=1457 succ10=0.80 touch10=0.80 col10=0.20 to10=0.00 min_d= 0.30 avg_spd=2.04m/s end=goal t= 3436.5s
[TRAIN][PPO] ep=205/500 r=  -42.36 avg10=  412.47 steps=  28 succ10=0.70 touch10=0.70 col10=0.30 to10=0.00 min_d= 3.84 avg_spd=1.56m/s end=collision t= 3436.9s
[TRAIN][PPO] ep=206/500 r=  608.02 avg10=  412.55 steps=1478 succ10=0.70 touch10=0.70 col10=0.30 to10=0.00 min_d= 0.30 avg_spd=2.04m/s end=goal t= 3455.3s
[TRAIN][PPO] ep=207/500 r=  604.05 avg10=  412.58 steps=1447 succ10=0.70 touch10=0.70 col10=0.30 to10=0.00 min_d= 0.30 avg_spd=2.04m/s end=goal t= 3473.9s
[TRAIN][PPO] ep=208/500 r=  605.63 avg10=  475.75 steps=1448 succ10=0.80 touch10=0.80 col10=0.20 to10=0.00 min_d= 0.30 avg_spd=2.03m/s end=goal t= 3495.0s
[TRAIN][PPO] ep=209/500 r=  596.20 avg10=  538.58 steps=1413 succ10=0.90 touch10=0.90 col10=0.10 to10=0.00 min_d= 0.30 avg_spd=2.08m/s end=goal t= 3512.5s
[TRAIN][PPO] ep=210/500 r=   67.89 avg10=  485.00 steps= 375 succ10=0.80 touch10=0.80 col10=0.20 to10=0.00 min_d= 3.13 avg_spd=1.97m/s end=collision t= 3517.3s
[TRAIN][PPO] ep=211/500 r=  612.19 avg10=  485.81 steps=1477 succ10=0.80 touch10=0.80 col10=0.20 to10=0.00 min_d= 0.30 avg_spd=2.03m/s end=goal t= 3535.3s
[TRAIN][PPO] ep=212/500 r=  599.08 avg10=  485.44 steps=1424 succ10=0.80 touch10=0.80 col10=0.20 to10=0.00 min_d= 0.30 avg_spd=2.06m/s end=goal t= 3554.9s
[TRAIN][PPO] ep=213/500 r=  611.07 avg10=  486.68 steps=1484 succ10=0.80 touch10=0.80 col10=0.20 to10=0.00 min_d= 0.30 avg_spd=2.04m/s end=goal t= 3573.0s
[TRAIN][PPO] ep=214/500 r=  611.04 avg10=  487.28 steps=1462 succ10=0.80 touch10=0.80 col10=0.20 to10=0.00 min_d= 0.30 avg_spd=2.05m/s end=goal t= 3590.8s
[TRAIN][PPO] ep=215/500 r=  -25.18 avg10=  489.00 steps=  90 succ10=0.80 touch10=0.80 col10=0.20 to10=0.00 min_d= 3.85 avg_spd=1.75m/s end=collision t= 3592.0s
[TRAIN][PPO] ep=216/500 r=  607.01 avg10=  488.90 steps=1457 succ10=0.80 touch10=0.80 col10=0.20 to10=0.00 min_d= 0.30 avg_spd=2.05m/s end=goal t= 3611.6s
[TRAIN][PPO] ep=217/500 r=  616.70 avg10=  490.16 steps=1501 succ10=0.80 touch10=0.80 col10=0.20 to10=0.00 min_d= 0.30 avg_spd=2.04m/s end=goal t= 3630.7s
[TRAIN][PPO] ep=218/500 r=  593.75 avg10=  488.98 steps=1437 succ10=0.80 touch10=0.80 col10=0.20 to10=0.00 min_d= 0.30 avg_spd=2.05m/s end=goal t= 3648.6s
[TRAIN][PPO] ep=219/500 r=  614.22 avg10=  490.78 steps=1484 succ10=0.80 touch10=0.80 col10=0.20 to10=0.00 min_d= 0.30 avg_spd=2.06m/s end=goal t= 3667.2s
[TRAIN][PPO] ep=220/500 r=  604.09 avg10=  544.40 steps=1463 succ10=0.90 touch10=0.90 col10=0.10 to10=0.00 min_d= 0.30 avg_spd=2.05m/s end=goal t= 3688.0s
[TRAIN][PPO] ep=221/500 r=  601.45 avg10=  543.32 steps=1446 succ10=0.90 touch10=0.90 col10=0.10 to10=0.00 min_d= 0.30 avg_spd=2.06m/s end=goal t= 3706.1s
[TRAIN][PPO] ep=222/500 r=  595.82 avg10=  543.00 steps=1437 succ10=0.90 touch10=0.90 col10=0.10 to10=0.00 min_d= 0.30 avg_spd=2.07m/s end=goal t= 3724.2s
[TRAIN][PPO] ep=223/500 r=  613.10 avg10=  543.20 steps=1475 succ10=0.90 touch10=0.90 col10=0.10 to10=0.00 min_d= 0.30 avg_spd=2.07m/s end=goal t= 3743.2s
[TRAIN][PPO] ep=224/500 r=  606.31 avg10=  542.73 steps=1450 succ10=0.90 touch10=0.90 col10=0.10 to10=0.00 min_d= 0.30 avg_spd=2.06m/s end=goal t= 3763.4s
[TRAIN][PPO] ep=225/500 r=  -42.57 avg10=  540.99 steps=  36 succ10=0.90 touch10=0.90 col10=0.10 to10=0.00 min_d= 3.83 avg_spd=1.77m/s end=collision t= 3763.9s
[TRAIN][PPO] ep=226/500 r=  594.74 avg10=  539.76 steps=1425 succ10=0.90 touch10=0.90 col10=0.10 to10=0.00 min_d= 0.30 avg_spd=2.07m/s end=goal t= 3782.0s
[TRAIN][PPO] ep=227/500 r=  604.30 avg10=  538.52 steps=1444 succ10=0.90 touch10=0.90 col10=0.10 to10=0.00 min_d= 0.30 avg_spd=2.06m/s end=goal t= 3800.1s
[TRAIN][PPO] ep=228/500 r=  610.52 avg10=  540.20 steps=1474 succ10=0.90 touch10=0.90 col10=0.10 to10=0.00 min_d= 0.30 avg_spd=2.05m/s end=goal t= 3820.3s
[TRAIN][PPO] ep=229/500 r=  603.11 avg10=  539.09 steps=1436 succ10=0.90 touch10=0.90 col10=0.10 to10=0.00 min_d= 0.30 avg_spd=2.06m/s end=goal t= 3838.0s
[TRAIN][PPO] ep=230/500 r=  621.84 avg10=  540.86 steps=1503 succ10=0.90 touch10=0.90 col10=0.10 to10=0.00 min_d= 0.30 avg_spd=2.03m/s end=goal t= 3855.8s
[TRAIN][PPO] ep=231/500 r=  612.91 avg10=  542.01 steps=1463 succ10=0.90 touch10=0.90 col10=0.10 to10=0.00 min_d= 0.30 avg_spd=2.05m/s end=goal t= 3873.6s
[TRAIN][PPO] ep=232/500 r=   78.33 avg10=  490.26 steps= 389 succ10=0.80 touch10=0.80 col10=0.20 to10=0.00 min_d= 3.04 avg_spd=2.03m/s end=collision t= 3880.2s
[TRAIN][PPO] ep=233/500 r=  613.23 avg10=  490.27 steps=1456 succ10=0.80 touch10=0.80 col10=0.20 to10=0.00 min_d= 0.30 avg_spd=2.05m/s end=goal t= 3898.8s
[TRAIN][PPO] ep=234/500 r=  601.44 avg10=  489.79 steps=1426 succ10=0.80 touch10=0.80 col10=0.20 to10=0.00 min_d= 0.30 avg_spd=2.07m/s end=goal t= 3916.5s
[TRAIN][PPO] ep=235/500 r=  609.20 avg10=  554.96 steps=1444 succ10=0.90 touch10=0.90 col10=0.10 to10=0.00 min_d= 0.30 avg_spd=2.06m/s end=goal t= 3933.8s
[TRAIN][PPO] ep=236/500 r=  608.05 avg10=  556.29 steps=1446 succ10=0.90 touch10=0.90 col10=0.10 to10=0.00 min_d= 0.30 avg_spd=2.07m/s end=goal t= 3953.9s
[TRAIN][PPO] ep=237/500 r=  609.20 avg10=  556.78 steps=1438 succ10=0.90 touch10=0.90 col10=0.10 to10=0.00 min_d= 0.30 avg_spd=2.05m/s end=goal t= 3972.0s
[TRAIN][PPO] ep=238/500 r=  596.03 avg10=  555.34 steps=1411 succ10=0.90 touch10=0.90 col10=0.10 to10=0.00 min_d= 0.30 avg_spd=2.07m/s end=goal t= 3989.3s
[TRAIN][PPO] ep=239/500 r=  613.73 avg10=  556.40 steps=1461 succ10=0.90 touch10=0.90 col10=0.10 to10=0.00 min_d= 0.30 avg_spd=2.03m/s end=goal t= 4007.6s
[TRAIN][PPO] ep=240/500 r=   71.59 avg10=  501.37 steps= 368 succ10=0.80 touch10=0.80 col10=0.20 to10=0.00 min_d= 3.09 avg_spd=1.98m/s end=collision t= 4014.0s
[TRAIN][PPO] ep=241/500 r=  601.55 avg10=  500.24 steps=1424 succ10=0.80 touch10=0.80 col10=0.20 to10=0.00 min_d= 0.30 avg_spd=2.05m/s end=goal t= 4032.0s
[TRAIN][PPO] ep=242/500 r=  596.22 avg10=  552.03 steps=1406 succ10=0.90 touch10=0.90 col10=0.10 to10=0.00 min_d= 0.30 avg_spd=2.07m/s end=goal t= 4050.1s
[TRAIN][PPO] ep=243/500 r=  600.74 avg10=  550.78 steps=1423 succ10=0.90 touch10=0.90 col10=0.10 to10=0.00 min_d= 0.30 avg_spd=2.04m/s end=goal t= 4067.7s
[TRAIN][PPO] ep=244/500 r=  596.95 avg10=  550.33 steps=1414 succ10=0.90 touch10=0.90 col10=0.10 to10=0.00 min_d= 0.30 avg_spd=2.07m/s end=goal t= 4087.3s
[TRAIN][PPO] ep=245/500 r=   68.94 avg10=  496.30 steps= 358 succ10=0.80 touch10=0.80 col10=0.20 to10=0.00 min_d= 3.07 avg_spd=2.03m/s end=collision t= 4091.9s
[TRAIN][PPO] ep=246/500 r=  595.19 avg10=  495.01 steps=1435 succ10=0.80 touch10=0.80 col10=0.20 to10=0.00 min_d= 0.30 avg_spd=2.05m/s end=goal t= 4109.6s
[TRAIN][PPO] ep=247/500 r=  614.72 avg10=  495.57 steps=1487 succ10=0.80 touch10=0.80 col10=0.20 to10=0.00 min_d= 0.30 avg_spd=2.05m/s end=goal t= 4128.2s
[TRAIN][PPO] ep=248/500 r=  615.75 avg10=  497.54 steps=1484 succ10=0.80 touch10=0.80 col10=0.20 to10=0.00 min_d= 0.30 avg_spd=2.06m/s end=goal t= 4148.2s
[TRAIN][PPO] ep=249/500 r=  611.09 avg10=  497.28 steps=1458 succ10=0.80 touch10=0.80 col10=0.20 to10=0.00 min_d= 0.30 avg_spd=2.04m/s end=goal t= 4166.9s
[TRAIN][PPO] ep=250/500 r=  604.57 avg10=  550.57 steps=1448 succ10=0.90 touch10=0.90 col10=0.10 to10=0.00 min_d= 0.30 avg_spd=2.06m/s end=goal t= 4185.0s
[TRAIN][PPO] ep=251/500 r=   63.31 avg10=  496.75 steps= 353 succ10=0.80 touch10=0.80 col10=0.20 to10=0.00 min_d= 3.04 avg_spd=2.04m/s end=collision t= 4189.4s
[TRAIN][PPO] ep=252/500 r=   68.22 avg10=  443.95 steps= 355 succ10=0.70 touch10=0.70 col10=0.30 to10=0.00 min_d= 3.07 avg_spd=2.08m/s end=collision t= 4195.2s
[TRAIN][PPO] ep=253/500 r=  602.46 avg10=  444.12 steps=1451 succ10=0.70 touch10=0.70 col10=0.30 to10=0.00 min_d= 0.30 avg_spd=2.06m/s end=goal t= 4213.4s
[TRAIN][PPO] ep=254/500 r=  -29.81 avg10=  381.44 steps=  73 succ10=0.60 touch10=0.60 col10=0.40 to10=0.00 min_d= 3.85 avg_spd=1.85m/s end=collision t= 4214.4s
[TRAIN][PPO] ep=255/500 r=  617.36 avg10=  436.29 steps=1467 succ10=0.70 touch10=0.70 col10=0.30 to10=0.00 min_d= 0.30 avg_spd=2.05m/s end=goal t= 4233.1s
[TRAIN][PPO] ep=256/500 r=  601.33 avg10=  436.90 steps=1433 succ10=0.70 touch10=0.70 col10=0.30 to10=0.00 min_d= 0.30 avg_spd=2.05m/s end=goal t= 4253.1s
[TRAIN][PPO] ep=257/500 r=  605.10 avg10=  435.94 steps=1438 succ10=0.70 touch10=0.70 col10=0.30 to10=0.00 min_d= 0.30 avg_spd=2.05m/s end=goal t= 4271.4s
[TRAIN][PPO] ep=258/500 r=  604.28 avg10=  434.79 steps=1441 succ10=0.70 touch10=0.70 col10=0.30 to10=0.00 min_d= 0.30 avg_spd=2.05m/s end=goal t= 4289.5s
[TRAIN][PPO] ep=259/500 r=  611.78 avg10=  434.86 steps=1470 succ10=0.70 touch10=0.70 col10=0.30 to10=0.00 min_d= 0.30 avg_spd=2.06m/s end=goal t= 4307.9s
[TRAIN][PPO] ep=260/500 r=  610.16 avg10=  435.42 steps=1448 succ10=0.70 touch10=0.70 col10=0.30 to10=0.00 min_d= 0.30 avg_spd=2.05m/s end=goal t= 4327.7s
[TRAIN][PPO] ep=261/500 r=  597.28 avg10=  488.82 steps=1412 succ10=0.80 touch10=0.80 col10=0.20 to10=0.00 min_d= 0.30 avg_spd=2.06m/s end=goal t= 4345.2s
[TRAIN][PPO] ep=262/500 r=  598.14 avg10=  541.81 steps=1416 succ10=0.90 touch10=0.90 col10=0.10 to10=0.00 min_d= 0.30 avg_spd=2.06m/s end=goal t= 4362.8s
[TRAIN][PPO] ep=263/500 r=  599.56 avg10=  541.52 steps=1428 succ10=0.90 touch10=0.90 col10=0.10 to10=0.00 min_d= 0.30 avg_spd=2.06m/s end=goal t= 4381.1s
[TRAIN][PPO] ep=264/500 r=  613.60 avg10=  605.86 steps=1465 succ10=1.00 touch10=1.00 col10=0.00 to10=0.00 min_d= 0.30 avg_spd=2.04m/s end=goal t= 4401.8s
[TRAIN][PPO] ep=265/500 r=  600.78 avg10=  604.20 steps=1418 succ10=1.00 touch10=1.00 col10=0.00 to10=0.00 min_d= 0.30 avg_spd=2.06m/s end=goal t= 4420.3s
[TRAIN][PPO] ep=266/500 r=   74.83 avg10=  551.55 steps= 394 succ10=0.90 touch10=0.90 col10=0.10 to10=0.00 min_d= 3.05 avg_spd=1.98m/s end=collision t= 4425.5s
[TRAIN][PPO] ep=267/500 r=  614.97 avg10=  552.54 steps=1481 succ10=0.90 touch10=0.90 col10=0.10 to10=0.00 min_d= 0.30 avg_spd=2.04m/s end=goal t= 4444.4s
[TRAIN][PPO] ep=268/500 r=   74.20 avg10=  499.53 steps= 374 succ10=0.80 touch10=0.80 col10=0.20 to10=0.00 min_d= 3.05 avg_spd=2.02m/s end=collision t= 4451.2s
[TRAIN][PPO] ep=269/500 r=  605.63 avg10=  498.91 steps=1437 succ10=0.80 touch10=0.80 col10=0.20 to10=0.00 min_d= 0.30 avg_spd=2.05m/s end=goal t= 4469.7s
[TRAIN][PPO] ep=270/500 r=  611.53 avg10=  499.05 steps=1469 succ10=0.80 touch10=0.80 col10=0.20 to10=0.00 min_d= 0.30 avg_spd=2.07m/s end=goal t= 4488.7s
[TRAIN][PPO] ep=271/500 r=  612.04 avg10=  500.53 steps=1458 succ10=0.80 touch10=0.80 col10=0.20 to10=0.00 min_d= 0.30 avg_spd=2.05m/s end=goal t= 4507.4s
[TRAIN][PPO] ep=272/500 r=  608.00 avg10=  501.51 steps=1441 succ10=0.80 touch10=0.80 col10=0.20 to10=0.00 min_d= 0.30 avg_spd=2.06m/s end=goal t= 4528.1s
[TRAIN][PPO] ep=273/500 r=  607.95 avg10=  502.35 steps=1438 succ10=0.80 touch10=0.80 col10=0.20 to10=0.00 min_d= 0.30 avg_spd=2.04m/s end=goal t= 4546.7s
[TRAIN][PPO] ep=274/500 r=  600.79 avg10=  501.07 steps=1420 succ10=0.80 touch10=0.80 col10=0.20 to10=0.00 min_d= 0.30 avg_spd=2.07m/s end=goal t= 4565.0s
[TRAIN][PPO] ep=275/500 r=  -30.77 avg10=  437.92 steps=  82 succ10=0.70 touch10=0.70 col10=0.30 to10=0.00 min_d= 3.84 avg_spd=1.83m/s end=collision t= 4566.1s
[TRAIN][PPO] ep=276/500 r=  606.35 avg10=  491.07 steps=1434 succ10=0.80 touch10=0.80 col10=0.20 to10=0.00 min_d= 0.30 avg_spd=2.05m/s end=goal t= 4585.8s
[TRAIN][PPO] ep=277/500 r=  -36.28 avg10=  425.94 steps=  51 succ10=0.70 touch10=0.70 col10=0.30 to10=0.00 min_d= 3.85 avg_spd=1.74m/s end=collision t= 4586.5s
[TRAIN][PPO] ep=278/500 r=  606.73 avg10=  479.20 steps=1447 succ10=0.80 touch10=0.80 col10=0.20 to10=0.00 min_d= 0.30 avg_spd=2.06m/s end=goal t= 4605.2s
[TRAIN][PPO] ep=279/500 r=  609.20 avg10=  479.55 steps=1449 succ10=0.80 touch10=0.80 col10=0.20 to10=0.00 min_d= 0.30 avg_spd=2.05m/s end=goal t= 4624.0s
[TRAIN][PPO] ep=280/500 r=  610.89 avg10=  479.49 steps=1460 succ10=0.80 touch10=0.80 col10=0.20 to10=0.00 min_d= 0.30 avg_spd=2.07m/s end=goal t= 4644.0s
[TRAIN][PPO] ep=281/500 r=  596.88 avg10=  477.97 steps=1428 succ10=0.80 touch10=0.80 col10=0.20 to10=0.00 min_d= 0.30 avg_spd=2.06m/s end=goal t= 4662.5s
[TRAIN][PPO] ep=282/500 r=  605.27 avg10=  477.70 steps=1450 succ10=0.80 touch10=0.80 col10=0.20 to10=0.00 min_d= 0.30 avg_spd=2.05m/s end=goal t= 4680.9s
[TRAIN][PPO] ep=283/500 r=  613.02 avg10=  478.21 steps=1464 succ10=0.80 touch10=0.80 col10=0.20 to10=0.00 min_d= 0.30 avg_spd=2.05m/s end=goal t= 4699.8s
[TRAIN][PPO] ep=284/500 r=  602.33 avg10=  478.36 steps=1428 succ10=0.80 touch10=0.80 col10=0.20 to10=0.00 min_d= 0.30 avg_spd=2.06m/s end=goal t= 4719.8s
[TRAIN][PPO] ep=285/500 r=   64.27 avg10=  487.87 steps= 351 succ10=0.80 touch10=0.80 col10=0.20 to10=0.00 min_d= 3.04 avg_spd=2.01m/s end=collision t= 4724.5s
[TRAIN][PPO] ep=286/500 r=  612.66 avg10=  488.50 steps=1473 succ10=0.80 touch10=0.80 col10=0.20 to10=0.00 min_d= 0.30 avg_spd=2.05m/s end=goal t= 4743.3s
[TRAIN][PPO] ep=287/500 r=   74.91 avg10=  499.62 steps= 376 succ10=0.80 touch10=0.80 col10=0.20 to10=0.00 min_d= 3.03 avg_spd=2.03m/s end=collision t= 4748.1s
[TRAIN][PPO] ep=288/500 r=  596.63 avg10=  498.61 steps=1417 succ10=0.80 touch10=0.80 col10=0.20 to10=0.00 min_d= 0.30 avg_spd=2.06m/s end=goal t= 4767.3s
[TRAIN][PPO] ep=289/500 r=  598.80 avg10=  497.57 steps=1458 succ10=0.80 touch10=0.80 col10=0.20 to10=0.00 min_d= 0.30 avg_spd=2.04m/s end=goal t= 4785.7s
[TRAIN][PPO] ep=290/500 r=  615.90 avg10=  498.07 steps=1472 succ10=0.80 touch10=0.80 col10=0.20 to10=0.00 min_d= 0.30 avg_spd=2.05m/s end=goal t= 4804.1s
[TRAIN][PPO] ep=291/500 r=  -24.48 avg10=  435.93 steps= 106 succ10=0.70 touch10=0.70 col10=0.30 to10=0.00 min_d= 3.84 avg_spd=1.80m/s end=collision t= 4805.5s
[TRAIN][PPO] ep=292/500 r=  610.46 avg10=  436.45 steps=1464 succ10=0.70 touch10=0.70 col10=0.30 to10=0.00 min_d= 0.30 avg_spd=2.05m/s end=goal t= 4825.3s
[TRAIN][PPO] ep=293/500 r=  -35.18 avg10=  371.63 steps=  52 succ10=0.60 touch10=0.60 col10=0.40 to10=0.00 min_d= 3.84 avg_spd=1.75m/s end=collision t= 4826.0s
[TRAIN][PPO] ep=294/500 r=  602.29 avg10=  371.63 steps=1456 succ10=0.60 touch10=0.60 col10=0.40 to10=0.00 min_d= 0.30 avg_spd=2.04m/s end=goal t= 4844.6s
[TRAIN][PPO] ep=295/500 r=  -32.32 avg10=  361.97 steps=  85 succ10=0.60 touch10=0.60 col10=0.40 to10=0.00 min_d= 3.82 avg_spd=1.95m/s end=collision t= 4845.6s
[TRAIN][PPO] ep=296/500 r=  603.60 avg10=  361.06 steps=1427 succ10=0.60 touch10=0.60 col10=0.40 to10=0.00 min_d= 0.30 avg_spd=2.05m/s end=goal t= 4864.5s
[TRAIN][PPO] ep=297/500 r=  607.42 avg10=  414.31 steps=1448 succ10=0.70 touch10=0.70 col10=0.30 to10=0.00 min_d= 0.30 avg_spd=2.06m/s end=goal t= 4882.2s
[TRAIN][PPO] ep=298/500 r=  596.12 avg10=  414.26 steps=1421 succ10=0.70 touch10=0.70 col10=0.30 to10=0.00 min_d= 0.30 avg_spd=2.05m/s end=goal t= 4900.0s
[TRAIN][PPO] ep=299/500 r=  606.56 avg10=  415.04 steps=1443 succ10=0.70 touch10=0.70 col10=0.30 to10=0.00 min_d= 0.30 avg_spd=2.05m/s end=goal t= 4918.5s
[TRAIN][PPO] ep=300/500 r=  -28.16 avg10=  350.63 steps=  96 succ10=0.60 touch10=0.60 col10=0.40 to10=0.00 min_d= 3.83 avg_spd=1.95m/s end=collision t= 4921.4s ckpt=latest
[TRAIN][PPO] ep=301/500 r=  600.84 avg10=  413.16 steps=1425 succ10=0.70 touch10=0.70 col10=0.30 to10=0.00 min_d= 0.30 avg_spd=2.05m/s end=goal t= 4939.8s
[TRAIN][PPO] ep=302/500 r=  598.37 avg10=  411.95 steps=1429 succ10=0.70 touch10=0.70 col10=0.30 to10=0.00 min_d= 0.30 avg_spd=2.04m/s end=goal t= 4957.5s
[TRAIN][PPO] ep=303/500 r=  618.60 avg10=  477.33 steps=1496 succ10=0.80 touch10=0.80 col10=0.20 to10=0.00 min_d= 0.30 avg_spd=2.04m/s end=goal t= 4976.5s
[TRAIN][PPO] ep=304/500 r=  602.91 avg10=  477.39 steps=1466 succ10=0.80 touch10=0.80 col10=0.20 to10=0.00 min_d= 0.30 avg_spd=2.05m/s end=goal t= 4997.0s
[TRAIN][PPO] ep=305/500 r=  607.84 avg10=  541.41 steps=1464 succ10=0.90 touch10=0.90 col10=0.10 to10=0.00 min_d= 0.30 avg_spd=2.04m/s end=goal t= 5015.8s
[TRAIN][PPO] ep=306/500 r=  -30.90 avg10=  477.96 steps=  67 succ10=0.80 touch10=0.80 col10=0.20 to10=0.00 min_d= 3.83 avg_spd=1.82m/s end=collision t= 5016.7s
[TRAIN][PPO] ep=307/500 r=  611.41 avg10=  478.36 steps=1461 succ10=0.80 touch10=0.80 col10=0.20 to10=0.00 min_d= 0.30 avg_spd=2.04m/s end=goal t= 5034.8s
[TRAIN][PPO] ep=308/500 r=  606.82 avg10=  479.43 steps=1455 succ10=0.80 touch10=0.80 col10=0.20 to10=0.00 min_d= 0.30 avg_spd=2.05m/s end=goal t= 5055.1s
[TRAIN][PPO] ep=309/500 r=  603.99 avg10=  479.17 steps=1426 succ10=0.80 touch10=0.80 col10=0.20 to10=0.00 min_d= 0.30 avg_spd=2.07m/s end=goal t= 5073.5s
[TRAIN][PPO] ep=310/500 r=  -25.20 avg10=  479.47 steps= 127 succ10=0.80 touch10=0.80 col10=0.20 to10=0.00 min_d= 3.82 avg_spd=1.99m/s end=collision t= 5075.1s
[TRAIN][PPO] ep=311/500 r=   76.11 avg10=  426.99 steps= 405 succ10=0.70 touch10=0.70 col10=0.30 to10=0.00 min_d= 3.05 avg_spd=1.99m/s end=collision t= 5080.4s
[TRAIN][PPO] ep=312/500 r=  616.51 avg10=  428.81 steps=1465 succ10=0.70 touch10=0.70 col10=0.30 to10=0.00 min_d= 0.30 avg_spd=2.05m/s end=goal t= 5100.4s
[TRAIN][PPO] ep=313/500 r=  -38.23 avg10=  363.13 steps=  52 succ10=0.60 touch10=0.60 col10=0.40 to10=0.00 min_d= 3.83 avg_spd=1.86m/s end=collision t= 5101.2s
[TRAIN][PPO] ep=314/500 r=  611.78 avg10=  364.01 steps=1456 succ10=0.60 touch10=0.60 col10=0.40 to10=0.00 min_d= 0.30 avg_spd=2.05m/s end=goal t= 5120.2s
[TRAIN][PPO] ep=315/500 r=  606.65 avg10=  363.89 steps=1439 succ10=0.60 touch10=0.60 col10=0.40 to10=0.00 min_d= 0.30 avg_spd=2.03m/s end=goal t= 5138.6s
[TRAIN][PPO] ep=316/500 r=  621.50 avg10=  429.13 steps=1484 succ10=0.70 touch10=0.70 col10=0.30 to10=0.00 min_d= 0.30 avg_spd=2.04m/s end=goal t= 5159.5s
[TRAIN][PPO] ep=317/500 r=  -36.17 avg10=  364.37 steps=  52 succ10=0.60 touch10=0.60 col10=0.40 to10=0.00 min_d= 3.84 avg_spd=1.70m/s end=collision t= 5160.3s
[TRAIN][PPO] ep=318/500 r=  619.70 avg10=  365.66 steps=1473 succ10=0.60 touch10=0.60 col10=0.40 to10=0.00 min_d= 0.30 avg_spd=2.04m/s end=goal t= 5179.2s
[TRAIN][PPO] ep=319/500 r=  612.36 avg10=  366.50 steps=1461 succ10=0.60 touch10=0.60 col10=0.40 to10=0.00 min_d= 0.30 avg_spd=2.03m/s end=goal t= 5197.9s
[TRAIN][PPO] ep=320/500 r=  591.95 avg10=  428.21 steps=1408 succ10=0.70 touch10=0.70 col10=0.30 to10=0.00 min_d= 0.30 avg_spd=2.07m/s end=goal t= 5217.9s
[TRAIN][PPO] ep=321/500 r=  -41.28 avg10=  416.48 steps=  40 succ10=0.70 touch10=0.70 col10=0.30 to10=0.00 min_d= 3.83 avg_spd=1.98m/s end=collision t= 5218.5s
[TRAIN][PPO] ep=322/500 r=  609.06 avg10=  415.73 steps=1460 succ10=0.70 touch10=0.70 col10=0.30 to10=0.00 min_d= 0.30 avg_spd=2.04m/s end=goal t= 5237.3s
[TRAIN][PPO] ep=323/500 r=  602.23 avg10=  479.78 steps=1467 succ10=0.80 touch10=0.80 col10=0.20 to10=0.00 min_d= 0.30 avg_spd=2.06m/s end=goal t= 5256.3s
[TRAIN][PPO] ep=324/500 r=  611.48 avg10=  479.75 steps=1464 succ10=0.80 touch10=0.80 col10=0.20 to10=0.00 min_d= 0.30 avg_spd=2.04m/s end=goal t= 5276.4s
[TRAIN][PPO] ep=325/500 r=  612.36 avg10=  480.32 steps=1457 succ10=0.80 touch10=0.80 col10=0.20 to10=0.00 min_d= 0.30 avg_spd=2.05m/s end=goal t= 5295.3s
[TRAIN][PPO] ep=326/500 r=  615.70 avg10=  479.74 steps=1476 succ10=0.80 touch10=0.80 col10=0.20 to10=0.00 min_d= 0.30 avg_spd=2.04m/s end=goal t= 5314.2s
[TRAIN][PPO] ep=327/500 r=  618.56 avg10=  545.21 steps=1478 succ10=0.90 touch10=0.90 col10=0.10 to10=0.00 min_d= 0.30 avg_spd=2.05m/s end=goal t= 5332.9s
[TRAIN][PPO] ep=328/500 r=  609.26 avg10=  544.17 steps=1454 succ10=0.90 touch10=0.90 col10=0.10 to10=0.00 min_d= 0.30 avg_spd=2.05m/s end=goal t= 5353.7s
[TRAIN][PPO] ep=329/500 r=  615.30 avg10=  544.46 steps=1499 succ10=0.90 touch10=0.90 col10=0.10 to10=0.00 min_d= 0.30 avg_spd=2.04m/s end=goal t= 5372.6s
[TRAIN][PPO] ep=330/500 r=  600.48 avg10=  545.31 steps=1421 succ10=0.90 touch10=0.90 col10=0.10 to10=0.00 min_d= 0.30 avg_spd=2.06m/s end=goal t= 5390.6s
[TRAIN][PPO] ep=331/500 r=  607.65 avg10=  610.21 steps=1471 succ10=1.00 touch10=1.00 col10=0.00 to10=0.00 min_d= 0.30 avg_spd=2.05m/s end=goal t= 5409.2s
[TRAIN][PPO] ep=332/500 r=  611.86 avg10=  610.49 steps=1453 succ10=1.00 touch10=1.00 col10=0.00 to10=0.00 min_d= 0.30 avg_spd=2.05m/s end=goal t= 5429.2s
[TRAIN][PPO] ep=333/500 r=  600.81 avg10=  610.34 steps=1446 succ10=1.00 touch10=1.00 col10=0.00 to10=0.00 min_d= 0.30 avg_spd=2.05m/s end=goal t= 5447.1s
[TRAIN][PPO] ep=334/500 r=  599.22 avg10=  609.12 steps=1424 succ10=1.00 touch10=1.00 col10=0.00 to10=0.00 min_d= 0.30 avg_spd=2.07m/s end=goal t= 5464.7s
[TRAIN][PPO] ep=335/500 r=  611.06 avg10=  608.99 steps=1446 succ10=1.00 touch10=1.00 col10=0.00 to10=0.00 min_d= 0.30 avg_spd=2.07m/s end=goal t= 5482.8s
[TRAIN][PPO] ep=336/500 r=  612.20 avg10=  608.64 steps=1471 succ10=1.00 touch10=1.00 col10=0.00 to10=0.00 min_d= 0.30 avg_spd=2.07m/s end=goal t= 5503.0s
[TRAIN][PPO] ep=337/500 r=  606.82 avg10=  607.47 steps=1453 succ10=1.00 touch10=1.00 col10=0.00 to10=0.00 min_d= 0.30 avg_spd=2.06m/s end=goal t= 5521.9s
[TRAIN][PPO] ep=338/500 r=  -25.13 avg10=  544.03 steps=  85 succ10=0.90 touch10=0.90 col10=0.10 to10=0.00 min_d= 3.84 avg_spd=1.99m/s end=collision t= 5523.1s
[TRAIN][PPO] ep=339/500 r=  609.99 avg10=  543.50 steps=1445 succ10=0.90 touch10=0.90 col10=0.10 to10=0.00 min_d= 0.30 avg_spd=2.05m/s end=goal t= 5541.4s
[TRAIN][PPO] ep=340/500 r=  606.08 avg10=  544.06 steps=1436 succ10=0.90 touch10=0.90 col10=0.10 to10=0.00 min_d= 0.30 avg_spd=2.06m/s end=goal t= 5561.3s
[TRAIN][PPO] ep=341/500 r=  -39.34 avg10=  479.36 steps=  55 succ10=0.80 touch10=0.80 col10=0.20 to10=0.00 min_d= 3.82 avg_spd=2.11m/s end=collision t= 5562.1s
[TRAIN][PPO] ep=342/500 r=   62.94 avg10=  424.47 steps= 351 succ10=0.70 touch10=0.70 col10=0.30 to10=0.00 min_d= 3.05 avg_spd=2.03m/s end=collision t= 5566.7s
[TRAIN][PPO] ep=343/500 r=  -43.85 avg10=  360.00 steps=  22 succ10=0.60 touch10=0.60 col10=0.40 to10=0.00 min_d= 3.85 avg_spd=1.87m/s end=collision t= 5567.0s
[TRAIN][PPO] ep=344/500 r=  616.03 avg10=  361.68 steps=1483 succ10=0.60 touch10=0.60 col10=0.40 to10=0.00 min_d= 0.30 avg_spd=2.05m/s end=goal t= 5586.4s
[TRAIN][PPO] ep=345/500 r=  -24.84 avg10=  298.09 steps=  98 succ10=0.50 touch10=0.50 col10=0.50 to10=0.00 min_d= 3.84 avg_spd=1.92m/s end=collision t= 5587.8s
[TRAIN][PPO] ep=346/500 r=  -37.51 avg10=  233.12 steps=  55 succ10=0.40 touch10=0.40 col10=0.60 to10=0.00 min_d= 3.83 avg_spd=1.89m/s end=collision t= 5588.6s
[TRAIN][PPO] ep=347/500 r=  603.55 avg10=  232.79 steps=1451 succ10=0.40 touch10=0.40 col10=0.60 to10=0.00 min_d= 0.30 avg_spd=2.05m/s end=goal t= 5607.2s
[TRAIN][PPO] ep=348/500 r=  594.22 avg10=  294.73 steps=1441 succ10=0.50 touch10=0.50 col10=0.50 to10=0.00 min_d= 0.30 avg_spd=2.05m/s end=goal t= 5627.0s
[TRAIN][PPO] ep=349/500 r=  610.24 avg10=  294.75 steps=1454 succ10=0.50 touch10=0.50 col10=0.50 to10=0.00 min_d= 0.30 avg_spd=2.06m/s end=goal t= 5646.4s
[TRAIN][PPO] ep=350/500 r=  612.28 avg10=  295.37 steps=1465 succ10=0.50 touch10=0.50 col10=0.50 to10=0.00 min_d= 0.30 avg_spd=2.06m/s end=goal t= 5665.4s
[TRAIN][PPO] ep=351/500 r=  616.35 avg10=  360.94 steps=1469 succ10=0.60 touch10=0.60 col10=0.40 to10=0.00 min_d= 0.30 avg_spd=2.06m/s end=goal t= 5685.0s
[TRAIN][PPO] ep=352/500 r=  606.58 avg10=  415.31 steps=1440 succ10=0.70 touch10=0.70 col10=0.30 to10=0.00 min_d= 0.30 avg_spd=2.05m/s end=goal t= 5706.5s
[TRAIN][PPO] ep=353/500 r=  -33.77 avg10=  416.31 steps=  77 succ10=0.70 touch10=0.70 col10=0.30 to10=0.00 min_d= 3.82 avg_spd=2.03m/s end=collision t= 5707.6s
[TRAIN][PPO] ep=354/500 r=   78.33 avg10=  362.54 steps= 387 succ10=0.60 touch10=0.60 col10=0.40 to10=0.00 min_d= 3.08 avg_spd=1.99m/s end=collision t= 5712.8s
[TRAIN][PPO] ep=355/500 r=  606.53 avg10=  425.68 steps=1434 succ10=0.70 touch10=0.70 col10=0.30 to10=0.00 min_d= 0.30 avg_spd=2.05m/s end=goal t= 5731.1s
[TRAIN][PPO] ep=356/500 r=  -40.53 avg10=  425.38 steps=  41 succ10=0.70 touch10=0.70 col10=0.30 to10=0.00 min_d= 3.84 avg_spd=1.90m/s end=collision t= 5732.3s
[TRAIN][PPO] ep=357/500 r=  598.00 avg10=  424.82 steps=1435 succ10=0.70 touch10=0.70 col10=0.30 to10=0.00 min_d= 0.30 avg_spd=2.04m/s end=goal t= 5750.1s
[TRAIN][PPO] ep=358/500 r=  599.34 avg10=  425.34 steps=1417 succ10=0.70 touch10=0.70 col10=0.30 to10=0.00 min_d= 0.30 avg_spd=2.06m/s end=goal t= 5768.4s
[TRAIN][PPO] ep=359/500 r=  602.94 avg10=  424.61 steps=1460 succ10=0.70 touch10=0.70 col10=0.30 to10=0.00 min_d= 0.30 avg_spd=2.06m/s end=goal t= 5787.7s
[TRAIN][PPO] ep=360/500 r=  611.87 avg10=  424.56 steps=1464 succ10=0.70 touch10=0.70 col10=0.30 to10=0.00 min_d= 0.30 avg_spd=2.05m/s end=goal t= 5808.2s
[TRAIN][PPO] ep=361/500 r=  615.70 avg10=  424.50 steps=1463 succ10=0.70 touch10=0.70 col10=0.30 to10=0.00 min_d= 0.30 avg_spd=2.05m/s end=goal t= 5826.4s
[TRAIN][PPO] ep=362/500 r=  -27.14 avg10=  361.13 steps=  90 succ10=0.60 touch10=0.60 col10=0.40 to10=0.00 min_d= 3.83 avg_spd=1.96m/s end=collision t= 5827.7s
[TRAIN][PPO] ep=363/500 r=  599.67 avg10=  424.47 steps=1453 succ10=0.70 touch10=0.70 col10=0.30 to10=0.00 min_d= 0.30 avg_spd=2.04m/s end=goal t= 5847.3s
[TRAIN][PPO] ep=364/500 r=  613.15 avg10=  477.95 steps=1470 succ10=0.80 touch10=0.80 col10=0.20 to10=0.00 min_d= 0.30 avg_spd=2.04m/s end=goal t= 5868.2s
[TRAIN][PPO] ep=365/500 r=  603.48 avg10=  477.65 steps=1428 succ10=0.80 touch10=0.80 col10=0.20 to10=0.00 min_d= 0.30 avg_spd=2.06m/s end=goal t= 5887.1s
[TRAIN][PPO] ep=366/500 r=  596.87 avg10=  541.39 steps=1413 succ10=0.90 touch10=0.90 col10=0.10 to10=0.00 min_d= 0.30 avg_spd=2.06m/s end=goal t= 5905.8s
[TRAIN][PPO] ep=367/500 r=  -38.19 avg10=  477.77 steps=  38 succ10=0.80 touch10=0.80 col10=0.20 to10=0.00 min_d= 3.84 avg_spd=1.87m/s end=collision t= 5906.3s
[TRAIN][PPO] ep=368/500 r=  592.66 avg10=  477.10 steps=1417 succ10=0.80 touch10=0.80 col10=0.20 to10=0.00 min_d= 0.30 avg_spd=2.08m/s end=goal t= 5926.2s
[TRAIN][PPO] ep=369/500 r=  606.97 avg10=  477.50 steps=1465 succ10=0.80 touch10=0.80 col10=0.20 to10=0.00 min_d= 0.30 avg_spd=2.04m/s end=goal t= 5945.5s
[TRAIN][PPO] ep=370/500 r=  606.57 avg10=  476.97 steps=1440 succ10=0.80 touch10=0.80 col10=0.20 to10=0.00 min_d= 0.30 avg_spd=2.07m/s end=goal t= 5964.2s
[TRAIN][PPO] ep=371/500 r=  606.84 avg10=  476.09 steps=1439 succ10=0.80 touch10=0.80 col10=0.20 to10=0.00 min_d= 0.30 avg_spd=2.06m/s end=goal t= 5983.1s
[TRAIN][PPO] ep=372/500 r=  617.40 avg10=  540.54 steps=1480 succ10=0.90 touch10=0.90 col10=0.10 to10=0.00 min_d= 0.30 avg_spd=2.05m/s end=goal t= 6004.2s
[TRAIN][PPO] ep=373/500 r=  -24.08 avg10=  478.17 steps= 133 succ10=0.80 touch10=0.80 col10=0.20 to10=0.00 min_d= 3.82 avg_spd=1.99m/s end=collision t= 6006.0s
[TRAIN][PPO] ep=374/500 r=  596.73 avg10=  476.52 steps=1416 succ10=0.80 touch10=0.80 col10=0.20 to10=0.00 min_d= 0.30 avg_spd=2.05m/s end=goal t= 6024.5s
[TRAIN][PPO] ep=375/500 r=  596.30 avg10=  475.81 steps=1412 succ10=0.80 touch10=0.80 col10=0.20 to10=0.00 min_d= 0.30 avg_spd=2.06m/s end=goal t= 6042.6s
[TRAIN][PPO] ep=376/500 r=  605.01 avg10=  476.62 steps=1442 succ10=0.80 touch10=0.80 col10=0.20 to10=0.00 min_d= 0.30 avg_spd=2.05m/s end=goal t= 6063.2s
[TRAIN][PPO] ep=377/500 r=  612.12 avg10=  541.65 steps=1452 succ10=0.90 touch10=0.90 col10=0.10 to10=0.00 min_d= 0.30 avg_spd=2.05m/s end=goal t= 6082.3s
[TRAIN][PPO] ep=378/500 r=  607.13 avg10=  543.10 steps=1468 succ10=0.90 touch10=0.90 col10=0.10 to10=0.00 min_d= 0.30 avg_spd=2.02m/s end=goal t= 6101.4s
[TRAIN][PPO] ep=379/500 r=  602.34 avg10=  542.64 steps=1439 succ10=0.90 touch10=0.90 col10=0.10 to10=0.00 min_d= 0.30 avg_spd=2.06m/s end=goal t= 6120.0s
[TRAIN][PPO] ep=380/500 r=  615.05 avg10=  543.48 steps=1460 succ10=0.90 touch10=0.90 col10=0.10 to10=0.00 min_d= 0.30 avg_spd=2.06m/s end=goal t= 6141.5s
[TRAIN][PPO] ep=381/500 r=   66.90 avg10=  489.49 steps= 360 succ10=0.80 touch10=0.80 col10=0.20 to10=0.00 min_d= 3.05 avg_spd=2.03m/s end=collision t= 6146.2s
[TRAIN][PPO] ep=382/500 r=  605.07 avg10=  488.26 steps=1435 succ10=0.80 touch10=0.80 col10=0.20 to10=0.00 min_d= 0.30 avg_spd=2.05m/s end=goal t= 6164.4s
[TRAIN][PPO] ep=383/500 r=  610.03 avg10=  551.67 steps=1475 succ10=0.90 touch10=0.90 col10=0.10 to10=0.00 min_d= 0.30 avg_spd=2.07m/s end=goal t= 6182.3s
[TRAIN][PPO] ep=384/500 r=  -41.75 avg10=  487.82 steps=  31 succ10=0.80 touch10=0.80 col10=0.20 to10=0.00 min_d= 3.84 avg_spd=1.83m/s end=collision t= 6184.1s
[TRAIN][PPO] ep=385/500 r=  607.71 avg10=  488.96 steps=1461 succ10=0.80 touch10=0.80 col10=0.20 to10=0.00 min_d= 0.30 avg_spd=2.05m/s end=goal t= 6203.4s
[TRAIN][PPO] ep=386/500 r=  608.72 avg10=  489.33 steps=1443 succ10=0.80 touch10=0.80 col10=0.20 to10=0.00 min_d= 0.30 avg_spd=2.05m/s end=goal t= 6221.9s
[TRAIN][PPO] ep=387/500 r=  617.13 avg10=  489.83 steps=1478 succ10=0.80 touch10=0.80 col10=0.20 to10=0.00 min_d= 0.30 avg_spd=2.05m/s end=goal t= 6241.7s
[TRAIN][PPO] ep=388/500 r=  613.02 avg10=  490.42 steps=1471 succ10=0.80 touch10=0.80 col10=0.20 to10=0.00 min_d= 0.30 avg_spd=2.06m/s end=goal t= 6263.4s
[TRAIN][PPO] ep=389/500 r=  -35.99 avg10=  426.59 steps=  59 succ10=0.70 touch10=0.70 col10=0.30 to10=0.00 min_d= 3.83 avg_spd=1.82m/s end=collision t= 6264.2s
[TRAIN][PPO] ep=390/500 r=  619.08 avg10=  426.99 steps=1497 succ10=0.70 touch10=0.70 col10=0.30 to10=0.00 min_d= 0.30 avg_spd=2.02m/s end=goal t= 6283.6s
[TRAIN][PPO] ep=391/500 r=  617.17 avg10=  482.02 steps=1484 succ10=0.80 touch10=0.80 col10=0.20 to10=0.00 min_d= 0.30 avg_spd=2.06m/s end=goal t= 6302.8s
[TRAIN][PPO] ep=392/500 r=  613.22 avg10=  482.83 steps=1456 succ10=0.80 touch10=0.80 col10=0.20 to10=0.00 min_d= 0.30 avg_spd=2.05m/s end=goal t= 6323.4s
[TRAIN][PPO] ep=393/500 r=  597.43 avg10=  481.57 steps=1417 succ10=0.80 touch10=0.80 col10=0.20 to10=0.00 min_d= 0.30 avg_spd=2.06m/s end=goal t= 6342.4s
[TRAIN][PPO] ep=394/500 r=  615.83 avg10=  547.33 steps=1483 succ10=0.90 touch10=0.90 col10=0.10 to10=0.00 min_d= 0.30 avg_spd=2.04m/s end=goal t= 6362.1s
[TRAIN][PPO] ep=395/500 r=   74.22 avg10=  493.98 steps= 393 succ10=0.80 touch10=0.80 col10=0.20 to10=0.00 min_d= 3.08 avg_spd=1.98m/s end=collision t= 6367.3s
[TRAIN][PPO] ep=396/500 r=  613.20 avg10=  494.43 steps=1478 succ10=0.80 touch10=0.80 col10=0.20 to10=0.00 min_d= 0.30 avg_spd=2.04m/s end=goal t= 6388.3s
[TRAIN][PPO] ep=397/500 r=  303.16 avg10=  463.03 steps=1020 succ10=0.70 touch10=0.70 col10=0.30 to10=0.00 min_d= 1.45 avg_spd=2.04m/s end=collision t= 6401.5s
[TRAIN][PPO] ep=398/500 r=  608.45 avg10=  462.58 steps=1451 succ10=0.70 touch10=0.70 col10=0.30 to10=0.00 min_d= 0.30 avg_spd=2.03m/s end=goal t= 6420.6s
[TRAIN][PPO] ep=399/500 r=  622.45 avg10=  528.42 steps=1515 succ10=0.80 touch10=0.80 col10=0.20 to10=0.00 min_d= 0.30 avg_spd=2.02m/s end=goal t= 6440.3s
[TRAIN][PPO] ep=400/500 r=  606.03 avg10=  527.12 steps=1481 succ10=0.80 touch10=0.80 col10=0.20 to10=0.00 min_d= 0.30 avg_spd=2.03m/s end=goal t= 6461.3s ckpt=latest
[TRAIN][PPO] ep=401/500 r=  609.72 avg10=  526.37 steps=1450 succ10=0.80 touch10=0.80 col10=0.20 to10=0.00 min_d= 0.30 avg_spd=2.04m/s end=goal t= 6480.0s
[TRAIN][PPO] ep=402/500 r=   64.43 avg10=  471.49 steps= 341 succ10=0.70 touch10=0.70 col10=0.30 to10=0.00 min_d= 3.15 avg_spd=2.01m/s end=collision t= 6484.4s
[TRAIN][PPO] ep=403/500 r=  604.75 avg10=  472.22 steps=1436 succ10=0.70 touch10=0.70 col10=0.30 to10=0.00 min_d= 0.30 avg_spd=2.02m/s end=goal t= 6502.1s
[TRAIN][PPO] ep=404/500 r=  -21.25 avg10=  408.52 steps= 141 succ10=0.60 touch10=0.60 col10=0.40 to10=0.00 min_d= 3.81 avg_spd=1.92m/s end=collision t= 6505.1s
[TRAIN][PPO] ep=405/500 r=  307.16 avg10=  431.81 steps=1071 succ10=0.60 touch10=0.60 col10=0.40 to10=0.00 min_d= 1.36 avg_spd=2.00m/s end=collision t= 6519.3s
[TRAIN][PPO] ep=406/500 r=  596.83 avg10=  430.17 steps=1415 succ10=0.60 touch10=0.60 col10=0.40 to10=0.00 min_d= 0.30 avg_spd=2.06m/s end=goal t= 6537.9s
[TRAIN][PPO] ep=407/500 r=  610.05 avg10=  460.86 steps=1470 succ10=0.70 touch10=0.70 col10=0.30 to10=0.00 min_d= 0.30 avg_spd=2.04m/s end=goal t= 6557.4s
[TRAIN][PPO] ep=408/500 r=  613.62 avg10=  461.38 steps=1469 succ10=0.70 touch10=0.70 col10=0.30 to10=0.00 min_d= 0.30 avg_spd=2.03m/s end=goal t= 6578.5s
[TRAIN][PPO] ep=409/500 r=  602.78 avg10=  459.41 steps=1435 succ10=0.70 touch10=0.70 col10=0.30 to10=0.00 min_d= 0.30 avg_spd=2.03m/s end=goal t= 6597.6s
[TRAIN][PPO] ep=410/500 r=  615.13 avg10=  460.32 steps=1479 succ10=0.70 touch10=0.70 col10=0.30 to10=0.00 min_d= 0.30 avg_spd=2.05m/s end=goal t= 6617.0s
[TRAIN][PPO] ep=411/500 r=  -42.96 avg10=  395.05 steps=  27 succ10=0.60 touch10=0.60 col10=0.40 to10=0.00 min_d= 3.84 avg_spd=1.63m/s end=collision t= 6617.4s
[TRAIN][PPO] ep=412/500 r=  600.01 avg10=  448.61 steps=1420 succ10=0.70 touch10=0.70 col10=0.30 to10=0.00 min_d= 0.30 avg_spd=2.06m/s end=goal t= 6638.7s
[TRAIN][PPO] ep=413/500 r=  619.40 avg10=  450.08 steps=1568 succ10=0.70 touch10=0.70 col10=0.30 to10=0.00 min_d= 0.30 avg_spd=2.05m/s end=goal t= 6659.6s
[TRAIN][PPO] ep=414/500 r=  615.03 avg10=  513.70 steps=1480 succ10=0.80 touch10=0.80 col10=0.20 to10=0.00 min_d= 0.30 avg_spd=2.05m/s end=goal t= 6679.3s
[TRAIN][PPO] ep=415/500 r=  287.75 avg10=  511.76 steps= 989 succ10=0.80 touch10=0.80 col10=0.20 to10=0.00 min_d= 1.45 avg_spd=2.05m/s end=collision t= 6692.3s
[TRAIN][PPO] ep=416/500 r=  608.80 avg10=  512.96 steps=1448 succ10=0.80 touch10=0.80 col10=0.20 to10=0.00 min_d= 0.30 avg_spd=2.05m/s end=goal t= 6713.3s
[TRAIN][PPO] ep=417/500 r=  601.81 avg10=  512.14 steps=1436 succ10=0.80 touch10=0.80 col10=0.20 to10=0.00 min_d= 0.30 avg_spd=2.04m/s end=goal t= 6732.4s
[TRAIN][PPO] ep=418/500 r=  617.18 avg10=  512.49 steps=1492 succ10=0.80 touch10=0.80 col10=0.20 to10=0.00 min_d= 0.30 avg_spd=2.03m/s end=goal t= 6752.1s
[TRAIN][PPO] ep=419/500 r=  617.34 avg10=  513.95 steps=1477 succ10=0.80 touch10=0.80 col10=0.20 to10=0.00 min_d= 0.30 avg_spd=2.03m/s end=goal t= 6771.6s
[TRAIN][PPO] ep=420/500 r=  620.17 avg10=  514.45 steps=1502 succ10=0.80 touch10=0.80 col10=0.20 to10=0.00 min_d= 0.30 avg_spd=2.04m/s end=goal t= 6793.1s
[TRAIN][PPO] ep=421/500 r=  602.89 avg10=  579.04 steps=1440 succ10=0.90 touch10=0.90 col10=0.10 to10=0.00 min_d= 0.30 avg_spd=2.07m/s end=goal t= 6811.4s
[TRAIN][PPO] ep=422/500 r=  590.13 avg10=  578.05 steps=1535 succ10=0.90 touch10=0.90 col10=0.10 to10=0.00 min_d= 0.30 avg_spd=2.05m/s end=goal t= 6831.1s
[TRAIN][PPO] ep=423/500 r=  600.48 avg10=  576.16 steps=1440 succ10=0.90 touch10=0.90 col10=0.10 to10=0.00 min_d= 0.30 avg_spd=2.04m/s end=goal t= 6849.7s
[TRAIN][PPO] ep=424/500 r=   64.58 avg10=  521.11 steps= 347 succ10=0.80 touch10=0.80 col10=0.20 to10=0.00 min_d= 3.13 avg_spd=2.05m/s end=collision t= 6856.5s
[TRAIN][PPO] ep=425/500 r=  616.06 avg10=  553.94 steps=1473 succ10=0.90 touch10=0.90 col10=0.10 to10=0.00 min_d= 0.30 avg_spd=2.03m/s end=goal t= 6875.7s
[TRAIN][PPO] ep=426/500 r=  614.96 avg10=  554.56 steps=1478 succ10=0.90 touch10=0.90 col10=0.10 to10=0.00 min_d= 0.30 avg_spd=2.06m/s end=goal t= 6895.2s
[TRAIN][PPO] ep=427/500 r=  -33.49 avg10=  491.03 steps= 134 succ10=0.80 touch10=0.80 col10=0.20 to10=0.00 min_d= 3.79 avg_spd=1.98m/s end=collision t= 6897.0s
[TRAIN][PPO] ep=428/500 r=  604.61 avg10=  489.77 steps=1444 succ10=0.80 touch10=0.80 col10=0.20 to10=0.00 min_d= 0.30 avg_spd=2.06m/s end=goal t= 6917.8s
[TRAIN][PPO] ep=429/500 r=   64.38 avg10=  434.48 steps= 358 succ10=0.70 touch10=0.70 col10=0.30 to10=0.00 min_d= 3.13 avg_spd=2.05m/s end=collision t= 6922.4s
[TRAIN][PPO] ep=430/500 r=  599.11 avg10=  432.37 steps=1422 succ10=0.70 touch10=0.70 col10=0.30 to10=0.00 min_d= 0.30 avg_spd=2.06m/s end=goal t= 6940.0s
[TRAIN][PPO] ep=431/500 r=   57.87 avg10=  377.87 steps= 339 succ10=0.60 touch10=0.60 col10=0.40 to10=0.00 min_d= 3.08 avg_spd=2.07m/s end=collision t= 6944.3s
[TRAIN][PPO] ep=432/500 r=  610.48 avg10=  379.90 steps=1472 succ10=0.60 touch10=0.60 col10=0.40 to10=0.00 min_d= 0.30 avg_spd=2.04m/s end=goal t= 6964.3s
[TRAIN][PPO] ep=433/500 r=  614.45 avg10=  381.30 steps=1479 succ10=0.60 touch10=0.60 col10=0.40 to10=0.00 min_d= 0.30 avg_spd=2.06m/s end=goal t= 6983.6s
[TRAIN][PPO] ep=434/500 r=  602.21 avg10=  435.06 steps=1435 succ10=0.70 touch10=0.70 col10=0.30 to10=0.00 min_d= 0.30 avg_spd=2.07m/s end=goal t= 7002.3s
[TRAIN][PPO] ep=435/500 r=   67.89 avg10=  380.25 steps= 361 succ10=0.60 touch10=0.60 col10=0.40 to10=0.00 min_d= 3.08 avg_spd=2.07m/s end=collision t= 7007.1s
[TRAIN][PPO] ep=436/500 r=  608.34 avg10=  379.58 steps=1444 succ10=0.60 touch10=0.60 col10=0.40 to10=0.00 min_d= 0.30 avg_spd=2.06m/s end=goal t= 7028.0s
[TRAIN][PPO] ep=437/500 r=  618.53 avg10=  444.79 steps=1495 succ10=0.70 touch10=0.70 col10=0.30 to10=0.00 min_d= 0.30 avg_spd=2.04m/s end=goal t= 7046.3s
[TRAIN][PPO] ep=438/500 r=  609.29 avg10=  445.25 steps=1482 succ10=0.70 touch10=0.70 col10=0.30 to10=0.00 min_d= 0.30 avg_spd=2.06m/s end=goal t= 7065.4s
[TRAIN][PPO] ep=439/500 r=   67.63 avg10=  445.58 steps= 362 succ10=0.70 touch10=0.70 col10=0.30 to10=0.00 min_d= 3.07 avg_spd=2.03m/s end=collision t= 7070.3s
[TRAIN][PPO] ep=440/500 r=  598.04 avg10=  445.47 steps=1425 succ10=0.70 touch10=0.70 col10=0.30 to10=0.00 min_d= 0.30 avg_spd=2.07m/s end=goal t= 7091.9s
[TRAIN][PPO] ep=441/500 r=  -26.42 avg10=  437.04 steps= 136 succ10=0.70 touch10=0.70 col10=0.30 to10=0.00 min_d= 3.81 avg_spd=2.02m/s end=collision t= 7093.7s
[TRAIN][PPO] ep=442/500 r=  598.16 avg10=  435.81 steps=1413 succ10=0.70 touch10=0.70 col10=0.30 to10=0.00 min_d= 0.30 avg_spd=2.05m/s end=goal t= 7112.7s
[TRAIN][PPO] ep=443/500 r=  302.19 avg10=  404.59 steps=1025 succ10=0.60 touch10=0.60 col10=0.40 to10=0.00 min_d= 1.43 avg_spd=2.05m/s end=collision t= 7126.1s
[TRAIN][PPO] ep=444/500 r=  308.37 avg10=  375.20 steps=1048 succ10=0.50 touch10=0.50 col10=0.50 to10=0.00 min_d= 1.41 avg_spd=2.03m/s end=collision t= 7141.1s
[TRAIN][PPO] ep=445/500 r=  162.51 avg10=  384.66 steps= 671 succ10=0.50 touch10=0.50 col10=0.50 to10=0.00 min_d= 2.36 avg_spd=2.05m/s end=collision t= 7150.1s
[TRAIN][PPO] ep=446/500 r=  606.69 avg10=  384.50 steps=1457 succ10=0.50 touch10=0.50 col10=0.50 to10=0.00 min_d= 0.30 avg_spd=2.06m/s end=goal t= 7169.6s
[TRAIN][PPO] ep=447/500 r=  305.12 avg10=  353.16 steps=1041 succ10=0.40 touch10=0.40 col10=0.60 to10=0.00 min_d= 1.36 avg_spd=2.03m/s end=collision t= 7183.4s
[TRAIN][PPO] ep=448/500 r=  603.89 avg10=  352.62 steps=1449 succ10=0.40 touch10=0.40 col10=0.60 to10=0.00 min_d= 0.30 avg_spd=2.06m/s end=goal t= 7204.4s
[TRAIN][PPO] ep=449/500 r=  584.14 avg10=  404.27 steps=1439 succ10=0.50 touch10=0.50 col10=0.50 to10=0.00 min_d= 0.30 avg_spd=2.08m/s end=goal t= 7223.2s
[TRAIN][PPO] ep=450/500 r=   79.26 avg10=  352.39 steps= 404 succ10=0.40 touch10=0.40 col10=0.60 to10=0.00 min_d= 3.06 avg_spd=2.01m/s end=collision t= 7228.5s
[TRAIN][PPO] ep=451/500 r=  163.55 avg10=  371.39 steps= 676 succ10=0.40 touch10=0.40 col10=0.60 to10=0.00 min_d= 2.38 avg_spd=2.07m/s end=collision t= 7237.7s
[TRAIN][PPO] ep=452/500 r=   58.28 avg10=  317.40 steps= 344 succ10=0.30 touch10=0.30 col10=0.70 to10=0.00 min_d= 3.09 avg_spd=2.03m/s end=collision t= 7243.6s
[TRAIN][PPO] ep=453/500 r=  598.99 avg10=  347.08 steps=1491 succ10=0.40 touch10=0.40 col10=0.60 to10=0.00 min_d= 0.30 avg_spd=2.03m/s end=goal t= 7263.1s
[TRAIN][PPO] ep=454/500 r=   70.29 avg10=  323.27 steps= 389 succ10=0.40 touch10=0.40 col10=0.60 to10=0.00 min_d= 3.08 avg_spd=2.07m/s end=collision t= 7268.1s
[TRAIN][PPO] ep=455/500 r=  597.15 avg10=  366.74 steps=1443 succ10=0.50 touch10=0.50 col10=0.50 to10=0.00 min_d= 0.30 avg_spd=2.06m/s end=goal t= 7287.4s
[TRAIN][PPO] ep=456/500 r=  585.87 avg10=  364.65 steps=1467 succ10=0.50 touch10=0.50 col10=0.50 to10=0.00 min_d= 0.30 avg_spd=2.07m/s end=goal t= 7307.9s
[TRAIN][PPO] ep=457/500 r=  611.26 avg10=  395.27 steps=1546 succ10=0.60 touch10=0.60 col10=0.40 to10=0.00 min_d= 0.30 avg_spd=2.06m/s end=goal t= 7328.5s
[TRAIN][PPO] ep=458/500 r=  -23.38 avg10=  332.54 steps= 102 succ10=0.50 touch10=0.50 col10=0.50 to10=0.00 min_d= 3.84 avg_spd=1.93m/s end=collision t= 7329.9s
[TRAIN][PPO] ep=459/500 r=  158.33 avg10=  289.96 steps= 668 succ10=0.40 touch10=0.40 col10=0.60 to10=0.00 min_d= 2.30 avg_spd=2.07m/s end=collision t= 7338.7s
[TRAIN][PPO] ep=460/500 r=   66.76 avg10=  288.71 steps= 363 succ10=0.40 touch10=0.40 col10=0.60 to10=0.00 min_d= 3.11 avg_spd=2.01m/s end=collision t= 7344.9s
[TRAIN][PPO] ep=461/500 r=  -40.79 avg10=  268.28 steps=  43 succ10=0.40 touch10=0.40 col10=0.60 to10=0.00 min_d= 3.83 avg_spd=2.04m/s end=collision t= 7345.5s
[TRAIN][PPO] ep=462/500 r=  -34.67 avg10=  258.98 steps= 127 succ10=0.40 touch10=0.40 col10=0.60 to10=0.00 min_d= 3.80 avg_spd=1.98m/s end=collision t= 7347.1s
[TRAIN][PPO] ep=463/500 r=  588.96 avg10=  257.98 steps=1490 succ10=0.40 touch10=0.40 col10=0.60 to10=0.00 min_d= 0.30 avg_spd=2.06m/s end=goal t= 7365.4s
[TRAIN][PPO] ep=464/500 r=  162.95 avg10=  267.24 steps= 696 succ10=0.40 touch10=0.40 col10=0.60 to10=0.00 min_d= 2.31 avg_spd=2.01m/s end=collision t= 7375.5s
[TRAIN][PPO] ep=465/500 r=  265.08 avg10=  234.04 steps=1078 succ10=0.30 touch10=0.30 col10=0.70 to10=0.00 min_d= 1.44 avg_spd=2.06m/s end=collision t= 7389.4s
[TRAIN][PPO] ep=466/500 r=  582.47 avg10=  233.70 steps=1439 succ10=0.30 touch10=0.30 col10=0.70 to10=0.00 min_d= 0.30 avg_spd=2.09m/s end=goal t= 7408.2s
[TRAIN][PPO] ep=467/500 r=  600.48 avg10=  232.62 steps=1504 succ10=0.30 touch10=0.30 col10=0.70 to10=0.00 min_d= 0.30 avg_spd=2.05m/s end=goal t= 7426.3s
[TRAIN][PPO] ep=468/500 r=  359.70 avg10=  270.93 steps=1277 succ10=0.30 touch10=0.30 col10=0.70 to10=0.00 min_d= 0.87 avg_spd=2.06m/s end=collision t= 7443.9s
[TRAIN][PPO] ep=469/500 r=  -30.09 avg10=  252.09 steps=  69 succ10=0.30 touch10=0.30 col10=0.70 to10=0.00 min_d= 3.85 avg_spd=1.82m/s end=collision t= 7444.9s
[TRAIN][PPO] ep=470/500 r=  591.42 avg10=  304.55 steps=1495 succ10=0.40 touch10=0.40 col10=0.60 to10=0.00 min_d= 0.30 avg_spd=2.07m/s end=goal t= 7464.5s
[TRAIN][PPO] ep=471/500 r=  156.05 avg10=  324.24 steps= 676 succ10=0.40 touch10=0.40 col10=0.60 to10=0.00 min_d= 2.29 avg_spd=2.05m/s end=collision t= 7473.6s
[TRAIN][PPO] ep=472/500 r=  -35.64 avg10=  324.14 steps=  61 succ10=0.40 touch10=0.40 col10=0.60 to10=0.00 min_d= 3.80 avg_spd=1.66m/s end=collision t= 7475.6s
[TRAIN][PPO] ep=473/500 r=  601.34 avg10=  325.38 steps=1523 succ10=0.40 touch10=0.40 col10=0.60 to10=0.00 min_d= 0.30 avg_spd=2.06m/s end=goal t= 7495.2s
[TRAIN][PPO] ep=474/500 r=  604.56 avg10=  369.54 steps=1535 succ10=0.50 touch10=0.50 col10=0.50 to10=0.00 min_d= 0.30 avg_spd=2.05m/s end=goal t= 7515.0s
[TRAIN][PPO] ep=475/500 r=  588.91 avg10=  401.92 steps=1510 succ10=0.60 touch10=0.60 col10=0.40 to10=0.00 min_d= 0.30 avg_spd=2.04m/s end=goal t= 7534.9s
[TRAIN][PPO] ep=476/500 r=  -28.24 avg10=  340.85 steps=  78 succ10=0.50 touch10=0.50 col10=0.50 to10=0.00 min_d= 3.82 avg_spd=1.77m/s end=collision t= 7537.7s
[TRAIN][PPO] ep=477/500 r=  590.99 avg10=  339.90 steps=1485 succ10=0.50 touch10=0.50 col10=0.50 to10=0.00 min_d= 0.30 avg_spd=2.06m/s end=goal t= 7557.5s
[TRAIN][PPO] ep=478/500 r=  596.28 avg10=  363.56 steps=1429 succ10=0.60 touch10=0.60 col10=0.40 to10=0.00 min_d= 0.30 avg_spd=2.06m/s end=goal t= 7576.2s
[TRAIN][PPO] ep=479/500 r=  604.28 avg10=  426.99 steps=1540 succ10=0.70 touch10=0.70 col10=0.30 to10=0.00 min_d= 0.30 avg_spd=2.05m/s end=goal t= 7596.4s
[TRAIN][PPO] ep=480/500 r=  600.20 avg10=  427.87 steps=1519 succ10=0.70 touch10=0.70 col10=0.30 to10=0.00 min_d= 0.30 avg_spd=2.06m/s end=goal t= 7619.0s
[TRAIN][PPO] ep=481/500 r=  596.95 avg10=  471.96 steps=1454 succ10=0.80 touch10=0.80 col10=0.20 to10=0.00 min_d= 0.30 avg_spd=2.05m/s end=goal t= 7637.7s
[TRAIN][PPO] ep=482/500 r=   57.43 avg10=  481.27 steps= 336 succ10=0.80 touch10=0.80 col10=0.20 to10=0.00 min_d= 3.12 avg_spd=2.04m/s end=collision t= 7642.0s
[TRAIN][PPO] ep=483/500 r=  -25.02 avg10=  418.63 steps= 150 succ10=0.70 touch10=0.70 col10=0.30 to10=0.00 min_d= 3.80 avg_spd=2.02m/s end=collision t= 7644.1s
[TRAIN][PPO] ep=484/500 r=  611.13 avg10=  419.29 steps=1488 succ10=0.70 touch10=0.70 col10=0.30 to10=0.00 min_d= 0.30 avg_spd=2.06m/s end=goal t= 7663.8s
[TRAIN][PPO] ep=485/500 r=  595.32 avg10=  419.93 steps=1502 succ10=0.70 touch10=0.70 col10=0.30 to10=0.00 min_d= 0.30 avg_spd=2.06m/s end=goal t= 7682.8s
[TRAIN][PPO] ep=486/500 r=   59.25 avg10=  428.68 steps= 351 succ10=0.70 touch10=0.70 col10=0.30 to10=0.00 min_d= 3.08 avg_spd=2.08m/s end=collision t= 7687.3s
[TRAIN][PPO] ep=487/500 r=  -38.07 avg10=  365.77 steps=  55 succ10=0.60 touch10=0.60 col10=0.40 to10=0.00 min_d= 3.82 avg_spd=1.90m/s end=collision t= 7688.0s
[TRAIN][PPO] ep=488/500 r=    4.68 avg10=  306.62 steps= 293 succ10=0.50 touch10=0.50 col10=0.50 to10=0.00 min_d= 3.56 avg_spd=2.00m/s end=collision t= 7693.0s
[TRAIN][PPO] ep=489/500 r=  621.01 avg10=  308.29 steps=1628 succ10=0.50 touch10=0.50 col10=0.50 to10=0.00 min_d= 0.30 avg_spd=2.03m/s end=goal t= 7713.5s
[TRAIN][PPO] ep=490/500 r=  597.10 avg10=  307.98 steps=1495 succ10=0.50 touch10=0.50 col10=0.50 to10=0.00 min_d= 0.30 avg_spd=2.09m/s end=goal t= 7732.8s
[TRAIN][PPO] ep=491/500 r=  607.76 avg10=  309.06 steps=1488 succ10=0.50 touch10=0.50 col10=0.50 to10=0.00 min_d= 0.30 avg_spd=2.06m/s end=goal t= 7751.7s
[TRAIN][PPO] ep=492/500 r=  587.79 avg10=  362.10 steps=1463 succ10=0.60 touch10=0.60 col10=0.40 to10=0.00 min_d= 0.30 avg_spd=2.08m/s end=goal t= 7772.1s
[TRAIN][PPO] ep=493/500 r=  596.72 avg10=  424.27 steps=1572 succ10=0.70 touch10=0.70 col10=0.30 to10=0.00 min_d= 0.30 avg_spd=2.05m/s end=goal t= 7792.8s
[TRAIN][PPO] ep=494/500 r=  597.05 avg10=  422.86 steps=1444 succ10=0.70 touch10=0.70 col10=0.30 to10=0.00 min_d= 0.30 avg_spd=2.05m/s end=goal t= 7811.2s
[TRAIN][PPO] ep=495/500 r=  599.02 avg10=  423.23 steps=1494 succ10=0.70 touch10=0.70 col10=0.30 to10=0.00 min_d= 0.30 avg_spd=2.09m/s end=goal t= 7829.8s
[TRAIN][PPO] ep=496/500 r=  607.45 avg10=  478.05 steps=1471 succ10=0.80 touch10=0.80 col10=0.20 to10=0.00 min_d= 0.30 avg_spd=2.06m/s end=goal t= 7850.5s
[TRAIN][PPO] ep=497/500 r=  614.43 avg10=  543.30 steps=1484 succ10=0.90 touch10=0.90 col10=0.10 to10=0.00 min_d= 0.30 avg_spd=2.05m/s end=goal t= 7869.9s
[TRAIN][PPO] ep=498/500 r=  584.92 avg10=  601.33 steps=1460 succ10=1.00 touch10=1.00 col10=0.00 to10=0.00 min_d= 0.30 avg_spd=2.07m/s end=goal t= 7888.7s
[TRAIN][PPO] ep=499/500 r=  599.70 avg10=  599.19 steps=1491 succ10=1.00 touch10=1.00 col10=0.00 to10=0.00 min_d= 0.30 avg_spd=2.05m/s end=goal t= 7907.5s
INFO: PPO: Terminating.
[RUN] completed stage checkpoint=/uio/hume/student-u79/esbrovol/fys5429/DRL-Obstacle-Avoidance/controllers/PPO/checkpoints/20260525_141956_lstm_seed01_stage06_train_6_goal_shift_neg/final_20260525_141956_lstm_seed01_stage06_train_6_goal_shift_neg.pth
[RUN] arch=lstm seed=1 stage=7/10 world=/uio/hume/student-u79/esbrovol/fys5429/DRL-Obstacle-Avoidance/worlds/training/train_7_goal_offset_pos.wbt
[RUN] resuming from /uio/hume/student-u79/esbrovol/fys5429/DRL-Obstacle-Avoidance/controllers/PPO/checkpoints/20260525_141956_lstm_seed01_stage06_train_6_goal_shift_neg/final_20260525_141956_lstm_seed01_stage06_train_6_goal_shift_neg.pth
INFO: PPO: Starting controller: python3 -u PPO.py
[PPO] Using architecture: LSTM
[PPO] Loaded architecture: LSTM
[TRAIN][PPO] arch=LSTM weights_dir=/uio/hume/student-u79/esbrovol/fys5429/DRL-Obstacle-Avoidance/controllers/PPO/checkpoints/20260525_141956_lstm_seed01_stage07_train_7_goal_offset_pos final=/uio/hume/student-u79/esbrovol/fys5429/DRL-Obstacle-Avoidance/controllers/PPO/checkpoints/20260525_141956_lstm_seed01_stage07_train_7_goal_offset_pos/final_20260525_141956_lstm_seed01_stage07_train_7_goal_offset_pos.pth
[TRAIN][PPO] episodes=500 update_every=4 obs=31 act=2 cell=LSTM seq=32 burn_in=8
[TRAIN][PPO] ep=001/500 r=  -38.19 avg10=  -38.19 steps= 134 succ10=0.00 touch10=0.00 col10=1.00 to10=0.00 min_d= 3.89 avg_spd=1.97m/s end=collision t=    2.1s ckpt=best
[TRAIN][PPO] ep=002/500 r=  607.41 avg10=  284.61 steps=1462 succ10=0.50 touch10=0.50 col10=0.50 to10=0.00 min_d= 0.30 avg_spd=2.09m/s end=goal t=   21.4s ckpt=best_goal
[TRAIN][PPO] ep=003/500 r=  348.47 avg10=  305.89 steps=1174 succ10=0.33 touch10=0.33 col10=0.67 to10=0.00 min_d= 1.00 avg_spd=2.08m/s end=collision t=   37.4s
[TRAIN][PPO] ep=004/500 r=  591.03 avg10=  377.18 steps=1649 succ10=0.50 touch10=0.50 col10=0.50 to10=0.00 min_d= 0.30 avg_spd=2.03m/s end=goal t=   61.5s
[TRAIN][PPO] ep=005/500 r=  596.09 avg10=  420.96 steps=1422 succ10=0.60 touch10=0.60 col10=0.40 to10=0.00 min_d= 0.30 avg_spd=2.09m/s end=goal t=   80.3s
[TRAIN][PPO] ep=006/500 r=  608.79 avg10=  452.27 steps=1465 succ10=0.67 touch10=0.67 col10=0.33 to10=0.00 min_d= 0.30 avg_spd=2.08m/s end=goal t=   99.2s ckpt=best_goal
[TRAIN][PPO] ep=007/500 r=  590.41 avg10=  472.00 steps=1409 succ10=0.71 touch10=0.71 col10=0.29 to10=0.00 min_d= 0.30 avg_spd=2.09m/s end=goal t=  117.9s
[TRAIN][PPO] ep=008/500 r=  347.37 avg10=  456.42 steps=1176 succ10=0.62 touch10=0.62 col10=0.38 to10=0.00 min_d= 0.99 avg_spd=2.05m/s end=collision t=  135.2s
[TRAIN][PPO] ep=009/500 r=  615.98 avg10=  474.15 steps=1488 succ10=0.67 touch10=0.67 col10=0.33 to10=0.00 min_d= 0.30 avg_spd=2.06m/s end=goal t=  154.0s ckpt=best_goal
[TRAIN][PPO] ep=010/500 r=  610.98 avg10=  487.83 steps=1493 succ10=0.70 touch10=0.70 col10=0.30 to10=0.00 min_d= 0.30 avg_spd=2.07m/s end=goal t=  173.5s
[TRAIN][PPO] ep=011/500 r=  607.90 avg10=  552.44 steps=1473 succ10=0.80 touch10=0.80 col10=0.20 to10=0.00 min_d= 0.30 avg_spd=2.06m/s end=goal t=  192.9s
[TRAIN][PPO] ep=012/500 r=  -48.88 avg10=  486.82 steps= 150 succ10=0.70 touch10=0.70 col10=0.30 to10=0.00 min_d= 3.86 avg_spd=2.02m/s end=collision t=  196.5s
[TRAIN][PPO] ep=013/500 r=  596.80 avg10=  511.65 steps=1432 succ10=0.80 touch10=0.80 col10=0.20 to10=0.00 min_d= 0.30 avg_spd=2.07m/s end=goal t=  215.1s
[TRAIN][PPO] ep=014/500 r=  608.81 avg10=  513.43 steps=1492 succ10=0.80 touch10=0.80 col10=0.20 to10=0.00 min_d= 0.30 avg_spd=2.05m/s end=goal t=  234.2s
[TRAIN][PPO] ep=015/500 r=  602.95 avg10=  514.11 steps=1464 succ10=0.80 touch10=0.80 col10=0.20 to10=0.00 min_d= 0.30 avg_spd=2.08m/s end=goal t=  252.9s
[TRAIN][PPO] ep=016/500 r=  610.50 avg10=  514.28 steps=1621 succ10=0.80 touch10=0.80 col10=0.20 to10=0.00 min_d= 0.30 avg_spd=2.04m/s end=goal t=  277.8s
[TRAIN][PPO] ep=017/500 r=  604.02 avg10=  515.64 steps=1477 succ10=0.80 touch10=0.80 col10=0.20 to10=0.00 min_d= 0.30 avg_spd=2.05m/s end=goal t=  296.5s
[TRAIN][PPO] ep=018/500 r=  600.92 avg10=  541.00 steps=1435 succ10=0.90 touch10=0.90 col10=0.10 to10=0.00 min_d= 0.30 avg_spd=2.09m/s end=goal t=  314.8s
[TRAIN][PPO] ep=019/500 r=  609.48 avg10=  540.35 steps=1454 succ10=0.90 touch10=0.90 col10=0.10 to10=0.00 min_d= 0.30 avg_spd=2.08m/s end=goal t=  334.0s
[TRAIN][PPO] ep=020/500 r=  619.52 avg10=  541.20 steps=1489 succ10=0.90 touch10=0.90 col10=0.10 to10=0.00 min_d= 0.30 avg_spd=2.05m/s end=goal t=  355.3s ckpt=best_goal
[TRAIN][PPO] ep=021/500 r=  605.51 avg10=  540.96 steps=1461 succ10=0.90 touch10=0.90 col10=0.10 to10=0.00 min_d= 0.30 avg_spd=2.07m/s end=goal t=  374.1s
[TRAIN][PPO] ep=022/500 r=  353.65 avg10=  581.22 steps=1177 succ10=0.90 touch10=0.90 col10=0.10 to10=0.00 min_d= 0.97 avg_spd=2.07m/s end=collision t=  389.8s
[TRAIN][PPO] ep=023/500 r=  356.73 avg10=  557.21 steps=1190 succ10=0.80 touch10=0.80 col10=0.20 to10=0.00 min_d= 0.99 avg_spd=2.05m/s end=collision t=  405.5s
[TRAIN][PPO] ep=024/500 r=  370.54 avg10=  533.38 steps=1216 succ10=0.70 touch10=0.70 col10=0.30 to10=0.00 min_d= 0.96 avg_spd=2.06m/s end=collision t=  422.7s
[TRAIN][PPO] ep=025/500 r=  613.35 avg10=  534.42 steps=1469 succ10=0.70 touch10=0.70 col10=0.30 to10=0.00 min_d= 0.30 avg_spd=2.06m/s end=goal t=  442.1s
[TRAIN][PPO] ep=026/500 r=  354.84 avg10=  508.86 steps=1174 succ10=0.60 touch10=0.60 col10=0.40 to10=0.00 min_d= 0.95 avg_spd=2.07m/s end=collision t=  457.3s
[TRAIN][PPO] ep=027/500 r=  604.55 avg10=  508.91 steps=1449 succ10=0.60 touch10=0.60 col10=0.40 to10=0.00 min_d= 0.30 avg_spd=2.06m/s end=goal t=  476.5s
[TRAIN][PPO] ep=028/500 r=  609.72 avg10=  509.79 steps=1503 succ10=0.60 touch10=0.60 col10=0.40 to10=0.00 min_d= 0.30 avg_spd=2.05m/s end=goal t=  499.1s
[TRAIN][PPO] ep=029/500 r=  358.83 avg10=  484.72 steps=1186 succ10=0.50 touch10=0.50 col10=0.50 to10=0.00 min_d= 0.95 avg_spd=2.03m/s end=collision t=  514.5s
[TRAIN][PPO] ep=030/500 r=  355.56 avg10=  458.33 steps=1171 succ10=0.40 touch10=0.40 col10=0.60 to10=0.00 min_d= 1.03 avg_spd=2.08m/s end=collision t=  529.9s
[TRAIN][PPO] ep=031/500 r=  612.20 avg10=  459.00 steps=1489 succ10=0.40 touch10=0.40 col10=0.60 to10=0.00 min_d= 0.30 avg_spd=2.03m/s end=goal t=  549.5s
[TRAIN][PPO] ep=032/500 r=  342.17 avg10=  457.85 steps=1400 succ10=0.40 touch10=0.40 col10=0.60 to10=0.00 min_d= 0.85 avg_spd=2.02m/s end=collision t=  569.8s
[TRAIN][PPO] ep=033/500 r=  602.96 avg10=  482.47 steps=1443 succ10=0.50 touch10=0.50 col10=0.50 to10=0.00 min_d= 0.30 avg_spd=2.06m/s end=goal t=  588.8s
[TRAIN][PPO] ep=034/500 r=  598.89 avg10=  505.31 steps=1463 succ10=0.60 touch10=0.60 col10=0.40 to10=0.00 min_d= 0.30 avg_spd=2.06m/s end=goal t=  608.1s
[TRAIN][PPO] ep=035/500 r=  359.94 avg10=  479.97 steps=1201 succ10=0.50 touch10=0.50 col10=0.50 to10=0.00 min_d= 0.95 avg_spd=2.06m/s end=collision t=  623.6s
[TRAIN][PPO] ep=036/500 r=  341.11 avg10=  478.59 steps=1129 succ10=0.50 touch10=0.50 col10=0.50 to10=0.00 min_d= 1.08 avg_spd=2.06m/s end=collision t=  640.0s
[TRAIN][PPO] ep=037/500 r=  360.35 avg10=  454.17 steps=1181 succ10=0.40 touch10=0.40 col10=0.60 to10=0.00 min_d= 0.98 avg_spd=2.09m/s end=collision t=  655.4s
[TRAIN][PPO] ep=038/500 r=  608.82 avg10=  454.08 steps=1454 succ10=0.40 touch10=0.40 col10=0.60 to10=0.00 min_d= 0.30 avg_spd=2.09m/s end=goal t=  674.3s
[TRAIN][PPO] ep=039/500 r=  600.90 avg10=  478.29 steps=1441 succ10=0.50 touch10=0.50 col10=0.50 to10=0.00 min_d= 0.30 avg_spd=2.04m/s end=goal t=  692.9s
[TRAIN][PPO] ep=040/500 r=  603.87 avg10=  503.12 steps=1576 succ10=0.60 touch10=0.60 col10=0.40 to10=0.00 min_d= 0.30 avg_spd=2.07m/s end=goal t=  715.7s
[TRAIN][PPO] ep=041/500 r=  612.83 avg10=  503.18 steps=1470 succ10=0.60 touch10=0.60 col10=0.40 to10=0.00 min_d= 0.30 avg_spd=2.06m/s end=goal t=  735.3s
[TRAIN][PPO] ep=042/500 r=  611.63 avg10=  530.13 steps=1476 succ10=0.70 touch10=0.70 col10=0.30 to10=0.00 min_d= 0.30 avg_spd=2.04m/s end=goal t=  755.3s
[TRAIN][PPO] ep=043/500 r=  366.77 avg10=  506.51 steps=1212 succ10=0.60 touch10=0.60 col10=0.40 to10=0.00 min_d= 0.93 avg_spd=2.07m/s end=collision t=  771.0s
[TRAIN][PPO] ep=044/500 r=  611.79 avg10=  507.80 steps=1482 succ10=0.60 touch10=0.60 col10=0.40 to10=0.00 min_d= 0.30 avg_spd=2.04m/s end=goal t=  792.5s
[TRAIN][PPO] ep=045/500 r=  612.92 avg10=  533.10 steps=1471 succ10=0.70 touch10=0.70 col10=0.30 to10=0.00 min_d= 0.30 avg_spd=2.06m/s end=goal t=  811.9s
[TRAIN][PPO] ep=046/500 r=  601.62 avg10=  559.15 steps=1428 succ10=0.80 touch10=0.80 col10=0.20 to10=0.00 min_d= 0.30 avg_spd=2.06m/s end=goal t=  830.7s
[TRAIN][PPO] ep=047/500 r=  -31.58 avg10=  519.96 steps= 123 succ10=0.80 touch10=0.80 col10=0.20 to10=0.00 min_d= 3.89 avg_spd=1.93m/s end=collision t=  832.5s
[TRAIN][PPO] ep=048/500 r=  380.29 avg10=  497.10 steps=1265 succ10=0.70 touch10=0.70 col10=0.30 to10=0.00 min_d= 0.93 avg_spd=2.04m/s end=collision t=  851.1s
[TRAIN][PPO] ep=049/500 r=  568.15 avg10=  493.83 steps=1604 succ10=0.70 touch10=0.70 col10=0.30 to10=0.00 min_d= 0.30 avg_spd=2.05m/s end=goal t=  873.2s
[TRAIN][PPO] ep=050/500 r=  374.34 avg10=  470.88 steps=1229 succ10=0.60 touch10=0.60 col10=0.40 to10=0.00 min_d= 0.94 avg_spd=2.05m/s end=collision t=  888.9s
[TRAIN][PPO] ep=051/500 r=  614.84 avg10=  471.08 steps=1470 succ10=0.60 touch10=0.60 col10=0.40 to10=0.00 min_d= 0.30 avg_spd=2.06m/s end=goal t=  908.7s
[TRAIN][PPO] ep=052/500 r=  368.75 avg10=  446.79 steps=1223 succ10=0.50 touch10=0.50 col10=0.50 to10=0.00 min_d= 0.95 avg_spd=2.05m/s end=collision t=  927.0s
[TRAIN][PPO] ep=053/500 r=  599.43 avg10=  470.05 steps=1445 succ10=0.60 touch10=0.60 col10=0.40 to10=0.00 min_d= 0.30 avg_spd=2.07m/s end=goal t=  946.3s
[TRAIN][PPO] ep=054/500 r=  607.82 avg10=  469.66 steps=1473 succ10=0.60 touch10=0.60 col10=0.40 to10=0.00 min_d= 0.30 avg_spd=2.04m/s end=goal t=  965.0s
[TRAIN][PPO] ep=055/500 r=  373.30 avg10=  445.70 steps=1234 succ10=0.50 touch10=0.50 col10=0.50 to10=0.00 min_d= 0.97 avg_spd=2.05m/s end=collision t=  980.4s
[TRAIN][PPO] ep=056/500 r=  606.41 avg10=  446.18 steps=1466 succ10=0.50 touch10=0.50 col10=0.50 to10=0.00 min_d= 0.30 avg_spd=2.06m/s end=goal t= 1000.9s
[TRAIN][PPO] ep=057/500 r=  354.77 avg10=  484.81 steps=1178 succ10=0.50 touch10=0.50 col10=0.50 to10=0.00 min_d= 0.95 avg_spd=2.05m/s end=collision t= 1015.6s
[TRAIN][PPO] ep=058/500 r=  606.34 avg10=  507.42 steps=1440 succ10=0.60 touch10=0.60 col10=0.40 to10=0.00 min_d= 0.30 avg_spd=2.06m/s end=goal t= 1033.6s
[TRAIN][PPO] ep=059/500 r=  613.15 avg10=  511.92 steps=1490 succ10=0.60 touch10=0.60 col10=0.40 to10=0.00 min_d= 0.30 avg_spd=2.06m/s end=goal t= 1052.5s
[TRAIN][PPO] ep=060/500 r=  601.99 avg10=  534.68 steps=1435 succ10=0.70 touch10=0.70 col10=0.30 to10=0.00 min_d= 0.30 avg_spd=2.08m/s end=goal t= 1074.2s
[TRAIN][PPO] ep=061/500 r=  618.99 avg10=  535.10 steps=1505 succ10=0.70 touch10=0.70 col10=0.30 to10=0.00 min_d= 0.30 avg_spd=2.05m/s end=goal t= 1093.3s
[TRAIN][PPO] ep=062/500 r=  617.64 avg10=  559.99 steps=1481 succ10=0.80 touch10=0.80 col10=0.20 to10=0.00 min_d= 0.30 avg_spd=2.05m/s end=goal t= 1112.1s
[TRAIN][PPO] ep=063/500 r=  -44.19 avg10=  495.62 steps=  37 succ10=0.70 touch10=0.70 col10=0.30 to10=0.00 min_d= 3.88 avg_spd=1.88m/s end=collision t= 1112.7s
[TRAIN][PPO] ep=064/500 r=  597.78 avg10=  494.62 steps=1447 succ10=0.70 touch10=0.70 col10=0.30 to10=0.00 min_d= 0.30 avg_spd=2.07m/s end=goal t= 1132.7s
[TRAIN][PPO] ep=065/500 r=  -43.21 avg10=  452.97 steps=  28 succ10=0.70 touch10=0.70 col10=0.30 to10=0.00 min_d= 3.89 avg_spd=1.56m/s end=collision t= 1133.1s
[TRAIN][PPO] ep=066/500 r=  602.13 avg10=  452.54 steps=1454 succ10=0.70 touch10=0.70 col10=0.30 to10=0.00 min_d= 0.30 avg_spd=2.06m/s end=goal t= 1151.7s
[TRAIN][PPO] ep=067/500 r=  603.84 avg10=  477.45 steps=1450 succ10=0.80 touch10=0.80 col10=0.20 to10=0.00 min_d= 0.30 avg_spd=2.06m/s end=goal t= 1170.2s
[TRAIN][PPO] ep=068/500 r=  608.90 avg10=  477.70 steps=1454 succ10=0.80 touch10=0.80 col10=0.20 to10=0.00 min_d= 0.30 avg_spd=2.07m/s end=goal t= 1190.3s
[TRAIN][PPO] ep=069/500 r=  179.13 avg10=  434.30 steps= 669 succ10=0.70 touch10=0.70 col10=0.30 to10=0.00 min_d= 2.24 avg_spd=2.07m/s end=collision t= 1198.5s
[TRAIN][PPO] ep=070/500 r=  379.27 avg10=  412.03 steps=1279 succ10=0.60 touch10=0.60 col10=0.40 to10=0.00 min_d= 0.86 avg_spd=2.03m/s end=collision t= 1214.5s
[TRAIN][PPO] ep=071/500 r=  614.61 avg10=  411.59 steps=1506 succ10=0.60 touch10=0.60 col10=0.40 to10=0.00 min_d= 0.30 avg_spd=2.06m/s end=goal t= 1233.5s
[TRAIN][PPO] ep=072/500 r=  608.51 avg10=  410.68 steps=1481 succ10=0.60 touch10=0.60 col10=0.40 to10=0.00 min_d= 0.30 avg_spd=2.08m/s end=goal t= 1254.6s
[TRAIN][PPO] ep=073/500 r=   77.13 avg10=  422.81 steps= 380 succ10=0.60 touch10=0.60 col10=0.40 to10=0.00 min_d= 3.10 avg_spd=2.06m/s end=collision t= 1259.5s
[TRAIN][PPO] ep=074/500 r=  615.46 avg10=  424.58 steps=1486 succ10=0.60 touch10=0.60 col10=0.40 to10=0.00 min_d= 0.30 avg_spd=2.05m/s end=goal t= 1279.0s
[TRAIN][PPO] ep=075/500 r=  166.03 avg10=  445.50 steps= 633 succ10=0.60 touch10=0.60 col10=0.40 to10=0.00 min_d= 2.31 avg_spd=2.04m/s end=collision t= 1287.0s
[TRAIN][PPO] ep=076/500 r=  327.47 avg10=  418.04 steps=1076 succ10=0.50 touch10=0.50 col10=0.50 to10=0.00 min_d= 1.11 avg_spd=2.10m/s end=collision t= 1301.9s
[TRAIN][PPO] ep=077/500 r=   73.54 avg10=  365.01 steps= 367 succ10=0.40 touch10=0.40 col10=0.60 to10=0.00 min_d= 3.06 avg_spd=2.01m/s end=collision t= 1306.7s
[TRAIN][PPO] ep=078/500 r=  354.54 avg10=  339.57 steps=1391 succ10=0.30 touch10=0.30 col10=0.70 to10=0.00 min_d= 0.86 avg_spd=2.05m/s end=collision t= 1324.4s
[TRAIN][PPO] ep=079/500 r=  603.55 avg10=  382.01 steps=1470 succ10=0.40 touch10=0.40 col10=0.60 to10=0.00 min_d= 0.30 avg_spd=2.06m/s end=goal t= 1343.2s
[TRAIN][PPO] ep=080/500 r=  341.49 avg10=  378.23 steps=1110 succ10=0.40 touch10=0.40 col10=0.60 to10=0.00 min_d= 1.15 avg_spd=2.05m/s end=collision t= 1359.8s
[TRAIN][PPO] ep=081/500 r=  614.41 avg10=  378.21 steps=1468 succ10=0.40 touch10=0.40 col10=0.60 to10=0.00 min_d= 0.30 avg_spd=2.05m/s end=goal t= 1378.4s
[TRAIN][PPO] ep=082/500 r=  615.82 avg10=  378.94 steps=1483 succ10=0.40 touch10=0.40 col10=0.60 to10=0.00 min_d= 0.30 avg_spd=2.06m/s end=goal t= 1396.8s
[TRAIN][PPO] ep=083/500 r=  599.67 avg10=  431.20 steps=1467 succ10=0.50 touch10=0.50 col10=0.50 to10=0.00 min_d= 0.30 avg_spd=2.05m/s end=goal t= 1415.4s
[TRAIN][PPO] ep=084/500 r=  613.09 avg10=  430.96 steps=1468 succ10=0.50 touch10=0.50 col10=0.50 to10=0.00 min_d= 0.30 avg_spd=2.05m/s end=goal t= 1436.1s
[TRAIN][PPO] ep=085/500 r=  603.45 avg10=  474.70 steps=1445 succ10=0.60 touch10=0.60 col10=0.40 to10=0.00 min_d= 0.30 avg_spd=2.05m/s end=goal t= 1454.3s
[TRAIN][PPO] ep=086/500 r=  607.22 avg10=  502.68 steps=1478 succ10=0.70 touch10=0.70 col10=0.30 to10=0.00 min_d= 0.30 avg_spd=2.07m/s end=goal t= 1473.5s
[TRAIN][PPO] ep=087/500 r=  596.27 avg10=  554.95 steps=1431 succ10=0.80 touch10=0.80 col10=0.20 to10=0.00 min_d= 0.30 avg_spd=2.07m/s end=goal t= 1491.4s
[TRAIN][PPO] ep=088/500 r=  603.65 avg10=  579.86 steps=1441 succ10=0.90 touch10=0.90 col10=0.10 to10=0.00 min_d= 0.30 avg_spd=2.05m/s end=goal t= 1511.6s
[TRAIN][PPO] ep=089/500 r=  610.39 avg10=  580.55 steps=1496 succ10=0.90 touch10=0.90 col10=0.10 to10=0.00 min_d= 0.30 avg_spd=2.04m/s end=goal t= 1530.8s
[TRAIN][PPO] ep=090/500 r=  607.70 avg10=  607.17 steps=1480 succ10=1.00 touch10=1.00 col10=0.00 to10=0.00 min_d= 0.30 avg_spd=2.06m/s end=goal t= 1549.6s
[TRAIN][PPO] ep=091/500 r=  605.34 avg10=  606.26 steps=1456 succ10=1.00 touch10=1.00 col10=0.00 to10=0.00 min_d= 0.30 avg_spd=2.07m/s end=goal t= 1569.6s
[TRAIN][PPO] ep=092/500 r=  373.24 avg10=  582.00 steps=1245 succ10=0.90 touch10=0.90 col10=0.10 to10=0.00 min_d= 0.95 avg_spd=2.04m/s end=collision t= 1588.1s
[TRAIN][PPO] ep=093/500 r=  600.39 avg10=  582.07 steps=1446 succ10=0.90 touch10=0.90 col10=0.10 to10=0.00 min_d= 0.30 avg_spd=2.06m/s end=goal t= 1606.7s
[TRAIN][PPO] ep=094/500 r=  605.98 avg10=  581.36 steps=1456 succ10=0.90 touch10=0.90 col10=0.10 to10=0.00 min_d= 0.30 avg_spd=2.06m/s end=goal t= 1625.7s
[TRAIN][PPO] ep=095/500 r=  603.04 avg10=  581.32 steps=1452 succ10=0.90 touch10=0.90 col10=0.10 to10=0.00 min_d= 0.30 avg_spd=2.05m/s end=goal t= 1644.4s
[TRAIN][PPO] ep=096/500 r=  364.08 avg10=  557.01 steps=1200 succ10=0.80 touch10=0.80 col10=0.20 to10=0.00 min_d= 0.93 avg_spd=2.06m/s end=collision t= 1661.6s
[TRAIN][PPO] ep=097/500 r=  606.45 avg10=  558.03 steps=1449 succ10=0.80 touch10=0.80 col10=0.20 to10=0.00 min_d= 0.30 avg_spd=2.05m/s end=goal t= 1680.8s
[TRAIN][PPO] ep=098/500 r=  606.58 avg10=  558.32 steps=1484 succ10=0.80 touch10=0.80 col10=0.20 to10=0.00 min_d= 0.30 avg_spd=2.07m/s end=goal t= 1700.0s
[TRAIN][PPO] ep=099/500 r=  613.65 avg10=  558.64 steps=1488 succ10=0.80 touch10=0.80 col10=0.20 to10=0.00 min_d= 0.30 avg_spd=2.06m/s end=goal t= 1719.1s
[TRAIN][PPO] ep=100/500 r=  598.80 avg10=  557.75 steps=1416 succ10=0.80 touch10=0.80 col10=0.20 to10=0.00 min_d= 0.30 avg_spd=2.07m/s end=goal t= 1740.7s ckpt=latest
[TRAIN][PPO] ep=101/500 r=  364.13 avg10=  533.63 steps=1206 succ10=0.70 touch10=0.70 col10=0.30 to10=0.00 min_d= 0.96 avg_spd=2.05m/s end=collision t= 1756.6s
[TRAIN][PPO] ep=102/500 r=  613.20 avg10=  557.63 steps=1470 succ10=0.80 touch10=0.80 col10=0.20 to10=0.00 min_d= 0.30 avg_spd=2.05m/s end=goal t= 1776.0s
[TRAIN][PPO] ep=103/500 r=  367.75 avg10=  534.37 steps=1214 succ10=0.70 touch10=0.70 col10=0.30 to10=0.00 min_d= 0.94 avg_spd=2.06m/s end=collision t= 1792.3s
[TRAIN][PPO] ep=104/500 r=  -33.11 avg10=  470.46 steps=  68 succ10=0.60 touch10=0.60 col10=0.40 to10=0.00 min_d= 3.90 avg_spd=1.95m/s end=collision t= 1794.8s
[TRAIN][PPO] ep=105/500 r=  609.29 avg10=  471.08 steps=1479 succ10=0.60 touch10=0.60 col10=0.40 to10=0.00 min_d= 0.30 avg_spd=2.05m/s end=goal t= 1814.3s
[TRAIN][PPO] ep=106/500 r=  367.81 avg10=  471.45 steps=1206 succ10=0.60 touch10=0.60 col10=0.40 to10=0.00 min_d= 0.95 avg_spd=2.06m/s end=collision t= 1830.5s
[TRAIN][PPO] ep=107/500 r=  -40.07 avg10=  406.80 steps= 122 succ10=0.50 touch10=0.50 col10=0.50 to10=0.00 min_d= 3.87 avg_spd=1.94m/s end=collision t= 1832.1s
[TRAIN][PPO] ep=108/500 r=  606.39 avg10=  406.78 steps=1472 succ10=0.50 touch10=0.50 col10=0.50 to10=0.00 min_d= 0.30 avg_spd=2.06m/s end=goal t= 1853.1s
[TRAIN][PPO] ep=109/500 r=  603.17 avg10=  405.74 steps=1432 succ10=0.50 touch10=0.50 col10=0.50 to10=0.00 min_d= 0.30 avg_spd=2.07m/s end=goal t= 1871.5s
[TRAIN][PPO] ep=110/500 r=  371.28 avg10=  382.98 steps=1231 succ10=0.40 touch10=0.40 col10=0.60 to10=0.00 min_d= 0.97 avg_spd=2.04m/s end=collision t= 1887.3s
[TRAIN][PPO] ep=111/500 r=  580.71 avg10=  404.64 steps=1623 succ10=0.50 touch10=0.50 col10=0.50 to10=0.00 min_d= 0.30 avg_spd=2.04m/s end=goal t= 1908.1s
[TRAIN][PPO] ep=112/500 r=  370.35 avg10=  380.36 steps=1222 succ10=0.40 touch10=0.40 col10=0.60 to10=0.00 min_d= 0.94 avg_spd=2.05m/s end=collision t= 1926.6s
[TRAIN][PPO] ep=113/500 r=  608.49 avg10=  404.43 steps=1458 succ10=0.50 touch10=0.50 col10=0.50 to10=0.00 min_d= 0.30 avg_spd=2.05m/s end=goal t= 1945.4s
[TRAIN][PPO] ep=114/500 r=  603.28 avg10=  468.07 steps=1464 succ10=0.60 touch10=0.60 col10=0.40 to10=0.00 min_d= 0.30 avg_spd=2.04m/s end=goal t= 1963.7s
[TRAIN][PPO] ep=115/500 r=  600.42 avg10=  467.18 steps=1446 succ10=0.60 touch10=0.60 col10=0.40 to10=0.00 min_d= 0.30 avg_spd=2.07m/s end=goal t= 1983.0s
[TRAIN][PPO] ep=116/500 r=  601.92 avg10=  490.59 steps=1458 succ10=0.70 touch10=0.70 col10=0.30 to10=0.00 min_d= 0.30 avg_spd=2.06m/s end=goal t= 2003.7s
[TRAIN][PPO] ep=117/500 r=  606.90 avg10=  555.29 steps=1469 succ10=0.80 touch10=0.80 col10=0.20 to10=0.00 min_d= 0.30 avg_spd=2.04m/s end=goal t= 2022.2s
[TRAIN][PPO] ep=118/500 r=  610.29 avg10=  555.68 steps=1487 succ10=0.80 touch10=0.80 col10=0.20 to10=0.00 min_d= 0.30 avg_spd=2.03m/s end=goal t= 2042.0s
[TRAIN][PPO] ep=119/500 r=  607.47 avg10=  556.11 steps=1490 succ10=0.80 touch10=0.80 col10=0.20 to10=0.00 min_d= 0.30 avg_spd=2.05m/s end=goal t= 2061.2s
[TRAIN][PPO] ep=120/500 r=  612.96 avg10=  580.28 steps=1477 succ10=0.90 touch10=0.90 col10=0.10 to10=0.00 min_d= 0.30 avg_spd=2.05m/s end=goal t= 2082.8s
[TRAIN][PPO] ep=121/500 r=  610.91 avg10=  583.30 steps=1463 succ10=0.90 touch10=0.90 col10=0.10 to10=0.00 min_d= 0.30 avg_spd=2.04m/s end=goal t= 2101.4s
[TRAIN][PPO] ep=122/500 r=  351.34 avg10=  581.40 steps=1170 succ10=0.90 touch10=0.90 col10=0.10 to10=0.00 min_d= 0.96 avg_spd=2.06m/s end=collision t= 2117.0s
[TRAIN][PPO] ep=123/500 r=  373.49 avg10=  557.90 steps=1395 succ10=0.80 touch10=0.80 col10=0.20 to10=0.00 min_d= 0.86 avg_spd=2.05m/s end=collision t= 2135.1s
[TRAIN][PPO] ep=124/500 r=  372.28 avg10=  534.80 steps=1440 succ10=0.70 touch10=0.70 col10=0.30 to10=0.00 min_d= 0.86 avg_spd=2.03m/s end=collision t= 2155.0s
[TRAIN][PPO] ep=125/500 r=  607.25 avg10=  535.48 steps=1472 succ10=0.70 touch10=0.70 col10=0.30 to10=0.00 min_d= 0.30 avg_spd=2.06m/s end=goal t= 2173.5s
[TRAIN][PPO] ep=126/500 r=  607.67 avg10=  536.06 steps=1476 succ10=0.70 touch10=0.70 col10=0.30 to10=0.00 min_d= 0.30 avg_spd=2.04m/s end=goal t= 2193.1s
[TRAIN][PPO] ep=127/500 r=  609.74 avg10=  536.34 steps=1491 succ10=0.70 touch10=0.70 col10=0.30 to10=0.00 min_d= 0.30 avg_spd=2.03m/s end=goal t= 2212.8s
[TRAIN][PPO] ep=128/500 r=  618.53 avg10=  537.16 steps=1513 succ10=0.70 touch10=0.70 col10=0.30 to10=0.00 min_d= 0.30 avg_spd=2.03m/s end=goal t= 2233.4s
[TRAIN][PPO] ep=129/500 r=  612.39 avg10=  537.66 steps=1493 succ10=0.70 touch10=0.70 col10=0.30 to10=0.00 min_d= 0.30 avg_spd=2.04m/s end=goal t= 2252.9s
[TRAIN][PPO] ep=130/500 r=  621.82 avg10=  538.54 steps=1527 succ10=0.70 touch10=0.70 col10=0.30 to10=0.00 min_d= 0.30 avg_spd=2.02m/s end=goal t= 2273.0s ckpt=best_goal
[TRAIN][PPO] ep=131/500 r=  197.65 avg10=  497.22 steps= 722 succ10=0.60 touch10=0.60 col10=0.40 to10=0.00 min_d= 2.20 avg_spd=2.07m/s end=collision t= 2282.2s
[TRAIN][PPO] ep=132/500 r=   78.90 avg10=  469.97 steps= 378 succ10=0.60 touch10=0.60 col10=0.40 to10=0.00 min_d= 3.03 avg_spd=2.05m/s end=collision t= 2288.7s
[TRAIN][PPO] ep=133/500 r=  363.81 avg10=  469.00 steps=1203 succ10=0.60 touch10=0.60 col10=0.40 to10=0.00 min_d= 0.95 avg_spd=2.04m/s end=collision t= 2304.2s
[TRAIN][PPO] ep=134/500 r=  623.98 avg10=  494.17 steps=1505 succ10=0.70 touch10=0.70 col10=0.30 to10=0.00 min_d= 0.30 avg_spd=2.04m/s end=goal t= 2323.9s ckpt=best_goal
[TRAIN][PPO] ep=135/500 r=  359.83 avg10=  469.43 steps=1207 succ10=0.60 touch10=0.60 col10=0.40 to10=0.00 min_d= 0.95 avg_spd=2.03m/s end=collision t= 2339.8s
[TRAIN][PPO] ep=136/500 r=  -33.07 avg10=  405.36 steps= 156 succ10=0.50 touch10=0.50 col10=0.50 to10=0.00 min_d= 3.88 avg_spd=1.95m/s end=collision t= 2343.3s
[TRAIN][PPO] ep=137/500 r=  606.45 avg10=  405.03 steps=1446 succ10=0.50 touch10=0.50 col10=0.50 to10=0.00 min_d= 0.30 avg_spd=2.06m/s end=goal t= 2362.7s
[TRAIN][PPO] ep=138/500 r=  599.69 avg10=  403.14 steps=1444 succ10=0.50 touch10=0.50 col10=0.50 to10=0.00 min_d= 0.30 avg_spd=2.07m/s end=goal t= 2380.8s
[TRAIN][PPO] ep=139/500 r=  611.50 avg10=  403.06 steps=1461 succ10=0.50 touch10=0.50 col10=0.50 to10=0.00 min_d= 0.30 avg_spd=2.05m/s end=goal t= 2399.8s
[TRAIN][PPO] ep=140/500 r=  603.96 avg10=  401.27 steps=1612 succ10=0.50 touch10=0.50 col10=0.50 to10=0.00 min_d= 0.30 avg_spd=2.05m/s end=goal t= 2423.0s
[TRAIN][PPO] ep=141/500 r=  -35.16 avg10=  377.99 steps= 153 succ10=0.50 touch10=0.50 col10=0.50 to10=0.00 min_d= 3.89 avg_spd=2.00m/s end=collision t= 2425.0s
[TRAIN][PPO] ep=142/500 r=  621.04 avg10=  432.20 steps=1495 succ10=0.60 touch10=0.60 col10=0.40 to10=0.00 min_d= 0.30 avg_spd=2.05m/s end=goal t= 2444.6s
[TRAIN][PPO] ep=143/500 r=  374.96 avg10=  433.32 steps=1300 succ10=0.60 touch10=0.60 col10=0.40 to10=0.00 min_d= 0.87 avg_spd=2.01m/s end=collision t= 2461.6s
[TRAIN][PPO] ep=144/500 r=  613.60 avg10=  432.28 steps=1479 succ10=0.60 touch10=0.60 col10=0.40 to10=0.00 min_d= 0.30 avg_spd=2.04m/s end=goal t= 2482.1s
[TRAIN][PPO] ep=145/500 r=  -44.08 avg10=  391.89 steps= 167 succ10=0.60 touch10=0.60 col10=0.40 to10=0.00 min_d= 3.87 avg_spd=1.95m/s end=collision t= 2484.3s
[TRAIN][PPO] ep=146/500 r=  607.98 avg10=  455.99 steps=1461 succ10=0.70 touch10=0.70 col10=0.30 to10=0.00 min_d= 0.30 avg_spd=2.04m/s end=goal t= 2502.8s
[TRAIN][PPO] ep=147/500 r=  608.78 avg10=  456.23 steps=1639 succ10=0.70 touch10=0.70 col10=0.30 to10=0.00 min_d= 0.30 avg_spd=2.05m/s end=goal t= 2523.7s
[TRAIN][PPO] ep=148/500 r=  604.43 avg10=  456.70 steps=1444 succ10=0.70 touch10=0.70 col10=0.30 to10=0.00 min_d= 0.30 avg_spd=2.04m/s end=goal t= 2542.6s
[TRAIN][PPO] ep=149/500 r=  -43.99 avg10=  391.15 steps=  29 succ10=0.60 touch10=0.60 col10=0.40 to10=0.00 min_d= 3.89 avg_spd=1.81m/s end=collision t= 2543.0s
[TRAIN][PPO] ep=150/500 r=  611.52 avg10=  391.91 steps=1475 succ10=0.60 touch10=0.60 col10=0.40 to10=0.00 min_d= 0.30 avg_spd=2.06m/s end=goal t= 2560.9s
[TRAIN][PPO] ep=151/500 r=  599.19 avg10=  455.34 steps=1430 succ10=0.70 touch10=0.70 col10=0.30 to10=0.00 min_d= 0.30 avg_spd=2.05m/s end=goal t= 2578.8s
[TRAIN][PPO] ep=152/500 r=  599.32 avg10=  453.17 steps=1438 succ10=0.70 touch10=0.70 col10=0.30 to10=0.00 min_d= 0.30 avg_spd=2.06m/s end=goal t= 2598.4s
[TRAIN][PPO] ep=153/500 r=  624.83 avg10=  478.16 steps=1518 succ10=0.80 touch10=0.80 col10=0.20 to10=0.00 min_d= 0.30 avg_spd=2.03m/s end=goal t= 2617.3s ckpt=best_goal
[TRAIN][PPO] ep=154/500 r=  624.37 avg10=  479.24 steps=1505 succ10=0.80 touch10=0.80 col10=0.20 to10=0.00 min_d= 0.30 avg_spd=2.02m/s end=goal t= 2636.5s
[TRAIN][PPO] ep=155/500 r=  610.73 avg10=  544.72 steps=1462 succ10=0.90 touch10=0.90 col10=0.10 to10=0.00 min_d= 0.30 avg_spd=2.06m/s end=goal t= 2655.1s
[TRAIN][PPO] ep=156/500 r=  611.56 avg10=  545.07 steps=1477 succ10=0.90 touch10=0.90 col10=0.10 to10=0.00 min_d= 0.30 avg_spd=2.04m/s end=goal t= 2677.0s
[TRAIN][PPO] ep=157/500 r=  612.13 avg10=  545.41 steps=1484 succ10=0.90 touch10=0.90 col10=0.10 to10=0.00 min_d= 0.30 avg_spd=2.04m/s end=goal t= 2695.5s
[TRAIN][PPO] ep=158/500 r=  359.96 avg10=  520.96 steps=1203 succ10=0.80 touch10=0.80 col10=0.20 to10=0.00 min_d= 0.92 avg_spd=2.05m/s end=collision t= 2710.6s
[TRAIN][PPO] ep=159/500 r=  604.87 avg10=  585.85 steps=1458 succ10=0.90 touch10=0.90 col10=0.10 to10=0.00 min_d= 0.30 avg_spd=2.03m/s end=goal t= 2729.9s
[TRAIN][PPO] ep=160/500 r=  610.45 avg10=  585.74 steps=1464 succ10=0.90 touch10=0.90 col10=0.10 to10=0.00 min_d= 0.30 avg_spd=2.06m/s end=goal t= 2751.2s
[TRAIN][PPO] ep=161/500 r=  601.00 avg10=  585.92 steps=1441 succ10=0.90 touch10=0.90 col10=0.10 to10=0.00 min_d= 0.30 avg_spd=2.07m/s end=goal t= 2769.5s
[TRAIN][PPO] ep=162/500 r=  618.54 avg10=  587.84 steps=1503 succ10=0.90 touch10=0.90 col10=0.10 to10=0.00 min_d= 0.30 avg_spd=2.03m/s end=goal t= 2788.4s
[TRAIN][PPO] ep=163/500 r=  612.99 avg10=  586.66 steps=1480 succ10=0.90 touch10=0.90 col10=0.10 to10=0.00 min_d= 0.30 avg_spd=2.05m/s end=goal t= 2806.9s
[TRAIN][PPO] ep=164/500 r=  619.45 avg10=  586.17 steps=1495 succ10=0.90 touch10=0.90 col10=0.10 to10=0.00 min_d= 0.30 avg_spd=2.02m/s end=goal t= 2828.1s
[TRAIN][PPO] ep=165/500 r=  605.51 avg10=  585.65 steps=1451 succ10=0.90 touch10=0.90 col10=0.10 to10=0.00 min_d= 0.30 avg_spd=2.03m/s end=goal t= 2846.8s
[TRAIN][PPO] ep=166/500 r=  -44.07 avg10=  520.08 steps=  35 succ10=0.80 touch10=0.80 col10=0.20 to10=0.00 min_d= 3.88 avg_spd=1.84m/s end=collision t= 2847.3s
[TRAIN][PPO] ep=167/500 r=   78.96 avg10=  466.77 steps= 393 succ10=0.70 touch10=0.70 col10=0.30 to10=0.00 min_d= 3.09 avg_spd=1.98m/s end=collision t= 2852.3s
[TRAIN][PPO] ep=168/500 r=  361.82 avg10=  466.95 steps=1204 succ10=0.70 touch10=0.70 col10=0.30 to10=0.00 min_d= 0.97 avg_spd=2.04m/s end=collision t= 2869.3s
[TRAIN][PPO] ep=169/500 r=  616.66 avg10=  468.13 steps=1489 succ10=0.70 touch10=0.70 col10=0.30 to10=0.00 min_d= 0.30 avg_spd=2.04m/s end=goal t= 2888.4s
[TRAIN][PPO] ep=170/500 r=  -41.30 avg10=  402.95 steps= 126 succ10=0.60 touch10=0.60 col10=0.40 to10=0.00 min_d= 3.87 avg_spd=1.92m/s end=collision t= 2890.1s
[TRAIN][PPO] ep=171/500 r=  614.76 avg10=  404.33 steps=1479 succ10=0.60 touch10=0.60 col10=0.40 to10=0.00 min_d= 0.30 avg_spd=2.05m/s end=goal t= 2909.0s
[TRAIN][PPO] ep=172/500 r=  612.28 avg10=  403.71 steps=1480 succ10=0.60 touch10=0.60 col10=0.40 to10=0.00 min_d= 0.30 avg_spd=2.04m/s end=goal t= 2929.4s
[TRAIN][PPO] ep=173/500 r=  589.37 avg10=  401.34 steps=1399 succ10=0.60 touch10=0.60 col10=0.40 to10=0.00 min_d= 0.30 avg_spd=2.09m/s end=goal t= 2947.4s
[TRAIN][PPO] ep=174/500 r=  596.91 avg10=  399.09 steps=1414 succ10=0.60 touch10=0.60 col10=0.40 to10=0.00 min_d= 0.30 avg_spd=2.06m/s end=goal t= 2965.9s
[TRAIN][PPO] ep=175/500 r=  -33.61 avg10=  335.18 steps= 133 succ10=0.50 touch10=0.50 col10=0.50 to10=0.00 min_d= 3.90 avg_spd=2.02m/s end=collision t= 2967.7s
[TRAIN][PPO] ep=176/500 r=  603.73 avg10=  399.96 steps=1457 succ10=0.60 touch10=0.60 col10=0.40 to10=0.00 min_d= 0.30 avg_spd=2.07m/s end=goal t= 2988.5s
[TRAIN][PPO] ep=177/500 r=  619.34 avg10=  454.00 steps=1487 succ10=0.70 touch10=0.70 col10=0.30 to10=0.00 min_d= 0.30 avg_spd=2.03m/s end=goal t= 3007.9s
[TRAIN][PPO] ep=178/500 r=  602.88 avg10=  478.10 steps=1434 succ10=0.80 touch10=0.80 col10=0.20 to10=0.00 min_d= 0.30 avg_spd=2.05m/s end=goal t= 3026.6s
[TRAIN][PPO] ep=179/500 r=  608.91 avg10=  477.33 steps=1478 succ10=0.80 touch10=0.80 col10=0.20 to10=0.00 min_d= 0.30 avg_spd=2.05m/s end=goal t= 3046.0s
[TRAIN][PPO] ep=180/500 r=  608.55 avg10=  542.31 steps=1461 succ10=0.90 touch10=0.90 col10=0.10 to10=0.00 min_d= 0.30 avg_spd=2.05m/s end=goal t= 3066.8s
[TRAIN][PPO] ep=181/500 r=  -41.92 avg10=  476.64 steps= 117 succ10=0.80 touch10=0.80 col10=0.20 to10=0.00 min_d= 3.89 avg_spd=1.99m/s end=collision t= 3068.4s
[TRAIN][PPO] ep=182/500 r=  602.99 avg10=  475.72 steps=1454 succ10=0.80 touch10=0.80 col10=0.20 to10=0.00 min_d= 0.30 avg_spd=2.05m/s end=goal t= 3087.3s
[TRAIN][PPO] ep=183/500 r=  616.45 avg10=  478.42 steps=1479 succ10=0.80 touch10=0.80 col10=0.20 to10=0.00 min_d= 0.30 avg_spd=2.05m/s end=goal t= 3106.2s
[TRAIN][PPO] ep=184/500 r=  -41.75 avg10=  414.56 steps=  42 succ10=0.70 touch10=0.70 col10=0.30 to10=0.00 min_d= 3.88 avg_spd=2.09m/s end=collision t= 3107.9s
[TRAIN][PPO] ep=185/500 r=  611.36 avg10=  479.05 steps=1461 succ10=0.80 touch10=0.80 col10=0.20 to10=0.00 min_d= 0.30 avg_spd=2.06m/s end=goal t= 3126.7s
[TRAIN][PPO] ep=186/500 r=  -46.39 avg10=  414.04 steps= 112 succ10=0.70 touch10=0.70 col10=0.30 to10=0.00 min_d= 3.88 avg_spd=1.91m/s end=collision t= 3128.2s
[TRAIN][PPO] ep=187/500 r=  -44.43 avg10=  347.66 steps= 146 succ10=0.60 touch10=0.60 col10=0.40 to10=0.00 min_d= 3.87 avg_spd=2.03m/s end=collision t= 3130.1s
[TRAIN][PPO] ep=188/500 r=  606.78 avg10=  348.05 steps=1461 succ10=0.60 touch10=0.60 col10=0.40 to10=0.00 min_d= 0.30 avg_spd=2.04m/s end=goal t= 3150.1s
[TRAIN][PPO] ep=189/500 r=  -51.65 avg10=  282.00 steps= 138 succ10=0.50 touch10=0.50 col10=0.50 to10=0.00 min_d= 3.86 avg_spd=1.88m/s end=collision t= 3152.0s
[TRAIN][PPO] ep=190/500 r=  606.78 avg10=  281.82 steps=1472 succ10=0.50 touch10=0.50 col10=0.50 to10=0.00 min_d= 0.30 avg_spd=2.05m/s end=goal t= 3171.1s
[TRAIN][PPO] ep=191/500 r=  604.18 avg10=  346.43 steps=1455 succ10=0.60 touch10=0.60 col10=0.40 to10=0.00 min_d= 0.30 avg_spd=2.06m/s end=goal t= 3189.7s
[TRAIN][PPO] ep=192/500 r=  613.80 avg10=  347.51 steps=1466 succ10=0.60 touch10=0.60 col10=0.40 to10=0.00 min_d= 0.30 avg_spd=2.06m/s end=goal t= 3210.3s
[TRAIN][PPO] ep=193/500 r=  613.33 avg10=  347.20 steps=1511 succ10=0.60 touch10=0.60 col10=0.40 to10=0.00 min_d= 0.30 avg_spd=2.03m/s end=goal t= 3229.9s
[TRAIN][PPO] ep=194/500 r=  603.09 avg10=  411.69 steps=1440 succ10=0.70 touch10=0.70 col10=0.30 to10=0.00 min_d= 0.30 avg_spd=2.06m/s end=goal t= 3248.9s
[TRAIN][PPO] ep=195/500 r=  606.00 avg10=  411.15 steps=1462 succ10=0.70 touch10=0.70 col10=0.30 to10=0.00 min_d= 0.30 avg_spd=2.06m/s end=goal t= 3268.0s
[TRAIN][PPO] ep=196/500 r=  609.68 avg10=  476.76 steps=1489 succ10=0.80 touch10=0.80 col10=0.20 to10=0.00 min_d= 0.30 avg_spd=2.06m/s end=goal t= 3289.9s
[TRAIN][PPO] ep=197/500 r=  603.18 avg10=  541.52 steps=1447 succ10=0.90 touch10=0.90 col10=0.10 to10=0.00 min_d= 0.30 avg_spd=2.05m/s end=goal t= 3308.9s
[TRAIN][PPO] ep=198/500 r=  -31.69 avg10=  477.67 steps= 111 succ10=0.80 touch10=0.80 col10=0.20 to10=0.00 min_d= 3.89 avg_spd=1.86m/s end=collision t= 3310.4s
[TRAIN][PPO] ep=199/500 r=  -35.94 avg10=  479.24 steps= 116 succ10=0.80 touch10=0.80 col10=0.20 to10=0.00 min_d= 3.89 avg_spd=1.91m/s end=collision t= 3312.0s
[TRAIN][PPO] ep=200/500 r=  602.78 avg10=  478.84 steps=1464 succ10=0.80 touch10=0.80 col10=0.20 to10=0.00 min_d= 0.30 avg_spd=2.05m/s end=goal t= 3332.5s ckpt=latest
[TRAIN][PPO] ep=201/500 r=  615.65 avg10=  479.99 steps=1486 succ10=0.80 touch10=0.80 col10=0.20 to10=0.00 min_d= 0.30 avg_spd=2.05m/s end=goal t= 3351.7s
[TRAIN][PPO] ep=202/500 r=  605.59 avg10=  479.17 steps=1456 succ10=0.80 touch10=0.80 col10=0.20 to10=0.00 min_d= 0.30 avg_spd=2.05m/s end=goal t= 3370.8s
[TRAIN][PPO] ep=203/500 r=  603.66 avg10=  478.20 steps=1450 succ10=0.80 touch10=0.80 col10=0.20 to10=0.00 min_d= 0.30 avg_spd=2.05m/s end=goal t= 3390.0s
[TRAIN][PPO] ep=204/500 r=  607.82 avg10=  478.67 steps=1477 succ10=0.80 touch10=0.80 col10=0.20 to10=0.00 min_d= 0.30 avg_spd=2.04m/s end=goal t= 3411.2s
[TRAIN][PPO] ep=205/500 r=  -44.25 avg10=  413.65 steps=  26 succ10=0.70 touch10=0.70 col10=0.30 to10=0.00 min_d= 3.88 avg_spd=1.62m/s end=collision t= 3411.6s
[TRAIN][PPO] ep=206/500 r=  616.80 avg10=  414.36 steps=1499 succ10=0.70 touch10=0.70 col10=0.30 to10=0.00 min_d= 0.30 avg_spd=2.02m/s end=goal t= 3430.0s
[TRAIN][PPO] ep=207/500 r=  610.69 avg10=  415.11 steps=1481 succ10=0.70 touch10=0.70 col10=0.30 to10=0.00 min_d= 0.30 avg_spd=2.02m/s end=goal t= 3449.6s
[TRAIN][PPO] ep=208/500 r=  330.39 avg10=  451.32 steps=1094 succ10=0.70 touch10=0.70 col10=0.30 to10=0.00 min_d= 1.13 avg_spd=2.08m/s end=collision t= 3465.6s
[TRAIN][PPO] ep=209/500 r=  605.57 avg10=  515.47 steps=1453 succ10=0.80 touch10=0.80 col10=0.20 to10=0.00 min_d= 0.30 avg_spd=2.04m/s end=goal t= 3484.8s
[TRAIN][PPO] ep=210/500 r=  616.11 avg10=  516.80 steps=1488 succ10=0.80 touch10=0.80 col10=0.20 to10=0.00 min_d= 0.30 avg_spd=2.04m/s end=goal t= 3504.1s
[TRAIN][PPO] ep=211/500 r=  -37.18 avg10=  451.52 steps=  92 succ10=0.70 touch10=0.70 col10=0.30 to10=0.00 min_d= 3.87 avg_spd=2.01m/s end=collision t= 3505.4s
[TRAIN][PPO] ep=212/500 r=  607.43 avg10=  451.70 steps=1463 succ10=0.70 touch10=0.70 col10=0.30 to10=0.00 min_d= 0.30 avg_spd=2.03m/s end=goal t= 3526.9s
[TRAIN][PPO] ep=213/500 r=  622.71 avg10=  453.61 steps=1510 succ10=0.70 touch10=0.70 col10=0.30 to10=0.00 min_d= 0.30 avg_spd=2.02m/s end=goal t= 3545.8s
[TRAIN][PPO] ep=214/500 r=  617.13 avg10=  454.54 steps=1483 succ10=0.70 touch10=0.70 col10=0.30 to10=0.00 min_d= 0.30 avg_spd=2.03m/s end=goal t= 3564.3s
[TRAIN][PPO] ep=215/500 r=  -34.84 avg10=  455.48 steps= 121 succ10=0.70 touch10=0.70 col10=0.30 to10=0.00 min_d= 3.90 avg_spd=2.03m/s end=collision t= 3565.9s
[TRAIN][PPO] ep=216/500 r=  610.47 avg10=  454.85 steps=1472 succ10=0.70 touch10=0.70 col10=0.30 to10=0.00 min_d= 0.30 avg_spd=2.05m/s end=goal t= 3586.5s
[TRAIN][PPO] ep=217/500 r=  618.14 avg10=  455.59 steps=1515 succ10=0.70 touch10=0.70 col10=0.30 to10=0.00 min_d= 0.30 avg_spd=2.04m/s end=goal t= 3606.0s
[TRAIN][PPO] ep=218/500 r=  594.60 avg10=  482.01 steps=1436 succ10=0.80 touch10=0.80 col10=0.20 to10=0.00 min_d= 0.30 avg_spd=2.06m/s end=goal t= 3624.0s
[TRAIN][PPO] ep=219/500 r=  615.19 avg10=  482.98 steps=1511 succ10=0.80 touch10=0.80 col10=0.20 to10=0.00 min_d= 0.30 avg_spd=2.05m/s end=goal t= 3641.9s
[TRAIN][PPO] ep=220/500 r=  611.37 avg10=  482.50 steps=1473 succ10=0.80 touch10=0.80 col10=0.20 to10=0.00 min_d= 0.30 avg_spd=2.04m/s end=goal t= 3661.7s
[TRAIN][PPO] ep=221/500 r=  610.37 avg10=  547.26 steps=1472 succ10=0.90 touch10=0.90 col10=0.10 to10=0.00 min_d= 0.30 avg_spd=2.04m/s end=goal t= 3679.6s
[TRAIN][PPO] ep=222/500 r=  601.92 avg10=  546.71 steps=1440 succ10=0.90 touch10=0.90 col10=0.10 to10=0.00 min_d= 0.30 avg_spd=2.07m/s end=goal t= 3697.6s
[TRAIN][PPO] ep=223/500 r=  623.11 avg10=  546.75 steps=1504 succ10=0.90 touch10=0.90 col10=0.10 to10=0.00 min_d= 0.30 avg_spd=2.03m/s end=goal t= 3716.7s
[TRAIN][PPO] ep=224/500 r=  609.87 avg10=  546.02 steps=1456 succ10=0.90 touch10=0.90 col10=0.10 to10=0.00 min_d= 0.30 avg_spd=2.06m/s end=goal t= 3738.0s
[TRAIN][PPO] ep=225/500 r=  -46.13 avg10=  544.89 steps=  92 succ10=0.90 touch10=0.90 col10=0.10 to10=0.00 min_d= 3.86 avg_spd=1.89m/s end=collision t= 3739.3s
[TRAIN][PPO] ep=226/500 r=  595.92 avg10=  543.44 steps=1419 succ10=0.90 touch10=0.90 col10=0.10 to10=0.00 min_d= 0.30 avg_spd=2.07m/s end=goal t= 3757.9s
[TRAIN][PPO] ep=227/500 r=  613.80 avg10=  543.00 steps=1472 succ10=0.90 touch10=0.90 col10=0.10 to10=0.00 min_d= 0.30 avg_spd=2.03m/s end=goal t= 3776.8s
[TRAIN][PPO] ep=228/500 r=  610.79 avg10=  544.62 steps=1465 succ10=0.90 touch10=0.90 col10=0.10 to10=0.00 min_d= 0.30 avg_spd=2.05m/s end=goal t= 3797.7s
[TRAIN][PPO] ep=229/500 r=  610.66 avg10=  544.17 steps=1463 succ10=0.90 touch10=0.90 col10=0.10 to10=0.00 min_d= 0.30 avg_spd=2.04m/s end=goal t= 3817.4s
[TRAIN][PPO] ep=230/500 r=  620.04 avg10=  545.03 steps=1491 succ10=0.90 touch10=0.90 col10=0.10 to10=0.00 min_d= 0.30 avg_spd=2.05m/s end=goal t= 3837.2s
[TRAIN][PPO] ep=231/500 r=  620.28 avg10=  546.03 steps=1506 succ10=0.90 touch10=0.90 col10=0.10 to10=0.00 min_d= 0.30 avg_spd=2.03m/s end=goal t= 3856.7s
[TRAIN][PPO] ep=232/500 r=  612.62 avg10=  547.10 steps=1463 succ10=0.90 touch10=0.90 col10=0.10 to10=0.00 min_d= 0.30 avg_spd=2.06m/s end=goal t= 3877.8s
[TRAIN][PPO] ep=233/500 r=  616.19 avg10=  546.40 steps=1494 succ10=0.90 touch10=0.90 col10=0.10 to10=0.00 min_d= 0.30 avg_spd=2.04m/s end=goal t= 3897.4s
[TRAIN][PPO] ep=234/500 r=  601.99 avg10=  545.62 steps=1448 succ10=0.90 touch10=0.90 col10=0.10 to10=0.00 min_d= 0.30 avg_spd=2.07m/s end=goal t= 3916.2s
[TRAIN][PPO] ep=235/500 r=  608.05 avg10=  611.03 steps=1452 succ10=1.00 touch10=1.00 col10=0.00 to10=0.00 min_d= 0.30 avg_spd=2.06m/s end=goal t= 3935.4s
[TRAIN][PPO] ep=236/500 r=  614.29 avg10=  612.87 steps=1481 succ10=1.00 touch10=1.00 col10=0.00 to10=0.00 min_d= 0.30 avg_spd=2.05m/s end=goal t= 3957.4s
[TRAIN][PPO] ep=237/500 r=  613.70 avg10=  612.86 steps=1477 succ10=1.00 touch10=1.00 col10=0.00 to10=0.00 min_d= 0.30 avg_spd=2.04m/s end=goal t= 3976.7s
[TRAIN][PPO] ep=238/500 r=  600.33 avg10=  611.82 steps=1455 succ10=1.00 touch10=1.00 col10=0.00 to10=0.00 min_d= 0.30 avg_spd=2.04m/s end=goal t= 3995.6s
[TRAIN][PPO] ep=239/500 r=  612.71 avg10=  612.02 steps=1491 succ10=1.00 touch10=1.00 col10=0.00 to10=0.00 min_d= 0.30 avg_spd=2.03m/s end=goal t= 4015.0s
[TRAIN][PPO] ep=240/500 r=  610.76 avg10=  611.09 steps=1464 succ10=1.00 touch10=1.00 col10=0.00 to10=0.00 min_d= 0.30 avg_spd=2.05m/s end=goal t= 4036.0s
[TRAIN][PPO] ep=241/500 r=  601.96 avg10=  609.26 steps=1446 succ10=1.00 touch10=1.00 col10=0.00 to10=0.00 min_d= 0.30 avg_spd=2.06m/s end=goal t= 4054.4s
[TRAIN][PPO] ep=242/500 r=  600.38 avg10=  608.04 steps=1449 succ10=1.00 touch10=1.00 col10=0.00 to10=0.00 min_d= 0.30 avg_spd=2.05m/s end=goal t= 4072.8s
[TRAIN][PPO] ep=243/500 r=  601.14 avg10=  606.53 steps=1455 succ10=1.00 touch10=1.00 col10=0.00 to10=0.00 min_d= 0.30 avg_spd=2.04m/s end=goal t= 4091.2s
[TRAIN][PPO] ep=244/500 r=  603.91 avg10=  606.72 steps=1453 succ10=1.00 touch10=1.00 col10=0.00 to10=0.00 min_d= 0.30 avg_spd=2.05m/s end=goal t= 4112.0s
[TRAIN][PPO] ep=245/500 r=  609.22 avg10=  606.84 steps=1470 succ10=1.00 touch10=1.00 col10=0.00 to10=0.00 min_d= 0.30 avg_spd=2.04m/s end=goal t= 4131.3s
[TRAIN][PPO] ep=246/500 r=  599.36 avg10=  605.35 steps=1452 succ10=1.00 touch10=1.00 col10=0.00 to10=0.00 min_d= 0.30 avg_spd=2.06m/s end=goal t= 4150.2s
[TRAIN][PPO] ep=247/500 r=  611.82 avg10=  605.16 steps=1500 succ10=1.00 touch10=1.00 col10=0.00 to10=0.00 min_d= 0.30 avg_spd=2.07m/s end=goal t= 4169.1s
[TRAIN][PPO] ep=248/500 r=  614.12 avg10=  606.54 steps=1484 succ10=1.00 touch10=1.00 col10=0.00 to10=0.00 min_d= 0.30 avg_spd=2.07m/s end=goal t= 4189.9s
[TRAIN][PPO] ep=249/500 r=  612.01 avg10=  606.47 steps=1488 succ10=1.00 touch10=1.00 col10=0.00 to10=0.00 min_d= 0.30 avg_spd=2.04m/s end=goal t= 4209.4s
[TRAIN][PPO] ep=250/500 r=  611.47 avg10=  606.54 steps=1474 succ10=1.00 touch10=1.00 col10=0.00 to10=0.00 min_d= 0.30 avg_spd=2.05m/s end=goal t= 4228.6s
[TRAIN][PPO] ep=251/500 r=  602.14 avg10=  606.56 steps=1457 succ10=1.00 touch10=1.00 col10=0.00 to10=0.00 min_d= 0.30 avg_spd=2.04m/s end=goal t= 4247.1s
[TRAIN][PPO] ep=252/500 r=  608.10 avg10=  607.33 steps=1460 succ10=1.00 touch10=1.00 col10=0.00 to10=0.00 min_d= 0.30 avg_spd=2.06m/s end=goal t= 4267.7s
[TRAIN][PPO] ep=253/500 r=  605.95 avg10=  607.81 steps=1473 succ10=1.00 touch10=1.00 col10=0.00 to10=0.00 min_d= 0.30 avg_spd=2.06m/s end=goal t= 4286.3s
[TRAIN][PPO] ep=254/500 r=  -33.83 avg10=  544.04 steps=  90 succ10=0.90 touch10=0.90 col10=0.10 to10=0.00 min_d= 3.89 avg_spd=1.98m/s end=collision t= 4287.5s
[TRAIN][PPO] ep=255/500 r=  616.76 avg10=  544.79 steps=1502 succ10=0.90 touch10=0.90 col10=0.10 to10=0.00 min_d= 0.30 avg_spd=2.05m/s end=goal t= 4307.0s
[TRAIN][PPO] ep=256/500 r=  601.02 avg10=  544.96 steps=1437 succ10=0.90 touch10=0.90 col10=0.10 to10=0.00 min_d= 0.30 avg_spd=2.06m/s end=goal t= 4327.8s
[TRAIN][PPO] ep=257/500 r=  603.55 avg10=  544.13 steps=1450 succ10=0.90 touch10=0.90 col10=0.10 to10=0.00 min_d= 0.30 avg_spd=2.05m/s end=goal t= 4346.3s
[TRAIN][PPO] ep=258/500 r=  370.83 avg10=  519.80 steps=1241 succ10=0.80 touch10=0.80 col10=0.20 to10=0.00 min_d= 0.89 avg_spd=2.05m/s end=collision t= 4362.6s
[TRAIN][PPO] ep=259/500 r=  618.03 avg10=  520.40 steps=1510 succ10=0.80 touch10=0.80 col10=0.20 to10=0.00 min_d= 0.30 avg_spd=2.04m/s end=goal t= 4382.2s
[TRAIN][PPO] ep=260/500 r=  611.63 avg10=  520.42 steps=1473 succ10=0.80 touch10=0.80 col10=0.20 to10=0.00 min_d= 0.30 avg_spd=2.05m/s end=goal t= 4403.5s
[TRAIN][PPO] ep=261/500 r=  599.93 avg10=  520.20 steps=1463 succ10=0.80 touch10=0.80 col10=0.20 to10=0.00 min_d= 0.30 avg_spd=2.04m/s end=goal t= 4422.3s
[TRAIN][PPO] ep=262/500 r=  602.44 avg10=  519.63 steps=1457 succ10=0.80 touch10=0.80 col10=0.20 to10=0.00 min_d= 0.30 avg_spd=2.05m/s end=goal t= 4440.6s
[TRAIN][PPO] ep=263/500 r=  601.35 avg10=  519.17 steps=1451 succ10=0.80 touch10=0.80 col10=0.20 to10=0.00 min_d= 0.30 avg_spd=2.06m/s end=goal t= 4459.1s
[TRAIN][PPO] ep=264/500 r=  610.05 avg10=  583.56 steps=1486 succ10=0.90 touch10=0.90 col10=0.10 to10=0.00 min_d= 0.30 avg_spd=2.06m/s end=goal t= 4480.7s
[TRAIN][PPO] ep=265/500 r=  599.17 avg10=  581.80 steps=1441 succ10=0.90 touch10=0.90 col10=0.10 to10=0.00 min_d= 0.30 avg_spd=2.07m/s end=goal t= 4499.4s
[TRAIN][PPO] ep=266/500 r=  606.77 avg10=  582.37 steps=1476 succ10=0.90 touch10=0.90 col10=0.10 to10=0.00 min_d= 0.30 avg_spd=2.05m/s end=goal t= 4518.1s
[TRAIN][PPO] ep=267/500 r=  610.65 avg10=  583.08 steps=1479 succ10=0.90 touch10=0.90 col10=0.10 to10=0.00 min_d= 0.30 avg_spd=2.07m/s end=goal t= 4537.4s
[TRAIN][PPO] ep=268/500 r=  614.19 avg10=  607.42 steps=1485 succ10=1.00 touch10=1.00 col10=0.00 to10=0.00 min_d= 0.30 avg_spd=2.03m/s end=goal t= 4558.0s
[TRAIN][PPO] ep=269/500 r=  608.79 avg10=  606.50 steps=1470 succ10=1.00 touch10=1.00 col10=0.00 to10=0.00 min_d= 0.30 avg_spd=2.04m/s end=goal t= 4577.1s
[TRAIN][PPO] ep=270/500 r=  620.73 avg10=  607.41 steps=1509 succ10=1.00 touch10=1.00 col10=0.00 to10=0.00 min_d= 0.30 avg_spd=2.04m/s end=goal t= 4596.7s
[TRAIN][PPO] ep=271/500 r=  613.65 avg10=  608.78 steps=1482 succ10=1.00 touch10=1.00 col10=0.00 to10=0.00 min_d= 0.30 avg_spd=2.04m/s end=goal t= 4615.7s
[TRAIN][PPO] ep=272/500 r=  612.76 avg10=  609.81 steps=1468 succ10=1.00 touch10=1.00 col10=0.00 to10=0.00 min_d= 0.30 avg_spd=2.06m/s end=goal t= 4636.3s
[TRAIN][PPO] ep=273/500 r=  609.83 avg10=  610.66 steps=1470 succ10=1.00 touch10=1.00 col10=0.00 to10=0.00 min_d= 0.30 avg_spd=2.03m/s end=goal t= 4655.2s
[TRAIN][PPO] ep=274/500 r=  602.69 avg10=  609.92 steps=1455 succ10=1.00 touch10=1.00 col10=0.00 to10=0.00 min_d= 0.30 avg_spd=2.06m/s end=goal t= 4673.7s
[TRAIN][PPO] ep=275/500 r=  -38.40 avg10=  546.17 steps= 114 succ10=0.90 touch10=0.90 col10=0.10 to10=0.00 min_d= 3.88 avg_spd=2.01m/s end=collision t= 4675.3s
[TRAIN][PPO] ep=276/500 r=  608.70 avg10=  546.36 steps=1456 succ10=0.90 touch10=0.90 col10=0.10 to10=0.00 min_d= 0.30 avg_spd=2.04m/s end=goal t= 4694.8s
[TRAIN][PPO] ep=277/500 r=  -40.42 avg10=  481.25 steps=  44 succ10=0.80 touch10=0.80 col10=0.20 to10=0.00 min_d= 3.89 avg_spd=2.03m/s end=collision t= 4695.5s
[TRAIN][PPO] ep=278/500 r=  613.57 avg10=  481.19 steps=1480 succ10=0.80 touch10=0.80 col10=0.20 to10=0.00 min_d= 0.30 avg_spd=2.03m/s end=goal t= 4714.4s
[TRAIN][PPO] ep=279/500 r=  611.96 avg10=  481.51 steps=1478 succ10=0.80 touch10=0.80 col10=0.20 to10=0.00 min_d= 0.30 avg_spd=2.04m/s end=goal t= 4733.5s
[TRAIN][PPO] ep=280/500 r=  619.31 avg10=  481.36 steps=1500 succ10=0.80 touch10=0.80 col10=0.20 to10=0.00 min_d= 0.30 avg_spd=2.04m/s end=goal t= 4754.0s
[TRAIN][PPO] ep=281/500 r=  606.12 avg10=  480.61 steps=1448 succ10=0.80 touch10=0.80 col10=0.20 to10=0.00 min_d= 0.30 avg_spd=2.03m/s end=goal t= 4773.0s
[TRAIN][PPO] ep=282/500 r=  608.95 avg10=  480.23 steps=1460 succ10=0.80 touch10=0.80 col10=0.20 to10=0.00 min_d= 0.30 avg_spd=2.05m/s end=goal t= 4792.1s
[TRAIN][PPO] ep=283/500 r=  373.37 avg10=  456.58 steps=1228 succ10=0.70 touch10=0.70 col10=0.30 to10=0.00 min_d= 0.95 avg_spd=2.02m/s end=collision t= 4807.9s
[TRAIN][PPO] ep=284/500 r=  606.75 avg10=  456.99 steps=1482 succ10=0.70 touch10=0.70 col10=0.30 to10=0.00 min_d= 0.30 avg_spd=2.05m/s end=goal t= 4828.7s
[TRAIN][PPO] ep=285/500 r=  598.27 avg10=  520.66 steps=1421 succ10=0.80 touch10=0.80 col10=0.20 to10=0.00 min_d= 0.30 avg_spd=2.05m/s end=goal t= 4847.2s
[TRAIN][PPO] ep=286/500 r=  614.35 avg10=  521.22 steps=1474 succ10=0.80 touch10=0.80 col10=0.20 to10=0.00 min_d= 0.30 avg_spd=2.06m/s end=goal t= 4866.0s
[TRAIN][PPO] ep=287/500 r=  608.67 avg10=  586.13 steps=1467 succ10=0.90 touch10=0.90 col10=0.10 to10=0.00 min_d= 0.30 avg_spd=2.05m/s end=goal t= 4884.9s
[TRAIN][PPO] ep=288/500 r=  602.01 avg10=  584.97 steps=1438 succ10=0.90 touch10=0.90 col10=0.10 to10=0.00 min_d= 0.30 avg_spd=2.05m/s end=goal t= 4905.1s
[TRAIN][PPO] ep=289/500 r=  605.95 avg10=  584.37 steps=1461 succ10=0.90 touch10=0.90 col10=0.10 to10=0.00 min_d= 0.30 avg_spd=2.03m/s end=goal t= 4924.1s
[TRAIN][PPO] ep=290/500 r=  627.52 avg10=  585.20 steps=1514 succ10=0.90 touch10=0.90 col10=0.10 to10=0.00 min_d= 0.30 avg_spd=2.02m/s end=goal t= 4943.8s ckpt=best_goal
[TRAIN][PPO] ep=291/500 r=  -33.36 avg10=  521.25 steps= 115 succ10=0.80 touch10=0.80 col10=0.20 to10=0.00 min_d= 3.88 avg_spd=2.02m/s end=collision t= 4945.4s
[TRAIN][PPO] ep=292/500 r=  617.05 avg10=  522.06 steps=1480 succ10=0.80 touch10=0.80 col10=0.20 to10=0.00 min_d= 0.30 avg_spd=2.04m/s end=goal t= 4966.4s
[TRAIN][PPO] ep=293/500 r=  608.48 avg10=  545.57 steps=1476 succ10=0.90 touch10=0.90 col10=0.10 to10=0.00 min_d= 0.30 avg_spd=2.03m/s end=goal t= 4985.8s
[TRAIN][PPO] ep=294/500 r=  610.69 avg10=  545.96 steps=1475 succ10=0.90 touch10=0.90 col10=0.10 to10=0.00 min_d= 0.30 avg_spd=2.02m/s end=goal t= 5005.3s
[TRAIN][PPO] ep=295/500 r=  -38.05 avg10=  482.33 steps= 104 succ10=0.80 touch10=0.80 col10=0.20 to10=0.00 min_d= 3.87 avg_spd=1.95m/s end=collision t= 5006.7s
[TRAIN][PPO] ep=296/500 r=  612.28 avg10=  482.12 steps=1485 succ10=0.80 touch10=0.80 col10=0.20 to10=0.00 min_d= 0.30 avg_spd=2.02m/s end=goal t= 5028.9s
[TRAIN][PPO] ep=297/500 r=  611.35 avg10=  482.39 steps=1470 succ10=0.80 touch10=0.80 col10=0.20 to10=0.00 min_d= 0.30 avg_spd=2.05m/s end=goal t= 5048.2s
[TRAIN][PPO] ep=298/500 r=  599.50 avg10=  482.14 steps=1434 succ10=0.80 touch10=0.80 col10=0.20 to10=0.00 min_d= 0.30 avg_spd=2.05m/s end=goal t= 5066.7s
[TRAIN][PPO] ep=299/500 r=  612.33 avg10=  482.78 steps=1474 succ10=0.80 touch10=0.80 col10=0.20 to10=0.00 min_d= 0.30 avg_spd=2.03m/s end=goal t= 5086.1s
[TRAIN][PPO] ep=300/500 r=  -35.35 avg10=  416.49 steps= 138 succ10=0.70 touch10=0.70 col10=0.30 to10=0.00 min_d= 3.86 avg_spd=1.99m/s end=collision t= 5089.6s ckpt=latest
[TRAIN][PPO] ep=301/500 r=  602.39 avg10=  480.07 steps=1440 succ10=0.80 touch10=0.80 col10=0.20 to10=0.00 min_d= 0.30 avg_spd=2.04m/s end=goal t= 5108.9s
[TRAIN][PPO] ep=302/500 r=  606.17 avg10=  478.98 steps=1456 succ10=0.80 touch10=0.80 col10=0.20 to10=0.00 min_d= 0.30 avg_spd=2.03m/s end=goal t= 5127.9s
[TRAIN][PPO] ep=303/500 r=  624.84 avg10=  480.61 steps=1527 succ10=0.80 touch10=0.80 col10=0.20 to10=0.00 min_d= 0.30 avg_spd=2.02m/s end=goal t= 5148.0s
[TRAIN][PPO] ep=304/500 r=  606.32 avg10=  480.18 steps=1458 succ10=0.80 touch10=0.80 col10=0.20 to10=0.00 min_d= 0.30 avg_spd=2.05m/s end=goal t= 5169.4s
[TRAIN][PPO] ep=305/500 r=  617.84 avg10=  545.77 steps=1481 succ10=0.90 touch10=0.90 col10=0.10 to10=0.00 min_d= 0.30 avg_spd=2.02m/s end=goal t= 5189.0s
[TRAIN][PPO] ep=306/500 r=  609.54 avg10=  545.49 steps=1476 succ10=0.90 touch10=0.90 col10=0.10 to10=0.00 min_d= 0.30 avg_spd=2.05m/s end=goal t= 5208.0s
[TRAIN][PPO] ep=307/500 r=  613.60 avg10=  545.72 steps=1477 succ10=0.90 touch10=0.90 col10=0.10 to10=0.00 min_d= 0.30 avg_spd=2.05m/s end=goal t= 5227.3s
[TRAIN][PPO] ep=308/500 r=  347.15 avg10=  520.48 steps=1149 succ10=0.80 touch10=0.80 col10=0.20 to10=0.00 min_d= 1.12 avg_spd=2.03m/s end=collision t= 5243.6s
[TRAIN][PPO] ep=309/500 r=  610.72 avg10=  520.32 steps=1474 succ10=0.80 touch10=0.80 col10=0.20 to10=0.00 min_d= 0.30 avg_spd=2.04m/s end=goal t= 5262.7s
[TRAIN][PPO] ep=310/500 r=  -34.08 avg10=  520.45 steps= 130 succ10=0.80 touch10=0.80 col10=0.20 to10=0.00 min_d= 3.89 avg_spd=1.98m/s end=collision t= 5264.4s
[TRAIN][PPO] ep=311/500 r=  615.74 avg10=  521.78 steps=1497 succ10=0.80 touch10=0.80 col10=0.20 to10=0.00 min_d= 0.30 avg_spd=2.04m/s end=goal t= 5283.7s
[TRAIN][PPO] ep=312/500 r=  619.07 avg10=  523.07 steps=1490 succ10=0.80 touch10=0.80 col10=0.20 to10=0.00 min_d= 0.30 avg_spd=2.04m/s end=goal t= 5304.6s
[TRAIN][PPO] ep=313/500 r=  -42.51 avg10=  456.34 steps=  45 succ10=0.70 touch10=0.70 col10=0.30 to10=0.00 min_d= 3.89 avg_spd=1.99m/s end=collision t= 5305.3s
[TRAIN][PPO] ep=314/500 r=  615.95 avg10=  457.30 steps=1494 succ10=0.70 touch10=0.70 col10=0.30 to10=0.00 min_d= 0.30 avg_spd=2.03m/s end=goal t= 5324.8s
[TRAIN][PPO] ep=315/500 r=  611.89 avg10=  456.71 steps=1486 succ10=0.70 touch10=0.70 col10=0.30 to10=0.00 min_d= 0.30 avg_spd=2.02m/s end=goal t= 5343.8s
[TRAIN][PPO] ep=316/500 r=  620.96 avg10=  457.85 steps=1495 succ10=0.70 touch10=0.70 col10=0.30 to10=0.00 min_d= 0.30 avg_spd=2.05m/s end=goal t= 5365.0s
[TRAIN][PPO] ep=317/500 r=  -39.82 avg10=  392.51 steps=  46 succ10=0.60 touch10=0.60 col10=0.40 to10=0.00 min_d= 3.89 avg_spd=1.84m/s end=collision t= 5365.6s
[TRAIN][PPO] ep=318/500 r=  619.91 avg10=  419.79 steps=1497 succ10=0.70 touch10=0.70 col10=0.30 to10=0.00 min_d= 0.30 avg_spd=2.05m/s end=goal t= 5385.9s
[TRAIN][PPO] ep=319/500 r=  611.27 avg10=  419.84 steps=1479 succ10=0.70 touch10=0.70 col10=0.30 to10=0.00 min_d= 0.30 avg_spd=2.05m/s end=goal t= 5405.2s
[TRAIN][PPO] ep=320/500 r=  597.81 avg10=  483.03 steps=1426 succ10=0.80 touch10=0.80 col10=0.20 to10=0.00 min_d= 0.30 avg_spd=2.05m/s end=goal t= 5425.5s
[TRAIN][PPO] ep=321/500 r=  -43.96 avg10=  417.06 steps=  41 succ10=0.70 touch10=0.70 col10=0.30 to10=0.00 min_d= 3.88 avg_spd=2.02m/s end=collision t= 5426.1s
[TRAIN][PPO] ep=322/500 r=  612.72 avg10=  416.42 steps=1479 succ10=0.70 touch10=0.70 col10=0.30 to10=0.00 min_d= 0.30 avg_spd=2.04m/s end=goal t= 5445.5s
[TRAIN][PPO] ep=323/500 r=  608.40 avg10=  481.51 steps=1471 succ10=0.80 touch10=0.80 col10=0.20 to10=0.00 min_d= 0.30 avg_spd=2.05m/s end=goal t= 5465.0s
[TRAIN][PPO] ep=324/500 r=  610.17 avg10=  480.94 steps=1475 succ10=0.80 touch10=0.80 col10=0.20 to10=0.00 min_d= 0.30 avg_spd=2.05m/s end=goal t= 5485.4s
[TRAIN][PPO] ep=325/500 r=  618.36 avg10=  481.58 steps=1492 succ10=0.80 touch10=0.80 col10=0.20 to10=0.00 min_d= 0.30 avg_spd=2.03m/s end=goal t= 5504.7s
[TRAIN][PPO] ep=326/500 r=  616.59 avg10=  481.15 steps=1503 succ10=0.80 touch10=0.80 col10=0.20 to10=0.00 min_d= 0.30 avg_spd=2.04m/s end=goal t= 5523.9s
[TRAIN][PPO] ep=327/500 r=  620.09 avg10=  547.14 steps=1506 succ10=0.90 touch10=0.90 col10=0.10 to10=0.00 min_d= 0.30 avg_spd=2.04m/s end=goal t= 5543.3s
[TRAIN][PPO] ep=328/500 r=  611.52 avg10=  546.30 steps=1484 succ10=0.90 touch10=0.90 col10=0.10 to10=0.00 min_d= 0.30 avg_spd=2.05m/s end=goal t= 5565.3s
[TRAIN][PPO] ep=329/500 r=  614.48 avg10=  546.62 steps=1498 succ10=0.90 touch10=0.90 col10=0.10 to10=0.00 min_d= 0.30 avg_spd=2.05m/s end=goal t= 5584.8s
[TRAIN][PPO] ep=330/500 r=  604.08 avg10=  547.25 steps=1457 succ10=0.90 touch10=0.90 col10=0.10 to10=0.00 min_d= 0.30 avg_spd=2.04m/s end=goal t= 5603.9s
[TRAIN][PPO] ep=331/500 r=  608.43 avg10=  612.49 steps=1491 succ10=1.00 touch10=1.00 col10=0.00 to10=0.00 min_d= 0.30 avg_spd=2.05m/s end=goal t= 5623.4s
[TRAIN][PPO] ep=332/500 r=  615.54 avg10=  612.77 steps=1487 succ10=1.00 touch10=1.00 col10=0.00 to10=0.00 min_d= 0.30 avg_spd=2.04m/s end=goal t= 5644.6s
[TRAIN][PPO] ep=333/500 r=  606.83 avg10=  612.61 steps=1462 succ10=1.00 touch10=1.00 col10=0.00 to10=0.00 min_d= 0.30 avg_spd=2.04m/s end=goal t= 5663.8s
[TRAIN][PPO] ep=334/500 r=  607.07 avg10=  612.30 steps=1453 succ10=1.00 touch10=1.00 col10=0.00 to10=0.00 min_d= 0.30 avg_spd=2.04m/s end=goal t= 5683.1s
[TRAIN][PPO] ep=335/500 r=  621.01 avg10=  612.56 steps=1515 succ10=1.00 touch10=1.00 col10=0.00 to10=0.00 min_d= 0.30 avg_spd=2.03m/s end=goal t= 5703.3s
[TRAIN][PPO] ep=336/500 r=  624.28 avg10=  613.33 steps=1506 succ10=1.00 touch10=1.00 col10=0.00 to10=0.00 min_d= 0.30 avg_spd=2.02m/s end=goal t= 5726.0s
[TRAIN][PPO] ep=337/500 r=  611.98 avg10=  612.52 steps=1485 succ10=1.00 touch10=1.00 col10=0.00 to10=0.00 min_d= 0.30 avg_spd=2.03m/s end=goal t= 5745.7s
[TRAIN][PPO] ep=338/500 r=  628.92 avg10=  614.26 steps=1568 succ10=1.00 touch10=1.00 col10=0.00 to10=0.00 min_d= 0.30 avg_spd=2.00m/s end=goal t= 5766.6s ckpt=best_goal
[TRAIN][PPO] ep=339/500 r=  613.07 avg10=  614.12 steps=1488 succ10=1.00 touch10=1.00 col10=0.00 to10=0.00 min_d= 0.30 avg_spd=2.05m/s end=goal t= 5786.1s
[TRAIN][PPO] ep=340/500 r=  612.28 avg10=  614.94 steps=1483 succ10=1.00 touch10=1.00 col10=0.00 to10=0.00 min_d= 0.30 avg_spd=2.03m/s end=goal t= 5806.1s
[TRAIN][PPO] ep=341/500 r=  -43.44 avg10=  549.75 steps=  64 succ10=0.90 touch10=0.90 col10=0.10 to10=0.00 min_d= 3.87 avg_spd=2.02m/s end=collision t= 5807.0s
[TRAIN][PPO] ep=342/500 r=  606.09 avg10=  548.81 steps=1479 succ10=0.90 touch10=0.90 col10=0.10 to10=0.00 min_d= 0.30 avg_spd=2.02m/s end=goal t= 5826.6s
[TRAIN][PPO] ep=343/500 r=  -43.33 avg10=  483.79 steps=  28 succ10=0.80 touch10=0.80 col10=0.20 to10=0.00 min_d= 3.89 avg_spd=1.55m/s end=collision t= 5827.0s
[TRAIN][PPO] ep=344/500 r=  619.28 avg10=  485.01 steps=1508 succ10=0.80 touch10=0.80 col10=0.20 to10=0.00 min_d= 0.30 avg_spd=2.04m/s end=goal t= 5848.6s
[TRAIN][PPO] ep=345/500 r=  -32.00 avg10=  419.71 steps=  91 succ10=0.70 touch10=0.70 col10=0.30 to10=0.00 min_d= 3.89 avg_spd=2.01m/s end=collision t= 5849.8s
[TRAIN][PPO] ep=346/500 r=  609.24 avg10=  418.21 steps=1501 succ10=0.70 touch10=0.70 col10=0.30 to10=0.00 min_d= 0.30 avg_spd=2.01m/s end=goal t= 5869.6s
[TRAIN][PPO] ep=347/500 r=  614.72 avg10=  418.48 steps=1492 succ10=0.70 touch10=0.70 col10=0.30 to10=0.00 min_d= 0.30 avg_spd=2.02m/s end=goal t= 5889.1s
[TRAIN][PPO] ep=348/500 r=  600.25 avg10=  415.62 steps=1447 succ10=0.70 touch10=0.70 col10=0.30 to10=0.00 min_d= 0.30 avg_spd=2.05m/s end=goal t= 5909.7s
[TRAIN][PPO] ep=349/500 r=  609.58 avg10=  415.27 steps=1460 succ10=0.70 touch10=0.70 col10=0.30 to10=0.00 min_d= 0.30 avg_spd=2.06m/s end=goal t= 5928.4s
[TRAIN][PPO] ep=350/500 r=  379.08 avg10=  391.95 steps=1250 succ10=0.60 touch10=0.60 col10=0.40 to10=0.00 min_d= 0.91 avg_spd=2.03m/s end=collision t= 5944.3s
[TRAIN][PPO] ep=351/500 r=  615.45 avg10=  457.84 steps=1485 succ10=0.70 touch10=0.70 col10=0.30 to10=0.00 min_d= 0.30 avg_spd=2.06m/s end=goal t= 5963.0s
[TRAIN][PPO] ep=352/500 r=  607.63 avg10=  457.99 steps=1457 succ10=0.70 touch10=0.70 col10=0.30 to10=0.00 min_d= 0.30 avg_spd=2.05m/s end=goal t= 5983.5s
[TRAIN][PPO] ep=353/500 r=  -38.88 avg10=  458.44 steps=  90 succ10=0.70 touch10=0.70 col10=0.30 to10=0.00 min_d= 3.86 avg_spd=1.98m/s end=collision t= 5984.8s
[TRAIN][PPO] ep=354/500 r=  616.27 avg10=  458.14 steps=1483 succ10=0.70 touch10=0.70 col10=0.30 to10=0.00 min_d= 0.30 avg_spd=2.05m/s end=goal t= 6003.9s
[TRAIN][PPO] ep=355/500 r=  614.19 avg10=  522.75 steps=1489 succ10=0.80 touch10=0.80 col10=0.20 to10=0.00 min_d= 0.30 avg_spd=2.03m/s end=goal t= 6023.4s
[TRAIN][PPO] ep=356/500 r=  -43.34 avg10=  457.50 steps=  42 succ10=0.70 touch10=0.70 col10=0.30 to10=0.00 min_d= 3.88 avg_spd=1.84m/s end=collision t= 6025.1s
[TRAIN][PPO] ep=357/500 r=  605.92 avg10=  456.62 steps=1465 succ10=0.70 touch10=0.70 col10=0.30 to10=0.00 min_d= 0.30 avg_spd=2.03m/s end=goal t= 6044.2s
[TRAIN][PPO] ep=358/500 r=  599.63 avg10=  456.55 steps=1441 succ10=0.70 touch10=0.70 col10=0.30 to10=0.00 min_d= 0.30 avg_spd=2.05m/s end=goal t= 6063.0s
[TRAIN][PPO] ep=359/500 r=  613.89 avg10=  456.98 steps=1487 succ10=0.70 touch10=0.70 col10=0.30 to10=0.00 min_d= 0.30 avg_spd=2.03m/s end=goal t= 6082.7s
[TRAIN][PPO] ep=360/500 r=  620.03 avg10=  481.08 steps=1499 succ10=0.80 touch10=0.80 col10=0.20 to10=0.00 min_d= 0.30 avg_spd=2.02m/s end=goal t= 6104.9s
[TRAIN][PPO] ep=361/500 r=  619.54 avg10=  481.49 steps=1502 succ10=0.80 touch10=0.80 col10=0.20 to10=0.00 min_d= 0.30 avg_spd=2.04m/s end=goal t= 6124.7s
[TRAIN][PPO] ep=362/500 r=  -32.40 avg10=  417.48 steps=  76 succ10=0.70 touch10=0.70 col10=0.30 to10=0.00 min_d= 3.90 avg_spd=1.86m/s end=collision t= 6125.7s
[TRAIN][PPO] ep=363/500 r=  601.06 avg10=  481.48 steps=1462 succ10=0.80 touch10=0.80 col10=0.20 to10=0.00 min_d= 0.30 avg_spd=2.04m/s end=goal t= 6144.8s
[TRAIN][PPO] ep=364/500 r=  615.90 avg10=  481.44 steps=1492 succ10=0.80 touch10=0.80 col10=0.20 to10=0.00 min_d= 0.30 avg_spd=2.03m/s end=goal t= 6166.1s
[TRAIN][PPO] ep=365/500 r=  605.62 avg10=  480.58 steps=1466 succ10=0.80 touch10=0.80 col10=0.20 to10=0.00 min_d= 0.30 avg_spd=2.05m/s end=goal t= 6185.4s
[TRAIN][PPO] ep=366/500 r=  606.14 avg10=  545.53 steps=1478 succ10=0.90 touch10=0.90 col10=0.10 to10=0.00 min_d= 0.30 avg_spd=2.01m/s end=goal t= 6204.3s
[TRAIN][PPO] ep=367/500 r=  612.58 avg10=  546.20 steps=1509 succ10=0.90 touch10=0.90 col10=0.10 to10=0.00 min_d= 0.30 avg_spd=2.01m/s end=goal t= 6224.0s
[TRAIN][PPO] ep=368/500 r=  604.76 avg10=  546.71 steps=1465 succ10=0.90 touch10=0.90 col10=0.10 to10=0.00 min_d= 0.30 avg_spd=2.03m/s end=goal t= 6245.1s
[TRAIN][PPO] ep=369/500 r=  609.28 avg10=  546.25 steps=1464 succ10=0.90 touch10=0.90 col10=0.10 to10=0.00 min_d= 0.30 avg_spd=2.04m/s end=goal t= 6264.5s
[TRAIN][PPO] ep=370/500 r=  621.25 avg10=  546.37 steps=1510 succ10=0.90 touch10=0.90 col10=0.10 to10=0.00 min_d= 0.30 avg_spd=2.01m/s end=goal t= 6284.1s
[TRAIN][PPO] ep=371/500 r=  612.86 avg10=  545.70 steps=1476 succ10=0.90 touch10=0.90 col10=0.10 to10=0.00 min_d= 0.30 avg_spd=2.04m/s end=goal t= 6303.5s
[TRAIN][PPO] ep=372/500 r=  623.06 avg10=  611.25 steps=1510 succ10=1.00 touch10=1.00 col10=0.00 to10=0.00 min_d= 0.30 avg_spd=2.03m/s end=goal t= 6325.4s
[TRAIN][PPO] ep=373/500 r=  -32.44 avg10=  547.90 steps= 116 succ10=0.90 touch10=0.90 col10=0.10 to10=0.00 min_d= 3.90 avg_spd=1.99m/s end=collision t= 6327.1s
[TRAIN][PPO] ep=374/500 r=  604.12 avg10=  546.72 steps=1457 succ10=0.90 touch10=0.90 col10=0.10 to10=0.00 min_d= 0.30 avg_spd=2.03m/s end=goal t= 6346.4s
[TRAIN][PPO] ep=375/500 r=  602.66 avg10=  546.43 steps=1462 succ10=0.90 touch10=0.90 col10=0.10 to10=0.00 min_d= 0.30 avg_spd=2.04m/s end=goal t= 6365.6s
[TRAIN][PPO] ep=376/500 r=  615.23 avg10=  547.33 steps=1495 succ10=0.90 touch10=0.90 col10=0.10 to10=0.00 min_d= 0.30 avg_spd=2.02m/s end=goal t= 6386.7s
[TRAIN][PPO] ep=377/500 r=  613.60 avg10=  547.44 steps=1481 succ10=0.90 touch10=0.90 col10=0.10 to10=0.00 min_d= 0.30 avg_spd=2.05m/s end=goal t= 6406.3s
[TRAIN][PPO] ep=378/500 r=  615.43 avg10=  548.50 steps=1493 succ10=0.90 touch10=0.90 col10=0.10 to10=0.00 min_d= 0.30 avg_spd=2.01m/s end=goal t= 6426.2s
[TRAIN][PPO] ep=379/500 r=  608.28 avg10=  548.40 steps=1456 succ10=0.90 touch10=0.90 col10=0.10 to10=0.00 min_d= 0.30 avg_spd=2.03m/s end=goal t= 6445.5s
[TRAIN][PPO] ep=380/500 r=  619.64 avg10=  548.24 steps=1504 succ10=0.90 touch10=0.90 col10=0.10 to10=0.00 min_d= 0.30 avg_spd=2.04m/s end=goal t= 6467.9s
[TRAIN][PPO] ep=381/500 r=  609.17 avg10=  547.87 steps=1464 succ10=0.90 touch10=0.90 col10=0.10 to10=0.00 min_d= 0.30 avg_spd=2.03m/s end=goal t= 6487.4s
[TRAIN][PPO] ep=382/500 r=  610.35 avg10=  546.60 steps=1466 succ10=0.90 touch10=0.90 col10=0.10 to10=0.00 min_d= 0.30 avg_spd=2.03m/s end=goal t= 6506.9s
[TRAIN][PPO] ep=383/500 r=  623.55 avg10=  612.20 steps=1517 succ10=1.00 touch10=1.00 col10=0.00 to10=0.00 min_d= 0.30 avg_spd=2.02m/s end=goal t= 6526.8s
[TRAIN][PPO] ep=384/500 r=  -42.23 avg10=  547.57 steps=  34 succ10=0.90 touch10=0.90 col10=0.10 to10=0.00 min_d= 3.88 avg_spd=1.64m/s end=collision t= 6529.1s
[TRAIN][PPO] ep=385/500 r=  609.82 avg10=  548.28 steps=1464 succ10=0.90 touch10=0.90 col10=0.10 to10=0.00 min_d= 0.30 avg_spd=2.05m/s end=goal t= 6547.9s
[TRAIN][PPO] ep=386/500 r=  610.27 avg10=  547.79 steps=1471 succ10=0.90 touch10=0.90 col10=0.10 to10=0.00 min_d= 0.30 avg_spd=2.03m/s end=goal t= 6566.9s
[TRAIN][PPO] ep=387/500 r=  625.81 avg10=  549.01 steps=1527 succ10=0.90 touch10=0.90 col10=0.10 to10=0.00 min_d= 0.30 avg_spd=2.02m/s end=goal t= 6586.7s
[TRAIN][PPO] ep=388/500 r=  620.46 avg10=  549.51 steps=1496 succ10=0.90 touch10=0.90 col10=0.10 to10=0.00 min_d= 0.30 avg_spd=2.03m/s end=goal t= 6607.9s
[TRAIN][PPO] ep=389/500 r=  -37.35 avg10=  484.95 steps=  60 succ10=0.80 touch10=0.80 col10=0.20 to10=0.00 min_d= 3.87 avg_spd=1.65m/s end=collision t= 6608.7s
[TRAIN][PPO] ep=390/500 r=  615.34 avg10=  484.52 steps=1498 succ10=0.80 touch10=0.80 col10=0.20 to10=0.00 min_d= 0.30 avg_spd=2.04m/s end=goal t= 6628.0s
[TRAIN][PPO] ep=391/500 r=  615.61 avg10=  485.16 steps=1478 succ10=0.80 touch10=0.80 col10=0.20 to10=0.00 min_d= 0.30 avg_spd=2.06m/s end=goal t= 6647.6s
[TRAIN][PPO] ep=392/500 r=  614.93 avg10=  485.62 steps=1484 succ10=0.80 touch10=0.80 col10=0.20 to10=0.00 min_d= 0.30 avg_spd=2.04m/s end=goal t= 6668.9s
[TRAIN][PPO] ep=393/500 r=  604.93 avg10=  483.76 steps=1458 succ10=0.80 touch10=0.80 col10=0.20 to10=0.00 min_d= 0.30 avg_spd=2.03m/s end=goal t= 6688.5s
[TRAIN][PPO] ep=394/500 r=  612.73 avg10=  549.25 steps=1475 succ10=0.90 touch10=0.90 col10=0.10 to10=0.00 min_d= 0.30 avg_spd=2.06m/s end=goal t= 6708.1s
[TRAIN][PPO] ep=395/500 r=  617.57 avg10=  550.03 steps=1497 succ10=0.90 touch10=0.90 col10=0.10 to10=0.00 min_d= 0.30 avg_spd=2.03m/s end=goal t= 6728.4s
[TRAIN][PPO] ep=396/500 r=  613.04 avg10=  550.31 steps=1489 succ10=0.90 touch10=0.90 col10=0.10 to10=0.00 min_d= 0.30 avg_spd=2.04m/s end=goal t= 6750.4s
[TRAIN][PPO] ep=397/500 r=  624.71 avg10=  550.20 steps=1537 succ10=0.90 touch10=0.90 col10=0.10 to10=0.00 min_d= 0.30 avg_spd=2.01m/s end=goal t= 6771.0s
[TRAIN][PPO] ep=398/500 r=  605.69 avg10=  548.72 steps=1472 succ10=0.90 touch10=0.90 col10=0.10 to10=0.00 min_d= 0.30 avg_spd=2.03m/s end=goal t= 6790.4s
[TRAIN][PPO] ep=399/500 r=  614.41 avg10=  613.89 steps=1493 succ10=1.00 touch10=1.00 col10=0.00 to10=0.00 min_d= 0.30 avg_spd=2.05m/s end=goal t= 6810.0s
[TRAIN][PPO] ep=400/500 r=  599.29 avg10=  612.29 steps=1453 succ10=1.00 touch10=1.00 col10=0.00 to10=0.00 min_d= 0.30 avg_spd=2.06m/s end=goal t= 6830.5s ckpt=latest
[TRAIN][PPO] ep=401/500 r=  608.55 avg10=  611.58 steps=1491 succ10=1.00 touch10=1.00 col10=0.00 to10=0.00 min_d= 0.30 avg_spd=2.03m/s end=goal t= 6850.4s
[TRAIN][PPO] ep=402/500 r=  613.95 avg10=  611.49 steps=1475 succ10=1.00 touch10=1.00 col10=0.00 to10=0.00 min_d= 0.30 avg_spd=2.05m/s end=goal t= 6869.8s
[TRAIN][PPO] ep=403/500 r=  606.88 avg10=  611.68 steps=1487 succ10=1.00 touch10=1.00 col10=0.00 to10=0.00 min_d= 0.30 avg_spd=2.01m/s end=goal t= 6888.2s
[TRAIN][PPO] ep=404/500 r=  -27.73 avg10=  547.63 steps=  96 succ10=0.90 touch10=0.90 col10=0.10 to10=0.00 min_d= 3.89 avg_spd=1.77m/s end=collision t= 6890.8s
[TRAIN][PPO] ep=405/500 r=  599.64 avg10=  545.84 steps=1486 succ10=0.90 touch10=0.90 col10=0.10 to10=0.00 min_d= 0.30 avg_spd=2.05m/s end=goal t= 6910.4s
[TRAIN][PPO] ep=406/500 r=  598.10 avg10=  544.35 steps=1452 succ10=0.90 touch10=0.90 col10=0.10 to10=0.00 min_d= 0.30 avg_spd=2.05m/s end=goal t= 6930.1s
[TRAIN][PPO] ep=407/500 r=  610.28 avg10=  542.90 steps=1481 succ10=0.90 touch10=0.90 col10=0.10 to10=0.00 min_d= 0.30 avg_spd=2.04m/s end=goal t= 6949.9s
[TRAIN][PPO] ep=408/500 r=  619.35 avg10=  544.27 steps=1517 succ10=0.90 touch10=0.90 col10=0.10 to10=0.00 min_d= 0.30 avg_spd=2.01m/s end=goal t= 6972.6s
[TRAIN][PPO] ep=409/500 r=  603.24 avg10=  543.15 steps=1472 succ10=0.90 touch10=0.90 col10=0.10 to10=0.00 min_d= 0.30 avg_spd=2.04m/s end=goal t= 6992.1s
[TRAIN][PPO] ep=410/500 r=  613.06 avg10=  544.53 steps=1486 succ10=0.90 touch10=0.90 col10=0.10 to10=0.00 min_d= 0.30 avg_spd=2.05m/s end=goal t= 7012.0s
[TRAIN][PPO] ep=411/500 r=  -44.68 avg10=  479.21 steps=  24 succ10=0.80 touch10=0.80 col10=0.20 to10=0.00 min_d= 3.89 avg_spd=1.77m/s end=collision t= 7012.4s
[TRAIN][PPO] ep=412/500 r=  603.53 avg10=  478.17 steps=1460 succ10=0.80 touch10=0.80 col10=0.20 to10=0.00 min_d= 0.30 avg_spd=2.04m/s end=goal t= 7034.6s
[TRAIN][PPO] ep=413/500 r=  -28.12 avg10=  414.67 steps=  93 succ10=0.70 touch10=0.70 col10=0.30 to10=0.00 min_d= 3.90 avg_spd=1.87m/s end=collision t= 7035.7s
[TRAIN][PPO] ep=414/500 r=  611.01 avg10=  478.54 steps=1493 succ10=0.80 touch10=0.80 col10=0.20 to10=0.00 min_d= 0.30 avg_spd=2.05m/s end=goal t= 7055.4s
[TRAIN][PPO] ep=415/500 r=  601.04 avg10=  478.68 steps=1453 succ10=0.80 touch10=0.80 col10=0.20 to10=0.00 min_d= 0.30 avg_spd=2.06m/s end=goal t= 7074.7s
[TRAIN][PPO] ep=416/500 r=  609.40 avg10=  479.81 steps=1489 succ10=0.80 touch10=0.80 col10=0.20 to10=0.00 min_d= 0.30 avg_spd=2.04m/s end=goal t= 7095.9s
[TRAIN][PPO] ep=417/500 r=  600.81 avg10=  478.86 steps=1453 succ10=0.80 touch10=0.80 col10=0.20 to10=0.00 min_d= 0.30 avg_spd=2.04m/s end=goal t= 7115.1s
[TRAIN][PPO] ep=418/500 r=  609.50 avg10=  477.88 steps=1499 succ10=0.80 touch10=0.80 col10=0.20 to10=0.00 min_d= 0.30 avg_spd=2.06m/s end=goal t= 7135.0s
[TRAIN][PPO] ep=419/500 r=  615.89 avg10=  479.15 steps=1516 succ10=0.80 touch10=0.80 col10=0.20 to10=0.00 min_d= 0.30 avg_spd=2.02m/s end=goal t= 7154.8s
[TRAIN][PPO] ep=420/500 r=  612.00 avg10=  479.04 steps=1486 succ10=0.80 touch10=0.80 col10=0.20 to10=0.00 min_d= 0.30 avg_spd=2.06m/s end=goal t= 7176.5s
[TRAIN][PPO] ep=421/500 r=  607.77 avg10=  544.28 steps=1475 succ10=0.90 touch10=0.90 col10=0.10 to10=0.00 min_d= 0.30 avg_spd=2.05m/s end=goal t= 7196.0s
[TRAIN][PPO] ep=422/500 r=  -40.36 avg10=  479.89 steps=  58 succ10=0.80 touch10=0.80 col10=0.20 to10=0.00 min_d= 3.88 avg_spd=1.92m/s end=collision t= 7196.8s
[TRAIN][PPO] ep=423/500 r=  598.70 avg10=  542.58 steps=1447 succ10=0.90 touch10=0.90 col10=0.10 to10=0.00 min_d= 0.30 avg_spd=2.06m/s end=goal t= 7215.5s
[TRAIN][PPO] ep=424/500 r=  610.86 avg10=  542.56 steps=1491 succ10=0.90 touch10=0.90 col10=0.10 to10=0.00 min_d= 0.30 avg_spd=2.06m/s end=goal t= 7237.9s
[TRAIN][PPO] ep=425/500 r=  610.79 avg10=  543.54 steps=1522 succ10=0.90 touch10=0.90 col10=0.10 to10=0.00 min_d= 0.30 avg_spd=2.04m/s end=goal t= 7257.6s
[TRAIN][PPO] ep=426/500 r=  615.56 avg10=  544.15 steps=1494 succ10=0.90 touch10=0.90 col10=0.10 to10=0.00 min_d= 0.30 avg_spd=2.05m/s end=goal t= 7277.0s
[TRAIN][PPO] ep=427/500 r=  -40.00 avg10=  480.07 steps=  78 succ10=0.80 touch10=0.80 col10=0.20 to10=0.00 min_d= 3.87 avg_spd=2.00m/s end=collision t= 7278.1s
[TRAIN][PPO] ep=428/500 r=  602.42 avg10=  479.36 steps=1479 succ10=0.80 touch10=0.80 col10=0.20 to10=0.00 min_d= 0.30 avg_spd=2.05m/s end=goal t= 7298.9s
[TRAIN][PPO] ep=429/500 r=  612.16 avg10=  478.99 steps=1489 succ10=0.80 touch10=0.80 col10=0.20 to10=0.00 min_d= 0.30 avg_spd=2.06m/s end=goal t= 7318.2s
[TRAIN][PPO] ep=430/500 r=  597.82 avg10=  477.57 steps=1436 succ10=0.80 touch10=0.80 col10=0.20 to10=0.00 min_d= 0.30 avg_spd=2.05m/s end=goal t= 7336.4s
[TRAIN][PPO] ep=431/500 r=  600.65 avg10=  476.86 steps=1449 succ10=0.80 touch10=0.80 col10=0.20 to10=0.00 min_d= 0.30 avg_spd=2.06m/s end=goal t= 7355.3s
[TRAIN][PPO] ep=432/500 r=  604.98 avg10=  541.39 steps=1477 succ10=0.90 touch10=0.90 col10=0.10 to10=0.00 min_d= 0.30 avg_spd=2.05m/s end=goal t= 7377.3s
[TRAIN][PPO] ep=433/500 r=  619.07 avg10=  543.43 steps=1513 succ10=0.90 touch10=0.90 col10=0.10 to10=0.00 min_d= 0.30 avg_spd=2.04m/s end=goal t= 7396.7s
[TRAIN][PPO] ep=434/500 r=  604.04 avg10=  542.75 steps=1453 succ10=0.90 touch10=0.90 col10=0.10 to10=0.00 min_d= 0.30 avg_spd=2.06m/s end=goal t= 7415.8s
[TRAIN][PPO] ep=435/500 r=  613.07 avg10=  542.98 steps=1486 succ10=0.90 touch10=0.90 col10=0.10 to10=0.00 min_d= 0.30 avg_spd=2.04m/s end=goal t= 7435.4s
[TRAIN][PPO] ep=436/500 r=  609.00 avg10=  542.32 steps=1501 succ10=0.90 touch10=0.90 col10=0.10 to10=0.00 min_d= 0.30 avg_spd=2.04m/s end=goal t= 7456.8s
[TRAIN][PPO] ep=437/500 r=  614.59 avg10=  607.78 steps=1510 succ10=1.00 touch10=1.00 col10=0.00 to10=0.00 min_d= 0.30 avg_spd=2.05m/s end=goal t= 7477.1s
[TRAIN][PPO] ep=438/500 r=  612.93 avg10=  608.83 steps=1485 succ10=1.00 touch10=1.00 col10=0.00 to10=0.00 min_d= 0.30 avg_spd=2.05m/s end=goal t= 7497.1s
[TRAIN][PPO] ep=439/500 r=  607.18 avg10=  608.33 steps=1462 succ10=1.00 touch10=1.00 col10=0.00 to10=0.00 min_d= 0.30 avg_spd=2.04m/s end=goal t= 7516.7s
[TRAIN][PPO] ep=440/500 r=  600.10 avg10=  608.56 steps=1461 succ10=1.00 touch10=1.00 col10=0.00 to10=0.00 min_d= 0.30 avg_spd=2.06m/s end=goal t= 7538.6s
[TRAIN][PPO] ep=441/500 r=  -31.58 avg10=  545.34 steps=  88 succ10=0.90 touch10=0.90 col10=0.10 to10=0.00 min_d= 3.90 avg_spd=1.82m/s end=collision t= 7539.8s
[TRAIN][PPO] ep=442/500 r=  602.27 avg10=  545.07 steps=1467 succ10=0.90 touch10=0.90 col10=0.10 to10=0.00 min_d= 0.30 avg_spd=2.03m/s end=goal t= 7559.5s
[TRAIN][PPO] ep=443/500 r=  620.16 avg10=  545.18 steps=1510 succ10=0.90 touch10=0.90 col10=0.10 to10=0.00 min_d= 0.30 avg_spd=2.04m/s end=goal t= 7578.8s
[TRAIN][PPO] ep=444/500 r=  617.59 avg10=  546.53 steps=1513 succ10=0.90 touch10=0.90 col10=0.10 to10=0.00 min_d= 0.30 avg_spd=2.04m/s end=goal t= 7601.0s
[TRAIN][PPO] ep=445/500 r=  612.35 avg10=  546.46 steps=1490 succ10=0.90 touch10=0.90 col10=0.10 to10=0.00 min_d= 0.30 avg_spd=2.05m/s end=goal t= 7621.1s
[TRAIN][PPO] ep=446/500 r=  616.52 avg10=  547.21 steps=1490 succ10=0.90 touch10=0.90 col10=0.10 to10=0.00 min_d= 0.30 avg_spd=2.02m/s end=goal t= 7641.2s
[TRAIN][PPO] ep=447/500 r=  603.80 avg10=  546.13 steps=1466 succ10=0.90 touch10=0.90 col10=0.10 to10=0.00 min_d= 0.30 avg_spd=2.05m/s end=goal t= 7661.0s
[TRAIN][PPO] ep=448/500 r=  605.69 avg10=  545.41 steps=1466 succ10=0.90 touch10=0.90 col10=0.10 to10=0.00 min_d= 0.30 avg_spd=2.04m/s end=goal t= 7684.1s
[TRAIN][PPO] ep=449/500 r=  601.52 avg10=  544.84 steps=1461 succ10=0.90 touch10=0.90 col10=0.10 to10=0.00 min_d= 0.30 avg_spd=2.04m/s end=goal t= 7703.7s
[TRAIN][PPO] ep=450/500 r=  618.68 avg10=  546.70 steps=1510 succ10=0.90 touch10=0.90 col10=0.10 to10=0.00 min_d= 0.30 avg_spd=2.04m/s end=goal t= 7723.7s
[TRAIN][PPO] ep=451/500 r=  621.48 avg10=  612.01 steps=1517 succ10=1.00 touch10=1.00 col10=0.00 to10=0.00 min_d= 0.30 avg_spd=2.04m/s end=goal t= 7743.8s
[TRAIN][PPO] ep=452/500 r=  607.78 avg10=  612.56 steps=1477 succ10=1.00 touch10=1.00 col10=0.00 to10=0.00 min_d= 0.30 avg_spd=2.03m/s end=goal t= 7767.1s
[TRAIN][PPO] ep=453/500 r=  599.91 avg10=  610.53 steps=1460 succ10=1.00 touch10=1.00 col10=0.00 to10=0.00 min_d= 0.30 avg_spd=2.05m/s end=goal t= 7787.1s
[TRAIN][PPO] ep=454/500 r=  618.69 avg10=  610.64 steps=1505 succ10=1.00 touch10=1.00 col10=0.00 to10=0.00 min_d= 0.30 avg_spd=2.04m/s end=goal t= 7806.9s
[TRAIN][PPO] ep=455/500 r=  605.62 avg10=  609.97 steps=1472 succ10=1.00 touch10=1.00 col10=0.00 to10=0.00 min_d= 0.30 avg_spd=2.04m/s end=goal t= 7826.4s
[TRAIN][PPO] ep=456/500 r=  596.20 avg10=  607.94 steps=1456 succ10=1.00 touch10=1.00 col10=0.00 to10=0.00 min_d= 0.30 avg_spd=2.05m/s end=goal t= 7847.1s
[TRAIN][PPO] ep=457/500 r=  -31.19 avg10=  544.44 steps=  86 succ10=0.90 touch10=0.90 col10=0.10 to10=0.00 min_d= 3.91 avg_spd=1.86m/s end=collision t= 7848.3s
[TRAIN][PPO] ep=458/500 r=  618.71 avg10=  545.74 steps=1524 succ10=0.90 touch10=0.90 col10=0.10 to10=0.00 min_d= 0.30 avg_spd=2.03m/s end=goal t= 7868.0s
[TRAIN][PPO] ep=459/500 r=  604.18 avg10=  546.00 steps=1465 succ10=0.90 touch10=0.90 col10=0.10 to10=0.00 min_d= 0.30 avg_spd=2.03m/s end=goal t= 7887.2s
[TRAIN][PPO] ep=460/500 r=  616.00 avg10=  545.74 steps=1519 succ10=0.90 touch10=0.90 col10=0.10 to10=0.00 min_d= 0.30 avg_spd=2.03m/s end=goal t= 7908.5s
[TRAIN][PPO] ep=461/500 r=  -40.60 avg10=  479.53 steps=  53 succ10=0.80 touch10=0.80 col10=0.20 to10=0.00 min_d= 3.85 avg_spd=1.69m/s end=collision t= 7909.3s
[TRAIN][PPO] ep=462/500 r=  -40.58 avg10=  414.69 steps=  84 succ10=0.70 touch10=0.70 col10=0.30 to10=0.00 min_d= 3.88 avg_spd=1.99m/s end=collision t= 7910.4s
[TRAIN][PPO] ep=463/500 r=  601.36 avg10=  414.84 steps=1455 succ10=0.70 touch10=0.70 col10=0.30 to10=0.00 min_d= 0.30 avg_spd=2.04m/s end=goal t= 7928.9s
[TRAIN][PPO] ep=464/500 r=  610.84 avg10=  414.05 steps=1492 succ10=0.70 touch10=0.70 col10=0.30 to10=0.00 min_d= 0.30 avg_spd=2.02m/s end=goal t= 7950.0s
[TRAIN][PPO] ep=465/500 r=  597.40 avg10=  413.23 steps=1437 succ10=0.70 touch10=0.70 col10=0.30 to10=0.00 min_d= 0.30 avg_spd=2.06m/s end=goal t= 7968.9s
[TRAIN][PPO] ep=466/500 r=  600.44 avg10=  413.66 steps=1446 succ10=0.70 touch10=0.70 col10=0.30 to10=0.00 min_d= 0.30 avg_spd=2.04m/s end=goal t= 7987.8s
[TRAIN][PPO] ep=467/500 r=  616.97 avg10=  478.47 steps=1504 succ10=0.80 touch10=0.80 col10=0.20 to10=0.00 min_d= 0.30 avg_spd=2.02m/s end=goal t= 8007.5s
[TRAIN][PPO] ep=468/500 r=  604.87 avg10=  477.09 steps=1455 succ10=0.80 touch10=0.80 col10=0.20 to10=0.00 min_d= 0.30 avg_spd=2.06m/s end=goal t= 8028.6s
[TRAIN][PPO] ep=469/500 r=  616.70 avg10=  478.34 steps=1527 succ10=0.80 touch10=0.80 col10=0.20 to10=0.00 min_d= 0.30 avg_spd=2.03m/s end=goal t= 8049.0s
[TRAIN][PPO] ep=470/500 r=  611.58 avg10=  477.90 steps=1490 succ10=0.80 touch10=0.80 col10=0.20 to10=0.00 min_d= 0.30 avg_spd=2.03m/s end=goal t= 8068.7s
[TRAIN][PPO] ep=471/500 r=  598.50 avg10=  541.81 steps=1453 succ10=0.90 touch10=0.90 col10=0.10 to10=0.00 min_d= 0.30 avg_spd=2.05m/s end=goal t= 8086.9s
[TRAIN][PPO] ep=472/500 r=  601.68 avg10=  606.03 steps=1489 succ10=1.00 touch10=1.00 col10=0.00 to10=0.00 min_d= 0.30 avg_spd=2.02m/s end=goal t= 8108.5s
[TRAIN][PPO] ep=473/500 r=  624.43 avg10=  608.34 steps=1541 succ10=1.00 touch10=1.00 col10=0.00 to10=0.00 min_d= 0.30 avg_spd=2.02m/s end=goal t= 8128.6s
[TRAIN][PPO] ep=474/500 r=  622.48 avg10=  609.50 steps=1518 succ10=1.00 touch10=1.00 col10=0.00 to10=0.00 min_d= 0.30 avg_spd=2.03m/s end=goal t= 8148.1s
[TRAIN][PPO] ep=475/500 r=  603.06 avg10=  610.07 steps=1482 succ10=1.00 touch10=1.00 col10=0.00 to10=0.00 min_d= 0.30 avg_spd=2.02m/s end=goal t= 8167.4s
[TRAIN][PPO] ep=476/500 r=  613.22 avg10=  611.35 steps=1505 succ10=1.00 touch10=1.00 col10=0.00 to10=0.00 min_d= 0.30 avg_spd=2.02m/s end=goal t= 8190.6s
[TRAIN][PPO] ep=477/500 r=  600.57 avg10=  609.71 steps=1444 succ10=1.00 touch10=1.00 col10=0.00 to10=0.00 min_d= 0.30 avg_spd=2.05m/s end=goal t= 8208.8s
[TRAIN][PPO] ep=478/500 r=  604.91 avg10=  609.71 steps=1486 succ10=1.00 touch10=1.00 col10=0.00 to10=0.00 min_d= 0.30 avg_spd=2.02m/s end=goal t= 8228.0s
[TRAIN][PPO] ep=479/500 r=  617.93 avg10=  609.83 steps=1527 succ10=1.00 touch10=1.00 col10=0.00 to10=0.00 min_d= 0.30 avg_spd=2.04m/s end=goal t= 8247.7s
[TRAIN][PPO] ep=480/500 r=  613.13 avg10=  609.99 steps=1501 succ10=1.00 touch10=1.00 col10=0.00 to10=0.00 min_d= 0.30 avg_spd=2.04m/s end=goal t= 8269.1s
[TRAIN][PPO] ep=481/500 r=  600.19 avg10=  610.16 steps=1460 succ10=1.00 touch10=1.00 col10=0.00 to10=0.00 min_d= 0.30 avg_spd=2.04m/s end=goal t= 8287.8s
[TRAIN][PPO] ep=482/500 r=  364.75 avg10=  586.47 steps=1322 succ10=0.90 touch10=0.90 col10=0.10 to10=0.00 min_d= 0.93 avg_spd=2.01m/s end=collision t= 8305.0s
[TRAIN][PPO] ep=483/500 r=  -30.83 avg10=  520.94 steps=  87 succ10=0.80 touch10=0.80 col10=0.20 to10=0.00 min_d= 3.89 avg_spd=1.84m/s end=collision t= 8306.1s
[TRAIN][PPO] ep=484/500 r=  617.50 avg10=  520.44 steps=1508 succ10=0.80 touch10=0.80 col10=0.20 to10=0.00 min_d= 0.30 avg_spd=2.04m/s end=goal t= 8327.6s
[TRAIN][PPO] ep=485/500 r=  615.49 avg10=  521.69 steps=1502 succ10=0.80 touch10=0.80 col10=0.20 to10=0.00 min_d= 0.30 avg_spd=2.01m/s end=goal t= 8347.0s
[TRAIN][PPO] ep=486/500 r=  599.81 avg10=  520.34 steps=1455 succ10=0.80 touch10=0.80 col10=0.20 to10=0.00 min_d= 0.30 avg_spd=2.08m/s end=goal t= 8365.3s
[TRAIN][PPO] ep=487/500 r=  603.96 avg10=  520.68 steps=1493 succ10=0.80 touch10=0.80 col10=0.20 to10=0.00 min_d= 0.30 avg_spd=2.01m/s end=goal t= 8384.3s
[TRAIN][PPO] ep=488/500 r=  -35.68 avg10=  456.62 steps=  82 succ10=0.70 touch10=0.70 col10=0.30 to10=0.00 min_d= 3.90 avg_spd=2.04m/s end=collision t= 8387.0s
[TRAIN][PPO] ep=489/500 r=  -30.37 avg10=  391.79 steps= 100 succ10=0.60 touch10=0.60 col10=0.40 to10=0.00 min_d= 3.90 avg_spd=1.86m/s end=collision t= 8388.3s
[TRAIN][PPO] ep=490/500 r=  620.20 avg10=  392.50 steps=1509 succ10=0.60 touch10=0.60 col10=0.40 to10=0.00 min_d= 0.30 avg_spd=2.02m/s end=goal t= 8407.6s
[TRAIN][PPO] ep=491/500 r=  614.64 avg10=  393.95 steps=1488 succ10=0.60 touch10=0.60 col10=0.40 to10=0.00 min_d= 0.30 avg_spd=2.04m/s end=goal t= 8427.1s
[TRAIN][PPO] ep=492/500 r=  604.68 avg10=  417.94 steps=1464 succ10=0.70 touch10=0.70 col10=0.30 to10=0.00 min_d= 0.30 avg_spd=2.05m/s end=goal t= 8448.9s
[TRAIN][PPO] ep=493/500 r=  -33.59 avg10=  417.66 steps=  69 succ10=0.70 touch10=0.70 col10=0.30 to10=0.00 min_d= 3.89 avg_spd=1.85m/s end=collision t= 8449.8s
[TRAIN][PPO] ep=494/500 r=  601.51 avg10=  416.06 steps=1464 succ10=0.70 touch10=0.70 col10=0.30 to10=0.00 min_d= 0.30 avg_spd=2.03m/s end=goal t= 8469.0s
[TRAIN][PPO] ep=495/500 r=  607.73 avg10=  415.29 steps=1477 succ10=0.70 touch10=0.70 col10=0.30 to10=0.00 min_d= 0.30 avg_spd=2.07m/s end=goal t= 8488.2s
[TRAIN][PPO] ep=496/500 r=  613.64 avg10=  416.67 steps=1493 succ10=0.70 touch10=0.70 col10=0.30 to10=0.00 min_d= 0.30 avg_spd=2.05m/s end=goal t= 8509.8s
[TRAIN][PPO] ep=497/500 r=  623.52 avg10=  418.63 steps=1528 succ10=0.70 touch10=0.70 col10=0.30 to10=0.00 min_d= 0.30 avg_spd=2.02m/s end=goal t= 8529.7s
[TRAIN][PPO] ep=498/500 r=  598.82 avg10=  482.08 steps=1453 succ10=0.80 touch10=0.80 col10=0.20 to10=0.00 min_d= 0.30 avg_spd=2.05m/s end=goal t= 8548.4s
[TRAIN][PPO] ep=499/500 r=  608.34 avg10=  545.95 steps=1479 succ10=0.90 touch10=0.90 col10=0.10 to10=0.00 min_d= 0.30 avg_spd=2.04m/s end=goal t= 8567.5s
INFO: PPO: Terminating.
[RUN] completed stage checkpoint=/uio/hume/student-u79/esbrovol/fys5429/DRL-Obstacle-Avoidance/controllers/PPO/checkpoints/20260525_141956_lstm_seed01_stage07_train_7_goal_offset_pos/final_20260525_141956_lstm_seed01_stage07_train_7_goal_offset_pos.pth
[RUN] arch=lstm seed=1 stage=8/10 world=/uio/hume/student-u79/esbrovol/fys5429/DRL-Obstacle-Avoidance/worlds/training/train_8_goal_offset_neg.wbt
[RUN] resuming from /uio/hume/student-u79/esbrovol/fys5429/DRL-Obstacle-Avoidance/controllers/PPO/checkpoints/20260525_141956_lstm_seed01_stage07_train_7_goal_offset_pos/final_20260525_141956_lstm_seed01_stage07_train_7_goal_offset_pos.pth
INFO: PPO: Starting controller: python3 -u PPO.py
[PPO] Using architecture: LSTM
[PPO] Loaded architecture: LSTM
[TRAIN][PPO] arch=LSTM weights_dir=/uio/hume/student-u79/esbrovol/fys5429/DRL-Obstacle-Avoidance/controllers/PPO/checkpoints/20260525_141956_lstm_seed01_stage08_train_8_goal_offset_neg final=/uio/hume/student-u79/esbrovol/fys5429/DRL-Obstacle-Avoidance/controllers/PPO/checkpoints/20260525_141956_lstm_seed01_stage08_train_8_goal_offset_neg/final_20260525_141956_lstm_seed01_stage08_train_8_goal_offset_neg.pth
[TRAIN][PPO] episodes=500 update_every=4 obs=31 act=2 cell=LSTM seq=32 burn_in=8
[TRAIN][PPO] ep=001/500 r=  -28.67 avg10=  -28.67 steps=  79 succ10=0.00 touch10=0.00 col10=1.00 to10=0.00 min_d= 3.86 avg_spd=1.89m/s end=collision t=    1.3s ckpt=best
[TRAIN][PPO] ep=002/500 r=  163.69 avg10=   67.51 steps= 684 succ10=0.00 touch10=0.00 col10=1.00 to10=0.00 min_d= 2.42 avg_spd=2.02m/s end=collision t=    9.7s ckpt=best
[TRAIN][PPO] ep=003/500 r=  329.50 avg10=  154.84 steps=1260 succ10=0.00 touch10=0.00 col10=1.00 to10=0.00 min_d= 1.11 avg_spd=2.04m/s end=collision t=   25.4s ckpt=best
[TRAIN][PPO] ep=004/500 r=  -25.01 avg10=  109.88 steps= 103 succ10=0.00 touch10=0.00 col10=1.00 to10=0.00 min_d= 3.85 avg_spd=1.96m/s end=collision t=   27.9s
[TRAIN][PPO] ep=005/500 r=  343.56 avg10=  156.61 steps=1259 succ10=0.00 touch10=0.00 col10=1.00 to10=0.00 min_d= 1.04 avg_spd=2.02m/s end=collision t=   44.1s ckpt=best
[TRAIN][PPO] ep=006/500 r=  350.70 avg10=  188.96 steps=1298 succ10=0.00 touch10=0.00 col10=1.00 to10=0.00 min_d= 1.05 avg_spd=2.02m/s end=collision t=   60.9s ckpt=best
[TRAIN][PPO] ep=007/500 r=  145.61 avg10=  182.77 steps= 634 succ10=0.00 touch10=0.00 col10=1.00 to10=0.00 min_d= 2.43 avg_spd=2.02m/s end=collision t=   69.1s
[TRAIN][PPO] ep=008/500 r=  160.15 avg10=  179.94 steps= 673 succ10=0.00 touch10=0.00 col10=1.00 to10=0.00 min_d= 2.39 avg_spd=2.00m/s end=collision t=   79.8s
[TRAIN][PPO] ep=009/500 r=  339.18 avg10=  197.63 steps=1314 succ10=0.00 touch10=0.00 col10=1.00 to10=0.00 min_d= 1.12 avg_spd=2.02m/s end=collision t=   96.4s
[TRAIN][PPO] ep=010/500 r=  333.47 avg10=  211.22 steps=1292 succ10=0.00 touch10=0.00 col10=1.00 to10=0.00 min_d= 1.14 avg_spd=2.04m/s end=collision t=  113.3s
[TRAIN][PPO] ep=011/500 r=  336.69 avg10=  247.75 steps=1276 succ10=0.00 touch10=0.00 col10=1.00 to10=0.00 min_d= 1.10 avg_spd=2.02m/s end=collision t=  129.7s
[TRAIN][PPO] ep=012/500 r=  -34.58 avg10=  227.93 steps=  65 succ10=0.00 touch10=0.00 col10=1.00 to10=0.00 min_d= 3.86 avg_spd=1.90m/s end=collision t=  131.8s
[TRAIN][PPO] ep=013/500 r=  325.03 avg10=  227.48 steps=1250 succ10=0.00 touch10=0.00 col10=1.00 to10=0.00 min_d= 1.15 avg_spd=2.02m/s end=collision t=  147.7s
[TRAIN][PPO] ep=014/500 r=  163.56 avg10=  246.34 steps= 689 succ10=0.00 touch10=0.00 col10=1.00 to10=0.00 min_d= 2.44 avg_spd=2.00m/s end=collision t=  156.0s
[TRAIN][PPO] ep=015/500 r=  333.29 avg10=  245.31 steps=1274 succ10=0.00 touch10=0.00 col10=1.00 to10=0.00 min_d= 1.13 avg_spd=2.02m/s end=collision t=  172.6s
[TRAIN][PPO] ep=016/500 r=  -26.97 avg10=  207.54 steps= 102 succ10=0.00 touch10=0.00 col10=1.00 to10=0.00 min_d= 3.83 avg_spd=1.99m/s end=collision t=  175.1s
[TRAIN][PPO] ep=017/500 r=  339.49 avg10=  226.93 steps=1288 succ10=0.00 touch10=0.00 col10=1.00 to10=0.00 min_d= 1.08 avg_spd=2.01m/s end=collision t=  191.7s
[TRAIN][PPO] ep=018/500 r=  343.82 avg10=  245.30 steps=1292 succ10=0.00 touch10=0.00 col10=1.00 to10=0.00 min_d= 1.06 avg_spd=2.01m/s end=collision t=  208.3s
[TRAIN][PPO] ep=019/500 r=  336.05 avg10=  244.99 steps=1291 succ10=0.00 touch10=0.00 col10=1.00 to10=0.00 min_d= 1.13 avg_spd=2.03m/s end=collision t=  224.9s
[TRAIN][PPO] ep=020/500 r=  341.61 avg10=  245.80 steps=1288 succ10=0.00 touch10=0.00 col10=1.00 to10=0.00 min_d= 1.07 avg_spd=2.05m/s end=collision t=  242.7s
[TRAIN][PPO] ep=021/500 r=  333.16 avg10=  245.45 steps=1308 succ10=0.00 touch10=0.00 col10=1.00 to10=0.00 min_d= 1.13 avg_spd=2.00m/s end=collision t=  259.6s
[TRAIN][PPO] ep=022/500 r=  338.82 avg10=  282.79 steps=1280 succ10=0.00 touch10=0.00 col10=1.00 to10=0.00 min_d= 1.05 avg_spd=2.02m/s end=collision t=  275.8s
[TRAIN][PPO] ep=023/500 r=  338.09 avg10=  284.09 steps=1280 succ10=0.00 touch10=0.00 col10=1.00 to10=0.00 min_d= 1.08 avg_spd=2.03m/s end=collision t=  292.4s
[TRAIN][PPO] ep=024/500 r=  166.83 avg10=  284.42 steps= 682 succ10=0.00 touch10=0.00 col10=1.00 to10=0.00 min_d= 2.42 avg_spd=2.03m/s end=collision t=  302.8s
[TRAIN][PPO] ep=025/500 r=  355.09 avg10=  286.60 steps=1276 succ10=0.00 touch10=0.00 col10=1.00 to10=0.00 min_d= 1.04 avg_spd=2.04m/s end=collision t=  319.3s ckpt=best
[TRAIN][PPO] ep=026/500 r=  339.96 avg10=  323.29 steps=1252 succ10=0.00 touch10=0.00 col10=1.00 to10=0.00 min_d= 1.05 avg_spd=2.03m/s end=collision t=  335.7s
[TRAIN][PPO] ep=027/500 r=   63.25 avg10=  295.67 steps= 341 succ10=0.00 touch10=0.00 col10=1.00 to10=0.00 min_d= 3.14 avg_spd=2.02m/s end=collision t=  340.2s
[TRAIN][PPO] ep=028/500 r=  349.75 avg10=  296.26 steps=1300 succ10=0.00 touch10=0.00 col10=1.00 to10=0.00 min_d= 1.06 avg_spd=2.02m/s end=collision t=  358.9s
[TRAIN][PPO] ep=029/500 r=  348.06 avg10=  297.46 steps=1283 succ10=0.00 touch10=0.00 col10=1.00 to10=0.00 min_d= 0.96 avg_spd=2.02m/s end=collision t=  375.7s
[TRAIN][PPO] ep=030/500 r=  298.32 avg10=  293.13 steps=1040 succ10=0.00 touch10=0.00 col10=1.00 to10=0.00 min_d= 1.49 avg_spd=2.04m/s end=collision t=  389.2s
[TRAIN][PPO] ep=031/500 r=   64.99 avg10=  266.32 steps= 351 succ10=0.00 touch10=0.00 col10=1.00 to10=0.00 min_d= 3.15 avg_spd=1.96m/s end=collision t=  393.8s
[TRAIN][PPO] ep=032/500 r=  -38.38 avg10=  228.60 steps=  54 succ10=0.00 touch10=0.00 col10=1.00 to10=0.00 min_d= 3.85 avg_spd=1.96m/s end=collision t=  396.2s
[TRAIN][PPO] ep=033/500 r=  284.72 avg10=  223.26 steps=1014 succ10=0.00 touch10=0.00 col10=1.00 to10=0.00 min_d= 1.50 avg_spd=2.03m/s end=collision t=  409.6s
[TRAIN][PPO] ep=034/500 r=  344.06 avg10=  240.98 steps=1268 succ10=0.00 touch10=0.00 col10=1.00 to10=0.00 min_d= 1.02 avg_spd=2.01m/s end=collision t=  426.0s
[TRAIN][PPO] ep=035/500 r=  146.78 avg10=  220.15 steps= 681 succ10=0.00 touch10=0.00 col10=1.00 to10=0.00 min_d= 2.47 avg_spd=1.99m/s end=collision t=  435.0s
[TRAIN][PPO] ep=036/500 r=  345.82 avg10=  220.74 steps=1278 succ10=0.00 touch10=0.00 col10=1.00 to10=0.00 min_d= 1.01 avg_spd=2.03m/s end=collision t=  453.0s
[TRAIN][PPO] ep=037/500 r=  623.66 avg10=  276.78 steps=1526 succ10=0.10 touch10=0.10 col10=0.90 to10=0.00 min_d= 0.30 avg_spd=2.03m/s end=goal t=  472.4s ckpt=best_goal
[TRAIN][PPO] ep=038/500 r=   72.74 avg10=  249.08 steps= 401 succ10=0.10 touch10=0.10 col10=0.90 to10=0.00 min_d= 3.11 avg_spd=2.05m/s end=collision t=  477.5s
[TRAIN][PPO] ep=039/500 r=  353.24 avg10=  249.59 steps=1320 succ10=0.10 touch10=0.10 col10=0.90 to10=0.00 min_d= 0.96 avg_spd=2.00m/s end=collision t=  494.5s
[TRAIN][PPO] ep=040/500 r=  -21.38 avg10=  217.62 steps= 116 succ10=0.10 touch10=0.10 col10=0.90 to10=0.00 min_d= 3.84 avg_spd=1.91m/s end=collision t=  497.5s
[TRAIN][PPO] ep=041/500 r=  356.22 avg10=  246.75 steps=1320 succ10=0.10 touch10=0.10 col10=0.90 to10=0.00 min_d= 1.00 avg_spd=2.02m/s end=collision t=  514.3s
[TRAIN][PPO] ep=042/500 r=  349.85 avg10=  285.57 steps=1289 succ10=0.10 touch10=0.10 col10=0.90 to10=0.00 min_d= 1.05 avg_spd=2.01m/s end=collision t=  530.8s
[TRAIN][PPO] ep=043/500 r=  351.78 avg10=  292.28 steps=1328 succ10=0.10 touch10=0.10 col10=0.90 to10=0.00 min_d= 0.99 avg_spd=2.03m/s end=collision t=  547.3s
[TRAIN][PPO] ep=044/500 r=  347.13 avg10=  292.58 steps=1313 succ10=0.10 touch10=0.10 col10=0.90 to10=0.00 min_d= 1.00 avg_spd=2.01m/s end=collision t=  566.3s
[TRAIN][PPO] ep=045/500 r=  341.30 avg10=  312.04 steps=1298 succ10=0.10 touch10=0.10 col10=0.90 to10=0.00 min_d= 1.10 avg_spd=2.02m/s end=collision t=  583.1s
[TRAIN][PPO] ep=046/500 r=  340.03 avg10=  311.46 steps=1264 succ10=0.10 touch10=0.10 col10=0.90 to10=0.00 min_d= 1.02 avg_spd=2.03m/s end=collision t=  599.1s
[TRAIN][PPO] ep=047/500 r=  -24.31 avg10=  246.66 steps=  96 succ10=0.00 touch10=0.00 col10=1.00 to10=0.00 min_d= 3.85 avg_spd=1.93m/s end=collision t=  600.4s
[TRAIN][PPO] ep=048/500 r=  365.93 avg10=  275.98 steps=1380 succ10=0.00 touch10=0.00 col10=1.00 to10=0.00 min_d= 0.98 avg_spd=1.99m/s end=collision t=  618.9s
[TRAIN][PPO] ep=049/500 r=  -34.23 avg10=  237.23 steps=  71 succ10=0.00 touch10=0.00 col10=1.00 to10=0.00 min_d= 3.85 avg_spd=1.84m/s end=collision t=  619.8s
[TRAIN][PPO] ep=050/500 r=  350.76 avg10=  274.45 steps=1298 succ10=0.00 touch10=0.00 col10=1.00 to10=0.00 min_d= 1.07 avg_spd=2.02m/s end=collision t=  636.9s
[TRAIN][PPO] ep=051/500 r=  356.99 avg10=  274.52 steps=1322 succ10=0.00 touch10=0.00 col10=1.00 to10=0.00 min_d= 1.04 avg_spd=2.00m/s end=collision t=  653.5s
[TRAIN][PPO] ep=052/500 r=  364.02 avg10=  275.94 steps=1355 succ10=0.00 touch10=0.00 col10=1.00 to10=0.00 min_d= 0.95 avg_spd=2.01m/s end=collision t=  672.8s
[TRAIN][PPO] ep=053/500 r=  362.55 avg10=  277.02 steps=1272 succ10=0.00 touch10=0.00 col10=1.00 to10=0.00 min_d= 0.93 avg_spd=2.01m/s end=collision t=  689.4s
[TRAIN][PPO] ep=054/500 r=  288.75 avg10=  271.18 steps=1028 succ10=0.00 touch10=0.00 col10=1.00 to10=0.00 min_d= 1.51 avg_spd=2.01m/s end=collision t=  702.7s
[TRAIN][PPO] ep=055/500 r=  346.02 avg10=  271.65 steps=1317 succ10=0.00 touch10=0.00 col10=1.00 to10=0.00 min_d= 1.09 avg_spd=2.01m/s end=collision t=  719.5s
[TRAIN][PPO] ep=056/500 r=  366.28 avg10=  274.28 steps=1352 succ10=0.00 touch10=0.00 col10=1.00 to10=0.00 min_d= 0.94 avg_spd=1.98m/s end=collision t=  737.8s
[TRAIN][PPO] ep=057/500 r=  328.47 avg10=  309.55 steps=1256 succ10=0.00 touch10=0.00 col10=1.00 to10=0.00 min_d= 1.11 avg_spd=2.00m/s end=collision t=  754.0s
[TRAIN][PPO] ep=058/500 r=  156.03 avg10=  288.56 steps= 689 succ10=0.00 touch10=0.00 col10=1.00 to10=0.00 min_d= 2.44 avg_spd=2.01m/s end=collision t=  762.8s
[TRAIN][PPO] ep=059/500 r=  366.63 avg10=  328.65 steps=1378 succ10=0.00 touch10=0.00 col10=1.00 to10=0.00 min_d= 0.96 avg_spd=1.98m/s end=collision t=  780.1s
[TRAIN][PPO] ep=060/500 r=  337.57 avg10=  327.33 steps=1291 succ10=0.00 touch10=0.00 col10=1.00 to10=0.00 min_d= 1.07 avg_spd=2.00m/s end=collision t=  798.1s
[TRAIN][PPO] ep=061/500 r=  365.56 avg10=  328.19 steps=1364 succ10=0.00 touch10=0.00 col10=1.00 to10=0.00 min_d= 0.94 avg_spd=2.02m/s end=collision t=  815.3s
[TRAIN][PPO] ep=062/500 r=  361.85 avg10=  327.97 steps=1344 succ10=0.00 touch10=0.00 col10=1.00 to10=0.00 min_d= 0.98 avg_spd=2.01m/s end=collision t=  832.0s
[TRAIN][PPO] ep=063/500 r=  -40.03 avg10=  287.71 steps=  41 succ10=0.00 touch10=0.00 col10=1.00 to10=0.00 min_d= 3.86 avg_spd=1.64m/s end=collision t=  832.6s
[TRAIN][PPO] ep=064/500 r=  335.12 avg10=  292.35 steps=1275 succ10=0.00 touch10=0.00 col10=1.00 to10=0.00 min_d= 1.06 avg_spd=2.02m/s end=collision t=  849.7s
[TRAIN][PPO] ep=065/500 r=  -43.24 avg10=  253.42 steps=  23 succ10=0.00 touch10=0.00 col10=1.00 to10=0.00 min_d= 3.88 avg_spd=1.82m/s end=collision t=  850.1s
[TRAIN][PPO] ep=066/500 r=  155.65 avg10=  232.36 steps= 671 succ10=0.00 touch10=0.00 col10=1.00 to10=0.00 min_d= 2.46 avg_spd=1.97m/s end=collision t=  858.4s
[TRAIN][PPO] ep=067/500 r=  366.83 avg10=  236.20 steps=1340 succ10=0.00 touch10=0.00 col10=1.00 to10=0.00 min_d= 0.92 avg_spd=2.00m/s end=collision t=  875.4s
[TRAIN][PPO] ep=068/500 r=  371.94 avg10=  257.79 steps=1354 succ10=0.00 touch10=0.00 col10=1.00 to10=0.00 min_d= 0.89 avg_spd=2.01m/s end=collision t=  894.1s
[TRAIN][PPO] ep=069/500 r=  370.57 avg10=  258.18 steps=1360 succ10=0.00 touch10=0.00 col10=1.00 to10=0.00 min_d= 0.91 avg_spd=1.99m/s end=collision t=  910.9s
[TRAIN][PPO] ep=070/500 r=  373.09 avg10=  261.73 steps=1365 succ10=0.00 touch10=0.00 col10=1.00 to10=0.00 min_d= 0.88 avg_spd=2.03m/s end=collision t=  927.6s
[TRAIN][PPO] ep=071/500 r=  373.38 avg10=  262.52 steps=1399 succ10=0.00 touch10=0.00 col10=1.00 to10=0.00 min_d= 0.89 avg_spd=2.01m/s end=collision t=  944.8s
[TRAIN][PPO] ep=072/500 r=  377.02 avg10=  264.03 steps=1367 succ10=0.00 touch10=0.00 col10=1.00 to10=0.00 min_d= 0.89 avg_spd=2.03m/s end=collision t=  964.4s
[TRAIN][PPO] ep=073/500 r=  369.83 avg10=  305.02 steps=1373 succ10=0.00 touch10=0.00 col10=1.00 to10=0.00 min_d= 0.92 avg_spd=2.03m/s end=collision t=  982.1s
[TRAIN][PPO] ep=074/500 r=  377.79 avg10=  309.29 steps=1384 succ10=0.00 touch10=0.00 col10=1.00 to10=0.00 min_d= 0.89 avg_spd=2.02m/s end=collision t=  999.9s
[TRAIN][PPO] ep=075/500 r=  354.20 avg10=  349.03 steps=1310 succ10=0.00 touch10=0.00 col10=1.00 to10=0.00 min_d= 0.91 avg_spd=2.02m/s end=collision t= 1017.1s
[TRAIN][PPO] ep=076/500 r=  354.10 avg10=  368.88 steps=1309 succ10=0.00 touch10=0.00 col10=1.00 to10=0.00 min_d= 0.94 avg_spd=2.03m/s end=collision t= 1035.4s
[TRAIN][PPO] ep=077/500 r=  601.50 avg10=  392.34 steps=1596 succ10=0.10 touch10=0.10 col10=0.90 to10=0.00 min_d= 0.30 avg_spd=2.03m/s end=goal t= 1056.5s
[TRAIN][PPO] ep=078/500 r=  -27.33 avg10=  352.42 steps= 113 succ10=0.10 touch10=0.10 col10=0.90 to10=0.00 min_d= 3.82 avg_spd=1.94m/s end=collision t= 1058.0s
[TRAIN][PPO] ep=079/500 r=  345.92 avg10=  349.95 steps=1282 succ10=0.10 touch10=0.10 col10=0.90 to10=0.00 min_d= 1.02 avg_spd=2.02m/s end=collision t= 1074.5s
[TRAIN][PPO] ep=080/500 r=  606.02 avg10=  373.24 steps=1615 succ10=0.20 touch10=0.20 col10=0.80 to10=0.00 min_d= 0.30 avg_spd=2.03m/s end=goal t= 1097.1s
[TRAIN][PPO] ep=081/500 r=  616.61 avg10=  397.57 steps=1618 succ10=0.30 touch10=0.30 col10=0.70 to10=0.00 min_d= 0.30 avg_spd=2.01m/s end=goal t= 1117.1s
[TRAIN][PPO] ep=082/500 r=  362.36 avg10=  396.10 steps=1337 succ10=0.30 touch10=0.30 col10=0.70 to10=0.00 min_d= 0.96 avg_spd=2.03m/s end=collision t= 1134.4s
[TRAIN][PPO] ep=083/500 r=  595.78 avg10=  418.70 steps=1617 succ10=0.40 touch10=0.40 col10=0.60 to10=0.00 min_d= 0.30 avg_spd=2.00m/s end=goal t= 1155.4s
[TRAIN][PPO] ep=084/500 r=  369.58 avg10=  417.87 steps=1361 succ10=0.40 touch10=0.40 col10=0.60 to10=0.00 min_d= 0.89 avg_spd=2.03m/s end=collision t= 1175.3s
[TRAIN][PPO] ep=085/500 r=  600.68 avg10=  442.52 steps=1591 succ10=0.50 touch10=0.50 col10=0.50 to10=0.00 min_d= 0.30 avg_spd=2.00m/s end=goal t= 1195.8s
[TRAIN][PPO] ep=086/500 r=  611.94 avg10=  468.31 steps=1620 succ10=0.60 touch10=0.60 col10=0.40 to10=0.00 min_d= 0.30 avg_spd=2.02m/s end=goal t= 1216.5s
[TRAIN][PPO] ep=087/500 r=  598.08 avg10=  467.96 steps=1559 succ10=0.60 touch10=0.60 col10=0.40 to10=0.00 min_d= 0.30 avg_spd=2.03m/s end=goal t= 1236.9s
[TRAIN][PPO] ep=088/500 r=  360.85 avg10=  506.78 steps=1353 succ10=0.60 touch10=0.60 col10=0.40 to10=0.00 min_d= 0.90 avg_spd=2.00m/s end=collision t= 1256.6s
[TRAIN][PPO] ep=089/500 r=  360.37 avg10=  508.23 steps=1351 succ10=0.60 touch10=0.60 col10=0.40 to10=0.00 min_d= 0.94 avg_spd=2.02m/s end=collision t= 1274.1s
[TRAIN][PPO] ep=090/500 r=  366.74 avg10=  484.30 steps=1356 succ10=0.50 touch10=0.50 col10=0.50 to10=0.00 min_d= 0.89 avg_spd=2.02m/s end=collision t= 1292.0s
[TRAIN][PPO] ep=091/500 r=  365.31 avg10=  459.17 steps=1351 succ10=0.40 touch10=0.40 col10=0.60 to10=0.00 min_d= 0.90 avg_spd=2.03m/s end=collision t= 1309.7s
[TRAIN][PPO] ep=092/500 r=  380.96 avg10=  461.03 steps=1398 succ10=0.40 touch10=0.40 col10=0.60 to10=0.00 min_d= 0.88 avg_spd=1.99m/s end=collision t= 1329.7s
[TRAIN][PPO] ep=093/500 r=  604.63 avg10=  461.91 steps=1622 succ10=0.40 touch10=0.40 col10=0.60 to10=0.00 min_d= 0.30 avg_spd=1.99m/s end=goal t= 1351.2s
[TRAIN][PPO] ep=094/500 r=  601.59 avg10=  485.11 steps=1601 succ10=0.50 touch10=0.50 col10=0.50 to10=0.00 min_d= 0.30 avg_spd=2.01m/s end=goal t= 1372.6s
[TRAIN][PPO] ep=095/500 r=  601.81 avg10=  485.23 steps=1605 succ10=0.50 touch10=0.50 col10=0.50 to10=0.00 min_d= 0.30 avg_spd=1.99m/s end=goal t= 1394.1s
[TRAIN][PPO] ep=096/500 r=  607.00 avg10=  484.73 steps=1625 succ10=0.50 touch10=0.50 col10=0.50 to10=0.00 min_d= 0.30 avg_spd=2.00m/s end=goal t= 1418.0s
[TRAIN][PPO] ep=097/500 r=  603.98 avg10=  485.32 steps=1595 succ10=0.50 touch10=0.50 col10=0.50 to10=0.00 min_d= 0.30 avg_spd=2.01m/s end=goal t= 1439.3s
[TRAIN][PPO] ep=098/500 r=  611.01 avg10=  510.34 steps=1625 succ10=0.60 touch10=0.60 col10=0.40 to10=0.00 min_d= 0.30 avg_spd=2.01m/s end=goal t= 1460.6s
[TRAIN][PPO] ep=099/500 r=  626.90 avg10=  536.99 steps=1664 succ10=0.70 touch10=0.70 col10=0.30 to10=0.00 min_d= 0.30 avg_spd=2.00m/s end=goal t= 1482.4s ckpt=best_goal
[TRAIN][PPO] ep=100/500 r=  603.47 avg10=  560.66 steps=1605 succ10=0.80 touch10=0.80 col10=0.20 to10=0.00 min_d= 0.30 avg_spd=2.00m/s end=goal t= 1505.3s ckpt=latest
[TRAIN][PPO] ep=101/500 r=  614.85 avg10=  585.62 steps=1624 succ10=0.90 touch10=0.90 col10=0.10 to10=0.00 min_d= 0.30 avg_spd=1.99m/s end=goal t= 1526.5s
[TRAIN][PPO] ep=102/500 r=  376.87 avg10=  585.21 steps=1387 succ10=0.90 touch10=0.90 col10=0.10 to10=0.00 min_d= 0.89 avg_spd=1.99m/s end=collision t= 1544.6s
[TRAIN][PPO] ep=103/500 r=  372.28 avg10=  561.98 steps=1379 succ10=0.80 touch10=0.80 col10=0.20 to10=0.00 min_d= 0.88 avg_spd=2.02m/s end=collision t= 1562.3s
[TRAIN][PPO] ep=104/500 r=  -26.69 avg10=  499.15 steps=  76 succ10=0.70 touch10=0.70 col10=0.30 to10=0.00 min_d= 3.88 avg_spd=1.79m/s end=collision t= 1565.2s
[TRAIN][PPO] ep=105/500 r=  613.74 avg10=  500.34 steps=1629 succ10=0.70 touch10=0.70 col10=0.30 to10=0.00 min_d= 0.30 avg_spd=1.99m/s end=goal t= 1586.4s
[TRAIN][PPO] ep=106/500 r=  377.83 avg10=  477.42 steps=1371 succ10=0.60 touch10=0.60 col10=0.40 to10=0.00 min_d= 0.89 avg_spd=2.01m/s end=collision t= 1604.5s
[TRAIN][PPO] ep=107/500 r=  -31.13 avg10=  413.91 steps=  78 succ10=0.50 touch10=0.50 col10=0.50 to10=0.00 min_d= 3.84 avg_spd=1.81m/s end=collision t= 1605.5s
[TRAIN][PPO] ep=108/500 r=  351.73 avg10=  387.99 steps=1293 succ10=0.40 touch10=0.40 col10=0.60 to10=0.00 min_d= 1.02 avg_spd=2.01m/s end=collision t= 1624.6s
[TRAIN][PPO] ep=109/500 r=  366.24 avg10=  361.92 steps=1342 succ10=0.30 touch10=0.30 col10=0.70 to10=0.00 min_d= 0.90 avg_spd=2.01m/s end=collision t= 1642.4s
[TRAIN][PPO] ep=110/500 r=  380.80 avg10=  339.65 steps=1387 succ10=0.20 touch10=0.20 col10=0.80 to10=0.00 min_d= 0.88 avg_spd=2.01m/s end=collision t= 1660.6s
[TRAIN][PPO] ep=111/500 r=  -27.42 avg10=  275.43 steps= 121 succ10=0.10 touch10=0.10 col10=0.90 to10=0.00 min_d= 3.82 avg_spd=1.89m/s end=collision t= 1662.2s
[TRAIN][PPO] ep=112/500 r=  609.96 avg10=  298.73 steps=1605 succ10=0.20 touch10=0.20 col10=0.80 to10=0.00 min_d= 0.30 avg_spd=2.02m/s end=goal t= 1685.7s
[TRAIN][PPO] ep=113/500 r=  609.69 avg10=  322.47 steps=1612 succ10=0.30 touch10=0.30 col10=0.70 to10=0.00 min_d= 0.30 avg_spd=2.01m/s end=goal t= 1707.1s
[TRAIN][PPO] ep=114/500 r=  604.47 avg10=  385.59 steps=1595 succ10=0.40 touch10=0.40 col10=0.60 to10=0.00 min_d= 0.30 avg_spd=2.02m/s end=goal t= 1728.1s
[TRAIN][PPO] ep=115/500 r=  604.43 avg10=  384.66 steps=1601 succ10=0.40 touch10=0.40 col10=0.60 to10=0.00 min_d= 0.30 avg_spd=2.01m/s end=goal t= 1748.9s
[TRAIN][PPO] ep=116/500 r=  601.77 avg10=  407.05 steps=1614 succ10=0.50 touch10=0.50 col10=0.50 to10=0.00 min_d= 0.30 avg_spd=2.00m/s end=goal t= 1772.2s
[TRAIN][PPO] ep=117/500 r=  604.31 avg10=  470.60 steps=1631 succ10=0.60 touch10=0.60 col10=0.40 to10=0.00 min_d= 0.30 avg_spd=2.00m/s end=goal t= 1793.7s
[TRAIN][PPO] ep=118/500 r=  365.83 avg10=  472.01 steps=1365 succ10=0.60 touch10=0.60 col10=0.40 to10=0.00 min_d= 0.89 avg_spd=2.00m/s end=collision t= 1811.7s
[TRAIN][PPO] ep=119/500 r=  363.57 avg10=  471.74 steps=1367 succ10=0.60 touch10=0.60 col10=0.40 to10=0.00 min_d= 0.92 avg_spd=2.01m/s end=collision t= 1829.6s
[TRAIN][PPO] ep=120/500 r=  612.24 avg10=  494.88 steps=1650 succ10=0.70 touch10=0.70 col10=0.30 to10=0.00 min_d= 0.30 avg_spd=2.01m/s end=goal t= 1853.1s
[TRAIN][PPO] ep=121/500 r=  612.36 avg10=  558.86 steps=1611 succ10=0.80 touch10=0.80 col10=0.20 to10=0.00 min_d= 0.30 avg_spd=2.01m/s end=goal t= 1874.6s
[TRAIN][PPO] ep=122/500 r=  356.09 avg10=  533.48 steps=1316 succ10=0.70 touch10=0.70 col10=0.30 to10=0.00 min_d= 0.89 avg_spd=2.03m/s end=collision t= 1891.7s
[TRAIN][PPO] ep=123/500 r=  -22.20 avg10=  470.29 steps= 134 succ10=0.60 touch10=0.60 col10=0.40 to10=0.00 min_d= 3.82 avg_spd=1.94m/s end=collision t= 1893.5s
[TRAIN][PPO] ep=124/500 r=  -20.41 avg10=  407.80 steps= 148 succ10=0.50 touch10=0.50 col10=0.50 to10=0.00 min_d= 3.82 avg_spd=1.89m/s end=collision t= 1896.5s
[TRAIN][PPO] ep=125/500 r=  609.15 avg10=  408.27 steps=1597 succ10=0.50 touch10=0.50 col10=0.50 to10=0.00 min_d= 0.30 avg_spd=2.02m/s end=goal t= 1917.2s
[TRAIN][PPO] ep=126/500 r=  603.68 avg10=  408.46 steps=1608 succ10=0.50 touch10=0.50 col10=0.50 to10=0.00 min_d= 0.30 avg_spd=2.01m/s end=goal t= 1938.2s
[TRAIN][PPO] ep=127/500 r=  614.22 avg10=  409.45 steps=1613 succ10=0.50 touch10=0.50 col10=0.50 to10=0.00 min_d= 0.30 avg_spd=2.00m/s end=goal t= 1959.2s
[TRAIN][PPO] ep=128/500 r=  372.65 avg10=  410.13 steps=1371 succ10=0.50 touch10=0.50 col10=0.50 to10=0.00 min_d= 0.88 avg_spd=2.02m/s end=collision t= 1979.5s
[TRAIN][PPO] ep=129/500 r=  372.21 avg10=  411.00 steps=1319 succ10=0.50 touch10=0.50 col10=0.50 to10=0.00 min_d= 0.89 avg_spd=2.03m/s end=collision t= 1996.7s
[TRAIN][PPO] ep=130/500 r=  619.32 avg10=  411.71 steps=1639 succ10=0.50 touch10=0.50 col10=0.50 to10=0.00 min_d= 0.30 avg_spd=2.00m/s end=goal t= 2017.9s
[TRAIN][PPO] ep=131/500 r=  623.11 avg10=  412.78 steps=1642 succ10=0.50 touch10=0.50 col10=0.50 to10=0.00 min_d= 0.30 avg_spd=2.00m/s end=goal t= 2038.8s
[TRAIN][PPO] ep=132/500 r=  614.17 avg10=  438.59 steps=1612 succ10=0.60 touch10=0.60 col10=0.40 to10=0.00 min_d= 0.30 avg_spd=2.01m/s end=goal t= 2061.8s
[TRAIN][PPO] ep=133/500 r=  600.58 avg10=  500.87 steps=1567 succ10=0.70 touch10=0.70 col10=0.30 to10=0.00 min_d= 0.30 avg_spd=2.04m/s end=goal t= 2082.1s
[TRAIN][PPO] ep=134/500 r=  607.87 avg10=  563.70 steps=1609 succ10=0.80 touch10=0.80 col10=0.20 to10=0.00 min_d= 0.30 avg_spd=2.05m/s end=goal t= 2102.5s
[TRAIN][PPO] ep=135/500 r=  595.18 avg10=  562.30 steps=1591 succ10=0.80 touch10=0.80 col10=0.20 to10=0.00 min_d= 0.30 avg_spd=2.01m/s end=goal t= 2123.0s
[TRAIN][PPO] ep=136/500 r=  -18.72 avg10=  500.06 steps= 157 succ10=0.70 touch10=0.70 col10=0.30 to10=0.00 min_d= 3.82 avg_spd=1.86m/s end=collision t= 2127.0s
[TRAIN][PPO] ep=137/500 r=  365.26 avg10=  475.16 steps=1341 succ10=0.60 touch10=0.60 col10=0.40 to10=0.00 min_d= 0.89 avg_spd=2.02m/s end=collision t= 2144.5s
[TRAIN][PPO] ep=138/500 r=  599.27 avg10=  497.82 steps=1563 succ10=0.70 touch10=0.70 col10=0.30 to10=0.00 min_d= 0.30 avg_spd=2.03m/s end=goal t= 2164.7s
[TRAIN][PPO] ep=139/500 r=  609.53 avg10=  521.56 steps=1610 succ10=0.80 touch10=0.80 col10=0.20 to10=0.00 min_d= 0.30 avg_spd=2.01m/s end=goal t= 2185.3s
[TRAIN][PPO] ep=140/500 r=  629.70 avg10=  522.60 steps=1593 succ10=0.80 touch10=0.80 col10=0.20 to10=0.00 min_d= 0.30 avg_spd=2.01m/s end=goal t= 2207.5s ckpt=best_goal
[TRAIN][PPO] ep=141/500 r=  -17.26 avg10=  458.56 steps= 159 succ10=0.70 touch10=0.70 col10=0.30 to10=0.00 min_d= 3.81 avg_spd=1.84m/s end=collision t= 2209.6s
[TRAIN][PPO] ep=142/500 r=  616.81 avg10=  458.82 steps=1633 succ10=0.70 touch10=0.70 col10=0.30 to10=0.00 min_d= 0.30 avg_spd=2.01m/s end=goal t= 2230.2s
[TRAIN][PPO] ep=143/500 r=  601.97 avg10=  458.96 steps=1605 succ10=0.70 touch10=0.70 col10=0.30 to10=0.00 min_d= 0.30 avg_spd=2.02m/s end=goal t= 2250.1s
[TRAIN][PPO] ep=144/500 r=  607.01 avg10=  458.88 steps=1616 succ10=0.70 touch10=0.70 col10=0.30 to10=0.00 min_d= 0.30 avg_spd=2.01m/s end=goal t= 2272.4s
[TRAIN][PPO] ep=145/500 r=  336.84 avg10=  433.04 steps=1468 succ10=0.60 touch10=0.60 col10=0.40 to10=0.00 min_d= 1.02 avg_spd=1.99m/s end=collision t= 2291.3s
[TRAIN][PPO] ep=146/500 r=  361.74 avg10=  471.09 steps=1342 succ10=0.60 touch10=0.60 col10=0.40 to10=0.00 min_d= 0.89 avg_spd=2.01m/s end=collision t= 2308.3s
[TRAIN][PPO] ep=147/500 r=  291.36 avg10=  463.70 steps=1131 succ10=0.60 touch10=0.60 col10=0.40 to10=0.00 min_d= 1.49 avg_spd=2.04m/s end=collision t= 2322.3s
[TRAIN][PPO] ep=148/500 r=  596.40 avg10=  463.41 steps=1570 succ10=0.60 touch10=0.60 col10=0.40 to10=0.00 min_d= 0.30 avg_spd=2.03m/s end=goal t= 2344.6s
[TRAIN][PPO] ep=149/500 r=  -42.45 avg10=  398.21 steps=  27 succ10=0.50 touch10=0.50 col10=0.50 to10=0.00 min_d= 3.87 avg_spd=2.00m/s end=collision t= 2345.0s
[TRAIN][PPO] ep=150/500 r=  611.76 avg10=  396.42 steps=1653 succ10=0.50 touch10=0.50 col10=0.50 to10=0.00 min_d= 0.30 avg_spd=2.02m/s end=goal t= 2366.8s
[TRAIN][PPO] ep=151/500 r=  598.01 avg10=  457.95 steps=1571 succ10=0.60 touch10=0.60 col10=0.40 to10=0.00 min_d= 0.30 avg_spd=2.02m/s end=goal t= 2387.1s
[TRAIN][PPO] ep=152/500 r=  593.45 avg10=  455.61 steps=1578 succ10=0.60 touch10=0.60 col10=0.40 to10=0.00 min_d= 0.30 avg_spd=2.03m/s end=goal t= 2409.5s
[TRAIN][PPO] ep=153/500 r=  610.35 avg10=  456.45 steps=1608 succ10=0.60 touch10=0.60 col10=0.40 to10=0.00 min_d= 0.30 avg_spd=2.03m/s end=goal t= 2430.8s
[TRAIN][PPO] ep=154/500 r=  627.55 avg10=  458.50 steps=1675 succ10=0.60 touch10=0.60 col10=0.40 to10=0.00 min_d= 0.30 avg_spd=1.99m/s end=goal t= 2452.9s
[TRAIN][PPO] ep=155/500 r=  378.43 avg10=  462.66 steps=1369 succ10=0.60 touch10=0.60 col10=0.40 to10=0.00 min_d= 0.88 avg_spd=2.01m/s end=collision t= 2471.3s
[TRAIN][PPO] ep=156/500 r=  613.38 avg10=  487.83 steps=1638 succ10=0.70 touch10=0.70 col10=0.30 to10=0.00 min_d= 0.30 avg_spd=2.01m/s end=goal t= 2495.1s
[TRAIN][PPO] ep=157/500 r=  615.16 avg10=  520.21 steps=1612 succ10=0.80 touch10=0.80 col10=0.20 to10=0.00 min_d= 0.30 avg_spd=2.01m/s end=goal t= 2516.5s
[TRAIN][PPO] ep=158/500 r=  343.97 avg10=  494.96 steps=1251 succ10=0.70 touch10=0.70 col10=0.30 to10=0.00 min_d= 0.99 avg_spd=2.03m/s end=collision t= 2533.3s
[TRAIN][PPO] ep=159/500 r=  602.38 avg10=  559.45 steps=1598 succ10=0.80 touch10=0.80 col10=0.20 to10=0.00 min_d= 0.30 avg_spd=2.03m/s end=goal t= 2554.3s
[TRAIN][PPO] ep=160/500 r=  619.16 avg10=  560.19 steps=1616 succ10=0.80 touch10=0.80 col10=0.20 to10=0.00 min_d= 0.30 avg_spd=2.03m/s end=goal t= 2577.5s
[TRAIN][PPO] ep=161/500 r=  606.80 avg10=  561.06 steps=1585 succ10=0.80 touch10=0.80 col10=0.20 to10=0.00 min_d= 0.30 avg_spd=2.03m/s end=goal t= 2598.5s
[TRAIN][PPO] ep=162/500 r=  627.39 avg10=  564.46 steps=1670 succ10=0.80 touch10=0.80 col10=0.20 to10=0.00 min_d= 0.30 avg_spd=1.99m/s end=goal t= 2620.2s
[TRAIN][PPO] ep=163/500 r=  625.13 avg10=  565.94 steps=1680 succ10=0.80 touch10=0.80 col10=0.20 to10=0.00 min_d= 0.30 avg_spd=1.99m/s end=goal t= 2642.5s
[TRAIN][PPO] ep=164/500 r=  614.10 avg10=  564.59 steps=1627 succ10=0.80 touch10=0.80 col10=0.20 to10=0.00 min_d= 0.30 avg_spd=2.00m/s end=goal t= 2666.3s
[TRAIN][PPO] ep=165/500 r=  608.28 avg10=  587.58 steps=1604 succ10=0.90 touch10=0.90 col10=0.10 to10=0.00 min_d= 0.30 avg_spd=2.00m/s end=goal t= 2687.1s
[TRAIN][PPO] ep=166/500 r=  -39.76 avg10=  522.26 steps=  42 succ10=0.80 touch10=0.80 col10=0.20 to10=0.00 min_d= 3.86 avg_spd=1.81m/s end=collision t= 2687.7s
[TRAIN][PPO] ep=167/500 r=  376.69 avg10=  498.41 steps=1386 succ10=0.70 touch10=0.70 col10=0.30 to10=0.00 min_d= 0.88 avg_spd=2.01m/s end=collision t= 2705.4s
[TRAIN][PPO] ep=168/500 r=  611.91 avg10=  525.21 steps=1636 succ10=0.80 touch10=0.80 col10=0.20 to10=0.00 min_d= 0.30 avg_spd=2.00m/s end=goal t= 2728.2s
[TRAIN][PPO] ep=169/500 r=  163.59 avg10=  481.33 steps= 722 succ10=0.70 touch10=0.70 col10=0.30 to10=0.00 min_d= 2.44 avg_spd=2.00m/s end=collision t= 2737.5s
[TRAIN][PPO] ep=170/500 r=  -28.12 avg10=  416.60 steps= 135 succ10=0.60 touch10=0.60 col10=0.40 to10=0.00 min_d= 3.80 avg_spd=1.93m/s end=collision t= 2739.3s
[TRAIN][PPO] ep=171/500 r=  621.80 avg10=  418.10 steps=1637 succ10=0.60 touch10=0.60 col10=0.40 to10=0.00 min_d= 0.30 avg_spd=2.02m/s end=goal t= 2760.1s
[TRAIN][PPO] ep=172/500 r=  609.67 avg10=  416.33 steps=1613 succ10=0.60 touch10=0.60 col10=0.40 to10=0.00 min_d= 0.30 avg_spd=2.02m/s end=goal t= 2782.9s
[TRAIN][PPO] ep=173/500 r=  607.61 avg10=  414.58 steps=1571 succ10=0.60 touch10=0.60 col10=0.40 to10=0.00 min_d= 0.30 avg_spd=2.03m/s end=goal t= 2803.7s
[TRAIN][PPO] ep=174/500 r=  613.23 avg10=  414.49 steps=1616 succ10=0.60 touch10=0.60 col10=0.40 to10=0.00 min_d= 0.30 avg_spd=1.99m/s end=goal t= 2824.1s
[TRAIN][PPO] ep=175/500 r=  624.24 avg10=  416.09 steps=1575 succ10=0.60 touch10=0.60 col10=0.40 to10=0.00 min_d= 0.30 avg_spd=2.03m/s end=goal t= 2844.3s
[TRAIN][PPO] ep=176/500 r=  609.33 avg10=  481.00 steps=1626 succ10=0.70 touch10=0.70 col10=0.30 to10=0.00 min_d= 0.30 avg_spd=2.01m/s end=goal t= 2868.0s
[TRAIN][PPO] ep=177/500 r=  628.80 avg10=  506.21 steps=1644 succ10=0.80 touch10=0.80 col10=0.20 to10=0.00 min_d= 0.30 avg_spd=2.01m/s end=goal t= 2890.0s
[TRAIN][PPO] ep=178/500 r=  602.80 avg10=  505.30 steps=1598 succ10=0.80 touch10=0.80 col10=0.20 to10=0.00 min_d= 0.30 avg_spd=2.02m/s end=goal t= 2909.5s
[TRAIN][PPO] ep=179/500 r=  621.15 avg10=  551.05 steps=1663 succ10=0.90 touch10=0.90 col10=0.10 to10=0.00 min_d= 0.30 avg_spd=2.00m/s end=goal t= 2931.1s
[TRAIN][PPO] ep=180/500 r=  611.48 avg10=  615.01 steps=1599 succ10=1.00 touch10=1.00 col10=0.00 to10=0.00 min_d= 0.30 avg_spd=2.03m/s end=goal t= 2954.3s
[TRAIN][PPO] ep=181/500 r=  614.83 avg10=  614.32 steps=1555 succ10=1.00 touch10=1.00 col10=0.00 to10=0.00 min_d= 0.30 avg_spd=2.04m/s end=goal t= 2975.3s
[TRAIN][PPO] ep=182/500 r=  612.68 avg10=  614.62 steps=1636 succ10=1.00 touch10=1.00 col10=0.00 to10=0.00 min_d= 0.30 avg_spd=2.00m/s end=goal t= 2995.9s
[TRAIN][PPO] ep=183/500 r=  625.97 avg10=  616.45 steps=1656 succ10=1.00 touch10=1.00 col10=0.00 to10=0.00 min_d= 0.30 avg_spd=2.00m/s end=goal t= 3017.5s
[TRAIN][PPO] ep=184/500 r=  -35.40 avg10=  551.59 steps=  51 succ10=0.90 touch10=0.90 col10=0.10 to10=0.00 min_d= 3.86 avg_spd=1.77m/s end=collision t= 3020.4s
[TRAIN][PPO] ep=185/500 r=  364.75 avg10=  525.64 steps=1305 succ10=0.80 touch10=0.80 col10=0.20 to10=0.00 min_d= 0.96 avg_spd=2.02m/s end=collision t= 3037.9s
[TRAIN][PPO] ep=186/500 r=  611.29 avg10=  525.84 steps=1573 succ10=0.80 touch10=0.80 col10=0.20 to10=0.00 min_d= 0.30 avg_spd=2.00m/s end=goal t= 3058.7s
[TRAIN][PPO] ep=187/500 r=  617.72 avg10=  524.73 steps=1632 succ10=0.80 touch10=0.80 col10=0.20 to10=0.00 min_d= 0.30 avg_spd=2.01m/s end=goal t= 3080.4s
[TRAIN][PPO] ep=188/500 r=  612.92 avg10=  525.74 steps=1608 succ10=0.80 touch10=0.80 col10=0.20 to10=0.00 min_d= 0.30 avg_spd=2.01m/s end=goal t= 3104.2s
[TRAIN][PPO] ep=189/500 r=  591.95 avg10=  522.82 steps=1582 succ10=0.80 touch10=0.80 col10=0.20 to10=0.00 min_d= 0.30 avg_spd=2.02m/s end=goal t= 3125.0s
[TRAIN][PPO] ep=190/500 r=  610.22 avg10=  522.69 steps=1610 succ10=0.80 touch10=0.80 col10=0.20 to10=0.00 min_d= 0.30 avg_spd=2.01m/s end=goal t= 3145.8s
[TRAIN][PPO] ep=191/500 r=  605.01 avg10=  521.71 steps=1609 succ10=0.80 touch10=0.80 col10=0.20 to10=0.00 min_d= 0.30 avg_spd=2.01m/s end=goal t= 3166.8s
[TRAIN][PPO] ep=192/500 r=  614.95 avg10=  521.94 steps=1639 succ10=0.80 touch10=0.80 col10=0.20 to10=0.00 min_d= 0.30 avg_spd=2.03m/s end=goal t= 3190.2s
[TRAIN][PPO] ep=193/500 r=  616.80 avg10=  521.02 steps=1625 succ10=0.80 touch10=0.80 col10=0.20 to10=0.00 min_d= 0.30 avg_spd=2.01m/s end=goal t= 3211.6s
[TRAIN][PPO] ep=194/500 r=  392.24 avg10=  563.79 steps=1436 succ10=0.80 touch10=0.80 col10=0.20 to10=0.00 min_d= 0.79 avg_spd=1.99m/s end=collision t= 3230.3s
[TRAIN][PPO] ep=195/500 r=  609.74 avg10=  588.29 steps=1591 succ10=0.90 touch10=0.90 col10=0.10 to10=0.00 min_d= 0.30 avg_spd=2.03m/s end=goal t= 3251.0s
[TRAIN][PPO] ep=196/500 r=  622.68 avg10=  589.42 steps=1629 succ10=0.90 touch10=0.90 col10=0.10 to10=0.00 min_d= 0.30 avg_spd=2.03m/s end=goal t= 3275.0s
[TRAIN][PPO] ep=197/500 r=  607.98 avg10=  588.45 steps=1597 succ10=0.90 touch10=0.90 col10=0.10 to10=0.00 min_d= 0.30 avg_spd=2.01m/s end=goal t= 3295.8s
[TRAIN][PPO] ep=198/500 r=  626.32 avg10=  589.79 steps=1591 succ10=0.90 touch10=0.90 col10=0.10 to10=0.00 min_d= 0.30 avg_spd=2.02m/s end=goal t= 3316.1s
[TRAIN][PPO] ep=199/500 r=  615.29 avg10=  592.12 steps=1552 succ10=0.90 touch10=0.90 col10=0.10 to10=0.00 min_d= 0.30 avg_spd=2.04m/s end=goal t= 3336.0s
[TRAIN][PPO] ep=200/500 r=  615.05 avg10=  592.61 steps=1621 succ10=0.90 touch10=0.90 col10=0.10 to10=0.00 min_d= 0.30 avg_spd=2.01m/s end=goal t= 3359.9s ckpt=latest
[TRAIN][PPO] ep=201/500 r=  609.61 avg10=  593.07 steps=1600 succ10=0.90 touch10=0.90 col10=0.10 to10=0.00 min_d= 0.30 avg_spd=2.03m/s end=goal t= 3381.0s
[TRAIN][PPO] ep=202/500 r=  616.31 avg10=  593.20 steps=1617 succ10=0.90 touch10=0.90 col10=0.10 to10=0.00 min_d= 0.30 avg_spd=2.00m/s end=goal t= 3401.9s
[TRAIN][PPO] ep=203/500 r=  610.59 avg10=  592.58 steps=1613 succ10=0.90 touch10=0.90 col10=0.10 to10=0.00 min_d= 0.30 avg_spd=2.00m/s end=goal t= 3422.6s
[TRAIN][PPO] ep=204/500 r=  -36.59 avg10=  549.70 steps=  49 succ10=0.90 touch10=0.90 col10=0.10 to10=0.00 min_d= 3.87 avg_spd=1.88m/s end=collision t= 3424.9s
[TRAIN][PPO] ep=205/500 r=  -43.16 avg10=  484.41 steps=  24 succ10=0.80 touch10=0.80 col10=0.20 to10=0.00 min_d= 3.87 avg_spd=1.78m/s end=collision t= 3425.2s
[TRAIN][PPO] ep=206/500 r=  -30.73 avg10=  419.07 steps=  70 succ10=0.70 touch10=0.70 col10=0.30 to10=0.00 min_d= 3.86 avg_spd=1.95m/s end=collision t= 3426.2s
[TRAIN][PPO] ep=207/500 r=  614.31 avg10=  419.70 steps=1627 succ10=0.70 touch10=0.70 col10=0.30 to10=0.00 min_d= 0.30 avg_spd=1.99m/s end=goal t= 3447.8s
[TRAIN][PPO] ep=208/500 r=  605.34 avg10=  417.60 steps=1596 succ10=0.70 touch10=0.70 col10=0.30 to10=0.00 min_d= 0.30 avg_spd=2.04m/s end=goal t= 3470.7s
[TRAIN][PPO] ep=209/500 r=  608.92 avg10=  416.97 steps=1605 succ10=0.70 touch10=0.70 col10=0.30 to10=0.00 min_d= 0.30 avg_spd=2.01m/s end=goal t= 3491.5s
[TRAIN][PPO] ep=210/500 r=  620.66 avg10=  417.53 steps=1619 succ10=0.70 touch10=0.70 col10=0.30 to10=0.00 min_d= 0.30 avg_spd=2.03m/s end=goal t= 3513.0s
[TRAIN][PPO] ep=211/500 r=  613.03 avg10=  417.87 steps=1597 succ10=0.70 touch10=0.70 col10=0.30 to10=0.00 min_d= 0.30 avg_spd=2.02m/s end=goal t= 3533.8s
[TRAIN][PPO] ep=212/500 r=  612.12 avg10=  417.45 steps=1619 succ10=0.70 touch10=0.70 col10=0.30 to10=0.00 min_d= 0.30 avg_spd=2.00m/s end=goal t= 3557.0s
[TRAIN][PPO] ep=213/500 r=  616.89 avg10=  418.08 steps=1633 succ10=0.70 touch10=0.70 col10=0.30 to10=0.00 min_d= 0.30 avg_spd=2.02m/s end=goal t= 3578.7s
[TRAIN][PPO] ep=214/500 r=  618.06 avg10=  483.54 steps=1619 succ10=0.80 touch10=0.80 col10=0.20 to10=0.00 min_d= 0.30 avg_spd=2.01m/s end=goal t= 3599.5s
[TRAIN][PPO] ep=215/500 r=  619.99 avg10=  549.86 steps=1555 succ10=0.90 touch10=0.90 col10=0.10 to10=0.00 min_d= 0.30 avg_spd=2.04m/s end=goal t= 3619.6s
[TRAIN][PPO] ep=216/500 r=  602.28 avg10=  613.16 steps=1585 succ10=1.00 touch10=1.00 col10=0.00 to10=0.00 min_d= 0.30 avg_spd=2.03m/s end=goal t= 3642.6s
[TRAIN][PPO] ep=217/500 r=  -17.82 avg10=  549.95 steps= 165 succ10=0.90 touch10=0.90 col10=0.10 to10=0.00 min_d= 3.80 avg_spd=1.98m/s end=collision t= 3644.7s
[TRAIN][PPO] ep=218/500 r=  344.21 avg10=  523.83 steps=1266 succ10=0.80 touch10=0.80 col10=0.20 to10=0.00 min_d= 1.00 avg_spd=2.01m/s end=collision t= 3661.3s
[TRAIN][PPO] ep=219/500 r=  631.76 avg10=  526.12 steps=1666 succ10=0.80 touch10=0.80 col10=0.20 to10=0.00 min_d= 0.30 avg_spd=2.00m/s end=goal t= 3683.4s ckpt=best_goal
[TRAIN][PPO] ep=220/500 r=  614.07 avg10=  525.46 steps=1610 succ10=0.80 touch10=0.80 col10=0.20 to10=0.00 min_d= 0.30 avg_spd=2.01m/s end=goal t= 3705.8s
[TRAIN][PPO] ep=221/500 r=  610.82 avg10=  525.24 steps=1603 succ10=0.80 touch10=0.80 col10=0.20 to10=0.00 min_d= 0.30 avg_spd=2.02m/s end=goal t= 3726.8s
[TRAIN][PPO] ep=222/500 r=  597.71 avg10=  523.80 steps=1566 succ10=0.80 touch10=0.80 col10=0.20 to10=0.00 min_d= 0.30 avg_spd=2.04m/s end=goal t= 3747.4s
[TRAIN][PPO] ep=223/500 r=  626.27 avg10=  524.74 steps=1652 succ10=0.80 touch10=0.80 col10=0.20 to10=0.00 min_d= 0.30 avg_spd=2.03m/s end=goal t= 3769.1s
[TRAIN][PPO] ep=224/500 r=  612.36 avg10=  524.17 steps=1591 succ10=0.80 touch10=0.80 col10=0.20 to10=0.00 min_d= 0.30 avg_spd=2.02m/s end=goal t= 3792.1s
[TRAIN][PPO] ep=225/500 r=  598.25 avg10=  521.99 steps=1553 succ10=0.80 touch10=0.80 col10=0.20 to10=0.00 min_d= 0.30 avg_spd=2.01m/s end=goal t= 3812.4s
[TRAIN][PPO] ep=226/500 r=  610.35 avg10=  522.80 steps=1600 succ10=0.80 touch10=0.80 col10=0.20 to10=0.00 min_d= 0.30 avg_spd=2.00m/s end=goal t= 3833.0s
[TRAIN][PPO] ep=227/500 r=  350.03 avg10=  559.58 steps=1302 succ10=0.80 touch10=0.80 col10=0.20 to10=0.00 min_d= 1.00 avg_spd=2.02m/s end=collision t= 3850.5s
[TRAIN][PPO] ep=228/500 r=  345.93 avg10=  559.76 steps=1284 succ10=0.80 touch10=0.80 col10=0.20 to10=0.00 min_d= 1.04 avg_spd=2.04m/s end=collision t= 3868.8s
[TRAIN][PPO] ep=229/500 r=  605.73 avg10=  557.15 steps=1595 succ10=0.80 touch10=0.80 col10=0.20 to10=0.00 min_d= 0.30 avg_spd=2.04m/s end=goal t= 3889.1s
[TRAIN][PPO] ep=230/500 r=  627.40 avg10=  558.49 steps=1661 succ10=0.80 touch10=0.80 col10=0.20 to10=0.00 min_d= 0.30 avg_spd=2.01m/s end=goal t= 3910.6s
[TRAIN][PPO] ep=231/500 r=  620.12 avg10=  559.42 steps=1652 succ10=0.80 touch10=0.80 col10=0.20 to10=0.00 min_d= 0.30 avg_spd=2.00m/s end=goal t= 3932.3s
[TRAIN][PPO] ep=232/500 r=  618.98 avg10=  561.54 steps=1611 succ10=0.80 touch10=0.80 col10=0.20 to10=0.00 min_d= 0.30 avg_spd=2.02m/s end=goal t= 3957.5s
[TRAIN][PPO] ep=233/500 r=  623.79 avg10=  561.29 steps=1651 succ10=0.80 touch10=0.80 col10=0.20 to10=0.00 min_d= 0.30 avg_spd=1.99m/s end=goal t= 3979.3s
[TRAIN][PPO] ep=234/500 r=  619.89 avg10=  562.05 steps=1637 succ10=0.80 touch10=0.80 col10=0.20 to10=0.00 min_d= 0.30 avg_spd=1.99m/s end=goal t= 4001.1s
[TRAIN][PPO] ep=235/500 r=  622.49 avg10=  564.47 steps=1619 succ10=0.80 touch10=0.80 col10=0.20 to10=0.00 min_d= 0.30 avg_spd=2.01m/s end=goal t= 4022.7s
[TRAIN][PPO] ep=236/500 r=  353.98 avg10=  538.83 steps=1311 succ10=0.70 touch10=0.70 col10=0.30 to10=0.00 min_d= 1.03 avg_spd=2.01m/s end=collision t= 4042.0s
[TRAIN][PPO] ep=237/500 r=  621.07 avg10=  565.94 steps=1597 succ10=0.80 touch10=0.80 col10=0.20 to10=0.00 min_d= 0.30 avg_spd=1.99m/s end=goal t= 4061.3s
[TRAIN][PPO] ep=238/500 r=  611.08 avg10=  592.45 steps=1568 succ10=0.90 touch10=0.90 col10=0.10 to10=0.00 min_d= 0.30 avg_spd=2.00m/s end=goal t= 4081.5s
[TRAIN][PPO] ep=239/500 r=  627.84 avg10=  594.66 steps=1661 succ10=0.90 touch10=0.90 col10=0.10 to10=0.00 min_d= 0.30 avg_spd=1.98m/s end=goal t= 4102.5s
[TRAIN][PPO] ep=240/500 r=  619.68 avg10=  593.89 steps=1605 succ10=0.90 touch10=0.90 col10=0.10 to10=0.00 min_d= 0.30 avg_spd=2.02m/s end=goal t= 4125.2s
[TRAIN][PPO] ep=241/500 r=  610.94 avg10=  592.97 steps=1593 succ10=0.90 touch10=0.90 col10=0.10 to10=0.00 min_d= 0.30 avg_spd=1.99m/s end=goal t= 4146.1s
[TRAIN][PPO] ep=242/500 r=  361.18 avg10=  567.19 steps=1319 succ10=0.80 touch10=0.80 col10=0.20 to10=0.00 min_d= 0.96 avg_spd=1.98m/s end=collision t= 4163.4s
[TRAIN][PPO] ep=243/500 r=  371.37 avg10=  541.95 steps=1323 succ10=0.70 touch10=0.70 col10=0.30 to10=0.00 min_d= 0.88 avg_spd=2.00m/s end=collision t= 4180.1s
[TRAIN][PPO] ep=244/500 r=  614.57 avg10=  541.42 steps=1522 succ10=0.70 touch10=0.70 col10=0.30 to10=0.00 min_d= 0.30 avg_spd=1.99m/s end=goal t= 4201.9s
[TRAIN][PPO] ep=245/500 r=  619.71 avg10=  541.14 steps=1622 succ10=0.70 touch10=0.70 col10=0.30 to10=0.00 min_d= 0.30 avg_spd=1.98m/s end=goal t= 4223.1s
[TRAIN][PPO] ep=246/500 r=  611.64 avg10=  566.91 steps=1539 succ10=0.80 touch10=0.80 col10=0.20 to10=0.00 min_d= 0.30 avg_spd=1.99m/s end=goal t= 4242.9s
[TRAIN][PPO] ep=247/500 r=  370.09 avg10=  541.81 steps=1344 succ10=0.70 touch10=0.70 col10=0.30 to10=0.00 min_d= 0.98 avg_spd=1.99m/s end=collision t= 4259.9s
[TRAIN][PPO] ep=248/500 r=  628.31 avg10=  543.53 steps=1565 succ10=0.70 touch10=0.70 col10=0.30 to10=0.00 min_d= 0.30 avg_spd=2.01m/s end=goal t= 4282.4s
[TRAIN][PPO] ep=249/500 r=  615.64 avg10=  542.31 steps=1615 succ10=0.70 touch10=0.70 col10=0.30 to10=0.00 min_d= 0.30 avg_spd=2.00m/s end=goal t= 4303.5s
[TRAIN][PPO] ep=250/500 r=  612.16 avg10=  541.56 steps=1633 succ10=0.70 touch10=0.70 col10=0.30 to10=0.00 min_d= 0.30 avg_spd=1.99m/s end=goal t= 4324.9s
[TRAIN][PPO] ep=251/500 r=  359.33 avg10=  516.40 steps=1289 succ10=0.60 touch10=0.60 col10=0.40 to10=0.00 min_d= 0.95 avg_spd=2.00m/s end=collision t= 4342.0s
[TRAIN][PPO] ep=252/500 r=  621.86 avg10=  542.47 steps=1535 succ10=0.70 touch10=0.70 col10=0.30 to10=0.00 min_d= 0.30 avg_spd=2.01m/s end=goal t= 4363.7s
[TRAIN][PPO] ep=253/500 r=  614.28 avg10=  566.76 steps=1533 succ10=0.80 touch10=0.80 col10=0.20 to10=0.00 min_d= 0.30 avg_spd=2.02m/s end=goal t= 4383.9s
[TRAIN][PPO] ep=254/500 r=  621.04 avg10=  567.41 steps=1571 succ10=0.80 touch10=0.80 col10=0.20 to10=0.00 min_d= 0.30 avg_spd=2.01m/s end=goal t= 4404.4s
[TRAIN][PPO] ep=255/500 r=   99.48 avg10=  515.38 steps=2025 succ10=0.70 touch10=0.70 col10=0.30 to10=0.00 min_d= 0.94 avg_spd=1.98m/s end=collision t= 4430.6s
[TRAIN][PPO] ep=256/500 r=  613.39 avg10=  515.56 steps=1517 succ10=0.70 touch10=0.70 col10=0.30 to10=0.00 min_d= 0.30 avg_spd=2.00m/s end=goal t= 4452.7s
[TRAIN][PPO] ep=257/500 r=   85.71 avg10=  487.12 steps=1954 succ10=0.70 touch10=0.70 col10=0.30 to10=0.00 min_d= 0.95 avg_spd=2.00m/s end=collision t= 4477.5s
[TRAIN][PPO] ep=258/500 r=  618.04 avg10=  486.09 steps=1538 succ10=0.70 touch10=0.70 col10=0.30 to10=0.00 min_d= 0.30 avg_spd=2.00m/s end=goal t= 4497.3s
[TRAIN][PPO] ep=259/500 r=  634.99 avg10=  488.03 steps=1647 succ10=0.70 touch10=0.70 col10=0.30 to10=0.00 min_d= 0.30 avg_spd=1.98m/s end=goal t= 4519.2s ckpt=best_goal
[TRAIN][PPO] ep=260/500 r=  621.28 avg10=  488.94 steps=1591 succ10=0.70 touch10=0.70 col10=0.30 to10=0.00 min_d= 0.30 avg_spd=2.00m/s end=goal t= 4543.0s
[TRAIN][PPO] ep=261/500 r=  354.18 avg10=  488.43 steps=1283 succ10=0.70 touch10=0.70 col10=0.30 to10=0.00 min_d= 0.96 avg_spd=2.01m/s end=collision t= 4559.9s
[TRAIN][PPO] ep=262/500 r=  617.67 avg10=  488.01 steps=1529 succ10=0.70 touch10=0.70 col10=0.30 to10=0.00 min_d= 0.30 avg_spd=2.00m/s end=goal t= 4580.2s
[TRAIN][PPO] ep=263/500 r=  611.19 avg10=  487.70 steps=1512 succ10=0.70 touch10=0.70 col10=0.30 to10=0.00 min_d= 0.30 avg_spd=2.02m/s end=goal t= 4600.0s
[TRAIN][PPO] ep=264/500 r=  625.15 avg10=  488.11 steps=1555 succ10=0.70 touch10=0.70 col10=0.30 to10=0.00 min_d= 0.30 avg_spd=2.00m/s end=goal t= 4622.7s
[TRAIN][PPO] ep=265/500 r=  608.96 avg10=  539.06 steps=1502 succ10=0.80 touch10=0.80 col10=0.20 to10=0.00 min_d= 0.30 avg_spd=2.03m/s end=goal t= 4642.8s
[TRAIN][PPO] ep=266/500 r=  617.55 avg10=  539.47 steps=1535 succ10=0.80 touch10=0.80 col10=0.20 to10=0.00 min_d= 0.30 avg_spd=2.02m/s end=goal t= 4662.9s
[TRAIN][PPO] ep=267/500 r=  620.18 avg10=  592.92 steps=1542 succ10=0.90 touch10=0.90 col10=0.10 to10=0.00 min_d= 0.30 avg_spd=2.03m/s end=goal t= 4683.3s
[TRAIN][PPO] ep=268/500 r=  383.77 avg10=  569.49 steps=1349 succ10=0.80 touch10=0.80 col10=0.20 to10=0.00 min_d= 0.90 avg_spd=1.99m/s end=collision t= 4703.2s
[TRAIN][PPO] ep=269/500 r=  624.61 avg10=  568.45 steps=1553 succ10=0.80 touch10=0.80 col10=0.20 to10=0.00 min_d= 0.30 avg_spd=1.99m/s end=goal t= 4723.7s
[TRAIN][PPO] ep=270/500 r=  623.89 avg10=  568.71 steps=1565 succ10=0.80 touch10=0.80 col10=0.20 to10=0.00 min_d= 0.30 avg_spd=2.02m/s end=goal t= 4744.4s
[TRAIN][PPO] ep=271/500 r=  626.70 avg10=  595.97 steps=1557 succ10=0.90 touch10=0.90 col10=0.10 to10=0.00 min_d= 0.30 avg_spd=2.01m/s end=goal t= 4764.5s
[TRAIN][PPO] ep=272/500 r=  618.56 avg10=  596.06 steps=1537 succ10=0.90 touch10=0.90 col10=0.10 to10=0.00 min_d= 0.30 avg_spd=2.02m/s end=goal t= 4788.0s
[TRAIN][PPO] ep=273/500 r=  613.64 avg10=  596.30 steps=1455 succ10=0.90 touch10=0.90 col10=0.10 to10=0.00 min_d= 0.30 avg_spd=2.04m/s end=goal t= 4807.1s
[TRAIN][PPO] ep=274/500 r=  615.54 avg10=  595.34 steps=1520 succ10=0.90 touch10=0.90 col10=0.10 to10=0.00 min_d= 0.30 avg_spd=2.01m/s end=goal t= 4827.1s
[TRAIN][PPO] ep=275/500 r=  399.53 avg10=  574.40 steps=1403 succ10=0.80 touch10=0.80 col10=0.20 to10=0.00 min_d= 0.77 avg_spd=2.02m/s end=collision t= 4845.6s
[TRAIN][PPO] ep=276/500 r=  611.63 avg10=  573.81 steps=1494 succ10=0.80 touch10=0.80 col10=0.20 to10=0.00 min_d= 0.30 avg_spd=2.04m/s end=goal t= 4867.2s
[TRAIN][PPO] ep=277/500 r=  -34.97 avg10=  508.29 steps=  55 succ10=0.70 touch10=0.70 col10=0.30 to10=0.00 min_d= 3.86 avg_spd=1.85m/s end=collision t= 4868.0s
[TRAIN][PPO] ep=278/500 r=  620.41 avg10=  531.95 steps=1537 succ10=0.80 touch10=0.80 col10=0.20 to10=0.00 min_d= 0.30 avg_spd=2.01m/s end=goal t= 4888.4s
[TRAIN][PPO] ep=279/500 r=  613.63 avg10=  530.86 steps=1602 succ10=0.80 touch10=0.80 col10=0.20 to10=0.00 min_d= 0.30 avg_spd=2.02m/s end=goal t= 4909.4s
[TRAIN][PPO] ep=280/500 r=  624.98 avg10=  530.97 steps=1549 succ10=0.80 touch10=0.80 col10=0.20 to10=0.00 min_d= 0.30 avg_spd=2.02m/s end=goal t= 4931.7s
[TRAIN][PPO] ep=281/500 r=  611.22 avg10=  529.42 steps=1498 succ10=0.80 touch10=0.80 col10=0.20 to10=0.00 min_d= 0.30 avg_spd=2.02m/s end=goal t= 4951.5s
[TRAIN][PPO] ep=282/500 r=  610.35 avg10=  528.60 steps=1501 succ10=0.80 touch10=0.80 col10=0.20 to10=0.00 min_d= 0.30 avg_spd=2.02m/s end=goal t= 4971.1s
[TRAIN][PPO] ep=283/500 r=  619.97 avg10=  529.23 steps=1482 succ10=0.80 touch10=0.80 col10=0.20 to10=0.00 min_d= 0.30 avg_spd=2.05m/s end=goal t= 4990.1s
[TRAIN][PPO] ep=284/500 r=  615.09 avg10=  529.18 steps=1465 succ10=0.80 touch10=0.80 col10=0.20 to10=0.00 min_d= 0.30 avg_spd=2.03m/s end=goal t= 5011.4s
[TRAIN][PPO] ep=285/500 r=  605.72 avg10=  549.80 steps=1463 succ10=0.90 touch10=0.90 col10=0.10 to10=0.00 min_d= 0.30 avg_spd=2.04m/s end=goal t= 5030.8s
[TRAIN][PPO] ep=286/500 r=  623.36 avg10=  550.98 steps=1484 succ10=0.90 touch10=0.90 col10=0.10 to10=0.00 min_d= 0.30 avg_spd=2.04m/s end=goal t= 5050.6s
[TRAIN][PPO] ep=287/500 r=  610.79 avg10=  615.55 steps=1498 succ10=1.00 touch10=1.00 col10=0.00 to10=0.00 min_d= 0.30 avg_spd=2.04m/s end=goal t= 5070.3s
[TRAIN][PPO] ep=288/500 r=  606.80 avg10=  614.19 steps=1475 succ10=1.00 touch10=1.00 col10=0.00 to10=0.00 min_d= 0.30 avg_spd=2.04m/s end=goal t= 5091.6s
[TRAIN][PPO] ep=289/500 r=  599.65 avg10=  612.79 steps=1509 succ10=1.00 touch10=1.00 col10=0.00 to10=0.00 min_d= 0.30 avg_spd=2.02m/s end=goal t= 5111.8s
[TRAIN][PPO] ep=290/500 r=   84.14 avg10=  558.71 steps=1979 succ10=0.90 touch10=0.90 col10=0.10 to10=0.00 min_d= 0.93 avg_spd=2.01m/s end=collision t= 5137.9s
[TRAIN][PPO] ep=291/500 r=  622.74 avg10=  559.86 steps=1595 succ10=0.90 touch10=0.90 col10=0.10 to10=0.00 min_d= 0.30 avg_spd=2.03m/s end=goal t= 5158.9s
[TRAIN][PPO] ep=292/500 r=  619.93 avg10=  560.82 steps=1487 succ10=0.90 touch10=0.90 col10=0.10 to10=0.00 min_d= 0.30 avg_spd=2.03m/s end=goal t= 5180.6s
[TRAIN][PPO] ep=293/500 r=  618.13 avg10=  560.63 steps=1538 succ10=0.90 touch10=0.90 col10=0.10 to10=0.00 min_d= 0.30 avg_spd=2.00m/s end=goal t= 5201.2s
[TRAIN][PPO] ep=294/500 r=  385.81 avg10=  537.71 steps=1256 succ10=0.80 touch10=0.80 col10=0.20 to10=0.00 min_d= 0.79 avg_spd=2.04m/s end=collision t= 5217.8s
[TRAIN][PPO] ep=295/500 r=  613.75 avg10=  538.51 steps=1582 succ10=0.80 touch10=0.80 col10=0.20 to10=0.00 min_d= 0.30 avg_spd=2.03m/s end=goal t= 5238.8s
[TRAIN][PPO] ep=296/500 r=  611.84 avg10=  537.36 steps=1521 succ10=0.80 touch10=0.80 col10=0.20 to10=0.00 min_d= 0.30 avg_spd=2.02m/s end=goal t= 5260.7s
[TRAIN][PPO] ep=297/500 r=  618.86 avg10=  538.16 steps=1470 succ10=0.80 touch10=0.80 col10=0.20 to10=0.00 min_d= 0.30 avg_spd=2.04m/s end=goal t= 5280.0s
[TRAIN][PPO] ep=298/500 r=  598.56 avg10=  537.34 steps=1467 succ10=0.80 touch10=0.80 col10=0.20 to10=0.00 min_d= 0.30 avg_spd=2.04m/s end=goal t= 5299.4s
[TRAIN][PPO] ep=299/500 r=  391.63 avg10=  516.54 steps=1270 succ10=0.70 touch10=0.70 col10=0.30 to10=0.00 min_d= 0.85 avg_spd=2.01m/s end=collision t= 5316.0s
[TRAIN][PPO] ep=300/500 r=  624.05 avg10=  570.53 steps=1631 succ10=0.80 touch10=0.80 col10=0.20 to10=0.00 min_d= 0.30 avg_spd=2.02m/s end=goal t= 5338.9s ckpt=latest
[TRAIN][PPO] ep=301/500 r=  609.87 avg10=  569.24 steps=1447 succ10=0.80 touch10=0.80 col10=0.20 to10=0.00 min_d= 0.30 avg_spd=2.04m/s end=goal t= 5358.1s
[TRAIN][PPO] ep=302/500 r=  602.49 avg10=  567.50 steps=1489 succ10=0.80 touch10=0.80 col10=0.20 to10=0.00 min_d= 0.30 avg_spd=2.03m/s end=goal t= 5377.7s
[TRAIN][PPO] ep=303/500 r=  628.18 avg10=  568.50 steps=1499 succ10=0.80 touch10=0.80 col10=0.20 to10=0.00 min_d= 0.30 avg_spd=2.04m/s end=goal t= 5397.5s
[TRAIN][PPO] ep=304/500 r=  612.54 avg10=  591.18 steps=1501 succ10=0.90 touch10=0.90 col10=0.10 to10=0.00 min_d= 0.30 avg_spd=2.03m/s end=goal t= 5419.1s
[TRAIN][PPO] ep=305/500 r=  618.35 avg10=  591.64 steps=1480 succ10=0.90 touch10=0.90 col10=0.10 to10=0.00 min_d= 0.30 avg_spd=2.04m/s end=goal t= 5438.7s
[TRAIN][PPO] ep=306/500 r=  617.70 avg10=  592.22 steps=1465 succ10=0.90 touch10=0.90 col10=0.10 to10=0.00 min_d= 0.30 avg_spd=2.04m/s end=goal t= 5457.9s
[TRAIN][PPO] ep=307/500 r=  615.69 avg10=  591.90 steps=1471 succ10=0.90 touch10=0.90 col10=0.10 to10=0.00 min_d= 0.30 avg_spd=2.05m/s end=goal t= 5476.3s
[TRAIN][PPO] ep=308/500 r=  386.33 avg10=  570.68 steps=1270 succ10=0.80 touch10=0.80 col10=0.20 to10=0.00 min_d= 0.84 avg_spd=2.04m/s end=collision t= 5494.3s
[TRAIN][PPO] ep=309/500 r=  615.92 avg10=  593.11 steps=1467 succ10=0.90 touch10=0.90 col10=0.10 to10=0.00 min_d= 0.30 avg_spd=2.04m/s end=goal t= 5513.8s
[TRAIN][PPO] ep=310/500 r=  619.71 avg10=  592.68 steps=1581 succ10=0.90 touch10=0.90 col10=0.10 to10=0.00 min_d= 0.30 avg_spd=2.03m/s end=goal t= 5534.7s
[TRAIN][PPO] ep=311/500 r=  611.25 avg10=  592.81 steps=1527 succ10=0.90 touch10=0.90 col10=0.10 to10=0.00 min_d= 0.30 avg_spd=2.04m/s end=goal t= 5554.7s
[TRAIN][PPO] ep=312/500 r=  620.98 avg10=  594.66 steps=1475 succ10=0.90 touch10=0.90 col10=0.10 to10=0.00 min_d= 0.30 avg_spd=2.06m/s end=goal t= 5576.0s
[TRAIN][PPO] ep=313/500 r=  601.48 avg10=  591.99 steps=1537 succ10=0.90 touch10=0.90 col10=0.10 to10=0.00 min_d= 0.30 avg_spd=2.03m/s end=goal t= 5595.6s
[TRAIN][PPO] ep=314/500 r=  617.99 avg10=  592.54 steps=1465 succ10=0.90 touch10=0.90 col10=0.10 to10=0.00 min_d= 0.30 avg_spd=2.05m/s end=goal t= 5614.8s
[TRAIN][PPO] ep=315/500 r=  611.42 avg10=  591.85 steps=1447 succ10=0.90 touch10=0.90 col10=0.10 to10=0.00 min_d= 0.30 avg_spd=2.04m/s end=goal t= 5633.9s
[TRAIN][PPO] ep=316/500 r=  623.52 avg10=  592.43 steps=1492 succ10=0.90 touch10=0.90 col10=0.10 to10=0.00 min_d= 0.30 avg_spd=2.05m/s end=goal t= 5654.0s
[TRAIN][PPO] ep=317/500 r=  -35.36 avg10=  527.32 steps=  54 succ10=0.80 touch10=0.80 col10=0.20 to10=0.00 min_d= 3.86 avg_spd=1.92m/s end=collision t= 5654.8s
[TRAIN][PPO] ep=318/500 r=  622.77 avg10=  550.97 steps=1496 succ10=0.90 touch10=0.90 col10=0.10 to10=0.00 min_d= 0.30 avg_spd=2.04m/s end=goal t= 5674.6s
[TRAIN][PPO] ep=319/500 r=  611.66 avg10=  550.54 steps=1444 succ10=0.90 touch10=0.90 col10=0.10 to10=0.00 min_d= 0.30 avg_spd=2.07m/s end=goal t= 5693.6s
[TRAIN][PPO] ep=320/500 r=  604.61 avg10=  549.03 steps=1434 succ10=0.90 touch10=0.90 col10=0.10 to10=0.00 min_d= 0.30 avg_spd=2.06m/s end=goal t= 5714.0s
[TRAIN][PPO] ep=321/500 r=  605.60 avg10=  548.47 steps=1550 succ10=0.90 touch10=0.90 col10=0.10 to10=0.00 min_d= 0.30 avg_spd=2.00m/s end=goal t= 5734.5s
[TRAIN][PPO] ep=322/500 r=  608.55 avg10=  547.22 steps=1512 succ10=0.90 touch10=0.90 col10=0.10 to10=0.00 min_d= 0.30 avg_spd=2.04m/s end=goal t= 5754.8s
[TRAIN][PPO] ep=323/500 r=  614.75 avg10=  548.55 steps=1483 succ10=0.90 touch10=0.90 col10=0.10 to10=0.00 min_d= 0.30 avg_spd=2.04m/s end=goal t= 5774.9s
[TRAIN][PPO] ep=324/500 r=  616.93 avg10=  548.44 steps=1462 succ10=0.90 touch10=0.90 col10=0.10 to10=0.00 min_d= 0.30 avg_spd=2.05m/s end=goal t= 5795.8s
[TRAIN][PPO] ep=325/500 r=  615.40 avg10=  548.84 steps=1456 succ10=0.90 touch10=0.90 col10=0.10 to10=0.00 min_d= 0.30 avg_spd=2.06m/s end=goal t= 5814.6s
[TRAIN][PPO] ep=326/500 r=  620.97 avg10=  548.59 steps=1479 succ10=0.90 touch10=0.90 col10=0.10 to10=0.00 min_d= 0.30 avg_spd=2.05m/s end=goal t= 5834.1s
[TRAIN][PPO] ep=327/500 r=  622.63 avg10=  614.39 steps=1480 succ10=1.00 touch10=1.00 col10=0.00 to10=0.00 min_d= 0.30 avg_spd=2.06m/s end=goal t= 5853.7s
[TRAIN][PPO] ep=328/500 r=  614.98 avg10=  613.61 steps=1462 succ10=1.00 touch10=1.00 col10=0.00 to10=0.00 min_d= 0.30 avg_spd=2.05m/s end=goal t= 5875.3s
[TRAIN][PPO] ep=329/500 r=  625.49 avg10=  614.99 steps=1528 succ10=1.00 touch10=1.00 col10=0.00 to10=0.00 min_d= 0.30 avg_spd=2.03m/s end=goal t= 5895.8s
[TRAIN][PPO] ep=330/500 r=  604.20 avg10=  614.95 steps=1423 succ10=1.00 touch10=1.00 col10=0.00 to10=0.00 min_d= 0.30 avg_spd=2.06m/s end=goal t= 5915.0s
[TRAIN][PPO] ep=331/500 r=  613.69 avg10=  615.76 steps=1477 succ10=1.00 touch10=1.00 col10=0.00 to10=0.00 min_d= 0.30 avg_spd=2.05m/s end=goal t= 5934.5s
[TRAIN][PPO] ep=332/500 r=  614.87 avg10=  616.39 steps=1456 succ10=1.00 touch10=1.00 col10=0.00 to10=0.00 min_d= 0.30 avg_spd=2.07m/s end=goal t= 5955.4s
[TRAIN][PPO] ep=333/500 r=  606.15 avg10=  615.53 steps=1438 succ10=1.00 touch10=1.00 col10=0.00 to10=0.00 min_d= 0.30 avg_spd=2.05m/s end=goal t= 5974.9s
[TRAIN][PPO] ep=334/500 r=   71.29 avg10=  560.97 steps= 371 succ10=0.90 touch10=0.90 col10=0.10 to10=0.00 min_d= 3.06 avg_spd=2.01m/s end=collision t= 5979.9s
[TRAIN][PPO] ep=335/500 r=  610.49 avg10=  560.48 steps=1510 succ10=0.90 touch10=0.90 col10=0.10 to10=0.00 min_d= 0.30 avg_spd=2.06m/s end=goal t= 6000.1s
[TRAIN][PPO] ep=336/500 r=  620.84 avg10=  560.46 steps=1483 succ10=0.90 touch10=0.90 col10=0.10 to10=0.00 min_d= 0.30 avg_spd=2.06m/s end=goal t= 6021.9s
[TRAIN][PPO] ep=337/500 r=  613.11 avg10=  559.51 steps=1454 succ10=0.90 touch10=0.90 col10=0.10 to10=0.00 min_d= 0.30 avg_spd=2.06m/s end=goal t= 6041.2s
[TRAIN][PPO] ep=338/500 r=  -18.88 avg10=  496.13 steps= 150 succ10=0.80 touch10=0.80 col10=0.20 to10=0.00 min_d= 3.82 avg_spd=1.92m/s end=collision t= 6043.3s
[TRAIN][PPO] ep=339/500 r=  613.25 avg10=  494.90 steps=1461 succ10=0.80 touch10=0.80 col10=0.20 to10=0.00 min_d= 0.30 avg_spd=2.06m/s end=goal t= 6062.9s
[TRAIN][PPO] ep=340/500 r=  610.77 avg10=  495.56 steps=1444 succ10=0.80 touch10=0.80 col10=0.20 to10=0.00 min_d= 0.30 avg_spd=2.06m/s end=goal t= 6084.4s
[TRAIN][PPO] ep=341/500 r=  -35.75 avg10=  430.61 steps= 135 succ10=0.70 touch10=0.70 col10=0.30 to10=0.00 min_d= 3.80 avg_spd=1.90m/s end=collision t= 6086.3s
[TRAIN][PPO] ep=342/500 r=  602.13 avg10=  429.34 steps=1440 succ10=0.70 touch10=0.70 col10=0.30 to10=0.00 min_d= 0.30 avg_spd=2.06m/s end=goal t= 6106.0s
[TRAIN][PPO] ep=343/500 r=  -43.56 avg10=  364.37 steps=  22 succ10=0.60 touch10=0.60 col10=0.40 to10=0.00 min_d= 3.87 avg_spd=1.88m/s end=collision t= 6106.3s
[TRAIN][PPO] ep=344/500 r=  626.24 avg10=  419.86 steps=1516 succ10=0.70 touch10=0.70 col10=0.30 to10=0.00 min_d= 0.30 avg_spd=2.02m/s end=goal t= 6128.3s
[TRAIN][PPO] ep=345/500 r=  622.95 avg10=  421.11 steps=1582 succ10=0.70 touch10=0.70 col10=0.30 to10=0.00 min_d= 0.30 avg_spd=2.05m/s end=goal t= 6149.8s
[TRAIN][PPO] ep=346/500 r=  -35.94 avg10=  355.43 steps=  59 succ10=0.60 touch10=0.60 col10=0.40 to10=0.00 min_d= 3.86 avg_spd=1.98m/s end=collision t= 6150.7s
[TRAIN][PPO] ep=347/500 r=  604.40 avg10=  354.56 steps=1461 succ10=0.60 touch10=0.60 col10=0.40 to10=0.00 min_d= 0.30 avg_spd=2.07m/s end=goal t= 6170.3s
[TRAIN][PPO] ep=348/500 r=  598.99 avg10=  416.35 steps=1501 succ10=0.70 touch10=0.70 col10=0.30 to10=0.00 min_d= 0.30 avg_spd=2.04m/s end=goal t= 6192.5s
[TRAIN][PPO] ep=349/500 r=  615.23 avg10=  416.55 steps=1469 succ10=0.70 touch10=0.70 col10=0.30 to10=0.00 min_d= 0.30 avg_spd=2.06m/s end=goal t= 6212.5s
[TRAIN][PPO] ep=350/500 r=  616.28 avg10=  417.10 steps=1480 succ10=0.70 touch10=0.70 col10=0.30 to10=0.00 min_d= 0.30 avg_spd=2.06m/s end=goal t= 6232.4s
[TRAIN][PPO] ep=351/500 r=  625.95 avg10=  483.27 steps=1502 succ10=0.80 touch10=0.80 col10=0.20 to10=0.00 min_d= 0.30 avg_spd=2.04m/s end=goal t= 6252.8s
[TRAIN][PPO] ep=352/500 r=  614.85 avg10=  484.54 steps=1458 succ10=0.80 touch10=0.80 col10=0.20 to10=0.00 min_d= 0.30 avg_spd=2.05m/s end=goal t= 6274.5s
[TRAIN][PPO] ep=353/500 r=  603.14 avg10=  549.21 steps=1572 succ10=0.90 touch10=0.90 col10=0.10 to10=0.00 min_d= 0.30 avg_spd=2.04m/s end=goal t= 6295.7s
[TRAIN][PPO] ep=354/500 r=  621.94 avg10=  548.78 steps=1479 succ10=0.90 touch10=0.90 col10=0.10 to10=0.00 min_d= 0.30 avg_spd=2.05m/s end=goal t= 6315.9s
[TRAIN][PPO] ep=355/500 r=  613.70 avg10=  547.85 steps=1456 succ10=0.90 touch10=0.90 col10=0.10 to10=0.00 min_d= 0.30 avg_spd=2.05m/s end=goal t= 6335.7s
[TRAIN][PPO] ep=356/500 r=  -38.40 avg10=  547.61 steps=  49 succ10=0.90 touch10=0.90 col10=0.10 to10=0.00 min_d= 3.85 avg_spd=1.90m/s end=collision t= 6337.9s
[TRAIN][PPO] ep=357/500 r=  602.32 avg10=  547.40 steps=1427 succ10=0.90 touch10=0.90 col10=0.10 to10=0.00 min_d= 0.30 avg_spd=2.05m/s end=goal t= 6357.2s
[TRAIN][PPO] ep=358/500 r=  601.43 avg10=  547.65 steps=1421 succ10=0.90 touch10=0.90 col10=0.10 to10=0.00 min_d= 0.30 avg_spd=2.07m/s end=goal t= 6376.9s
[TRAIN][PPO] ep=359/500 r=  609.63 avg10=  547.08 steps=1452 succ10=0.90 touch10=0.90 col10=0.10 to10=0.00 min_d= 0.30 avg_spd=2.06m/s end=goal t= 6396.7s
[TRAIN][PPO] ep=360/500 r=  616.75 avg10=  547.13 steps=1466 succ10=0.90 touch10=0.90 col10=0.10 to10=0.00 min_d= 0.30 avg_spd=2.06m/s end=goal t= 6417.9s
[TRAIN][PPO] ep=361/500 r=  617.37 avg10=  546.27 steps=1472 succ10=0.90 touch10=0.90 col10=0.10 to10=0.00 min_d= 0.30 avg_spd=2.06m/s end=goal t= 6438.1s
[TRAIN][PPO] ep=362/500 r=  621.33 avg10=  546.92 steps=1561 succ10=0.90 touch10=0.90 col10=0.10 to10=0.00 min_d= 0.30 avg_spd=2.05m/s end=goal t= 6459.0s
[TRAIN][PPO] ep=363/500 r=  609.90 avg10=  547.60 steps=1468 succ10=0.90 touch10=0.90 col10=0.10 to10=0.00 min_d= 0.30 avg_spd=2.03m/s end=goal t= 6478.5s
[TRAIN][PPO] ep=364/500 r=  614.51 avg10=  546.85 steps=1459 succ10=0.90 touch10=0.90 col10=0.10 to10=0.00 min_d= 0.30 avg_spd=2.06m/s end=goal t= 6500.6s
[TRAIN][PPO] ep=365/500 r=  610.15 avg10=  546.50 steps=1456 succ10=0.90 touch10=0.90 col10=0.10 to10=0.00 min_d= 0.30 avg_spd=2.05m/s end=goal t= 6519.6s
[TRAIN][PPO] ep=366/500 r=  603.57 avg10=  610.70 steps=1526 succ10=1.00 touch10=1.00 col10=0.00 to10=0.00 min_d= 0.30 avg_spd=2.02m/s end=goal t= 6539.8s
[TRAIN][PPO] ep=367/500 r=  610.80 avg10=  611.54 steps=1449 succ10=1.00 touch10=1.00 col10=0.00 to10=0.00 min_d= 0.30 avg_spd=2.04m/s end=goal t= 6559.2s
[TRAIN][PPO] ep=368/500 r=   66.09 avg10=  558.01 steps= 369 succ10=0.90 touch10=0.90 col10=0.10 to10=0.00 min_d= 3.09 avg_spd=1.94m/s end=collision t= 6566.1s
[TRAIN][PPO] ep=369/500 r=  608.72 avg10=  557.92 steps=1504 succ10=0.90 touch10=0.90 col10=0.10 to10=0.00 min_d= 0.30 avg_spd=2.04m/s end=goal t= 6585.7s
[TRAIN][PPO] ep=370/500 r=  614.03 avg10=  557.65 steps=1474 succ10=0.90 touch10=0.90 col10=0.10 to10=0.00 min_d= 0.30 avg_spd=2.05m/s end=goal t= 6604.9s
[TRAIN][PPO] ep=371/500 r=  613.26 avg10=  557.24 steps=1523 succ10=0.90 touch10=0.90 col10=0.10 to10=0.00 min_d= 0.30 avg_spd=2.03m/s end=goal t= 6625.3s
[TRAIN][PPO] ep=372/500 r=  623.88 avg10=  557.49 steps=1502 succ10=0.90 touch10=0.90 col10=0.10 to10=0.00 min_d= 0.30 avg_spd=2.04m/s end=goal t= 6647.2s
[TRAIN][PPO] ep=373/500 r=  616.17 avg10=  558.12 steps=1549 succ10=0.90 touch10=0.90 col10=0.10 to10=0.00 min_d= 0.30 avg_spd=2.07m/s end=goal t= 6667.7s
[TRAIN][PPO] ep=374/500 r=  603.13 avg10=  556.98 steps=1424 succ10=0.90 touch10=0.90 col10=0.10 to10=0.00 min_d= 0.30 avg_spd=2.06m/s end=goal t= 6686.9s
[TRAIN][PPO] ep=375/500 r=  601.94 avg10=  556.16 steps=1416 succ10=0.90 touch10=0.90 col10=0.10 to10=0.00 min_d= 0.30 avg_spd=2.07m/s end=goal t= 6706.0s
[TRAIN][PPO] ep=376/500 r=  377.12 avg10=  533.51 steps=1345 succ10=0.80 touch10=0.80 col10=0.20 to10=0.00 min_d= 0.88 avg_spd=2.01m/s end=collision t= 6727.3s
[TRAIN][PPO] ep=377/500 r=  611.56 avg10=  533.59 steps=1460 succ10=0.80 touch10=0.80 col10=0.20 to10=0.00 min_d= 0.30 avg_spd=2.07m/s end=goal t= 6746.8s
[TRAIN][PPO] ep=378/500 r=  601.92 avg10=  587.17 steps=1509 succ10=0.90 touch10=0.90 col10=0.10 to10=0.00 min_d= 0.30 avg_spd=2.04m/s end=goal t= 6767.2s
[TRAIN][PPO] ep=379/500 r=  611.00 avg10=  587.40 steps=1459 succ10=0.90 touch10=0.90 col10=0.10 to10=0.00 min_d= 0.30 avg_spd=2.05m/s end=goal t= 6786.8s
[TRAIN][PPO] ep=380/500 r=  625.44 avg10=  588.54 steps=1495 succ10=0.90 touch10=0.90 col10=0.10 to10=0.00 min_d= 0.30 avg_spd=2.04m/s end=goal t= 6808.5s
[TRAIN][PPO] ep=381/500 r=  607.08 avg10=  587.92 steps=1554 succ10=0.90 touch10=0.90 col10=0.10 to10=0.00 min_d= 0.30 avg_spd=2.04m/s end=goal t= 6829.1s
[TRAIN][PPO] ep=382/500 r=  613.68 avg10=  586.90 steps=1462 succ10=0.90 touch10=0.90 col10=0.10 to10=0.00 min_d= 0.30 avg_spd=2.04m/s end=goal t= 6848.8s
[TRAIN][PPO] ep=383/500 r=  618.28 avg10=  587.11 steps=1533 succ10=0.90 touch10=0.90 col10=0.10 to10=0.00 min_d= 0.30 avg_spd=2.05m/s end=goal t= 6869.4s
[TRAIN][PPO] ep=384/500 r=  -42.02 avg10=  522.60 steps=  28 succ10=0.80 touch10=0.80 col10=0.20 to10=0.00 min_d= 3.87 avg_spd=1.94m/s end=collision t= 6871.4s
[TRAIN][PPO] ep=385/500 r=  607.38 avg10=  523.14 steps=1518 succ10=0.80 touch10=0.80 col10=0.20 to10=0.00 min_d= 0.30 avg_spd=2.05m/s end=goal t= 6891.9s
[TRAIN][PPO] ep=386/500 r=  613.44 avg10=  546.78 steps=1511 succ10=0.90 touch10=0.90 col10=0.10 to10=0.00 min_d= 0.30 avg_spd=2.04m/s end=goal t= 6912.5s
[TRAIN][PPO] ep=387/500 r=  620.39 avg10=  547.66 steps=1484 succ10=0.90 touch10=0.90 col10=0.10 to10=0.00 min_d= 0.30 avg_spd=2.06m/s end=goal t= 6932.3s
[TRAIN][PPO] ep=388/500 r=  621.18 avg10=  549.59 steps=1546 succ10=0.90 touch10=0.90 col10=0.10 to10=0.00 min_d= 0.30 avg_spd=2.04m/s end=goal t= 6954.6s
[TRAIN][PPO] ep=389/500 r=  602.74 avg10=  548.76 steps=1551 succ10=0.90 touch10=0.90 col10=0.10 to10=0.00 min_d= 0.30 avg_spd=2.07m/s end=goal t= 6975.5s
[TRAIN][PPO] ep=390/500 r=  619.50 avg10=  548.16 steps=1473 succ10=0.90 touch10=0.90 col10=0.10 to10=0.00 min_d= 0.30 avg_spd=2.05m/s end=goal t= 6993.4s
[TRAIN][PPO] ep=391/500 r=  394.14 avg10=  526.87 steps=1330 succ10=0.80 touch10=0.80 col10=0.20 to10=0.00 min_d= 0.79 avg_spd=2.06m/s end=collision t= 7011.0s
[TRAIN][PPO] ep=392/500 r=  619.10 avg10=  527.41 steps=1477 succ10=0.80 touch10=0.80 col10=0.20 to10=0.00 min_d= 0.30 avg_spd=2.05m/s end=goal t= 7032.8s
[TRAIN][PPO] ep=393/500 r=  603.22 avg10=  525.91 steps=1473 succ10=0.80 touch10=0.80 col10=0.20 to10=0.00 min_d= 0.30 avg_spd=2.05m/s end=goal t= 7052.0s
[TRAIN][PPO] ep=394/500 r=  611.35 avg10=  591.24 steps=1470 succ10=0.90 touch10=0.90 col10=0.10 to10=0.00 min_d= 0.30 avg_spd=2.08m/s end=goal t= 7071.4s
[TRAIN][PPO] ep=395/500 r=  609.95 avg10=  591.50 steps=1511 succ10=0.90 touch10=0.90 col10=0.10 to10=0.00 min_d= 0.30 avg_spd=2.07m/s end=goal t= 7091.3s
[TRAIN][PPO] ep=396/500 r=  610.98 avg10=  591.25 steps=1512 succ10=0.90 touch10=0.90 col10=0.10 to10=0.00 min_d= 0.30 avg_spd=2.06m/s end=goal t= 7112.9s
[TRAIN][PPO] ep=397/500 r=  624.50 avg10=  591.67 steps=1494 succ10=0.90 touch10=0.90 col10=0.10 to10=0.00 min_d= 0.30 avg_spd=2.05m/s end=goal t= 7132.2s
[TRAIN][PPO] ep=398/500 r=  604.73 avg10=  590.02 steps=1423 succ10=0.90 touch10=0.90 col10=0.10 to10=0.00 min_d= 0.30 avg_spd=2.07m/s end=goal t= 7151.1s
[TRAIN][PPO] ep=399/500 r=  618.63 avg10=  591.61 steps=1487 succ10=0.90 touch10=0.90 col10=0.10 to10=0.00 min_d= 0.30 avg_spd=2.06m/s end=goal t= 7170.6s
[TRAIN][PPO] ep=400/500 r=  602.21 avg10=  589.88 steps=1578 succ10=0.90 touch10=0.90 col10=0.10 to10=0.00 min_d= 0.30 avg_spd=2.04m/s end=goal t= 7193.1s ckpt=latest
[TRAIN][PPO] ep=401/500 r=  607.94 avg10=  611.26 steps=1555 succ10=1.00 touch10=1.00 col10=0.00 to10=0.00 min_d= 0.30 avg_spd=2.04m/s end=goal t= 7213.6s
[TRAIN][PPO] ep=402/500 r=  623.29 avg10=  611.68 steps=1561 succ10=1.00 touch10=1.00 col10=0.00 to10=0.00 min_d= 0.30 avg_spd=2.03m/s end=goal t= 7233.8s
[TRAIN][PPO] ep=403/500 r=  602.01 avg10=  611.56 steps=1494 succ10=1.00 touch10=1.00 col10=0.00 to10=0.00 min_d= 0.30 avg_spd=2.04m/s end=goal t= 7253.4s
[TRAIN][PPO] ep=404/500 r=  617.96 avg10=  612.22 steps=1570 succ10=1.00 touch10=1.00 col10=0.00 to10=0.00 min_d= 0.30 avg_spd=2.06m/s end=goal t= 7276.7s
[TRAIN][PPO] ep=405/500 r=  363.01 avg10=  587.53 steps=1333 succ10=0.90 touch10=0.90 col10=0.10 to10=0.00 min_d= 0.88 avg_spd=2.03m/s end=collision t= 7294.4s
[TRAIN][PPO] ep=406/500 r=  605.01 avg10=  586.93 steps=1432 succ10=0.90 touch10=0.90 col10=0.10 to10=0.00 min_d= 0.30 avg_spd=2.05m/s end=goal t= 7312.6s
[TRAIN][PPO] ep=407/500 r=  608.45 avg10=  585.32 steps=1512 succ10=0.90 touch10=0.90 col10=0.10 to10=0.00 min_d= 0.30 avg_spd=2.05m/s end=goal t= 7332.4s
[TRAIN][PPO] ep=408/500 r=  619.54 avg10=  586.80 steps=1486 succ10=0.90 touch10=0.90 col10=0.10 to10=0.00 min_d= 0.30 avg_spd=2.03m/s end=goal t= 7353.2s
[TRAIN][PPO] ep=409/500 r=  600.03 avg10=  584.94 steps=1535 succ10=0.90 touch10=0.90 col10=0.10 to10=0.00 min_d= 0.30 avg_spd=2.05m/s end=goal t= 7373.2s
[TRAIN][PPO] ep=410/500 r=  616.48 avg10=  586.37 steps=1475 succ10=0.90 touch10=0.90 col10=0.10 to10=0.00 min_d= 0.30 avg_spd=2.07m/s end=goal t= 7392.0s
[TRAIN][PPO] ep=411/500 r=  -43.31 avg10=  521.25 steps=  24 succ10=0.80 touch10=0.80 col10=0.20 to10=0.00 min_d= 3.87 avg_spd=1.89m/s end=collision t= 7392.4s
[TRAIN][PPO] ep=412/500 r=  607.04 avg10=  519.62 steps=1447 succ10=0.80 touch10=0.80 col10=0.20 to10=0.00 min_d= 0.30 avg_spd=2.06m/s end=goal t= 7412.1s
[TRAIN][PPO] ep=413/500 r=  625.54 avg10=  521.97 steps=1577 succ10=0.80 touch10=0.80 col10=0.20 to10=0.00 min_d= 0.30 avg_spd=2.05m/s end=goal t= 7432.0s
[TRAIN][PPO] ep=414/500 r=  609.89 avg10=  521.17 steps=1606 succ10=0.80 touch10=0.80 col10=0.20 to10=0.00 min_d= 0.30 avg_spd=2.07m/s end=goal t= 7452.5s
[TRAIN][PPO] ep=415/500 r=  602.29 avg10=  545.10 steps=1546 succ10=0.90 touch10=0.90 col10=0.10 to10=0.00 min_d= 0.30 avg_spd=2.04m/s end=goal t= 7472.6s
[TRAIN][PPO] ep=416/500 r=  619.47 avg10=  546.54 steps=1489 succ10=0.90 touch10=0.90 col10=0.10 to10=0.00 min_d= 0.30 avg_spd=2.03m/s end=goal t= 7493.8s
[TRAIN][PPO] ep=417/500 r=  363.46 avg10=  522.04 steps=1296 succ10=0.80 touch10=0.80 col10=0.20 to10=0.00 min_d= 0.88 avg_spd=2.03m/s end=collision t= 7510.7s
[TRAIN][PPO] ep=418/500 r=  623.13 avg10=  522.40 steps=1588 succ10=0.80 touch10=0.80 col10=0.20 to10=0.00 min_d= 0.30 avg_spd=2.03m/s end=goal t= 7531.3s
[TRAIN][PPO] ep=419/500 r=  622.13 avg10=  524.61 steps=1490 succ10=0.80 touch10=0.80 col10=0.20 to10=0.00 min_d= 0.30 avg_spd=2.05m/s end=goal t= 7550.3s
[TRAIN][PPO] ep=420/500 r=  400.92 avg10=  503.06 steps=1399 succ10=0.70 touch10=0.70 col10=0.30 to10=0.00 min_d= 0.79 avg_spd=2.04m/s end=collision t= 7570.5s
[TRAIN][PPO] ep=421/500 r=  613.90 avg10=  568.78 steps=1473 succ10=0.80 touch10=0.80 col10=0.20 to10=0.00 min_d= 0.30 avg_spd=2.04m/s end=goal t= 7589.2s
[TRAIN][PPO] ep=422/500 r=  604.36 avg10=  568.51 steps=1555 succ10=0.80 touch10=0.80 col10=0.20 to10=0.00 min_d= 0.30 avg_spd=2.03m/s end=goal t= 7609.1s
[TRAIN][PPO] ep=423/500 r=  367.05 avg10=  542.66 steps=1308 succ10=0.70 touch10=0.70 col10=0.30 to10=0.00 min_d= 0.88 avg_spd=2.03m/s end=collision t= 7624.9s
[TRAIN][PPO] ep=424/500 r=  621.20 avg10=  543.79 steps=1549 succ10=0.70 touch10=0.70 col10=0.30 to10=0.00 min_d= 0.30 avg_spd=2.03m/s end=goal t= 7646.5s
[TRAIN][PPO] ep=425/500 r=  621.51 avg10=  545.71 steps=1494 succ10=0.70 touch10=0.70 col10=0.30 to10=0.00 min_d= 0.30 avg_spd=2.03m/s end=goal t= 7665.8s
[TRAIN][PPO] ep=426/500 r=  620.10 avg10=  545.78 steps=1504 succ10=0.70 touch10=0.70 col10=0.30 to10=0.00 min_d= 0.30 avg_spd=2.05m/s end=goal t= 7685.4s
[TRAIN][PPO] ep=427/500 r=  599.85 avg10=  569.41 steps=1578 succ10=0.80 touch10=0.80 col10=0.20 to10=0.00 min_d= 0.30 avg_spd=2.05m/s end=goal t= 7706.2s
[TRAIN][PPO] ep=428/500 r=  615.64 avg10=  568.67 steps=1588 succ10=0.80 touch10=0.80 col10=0.20 to10=0.00 min_d= 0.30 avg_spd=2.03m/s end=goal t= 7729.1s
[TRAIN][PPO] ep=429/500 r=  615.67 avg10=  568.02 steps=1608 succ10=0.80 touch10=0.80 col10=0.20 to10=0.00 min_d= 0.30 avg_spd=2.04m/s end=goal t= 7749.6s
[TRAIN][PPO] ep=430/500 r=  608.12 avg10=  588.74 steps=1558 succ10=0.90 touch10=0.90 col10=0.10 to10=0.00 min_d= 0.30 avg_spd=2.03m/s end=goal t= 7769.6s
[TRAIN][PPO] ep=431/500 r=  604.66 avg10=  587.82 steps=1544 succ10=0.90 touch10=0.90 col10=0.10 to10=0.00 min_d= 0.30 avg_spd=2.04m/s end=goal t= 7789.7s
[TRAIN][PPO] ep=432/500 r=  605.36 avg10=  587.91 steps=1615 succ10=0.90 touch10=0.90 col10=0.10 to10=0.00 min_d= 0.30 avg_spd=2.05m/s end=goal t= 7811.5s
[TRAIN][PPO] ep=433/500 r=  617.28 avg10=  612.94 steps=1577 succ10=1.00 touch10=1.00 col10=0.00 to10=0.00 min_d= 0.30 avg_spd=2.05m/s end=goal t= 7833.1s
[TRAIN][PPO] ep=434/500 r=  613.46 avg10=  612.16 steps=1553 succ10=1.00 touch10=1.00 col10=0.00 to10=0.00 min_d= 0.30 avg_spd=2.04m/s end=goal t= 7854.4s
[TRAIN][PPO] ep=435/500 r=  373.24 avg10=  587.34 steps=1313 succ10=0.90 touch10=0.90 col10=0.10 to10=0.00 min_d= 0.88 avg_spd=2.05m/s end=collision t= 7872.0s
[TRAIN][PPO] ep=436/500 r=  610.85 avg10=  586.41 steps=1543 succ10=0.90 touch10=0.90 col10=0.10 to10=0.00 min_d= 0.30 avg_spd=2.05m/s end=goal t= 7894.6s
[TRAIN][PPO] ep=437/500 r=  381.74 avg10=  564.60 steps=1365 succ10=0.80 touch10=0.80 col10=0.20 to10=0.00 min_d= 0.88 avg_spd=2.02m/s end=collision t= 7913.1s
[TRAIN][PPO] ep=438/500 r=  616.37 avg10=  564.67 steps=1584 succ10=0.80 touch10=0.80 col10=0.20 to10=0.00 min_d= 0.30 avg_spd=2.05m/s end=goal t= 7934.0s
[TRAIN][PPO] ep=439/500 r=   62.99 avg10=  509.41 steps= 348 succ10=0.70 touch10=0.70 col10=0.30 to10=0.00 min_d= 3.13 avg_spd=2.04m/s end=collision t= 7938.6s
[TRAIN][PPO] ep=440/500 r=  606.14 avg10=  509.21 steps=1510 succ10=0.70 touch10=0.70 col10=0.30 to10=0.00 min_d= 0.30 avg_spd=2.05m/s end=goal t= 7960.1s
[TRAIN][PPO] ep=441/500 r=  -21.75 avg10=  446.57 steps= 146 succ10=0.60 touch10=0.60 col10=0.40 to10=0.00 min_d= 3.81 avg_spd=1.95m/s end=collision t= 7962.2s
[TRAIN][PPO] ep=442/500 r=  597.77 avg10=  445.81 steps=1483 succ10=0.60 touch10=0.60 col10=0.40 to10=0.00 min_d= 0.30 avg_spd=2.05m/s end=goal t= 7981.8s
[TRAIN][PPO] ep=443/500 r=  626.11 avg10=  446.69 steps=1615 succ10=0.60 touch10=0.60 col10=0.40 to10=0.00 min_d= 0.30 avg_spd=2.04m/s end=goal t= 8002.9s
[TRAIN][PPO] ep=444/500 r=  623.72 avg10=  447.72 steps=1601 succ10=0.60 touch10=0.60 col10=0.40 to10=0.00 min_d= 0.30 avg_spd=2.03m/s end=goal t= 8026.2s
[TRAIN][PPO] ep=445/500 r=   70.97 avg10=  417.49 steps= 377 succ10=0.60 touch10=0.60 col10=0.40 to10=0.00 min_d= 3.12 avg_spd=2.01m/s end=collision t= 8031.4s
[TRAIN][PPO] ep=446/500 r=  372.58 avg10=  393.67 steps=1307 succ10=0.50 touch10=0.50 col10=0.50 to10=0.00 min_d= 0.88 avg_spd=2.05m/s end=collision t= 8048.7s
[TRAIN][PPO] ep=447/500 r=  608.04 avg10=  416.30 steps=1501 succ10=0.60 touch10=0.60 col10=0.40 to10=0.00 min_d= 0.30 avg_spd=2.04m/s end=goal t= 8068.8s
[TRAIN][PPO] ep=448/500 r=  612.82 avg10=  415.94 steps=1548 succ10=0.60 touch10=0.60 col10=0.40 to10=0.00 min_d= 0.30 avg_spd=2.03m/s end=goal t= 8091.8s
[TRAIN][PPO] ep=449/500 r=  361.56 avg10=  445.80 steps=1288 succ10=0.60 touch10=0.60 col10=0.40 to10=0.00 min_d= 0.89 avg_spd=2.04m/s end=collision t= 8109.3s
[TRAIN][PPO] ep=450/500 r=  622.02 avg10=  447.38 steps=1586 succ10=0.60 touch10=0.60 col10=0.40 to10=0.00 min_d= 0.30 avg_spd=2.05m/s end=goal t= 8130.7s
[TRAIN][PPO] ep=451/500 r=  613.41 avg10=  510.90 steps=1579 succ10=0.70 touch10=0.70 col10=0.30 to10=0.00 min_d= 0.30 avg_spd=2.05m/s end=goal t= 8152.4s
[TRAIN][PPO] ep=452/500 r=  356.83 avg10=  486.81 steps=1301 succ10=0.60 touch10=0.60 col10=0.40 to10=0.00 min_d= 0.88 avg_spd=2.06m/s end=collision t= 8172.9s
[TRAIN][PPO] ep=453/500 r=  369.29 avg10=  461.12 steps=1323 succ10=0.50 touch10=0.50 col10=0.50 to10=0.00 min_d= 0.88 avg_spd=2.02m/s end=collision t= 8190.1s
[TRAIN][PPO] ep=454/500 r=  619.61 avg10=  460.71 steps=1606 succ10=0.50 touch10=0.50 col10=0.50 to10=0.00 min_d= 0.30 avg_spd=2.04m/s end=goal t= 8211.8s
[TRAIN][PPO] ep=455/500 r=  599.14 avg10=  513.53 steps=1514 succ10=0.60 touch10=0.60 col10=0.40 to10=0.00 min_d= 0.30 avg_spd=2.06m/s end=goal t= 8231.9s
[TRAIN][PPO] ep=456/500 r=  608.37 avg10=  537.11 steps=1573 succ10=0.70 touch10=0.70 col10=0.30 to10=0.00 min_d= 0.30 avg_spd=2.04m/s end=goal t= 8254.3s
[TRAIN][PPO] ep=457/500 r=  -23.13 avg10=  473.99 steps= 132 succ10=0.60 touch10=0.60 col10=0.40 to10=0.00 min_d= 3.82 avg_spd=2.00m/s end=collision t= 8256.1s
[TRAIN][PPO] ep=458/500 r=  623.45 avg10=  475.06 steps=1631 succ10=0.60 touch10=0.60 col10=0.40 to10=0.00 min_d= 0.30 avg_spd=2.05m/s end=goal t= 8277.5s
[TRAIN][PPO] ep=459/500 r=  606.79 avg10=  499.58 steps=1592 succ10=0.70 touch10=0.70 col10=0.30 to10=0.00 min_d= 0.30 avg_spd=2.04m/s end=goal t= 8299.0s
[TRAIN][PPO] ep=460/500 r=  616.81 avg10=  499.06 steps=1476 succ10=0.70 touch10=0.70 col10=0.30 to10=0.00 min_d= 0.30 avg_spd=2.05m/s end=goal t= 8320.0s
[TRAIN][PPO] ep=461/500 r=  -36.60 avg10=  434.06 steps= 135 succ10=0.60 touch10=0.60 col10=0.40 to10=0.00 min_d= 3.80 avg_spd=1.93m/s end=collision t= 8321.8s
[TRAIN][PPO] ep=462/500 r=  -28.85 avg10=  395.49 steps= 130 succ10=0.60 touch10=0.60 col10=0.40 to10=0.00 min_d= 3.81 avg_spd=1.97m/s end=collision t= 8323.5s
[TRAIN][PPO] ep=463/500 r=  366.13 avg10=  395.17 steps=1286 succ10=0.60 touch10=0.60 col10=0.40 to10=0.00 min_d= 0.88 avg_spd=2.04m/s end=collision t= 8340.6s
[TRAIN][PPO] ep=464/500 r=  599.36 avg10=  393.15 steps=1531 succ10=0.60 touch10=0.60 col10=0.40 to10=0.00 min_d= 0.30 avg_spd=2.05m/s end=goal t= 8362.1s
[TRAIN][PPO] ep=465/500 r=  601.23 avg10=  393.36 steps=1517 succ10=0.60 touch10=0.60 col10=0.40 to10=0.00 min_d= 0.30 avg_spd=2.05m/s end=goal t= 8381.8s
[TRAIN][PPO] ep=466/500 r=  597.53 avg10=  392.27 steps=1458 succ10=0.60 touch10=0.60 col10=0.40 to10=0.00 min_d= 0.30 avg_spd=2.06m/s end=goal t= 8400.9s
[TRAIN][PPO] ep=467/500 r=  611.47 avg10=  455.73 steps=1502 succ10=0.70 touch10=0.70 col10=0.30 to10=0.00 min_d= 0.30 avg_spd=2.06m/s end=goal t= 8420.7s
[TRAIN][PPO] ep=468/500 r=  607.19 avg10=  454.11 steps=1601 succ10=0.70 touch10=0.70 col10=0.30 to10=0.00 min_d= 0.30 avg_spd=2.05m/s end=goal t= 8443.6s
[TRAIN][PPO] ep=469/500 r=  -28.65 avg10=  390.56 steps=  75 succ10=0.60 touch10=0.60 col10=0.40 to10=0.00 min_d= 3.86 avg_spd=1.91m/s end=collision t= 8444.7s
[TRAIN][PPO] ep=470/500 r=  611.08 avg10=  389.99 steps=1467 succ10=0.60 touch10=0.60 col10=0.40 to10=0.00 min_d= 0.30 avg_spd=2.06m/s end=goal t= 8463.9s
[TRAIN][PPO] ep=471/500 r=  599.37 avg10=  453.59 steps=1449 succ10=0.70 touch10=0.70 col10=0.30 to10=0.00 min_d= 0.30 avg_spd=2.06m/s end=goal t= 8483.0s
[TRAIN][PPO] ep=472/500 r=  -37.65 avg10=  452.71 steps=  50 succ10=0.70 touch10=0.70 col10=0.30 to10=0.00 min_d= 3.85 avg_spd=1.87m/s end=collision t= 8484.8s
[TRAIN][PPO] ep=473/500 r=  625.51 avg10=  478.64 steps=1616 succ10=0.80 touch10=0.80 col10=0.20 to10=0.00 min_d= 0.30 avg_spd=2.02m/s end=goal t= 8506.1s
[TRAIN][PPO] ep=474/500 r=  619.43 avg10=  480.65 steps=1583 succ10=0.80 touch10=0.80 col10=0.20 to10=0.00 min_d= 0.30 avg_spd=2.06m/s end=goal t= 8526.8s
[TRAIN][PPO] ep=475/500 r=  600.77 avg10=  480.60 steps=1527 succ10=0.80 touch10=0.80 col10=0.20 to10=0.00 min_d= 0.30 avg_spd=2.04m/s end=goal t= 8546.7s
[TRAIN][PPO] ep=476/500 r=   75.71 avg10=  428.42 steps= 393 succ10=0.70 touch10=0.70 col10=0.30 to10=0.00 min_d= 3.10 avg_spd=1.94m/s end=collision t= 8555.1s
[TRAIN][PPO] ep=477/500 r=  601.81 avg10=  427.46 steps=1483 succ10=0.70 touch10=0.70 col10=0.30 to10=0.00 min_d= 0.30 avg_spd=2.06m/s end=goal t= 8574.9s
[TRAIN][PPO] ep=478/500 r=  601.85 avg10=  426.92 steps=1422 succ10=0.70 touch10=0.70 col10=0.30 to10=0.00 min_d= 0.30 avg_spd=2.07m/s end=goal t= 8593.2s
[TRAIN][PPO] ep=479/500 r=  412.46 avg10=  471.03 steps=1439 succ10=0.70 touch10=0.70 col10=0.30 to10=0.00 min_d= 0.65 avg_spd=2.05m/s end=collision t= 8612.0s
[TRAIN][PPO] ep=480/500 r=  611.45 avg10=  471.07 steps=1552 succ10=0.70 touch10=0.70 col10=0.30 to10=0.00 min_d= 0.30 avg_spd=2.06m/s end=goal t= 8634.9s
[TRAIN][PPO] ep=481/500 r=  596.14 avg10=  470.75 steps=1420 succ10=0.70 touch10=0.70 col10=0.30 to10=0.00 min_d= 0.30 avg_spd=2.08m/s end=goal t= 8653.4s
[TRAIN][PPO] ep=482/500 r=  607.78 avg10=  535.29 steps=1441 succ10=0.80 touch10=0.80 col10=0.20 to10=0.00 min_d= 0.30 avg_spd=2.07m/s end=goal t= 8671.9s
[TRAIN][PPO] ep=483/500 r=  618.68 avg10=  534.61 steps=1566 succ10=0.80 touch10=0.80 col10=0.20 to10=0.00 min_d= 0.30 avg_spd=2.05m/s end=goal t= 8692.1s
[TRAIN][PPO] ep=484/500 r=  614.71 avg10=  534.14 steps=1469 succ10=0.80 touch10=0.80 col10=0.20 to10=0.00 min_d= 0.30 avg_spd=2.07m/s end=goal t= 8713.7s
[TRAIN][PPO] ep=485/500 r=  612.87 avg10=  535.35 steps=1504 succ10=0.80 touch10=0.80 col10=0.20 to10=0.00 min_d= 0.30 avg_spd=2.05m/s end=goal t= 8733.3s
[TRAIN][PPO] ep=486/500 r=  604.54 avg10=  588.23 steps=1434 succ10=0.90 touch10=0.90 col10=0.10 to10=0.00 min_d= 0.30 avg_spd=2.08m/s end=goal t= 8751.9s
[TRAIN][PPO] ep=487/500 r=  588.50 avg10=  586.90 steps=1577 succ10=0.90 touch10=0.90 col10=0.10 to10=0.00 min_d= 0.30 avg_spd=2.04m/s end=goal t= 8772.6s
[TRAIN][PPO] ep=488/500 r=  616.95 avg10=  588.41 steps=1558 succ10=0.90 touch10=0.90 col10=0.10 to10=0.00 min_d= 0.30 avg_spd=2.07m/s end=goal t= 8795.6s
[TRAIN][PPO] ep=489/500 r=  616.56 avg10=  608.82 steps=1571 succ10=1.00 touch10=1.00 col10=0.00 to10=0.00 min_d= 0.30 avg_spd=2.06m/s end=goal t= 8816.2s
[TRAIN][PPO] ep=490/500 r=  618.91 avg10=  609.56 steps=1476 succ10=1.00 touch10=1.00 col10=0.00 to10=0.00 min_d= 0.30 avg_spd=2.06m/s end=goal t= 8835.4s
[TRAIN][PPO] ep=491/500 r=  618.58 avg10=  611.81 steps=1481 succ10=1.00 touch10=1.00 col10=0.00 to10=0.00 min_d= 0.30 avg_spd=2.05m/s end=goal t= 8854.6s
[TRAIN][PPO] ep=492/500 r=  612.95 avg10=  612.33 steps=1463 succ10=1.00 touch10=1.00 col10=0.00 to10=0.00 min_d= 0.30 avg_spd=2.04m/s end=goal t= 8875.0s
[TRAIN][PPO] ep=493/500 r=  610.27 avg10=  611.48 steps=1563 succ10=1.00 touch10=1.00 col10=0.00 to10=0.00 min_d= 0.30 avg_spd=2.05m/s end=goal t= 8895.3s
[TRAIN][PPO] ep=494/500 r=  595.37 avg10=  609.55 steps=1490 succ10=1.00 touch10=1.00 col10=0.00 to10=0.00 min_d= 0.30 avg_spd=2.06m/s end=goal t= 8914.6s
[TRAIN][PPO] ep=495/500 r=  614.87 avg10=  609.75 steps=1528 succ10=1.00 touch10=1.00 col10=0.00 to10=0.00 min_d= 0.30 avg_spd=2.05m/s end=goal t= 8933.9s
[TRAIN][PPO] ep=496/500 r=  610.29 avg10=  610.33 steps=1570 succ10=1.00 touch10=1.00 col10=0.00 to10=0.00 min_d= 0.30 avg_spd=2.07m/s end=goal t= 8955.9s
[TRAIN][PPO] ep=497/500 r=  376.98 avg10=  589.17 steps=1341 succ10=0.90 touch10=0.90 col10=0.10 to10=0.00 min_d= 0.88 avg_spd=2.05m/s end=collision t= 8973.3s
[TRAIN][PPO] ep=498/500 r=  590.36 avg10=  586.52 steps=1510 succ10=0.90 touch10=0.90 col10=0.10 to10=0.00 min_d= 0.30 avg_spd=2.06m/s end=goal t= 8992.9s
[TRAIN][PPO] ep=499/500 r=  598.25 avg10=  584.69 steps=1535 succ10=0.90 touch10=0.90 col10=0.10 to10=0.00 min_d= 0.30 avg_spd=2.06m/s end=goal t= 9013.0s
INFO: PPO: Terminating.
[RUN] completed stage checkpoint=/uio/hume/student-u79/esbrovol/fys5429/DRL-Obstacle-Avoidance/controllers/PPO/checkpoints/20260525_141956_lstm_seed01_stage08_train_8_goal_offset_neg/final_20260525_141956_lstm_seed01_stage08_train_8_goal_offset_neg.pth
[RUN] arch=lstm seed=1 stage=9/10 world=/uio/hume/student-u79/esbrovol/fys5429/DRL-Obstacle-Avoidance/worlds/training/train_9_dense.wbt
[RUN] resuming from /uio/hume/student-u79/esbrovol/fys5429/DRL-Obstacle-Avoidance/controllers/PPO/checkpoints/20260525_141956_lstm_seed01_stage08_train_8_goal_offset_neg/final_20260525_141956_lstm_seed01_stage08_train_8_goal_offset_neg.pth
INFO: PPO: Starting controller: python3 -u PPO.py
[PPO] Using architecture: LSTM
[PPO] Loaded architecture: LSTM
[TRAIN][PPO] arch=LSTM weights_dir=/uio/hume/student-u79/esbrovol/fys5429/DRL-Obstacle-Avoidance/controllers/PPO/checkpoints/20260525_141956_lstm_seed01_stage09_train_9_dense final=/uio/hume/student-u79/esbrovol/fys5429/DRL-Obstacle-Avoidance/controllers/PPO/checkpoints/20260525_141956_lstm_seed01_stage09_train_9_dense/final_20260525_141956_lstm_seed01_stage09_train_9_dense.pth
[TRAIN][PPO] episodes=500 update_every=4 obs=31 act=2 cell=LSTM seq=32 burn_in=8
[TRAIN][PPO] ep=001/500 r=  602.52 avg10=  602.52 steps=1578 succ10=1.00 touch10=1.00 col10=0.00 to10=0.00 min_d= 0.30 avg_spd=2.06m/s end=goal t=   21.0s ckpt=best_goal
[TRAIN][PPO] ep=002/500 r=  605.32 avg10=  603.92 steps=1489 succ10=1.00 touch10=1.00 col10=0.00 to10=0.00 min_d= 0.30 avg_spd=2.08m/s end=goal t=   39.8s ckpt=best_goal
[TRAIN][PPO] ep=003/500 r=  598.94 avg10=  602.26 steps=1448 succ10=1.00 touch10=1.00 col10=0.00 to10=0.00 min_d= 0.30 avg_spd=2.07m/s end=goal t=   58.5s
[TRAIN][PPO] ep=004/500 r=  595.18 avg10=  600.49 steps=1601 succ10=1.00 touch10=1.00 col10=0.00 to10=0.00 min_d= 0.30 avg_spd=2.08m/s end=goal t=   81.5s
[TRAIN][PPO] ep=005/500 r=  590.52 avg10=  598.49 steps=1434 succ10=1.00 touch10=1.00 col10=0.00 to10=0.00 min_d= 0.30 avg_spd=2.09m/s end=goal t=   99.6s
[TRAIN][PPO] ep=006/500 r=  605.10 avg10=  599.60 steps=1480 succ10=1.00 touch10=1.00 col10=0.00 to10=0.00 min_d= 0.30 avg_spd=2.08m/s end=goal t=  118.7s
[TRAIN][PPO] ep=007/500 r=  586.82 avg10=  597.77 steps=1431 succ10=1.00 touch10=1.00 col10=0.00 to10=0.00 min_d= 0.30 avg_spd=2.08m/s end=goal t=  137.2s
[TRAIN][PPO] ep=008/500 r=  590.74 avg10=  596.89 steps=1456 succ10=1.00 touch10=1.00 col10=0.00 to10=0.00 min_d= 0.30 avg_spd=2.07m/s end=goal t=  157.8s
[TRAIN][PPO] ep=009/500 r=  607.46 avg10=  598.07 steps=1485 succ10=1.00 touch10=1.00 col10=0.00 to10=0.00 min_d= 0.30 avg_spd=2.08m/s end=goal t=  176.7s ckpt=best_goal
[TRAIN][PPO] ep=010/500 r=  605.76 avg10=  598.84 steps=1478 succ10=1.00 touch10=1.00 col10=0.00 to10=0.00 min_d= 0.30 avg_spd=2.08m/s end=goal t=  195.1s
[TRAIN][PPO] ep=011/500 r=  605.88 avg10=  599.17 steps=1470 succ10=1.00 touch10=1.00 col10=0.00 to10=0.00 min_d= 0.30 avg_spd=2.06m/s end=goal t=  213.9s
[TRAIN][PPO] ep=012/500 r=  580.07 avg10=  596.65 steps=1581 succ10=1.00 touch10=1.00 col10=0.00 to10=0.00 min_d= 0.30 avg_spd=2.06m/s end=goal t=  235.9s
[TRAIN][PPO] ep=013/500 r=  589.99 avg10=  595.75 steps=1417 succ10=1.00 touch10=1.00 col10=0.00 to10=0.00 min_d= 0.30 avg_spd=2.10m/s end=goal t=  253.5s
[TRAIN][PPO] ep=014/500 r=  599.65 avg10=  596.20 steps=1614 succ10=1.00 touch10=1.00 col10=0.00 to10=0.00 min_d= 0.30 avg_spd=2.03m/s end=goal t=  273.3s
[TRAIN][PPO] ep=015/500 r=  598.49 avg10=  597.00 steps=1454 succ10=1.00 touch10=1.00 col10=0.00 to10=0.00 min_d= 0.30 avg_spd=2.08m/s end=goal t=  292.0s
[TRAIN][PPO] ep=016/500 r=  593.65 avg10=  595.85 steps=1538 succ10=1.00 touch10=1.00 col10=0.00 to10=0.00 min_d= 0.30 avg_spd=2.07m/s end=goal t=  314.2s
[TRAIN][PPO] ep=017/500 r=  191.00 avg10=  556.27 steps= 759 succ10=0.90 touch10=0.90 col10=0.10 to10=0.00 min_d= 2.13 avg_spd=2.03m/s end=collision t=  323.8s
[TRAIN][PPO] ep=018/500 r=  599.11 avg10=  557.11 steps=1458 succ10=0.90 touch10=0.90 col10=0.10 to10=0.00 min_d= 0.30 avg_spd=2.08m/s end=goal t=  342.6s
[TRAIN][PPO] ep=019/500 r=  610.42 avg10=  557.40 steps=1481 succ10=0.90 touch10=0.90 col10=0.10 to10=0.00 min_d= 0.30 avg_spd=2.06m/s end=goal t=  361.9s ckpt=best_goal
[TRAIN][PPO] ep=020/500 r=  601.10 avg10=  556.94 steps=1453 succ10=0.90 touch10=0.90 col10=0.10 to10=0.00 min_d= 0.30 avg_spd=2.10m/s end=goal t=  382.5s
[TRAIN][PPO] ep=021/500 r=  604.13 avg10=  556.76 steps=1461 succ10=0.90 touch10=0.90 col10=0.10 to10=0.00 min_d= 0.30 avg_spd=2.07m/s end=goal t=  401.4s
[TRAIN][PPO] ep=022/500 r=  593.85 avg10=  558.14 steps=1440 succ10=0.90 touch10=0.90 col10=0.10 to10=0.00 min_d= 0.30 avg_spd=2.08m/s end=goal t=  419.4s
[TRAIN][PPO] ep=023/500 r=  599.13 avg10=  559.05 steps=1460 succ10=0.90 touch10=0.90 col10=0.10 to10=0.00 min_d= 0.30 avg_spd=2.06m/s end=goal t=  437.3s
[TRAIN][PPO] ep=024/500 r=  608.98 avg10=  559.99 steps=1468 succ10=0.90 touch10=0.90 col10=0.10 to10=0.00 min_d= 0.30 avg_spd=2.08m/s end=goal t=  458.6s
[TRAIN][PPO] ep=025/500 r=  607.36 avg10=  560.87 steps=1466 succ10=0.90 touch10=0.90 col10=0.10 to10=0.00 min_d= 0.30 avg_spd=2.08m/s end=goal t=  477.0s
[TRAIN][PPO] ep=026/500 r=  594.79 avg10=  560.99 steps=1430 succ10=0.90 touch10=0.90 col10=0.10 to10=0.00 min_d= 0.30 avg_spd=2.07m/s end=goal t=  494.9s
[TRAIN][PPO] ep=027/500 r=  594.43 avg10=  601.33 steps=1430 succ10=1.00 touch10=1.00 col10=0.00 to10=0.00 min_d= 0.30 avg_spd=2.09m/s end=goal t=  512.6s
[TRAIN][PPO] ep=028/500 r=  601.80 avg10=  601.60 steps=1448 succ10=1.00 touch10=1.00 col10=0.00 to10=0.00 min_d= 0.30 avg_spd=2.09m/s end=goal t=  532.2s
[TRAIN][PPO] ep=029/500 r=  595.77 avg10=  600.13 steps=1429 succ10=1.00 touch10=1.00 col10=0.00 to10=0.00 min_d= 0.30 avg_spd=2.05m/s end=goal t=  549.8s
[TRAIN][PPO] ep=030/500 r=  613.36 avg10=  601.36 steps=1480 succ10=1.00 touch10=1.00 col10=0.00 to10=0.00 min_d= 0.30 avg_spd=2.06m/s end=goal t=  568.3s ckpt=best_goal
[TRAIN][PPO] ep=031/500 r=  609.14 avg10=  601.86 steps=1465 succ10=1.00 touch10=1.00 col10=0.00 to10=0.00 min_d= 0.30 avg_spd=2.05m/s end=goal t=  587.5s
[TRAIN][PPO] ep=032/500 r=  573.85 avg10=  599.86 steps=1547 succ10=1.00 touch10=1.00 col10=0.00 to10=0.00 min_d= 0.30 avg_spd=2.07m/s end=goal t=  610.6s
[TRAIN][PPO] ep=033/500 r=  599.10 avg10=  599.86 steps=1475 succ10=1.00 touch10=1.00 col10=0.00 to10=0.00 min_d= 0.30 avg_spd=2.07m/s end=goal t=  629.9s
[TRAIN][PPO] ep=034/500 r=  591.13 avg10=  598.07 steps=1419 succ10=1.00 touch10=1.00 col10=0.00 to10=0.00 min_d= 0.30 avg_spd=2.09m/s end=goal t=  648.6s
[TRAIN][PPO] ep=035/500 r=  593.29 avg10=  596.66 steps=1442 succ10=1.00 touch10=1.00 col10=0.00 to10=0.00 min_d= 0.30 avg_spd=2.09m/s end=goal t=  667.0s
[TRAIN][PPO] ep=036/500 r=  600.08 avg10=  597.19 steps=1435 succ10=1.00 touch10=1.00 col10=0.00 to10=0.00 min_d= 0.30 avg_spd=2.07m/s end=goal t=  687.1s
[TRAIN][PPO] ep=037/500 r=  605.09 avg10=  598.26 steps=1446 succ10=1.00 touch10=1.00 col10=0.00 to10=0.00 min_d= 0.30 avg_spd=2.09m/s end=goal t=  705.2s
[TRAIN][PPO] ep=038/500 r=   72.96 avg10=  545.38 steps= 382 succ10=0.90 touch10=0.90 col10=0.10 to10=0.00 min_d= 3.09 avg_spd=2.05m/s end=collision t=  710.0s
[TRAIN][PPO] ep=039/500 r=  599.72 avg10=  545.77 steps=1461 succ10=0.90 touch10=0.90 col10=0.10 to10=0.00 min_d= 0.30 avg_spd=2.04m/s end=goal t=  728.2s
[TRAIN][PPO] ep=040/500 r=  602.15 avg10=  544.65 steps=1562 succ10=0.90 touch10=0.90 col10=0.10 to10=0.00 min_d= 0.30 avg_spd=2.06m/s end=goal t=  751.4s
[TRAIN][PPO] ep=041/500 r=  607.00 avg10=  544.44 steps=1449 succ10=0.90 touch10=0.90 col10=0.10 to10=0.00 min_d= 0.30 avg_spd=2.08m/s end=goal t=  770.4s
[TRAIN][PPO] ep=042/500 r=  610.61 avg10=  548.11 steps=1474 succ10=0.90 touch10=0.90 col10=0.10 to10=0.00 min_d= 0.30 avg_spd=2.03m/s end=goal t=  789.6s
[TRAIN][PPO] ep=043/500 r=  602.25 avg10=  548.43 steps=1468 succ10=0.90 touch10=0.90 col10=0.10 to10=0.00 min_d= 0.30 avg_spd=2.08m/s end=goal t=  809.2s
[TRAIN][PPO] ep=044/500 r=  602.66 avg10=  549.58 steps=1493 succ10=0.90 touch10=0.90 col10=0.10 to10=0.00 min_d= 0.30 avg_spd=2.05m/s end=goal t=  830.6s
[TRAIN][PPO] ep=045/500 r=  608.18 avg10=  551.07 steps=1459 succ10=0.90 touch10=0.90 col10=0.10 to10=0.00 min_d= 0.30 avg_spd=2.07m/s end=goal t=  850.2s
[TRAIN][PPO] ep=046/500 r=  601.39 avg10=  551.20 steps=1439 succ10=0.90 touch10=0.90 col10=0.10 to10=0.00 min_d= 0.30 avg_spd=2.05m/s end=goal t=  869.1s
[TRAIN][PPO] ep=047/500 r=  602.94 avg10=  550.99 steps=1576 succ10=0.90 touch10=0.90 col10=0.10 to10=0.00 min_d= 0.30 avg_spd=2.06m/s end=goal t=  889.5s
[TRAIN][PPO] ep=048/500 r=  616.52 avg10=  605.34 steps=1534 succ10=1.00 touch10=1.00 col10=0.00 to10=0.00 min_d= 0.30 avg_spd=2.04m/s end=goal t=  911.5s ckpt=best_goal
[TRAIN][PPO] ep=049/500 r=  579.16 avg10=  603.28 steps=1558 succ10=1.00 touch10=1.00 col10=0.00 to10=0.00 min_d= 0.30 avg_spd=2.07m/s end=goal t=  931.9s
[TRAIN][PPO] ep=050/500 r=  609.61 avg10=  604.03 steps=1457 succ10=1.00 touch10=1.00 col10=0.00 to10=0.00 min_d= 0.30 avg_spd=2.08m/s end=goal t=  950.6s
[TRAIN][PPO] ep=051/500 r=  601.13 avg10=  603.44 steps=1448 succ10=1.00 touch10=1.00 col10=0.00 to10=0.00 min_d= 0.30 avg_spd=2.10m/s end=goal t=  969.5s
[TRAIN][PPO] ep=052/500 r=  607.18 avg10=  603.10 steps=1469 succ10=1.00 touch10=1.00 col10=0.00 to10=0.00 min_d= 0.30 avg_spd=2.07m/s end=goal t=  990.6s
[TRAIN][PPO] ep=053/500 r=  596.37 avg10=  602.51 steps=1471 succ10=1.00 touch10=1.00 col10=0.00 to10=0.00 min_d= 0.30 avg_spd=2.05m/s end=goal t= 1009.5s
[TRAIN][PPO] ep=054/500 r=  603.37 avg10=  602.58 steps=1453 succ10=1.00 touch10=1.00 col10=0.00 to10=0.00 min_d= 0.30 avg_spd=2.06m/s end=goal t= 1028.4s
[TRAIN][PPO] ep=055/500 r=  611.62 avg10=  602.93 steps=1530 succ10=1.00 touch10=1.00 col10=0.00 to10=0.00 min_d= 0.30 avg_spd=2.06m/s end=goal t= 1048.1s
[TRAIN][PPO] ep=056/500 r=  603.47 avg10=  603.13 steps=1443 succ10=1.00 touch10=1.00 col10=0.00 to10=0.00 min_d= 0.30 avg_spd=2.06m/s end=goal t= 1068.2s
[TRAIN][PPO] ep=057/500 r=  593.10 avg10=  602.15 steps=1468 succ10=1.00 touch10=1.00 col10=0.00 to10=0.00 min_d= 0.30 avg_spd=2.05m/s end=goal t= 1087.4s
[TRAIN][PPO] ep=058/500 r=  597.31 avg10=  600.23 steps=1428 succ10=1.00 touch10=1.00 col10=0.00 to10=0.00 min_d= 0.30 avg_spd=2.09m/s end=goal t= 1106.1s
[TRAIN][PPO] ep=059/500 r=  608.96 avg10=  603.21 steps=1506 succ10=1.00 touch10=1.00 col10=0.00 to10=0.00 min_d= 0.30 avg_spd=2.05m/s end=goal t= 1125.3s
[TRAIN][PPO] ep=060/500 r=  596.96 avg10=  601.95 steps=1430 succ10=1.00 touch10=1.00 col10=0.00 to10=0.00 min_d= 0.30 avg_spd=2.08m/s end=goal t= 1145.7s
[TRAIN][PPO] ep=061/500 r=  372.83 avg10=  579.12 steps=1331 succ10=0.90 touch10=0.90 col10=0.10 to10=0.00 min_d= 0.88 avg_spd=2.04m/s end=collision t= 1162.5s
[TRAIN][PPO] ep=062/500 r=  603.42 avg10=  578.74 steps=1506 succ10=0.90 touch10=0.90 col10=0.10 to10=0.00 min_d= 0.30 avg_spd=2.07m/s end=goal t= 1182.0s
[TRAIN][PPO] ep=063/500 r=  576.37 avg10=  576.74 steps=1568 succ10=0.90 touch10=0.90 col10=0.10 to10=0.00 min_d= 0.30 avg_spd=2.04m/s end=goal t= 1202.3s
[TRAIN][PPO] ep=064/500 r=  595.61 avg10=  575.97 steps=1489 succ10=0.90 touch10=0.90 col10=0.10 to10=0.00 min_d= 0.30 avg_spd=2.05m/s end=goal t= 1223.6s
[TRAIN][PPO] ep=065/500 r=  -42.49 avg10=  510.55 steps=  28 succ10=0.80 touch10=0.80 col10=0.20 to10=0.00 min_d= 3.84 avg_spd=1.58m/s end=collision t= 1224.0s
[TRAIN][PPO] ep=066/500 r=  594.69 avg10=  509.68 steps=1419 succ10=0.80 touch10=0.80 col10=0.20 to10=0.00 min_d= 0.30 avg_spd=2.09m/s end=goal t= 1242.3s
[TRAIN][PPO] ep=067/500 r=  600.54 avg10=  510.42 steps=1427 succ10=0.80 touch10=0.80 col10=0.20 to10=0.00 min_d= 0.30 avg_spd=2.08m/s end=goal t= 1260.9s
[TRAIN][PPO] ep=068/500 r=  599.74 avg10=  510.66 steps=1472 succ10=0.80 touch10=0.80 col10=0.20 to10=0.00 min_d= 0.30 avg_spd=2.08m/s end=goal t= 1281.6s
[TRAIN][PPO] ep=069/500 r=  599.73 avg10=  509.74 steps=1436 succ10=0.80 touch10=0.80 col10=0.20 to10=0.00 min_d= 0.30 avg_spd=2.08m/s end=goal t= 1299.9s
[TRAIN][PPO] ep=070/500 r=  605.80 avg10=  510.62 steps=1506 succ10=0.80 touch10=0.80 col10=0.20 to10=0.00 min_d= 0.30 avg_spd=2.05m/s end=goal t= 1319.0s
[TRAIN][PPO] ep=071/500 r=  611.57 avg10=  534.50 steps=1521 succ10=0.90 touch10=0.90 col10=0.10 to10=0.00 min_d= 0.30 avg_spd=2.04m/s end=goal t= 1338.3s
[TRAIN][PPO] ep=072/500 r=  611.31 avg10=  535.29 steps=1533 succ10=0.90 touch10=0.90 col10=0.10 to10=0.00 min_d= 0.30 avg_spd=2.05m/s end=goal t= 1360.2s
[TRAIN][PPO] ep=073/500 r=  609.96 avg10=  538.64 steps=1506 succ10=0.90 touch10=0.90 col10=0.10 to10=0.00 min_d= 0.30 avg_spd=2.07m/s end=goal t= 1379.6s
[TRAIN][PPO] ep=074/500 r=  609.88 avg10=  540.07 steps=1505 succ10=0.90 touch10=0.90 col10=0.10 to10=0.00 min_d= 0.30 avg_spd=2.06m/s end=goal t= 1398.8s
[TRAIN][PPO] ep=075/500 r=  593.04 avg10=  603.63 steps=1417 succ10=1.00 touch10=1.00 col10=0.00 to10=0.00 min_d= 0.30 avg_spd=2.07m/s end=goal t= 1416.9s
[TRAIN][PPO] ep=076/500 r=  594.20 avg10=  603.58 steps=1464 succ10=1.00 touch10=1.00 col10=0.00 to10=0.00 min_d= 0.30 avg_spd=2.06m/s end=goal t= 1437.4s
[TRAIN][PPO] ep=077/500 r=  597.38 avg10=  603.26 steps=1463 succ10=1.00 touch10=1.00 col10=0.00 to10=0.00 min_d= 0.30 avg_spd=2.07m/s end=goal t= 1456.8s
[TRAIN][PPO] ep=078/500 r=  582.04 avg10=  601.49 steps=1557 succ10=1.00 touch10=1.00 col10=0.00 to10=0.00 min_d= 0.30 avg_spd=2.07m/s end=goal t= 1477.1s
[TRAIN][PPO] ep=079/500 r=  598.21 avg10=  601.34 steps=1434 succ10=1.00 touch10=1.00 col10=0.00 to10=0.00 min_d= 0.30 avg_spd=2.08m/s end=goal t= 1496.0s
[TRAIN][PPO] ep=080/500 r=  601.41 avg10=  600.90 steps=1491 succ10=1.00 touch10=1.00 col10=0.00 to10=0.00 min_d= 0.30 avg_spd=2.07m/s end=goal t= 1517.2s
[TRAIN][PPO] ep=081/500 r=  600.96 avg10=  599.84 steps=1506 succ10=1.00 touch10=1.00 col10=0.00 to10=0.00 min_d= 0.30 avg_spd=2.08m/s end=goal t= 1537.0s
[TRAIN][PPO] ep=082/500 r=  608.02 avg10=  599.51 steps=1460 succ10=1.00 touch10=1.00 col10=0.00 to10=0.00 min_d= 0.30 avg_spd=2.08m/s end=goal t= 1555.9s
[TRAIN][PPO] ep=083/500 r=  592.57 avg10=  597.77 steps=1482 succ10=1.00 touch10=1.00 col10=0.00 to10=0.00 min_d= 0.30 avg_spd=2.05m/s end=goal t= 1575.2s
[TRAIN][PPO] ep=084/500 r=  600.19 avg10=  596.80 steps=1426 succ10=1.00 touch10=1.00 col10=0.00 to10=0.00 min_d= 0.30 avg_spd=2.09m/s end=goal t= 1595.8s
[TRAIN][PPO] ep=085/500 r=  590.58 avg10=  596.56 steps=1404 succ10=1.00 touch10=1.00 col10=0.00 to10=0.00 min_d= 0.30 avg_spd=2.09m/s end=goal t= 1614.3s
[TRAIN][PPO] ep=086/500 r=  605.84 avg10=  597.72 steps=1450 succ10=1.00 touch10=1.00 col10=0.00 to10=0.00 min_d= 0.30 avg_spd=2.08m/s end=goal t= 1633.3s
[TRAIN][PPO] ep=087/500 r=  592.85 avg10=  597.27 steps=1416 succ10=1.00 touch10=1.00 col10=0.00 to10=0.00 min_d= 0.30 avg_spd=2.08m/s end=goal t= 1651.7s
[TRAIN][PPO] ep=088/500 r=  590.44 avg10=  598.11 steps=1407 succ10=1.00 touch10=1.00 col10=0.00 to10=0.00 min_d= 0.30 avg_spd=2.09m/s end=goal t= 1671.8s
[TRAIN][PPO] ep=089/500 r=  598.37 avg10=  598.12 steps=1472 succ10=1.00 touch10=1.00 col10=0.00 to10=0.00 min_d= 0.30 avg_spd=2.08m/s end=goal t= 1690.9s
[TRAIN][PPO] ep=090/500 r=  596.83 avg10=  597.67 steps=1459 succ10=1.00 touch10=1.00 col10=0.00 to10=0.00 min_d= 0.30 avg_spd=2.09m/s end=goal t= 1709.5s
[TRAIN][PPO] ep=091/500 r=  600.00 avg10=  597.57 steps=1500 succ10=1.00 touch10=1.00 col10=0.00 to10=0.00 min_d= 0.30 avg_spd=2.06m/s end=goal t= 1728.4s
[TRAIN][PPO] ep=092/500 r=  613.95 avg10=  598.16 steps=1475 succ10=1.00 touch10=1.00 col10=0.00 to10=0.00 min_d= 0.30 avg_spd=2.05m/s end=goal t= 1750.0s
[TRAIN][PPO] ep=093/500 r=  594.62 avg10=  598.37 steps=1421 succ10=1.00 touch10=1.00 col10=0.00 to10=0.00 min_d= 0.30 avg_spd=2.08m/s end=goal t= 1767.9s
[TRAIN][PPO] ep=094/500 r=  599.05 avg10=  598.25 steps=1477 succ10=1.00 touch10=1.00 col10=0.00 to10=0.00 min_d= 0.30 avg_spd=2.06m/s end=goal t= 1786.8s
[TRAIN][PPO] ep=095/500 r=  592.57 avg10=  598.45 steps=1460 succ10=1.00 touch10=1.00 col10=0.00 to10=0.00 min_d= 0.30 avg_spd=2.06m/s end=goal t= 1805.4s
[TRAIN][PPO] ep=096/500 r=  599.22 avg10=  597.79 steps=1475 succ10=1.00 touch10=1.00 col10=0.00 to10=0.00 min_d= 0.30 avg_spd=2.06m/s end=goal t= 1828.9s
[TRAIN][PPO] ep=097/500 r=  596.84 avg10=  598.19 steps=1464 succ10=1.00 touch10=1.00 col10=0.00 to10=0.00 min_d= 0.30 avg_spd=2.06m/s end=goal t= 1848.5s
[TRAIN][PPO] ep=098/500 r=  607.83 avg10=  599.93 steps=1466 succ10=1.00 touch10=1.00 col10=0.00 to10=0.00 min_d= 0.30 avg_spd=2.06m/s end=goal t= 1867.8s
[TRAIN][PPO] ep=099/500 r=  613.95 avg10=  601.49 steps=1474 succ10=1.00 touch10=1.00 col10=0.00 to10=0.00 min_d= 0.30 avg_spd=2.07m/s end=goal t= 1887.2s
[TRAIN][PPO] ep=100/500 r=  597.01 avg10=  601.50 steps=1425 succ10=1.00 touch10=1.00 col10=0.00 to10=0.00 min_d= 0.30 avg_spd=2.07m/s end=goal t= 1907.8s ckpt=latest
[TRAIN][PPO] ep=101/500 r=  597.22 avg10=  601.23 steps=1440 succ10=1.00 touch10=1.00 col10=0.00 to10=0.00 min_d= 0.30 avg_spd=2.08m/s end=goal t= 1926.7s
[TRAIN][PPO] ep=102/500 r=  601.05 avg10=  599.94 steps=1484 succ10=1.00 touch10=1.00 col10=0.00 to10=0.00 min_d= 0.30 avg_spd=2.07m/s end=goal t= 1946.1s
[TRAIN][PPO] ep=103/500 r=  604.10 avg10=  600.88 steps=1449 succ10=1.00 touch10=1.00 col10=0.00 to10=0.00 min_d= 0.30 avg_spd=2.08m/s end=goal t= 1965.0s
[TRAIN][PPO] ep=104/500 r=  585.81 avg10=  599.56 steps=1569 succ10=1.00 touch10=1.00 col10=0.00 to10=0.00 min_d= 0.30 avg_spd=2.06m/s end=goal t= 1987.6s
[TRAIN][PPO] ep=105/500 r=  600.34 avg10=  600.34 steps=1474 succ10=1.00 touch10=1.00 col10=0.00 to10=0.00 min_d= 0.30 avg_spd=2.07m/s end=goal t= 2006.6s
[TRAIN][PPO] ep=106/500 r=  609.84 avg10=  601.40 steps=1505 succ10=1.00 touch10=1.00 col10=0.00 to10=0.00 min_d= 0.30 avg_spd=2.04m/s end=goal t= 2025.5s
[TRAIN][PPO] ep=107/500 r=  580.47 avg10=  599.76 steps=1542 succ10=1.00 touch10=1.00 col10=0.00 to10=0.00 min_d= 0.30 avg_spd=2.07m/s end=goal t= 2045.3s
[TRAIN][PPO] ep=108/500 r=  605.95 avg10=  599.57 steps=1497 succ10=1.00 touch10=1.00 col10=0.00 to10=0.00 min_d= 0.30 avg_spd=2.04m/s end=goal t= 2066.3s
[TRAIN][PPO] ep=109/500 r=  591.72 avg10=  597.35 steps=1464 succ10=1.00 touch10=1.00 col10=0.00 to10=0.00 min_d= 0.30 avg_spd=2.09m/s end=goal t= 2085.2s
[TRAIN][PPO] ep=110/500 r=  609.71 avg10=  598.62 steps=1505 succ10=1.00 touch10=1.00 col10=0.00 to10=0.00 min_d= 0.30 avg_spd=2.06m/s end=goal t= 2105.3s
[TRAIN][PPO] ep=111/500 r=  577.00 avg10=  596.60 steps=1576 succ10=1.00 touch10=1.00 col10=0.00 to10=0.00 min_d= 0.30 avg_spd=2.07m/s end=goal t= 2126.1s
[TRAIN][PPO] ep=112/500 r=  597.63 avg10=  596.26 steps=1513 succ10=1.00 touch10=1.00 col10=0.00 to10=0.00 min_d= 0.30 avg_spd=2.07m/s end=goal t= 2147.6s
[TRAIN][PPO] ep=113/500 r=  598.23 avg10=  595.67 steps=1494 succ10=1.00 touch10=1.00 col10=0.00 to10=0.00 min_d= 0.30 avg_spd=2.05m/s end=goal t= 2167.6s
[TRAIN][PPO] ep=114/500 r=  598.11 avg10=  596.90 steps=1439 succ10=1.00 touch10=1.00 col10=0.00 to10=0.00 min_d= 0.30 avg_spd=2.06m/s end=goal t= 2186.8s
[TRAIN][PPO] ep=115/500 r=  599.31 avg10=  596.80 steps=1478 succ10=1.00 touch10=1.00 col10=0.00 to10=0.00 min_d= 0.30 avg_spd=2.05m/s end=goal t= 2205.7s
[TRAIN][PPO] ep=116/500 r=  590.38 avg10=  594.85 steps=1440 succ10=1.00 touch10=1.00 col10=0.00 to10=0.00 min_d= 0.30 avg_spd=2.08m/s end=goal t= 2226.3s
[TRAIN][PPO] ep=117/500 r=  599.37 avg10=  596.74 steps=1422 succ10=1.00 touch10=1.00 col10=0.00 to10=0.00 min_d= 0.30 avg_spd=2.07m/s end=goal t= 2244.8s
[TRAIN][PPO] ep=118/500 r=  598.56 avg10=  596.00 steps=1474 succ10=1.00 touch10=1.00 col10=0.00 to10=0.00 min_d= 0.30 avg_spd=2.06m/s end=goal t= 2263.7s
[TRAIN][PPO] ep=119/500 r=  604.71 avg10=  597.30 steps=1451 succ10=1.00 touch10=1.00 col10=0.00 to10=0.00 min_d= 0.30 avg_spd=2.06m/s end=goal t= 2282.3s
[TRAIN][PPO] ep=120/500 r=  603.16 avg10=  596.65 steps=1492 succ10=1.00 touch10=1.00 col10=0.00 to10=0.00 min_d= 0.30 avg_spd=2.07m/s end=goal t= 2303.4s
[TRAIN][PPO] ep=121/500 r=  599.81 avg10=  598.93 steps=1425 succ10=1.00 touch10=1.00 col10=0.00 to10=0.00 min_d= 0.30 avg_spd=2.08m/s end=goal t= 2321.7s
[TRAIN][PPO] ep=122/500 r=  589.47 avg10=  598.11 steps=1397 succ10=1.00 touch10=1.00 col10=0.00 to10=0.00 min_d= 0.30 avg_spd=2.09m/s end=goal t= 2339.6s
[TRAIN][PPO] ep=123/500 r=  601.15 avg10=  598.40 steps=1575 succ10=1.00 touch10=1.00 col10=0.00 to10=0.00 min_d= 0.30 avg_spd=2.07m/s end=goal t= 2359.7s
[TRAIN][PPO] ep=124/500 r=  599.97 avg10=  598.59 steps=1601 succ10=1.00 touch10=1.00 col10=0.00 to10=0.00 min_d= 0.30 avg_spd=2.06m/s end=goal t= 2382.0s
[TRAIN][PPO] ep=125/500 r=  605.90 avg10=  599.25 steps=1499 succ10=1.00 touch10=1.00 col10=0.00 to10=0.00 min_d= 0.30 avg_spd=2.05m/s end=goal t= 2401.3s
[TRAIN][PPO] ep=126/500 r=  594.75 avg10=  599.69 steps=1447 succ10=1.00 touch10=1.00 col10=0.00 to10=0.00 min_d= 0.30 avg_spd=2.08m/s end=goal t= 2419.9s
[TRAIN][PPO] ep=127/500 r=  606.58 avg10=  600.41 steps=1512 succ10=1.00 touch10=1.00 col10=0.00 to10=0.00 min_d= 0.30 avg_spd=2.03m/s end=goal t= 2439.2s
[TRAIN][PPO] ep=128/500 r=  606.59 avg10=  601.21 steps=1506 succ10=1.00 touch10=1.00 col10=0.00 to10=0.00 min_d= 0.30 avg_spd=2.05m/s end=goal t= 2460.3s
[TRAIN][PPO] ep=129/500 r=  601.34 avg10=  600.87 steps=1450 succ10=1.00 touch10=1.00 col10=0.00 to10=0.00 min_d= 0.30 avg_spd=2.07m/s end=goal t= 2478.5s
[TRAIN][PPO] ep=130/500 r=  609.96 avg10=  601.55 steps=1509 succ10=1.00 touch10=1.00 col10=0.00 to10=0.00 min_d= 0.30 avg_spd=2.05m/s end=goal t= 2497.4s
[TRAIN][PPO] ep=131/500 r=  609.09 avg10=  602.48 steps=1525 succ10=1.00 touch10=1.00 col10=0.00 to10=0.00 min_d= 0.30 avg_spd=2.06m/s end=goal t= 2516.1s
[TRAIN][PPO] ep=132/500 r=  603.75 avg10=  603.91 steps=1444 succ10=1.00 touch10=1.00 col10=0.00 to10=0.00 min_d= 0.30 avg_spd=2.08m/s end=goal t= 2537.5s
[TRAIN][PPO] ep=133/500 r=  601.48 avg10=  603.94 steps=1439 succ10=1.00 touch10=1.00 col10=0.00 to10=0.00 min_d= 0.30 avg_spd=2.07m/s end=goal t= 2556.0s
[TRAIN][PPO] ep=134/500 r=  605.65 avg10=  604.51 steps=1511 succ10=1.00 touch10=1.00 col10=0.00 to10=0.00 min_d= 0.30 avg_spd=2.07m/s end=goal t= 2574.9s
[TRAIN][PPO] ep=135/500 r=  -39.93 avg10=  539.93 steps=  35 succ10=0.90 touch10=0.90 col10=0.10 to10=0.00 min_d= 3.82 avg_spd=1.77m/s end=collision t= 2575.4s
[TRAIN][PPO] ep=136/500 r=  593.00 avg10=  539.75 steps=1573 succ10=0.90 touch10=0.90 col10=0.10 to10=0.00 min_d= 0.30 avg_spd=2.07m/s end=goal t= 2597.4s
[TRAIN][PPO] ep=137/500 r=  600.78 avg10=  539.17 steps=1484 succ10=0.90 touch10=0.90 col10=0.10 to10=0.00 min_d= 0.30 avg_spd=2.05m/s end=goal t= 2615.6s
[TRAIN][PPO] ep=138/500 r=  593.54 avg10=  537.86 steps=1434 succ10=0.90 touch10=0.90 col10=0.10 to10=0.00 min_d= 0.30 avg_spd=2.07m/s end=goal t= 2633.5s
[TRAIN][PPO] ep=139/500 r=  599.51 avg10=  537.68 steps=1420 succ10=0.90 touch10=0.90 col10=0.10 to10=0.00 min_d= 0.30 avg_spd=2.09m/s end=goal t= 2651.8s
[TRAIN][PPO] ep=140/500 r=  596.58 avg10=  536.34 steps=1551 succ10=0.90 touch10=0.90 col10=0.10 to10=0.00 min_d= 0.30 avg_spd=2.07m/s end=goal t= 2674.7s
[TRAIN][PPO] ep=141/500 r=  602.58 avg10=  535.69 steps=1587 succ10=0.90 touch10=0.90 col10=0.10 to10=0.00 min_d= 0.30 avg_spd=2.06m/s end=goal t= 2694.9s
[TRAIN][PPO] ep=142/500 r=  611.94 avg10=  536.51 steps=1523 succ10=0.90 touch10=0.90 col10=0.10 to10=0.00 min_d= 0.30 avg_spd=2.06m/s end=goal t= 2715.0s
[TRAIN][PPO] ep=143/500 r=  597.98 avg10=  536.16 steps=1424 succ10=0.90 touch10=0.90 col10=0.10 to10=0.00 min_d= 0.30 avg_spd=2.07m/s end=goal t= 2733.5s
[TRAIN][PPO] ep=144/500 r=  600.99 avg10=  535.70 steps=1485 succ10=0.90 touch10=0.90 col10=0.10 to10=0.00 min_d= 0.30 avg_spd=2.06m/s end=goal t= 2754.5s
[TRAIN][PPO] ep=145/500 r=  587.55 avg10=  598.44 steps=1595 succ10=1.00 touch10=1.00 col10=0.00 to10=0.00 min_d= 0.30 avg_spd=2.06m/s end=goal t= 2774.7s
[TRAIN][PPO] ep=146/500 r=  593.04 avg10=  598.45 steps=1453 succ10=1.00 touch10=1.00 col10=0.00 to10=0.00 min_d= 0.30 avg_spd=2.07m/s end=goal t= 2793.2s
[TRAIN][PPO] ep=147/500 r=  607.37 avg10=  599.11 steps=1612 succ10=1.00 touch10=1.00 col10=0.00 to10=0.00 min_d= 0.30 avg_spd=2.05m/s end=goal t= 2813.9s
[TRAIN][PPO] ep=148/500 r=  591.62 avg10=  598.92 steps=1411 succ10=1.00 touch10=1.00 col10=0.00 to10=0.00 min_d= 0.30 avg_spd=2.07m/s end=goal t= 2833.7s
[TRAIN][PPO] ep=149/500 r=  -41.65 avg10=  534.80 steps=  36 succ10=0.90 touch10=0.90 col10=0.10 to10=0.00 min_d= 3.84 avg_spd=1.74m/s end=collision t= 2834.2s
[TRAIN][PPO] ep=150/500 r=  605.61 avg10=  535.70 steps=1516 succ10=0.90 touch10=0.90 col10=0.10 to10=0.00 min_d= 0.30 avg_spd=2.06m/s end=goal t= 2854.0s
[TRAIN][PPO] ep=151/500 r=  591.07 avg10=  534.55 steps=1400 succ10=0.90 touch10=0.90 col10=0.10 to10=0.00 min_d= 0.30 avg_spd=2.08m/s end=goal t= 2872.0s
[TRAIN][PPO] ep=152/500 r=  591.48 avg10=  532.51 steps=1415 succ10=0.90 touch10=0.90 col10=0.10 to10=0.00 min_d= 0.30 avg_spd=2.08m/s end=goal t= 2891.8s
[TRAIN][PPO] ep=153/500 r=  607.24 avg10=  533.43 steps=1509 succ10=0.90 touch10=0.90 col10=0.10 to10=0.00 min_d= 0.30 avg_spd=2.06m/s end=goal t= 2911.5s
[TRAIN][PPO] ep=154/500 r=  606.39 avg10=  533.97 steps=1451 succ10=0.90 touch10=0.90 col10=0.10 to10=0.00 min_d= 0.30 avg_spd=2.09m/s end=goal t= 2930.3s
[TRAIN][PPO] ep=155/500 r=  605.58 avg10=  535.78 steps=1500 succ10=0.90 touch10=0.90 col10=0.10 to10=0.00 min_d= 0.30 avg_spd=2.06m/s end=goal t= 2948.8s
[TRAIN][PPO] ep=156/500 r=  597.09 avg10=  536.18 steps=1488 succ10=0.90 touch10=0.90 col10=0.10 to10=0.00 min_d= 0.30 avg_spd=2.07m/s end=goal t= 2969.9s
[TRAIN][PPO] ep=157/500 r=  607.08 avg10=  536.15 steps=1493 succ10=0.90 touch10=0.90 col10=0.10 to10=0.00 min_d= 0.30 avg_spd=2.05m/s end=goal t= 2989.6s
[TRAIN][PPO] ep=158/500 r=  588.55 avg10=  535.84 steps=1438 succ10=0.90 touch10=0.90 col10=0.10 to10=0.00 min_d= 0.30 avg_spd=2.08m/s end=goal t= 3008.5s
[TRAIN][PPO] ep=159/500 r=  592.88 avg10=  599.30 steps=1440 succ10=1.00 touch10=1.00 col10=0.00 to10=0.00 min_d= 0.30 avg_spd=2.07m/s end=goal t= 3027.0s
[TRAIN][PPO] ep=160/500 r=  604.55 avg10=  599.19 steps=1494 succ10=1.00 touch10=1.00 col10=0.00 to10=0.00 min_d= 0.30 avg_spd=2.06m/s end=goal t= 3048.2s
[TRAIN][PPO] ep=161/500 r=  598.47 avg10=  599.93 steps=1429 succ10=1.00 touch10=1.00 col10=0.00 to10=0.00 min_d= 0.30 avg_spd=2.07m/s end=goal t= 3066.4s
[TRAIN][PPO] ep=162/500 r=  606.19 avg10=  601.40 steps=1494 succ10=1.00 touch10=1.00 col10=0.00 to10=0.00 min_d= 0.30 avg_spd=2.06m/s end=goal t= 3085.8s
[TRAIN][PPO] ep=163/500 r=  605.92 avg10=  601.27 steps=1460 succ10=1.00 touch10=1.00 col10=0.00 to10=0.00 min_d= 0.30 avg_spd=2.07m/s end=goal t= 3104.4s
[TRAIN][PPO] ep=164/500 r=  606.38 avg10=  601.27 steps=1490 succ10=1.00 touch10=1.00 col10=0.00 to10=0.00 min_d= 0.30 avg_spd=2.05m/s end=goal t= 3125.0s
[TRAIN][PPO] ep=165/500 r=  597.02 avg10=  600.41 steps=1428 succ10=1.00 touch10=1.00 col10=0.00 to10=0.00 min_d= 0.30 avg_spd=2.05m/s end=goal t= 3143.3s
[TRAIN][PPO] ep=166/500 r=  577.43 avg10=  598.45 steps=1561 succ10=1.00 touch10=1.00 col10=0.00 to10=0.00 min_d= 0.30 avg_spd=2.05m/s end=goal t= 3163.4s
[TRAIN][PPO] ep=167/500 r=  603.24 avg10=  598.06 steps=1601 succ10=1.00 touch10=1.00 col10=0.00 to10=0.00 min_d= 0.30 avg_spd=2.06m/s end=goal t= 3184.2s
[TRAIN][PPO] ep=168/500 r=  600.45 avg10=  599.25 steps=1492 succ10=1.00 touch10=1.00 col10=0.00 to10=0.00 min_d= 0.30 avg_spd=2.05m/s end=goal t= 3205.2s
[TRAIN][PPO] ep=169/500 r=  613.33 avg10=  601.30 steps=1473 succ10=1.00 touch10=1.00 col10=0.00 to10=0.00 min_d= 0.30 avg_spd=2.06m/s end=goal t= 3223.7s
[TRAIN][PPO] ep=170/500 r=  586.34 avg10=  599.48 steps=1556 succ10=1.00 touch10=1.00 col10=0.00 to10=0.00 min_d= 0.30 avg_spd=2.08m/s end=goal t= 3243.8s
[TRAIN][PPO] ep=171/500 r=  603.86 avg10=  600.01 steps=1497 succ10=1.00 touch10=1.00 col10=0.00 to10=0.00 min_d= 0.30 avg_spd=2.07m/s end=goal t= 3263.4s
[TRAIN][PPO] ep=172/500 r=  598.01 avg10=  599.20 steps=1461 succ10=1.00 touch10=1.00 col10=0.00 to10=0.00 min_d= 0.30 avg_spd=2.08m/s end=goal t= 3284.2s
[TRAIN][PPO] ep=173/500 r=  589.36 avg10=  597.54 steps=1444 succ10=1.00 touch10=1.00 col10=0.00 to10=0.00 min_d= 0.30 avg_spd=2.07m/s end=goal t= 3303.1s
[TRAIN][PPO] ep=174/500 r=  591.13 avg10=  596.02 steps=1396 succ10=1.00 touch10=1.00 col10=0.00 to10=0.00 min_d= 0.30 avg_spd=2.08m/s end=goal t= 3321.3s
[TRAIN][PPO] ep=175/500 r=  601.15 avg10=  596.43 steps=1547 succ10=1.00 touch10=1.00 col10=0.00 to10=0.00 min_d= 0.30 avg_spd=2.08m/s end=goal t= 3341.2s
[TRAIN][PPO] ep=176/500 r=  604.52 avg10=  599.14 steps=1519 succ10=1.00 touch10=1.00 col10=0.00 to10=0.00 min_d= 0.30 avg_spd=2.04m/s end=goal t= 3362.8s
[TRAIN][PPO] ep=177/500 r=  609.86 avg10=  599.80 steps=1453 succ10=1.00 touch10=1.00 col10=0.00 to10=0.00 min_d= 0.30 avg_spd=2.07m/s end=goal t= 3381.4s
[TRAIN][PPO] ep=178/500 r=  597.00 avg10=  599.46 steps=1467 succ10=1.00 touch10=1.00 col10=0.00 to10=0.00 min_d= 0.30 avg_spd=2.05m/s end=goal t= 3400.0s
[TRAIN][PPO] ep=179/500 r=  607.37 avg10=  598.86 steps=1492 succ10=1.00 touch10=1.00 col10=0.00 to10=0.00 min_d= 0.30 avg_spd=2.04m/s end=goal t= 3418.3s
[TRAIN][PPO] ep=180/500 r=  599.08 avg10=  600.13 steps=1421 succ10=1.00 touch10=1.00 col10=0.00 to10=0.00 min_d= 0.30 avg_spd=2.09m/s end=goal t= 3438.2s
[TRAIN][PPO] ep=181/500 r=  599.10 avg10=  599.66 steps=1572 succ10=1.00 touch10=1.00 col10=0.00 to10=0.00 min_d= 0.30 avg_spd=2.06m/s end=goal t= 3457.7s
[TRAIN][PPO] ep=182/500 r=  595.82 avg10=  599.44 steps=1435 succ10=1.00 touch10=1.00 col10=0.00 to10=0.00 min_d= 0.30 avg_spd=2.07m/s end=goal t= 3476.4s
[TRAIN][PPO] ep=183/500 r=  613.41 avg10=  601.84 steps=1524 succ10=1.00 touch10=1.00 col10=0.00 to10=0.00 min_d= 0.30 avg_spd=2.04m/s end=goal t= 3496.0s
[TRAIN][PPO] ep=184/500 r=  -36.81 avg10=  539.05 steps=  64 succ10=0.90 touch10=0.90 col10=0.10 to10=0.00 min_d= 3.82 avg_spd=1.81m/s end=collision t= 3498.3s
[TRAIN][PPO] ep=185/500 r=  608.34 avg10=  539.77 steps=1509 succ10=0.90 touch10=0.90 col10=0.10 to10=0.00 min_d= 0.30 avg_spd=2.04m/s end=goal t= 3518.0s
[TRAIN][PPO] ep=186/500 r=  591.52 avg10=  538.47 steps=1568 succ10=0.90 touch10=0.90 col10=0.10 to10=0.00 min_d= 0.30 avg_spd=2.05m/s end=goal t= 3538.0s
[TRAIN][PPO] ep=187/500 r=  590.98 avg10=  536.58 steps=1608 succ10=0.90 touch10=0.90 col10=0.10 to10=0.00 min_d= 0.30 avg_spd=2.06m/s end=goal t= 3559.3s
[TRAIN][PPO] ep=188/500 r=  600.86 avg10=  536.97 steps=1481 succ10=0.90 touch10=0.90 col10=0.10 to10=0.00 min_d= 0.30 avg_spd=2.05m/s end=goal t= 3580.8s
[TRAIN][PPO] ep=189/500 r=  582.69 avg10=  534.50 steps=1609 succ10=0.90 touch10=0.90 col10=0.10 to10=0.00 min_d= 0.30 avg_spd=2.04m/s end=goal t= 3602.1s
[TRAIN][PPO] ep=190/500 r=  601.49 avg10=  534.74 steps=1442 succ10=0.90 touch10=0.90 col10=0.10 to10=0.00 min_d= 0.30 avg_spd=2.08m/s end=goal t= 3621.1s
[TRAIN][PPO] ep=191/500 r=  597.25 avg10=  534.56 steps=1413 succ10=0.90 touch10=0.90 col10=0.10 to10=0.00 min_d= 0.30 avg_spd=2.08m/s end=goal t= 3639.5s
[TRAIN][PPO] ep=192/500 r=  602.98 avg10=  535.27 steps=1433 succ10=0.90 touch10=0.90 col10=0.10 to10=0.00 min_d= 0.30 avg_spd=2.09m/s end=goal t= 3660.1s
[TRAIN][PPO] ep=193/500 r=  605.87 avg10=  534.52 steps=1436 succ10=0.90 touch10=0.90 col10=0.10 to10=0.00 min_d= 0.30 avg_spd=2.08m/s end=goal t= 3678.9s
[TRAIN][PPO] ep=194/500 r=   77.87 avg10=  545.98 steps= 411 succ10=0.90 touch10=0.90 col10=0.10 to10=0.00 min_d= 2.95 avg_spd=2.01m/s end=collision t= 3684.4s
[TRAIN][PPO] ep=195/500 r=  602.20 avg10=  545.37 steps=1438 succ10=0.90 touch10=0.90 col10=0.10 to10=0.00 min_d= 0.30 avg_spd=2.08m/s end=goal t= 3702.9s
[TRAIN][PPO] ep=196/500 r=  609.60 avg10=  547.18 steps=1449 succ10=0.90 touch10=0.90 col10=0.10 to10=0.00 min_d= 0.30 avg_spd=2.08m/s end=goal t= 3724.6s
[TRAIN][PPO] ep=197/500 r=  602.95 avg10=  548.38 steps=1488 succ10=0.90 touch10=0.90 col10=0.10 to10=0.00 min_d= 0.30 avg_spd=2.04m/s end=goal t= 3744.1s
[TRAIN][PPO] ep=198/500 r=  601.74 avg10=  548.46 steps=1581 succ10=0.90 touch10=0.90 col10=0.10 to10=0.00 min_d= 0.30 avg_spd=2.06m/s end=goal t= 3764.4s
[TRAIN][PPO] ep=199/500 r=  603.61 avg10=  550.56 steps=1575 succ10=0.90 touch10=0.90 col10=0.10 to10=0.00 min_d= 0.30 avg_spd=2.05m/s end=goal t= 3785.2s
[TRAIN][PPO] ep=200/500 r=  -41.35 avg10=  486.27 steps= 186 succ10=0.80 touch10=0.80 col10=0.20 to10=0.00 min_d= 3.79 avg_spd=1.73m/s end=collision t= 3789.9s ckpt=latest
[TRAIN][PPO] ep=201/500 r=  607.66 avg10=  487.31 steps=1457 succ10=0.80 touch10=0.80 col10=0.20 to10=0.00 min_d= 0.30 avg_spd=2.07m/s end=goal t= 3809.1s
[TRAIN][PPO] ep=202/500 r=  601.97 avg10=  487.21 steps=1430 succ10=0.80 touch10=0.80 col10=0.20 to10=0.00 min_d= 0.30 avg_spd=2.06m/s end=goal t= 3827.5s
[TRAIN][PPO] ep=203/500 r=  592.29 avg10=  485.85 steps=1406 succ10=0.80 touch10=0.80 col10=0.20 to10=0.00 min_d= 0.30 avg_spd=2.09m/s end=goal t= 3846.1s
[TRAIN][PPO] ep=204/500 r=  -35.36 avg10=  474.53 steps=  70 succ10=0.80 touch10=0.80 col10=0.20 to10=0.00 min_d= 3.82 avg_spd=1.75m/s end=collision t= 3848.5s
[TRAIN][PPO] ep=205/500 r=  -43.80 avg10=  409.93 steps=  24 succ10=0.70 touch10=0.70 col10=0.30 to10=0.00 min_d= 3.84 avg_spd=1.73m/s end=collision t= 3848.9s
[TRAIN][PPO] ep=206/500 r=  600.70 avg10=  409.04 steps=1618 succ10=0.70 touch10=0.70 col10=0.30 to10=0.00 min_d= 0.30 avg_spd=2.04m/s end=goal t= 3869.9s
[TRAIN][PPO] ep=207/500 r=  594.81 avg10=  408.23 steps=1411 succ10=0.70 touch10=0.70 col10=0.30 to10=0.00 min_d= 0.30 avg_spd=2.08m/s end=goal t= 3888.5s
[TRAIN][PPO] ep=208/500 r=  592.08 avg10=  407.26 steps=1397 succ10=0.70 touch10=0.70 col10=0.30 to10=0.00 min_d= 0.30 avg_spd=2.10m/s end=goal t= 3908.5s
[TRAIN][PPO] ep=209/500 r=  599.01 avg10=  406.80 steps=1426 succ10=0.70 touch10=0.70 col10=0.30 to10=0.00 min_d= 0.30 avg_spd=2.07m/s end=goal t= 3927.4s
[TRAIN][PPO] ep=210/500 r=  606.94 avg10=  471.63 steps=1447 succ10=0.80 touch10=0.80 col10=0.20 to10=0.00 min_d= 0.30 avg_spd=2.07m/s end=goal t= 3946.0s
[TRAIN][PPO] ep=211/500 r=  588.11 avg10=  469.68 steps=1597 succ10=0.80 touch10=0.80 col10=0.20 to10=0.00 min_d= 0.30 avg_spd=2.05m/s end=goal t= 3966.8s
[TRAIN][PPO] ep=212/500 r=  597.50 avg10=  469.23 steps=1407 succ10=0.80 touch10=0.80 col10=0.20 to10=0.00 min_d= 0.30 avg_spd=2.07m/s end=goal t= 3987.2s
[TRAIN][PPO] ep=213/500 r=  601.64 avg10=  470.16 steps=1438 succ10=0.80 touch10=0.80 col10=0.20 to10=0.00 min_d= 0.30 avg_spd=2.09m/s end=goal t= 4005.5s
[TRAIN][PPO] ep=214/500 r=   71.33 avg10=  480.83 steps= 372 succ10=0.80 touch10=0.80 col10=0.20 to10=0.00 min_d= 3.08 avg_spd=2.00m/s end=collision t= 4010.4s
[TRAIN][PPO] ep=215/500 r=  609.44 avg10=  546.16 steps=1595 succ10=0.90 touch10=0.90 col10=0.10 to10=0.00 min_d= 0.30 avg_spd=2.05m/s end=goal t= 4031.0s
[TRAIN][PPO] ep=216/500 r=  604.59 avg10=  546.55 steps=1439 succ10=0.90 touch10=0.90 col10=0.10 to10=0.00 min_d= 0.30 avg_spd=2.07m/s end=goal t= 4050.7s
[TRAIN][PPO] ep=217/500 r=  598.02 avg10=  546.87 steps=1645 succ10=0.90 touch10=0.90 col10=0.10 to10=0.00 min_d= 0.30 avg_spd=2.01m/s end=goal t= 4072.2s
[TRAIN][PPO] ep=218/500 r=  589.25 avg10=  546.58 steps=1380 succ10=0.90 touch10=0.90 col10=0.10 to10=0.00 min_d= 0.30 avg_spd=2.09m/s end=goal t= 4089.8s
[TRAIN][PPO] ep=219/500 r=  619.73 avg10=  548.66 steps=1486 succ10=0.90 touch10=0.90 col10=0.10 to10=0.00 min_d= 0.30 avg_spd=2.05m/s end=goal t= 4109.3s ckpt=best_goal
[TRAIN][PPO] ep=220/500 r=   63.37 avg10=  494.30 steps= 345 succ10=0.80 touch10=0.80 col10=0.20 to10=0.00 min_d= 3.11 avg_spd=2.02m/s end=collision t= 4116.2s
[TRAIN][PPO] ep=221/500 r=  601.93 avg10=  495.68 steps=1441 succ10=0.80 touch10=0.80 col10=0.20 to10=0.00 min_d= 0.30 avg_spd=2.07m/s end=goal t= 4135.1s
[TRAIN][PPO] ep=222/500 r=  591.93 avg10=  495.12 steps=1412 succ10=0.80 touch10=0.80 col10=0.20 to10=0.00 min_d= 0.30 avg_spd=2.09m/s end=goal t= 4153.4s
[TRAIN][PPO] ep=223/500 r=  613.07 avg10=  496.27 steps=1456 succ10=0.80 touch10=0.80 col10=0.20 to10=0.00 min_d= 0.30 avg_spd=2.07m/s end=goal t= 4172.2s
[TRAIN][PPO] ep=224/500 r=  604.47 avg10=  549.58 steps=1434 succ10=0.90 touch10=0.90 col10=0.10 to10=0.00 min_d= 0.30 avg_spd=2.07m/s end=goal t= 4193.1s
[TRAIN][PPO] ep=225/500 r=  574.51 avg10=  546.09 steps=1551 succ10=0.90 touch10=0.90 col10=0.10 to10=0.00 min_d= 0.30 avg_spd=2.04m/s end=goal t= 4213.5s
[TRAIN][PPO] ep=226/500 r=  593.04 avg10=  544.93 steps=1404 succ10=0.90 touch10=0.90 col10=0.10 to10=0.00 min_d= 0.30 avg_spd=2.07m/s end=goal t= 4231.5s
[TRAIN][PPO] ep=227/500 r=  598.93 avg10=  545.02 steps=1417 succ10=0.90 touch10=0.90 col10=0.10 to10=0.00 min_d= 0.30 avg_spd=2.09m/s end=goal t= 4249.5s
[TRAIN][PPO] ep=228/500 r=  603.78 avg10=  546.48 steps=1432 succ10=0.90 touch10=0.90 col10=0.10 to10=0.00 min_d= 0.30 avg_spd=2.08m/s end=goal t= 4269.4s
[TRAIN][PPO] ep=229/500 r=  598.94 avg10=  544.40 steps=1417 succ10=0.90 touch10=0.90 col10=0.10 to10=0.00 min_d= 0.30 avg_spd=2.07m/s end=goal t= 4287.7s
[TRAIN][PPO] ep=230/500 r=  612.21 avg10=  599.28 steps=1467 succ10=1.00 touch10=1.00 col10=0.00 to10=0.00 min_d= 0.30 avg_spd=2.07m/s end=goal t= 4306.7s
[TRAIN][PPO] ep=231/500 r=  596.83 avg10=  598.77 steps=1573 succ10=1.00 touch10=1.00 col10=0.00 to10=0.00 min_d= 0.30 avg_spd=2.05m/s end=goal t= 4327.4s
[TRAIN][PPO] ep=232/500 r=  609.07 avg10=  600.49 steps=1446 succ10=1.00 touch10=1.00 col10=0.00 to10=0.00 min_d= 0.30 avg_spd=2.07m/s end=goal t= 4348.1s
[TRAIN][PPO] ep=233/500 r=  612.07 avg10=  600.39 steps=1470 succ10=1.00 touch10=1.00 col10=0.00 to10=0.00 min_d= 0.30 avg_spd=2.05m/s end=goal t= 4367.3s
[TRAIN][PPO] ep=234/500 r=  600.20 avg10=  599.96 steps=1428 succ10=1.00 touch10=1.00 col10=0.00 to10=0.00 min_d= 0.30 avg_spd=2.08m/s end=goal t= 4385.9s
[TRAIN][PPO] ep=235/500 r=  606.54 avg10=  603.16 steps=1442 succ10=1.00 touch10=1.00 col10=0.00 to10=0.00 min_d= 0.30 avg_spd=2.06m/s end=goal t= 4404.7s
[TRAIN][PPO] ep=236/500 r=  610.80 avg10=  604.94 steps=1462 succ10=1.00 touch10=1.00 col10=0.00 to10=0.00 min_d= 0.30 avg_spd=2.06m/s end=goal t= 4425.9s
[TRAIN][PPO] ep=237/500 r=  599.32 avg10=  604.98 steps=1428 succ10=1.00 touch10=1.00 col10=0.00 to10=0.00 min_d= 0.30 avg_spd=2.09m/s end=goal t= 4444.6s
[TRAIN][PPO] ep=238/500 r=  181.00 avg10=  562.70 steps= 702 succ10=0.90 touch10=0.90 col10=0.10 to10=0.00 min_d= 2.14 avg_spd=2.08m/s end=collision t= 4453.7s
[TRAIN][PPO] ep=239/500 r=  609.20 avg10=  563.73 steps=1467 succ10=0.90 touch10=0.90 col10=0.10 to10=0.00 min_d= 0.30 avg_spd=2.05m/s end=goal t= 4472.6s
[TRAIN][PPO] ep=240/500 r=  600.74 avg10=  562.58 steps=1424 succ10=0.90 touch10=0.90 col10=0.10 to10=0.00 min_d= 0.30 avg_spd=2.09m/s end=goal t= 4493.0s
[TRAIN][PPO] ep=241/500 r=  597.86 avg10=  562.68 steps=1423 succ10=0.90 touch10=0.90 col10=0.10 to10=0.00 min_d= 0.30 avg_spd=2.07m/s end=goal t= 4511.7s
[TRAIN][PPO] ep=242/500 r=  594.42 avg10=  561.22 steps=1420 succ10=0.90 touch10=0.90 col10=0.10 to10=0.00 min_d= 0.30 avg_spd=2.08m/s end=goal t= 4530.1s
[TRAIN][PPO] ep=243/500 r=  594.79 avg10=  559.49 steps=1469 succ10=0.90 touch10=0.90 col10=0.10 to10=0.00 min_d= 0.30 avg_spd=2.05m/s end=goal t= 4549.2s
[TRAIN][PPO] ep=244/500 r=  589.75 avg10=  558.44 steps=1403 succ10=0.90 touch10=0.90 col10=0.10 to10=0.00 min_d= 0.30 avg_spd=2.10m/s end=goal t= 4569.3s
[TRAIN][PPO] ep=245/500 r=  601.53 avg10=  557.94 steps=1433 succ10=0.90 touch10=0.90 col10=0.10 to10=0.00 min_d= 0.30 avg_spd=2.08m/s end=goal t= 4587.5s
[TRAIN][PPO] ep=246/500 r=  588.92 avg10=  555.75 steps=1410 succ10=0.90 touch10=0.90 col10=0.10 to10=0.00 min_d= 0.30 avg_spd=2.09m/s end=goal t= 4605.7s
[TRAIN][PPO] ep=247/500 r=  608.78 avg10=  556.70 steps=1461 succ10=0.90 touch10=0.90 col10=0.10 to10=0.00 min_d= 0.30 avg_spd=2.08m/s end=goal t= 4624.9s
[TRAIN][PPO] ep=248/500 r=  606.35 avg10=  599.24 steps=1452 succ10=1.00 touch10=1.00 col10=0.00 to10=0.00 min_d= 0.30 avg_spd=2.09m/s end=goal t= 4645.5s
[TRAIN][PPO] ep=249/500 r=  603.96 avg10=  598.71 steps=1455 succ10=1.00 touch10=1.00 col10=0.00 to10=0.00 min_d= 0.30 avg_spd=2.07m/s end=goal t= 4663.7s
[TRAIN][PPO] ep=250/500 r=  600.96 avg10=  598.73 steps=1442 succ10=1.00 touch10=1.00 col10=0.00 to10=0.00 min_d= 0.30 avg_spd=2.08m/s end=goal t= 4682.4s
[TRAIN][PPO] ep=251/500 r=  594.42 avg10=  598.39 steps=1415 succ10=1.00 touch10=1.00 col10=0.00 to10=0.00 min_d= 0.30 avg_spd=2.07m/s end=goal t= 4700.4s
[TRAIN][PPO] ep=252/500 r=  603.70 avg10=  599.32 steps=1430 succ10=1.00 touch10=1.00 col10=0.00 to10=0.00 min_d= 0.30 avg_spd=2.08m/s end=goal t= 4720.4s
[TRAIN][PPO] ep=253/500 r=  599.97 avg10=  599.83 steps=1442 succ10=1.00 touch10=1.00 col10=0.00 to10=0.00 min_d= 0.30 avg_spd=2.08m/s end=goal t= 4738.3s
[TRAIN][PPO] ep=254/500 r=  601.11 avg10=  600.97 steps=1569 succ10=1.00 touch10=1.00 col10=0.00 to10=0.00 min_d= 0.30 avg_spd=2.07m/s end=goal t= 4758.6s
[TRAIN][PPO] ep=255/500 r=  608.88 avg10=  601.71 steps=1446 succ10=1.00 touch10=1.00 col10=0.00 to10=0.00 min_d= 0.30 avg_spd=2.09m/s end=goal t= 4777.4s
[TRAIN][PPO] ep=256/500 r=  596.04 avg10=  602.42 steps=1419 succ10=1.00 touch10=1.00 col10=0.00 to10=0.00 min_d= 0.30 avg_spd=2.07m/s end=goal t= 4797.1s
[TRAIN][PPO] ep=257/500 r=  595.97 avg10=  601.14 steps=1412 succ10=1.00 touch10=1.00 col10=0.00 to10=0.00 min_d= 0.30 avg_spd=2.09m/s end=goal t= 4814.1s
[TRAIN][PPO] ep=258/500 r=  599.37 avg10=  600.44 steps=1417 succ10=1.00 touch10=1.00 col10=0.00 to10=0.00 min_d= 0.30 avg_spd=2.08m/s end=goal t= 4832.0s
[TRAIN][PPO] ep=259/500 r=   82.48 avg10=  548.29 steps= 416 succ10=0.90 touch10=0.90 col10=0.10 to10=0.00 min_d= 3.01 avg_spd=2.03m/s end=collision t= 4837.2s
[TRAIN][PPO] ep=260/500 r=  602.66 avg10=  548.46 steps=1432 succ10=0.90 touch10=0.90 col10=0.10 to10=0.00 min_d= 0.30 avg_spd=2.08m/s end=goal t= 4857.0s
[TRAIN][PPO] ep=261/500 r=  589.75 avg10=  547.99 steps=1392 succ10=0.90 touch10=0.90 col10=0.10 to10=0.00 min_d= 0.30 avg_spd=2.09m/s end=goal t= 4874.7s
[TRAIN][PPO] ep=262/500 r=  599.42 avg10=  547.57 steps=1433 succ10=0.90 touch10=0.90 col10=0.10 to10=0.00 min_d= 0.30 avg_spd=2.05m/s end=goal t= 4892.4s
[TRAIN][PPO] ep=263/500 r=   62.46 avg10=  493.82 steps= 350 succ10=0.80 touch10=0.80 col10=0.20 to10=0.00 min_d= 3.05 avg_spd=2.05m/s end=collision t= 4896.7s
[TRAIN][PPO] ep=264/500 r=  610.48 avg10=  494.75 steps=1454 succ10=0.80 touch10=0.80 col10=0.20 to10=0.00 min_d= 0.30 avg_spd=2.06m/s end=goal t= 4916.8s
[TRAIN][PPO] ep=265/500 r=  590.93 avg10=  492.96 steps=1463 succ10=0.80 touch10=0.80 col10=0.20 to10=0.00 min_d= 0.30 avg_spd=2.07m/s end=goal t= 4935.4s
[TRAIN][PPO] ep=266/500 r=  603.13 avg10=  493.67 steps=1447 succ10=0.80 touch10=0.80 col10=0.20 to10=0.00 min_d= 0.30 avg_spd=2.07m/s end=goal t= 4953.3s
[TRAIN][PPO] ep=267/500 r=  606.04 avg10=  494.67 steps=1442 succ10=0.80 touch10=0.80 col10=0.20 to10=0.00 min_d= 0.30 avg_spd=2.08m/s end=goal t= 4971.5s
[TRAIN][PPO] ep=268/500 r=  605.62 avg10=  495.30 steps=1440 succ10=0.80 touch10=0.80 col10=0.20 to10=0.00 min_d= 0.30 avg_spd=2.06m/s end=goal t= 4991.6s
[TRAIN][PPO] ep=269/500 r=  601.36 avg10=  547.19 steps=1435 succ10=0.90 touch10=0.90 col10=0.10 to10=0.00 min_d= 0.30 avg_spd=2.07m/s end=goal t= 5009.5s
[TRAIN][PPO] ep=270/500 r=  603.77 avg10=  547.30 steps=1456 succ10=0.90 touch10=0.90 col10=0.10 to10=0.00 min_d= 0.30 avg_spd=2.10m/s end=goal t= 5028.0s
[TRAIN][PPO] ep=271/500 r=  607.69 avg10=  549.09 steps=1458 succ10=0.90 touch10=0.90 col10=0.10 to10=0.00 min_d= 0.30 avg_spd=2.07m/s end=goal t= 5046.6s
[TRAIN][PPO] ep=272/500 r=  605.42 avg10=  549.69 steps=1449 succ10=0.90 touch10=0.90 col10=0.10 to10=0.00 min_d= 0.30 avg_spd=2.08m/s end=goal t= 5066.9s
[TRAIN][PPO] ep=273/500 r=  599.59 avg10=  603.40 steps=1425 succ10=1.00 touch10=1.00 col10=0.00 to10=0.00 min_d= 0.30 avg_spd=2.07m/s end=goal t= 5084.9s
[TRAIN][PPO] ep=274/500 r=  598.45 avg10=  602.20 steps=1415 succ10=1.00 touch10=1.00 col10=0.00 to10=0.00 min_d= 0.30 avg_spd=2.08m/s end=goal t= 5103.1s
[TRAIN][PPO] ep=275/500 r=  595.58 avg10=  602.67 steps=1573 succ10=1.00 touch10=1.00 col10=0.00 to10=0.00 min_d= 0.30 avg_spd=2.06m/s end=goal t= 5123.3s
[TRAIN][PPO] ep=276/500 r=  599.76 avg10=  602.33 steps=1423 succ10=1.00 touch10=1.00 col10=0.00 to10=0.00 min_d= 0.30 avg_spd=2.07m/s end=goal t= 5143.0s
[TRAIN][PPO] ep=277/500 r=  582.03 avg10=  599.93 steps=1563 succ10=1.00 touch10=1.00 col10=0.00 to10=0.00 min_d= 0.30 avg_spd=2.05m/s end=goal t= 5163.3s
[TRAIN][PPO] ep=278/500 r=  610.11 avg10=  600.37 steps=1466 succ10=1.00 touch10=1.00 col10=0.00 to10=0.00 min_d= 0.30 avg_spd=2.05m/s end=goal t= 5182.4s
[TRAIN][PPO] ep=279/500 r=  596.60 avg10=  599.90 steps=1432 succ10=1.00 touch10=1.00 col10=0.00 to10=0.00 min_d= 0.30 avg_spd=2.09m/s end=goal t= 5200.8s
[TRAIN][PPO] ep=280/500 r=  618.78 avg10=  601.40 steps=1537 succ10=1.00 touch10=1.00 col10=0.00 to10=0.00 min_d= 0.30 avg_spd=2.02m/s end=goal t= 5222.5s
[TRAIN][PPO] ep=281/500 r=  597.83 avg10=  600.41 steps=1411 succ10=1.00 touch10=1.00 col10=0.00 to10=0.00 min_d= 0.30 avg_spd=2.07m/s end=goal t= 5240.2s
[TRAIN][PPO] ep=282/500 r=  600.45 avg10=  599.92 steps=1429 succ10=1.00 touch10=1.00 col10=0.00 to10=0.00 min_d= 0.30 avg_spd=2.07m/s end=goal t= 5259.1s
[TRAIN][PPO] ep=283/500 r=  601.64 avg10=  600.12 steps=1432 succ10=1.00 touch10=1.00 col10=0.00 to10=0.00 min_d= 0.30 avg_spd=2.09m/s end=goal t= 5277.9s
[TRAIN][PPO] ep=284/500 r=  601.38 avg10=  600.42 steps=1440 succ10=1.00 touch10=1.00 col10=0.00 to10=0.00 min_d= 0.30 avg_spd=2.07m/s end=goal t= 5298.1s
[TRAIN][PPO] ep=285/500 r=  594.58 avg10=  600.32 steps=1411 succ10=1.00 touch10=1.00 col10=0.00 to10=0.00 min_d= 0.30 avg_spd=2.07m/s end=goal t= 5316.2s
[TRAIN][PPO] ep=286/500 r=  605.13 avg10=  600.85 steps=1447 succ10=1.00 touch10=1.00 col10=0.00 to10=0.00 min_d= 0.30 avg_spd=2.09m/s end=goal t= 5335.2s
[TRAIN][PPO] ep=287/500 r=  605.50 avg10=  603.20 steps=1450 succ10=1.00 touch10=1.00 col10=0.00 to10=0.00 min_d= 0.30 avg_spd=2.07m/s end=goal t= 5353.6s
[TRAIN][PPO] ep=288/500 r=  594.04 avg10=  601.59 steps=1401 succ10=1.00 touch10=1.00 col10=0.00 to10=0.00 min_d= 0.30 avg_spd=2.08m/s end=goal t= 5373.9s
[TRAIN][PPO] ep=289/500 r=  595.96 avg10=  601.53 steps=1434 succ10=1.00 touch10=1.00 col10=0.00 to10=0.00 min_d= 0.30 avg_spd=2.06m/s end=goal t= 5392.0s
[TRAIN][PPO] ep=290/500 r=  612.96 avg10=  600.95 steps=1471 succ10=1.00 touch10=1.00 col10=0.00 to10=0.00 min_d= 0.30 avg_spd=2.07m/s end=goal t= 5411.4s
[TRAIN][PPO] ep=291/500 r=  591.62 avg10=  600.33 steps=1572 succ10=1.00 touch10=1.00 col10=0.00 to10=0.00 min_d= 0.30 avg_spd=2.08m/s end=goal t= 5431.7s
[TRAIN][PPO] ep=292/500 r=  601.10 avg10=  600.39 steps=1432 succ10=1.00 touch10=1.00 col10=0.00 to10=0.00 min_d= 0.30 avg_spd=2.10m/s end=goal t= 5452.2s
[TRAIN][PPO] ep=293/500 r=  601.47 avg10=  600.37 steps=1436 succ10=1.00 touch10=1.00 col10=0.00 to10=0.00 min_d= 0.30 avg_spd=2.06m/s end=goal t= 5470.5s
[TRAIN][PPO] ep=294/500 r=  587.39 avg10=  598.98 steps=1405 succ10=1.00 touch10=1.00 col10=0.00 to10=0.00 min_d= 0.30 avg_spd=2.11m/s end=goal t= 5488.6s
[TRAIN][PPO] ep=295/500 r=  589.69 avg10=  598.49 steps=1591 succ10=1.00 touch10=1.00 col10=0.00 to10=0.00 min_d= 0.30 avg_spd=2.05m/s end=goal t= 5509.6s
[TRAIN][PPO] ep=296/500 r=   61.26 avg10=  544.10 steps= 338 succ10=0.90 touch10=0.90 col10=0.10 to10=0.00 min_d= 3.12 avg_spd=2.00m/s end=collision t= 5515.7s
[TRAIN][PPO] ep=297/500 r=  595.92 avg10=  543.14 steps=1429 succ10=0.90 touch10=0.90 col10=0.10 to10=0.00 min_d= 0.30 avg_spd=2.10m/s end=goal t= 5534.5s
[TRAIN][PPO] ep=298/500 r=  589.54 avg10=  542.69 steps=1403 succ10=0.90 touch10=0.90 col10=0.10 to10=0.00 min_d= 0.30 avg_spd=2.08m/s end=goal t= 5552.8s
[TRAIN][PPO] ep=299/500 r=  600.32 avg10=  543.13 steps=1422 succ10=0.90 touch10=0.90 col10=0.10 to10=0.00 min_d= 0.30 avg_spd=2.09m/s end=goal t= 5571.1s
[TRAIN][PPO] ep=300/500 r=  585.81 avg10=  540.41 steps=1589 succ10=0.90 touch10=0.90 col10=0.10 to10=0.00 min_d= 0.30 avg_spd=2.08m/s end=goal t= 5593.6s ckpt=latest
[TRAIN][PPO] ep=301/500 r=  589.74 avg10=  540.22 steps=1408 succ10=0.90 touch10=0.90 col10=0.10 to10=0.00 min_d= 0.30 avg_spd=2.08m/s end=goal t= 5612.2s
[TRAIN][PPO] ep=302/500 r=  594.67 avg10=  539.58 steps=1419 succ10=0.90 touch10=0.90 col10=0.10 to10=0.00 min_d= 0.30 avg_spd=2.07m/s end=goal t= 5630.7s
[TRAIN][PPO] ep=303/500 r=  609.72 avg10=  540.41 steps=1477 succ10=0.90 touch10=0.90 col10=0.10 to10=0.00 min_d= 0.30 avg_spd=2.08m/s end=goal t= 5649.8s
[TRAIN][PPO] ep=304/500 r=  591.87 avg10=  540.85 steps=1413 succ10=0.90 touch10=0.90 col10=0.10 to10=0.00 min_d= 0.30 avg_spd=2.10m/s end=goal t= 5670.6s
[TRAIN][PPO] ep=305/500 r=  597.79 avg10=  541.66 steps=1428 succ10=0.90 touch10=0.90 col10=0.10 to10=0.00 min_d= 0.30 avg_spd=2.09m/s end=goal t= 5689.1s
[TRAIN][PPO] ep=306/500 r=  -32.01 avg10=  532.34 steps=  74 succ10=0.90 touch10=0.90 col10=0.10 to10=0.00 min_d= 3.83 avg_spd=1.73m/s end=collision t= 5690.1s
[TRAIN][PPO] ep=307/500 r=  597.74 avg10=  532.52 steps=1441 succ10=0.90 touch10=0.90 col10=0.10 to10=0.00 min_d= 0.30 avg_spd=2.09m/s end=goal t= 5709.2s
[TRAIN][PPO] ep=308/500 r=  600.07 avg10=  533.57 steps=1433 succ10=0.90 touch10=0.90 col10=0.10 to10=0.00 min_d= 0.30 avg_spd=2.08m/s end=goal t= 5729.9s
[TRAIN][PPO] ep=309/500 r=  589.69 avg10=  532.51 steps=1413 succ10=0.90 touch10=0.90 col10=0.10 to10=0.00 min_d= 0.30 avg_spd=2.11m/s end=goal t= 5748.3s
[TRAIN][PPO] ep=310/500 r=  292.05 avg10=  503.13 steps=1133 succ10=0.80 touch10=0.80 col10=0.20 to10=0.00 min_d= 1.43 avg_spd=2.07m/s end=collision t= 5762.9s
[TRAIN][PPO] ep=311/500 r=  602.30 avg10=  504.39 steps=1454 succ10=0.80 touch10=0.80 col10=0.20 to10=0.00 min_d= 0.30 avg_spd=2.08m/s end=goal t= 5781.4s
[TRAIN][PPO] ep=312/500 r=  603.05 avg10=  505.23 steps=1442 succ10=0.80 touch10=0.80 col10=0.20 to10=0.00 min_d= 0.30 avg_spd=2.10m/s end=goal t= 5802.6s
[TRAIN][PPO] ep=313/500 r=  581.92 avg10=  502.45 steps=1546 succ10=0.80 touch10=0.80 col10=0.20 to10=0.00 min_d= 0.30 avg_spd=2.06m/s end=goal t= 5822.9s
[TRAIN][PPO] ep=314/500 r=  604.78 avg10=  503.74 steps=1438 succ10=0.80 touch10=0.80 col10=0.20 to10=0.00 min_d= 0.30 avg_spd=2.08m/s end=goal t= 5841.7s
[TRAIN][PPO] ep=315/500 r=  598.17 avg10=  503.77 steps=1432 succ10=0.80 touch10=0.80 col10=0.20 to10=0.00 min_d= 0.30 avg_spd=2.06m/s end=goal t= 5860.2s
[TRAIN][PPO] ep=316/500 r=  174.79 avg10=  524.45 steps= 679 succ10=0.80 touch10=0.80 col10=0.20 to10=0.00 min_d= 2.33 avg_spd=2.07m/s end=collision t= 5870.2s
[TRAIN][PPO] ep=317/500 r=  583.27 avg10=  523.01 steps=1544 succ10=0.80 touch10=0.80 col10=0.20 to10=0.00 min_d= 0.30 avg_spd=2.06m/s end=goal t= 5890.2s
[TRAIN][PPO] ep=318/500 r=  610.71 avg10=  524.07 steps=1451 succ10=0.80 touch10=0.80 col10=0.20 to10=0.00 min_d= 0.30 avg_spd=2.08m/s end=goal t= 5907.8s
[TRAIN][PPO] ep=319/500 r=  595.51 avg10=  524.65 steps=1414 succ10=0.80 touch10=0.80 col10=0.20 to10=0.00 min_d= 0.30 avg_spd=2.11m/s end=goal t= 5926.0s
[TRAIN][PPO] ep=320/500 r=  586.26 avg10=  554.08 steps=1373 succ10=0.90 touch10=0.90 col10=0.10 to10=0.00 min_d= 0.30 avg_spd=2.11m/s end=goal t= 5946.8s
[TRAIN][PPO] ep=321/500 r=  578.66 avg10=  551.71 steps=1534 succ10=0.90 touch10=0.90 col10=0.10 to10=0.00 min_d= 0.30 avg_spd=2.05m/s end=goal t= 5966.1s
[TRAIN][PPO] ep=322/500 r=  595.75 avg10=  550.98 steps=1449 succ10=0.90 touch10=0.90 col10=0.10 to10=0.00 min_d= 0.30 avg_spd=2.09m/s end=goal t= 5984.3s
[TRAIN][PPO] ep=323/500 r=  599.84 avg10=  552.77 steps=1425 succ10=0.90 touch10=0.90 col10=0.10 to10=0.00 min_d= 0.30 avg_spd=2.09m/s end=goal t= 6002.6s
[TRAIN][PPO] ep=324/500 r=  602.60 avg10=  552.56 steps=1433 succ10=0.90 touch10=0.90 col10=0.10 to10=0.00 min_d= 0.30 avg_spd=2.08m/s end=goal t= 6023.8s
[TRAIN][PPO] ep=325/500 r=  602.64 avg10=  553.00 steps=1428 succ10=0.90 touch10=0.90 col10=0.10 to10=0.00 min_d= 0.30 avg_spd=2.09m/s end=goal t= 6042.3s
[TRAIN][PPO] ep=326/500 r=  609.68 avg10=  596.49 steps=1452 succ10=1.00 touch10=1.00 col10=0.00 to10=0.00 min_d= 0.30 avg_spd=2.07m/s end=goal t= 6061.0s
[TRAIN][PPO] ep=327/500 r=  610.17 avg10=  599.18 steps=1458 succ10=1.00 touch10=1.00 col10=0.00 to10=0.00 min_d= 0.30 avg_spd=2.08m/s end=goal t= 6079.6s
[TRAIN][PPO] ep=328/500 r=  596.26 avg10=  597.74 steps=1405 succ10=1.00 touch10=1.00 col10=0.00 to10=0.00 min_d= 0.30 avg_spd=2.11m/s end=goal t= 6100.3s
[TRAIN][PPO] ep=329/500 r=  607.79 avg10=  598.97 steps=1450 succ10=1.00 touch10=1.00 col10=0.00 to10=0.00 min_d= 0.30 avg_spd=2.09m/s end=goal t= 6119.1s
[TRAIN][PPO] ep=330/500 r=  595.48 avg10=  599.89 steps=1412 succ10=1.00 touch10=1.00 col10=0.00 to10=0.00 min_d= 0.30 avg_spd=2.08m/s end=goal t= 6137.6s
[TRAIN][PPO] ep=331/500 r=  600.18 avg10=  602.04 steps=1427 succ10=1.00 touch10=1.00 col10=0.00 to10=0.00 min_d= 0.30 avg_spd=2.10m/s end=goal t= 6155.6s
[TRAIN][PPO] ep=332/500 r=  606.00 avg10=  603.06 steps=1430 succ10=1.00 touch10=1.00 col10=0.00 to10=0.00 min_d= 0.30 avg_spd=2.08m/s end=goal t= 6176.8s
[TRAIN][PPO] ep=333/500 r=   75.22 avg10=  550.60 steps= 404 succ10=0.90 touch10=0.90 col10=0.10 to10=0.00 min_d= 2.98 avg_spd=2.00m/s end=collision t= 6182.1s
[TRAIN][PPO] ep=334/500 r=  592.38 avg10=  549.58 steps=1392 succ10=0.90 touch10=0.90 col10=0.10 to10=0.00 min_d= 0.30 avg_spd=2.10m/s end=goal t= 6200.2s
[TRAIN][PPO] ep=335/500 r=  606.74 avg10=  549.99 steps=1440 succ10=0.90 touch10=0.90 col10=0.10 to10=0.00 min_d= 0.30 avg_spd=2.08m/s end=goal t= 6218.4s
[TRAIN][PPO] ep=336/500 r=  612.82 avg10=  550.30 steps=1453 succ10=0.90 touch10=0.90 col10=0.10 to10=0.00 min_d= 0.30 avg_spd=2.07m/s end=goal t= 6238.6s
[TRAIN][PPO] ep=337/500 r=  601.31 avg10=  549.42 steps=1414 succ10=0.90 touch10=0.90 col10=0.10 to10=0.00 min_d= 0.30 avg_spd=2.09m/s end=goal t= 6255.8s
[TRAIN][PPO] ep=338/500 r=  604.26 avg10=  550.22 steps=1561 succ10=0.90 touch10=0.90 col10=0.10 to10=0.00 min_d= 0.30 avg_spd=2.07m/s end=goal t= 6275.2s
[TRAIN][PPO] ep=339/500 r=  600.52 avg10=  549.49 steps=1485 succ10=0.90 touch10=0.90 col10=0.10 to10=0.00 min_d= 0.30 avg_spd=2.07m/s end=goal t= 6294.1s
[TRAIN][PPO] ep=340/500 r=  597.63 avg10=  549.71 steps=1412 succ10=0.90 touch10=0.90 col10=0.10 to10=0.00 min_d= 0.30 avg_spd=2.10m/s end=goal t= 6314.7s
[TRAIN][PPO] ep=341/500 r=  579.16 avg10=  547.60 steps=1548 succ10=0.90 touch10=0.90 col10=0.10 to10=0.00 min_d= 0.30 avg_spd=2.07m/s end=goal t= 6333.8s
[TRAIN][PPO] ep=342/500 r=   51.80 avg10=  492.18 steps= 305 succ10=0.80 touch10=0.80 col10=0.20 to10=0.00 min_d= 3.12 avg_spd=2.08m/s end=collision t= 6337.7s
[TRAIN][PPO] ep=343/500 r=  -43.10 avg10=  480.35 steps=  26 succ10=0.80 touch10=0.80 col10=0.20 to10=0.00 min_d= 3.84 avg_spd=1.60m/s end=collision t= 6338.1s
[TRAIN][PPO] ep=344/500 r=  606.99 avg10=  481.81 steps=1446 succ10=0.80 touch10=0.80 col10=0.20 to10=0.00 min_d= 0.30 avg_spd=2.09m/s end=goal t= 6357.8s
[TRAIN][PPO] ep=345/500 r=  603.48 avg10=  481.49 steps=1608 succ10=0.80 touch10=0.80 col10=0.20 to10=0.00 min_d= 0.30 avg_spd=2.05m/s end=goal t= 6378.3s
[TRAIN][PPO] ep=346/500 r=  576.61 avg10=  477.87 steps=1591 succ10=0.80 touch10=0.80 col10=0.20 to10=0.00 min_d= 0.30 avg_spd=2.05m/s end=goal t= 6398.7s
[TRAIN][PPO] ep=347/500 r=   59.66 avg10=  423.70 steps= 338 succ10=0.70 touch10=0.70 col10=0.30 to10=0.00 min_d= 3.10 avg_spd=2.09m/s end=collision t= 6402.9s
[TRAIN][PPO] ep=348/500 r=  594.05 avg10=  422.68 steps=1413 succ10=0.70 touch10=0.70 col10=0.30 to10=0.00 min_d= 0.30 avg_spd=2.06m/s end=goal t= 6422.4s
[TRAIN][PPO] ep=349/500 r=  604.10 avg10=  423.04 steps=1423 succ10=0.70 touch10=0.70 col10=0.30 to10=0.00 min_d= 0.30 avg_spd=2.09m/s end=goal t= 6440.5s
[TRAIN][PPO] ep=350/500 r=  606.45 avg10=  423.92 steps=1434 succ10=0.70 touch10=0.70 col10=0.30 to10=0.00 min_d= 0.30 avg_spd=2.08m/s end=goal t= 6458.6s
[TRAIN][PPO] ep=351/500 r=  614.40 avg10=  427.44 steps=1460 succ10=0.70 touch10=0.70 col10=0.30 to10=0.00 min_d= 0.30 avg_spd=2.06m/s end=goal t= 6476.6s
[TRAIN][PPO] ep=352/500 r=  598.60 avg10=  482.12 steps=1421 succ10=0.80 touch10=0.80 col10=0.20 to10=0.00 min_d= 0.30 avg_spd=2.08m/s end=goal t= 6496.2s
[TRAIN][PPO] ep=353/500 r=  581.23 avg10=  544.56 steps=1579 succ10=0.90 touch10=0.90 col10=0.10 to10=0.00 min_d= 0.30 avg_spd=2.06m/s end=goal t= 6516.1s
[TRAIN][PPO] ep=354/500 r=  608.24 avg10=  544.68 steps=1443 succ10=0.90 touch10=0.90 col10=0.10 to10=0.00 min_d= 0.30 avg_spd=2.08m/s end=goal t= 6533.9s
[TRAIN][PPO] ep=355/500 r=  605.96 avg10=  544.93 steps=1498 succ10=0.90 touch10=0.90 col10=0.10 to10=0.00 min_d= 0.30 avg_spd=2.04m/s end=goal t= 6552.9s
[TRAIN][PPO] ep=356/500 r=  574.54 avg10=  544.72 steps=1545 succ10=0.90 touch10=0.90 col10=0.10 to10=0.00 min_d= 0.30 avg_spd=2.07m/s end=goal t= 6573.9s
[TRAIN][PPO] ep=357/500 r=  589.75 avg10=  597.73 steps=1396 succ10=1.00 touch10=1.00 col10=0.00 to10=0.00 min_d= 0.30 avg_spd=2.09m/s end=goal t= 6591.0s
[TRAIN][PPO] ep=358/500 r=  589.77 avg10=  597.30 steps=1390 succ10=1.00 touch10=1.00 col10=0.00 to10=0.00 min_d= 0.30 avg_spd=2.09m/s end=goal t= 6608.3s
[TRAIN][PPO] ep=359/500 r=  172.53 avg10=  554.15 steps= 671 succ10=0.90 touch10=0.90 col10=0.10 to10=0.00 min_d= 2.29 avg_spd=2.05m/s end=collision t= 6616.8s
[TRAIN][PPO] ep=360/500 r=  600.71 avg10=  553.57 steps=1418 succ10=0.90 touch10=0.90 col10=0.10 to10=0.00 min_d= 0.30 avg_spd=2.10m/s end=goal t= 6636.9s
[TRAIN][PPO] ep=361/500 r=  606.87 avg10=  552.82 steps=1495 succ10=0.90 touch10=0.90 col10=0.10 to10=0.00 min_d= 0.30 avg_spd=2.07m/s end=goal t= 6656.3s
[TRAIN][PPO] ep=362/500 r=  600.73 avg10=  553.03 steps=1566 succ10=0.90 touch10=0.90 col10=0.10 to10=0.00 min_d= 0.30 avg_spd=2.06m/s end=goal t= 6676.2s
[TRAIN][PPO] ep=363/500 r=  596.39 avg10=  554.55 steps=1419 succ10=0.90 touch10=0.90 col10=0.10 to10=0.00 min_d= 0.30 avg_spd=2.07m/s end=goal t= 6694.3s
[TRAIN][PPO] ep=364/500 r=  599.88 avg10=  553.71 steps=1433 succ10=0.90 touch10=0.90 col10=0.10 to10=0.00 min_d= 0.30 avg_spd=2.09m/s end=goal t= 6715.1s
[TRAIN][PPO] ep=365/500 r=  161.38 avg10=  509.26 steps= 640 succ10=0.80 touch10=0.80 col10=0.20 to10=0.00 min_d= 2.34 avg_spd=2.06m/s end=collision t= 6723.3s
[TRAIN][PPO] ep=366/500 r=  592.61 avg10=  511.06 steps=1399 succ10=0.80 touch10=0.80 col10=0.20 to10=0.00 min_d= 0.30 avg_spd=2.08m/s end=goal t= 6741.2s
[TRAIN][PPO] ep=367/500 r=  -38.46 avg10=  448.24 steps=  38 succ10=0.70 touch10=0.70 col10=0.30 to10=0.00 min_d= 3.84 avg_spd=1.85m/s end=collision t= 6741.8s
[TRAIN][PPO] ep=368/500 r=  590.31 avg10=  448.30 steps=1395 succ10=0.70 touch10=0.70 col10=0.30 to10=0.00 min_d= 0.30 avg_spd=2.09m/s end=goal t= 6761.2s
[TRAIN][PPO] ep=369/500 r=  593.71 avg10=  490.41 steps=1423 succ10=0.80 touch10=0.80 col10=0.20 to10=0.00 min_d= 0.30 avg_spd=2.09m/s end=goal t= 6779.6s
[TRAIN][PPO] ep=370/500 r=  599.80 avg10=  490.32 steps=1431 succ10=0.80 touch10=0.80 col10=0.20 to10=0.00 min_d= 0.30 avg_spd=2.09m/s end=goal t= 6798.0s
[TRAIN][PPO] ep=371/500 r=  607.16 avg10=  490.35 steps=1441 succ10=0.80 touch10=0.80 col10=0.20 to10=0.00 min_d= 0.30 avg_spd=2.07m/s end=goal t= 6817.1s
[TRAIN][PPO] ep=372/500 r=  612.94 avg10=  491.57 steps=1467 succ10=0.80 touch10=0.80 col10=0.20 to10=0.00 min_d= 0.30 avg_spd=2.07m/s end=goal t= 6837.8s
[TRAIN][PPO] ep=373/500 r=  604.63 avg10=  492.40 steps=1582 succ10=0.80 touch10=0.80 col10=0.20 to10=0.00 min_d= 0.30 avg_spd=2.08m/s end=goal t= 6857.5s
[TRAIN][PPO] ep=374/500 r=  590.26 avg10=  491.43 steps=1392 succ10=0.80 touch10=0.80 col10=0.20 to10=0.00 min_d= 0.30 avg_spd=2.09m/s end=goal t= 6874.4s
[TRAIN][PPO] ep=375/500 r=  590.34 avg10=  534.33 steps=1402 succ10=0.90 touch10=0.90 col10=0.10 to10=0.00 min_d= 0.30 avg_spd=2.08m/s end=goal t= 6890.8s
[TRAIN][PPO] ep=376/500 r=  603.27 avg10=  535.40 steps=1425 succ10=0.90 touch10=0.90 col10=0.10 to10=0.00 min_d= 0.30 avg_spd=2.07m/s end=goal t= 6909.7s
[TRAIN][PPO] ep=377/500 r=  164.99 avg10=  555.74 steps= 649 succ10=0.90 touch10=0.90 col10=0.10 to10=0.00 min_d= 2.33 avg_spd=2.08m/s end=collision t= 6917.7s
[TRAIN][PPO] ep=378/500 r=  598.61 avg10=  556.57 steps=1430 succ10=0.90 touch10=0.90 col10=0.10 to10=0.00 min_d= 0.30 avg_spd=2.06m/s end=goal t= 6934.7s
[TRAIN][PPO] ep=379/500 r=  593.72 avg10=  556.57 steps=1400 succ10=0.90 touch10=0.90 col10=0.10 to10=0.00 min_d= 0.30 avg_spd=2.09m/s end=goal t= 6951.5s
[TRAIN][PPO] ep=380/500 r=  607.20 avg10=  557.31 steps=1441 succ10=0.90 touch10=0.90 col10=0.10 to10=0.00 min_d= 0.30 avg_spd=2.09m/s end=goal t= 6970.9s
[TRAIN][PPO] ep=381/500 r=   58.36 avg10=  502.43 steps= 324 succ10=0.80 touch10=0.80 col10=0.20 to10=0.00 min_d= 3.10 avg_spd=2.07m/s end=collision t= 6974.7s
[TRAIN][PPO] ep=382/500 r=  594.25 avg10=  500.56 steps=1396 succ10=0.80 touch10=0.80 col10=0.20 to10=0.00 min_d= 0.30 avg_spd=2.09m/s end=goal t= 6990.7s
[TRAIN][PPO] ep=383/500 r=  611.17 avg10=  501.22 steps=1457 succ10=0.80 touch10=0.80 col10=0.20 to10=0.00 min_d= 0.30 avg_spd=2.07m/s end=goal t= 7008.2s
[TRAIN][PPO] ep=384/500 r=  -41.09 avg10=  438.08 steps=  38 succ10=0.70 touch10=0.70 col10=0.30 to10=0.00 min_d= 3.83 avg_spd=1.73m/s end=collision t= 7010.0s
[TRAIN][PPO] ep=385/500 r=  600.13 avg10=  439.06 steps=1425 succ10=0.70 touch10=0.70 col10=0.30 to10=0.00 min_d= 0.30 avg_spd=2.09m/s end=goal t= 7026.3s
[TRAIN][PPO] ep=386/500 r=  598.06 avg10=  438.54 steps=1407 succ10=0.70 touch10=0.70 col10=0.30 to10=0.00 min_d= 0.30 avg_spd=2.09m/s end=goal t= 7042.5s
[TRAIN][PPO] ep=387/500 r=  613.96 avg10=  483.44 steps=1463 succ10=0.80 touch10=0.80 col10=0.20 to10=0.00 min_d= 0.30 avg_spd=2.06m/s end=goal t= 7059.7s
[TRAIN][PPO] ep=388/500 r=  605.72 avg10=  484.15 steps=1429 succ10=0.80 touch10=0.80 col10=0.20 to10=0.00 min_d= 0.30 avg_spd=2.09m/s end=goal t= 7078.2s
[TRAIN][PPO] ep=389/500 r=  587.94 avg10=  483.57 steps=1593 succ10=0.80 touch10=0.80 col10=0.20 to10=0.00 min_d= 0.30 avg_spd=2.03m/s end=goal t= 7096.4s
[TRAIN][PPO] ep=390/500 r=  607.12 avg10=  483.56 steps=1502 succ10=0.80 touch10=0.80 col10=0.20 to10=0.00 min_d= 0.30 avg_spd=2.06m/s end=goal t= 7114.8s
[TRAIN][PPO] ep=391/500 r=  607.67 avg10=  538.49 steps=1458 succ10=0.90 touch10=0.90 col10=0.10 to10=0.00 min_d= 0.30 avg_spd=2.09m/s end=goal t= 7132.8s
[TRAIN][PPO] ep=392/500 r=  171.07 avg10=  496.17 steps= 666 succ10=0.80 touch10=0.80 col10=0.20 to10=0.00 min_d= 2.32 avg_spd=2.06m/s end=collision t= 7142.9s
[TRAIN][PPO] ep=393/500 r=  594.24 avg10=  494.48 steps=1403 succ10=0.80 touch10=0.80 col10=0.20 to10=0.00 min_d= 0.30 avg_spd=2.08m/s end=goal t= 7159.9s
[TRAIN][PPO] ep=394/500 r=  604.49 avg10=  559.04 steps=1513 succ10=0.90 touch10=0.90 col10=0.10 to10=0.00 min_d= 0.30 avg_spd=2.06m/s end=goal t= 7177.8s
[TRAIN][PPO] ep=395/500 r=  604.56 avg10=  559.48 steps=1437 succ10=0.90 touch10=0.90 col10=0.10 to10=0.00 min_d= 0.30 avg_spd=2.08m/s end=goal t= 7195.0s
[TRAIN][PPO] ep=396/500 r=  604.02 avg10=  560.08 steps=1436 succ10=0.90 touch10=0.90 col10=0.10 to10=0.00 min_d= 0.30 avg_spd=2.08m/s end=goal t= 7214.2s
[TRAIN][PPO] ep=397/500 r=  610.09 avg10=  559.69 steps=1454 succ10=0.90 touch10=0.90 col10=0.10 to10=0.00 min_d= 0.30 avg_spd=2.08m/s end=goal t= 7231.5s
[TRAIN][PPO] ep=398/500 r=   53.67 avg10=  504.49 steps= 307 succ10=0.80 touch10=0.80 col10=0.20 to10=0.00 min_d= 3.12 avg_spd=2.07m/s end=collision t= 7235.4s
[TRAIN][PPO] ep=399/500 r=  603.85 avg10=  506.08 steps=1434 succ10=0.80 touch10=0.80 col10=0.20 to10=0.00 min_d= 0.30 avg_spd=2.10m/s end=goal t= 7252.8s
[TRAIN][PPO] ep=400/500 r=  598.06 avg10=  505.17 steps=1421 succ10=0.80 touch10=0.80 col10=0.20 to10=0.00 min_d= 0.30 avg_spd=2.07m/s end=goal t= 7271.9s ckpt=latest
[TRAIN][PPO] ep=401/500 r=  600.95 avg10=  504.50 steps=1441 succ10=0.80 touch10=0.80 col10=0.20 to10=0.00 min_d= 0.30 avg_spd=2.06m/s end=goal t= 7289.6s
[TRAIN][PPO] ep=402/500 r=  600.41 avg10=  547.43 steps=1414 succ10=0.90 touch10=0.90 col10=0.10 to10=0.00 min_d= 0.30 avg_spd=2.11m/s end=goal t= 7307.1s
[TRAIN][PPO] ep=403/500 r=  -41.38 avg10=  483.87 steps=  33 succ10=0.80 touch10=0.80 col10=0.20 to10=0.00 min_d= 3.81 avg_spd=1.88m/s end=collision t= 7307.6s
[TRAIN][PPO] ep=404/500 r=  595.36 avg10=  482.96 steps=1563 succ10=0.80 touch10=0.80 col10=0.20 to10=0.00 min_d= 0.30 avg_spd=2.07m/s end=goal t= 7328.4s
[TRAIN][PPO] ep=405/500 r=  599.87 avg10=  482.49 steps=1435 succ10=0.80 touch10=0.80 col10=0.20 to10=0.00 min_d= 0.30 avg_spd=2.07m/s end=goal t= 7345.9s
[TRAIN][PPO] ep=406/500 r=  594.77 avg10=  481.56 steps=1419 succ10=0.80 touch10=0.80 col10=0.20 to10=0.00 min_d= 0.30 avg_spd=2.07m/s end=goal t= 7363.3s
[TRAIN][PPO] ep=407/500 r=  601.37 avg10=  480.69 steps=1427 succ10=0.80 touch10=0.80 col10=0.20 to10=0.00 min_d= 0.30 avg_spd=2.08m/s end=goal t= 7380.8s
[TRAIN][PPO] ep=408/500 r=  604.61 avg10=  535.79 steps=1488 succ10=0.90 touch10=0.90 col10=0.10 to10=0.00 min_d= 0.30 avg_spd=2.05m/s end=goal t= 7401.7s
[TRAIN][PPO] ep=409/500 r=  590.60 avg10=  534.46 steps=1393 succ10=0.90 touch10=0.90 col10=0.10 to10=0.00 min_d= 0.30 avg_spd=2.09m/s end=goal t= 7417.7s
[TRAIN][PPO] ep=410/500 r=  610.98 avg10=  535.75 steps=1453 succ10=0.90 touch10=0.90 col10=0.10 to10=0.00 min_d= 0.30 avg_spd=2.07m/s end=goal t= 7435.9s
[TRAIN][PPO] ep=411/500 r=  -43.03 avg10=  471.36 steps=  29 succ10=0.80 touch10=0.80 col10=0.20 to10=0.00 min_d= 3.84 avg_spd=1.68m/s end=collision t= 7436.3s
[TRAIN][PPO] ep=412/500 r=  596.20 avg10=  470.94 steps=1419 succ10=0.80 touch10=0.80 col10=0.20 to10=0.00 min_d= 0.30 avg_spd=2.07m/s end=goal t= 7455.3s
[TRAIN][PPO] ep=413/500 r=  610.98 avg10=  536.17 steps=1592 succ10=0.90 touch10=0.90 col10=0.10 to10=0.00 min_d= 0.30 avg_spd=2.05m/s end=goal t= 7475.0s
[TRAIN][PPO] ep=414/500 r=  610.00 avg10=  537.64 steps=1457 succ10=0.90 touch10=0.90 col10=0.10 to10=0.00 min_d= 0.30 avg_spd=2.07m/s end=goal t= 7493.2s
[TRAIN][PPO] ep=415/500 r=  598.45 avg10=  537.49 steps=1418 succ10=0.90 touch10=0.90 col10=0.10 to10=0.00 min_d= 0.30 avg_spd=2.07m/s end=goal t= 7510.9s
[TRAIN][PPO] ep=416/500 r=  603.41 avg10=  538.36 steps=1431 succ10=0.90 touch10=0.90 col10=0.10 to10=0.00 min_d= 0.30 avg_spd=2.08m/s end=goal t= 7530.5s
[TRAIN][PPO] ep=417/500 r=  596.05 avg10=  537.82 steps=1415 succ10=0.90 touch10=0.90 col10=0.10 to10=0.00 min_d= 0.30 avg_spd=2.07m/s end=goal t= 7547.9s
[TRAIN][PPO] ep=418/500 r=  613.16 avg10=  538.68 steps=1461 succ10=0.90 touch10=0.90 col10=0.10 to10=0.00 min_d= 0.30 avg_spd=2.06m/s end=goal t= 7565.8s
[TRAIN][PPO] ep=419/500 r=   82.02 avg10=  487.82 steps= 415 succ10=0.80 touch10=0.80 col10=0.20 to10=0.00 min_d= 3.03 avg_spd=1.97m/s end=collision t= 7570.8s
[TRAIN][PPO] ep=420/500 r=  609.28 avg10=  487.65 steps=1462 succ10=0.80 touch10=0.80 col10=0.20 to10=0.00 min_d= 0.30 avg_spd=2.08m/s end=goal t= 7590.0s
[TRAIN][PPO] ep=421/500 r=  598.09 avg10=  551.76 steps=1422 succ10=0.90 touch10=0.90 col10=0.10 to10=0.00 min_d= 0.30 avg_spd=2.08m/s end=goal t= 7607.1s
[TRAIN][PPO] ep=422/500 r=  586.98 avg10=  550.84 steps=1560 succ10=0.90 touch10=0.90 col10=0.10 to10=0.00 min_d= 0.30 avg_spd=2.06m/s end=goal t= 7626.1s
[TRAIN][PPO] ep=423/500 r=  589.36 avg10=  548.68 steps=1403 succ10=0.90 touch10=0.90 col10=0.10 to10=0.00 min_d= 0.30 avg_spd=2.09m/s end=goal t= 7643.0s
[TRAIN][PPO] ep=424/500 r=  605.66 avg10=  548.25 steps=1437 succ10=0.90 touch10=0.90 col10=0.10 to10=0.00 min_d= 0.30 avg_spd=2.08m/s end=goal t= 7661.9s
[TRAIN][PPO] ep=425/500 r=  608.47 avg10=  549.25 steps=1456 succ10=0.90 touch10=0.90 col10=0.10 to10=0.00 min_d= 0.30 avg_spd=2.06m/s end=goal t= 7679.5s
[TRAIN][PPO] ep=426/500 r=  607.70 avg10=  549.68 steps=1442 succ10=0.90 touch10=0.90 col10=0.10 to10=0.00 min_d= 0.30 avg_spd=2.09m/s end=goal t= 7697.0s
[TRAIN][PPO] ep=427/500 r=  586.13 avg10=  548.69 steps=1585 succ10=0.90 touch10=0.90 col10=0.10 to10=0.00 min_d= 0.30 avg_spd=2.07m/s end=goal t= 7715.5s
[TRAIN][PPO] ep=428/500 r=  606.27 avg10=  548.00 steps=1452 succ10=0.90 touch10=0.90 col10=0.10 to10=0.00 min_d= 0.30 avg_spd=2.04m/s end=goal t= 7734.6s
[TRAIN][PPO] ep=429/500 r=  607.06 avg10=  600.50 steps=1450 succ10=1.00 touch10=1.00 col10=0.00 to10=0.00 min_d= 0.30 avg_spd=2.08m/s end=goal t= 7752.6s
[TRAIN][PPO] ep=430/500 r=  589.65 avg10=  598.54 steps=1377 succ10=1.00 touch10=1.00 col10=0.00 to10=0.00 min_d= 0.30 avg_spd=2.09m/s end=goal t= 7769.5s
[TRAIN][PPO] ep=431/500 r=  596.55 avg10=  598.38 steps=1471 succ10=1.00 touch10=1.00 col10=0.00 to10=0.00 min_d= 0.30 avg_spd=2.05m/s end=goal t= 7787.5s
[TRAIN][PPO] ep=432/500 r=  600.74 avg10=  599.76 steps=1488 succ10=1.00 touch10=1.00 col10=0.00 to10=0.00 min_d= 0.30 avg_spd=2.06m/s end=goal t= 7807.6s
[TRAIN][PPO] ep=433/500 r=  613.08 avg10=  602.13 steps=1462 succ10=1.00 touch10=1.00 col10=0.00 to10=0.00 min_d= 0.30 avg_spd=2.07m/s end=goal t= 7825.9s
[TRAIN][PPO] ep=434/500 r=   59.77 avg10=  547.54 steps= 324 succ10=0.90 touch10=0.90 col10=0.10 to10=0.00 min_d= 3.11 avg_spd=2.06m/s end=collision t= 7830.0s
[TRAIN][PPO] ep=435/500 r=  606.42 avg10=  547.34 steps=1434 succ10=0.90 touch10=0.90 col10=0.10 to10=0.00 min_d= 0.30 avg_spd=2.07m/s end=goal t= 7847.3s
[TRAIN][PPO] ep=436/500 r=   65.31 avg10=  493.10 steps= 342 succ10=0.80 touch10=0.80 col10=0.20 to10=0.00 min_d= 3.11 avg_spd=2.05m/s end=collision t= 7852.7s
[TRAIN][PPO] ep=437/500 r=  611.53 avg10=  495.64 steps=1460 succ10=0.80 touch10=0.80 col10=0.20 to10=0.00 min_d= 0.30 avg_spd=2.07m/s end=goal t= 7870.7s
[TRAIN][PPO] ep=438/500 r=  605.95 avg10=  495.61 steps=1433 succ10=0.80 touch10=0.80 col10=0.20 to10=0.00 min_d= 0.30 avg_spd=2.09m/s end=goal t= 7887.7s
[TRAIN][PPO] ep=439/500 r=  601.29 avg10=  495.03 steps=1425 succ10=0.80 touch10=0.80 col10=0.20 to10=0.00 min_d= 0.30 avg_spd=2.07m/s end=goal t= 7904.9s
[TRAIN][PPO] ep=440/500 r=  596.70 avg10=  495.73 steps=1408 succ10=0.80 touch10=0.80 col10=0.20 to10=0.00 min_d= 0.30 avg_spd=2.08m/s end=goal t= 7923.7s
[TRAIN][PPO] ep=441/500 r=  605.62 avg10=  496.64 steps=1584 succ10=0.80 touch10=0.80 col10=0.20 to10=0.00 min_d= 0.30 avg_spd=2.06m/s end=goal t= 7942.9s
[TRAIN][PPO] ep=442/500 r=  586.85 avg10=  495.25 steps=1386 succ10=0.80 touch10=0.80 col10=0.20 to10=0.00 min_d= 0.30 avg_spd=2.09m/s end=goal t= 7959.8s
[TRAIN][PPO] ep=443/500 r=   68.75 avg10=  440.82 steps= 356 succ10=0.70 touch10=0.70 col10=0.30 to10=0.00 min_d= 3.10 avg_spd=2.11m/s end=collision t= 7964.2s
[TRAIN][PPO] ep=444/500 r=  611.36 avg10=  495.98 steps=1461 succ10=0.80 touch10=0.80 col10=0.20 to10=0.00 min_d= 0.30 avg_spd=2.07m/s end=goal t= 7983.5s
[TRAIN][PPO] ep=445/500 r=  601.44 avg10=  495.48 steps=1439 succ10=0.80 touch10=0.80 col10=0.20 to10=0.00 min_d= 0.30 avg_spd=2.08m/s end=goal t= 8001.1s
[TRAIN][PPO] ep=446/500 r=  605.66 avg10=  549.51 steps=1431 succ10=0.90 touch10=0.90 col10=0.10 to10=0.00 min_d= 0.30 avg_spd=2.07m/s end=goal t= 8018.3s
[TRAIN][PPO] ep=447/500 r=  600.15 avg10=  548.38 steps=1425 succ10=0.90 touch10=0.90 col10=0.10 to10=0.00 min_d= 0.30 avg_spd=2.07m/s end=goal t= 8035.8s
[TRAIN][PPO] ep=448/500 r=  603.28 avg10=  548.11 steps=1438 succ10=0.90 touch10=0.90 col10=0.10 to10=0.00 min_d= 0.30 avg_spd=2.06m/s end=goal t= 8055.2s
[TRAIN][PPO] ep=449/500 r=  595.21 avg10=  547.50 steps=1415 succ10=0.90 touch10=0.90 col10=0.10 to10=0.00 min_d= 0.30 avg_spd=2.07m/s end=goal t= 8072.8s
[TRAIN][PPO] ep=450/500 r=  610.81 avg10=  548.91 steps=1447 succ10=0.90 touch10=0.90 col10=0.10 to10=0.00 min_d= 0.30 avg_spd=2.08m/s end=goal t= 8090.9s
[TRAIN][PPO] ep=451/500 r=  175.31 avg10=  505.88 steps= 676 succ10=0.80 touch10=0.80 col10=0.20 to10=0.00 min_d= 2.34 avg_spd=2.05m/s end=collision t= 8099.5s
[TRAIN][PPO] ep=452/500 r=  599.06 avg10=  507.10 steps=1423 succ10=0.80 touch10=0.80 col10=0.20 to10=0.00 min_d= 0.30 avg_spd=2.07m/s end=goal t= 8119.3s
[TRAIN][PPO] ep=453/500 r=  596.03 avg10=  559.83 steps=1413 succ10=0.90 touch10=0.90 col10=0.10 to10=0.00 min_d= 0.30 avg_spd=2.07m/s end=goal t= 8137.1s
[TRAIN][PPO] ep=454/500 r=  609.43 avg10=  559.64 steps=1458 succ10=0.90 touch10=0.90 col10=0.10 to10=0.00 min_d= 0.30 avg_spd=2.08m/s end=goal t= 8155.0s
[TRAIN][PPO] ep=455/500 r=  598.27 avg10=  559.32 steps=1418 succ10=0.90 touch10=0.90 col10=0.10 to10=0.00 min_d= 0.30 avg_spd=2.07m/s end=goal t= 8172.3s
[TRAIN][PPO] ep=456/500 r=  583.40 avg10=  557.10 steps=1386 succ10=0.90 touch10=0.90 col10=0.10 to10=0.00 min_d= 0.30 avg_spd=2.11m/s end=goal t= 8191.8s
[TRAIN][PPO] ep=457/500 r=  -31.15 avg10=  493.97 steps= 135 succ10=0.80 touch10=0.80 col10=0.20 to10=0.00 min_d= 3.83 avg_spd=2.01m/s end=collision t= 8193.5s
[TRAIN][PPO] ep=458/500 r=  595.60 avg10=  493.20 steps=1602 succ10=0.80 touch10=0.80 col10=0.20 to10=0.00 min_d= 0.30 avg_spd=2.06m/s end=goal t= 8213.5s
[TRAIN][PPO] ep=459/500 r=  595.36 avg10=  493.21 steps=1400 succ10=0.80 touch10=0.80 col10=0.20 to10=0.00 min_d= 0.30 avg_spd=2.08m/s end=goal t= 8231.0s
[TRAIN][PPO] ep=460/500 r=  605.29 avg10=  492.66 steps=1442 succ10=0.80 touch10=0.80 col10=0.20 to10=0.00 min_d= 0.30 avg_spd=2.08m/s end=goal t= 8250.7s
[TRAIN][PPO] ep=461/500 r=  574.01 avg10=  532.53 steps=1579 succ10=0.90 touch10=0.90 col10=0.10 to10=0.00 min_d= 0.30 avg_spd=2.05m/s end=goal t= 8270.0s
[TRAIN][PPO] ep=462/500 r=  594.55 avg10=  532.08 steps=1577 succ10=0.90 touch10=0.90 col10=0.10 to10=0.00 min_d= 0.30 avg_spd=2.06m/s end=goal t= 8288.8s
[TRAIN][PPO] ep=463/500 r=  597.27 avg10=  532.20 steps=1410 succ10=0.90 touch10=0.90 col10=0.10 to10=0.00 min_d= 0.30 avg_spd=2.07m/s end=goal t= 8305.9s
[TRAIN][PPO] ep=464/500 r=  593.25 avg10=  530.59 steps=1454 succ10=0.90 touch10=0.90 col10=0.10 to10=0.00 min_d= 0.30 avg_spd=2.07m/s end=goal t= 8325.7s
[TRAIN][PPO] ep=465/500 r=  592.24 avg10=  529.98 steps=1392 succ10=0.90 touch10=0.90 col10=0.10 to10=0.00 min_d= 0.30 avg_spd=2.08m/s end=goal t= 8342.7s
[TRAIN][PPO] ep=466/500 r=  589.40 avg10=  530.58 steps=1385 succ10=0.90 touch10=0.90 col10=0.10 to10=0.00 min_d= 0.30 avg_spd=2.09m/s end=goal t= 8359.5s
[TRAIN][PPO] ep=467/500 r=  604.34 avg10=  594.13 steps=1427 succ10=1.00 touch10=1.00 col10=0.00 to10=0.00 min_d= 0.30 avg_spd=2.08m/s end=goal t= 8376.7s
[TRAIN][PPO] ep=468/500 r=  599.83 avg10=  594.55 steps=1419 succ10=1.00 touch10=1.00 col10=0.00 to10=0.00 min_d= 0.30 avg_spd=2.08m/s end=goal t= 8395.5s
[TRAIN][PPO] ep=469/500 r=  598.43 avg10=  594.86 steps=1560 succ10=1.00 touch10=1.00 col10=0.00 to10=0.00 min_d= 0.30 avg_spd=2.07m/s end=goal t= 8414.8s
[TRAIN][PPO] ep=470/500 r=  597.65 avg10=  594.10 steps=1418 succ10=1.00 touch10=1.00 col10=0.00 to10=0.00 min_d= 0.30 avg_spd=2.09m/s end=goal t= 8432.5s
[TRAIN][PPO] ep=471/500 r=   62.09 avg10=  542.91 steps= 353 succ10=0.90 touch10=0.90 col10=0.10 to10=0.00 min_d= 3.04 avg_spd=2.04m/s end=collision t= 8436.8s
[TRAIN][PPO] ep=472/500 r=  565.43 avg10=  539.99 steps=1595 succ10=0.90 touch10=0.90 col10=0.10 to10=0.00 min_d= 0.30 avg_spd=2.04m/s end=goal t= 8457.8s
[TRAIN][PPO] ep=473/500 r=  608.67 avg10=  541.13 steps=1488 succ10=0.90 touch10=0.90 col10=0.10 to10=0.00 min_d= 0.30 avg_spd=2.07m/s end=goal t= 8475.1s
[TRAIN][PPO] ep=474/500 r=  614.43 avg10=  543.25 steps=1514 succ10=0.90 touch10=0.90 col10=0.10 to10=0.00 min_d= 0.30 avg_spd=2.05m/s end=goal t= 8493.0s
[TRAIN][PPO] ep=475/500 r=  594.97 avg10=  543.53 steps=1416 succ10=0.90 touch10=0.90 col10=0.10 to10=0.00 min_d= 0.30 avg_spd=2.07m/s end=goal t= 8510.8s
[TRAIN][PPO] ep=476/500 r=  591.46 avg10=  543.73 steps=1612 succ10=0.90 touch10=0.90 col10=0.10 to10=0.00 min_d= 0.30 avg_spd=2.04m/s end=goal t= 8532.7s
[TRAIN][PPO] ep=477/500 r=  593.77 avg10=  542.67 steps=1402 succ10=0.90 touch10=0.90 col10=0.10 to10=0.00 min_d= 0.30 avg_spd=2.09m/s end=goal t= 8550.1s
[TRAIN][PPO] ep=478/500 r=   53.90 avg10=  488.08 steps= 311 succ10=0.80 touch10=0.80 col10=0.20 to10=0.00 min_d= 3.11 avg_spd=2.06m/s end=collision t= 8554.0s
[TRAIN][PPO] ep=479/500 r=  606.28 avg10=  488.87 steps=1446 succ10=0.80 touch10=0.80 col10=0.20 to10=0.00 min_d= 0.30 avg_spd=2.09m/s end=goal t= 8572.2s
[TRAIN][PPO] ep=480/500 r=  608.91 avg10=  489.99 steps=1445 succ10=0.80 touch10=0.80 col10=0.20 to10=0.00 min_d= 0.30 avg_spd=2.07m/s end=goal t= 8591.5s
[TRAIN][PPO] ep=481/500 r=   51.37 avg10=  488.92 steps= 310 succ10=0.80 touch10=0.80 col10=0.20 to10=0.00 min_d= 3.12 avg_spd=2.05m/s end=collision t= 8595.4s
[TRAIN][PPO] ep=482/500 r=  601.58 avg10=  492.53 steps=1483 succ10=0.80 touch10=0.80 col10=0.20 to10=0.00 min_d= 0.30 avg_spd=2.05m/s end=goal t= 8613.8s
[TRAIN][PPO] ep=483/500 r=  600.54 avg10=  491.72 steps=1586 succ10=0.80 touch10=0.80 col10=0.20 to10=0.00 min_d= 0.30 avg_spd=2.07m/s end=goal t= 8632.8s
[TRAIN][PPO] ep=484/500 r=  605.46 avg10=  490.82 steps=1432 succ10=0.80 touch10=0.80 col10=0.20 to10=0.00 min_d= 0.30 avg_spd=2.09m/s end=goal t= 8652.4s
[TRAIN][PPO] ep=485/500 r=  605.31 avg10=  491.86 steps=1436 succ10=0.80 touch10=0.80 col10=0.20 to10=0.00 min_d= 0.30 avg_spd=2.06m/s end=goal t= 8670.1s
[TRAIN][PPO] ep=486/500 r=   61.93 avg10=  438.91 steps= 339 succ10=0.70 touch10=0.70 col10=0.30 to10=0.00 min_d= 3.10 avg_spd=2.02m/s end=collision t= 8674.3s
[TRAIN][PPO] ep=487/500 r=  564.46 avg10=  435.97 steps=1569 succ10=0.70 touch10=0.70 col10=0.30 to10=0.00 min_d= 0.30 avg_spd=2.08m/s end=goal t= 8693.6s
[TRAIN][PPO] ep=488/500 r=  597.39 avg10=  490.32 steps=1563 succ10=0.80 touch10=0.80 col10=0.20 to10=0.00 min_d= 0.30 avg_spd=2.08m/s end=goal t= 8714.7s
[TRAIN][PPO] ep=489/500 r=  601.42 avg10=  489.84 steps=1579 succ10=0.80 touch10=0.80 col10=0.20 to10=0.00 min_d= 0.30 avg_spd=2.08m/s end=goal t= 8734.3s
[TRAIN][PPO] ep=490/500 r=   65.24 avg10=  435.47 steps= 341 succ10=0.70 touch10=0.70 col10=0.30 to10=0.00 min_d= 3.13 avg_spd=2.04m/s end=collision t= 8738.5s
[TRAIN][PPO] ep=491/500 r=  601.91 avg10=  490.52 steps=1424 succ10=0.80 touch10=0.80 col10=0.20 to10=0.00 min_d= 0.30 avg_spd=2.10m/s end=goal t= 8756.1s
[TRAIN][PPO] ep=492/500 r=  600.17 avg10=  490.38 steps=1420 succ10=0.80 touch10=0.80 col10=0.20 to10=0.00 min_d= 0.30 avg_spd=2.07m/s end=goal t= 8775.2s
[TRAIN][PPO] ep=493/500 r=  -32.01 avg10=  427.13 steps= 143 succ10=0.70 touch10=0.70 col10=0.30 to10=0.00 min_d= 3.81 avg_spd=1.92m/s end=collision t= 8777.0s
[TRAIN][PPO] ep=494/500 r=  596.36 avg10=  426.22 steps=1419 succ10=0.70 touch10=0.70 col10=0.30 to10=0.00 min_d= 0.30 avg_spd=2.06m/s end=goal t= 8794.0s
[TRAIN][PPO] ep=495/500 r=  608.99 avg10=  426.59 steps=1452 succ10=0.70 touch10=0.70 col10=0.30 to10=0.00 min_d= 0.30 avg_spd=2.07m/s end=goal t= 8811.8s
[TRAIN][PPO] ep=496/500 r=   67.21 avg10=  427.12 steps= 350 succ10=0.70 touch10=0.70 col10=0.30 to10=0.00 min_d= 3.11 avg_spd=2.04m/s end=collision t= 8817.3s
[TRAIN][PPO] ep=497/500 r=  606.93 avg10=  431.36 steps=1460 succ10=0.70 touch10=0.70 col10=0.30 to10=0.00 min_d= 0.30 avg_spd=2.08m/s end=goal t= 8834.6s
[TRAIN][PPO] ep=498/500 r=  588.60 avg10=  430.48 steps=1401 succ10=0.70 touch10=0.70 col10=0.30 to10=0.00 min_d= 0.30 avg_spd=2.09m/s end=goal t= 8851.3s
[TRAIN][PPO] ep=499/500 r=  594.33 avg10=  429.77 steps=1428 succ10=0.70 touch10=0.70 col10=0.30 to10=0.00 min_d= 0.30 avg_spd=2.08m/s end=goal t= 8868.7s
INFO: PPO: Terminating.
[RUN] completed stage checkpoint=/uio/hume/student-u79/esbrovol/fys5429/DRL-Obstacle-Avoidance/controllers/PPO/checkpoints/20260525_141956_lstm_seed01_stage09_train_9_dense/final_20260525_141956_lstm_seed01_stage09_train_9_dense.pth
[RUN] arch=lstm seed=1 stage=10/10 world=/uio/hume/student-u79/esbrovol/fys5429/DRL-Obstacle-Avoidance/worlds/training/train_10_full.wbt
[RUN] resuming from /uio/hume/student-u79/esbrovol/fys5429/DRL-Obstacle-Avoidance/controllers/PPO/checkpoints/20260525_141956_lstm_seed01_stage09_train_9_dense/final_20260525_141956_lstm_seed01_stage09_train_9_dense.pth
INFO: PPO: Starting controller: python3 -u PPO.py
[PPO] Using architecture: LSTM
[PPO] Loaded architecture: LSTM
[TRAIN][PPO] arch=LSTM weights_dir=/uio/hume/student-u79/esbrovol/fys5429/DRL-Obstacle-Avoidance/controllers/PPO/checkpoints/20260525_141956_lstm_seed01_stage10_train_10_full final=/uio/hume/student-u79/esbrovol/fys5429/DRL-Obstacle-Avoidance/controllers/PPO/checkpoints/20260525_141956_lstm_seed01_stage10_train_10_full/final_20260525_141956_lstm_seed01_stage10_train_10_full.pth
[TRAIN][PPO] episodes=500 update_every=4 obs=31 act=2 cell=LSTM seq=32 burn_in=8
[TRAIN][PPO] ep=001/500 r=  595.95 avg10=  595.95 steps=1551 succ10=1.00 touch10=1.00 col10=0.00 to10=0.00 min_d= 0.30 avg_spd=2.08m/s end=goal t=   18.4s ckpt=best_goal
[TRAIN][PPO] ep=002/500 r=  608.14 avg10=  602.04 steps=1447 succ10=1.00 touch10=1.00 col10=0.00 to10=0.00 min_d= 0.30 avg_spd=2.08m/s end=goal t=   35.1s ckpt=best_goal
[TRAIN][PPO] ep=003/500 r=  598.48 avg10=  600.86 steps=1492 succ10=1.00 touch10=1.00 col10=0.00 to10=0.00 min_d= 0.30 avg_spd=2.06m/s end=goal t=   52.3s
[TRAIN][PPO] ep=004/500 r=  591.21 avg10=  598.45 steps=1587 succ10=1.00 touch10=1.00 col10=0.00 to10=0.00 min_d= 0.30 avg_spd=2.08m/s end=goal t=   72.9s
[TRAIN][PPO] ep=005/500 r=  598.72 avg10=  598.50 steps=1423 succ10=1.00 touch10=1.00 col10=0.00 to10=0.00 min_d= 0.30 avg_spd=2.08m/s end=goal t=   89.5s
[TRAIN][PPO] ep=006/500 r=  606.83 avg10=  599.89 steps=1447 succ10=1.00 touch10=1.00 col10=0.00 to10=0.00 min_d= 0.30 avg_spd=2.08m/s end=goal t=  106.7s
[TRAIN][PPO] ep=007/500 r=  596.01 avg10=  599.34 steps=1412 succ10=1.00 touch10=1.00 col10=0.00 to10=0.00 min_d= 0.30 avg_spd=2.06m/s end=goal t=  123.3s
[TRAIN][PPO] ep=008/500 r=  600.96 avg10=  599.54 steps=1445 succ10=1.00 touch10=1.00 col10=0.00 to10=0.00 min_d= 0.30 avg_spd=2.04m/s end=goal t=  141.8s
[TRAIN][PPO] ep=009/500 r=  610.15 avg10=  600.72 steps=1535 succ10=1.00 touch10=1.00 col10=0.00 to10=0.00 min_d= 0.30 avg_spd=2.05m/s end=goal t=  159.5s ckpt=best_goal
[TRAIN][PPO] ep=010/500 r=  607.09 avg10=  601.35 steps=1451 succ10=1.00 touch10=1.00 col10=0.00 to10=0.00 min_d= 0.30 avg_spd=2.08m/s end=goal t=  176.9s
[TRAIN][PPO] ep=011/500 r=  597.35 avg10=  601.49 steps=1465 succ10=1.00 touch10=1.00 col10=0.00 to10=0.00 min_d= 0.30 avg_spd=2.07m/s end=goal t=  194.5s
[TRAIN][PPO] ep=012/500 r=  578.48 avg10=  598.53 steps=1576 succ10=1.00 touch10=1.00 col10=0.00 to10=0.00 min_d= 0.30 avg_spd=2.07m/s end=goal t=  215.3s
[TRAIN][PPO] ep=013/500 r=  596.51 avg10=  598.33 steps=1405 succ10=1.00 touch10=1.00 col10=0.00 to10=0.00 min_d= 0.30 avg_spd=2.09m/s end=goal t=  231.8s
[TRAIN][PPO] ep=014/500 r=  598.54 avg10=  599.06 steps=1639 succ10=1.00 touch10=1.00 col10=0.00 to10=0.00 min_d= 0.30 avg_spd=2.03m/s end=goal t=  251.3s
[TRAIN][PPO] ep=015/500 r=  604.59 avg10=  599.65 steps=1449 succ10=1.00 touch10=1.00 col10=0.00 to10=0.00 min_d= 0.30 avg_spd=2.07m/s end=goal t=  268.4s
[TRAIN][PPO] ep=016/500 r=  595.10 avg10=  598.48 steps=1551 succ10=1.00 touch10=1.00 col10=0.00 to10=0.00 min_d= 0.30 avg_spd=2.08m/s end=goal t=  289.5s
[TRAIN][PPO] ep=017/500 r=  598.63 avg10=  598.74 steps=1418 succ10=1.00 touch10=1.00 col10=0.00 to10=0.00 min_d= 0.30 avg_spd=2.07m/s end=goal t=  306.1s
[TRAIN][PPO] ep=018/500 r=  598.66 avg10=  598.51 steps=1472 succ10=1.00 touch10=1.00 col10=0.00 to10=0.00 min_d= 0.30 avg_spd=2.07m/s end=goal t=  322.9s
[TRAIN][PPO] ep=019/500 r=  608.09 avg10=  598.30 steps=1450 succ10=1.00 touch10=1.00 col10=0.00 to10=0.00 min_d= 0.30 avg_spd=2.08m/s end=goal t=  340.1s
[TRAIN][PPO] ep=020/500 r=  609.97 avg10=  598.59 steps=1457 succ10=1.00 touch10=1.00 col10=0.00 to10=0.00 min_d= 0.30 avg_spd=2.08m/s end=goal t=  358.8s
[TRAIN][PPO] ep=021/500 r=  603.20 avg10=  599.18 steps=1439 succ10=1.00 touch10=1.00 col10=0.00 to10=0.00 min_d= 0.30 avg_spd=2.08m/s end=goal t=  375.8s
[TRAIN][PPO] ep=022/500 r=  598.96 avg10=  601.23 steps=1431 succ10=1.00 touch10=1.00 col10=0.00 to10=0.00 min_d= 0.30 avg_spd=2.07m/s end=goal t=  393.0s
[TRAIN][PPO] ep=023/500 r=  167.39 avg10=  558.31 steps= 659 succ10=0.90 touch10=0.90 col10=0.10 to10=0.00 min_d= 2.33 avg_spd=2.04m/s end=collision t=  400.9s
[TRAIN][PPO] ep=024/500 r=  609.51 avg10=  559.41 steps=1445 succ10=0.90 touch10=0.90 col10=0.10 to10=0.00 min_d= 0.30 avg_spd=2.08m/s end=goal t=  420.2s
[TRAIN][PPO] ep=025/500 r=  607.35 avg10=  559.69 steps=1452 succ10=0.90 touch10=0.90 col10=0.10 to10=0.00 min_d= 0.30 avg_spd=2.08m/s end=goal t=  437.0s
[TRAIN][PPO] ep=026/500 r=  598.10 avg10=  559.99 steps=1430 succ10=0.90 touch10=0.90 col10=0.10 to10=0.00 min_d= 0.30 avg_spd=2.06m/s end=goal t=  454.0s
[TRAIN][PPO] ep=027/500 r=  602.96 avg10=  560.42 steps=1446 succ10=0.90 touch10=0.90 col10=0.10 to10=0.00 min_d= 0.30 avg_spd=2.06m/s end=goal t=  470.9s
[TRAIN][PPO] ep=028/500 r=  601.63 avg10=  560.72 steps=1431 succ10=0.90 touch10=0.90 col10=0.10 to10=0.00 min_d= 0.30 avg_spd=2.09m/s end=goal t=  490.1s
[TRAIN][PPO] ep=029/500 r=  589.05 avg10=  558.81 steps=1390 succ10=0.90 touch10=0.90 col10=0.10 to10=0.00 min_d= 0.30 avg_spd=2.09m/s end=goal t=  506.5s
[TRAIN][PPO] ep=030/500 r=  611.51 avg10=  558.97 steps=1462 succ10=0.90 touch10=0.90 col10=0.10 to10=0.00 min_d= 0.30 avg_spd=2.07m/s end=goal t=  523.8s ckpt=best_goal
[TRAIN][PPO] ep=031/500 r=  601.08 avg10=  558.75 steps=1436 succ10=0.90 touch10=0.90 col10=0.10 to10=0.00 min_d= 0.30 avg_spd=2.07m/s end=goal t=  540.8s
[TRAIN][PPO] ep=032/500 r=  571.27 avg10=  555.98 steps=1570 succ10=0.90 touch10=0.90 col10=0.10 to10=0.00 min_d= 0.30 avg_spd=2.06m/s end=goal t=  561.3s
[TRAIN][PPO] ep=033/500 r=  596.32 avg10=  598.88 steps=1409 succ10=1.00 touch10=1.00 col10=0.00 to10=0.00 min_d= 0.30 avg_spd=2.09m/s end=goal t=  577.9s
[TRAIN][PPO] ep=034/500 r=  591.17 avg10=  597.04 steps=1413 succ10=1.00 touch10=1.00 col10=0.00 to10=0.00 min_d= 0.30 avg_spd=2.08m/s end=goal t=  594.0s
[TRAIN][PPO] ep=035/500 r=  589.41 avg10=  595.25 steps=1413 succ10=1.00 touch10=1.00 col10=0.00 to10=0.00 min_d= 0.30 avg_spd=2.11m/s end=goal t=  610.5s
[TRAIN][PPO] ep=036/500 r=  599.37 avg10=  595.38 steps=1491 succ10=1.00 touch10=1.00 col10=0.00 to10=0.00 min_d= 0.30 avg_spd=2.05m/s end=goal t=  629.7s
[TRAIN][PPO] ep=037/500 r=  606.14 avg10=  595.70 steps=1433 succ10=1.00 touch10=1.00 col10=0.00 to10=0.00 min_d= 0.30 avg_spd=2.10m/s end=goal t=  646.4s
[TRAIN][PPO] ep=038/500 r=  614.63 avg10=  597.00 steps=1466 succ10=1.00 touch10=1.00 col10=0.00 to10=0.00 min_d= 0.30 avg_spd=2.07m/s end=goal t=  663.6s ckpt=best_goal
[TRAIN][PPO] ep=039/500 r=  598.81 avg10=  597.97 steps=1473 succ10=1.00 touch10=1.00 col10=0.00 to10=0.00 min_d= 0.30 avg_spd=2.03m/s end=goal t=  680.9s
[TRAIN][PPO] ep=040/500 r=  596.24 avg10=  596.44 steps=1538 succ10=1.00 touch10=1.00 col10=0.00 to10=0.00 min_d= 0.30 avg_spd=2.08m/s end=goal t=  701.5s
[TRAIN][PPO] ep=041/500 r=  609.60 avg10=  597.30 steps=1444 succ10=1.00 touch10=1.00 col10=0.00 to10=0.00 min_d= 0.30 avg_spd=2.07m/s end=goal t=  718.1s
[TRAIN][PPO] ep=042/500 r=  606.08 avg10=  600.78 steps=1453 succ10=1.00 touch10=1.00 col10=0.00 to10=0.00 min_d= 0.30 avg_spd=2.05m/s end=goal t=  734.4s
[TRAIN][PPO] ep=043/500 r=  604.27 avg10=  601.57 steps=1448 succ10=1.00 touch10=1.00 col10=0.00 to10=0.00 min_d= 0.30 avg_spd=2.08m/s end=goal t=  750.7s
[TRAIN][PPO] ep=044/500 r=  601.69 avg10=  602.62 steps=1439 succ10=1.00 touch10=1.00 col10=0.00 to10=0.00 min_d= 0.30 avg_spd=2.07m/s end=goal t=  769.1s
[TRAIN][PPO] ep=045/500 r=  610.08 avg10=  604.69 steps=1457 succ10=1.00 touch10=1.00 col10=0.00 to10=0.00 min_d= 0.30 avg_spd=2.07m/s end=goal t=  786.2s
[TRAIN][PPO] ep=046/500 r=  599.61 avg10=  604.71 steps=1441 succ10=1.00 touch10=1.00 col10=0.00 to10=0.00 min_d= 0.30 avg_spd=2.05m/s end=goal t=  802.9s
[TRAIN][PPO] ep=047/500 r=  602.19 avg10=  604.32 steps=1561 succ10=1.00 touch10=1.00 col10=0.00 to10=0.00 min_d= 0.30 avg_spd=2.07m/s end=goal t=  821.5s
[TRAIN][PPO] ep=048/500 r=  618.82 avg10=  604.74 steps=1537 succ10=1.00 touch10=1.00 col10=0.00 to10=0.00 min_d= 0.30 avg_spd=2.03m/s end=goal t=  842.8s ckpt=best_goal
[TRAIN][PPO] ep=049/500 r=  583.25 avg10=  603.18 steps=1575 succ10=1.00 touch10=1.00 col10=0.00 to10=0.00 min_d= 0.30 avg_spd=2.05m/s end=goal t=  862.0s
[TRAIN][PPO] ep=050/500 r=  606.18 avg10=  604.18 steps=1434 succ10=1.00 touch10=1.00 col10=0.00 to10=0.00 min_d= 0.30 avg_spd=2.10m/s end=goal t=  878.1s
[TRAIN][PPO] ep=051/500 r=  604.16 avg10=  603.63 steps=1500 succ10=1.00 touch10=1.00 col10=0.00 to10=0.00 min_d= 0.30 avg_spd=2.07m/s end=goal t=  894.8s
[TRAIN][PPO] ep=052/500 r=  604.83 avg10=  603.51 steps=1451 succ10=1.00 touch10=1.00 col10=0.00 to10=0.00 min_d= 0.30 avg_spd=2.08m/s end=goal t=  912.1s
[TRAIN][PPO] ep=053/500 r=  591.94 avg10=  602.27 steps=1402 succ10=1.00 touch10=1.00 col10=0.00 to10=0.00 min_d= 0.30 avg_spd=2.09m/s end=goal t=  927.5s
[TRAIN][PPO] ep=054/500 r=  603.16 avg10=  602.42 steps=1449 succ10=1.00 touch10=1.00 col10=0.00 to10=0.00 min_d= 0.30 avg_spd=2.06m/s end=goal t=  943.7s
[TRAIN][PPO] ep=055/500 r=  609.31 avg10=  602.34 steps=1455 succ10=1.00 touch10=1.00 col10=0.00 to10=0.00 min_d= 0.30 avg_spd=2.09m/s end=goal t=  959.8s
[TRAIN][PPO] ep=056/500 r=  598.19 avg10=  602.20 steps=1466 succ10=1.00 touch10=1.00 col10=0.00 to10=0.00 min_d= 0.30 avg_spd=2.07m/s end=goal t=  978.0s
[TRAIN][PPO] ep=057/500 r=  589.54 avg10=  600.94 steps=1402 succ10=1.00 touch10=1.00 col10=0.00 to10=0.00 min_d= 0.30 avg_spd=2.08m/s end=goal t=  994.1s
[TRAIN][PPO] ep=058/500 r=  593.03 avg10=  598.36 steps=1410 succ10=1.00 touch10=1.00 col10=0.00 to10=0.00 min_d= 0.30 avg_spd=2.11m/s end=goal t= 1010.0s
[TRAIN][PPO] ep=059/500 r=  608.98 avg10=  600.93 steps=1501 succ10=1.00 touch10=1.00 col10=0.00 to10=0.00 min_d= 0.30 avg_spd=2.06m/s end=goal t= 1026.5s
[TRAIN][PPO] ep=060/500 r=  602.09 avg10=  600.52 steps=1442 succ10=1.00 touch10=1.00 col10=0.00 to10=0.00 min_d= 0.30 avg_spd=2.06m/s end=goal t= 1044.3s
[TRAIN][PPO] ep=061/500 r=  605.57 avg10=  600.66 steps=1439 succ10=1.00 touch10=1.00 col10=0.00 to10=0.00 min_d= 0.30 avg_spd=2.10m/s end=goal t= 1060.0s
[TRAIN][PPO] ep=062/500 r=  605.77 avg10=  600.76 steps=1434 succ10=1.00 touch10=1.00 col10=0.00 to10=0.00 min_d= 0.30 avg_spd=2.09m/s end=goal t= 1076.0s
[TRAIN][PPO] ep=063/500 r=  575.13 avg10=  599.08 steps=1544 succ10=1.00 touch10=1.00 col10=0.00 to10=0.00 min_d= 0.30 avg_spd=2.05m/s end=goal t= 1092.8s
[TRAIN][PPO] ep=064/500 r=  597.71 avg10=  598.53 steps=1420 succ10=1.00 touch10=1.00 col10=0.00 to10=0.00 min_d= 0.30 avg_spd=2.08m/s end=goal t= 1111.6s
[TRAIN][PPO] ep=065/500 r=  -41.56 avg10=  533.44 steps=  33 succ10=0.90 touch10=0.90 col10=0.10 to10=0.00 min_d= 3.84 avg_spd=1.61m/s end=collision t= 1112.0s
[TRAIN][PPO] ep=066/500 r=  598.39 avg10=  533.47 steps=1417 succ10=0.90 touch10=0.90 col10=0.10 to10=0.00 min_d= 0.30 avg_spd=2.08m/s end=goal t= 1127.7s
[TRAIN][PPO] ep=067/500 r=  598.45 avg10=  534.36 steps=1414 succ10=0.90 touch10=0.90 col10=0.10 to10=0.00 min_d= 0.30 avg_spd=2.09m/s end=goal t= 1143.1s
[TRAIN][PPO] ep=068/500 r=  369.39 avg10=  511.99 steps=1274 succ10=0.80 touch10=0.80 col10=0.20 to10=0.00 min_d= 0.86 avg_spd=2.07m/s end=collision t= 1158.5s
[TRAIN][PPO] ep=069/500 r=  598.00 avg10=  510.89 steps=1419 succ10=0.80 touch10=0.80 col10=0.20 to10=0.00 min_d= 0.30 avg_spd=2.09m/s end=goal t= 1174.5s
[TRAIN][PPO] ep=070/500 r=  605.92 avg10=  511.28 steps=1446 succ10=0.80 touch10=0.80 col10=0.20 to10=0.00 min_d= 0.30 avg_spd=2.07m/s end=goal t= 1190.4s
[TRAIN][PPO] ep=071/500 r=  610.90 avg10=  511.81 steps=1514 succ10=0.80 touch10=0.80 col10=0.20 to10=0.00 min_d= 0.30 avg_spd=2.05m/s end=goal t= 1206.9s
[TRAIN][PPO] ep=072/500 r=  615.27 avg10=  512.76 steps=1471 succ10=0.80 touch10=0.80 col10=0.20 to10=0.00 min_d= 0.30 avg_spd=2.06m/s end=goal t= 1224.5s
[TRAIN][PPO] ep=073/500 r=  614.78 avg10=  516.72 steps=1473 succ10=0.80 touch10=0.80 col10=0.20 to10=0.00 min_d= 0.30 avg_spd=2.07m/s end=goal t= 1240.9s
[TRAIN][PPO] ep=074/500 r=  608.60 avg10=  517.81 steps=1444 succ10=0.80 touch10=0.80 col10=0.20 to10=0.00 min_d= 0.30 avg_spd=2.08m/s end=goal t= 1256.9s
[TRAIN][PPO] ep=075/500 r=  596.85 avg10=  581.65 steps=1418 succ10=0.90 touch10=0.90 col10=0.10 to10=0.00 min_d= 0.30 avg_spd=2.06m/s end=goal t= 1272.7s
[TRAIN][PPO] ep=076/500 r=  593.97 avg10=  581.21 steps=1403 succ10=0.90 touch10=0.90 col10=0.10 to10=0.00 min_d= 0.30 avg_spd=2.08m/s end=goal t= 1289.8s
[TRAIN][PPO] ep=077/500 r=  604.14 avg10=  581.78 steps=1432 succ10=0.90 touch10=0.90 col10=0.10 to10=0.00 min_d= 0.30 avg_spd=2.07m/s end=goal t= 1305.4s
[TRAIN][PPO] ep=078/500 r=  586.49 avg10=  603.49 steps=1579 succ10=1.00 touch10=1.00 col10=0.00 to10=0.00 min_d= 0.30 avg_spd=2.06m/s end=goal t= 1322.6s
[TRAIN][PPO] ep=079/500 r=  598.30 avg10=  603.52 steps=1413 succ10=1.00 touch10=1.00 col10=0.00 to10=0.00 min_d= 0.30 avg_spd=2.08m/s end=goal t= 1338.3s
[TRAIN][PPO] ep=080/500 r=  609.34 avg10=  603.86 steps=1444 succ10=1.00 touch10=1.00 col10=0.00 to10=0.00 min_d= 0.30 avg_spd=2.07m/s end=goal t= 1355.8s
[TRAIN][PPO] ep=081/500 r=   68.64 avg10=  549.64 steps= 351 succ10=0.90 touch10=0.90 col10=0.10 to10=0.00 min_d= 3.09 avg_spd=2.09m/s end=collision t= 1359.5s
[TRAIN][PPO] ep=082/500 r=  607.20 avg10=  548.83 steps=1441 succ10=0.90 touch10=0.90 col10=0.10 to10=0.00 min_d= 0.30 avg_spd=2.10m/s end=goal t= 1374.9s
[TRAIN][PPO] ep=083/500 r=  591.57 avg10=  546.51 steps=1412 succ10=0.90 touch10=0.90 col10=0.10 to10=0.00 min_d= 0.30 avg_spd=2.08m/s end=goal t= 1390.4s
[TRAIN][PPO] ep=084/500 r=  605.50 avg10=  546.20 steps=1426 succ10=0.90 touch10=0.90 col10=0.10 to10=0.00 min_d= 0.30 avg_spd=2.08m/s end=goal t= 1408.9s
[TRAIN][PPO] ep=085/500 r=   80.15 avg10=  494.53 steps= 398 succ10=0.80 touch10=0.80 col10=0.20 to10=0.00 min_d= 2.91 avg_spd=2.06m/s end=collision t= 1413.1s
[TRAIN][PPO] ep=086/500 r=  603.25 avg10=  495.46 steps=1432 succ10=0.80 touch10=0.80 col10=0.20 to10=0.00 min_d= 0.30 avg_spd=2.09m/s end=goal t= 1428.5s
[TRAIN][PPO] ep=087/500 r=  595.47 avg10=  494.59 steps=1412 succ10=0.80 touch10=0.80 col10=0.20 to10=0.00 min_d= 0.30 avg_spd=2.07m/s end=goal t= 1444.6s
[TRAIN][PPO] ep=088/500 r=  595.60 avg10=  495.50 steps=1467 succ10=0.80 touch10=0.80 col10=0.20 to10=0.00 min_d= 0.30 avg_spd=2.05m/s end=goal t= 1462.6s
[TRAIN][PPO] ep=089/500 r=  606.13 avg10=  496.29 steps=1451 succ10=0.80 touch10=0.80 col10=0.20 to10=0.00 min_d= 0.30 avg_spd=2.07m/s end=goal t= 1478.2s
[TRAIN][PPO] ep=090/500 r=  595.01 avg10=  494.85 steps=1406 succ10=0.80 touch10=0.80 col10=0.20 to10=0.00 min_d= 0.30 avg_spd=2.11m/s end=goal t= 1493.6s
[TRAIN][PPO] ep=091/500 r=  603.44 avg10=  548.33 steps=1428 succ10=0.90 touch10=0.90 col10=0.10 to10=0.00 min_d= 0.30 avg_spd=2.08m/s end=goal t= 1509.3s
[TRAIN][PPO] ep=092/500 r=  606.51 avg10=  548.26 steps=1445 succ10=0.90 touch10=0.90 col10=0.10 to10=0.00 min_d= 0.30 avg_spd=2.09m/s end=goal t= 1527.6s
[TRAIN][PPO] ep=093/500 r=  596.00 avg10=  548.71 steps=1422 succ10=0.90 touch10=0.90 col10=0.10 to10=0.00 min_d= 0.30 avg_spd=2.07m/s end=goal t= 1542.8s
[TRAIN][PPO] ep=094/500 r=  601.50 avg10=  548.31 steps=1429 succ10=0.90 touch10=0.90 col10=0.10 to10=0.00 min_d= 0.30 avg_spd=2.07m/s end=goal t= 1558.0s
[TRAIN][PPO] ep=095/500 r=  591.49 avg10=  599.44 steps=1403 succ10=1.00 touch10=1.00 col10=0.00 to10=0.00 min_d= 0.30 avg_spd=2.09m/s end=goal t= 1573.4s
[TRAIN][PPO] ep=096/500 r=  593.93 avg10=  598.51 steps=1411 succ10=1.00 touch10=1.00 col10=0.00 to10=0.00 min_d= 0.30 avg_spd=2.10m/s end=goal t= 1590.9s
[TRAIN][PPO] ep=097/500 r=  594.31 avg10=  598.39 steps=1415 succ10=1.00 touch10=1.00 col10=0.00 to10=0.00 min_d= 0.30 avg_spd=2.08m/s end=goal t= 1606.6s
[TRAIN][PPO] ep=098/500 r=  602.83 avg10=  599.11 steps=1465 succ10=1.00 touch10=1.00 col10=0.00 to10=0.00 min_d= 0.30 avg_spd=2.08m/s end=goal t= 1622.9s
[TRAIN][PPO] ep=099/500 r=  609.47 avg10=  599.45 steps=1457 succ10=1.00 touch10=1.00 col10=0.00 to10=0.00 min_d= 0.30 avg_spd=2.08m/s end=goal t= 1638.9s
[TRAIN][PPO] ep=100/500 r=  595.98 avg10=  599.55 steps=1406 succ10=1.00 touch10=1.00 col10=0.00 to10=0.00 min_d= 0.30 avg_spd=2.08m/s end=goal t= 1655.8s ckpt=latest
[TRAIN][PPO] ep=101/500 r=  600.15 avg10=  599.22 steps=1432 succ10=1.00 touch10=1.00 col10=0.00 to10=0.00 min_d= 0.30 avg_spd=2.08m/s end=goal t= 1671.4s
[TRAIN][PPO] ep=102/500 r=  601.03 avg10=  598.67 steps=1449 succ10=1.00 touch10=1.00 col10=0.00 to10=0.00 min_d= 0.30 avg_spd=2.08m/s end=goal t= 1687.3s
[TRAIN][PPO] ep=103/500 r=  603.61 avg10=  599.43 steps=1449 succ10=1.00 touch10=1.00 col10=0.00 to10=0.00 min_d= 0.30 avg_spd=2.08m/s end=goal t= 1703.3s
[TRAIN][PPO] ep=104/500 r=  602.93 avg10=  599.57 steps=1576 succ10=1.00 touch10=1.00 col10=0.00 to10=0.00 min_d= 0.30 avg_spd=2.05m/s end=goal t= 1722.0s
[TRAIN][PPO] ep=105/500 r=  597.18 avg10=  600.14 steps=1436 succ10=1.00 touch10=1.00 col10=0.00 to10=0.00 min_d= 0.30 avg_spd=2.09m/s end=goal t= 1737.9s
[TRAIN][PPO] ep=106/500 r=  600.58 avg10=  600.81 steps=1429 succ10=1.00 touch10=1.00 col10=0.00 to10=0.00 min_d= 0.30 avg_spd=2.10m/s end=goal t= 1754.0s
[TRAIN][PPO] ep=107/500 r=  584.82 avg10=  599.86 steps=1548 succ10=1.00 touch10=1.00 col10=0.00 to10=0.00 min_d= 0.30 avg_spd=2.06m/s end=goal t= 1770.6s
[TRAIN][PPO] ep=108/500 r=  585.98 avg10=  598.17 steps=1613 succ10=1.00 touch10=1.00 col10=0.00 to10=0.00 min_d= 0.30 avg_spd=2.01m/s end=goal t= 1790.2s
[TRAIN][PPO] ep=109/500 r=  600.42 avg10=  597.27 steps=1426 succ10=1.00 touch10=1.00 col10=0.00 to10=0.00 min_d= 0.30 avg_spd=2.07m/s end=goal t= 1806.2s
[TRAIN][PPO] ep=110/500 r=  606.61 avg10=  598.33 steps=1465 succ10=1.00 touch10=1.00 col10=0.00 to10=0.00 min_d= 0.30 avg_spd=2.08m/s end=goal t= 1822.5s
[TRAIN][PPO] ep=111/500 r=  585.28 avg10=  596.84 steps=1591 succ10=1.00 touch10=1.00 col10=0.00 to10=0.00 min_d= 0.30 avg_spd=2.06m/s end=goal t= 1840.1s
[TRAIN][PPO] ep=112/500 r=  600.61 avg10=  596.80 steps=1435 succ10=1.00 touch10=1.00 col10=0.00 to10=0.00 min_d= 0.30 avg_spd=2.09m/s end=goal t= 1857.9s
[TRAIN][PPO] ep=113/500 r=  593.98 avg10=  595.84 steps=1413 succ10=1.00 touch10=1.00 col10=0.00 to10=0.00 min_d= 0.30 avg_spd=2.10m/s end=goal t= 1873.4s
[TRAIN][PPO] ep=114/500 r=  -36.34 avg10=  531.91 steps=  63 succ10=0.90 touch10=0.90 col10=0.10 to10=0.00 min_d= 3.82 avg_spd=1.60m/s end=collision t= 1874.2s
[TRAIN][PPO] ep=115/500 r=  593.32 avg10=  531.53 steps=1416 succ10=0.90 touch10=0.90 col10=0.10 to10=0.00 min_d= 0.30 avg_spd=2.09m/s end=goal t= 1889.8s
[TRAIN][PPO] ep=116/500 r=  592.09 avg10=  530.68 steps=1403 succ10=0.90 touch10=0.90 col10=0.10 to10=0.00 min_d= 0.30 avg_spd=2.09m/s end=goal t= 1906.9s
[TRAIN][PPO] ep=117/500 r=  595.22 avg10=  531.72 steps=1438 succ10=0.90 touch10=0.90 col10=0.10 to10=0.00 min_d= 0.30 avg_spd=2.07m/s end=goal t= 1922.9s
[TRAIN][PPO] ep=118/500 r=  599.48 avg10=  533.07 steps=1431 succ10=0.90 touch10=0.90 col10=0.10 to10=0.00 min_d= 0.30 avg_spd=2.07m/s end=goal t= 1938.5s
[TRAIN][PPO] ep=119/500 r=  598.96 avg10=  532.92 steps=1444 succ10=0.90 touch10=0.90 col10=0.10 to10=0.00 min_d= 0.30 avg_spd=2.08m/s end=goal t= 1954.4s
[TRAIN][PPO] ep=120/500 r=  607.09 avg10=  532.97 steps=1455 succ10=0.90 touch10=0.90 col10=0.10 to10=0.00 min_d= 0.30 avg_spd=2.07m/s end=goal t= 1972.3s
[TRAIN][PPO] ep=121/500 r=  594.66 avg10=  533.91 steps=1417 succ10=0.90 touch10=0.90 col10=0.10 to10=0.00 min_d= 0.30 avg_spd=2.10m/s end=goal t= 1987.7s
[TRAIN][PPO] ep=122/500 r=  587.08 avg10=  532.56 steps=1395 succ10=0.90 touch10=0.90 col10=0.10 to10=0.00 min_d= 0.30 avg_spd=2.09m/s end=goal t= 2003.4s
[TRAIN][PPO] ep=123/500 r=  603.72 avg10=  533.53 steps=1572 succ10=0.90 touch10=0.90 col10=0.10 to10=0.00 min_d= 0.30 avg_spd=2.06m/s end=goal t= 2020.9s
[TRAIN][PPO] ep=124/500 r=  600.43 avg10=  597.21 steps=1627 succ10=1.00 touch10=1.00 col10=0.00 to10=0.00 min_d= 0.30 avg_spd=2.05m/s end=goal t= 2040.8s
[TRAIN][PPO] ep=125/500 r=  596.33 avg10=  597.51 steps=1414 succ10=1.00 touch10=1.00 col10=0.00 to10=0.00 min_d= 0.30 avg_spd=2.11m/s end=goal t= 2056.6s
[TRAIN][PPO] ep=126/500 r=  588.45 avg10=  597.14 steps=1420 succ10=1.00 touch10=1.00 col10=0.00 to10=0.00 min_d= 0.30 avg_spd=2.10m/s end=goal t= 2072.8s
[TRAIN][PPO] ep=127/500 r=  593.62 avg10=  596.98 steps=1410 succ10=1.00 touch10=1.00 col10=0.00 to10=0.00 min_d= 0.30 avg_spd=2.10m/s end=goal t= 2088.7s
[TRAIN][PPO] ep=128/500 r=  610.08 avg10=  598.04 steps=1467 succ10=1.00 touch10=1.00 col10=0.00 to10=0.00 min_d= 0.30 avg_spd=2.06m/s end=goal t= 2106.8s
[TRAIN][PPO] ep=129/500 r=  599.94 avg10=  598.14 steps=1437 succ10=1.00 touch10=1.00 col10=0.00 to10=0.00 min_d= 0.30 avg_spd=2.09m/s end=goal t= 2122.7s
[TRAIN][PPO] ep=130/500 r=  606.68 avg10=  598.10 steps=1454 succ10=1.00 touch10=1.00 col10=0.00 to10=0.00 min_d= 0.30 avg_spd=2.07m/s end=goal t= 2139.0s
[TRAIN][PPO] ep=131/500 r=  609.03 avg10=  599.54 steps=1466 succ10=1.00 touch10=1.00 col10=0.00 to10=0.00 min_d= 0.30 avg_spd=2.08m/s end=goal t= 2155.6s
[TRAIN][PPO] ep=132/500 r=  604.63 avg10=  601.29 steps=1435 succ10=1.00 touch10=1.00 col10=0.00 to10=0.00 min_d= 0.30 avg_spd=2.08m/s end=goal t= 2174.1s
[TRAIN][PPO] ep=133/500 r=  594.86 avg10=  600.40 steps=1413 succ10=1.00 touch10=1.00 col10=0.00 to10=0.00 min_d= 0.30 avg_spd=2.10m/s end=goal t= 2189.8s
[TRAIN][PPO] ep=134/500 r=  614.05 avg10=  601.77 steps=1469 succ10=1.00 touch10=1.00 col10=0.00 to10=0.00 min_d= 0.30 avg_spd=2.07m/s end=goal t= 2206.6s
[TRAIN][PPO] ep=135/500 r=  -42.11 avg10=  537.92 steps=  28 succ10=0.90 touch10=0.90 col10=0.10 to10=0.00 min_d= 3.83 avg_spd=1.77m/s end=collision t= 2207.0s
[TRAIN][PPO] ep=136/500 r=  601.69 avg10=  539.25 steps=1591 succ10=0.90 touch10=0.90 col10=0.10 to10=0.00 min_d= 0.30 avg_spd=2.05m/s end=goal t= 2227.4s
[TRAIN][PPO] ep=137/500 r=  593.39 avg10=  539.23 steps=1407 succ10=0.90 touch10=0.90 col10=0.10 to10=0.00 min_d= 0.30 avg_spd=2.10m/s end=goal t= 2243.2s
[TRAIN][PPO] ep=138/500 r=  585.49 avg10=  536.77 steps=1401 succ10=0.90 touch10=0.90 col10=0.10 to10=0.00 min_d= 0.30 avg_spd=2.11m/s end=goal t= 2259.5s
[TRAIN][PPO] ep=139/500 r=  597.27 avg10=  536.50 steps=1425 succ10=0.90 touch10=0.90 col10=0.10 to10=0.00 min_d= 0.30 avg_spd=2.10m/s end=goal t= 2275.7s
[TRAIN][PPO] ep=140/500 r=  605.61 avg10=  536.39 steps=1585 succ10=0.90 touch10=0.90 col10=0.10 to10=0.00 min_d= 0.30 avg_spd=2.05m/s end=goal t= 2296.1s
[TRAIN][PPO] ep=141/500 r=  605.01 avg10=  535.99 steps=1602 succ10=0.90 touch10=0.90 col10=0.10 to10=0.00 min_d= 0.30 avg_spd=2.04m/s end=goal t= 2314.2s
[TRAIN][PPO] ep=142/500 r=  606.78 avg10=  536.21 steps=1461 succ10=0.90 touch10=0.90 col10=0.10 to10=0.00 min_d= 0.30 avg_spd=2.09m/s end=goal t= 2330.8s
[TRAIN][PPO] ep=143/500 r=  589.48 avg10=  535.67 steps=1407 succ10=0.90 touch10=0.90 col10=0.10 to10=0.00 min_d= 0.30 avg_spd=2.10m/s end=goal t= 2346.6s
[TRAIN][PPO] ep=144/500 r=  601.27 avg10=  534.39 steps=1449 succ10=0.90 touch10=0.90 col10=0.10 to10=0.00 min_d= 0.30 avg_spd=2.07m/s end=goal t= 2364.3s
[TRAIN][PPO] ep=145/500 r=  586.97 avg10=  597.30 steps=1597 succ10=1.00 touch10=1.00 col10=0.00 to10=0.00 min_d= 0.30 avg_spd=2.05m/s end=goal t= 2382.3s
[TRAIN][PPO] ep=146/500 r=  591.17 avg10=  596.25 steps=1415 succ10=1.00 touch10=1.00 col10=0.00 to10=0.00 min_d= 0.30 avg_spd=2.09m/s end=goal t= 2398.4s
[TRAIN][PPO] ep=147/500 r=  600.19 avg10=  596.93 steps=1599 succ10=1.00 touch10=1.00 col10=0.00 to10=0.00 min_d= 0.30 avg_spd=2.07m/s end=goal t= 2416.2s
[TRAIN][PPO] ep=148/500 r=  586.22 avg10=  597.00 steps=1394 succ10=1.00 touch10=1.00 col10=0.00 to10=0.00 min_d= 0.30 avg_spd=2.09m/s end=goal t= 2433.6s
[TRAIN][PPO] ep=149/500 r=  582.32 avg10=  595.50 steps=1606 succ10=1.00 touch10=1.00 col10=0.00 to10=0.00 min_d= 0.30 avg_spd=2.00m/s end=goal t= 2451.1s
[TRAIN][PPO] ep=150/500 r=  602.39 avg10=  595.18 steps=1452 succ10=1.00 touch10=1.00 col10=0.00 to10=0.00 min_d= 0.30 avg_spd=2.09m/s end=goal t= 2467.3s
[TRAIN][PPO] ep=151/500 r=  588.09 avg10=  593.49 steps=1396 succ10=1.00 touch10=1.00 col10=0.00 to10=0.00 min_d= 0.30 avg_spd=2.09m/s end=goal t= 2482.1s
[TRAIN][PPO] ep=152/500 r=  590.70 avg10=  591.88 steps=1418 succ10=1.00 touch10=1.00 col10=0.00 to10=0.00 min_d= 0.30 avg_spd=2.08m/s end=goal t= 2499.4s
[TRAIN][PPO] ep=153/500 r=  605.86 avg10=  593.52 steps=1460 succ10=1.00 touch10=1.00 col10=0.00 to10=0.00 min_d= 0.30 avg_spd=2.08m/s end=goal t= 2514.3s
[TRAIN][PPO] ep=154/500 r=  603.78 avg10=  593.77 steps=1461 succ10=1.00 touch10=1.00 col10=0.00 to10=0.00 min_d= 0.30 avg_spd=2.09m/s end=goal t= 2529.1s
[TRAIN][PPO] ep=155/500 r=  599.71 avg10=  595.04 steps=1428 succ10=1.00 touch10=1.00 col10=0.00 to10=0.00 min_d= 0.30 avg_spd=2.10m/s end=goal t= 2543.3s
[TRAIN][PPO] ep=156/500 r=  594.83 avg10=  595.41 steps=1426 succ10=1.00 touch10=1.00 col10=0.00 to10=0.00 min_d= 0.30 avg_spd=2.10m/s end=goal t= 2560.0s
[TRAIN][PPO] ep=157/500 r=  596.54 avg10=  595.04 steps=1424 succ10=1.00 touch10=1.00 col10=0.00 to10=0.00 min_d= 0.30 avg_spd=2.11m/s end=goal t= 2574.6s
[TRAIN][PPO] ep=158/500 r=  582.40 avg10=  594.66 steps=1395 succ10=1.00 touch10=1.00 col10=0.00 to10=0.00 min_d= 0.30 avg_spd=2.11m/s end=goal t= 2588.7s
[TRAIN][PPO] ep=159/500 r=  588.25 avg10=  595.26 steps=1414 succ10=1.00 touch10=1.00 col10=0.00 to10=0.00 min_d= 0.30 avg_spd=2.09m/s end=goal t= 2602.8s
[TRAIN][PPO] ep=160/500 r=  604.96 avg10=  595.51 steps=1446 succ10=1.00 touch10=1.00 col10=0.00 to10=0.00 min_d= 0.30 avg_spd=2.07m/s end=goal t= 2619.2s
[TRAIN][PPO] ep=161/500 r=  595.74 avg10=  596.28 steps=1428 succ10=1.00 touch10=1.00 col10=0.00 to10=0.00 min_d= 0.30 avg_spd=2.08m/s end=goal t= 2633.6s
[TRAIN][PPO] ep=162/500 r=  597.35 avg10=  596.94 steps=1446 succ10=1.00 touch10=1.00 col10=0.00 to10=0.00 min_d= 0.30 avg_spd=2.10m/s end=goal t= 2648.1s
[TRAIN][PPO] ep=163/500 r=  601.82 avg10=  596.54 steps=1453 succ10=1.00 touch10=1.00 col10=0.00 to10=0.00 min_d= 0.30 avg_spd=2.08m/s end=goal t= 2662.0s
[TRAIN][PPO] ep=164/500 r=  600.30 avg10=  596.19 steps=1462 succ10=1.00 touch10=1.00 col10=0.00 to10=0.00 min_d= 0.30 avg_spd=2.08m/s end=goal t= 2678.6s
[TRAIN][PPO] ep=165/500 r=  589.74 avg10=  595.20 steps=1408 succ10=1.00 touch10=1.00 col10=0.00 to10=0.00 min_d= 0.30 avg_spd=2.09m/s end=goal t= 2692.8s
[TRAIN][PPO] ep=166/500 r=  577.13 avg10=  593.43 steps=1557 succ10=1.00 touch10=1.00 col10=0.00 to10=0.00 min_d= 0.30 avg_spd=2.03m/s end=goal t= 2708.6s
[TRAIN][PPO] ep=167/500 r=  609.81 avg10=  594.75 steps=1607 succ10=1.00 touch10=1.00 col10=0.00 to10=0.00 min_d= 0.30 avg_spd=2.03m/s end=goal t= 2724.9s
[TRAIN][PPO] ep=168/500 r=  592.20 avg10=  595.73 steps=1432 succ10=1.00 touch10=1.00 col10=0.00 to10=0.00 min_d= 0.30 avg_spd=2.09m/s end=goal t= 2742.2s
[TRAIN][PPO] ep=169/500 r=  603.37 avg10=  597.24 steps=1463 succ10=1.00 touch10=1.00 col10=0.00 to10=0.00 min_d= 0.30 avg_spd=2.09m/s end=goal t= 2757.6s
[TRAIN][PPO] ep=170/500 r=  588.30 avg10=  595.58 steps=1557 succ10=1.00 touch10=1.00 col10=0.00 to10=0.00 min_d= 0.30 avg_spd=2.05m/s end=goal t= 2774.5s
[TRAIN][PPO] ep=171/500 r=  604.93 avg10=  596.50 steps=1448 succ10=1.00 touch10=1.00 col10=0.00 to10=0.00 min_d= 0.30 avg_spd=2.08m/s end=goal t= 2790.2s
[TRAIN][PPO] ep=172/500 r=  595.25 avg10=  596.29 steps=1439 succ10=1.00 touch10=1.00 col10=0.00 to10=0.00 min_d= 0.30 avg_spd=2.09m/s end=goal t= 2806.9s
[TRAIN][PPO] ep=173/500 r=  582.79 avg10=  594.38 steps=1379 succ10=1.00 touch10=1.00 col10=0.00 to10=0.00 min_d= 0.30 avg_spd=2.11m/s end=goal t= 2821.1s
[TRAIN][PPO] ep=174/500 r=  586.27 avg10=  592.98 steps=1386 succ10=1.00 touch10=1.00 col10=0.00 to10=0.00 min_d= 0.30 avg_spd=2.10m/s end=goal t= 2836.2s
[TRAIN][PPO] ep=175/500 r=  606.64 avg10=  594.67 steps=1569 succ10=1.00 touch10=1.00 col10=0.00 to10=0.00 min_d= 0.30 avg_spd=2.06m/s end=goal t= 2853.1s
[TRAIN][PPO] ep=176/500 r=  593.45 avg10=  596.30 steps=1431 succ10=1.00 touch10=1.00 col10=0.00 to10=0.00 min_d= 0.30 avg_spd=2.10m/s end=goal t= 2871.3s
[TRAIN][PPO] ep=177/500 r=  603.79 avg10=  595.70 steps=1441 succ10=1.00 touch10=1.00 col10=0.00 to10=0.00 min_d= 0.30 avg_spd=2.09m/s end=goal t= 2887.1s
[TRAIN][PPO] ep=178/500 r=  591.39 avg10=  595.62 steps=1417 succ10=1.00 touch10=1.00 col10=0.00 to10=0.00 min_d= 0.30 avg_spd=2.08m/s end=goal t= 2902.5s
[TRAIN][PPO] ep=179/500 r=  604.92 avg10=  595.77 steps=1461 succ10=1.00 touch10=1.00 col10=0.00 to10=0.00 min_d= 0.30 avg_spd=2.06m/s end=goal t= 2918.5s
[TRAIN][PPO] ep=180/500 r=  598.46 avg10=  596.79 steps=1424 succ10=1.00 touch10=1.00 col10=0.00 to10=0.00 min_d= 0.30 avg_spd=2.09m/s end=goal t= 2936.0s
[TRAIN][PPO] ep=181/500 r=  594.65 avg10=  595.76 steps=1579 succ10=1.00 touch10=1.00 col10=0.00 to10=0.00 min_d= 0.30 avg_spd=2.03m/s end=goal t= 2952.1s
[TRAIN][PPO] ep=182/500 r=  594.08 avg10=  595.64 steps=1430 succ10=1.00 touch10=1.00 col10=0.00 to10=0.00 min_d= 0.30 avg_spd=2.07m/s end=goal t= 2966.7s
[TRAIN][PPO] ep=183/500 r=  601.46 avg10=  597.51 steps=1445 succ10=1.00 touch10=1.00 col10=0.00 to10=0.00 min_d= 0.30 avg_spd=2.10m/s end=goal t= 2981.6s
[TRAIN][PPO] ep=184/500 r=  582.01 avg10=  597.09 steps=1565 succ10=1.00 touch10=1.00 col10=0.00 to10=0.00 min_d= 0.30 avg_spd=2.04m/s end=goal t= 2998.8s
[TRAIN][PPO] ep=185/500 r=  598.73 avg10=  596.29 steps=1434 succ10=1.00 touch10=1.00 col10=0.00 to10=0.00 min_d= 0.30 avg_spd=2.10m/s end=goal t= 3013.2s
[TRAIN][PPO] ep=186/500 r=  586.90 avg10=  595.64 steps=1541 succ10=1.00 touch10=1.00 col10=0.00 to10=0.00 min_d= 0.30 avg_spd=2.05m/s end=goal t= 3028.6s
[TRAIN][PPO] ep=187/500 r=  586.39 avg10=  593.90 steps=1584 succ10=1.00 touch10=1.00 col10=0.00 to10=0.00 min_d= 0.30 avg_spd=2.05m/s end=goal t= 3044.2s
[TRAIN][PPO] ep=188/500 r=  593.01 avg10=  594.06 steps=1423 succ10=1.00 touch10=1.00 col10=0.00 to10=0.00 min_d= 0.30 avg_spd=2.09m/s end=goal t= 3060.2s
[TRAIN][PPO] ep=189/500 r=  565.83 avg10=  590.15 steps=1562 succ10=1.00 touch10=1.00 col10=0.00 to10=0.00 min_d= 0.30 avg_spd=2.06m/s end=goal t= 3075.7s
[TRAIN][PPO] ep=190/500 r=  599.41 avg10=  590.25 steps=1433 succ10=1.00 touch10=1.00 col10=0.00 to10=0.00 min_d= 0.30 avg_spd=2.08m/s end=goal t= 3090.2s
[TRAIN][PPO] ep=191/500 r=  597.91 avg10=  590.57 steps=1418 succ10=1.00 touch10=1.00 col10=0.00 to10=0.00 min_d= 0.30 avg_spd=2.08m/s end=goal t= 3104.8s
[TRAIN][PPO] ep=192/500 r=  600.69 avg10=  591.23 steps=1446 succ10=1.00 touch10=1.00 col10=0.00 to10=0.00 min_d= 0.30 avg_spd=2.09m/s end=goal t= 3121.0s
[TRAIN][PPO] ep=193/500 r=  604.30 avg10=  591.52 steps=1452 succ10=1.00 touch10=1.00 col10=0.00 to10=0.00 min_d= 0.30 avg_spd=2.07m/s end=goal t= 3135.6s
[TRAIN][PPO] ep=194/500 r=  591.45 avg10=  592.46 steps=1418 succ10=1.00 touch10=1.00 col10=0.00 to10=0.00 min_d= 0.30 avg_spd=2.09m/s end=goal t= 3149.8s
[TRAIN][PPO] ep=195/500 r=  595.50 avg10=  592.14 steps=1417 succ10=1.00 touch10=1.00 col10=0.00 to10=0.00 min_d= 0.30 avg_spd=2.10m/s end=goal t= 3164.3s
[TRAIN][PPO] ep=196/500 r=  610.86 avg10=  594.54 steps=1459 succ10=1.00 touch10=1.00 col10=0.00 to10=0.00 min_d= 0.30 avg_spd=2.06m/s end=goal t= 3181.0s
[TRAIN][PPO] ep=197/500 r=  591.25 avg10=  595.02 steps=1421 succ10=1.00 touch10=1.00 col10=0.00 to10=0.00 min_d= 0.30 avg_spd=2.09m/s end=goal t= 3195.4s
[TRAIN][PPO] ep=198/500 r=  295.67 avg10=  565.29 steps=1133 succ10=0.90 touch10=0.90 col10=0.10 to10=0.00 min_d= 1.44 avg_spd=2.03m/s end=collision t= 3206.9s
[TRAIN][PPO] ep=199/500 r=  596.43 avg10=  568.35 steps=1562 succ10=0.90 touch10=0.90 col10=0.10 to10=0.00 min_d= 0.30 avg_spd=2.06m/s end=goal t= 3223.0s
[TRAIN][PPO] ep=200/500 r=  -36.82 avg10=  504.73 steps= 185 succ10=0.80 touch10=0.80 col10=0.20 to10=0.00 min_d= 3.79 avg_spd=1.68m/s end=collision t= 3226.3s ckpt=latest
[TRAIN][PPO] ep=201/500 r=  599.62 avg10=  504.90 steps=1453 succ10=0.80 touch10=0.80 col10=0.20 to10=0.00 min_d= 0.30 avg_spd=2.09m/s end=goal t= 3241.4s
[TRAIN][PPO] ep=202/500 r=  597.26 avg10=  504.55 steps=1436 succ10=0.80 touch10=0.80 col10=0.20 to10=0.00 min_d= 0.30 avg_spd=2.07m/s end=goal t= 3256.0s
[TRAIN][PPO] ep=203/500 r=  592.19 avg10=  503.34 steps=1437 succ10=0.80 touch10=0.80 col10=0.20 to10=0.00 min_d= 0.30 avg_spd=2.06m/s end=goal t= 3270.7s
[TRAIN][PPO] ep=204/500 r=  581.45 avg10=  502.34 steps=1596 succ10=0.80 touch10=0.80 col10=0.20 to10=0.00 min_d= 0.30 avg_spd=2.02m/s end=goal t= 3288.9s
[TRAIN][PPO] ep=205/500 r=  -42.61 avg10=  438.53 steps=  30 succ10=0.70 touch10=0.70 col10=0.30 to10=0.00 min_d= 3.84 avg_spd=1.47m/s end=collision t= 3289.3s
[TRAIN][PPO] ep=206/500 r=  -26.79 avg10=  374.77 steps= 176 succ10=0.60 touch10=0.60 col10=0.40 to10=0.00 min_d= 3.80 avg_spd=1.61m/s end=collision t= 3291.2s
[TRAIN][PPO] ep=207/500 r=  591.12 avg10=  374.75 steps=1430 succ10=0.60 touch10=0.60 col10=0.40 to10=0.00 min_d= 0.30 avg_spd=2.09m/s end=goal t= 3305.5s
[TRAIN][PPO] ep=208/500 r=  592.47 avg10=  404.43 steps=1420 succ10=0.70 touch10=0.70 col10=0.30 to10=0.00 min_d= 0.30 avg_spd=2.09m/s end=goal t= 3321.4s
[TRAIN][PPO] ep=209/500 r=  587.53 avg10=  403.54 steps=1396 succ10=0.70 touch10=0.70 col10=0.30 to10=0.00 min_d= 0.30 avg_spd=2.11m/s end=goal t= 3335.5s
[TRAIN][PPO] ep=210/500 r=  600.90 avg10=  467.32 steps=1447 succ10=0.80 touch10=0.80 col10=0.20 to10=0.00 min_d= 0.30 avg_spd=2.09m/s end=goal t= 3350.4s
[TRAIN][PPO] ep=211/500 r=  586.98 avg10=  466.05 steps=1585 succ10=0.80 touch10=0.80 col10=0.20 to10=0.00 min_d= 0.30 avg_spd=2.04m/s end=goal t= 3366.3s
[TRAIN][PPO] ep=212/500 r=  601.80 avg10=  466.51 steps=1443 succ10=0.80 touch10=0.80 col10=0.20 to10=0.00 min_d= 0.30 avg_spd=2.04m/s end=goal t= 3382.3s
[TRAIN][PPO] ep=213/500 r=  602.07 avg10=  467.49 steps=1461 succ10=0.80 touch10=0.80 col10=0.20 to10=0.00 min_d= 0.30 avg_spd=2.07m/s end=goal t= 3397.6s
[TRAIN][PPO] ep=214/500 r=  601.62 avg10=  469.51 steps=1447 succ10=0.80 touch10=0.80 col10=0.20 to10=0.00 min_d= 0.30 avg_spd=2.08m/s end=goal t= 3412.3s
[TRAIN][PPO] ep=215/500 r=  -27.43 avg10=  471.03 steps= 146 succ10=0.80 touch10=0.80 col10=0.20 to10=0.00 min_d= 3.82 avg_spd=1.82m/s end=collision t= 3413.8s
[TRAIN][PPO] ep=216/500 r=   65.81 avg10=  480.29 steps= 351 succ10=0.80 touch10=0.80 col10=0.20 to10=0.00 min_d= 3.09 avg_spd=2.02m/s end=collision t= 3418.3s
[TRAIN][PPO] ep=217/500 r=  602.53 avg10=  481.43 steps=1634 succ10=0.80 touch10=0.80 col10=0.20 to10=0.00 min_d= 0.30 avg_spd=2.02m/s end=goal t= 3435.1s
[TRAIN][PPO] ep=218/500 r=  593.64 avg10=  481.54 steps=1405 succ10=0.80 touch10=0.80 col10=0.20 to10=0.00 min_d= 0.30 avg_spd=2.07m/s end=goal t= 3449.7s
[TRAIN][PPO] ep=219/500 r=  615.22 avg10=  484.31 steps=1472 succ10=0.80 touch10=0.80 col10=0.20 to10=0.00 min_d= 0.30 avg_spd=2.06m/s end=goal t= 3464.7s
[TRAIN][PPO] ep=220/500 r=  610.04 avg10=  485.23 steps=1467 succ10=0.80 touch10=0.80 col10=0.20 to10=0.00 min_d= 0.30 avg_spd=2.04m/s end=goal t= 3482.2s
[TRAIN][PPO] ep=221/500 r=  595.76 avg10=  486.11 steps=1440 succ10=0.80 touch10=0.80 col10=0.20 to10=0.00 min_d= 0.30 avg_spd=2.08m/s end=goal t= 3497.1s
[TRAIN][PPO] ep=222/500 r=  606.75 avg10=  486.60 steps=1459 succ10=0.80 touch10=0.80 col10=0.20 to10=0.00 min_d= 0.30 avg_spd=2.03m/s end=goal t= 3512.1s
[TRAIN][PPO] ep=223/500 r=  613.17 avg10=  487.71 steps=1458 succ10=0.80 touch10=0.80 col10=0.20 to10=0.00 min_d= 0.30 avg_spd=2.07m/s end=goal t= 3526.3s
[TRAIN][PPO] ep=224/500 r=  598.32 avg10=  487.38 steps=1429 succ10=0.80 touch10=0.80 col10=0.20 to10=0.00 min_d= 0.30 avg_spd=2.09m/s end=goal t= 3541.9s
[TRAIN][PPO] ep=225/500 r=  575.04 avg10=  547.63 steps=1567 succ10=0.90 touch10=0.90 col10=0.10 to10=0.00 min_d= 0.30 avg_spd=2.03m/s end=goal t= 3557.1s
[TRAIN][PPO] ep=226/500 r=  593.13 avg10=  600.36 steps=1423 succ10=1.00 touch10=1.00 col10=0.00 to10=0.00 min_d= 0.30 avg_spd=2.06m/s end=goal t= 3570.9s
[TRAIN][PPO] ep=227/500 r=  595.14 avg10=  599.62 steps=1425 succ10=1.00 touch10=1.00 col10=0.00 to10=0.00 min_d= 0.30 avg_spd=2.09m/s end=goal t= 3584.6s
[TRAIN][PPO] ep=228/500 r=  607.06 avg10=  600.96 steps=1468 succ10=1.00 touch10=1.00 col10=0.00 to10=0.00 min_d= 0.30 avg_spd=2.05m/s end=goal t= 3600.2s
[TRAIN][PPO] ep=229/500 r=  597.66 avg10=  599.21 steps=1439 succ10=1.00 touch10=1.00 col10=0.00 to10=0.00 min_d= 0.30 avg_spd=2.07m/s end=goal t= 3614.2s
[TRAIN][PPO] ep=230/500 r=  608.02 avg10=  599.00 steps=1465 succ10=1.00 touch10=1.00 col10=0.00 to10=0.00 min_d= 0.30 avg_spd=2.08m/s end=goal t= 3628.4s
[TRAIN][PPO] ep=231/500 r=   72.22 avg10=  546.65 steps= 374 succ10=0.90 touch10=0.90 col10=0.10 to10=0.00 min_d= 3.12 avg_spd=1.96m/s end=collision t= 3632.1s
[TRAIN][PPO] ep=232/500 r=  605.58 avg10=  546.53 steps=1450 succ10=0.90 touch10=0.90 col10=0.10 to10=0.00 min_d= 0.30 avg_spd=2.07m/s end=goal t= 3648.3s
[TRAIN][PPO] ep=233/500 r=  612.77 avg10=  546.49 steps=1471 succ10=0.90 touch10=0.90 col10=0.10 to10=0.00 min_d= 0.30 avg_spd=2.05m/s end=goal t= 3662.7s
[TRAIN][PPO] ep=234/500 r=  599.68 avg10=  546.63 steps=1448 succ10=0.90 touch10=0.90 col10=0.10 to10=0.00 min_d= 0.30 avg_spd=2.07m/s end=goal t= 3676.8s
[TRAIN][PPO] ep=235/500 r=  604.06 avg10=  549.53 steps=1447 succ10=0.90 touch10=0.90 col10=0.10 to10=0.00 min_d= 0.30 avg_spd=2.07m/s end=goal t= 3691.0s
[TRAIN][PPO] ep=236/500 r=  604.36 avg10=  550.65 steps=1464 succ10=0.90 touch10=0.90 col10=0.10 to10=0.00 min_d= 0.30 avg_spd=2.07m/s end=goal t= 3708.0s
[TRAIN][PPO] ep=237/500 r=  600.62 avg10=  551.20 steps=1432 succ10=0.90 touch10=0.90 col10=0.10 to10=0.00 min_d= 0.30 avg_spd=2.08m/s end=goal t= 3722.0s
[TRAIN][PPO] ep=238/500 r=  596.89 avg10=  550.19 steps=1424 succ10=0.90 touch10=0.90 col10=0.10 to10=0.00 min_d= 0.30 avg_spd=2.06m/s end=goal t= 3735.5s
[TRAIN][PPO] ep=239/500 r=  609.13 avg10=  551.33 steps=1460 succ10=0.90 touch10=0.90 col10=0.10 to10=0.00 min_d= 0.30 avg_spd=2.04m/s end=goal t= 3749.4s
[TRAIN][PPO] ep=240/500 r=  603.41 avg10=  550.87 steps=1440 succ10=0.90 touch10=0.90 col10=0.10 to10=0.00 min_d= 0.30 avg_spd=2.08m/s end=goal t= 3764.1s
[TRAIN][PPO] ep=241/500 r=  597.58 avg10=  603.41 steps=1417 succ10=1.00 touch10=1.00 col10=0.00 to10=0.00 min_d= 0.30 avg_spd=2.07m/s end=goal t= 3777.4s
[TRAIN][PPO] ep=242/500 r=  595.55 avg10=  602.41 steps=1424 succ10=1.00 touch10=1.00 col10=0.00 to10=0.00 min_d= 0.30 avg_spd=2.07m/s end=goal t= 3790.6s
[TRAIN][PPO] ep=243/500 r=  596.43 avg10=  600.77 steps=1448 succ10=1.00 touch10=1.00 col10=0.00 to10=0.00 min_d= 0.30 avg_spd=2.04m/s end=goal t= 3804.2s
[TRAIN][PPO] ep=244/500 r=  594.23 avg10=  600.23 steps=1425 succ10=1.00 touch10=1.00 col10=0.00 to10=0.00 min_d= 0.30 avg_spd=2.07m/s end=goal t= 3819.9s
[TRAIN][PPO] ep=245/500 r=  602.88 avg10=  600.11 steps=1443 succ10=1.00 touch10=1.00 col10=0.00 to10=0.00 min_d= 0.30 avg_spd=2.07m/s end=goal t= 3833.6s
[TRAIN][PPO] ep=246/500 r=  587.14 avg10=  598.39 steps=1426 succ10=1.00 touch10=1.00 col10=0.00 to10=0.00 min_d= 0.30 avg_spd=2.08m/s end=goal t= 3847.3s
[TRAIN][PPO] ep=247/500 r=  606.77 avg10=  599.00 steps=1465 succ10=1.00 touch10=1.00 col10=0.00 to10=0.00 min_d= 0.30 avg_spd=2.08m/s end=goal t= 3860.9s
[TRAIN][PPO] ep=248/500 r=  605.27 avg10=  599.84 steps=1453 succ10=1.00 touch10=1.00 col10=0.00 to10=0.00 min_d= 0.30 avg_spd=2.09m/s end=goal t= 3876.1s
[TRAIN][PPO] ep=249/500 r=  601.39 avg10=  599.07 steps=1430 succ10=1.00 touch10=1.00 col10=0.00 to10=0.00 min_d= 0.30 avg_spd=2.08m/s end=goal t= 3889.6s
[TRAIN][PPO] ep=250/500 r=  604.62 avg10=  599.19 steps=1448 succ10=1.00 touch10=1.00 col10=0.00 to10=0.00 min_d= 0.30 avg_spd=2.06m/s end=goal t= 3903.3s
[TRAIN][PPO] ep=251/500 r=  593.53 avg10=  598.78 steps=1411 succ10=1.00 touch10=1.00 col10=0.00 to10=0.00 min_d= 0.30 avg_spd=2.07m/s end=goal t= 3916.2s
[TRAIN][PPO] ep=252/500 r=  601.25 avg10=  599.35 steps=1441 succ10=1.00 touch10=1.00 col10=0.00 to10=0.00 min_d= 0.30 avg_spd=2.08m/s end=goal t= 3931.9s
[TRAIN][PPO] ep=253/500 r=  603.29 avg10=  600.04 steps=1451 succ10=1.00 touch10=1.00 col10=0.00 to10=0.00 min_d= 0.30 avg_spd=2.06m/s end=goal t= 3945.7s
[TRAIN][PPO] ep=254/500 r=  606.47 avg10=  601.26 steps=1588 succ10=1.00 touch10=1.00 col10=0.00 to10=0.00 min_d= 0.30 avg_spd=2.04m/s end=goal t= 3961.0s
[TRAIN][PPO] ep=255/500 r=  606.37 avg10=  601.61 steps=1450 succ10=1.00 touch10=1.00 col10=0.00 to10=0.00 min_d= 0.30 avg_spd=2.10m/s end=goal t= 3974.7s
[TRAIN][PPO] ep=256/500 r=  599.53 avg10=  602.85 steps=1424 succ10=1.00 touch10=1.00 col10=0.00 to10=0.00 min_d= 0.30 avg_spd=2.06m/s end=goal t= 3990.5s
[TRAIN][PPO] ep=257/500 r=  599.09 avg10=  602.08 steps=1436 succ10=1.00 touch10=1.00 col10=0.00 to10=0.00 min_d= 0.30 avg_spd=2.07m/s end=goal t= 4004.2s
[TRAIN][PPO] ep=258/500 r=   59.73 avg10=  547.53 steps= 330 succ10=0.90 touch10=0.90 col10=0.10 to10=0.00 min_d= 3.12 avg_spd=2.02m/s end=collision t= 4007.3s
[TRAIN][PPO] ep=259/500 r=  616.01 avg10=  548.99 steps=1476 succ10=0.90 touch10=0.90 col10=0.10 to10=0.00 min_d= 0.30 avg_spd=2.04m/s end=goal t= 4021.3s
[TRAIN][PPO] ep=260/500 r=  601.21 avg10=  548.65 steps=1432 succ10=0.90 touch10=0.90 col10=0.10 to10=0.00 min_d= 0.30 avg_spd=2.09m/s end=goal t= 4036.3s
[TRAIN][PPO] ep=261/500 r=  593.93 avg10=  548.69 steps=1406 succ10=0.90 touch10=0.90 col10=0.10 to10=0.00 min_d= 0.30 avg_spd=2.07m/s end=goal t= 4049.5s
[TRAIN][PPO] ep=262/500 r=  599.25 avg10=  548.49 steps=1429 succ10=0.90 touch10=0.90 col10=0.10 to10=0.00 min_d= 0.30 avg_spd=2.06m/s end=goal t= 4063.2s
[TRAIN][PPO] ep=263/500 r=  593.30 avg10=  547.49 steps=1432 succ10=0.90 touch10=0.90 col10=0.10 to10=0.00 min_d= 0.30 avg_spd=2.08m/s end=goal t= 4077.1s
[TRAIN][PPO] ep=264/500 r=  608.97 avg10=  547.74 steps=1454 succ10=0.90 touch10=0.90 col10=0.10 to10=0.00 min_d= 0.30 avg_spd=2.06m/s end=goal t= 4092.2s
[TRAIN][PPO] ep=265/500 r=  601.71 avg10=  547.27 steps=1444 succ10=0.90 touch10=0.90 col10=0.10 to10=0.00 min_d= 0.30 avg_spd=2.05m/s end=goal t= 4105.9s
[TRAIN][PPO] ep=266/500 r=  607.60 avg10=  548.08 steps=1450 succ10=0.90 touch10=0.90 col10=0.10 to10=0.00 min_d= 0.30 avg_spd=2.05m/s end=goal t= 4119.6s
[TRAIN][PPO] ep=267/500 r=  610.45 avg10=  549.22 steps=1460 succ10=0.90 touch10=0.90 col10=0.10 to10=0.00 min_d= 0.30 avg_spd=2.06m/s end=goal t= 4133.6s
[TRAIN][PPO] ep=268/500 r=  602.42 avg10=  603.48 steps=1428 succ10=1.00 touch10=1.00 col10=0.00 to10=0.00 min_d= 0.30 avg_spd=2.08m/s end=goal t= 4148.6s
[TRAIN][PPO] ep=269/500 r=  604.96 avg10=  602.38 steps=1448 succ10=1.00 touch10=1.00 col10=0.00 to10=0.00 min_d= 0.30 avg_spd=2.05m/s end=goal t= 4161.9s
[TRAIN][PPO] ep=270/500 r=  610.99 avg10=  603.36 steps=1470 succ10=1.00 touch10=1.00 col10=0.00 to10=0.00 min_d= 0.30 avg_spd=2.07m/s end=goal t= 4176.1s
[TRAIN][PPO] ep=271/500 r=  610.50 avg10=  605.02 steps=1466 succ10=1.00 touch10=1.00 col10=0.00 to10=0.00 min_d= 0.30 avg_spd=2.06m/s end=goal t= 4190.1s
[TRAIN][PPO] ep=272/500 r=  170.43 avg10=  562.13 steps= 675 succ10=0.90 touch10=0.90 col10=0.10 to10=0.00 min_d= 2.31 avg_spd=2.06m/s end=collision t= 4197.9s
[TRAIN][PPO] ep=273/500 r=  603.05 avg10=  563.11 steps=1440 succ10=0.90 touch10=0.90 col10=0.10 to10=0.00 min_d= 0.30 avg_spd=2.06m/s end=goal t= 4211.6s
[TRAIN][PPO] ep=274/500 r=  599.94 avg10=  562.21 steps=1430 succ10=0.90 touch10=0.90 col10=0.10 to10=0.00 min_d= 0.30 avg_spd=2.07m/s end=goal t= 4225.5s
[TRAIN][PPO] ep=275/500 r=  599.24 avg10=  561.96 steps=1590 succ10=0.90 touch10=0.90 col10=0.10 to10=0.00 min_d= 0.30 avg_spd=2.05m/s end=goal t= 4240.6s
[TRAIN][PPO] ep=276/500 r=  600.94 avg10=  561.29 steps=1418 succ10=0.90 touch10=0.90 col10=0.10 to10=0.00 min_d= 0.30 avg_spd=2.07m/s end=goal t= 4255.3s
[TRAIN][PPO] ep=277/500 r=  594.81 avg10=  559.73 steps=1595 succ10=0.90 touch10=0.90 col10=0.10 to10=0.00 min_d= 0.30 avg_spd=2.01m/s end=goal t= 4270.5s
[TRAIN][PPO] ep=278/500 r=  606.74 avg10=  560.16 steps=1468 succ10=0.90 touch10=0.90 col10=0.10 to10=0.00 min_d= 0.30 avg_spd=2.05m/s end=goal t= 4284.7s
[TRAIN][PPO] ep=279/500 r=  596.18 avg10=  559.28 steps=1435 succ10=0.90 touch10=0.90 col10=0.10 to10=0.00 min_d= 0.30 avg_spd=2.09m/s end=goal t= 4298.8s
[TRAIN][PPO] ep=280/500 r=  611.97 avg10=  559.38 steps=1459 succ10=0.90 touch10=0.90 col10=0.10 to10=0.00 min_d= 0.30 avg_spd=2.07m/s end=goal t= 4315.0s
[TRAIN][PPO] ep=281/500 r=  592.87 avg10=  557.62 steps=1427 succ10=0.90 touch10=0.90 col10=0.10 to10=0.00 min_d= 0.30 avg_spd=2.08m/s end=goal t= 4328.7s
[TRAIN][PPO] ep=282/500 r=  600.75 avg10=  600.65 steps=1430 succ10=1.00 touch10=1.00 col10=0.00 to10=0.00 min_d= 0.30 avg_spd=2.07m/s end=goal t= 4342.4s
[TRAIN][PPO] ep=283/500 r=  602.84 avg10=  600.63 steps=1441 succ10=1.00 touch10=1.00 col10=0.00 to10=0.00 min_d= 0.30 avg_spd=2.08m/s end=goal t= 4356.1s
[TRAIN][PPO] ep=284/500 r=  596.23 avg10=  600.26 steps=1441 succ10=1.00 touch10=1.00 col10=0.00 to10=0.00 min_d= 0.30 avg_spd=2.07m/s end=goal t= 4372.7s
[TRAIN][PPO] ep=285/500 r=  589.55 avg10=  599.29 steps=1410 succ10=1.00 touch10=1.00 col10=0.00 to10=0.00 min_d= 0.30 avg_spd=2.08m/s end=goal t= 4387.0s
[TRAIN][PPO] ep=286/500 r=  607.51 avg10=  599.95 steps=1457 succ10=1.00 touch10=1.00 col10=0.00 to10=0.00 min_d= 0.30 avg_spd=2.08m/s end=goal t= 4402.3s
[TRAIN][PPO] ep=287/500 r=  601.40 avg10=  600.60 steps=1446 succ10=1.00 touch10=1.00 col10=0.00 to10=0.00 min_d= 0.30 avg_spd=2.07m/s end=goal t= 4417.4s
[TRAIN][PPO] ep=288/500 r=  596.79 avg10=  599.61 steps=1434 succ10=1.00 touch10=1.00 col10=0.00 to10=0.00 min_d= 0.30 avg_spd=2.06m/s end=goal t= 4432.3s
[TRAIN][PPO] ep=289/500 r=  592.65 avg10=  599.26 steps=1424 succ10=1.00 touch10=1.00 col10=0.00 to10=0.00 min_d= 0.30 avg_spd=2.07m/s end=goal t= 4445.1s
[TRAIN][PPO] ep=290/500 r=  613.76 avg10=  599.43 steps=1468 succ10=1.00 touch10=1.00 col10=0.00 to10=0.00 min_d= 0.30 avg_spd=2.07m/s end=goal t= 4459.2s
[TRAIN][PPO] ep=291/500 r=  605.13 avg10=  600.66 steps=1620 succ10=1.00 touch10=1.00 col10=0.00 to10=0.00 min_d= 0.30 avg_spd=2.03m/s end=goal t= 4475.1s
[TRAIN][PPO] ep=292/500 r=  608.58 avg10=  601.44 steps=1463 succ10=1.00 touch10=1.00 col10=0.00 to10=0.00 min_d= 0.30 avg_spd=2.06m/s end=goal t= 4490.6s
[TRAIN][PPO] ep=293/500 r=  604.89 avg10=  601.65 steps=1442 succ10=1.00 touch10=1.00 col10=0.00 to10=0.00 min_d= 0.30 avg_spd=2.05m/s end=goal t= 4503.4s
[TRAIN][PPO] ep=294/500 r=  596.72 avg10=  601.70 steps=1417 succ10=1.00 touch10=1.00 col10=0.00 to10=0.00 min_d= 0.30 avg_spd=2.08m/s end=goal t= 4516.4s
[TRAIN][PPO] ep=295/500 r=  595.95 avg10=  602.34 steps=1602 succ10=1.00 touch10=1.00 col10=0.00 to10=0.00 min_d= 0.30 avg_spd=2.05m/s end=goal t= 4531.1s
[TRAIN][PPO] ep=296/500 r=  598.77 avg10=  601.46 steps=1448 succ10=1.00 touch10=1.00 col10=0.00 to10=0.00 min_d= 0.30 avg_spd=2.07m/s end=goal t= 4545.7s
[TRAIN][PPO] ep=297/500 r=  607.96 avg10=  602.12 steps=1448 succ10=1.00 touch10=1.00 col10=0.00 to10=0.00 min_d= 0.30 avg_spd=2.06m/s end=goal t= 4559.2s
[TRAIN][PPO] ep=298/500 r=  587.91 avg10=  601.23 steps=1390 succ10=1.00 touch10=1.00 col10=0.00 to10=0.00 min_d= 0.30 avg_spd=2.09m/s end=goal t= 4572.5s
[TRAIN][PPO] ep=299/500 r=  594.46 avg10=  601.41 steps=1419 succ10=1.00 touch10=1.00 col10=0.00 to10=0.00 min_d= 0.30 avg_spd=2.10m/s end=goal t= 4585.6s
[TRAIN][PPO] ep=300/500 r=  586.45 avg10=  598.68 steps=1597 succ10=1.00 touch10=1.00 col10=0.00 to10=0.00 min_d= 0.30 avg_spd=2.05m/s end=goal t= 4602.3s ckpt=latest
[TRAIN][PPO] ep=301/500 r=  588.99 avg10=  597.07 steps=1385 succ10=1.00 touch10=1.00 col10=0.00 to10=0.00 min_d= 0.30 avg_spd=2.09m/s end=goal t= 4615.3s
[TRAIN][PPO] ep=302/500 r=   57.02 avg10=  541.91 steps= 329 succ10=0.90 touch10=0.90 col10=0.10 to10=0.00 min_d= 3.07 avg_spd=2.04m/s end=collision t= 4618.6s
[TRAIN][PPO] ep=303/500 r=  183.84 avg10=  499.81 steps= 705 succ10=0.80 touch10=0.80 col10=0.20 to10=0.00 min_d= 2.33 avg_spd=1.99m/s end=collision t= 4625.2s
[TRAIN][PPO] ep=304/500 r=  163.11 avg10=  456.45 steps= 640 succ10=0.70 touch10=0.70 col10=0.30 to10=0.00 min_d= 2.32 avg_spd=2.07m/s end=collision t= 4631.9s
[TRAIN][PPO] ep=305/500 r=  602.79 avg10=  457.13 steps=1430 succ10=0.70 touch10=0.70 col10=0.30 to10=0.00 min_d= 0.30 avg_spd=2.08m/s end=goal t= 4644.5s
[TRAIN][PPO] ep=306/500 r=  604.84 avg10=  457.74 steps=1447 succ10=0.70 touch10=0.70 col10=0.30 to10=0.00 min_d= 0.30 avg_spd=2.07m/s end=goal t= 4657.5s
[TRAIN][PPO] ep=307/500 r=  607.77 avg10=  457.72 steps=1455 succ10=0.70 touch10=0.70 col10=0.30 to10=0.00 min_d= 0.30 avg_spd=2.06m/s end=goal t= 4670.2s
[TRAIN][PPO] ep=308/500 r=  607.33 avg10=  459.66 steps=1452 succ10=0.70 touch10=0.70 col10=0.30 to10=0.00 min_d= 0.30 avg_spd=2.05m/s end=goal t= 4684.3s
[TRAIN][PPO] ep=309/500 r=  612.62 avg10=  461.48 steps=1467 succ10=0.70 touch10=0.70 col10=0.30 to10=0.00 min_d= 0.30 avg_spd=2.03m/s end=goal t= 4697.7s
[TRAIN][PPO] ep=310/500 r=  608.04 avg10=  463.63 steps=1607 succ10=0.70 touch10=0.70 col10=0.30 to10=0.00 min_d= 0.30 avg_spd=2.05m/s end=goal t= 4713.4s
[TRAIN][PPO] ep=311/500 r=  604.89 avg10=  465.22 steps=1448 succ10=0.70 touch10=0.70 col10=0.30 to10=0.00 min_d= 0.30 avg_spd=2.08m/s end=goal t= 4727.2s
[TRAIN][PPO] ep=312/500 r=  177.31 avg10=  477.25 steps= 681 succ10=0.70 touch10=0.70 col10=0.30 to10=0.00 min_d= 2.31 avg_spd=2.06m/s end=collision t= 4735.1s
[TRAIN][PPO] ep=313/500 r=  590.70 avg10=  517.94 steps=1576 succ10=0.80 touch10=0.80 col10=0.20 to10=0.00 min_d= 0.30 avg_spd=2.04m/s end=goal t= 4748.8s
[TRAIN][PPO] ep=314/500 r=  175.21 avg10=  519.15 steps= 691 succ10=0.80 touch10=0.80 col10=0.20 to10=0.00 min_d= 2.31 avg_spd=2.02m/s end=collision t= 4754.8s
[TRAIN][PPO] ep=315/500 r=  603.51 avg10=  519.22 steps=1447 succ10=0.80 touch10=0.80 col10=0.20 to10=0.00 min_d= 0.30 avg_spd=2.05m/s end=goal t= 4768.6s
[TRAIN][PPO] ep=316/500 r=   73.31 avg10=  466.07 steps= 370 succ10=0.70 touch10=0.70 col10=0.30 to10=0.00 min_d= 3.08 avg_spd=2.10m/s end=collision t= 4773.5s
[TRAIN][PPO] ep=317/500 r=  590.90 avg10=  464.38 steps=1561 succ10=0.70 touch10=0.70 col10=0.30 to10=0.00 min_d= 0.30 avg_spd=2.03m/s end=goal t= 4788.9s
[TRAIN][PPO] ep=318/500 r=  615.11 avg10=  465.16 steps=1473 succ10=0.70 touch10=0.70 col10=0.30 to10=0.00 min_d= 0.30 avg_spd=2.06m/s end=goal t= 4803.3s
[TRAIN][PPO] ep=319/500 r=  601.57 avg10=  464.05 steps=1427 succ10=0.70 touch10=0.70 col10=0.30 to10=0.00 min_d= 0.30 avg_spd=2.09m/s end=goal t= 4817.0s
[TRAIN][PPO] ep=320/500 r=  589.22 avg10=  462.17 steps=1384 succ10=0.70 touch10=0.70 col10=0.30 to10=0.00 min_d= 0.30 avg_spd=2.09m/s end=goal t= 4830.0s
[TRAIN][PPO] ep=321/500 r=  585.59 avg10=  460.24 steps=1556 succ10=0.70 touch10=0.70 col10=0.30 to10=0.00 min_d= 0.30 avg_spd=2.03m/s end=goal t= 4843.3s
[TRAIN][PPO] ep=322/500 r=  595.88 avg10=  502.10 steps=1434 succ10=0.80 touch10=0.80 col10=0.20 to10=0.00 min_d= 0.30 avg_spd=2.09m/s end=goal t= 4855.0s
[TRAIN][PPO] ep=323/500 r=  606.46 avg10=  503.68 steps=1448 succ10=0.80 touch10=0.80 col10=0.20 to10=0.00 min_d= 0.30 avg_spd=2.06m/s end=goal t= 4867.1s
[TRAIN][PPO] ep=324/500 r=  170.58 avg10=  503.21 steps= 663 succ10=0.80 touch10=0.80 col10=0.20 to10=0.00 min_d= 2.33 avg_spd=2.03m/s end=collision t= 4873.6s
[TRAIN][PPO] ep=325/500 r=  610.61 avg10=  503.92 steps=1461 succ10=0.80 touch10=0.80 col10=0.20 to10=0.00 min_d= 0.30 avg_spd=2.06m/s end=goal t= 4886.3s
[TRAIN][PPO] ep=326/500 r=   75.34 avg10=  504.13 steps= 386 succ10=0.80 touch10=0.80 col10=0.20 to10=0.00 min_d= 3.08 avg_spd=1.99m/s end=collision t= 4889.7s
[TRAIN][PPO] ep=327/500 r=  614.72 avg10=  506.51 steps=1466 succ10=0.80 touch10=0.80 col10=0.20 to10=0.00 min_d= 0.30 avg_spd=2.06m/s end=goal t= 4903.2s
[TRAIN][PPO] ep=328/500 r=  603.10 avg10=  505.31 steps=1427 succ10=0.80 touch10=0.80 col10=0.20 to10=0.00 min_d= 0.30 avg_spd=2.08m/s end=goal t= 4917.5s
[TRAIN][PPO] ep=329/500 r=  614.82 avg10=  506.63 steps=1480 succ10=0.80 touch10=0.80 col10=0.20 to10=0.00 min_d= 0.30 avg_spd=2.06m/s end=goal t= 4931.2s
[TRAIN][PPO] ep=330/500 r=  602.66 avg10=  507.98 steps=1441 succ10=0.80 touch10=0.80 col10=0.20 to10=0.00 min_d= 0.30 avg_spd=2.04m/s end=goal t= 4944.6s
[TRAIN][PPO] ep=331/500 r=  603.60 avg10=  509.78 steps=1444 succ10=0.80 touch10=0.80 col10=0.20 to10=0.00 min_d= 0.30 avg_spd=2.08m/s end=goal t= 4958.2s
[TRAIN][PPO] ep=332/500 r=  605.00 avg10=  510.69 steps=1438 succ10=0.80 touch10=0.80 col10=0.20 to10=0.00 min_d= 0.30 avg_spd=2.08m/s end=goal t= 4973.1s
[TRAIN][PPO] ep=333/500 r=  597.69 avg10=  509.81 steps=1444 succ10=0.80 touch10=0.80 col10=0.20 to10=0.00 min_d= 0.30 avg_spd=2.06m/s end=goal t= 4986.7s
[TRAIN][PPO] ep=334/500 r=  599.09 avg10=  552.66 steps=1415 succ10=0.90 touch10=0.90 col10=0.10 to10=0.00 min_d= 0.30 avg_spd=2.07m/s end=goal t= 4999.8s
[TRAIN][PPO] ep=335/500 r=  607.98 avg10=  552.40 steps=1458 succ10=0.90 touch10=0.90 col10=0.10 to10=0.00 min_d= 0.30 avg_spd=2.08m/s end=goal t= 5011.0s
[TRAIN][PPO] ep=336/500 r=  613.40 avg10=  606.21 steps=1456 succ10=1.00 touch10=1.00 col10=0.00 to10=0.00 min_d= 0.30 avg_spd=2.07m/s end=goal t= 5022.8s
[TRAIN][PPO] ep=337/500 r=  608.23 avg10=  605.56 steps=1446 succ10=1.00 touch10=1.00 col10=0.00 to10=0.00 min_d= 0.30 avg_spd=2.06m/s end=goal t= 5033.5s
[TRAIN][PPO] ep=338/500 r=  602.75 avg10=  605.52 steps=1568 succ10=1.00 touch10=1.00 col10=0.00 to10=0.00 min_d= 0.30 avg_spd=2.05m/s end=goal t= 5045.0s
[TRAIN][PPO] ep=339/500 r=  608.05 avg10=  604.85 steps=1452 succ10=1.00 touch10=1.00 col10=0.00 to10=0.00 min_d= 0.30 avg_spd=2.06m/s end=goal t= 5056.0s
[TRAIN][PPO] ep=340/500 r=  605.71 avg10=  605.15 steps=1445 succ10=1.00 touch10=1.00 col10=0.00 to10=0.00 min_d= 0.30 avg_spd=2.07m/s end=goal t= 5068.6s
[TRAIN][PPO] ep=341/500 r=  571.42 avg10=  601.93 steps=1551 succ10=1.00 touch10=1.00 col10=0.00 to10=0.00 min_d= 0.30 avg_spd=2.06m/s end=goal t= 5081.0s
[TRAIN][PPO] ep=342/500 r=  597.73 avg10=  601.21 steps=1424 succ10=1.00 touch10=1.00 col10=0.00 to10=0.00 min_d= 0.30 avg_spd=2.06m/s end=goal t= 5092.3s
[TRAIN][PPO] ep=343/500 r=  -43.46 avg10=  537.09 steps=  25 succ10=0.90 touch10=0.90 col10=0.10 to10=0.00 min_d= 3.84 avg_spd=1.66m/s end=collision t= 5092.5s
[TRAIN][PPO] ep=344/500 r=  607.91 avg10=  537.97 steps=1445 succ10=0.90 touch10=0.90 col10=0.10 to10=0.00 min_d= 0.30 avg_spd=2.08m/s end=goal t= 5104.9s
[TRAIN][PPO] ep=345/500 r=  596.35 avg10=  536.81 steps=1583 succ10=0.90 touch10=0.90 col10=0.10 to10=0.00 min_d= 0.30 avg_spd=2.06m/s end=goal t= 5117.2s
[TRAIN][PPO] ep=346/500 r=  577.73 avg10=  533.24 steps=1605 succ10=0.90 touch10=0.90 col10=0.10 to10=0.00 min_d= 0.30 avg_spd=2.03m/s end=goal t= 5129.8s
[TRAIN][PPO] ep=347/500 r=  602.40 avg10=  532.66 steps=1444 succ10=0.90 touch10=0.90 col10=0.10 to10=0.00 min_d= 0.30 avg_spd=2.07m/s end=goal t= 5141.4s
[TRAIN][PPO] ep=348/500 r=  604.59 avg10=  532.84 steps=1520 succ10=0.90 touch10=0.90 col10=0.10 to10=0.00 min_d= 0.30 avg_spd=2.00m/s end=goal t= 5155.2s
[TRAIN][PPO] ep=349/500 r=  291.68 avg10=  501.21 steps=1015 succ10=0.80 touch10=0.80 col10=0.20 to10=0.00 min_d= 1.43 avg_spd=2.07m/s end=collision t= 5163.7s
[TRAIN][PPO] ep=350/500 r=  608.46 avg10=  501.48 steps=1442 succ10=0.80 touch10=0.80 col10=0.20 to10=0.00 min_d= 0.30 avg_spd=2.07m/s end=goal t= 5175.7s
[TRAIN][PPO] ep=351/500 r=  609.28 avg10=  505.27 steps=1438 succ10=0.80 touch10=0.80 col10=0.20 to10=0.00 min_d= 0.30 avg_spd=2.09m/s end=goal t= 5187.9s
[TRAIN][PPO] ep=352/500 r=  605.54 avg10=  506.05 steps=1459 succ10=0.80 touch10=0.80 col10=0.20 to10=0.00 min_d= 0.30 avg_spd=2.05m/s end=goal t= 5201.0s
[TRAIN][PPO] ep=353/500 r=  348.69 avg10=  545.26 steps=1395 succ10=0.80 touch10=0.80 col10=0.20 to10=0.00 min_d= 0.85 avg_spd=2.02m/s end=collision t= 5212.5s
[TRAIN][PPO] ep=354/500 r=  602.77 avg10=  544.75 steps=1500 succ10=0.80 touch10=0.80 col10=0.20 to10=0.00 min_d= 0.30 avg_spd=2.08m/s end=goal t= 5225.0s
[TRAIN][PPO] ep=355/500 r=  604.15 avg10=  545.53 steps=1452 succ10=0.80 touch10=0.80 col10=0.20 to10=0.00 min_d= 0.30 avg_spd=2.06m/s end=goal t= 5236.7s
[TRAIN][PPO] ep=356/500 r=  567.25 avg10=  544.48 steps=1571 succ10=0.80 touch10=0.80 col10=0.20 to10=0.00 min_d= 0.30 avg_spd=2.05m/s end=goal t= 5250.1s
[TRAIN][PPO] ep=357/500 r=  592.84 avg10=  543.52 steps=1472 succ10=0.80 touch10=0.80 col10=0.20 to10=0.00 min_d= 0.30 avg_spd=2.05m/s end=goal t= 5261.5s
[TRAIN][PPO] ep=358/500 r=  591.38 avg10=  542.20 steps=1409 succ10=0.80 touch10=0.80 col10=0.20 to10=0.00 min_d= 0.30 avg_spd=2.08m/s end=goal t= 5272.5s
[TRAIN][PPO] ep=359/500 r=  596.20 avg10=  572.66 steps=1422 succ10=0.90 touch10=0.90 col10=0.10 to10=0.00 min_d= 0.30 avg_spd=2.10m/s end=goal t= 5283.7s
[TRAIN][PPO] ep=360/500 r=  605.29 avg10=  572.34 steps=1436 succ10=0.90 touch10=0.90 col10=0.10 to10=0.00 min_d= 0.30 avg_spd=2.09m/s end=goal t= 5295.9s
[TRAIN][PPO] ep=361/500 r=  606.68 avg10=  572.08 steps=1441 succ10=0.90 touch10=0.90 col10=0.10 to10=0.00 min_d= 0.30 avg_spd=2.09m/s end=goal t= 5307.0s
[TRAIN][PPO] ep=362/500 r=  591.57 avg10=  570.68 steps=1550 succ10=0.90 touch10=0.90 col10=0.10 to10=0.00 min_d= 0.30 avg_spd=2.07m/s end=goal t= 5319.3s
[TRAIN][PPO] ep=363/500 r=  595.04 avg10=  595.32 steps=1416 succ10=1.00 touch10=1.00 col10=0.00 to10=0.00 min_d= 0.30 avg_spd=2.07m/s end=goal t= 5330.2s
[TRAIN][PPO] ep=364/500 r=  602.09 avg10=  595.25 steps=1422 succ10=1.00 touch10=1.00 col10=0.00 to10=0.00 min_d= 0.30 avg_spd=2.10m/s end=goal t= 5342.5s
[TRAIN][PPO] ep=365/500 r=  600.18 avg10=  594.85 steps=1435 succ10=1.00 touch10=1.00 col10=0.00 to10=0.00 min_d= 0.30 avg_spd=2.07m/s end=goal t= 5353.8s
[TRAIN][PPO] ep=366/500 r=  596.07 avg10=  597.73 steps=1423 succ10=1.00 touch10=1.00 col10=0.00 to10=0.00 min_d= 0.30 avg_spd=2.06m/s end=goal t= 5365.6s
[TRAIN][PPO] ep=367/500 r=  599.22 avg10=  598.37 steps=1420 succ10=1.00 touch10=1.00 col10=0.00 to10=0.00 min_d= 0.30 avg_spd=2.07m/s end=goal t= 5377.0s
[TRAIN][PPO] ep=368/500 r=  591.54 avg10=  598.39 steps=1399 succ10=1.00 touch10=1.00 col10=0.00 to10=0.00 min_d= 0.30 avg_spd=2.09m/s end=goal t= 5389.6s
[TRAIN][PPO] ep=369/500 r=  598.17 avg10=  598.58 steps=1418 succ10=1.00 touch10=1.00 col10=0.00 to10=0.00 min_d= 0.30 avg_spd=2.08m/s end=goal t= 5401.0s
[TRAIN][PPO] ep=370/500 r=  602.11 avg10=  598.27 steps=1433 succ10=1.00 touch10=1.00 col10=0.00 to10=0.00 min_d= 0.30 avg_spd=2.09m/s end=goal t= 5412.2s
[TRAIN][PPO] ep=371/500 r=  609.15 avg10=  598.51 steps=1455 succ10=1.00 touch10=1.00 col10=0.00 to10=0.00 min_d= 0.30 avg_spd=2.06m/s end=goal t= 5423.4s
[TRAIN][PPO] ep=372/500 r=  611.98 avg10=  600.55 steps=1460 succ10=1.00 touch10=1.00 col10=0.00 to10=0.00 min_d= 0.30 avg_spd=2.08m/s end=goal t= 5435.4s
[TRAIN][PPO] ep=373/500 r=  592.36 avg10=  600.29 steps=1545 succ10=1.00 touch10=1.00 col10=0.00 to10=0.00 min_d= 0.30 avg_spd=2.09m/s end=goal t= 5447.4s
[TRAIN][PPO] ep=374/500 r=  596.09 avg10=  599.69 steps=1415 succ10=1.00 touch10=1.00 col10=0.00 to10=0.00 min_d= 0.30 avg_spd=2.06m/s end=goal t= 5458.2s
[TRAIN][PPO] ep=375/500 r=  595.20 avg10=  599.19 steps=1421 succ10=1.00 touch10=1.00 col10=0.00 to10=0.00 min_d= 0.30 avg_spd=2.07m/s end=goal t= 5469.1s
[TRAIN][PPO] ep=376/500 r=  601.57 avg10=  599.74 steps=1473 succ10=1.00 touch10=1.00 col10=0.00 to10=0.00 min_d= 0.30 avg_spd=2.05m/s end=goal t= 5482.6s
[TRAIN][PPO] ep=377/500 r=  607.61 avg10=  600.58 steps=1450 succ10=1.00 touch10=1.00 col10=0.00 to10=0.00 min_d= 0.30 avg_spd=2.06m/s end=goal t= 5494.4s
[TRAIN][PPO] ep=378/500 r=   53.99 avg10=  546.82 steps= 324 succ10=0.90 touch10=0.90 col10=0.10 to10=0.00 min_d= 3.12 avg_spd=2.07m/s end=collision t= 5497.1s
[TRAIN][PPO] ep=379/500 r=  599.13 avg10=  546.92 steps=1493 succ10=0.90 touch10=0.90 col10=0.10 to10=0.00 min_d= 0.30 avg_spd=2.04m/s end=goal t= 5508.4s
[TRAIN][PPO] ep=380/500 r=  612.85 avg10=  547.99 steps=1517 succ10=0.90 touch10=0.90 col10=0.10 to10=0.00 min_d= 0.30 avg_spd=2.05m/s end=goal t= 5520.1s
[TRAIN][PPO] ep=381/500 r=  593.05 avg10=  546.38 steps=1453 succ10=0.90 touch10=0.90 col10=0.10 to10=0.00 min_d= 0.30 avg_spd=2.08m/s end=goal t= 5530.2s
[TRAIN][PPO] ep=382/500 r=  599.04 avg10=  545.09 steps=1436 succ10=0.90 touch10=0.90 col10=0.10 to10=0.00 min_d= 0.30 avg_spd=2.07m/s end=goal t= 5540.5s
[TRAIN][PPO] ep=383/500 r=  603.54 avg10=  546.21 steps=1497 succ10=0.90 touch10=0.90 col10=0.10 to10=0.00 min_d= 0.30 avg_spd=2.08m/s end=goal t= 5550.9s
[TRAIN][PPO] ep=384/500 r=  575.55 avg10=  544.15 steps=1580 succ10=0.90 touch10=0.90 col10=0.10 to10=0.00 min_d= 0.30 avg_spd=2.02m/s end=goal t= 5563.2s
[TRAIN][PPO] ep=385/500 r=  609.66 avg10=  545.60 steps=1515 succ10=0.90 touch10=0.90 col10=0.10 to10=0.00 min_d= 0.30 avg_spd=2.03m/s end=goal t= 5573.9s
[TRAIN][PPO] ep=386/500 r=  598.13 avg10=  545.26 steps=1409 succ10=0.90 touch10=0.90 col10=0.10 to10=0.00 min_d= 0.30 avg_spd=2.09m/s end=goal t= 5583.6s
[TRAIN][PPO] ep=387/500 r=  618.09 avg10=  546.30 steps=1487 succ10=0.90 touch10=0.90 col10=0.10 to10=0.00 min_d= 0.30 avg_spd=2.05m/s end=goal t= 5593.7s
[TRAIN][PPO] ep=388/500 r=  606.55 avg10=  601.56 steps=1433 succ10=1.00 touch10=1.00 col10=0.00 to10=0.00 min_d= 0.30 avg_spd=2.09m/s end=goal t= 5604.8s
[TRAIN][PPO] ep=389/500 r=  578.94 avg10=  599.54 steps=1571 succ10=1.00 touch10=1.00 col10=0.00 to10=0.00 min_d= 0.30 avg_spd=2.06m/s end=goal t= 5616.2s
[TRAIN][PPO] ep=390/500 r=  610.84 avg10=  599.34 steps=1469 succ10=1.00 touch10=1.00 col10=0.00 to10=0.00 min_d= 0.30 avg_spd=2.06m/s end=goal t= 5626.2s
[TRAIN][PPO] ep=391/500 r=  608.88 avg10=  600.92 steps=1443 succ10=1.00 touch10=1.00 col10=0.00 to10=0.00 min_d= 0.30 avg_spd=2.09m/s end=goal t= 5636.3s
[TRAIN][PPO] ep=392/500 r=  599.60 avg10=  600.98 steps=1411 succ10=1.00 touch10=1.00 col10=0.00 to10=0.00 min_d= 0.30 avg_spd=2.10m/s end=goal t= 5647.5s
[TRAIN][PPO] ep=393/500 r=  591.65 avg10=  599.79 steps=1404 succ10=1.00 touch10=1.00 col10=0.00 to10=0.00 min_d= 0.30 avg_spd=2.09m/s end=goal t= 5657.2s
[TRAIN][PPO] ep=394/500 r=  607.87 avg10=  603.02 steps=1452 succ10=1.00 touch10=1.00 col10=0.00 to10=0.00 min_d= 0.30 avg_spd=2.08m/s end=goal t= 5667.1s
[TRAIN][PPO] ep=395/500 r=  601.46 avg10=  602.20 steps=1428 succ10=1.00 touch10=1.00 col10=0.00 to10=0.00 min_d= 0.30 avg_spd=2.10m/s end=goal t= 5677.1s
[TRAIN][PPO] ep=396/500 r=  602.34 avg10=  602.62 steps=1432 succ10=1.00 touch10=1.00 col10=0.00 to10=0.00 min_d= 0.30 avg_spd=2.09m/s end=goal t= 5688.0s
[TRAIN][PPO] ep=397/500 r=  617.79 avg10=  602.59 steps=1483 succ10=1.00 touch10=1.00 col10=0.00 to10=0.00 min_d= 0.30 avg_spd=2.05m/s end=goal t= 5698.0s
[TRAIN][PPO] ep=398/500 r=  593.74 avg10=  601.31 steps=1403 succ10=1.00 touch10=1.00 col10=0.00 to10=0.00 min_d= 0.30 avg_spd=2.09m/s end=goal t= 5707.9s
[TRAIN][PPO] ep=399/500 r=  603.83 avg10=  603.80 steps=1434 succ10=1.00 touch10=1.00 col10=0.00 to10=0.00 min_d= 0.30 avg_spd=2.10m/s end=goal t= 5718.1s
[TRAIN][PPO] ep=400/500 r=  596.00 avg10=  602.32 steps=1427 succ10=1.00 touch10=1.00 col10=0.00 to10=0.00 min_d= 0.30 avg_spd=2.06m/s end=goal t= 5729.2s ckpt=latest
[TRAIN][PPO] ep=401/500 r=  600.57 avg10=  601.48 steps=1422 succ10=1.00 touch10=1.00 col10=0.00 to10=0.00 min_d= 0.30 avg_spd=2.07m/s end=goal t= 5739.1s
[TRAIN][PPO] ep=402/500 r=  601.94 avg10=  601.72 steps=1435 succ10=1.00 touch10=1.00 col10=0.00 to10=0.00 min_d= 0.30 avg_spd=2.09m/s end=goal t= 5749.4s
[TRAIN][PPO] ep=403/500 r=  595.28 avg10=  602.08 steps=1425 succ10=1.00 touch10=1.00 col10=0.00 to10=0.00 min_d= 0.30 avg_spd=2.05m/s end=goal t= 5759.5s
[TRAIN][PPO] ep=404/500 r=  601.11 avg10=  601.41 steps=1583 succ10=1.00 touch10=1.00 col10=0.00 to10=0.00 min_d= 0.30 avg_spd=2.06m/s end=goal t= 5771.5s
[TRAIN][PPO] ep=405/500 r=  591.32 avg10=  600.39 steps=1426 succ10=1.00 touch10=1.00 col10=0.00 to10=0.00 min_d= 0.30 avg_spd=2.10m/s end=goal t= 5781.8s
[TRAIN][PPO] ep=406/500 r=  599.25 avg10=  600.08 steps=1429 succ10=1.00 touch10=1.00 col10=0.00 to10=0.00 min_d= 0.30 avg_spd=2.05m/s end=goal t= 5792.5s
[TRAIN][PPO] ep=407/500 r=  600.40 avg10=  598.34 steps=1418 succ10=1.00 touch10=1.00 col10=0.00 to10=0.00 min_d= 0.30 avg_spd=2.09m/s end=goal t= 5802.5s
[TRAIN][PPO] ep=408/500 r=  602.42 avg10=  599.21 steps=1436 succ10=1.00 touch10=1.00 col10=0.00 to10=0.00 min_d= 0.30 avg_spd=2.07m/s end=goal t= 5813.6s
[TRAIN][PPO] ep=409/500 r=  596.34 avg10=  598.46 steps=1427 succ10=1.00 touch10=1.00 col10=0.00 to10=0.00 min_d= 0.30 avg_spd=2.06m/s end=goal t= 5823.5s
[TRAIN][PPO] ep=410/500 r=  609.14 avg10=  599.78 steps=1444 succ10=1.00 touch10=1.00 col10=0.00 to10=0.00 min_d= 0.30 avg_spd=2.07m/s end=goal t= 5833.5s
[TRAIN][PPO] ep=411/500 r=  -40.06 avg10=  535.71 steps=  43 succ10=0.90 touch10=0.90 col10=0.10 to10=0.00 min_d= 3.84 avg_spd=1.20m/s end=collision t= 5833.9s
[TRAIN][PPO] ep=412/500 r=  599.42 avg10=  535.46 steps=1428 succ10=0.90 touch10=0.90 col10=0.10 to10=0.00 min_d= 0.30 avg_spd=2.06m/s end=goal t= 5844.3s
[TRAIN][PPO] ep=413/500 r=  294.69 avg10=  505.40 steps=1126 succ10=0.80 touch10=0.80 col10=0.20 to10=0.00 min_d= 1.45 avg_spd=2.05m/s end=collision t= 5852.4s
[TRAIN][PPO] ep=414/500 r=  602.23 avg10=  505.51 steps=1440 succ10=0.80 touch10=0.80 col10=0.20 to10=0.00 min_d= 0.30 avg_spd=2.10m/s end=goal t= 5862.6s
[TRAIN][PPO] ep=415/500 r=  601.79 avg10=  506.56 steps=1433 succ10=0.80 touch10=0.80 col10=0.20 to10=0.00 min_d= 0.30 avg_spd=2.06m/s end=goal t= 5872.6s
[TRAIN][PPO] ep=416/500 r=  170.21 avg10=  463.66 steps= 668 succ10=0.70 touch10=0.70 col10=0.30 to10=0.00 min_d= 2.33 avg_spd=2.02m/s end=collision t= 5878.3s
[TRAIN][PPO] ep=417/500 r=   58.09 avg10=  409.43 steps= 326 succ10=0.60 touch10=0.60 col10=0.40 to10=0.00 min_d= 3.07 avg_spd=2.07m/s end=collision t= 5880.5s
[TRAIN][PPO] ep=418/500 r=  605.84 avg10=  409.77 steps=1440 succ10=0.60 touch10=0.60 col10=0.40 to10=0.00 min_d= 0.30 avg_spd=2.08m/s end=goal t= 5890.3s
[TRAIN][PPO] ep=419/500 r=  610.11 avg10=  411.15 steps=1459 succ10=0.60 touch10=0.60 col10=0.40 to10=0.00 min_d= 0.30 avg_spd=2.06m/s end=goal t= 5900.5s
[TRAIN][PPO] ep=420/500 r=  607.64 avg10=  411.00 steps=1449 succ10=0.60 touch10=0.60 col10=0.40 to10=0.00 min_d= 0.30 avg_spd=2.09m/s end=goal t= 5911.1s
[TRAIN][PPO] ep=421/500 r=  595.89 avg10=  474.59 steps=1410 succ10=0.70 touch10=0.70 col10=0.30 to10=0.00 min_d= 0.30 avg_spd=2.10m/s end=goal t= 5920.9s
[TRAIN][PPO] ep=422/500 r=  586.63 avg10=  473.31 steps=1562 succ10=0.70 touch10=0.70 col10=0.30 to10=0.00 min_d= 0.30 avg_spd=2.05m/s end=goal t= 5931.8s
[TRAIN][PPO] ep=423/500 r=  590.06 avg10=  502.85 steps=1390 succ10=0.80 touch10=0.80 col10=0.20 to10=0.00 min_d= 0.30 avg_spd=2.10m/s end=goal t= 5941.8s
[TRAIN][PPO] ep=424/500 r=  599.97 avg10=  502.62 steps=1414 succ10=0.80 touch10=0.80 col10=0.20 to10=0.00 min_d= 0.30 avg_spd=2.11m/s end=goal t= 5952.7s
[TRAIN][PPO] ep=425/500 r=  610.38 avg10=  503.48 steps=1474 succ10=0.80 touch10=0.80 col10=0.20 to10=0.00 min_d= 0.30 avg_spd=2.05m/s end=goal t= 5963.2s
[TRAIN][PPO] ep=426/500 r=  606.12 avg10=  547.07 steps=1446 succ10=0.90 touch10=0.90 col10=0.10 to10=0.00 min_d= 0.30 avg_spd=2.09m/s end=goal t= 5973.4s
[TRAIN][PPO] ep=427/500 r=  578.77 avg10=  599.14 steps=1578 succ10=1.00 touch10=1.00 col10=0.00 to10=0.00 min_d= 0.30 avg_spd=2.06m/s end=goal t= 5984.9s
[TRAIN][PPO] ep=428/500 r=  602.53 avg10=  598.81 steps=1430 succ10=1.00 touch10=1.00 col10=0.00 to10=0.00 min_d= 0.30 avg_spd=2.06m/s end=goal t= 5995.4s
[TRAIN][PPO] ep=429/500 r=  605.59 avg10=  598.36 steps=1444 succ10=1.00 touch10=1.00 col10=0.00 to10=0.00 min_d= 0.30 avg_spd=2.08m/s end=goal t= 6004.9s
[TRAIN][PPO] ep=430/500 r=  595.17 avg10=  597.11 steps=1404 succ10=1.00 touch10=1.00 col10=0.00 to10=0.00 min_d= 0.30 avg_spd=2.07m/s end=goal t= 6014.2s
[TRAIN][PPO] ep=431/500 r=  601.47 avg10=  597.67 steps=1436 succ10=1.00 touch10=1.00 col10=0.00 to10=0.00 min_d= 0.30 avg_spd=2.05m/s end=goal t= 6024.1s
[TRAIN][PPO] ep=432/500 r=  602.08 avg10=  599.21 steps=1431 succ10=1.00 touch10=1.00 col10=0.00 to10=0.00 min_d= 0.30 avg_spd=2.08m/s end=goal t= 6034.8s
[TRAIN][PPO] ep=433/500 r=   72.16 avg10=  547.42 steps= 364 succ10=0.90 touch10=0.90 col10=0.10 to10=0.00 min_d= 3.09 avg_spd=2.08m/s end=collision t= 6037.2s
[TRAIN][PPO] ep=434/500 r=  598.88 avg10=  547.32 steps=1414 succ10=0.90 touch10=0.90 col10=0.10 to10=0.00 min_d= 0.30 avg_spd=2.08m/s end=goal t= 6046.8s
[TRAIN][PPO] ep=435/500 r=  601.37 avg10=  546.41 steps=1424 succ10=0.90 touch10=0.90 col10=0.10 to10=0.00 min_d= 0.30 avg_spd=2.09m/s end=goal t= 6056.5s
[TRAIN][PPO] ep=436/500 r=  602.10 avg10=  546.01 steps=1421 succ10=0.90 touch10=0.90 col10=0.10 to10=0.00 min_d= 0.30 avg_spd=2.09m/s end=goal t= 6067.2s
[TRAIN][PPO] ep=437/500 r=  603.98 avg10=  548.53 steps=1434 succ10=0.90 touch10=0.90 col10=0.10 to10=0.00 min_d= 0.30 avg_spd=2.10m/s end=goal t= 6076.9s
[TRAIN][PPO] ep=438/500 r=  600.36 avg10=  548.32 steps=1428 succ10=0.90 touch10=0.90 col10=0.10 to10=0.00 min_d= 0.30 avg_spd=2.11m/s end=goal t= 6087.1s
[TRAIN][PPO] ep=439/500 r=  593.59 avg10=  547.12 steps=1394 succ10=0.90 touch10=0.90 col10=0.10 to10=0.00 min_d= 0.30 avg_spd=2.11m/s end=goal t= 6097.3s
[TRAIN][PPO] ep=440/500 r=  159.48 avg10=  503.55 steps= 624 succ10=0.80 touch10=0.80 col10=0.20 to10=0.00 min_d= 2.34 avg_spd=2.08m/s end=collision t= 6102.3s
[TRAIN][PPO] ep=441/500 r=  598.38 avg10=  503.24 steps=1572 succ10=0.80 touch10=0.80 col10=0.20 to10=0.00 min_d= 0.30 avg_spd=2.07m/s end=goal t= 6113.1s
[TRAIN][PPO] ep=442/500 r=  587.12 avg10=  501.74 steps=1381 succ10=0.80 touch10=0.80 col10=0.20 to10=0.00 min_d= 0.30 avg_spd=2.10m/s end=goal t= 6122.9s
[TRAIN][PPO] ep=443/500 r=   72.31 avg10=  501.76 steps= 366 succ10=0.80 touch10=0.80 col10=0.20 to10=0.00 min_d= 3.10 avg_spd=2.05m/s end=collision t= 6125.5s
[TRAIN][PPO] ep=444/500 r=  602.67 avg10=  502.14 steps=1426 succ10=0.80 touch10=0.80 col10=0.20 to10=0.00 min_d= 0.30 avg_spd=2.11m/s end=goal t= 6136.4s
[TRAIN][PPO] ep=445/500 r=  604.62 avg10=  502.46 steps=1444 succ10=0.80 touch10=0.80 col10=0.20 to10=0.00 min_d= 0.30 avg_spd=2.08m/s end=goal t= 6146.4s
[TRAIN][PPO] ep=446/500 r=  601.92 avg10=  502.44 steps=1423 succ10=0.80 touch10=0.80 col10=0.20 to10=0.00 min_d= 0.30 avg_spd=2.09m/s end=goal t= 6156.0s
[TRAIN][PPO] ep=447/500 r=  597.50 avg10=  501.80 steps=1419 succ10=0.80 touch10=0.80 col10=0.20 to10=0.00 min_d= 0.30 avg_spd=2.08m/s end=goal t= 6166.1s
[TRAIN][PPO] ep=448/500 r=  594.51 avg10=  501.21 steps=1400 succ10=0.80 touch10=0.80 col10=0.20 to10=0.00 min_d= 0.30 avg_spd=2.10m/s end=goal t= 6176.9s
[TRAIN][PPO] ep=449/500 r=  592.51 avg10=  501.10 steps=1401 succ10=0.80 touch10=0.80 col10=0.20 to10=0.00 min_d= 0.30 avg_spd=2.08m/s end=goal t= 6186.6s
[TRAIN][PPO] ep=450/500 r=  608.58 avg10=  546.01 steps=1441 succ10=0.90 touch10=0.90 col10=0.10 to10=0.00 min_d= 0.30 avg_spd=2.09m/s end=goal t= 6196.1s
[TRAIN][PPO] ep=451/500 r=  612.01 avg10=  547.38 steps=1459 succ10=0.90 touch10=0.90 col10=0.10 to10=0.00 min_d= 0.30 avg_spd=2.08m/s end=goal t= 6206.2s
[TRAIN][PPO] ep=452/500 r=  587.43 avg10=  547.41 steps=1376 succ10=0.90 touch10=0.90 col10=0.10 to10=0.00 min_d= 0.30 avg_spd=2.12m/s end=goal t= 6216.7s
[TRAIN][PPO] ep=453/500 r=  590.51 avg10=  599.23 steps=1403 succ10=1.00 touch10=1.00 col10=0.00 to10=0.00 min_d= 0.30 avg_spd=2.09m/s end=goal t= 6225.9s
[TRAIN][PPO] ep=454/500 r=  604.93 avg10=  599.45 steps=1438 succ10=1.00 touch10=1.00 col10=0.00 to10=0.00 min_d= 0.30 avg_spd=2.10m/s end=goal t= 6236.1s
[TRAIN][PPO] ep=455/500 r=   55.29 avg10=  544.52 steps= 318 succ10=0.90 touch10=0.90 col10=0.10 to10=0.00 min_d= 3.10 avg_spd=2.08m/s end=collision t= 6238.2s
[TRAIN][PPO] ep=456/500 r=  582.30 avg10=  542.56 steps=1382 succ10=0.90 touch10=0.90 col10=0.10 to10=0.00 min_d= 0.30 avg_spd=2.11m/s end=goal t= 6248.4s
[TRAIN][PPO] ep=457/500 r=  593.08 avg10=  542.12 steps=1540 succ10=0.90 touch10=0.90 col10=0.10 to10=0.00 min_d= 0.30 avg_spd=2.07m/s end=goal t= 6258.7s
[TRAIN][PPO] ep=458/500 r=  286.91 avg10=  511.36 steps=1183 succ10=0.80 touch10=0.80 col10=0.20 to10=0.00 min_d= 1.42 avg_spd=2.03m/s end=collision t= 6266.9s
[TRAIN][PPO] ep=459/500 r=  155.84 avg10=  467.69 steps= 614 succ10=0.70 touch10=0.70 col10=0.30 to10=0.00 min_d= 2.32 avg_spd=2.11m/s end=collision t= 6271.4s
[TRAIN][PPO] ep=460/500 r=  597.81 avg10=  466.61 steps=1415 succ10=0.70 touch10=0.70 col10=0.30 to10=0.00 min_d= 0.30 avg_spd=2.11m/s end=goal t= 6281.6s
[TRAIN][PPO] ep=461/500 r=  563.07 avg10=  461.72 steps=1571 succ10=0.70 touch10=0.70 col10=0.30 to10=0.00 min_d= 0.30 avg_spd=2.06m/s end=goal t= 6292.8s
[TRAIN][PPO] ep=462/500 r=  273.68 avg10=  430.34 steps=1081 succ10=0.60 touch10=0.60 col10=0.40 to10=0.00 min_d= 1.46 avg_spd=2.05m/s end=collision t= 6300.1s
[TRAIN][PPO] ep=463/500 r=  589.17 avg10=  430.21 steps=1384 succ10=0.60 touch10=0.60 col10=0.40 to10=0.00 min_d= 0.30 avg_spd=2.10m/s end=goal t= 6309.6s
[TRAIN][PPO] ep=464/500 r=  588.25 avg10=  428.54 steps=1395 succ10=0.60 touch10=0.60 col10=0.40 to10=0.00 min_d= 0.30 avg_spd=2.11m/s end=goal t= 6320.3s
[TRAIN][PPO] ep=465/500 r=  582.82 avg10=  481.29 steps=1377 succ10=0.70 touch10=0.70 col10=0.30 to10=0.00 min_d= 0.30 avg_spd=2.12m/s end=goal t= 6329.3s
[TRAIN][PPO] ep=466/500 r=  584.69 avg10=  481.53 steps=1372 succ10=0.70 touch10=0.70 col10=0.30 to10=0.00 min_d= 0.30 avg_spd=2.12m/s end=goal t= 6338.9s
[TRAIN][PPO] ep=467/500 r=  599.57 avg10=  482.18 steps=1420 succ10=0.70 touch10=0.70 col10=0.30 to10=0.00 min_d= 0.30 avg_spd=2.10m/s end=goal t= 6349.0s
[TRAIN][PPO] ep=468/500 r=  164.41 avg10=  469.93 steps= 641 succ10=0.70 touch10=0.70 col10=0.30 to10=0.00 min_d= 2.28 avg_spd=2.12m/s end=collision t= 6354.1s
[TRAIN][PPO] ep=469/500 r=  597.34 avg10=  514.08 steps=1548 succ10=0.80 touch10=0.80 col10=0.20 to10=0.00 min_d= 0.30 avg_spd=2.07m/s end=goal t= 6365.0s
[TRAIN][PPO] ep=470/500 r=  597.10 avg10=  514.01 steps=1412 succ10=0.80 touch10=0.80 col10=0.20 to10=0.00 min_d= 0.30 avg_spd=2.09m/s end=goal t= 6375.0s
[TRAIN][PPO] ep=471/500 r=  583.70 avg10=  516.07 steps=1398 succ10=0.80 touch10=0.80 col10=0.20 to10=0.00 min_d= 0.30 avg_spd=2.10m/s end=goal t= 6384.7s
[TRAIN][PPO] ep=472/500 r=  561.62 avg10=  544.87 steps=1618 succ10=0.90 touch10=0.90 col10=0.10 to10=0.00 min_d= 0.30 avg_spd=2.03m/s end=goal t= 6397.5s
[TRAIN][PPO] ep=473/500 r=   70.66 avg10=  493.01 steps= 366 succ10=0.80 touch10=0.80 col10=0.20 to10=0.00 min_d= 3.11 avg_spd=2.07m/s end=collision t= 6400.1s
[TRAIN][PPO] ep=474/500 r=  603.01 avg10=  494.49 steps=1462 succ10=0.80 touch10=0.80 col10=0.20 to10=0.00 min_d= 0.30 avg_spd=2.09m/s end=goal t= 6410.6s
[TRAIN][PPO] ep=475/500 r=  584.28 avg10=  494.64 steps=1403 succ10=0.80 touch10=0.80 col10=0.20 to10=0.00 min_d= 0.30 avg_spd=2.11m/s end=goal t= 6420.1s
[TRAIN][PPO] ep=476/500 r=  589.84 avg10=  495.15 steps=1616 succ10=0.80 touch10=0.80 col10=0.20 to10=0.00 min_d= 0.30 avg_spd=2.03m/s end=goal t= 6433.0s
[TRAIN][PPO] ep=477/500 r=  595.47 avg10=  494.74 steps=1411 succ10=0.80 touch10=0.80 col10=0.20 to10=0.00 min_d= 0.30 avg_spd=2.09m/s end=goal t= 6443.0s
[TRAIN][PPO] ep=478/500 r=  589.00 avg10=  537.20 steps=1381 succ10=0.90 touch10=0.90 col10=0.10 to10=0.00 min_d= 0.30 avg_spd=2.10m/s end=goal t= 6452.7s
[TRAIN][PPO] ep=479/500 r=  609.02 avg10=  538.37 steps=1466 succ10=0.90 touch10=0.90 col10=0.10 to10=0.00 min_d= 0.30 avg_spd=2.08m/s end=goal t= 6463.1s
[TRAIN][PPO] ep=480/500 r=  603.59 avg10=  539.02 steps=1441 succ10=0.90 touch10=0.90 col10=0.10 to10=0.00 min_d= 0.30 avg_spd=2.09m/s end=goal t= 6473.9s
[TRAIN][PPO] ep=481/500 r=  587.15 avg10=  539.36 steps=1410 succ10=0.90 touch10=0.90 col10=0.10 to10=0.00 min_d= 0.30 avg_spd=2.10m/s end=goal t= 6483.2s
[TRAIN][PPO] ep=482/500 r=  598.50 avg10=  543.05 steps=1430 succ10=0.90 touch10=0.90 col10=0.10 to10=0.00 min_d= 0.30 avg_spd=2.08m/s end=goal t= 6491.9s
[TRAIN][PPO] ep=483/500 r=  590.55 avg10=  595.04 steps=1563 succ10=1.00 touch10=1.00 col10=0.00 to10=0.00 min_d= 0.30 avg_spd=2.08m/s end=goal t= 6502.3s
[TRAIN][PPO] ep=484/500 r=  601.08 avg10=  594.85 steps=1426 succ10=1.00 touch10=1.00 col10=0.00 to10=0.00 min_d= 0.30 avg_spd=2.11m/s end=goal t= 6513.5s
[TRAIN][PPO] ep=485/500 r=  592.44 avg10=  595.66 steps=1421 succ10=1.00 touch10=1.00 col10=0.00 to10=0.00 min_d= 0.30 avg_spd=2.11m/s end=goal t= 6523.1s
[TRAIN][PPO] ep=486/500 r=  592.81 avg10=  595.96 steps=1399 succ10=1.00 touch10=1.00 col10=0.00 to10=0.00 min_d= 0.30 avg_spd=2.11m/s end=goal t= 6532.9s
[TRAIN][PPO] ep=487/500 r=  560.81 avg10=  592.49 steps=1566 succ10=1.00 touch10=1.00 col10=0.00 to10=0.00 min_d= 0.30 avg_spd=2.08m/s end=goal t= 6544.2s
[TRAIN][PPO] ep=488/500 r=  592.19 avg10=  592.81 steps=1551 succ10=1.00 touch10=1.00 col10=0.00 to10=0.00 min_d= 0.30 avg_spd=2.07m/s end=goal t= 6556.2s
[TRAIN][PPO] ep=489/500 r=  592.32 avg10=  591.14 steps=1554 succ10=1.00 touch10=1.00 col10=0.00 to10=0.00 min_d= 0.30 avg_spd=2.08m/s end=goal t= 6567.3s
[TRAIN][PPO] ep=490/500 r=  600.03 avg10=  590.79 steps=1423 succ10=1.00 touch10=1.00 col10=0.00 to10=0.00 min_d= 0.30 avg_spd=2.10m/s end=goal t= 6576.7s
[TRAIN][PPO] ep=491/500 r=  599.13 avg10=  591.98 steps=1413 succ10=1.00 touch10=1.00 col10=0.00 to10=0.00 min_d= 0.30 avg_spd=2.11m/s end=goal t= 6586.7s
[TRAIN][PPO] ep=492/500 r=  593.22 avg10=  591.46 steps=1400 succ10=1.00 touch10=1.00 col10=0.00 to10=0.00 min_d= 0.30 avg_spd=2.10m/s end=goal t= 6597.6s
[TRAIN][PPO] ep=493/500 r=  590.73 avg10=  591.47 steps=1551 succ10=1.00 touch10=1.00 col10=0.00 to10=0.00 min_d= 0.30 avg_spd=2.07m/s end=goal t= 6608.6s
[TRAIN][PPO] ep=494/500 r=  585.87 avg10=  589.95 steps=1396 succ10=1.00 touch10=1.00 col10=0.00 to10=0.00 min_d= 0.30 avg_spd=2.10m/s end=goal t= 6617.7s
[TRAIN][PPO] ep=495/500 r=  602.38 avg10=  590.95 steps=1434 succ10=1.00 touch10=1.00 col10=0.00 to10=0.00 min_d= 0.30 avg_spd=2.10m/s end=goal t= 6627.9s
[TRAIN][PPO] ep=496/500 r=  600.14 avg10=  591.68 steps=1424 succ10=1.00 touch10=1.00 col10=0.00 to10=0.00 min_d= 0.30 avg_spd=2.11m/s end=goal t= 6638.8s
[TRAIN][PPO] ep=497/500 r=  608.05 avg10=  596.40 steps=1449 succ10=1.00 touch10=1.00 col10=0.00 to10=0.00 min_d= 0.30 avg_spd=2.08m/s end=goal t= 6648.7s
[TRAIN][PPO] ep=498/500 r=  584.90 avg10=  595.68 steps=1394 succ10=1.00 touch10=1.00 col10=0.00 to10=0.00 min_d= 0.30 avg_spd=2.10m/s end=goal t= 6658.5s
[TRAIN][PPO] ep=499/500 r=  590.84 avg10=  595.53 steps=1400 succ10=1.00 touch10=1.00 col10=0.00 to10=0.00 min_d= 0.30 avg_spd=2.11m/s end=goal t= 6668.3s
INFO: PPO: Terminating.
[RUN] completed stage checkpoint=/uio/hume/student-u79/esbrovol/fys5429/DRL-Obstacle-Avoidance/controllers/PPO/checkpoints/20260525_141956_lstm_seed01_stage10_train_10_full/final_20260525_141956_lstm_seed01_stage10_train_10_full.pth
[RUN] curriculum complete arch=lstm seed=1
