[MOVING] arch=none initial checkpoint=/uio/hume/student-u79/esbrovol/fys5429/DRL-Obstacle-Avoidance/controllers/PPO/checkpoints/20260525_141956_none_seed01_stage10_train_10_full/final_20260525_141956_none_seed01_stage10_train_10_full.pth
[MOVING] stage=1/5 name=partial_moving_1
[MOVING] resume_from=/uio/hume/student-u79/esbrovol/fys5429/DRL-Obstacle-Avoidance/controllers/PPO/checkpoints/20260525_141956_none_seed01_stage10_train_10_full/final_20260525_141956_none_seed01_stage10_train_10_full.pth
[MOVING] command=/uio/hume/student-u79/esbrovol/fys5429/DRL-Obstacle-Avoidance/venv/bin/python controllers/run.py worker --arch none --seed 1 --run-group moving_20260603_110455_step01_partial_moving_1 --resume-from /uio/hume/student-u79/esbrovol/fys5429/DRL-Obstacle-Avoidance/controllers/PPO/checkpoints/20260525_141956_none_seed01_stage10_train_10_full/final_20260525_141956_none_seed01_stage10_train_10_full.pth --worlds worlds/training/train_11_partial_moving.wbt --moving-obstacle-indices 0
[RUN] arch=none seed=1 stage=1/1 world=/uio/hume/student-u79/esbrovol/fys5429/DRL-Obstacle-Avoidance/worlds/training/train_11_partial_moving.wbt
[RUN] resuming from /uio/hume/student-u79/esbrovol/fys5429/DRL-Obstacle-Avoidance/controllers/PPO/checkpoints/20260525_141956_none_seed01_stage10_train_10_full/final_20260525_141956_none_seed01_stage10_train_10_full.pth
INFO: PPO: Starting controller: python3 -u PPO.py
[PPO] Using architecture: NONE
[PPO] Loaded architecture: NONE
[TRAIN][PPO] arch=NONE weights_dir=/uio/hume/student-u79/esbrovol/fys5429/DRL-Obstacle-Avoidance/controllers/PPO/checkpoints/moving_20260603_110455_step01_partial_moving_1_none_seed01_stage01_train_11_partial_moving final=/uio/hume/student-u79/esbrovol/fys5429/DRL-Obstacle-Avoidance/controllers/PPO/checkpoints/moving_20260603_110455_step01_partial_moving_1_none_seed01_stage01_train_11_partial_moving/final_moving_20260603_110455_step01_partial_moving_1_none_seed01_stage01_train_11_partial_moving.pth
[TRAIN][PPO] episodes=500 update_every=4 obs=31 act=2 cell=NONE seq=32 burn_in=0
[TRAIN][PPO] ep=001/500 r=  -34.85 avg10=  -34.85 steps= 140 succ10=0.00 touch10=0.00 col10=1.00 to10=0.00 min_d= 3.83 avg_spd=1.96m/s end=collision t=    1.5s ckpt=best
[TRAIN][PPO] ep=002/500 r=  585.96 avg10=  275.56 steps=1402 succ10=0.50 touch10=0.50 col10=0.50 to10=0.00 min_d= 0.30 avg_spd=2.17m/s end=goal t=   14.2s ckpt=best_goal
[TRAIN][PPO] ep=003/500 r=  580.99 avg10=  377.37 steps=1394 succ10=0.67 touch10=0.67 col10=0.33 to10=0.00 min_d= 0.30 avg_spd=2.16m/s end=goal t=   26.6s
[TRAIN][PPO] ep=004/500 r=  581.59 avg10=  428.43 steps=1545 succ10=0.75 touch10=0.75 col10=0.25 to10=0.00 min_d= 0.30 avg_spd=2.14m/s end=goal t=   41.5s
[TRAIN][PPO] ep=005/500 r=  576.72 avg10=  458.08 steps=1379 succ10=0.80 touch10=0.80 col10=0.20 to10=0.00 min_d= 0.30 avg_spd=2.17m/s end=goal t=   54.0s
[TRAIN][PPO] ep=006/500 r=  589.89 avg10=  480.05 steps=1423 succ10=0.83 touch10=0.83 col10=0.17 to10=0.00 min_d= 0.30 avg_spd=2.15m/s end=goal t=   66.8s ckpt=best_goal
[TRAIN][PPO] ep=007/500 r=  570.98 avg10=  493.04 steps=1367 succ10=0.86 touch10=0.86 col10=0.14 to10=0.00 min_d= 0.30 avg_spd=2.16m/s end=goal t=   79.1s
[TRAIN][PPO] ep=008/500 r=  -40.07 avg10=  426.40 steps=  43 succ10=0.75 touch10=0.75 col10=0.25 to10=0.00 min_d= 3.81 avg_spd=2.23m/s end=collision t=   80.3s
[TRAIN][PPO] ep=009/500 r=  592.09 avg10=  444.81 steps=1434 succ10=0.78 touch10=0.78 col10=0.22 to10=0.00 min_d= 0.30 avg_spd=2.14m/s end=goal t=   93.2s ckpt=best_goal
[TRAIN][PPO] ep=010/500 r=  593.54 avg10=  459.69 steps=1447 succ10=0.80 touch10=0.80 col10=0.20 to10=0.00 min_d= 0.30 avg_spd=2.13m/s end=goal t=  106.3s ckpt=best_goal
[TRAIN][PPO] ep=011/500 r=  585.11 avg10=  521.68 steps=1409 succ10=0.90 touch10=0.90 col10=0.10 to10=0.00 min_d= 0.30 avg_spd=2.14m/s end=goal t=  118.9s
[TRAIN][PPO] ep=012/500 r=  562.12 avg10=  519.30 steps=1510 succ10=0.90 touch10=0.90 col10=0.10 to10=0.00 min_d= 0.30 avg_spd=2.15m/s end=goal t=  133.7s
[TRAIN][PPO] ep=013/500 r=  578.04 avg10=  519.00 steps=1403 succ10=0.90 touch10=0.90 col10=0.10 to10=0.00 min_d= 0.30 avg_spd=2.15m/s end=goal t=  146.3s
[TRAIN][PPO] ep=014/500 r=  582.61 avg10=  519.10 steps=1550 succ10=0.90 touch10=0.90 col10=0.10 to10=0.00 min_d= 0.30 avg_spd=2.13m/s end=goal t=  161.0s
[TRAIN][PPO] ep=015/500 r=  586.31 avg10=  520.06 steps=1414 succ10=0.90 touch10=0.90 col10=0.10 to10=0.00 min_d= 0.30 avg_spd=2.14m/s end=goal t=  173.9s
[TRAIN][PPO] ep=016/500 r=  585.84 avg10=  519.66 steps=1500 succ10=0.90 touch10=0.90 col10=0.10 to10=0.00 min_d= 0.30 avg_spd=2.15m/s end=goal t=  188.4s
[TRAIN][PPO] ep=017/500 r=  586.49 avg10=  521.21 steps=1407 succ10=0.90 touch10=0.90 col10=0.10 to10=0.00 min_d= 0.30 avg_spd=2.12m/s end=goal t=  201.1s
[TRAIN][PPO] ep=018/500 r=  583.74 avg10=  583.59 steps=1397 succ10=1.00 touch10=1.00 col10=0.00 to10=0.00 min_d= 0.30 avg_spd=2.15m/s end=goal t=  213.4s
[TRAIN][PPO] ep=019/500 r=  591.44 avg10=  583.52 steps=1427 succ10=1.00 touch10=1.00 col10=0.00 to10=0.00 min_d= 0.30 avg_spd=2.14m/s end=goal t=  226.1s
[TRAIN][PPO] ep=020/500 r=  591.20 avg10=  583.29 steps=1426 succ10=1.00 touch10=1.00 col10=0.00 to10=0.00 min_d= 0.30 avg_spd=2.15m/s end=goal t=  239.8s
[TRAIN][PPO] ep=021/500 r=  587.97 avg10=  583.58 steps=1407 succ10=1.00 touch10=1.00 col10=0.00 to10=0.00 min_d= 0.30 avg_spd=2.14m/s end=goal t=  252.4s
[TRAIN][PPO] ep=022/500 r=  584.68 avg10=  585.83 steps=1422 succ10=1.00 touch10=1.00 col10=0.00 to10=0.00 min_d= 0.30 avg_spd=2.12m/s end=goal t=  265.0s
[TRAIN][PPO] ep=023/500 r=  585.00 avg10=  586.53 steps=1412 succ10=1.00 touch10=1.00 col10=0.00 to10=0.00 min_d= 0.30 avg_spd=2.14m/s end=goal t=  277.7s
[TRAIN][PPO] ep=024/500 r=  587.45 avg10=  587.01 steps=1411 succ10=1.00 touch10=1.00 col10=0.00 to10=0.00 min_d= 0.30 avg_spd=2.16m/s end=goal t=  291.3s
[TRAIN][PPO] ep=025/500 r=  593.91 avg10=  587.77 steps=1435 succ10=1.00 touch10=1.00 col10=0.00 to10=0.00 min_d= 0.30 avg_spd=2.13m/s end=goal t=  304.1s ckpt=best_goal
[TRAIN][PPO] ep=026/500 r=  579.64 avg10=  587.15 steps=1403 succ10=1.00 touch10=1.00 col10=0.00 to10=0.00 min_d= 0.30 avg_spd=2.14m/s end=goal t=  316.6s
[TRAIN][PPO] ep=027/500 r=  583.09 avg10=  586.81 steps=1401 succ10=1.00 touch10=1.00 col10=0.00 to10=0.00 min_d= 0.30 avg_spd=2.14m/s end=goal t=  329.1s
[TRAIN][PPO] ep=028/500 r=  587.55 avg10=  587.19 steps=1412 succ10=1.00 touch10=1.00 col10=0.00 to10=0.00 min_d= 0.30 avg_spd=2.15m/s end=goal t=  342.8s
[TRAIN][PPO] ep=029/500 r=  581.12 avg10=  586.16 steps=1401 succ10=1.00 touch10=1.00 col10=0.00 to10=0.00 min_d= 0.30 avg_spd=2.12m/s end=goal t=  355.3s
[TRAIN][PPO] ep=030/500 r=  592.60 avg10=  586.30 steps=1435 succ10=1.00 touch10=1.00 col10=0.00 to10=0.00 min_d= 0.30 avg_spd=2.14m/s end=goal t=  368.0s
[TRAIN][PPO] ep=031/500 r=  584.98 avg10=  586.00 steps=1407 succ10=1.00 touch10=1.00 col10=0.00 to10=0.00 min_d= 0.30 avg_spd=2.14m/s end=goal t=  380.6s
[TRAIN][PPO] ep=032/500 r=  561.40 avg10=  583.67 steps=1518 succ10=1.00 touch10=1.00 col10=0.00 to10=0.00 min_d= 0.30 avg_spd=2.10m/s end=goal t=  395.0s
[TRAIN][PPO] ep=033/500 r=  579.15 avg10=  583.09 steps=1390 succ10=1.00 touch10=1.00 col10=0.00 to10=0.00 min_d= 0.30 avg_spd=2.16m/s end=goal t=  407.5s
[TRAIN][PPO] ep=034/500 r=  579.43 avg10=  582.29 steps=1399 succ10=1.00 touch10=1.00 col10=0.00 to10=0.00 min_d= 0.30 avg_spd=2.13m/s end=goal t=  420.3s
[TRAIN][PPO] ep=035/500 r=  582.43 avg10=  581.14 steps=1407 succ10=1.00 touch10=1.00 col10=0.00 to10=0.00 min_d= 0.30 avg_spd=2.14m/s end=goal t=  432.9s
[TRAIN][PPO] ep=036/500 r=  586.16 avg10=  581.79 steps=1418 succ10=1.00 touch10=1.00 col10=0.00 to10=0.00 min_d= 0.30 avg_spd=2.13m/s end=goal t=  446.3s
[TRAIN][PPO] ep=037/500 r=   68.01 avg10=  530.28 steps= 368 succ10=0.90 touch10=0.90 col10=0.10 to10=0.00 min_d= 3.07 avg_spd=2.15m/s end=collision t=  449.6s
[TRAIN][PPO] ep=038/500 r=  595.95 avg10=  531.12 steps=1442 succ10=0.90 touch10=0.90 col10=0.10 to10=0.00 min_d= 0.30 avg_spd=2.14m/s end=goal t=  462.5s ckpt=best_goal
[TRAIN][PPO] ep=039/500 r=  580.34 avg10=  531.04 steps=1397 succ10=0.90 touch10=0.90 col10=0.10 to10=0.00 min_d= 0.30 avg_spd=2.12m/s end=goal t=  474.9s
[TRAIN][PPO] ep=040/500 r=  587.21 avg10=  530.51 steps=1483 succ10=0.90 touch10=0.90 col10=0.10 to10=0.00 min_d= 0.30 avg_spd=2.16m/s end=goal t=  488.9s
[TRAIN][PPO] ep=041/500 r=  591.76 avg10=  531.18 steps=1428 succ10=0.90 touch10=0.90 col10=0.10 to10=0.00 min_d= 0.30 avg_spd=2.14m/s end=goal t=  501.8s
[TRAIN][PPO] ep=042/500 r=  589.93 avg10=  534.04 steps=1426 succ10=0.90 touch10=0.90 col10=0.10 to10=0.00 min_d= 0.30 avg_spd=2.11m/s end=goal t=  514.5s
[TRAIN][PPO] ep=043/500 r=  590.77 avg10=  535.20 steps=1440 succ10=0.90 touch10=0.90 col10=0.10 to10=0.00 min_d= 0.30 avg_spd=2.13m/s end=goal t=  527.3s
[TRAIN][PPO] ep=044/500 r=  586.94 avg10=  535.95 steps=1411 succ10=0.90 touch10=0.90 col10=0.10 to10=0.00 min_d= 0.30 avg_spd=2.13m/s end=goal t=  541.0s
[TRAIN][PPO] ep=045/500 r=  592.33 avg10=  536.94 steps=1428 succ10=0.90 touch10=0.90 col10=0.10 to10=0.00 min_d= 0.30 avg_spd=2.13m/s end=goal t=  553.6s
[TRAIN][PPO] ep=046/500 r=  578.63 avg10=  536.19 steps=1392 succ10=0.90 touch10=0.90 col10=0.10 to10=0.00 min_d= 0.30 avg_spd=2.14m/s end=goal t=  566.2s
[TRAIN][PPO] ep=047/500 r=  588.52 avg10=  588.24 steps=1494 succ10=1.00 touch10=1.00 col10=0.00 to10=0.00 min_d= 0.30 avg_spd=2.15m/s end=goal t=  579.3s
[TRAIN][PPO] ep=048/500 r=  593.58 avg10=  588.00 steps=1526 succ10=1.00 touch10=1.00 col10=0.00 to10=0.00 min_d= 0.30 avg_spd=2.14m/s end=goal t=  594.5s
[TRAIN][PPO] ep=049/500 r=  574.59 avg10=  587.43 steps=1532 succ10=1.00 touch10=1.00 col10=0.00 to10=0.00 min_d= 0.30 avg_spd=2.13m/s end=goal t=  607.8s
[TRAIN][PPO] ep=050/500 r=  593.17 avg10=  588.02 steps=1433 succ10=1.00 touch10=1.00 col10=0.00 to10=0.00 min_d= 0.30 avg_spd=2.14m/s end=goal t=  620.5s
[TRAIN][PPO] ep=051/500 r=  589.92 avg10=  587.84 steps=1419 succ10=1.00 touch10=1.00 col10=0.00 to10=0.00 min_d= 0.30 avg_spd=2.15m/s end=goal t=  633.2s
[TRAIN][PPO] ep=052/500 r=  588.06 avg10=  587.65 steps=1432 succ10=1.00 touch10=1.00 col10=0.00 to10=0.00 min_d= 0.30 avg_spd=2.15m/s end=goal t=  647.0s
[TRAIN][PPO] ep=053/500 r=  579.10 avg10=  586.49 steps=1385 succ10=1.00 touch10=1.00 col10=0.00 to10=0.00 min_d= 0.30 avg_spd=2.14m/s end=goal t=  659.3s
[TRAIN][PPO] ep=054/500 r=  582.12 avg10=  586.00 steps=1402 succ10=1.00 touch10=1.00 col10=0.00 to10=0.00 min_d= 0.30 avg_spd=2.14m/s end=goal t=  671.8s
[TRAIN][PPO] ep=055/500 r=  596.96 avg10=  586.47 steps=1433 succ10=1.00 touch10=1.00 col10=0.00 to10=0.00 min_d= 0.30 avg_spd=2.14m/s end=goal t=  684.7s ckpt=best_goal
[TRAIN][PPO] ep=056/500 r=  587.65 avg10=  587.37 steps=1415 succ10=1.00 touch10=1.00 col10=0.00 to10=0.00 min_d= 0.30 avg_spd=2.13m/s end=goal t=  698.5s
[TRAIN][PPO] ep=057/500 r=  579.36 avg10=  586.45 steps=1391 succ10=1.00 touch10=1.00 col10=0.00 to10=0.00 min_d= 0.30 avg_spd=2.13m/s end=goal t=  711.0s
[TRAIN][PPO] ep=058/500 r=  583.76 avg10=  585.47 steps=1407 succ10=1.00 touch10=1.00 col10=0.00 to10=0.00 min_d= 0.30 avg_spd=2.14m/s end=goal t=  724.0s
[TRAIN][PPO] ep=059/500 r=  590.92 avg10=  587.10 steps=1416 succ10=1.00 touch10=1.00 col10=0.00 to10=0.00 min_d= 0.30 avg_spd=2.14m/s end=goal t=  736.9s
[TRAIN][PPO] ep=060/500 r=  581.40 avg10=  585.93 steps=1393 succ10=1.00 touch10=1.00 col10=0.00 to10=0.00 min_d= 0.30 avg_spd=2.15m/s end=goal t=  750.6s
[TRAIN][PPO] ep=061/500 r=  593.91 avg10=  586.32 steps=1435 succ10=1.00 touch10=1.00 col10=0.00 to10=0.00 min_d= 0.30 avg_spd=2.14m/s end=goal t=  763.6s
[TRAIN][PPO] ep=062/500 r=  588.52 avg10=  586.37 steps=1418 succ10=1.00 touch10=1.00 col10=0.00 to10=0.00 min_d= 0.30 avg_spd=2.15m/s end=goal t=  776.4s
[TRAIN][PPO] ep=063/500 r=  560.31 avg10=  584.49 steps=1497 succ10=1.00 touch10=1.00 col10=0.00 to10=0.00 min_d= 0.30 avg_spd=2.11m/s end=goal t=  789.8s
[TRAIN][PPO] ep=064/500 r=  579.07 avg10=  584.19 steps=1405 succ10=1.00 touch10=1.00 col10=0.00 to10=0.00 min_d= 0.30 avg_spd=2.14m/s end=goal t=  803.6s
[TRAIN][PPO] ep=065/500 r=  -44.44 avg10=  520.05 steps=  21 succ10=0.90 touch10=0.90 col10=0.10 to10=0.00 min_d= 3.84 avg_spd=2.21m/s end=collision t=  803.8s
[TRAIN][PPO] ep=066/500 r=  283.09 avg10=  489.59 steps=1013 succ10=0.80 touch10=0.80 col10=0.20 to10=0.00 min_d= 1.39 avg_spd=2.12m/s end=collision t=  812.8s
[TRAIN][PPO] ep=067/500 r=  584.70 avg10=  490.12 steps=1411 succ10=0.80 touch10=0.80 col10=0.20 to10=0.00 min_d= 0.30 avg_spd=2.14m/s end=goal t=  825.3s
[TRAIN][PPO] ep=068/500 r=  587.03 avg10=  490.45 steps=1411 succ10=0.80 touch10=0.80 col10=0.20 to10=0.00 min_d= 0.30 avg_spd=2.14m/s end=goal t=  838.7s
[TRAIN][PPO] ep=069/500 r=  585.56 avg10=  489.91 steps=1428 succ10=0.80 touch10=0.80 col10=0.20 to10=0.00 min_d= 0.30 avg_spd=2.13m/s end=goal t=  851.4s
[TRAIN][PPO] ep=070/500 r=  586.34 avg10=  490.41 steps=1413 succ10=0.80 touch10=0.80 col10=0.20 to10=0.00 min_d= 0.30 avg_spd=2.15m/s end=goal t=  863.9s
[TRAIN][PPO] ep=071/500 r=  593.43 avg10=  490.36 steps=1425 succ10=0.80 touch10=0.80 col10=0.20 to10=0.00 min_d= 0.30 avg_spd=2.14m/s end=goal t=  876.6s
[TRAIN][PPO] ep=072/500 r=  590.36 avg10=  490.54 steps=1435 succ10=0.80 touch10=0.80 col10=0.20 to10=0.00 min_d= 0.30 avg_spd=2.16m/s end=goal t=  890.6s
[TRAIN][PPO] ep=073/500 r=  595.11 avg10=  494.02 steps=1429 succ10=0.80 touch10=0.80 col10=0.20 to10=0.00 min_d= 0.30 avg_spd=2.15m/s end=goal t=  903.0s
[TRAIN][PPO] ep=074/500 r=  591.15 avg10=  495.23 steps=1425 succ10=0.80 touch10=0.80 col10=0.20 to10=0.00 min_d= 0.30 avg_spd=2.15m/s end=goal t=  915.9s
[TRAIN][PPO] ep=075/500 r=  584.90 avg10=  558.17 steps=1422 succ10=0.90 touch10=0.90 col10=0.10 to10=0.00 min_d= 0.30 avg_spd=2.10m/s end=goal t=  928.7s
[TRAIN][PPO] ep=076/500 r=  579.97 avg10=  587.85 steps=1403 succ10=1.00 touch10=1.00 col10=0.00 to10=0.00 min_d= 0.30 avg_spd=2.13m/s end=goal t=  942.8s
[TRAIN][PPO] ep=077/500 r=  586.55 avg10=  588.04 steps=1412 succ10=1.00 touch10=1.00 col10=0.00 to10=0.00 min_d= 0.30 avg_spd=2.13m/s end=goal t=  955.4s
[TRAIN][PPO] ep=078/500 r=  579.68 avg10=  587.30 steps=1534 succ10=1.00 touch10=1.00 col10=0.00 to10=0.00 min_d= 0.30 avg_spd=2.12m/s end=goal t=  969.0s
[TRAIN][PPO] ep=079/500 r=  587.42 avg10=  587.49 steps=1420 succ10=1.00 touch10=1.00 col10=0.00 to10=0.00 min_d= 0.30 avg_spd=2.12m/s end=goal t=  981.7s
[TRAIN][PPO] ep=080/500 r=   67.38 avg10=  535.60 steps= 365 succ10=0.90 touch10=0.90 col10=0.10 to10=0.00 min_d= 3.05 avg_spd=2.15m/s end=collision t=  986.1s
[TRAIN][PPO] ep=081/500 r=  594.30 avg10=  535.68 steps=1439 succ10=0.90 touch10=0.90 col10=0.10 to10=0.00 min_d= 0.30 avg_spd=2.12m/s end=goal t=  998.9s
[TRAIN][PPO] ep=082/500 r=  595.86 avg10=  536.23 steps=1439 succ10=0.90 touch10=0.90 col10=0.10 to10=0.00 min_d= 0.30 avg_spd=2.13m/s end=goal t= 1011.7s
[TRAIN][PPO] ep=083/500 r=  578.93 avg10=  534.62 steps=1402 succ10=0.90 touch10=0.90 col10=0.10 to10=0.00 min_d= 0.30 avg_spd=2.13m/s end=goal t= 1024.4s
[TRAIN][PPO] ep=084/500 r=  588.90 avg10=  534.39 steps=1425 succ10=0.90 touch10=0.90 col10=0.10 to10=0.00 min_d= 0.30 avg_spd=2.14m/s end=goal t= 1038.1s
[TRAIN][PPO] ep=085/500 r=  582.01 avg10=  534.10 steps=1400 succ10=0.90 touch10=0.90 col10=0.10 to10=0.00 min_d= 0.30 avg_spd=2.13m/s end=goal t= 1050.7s
[TRAIN][PPO] ep=086/500 r=  589.07 avg10=  535.01 steps=1422 succ10=0.90 touch10=0.90 col10=0.10 to10=0.00 min_d= 0.30 avg_spd=2.14m/s end=goal t= 1063.5s
[TRAIN][PPO] ep=087/500 r=  577.09 avg10=  534.06 steps=1392 succ10=0.90 touch10=0.90 col10=0.10 to10=0.00 min_d= 0.30 avg_spd=2.14m/s end=goal t= 1076.0s
[TRAIN][PPO] ep=088/500 r=  581.00 avg10=  534.20 steps=1395 succ10=0.90 touch10=0.90 col10=0.10 to10=0.00 min_d= 0.30 avg_spd=2.13m/s end=goal t= 1089.6s
[TRAIN][PPO] ep=089/500 r=  587.09 avg10=  534.16 steps=1414 succ10=0.90 touch10=0.90 col10=0.10 to10=0.00 min_d= 0.30 avg_spd=2.14m/s end=goal t= 1102.2s
[TRAIN][PPO] ep=090/500 r=  587.14 avg10=  586.14 steps=1409 succ10=1.00 touch10=1.00 col10=0.00 to10=0.00 min_d= 0.30 avg_spd=2.14m/s end=goal t= 1114.7s
[TRAIN][PPO] ep=091/500 r=  584.70 avg10=  585.18 steps=1417 succ10=1.00 touch10=1.00 col10=0.00 to10=0.00 min_d= 0.30 avg_spd=2.15m/s end=goal t= 1127.5s
[TRAIN][PPO] ep=092/500 r=  589.39 avg10=  584.53 steps=1417 succ10=1.00 touch10=1.00 col10=0.00 to10=0.00 min_d= 0.30 avg_spd=2.15m/s end=goal t= 1141.1s
[TRAIN][PPO] ep=093/500 r=  583.29 avg10=  584.97 steps=1422 succ10=1.00 touch10=1.00 col10=0.00 to10=0.00 min_d= 0.30 avg_spd=2.12m/s end=goal t= 1153.7s
[TRAIN][PPO] ep=094/500 r=  582.91 avg10=  584.37 steps=1400 succ10=1.00 touch10=1.00 col10=0.00 to10=0.00 min_d= 0.30 avg_spd=2.14m/s end=goal t= 1166.3s
[TRAIN][PPO] ep=095/500 r=  576.60 avg10=  583.83 steps=1390 succ10=1.00 touch10=1.00 col10=0.00 to10=0.00 min_d= 0.30 avg_spd=2.14m/s end=goal t= 1178.8s
[TRAIN][PPO] ep=096/500 r=  578.94 avg10=  582.81 steps=1394 succ10=1.00 touch10=1.00 col10=0.00 to10=0.00 min_d= 0.30 avg_spd=2.16m/s end=goal t= 1192.5s
[TRAIN][PPO] ep=097/500 r=  581.85 avg10=  583.29 steps=1395 succ10=1.00 touch10=1.00 col10=0.00 to10=0.00 min_d= 0.30 avg_spd=2.13m/s end=goal t= 1204.9s
[TRAIN][PPO] ep=098/500 r=  591.45 avg10=  584.34 steps=1419 succ10=1.00 touch10=1.00 col10=0.00 to10=0.00 min_d= 0.30 avg_spd=2.13m/s end=goal t= 1217.6s
[TRAIN][PPO] ep=099/500 r=  591.51 avg10=  584.78 steps=1430 succ10=1.00 touch10=1.00 col10=0.00 to10=0.00 min_d= 0.30 avg_spd=2.15m/s end=goal t= 1230.4s
[TRAIN][PPO] ep=100/500 r=  575.64 avg10=  583.63 steps=1390 succ10=1.00 touch10=1.00 col10=0.00 to10=0.00 min_d= 0.30 avg_spd=2.15m/s end=goal t= 1244.0s ckpt=latest
[TRAIN][PPO] ep=101/500 r=  582.99 avg10=  583.46 steps=1396 succ10=1.00 touch10=1.00 col10=0.00 to10=0.00 min_d= 0.30 avg_spd=2.15m/s end=goal t= 1256.3s
[TRAIN][PPO] ep=102/500 r=  586.87 avg10=  583.21 steps=1408 succ10=1.00 touch10=1.00 col10=0.00 to10=0.00 min_d= 0.30 avg_spd=2.15m/s end=goal t= 1269.0s
[TRAIN][PPO] ep=103/500 r=  588.79 avg10=  583.76 steps=1435 succ10=1.00 touch10=1.00 col10=0.00 to10=0.00 min_d= 0.30 avg_spd=2.13m/s end=goal t= 1281.8s
[TRAIN][PPO] ep=104/500 r=  586.98 avg10=  584.16 steps=1503 succ10=1.00 touch10=1.00 col10=0.00 to10=0.00 min_d= 0.30 avg_spd=2.15m/s end=goal t= 1296.8s
[TRAIN][PPO] ep=105/500 r=  589.12 avg10=  585.41 steps=1417 succ10=1.00 touch10=1.00 col10=0.00 to10=0.00 min_d= 0.30 avg_spd=2.13m/s end=goal t= 1309.6s
[TRAIN][PPO] ep=106/500 r=  584.86 avg10=  586.00 steps=1406 succ10=1.00 touch10=1.00 col10=0.00 to10=0.00 min_d= 0.30 avg_spd=2.16m/s end=goal t= 1322.8s
[TRAIN][PPO] ep=107/500 r=  565.01 avg10=  584.32 steps=1471 succ10=1.00 touch10=1.00 col10=0.00 to10=0.00 min_d= 0.30 avg_spd=2.15m/s end=goal t= 1335.8s
[TRAIN][PPO] ep=108/500 r=  566.97 avg10=  581.87 steps=1521 succ10=1.00 touch10=1.00 col10=0.00 to10=0.00 min_d= 0.30 avg_spd=2.12m/s end=goal t= 1350.4s
[TRAIN][PPO] ep=109/500 r=  579.82 avg10=  580.70 steps=1396 succ10=1.00 touch10=1.00 col10=0.00 to10=0.00 min_d= 0.30 avg_spd=2.15m/s end=goal t= 1363.0s
[TRAIN][PPO] ep=110/500 r=  586.29 avg10=  581.77 steps=1407 succ10=1.00 touch10=1.00 col10=0.00 to10=0.00 min_d= 0.30 avg_spd=2.17m/s end=goal t= 1375.7s
[TRAIN][PPO] ep=111/500 r=  575.41 avg10=  581.01 steps=1536 succ10=1.00 touch10=1.00 col10=0.00 to10=0.00 min_d= 0.30 avg_spd=2.14m/s end=goal t= 1389.5s
[TRAIN][PPO] ep=112/500 r=  588.27 avg10=  581.15 steps=1429 succ10=1.00 touch10=1.00 col10=0.00 to10=0.00 min_d= 0.30 avg_spd=2.13m/s end=goal t= 1403.8s
[TRAIN][PPO] ep=113/500 r=  584.21 avg10=  580.69 steps=1425 succ10=1.00 touch10=1.00 col10=0.00 to10=0.00 min_d= 0.30 avg_spd=2.13m/s end=goal t= 1416.7s
[TRAIN][PPO] ep=114/500 r=  580.96 avg10=  580.09 steps=1408 succ10=1.00 touch10=1.00 col10=0.00 to10=0.00 min_d= 0.30 avg_spd=2.13m/s end=goal t= 1429.3s
[TRAIN][PPO] ep=115/500 r=  576.82 avg10=  578.86 steps=1382 succ10=1.00 touch10=1.00 col10=0.00 to10=0.00 min_d= 0.30 avg_spd=2.16m/s end=goal t= 1441.7s
[TRAIN][PPO] ep=116/500 r=  581.44 avg10=  578.52 steps=1395 succ10=1.00 touch10=1.00 col10=0.00 to10=0.00 min_d= 0.30 avg_spd=2.14m/s end=goal t= 1455.2s
[TRAIN][PPO] ep=117/500 r=  582.15 avg10=  580.23 steps=1396 succ10=1.00 touch10=1.00 col10=0.00 to10=0.00 min_d= 0.30 avg_spd=2.14m/s end=goal t= 1467.7s
[TRAIN][PPO] ep=118/500 r=  582.44 avg10=  581.78 steps=1399 succ10=1.00 touch10=1.00 col10=0.00 to10=0.00 min_d= 0.30 avg_spd=2.14m/s end=goal t= 1480.2s
[TRAIN][PPO] ep=119/500 r=  583.13 avg10=  582.11 steps=1424 succ10=1.00 touch10=1.00 col10=0.00 to10=0.00 min_d= 0.30 avg_spd=2.14m/s end=goal t= 1492.8s
[TRAIN][PPO] ep=120/500 r=  593.18 avg10=  582.80 steps=1435 succ10=1.00 touch10=1.00 col10=0.00 to10=0.00 min_d= 0.30 avg_spd=2.12m/s end=goal t= 1506.7s
[TRAIN][PPO] ep=121/500 r=  585.61 avg10=  583.82 steps=1417 succ10=1.00 touch10=1.00 col10=0.00 to10=0.00 min_d= 0.30 avg_spd=2.14m/s end=goal t= 1519.5s
[TRAIN][PPO] ep=122/500 r=  576.65 avg10=  582.66 steps=1386 succ10=1.00 touch10=1.00 col10=0.00 to10=0.00 min_d= 0.30 avg_spd=2.13m/s end=goal t= 1532.0s
[TRAIN][PPO] ep=123/500 r=  585.03 avg10=  582.74 steps=1506 succ10=1.00 touch10=1.00 col10=0.00 to10=0.00 min_d= 0.30 avg_spd=2.15m/s end=goal t= 1545.4s
[TRAIN][PPO] ep=124/500 r=  582.53 avg10=  582.90 steps=1533 succ10=1.00 touch10=1.00 col10=0.00 to10=0.00 min_d= 0.30 avg_spd=2.14m/s end=goal t= 1560.4s
[TRAIN][PPO] ep=125/500 r=  584.24 avg10=  583.64 steps=1407 succ10=1.00 touch10=1.00 col10=0.00 to10=0.00 min_d= 0.30 avg_spd=2.15m/s end=goal t= 1573.3s
[TRAIN][PPO] ep=126/500 r=  584.00 avg10=  583.90 steps=1396 succ10=1.00 touch10=1.00 col10=0.00 to10=0.00 min_d= 0.30 avg_spd=2.13m/s end=goal t= 1585.9s
[TRAIN][PPO] ep=127/500 r=  583.91 avg10=  584.07 steps=1405 succ10=1.00 touch10=1.00 col10=0.00 to10=0.00 min_d= 0.30 avg_spd=2.14m/s end=goal t= 1598.4s
[TRAIN][PPO] ep=128/500 r=  584.72 avg10=  584.30 steps=1403 succ10=1.00 touch10=1.00 col10=0.00 to10=0.00 min_d= 0.30 avg_spd=2.16m/s end=goal t= 1612.0s
[TRAIN][PPO] ep=129/500 r=  584.36 avg10=  584.42 steps=1395 succ10=1.00 touch10=1.00 col10=0.00 to10=0.00 min_d= 0.30 avg_spd=2.15m/s end=goal t= 1624.7s
[TRAIN][PPO] ep=130/500 r=  589.44 avg10=  584.05 steps=1418 succ10=1.00 touch10=1.00 col10=0.00 to10=0.00 min_d= 0.30 avg_spd=2.15m/s end=goal t= 1637.3s
[TRAIN][PPO] ep=131/500 r=  594.91 avg10=  584.98 steps=1443 succ10=1.00 touch10=1.00 col10=0.00 to10=0.00 min_d= 0.30 avg_spd=2.13m/s end=goal t= 1650.2s
[TRAIN][PPO] ep=132/500 r=  584.83 avg10=  585.80 steps=1406 succ10=1.00 touch10=1.00 col10=0.00 to10=0.00 min_d= 0.30 avg_spd=2.15m/s end=goal t= 1664.4s
[TRAIN][PPO] ep=133/500 r=  582.35 avg10=  585.53 steps=1410 succ10=1.00 touch10=1.00 col10=0.00 to10=0.00 min_d= 0.30 avg_spd=2.14m/s end=goal t= 1677.0s
[TRAIN][PPO] ep=134/500 r=  595.37 avg10=  586.81 steps=1432 succ10=1.00 touch10=1.00 col10=0.00 to10=0.00 min_d= 0.30 avg_spd=2.14m/s end=goal t= 1689.6s
[TRAIN][PPO] ep=135/500 r=  -40.45 avg10=  524.34 steps=  33 succ10=0.90 touch10=0.90 col10=0.10 to10=0.00 min_d= 3.82 avg_spd=1.78m/s end=collision t= 1690.0s
[TRAIN][PPO] ep=136/500 r=  589.71 avg10=  524.92 steps=1526 succ10=0.90 touch10=0.90 col10=0.10 to10=0.00 min_d= 0.30 avg_spd=2.14m/s end=goal t= 1704.4s
[TRAIN][PPO] ep=137/500 r=  583.98 avg10=  524.92 steps=1408 succ10=0.90 touch10=0.90 col10=0.10 to10=0.00 min_d= 0.30 avg_spd=2.14m/s end=goal t= 1716.9s
[TRAIN][PPO] ep=138/500 r=  577.60 avg10=  524.21 steps=1390 succ10=0.90 touch10=0.90 col10=0.10 to10=0.00 min_d= 0.30 avg_spd=2.15m/s end=goal t= 1729.4s
[TRAIN][PPO] ep=139/500 r=  583.81 avg10=  524.16 steps=1406 succ10=0.90 touch10=0.90 col10=0.10 to10=0.00 min_d= 0.30 avg_spd=2.15m/s end=goal t= 1741.8s
[TRAIN][PPO] ep=140/500 r=  586.04 avg10=  523.82 steps=1492 succ10=0.90 touch10=0.90 col10=0.10 to10=0.00 min_d= 0.30 avg_spd=2.16m/s end=goal t= 1756.8s
[TRAIN][PPO] ep=141/500 r=  586.82 avg10=  523.01 steps=1519 succ10=0.90 touch10=0.90 col10=0.10 to10=0.00 min_d= 0.30 avg_spd=2.15m/s end=goal t= 1770.2s
[TRAIN][PPO] ep=142/500 r=  587.10 avg10=  523.23 steps=1404 succ10=0.90 touch10=0.90 col10=0.10 to10=0.00 min_d= 0.30 avg_spd=2.18m/s end=goal t= 1782.6s
[TRAIN][PPO] ep=143/500 r=  575.01 avg10=  522.50 steps=1375 succ10=0.90 touch10=0.90 col10=0.10 to10=0.00 min_d= 0.30 avg_spd=2.16m/s end=goal t= 1794.7s
[TRAIN][PPO] ep=144/500 r=  589.32 avg10=  521.89 steps=1419 succ10=0.90 touch10=0.90 col10=0.10 to10=0.00 min_d= 0.30 avg_spd=2.12m/s end=goal t= 1808.5s
[TRAIN][PPO] ep=145/500 r=  568.53 avg10=  582.79 steps=1512 succ10=1.00 touch10=1.00 col10=0.00 to10=0.00 min_d= 0.30 avg_spd=2.15m/s end=goal t= 1821.7s
[TRAIN][PPO] ep=146/500 r=  573.49 avg10=  581.17 steps=1365 succ10=1.00 touch10=1.00 col10=0.00 to10=0.00 min_d= 0.30 avg_spd=2.17m/s end=goal t= 1833.7s
[TRAIN][PPO] ep=147/500 r=  586.32 avg10=  581.41 steps=1516 succ10=1.00 touch10=1.00 col10=0.00 to10=0.00 min_d= 0.30 avg_spd=2.16m/s end=goal t= 1846.9s
[TRAIN][PPO] ep=148/500 r=  574.28 avg10=  581.07 steps=1385 succ10=1.00 touch10=1.00 col10=0.00 to10=0.00 min_d= 0.30 avg_spd=2.14m/s end=goal t= 1860.3s
[TRAIN][PPO] ep=149/500 r=  -42.33 avg10=  518.46 steps=  33 succ10=0.90 touch10=0.90 col10=0.10 to10=0.00 min_d= 3.83 avg_spd=2.14m/s end=collision t= 1860.7s
[TRAIN][PPO] ep=150/500 r=  285.77 avg10=  488.43 steps=1010 succ10=0.80 touch10=0.80 col10=0.20 to10=0.00 min_d= 1.39 avg_spd=2.15m/s end=collision t= 1869.6s
[TRAIN][PPO] ep=151/500 r=  573.86 avg10=  487.14 steps=1379 succ10=0.80 touch10=0.80 col10=0.20 to10=0.00 min_d= 0.30 avg_spd=2.15m/s end=goal t= 1881.8s
[TRAIN][PPO] ep=152/500 r=  574.41 avg10=  485.87 steps=1367 succ10=0.80 touch10=0.80 col10=0.20 to10=0.00 min_d= 0.30 avg_spd=2.15m/s end=goal t= 1894.6s
[TRAIN][PPO] ep=153/500 r=  587.28 avg10=  487.09 steps=1409 succ10=0.80 touch10=0.80 col10=0.20 to10=0.00 min_d= 0.30 avg_spd=2.16m/s end=goal t= 1907.0s
[TRAIN][PPO] ep=154/500 r=  588.68 avg10=  487.03 steps=1416 succ10=0.80 touch10=0.80 col10=0.20 to10=0.00 min_d= 0.30 avg_spd=2.16m/s end=goal t= 1920.0s
[TRAIN][PPO] ep=155/500 r=  283.66 avg10=  458.54 steps= 995 succ10=0.70 touch10=0.70 col10=0.30 to10=0.00 min_d= 1.40 avg_spd=2.16m/s end=collision t= 1928.8s
[TRAIN][PPO] ep=156/500 r=  587.60 avg10=  459.95 steps=1419 succ10=0.70 touch10=0.70 col10=0.30 to10=0.00 min_d= 0.30 avg_spd=2.13m/s end=goal t= 1942.4s
[TRAIN][PPO] ep=157/500 r=  587.33 avg10=  460.05 steps=1405 succ10=0.70 touch10=0.70 col10=0.30 to10=0.00 min_d= 0.30 avg_spd=2.15m/s end=goal t= 1954.7s
[TRAIN][PPO] ep=158/500 r=  572.85 avg10=  459.91 steps=1364 succ10=0.70 touch10=0.70 col10=0.30 to10=0.00 min_d= 0.30 avg_spd=2.17m/s end=goal t= 1966.5s
[TRAIN][PPO] ep=159/500 r=  574.09 avg10=  521.55 steps=1367 succ10=0.80 touch10=0.80 col10=0.20 to10=0.00 min_d= 0.30 avg_spd=2.16m/s end=goal t= 1978.6s
[TRAIN][PPO] ep=160/500 r=  583.31 avg10=  551.31 steps=1402 succ10=0.90 touch10=0.90 col10=0.10 to10=0.00 min_d= 0.30 avg_spd=2.17m/s end=goal t= 1992.2s
[TRAIN][PPO] ep=161/500 r=  576.05 avg10=  551.53 steps=1378 succ10=0.90 touch10=0.90 col10=0.10 to10=0.00 min_d= 0.30 avg_spd=2.17m/s end=goal t= 2004.1s
[TRAIN][PPO] ep=162/500 r=  585.35 avg10=  552.62 steps=1397 succ10=0.90 touch10=0.90 col10=0.10 to10=0.00 min_d= 0.30 avg_spd=2.16m/s end=goal t= 2016.5s
[TRAIN][PPO] ep=163/500 r=  585.32 avg10=  552.42 steps=1419 succ10=0.90 touch10=0.90 col10=0.10 to10=0.00 min_d= 0.30 avg_spd=2.15m/s end=goal t= 2029.0s
[TRAIN][PPO] ep=164/500 r=  584.13 avg10=  551.97 steps=1396 succ10=0.90 touch10=0.90 col10=0.10 to10=0.00 min_d= 0.30 avg_spd=2.16m/s end=goal t= 2042.3s
[TRAIN][PPO] ep=165/500 r=  574.39 avg10=  581.04 steps=1391 succ10=1.00 touch10=1.00 col10=0.00 to10=0.00 min_d= 0.30 avg_spd=2.15m/s end=goal t= 2054.5s
[TRAIN][PPO] ep=166/500 r=  562.13 avg10=  578.50 steps=1491 succ10=1.00 touch10=1.00 col10=0.00 to10=0.00 min_d= 0.30 avg_spd=2.12m/s end=goal t= 2067.4s
[TRAIN][PPO] ep=167/500 r=  580.04 avg10=  577.77 steps=1498 succ10=1.00 touch10=1.00 col10=0.00 to10=0.00 min_d= 0.30 avg_spd=2.16m/s end=goal t= 2080.5s
[TRAIN][PPO] ep=168/500 r=  583.08 avg10=  578.79 steps=1405 succ10=1.00 touch10=1.00 col10=0.00 to10=0.00 min_d= 0.30 avg_spd=2.14m/s end=goal t= 2094.5s
[TRAIN][PPO] ep=169/500 r=  591.39 avg10=  580.52 steps=1421 succ10=1.00 touch10=1.00 col10=0.00 to10=0.00 min_d= 0.30 avg_spd=2.15m/s end=goal t= 2107.1s
[TRAIN][PPO] ep=170/500 r=  578.10 avg10=  580.00 steps=1509 succ10=1.00 touch10=1.00 col10=0.00 to10=0.00 min_d= 0.30 avg_spd=2.15m/s end=goal t= 2120.3s
[TRAIN][PPO] ep=171/500 r=  588.19 avg10=  581.21 steps=1410 succ10=1.00 touch10=1.00 col10=0.00 to10=0.00 min_d= 0.30 avg_spd=2.16m/s end=goal t= 2132.7s
[TRAIN][PPO] ep=172/500 r=  279.71 avg10=  550.65 steps= 978 succ10=0.90 touch10=0.90 col10=0.10 to10=0.00 min_d= 1.39 avg_spd=2.16m/s end=collision t= 2142.3s
[TRAIN][PPO] ep=173/500 r=  574.74 avg10=  549.59 steps=1383 succ10=0.90 touch10=0.90 col10=0.10 to10=0.00 min_d= 0.30 avg_spd=2.14m/s end=goal t= 2154.4s
[TRAIN][PPO] ep=174/500 r=  577.87 avg10=  548.96 steps=1393 succ10=0.90 touch10=0.90 col10=0.10 to10=0.00 min_d= 0.30 avg_spd=2.13m/s end=goal t= 2166.6s
[TRAIN][PPO] ep=175/500 r=  581.58 avg10=  549.68 steps=1474 succ10=0.90 touch10=0.90 col10=0.10 to10=0.00 min_d= 0.30 avg_spd=2.16m/s end=goal t= 2179.4s
[TRAIN][PPO] ep=176/500 r=  583.60 avg10=  551.83 steps=1418 succ10=0.90 touch10=0.90 col10=0.10 to10=0.00 min_d= 0.30 avg_spd=2.14m/s end=goal t= 2193.8s
[TRAIN][PPO] ep=177/500 r=  588.18 avg10=  552.64 steps=1426 succ10=0.90 touch10=0.90 col10=0.10 to10=0.00 min_d= 0.30 avg_spd=2.16m/s end=goal t= 2206.6s
[TRAIN][PPO] ep=178/500 r=  278.37 avg10=  522.17 steps= 982 succ10=0.80 touch10=0.80 col10=0.20 to10=0.00 min_d= 1.37 avg_spd=2.15m/s end=collision t= 2215.5s
[TRAIN][PPO] ep=179/500 r=  585.85 avg10=  521.62 steps=1401 succ10=0.80 touch10=0.80 col10=0.20 to10=0.00 min_d= 0.30 avg_spd=2.15m/s end=goal t= 2228.3s
[TRAIN][PPO] ep=180/500 r=  579.97 avg10=  521.81 steps=1392 succ10=0.80 touch10=0.80 col10=0.20 to10=0.00 min_d= 0.30 avg_spd=2.17m/s end=goal t= 2241.6s
[TRAIN][PPO] ep=181/500 r=  575.89 avg10=  520.58 steps=1482 succ10=0.80 touch10=0.80 col10=0.20 to10=0.00 min_d= 0.30 avg_spd=2.15m/s end=goal t= 2254.5s
[TRAIN][PPO] ep=182/500 r=  577.82 avg10=  550.39 steps=1401 succ10=0.90 touch10=0.90 col10=0.10 to10=0.00 min_d= 0.30 avg_spd=2.14m/s end=goal t= 2267.1s
[TRAIN][PPO] ep=183/500 r=  584.59 avg10=  551.37 steps=1399 succ10=0.90 touch10=0.90 col10=0.10 to10=0.00 min_d= 0.30 avg_spd=2.17m/s end=goal t= 2279.5s
[TRAIN][PPO] ep=184/500 r=  -38.36 avg10=  489.75 steps=  54 succ10=0.80 touch10=0.80 col10=0.20 to10=0.00 min_d= 3.83 avg_spd=2.04m/s end=collision t= 2280.8s
[TRAIN][PPO] ep=185/500 r=  588.50 avg10=  490.44 steps=1415 succ10=0.80 touch10=0.80 col10=0.20 to10=0.00 min_d= 0.30 avg_spd=2.14m/s end=goal t= 2293.6s
[TRAIN][PPO] ep=186/500 r=  568.59 avg10=  488.94 steps=1471 succ10=0.80 touch10=0.80 col10=0.20 to10=0.00 min_d= 0.30 avg_spd=2.16m/s end=goal t= 2306.7s
[TRAIN][PPO] ep=187/500 r=  570.78 avg10=  487.20 steps=1521 succ10=0.80 touch10=0.80 col10=0.20 to10=0.00 min_d= 0.30 avg_spd=2.14m/s end=goal t= 2319.9s
[TRAIN][PPO] ep=188/500 r=  580.50 avg10=  517.41 steps=1390 succ10=0.90 touch10=0.90 col10=0.10 to10=0.00 min_d= 0.30 avg_spd=2.15m/s end=goal t= 2333.4s
[TRAIN][PPO] ep=189/500 r=  565.06 avg10=  515.33 steps=1524 succ10=0.90 touch10=0.90 col10=0.10 to10=0.00 min_d= 0.30 avg_spd=2.12m/s end=goal t= 2346.7s
[TRAIN][PPO] ep=190/500 r=  585.89 avg10=  515.93 steps=1420 succ10=0.90 touch10=0.90 col10=0.10 to10=0.00 min_d= 0.30 avg_spd=2.14m/s end=goal t= 2359.2s
[TRAIN][PPO] ep=191/500 r=  581.33 avg10=  516.47 steps=1397 succ10=0.90 touch10=0.90 col10=0.10 to10=0.00 min_d= 0.30 avg_spd=2.15m/s end=goal t= 2371.6s
[TRAIN][PPO] ep=192/500 r=  590.17 avg10=  517.70 steps=1422 succ10=0.90 touch10=0.90 col10=0.10 to10=0.00 min_d= 0.30 avg_spd=2.14m/s end=goal t= 2385.2s
[TRAIN][PPO] ep=193/500 r=  588.40 avg10=  518.08 steps=1419 succ10=0.90 touch10=0.90 col10=0.10 to10=0.00 min_d= 0.30 avg_spd=2.14m/s end=goal t= 2397.7s
[TRAIN][PPO] ep=194/500 r=  580.64 avg10=  579.98 steps=1393 succ10=1.00 touch10=1.00 col10=0.00 to10=0.00 min_d= 0.30 avg_spd=2.14m/s end=goal t= 2410.0s
[TRAIN][PPO] ep=195/500 r=  585.43 avg10=  579.68 steps=1408 succ10=1.00 touch10=1.00 col10=0.00 to10=0.00 min_d= 0.30 avg_spd=2.15m/s end=goal t= 2422.6s
[TRAIN][PPO] ep=196/500 r=  591.84 avg10=  582.00 steps=1426 succ10=1.00 touch10=1.00 col10=0.00 to10=0.00 min_d= 0.30 avg_spd=2.14m/s end=goal t= 2436.2s
[TRAIN][PPO] ep=197/500 r=  580.41 avg10=  582.97 steps=1395 succ10=1.00 touch10=1.00 col10=0.00 to10=0.00 min_d= 0.30 avg_spd=2.14m/s end=goal t= 2448.4s
[TRAIN][PPO] ep=198/500 r=  590.40 avg10=  583.96 steps=1517 succ10=1.00 touch10=1.00 col10=0.00 to10=0.00 min_d= 0.30 avg_spd=2.14m/s end=goal t= 2461.8s
[TRAIN][PPO] ep=199/500 r=  580.32 avg10=  585.48 steps=1480 succ10=1.00 touch10=1.00 col10=0.00 to10=0.00 min_d= 0.30 avg_spd=2.15m/s end=goal t= 2475.0s
[TRAIN][PPO] ep=200/500 r=  559.37 avg10=  582.83 steps=1532 succ10=1.00 touch10=1.00 col10=0.00 to10=0.00 min_d= 0.30 avg_spd=2.12m/s end=goal t= 2489.7s ckpt=latest
[TRAIN][PPO] ep=201/500 r=  589.96 avg10=  583.69 steps=1429 succ10=1.00 touch10=1.00 col10=0.00 to10=0.00 min_d= 0.30 avg_spd=2.14m/s end=goal t= 2502.2s
[TRAIN][PPO] ep=202/500 r=  582.23 avg10=  582.90 steps=1395 succ10=1.00 touch10=1.00 col10=0.00 to10=0.00 min_d= 0.30 avg_spd=2.14m/s end=goal t= 2514.7s
[TRAIN][PPO] ep=203/500 r=  575.66 avg10=  581.63 steps=1394 succ10=1.00 touch10=1.00 col10=0.00 to10=0.00 min_d= 0.30 avg_spd=2.15m/s end=goal t= 2527.0s
[TRAIN][PPO] ep=204/500 r=  562.00 avg10=  579.76 steps=1511 succ10=1.00 touch10=1.00 col10=0.00 to10=0.00 min_d= 0.30 avg_spd=2.12m/s end=goal t= 2541.1s
[TRAIN][PPO] ep=205/500 r=  -44.60 avg10=  516.76 steps=  21 succ10=0.90 touch10=0.90 col10=0.10 to10=0.00 min_d= 3.84 avg_spd=2.14m/s end=collision t= 2541.4s
[TRAIN][PPO] ep=206/500 r=  568.09 avg10=  514.38 steps=1484 succ10=0.90 touch10=0.90 col10=0.10 to10=0.00 min_d= 0.30 avg_spd=2.15m/s end=goal t= 2554.4s
[TRAIN][PPO] ep=207/500 r=  578.92 avg10=  514.23 steps=1384 succ10=0.90 touch10=0.90 col10=0.10 to10=0.00 min_d= 0.30 avg_spd=2.15m/s end=goal t= 2566.6s
[TRAIN][PPO] ep=208/500 r=  578.13 avg10=  513.01 steps=1382 succ10=0.90 touch10=0.90 col10=0.10 to10=0.00 min_d= 0.30 avg_spd=2.15m/s end=goal t= 2579.7s
[TRAIN][PPO] ep=209/500 r=  578.89 avg10=  512.86 steps=1389 succ10=0.90 touch10=0.90 col10=0.10 to10=0.00 min_d= 0.30 avg_spd=2.15m/s end=goal t= 2592.0s
[TRAIN][PPO] ep=210/500 r=  590.40 avg10=  515.97 steps=1442 succ10=0.90 touch10=0.90 col10=0.10 to10=0.00 min_d= 0.30 avg_spd=2.13m/s end=goal t= 2604.8s
[TRAIN][PPO] ep=211/500 r=  574.20 avg10=  514.39 steps=1517 succ10=0.90 touch10=0.90 col10=0.10 to10=0.00 min_d= 0.30 avg_spd=2.14m/s end=goal t= 2618.1s
[TRAIN][PPO] ep=212/500 r=  277.55 avg10=  483.92 steps= 975 succ10=0.80 touch10=0.80 col10=0.20 to10=0.00 min_d= 1.38 avg_spd=2.15m/s end=collision t= 2627.8s
[TRAIN][PPO] ep=213/500 r=  590.09 avg10=  485.37 steps=1425 succ10=0.80 touch10=0.80 col10=0.20 to10=0.00 min_d= 0.30 avg_spd=2.14m/s end=goal t= 2640.4s
[TRAIN][PPO] ep=214/500 r=  587.09 avg10=  487.88 steps=1410 succ10=0.80 touch10=0.80 col10=0.20 to10=0.00 min_d= 0.30 avg_spd=2.15m/s end=goal t= 2652.8s
[TRAIN][PPO] ep=215/500 r=  584.92 avg10=  550.83 steps=1491 succ10=0.90 touch10=0.90 col10=0.10 to10=0.00 min_d= 0.30 avg_spd=2.16m/s end=goal t= 2665.6s
[TRAIN][PPO] ep=216/500 r=  581.74 avg10=  552.19 steps=1393 succ10=0.90 touch10=0.90 col10=0.10 to10=0.00 min_d= 0.30 avg_spd=2.16m/s end=goal t= 2678.8s
[TRAIN][PPO] ep=217/500 r=  582.29 avg10=  552.53 steps=1533 succ10=0.90 touch10=0.90 col10=0.10 to10=0.00 min_d= 0.30 avg_spd=2.15m/s end=goal t= 2692.1s
[TRAIN][PPO] ep=218/500 r=  574.77 avg10=  552.20 steps=1373 succ10=0.90 touch10=0.90 col10=0.10 to10=0.00 min_d= 0.30 avg_spd=2.15m/s end=goal t= 2704.3s
[TRAIN][PPO] ep=219/500 r=  592.12 avg10=  553.52 steps=1428 succ10=0.90 touch10=0.90 col10=0.10 to10=0.00 min_d= 0.30 avg_spd=2.15m/s end=goal t= 2716.9s
[TRAIN][PPO] ep=220/500 r=   67.43 avg10=  501.22 steps= 365 succ10=0.80 touch10=0.80 col10=0.20 to10=0.00 min_d= 3.04 avg_spd=2.09m/s end=collision t= 2721.1s
[TRAIN][PPO] ep=221/500 r=  580.62 avg10=  501.86 steps=1394 succ10=0.80 touch10=0.80 col10=0.20 to10=0.00 min_d= 0.30 avg_spd=2.15m/s end=goal t= 2733.3s
[TRAIN][PPO] ep=222/500 r=  582.15 avg10=  532.32 steps=1401 succ10=0.90 touch10=0.90 col10=0.10 to10=0.00 min_d= 0.30 avg_spd=2.14m/s end=goal t= 2745.6s
[TRAIN][PPO] ep=223/500 r=  593.02 avg10=  532.62 steps=1428 succ10=0.90 touch10=0.90 col10=0.10 to10=0.00 min_d= 0.30 avg_spd=2.15m/s end=goal t= 2758.2s
[TRAIN][PPO] ep=224/500 r=  586.09 avg10=  532.52 steps=1412 succ10=0.90 touch10=0.90 col10=0.10 to10=0.00 min_d= 0.30 avg_spd=2.15m/s end=goal t= 2771.6s
[TRAIN][PPO] ep=225/500 r=  557.87 avg10=  529.81 steps=1469 succ10=0.90 touch10=0.90 col10=0.10 to10=0.00 min_d= 0.30 avg_spd=2.14m/s end=goal t= 2784.4s
[TRAIN][PPO] ep=226/500 r=  577.21 avg10=  529.36 steps=1394 succ10=0.90 touch10=0.90 col10=0.10 to10=0.00 min_d= 0.30 avg_spd=2.14m/s end=goal t= 2796.7s
[TRAIN][PPO] ep=227/500 r=  579.59 avg10=  529.09 steps=1397 succ10=0.90 touch10=0.90 col10=0.10 to10=0.00 min_d= 0.30 avg_spd=2.16m/s end=goal t= 2809.0s
[TRAIN][PPO] ep=228/500 r=  589.94 avg10=  530.60 steps=1427 succ10=0.90 touch10=0.90 col10=0.10 to10=0.00 min_d= 0.30 avg_spd=2.14m/s end=goal t= 2823.0s
[TRAIN][PPO] ep=229/500 r=  582.48 avg10=  529.64 steps=1397 succ10=0.90 touch10=0.90 col10=0.10 to10=0.00 min_d= 0.30 avg_spd=2.15m/s end=goal t= 2835.4s
[TRAIN][PPO] ep=230/500 r=  592.85 avg10=  582.18 steps=1442 succ10=1.00 touch10=1.00 col10=0.00 to10=0.00 min_d= 0.30 avg_spd=2.15m/s end=goal t= 2848.1s
[TRAIN][PPO] ep=231/500 r=  584.42 avg10=  582.56 steps=1397 succ10=1.00 touch10=1.00 col10=0.00 to10=0.00 min_d= 0.30 avg_spd=2.17m/s end=goal t= 2860.4s
[TRAIN][PPO] ep=232/500 r=  289.93 avg10=  553.34 steps=1017 succ10=0.90 touch10=0.90 col10=0.10 to10=0.00 min_d= 1.38 avg_spd=2.14m/s end=collision t= 2870.6s
[TRAIN][PPO] ep=233/500 r=  591.65 avg10=  553.20 steps=1421 succ10=0.90 touch10=0.90 col10=0.10 to10=0.00 min_d= 0.30 avg_spd=2.14m/s end=goal t= 2883.0s
[TRAIN][PPO] ep=234/500 r=  581.54 avg10=  552.75 steps=1391 succ10=0.90 touch10=0.90 col10=0.10 to10=0.00 min_d= 0.30 avg_spd=2.15m/s end=goal t= 2894.6s
[TRAIN][PPO] ep=235/500 r=  280.82 avg10=  525.04 steps= 987 succ10=0.80 touch10=0.80 col10=0.20 to10=0.00 min_d= 1.41 avg_spd=2.15m/s end=collision t= 2903.2s
[TRAIN][PPO] ep=236/500 r=  590.57 avg10=  526.38 steps=1424 succ10=0.80 touch10=0.80 col10=0.20 to10=0.00 min_d= 0.30 avg_spd=2.14m/s end=goal t= 2916.8s
[TRAIN][PPO] ep=237/500 r=  582.25 avg10=  526.64 steps=1398 succ10=0.80 touch10=0.80 col10=0.20 to10=0.00 min_d= 0.30 avg_spd=2.16m/s end=goal t= 2929.2s
[TRAIN][PPO] ep=238/500 r=  577.30 avg10=  525.38 steps=1390 succ10=0.80 touch10=0.80 col10=0.20 to10=0.00 min_d= 0.30 avg_spd=2.14m/s end=goal t= 2941.4s
[TRAIN][PPO] ep=239/500 r=  -34.85 avg10=  463.65 steps=  60 succ10=0.70 touch10=0.70 col10=0.30 to10=0.00 min_d= 3.83 avg_spd=2.16m/s end=collision t= 2941.9s
[TRAIN][PPO] ep=240/500 r=  281.67 avg10=  432.53 steps= 990 succ10=0.60 touch10=0.60 col10=0.40 to10=0.00 min_d= 1.40 avg_spd=2.16m/s end=collision t= 2951.6s
[TRAIN][PPO] ep=241/500 r=  576.94 avg10=  431.78 steps=1383 succ10=0.60 touch10=0.60 col10=0.40 to10=0.00 min_d= 0.30 avg_spd=2.15m/s end=goal t= 2963.7s
[TRAIN][PPO] ep=242/500 r=  576.90 avg10=  460.48 steps=1376 succ10=0.70 touch10=0.70 col10=0.30 to10=0.00 min_d= 0.30 avg_spd=2.16m/s end=goal t= 2975.5s
[TRAIN][PPO] ep=243/500 r=  578.34 avg10=  459.15 steps=1388 succ10=0.70 touch10=0.70 col10=0.30 to10=0.00 min_d= 0.30 avg_spd=2.13m/s end=goal t= 2987.4s
[TRAIN][PPO] ep=244/500 r=  578.17 avg10=  458.81 steps=1385 succ10=0.70 touch10=0.70 col10=0.30 to10=0.00 min_d= 0.30 avg_spd=2.14m/s end=goal t= 3001.3s
[TRAIN][PPO] ep=245/500 r=  580.51 avg10=  488.78 steps=1401 succ10=0.80 touch10=0.80 col10=0.20 to10=0.00 min_d= 0.30 avg_spd=2.16m/s end=goal t= 3013.8s
[TRAIN][PPO] ep=246/500 r=  580.32 avg10=  487.76 steps=1404 succ10=0.80 touch10=0.80 col10=0.20 to10=0.00 min_d= 0.30 avg_spd=2.13m/s end=goal t= 3025.9s
[TRAIN][PPO] ep=247/500 r=  593.12 avg10=  488.84 steps=1442 succ10=0.80 touch10=0.80 col10=0.20 to10=0.00 min_d= 0.30 avg_spd=2.14m/s end=goal t= 3038.5s
[TRAIN][PPO] ep=248/500 r=  589.54 avg10=  490.07 steps=1431 succ10=0.80 touch10=0.80 col10=0.20 to10=0.00 min_d= 0.30 avg_spd=2.16m/s end=goal t= 3052.4s
[TRAIN][PPO] ep=249/500 r=  585.19 avg10=  552.07 steps=1410 succ10=0.90 touch10=0.90 col10=0.10 to10=0.00 min_d= 0.30 avg_spd=2.15m/s end=goal t= 3064.9s
[TRAIN][PPO] ep=250/500 r=  584.50 avg10=  582.35 steps=1418 succ10=1.00 touch10=1.00 col10=0.00 to10=0.00 min_d= 0.30 avg_spd=2.15m/s end=goal t= 3077.8s
[TRAIN][PPO] ep=251/500 r=  579.78 avg10=  582.64 steps=1400 succ10=1.00 touch10=1.00 col10=0.00 to10=0.00 min_d= 0.30 avg_spd=2.13m/s end=goal t= 3090.8s
[TRAIN][PPO] ep=252/500 r=   64.28 avg10=  531.38 steps= 350 succ10=0.90 touch10=0.90 col10=0.10 to10=0.00 min_d= 3.06 avg_spd=2.15m/s end=collision t= 3094.9s
[TRAIN][PPO] ep=253/500 r=  584.39 avg10=  531.98 steps=1422 succ10=0.90 touch10=0.90 col10=0.10 to10=0.00 min_d= 0.30 avg_spd=2.14m/s end=goal t= 3107.4s
[TRAIN][PPO] ep=254/500 r=  584.61 avg10=  532.62 steps=1498 succ10=0.90 touch10=0.90 col10=0.10 to10=0.00 min_d= 0.30 avg_spd=2.14m/s end=goal t= 3120.8s
[TRAIN][PPO] ep=255/500 r=  302.85 avg10=  504.86 steps=1061 succ10=0.80 touch10=0.80 col10=0.20 to10=0.00 min_d= 1.29 avg_spd=2.16m/s end=collision t= 3130.4s
[TRAIN][PPO] ep=256/500 r=  581.83 avg10=  505.01 steps=1402 succ10=0.80 touch10=0.80 col10=0.20 to10=0.00 min_d= 0.30 avg_spd=2.13m/s end=goal t= 3143.9s
[TRAIN][PPO] ep=257/500 r=  579.46 avg10=  503.64 steps=1393 succ10=0.80 touch10=0.80 col10=0.20 to10=0.00 min_d= 0.30 avg_spd=2.15m/s end=goal t= 3156.3s
[TRAIN][PPO] ep=258/500 r=  279.76 avg10=  472.66 steps= 982 succ10=0.70 touch10=0.70 col10=0.30 to10=0.00 min_d= 1.38 avg_spd=2.16m/s end=collision t= 3165.1s
[TRAIN][PPO] ep=259/500 r=  592.12 avg10=  473.36 steps=1424 succ10=0.70 touch10=0.70 col10=0.30 to10=0.00 min_d= 0.30 avg_spd=2.15m/s end=goal t= 3177.9s
[TRAIN][PPO] ep=260/500 r=  586.14 avg10=  473.52 steps=1417 succ10=0.70 touch10=0.70 col10=0.30 to10=0.00 min_d= 0.30 avg_spd=2.15m/s end=goal t= 3192.4s
[TRAIN][PPO] ep=261/500 r=  579.40 avg10=  473.48 steps=1399 succ10=0.70 touch10=0.70 col10=0.30 to10=0.00 min_d= 0.30 avg_spd=2.13m/s end=goal t= 3204.9s
[TRAIN][PPO] ep=262/500 r=  582.07 avg10=  525.26 steps=1401 succ10=0.80 touch10=0.80 col10=0.20 to10=0.00 min_d= 0.30 avg_spd=2.13m/s end=goal t= 3217.5s
[TRAIN][PPO] ep=263/500 r=  580.05 avg10=  524.83 steps=1391 succ10=0.80 touch10=0.80 col10=0.20 to10=0.00 min_d= 0.30 avg_spd=2.15m/s end=goal t= 3230.1s
[TRAIN][PPO] ep=264/500 r=  591.37 avg10=  525.50 steps=1427 succ10=0.80 touch10=0.80 col10=0.20 to10=0.00 min_d= 0.30 avg_spd=2.14m/s end=goal t= 3244.1s
[TRAIN][PPO] ep=265/500 r=  580.85 avg10=  553.30 steps=1400 succ10=0.90 touch10=0.90 col10=0.10 to10=0.00 min_d= 0.30 avg_spd=2.14m/s end=goal t= 3256.7s
[TRAIN][PPO] ep=266/500 r=  583.81 avg10=  553.50 steps=1423 succ10=0.90 touch10=0.90 col10=0.10 to10=0.00 min_d= 0.30 avg_spd=2.14m/s end=goal t= 3269.4s
[TRAIN][PPO] ep=267/500 r=  588.99 avg10=  554.46 steps=1433 succ10=0.90 touch10=0.90 col10=0.10 to10=0.00 min_d= 0.30 avg_spd=2.15m/s end=goal t= 3282.1s
[TRAIN][PPO] ep=268/500 r=  589.30 avg10=  585.41 steps=1424 succ10=1.00 touch10=1.00 col10=0.00 to10=0.00 min_d= 0.30 avg_spd=2.13m/s end=goal t= 3296.1s
[TRAIN][PPO] ep=269/500 r=  582.19 avg10=  584.42 steps=1399 succ10=1.00 touch10=1.00 col10=0.00 to10=0.00 min_d= 0.30 avg_spd=2.15m/s end=goal t= 3308.5s
[TRAIN][PPO] ep=270/500 r=  593.99 avg10=  585.20 steps=1448 succ10=1.00 touch10=1.00 col10=0.00 to10=0.00 min_d= 0.30 avg_spd=2.14m/s end=goal t= 3321.5s
[TRAIN][PPO] ep=271/500 r=  591.10 avg10=  586.37 steps=1431 succ10=1.00 touch10=1.00 col10=0.00 to10=0.00 min_d= 0.30 avg_spd=2.14m/s end=goal t= 3334.6s
[TRAIN][PPO] ep=272/500 r=  584.75 avg10=  586.64 steps=1404 succ10=1.00 touch10=1.00 col10=0.00 to10=0.00 min_d= 0.30 avg_spd=2.16m/s end=goal t= 3348.4s
[TRAIN][PPO] ep=273/500 r=  582.84 avg10=  586.92 steps=1403 succ10=1.00 touch10=1.00 col10=0.00 to10=0.00 min_d= 0.30 avg_spd=2.14m/s end=goal t= 3361.2s
[TRAIN][PPO] ep=274/500 r=  583.58 avg10=  586.14 steps=1397 succ10=1.00 touch10=1.00 col10=0.00 to10=0.00 min_d= 0.30 avg_spd=2.14m/s end=goal t= 3373.7s
[TRAIN][PPO] ep=275/500 r=  580.53 avg10=  586.11 steps=1503 succ10=1.00 touch10=1.00 col10=0.00 to10=0.00 min_d= 0.30 avg_spd=2.14m/s end=goal t= 3387.0s
[TRAIN][PPO] ep=276/500 r=  581.22 avg10=  585.85 steps=1397 succ10=1.00 touch10=1.00 col10=0.00 to10=0.00 min_d= 0.30 avg_spd=2.15m/s end=goal t= 3400.9s
[TRAIN][PPO] ep=277/500 r=  574.00 avg10=  584.35 steps=1496 succ10=1.00 touch10=1.00 col10=0.00 to10=0.00 min_d= 0.30 avg_spd=2.14m/s end=goal t= 3414.2s
[TRAIN][PPO] ep=278/500 r=  586.78 avg10=  584.10 steps=1415 succ10=1.00 touch10=1.00 col10=0.00 to10=0.00 min_d= 0.30 avg_spd=2.14m/s end=goal t= 3427.0s
[TRAIN][PPO] ep=279/500 r=  588.67 avg10=  584.75 steps=1414 succ10=1.00 touch10=1.00 col10=0.00 to10=0.00 min_d= 0.30 avg_spd=2.13m/s end=goal t= 3439.8s
[TRAIN][PPO] ep=280/500 r=  591.07 avg10=  584.45 steps=1419 succ10=1.00 touch10=1.00 col10=0.00 to10=0.00 min_d= 0.30 avg_spd=2.15m/s end=goal t= 3453.5s
[TRAIN][PPO] ep=281/500 r=  580.03 avg10=  583.35 steps=1397 succ10=1.00 touch10=1.00 col10=0.00 to10=0.00 min_d= 0.30 avg_spd=2.14m/s end=goal t= 3465.9s
[TRAIN][PPO] ep=282/500 r=  585.49 avg10=  583.42 steps=1406 succ10=1.00 touch10=1.00 col10=0.00 to10=0.00 min_d= 0.30 avg_spd=2.14m/s end=goal t= 3478.5s
[TRAIN][PPO] ep=283/500 r=  587.47 avg10=  583.88 steps=1419 succ10=1.00 touch10=1.00 col10=0.00 to10=0.00 min_d= 0.30 avg_spd=2.15m/s end=goal t= 3491.4s
[TRAIN][PPO] ep=284/500 r=  582.39 avg10=  583.77 steps=1393 succ10=1.00 touch10=1.00 col10=0.00 to10=0.00 min_d= 0.30 avg_spd=2.15m/s end=goal t= 3505.0s
[TRAIN][PPO] ep=285/500 r=  578.19 avg10=  583.53 steps=1398 succ10=1.00 touch10=1.00 col10=0.00 to10=0.00 min_d= 0.30 avg_spd=2.13m/s end=goal t= 3517.6s
[TRAIN][PPO] ep=286/500 r=  590.58 avg10=  584.47 steps=1421 succ10=1.00 touch10=1.00 col10=0.00 to10=0.00 min_d= 0.30 avg_spd=2.15m/s end=goal t= 3530.7s
[TRAIN][PPO] ep=287/500 r=  588.38 avg10=  585.91 steps=1417 succ10=1.00 touch10=1.00 col10=0.00 to10=0.00 min_d= 0.30 avg_spd=2.14m/s end=goal t= 3543.6s
[TRAIN][PPO] ep=288/500 r=  574.63 avg10=  584.69 steps=1384 succ10=1.00 touch10=1.00 col10=0.00 to10=0.00 min_d= 0.30 avg_spd=2.15m/s end=goal t= 3557.2s
[TRAIN][PPO] ep=289/500 r=  577.59 avg10=  583.58 steps=1396 succ10=1.00 touch10=1.00 col10=0.00 to10=0.00 min_d= 0.30 avg_spd=2.13m/s end=goal t= 3569.6s
[TRAIN][PPO] ep=290/500 r=  286.27 avg10=  553.10 steps= 988 succ10=0.90 touch10=0.90 col10=0.10 to10=0.00 min_d= 1.41 avg_spd=2.18m/s end=collision t= 3578.4s
[TRAIN][PPO] ep=291/500 r=  585.47 avg10=  553.65 steps=1531 succ10=0.90 touch10=0.90 col10=0.10 to10=0.00 min_d= 0.30 avg_spd=2.15m/s end=goal t= 3592.1s
[TRAIN][PPO] ep=292/500 r=  588.81 avg10=  553.98 steps=1414 succ10=0.90 touch10=0.90 col10=0.10 to10=0.00 min_d= 0.30 avg_spd=2.15m/s end=goal t= 3606.3s
[TRAIN][PPO] ep=293/500 r=  582.59 avg10=  553.49 steps=1398 succ10=0.90 touch10=0.90 col10=0.10 to10=0.00 min_d= 0.30 avg_spd=2.14m/s end=goal t= 3618.8s
[TRAIN][PPO] ep=294/500 r=  580.14 avg10=  553.27 steps=1395 succ10=0.90 touch10=0.90 col10=0.10 to10=0.00 min_d= 0.30 avg_spd=2.14m/s end=goal t= 3631.4s
[TRAIN][PPO] ep=295/500 r=  582.31 avg10=  553.68 steps=1530 succ10=0.90 touch10=0.90 col10=0.10 to10=0.00 min_d= 0.30 avg_spd=2.13m/s end=goal t= 3645.1s
[TRAIN][PPO] ep=296/500 r=  584.17 avg10=  553.04 steps=1403 succ10=0.90 touch10=0.90 col10=0.10 to10=0.00 min_d= 0.30 avg_spd=2.14m/s end=goal t= 3658.8s
[TRAIN][PPO] ep=297/500 r=  588.32 avg10=  553.03 steps=1413 succ10=0.90 touch10=0.90 col10=0.10 to10=0.00 min_d= 0.30 avg_spd=2.14m/s end=goal t= 3671.3s
[TRAIN][PPO] ep=298/500 r=  577.00 avg10=  553.27 steps=1390 succ10=0.90 touch10=0.90 col10=0.10 to10=0.00 min_d= 0.30 avg_spd=2.14m/s end=goal t= 3683.8s
[TRAIN][PPO] ep=299/500 r=  586.43 avg10=  554.15 steps=1412 succ10=0.90 touch10=0.90 col10=0.10 to10=0.00 min_d= 0.30 avg_spd=2.14m/s end=goal t= 3696.1s
[TRAIN][PPO] ep=300/500 r=  582.74 avg10=  583.80 steps=1551 succ10=1.00 touch10=1.00 col10=0.00 to10=0.00 min_d= 0.30 avg_spd=2.13m/s end=goal t= 3711.0s ckpt=latest
[TRAIN][PPO] ep=301/500 r=  575.87 avg10=  582.84 steps=1382 succ10=1.00 touch10=1.00 col10=0.00 to10=0.00 min_d= 0.30 avg_spd=2.15m/s end=goal t= 3723.3s
[TRAIN][PPO] ep=302/500 r=  576.69 avg10=  581.63 steps=1381 succ10=1.00 touch10=1.00 col10=0.00 to10=0.00 min_d= 0.30 avg_spd=2.14m/s end=goal t= 3736.0s
[TRAIN][PPO] ep=303/500 r=  595.61 avg10=  582.93 steps=1439 succ10=1.00 touch10=1.00 col10=0.00 to10=0.00 min_d= 0.30 avg_spd=2.14m/s end=goal t= 3749.3s
[TRAIN][PPO] ep=304/500 r=  579.56 avg10=  582.87 steps=1414 succ10=1.00 touch10=1.00 col10=0.00 to10=0.00 min_d= 0.30 avg_spd=2.15m/s end=goal t= 3763.2s
[TRAIN][PPO] ep=305/500 r=  582.00 avg10=  582.84 steps=1404 succ10=1.00 touch10=1.00 col10=0.00 to10=0.00 min_d= 0.30 avg_spd=2.16m/s end=goal t= 3775.5s
[TRAIN][PPO] ep=306/500 r=  585.47 avg10=  582.97 steps=1408 succ10=1.00 touch10=1.00 col10=0.00 to10=0.00 min_d= 0.30 avg_spd=2.14m/s end=goal t= 3787.9s
[TRAIN][PPO] ep=307/500 r=  586.96 avg10=  582.83 steps=1409 succ10=1.00 touch10=1.00 col10=0.00 to10=0.00 min_d= 0.30 avg_spd=2.15m/s end=goal t= 3800.5s
[TRAIN][PPO] ep=308/500 r=  581.84 avg10=  583.32 steps=1406 succ10=1.00 touch10=1.00 col10=0.00 to10=0.00 min_d= 0.30 avg_spd=2.16m/s end=goal t= 3814.1s
[TRAIN][PPO] ep=309/500 r=  585.51 avg10=  583.23 steps=1409 succ10=1.00 touch10=1.00 col10=0.00 to10=0.00 min_d= 0.30 avg_spd=2.14m/s end=goal t= 3826.9s
[TRAIN][PPO] ep=310/500 r=  580.17 avg10=  582.97 steps=1493 succ10=1.00 touch10=1.00 col10=0.00 to10=0.00 min_d= 0.30 avg_spd=2.18m/s end=goal t= 3840.1s
[TRAIN][PPO] ep=311/500 r=  583.52 avg10=  583.73 steps=1417 succ10=1.00 touch10=1.00 col10=0.00 to10=0.00 min_d= 0.30 avg_spd=2.16m/s end=goal t= 3852.7s
[TRAIN][PPO] ep=312/500 r=  589.83 avg10=  585.05 steps=1416 succ10=1.00 touch10=1.00 col10=0.00 to10=0.00 min_d= 0.30 avg_spd=2.16m/s end=goal t= 3866.3s
[TRAIN][PPO] ep=313/500 r=  570.80 avg10=  582.57 steps=1487 succ10=1.00 touch10=1.00 col10=0.00 to10=0.00 min_d= 0.30 avg_spd=2.15m/s end=goal t= 3879.4s
[TRAIN][PPO] ep=314/500 r=  586.07 avg10=  583.22 steps=1408 succ10=1.00 touch10=1.00 col10=0.00 to10=0.00 min_d= 0.30 avg_spd=2.15m/s end=goal t= 3892.2s
[TRAIN][PPO] ep=315/500 r=  582.35 avg10=  583.25 steps=1400 succ10=1.00 touch10=1.00 col10=0.00 to10=0.00 min_d= 0.30 avg_spd=2.14m/s end=goal t= 3904.7s
[TRAIN][PPO] ep=316/500 r=  591.53 avg10=  583.86 steps=1421 succ10=1.00 touch10=1.00 col10=0.00 to10=0.00 min_d= 0.30 avg_spd=2.16m/s end=goal t= 3919.1s
[TRAIN][PPO] ep=317/500 r=  576.94 avg10=  582.86 steps=1503 succ10=1.00 touch10=1.00 col10=0.00 to10=0.00 min_d= 0.30 avg_spd=2.13m/s end=goal t= 3932.4s
[TRAIN][PPO] ep=318/500 r=  591.91 avg10=  583.86 steps=1422 succ10=1.00 touch10=1.00 col10=0.00 to10=0.00 min_d= 0.30 avg_spd=2.16m/s end=goal t= 3945.2s
[TRAIN][PPO] ep=319/500 r=  583.25 avg10=  583.64 steps=1397 succ10=1.00 touch10=1.00 col10=0.00 to10=0.00 min_d= 0.30 avg_spd=2.17m/s end=goal t= 3957.9s
[TRAIN][PPO] ep=320/500 r=  576.52 avg10=  583.27 steps=1393 succ10=1.00 touch10=1.00 col10=0.00 to10=0.00 min_d= 0.30 avg_spd=2.13m/s end=goal t= 3971.5s
[TRAIN][PPO] ep=321/500 r=  566.34 avg10=  581.56 steps=1470 succ10=1.00 touch10=1.00 col10=0.00 to10=0.00 min_d= 0.30 avg_spd=2.13m/s end=goal t= 3984.3s
[TRAIN][PPO] ep=322/500 r=   63.40 avg10=  528.91 steps= 358 succ10=0.90 touch10=0.90 col10=0.10 to10=0.00 min_d= 3.06 avg_spd=2.11m/s end=collision t= 3987.5s
[TRAIN][PPO] ep=323/500 r=  584.86 avg10=  530.32 steps=1416 succ10=0.90 touch10=0.90 col10=0.10 to10=0.00 min_d= 0.30 avg_spd=2.14m/s end=goal t= 4000.1s
[TRAIN][PPO] ep=324/500 r=  584.32 avg10=  530.14 steps=1405 succ10=0.90 touch10=0.90 col10=0.10 to10=0.00 min_d= 0.30 avg_spd=2.16m/s end=goal t= 4013.5s
[TRAIN][PPO] ep=325/500 r=  586.64 avg10=  530.57 steps=1403 succ10=0.90 touch10=0.90 col10=0.10 to10=0.00 min_d= 0.30 avg_spd=2.16m/s end=goal t= 4026.0s
[TRAIN][PPO] ep=326/500 r=  574.40 avg10=  528.86 steps=1525 succ10=0.90 touch10=0.90 col10=0.10 to10=0.00 min_d= 0.30 avg_spd=2.14m/s end=goal t= 4039.7s
[TRAIN][PPO] ep=327/500 r=  586.11 avg10=  529.78 steps=1408 succ10=0.90 touch10=0.90 col10=0.10 to10=0.00 min_d= 0.30 avg_spd=2.18m/s end=goal t= 4052.4s
[TRAIN][PPO] ep=328/500 r=  585.93 avg10=  529.18 steps=1411 succ10=0.90 touch10=0.90 col10=0.10 to10=0.00 min_d= 0.30 avg_spd=2.15m/s end=goal t= 4065.9s
[TRAIN][PPO] ep=329/500 r=  590.98 avg10=  529.95 steps=1447 succ10=0.90 touch10=0.90 col10=0.10 to10=0.00 min_d= 0.30 avg_spd=2.15m/s end=goal t= 4078.6s
[TRAIN][PPO] ep=330/500 r=  572.28 avg10=  529.53 steps=1374 succ10=0.90 touch10=0.90 col10=0.10 to10=0.00 min_d= 0.30 avg_spd=2.17m/s end=goal t= 4091.0s
[TRAIN][PPO] ep=331/500 r=  586.08 avg10=  531.50 steps=1426 succ10=0.90 touch10=0.90 col10=0.10 to10=0.00 min_d= 0.30 avg_spd=2.15m/s end=goal t= 4104.0s
[TRAIN][PPO] ep=332/500 r=  584.18 avg10=  583.58 steps=1402 succ10=1.00 touch10=1.00 col10=0.00 to10=0.00 min_d= 0.30 avg_spd=2.17m/s end=goal t= 4117.5s
[TRAIN][PPO] ep=333/500 r=  576.77 avg10=  582.77 steps=1390 succ10=1.00 touch10=1.00 col10=0.00 to10=0.00 min_d= 0.30 avg_spd=2.15m/s end=goal t= 4129.9s
[TRAIN][PPO] ep=334/500 r=  576.01 avg10=  581.94 steps=1385 succ10=1.00 touch10=1.00 col10=0.00 to10=0.00 min_d= 0.30 avg_spd=2.16m/s end=goal t= 4142.6s
[TRAIN][PPO] ep=335/500 r=  587.45 avg10=  582.02 steps=1404 succ10=1.00 touch10=1.00 col10=0.00 to10=0.00 min_d= 0.30 avg_spd=2.17m/s end=goal t= 4155.0s
[TRAIN][PPO] ep=336/500 r=  590.16 avg10=  583.60 steps=1425 succ10=1.00 touch10=1.00 col10=0.00 to10=0.00 min_d= 0.30 avg_spd=2.16m/s end=goal t= 4169.2s
[TRAIN][PPO] ep=337/500 r=  585.24 avg10=  583.51 steps=1406 succ10=1.00 touch10=1.00 col10=0.00 to10=0.00 min_d= 0.30 avg_spd=2.15m/s end=goal t= 4182.0s
[TRAIN][PPO] ep=338/500 r=  584.34 avg10=  583.35 steps=1484 succ10=1.00 touch10=1.00 col10=0.00 to10=0.00 min_d= 0.30 avg_spd=2.18m/s end=goal t= 4195.7s
[TRAIN][PPO] ep=339/500 r=  585.91 avg10=  582.84 steps=1399 succ10=1.00 touch10=1.00 col10=0.00 to10=0.00 min_d= 0.30 avg_spd=2.16m/s end=goal t= 4208.2s
[TRAIN][PPO] ep=340/500 r=  581.32 avg10=  583.75 steps=1394 succ10=1.00 touch10=1.00 col10=0.00 to10=0.00 min_d= 0.30 avg_spd=2.16m/s end=goal t= 4222.4s
[TRAIN][PPO] ep=341/500 r=  557.27 avg10=  580.86 steps=1469 succ10=1.00 touch10=1.00 col10=0.00 to10=0.00 min_d= 0.30 avg_spd=2.16m/s end=goal t= 4235.3s
[TRAIN][PPO] ep=342/500 r=  576.44 avg10=  580.09 steps=1394 succ10=1.00 touch10=1.00 col10=0.00 to10=0.00 min_d= 0.30 avg_spd=2.15m/s end=goal t= 4247.6s
[TRAIN][PPO] ep=343/500 r=  -44.26 avg10=  517.99 steps=  21 succ10=0.90 touch10=0.90 col10=0.10 to10=0.00 min_d= 3.84 avg_spd=1.90m/s end=collision t= 4247.9s
[TRAIN][PPO] ep=344/500 r=  596.07 avg10=  519.99 steps=1446 succ10=0.90 touch10=0.90 col10=0.10 to10=0.00 min_d= 0.30 avg_spd=2.13m/s end=goal t= 4261.4s
[TRAIN][PPO] ep=345/500 r=  584.73 avg10=  519.72 steps=1512 succ10=0.90 touch10=0.90 col10=0.10 to10=0.00 min_d= 0.30 avg_spd=2.17m/s end=goal t= 4274.7s
[TRAIN][PPO] ep=346/500 r=  561.07 avg10=  516.81 steps=1511 succ10=0.90 touch10=0.90 col10=0.10 to10=0.00 min_d= 0.30 avg_spd=2.14m/s end=goal t= 4288.2s
[TRAIN][PPO] ep=347/500 r=  585.75 avg10=  516.86 steps=1417 succ10=0.90 touch10=0.90 col10=0.10 to10=0.00 min_d= 0.30 avg_spd=2.13m/s end=goal t= 4301.0s
[TRAIN][PPO] ep=348/500 r=  572.58 avg10=  515.69 steps=1388 succ10=0.90 touch10=0.90 col10=0.10 to10=0.00 min_d= 0.30 avg_spd=2.15m/s end=goal t= 4315.7s
[TRAIN][PPO] ep=349/500 r=  585.51 avg10=  515.65 steps=1409 succ10=0.90 touch10=0.90 col10=0.10 to10=0.00 min_d= 0.30 avg_spd=2.16m/s end=goal t= 4328.6s
[TRAIN][PPO] ep=350/500 r=   66.73 avg10=  464.19 steps= 357 succ10=0.80 touch10=0.80 col10=0.20 to10=0.00 min_d= 3.07 avg_spd=2.16m/s end=collision t= 4331.9s
[TRAIN][PPO] ep=351/500 r=  587.70 avg10=  467.23 steps=1416 succ10=0.80 touch10=0.80 col10=0.20 to10=0.00 min_d= 0.30 avg_spd=2.17m/s end=goal t= 4344.8s
[TRAIN][PPO] ep=352/500 r=  579.69 avg10=  467.56 steps=1388 succ10=0.80 touch10=0.80 col10=0.20 to10=0.00 min_d= 0.30 avg_spd=2.16m/s end=goal t= 4358.1s
[TRAIN][PPO] ep=353/500 r=  569.83 avg10=  528.97 steps=1527 succ10=0.90 touch10=0.90 col10=0.10 to10=0.00 min_d= 0.30 avg_spd=2.15m/s end=goal t= 4371.5s
[TRAIN][PPO] ep=354/500 r=  588.27 avg10=  528.19 steps=1419 succ10=0.90 touch10=0.90 col10=0.10 to10=0.00 min_d= 0.30 avg_spd=2.16m/s end=goal t= 4384.4s
[TRAIN][PPO] ep=355/500 r=  585.45 avg10=  528.26 steps=1402 succ10=0.90 touch10=0.90 col10=0.10 to10=0.00 min_d= 0.30 avg_spd=2.14m/s end=goal t= 4397.0s
[TRAIN][PPO] ep=356/500 r=  564.88 avg10=  528.64 steps=1496 succ10=0.90 touch10=0.90 col10=0.10 to10=0.00 min_d= 0.30 avg_spd=2.13m/s end=goal t= 4412.3s
[TRAIN][PPO] ep=357/500 r=  576.85 avg10=  527.75 steps=1389 succ10=0.90 touch10=0.90 col10=0.10 to10=0.00 min_d= 0.30 avg_spd=2.14m/s end=goal t= 4425.0s
[TRAIN][PPO] ep=358/500 r=  579.47 avg10=  528.44 steps=1393 succ10=0.90 touch10=0.90 col10=0.10 to10=0.00 min_d= 0.30 avg_spd=2.14m/s end=goal t= 4437.6s
[TRAIN][PPO] ep=359/500 r=  586.24 avg10=  528.51 steps=1419 succ10=0.90 touch10=0.90 col10=0.10 to10=0.00 min_d= 0.30 avg_spd=2.14m/s end=goal t= 4450.7s
[TRAIN][PPO] ep=360/500 r=  591.56 avg10=  580.99 steps=1429 succ10=1.00 touch10=1.00 col10=0.00 to10=0.00 min_d= 0.30 avg_spd=2.13m/s end=goal t= 4465.0s
[TRAIN][PPO] ep=361/500 r=  587.42 avg10=  580.97 steps=1406 succ10=1.00 touch10=1.00 col10=0.00 to10=0.00 min_d= 0.30 avg_spd=2.17m/s end=goal t= 4477.8s
[TRAIN][PPO] ep=362/500 r=  582.67 avg10=  581.26 steps=1488 succ10=1.00 touch10=1.00 col10=0.00 to10=0.00 min_d= 0.30 avg_spd=2.15m/s end=goal t= 4491.3s
[TRAIN][PPO] ep=363/500 r=  580.29 avg10=  582.31 steps=1411 succ10=1.00 touch10=1.00 col10=0.00 to10=0.00 min_d= 0.30 avg_spd=2.13m/s end=goal t= 4504.3s
[TRAIN][PPO] ep=364/500 r=  586.80 avg10=  582.16 steps=1413 succ10=1.00 touch10=1.00 col10=0.00 to10=0.00 min_d= 0.30 avg_spd=2.15m/s end=goal t= 4518.1s
[TRAIN][PPO] ep=365/500 r=  581.66 avg10=  581.79 steps=1392 succ10=1.00 touch10=1.00 col10=0.00 to10=0.00 min_d= 0.30 avg_spd=2.15m/s end=goal t= 4531.0s
[TRAIN][PPO] ep=366/500 r=  573.91 avg10=  582.69 steps=1380 succ10=1.00 touch10=1.00 col10=0.00 to10=0.00 min_d= 0.30 avg_spd=2.15m/s end=goal t= 4543.4s
[TRAIN][PPO] ep=367/500 r=  -39.22 avg10=  521.08 steps=  35 succ10=0.90 touch10=0.90 col10=0.10 to10=0.00 min_d= 3.84 avg_spd=2.00m/s end=collision t= 4543.7s
[TRAIN][PPO] ep=368/500 r=  573.37 avg10=  520.47 steps=1378 succ10=0.90 touch10=0.90 col10=0.10 to10=0.00 min_d= 0.30 avg_spd=2.16m/s end=goal t= 4556.8s
[TRAIN][PPO] ep=369/500 r=  583.40 avg10=  520.19 steps=1415 succ10=0.90 touch10=0.90 col10=0.10 to10=0.00 min_d= 0.30 avg_spd=2.14m/s end=goal t= 4569.6s
[TRAIN][PPO] ep=370/500 r=  585.55 avg10=  519.59 steps=1401 succ10=0.90 touch10=0.90 col10=0.10 to10=0.00 min_d= 0.30 avg_spd=2.16m/s end=goal t= 4582.1s
[TRAIN][PPO] ep=371/500 r=  581.49 avg10=  518.99 steps=1387 succ10=0.90 touch10=0.90 col10=0.10 to10=0.00 min_d= 0.30 avg_spd=2.17m/s end=goal t= 4594.8s
[TRAIN][PPO] ep=372/500 r=  592.59 avg10=  519.99 steps=1422 succ10=0.90 touch10=0.90 col10=0.10 to10=0.00 min_d= 0.30 avg_spd=2.15m/s end=goal t= 4608.7s
[TRAIN][PPO] ep=373/500 r=  585.70 avg10=  520.53 steps=1495 succ10=0.90 touch10=0.90 col10=0.10 to10=0.00 min_d= 0.30 avg_spd=2.16m/s end=goal t= 4622.2s
[TRAIN][PPO] ep=374/500 r=  574.41 avg10=  519.29 steps=1373 succ10=0.90 touch10=0.90 col10=0.10 to10=0.00 min_d= 0.30 avg_spd=2.15m/s end=goal t= 4634.7s
[TRAIN][PPO] ep=375/500 r=  576.94 avg10=  518.81 steps=1383 succ10=0.90 touch10=0.90 col10=0.10 to10=0.00 min_d= 0.30 avg_spd=2.14m/s end=goal t= 4647.3s
[TRAIN][PPO] ep=376/500 r=  583.18 avg10=  519.74 steps=1392 succ10=0.90 touch10=0.90 col10=0.10 to10=0.00 min_d= 0.30 avg_spd=2.15m/s end=goal t= 4661.1s
[TRAIN][PPO] ep=377/500 r=  577.66 avg10=  581.43 steps=1379 succ10=1.00 touch10=1.00 col10=0.00 to10=0.00 min_d= 0.30 avg_spd=2.19m/s end=goal t= 4673.4s
[TRAIN][PPO] ep=378/500 r=  579.07 avg10=  582.00 steps=1396 succ10=1.00 touch10=1.00 col10=0.00 to10=0.00 min_d= 0.30 avg_spd=2.15m/s end=goal t= 4686.0s
[TRAIN][PPO] ep=379/500 r=  579.74 avg10=  581.63 steps=1394 succ10=1.00 touch10=1.00 col10=0.00 to10=0.00 min_d= 0.30 avg_spd=2.15m/s end=goal t= 4698.5s
[TRAIN][PPO] ep=380/500 r=  587.84 avg10=  581.86 steps=1404 succ10=1.00 touch10=1.00 col10=0.00 to10=0.00 min_d= 0.30 avg_spd=2.17m/s end=goal t= 4712.4s
[TRAIN][PPO] ep=381/500 r=  576.39 avg10=  581.35 steps=1376 succ10=1.00 touch10=1.00 col10=0.00 to10=0.00 min_d= 0.30 avg_spd=2.16m/s end=goal t= 4724.8s
[TRAIN][PPO] ep=382/500 r=   69.64 avg10=  529.06 steps= 369 succ10=0.90 touch10=0.90 col10=0.10 to10=0.00 min_d= 2.96 avg_spd=2.18m/s end=collision t= 4728.2s
[TRAIN][PPO] ep=383/500 r=   68.75 avg10=  477.36 steps= 365 succ10=0.80 touch10=0.80 col10=0.20 to10=0.00 min_d= 3.05 avg_spd=2.18m/s end=collision t= 4731.4s
[TRAIN][PPO] ep=384/500 r=  -42.20 avg10=  415.70 steps=  32 succ10=0.70 touch10=0.70 col10=0.30 to10=0.00 min_d= 3.83 avg_spd=2.09m/s end=collision t= 4732.2s
[TRAIN][PPO] ep=385/500 r=  582.04 avg10=  416.21 steps=1396 succ10=0.70 touch10=0.70 col10=0.30 to10=0.00 min_d= 0.30 avg_spd=2.16m/s end=goal t= 4744.6s
[TRAIN][PPO] ep=386/500 r=  579.53 avg10=  415.84 steps=1387 succ10=0.70 touch10=0.70 col10=0.30 to10=0.00 min_d= 0.30 avg_spd=2.16m/s end=goal t= 4757.2s
[TRAIN][PPO] ep=387/500 r=   71.21 avg10=  365.20 steps= 365 succ10=0.60 touch10=0.60 col10=0.40 to10=0.00 min_d= 3.06 avg_spd=2.16m/s end=collision t= 4760.5s
[TRAIN][PPO] ep=388/500 r=  285.11 avg10=  335.80 steps= 996 succ10=0.50 touch10=0.50 col10=0.50 to10=0.00 min_d= 1.38 avg_spd=2.18m/s end=collision t= 4770.3s
[TRAIN][PPO] ep=389/500 r=  564.50 avg10=  334.28 steps=1496 succ10=0.50 touch10=0.50 col10=0.50 to10=0.00 min_d= 0.30 avg_spd=2.14m/s end=goal t= 4783.6s
[TRAIN][PPO] ep=390/500 r=  583.94 avg10=  333.89 steps=1395 succ10=0.50 touch10=0.50 col10=0.50 to10=0.00 min_d= 0.30 avg_spd=2.17m/s end=goal t= 4796.1s
[TRAIN][PPO] ep=391/500 r=  587.25 avg10=  334.98 steps=1410 succ10=0.50 touch10=0.50 col10=0.50 to10=0.00 min_d= 0.30 avg_spd=2.18m/s end=goal t= 4808.7s
[TRAIN][PPO] ep=392/500 r=  583.47 avg10=  386.36 steps=1396 succ10=0.60 touch10=0.60 col10=0.40 to10=0.00 min_d= 0.30 avg_spd=2.17m/s end=goal t= 4822.5s
[TRAIN][PPO] ep=393/500 r=  570.98 avg10=  436.58 steps=1366 succ10=0.70 touch10=0.70 col10=0.30 to10=0.00 min_d= 0.30 avg_spd=2.17m/s end=goal t= 4835.2s
[TRAIN][PPO] ep=394/500 r=  585.98 avg10=  499.40 steps=1414 succ10=0.80 touch10=0.80 col10=0.20 to10=0.00 min_d= 0.30 avg_spd=2.16m/s end=goal t= 4848.2s
[TRAIN][PPO] ep=395/500 r=  584.02 avg10=  499.60 steps=1416 succ10=0.80 touch10=0.80 col10=0.20 to10=0.00 min_d= 0.30 avg_spd=2.16m/s end=goal t= 4860.9s
[TRAIN][PPO] ep=396/500 r=  586.23 avg10=  500.27 steps=1416 succ10=0.80 touch10=0.80 col10=0.20 to10=0.00 min_d= 0.30 avg_spd=2.15m/s end=goal t= 4875.0s
[TRAIN][PPO] ep=397/500 r=  590.13 avg10=  552.16 steps=1422 succ10=0.90 touch10=0.90 col10=0.10 to10=0.00 min_d= 0.30 avg_spd=2.16m/s end=goal t= 4887.9s
[TRAIN][PPO] ep=398/500 r=  575.26 avg10=  581.18 steps=1376 succ10=1.00 touch10=1.00 col10=0.00 to10=0.00 min_d= 0.30 avg_spd=2.15m/s end=goal t= 4900.4s
[TRAIN][PPO] ep=399/500 r=  588.29 avg10=  583.56 steps=1421 succ10=1.00 touch10=1.00 col10=0.00 to10=0.00 min_d= 0.30 avg_spd=2.16m/s end=goal t= 4913.3s
[TRAIN][PPO] ep=400/500 r=  578.67 avg10=  583.03 steps=1405 succ10=1.00 touch10=1.00 col10=0.00 to10=0.00 min_d= 0.30 avg_spd=2.14m/s end=goal t= 4927.3s ckpt=latest
[TRAIN][PPO] ep=401/500 r=  580.90 avg10=  582.39 steps=1385 succ10=1.00 touch10=1.00 col10=0.00 to10=0.00 min_d= 0.30 avg_spd=2.16m/s end=goal t= 4939.8s
[TRAIN][PPO] ep=402/500 r=  583.60 avg10=  582.41 steps=1402 succ10=1.00 touch10=1.00 col10=0.00 to10=0.00 min_d= 0.30 avg_spd=2.17m/s end=goal t= 4952.3s
[TRAIN][PPO] ep=403/500 r=   56.21 avg10=  530.93 steps= 329 succ10=0.90 touch10=0.90 col10=0.10 to10=0.00 min_d= 3.05 avg_spd=2.10m/s end=collision t= 4955.3s
[TRAIN][PPO] ep=404/500 r=  -28.05 avg10=  469.53 steps= 140 succ10=0.80 touch10=0.80 col10=0.20 to10=0.00 min_d= 3.82 avg_spd=2.11m/s end=collision t= 4957.3s
[TRAIN][PPO] ep=405/500 r=  581.67 avg10=  469.29 steps=1412 succ10=0.80 touch10=0.80 col10=0.20 to10=0.00 min_d= 0.30 avg_spd=2.14m/s end=goal t= 4970.0s
[TRAIN][PPO] ep=406/500 r=  570.77 avg10=  467.75 steps=1360 succ10=0.80 touch10=0.80 col10=0.20 to10=0.00 min_d= 0.30 avg_spd=2.17m/s end=goal t= 4982.3s
[TRAIN][PPO] ep=407/500 r=  580.99 avg10=  466.83 steps=1398 succ10=0.80 touch10=0.80 col10=0.20 to10=0.00 min_d= 0.30 avg_spd=2.17m/s end=goal t= 4994.7s
[TRAIN][PPO] ep=408/500 r=  584.41 avg10=  467.75 steps=1398 succ10=0.80 touch10=0.80 col10=0.20 to10=0.00 min_d= 0.30 avg_spd=2.15m/s end=goal t= 5008.3s
[TRAIN][PPO] ep=409/500 r=  574.38 avg10=  466.36 steps=1376 succ10=0.80 touch10=0.80 col10=0.20 to10=0.00 min_d= 0.30 avg_spd=2.16m/s end=goal t= 5020.7s
[TRAIN][PPO] ep=410/500 r=  585.38 avg10=  467.03 steps=1402 succ10=0.80 touch10=0.80 col10=0.20 to10=0.00 min_d= 0.30 avg_spd=2.17m/s end=goal t= 5033.5s
[TRAIN][PPO] ep=411/500 r=  -43.66 avg10=  404.57 steps=  26 succ10=0.70 touch10=0.70 col10=0.30 to10=0.00 min_d= 3.84 avg_spd=2.07m/s end=collision t= 5033.8s
[TRAIN][PPO] ep=412/500 r=  578.38 avg10=  404.05 steps=1388 succ10=0.70 touch10=0.70 col10=0.30 to10=0.00 min_d= 0.30 avg_spd=2.14m/s end=goal t= 5047.0s
[TRAIN][PPO] ep=413/500 r=  589.04 avg10=  457.33 steps=1508 succ10=0.80 touch10=0.80 col10=0.20 to10=0.00 min_d= 0.30 avg_spd=2.16m/s end=goal t= 5060.5s
[TRAIN][PPO] ep=414/500 r=  583.40 avg10=  518.48 steps=1413 succ10=0.90 touch10=0.90 col10=0.10 to10=0.00 min_d= 0.30 avg_spd=2.17m/s end=goal t= 5073.2s
[TRAIN][PPO] ep=415/500 r=  581.24 avg10=  518.43 steps=1396 succ10=0.90 touch10=0.90 col10=0.10 to10=0.00 min_d= 0.30 avg_spd=2.15m/s end=goal t= 5085.7s
[TRAIN][PPO] ep=416/500 r=  585.50 avg10=  519.91 steps=1401 succ10=0.90 touch10=0.90 col10=0.10 to10=0.00 min_d= 0.30 avg_spd=2.15m/s end=goal t= 5099.4s
[TRAIN][PPO] ep=417/500 r=  270.55 avg10=  488.86 steps= 951 succ10=0.80 touch10=0.80 col10=0.20 to10=0.00 min_d= 1.39 avg_spd=2.17m/s end=collision t= 5108.1s
[TRAIN][PPO] ep=418/500 r=  587.12 avg10=  489.13 steps=1410 succ10=0.80 touch10=0.80 col10=0.20 to10=0.00 min_d= 0.30 avg_spd=2.16m/s end=goal t= 5120.8s
[TRAIN][PPO] ep=419/500 r=  587.68 avg10=  490.46 steps=1412 succ10=0.80 touch10=0.80 col10=0.20 to10=0.00 min_d= 0.30 avg_spd=2.15m/s end=goal t= 5133.5s
[TRAIN][PPO] ep=420/500 r=  588.90 avg10=  490.81 steps=1421 succ10=0.80 touch10=0.80 col10=0.20 to10=0.00 min_d= 0.30 avg_spd=2.16m/s end=goal t= 5147.4s
[TRAIN][PPO] ep=421/500 r=  280.31 avg10=  523.21 steps= 980 succ10=0.80 touch10=0.80 col10=0.20 to10=0.00 min_d= 1.37 avg_spd=2.17m/s end=collision t= 5156.2s
[TRAIN][PPO] ep=422/500 r=  576.95 avg10=  523.07 steps=1507 succ10=0.80 touch10=0.80 col10=0.20 to10=0.00 min_d= 0.30 avg_spd=2.15m/s end=goal t= 5169.8s
[TRAIN][PPO] ep=423/500 r=  574.71 avg10=  521.64 steps=1378 succ10=0.80 touch10=0.80 col10=0.20 to10=0.00 min_d= 0.30 avg_spd=2.15m/s end=goal t= 5182.1s
[TRAIN][PPO] ep=424/500 r=  585.42 avg10=  521.84 steps=1403 succ10=0.80 touch10=0.80 col10=0.20 to10=0.00 min_d= 0.30 avg_spd=2.17m/s end=goal t= 5195.8s
[TRAIN][PPO] ep=425/500 r=  588.13 avg10=  522.53 steps=1410 succ10=0.80 touch10=0.80 col10=0.20 to10=0.00 min_d= 0.30 avg_spd=2.15m/s end=goal t= 5208.2s
[TRAIN][PPO] ep=426/500 r=  591.67 avg10=  523.14 steps=1420 succ10=0.80 touch10=0.80 col10=0.20 to10=0.00 min_d= 0.30 avg_spd=2.15m/s end=goal t= 5221.2s
[TRAIN][PPO] ep=427/500 r=  570.48 avg10=  553.14 steps=1517 succ10=0.90 touch10=0.90 col10=0.10 to10=0.00 min_d= 0.30 avg_spd=2.15m/s end=goal t= 5234.0s
[TRAIN][PPO] ep=428/500 r=  582.04 avg10=  552.63 steps=1396 succ10=0.90 touch10=0.90 col10=0.10 to10=0.00 min_d= 0.30 avg_spd=2.15m/s end=goal t= 5246.8s
[TRAIN][PPO] ep=429/500 r=  589.26 avg10=  552.79 steps=1417 succ10=0.90 touch10=0.90 col10=0.10 to10=0.00 min_d= 0.30 avg_spd=2.15m/s end=goal t= 5259.5s
[TRAIN][PPO] ep=430/500 r=  572.04 avg10=  551.10 steps=1370 succ10=0.90 touch10=0.90 col10=0.10 to10=0.00 min_d= 0.30 avg_spd=2.16m/s end=goal t= 5271.6s
[TRAIN][PPO] ep=431/500 r=  579.09 avg10=  580.98 steps=1392 succ10=1.00 touch10=1.00 col10=0.00 to10=0.00 min_d= 0.30 avg_spd=2.14m/s end=goal t= 5284.0s
[TRAIN][PPO] ep=432/500 r=  580.80 avg10=  581.36 steps=1395 succ10=1.00 touch10=1.00 col10=0.00 to10=0.00 min_d= 0.30 avg_spd=2.16m/s end=goal t= 5297.3s
[TRAIN][PPO] ep=433/500 r=  591.64 avg10=  583.06 steps=1419 succ10=1.00 touch10=1.00 col10=0.00 to10=0.00 min_d= 0.30 avg_spd=2.16m/s end=goal t= 5309.8s
[TRAIN][PPO] ep=434/500 r=  581.03 avg10=  582.62 steps=1396 succ10=1.00 touch10=1.00 col10=0.00 to10=0.00 min_d= 0.30 avg_spd=2.16m/s end=goal t= 5322.7s
[TRAIN][PPO] ep=435/500 r=  581.85 avg10=  581.99 steps=1400 succ10=1.00 touch10=1.00 col10=0.00 to10=0.00 min_d= 0.30 avg_spd=2.17m/s end=goal t= 5335.2s
[TRAIN][PPO] ep=436/500 r=  585.73 avg10=  581.39 steps=1406 succ10=1.00 touch10=1.00 col10=0.00 to10=0.00 min_d= 0.30 avg_spd=2.15m/s end=goal t= 5349.2s
[TRAIN][PPO] ep=437/500 r=  586.85 avg10=  583.03 steps=1402 succ10=1.00 touch10=1.00 col10=0.00 to10=0.00 min_d= 0.30 avg_spd=2.18m/s end=goal t= 5361.7s
[TRAIN][PPO] ep=438/500 r=  582.03 avg10=  583.03 steps=1399 succ10=1.00 touch10=1.00 col10=0.00 to10=0.00 min_d= 0.30 avg_spd=2.18m/s end=goal t= 5374.0s
[TRAIN][PPO] ep=439/500 r=  579.75 avg10=  582.08 steps=1389 succ10=1.00 touch10=1.00 col10=0.00 to10=0.00 min_d= 0.30 avg_spd=2.16m/s end=goal t= 5386.2s
[TRAIN][PPO] ep=440/500 r=  578.87 avg10=  582.76 steps=1403 succ10=1.00 touch10=1.00 col10=0.00 to10=0.00 min_d= 0.30 avg_spd=2.15m/s end=goal t= 5399.9s
[TRAIN][PPO] ep=441/500 r=  579.75 avg10=  582.83 steps=1483 succ10=1.00 touch10=1.00 col10=0.00 to10=0.00 min_d= 0.30 avg_spd=2.18m/s end=goal t= 5412.9s
[TRAIN][PPO] ep=442/500 r=  571.35 avg10=  581.88 steps=1361 succ10=1.00 touch10=1.00 col10=0.00 to10=0.00 min_d= 0.30 avg_spd=2.17m/s end=goal t= 5424.9s
[TRAIN][PPO] ep=443/500 r=  587.30 avg10=  581.45 steps=1402 succ10=1.00 touch10=1.00 col10=0.00 to10=0.00 min_d= 0.30 avg_spd=2.17m/s end=goal t= 5437.2s
[TRAIN][PPO] ep=444/500 r=  586.71 avg10=  582.02 steps=1399 succ10=1.00 touch10=1.00 col10=0.00 to10=0.00 min_d= 0.30 avg_spd=2.17m/s end=goal t= 5450.9s
[TRAIN][PPO] ep=445/500 r=  584.52 avg10=  582.29 steps=1397 succ10=1.00 touch10=1.00 col10=0.00 to10=0.00 min_d= 0.30 avg_spd=2.16m/s end=goal t= 5463.4s
[TRAIN][PPO] ep=446/500 r=  582.21 avg10=  581.93 steps=1394 succ10=1.00 touch10=1.00 col10=0.00 to10=0.00 min_d= 0.30 avg_spd=2.17m/s end=goal t= 5475.8s
[TRAIN][PPO] ep=447/500 r=  576.38 avg10=  580.89 steps=1375 succ10=1.00 touch10=1.00 col10=0.00 to10=0.00 min_d= 0.30 avg_spd=2.17m/s end=goal t= 5488.0s
[TRAIN][PPO] ep=448/500 r=  581.03 avg10=  580.79 steps=1397 succ10=1.00 touch10=1.00 col10=0.00 to10=0.00 min_d= 0.30 avg_spd=2.16m/s end=goal t= 5501.3s
[TRAIN][PPO] ep=449/500 r=  572.25 avg10=  580.04 steps=1369 succ10=1.00 touch10=1.00 col10=0.00 to10=0.00 min_d= 0.30 avg_spd=2.16m/s end=goal t= 5513.4s
[TRAIN][PPO] ep=450/500 r=  587.69 avg10=  580.92 steps=1406 succ10=1.00 touch10=1.00 col10=0.00 to10=0.00 min_d= 0.30 avg_spd=2.17m/s end=goal t= 5525.8s
[TRAIN][PPO] ep=451/500 r=  590.17 avg10=  581.96 steps=1410 succ10=1.00 touch10=1.00 col10=0.00 to10=0.00 min_d= 0.30 avg_spd=2.17m/s end=goal t= 5538.4s
[TRAIN][PPO] ep=452/500 r=  572.95 avg10=  582.12 steps=1359 succ10=1.00 touch10=1.00 col10=0.00 to10=0.00 min_d= 0.30 avg_spd=2.18m/s end=goal t= 5551.5s
[TRAIN][PPO] ep=453/500 r=  576.33 avg10=  581.02 steps=1390 succ10=1.00 touch10=1.00 col10=0.00 to10=0.00 min_d= 0.30 avg_spd=2.15m/s end=goal t= 5563.9s
[TRAIN][PPO] ep=454/500 r=  591.80 avg10=  581.53 steps=1427 succ10=1.00 touch10=1.00 col10=0.00 to10=0.00 min_d= 0.30 avg_spd=2.15m/s end=goal t= 5576.5s
[TRAIN][PPO] ep=455/500 r=  579.75 avg10=  581.06 steps=1393 succ10=1.00 touch10=1.00 col10=0.00 to10=0.00 min_d= 0.30 avg_spd=2.14m/s end=goal t= 5588.8s
[TRAIN][PPO] ep=456/500 r=  575.22 avg10=  580.36 steps=1405 succ10=1.00 touch10=1.00 col10=0.00 to10=0.00 min_d= 0.30 avg_spd=2.14m/s end=goal t= 5602.3s
[TRAIN][PPO] ep=457/500 r=  576.61 avg10=  580.38 steps=1460 succ10=1.00 touch10=1.00 col10=0.00 to10=0.00 min_d= 0.30 avg_spd=2.17m/s end=goal t= 5614.8s
[TRAIN][PPO] ep=458/500 r=  576.82 avg10=  579.96 steps=1534 succ10=1.00 touch10=1.00 col10=0.00 to10=0.00 min_d= 0.30 avg_spd=2.16m/s end=goal t= 5628.1s
[TRAIN][PPO] ep=459/500 r=  575.58 avg10=  580.29 steps=1375 succ10=1.00 touch10=1.00 col10=0.00 to10=0.00 min_d= 0.30 avg_spd=2.16m/s end=goal t= 5640.2s
[TRAIN][PPO] ep=460/500 r=  580.98 avg10=  579.62 steps=1386 succ10=1.00 touch10=1.00 col10=0.00 to10=0.00 min_d= 0.30 avg_spd=2.18m/s end=goal t= 5653.4s
[TRAIN][PPO] ep=461/500 r=  553.76 avg10=  575.98 steps=1503 succ10=1.00 touch10=1.00 col10=0.00 to10=0.00 min_d= 0.30 avg_spd=2.14m/s end=goal t= 5666.5s
[TRAIN][PPO] ep=462/500 r=  573.03 avg10=  575.99 steps=1473 succ10=1.00 touch10=1.00 col10=0.00 to10=0.00 min_d= 0.30 avg_spd=2.17m/s end=goal t= 5679.3s
[TRAIN][PPO] ep=463/500 r=  573.17 avg10=  575.67 steps=1373 succ10=1.00 touch10=1.00 col10=0.00 to10=0.00 min_d= 0.30 avg_spd=2.16m/s end=goal t= 5691.6s
[TRAIN][PPO] ep=464/500 r=  275.09 avg10=  544.00 steps= 962 succ10=0.90 touch10=0.90 col10=0.10 to10=0.00 min_d= 1.41 avg_spd=2.14m/s end=collision t= 5701.0s
[TRAIN][PPO] ep=465/500 r=  570.34 avg10=  543.06 steps=1366 succ10=0.90 touch10=0.90 col10=0.10 to10=0.00 min_d= 0.30 avg_spd=2.17m/s end=goal t= 5712.8s
[TRAIN][PPO] ep=466/500 r=  572.25 avg10=  542.76 steps=1373 succ10=0.90 touch10=0.90 col10=0.10 to10=0.00 min_d= 0.30 avg_spd=2.16m/s end=goal t= 5724.6s
[TRAIN][PPO] ep=467/500 r=  582.27 avg10=  543.33 steps=1393 succ10=0.90 touch10=0.90 col10=0.10 to10=0.00 min_d= 0.30 avg_spd=2.17m/s end=goal t= 5736.8s
[TRAIN][PPO] ep=468/500 r=  580.08 avg10=  543.65 steps=1398 succ10=0.90 touch10=0.90 col10=0.10 to10=0.00 min_d= 0.30 avg_spd=2.16m/s end=goal t= 5749.8s
[TRAIN][PPO] ep=469/500 r=  579.38 avg10=  544.03 steps=1485 succ10=0.90 touch10=0.90 col10=0.10 to10=0.00 min_d= 0.30 avg_spd=2.16m/s end=goal t= 5762.7s
[TRAIN][PPO] ep=470/500 r=  578.48 avg10=  543.78 steps=1386 succ10=0.90 touch10=0.90 col10=0.10 to10=0.00 min_d= 0.30 avg_spd=2.17m/s end=goal t= 5774.9s
[TRAIN][PPO] ep=471/500 r=  573.50 avg10=  545.76 steps=1377 succ10=0.90 touch10=0.90 col10=0.10 to10=0.00 min_d= 0.30 avg_spd=2.15m/s end=goal t= 5786.9s
[TRAIN][PPO] ep=472/500 r=  544.19 avg10=  542.87 steps=1522 succ10=0.90 touch10=0.90 col10=0.10 to10=0.00 min_d= 0.30 avg_spd=2.14m/s end=goal t= 5801.4s
[TRAIN][PPO] ep=473/500 r=  588.97 avg10=  544.45 steps=1407 succ10=0.90 touch10=0.90 col10=0.10 to10=0.00 min_d= 0.30 avg_spd=2.17m/s end=goal t= 5813.9s
[TRAIN][PPO] ep=474/500 r=  586.59 avg10=  575.61 steps=1398 succ10=1.00 touch10=1.00 col10=0.00 to10=0.00 min_d= 0.30 avg_spd=2.18m/s end=goal t= 5826.4s
[TRAIN][PPO] ep=475/500 r=  570.58 avg10=  575.63 steps=1368 succ10=1.00 touch10=1.00 col10=0.00 to10=0.00 min_d= 0.30 avg_spd=2.16m/s end=goal t= 5838.5s
[TRAIN][PPO] ep=476/500 r=  562.32 avg10=  574.64 steps=1500 succ10=1.00 touch10=1.00 col10=0.00 to10=0.00 min_d= 0.30 avg_spd=2.15m/s end=goal t= 5853.7s
[TRAIN][PPO] ep=477/500 r=  273.04 avg10=  543.72 steps= 971 succ10=0.90 touch10=0.90 col10=0.10 to10=0.00 min_d= 1.42 avg_spd=2.15m/s end=collision t= 5862.3s
[TRAIN][PPO] ep=478/500 r=  570.44 avg10=  542.75 steps=1358 succ10=0.90 touch10=0.90 col10=0.10 to10=0.00 min_d= 0.30 avg_spd=2.17m/s end=goal t= 5874.1s
[TRAIN][PPO] ep=479/500 r=  588.88 avg10=  543.70 steps=1427 succ10=0.90 touch10=0.90 col10=0.10 to10=0.00 min_d= 0.30 avg_spd=2.15m/s end=goal t= 5886.6s
[TRAIN][PPO] ep=480/500 r=  585.21 avg10=  544.37 steps=1419 succ10=0.90 touch10=0.90 col10=0.10 to10=0.00 min_d= 0.30 avg_spd=2.16m/s end=goal t= 5900.5s
[TRAIN][PPO] ep=481/500 r=  573.40 avg10=  544.36 steps=1374 succ10=0.90 touch10=0.90 col10=0.10 to10=0.00 min_d= 0.30 avg_spd=2.15m/s end=goal t= 5912.6s
[TRAIN][PPO] ep=482/500 r=  579.42 avg10=  547.89 steps=1380 succ10=0.90 touch10=0.90 col10=0.10 to10=0.00 min_d= 0.30 avg_spd=2.16m/s end=goal t= 5924.8s
[TRAIN][PPO] ep=483/500 r=  579.63 avg10=  546.95 steps=1495 succ10=0.90 touch10=0.90 col10=0.10 to10=0.00 min_d= 0.30 avg_spd=2.18m/s end=goal t= 5938.0s
[TRAIN][PPO] ep=484/500 r=  586.07 avg10=  546.90 steps=1399 succ10=0.90 touch10=0.90 col10=0.10 to10=0.00 min_d= 0.30 avg_spd=2.17m/s end=goal t= 5951.1s
[TRAIN][PPO] ep=485/500 r=  580.66 avg10=  547.91 steps=1395 succ10=0.90 touch10=0.90 col10=0.10 to10=0.00 min_d= 0.30 avg_spd=2.16m/s end=goal t= 5963.4s
[TRAIN][PPO] ep=486/500 r=  577.68 avg10=  549.44 steps=1377 succ10=0.90 touch10=0.90 col10=0.10 to10=0.00 min_d= 0.30 avg_spd=2.17m/s end=goal t= 5975.5s
[TRAIN][PPO] ep=487/500 r=  557.57 avg10=  577.90 steps=1521 succ10=1.00 touch10=1.00 col10=0.00 to10=0.00 min_d= 0.30 avg_spd=2.16m/s end=goal t= 5989.0s
[TRAIN][PPO] ep=488/500 r=  583.21 avg10=  579.17 steps=1494 succ10=1.00 touch10=1.00 col10=0.00 to10=0.00 min_d= 0.30 avg_spd=2.17m/s end=goal t= 6002.9s
[TRAIN][PPO] ep=489/500 r=  576.38 avg10=  577.92 steps=1488 succ10=1.00 touch10=1.00 col10=0.00 to10=0.00 min_d= 0.30 avg_spd=2.17m/s end=goal t= 6015.9s
[TRAIN][PPO] ep=490/500 r=  586.41 avg10=  578.04 steps=1405 succ10=1.00 touch10=1.00 col10=0.00 to10=0.00 min_d= 0.30 avg_spd=2.16m/s end=goal t= 6028.0s
[TRAIN][PPO] ep=491/500 r=  283.80 avg10=  549.08 steps= 984 succ10=0.90 touch10=0.90 col10=0.10 to10=0.00 min_d= 1.40 avg_spd=2.17m/s end=collision t= 6036.1s
[TRAIN][PPO] ep=492/500 r=  274.13 avg10=  518.55 steps= 960 succ10=0.80 touch10=0.80 col10=0.20 to10=0.00 min_d= 1.43 avg_spd=2.15m/s end=collision t= 6045.0s
[TRAIN][PPO] ep=493/500 r=  579.88 avg10=  518.58 steps=1495 succ10=0.80 touch10=0.80 col10=0.20 to10=0.00 min_d= 0.30 avg_spd=2.16m/s end=goal t= 6058.3s
[TRAIN][PPO] ep=494/500 r=  274.54 avg10=  487.43 steps= 984 succ10=0.70 touch10=0.70 col10=0.30 to10=0.00 min_d= 1.40 avg_spd=2.13m/s end=collision t= 6066.9s
[TRAIN][PPO] ep=495/500 r=  280.05 avg10=  457.37 steps= 991 succ10=0.60 touch10=0.60 col10=0.40 to10=0.00 min_d= 1.43 avg_spd=2.16m/s end=collision t= 6075.7s
[TRAIN][PPO] ep=496/500 r=  586.24 avg10=  458.22 steps=1403 succ10=0.60 touch10=0.60 col10=0.40 to10=0.00 min_d= 0.30 avg_spd=2.16m/s end=goal t= 6089.1s
[TRAIN][PPO] ep=497/500 r=  587.73 avg10=  461.24 steps=1411 succ10=0.60 touch10=0.60 col10=0.40 to10=0.00 min_d= 0.30 avg_spd=2.16m/s end=goal t= 6101.4s
[TRAIN][PPO] ep=498/500 r=  572.12 avg10=  460.13 steps=1382 succ10=0.60 touch10=0.60 col10=0.40 to10=0.00 min_d= 0.30 avg_spd=2.15m/s end=goal t= 6113.8s
[TRAIN][PPO] ep=499/500 r=  583.05 avg10=  460.80 steps=1415 succ10=0.60 touch10=0.60 col10=0.40 to10=0.00 min_d= 0.30 avg_spd=2.13m/s end=goal t= 6126.4s
INFO: PPO: Terminating.
[RUN] completed stage checkpoint=/uio/hume/student-u79/esbrovol/fys5429/DRL-Obstacle-Avoidance/controllers/PPO/checkpoints/moving_20260603_110455_step01_partial_moving_1_none_seed01_stage01_train_11_partial_moving/final_moving_20260603_110455_step01_partial_moving_1_none_seed01_stage01_train_11_partial_moving.pth
[RUN] curriculum complete arch=none seed=1
[MOVING] completed stage checkpoint=/uio/hume/student-u79/esbrovol/fys5429/DRL-Obstacle-Avoidance/controllers/PPO/checkpoints/moving_20260603_110455_step01_partial_moving_1_none_seed01_stage01_train_11_partial_moving/final_moving_20260603_110455_step01_partial_moving_1_none_seed01_stage01_train_11_partial_moving.pth
[MOVING] stage=2/5 name=partial_moving_3
[MOVING] resume_from=/uio/hume/student-u79/esbrovol/fys5429/DRL-Obstacle-Avoidance/controllers/PPO/checkpoints/moving_20260603_110455_step01_partial_moving_1_none_seed01_stage01_train_11_partial_moving/final_moving_20260603_110455_step01_partial_moving_1_none_seed01_stage01_train_11_partial_moving.pth
[MOVING] command=/uio/hume/student-u79/esbrovol/fys5429/DRL-Obstacle-Avoidance/venv/bin/python controllers/run.py worker --arch none --seed 1 --run-group moving_20260603_110455_step02_partial_moving_3 --resume-from /uio/hume/student-u79/esbrovol/fys5429/DRL-Obstacle-Avoidance/controllers/PPO/checkpoints/moving_20260603_110455_step01_partial_moving_1_none_seed01_stage01_train_11_partial_moving/final_moving_20260603_110455_step01_partial_moving_1_none_seed01_stage01_train_11_partial_moving.pth --worlds worlds/training/train_11_partial_moving.wbt --moving-obstacle-indices 0,1,2
[RUN] arch=none seed=1 stage=1/1 world=/uio/hume/student-u79/esbrovol/fys5429/DRL-Obstacle-Avoidance/worlds/training/train_11_partial_moving.wbt
[RUN] resuming from /uio/hume/student-u79/esbrovol/fys5429/DRL-Obstacle-Avoidance/controllers/PPO/checkpoints/moving_20260603_110455_step01_partial_moving_1_none_seed01_stage01_train_11_partial_moving/final_moving_20260603_110455_step01_partial_moving_1_none_seed01_stage01_train_11_partial_moving.pth
INFO: PPO: Starting controller: python3 -u PPO.py
[PPO] Using architecture: NONE
[PPO] Loaded architecture: NONE
[TRAIN][PPO] arch=NONE weights_dir=/uio/hume/student-u79/esbrovol/fys5429/DRL-Obstacle-Avoidance/controllers/PPO/checkpoints/moving_20260603_110455_step02_partial_moving_3_none_seed01_stage01_train_11_partial_moving final=/uio/hume/student-u79/esbrovol/fys5429/DRL-Obstacle-Avoidance/controllers/PPO/checkpoints/moving_20260603_110455_step02_partial_moving_3_none_seed01_stage01_train_11_partial_moving/final_moving_20260603_110455_step02_partial_moving_3_none_seed01_stage01_train_11_partial_moving.pth
[TRAIN][PPO] episodes=500 update_every=4 obs=31 act=2 cell=NONE seq=32 burn_in=0
[TRAIN][PPO] ep=001/500 r=  275.79 avg10=  275.79 steps=1072 succ10=0.00 touch10=0.00 col10=1.00 to10=0.00 min_d= 1.40 avg_spd=2.16m/s end=collision t=    9.8s ckpt=best
[TRAIN][PPO] ep=002/500 r=   69.36 avg10=  172.57 steps= 356 succ10=0.00 touch10=0.00 col10=1.00 to10=0.00 min_d= 3.09 avg_spd=2.12m/s end=collision t=   13.1s
[TRAIN][PPO] ep=003/500 r=  285.01 avg10=  210.05 steps=1056 succ10=0.00 touch10=0.00 col10=1.00 to10=0.00 min_d= 1.30 avg_spd=2.15m/s end=collision t=   22.5s ckpt=best
[TRAIN][PPO] ep=004/500 r=  262.31 avg10=  223.12 steps=1083 succ10=0.00 touch10=0.00 col10=1.00 to10=0.00 min_d= 1.46 avg_spd=2.15m/s end=collision t=   32.3s
[TRAIN][PPO] ep=005/500 r=  282.27 avg10=  234.95 steps=1061 succ10=0.00 touch10=0.00 col10=1.00 to10=0.00 min_d= 1.33 avg_spd=2.11m/s end=collision t=   41.3s
[TRAIN][PPO] ep=006/500 r=   69.55 avg10=  207.38 steps= 357 succ10=0.00 touch10=0.00 col10=1.00 to10=0.00 min_d= 3.07 avg_spd=2.16m/s end=collision t=   44.5s
[TRAIN][PPO] ep=007/500 r=  281.35 avg10=  217.95 steps=1058 succ10=0.00 touch10=0.00 col10=1.00 to10=0.00 min_d= 1.30 avg_spd=2.11m/s end=collision t=   53.6s
[TRAIN][PPO] ep=008/500 r=  -40.11 avg10=  185.69 steps=  44 succ10=0.00 touch10=0.00 col10=1.00 to10=0.00 min_d= 3.81 avg_spd=2.19m/s end=collision t=   54.5s
[TRAIN][PPO] ep=009/500 r=   71.02 avg10=  172.95 steps= 364 succ10=0.00 touch10=0.00 col10=1.00 to10=0.00 min_d= 3.08 avg_spd=2.12m/s end=collision t=   57.7s
[TRAIN][PPO] ep=010/500 r=   70.62 avg10=  162.72 steps= 369 succ10=0.00 touch10=0.00 col10=1.00 to10=0.00 min_d= 3.08 avg_spd=2.10m/s end=collision t=   60.9s
[TRAIN][PPO] ep=011/500 r=  286.96 avg10=  163.83 steps=1061 succ10=0.00 touch10=0.00 col10=1.00 to10=0.00 min_d= 1.32 avg_spd=2.13m/s end=collision t=   70.3s ckpt=best
[TRAIN][PPO] ep=012/500 r=  255.01 avg10=  182.40 steps=1072 succ10=0.00 touch10=0.00 col10=1.00 to10=0.00 min_d= 1.42 avg_spd=2.16m/s end=collision t=   80.3s
[TRAIN][PPO] ep=013/500 r=   69.74 avg10=  160.87 steps= 359 succ10=0.00 touch10=0.00 col10=1.00 to10=0.00 min_d= 3.00 avg_spd=2.10m/s end=collision t=   83.4s
[TRAIN][PPO] ep=014/500 r=  266.62 avg10=  161.30 steps=1092 succ10=0.00 touch10=0.00 col10=1.00 to10=0.00 min_d= 1.49 avg_spd=2.12m/s end=collision t=   92.9s
[TRAIN][PPO] ep=015/500 r=   66.86 avg10=  139.76 steps= 354 succ10=0.00 touch10=0.00 col10=1.00 to10=0.00 min_d= 3.07 avg_spd=2.09m/s end=collision t=   96.1s
[TRAIN][PPO] ep=016/500 r=  278.94 avg10=  160.70 steps=1071 succ10=0.00 touch10=0.00 col10=1.00 to10=0.00 min_d= 1.37 avg_spd=2.17m/s end=collision t=  106.1s
[TRAIN][PPO] ep=017/500 r=  291.80 avg10=  161.75 steps=1061 succ10=0.00 touch10=0.00 col10=1.00 to10=0.00 min_d= 1.30 avg_spd=2.11m/s end=collision t=  115.4s ckpt=best
[TRAIN][PPO] ep=018/500 r=  289.22 avg10=  194.68 steps=1063 succ10=0.00 touch10=0.00 col10=1.00 to10=0.00 min_d= 1.30 avg_spd=2.14m/s end=collision t=  124.7s
[TRAIN][PPO] ep=019/500 r=   72.79 avg10=  194.86 steps= 362 succ10=0.00 touch10=0.00 col10=1.00 to10=0.00 min_d= 3.05 avg_spd=2.14m/s end=collision t=  127.8s
[TRAIN][PPO] ep=020/500 r=   71.99 avg10=  194.99 steps= 360 succ10=0.00 touch10=0.00 col10=1.00 to10=0.00 min_d= 3.06 avg_spd=2.16m/s end=collision t=  131.6s
[TRAIN][PPO] ep=021/500 r=  291.42 avg10=  195.44 steps=1065 succ10=0.00 touch10=0.00 col10=1.00 to10=0.00 min_d= 1.30 avg_spd=2.13m/s end=collision t=  140.9s
[TRAIN][PPO] ep=022/500 r=   64.98 avg10=  176.44 steps= 358 succ10=0.00 touch10=0.00 col10=1.00 to10=0.00 min_d= 3.05 avg_spd=2.08m/s end=collision t=  144.1s
[TRAIN][PPO] ep=023/500 r=   67.16 avg10=  176.18 steps= 356 succ10=0.00 touch10=0.00 col10=1.00 to10=0.00 min_d= 3.05 avg_spd=2.08m/s end=collision t=  147.2s
[TRAIN][PPO] ep=024/500 r=   72.82 avg10=  156.80 steps= 360 succ10=0.00 touch10=0.00 col10=1.00 to10=0.00 min_d= 3.04 avg_spd=2.17m/s end=collision t=  150.8s
[TRAIN][PPO] ep=025/500 r=   72.28 avg10=  157.34 steps= 361 succ10=0.00 touch10=0.00 col10=1.00 to10=0.00 min_d= 3.04 avg_spd=2.17m/s end=collision t=  153.9s
[TRAIN][PPO] ep=026/500 r=   66.80 avg10=  136.13 steps= 357 succ10=0.00 touch10=0.00 col10=1.00 to10=0.00 min_d= 3.02 avg_spd=2.08m/s end=collision t=  157.2s
[TRAIN][PPO] ep=027/500 r=   69.39 avg10=  113.88 steps= 356 succ10=0.00 touch10=0.00 col10=1.00 to10=0.00 min_d= 3.02 avg_spd=2.10m/s end=collision t=  160.3s
[TRAIN][PPO] ep=028/500 r=   71.96 avg10=   92.16 steps= 360 succ10=0.00 touch10=0.00 col10=1.00 to10=0.00 min_d= 3.02 avg_spd=2.18m/s end=collision t=  163.9s
[TRAIN][PPO] ep=029/500 r=   65.04 avg10=   91.38 steps= 348 succ10=0.00 touch10=0.00 col10=1.00 to10=0.00 min_d= 3.00 avg_spd=2.09m/s end=collision t=  167.0s
[TRAIN][PPO] ep=030/500 r=   75.01 avg10=   91.69 steps= 367 succ10=0.00 touch10=0.00 col10=1.00 to10=0.00 min_d= 3.03 avg_spd=2.17m/s end=collision t=  170.2s
[TRAIN][PPO] ep=031/500 r=  291.57 avg10=   91.70 steps=1058 succ10=0.00 touch10=0.00 col10=1.00 to10=0.00 min_d= 1.31 avg_spd=2.11m/s end=collision t=  179.6s
[TRAIN][PPO] ep=032/500 r=  257.37 avg10=  110.94 steps=1078 succ10=0.00 touch10=0.00 col10=1.00 to10=0.00 min_d= 1.43 avg_spd=2.13m/s end=collision t=  189.7s
[TRAIN][PPO] ep=033/500 r=   66.78 avg10=  110.90 steps= 351 succ10=0.00 touch10=0.00 col10=1.00 to10=0.00 min_d= 3.05 avg_spd=2.08m/s end=collision t=  192.8s
[TRAIN][PPO] ep=034/500 r=   64.31 avg10=  110.05 steps= 354 succ10=0.00 touch10=0.00 col10=1.00 to10=0.00 min_d= 3.04 avg_spd=2.04m/s end=collision t=  196.0s
[TRAIN][PPO] ep=035/500 r=   66.00 avg10=  109.42 steps= 355 succ10=0.00 touch10=0.00 col10=1.00 to10=0.00 min_d= 3.05 avg_spd=2.09m/s end=collision t=  199.2s
[TRAIN][PPO] ep=036/500 r=   63.78 avg10=  109.12 steps= 351 succ10=0.00 touch10=0.00 col10=1.00 to10=0.00 min_d= 3.07 avg_spd=2.07m/s end=collision t=  202.6s
[TRAIN][PPO] ep=037/500 r=   73.02 avg10=  109.48 steps= 363 succ10=0.00 touch10=0.00 col10=1.00 to10=0.00 min_d= 3.05 avg_spd=2.15m/s end=collision t=  205.9s
[TRAIN][PPO] ep=038/500 r=   72.91 avg10=  109.58 steps= 364 succ10=0.00 touch10=0.00 col10=1.00 to10=0.00 min_d= 3.05 avg_spd=2.17m/s end=collision t=  209.2s
[TRAIN][PPO] ep=039/500 r=  284.08 avg10=  131.48 steps=1065 succ10=0.00 touch10=0.00 col10=1.00 to10=0.00 min_d= 1.27 avg_spd=2.12m/s end=collision t=  218.5s
[TRAIN][PPO] ep=040/500 r=  283.67 avg10=  152.35 steps=1072 succ10=0.00 touch10=0.00 col10=1.00 to10=0.00 min_d= 1.35 avg_spd=2.18m/s end=collision t=  228.8s
[TRAIN][PPO] ep=041/500 r=   68.74 avg10=  130.06 steps= 355 succ10=0.00 touch10=0.00 col10=1.00 to10=0.00 min_d= 3.06 avg_spd=2.16m/s end=collision t=  232.0s
[TRAIN][PPO] ep=042/500 r=   62.13 avg10=  110.54 steps= 350 succ10=0.00 touch10=0.00 col10=1.00 to10=0.00 min_d= 3.09 avg_spd=2.07m/s end=collision t=  235.1s
[TRAIN][PPO] ep=043/500 r=   69.63 avg10=  110.83 steps= 366 succ10=0.00 touch10=0.00 col10=1.00 to10=0.00 min_d= 3.05 avg_spd=2.10m/s end=collision t=  238.3s
[TRAIN][PPO] ep=044/500 r=  292.28 avg10=  133.62 steps=1057 succ10=0.00 touch10=0.00 col10=1.00 to10=0.00 min_d= 1.29 avg_spd=2.13m/s end=collision t=  248.1s ckpt=best
[TRAIN][PPO] ep=045/500 r=   75.01 avg10=  134.52 steps= 363 succ10=0.00 touch10=0.00 col10=1.00 to10=0.00 min_d= 3.00 avg_spd=2.20m/s end=collision t=  251.2s
[TRAIN][PPO] ep=046/500 r=   63.87 avg10=  134.53 steps= 344 succ10=0.00 touch10=0.00 col10=1.00 to10=0.00 min_d= 3.01 avg_spd=2.12m/s end=collision t=  254.3s
[TRAIN][PPO] ep=047/500 r=  -29.78 avg10=  124.25 steps= 127 succ10=0.00 touch10=0.00 col10=1.00 to10=0.00 min_d= 3.82 avg_spd=2.12m/s end=collision t=  255.5s
[TRAIN][PPO] ep=048/500 r=  -25.44 avg10=  114.42 steps=  79 succ10=0.00 touch10=0.00 col10=1.00 to10=0.00 min_d= 3.83 avg_spd=2.12m/s end=collision t=  256.6s
[TRAIN][PPO] ep=049/500 r=  260.07 avg10=  112.02 steps=1076 succ10=0.00 touch10=0.00 col10=1.00 to10=0.00 min_d= 1.40 avg_spd=2.15m/s end=collision t=  266.3s
[TRAIN][PPO] ep=050/500 r=   73.08 avg10=   90.96 steps= 362 succ10=0.00 touch10=0.00 col10=1.00 to10=0.00 min_d= 3.05 avg_spd=2.17m/s end=collision t=  269.5s
[TRAIN][PPO] ep=051/500 r=   69.49 avg10=   91.03 steps= 354 succ10=0.00 touch10=0.00 col10=1.00 to10=0.00 min_d= 3.05 avg_spd=2.18m/s end=collision t=  272.7s
[TRAIN][PPO] ep=052/500 r=   69.34 avg10=   91.75 steps= 367 succ10=0.00 touch10=0.00 col10=1.00 to10=0.00 min_d= 3.07 avg_spd=2.09m/s end=collision t=  276.4s
[TRAIN][PPO] ep=053/500 r=   62.24 avg10=   91.02 steps= 339 succ10=0.00 touch10=0.00 col10=1.00 to10=0.00 min_d= 3.04 avg_spd=2.11m/s end=collision t=  279.4s
[TRAIN][PPO] ep=054/500 r=   64.87 avg10=   68.27 steps= 352 succ10=0.00 touch10=0.00 col10=1.00 to10=0.00 min_d= 3.06 avg_spd=2.08m/s end=collision t=  282.4s
[TRAIN][PPO] ep=055/500 r=   69.85 avg10=   67.76 steps= 355 succ10=0.00 touch10=0.00 col10=1.00 to10=0.00 min_d= 3.09 avg_spd=2.16m/s end=collision t=  285.6s
[TRAIN][PPO] ep=056/500 r=  291.49 avg10=   90.52 steps=1059 succ10=0.00 touch10=0.00 col10=1.00 to10=0.00 min_d= 1.30 avg_spd=2.12m/s end=collision t=  295.4s
[TRAIN][PPO] ep=057/500 r=   56.57 avg10=   99.16 steps= 329 succ10=0.00 touch10=0.00 col10=1.00 to10=0.00 min_d= 3.06 avg_spd=2.09m/s end=collision t=  298.4s
[TRAIN][PPO] ep=058/500 r=   68.93 avg10=  108.59 steps= 356 succ10=0.00 touch10=0.00 col10=1.00 to10=0.00 min_d= 3.02 avg_spd=2.13m/s end=collision t=  301.5s
[TRAIN][PPO] ep=059/500 r=  298.45 avg10=  112.43 steps=1059 succ10=0.00 touch10=0.00 col10=1.00 to10=0.00 min_d= 1.27 avg_spd=2.16m/s end=collision t=  310.8s ckpt=best
[TRAIN][PPO] ep=060/500 r=  290.76 avg10=  134.20 steps=1062 succ10=0.00 touch10=0.00 col10=1.00 to10=0.00 min_d= 1.28 avg_spd=2.13m/s end=collision t=  320.6s
[TRAIN][PPO] ep=061/500 r=   71.13 avg10=  134.36 steps= 361 succ10=0.00 touch10=0.00 col10=1.00 to10=0.00 min_d= 3.08 avg_spd=2.13m/s end=collision t=  323.9s
[TRAIN][PPO] ep=062/500 r=   69.78 avg10=  134.41 steps= 355 succ10=0.00 touch10=0.00 col10=1.00 to10=0.00 min_d= 3.05 avg_spd=2.17m/s end=collision t=  327.1s
[TRAIN][PPO] ep=063/500 r=  258.21 avg10=  154.00 steps=1075 succ10=0.00 touch10=0.00 col10=1.00 to10=0.00 min_d= 1.37 avg_spd=2.13m/s end=collision t=  336.6s
[TRAIN][PPO] ep=064/500 r=   69.40 avg10=  154.46 steps= 361 succ10=0.00 touch10=0.00 col10=1.00 to10=0.00 min_d= 3.01 avg_spd=2.07m/s end=collision t=  340.3s
[TRAIN][PPO] ep=065/500 r=  -43.72 avg10=  143.10 steps=  23 succ10=0.00 touch10=0.00 col10=1.00 to10=0.00 min_d= 3.84 avg_spd=1.85m/s end=collision t=  340.5s
[TRAIN][PPO] ep=066/500 r=   69.44 avg10=  120.90 steps= 367 succ10=0.00 touch10=0.00 col10=1.00 to10=0.00 min_d= 3.03 avg_spd=2.06m/s end=collision t=  343.7s
[TRAIN][PPO] ep=067/500 r=   71.31 avg10=  122.37 steps= 357 succ10=0.00 touch10=0.00 col10=1.00 to10=0.00 min_d= 2.99 avg_spd=2.17m/s end=collision t=  346.9s
[TRAIN][PPO] ep=068/500 r=   69.70 avg10=  122.44 steps= 354 succ10=0.00 touch10=0.00 col10=1.00 to10=0.00 min_d= 3.04 avg_spd=2.12m/s end=collision t=  350.6s
[TRAIN][PPO] ep=069/500 r=   69.62 avg10=   99.56 steps= 364 succ10=0.00 touch10=0.00 col10=1.00 to10=0.00 min_d= 3.01 avg_spd=2.11m/s end=collision t=  353.8s
[TRAIN][PPO] ep=070/500 r=   67.68 avg10=   77.25 steps= 356 succ10=0.00 touch10=0.00 col10=1.00 to10=0.00 min_d= 3.06 avg_spd=2.11m/s end=collision t=  357.0s
[TRAIN][PPO] ep=071/500 r=   66.23 avg10=   76.76 steps= 352 succ10=0.00 touch10=0.00 col10=1.00 to10=0.00 min_d= 3.12 avg_spd=2.09m/s end=collision t=  360.1s
[TRAIN][PPO] ep=072/500 r=   71.70 avg10=   76.96 steps= 367 succ10=0.00 touch10=0.00 col10=1.00 to10=0.00 min_d= 3.08 avg_spd=2.13m/s end=collision t=  363.6s
[TRAIN][PPO] ep=073/500 r=   68.76 avg10=   58.01 steps= 356 succ10=0.00 touch10=0.00 col10=1.00 to10=0.00 min_d= 3.10 avg_spd=2.13m/s end=collision t=  366.8s
[TRAIN][PPO] ep=074/500 r=   72.05 avg10=   58.28 steps= 359 succ10=0.00 touch10=0.00 col10=1.00 to10=0.00 min_d= 3.04 avg_spd=2.18m/s end=collision t=  369.9s
[TRAIN][PPO] ep=075/500 r=   65.50 avg10=   69.20 steps= 353 succ10=0.00 touch10=0.00 col10=1.00 to10=0.00 min_d= 3.02 avg_spd=2.03m/s end=collision t=  373.1s
[TRAIN][PPO] ep=076/500 r=   61.50 avg10=   68.40 steps= 343 succ10=0.00 touch10=0.00 col10=1.00 to10=0.00 min_d= 3.05 avg_spd=2.07m/s end=collision t=  376.5s
[TRAIN][PPO] ep=077/500 r=   67.09 avg10=   67.98 steps= 352 succ10=0.00 touch10=0.00 col10=1.00 to10=0.00 min_d= 3.05 avg_spd=2.09m/s end=collision t=  379.7s
[TRAIN][PPO] ep=078/500 r=  262.52 avg10=   87.26 steps=1080 succ10=0.00 touch10=0.00 col10=1.00 to10=0.00 min_d= 1.42 avg_spd=2.15m/s end=collision t=  389.3s
[TRAIN][PPO] ep=079/500 r=   64.45 avg10=   86.75 steps= 348 succ10=0.00 touch10=0.00 col10=1.00 to10=0.00 min_d= 3.05 avg_spd=2.10m/s end=collision t=  392.3s
[TRAIN][PPO] ep=080/500 r=   71.22 avg10=   87.10 steps= 357 succ10=0.00 touch10=0.00 col10=1.00 to10=0.00 min_d= 3.02 avg_spd=2.18m/s end=collision t=  395.9s
[TRAIN][PPO] ep=081/500 r=   69.21 avg10=   87.40 steps= 355 succ10=0.00 touch10=0.00 col10=1.00 to10=0.00 min_d= 3.06 avg_spd=2.16m/s end=collision t=  399.0s
[TRAIN][PPO] ep=082/500 r=   71.38 avg10=   87.37 steps= 358 succ10=0.00 touch10=0.00 col10=1.00 to10=0.00 min_d= 3.07 avg_spd=2.17m/s end=collision t=  402.2s
[TRAIN][PPO] ep=083/500 r=  286.89 avg10=  109.18 steps=1070 succ10=0.00 touch10=0.00 col10=1.00 to10=0.00 min_d= 1.26 avg_spd=2.13m/s end=collision t=  411.5s
[TRAIN][PPO] ep=084/500 r=   68.36 avg10=  108.81 steps= 355 succ10=0.00 touch10=0.00 col10=1.00 to10=0.00 min_d= 3.05 avg_spd=2.14m/s end=collision t=  415.2s
[TRAIN][PPO] ep=085/500 r=   60.78 avg10=  108.34 steps= 339 succ10=0.00 touch10=0.00 col10=1.00 to10=0.00 min_d= 3.06 avg_spd=2.08m/s end=collision t=  418.2s
[TRAIN][PPO] ep=086/500 r=   69.42 avg10=  109.13 steps= 356 succ10=0.00 touch10=0.00 col10=1.00 to10=0.00 min_d= 3.06 avg_spd=2.12m/s end=collision t=  421.3s
[TRAIN][PPO] ep=087/500 r=   61.10 avg10=  108.53 steps= 342 succ10=0.00 touch10=0.00 col10=1.00 to10=0.00 min_d= 3.04 avg_spd=2.08m/s end=collision t=  424.4s
[TRAIN][PPO] ep=088/500 r=  283.57 avg10=  110.64 steps=1074 succ10=0.00 touch10=0.00 col10=1.00 to10=0.00 min_d= 1.26 avg_spd=2.14m/s end=collision t=  434.4s
[TRAIN][PPO] ep=089/500 r=  292.79 avg10=  133.47 steps=1073 succ10=0.00 touch10=0.00 col10=1.00 to10=0.00 min_d= 1.28 avg_spd=2.14m/s end=collision t=  443.9s
[TRAIN][PPO] ep=090/500 r=  295.38 avg10=  155.89 steps=1070 succ10=0.00 touch10=0.00 col10=1.00 to10=0.00 min_d= 1.26 avg_spd=2.16m/s end=collision t=  453.3s
[TRAIN][PPO] ep=091/500 r=   68.69 avg10=  155.84 steps= 356 succ10=0.00 touch10=0.00 col10=1.00 to10=0.00 min_d= 3.04 avg_spd=2.12m/s end=collision t=  456.4s
[TRAIN][PPO] ep=092/500 r=   65.54 avg10=  155.25 steps= 351 succ10=0.00 touch10=0.00 col10=1.00 to10=0.00 min_d= 3.11 avg_spd=2.10m/s end=collision t=  460.2s
[TRAIN][PPO] ep=093/500 r=   67.50 avg10=  133.31 steps= 358 succ10=0.00 touch10=0.00 col10=1.00 to10=0.00 min_d= 3.01 avg_spd=2.07m/s end=collision t=  463.4s
[TRAIN][PPO] ep=094/500 r=  287.13 avg10=  155.19 steps=1081 succ10=0.00 touch10=0.00 col10=1.00 to10=0.00 min_d= 1.27 avg_spd=2.14m/s end=collision t=  473.1s
[TRAIN][PPO] ep=095/500 r=  277.37 avg10=  176.85 steps=1078 succ10=0.00 touch10=0.00 col10=1.00 to10=0.00 min_d= 1.30 avg_spd=2.13m/s end=collision t=  482.5s
[TRAIN][PPO] ep=096/500 r=  277.92 avg10=  197.70 steps=1076 succ10=0.00 touch10=0.00 col10=1.00 to10=0.00 min_d= 1.33 avg_spd=2.14m/s end=collision t=  492.5s
[TRAIN][PPO] ep=097/500 r=   64.53 avg10=  198.04 steps= 345 succ10=0.00 touch10=0.00 col10=1.00 to10=0.00 min_d= 3.03 avg_spd=2.10m/s end=collision t=  495.7s
[TRAIN][PPO] ep=098/500 r=  292.66 avg10=  198.95 steps=1075 succ10=0.00 touch10=0.00 col10=1.00 to10=0.00 min_d= 1.31 avg_spd=2.13m/s end=collision t=  505.1s
[TRAIN][PPO] ep=099/500 r=   70.71 avg10=  176.74 steps= 362 succ10=0.00 touch10=0.00 col10=1.00 to10=0.00 min_d= 3.08 avg_spd=2.13m/s end=collision t=  508.3s
[TRAIN][PPO] ep=100/500 r=   54.23 avg10=  152.63 steps= 333 succ10=0.00 touch10=0.00 col10=1.00 to10=0.00 min_d= 3.09 avg_spd=2.12m/s end=collision t=  511.8s ckpt=latest
[TRAIN][PPO] ep=101/500 r=  292.11 avg10=  174.97 steps=1078 succ10=0.00 touch10=0.00 col10=1.00 to10=0.00 min_d= 1.26 avg_spd=2.14m/s end=collision t=  521.4s
[TRAIN][PPO] ep=102/500 r=  292.21 avg10=  197.63 steps=1074 succ10=0.00 touch10=0.00 col10=1.00 to10=0.00 min_d= 1.29 avg_spd=2.14m/s end=collision t=  530.9s
[TRAIN][PPO] ep=103/500 r=   68.98 avg10=  197.78 steps= 365 succ10=0.00 touch10=0.00 col10=1.00 to10=0.00 min_d= 3.07 avg_spd=2.09m/s end=collision t=  534.1s
[TRAIN][PPO] ep=104/500 r=  270.69 avg10=  196.14 steps=1089 succ10=0.00 touch10=0.00 col10=1.00 to10=0.00 min_d= 1.41 avg_spd=2.13m/s end=collision t=  544.5s
[TRAIN][PPO] ep=105/500 r=   67.01 avg10=  175.10 steps= 353 succ10=0.00 touch10=0.00 col10=1.00 to10=0.00 min_d= 3.06 avg_spd=2.10m/s end=collision t=  547.6s
[TRAIN][PPO] ep=106/500 r=   64.73 avg10=  153.78 steps= 351 succ10=0.00 touch10=0.00 col10=1.00 to10=0.00 min_d= 3.10 avg_spd=2.12m/s end=collision t=  550.7s
[TRAIN][PPO] ep=107/500 r=  269.69 avg10=  174.30 steps=1085 succ10=0.00 touch10=0.00 col10=1.00 to10=0.00 min_d= 1.34 avg_spd=2.16m/s end=collision t=  560.4s
[TRAIN][PPO] ep=108/500 r=  -33.92 avg10=  141.64 steps=  67 succ10=0.00 touch10=0.00 col10=1.00 to10=0.00 min_d= 3.83 avg_spd=2.07m/s end=collision t=  561.4s
[TRAIN][PPO] ep=109/500 r=  286.38 avg10=  163.21 steps=1068 succ10=0.00 touch10=0.00 col10=1.00 to10=0.00 min_d= 1.30 avg_spd=2.13m/s end=collision t=  570.9s
[TRAIN][PPO] ep=110/500 r=   68.50 avg10=  164.64 steps= 356 succ10=0.00 touch10=0.00 col10=1.00 to10=0.00 min_d= 3.09 avg_spd=2.12m/s end=collision t=  574.0s
[TRAIN][PPO] ep=111/500 r=  258.16 avg10=  161.24 steps=1083 succ10=0.00 touch10=0.00 col10=1.00 to10=0.00 min_d= 1.43 avg_spd=2.16m/s end=collision t=  583.5s
[TRAIN][PPO] ep=112/500 r=   71.79 avg10=  139.20 steps= 365 succ10=0.00 touch10=0.00 col10=1.00 to10=0.00 min_d= 3.04 avg_spd=2.12m/s end=collision t=  587.2s
[TRAIN][PPO] ep=113/500 r=   70.13 avg10=  139.32 steps= 366 succ10=0.00 touch10=0.00 col10=1.00 to10=0.00 min_d= 3.03 avg_spd=2.06m/s end=collision t=  590.4s
[TRAIN][PPO] ep=114/500 r=   53.58 avg10=  117.60 steps= 339 succ10=0.00 touch10=0.00 col10=1.00 to10=0.00 min_d= 3.12 avg_spd=2.05m/s end=collision t=  593.5s
[TRAIN][PPO] ep=115/500 r=   63.23 avg10=  117.23 steps= 346 succ10=0.00 touch10=0.00 col10=1.00 to10=0.00 min_d= 3.06 avg_spd=2.10m/s end=collision t=  596.6s
[TRAIN][PPO] ep=116/500 r=  288.57 avg10=  139.61 steps=1067 succ10=0.00 touch10=0.00 col10=1.00 to10=0.00 min_d= 1.27 avg_spd=2.13m/s end=collision t=  606.4s
[TRAIN][PPO] ep=117/500 r=  289.69 avg10=  141.61 steps=1071 succ10=0.00 touch10=0.00 col10=1.00 to10=0.00 min_d= 1.28 avg_spd=2.12m/s end=collision t=  615.8s
[TRAIN][PPO] ep=118/500 r=   67.71 avg10=  151.77 steps= 354 succ10=0.00 touch10=0.00 col10=1.00 to10=0.00 min_d= 3.03 avg_spd=2.09m/s end=collision t=  618.9s
[TRAIN][PPO] ep=119/500 r=   68.91 avg10=  130.03 steps= 368 succ10=0.00 touch10=0.00 col10=1.00 to10=0.00 min_d= 3.04 avg_spd=2.08m/s end=collision t=  622.1s
[TRAIN][PPO] ep=120/500 r=   67.70 avg10=  129.95 steps= 359 succ10=0.00 touch10=0.00 col10=1.00 to10=0.00 min_d= 3.08 avg_spd=2.08m/s end=collision t=  626.1s
[TRAIN][PPO] ep=121/500 r=   69.42 avg10=  111.07 steps= 356 succ10=0.00 touch10=0.00 col10=1.00 to10=0.00 min_d= 3.01 avg_spd=2.15m/s end=collision t=  629.1s
[TRAIN][PPO] ep=122/500 r=   65.10 avg10=  110.40 steps= 345 succ10=0.00 touch10=0.00 col10=1.00 to10=0.00 min_d= 2.99 avg_spd=2.10m/s end=collision t=  632.2s
[TRAIN][PPO] ep=123/500 r=  275.36 avg10=  130.93 steps=1079 succ10=0.00 touch10=0.00 col10=1.00 to10=0.00 min_d= 1.40 avg_spd=2.16m/s end=collision t=  641.7s
[TRAIN][PPO] ep=124/500 r=  267.33 avg10=  152.30 steps=1083 succ10=0.00 touch10=0.00 col10=1.00 to10=0.00 min_d= 1.43 avg_spd=2.16m/s end=collision t=  651.7s
[TRAIN][PPO] ep=125/500 r=   68.79 avg10=  152.86 steps= 359 succ10=0.00 touch10=0.00 col10=1.00 to10=0.00 min_d= 3.06 avg_spd=2.10m/s end=collision t=  654.9s
[TRAIN][PPO] ep=126/500 r=   55.26 avg10=  129.53 steps= 325 succ10=0.00 touch10=0.00 col10=1.00 to10=0.00 min_d= 3.10 avg_spd=2.16m/s end=collision t=  657.9s
[TRAIN][PPO] ep=127/500 r=  290.39 avg10=  129.60 steps=1069 succ10=0.00 touch10=0.00 col10=1.00 to10=0.00 min_d= 1.28 avg_spd=2.14m/s end=collision t=  667.3s
[TRAIN][PPO] ep=128/500 r=   68.48 avg10=  129.67 steps= 353 succ10=0.00 touch10=0.00 col10=1.00 to10=0.00 min_d= 3.06 avg_spd=2.15m/s end=collision t=  670.6s
[TRAIN][PPO] ep=129/500 r=  291.04 avg10=  151.89 steps=1067 succ10=0.00 touch10=0.00 col10=1.00 to10=0.00 min_d= 1.31 avg_spd=2.13m/s end=collision t=  679.5s
[TRAIN][PPO] ep=130/500 r=   70.70 avg10=  152.19 steps= 358 succ10=0.00 touch10=0.00 col10=1.00 to10=0.00 min_d= 3.06 avg_spd=2.14m/s end=collision t=  682.5s
[TRAIN][PPO] ep=131/500 r=   73.78 avg10=  152.62 steps= 367 succ10=0.00 touch10=0.00 col10=1.00 to10=0.00 min_d= 3.06 avg_spd=2.15m/s end=collision t=  685.5s
[TRAIN][PPO] ep=132/500 r=   72.00 avg10=  153.31 steps= 359 succ10=0.00 touch10=0.00 col10=1.00 to10=0.00 min_d= 3.02 avg_spd=2.15m/s end=collision t=  689.1s
[TRAIN][PPO] ep=133/500 r=   70.55 avg10=  132.83 steps= 362 succ10=0.00 touch10=0.00 col10=1.00 to10=0.00 min_d= 3.03 avg_spd=2.09m/s end=collision t=  692.3s
[TRAIN][PPO] ep=134/500 r=   69.41 avg10=  113.04 steps= 359 succ10=0.00 touch10=0.00 col10=1.00 to10=0.00 min_d= 3.09 avg_spd=2.13m/s end=collision t=  695.5s
[TRAIN][PPO] ep=135/500 r=  -42.54 avg10=  101.91 steps=  26 succ10=0.00 touch10=0.00 col10=1.00 to10=0.00 min_d= 3.83 avg_spd=1.98m/s end=collision t=  695.7s
[TRAIN][PPO] ep=136/500 r=  273.43 avg10=  123.72 steps=1084 succ10=0.00 touch10=0.00 col10=1.00 to10=0.00 min_d= 1.43 avg_spd=2.16m/s end=collision t=  705.6s
[TRAIN][PPO] ep=137/500 r=  284.75 avg10=  123.16 steps=1067 succ10=0.00 touch10=0.00 col10=1.00 to10=0.00 min_d= 1.30 avg_spd=2.13m/s end=collision t=  714.9s
[TRAIN][PPO] ep=138/500 r=  282.78 avg10=  144.59 steps=1074 succ10=0.00 touch10=0.00 col10=1.00 to10=0.00 min_d= 1.31 avg_spd=2.12m/s end=collision t=  724.4s
[TRAIN][PPO] ep=139/500 r=   67.60 avg10=  122.24 steps= 356 succ10=0.00 touch10=0.00 col10=1.00 to10=0.00 min_d= 3.06 avg_spd=2.10m/s end=collision t=  727.6s
[TRAIN][PPO] ep=140/500 r=  281.48 avg10=  143.32 steps=1080 succ10=0.00 touch10=0.00 col10=1.00 to10=0.00 min_d= 1.36 avg_spd=2.18m/s end=collision t=  737.9s
[TRAIN][PPO] ep=141/500 r=  275.01 avg10=  163.45 steps=1084 succ10=0.00 touch10=0.00 col10=1.00 to10=0.00 min_d= 1.45 avg_spd=2.16m/s end=collision t=  747.4s
[TRAIN][PPO] ep=142/500 r=   71.41 avg10=  163.39 steps= 360 succ10=0.00 touch10=0.00 col10=1.00 to10=0.00 min_d= 3.07 avg_spd=2.15m/s end=collision t=  750.6s
[TRAIN][PPO] ep=143/500 r=   66.37 avg10=  162.97 steps= 349 succ10=0.00 touch10=0.00 col10=1.00 to10=0.00 min_d= 3.03 avg_spd=2.09m/s end=collision t=  753.7s
[TRAIN][PPO] ep=144/500 r=  287.54 avg10=  184.78 steps=1071 succ10=0.00 touch10=0.00 col10=1.00 to10=0.00 min_d= 1.32 avg_spd=2.13m/s end=collision t=  763.8s
[TRAIN][PPO] ep=145/500 r=  261.14 avg10=  215.15 steps=1089 succ10=0.00 touch10=0.00 col10=1.00 to10=0.00 min_d= 1.46 avg_spd=2.15m/s end=collision t=  773.2s
[TRAIN][PPO] ep=146/500 r=  285.54 avg10=  216.36 steps=1069 succ10=0.00 touch10=0.00 col10=1.00 to10=0.00 min_d= 1.29 avg_spd=2.12m/s end=collision t=  782.6s
[TRAIN][PPO] ep=147/500 r=  272.10 avg10=  215.10 steps=1081 succ10=0.00 touch10=0.00 col10=1.00 to10=0.00 min_d= 1.39 avg_spd=2.17m/s end=collision t=  792.0s
[TRAIN][PPO] ep=148/500 r=  280.52 avg10=  214.87 steps=1072 succ10=0.00 touch10=0.00 col10=1.00 to10=0.00 min_d= 1.30 avg_spd=2.11m/s end=collision t=  802.0s
[TRAIN][PPO] ep=149/500 r=  -42.29 avg10=  203.88 steps=  33 succ10=0.00 touch10=0.00 col10=1.00 to10=0.00 min_d= 3.83 avg_spd=2.05m/s end=collision t=  802.3s
[TRAIN][PPO] ep=150/500 r=   70.49 avg10=  182.78 steps= 364 succ10=0.00 touch10=0.00 col10=1.00 to10=0.00 min_d= 3.05 avg_spd=2.13m/s end=collision t=  805.6s
[TRAIN][PPO] ep=151/500 r=   69.48 avg10=  162.23 steps= 355 succ10=0.00 touch10=0.00 col10=1.00 to10=0.00 min_d= 2.96 avg_spd=2.09m/s end=collision t=  808.7s
[TRAIN][PPO] ep=152/500 r=  284.31 avg10=  183.52 steps=1076 succ10=0.00 touch10=0.00 col10=1.00 to10=0.00 min_d= 1.31 avg_spd=2.09m/s end=collision t=  818.5s
[TRAIN][PPO] ep=153/500 r=   69.84 avg10=  183.87 steps= 360 succ10=0.00 touch10=0.00 col10=1.00 to10=0.00 min_d= 3.09 avg_spd=2.10m/s end=collision t=  821.6s
[TRAIN][PPO] ep=154/500 r=   69.97 avg10=  162.11 steps= 361 succ10=0.00 touch10=0.00 col10=1.00 to10=0.00 min_d= 3.08 avg_spd=2.12m/s end=collision t=  824.9s
[TRAIN][PPO] ep=155/500 r=   70.91 avg10=  143.09 steps= 361 succ10=0.00 touch10=0.00 col10=1.00 to10=0.00 min_d= 3.05 avg_spd=2.13m/s end=collision t=  828.1s
[TRAIN][PPO] ep=156/500 r=   66.91 avg10=  121.23 steps= 359 succ10=0.00 touch10=0.00 col10=1.00 to10=0.00 min_d= 3.06 avg_spd=2.07m/s end=collision t=  831.6s
[TRAIN][PPO] ep=157/500 r=  293.70 avg10=  123.39 steps=1060 succ10=0.00 touch10=0.00 col10=1.00 to10=0.00 min_d= 1.31 avg_spd=2.14m/s end=collision t=  840.9s
[TRAIN][PPO] ep=158/500 r=  280.84 avg10=  123.42 steps=1062 succ10=0.00 touch10=0.00 col10=1.00 to10=0.00 min_d= 1.31 avg_spd=2.10m/s end=collision t=  850.4s
[TRAIN][PPO] ep=159/500 r=   57.15 avg10=  133.36 steps= 332 succ10=0.00 touch10=0.00 col10=1.00 to10=0.00 min_d= 3.09 avg_spd=2.04m/s end=collision t=  853.3s
[TRAIN][PPO] ep=160/500 r=   72.73 avg10=  133.58 steps= 361 succ10=0.00 touch10=0.00 col10=1.00 to10=0.00 min_d= 3.02 avg_spd=2.14m/s end=collision t=  857.1s
[TRAIN][PPO] ep=161/500 r=  289.58 avg10=  155.59 steps=1063 succ10=0.00 touch10=0.00 col10=1.00 to10=0.00 min_d= 1.29 avg_spd=2.12m/s end=collision t=  866.7s
[TRAIN][PPO] ep=162/500 r=   69.29 avg10=  134.09 steps= 355 succ10=0.00 touch10=0.00 col10=1.00 to10=0.00 min_d= 3.07 avg_spd=2.12m/s end=collision t=  870.0s
[TRAIN][PPO] ep=163/500 r=   71.90 avg10=  134.30 steps= 367 succ10=0.00 touch10=0.00 col10=1.00 to10=0.00 min_d= 3.03 avg_spd=2.14m/s end=collision t=  873.3s
[TRAIN][PPO] ep=164/500 r=   69.77 avg10=  134.28 steps= 354 succ10=0.00 touch10=0.00 col10=1.00 to10=0.00 min_d= 3.04 avg_spd=2.14m/s end=collision t=  876.8s
[TRAIN][PPO] ep=165/500 r=   62.93 avg10=  133.48 steps= 355 succ10=0.00 touch10=0.00 col10=1.00 to10=0.00 min_d= 3.05 avg_spd=2.02m/s end=collision t=  880.1s
[TRAIN][PPO] ep=166/500 r=  254.81 avg10=  152.27 steps=1073 succ10=0.00 touch10=0.00 col10=1.00 to10=0.00 min_d= 1.39 avg_spd=2.13m/s end=collision t=  889.8s
[TRAIN][PPO] ep=167/500 r=  -29.32 avg10=  119.97 steps=  86 succ10=0.00 touch10=0.00 col10=1.00 to10=0.00 min_d= 3.83 avg_spd=2.12m/s end=collision t=  890.6s
[TRAIN][PPO] ep=168/500 r=   70.45 avg10=   98.93 steps= 360 succ10=0.00 touch10=0.00 col10=1.00 to10=0.00 min_d= 3.02 avg_spd=2.08m/s end=collision t=  894.2s
[TRAIN][PPO] ep=169/500 r=   70.83 avg10=  100.30 steps= 361 succ10=0.00 touch10=0.00 col10=1.00 to10=0.00 min_d= 3.08 avg_spd=2.11m/s end=collision t=  897.3s
[TRAIN][PPO] ep=170/500 r=  268.10 avg10=  119.83 steps=1075 succ10=0.00 touch10=0.00 col10=1.00 to10=0.00 min_d= 1.41 avg_spd=2.14m/s end=collision t=  906.8s
[TRAIN][PPO] ep=171/500 r=   73.99 avg10=   98.27 steps= 363 succ10=0.00 touch10=0.00 col10=1.00 to10=0.00 min_d= 3.02 avg_spd=2.17m/s end=collision t=  910.0s
[TRAIN][PPO] ep=172/500 r=   66.54 avg10=   98.00 steps= 352 succ10=0.00 touch10=0.00 col10=1.00 to10=0.00 min_d= 3.08 avg_spd=2.06m/s end=collision t=  913.6s
[TRAIN][PPO] ep=173/500 r=   64.62 avg10=   97.27 steps= 348 succ10=0.00 touch10=0.00 col10=1.00 to10=0.00 min_d= 3.01 avg_spd=2.07m/s end=collision t=  916.7s
[TRAIN][PPO] ep=174/500 r=   68.63 avg10=   97.16 steps= 355 succ10=0.00 touch10=0.00 col10=1.00 to10=0.00 min_d= 2.97 avg_spd=2.09m/s end=collision t=  919.8s
[TRAIN][PPO] ep=175/500 r=  284.92 avg10=  119.36 steps=1077 succ10=0.00 touch10=0.00 col10=1.00 to10=0.00 min_d= 1.43 avg_spd=2.15m/s end=collision t=  929.2s
[TRAIN][PPO] ep=176/500 r=   67.33 avg10=  100.61 steps= 363 succ10=0.00 touch10=0.00 col10=1.00 to10=0.00 min_d= 3.06 avg_spd=2.08m/s end=collision t=  933.0s
[TRAIN][PPO] ep=177/500 r=   75.71 avg10=  111.11 steps= 371 succ10=0.00 touch10=0.00 col10=1.00 to10=0.00 min_d= 3.02 avg_spd=2.16m/s end=collision t=  936.2s
[TRAIN][PPO] ep=178/500 r=  282.82 avg10=  132.35 steps=1059 succ10=0.00 touch10=0.00 col10=1.00 to10=0.00 min_d= 1.30 avg_spd=2.12m/s end=collision t=  945.4s
[TRAIN][PPO] ep=179/500 r=   66.70 avg10=  131.94 steps= 352 succ10=0.00 touch10=0.00 col10=1.00 to10=0.00 min_d= 3.08 avg_spd=2.06m/s end=collision t=  948.5s
[TRAIN][PPO] ep=180/500 r=   68.86 avg10=  112.01 steps= 357 succ10=0.00 touch10=0.00 col10=1.00 to10=0.00 min_d= 3.04 avg_spd=2.10m/s end=collision t=  952.1s
[TRAIN][PPO] ep=181/500 r=  276.80 avg10=  132.29 steps=1076 succ10=0.00 touch10=0.00 col10=1.00 to10=0.00 min_d= 1.41 avg_spd=2.14m/s end=collision t=  961.4s
[TRAIN][PPO] ep=182/500 r=   64.96 avg10=  132.14 steps= 358 succ10=0.00 touch10=0.00 col10=1.00 to10=0.00 min_d= 3.04 avg_spd=2.06m/s end=collision t=  964.6s
[TRAIN][PPO] ep=183/500 r=   70.95 avg10=  132.77 steps= 359 succ10=0.00 touch10=0.00 col10=1.00 to10=0.00 min_d= 3.06 avg_spd=2.14m/s end=collision t=  967.7s
[TRAIN][PPO] ep=184/500 r=  -39.95 avg10=  121.91 steps=  42 succ10=0.00 touch10=0.00 col10=1.00 to10=0.00 min_d= 3.83 avg_spd=2.16m/s end=collision t=  968.4s
[TRAIN][PPO] ep=185/500 r=   73.46 avg10=  100.76 steps= 364 succ10=0.00 touch10=0.00 col10=1.00 to10=0.00 min_d= 3.03 avg_spd=2.10m/s end=collision t=  971.6s
[TRAIN][PPO] ep=186/500 r=  270.00 avg10=  121.03 steps=1071 succ10=0.00 touch10=0.00 col10=1.00 to10=0.00 min_d= 1.37 avg_spd=2.15m/s end=collision t=  980.8s
[TRAIN][PPO] ep=187/500 r=  257.99 avg10=  139.26 steps=1080 succ10=0.00 touch10=0.00 col10=1.00 to10=0.00 min_d= 1.44 avg_spd=2.14m/s end=collision t=  990.2s
[TRAIN][PPO] ep=188/500 r=   68.00 avg10=  117.78 steps= 354 succ10=0.00 touch10=0.00 col10=1.00 to10=0.00 min_d= 3.03 avg_spd=2.10m/s end=collision t=  993.9s
[TRAIN][PPO] ep=189/500 r=  246.73 avg10=  135.78 steps=1078 succ10=0.00 touch10=0.00 col10=1.00 to10=0.00 min_d= 1.44 avg_spd=2.10m/s end=collision t= 1003.3s
[TRAIN][PPO] ep=190/500 r=   74.55 avg10=  136.35 steps= 367 succ10=0.00 touch10=0.00 col10=1.00 to10=0.00 min_d= 2.98 avg_spd=2.15m/s end=collision t= 1006.5s
[TRAIN][PPO] ep=191/500 r=   70.59 avg10=  115.73 steps= 359 succ10=0.00 touch10=0.00 col10=1.00 to10=0.00 min_d= 3.00 avg_spd=2.12m/s end=collision t= 1009.7s
[TRAIN][PPO] ep=192/500 r=   72.97 avg10=  116.53 steps= 362 succ10=0.00 touch10=0.00 col10=1.00 to10=0.00 min_d= 3.03 avg_spd=2.15m/s end=collision t= 1013.5s
[TRAIN][PPO] ep=193/500 r=   73.83 avg10=  116.82 steps= 366 succ10=0.00 touch10=0.00 col10=1.00 to10=0.00 min_d= 3.01 avg_spd=2.14m/s end=collision t= 1016.7s
[TRAIN][PPO] ep=194/500 r=   68.96 avg10=  127.71 steps= 356 succ10=0.00 touch10=0.00 col10=1.00 to10=0.00 min_d= 3.01 avg_spd=2.09m/s end=collision t= 1019.7s
[TRAIN][PPO] ep=195/500 r=   71.84 avg10=  127.55 steps= 361 succ10=0.00 touch10=0.00 col10=1.00 to10=0.00 min_d= 3.04 avg_spd=2.10m/s end=collision t= 1022.9s
[TRAIN][PPO] ep=196/500 r=   72.95 avg10=  107.84 steps= 363 succ10=0.00 touch10=0.00 col10=1.00 to10=0.00 min_d= 3.05 avg_spd=2.13m/s end=collision t= 1026.4s
[TRAIN][PPO] ep=197/500 r=   68.86 avg10=   88.93 steps= 355 succ10=0.00 touch10=0.00 col10=1.00 to10=0.00 min_d= 3.03 avg_spd=2.07m/s end=collision t= 1029.5s
[TRAIN][PPO] ep=198/500 r=  278.88 avg10=  110.02 steps=1078 succ10=0.00 touch10=0.00 col10=1.00 to10=0.00 min_d= 1.42 avg_spd=2.16m/s end=collision t= 1038.8s
[TRAIN][PPO] ep=199/500 r=  279.29 avg10=  113.27 steps=1077 succ10=0.00 touch10=0.00 col10=1.00 to10=0.00 min_d= 1.37 avg_spd=2.16m/s end=collision t= 1048.4s
[TRAIN][PPO] ep=200/500 r=  -37.59 avg10=  102.06 steps=  56 succ10=0.00 touch10=0.00 col10=1.00 to10=0.00 min_d= 3.83 avg_spd=2.10m/s end=collision t= 1049.4s ckpt=latest
[TRAIN][PPO] ep=201/500 r=   70.19 avg10=  102.02 steps= 366 succ10=0.00 touch10=0.00 col10=1.00 to10=0.00 min_d= 3.07 avg_spd=2.07m/s end=collision t= 1052.6s
[TRAIN][PPO] ep=202/500 r=   63.59 avg10=  101.08 steps= 347 succ10=0.00 touch10=0.00 col10=1.00 to10=0.00 min_d= 3.07 avg_spd=2.05m/s end=collision t= 1055.8s
[TRAIN][PPO] ep=203/500 r=   67.95 avg10=  100.49 steps= 360 succ10=0.00 touch10=0.00 col10=1.00 to10=0.00 min_d= 2.99 avg_spd=2.09m/s end=collision t= 1059.0s
[TRAIN][PPO] ep=204/500 r=  -39.48 avg10=   89.65 steps=  45 succ10=0.00 touch10=0.00 col10=1.00 to10=0.00 min_d= 3.83 avg_spd=2.20m/s end=collision t= 1059.8s
[TRAIN][PPO] ep=205/500 r=  -44.20 avg10=   78.05 steps=  23 succ10=0.00 touch10=0.00 col10=1.00 to10=0.00 min_d= 3.84 avg_spd=2.04m/s end=collision t= 1060.0s
[TRAIN][PPO] ep=206/500 r=  -30.80 avg10=   67.67 steps= 133 succ10=0.00 touch10=0.00 col10=1.00 to10=0.00 min_d= 3.79 avg_spd=2.05m/s end=collision t= 1061.3s
[TRAIN][PPO] ep=207/500 r=  288.80 avg10=   89.67 steps=1060 succ10=0.00 touch10=0.00 col10=1.00 to10=0.00 min_d= 1.28 avg_spd=2.13m/s end=collision t= 1070.5s
[TRAIN][PPO] ep=208/500 r=   62.79 avg10=   68.06 steps= 344 succ10=0.00 touch10=0.00 col10=1.00 to10=0.00 min_d= 3.07 avg_spd=2.03m/s end=collision t= 1073.9s
[TRAIN][PPO] ep=209/500 r=  281.59 avg10=   68.29 steps=1068 succ10=0.00 touch10=0.00 col10=1.00 to10=0.00 min_d= 1.32 avg_spd=2.12m/s end=collision t= 1083.2s
[TRAIN][PPO] ep=210/500 r=   73.13 avg10=   79.36 steps= 373 succ10=0.00 touch10=0.00 col10=1.00 to10=0.00 min_d= 3.03 avg_spd=2.10m/s end=collision t= 1086.5s
[TRAIN][PPO] ep=211/500 r=  260.24 avg10=   98.36 steps=1079 succ10=0.00 touch10=0.00 col10=1.00 to10=0.00 min_d= 1.44 avg_spd=2.15m/s end=collision t= 1095.8s
[TRAIN][PPO] ep=212/500 r=  285.10 avg10=  120.51 steps=1067 succ10=0.00 touch10=0.00 col10=1.00 to10=0.00 min_d= 1.32 avg_spd=2.10m/s end=collision t= 1105.7s
[TRAIN][PPO] ep=213/500 r=   69.51 avg10=  120.67 steps= 364 succ10=0.00 touch10=0.00 col10=1.00 to10=0.00 min_d= 3.08 avg_spd=2.07m/s end=collision t= 1108.8s
[TRAIN][PPO] ep=214/500 r=   72.08 avg10=  131.82 steps= 360 succ10=0.00 touch10=0.00 col10=1.00 to10=0.00 min_d= 3.03 avg_spd=2.14m/s end=collision t= 1112.0s
[TRAIN][PPO] ep=215/500 r=  278.63 avg10=  164.11 steps=1074 succ10=0.00 touch10=0.00 col10=1.00 to10=0.00 min_d= 1.40 avg_spd=2.16m/s end=collision t= 1121.4s
[TRAIN][PPO] ep=216/500 r=   65.86 avg10=  173.77 steps= 352 succ10=0.00 touch10=0.00 col10=1.00 to10=0.00 min_d= 3.09 avg_spd=2.06m/s end=collision t= 1125.0s
[TRAIN][PPO] ep=217/500 r=  269.20 avg10=  171.81 steps=1094 succ10=0.00 touch10=0.00 col10=1.00 to10=0.00 min_d= 1.49 avg_spd=2.13m/s end=collision t= 1134.6s
[TRAIN][PPO] ep=218/500 r=   52.26 avg10=  170.76 steps= 317 succ10=0.00 touch10=0.00 col10=1.00 to10=0.00 min_d= 3.08 avg_spd=2.13m/s end=collision t= 1137.4s
[TRAIN][PPO] ep=219/500 r=   72.82 avg10=  149.88 steps= 365 succ10=0.00 touch10=0.00 col10=1.00 to10=0.00 min_d= 3.06 avg_spd=2.15m/s end=collision t= 1140.6s
[TRAIN][PPO] ep=220/500 r=   66.38 avg10=  149.21 steps= 359 succ10=0.00 touch10=0.00 col10=1.00 to10=0.00 min_d= 3.09 avg_spd=2.03m/s end=collision t= 1144.2s
[TRAIN][PPO] ep=221/500 r=  285.44 avg10=  151.73 steps=1069 succ10=0.00 touch10=0.00 col10=1.00 to10=0.00 min_d= 1.32 avg_spd=2.12m/s end=collision t= 1153.7s
[TRAIN][PPO] ep=222/500 r=  287.81 avg10=  152.00 steps=1065 succ10=0.00 touch10=0.00 col10=1.00 to10=0.00 min_d= 1.30 avg_spd=2.12m/s end=collision t= 1163.1s
[TRAIN][PPO] ep=223/500 r=   74.54 avg10=  152.50 steps= 365 succ10=0.00 touch10=0.00 col10=1.00 to10=0.00 min_d= 3.04 avg_spd=2.18m/s end=collision t= 1166.3s
[TRAIN][PPO] ep=224/500 r=   70.80 avg10=  152.37 steps= 362 succ10=0.00 touch10=0.00 col10=1.00 to10=0.00 min_d= 3.04 avg_spd=2.11m/s end=collision t= 1170.0s
[TRAIN][PPO] ep=225/500 r=  259.79 avg10=  150.49 steps=1076 succ10=0.00 touch10=0.00 col10=1.00 to10=0.00 min_d= 1.37 avg_spd=2.14m/s end=collision t= 1179.3s
[TRAIN][PPO] ep=226/500 r=  274.51 avg10=  171.35 steps=1063 succ10=0.00 touch10=0.00 col10=1.00 to10=0.00 min_d= 1.31 avg_spd=2.13m/s end=collision t= 1188.6s
[TRAIN][PPO] ep=227/500 r=   70.20 avg10=  151.45 steps= 363 succ10=0.00 touch10=0.00 col10=1.00 to10=0.00 min_d= 3.04 avg_spd=2.08m/s end=collision t= 1191.9s
[TRAIN][PPO] ep=228/500 r=   71.10 avg10=  153.34 steps= 362 succ10=0.00 touch10=0.00 col10=1.00 to10=0.00 min_d= 3.04 avg_spd=2.12m/s end=collision t= 1195.5s
[TRAIN][PPO] ep=229/500 r=   62.36 avg10=  152.29 steps= 349 succ10=0.00 touch10=0.00 col10=1.00 to10=0.00 min_d= 3.10 avg_spd=2.03m/s end=collision t= 1198.5s
[TRAIN][PPO] ep=230/500 r=   73.81 avg10=  153.04 steps= 372 succ10=0.00 touch10=0.00 col10=1.00 to10=0.00 min_d= 3.06 avg_spd=2.14m/s end=collision t= 1201.7s
[TRAIN][PPO] ep=231/500 r=   69.56 avg10=  131.45 steps= 360 succ10=0.00 touch10=0.00 col10=1.00 to10=0.00 min_d= 3.09 avg_spd=2.08m/s end=collision t= 1204.9s
[TRAIN][PPO] ep=232/500 r=   72.64 avg10=  109.93 steps= 363 succ10=0.00 touch10=0.00 col10=1.00 to10=0.00 min_d= 3.03 avg_spd=2.15m/s end=collision t= 1208.3s
[TRAIN][PPO] ep=233/500 r=  296.07 avg10=  132.08 steps=1067 succ10=0.00 touch10=0.00 col10=1.00 to10=0.00 min_d= 1.32 avg_spd=2.13m/s end=collision t= 1217.4s
[TRAIN][PPO] ep=234/500 r=  285.13 avg10=  153.52 steps=1072 succ10=0.00 touch10=0.00 col10=1.00 to10=0.00 min_d= 1.32 avg_spd=2.12m/s end=collision t= 1226.7s
[TRAIN][PPO] ep=235/500 r=   71.59 avg10=  134.70 steps= 359 succ10=0.00 touch10=0.00 col10=1.00 to10=0.00 min_d= 3.03 avg_spd=2.13m/s end=collision t= 1229.8s
[TRAIN][PPO] ep=236/500 r=  288.82 avg10=  136.13 steps=1064 succ10=0.00 touch10=0.00 col10=1.00 to10=0.00 min_d= 1.32 avg_spd=2.15m/s end=collision t= 1239.9s
[TRAIN][PPO] ep=237/500 r=   68.33 avg10=  135.94 steps= 355 succ10=0.00 touch10=0.00 col10=1.00 to10=0.00 min_d= 3.06 avg_spd=2.09m/s end=collision t= 1243.0s
[TRAIN][PPO] ep=238/500 r=   60.17 avg10=  134.85 steps= 344 succ10=0.00 touch10=0.00 col10=1.00 to10=0.00 min_d= 3.07 avg_spd=2.03m/s end=collision t= 1246.0s
[TRAIN][PPO] ep=239/500 r=  -34.48 avg10=  125.16 steps=  64 succ10=0.00 touch10=0.00 col10=1.00 to10=0.00 min_d= 3.83 avg_spd=2.17m/s end=collision t= 1246.6s
[TRAIN][PPO] ep=240/500 r=   73.22 avg10=  125.11 steps= 363 succ10=0.00 touch10=0.00 col10=1.00 to10=0.00 min_d= 3.01 avg_spd=2.13m/s end=collision t= 1250.0s
[TRAIN][PPO] ep=241/500 r=  282.19 avg10=  146.37 steps=1064 succ10=0.00 touch10=0.00 col10=1.00 to10=0.00 min_d= 1.29 avg_spd=2.13m/s end=collision t= 1259.2s
[TRAIN][PPO] ep=242/500 r=   53.48 avg10=  144.45 steps= 330 succ10=0.00 touch10=0.00 col10=1.00 to10=0.00 min_d= 3.11 avg_spd=2.11m/s end=collision t= 1262.1s
[TRAIN][PPO] ep=243/500 r=   61.25 avg10=  120.97 steps= 346 succ10=0.00 touch10=0.00 col10=1.00 to10=0.00 min_d= 3.08 avg_spd=1.98m/s end=collision t= 1265.1s
[TRAIN][PPO] ep=244/500 r=   61.49 avg10=   98.61 steps= 341 succ10=0.00 touch10=0.00 col10=1.00 to10=0.00 min_d= 3.05 avg_spd=2.07m/s end=collision t= 1268.5s
[TRAIN][PPO] ep=245/500 r=   69.99 avg10=   98.45 steps= 359 succ10=0.00 touch10=0.00 col10=1.00 to10=0.00 min_d= 3.03 avg_spd=2.11m/s end=collision t= 1271.6s
[TRAIN][PPO] ep=246/500 r=   60.02 avg10=   75.57 steps= 352 succ10=0.00 touch10=0.00 col10=1.00 to10=0.00 min_d= 3.08 avg_spd=2.00m/s end=collision t= 1274.7s
[TRAIN][PPO] ep=247/500 r=   71.39 avg10=   75.87 steps= 367 succ10=0.00 touch10=0.00 col10=1.00 to10=0.00 min_d= 3.07 avg_spd=2.12m/s end=collision t= 1277.9s
[TRAIN][PPO] ep=248/500 r=   74.07 avg10=   77.26 steps= 370 succ10=0.00 touch10=0.00 col10=1.00 to10=0.00 min_d= 3.05 avg_spd=2.16m/s end=collision t= 1281.7s
[TRAIN][PPO] ep=249/500 r=   68.07 avg10=   87.52 steps= 358 succ10=0.00 touch10=0.00 col10=1.00 to10=0.00 min_d= 3.06 avg_spd=2.10m/s end=collision t= 1284.8s
[TRAIN][PPO] ep=250/500 r=   69.48 avg10=   87.14 steps= 361 succ10=0.00 touch10=0.00 col10=1.00 to10=0.00 min_d= 3.03 avg_spd=2.11m/s end=collision t= 1288.0s
[TRAIN][PPO] ep=251/500 r=   63.22 avg10=   65.25 steps= 353 succ10=0.00 touch10=0.00 col10=1.00 to10=0.00 min_d= 3.06 avg_spd=2.01m/s end=collision t= 1291.1s
[TRAIN][PPO] ep=252/500 r=   72.58 avg10=   67.16 steps= 361 succ10=0.00 touch10=0.00 col10=1.00 to10=0.00 min_d= 3.01 avg_spd=2.14m/s end=collision t= 1294.6s
[TRAIN][PPO] ep=253/500 r=   68.31 avg10=   67.86 steps= 361 succ10=0.00 touch10=0.00 col10=1.00 to10=0.00 min_d= 3.03 avg_spd=2.10m/s end=collision t= 1297.7s
[TRAIN][PPO] ep=254/500 r=  -33.35 avg10=   58.38 steps= 139 succ10=0.00 touch10=0.00 col10=1.00 to10=0.00 min_d= 3.83 avg_spd=1.95m/s end=collision t= 1299.0s
[TRAIN][PPO] ep=255/500 r=   75.54 avg10=   58.93 steps= 367 succ10=0.00 touch10=0.00 col10=1.00 to10=0.00 min_d= 3.04 avg_spd=2.17m/s end=collision t= 1302.1s
[TRAIN][PPO] ep=256/500 r=   65.92 avg10=   59.52 steps= 355 succ10=0.00 touch10=0.00 col10=1.00 to10=0.00 min_d= 3.05 avg_spd=2.02m/s end=collision t= 1305.6s
[TRAIN][PPO] ep=257/500 r=   67.51 avg10=   59.14 steps= 355 succ10=0.00 touch10=0.00 col10=1.00 to10=0.00 min_d= 3.04 avg_spd=2.07m/s end=collision t= 1308.6s
[TRAIN][PPO] ep=258/500 r=  291.81 avg10=   80.91 steps=1063 succ10=0.00 touch10=0.00 col10=1.00 to10=0.00 min_d= 1.31 avg_spd=2.10m/s end=collision t= 1317.9s
[TRAIN][PPO] ep=259/500 r=   71.66 avg10=   81.27 steps= 364 succ10=0.00 touch10=0.00 col10=1.00 to10=0.00 min_d= 3.09 avg_spd=2.06m/s end=collision t= 1321.2s
[TRAIN][PPO] ep=260/500 r=   73.26 avg10=   81.65 steps= 365 succ10=0.00 touch10=0.00 col10=1.00 to10=0.00 min_d= 3.02 avg_spd=2.13m/s end=collision t= 1324.9s
[TRAIN][PPO] ep=261/500 r=  279.27 avg10=  103.25 steps=1067 succ10=0.00 touch10=0.00 col10=1.00 to10=0.00 min_d= 1.31 avg_spd=2.11m/s end=collision t= 1334.0s
[TRAIN][PPO] ep=262/500 r=   63.28 avg10=  102.32 steps= 348 succ10=0.00 touch10=0.00 col10=1.00 to10=0.00 min_d= 3.07 avg_spd=2.00m/s end=collision t= 1337.0s
[TRAIN][PPO] ep=263/500 r=  286.51 avg10=  124.14 steps=1062 succ10=0.00 touch10=0.00 col10=1.00 to10=0.00 min_d= 1.31 avg_spd=2.10m/s end=collision t= 1346.2s
[TRAIN][PPO] ep=264/500 r=   72.60 avg10=  134.74 steps= 362 succ10=0.00 touch10=0.00 col10=1.00 to10=0.00 min_d= 3.03 avg_spd=2.13m/s end=collision t= 1350.2s
[TRAIN][PPO] ep=265/500 r=  280.75 avg10=  155.26 steps=1069 succ10=0.00 touch10=0.00 col10=1.00 to10=0.00 min_d= 1.32 avg_spd=2.11m/s end=collision t= 1359.4s
[TRAIN][PPO] ep=266/500 r=   74.50 avg10=  156.11 steps= 372 succ10=0.00 touch10=0.00 col10=1.00 to10=0.00 min_d= 3.00 avg_spd=2.11m/s end=collision t= 1362.6s
[TRAIN][PPO] ep=267/500 r=   73.53 avg10=  156.72 steps= 370 succ10=0.00 touch10=0.00 col10=1.00 to10=0.00 min_d= 3.05 avg_spd=2.11m/s end=collision t= 1365.8s
[TRAIN][PPO] ep=268/500 r=   70.67 avg10=  134.60 steps= 360 succ10=0.00 touch10=0.00 col10=1.00 to10=0.00 min_d= 3.04 avg_spd=2.10m/s end=collision t= 1369.3s
[TRAIN][PPO] ep=269/500 r=  287.90 avg10=  156.23 steps=1063 succ10=0.00 touch10=0.00 col10=1.00 to10=0.00 min_d= 1.32 avg_spd=2.11m/s end=collision t= 1378.3s
[TRAIN][PPO] ep=270/500 r=   72.82 avg10=  156.18 steps= 371 succ10=0.00 touch10=0.00 col10=1.00 to10=0.00 min_d= 3.07 avg_spd=2.11m/s end=collision t= 1381.5s
[TRAIN][PPO] ep=271/500 r=   70.73 avg10=  135.33 steps= 361 succ10=0.00 touch10=0.00 col10=1.00 to10=0.00 min_d= 3.05 avg_spd=2.11m/s end=collision t= 1384.6s
[TRAIN][PPO] ep=272/500 r=   70.06 avg10=  136.01 steps= 357 succ10=0.00 touch10=0.00 col10=1.00 to10=0.00 min_d= 3.07 avg_spd=2.09m/s end=collision t= 1388.2s
[TRAIN][PPO] ep=273/500 r=   66.12 avg10=  113.97 steps= 354 succ10=0.00 touch10=0.00 col10=1.00 to10=0.00 min_d= 3.06 avg_spd=2.05m/s end=collision t= 1391.3s
[TRAIN][PPO] ep=274/500 r=   66.20 avg10=  113.33 steps= 349 succ10=0.00 touch10=0.00 col10=1.00 to10=0.00 min_d= 3.06 avg_spd=2.05m/s end=collision t= 1394.3s
[TRAIN][PPO] ep=275/500 r=  273.18 avg10=  112.57 steps=1074 succ10=0.00 touch10=0.00 col10=1.00 to10=0.00 min_d= 1.40 avg_spd=2.16m/s end=collision t= 1403.5s
[TRAIN][PPO] ep=276/500 r=   66.33 avg10=  111.75 steps= 354 succ10=0.00 touch10=0.00 col10=1.00 to10=0.00 min_d= 3.06 avg_spd=2.07m/s end=collision t= 1407.0s
[TRAIN][PPO] ep=277/500 r=  266.52 avg10=  131.05 steps=1071 succ10=0.00 touch10=0.00 col10=1.00 to10=0.00 min_d= 1.35 avg_spd=2.16m/s end=collision t= 1416.4s
[TRAIN][PPO] ep=278/500 r=   71.38 avg10=  131.12 steps= 361 succ10=0.00 touch10=0.00 col10=1.00 to10=0.00 min_d= 3.02 avg_spd=2.12m/s end=collision t= 1419.5s
[TRAIN][PPO] ep=279/500 r=   70.36 avg10=  109.37 steps= 354 succ10=0.00 touch10=0.00 col10=1.00 to10=0.00 min_d= 3.01 avg_spd=2.16m/s end=collision t= 1422.6s
[TRAIN][PPO] ep=280/500 r=   72.21 avg10=  109.31 steps= 361 succ10=0.00 touch10=0.00 col10=1.00 to10=0.00 min_d= 3.08 avg_spd=2.10m/s end=collision t= 1426.2s
[TRAIN][PPO] ep=281/500 r=   70.34 avg10=  109.27 steps= 357 succ10=0.00 touch10=0.00 col10=1.00 to10=0.00 min_d= 2.98 avg_spd=2.10m/s end=collision t= 1429.3s
[TRAIN][PPO] ep=282/500 r=   70.57 avg10=  109.32 steps= 355 succ10=0.00 touch10=0.00 col10=1.00 to10=0.00 min_d= 3.01 avg_spd=2.11m/s end=collision t= 1432.4s
[TRAIN][PPO] ep=283/500 r=   74.39 avg10=  110.15 steps= 364 succ10=0.00 touch10=0.00 col10=1.00 to10=0.00 min_d= 2.99 avg_spd=2.19m/s end=collision t= 1435.6s
[TRAIN][PPO] ep=284/500 r=   60.40 avg10=  109.57 steps= 338 succ10=0.00 touch10=0.00 col10=1.00 to10=0.00 min_d= 3.09 avg_spd=2.08m/s end=collision t= 1438.7s
[TRAIN][PPO] ep=285/500 r=   72.67 avg10=   89.52 steps= 363 succ10=0.00 touch10=0.00 col10=1.00 to10=0.00 min_d= 2.94 avg_spd=2.11m/s end=collision t= 1441.6s
[TRAIN][PPO] ep=286/500 r=   76.21 avg10=   90.51 steps= 368 succ10=0.00 touch10=0.00 col10=1.00 to10=0.00 min_d= 3.02 avg_spd=2.15m/s end=collision t= 1444.8s
[TRAIN][PPO] ep=287/500 r=   71.92 avg10=   71.05 steps= 360 succ10=0.00 touch10=0.00 col10=1.00 to10=0.00 min_d= 3.01 avg_spd=2.15m/s end=collision t= 1447.9s
[TRAIN][PPO] ep=288/500 r=   71.69 avg10=   71.08 steps= 361 succ10=0.00 touch10=0.00 col10=1.00 to10=0.00 min_d= 2.98 avg_spd=2.07m/s end=collision t= 1451.3s
[TRAIN][PPO] ep=289/500 r=   65.47 avg10=   70.59 steps= 357 succ10=0.00 touch10=0.00 col10=1.00 to10=0.00 min_d= 3.00 avg_spd=2.07m/s end=collision t= 1454.5s
[TRAIN][PPO] ep=290/500 r=   73.74 avg10=   70.74 steps= 363 succ10=0.00 touch10=0.00 col10=1.00 to10=0.00 min_d= 3.05 avg_spd=2.17m/s end=collision t= 1457.8s
[TRAIN][PPO] ep=291/500 r=  269.34 avg10=   90.64 steps=1070 succ10=0.00 touch10=0.00 col10=1.00 to10=0.00 min_d= 1.42 avg_spd=2.16m/s end=collision t= 1467.4s
[TRAIN][PPO] ep=292/500 r=   72.09 avg10=   90.79 steps= 360 succ10=0.00 touch10=0.00 col10=1.00 to10=0.00 min_d= 3.03 avg_spd=2.15m/s end=collision t= 1471.1s
[TRAIN][PPO] ep=293/500 r=   67.42 avg10=   90.09 steps= 357 succ10=0.00 touch10=0.00 col10=1.00 to10=0.00 min_d= 3.06 avg_spd=2.03m/s end=collision t= 1474.2s
[TRAIN][PPO] ep=294/500 r=   71.00 avg10=   91.15 steps= 362 succ10=0.00 touch10=0.00 col10=1.00 to10=0.00 min_d= 2.99 avg_spd=2.09m/s end=collision t= 1477.3s
[TRAIN][PPO] ep=295/500 r=  265.18 avg10=  110.40 steps=1075 succ10=0.00 touch10=0.00 col10=1.00 to10=0.00 min_d= 1.43 avg_spd=2.15m/s end=collision t= 1486.7s
[TRAIN][PPO] ep=296/500 r=   71.08 avg10=  109.89 steps= 360 succ10=0.00 touch10=0.00 col10=1.00 to10=0.00 min_d= 3.02 avg_spd=2.09m/s end=collision t= 1490.3s
[TRAIN][PPO] ep=297/500 r=   73.56 avg10=  110.06 steps= 362 succ10=0.00 touch10=0.00 col10=1.00 to10=0.00 min_d= 3.01 avg_spd=2.12m/s end=collision t= 1493.5s
[TRAIN][PPO] ep=298/500 r=   67.69 avg10=  109.66 steps= 355 succ10=0.00 touch10=0.00 col10=1.00 to10=0.00 min_d= 3.00 avg_spd=2.05m/s end=collision t= 1496.7s
[TRAIN][PPO] ep=299/500 r=   74.32 avg10=  110.54 steps= 365 succ10=0.00 touch10=0.00 col10=1.00 to10=0.00 min_d= 3.00 avg_spd=2.11m/s end=collision t= 1499.9s
[TRAIN][PPO] ep=300/500 r=  258.23 avg10=  128.99 steps=1084 succ10=0.00 touch10=0.00 col10=1.00 to10=0.00 min_d= 1.47 avg_spd=2.12m/s end=collision t= 1509.9s ckpt=latest
[TRAIN][PPO] ep=301/500 r=   65.75 avg10=  108.63 steps= 350 succ10=0.00 touch10=0.00 col10=1.00 to10=0.00 min_d= 3.02 avg_spd=2.07m/s end=collision t= 1513.0s
[TRAIN][PPO] ep=302/500 r=   71.20 avg10=  108.54 steps= 357 succ10=0.00 touch10=0.00 col10=1.00 to10=0.00 min_d= 2.95 avg_spd=2.10m/s end=collision t= 1516.1s
[TRAIN][PPO] ep=303/500 r=   74.85 avg10=  109.29 steps= 370 succ10=0.00 touch10=0.00 col10=1.00 to10=0.00 min_d= 3.05 avg_spd=2.14m/s end=collision t= 1519.4s
[TRAIN][PPO] ep=304/500 r=   75.88 avg10=  109.77 steps= 376 succ10=0.00 touch10=0.00 col10=1.00 to10=0.00 min_d= 2.97 avg_spd=2.10m/s end=collision t= 1523.3s
[TRAIN][PPO] ep=305/500 r=   75.48 avg10=   90.80 steps= 370 succ10=0.00 touch10=0.00 col10=1.00 to10=0.00 min_d= 2.99 avg_spd=2.12m/s end=collision t= 1526.6s
[TRAIN][PPO] ep=306/500 r=   70.85 avg10=   90.78 steps= 361 succ10=0.00 touch10=0.00 col10=1.00 to10=0.00 min_d= 3.02 avg_spd=2.12m/s end=collision t= 1530.0s
[TRAIN][PPO] ep=307/500 r=   70.91 avg10=   90.52 steps= 360 succ10=0.00 touch10=0.00 col10=1.00 to10=0.00 min_d= 3.04 avg_spd=2.13m/s end=collision t= 1533.2s
[TRAIN][PPO] ep=308/500 r=   74.62 avg10=   91.21 steps= 371 succ10=0.00 touch10=0.00 col10=1.00 to10=0.00 min_d= 2.98 avg_spd=2.13m/s end=collision t= 1536.8s
[TRAIN][PPO] ep=309/500 r=   72.12 avg10=   90.99 steps= 361 succ10=0.00 touch10=0.00 col10=1.00 to10=0.00 min_d= 3.02 avg_spd=2.10m/s end=collision t= 1540.1s
[TRAIN][PPO] ep=310/500 r=  274.53 avg10=   92.62 steps=1070 succ10=0.00 touch10=0.00 col10=1.00 to10=0.00 min_d= 1.39 avg_spd=2.16m/s end=collision t= 1549.6s
[TRAIN][PPO] ep=311/500 r=   73.66 avg10=   93.41 steps= 375 succ10=0.00 touch10=0.00 col10=1.00 to10=0.00 min_d= 3.02 avg_spd=2.11m/s end=collision t= 1553.1s
[TRAIN][PPO] ep=312/500 r=   75.98 avg10=   93.89 steps= 367 succ10=0.00 touch10=0.00 col10=1.00 to10=0.00 min_d= 3.03 avg_spd=2.16m/s end=collision t= 1556.8s
[TRAIN][PPO] ep=313/500 r=  267.78 avg10=  113.18 steps=1064 succ10=0.00 touch10=0.00 col10=1.00 to10=0.00 min_d= 1.37 avg_spd=2.14m/s end=collision t= 1566.5s
[TRAIN][PPO] ep=314/500 r=   74.52 avg10=  113.05 steps= 368 succ10=0.00 touch10=0.00 col10=1.00 to10=0.00 min_d= 3.01 avg_spd=2.12m/s end=collision t= 1569.9s
[TRAIN][PPO] ep=315/500 r=   71.30 avg10=  112.63 steps= 361 succ10=0.00 touch10=0.00 col10=1.00 to10=0.00 min_d= 2.99 avg_spd=2.09m/s end=collision t= 1573.1s
[TRAIN][PPO] ep=316/500 r=   76.10 avg10=  113.15 steps= 368 succ10=0.00 touch10=0.00 col10=1.00 to10=0.00 min_d= 3.04 avg_spd=2.16m/s end=collision t= 1577.2s
[TRAIN][PPO] ep=317/500 r=  272.50 avg10=  133.31 steps=1067 succ10=0.00 touch10=0.00 col10=1.00 to10=0.00 min_d= 1.40 avg_spd=2.14m/s end=collision t= 1586.9s
[TRAIN][PPO] ep=318/500 r=   74.81 avg10=  133.33 steps= 367 succ10=0.00 touch10=0.00 col10=1.00 to10=0.00 min_d= 3.04 avg_spd=2.17m/s end=collision t= 1590.2s
[TRAIN][PPO] ep=319/500 r=   73.81 avg10=  133.50 steps= 363 succ10=0.00 touch10=0.00 col10=1.00 to10=0.00 min_d= 3.00 avg_spd=2.15m/s end=collision t= 1593.5s
[TRAIN][PPO] ep=320/500 r=   72.96 avg10=  113.34 steps= 364 succ10=0.00 touch10=0.00 col10=1.00 to10=0.00 min_d= 2.96 avg_spd=2.07m/s end=collision t= 1597.2s
[TRAIN][PPO] ep=321/500 r=  264.89 avg10=  132.47 steps=1062 succ10=0.00 touch10=0.00 col10=1.00 to10=0.00 min_d= 1.41 avg_spd=2.13m/s end=collision t= 1606.8s
[TRAIN][PPO] ep=322/500 r=   72.00 avg10=  132.07 steps= 369 succ10=0.00 touch10=0.00 col10=1.00 to10=0.00 min_d= 2.99 avg_spd=2.16m/s end=collision t= 1610.2s
[TRAIN][PPO] ep=323/500 r=   74.44 avg10=  112.73 steps= 372 succ10=0.00 touch10=0.00 col10=1.00 to10=0.00 min_d= 2.98 avg_spd=2.12m/s end=collision t= 1613.7s
[TRAIN][PPO] ep=324/500 r=   76.82 avg10=  112.96 steps= 371 succ10=0.00 touch10=0.00 col10=1.00 to10=0.00 min_d= 2.99 avg_spd=2.13m/s end=collision t= 1617.5s
[TRAIN][PPO] ep=325/500 r=   76.27 avg10=  113.46 steps= 370 succ10=0.00 touch10=0.00 col10=1.00 to10=0.00 min_d= 3.02 avg_spd=2.11m/s end=collision t= 1621.0s
[TRAIN][PPO] ep=326/500 r=   72.06 avg10=  113.06 steps= 371 succ10=0.00 touch10=0.00 col10=1.00 to10=0.00 min_d= 3.06 avg_spd=2.10m/s end=collision t= 1624.4s
[TRAIN][PPO] ep=327/500 r=   77.09 avg10=   93.51 steps= 372 succ10=0.00 touch10=0.00 col10=1.00 to10=0.00 min_d= 3.03 avg_spd=2.14m/s end=collision t= 1627.8s
[TRAIN][PPO] ep=328/500 r=   76.41 avg10=   93.67 steps= 370 succ10=0.00 touch10=0.00 col10=1.00 to10=0.00 min_d= 2.98 avg_spd=2.16m/s end=collision t= 1631.5s
[TRAIN][PPO] ep=329/500 r=   75.82 avg10=   93.88 steps= 382 succ10=0.00 touch10=0.00 col10=1.00 to10=0.00 min_d= 3.03 avg_spd=2.12m/s end=collision t= 1635.0s
[TRAIN][PPO] ep=330/500 r=   69.74 avg10=   93.55 steps= 356 succ10=0.00 touch10=0.00 col10=1.00 to10=0.00 min_d= 3.01 avg_spd=2.07m/s end=collision t= 1638.1s
[TRAIN][PPO] ep=331/500 r=   74.31 avg10=   74.50 steps= 378 succ10=0.00 touch10=0.00 col10=1.00 to10=0.00 min_d= 2.99 avg_spd=2.14m/s end=collision t= 1641.5s
[TRAIN][PPO] ep=332/500 r=   75.43 avg10=   74.84 steps= 367 succ10=0.00 touch10=0.00 col10=1.00 to10=0.00 min_d= 3.01 avg_spd=2.14m/s end=collision t= 1645.2s
[TRAIN][PPO] ep=333/500 r=   71.20 avg10=   74.51 steps= 365 succ10=0.00 touch10=0.00 col10=1.00 to10=0.00 min_d= 2.99 avg_spd=2.09m/s end=collision t= 1648.7s
[TRAIN][PPO] ep=334/500 r=   75.57 avg10=   74.39 steps= 366 succ10=0.00 touch10=0.00 col10=1.00 to10=0.00 min_d= 2.95 avg_spd=2.11m/s end=collision t= 1652.0s
[TRAIN][PPO] ep=335/500 r=   73.90 avg10=   74.15 steps= 369 succ10=0.00 touch10=0.00 col10=1.00 to10=0.00 min_d= 3.06 avg_spd=2.09m/s end=collision t= 1655.3s
[TRAIN][PPO] ep=336/500 r=   79.24 avg10=   74.87 steps= 378 succ10=0.00 touch10=0.00 col10=1.00 to10=0.00 min_d= 3.01 avg_spd=2.15m/s end=collision t= 1658.6s
[TRAIN][PPO] ep=337/500 r=   79.00 avg10=   75.06 steps= 375 succ10=0.00 touch10=0.00 col10=1.00 to10=0.00 min_d= 2.97 avg_spd=2.12m/s end=collision t= 1661.7s
[TRAIN][PPO] ep=338/500 r=  282.25 avg10=   95.65 steps=1086 succ10=0.00 touch10=0.00 col10=1.00 to10=0.00 min_d= 1.48 avg_spd=2.11m/s end=collision t= 1671.1s
[TRAIN][PPO] ep=339/500 r=   74.90 avg10=   95.55 steps= 368 succ10=0.00 touch10=0.00 col10=1.00 to10=0.00 min_d= 3.00 avg_spd=2.15m/s end=collision t= 1674.6s
[TRAIN][PPO] ep=340/500 r=   77.10 avg10=   96.29 steps= 370 succ10=0.00 touch10=0.00 col10=1.00 to10=0.00 min_d= 2.97 avg_spd=2.13m/s end=collision t= 1678.5s
[TRAIN][PPO] ep=341/500 r=  253.33 avg10=  114.19 steps=1076 succ10=0.00 touch10=0.00 col10=1.00 to10=0.00 min_d= 1.46 avg_spd=2.09m/s end=collision t= 1688.4s
[TRAIN][PPO] ep=342/500 r=   71.80 avg10=  113.83 steps= 365 succ10=0.00 touch10=0.00 col10=1.00 to10=0.00 min_d= 2.97 avg_spd=2.09m/s end=collision t= 1691.9s
[TRAIN][PPO] ep=343/500 r=  -43.80 avg10=  102.33 steps=  23 succ10=0.00 touch10=0.00 col10=1.00 to10=0.00 min_d= 3.84 avg_spd=1.75m/s end=collision t= 1692.2s
[TRAIN][PPO] ep=344/500 r=   76.09 avg10=  102.38 steps= 380 succ10=0.00 touch10=0.00 col10=1.00 to10=0.00 min_d= 3.02 avg_spd=2.16m/s end=collision t= 1696.0s
[TRAIN][PPO] ep=345/500 r=  278.92 avg10=  122.88 steps=1092 succ10=0.00 touch10=0.00 col10=1.00 to10=0.00 min_d= 1.49 avg_spd=2.12m/s end=collision t= 1706.1s
[TRAIN][PPO] ep=346/500 r=  253.25 avg10=  140.28 steps=1092 succ10=0.00 touch10=0.00 col10=1.00 to10=0.00 min_d= 1.49 avg_spd=2.10m/s end=collision t= 1715.9s
[TRAIN][PPO] ep=347/500 r=   72.07 avg10=  139.59 steps= 371 succ10=0.00 touch10=0.00 col10=1.00 to10=0.00 min_d= 3.01 avg_spd=2.10m/s end=collision t= 1719.3s
[TRAIN][PPO] ep=348/500 r=   72.40 avg10=  118.61 steps= 374 succ10=0.00 touch10=0.00 col10=1.00 to10=0.00 min_d= 2.93 avg_spd=2.11m/s end=collision t= 1723.3s
[TRAIN][PPO] ep=349/500 r=   80.14 avg10=  119.13 steps= 378 succ10=0.00 touch10=0.00 col10=1.00 to10=0.00 min_d= 2.95 avg_spd=2.18m/s end=collision t= 1726.7s
[TRAIN][PPO] ep=350/500 r=   79.69 avg10=  119.39 steps= 379 succ10=0.00 touch10=0.00 col10=1.00 to10=0.00 min_d= 2.97 avg_spd=2.16m/s end=collision t= 1730.2s
[TRAIN][PPO] ep=351/500 r=   79.70 avg10=  102.03 steps= 380 succ10=0.00 touch10=0.00 col10=1.00 to10=0.00 min_d= 2.99 avg_spd=2.19m/s end=collision t= 1733.6s
[TRAIN][PPO] ep=352/500 r=   76.90 avg10=  102.54 steps= 373 succ10=0.00 touch10=0.00 col10=1.00 to10=0.00 min_d= 2.98 avg_spd=2.09m/s end=collision t= 1737.5s
[TRAIN][PPO] ep=353/500 r=  258.89 avg10=  132.81 steps=1095 succ10=0.00 touch10=0.00 col10=1.00 to10=0.00 min_d= 1.49 avg_spd=2.10m/s end=collision t= 1747.5s
[TRAIN][PPO] ep=354/500 r=   80.16 avg10=  133.21 steps= 378 succ10=0.00 touch10=0.00 col10=1.00 to10=0.00 min_d= 2.96 avg_spd=2.22m/s end=collision t= 1750.9s
[TRAIN][PPO] ep=355/500 r=   72.36 avg10=  112.56 steps= 364 succ10=0.00 touch10=0.00 col10=1.00 to10=0.00 min_d= 3.03 avg_spd=2.09m/s end=collision t= 1754.2s
[TRAIN][PPO] ep=356/500 r=  254.28 avg10=  112.66 steps=1068 succ10=0.00 touch10=0.00 col10=1.00 to10=0.00 min_d= 1.43 avg_spd=2.11m/s end=collision t= 1764.4s
[TRAIN][PPO] ep=357/500 r=   70.40 avg10=  112.49 steps= 361 succ10=0.00 touch10=0.00 col10=1.00 to10=0.00 min_d= 2.99 avg_spd=2.07m/s end=collision t= 1767.7s
[TRAIN][PPO] ep=358/500 r=   72.92 avg10=  112.54 steps= 362 succ10=0.00 touch10=0.00 col10=1.00 to10=0.00 min_d= 2.95 avg_spd=2.11m/s end=collision t= 1770.9s
[TRAIN][PPO] ep=359/500 r=   75.38 avg10=  112.07 steps= 374 succ10=0.00 touch10=0.00 col10=1.00 to10=0.00 min_d= 2.97 avg_spd=2.12m/s end=collision t= 1774.2s
[TRAIN][PPO] ep=360/500 r=   79.13 avg10=  112.01 steps= 376 succ10=0.00 touch10=0.00 col10=1.00 to10=0.00 min_d= 2.98 avg_spd=2.15m/s end=collision t= 1777.8s
[TRAIN][PPO] ep=361/500 r=   77.13 avg10=  111.76 steps= 372 succ10=0.00 touch10=0.00 col10=1.00 to10=0.00 min_d= 3.02 avg_spd=2.15m/s end=collision t= 1781.1s
[TRAIN][PPO] ep=362/500 r=  185.67 avg10=  122.63 steps= 849 succ10=0.00 touch10=0.00 col10=1.00 to10=0.00 min_d= 2.10 avg_spd=2.08m/s end=collision t= 1788.8s
[TRAIN][PPO] ep=363/500 r=   74.78 avg10=  104.22 steps= 379 succ10=0.00 touch10=0.00 col10=1.00 to10=0.00 min_d= 2.93 avg_spd=2.11m/s end=collision t= 1792.3s
[TRAIN][PPO] ep=364/500 r=   77.06 avg10=  103.91 steps= 371 succ10=0.00 touch10=0.00 col10=1.00 to10=0.00 min_d= 2.98 avg_spd=2.16m/s end=collision t= 1796.0s
[TRAIN][PPO] ep=365/500 r=   74.94 avg10=  104.17 steps= 370 succ10=0.00 touch10=0.00 col10=1.00 to10=0.00 min_d= 2.95 avg_spd=2.15m/s end=collision t= 1799.5s
[TRAIN][PPO] ep=366/500 r=   71.12 avg10=   85.85 steps= 364 succ10=0.00 touch10=0.00 col10=1.00 to10=0.00 min_d= 2.99 avg_spd=2.04m/s end=collision t= 1803.0s
[TRAIN][PPO] ep=367/500 r=   71.24 avg10=   85.94 steps= 363 succ10=0.00 touch10=0.00 col10=1.00 to10=0.00 min_d= 3.02 avg_spd=2.04m/s end=collision t= 1806.3s
[TRAIN][PPO] ep=368/500 r=   73.74 avg10=   86.02 steps= 370 succ10=0.00 touch10=0.00 col10=1.00 to10=0.00 min_d= 2.93 avg_spd=2.13m/s end=collision t= 1809.8s
[TRAIN][PPO] ep=369/500 r=   77.26 avg10=   86.21 steps= 378 succ10=0.00 touch10=0.00 col10=1.00 to10=0.00 min_d= 2.94 avg_spd=2.14m/s end=collision t= 1813.4s
[TRAIN][PPO] ep=370/500 r=   75.16 avg10=   85.81 steps= 372 succ10=0.00 touch10=0.00 col10=1.00 to10=0.00 min_d= 3.02 avg_spd=2.12m/s end=collision t= 1816.6s
[TRAIN][PPO] ep=371/500 r=   75.85 avg10=   85.68 steps= 371 succ10=0.00 touch10=0.00 col10=1.00 to10=0.00 min_d= 2.99 avg_spd=2.12m/s end=collision t= 1820.0s
[TRAIN][PPO] ep=372/500 r=   75.81 avg10=   74.70 steps= 374 succ10=0.00 touch10=0.00 col10=1.00 to10=0.00 min_d= 3.03 avg_spd=2.16m/s end=collision t= 1823.7s
[TRAIN][PPO] ep=373/500 r=  279.23 avg10=   95.14 steps=1088 succ10=0.00 touch10=0.00 col10=1.00 to10=0.00 min_d= 1.48 avg_spd=2.11m/s end=collision t= 1833.0s
[TRAIN][PPO] ep=374/500 r=   73.16 avg10=   94.75 steps= 363 succ10=0.00 touch10=0.00 col10=1.00 to10=0.00 min_d= 2.95 avg_spd=2.09m/s end=collision t= 1836.3s
[TRAIN][PPO] ep=375/500 r=   73.68 avg10=   94.63 steps= 364 succ10=0.00 touch10=0.00 col10=1.00 to10=0.00 min_d= 2.95 avg_spd=2.09m/s end=collision t= 1839.6s
[TRAIN][PPO] ep=376/500 r=   73.93 avg10=   94.91 steps= 367 succ10=0.00 touch10=0.00 col10=1.00 to10=0.00 min_d= 3.01 avg_spd=2.09m/s end=collision t= 1843.3s
[TRAIN][PPO] ep=377/500 r=   77.43 avg10=   95.53 steps= 372 succ10=0.00 touch10=0.00 col10=1.00 to10=0.00 min_d= 2.96 avg_spd=2.18m/s end=collision t= 1846.5s
[TRAIN][PPO] ep=378/500 r=   72.14 avg10=   95.37 steps= 374 succ10=0.00 touch10=0.00 col10=1.00 to10=0.00 min_d= 2.97 avg_spd=2.11m/s end=collision t= 1849.9s
[TRAIN][PPO] ep=379/500 r=   75.70 avg10=   95.21 steps= 369 succ10=0.00 touch10=0.00 col10=1.00 to10=0.00 min_d= 2.93 avg_spd=2.15m/s end=collision t= 1853.3s
[TRAIN][PPO] ep=380/500 r=   77.88 avg10=   95.48 steps= 374 succ10=0.00 touch10=0.00 col10=1.00 to10=0.00 min_d= 3.02 avg_spd=2.16m/s end=collision t= 1856.9s
[TRAIN][PPO] ep=381/500 r=   74.10 avg10=   95.31 steps= 368 succ10=0.00 touch10=0.00 col10=1.00 to10=0.00 min_d= 2.97 avg_spd=2.12m/s end=collision t= 1860.2s
[TRAIN][PPO] ep=382/500 r=   76.55 avg10=   95.38 steps= 370 succ10=0.00 touch10=0.00 col10=1.00 to10=0.00 min_d= 2.94 avg_spd=2.15m/s end=collision t= 1863.5s
[TRAIN][PPO] ep=383/500 r=   79.69 avg10=   75.43 steps= 382 succ10=0.00 touch10=0.00 col10=1.00 to10=0.00 min_d= 3.00 avg_spd=2.13m/s end=collision t= 1866.9s
[TRAIN][PPO] ep=384/500 r=  -42.46 avg10=   63.86 steps=  29 succ10=0.00 touch10=0.00 col10=1.00 to10=0.00 min_d= 3.84 avg_spd=1.85m/s end=collision t= 1867.4s
[TRAIN][PPO] ep=385/500 r=   73.75 avg10=   63.87 steps= 368 succ10=0.00 touch10=0.00 col10=1.00 to10=0.00 min_d= 2.99 avg_spd=2.15m/s end=collision t= 1870.7s
[TRAIN][PPO] ep=386/500 r=   75.82 avg10=   64.06 steps= 366 succ10=0.00 touch10=0.00 col10=1.00 to10=0.00 min_d= 2.95 avg_spd=2.16m/s end=collision t= 1874.1s
[TRAIN][PPO] ep=387/500 r=   76.48 avg10=   63.97 steps= 372 succ10=0.00 touch10=0.00 col10=1.00 to10=0.00 min_d= 3.04 avg_spd=2.14m/s end=collision t= 1877.4s
[TRAIN][PPO] ep=388/500 r=   78.88 avg10=   64.64 steps= 374 succ10=0.00 touch10=0.00 col10=1.00 to10=0.00 min_d= 2.98 avg_spd=2.18m/s end=collision t= 1881.0s
[TRAIN][PPO] ep=389/500 r=  256.34 avg10=   82.70 steps=1071 succ10=0.00 touch10=0.00 col10=1.00 to10=0.00 min_d= 1.44 avg_spd=2.11m/s end=collision t= 1890.4s
[TRAIN][PPO] ep=390/500 r=   75.94 avg10=   82.51 steps= 372 succ10=0.00 touch10=0.00 col10=1.00 to10=0.00 min_d= 3.02 avg_spd=2.12m/s end=collision t= 1893.8s
[TRAIN][PPO] ep=391/500 r=   79.19 avg10=   83.02 steps= 377 succ10=0.00 touch10=0.00 col10=1.00 to10=0.00 min_d= 3.00 avg_spd=2.20m/s end=collision t= 1897.1s
[TRAIN][PPO] ep=392/500 r=   77.71 avg10=   83.13 steps= 372 succ10=0.00 touch10=0.00 col10=1.00 to10=0.00 min_d= 2.98 avg_spd=2.17m/s end=collision t= 1900.9s
[TRAIN][PPO] ep=393/500 r=   74.79 avg10=   82.64 steps= 363 succ10=0.00 touch10=0.00 col10=1.00 to10=0.00 min_d= 2.93 avg_spd=2.15m/s end=collision t= 1904.1s
[TRAIN][PPO] ep=394/500 r=   75.26 avg10=   94.42 steps= 375 succ10=0.00 touch10=0.00 col10=1.00 to10=0.00 min_d= 3.00 avg_spd=2.16m/s end=collision t= 1907.5s
[TRAIN][PPO] ep=395/500 r=   76.40 avg10=   94.68 steps= 379 succ10=0.00 touch10=0.00 col10=1.00 to10=0.00 min_d= 2.99 avg_spd=2.13m/s end=collision t= 1910.8s
[TRAIN][PPO] ep=396/500 r=   76.90 avg10=   94.79 steps= 380 succ10=0.00 touch10=0.00 col10=1.00 to10=0.00 min_d= 2.98 avg_spd=2.14m/s end=collision t= 1914.5s
[TRAIN][PPO] ep=397/500 r=   76.96 avg10=   94.84 steps= 376 succ10=0.00 touch10=0.00 col10=1.00 to10=0.00 min_d= 3.06 avg_spd=2.09m/s end=collision t= 1917.9s
[TRAIN][PPO] ep=398/500 r=   74.53 avg10=   94.40 steps= 365 succ10=0.00 touch10=0.00 col10=1.00 to10=0.00 min_d= 2.96 avg_spd=2.09m/s end=collision t= 1921.3s
[TRAIN][PPO] ep=399/500 r=   75.58 avg10=   76.33 steps= 372 succ10=0.00 touch10=0.00 col10=1.00 to10=0.00 min_d= 3.02 avg_spd=2.15m/s end=collision t= 1924.6s
[TRAIN][PPO] ep=400/500 r=   73.32 avg10=   76.06 steps= 373 succ10=0.00 touch10=0.00 col10=1.00 to10=0.00 min_d= 2.95 avg_spd=2.10m/s end=collision t= 1928.4s ckpt=latest
[TRAIN][PPO] ep=401/500 r=   74.61 avg10=   75.61 steps= 365 succ10=0.00 touch10=0.00 col10=1.00 to10=0.00 min_d= 2.99 avg_spd=2.10m/s end=collision t= 1931.6s
[TRAIN][PPO] ep=402/500 r=   79.17 avg10=   75.75 steps= 374 succ10=0.00 touch10=0.00 col10=1.00 to10=0.00 min_d= 2.95 avg_spd=2.19m/s end=collision t= 1934.9s
[TRAIN][PPO] ep=403/500 r=   67.54 avg10=   75.03 steps= 355 succ10=0.00 touch10=0.00 col10=1.00 to10=0.00 min_d= 3.01 avg_spd=2.04m/s end=collision t= 1938.1s
[TRAIN][PPO] ep=404/500 r=  -27.73 avg10=   64.73 steps= 139 succ10=0.00 touch10=0.00 col10=1.00 to10=0.00 min_d= 3.81 avg_spd=2.12m/s end=collision t= 1939.7s
[TRAIN][PPO] ep=405/500 r=   72.14 avg10=   64.30 steps= 370 succ10=0.00 touch10=0.00 col10=1.00 to10=0.00 min_d= 2.98 avg_spd=2.11m/s end=collision t= 1943.0s
[TRAIN][PPO] ep=406/500 r=   69.70 avg10=   63.58 steps= 356 succ10=0.00 touch10=0.00 col10=1.00 to10=0.00 min_d= 2.99 avg_spd=2.07m/s end=collision t= 1946.2s
[TRAIN][PPO] ep=407/500 r=   75.23 avg10=   63.41 steps= 368 succ10=0.00 touch10=0.00 col10=1.00 to10=0.00 min_d= 2.98 avg_spd=2.14m/s end=collision t= 1949.5s
[TRAIN][PPO] ep=408/500 r=   75.08 avg10=   63.46 steps= 367 succ10=0.00 touch10=0.00 col10=1.00 to10=0.00 min_d= 3.00 avg_spd=2.11m/s end=collision t= 1953.2s
[TRAIN][PPO] ep=409/500 r=   71.61 avg10=   63.07 steps= 361 succ10=0.00 touch10=0.00 col10=1.00 to10=0.00 min_d= 2.96 avg_spd=2.11m/s end=collision t= 1956.4s
[TRAIN][PPO] ep=410/500 r=   76.66 avg10=   63.40 steps= 370 succ10=0.00 touch10=0.00 col10=1.00 to10=0.00 min_d= 3.02 avg_spd=2.14m/s end=collision t= 1959.8s
[TRAIN][PPO] ep=411/500 r=  -44.32 avg10=   51.51 steps=  23 succ10=0.00 touch10=0.00 col10=1.00 to10=0.00 min_d= 3.84 avg_spd=2.11m/s end=collision t= 1960.0s
[TRAIN][PPO] ep=412/500 r=   72.04 avg10=   50.80 steps= 358 succ10=0.00 touch10=0.00 col10=1.00 to10=0.00 min_d= 2.97 avg_spd=2.11m/s end=collision t= 1963.4s
[TRAIN][PPO] ep=413/500 r=  279.09 avg10=   71.95 steps=1070 succ10=0.00 touch10=0.00 col10=1.00 to10=0.00 min_d= 1.40 avg_spd=2.14m/s end=collision t= 1972.9s
[TRAIN][PPO] ep=414/500 r=   76.93 avg10=   82.42 steps= 377 succ10=0.00 touch10=0.00 col10=1.00 to10=0.00 min_d= 2.98 avg_spd=2.19m/s end=collision t= 1976.4s
[TRAIN][PPO] ep=415/500 r=   70.41 avg10=   82.24 steps= 362 succ10=0.00 touch10=0.00 col10=1.00 to10=0.00 min_d= 3.00 avg_spd=2.10m/s end=collision t= 1979.8s
[TRAIN][PPO] ep=416/500 r=   72.84 avg10=   82.56 steps= 362 succ10=0.00 touch10=0.00 col10=1.00 to10=0.00 min_d= 3.01 avg_spd=2.11m/s end=collision t= 1983.6s
[TRAIN][PPO] ep=417/500 r=   71.46 avg10=   82.18 steps= 358 succ10=0.00 touch10=0.00 col10=1.00 to10=0.00 min_d= 2.96 avg_spd=2.11m/s end=collision t= 1986.8s
[TRAIN][PPO] ep=418/500 r=   78.99 avg10=   82.57 steps= 374 succ10=0.00 touch10=0.00 col10=1.00 to10=0.00 min_d= 2.97 avg_spd=2.19m/s end=collision t= 1989.9s
[TRAIN][PPO] ep=419/500 r=   74.05 avg10=   82.82 steps= 366 succ10=0.00 touch10=0.00 col10=1.00 to10=0.00 min_d= 3.02 avg_spd=2.13m/s end=collision t= 1993.3s
[TRAIN][PPO] ep=420/500 r=   78.43 avg10=   82.99 steps= 376 succ10=0.00 touch10=0.00 col10=1.00 to10=0.00 min_d= 3.01 avg_spd=2.15m/s end=collision t= 1996.9s
[TRAIN][PPO] ep=421/500 r=   75.78 avg10=   95.00 steps= 368 succ10=0.00 touch10=0.00 col10=1.00 to10=0.00 min_d= 2.95 avg_spd=2.16m/s end=collision t= 2000.2s
[TRAIN][PPO] ep=422/500 r=  263.71 avg10=  114.17 steps=1070 succ10=0.00 touch10=0.00 col10=1.00 to10=0.00 min_d= 1.40 avg_spd=2.14m/s end=collision t= 2009.7s
[TRAIN][PPO] ep=423/500 r=   72.55 avg10=   93.51 steps= 362 succ10=0.00 touch10=0.00 col10=1.00 to10=0.00 min_d= 2.95 avg_spd=2.12m/s end=collision t= 2013.0s
[TRAIN][PPO] ep=424/500 r=   75.30 avg10=   93.35 steps= 366 succ10=0.00 touch10=0.00 col10=1.00 to10=0.00 min_d= 3.00 avg_spd=2.17m/s end=collision t= 2016.7s
[TRAIN][PPO] ep=425/500 r=   72.73 avg10=   93.58 steps= 364 succ10=0.00 touch10=0.00 col10=1.00 to10=0.00 min_d= 3.03 avg_spd=2.11m/s end=collision t= 2020.0s
[TRAIN][PPO] ep=426/500 r=   75.54 avg10=   93.85 steps= 370 succ10=0.00 touch10=0.00 col10=1.00 to10=0.00 min_d= 3.02 avg_spd=2.18m/s end=collision t= 2023.3s
[TRAIN][PPO] ep=427/500 r=  259.73 avg10=  112.68 steps=1072 succ10=0.00 touch10=0.00 col10=1.00 to10=0.00 min_d= 1.40 avg_spd=2.15m/s end=collision t= 2032.8s
[TRAIN][PPO] ep=428/500 r=   71.78 avg10=  111.96 steps= 362 succ10=0.00 touch10=0.00 col10=1.00 to10=0.00 min_d= 3.01 avg_spd=2.09m/s end=collision t= 2036.5s
[TRAIN][PPO] ep=429/500 r=   74.85 avg10=  112.04 steps= 370 succ10=0.00 touch10=0.00 col10=1.00 to10=0.00 min_d= 3.03 avg_spd=2.13m/s end=collision t= 2039.9s
[TRAIN][PPO] ep=430/500 r=   73.44 avg10=  111.54 steps= 360 succ10=0.00 touch10=0.00 col10=1.00 to10=0.00 min_d= 2.94 avg_spd=2.09m/s end=collision t= 2043.1s
[TRAIN][PPO] ep=431/500 r=   72.53 avg10=  111.21 steps= 363 succ10=0.00 touch10=0.00 col10=1.00 to10=0.00 min_d= 2.97 avg_spd=2.11m/s end=collision t= 2046.4s
[TRAIN][PPO] ep=432/500 r=   73.39 avg10=   92.18 steps= 365 succ10=0.00 touch10=0.00 col10=1.00 to10=0.00 min_d= 3.01 avg_spd=2.10m/s end=collision t= 2049.9s
[TRAIN][PPO] ep=433/500 r=   77.01 avg10=   92.63 steps= 372 succ10=0.00 touch10=0.00 col10=1.00 to10=0.00 min_d= 3.03 avg_spd=2.13m/s end=collision t= 2053.2s
[TRAIN][PPO] ep=434/500 r=   75.37 avg10=   92.64 steps= 365 succ10=0.00 touch10=0.00 col10=1.00 to10=0.00 min_d= 2.97 avg_spd=2.15m/s end=collision t= 2056.6s
[TRAIN][PPO] ep=435/500 r=   76.91 avg10=   93.05 steps= 369 succ10=0.00 touch10=0.00 col10=1.00 to10=0.00 min_d= 2.96 avg_spd=2.19m/s end=collision t= 2059.9s
[TRAIN][PPO] ep=436/500 r=   76.64 avg10=   93.16 steps= 367 succ10=0.00 touch10=0.00 col10=1.00 to10=0.00 min_d= 2.98 avg_spd=2.16m/s end=collision t= 2063.7s
[TRAIN][PPO] ep=437/500 r=   73.33 avg10=   74.52 steps= 365 succ10=0.00 touch10=0.00 col10=1.00 to10=0.00 min_d= 3.06 avg_spd=2.11m/s end=collision t= 2066.8s
[TRAIN][PPO] ep=438/500 r=   77.13 avg10=   75.06 steps= 372 succ10=0.00 touch10=0.00 col10=1.00 to10=0.00 min_d= 2.99 avg_spd=2.18m/s end=collision t= 2070.1s
[TRAIN][PPO] ep=439/500 r=   74.82 avg10=   75.06 steps= 363 succ10=0.00 touch10=0.00 col10=1.00 to10=0.00 min_d= 2.97 avg_spd=2.14m/s end=collision t= 2073.4s
[TRAIN][PPO] ep=440/500 r=   75.08 avg10=   75.22 steps= 371 succ10=0.00 touch10=0.00 col10=1.00 to10=0.00 min_d= 2.96 avg_spd=2.12m/s end=collision t= 2076.9s
[TRAIN][PPO] ep=441/500 r=  273.70 avg10=   95.34 steps=1074 succ10=0.00 touch10=0.00 col10=1.00 to10=0.00 min_d= 1.38 avg_spd=2.16m/s end=collision t= 2086.1s
[TRAIN][PPO] ep=442/500 r=   57.86 avg10=   93.78 steps= 334 succ10=0.00 touch10=0.00 col10=1.00 to10=0.00 min_d= 3.06 avg_spd=2.07m/s end=collision t= 2089.2s
[TRAIN][PPO] ep=443/500 r=   74.39 avg10=   93.52 steps= 364 succ10=0.00 touch10=0.00 col10=1.00 to10=0.00 min_d= 3.03 avg_spd=2.18m/s end=collision t= 2092.6s
[TRAIN][PPO] ep=444/500 r=   76.40 avg10=   93.63 steps= 368 succ10=0.00 touch10=0.00 col10=1.00 to10=0.00 min_d= 3.02 avg_spd=2.16m/s end=collision t= 2096.4s
[TRAIN][PPO] ep=445/500 r=   75.35 avg10=   93.47 steps= 365 succ10=0.00 touch10=0.00 col10=1.00 to10=0.00 min_d= 2.99 avg_spd=2.17m/s end=collision t= 2099.5s
[TRAIN][PPO] ep=446/500 r=   74.55 avg10=   93.26 steps= 364 succ10=0.00 touch10=0.00 col10=1.00 to10=0.00 min_d= 2.99 avg_spd=2.16m/s end=collision t= 2102.7s
[TRAIN][PPO] ep=447/500 r=   70.69 avg10=   93.00 steps= 359 succ10=0.00 touch10=0.00 col10=1.00 to10=0.00 min_d= 3.02 avg_spd=2.07m/s end=collision t= 2106.0s
[TRAIN][PPO] ep=448/500 r=   74.92 avg10=   92.78 steps= 364 succ10=0.00 touch10=0.00 col10=1.00 to10=0.00 min_d= 2.96 avg_spd=2.16m/s end=collision t= 2109.5s
[TRAIN][PPO] ep=449/500 r=   70.81 avg10=   92.38 steps= 357 succ10=0.00 touch10=0.00 col10=1.00 to10=0.00 min_d= 2.96 avg_spd=2.10m/s end=collision t= 2112.7s
[TRAIN][PPO] ep=450/500 r=   77.81 avg10=   92.65 steps= 371 succ10=0.00 touch10=0.00 col10=1.00 to10=0.00 min_d= 3.01 avg_spd=2.18m/s end=collision t= 2115.9s
[TRAIN][PPO] ep=451/500 r=   75.81 avg10=   72.86 steps= 368 succ10=0.00 touch10=0.00 col10=1.00 to10=0.00 min_d= 3.04 avg_spd=2.17m/s end=collision t= 2119.2s
[TRAIN][PPO] ep=452/500 r=   68.53 avg10=   73.93 steps= 351 succ10=0.00 touch10=0.00 col10=1.00 to10=0.00 min_d= 3.00 avg_spd=2.12m/s end=collision t= 2122.6s
[TRAIN][PPO] ep=453/500 r=   69.91 avg10=   73.48 steps= 363 succ10=0.00 touch10=0.00 col10=1.00 to10=0.00 min_d= 2.99 avg_spd=2.08m/s end=collision t= 2125.9s
[TRAIN][PPO] ep=454/500 r=   71.82 avg10=   73.02 steps= 368 succ10=0.00 touch10=0.00 col10=1.00 to10=0.00 min_d= 3.07 avg_spd=2.12m/s end=collision t= 2129.1s
[TRAIN][PPO] ep=455/500 r=   69.12 avg10=   72.40 steps= 358 succ10=0.00 touch10=0.00 col10=1.00 to10=0.00 min_d= 3.00 avg_spd=2.10m/s end=collision t= 2132.3s
[TRAIN][PPO] ep=456/500 r=   70.88 avg10=   72.03 steps= 371 succ10=0.00 touch10=0.00 col10=1.00 to10=0.00 min_d= 2.95 avg_spd=2.10m/s end=collision t= 2135.9s
[TRAIN][PPO] ep=457/500 r=  270.11 avg10=   91.97 steps=1082 succ10=0.00 touch10=0.00 col10=1.00 to10=0.00 min_d= 1.40 avg_spd=2.16m/s end=collision t= 2145.4s
[TRAIN][PPO] ep=458/500 r=  247.83 avg10=  109.26 steps=1103 succ10=0.00 touch10=0.00 col10=1.00 to10=0.00 min_d= 1.51 avg_spd=2.15m/s end=collision t= 2155.0s
[TRAIN][PPO] ep=459/500 r=   68.55 avg10=  109.04 steps= 352 succ10=0.00 touch10=0.00 col10=1.00 to10=0.00 min_d= 2.99 avg_spd=2.12m/s end=collision t= 2158.1s
[TRAIN][PPO] ep=460/500 r=   72.45 avg10=  108.50 steps= 361 succ10=0.00 touch10=0.00 col10=1.00 to10=0.00 min_d= 3.03 avg_spd=2.14m/s end=collision t= 2162.3s
[TRAIN][PPO] ep=461/500 r=  240.86 avg10=  125.01 steps=1087 succ10=0.00 touch10=0.00 col10=1.00 to10=0.00 min_d= 1.42 avg_spd=2.15m/s end=collision t= 2171.7s
[TRAIN][PPO] ep=462/500 r=  266.32 avg10=  144.79 steps=1081 succ10=0.00 touch10=0.00 col10=1.00 to10=0.00 min_d= 1.36 avg_spd=2.17m/s end=collision t= 2181.2s
[TRAIN][PPO] ep=463/500 r=   63.22 avg10=  144.12 steps= 345 succ10=0.00 touch10=0.00 col10=1.00 to10=0.00 min_d= 3.04 avg_spd=2.06m/s end=collision t= 2184.2s
[TRAIN][PPO] ep=464/500 r=  276.82 avg10=  164.62 steps=1078 succ10=0.00 touch10=0.00 col10=1.00 to10=0.00 min_d= 1.31 avg_spd=2.13m/s end=collision t= 2194.3s
[TRAIN][PPO] ep=465/500 r=   71.24 avg10=  164.83 steps= 358 succ10=0.00 touch10=0.00 col10=1.00 to10=0.00 min_d= 2.96 avg_spd=2.11m/s end=collision t= 2197.5s
[TRAIN][PPO] ep=466/500 r=   66.08 avg10=  164.35 steps= 350 succ10=0.00 touch10=0.00 col10=1.00 to10=0.00 min_d= 2.98 avg_spd=2.12m/s end=collision t= 2200.5s
[TRAIN][PPO] ep=467/500 r=   73.87 avg10=  144.72 steps= 362 succ10=0.00 touch10=0.00 col10=1.00 to10=0.00 min_d= 2.99 avg_spd=2.19m/s end=collision t= 2203.7s
[TRAIN][PPO] ep=468/500 r=   71.17 avg10=  127.06 steps= 363 succ10=0.00 touch10=0.00 col10=1.00 to10=0.00 min_d= 3.00 avg_spd=2.11m/s end=collision t= 2207.1s
[TRAIN][PPO] ep=469/500 r=  -31.58 avg10=  117.05 steps=  75 succ10=0.00 touch10=0.00 col10=1.00 to10=0.00 min_d= 3.83 avg_spd=2.10m/s end=collision t= 2207.8s
[TRAIN][PPO] ep=470/500 r=   69.16 avg10=  116.72 steps= 356 succ10=0.00 touch10=0.00 col10=1.00 to10=0.00 min_d= 3.02 avg_spd=2.12m/s end=collision t= 2210.9s
[TRAIN][PPO] ep=471/500 r=  268.19 avg10=  119.45 steps=1082 succ10=0.00 touch10=0.00 col10=1.00 to10=0.00 min_d= 1.33 avg_spd=2.13m/s end=collision t= 2220.3s
[TRAIN][PPO] ep=472/500 r=  -41.19 avg10=   88.70 steps=  46 succ10=0.00 touch10=0.00 col10=1.00 to10=0.00 min_d= 3.81 avg_spd=2.15m/s end=collision t= 2221.1s
[TRAIN][PPO] ep=473/500 r=   70.06 avg10=   89.38 steps= 359 succ10=0.00 touch10=0.00 col10=1.00 to10=0.00 min_d= 3.08 avg_spd=2.13m/s end=collision t= 2224.3s
[TRAIN][PPO] ep=474/500 r=   70.34 avg10=   68.73 steps= 355 succ10=0.00 touch10=0.00 col10=1.00 to10=0.00 min_d= 3.08 avg_spd=2.16m/s end=collision t= 2227.4s
[TRAIN][PPO] ep=475/500 r=  259.10 avg10=   87.52 steps=1096 succ10=0.00 touch10=0.00 col10=1.00 to10=0.00 min_d= 1.41 avg_spd=2.10m/s end=collision t= 2236.8s
[TRAIN][PPO] ep=476/500 r=  276.64 avg10=  108.58 steps=1362 succ10=0.00 touch10=0.00 col10=1.00 to10=0.00 min_d= 1.11 avg_spd=2.14m/s end=collision t= 2249.3s
[TRAIN][PPO] ep=477/500 r=   70.31 avg10=  108.22 steps= 360 succ10=0.00 touch10=0.00 col10=1.00 to10=0.00 min_d= 2.98 avg_spd=2.11m/s end=collision t= 2252.5s
[TRAIN][PPO] ep=478/500 r=  283.22 avg10=  129.43 steps=1305 succ10=0.00 touch10=0.00 col10=1.00 to10=0.00 min_d= 1.09 avg_spd=2.13m/s end=collision t= 2264.3s
[TRAIN][PPO] ep=479/500 r=   68.93 avg10=  139.48 steps= 365 succ10=0.00 touch10=0.00 col10=1.00 to10=0.00 min_d= 3.09 avg_spd=2.11m/s end=collision t= 2267.5s
[TRAIN][PPO] ep=480/500 r=   72.97 avg10=  139.86 steps= 368 succ10=0.00 touch10=0.00 col10=1.00 to10=0.00 min_d= 3.02 avg_spd=2.14m/s end=collision t= 2271.3s
[TRAIN][PPO] ep=481/500 r=  282.80 avg10=  141.32 steps=1323 succ10=0.00 touch10=0.00 col10=1.00 to10=0.00 min_d= 1.10 avg_spd=2.11m/s end=collision t= 2283.1s
[TRAIN][PPO] ep=482/500 r=   65.24 avg10=  151.96 steps= 345 succ10=0.00 touch10=0.00 col10=1.00 to10=0.00 min_d= 3.04 avg_spd=2.13m/s end=collision t= 2286.2s
[TRAIN][PPO] ep=483/500 r=  265.87 avg10=  171.54 steps=1092 succ10=0.00 touch10=0.00 col10=1.00 to10=0.00 min_d= 1.41 avg_spd=2.16m/s end=collision t= 2295.9s
[TRAIN][PPO] ep=484/500 r=   70.08 avg10=  171.52 steps= 356 succ10=0.00 touch10=0.00 col10=1.00 to10=0.00 min_d= 3.06 avg_spd=2.15m/s end=collision t= 2299.7s
[TRAIN][PPO] ep=485/500 r=   67.07 avg10=  152.31 steps= 353 succ10=0.00 touch10=0.00 col10=1.00 to10=0.00 min_d= 3.05 avg_spd=2.09m/s end=collision t= 2302.8s
[TRAIN][PPO] ep=486/500 r=  275.60 avg10=  152.21 steps=1084 succ10=0.00 touch10=0.00 col10=1.00 to10=0.00 min_d= 1.33 avg_spd=2.14m/s end=collision t= 2312.3s
[TRAIN][PPO] ep=487/500 r=  265.05 avg10=  171.68 steps=1356 succ10=0.00 touch10=0.00 col10=1.00 to10=0.00 min_d= 1.11 avg_spd=2.15m/s end=collision t= 2324.3s
[TRAIN][PPO] ep=488/500 r=  289.89 avg10=  172.35 steps=1334 succ10=0.00 touch10=0.00 col10=1.00 to10=0.00 min_d= 1.12 avg_spd=2.13m/s end=collision t= 2336.9s
[TRAIN][PPO] ep=489/500 r=  257.72 avg10=  191.23 steps=1093 succ10=0.00 touch10=0.00 col10=1.00 to10=0.00 min_d= 1.44 avg_spd=2.19m/s end=collision t= 2346.4s
[TRAIN][PPO] ep=490/500 r=   71.39 avg10=  191.07 steps= 358 succ10=0.00 touch10=0.00 col10=1.00 to10=0.00 min_d= 3.04 avg_spd=2.15m/s end=collision t= 2349.6s
[TRAIN][PPO] ep=491/500 r=   67.98 avg10=  169.59 steps= 352 succ10=0.00 touch10=0.00 col10=1.00 to10=0.00 min_d= 3.06 avg_spd=2.17m/s end=collision t= 2352.8s
[TRAIN][PPO] ep=492/500 r=   67.16 avg10=  169.78 steps= 349 succ10=0.00 touch10=0.00 col10=1.00 to10=0.00 min_d= 3.02 avg_spd=2.11m/s end=collision t= 2356.4s
[TRAIN][PPO] ep=493/500 r=  264.94 avg10=  169.69 steps=1089 succ10=0.00 touch10=0.00 col10=1.00 to10=0.00 min_d= 1.40 avg_spd=2.14m/s end=collision t= 2366.1s
[TRAIN][PPO] ep=494/500 r=   65.79 avg10=  169.26 steps= 360 succ10=0.00 touch10=0.00 col10=1.00 to10=0.00 min_d= 3.01 avg_spd=2.05m/s end=collision t= 2369.3s
[TRAIN][PPO] ep=495/500 r=   71.74 avg10=  169.72 steps= 369 succ10=0.00 touch10=0.00 col10=1.00 to10=0.00 min_d= 3.04 avg_spd=2.13m/s end=collision t= 2372.7s
[TRAIN][PPO] ep=496/500 r=  284.36 avg10=  170.60 steps=1083 succ10=0.00 touch10=0.00 col10=1.00 to10=0.00 min_d= 1.34 avg_spd=2.15m/s end=collision t= 2383.1s
[TRAIN][PPO] ep=497/500 r=   70.15 avg10=  151.11 steps= 359 succ10=0.00 touch10=0.00 col10=1.00 to10=0.00 min_d= 3.07 avg_spd=2.13m/s end=collision t= 2386.2s
[TRAIN][PPO] ep=498/500 r=   61.54 avg10=  128.28 steps= 351 succ10=0.00 touch10=0.00 col10=1.00 to10=0.00 min_d= 3.03 avg_spd=2.07m/s end=collision t= 2389.4s
[TRAIN][PPO] ep=499/500 r=   67.87 avg10=  109.29 steps= 363 succ10=0.00 touch10=0.00 col10=1.00 to10=0.00 min_d= 3.01 avg_spd=2.09m/s end=collision t= 2392.6s
INFO: PPO: Terminating.
[RUN] completed stage checkpoint=/uio/hume/student-u79/esbrovol/fys5429/DRL-Obstacle-Avoidance/controllers/PPO/checkpoints/moving_20260603_110455_step02_partial_moving_3_none_seed01_stage01_train_11_partial_moving/final_moving_20260603_110455_step02_partial_moving_3_none_seed01_stage01_train_11_partial_moving.pth
[RUN] curriculum complete arch=none seed=1
[MOVING] completed stage checkpoint=/uio/hume/student-u79/esbrovol/fys5429/DRL-Obstacle-Avoidance/controllers/PPO/checkpoints/moving_20260603_110455_step02_partial_moving_3_none_seed01_stage01_train_11_partial_moving/final_moving_20260603_110455_step02_partial_moving_3_none_seed01_stage01_train_11_partial_moving.pth
[MOVING] stage=3/5 name=partial_moving_5
[MOVING] resume_from=/uio/hume/student-u79/esbrovol/fys5429/DRL-Obstacle-Avoidance/controllers/PPO/checkpoints/moving_20260603_110455_step02_partial_moving_3_none_seed01_stage01_train_11_partial_moving/final_moving_20260603_110455_step02_partial_moving_3_none_seed01_stage01_train_11_partial_moving.pth
[MOVING] command=/uio/hume/student-u79/esbrovol/fys5429/DRL-Obstacle-Avoidance/venv/bin/python controllers/run.py worker --arch none --seed 1 --run-group moving_20260603_110455_step03_partial_moving_5 --resume-from /uio/hume/student-u79/esbrovol/fys5429/DRL-Obstacle-Avoidance/controllers/PPO/checkpoints/moving_20260603_110455_step02_partial_moving_3_none_seed01_stage01_train_11_partial_moving/final_moving_20260603_110455_step02_partial_moving_3_none_seed01_stage01_train_11_partial_moving.pth --worlds worlds/training/train_11_partial_moving.wbt --moving-obstacle-indices 0,1,2,3,4
[RUN] arch=none seed=1 stage=1/1 world=/uio/hume/student-u79/esbrovol/fys5429/DRL-Obstacle-Avoidance/worlds/training/train_11_partial_moving.wbt
[RUN] resuming from /uio/hume/student-u79/esbrovol/fys5429/DRL-Obstacle-Avoidance/controllers/PPO/checkpoints/moving_20260603_110455_step02_partial_moving_3_none_seed01_stage01_train_11_partial_moving/final_moving_20260603_110455_step02_partial_moving_3_none_seed01_stage01_train_11_partial_moving.pth
INFO: PPO: Starting controller: python3 -u PPO.py
[PPO] Using architecture: NONE
[PPO] Loaded architecture: NONE
[TRAIN][PPO] arch=NONE weights_dir=/uio/hume/student-u79/esbrovol/fys5429/DRL-Obstacle-Avoidance/controllers/PPO/checkpoints/moving_20260603_110455_step03_partial_moving_5_none_seed01_stage01_train_11_partial_moving final=/uio/hume/student-u79/esbrovol/fys5429/DRL-Obstacle-Avoidance/controllers/PPO/checkpoints/moving_20260603_110455_step03_partial_moving_5_none_seed01_stage01_train_11_partial_moving/final_moving_20260603_110455_step03_partial_moving_5_none_seed01_stage01_train_11_partial_moving.pth
[TRAIN][PPO] episodes=500 update_every=4 obs=31 act=2 cell=NONE seq=32 burn_in=0
[TRAIN][PPO] ep=001/500 r=  251.16 avg10=  251.16 steps=1088 succ10=0.00 touch10=0.00 col10=1.00 to10=0.00 min_d= 1.35 avg_spd=2.15m/s end=collision t=    9.7s ckpt=best
[TRAIN][PPO] ep=002/500 r=   71.08 avg10=  161.12 steps= 357 succ10=0.00 touch10=0.00 col10=1.00 to10=0.00 min_d= 3.06 avg_spd=2.14m/s end=collision t=   12.8s
[TRAIN][PPO] ep=003/500 r=    9.68 avg10=  110.64 steps=2500 succ10=0.00 touch10=0.00 col10=0.67 to10=0.33 min_d= 1.34 avg_spd=2.10m/s end=max_steps t=   34.8s
[TRAIN][PPO] ep=004/500 r=  202.42 avg10=  133.59 steps= 957 succ10=0.00 touch10=0.00 col10=0.75 to10=0.25 min_d= 1.81 avg_spd=2.17m/s end=collision t=   44.3s
[TRAIN][PPO] ep=005/500 r=   61.19 avg10=  119.11 steps= 338 succ10=0.00 touch10=0.00 col10=0.80 to10=0.20 min_d= 3.07 avg_spd=2.11m/s end=collision t=   47.3s
[TRAIN][PPO] ep=006/500 r=   72.38 avg10=  111.32 steps= 362 succ10=0.00 touch10=0.00 col10=0.83 to10=0.17 min_d= 3.04 avg_spd=2.17m/s end=collision t=   50.4s
[TRAIN][PPO] ep=007/500 r=   59.61 avg10=  103.93 steps= 334 succ10=0.00 touch10=0.00 col10=0.86 to10=0.14 min_d= 3.04 avg_spd=2.09m/s end=collision t=   53.4s
[TRAIN][PPO] ep=008/500 r=  -37.86 avg10=   86.21 steps=  51 succ10=0.00 touch10=0.00 col10=0.88 to10=0.12 min_d= 3.80 avg_spd=2.03m/s end=collision t=   54.1s
[TRAIN][PPO] ep=009/500 r=   71.44 avg10=   84.57 steps= 366 succ10=0.00 touch10=0.00 col10=0.89 to10=0.11 min_d= 3.08 avg_spd=2.12m/s end=collision t=   57.4s
[TRAIN][PPO] ep=010/500 r=   72.01 avg10=   83.31 steps= 371 succ10=0.00 touch10=0.00 col10=0.90 to10=0.10 min_d= 3.07 avg_spd=2.10m/s end=collision t=   60.7s
[TRAIN][PPO] ep=011/500 r=   64.70 avg10=   64.67 steps= 347 succ10=0.00 touch10=0.00 col10=0.90 to10=0.10 min_d= 3.06 avg_spd=2.11m/s end=collision t=   63.7s
[TRAIN][PPO] ep=012/500 r=  184.42 avg10=   76.00 steps= 948 succ10=0.00 touch10=0.00 col10=0.90 to10=0.10 min_d= 1.85 avg_spd=2.15m/s end=collision t=   72.2s
[TRAIN][PPO] ep=013/500 r=   72.46 avg10=   82.28 steps= 362 succ10=0.00 touch10=0.00 col10=1.00 to10=0.00 min_d= 2.98 avg_spd=2.11m/s end=collision t=   75.5s
[TRAIN][PPO] ep=014/500 r=  212.39 avg10=   83.27 steps= 962 succ10=0.00 touch10=0.00 col10=1.00 to10=0.00 min_d= 1.77 avg_spd=2.16m/s end=collision t=   83.8s
[TRAIN][PPO] ep=015/500 r=   70.44 avg10=   84.20 steps= 358 succ10=0.00 touch10=0.00 col10=1.00 to10=0.00 min_d= 3.03 avg_spd=2.13m/s end=collision t=   87.0s
[TRAIN][PPO] ep=016/500 r=  252.59 avg10=  102.22 steps=1081 succ10=0.00 touch10=0.00 col10=1.00 to10=0.00 min_d= 1.37 avg_spd=2.14m/s end=collision t=   97.1s ckpt=best
[TRAIN][PPO] ep=017/500 r=   55.25 avg10=  101.78 steps= 332 succ10=0.00 touch10=0.00 col10=1.00 to10=0.00 min_d= 3.12 avg_spd=2.10m/s end=collision t=  100.0s
[TRAIN][PPO] ep=018/500 r=   63.63 avg10=  111.93 steps= 344 succ10=0.00 touch10=0.00 col10=1.00 to10=0.00 min_d= 3.08 avg_spd=2.10m/s end=collision t=  103.1s
[TRAIN][PPO] ep=019/500 r=   74.78 avg10=  112.27 steps= 364 succ10=0.00 touch10=0.00 col10=1.00 to10=0.00 min_d= 3.03 avg_spd=2.16m/s end=collision t=  106.3s
[TRAIN][PPO] ep=020/500 r=   73.27 avg10=  112.39 steps= 363 succ10=0.00 touch10=0.00 col10=1.00 to10=0.00 min_d= 3.05 avg_spd=2.15m/s end=collision t=  109.8s
[TRAIN][PPO] ep=021/500 r=  259.30 avg10=  131.85 steps=1094 succ10=0.00 touch10=0.00 col10=1.00 to10=0.00 min_d= 1.36 avg_spd=2.12m/s end=collision t=  119.4s ckpt=best
[TRAIN][PPO] ep=022/500 r=   68.38 avg10=  120.25 steps= 361 succ10=0.00 touch10=0.00 col10=1.00 to10=0.00 min_d= 3.00 avg_spd=2.13m/s end=collision t=  122.7s
[TRAIN][PPO] ep=023/500 r=  258.51 avg10=  138.85 steps=1089 succ10=0.00 touch10=0.00 col10=1.00 to10=0.00 min_d= 1.36 avg_spd=2.11m/s end=collision t=  132.3s
[TRAIN][PPO] ep=024/500 r=   71.68 avg10=  124.78 steps= 358 succ10=0.00 touch10=0.00 col10=1.00 to10=0.00 min_d= 3.05 avg_spd=2.15m/s end=collision t=  136.0s
[TRAIN][PPO] ep=025/500 r=   73.21 avg10=  125.06 steps= 363 succ10=0.00 touch10=0.00 col10=1.00 to10=0.00 min_d= 3.03 avg_spd=2.17m/s end=collision t=  139.2s
[TRAIN][PPO] ep=026/500 r=   69.73 avg10=  106.77 steps= 367 succ10=0.00 touch10=0.00 col10=1.00 to10=0.00 min_d= 3.01 avg_spd=2.06m/s end=collision t=  142.5s
[TRAIN][PPO] ep=027/500 r=  -15.28 avg10=   99.72 steps=2500 succ10=0.00 touch10=0.00 col10=0.90 to10=0.10 min_d= 1.35 avg_spd=2.08m/s end=max_steps t=  164.4s
[TRAIN][PPO] ep=028/500 r=   74.27 avg10=  100.78 steps= 363 succ10=0.00 touch10=0.00 col10=0.90 to10=0.10 min_d= 3.01 avg_spd=2.17m/s end=collision t=  168.3s
[TRAIN][PPO] ep=029/500 r=   69.78 avg10=  100.28 steps= 354 succ10=0.00 touch10=0.00 col10=0.90 to10=0.10 min_d= 2.97 avg_spd=2.09m/s end=collision t=  171.5s
[TRAIN][PPO] ep=030/500 r=   74.65 avg10=  100.42 steps= 364 succ10=0.00 touch10=0.00 col10=0.90 to10=0.10 min_d= 3.03 avg_spd=2.17m/s end=collision t=  174.7s
[TRAIN][PPO] ep=031/500 r=   68.90 avg10=   81.38 steps= 354 succ10=0.00 touch10=0.00 col10=0.90 to10=0.10 min_d= 3.04 avg_spd=2.10m/s end=collision t=  177.8s
[TRAIN][PPO] ep=032/500 r=  236.04 avg10=   98.15 steps=1071 succ10=0.00 touch10=0.00 col10=0.90 to10=0.10 min_d= 1.41 avg_spd=2.13m/s end=collision t=  187.7s
[TRAIN][PPO] ep=033/500 r=  265.37 avg10=   98.83 steps=1092 succ10=0.00 touch10=0.00 col10=0.90 to10=0.10 min_d= 1.35 avg_spd=2.10m/s end=collision t=  197.3s ckpt=best
[TRAIN][PPO] ep=034/500 r=   66.81 avg10=   98.35 steps= 357 succ10=0.00 touch10=0.00 col10=0.90 to10=0.10 min_d= 2.99 avg_spd=2.11m/s end=collision t=  200.5s
[TRAIN][PPO] ep=035/500 r=   64.95 avg10=   97.52 steps= 352 succ10=0.00 touch10=0.00 col10=0.90 to10=0.10 min_d= 3.05 avg_spd=2.08m/s end=collision t=  203.7s
[TRAIN][PPO] ep=036/500 r=   69.33 avg10=   97.48 steps= 357 succ10=0.00 touch10=0.00 col10=0.90 to10=0.10 min_d= 3.01 avg_spd=2.11m/s end=collision t=  207.3s
[TRAIN][PPO] ep=037/500 r=   76.29 avg10=  106.64 steps= 369 succ10=0.00 touch10=0.00 col10=1.00 to10=0.00 min_d= 2.99 avg_spd=2.20m/s end=collision t=  210.5s
[TRAIN][PPO] ep=038/500 r=   77.04 avg10=  106.92 steps= 374 succ10=0.00 touch10=0.00 col10=1.00 to10=0.00 min_d= 3.03 avg_spd=2.13m/s end=collision t=  213.8s
[TRAIN][PPO] ep=039/500 r=   60.96 avg10=  106.03 steps= 347 succ10=0.00 touch10=0.00 col10=1.00 to10=0.00 min_d= 3.07 avg_spd=2.01m/s end=collision t=  216.9s
[TRAIN][PPO] ep=040/500 r=  265.48 avg10=  125.12 steps=1085 succ10=0.00 touch10=0.00 col10=1.00 to10=0.00 min_d= 1.35 avg_spd=2.15m/s end=collision t=  226.9s ckpt=best
[TRAIN][PPO] ep=041/500 r=   75.42 avg10=  125.77 steps= 365 succ10=0.00 touch10=0.00 col10=1.00 to10=0.00 min_d= 3.00 avg_spd=2.17m/s end=collision t=  230.2s
[TRAIN][PPO] ep=042/500 r=   66.99 avg10=  108.86 steps= 355 succ10=0.00 touch10=0.00 col10=1.00 to10=0.00 min_d= 3.05 avg_spd=2.09m/s end=collision t=  233.4s
[TRAIN][PPO] ep=043/500 r=   73.17 avg10=   89.64 steps= 374 succ10=0.00 touch10=0.00 col10=1.00 to10=0.00 min_d= 3.03 avg_spd=2.11m/s end=collision t=  236.8s
[TRAIN][PPO] ep=044/500 r=   66.32 avg10=   89.60 steps= 351 succ10=0.00 touch10=0.00 col10=1.00 to10=0.00 min_d= 3.04 avg_spd=2.13m/s end=collision t=  240.4s
[TRAIN][PPO] ep=045/500 r=   78.04 avg10=   90.90 steps= 371 succ10=0.00 touch10=0.00 col10=1.00 to10=0.00 min_d= 2.99 avg_spd=2.15m/s end=collision t=  243.7s
[TRAIN][PPO] ep=046/500 r=   65.99 avg10=   90.57 steps= 351 succ10=0.00 touch10=0.00 col10=1.00 to10=0.00 min_d= 3.03 avg_spd=2.05m/s end=collision t=  246.8s
[TRAIN][PPO] ep=047/500 r=  266.85 avg10=  109.63 steps=1081 succ10=0.00 touch10=0.00 col10=1.00 to10=0.00 min_d= 1.37 avg_spd=2.14m/s end=collision t=  256.2s ckpt=best
[TRAIN][PPO] ep=048/500 r=  269.19 avg10=  128.84 steps=1071 succ10=0.00 touch10=0.00 col10=1.00 to10=0.00 min_d= 1.42 avg_spd=2.12m/s end=collision t=  266.2s ckpt=best
[TRAIN][PPO] ep=049/500 r=  244.17 avg10=  147.16 steps=1074 succ10=0.00 touch10=0.00 col10=1.00 to10=0.00 min_d= 1.40 avg_spd=2.14m/s end=collision t=  275.5s
[TRAIN][PPO] ep=050/500 r=   77.66 avg10=  128.38 steps= 372 succ10=0.00 touch10=0.00 col10=1.00 to10=0.00 min_d= 3.02 avg_spd=2.16m/s end=collision t=  278.7s
[TRAIN][PPO] ep=051/500 r=   73.87 avg10=  128.23 steps= 366 succ10=0.00 touch10=0.00 col10=1.00 to10=0.00 min_d= 3.04 avg_spd=2.13m/s end=collision t=  282.0s
[TRAIN][PPO] ep=052/500 r=   73.71 avg10=  128.90 steps= 377 succ10=0.00 touch10=0.00 col10=1.00 to10=0.00 min_d= 3.03 avg_spd=2.11m/s end=collision t=  285.8s
[TRAIN][PPO] ep=053/500 r=   64.92 avg10=  128.07 steps= 346 succ10=0.00 touch10=0.00 col10=1.00 to10=0.00 min_d= 3.02 avg_spd=2.09m/s end=collision t=  288.8s
[TRAIN][PPO] ep=054/500 r=   72.19 avg10=  128.66 steps= 364 succ10=0.00 touch10=0.00 col10=1.00 to10=0.00 min_d= 2.99 avg_spd=2.11m/s end=collision t=  292.0s
[TRAIN][PPO] ep=055/500 r=   77.23 avg10=  128.58 steps= 372 succ10=0.00 touch10=0.00 col10=1.00 to10=0.00 min_d= 3.03 avg_spd=2.15m/s end=collision t=  295.3s
[TRAIN][PPO] ep=056/500 r=   73.55 avg10=  129.33 steps= 361 succ10=0.00 touch10=0.00 col10=1.00 to10=0.00 min_d= 2.99 avg_spd=2.13m/s end=collision t=  298.8s
[TRAIN][PPO] ep=057/500 r=   67.22 avg10=  109.37 steps= 349 succ10=0.00 touch10=0.00 col10=1.00 to10=0.00 min_d= 2.98 avg_spd=2.10m/s end=collision t=  302.0s
[TRAIN][PPO] ep=058/500 r=   74.23 avg10=   89.87 steps= 365 succ10=0.00 touch10=0.00 col10=1.00 to10=0.00 min_d= 2.98 avg_spd=2.13m/s end=collision t=  305.2s
[TRAIN][PPO] ep=059/500 r=   72.73 avg10=   72.73 steps= 360 succ10=0.00 touch10=0.00 col10=1.00 to10=0.00 min_d= 3.03 avg_spd=2.16m/s end=collision t=  308.5s
[TRAIN][PPO] ep=060/500 r=   71.82 avg10=   72.15 steps= 360 succ10=0.00 touch10=0.00 col10=1.00 to10=0.00 min_d= 3.00 avg_spd=2.10m/s end=collision t=  312.0s
[TRAIN][PPO] ep=061/500 r=   73.69 avg10=   72.13 steps= 365 succ10=0.00 touch10=0.00 col10=1.00 to10=0.00 min_d= 3.05 avg_spd=2.15m/s end=collision t=  315.2s
[TRAIN][PPO] ep=062/500 r=   76.03 avg10=   72.36 steps= 367 succ10=0.00 touch10=0.00 col10=1.00 to10=0.00 min_d= 3.01 avg_spd=2.16m/s end=collision t=  318.4s
[TRAIN][PPO] ep=063/500 r=  245.53 avg10=   90.42 steps=1070 succ10=0.00 touch10=0.00 col10=1.00 to10=0.00 min_d= 1.43 avg_spd=2.10m/s end=collision t=  327.8s
[TRAIN][PPO] ep=064/500 r=   73.25 avg10=   90.53 steps= 375 succ10=0.00 touch10=0.00 col10=1.00 to10=0.00 min_d= 2.96 avg_spd=2.11m/s end=collision t=  331.7s
[TRAIN][PPO] ep=065/500 r=  -44.04 avg10=   78.40 steps=  22 succ10=0.00 touch10=0.00 col10=1.00 to10=0.00 min_d= 3.85 avg_spd=1.92m/s end=collision t=  332.0s
[TRAIN][PPO] ep=066/500 r=   72.06 avg10=   78.25 steps= 371 succ10=0.00 touch10=0.00 col10=1.00 to10=0.00 min_d= 2.99 avg_spd=2.09m/s end=collision t=  335.2s
[TRAIN][PPO] ep=067/500 r=   72.27 avg10=   78.76 steps= 363 succ10=0.00 touch10=0.00 col10=1.00 to10=0.00 min_d= 3.01 avg_spd=2.10m/s end=collision t=  338.5s
[TRAIN][PPO] ep=068/500 r=   69.88 avg10=   78.32 steps= 357 succ10=0.00 touch10=0.00 col10=1.00 to10=0.00 min_d= 3.06 avg_spd=2.08m/s end=collision t=  341.9s
[TRAIN][PPO] ep=069/500 r=   76.06 avg10=   78.65 steps= 380 succ10=0.00 touch10=0.00 col10=1.00 to10=0.00 min_d= 2.96 avg_spd=2.12m/s end=collision t=  345.3s
[TRAIN][PPO] ep=070/500 r=   74.14 avg10=   78.89 steps= 365 succ10=0.00 touch10=0.00 col10=1.00 to10=0.00 min_d= 3.01 avg_spd=2.13m/s end=collision t=  348.6s
[TRAIN][PPO] ep=071/500 r=   74.42 avg10=   78.96 steps= 363 succ10=0.00 touch10=0.00 col10=1.00 to10=0.00 min_d= 3.03 avg_spd=2.16m/s end=collision t=  351.8s
[TRAIN][PPO] ep=072/500 r=   76.15 avg10=   78.97 steps= 373 succ10=0.00 touch10=0.00 col10=1.00 to10=0.00 min_d= 3.03 avg_spd=2.16m/s end=collision t=  355.3s
[TRAIN][PPO] ep=073/500 r=   75.09 avg10=   61.93 steps= 369 succ10=0.00 touch10=0.00 col10=1.00 to10=0.00 min_d= 3.06 avg_spd=2.13m/s end=collision t=  358.6s
[TRAIN][PPO] ep=074/500 r=   77.08 avg10=   62.31 steps= 369 succ10=0.00 touch10=0.00 col10=1.00 to10=0.00 min_d= 3.01 avg_spd=2.17m/s end=collision t=  361.9s
[TRAIN][PPO] ep=075/500 r=   69.39 avg10=   73.65 steps= 361 succ10=0.00 touch10=0.00 col10=1.00 to10=0.00 min_d= 2.98 avg_spd=2.07m/s end=collision t=  365.1s
[TRAIN][PPO] ep=076/500 r=   73.56 avg10=   73.80 steps= 361 succ10=0.00 touch10=0.00 col10=1.00 to10=0.00 min_d= 2.94 avg_spd=2.15m/s end=collision t=  368.7s
[TRAIN][PPO] ep=077/500 r=   76.44 avg10=   74.22 steps= 368 succ10=0.00 touch10=0.00 col10=1.00 to10=0.00 min_d= 2.96 avg_spd=2.14m/s end=collision t=  372.0s
[TRAIN][PPO] ep=078/500 r=  258.91 avg10=   93.12 steps=1071 succ10=0.00 touch10=0.00 col10=1.00 to10=0.00 min_d= 1.44 avg_spd=2.11m/s end=collision t=  381.6s
[TRAIN][PPO] ep=079/500 r=   73.37 avg10=   92.85 steps= 366 succ10=0.00 touch10=0.00 col10=1.00 to10=0.00 min_d= 2.99 avg_spd=2.10m/s end=collision t=  384.7s
[TRAIN][PPO] ep=080/500 r=   79.22 avg10=   93.36 steps= 374 succ10=0.00 touch10=0.00 col10=1.00 to10=0.00 min_d= 2.96 avg_spd=2.18m/s end=collision t=  388.3s
[TRAIN][PPO] ep=081/500 r=   78.06 avg10=   93.73 steps= 373 succ10=0.00 touch10=0.00 col10=1.00 to10=0.00 min_d= 2.99 avg_spd=2.17m/s end=collision t=  391.6s
[TRAIN][PPO] ep=082/500 r=   77.72 avg10=   93.88 steps= 372 succ10=0.00 touch10=0.00 col10=1.00 to10=0.00 min_d= 3.01 avg_spd=2.19m/s end=collision t=  394.7s
[TRAIN][PPO] ep=083/500 r=   69.09 avg10=   93.28 steps= 362 succ10=0.00 touch10=0.00 col10=1.00 to10=0.00 min_d= 2.96 avg_spd=2.11m/s end=collision t=  397.9s
[TRAIN][PPO] ep=084/500 r=   78.83 avg10=   93.46 steps= 374 succ10=0.00 touch10=0.00 col10=1.00 to10=0.00 min_d= 2.97 avg_spd=2.15m/s end=collision t=  401.4s
[TRAIN][PPO] ep=085/500 r=   73.15 avg10=   93.84 steps= 362 succ10=0.00 touch10=0.00 col10=1.00 to10=0.00 min_d= 2.96 avg_spd=2.12m/s end=collision t=  404.6s
[TRAIN][PPO] ep=086/500 r=   76.09 avg10=   94.09 steps= 369 succ10=0.00 touch10=0.00 col10=1.00 to10=0.00 min_d= 3.00 avg_spd=2.16m/s end=collision t=  407.7s
[TRAIN][PPO] ep=087/500 r=   73.92 avg10=   93.84 steps= 362 succ10=0.00 touch10=0.00 col10=1.00 to10=0.00 min_d= 2.94 avg_spd=2.14m/s end=collision t=  410.9s
[TRAIN][PPO] ep=088/500 r=   70.47 avg10=   74.99 steps= 355 succ10=0.00 touch10=0.00 col10=1.00 to10=0.00 min_d= 2.97 avg_spd=2.12m/s end=collision t=  414.3s
[TRAIN][PPO] ep=089/500 r=   73.93 avg10=   75.05 steps= 362 succ10=0.00 touch10=0.00 col10=1.00 to10=0.00 min_d= 3.00 avg_spd=2.14m/s end=collision t=  417.5s
[TRAIN][PPO] ep=090/500 r=   75.54 avg10=   74.68 steps= 365 succ10=0.00 touch10=0.00 col10=1.00 to10=0.00 min_d= 2.97 avg_spd=2.18m/s end=collision t=  420.9s
[TRAIN][PPO] ep=091/500 r=   77.13 avg10=   74.59 steps= 369 succ10=0.00 touch10=0.00 col10=1.00 to10=0.00 min_d= 2.96 avg_spd=2.17m/s end=collision t=  424.4s
[TRAIN][PPO] ep=092/500 r=   74.13 avg10=   74.23 steps= 364 succ10=0.00 touch10=0.00 col10=1.00 to10=0.00 min_d= 3.03 avg_spd=2.14m/s end=collision t=  428.0s
[TRAIN][PPO] ep=093/500 r=   75.67 avg10=   74.89 steps= 379 succ10=0.00 touch10=0.00 col10=1.00 to10=0.00 min_d= 2.92 avg_spd=2.13m/s end=collision t=  431.4s
[TRAIN][PPO] ep=094/500 r=   72.26 avg10=   74.23 steps= 361 succ10=0.00 touch10=0.00 col10=1.00 to10=0.00 min_d= 2.99 avg_spd=2.10m/s end=collision t=  434.7s
[TRAIN][PPO] ep=095/500 r=   71.62 avg10=   74.08 steps= 363 succ10=0.00 touch10=0.00 col10=1.00 to10=0.00 min_d= 2.98 avg_spd=2.08m/s end=collision t=  438.0s
[TRAIN][PPO] ep=096/500 r=   74.87 avg10=   73.95 steps= 364 succ10=0.00 touch10=0.00 col10=1.00 to10=0.00 min_d= 2.98 avg_spd=2.13m/s end=collision t=  441.8s
[TRAIN][PPO] ep=097/500 r=   73.87 avg10=   73.95 steps= 360 succ10=0.00 touch10=0.00 col10=1.00 to10=0.00 min_d= 2.94 avg_spd=2.16m/s end=collision t=  445.0s
[TRAIN][PPO] ep=098/500 r=   73.46 avg10=   74.25 steps= 364 succ10=0.00 touch10=0.00 col10=1.00 to10=0.00 min_d= 3.01 avg_spd=2.15m/s end=collision t=  448.4s
[TRAIN][PPO] ep=099/500 r=   76.93 avg10=   74.55 steps= 375 succ10=0.00 touch10=0.00 col10=1.00 to10=0.00 min_d= 3.03 avg_spd=2.15m/s end=collision t=  451.8s
[TRAIN][PPO] ep=100/500 r=   74.93 avg10=   74.49 steps= 366 succ10=0.00 touch10=0.00 col10=1.00 to10=0.00 min_d= 2.95 avg_spd=2.11m/s end=collision t=  455.3s ckpt=latest
[TRAIN][PPO] ep=101/500 r=   70.97 avg10=   73.87 steps= 358 succ10=0.00 touch10=0.00 col10=1.00 to10=0.00 min_d= 3.03 avg_spd=2.08m/s end=collision t=  458.4s
[TRAIN][PPO] ep=102/500 r=   73.96 avg10=   73.85 steps= 364 succ10=0.00 touch10=0.00 col10=1.00 to10=0.00 min_d= 3.02 avg_spd=2.14m/s end=collision t=  461.6s
[TRAIN][PPO] ep=103/500 r=   74.47 avg10=   73.73 steps= 383 succ10=0.00 touch10=0.00 col10=1.00 to10=0.00 min_d= 3.00 avg_spd=2.14m/s end=collision t=  465.0s
[TRAIN][PPO] ep=104/500 r=  266.51 avg10=   93.16 steps=1073 succ10=0.00 touch10=0.00 col10=1.00 to10=0.00 min_d= 1.39 avg_spd=2.14m/s end=collision t=  475.0s
[TRAIN][PPO] ep=105/500 r=   72.81 avg10=   93.28 steps= 364 succ10=0.00 touch10=0.00 col10=1.00 to10=0.00 min_d= 3.00 avg_spd=2.13m/s end=collision t=  478.2s
[TRAIN][PPO] ep=106/500 r=   76.77 avg10=   93.47 steps= 368 succ10=0.00 touch10=0.00 col10=1.00 to10=0.00 min_d= 2.99 avg_spd=2.17m/s end=collision t=  481.6s
[TRAIN][PPO] ep=107/500 r=  253.00 avg10=  111.38 steps=1084 succ10=0.00 touch10=0.00 col10=1.00 to10=0.00 min_d= 1.35 avg_spd=2.13m/s end=collision t=  491.2s
[TRAIN][PPO] ep=108/500 r=  210.05 avg10=  125.04 steps= 975 succ10=0.00 touch10=0.00 col10=1.00 to10=0.00 min_d= 1.78 avg_spd=2.09m/s end=collision t=  500.5s
[TRAIN][PPO] ep=109/500 r=   73.98 avg10=  124.74 steps= 365 succ10=0.00 touch10=0.00 col10=1.00 to10=0.00 min_d= 2.98 avg_spd=2.12m/s end=collision t=  503.8s
[TRAIN][PPO] ep=110/500 r=   76.51 avg10=  124.90 steps= 372 succ10=0.00 touch10=0.00 col10=1.00 to10=0.00 min_d= 3.03 avg_spd=2.14m/s end=collision t=  507.1s
[TRAIN][PPO] ep=111/500 r=  256.91 avg10=  143.50 steps=1087 succ10=0.00 touch10=0.00 col10=1.00 to10=0.00 min_d= 1.46 avg_spd=2.12m/s end=collision t=  516.9s
[TRAIN][PPO] ep=112/500 r=   77.24 avg10=  143.82 steps= 376 succ10=0.00 touch10=0.00 col10=1.00 to10=0.00 min_d= 2.99 avg_spd=2.14m/s end=collision t=  520.8s
[TRAIN][PPO] ep=113/500 r=   74.30 avg10=  143.81 steps= 379 succ10=0.00 touch10=0.00 col10=1.00 to10=0.00 min_d= 2.97 avg_spd=2.13m/s end=collision t=  524.1s
[TRAIN][PPO] ep=114/500 r=   69.95 avg10=  124.15 steps= 364 succ10=0.00 touch10=0.00 col10=1.00 to10=0.00 min_d= 3.00 avg_spd=2.06m/s end=collision t=  527.4s
[TRAIN][PPO] ep=115/500 r=   75.34 avg10=  124.40 steps= 367 succ10=0.00 touch10=0.00 col10=1.00 to10=0.00 min_d= 2.98 avg_spd=2.11m/s end=collision t=  530.6s
[TRAIN][PPO] ep=116/500 r=   71.08 avg10=  123.84 steps= 362 succ10=0.00 touch10=0.00 col10=1.00 to10=0.00 min_d= 2.99 avg_spd=2.07m/s end=collision t=  534.2s
[TRAIN][PPO] ep=117/500 r=  -37.71 avg10=   94.77 steps=  41 succ10=0.00 touch10=0.00 col10=1.00 to10=0.00 min_d= 3.82 avg_spd=2.02m/s end=collision t=  534.6s
[TRAIN][PPO] ep=118/500 r=   69.83 avg10=   80.74 steps= 360 succ10=0.00 touch10=0.00 col10=1.00 to10=0.00 min_d= 3.01 avg_spd=2.10m/s end=collision t=  538.1s
[TRAIN][PPO] ep=119/500 r=   71.45 avg10=   80.49 steps= 381 succ10=0.00 touch10=0.00 col10=1.00 to10=0.00 min_d= 3.02 avg_spd=2.08m/s end=collision t=  541.7s
[TRAIN][PPO] ep=120/500 r=   72.39 avg10=   80.08 steps= 370 succ10=0.00 touch10=0.00 col10=1.00 to10=0.00 min_d= 3.04 avg_spd=2.10m/s end=collision t=  545.3s
[TRAIN][PPO] ep=121/500 r=   76.17 avg10=   62.00 steps= 368 succ10=0.00 touch10=0.00 col10=1.00 to10=0.00 min_d= 2.97 avg_spd=2.15m/s end=collision t=  548.7s
[TRAIN][PPO] ep=122/500 r=   63.10 avg10=   60.59 steps= 344 succ10=0.00 touch10=0.00 col10=1.00 to10=0.00 min_d= 3.02 avg_spd=2.08m/s end=collision t=  551.8s
[TRAIN][PPO] ep=123/500 r=  266.25 avg10=   79.78 steps=1068 succ10=0.00 touch10=0.00 col10=1.00 to10=0.00 min_d= 1.42 avg_spd=2.14m/s end=collision t=  561.4s
[TRAIN][PPO] ep=124/500 r=  259.22 avg10=   98.71 steps=1073 succ10=0.00 touch10=0.00 col10=1.00 to10=0.00 min_d= 1.44 avg_spd=2.15m/s end=collision t=  571.6s
[TRAIN][PPO] ep=125/500 r=   77.10 avg10=   98.89 steps= 371 succ10=0.00 touch10=0.00 col10=1.00 to10=0.00 min_d= 2.98 avg_spd=2.14m/s end=collision t=  575.0s
[TRAIN][PPO] ep=126/500 r=   69.92 avg10=   98.77 steps= 355 succ10=0.00 touch10=0.00 col10=1.00 to10=0.00 min_d= 3.01 avg_spd=2.11m/s end=collision t=  578.3s
[TRAIN][PPO] ep=127/500 r=   72.67 avg10=  109.81 steps= 363 succ10=0.00 touch10=0.00 col10=1.00 to10=0.00 min_d= 2.99 avg_spd=2.14m/s end=collision t=  581.5s
[TRAIN][PPO] ep=128/500 r=   74.73 avg10=  110.30 steps= 367 succ10=0.00 touch10=0.00 col10=1.00 to10=0.00 min_d= 3.02 avg_spd=2.15m/s end=collision t=  585.3s
[TRAIN][PPO] ep=129/500 r=   64.96 avg10=  109.65 steps= 348 succ10=0.00 touch10=0.00 col10=1.00 to10=0.00 min_d= 3.09 avg_spd=2.08m/s end=collision t=  588.5s
[TRAIN][PPO] ep=130/500 r=   74.22 avg10=  109.83 steps= 366 succ10=0.00 touch10=0.00 col10=1.00 to10=0.00 min_d= 3.04 avg_spd=2.12m/s end=collision t=  591.8s
[TRAIN][PPO] ep=131/500 r=   76.24 avg10=  109.84 steps= 376 succ10=0.00 touch10=0.00 col10=1.00 to10=0.00 min_d= 3.04 avg_spd=2.14m/s end=collision t=  595.1s
[TRAIN][PPO] ep=132/500 r=   77.09 avg10=  111.24 steps= 368 succ10=0.00 touch10=0.00 col10=1.00 to10=0.00 min_d= 2.97 avg_spd=2.18m/s end=collision t=  598.8s
[TRAIN][PPO] ep=133/500 r=   76.36 avg10=   92.25 steps= 374 succ10=0.00 touch10=0.00 col10=1.00 to10=0.00 min_d= 2.98 avg_spd=2.11m/s end=collision t=  602.2s
[TRAIN][PPO] ep=134/500 r=   77.83 avg10=   74.11 steps= 370 succ10=0.00 touch10=0.00 col10=1.00 to10=0.00 min_d= 3.01 avg_spd=2.18m/s end=collision t=  605.4s
[TRAIN][PPO] ep=135/500 r=  -42.50 avg10=   62.15 steps=  26 succ10=0.00 touch10=0.00 col10=1.00 to10=0.00 min_d= 3.83 avg_spd=1.96m/s end=collision t=  605.7s
[TRAIN][PPO] ep=136/500 r=  267.27 avg10=   81.89 steps=1074 succ10=0.00 touch10=0.00 col10=1.00 to10=0.00 min_d= 1.45 avg_spd=2.13m/s end=collision t=  615.7s
[TRAIN][PPO] ep=137/500 r=   73.00 avg10=   81.92 steps= 363 succ10=0.00 touch10=0.00 col10=1.00 to10=0.00 min_d= 2.98 avg_spd=2.12m/s end=collision t=  619.0s
[TRAIN][PPO] ep=138/500 r=   71.48 avg10=   81.60 steps= 365 succ10=0.00 touch10=0.00 col10=1.00 to10=0.00 min_d= 3.00 avg_spd=2.06m/s end=collision t=  622.4s
[TRAIN][PPO] ep=139/500 r=   74.67 avg10=   82.57 steps= 367 succ10=0.00 touch10=0.00 col10=1.00 to10=0.00 min_d= 3.00 avg_spd=2.13m/s end=collision t=  625.7s
[TRAIN][PPO] ep=140/500 r=  273.57 avg10=  102.50 steps=1075 succ10=0.00 touch10=0.00 col10=1.00 to10=0.00 min_d= 1.33 avg_spd=2.16m/s end=collision t=  635.7s ckpt=best
[TRAIN][PPO] ep=141/500 r=  266.27 avg10=  121.51 steps=1069 succ10=0.00 touch10=0.00 col10=1.00 to10=0.00 min_d= 1.44 avg_spd=2.13m/s end=collision t=  645.3s
[TRAIN][PPO] ep=142/500 r=   78.85 avg10=  121.68 steps= 374 succ10=0.00 touch10=0.00 col10=1.00 to10=0.00 min_d= 3.01 avg_spd=2.17m/s end=collision t=  648.6s
[TRAIN][PPO] ep=143/500 r=   73.01 avg10=  121.35 steps= 361 succ10=0.00 touch10=0.00 col10=1.00 to10=0.00 min_d= 2.97 avg_spd=2.11m/s end=collision t=  651.8s
[TRAIN][PPO] ep=144/500 r=   74.14 avg10=  120.98 steps= 365 succ10=0.00 touch10=0.00 col10=1.00 to10=0.00 min_d= 2.99 avg_spd=2.13m/s end=collision t=  655.4s
[TRAIN][PPO] ep=145/500 r=  250.07 avg10=  150.23 steps=1084 succ10=0.00 touch10=0.00 col10=1.00 to10=0.00 min_d= 1.47 avg_spd=2.12m/s end=collision t=  664.9s
[TRAIN][PPO] ep=146/500 r=   58.64 avg10=  129.37 steps= 335 succ10=0.00 touch10=0.00 col10=1.00 to10=0.00 min_d= 3.08 avg_spd=2.08m/s end=collision t=  667.8s
[TRAIN][PPO] ep=147/500 r=  264.61 avg10=  148.53 steps=1070 succ10=0.00 touch10=0.00 col10=1.00 to10=0.00 min_d= 1.43 avg_spd=2.14m/s end=collision t=  677.3s
[TRAIN][PPO] ep=148/500 r=   73.56 avg10=  148.74 steps= 366 succ10=0.00 touch10=0.00 col10=1.00 to10=0.00 min_d= 2.95 avg_spd=2.08m/s end=collision t=  681.1s
[TRAIN][PPO] ep=149/500 r=  249.12 avg10=  166.18 steps=1073 succ10=0.00 touch10=0.00 col10=1.00 to10=0.00 min_d= 1.39 avg_spd=2.10m/s end=collision t=  690.6s
[TRAIN][PPO] ep=150/500 r=   76.37 avg10=  146.46 steps= 378 succ10=0.00 touch10=0.00 col10=1.00 to10=0.00 min_d= 3.02 avg_spd=2.13m/s end=collision t=  694.0s
[TRAIN][PPO] ep=151/500 r=   62.90 avg10=  126.13 steps= 348 succ10=0.00 touch10=0.00 col10=1.00 to10=0.00 min_d= 3.04 avg_spd=2.02m/s end=collision t=  697.1s
[TRAIN][PPO] ep=152/500 r=  270.24 avg10=  145.27 steps=1075 succ10=0.00 touch10=0.00 col10=1.00 to10=0.00 min_d= 1.35 avg_spd=2.08m/s end=collision t=  707.5s
[TRAIN][PPO] ep=153/500 r=   75.55 avg10=  145.52 steps= 371 succ10=0.00 touch10=0.00 col10=1.00 to10=0.00 min_d= 3.02 avg_spd=2.16m/s end=collision t=  710.9s
[TRAIN][PPO] ep=154/500 r=   77.43 avg10=  145.85 steps= 377 succ10=0.00 touch10=0.00 col10=1.00 to10=0.00 min_d= 3.00 avg_spd=2.18m/s end=collision t=  714.3s
[TRAIN][PPO] ep=155/500 r=   77.75 avg10=  128.62 steps= 372 succ10=0.00 touch10=0.00 col10=1.00 to10=0.00 min_d= 2.98 avg_spd=2.16m/s end=collision t=  717.6s
[TRAIN][PPO] ep=156/500 r=   72.96 avg10=  130.05 steps= 370 succ10=0.00 touch10=0.00 col10=1.00 to10=0.00 min_d= 3.00 avg_spd=2.11m/s end=collision t=  721.2s
[TRAIN][PPO] ep=157/500 r=   71.69 avg10=  110.76 steps= 359 succ10=0.00 touch10=0.00 col10=1.00 to10=0.00 min_d= 3.03 avg_spd=2.14m/s end=collision t=  724.5s
[TRAIN][PPO] ep=158/500 r=  255.46 avg10=  128.95 steps=1085 succ10=0.00 touch10=0.00 col10=1.00 to10=0.00 min_d= 1.35 avg_spd=2.08m/s end=collision t=  734.0s
[TRAIN][PPO] ep=159/500 r=  273.88 avg10=  131.42 steps=1066 succ10=0.00 touch10=0.00 col10=1.00 to10=0.00 min_d= 1.32 avg_spd=2.10m/s end=collision t=  743.0s ckpt=best
[TRAIN][PPO] ep=160/500 r=   74.21 avg10=  131.21 steps= 366 succ10=0.00 touch10=0.00 col10=1.00 to10=0.00 min_d= 3.01 avg_spd=2.15m/s end=collision t=  746.8s
[TRAIN][PPO] ep=161/500 r=   72.63 avg10=  132.18 steps= 364 succ10=0.00 touch10=0.00 col10=1.00 to10=0.00 min_d= 3.01 avg_spd=2.06m/s end=collision t=  750.0s
[TRAIN][PPO] ep=162/500 r=   74.50 avg10=  112.61 steps= 365 succ10=0.00 touch10=0.00 col10=1.00 to10=0.00 min_d= 3.00 avg_spd=2.18m/s end=collision t=  753.3s
[TRAIN][PPO] ep=163/500 r=   74.38 avg10=  112.49 steps= 374 succ10=0.00 touch10=0.00 col10=1.00 to10=0.00 min_d= 3.01 avg_spd=2.13m/s end=collision t=  756.7s
[TRAIN][PPO] ep=164/500 r=   72.84 avg10=  112.03 steps= 363 succ10=0.00 touch10=0.00 col10=1.00 to10=0.00 min_d= 3.03 avg_spd=2.11m/s end=collision t=  760.3s
[TRAIN][PPO] ep=165/500 r=   74.67 avg10=  111.72 steps= 376 succ10=0.00 touch10=0.00 col10=1.00 to10=0.00 min_d= 2.92 avg_spd=2.12m/s end=collision t=  763.7s
[TRAIN][PPO] ep=166/500 r=  246.11 avg10=  129.04 steps=1070 succ10=0.00 touch10=0.00 col10=1.00 to10=0.00 min_d= 1.41 avg_spd=2.10m/s end=collision t=  773.1s
[TRAIN][PPO] ep=167/500 r=  262.08 avg10=  148.07 steps=1072 succ10=0.00 touch10=0.00 col10=1.00 to10=0.00 min_d= 1.44 avg_spd=2.11m/s end=collision t=  782.6s
[TRAIN][PPO] ep=168/500 r=   72.66 avg10=  129.79 steps= 366 succ10=0.00 touch10=0.00 col10=1.00 to10=0.00 min_d= 3.00 avg_spd=2.10m/s end=collision t=  787.0s
[TRAIN][PPO] ep=169/500 r=   74.76 avg10=  109.88 steps= 367 succ10=0.00 touch10=0.00 col10=1.00 to10=0.00 min_d= 3.02 avg_spd=2.17m/s end=collision t=  790.1s
[TRAIN][PPO] ep=170/500 r=  259.90 avg10=  128.45 steps=1075 succ10=0.00 touch10=0.00 col10=1.00 to10=0.00 min_d= 1.44 avg_spd=2.12m/s end=collision t=  799.2s
[TRAIN][PPO] ep=171/500 r=   77.03 avg10=  128.89 steps= 369 succ10=0.00 touch10=0.00 col10=1.00 to10=0.00 min_d= 3.00 avg_spd=2.16m/s end=collision t=  802.5s
[TRAIN][PPO] ep=172/500 r=   67.43 avg10=  128.19 steps= 354 succ10=0.00 touch10=0.00 col10=1.00 to10=0.00 min_d= 3.06 avg_spd=2.09m/s end=collision t=  806.2s
[TRAIN][PPO] ep=173/500 r=   69.70 avg10=  127.72 steps= 358 succ10=0.00 touch10=0.00 col10=1.00 to10=0.00 min_d= 2.97 avg_spd=2.08m/s end=collision t=  809.4s
[TRAIN][PPO] ep=174/500 r=   71.25 avg10=  127.56 steps= 361 succ10=0.00 touch10=0.00 col10=1.00 to10=0.00 min_d= 2.97 avg_spd=2.06m/s end=collision t=  812.6s
[TRAIN][PPO] ep=175/500 r=  272.24 avg10=  147.31 steps=1070 succ10=0.00 touch10=0.00 col10=1.00 to10=0.00 min_d= 1.41 avg_spd=2.13m/s end=collision t=  822.0s
[TRAIN][PPO] ep=176/500 r=   70.35 avg10=  129.74 steps= 371 succ10=0.00 touch10=0.00 col10=1.00 to10=0.00 min_d= 3.03 avg_spd=2.09m/s end=collision t=  825.8s
[TRAIN][PPO] ep=177/500 r=   80.93 avg10=  111.62 steps= 384 succ10=0.00 touch10=0.00 col10=1.00 to10=0.00 min_d= 2.99 avg_spd=2.13m/s end=collision t=  829.2s
[TRAIN][PPO] ep=178/500 r=   68.04 avg10=  111.16 steps= 356 succ10=0.00 touch10=0.00 col10=1.00 to10=0.00 min_d= 3.02 avg_spd=2.07m/s end=collision t=  832.3s
[TRAIN][PPO] ep=179/500 r=   72.22 avg10=  110.91 steps= 362 succ10=0.00 touch10=0.00 col10=1.00 to10=0.00 min_d= 3.03 avg_spd=2.10m/s end=collision t=  835.7s
[TRAIN][PPO] ep=180/500 r=   75.37 avg10=   92.45 steps= 367 succ10=0.00 touch10=0.00 col10=1.00 to10=0.00 min_d= 2.99 avg_spd=2.12m/s end=collision t=  839.1s
[TRAIN][PPO] ep=181/500 r=  258.93 avg10=  110.64 steps=1079 succ10=0.00 touch10=0.00 col10=1.00 to10=0.00 min_d= 1.37 avg_spd=2.13m/s end=collision t=  848.9s
[TRAIN][PPO] ep=182/500 r=   68.49 avg10=  110.75 steps= 368 succ10=0.00 touch10=0.00 col10=1.00 to10=0.00 min_d= 2.98 avg_spd=2.14m/s end=collision t=  852.1s
[TRAIN][PPO] ep=183/500 r=   76.07 avg10=  111.39 steps= 370 succ10=0.00 touch10=0.00 col10=1.00 to10=0.00 min_d= 3.01 avg_spd=2.15m/s end=collision t=  855.4s
[TRAIN][PPO] ep=184/500 r=  247.83 avg10=  129.05 steps=1078 succ10=0.00 touch10=0.00 col10=1.00 to10=0.00 min_d= 1.46 avg_spd=2.09m/s end=collision t=  865.7s
[TRAIN][PPO] ep=185/500 r=   76.33 avg10=  109.46 steps= 370 succ10=0.00 touch10=0.00 col10=1.00 to10=0.00 min_d= 3.00 avg_spd=2.14m/s end=collision t=  869.0s
[TRAIN][PPO] ep=186/500 r=  256.49 avg10=  128.07 steps=1081 succ10=0.00 touch10=0.00 col10=1.00 to10=0.00 min_d= 1.36 avg_spd=2.14m/s end=collision t=  878.6s
[TRAIN][PPO] ep=187/500 r=  216.69 avg10=  141.65 steps= 979 succ10=0.00 touch10=0.00 col10=1.00 to10=0.00 min_d= 1.78 avg_spd=2.12m/s end=collision t=  887.3s
[TRAIN][PPO] ep=188/500 r=   66.89 avg10=  141.53 steps= 355 succ10=0.00 touch10=0.00 col10=1.00 to10=0.00 min_d= 3.06 avg_spd=2.05m/s end=collision t=  891.0s
[TRAIN][PPO] ep=189/500 r=  260.68 avg10=  160.38 steps=1157 succ10=0.00 touch10=0.00 col10=1.00 to10=0.00 min_d= 1.37 avg_spd=2.08m/s end=collision t=  901.3s
[TRAIN][PPO] ep=190/500 r=   76.64 avg10=  160.50 steps= 376 succ10=0.00 touch10=0.00 col10=1.00 to10=0.00 min_d= 2.97 avg_spd=2.15m/s end=collision t=  904.6s
[TRAIN][PPO] ep=191/500 r=   72.51 avg10=  141.86 steps= 363 succ10=0.00 touch10=0.00 col10=1.00 to10=0.00 min_d= 3.00 avg_spd=2.09m/s end=collision t=  907.8s
[TRAIN][PPO] ep=192/500 r=   75.19 avg10=  142.53 steps= 369 succ10=0.00 touch10=0.00 col10=1.00 to10=0.00 min_d= 3.01 avg_spd=2.15m/s end=collision t=  911.7s
[TRAIN][PPO] ep=193/500 r=   75.49 avg10=  142.47 steps= 371 succ10=0.00 touch10=0.00 col10=1.00 to10=0.00 min_d= 3.01 avg_spd=2.13m/s end=collision t=  915.1s
[TRAIN][PPO] ep=194/500 r=   71.50 avg10=  124.84 steps= 363 succ10=0.00 touch10=0.00 col10=1.00 to10=0.00 min_d= 3.00 avg_spd=2.07m/s end=collision t=  918.4s
[TRAIN][PPO] ep=195/500 r=   76.90 avg10=  124.90 steps= 371 succ10=0.00 touch10=0.00 col10=1.00 to10=0.00 min_d= 2.99 avg_spd=2.11m/s end=collision t=  921.7s
[TRAIN][PPO] ep=196/500 r=   77.87 avg10=  107.04 steps= 373 succ10=0.00 touch10=0.00 col10=1.00 to10=0.00 min_d= 3.00 avg_spd=2.15m/s end=collision t=  925.4s
[TRAIN][PPO] ep=197/500 r=   72.89 avg10=   92.66 steps= 365 succ10=0.00 touch10=0.00 col10=1.00 to10=0.00 min_d= 2.99 avg_spd=2.08m/s end=collision t=  928.7s
[TRAIN][PPO] ep=198/500 r=  265.82 avg10=  112.55 steps=1075 succ10=0.00 touch10=0.00 col10=1.00 to10=0.00 min_d= 1.45 avg_spd=2.12m/s end=collision t=  938.3s
[TRAIN][PPO] ep=199/500 r=  268.04 avg10=  113.29 steps=1072 succ10=0.00 touch10=0.00 col10=1.00 to10=0.00 min_d= 1.39 avg_spd=2.12m/s end=collision t=  947.7s
[TRAIN][PPO] ep=200/500 r=  202.82 avg10=  125.90 steps= 980 succ10=0.00 touch10=0.00 col10=1.00 to10=0.00 min_d= 1.80 avg_spd=2.09m/s end=collision t=  957.2s ckpt=latest
[TRAIN][PPO] ep=201/500 r=   74.99 avg10=  126.15 steps= 379 succ10=0.00 touch10=0.00 col10=1.00 to10=0.00 min_d= 3.01 avg_spd=2.13m/s end=collision t=  960.6s
[TRAIN][PPO] ep=202/500 r=   61.89 avg10=  124.82 steps= 349 succ10=0.00 touch10=0.00 col10=1.00 to10=0.00 min_d= 3.09 avg_spd=2.02m/s end=collision t=  963.7s
[TRAIN][PPO] ep=203/500 r=   72.35 avg10=  124.51 steps= 377 succ10=0.00 touch10=0.00 col10=1.00 to10=0.00 min_d= 2.96 avg_spd=2.08m/s end=collision t=  967.1s
[TRAIN][PPO] ep=204/500 r=  574.23 avg10=  174.78 steps=1572 succ10=0.10 touch10=0.10 col10=0.90 to10=0.00 min_d= 0.30 avg_spd=2.07m/s end=goal t=  981.5s ckpt=best_goal
[TRAIN][PPO] ep=205/500 r=  -43.95 avg10=  162.70 steps=  24 succ10=0.10 touch10=0.10 col10=0.90 to10=0.00 min_d= 3.84 avg_spd=2.11m/s end=collision t=  981.8s
[TRAIN][PPO] ep=206/500 r=  177.48 avg10=  172.66 steps= 855 succ10=0.10 touch10=0.10 col10=0.90 to10=0.00 min_d= 2.05 avg_spd=2.09m/s end=collision t=  989.4s
[TRAIN][PPO] ep=207/500 r=   71.73 avg10=  172.54 steps= 361 succ10=0.10 touch10=0.10 col10=0.90 to10=0.00 min_d= 3.00 avg_spd=2.08m/s end=collision t=  992.7s
[TRAIN][PPO] ep=208/500 r=   75.22 avg10=  153.48 steps= 367 succ10=0.10 touch10=0.10 col10=0.90 to10=0.00 min_d= 2.96 avg_spd=2.10m/s end=collision t=  996.4s
[TRAIN][PPO] ep=209/500 r=   66.65 avg10=  133.34 steps= 355 succ10=0.10 touch10=0.10 col10=0.90 to10=0.00 min_d= 3.04 avg_spd=2.07m/s end=collision t=  999.5s
[TRAIN][PPO] ep=210/500 r=   75.62 avg10=  120.62 steps= 385 succ10=0.10 touch10=0.10 col10=0.90 to10=0.00 min_d= 2.99 avg_spd=2.13m/s end=collision t= 1002.8s
[TRAIN][PPO] ep=211/500 r=  220.05 avg10=  135.13 steps= 986 succ10=0.10 touch10=0.10 col10=0.90 to10=0.00 min_d= 1.76 avg_spd=2.12m/s end=collision t= 1011.5s
[TRAIN][PPO] ep=212/500 r=   71.95 avg10=  136.13 steps= 360 succ10=0.10 touch10=0.10 col10=0.90 to10=0.00 min_d= 2.98 avg_spd=2.10m/s end=collision t= 1015.3s
[TRAIN][PPO] ep=213/500 r=   74.40 avg10=  136.34 steps= 374 succ10=0.10 touch10=0.10 col10=0.90 to10=0.00 min_d= 3.00 avg_spd=2.16m/s end=collision t= 1018.6s
[TRAIN][PPO] ep=214/500 r=   76.20 avg10=   86.54 steps= 370 succ10=0.00 touch10=0.00 col10=1.00 to10=0.00 min_d= 3.00 avg_spd=2.14m/s end=collision t= 1021.9s
[TRAIN][PPO] ep=215/500 r=  271.10 avg10=  118.04 steps=1066 succ10=0.00 touch10=0.00 col10=1.00 to10=0.00 min_d= 1.42 avg_spd=2.13m/s end=collision t= 1031.4s
[TRAIN][PPO] ep=216/500 r=   72.55 avg10=  107.55 steps= 364 succ10=0.00 touch10=0.00 col10=1.00 to10=0.00 min_d= 3.04 avg_spd=2.07m/s end=collision t= 1035.0s
[TRAIN][PPO] ep=217/500 r=  219.91 avg10=  122.37 steps= 976 succ10=0.00 touch10=0.00 col10=1.00 to10=0.00 min_d= 1.80 avg_spd=2.13m/s end=collision t= 1043.7s
[TRAIN][PPO] ep=218/500 r=  257.53 avg10=  140.60 steps=1080 succ10=0.00 touch10=0.00 col10=1.00 to10=0.00 min_d= 1.37 avg_spd=2.07m/s end=collision t= 1053.2s
[TRAIN][PPO] ep=219/500 r=   76.72 avg10=  141.60 steps= 375 succ10=0.00 touch10=0.00 col10=1.00 to10=0.00 min_d= 3.02 avg_spd=2.18m/s end=collision t= 1056.6s
[TRAIN][PPO] ep=220/500 r=   72.83 avg10=  141.32 steps= 366 succ10=0.00 touch10=0.00 col10=1.00 to10=0.00 min_d= 3.01 avg_spd=2.12m/s end=collision t= 1060.4s
[TRAIN][PPO] ep=221/500 r=   73.04 avg10=  126.62 steps= 365 succ10=0.00 touch10=0.00 col10=1.00 to10=0.00 min_d= 3.01 avg_spd=2.11m/s end=collision t= 1063.6s
[TRAIN][PPO] ep=222/500 r=   69.64 avg10=  126.39 steps= 366 succ10=0.00 touch10=0.00 col10=1.00 to10=0.00 min_d= 3.02 avg_spd=2.06m/s end=collision t= 1066.9s
[TRAIN][PPO] ep=223/500 r=   80.50 avg10=  127.00 steps= 381 succ10=0.00 touch10=0.00 col10=1.00 to10=0.00 min_d= 3.00 avg_spd=2.17m/s end=collision t= 1070.3s
[TRAIN][PPO] ep=224/500 r=   79.21 avg10=  127.30 steps= 376 succ10=0.00 touch10=0.00 col10=1.00 to10=0.00 min_d= 2.95 avg_spd=2.18m/s end=collision t= 1073.9s
[TRAIN][PPO] ep=225/500 r=  252.82 avg10=  125.47 steps=1061 succ10=0.00 touch10=0.00 col10=1.00 to10=0.00 min_d= 1.41 avg_spd=2.11m/s end=collision t= 1083.3s
[TRAIN][PPO] ep=226/500 r=   73.36 avg10=  125.56 steps= 368 succ10=0.00 touch10=0.00 col10=1.00 to10=0.00 min_d= 2.97 avg_spd=2.04m/s end=collision t= 1086.4s
[TRAIN][PPO] ep=227/500 r=   72.79 avg10=  110.84 steps= 369 succ10=0.00 touch10=0.00 col10=1.00 to10=0.00 min_d= 3.02 avg_spd=2.10m/s end=collision t= 1089.7s
[TRAIN][PPO] ep=228/500 r=   77.78 avg10=   92.87 steps= 374 succ10=0.00 touch10=0.00 col10=1.00 to10=0.00 min_d= 2.97 avg_spd=2.16m/s end=collision t= 1093.5s
[TRAIN][PPO] ep=229/500 r=   73.67 avg10=   92.56 steps= 365 succ10=0.00 touch10=0.00 col10=1.00 to10=0.00 min_d= 2.98 avg_spd=2.12m/s end=collision t= 1096.7s
[TRAIN][PPO] ep=230/500 r=   78.30 avg10=   93.11 steps= 387 succ10=0.00 touch10=0.00 col10=1.00 to10=0.00 min_d= 3.01 avg_spd=2.16m/s end=collision t= 1100.0s
[TRAIN][PPO] ep=231/500 r=  264.52 avg10=  112.26 steps=1066 succ10=0.00 touch10=0.00 col10=1.00 to10=0.00 min_d= 1.44 avg_spd=2.11m/s end=collision t= 1109.3s
[TRAIN][PPO] ep=232/500 r=   78.16 avg10=  113.11 steps= 373 succ10=0.00 touch10=0.00 col10=1.00 to10=0.00 min_d= 2.98 avg_spd=2.17m/s end=collision t= 1113.1s
[TRAIN][PPO] ep=233/500 r=   75.26 avg10=  112.59 steps= 371 succ10=0.00 touch10=0.00 col10=1.00 to10=0.00 min_d= 3.03 avg_spd=2.11m/s end=collision t= 1116.3s
[TRAIN][PPO] ep=234/500 r=   72.87 avg10=  111.95 steps= 364 succ10=0.00 touch10=0.00 col10=1.00 to10=0.00 min_d= 3.01 avg_spd=2.08m/s end=collision t= 1119.6s
[TRAIN][PPO] ep=235/500 r=   77.87 avg10=   94.46 steps= 370 succ10=0.00 touch10=0.00 col10=1.00 to10=0.00 min_d= 2.95 avg_spd=2.18m/s end=collision t= 1122.9s
[TRAIN][PPO] ep=236/500 r=   77.05 avg10=   94.83 steps= 375 succ10=0.00 touch10=0.00 col10=1.00 to10=0.00 min_d= 2.97 avg_spd=2.17m/s end=collision t= 1126.6s
[TRAIN][PPO] ep=237/500 r=   74.94 avg10=   95.04 steps= 367 succ10=0.00 touch10=0.00 col10=1.00 to10=0.00 min_d= 2.99 avg_spd=2.14m/s end=collision t= 1129.8s
[TRAIN][PPO] ep=238/500 r=   74.35 avg10=   94.70 steps= 366 succ10=0.00 touch10=0.00 col10=1.00 to10=0.00 min_d= 2.95 avg_spd=2.10m/s end=collision t= 1133.1s
[TRAIN][PPO] ep=239/500 r=  258.44 avg10=  113.18 steps=1099 succ10=0.00 touch10=0.00 col10=1.00 to10=0.00 min_d= 1.45 avg_spd=2.10m/s end=collision t= 1143.0s
[TRAIN][PPO] ep=240/500 r=   75.67 avg10=  112.91 steps= 369 succ10=0.00 touch10=0.00 col10=1.00 to10=0.00 min_d= 2.98 avg_spd=2.15m/s end=collision t= 1146.9s
[TRAIN][PPO] ep=241/500 r=   69.14 avg10=   93.37 steps= 355 succ10=0.00 touch10=0.00 col10=1.00 to10=0.00 min_d= 3.00 avg_spd=2.12m/s end=collision t= 1150.0s
[TRAIN][PPO] ep=242/500 r=   70.81 avg10=   92.64 steps= 359 succ10=0.00 touch10=0.00 col10=1.00 to10=0.00 min_d= 2.99 avg_spd=2.09m/s end=collision t= 1153.1s
[TRAIN][PPO] ep=243/500 r=   69.38 avg10=   92.05 steps= 360 succ10=0.00 touch10=0.00 col10=1.00 to10=0.00 min_d= 2.99 avg_spd=2.05m/s end=collision t= 1156.3s
[TRAIN][PPO] ep=244/500 r=   70.47 avg10=   91.81 steps= 359 succ10=0.00 touch10=0.00 col10=1.00 to10=0.00 min_d= 2.99 avg_spd=2.07m/s end=collision t= 1159.8s
[TRAIN][PPO] ep=245/500 r=   75.88 avg10=   91.61 steps= 371 succ10=0.00 touch10=0.00 col10=1.00 to10=0.00 min_d= 2.98 avg_spd=2.11m/s end=collision t= 1163.1s
[TRAIN][PPO] ep=246/500 r=   58.31 avg10=   89.74 steps= 350 succ10=0.00 touch10=0.00 col10=1.00 to10=0.00 min_d= 3.09 avg_spd=2.01m/s end=collision t= 1166.2s
[TRAIN][PPO] ep=247/500 r=   75.05 avg10=   89.75 steps= 379 succ10=0.00 touch10=0.00 col10=1.00 to10=0.00 min_d= 3.03 avg_spd=2.14m/s end=collision t= 1169.4s
[TRAIN][PPO] ep=248/500 r=   78.61 avg10=   90.18 steps= 383 succ10=0.00 touch10=0.00 col10=1.00 to10=0.00 min_d= 3.01 avg_spd=2.17m/s end=collision t= 1173.0s
[TRAIN][PPO] ep=249/500 r=   71.19 avg10=   71.45 steps= 362 succ10=0.00 touch10=0.00 col10=1.00 to10=0.00 min_d= 3.02 avg_spd=2.13m/s end=collision t= 1176.3s
[TRAIN][PPO] ep=250/500 r=   72.36 avg10=   71.12 steps= 369 succ10=0.00 touch10=0.00 col10=1.00 to10=0.00 min_d= 3.00 avg_spd=2.14m/s end=collision t= 1179.6s
[TRAIN][PPO] ep=251/500 r=   71.42 avg10=   71.35 steps= 364 succ10=0.00 touch10=0.00 col10=1.00 to10=0.00 min_d= 2.99 avg_spd=2.04m/s end=collision t= 1182.8s
[TRAIN][PPO] ep=252/500 r=   73.14 avg10=   71.58 steps= 361 succ10=0.00 touch10=0.00 col10=1.00 to10=0.00 min_d= 3.00 avg_spd=2.16m/s end=collision t= 1186.3s
[TRAIN][PPO] ep=253/500 r=   71.71 avg10=   71.81 steps= 372 succ10=0.00 touch10=0.00 col10=1.00 to10=0.00 min_d= 3.00 avg_spd=2.11m/s end=collision t= 1189.6s
[TRAIN][PPO] ep=254/500 r=  258.20 avg10=   90.59 steps=1076 succ10=0.00 touch10=0.00 col10=1.00 to10=0.00 min_d= 1.38 avg_spd=2.13m/s end=collision t= 1199.0s
[TRAIN][PPO] ep=255/500 r=   76.82 avg10=   90.68 steps= 370 succ10=0.00 touch10=0.00 col10=1.00 to10=0.00 min_d= 3.03 avg_spd=2.17m/s end=collision t= 1202.3s
[TRAIN][PPO] ep=256/500 r=   71.03 avg10=   91.95 steps= 361 succ10=0.00 touch10=0.00 col10=1.00 to10=0.00 min_d= 2.99 avg_spd=2.09m/s end=collision t= 1205.9s
[TRAIN][PPO] ep=257/500 r=   75.05 avg10=   91.95 steps= 365 succ10=0.00 touch10=0.00 col10=1.00 to10=0.00 min_d= 2.97 avg_spd=2.11m/s end=collision t= 1209.1s
[TRAIN][PPO] ep=258/500 r=  269.49 avg10=  111.04 steps=1078 succ10=0.00 touch10=0.00 col10=1.00 to10=0.00 min_d= 1.34 avg_spd=2.10m/s end=collision t= 1218.6s
[TRAIN][PPO] ep=259/500 r=   75.79 avg10=  111.50 steps= 370 succ10=0.00 touch10=0.00 col10=1.00 to10=0.00 min_d= 3.02 avg_spd=2.15m/s end=collision t= 1221.9s
[TRAIN][PPO] ep=260/500 r=   73.71 avg10=  111.64 steps= 365 succ10=0.00 touch10=0.00 col10=1.00 to10=0.00 min_d= 3.02 avg_spd=2.11m/s end=collision t= 1225.9s
[TRAIN][PPO] ep=261/500 r=  247.33 avg10=  129.23 steps=1072 succ10=0.00 touch10=0.00 col10=1.00 to10=0.00 min_d= 1.41 avg_spd=2.10m/s end=collision t= 1235.3s
[TRAIN][PPO] ep=262/500 r=   67.52 avg10=  128.66 steps= 354 succ10=0.00 touch10=0.00 col10=1.00 to10=0.00 min_d= 3.02 avg_spd=2.06m/s end=collision t= 1238.4s
[TRAIN][PPO] ep=263/500 r=   64.72 avg10=  127.97 steps= 349 succ10=0.00 touch10=0.00 col10=1.00 to10=0.00 min_d= 3.05 avg_spd=2.05m/s end=collision t= 1241.4s
[TRAIN][PPO] ep=264/500 r=  269.56 avg10=  129.10 steps=1080 succ10=0.00 touch10=0.00 col10=1.00 to10=0.00 min_d= 1.37 avg_spd=2.11m/s end=collision t= 1251.4s
[TRAIN][PPO] ep=265/500 r=   71.83 avg10=  128.60 steps= 360 succ10=0.00 touch10=0.00 col10=1.00 to10=0.00 min_d= 2.98 avg_spd=2.10m/s end=collision t= 1254.6s
[TRAIN][PPO] ep=266/500 r=   75.94 avg10=  129.09 steps= 379 succ10=0.00 touch10=0.00 col10=1.00 to10=0.00 min_d= 2.95 avg_spd=2.17m/s end=collision t= 1257.8s
[TRAIN][PPO] ep=267/500 r=   76.13 avg10=  129.20 steps= 378 succ10=0.00 touch10=0.00 col10=1.00 to10=0.00 min_d= 3.01 avg_spd=2.14m/s end=collision t= 1261.1s
[TRAIN][PPO] ep=268/500 r=   74.26 avg10=  109.68 steps= 366 succ10=0.00 touch10=0.00 col10=1.00 to10=0.00 min_d= 3.01 avg_spd=2.13m/s end=collision t= 1264.7s
[TRAIN][PPO] ep=269/500 r=   73.29 avg10=  109.43 steps= 365 succ10=0.00 touch10=0.00 col10=1.00 to10=0.00 min_d= 2.98 avg_spd=2.13m/s end=collision t= 1267.9s
[TRAIN][PPO] ep=270/500 r=   76.60 avg10=  109.72 steps= 381 succ10=0.00 touch10=0.00 col10=1.00 to10=0.00 min_d= 3.02 avg_spd=2.18m/s end=collision t= 1271.3s
[TRAIN][PPO] ep=271/500 r=   75.32 avg10=   92.52 steps= 371 succ10=0.00 touch10=0.00 col10=1.00 to10=0.00 min_d= 3.01 avg_spd=2.12m/s end=collision t= 1274.7s
[TRAIN][PPO] ep=272/500 r=   73.41 avg10=   93.10 steps= 365 succ10=0.00 touch10=0.00 col10=1.00 to10=0.00 min_d= 3.00 avg_spd=2.17m/s end=collision t= 1278.3s
[TRAIN][PPO] ep=273/500 r=   69.72 avg10=   93.60 steps= 361 succ10=0.00 touch10=0.00 col10=1.00 to10=0.00 min_d= 3.03 avg_spd=2.06m/s end=collision t= 1281.5s
[TRAIN][PPO] ep=274/500 r=   72.79 avg10=   73.93 steps= 364 succ10=0.00 touch10=0.00 col10=1.00 to10=0.00 min_d= 3.00 avg_spd=2.08m/s end=collision t= 1284.7s
[TRAIN][PPO] ep=275/500 r=  259.81 avg10=   92.73 steps=1072 succ10=0.00 touch10=0.00 col10=1.00 to10=0.00 min_d= 1.45 avg_spd=2.12m/s end=collision t= 1294.1s
[TRAIN][PPO] ep=276/500 r=   76.42 avg10=   92.77 steps= 370 succ10=0.00 touch10=0.00 col10=1.00 to10=0.00 min_d= 2.97 avg_spd=2.11m/s end=collision t= 1297.8s
[TRAIN][PPO] ep=277/500 r=  259.07 avg10=  111.07 steps=1065 succ10=0.00 touch10=0.00 col10=1.00 to10=0.00 min_d= 1.43 avg_spd=2.10m/s end=collision t= 1307.3s
[TRAIN][PPO] ep=278/500 r=   73.91 avg10=  111.03 steps= 368 succ10=0.00 touch10=0.00 col10=1.00 to10=0.00 min_d= 3.01 avg_spd=2.10m/s end=collision t= 1310.5s
[TRAIN][PPO] ep=279/500 r=   75.74 avg10=  111.28 steps= 367 succ10=0.00 touch10=0.00 col10=1.00 to10=0.00 min_d= 2.97 avg_spd=2.16m/s end=collision t= 1313.7s
[TRAIN][PPO] ep=280/500 r=   74.20 avg10=  111.04 steps= 369 succ10=0.00 touch10=0.00 col10=1.00 to10=0.00 min_d= 3.03 avg_spd=2.15m/s end=collision t= 1317.5s
[TRAIN][PPO] ep=281/500 r=   74.54 avg10=  110.96 steps= 364 succ10=0.00 touch10=0.00 col10=1.00 to10=0.00 min_d= 2.94 avg_spd=2.14m/s end=collision t= 1320.7s
[TRAIN][PPO] ep=282/500 r=   69.01 avg10=  110.52 steps= 357 succ10=0.00 touch10=0.00 col10=1.00 to10=0.00 min_d= 3.04 avg_spd=2.09m/s end=collision t= 1323.9s
[TRAIN][PPO] ep=283/500 r=   79.92 avg10=  111.54 steps= 378 succ10=0.00 touch10=0.00 col10=1.00 to10=0.00 min_d= 2.96 avg_spd=2.17m/s end=collision t= 1327.1s
[TRAIN][PPO] ep=284/500 r=   66.65 avg10=  110.93 steps= 353 succ10=0.00 touch10=0.00 col10=1.00 to10=0.00 min_d= 3.05 avg_spd=2.09m/s end=collision t= 1330.9s
[TRAIN][PPO] ep=285/500 r=  171.52 avg10=  102.10 steps= 654 succ10=0.00 touch10=0.00 col10=1.00 to10=0.00 min_d= 2.22 avg_spd=2.15m/s end=collision t= 1336.6s
[TRAIN][PPO] ep=286/500 r=   78.30 avg10=  102.29 steps= 374 succ10=0.00 touch10=0.00 col10=1.00 to10=0.00 min_d= 2.99 avg_spd=2.18m/s end=collision t= 1339.9s
[TRAIN][PPO] ep=287/500 r=   76.97 avg10=   84.08 steps= 370 succ10=0.00 touch10=0.00 col10=1.00 to10=0.00 min_d= 2.96 avg_spd=2.17m/s end=collision t= 1343.2s
[TRAIN][PPO] ep=288/500 r=   73.54 avg10=   84.04 steps= 363 succ10=0.00 touch10=0.00 col10=1.00 to10=0.00 min_d= 2.95 avg_spd=2.11m/s end=collision t= 1346.7s
[TRAIN][PPO] ep=289/500 r=   67.31 avg10=   83.20 steps= 367 succ10=0.00 touch10=0.00 col10=1.00 to10=0.00 min_d= 2.98 avg_spd=2.08m/s end=collision t= 1350.0s
[TRAIN][PPO] ep=290/500 r=   77.66 avg10=   83.54 steps= 375 succ10=0.00 touch10=0.00 col10=1.00 to10=0.00 min_d= 3.02 avg_spd=2.16m/s end=collision t= 1353.4s
[TRAIN][PPO] ep=291/500 r=  263.92 avg10=  102.48 steps=1082 succ10=0.00 touch10=0.00 col10=1.00 to10=0.00 min_d= 1.46 avg_spd=2.14m/s end=collision t= 1363.0s
[TRAIN][PPO] ep=292/500 r=   75.77 avg10=  103.16 steps= 369 succ10=0.00 touch10=0.00 col10=1.00 to10=0.00 min_d= 2.99 avg_spd=2.20m/s end=collision t= 1366.6s
[TRAIN][PPO] ep=293/500 r=   70.79 avg10=  102.24 steps= 362 succ10=0.00 touch10=0.00 col10=1.00 to10=0.00 min_d= 3.01 avg_spd=2.09m/s end=collision t= 1369.8s
[TRAIN][PPO] ep=294/500 r=   72.14 avg10=  102.79 steps= 365 succ10=0.00 touch10=0.00 col10=1.00 to10=0.00 min_d= 2.99 avg_spd=2.08m/s end=collision t= 1373.0s
[TRAIN][PPO] ep=295/500 r=  258.37 avg10=  111.48 steps=1081 succ10=0.00 touch10=0.00 col10=1.00 to10=0.00 min_d= 1.46 avg_spd=2.10m/s end=collision t= 1382.5s
[TRAIN][PPO] ep=296/500 r=   72.73 avg10=  110.92 steps= 365 succ10=0.00 touch10=0.00 col10=1.00 to10=0.00 min_d= 3.00 avg_spd=2.08m/s end=collision t= 1386.2s
[TRAIN][PPO] ep=297/500 r=   74.00 avg10=  110.62 steps= 367 succ10=0.00 touch10=0.00 col10=1.00 to10=0.00 min_d= 3.01 avg_spd=2.12m/s end=collision t= 1389.5s
[TRAIN][PPO] ep=298/500 r=   72.40 avg10=  110.51 steps= 360 succ10=0.00 touch10=0.00 col10=1.00 to10=0.00 min_d= 2.94 avg_spd=2.10m/s end=collision t= 1392.7s
[TRAIN][PPO] ep=299/500 r=   76.32 avg10=  111.41 steps= 367 succ10=0.00 touch10=0.00 col10=1.00 to10=0.00 min_d= 2.96 avg_spd=2.16m/s end=collision t= 1395.8s
[TRAIN][PPO] ep=300/500 r=  222.07 avg10=  125.85 steps= 984 succ10=0.00 touch10=0.00 col10=1.00 to10=0.00 min_d= 1.76 avg_spd=2.15m/s end=collision t= 1405.0s ckpt=latest
[TRAIN][PPO] ep=301/500 r=   66.87 avg10=  106.15 steps= 352 succ10=0.00 touch10=0.00 col10=1.00 to10=0.00 min_d= 3.01 avg_spd=2.06m/s end=collision t= 1408.1s
[TRAIN][PPO] ep=302/500 r=   70.49 avg10=  105.62 steps= 358 succ10=0.00 touch10=0.00 col10=1.00 to10=0.00 min_d= 2.96 avg_spd=2.11m/s end=collision t= 1411.2s
[TRAIN][PPO] ep=303/500 r=   76.22 avg10=  106.16 steps= 376 succ10=0.00 touch10=0.00 col10=1.00 to10=0.00 min_d= 3.04 avg_spd=2.16m/s end=collision t= 1414.5s
[TRAIN][PPO] ep=304/500 r=   76.63 avg10=  106.61 steps= 382 succ10=0.00 touch10=0.00 col10=1.00 to10=0.00 min_d= 2.94 avg_spd=2.14m/s end=collision t= 1418.1s
[TRAIN][PPO] ep=305/500 r=   78.01 avg10=   88.57 steps= 376 succ10=0.00 touch10=0.00 col10=1.00 to10=0.00 min_d= 2.96 avg_spd=2.16m/s end=collision t= 1421.5s
[TRAIN][PPO] ep=306/500 r=  564.55 avg10=  137.75 steps=1562 succ10=0.10 touch10=0.10 col10=0.90 to10=0.00 min_d= 0.30 avg_spd=2.10m/s end=goal t= 1435.3s
[TRAIN][PPO] ep=307/500 r=   75.65 avg10=  137.92 steps= 370 succ10=0.10 touch10=0.10 col10=0.90 to10=0.00 min_d= 2.99 avg_spd=2.15m/s end=collision t= 1438.6s
[TRAIN][PPO] ep=308/500 r=   76.46 avg10=  138.33 steps= 378 succ10=0.10 touch10=0.10 col10=0.90 to10=0.00 min_d= 2.95 avg_spd=2.16m/s end=collision t= 1442.8s
[TRAIN][PPO] ep=309/500 r=   74.30 avg10=  138.12 steps= 366 succ10=0.10 touch10=0.10 col10=0.90 to10=0.00 min_d= 2.99 avg_spd=2.14m/s end=collision t= 1446.1s
[TRAIN][PPO] ep=310/500 r=  266.50 avg10=  142.57 steps=1071 succ10=0.10 touch10=0.10 col10=0.90 to10=0.00 min_d= 1.44 avg_spd=2.13m/s end=collision t= 1455.8s
[TRAIN][PPO] ep=311/500 r=   76.15 avg10=  143.49 steps= 383 succ10=0.10 touch10=0.10 col10=0.90 to10=0.00 min_d= 3.00 avg_spd=2.13m/s end=collision t= 1459.2s
[TRAIN][PPO] ep=312/500 r=   79.39 avg10=  144.39 steps= 376 succ10=0.10 touch10=0.10 col10=0.90 to10=0.00 min_d= 2.98 avg_spd=2.20m/s end=collision t= 1463.0s
[TRAIN][PPO] ep=313/500 r=  257.03 avg10=  162.47 steps=1078 succ10=0.10 touch10=0.10 col10=0.90 to10=0.00 min_d= 1.36 avg_spd=2.12m/s end=collision t= 1472.5s
[TRAIN][PPO] ep=314/500 r=   73.54 avg10=  162.16 steps= 367 succ10=0.10 touch10=0.10 col10=0.90 to10=0.00 min_d= 3.01 avg_spd=2.14m/s end=collision t= 1475.7s
[TRAIN][PPO] ep=315/500 r=  -37.16 avg10=  150.64 steps=  44 succ10=0.10 touch10=0.10 col10=0.90 to10=0.00 min_d= 3.82 avg_spd=1.97m/s end=collision t= 1476.1s
[TRAIN][PPO] ep=316/500 r=   77.52 avg10=  101.94 steps= 371 succ10=0.00 touch10=0.00 col10=1.00 to10=0.00 min_d= 3.01 avg_spd=2.19m/s end=collision t= 1479.7s
[TRAIN][PPO] ep=317/500 r=  259.04 avg10=  120.28 steps=1078 succ10=0.00 touch10=0.00 col10=1.00 to10=0.00 min_d= 1.37 avg_spd=2.11m/s end=collision t= 1489.2s
[TRAIN][PPO] ep=318/500 r=   76.87 avg10=  120.32 steps= 372 succ10=0.00 touch10=0.00 col10=1.00 to10=0.00 min_d= 3.01 avg_spd=2.20m/s end=collision t= 1492.6s
[TRAIN][PPO] ep=319/500 r=   75.39 avg10=  120.43 steps= 365 succ10=0.00 touch10=0.00 col10=1.00 to10=0.00 min_d= 2.99 avg_spd=2.16m/s end=collision t= 1495.9s
[TRAIN][PPO] ep=320/500 r=   74.84 avg10=  101.26 steps= 367 succ10=0.00 touch10=0.00 col10=1.00 to10=0.00 min_d= 2.92 avg_spd=2.11m/s end=collision t= 1499.5s
[TRAIN][PPO] ep=321/500 r=  255.60 avg10=  119.21 steps=1080 succ10=0.00 touch10=0.00 col10=1.00 to10=0.00 min_d= 1.36 avg_spd=2.10m/s end=collision t= 1508.9s
[TRAIN][PPO] ep=322/500 r=   75.14 avg10=  118.78 steps= 377 succ10=0.00 touch10=0.00 col10=1.00 to10=0.00 min_d= 2.97 avg_spd=2.13m/s end=collision t= 1512.3s
[TRAIN][PPO] ep=323/500 r=   75.49 avg10=  100.63 steps= 376 succ10=0.00 touch10=0.00 col10=1.00 to10=0.00 min_d= 2.96 avg_spd=2.16m/s end=collision t= 1515.6s
[TRAIN][PPO] ep=324/500 r=   76.90 avg10=  100.96 steps= 372 succ10=0.00 touch10=0.00 col10=1.00 to10=0.00 min_d= 2.97 avg_spd=2.17m/s end=collision t= 1519.4s
[TRAIN][PPO] ep=325/500 r=   77.72 avg10=  112.45 steps= 372 succ10=0.00 touch10=0.00 col10=1.00 to10=0.00 min_d= 2.99 avg_spd=2.16m/s end=collision t= 1522.7s
[TRAIN][PPO] ep=326/500 r=  220.13 avg10=  126.71 steps= 985 succ10=0.00 touch10=0.00 col10=1.00 to10=0.00 min_d= 1.78 avg_spd=2.11m/s end=collision t= 1531.4s
[TRAIN][PPO] ep=327/500 r=   78.74 avg10=  108.68 steps= 379 succ10=0.00 touch10=0.00 col10=1.00 to10=0.00 min_d= 3.01 avg_spd=2.16m/s end=collision t= 1534.7s
[TRAIN][PPO] ep=328/500 r=   77.95 avg10=  108.79 steps= 373 succ10=0.00 touch10=0.00 col10=1.00 to10=0.00 min_d= 2.97 avg_spd=2.16m/s end=collision t= 1538.4s
[TRAIN][PPO] ep=329/500 r=   76.03 avg10=  108.85 steps= 390 succ10=0.00 touch10=0.00 col10=1.00 to10=0.00 min_d= 3.01 avg_spd=2.13m/s end=collision t= 1541.9s
[TRAIN][PPO] ep=330/500 r=   72.46 avg10=  108.62 steps= 364 succ10=0.00 touch10=0.00 col10=1.00 to10=0.00 min_d= 2.98 avg_spd=2.09m/s end=collision t= 1545.2s
[TRAIN][PPO] ep=331/500 r=   75.52 avg10=   90.61 steps= 386 succ10=0.00 touch10=0.00 col10=1.00 to10=0.00 min_d= 2.97 avg_spd=2.16m/s end=collision t= 1548.6s
[TRAIN][PPO] ep=332/500 r=   77.86 avg10=   90.88 steps= 373 succ10=0.00 touch10=0.00 col10=1.00 to10=0.00 min_d= 2.98 avg_spd=2.16m/s end=collision t= 1552.2s
[TRAIN][PPO] ep=333/500 r=   69.33 avg10=   90.26 steps= 364 succ10=0.00 touch10=0.00 col10=1.00 to10=0.00 min_d= 3.02 avg_spd=2.06m/s end=collision t= 1555.5s
[TRAIN][PPO] ep=334/500 r=   74.72 avg10=   90.05 steps= 364 succ10=0.00 touch10=0.00 col10=1.00 to10=0.00 min_d= 2.96 avg_spd=2.12m/s end=collision t= 1558.6s
[TRAIN][PPO] ep=335/500 r=   74.02 avg10=   89.68 steps= 365 succ10=0.00 touch10=0.00 col10=1.00 to10=0.00 min_d= 3.02 avg_spd=2.16m/s end=collision t= 1561.9s
[TRAIN][PPO] ep=336/500 r=   80.45 avg10=   75.71 steps= 382 succ10=0.00 touch10=0.00 col10=1.00 to10=0.00 min_d= 2.99 avg_spd=2.17m/s end=collision t= 1565.4s
[TRAIN][PPO] ep=337/500 r=   78.76 avg10=   75.71 steps= 375 succ10=0.00 touch10=0.00 col10=1.00 to10=0.00 min_d= 2.97 avg_spd=2.15m/s end=collision t= 1568.6s
[TRAIN][PPO] ep=338/500 r=  272.56 avg10=   95.17 steps=1074 succ10=0.00 touch10=0.00 col10=1.00 to10=0.00 min_d= 1.46 avg_spd=2.12m/s end=collision t= 1578.1s
[TRAIN][PPO] ep=339/500 r=   75.20 avg10=   95.09 steps= 368 succ10=0.00 touch10=0.00 col10=1.00 to10=0.00 min_d= 3.00 avg_spd=2.16m/s end=collision t= 1581.4s
[TRAIN][PPO] ep=340/500 r=   78.54 avg10=   95.70 steps= 373 succ10=0.00 touch10=0.00 col10=1.00 to10=0.00 min_d= 2.94 avg_spd=2.17m/s end=collision t= 1585.3s
[TRAIN][PPO] ep=341/500 r=  253.44 avg10=  113.49 steps=1077 succ10=0.00 touch10=0.00 col10=1.00 to10=0.00 min_d= 1.46 avg_spd=2.11m/s end=collision t= 1594.7s
[TRAIN][PPO] ep=342/500 r=   73.72 avg10=  113.08 steps= 369 succ10=0.00 touch10=0.00 col10=1.00 to10=0.00 min_d= 2.97 avg_spd=2.07m/s end=collision t= 1598.0s
[TRAIN][PPO] ep=343/500 r=  -44.31 avg10=  101.71 steps=  21 succ10=0.00 touch10=0.00 col10=1.00 to10=0.00 min_d= 3.84 avg_spd=1.88m/s end=collision t= 1598.2s
[TRAIN][PPO] ep=344/500 r=   76.63 avg10=  101.90 steps= 379 succ10=0.00 touch10=0.00 col10=1.00 to10=0.00 min_d= 3.00 avg_spd=2.18m/s end=collision t= 1601.9s
[TRAIN][PPO] ep=345/500 r=  269.35 avg10=  121.44 steps=1089 succ10=0.00 touch10=0.00 col10=1.00 to10=0.00 min_d= 1.46 avg_spd=2.12m/s end=collision t= 1611.5s
[TRAIN][PPO] ep=346/500 r=  213.04 avg10=  134.69 steps= 988 succ10=0.00 touch10=0.00 col10=1.00 to10=0.00 min_d= 1.76 avg_spd=2.11m/s end=collision t= 1620.3s
[TRAIN][PPO] ep=347/500 r=   70.56 avg10=  133.87 steps= 371 succ10=0.00 touch10=0.00 col10=1.00 to10=0.00 min_d= 3.01 avg_spd=2.13m/s end=collision t= 1623.6s
[TRAIN][PPO] ep=348/500 r=   73.21 avg10=  113.94 steps= 392 succ10=0.00 touch10=0.00 col10=1.00 to10=0.00 min_d= 2.90 avg_spd=2.12m/s end=collision t= 1627.8s
[TRAIN][PPO] ep=349/500 r=   79.77 avg10=  114.40 steps= 377 succ10=0.00 touch10=0.00 col10=1.00 to10=0.00 min_d= 2.96 avg_spd=2.15m/s end=collision t= 1631.1s
[TRAIN][PPO] ep=350/500 r=   78.78 avg10=  114.42 steps= 377 succ10=0.00 touch10=0.00 col10=1.00 to10=0.00 min_d= 3.00 avg_spd=2.14m/s end=collision t= 1634.4s
[TRAIN][PPO] ep=351/500 r=   80.97 avg10=   97.17 steps= 383 succ10=0.00 touch10=0.00 col10=1.00 to10=0.00 min_d= 2.97 avg_spd=2.20m/s end=collision t= 1637.7s
[TRAIN][PPO] ep=352/500 r=   76.87 avg10=   97.49 steps= 372 succ10=0.00 touch10=0.00 col10=1.00 to10=0.00 min_d= 2.97 avg_spd=2.11m/s end=collision t= 1641.3s
[TRAIN][PPO] ep=353/500 r=  220.75 avg10=  123.99 steps= 987 succ10=0.00 touch10=0.00 col10=1.00 to10=0.00 min_d= 1.77 avg_spd=2.12m/s end=collision t= 1649.8s
[TRAIN][PPO] ep=354/500 r=   81.05 avg10=  124.44 steps= 383 succ10=0.00 touch10=0.00 col10=1.00 to10=0.00 min_d= 2.97 avg_spd=2.19m/s end=collision t= 1653.1s
[TRAIN][PPO] ep=355/500 r=   71.05 avg10=  104.61 steps= 360 succ10=0.00 touch10=0.00 col10=1.00 to10=0.00 min_d= 3.02 avg_spd=2.11m/s end=collision t= 1656.0s
[TRAIN][PPO] ep=356/500 r=  560.29 avg10=  139.33 steps=1574 succ10=0.10 touch10=0.10 col10=0.90 to10=0.00 min_d= 0.30 avg_spd=2.06m/s end=goal t= 1669.4s
[TRAIN][PPO] ep=357/500 r=   71.90 avg10=  139.46 steps= 366 succ10=0.10 touch10=0.10 col10=0.90 to10=0.00 min_d= 2.98 avg_spd=2.06m/s end=collision t= 1672.4s
[TRAIN][PPO] ep=358/500 r=   73.14 avg10=  139.46 steps= 364 succ10=0.10 touch10=0.10 col10=0.90 to10=0.00 min_d= 2.97 avg_spd=2.08m/s end=collision t= 1675.3s
[TRAIN][PPO] ep=359/500 r=   77.04 avg10=  139.19 steps= 382 succ10=0.10 touch10=0.10 col10=0.90 to10=0.00 min_d= 2.95 avg_spd=2.14m/s end=collision t= 1678.5s
[TRAIN][PPO] ep=360/500 r=   81.93 avg10=  139.50 steps= 383 succ10=0.10 touch10=0.10 col10=0.90 to10=0.00 min_d= 2.93 avg_spd=2.20m/s end=collision t= 1682.2s
[TRAIN][PPO] ep=361/500 r=   79.39 avg10=  139.34 steps= 380 succ10=0.10 touch10=0.10 col10=0.90 to10=0.00 min_d= 2.98 avg_spd=2.20m/s end=collision t= 1685.4s
[TRAIN][PPO] ep=362/500 r=  177.96 avg10=  149.45 steps= 845 succ10=0.10 touch10=0.10 col10=0.90 to10=0.00 min_d= 2.09 avg_spd=2.11m/s end=collision t= 1692.3s
[TRAIN][PPO] ep=363/500 r=   74.71 avg10=  134.85 steps= 392 succ10=0.10 touch10=0.10 col10=0.90 to10=0.00 min_d= 2.91 avg_spd=2.14m/s end=collision t= 1695.5s
[TRAIN][PPO] ep=364/500 r=   77.52 avg10=  134.49 steps= 373 succ10=0.10 touch10=0.10 col10=0.90 to10=0.00 min_d= 2.98 avg_spd=2.15m/s end=collision t= 1698.9s
[TRAIN][PPO] ep=365/500 r=   72.05 avg10=  134.59 steps= 368 succ10=0.10 touch10=0.10 col10=0.90 to10=0.00 min_d= 3.00 avg_spd=2.12m/s end=collision t= 1701.9s
[TRAIN][PPO] ep=366/500 r=   72.25 avg10=   85.79 steps= 367 succ10=0.00 touch10=0.00 col10=1.00 to10=0.00 min_d= 2.96 avg_spd=2.09m/s end=collision t= 1705.0s
[TRAIN][PPO] ep=367/500 r=  -38.89 avg10=   74.71 steps=  36 succ10=0.00 touch10=0.00 col10=1.00 to10=0.00 min_d= 3.84 avg_spd=1.91m/s end=collision t= 1705.3s
[TRAIN][PPO] ep=368/500 r=   73.07 avg10=   74.70 steps= 367 succ10=0.00 touch10=0.00 col10=1.00 to10=0.00 min_d= 2.96 avg_spd=2.07m/s end=collision t= 1708.5s
[TRAIN][PPO] ep=369/500 r=   76.47 avg10=   74.64 steps= 379 succ10=0.00 touch10=0.00 col10=1.00 to10=0.00 min_d= 2.95 avg_spd=2.14m/s end=collision t= 1711.5s
[TRAIN][PPO] ep=370/500 r=   76.96 avg10=   74.15 steps= 374 succ10=0.00 touch10=0.00 col10=1.00 to10=0.00 min_d= 2.97 avg_spd=2.19m/s end=collision t= 1714.7s
[TRAIN][PPO] ep=371/500 r=   74.57 avg10=   73.67 steps= 368 succ10=0.00 touch10=0.00 col10=1.00 to10=0.00 min_d= 3.00 avg_spd=2.13m/s end=collision t= 1717.7s
[TRAIN][PPO] ep=372/500 r=   77.11 avg10=   63.58 steps= 377 succ10=0.00 touch10=0.00 col10=1.00 to10=0.00 min_d= 3.02 avg_spd=2.16m/s end=collision t= 1721.1s
[TRAIN][PPO] ep=373/500 r=  264.71 avg10=   82.58 steps=1073 succ10=0.00 touch10=0.00 col10=1.00 to10=0.00 min_d= 1.45 avg_spd=2.14m/s end=collision t= 1729.9s
[TRAIN][PPO] ep=374/500 r=   71.24 avg10=   81.95 steps= 360 succ10=0.00 touch10=0.00 col10=1.00 to10=0.00 min_d= 2.97 avg_spd=2.07m/s end=collision t= 1732.9s
[TRAIN][PPO] ep=375/500 r=   72.74 avg10=   82.02 steps= 362 succ10=0.00 touch10=0.00 col10=1.00 to10=0.00 min_d= 2.95 avg_spd=2.12m/s end=collision t= 1735.9s
[TRAIN][PPO] ep=376/500 r=   72.90 avg10=   82.09 steps= 366 succ10=0.00 touch10=0.00 col10=1.00 to10=0.00 min_d= 3.02 avg_spd=2.09m/s end=collision t= 1739.4s
[TRAIN][PPO] ep=377/500 r=   80.54 avg10=   94.03 steps= 385 succ10=0.00 touch10=0.00 col10=1.00 to10=0.00 min_d= 2.94 avg_spd=2.17m/s end=collision t= 1742.6s
[TRAIN][PPO] ep=378/500 r=   71.93 avg10=   93.92 steps= 377 succ10=0.00 touch10=0.00 col10=1.00 to10=0.00 min_d= 2.95 avg_spd=2.15m/s end=collision t= 1745.7s
[TRAIN][PPO] ep=379/500 r=   77.28 avg10=   94.00 steps= 373 succ10=0.00 touch10=0.00 col10=1.00 to10=0.00 min_d= 2.94 avg_spd=2.12m/s end=collision t= 1748.8s
[TRAIN][PPO] ep=380/500 r=   80.39 avg10=   94.34 steps= 382 succ10=0.00 touch10=0.00 col10=1.00 to10=0.00 min_d= 2.97 avg_spd=2.21m/s end=collision t= 1752.4s
[TRAIN][PPO] ep=381/500 r=   72.49 avg10=   94.13 steps= 363 succ10=0.00 touch10=0.00 col10=1.00 to10=0.00 min_d= 2.97 avg_spd=2.14m/s end=collision t= 1755.4s
[TRAIN][PPO] ep=382/500 r=   76.24 avg10=   94.05 steps= 370 succ10=0.00 touch10=0.00 col10=1.00 to10=0.00 min_d= 2.96 avg_spd=2.12m/s end=collision t= 1758.3s
[TRAIN][PPO] ep=383/500 r=   80.71 avg10=   75.65 steps= 383 succ10=0.00 touch10=0.00 col10=1.00 to10=0.00 min_d= 2.97 avg_spd=2.19m/s end=collision t= 1761.5s
[TRAIN][PPO] ep=384/500 r=  248.39 avg10=   93.36 steps=1068 succ10=0.00 touch10=0.00 col10=1.00 to10=0.00 min_d= 1.42 avg_spd=2.10m/s end=collision t= 1770.8s
[TRAIN][PPO] ep=385/500 r=   78.49 avg10=   93.94 steps= 378 succ10=0.00 touch10=0.00 col10=1.00 to10=0.00 min_d= 2.95 avg_spd=2.18m/s end=collision t= 1774.0s
[TRAIN][PPO] ep=386/500 r=   75.37 avg10=   94.18 steps= 369 succ10=0.00 touch10=0.00 col10=1.00 to10=0.00 min_d= 2.99 avg_spd=2.09m/s end=collision t= 1777.1s
[TRAIN][PPO] ep=387/500 r=   77.81 avg10=   93.91 steps= 376 succ10=0.00 touch10=0.00 col10=1.00 to10=0.00 min_d= 3.02 avg_spd=2.15m/s end=collision t= 1780.2s
[TRAIN][PPO] ep=388/500 r=   80.22 avg10=   94.74 steps= 383 succ10=0.00 touch10=0.00 col10=1.00 to10=0.00 min_d= 2.98 avg_spd=2.15m/s end=collision t= 1783.6s
[TRAIN][PPO] ep=389/500 r=  173.47 avg10=  104.36 steps= 861 succ10=0.00 touch10=0.00 col10=1.00 to10=0.00 min_d= 2.08 avg_spd=2.07m/s end=collision t= 1790.4s
[TRAIN][PPO] ep=390/500 r=  224.35 avg10=  118.75 steps= 989 succ10=0.00 touch10=0.00 col10=1.00 to10=0.00 min_d= 1.78 avg_spd=2.09m/s end=collision t= 1798.1s
[TRAIN][PPO] ep=391/500 r=   80.25 avg10=  119.53 steps= 381 succ10=0.00 touch10=0.00 col10=1.00 to10=0.00 min_d= 2.98 avg_spd=2.19m/s end=collision t= 1801.1s
[TRAIN][PPO] ep=392/500 r=   78.71 avg10=  119.78 steps= 375 succ10=0.00 touch10=0.00 col10=1.00 to10=0.00 min_d= 2.98 avg_spd=2.16m/s end=collision t= 1804.6s
[TRAIN][PPO] ep=393/500 r=   77.55 avg10=  119.46 steps= 373 succ10=0.00 touch10=0.00 col10=1.00 to10=0.00 min_d= 2.93 avg_spd=2.10m/s end=collision t= 1807.6s
[TRAIN][PPO] ep=394/500 r=   77.83 avg10=  102.40 steps= 384 succ10=0.00 touch10=0.00 col10=1.00 to10=0.00 min_d= 2.98 avg_spd=2.18m/s end=collision t= 1810.8s
[TRAIN][PPO] ep=395/500 r=   77.05 avg10=  102.26 steps= 403 succ10=0.00 touch10=0.00 col10=1.00 to10=0.00 min_d= 2.93 avg_spd=2.17m/s end=collision t= 1814.2s
[TRAIN][PPO] ep=396/500 r=   75.62 avg10=  102.28 steps= 383 succ10=0.00 touch10=0.00 col10=1.00 to10=0.00 min_d= 2.98 avg_spd=2.15m/s end=collision t= 1818.1s
[TRAIN][PPO] ep=397/500 r=   76.47 avg10=  102.15 steps= 375 succ10=0.00 touch10=0.00 col10=1.00 to10=0.00 min_d= 3.03 avg_spd=2.16m/s end=collision t= 1821.2s
[TRAIN][PPO] ep=398/500 r=   75.54 avg10=  101.68 steps= 368 succ10=0.00 touch10=0.00 col10=1.00 to10=0.00 min_d= 2.96 avg_spd=2.08m/s end=collision t= 1824.2s
[TRAIN][PPO] ep=399/500 r=   78.50 avg10=   92.19 steps= 381 succ10=0.00 touch10=0.00 col10=1.00 to10=0.00 min_d= 2.98 avg_spd=2.17m/s end=collision t= 1827.4s
[TRAIN][PPO] ep=400/500 r=   73.30 avg10=   77.08 steps= 387 succ10=0.00 touch10=0.00 col10=1.00 to10=0.00 min_d= 2.93 avg_spd=2.12m/s end=collision t= 1830.8s ckpt=latest
[TRAIN][PPO] ep=401/500 r=   76.02 avg10=   76.66 steps= 369 succ10=0.00 touch10=0.00 col10=1.00 to10=0.00 min_d= 2.96 avg_spd=2.15m/s end=collision t= 1833.7s
[TRAIN][PPO] ep=402/500 r=   77.83 avg10=   76.57 steps= 373 succ10=0.00 touch10=0.00 col10=1.00 to10=0.00 min_d= 2.99 avg_spd=2.14m/s end=collision t= 1836.6s
[TRAIN][PPO] ep=403/500 r=   72.57 avg10=   76.07 steps= 367 succ10=0.00 touch10=0.00 col10=1.00 to10=0.00 min_d= 2.96 avg_spd=2.05m/s end=collision t= 1839.7s
[TRAIN][PPO] ep=404/500 r=  269.75 avg10=   95.26 steps=1082 succ10=0.00 touch10=0.00 col10=1.00 to10=0.00 min_d= 1.46 avg_spd=2.13m/s end=collision t= 1849.3s
[TRAIN][PPO] ep=405/500 r=   72.81 avg10=   94.84 steps= 383 succ10=0.00 touch10=0.00 col10=1.00 to10=0.00 min_d= 2.95 avg_spd=2.15m/s end=collision t= 1852.4s
[TRAIN][PPO] ep=406/500 r=   70.61 avg10=   94.34 steps= 359 succ10=0.00 touch10=0.00 col10=1.00 to10=0.00 min_d= 2.97 avg_spd=2.09m/s end=collision t= 1855.4s
[TRAIN][PPO] ep=407/500 r=   79.78 avg10=   94.67 steps= 381 succ10=0.00 touch10=0.00 col10=1.00 to10=0.00 min_d= 2.94 avg_spd=2.16m/s end=collision t= 1858.5s
[TRAIN][PPO] ep=408/500 r=   75.04 avg10=   94.62 steps= 370 succ10=0.00 touch10=0.00 col10=1.00 to10=0.00 min_d= 2.99 avg_spd=2.13m/s end=collision t= 1861.9s
[TRAIN][PPO] ep=409/500 r=   70.12 avg10=   93.78 steps= 360 succ10=0.00 touch10=0.00 col10=1.00 to10=0.00 min_d= 2.99 avg_spd=2.08m/s end=collision t= 1864.9s
[TRAIN][PPO] ep=410/500 r=   79.50 avg10=   94.40 steps= 378 succ10=0.00 touch10=0.00 col10=1.00 to10=0.00 min_d= 2.98 avg_spd=2.19m/s end=collision t= 1868.0s
[TRAIN][PPO] ep=411/500 r= -180.10 avg10=   68.79 steps=2500 succ10=0.00 touch10=0.00 col10=0.90 to10=0.10 min_d= 0.84 avg_spd=2.10m/s end=max_steps t= 1887.5s
[TRAIN][PPO] ep=412/500 r=   72.07 avg10=   68.21 steps= 363 succ10=0.00 touch10=0.00 col10=0.90 to10=0.10 min_d= 2.99 avg_spd=2.06m/s end=collision t= 1890.9s
[TRAIN][PPO] ep=413/500 r=  270.55 avg10=   88.01 steps=1078 succ10=0.00 touch10=0.00 col10=0.90 to10=0.10 min_d= 1.45 avg_spd=2.11m/s end=collision t= 1899.4s
[TRAIN][PPO] ep=414/500 r=   76.75 avg10=   68.71 steps= 401 succ10=0.00 touch10=0.00 col10=0.90 to10=0.10 min_d= 2.97 avg_spd=2.13m/s end=collision t= 1902.8s
[TRAIN][PPO] ep=415/500 r=   76.83 avg10=   69.11 steps= 373 succ10=0.00 touch10=0.00 col10=0.90 to10=0.10 min_d= 2.94 avg_spd=2.13m/s end=collision t= 1905.9s
[TRAIN][PPO] ep=416/500 r=  562.77 avg10=  118.33 steps=1483 succ10=0.10 touch10=0.10 col10=0.80 to10=0.10 min_d= 0.30 avg_spd=2.12m/s end=goal t= 1918.9s
[TRAIN][PPO] ep=417/500 r=   68.87 avg10=  117.24 steps= 356 succ10=0.10 touch10=0.10 col10=0.80 to10=0.10 min_d= 2.99 avg_spd=2.09m/s end=collision t= 1921.9s
[TRAIN][PPO] ep=418/500 r=   78.78 avg10=  117.61 steps= 374 succ10=0.10 touch10=0.10 col10=0.80 to10=0.10 min_d= 2.98 avg_spd=2.18m/s end=collision t= 1925.0s
[TRAIN][PPO] ep=419/500 r=   76.97 avg10=  118.30 steps= 376 succ10=0.10 touch10=0.10 col10=0.80 to10=0.10 min_d= 3.00 avg_spd=2.14m/s end=collision t= 1928.3s
[TRAIN][PPO] ep=420/500 r=   79.93 avg10=  118.34 steps= 382 succ10=0.10 touch10=0.10 col10=0.80 to10=0.10 min_d= 2.99 avg_spd=2.17m/s end=collision t= 1931.9s
[TRAIN][PPO] ep=421/500 r=   73.41 avg10=  143.69 steps= 366 succ10=0.10 touch10=0.10 col10=0.90 to10=0.00 min_d= 3.01 avg_spd=2.10m/s end=collision t= 1935.0s
[TRAIN][PPO] ep=422/500 r=  251.37 avg10=  161.62 steps=1068 succ10=0.10 touch10=0.10 col10=0.90 to10=0.00 min_d= 1.43 avg_spd=2.12m/s end=collision t= 1943.9s
[TRAIN][PPO] ep=423/500 r=   73.11 avg10=  141.88 steps= 366 succ10=0.10 touch10=0.10 col10=0.90 to10=0.00 min_d= 2.96 avg_spd=2.09m/s end=collision t= 1947.0s
[TRAIN][PPO] ep=424/500 r=   81.40 avg10=  142.34 steps= 385 succ10=0.10 touch10=0.10 col10=0.90 to10=0.00 min_d= 2.94 avg_spd=2.19m/s end=collision t= 1950.7s
[TRAIN][PPO] ep=425/500 r=   73.06 avg10=  141.97 steps= 369 succ10=0.10 touch10=0.10 col10=0.90 to10=0.00 min_d= 3.03 avg_spd=2.12m/s end=collision t= 1953.8s
[TRAIN][PPO] ep=426/500 r=   79.14 avg10=   93.60 steps= 384 succ10=0.00 touch10=0.00 col10=1.00 to10=0.00 min_d= 2.97 avg_spd=2.22m/s end=collision t= 1957.1s
[TRAIN][PPO] ep=427/500 r=  296.29 avg10=  116.35 steps=1207 succ10=0.00 touch10=0.00 col10=1.00 to10=0.00 min_d= 1.25 avg_spd=2.10m/s end=collision t= 1967.1s
[TRAIN][PPO] ep=428/500 r=   74.45 avg10=  115.91 steps= 370 succ10=0.00 touch10=0.00 col10=1.00 to10=0.00 min_d= 2.99 avg_spd=2.09m/s end=collision t= 1970.6s
[TRAIN][PPO] ep=429/500 r=   76.63 avg10=  115.88 steps= 378 succ10=0.00 touch10=0.00 col10=1.00 to10=0.00 min_d= 2.99 avg_spd=2.18m/s end=collision t= 1973.8s
[TRAIN][PPO] ep=430/500 r=   71.28 avg10=  115.01 steps= 364 succ10=0.00 touch10=0.00 col10=1.00 to10=0.00 min_d= 2.98 avg_spd=2.06m/s end=collision t= 1976.9s
[TRAIN][PPO] ep=431/500 r=  174.88 avg10=  125.16 steps= 659 succ10=0.00 touch10=0.00 col10=1.00 to10=0.00 min_d= 2.21 avg_spd=2.17m/s end=collision t= 1982.2s
[TRAIN][PPO] ep=432/500 r=   77.08 avg10=  107.73 steps= 374 succ10=0.00 touch10=0.00 col10=1.00 to10=0.00 min_d= 2.97 avg_spd=2.14m/s end=collision t= 1985.6s
[TRAIN][PPO] ep=433/500 r=   80.21 avg10=  108.44 steps= 383 succ10=0.00 touch10=0.00 col10=1.00 to10=0.00 min_d= 2.99 avg_spd=2.18m/s end=collision t= 1988.7s
[TRAIN][PPO] ep=434/500 r=   78.84 avg10=  108.18 steps= 377 succ10=0.00 touch10=0.00 col10=1.00 to10=0.00 min_d= 2.95 avg_spd=2.12m/s end=collision t= 1991.7s
[TRAIN][PPO] ep=435/500 r=   80.95 avg10=  108.97 steps= 383 succ10=0.00 touch10=0.00 col10=1.00 to10=0.00 min_d= 2.93 avg_spd=2.19m/s end=collision t= 1995.0s
[TRAIN][PPO] ep=436/500 r=   81.59 avg10=  109.22 steps= 386 succ10=0.00 touch10=0.00 col10=1.00 to10=0.00 min_d= 2.92 avg_spd=2.19m/s end=collision t= 1998.4s
[TRAIN][PPO] ep=437/500 r=   79.57 avg10=   87.55 steps= 383 succ10=0.00 touch10=0.00 col10=1.00 to10=0.00 min_d= 2.99 avg_spd=2.17m/s end=collision t= 2001.5s
[TRAIN][PPO] ep=438/500 r=   84.51 avg10=   88.55 steps= 397 succ10=0.00 touch10=0.00 col10=1.00 to10=0.00 min_d= 2.91 avg_spd=2.22m/s end=collision t= 2004.8s
[TRAIN][PPO] ep=439/500 r=   79.30 avg10=   88.82 steps= 379 succ10=0.00 touch10=0.00 col10=1.00 to10=0.00 min_d= 2.94 avg_spd=2.13m/s end=collision t= 2007.9s
[TRAIN][PPO] ep=440/500 r=  172.34 avg10=   98.93 steps= 672 succ10=0.00 touch10=0.00 col10=1.00 to10=0.00 min_d= 2.20 avg_spd=2.17m/s end=collision t= 2013.6s
[TRAIN][PPO] ep=441/500 r=  181.59 avg10=   99.60 steps= 853 succ10=0.00 touch10=0.00 col10=1.00 to10=0.00 min_d= 2.10 avg_spd=2.09m/s end=collision t= 2020.7s
[TRAIN][PPO] ep=442/500 r=   74.62 avg10=   99.35 steps= 369 succ10=0.00 touch10=0.00 col10=1.00 to10=0.00 min_d= 2.95 avg_spd=2.07m/s end=collision t= 2023.9s
[TRAIN][PPO] ep=443/500 r=   78.31 avg10=   99.16 steps= 380 succ10=0.00 touch10=0.00 col10=1.00 to10=0.00 min_d= 3.01 avg_spd=2.16m/s end=collision t= 2027.0s
[TRAIN][PPO] ep=444/500 r=   81.48 avg10=   99.43 steps= 389 succ10=0.00 touch10=0.00 col10=1.00 to10=0.00 min_d= 2.96 avg_spd=2.20m/s end=collision t= 2030.8s
[TRAIN][PPO] ep=445/500 r=   79.49 avg10=   99.28 steps= 380 succ10=0.00 touch10=0.00 col10=1.00 to10=0.00 min_d= 2.96 avg_spd=2.17m/s end=collision t= 2034.0s
[TRAIN][PPO] ep=446/500 r=   78.38 avg10=   98.96 steps= 378 succ10=0.00 touch10=0.00 col10=1.00 to10=0.00 min_d= 2.95 avg_spd=2.19m/s end=collision t= 2037.2s
[TRAIN][PPO] ep=447/500 r=   77.21 avg10=   98.72 steps= 374 succ10=0.00 touch10=0.00 col10=1.00 to10=0.00 min_d= 2.95 avg_spd=2.11m/s end=collision t= 2040.4s
[TRAIN][PPO] ep=448/500 r=   79.75 avg10=   98.25 steps= 378 succ10=0.00 touch10=0.00 col10=1.00 to10=0.00 min_d= 2.94 avg_spd=2.14m/s end=collision t= 2043.9s
[TRAIN][PPO] ep=449/500 r=   76.57 avg10=   97.97 steps= 374 succ10=0.00 touch10=0.00 col10=1.00 to10=0.00 min_d= 2.92 avg_spd=2.10m/s end=collision t= 2047.2s
[TRAIN][PPO] ep=450/500 r=   80.90 avg10=   88.83 steps= 383 succ10=0.00 touch10=0.00 col10=1.00 to10=0.00 min_d= 2.99 avg_spd=2.16m/s end=collision t= 2050.4s
[TRAIN][PPO] ep=451/500 r=   79.30 avg10=   78.60 steps= 380 succ10=0.00 touch10=0.00 col10=1.00 to10=0.00 min_d= 3.01 avg_spd=2.17m/s end=collision t= 2053.6s
[TRAIN][PPO] ep=452/500 r=   74.03 avg10=   78.54 steps= 367 succ10=0.00 touch10=0.00 col10=1.00 to10=0.00 min_d= 2.97 avg_spd=2.10m/s end=collision t= 2057.1s
[TRAIN][PPO] ep=453/500 r=  170.75 avg10=   87.79 steps= 664 succ10=0.00 touch10=0.00 col10=1.00 to10=0.00 min_d= 2.21 avg_spd=2.17m/s end=collision t= 2062.7s
[TRAIN][PPO] ep=454/500 r=   77.56 avg10=   87.39 steps= 386 succ10=0.00 touch10=0.00 col10=1.00 to10=0.00 min_d= 3.00 avg_spd=2.17m/s end=collision t= 2065.9s
[TRAIN][PPO] ep=455/500 r=   78.34 avg10=   87.28 steps= 381 succ10=0.00 touch10=0.00 col10=1.00 to10=0.00 min_d= 2.93 avg_spd=2.10m/s end=collision t= 2069.2s
[TRAIN][PPO] ep=456/500 r=   74.63 avg10=   86.90 steps= 401 succ10=0.00 touch10=0.00 col10=1.00 to10=0.00 min_d= 2.89 avg_spd=2.13m/s end=collision t= 2072.9s
[TRAIN][PPO] ep=457/500 r= -169.01 avg10=   62.28 steps=2500 succ10=0.00 touch10=0.00 col10=0.90 to10=0.10 min_d= 0.76 avg_spd=2.10m/s end=max_steps t= 2094.2s
[TRAIN][PPO] ep=458/500 r=  225.74 avg10=   76.88 steps= 989 succ10=0.00 touch10=0.00 col10=0.90 to10=0.10 min_d= 1.78 avg_spd=2.13m/s end=collision t= 2102.7s
[TRAIN][PPO] ep=459/500 r=   73.51 avg10=   76.58 steps= 367 succ10=0.00 touch10=0.00 col10=0.90 to10=0.10 min_d= 2.98 avg_spd=2.06m/s end=collision t= 2105.8s
[TRAIN][PPO] ep=460/500 r=   77.09 avg10=   76.19 steps= 375 succ10=0.00 touch10=0.00 col10=0.90 to10=0.10 min_d= 2.99 avg_spd=2.13m/s end=collision t= 2109.8s
[TRAIN][PPO] ep=461/500 r=  157.35 avg10=   84.00 steps= 863 succ10=0.00 touch10=0.00 col10=0.90 to10=0.10 min_d= 2.10 avg_spd=2.07m/s end=collision t= 2117.1s
[TRAIN][PPO] ep=462/500 r=  260.31 avg10=  102.63 steps=1078 succ10=0.00 touch10=0.00 col10=0.90 to10=0.10 min_d= 1.46 avg_spd=2.11m/s end=collision t= 2126.2s
[TRAIN][PPO] ep=463/500 r=   74.39 avg10=   92.99 steps= 366 succ10=0.00 touch10=0.00 col10=0.90 to10=0.10 min_d= 2.96 avg_spd=2.09m/s end=collision t= 2129.3s
[TRAIN][PPO] ep=464/500 r=   70.83 avg10=   92.32 steps= 364 succ10=0.00 touch10=0.00 col10=0.90 to10=0.10 min_d= 3.02 avg_spd=2.04m/s end=collision t= 2132.7s
[TRAIN][PPO] ep=465/500 r=   76.95 avg10=   92.18 steps= 370 succ10=0.00 touch10=0.00 col10=0.90 to10=0.10 min_d= 2.91 avg_spd=2.14m/s end=collision t= 2135.7s
[TRAIN][PPO] ep=466/500 r=   72.56 avg10=   91.97 steps= 364 succ10=0.00 touch10=0.00 col10=0.90 to10=0.10 min_d= 2.96 avg_spd=2.08m/s end=collision t= 2138.7s
[TRAIN][PPO] ep=467/500 r=   80.07 avg10=  116.88 steps= 378 succ10=0.00 touch10=0.00 col10=1.00 to10=0.00 min_d= 2.94 avg_spd=2.19m/s end=collision t= 2141.7s
[TRAIN][PPO] ep=468/500 r=   80.20 avg10=  102.32 steps= 381 succ10=0.00 touch10=0.00 col10=1.00 to10=0.00 min_d= 2.91 avg_spd=2.17m/s end=collision t= 2145.0s
[TRAIN][PPO] ep=469/500 r=  262.53 avg10=  121.23 steps=1078 succ10=0.00 touch10=0.00 col10=1.00 to10=0.00 min_d= 1.46 avg_spd=2.10m/s end=collision t= 2154.0s
[TRAIN][PPO] ep=470/500 r=   77.03 avg10=  121.22 steps= 375 succ10=0.00 touch10=0.00 col10=1.00 to10=0.00 min_d= 2.97 avg_spd=2.12m/s end=collision t= 2157.1s
[TRAIN][PPO] ep=471/500 r=   70.91 avg10=  112.58 steps= 364 succ10=0.00 touch10=0.00 col10=1.00 to10=0.00 min_d= 2.97 avg_spd=2.07m/s end=collision t= 2160.1s
[TRAIN][PPO] ep=472/500 r=   49.02 avg10=   91.45 steps= 583 succ10=0.00 touch10=0.00 col10=1.00 to10=0.00 min_d= 2.91 avg_spd=1.99m/s end=collision t= 2165.4s
[TRAIN][PPO] ep=473/500 r=   77.05 avg10=   91.71 steps= 381 succ10=0.00 touch10=0.00 col10=1.00 to10=0.00 min_d= 3.03 avg_spd=2.15m/s end=collision t= 2168.7s
[TRAIN][PPO] ep=474/500 r=   78.95 avg10=   92.53 steps= 382 succ10=0.00 touch10=0.00 col10=1.00 to10=0.00 min_d= 3.00 avg_spd=2.17m/s end=collision t= 2171.9s
[TRAIN][PPO] ep=475/500 r=   75.65 avg10=   92.40 steps= 372 succ10=0.00 touch10=0.00 col10=1.00 to10=0.00 min_d= 2.93 avg_spd=2.09m/s end=collision t= 2175.0s
[TRAIN][PPO] ep=476/500 r=  224.10 avg10=  107.55 steps= 991 succ10=0.00 touch10=0.00 col10=1.00 to10=0.00 min_d= 1.76 avg_spd=2.13m/s end=collision t= 2183.5s
[TRAIN][PPO] ep=477/500 r=  171.93 avg10=  116.74 steps= 664 succ10=0.00 touch10=0.00 col10=1.00 to10=0.00 min_d= 2.21 avg_spd=2.17m/s end=collision t= 2189.1s
[TRAIN][PPO] ep=478/500 r=   73.33 avg10=  116.05 steps= 366 succ10=0.00 touch10=0.00 col10=1.00 to10=0.00 min_d= 2.98 avg_spd=2.05m/s end=collision t= 2192.2s
[TRAIN][PPO] ep=479/500 r=   75.85 avg10=   97.38 steps= 388 succ10=0.00 touch10=0.00 col10=1.00 to10=0.00 min_d= 2.98 avg_spd=2.21m/s end=collision t= 2195.3s
[TRAIN][PPO] ep=480/500 r=   76.12 avg10=   97.29 steps= 395 succ10=0.00 touch10=0.00 col10=1.00 to10=0.00 min_d= 2.97 avg_spd=2.14m/s end=collision t= 2198.8s
[TRAIN][PPO] ep=481/500 r=   72.60 avg10=   97.46 steps= 368 succ10=0.00 touch10=0.00 col10=1.00 to10=0.00 min_d= 2.96 avg_spd=2.08m/s end=collision t= 2202.0s
[TRAIN][PPO] ep=482/500 r=   74.47 avg10=  100.00 steps= 368 succ10=0.00 touch10=0.00 col10=1.00 to10=0.00 min_d= 2.99 avg_spd=2.10m/s end=collision t= 2205.1s
[TRAIN][PPO] ep=483/500 r=  187.03 avg10=  111.00 steps= 858 succ10=0.00 touch10=0.00 col10=1.00 to10=0.00 min_d= 2.08 avg_spd=2.11m/s end=collision t= 2212.0s
[TRAIN][PPO] ep=484/500 r=   78.84 avg10=  110.99 steps= 381 succ10=0.00 touch10=0.00 col10=1.00 to10=0.00 min_d= 2.98 avg_spd=2.19m/s end=collision t= 2215.5s
[TRAIN][PPO] ep=485/500 r=   79.58 avg10=  111.39 steps= 381 succ10=0.00 touch10=0.00 col10=1.00 to10=0.00 min_d= 2.93 avg_spd=2.14m/s end=collision t= 2218.7s
[TRAIN][PPO] ep=486/500 r=   73.15 avg10=   96.29 steps= 366 succ10=0.00 touch10=0.00 col10=1.00 to10=0.00 min_d= 2.99 avg_spd=2.12m/s end=collision t= 2221.8s
[TRAIN][PPO] ep=487/500 r=   54.13 avg10=   84.51 steps= 573 succ10=0.00 touch10=0.00 col10=1.00 to10=0.00 min_d= 2.94 avg_spd=2.02m/s end=collision t= 2226.6s
[TRAIN][PPO] ep=488/500 r=  166.28 avg10=   93.81 steps= 831 succ10=0.00 touch10=0.00 col10=1.00 to10=0.00 min_d= 2.15 avg_spd=2.09m/s end=collision t= 2233.8s
[TRAIN][PPO] ep=489/500 r=  276.74 avg10=  113.89 steps=1097 succ10=0.00 touch10=0.00 col10=1.00 to10=0.00 min_d= 1.45 avg_spd=2.14m/s end=collision t= 2242.8s
[TRAIN][PPO] ep=490/500 r=   79.28 avg10=  114.21 steps= 382 succ10=0.00 touch10=0.00 col10=1.00 to10=0.00 min_d= 2.96 avg_spd=2.18m/s end=collision t= 2246.0s
[TRAIN][PPO] ep=491/500 r=   79.59 avg10=  114.91 steps= 381 succ10=0.00 touch10=0.00 col10=1.00 to10=0.00 min_d= 2.97 avg_spd=2.17m/s end=collision t= 2249.2s
[TRAIN][PPO] ep=492/500 r=   79.78 avg10=  115.44 steps= 380 succ10=0.00 touch10=0.00 col10=1.00 to10=0.00 min_d= 2.91 avg_spd=2.16m/s end=collision t= 2252.8s
[TRAIN][PPO] ep=493/500 r=  186.68 avg10=  115.41 steps= 862 succ10=0.00 touch10=0.00 col10=1.00 to10=0.00 min_d= 2.09 avg_spd=2.10m/s end=collision t= 2260.0s
[TRAIN][PPO] ep=494/500 r=  170.00 avg10=  124.52 steps= 667 succ10=0.00 touch10=0.00 col10=1.00 to10=0.00 min_d= 2.21 avg_spd=2.15m/s end=collision t= 2265.4s
[TRAIN][PPO] ep=495/500 r=   74.76 avg10=  124.04 steps= 406 succ10=0.00 touch10=0.00 col10=1.00 to10=0.00 min_d= 2.96 avg_spd=2.14m/s end=collision t= 2268.8s
[TRAIN][PPO] ep=496/500 r=   80.73 avg10=  124.80 steps= 386 succ10=0.00 touch10=0.00 col10=1.00 to10=0.00 min_d= 2.94 avg_spd=2.20m/s end=collision t= 2272.9s
[TRAIN][PPO] ep=497/500 r=   76.52 avg10=  127.04 steps= 379 succ10=0.00 touch10=0.00 col10=1.00 to10=0.00 min_d= 3.01 avg_spd=2.15m/s end=collision t= 2276.0s
[TRAIN][PPO] ep=498/500 r=   73.70 avg10=  117.78 steps= 393 succ10=0.00 touch10=0.00 col10=1.00 to10=0.00 min_d= 2.89 avg_spd=2.14m/s end=collision t= 2279.3s
[TRAIN][PPO] ep=499/500 r=   74.03 avg10=   97.51 steps= 394 succ10=0.00 touch10=0.00 col10=1.00 to10=0.00 min_d= 2.93 avg_spd=2.16m/s end=collision t= 2282.5s
INFO: PPO: Terminating.
[RUN] completed stage checkpoint=/uio/hume/student-u79/esbrovol/fys5429/DRL-Obstacle-Avoidance/controllers/PPO/checkpoints/moving_20260603_110455_step03_partial_moving_5_none_seed01_stage01_train_11_partial_moving/final_moving_20260603_110455_step03_partial_moving_5_none_seed01_stage01_train_11_partial_moving.pth
[RUN] curriculum complete arch=none seed=1
[MOVING] completed stage checkpoint=/uio/hume/student-u79/esbrovol/fys5429/DRL-Obstacle-Avoidance/controllers/PPO/checkpoints/moving_20260603_110455_step03_partial_moving_5_none_seed01_stage01_train_11_partial_moving/final_moving_20260603_110455_step03_partial_moving_5_none_seed01_stage01_train_11_partial_moving.pth
[MOVING] stage=4/5 name=all_moving
[MOVING] resume_from=/uio/hume/student-u79/esbrovol/fys5429/DRL-Obstacle-Avoidance/controllers/PPO/checkpoints/moving_20260603_110455_step03_partial_moving_5_none_seed01_stage01_train_11_partial_moving/final_moving_20260603_110455_step03_partial_moving_5_none_seed01_stage01_train_11_partial_moving.pth
[MOVING] command=/uio/hume/student-u79/esbrovol/fys5429/DRL-Obstacle-Avoidance/venv/bin/python controllers/run.py worker --arch none --seed 1 --run-group moving_20260603_110455_step04_all_moving --resume-from /uio/hume/student-u79/esbrovol/fys5429/DRL-Obstacle-Avoidance/controllers/PPO/checkpoints/moving_20260603_110455_step03_partial_moving_5_none_seed01_stage01_train_11_partial_moving/final_moving_20260603_110455_step03_partial_moving_5_none_seed01_stage01_train_11_partial_moving.pth --worlds worlds/training/train_12_all_moving.wbt --moving-obstacle-indices all
[RUN] arch=none seed=1 stage=1/1 world=/uio/hume/student-u79/esbrovol/fys5429/DRL-Obstacle-Avoidance/worlds/training/train_12_all_moving.wbt
[RUN] resuming from /uio/hume/student-u79/esbrovol/fys5429/DRL-Obstacle-Avoidance/controllers/PPO/checkpoints/moving_20260603_110455_step03_partial_moving_5_none_seed01_stage01_train_11_partial_moving/final_moving_20260603_110455_step03_partial_moving_5_none_seed01_stage01_train_11_partial_moving.pth
INFO: PPO: Starting controller: python3 -u PPO.py
[PPO] Using architecture: NONE
[PPO] Loaded architecture: NONE
[TRAIN][PPO] arch=NONE weights_dir=/uio/hume/student-u79/esbrovol/fys5429/DRL-Obstacle-Avoidance/controllers/PPO/checkpoints/moving_20260603_110455_step04_all_moving_none_seed01_stage01_train_12_all_moving final=/uio/hume/student-u79/esbrovol/fys5429/DRL-Obstacle-Avoidance/controllers/PPO/checkpoints/moving_20260603_110455_step04_all_moving_none_seed01_stage01_train_12_all_moving/final_moving_20260603_110455_step04_all_moving_none_seed01_stage01_train_12_all_moving.pth
[TRAIN][PPO] episodes=500 update_every=4 obs=31 act=2 cell=NONE seq=32 burn_in=0
[TRAIN][PPO] ep=001/500 r=  -13.46 avg10=  -13.46 steps= 122 succ10=0.00 touch10=0.00 col10=1.00 to10=0.00 min_d= 3.72 avg_spd=1.97m/s end=collision t=    1.2s ckpt=best
[TRAIN][PPO] ep=002/500 r=   -4.02 avg10=   -8.74 steps= 136 succ10=0.00 touch10=0.00 col10=1.00 to10=0.00 min_d= 3.64 avg_spd=2.18m/s end=collision t=    2.4s ckpt=best
[TRAIN][PPO] ep=003/500 r=   -4.45 avg10=   -7.31 steps= 137 succ10=0.00 touch10=0.00 col10=1.00 to10=0.00 min_d= 3.59 avg_spd=2.15m/s end=collision t=    3.7s
[TRAIN][PPO] ep=004/500 r=  -13.20 avg10=   -8.78 steps= 292 succ10=0.00 touch10=0.00 col10=1.00 to10=0.00 min_d= 3.62 avg_spd=1.95m/s end=collision t=    6.6s
[TRAIN][PPO] ep=005/500 r=   -4.77 avg10=   -7.98 steps= 133 succ10=0.00 touch10=0.00 col10=1.00 to10=0.00 min_d= 3.56 avg_spd=2.23m/s end=collision t=    7.8s
[TRAIN][PPO] ep=006/500 r=   -5.66 avg10=   -7.59 steps= 136 succ10=0.00 touch10=0.00 col10=1.00 to10=0.00 min_d= 3.66 avg_spd=2.12m/s end=collision t=    9.0s
[TRAIN][PPO] ep=007/500 r=   -4.67 avg10=   -7.18 steps= 135 succ10=0.00 touch10=0.00 col10=1.00 to10=0.00 min_d= 3.52 avg_spd=2.16m/s end=collision t=   10.1s
[TRAIN][PPO] ep=008/500 r=   -8.63 avg10=   -7.36 steps= 133 succ10=0.00 touch10=0.00 col10=1.00 to10=0.00 min_d= 3.58 avg_spd=2.02m/s end=collision t=   11.4s
[TRAIN][PPO] ep=009/500 r=   -6.24 avg10=   -7.23 steps= 149 succ10=0.00 touch10=0.00 col10=1.00 to10=0.00 min_d= 3.66 avg_spd=2.16m/s end=collision t=   12.7s
[TRAIN][PPO] ep=010/500 r=   -6.62 avg10=   -7.17 steps= 163 succ10=0.00 touch10=0.00 col10=1.00 to10=0.00 min_d= 3.65 avg_spd=2.10m/s end=collision t=   14.1s
[TRAIN][PPO] ep=011/500 r=   -4.80 avg10=   -6.31 steps= 134 succ10=0.00 touch10=0.00 col10=1.00 to10=0.00 min_d= 3.58 avg_spd=2.22m/s end=collision t=   15.3s
[TRAIN][PPO] ep=012/500 r=  -16.34 avg10=   -7.54 steps= 124 succ10=0.00 touch10=0.00 col10=1.00 to10=0.00 min_d= 3.67 avg_spd=1.97m/s end=collision t=   16.5s
[TRAIN][PPO] ep=013/500 r=   -0.88 avg10=   -7.18 steps= 149 succ10=0.00 touch10=0.00 col10=1.00 to10=0.00 min_d= 3.53 avg_spd=2.12m/s end=collision t=   17.8s ckpt=best
[TRAIN][PPO] ep=014/500 r=   -6.23 avg10=   -6.48 steps= 137 succ10=0.00 touch10=0.00 col10=1.00 to10=0.00 min_d= 3.65 avg_spd=2.11m/s end=collision t=   19.0s
[TRAIN][PPO] ep=015/500 r=   -1.57 avg10=   -6.16 steps= 144 succ10=0.00 touch10=0.00 col10=1.00 to10=0.00 min_d= 3.57 avg_spd=2.19m/s end=collision t=   20.3s
[TRAIN][PPO] ep=016/500 r=  -16.06 avg10=   -7.20 steps= 119 succ10=0.00 touch10=0.00 col10=1.00 to10=0.00 min_d= 3.75 avg_spd=1.89m/s end=collision t=   21.5s
[TRAIN][PPO] ep=017/500 r=   -7.40 avg10=   -7.48 steps= 129 succ10=0.00 touch10=0.00 col10=1.00 to10=0.00 min_d= 3.60 avg_spd=2.07m/s end=collision t=   22.7s
[TRAIN][PPO] ep=018/500 r=   -5.58 avg10=   -7.17 steps= 132 succ10=0.00 touch10=0.00 col10=1.00 to10=0.00 min_d= 3.60 avg_spd=2.20m/s end=collision t=   23.9s
[TRAIN][PPO] ep=019/500 r=   -2.54 avg10=   -6.80 steps= 143 succ10=0.00 touch10=0.00 col10=1.00 to10=0.00 min_d= 3.64 avg_spd=2.14m/s end=collision t=   25.1s
[TRAIN][PPO] ep=020/500 r=   -2.57 avg10=   -6.40 steps= 144 succ10=0.00 touch10=0.00 col10=1.00 to10=0.00 min_d= 3.64 avg_spd=2.13m/s end=collision t=   26.6s
[TRAIN][PPO] ep=021/500 r=   -5.73 avg10=   -6.49 steps= 131 succ10=0.00 touch10=0.00 col10=1.00 to10=0.00 min_d= 3.61 avg_spd=2.20m/s end=collision t=   27.7s
[TRAIN][PPO] ep=022/500 r=   -8.47 avg10=   -5.70 steps= 169 succ10=0.00 touch10=0.00 col10=1.00 to10=0.00 min_d= 3.56 avg_spd=2.11m/s end=collision t=   29.2s
[TRAIN][PPO] ep=023/500 r=   -5.53 avg10=   -6.17 steps= 139 succ10=0.00 touch10=0.00 col10=1.00 to10=0.00 min_d= 3.60 avg_spd=2.08m/s end=collision t=   30.4s
[TRAIN][PPO] ep=024/500 r=   -1.22 avg10=   -5.67 steps= 144 succ10=0.00 touch10=0.00 col10=1.00 to10=0.00 min_d= 3.62 avg_spd=2.21m/s end=collision t=   32.0s
[TRAIN][PPO] ep=025/500 r=   -1.09 avg10=   -5.62 steps= 145 succ10=0.00 touch10=0.00 col10=1.00 to10=0.00 min_d= 3.62 avg_spd=2.17m/s end=collision t=   33.2s
[TRAIN][PPO] ep=026/500 r=  156.24 avg10=   11.61 steps= 860 succ10=0.00 touch10=0.00 col10=1.00 to10=0.00 min_d= 2.10 avg_spd=2.07m/s end=collision t=   40.6s ckpt=best
[TRAIN][PPO] ep=027/500 r=   -2.40 avg10=   12.11 steps= 141 succ10=0.00 touch10=0.00 col10=1.00 to10=0.00 min_d= 3.55 avg_spd=2.20m/s end=collision t=   41.9s
[TRAIN][PPO] ep=028/500 r=   -0.24 avg10=   12.64 steps= 147 succ10=0.00 touch10=0.00 col10=1.00 to10=0.00 min_d= 3.58 avg_spd=2.23m/s end=collision t=   43.5s
[TRAIN][PPO] ep=029/500 r=  166.50 avg10=   29.55 steps= 651 succ10=0.00 touch10=0.00 col10=1.00 to10=0.00 min_d= 2.24 avg_spd=2.11m/s end=collision t=   49.0s ckpt=best
[TRAIN][PPO] ep=030/500 r=    1.03 avg10=   29.91 steps= 152 succ10=0.00 touch10=0.00 col10=1.00 to10=0.00 min_d= 3.60 avg_spd=2.25m/s end=collision t=   50.3s
[TRAIN][PPO] ep=031/500 r=   -5.32 avg10=   29.95 steps= 135 succ10=0.00 touch10=0.00 col10=1.00 to10=0.00 min_d= 3.60 avg_spd=2.10m/s end=collision t=   51.5s
[TRAIN][PPO] ep=032/500 r=  -12.25 avg10=   29.57 steps= 129 succ10=0.00 touch10=0.00 col10=1.00 to10=0.00 min_d= 3.62 avg_spd=1.92m/s end=collision t=   52.8s
[TRAIN][PPO] ep=033/500 r=   -3.68 avg10=   29.76 steps= 137 succ10=0.00 touch10=0.00 col10=1.00 to10=0.00 min_d= 3.57 avg_spd=2.19m/s end=collision t=   54.0s
[TRAIN][PPO] ep=034/500 r=   -6.79 avg10=   29.20 steps= 170 succ10=0.00 touch10=0.00 col10=1.00 to10=0.00 min_d= 3.52 avg_spd=2.12m/s end=collision t=   55.5s
[TRAIN][PPO] ep=035/500 r=   -7.24 avg10=   28.59 steps= 142 succ10=0.00 touch10=0.00 col10=1.00 to10=0.00 min_d= 3.60 avg_spd=2.08m/s end=collision t=   56.7s
[TRAIN][PPO] ep=036/500 r=   -3.10 avg10=   12.65 steps= 143 succ10=0.00 touch10=0.00 col10=1.00 to10=0.00 min_d= 3.56 avg_spd=2.09m/s end=collision t=   58.1s
[TRAIN][PPO] ep=037/500 r=    1.28 avg10=   13.02 steps= 156 succ10=0.00 touch10=0.00 col10=1.00 to10=0.00 min_d= 3.61 avg_spd=2.12m/s end=collision t=   59.5s
[TRAIN][PPO] ep=038/500 r=   -0.15 avg10=   13.03 steps= 156 succ10=0.00 touch10=0.00 col10=1.00 to10=0.00 min_d= 3.62 avg_spd=2.16m/s end=collision t=   60.9s
[TRAIN][PPO] ep=039/500 r=   -6.14 avg10=   -4.24 steps= 136 succ10=0.00 touch10=0.00 col10=1.00 to10=0.00 min_d= 3.55 avg_spd=2.06m/s end=collision t=   62.0s
[TRAIN][PPO] ep=040/500 r=  -18.54 avg10=   -6.19 steps= 113 succ10=0.00 touch10=0.00 col10=1.00 to10=0.00 min_d= 3.81 avg_spd=1.87m/s end=collision t=   63.2s
[TRAIN][PPO] ep=041/500 r=   -0.04 avg10=   -5.66 steps= 148 succ10=0.00 touch10=0.00 col10=1.00 to10=0.00 min_d= 3.60 avg_spd=2.17m/s end=collision t=   64.5s
[TRAIN][PPO] ep=042/500 r=   -6.41 avg10=   -5.08 steps= 136 succ10=0.00 touch10=0.00 col10=1.00 to10=0.00 min_d= 3.61 avg_spd=2.06m/s end=collision t=   65.7s
[TRAIN][PPO] ep=043/500 r=   -4.87 avg10=   -5.20 steps= 176 succ10=0.00 touch10=0.00 col10=1.00 to10=0.00 min_d= 3.60 avg_spd=2.13m/s end=collision t=   67.1s
[TRAIN][PPO] ep=044/500 r=   -6.92 avg10=   -5.21 steps= 134 succ10=0.00 touch10=0.00 col10=1.00 to10=0.00 min_d= 3.60 avg_spd=2.14m/s end=collision t=   68.5s
[TRAIN][PPO] ep=045/500 r=   -1.02 avg10=   -4.59 steps= 145 succ10=0.00 touch10=0.00 col10=1.00 to10=0.00 min_d= 3.61 avg_spd=2.18m/s end=collision t=   69.7s
[TRAIN][PPO] ep=046/500 r=   -0.28 avg10=   -4.31 steps= 147 succ10=0.00 touch10=0.00 col10=1.00 to10=0.00 min_d= 3.51 avg_spd=2.13m/s end=collision t=   71.0s
[TRAIN][PPO] ep=047/500 r=   -7.63 avg10=   -5.20 steps= 136 succ10=0.00 touch10=0.00 col10=1.00 to10=0.00 min_d= 3.72 avg_spd=2.00m/s end=collision t=   72.2s
[TRAIN][PPO] ep=048/500 r=  -23.31 avg10=   -7.52 steps= 445 succ10=0.00 touch10=0.00 col10=1.00 to10=0.00 min_d= 3.53 avg_spd=2.08m/s end=collision t=   76.2s
[TRAIN][PPO] ep=049/500 r=  -13.77 avg10=   -8.28 steps= 128 succ10=0.00 touch10=0.00 col10=1.00 to10=0.00 min_d= 3.66 avg_spd=1.89m/s end=collision t=   77.3s
[TRAIN][PPO] ep=050/500 r=    0.59 avg10=   -6.37 steps= 150 succ10=0.00 touch10=0.00 col10=1.00 to10=0.00 min_d= 3.62 avg_spd=2.19m/s end=collision t=   78.6s
[TRAIN][PPO] ep=051/500 r=   -3.95 avg10=   -6.76 steps= 143 succ10=0.00 touch10=0.00 col10=1.00 to10=0.00 min_d= 3.64 avg_spd=2.10m/s end=collision t=   79.9s
[TRAIN][PPO] ep=052/500 r=   58.01 avg10=   -0.32 steps= 406 succ10=0.00 touch10=0.00 col10=1.00 to10=0.00 min_d= 3.02 avg_spd=2.18m/s end=collision t=   83.5s
[TRAIN][PPO] ep=053/500 r=   -6.63 avg10=   -0.49 steps= 127 succ10=0.00 touch10=0.00 col10=1.00 to10=0.00 min_d= 3.54 avg_spd=2.25m/s end=collision t=   84.6s
[TRAIN][PPO] ep=054/500 r=   -5.95 avg10=   -0.40 steps= 137 succ10=0.00 touch10=0.00 col10=1.00 to10=0.00 min_d= 3.60 avg_spd=2.06m/s end=collision t=   85.8s
[TRAIN][PPO] ep=055/500 r=   -4.77 avg10=   -0.77 steps= 135 succ10=0.00 touch10=0.00 col10=1.00 to10=0.00 min_d= 3.67 avg_spd=2.20m/s end=collision t=   87.0s
[TRAIN][PPO] ep=056/500 r=   -5.02 avg10=   -1.24 steps= 133 succ10=0.00 touch10=0.00 col10=1.00 to10=0.00 min_d= 3.59 avg_spd=2.10m/s end=collision t=   88.4s
[TRAIN][PPO] ep=057/500 r=   -3.88 avg10=   -0.87 steps= 135 succ10=0.00 touch10=0.00 col10=1.00 to10=0.00 min_d= 3.50 avg_spd=2.21m/s end=collision t=   89.5s
[TRAIN][PPO] ep=058/500 r=   -2.17 avg10=    1.25 steps= 143 succ10=0.00 touch10=0.00 col10=1.00 to10=0.00 min_d= 3.57 avg_spd=2.14m/s end=collision t=   90.8s
[TRAIN][PPO] ep=059/500 r=   -6.95 avg10=    1.93 steps= 129 succ10=0.00 touch10=0.00 col10=1.00 to10=0.00 min_d= 3.67 avg_spd=2.06m/s end=collision t=   92.0s
[TRAIN][PPO] ep=060/500 r=   -5.68 avg10=    1.30 steps= 136 succ10=0.00 touch10=0.00 col10=1.00 to10=0.00 min_d= 3.58 avg_spd=2.12m/s end=collision t=   93.3s
[TRAIN][PPO] ep=061/500 r=   -6.00 avg10=    1.10 steps= 140 succ10=0.00 touch10=0.00 col10=1.00 to10=0.00 min_d= 3.67 avg_spd=2.12m/s end=collision t=   94.5s
[TRAIN][PPO] ep=062/500 r=   -2.89 avg10=   -4.99 steps= 139 succ10=0.00 touch10=0.00 col10=1.00 to10=0.00 min_d= 3.62 avg_spd=2.21m/s end=collision t=   95.8s
[TRAIN][PPO] ep=063/500 r=  -14.09 avg10=   -5.74 steps= 121 succ10=0.00 touch10=0.00 col10=1.00 to10=0.00 min_d= 3.62 avg_spd=1.96m/s end=collision t=   96.9s
[TRAIN][PPO] ep=064/500 r=  144.54 avg10=    9.31 steps= 679 succ10=0.00 touch10=0.00 col10=1.00 to10=0.00 min_d= 2.23 avg_spd=2.14m/s end=collision t=  102.8s
[TRAIN][PPO] ep=065/500 r=  -10.11 avg10=    8.77 steps= 121 succ10=0.00 touch10=0.00 col10=1.00 to10=0.00 min_d= 3.58 avg_spd=2.11m/s end=collision t=  103.8s
[TRAIN][PPO] ep=066/500 r=   82.69 avg10=   17.54 steps= 545 succ10=0.00 touch10=0.00 col10=1.00 to10=0.00 min_d= 2.65 avg_spd=2.15m/s end=collision t=  108.4s
[TRAIN][PPO] ep=067/500 r=   -1.03 avg10=   17.83 steps= 145 succ10=0.00 touch10=0.00 col10=1.00 to10=0.00 min_d= 3.56 avg_spd=2.15m/s end=collision t=  109.7s
[TRAIN][PPO] ep=068/500 r=   -2.33 avg10=   17.81 steps= 142 succ10=0.00 touch10=0.00 col10=1.00 to10=0.00 min_d= 3.59 avg_spd=2.18m/s end=collision t=  111.1s
[TRAIN][PPO] ep=069/500 r=   -3.13 avg10=   18.20 steps= 184 succ10=0.00 touch10=0.00 col10=1.00 to10=0.00 min_d= 3.55 avg_spd=2.08m/s end=collision t=  112.7s
[TRAIN][PPO] ep=070/500 r=   -7.21 avg10=   18.04 steps= 135 succ10=0.00 touch10=0.00 col10=1.00 to10=0.00 min_d= 3.63 avg_spd=2.11m/s end=collision t=  113.9s
[TRAIN][PPO] ep=071/500 r=   -4.84 avg10=   18.16 steps= 134 succ10=0.00 touch10=0.00 col10=1.00 to10=0.00 min_d= 3.65 avg_spd=2.17m/s end=collision t=  115.1s
[TRAIN][PPO] ep=072/500 r=    0.67 avg10=   18.52 steps= 175 succ10=0.00 touch10=0.00 col10=1.00 to10=0.00 min_d= 3.61 avg_spd=2.14m/s end=collision t=  116.8s
[TRAIN][PPO] ep=073/500 r=   -6.49 avg10=   19.27 steps= 130 succ10=0.00 touch10=0.00 col10=1.00 to10=0.00 min_d= 3.69 avg_spd=2.13m/s end=collision t=  117.9s
[TRAIN][PPO] ep=074/500 r=   -3.63 avg10=    4.46 steps= 137 succ10=0.00 touch10=0.00 col10=1.00 to10=0.00 min_d= 3.64 avg_spd=2.19m/s end=collision t=  119.1s
[TRAIN][PPO] ep=075/500 r=   -6.51 avg10=    4.82 steps= 148 succ10=0.00 touch10=0.00 col10=1.00 to10=0.00 min_d= 3.53 avg_spd=2.12m/s end=collision t=  120.3s
[TRAIN][PPO] ep=076/500 r=   -2.20 avg10=   -3.67 steps= 140 succ10=0.00 touch10=0.00 col10=1.00 to10=0.00 min_d= 3.51 avg_spd=2.21m/s end=collision t=  121.8s
[TRAIN][PPO] ep=077/500 r=   -5.08 avg10=   -4.08 steps= 133 succ10=0.00 touch10=0.00 col10=1.00 to10=0.00 min_d= 3.58 avg_spd=2.21m/s end=collision t=  122.9s
[TRAIN][PPO] ep=078/500 r=  -20.73 avg10=   -5.92 steps= 115 succ10=0.00 touch10=0.00 col10=1.00 to10=0.00 min_d= 3.73 avg_spd=1.93m/s end=collision t=  123.9s
[TRAIN][PPO] ep=079/500 r=   -5.81 avg10=   -6.18 steps= 136 succ10=0.00 touch10=0.00 col10=1.00 to10=0.00 min_d= 3.60 avg_spd=2.08m/s end=collision t=  125.1s
[TRAIN][PPO] ep=080/500 r=   -2.60 avg10=   -5.72 steps= 140 succ10=0.00 touch10=0.00 col10=1.00 to10=0.00 min_d= 3.61 avg_spd=2.17m/s end=collision t=  126.4s
[TRAIN][PPO] ep=081/500 r=   -1.59 avg10=   -5.40 steps= 144 succ10=0.00 touch10=0.00 col10=1.00 to10=0.00 min_d= 3.63 avg_spd=2.14m/s end=collision t=  127.7s
[TRAIN][PPO] ep=082/500 r=   -3.18 avg10=   -5.78 steps= 142 succ10=0.00 touch10=0.00 col10=1.00 to10=0.00 min_d= 3.65 avg_spd=2.16m/s end=collision t=  128.9s
[TRAIN][PPO] ep=083/500 r=  -12.93 avg10=   -6.43 steps= 156 succ10=0.00 touch10=0.00 col10=1.00 to10=0.00 min_d= 3.55 avg_spd=2.12m/s end=collision t=  130.2s
[TRAIN][PPO] ep=084/500 r=   -1.51 avg10=   -6.21 steps= 144 succ10=0.00 touch10=0.00 col10=1.00 to10=0.00 min_d= 3.59 avg_spd=2.15m/s end=collision t=  131.7s
[TRAIN][PPO] ep=085/500 r=   -4.73 avg10=   -6.04 steps= 134 succ10=0.00 touch10=0.00 col10=1.00 to10=0.00 min_d= 3.55 avg_spd=2.13m/s end=collision t=  132.8s
[TRAIN][PPO] ep=086/500 r=   -3.59 avg10=   -6.17 steps= 140 succ10=0.00 touch10=0.00 col10=1.00 to10=0.00 min_d= 3.62 avg_spd=2.15m/s end=collision t=  134.0s
[TRAIN][PPO] ep=087/500 r=   -5.72 avg10=   -6.24 steps= 134 succ10=0.00 touch10=0.00 col10=1.00 to10=0.00 min_d= 3.56 avg_spd=2.06m/s end=collision t=  135.2s
[TRAIN][PPO] ep=088/500 r=   -5.66 avg10=   -4.73 steps= 131 succ10=0.00 touch10=0.00 col10=1.00 to10=0.00 min_d= 3.53 avg_spd=2.21m/s end=collision t=  136.5s
[TRAIN][PPO] ep=089/500 r=   -5.76 avg10=   -4.73 steps= 130 succ10=0.00 touch10=0.00 col10=1.00 to10=0.00 min_d= 3.60 avg_spd=2.22m/s end=collision t=  137.6s
[TRAIN][PPO] ep=090/500 r=   -4.95 avg10=   -4.96 steps= 134 succ10=0.00 touch10=0.00 col10=1.00 to10=0.00 min_d= 3.61 avg_spd=2.18m/s end=collision t=  138.8s
[TRAIN][PPO] ep=091/500 r=   -1.83 avg10=   -4.99 steps= 144 succ10=0.00 touch10=0.00 col10=1.00 to10=0.00 min_d= 3.59 avg_spd=2.13m/s end=collision t=  140.1s
[TRAIN][PPO] ep=092/500 r=   -4.95 avg10=   -5.16 steps= 134 succ10=0.00 touch10=0.00 col10=1.00 to10=0.00 min_d= 3.65 avg_spd=2.13m/s end=collision t=  141.5s
[TRAIN][PPO] ep=093/500 r=   54.46 avg10=    1.57 steps= 562 succ10=0.00 touch10=0.00 col10=1.00 to10=0.00 min_d= 2.89 avg_spd=2.02m/s end=collision t=  146.4s
[TRAIN][PPO] ep=094/500 r=   -7.70 avg10=    0.96 steps= 128 succ10=0.00 touch10=0.00 col10=1.00 to10=0.00 min_d= 3.60 avg_spd=2.11m/s end=collision t=  147.5s
[TRAIN][PPO] ep=095/500 r=   -5.38 avg10=    0.89 steps= 138 succ10=0.00 touch10=0.00 col10=1.00 to10=0.00 min_d= 3.56 avg_spd=2.04m/s end=collision t=  148.6s
[TRAIN][PPO] ep=096/500 r=   -1.51 avg10=    1.10 steps= 143 succ10=0.00 touch10=0.00 col10=1.00 to10=0.00 min_d= 3.56 avg_spd=2.17m/s end=collision t=  150.1s
[TRAIN][PPO] ep=097/500 r=   -5.09 avg10=    1.16 steps= 132 succ10=0.00 touch10=0.00 col10=1.00 to10=0.00 min_d= 3.55 avg_spd=2.19m/s end=collision t=  151.2s
[TRAIN][PPO] ep=098/500 r=   -6.82 avg10=    1.05 steps= 129 succ10=0.00 touch10=0.00 col10=1.00 to10=0.00 min_d= 3.64 avg_spd=2.12m/s end=collision t=  152.4s
[TRAIN][PPO] ep=099/500 r=   -3.76 avg10=    1.25 steps= 141 succ10=0.00 touch10=0.00 col10=1.00 to10=0.00 min_d= 3.66 avg_spd=2.11m/s end=collision t=  153.6s
[TRAIN][PPO] ep=100/500 r=   -3.09 avg10=    1.43 steps= 141 succ10=0.00 touch10=0.00 col10=1.00 to10=0.00 min_d= 3.55 avg_spd=2.09m/s end=collision t=  155.0s ckpt=latest
[TRAIN][PPO] ep=101/500 r=   -6.83 avg10=    0.93 steps= 127 succ10=0.00 touch10=0.00 col10=1.00 to10=0.00 min_d= 3.59 avg_spd=2.20m/s end=collision t=  156.1s
[TRAIN][PPO] ep=102/500 r=   -5.93 avg10=    0.83 steps= 131 succ10=0.00 touch10=0.00 col10=1.00 to10=0.00 min_d= 3.64 avg_spd=2.12m/s end=collision t=  157.2s
[TRAIN][PPO] ep=103/500 r=   56.48 avg10=    1.04 steps= 404 succ10=0.00 touch10=0.00 col10=1.00 to10=0.00 min_d= 3.01 avg_spd=2.16m/s end=collision t=  160.6s
[TRAIN][PPO] ep=104/500 r=  -10.11 avg10=    0.80 steps= 182 succ10=0.00 touch10=0.00 col10=1.00 to10=0.00 min_d= 3.70 avg_spd=1.99m/s end=collision t=  162.5s
[TRAIN][PPO] ep=105/500 r=   -6.19 avg10=    0.72 steps= 135 succ10=0.00 touch10=0.00 col10=1.00 to10=0.00 min_d= 3.61 avg_spd=2.11m/s end=collision t=  163.6s
[TRAIN][PPO] ep=106/500 r=   -2.18 avg10=    0.65 steps= 141 succ10=0.00 touch10=0.00 col10=1.00 to10=0.00 min_d= 3.61 avg_spd=2.20m/s end=collision t=  164.8s
[TRAIN][PPO] ep=107/500 r=   -9.90 avg10=    0.17 steps= 128 succ10=0.00 touch10=0.00 col10=1.00 to10=0.00 min_d= 3.65 avg_spd=1.95m/s end=collision t=  166.0s
[TRAIN][PPO] ep=108/500 r=   -7.55 avg10=    0.10 steps= 131 succ10=0.00 touch10=0.00 col10=1.00 to10=0.00 min_d= 3.64 avg_spd=2.04m/s end=collision t=  167.2s
[TRAIN][PPO] ep=109/500 r=   -3.07 avg10=    0.16 steps= 140 succ10=0.00 touch10=0.00 col10=1.00 to10=0.00 min_d= 3.58 avg_spd=2.09m/s end=collision t=  168.5s
[TRAIN][PPO] ep=110/500 r=   -4.30 avg10=    0.04 steps= 139 succ10=0.00 touch10=0.00 col10=1.00 to10=0.00 min_d= 3.66 avg_spd=2.08m/s end=collision t=  169.7s
[TRAIN][PPO] ep=111/500 r=   -8.35 avg10=   -0.11 steps= 137 succ10=0.00 touch10=0.00 col10=1.00 to10=0.00 min_d= 3.65 avg_spd=1.97m/s end=collision t=  170.9s
[TRAIN][PPO] ep=112/500 r=   -1.18 avg10=    0.36 steps= 180 succ10=0.00 touch10=0.00 col10=1.00 to10=0.00 min_d= 3.59 avg_spd=2.05m/s end=collision t=  172.6s
[TRAIN][PPO] ep=113/500 r=   71.47 avg10=    1.86 steps= 556 succ10=0.00 touch10=0.00 col10=1.00 to10=0.00 min_d= 2.86 avg_spd=2.03m/s end=collision t=  177.5s
[TRAIN][PPO] ep=114/500 r=   -9.03 avg10=    1.97 steps= 132 succ10=0.00 touch10=0.00 col10=1.00 to10=0.00 min_d= 3.59 avg_spd=2.03m/s end=collision t=  178.6s
[TRAIN][PPO] ep=115/500 r=   -4.51 avg10=    2.14 steps= 135 succ10=0.00 touch10=0.00 col10=1.00 to10=0.00 min_d= 3.58 avg_spd=2.09m/s end=collision t=  179.8s
[TRAIN][PPO] ep=116/500 r=   -8.02 avg10=    1.56 steps= 127 succ10=0.00 touch10=0.00 col10=1.00 to10=0.00 min_d= 3.59 avg_spd=2.07m/s end=collision t=  181.2s
[TRAIN][PPO] ep=117/500 r=   -8.48 avg10=    1.70 steps= 125 succ10=0.00 touch10=0.00 col10=1.00 to10=0.00 min_d= 3.60 avg_spd=2.06m/s end=collision t=  182.2s
[TRAIN][PPO] ep=118/500 r=   -7.43 avg10=    1.71 steps= 132 succ10=0.00 touch10=0.00 col10=1.00 to10=0.00 min_d= 3.61 avg_spd=2.04m/s end=collision t=  183.3s
[TRAIN][PPO] ep=119/500 r=   54.30 avg10=    7.45 steps= 399 succ10=0.00 touch10=0.00 col10=1.00 to10=0.00 min_d= 3.03 avg_spd=2.09m/s end=collision t=  186.8s
[TRAIN][PPO] ep=120/500 r=   -7.73 avg10=    7.11 steps= 152 succ10=0.00 touch10=0.00 col10=1.00 to10=0.00 min_d= 3.64 avg_spd=2.08m/s end=collision t=  188.3s
[TRAIN][PPO] ep=121/500 r=   -2.87 avg10=    7.65 steps= 141 succ10=0.00 touch10=0.00 col10=1.00 to10=0.00 min_d= 3.59 avg_spd=2.10m/s end=collision t=  189.5s
[TRAIN][PPO] ep=122/500 r=   -6.15 avg10=    7.16 steps= 129 succ10=0.00 touch10=0.00 col10=1.00 to10=0.00 min_d= 3.53 avg_spd=2.15m/s end=collision t=  190.6s
[TRAIN][PPO] ep=123/500 r=  -18.89 avg10=   -1.88 steps= 117 succ10=0.00 touch10=0.00 col10=1.00 to10=0.00 min_d= 3.80 avg_spd=1.83m/s end=collision t=  191.6s
[TRAIN][PPO] ep=124/500 r=  -11.67 avg10=   -2.14 steps= 133 succ10=0.00 touch10=0.00 col10=1.00 to10=0.00 min_d= 3.72 avg_spd=1.93m/s end=collision t=  192.8s
[TRAIN][PPO] ep=125/500 r=   -0.95 avg10=   -1.79 steps= 148 succ10=0.00 touch10=0.00 col10=1.00 to10=0.00 min_d= 3.61 avg_spd=2.08m/s end=collision t=  194.0s
[TRAIN][PPO] ep=126/500 r=   -7.76 avg10=   -1.76 steps= 125 succ10=0.00 touch10=0.00 col10=1.00 to10=0.00 min_d= 3.58 avg_spd=2.18m/s end=collision t=  195.1s
[TRAIN][PPO] ep=127/500 r=   -6.01 avg10=   -1.52 steps= 134 succ10=0.00 touch10=0.00 col10=1.00 to10=0.00 min_d= 3.60 avg_spd=2.13m/s end=collision t=  196.3s
[TRAIN][PPO] ep=128/500 r=   -5.02 avg10=   -1.28 steps= 137 succ10=0.00 touch10=0.00 col10=1.00 to10=0.00 min_d= 3.64 avg_spd=2.10m/s end=collision t=  197.6s
[TRAIN][PPO] ep=129/500 r=   -6.81 avg10=   -7.39 steps= 127 succ10=0.00 touch10=0.00 col10=1.00 to10=0.00 min_d= 3.61 avg_spd=2.22m/s end=collision t=  198.7s
[TRAIN][PPO] ep=130/500 r=   -4.14 avg10=   -7.03 steps= 136 succ10=0.00 touch10=0.00 col10=1.00 to10=0.00 min_d= 3.63 avg_spd=2.20m/s end=collision t=  199.8s
[TRAIN][PPO] ep=131/500 r=   -2.83 avg10=   -7.02 steps= 160 succ10=0.00 touch10=0.00 col10=1.00 to10=0.00 min_d= 3.64 avg_spd=2.13m/s end=collision t=  201.2s
[TRAIN][PPO] ep=132/500 r=   -4.18 avg10=   -6.82 steps= 136 succ10=0.00 touch10=0.00 col10=1.00 to10=0.00 min_d= 3.62 avg_spd=2.10m/s end=collision t=  202.6s
[TRAIN][PPO] ep=133/500 r=   -2.68 avg10=   -5.20 steps= 162 succ10=0.00 touch10=0.00 col10=1.00 to10=0.00 min_d= 3.56 avg_spd=2.10m/s end=collision t=  204.0s
[TRAIN][PPO] ep=134/500 r=   -2.33 avg10=   -4.27 steps= 141 succ10=0.00 touch10=0.00 col10=1.00 to10=0.00 min_d= 3.65 avg_spd=2.17m/s end=collision t=  205.2s
[TRAIN][PPO] ep=135/500 r=   -8.84 avg10=   -5.06 steps= 123 succ10=0.00 touch10=0.00 col10=1.00 to10=0.00 min_d= 3.55 avg_spd=2.16m/s end=collision t=  206.3s
[TRAIN][PPO] ep=136/500 r=  -10.02 avg10=   -5.29 steps= 130 succ10=0.00 touch10=0.00 col10=1.00 to10=0.00 min_d= 3.73 avg_spd=1.99m/s end=collision t=  207.6s
[TRAIN][PPO] ep=137/500 r=   -4.19 avg10=   -5.10 steps= 139 succ10=0.00 touch10=0.00 col10=1.00 to10=0.00 min_d= 3.59 avg_spd=2.06m/s end=collision t=  208.8s
[TRAIN][PPO] ep=138/500 r=   -7.42 avg10=   -5.34 steps= 147 succ10=0.00 touch10=0.00 col10=1.00 to10=0.00 min_d= 3.57 avg_spd=2.08m/s end=collision t=  210.0s
[TRAIN][PPO] ep=139/500 r=   -3.44 avg10=   -5.01 steps= 138 succ10=0.00 touch10=0.00 col10=1.00 to10=0.00 min_d= 3.60 avg_spd=2.13m/s end=collision t=  211.3s
[TRAIN][PPO] ep=140/500 r=  -29.34 avg10=   -7.53 steps=  97 succ10=0.00 touch10=0.00 col10=1.00 to10=0.00 min_d= 3.83 avg_spd=2.03m/s end=collision t=  212.4s
[TRAIN][PPO] ep=141/500 r=   -9.53 avg10=   -8.20 steps= 130 succ10=0.00 touch10=0.00 col10=1.00 to10=0.00 min_d= 3.71 avg_spd=2.06m/s end=collision t=  213.5s
[TRAIN][PPO] ep=142/500 r=   -2.21 avg10=   -8.00 steps= 141 succ10=0.00 touch10=0.00 col10=1.00 to10=0.00 min_d= 3.65 avg_spd=2.17m/s end=collision t=  214.8s
[TRAIN][PPO] ep=143/500 r=   -6.78 avg10=   -8.41 steps= 127 succ10=0.00 touch10=0.00 col10=1.00 to10=0.00 min_d= 3.56 avg_spd=2.22m/s end=collision t=  215.9s
[TRAIN][PPO] ep=144/500 r=   -4.59 avg10=   -8.64 steps= 139 succ10=0.00 touch10=0.00 col10=1.00 to10=0.00 min_d= 3.60 avg_spd=2.13m/s end=collision t=  217.3s
[TRAIN][PPO] ep=145/500 r=   -8.17 avg10=   -8.57 steps= 137 succ10=0.00 touch10=0.00 col10=1.00 to10=0.00 min_d= 3.66 avg_spd=2.01m/s end=collision t=  218.5s
[TRAIN][PPO] ep=146/500 r=   -7.93 avg10=   -8.36 steps= 125 succ10=0.00 touch10=0.00 col10=1.00 to10=0.00 min_d= 3.58 avg_spd=2.15m/s end=collision t=  219.6s
[TRAIN][PPO] ep=147/500 r=  -24.25 avg10=  -10.37 steps= 110 succ10=0.00 touch10=0.00 col10=1.00 to10=0.00 min_d= 3.83 avg_spd=1.93m/s end=collision t=  220.5s
[TRAIN][PPO] ep=148/500 r=   -4.07 avg10=  -10.03 steps= 140 succ10=0.00 touch10=0.00 col10=1.00 to10=0.00 min_d= 3.54 avg_spd=2.05m/s end=collision t=  221.9s
[TRAIN][PPO] ep=149/500 r=  -11.81 avg10=  -10.87 steps= 121 succ10=0.00 touch10=0.00 col10=1.00 to10=0.00 min_d= 3.60 avg_spd=2.01m/s end=collision t=  222.9s
[TRAIN][PPO] ep=150/500 r=   61.84 avg10=   -1.75 steps= 407 succ10=0.00 touch10=0.00 col10=1.00 to10=0.00 min_d= 3.01 avg_spd=2.14m/s end=collision t=  226.4s
[TRAIN][PPO] ep=151/500 r=   -2.89 avg10=   -1.09 steps= 141 succ10=0.00 touch10=0.00 col10=1.00 to10=0.00 min_d= 3.52 avg_spd=2.09m/s end=collision t=  227.6s
[TRAIN][PPO] ep=152/500 r=   -8.07 avg10=   -1.67 steps= 126 succ10=0.00 touch10=0.00 col10=1.00 to10=0.00 min_d= 3.56 avg_spd=2.14m/s end=collision t=  228.9s
[TRAIN][PPO] ep=153/500 r=   -6.47 avg10=   -1.64 steps= 137 succ10=0.00 touch10=0.00 col10=1.00 to10=0.00 min_d= 3.66 avg_spd=2.13m/s end=collision t=  230.1s
[TRAIN][PPO] ep=154/500 r=   -4.03 avg10=   -1.59 steps= 145 succ10=0.00 touch10=0.00 col10=1.00 to10=0.00 min_d= 3.66 avg_spd=2.05m/s end=collision t=  231.4s
[TRAIN][PPO] ep=155/500 r=   -3.51 avg10=   -1.12 steps= 139 succ10=0.00 touch10=0.00 col10=1.00 to10=0.00 min_d= 3.61 avg_spd=2.18m/s end=collision t=  232.6s
[TRAIN][PPO] ep=156/500 r=   50.25 avg10=    4.70 steps= 411 succ10=0.00 touch10=0.00 col10=1.00 to10=0.00 min_d= 2.99 avg_spd=2.16m/s end=collision t=  236.3s
[TRAIN][PPO] ep=157/500 r=   -4.55 avg10=    6.67 steps= 134 succ10=0.00 touch10=0.00 col10=1.00 to10=0.00 min_d= 3.61 avg_spd=2.17m/s end=collision t=  237.5s
[TRAIN][PPO] ep=158/500 r=   -7.50 avg10=    6.32 steps= 127 succ10=0.00 touch10=0.00 col10=1.00 to10=0.00 min_d= 3.54 avg_spd=2.18m/s end=collision t=  238.6s
[TRAIN][PPO] ep=159/500 r=   -7.35 avg10=    6.77 steps= 125 succ10=0.00 touch10=0.00 col10=1.00 to10=0.00 min_d= 3.55 avg_spd=2.20m/s end=collision t=  239.7s
[TRAIN][PPO] ep=160/500 r=   -1.09 avg10=    0.48 steps= 145 succ10=0.00 touch10=0.00 col10=1.00 to10=0.00 min_d= 3.60 avg_spd=2.14m/s end=collision t=  241.1s
[TRAIN][PPO] ep=161/500 r=   -3.87 avg10=    0.38 steps= 137 succ10=0.00 touch10=0.00 col10=1.00 to10=0.00 min_d= 3.56 avg_spd=2.14m/s end=collision t=  242.3s
[TRAIN][PPO] ep=162/500 r=   -6.30 avg10=    0.56 steps= 130 succ10=0.00 touch10=0.00 col10=1.00 to10=0.00 min_d= 3.65 avg_spd=2.11m/s end=collision t=  243.5s
[TRAIN][PPO] ep=163/500 r=   54.03 avg10=    6.61 steps= 407 succ10=0.00 touch10=0.00 col10=1.00 to10=0.00 min_d= 3.01 avg_spd=2.17m/s end=collision t=  247.0s
[TRAIN][PPO] ep=164/500 r=   -5.23 avg10=    6.49 steps= 133 succ10=0.00 touch10=0.00 col10=1.00 to10=0.00 min_d= 3.61 avg_spd=2.17m/s end=collision t=  248.3s
[TRAIN][PPO] ep=165/500 r=   71.22 avg10=   13.96 steps= 541 succ10=0.00 touch10=0.00 col10=1.00 to10=0.00 min_d= 2.70 avg_spd=2.12m/s end=collision t=  252.8s
[TRAIN][PPO] ep=166/500 r=  -12.41 avg10=    7.70 steps= 122 succ10=0.00 touch10=0.00 col10=1.00 to10=0.00 min_d= 3.61 avg_spd=1.97m/s end=collision t=  253.9s
[TRAIN][PPO] ep=167/500 r=   -6.02 avg10=    7.55 steps= 136 succ10=0.00 touch10=0.00 col10=1.00 to10=0.00 min_d= 3.67 avg_spd=2.05m/s end=collision t=  255.1s
[TRAIN][PPO] ep=168/500 r=   -5.79 avg10=    7.72 steps= 160 succ10=0.00 touch10=0.00 col10=1.00 to10=0.00 min_d= 3.56 avg_spd=2.15m/s end=collision t=  256.7s
[TRAIN][PPO] ep=169/500 r=   -4.26 avg10=    8.03 steps= 138 succ10=0.00 touch10=0.00 col10=1.00 to10=0.00 min_d= 3.65 avg_spd=2.14m/s end=collision t=  257.8s
[TRAIN][PPO] ep=170/500 r=  -11.01 avg10=    7.04 steps= 128 succ10=0.00 touch10=0.00 col10=1.00 to10=0.00 min_d= 3.66 avg_spd=1.97m/s end=collision t=  258.9s
[TRAIN][PPO] ep=171/500 r=   -3.84 avg10=    7.04 steps= 136 succ10=0.00 touch10=0.00 col10=1.00 to10=0.00 min_d= 3.62 avg_spd=2.19m/s end=collision t=  260.1s
[TRAIN][PPO] ep=172/500 r=   -5.35 avg10=    7.13 steps= 132 succ10=0.00 touch10=0.00 col10=1.00 to10=0.00 min_d= 3.60 avg_spd=2.14m/s end=collision t=  261.6s
[TRAIN][PPO] ep=173/500 r=   -4.23 avg10=    1.31 steps= 136 succ10=0.00 touch10=0.00 col10=1.00 to10=0.00 min_d= 3.53 avg_spd=2.08m/s end=collision t=  262.8s
[TRAIN][PPO] ep=174/500 r=   -3.21 avg10=    1.51 steps= 138 succ10=0.00 touch10=0.00 col10=1.00 to10=0.00 min_d= 3.51 avg_spd=2.15m/s end=collision t=  264.0s
[TRAIN][PPO] ep=175/500 r=  -12.81 avg10=   -6.89 steps= 123 succ10=0.00 touch10=0.00 col10=1.00 to10=0.00 min_d= 3.77 avg_spd=1.94m/s end=collision t=  265.1s
[TRAIN][PPO] ep=176/500 r=   50.02 avg10=   -0.65 steps= 404 succ10=0.00 touch10=0.00 col10=1.00 to10=0.00 min_d= 3.02 avg_spd=2.16m/s end=collision t=  268.7s
[TRAIN][PPO] ep=177/500 r=    1.00 avg10=    0.05 steps= 165 succ10=0.00 touch10=0.00 col10=1.00 to10=0.00 min_d= 3.59 avg_spd=2.17m/s end=collision t=  270.1s
[TRAIN][PPO] ep=178/500 r=   -5.23 avg10=    0.11 steps= 134 succ10=0.00 touch10=0.00 col10=1.00 to10=0.00 min_d= 3.56 avg_spd=2.07m/s end=collision t=  271.4s
[TRAIN][PPO] ep=179/500 r=   -8.24 avg10=   -0.29 steps= 124 succ10=0.00 touch10=0.00 col10=1.00 to10=0.00 min_d= 3.63 avg_spd=2.14m/s end=collision t=  272.4s
[TRAIN][PPO] ep=180/500 r=   -2.87 avg10=    0.52 steps= 139 succ10=0.00 touch10=0.00 col10=1.00 to10=0.00 min_d= 3.59 avg_spd=2.14m/s end=collision t=  273.8s
[TRAIN][PPO] ep=181/500 r=  -14.72 avg10=   -0.56 steps= 122 succ10=0.00 touch10=0.00 col10=1.00 to10=0.00 min_d= 3.72 avg_spd=1.84m/s end=collision t=  274.9s
[TRAIN][PPO] ep=182/500 r=   -0.32 avg10=   -0.06 steps= 274 succ10=0.00 touch10=0.00 col10=1.00 to10=0.00 min_d= 3.44 avg_spd=2.06m/s end=collision t=  277.3s
[TRAIN][PPO] ep=183/500 r=   -3.56 avg10=    0.01 steps= 138 succ10=0.00 touch10=0.00 col10=1.00 to10=0.00 min_d= 3.62 avg_spd=2.21m/s end=collision t=  278.5s
[TRAIN][PPO] ep=184/500 r=   -8.92 avg10=   -0.56 steps= 129 succ10=0.00 touch10=0.00 col10=1.00 to10=0.00 min_d= 3.61 avg_spd=2.01m/s end=collision t=  279.8s
[TRAIN][PPO] ep=185/500 r=   -3.34 avg10=    0.38 steps= 141 succ10=0.00 touch10=0.00 col10=1.00 to10=0.00 min_d= 3.61 avg_spd=2.14m/s end=collision t=  281.0s
[TRAIN][PPO] ep=186/500 r=  -13.90 avg10=   -6.01 steps= 122 succ10=0.00 touch10=0.00 col10=1.00 to10=0.00 min_d= 3.66 avg_spd=1.87m/s end=collision t=  282.1s
[TRAIN][PPO] ep=187/500 r=   -7.75 avg10=   -6.88 steps= 141 succ10=0.00 touch10=0.00 col10=1.00 to10=0.00 min_d= 3.66 avg_spd=1.88m/s end=collision t=  283.4s
[TRAIN][PPO] ep=188/500 r=   -2.80 avg10=   -6.64 steps= 139 succ10=0.00 touch10=0.00 col10=1.00 to10=0.00 min_d= 3.55 avg_spd=2.19m/s end=collision t=  284.7s
[TRAIN][PPO] ep=189/500 r=  -11.90 avg10=   -7.01 steps= 128 succ10=0.00 touch10=0.00 col10=1.00 to10=0.00 min_d= 3.61 avg_spd=1.93m/s end=collision t=  285.9s
[TRAIN][PPO] ep=190/500 r=   80.64 avg10=    1.34 steps= 545 succ10=0.00 touch10=0.00 col10=1.00 to10=0.00 min_d= 2.74 avg_spd=2.13m/s end=collision t=  290.5s
[TRAIN][PPO] ep=191/500 r=   -2.26 avg10=    2.59 steps= 141 succ10=0.00 touch10=0.00 col10=1.00 to10=0.00 min_d= 3.56 avg_spd=2.13m/s end=collision t=  291.6s
[TRAIN][PPO] ep=192/500 r=   -2.16 avg10=    2.40 steps= 145 succ10=0.00 touch10=0.00 col10=1.00 to10=0.00 min_d= 3.62 avg_spd=2.12m/s end=collision t=  293.1s
[TRAIN][PPO] ep=193/500 r=   -5.41 avg10=    2.22 steps= 136 succ10=0.00 touch10=0.00 col10=1.00 to10=0.00 min_d= 3.63 avg_spd=2.12m/s end=collision t=  294.2s
[TRAIN][PPO] ep=194/500 r=   -5.15 avg10=    2.60 steps= 139 succ10=0.00 touch10=0.00 col10=1.00 to10=0.00 min_d= 3.56 avg_spd=2.11m/s end=collision t=  295.5s
[TRAIN][PPO] ep=195/500 r=   -2.44 avg10=    2.69 steps= 140 succ10=0.00 touch10=0.00 col10=1.00 to10=0.00 min_d= 3.58 avg_spd=2.22m/s end=collision t=  296.7s
[TRAIN][PPO] ep=196/500 r=   -3.00 avg10=    3.78 steps= 140 succ10=0.00 touch10=0.00 col10=1.00 to10=0.00 min_d= 3.63 avg_spd=2.16m/s end=collision t=  298.1s
[TRAIN][PPO] ep=197/500 r=   -4.48 avg10=    4.10 steps= 137 succ10=0.00 touch10=0.00 col10=1.00 to10=0.00 min_d= 3.57 avg_spd=2.12m/s end=collision t=  299.3s
[TRAIN][PPO] ep=198/500 r=   -5.61 avg10=    3.82 steps= 159 succ10=0.00 touch10=0.00 col10=1.00 to10=0.00 min_d= 3.71 avg_spd=1.98m/s end=collision t=  300.6s
[TRAIN][PPO] ep=199/500 r=   -8.73 avg10=    4.14 steps= 159 succ10=0.00 touch10=0.00 col10=1.00 to10=0.00 min_d= 3.71 avg_spd=1.95m/s end=collision t=  302.0s
[TRAIN][PPO] ep=200/500 r=   -8.90 avg10=   -4.81 steps= 134 succ10=0.00 touch10=0.00 col10=1.00 to10=0.00 min_d= 3.62 avg_spd=1.98m/s end=collision t=  303.3s ckpt=latest
[TRAIN][PPO] ep=201/500 r=   16.75 avg10=   -2.91 steps= 281 succ10=0.00 touch10=0.00 col10=1.00 to10=0.00 min_d= 3.40 avg_spd=2.17m/s end=collision t=  305.6s
[TRAIN][PPO] ep=202/500 r=   -4.26 avg10=   -3.12 steps= 136 succ10=0.00 touch10=0.00 col10=1.00 to10=0.00 min_d= 3.55 avg_spd=2.19m/s end=collision t=  306.8s
[TRAIN][PPO] ep=203/500 r=    1.17 avg10=   -2.46 steps= 272 succ10=0.00 touch10=0.00 col10=1.00 to10=0.00 min_d= 3.40 avg_spd=2.10m/s end=collision t=  309.1s
[TRAIN][PPO] ep=204/500 r=   -9.30 avg10=   -2.88 steps= 130 succ10=0.00 touch10=0.00 col10=1.00 to10=0.00 min_d= 3.62 avg_spd=2.02m/s end=collision t=  310.4s
[TRAIN][PPO] ep=205/500 r=   -8.22 avg10=   -3.46 steps= 127 succ10=0.00 touch10=0.00 col10=1.00 to10=0.00 min_d= 3.56 avg_spd=2.10m/s end=collision t=  311.5s
[TRAIN][PPO] ep=206/500 r=   -7.24 avg10=   -3.88 steps= 133 succ10=0.00 touch10=0.00 col10=1.00 to10=0.00 min_d= 3.65 avg_spd=2.04m/s end=collision t=  312.7s
[TRAIN][PPO] ep=207/500 r=   -4.86 avg10=   -3.92 steps= 135 succ10=0.00 touch10=0.00 col10=1.00 to10=0.00 min_d= 3.55 avg_spd=2.20m/s end=collision t=  313.9s
[TRAIN][PPO] ep=208/500 r=   -4.42 avg10=   -3.80 steps= 136 succ10=0.00 touch10=0.00 col10=1.00 to10=0.00 min_d= 3.55 avg_spd=2.17m/s end=collision t=  315.2s
[TRAIN][PPO] ep=209/500 r=   -0.76 avg10=   -3.00 steps= 146 succ10=0.00 touch10=0.00 col10=1.00 to10=0.00 min_d= 3.52 avg_spd=2.19m/s end=collision t=  316.5s
[TRAIN][PPO] ep=210/500 r=    4.86 avg10=   -1.63 steps= 265 succ10=0.00 touch10=0.00 col10=1.00 to10=0.00 min_d= 3.47 avg_spd=2.12m/s end=collision t=  318.8s
[TRAIN][PPO] ep=211/500 r=   -3.83 avg10=   -3.69 steps= 154 succ10=0.00 touch10=0.00 col10=1.00 to10=0.00 min_d= 3.65 avg_spd=1.93m/s end=collision t=  320.2s
[TRAIN][PPO] ep=212/500 r=   -5.38 avg10=   -3.80 steps= 132 succ10=0.00 touch10=0.00 col10=1.00 to10=0.00 min_d= 3.54 avg_spd=2.19m/s end=collision t=  321.5s
[TRAIN][PPO] ep=213/500 r=   -8.05 avg10=   -4.72 steps= 153 succ10=0.00 touch10=0.00 col10=1.00 to10=0.00 min_d= 3.64 avg_spd=2.13m/s end=collision t=  322.8s
[TRAIN][PPO] ep=214/500 r=   -1.69 avg10=   -3.96 steps= 145 succ10=0.00 touch10=0.00 col10=1.00 to10=0.00 min_d= 3.59 avg_spd=2.16m/s end=collision t=  324.1s
[TRAIN][PPO] ep=215/500 r=  -10.64 avg10=   -4.20 steps= 129 succ10=0.00 touch10=0.00 col10=1.00 to10=0.00 min_d= 3.73 avg_spd=1.94m/s end=collision t=  325.2s
[TRAIN][PPO] ep=216/500 r=   -4.14 avg10=   -3.89 steps= 137 succ10=0.00 touch10=0.00 col10=1.00 to10=0.00 min_d= 3.60 avg_spd=2.15m/s end=collision t=  326.6s
[TRAIN][PPO] ep=217/500 r=  -43.95 avg10=   -7.80 steps= 458 succ10=0.00 touch10=0.00 col10=1.00 to10=0.00 min_d= 3.64 avg_spd=2.10m/s end=collision t=  330.4s
[TRAIN][PPO] ep=218/500 r=   -5.37 avg10=   -7.89 steps= 131 succ10=0.00 touch10=0.00 col10=1.00 to10=0.00 min_d= 3.52 avg_spd=2.19m/s end=collision t=  331.6s
[TRAIN][PPO] ep=219/500 r=   -3.92 avg10=   -8.21 steps= 141 succ10=0.00 touch10=0.00 col10=1.00 to10=0.00 min_d= 3.68 avg_spd=2.08m/s end=collision t=  332.8s
[TRAIN][PPO] ep=220/500 r=   -6.04 avg10=   -9.30 steps= 136 succ10=0.00 touch10=0.00 col10=1.00 to10=0.00 min_d= 3.62 avg_spd=2.01m/s end=collision t=  334.1s
[TRAIN][PPO] ep=221/500 r=   -4.60 avg10=   -9.38 steps= 143 succ10=0.00 touch10=0.00 col10=1.00 to10=0.00 min_d= 3.58 avg_spd=2.15m/s end=collision t=  335.3s
[TRAIN][PPO] ep=222/500 r=   -6.39 avg10=   -9.48 steps= 162 succ10=0.00 touch10=0.00 col10=1.00 to10=0.00 min_d= 3.55 avg_spd=2.11m/s end=collision t=  336.7s
[TRAIN][PPO] ep=223/500 r=    0.16 avg10=   -8.66 steps= 150 succ10=0.00 touch10=0.00 col10=1.00 to10=0.00 min_d= 3.64 avg_spd=2.13m/s end=collision t=  338.0s
[TRAIN][PPO] ep=224/500 r=    0.04 avg10=   -8.48 steps= 154 succ10=0.00 touch10=0.00 col10=1.00 to10=0.00 min_d= 3.58 avg_spd=2.13m/s end=collision t=  339.5s
[TRAIN][PPO] ep=225/500 r=  -13.64 avg10=   -8.78 steps= 124 succ10=0.00 touch10=0.00 col10=1.00 to10=0.00 min_d= 3.62 avg_spd=1.88m/s end=collision t=  340.6s
[TRAIN][PPO] ep=226/500 r=  160.33 avg10=    7.66 steps= 646 succ10=0.00 touch10=0.00 col10=1.00 to10=0.00 min_d= 2.28 avg_spd=2.11m/s end=collision t=  345.9s
[TRAIN][PPO] ep=227/500 r=   -1.88 avg10=   11.87 steps= 147 succ10=0.00 touch10=0.00 col10=1.00 to10=0.00 min_d= 3.56 avg_spd=2.19m/s end=collision t=  347.2s
[TRAIN][PPO] ep=228/500 r=   -0.99 avg10=   12.31 steps= 151 succ10=0.00 touch10=0.00 col10=1.00 to10=0.00 min_d= 3.58 avg_spd=2.15m/s end=collision t=  348.8s
[TRAIN][PPO] ep=229/500 r=   -3.95 avg10=   12.30 steps= 140 succ10=0.00 touch10=0.00 col10=1.00 to10=0.00 min_d= 3.56 avg_spd=2.17m/s end=collision t=  350.1s
[TRAIN][PPO] ep=230/500 r=   25.03 avg10=   15.41 steps= 279 succ10=0.00 touch10=0.00 col10=1.00 to10=0.00 min_d= 3.41 avg_spd=2.10m/s end=collision t=  352.5s
[TRAIN][PPO] ep=231/500 r=   -0.74 avg10=   15.80 steps= 155 succ10=0.00 touch10=0.00 col10=1.00 to10=0.00 min_d= 3.65 avg_spd=2.04m/s end=collision t=  353.9s
[TRAIN][PPO] ep=232/500 r=   -1.28 avg10=   16.31 steps= 144 succ10=0.00 touch10=0.00 col10=1.00 to10=0.00 min_d= 3.60 avg_spd=2.16m/s end=collision t=  355.3s
[TRAIN][PPO] ep=233/500 r=   -5.98 avg10=   15.69 steps= 132 succ10=0.00 touch10=0.00 col10=1.00 to10=0.00 min_d= 3.66 avg_spd=2.09m/s end=collision t=  356.6s
[TRAIN][PPO] ep=234/500 r=   -4.69 avg10=   15.22 steps= 134 succ10=0.00 touch10=0.00 col10=1.00 to10=0.00 min_d= 3.57 avg_spd=2.18m/s end=collision t=  357.7s
[TRAIN][PPO] ep=235/500 r=   -2.81 avg10=   16.30 steps= 139 succ10=0.00 touch10=0.00 col10=1.00 to10=0.00 min_d= 3.59 avg_spd=2.16m/s end=collision t=  359.0s
[TRAIN][PPO] ep=236/500 r=   -5.70 avg10=   -0.30 steps= 135 succ10=0.00 touch10=0.00 col10=1.00 to10=0.00 min_d= 3.64 avg_spd=2.06m/s end=collision t=  360.3s
[TRAIN][PPO] ep=237/500 r=   -3.61 avg10=   -0.47 steps= 139 succ10=0.00 touch10=0.00 col10=1.00 to10=0.00 min_d= 3.58 avg_spd=2.22m/s end=collision t=  361.5s
[TRAIN][PPO] ep=238/500 r=   -3.45 avg10=   -0.72 steps= 143 succ10=0.00 touch10=0.00 col10=1.00 to10=0.00 min_d= 3.52 avg_spd=2.16m/s end=collision t=  362.8s
[TRAIN][PPO] ep=239/500 r=   -5.88 avg10=   -0.91 steps= 138 succ10=0.00 touch10=0.00 col10=1.00 to10=0.00 min_d= 3.64 avg_spd=1.99m/s end=collision t=  364.0s
[TRAIN][PPO] ep=240/500 r=    0.08 avg10=   -3.41 steps= 149 succ10=0.00 touch10=0.00 col10=1.00 to10=0.00 min_d= 3.58 avg_spd=2.14m/s end=collision t=  365.4s
[TRAIN][PPO] ep=241/500 r=   -1.86 avg10=   -3.52 steps= 142 succ10=0.00 touch10=0.00 col10=1.00 to10=0.00 min_d= 3.52 avg_spd=2.21m/s end=collision t=  366.7s
[TRAIN][PPO] ep=242/500 r=   -5.41 avg10=   -3.93 steps= 132 succ10=0.00 touch10=0.00 col10=1.00 to10=0.00 min_d= 3.54 avg_spd=2.19m/s end=collision t=  367.9s
[TRAIN][PPO] ep=243/500 r=   -6.25 avg10=   -3.96 steps= 133 succ10=0.00 touch10=0.00 col10=1.00 to10=0.00 min_d= 3.55 avg_spd=2.07m/s end=collision t=  369.0s
[TRAIN][PPO] ep=244/500 r=   -3.86 avg10=   -3.87 steps= 139 succ10=0.00 touch10=0.00 col10=1.00 to10=0.00 min_d= 3.53 avg_spd=2.17m/s end=collision t=  370.4s
[TRAIN][PPO] ep=245/500 r=    0.11 avg10=   -3.58 steps= 148 succ10=0.00 touch10=0.00 col10=1.00 to10=0.00 min_d= 3.55 avg_spd=2.17m/s end=collision t=  371.7s
[TRAIN][PPO] ep=246/500 r=   -9.17 avg10=   -3.93 steps= 263 succ10=0.00 touch10=0.00 col10=1.00 to10=0.00 min_d= 3.46 avg_spd=2.11m/s end=collision t=  374.0s
[TRAIN][PPO] ep=247/500 r=    5.95 avg10=   -2.97 steps= 269 succ10=0.00 touch10=0.00 col10=1.00 to10=0.00 min_d= 3.51 avg_spd=2.08m/s end=collision t=  376.4s
[TRAIN][PPO] ep=248/500 r=   23.69 avg10=   -0.26 steps= 277 succ10=0.00 touch10=0.00 col10=1.00 to10=0.00 min_d= 3.40 avg_spd=2.14m/s end=collision t=  379.0s
[TRAIN][PPO] ep=249/500 r=   -4.36 avg10=   -0.11 steps= 142 succ10=0.00 touch10=0.00 col10=1.00 to10=0.00 min_d= 3.61 avg_spd=2.09m/s end=collision t=  380.3s
[TRAIN][PPO] ep=250/500 r=    0.14 avg10=   -0.10 steps= 264 succ10=0.00 touch10=0.00 col10=1.00 to10=0.00 min_d= 3.46 avg_spd=2.14m/s end=collision t=  382.6s
[TRAIN][PPO] ep=251/500 r=   -2.76 avg10=   -0.19 steps= 149 succ10=0.00 touch10=0.00 col10=1.00 to10=0.00 min_d= 3.52 avg_spd=2.12m/s end=collision t=  383.9s
[TRAIN][PPO] ep=252/500 r=   -0.91 avg10=    0.26 steps= 147 succ10=0.00 touch10=0.00 col10=1.00 to10=0.00 min_d= 3.58 avg_spd=2.16m/s end=collision t=  385.5s
[TRAIN][PPO] ep=253/500 r=   -8.68 avg10=    0.02 steps= 262 succ10=0.00 touch10=0.00 col10=1.00 to10=0.00 min_d= 3.52 avg_spd=2.10m/s end=collision t=  387.9s
[TRAIN][PPO] ep=254/500 r=   -6.35 avg10=   -0.23 steps= 155 succ10=0.00 touch10=0.00 col10=1.00 to10=0.00 min_d= 3.72 avg_spd=1.94m/s end=collision t=  389.2s
[TRAIN][PPO] ep=255/500 r=    0.40 avg10=   -0.20 steps= 154 succ10=0.00 touch10=0.00 col10=1.00 to10=0.00 min_d= 3.63 avg_spd=2.16m/s end=collision t=  390.6s
[TRAIN][PPO] ep=256/500 r=  135.15 avg10=   14.23 steps= 684 succ10=0.00 touch10=0.00 col10=1.00 to10=0.00 min_d= 2.24 avg_spd=2.14m/s end=collision t=  396.7s
[TRAIN][PPO] ep=257/500 r=    1.39 avg10=   13.77 steps= 153 succ10=0.00 touch10=0.00 col10=1.00 to10=0.00 min_d= 3.52 avg_spd=2.19m/s end=collision t=  398.0s
[TRAIN][PPO] ep=258/500 r=   -6.46 avg10=   10.76 steps= 130 succ10=0.00 touch10=0.00 col10=1.00 to10=0.00 min_d= 3.60 avg_spd=2.07m/s end=collision t=  399.1s
[TRAIN][PPO] ep=259/500 r=   -1.68 avg10=   11.02 steps= 148 succ10=0.00 touch10=0.00 col10=1.00 to10=0.00 min_d= 3.65 avg_spd=2.07m/s end=collision t=  400.4s
[TRAIN][PPO] ep=260/500 r=    0.17 avg10=   11.03 steps= 150 succ10=0.00 touch10=0.00 col10=1.00 to10=0.00 min_d= 3.57 avg_spd=2.16m/s end=collision t=  401.9s
[TRAIN][PPO] ep=261/500 r=  270.50 avg10=   38.35 steps=1205 succ10=0.00 touch10=0.00 col10=1.00 to10=0.00 min_d= 1.34 avg_spd=2.11m/s end=collision t=  412.3s ckpt=best
[TRAIN][PPO] ep=262/500 r=   -4.71 avg10=   37.97 steps= 137 succ10=0.00 touch10=0.00 col10=1.00 to10=0.00 min_d= 3.55 avg_spd=2.08m/s end=collision t=  413.5s
[TRAIN][PPO] ep=263/500 r=   -2.82 avg10=   38.56 steps= 140 succ10=0.00 touch10=0.00 col10=1.00 to10=0.00 min_d= 3.54 avg_spd=2.15m/s end=collision t=  414.8s
[TRAIN][PPO] ep=264/500 r=   -2.00 avg10=   38.99 steps= 146 succ10=0.00 touch10=0.00 col10=1.00 to10=0.00 min_d= 3.62 avg_spd=2.09m/s end=collision t=  416.3s
[TRAIN][PPO] ep=265/500 r=   -1.16 avg10=   38.84 steps= 146 succ10=0.00 touch10=0.00 col10=1.00 to10=0.00 min_d= 3.51 avg_spd=2.22m/s end=collision t=  417.6s
[TRAIN][PPO] ep=266/500 r=   -2.88 avg10=   25.03 steps= 257 succ10=0.00 touch10=0.00 col10=1.00 to10=0.00 min_d= 3.49 avg_spd=2.11m/s end=collision t=  419.8s
[TRAIN][PPO] ep=267/500 r=    9.92 avg10=   25.89 steps= 268 succ10=0.00 touch10=0.00 col10=1.00 to10=0.00 min_d= 3.46 avg_spd=2.12m/s end=collision t=  422.1s
[TRAIN][PPO] ep=268/500 r=   -1.20 avg10=   26.41 steps= 147 succ10=0.00 touch10=0.00 col10=1.00 to10=0.00 min_d= 3.59 avg_spd=2.08m/s end=collision t=  423.6s
[TRAIN][PPO] ep=269/500 r=   -2.89 avg10=   26.29 steps= 142 succ10=0.00 touch10=0.00 col10=1.00 to10=0.00 min_d= 3.57 avg_spd=2.12m/s end=collision t=  424.9s
[TRAIN][PPO] ep=270/500 r=    1.96 avg10=   26.47 steps= 267 succ10=0.00 touch10=0.00 col10=1.00 to10=0.00 min_d= 3.53 avg_spd=2.11m/s end=collision t=  427.1s
[TRAIN][PPO] ep=271/500 r=   -4.09 avg10=   -0.99 steps= 143 succ10=0.00 touch10=0.00 col10=1.00 to10=0.00 min_d= 3.64 avg_spd=2.02m/s end=collision t=  428.3s
[TRAIN][PPO] ep=272/500 r=   -4.17 avg10=   -0.93 steps= 145 succ10=0.00 touch10=0.00 col10=1.00 to10=0.00 min_d= 3.59 avg_spd=2.23m/s end=collision t=  429.8s
[TRAIN][PPO] ep=273/500 r=   -1.64 avg10=   -0.81 steps= 146 succ10=0.00 touch10=0.00 col10=1.00 to10=0.00 min_d= 3.55 avg_spd=2.12m/s end=collision t=  431.1s
[TRAIN][PPO] ep=274/500 r=   -4.12 avg10=   -1.03 steps= 136 succ10=0.00 touch10=0.00 col10=1.00 to10=0.00 min_d= 3.56 avg_spd=2.18m/s end=collision t=  432.3s
[TRAIN][PPO] ep=275/500 r=  -48.07 avg10=   -5.72 steps= 459 succ10=0.00 touch10=0.00 col10=1.00 to10=0.00 min_d= 3.65 avg_spd=2.08m/s end=collision t=  436.2s
[TRAIN][PPO] ep=276/500 r=    0.83 avg10=   -5.35 steps= 151 succ10=0.00 touch10=0.00 col10=1.00 to10=0.00 min_d= 3.51 avg_spd=2.27m/s end=collision t=  437.7s
[TRAIN][PPO] ep=277/500 r=   -8.20 avg10=   -7.16 steps= 132 succ10=0.00 touch10=0.00 col10=1.00 to10=0.00 min_d= 3.64 avg_spd=1.97m/s end=collision t=  438.9s
[TRAIN][PPO] ep=278/500 r=   -3.60 avg10=   -7.40 steps= 143 succ10=0.00 touch10=0.00 col10=1.00 to10=0.00 min_d= 3.61 avg_spd=2.06m/s end=collision t=  440.1s
[TRAIN][PPO] ep=279/500 r=   -0.64 avg10=   -7.17 steps= 151 succ10=0.00 touch10=0.00 col10=1.00 to10=0.00 min_d= 3.56 avg_spd=2.19m/s end=collision t=  441.5s
[TRAIN][PPO] ep=280/500 r=    2.11 avg10=   -7.16 steps= 163 succ10=0.00 touch10=0.00 col10=1.00 to10=0.00 min_d= 3.65 avg_spd=2.02m/s end=collision t=  443.1s
[TRAIN][PPO] ep=281/500 r=  242.88 avg10=   17.54 steps=1258 succ10=0.00 touch10=0.00 col10=1.00 to10=0.00 min_d= 1.35 avg_spd=2.12m/s end=collision t=  454.6s
[TRAIN][PPO] ep=282/500 r=   -2.83 avg10=   17.67 steps= 142 succ10=0.00 touch10=0.00 col10=1.00 to10=0.00 min_d= 3.56 avg_spd=2.19m/s end=collision t=  455.9s
[TRAIN][PPO] ep=283/500 r=   74.24 avg10=   25.26 steps= 533 succ10=0.00 touch10=0.00 col10=1.00 to10=0.00 min_d= 2.80 avg_spd=2.13m/s end=collision t=  460.5s
[TRAIN][PPO] ep=284/500 r=   -4.14 avg10=   25.26 steps= 138 succ10=0.00 touch10=0.00 col10=1.00 to10=0.00 min_d= 3.57 avg_spd=2.18m/s end=collision t=  462.4s
[TRAIN][PPO] ep=285/500 r=  164.25 avg10=   46.49 steps= 656 succ10=0.00 touch10=0.00 col10=1.00 to10=0.00 min_d= 2.23 avg_spd=2.09m/s end=collision t=  468.3s
[TRAIN][PPO] ep=286/500 r=   -0.21 avg10=   46.39 steps= 154 succ10=0.00 touch10=0.00 col10=1.00 to10=0.00 min_d= 3.61 avg_spd=2.16m/s end=collision t=  469.7s
[TRAIN][PPO] ep=287/500 r=   -0.57 avg10=   47.15 steps= 151 succ10=0.00 touch10=0.00 col10=1.00 to10=0.00 min_d= 3.55 avg_spd=2.22m/s end=collision t=  471.2s
[TRAIN][PPO] ep=288/500 r=  226.79 avg10=   70.19 steps=1251 succ10=0.00 touch10=0.00 col10=1.00 to10=0.00 min_d= 1.40 avg_spd=2.12m/s end=collision t=  482.6s
[TRAIN][PPO] ep=289/500 r=  -25.10 avg10=   67.74 steps= 260 succ10=0.00 touch10=0.00 col10=1.00 to10=0.00 min_d= 3.56 avg_spd=2.06m/s end=collision t=  484.8s
[TRAIN][PPO] ep=290/500 r=    2.49 avg10=   67.78 steps= 168 succ10=0.00 touch10=0.00 col10=1.00 to10=0.00 min_d= 3.65 avg_spd=2.09m/s end=collision t=  486.2s
[TRAIN][PPO] ep=291/500 r=   -6.12 avg10=   42.88 steps= 145 succ10=0.00 touch10=0.00 col10=1.00 to10=0.00 min_d= 3.73 avg_spd=1.87m/s end=collision t=  487.5s
[TRAIN][PPO] ep=292/500 r=   -4.13 avg10=   42.75 steps= 160 succ10=0.00 touch10=0.00 col10=1.00 to10=0.00 min_d= 3.61 avg_spd=2.19m/s end=collision t=  489.1s
[TRAIN][PPO] ep=293/500 r=   -5.53 avg10=   34.77 steps= 139 succ10=0.00 touch10=0.00 col10=1.00 to10=0.00 min_d= 3.61 avg_spd=2.03m/s end=collision t=  490.3s
[TRAIN][PPO] ep=294/500 r=   67.30 avg10=   41.92 steps= 521 succ10=0.00 touch10=0.00 col10=1.00 to10=0.00 min_d= 2.79 avg_spd=2.09m/s end=collision t=  494.9s
[TRAIN][PPO] ep=295/500 r=  -35.71 avg10=   21.92 steps=1836 succ10=0.00 touch10=0.00 col10=1.00 to10=0.00 min_d= 2.16 avg_spd=2.13m/s end=collision t=  510.7s
[TRAIN][PPO] ep=296/500 r=   -6.33 avg10=   21.31 steps= 135 succ10=0.00 touch10=0.00 col10=1.00 to10=0.00 min_d= 3.61 avg_spd=2.05m/s end=collision t=  512.6s
[TRAIN][PPO] ep=297/500 r=   -0.28 avg10=   21.34 steps= 152 succ10=0.00 touch10=0.00 col10=1.00 to10=0.00 min_d= 3.56 avg_spd=2.19m/s end=collision t=  513.9s
[TRAIN][PPO] ep=298/500 r=  186.79 avg10=   17.34 steps=1259 succ10=0.00 touch10=0.00 col10=1.00 to10=0.00 min_d= 1.49 avg_spd=2.14m/s end=collision t=  524.9s
[TRAIN][PPO] ep=299/500 r=    3.07 avg10=   20.16 steps= 162 succ10=0.00 touch10=0.00 col10=1.00 to10=0.00 min_d= 3.54 avg_spd=2.13m/s end=collision t=  526.3s
[TRAIN][PPO] ep=300/500 r=    2.90 avg10=   20.20 steps= 177 succ10=0.00 touch10=0.00 col10=1.00 to10=0.00 min_d= 3.65 avg_spd=1.97m/s end=collision t=  528.3s ckpt=latest
[TRAIN][PPO] ep=301/500 r=  162.28 avg10=   37.04 steps= 652 succ10=0.00 touch10=0.00 col10=1.00 to10=0.00 min_d= 2.26 avg_spd=2.08m/s end=collision t=  534.2s
[TRAIN][PPO] ep=302/500 r=   -3.12 avg10=   37.14 steps= 140 succ10=0.00 touch10=0.00 col10=1.00 to10=0.00 min_d= 3.52 avg_spd=2.10m/s end=collision t=  535.5s
[TRAIN][PPO] ep=303/500 r=   91.23 avg10=   46.81 steps=2500 succ10=0.00 touch10=0.00 col10=0.90 to10=0.10 min_d= 1.22 avg_spd=2.11m/s end=max_steps t=  557.4s
[TRAIN][PPO] ep=304/500 r=  -17.28 avg10=   38.35 steps= 254 succ10=0.00 touch10=0.00 col10=0.90 to10=0.10 min_d= 3.59 avg_spd=1.97m/s end=collision t=  560.1s
[TRAIN][PPO] ep=305/500 r=    3.46 avg10=   42.27 steps= 172 succ10=0.00 touch10=0.00 col10=0.90 to10=0.10 min_d= 3.53 avg_spd=2.18m/s end=collision t=  561.6s
[TRAIN][PPO] ep=306/500 r=   -5.15 avg10=   42.39 steps= 143 succ10=0.00 touch10=0.00 col10=0.90 to10=0.10 min_d= 3.64 avg_spd=1.94m/s end=collision t=  562.9s
[TRAIN][PPO] ep=307/500 r=   -2.66 avg10=   42.15 steps= 154 succ10=0.00 touch10=0.00 col10=0.90 to10=0.10 min_d= 3.59 avg_spd=2.17m/s end=collision t=  564.3s
[TRAIN][PPO] ep=308/500 r=  -14.71 avg10=   22.00 steps= 261 succ10=0.00 touch10=0.00 col10=0.90 to10=0.10 min_d= 3.58 avg_spd=2.02m/s end=collision t=  566.6s
[TRAIN][PPO] ep=309/500 r=   -5.11 avg10=   21.18 steps= 138 succ10=0.00 touch10=0.00 col10=0.90 to10=0.10 min_d= 3.62 avg_spd=2.05m/s end=collision t=  567.9s
[TRAIN][PPO] ep=310/500 r=   -9.06 avg10=   19.99 steps= 136 succ10=0.00 touch10=0.00 col10=0.90 to10=0.10 min_d= 3.75 avg_spd=1.91m/s end=collision t=  569.1s
[TRAIN][PPO] ep=311/500 r=  -17.39 avg10=    2.02 steps= 262 succ10=0.00 touch10=0.00 col10=0.90 to10=0.10 min_d= 3.62 avg_spd=2.04m/s end=collision t=  571.3s
[TRAIN][PPO] ep=312/500 r=    0.59 avg10=    2.39 steps= 155 succ10=0.00 touch10=0.00 col10=0.90 to10=0.10 min_d= 3.62 avg_spd=2.16m/s end=collision t=  572.9s
[TRAIN][PPO] ep=313/500 r=   -9.75 avg10=   -7.71 steps= 132 succ10=0.00 touch10=0.00 col10=1.00 to10=0.00 min_d= 3.64 avg_spd=1.85m/s end=collision t=  574.0s
[TRAIN][PPO] ep=314/500 r=   -1.77 avg10=   -6.16 steps= 150 succ10=0.00 touch10=0.00 col10=1.00 to10=0.00 min_d= 3.62 avg_spd=2.06m/s end=collision t=  575.4s
[TRAIN][PPO] ep=315/500 r=   -1.77 avg10=   -6.68 steps= 151 succ10=0.00 touch10=0.00 col10=1.00 to10=0.00 min_d= 3.57 avg_spd=1.99m/s end=collision t=  576.7s
[TRAIN][PPO] ep=316/500 r=   -0.78 avg10=   -6.24 steps= 152 succ10=0.00 touch10=0.00 col10=1.00 to10=0.00 min_d= 3.65 avg_spd=2.16m/s end=collision t=  578.2s
[TRAIN][PPO] ep=317/500 r=   -8.58 avg10=   -6.83 steps= 130 succ10=0.00 touch10=0.00 col10=1.00 to10=0.00 min_d= 3.64 avg_spd=1.98m/s end=collision t=  579.3s
[TRAIN][PPO] ep=318/500 r=   -2.30 avg10=   -5.59 steps= 158 succ10=0.00 touch10=0.00 col10=1.00 to10=0.00 min_d= 3.65 avg_spd=2.19m/s end=collision t=  580.7s
[TRAIN][PPO] ep=319/500 r=   -0.26 avg10=   -5.11 steps= 156 succ10=0.00 touch10=0.00 col10=1.00 to10=0.00 min_d= 3.57 avg_spd=2.18m/s end=collision t=  582.1s
[TRAIN][PPO] ep=320/500 r=  220.00 avg10=   17.80 steps=1252 succ10=0.00 touch10=0.00 col10=1.00 to10=0.00 min_d= 1.38 avg_spd=2.11m/s end=collision t=  593.3s
[TRAIN][PPO] ep=321/500 r=  -13.25 avg10=   18.21 steps= 125 succ10=0.00 touch10=0.00 col10=1.00 to10=0.00 min_d= 3.65 avg_spd=1.79m/s end=collision t=  594.4s
[TRAIN][PPO] ep=322/500 r=  -42.94 avg10=   13.86 steps=2500 succ10=0.00 touch10=0.00 col10=0.90 to10=0.10 min_d= 1.63 avg_spd=2.10m/s end=max_steps t=  615.3s
[TRAIN][PPO] ep=323/500 r=  -12.09 avg10=   13.63 steps= 258 succ10=0.00 touch10=0.00 col10=0.90 to10=0.10 min_d= 3.56 avg_spd=2.05m/s end=collision t=  617.5s
[TRAIN][PPO] ep=324/500 r=   -1.30 avg10=   13.67 steps= 153 succ10=0.00 touch10=0.00 col10=0.90 to10=0.10 min_d= 3.60 avg_spd=2.03m/s end=collision t=  619.4s
[TRAIN][PPO] ep=325/500 r=    0.96 avg10=   13.95 steps= 162 succ10=0.00 touch10=0.00 col10=0.90 to10=0.10 min_d= 3.58 avg_spd=2.19m/s end=collision t=  620.8s
[TRAIN][PPO] ep=326/500 r=    0.43 avg10=   14.07 steps= 160 succ10=0.00 touch10=0.00 col10=0.90 to10=0.10 min_d= 3.65 avg_spd=2.00m/s end=collision t=  622.2s
[TRAIN][PPO] ep=327/500 r=    0.65 avg10=   14.99 steps= 157 succ10=0.00 touch10=0.00 col10=0.90 to10=0.10 min_d= 3.65 avg_spd=2.07m/s end=collision t=  623.6s
[TRAIN][PPO] ep=328/500 r=    2.45 avg10=   15.46 steps= 163 succ10=0.00 touch10=0.00 col10=0.90 to10=0.10 min_d= 3.55 avg_spd=2.18m/s end=collision t=  625.2s
[TRAIN][PPO] ep=329/500 r=  -16.14 avg10=   13.88 steps= 258 succ10=0.00 touch10=0.00 col10=0.90 to10=0.10 min_d= 3.64 avg_spd=2.07m/s end=collision t=  627.3s
[TRAIN][PPO] ep=330/500 r=  109.34 avg10=    2.81 steps= 535 succ10=0.00 touch10=0.00 col10=0.90 to10=0.10 min_d= 2.61 avg_spd=2.15m/s end=collision t=  632.0s
[TRAIN][PPO] ep=331/500 r=  -18.44 avg10=    2.29 steps= 259 succ10=0.00 touch10=0.00 col10=0.90 to10=0.10 min_d= 3.62 avg_spd=2.07m/s end=collision t=  634.3s
[TRAIN][PPO] ep=332/500 r=   -0.93 avg10=    6.49 steps= 150 succ10=0.00 touch10=0.00 col10=1.00 to10=0.00 min_d= 3.61 avg_spd=2.11m/s end=collision t=  635.9s
[TRAIN][PPO] ep=333/500 r=  -12.02 avg10=    6.50 steps= 255 succ10=0.00 touch10=0.00 col10=1.00 to10=0.00 min_d= 3.50 avg_spd=2.09m/s end=collision t=  638.1s
[TRAIN][PPO] ep=334/500 r=   69.38 avg10=   13.57 steps= 521 succ10=0.00 touch10=0.00 col10=1.00 to10=0.00 min_d= 2.81 avg_spd=2.08m/s end=collision t=  642.7s
[TRAIN][PPO] ep=335/500 r=   -0.20 avg10=   13.45 steps= 155 succ10=0.00 touch10=0.00 col10=1.00 to10=0.00 min_d= 3.65 avg_spd=2.04m/s end=collision t=  644.0s
[TRAIN][PPO] ep=336/500 r=    1.99 avg10=   13.61 steps= 171 succ10=0.00 touch10=0.00 col10=1.00 to10=0.00 min_d= 3.61 avg_spd=2.12m/s end=collision t=  645.7s
[TRAIN][PPO] ep=337/500 r=    3.33 avg10=   13.88 steps= 162 succ10=0.00 touch10=0.00 col10=1.00 to10=0.00 min_d= 3.54 avg_spd=2.17m/s end=collision t=  647.2s
[TRAIN][PPO] ep=338/500 r=   97.22 avg10=   23.35 steps=2214 succ10=0.00 touch10=0.00 col10=1.00 to10=0.00 min_d= 1.26 avg_spd=2.15m/s end=collision t=  665.8s
[TRAIN][PPO] ep=339/500 r=   -3.28 avg10=   24.64 steps= 147 succ10=0.00 touch10=0.00 col10=1.00 to10=0.00 min_d= 3.61 avg_spd=2.18m/s end=collision t=  667.0s
[TRAIN][PPO] ep=340/500 r=   -0.39 avg10=   13.67 steps= 151 succ10=0.00 touch10=0.00 col10=1.00 to10=0.00 min_d= 3.56 avg_spd=2.11m/s end=collision t=  669.1s
[TRAIN][PPO] ep=341/500 r=  -11.25 avg10=   14.39 steps= 132 succ10=0.00 touch10=0.00 col10=1.00 to10=0.00 min_d= 3.64 avg_spd=1.83m/s end=collision t=  670.2s
[TRAIN][PPO] ep=342/500 r=  -16.24 avg10=   12.85 steps= 255 succ10=0.00 touch10=0.00 col10=1.00 to10=0.00 min_d= 3.54 avg_spd=1.98m/s end=collision t=  672.4s
[TRAIN][PPO] ep=343/500 r=   -6.13 avg10=   13.44 steps= 138 succ10=0.00 touch10=0.00 col10=1.00 to10=0.00 min_d= 3.57 avg_spd=1.98m/s end=collision t=  673.6s
[TRAIN][PPO] ep=344/500 r=   -5.55 avg10=    5.95 steps= 264 succ10=0.00 touch10=0.00 col10=1.00 to10=0.00 min_d= 3.58 avg_spd=2.06m/s end=collision t=  676.0s
[TRAIN][PPO] ep=345/500 r=   -6.83 avg10=    5.29 steps= 142 succ10=0.00 touch10=0.00 col10=1.00 to10=0.00 min_d= 3.73 avg_spd=1.87m/s end=collision t=  677.2s
[TRAIN][PPO] ep=346/500 r=   -6.37 avg10=    4.45 steps= 143 succ10=0.00 touch10=0.00 col10=1.00 to10=0.00 min_d= 3.61 avg_spd=1.94m/s end=collision t=  678.4s
[TRAIN][PPO] ep=347/500 r=  -14.99 avg10=    2.62 steps= 260 succ10=0.00 touch10=0.00 col10=1.00 to10=0.00 min_d= 3.56 avg_spd=2.08m/s end=collision t=  680.6s
[TRAIN][PPO] ep=348/500 r=   98.49 avg10=    2.75 steps=2194 succ10=0.00 touch10=0.00 col10=1.00 to10=0.00 min_d= 1.15 avg_spd=2.13m/s end=collision t=  699.3s
[TRAIN][PPO] ep=349/500 r=    6.99 avg10=    3.77 steps= 175 succ10=0.00 touch10=0.00 col10=1.00 to10=0.00 min_d= 3.54 avg_spd=2.17m/s end=collision t=  700.8s
[TRAIN][PPO] ep=350/500 r=   68.20 avg10=   10.63 steps= 540 succ10=0.00 touch10=0.00 col10=1.00 to10=0.00 min_d= 2.85 avg_spd=2.11m/s end=collision t=  705.4s
[TRAIN][PPO] ep=351/500 r=   35.43 avg10=   15.30 steps= 280 succ10=0.00 touch10=0.00 col10=1.00 to10=0.00 min_d= 3.34 avg_spd=2.17m/s end=collision t=  707.8s
[TRAIN][PPO] ep=352/500 r=   -0.66 avg10=   16.86 steps= 153 succ10=0.00 touch10=0.00 col10=1.00 to10=0.00 min_d= 3.57 avg_spd=2.08m/s end=collision t=  709.3s
[TRAIN][PPO] ep=353/500 r=   -6.77 avg10=   16.79 steps= 140 succ10=0.00 touch10=0.00 col10=1.00 to10=0.00 min_d= 3.63 avg_spd=1.94m/s end=collision t=  710.5s
[TRAIN][PPO] ep=354/500 r=    3.57 avg10=   17.71 steps= 168 succ10=0.00 touch10=0.00 col10=1.00 to10=0.00 min_d= 3.58 avg_spd=2.19m/s end=collision t=  712.0s
[TRAIN][PPO] ep=355/500 r=   -4.45 avg10=   17.94 steps= 140 succ10=0.00 touch10=0.00 col10=1.00 to10=0.00 min_d= 3.61 avg_spd=2.08m/s end=collision t=  713.2s
[TRAIN][PPO] ep=356/500 r=   -9.17 avg10=   17.66 steps= 133 succ10=0.00 touch10=0.00 col10=1.00 to10=0.00 min_d= 3.61 avg_spd=1.91m/s end=collision t=  714.5s
[TRAIN][PPO] ep=357/500 r=   59.56 avg10=   25.12 steps= 521 succ10=0.00 touch10=0.00 col10=1.00 to10=0.00 min_d= 2.81 avg_spd=2.07m/s end=collision t=  718.8s
[TRAIN][PPO] ep=358/500 r=  163.56 avg10=   31.63 steps= 839 succ10=0.00 touch10=0.00 col10=1.00 to10=0.00 min_d= 2.06 avg_spd=2.13m/s end=collision t=  726.0s
[TRAIN][PPO] ep=359/500 r=  -10.57 avg10=   29.87 steps= 256 succ10=0.00 touch10=0.00 col10=1.00 to10=0.00 min_d= 3.55 avg_spd=2.06m/s end=collision t=  728.2s
[TRAIN][PPO] ep=360/500 r=    4.02 avg10=   23.45 steps= 165 succ10=0.00 touch10=0.00 col10=1.00 to10=0.00 min_d= 3.56 avg_spd=2.19m/s end=collision t=  729.9s
[TRAIN][PPO] ep=361/500 r=   -2.14 avg10=   19.69 steps= 151 succ10=0.00 touch10=0.00 col10=1.00 to10=0.00 min_d= 3.64 avg_spd=2.18m/s end=collision t=  731.2s
[TRAIN][PPO] ep=362/500 r=   -5.79 avg10=   19.18 steps= 172 succ10=0.00 touch10=0.00 col10=1.00 to10=0.00 min_d= 3.71 avg_spd=1.99m/s end=collision t=  732.7s
[TRAIN][PPO] ep=363/500 r=   60.34 avg10=   25.89 steps=2500 succ10=0.00 touch10=0.00 col10=0.90 to10=0.10 min_d= 1.19 avg_spd=2.12m/s end=max_steps t=  754.0s
[TRAIN][PPO] ep=364/500 r=    1.60 avg10=   25.70 steps= 159 succ10=0.00 touch10=0.00 col10=0.90 to10=0.10 min_d= 3.58 avg_spd=2.13m/s end=collision t=  756.1s
[TRAIN][PPO] ep=365/500 r=   56.99 avg10=   31.84 steps= 530 succ10=0.00 touch10=0.00 col10=0.90 to10=0.10 min_d= 2.86 avg_spd=2.08m/s end=collision t=  760.7s
[TRAIN][PPO] ep=366/500 r=   -4.56 avg10=   32.30 steps= 142 succ10=0.00 touch10=0.00 col10=0.90 to10=0.10 min_d= 3.55 avg_spd=2.03m/s end=collision t=  761.9s
[TRAIN][PPO] ep=367/500 r=   -4.60 avg10=   25.88 steps= 138 succ10=0.00 touch10=0.00 col10=0.90 to10=0.10 min_d= 3.57 avg_spd=2.10m/s end=collision t=  763.1s
[TRAIN][PPO] ep=368/500 r=    4.81 avg10=   10.01 steps= 265 succ10=0.00 touch10=0.00 col10=0.90 to10=0.10 min_d= 3.38 avg_spd=2.09m/s end=collision t=  765.6s
[TRAIN][PPO] ep=369/500 r=  -16.96 avg10=    9.37 steps= 253 succ10=0.00 touch10=0.00 col10=0.90 to10=0.10 min_d= 3.58 avg_spd=2.03m/s end=collision t=  767.8s
[TRAIN][PPO] ep=370/500 r=   -3.19 avg10=    8.65 steps= 155 succ10=0.00 touch10=0.00 col10=0.90 to10=0.10 min_d= 3.61 avg_spd=2.15m/s end=collision t=  769.1s
[TRAIN][PPO] ep=371/500 r=   -0.14 avg10=    8.85 steps= 159 succ10=0.00 touch10=0.00 col10=0.90 to10=0.10 min_d= 3.57 avg_spd=2.13m/s end=collision t=  770.5s
[TRAIN][PPO] ep=372/500 r=   -1.99 avg10=    9.23 steps= 178 succ10=0.00 touch10=0.00 col10=0.90 to10=0.10 min_d= 3.62 avg_spd=2.19m/s end=collision t=  772.2s
[TRAIN][PPO] ep=373/500 r=   -9.68 avg10=    2.23 steps= 136 succ10=0.00 touch10=0.00 col10=1.00 to10=0.00 min_d= 3.77 avg_spd=1.83m/s end=collision t=  773.4s
[TRAIN][PPO] ep=374/500 r=   84.39 avg10=   10.51 steps= 522 succ10=0.00 touch10=0.00 col10=1.00 to10=0.00 min_d= 2.73 avg_spd=2.06m/s end=collision t=  777.7s
[TRAIN][PPO] ep=375/500 r=  216.28 avg10=   26.44 steps=1239 succ10=0.00 touch10=0.00 col10=1.00 to10=0.00 min_d= 1.56 avg_spd=2.13m/s end=collision t=  788.1s
[TRAIN][PPO] ep=376/500 r=   -4.83 avg10=   26.41 steps= 139 succ10=0.00 touch10=0.00 col10=1.00 to10=0.00 min_d= 3.61 avg_spd=2.06m/s end=collision t=  789.7s
[TRAIN][PPO] ep=377/500 r=    2.13 avg10=   27.08 steps= 167 succ10=0.00 touch10=0.00 col10=1.00 to10=0.00 min_d= 3.56 avg_spd=2.17m/s end=collision t=  791.1s
[TRAIN][PPO] ep=378/500 r=  -21.83 avg10=   24.42 steps= 263 succ10=0.00 touch10=0.00 col10=1.00 to10=0.00 min_d= 3.57 avg_spd=2.05m/s end=collision t=  793.4s
[TRAIN][PPO] ep=379/500 r=   65.17 avg10=   32.63 steps= 520 succ10=0.00 touch10=0.00 col10=1.00 to10=0.00 min_d= 2.82 avg_spd=2.07m/s end=collision t=  797.9s
[TRAIN][PPO] ep=380/500 r=   -0.53 avg10=   32.90 steps= 154 succ10=0.00 touch10=0.00 col10=1.00 to10=0.00 min_d= 3.65 avg_spd=2.10m/s end=collision t=  799.3s
[TRAIN][PPO] ep=381/500 r=   61.67 avg10=   39.08 steps= 524 succ10=0.00 touch10=0.00 col10=1.00 to10=0.00 min_d= 2.83 avg_spd=2.05m/s end=collision t=  803.6s
[TRAIN][PPO] ep=382/500 r=   71.01 avg10=   46.38 steps= 522 succ10=0.00 touch10=0.00 col10=1.00 to10=0.00 min_d= 2.80 avg_spd=2.06m/s end=collision t=  808.1s
[TRAIN][PPO] ep=383/500 r=   12.08 avg10=   48.55 steps= 264 succ10=0.00 touch10=0.00 col10=1.00 to10=0.00 min_d= 3.47 avg_spd=2.07m/s end=collision t=  810.3s
[TRAIN][PPO] ep=384/500 r=   -7.98 avg10=   39.32 steps= 134 succ10=0.00 touch10=0.00 col10=1.00 to10=0.00 min_d= 3.61 avg_spd=1.88m/s end=collision t=  811.7s
[TRAIN][PPO] ep=385/500 r=   11.95 avg10=   18.88 steps= 269 succ10=0.00 touch10=0.00 col10=1.00 to10=0.00 min_d= 3.41 avg_spd=2.15m/s end=collision t=  814.0s
[TRAIN][PPO] ep=386/500 r=   61.97 avg10=   25.56 steps= 531 succ10=0.00 touch10=0.00 col10=1.00 to10=0.00 min_d= 2.86 avg_spd=2.04m/s end=collision t=  818.6s
[TRAIN][PPO] ep=387/500 r=    3.57 avg10=   25.71 steps= 172 succ10=0.00 touch10=0.00 col10=1.00 to10=0.00 min_d= 3.65 avg_spd=2.08m/s end=collision t=  820.2s
[TRAIN][PPO] ep=388/500 r=    3.89 avg10=   28.28 steps= 168 succ10=0.00 touch10=0.00 col10=1.00 to10=0.00 min_d= 3.57 avg_spd=2.17m/s end=collision t=  821.9s
[TRAIN][PPO] ep=389/500 r=   -7.32 avg10=   21.03 steps= 139 succ10=0.00 touch10=0.00 col10=1.00 to10=0.00 min_d= 3.64 avg_spd=1.87m/s end=collision t=  823.2s
[TRAIN][PPO] ep=390/500 r=    1.47 avg10=   21.23 steps= 167 succ10=0.00 touch10=0.00 col10=1.00 to10=0.00 min_d= 3.65 avg_spd=1.99m/s end=collision t=  824.7s
[TRAIN][PPO] ep=391/500 r=   19.07 avg10=   16.97 steps= 270 succ10=0.00 touch10=0.00 col10=1.00 to10=0.00 min_d= 3.43 avg_spd=2.13m/s end=collision t=  827.0s
[TRAIN][PPO] ep=392/500 r=    1.91 avg10=   10.06 steps= 157 succ10=0.00 touch10=0.00 col10=1.00 to10=0.00 min_d= 3.57 avg_spd=2.16m/s end=collision t=  828.6s
[TRAIN][PPO] ep=393/500 r=  221.40 avg10=   30.99 steps=1291 succ10=0.00 touch10=0.00 col10=1.00 to10=0.00 min_d= 1.39 avg_spd=2.09m/s end=collision t=  840.0s
[TRAIN][PPO] ep=394/500 r=   -8.87 avg10=   30.90 steps= 262 succ10=0.00 touch10=0.00 col10=1.00 to10=0.00 min_d= 3.59 avg_spd=2.05m/s end=collision t=  842.2s
[TRAIN][PPO] ep=395/500 r=  -21.64 avg10=   27.54 steps= 257 succ10=0.00 touch10=0.00 col10=1.00 to10=0.00 min_d= 3.65 avg_spd=2.04m/s end=collision t=  844.4s
[TRAIN][PPO] ep=396/500 r=  -10.03 avg10=   20.34 steps= 259 succ10=0.00 touch10=0.00 col10=1.00 to10=0.00 min_d= 3.58 avg_spd=2.01m/s end=collision t=  847.2s
[TRAIN][PPO] ep=397/500 r=    0.51 avg10=   20.04 steps= 280 succ10=0.00 touch10=0.00 col10=1.00 to10=0.00 min_d= 3.61 avg_spd=2.00m/s end=collision t=  849.6s
[TRAIN][PPO] ep=398/500 r=  106.91 avg10=   30.34 steps= 535 succ10=0.00 touch10=0.00 col10=1.00 to10=0.00 min_d= 2.62 avg_spd=2.15m/s end=collision t=  854.1s
[TRAIN][PPO] ep=399/500 r=    7.35 avg10=   31.81 steps= 263 succ10=0.00 touch10=0.00 col10=1.00 to10=0.00 min_d= 3.50 avg_spd=2.09m/s end=collision t=  856.4s
[TRAIN][PPO] ep=400/500 r=   56.59 avg10=   37.32 steps=2500 succ10=0.00 touch10=0.00 col10=0.90 to10=0.10 min_d= 1.21 avg_spd=2.13m/s end=max_steps t=  878.2s ckpt=latest
[TRAIN][PPO] ep=401/500 r=   -1.44 avg10=   35.27 steps= 150 succ10=0.00 touch10=0.00 col10=0.90 to10=0.10 min_d= 3.57 avg_spd=2.09m/s end=collision t=  879.5s
[TRAIN][PPO] ep=402/500 r=    1.84 avg10=   35.26 steps= 157 succ10=0.00 touch10=0.00 col10=0.90 to10=0.10 min_d= 3.58 avg_spd=2.11m/s end=collision t=  880.9s
[TRAIN][PPO] ep=403/500 r=   -4.94 avg10=   12.63 steps= 139 succ10=0.00 touch10=0.00 col10=0.90 to10=0.10 min_d= 3.54 avg_spd=2.04m/s end=collision t=  882.1s
[TRAIN][PPO] ep=404/500 r=   -4.46 avg10=   13.07 steps= 150 succ10=0.00 touch10=0.00 col10=0.90 to10=0.10 min_d= 3.72 avg_spd=1.93m/s end=collision t=  883.5s
[TRAIN][PPO] ep=405/500 r=  115.52 avg10=   26.79 steps=2190 succ10=0.00 touch10=0.00 col10=0.90 to10=0.10 min_d= 1.14 avg_spd=2.13m/s end=collision t=  900.3s
[TRAIN][PPO] ep=406/500 r=   -0.20 avg10=   27.77 steps= 152 succ10=0.00 touch10=0.00 col10=0.90 to10=0.10 min_d= 3.51 avg_spd=2.10m/s end=collision t=  901.5s
[TRAIN][PPO] ep=407/500 r=   23.89 avg10=   30.11 steps= 275 succ10=0.00 touch10=0.00 col10=0.90 to10=0.10 min_d= 3.34 avg_spd=2.15m/s end=collision t=  903.7s
[TRAIN][PPO] ep=408/500 r=   -3.77 avg10=   19.04 steps= 145 succ10=0.00 touch10=0.00 col10=0.90 to10=0.10 min_d= 3.63 avg_spd=2.02m/s end=collision t=  905.4s
[TRAIN][PPO] ep=409/500 r=   55.22 avg10=   23.83 steps= 526 succ10=0.00 touch10=0.00 col10=0.90 to10=0.10 min_d= 2.86 avg_spd=2.02m/s end=collision t=  909.7s
[TRAIN][PPO] ep=410/500 r=   -0.37 avg10=   18.13 steps= 157 succ10=0.00 touch10=0.00 col10=1.00 to10=0.00 min_d= 3.64 avg_spd=2.06m/s end=collision t=  911.0s
[TRAIN][PPO] ep=411/500 r=   -5.91 avg10=   17.68 steps= 138 succ10=0.00 touch10=0.00 col10=1.00 to10=0.00 min_d= 3.56 avg_spd=2.03m/s end=collision t=  912.2s
[TRAIN][PPO] ep=412/500 r=   -2.21 avg10=   17.28 steps= 143 succ10=0.00 touch10=0.00 col10=1.00 to10=0.00 min_d= 3.53 avg_spd=2.10m/s end=collision t=  913.6s
[TRAIN][PPO] ep=413/500 r=   -7.05 avg10=   17.07 steps= 139 succ10=0.00 touch10=0.00 col10=1.00 to10=0.00 min_d= 3.75 avg_spd=1.88m/s end=collision t=  914.7s
[TRAIN][PPO] ep=414/500 r=  -17.14 avg10=   15.80 steps= 260 succ10=0.00 touch10=0.00 col10=1.00 to10=0.00 min_d= 3.64 avg_spd=2.02m/s end=collision t=  916.8s
[TRAIN][PPO] ep=415/500 r=    8.28 avg10=    5.07 steps= 266 succ10=0.00 touch10=0.00 col10=1.00 to10=0.00 min_d= 3.40 avg_spd=2.09m/s end=collision t=  919.0s
[TRAIN][PPO] ep=416/500 r=   -5.45 avg10=    4.55 steps= 138 succ10=0.00 touch10=0.00 col10=1.00 to10=0.00 min_d= 3.63 avg_spd=2.02m/s end=collision t=  920.3s
[TRAIN][PPO] ep=417/500 r=   82.33 avg10=   10.39 steps= 522 succ10=0.00 touch10=0.00 col10=1.00 to10=0.00 min_d= 2.76 avg_spd=2.07m/s end=collision t=  924.6s
[TRAIN][PPO] ep=418/500 r=    1.39 avg10=   10.91 steps= 158 succ10=0.00 touch10=0.00 col10=1.00 to10=0.00 min_d= 3.61 avg_spd=2.08m/s end=collision t=  925.8s
[TRAIN][PPO] ep=419/500 r=   -2.03 avg10=    5.18 steps= 151 succ10=0.00 touch10=0.00 col10=1.00 to10=0.00 min_d= 3.65 avg_spd=2.01m/s end=collision t=  927.0s
[TRAIN][PPO] ep=420/500 r=    6.71 avg10=    5.89 steps= 260 succ10=0.00 touch10=0.00 col10=1.00 to10=0.00 min_d= 3.51 avg_spd=2.10m/s end=collision t=  929.3s
[TRAIN][PPO] ep=421/500 r=   92.53 avg10=   15.74 steps= 968 succ10=0.00 touch10=0.00 col10=1.00 to10=0.00 min_d= 2.51 avg_spd=2.12m/s end=collision t=  937.4s
[TRAIN][PPO] ep=422/500 r=   -1.05 avg10=   15.85 steps= 169 succ10=0.00 touch10=0.00 col10=1.00 to10=0.00 min_d= 3.65 avg_spd=1.83m/s end=collision t=  938.7s
[TRAIN][PPO] ep=423/500 r=   53.91 avg10=   21.95 steps= 527 succ10=0.00 touch10=0.00 col10=1.00 to10=0.00 min_d= 2.86 avg_spd=2.02m/s end=collision t=  943.1s
[TRAIN][PPO] ep=424/500 r=   -0.10 avg10=   23.65 steps= 157 succ10=0.00 touch10=0.00 col10=1.00 to10=0.00 min_d= 3.62 avg_spd=2.07m/s end=collision t=  944.6s
[TRAIN][PPO] ep=425/500 r=   -1.90 avg10=   22.63 steps= 153 succ10=0.00 touch10=0.00 col10=1.00 to10=0.00 min_d= 3.65 avg_spd=2.00m/s end=collision t=  945.8s
[TRAIN][PPO] ep=426/500 r=   26.06 avg10=   25.79 steps= 275 succ10=0.00 touch10=0.00 col10=1.00 to10=0.00 min_d= 3.43 avg_spd=2.07m/s end=collision t=  948.1s
[TRAIN][PPO] ep=427/500 r=   43.55 avg10=   21.91 steps=2500 succ10=0.00 touch10=0.00 col10=0.90 to10=0.10 min_d= 1.37 avg_spd=2.10m/s end=max_steps t=  968.0s
[TRAIN][PPO] ep=428/500 r=   -1.45 avg10=   21.62 steps= 152 succ10=0.00 touch10=0.00 col10=0.90 to10=0.10 min_d= 3.57 avg_spd=2.03m/s end=collision t=  969.8s
[TRAIN][PPO] ep=429/500 r=   -7.54 avg10=   21.07 steps= 267 succ10=0.00 touch10=0.00 col10=0.90 to10=0.10 min_d= 3.58 avg_spd=2.02m/s end=collision t=  972.2s
[TRAIN][PPO] ep=430/500 r=   75.93 avg10=   28.00 steps= 519 succ10=0.00 touch10=0.00 col10=0.90 to10=0.10 min_d= 2.78 avg_spd=2.05m/s end=collision t=  976.7s
[TRAIN][PPO] ep=431/500 r=   -5.00 avg10=   18.24 steps= 257 succ10=0.00 touch10=0.00 col10=0.90 to10=0.10 min_d= 3.48 avg_spd=2.05m/s end=collision t=  979.0s
[TRAIN][PPO] ep=432/500 r=   56.72 avg10=   24.02 steps= 539 succ10=0.00 touch10=0.00 col10=0.90 to10=0.10 min_d= 2.89 avg_spd=2.10m/s end=collision t=  983.9s
[TRAIN][PPO] ep=433/500 r=    0.20 avg10=   18.65 steps= 161 succ10=0.00 touch10=0.00 col10=0.90 to10=0.10 min_d= 3.65 avg_spd=2.12m/s end=collision t=  985.2s
[TRAIN][PPO] ep=434/500 r=   53.26 avg10=   23.98 steps= 529 succ10=0.00 touch10=0.00 col10=0.90 to10=0.10 min_d= 2.89 avg_spd=2.06m/s end=collision t=  989.4s
[TRAIN][PPO] ep=435/500 r=   71.38 avg10=   31.31 steps= 550 succ10=0.00 touch10=0.00 col10=0.90 to10=0.10 min_d= 2.88 avg_spd=2.07m/s end=collision t=  994.0s
[TRAIN][PPO] ep=436/500 r=   36.59 avg10=   32.37 steps= 279 succ10=0.00 touch10=0.00 col10=0.90 to10=0.10 min_d= 3.33 avg_spd=2.06m/s end=collision t=  996.5s
[TRAIN][PPO] ep=437/500 r=   -0.42 avg10=   27.97 steps= 156 succ10=0.00 touch10=0.00 col10=1.00 to10=0.00 min_d= 3.65 avg_spd=2.09m/s end=collision t=  997.6s
[TRAIN][PPO] ep=438/500 r=   14.47 avg10=   29.56 steps= 264 succ10=0.00 touch10=0.00 col10=1.00 to10=0.00 min_d= 3.45 avg_spd=2.08m/s end=collision t=  999.8s
[TRAIN][PPO] ep=439/500 r=   52.85 avg10=   35.60 steps= 530 succ10=0.00 touch10=0.00 col10=1.00 to10=0.00 min_d= 2.89 avg_spd=2.07m/s end=collision t= 1004.4s
[TRAIN][PPO] ep=440/500 r=   70.64 avg10=   35.07 steps=2500 succ10=0.00 touch10=0.00 col10=0.90 to10=0.10 min_d= 1.18 avg_spd=2.09m/s end=max_steps t= 1025.0s
[TRAIN][PPO] ep=441/500 r=  -10.78 avg10=   34.49 steps= 134 succ10=0.00 touch10=0.00 col10=0.90 to10=0.10 min_d= 3.77 avg_spd=1.72m/s end=collision t= 1026.0s
[TRAIN][PPO] ep=442/500 r=   66.03 avg10=   35.42 steps= 518 succ10=0.00 touch10=0.00 col10=0.90 to10=0.10 min_d= 2.81 avg_spd=2.05m/s end=collision t= 1030.1s
[TRAIN][PPO] ep=443/500 r=   -0.37 avg10=   35.37 steps= 163 succ10=0.00 touch10=0.00 col10=0.90 to10=0.10 min_d= 3.65 avg_spd=2.13m/s end=collision t= 1031.4s
[TRAIN][PPO] ep=444/500 r=   -0.86 avg10=   29.95 steps= 162 succ10=0.00 touch10=0.00 col10=0.90 to10=0.10 min_d= 3.64 avg_spd=2.13m/s end=collision t= 1032.8s
[TRAIN][PPO] ep=445/500 r=   32.48 avg10=   26.06 steps= 275 succ10=0.00 touch10=0.00 col10=0.90 to10=0.10 min_d= 3.36 avg_spd=2.05m/s end=collision t= 1034.9s
[TRAIN][PPO] ep=446/500 r=   32.90 avg10=   25.69 steps= 276 succ10=0.00 touch10=0.00 col10=0.90 to10=0.10 min_d= 3.33 avg_spd=2.11m/s end=collision t= 1037.0s
[TRAIN][PPO] ep=447/500 r=    1.56 avg10=   25.89 steps= 159 succ10=0.00 touch10=0.00 col10=0.90 to10=0.10 min_d= 3.54 avg_spd=2.09m/s end=collision t= 1038.3s
[TRAIN][PPO] ep=448/500 r=   51.80 avg10=   29.63 steps= 523 succ10=0.00 touch10=0.00 col10=0.90 to10=0.10 min_d= 2.89 avg_spd=2.08m/s end=collision t= 1042.5s
[TRAIN][PPO] ep=449/500 r=   60.78 avg10=   30.42 steps= 519 succ10=0.00 touch10=0.00 col10=0.90 to10=0.10 min_d= 2.84 avg_spd=2.01m/s end=collision t= 1046.7s
[TRAIN][PPO] ep=450/500 r=    3.32 avg10=   23.69 steps= 171 succ10=0.00 touch10=0.00 col10=1.00 to10=0.00 min_d= 3.63 avg_spd=2.11m/s end=collision t= 1048.2s
[TRAIN][PPO] ep=451/500 r=    2.78 avg10=   25.04 steps= 182 succ10=0.00 touch10=0.00 col10=1.00 to10=0.00 min_d= 3.65 avg_spd=2.10m/s end=collision t= 1049.7s
[TRAIN][PPO] ep=452/500 r=   -3.14 avg10=   18.13 steps= 142 succ10=0.00 touch10=0.00 col10=1.00 to10=0.00 min_d= 3.55 avg_spd=2.13m/s end=collision t= 1051.2s
[TRAIN][PPO] ep=453/500 r=   57.48 avg10=   23.91 steps=2500 succ10=0.00 touch10=0.00 col10=0.90 to10=0.10 min_d= 1.17 avg_spd=2.14m/s end=max_steps t= 1069.8s
[TRAIN][PPO] ep=454/500 r=   -8.40 avg10=   23.16 steps= 265 succ10=0.00 touch10=0.00 col10=0.90 to10=0.10 min_d= 3.60 avg_spd=2.06m/s end=collision t= 1071.8s
[TRAIN][PPO] ep=455/500 r=  -12.30 avg10=   18.68 steps= 256 succ10=0.00 touch10=0.00 col10=0.90 to10=0.10 min_d= 3.54 avg_spd=2.00m/s end=collision t= 1073.7s
[TRAIN][PPO] ep=456/500 r=   67.66 avg10=   22.15 steps=2500 succ10=0.00 touch10=0.00 col10=0.80 to10=0.20 min_d= 1.15 avg_spd=2.12m/s end=max_steps t= 1092.8s
[TRAIN][PPO] ep=457/500 r=  -10.56 avg10=   20.94 steps= 133 succ10=0.00 touch10=0.00 col10=0.80 to10=0.20 min_d= 3.76 avg_spd=1.82m/s end=collision t= 1093.9s
[TRAIN][PPO] ep=458/500 r=   55.94 avg10=   21.36 steps=2500 succ10=0.00 touch10=0.00 col10=0.70 to10=0.30 min_d= 1.33 avg_spd=2.11m/s end=max_steps t= 1112.9s
[TRAIN][PPO] ep=459/500 r=   90.34 avg10=   24.31 steps= 524 succ10=0.00 touch10=0.00 col10=0.70 to10=0.30 min_d= 2.70 avg_spd=2.13m/s end=collision t= 1117.0s
[TRAIN][PPO] ep=460/500 r=    0.03 avg10=   23.98 steps= 162 succ10=0.00 touch10=0.00 col10=0.70 to10=0.30 min_d= 3.65 avg_spd=1.98m/s end=collision t= 1118.8s
[TRAIN][PPO] ep=461/500 r=   -6.44 avg10=   23.06 steps= 144 succ10=0.00 touch10=0.00 col10=0.70 to10=0.30 min_d= 3.59 avg_spd=1.88m/s end=collision t= 1119.9s
[TRAIN][PPO] ep=462/500 r=   40.58 avg10=   27.43 steps=2500 succ10=0.00 touch10=0.00 col10=0.60 to10=0.40 min_d= 1.36 avg_spd=2.12m/s end=max_steps t= 1139.6s
[TRAIN][PPO] ep=463/500 r=   63.01 avg10=   27.99 steps= 519 succ10=0.00 touch10=0.00 col10=0.70 to10=0.30 min_d= 2.83 avg_spd=2.04m/s end=collision t= 1144.0s
[TRAIN][PPO] ep=464/500 r=   93.54 avg10=   38.18 steps= 968 succ10=0.00 touch10=0.00 col10=0.70 to10=0.30 min_d= 2.49 avg_spd=2.10m/s end=collision t= 1152.7s
[TRAIN][PPO] ep=465/500 r=   73.48 avg10=   46.76 steps= 520 succ10=0.00 touch10=0.00 col10=0.70 to10=0.30 min_d= 2.78 avg_spd=2.04m/s end=collision t= 1156.7s
[TRAIN][PPO] ep=466/500 r=   80.92 avg10=   48.08 steps= 521 succ10=0.00 touch10=0.00 col10=0.80 to10=0.20 min_d= 2.75 avg_spd=2.07m/s end=collision t= 1161.1s
[TRAIN][PPO] ep=467/500 r=    7.17 avg10=   49.86 steps= 180 succ10=0.00 touch10=0.00 col10=0.80 to10=0.20 min_d= 3.54 avg_spd=2.11m/s end=collision t= 1162.6s
[TRAIN][PPO] ep=468/500 r=  -11.07 avg10=   43.16 steps= 253 succ10=0.00 touch10=0.00 col10=0.90 to10=0.10 min_d= 3.55 avg_spd=2.00m/s end=collision t= 1164.9s
[TRAIN][PPO] ep=469/500 r=   -7.37 avg10=   33.38 steps= 175 succ10=0.00 touch10=0.00 col10=0.90 to10=0.10 min_d= 3.70 avg_spd=1.96m/s end=collision t= 1166.4s
[TRAIN][PPO] ep=470/500 r=   64.68 avg10=   39.85 steps= 540 succ10=0.00 touch10=0.00 col10=0.90 to10=0.10 min_d= 2.84 avg_spd=2.10m/s end=collision t= 1170.2s
[TRAIN][PPO] ep=471/500 r=   47.51 avg10=   45.25 steps= 529 succ10=0.00 touch10=0.00 col10=0.90 to10=0.10 min_d= 2.85 avg_spd=2.06m/s end=collision t= 1174.0s
[TRAIN][PPO] ep=472/500 r=   -6.45 avg10=   40.54 steps= 146 succ10=0.00 touch10=0.00 col10=1.00 to10=0.00 min_d= 3.58 avg_spd=1.91m/s end=collision t= 1175.2s
[TRAIN][PPO] ep=473/500 r=    4.39 avg10=   34.68 steps=2500 succ10=0.00 touch10=0.00 col10=0.90 to10=0.10 min_d= 1.52 avg_spd=2.10m/s end=max_steps t= 1193.3s
[TRAIN][PPO] ep=474/500 r=    4.95 avg10=   25.82 steps= 180 succ10=0.00 touch10=0.00 col10=0.90 to10=0.10 min_d= 3.65 avg_spd=2.03m/s end=collision t= 1194.6s
[TRAIN][PPO] ep=475/500 r=  104.92 avg10=   28.96 steps= 533 succ10=0.00 touch10=0.00 col10=0.90 to10=0.10 min_d= 2.65 avg_spd=2.10m/s end=collision t= 1198.7s
[TRAIN][PPO] ep=476/500 r=   -4.98 avg10=   20.37 steps= 147 succ10=0.00 touch10=0.00 col10=0.90 to10=0.10 min_d= 3.65 avg_spd=1.94m/s end=collision t= 1200.2s
[TRAIN][PPO] ep=477/500 r=  -16.30 avg10=   18.03 steps= 253 succ10=0.00 touch10=0.00 col10=0.90 to10=0.10 min_d= 3.56 avg_spd=1.99m/s end=collision t= 1202.0s
[TRAIN][PPO] ep=478/500 r=   96.52 avg10=   28.79 steps= 529 succ10=0.00 touch10=0.00 col10=0.90 to10=0.10 min_d= 2.66 avg_spd=2.12m/s end=collision t= 1206.0s
[TRAIN][PPO] ep=479/500 r=  -12.55 avg10=   28.27 steps= 267 succ10=0.00 touch10=0.00 col10=0.90 to10=0.10 min_d= 3.61 avg_spd=2.06m/s end=collision t= 1208.0s
[TRAIN][PPO] ep=480/500 r=  -15.77 avg10=   20.22 steps= 256 succ10=0.00 touch10=0.00 col10=0.90 to10=0.10 min_d= 3.62 avg_spd=2.01m/s end=collision t= 1210.1s
[TRAIN][PPO] ep=481/500 r=   61.63 avg10=   21.64 steps= 521 succ10=0.00 touch10=0.00 col10=0.90 to10=0.10 min_d= 2.82 avg_spd=2.06m/s end=collision t= 1214.1s
[TRAIN][PPO] ep=482/500 r=   -3.76 avg10=   21.91 steps= 141 succ10=0.00 touch10=0.00 col10=0.90 to10=0.10 min_d= 3.58 avg_spd=2.10m/s end=collision t= 1215.2s
[TRAIN][PPO] ep=483/500 r=    4.05 avg10=   21.87 steps=2500 succ10=0.00 touch10=0.00 col10=0.90 to10=0.10 min_d= 1.57 avg_spd=2.09m/s end=max_steps t= 1233.8s
[TRAIN][PPO] ep=484/500 r=   -2.79 avg10=   21.10 steps= 164 succ10=0.00 touch10=0.00 col10=0.90 to10=0.10 min_d= 3.64 avg_spd=2.13m/s end=collision t= 1235.6s
[TRAIN][PPO] ep=485/500 r=    0.29 avg10=   10.63 steps= 154 succ10=0.00 touch10=0.00 col10=0.90 to10=0.10 min_d= 3.56 avg_spd=2.12m/s end=collision t= 1236.7s
[TRAIN][PPO] ep=486/500 r=    1.35 avg10=   11.27 steps= 161 succ10=0.00 touch10=0.00 col10=0.90 to10=0.10 min_d= 3.54 avg_spd=2.13m/s end=collision t= 1237.9s
[TRAIN][PPO] ep=487/500 r=   -4.77 avg10=   12.42 steps= 149 succ10=0.00 touch10=0.00 col10=0.90 to10=0.10 min_d= 3.57 avg_spd=1.95m/s end=collision t= 1239.1s
[TRAIN][PPO] ep=488/500 r=  -10.07 avg10=    1.76 steps= 133 succ10=0.00 touch10=0.00 col10=0.90 to10=0.10 min_d= 3.74 avg_spd=1.82m/s end=collision t= 1240.3s
[TRAIN][PPO] ep=489/500 r=   -9.15 avg10=    2.10 steps= 139 succ10=0.00 touch10=0.00 col10=0.90 to10=0.10 min_d= 3.77 avg_spd=1.81m/s end=collision t= 1241.4s
[TRAIN][PPO] ep=490/500 r=   -0.94 avg10=    3.58 steps= 156 succ10=0.00 touch10=0.00 col10=0.90 to10=0.10 min_d= 3.64 avg_spd=2.01m/s end=collision t= 1242.6s
[TRAIN][PPO] ep=491/500 r=   -0.39 avg10=   -2.62 steps= 155 succ10=0.00 touch10=0.00 col10=0.90 to10=0.10 min_d= 3.62 avg_spd=2.06m/s end=collision t= 1243.7s
[TRAIN][PPO] ep=492/500 r=   -0.60 avg10=   -2.30 steps= 150 succ10=0.00 touch10=0.00 col10=0.90 to10=0.10 min_d= 3.54 avg_spd=2.11m/s end=collision t= 1245.0s
[TRAIN][PPO] ep=493/500 r=   68.23 avg10=    4.12 steps=2500 succ10=0.00 touch10=0.00 col10=0.90 to10=0.10 min_d= 1.22 avg_spd=2.13m/s end=max_steps t= 1263.3s
[TRAIN][PPO] ep=494/500 r=   14.07 avg10=    5.80 steps=2266 succ10=0.00 touch10=0.00 col10=0.90 to10=0.10 min_d= 1.47 avg_spd=2.10m/s end=collision t= 1279.3s
[TRAIN][PPO] ep=495/500 r=  -20.76 avg10=    3.70 steps= 254 succ10=0.00 touch10=0.00 col10=0.90 to10=0.10 min_d= 3.65 avg_spd=2.13m/s end=collision t= 1281.2s
[TRAIN][PPO] ep=496/500 r=   -1.59 avg10=    3.40 steps= 155 succ10=0.00 touch10=0.00 col10=0.90 to10=0.10 min_d= 3.62 avg_spd=2.12m/s end=collision t= 1283.0s
[TRAIN][PPO] ep=497/500 r=    1.70 avg10=    4.05 steps= 166 succ10=0.00 touch10=0.00 col10=0.90 to10=0.10 min_d= 3.65 avg_spd=2.00m/s end=collision t= 1284.3s
[TRAIN][PPO] ep=498/500 r=   99.85 avg10=   15.04 steps=2191 succ10=0.00 touch10=0.00 col10=0.90 to10=0.10 min_d= 1.17 avg_spd=2.11m/s end=collision t= 1300.1s
[TRAIN][PPO] ep=499/500 r=  -19.14 avg10=   14.04 steps= 258 succ10=0.00 touch10=0.00 col10=0.90 to10=0.10 min_d= 3.58 avg_spd=2.01m/s end=collision t= 1301.9s
INFO: PPO: Terminating.
[RUN] completed stage checkpoint=/uio/hume/student-u79/esbrovol/fys5429/DRL-Obstacle-Avoidance/controllers/PPO/checkpoints/moving_20260603_110455_step04_all_moving_none_seed01_stage01_train_12_all_moving/final_moving_20260603_110455_step04_all_moving_none_seed01_stage01_train_12_all_moving.pth
[RUN] curriculum complete arch=none seed=1
[MOVING] completed stage checkpoint=/uio/hume/student-u79/esbrovol/fys5429/DRL-Obstacle-Avoidance/controllers/PPO/checkpoints/moving_20260603_110455_step04_all_moving_none_seed01_stage01_train_12_all_moving/final_moving_20260603_110455_step04_all_moving_none_seed01_stage01_train_12_all_moving.pth
[MOVING] stage=5/5 name=moving_goal
[MOVING] resume_from=/uio/hume/student-u79/esbrovol/fys5429/DRL-Obstacle-Avoidance/controllers/PPO/checkpoints/moving_20260603_110455_step04_all_moving_none_seed01_stage01_train_12_all_moving/final_moving_20260603_110455_step04_all_moving_none_seed01_stage01_train_12_all_moving.pth
[MOVING] command=/uio/hume/student-u79/esbrovol/fys5429/DRL-Obstacle-Avoidance/venv/bin/python controllers/run.py worker --arch none --seed 1 --run-group moving_20260603_110455_step05_moving_goal --resume-from /uio/hume/student-u79/esbrovol/fys5429/DRL-Obstacle-Avoidance/controllers/PPO/checkpoints/moving_20260603_110455_step04_all_moving_none_seed01_stage01_train_12_all_moving/final_moving_20260603_110455_step04_all_moving_none_seed01_stage01_train_12_all_moving.pth --worlds worlds/training/train_13_moving_goal.wbt --moving-obstacle-indices all --moving-goal
[RUN] arch=none seed=1 stage=1/1 world=/uio/hume/student-u79/esbrovol/fys5429/DRL-Obstacle-Avoidance/worlds/training/train_13_moving_goal.wbt
[RUN] resuming from /uio/hume/student-u79/esbrovol/fys5429/DRL-Obstacle-Avoidance/controllers/PPO/checkpoints/moving_20260603_110455_step04_all_moving_none_seed01_stage01_train_12_all_moving/final_moving_20260603_110455_step04_all_moving_none_seed01_stage01_train_12_all_moving.pth
INFO: PPO: Starting controller: python3 -u PPO.py
[PPO] Using architecture: NONE
[PPO] Loaded architecture: NONE
[TRAIN][PPO] arch=NONE weights_dir=/uio/hume/student-u79/esbrovol/fys5429/DRL-Obstacle-Avoidance/controllers/PPO/checkpoints/moving_20260603_110455_step05_moving_goal_none_seed01_stage01_train_13_moving_goal final=/uio/hume/student-u79/esbrovol/fys5429/DRL-Obstacle-Avoidance/controllers/PPO/checkpoints/moving_20260603_110455_step05_moving_goal_none_seed01_stage01_train_13_moving_goal/final_moving_20260603_110455_step05_moving_goal_none_seed01_stage01_train_13_moving_goal.pth
[TRAIN][PPO] episodes=500 update_every=4 obs=31 act=2 cell=NONE seq=32 burn_in=0
[TRAIN][PPO] ep=001/500 r=  -12.35 avg10=  -12.35 steps= 130 succ10=0.00 touch10=0.00 col10=1.00 to10=0.00 min_d= 3.79 avg_spd=1.74m/s end=collision t=    1.2s ckpt=best
[TRAIN][PPO] ep=002/500 r=    1.69 avg10=   -5.33 steps= 159 succ10=0.00 touch10=0.00 col10=1.00 to10=0.00 min_d= 3.66 avg_spd=2.09m/s end=collision t=    2.5s ckpt=best
[TRAIN][PPO] ep=003/500 r=   62.45 avg10=   17.27 steps= 531 succ10=0.00 touch10=0.00 col10=1.00 to10=0.00 min_d= 2.77 avg_spd=2.08m/s end=collision t=    6.4s ckpt=best
WARNING: Contact joints between materials 'default' and 'default' will only be created for the 10 deepest contact points instead of all the 11 contact points.
[TRAIN][PPO] ep=004/500 r=   23.90 avg10=   18.93 steps=2251 succ10=0.00 touch10=0.00 col10=1.00 to10=0.00 min_d= 1.31 avg_spd=2.12m/s end=collision t=   23.2s
[TRAIN][PPO] ep=005/500 r=   55.95 avg10=   26.33 steps= 528 succ10=0.00 touch10=0.00 col10=1.00 to10=0.00 min_d= 2.78 avg_spd=2.05m/s end=collision t=   27.0s
[TRAIN][PPO] ep=006/500 r=   31.38 avg10=   27.17 steps= 279 succ10=0.00 touch10=0.00 col10=1.00 to10=0.00 min_d= 3.44 avg_spd=2.08m/s end=collision t=   28.9s
[TRAIN][PPO] ep=007/500 r=   99.64 avg10=   37.52 steps= 533 succ10=0.00 touch10=0.00 col10=1.00 to10=0.00 min_d= 2.59 avg_spd=2.09m/s end=collision t=   32.6s ckpt=best
[TRAIN][PPO] ep=008/500 r=   -2.07 avg10=   32.58 steps= 156 succ10=0.00 touch10=0.00 col10=1.00 to10=0.00 min_d= 3.57 avg_spd=1.97m/s end=collision t=   33.8s
[TRAIN][PPO] ep=009/500 r=    0.64 avg10=   29.03 steps= 268 succ10=0.00 touch10=0.00 col10=1.00 to10=0.00 min_d= 3.61 avg_spd=2.08m/s end=collision t=   35.8s
[TRAIN][PPO] ep=010/500 r=   -2.81 avg10=   25.84 steps= 265 succ10=0.00 touch10=0.00 col10=1.00 to10=0.00 min_d= 3.63 avg_spd=2.04m/s end=collision t=   37.6s
[TRAIN][PPO] ep=011/500 r=    4.05 avg10=   27.48 steps= 164 succ10=0.00 touch10=0.00 col10=1.00 to10=0.00 min_d= 3.56 avg_spd=2.06m/s end=collision t=   38.8s
[TRAIN][PPO] ep=012/500 r=   -5.70 avg10=   26.74 steps= 147 succ10=0.00 touch10=0.00 col10=1.00 to10=0.00 min_d= 3.66 avg_spd=1.91m/s end=collision t=   40.0s
[TRAIN][PPO] ep=013/500 r=   -4.80 avg10=   20.02 steps= 251 succ10=0.00 touch10=0.00 col10=1.00 to10=0.00 min_d= 3.56 avg_spd=2.00m/s end=collision t=   41.8s
[TRAIN][PPO] ep=014/500 r=   49.89 avg10=   22.62 steps=2223 succ10=0.00 touch10=0.00 col10=1.00 to10=0.00 min_d= 1.13 avg_spd=2.12m/s end=collision t=   57.5s
[TRAIN][PPO] ep=015/500 r=    7.36 avg10=   17.76 steps= 174 succ10=0.00 touch10=0.00 col10=1.00 to10=0.00 min_d= 3.54 avg_spd=2.12m/s end=collision t=   58.8s
[TRAIN][PPO] ep=016/500 r=  -12.08 avg10=   13.41 steps= 130 succ10=0.00 touch10=0.00 col10=1.00 to10=0.00 min_d= 3.79 avg_spd=1.78m/s end=collision t=   60.1s
[TRAIN][PPO] ep=017/500 r=   -4.51 avg10=    3.00 steps= 142 succ10=0.00 touch10=0.00 col10=1.00 to10=0.00 min_d= 3.66 avg_spd=1.94m/s end=collision t=   61.2s
[TRAIN][PPO] ep=018/500 r=    5.49 avg10=    3.75 steps= 172 succ10=0.00 touch10=0.00 col10=1.00 to10=0.00 min_d= 3.54 avg_spd=2.16m/s end=collision t=   62.5s
[TRAIN][PPO] ep=019/500 r=   27.07 avg10=    6.39 steps= 272 succ10=0.00 touch10=0.00 col10=1.00 to10=0.00 min_d= 3.42 avg_spd=2.14m/s end=collision t=   64.5s
[TRAIN][PPO] ep=020/500 r=   33.23 avg10=   10.00 steps= 277 succ10=0.00 touch10=0.00 col10=1.00 to10=0.00 min_d= 3.45 avg_spd=2.03m/s end=collision t=   66.6s
[TRAIN][PPO] ep=021/500 r=   -1.13 avg10=    9.48 steps= 150 succ10=0.00 touch10=0.00 col10=1.00 to10=0.00 min_d= 3.63 avg_spd=2.13m/s end=collision t=   67.7s
[TRAIN][PPO] ep=022/500 r=  -12.33 avg10=    8.82 steps= 258 succ10=0.00 touch10=0.00 col10=1.00 to10=0.00 min_d= 3.59 avg_spd=2.01m/s end=collision t=   69.5s
[TRAIN][PPO] ep=023/500 r=   -3.06 avg10=    8.99 steps= 150 succ10=0.00 touch10=0.00 col10=1.00 to10=0.00 min_d= 3.63 avg_spd=1.98m/s end=collision t=   70.5s
[TRAIN][PPO] ep=024/500 r=    3.61 avg10=    4.36 steps= 164 succ10=0.00 touch10=0.00 col10=1.00 to10=0.00 min_d= 3.64 avg_spd=2.06m/s end=collision t=   71.9s
[TRAIN][PPO] ep=025/500 r=    4.84 avg10=    4.11 steps= 167 succ10=0.00 touch10=0.00 col10=1.00 to10=0.00 min_d= 3.61 avg_spd=2.09m/s end=collision t=   73.2s
[TRAIN][PPO] ep=026/500 r=  -18.53 avg10=    3.47 steps= 251 succ10=0.00 touch10=0.00 col10=1.00 to10=0.00 min_d= 3.61 avg_spd=2.05m/s end=collision t=   75.0s
[TRAIN][PPO] ep=027/500 r=    6.67 avg10=    4.59 steps= 171 succ10=0.00 touch10=0.00 col10=1.00 to10=0.00 min_d= 3.53 avg_spd=2.06m/s end=collision t=   76.2s
[TRAIN][PPO] ep=028/500 r=    9.90 avg10=    5.03 steps= 181 succ10=0.00 touch10=0.00 col10=1.00 to10=0.00 min_d= 3.55 avg_spd=2.08m/s end=collision t=   77.6s
[TRAIN][PPO] ep=029/500 r=   72.49 avg10=    9.57 steps= 526 succ10=0.00 touch10=0.00 col10=1.00 to10=0.00 min_d= 2.67 avg_spd=2.05m/s end=collision t=   81.5s
[TRAIN][PPO] ep=030/500 r=   37.91 avg10=   10.04 steps= 281 succ10=0.00 touch10=0.00 col10=1.00 to10=0.00 min_d= 3.42 avg_spd=2.02m/s end=collision t=   83.5s
[TRAIN][PPO] ep=031/500 r=   -3.86 avg10=    9.76 steps= 143 succ10=0.00 touch10=0.00 col10=1.00 to10=0.00 min_d= 3.65 avg_spd=1.98m/s end=collision t=   84.5s
[TRAIN][PPO] ep=032/500 r=  -10.41 avg10=    9.96 steps= 137 succ10=0.00 touch10=0.00 col10=1.00 to10=0.00 min_d= 3.68 avg_spd=1.74m/s end=collision t=   85.6s
[TRAIN][PPO] ep=033/500 r=   67.18 avg10=   16.98 steps= 534 succ10=0.00 touch10=0.00 col10=1.00 to10=0.00 min_d= 2.76 avg_spd=2.09m/s end=collision t=   89.3s
[TRAIN][PPO] ep=034/500 r=   -9.78 avg10=   15.64 steps= 257 succ10=0.00 touch10=0.00 col10=1.00 to10=0.00 min_d= 3.55 avg_spd=2.02m/s end=collision t=   91.2s
[TRAIN][PPO] ep=035/500 r=   -2.22 avg10=   14.94 steps= 263 succ10=0.00 touch10=0.00 col10=1.00 to10=0.00 min_d= 3.54 avg_spd=2.06m/s end=collision t=   93.1s
[TRAIN][PPO] ep=036/500 r=    3.57 avg10=   17.15 steps= 169 succ10=0.00 touch10=0.00 col10=1.00 to10=0.00 min_d= 3.55 avg_spd=1.99m/s end=collision t=   94.4s
[TRAIN][PPO] ep=037/500 r=   26.67 avg10=   19.14 steps= 270 succ10=0.00 touch10=0.00 col10=1.00 to10=0.00 min_d= 3.44 avg_spd=2.09m/s end=collision t=   96.3s
[TRAIN][PPO] ep=038/500 r=   62.67 avg10=   24.42 steps= 423 succ10=0.00 touch10=0.00 col10=1.00 to10=0.00 min_d= 3.07 avg_spd=2.17m/s end=collision t=   99.4s
[TRAIN][PPO] ep=039/500 r=   -1.94 avg10=   16.98 steps= 153 succ10=0.00 touch10=0.00 col10=1.00 to10=0.00 min_d= 3.58 avg_spd=1.90m/s end=collision t=  100.6s
[TRAIN][PPO] ep=040/500 r=  -13.36 avg10=   11.85 steps= 128 succ10=0.00 touch10=0.00 col10=1.00 to10=0.00 min_d= 3.86 avg_spd=1.69m/s end=collision t=  101.7s
[TRAIN][PPO] ep=041/500 r=   58.10 avg10=   18.05 steps= 750 succ10=0.00 touch10=0.00 col10=1.00 to10=0.00 min_d= 2.73 avg_spd=2.12m/s end=collision t=  107.2s
[TRAIN][PPO] ep=042/500 r=   -2.38 avg10=   18.85 steps= 153 succ10=0.00 touch10=0.00 col10=1.00 to10=0.00 min_d= 3.66 avg_spd=1.87m/s end=collision t=  108.3s
[TRAIN][PPO] ep=043/500 r=  104.58 avg10=   22.59 steps=2194 succ10=0.00 touch10=0.00 col10=1.00 to10=0.00 min_d= 0.99 avg_spd=2.11m/s end=collision t=  123.8s ckpt=best
[TRAIN][PPO] ep=044/500 r=   31.25 avg10=   26.69 steps= 279 succ10=0.00 touch10=0.00 col10=1.00 to10=0.00 min_d= 3.36 avg_spd=2.11m/s end=collision t=  126.4s
[TRAIN][PPO] ep=045/500 r=    5.75 avg10=   27.49 steps= 174 succ10=0.00 touch10=0.00 col10=1.00 to10=0.00 min_d= 3.60 avg_spd=2.06m/s end=collision t=  127.6s
[TRAIN][PPO] ep=046/500 r=   50.59 avg10=   32.19 steps= 522 succ10=0.00 touch10=0.00 col10=1.00 to10=0.00 min_d= 2.79 avg_spd=2.02m/s end=collision t=  131.3s
[TRAIN][PPO] ep=047/500 r=   -9.38 avg10=   28.59 steps= 136 succ10=0.00 touch10=0.00 col10=1.00 to10=0.00 min_d= 3.80 avg_spd=1.74m/s end=collision t=  132.2s
[TRAIN][PPO] ep=048/500 r=   -5.02 avg10=   21.82 steps= 145 succ10=0.00 touch10=0.00 col10=1.00 to10=0.00 min_d= 3.78 avg_spd=1.83m/s end=collision t=  133.4s
[TRAIN][PPO] ep=049/500 r=   59.61 avg10=   27.97 steps=2217 succ10=0.00 touch10=0.00 col10=1.00 to10=0.00 min_d= 1.09 avg_spd=2.11m/s end=collision t=  148.8s
[TRAIN][PPO] ep=050/500 r=   31.97 avg10=   32.51 steps= 270 succ10=0.00 touch10=0.00 col10=1.00 to10=0.00 min_d= 3.44 avg_spd=2.08m/s end=collision t=  150.8s
[TRAIN][PPO] ep=051/500 r=    2.28 avg10=   26.93 steps= 172 succ10=0.00 touch10=0.00 col10=1.00 to10=0.00 min_d= 3.61 avg_spd=2.16m/s end=collision t=  152.2s
[TRAIN][PPO] ep=052/500 r=   78.97 avg10=   35.06 steps=2196 succ10=0.00 touch10=0.00 col10=1.00 to10=0.00 min_d= 0.97 avg_spd=2.15m/s end=collision t=  168.8s
[TRAIN][PPO] ep=053/500 r=   55.37 avg10=   30.14 steps= 522 succ10=0.00 touch10=0.00 col10=1.00 to10=0.00 min_d= 2.76 avg_spd=2.06m/s end=collision t=  172.6s
[TRAIN][PPO] ep=054/500 r=   -1.70 avg10=   26.85 steps= 155 succ10=0.00 touch10=0.00 col10=1.00 to10=0.00 min_d= 3.63 avg_spd=1.94m/s end=collision t=  173.8s
[TRAIN][PPO] ep=055/500 r=   34.01 avg10=   29.67 steps= 278 succ10=0.00 touch10=0.00 col10=1.00 to10=0.00 min_d= 3.51 avg_spd=2.04m/s end=collision t=  175.9s
[TRAIN][PPO] ep=056/500 r=    7.08 avg10=   25.32 steps= 175 succ10=0.00 touch10=0.00 col10=1.00 to10=0.00 min_d= 3.54 avg_spd=2.03m/s end=collision t=  177.4s
[TRAIN][PPO] ep=057/500 r=   67.84 avg10=   33.04 steps= 523 succ10=0.00 touch10=0.00 col10=1.00 to10=0.00 min_d= 2.70 avg_spd=2.06m/s end=collision t=  181.2s
[TRAIN][PPO] ep=058/500 r=   34.16 avg10=   36.96 steps= 276 succ10=0.00 touch10=0.00 col10=1.00 to10=0.00 min_d= 3.34 avg_spd=2.09m/s end=collision t=  183.3s
[TRAIN][PPO] ep=059/500 r= -120.51 avg10=   18.95 steps= 784 succ10=0.00 touch10=0.00 col10=1.00 to10=0.00 min_d= 3.59 avg_spd=2.14m/s end=collision t=  189.3s
[TRAIN][PPO] ep=060/500 r=   35.96 avg10=   19.35 steps= 279 succ10=0.00 touch10=0.00 col10=1.00 to10=0.00 min_d= 3.33 avg_spd=2.11m/s end=collision t=  191.8s
[TRAIN][PPO] ep=061/500 r=    3.16 avg10=   19.43 steps= 175 succ10=0.00 touch10=0.00 col10=1.00 to10=0.00 min_d= 3.64 avg_spd=2.12m/s end=collision t=  193.1s
[TRAIN][PPO] ep=062/500 r=   36.66 avg10=   15.20 steps= 278 succ10=0.00 touch10=0.00 col10=1.00 to10=0.00 min_d= 3.39 avg_spd=2.09m/s end=collision t=  195.2s
[TRAIN][PPO] ep=063/500 r=   -7.72 avg10=    8.89 steps= 145 succ10=0.00 touch10=0.00 col10=1.00 to10=0.00 min_d= 3.67 avg_spd=1.68m/s end=collision t=  196.2s
[TRAIN][PPO] ep=064/500 r=   78.12 avg10=   16.88 steps=2193 succ10=0.00 touch10=0.00 col10=1.00 to10=0.00 min_d= 0.97 avg_spd=2.12m/s end=collision t=  213.0s
[TRAIN][PPO] ep=065/500 r=   -6.66 avg10=   12.81 steps= 136 succ10=0.00 touch10=0.00 col10=1.00 to10=0.00 min_d= 3.64 avg_spd=1.94m/s end=collision t=  214.1s
[TRAIN][PPO] ep=066/500 r=   72.22 avg10=   19.32 steps=1942 succ10=0.00 touch10=0.00 col10=1.00 to10=0.00 min_d= 1.58 avg_spd=2.13m/s end=collision t=  228.6s
[TRAIN][PPO] ep=067/500 r=   75.31 avg10=   20.07 steps= 539 succ10=0.00 touch10=0.00 col10=1.00 to10=0.00 min_d= 2.76 avg_spd=2.09m/s end=collision t=  232.7s
[TRAIN][PPO] ep=068/500 r=   69.26 avg10=   23.58 steps= 739 succ10=0.00 touch10=0.00 col10=1.00 to10=0.00 min_d= 2.71 avg_spd=2.10m/s end=collision t=  238.8s
[TRAIN][PPO] ep=069/500 r=   86.38 avg10=   44.27 steps=2193 succ10=0.00 touch10=0.00 col10=1.00 to10=0.00 min_d= 1.04 avg_spd=2.11m/s end=collision t=  254.8s
[TRAIN][PPO] ep=070/500 r=    0.10 avg10=   40.68 steps= 159 succ10=0.00 touch10=0.00 col10=1.00 to10=0.00 min_d= 3.65 avg_spd=1.97m/s end=collision t=  256.0s
[TRAIN][PPO] ep=071/500 r=    1.45 avg10=   40.51 steps= 159 succ10=0.00 touch10=0.00 col10=1.00 to10=0.00 min_d= 3.66 avg_spd=2.07m/s end=collision t=  257.2s
[TRAIN][PPO] ep=072/500 r=   -0.92 avg10=   36.76 steps= 261 succ10=0.00 touch10=0.00 col10=1.00 to10=0.00 min_d= 3.64 avg_spd=2.02m/s end=collision t=  259.6s
[TRAIN][PPO] ep=073/500 r= -110.41 avg10=   26.49 steps= 784 succ10=0.00 touch10=0.00 col10=1.00 to10=0.00 min_d= 3.56 avg_spd=2.14m/s end=collision t=  265.3s
[TRAIN][PPO] ep=074/500 r=    6.51 avg10=   19.32 steps= 179 succ10=0.00 touch10=0.00 col10=1.00 to10=0.00 min_d= 3.64 avg_spd=2.01m/s end=collision t=  266.7s
[TRAIN][PPO] ep=075/500 r=   -0.91 avg10=   19.90 steps= 256 succ10=0.00 touch10=0.00 col10=1.00 to10=0.00 min_d= 3.48 avg_spd=2.03m/s end=collision t=  268.6s
[TRAIN][PPO] ep=076/500 r=   57.23 avg10=   18.40 steps= 527 succ10=0.00 touch10=0.00 col10=1.00 to10=0.00 min_d= 2.78 avg_spd=2.04m/s end=collision t=  272.6s
[TRAIN][PPO] ep=077/500 r=    6.09 avg10=   11.48 steps= 175 succ10=0.00 touch10=0.00 col10=1.00 to10=0.00 min_d= 3.57 avg_spd=1.96m/s end=collision t=  273.9s
[TRAIN][PPO] ep=078/500 r=   73.34 avg10=   11.89 steps=2205 succ10=0.00 touch10=0.00 col10=1.00 to10=0.00 min_d= 1.03 avg_spd=2.10m/s end=collision t=  289.9s
[TRAIN][PPO] ep=079/500 r=   49.09 avg10=    8.16 steps= 541 succ10=0.00 touch10=0.00 col10=1.00 to10=0.00 min_d= 2.81 avg_spd=2.08m/s end=collision t=  293.7s
[TRAIN][PPO] ep=080/500 r=   37.56 avg10=   11.90 steps= 278 succ10=0.00 touch10=0.00 col10=1.00 to10=0.00 min_d= 3.38 avg_spd=2.05m/s end=collision t=  296.2s
[TRAIN][PPO] ep=081/500 r=   35.22 avg10=   15.28 steps= 278 succ10=0.00 touch10=0.00 col10=1.00 to10=0.00 min_d= 3.39 avg_spd=2.09m/s end=collision t=  298.2s
[TRAIN][PPO] ep=082/500 r=   33.98 avg10=   18.77 steps= 278 succ10=0.00 touch10=0.00 col10=1.00 to10=0.00 min_d= 3.46 avg_spd=2.03m/s end=collision t=  300.2s
[TRAIN][PPO] ep=083/500 r=   63.32 avg10=   36.14 steps=2198 succ10=0.00 touch10=0.00 col10=1.00 to10=0.00 min_d= 0.99 avg_spd=2.12m/s end=collision t=  316.0s
[TRAIN][PPO] ep=084/500 r=   36.57 avg10=   39.15 steps= 279 succ10=0.00 touch10=0.00 col10=1.00 to10=0.00 min_d= 3.36 avg_spd=2.08m/s end=collision t=  318.6s
[TRAIN][PPO] ep=085/500 r=   55.05 avg10=   44.74 steps= 527 succ10=0.00 touch10=0.00 col10=1.00 to10=0.00 min_d= 2.78 avg_spd=2.05m/s end=collision t=  322.4s
[TRAIN][PPO] ep=086/500 r=   70.90 avg10=   46.11 steps= 732 succ10=0.00 touch10=0.00 col10=1.00 to10=0.00 min_d= 2.68 avg_spd=2.13m/s end=collision t=  327.4s
[TRAIN][PPO] ep=087/500 r=   52.95 avg10=   50.80 steps= 530 succ10=0.00 touch10=0.00 col10=1.00 to10=0.00 min_d= 2.77 avg_spd=2.03m/s end=collision t=  330.9s
[TRAIN][PPO] ep=088/500 r=   59.45 avg10=   49.41 steps= 524 succ10=0.00 touch10=0.00 col10=1.00 to10=0.00 min_d= 2.74 avg_spd=2.05m/s end=collision t=  334.9s
[TRAIN][PPO] ep=089/500 r=    0.96 avg10=   44.60 steps= 158 succ10=0.00 touch10=0.00 col10=1.00 to10=0.00 min_d= 3.62 avg_spd=2.08m/s end=collision t=  335.9s
[TRAIN][PPO] ep=090/500 r=   71.29 avg10=   47.97 steps= 538 succ10=0.00 touch10=0.00 col10=1.00 to10=0.00 min_d= 2.75 avg_spd=2.12m/s end=collision t=  339.6s
[TRAIN][PPO] ep=091/500 r=   33.48 avg10=   47.79 steps= 277 succ10=0.00 touch10=0.00 col10=1.00 to10=0.00 min_d= 3.37 avg_spd=2.09m/s end=collision t=  341.7s
[TRAIN][PPO] ep=092/500 r=    4.44 avg10=   44.84 steps= 172 succ10=0.00 touch10=0.00 col10=1.00 to10=0.00 min_d= 3.65 avg_spd=1.98m/s end=collision t=  343.2s
[TRAIN][PPO] ep=093/500 r=   88.33 avg10=   47.34 steps=1917 succ10=0.00 touch10=0.00 col10=1.00 to10=0.00 min_d= 1.63 avg_spd=2.13m/s end=collision t=  357.3s
[TRAIN][PPO] ep=094/500 r=   -3.28 avg10=   43.36 steps= 147 succ10=0.00 touch10=0.00 col10=1.00 to10=0.00 min_d= 3.66 avg_spd=1.92m/s end=collision t=  358.4s
[TRAIN][PPO] ep=095/500 r=   13.51 avg10=   39.20 steps= 268 succ10=0.00 touch10=0.00 col10=1.00 to10=0.00 min_d= 3.42 avg_spd=2.03m/s end=collision t=  360.3s
[TRAIN][PPO] ep=096/500 r=   67.50 avg10=   38.86 steps= 536 succ10=0.00 touch10=0.00 col10=1.00 to10=0.00 min_d= 2.73 avg_spd=2.10m/s end=collision t=  364.4s
[TRAIN][PPO] ep=097/500 r=   52.46 avg10=   38.81 steps= 527 succ10=0.00 touch10=0.00 col10=1.00 to10=0.00 min_d= 2.78 avg_spd=2.06m/s end=collision t=  368.2s
[TRAIN][PPO] ep=098/500 r=   -0.92 avg10=   32.78 steps= 152 succ10=0.00 touch10=0.00 col10=1.00 to10=0.00 min_d= 3.66 avg_spd=2.01m/s end=collision t=  369.5s
[TRAIN][PPO] ep=099/500 r=    7.58 avg10=   33.44 steps= 182 succ10=0.00 touch10=0.00 col10=1.00 to10=0.00 min_d= 3.64 avg_spd=1.99m/s end=collision t=  370.8s
[TRAIN][PPO] ep=100/500 r=   60.54 avg10=   32.36 steps= 531 succ10=0.00 touch10=0.00 col10=1.00 to10=0.00 min_d= 2.73 avg_spd=2.02m/s end=collision t=  374.8s ckpt=latest
[TRAIN][PPO] ep=101/500 r=    1.63 avg10=   29.18 steps= 158 succ10=0.00 touch10=0.00 col10=1.00 to10=0.00 min_d= 3.58 avg_spd=2.06m/s end=collision t=  376.0s
[TRAIN][PPO] ep=102/500 r=    5.21 avg10=   29.25 steps= 174 succ10=0.00 touch10=0.00 col10=1.00 to10=0.00 min_d= 3.57 avg_spd=2.11m/s end=collision t=  377.4s
[TRAIN][PPO] ep=103/500 r=  107.71 avg10=   31.19 steps=1912 succ10=0.00 touch10=0.00 col10=1.00 to10=0.00 min_d= 1.63 avg_spd=2.14m/s end=collision t=  391.4s ckpt=best
[TRAIN][PPO] ep=104/500 r=   -6.64 avg10=   30.86 steps= 141 succ10=0.00 touch10=0.00 col10=1.00 to10=0.00 min_d= 3.77 avg_spd=1.77m/s end=collision t=  392.7s
[TRAIN][PPO] ep=105/500 r=   -0.83 avg10=   29.42 steps= 156 succ10=0.00 touch10=0.00 col10=1.00 to10=0.00 min_d= 3.66 avg_spd=1.92m/s end=collision t=  393.9s
[TRAIN][PPO] ep=106/500 r=   35.75 avg10=   26.25 steps= 278 succ10=0.00 touch10=0.00 col10=1.00 to10=0.00 min_d= 3.38 avg_spd=2.11m/s end=collision t=  395.8s
[TRAIN][PPO] ep=107/500 r=   -7.91 avg10=   20.21 steps= 169 succ10=0.00 touch10=0.00 col10=1.00 to10=0.00 min_d= 3.73 avg_spd=1.78m/s end=collision t=  397.0s
[TRAIN][PPO] ep=108/500 r=   -2.67 avg10=   20.04 steps= 152 succ10=0.00 touch10=0.00 col10=1.00 to10=0.00 min_d= 3.66 avg_spd=1.89m/s end=collision t=  398.2s
[TRAIN][PPO] ep=109/500 r=   55.32 avg10=   24.81 steps= 534 succ10=0.00 touch10=0.00 col10=1.00 to10=0.00 min_d= 2.80 avg_spd=2.05m/s end=collision t=  401.9s
[TRAIN][PPO] ep=110/500 r=    6.83 avg10=   19.44 steps= 280 succ10=0.00 touch10=0.00 col10=1.00 to10=0.00 min_d= 3.64 avg_spd=1.95m/s end=collision t=  403.8s
[TRAIN][PPO] ep=111/500 r=  -55.96 avg10=   13.68 steps= 467 succ10=0.00 touch10=0.00 col10=1.00 to10=0.00 min_d= 3.69 avg_spd=2.00m/s end=collision t=  407.0s
[TRAIN][PPO] ep=112/500 r=   -2.74 avg10=   12.89 steps= 258 succ10=0.00 touch10=0.00 col10=1.00 to10=0.00 min_d= 3.61 avg_spd=2.00m/s end=collision t=  409.1s
[TRAIN][PPO] ep=113/500 r=   90.79 avg10=   11.20 steps=2192 succ10=0.00 touch10=0.00 col10=1.00 to10=0.00 min_d= 0.94 avg_spd=2.11m/s end=collision t=  425.0s
[TRAIN][PPO] ep=114/500 r=   -3.60 avg10=   11.50 steps= 153 succ10=0.00 touch10=0.00 col10=1.00 to10=0.00 min_d= 3.63 avg_spd=1.82m/s end=collision t=  426.1s
[TRAIN][PPO] ep=115/500 r=   70.15 avg10=   18.60 steps= 536 succ10=0.00 touch10=0.00 col10=1.00 to10=0.00 min_d= 2.75 avg_spd=2.08m/s end=collision t=  429.9s
[TRAIN][PPO] ep=116/500 r=   60.07 avg10=   21.03 steps= 534 succ10=0.00 touch10=0.00 col10=1.00 to10=0.00 min_d= 2.78 avg_spd=2.06m/s end=collision t=  434.1s
[TRAIN][PPO] ep=117/500 r=   -4.42 avg10=   21.38 steps= 142 succ10=0.00 touch10=0.00 col10=1.00 to10=0.00 min_d= 3.65 avg_spd=1.93m/s end=collision t=  435.1s
[TRAIN][PPO] ep=118/500 r=   10.83 avg10=   22.73 steps= 264 succ10=0.00 touch10=0.00 col10=1.00 to10=0.00 min_d= 3.46 avg_spd=2.10m/s end=collision t=  437.0s
[TRAIN][PPO] ep=119/500 r=  -16.82 avg10=   15.51 steps= 253 succ10=0.00 touch10=0.00 col10=1.00 to10=0.00 min_d= 3.64 avg_spd=2.09m/s end=collision t=  439.0s
[TRAIN][PPO] ep=120/500 r=   -0.65 avg10=   14.77 steps= 267 succ10=0.00 touch10=0.00 col10=1.00 to10=0.00 min_d= 3.59 avg_spd=2.01m/s end=collision t=  441.3s
[TRAIN][PPO] ep=121/500 r=   56.06 avg10=   25.97 steps= 537 succ10=0.00 touch10=0.00 col10=1.00 to10=0.00 min_d= 2.79 avg_spd=2.07m/s end=collision t=  445.4s
[TRAIN][PPO] ep=122/500 r=   61.37 avg10=   32.38 steps= 525 succ10=0.00 touch10=0.00 col10=1.00 to10=0.00 min_d= 2.73 avg_spd=2.03m/s end=collision t=  449.3s
[TRAIN][PPO] ep=123/500 r=  -11.73 avg10=   22.13 steps= 136 succ10=0.00 touch10=0.00 col10=1.00 to10=0.00 min_d= 3.82 avg_spd=1.67m/s end=collision t=  450.2s
[TRAIN][PPO] ep=124/500 r=   -7.19 avg10=   21.77 steps= 150 succ10=0.00 touch10=0.00 col10=1.00 to10=0.00 min_d= 3.77 avg_spd=1.68m/s end=collision t=  451.5s
[TRAIN][PPO] ep=125/500 r=   67.83 avg10=   21.54 steps= 554 succ10=0.00 touch10=0.00 col10=1.00 to10=0.00 min_d= 2.82 avg_spd=2.09m/s end=collision t=  455.6s
[TRAIN][PPO] ep=126/500 r=    2.21 avg10=   15.75 steps= 160 succ10=0.00 touch10=0.00 col10=1.00 to10=0.00 min_d= 3.57 avg_spd=2.00m/s end=collision t=  456.8s
[TRAIN][PPO] ep=127/500 r=   36.09 avg10=   19.80 steps= 278 succ10=0.00 touch10=0.00 col10=1.00 to10=0.00 min_d= 3.37 avg_spd=2.00m/s end=collision t=  458.8s
[TRAIN][PPO] ep=128/500 r=    2.21 avg10=   18.94 steps= 172 succ10=0.00 touch10=0.00 col10=1.00 to10=0.00 min_d= 3.60 avg_spd=2.14m/s end=collision t=  460.3s
[TRAIN][PPO] ep=129/500 r=   -0.67 avg10=   20.55 steps= 159 succ10=0.00 touch10=0.00 col10=1.00 to10=0.00 min_d= 3.64 avg_spd=2.04m/s end=collision t=  461.5s
[TRAIN][PPO] ep=130/500 r=    5.37 avg10=   21.15 steps= 177 succ10=0.00 touch10=0.00 col10=1.00 to10=0.00 min_d= 3.64 avg_spd=1.99m/s end=collision t=  462.9s
[TRAIN][PPO] ep=131/500 r=  -44.75 avg10=   11.07 steps= 565 succ10=0.00 touch10=0.00 col10=1.00 to10=0.00 min_d= 3.43 avg_spd=2.11m/s end=collision t=  467.3s
[TRAIN][PPO] ep=132/500 r=   36.67 avg10=    8.60 steps= 279 succ10=0.00 touch10=0.00 col10=1.00 to10=0.00 min_d= 3.38 avg_spd=2.05m/s end=collision t=  469.7s
[TRAIN][PPO] ep=133/500 r=    4.62 avg10=   10.24 steps= 251 succ10=0.00 touch10=0.00 col10=1.00 to10=0.00 min_d= 3.51 avg_spd=2.09m/s end=collision t=  471.5s
[TRAIN][PPO] ep=134/500 r=   33.50 avg10=   14.31 steps= 275 succ10=0.00 touch10=0.00 col10=1.00 to10=0.00 min_d= 3.51 avg_spd=2.05m/s end=collision t=  473.6s
[TRAIN][PPO] ep=135/500 r=    1.54 avg10=    7.68 steps= 162 succ10=0.00 touch10=0.00 col10=1.00 to10=0.00 min_d= 3.56 avg_spd=1.91m/s end=collision t=  474.8s
[TRAIN][PPO] ep=136/500 r=   -2.91 avg10=    7.17 steps= 155 succ10=0.00 touch10=0.00 col10=1.00 to10=0.00 min_d= 3.76 avg_spd=1.80m/s end=collision t=  476.0s
[TRAIN][PPO] ep=137/500 r=   24.02 avg10=    5.96 steps= 274 succ10=0.00 touch10=0.00 col10=1.00 to10=0.00 min_d= 3.38 avg_spd=2.11m/s end=collision t=  478.1s
[TRAIN][PPO] ep=138/500 r=   28.96 avg10=    8.63 steps= 275 succ10=0.00 touch10=0.00 col10=1.00 to10=0.00 min_d= 3.34 avg_spd=2.10m/s end=collision t=  480.2s
[TRAIN][PPO] ep=139/500 r=   34.38 avg10=   12.14 steps= 275 succ10=0.00 touch10=0.00 col10=1.00 to10=0.00 min_d= 3.35 avg_spd=2.12m/s end=collision t=  482.5s
[TRAIN][PPO] ep=140/500 r=  -15.88 avg10=   10.02 steps= 126 succ10=0.00 touch10=0.00 col10=1.00 to10=0.00 min_d= 3.85 avg_spd=1.64m/s end=collision t=  483.6s
[TRAIN][PPO] ep=141/500 r=   -6.59 avg10=   13.83 steps= 146 succ10=0.00 touch10=0.00 col10=1.00 to10=0.00 min_d= 3.79 avg_spd=1.71m/s end=collision t=  484.7s
[TRAIN][PPO] ep=142/500 r=    7.22 avg10=   10.89 steps= 180 succ10=0.00 touch10=0.00 col10=1.00 to10=0.00 min_d= 3.64 avg_spd=2.04m/s end=collision t=  486.1s
[TRAIN][PPO] ep=143/500 r=   72.49 avg10=   17.67 steps= 536 succ10=0.00 touch10=0.00 col10=1.00 to10=0.00 min_d= 2.74 avg_spd=2.07m/s end=collision t=  490.1s
[TRAIN][PPO] ep=144/500 r=   19.79 avg10=   16.30 steps= 267 succ10=0.00 touch10=0.00 col10=1.00 to10=0.00 min_d= 3.42 avg_spd=2.10m/s end=collision t=  492.4s
[TRAIN][PPO] ep=145/500 r=  -56.85 avg10=   10.46 steps= 473 succ10=0.00 touch10=0.00 col10=1.00 to10=0.00 min_d= 3.68 avg_spd=2.05m/s end=collision t=  495.5s
[TRAIN][PPO] ep=146/500 r=   58.94 avg10=   16.65 steps= 532 succ10=0.00 touch10=0.00 col10=1.00 to10=0.00 min_d= 2.77 avg_spd=2.10m/s end=collision t=  499.0s
[TRAIN][PPO] ep=147/500 r=  -11.89 avg10=   13.06 steps= 138 succ10=0.00 touch10=0.00 col10=1.00 to10=0.00 min_d= 3.84 avg_spd=1.65m/s end=collision t=  499.9s
[TRAIN][PPO] ep=148/500 r=    5.50 avg10=   10.71 steps= 254 succ10=0.00 touch10=0.00 col10=1.00 to10=0.00 min_d= 3.45 avg_spd=2.07m/s end=collision t=  501.7s
[TRAIN][PPO] ep=149/500 r=   -8.44 avg10=    6.43 steps= 135 succ10=0.00 touch10=0.00 col10=1.00 to10=0.00 min_d= 3.67 avg_spd=1.81m/s end=collision t=  502.6s
[TRAIN][PPO] ep=150/500 r=   -1.54 avg10=    7.86 steps= 258 succ10=0.00 touch10=0.00 col10=1.00 to10=0.00 min_d= 3.60 avg_spd=2.10m/s end=collision t=  504.3s
[TRAIN][PPO] ep=151/500 r=   48.41 avg10=   13.36 steps= 524 succ10=0.00 touch10=0.00 col10=1.00 to10=0.00 min_d= 2.78 avg_spd=2.07m/s end=collision t=  507.6s
[TRAIN][PPO] ep=152/500 r=    2.09 avg10=   12.85 steps= 161 succ10=0.00 touch10=0.00 col10=1.00 to10=0.00 min_d= 3.55 avg_spd=1.95m/s end=collision t=  508.8s
[TRAIN][PPO] ep=153/500 r=   24.23 avg10=    8.03 steps= 274 succ10=0.00 touch10=0.00 col10=1.00 to10=0.00 min_d= 3.44 avg_spd=2.17m/s end=collision t=  510.5s
[TRAIN][PPO] ep=154/500 r=   27.03 avg10=    8.75 steps= 271 succ10=0.00 touch10=0.00 col10=1.00 to10=0.00 min_d= 3.46 avg_spd=2.10m/s end=collision t=  512.2s
[TRAIN][PPO] ep=155/500 r=    5.82 avg10=   15.02 steps= 177 succ10=0.00 touch10=0.00 col10=1.00 to10=0.00 min_d= 3.60 avg_spd=2.02m/s end=collision t=  513.3s
[TRAIN][PPO] ep=156/500 r=   -7.41 avg10=    8.38 steps= 257 succ10=0.00 touch10=0.00 col10=1.00 to10=0.00 min_d= 3.57 avg_spd=2.10m/s end=collision t=  515.2s
[TRAIN][PPO] ep=157/500 r=    7.40 avg10=   10.31 steps= 180 succ10=0.00 touch10=0.00 col10=1.00 to10=0.00 min_d= 3.57 avg_spd=2.07m/s end=collision t=  516.4s
[TRAIN][PPO] ep=158/500 r=   61.43 avg10=   15.90 steps= 521 succ10=0.00 touch10=0.00 col10=1.00 to10=0.00 min_d= 2.72 avg_spd=2.10m/s end=collision t=  519.9s
[TRAIN][PPO] ep=159/500 r=   51.94 avg10=   21.94 steps= 522 succ10=0.00 touch10=0.00 col10=1.00 to10=0.00 min_d= 2.79 avg_spd=2.07m/s end=collision t=  523.2s
[TRAIN][PPO] ep=160/500 r=   36.26 avg10=   25.72 steps= 277 succ10=0.00 touch10=0.00 col10=1.00 to10=0.00 min_d= 3.36 avg_spd=2.13m/s end=collision t=  525.2s
[TRAIN][PPO] ep=161/500 r=   46.32 avg10=   25.51 steps= 532 succ10=0.00 touch10=0.00 col10=1.00 to10=0.00 min_d= 2.81 avg_spd=2.09m/s end=collision t=  528.6s
[TRAIN][PPO] ep=162/500 r=   -0.30 avg10=   25.27 steps= 156 succ10=0.00 touch10=0.00 col10=1.00 to10=0.00 min_d= 3.66 avg_spd=2.08m/s end=collision t=  529.6s
[TRAIN][PPO] ep=163/500 r=   -8.42 avg10=   22.01 steps= 260 succ10=0.00 touch10=0.00 col10=1.00 to10=0.00 min_d= 3.62 avg_spd=2.04m/s end=collision t=  531.3s
[TRAIN][PPO] ep=164/500 r=   -0.51 avg10=   19.25 steps= 155 succ10=0.00 touch10=0.00 col10=1.00 to10=0.00 min_d= 3.66 avg_spd=2.02m/s end=collision t=  532.4s
[TRAIN][PPO] ep=165/500 r=  -16.04 avg10=   17.07 steps= 247 succ10=0.00 touch10=0.00 col10=1.00 to10=0.00 min_d= 3.58 avg_spd=2.03m/s end=collision t=  533.9s
[TRAIN][PPO] ep=166/500 r=   -8.70 avg10=   16.94 steps= 139 succ10=0.00 touch10=0.00 col10=1.00 to10=0.00 min_d= 3.68 avg_spd=1.72m/s end=collision t=  534.8s
[TRAIN][PPO] ep=167/500 r=   78.27 avg10=   24.02 steps=2212 succ10=0.00 touch10=0.00 col10=1.00 to10=0.00 min_d= 1.03 avg_spd=2.14m/s end=collision t=  548.4s
[TRAIN][PPO] ep=168/500 r=   51.01 avg10=   22.98 steps= 538 succ10=0.00 touch10=0.00 col10=1.00 to10=0.00 min_d= 2.80 avg_spd=2.13m/s end=collision t=  552.3s
[TRAIN][PPO] ep=169/500 r=    6.19 avg10=   18.41 steps= 179 succ10=0.00 touch10=0.00 col10=1.00 to10=0.00 min_d= 3.64 avg_spd=1.99m/s end=collision t=  553.5s
WARNING: Contact joints between materials 'default' and 'default' will only be created for the 10 deepest contact points instead of all the 11 contact points.
[TRAIN][PPO] ep=170/500 r=   75.54 avg10=   22.33 steps=2209 succ10=0.00 touch10=0.00 col10=1.00 to10=0.00 min_d= 1.02 avg_spd=2.13m/s end=collision t=  568.6s
[TRAIN][PPO] ep=171/500 r=   32.98 avg10=   21.00 steps= 272 succ10=0.00 touch10=0.00 col10=1.00 to10=0.00 min_d= 3.42 avg_spd=2.09m/s end=collision t=  570.7s
[TRAIN][PPO] ep=172/500 r=   67.45 avg10=   27.78 steps= 552 succ10=0.00 touch10=0.00 col10=1.00 to10=0.00 min_d= 2.83 avg_spd=2.08m/s end=collision t=  574.7s
[TRAIN][PPO] ep=173/500 r=   62.24 avg10=   34.84 steps= 518 succ10=0.00 touch10=0.00 col10=1.00 to10=0.00 min_d= 2.71 avg_spd=2.09m/s end=collision t=  578.2s
[TRAIN][PPO] ep=174/500 r=   67.95 avg10=   41.69 steps= 522 succ10=0.00 touch10=0.00 col10=1.00 to10=0.00 min_d= 2.68 avg_spd=2.11m/s end=collision t=  581.8s
[TRAIN][PPO] ep=175/500 r=  -11.98 avg10=   42.09 steps= 131 succ10=0.00 touch10=0.00 col10=1.00 to10=0.00 min_d= 3.84 avg_spd=1.73m/s end=collision t=  582.6s
[TRAIN][PPO] ep=176/500 r=  -12.46 avg10=   41.72 steps= 263 succ10=0.00 touch10=0.00 col10=1.00 to10=0.00 min_d= 3.62 avg_spd=2.02m/s end=collision t=  584.5s
[TRAIN][PPO] ep=177/500 r=   10.70 avg10=   34.96 steps= 254 succ10=0.00 touch10=0.00 col10=1.00 to10=0.00 min_d= 3.53 avg_spd=2.11m/s end=collision t=  586.4s
[TRAIN][PPO] ep=178/500 r=   59.20 avg10=   35.78 steps= 526 succ10=0.00 touch10=0.00 col10=1.00 to10=0.00 min_d= 2.73 avg_spd=2.09m/s end=collision t=  590.3s
[TRAIN][PPO] ep=179/500 r=   -1.04 avg10=   35.06 steps= 154 succ10=0.00 touch10=0.00 col10=1.00 to10=0.00 min_d= 3.66 avg_spd=1.98m/s end=collision t=  591.4s
[TRAIN][PPO] ep=180/500 r=   35.25 avg10=   31.03 steps= 278 succ10=0.00 touch10=0.00 col10=1.00 to10=0.00 min_d= 3.35 avg_spd=2.09m/s end=collision t=  593.3s
[TRAIN][PPO] ep=181/500 r=  -19.58 avg10=   25.77 steps= 121 succ10=0.00 touch10=0.00 col10=1.00 to10=0.00 min_d= 3.82 avg_spd=1.60m/s end=collision t=  594.2s
[TRAIN][PPO] ep=182/500 r=  -15.57 avg10=   17.47 steps= 259 succ10=0.00 touch10=0.00 col10=1.00 to10=0.00 min_d= 3.59 avg_spd=2.06m/s end=collision t=  596.2s
[TRAIN][PPO] ep=183/500 r=    1.89 avg10=   11.44 steps= 165 succ10=0.00 touch10=0.00 col10=1.00 to10=0.00 min_d= 3.64 avg_spd=2.11m/s end=collision t=  597.5s
[TRAIN][PPO] ep=184/500 r=   -4.31 avg10=    4.21 steps= 146 succ10=0.00 touch10=0.00 col10=1.00 to10=0.00 min_d= 3.65 avg_spd=1.89m/s end=collision t=  598.6s
[TRAIN][PPO] ep=185/500 r=   29.48 avg10=    8.36 steps= 272 succ10=0.00 touch10=0.00 col10=1.00 to10=0.00 min_d= 3.39 avg_spd=2.13m/s end=collision t=  600.4s
[TRAIN][PPO] ep=186/500 r=  -13.75 avg10=    8.23 steps= 133 succ10=0.00 touch10=0.00 col10=1.00 to10=0.00 min_d= 3.76 avg_spd=1.56m/s end=collision t=  601.3s
WARNING: Contact joints between materials 'default' and 'default' will only be created for the 10 deepest contact points instead of all the 11 contact points.
[TRAIN][PPO] ep=187/500 r=   -3.41 avg10=    6.82 steps= 175 succ10=0.00 touch10=0.00 col10=1.00 to10=0.00 min_d= 3.74 avg_spd=1.74m/s end=collision t=  602.4s
[TRAIN][PPO] ep=188/500 r=   67.08 avg10=    7.61 steps= 534 succ10=0.00 touch10=0.00 col10=1.00 to10=0.00 min_d= 2.74 avg_spd=2.11m/s end=collision t=  606.4s
[TRAIN][PPO] ep=189/500 r=   -4.70 avg10=    7.24 steps= 159 succ10=0.00 touch10=0.00 col10=1.00 to10=0.00 min_d= 3.66 avg_spd=1.66m/s end=collision t=  607.7s
[TRAIN][PPO] ep=190/500 r=  106.00 avg10=   14.31 steps=1903 succ10=0.00 touch10=0.00 col10=1.00 to10=0.00 min_d= 1.56 avg_spd=2.16m/s end=collision t=  621.2s
[TRAIN][PPO] ep=191/500 r=   69.73 avg10=   23.24 steps= 534 succ10=0.00 touch10=0.00 col10=1.00 to10=0.00 min_d= 2.70 avg_spd=2.10m/s end=collision t=  625.3s
[TRAIN][PPO] ep=192/500 r=   33.99 avg10=   28.20 steps= 279 succ10=0.00 touch10=0.00 col10=1.00 to10=0.00 min_d= 3.38 avg_spd=2.12m/s end=collision t=  627.7s
[TRAIN][PPO] ep=193/500 r=    4.48 avg10=   28.46 steps= 176 succ10=0.00 touch10=0.00 col10=1.00 to10=0.00 min_d= 3.65 avg_spd=1.92m/s end=collision t=  629.1s
[TRAIN][PPO] ep=194/500 r=   58.77 avg10=   34.77 steps= 531 succ10=0.00 touch10=0.00 col10=1.00 to10=0.00 min_d= 2.73 avg_spd=2.12m/s end=collision t=  633.2s
[TRAIN][PPO] ep=195/500 r=   72.51 avg10=   39.07 steps= 729 succ10=0.00 touch10=0.00 col10=1.00 to10=0.00 min_d= 2.71 avg_spd=2.09m/s end=collision t=  638.5s
[TRAIN][PPO] ep=196/500 r=    3.37 avg10=   40.78 steps= 167 succ10=0.00 touch10=0.00 col10=1.00 to10=0.00 min_d= 3.64 avg_spd=2.04m/s end=collision t=  640.0s
[TRAIN][PPO] ep=197/500 r=   80.74 avg10=   49.20 steps= 532 succ10=0.00 touch10=0.00 col10=1.00 to10=0.00 min_d= 2.71 avg_spd=2.07m/s end=collision t=  643.7s
[TRAIN][PPO] ep=198/500 r=   -2.22 avg10=   42.27 steps= 166 succ10=0.00 touch10=0.00 col10=1.00 to10=0.00 min_d= 3.75 avg_spd=1.91m/s end=collision t=  645.0s
[TRAIN][PPO] ep=199/500 r=   -9.17 avg10=   41.82 steps= 137 succ10=0.00 touch10=0.00 col10=1.00 to10=0.00 min_d= 3.78 avg_spd=1.67m/s end=collision t=  646.0s
[TRAIN][PPO] ep=200/500 r=   -4.93 avg10=   30.73 steps= 150 succ10=0.00 touch10=0.00 col10=1.00 to10=0.00 min_d= 3.66 avg_spd=1.84m/s end=collision t=  647.2s ckpt=latest
[TRAIN][PPO] ep=201/500 r=    4.31 avg10=   24.18 steps= 262 succ10=0.00 touch10=0.00 col10=1.00 to10=0.00 min_d= 3.53 avg_spd=2.15m/s end=collision t=  649.0s
[TRAIN][PPO] ep=202/500 r=   79.70 avg10=   28.75 steps= 534 succ10=0.00 touch10=0.00 col10=1.00 to10=0.00 min_d= 2.69 avg_spd=2.08m/s end=collision t=  652.4s
[TRAIN][PPO] ep=203/500 r=  -11.39 avg10=   27.17 steps= 258 succ10=0.00 touch10=0.00 col10=1.00 to10=0.00 min_d= 3.57 avg_spd=2.00m/s end=collision t=  654.1s
[TRAIN][PPO] ep=204/500 r=   -5.51 avg10=   20.74 steps= 147 succ10=0.00 touch10=0.00 col10=1.00 to10=0.00 min_d= 3.67 avg_spd=1.79m/s end=collision t=  655.4s
[TRAIN][PPO] ep=205/500 r=   -0.33 avg10=   13.46 steps= 155 succ10=0.00 touch10=0.00 col10=1.00 to10=0.00 min_d= 3.56 avg_spd=1.95m/s end=collision t=  656.5s
[TRAIN][PPO] ep=206/500 r=    1.83 avg10=   13.30 steps= 166 succ10=0.00 touch10=0.00 col10=1.00 to10=0.00 min_d= 3.65 avg_spd=1.90m/s end=collision t=  657.5s
[TRAIN][PPO] ep=207/500 r=   66.94 avg10=   11.92 steps= 531 succ10=0.00 touch10=0.00 col10=1.00 to10=0.00 min_d= 2.71 avg_spd=2.07m/s end=collision t=  661.5s
[TRAIN][PPO] ep=208/500 r=   53.95 avg10=   17.54 steps= 527 succ10=0.00 touch10=0.00 col10=1.00 to10=0.00 min_d= 2.78 avg_spd=2.06m/s end=collision t=  665.4s
[TRAIN][PPO] ep=209/500 r=   70.08 avg10=   25.46 steps= 527 succ10=0.00 touch10=0.00 col10=1.00 to10=0.00 min_d= 2.68 avg_spd=2.09m/s end=collision t=  668.8s
[TRAIN][PPO] ep=210/500 r=   -2.25 avg10=   25.73 steps= 256 succ10=0.00 touch10=0.00 col10=1.00 to10=0.00 min_d= 3.58 avg_spd=2.08m/s end=collision t=  670.6s
[TRAIN][PPO] ep=211/500 r=  -41.32 avg10=   21.17 steps= 474 succ10=0.00 touch10=0.00 col10=1.00 to10=0.00 min_d= 3.64 avg_spd=2.02m/s end=collision t=  673.9s
[TRAIN][PPO] ep=212/500 r=   68.37 avg10=   20.04 steps= 531 succ10=0.00 touch10=0.00 col10=1.00 to10=0.00 min_d= 2.71 avg_spd=2.08m/s end=collision t=  677.9s
[TRAIN][PPO] ep=213/500 r=   17.28 avg10=   22.90 steps= 271 succ10=0.00 touch10=0.00 col10=1.00 to10=0.00 min_d= 3.45 avg_spd=2.16m/s end=collision t=  679.6s
[TRAIN][PPO] ep=214/500 r=   87.15 avg10=   32.17 steps= 535 succ10=0.00 touch10=0.00 col10=1.00 to10=0.00 min_d= 2.70 avg_spd=2.14m/s end=collision t=  682.9s
[TRAIN][PPO] ep=215/500 r=   -9.33 avg10=   31.27 steps= 138 succ10=0.00 touch10=0.00 col10=1.00 to10=0.00 min_d= 3.80 avg_spd=1.73m/s end=collision t=  683.8s
[TRAIN][PPO] ep=216/500 r=   -1.32 avg10=   30.96 steps= 152 succ10=0.00 touch10=0.00 col10=1.00 to10=0.00 min_d= 3.64 avg_spd=1.99m/s end=collision t=  685.0s
[TRAIN][PPO] ep=217/500 r=    5.41 avg10=   24.80 steps= 279 succ10=0.00 touch10=0.00 col10=1.00 to10=0.00 min_d= 3.64 avg_spd=2.01m/s end=collision t=  686.8s
[TRAIN][PPO] ep=218/500 r=   86.31 avg10=   28.04 steps= 533 succ10=0.00 touch10=0.00 col10=1.00 to10=0.00 min_d= 2.60 avg_spd=2.09m/s end=collision t=  690.5s
[TRAIN][PPO] ep=219/500 r=    7.49 avg10=   21.78 steps= 279 succ10=0.00 touch10=0.00 col10=1.00 to10=0.00 min_d= 3.63 avg_spd=1.98m/s end=collision t=  692.4s
[TRAIN][PPO] ep=220/500 r=   -2.26 avg10=   21.78 steps= 153 succ10=0.00 touch10=0.00 col10=1.00 to10=0.00 min_d= 3.66 avg_spd=1.90m/s end=collision t=  693.7s
[TRAIN][PPO] ep=221/500 r=   77.41 avg10=   33.65 steps= 534 succ10=0.00 touch10=0.00 col10=1.00 to10=0.00 min_d= 2.69 avg_spd=2.13m/s end=collision t=  697.1s
[TRAIN][PPO] ep=222/500 r=   69.34 avg10=   33.75 steps= 536 succ10=0.00 touch10=0.00 col10=1.00 to10=0.00 min_d= 2.71 avg_spd=2.16m/s end=collision t=  700.9s
[TRAIN][PPO] ep=223/500 r=   33.88 avg10=   35.41 steps= 277 succ10=0.00 touch10=0.00 col10=1.00 to10=0.00 min_d= 3.41 avg_spd=2.13m/s end=collision t=  702.8s
[TRAIN][PPO] ep=224/500 r=   70.15 avg10=   33.71 steps= 556 succ10=0.00 touch10=0.00 col10=1.00 to10=0.00 min_d= 2.83 avg_spd=2.07m/s end=collision t=  706.8s
[TRAIN][PPO] ep=225/500 r=   -8.00 avg10=   33.84 steps= 152 succ10=0.00 touch10=0.00 col10=1.00 to10=0.00 min_d= 3.66 avg_spd=1.60m/s end=collision t=  707.8s
[TRAIN][PPO] ep=226/500 r=   22.63 avg10=   36.24 steps= 271 succ10=0.00 touch10=0.00 col10=1.00 to10=0.00 min_d= 3.36 avg_spd=2.05m/s end=collision t=  709.6s
[TRAIN][PPO] ep=227/500 r=   70.47 avg10=   42.74 steps= 533 succ10=0.00 touch10=0.00 col10=1.00 to10=0.00 min_d= 2.72 avg_spd=2.14m/s end=collision t=  713.1s
[TRAIN][PPO] ep=228/500 r=   32.93 avg10=   37.40 steps= 275 succ10=0.00 touch10=0.00 col10=1.00 to10=0.00 min_d= 3.36 avg_spd=2.12m/s end=collision t=  715.2s
[TRAIN][PPO] ep=229/500 r=   75.56 avg10=   44.21 steps= 531 succ10=0.00 touch10=0.00 col10=1.00 to10=0.00 min_d= 2.68 avg_spd=2.11m/s end=collision t=  718.9s
[TRAIN][PPO] ep=230/500 r=   10.08 avg10=   45.44 steps= 262 succ10=0.00 touch10=0.00 col10=1.00 to10=0.00 min_d= 3.55 avg_spd=2.12m/s end=collision t=  720.6s
[TRAIN][PPO] ep=231/500 r=  -39.69 avg10=   33.73 steps= 462 succ10=0.00 touch10=0.00 col10=1.00 to10=0.00 min_d= 3.64 avg_spd=2.07m/s end=collision t=  723.5s
[TRAIN][PPO] ep=232/500 r=   74.20 avg10=   34.22 steps= 557 succ10=0.00 touch10=0.00 col10=1.00 to10=0.00 min_d= 2.83 avg_spd=2.05m/s end=collision t=  727.6s
[TRAIN][PPO] ep=233/500 r=    3.93 avg10=   31.23 steps= 171 succ10=0.00 touch10=0.00 col10=1.00 to10=0.00 min_d= 3.65 avg_spd=1.98m/s end=collision t=  728.7s
[TRAIN][PPO] ep=234/500 r=   80.97 avg10=   32.31 steps= 539 succ10=0.00 touch10=0.00 col10=1.00 to10=0.00 min_d= 2.69 avg_spd=2.09m/s end=collision t=  732.3s
[TRAIN][PPO] ep=235/500 r=   71.99 avg10=   40.31 steps= 723 succ10=0.00 touch10=0.00 col10=1.00 to10=0.00 min_d= 2.70 avg_spd=2.05m/s end=collision t=  737.4s
[TRAIN][PPO] ep=236/500 r=   -0.87 avg10=   37.96 steps= 153 succ10=0.00 touch10=0.00 col10=1.00 to10=0.00 min_d= 3.66 avg_spd=2.00m/s end=collision t=  738.6s
[TRAIN][PPO] ep=237/500 r=   74.82 avg10=   38.39 steps= 536 succ10=0.00 touch10=0.00 col10=1.00 to10=0.00 min_d= 2.74 avg_spd=2.10m/s end=collision t=  742.3s
[TRAIN][PPO] ep=238/500 r=   67.49 avg10=   41.85 steps= 529 succ10=0.00 touch10=0.00 col10=1.00 to10=0.00 min_d= 2.70 avg_spd=2.08m/s end=collision t=  746.0s
[TRAIN][PPO] ep=239/500 r=   -0.78 avg10=   34.21 steps= 158 succ10=0.00 touch10=0.00 col10=1.00 to10=0.00 min_d= 3.66 avg_spd=1.89m/s end=collision t=  747.1s
[TRAIN][PPO] ep=240/500 r=   37.44 avg10=   36.95 steps= 278 succ10=0.00 touch10=0.00 col10=1.00 to10=0.00 min_d= 3.34 avg_spd=2.10m/s end=collision t=  749.3s
[TRAIN][PPO] ep=241/500 r=   70.44 avg10=   47.96 steps= 528 succ10=0.00 touch10=0.00 col10=1.00 to10=0.00 min_d= 2.67 avg_spd=2.10m/s end=collision t=  752.9s
[TRAIN][PPO] ep=242/500 r=   62.68 avg10=   46.81 steps= 525 succ10=0.00 touch10=0.00 col10=1.00 to10=0.00 min_d= 2.72 avg_spd=2.06m/s end=collision t=  756.6s
[TRAIN][PPO] ep=243/500 r=   -0.36 avg10=   46.38 steps= 154 succ10=0.00 touch10=0.00 col10=1.00 to10=0.00 min_d= 3.56 avg_spd=1.96m/s end=collision t=  757.6s
[TRAIN][PPO] ep=244/500 r=   80.63 avg10=   46.35 steps= 533 succ10=0.00 touch10=0.00 col10=1.00 to10=0.00 min_d= 2.62 avg_spd=2.11m/s end=collision t=  761.1s
[TRAIN][PPO] ep=245/500 r=   71.17 avg10=   46.27 steps= 533 succ10=0.00 touch10=0.00 col10=1.00 to10=0.00 min_d= 2.69 avg_spd=2.12m/s end=collision t=  764.8s
[TRAIN][PPO] ep=246/500 r=    0.96 avg10=   46.45 steps= 264 succ10=0.00 touch10=0.00 col10=1.00 to10=0.00 min_d= 3.47 avg_spd=2.10m/s end=collision t=  766.6s
[TRAIN][PPO] ep=247/500 r=    8.82 avg10=   39.85 steps= 265 succ10=0.00 touch10=0.00 col10=1.00 to10=0.00 min_d= 3.54 avg_spd=2.13m/s end=collision t=  768.4s
[TRAIN][PPO] ep=248/500 r=   13.38 avg10=   34.44 steps= 261 succ10=0.00 touch10=0.00 col10=1.00 to10=0.00 min_d= 3.53 avg_spd=2.11m/s end=collision t=  770.3s
[TRAIN][PPO] ep=249/500 r=   82.73 avg10=   42.79 steps= 537 succ10=0.00 touch10=0.00 col10=1.00 to10=0.00 min_d= 2.69 avg_spd=2.14m/s end=collision t=  773.7s
[TRAIN][PPO] ep=250/500 r=   10.77 avg10=   40.12 steps= 266 succ10=0.00 touch10=0.00 col10=1.00 to10=0.00 min_d= 3.47 avg_spd=2.13m/s end=collision t=  775.3s
[TRAIN][PPO] ep=251/500 r=   16.75 avg10=   34.75 steps= 275 succ10=0.00 touch10=0.00 col10=1.00 to10=0.00 min_d= 3.39 avg_spd=2.08m/s end=collision t=  777.0s
[TRAIN][PPO] ep=252/500 r=   39.14 avg10=   32.40 steps= 279 succ10=0.00 touch10=0.00 col10=1.00 to10=0.00 min_d= 3.36 avg_spd=2.06m/s end=collision t=  779.1s
[TRAIN][PPO] ep=253/500 r=    9.65 avg10=   33.40 steps= 269 succ10=0.00 touch10=0.00 col10=1.00 to10=0.00 min_d= 3.47 avg_spd=2.13m/s end=collision t=  780.7s
[TRAIN][PPO] ep=254/500 r=   -7.91 avg10=   24.55 steps= 138 succ10=0.00 touch10=0.00 col10=1.00 to10=0.00 min_d= 3.76 avg_spd=1.81m/s end=collision t=  781.5s
[TRAIN][PPO] ep=255/500 r=    5.83 avg10=   18.01 steps= 174 succ10=0.00 touch10=0.00 col10=1.00 to10=0.00 min_d= 3.61 avg_spd=2.18m/s end=collision t=  782.7s
[TRAIN][PPO] ep=256/500 r=   55.59 avg10=   23.48 steps= 530 succ10=0.00 touch10=0.00 col10=1.00 to10=0.00 min_d= 2.74 avg_spd=2.06m/s end=collision t=  786.4s
[TRAIN][PPO] ep=257/500 r=   67.68 avg10=   29.36 steps= 528 succ10=0.00 touch10=0.00 col10=1.00 to10=0.00 min_d= 2.70 avg_spd=2.07m/s end=collision t=  789.8s
WARNING: Contact joints between materials 'default' and 'default' will only be created for the 10 deepest contact points instead of all the 11 contact points.
[TRAIN][PPO] ep=258/500 r=    2.00 avg10=   28.22 steps= 159 succ10=0.00 touch10=0.00 col10=1.00 to10=0.00 min_d= 3.57 avg_spd=2.10m/s end=collision t=  790.9s
[TRAIN][PPO] ep=259/500 r=    4.15 avg10=   20.36 steps= 168 succ10=0.00 touch10=0.00 col10=1.00 to10=0.00 min_d= 3.65 avg_spd=2.01m/s end=collision t=  792.1s
[TRAIN][PPO] ep=260/500 r=   85.89 avg10=   27.88 steps= 537 succ10=0.00 touch10=0.00 col10=1.00 to10=0.00 min_d= 2.68 avg_spd=2.11m/s end=collision t=  795.9s
[TRAIN][PPO] ep=261/500 r=   93.93 avg10=   35.59 steps= 534 succ10=0.00 touch10=0.00 col10=1.00 to10=0.00 min_d= 2.58 avg_spd=2.10m/s end=collision t=  799.4s
[TRAIN][PPO] ep=262/500 r=   66.78 avg10=   38.36 steps= 531 succ10=0.00 touch10=0.00 col10=1.00 to10=0.00 min_d= 2.68 avg_spd=2.05m/s end=collision t=  803.1s
[TRAIN][PPO] ep=263/500 r=   71.47 avg10=   44.54 steps= 529 succ10=0.00 touch10=0.00 col10=1.00 to10=0.00 min_d= 2.67 avg_spd=2.08m/s end=collision t=  806.7s
[TRAIN][PPO] ep=264/500 r=    0.65 avg10=   45.40 steps= 157 succ10=0.00 touch10=0.00 col10=1.00 to10=0.00 min_d= 3.65 avg_spd=2.01m/s end=collision t=  808.0s
[TRAIN][PPO] ep=265/500 r=   98.08 avg10=   54.62 steps= 536 succ10=0.00 touch10=0.00 col10=1.00 to10=0.00 min_d= 2.56 avg_spd=2.14m/s end=collision t=  811.3s
[TRAIN][PPO] ep=266/500 r=    3.41 avg10=   49.40 steps= 256 succ10=0.00 touch10=0.00 col10=1.00 to10=0.00 min_d= 3.53 avg_spd=2.08m/s end=collision t=  813.1s
[TRAIN][PPO] ep=267/500 r=    9.59 avg10=   43.60 steps= 262 succ10=0.00 touch10=0.00 col10=1.00 to10=0.00 min_d= 3.53 avg_spd=2.11m/s end=collision t=  814.8s
[TRAIN][PPO] ep=268/500 r=    4.59 avg10=   43.85 steps= 167 succ10=0.00 touch10=0.00 col10=1.00 to10=0.00 min_d= 3.58 avg_spd=2.02m/s end=collision t=  816.0s
[TRAIN][PPO] ep=269/500 r=    1.86 avg10=   43.63 steps= 158 succ10=0.00 touch10=0.00 col10=1.00 to10=0.00 min_d= 3.57 avg_spd=2.05m/s end=collision t=  817.0s
[TRAIN][PPO] ep=270/500 r=   11.21 avg10=   36.16 steps= 266 succ10=0.00 touch10=0.00 col10=1.00 to10=0.00 min_d= 3.53 avg_spd=2.12m/s end=collision t=  818.8s
[TRAIN][PPO] ep=271/500 r=    0.44 avg10=   26.81 steps= 161 succ10=0.00 touch10=0.00 col10=1.00 to10=0.00 min_d= 3.66 avg_spd=1.93m/s end=collision t=  819.9s
[TRAIN][PPO] ep=272/500 r=   -0.24 avg10=   20.11 steps= 158 succ10=0.00 touch10=0.00 col10=1.00 to10=0.00 min_d= 3.61 avg_spd=2.13m/s end=collision t=  821.1s
[TRAIN][PPO] ep=273/500 r=   82.94 avg10=   21.25 steps= 537 succ10=0.00 touch10=0.00 col10=1.00 to10=0.00 min_d= 2.65 avg_spd=2.07m/s end=collision t=  824.6s
[TRAIN][PPO] ep=274/500 r=   -0.62 avg10=   21.13 steps= 147 succ10=0.00 touch10=0.00 col10=1.00 to10=0.00 min_d= 3.57 avg_spd=2.17m/s end=collision t=  825.7s
[TRAIN][PPO] ep=275/500 r=   -4.32 avg10=   10.89 steps= 161 succ10=0.00 touch10=0.00 col10=1.00 to10=0.00 min_d= 3.75 avg_spd=1.86m/s end=collision t=  826.8s
[TRAIN][PPO] ep=276/500 r=   74.03 avg10=   17.95 steps= 532 succ10=0.00 touch10=0.00 col10=1.00 to10=0.00 min_d= 2.67 avg_spd=2.09m/s end=collision t=  830.7s
[TRAIN][PPO] ep=277/500 r=   -8.21 avg10=   16.17 steps= 133 succ10=0.00 touch10=0.00 col10=1.00 to10=0.00 min_d= 3.69 avg_spd=1.90m/s end=collision t=  831.6s
[TRAIN][PPO] ep=278/500 r=    4.40 avg10=   16.15 steps= 168 succ10=0.00 touch10=0.00 col10=1.00 to10=0.00 min_d= 3.57 avg_spd=2.03m/s end=collision t=  832.7s
[TRAIN][PPO] ep=279/500 r=    3.53 avg10=   16.32 steps= 161 succ10=0.00 touch10=0.00 col10=1.00 to10=0.00 min_d= 3.55 avg_spd=2.18m/s end=collision t=  833.8s
[TRAIN][PPO] ep=280/500 r=    3.91 avg10=   15.59 steps= 166 succ10=0.00 touch10=0.00 col10=1.00 to10=0.00 min_d= 3.65 avg_spd=2.01m/s end=collision t=  835.0s
[TRAIN][PPO] ep=281/500 r=  152.54 avg10=   30.80 steps= 849 succ10=0.00 touch10=0.00 col10=1.00 to10=0.00 min_d= 2.19 avg_spd=2.09m/s end=collision t=  840.9s ckpt=best
[TRAIN][PPO] ep=282/500 r=    3.60 avg10=   31.18 steps= 162 succ10=0.00 touch10=0.00 col10=1.00 to10=0.00 min_d= 3.54 avg_spd=2.17m/s end=collision t=  842.0s
[TRAIN][PPO] ep=283/500 r=   77.10 avg10=   30.60 steps= 535 succ10=0.00 touch10=0.00 col10=1.00 to10=0.00 min_d= 2.71 avg_spd=2.14m/s end=collision t=  845.6s
[TRAIN][PPO] ep=284/500 r=    5.43 avg10=   31.20 steps= 169 succ10=0.00 touch10=0.00 col10=1.00 to10=0.00 min_d= 3.53 avg_spd=2.12m/s end=collision t=  846.8s
[TRAIN][PPO] ep=285/500 r=  254.10 avg10=   57.04 steps=1236 succ10=0.00 touch10=0.00 col10=1.00 to10=0.00 min_d= 1.16 avg_spd=2.11m/s end=collision t=  855.1s ckpt=best
WARNING: Contact joints between materials 'default' and 'default' will only be created for the 10 deepest contact points instead of all the 11 contact points.
[TRAIN][PPO] ep=286/500 r=    8.19 avg10=   50.46 steps= 178 succ10=0.00 touch10=0.00 col10=1.00 to10=0.00 min_d= 3.56 avg_spd=2.16m/s end=collision t=  856.4s
[TRAIN][PPO] ep=287/500 r=   79.10 avg10=   59.19 steps= 542 succ10=0.00 touch10=0.00 col10=1.00 to10=0.00 min_d= 2.66 avg_spd=2.13m/s end=collision t=  860.2s
[TRAIN][PPO] ep=288/500 r=  142.94 avg10=   73.04 steps= 845 succ10=0.00 touch10=0.00 col10=1.00 to10=0.00 min_d= 2.18 avg_spd=2.09m/s end=collision t=  866.3s
[TRAIN][PPO] ep=289/500 r=   10.23 avg10=   73.71 steps= 273 succ10=0.00 touch10=0.00 col10=1.00 to10=0.00 min_d= 3.41 avg_spd=2.10m/s end=collision t=  868.2s
[TRAIN][PPO] ep=290/500 r=    4.18 avg10=   73.74 steps= 168 succ10=0.00 touch10=0.00 col10=1.00 to10=0.00 min_d= 3.65 avg_spd=2.09m/s end=collision t=  869.4s
[TRAIN][PPO] ep=291/500 r=   -3.98 avg10=   58.09 steps= 152 succ10=0.00 touch10=0.00 col10=1.00 to10=0.00 min_d= 3.75 avg_spd=1.86m/s end=collision t=  870.4s
[TRAIN][PPO] ep=292/500 r=   -0.49 avg10=   57.68 steps= 161 succ10=0.00 touch10=0.00 col10=1.00 to10=0.00 min_d= 3.62 avg_spd=2.19m/s end=collision t=  871.7s
[TRAIN][PPO] ep=293/500 r=   -3.53 avg10=   49.62 steps= 145 succ10=0.00 touch10=0.00 col10=1.00 to10=0.00 min_d= 3.63 avg_spd=2.01m/s end=collision t=  872.7s
[TRAIN][PPO] ep=294/500 r=   70.44 avg10=   56.12 steps= 533 succ10=0.00 touch10=0.00 col10=1.00 to10=0.00 min_d= 2.64 avg_spd=2.12m/s end=collision t=  876.3s
[TRAIN][PPO] ep=295/500 r=  -32.08 avg10=   27.50 steps= 455 succ10=0.00 touch10=0.00 col10=1.00 to10=0.00 min_d= 3.62 avg_spd=2.02m/s end=collision t=  879.4s
[TRAIN][PPO] ep=296/500 r=   -4.24 avg10=   26.26 steps= 143 succ10=0.00 touch10=0.00 col10=1.00 to10=0.00 min_d= 3.66 avg_spd=1.93m/s end=collision t=  880.6s
[TRAIN][PPO] ep=297/500 r=    3.47 avg10=   18.70 steps= 162 succ10=0.00 touch10=0.00 col10=1.00 to10=0.00 min_d= 3.57 avg_spd=2.14m/s end=collision t=  881.7s
[TRAIN][PPO] ep=298/500 r=  244.10 avg10=   28.81 steps=1207 succ10=0.00 touch10=0.00 col10=1.00 to10=0.00 min_d= 1.12 avg_spd=2.15m/s end=collision t=  890.1s
[TRAIN][PPO] ep=299/500 r=   87.13 avg10=   36.50 steps= 534 succ10=0.00 touch10=0.00 col10=1.00 to10=0.00 min_d= 2.68 avg_spd=2.10m/s end=collision t=  893.8s
[TRAIN][PPO] ep=300/500 r=  -25.93 avg10=   33.49 steps= 462 succ10=0.00 touch10=0.00 col10=1.00 to10=0.00 min_d= 3.61 avg_spd=2.00m/s end=collision t=  897.3s ckpt=latest
[TRAIN][PPO] ep=301/500 r=   90.92 avg10=   42.98 steps= 533 succ10=0.00 touch10=0.00 col10=1.00 to10=0.00 min_d= 2.60 avg_spd=2.09m/s end=collision t=  901.1s
[TRAIN][PPO] ep=302/500 r=  300.73 avg10=   73.10 steps=1210 succ10=0.00 touch10=0.00 col10=1.00 to10=0.00 min_d= 1.02 avg_spd=2.10m/s end=collision t=  909.2s ckpt=best
[TRAIN][PPO] ep=303/500 r=  -35.08 avg10=   69.95 steps= 472 succ10=0.00 touch10=0.00 col10=1.00 to10=0.00 min_d= 3.64 avg_spd=2.07m/s end=collision t=  912.1s
[TRAIN][PPO] ep=304/500 r=   14.07 avg10=   64.31 steps= 265 succ10=0.00 touch10=0.00 col10=1.00 to10=0.00 min_d= 3.44 avg_spd=2.08m/s end=collision t=  914.2s
[TRAIN][PPO] ep=305/500 r=   83.63 avg10=   75.88 steps= 537 succ10=0.00 touch10=0.00 col10=1.00 to10=0.00 min_d= 2.67 avg_spd=2.14m/s end=collision t=  917.8s
[TRAIN][PPO] ep=306/500 r=   -4.88 avg10=   75.82 steps= 142 succ10=0.00 touch10=0.00 col10=1.00 to10=0.00 min_d= 3.67 avg_spd=1.97m/s end=collision t=  918.7s
[TRAIN][PPO] ep=307/500 r=    2.36 avg10=   75.71 steps= 165 succ10=0.00 touch10=0.00 col10=1.00 to10=0.00 min_d= 3.58 avg_spd=2.12m/s end=collision t=  919.9s
[TRAIN][PPO] ep=308/500 r=   20.27 avg10=   53.32 steps= 275 succ10=0.00 touch10=0.00 col10=1.00 to10=0.00 min_d= 3.41 avg_spd=2.13m/s end=collision t=  921.9s
[TRAIN][PPO] ep=309/500 r=   -2.49 avg10=   44.36 steps= 146 succ10=0.00 touch10=0.00 col10=1.00 to10=0.00 min_d= 3.64 avg_spd=2.02m/s end=collision t=  922.9s
[TRAIN][PPO] ep=310/500 r=   -8.31 avg10=   46.12 steps= 141 succ10=0.00 touch10=0.00 col10=1.00 to10=0.00 min_d= 3.79 avg_spd=1.76m/s end=collision t=  923.9s
[TRAIN][PPO] ep=311/500 r=    7.35 avg10=   37.76 steps= 263 succ10=0.00 touch10=0.00 col10=1.00 to10=0.00 min_d= 3.51 avg_spd=2.12m/s end=collision t=  925.7s
[TRAIN][PPO] ep=312/500 r=    4.66 avg10=    8.16 steps= 168 succ10=0.00 touch10=0.00 col10=1.00 to10=0.00 min_d= 3.62 avg_spd=2.12m/s end=collision t=  926.9s
[TRAIN][PPO] ep=313/500 r=   -7.60 avg10=   10.91 steps= 139 succ10=0.00 touch10=0.00 col10=1.00 to10=0.00 min_d= 3.68 avg_spd=1.81m/s end=collision t=  927.8s
[TRAIN][PPO] ep=314/500 r=   -0.32 avg10=    9.47 steps= 155 succ10=0.00 touch10=0.00 col10=1.00 to10=0.00 min_d= 3.65 avg_spd=1.99m/s end=collision t=  928.8s
[TRAIN][PPO] ep=315/500 r=   -1.99 avg10=    0.90 steps= 149 succ10=0.00 touch10=0.00 col10=1.00 to10=0.00 min_d= 3.60 avg_spd=1.97m/s end=collision t=  929.9s
[TRAIN][PPO] ep=316/500 r=    3.76 avg10=    1.77 steps= 166 succ10=0.00 touch10=0.00 col10=1.00 to10=0.00 min_d= 3.65 avg_spd=2.09m/s end=collision t=  931.1s
[TRAIN][PPO] ep=317/500 r=   -5.50 avg10=    0.98 steps= 141 succ10=0.00 touch10=0.00 col10=1.00 to10=0.00 min_d= 3.67 avg_spd=1.91m/s end=collision t=  932.0s
[TRAIN][PPO] ep=318/500 r=    2.05 avg10=   -0.84 steps= 168 succ10=0.00 touch10=0.00 col10=1.00 to10=0.00 min_d= 3.65 avg_spd=2.15m/s end=collision t=  933.1s
[TRAIN][PPO] ep=319/500 r=   74.16 avg10=    6.83 steps= 536 succ10=0.00 touch10=0.00 col10=1.00 to10=0.00 min_d= 2.72 avg_spd=2.14m/s end=collision t=  936.6s
[TRAIN][PPO] ep=320/500 r=   78.59 avg10=   15.52 steps= 532 succ10=0.00 touch10=0.00 col10=1.00 to10=0.00 min_d= 2.61 avg_spd=2.08m/s end=collision t=  940.4s
[TRAIN][PPO] ep=321/500 r=   -5.62 avg10=   14.22 steps= 151 succ10=0.00 touch10=0.00 col10=1.00 to10=0.00 min_d= 3.66 avg_spd=1.68m/s end=collision t=  941.4s
[TRAIN][PPO] ep=322/500 r=   -1.02 avg10=   13.65 steps= 258 succ10=0.00 touch10=0.00 col10=1.00 to10=0.00 min_d= 3.53 avg_spd=2.13m/s end=collision t=  942.9s
[TRAIN][PPO] ep=323/500 r=    3.42 avg10=   14.75 steps= 257 succ10=0.00 touch10=0.00 col10=1.00 to10=0.00 min_d= 3.51 avg_spd=2.12m/s end=collision t=  944.6s
[TRAIN][PPO] ep=324/500 r=    0.82 avg10=   14.87 steps= 158 succ10=0.00 touch10=0.00 col10=1.00 to10=0.00 min_d= 3.62 avg_spd=2.01m/s end=collision t=  945.9s
[TRAIN][PPO] ep=325/500 r=    2.22 avg10=   15.29 steps= 166 succ10=0.00 touch10=0.00 col10=1.00 to10=0.00 min_d= 3.61 avg_spd=2.14m/s end=collision t=  947.0s
[TRAIN][PPO] ep=326/500 r=    7.51 avg10=   15.66 steps= 187 succ10=0.00 touch10=0.00 col10=1.00 to10=0.00 min_d= 3.64 avg_spd=1.94m/s end=collision t=  948.3s
[TRAIN][PPO] ep=327/500 r=    6.67 avg10=   16.88 steps= 180 succ10=0.00 touch10=0.00 col10=1.00 to10=0.00 min_d= 3.64 avg_spd=2.01m/s end=collision t=  949.5s
[TRAIN][PPO] ep=328/500 r=   36.01 avg10=   20.28 steps= 278 succ10=0.00 touch10=0.00 col10=1.00 to10=0.00 min_d= 3.36 avg_spd=2.13m/s end=collision t=  951.6s
[TRAIN][PPO] ep=329/500 r=   -1.53 avg10=   12.71 steps= 258 succ10=0.00 touch10=0.00 col10=1.00 to10=0.00 min_d= 3.62 avg_spd=2.06m/s end=collision t=  953.3s
[TRAIN][PPO] ep=330/500 r=   62.81 avg10=   11.13 steps= 528 succ10=0.00 touch10=0.00 col10=1.00 to10=0.00 min_d= 2.73 avg_spd=2.07m/s end=collision t=  956.9s
[TRAIN][PPO] ep=331/500 r=    0.15 avg10=   11.71 steps= 256 succ10=0.00 touch10=0.00 col10=1.00 to10=0.00 min_d= 3.55 avg_spd=2.15m/s end=collision t=  958.7s
[TRAIN][PPO] ep=332/500 r=    3.08 avg10=   12.12 steps= 166 succ10=0.00 touch10=0.00 col10=1.00 to10=0.00 min_d= 3.62 avg_spd=2.06m/s end=collision t=  960.1s
[TRAIN][PPO] ep=333/500 r=    5.40 avg10=   12.31 steps= 262 succ10=0.00 touch10=0.00 col10=1.00 to10=0.00 min_d= 3.46 avg_spd=2.10m/s end=collision t=  961.8s
[TRAIN][PPO] ep=334/500 r=   79.07 avg10=   20.14 steps= 535 succ10=0.00 touch10=0.00 col10=1.00 to10=0.00 min_d= 2.66 avg_spd=2.08m/s end=collision t=  965.5s
[TRAIN][PPO] ep=335/500 r=    3.97 avg10=   20.31 steps= 169 succ10=0.00 touch10=0.00 col10=1.00 to10=0.00 min_d= 3.65 avg_spd=2.03m/s end=collision t=  966.6s
WARNING: Contact joints between materials 'default' and 'default' will only be created for the 10 deepest contact points instead of all the 11 contact points.
[TRAIN][PPO] ep=336/500 r=   37.52 avg10=   23.32 steps= 282 succ10=0.00 touch10=0.00 col10=1.00 to10=0.00 min_d= 3.38 avg_spd=2.14m/s end=collision t=  968.7s
[TRAIN][PPO] ep=337/500 r=   83.66 avg10=   31.01 steps= 538 succ10=0.00 touch10=0.00 col10=1.00 to10=0.00 min_d= 2.68 avg_spd=2.12m/s end=collision t=  972.3s
[TRAIN][PPO] ep=338/500 r=   -4.40 avg10=   26.97 steps= 147 succ10=0.00 touch10=0.00 col10=1.00 to10=0.00 min_d= 3.77 avg_spd=1.89m/s end=collision t=  973.3s
[TRAIN][PPO] ep=339/500 r=   -1.05 avg10=   27.02 steps= 152 succ10=0.00 touch10=0.00 col10=1.00 to10=0.00 min_d= 3.64 avg_spd=2.13m/s end=collision t=  974.4s
[TRAIN][PPO] ep=340/500 r=   84.42 avg10=   29.18 steps= 535 succ10=0.00 touch10=0.00 col10=1.00 to10=0.00 min_d= 2.70 avg_spd=2.10m/s end=collision t=  978.2s
[TRAIN][PPO] ep=341/500 r=   -8.72 avg10=   28.30 steps= 144 succ10=0.00 touch10=0.00 col10=1.00 to10=0.00 min_d= 3.67 avg_spd=1.74m/s end=collision t=  979.2s
[TRAIN][PPO] ep=342/500 r=   13.63 avg10=   29.35 steps= 267 succ10=0.00 touch10=0.00 col10=1.00 to10=0.00 min_d= 3.41 avg_spd=2.09m/s end=collision t=  981.0s
[TRAIN][PPO] ep=343/500 r=   -2.70 avg10=   28.54 steps= 147 succ10=0.00 touch10=0.00 col10=1.00 to10=0.00 min_d= 3.59 avg_spd=1.93m/s end=collision t=  982.0s
[TRAIN][PPO] ep=344/500 r=    8.97 avg10=   21.53 steps= 263 succ10=0.00 touch10=0.00 col10=1.00 to10=0.00 min_d= 3.54 avg_spd=2.13m/s end=collision t=  983.9s
[TRAIN][PPO] ep=345/500 r=   -5.34 avg10=   20.60 steps= 148 succ10=0.00 touch10=0.00 col10=1.00 to10=0.00 min_d= 3.77 avg_spd=1.82m/s end=collision t=  984.8s
[TRAIN][PPO] ep=346/500 r=   -6.47 avg10=   16.20 steps= 149 succ10=0.00 touch10=0.00 col10=1.00 to10=0.00 min_d= 3.66 avg_spd=1.78m/s end=collision t=  985.7s
[TRAIN][PPO] ep=347/500 r=    3.98 avg10=    8.23 steps= 263 succ10=0.00 touch10=0.00 col10=1.00 to10=0.00 min_d= 3.50 avg_spd=2.12m/s end=collision t=  987.3s
[TRAIN][PPO] ep=348/500 r=   -2.73 avg10=    8.40 steps= 258 succ10=0.00 touch10=0.00 col10=1.00 to10=0.00 min_d= 3.49 avg_spd=2.05m/s end=collision t=  989.1s
[TRAIN][PPO] ep=349/500 r=   91.28 avg10=   17.63 steps= 537 succ10=0.00 touch10=0.00 col10=1.00 to10=0.00 min_d= 2.68 avg_spd=2.11m/s end=collision t=  992.8s
[TRAIN][PPO] ep=350/500 r=   90.59 avg10=   18.25 steps= 538 succ10=0.00 touch10=0.00 col10=1.00 to10=0.00 min_d= 2.69 avg_spd=2.13m/s end=collision t=  996.4s
[TRAIN][PPO] ep=351/500 r=   76.69 avg10=   26.79 steps= 722 succ10=0.00 touch10=0.00 col10=1.00 to10=0.00 min_d= 2.68 avg_spd=2.12m/s end=collision t= 1001.2s
[TRAIN][PPO] ep=352/500 r=    1.42 avg10=   25.57 steps= 156 succ10=0.00 touch10=0.00 col10=1.00 to10=0.00 min_d= 3.57 avg_spd=2.08m/s end=collision t= 1002.4s
[TRAIN][PPO] ep=353/500 r=   -3.48 avg10=   25.49 steps= 154 succ10=0.00 touch10=0.00 col10=1.00 to10=0.00 min_d= 3.66 avg_spd=1.84m/s end=collision t= 1003.5s
[TRAIN][PPO] ep=354/500 r=   11.69 avg10=   25.76 steps= 187 succ10=0.00 touch10=0.00 col10=1.00 to10=0.00 min_d= 3.51 avg_spd=2.23m/s end=collision t= 1004.7s
[TRAIN][PPO] ep=355/500 r=   -3.41 avg10=   25.96 steps= 143 succ10=0.00 touch10=0.00 col10=1.00 to10=0.00 min_d= 3.66 avg_spd=2.00m/s end=collision t= 1005.6s
[TRAIN][PPO] ep=356/500 r=   -8.31 avg10=   25.77 steps= 138 succ10=0.00 touch10=0.00 col10=1.00 to10=0.00 min_d= 3.67 avg_spd=1.81m/s end=collision t= 1006.6s
[TRAIN][PPO] ep=357/500 r=   81.73 avg10=   33.55 steps= 534 succ10=0.00 touch10=0.00 col10=1.00 to10=0.00 min_d= 2.63 avg_spd=2.06m/s end=collision t= 1010.1s
[TRAIN][PPO] ep=358/500 r=   93.26 avg10=   43.15 steps= 534 succ10=0.00 touch10=0.00 col10=1.00 to10=0.00 min_d= 2.62 avg_spd=2.06m/s end=collision t= 1013.8s
[TRAIN][PPO] ep=359/500 r=   21.76 avg10=   36.19 steps= 273 succ10=0.00 touch10=0.00 col10=1.00 to10=0.00 min_d= 3.39 avg_spd=2.14m/s end=collision t= 1015.7s
[TRAIN][PPO] ep=360/500 r=   86.41 avg10=   35.78 steps= 538 succ10=0.00 touch10=0.00 col10=1.00 to10=0.00 min_d= 2.70 avg_spd=2.11m/s end=collision t= 1019.5s
[TRAIN][PPO] ep=361/500 r=   -0.17 avg10=   28.09 steps= 152 succ10=0.00 touch10=0.00 col10=1.00 to10=0.00 min_d= 3.66 avg_spd=2.15m/s end=collision t= 1020.6s
[TRAIN][PPO] ep=362/500 r=  -35.79 avg10=   24.37 steps= 455 succ10=0.00 touch10=0.00 col10=1.00 to10=0.00 min_d= 3.64 avg_spd=2.02m/s end=collision t= 1023.4s
[TRAIN][PPO] ep=363/500 r=   -4.05 avg10=   24.31 steps= 260 succ10=0.00 touch10=0.00 col10=1.00 to10=0.00 min_d= 3.52 avg_spd=2.03m/s end=collision t= 1025.0s
[TRAIN][PPO] ep=364/500 r=   91.34 avg10=   32.28 steps= 537 succ10=0.00 touch10=0.00 col10=1.00 to10=0.00 min_d= 2.68 avg_spd=2.09m/s end=collision t= 1028.7s
[TRAIN][PPO] ep=365/500 r=    3.03 avg10=   32.92 steps= 162 succ10=0.00 touch10=0.00 col10=1.00 to10=0.00 min_d= 3.53 avg_spd=2.19m/s end=collision t= 1029.8s
[TRAIN][PPO] ep=366/500 r=   -1.54 avg10=   33.60 steps= 149 succ10=0.00 touch10=0.00 col10=1.00 to10=0.00 min_d= 3.56 avg_spd=1.97m/s end=collision t= 1030.8s
[TRAIN][PPO] ep=367/500 r=   -4.06 avg10=   25.02 steps= 138 succ10=0.00 touch10=0.00 col10=1.00 to10=0.00 min_d= 3.61 avg_spd=2.07m/s end=collision t= 1031.8s
[TRAIN][PPO] ep=368/500 r=   71.87 avg10=   22.88 steps= 538 succ10=0.00 touch10=0.00 col10=1.00 to10=0.00 min_d= 2.64 avg_spd=2.13m/s end=collision t= 1035.7s
[TRAIN][PPO] ep=369/500 r=    8.31 avg10=   21.54 steps= 264 succ10=0.00 touch10=0.00 col10=1.00 to10=0.00 min_d= 3.49 avg_spd=2.06m/s end=collision t= 1037.5s
[TRAIN][PPO] ep=370/500 r=   -1.09 avg10=   12.79 steps= 150 succ10=0.00 touch10=0.00 col10=1.00 to10=0.00 min_d= 3.62 avg_spd=2.17m/s end=collision t= 1038.5s
[TRAIN][PPO] ep=371/500 r=    1.92 avg10=   13.00 steps= 158 succ10=0.00 touch10=0.00 col10=1.00 to10=0.00 min_d= 3.57 avg_spd=2.20m/s end=collision t= 1039.5s
[TRAIN][PPO] ep=372/500 r=    1.01 avg10=   16.68 steps= 171 succ10=0.00 touch10=0.00 col10=1.00 to10=0.00 min_d= 3.64 avg_spd=2.16m/s end=collision t= 1040.8s
[TRAIN][PPO] ep=373/500 r=   -9.30 avg10=   16.15 steps= 138 succ10=0.00 touch10=0.00 col10=1.00 to10=0.00 min_d= 3.81 avg_spd=1.77m/s end=collision t= 1041.7s
[TRAIN][PPO] ep=374/500 r=  165.31 avg10=   23.55 steps= 686 succ10=0.00 touch10=0.00 col10=1.00 to10=0.00 min_d= 2.18 avg_spd=2.07m/s end=collision t= 1046.4s
[TRAIN][PPO] ep=375/500 r=  275.34 avg10=   50.78 steps=1221 succ10=0.00 touch10=0.00 col10=1.00 to10=0.00 min_d= 1.20 avg_spd=2.08m/s end=collision t= 1054.5s
[TRAIN][PPO] ep=376/500 r=   -3.68 avg10=   50.56 steps= 140 succ10=0.00 touch10=0.00 col10=1.00 to10=0.00 min_d= 3.63 avg_spd=2.08m/s end=collision t= 1055.8s
[TRAIN][PPO] ep=377/500 r=    1.82 avg10=   51.15 steps= 156 succ10=0.00 touch10=0.00 col10=1.00 to10=0.00 min_d= 3.59 avg_spd=2.16m/s end=collision t= 1056.8s
[TRAIN][PPO] ep=378/500 r=   14.31 avg10=   45.40 steps= 278 succ10=0.00 touch10=0.00 col10=1.00 to10=0.00 min_d= 3.40 avg_spd=2.14m/s end=collision t= 1058.6s
[TRAIN][PPO] ep=379/500 r=   86.19 avg10=   53.18 steps= 535 succ10=0.00 touch10=0.00 col10=1.00 to10=0.00 min_d= 2.63 avg_spd=2.06m/s end=collision t= 1062.2s
[TRAIN][PPO] ep=380/500 r=    1.16 avg10=   53.41 steps= 154 succ10=0.00 touch10=0.00 col10=1.00 to10=0.00 min_d= 3.66 avg_spd=2.12m/s end=collision t= 1063.4s
[TRAIN][PPO] ep=381/500 r=   90.39 avg10=   62.26 steps= 540 succ10=0.00 touch10=0.00 col10=1.00 to10=0.00 min_d= 2.62 avg_spd=2.08m/s end=collision t= 1067.1s
[TRAIN][PPO] ep=382/500 r=  148.26 avg10=   76.98 steps= 674 succ10=0.00 touch10=0.00 col10=1.00 to10=0.00 min_d= 2.22 avg_spd=2.11m/s end=collision t= 1071.6s
[TRAIN][PPO] ep=383/500 r=   30.98 avg10=   81.01 steps= 279 succ10=0.00 touch10=0.00 col10=1.00 to10=0.00 min_d= 3.41 avg_spd=2.11m/s end=collision t= 1073.6s
[TRAIN][PPO] ep=384/500 r=   -9.17 avg10=   63.56 steps= 134 succ10=0.00 touch10=0.00 col10=1.00 to10=0.00 min_d= 3.66 avg_spd=1.86m/s end=collision t= 1074.6s
[TRAIN][PPO] ep=385/500 r=   28.51 avg10=   38.88 steps= 278 succ10=0.00 touch10=0.00 col10=1.00 to10=0.00 min_d= 3.37 avg_spd=2.17m/s end=collision t= 1076.4s
[TRAIN][PPO] ep=386/500 r=   84.91 avg10=   47.74 steps= 540 succ10=0.00 touch10=0.00 col10=1.00 to10=0.00 min_d= 2.67 avg_spd=2.05m/s end=collision t= 1080.1s
[TRAIN][PPO] ep=387/500 r=    6.80 avg10=   48.23 steps= 177 succ10=0.00 touch10=0.00 col10=1.00 to10=0.00 min_d= 3.64 avg_spd=2.07m/s end=collision t= 1081.4s
[TRAIN][PPO] ep=388/500 r=    8.13 avg10=   47.62 steps= 177 succ10=0.00 touch10=0.00 col10=1.00 to10=0.00 min_d= 3.55 avg_spd=2.14m/s end=collision t= 1082.7s
[TRAIN][PPO] ep=389/500 r=   -6.73 avg10=   38.33 steps= 139 succ10=0.00 touch10=0.00 col10=1.00 to10=0.00 min_d= 3.66 avg_spd=1.92m/s end=collision t= 1083.7s
[TRAIN][PPO] ep=390/500 r=    4.51 avg10=   38.66 steps= 170 succ10=0.00 touch10=0.00 col10=1.00 to10=0.00 min_d= 3.65 avg_spd=1.97m/s end=collision t= 1084.9s
WARNING: Contact joints between materials 'default' and 'default' will only be created for the 10 deepest contact points instead of all the 11 contact points.
[TRAIN][PPO] ep=391/500 r=   36.49 avg10=   33.27 steps= 279 succ10=0.00 touch10=0.00 col10=1.00 to10=0.00 min_d= 3.41 avg_spd=2.09m/s end=collision t= 1086.9s
[TRAIN][PPO] ep=392/500 r=    6.01 avg10=   19.05 steps= 167 succ10=0.00 touch10=0.00 col10=1.00 to10=0.00 min_d= 3.56 avg_spd=2.16m/s end=collision t= 1088.1s
[TRAIN][PPO] ep=393/500 r=  104.80 avg10=   26.43 steps= 544 succ10=0.00 touch10=0.00 col10=1.00 to10=0.00 min_d= 2.55 avg_spd=2.07m/s end=collision t= 1091.7s
[TRAIN][PPO] ep=394/500 r=   15.01 avg10=   28.85 steps= 269 succ10=0.00 touch10=0.00 col10=1.00 to10=0.00 min_d= 3.50 avg_spd=2.10m/s end=collision t= 1093.5s
[TRAIN][PPO] ep=395/500 r=   10.90 avg10=   27.09 steps= 263 succ10=0.00 touch10=0.00 col10=1.00 to10=0.00 min_d= 3.51 avg_spd=2.07m/s end=collision t= 1095.3s
[TRAIN][PPO] ep=396/500 r=   15.32 avg10=   20.13 steps= 270 succ10=0.00 touch10=0.00 col10=1.00 to10=0.00 min_d= 3.49 avg_spd=2.07m/s end=collision t= 1097.3s
[TRAIN][PPO] ep=397/500 r=    7.35 avg10=   20.18 steps= 182 succ10=0.00 touch10=0.00 col10=1.00 to10=0.00 min_d= 3.64 avg_spd=1.98m/s end=collision t= 1098.5s
[TRAIN][PPO] ep=398/500 r=  108.75 avg10=   30.24 steps= 544 succ10=0.00 touch10=0.00 col10=1.00 to10=0.00 min_d= 2.56 avg_spd=2.06m/s end=collision t= 1101.9s
[TRAIN][PPO] ep=399/500 r=   10.83 avg10=   32.00 steps= 261 succ10=0.00 touch10=0.00 col10=1.00 to10=0.00 min_d= 3.53 avg_spd=2.13m/s end=collision t= 1103.5s
[TRAIN][PPO] ep=400/500 r=   -9.63 avg10=   30.58 steps= 257 succ10=0.00 touch10=0.00 col10=1.00 to10=0.00 min_d= 3.56 avg_spd=2.03m/s end=collision t= 1105.4s ckpt=latest
[TRAIN][PPO] ep=401/500 r=    1.15 avg10=   27.05 steps= 155 succ10=0.00 touch10=0.00 col10=1.00 to10=0.00 min_d= 3.59 avg_spd=2.05m/s end=collision t= 1106.4s
[TRAIN][PPO] ep=402/500 r=   89.91 avg10=   35.44 steps= 540 succ10=0.00 touch10=0.00 col10=1.00 to10=0.00 min_d= 2.68 avg_spd=2.12m/s end=collision t= 1110.1s
[TRAIN][PPO] ep=403/500 r=   -1.12 avg10=   24.85 steps= 153 succ10=0.00 touch10=0.00 col10=1.00 to10=0.00 min_d= 3.55 avg_spd=1.99m/s end=collision t= 1111.2s
[TRAIN][PPO] ep=404/500 r=   -4.18 avg10=   22.93 steps= 148 succ10=0.00 touch10=0.00 col10=1.00 to10=0.00 min_d= 3.76 avg_spd=1.86m/s end=collision t= 1112.3s
[TRAIN][PPO] ep=405/500 r=    6.23 avg10=   22.46 steps= 269 succ10=0.00 touch10=0.00 col10=1.00 to10=0.00 min_d= 3.49 avg_spd=2.06m/s end=collision t= 1114.0s
[TRAIN][PPO] ep=406/500 r=  105.21 avg10=   31.45 steps= 539 succ10=0.00 touch10=0.00 col10=1.00 to10=0.00 min_d= 2.58 avg_spd=2.05m/s end=collision t= 1117.5s
[TRAIN][PPO] ep=407/500 r=   84.75 avg10=   39.19 steps= 540 succ10=0.00 touch10=0.00 col10=1.00 to10=0.00 min_d= 2.67 avg_spd=2.11m/s end=collision t= 1121.2s
[TRAIN][PPO] ep=408/500 r=   -3.07 avg10=   28.01 steps= 144 succ10=0.00 touch10=0.00 col10=1.00 to10=0.00 min_d= 3.65 avg_spd=2.03m/s end=collision t= 1122.4s
[TRAIN][PPO] ep=409/500 r=   85.13 avg10=   35.44 steps= 535 succ10=0.00 touch10=0.00 col10=1.00 to10=0.00 min_d= 2.63 avg_spd=2.04m/s end=collision t= 1126.0s
[TRAIN][PPO] ep=410/500 r=    1.60 avg10=   36.56 steps= 158 succ10=0.00 touch10=0.00 col10=1.00 to10=0.00 min_d= 3.65 avg_spd=2.08m/s end=collision t= 1127.2s
[TRAIN][PPO] ep=411/500 r=   -4.91 avg10=   35.95 steps= 140 succ10=0.00 touch10=0.00 col10=1.00 to10=0.00 min_d= 3.60 avg_spd=1.95m/s end=collision t= 1128.2s
[TRAIN][PPO] ep=412/500 r=  105.86 avg10=   37.55 steps= 542 succ10=0.00 touch10=0.00 col10=1.00 to10=0.00 min_d= 2.57 avg_spd=2.05m/s end=collision t= 1132.0s
[TRAIN][PPO] ep=413/500 r=   -7.22 avg10=   36.94 steps= 139 succ10=0.00 touch10=0.00 col10=1.00 to10=0.00 min_d= 3.79 avg_spd=1.82m/s end=collision t= 1133.0s
[TRAIN][PPO] ep=414/500 r=   19.00 avg10=   39.26 steps= 269 succ10=0.00 touch10=0.00 col10=1.00 to10=0.00 min_d= 3.46 avg_spd=2.13m/s end=collision t= 1134.9s
[TRAIN][PPO] ep=415/500 r=    1.43 avg10=   38.78 steps= 158 succ10=0.00 touch10=0.00 col10=1.00 to10=0.00 min_d= 3.54 avg_spd=2.15m/s end=collision t= 1136.0s
[TRAIN][PPO] ep=416/500 r=   -2.98 avg10=   27.96 steps= 142 succ10=0.00 touch10=0.00 col10=1.00 to10=0.00 min_d= 3.64 avg_spd=2.07m/s end=collision t= 1137.1s
[TRAIN][PPO] ep=417/500 r=  167.37 avg10=   36.22 steps= 866 succ10=0.00 touch10=0.00 col10=1.00 to10=0.00 min_d= 2.17 avg_spd=2.03m/s end=collision t= 1143.1s
[TRAIN][PPO] ep=418/500 r=    2.50 avg10=   36.78 steps= 158 succ10=0.00 touch10=0.00 col10=1.00 to10=0.00 min_d= 3.62 avg_spd=2.08m/s end=collision t= 1144.2s
[TRAIN][PPO] ep=419/500 r=   -1.45 avg10=   28.12 steps= 150 succ10=0.00 touch10=0.00 col10=1.00 to10=0.00 min_d= 3.66 avg_spd=2.01m/s end=collision t= 1145.3s
[TRAIN][PPO] ep=420/500 r=   61.31 avg10=   34.09 steps= 402 succ10=0.00 touch10=0.00 col10=1.00 to10=0.00 min_d= 3.09 avg_spd=2.15m/s end=collision t= 1148.3s
[TRAIN][PPO] ep=421/500 r=    2.37 avg10=   34.82 steps= 156 succ10=0.00 touch10=0.00 col10=1.00 to10=0.00 min_d= 3.54 avg_spd=2.20m/s end=collision t= 1149.3s
[TRAIN][PPO] ep=422/500 r=   -1.96 avg10=   24.04 steps= 158 succ10=0.00 touch10=0.00 col10=1.00 to10=0.00 min_d= 3.66 avg_spd=1.82m/s end=collision t= 1150.3s
[TRAIN][PPO] ep=423/500 r=  155.86 avg10=   40.35 steps= 684 succ10=0.00 touch10=0.00 col10=1.00 to10=0.00 min_d= 2.19 avg_spd=2.08m/s end=collision t= 1154.6s
[TRAIN][PPO] ep=424/500 r=    3.70 avg10=   38.82 steps= 161 succ10=0.00 touch10=0.00 col10=1.00 to10=0.00 min_d= 3.59 avg_spd=2.16m/s end=collision t= 1155.7s
[TRAIN][PPO] ep=425/500 r=   -1.79 avg10=   38.49 steps= 148 succ10=0.00 touch10=0.00 col10=1.00 to10=0.00 min_d= 3.67 avg_spd=1.99m/s end=collision t= 1156.7s
[TRAIN][PPO] ep=426/500 r=    1.19 avg10=   38.91 steps= 163 succ10=0.00 touch10=0.00 col10=1.00 to10=0.00 min_d= 3.62 avg_spd=2.22m/s end=collision t= 1157.8s
[TRAIN][PPO] ep=427/500 r=    1.37 avg10=   22.31 steps= 173 succ10=0.00 touch10=0.00 col10=1.00 to10=0.00 min_d= 3.65 avg_spd=1.76m/s end=collision t= 1158.9s
[TRAIN][PPO] ep=428/500 r=   -1.76 avg10=   21.88 steps= 146 succ10=0.00 touch10=0.00 col10=1.00 to10=0.00 min_d= 3.59 avg_spd=2.06m/s end=collision t= 1159.9s
[TRAIN][PPO] ep=429/500 r=   28.16 avg10=   24.85 steps= 281 succ10=0.00 touch10=0.00 col10=1.00 to10=0.00 min_d= 3.45 avg_spd=2.05m/s end=collision t= 1161.8s
[TRAIN][PPO] ep=430/500 r=  155.62 avg10=   34.28 steps= 683 succ10=0.00 touch10=0.00 col10=1.00 to10=0.00 min_d= 2.19 avg_spd=2.07m/s end=collision t= 1166.5s
[TRAIN][PPO] ep=431/500 r=   84.66 avg10=   42.51 steps= 534 succ10=0.00 touch10=0.00 col10=1.00 to10=0.00 min_d= 2.63 avg_spd=2.06m/s end=collision t= 1170.2s
[TRAIN][PPO] ep=432/500 r=   92.49 avg10=   51.95 steps= 537 succ10=0.00 touch10=0.00 col10=1.00 to10=0.00 min_d= 2.68 avg_spd=2.07m/s end=collision t= 1174.3s
[TRAIN][PPO] ep=433/500 r=    1.83 avg10=   36.55 steps= 158 succ10=0.00 touch10=0.00 col10=1.00 to10=0.00 min_d= 3.66 avg_spd=2.08m/s end=collision t= 1175.4s
[TRAIN][PPO] ep=434/500 r=   84.80 avg10=   44.66 steps= 537 succ10=0.00 touch10=0.00 col10=1.00 to10=0.00 min_d= 2.66 avg_spd=2.04m/s end=collision t= 1179.2s
[TRAIN][PPO] ep=435/500 r=   89.79 avg10=   53.81 steps= 538 succ10=0.00 touch10=0.00 col10=1.00 to10=0.00 min_d= 2.69 avg_spd=2.08m/s end=collision t= 1182.9s
[TRAIN][PPO] ep=436/500 r=    3.95 avg10=   54.09 steps= 162 succ10=0.00 touch10=0.00 col10=1.00 to10=0.00 min_d= 3.58 avg_spd=2.10m/s end=collision t= 1184.2s
[TRAIN][PPO] ep=437/500 r=    4.60 avg10=   54.41 steps= 169 succ10=0.00 touch10=0.00 col10=1.00 to10=0.00 min_d= 3.65 avg_spd=2.01m/s end=collision t= 1185.4s
[TRAIN][PPO] ep=438/500 r=   73.50 avg10=   61.94 steps= 715 succ10=0.00 touch10=0.00 col10=1.00 to10=0.00 min_d= 2.69 avg_spd=2.06m/s end=collision t= 1189.9s
[TRAIN][PPO] ep=439/500 r=   87.26 avg10=   67.85 steps= 538 succ10=0.00 touch10=0.00 col10=1.00 to10=0.00 min_d= 2.64 avg_spd=2.08m/s end=collision t= 1193.5s
[TRAIN][PPO] ep=440/500 r=    0.57 avg10=   52.34 steps= 254 succ10=0.00 touch10=0.00 col10=1.00 to10=0.00 min_d= 3.52 avg_spd=2.04m/s end=collision t= 1195.4s
[TRAIN][PPO] ep=441/500 r=  -10.32 avg10=   42.85 steps= 138 succ10=0.00 touch10=0.00 col10=1.00 to10=0.00 min_d= 3.81 avg_spd=1.65m/s end=collision t= 1196.3s
[TRAIN][PPO] ep=442/500 r=   98.84 avg10=   43.48 steps= 537 succ10=0.00 touch10=0.00 col10=1.00 to10=0.00 min_d= 2.59 avg_spd=2.06m/s end=collision t= 1199.6s
[TRAIN][PPO] ep=443/500 r=    7.65 avg10=   44.06 steps= 180 succ10=0.00 touch10=0.00 col10=1.00 to10=0.00 min_d= 3.64 avg_spd=2.01m/s end=collision t= 1200.7s
[TRAIN][PPO] ep=444/500 r=    1.93 avg10=   35.78 steps= 160 succ10=0.00 touch10=0.00 col10=1.00 to10=0.00 min_d= 3.64 avg_spd=2.16m/s end=collision t= 1201.8s
[TRAIN][PPO] ep=445/500 r=    4.54 avg10=   27.25 steps= 165 succ10=0.00 touch10=0.00 col10=1.00 to10=0.00 min_d= 3.57 avg_spd=2.15m/s end=collision t= 1202.9s
[TRAIN][PPO] ep=446/500 r=   72.30 avg10=   34.09 steps= 558 succ10=0.00 touch10=0.00 col10=1.00 to10=0.00 min_d= 2.83 avg_spd=2.03m/s end=collision t= 1206.3s
[TRAIN][PPO] ep=447/500 r=   71.97 avg10=   40.82 steps= 537 succ10=0.00 touch10=0.00 col10=1.00 to10=0.00 min_d= 2.69 avg_spd=2.08m/s end=collision t= 1209.6s
[TRAIN][PPO] ep=448/500 r=   85.55 avg10=   42.03 steps= 539 succ10=0.00 touch10=0.00 col10=1.00 to10=0.00 min_d= 2.65 avg_spd=2.07m/s end=collision t= 1213.1s
[TRAIN][PPO] ep=449/500 r=  105.22 avg10=   43.82 steps= 540 succ10=0.00 touch10=0.00 col10=1.00 to10=0.00 min_d= 2.58 avg_spd=2.05m/s end=collision t= 1216.3s
[TRAIN][PPO] ep=450/500 r=    5.10 avg10=   44.28 steps= 168 succ10=0.00 touch10=0.00 col10=1.00 to10=0.00 min_d= 3.61 avg_spd=2.17m/s end=collision t= 1217.2s
[TRAIN][PPO] ep=451/500 r=    4.10 avg10=   45.72 steps= 170 succ10=0.00 touch10=0.00 col10=1.00 to10=0.00 min_d= 3.65 avg_spd=2.10m/s end=collision t= 1218.2s
[TRAIN][PPO] ep=452/500 r=   82.29 avg10=   44.06 steps= 539 succ10=0.00 touch10=0.00 col10=1.00 to10=0.00 min_d= 2.66 avg_spd=2.06m/s end=collision t= 1221.6s
[TRAIN][PPO] ep=453/500 r=  123.21 avg10=   55.62 steps=1897 succ10=0.00 touch10=0.00 col10=1.00 to10=0.00 min_d= 1.54 avg_spd=2.15m/s end=collision t= 1232.8s
[TRAIN][PPO] ep=454/500 r=    1.62 avg10=   55.59 steps= 265 succ10=0.00 touch10=0.00 col10=1.00 to10=0.00 min_d= 3.60 avg_spd=2.10m/s end=collision t= 1234.5s
[TRAIN][PPO] ep=455/500 r=    5.38 avg10=   55.67 steps= 262 succ10=0.00 touch10=0.00 col10=1.00 to10=0.00 min_d= 3.49 avg_spd=2.01m/s end=collision t= 1236.1s
[TRAIN][PPO] ep=456/500 r=  114.13 avg10=   59.86 steps=1891 succ10=0.00 touch10=0.00 col10=1.00 to10=0.00 min_d= 1.48 avg_spd=2.16m/s end=collision t= 1247.5s
[TRAIN][PPO] ep=457/500 r=  -11.65 avg10=   51.49 steps= 133 succ10=0.00 touch10=0.00 col10=1.00 to10=0.00 min_d= 3.84 avg_spd=1.59m/s end=collision t= 1248.3s
[TRAIN][PPO] ep=458/500 r=    9.89 avg10=   43.93 steps= 280 succ10=0.00 touch10=0.00 col10=1.00 to10=0.00 min_d= 3.63 avg_spd=1.93m/s end=collision t= 1249.9s
[TRAIN][PPO] ep=459/500 r=   77.33 avg10=   41.14 steps= 534 succ10=0.00 touch10=0.00 col10=1.00 to10=0.00 min_d= 2.68 avg_spd=2.07m/s end=collision t= 1253.2s
[TRAIN][PPO] ep=460/500 r=    3.40 avg10=   40.97 steps= 170 succ10=0.00 touch10=0.00 col10=1.00 to10=0.00 min_d= 3.65 avg_spd=1.95m/s end=collision t= 1254.4s
[TRAIN][PPO] ep=461/500 r=   -6.20 avg10=   39.94 steps= 147 succ10=0.00 touch10=0.00 col10=1.00 to10=0.00 min_d= 3.64 avg_spd=1.78m/s end=collision t= 1255.4s
[TRAIN][PPO] ep=462/500 r=   -9.12 avg10=   30.80 steps= 141 succ10=0.00 touch10=0.00 col10=1.00 to10=0.00 min_d= 3.76 avg_spd=1.64m/s end=collision t= 1256.3s
[TRAIN][PPO] ep=463/500 r=   77.76 avg10=   26.25 steps= 533 succ10=0.00 touch10=0.00 col10=1.00 to10=0.00 min_d= 2.64 avg_spd=2.07m/s end=collision t= 1259.8s
[TRAIN][PPO] ep=464/500 r=   79.93 avg10=   34.08 steps= 535 succ10=0.00 touch10=0.00 col10=1.00 to10=0.00 min_d= 2.70 avg_spd=2.07m/s end=collision t= 1263.1s
[TRAIN][PPO] ep=465/500 r=   83.92 avg10=   41.94 steps= 534 succ10=0.00 touch10=0.00 col10=1.00 to10=0.00 min_d= 2.63 avg_spd=2.05m/s end=collision t= 1266.4s
[TRAIN][PPO] ep=466/500 r=   96.62 avg10=   40.19 steps= 534 succ10=0.00 touch10=0.00 col10=1.00 to10=0.00 min_d= 2.58 avg_spd=2.10m/s end=collision t= 1269.6s
[TRAIN][PPO] ep=467/500 r=   10.42 avg10=   42.40 steps= 185 succ10=0.00 touch10=0.00 col10=1.00 to10=0.00 min_d= 3.53 avg_spd=2.08m/s end=collision t= 1270.7s
[TRAIN][PPO] ep=468/500 r=   -4.84 avg10=   40.92 steps= 254 succ10=0.00 touch10=0.00 col10=1.00 to10=0.00 min_d= 3.57 avg_spd=2.01m/s end=collision t= 1272.4s
[TRAIN][PPO] ep=469/500 r=   -3.23 avg10=   32.87 steps= 161 succ10=0.00 touch10=0.00 col10=1.00 to10=0.00 min_d= 3.75 avg_spd=1.84m/s end=collision t= 1273.5s
[TRAIN][PPO] ep=470/500 r=   82.61 avg10=   40.79 steps= 536 succ10=0.00 touch10=0.00 col10=1.00 to10=0.00 min_d= 2.69 avg_spd=2.12m/s end=collision t= 1276.8s
[TRAIN][PPO] ep=471/500 r=   71.20 avg10=   48.53 steps= 533 succ10=0.00 touch10=0.00 col10=1.00 to10=0.00 min_d= 2.65 avg_spd=2.07m/s end=collision t= 1280.1s
[TRAIN][PPO] ep=472/500 r=   -7.54 avg10=   48.69 steps= 148 succ10=0.00 touch10=0.00 col10=1.00 to10=0.00 min_d= 3.65 avg_spd=1.70m/s end=collision t= 1281.2s
[TRAIN][PPO] ep=473/500 r=  -40.00 avg10=   36.91 steps= 477 succ10=0.00 touch10=0.00 col10=1.00 to10=0.00 min_d= 3.64 avg_spd=2.10m/s end=collision t= 1284.1s
[TRAIN][PPO] ep=474/500 r=  -23.97 avg10=   26.52 steps= 462 succ10=0.00 touch10=0.00 col10=1.00 to10=0.00 min_d= 3.62 avg_spd=2.05m/s end=collision t= 1287.0s
[TRAIN][PPO] ep=475/500 r=   82.26 avg10=   26.35 steps= 534 succ10=0.00 touch10=0.00 col10=1.00 to10=0.00 min_d= 2.65 avg_spd=2.06m/s end=collision t= 1290.1s
[TRAIN][PPO] ep=476/500 r=    2.56 avg10=   16.95 steps= 174 succ10=0.00 touch10=0.00 col10=1.00 to10=0.00 min_d= 3.65 avg_spd=1.85m/s end=collision t= 1291.3s
[TRAIN][PPO] ep=477/500 r=   -3.19 avg10=   15.59 steps= 255 succ10=0.00 touch10=0.00 col10=1.00 to10=0.00 min_d= 3.53 avg_spd=2.03m/s end=collision t= 1292.9s
[TRAIN][PPO] ep=478/500 r=   81.18 avg10=   24.19 steps= 535 succ10=0.00 touch10=0.00 col10=1.00 to10=0.00 min_d= 2.62 avg_spd=2.07m/s end=collision t= 1296.2s
[TRAIN][PPO] ep=479/500 r=    6.44 avg10=   25.15 steps= 267 succ10=0.00 touch10=0.00 col10=1.00 to10=0.00 min_d= 3.56 avg_spd=2.10m/s end=collision t= 1297.9s
[TRAIN][PPO] ep=480/500 r=   12.79 avg10=   18.17 steps= 262 succ10=0.00 touch10=0.00 col10=1.00 to10=0.00 min_d= 3.49 avg_spd=2.11m/s end=collision t= 1299.6s
[TRAIN][PPO] ep=481/500 r=   52.12 avg10=   16.26 steps= 720 succ10=0.00 touch10=0.00 col10=1.00 to10=0.00 min_d= 2.71 avg_spd=2.09m/s end=collision t= 1304.0s
[TRAIN][PPO] ep=482/500 r=   -2.04 avg10=   16.81 steps= 150 succ10=0.00 touch10=0.00 col10=1.00 to10=0.00 min_d= 3.63 avg_spd=2.00m/s end=collision t= 1305.0s
[TRAIN][PPO] ep=483/500 r=   -4.71 avg10=   20.34 steps= 149 succ10=0.00 touch10=0.00 col10=1.00 to10=0.00 min_d= 3.76 avg_spd=1.76m/s end=collision t= 1305.9s
[TRAIN][PPO] ep=484/500 r=    0.84 avg10=   22.83 steps= 159 succ10=0.00 touch10=0.00 col10=1.00 to10=0.00 min_d= 3.62 avg_spd=2.20m/s end=collision t= 1307.0s
[TRAIN][PPO] ep=485/500 r=   35.77 avg10=   18.18 steps= 276 succ10=0.00 touch10=0.00 col10=1.00 to10=0.00 min_d= 3.37 avg_spd=2.01m/s end=collision t= 1308.7s
[TRAIN][PPO] ep=486/500 r=    1.68 avg10=   18.09 steps= 160 succ10=0.00 touch10=0.00 col10=1.00 to10=0.00 min_d= 3.58 avg_spd=2.02m/s end=collision t= 1309.7s
[TRAIN][PPO] ep=487/500 r=   -5.03 avg10=   17.90 steps= 153 succ10=0.00 touch10=0.00 col10=1.00 to10=0.00 min_d= 3.64 avg_spd=1.76m/s end=collision t= 1310.6s
[TRAIN][PPO] ep=488/500 r=   -7.90 avg10=    8.99 steps= 142 succ10=0.00 touch10=0.00 col10=1.00 to10=0.00 min_d= 3.78 avg_spd=1.71m/s end=collision t= 1311.5s
[TRAIN][PPO] ep=489/500 r=   -8.53 avg10=    7.50 steps= 144 succ10=0.00 touch10=0.00 col10=1.00 to10=0.00 min_d= 3.82 avg_spd=1.66m/s end=collision t= 1312.4s
[TRAIN][PPO] ep=490/500 r=    1.05 avg10=    6.32 steps= 159 succ10=0.00 touch10=0.00 col10=1.00 to10=0.00 min_d= 3.66 avg_spd=1.98m/s end=collision t= 1313.4s
[TRAIN][PPO] ep=491/500 r=    8.41 avg10=    1.95 steps= 180 succ10=0.00 touch10=0.00 col10=1.00 to10=0.00 min_d= 3.56 avg_spd=2.12m/s end=collision t= 1314.5s
[TRAIN][PPO] ep=492/500 r=   71.83 avg10=    9.34 steps= 531 succ10=0.00 touch10=0.00 col10=1.00 to10=0.00 min_d= 2.67 avg_spd=2.09m/s end=collision t= 1318.0s
[TRAIN][PPO] ep=493/500 r=  -29.98 avg10=    6.81 steps= 454 succ10=0.00 touch10=0.00 col10=1.00 to10=0.00 min_d= 3.62 avg_spd=1.97m/s end=collision t= 1320.4s
[TRAIN][PPO] ep=494/500 r=   -2.38 avg10=    6.49 steps= 255 succ10=0.00 touch10=0.00 col10=1.00 to10=0.00 min_d= 3.49 avg_spd=2.03m/s end=collision t= 1321.9s
[TRAIN][PPO] ep=495/500 r=    9.05 avg10=    3.82 steps= 260 succ10=0.00 touch10=0.00 col10=1.00 to10=0.00 min_d= 3.53 avg_spd=2.13m/s end=collision t= 1323.5s
[TRAIN][PPO] ep=496/500 r=    0.87 avg10=    3.74 steps= 157 succ10=0.00 touch10=0.00 col10=1.00 to10=0.00 min_d= 3.62 avg_spd=2.13m/s end=collision t= 1324.6s
[TRAIN][PPO] ep=497/500 r=  -25.87 avg10=    1.65 steps= 467 succ10=0.00 touch10=0.00 col10=1.00 to10=0.00 min_d= 3.62 avg_spd=2.01m/s end=collision t= 1327.4s
[TRAIN][PPO] ep=498/500 r=    9.82 avg10=    3.43 steps= 267 succ10=0.00 touch10=0.00 col10=1.00 to10=0.00 min_d= 3.41 avg_spd=2.10m/s end=collision t= 1329.1s
[TRAIN][PPO] ep=499/500 r=    9.32 avg10=    5.21 steps= 267 succ10=0.00 touch10=0.00 col10=1.00 to10=0.00 min_d= 3.45 avg_spd=2.12m/s end=collision t= 1330.7s
INFO: PPO: Terminating.
[RUN] completed stage checkpoint=/uio/hume/student-u79/esbrovol/fys5429/DRL-Obstacle-Avoidance/controllers/PPO/checkpoints/moving_20260603_110455_step05_moving_goal_none_seed01_stage01_train_13_moving_goal/final_moving_20260603_110455_step05_moving_goal_none_seed01_stage01_train_13_moving_goal.pth
[RUN] curriculum complete arch=none seed=1
[MOVING] completed stage checkpoint=/uio/hume/student-u79/esbrovol/fys5429/DRL-Obstacle-Avoidance/controllers/PPO/checkpoints/moving_20260603_110455_step05_moving_goal_none_seed01_stage01_train_13_moving_goal/final_moving_20260603_110455_step05_moving_goal_none_seed01_stage01_train_13_moving_goal.pth
[MOVING] moving-world curriculum complete final_checkpoint=/uio/hume/student-u79/esbrovol/fys5429/DRL-Obstacle-Avoidance/controllers/PPO/checkpoints/moving_20260603_110455_step05_moving_goal_none_seed01_stage01_train_13_moving_goal/final_moving_20260603_110455_step05_moving_goal_none_seed01_stage01_train_13_moving_goal.pth
