[MOVING] arch=none initial checkpoint=/uio/hume/student-u79/esbrovol/fys5429/DRL-Obstacle-Avoidance/controllers/PPO/checkpoints/20260525_141956_none_seed00_stage10_train_10_full/final_20260525_141956_none_seed00_stage10_train_10_full.pth
[MOVING] stage=1/5 name=partial_moving_1
[MOVING] resume_from=/uio/hume/student-u79/esbrovol/fys5429/DRL-Obstacle-Avoidance/controllers/PPO/checkpoints/20260525_141956_none_seed00_stage10_train_10_full/final_20260525_141956_none_seed00_stage10_train_10_full.pth
[MOVING] command=/uio/hume/student-u79/esbrovol/fys5429/DRL-Obstacle-Avoidance/venv/bin/python controllers/run.py worker --arch none --seed 0 --run-group moving_20260603_110455_step01_partial_moving_1 --resume-from /uio/hume/student-u79/esbrovol/fys5429/DRL-Obstacle-Avoidance/controllers/PPO/checkpoints/20260525_141956_none_seed00_stage10_train_10_full/final_20260525_141956_none_seed00_stage10_train_10_full.pth --worlds worlds/training/train_11_partial_moving.wbt --moving-obstacle-indices 0
[RUN] arch=none seed=0 stage=1/1 world=/uio/hume/student-u79/esbrovol/fys5429/DRL-Obstacle-Avoidance/worlds/training/train_11_partial_moving.wbt
[RUN] resuming from /uio/hume/student-u79/esbrovol/fys5429/DRL-Obstacle-Avoidance/controllers/PPO/checkpoints/20260525_141956_none_seed00_stage10_train_10_full/final_20260525_141956_none_seed00_stage10_train_10_full.pth
INFO: PPO: Starting controller: python3 -u PPO.py
[PPO] Using architecture: NONE
[PPO] Loaded architecture: NONE
[TRAIN][PPO] arch=NONE weights_dir=/uio/hume/student-u79/esbrovol/fys5429/DRL-Obstacle-Avoidance/controllers/PPO/checkpoints/moving_20260603_110455_step01_partial_moving_1_none_seed00_stage01_train_11_partial_moving final=/uio/hume/student-u79/esbrovol/fys5429/DRL-Obstacle-Avoidance/controllers/PPO/checkpoints/moving_20260603_110455_step01_partial_moving_1_none_seed00_stage01_train_11_partial_moving/final_moving_20260603_110455_step01_partial_moving_1_none_seed00_stage01_train_11_partial_moving.pth
[TRAIN][PPO] episodes=500 update_every=4 obs=31 act=2 cell=NONE seq=32 burn_in=0
[TRAIN][PPO] ep=001/500 r=  165.38 avg10=  165.38 steps= 641 succ10=0.00 touch10=0.00 col10=1.00 to10=0.00 min_d= 2.27 avg_spd=2.15m/s end=collision t=    6.4s ckpt=best
[TRAIN][PPO] ep=002/500 r=  164.99 avg10=  165.18 steps= 646 succ10=0.00 touch10=0.00 col10=1.00 to10=0.00 min_d= 2.29 avg_spd=2.13m/s end=collision t=   12.4s
[TRAIN][PPO] ep=003/500 r=  168.81 avg10=  166.39 steps= 647 succ10=0.00 touch10=0.00 col10=1.00 to10=0.00 min_d= 2.27 avg_spd=2.15m/s end=collision t=   18.4s ckpt=best
[TRAIN][PPO] ep=004/500 r=  162.79 avg10=  165.49 steps= 647 succ10=0.00 touch10=0.00 col10=1.00 to10=0.00 min_d= 2.32 avg_spd=2.09m/s end=collision t=   25.8s
[TRAIN][PPO] ep=005/500 r=  592.19 avg10=  250.83 steps=1444 succ10=0.20 touch10=0.20 col10=0.80 to10=0.00 min_d= 0.30 avg_spd=2.14m/s end=goal t=   39.0s ckpt=best_goal
[TRAIN][PPO] ep=006/500 r=  162.71 avg10=  236.14 steps= 638 succ10=0.17 touch10=0.17 col10=0.83 to10=0.00 min_d= 2.25 avg_spd=2.15m/s end=collision t=   44.7s
[TRAIN][PPO] ep=007/500 r=  165.17 avg10=  226.00 steps= 640 succ10=0.14 touch10=0.14 col10=0.86 to10=0.00 min_d= 2.24 avg_spd=2.14m/s end=collision t=   50.3s
[TRAIN][PPO] ep=008/500 r=  167.06 avg10=  218.64 steps= 666 succ10=0.12 touch10=0.12 col10=0.88 to10=0.00 min_d= 2.36 avg_spd=2.09m/s end=collision t=   57.0s
[TRAIN][PPO] ep=009/500 r=  581.14 avg10=  258.91 steps=1410 succ10=0.22 touch10=0.22 col10=0.78 to10=0.00 min_d= 0.30 avg_spd=2.12m/s end=goal t=   69.5s
[TRAIN][PPO] ep=010/500 r=  169.27 avg10=  249.95 steps= 650 succ10=0.20 touch10=0.20 col10=0.80 to10=0.00 min_d= 2.30 avg_spd=2.13m/s end=collision t=   75.3s
[TRAIN][PPO] ep=011/500 r=  163.58 avg10=  249.77 steps= 644 succ10=0.20 touch10=0.20 col10=0.80 to10=0.00 min_d= 2.28 avg_spd=2.14m/s end=collision t=   81.0s
[TRAIN][PPO] ep=012/500 r=  586.49 avg10=  291.92 steps=1443 succ10=0.30 touch10=0.30 col10=0.70 to10=0.00 min_d= 0.30 avg_spd=2.12m/s end=goal t=   94.7s
[TRAIN][PPO] ep=013/500 r=  164.74 avg10=  291.51 steps= 640 succ10=0.30 touch10=0.30 col10=0.70 to10=0.00 min_d= 2.27 avg_spd=2.13m/s end=collision t=  100.2s
[TRAIN][PPO] ep=014/500 r=  163.56 avg10=  291.59 steps= 640 succ10=0.30 touch10=0.30 col10=0.70 to10=0.00 min_d= 2.24 avg_spd=2.17m/s end=collision t=  105.9s
[TRAIN][PPO] ep=015/500 r=  -39.56 avg10=  228.42 steps=  42 succ10=0.20 touch10=0.20 col10=0.80 to10=0.00 min_d= 3.84 avg_spd=2.08m/s end=collision t=  106.3s
[TRAIN][PPO] ep=016/500 r=  166.83 avg10=  228.83 steps= 648 succ10=0.20 touch10=0.20 col10=0.80 to10=0.00 min_d= 2.28 avg_spd=2.16m/s end=collision t=  112.5s
[TRAIN][PPO] ep=017/500 r=  164.53 avg10=  228.76 steps= 645 succ10=0.20 touch10=0.20 col10=0.80 to10=0.00 min_d= 2.32 avg_spd=2.12m/s end=collision t=  118.2s
[TRAIN][PPO] ep=018/500 r=  165.56 avg10=  228.61 steps= 643 succ10=0.20 touch10=0.20 col10=0.80 to10=0.00 min_d= 2.30 avg_spd=2.16m/s end=collision t=  124.0s
[TRAIN][PPO] ep=019/500 r=  167.28 avg10=  187.23 steps= 651 succ10=0.10 touch10=0.10 col10=0.90 to10=0.00 min_d= 2.33 avg_spd=2.11m/s end=collision t=  129.8s
[TRAIN][PPO] ep=020/500 r=  591.33 avg10=  229.43 steps=1441 succ10=0.20 touch10=0.20 col10=0.80 to10=0.00 min_d= 0.30 avg_spd=2.14m/s end=goal t=  143.3s
[TRAIN][PPO] ep=021/500 r=  595.29 avg10=  272.60 steps=1446 succ10=0.30 touch10=0.30 col10=0.70 to10=0.00 min_d= 0.30 avg_spd=2.13m/s end=goal t=  156.3s ckpt=best_goal
[TRAIN][PPO] ep=022/500 r=  161.23 avg10=  230.08 steps= 636 succ10=0.20 touch10=0.20 col10=0.80 to10=0.00 min_d= 2.27 avg_spd=2.12m/s end=collision t=  162.0s
[TRAIN][PPO] ep=023/500 r=  594.09 avg10=  273.01 steps=1421 succ10=0.30 touch10=0.30 col10=0.70 to10=0.00 min_d= 0.30 avg_spd=2.14m/s end=goal t=  174.6s
[TRAIN][PPO] ep=024/500 r=  163.63 avg10=  273.02 steps= 634 succ10=0.30 touch10=0.30 col10=0.70 to10=0.00 min_d= 2.24 avg_spd=2.13m/s end=collision t=  181.1s
[TRAIN][PPO] ep=025/500 r=  -28.12 avg10=  274.17 steps= 133 succ10=0.30 touch10=0.30 col10=0.70 to10=0.00 min_d= 3.82 avg_spd=2.16m/s end=collision t=  182.3s
[TRAIN][PPO] ep=026/500 r=  590.38 avg10=  316.52 steps=1435 succ10=0.40 touch10=0.40 col10=0.60 to10=0.00 min_d= 0.30 avg_spd=2.14m/s end=goal t=  194.8s
[TRAIN][PPO] ep=027/500 r=  588.87 avg10=  358.96 steps=1426 succ10=0.50 touch10=0.50 col10=0.50 to10=0.00 min_d= 0.30 avg_spd=2.14m/s end=goal t=  207.1s
[TRAIN][PPO] ep=028/500 r=  587.69 avg10=  401.17 steps=1422 succ10=0.60 touch10=0.60 col10=0.40 to10=0.00 min_d= 0.30 avg_spd=2.13m/s end=goal t=  220.1s
[TRAIN][PPO] ep=029/500 r=  167.04 avg10=  401.14 steps= 657 succ10=0.60 touch10=0.60 col10=0.40 to10=0.00 min_d= 2.34 avg_spd=2.12m/s end=collision t=  225.7s
[TRAIN][PPO] ep=030/500 r=  165.07 avg10=  358.52 steps= 651 succ10=0.50 touch10=0.50 col10=0.50 to10=0.00 min_d= 2.32 avg_spd=2.13m/s end=collision t=  231.4s
[TRAIN][PPO] ep=031/500 r=  587.09 avg10=  357.70 steps=1423 succ10=0.50 touch10=0.50 col10=0.50 to10=0.00 min_d= 0.30 avg_spd=2.12m/s end=goal t=  243.6s
[TRAIN][PPO] ep=032/500 r=  163.06 avg10=  357.88 steps= 645 succ10=0.50 touch10=0.50 col10=0.50 to10=0.00 min_d= 2.30 avg_spd=2.11m/s end=collision t=  249.8s
[TRAIN][PPO] ep=033/500 r=  599.23 avg10=  358.40 steps=1466 succ10=0.50 touch10=0.50 col10=0.50 to10=0.00 min_d= 0.30 avg_spd=2.12m/s end=goal t=  262.4s ckpt=best_goal
[TRAIN][PPO] ep=034/500 r=  165.83 avg10=  358.62 steps= 642 succ10=0.50 touch10=0.50 col10=0.50 to10=0.00 min_d= 2.28 avg_spd=2.10m/s end=collision t=  268.2s
[TRAIN][PPO] ep=035/500 r=  165.28 avg10=  377.96 steps= 638 succ10=0.50 touch10=0.50 col10=0.50 to10=0.00 min_d= 2.28 avg_spd=2.14m/s end=collision t=  273.9s
[TRAIN][PPO] ep=036/500 r=  168.31 avg10=  335.75 steps= 646 succ10=0.40 touch10=0.40 col10=0.60 to10=0.00 min_d= 2.30 avg_spd=2.15m/s end=collision t=  280.1s
[TRAIN][PPO] ep=037/500 r=  165.86 avg10=  293.45 steps= 641 succ10=0.30 touch10=0.30 col10=0.70 to10=0.00 min_d= 2.25 avg_spd=2.11m/s end=collision t=  285.6s
[TRAIN][PPO] ep=038/500 r=  579.54 avg10=  292.63 steps=1415 succ10=0.30 touch10=0.30 col10=0.70 to10=0.00 min_d= 0.30 avg_spd=2.13m/s end=goal t=  298.1s
[TRAIN][PPO] ep=039/500 r=  168.39 avg10=  292.77 steps= 645 succ10=0.30 touch10=0.30 col10=0.70 to10=0.00 min_d= 2.25 avg_spd=2.14m/s end=collision t=  303.7s
[TRAIN][PPO] ep=040/500 r=  161.61 avg10=  292.42 steps= 640 succ10=0.30 touch10=0.30 col10=0.70 to10=0.00 min_d= 2.26 avg_spd=2.14m/s end=collision t=  310.0s
[TRAIN][PPO] ep=041/500 r=  165.78 avg10=  250.29 steps= 644 succ10=0.20 touch10=0.20 col10=0.80 to10=0.00 min_d= 2.26 avg_spd=2.13m/s end=collision t=  315.6s
[TRAIN][PPO] ep=042/500 r=  593.17 avg10=  293.30 steps=1443 succ10=0.30 touch10=0.30 col10=0.70 to10=0.00 min_d= 0.30 avg_spd=2.15m/s end=goal t=  328.3s
[TRAIN][PPO] ep=043/500 r=  167.81 avg10=  250.16 steps= 646 succ10=0.20 touch10=0.20 col10=0.80 to10=0.00 min_d= 2.29 avg_spd=2.14m/s end=collision t=  334.2s
[TRAIN][PPO] ep=044/500 r=  591.78 avg10=  292.75 steps=1438 succ10=0.30 touch10=0.30 col10=0.70 to10=0.00 min_d= 0.30 avg_spd=2.15m/s end=goal t=  348.0s
[TRAIN][PPO] ep=045/500 r=  584.62 avg10=  334.69 steps=1423 succ10=0.40 touch10=0.40 col10=0.60 to10=0.00 min_d= 0.30 avg_spd=2.14m/s end=goal t=  360.6s
[TRAIN][PPO] ep=046/500 r=  585.53 avg10=  376.41 steps=1435 succ10=0.50 touch10=0.50 col10=0.50 to10=0.00 min_d= 0.30 avg_spd=2.12m/s end=goal t=  373.1s
[TRAIN][PPO] ep=047/500 r=  165.84 avg10=  376.41 steps= 646 succ10=0.50 touch10=0.50 col10=0.50 to10=0.00 min_d= 2.30 avg_spd=2.13m/s end=collision t=  378.8s
[TRAIN][PPO] ep=048/500 r=  162.12 avg10=  334.67 steps= 644 succ10=0.40 touch10=0.40 col10=0.60 to10=0.00 min_d= 2.28 avg_spd=2.11m/s end=collision t=  385.4s
[TRAIN][PPO] ep=049/500 r=  162.09 avg10=  334.03 steps= 641 succ10=0.40 touch10=0.40 col10=0.60 to10=0.00 min_d= 2.25 avg_spd=2.11m/s end=collision t=  390.9s
[TRAIN][PPO] ep=050/500 r=  597.19 avg10=  377.59 steps=1459 succ10=0.50 touch10=0.50 col10=0.50 to10=0.00 min_d= 0.30 avg_spd=2.12m/s end=goal t=  403.6s
[TRAIN][PPO] ep=051/500 r=  163.29 avg10=  377.34 steps= 640 succ10=0.50 touch10=0.50 col10=0.50 to10=0.00 min_d= 2.29 avg_spd=2.12m/s end=collision t=  409.2s
[TRAIN][PPO] ep=052/500 r=  582.41 avg10=  376.27 steps=1410 succ10=0.50 touch10=0.50 col10=0.50 to10=0.00 min_d= 0.30 avg_spd=2.13m/s end=goal t=  422.8s
[TRAIN][PPO] ep=053/500 r=  169.12 avg10=  376.40 steps= 648 succ10=0.50 touch10=0.50 col10=0.50 to10=0.00 min_d= 2.31 avg_spd=2.15m/s end=collision t=  428.6s
[TRAIN][PPO] ep=054/500 r=  163.38 avg10=  333.56 steps= 642 succ10=0.40 touch10=0.40 col10=0.60 to10=0.00 min_d= 2.26 avg_spd=2.12m/s end=collision t=  434.3s
[TRAIN][PPO] ep=055/500 r=  161.12 avg10=  291.21 steps= 636 succ10=0.30 touch10=0.30 col10=0.70 to10=0.00 min_d= 2.26 avg_spd=2.13m/s end=collision t=  439.7s
[TRAIN][PPO] ep=056/500 r=  583.42 avg10=  291.00 steps=1414 succ10=0.30 touch10=0.30 col10=0.70 to10=0.00 min_d= 0.30 avg_spd=2.13m/s end=goal t=  453.0s
[TRAIN][PPO] ep=057/500 r=  577.04 avg10=  332.12 steps=1471 succ10=0.40 touch10=0.40 col10=0.60 to10=0.00 min_d= 0.30 avg_spd=2.17m/s end=goal t=  465.9s
[TRAIN][PPO] ep=058/500 r=  162.94 avg10=  332.20 steps= 639 succ10=0.40 touch10=0.40 col10=0.60 to10=0.00 min_d= 2.27 avg_spd=2.12m/s end=collision t=  471.6s
[TRAIN][PPO] ep=059/500 r=  -42.41 avg10=  311.75 steps=  39 succ10=0.40 touch10=0.40 col10=0.60 to10=0.00 min_d= 3.82 avg_spd=2.14m/s end=collision t=  472.0s
[TRAIN][PPO] ep=060/500 r=  592.87 avg10=  311.32 steps=1447 succ10=0.40 touch10=0.40 col10=0.60 to10=0.00 min_d= 0.30 avg_spd=2.13m/s end=goal t=  485.5s
[TRAIN][PPO] ep=061/500 r=  169.31 avg10=  311.92 steps= 650 succ10=0.40 touch10=0.40 col10=0.60 to10=0.00 min_d= 2.29 avg_spd=2.14m/s end=collision t=  491.2s
[TRAIN][PPO] ep=062/500 r=  166.46 avg10=  270.32 steps= 645 succ10=0.30 touch10=0.30 col10=0.70 to10=0.00 min_d= 2.27 avg_spd=2.14m/s end=collision t=  496.9s
[TRAIN][PPO] ep=063/500 r=  596.95 avg10=  313.11 steps=1454 succ10=0.40 touch10=0.40 col10=0.60 to10=0.00 min_d= 0.30 avg_spd=2.11m/s end=goal t=  510.0s
[TRAIN][PPO] ep=064/500 r=  170.18 avg10=  313.79 steps= 652 succ10=0.40 touch10=0.40 col10=0.60 to10=0.00 min_d= 2.29 avg_spd=2.15m/s end=collision t=  516.5s
[TRAIN][PPO] ep=065/500 r=  594.42 avg10=  357.12 steps=1413 succ10=0.50 touch10=0.50 col10=0.50 to10=0.00 min_d= 0.30 avg_spd=2.11m/s end=goal t=  529.0s
[TRAIN][PPO] ep=066/500 r=  599.14 avg10=  358.69 steps=1465 succ10=0.50 touch10=0.50 col10=0.50 to10=0.00 min_d= 0.30 avg_spd=2.12m/s end=goal t=  541.9s
[TRAIN][PPO] ep=067/500 r=  163.10 avg10=  317.30 steps= 646 succ10=0.40 touch10=0.40 col10=0.60 to10=0.00 min_d= 2.31 avg_spd=2.09m/s end=collision t=  547.5s
[TRAIN][PPO] ep=068/500 r=  166.85 avg10=  317.69 steps= 651 succ10=0.40 touch10=0.40 col10=0.60 to10=0.00 min_d= 2.33 avg_spd=2.15m/s end=collision t=  554.0s
[TRAIN][PPO] ep=069/500 r=  583.85 avg10=  380.31 steps=1427 succ10=0.50 touch10=0.50 col10=0.50 to10=0.00 min_d= 0.30 avg_spd=2.15m/s end=goal t=  566.7s
[TRAIN][PPO] ep=070/500 r=  577.72 avg10=  378.80 steps=1400 succ10=0.50 touch10=0.50 col10=0.50 to10=0.00 min_d= 0.30 avg_spd=2.13m/s end=goal t=  579.0s
[TRAIN][PPO] ep=071/500 r=  588.46 avg10=  420.71 steps=1433 succ10=0.60 touch10=0.60 col10=0.40 to10=0.00 min_d= 0.30 avg_spd=2.15m/s end=goal t=  591.9s
[TRAIN][PPO] ep=072/500 r=  589.01 avg10=  462.97 steps=1431 succ10=0.70 touch10=0.70 col10=0.30 to10=0.00 min_d= 0.30 avg_spd=2.14m/s end=goal t=  605.5s
[TRAIN][PPO] ep=073/500 r=  581.75 avg10=  461.45 steps=1422 succ10=0.70 touch10=0.70 col10=0.30 to10=0.00 min_d= 0.30 avg_spd=2.12m/s end=goal t=  618.2s
[TRAIN][PPO] ep=074/500 r=  594.49 avg10=  503.88 steps=1453 succ10=0.80 touch10=0.80 col10=0.20 to10=0.00 min_d= 0.30 avg_spd=2.12m/s end=goal t=  631.6s
[TRAIN][PPO] ep=075/500 r=  584.14 avg10=  502.85 steps=1424 succ10=0.80 touch10=0.80 col10=0.20 to10=0.00 min_d= 0.30 avg_spd=2.11m/s end=goal t=  644.4s
[TRAIN][PPO] ep=076/500 r=  165.54 avg10=  459.49 steps= 642 succ10=0.70 touch10=0.70 col10=0.30 to10=0.00 min_d= 2.23 avg_spd=2.13m/s end=collision t=  650.9s
[TRAIN][PPO] ep=077/500 r=  577.15 avg10=  500.90 steps=1511 succ10=0.80 touch10=0.80 col10=0.20 to10=0.00 min_d= 0.30 avg_spd=2.15m/s end=goal t=  664.3s
[TRAIN][PPO] ep=078/500 r=  594.03 avg10=  543.61 steps=1448 succ10=0.90 touch10=0.90 col10=0.10 to10=0.00 min_d= 0.30 avg_spd=2.13m/s end=goal t=  677.3s
[TRAIN][PPO] ep=079/500 r=  591.23 avg10=  544.35 steps=1441 succ10=0.90 touch10=0.90 col10=0.10 to10=0.00 min_d= 0.30 avg_spd=2.12m/s end=goal t=  690.2s
[TRAIN][PPO] ep=080/500 r=  590.50 avg10=  545.63 steps=1434 succ10=0.90 touch10=0.90 col10=0.10 to10=0.00 min_d= 0.30 avg_spd=2.10m/s end=goal t=  704.1s
[TRAIN][PPO] ep=081/500 r=  168.83 avg10=  503.67 steps= 647 succ10=0.80 touch10=0.80 col10=0.20 to10=0.00 min_d= 2.31 avg_spd=2.15m/s end=collision t=  709.8s
[TRAIN][PPO] ep=082/500 r=  -37.12 avg10=  441.05 steps=  49 succ10=0.70 touch10=0.70 col10=0.30 to10=0.00 min_d= 3.85 avg_spd=1.94m/s end=collision t=  710.3s
[TRAIN][PPO] ep=083/500 r=  584.61 avg10=  441.34 steps=1440 succ10=0.70 touch10=0.70 col10=0.30 to10=0.00 min_d= 0.30 avg_spd=2.13m/s end=goal t=  723.4s
[TRAIN][PPO] ep=084/500 r=  164.01 avg10=  398.29 steps= 639 succ10=0.60 touch10=0.60 col10=0.40 to10=0.00 min_d= 2.24 avg_spd=2.14m/s end=collision t=  729.6s
[TRAIN][PPO] ep=085/500 r=  594.73 avg10=  399.35 steps=1451 succ10=0.60 touch10=0.60 col10=0.40 to10=0.00 min_d= 0.30 avg_spd=2.14m/s end=goal t=  742.6s
[TRAIN][PPO] ep=086/500 r=  586.13 avg10=  441.41 steps=1421 succ10=0.70 touch10=0.70 col10=0.30 to10=0.00 min_d= 0.30 avg_spd=2.10m/s end=goal t=  755.1s
[TRAIN][PPO] ep=087/500 r=  591.65 avg10=  442.86 steps=1448 succ10=0.70 touch10=0.70 col10=0.30 to10=0.00 min_d= 0.30 avg_spd=2.14m/s end=goal t=  768.1s
[TRAIN][PPO] ep=088/500 r=  166.50 avg10=  400.11 steps= 640 succ10=0.60 touch10=0.60 col10=0.40 to10=0.00 min_d= 2.26 avg_spd=2.14m/s end=collision t=  774.8s
[TRAIN][PPO] ep=089/500 r=  585.63 avg10=  399.55 steps=1416 succ10=0.60 touch10=0.60 col10=0.40 to10=0.00 min_d= 0.30 avg_spd=2.14m/s end=goal t=  787.7s
[TRAIN][PPO] ep=090/500 r=  164.94 avg10=  356.99 steps= 632 succ10=0.50 touch10=0.50 col10=0.50 to10=0.00 min_d= 2.23 avg_spd=2.14m/s end=collision t=  793.3s
[TRAIN][PPO] ep=091/500 r=  577.61 avg10=  397.87 steps=1402 succ10=0.60 touch10=0.60 col10=0.40 to10=0.00 min_d= 0.30 avg_spd=2.13m/s end=goal t=  805.8s
[TRAIN][PPO] ep=092/500 r=  163.40 avg10=  417.92 steps= 631 succ10=0.60 touch10=0.60 col10=0.40 to10=0.00 min_d= 2.25 avg_spd=2.12m/s end=collision t=  812.3s
[TRAIN][PPO] ep=093/500 r=  579.67 avg10=  417.43 steps=1404 succ10=0.60 touch10=0.60 col10=0.40 to10=0.00 min_d= 0.30 avg_spd=2.13m/s end=goal t=  824.8s
[TRAIN][PPO] ep=094/500 r=  162.48 avg10=  417.27 steps= 642 succ10=0.60 touch10=0.60 col10=0.40 to10=0.00 min_d= 2.32 avg_spd=2.11m/s end=collision t=  830.4s
[TRAIN][PPO] ep=095/500 r=  590.73 avg10=  416.87 steps=1443 succ10=0.60 touch10=0.60 col10=0.40 to10=0.00 min_d= 0.30 avg_spd=2.14m/s end=goal t=  843.2s
[TRAIN][PPO] ep=096/500 r=  584.47 avg10=  416.71 steps=1415 succ10=0.60 touch10=0.60 col10=0.40 to10=0.00 min_d= 0.30 avg_spd=2.15m/s end=goal t=  857.0s
[TRAIN][PPO] ep=097/500 r=  593.35 avg10=  416.88 steps=1445 succ10=0.60 touch10=0.60 col10=0.40 to10=0.00 min_d= 0.30 avg_spd=2.14m/s end=goal t=  869.8s
[TRAIN][PPO] ep=098/500 r=  574.12 avg10=  457.64 steps=1499 succ10=0.70 touch10=0.70 col10=0.30 to10=0.00 min_d= 0.30 avg_spd=2.14m/s end=goal t=  883.2s
[TRAIN][PPO] ep=099/500 r=  164.31 avg10=  415.51 steps= 640 succ10=0.60 touch10=0.60 col10=0.40 to10=0.00 min_d= 2.23 avg_spd=2.13m/s end=collision t=  888.9s
[TRAIN][PPO] ep=100/500 r=  577.24 avg10=  456.74 steps=1405 succ10=0.70 touch10=0.70 col10=0.30 to10=0.00 min_d= 0.30 avg_spd=2.14m/s end=goal t=  902.0s ckpt=latest
[TRAIN][PPO] ep=101/500 r=  592.83 avg10=  458.26 steps=1451 succ10=0.70 touch10=0.70 col10=0.30 to10=0.00 min_d= 0.30 avg_spd=2.14m/s end=goal t=  914.8s
[TRAIN][PPO] ep=102/500 r=  587.43 avg10=  500.66 steps=1429 succ10=0.80 touch10=0.80 col10=0.20 to10=0.00 min_d= 0.30 avg_spd=2.16m/s end=goal t=  927.4s
[TRAIN][PPO] ep=103/500 r=  577.27 avg10=  500.42 steps=1529 succ10=0.80 touch10=0.80 col10=0.20 to10=0.00 min_d= 0.30 avg_spd=2.15m/s end=goal t=  941.0s
[TRAIN][PPO] ep=104/500 r=  591.36 avg10=  543.31 steps=1444 succ10=0.90 touch10=0.90 col10=0.10 to10=0.00 min_d= 0.30 avg_spd=2.14m/s end=goal t=  955.1s
[TRAIN][PPO] ep=105/500 r=  588.48 avg10=  543.09 steps=1435 succ10=0.90 touch10=0.90 col10=0.10 to10=0.00 min_d= 0.30 avg_spd=2.15m/s end=goal t=  968.1s
[TRAIN][PPO] ep=106/500 r=  581.12 avg10=  542.75 steps=1411 succ10=0.90 touch10=0.90 col10=0.10 to10=0.00 min_d= 0.30 avg_spd=2.13m/s end=goal t=  981.0s
[TRAIN][PPO] ep=107/500 r=  599.31 avg10=  543.35 steps=1454 succ10=0.90 touch10=0.90 col10=0.10 to10=0.00 min_d= 0.30 avg_spd=2.12m/s end=goal t=  993.8s ckpt=best_goal
[TRAIN][PPO] ep=108/500 r=  587.22 avg10=  544.66 steps=1422 succ10=0.90 touch10=0.90 col10=0.10 to10=0.00 min_d= 0.30 avg_spd=2.16m/s end=goal t= 1007.5s
[TRAIN][PPO] ep=109/500 r=  584.54 avg10=  586.68 steps=1421 succ10=1.00 touch10=1.00 col10=0.00 to10=0.00 min_d= 0.30 avg_spd=2.13m/s end=goal t= 1020.6s
[TRAIN][PPO] ep=110/500 r=  571.70 avg10=  586.13 steps=1523 succ10=1.00 touch10=1.00 col10=0.00 to10=0.00 min_d= 0.30 avg_spd=2.14m/s end=goal t= 1034.1s
[TRAIN][PPO] ep=111/500 r=  585.11 avg10=  585.36 steps=1439 succ10=1.00 touch10=1.00 col10=0.00 to10=0.00 min_d= 0.30 avg_spd=2.12m/s end=goal t= 1046.9s
[TRAIN][PPO] ep=112/500 r=  590.06 avg10=  585.62 steps=1438 succ10=1.00 touch10=1.00 col10=0.00 to10=0.00 min_d= 0.30 avg_spd=2.14m/s end=goal t= 1060.8s
[TRAIN][PPO] ep=113/500 r=  595.24 avg10=  587.42 steps=1463 succ10=1.00 touch10=1.00 col10=0.00 to10=0.00 min_d= 0.30 avg_spd=2.12m/s end=goal t= 1073.7s
[TRAIN][PPO] ep=114/500 r=  586.17 avg10=  586.90 steps=1428 succ10=1.00 touch10=1.00 col10=0.00 to10=0.00 min_d= 0.30 avg_spd=2.14m/s end=goal t= 1086.5s
[TRAIN][PPO] ep=115/500 r=  169.40 avg10=  544.99 steps= 655 succ10=0.90 touch10=0.90 col10=0.10 to10=0.00 min_d= 2.34 avg_spd=2.11m/s end=collision t= 1092.4s
[TRAIN][PPO] ep=116/500 r=  584.57 avg10=  545.33 steps=1430 succ10=0.90 touch10=0.90 col10=0.10 to10=0.00 min_d= 0.30 avg_spd=2.13m/s end=goal t= 1106.0s
[TRAIN][PPO] ep=117/500 r=  593.13 avg10=  544.72 steps=1444 succ10=0.90 touch10=0.90 col10=0.10 to10=0.00 min_d= 0.30 avg_spd=2.14m/s end=goal t= 1118.5s
[TRAIN][PPO] ep=118/500 r=  584.89 avg10=  544.48 steps=1422 succ10=0.90 touch10=0.90 col10=0.10 to10=0.00 min_d= 0.30 avg_spd=2.14m/s end=goal t= 1130.9s
[TRAIN][PPO] ep=119/500 r=  590.39 avg10=  545.07 steps=1459 succ10=0.90 touch10=0.90 col10=0.10 to10=0.00 min_d= 0.30 avg_spd=2.13m/s end=goal t= 1143.1s
[TRAIN][PPO] ep=120/500 r=  587.93 avg10=  546.69 steps=1435 succ10=0.90 touch10=0.90 col10=0.10 to10=0.00 min_d= 0.30 avg_spd=2.15m/s end=goal t= 1156.5s
[TRAIN][PPO] ep=121/500 r=  583.49 avg10=  546.53 steps=1416 succ10=0.90 touch10=0.90 col10=0.10 to10=0.00 min_d= 0.30 avg_spd=2.15m/s end=goal t= 1169.0s
[TRAIN][PPO] ep=122/500 r=  584.24 avg10=  545.95 steps=1427 succ10=0.90 touch10=0.90 col10=0.10 to10=0.00 min_d= 0.30 avg_spd=2.12m/s end=goal t= 1181.6s
[TRAIN][PPO] ep=123/500 r=  163.85 avg10=  502.81 steps= 633 succ10=0.80 touch10=0.80 col10=0.20 to10=0.00 min_d= 2.29 avg_spd=2.12m/s end=collision t= 1187.2s
[TRAIN][PPO] ep=124/500 r=  585.74 avg10=  502.76 steps=1419 succ10=0.80 touch10=0.80 col10=0.20 to10=0.00 min_d= 0.30 avg_spd=2.12m/s end=goal t= 1200.7s
[TRAIN][PPO] ep=125/500 r=  590.53 avg10=  544.88 steps=1450 succ10=0.90 touch10=0.90 col10=0.10 to10=0.00 min_d= 0.30 avg_spd=2.14m/s end=goal t= 1213.6s
[TRAIN][PPO] ep=126/500 r=  583.27 avg10=  544.75 steps=1426 succ10=0.90 touch10=0.90 col10=0.10 to10=0.00 min_d= 0.30 avg_spd=2.15m/s end=goal t= 1226.3s
[TRAIN][PPO] ep=127/500 r=  583.66 avg10=  543.80 steps=1419 succ10=0.90 touch10=0.90 col10=0.10 to10=0.00 min_d= 0.30 avg_spd=2.15m/s end=goal t= 1238.6s
[TRAIN][PPO] ep=128/500 r=  575.75 avg10=  542.88 steps=1402 succ10=0.90 touch10=0.90 col10=0.10 to10=0.00 min_d= 0.30 avg_spd=2.15m/s end=goal t= 1251.7s
[TRAIN][PPO] ep=129/500 r=  593.31 avg10=  543.18 steps=1440 succ10=0.90 touch10=0.90 col10=0.10 to10=0.00 min_d= 0.30 avg_spd=2.14m/s end=goal t= 1264.2s
[TRAIN][PPO] ep=130/500 r=  595.14 avg10=  543.90 steps=1449 succ10=0.90 touch10=0.90 col10=0.10 to10=0.00 min_d= 0.30 avg_spd=2.14m/s end=goal t= 1277.0s
[TRAIN][PPO] ep=131/500 r=  577.83 avg10=  543.33 steps=1418 succ10=0.90 touch10=0.90 col10=0.10 to10=0.00 min_d= 0.30 avg_spd=2.13m/s end=goal t= 1289.4s
[TRAIN][PPO] ep=132/500 r=  571.91 avg10=  542.10 steps=1491 succ10=0.90 touch10=0.90 col10=0.10 to10=0.00 min_d= 0.30 avg_spd=2.15m/s end=goal t= 1303.5s
[TRAIN][PPO] ep=133/500 r=  588.88 avg10=  584.60 steps=1435 succ10=1.00 touch10=1.00 col10=0.00 to10=0.00 min_d= 0.30 avg_spd=2.14m/s end=goal t= 1316.4s
[TRAIN][PPO] ep=134/500 r=  167.91 avg10=  542.82 steps= 648 succ10=0.90 touch10=0.90 col10=0.10 to10=0.00 min_d= 2.32 avg_spd=2.14m/s end=collision t= 1322.3s
[TRAIN][PPO] ep=135/500 r=  589.37 avg10=  542.70 steps=1428 succ10=0.90 touch10=0.90 col10=0.10 to10=0.00 min_d= 0.30 avg_spd=2.13m/s end=goal t= 1334.6s
[TRAIN][PPO] ep=136/500 r=  565.87 avg10=  540.96 steps=1462 succ10=0.90 touch10=0.90 col10=0.10 to10=0.00 min_d= 0.30 avg_spd=2.16m/s end=goal t= 1348.5s
[TRAIN][PPO] ep=137/500 r=  164.01 avg10=  499.00 steps= 651 succ10=0.80 touch10=0.80 col10=0.20 to10=0.00 min_d= 2.33 avg_spd=2.10m/s end=collision t= 1354.2s
[TRAIN][PPO] ep=138/500 r=  574.70 avg10=  498.89 steps=1483 succ10=0.80 touch10=0.80 col10=0.20 to10=0.00 min_d= 0.30 avg_spd=2.16m/s end=goal t= 1367.1s
[TRAIN][PPO] ep=139/500 r=  592.59 avg10=  498.82 steps=1439 succ10=0.80 touch10=0.80 col10=0.20 to10=0.00 min_d= 0.30 avg_spd=2.15m/s end=goal t= 1379.7s
[TRAIN][PPO] ep=140/500 r=  578.82 avg10=  497.19 steps=1410 succ10=0.80 touch10=0.80 col10=0.20 to10=0.00 min_d= 0.30 avg_spd=2.13m/s end=goal t= 1392.9s
[TRAIN][PPO] ep=141/500 r=  588.88 avg10=  498.29 steps=1431 succ10=0.80 touch10=0.80 col10=0.20 to10=0.00 min_d= 0.30 avg_spd=2.16m/s end=goal t= 1405.5s
[TRAIN][PPO] ep=142/500 r=  573.89 avg10=  498.49 steps=1391 succ10=0.80 touch10=0.80 col10=0.20 to10=0.00 min_d= 0.30 avg_spd=2.15m/s end=goal t= 1417.9s
[TRAIN][PPO] ep=143/500 r=  587.72 avg10=  498.38 steps=1425 succ10=0.80 touch10=0.80 col10=0.20 to10=0.00 min_d= 0.30 avg_spd=2.15m/s end=goal t= 1430.7s
[TRAIN][PPO] ep=144/500 r=  590.28 avg10=  540.61 steps=1439 succ10=0.90 touch10=0.90 col10=0.10 to10=0.00 min_d= 0.30 avg_spd=2.14m/s end=goal t= 1444.5s
[TRAIN][PPO] ep=145/500 r=  590.82 avg10=  540.76 steps=1436 succ10=0.90 touch10=0.90 col10=0.10 to10=0.00 min_d= 0.30 avg_spd=2.13m/s end=goal t= 1457.1s
[TRAIN][PPO] ep=146/500 r=  584.36 avg10=  542.61 steps=1413 succ10=0.90 touch10=0.90 col10=0.10 to10=0.00 min_d= 0.30 avg_spd=2.13m/s end=goal t= 1469.6s
[TRAIN][PPO] ep=147/500 r=  582.66 avg10=  584.47 steps=1419 succ10=1.00 touch10=1.00 col10=0.00 to10=0.00 min_d= 0.30 avg_spd=2.12m/s end=goal t= 1482.0s
[TRAIN][PPO] ep=148/500 r=  165.29 avg10=  543.53 steps= 645 succ10=0.90 touch10=0.90 col10=0.10 to10=0.00 min_d= 2.33 avg_spd=2.13m/s end=collision t= 1489.3s
[TRAIN][PPO] ep=149/500 r=  163.09 avg10=  500.58 steps= 638 succ10=0.80 touch10=0.80 col10=0.20 to10=0.00 min_d= 2.26 avg_spd=2.10m/s end=collision t= 1495.3s
[TRAIN][PPO] ep=150/500 r=  592.03 avg10=  501.90 steps=1444 succ10=0.80 touch10=0.80 col10=0.20 to10=0.00 min_d= 0.30 avg_spd=2.13m/s end=goal t= 1508.5s
[TRAIN][PPO] ep=151/500 r=  595.67 avg10=  502.58 steps=1459 succ10=0.80 touch10=0.80 col10=0.20 to10=0.00 min_d= 0.30 avg_spd=2.13m/s end=goal t= 1521.5s
[TRAIN][PPO] ep=152/500 r=  578.92 avg10=  503.08 steps=1402 succ10=0.80 touch10=0.80 col10=0.20 to10=0.00 min_d= 0.30 avg_spd=2.15m/s end=goal t= 1535.4s
[TRAIN][PPO] ep=153/500 r=  581.81 avg10=  502.49 steps=1407 succ10=0.80 touch10=0.80 col10=0.20 to10=0.00 min_d= 0.30 avg_spd=2.13m/s end=goal t= 1548.1s
[TRAIN][PPO] ep=154/500 r=  591.03 avg10=  502.57 steps=1438 succ10=0.80 touch10=0.80 col10=0.20 to10=0.00 min_d= 0.30 avg_spd=2.13m/s end=goal t= 1560.8s
[TRAIN][PPO] ep=155/500 r=  593.68 avg10=  502.85 steps=1438 succ10=0.80 touch10=0.80 col10=0.20 to10=0.00 min_d= 0.30 avg_spd=2.14m/s end=goal t= 1573.7s
[TRAIN][PPO] ep=156/500 r=  582.35 avg10=  502.65 steps=1412 succ10=0.80 touch10=0.80 col10=0.20 to10=0.00 min_d= 0.30 avg_spd=2.13m/s end=goal t= 1587.7s
[TRAIN][PPO] ep=157/500 r=  578.05 avg10=  502.19 steps=1413 succ10=0.80 touch10=0.80 col10=0.20 to10=0.00 min_d= 0.30 avg_spd=2.13m/s end=goal t= 1600.5s
[TRAIN][PPO] ep=158/500 r=  165.64 avg10=  502.23 steps= 636 succ10=0.80 touch10=0.80 col10=0.20 to10=0.00 min_d= 2.25 avg_spd=2.11m/s end=collision t= 1606.2s
[TRAIN][PPO] ep=159/500 r=  576.40 avg10=  543.56 steps=1401 succ10=0.90 touch10=0.90 col10=0.10 to10=0.00 min_d= 0.30 avg_spd=2.14m/s end=goal t= 1618.8s
[TRAIN][PPO] ep=160/500 r=  581.23 avg10=  542.48 steps=1507 succ10=0.90 touch10=0.90 col10=0.10 to10=0.00 min_d= 0.30 avg_spd=2.14m/s end=goal t= 1633.9s
[TRAIN][PPO] ep=161/500 r=  589.20 avg10=  541.83 steps=1431 succ10=0.90 touch10=0.90 col10=0.10 to10=0.00 min_d= 0.30 avg_spd=2.13m/s end=goal t= 1646.9s
[TRAIN][PPO] ep=162/500 r=  584.31 avg10=  542.37 steps=1449 succ10=0.90 touch10=0.90 col10=0.10 to10=0.00 min_d= 0.30 avg_spd=2.14m/s end=goal t= 1660.0s
[TRAIN][PPO] ep=163/500 r=  585.80 avg10=  542.77 steps=1416 succ10=0.90 touch10=0.90 col10=0.10 to10=0.00 min_d= 0.30 avg_spd=2.14m/s end=goal t= 1672.5s
[TRAIN][PPO] ep=164/500 r=  577.00 avg10=  541.37 steps=1397 succ10=0.90 touch10=0.90 col10=0.10 to10=0.00 min_d= 0.30 avg_spd=2.14m/s end=goal t= 1685.9s
[TRAIN][PPO] ep=165/500 r=  591.69 avg10=  541.17 steps=1439 succ10=0.90 touch10=0.90 col10=0.10 to10=0.00 min_d= 0.30 avg_spd=2.13m/s end=goal t= 1698.9s
[TRAIN][PPO] ep=166/500 r=  589.43 avg10=  541.88 steps=1432 succ10=0.90 touch10=0.90 col10=0.10 to10=0.00 min_d= 0.30 avg_spd=2.15m/s end=goal t= 1711.8s
[TRAIN][PPO] ep=167/500 r=  587.19 avg10=  542.79 steps=1427 succ10=0.90 touch10=0.90 col10=0.10 to10=0.00 min_d= 0.30 avg_spd=2.14m/s end=goal t= 1724.8s
[TRAIN][PPO] ep=168/500 r=  167.98 avg10=  543.02 steps= 648 succ10=0.90 touch10=0.90 col10=0.10 to10=0.00 min_d= 2.31 avg_spd=2.11m/s end=collision t= 1732.1s
[TRAIN][PPO] ep=169/500 r=  591.42 avg10=  544.53 steps=1438 succ10=0.90 touch10=0.90 col10=0.10 to10=0.00 min_d= 0.30 avg_spd=2.15m/s end=goal t= 1745.0s
[TRAIN][PPO] ep=170/500 r=  592.15 avg10=  545.62 steps=1441 succ10=0.90 touch10=0.90 col10=0.10 to10=0.00 min_d= 0.30 avg_spd=2.14m/s end=goal t= 1758.4s
[TRAIN][PPO] ep=171/500 r=  581.95 avg10=  544.89 steps=1413 succ10=0.90 touch10=0.90 col10=0.10 to10=0.00 min_d= 0.30 avg_spd=2.14m/s end=goal t= 1770.9s
[TRAIN][PPO] ep=172/500 r=  585.98 avg10=  545.06 steps=1419 succ10=0.90 touch10=0.90 col10=0.10 to10=0.00 min_d= 0.30 avg_spd=2.16m/s end=goal t= 1784.8s
[TRAIN][PPO] ep=173/500 r=  584.10 avg10=  544.89 steps=1418 succ10=0.90 touch10=0.90 col10=0.10 to10=0.00 min_d= 0.30 avg_spd=2.12m/s end=goal t= 1797.9s
[TRAIN][PPO] ep=174/500 r=  578.36 avg10=  545.03 steps=1520 succ10=0.90 touch10=0.90 col10=0.10 to10=0.00 min_d= 0.30 avg_spd=2.14m/s end=goal t= 1811.4s
[TRAIN][PPO] ep=175/500 r=  587.24 avg10=  544.58 steps=1441 succ10=0.90 touch10=0.90 col10=0.10 to10=0.00 min_d= 0.30 avg_spd=2.13m/s end=goal t= 1824.6s
[TRAIN][PPO] ep=176/500 r=  575.20 avg10=  543.16 steps=1491 succ10=0.90 touch10=0.90 col10=0.10 to10=0.00 min_d= 0.30 avg_spd=2.16m/s end=goal t= 1839.2s
[TRAIN][PPO] ep=177/500 r=  593.11 avg10=  543.75 steps=1441 succ10=0.90 touch10=0.90 col10=0.10 to10=0.00 min_d= 0.30 avg_spd=2.13m/s end=goal t= 1852.4s
[TRAIN][PPO] ep=178/500 r=  590.16 avg10=  585.97 steps=1442 succ10=1.00 touch10=1.00 col10=0.00 to10=0.00 min_d= 0.30 avg_spd=2.14m/s end=goal t= 1866.1s
[TRAIN][PPO] ep=179/500 r=  577.33 avg10=  584.56 steps=1416 succ10=1.00 touch10=1.00 col10=0.00 to10=0.00 min_d= 0.30 avg_spd=2.14m/s end=goal t= 1878.9s
[TRAIN][PPO] ep=180/500 r=  591.77 avg10=  584.52 steps=1441 succ10=1.00 touch10=1.00 col10=0.00 to10=0.00 min_d= 0.30 avg_spd=2.15m/s end=goal t= 1893.2s
[TRAIN][PPO] ep=181/500 r=  559.57 avg10=  582.28 steps=1515 succ10=1.00 touch10=1.00 col10=0.00 to10=0.00 min_d= 0.30 avg_spd=2.15m/s end=goal t= 1906.7s
[TRAIN][PPO] ep=182/500 r=  579.06 avg10=  581.59 steps=1402 succ10=1.00 touch10=1.00 col10=0.00 to10=0.00 min_d= 0.30 avg_spd=2.15m/s end=goal t= 1919.6s
[TRAIN][PPO] ep=183/500 r=  571.52 avg10=  580.33 steps=1526 succ10=1.00 touch10=1.00 col10=0.00 to10=0.00 min_d= 0.30 avg_spd=2.14m/s end=goal t= 1933.3s
[TRAIN][PPO] ep=184/500 r=  585.46 avg10=  581.04 steps=1417 succ10=1.00 touch10=1.00 col10=0.00 to10=0.00 min_d= 0.30 avg_spd=2.15m/s end=goal t= 1947.6s
[TRAIN][PPO] ep=185/500 r=  591.69 avg10=  581.49 steps=1436 succ10=1.00 touch10=1.00 col10=0.00 to10=0.00 min_d= 0.30 avg_spd=2.15m/s end=goal t= 1960.9s
[TRAIN][PPO] ep=186/500 r=  582.93 avg10=  582.26 steps=1416 succ10=1.00 touch10=1.00 col10=0.00 to10=0.00 min_d= 0.30 avg_spd=2.14m/s end=goal t= 1974.1s
[TRAIN][PPO] ep=187/500 r=  589.56 avg10=  581.91 steps=1456 succ10=1.00 touch10=1.00 col10=0.00 to10=0.00 min_d= 0.30 avg_spd=2.14m/s end=goal t= 1987.5s
[TRAIN][PPO] ep=188/500 r=  582.39 avg10=  581.13 steps=1415 succ10=1.00 touch10=1.00 col10=0.00 to10=0.00 min_d= 0.30 avg_spd=2.15m/s end=goal t= 2001.7s
[TRAIN][PPO] ep=189/500 r=  160.05 avg10=  539.40 steps= 632 succ10=0.90 touch10=0.90 col10=0.10 to10=0.00 min_d= 2.28 avg_spd=2.11m/s end=collision t= 2007.3s
[TRAIN][PPO] ep=190/500 r=  -43.73 avg10=  475.85 steps=  25 succ10=0.80 touch10=0.80 col10=0.20 to10=0.00 min_d= 3.84 avg_spd=2.05m/s end=collision t= 2007.6s
[TRAIN][PPO] ep=191/500 r=  592.18 avg10=  479.11 steps=1445 succ10=0.80 touch10=0.80 col10=0.20 to10=0.00 min_d= 0.30 avg_spd=2.12m/s end=goal t= 2021.3s
[TRAIN][PPO] ep=192/500 r=  589.26 avg10=  480.13 steps=1438 succ10=0.80 touch10=0.80 col10=0.20 to10=0.00 min_d= 0.30 avg_spd=2.15m/s end=goal t= 2035.0s
[TRAIN][PPO] ep=193/500 r=  578.53 avg10=  480.83 steps=1401 succ10=0.80 touch10=0.80 col10=0.20 to10=0.00 min_d= 0.30 avg_spd=2.13m/s end=goal t= 2048.2s
[TRAIN][PPO] ep=194/500 r=  584.73 avg10=  480.76 steps=1415 succ10=0.80 touch10=0.80 col10=0.20 to10=0.00 min_d= 0.30 avg_spd=2.14m/s end=goal t= 2061.3s
[TRAIN][PPO] ep=195/500 r=  -32.86 avg10=  418.30 steps= 118 succ10=0.70 touch10=0.70 col10=0.30 to10=0.00 min_d= 3.82 avg_spd=2.15m/s end=collision t= 2062.4s
[TRAIN][PPO] ep=196/500 r=  590.68 avg10=  419.08 steps=1441 succ10=0.70 touch10=0.70 col10=0.30 to10=0.00 min_d= 0.30 avg_spd=2.15m/s end=goal t= 2076.7s
[TRAIN][PPO] ep=197/500 r=  578.42 avg10=  417.97 steps=1395 succ10=0.70 touch10=0.70 col10=0.30 to10=0.00 min_d= 0.30 avg_spd=2.14m/s end=goal t= 2089.4s
[TRAIN][PPO] ep=198/500 r=  590.13 avg10=  418.74 steps=1435 succ10=0.70 touch10=0.70 col10=0.30 to10=0.00 min_d= 0.30 avg_spd=2.14m/s end=goal t= 2102.3s
[TRAIN][PPO] ep=199/500 r=  580.55 avg10=  460.79 steps=1419 succ10=0.80 touch10=0.80 col10=0.20 to10=0.00 min_d= 0.30 avg_spd=2.15m/s end=goal t= 2115.3s
[TRAIN][PPO] ep=200/500 r=  590.21 avg10=  524.18 steps=1434 succ10=0.90 touch10=0.90 col10=0.10 to10=0.00 min_d= 0.30 avg_spd=2.15m/s end=goal t= 2129.3s ckpt=latest
[TRAIN][PPO] ep=201/500 r=  592.29 avg10=  524.19 steps=1438 succ10=0.90 touch10=0.90 col10=0.10 to10=0.00 min_d= 0.30 avg_spd=2.15m/s end=goal t= 2142.4s
[TRAIN][PPO] ep=202/500 r=  589.09 avg10=  524.18 steps=1424 succ10=0.90 touch10=0.90 col10=0.10 to10=0.00 min_d= 0.30 avg_spd=2.15m/s end=goal t= 2155.4s
[TRAIN][PPO] ep=203/500 r=  590.15 avg10=  525.34 steps=1430 succ10=0.90 touch10=0.90 col10=0.10 to10=0.00 min_d= 0.30 avg_spd=2.13m/s end=goal t= 2168.2s
[TRAIN][PPO] ep=204/500 r=  -44.14 avg10=  462.45 steps=  27 succ10=0.80 touch10=0.80 col10=0.20 to10=0.00 min_d= 3.83 avg_spd=2.16m/s end=collision t= 2169.2s
[TRAIN][PPO] ep=205/500 r=  586.66 avg10=  524.40 steps=1426 succ10=0.90 touch10=0.90 col10=0.10 to10=0.00 min_d= 0.30 avg_spd=2.14m/s end=goal t= 2182.1s
[TRAIN][PPO] ep=206/500 r=  586.06 avg10=  523.94 steps=1424 succ10=0.90 touch10=0.90 col10=0.10 to10=0.00 min_d= 0.30 avg_spd=2.15m/s end=goal t= 2194.7s
[TRAIN][PPO] ep=207/500 r=  582.40 avg10=  524.34 steps=1416 succ10=0.90 touch10=0.90 col10=0.10 to10=0.00 min_d= 0.30 avg_spd=2.13m/s end=goal t= 2207.8s
[TRAIN][PPO] ep=208/500 r=  578.24 avg10=  523.15 steps=1409 succ10=0.90 touch10=0.90 col10=0.10 to10=0.00 min_d= 0.30 avg_spd=2.12m/s end=goal t= 2222.0s
[TRAIN][PPO] ep=209/500 r=  -36.77 avg10=  461.42 steps=  49 succ10=0.80 touch10=0.80 col10=0.20 to10=0.00 min_d= 3.83 avg_spd=1.83m/s end=collision t= 2222.5s
[TRAIN][PPO] ep=210/500 r=  596.80 avg10=  462.08 steps=1453 succ10=0.80 touch10=0.80 col10=0.20 to10=0.00 min_d= 0.30 avg_spd=2.13m/s end=goal t= 2235.8s
[TRAIN][PPO] ep=211/500 r=  163.64 avg10=  419.21 steps= 642 succ10=0.70 touch10=0.70 col10=0.30 to10=0.00 min_d= 2.29 avg_spd=2.13m/s end=collision t= 2241.9s
[TRAIN][PPO] ep=212/500 r=  589.52 avg10=  419.26 steps=1429 succ10=0.70 touch10=0.70 col10=0.30 to10=0.00 min_d= 0.30 avg_spd=2.16m/s end=goal t= 2256.0s
[TRAIN][PPO] ep=213/500 r=  164.39 avg10=  376.68 steps= 639 succ10=0.60 touch10=0.60 col10=0.40 to10=0.00 min_d= 2.26 avg_spd=2.14m/s end=collision t= 2261.8s
[TRAIN][PPO] ep=214/500 r=  163.43 avg10=  397.44 steps= 636 succ10=0.60 touch10=0.60 col10=0.40 to10=0.00 min_d= 2.25 avg_spd=2.12m/s end=collision t= 2267.5s
[TRAIN][PPO] ep=215/500 r=  166.75 avg10=  355.45 steps= 646 succ10=0.50 touch10=0.50 col10=0.50 to10=0.00 min_d= 2.31 avg_spd=2.16m/s end=collision t= 2273.3s
[TRAIN][PPO] ep=216/500 r=  162.14 avg10=  313.06 steps= 636 succ10=0.40 touch10=0.40 col10=0.60 to10=0.00 min_d= 2.25 avg_spd=2.14m/s end=collision t= 2279.7s
[TRAIN][PPO] ep=217/500 r=  586.05 avg10=  313.42 steps=1414 succ10=0.40 touch10=0.40 col10=0.60 to10=0.00 min_d= 0.30 avg_spd=2.13m/s end=goal t= 2292.5s
[TRAIN][PPO] ep=218/500 r=  162.36 avg10=  271.83 steps= 638 succ10=0.30 touch10=0.30 col10=0.70 to10=0.00 min_d= 2.25 avg_spd=2.13m/s end=collision t= 2298.4s
[TRAIN][PPO] ep=219/500 r=  588.07 avg10=  334.32 steps=1448 succ10=0.40 touch10=0.40 col10=0.60 to10=0.00 min_d= 0.30 avg_spd=2.15m/s end=goal t= 2311.6s
[TRAIN][PPO] ep=220/500 r=  166.14 avg10=  291.25 steps= 655 succ10=0.30 touch10=0.30 col10=0.70 to10=0.00 min_d= 2.31 avg_spd=2.10m/s end=collision t= 2318.5s
[TRAIN][PPO] ep=221/500 r=  588.20 avg10=  333.71 steps=1426 succ10=0.40 touch10=0.40 col10=0.60 to10=0.00 min_d= 0.30 avg_spd=2.15m/s end=goal t= 2331.6s
[TRAIN][PPO] ep=222/500 r=  579.87 avg10=  332.74 steps=1399 succ10=0.40 touch10=0.40 col10=0.60 to10=0.00 min_d= 0.30 avg_spd=2.15m/s end=goal t= 2344.6s
[TRAIN][PPO] ep=223/500 r=  583.20 avg10=  374.62 steps=1407 succ10=0.50 touch10=0.50 col10=0.50 to10=0.00 min_d= 0.30 avg_spd=2.14m/s end=goal t= 2357.3s
[TRAIN][PPO] ep=224/500 r=  580.12 avg10=  416.29 steps=1403 succ10=0.60 touch10=0.60 col10=0.40 to10=0.00 min_d= 0.30 avg_spd=2.15m/s end=goal t= 2371.1s
[TRAIN][PPO] ep=225/500 r=  582.99 avg10=  457.91 steps=1409 succ10=0.70 touch10=0.70 col10=0.30 to10=0.00 min_d= 0.30 avg_spd=2.14m/s end=goal t= 2383.9s
[TRAIN][PPO] ep=226/500 r=  167.81 avg10=  458.48 steps= 652 succ10=0.70 touch10=0.70 col10=0.30 to10=0.00 min_d= 2.34 avg_spd=2.13m/s end=collision t= 2389.7s
[TRAIN][PPO] ep=227/500 r=  164.03 avg10=  416.28 steps= 645 succ10=0.60 touch10=0.60 col10=0.40 to10=0.00 min_d= 2.30 avg_spd=2.16m/s end=collision t= 2395.7s
[TRAIN][PPO] ep=228/500 r=  587.65 avg10=  458.81 steps=1427 succ10=0.70 touch10=0.70 col10=0.30 to10=0.00 min_d= 0.30 avg_spd=2.16m/s end=goal t= 2409.2s
[TRAIN][PPO] ep=229/500 r=  163.35 avg10=  416.34 steps= 642 succ10=0.60 touch10=0.60 col10=0.40 to10=0.00 min_d= 2.31 avg_spd=2.11m/s end=collision t= 2415.2s
[TRAIN][PPO] ep=230/500 r=  161.83 avg10=  415.91 steps= 640 succ10=0.60 touch10=0.60 col10=0.40 to10=0.00 min_d= 2.25 avg_spd=2.14m/s end=collision t= 2421.1s
[TRAIN][PPO] ep=231/500 r=  586.90 avg10=  415.78 steps=1416 succ10=0.60 touch10=0.60 col10=0.40 to10=0.00 min_d= 0.30 avg_spd=2.14m/s end=goal t= 2434.2s
[TRAIN][PPO] ep=232/500 r=  592.11 avg10=  417.00 steps=1437 succ10=0.60 touch10=0.60 col10=0.40 to10=0.00 min_d= 0.30 avg_spd=2.14m/s end=goal t= 2448.0s
[TRAIN][PPO] ep=233/500 r=  162.66 avg10=  374.95 steps= 646 succ10=0.50 touch10=0.50 col10=0.50 to10=0.00 min_d= 2.30 avg_spd=2.07m/s end=collision t= 2453.8s
[TRAIN][PPO] ep=234/500 r=  596.37 avg10=  376.57 steps=1451 succ10=0.50 touch10=0.50 col10=0.50 to10=0.00 min_d= 0.30 avg_spd=2.13m/s end=goal t= 2466.9s
[TRAIN][PPO] ep=235/500 r=  -29.07 avg10=  315.37 steps= 136 succ10=0.40 touch10=0.40 col10=0.60 to10=0.00 min_d= 3.82 avg_spd=2.11m/s end=collision t= 2468.1s
[TRAIN][PPO] ep=236/500 r=  168.67 avg10=  315.45 steps= 661 succ10=0.40 touch10=0.40 col10=0.60 to10=0.00 min_d= 2.35 avg_spd=2.11m/s end=collision t= 2474.6s
[TRAIN][PPO] ep=237/500 r=  583.26 avg10=  357.37 steps=1413 succ10=0.50 touch10=0.50 col10=0.50 to10=0.00 min_d= 0.30 avg_spd=2.14m/s end=goal t= 2487.8s
[TRAIN][PPO] ep=238/500 r=  594.78 avg10=  358.09 steps=1440 succ10=0.50 touch10=0.50 col10=0.50 to10=0.00 min_d= 0.30 avg_spd=2.13m/s end=goal t= 2500.9s
[TRAIN][PPO] ep=239/500 r=  585.83 avg10=  400.34 steps=1424 succ10=0.60 touch10=0.60 col10=0.40 to10=0.00 min_d= 0.30 avg_spd=2.14m/s end=goal t= 2514.1s
[TRAIN][PPO] ep=240/500 r=  556.45 avg10=  439.80 steps=1522 succ10=0.70 touch10=0.70 col10=0.30 to10=0.00 min_d= 0.30 avg_spd=2.14m/s end=goal t= 2528.6s
[TRAIN][PPO] ep=241/500 r=  580.55 avg10=  439.16 steps=1409 succ10=0.70 touch10=0.70 col10=0.30 to10=0.00 min_d= 0.30 avg_spd=2.12m/s end=goal t= 2541.5s
[TRAIN][PPO] ep=242/500 r=  582.19 avg10=  438.17 steps=1420 succ10=0.70 touch10=0.70 col10=0.30 to10=0.00 min_d= 0.30 avg_spd=2.13m/s end=goal t= 2554.2s
[TRAIN][PPO] ep=243/500 r=  165.86 avg10=  438.49 steps= 650 succ10=0.70 touch10=0.70 col10=0.30 to10=0.00 min_d= 2.32 avg_spd=2.11m/s end=collision t= 2560.2s
[TRAIN][PPO] ep=244/500 r=  164.70 avg10=  395.32 steps= 648 succ10=0.60 touch10=0.60 col10=0.40 to10=0.00 min_d= 2.30 avg_spd=2.14m/s end=collision t= 2567.6s
[TRAIN][PPO] ep=245/500 r=  163.60 avg10=  414.59 steps= 641 succ10=0.60 touch10=0.60 col10=0.40 to10=0.00 min_d= 2.29 avg_spd=2.11m/s end=collision t= 2573.5s
[TRAIN][PPO] ep=246/500 r=  581.74 avg10=  455.90 steps=1486 succ10=0.70 touch10=0.70 col10=0.30 to10=0.00 min_d= 0.30 avg_spd=2.16m/s end=goal t= 2586.7s
[TRAIN][PPO] ep=247/500 r=  -44.58 avg10=  393.11 steps=  22 succ10=0.60 touch10=0.60 col10=0.40 to10=0.00 min_d= 3.84 avg_spd=2.10m/s end=collision t= 2587.0s
[TRAIN][PPO] ep=248/500 r=  161.42 avg10=  349.78 steps= 650 succ10=0.50 touch10=0.50 col10=0.50 to10=0.00 min_d= 2.29 avg_spd=2.12m/s end=collision t= 2593.3s
[TRAIN][PPO] ep=249/500 r=  583.32 avg10=  349.52 steps=1417 succ10=0.50 touch10=0.50 col10=0.50 to10=0.00 min_d= 0.30 avg_spd=2.13m/s end=goal t= 2606.1s
[TRAIN][PPO] ep=250/500 r=  586.91 avg10=  352.57 steps=1443 succ10=0.50 touch10=0.50 col10=0.50 to10=0.00 min_d= 0.30 avg_spd=2.14m/s end=goal t= 2619.2s
[TRAIN][PPO] ep=251/500 r=  584.25 avg10=  352.94 steps=1422 succ10=0.50 touch10=0.50 col10=0.50 to10=0.00 min_d= 0.30 avg_spd=2.13m/s end=goal t= 2631.9s
[TRAIN][PPO] ep=252/500 r=  164.47 avg10=  311.17 steps= 664 succ10=0.40 touch10=0.40 col10=0.60 to10=0.00 min_d= 2.35 avg_spd=2.07m/s end=collision t= 2639.1s
[TRAIN][PPO] ep=253/500 r=  588.29 avg10=  353.41 steps=1428 succ10=0.50 touch10=0.50 col10=0.50 to10=0.00 min_d= 0.30 avg_spd=2.15m/s end=goal t= 2651.8s
[TRAIN][PPO] ep=254/500 r=   63.07 avg10=  343.25 steps= 358 succ10=0.50 touch10=0.50 col10=0.50 to10=0.00 min_d= 3.07 avg_spd=2.11m/s end=collision t= 2654.9s
[TRAIN][PPO] ep=255/500 r=  577.24 avg10=  384.61 steps=1400 succ10=0.60 touch10=0.60 col10=0.40 to10=0.00 min_d= 0.30 avg_spd=2.13m/s end=goal t= 2667.2s
[TRAIN][PPO] ep=256/500 r=  573.04 avg10=  383.74 steps=1391 succ10=0.60 touch10=0.60 col10=0.40 to10=0.00 min_d= 0.30 avg_spd=2.15m/s end=goal t= 2680.5s
[TRAIN][PPO] ep=257/500 r=  575.47 avg10=  445.75 steps=1491 succ10=0.70 touch10=0.70 col10=0.30 to10=0.00 min_d= 0.30 avg_spd=2.15m/s end=goal t= 2693.9s
[TRAIN][PPO] ep=258/500 r=  578.84 avg10=  487.49 steps=1391 succ10=0.80 touch10=0.80 col10=0.20 to10=0.00 min_d= 0.30 avg_spd=2.14m/s end=goal t= 2706.3s
[TRAIN][PPO] ep=259/500 r=  585.86 avg10=  487.74 steps=1430 succ10=0.80 touch10=0.80 col10=0.20 to10=0.00 min_d= 0.30 avg_spd=2.13m/s end=goal t= 2719.2s
[TRAIN][PPO] ep=260/500 r=  589.03 avg10=  487.96 steps=1441 succ10=0.80 touch10=0.80 col10=0.20 to10=0.00 min_d= 0.30 avg_spd=2.15m/s end=goal t= 2733.0s
[TRAIN][PPO] ep=261/500 r=  -42.02 avg10=  425.33 steps=  32 succ10=0.70 touch10=0.70 col10=0.30 to10=0.00 min_d= 3.84 avg_spd=2.14m/s end=collision t= 2733.4s
[TRAIN][PPO] ep=262/500 r=  595.84 avg10=  468.47 steps=1447 succ10=0.80 touch10=0.80 col10=0.20 to10=0.00 min_d= 0.30 avg_spd=2.11m/s end=goal t= 2746.4s
[TRAIN][PPO] ep=263/500 r=  166.96 avg10=  426.33 steps= 661 succ10=0.70 touch10=0.70 col10=0.30 to10=0.00 min_d= 2.35 avg_spd=2.11m/s end=collision t= 2752.5s
[TRAIN][PPO] ep=264/500 r=  158.47 avg10=  435.87 steps= 648 succ10=0.70 touch10=0.70 col10=0.30 to10=0.00 min_d= 2.31 avg_spd=2.12m/s end=collision t= 2759.4s
[TRAIN][PPO] ep=265/500 r=  162.43 avg10=  394.39 steps= 647 succ10=0.60 touch10=0.60 col10=0.40 to10=0.00 min_d= 2.27 avg_spd=2.09m/s end=collision t= 2765.2s
[TRAIN][PPO] ep=266/500 r=  578.36 avg10=  394.92 steps=1512 succ10=0.60 touch10=0.60 col10=0.40 to10=0.00 min_d= 0.30 avg_spd=2.14m/s end=goal t= 2778.8s
[TRAIN][PPO] ep=267/500 r=  163.50 avg10=  353.73 steps= 649 succ10=0.50 touch10=0.50 col10=0.50 to10=0.00 min_d= 2.32 avg_spd=2.09m/s end=collision t= 2784.6s
[TRAIN][PPO] ep=268/500 r=  161.21 avg10=  311.96 steps= 643 succ10=0.40 touch10=0.40 col10=0.60 to10=0.00 min_d= 2.27 avg_spd=2.13m/s end=collision t= 2791.0s
[TRAIN][PPO] ep=269/500 r=  585.39 avg10=  311.92 steps=1425 succ10=0.40 touch10=0.40 col10=0.60 to10=0.00 min_d= 0.30 avg_spd=2.15m/s end=goal t= 2803.6s
[TRAIN][PPO] ep=270/500 r=  165.93 avg10=  269.61 steps= 653 succ10=0.30 touch10=0.30 col10=0.70 to10=0.00 min_d= 2.33 avg_spd=2.11m/s end=collision t= 2809.4s
[TRAIN][PPO] ep=271/500 r=  -39.97 avg10=  269.81 steps=  36 succ10=0.30 touch10=0.30 col10=0.70 to10=0.00 min_d= 3.84 avg_spd=1.60m/s end=collision t= 2809.8s
[TRAIN][PPO] ep=272/500 r=  166.31 avg10=  226.86 steps= 653 succ10=0.20 touch10=0.20 col10=0.80 to10=0.00 min_d= 2.30 avg_spd=2.15m/s end=collision t= 2816.5s
[TRAIN][PPO] ep=273/500 r=  565.08 avg10=  266.67 steps=1484 succ10=0.30 touch10=0.30 col10=0.70 to10=0.00 min_d= 0.30 avg_spd=2.16m/s end=goal t= 2829.6s
[TRAIN][PPO] ep=274/500 r=  161.46 avg10=  266.97 steps= 657 succ10=0.30 touch10=0.30 col10=0.70 to10=0.00 min_d= 2.35 avg_spd=2.08m/s end=collision t= 2835.4s
[TRAIN][PPO] ep=275/500 r=  160.47 avg10=  266.77 steps= 638 succ10=0.30 touch10=0.30 col10=0.70 to10=0.00 min_d= 2.25 avg_spd=2.14m/s end=collision t= 2841.1s
[TRAIN][PPO] ep=276/500 r=  161.96 avg10=  225.13 steps= 644 succ10=0.20 touch10=0.20 col10=0.80 to10=0.00 min_d= 2.28 avg_spd=2.11m/s end=collision t= 2847.7s
[TRAIN][PPO] ep=277/500 r=  168.95 avg10=  225.68 steps= 654 succ10=0.20 touch10=0.20 col10=0.80 to10=0.00 min_d= 2.31 avg_spd=2.15m/s end=collision t= 2853.5s
[TRAIN][PPO] ep=278/500 r=  161.92 avg10=  225.75 steps= 642 succ10=0.20 touch10=0.20 col10=0.80 to10=0.00 min_d= 2.24 avg_spd=2.15m/s end=collision t= 2859.2s
[TRAIN][PPO] ep=279/500 r=  590.60 avg10=  226.27 steps=1435 succ10=0.20 touch10=0.20 col10=0.80 to10=0.00 min_d= 0.30 avg_spd=2.15m/s end=goal t= 2872.2s
[TRAIN][PPO] ep=280/500 r=  583.88 avg10=  268.06 steps=1507 succ10=0.30 touch10=0.30 col10=0.70 to10=0.00 min_d= 0.30 avg_spd=2.13m/s end=goal t= 2885.9s
[TRAIN][PPO] ep=281/500 r=  162.55 avg10=  288.32 steps= 644 succ10=0.30 touch10=0.30 col10=0.70 to10=0.00 min_d= 2.23 avg_spd=2.15m/s end=collision t= 2891.2s
[TRAIN][PPO] ep=282/500 r=  584.38 avg10=  330.12 steps=1410 succ10=0.40 touch10=0.40 col10=0.60 to10=0.00 min_d= 0.30 avg_spd=2.13m/s end=goal t= 2903.3s
[TRAIN][PPO] ep=283/500 r=  167.06 avg10=  290.32 steps= 647 succ10=0.30 touch10=0.30 col10=0.70 to10=0.00 min_d= 2.26 avg_spd=2.15m/s end=collision t= 2909.1s
[TRAIN][PPO] ep=284/500 r=  167.71 avg10=  290.95 steps= 669 succ10=0.30 touch10=0.30 col10=0.70 to10=0.00 min_d= 2.36 avg_spd=2.10m/s end=collision t= 2915.7s
[TRAIN][PPO] ep=285/500 r=  162.97 avg10=  291.20 steps= 643 succ10=0.30 touch10=0.30 col10=0.70 to10=0.00 min_d= 2.29 avg_spd=2.12m/s end=collision t= 2921.5s
[TRAIN][PPO] ep=286/500 r=  164.60 avg10=  291.46 steps= 659 succ10=0.30 touch10=0.30 col10=0.70 to10=0.00 min_d= 2.33 avg_spd=2.13m/s end=collision t= 2927.4s
[TRAIN][PPO] ep=287/500 r=  161.89 avg10=  290.75 steps= 640 succ10=0.30 touch10=0.30 col10=0.70 to10=0.00 min_d= 2.27 avg_spd=2.11m/s end=collision t= 2933.0s
[TRAIN][PPO] ep=288/500 r=  165.91 avg10=  291.15 steps= 653 succ10=0.30 touch10=0.30 col10=0.70 to10=0.00 min_d= 2.32 avg_spd=2.07m/s end=collision t= 2939.4s
[TRAIN][PPO] ep=289/500 r=  168.00 avg10=  248.89 steps= 647 succ10=0.20 touch10=0.20 col10=0.80 to10=0.00 min_d= 2.29 avg_spd=2.15m/s end=collision t= 2945.3s
[TRAIN][PPO] ep=290/500 r=  161.96 avg10=  206.70 steps= 637 succ10=0.10 touch10=0.10 col10=0.90 to10=0.00 min_d= 2.25 avg_spd=2.14m/s end=collision t= 2951.0s
[TRAIN][PPO] ep=291/500 r=  165.17 avg10=  206.97 steps= 649 succ10=0.10 touch10=0.10 col10=0.90 to10=0.00 min_d= 2.30 avg_spd=2.15m/s end=collision t= 2956.7s
[TRAIN][PPO] ep=292/500 r=  164.33 avg10=  164.96 steps= 652 succ10=0.00 touch10=0.00 col10=1.00 to10=0.00 min_d= 2.31 avg_spd=2.10m/s end=collision t= 2963.0s
[TRAIN][PPO] ep=293/500 r=  165.42 avg10=  164.80 steps= 648 succ10=0.00 touch10=0.00 col10=1.00 to10=0.00 min_d= 2.28 avg_spd=2.10m/s end=collision t= 2968.5s
[TRAIN][PPO] ep=294/500 r=  165.17 avg10=  164.54 steps= 644 succ10=0.00 touch10=0.00 col10=1.00 to10=0.00 min_d= 2.26 avg_spd=2.15m/s end=collision t= 2974.0s
[TRAIN][PPO] ep=295/500 r=  584.93 avg10=  206.74 steps=1423 succ10=0.10 touch10=0.10 col10=0.90 to10=0.00 min_d= 0.30 avg_spd=2.15m/s end=goal t= 2986.2s
[TRAIN][PPO] ep=296/500 r=  586.97 avg10=  248.98 steps=1425 succ10=0.20 touch10=0.20 col10=0.80 to10=0.00 min_d= 0.30 avg_spd=2.16m/s end=goal t= 2999.4s
[TRAIN][PPO] ep=297/500 r=  165.03 avg10=  249.29 steps= 644 succ10=0.20 touch10=0.20 col10=0.80 to10=0.00 min_d= 2.29 avg_spd=2.14m/s end=collision t= 3005.1s
[TRAIN][PPO] ep=298/500 r=  162.19 avg10=  248.92 steps= 644 succ10=0.20 touch10=0.20 col10=0.80 to10=0.00 min_d= 2.30 avg_spd=2.12m/s end=collision t= 3010.9s
[TRAIN][PPO] ep=299/500 r=  165.14 avg10=  248.63 steps= 645 succ10=0.20 touch10=0.20 col10=0.80 to10=0.00 min_d= 2.28 avg_spd=2.12m/s end=collision t= 3016.6s
[TRAIN][PPO] ep=300/500 r=  584.73 avg10=  290.91 steps=1413 succ10=0.30 touch10=0.30 col10=0.70 to10=0.00 min_d= 0.30 avg_spd=2.12m/s end=goal t= 3029.2s ckpt=latest
[TRAIN][PPO] ep=301/500 r=  166.60 avg10=  291.05 steps= 653 succ10=0.30 touch10=0.30 col10=0.70 to10=0.00 min_d= 2.32 avg_spd=2.15m/s end=collision t= 3034.6s
[TRAIN][PPO] ep=302/500 r=  168.36 avg10=  291.45 steps= 679 succ10=0.30 touch10=0.30 col10=0.70 to10=0.00 min_d= 2.36 avg_spd=2.08m/s end=collision t= 3040.3s
[TRAIN][PPO] ep=303/500 r=  573.29 avg10=  332.24 steps=1516 succ10=0.40 touch10=0.40 col10=0.60 to10=0.00 min_d= 0.30 avg_spd=2.16m/s end=goal t= 3053.4s
[TRAIN][PPO] ep=304/500 r=  575.06 avg10=  373.23 steps=1385 succ10=0.50 touch10=0.50 col10=0.50 to10=0.00 min_d= 0.30 avg_spd=2.14m/s end=goal t= 3066.5s
[TRAIN][PPO] ep=305/500 r=  164.33 avg10=  331.17 steps= 645 succ10=0.40 touch10=0.40 col10=0.60 to10=0.00 min_d= 2.32 avg_spd=2.09m/s end=collision t= 3072.2s
[TRAIN][PPO] ep=306/500 r=   57.34 avg10=  278.21 steps= 331 succ10=0.30 touch10=0.30 col10=0.70 to10=0.00 min_d= 3.05 avg_spd=2.18m/s end=collision t= 3075.1s
[TRAIN][PPO] ep=307/500 r=  581.21 avg10=  319.82 steps=1415 succ10=0.40 touch10=0.40 col10=0.60 to10=0.00 min_d= 0.30 avg_spd=2.15m/s end=goal t= 3087.6s
[TRAIN][PPO] ep=308/500 r=  581.42 avg10=  361.75 steps=1409 succ10=0.50 touch10=0.50 col10=0.50 to10=0.00 min_d= 0.30 avg_spd=2.16m/s end=goal t= 3101.2s
[TRAIN][PPO] ep=309/500 r=  596.30 avg10=  404.86 steps=1455 succ10=0.60 touch10=0.60 col10=0.40 to10=0.00 min_d= 0.30 avg_spd=2.13m/s end=goal t= 3114.1s
[TRAIN][PPO] ep=310/500 r=  160.05 avg10=  362.40 steps= 638 succ10=0.50 touch10=0.50 col10=0.50 to10=0.00 min_d= 2.26 avg_spd=2.14m/s end=collision t= 3119.8s
[TRAIN][PPO] ep=311/500 r=  166.43 avg10=  362.38 steps= 649 succ10=0.50 touch10=0.50 col10=0.50 to10=0.00 min_d= 2.32 avg_spd=2.16m/s end=collision t= 3125.8s
[TRAIN][PPO] ep=312/500 r=  591.32 avg10=  404.68 steps=1435 succ10=0.60 touch10=0.60 col10=0.40 to10=0.00 min_d= 0.30 avg_spd=2.13m/s end=goal t= 3139.7s
[TRAIN][PPO] ep=313/500 r=  583.13 avg10=  405.66 steps=1403 succ10=0.60 touch10=0.60 col10=0.40 to10=0.00 min_d= 0.30 avg_spd=2.13m/s end=goal t= 3152.4s
[TRAIN][PPO] ep=314/500 r=  590.57 avg10=  407.21 steps=1428 succ10=0.60 touch10=0.60 col10=0.40 to10=0.00 min_d= 0.30 avg_spd=2.16m/s end=goal t= 3165.1s
[TRAIN][PPO] ep=315/500 r=  589.06 avg10=  449.68 steps=1431 succ10=0.70 touch10=0.70 col10=0.30 to10=0.00 min_d= 0.30 avg_spd=2.14m/s end=goal t= 3177.6s
[TRAIN][PPO] ep=316/500 r=  586.57 avg10=  502.61 steps=1418 succ10=0.80 touch10=0.80 col10=0.20 to10=0.00 min_d= 0.30 avg_spd=2.12m/s end=goal t= 3192.2s
[TRAIN][PPO] ep=317/500 r=  -40.92 avg10=  440.39 steps=  31 succ10=0.70 touch10=0.70 col10=0.30 to10=0.00 min_d= 3.82 avg_spd=1.79m/s end=collision t= 3192.5s
[TRAIN][PPO] ep=318/500 r=  591.08 avg10=  441.36 steps=1430 succ10=0.70 touch10=0.70 col10=0.30 to10=0.00 min_d= 0.30 avg_spd=2.14m/s end=goal t= 3205.3s
[TRAIN][PPO] ep=319/500 r=  581.96 avg10=  439.93 steps=1419 succ10=0.70 touch10=0.70 col10=0.30 to10=0.00 min_d= 0.30 avg_spd=2.15m/s end=goal t= 3217.9s
[TRAIN][PPO] ep=320/500 r=  576.74 avg10=  481.60 steps=1517 succ10=0.80 touch10=0.80 col10=0.20 to10=0.00 min_d= 0.30 avg_spd=2.14m/s end=goal t= 3232.2s
[TRAIN][PPO] ep=321/500 r=  165.36 avg10=  481.49 steps= 653 succ10=0.80 touch10=0.80 col10=0.20 to10=0.00 min_d= 2.34 avg_spd=2.08m/s end=collision t= 3238.0s
[TRAIN][PPO] ep=322/500 r=  562.73 avg10=  478.63 steps=1504 succ10=0.80 touch10=0.80 col10=0.20 to10=0.00 min_d= 0.30 avg_spd=2.16m/s end=goal t= 3251.2s
[TRAIN][PPO] ep=323/500 r=  161.12 avg10=  436.43 steps= 637 succ10=0.70 touch10=0.70 col10=0.30 to10=0.00 min_d= 2.30 avg_spd=2.09m/s end=collision t= 3256.9s
[TRAIN][PPO] ep=324/500 r=  157.05 avg10=  393.08 steps= 636 succ10=0.60 touch10=0.60 col10=0.40 to10=0.00 min_d= 2.30 avg_spd=2.09m/s end=collision t= 3263.3s
[TRAIN][PPO] ep=325/500 r=  591.49 avg10=  393.32 steps=1431 succ10=0.60 touch10=0.60 col10=0.40 to10=0.00 min_d= 0.30 avg_spd=2.15m/s end=goal t= 3275.9s
[TRAIN][PPO] ep=326/500 r=  584.33 avg10=  393.09 steps=1428 succ10=0.60 touch10=0.60 col10=0.40 to10=0.00 min_d= 0.30 avg_spd=2.15m/s end=goal t= 3288.6s
[TRAIN][PPO] ep=327/500 r=  575.79 avg10=  454.76 steps=1385 succ10=0.70 touch10=0.70 col10=0.30 to10=0.00 min_d= 0.30 avg_spd=2.16m/s end=goal t= 3300.9s
[TRAIN][PPO] ep=328/500 r=  577.89 avg10=  453.45 steps=1405 succ10=0.70 touch10=0.70 col10=0.30 to10=0.00 min_d= 0.30 avg_spd=2.14m/s end=goal t= 3314.5s
[TRAIN][PPO] ep=329/500 r=  574.88 avg10=  452.74 steps=1391 succ10=0.70 touch10=0.70 col10=0.30 to10=0.00 min_d= 0.30 avg_spd=2.15m/s end=goal t= 3326.9s
[TRAIN][PPO] ep=330/500 r=  596.56 avg10=  454.72 steps=1450 succ10=0.70 touch10=0.70 col10=0.30 to10=0.00 min_d= 0.30 avg_spd=2.14m/s end=goal t= 3339.8s
[TRAIN][PPO] ep=331/500 r=  585.96 avg10=  496.78 steps=1421 succ10=0.80 touch10=0.80 col10=0.20 to10=0.00 min_d= 0.30 avg_spd=2.14m/s end=goal t= 3352.3s
[TRAIN][PPO] ep=332/500 r=  584.22 avg10=  498.93 steps=1418 succ10=0.80 touch10=0.80 col10=0.20 to10=0.00 min_d= 0.30 avg_spd=2.15m/s end=goal t= 3366.1s
[TRAIN][PPO] ep=333/500 r=  562.36 avg10=  539.05 steps=1492 succ10=0.90 touch10=0.90 col10=0.10 to10=0.00 min_d= 0.30 avg_spd=2.15m/s end=goal t= 3379.2s
[TRAIN][PPO] ep=334/500 r=  564.03 avg10=  579.75 steps=1516 succ10=1.00 touch10=1.00 col10=0.00 to10=0.00 min_d= 0.30 avg_spd=2.15m/s end=goal t= 3392.8s
[TRAIN][PPO] ep=335/500 r=  555.19 avg10=  576.12 steps=1496 succ10=1.00 touch10=1.00 col10=0.00 to10=0.00 min_d= 0.30 avg_spd=2.15m/s end=goal t= 3406.2s
[TRAIN][PPO] ep=336/500 r=  585.31 avg10=  576.22 steps=1428 succ10=1.00 touch10=1.00 col10=0.00 to10=0.00 min_d= 0.30 avg_spd=2.16m/s end=goal t= 3420.5s
[TRAIN][PPO] ep=337/500 r=  167.19 avg10=  535.36 steps= 655 succ10=0.90 touch10=0.90 col10=0.10 to10=0.00 min_d= 2.35 avg_spd=2.12m/s end=collision t= 3426.4s
[TRAIN][PPO] ep=338/500 r=  592.73 avg10=  536.84 steps=1437 succ10=0.90 touch10=0.90 col10=0.10 to10=0.00 min_d= 0.30 avg_spd=2.15m/s end=goal t= 3439.0s
[TRAIN][PPO] ep=339/500 r=  584.11 avg10=  537.76 steps=1416 succ10=0.90 touch10=0.90 col10=0.10 to10=0.00 min_d= 0.30 avg_spd=2.17m/s end=goal t= 3451.6s
[TRAIN][PPO] ep=340/500 r=  585.37 avg10=  536.65 steps=1416 succ10=0.90 touch10=0.90 col10=0.10 to10=0.00 min_d= 0.30 avg_spd=2.16m/s end=goal t= 3465.2s
[TRAIN][PPO] ep=341/500 r=  161.29 avg10=  494.18 steps= 634 succ10=0.80 touch10=0.80 col10=0.20 to10=0.00 min_d= 2.26 avg_spd=2.12m/s end=collision t= 3470.9s
[TRAIN][PPO] ep=342/500 r=  581.40 avg10=  493.90 steps=1417 succ10=0.80 touch10=0.80 col10=0.20 to10=0.00 min_d= 0.30 avg_spd=2.15m/s end=goal t= 3483.8s
[TRAIN][PPO] ep=343/500 r=  574.63 avg10=  495.12 steps=1498 succ10=0.80 touch10=0.80 col10=0.20 to10=0.00 min_d= 0.30 avg_spd=2.16m/s end=goal t= 3497.0s
[TRAIN][PPO] ep=344/500 r=  162.16 avg10=  454.94 steps= 633 succ10=0.70 touch10=0.70 col10=0.30 to10=0.00 min_d= 2.30 avg_spd=2.07m/s end=collision t= 3503.5s
[TRAIN][PPO] ep=345/500 r=  592.60 avg10=  458.68 steps=1432 succ10=0.70 touch10=0.70 col10=0.30 to10=0.00 min_d= 0.30 avg_spd=2.13m/s end=goal t= 3516.1s
[TRAIN][PPO] ep=346/500 r=  579.57 avg10=  458.11 steps=1520 succ10=0.70 touch10=0.70 col10=0.30 to10=0.00 min_d= 0.30 avg_spd=2.16m/s end=goal t= 3529.6s
[TRAIN][PPO] ep=347/500 r=  583.53 avg10=  499.74 steps=1412 succ10=0.80 touch10=0.80 col10=0.20 to10=0.00 min_d= 0.30 avg_spd=2.16m/s end=goal t= 3541.9s
[TRAIN][PPO] ep=348/500 r=  590.44 avg10=  499.51 steps=1429 succ10=0.80 touch10=0.80 col10=0.20 to10=0.00 min_d= 0.30 avg_spd=2.16m/s end=goal t= 3556.4s
[TRAIN][PPO] ep=349/500 r=  161.50 avg10=  457.25 steps= 643 succ10=0.70 touch10=0.70 col10=0.30 to10=0.00 min_d= 2.27 avg_spd=2.12m/s end=collision t= 3562.2s
[TRAIN][PPO] ep=350/500 r=  590.63 avg10=  457.78 steps=1425 succ10=0.70 touch10=0.70 col10=0.30 to10=0.00 min_d= 0.30 avg_spd=2.15m/s end=goal t= 3575.0s
[TRAIN][PPO] ep=351/500 r=  591.81 avg10=  500.83 steps=1435 succ10=0.80 touch10=0.80 col10=0.20 to10=0.00 min_d= 0.30 avg_spd=2.13m/s end=goal t= 3587.7s
[TRAIN][PPO] ep=352/500 r=  584.63 avg10=  501.15 steps=1419 succ10=0.80 touch10=0.80 col10=0.20 to10=0.00 min_d= 0.30 avg_spd=2.16m/s end=goal t= 3601.3s
[TRAIN][PPO] ep=353/500 r=  579.40 avg10=  501.63 steps=1400 succ10=0.80 touch10=0.80 col10=0.20 to10=0.00 min_d= 0.30 avg_spd=2.16m/s end=goal t= 3613.7s
[TRAIN][PPO] ep=354/500 r=  591.73 avg10=  544.58 steps=1428 succ10=0.90 touch10=0.90 col10=0.10 to10=0.00 min_d= 0.30 avg_spd=2.16m/s end=goal t= 3626.3s
[TRAIN][PPO] ep=355/500 r=  588.34 avg10=  544.16 steps=1441 succ10=0.90 touch10=0.90 col10=0.10 to10=0.00 min_d= 0.30 avg_spd=2.16m/s end=goal t= 3639.1s
[TRAIN][PPO] ep=356/500 r=  561.09 avg10=  542.31 steps=1469 succ10=0.90 touch10=0.90 col10=0.10 to10=0.00 min_d= 0.30 avg_spd=2.15m/s end=goal t= 3653.1s
[TRAIN][PPO] ep=357/500 r=  -40.73 avg10=  479.88 steps=  35 succ10=0.80 touch10=0.80 col10=0.20 to10=0.00 min_d= 3.83 avg_spd=1.60m/s end=collision t= 3653.5s
[TRAIN][PPO] ep=358/500 r=  161.63 avg10=  437.00 steps= 647 succ10=0.70 touch10=0.70 col10=0.30 to10=0.00 min_d= 2.33 avg_spd=2.07m/s end=collision t= 3659.3s
[TRAIN][PPO] ep=359/500 r=  163.15 avg10=  437.17 steps= 635 succ10=0.70 touch10=0.70 col10=0.30 to10=0.00 min_d= 2.24 avg_spd=2.12m/s end=collision t= 3665.0s
[TRAIN][PPO] ep=360/500 r=  166.03 avg10=  394.71 steps= 654 succ10=0.60 touch10=0.60 col10=0.40 to10=0.00 min_d= 2.34 avg_spd=2.09m/s end=collision t= 3671.3s
[TRAIN][PPO] ep=361/500 r=  573.44 avg10=  392.87 steps=1383 succ10=0.60 touch10=0.60 col10=0.40 to10=0.00 min_d= 0.30 avg_spd=2.15m/s end=goal t= 3683.5s
[TRAIN][PPO] ep=362/500 r=   71.41 avg10=  341.55 steps= 392 succ10=0.50 touch10=0.50 col10=0.50 to10=0.00 min_d= 3.05 avg_spd=2.14m/s end=collision t= 3687.0s
[TRAIN][PPO] ep=363/500 r=  -35.80 avg10=  280.03 steps=  58 succ10=0.40 touch10=0.40 col10=0.60 to10=0.00 min_d= 3.85 avg_spd=1.87m/s end=collision t= 3687.5s
[TRAIN][PPO] ep=364/500 r=  162.62 avg10=  237.12 steps= 646 succ10=0.30 touch10=0.30 col10=0.70 to10=0.00 min_d= 2.30 avg_spd=2.11m/s end=collision t= 3693.7s
[TRAIN][PPO] ep=365/500 r=  159.03 avg10=  194.19 steps= 644 succ10=0.20 touch10=0.20 col10=0.80 to10=0.00 min_d= 2.28 avg_spd=2.14m/s end=collision t= 3699.4s
[TRAIN][PPO] ep=366/500 r=  580.20 avg10=  196.10 steps=1401 succ10=0.20 touch10=0.20 col10=0.80 to10=0.00 min_d= 0.30 avg_spd=2.16m/s end=goal t= 3711.8s
[TRAIN][PPO] ep=367/500 r=  576.72 avg10=  257.85 steps=1388 succ10=0.30 touch10=0.30 col10=0.70 to10=0.00 min_d= 0.30 avg_spd=2.14m/s end=goal t= 3724.1s
[TRAIN][PPO] ep=368/500 r=  573.71 avg10=  299.05 steps=1380 succ10=0.40 touch10=0.40 col10=0.60 to10=0.00 min_d= 0.30 avg_spd=2.15m/s end=goal t= 3737.4s
[TRAIN][PPO] ep=369/500 r=  586.93 avg10=  341.43 steps=1417 succ10=0.50 touch10=0.50 col10=0.50 to10=0.00 min_d= 0.30 avg_spd=2.17m/s end=goal t= 3749.9s
[TRAIN][PPO] ep=370/500 r=  167.16 avg10=  341.54 steps= 654 succ10=0.50 touch10=0.50 col10=0.50 to10=0.00 min_d= 2.34 avg_spd=2.11m/s end=collision t= 3755.7s
[TRAIN][PPO] ep=371/500 r=  591.60 avg10=  343.36 steps=1440 succ10=0.50 touch10=0.50 col10=0.50 to10=0.00 min_d= 0.30 avg_spd=2.15m/s end=goal t= 3768.4s
[TRAIN][PPO] ep=372/500 r=  161.38 avg10=  352.36 steps= 648 succ10=0.50 touch10=0.50 col10=0.50 to10=0.00 min_d= 2.34 avg_spd=2.09m/s end=collision t= 3775.1s
[TRAIN][PPO] ep=373/500 r=  576.16 avg10=  413.55 steps=1395 succ10=0.60 touch10=0.60 col10=0.40 to10=0.00 min_d= 0.30 avg_spd=2.15m/s end=goal t= 3787.4s
[TRAIN][PPO] ep=374/500 r=  160.21 avg10=  413.31 steps= 634 succ10=0.60 touch10=0.60 col10=0.40 to10=0.00 min_d= 2.29 avg_spd=2.11m/s end=collision t= 3793.2s
[TRAIN][PPO] ep=375/500 r=  575.91 avg10=  455.00 steps=1395 succ10=0.70 touch10=0.70 col10=0.30 to10=0.00 min_d= 0.30 avg_spd=2.14m/s end=goal t= 3805.5s
[TRAIN][PPO] ep=376/500 r=  -30.31 avg10=  393.95 steps= 139 succ10=0.60 touch10=0.60 col10=0.40 to10=0.00 min_d= 3.81 avg_spd=2.15m/s end=collision t= 3807.5s
[TRAIN][PPO] ep=377/500 r=  589.45 avg10=  395.22 steps=1433 succ10=0.60 touch10=0.60 col10=0.40 to10=0.00 min_d= 0.30 avg_spd=2.15m/s end=goal t= 3820.2s
[TRAIN][PPO] ep=378/500 r=  584.04 avg10=  396.25 steps=1419 succ10=0.60 touch10=0.60 col10=0.40 to10=0.00 min_d= 0.30 avg_spd=2.13m/s end=goal t= 3832.6s
[TRAIN][PPO] ep=379/500 r=  164.81 avg10=  354.04 steps= 647 succ10=0.50 touch10=0.50 col10=0.50 to10=0.00 min_d= 2.28 avg_spd=2.10m/s end=collision t= 3838.3s
[TRAIN][PPO] ep=380/500 r=  591.33 avg10=  396.46 steps=1433 succ10=0.60 touch10=0.60 col10=0.40 to10=0.00 min_d= 0.30 avg_spd=2.15m/s end=goal t= 3851.7s
[TRAIN][PPO] ep=381/500 r=  161.77 avg10=  353.47 steps= 644 succ10=0.50 touch10=0.50 col10=0.50 to10=0.00 min_d= 2.31 avg_spd=2.10m/s end=collision t= 3857.5s
[TRAIN][PPO] ep=382/500 r=  588.43 avg10=  396.18 steps=1424 succ10=0.60 touch10=0.60 col10=0.40 to10=0.00 min_d= 0.30 avg_spd=2.15m/s end=goal t= 3870.2s
[TRAIN][PPO] ep=383/500 r=  162.21 avg10=  354.78 steps= 641 succ10=0.50 touch10=0.50 col10=0.50 to10=0.00 min_d= 2.27 avg_spd=2.14m/s end=collision t= 3875.9s
[TRAIN][PPO] ep=384/500 r=  585.23 avg10=  397.29 steps=1416 succ10=0.60 touch10=0.60 col10=0.40 to10=0.00 min_d= 0.30 avg_spd=2.16m/s end=goal t= 3889.2s
[TRAIN][PPO] ep=385/500 r=  573.33 avg10=  397.03 steps=1380 succ10=0.60 touch10=0.60 col10=0.40 to10=0.00 min_d= 0.30 avg_spd=2.16m/s end=goal t= 3901.4s
[TRAIN][PPO] ep=386/500 r=  588.67 avg10=  458.93 steps=1429 succ10=0.70 touch10=0.70 col10=0.30 to10=0.00 min_d= 0.30 avg_spd=2.16m/s end=goal t= 3914.1s
[TRAIN][PPO] ep=387/500 r=  586.14 avg10=  458.60 steps=1424 succ10=0.70 touch10=0.70 col10=0.30 to10=0.00 min_d= 0.30 avg_spd=2.16m/s end=goal t= 3926.7s
[TRAIN][PPO] ep=388/500 r=  592.29 avg10=  459.42 steps=1430 succ10=0.70 touch10=0.70 col10=0.30 to10=0.00 min_d= 0.30 avg_spd=2.14m/s end=goal t= 3940.3s
[TRAIN][PPO] ep=389/500 r=  164.84 avg10=  459.42 steps= 645 succ10=0.70 touch10=0.70 col10=0.30 to10=0.00 min_d= 2.31 avg_spd=2.12m/s end=collision t= 3946.0s
[TRAIN][PPO] ep=390/500 r=  589.00 avg10=  459.19 steps=1420 succ10=0.70 touch10=0.70 col10=0.30 to10=0.00 min_d= 0.30 avg_spd=2.15m/s end=goal t= 3958.9s
[TRAIN][PPO] ep=391/500 r=  580.10 avg10=  501.02 steps=1410 succ10=0.80 touch10=0.80 col10=0.20 to10=0.00 min_d= 0.30 avg_spd=2.15m/s end=goal t= 3971.5s
[TRAIN][PPO] ep=392/500 r=  581.47 avg10=  500.33 steps=1410 succ10=0.80 touch10=0.80 col10=0.20 to10=0.00 min_d= 0.30 avg_spd=2.16m/s end=goal t= 3985.0s
[TRAIN][PPO] ep=393/500 r=  586.53 avg10=  542.76 steps=1437 succ10=0.90 touch10=0.90 col10=0.10 to10=0.00 min_d= 0.30 avg_spd=2.16m/s end=goal t= 3997.6s
[TRAIN][PPO] ep=394/500 r=  584.36 avg10=  542.67 steps=1410 succ10=0.90 touch10=0.90 col10=0.10 to10=0.00 min_d= 0.30 avg_spd=2.14m/s end=goal t= 4010.2s
[TRAIN][PPO] ep=395/500 r=  588.85 avg10=  544.23 steps=1428 succ10=0.90 touch10=0.90 col10=0.10 to10=0.00 min_d= 0.30 avg_spd=2.14m/s end=goal t= 4023.1s
[TRAIN][PPO] ep=396/500 r=  576.30 avg10=  542.99 steps=1399 succ10=0.90 touch10=0.90 col10=0.10 to10=0.00 min_d= 0.30 avg_spd=2.14m/s end=goal t= 4036.5s
[TRAIN][PPO] ep=397/500 r=  577.16 avg10=  542.09 steps=1388 succ10=0.90 touch10=0.90 col10=0.10 to10=0.00 min_d= 0.30 avg_spd=2.14m/s end=goal t= 4048.7s
[TRAIN][PPO] ep=398/500 r=  583.46 avg10=  541.21 steps=1415 succ10=0.90 touch10=0.90 col10=0.10 to10=0.00 min_d= 0.30 avg_spd=2.16m/s end=goal t= 4061.3s
[TRAIN][PPO] ep=399/500 r=  587.93 avg10=  583.52 steps=1415 succ10=1.00 touch10=1.00 col10=0.00 to10=0.00 min_d= 0.30 avg_spd=2.15m/s end=goal t= 4073.8s
[TRAIN][PPO] ep=400/500 r=   62.71 avg10=  530.89 steps= 354 succ10=0.90 touch10=0.90 col10=0.10 to10=0.00 min_d= 3.10 avg_spd=2.12m/s end=collision t= 4078.0s ckpt=latest
[TRAIN][PPO] ep=401/500 r=  163.12 avg10=  489.19 steps= 638 succ10=0.80 touch10=0.80 col10=0.20 to10=0.00 min_d= 2.29 avg_spd=2.10m/s end=collision t= 4083.7s
[TRAIN][PPO] ep=402/500 r=  281.21 avg10=  459.16 steps= 989 succ10=0.70 touch10=0.70 col10=0.30 to10=0.00 min_d= 1.42 avg_spd=2.13m/s end=collision t= 4092.6s
[TRAIN][PPO] ep=403/500 r=  158.32 avg10=  416.34 steps= 634 succ10=0.60 touch10=0.60 col10=0.40 to10=0.00 min_d= 2.30 avg_spd=2.12m/s end=collision t= 4098.2s
[TRAIN][PPO] ep=404/500 r=  578.97 avg10=  415.80 steps=1395 succ10=0.60 touch10=0.60 col10=0.40 to10=0.00 min_d= 0.30 avg_spd=2.14m/s end=goal t= 4111.1s
[TRAIN][PPO] ep=405/500 r=  -34.76 avg10=  353.44 steps=  59 succ10=0.50 touch10=0.50 col10=0.50 to10=0.00 min_d= 3.85 avg_spd=1.82m/s end=collision t= 4111.7s
[TRAIN][PPO] ep=406/500 r=  582.72 avg10=  354.08 steps=1422 succ10=0.50 touch10=0.50 col10=0.50 to10=0.00 min_d= 0.30 avg_spd=2.12m/s end=goal t= 4124.2s
[TRAIN][PPO] ep=407/500 r=  582.83 avg10=  354.65 steps=1416 succ10=0.50 touch10=0.50 col10=0.50 to10=0.00 min_d= 0.30 avg_spd=2.11m/s end=goal t= 4136.7s
[TRAIN][PPO] ep=408/500 r=  162.94 avg10=  312.60 steps= 638 succ10=0.40 touch10=0.40 col10=0.60 to10=0.00 min_d= 2.27 avg_spd=2.11m/s end=collision t= 4143.0s
[TRAIN][PPO] ep=409/500 r=  160.82 avg10=  269.89 steps= 639 succ10=0.30 touch10=0.30 col10=0.70 to10=0.00 min_d= 2.32 avg_spd=2.09m/s end=collision t= 4148.7s
[TRAIN][PPO] ep=410/500 r=  584.47 avg10=  322.06 steps=1490 succ10=0.40 touch10=0.40 col10=0.60 to10=0.00 min_d= 0.30 avg_spd=2.16m/s end=goal t= 4161.9s
[TRAIN][PPO] ep=411/500 r=  593.26 avg10=  365.08 steps=1434 succ10=0.50 touch10=0.50 col10=0.50 to10=0.00 min_d= 0.30 avg_spd=2.13m/s end=goal t= 4174.4s
[TRAIN][PPO] ep=412/500 r=  567.57 avg10=  393.71 steps=1495 succ10=0.60 touch10=0.60 col10=0.40 to10=0.00 min_d= 0.30 avg_spd=2.13m/s end=goal t= 4188.5s
[TRAIN][PPO] ep=413/500 r=  586.37 avg10=  436.52 steps=1507 succ10=0.70 touch10=0.70 col10=0.30 to10=0.00 min_d= 0.30 avg_spd=2.15m/s end=goal t= 4201.6s
[TRAIN][PPO] ep=414/500 r=  577.46 avg10=  436.37 steps=1388 succ10=0.70 touch10=0.70 col10=0.30 to10=0.00 min_d= 0.30 avg_spd=2.14m/s end=goal t= 4213.8s
[TRAIN][PPO] ep=415/500 r=  165.12 avg10=  456.36 steps= 643 succ10=0.70 touch10=0.70 col10=0.30 to10=0.00 min_d= 2.30 avg_spd=2.11m/s end=collision t= 4219.4s
[TRAIN][PPO] ep=416/500 r=  161.62 avg10=  414.25 steps= 636 succ10=0.60 touch10=0.60 col10=0.40 to10=0.00 min_d= 2.28 avg_spd=2.10m/s end=collision t= 4225.9s
[TRAIN][PPO] ep=417/500 r=  584.77 avg10=  414.44 steps=1427 succ10=0.60 touch10=0.60 col10=0.40 to10=0.00 min_d= 0.30 avg_spd=2.13m/s end=goal t= 4238.6s
[TRAIN][PPO] ep=418/500 r=  583.82 avg10=  456.53 steps=1402 succ10=0.70 touch10=0.70 col10=0.30 to10=0.00 min_d= 0.30 avg_spd=2.15m/s end=goal t= 4251.0s
[TRAIN][PPO] ep=419/500 r=  581.87 avg10=  498.63 steps=1424 succ10=0.80 touch10=0.80 col10=0.20 to10=0.00 min_d= 0.30 avg_spd=2.13m/s end=goal t= 4263.5s
[TRAIN][PPO] ep=420/500 r=  589.22 avg10=  499.11 steps=1424 succ10=0.80 touch10=0.80 col10=0.20 to10=0.00 min_d= 0.30 avg_spd=2.15m/s end=goal t= 4277.1s
[TRAIN][PPO] ep=421/500 r=  162.98 avg10=  456.08 steps= 646 succ10=0.70 touch10=0.70 col10=0.30 to10=0.00 min_d= 2.30 avg_spd=2.12m/s end=collision t= 4282.7s
[TRAIN][PPO] ep=422/500 r=  575.77 avg10=  456.90 steps=1399 succ10=0.70 touch10=0.70 col10=0.30 to10=0.00 min_d= 0.30 avg_spd=2.15m/s end=goal t= 4295.1s
[TRAIN][PPO] ep=423/500 r=  565.56 avg10=  454.82 steps=1491 succ10=0.70 touch10=0.70 col10=0.30 to10=0.00 min_d= 0.30 avg_spd=2.14m/s end=goal t= 4308.0s
[TRAIN][PPO] ep=424/500 r=  579.58 avg10=  455.03 steps=1400 succ10=0.70 touch10=0.70 col10=0.30 to10=0.00 min_d= 0.30 avg_spd=2.14m/s end=goal t= 4321.4s
[TRAIN][PPO] ep=425/500 r=  581.65 avg10=  496.68 steps=1403 succ10=0.80 touch10=0.80 col10=0.20 to10=0.00 min_d= 0.30 avg_spd=2.14m/s end=goal t= 4334.0s
[TRAIN][PPO] ep=426/500 r=  581.17 avg10=  538.64 steps=1400 succ10=0.90 touch10=0.90 col10=0.10 to10=0.00 min_d= 0.30 avg_spd=2.14m/s end=goal t= 4346.2s
[TRAIN][PPO] ep=427/500 r=  566.15 avg10=  536.78 steps=1457 succ10=0.90 touch10=0.90 col10=0.10 to10=0.00 min_d= 0.30 avg_spd=2.16m/s end=goal t= 4358.8s
[TRAIN][PPO] ep=428/500 r=  594.92 avg10=  537.89 steps=1452 succ10=0.90 touch10=0.90 col10=0.10 to10=0.00 min_d= 0.30 avg_spd=2.12m/s end=goal t= 4372.7s
[TRAIN][PPO] ep=429/500 r=  169.02 avg10=  496.60 steps= 672 succ10=0.80 touch10=0.80 col10=0.20 to10=0.00 min_d= 2.35 avg_spd=2.06m/s end=collision t= 4378.8s
[TRAIN][PPO] ep=430/500 r=  587.50 avg10=  496.43 steps=1437 succ10=0.80 touch10=0.80 col10=0.20 to10=0.00 min_d= 0.30 avg_spd=2.14m/s end=goal t= 4391.7s
[TRAIN][PPO] ep=431/500 r=  586.05 avg10=  538.74 steps=1419 succ10=0.90 touch10=0.90 col10=0.10 to10=0.00 min_d= 0.30 avg_spd=2.15m/s end=goal t= 4404.3s
[TRAIN][PPO] ep=432/500 r=  581.50 avg10=  539.31 steps=1420 succ10=0.90 touch10=0.90 col10=0.10 to10=0.00 min_d= 0.30 avg_spd=2.13m/s end=goal t= 4417.5s
[TRAIN][PPO] ep=433/500 r=  597.47 avg10=  542.50 steps=1451 succ10=0.90 touch10=0.90 col10=0.10 to10=0.00 min_d= 0.30 avg_spd=2.13m/s end=goal t= 4430.3s
[TRAIN][PPO] ep=434/500 r=  586.37 avg10=  543.18 steps=1425 succ10=0.90 touch10=0.90 col10=0.10 to10=0.00 min_d= 0.30 avg_spd=2.14m/s end=goal t= 4442.7s
[TRAIN][PPO] ep=435/500 r=  159.33 avg10=  500.95 steps= 645 succ10=0.80 touch10=0.80 col10=0.20 to10=0.00 min_d= 2.32 avg_spd=2.06m/s end=collision t= 4448.4s
[TRAIN][PPO] ep=436/500 r=  580.80 avg10=  500.91 steps=1407 succ10=0.80 touch10=0.80 col10=0.20 to10=0.00 min_d= 0.30 avg_spd=2.13m/s end=goal t= 4461.8s
[TRAIN][PPO] ep=437/500 r=  579.76 avg10=  502.27 steps=1506 succ10=0.80 touch10=0.80 col10=0.20 to10=0.00 min_d= 0.30 avg_spd=2.15m/s end=goal t= 4474.7s
[TRAIN][PPO] ep=438/500 r=  576.09 avg10=  500.39 steps=1398 succ10=0.80 touch10=0.80 col10=0.20 to10=0.00 min_d= 0.30 avg_spd=2.15m/s end=goal t= 4486.9s
[TRAIN][PPO] ep=439/500 r=  572.09 avg10=  540.70 steps=1399 succ10=0.90 touch10=0.90 col10=0.10 to10=0.00 min_d= 0.30 avg_spd=2.14m/s end=goal t= 4499.1s
[TRAIN][PPO] ep=440/500 r=  565.36 avg10=  538.48 steps=1461 succ10=0.90 touch10=0.90 col10=0.10 to10=0.00 min_d= 0.30 avg_spd=2.15m/s end=goal t= 4512.9s
[TRAIN][PPO] ep=441/500 r=  588.67 avg10=  538.74 steps=1437 succ10=0.90 touch10=0.90 col10=0.10 to10=0.00 min_d= 0.30 avg_spd=2.14m/s end=goal t= 4525.4s
[TRAIN][PPO] ep=442/500 r=  559.11 avg10=  536.50 steps=1464 succ10=0.90 touch10=0.90 col10=0.10 to10=0.00 min_d= 0.30 avg_spd=2.14m/s end=goal t= 4538.2s
[TRAIN][PPO] ep=443/500 r=  581.68 avg10=  534.93 steps=1410 succ10=0.90 touch10=0.90 col10=0.10 to10=0.00 min_d= 0.30 avg_spd=2.12m/s end=goal t= 4550.5s
[TRAIN][PPO] ep=444/500 r=  577.83 avg10=  534.07 steps=1390 succ10=0.90 touch10=0.90 col10=0.10 to10=0.00 min_d= 0.30 avg_spd=2.13m/s end=goal t= 4563.9s
[TRAIN][PPO] ep=445/500 r=  584.17 avg10=  576.56 steps=1414 succ10=1.00 touch10=1.00 col10=0.00 to10=0.00 min_d= 0.30 avg_spd=2.15m/s end=goal t= 4576.3s
[TRAIN][PPO] ep=446/500 r=  598.75 avg10=  578.35 steps=1453 succ10=1.00 touch10=1.00 col10=0.00 to10=0.00 min_d= 0.30 avg_spd=2.12m/s end=goal t= 4589.0s
[TRAIN][PPO] ep=447/500 r=  583.18 avg10=  578.69 steps=1427 succ10=1.00 touch10=1.00 col10=0.00 to10=0.00 min_d= 0.30 avg_spd=2.14m/s end=goal t= 4601.6s
[TRAIN][PPO] ep=448/500 r=  583.39 avg10=  579.42 steps=1411 succ10=1.00 touch10=1.00 col10=0.00 to10=0.00 min_d= 0.30 avg_spd=2.14m/s end=goal t= 4615.1s
[TRAIN][PPO] ep=449/500 r=  588.37 avg10=  581.05 steps=1424 succ10=1.00 touch10=1.00 col10=0.00 to10=0.00 min_d= 0.30 avg_spd=2.14m/s end=goal t= 4628.1s
[TRAIN][PPO] ep=450/500 r=  594.08 avg10=  583.92 steps=1438 succ10=1.00 touch10=1.00 col10=0.00 to10=0.00 min_d= 0.30 avg_spd=2.13m/s end=goal t= 4641.0s
[TRAIN][PPO] ep=451/500 r=  585.29 avg10=  583.58 steps=1422 succ10=1.00 touch10=1.00 col10=0.00 to10=0.00 min_d= 0.30 avg_spd=2.12m/s end=goal t= 4653.7s
[TRAIN][PPO] ep=452/500 r=  595.71 avg10=  587.25 steps=1452 succ10=1.00 touch10=1.00 col10=0.00 to10=0.00 min_d= 0.30 avg_spd=2.13m/s end=goal t= 4667.6s
[TRAIN][PPO] ep=453/500 r=  579.05 avg10=  586.98 steps=1407 succ10=1.00 touch10=1.00 col10=0.00 to10=0.00 min_d= 0.30 avg_spd=2.15m/s end=goal t= 4680.0s
[TRAIN][PPO] ep=454/500 r=  592.33 avg10=  588.43 steps=1437 succ10=1.00 touch10=1.00 col10=0.00 to10=0.00 min_d= 0.30 avg_spd=2.13m/s end=goal t= 4692.7s
[TRAIN][PPO] ep=455/500 r=  582.18 avg10=  588.23 steps=1407 succ10=1.00 touch10=1.00 col10=0.00 to10=0.00 min_d= 0.30 avg_spd=2.14m/s end=goal t= 4705.2s
[TRAIN][PPO] ep=456/500 r=  577.26 avg10=  586.08 steps=1392 succ10=1.00 touch10=1.00 col10=0.00 to10=0.00 min_d= 0.30 avg_spd=2.15m/s end=goal t= 4718.3s
[TRAIN][PPO] ep=457/500 r=  160.93 avg10=  543.86 steps= 651 succ10=0.90 touch10=0.90 col10=0.10 to10=0.00 min_d= 2.34 avg_spd=2.05m/s end=collision t= 4724.0s
[TRAIN][PPO] ep=458/500 r=  573.74 avg10=  542.89 steps=1524 succ10=0.90 touch10=0.90 col10=0.10 to10=0.00 min_d= 0.30 avg_spd=2.15m/s end=goal t= 4737.5s
[TRAIN][PPO] ep=459/500 r=  589.82 avg10=  543.04 steps=1423 succ10=0.90 touch10=0.90 col10=0.10 to10=0.00 min_d= 0.30 avg_spd=2.13m/s end=goal t= 4750.3s
[TRAIN][PPO] ep=460/500 r=  162.20 avg10=  499.85 steps= 646 succ10=0.80 touch10=0.80 col10=0.20 to10=0.00 min_d= 2.34 avg_spd=2.06m/s end=collision t= 4756.8s
[TRAIN][PPO] ep=461/500 r=  587.77 avg10=  500.10 steps=1423 succ10=0.80 touch10=0.80 col10=0.20 to10=0.00 min_d= 0.30 avg_spd=2.14m/s end=goal t= 4769.4s
[TRAIN][PPO] ep=462/500 r=  567.45 avg10=  497.27 steps=1496 succ10=0.80 touch10=0.80 col10=0.20 to10=0.00 min_d= 0.30 avg_spd=2.14m/s end=goal t= 4782.5s
[TRAIN][PPO] ep=463/500 r=  586.99 avg10=  498.07 steps=1417 succ10=0.80 touch10=0.80 col10=0.20 to10=0.00 min_d= 0.30 avg_spd=2.15m/s end=goal t= 4795.0s
[TRAIN][PPO] ep=464/500 r=  165.01 avg10=  455.33 steps= 648 succ10=0.70 touch10=0.70 col10=0.30 to10=0.00 min_d= 2.32 avg_spd=2.12m/s end=collision t= 4801.6s
[TRAIN][PPO] ep=465/500 r=  580.51 avg10=  455.17 steps=1421 succ10=0.70 touch10=0.70 col10=0.30 to10=0.00 min_d= 0.30 avg_spd=2.14m/s end=goal t= 4814.1s
[TRAIN][PPO] ep=466/500 r=  578.46 avg10=  455.29 steps=1394 succ10=0.70 touch10=0.70 col10=0.30 to10=0.00 min_d= 0.30 avg_spd=2.14m/s end=goal t= 4826.2s
[TRAIN][PPO] ep=467/500 r=  165.79 avg10=  455.77 steps= 648 succ10=0.70 touch10=0.70 col10=0.30 to10=0.00 min_d= 2.33 avg_spd=2.12m/s end=collision t= 4831.8s
[TRAIN][PPO] ep=468/500 r=  577.99 avg10=  456.20 steps=1398 succ10=0.70 touch10=0.70 col10=0.30 to10=0.00 min_d= 0.30 avg_spd=2.13m/s end=goal t= 4844.9s
[TRAIN][PPO] ep=469/500 r=  588.52 avg10=  456.07 steps=1426 succ10=0.70 touch10=0.70 col10=0.30 to10=0.00 min_d= 0.30 avg_spd=2.17m/s end=goal t= 4857.4s
[TRAIN][PPO] ep=470/500 r=  584.92 avg10=  498.34 steps=1413 succ10=0.80 touch10=0.80 col10=0.20 to10=0.00 min_d= 0.30 avg_spd=2.17m/s end=goal t= 4869.8s
[TRAIN][PPO] ep=471/500 r=  575.70 avg10=  497.13 steps=1481 succ10=0.80 touch10=0.80 col10=0.20 to10=0.00 min_d= 0.30 avg_spd=2.16m/s end=goal t= 4882.6s
[TRAIN][PPO] ep=472/500 r=  593.90 avg10=  499.78 steps=1442 succ10=0.80 touch10=0.80 col10=0.20 to10=0.00 min_d= 0.30 avg_spd=2.13m/s end=goal t= 4896.1s
[TRAIN][PPO] ep=473/500 r=  567.55 avg10=  497.83 steps=1461 succ10=0.80 touch10=0.80 col10=0.20 to10=0.00 min_d= 0.30 avg_spd=2.16m/s end=goal t= 4908.9s
[TRAIN][PPO] ep=474/500 r=  595.77 avg10=  540.91 steps=1443 succ10=0.90 touch10=0.90 col10=0.10 to10=0.00 min_d= 0.30 avg_spd=2.13m/s end=goal t= 4921.8s
[TRAIN][PPO] ep=475/500 r=  588.17 avg10=  541.68 steps=1444 succ10=0.90 touch10=0.90 col10=0.10 to10=0.00 min_d= 0.30 avg_spd=2.14m/s end=goal t= 4934.4s
[TRAIN][PPO] ep=476/500 r=  582.68 avg10=  542.10 steps=1411 succ10=0.90 touch10=0.90 col10=0.10 to10=0.00 min_d= 0.30 avg_spd=2.15m/s end=goal t= 4947.8s
[TRAIN][PPO] ep=477/500 r=  591.27 avg10=  584.65 steps=1428 succ10=1.00 touch10=1.00 col10=0.00 to10=0.00 min_d= 0.30 avg_spd=2.16m/s end=goal t= 4960.3s
[TRAIN][PPO] ep=478/500 r=  583.27 avg10=  585.17 steps=1406 succ10=1.00 touch10=1.00 col10=0.00 to10=0.00 min_d= 0.30 avg_spd=2.15m/s end=goal t= 4972.7s
[TRAIN][PPO] ep=479/500 r=  569.99 avg10=  583.32 steps=1375 succ10=1.00 touch10=1.00 col10=0.00 to10=0.00 min_d= 0.30 avg_spd=2.17m/s end=goal t= 4984.7s
[TRAIN][PPO] ep=480/500 r=  585.54 avg10=  583.38 steps=1407 succ10=1.00 touch10=1.00 col10=0.00 to10=0.00 min_d= 0.30 avg_spd=2.15m/s end=goal t= 4997.9s
[TRAIN][PPO] ep=481/500 r=  -38.48 avg10=  521.96 steps=  47 succ10=0.90 touch10=0.90 col10=0.10 to10=0.00 min_d= 3.84 avg_spd=1.80m/s end=collision t= 4998.3s
[TRAIN][PPO] ep=482/500 r=  576.20 avg10=  520.19 steps=1387 succ10=0.90 touch10=0.90 col10=0.10 to10=0.00 min_d= 0.30 avg_spd=2.15m/s end=goal t= 5010.4s
[TRAIN][PPO] ep=483/500 r=  580.37 avg10=  521.48 steps=1404 succ10=0.90 touch10=0.90 col10=0.10 to10=0.00 min_d= 0.30 avg_spd=2.14m/s end=goal t= 5022.8s
[TRAIN][PPO] ep=484/500 r=  580.72 avg10=  519.97 steps=1400 succ10=0.90 touch10=0.90 col10=0.10 to10=0.00 min_d= 0.30 avg_spd=2.14m/s end=goal t= 5036.0s
[TRAIN][PPO] ep=485/500 r=  580.24 avg10=  519.18 steps=1396 succ10=0.90 touch10=0.90 col10=0.10 to10=0.00 min_d= 0.30 avg_spd=2.16m/s end=goal t= 5048.2s
[TRAIN][PPO] ep=486/500 r=  573.84 avg10=  518.30 steps=1391 succ10=0.90 touch10=0.90 col10=0.10 to10=0.00 min_d= 0.30 avg_spd=2.15m/s end=goal t= 5060.5s
[TRAIN][PPO] ep=487/500 r=  572.27 avg10=  516.40 steps=1379 succ10=0.90 touch10=0.90 col10=0.10 to10=0.00 min_d= 0.30 avg_spd=2.16m/s end=goal t= 5072.6s
[TRAIN][PPO] ep=488/500 r=  578.23 avg10=  515.89 steps=1389 succ10=0.90 touch10=0.90 col10=0.10 to10=0.00 min_d= 0.30 avg_spd=2.16m/s end=goal t= 5085.7s
[TRAIN][PPO] ep=489/500 r=  586.29 avg10=  517.52 steps=1427 succ10=0.90 touch10=0.90 col10=0.10 to10=0.00 min_d= 0.30 avg_spd=2.16m/s end=goal t= 5098.4s
[TRAIN][PPO] ep=490/500 r=  590.45 avg10=  518.01 steps=1429 succ10=0.90 touch10=0.90 col10=0.10 to10=0.00 min_d= 0.30 avg_spd=2.16m/s end=goal t= 5111.1s
[TRAIN][PPO] ep=491/500 r=  572.21 avg10=  579.08 steps=1372 succ10=1.00 touch10=1.00 col10=0.00 to10=0.00 min_d= 0.30 avg_spd=2.17m/s end=goal t= 5123.2s
[TRAIN][PPO] ep=492/500 r=  582.30 avg10=  579.69 steps=1406 succ10=1.00 touch10=1.00 col10=0.00 to10=0.00 min_d= 0.30 avg_spd=2.15m/s end=goal t= 5136.7s
[TRAIN][PPO] ep=493/500 r=  578.30 avg10=  579.49 steps=1388 succ10=1.00 touch10=1.00 col10=0.00 to10=0.00 min_d= 0.30 avg_spd=2.15m/s end=goal t= 5148.9s
[TRAIN][PPO] ep=494/500 r=  588.61 avg10=  580.27 steps=1430 succ10=1.00 touch10=1.00 col10=0.00 to10=0.00 min_d= 0.30 avg_spd=2.16m/s end=goal t= 5161.5s
[TRAIN][PPO] ep=495/500 r=  574.72 avg10=  579.72 steps=1390 succ10=1.00 touch10=1.00 col10=0.00 to10=0.00 min_d= 0.30 avg_spd=2.14m/s end=goal t= 5173.7s
[TRAIN][PPO] ep=496/500 r=  586.95 avg10=  581.03 steps=1416 succ10=1.00 touch10=1.00 col10=0.00 to10=0.00 min_d= 0.30 avg_spd=2.15m/s end=goal t= 5187.1s
[TRAIN][PPO] ep=497/500 r=  582.04 avg10=  582.01 steps=1412 succ10=1.00 touch10=1.00 col10=0.00 to10=0.00 min_d= 0.30 avg_spd=2.14m/s end=goal t= 5199.6s
[TRAIN][PPO] ep=498/500 r=  -44.89 avg10=  519.70 steps=  20 succ10=0.90 touch10=0.90 col10=0.10 to10=0.00 min_d= 3.84 avg_spd=1.99m/s end=collision t= 5199.9s
[TRAIN][PPO] ep=499/500 r=  595.00 avg10=  520.57 steps=1441 succ10=0.90 touch10=0.90 col10=0.10 to10=0.00 min_d= 0.30 avg_spd=2.13m/s end=goal t= 5212.5s
INFO: PPO: Terminating.
[RUN] completed stage checkpoint=/uio/hume/student-u79/esbrovol/fys5429/DRL-Obstacle-Avoidance/controllers/PPO/checkpoints/moving_20260603_110455_step01_partial_moving_1_none_seed00_stage01_train_11_partial_moving/final_moving_20260603_110455_step01_partial_moving_1_none_seed00_stage01_train_11_partial_moving.pth
[RUN] curriculum complete arch=none seed=0
[MOVING] completed stage checkpoint=/uio/hume/student-u79/esbrovol/fys5429/DRL-Obstacle-Avoidance/controllers/PPO/checkpoints/moving_20260603_110455_step01_partial_moving_1_none_seed00_stage01_train_11_partial_moving/final_moving_20260603_110455_step01_partial_moving_1_none_seed00_stage01_train_11_partial_moving.pth
[MOVING] stage=2/5 name=partial_moving_3
[MOVING] resume_from=/uio/hume/student-u79/esbrovol/fys5429/DRL-Obstacle-Avoidance/controllers/PPO/checkpoints/moving_20260603_110455_step01_partial_moving_1_none_seed00_stage01_train_11_partial_moving/final_moving_20260603_110455_step01_partial_moving_1_none_seed00_stage01_train_11_partial_moving.pth
[MOVING] command=/uio/hume/student-u79/esbrovol/fys5429/DRL-Obstacle-Avoidance/venv/bin/python controllers/run.py worker --arch none --seed 0 --run-group moving_20260603_110455_step02_partial_moving_3 --resume-from /uio/hume/student-u79/esbrovol/fys5429/DRL-Obstacle-Avoidance/controllers/PPO/checkpoints/moving_20260603_110455_step01_partial_moving_1_none_seed00_stage01_train_11_partial_moving/final_moving_20260603_110455_step01_partial_moving_1_none_seed00_stage01_train_11_partial_moving.pth --worlds worlds/training/train_11_partial_moving.wbt --moving-obstacle-indices 0,1,2
[RUN] arch=none seed=0 stage=1/1 world=/uio/hume/student-u79/esbrovol/fys5429/DRL-Obstacle-Avoidance/worlds/training/train_11_partial_moving.wbt
[RUN] resuming from /uio/hume/student-u79/esbrovol/fys5429/DRL-Obstacle-Avoidance/controllers/PPO/checkpoints/moving_20260603_110455_step01_partial_moving_1_none_seed00_stage01_train_11_partial_moving/final_moving_20260603_110455_step01_partial_moving_1_none_seed00_stage01_train_11_partial_moving.pth
INFO: PPO: Starting controller: python3 -u PPO.py
[PPO] Using architecture: NONE
[PPO] Loaded architecture: NONE
[TRAIN][PPO] arch=NONE weights_dir=/uio/hume/student-u79/esbrovol/fys5429/DRL-Obstacle-Avoidance/controllers/PPO/checkpoints/moving_20260603_110455_step02_partial_moving_3_none_seed00_stage01_train_11_partial_moving final=/uio/hume/student-u79/esbrovol/fys5429/DRL-Obstacle-Avoidance/controllers/PPO/checkpoints/moving_20260603_110455_step02_partial_moving_3_none_seed00_stage01_train_11_partial_moving/final_moving_20260603_110455_step02_partial_moving_3_none_seed00_stage01_train_11_partial_moving.pth
[TRAIN][PPO] episodes=500 update_every=4 obs=31 act=2 cell=NONE seq=32 burn_in=0
[TRAIN][PPO] ep=001/500 r=   72.67 avg10=   72.67 steps= 364 succ10=0.00 touch10=0.00 col10=1.00 to10=0.00 min_d= 3.00 avg_spd=2.12m/s end=collision t=    3.4s ckpt=best
[TRAIN][PPO] ep=002/500 r=   74.72 avg10=   73.70 steps= 380 succ10=0.00 touch10=0.00 col10=1.00 to10=0.00 min_d= 3.02 avg_spd=2.06m/s end=collision t=    6.9s ckpt=best
[TRAIN][PPO] ep=003/500 r=   74.21 avg10=   73.87 steps= 370 succ10=0.00 touch10=0.00 col10=1.00 to10=0.00 min_d= 3.03 avg_spd=2.09m/s end=collision t=   10.3s
[TRAIN][PPO] ep=004/500 r=   70.92 avg10=   73.13 steps= 372 succ10=0.00 touch10=0.00 col10=1.00 to10=0.00 min_d= 3.07 avg_spd=1.99m/s end=collision t=   14.2s
[TRAIN][PPO] ep=005/500 r=   73.87 avg10=   73.28 steps= 373 succ10=0.00 touch10=0.00 col10=1.00 to10=0.00 min_d= 3.06 avg_spd=2.12m/s end=collision t=   17.6s
[TRAIN][PPO] ep=006/500 r=   70.14 avg10=   72.76 steps= 372 succ10=0.00 touch10=0.00 col10=1.00 to10=0.00 min_d= 3.02 avg_spd=2.01m/s end=collision t=   20.9s
[TRAIN][PPO] ep=007/500 r=  284.83 avg10=  103.05 steps=1062 succ10=0.00 touch10=0.00 col10=1.00 to10=0.00 min_d= 1.32 avg_spd=2.11m/s end=collision t=   30.4s ckpt=best
[TRAIN][PPO] ep=008/500 r=   73.47 avg10=   99.35 steps= 377 succ10=0.00 touch10=0.00 col10=1.00 to10=0.00 min_d= 3.11 avg_spd=2.01m/s end=collision t=   34.3s
[TRAIN][PPO] ep=009/500 r=   71.15 avg10=   96.22 steps= 362 succ10=0.00 touch10=0.00 col10=1.00 to10=0.00 min_d= 3.00 avg_spd=2.03m/s end=collision t=   37.5s
[TRAIN][PPO] ep=010/500 r=   75.97 avg10=   94.20 steps= 369 succ10=0.00 touch10=0.00 col10=1.00 to10=0.00 min_d= 3.01 avg_spd=2.15m/s end=collision t=   40.9s
[TRAIN][PPO] ep=011/500 r=   68.97 avg10=   93.83 steps= 360 succ10=0.00 touch10=0.00 col10=1.00 to10=0.00 min_d= 3.06 avg_spd=2.04m/s end=collision t=   44.1s
[TRAIN][PPO] ep=012/500 r=   71.57 avg10=   93.51 steps= 370 succ10=0.00 touch10=0.00 col10=1.00 to10=0.00 min_d= 3.02 avg_spd=2.06m/s end=collision t=   47.9s
[TRAIN][PPO] ep=013/500 r=   69.92 avg10=   93.08 steps= 362 succ10=0.00 touch10=0.00 col10=1.00 to10=0.00 min_d= 3.05 avg_spd=2.01m/s end=collision t=   51.0s
[TRAIN][PPO] ep=014/500 r=   69.49 avg10=   92.94 steps= 360 succ10=0.00 touch10=0.00 col10=1.00 to10=0.00 min_d= 3.03 avg_spd=2.07m/s end=collision t=   54.1s
[TRAIN][PPO] ep=015/500 r=  -39.58 avg10=   81.59 steps=  41 succ10=0.00 touch10=0.00 col10=1.00 to10=0.00 min_d= 3.84 avg_spd=2.05m/s end=collision t=   54.5s
[TRAIN][PPO] ep=016/500 r=   74.10 avg10=   81.99 steps= 367 succ10=0.00 touch10=0.00 col10=1.00 to10=0.00 min_d= 3.02 avg_spd=2.13m/s end=collision t=   57.9s
[TRAIN][PPO] ep=017/500 r=   74.81 avg10=   60.99 steps= 375 succ10=0.00 touch10=0.00 col10=1.00 to10=0.00 min_d= 3.04 avg_spd=2.03m/s end=collision t=   61.0s
[TRAIN][PPO] ep=018/500 r=   74.68 avg10=   61.11 steps= 368 succ10=0.00 touch10=0.00 col10=1.00 to10=0.00 min_d= 3.02 avg_spd=2.16m/s end=collision t=   64.3s
[TRAIN][PPO] ep=019/500 r=   75.28 avg10=   61.52 steps= 372 succ10=0.00 touch10=0.00 col10=1.00 to10=0.00 min_d= 3.05 avg_spd=2.09m/s end=collision t=   67.4s
[TRAIN][PPO] ep=020/500 r=   73.84 avg10=   61.31 steps= 370 succ10=0.00 touch10=0.00 col10=1.00 to10=0.00 min_d= 3.05 avg_spd=2.11m/s end=collision t=   71.1s
[TRAIN][PPO] ep=021/500 r=   76.43 avg10=   62.06 steps= 375 succ10=0.00 touch10=0.00 col10=1.00 to10=0.00 min_d= 3.06 avg_spd=2.08m/s end=collision t=   74.4s
[TRAIN][PPO] ep=022/500 r=   71.16 avg10=   62.01 steps= 363 succ10=0.00 touch10=0.00 col10=1.00 to10=0.00 min_d= 3.00 avg_spd=2.04m/s end=collision t=   77.6s
[TRAIN][PPO] ep=023/500 r=   79.04 avg10=   62.93 steps= 378 succ10=0.00 touch10=0.00 col10=1.00 to10=0.00 min_d= 3.02 avg_spd=2.14m/s end=collision t=   81.1s
[TRAIN][PPO] ep=024/500 r=   71.27 avg10=   63.10 steps= 361 succ10=0.00 touch10=0.00 col10=1.00 to10=0.00 min_d= 2.97 avg_spd=2.06m/s end=collision t=   84.6s
[TRAIN][PPO] ep=025/500 r=  -27.66 avg10=   64.30 steps= 120 succ10=0.00 touch10=0.00 col10=1.00 to10=0.00 min_d= 3.82 avg_spd=2.17m/s end=collision t=   85.7s
[TRAIN][PPO] ep=026/500 r=   73.86 avg10=   64.27 steps= 370 succ10=0.00 touch10=0.00 col10=1.00 to10=0.00 min_d= 3.07 avg_spd=2.05m/s end=collision t=   89.1s
[TRAIN][PPO] ep=027/500 r=   73.20 avg10=   64.11 steps= 365 succ10=0.00 touch10=0.00 col10=1.00 to10=0.00 min_d= 3.03 avg_spd=2.10m/s end=collision t=   92.4s
[TRAIN][PPO] ep=028/500 r=   73.00 avg10=   63.94 steps= 364 succ10=0.00 touch10=0.00 col10=1.00 to10=0.00 min_d= 3.02 avg_spd=2.09m/s end=collision t=   96.1s
[TRAIN][PPO] ep=029/500 r=   76.35 avg10=   64.05 steps= 380 succ10=0.00 touch10=0.00 col10=1.00 to10=0.00 min_d= 3.04 avg_spd=2.10m/s end=collision t=   99.6s
[TRAIN][PPO] ep=030/500 r=   73.35 avg10=   64.00 steps= 370 succ10=0.00 touch10=0.00 col10=1.00 to10=0.00 min_d= 3.06 avg_spd=2.06m/s end=collision t=  102.8s
[TRAIN][PPO] ep=031/500 r=   72.08 avg10=   63.56 steps= 369 succ10=0.00 touch10=0.00 col10=1.00 to10=0.00 min_d= 3.03 avg_spd=2.00m/s end=collision t=  106.2s
[TRAIN][PPO] ep=032/500 r=   73.12 avg10=   63.76 steps= 368 succ10=0.00 touch10=0.00 col10=1.00 to10=0.00 min_d= 3.00 avg_spd=2.10m/s end=collision t=  109.9s
[TRAIN][PPO] ep=033/500 r=   79.21 avg10=   63.78 steps= 381 succ10=0.00 touch10=0.00 col10=1.00 to10=0.00 min_d= 3.05 avg_spd=2.10m/s end=collision t=  113.3s
[TRAIN][PPO] ep=034/500 r=   74.18 avg10=   64.07 steps= 367 succ10=0.00 touch10=0.00 col10=1.00 to10=0.00 min_d= 3.00 avg_spd=2.05m/s end=collision t=  116.6s
[TRAIN][PPO] ep=035/500 r=   76.52 avg10=   74.49 steps= 369 succ10=0.00 touch10=0.00 col10=1.00 to10=0.00 min_d= 2.97 avg_spd=2.12m/s end=collision t=  119.9s
[TRAIN][PPO] ep=036/500 r=   78.47 avg10=   74.95 steps= 375 succ10=0.00 touch10=0.00 col10=1.00 to10=0.00 min_d= 2.99 avg_spd=2.16m/s end=collision t=  123.5s
[TRAIN][PPO] ep=037/500 r=   75.30 avg10=   75.16 steps= 368 succ10=0.00 touch10=0.00 col10=1.00 to10=0.00 min_d= 2.97 avg_spd=2.06m/s end=collision t=  126.8s
[TRAIN][PPO] ep=038/500 r=   74.81 avg10=   75.34 steps= 372 succ10=0.00 touch10=0.00 col10=1.00 to10=0.00 min_d= 2.96 avg_spd=2.08m/s end=collision t=  130.1s
[TRAIN][PPO] ep=039/500 r=   77.69 avg10=   75.47 steps= 373 succ10=0.00 touch10=0.00 col10=1.00 to10=0.00 min_d= 2.96 avg_spd=2.13m/s end=collision t=  133.4s
[TRAIN][PPO] ep=040/500 r=   73.68 avg10=   75.51 steps= 373 succ10=0.00 touch10=0.00 col10=1.00 to10=0.00 min_d= 2.96 avg_spd=2.10m/s end=collision t=  137.0s
[TRAIN][PPO] ep=041/500 r=   76.05 avg10=   75.90 steps= 369 succ10=0.00 touch10=0.00 col10=1.00 to10=0.00 min_d= 2.96 avg_spd=2.12m/s end=collision t=  140.4s
[TRAIN][PPO] ep=042/500 r=   77.24 avg10=   76.31 steps= 376 succ10=0.00 touch10=0.00 col10=1.00 to10=0.00 min_d= 3.04 avg_spd=2.13m/s end=collision t=  143.7s
[TRAIN][PPO] ep=043/500 r=   77.37 avg10=   76.13 steps= 374 succ10=0.00 touch10=0.00 col10=1.00 to10=0.00 min_d= 3.03 avg_spd=2.09m/s end=collision t=  147.2s
[TRAIN][PPO] ep=044/500 r=   77.72 avg10=   76.48 steps= 377 succ10=0.00 touch10=0.00 col10=1.00 to10=0.00 min_d= 3.03 avg_spd=2.11m/s end=collision t=  150.9s
[TRAIN][PPO] ep=045/500 r=   76.92 avg10=   76.52 steps= 373 succ10=0.00 touch10=0.00 col10=1.00 to10=0.00 min_d= 2.98 avg_spd=2.10m/s end=collision t=  154.2s
[TRAIN][PPO] ep=046/500 r=   74.56 avg10=   76.13 steps= 373 succ10=0.00 touch10=0.00 col10=1.00 to10=0.00 min_d= 2.98 avg_spd=2.08m/s end=collision t=  157.6s
[TRAIN][PPO] ep=047/500 r=   75.33 avg10=   76.14 steps= 376 succ10=0.00 touch10=0.00 col10=1.00 to10=0.00 min_d= 3.02 avg_spd=2.08m/s end=collision t=  161.0s
[TRAIN][PPO] ep=048/500 r=   71.70 avg10=   75.82 steps= 372 succ10=0.00 touch10=0.00 col10=1.00 to10=0.00 min_d= 3.04 avg_spd=1.97m/s end=collision t=  164.7s
[TRAIN][PPO] ep=049/500 r=   71.99 avg10=   75.26 steps= 375 succ10=0.00 touch10=0.00 col10=1.00 to10=0.00 min_d= 2.99 avg_spd=2.01m/s end=collision t=  168.1s
[TRAIN][PPO] ep=050/500 r=   77.70 avg10=   75.66 steps= 383 succ10=0.00 touch10=0.00 col10=1.00 to10=0.00 min_d= 3.07 avg_spd=2.02m/s end=collision t=  171.5s
[TRAIN][PPO] ep=051/500 r=   72.44 avg10=   75.30 steps= 369 succ10=0.00 touch10=0.00 col10=1.00 to10=0.00 min_d= 3.01 avg_spd=2.08m/s end=collision t=  174.9s
[TRAIN][PPO] ep=052/500 r=   73.42 avg10=   74.91 steps= 366 succ10=0.00 touch10=0.00 col10=1.00 to10=0.00 min_d= 3.00 avg_spd=2.05m/s end=collision t=  178.7s
[TRAIN][PPO] ep=053/500 r=   79.65 avg10=   75.14 steps= 382 succ10=0.00 touch10=0.00 col10=1.00 to10=0.00 min_d= 3.04 avg_spd=2.09m/s end=collision t=  182.2s
[TRAIN][PPO] ep=054/500 r=   73.92 avg10=   74.76 steps= 377 succ10=0.00 touch10=0.00 col10=1.00 to10=0.00 min_d= 2.97 avg_spd=2.09m/s end=collision t=  185.6s
[TRAIN][PPO] ep=055/500 r=   71.85 avg10=   74.26 steps= 366 succ10=0.00 touch10=0.00 col10=1.00 to10=0.00 min_d= 3.02 avg_spd=2.00m/s end=collision t=  188.9s
[TRAIN][PPO] ep=056/500 r=   72.59 avg10=   74.06 steps= 363 succ10=0.00 touch10=0.00 col10=1.00 to10=0.00 min_d= 2.99 avg_spd=2.09m/s end=collision t=  192.5s
[TRAIN][PPO] ep=057/500 r=  -29.30 avg10=   63.60 steps= 118 succ10=0.00 touch10=0.00 col10=1.00 to10=0.00 min_d= 3.83 avg_spd=2.18m/s end=collision t=  193.6s
[TRAIN][PPO] ep=058/500 r=   72.05 avg10=   63.63 steps= 367 succ10=0.00 touch10=0.00 col10=1.00 to10=0.00 min_d= 3.04 avg_spd=1.99m/s end=collision t=  196.9s
[TRAIN][PPO] ep=059/500 r=   69.92 avg10=   63.42 steps= 373 succ10=0.00 touch10=0.00 col10=1.00 to10=0.00 min_d= 3.04 avg_spd=1.94m/s end=collision t=  200.3s
[TRAIN][PPO] ep=060/500 r=   77.96 avg10=   63.45 steps= 377 succ10=0.00 touch10=0.00 col10=1.00 to10=0.00 min_d= 3.02 avg_spd=2.12m/s end=collision t=  204.1s
[TRAIN][PPO] ep=061/500 r=   79.15 avg10=   64.12 steps= 378 succ10=0.00 touch10=0.00 col10=1.00 to10=0.00 min_d= 2.99 avg_spd=2.14m/s end=collision t=  207.5s
[TRAIN][PPO] ep=062/500 r=   75.87 avg10=   64.37 steps= 374 succ10=0.00 touch10=0.00 col10=1.00 to10=0.00 min_d= 3.00 avg_spd=2.08m/s end=collision t=  210.8s
[TRAIN][PPO] ep=063/500 r=   76.38 avg10=   64.04 steps= 381 succ10=0.00 touch10=0.00 col10=1.00 to10=0.00 min_d= 3.09 avg_spd=1.96m/s end=collision t=  214.2s
[TRAIN][PPO] ep=064/500 r=   78.88 avg10=   64.53 steps= 381 succ10=0.00 touch10=0.00 col10=1.00 to10=0.00 min_d= 3.04 avg_spd=2.06m/s end=collision t=  218.0s
[TRAIN][PPO] ep=065/500 r=   73.82 avg10=   64.73 steps= 375 succ10=0.00 touch10=0.00 col10=1.00 to10=0.00 min_d= 3.07 avg_spd=1.98m/s end=collision t=  221.4s
[TRAIN][PPO] ep=066/500 r=   78.48 avg10=   65.32 steps= 384 succ10=0.00 touch10=0.00 col10=1.00 to10=0.00 min_d= 3.08 avg_spd=2.02m/s end=collision t=  224.9s
[TRAIN][PPO] ep=067/500 r=   74.54 avg10=   75.70 steps= 376 succ10=0.00 touch10=0.00 col10=1.00 to10=0.00 min_d= 3.05 avg_spd=1.95m/s end=collision t=  228.3s
[TRAIN][PPO] ep=068/500 r=   75.58 avg10=   76.06 steps= 377 succ10=0.00 touch10=0.00 col10=1.00 to10=0.00 min_d= 3.06 avg_spd=2.11m/s end=collision t=  232.1s
[TRAIN][PPO] ep=069/500 r=   74.56 avg10=   76.52 steps= 376 succ10=0.00 touch10=0.00 col10=1.00 to10=0.00 min_d= 3.03 avg_spd=2.05m/s end=collision t=  235.5s
[TRAIN][PPO] ep=070/500 r=   69.25 avg10=   75.65 steps= 359 succ10=0.00 touch10=0.00 col10=1.00 to10=0.00 min_d= 3.00 avg_spd=2.01m/s end=collision t=  238.7s
[TRAIN][PPO] ep=071/500 r=   74.07 avg10=   75.14 steps= 374 succ10=0.00 touch10=0.00 col10=1.00 to10=0.00 min_d= 3.05 avg_spd=2.07m/s end=collision t=  242.1s
[TRAIN][PPO] ep=072/500 r=   77.08 avg10=   75.26 steps= 376 succ10=0.00 touch10=0.00 col10=1.00 to10=0.00 min_d= 3.02 avg_spd=2.08m/s end=collision t=  245.8s
[TRAIN][PPO] ep=073/500 r=   72.93 avg10=   74.92 steps= 372 succ10=0.00 touch10=0.00 col10=1.00 to10=0.00 min_d= 3.00 avg_spd=2.02m/s end=collision t=  249.0s
[TRAIN][PPO] ep=074/500 r=   77.66 avg10=   74.80 steps= 384 succ10=0.00 touch10=0.00 col10=1.00 to10=0.00 min_d= 3.07 avg_spd=1.99m/s end=collision t=  252.4s
[TRAIN][PPO] ep=075/500 r=   74.21 avg10=   74.84 steps= 371 succ10=0.00 touch10=0.00 col10=1.00 to10=0.00 min_d= 3.01 avg_spd=1.97m/s end=collision t=  255.8s
[TRAIN][PPO] ep=076/500 r=   73.23 avg10=   74.31 steps= 366 succ10=0.00 touch10=0.00 col10=1.00 to10=0.00 min_d= 3.00 avg_spd=1.99m/s end=collision t=  259.4s
[TRAIN][PPO] ep=077/500 r=  275.27 avg10=   94.38 steps=1097 succ10=0.00 touch10=0.00 col10=1.00 to10=0.00 min_d= 1.49 avg_spd=2.12m/s end=collision t=  269.2s
[TRAIN][PPO] ep=078/500 r=   78.00 avg10=   94.62 steps= 381 succ10=0.00 touch10=0.00 col10=1.00 to10=0.00 min_d= 3.06 avg_spd=2.04m/s end=collision t=  272.7s
[TRAIN][PPO] ep=079/500 r=   77.01 avg10=   94.87 steps= 376 succ10=0.00 touch10=0.00 col10=1.00 to10=0.00 min_d= 3.00 avg_spd=2.08m/s end=collision t=  276.2s
[TRAIN][PPO] ep=080/500 r=   70.32 avg10=   94.98 steps= 366 succ10=0.00 touch10=0.00 col10=1.00 to10=0.00 min_d= 3.04 avg_spd=1.99m/s end=collision t=  280.4s
[TRAIN][PPO] ep=081/500 r=   78.74 avg10=   95.44 steps= 381 succ10=0.00 touch10=0.00 col10=1.00 to10=0.00 min_d= 3.05 avg_spd=2.07m/s end=collision t=  283.8s
[TRAIN][PPO] ep=082/500 r=   71.63 avg10=   94.90 steps= 379 succ10=0.00 touch10=0.00 col10=1.00 to10=0.00 min_d= 3.10 avg_spd=1.91m/s end=collision t=  287.3s
[TRAIN][PPO] ep=083/500 r=   74.39 avg10=   95.05 steps= 380 succ10=0.00 touch10=0.00 col10=1.00 to10=0.00 min_d= 3.04 avg_spd=2.01m/s end=collision t=  290.7s
[TRAIN][PPO] ep=084/500 r=   74.27 avg10=   94.71 steps= 374 succ10=0.00 touch10=0.00 col10=1.00 to10=0.00 min_d= 2.99 avg_spd=2.02m/s end=collision t=  294.3s
[TRAIN][PPO] ep=085/500 r=   79.98 avg10=   95.28 steps= 383 succ10=0.00 touch10=0.00 col10=1.00 to10=0.00 min_d= 3.02 avg_spd=2.11m/s end=collision t=  297.7s
[TRAIN][PPO] ep=086/500 r=   73.12 avg10=   95.27 steps= 371 succ10=0.00 touch10=0.00 col10=1.00 to10=0.00 min_d= 3.02 avg_spd=1.94m/s end=collision t=  301.1s
[TRAIN][PPO] ep=087/500 r=   73.64 avg10=   75.11 steps= 381 succ10=0.00 touch10=0.00 col10=1.00 to10=0.00 min_d= 3.09 avg_spd=2.04m/s end=collision t=  304.5s
[TRAIN][PPO] ep=088/500 r=   77.34 avg10=   75.05 steps= 376 succ10=0.00 touch10=0.00 col10=1.00 to10=0.00 min_d= 3.00 avg_spd=2.03m/s end=collision t=  308.2s
[TRAIN][PPO] ep=089/500 r=   75.27 avg10=   74.87 steps= 375 succ10=0.00 touch10=0.00 col10=1.00 to10=0.00 min_d= 3.03 avg_spd=2.01m/s end=collision t=  311.7s
[TRAIN][PPO] ep=090/500 r=   75.24 avg10=   75.36 steps= 371 succ10=0.00 touch10=0.00 col10=1.00 to10=0.00 min_d= 2.98 avg_spd=2.00m/s end=collision t=  315.0s
[TRAIN][PPO] ep=091/500 r=   70.51 avg10=   74.54 steps= 368 succ10=0.00 touch10=0.00 col10=1.00 to10=0.00 min_d= 3.01 avg_spd=1.97m/s end=collision t=  318.3s
[TRAIN][PPO] ep=092/500 r=   73.57 avg10=   74.73 steps= 368 succ10=0.00 touch10=0.00 col10=1.00 to10=0.00 min_d= 2.97 avg_spd=2.03m/s end=collision t=  322.0s
[TRAIN][PPO] ep=093/500 r=   70.94 avg10=   74.39 steps= 366 succ10=0.00 touch10=0.00 col10=1.00 to10=0.00 min_d= 3.02 avg_spd=2.00m/s end=collision t=  325.3s
[TRAIN][PPO] ep=094/500 r=   73.87 avg10=   74.35 steps= 373 succ10=0.00 touch10=0.00 col10=1.00 to10=0.00 min_d= 3.05 avg_spd=1.98m/s end=collision t=  328.6s
[TRAIN][PPO] ep=095/500 r=   79.42 avg10=   74.29 steps= 381 succ10=0.00 touch10=0.00 col10=1.00 to10=0.00 min_d= 3.03 avg_spd=2.09m/s end=collision t=  332.1s
[TRAIN][PPO] ep=096/500 r=   77.19 avg10=   74.70 steps= 377 succ10=0.00 touch10=0.00 col10=1.00 to10=0.00 min_d= 3.02 avg_spd=2.04m/s end=collision t=  335.8s
[TRAIN][PPO] ep=097/500 r=   78.65 avg10=   75.20 steps= 388 succ10=0.00 touch10=0.00 col10=1.00 to10=0.00 min_d= 3.09 avg_spd=1.99m/s end=collision t=  339.3s
[TRAIN][PPO] ep=098/500 r=  271.62 avg10=   94.63 steps=1078 succ10=0.00 touch10=0.00 col10=1.00 to10=0.00 min_d= 1.46 avg_spd=2.12m/s end=collision t=  349.0s
[TRAIN][PPO] ep=099/500 r=   75.31 avg10=   94.63 steps= 382 succ10=0.00 touch10=0.00 col10=1.00 to10=0.00 min_d= 2.99 avg_spd=2.00m/s end=collision t=  352.4s
[TRAIN][PPO] ep=100/500 r=   73.22 avg10=   94.43 steps= 371 succ10=0.00 touch10=0.00 col10=1.00 to10=0.00 min_d= 3.03 avg_spd=1.95m/s end=collision t=  356.4s ckpt=latest
[TRAIN][PPO] ep=101/500 r=   78.25 avg10=   95.20 steps= 388 succ10=0.00 touch10=0.00 col10=1.00 to10=0.00 min_d= 3.10 avg_spd=1.99m/s end=collision t=  359.9s
[TRAIN][PPO] ep=102/500 r=   76.55 avg10=   95.50 steps= 382 succ10=0.00 touch10=0.00 col10=1.00 to10=0.00 min_d= 3.06 avg_spd=2.06m/s end=collision t=  363.3s
[TRAIN][PPO] ep=103/500 r=   78.40 avg10=   96.25 steps= 390 succ10=0.00 touch10=0.00 col10=1.00 to10=0.00 min_d= 3.11 avg_spd=1.98m/s end=collision t=  366.7s
[TRAIN][PPO] ep=104/500 r=   77.50 avg10=   96.61 steps= 383 succ10=0.00 touch10=0.00 col10=1.00 to10=0.00 min_d= 3.06 avg_spd=2.07m/s end=collision t=  370.5s
[TRAIN][PPO] ep=105/500 r=   76.98 avg10=   96.37 steps= 379 succ10=0.00 touch10=0.00 col10=1.00 to10=0.00 min_d= 3.05 avg_spd=2.06m/s end=collision t=  374.0s
[TRAIN][PPO] ep=106/500 r=   75.33 avg10=   96.18 steps= 376 succ10=0.00 touch10=0.00 col10=1.00 to10=0.00 min_d= 3.03 avg_spd=1.93m/s end=collision t=  377.4s
[TRAIN][PPO] ep=107/500 r=   77.60 avg10=   96.08 steps= 387 succ10=0.00 touch10=0.00 col10=1.00 to10=0.00 min_d= 3.10 avg_spd=1.98m/s end=collision t=  380.9s
[TRAIN][PPO] ep=108/500 r=   76.88 avg10=   76.60 steps= 378 succ10=0.00 touch10=0.00 col10=1.00 to10=0.00 min_d= 3.03 avg_spd=2.08m/s end=collision t=  384.6s
[TRAIN][PPO] ep=109/500 r=   76.00 avg10=   76.67 steps= 376 succ10=0.00 touch10=0.00 col10=1.00 to10=0.00 min_d= 3.03 avg_spd=1.97m/s end=collision t=  388.0s
[TRAIN][PPO] ep=110/500 r=  298.11 avg10=   99.16 steps=1189 succ10=0.00 touch10=0.00 col10=1.00 to10=0.00 min_d= 1.38 avg_spd=2.08m/s end=collision t=  398.4s ckpt=best
[TRAIN][PPO] ep=111/500 r=   77.11 avg10=   99.05 steps= 375 succ10=0.00 touch10=0.00 col10=1.00 to10=0.00 min_d= 2.97 avg_spd=2.06m/s end=collision t=  401.7s
[TRAIN][PPO] ep=112/500 r=   76.98 avg10=   99.09 steps= 378 succ10=0.00 touch10=0.00 col10=1.00 to10=0.00 min_d= 3.04 avg_spd=2.07m/s end=collision t=  405.6s
[TRAIN][PPO] ep=113/500 r=   76.80 avg10=   98.93 steps= 384 succ10=0.00 touch10=0.00 col10=1.00 to10=0.00 min_d= 3.08 avg_spd=1.97m/s end=collision t=  409.1s
[TRAIN][PPO] ep=114/500 r=   73.52 avg10=   98.53 steps= 373 succ10=0.00 touch10=0.00 col10=1.00 to10=0.00 min_d= 3.04 avg_spd=2.05m/s end=collision t=  412.4s
[TRAIN][PPO] ep=115/500 r=   78.99 avg10=   98.73 steps= 386 succ10=0.00 touch10=0.00 col10=1.00 to10=0.00 min_d= 3.09 avg_spd=2.01m/s end=collision t=  415.9s
[TRAIN][PPO] ep=116/500 r=   78.61 avg10=   99.06 steps= 376 succ10=0.00 touch10=0.00 col10=1.00 to10=0.00 min_d= 2.95 avg_spd=2.13m/s end=collision t=  419.6s
[TRAIN][PPO] ep=117/500 r=   79.58 avg10=   99.26 steps= 386 succ10=0.00 touch10=0.00 col10=1.00 to10=0.00 min_d= 3.06 avg_spd=2.05m/s end=collision t=  423.0s
[TRAIN][PPO] ep=118/500 r=   77.21 avg10=   99.29 steps= 378 succ10=0.00 touch10=0.00 col10=1.00 to10=0.00 min_d= 3.03 avg_spd=2.01m/s end=collision t=  426.4s
[TRAIN][PPO] ep=119/500 r=   76.32 avg10=   99.32 steps= 388 succ10=0.00 touch10=0.00 col10=1.00 to10=0.00 min_d= 3.06 avg_spd=2.05m/s end=collision t=  429.9s
[TRAIN][PPO] ep=120/500 r=   80.07 avg10=   77.52 steps= 383 succ10=0.00 touch10=0.00 col10=1.00 to10=0.00 min_d= 3.02 avg_spd=2.09m/s end=collision t=  433.6s
[TRAIN][PPO] ep=121/500 r=   78.79 avg10=   77.69 steps= 379 succ10=0.00 touch10=0.00 col10=1.00 to10=0.00 min_d= 3.00 avg_spd=2.06m/s end=collision t=  437.0s
[TRAIN][PPO] ep=122/500 r=   74.12 avg10=   77.40 steps= 375 succ10=0.00 touch10=0.00 col10=1.00 to10=0.00 min_d= 3.01 avg_spd=2.01m/s end=collision t=  440.3s
[TRAIN][PPO] ep=123/500 r=   77.50 avg10=   77.47 steps= 377 succ10=0.00 touch10=0.00 col10=1.00 to10=0.00 min_d= 2.99 avg_spd=2.03m/s end=collision t=  443.7s
[TRAIN][PPO] ep=124/500 r=   76.95 avg10=   77.81 steps= 377 succ10=0.00 touch10=0.00 col10=1.00 to10=0.00 min_d= 3.00 avg_spd=2.01m/s end=collision t=  447.4s
[TRAIN][PPO] ep=125/500 r=   77.18 avg10=   77.63 steps= 387 succ10=0.00 touch10=0.00 col10=1.00 to10=0.00 min_d= 3.05 avg_spd=2.04m/s end=collision t=  450.9s
[TRAIN][PPO] ep=126/500 r=   77.44 avg10=   77.52 steps= 381 succ10=0.00 touch10=0.00 col10=1.00 to10=0.00 min_d= 3.01 avg_spd=2.06m/s end=collision t=  454.2s
[TRAIN][PPO] ep=127/500 r=   79.10 avg10=   77.47 steps= 380 succ10=0.00 touch10=0.00 col10=1.00 to10=0.00 min_d= 2.99 avg_spd=2.09m/s end=collision t=  457.6s
[TRAIN][PPO] ep=128/500 r=   76.31 avg10=   77.38 steps= 374 succ10=0.00 touch10=0.00 col10=1.00 to10=0.00 min_d= 2.96 avg_spd=2.05m/s end=collision t=  461.2s
[TRAIN][PPO] ep=129/500 r=   80.28 avg10=   77.77 steps= 387 succ10=0.00 touch10=0.00 col10=1.00 to10=0.00 min_d= 3.05 avg_spd=2.04m/s end=collision t=  464.8s
[TRAIN][PPO] ep=130/500 r=   78.81 avg10=   77.65 steps= 388 succ10=0.00 touch10=0.00 col10=1.00 to10=0.00 min_d= 3.09 avg_spd=2.00m/s end=collision t=  468.4s
[TRAIN][PPO] ep=131/500 r=   71.39 avg10=   76.91 steps= 371 succ10=0.00 touch10=0.00 col10=1.00 to10=0.00 min_d= 3.02 avg_spd=1.98m/s end=collision t=  471.8s
[TRAIN][PPO] ep=132/500 r=  -33.74 avg10=   66.12 steps= 119 succ10=0.00 touch10=0.00 col10=1.00 to10=0.00 min_d= 3.81 avg_spd=2.16m/s end=collision t=  473.3s
[TRAIN][PPO] ep=133/500 r=   75.99 avg10=   65.97 steps= 382 succ10=0.00 touch10=0.00 col10=1.00 to10=0.00 min_d= 3.04 avg_spd=2.08m/s end=collision t=  476.7s
[TRAIN][PPO] ep=134/500 r=   79.49 avg10=   66.23 steps= 386 succ10=0.00 touch10=0.00 col10=1.00 to10=0.00 min_d= 3.02 avg_spd=2.12m/s end=collision t=  480.2s
[TRAIN][PPO] ep=135/500 r=   75.86 avg10=   66.09 steps= 379 succ10=0.00 touch10=0.00 col10=1.00 to10=0.00 min_d= 3.07 avg_spd=1.97m/s end=collision t=  483.5s
[TRAIN][PPO] ep=136/500 r=  -37.80 avg10=   54.57 steps=  96 succ10=0.00 touch10=0.00 col10=1.00 to10=0.00 min_d= 3.81 avg_spd=2.23m/s end=collision t=  484.6s
[TRAIN][PPO] ep=137/500 r=   75.27 avg10=   54.19 steps= 379 succ10=0.00 touch10=0.00 col10=1.00 to10=0.00 min_d= 3.07 avg_spd=1.99m/s end=collision t=  488.0s
[TRAIN][PPO] ep=138/500 r=  -28.58 avg10=   43.70 steps= 126 succ10=0.00 touch10=0.00 col10=1.00 to10=0.00 min_d= 3.81 avg_spd=2.08m/s end=collision t=  489.2s
[TRAIN][PPO] ep=139/500 r=   77.66 avg10=   43.44 steps= 382 succ10=0.00 touch10=0.00 col10=1.00 to10=0.00 min_d= 3.06 avg_spd=2.09m/s end=collision t=  492.6s
[TRAIN][PPO] ep=140/500 r=   75.79 avg10=   43.13 steps= 372 succ10=0.00 touch10=0.00 col10=1.00 to10=0.00 min_d= 2.96 avg_spd=2.02m/s end=collision t=  496.2s
[TRAIN][PPO] ep=141/500 r=   79.73 avg10=   43.97 steps= 384 succ10=0.00 touch10=0.00 col10=1.00 to10=0.00 min_d= 3.04 avg_spd=2.06m/s end=collision t=  499.6s
[TRAIN][PPO] ep=142/500 r=   72.15 avg10=   54.56 steps= 364 succ10=0.00 touch10=0.00 col10=1.00 to10=0.00 min_d= 2.97 avg_spd=2.06m/s end=collision t=  502.9s
[TRAIN][PPO] ep=143/500 r=   78.07 avg10=   54.76 steps= 382 succ10=0.00 touch10=0.00 col10=1.00 to10=0.00 min_d= 3.04 avg_spd=2.05m/s end=collision t=  506.3s
[TRAIN][PPO] ep=144/500 r=   79.61 avg10=   54.78 steps= 382 succ10=0.00 touch10=0.00 col10=1.00 to10=0.00 min_d= 3.03 avg_spd=2.06m/s end=collision t=  509.9s
[TRAIN][PPO] ep=145/500 r=   76.64 avg10=   54.85 steps= 377 succ10=0.00 touch10=0.00 col10=1.00 to10=0.00 min_d= 3.05 avg_spd=2.01m/s end=collision t=  513.3s
[TRAIN][PPO] ep=146/500 r=   76.75 avg10=   66.31 steps= 376 succ10=0.00 touch10=0.00 col10=1.00 to10=0.00 min_d= 3.02 avg_spd=1.98m/s end=collision t=  516.6s
[TRAIN][PPO] ep=147/500 r=   71.84 avg10=   65.96 steps= 377 succ10=0.00 touch10=0.00 col10=1.00 to10=0.00 min_d= 3.05 avg_spd=1.93m/s end=collision t=  520.0s
[TRAIN][PPO] ep=148/500 r=   77.08 avg10=   76.53 steps= 381 succ10=0.00 touch10=0.00 col10=1.00 to10=0.00 min_d= 3.04 avg_spd=2.07m/s end=collision t=  523.8s
[TRAIN][PPO] ep=149/500 r=   76.95 avg10=   76.46 steps= 381 succ10=0.00 touch10=0.00 col10=1.00 to10=0.00 min_d= 2.93 avg_spd=2.05m/s end=collision t=  527.2s
[TRAIN][PPO] ep=150/500 r=   79.11 avg10=   76.79 steps= 385 succ10=0.00 touch10=0.00 col10=1.00 to10=0.00 min_d= 3.05 avg_spd=2.02m/s end=collision t=  530.6s
[TRAIN][PPO] ep=151/500 r=   80.09 avg10=   76.83 steps= 390 succ10=0.00 touch10=0.00 col10=1.00 to10=0.00 min_d= 3.08 avg_spd=2.00m/s end=collision t=  534.1s
[TRAIN][PPO] ep=152/500 r=   73.10 avg10=   76.92 steps= 370 succ10=0.00 touch10=0.00 col10=1.00 to10=0.00 min_d= 3.02 avg_spd=2.03m/s end=collision t=  537.7s
[TRAIN][PPO] ep=153/500 r=   72.91 avg10=   76.41 steps= 370 succ10=0.00 touch10=0.00 col10=1.00 to10=0.00 min_d= 3.03 avg_spd=1.95m/s end=collision t=  540.9s
[TRAIN][PPO] ep=154/500 r=   78.51 avg10=   76.30 steps= 384 succ10=0.00 touch10=0.00 col10=1.00 to10=0.00 min_d= 3.06 avg_spd=2.00m/s end=collision t=  544.3s
[TRAIN][PPO] ep=155/500 r=   78.67 avg10=   76.50 steps= 385 succ10=0.00 touch10=0.00 col10=1.00 to10=0.00 min_d= 3.07 avg_spd=2.03m/s end=collision t=  547.8s
[TRAIN][PPO] ep=156/500 r=   74.11 avg10=   76.24 steps= 369 succ10=0.00 touch10=0.00 col10=1.00 to10=0.00 min_d= 3.01 avg_spd=2.01m/s end=collision t=  551.3s
[TRAIN][PPO] ep=157/500 r=   74.61 avg10=   76.51 steps= 374 succ10=0.00 touch10=0.00 col10=1.00 to10=0.00 min_d= 2.98 avg_spd=2.00m/s end=collision t=  554.6s
[TRAIN][PPO] ep=158/500 r=   73.73 avg10=   76.18 steps= 368 succ10=0.00 touch10=0.00 col10=1.00 to10=0.00 min_d= 2.97 avg_spd=2.05m/s end=collision t=  557.8s
[TRAIN][PPO] ep=159/500 r=   73.33 avg10=   75.82 steps= 368 succ10=0.00 touch10=0.00 col10=1.00 to10=0.00 min_d= 2.98 avg_spd=2.03m/s end=collision t=  561.1s
[TRAIN][PPO] ep=160/500 r=  282.53 avg10=   96.16 steps=1096 succ10=0.00 touch10=0.00 col10=1.00 to10=0.00 min_d= 1.49 avg_spd=2.12m/s end=collision t=  571.7s
[TRAIN][PPO] ep=161/500 r=   75.81 avg10=   95.73 steps= 374 succ10=0.00 touch10=0.00 col10=1.00 to10=0.00 min_d= 3.02 avg_spd=2.07m/s end=collision t=  575.1s
[TRAIN][PPO] ep=162/500 r=   75.84 avg10=   96.01 steps= 385 succ10=0.00 touch10=0.00 col10=1.00 to10=0.00 min_d= 3.02 avg_spd=2.05m/s end=collision t=  578.5s
[TRAIN][PPO] ep=163/500 r=   75.30 avg10=   96.25 steps= 373 succ10=0.00 touch10=0.00 col10=1.00 to10=0.00 min_d= 3.01 avg_spd=2.06m/s end=collision t=  581.9s
[TRAIN][PPO] ep=164/500 r=   74.02 avg10=   95.80 steps= 370 succ10=0.00 touch10=0.00 col10=1.00 to10=0.00 min_d= 2.99 avg_spd=2.01m/s end=collision t=  585.5s
[TRAIN][PPO] ep=165/500 r=   76.87 avg10=   95.62 steps= 379 succ10=0.00 touch10=0.00 col10=1.00 to10=0.00 min_d= 3.06 avg_spd=2.03m/s end=collision t=  588.9s
[TRAIN][PPO] ep=166/500 r=   77.78 avg10=   95.98 steps= 381 succ10=0.00 touch10=0.00 col10=1.00 to10=0.00 min_d= 3.06 avg_spd=2.03m/s end=collision t=  592.3s
[TRAIN][PPO] ep=167/500 r=   75.68 avg10=   96.09 steps= 374 succ10=0.00 touch10=0.00 col10=1.00 to10=0.00 min_d= 3.02 avg_spd=2.09m/s end=collision t=  595.6s
[TRAIN][PPO] ep=168/500 r=   78.39 avg10=   96.56 steps= 382 succ10=0.00 touch10=0.00 col10=1.00 to10=0.00 min_d= 3.01 avg_spd=2.08m/s end=collision t=  599.4s
[TRAIN][PPO] ep=169/500 r=   79.07 avg10=   97.13 steps= 384 succ10=0.00 touch10=0.00 col10=1.00 to10=0.00 min_d= 3.06 avg_spd=2.07m/s end=collision t=  602.9s
[TRAIN][PPO] ep=170/500 r=   77.52 avg10=   76.63 steps= 382 succ10=0.00 touch10=0.00 col10=1.00 to10=0.00 min_d= 3.06 avg_spd=2.07m/s end=collision t=  606.3s
[TRAIN][PPO] ep=171/500 r=   73.79 avg10=   76.43 steps= 371 succ10=0.00 touch10=0.00 col10=1.00 to10=0.00 min_d= 3.02 avg_spd=2.01m/s end=collision t=  609.5s
[TRAIN][PPO] ep=172/500 r=   75.81 avg10=   76.42 steps= 376 succ10=0.00 touch10=0.00 col10=1.00 to10=0.00 min_d= 3.05 avg_spd=2.08m/s end=collision t=  613.2s
[TRAIN][PPO] ep=173/500 r=   73.16 avg10=   76.21 steps= 371 succ10=0.00 touch10=0.00 col10=1.00 to10=0.00 min_d= 3.03 avg_spd=1.94m/s end=collision t=  616.5s
[TRAIN][PPO] ep=174/500 r=  275.90 avg10=   96.40 steps=1101 succ10=0.00 touch10=0.00 col10=1.00 to10=0.00 min_d= 1.49 avg_spd=2.13m/s end=collision t=  626.2s
[TRAIN][PPO] ep=175/500 r=   75.86 avg10=   96.29 steps= 379 succ10=0.00 touch10=0.00 col10=1.00 to10=0.00 min_d= 3.02 avg_spd=2.06m/s end=collision t=  629.5s
[TRAIN][PPO] ep=176/500 r=  279.64 avg10=  116.48 steps=1093 succ10=0.00 touch10=0.00 col10=1.00 to10=0.00 min_d= 1.48 avg_spd=2.11m/s end=collision t=  639.8s
[TRAIN][PPO] ep=177/500 r=   76.39 avg10=  116.55 steps= 379 succ10=0.00 touch10=0.00 col10=1.00 to10=0.00 min_d= 3.06 avg_spd=2.01m/s end=collision t=  643.2s
[TRAIN][PPO] ep=178/500 r=   77.04 avg10=  116.42 steps= 379 succ10=0.00 touch10=0.00 col10=1.00 to10=0.00 min_d= 3.06 avg_spd=2.04m/s end=collision t=  646.6s
[TRAIN][PPO] ep=179/500 r=   72.71 avg10=  115.78 steps= 377 succ10=0.00 touch10=0.00 col10=1.00 to10=0.00 min_d= 3.02 avg_spd=2.01m/s end=collision t=  650.0s
[TRAIN][PPO] ep=180/500 r=   78.64 avg10=  115.89 steps= 383 succ10=0.00 touch10=0.00 col10=1.00 to10=0.00 min_d= 3.06 avg_spd=2.08m/s end=collision t=  654.1s
[TRAIN][PPO] ep=181/500 r=  288.12 avg10=  137.33 steps=1204 succ10=0.00 touch10=0.00 col10=1.00 to10=0.00 min_d= 1.29 avg_spd=2.06m/s end=collision t=  664.9s
[TRAIN][PPO] ep=182/500 r=   75.32 avg10=  137.28 steps= 373 succ10=0.00 touch10=0.00 col10=1.00 to10=0.00 min_d= 3.00 avg_spd=2.04m/s end=collision t=  668.2s
[TRAIN][PPO] ep=183/500 r=   73.93 avg10=  137.35 steps= 385 succ10=0.00 touch10=0.00 col10=1.00 to10=0.00 min_d= 3.10 avg_spd=1.95m/s end=collision t=  671.6s
[TRAIN][PPO] ep=184/500 r=   76.44 avg10=  117.41 steps= 377 succ10=0.00 touch10=0.00 col10=1.00 to10=0.00 min_d= 3.02 avg_spd=2.06m/s end=collision t=  675.6s
[TRAIN][PPO] ep=185/500 r=   77.93 avg10=  117.62 steps= 384 succ10=0.00 touch10=0.00 col10=1.00 to10=0.00 min_d= 3.09 avg_spd=2.02m/s end=collision t=  679.0s
[TRAIN][PPO] ep=186/500 r=   77.96 avg10=   97.45 steps= 377 succ10=0.00 touch10=0.00 col10=1.00 to10=0.00 min_d= 2.99 avg_spd=2.04m/s end=collision t=  682.4s
[TRAIN][PPO] ep=187/500 r=   79.06 avg10=   97.71 steps= 388 succ10=0.00 touch10=0.00 col10=1.00 to10=0.00 min_d= 3.03 avg_spd=2.08m/s end=collision t=  685.9s
[TRAIN][PPO] ep=188/500 r=   79.23 avg10=   97.93 steps= 380 succ10=0.00 touch10=0.00 col10=1.00 to10=0.00 min_d= 2.98 avg_spd=2.08m/s end=collision t=  689.6s
[TRAIN][PPO] ep=189/500 r=   73.07 avg10=   97.97 steps= 378 succ10=0.00 touch10=0.00 col10=1.00 to10=0.00 min_d= 3.00 avg_spd=1.99m/s end=collision t=  693.0s
[TRAIN][PPO] ep=190/500 r=  -43.94 avg10=   85.71 steps=  24 succ10=0.00 touch10=0.00 col10=1.00 to10=0.00 min_d= 3.84 avg_spd=2.05m/s end=collision t=  693.3s
[TRAIN][PPO] ep=191/500 r=   78.41 avg10=   64.74 steps= 382 succ10=0.00 touch10=0.00 col10=1.00 to10=0.00 min_d= 3.05 avg_spd=2.01m/s end=collision t=  696.6s
[TRAIN][PPO] ep=192/500 r=   80.17 avg10=   65.23 steps= 387 succ10=0.00 touch10=0.00 col10=1.00 to10=0.00 min_d= 3.06 avg_spd=2.03m/s end=collision t=  700.5s
[TRAIN][PPO] ep=193/500 r=   71.23 avg10=   64.96 steps= 367 succ10=0.00 touch10=0.00 col10=1.00 to10=0.00 min_d= 3.03 avg_spd=1.97m/s end=collision t=  703.7s
[TRAIN][PPO] ep=194/500 r=   74.90 avg10=   64.80 steps= 376 succ10=0.00 touch10=0.00 col10=1.00 to10=0.00 min_d= 3.05 avg_spd=2.01m/s end=collision t=  707.1s
[TRAIN][PPO] ep=195/500 r=  277.62 avg10=   84.77 steps=1082 succ10=0.00 touch10=0.00 col10=1.00 to10=0.00 min_d= 1.47 avg_spd=2.11m/s end=collision t=  716.8s
[TRAIN][PPO] ep=196/500 r=   79.59 avg10=   84.93 steps= 383 succ10=0.00 touch10=0.00 col10=1.00 to10=0.00 min_d= 3.03 avg_spd=2.12m/s end=collision t=  720.9s
[TRAIN][PPO] ep=197/500 r=   73.79 avg10=   84.41 steps= 370 succ10=0.00 touch10=0.00 col10=1.00 to10=0.00 min_d= 3.00 avg_spd=2.00m/s end=collision t=  724.4s
[TRAIN][PPO] ep=198/500 r=   79.70 avg10=   84.45 steps= 385 succ10=0.00 touch10=0.00 col10=1.00 to10=0.00 min_d= 3.04 avg_spd=2.02m/s end=collision t=  727.9s
[TRAIN][PPO] ep=199/500 r=   72.71 avg10=   84.42 steps= 380 succ10=0.00 touch10=0.00 col10=1.00 to10=0.00 min_d= 3.04 avg_spd=2.03m/s end=collision t=  731.3s
[TRAIN][PPO] ep=200/500 r=   77.24 avg10=   96.54 steps= 380 succ10=0.00 touch10=0.00 col10=1.00 to10=0.00 min_d= 3.03 avg_spd=2.11m/s end=collision t=  735.1s ckpt=latest
[TRAIN][PPO] ep=201/500 r=   78.69 avg10=   96.56 steps= 386 succ10=0.00 touch10=0.00 col10=1.00 to10=0.00 min_d= 3.08 avg_spd=2.03m/s end=collision t=  738.5s
[TRAIN][PPO] ep=202/500 r=   76.86 avg10=   96.23 steps= 379 succ10=0.00 touch10=0.00 col10=1.00 to10=0.00 min_d= 3.05 avg_spd=2.05m/s end=collision t=  741.9s
[TRAIN][PPO] ep=203/500 r=   76.39 avg10=   96.75 steps= 379 succ10=0.00 touch10=0.00 col10=1.00 to10=0.00 min_d= 3.07 avg_spd=1.99m/s end=collision t=  745.3s
[TRAIN][PPO] ep=204/500 r=  -44.15 avg10=   84.84 steps=  26 succ10=0.00 touch10=0.00 col10=1.00 to10=0.00 min_d= 3.84 avg_spd=1.85m/s end=collision t=  746.1s
[TRAIN][PPO] ep=205/500 r=   74.91 avg10=   64.57 steps= 376 succ10=0.00 touch10=0.00 col10=1.00 to10=0.00 min_d= 3.05 avg_spd=2.05m/s end=collision t=  749.5s
[TRAIN][PPO] ep=206/500 r=   78.94 avg10=   64.51 steps= 383 succ10=0.00 touch10=0.00 col10=1.00 to10=0.00 min_d= 3.05 avg_spd=1.98m/s end=collision t=  752.8s
[TRAIN][PPO] ep=207/500 r=   73.64 avg10=   64.49 steps= 374 succ10=0.00 touch10=0.00 col10=1.00 to10=0.00 min_d= 3.03 avg_spd=1.99m/s end=collision t=  756.2s
[TRAIN][PPO] ep=208/500 r=   73.44 avg10=   63.87 steps= 371 succ10=0.00 touch10=0.00 col10=1.00 to10=0.00 min_d= 2.98 avg_spd=2.01m/s end=collision t=  759.9s
[TRAIN][PPO] ep=209/500 r=   72.06 avg10=   63.80 steps= 381 succ10=0.00 touch10=0.00 col10=1.00 to10=0.00 min_d= 3.11 avg_spd=1.84m/s end=collision t=  763.3s
[TRAIN][PPO] ep=210/500 r=   77.21 avg10=   63.80 steps= 387 succ10=0.00 touch10=0.00 col10=1.00 to10=0.00 min_d= 3.11 avg_spd=1.99m/s end=collision t=  766.8s
[TRAIN][PPO] ep=211/500 r=   74.01 avg10=   63.33 steps= 382 succ10=0.00 touch10=0.00 col10=1.00 to10=0.00 min_d= 3.05 avg_spd=1.99m/s end=collision t=  770.2s
[TRAIN][PPO] ep=212/500 r=   76.27 avg10=   63.27 steps= 382 succ10=0.00 touch10=0.00 col10=1.00 to10=0.00 min_d= 3.08 avg_spd=2.05m/s end=collision t=  774.1s
[TRAIN][PPO] ep=213/500 r=   70.95 avg10=   62.73 steps= 375 succ10=0.00 touch10=0.00 col10=1.00 to10=0.00 min_d= 3.03 avg_spd=1.99m/s end=collision t=  777.5s
[TRAIN][PPO] ep=214/500 r=   71.55 avg10=   74.30 steps= 370 succ10=0.00 touch10=0.00 col10=1.00 to10=0.00 min_d= 3.05 avg_spd=1.90m/s end=collision t=  780.8s
[TRAIN][PPO] ep=215/500 r=   77.44 avg10=   74.55 steps= 383 succ10=0.00 touch10=0.00 col10=1.00 to10=0.00 min_d= 3.06 avg_spd=2.05m/s end=collision t=  784.0s
[TRAIN][PPO] ep=216/500 r=   67.39 avg10=   73.40 steps= 364 succ10=0.00 touch10=0.00 col10=1.00 to10=0.00 min_d= 3.10 avg_spd=1.89m/s end=collision t=  787.5s
[TRAIN][PPO] ep=217/500 r=   72.60 avg10=   73.29 steps= 382 succ10=0.00 touch10=0.00 col10=1.00 to10=0.00 min_d= 3.11 avg_spd=1.89m/s end=collision t=  790.7s
[TRAIN][PPO] ep=218/500 r=  282.64 avg10=   94.21 steps=1052 succ10=0.00 touch10=0.00 col10=1.00 to10=0.00 min_d= 1.41 avg_spd=2.03m/s end=collision t=  799.7s
[TRAIN][PPO] ep=219/500 r=   75.39 avg10=   94.54 steps= 389 succ10=0.00 touch10=0.00 col10=1.00 to10=0.00 min_d= 3.08 avg_spd=2.03m/s end=collision t=  803.2s
[TRAIN][PPO] ep=220/500 r=   74.80 avg10=   94.30 steps= 384 succ10=0.00 touch10=0.00 col10=1.00 to10=0.00 min_d= 3.10 avg_spd=1.92m/s end=collision t=  807.1s
[TRAIN][PPO] ep=221/500 r=   77.30 avg10=   94.63 steps= 381 succ10=0.00 touch10=0.00 col10=1.00 to10=0.00 min_d= 3.06 avg_spd=2.03m/s end=collision t=  810.6s
[TRAIN][PPO] ep=222/500 r=   67.07 avg10=   93.71 steps= 364 succ10=0.00 touch10=0.00 col10=1.00 to10=0.00 min_d= 3.09 avg_spd=1.95m/s end=collision t=  813.9s
[TRAIN][PPO] ep=223/500 r=   74.54 avg10=   94.07 steps= 378 succ10=0.00 touch10=0.00 col10=1.00 to10=0.00 min_d= 3.06 avg_spd=1.95m/s end=collision t=  817.4s
[TRAIN][PPO] ep=224/500 r=   68.74 avg10=   93.79 steps= 369 succ10=0.00 touch10=0.00 col10=1.00 to10=0.00 min_d= 3.10 avg_spd=1.95m/s end=collision t=  821.1s
[TRAIN][PPO] ep=225/500 r=   73.35 avg10=   93.38 steps= 374 succ10=0.00 touch10=0.00 col10=1.00 to10=0.00 min_d= 3.04 avg_spd=2.00m/s end=collision t=  824.5s
[TRAIN][PPO] ep=226/500 r=   79.33 avg10=   94.58 steps= 387 succ10=0.00 touch10=0.00 col10=1.00 to10=0.00 min_d= 3.07 avg_spd=2.01m/s end=collision t=  827.9s
[TRAIN][PPO] ep=227/500 r=   73.92 avg10=   94.71 steps= 377 succ10=0.00 touch10=0.00 col10=1.00 to10=0.00 min_d= 3.07 avg_spd=2.01m/s end=collision t=  831.3s
[TRAIN][PPO] ep=228/500 r=   78.57 avg10=   74.30 steps= 385 succ10=0.00 touch10=0.00 col10=1.00 to10=0.00 min_d= 3.06 avg_spd=2.04m/s end=collision t=  835.2s
[TRAIN][PPO] ep=229/500 r=   76.48 avg10=   74.41 steps= 386 succ10=0.00 touch10=0.00 col10=1.00 to10=0.00 min_d= 3.06 avg_spd=1.92m/s end=collision t=  838.6s
[TRAIN][PPO] ep=230/500 r=  284.58 avg10=   95.39 steps=1051 succ10=0.00 touch10=0.00 col10=1.00 to10=0.00 min_d= 1.38 avg_spd=2.05m/s end=collision t=  848.1s
[TRAIN][PPO] ep=231/500 r=   76.21 avg10=   95.28 steps= 381 succ10=0.00 touch10=0.00 col10=1.00 to10=0.00 min_d= 3.07 avg_spd=2.00m/s end=collision t=  851.6s
[TRAIN][PPO] ep=232/500 r=   77.15 avg10=   96.29 steps= 384 succ10=0.00 touch10=0.00 col10=1.00 to10=0.00 min_d= 3.09 avg_spd=1.99m/s end=collision t=  855.5s
[TRAIN][PPO] ep=233/500 r=   73.47 avg10=   96.18 steps= 374 succ10=0.00 touch10=0.00 col10=1.00 to10=0.00 min_d= 3.06 avg_spd=1.90m/s end=collision t=  858.9s
[TRAIN][PPO] ep=234/500 r=   77.57 avg10=   97.06 steps= 396 succ10=0.00 touch10=0.00 col10=1.00 to10=0.00 min_d= 3.14 avg_spd=1.92m/s end=collision t=  862.4s
[TRAIN][PPO] ep=235/500 r=  279.40 avg10=  117.67 steps=1088 succ10=0.00 touch10=0.00 col10=1.00 to10=0.00 min_d= 1.48 avg_spd=2.11m/s end=collision t=  872.4s
[TRAIN][PPO] ep=236/500 r=   79.29 avg10=  117.66 steps= 394 succ10=0.00 touch10=0.00 col10=1.00 to10=0.00 min_d= 3.12 avg_spd=1.95m/s end=collision t=  876.5s
[TRAIN][PPO] ep=237/500 r=   75.40 avg10=  117.81 steps= 375 succ10=0.00 touch10=0.00 col10=1.00 to10=0.00 min_d= 3.04 avg_spd=2.00m/s end=collision t=  879.9s
[TRAIN][PPO] ep=238/500 r=   77.84 avg10=  117.74 steps= 383 succ10=0.00 touch10=0.00 col10=1.00 to10=0.00 min_d= 3.07 avg_spd=2.03m/s end=collision t=  883.4s
[TRAIN][PPO] ep=239/500 r=   73.50 avg10=  117.44 steps= 377 succ10=0.00 touch10=0.00 col10=1.00 to10=0.00 min_d= 3.06 avg_spd=1.99m/s end=collision t=  886.8s
[TRAIN][PPO] ep=240/500 r=  -46.17 avg10=   84.37 steps= 161 succ10=0.00 touch10=0.00 col10=1.00 to10=0.00 min_d= 3.80 avg_spd=2.00m/s end=collision t=  888.6s
[TRAIN][PPO] ep=241/500 r=  277.47 avg10=  104.49 steps=1049 succ10=0.00 touch10=0.00 col10=1.00 to10=0.00 min_d= 1.39 avg_spd=2.06m/s end=collision t=  897.6s
[TRAIN][PPO] ep=242/500 r=   74.08 avg10=  104.18 steps= 376 succ10=0.00 touch10=0.00 col10=1.00 to10=0.00 min_d= 3.02 avg_spd=2.01m/s end=collision t=  900.8s
[TRAIN][PPO] ep=243/500 r=   77.11 avg10=  104.55 steps= 382 succ10=0.00 touch10=0.00 col10=1.00 to10=0.00 min_d= 3.07 avg_spd=2.00m/s end=collision t=  904.1s
[TRAIN][PPO] ep=244/500 r=   75.42 avg10=  104.33 steps= 379 succ10=0.00 touch10=0.00 col10=1.00 to10=0.00 min_d= 3.08 avg_spd=1.99m/s end=collision t=  907.6s
[TRAIN][PPO] ep=245/500 r=   73.34 avg10=   83.73 steps= 374 succ10=0.00 touch10=0.00 col10=1.00 to10=0.00 min_d= 3.06 avg_spd=1.95m/s end=collision t=  910.9s
[TRAIN][PPO] ep=246/500 r=  278.29 avg10=  103.63 steps=1074 succ10=0.00 touch10=0.00 col10=1.00 to10=0.00 min_d= 1.45 avg_spd=2.12m/s end=collision t=  920.3s
[TRAIN][PPO] ep=247/500 r=  -44.31 avg10=   91.66 steps=  23 succ10=0.00 touch10=0.00 col10=1.00 to10=0.00 min_d= 3.84 avg_spd=1.99m/s end=collision t=  920.6s
[TRAIN][PPO] ep=248/500 r=   66.50 avg10=   90.52 steps= 368 succ10=0.00 touch10=0.00 col10=1.00 to10=0.00 min_d= 3.10 avg_spd=1.94m/s end=collision t=  924.4s
[TRAIN][PPO] ep=249/500 r=   69.90 avg10=   90.16 steps= 369 succ10=0.00 touch10=0.00 col10=1.00 to10=0.00 min_d= 3.07 avg_spd=1.96m/s end=collision t=  927.7s
[TRAIN][PPO] ep=250/500 r=   73.55 avg10=  102.13 steps= 380 succ10=0.00 touch10=0.00 col10=1.00 to10=0.00 min_d= 3.08 avg_spd=2.00m/s end=collision t=  931.2s
[TRAIN][PPO] ep=251/500 r=   74.42 avg10=   81.83 steps= 377 succ10=0.00 touch10=0.00 col10=1.00 to10=0.00 min_d= 3.04 avg_spd=2.01m/s end=collision t=  934.5s
[TRAIN][PPO] ep=252/500 r=   74.79 avg10=   81.90 steps= 387 succ10=0.00 touch10=0.00 col10=1.00 to10=0.00 min_d= 3.12 avg_spd=1.91m/s end=collision t=  938.3s
[TRAIN][PPO] ep=253/500 r=   79.89 avg10=   82.18 steps= 385 succ10=0.00 touch10=0.00 col10=1.00 to10=0.00 min_d= 3.04 avg_spd=2.00m/s end=collision t=  941.5s
[TRAIN][PPO] ep=254/500 r=   73.53 avg10=   81.99 steps= 377 succ10=0.00 touch10=0.00 col10=1.00 to10=0.00 min_d= 3.06 avg_spd=2.02m/s end=collision t=  944.8s
[TRAIN][PPO] ep=255/500 r=   62.44 avg10=   80.90 steps= 357 succ10=0.00 touch10=0.00 col10=1.00 to10=0.00 min_d= 3.09 avg_spd=1.93m/s end=collision t=  947.8s
[TRAIN][PPO] ep=256/500 r=   72.60 avg10=   60.33 steps= 367 succ10=0.00 touch10=0.00 col10=1.00 to10=0.00 min_d= 2.98 avg_spd=2.02m/s end=collision t=  951.3s
[TRAIN][PPO] ep=257/500 r=  278.69 avg10=   92.63 steps=1094 succ10=0.00 touch10=0.00 col10=1.00 to10=0.00 min_d= 1.49 avg_spd=2.09m/s end=collision t=  960.9s
[TRAIN][PPO] ep=258/500 r=   70.55 avg10=   93.04 steps= 369 succ10=0.00 touch10=0.00 col10=1.00 to10=0.00 min_d= 3.06 avg_spd=1.93m/s end=collision t=  964.1s
[TRAIN][PPO] ep=259/500 r=   76.08 avg10=   93.66 steps= 379 succ10=0.00 touch10=0.00 col10=1.00 to10=0.00 min_d= 3.02 avg_spd=2.04m/s end=collision t=  967.5s
[TRAIN][PPO] ep=260/500 r=   76.72 avg10=   93.97 steps= 383 succ10=0.00 touch10=0.00 col10=1.00 to10=0.00 min_d= 3.06 avg_spd=2.05m/s end=collision t=  971.6s
[TRAIN][PPO] ep=261/500 r=  -40.52 avg10=   82.48 steps=  37 succ10=0.00 touch10=0.00 col10=1.00 to10=0.00 min_d= 3.85 avg_spd=1.67m/s end=collision t=  972.0s
[TRAIN][PPO] ep=262/500 r=   77.30 avg10=   82.73 steps= 383 succ10=0.00 touch10=0.00 col10=1.00 to10=0.00 min_d= 3.09 avg_spd=1.96m/s end=collision t=  975.4s
[TRAIN][PPO] ep=263/500 r=   79.17 avg10=   82.66 steps= 390 succ10=0.00 touch10=0.00 col10=1.00 to10=0.00 min_d= 3.09 avg_spd=1.99m/s end=collision t=  978.8s
[TRAIN][PPO] ep=264/500 r=   72.77 avg10=   82.58 steps= 379 succ10=0.00 touch10=0.00 col10=1.00 to10=0.00 min_d= 3.05 avg_spd=1.97m/s end=collision t=  982.4s
[TRAIN][PPO] ep=265/500 r=   70.22 avg10=   83.36 steps= 370 succ10=0.00 touch10=0.00 col10=1.00 to10=0.00 min_d= 3.08 avg_spd=1.87m/s end=collision t=  985.6s
[TRAIN][PPO] ep=266/500 r=  277.11 avg10=  103.81 steps=1101 succ10=0.00 touch10=0.00 col10=1.00 to10=0.00 min_d= 1.49 avg_spd=2.09m/s end=collision t=  995.3s
[TRAIN][PPO] ep=267/500 r=   74.58 avg10=   83.40 steps= 375 succ10=0.00 touch10=0.00 col10=1.00 to10=0.00 min_d= 3.06 avg_spd=1.95m/s end=collision t=  998.7s
[TRAIN][PPO] ep=268/500 r=   73.30 avg10=   83.67 steps= 378 succ10=0.00 touch10=0.00 col10=1.00 to10=0.00 min_d= 3.01 avg_spd=2.00m/s end=collision t= 1002.4s
[TRAIN][PPO] ep=269/500 r=   77.88 avg10=   83.85 steps= 378 succ10=0.00 touch10=0.00 col10=1.00 to10=0.00 min_d= 3.01 avg_spd=2.09m/s end=collision t= 1005.9s
[TRAIN][PPO] ep=270/500 r=   77.17 avg10=   83.90 steps= 383 succ10=0.00 touch10=0.00 col10=1.00 to10=0.00 min_d= 3.08 avg_spd=1.95m/s end=collision t= 1009.4s
[TRAIN][PPO] ep=271/500 r=  -36.94 avg10=   84.26 steps=  47 succ10=0.00 touch10=0.00 col10=1.00 to10=0.00 min_d= 3.83 avg_spd=1.49m/s end=collision t= 1009.9s
[TRAIN][PPO] ep=272/500 r=   73.79 avg10=   83.90 steps= 379 succ10=0.00 touch10=0.00 col10=1.00 to10=0.00 min_d= 3.08 avg_spd=2.04m/s end=collision t= 1013.5s
[TRAIN][PPO] ep=273/500 r=  266.93 avg10=  102.68 steps=1091 succ10=0.00 touch10=0.00 col10=1.00 to10=0.00 min_d= 1.48 avg_spd=2.10m/s end=collision t= 1023.1s
[TRAIN][PPO] ep=274/500 r=   74.40 avg10=  102.84 steps= 384 succ10=0.00 touch10=0.00 col10=1.00 to10=0.00 min_d= 3.12 avg_spd=1.89m/s end=collision t= 1026.5s
[TRAIN][PPO] ep=275/500 r=  278.77 avg10=  123.70 steps=1049 succ10=0.00 touch10=0.00 col10=1.00 to10=0.00 min_d= 1.39 avg_spd=2.06m/s end=collision t= 1035.7s
[TRAIN][PPO] ep=276/500 r=   65.87 avg10=  102.57 steps= 360 succ10=0.00 touch10=0.00 col10=1.00 to10=0.00 min_d= 3.09 avg_spd=1.93m/s end=collision t= 1039.7s
[TRAIN][PPO] ep=277/500 r=   77.80 avg10=  102.90 steps= 381 succ10=0.00 touch10=0.00 col10=1.00 to10=0.00 min_d= 3.04 avg_spd=2.09m/s end=collision t= 1043.1s
[TRAIN][PPO] ep=278/500 r=   69.77 avg10=  102.54 steps= 373 succ10=0.00 touch10=0.00 col10=1.00 to10=0.00 min_d= 3.04 avg_spd=1.98m/s end=collision t= 1046.3s
[TRAIN][PPO] ep=279/500 r=   77.80 avg10=  102.54 steps= 383 succ10=0.00 touch10=0.00 col10=1.00 to10=0.00 min_d= 3.06 avg_spd=2.07m/s end=collision t= 1049.7s
[TRAIN][PPO] ep=280/500 r=  273.71 avg10=  122.19 steps=1085 succ10=0.00 touch10=0.00 col10=1.00 to10=0.00 min_d= 1.47 avg_spd=2.10m/s end=collision t= 1060.1s
[TRAIN][PPO] ep=281/500 r=   66.46 avg10=  132.53 steps= 365 succ10=0.00 touch10=0.00 col10=1.00 to10=0.00 min_d= 3.08 avg_spd=1.95m/s end=collision t= 1063.3s
[TRAIN][PPO] ep=282/500 r=   75.75 avg10=  132.73 steps= 376 succ10=0.00 touch10=0.00 col10=1.00 to10=0.00 min_d= 3.04 avg_spd=1.96m/s end=collision t= 1066.7s
[TRAIN][PPO] ep=283/500 r=   76.83 avg10=  113.72 steps= 377 succ10=0.00 touch10=0.00 col10=1.00 to10=0.00 min_d= 3.01 avg_spd=2.06m/s end=collision t= 1070.0s
[TRAIN][PPO] ep=284/500 r=   77.98 avg10=  114.07 steps= 391 succ10=0.00 touch10=0.00 col10=1.00 to10=0.00 min_d= 3.08 avg_spd=2.02m/s end=collision t= 1073.8s
[TRAIN][PPO] ep=285/500 r=   74.45 avg10=   93.64 steps= 374 succ10=0.00 touch10=0.00 col10=1.00 to10=0.00 min_d= 3.04 avg_spd=1.96m/s end=collision t= 1077.1s
[TRAIN][PPO] ep=286/500 r=   75.26 avg10=   94.58 steps= 386 succ10=0.00 touch10=0.00 col10=1.00 to10=0.00 min_d= 3.08 avg_spd=2.03m/s end=collision t= 1080.6s
[TRAIN][PPO] ep=287/500 r=   68.31 avg10=   93.63 steps= 367 succ10=0.00 touch10=0.00 col10=1.00 to10=0.00 min_d= 3.10 avg_spd=1.87m/s end=collision t= 1083.9s
[TRAIN][PPO] ep=288/500 r=   76.50 avg10=   94.31 steps= 383 succ10=0.00 touch10=0.00 col10=1.00 to10=0.00 min_d= 3.06 avg_spd=1.93m/s end=collision t= 1088.0s
[TRAIN][PPO] ep=289/500 r=   78.23 avg10=   94.35 steps= 382 succ10=0.00 touch10=0.00 col10=1.00 to10=0.00 min_d= 3.05 avg_spd=2.03m/s end=collision t= 1091.5s
[TRAIN][PPO] ep=290/500 r=  284.49 avg10=   95.43 steps=1054 succ10=0.00 touch10=0.00 col10=1.00 to10=0.00 min_d= 1.38 avg_spd=2.06m/s end=collision t= 1100.8s
[TRAIN][PPO] ep=291/500 r=   76.03 avg10=   96.38 steps= 379 succ10=0.00 touch10=0.00 col10=1.00 to10=0.00 min_d= 3.08 avg_spd=2.00m/s end=collision t= 1104.1s
[TRAIN][PPO] ep=292/500 r=   72.16 avg10=   96.02 steps= 377 succ10=0.00 touch10=0.00 col10=1.00 to10=0.00 min_d= 3.06 avg_spd=2.02m/s end=collision t= 1108.0s
[TRAIN][PPO] ep=293/500 r=   75.13 avg10=   95.85 steps= 374 succ10=0.00 touch10=0.00 col10=1.00 to10=0.00 min_d= 3.03 avg_spd=1.97m/s end=collision t= 1111.3s
[TRAIN][PPO] ep=294/500 r=   74.67 avg10=   95.52 steps= 376 succ10=0.00 touch10=0.00 col10=1.00 to10=0.00 min_d= 3.03 avg_spd=2.02m/s end=collision t= 1114.7s
[TRAIN][PPO] ep=295/500 r=   74.40 avg10=   95.52 steps= 375 succ10=0.00 touch10=0.00 col10=1.00 to10=0.00 min_d= 3.05 avg_spd=2.05m/s end=collision t= 1118.0s
[TRAIN][PPO] ep=296/500 r=   78.88 avg10=   95.88 steps= 382 succ10=0.00 touch10=0.00 col10=1.00 to10=0.00 min_d= 3.05 avg_spd=2.07m/s end=collision t= 1121.7s
[TRAIN][PPO] ep=297/500 r=   74.57 avg10=   96.51 steps= 376 succ10=0.00 touch10=0.00 col10=1.00 to10=0.00 min_d= 3.06 avg_spd=2.00m/s end=collision t= 1125.1s
[TRAIN][PPO] ep=298/500 r=   72.64 avg10=   96.12 steps= 374 succ10=0.00 touch10=0.00 col10=1.00 to10=0.00 min_d= 3.04 avg_spd=2.01m/s end=collision t= 1128.4s
[TRAIN][PPO] ep=299/500 r=   73.34 avg10=   95.63 steps= 374 succ10=0.00 touch10=0.00 col10=1.00 to10=0.00 min_d= 3.06 avg_spd=1.98m/s end=collision t= 1131.8s
[TRAIN][PPO] ep=300/500 r=   71.48 avg10=   74.33 steps= 372 succ10=0.00 touch10=0.00 col10=1.00 to10=0.00 min_d= 3.07 avg_spd=1.91m/s end=collision t= 1135.6s ckpt=latest
[TRAIN][PPO] ep=301/500 r=   77.05 avg10=   74.43 steps= 386 succ10=0.00 touch10=0.00 col10=1.00 to10=0.00 min_d= 3.07 avg_spd=2.05m/s end=collision t= 1139.1s
[TRAIN][PPO] ep=302/500 r=  280.40 avg10=   95.25 steps=1103 succ10=0.00 touch10=0.00 col10=1.00 to10=0.00 min_d= 1.49 avg_spd=2.09m/s end=collision t= 1148.9s
[TRAIN][PPO] ep=303/500 r=  274.66 avg10=  115.21 steps=1116 succ10=0.00 touch10=0.00 col10=1.00 to10=0.00 min_d= 1.50 avg_spd=2.13m/s end=collision t= 1158.9s
[TRAIN][PPO] ep=304/500 r=   66.85 avg10=  114.43 steps= 362 succ10=0.00 touch10=0.00 col10=1.00 to10=0.00 min_d= 3.04 avg_spd=1.96m/s end=collision t= 1162.7s
[TRAIN][PPO] ep=305/500 r=   73.56 avg10=  114.34 steps= 372 succ10=0.00 touch10=0.00 col10=1.00 to10=0.00 min_d= 3.06 avg_spd=1.99m/s end=collision t= 1166.1s
[TRAIN][PPO] ep=306/500 r=   68.73 avg10=  113.33 steps= 365 succ10=0.00 touch10=0.00 col10=1.00 to10=0.00 min_d= 3.06 avg_spd=1.97m/s end=collision t= 1169.5s
[TRAIN][PPO] ep=307/500 r=   72.34 avg10=  113.10 steps= 374 succ10=0.00 touch10=0.00 col10=1.00 to10=0.00 min_d= 3.05 avg_spd=2.02m/s end=collision t= 1173.0s
[TRAIN][PPO] ep=308/500 r=   76.45 avg10=  113.49 steps= 376 succ10=0.00 touch10=0.00 col10=1.00 to10=0.00 min_d= 3.01 avg_spd=2.04m/s end=collision t= 1176.7s
[TRAIN][PPO] ep=309/500 r=   78.24 avg10=  113.97 steps= 387 succ10=0.00 touch10=0.00 col10=1.00 to10=0.00 min_d= 3.11 avg_spd=1.99m/s end=collision t= 1180.3s
[TRAIN][PPO] ep=310/500 r=   64.07 avg10=  113.23 steps= 357 succ10=0.00 touch10=0.00 col10=1.00 to10=0.00 min_d= 3.11 avg_spd=1.87m/s end=collision t= 1183.4s
[TRAIN][PPO] ep=311/500 r=   76.57 avg10=  113.19 steps= 384 succ10=0.00 touch10=0.00 col10=1.00 to10=0.00 min_d= 3.08 avg_spd=2.03m/s end=collision t= 1186.9s
[TRAIN][PPO] ep=312/500 r=   74.46 avg10=   92.59 steps= 382 succ10=0.00 touch10=0.00 col10=1.00 to10=0.00 min_d= 3.12 avg_spd=1.92m/s end=collision t= 1190.6s
[TRAIN][PPO] ep=313/500 r=   69.90 avg10=   72.12 steps= 369 succ10=0.00 touch10=0.00 col10=1.00 to10=0.00 min_d= 3.09 avg_spd=1.88m/s end=collision t= 1194.0s
[TRAIN][PPO] ep=314/500 r=   78.19 avg10=   73.25 steps= 383 succ10=0.00 touch10=0.00 col10=1.00 to10=0.00 min_d= 3.08 avg_spd=2.03m/s end=collision t= 1197.4s
[TRAIN][PPO] ep=315/500 r=   77.78 avg10=   73.67 steps= 380 succ10=0.00 touch10=0.00 col10=1.00 to10=0.00 min_d= 3.06 avg_spd=2.01m/s end=collision t= 1200.9s
[TRAIN][PPO] ep=316/500 r=   72.22 avg10=   74.02 steps= 372 succ10=0.00 touch10=0.00 col10=1.00 to10=0.00 min_d= 3.06 avg_spd=1.96m/s end=collision t= 1204.6s
[TRAIN][PPO] ep=317/500 r=  289.98 avg10=   95.79 steps=1057 succ10=0.00 touch10=0.00 col10=1.00 to10=0.00 min_d= 1.38 avg_spd=2.03m/s end=collision t= 1213.8s
[TRAIN][PPO] ep=318/500 r=   73.52 avg10=   95.49 steps= 376 succ10=0.00 touch10=0.00 col10=1.00 to10=0.00 min_d= 3.10 avg_spd=2.02m/s end=collision t= 1217.2s
[TRAIN][PPO] ep=319/500 r=   73.81 avg10=   95.05 steps= 376 succ10=0.00 touch10=0.00 col10=1.00 to10=0.00 min_d= 3.03 avg_spd=2.03m/s end=collision t= 1220.5s
[TRAIN][PPO] ep=320/500 r=  273.65 avg10=  116.01 steps=1109 succ10=0.00 touch10=0.00 col10=1.00 to10=0.00 min_d= 1.50 avg_spd=2.11m/s end=collision t= 1230.9s
[TRAIN][PPO] ep=321/500 r=   75.10 avg10=  115.86 steps= 376 succ10=0.00 touch10=0.00 col10=1.00 to10=0.00 min_d= 3.07 avg_spd=1.97m/s end=collision t= 1234.3s
[TRAIN][PPO] ep=322/500 r=  260.51 avg10=  134.47 steps=1091 succ10=0.00 touch10=0.00 col10=1.00 to10=0.00 min_d= 1.49 avg_spd=2.10m/s end=collision t= 1244.1s
[TRAIN][PPO] ep=323/500 r=   72.57 avg10=  134.73 steps= 375 succ10=0.00 touch10=0.00 col10=1.00 to10=0.00 min_d= 3.06 avg_spd=1.91m/s end=collision t= 1247.5s
[TRAIN][PPO] ep=324/500 r=   66.42 avg10=  133.56 steps= 370 succ10=0.00 touch10=0.00 col10=1.00 to10=0.00 min_d= 3.04 avg_spd=1.98m/s end=collision t= 1251.3s
[TRAIN][PPO] ep=325/500 r=   78.14 avg10=  133.59 steps= 384 succ10=0.00 touch10=0.00 col10=1.00 to10=0.00 min_d= 3.07 avg_spd=2.01m/s end=collision t= 1254.6s
[TRAIN][PPO] ep=326/500 r=   74.01 avg10=  133.77 steps= 379 succ10=0.00 touch10=0.00 col10=1.00 to10=0.00 min_d= 3.05 avg_spd=2.06m/s end=collision t= 1258.0s
[TRAIN][PPO] ep=327/500 r=  278.11 avg10=  132.58 steps=1051 succ10=0.00 touch10=0.00 col10=1.00 to10=0.00 min_d= 1.40 avg_spd=2.07m/s end=collision t= 1267.2s
[TRAIN][PPO] ep=328/500 r=   65.67 avg10=  131.80 steps= 361 succ10=0.00 touch10=0.00 col10=1.00 to10=0.00 min_d= 3.07 avg_spd=1.94m/s end=collision t= 1270.9s
[TRAIN][PPO] ep=329/500 r=   64.94 avg10=  130.91 steps= 360 succ10=0.00 touch10=0.00 col10=1.00 to10=0.00 min_d= 3.09 avg_spd=1.93m/s end=collision t= 1274.1s
[TRAIN][PPO] ep=330/500 r=   77.37 avg10=  111.28 steps= 386 succ10=0.00 touch10=0.00 col10=1.00 to10=0.00 min_d= 3.11 avg_spd=2.01m/s end=collision t= 1277.6s
[TRAIN][PPO] ep=331/500 r=   73.68 avg10=  111.14 steps= 379 succ10=0.00 touch10=0.00 col10=1.00 to10=0.00 min_d= 3.08 avg_spd=1.94m/s end=collision t= 1281.0s
[TRAIN][PPO] ep=332/500 r=   73.76 avg10=   92.47 steps= 378 succ10=0.00 touch10=0.00 col10=1.00 to10=0.00 min_d= 3.08 avg_spd=1.95m/s end=collision t= 1284.6s
[TRAIN][PPO] ep=333/500 r=  259.85 avg10=  111.20 steps=1097 succ10=0.00 touch10=0.00 col10=1.00 to10=0.00 min_d= 1.49 avg_spd=2.10m/s end=collision t= 1294.3s
[TRAIN][PPO] ep=334/500 r=  266.37 avg10=  131.19 steps=1101 succ10=0.00 touch10=0.00 col10=1.00 to10=0.00 min_d= 1.49 avg_spd=2.11m/s end=collision t= 1304.1s
[TRAIN][PPO] ep=335/500 r=  251.92 avg10=  148.57 steps=1082 succ10=0.00 touch10=0.00 col10=1.00 to10=0.00 min_d= 1.47 avg_spd=2.08m/s end=collision t= 1313.8s
[TRAIN][PPO] ep=336/500 r=   77.26 avg10=  148.89 steps= 381 succ10=0.00 touch10=0.00 col10=1.00 to10=0.00 min_d= 3.07 avg_spd=2.03m/s end=collision t= 1318.2s
[TRAIN][PPO] ep=337/500 r=   77.41 avg10=  128.82 steps= 383 succ10=0.00 touch10=0.00 col10=1.00 to10=0.00 min_d= 3.09 avg_spd=2.02m/s end=collision t= 1321.5s
[TRAIN][PPO] ep=338/500 r=   77.59 avg10=  130.02 steps= 382 succ10=0.00 touch10=0.00 col10=1.00 to10=0.00 min_d= 3.09 avg_spd=2.04m/s end=collision t= 1324.9s
[TRAIN][PPO] ep=339/500 r=   75.21 avg10=  131.04 steps= 378 succ10=0.00 touch10=0.00 col10=1.00 to10=0.00 min_d= 3.05 avg_spd=2.07m/s end=collision t= 1328.2s
[TRAIN][PPO] ep=340/500 r=   74.73 avg10=  130.78 steps= 381 succ10=0.00 touch10=0.00 col10=1.00 to10=0.00 min_d= 3.09 avg_spd=2.01m/s end=collision t= 1331.9s
[TRAIN][PPO] ep=341/500 r=   67.13 avg10=  130.12 steps= 366 succ10=0.00 touch10=0.00 col10=1.00 to10=0.00 min_d= 3.04 avg_spd=1.97m/s end=collision t= 1335.2s
[TRAIN][PPO] ep=342/500 r=   67.57 avg10=  129.51 steps= 374 succ10=0.00 touch10=0.00 col10=1.00 to10=0.00 min_d= 3.09 avg_spd=1.99m/s end=collision t= 1338.6s
[TRAIN][PPO] ep=343/500 r=  276.13 avg10=  131.13 steps=1094 succ10=0.00 touch10=0.00 col10=1.00 to10=0.00 min_d= 1.49 avg_spd=2.11m/s end=collision t= 1348.3s
[TRAIN][PPO] ep=344/500 r=  272.74 avg10=  131.77 steps=1053 succ10=0.00 touch10=0.00 col10=1.00 to10=0.00 min_d= 1.41 avg_spd=2.07m/s end=collision t= 1358.1s
[TRAIN][PPO] ep=345/500 r=   74.30 avg10=  114.01 steps= 379 succ10=0.00 touch10=0.00 col10=1.00 to10=0.00 min_d= 3.10 avg_spd=1.96m/s end=collision t= 1361.4s
[TRAIN][PPO] ep=346/500 r=  275.40 avg10=  133.82 steps=1101 succ10=0.00 touch10=0.00 col10=1.00 to10=0.00 min_d= 1.49 avg_spd=2.11m/s end=collision t= 1371.2s
[TRAIN][PPO] ep=347/500 r=   74.15 avg10=  133.49 steps= 377 succ10=0.00 touch10=0.00 col10=1.00 to10=0.00 min_d= 3.06 avg_spd=2.04m/s end=collision t= 1374.6s
[TRAIN][PPO] ep=348/500 r=   76.61 avg10=  133.40 steps= 382 succ10=0.00 touch10=0.00 col10=1.00 to10=0.00 min_d= 3.08 avg_spd=2.05m/s end=collision t= 1378.5s
[TRAIN][PPO] ep=349/500 r=   61.40 avg10=  132.01 steps= 361 succ10=0.00 touch10=0.00 col10=1.00 to10=0.00 min_d= 3.10 avg_spd=1.94m/s end=collision t= 1381.7s
[TRAIN][PPO] ep=350/500 r=   74.20 avg10=  131.96 steps= 379 succ10=0.00 touch10=0.00 col10=1.00 to10=0.00 min_d= 3.11 avg_spd=1.97m/s end=collision t= 1385.1s
[TRAIN][PPO] ep=351/500 r=   76.88 avg10=  132.94 steps= 385 succ10=0.00 touch10=0.00 col10=1.00 to10=0.00 min_d= 3.10 avg_spd=1.95m/s end=collision t= 1388.6s
[TRAIN][PPO] ep=352/500 r=   73.54 avg10=  133.53 steps= 377 succ10=0.00 touch10=0.00 col10=1.00 to10=0.00 min_d= 3.08 avg_spd=2.02m/s end=collision t= 1392.4s
[TRAIN][PPO] ep=353/500 r=   73.93 avg10=  113.31 steps= 376 succ10=0.00 touch10=0.00 col10=1.00 to10=0.00 min_d= 3.06 avg_spd=1.98m/s end=collision t= 1395.8s
[TRAIN][PPO] ep=354/500 r=   76.79 avg10=   93.72 steps= 389 succ10=0.00 touch10=0.00 col10=1.00 to10=0.00 min_d= 3.13 avg_spd=1.96m/s end=collision t= 1399.2s
[TRAIN][PPO] ep=355/500 r=   73.21 avg10=   93.61 steps= 383 succ10=0.00 touch10=0.00 col10=1.00 to10=0.00 min_d= 3.10 avg_spd=2.03m/s end=collision t= 1402.6s
[TRAIN][PPO] ep=356/500 r=  265.14 avg10=   92.59 steps=1082 succ10=0.00 touch10=0.00 col10=1.00 to10=0.00 min_d= 1.45 avg_spd=2.11m/s end=collision t= 1412.6s
[TRAIN][PPO] ep=357/500 r=  285.47 avg10=  113.72 steps=1055 succ10=0.00 touch10=0.00 col10=1.00 to10=0.00 min_d= 1.40 avg_spd=2.05m/s end=collision t= 1421.9s
[TRAIN][PPO] ep=358/500 r=   72.23 avg10=  113.28 steps= 374 succ10=0.00 touch10=0.00 col10=1.00 to10=0.00 min_d= 3.08 avg_spd=1.91m/s end=collision t= 1425.3s
[TRAIN][PPO] ep=359/500 r=  275.45 avg10=  134.69 steps=1057 succ10=0.00 touch10=0.00 col10=1.00 to10=0.00 min_d= 1.40 avg_spd=2.06m/s end=collision t= 1434.6s
[TRAIN][PPO] ep=360/500 r=   74.48 avg10=  134.71 steps= 383 succ10=0.00 touch10=0.00 col10=1.00 to10=0.00 min_d= 3.11 avg_spd=1.92m/s end=collision t= 1438.6s
[TRAIN][PPO] ep=361/500 r=  272.14 avg10=  154.24 steps=1059 succ10=0.00 touch10=0.00 col10=1.00 to10=0.00 min_d= 1.43 avg_spd=2.04m/s end=collision t= 1448.0s
[TRAIN][PPO] ep=362/500 r=   76.54 avg10=  154.54 steps= 389 succ10=0.00 touch10=0.00 col10=1.00 to10=0.00 min_d= 3.10 avg_spd=2.02m/s end=collision t= 1451.5s
[TRAIN][PPO] ep=363/500 r=  -38.82 avg10=  143.26 steps= 147 succ10=0.00 touch10=0.00 col10=1.00 to10=0.00 min_d= 3.82 avg_spd=1.91m/s end=collision t= 1452.9s
[TRAIN][PPO] ep=364/500 r=   71.09 avg10=  142.69 steps= 376 succ10=0.00 touch10=0.00 col10=1.00 to10=0.00 min_d= 3.08 avg_spd=1.91m/s end=collision t= 1456.6s
[TRAIN][PPO] ep=365/500 r=  278.64 avg10=  163.24 steps=1061 succ10=0.00 touch10=0.00 col10=1.00 to10=0.00 min_d= 1.42 avg_spd=2.05m/s end=collision t= 1465.9s
[TRAIN][PPO] ep=366/500 r=   72.50 avg10=  143.97 steps= 378 succ10=0.00 touch10=0.00 col10=1.00 to10=0.00 min_d= 3.11 avg_spd=1.90m/s end=collision t= 1469.4s
[TRAIN][PPO] ep=367/500 r=  283.19 avg10=  143.74 steps=1058 succ10=0.00 touch10=0.00 col10=1.00 to10=0.00 min_d= 1.39 avg_spd=2.05m/s end=collision t= 1478.9s
[TRAIN][PPO] ep=368/500 r=  274.98 avg10=  164.02 steps=1056 succ10=0.00 touch10=0.00 col10=1.00 to10=0.00 min_d= 1.41 avg_spd=2.05m/s end=collision t= 1489.3s
[TRAIN][PPO] ep=369/500 r=   77.96 avg10=  144.27 steps= 386 succ10=0.00 touch10=0.00 col10=1.00 to10=0.00 min_d= 3.10 avg_spd=2.00m/s end=collision t= 1492.8s
[TRAIN][PPO] ep=370/500 r=   76.92 avg10=  144.51 steps= 381 succ10=0.00 touch10=0.00 col10=1.00 to10=0.00 min_d= 3.08 avg_spd=2.01m/s end=collision t= 1496.2s
[TRAIN][PPO] ep=371/500 r=   77.11 avg10=  125.01 steps= 386 succ10=0.00 touch10=0.00 col10=1.00 to10=0.00 min_d= 3.11 avg_spd=1.96m/s end=collision t= 1499.6s
[TRAIN][PPO] ep=372/500 r=   70.48 avg10=  124.41 steps= 374 succ10=0.00 touch10=0.00 col10=1.00 to10=0.00 min_d= 3.08 avg_spd=1.99m/s end=collision t= 1503.4s
[TRAIN][PPO] ep=373/500 r=   58.86 avg10=  134.17 steps= 354 succ10=0.00 touch10=0.00 col10=1.00 to10=0.00 min_d= 3.11 avg_spd=1.95m/s end=collision t= 1506.6s
[TRAIN][PPO] ep=374/500 r=  280.23 avg10=  155.09 steps=1055 succ10=0.00 touch10=0.00 col10=1.00 to10=0.00 min_d= 1.39 avg_spd=2.06m/s end=collision t= 1516.1s
[TRAIN][PPO] ep=375/500 r=  271.04 avg10=  154.33 steps=1056 succ10=0.00 touch10=0.00 col10=1.00 to10=0.00 min_d= 1.42 avg_spd=2.05m/s end=collision t= 1525.5s
[TRAIN][PPO] ep=376/500 r=  274.36 avg10=  174.51 steps=1105 succ10=0.00 touch10=0.00 col10=1.00 to10=0.00 min_d= 1.49 avg_spd=2.09m/s end=collision t= 1536.0s
[TRAIN][PPO] ep=377/500 r=   78.16 avg10=  154.01 steps= 383 succ10=0.00 touch10=0.00 col10=1.00 to10=0.00 min_d= 3.06 avg_spd=2.04m/s end=collision t= 1539.5s
[TRAIN][PPO] ep=378/500 r=   60.72 avg10=  132.58 steps= 359 succ10=0.00 touch10=0.00 col10=1.00 to10=0.00 min_d= 3.12 avg_spd=1.96m/s end=collision t= 1542.6s
[TRAIN][PPO] ep=379/500 r=  281.55 avg10=  152.94 steps=1056 succ10=0.00 touch10=0.00 col10=1.00 to10=0.00 min_d= 1.40 avg_spd=2.08m/s end=collision t= 1551.9s
[TRAIN][PPO] ep=380/500 r=   78.25 avg10=  153.07 steps= 394 succ10=0.00 touch10=0.00 col10=1.00 to10=0.00 min_d= 3.12 avg_spd=1.93m/s end=collision t= 1555.8s
[TRAIN][PPO] ep=381/500 r=  285.73 avg10=  173.94 steps=1061 succ10=0.00 touch10=0.00 col10=1.00 to10=0.00 min_d= 1.39 avg_spd=2.06m/s end=collision t= 1565.2s
[TRAIN][PPO] ep=382/500 r=   76.00 avg10=  174.49 steps= 379 succ10=0.00 touch10=0.00 col10=1.00 to10=0.00 min_d= 3.08 avg_spd=2.01m/s end=collision t= 1568.6s
[TRAIN][PPO] ep=383/500 r=   61.00 avg10=  174.70 steps= 351 succ10=0.00 touch10=0.00 col10=1.00 to10=0.00 min_d= 3.11 avg_spd=1.98m/s end=collision t= 1571.9s
[TRAIN][PPO] ep=384/500 r=   73.23 avg10=  154.00 steps= 380 succ10=0.00 touch10=0.00 col10=1.00 to10=0.00 min_d= 3.10 avg_spd=2.01m/s end=collision t= 1575.7s
[TRAIN][PPO] ep=385/500 r=  277.43 avg10=  154.64 steps=1062 succ10=0.00 touch10=0.00 col10=1.00 to10=0.00 min_d= 1.38 avg_spd=2.07m/s end=collision t= 1584.7s
[TRAIN][PPO] ep=386/500 r=   77.34 avg10=  134.94 steps= 380 succ10=0.00 touch10=0.00 col10=1.00 to10=0.00 min_d= 3.05 avg_spd=2.10m/s end=collision t= 1588.0s
[TRAIN][PPO] ep=387/500 r=   73.86 avg10=  134.51 steps= 384 succ10=0.00 touch10=0.00 col10=1.00 to10=0.00 min_d= 3.10 avg_spd=2.00m/s end=collision t= 1591.3s
[TRAIN][PPO] ep=388/500 r=   74.75 avg10=  135.91 steps= 381 succ10=0.00 touch10=0.00 col10=1.00 to10=0.00 min_d= 3.10 avg_spd=2.03m/s end=collision t= 1594.9s
[TRAIN][PPO] ep=389/500 r=   73.37 avg10=  115.09 steps= 379 succ10=0.00 touch10=0.00 col10=1.00 to10=0.00 min_d= 3.04 avg_spd=2.05m/s end=collision t= 1598.0s
[TRAIN][PPO] ep=390/500 r=   72.02 avg10=  114.47 steps= 376 succ10=0.00 touch10=0.00 col10=1.00 to10=0.00 min_d= 3.12 avg_spd=1.97m/s end=collision t= 1601.4s
[TRAIN][PPO] ep=391/500 r=   69.52 avg10=   92.85 steps= 370 succ10=0.00 touch10=0.00 col10=1.00 to10=0.00 min_d= 3.07 avg_spd=2.00m/s end=collision t= 1604.7s
[TRAIN][PPO] ep=392/500 r=   69.69 avg10=   92.22 steps= 376 succ10=0.00 touch10=0.00 col10=1.00 to10=0.00 min_d= 3.11 avg_spd=1.97m/s end=collision t= 1608.3s
[TRAIN][PPO] ep=393/500 r=   76.26 avg10=   93.75 steps= 386 succ10=0.00 touch10=0.00 col10=1.00 to10=0.00 min_d= 3.07 avg_spd=2.04m/s end=collision t= 1611.7s
[TRAIN][PPO] ep=394/500 r=  293.15 avg10=  115.74 steps=1059 succ10=0.00 touch10=0.00 col10=1.00 to10=0.00 min_d= 1.37 avg_spd=2.06m/s end=collision t= 1621.0s
[TRAIN][PPO] ep=395/500 r=   75.07 avg10=   95.50 steps= 378 succ10=0.00 touch10=0.00 col10=1.00 to10=0.00 min_d= 3.06 avg_spd=2.02m/s end=collision t= 1624.3s
[TRAIN][PPO] ep=396/500 r=  272.10 avg10=  114.98 steps=1064 succ10=0.00 touch10=0.00 col10=1.00 to10=0.00 min_d= 1.40 avg_spd=2.07m/s end=collision t= 1634.3s
[TRAIN][PPO] ep=397/500 r=  284.98 avg10=  136.09 steps=1056 succ10=0.00 touch10=0.00 col10=1.00 to10=0.00 min_d= 1.36 avg_spd=2.07m/s end=collision t= 1643.6s
[TRAIN][PPO] ep=398/500 r=   73.77 avg10=  135.99 steps= 376 succ10=0.00 touch10=0.00 col10=1.00 to10=0.00 min_d= 3.07 avg_spd=1.99m/s end=collision t= 1647.0s
[TRAIN][PPO] ep=399/500 r=   74.74 avg10=  136.13 steps= 382 succ10=0.00 touch10=0.00 col10=1.00 to10=0.00 min_d= 3.12 avg_spd=1.93m/s end=collision t= 1650.5s
[TRAIN][PPO] ep=400/500 r=   72.74 avg10=  136.20 steps= 377 succ10=0.00 touch10=0.00 col10=1.00 to10=0.00 min_d= 3.07 avg_spd=2.03m/s end=collision t= 1654.3s ckpt=latest
[TRAIN][PPO] ep=401/500 r=  281.34 avg10=  157.38 steps=1057 succ10=0.00 touch10=0.00 col10=1.00 to10=0.00 min_d= 1.37 avg_spd=2.08m/s end=collision t= 1663.7s
[TRAIN][PPO] ep=402/500 r=   70.94 avg10=  157.51 steps= 379 succ10=0.00 touch10=0.00 col10=1.00 to10=0.00 min_d= 3.12 avg_spd=1.89m/s end=collision t= 1667.1s
[TRAIN][PPO] ep=403/500 r=  279.18 avg10=  177.80 steps=1058 succ10=0.00 touch10=0.00 col10=1.00 to10=0.00 min_d= 1.38 avg_spd=2.08m/s end=collision t= 1676.3s
[TRAIN][PPO] ep=404/500 r=  281.70 avg10=  176.66 steps=1060 succ10=0.00 touch10=0.00 col10=1.00 to10=0.00 min_d= 1.39 avg_spd=2.07m/s end=collision t= 1686.1s
[TRAIN][PPO] ep=405/500 r=  -32.23 avg10=  165.93 steps=  65 succ10=0.00 touch10=0.00 col10=1.00 to10=0.00 min_d= 3.84 avg_spd=1.68m/s end=collision t= 1686.8s
[TRAIN][PPO] ep=406/500 r=   69.41 avg10=  145.66 steps= 372 succ10=0.00 touch10=0.00 col10=1.00 to10=0.00 min_d= 3.04 avg_spd=1.98m/s end=collision t= 1690.1s
[TRAIN][PPO] ep=407/500 r=  283.28 avg10=  145.49 steps=1060 succ10=0.00 touch10=0.00 col10=1.00 to10=0.00 min_d= 1.40 avg_spd=2.05m/s end=collision t= 1699.4s
[TRAIN][PPO] ep=408/500 r=  278.15 avg10=  165.93 steps=1061 succ10=0.00 touch10=0.00 col10=1.00 to10=0.00 min_d= 1.42 avg_spd=2.05m/s end=collision t= 1709.3s
[TRAIN][PPO] ep=409/500 r=  280.51 avg10=  186.50 steps=1062 succ10=0.00 touch10=0.00 col10=1.00 to10=0.00 min_d= 1.39 avg_spd=2.08m/s end=collision t= 1718.9s
[TRAIN][PPO] ep=410/500 r=  278.40 avg10=  207.07 steps=1077 succ10=0.00 touch10=0.00 col10=1.00 to10=0.00 min_d= 1.44 avg_spd=2.13m/s end=collision t= 1728.3s
[TRAIN][PPO] ep=411/500 r=   74.65 avg10=  186.40 steps= 381 succ10=0.00 touch10=0.00 col10=1.00 to10=0.00 min_d= 3.10 avg_spd=1.95m/s end=collision t= 1731.7s
[TRAIN][PPO] ep=412/500 r=  263.97 avg10=  205.70 steps=1085 succ10=0.00 touch10=0.00 col10=1.00 to10=0.00 min_d= 1.46 avg_spd=2.11m/s end=collision t= 1741.9s
[TRAIN][PPO] ep=413/500 r=  274.77 avg10=  205.26 steps=1078 succ10=0.00 touch10=0.00 col10=1.00 to10=0.00 min_d= 1.46 avg_spd=2.14m/s end=collision t= 1751.4s
[TRAIN][PPO] ep=414/500 r=  271.93 avg10=  204.29 steps=1062 succ10=0.00 touch10=0.00 col10=1.00 to10=0.00 min_d= 1.38 avg_spd=2.09m/s end=collision t= 1760.8s
[TRAIN][PPO] ep=415/500 r=   69.63 avg10=  214.47 steps= 367 succ10=0.00 touch10=0.00 col10=1.00 to10=0.00 min_d= 3.08 avg_spd=1.99m/s end=collision t= 1764.1s
[TRAIN][PPO] ep=416/500 r=   59.58 avg10=  213.49 steps= 347 succ10=0.00 touch10=0.00 col10=1.00 to10=0.00 min_d= 3.08 avg_spd=1.96m/s end=collision t= 1767.9s
[TRAIN][PPO] ep=417/500 r=   64.84 avg10=  191.64 steps= 370 succ10=0.00 touch10=0.00 col10=1.00 to10=0.00 min_d= 3.11 avg_spd=1.97m/s end=collision t= 1771.3s
[TRAIN][PPO] ep=418/500 r=   71.67 avg10=  171.00 steps= 374 succ10=0.00 touch10=0.00 col10=1.00 to10=0.00 min_d= 3.11 avg_spd=1.91m/s end=collision t= 1774.6s
[TRAIN][PPO] ep=419/500 r=  271.29 avg10=  170.07 steps=1067 succ10=0.00 touch10=0.00 col10=1.00 to10=0.00 min_d= 1.45 avg_spd=2.04m/s end=collision t= 1784.1s
[TRAIN][PPO] ep=420/500 r=   74.56 avg10=  149.69 steps= 380 succ10=0.00 touch10=0.00 col10=1.00 to10=0.00 min_d= 3.10 avg_spd=1.99m/s end=collision t= 1788.0s
[TRAIN][PPO] ep=421/500 r=   70.82 avg10=  149.31 steps= 380 succ10=0.00 touch10=0.00 col10=1.00 to10=0.00 min_d= 3.05 avg_spd=2.01m/s end=collision t= 1791.3s
[TRAIN][PPO] ep=422/500 r=  277.77 avg10=  150.69 steps=1062 succ10=0.00 touch10=0.00 col10=1.00 to10=0.00 min_d= 1.38 avg_spd=2.07m/s end=collision t= 1800.7s
[TRAIN][PPO] ep=423/500 r=  262.24 avg10=  149.43 steps=1085 succ10=0.00 touch10=0.00 col10=1.00 to10=0.00 min_d= 1.46 avg_spd=2.12m/s end=collision t= 1810.3s
[TRAIN][PPO] ep=424/500 r=  280.47 avg10=  150.29 steps=1058 succ10=0.00 touch10=0.00 col10=1.00 to10=0.00 min_d= 1.39 avg_spd=2.08m/s end=collision t= 1821.0s
[TRAIN][PPO] ep=425/500 r=   74.39 avg10=  150.76 steps= 376 succ10=0.00 touch10=0.00 col10=1.00 to10=0.00 min_d= 3.05 avg_spd=1.95m/s end=collision t= 1824.3s
[TRAIN][PPO] ep=426/500 r=  277.89 avg10=  172.59 steps=1060 succ10=0.00 touch10=0.00 col10=1.00 to10=0.00 min_d= 1.40 avg_spd=2.07m/s end=collision t= 1833.6s
[TRAIN][PPO] ep=427/500 r=  270.37 avg10=  193.15 steps=1072 succ10=0.00 touch10=0.00 col10=1.00 to10=0.00 min_d= 1.42 avg_spd=2.13m/s end=collision t= 1843.2s
[TRAIN][PPO] ep=428/500 r=   77.97 avg10=  193.78 steps= 388 succ10=0.00 touch10=0.00 col10=1.00 to10=0.00 min_d= 3.08 avg_spd=1.97m/s end=collision t= 1847.2s
[TRAIN][PPO] ep=429/500 r=   73.67 avg10=  174.01 steps= 384 succ10=0.00 touch10=0.00 col10=1.00 to10=0.00 min_d= 3.14 avg_spd=1.90m/s end=collision t= 1850.6s
[TRAIN][PPO] ep=430/500 r=   74.49 avg10=  174.01 steps= 382 succ10=0.00 touch10=0.00 col10=1.00 to10=0.00 min_d= 3.06 avg_spd=2.04m/s end=collision t= 1853.9s
[TRAIN][PPO] ep=431/500 r=   66.39 avg10=  173.56 steps= 367 succ10=0.00 touch10=0.00 col10=1.00 to10=0.00 min_d= 3.12 avg_spd=1.98m/s end=collision t= 1857.3s
[TRAIN][PPO] ep=432/500 r=   60.81 avg10=  151.87 steps= 362 succ10=0.00 touch10=0.00 col10=1.00 to10=0.00 min_d= 3.12 avg_spd=1.95m/s end=collision t= 1860.7s
[TRAIN][PPO] ep=433/500 r=   77.22 avg10=  133.36 steps= 386 succ10=0.00 touch10=0.00 col10=1.00 to10=0.00 min_d= 3.10 avg_spd=2.00m/s end=collision t= 1864.0s
[TRAIN][PPO] ep=434/500 r=   72.34 avg10=  112.55 steps= 375 succ10=0.00 touch10=0.00 col10=1.00 to10=0.00 min_d= 3.07 avg_spd=2.01m/s end=collision t= 1867.3s
[TRAIN][PPO] ep=435/500 r=  287.81 avg10=  133.89 steps=1062 succ10=0.00 touch10=0.00 col10=1.00 to10=0.00 min_d= 1.39 avg_spd=2.03m/s end=collision t= 1876.8s
[TRAIN][PPO] ep=436/500 r=  270.96 avg10=  133.20 steps=1061 succ10=0.00 touch10=0.00 col10=1.00 to10=0.00 min_d= 1.40 avg_spd=2.08m/s end=collision t= 1886.9s
[TRAIN][PPO] ep=437/500 r=  274.72 avg10=  133.64 steps=1091 succ10=0.00 touch10=0.00 col10=1.00 to10=0.00 min_d= 1.48 avg_spd=2.13m/s end=collision t= 1896.7s
[TRAIN][PPO] ep=438/500 r=   69.03 avg10=  132.74 steps= 372 succ10=0.00 touch10=0.00 col10=1.00 to10=0.00 min_d= 3.05 avg_spd=1.97m/s end=collision t= 1900.2s
[TRAIN][PPO] ep=439/500 r=   66.51 avg10=  132.03 steps= 375 succ10=0.00 touch10=0.00 col10=1.00 to10=0.00 min_d= 3.04 avg_spd=1.96m/s end=collision t= 1903.6s
[TRAIN][PPO] ep=440/500 r=  270.76 avg10=  151.65 steps=1073 succ10=0.00 touch10=0.00 col10=1.00 to10=0.00 min_d= 1.41 avg_spd=2.13m/s end=collision t= 1914.0s
[TRAIN][PPO] ep=441/500 r=   76.04 avg10=  152.62 steps= 382 succ10=0.00 touch10=0.00 col10=1.00 to10=0.00 min_d= 3.05 avg_spd=2.03m/s end=collision t= 1917.5s
[TRAIN][PPO] ep=442/500 r=  260.51 avg10=  172.59 steps=1072 succ10=0.00 touch10=0.00 col10=1.00 to10=0.00 min_d= 1.41 avg_spd=2.10m/s end=collision t= 1927.1s
[TRAIN][PPO] ep=443/500 r=  276.69 avg10=  192.54 steps=1063 succ10=0.00 touch10=0.00 col10=1.00 to10=0.00 min_d= 1.37 avg_spd=2.09m/s end=collision t= 1936.7s
[TRAIN][PPO] ep=444/500 r=  268.95 avg10=  212.20 steps=1070 succ10=0.00 touch10=0.00 col10=1.00 to10=0.00 min_d= 1.39 avg_spd=2.09m/s end=collision t= 1947.5s
[TRAIN][PPO] ep=445/500 r=   72.81 avg10=  190.70 steps= 375 succ10=0.00 touch10=0.00 col10=1.00 to10=0.00 min_d= 3.09 avg_spd=2.00m/s end=collision t= 1951.0s
[TRAIN][PPO] ep=446/500 r=   76.12 avg10=  171.21 steps= 391 succ10=0.00 touch10=0.00 col10=1.00 to10=0.00 min_d= 3.14 avg_spd=1.90m/s end=collision t= 1954.5s
[TRAIN][PPO] ep=447/500 r=   65.93 avg10=  150.34 steps= 374 succ10=0.00 touch10=0.00 col10=1.00 to10=0.00 min_d= 3.12 avg_spd=1.93m/s end=collision t= 1957.8s
[TRAIN][PPO] ep=448/500 r=  288.81 avg10=  172.31 steps=1060 succ10=0.00 touch10=0.00 col10=1.00 to10=0.00 min_d= 1.39 avg_spd=2.07m/s end=collision t= 1967.7s
[TRAIN][PPO] ep=449/500 r=   67.67 avg10=  172.43 steps= 368 succ10=0.00 touch10=0.00 col10=1.00 to10=0.00 min_d= 3.12 avg_spd=1.99m/s end=collision t= 1971.2s
[TRAIN][PPO] ep=450/500 r=   71.17 avg10=  152.47 steps= 378 succ10=0.00 touch10=0.00 col10=1.00 to10=0.00 min_d= 3.15 avg_spd=1.91m/s end=collision t= 1974.8s
[TRAIN][PPO] ep=451/500 r=  -38.96 avg10=  140.97 steps=  47 succ10=0.00 touch10=0.00 col10=1.00 to10=0.00 min_d= 3.82 avg_spd=1.82m/s end=collision t= 1975.2s
[TRAIN][PPO] ep=452/500 r=   73.61 avg10=  122.28 steps= 383 succ10=0.00 touch10=0.00 col10=1.00 to10=0.00 min_d= 3.12 avg_spd=1.99m/s end=collision t= 1979.0s
[TRAIN][PPO] ep=453/500 r=  576.90 avg10=  152.30 steps=1502 succ10=0.10 touch10=0.10 col10=0.90 to10=0.00 min_d= 0.30 avg_spd=2.07m/s end=goal t= 1992.7s ckpt=best_goal
[TRAIN][PPO] ep=454/500 r=   68.91 avg10=  132.30 steps= 372 succ10=0.10 touch10=0.10 col10=0.90 to10=0.00 min_d= 3.14 avg_spd=1.96m/s end=collision t= 1996.1s
[TRAIN][PPO] ep=455/500 r=   73.11 avg10=  132.33 steps= 378 succ10=0.10 touch10=0.10 col10=0.90 to10=0.00 min_d= 3.07 avg_spd=1.93m/s end=collision t= 1999.5s
[TRAIN][PPO] ep=456/500 r=  274.43 avg10=  152.16 steps=1061 succ10=0.10 touch10=0.10 col10=0.90 to10=0.00 min_d= 1.42 avg_spd=2.08m/s end=collision t= 2010.2s
[TRAIN][PPO] ep=457/500 r=  247.86 avg10=  170.35 steps=1110 succ10=0.10 touch10=0.10 col10=0.90 to10=0.00 min_d= 1.51 avg_spd=2.08m/s end=collision t= 2020.0s
[TRAIN][PPO] ep=458/500 r=  270.61 avg10=  168.53 steps=1110 succ10=0.10 touch10=0.10 col10=0.90 to10=0.00 min_d= 1.50 avg_spd=2.11m/s end=collision t= 2030.1s
[TRAIN][PPO] ep=459/500 r=   73.66 avg10=  169.13 steps= 384 succ10=0.10 touch10=0.10 col10=0.90 to10=0.00 min_d= 3.13 avg_spd=1.86m/s end=collision t= 2033.7s
[TRAIN][PPO] ep=460/500 r=  280.04 avg10=  190.02 steps=1060 succ10=0.10 touch10=0.10 col10=0.90 to10=0.00 min_d= 1.39 avg_spd=2.09m/s end=collision t= 2043.9s
[TRAIN][PPO] ep=461/500 r=  287.36 avg10=  222.65 steps=1063 succ10=0.10 touch10=0.10 col10=0.90 to10=0.00 min_d= 1.43 avg_spd=2.06m/s end=collision t= 2053.5s
[TRAIN][PPO] ep=462/500 r=  266.84 avg10=  241.97 steps=1089 succ10=0.10 touch10=0.10 col10=0.90 to10=0.00 min_d= 1.47 avg_spd=2.10m/s end=collision t= 2063.3s
[TRAIN][PPO] ep=463/500 r=   66.25 avg10=  190.91 steps= 368 succ10=0.00 touch10=0.00 col10=1.00 to10=0.00 min_d= 3.14 avg_spd=1.96m/s end=collision t= 2066.9s
[TRAIN][PPO] ep=464/500 r=   72.30 avg10=  191.25 steps= 384 succ10=0.00 touch10=0.00 col10=1.00 to10=0.00 min_d= 3.08 avg_spd=2.01m/s end=collision t= 2070.9s
[TRAIN][PPO] ep=465/500 r=  279.54 avg10=  211.89 steps=1059 succ10=0.00 touch10=0.00 col10=1.00 to10=0.00 min_d= 1.44 avg_spd=2.05m/s end=collision t= 2080.2s
[TRAIN][PPO] ep=466/500 r=  280.10 avg10=  212.46 steps=1065 succ10=0.00 touch10=0.00 col10=1.00 to10=0.00 min_d= 1.40 avg_spd=2.06m/s end=collision t= 2089.7s
[TRAIN][PPO] ep=467/500 r=   75.04 avg10=  195.17 steps= 382 succ10=0.00 touch10=0.00 col10=1.00 to10=0.00 min_d= 3.10 avg_spd=1.95m/s end=collision t= 2093.2s
[TRAIN][PPO] ep=468/500 r=  280.18 avg10=  196.13 steps=1061 succ10=0.00 touch10=0.00 col10=1.00 to10=0.00 min_d= 1.40 avg_spd=2.05m/s end=collision t= 2103.3s
[TRAIN][PPO] ep=469/500 r=   79.21 avg10=  196.69 steps= 392 succ10=0.00 touch10=0.00 col10=1.00 to10=0.00 min_d= 3.09 avg_spd=2.01m/s end=collision t= 2106.8s
[TRAIN][PPO] ep=470/500 r=   71.69 avg10=  175.85 steps= 377 succ10=0.00 touch10=0.00 col10=1.00 to10=0.00 min_d= 3.12 avg_spd=1.99m/s end=collision t= 2110.2s
[TRAIN][PPO] ep=471/500 r=  274.66 avg10=  174.58 steps=1076 succ10=0.00 touch10=0.00 col10=1.00 to10=0.00 min_d= 1.44 avg_spd=2.14m/s end=collision t= 2119.9s
[TRAIN][PPO] ep=472/500 r=  277.42 avg10=  175.64 steps=1079 succ10=0.00 touch10=0.00 col10=1.00 to10=0.00 min_d= 1.44 avg_spd=2.13m/s end=collision t= 2130.3s
[TRAIN][PPO] ep=473/500 r=  269.83 avg10=  196.00 steps=1074 succ10=0.00 touch10=0.00 col10=1.00 to10=0.00 min_d= 1.44 avg_spd=2.12m/s end=collision t= 2140.0s
[TRAIN][PPO] ep=474/500 r=  311.41 avg10=  219.91 steps=1250 succ10=0.00 touch10=0.00 col10=1.00 to10=0.00 min_d= 1.18 avg_spd=2.05m/s end=collision t= 2151.2s
[TRAIN][PPO] ep=475/500 r=   73.77 avg10=  199.33 steps= 392 succ10=0.00 touch10=0.00 col10=1.00 to10=0.00 min_d= 3.10 avg_spd=1.96m/s end=collision t= 2154.7s
[TRAIN][PPO] ep=476/500 r=   75.52 avg10=  178.87 steps= 383 succ10=0.00 touch10=0.00 col10=1.00 to10=0.00 min_d= 3.07 avg_spd=1.97m/s end=collision t= 2158.7s
[TRAIN][PPO] ep=477/500 r=   80.47 avg10=  179.42 steps= 406 succ10=0.00 touch10=0.00 col10=1.00 to10=0.00 min_d= 3.13 avg_spd=1.89m/s end=collision t= 2162.3s
[TRAIN][PPO] ep=478/500 r=   71.43 avg10=  158.54 steps= 374 succ10=0.00 touch10=0.00 col10=1.00 to10=0.00 min_d= 3.10 avg_spd=1.96m/s end=collision t= 2165.6s
[TRAIN][PPO] ep=479/500 r=  269.83 avg10=  177.60 steps=1065 succ10=0.00 touch10=0.00 col10=1.00 to10=0.00 min_d= 1.41 avg_spd=2.07m/s end=collision t= 2175.0s
[TRAIN][PPO] ep=480/500 r=   74.89 avg10=  177.92 steps= 380 succ10=0.00 touch10=0.00 col10=1.00 to10=0.00 min_d= 3.09 avg_spd=1.94m/s end=collision t= 2178.9s
[TRAIN][PPO] ep=481/500 r=  -40.01 avg10=  146.45 steps=  42 succ10=0.00 touch10=0.00 col10=1.00 to10=0.00 min_d= 3.84 avg_spd=2.05m/s end=collision t= 2179.3s
[TRAIN][PPO] ep=482/500 r=  272.23 avg10=  145.94 steps=1065 succ10=0.00 touch10=0.00 col10=1.00 to10=0.00 min_d= 1.42 avg_spd=2.05m/s end=collision t= 2188.7s
[TRAIN][PPO] ep=483/500 r=  270.62 avg10=  146.01 steps=1064 succ10=0.00 touch10=0.00 col10=1.00 to10=0.00 min_d= 1.41 avg_spd=2.09m/s end=collision t= 2198.4s
[TRAIN][PPO] ep=484/500 r=  278.16 avg10=  142.69 steps=1058 succ10=0.00 touch10=0.00 col10=1.00 to10=0.00 min_d= 1.43 avg_spd=2.04m/s end=collision t= 2208.6s
[TRAIN][PPO] ep=485/500 r=   61.35 avg10=  141.45 steps= 355 succ10=0.00 touch10=0.00 col10=1.00 to10=0.00 min_d= 3.12 avg_spd=1.98m/s end=collision t= 2211.8s
[TRAIN][PPO] ep=486/500 r=  568.11 avg10=  190.71 steps=1502 succ10=0.10 touch10=0.10 col10=0.90 to10=0.00 min_d= 0.30 avg_spd=2.07m/s end=goal t= 2224.9s
[TRAIN][PPO] ep=487/500 r=  575.01 avg10=  240.16 steps=1506 succ10=0.20 touch10=0.20 col10=0.80 to10=0.00 min_d= 0.30 avg_spd=2.06m/s end=goal t= 2238.2s
[TRAIN][PPO] ep=488/500 r=  283.09 avg10=  261.33 steps=1064 succ10=0.20 touch10=0.20 col10=0.80 to10=0.00 min_d= 1.43 avg_spd=2.04m/s end=collision t= 2248.7s
[TRAIN][PPO] ep=489/500 r=  586.74 avg10=  293.02 steps=1484 succ10=0.30 touch10=0.30 col10=0.70 to10=0.00 min_d= 0.30 avg_spd=2.09m/s end=goal t= 2262.2s ckpt=best_goal
[TRAIN][PPO] ep=490/500 r=  125.54 avg10=  298.09 steps= 583 succ10=0.30 touch10=0.30 col10=0.70 to10=0.00 min_d= 2.65 avg_spd=2.07m/s end=collision t= 2267.4s
[TRAIN][PPO] ep=491/500 r=  278.31 avg10=  329.92 steps=1058 succ10=0.30 touch10=0.30 col10=0.70 to10=0.00 min_d= 1.44 avg_spd=2.04m/s end=collision t= 2276.9s
[TRAIN][PPO] ep=492/500 r=  279.70 avg10=  330.66 steps=1066 succ10=0.30 touch10=0.30 col10=0.70 to10=0.00 min_d= 1.43 avg_spd=2.06m/s end=collision t= 2287.2s
[TRAIN][PPO] ep=493/500 r=  284.77 avg10=  332.08 steps=1060 succ10=0.30 touch10=0.30 col10=0.70 to10=0.00 min_d= 1.42 avg_spd=2.04m/s end=collision t= 2296.6s
[TRAIN][PPO] ep=494/500 r=   75.20 avg10=  311.78 steps= 387 succ10=0.30 touch10=0.30 col10=0.70 to10=0.00 min_d= 3.12 avg_spd=1.99m/s end=collision t= 2300.1s
[TRAIN][PPO] ep=495/500 r=  272.92 avg10=  332.94 steps=1066 succ10=0.30 touch10=0.30 col10=0.70 to10=0.00 min_d= 1.44 avg_spd=2.04m/s end=collision t= 2309.4s
[TRAIN][PPO] ep=496/500 r=  590.52 avg10=  335.18 steps=1492 succ10=0.30 touch10=0.30 col10=0.70 to10=0.00 min_d= 0.30 avg_spd=2.07m/s end=goal t= 2323.3s ckpt=best_goal
[TRAIN][PPO] ep=497/500 r=  279.48 avg10=  305.63 steps=1064 succ10=0.20 touch10=0.20 col10=0.80 to10=0.00 min_d= 1.41 avg_spd=2.07m/s end=collision t= 2332.8s
[TRAIN][PPO] ep=498/500 r=  -44.88 avg10=  272.83 steps=  20 succ10=0.20 touch10=0.20 col10=0.80 to10=0.00 min_d= 3.84 avg_spd=2.03m/s end=collision t= 2333.1s
[TRAIN][PPO] ep=499/500 r=  128.37 avg10=  226.99 steps= 587 succ10=0.10 touch10=0.10 col10=0.90 to10=0.00 min_d= 2.66 avg_spd=2.02m/s end=collision t= 2338.5s
INFO: PPO: Terminating.
[RUN] completed stage checkpoint=/uio/hume/student-u79/esbrovol/fys5429/DRL-Obstacle-Avoidance/controllers/PPO/checkpoints/moving_20260603_110455_step02_partial_moving_3_none_seed00_stage01_train_11_partial_moving/final_moving_20260603_110455_step02_partial_moving_3_none_seed00_stage01_train_11_partial_moving.pth
[RUN] curriculum complete arch=none seed=0
[MOVING] completed stage checkpoint=/uio/hume/student-u79/esbrovol/fys5429/DRL-Obstacle-Avoidance/controllers/PPO/checkpoints/moving_20260603_110455_step02_partial_moving_3_none_seed00_stage01_train_11_partial_moving/final_moving_20260603_110455_step02_partial_moving_3_none_seed00_stage01_train_11_partial_moving.pth
[MOVING] stage=3/5 name=partial_moving_5
[MOVING] resume_from=/uio/hume/student-u79/esbrovol/fys5429/DRL-Obstacle-Avoidance/controllers/PPO/checkpoints/moving_20260603_110455_step02_partial_moving_3_none_seed00_stage01_train_11_partial_moving/final_moving_20260603_110455_step02_partial_moving_3_none_seed00_stage01_train_11_partial_moving.pth
[MOVING] command=/uio/hume/student-u79/esbrovol/fys5429/DRL-Obstacle-Avoidance/venv/bin/python controllers/run.py worker --arch none --seed 0 --run-group moving_20260603_110455_step03_partial_moving_5 --resume-from /uio/hume/student-u79/esbrovol/fys5429/DRL-Obstacle-Avoidance/controllers/PPO/checkpoints/moving_20260603_110455_step02_partial_moving_3_none_seed00_stage01_train_11_partial_moving/final_moving_20260603_110455_step02_partial_moving_3_none_seed00_stage01_train_11_partial_moving.pth --worlds worlds/training/train_11_partial_moving.wbt --moving-obstacle-indices 0,1,2,3,4
[RUN] arch=none seed=0 stage=1/1 world=/uio/hume/student-u79/esbrovol/fys5429/DRL-Obstacle-Avoidance/worlds/training/train_11_partial_moving.wbt
[RUN] resuming from /uio/hume/student-u79/esbrovol/fys5429/DRL-Obstacle-Avoidance/controllers/PPO/checkpoints/moving_20260603_110455_step02_partial_moving_3_none_seed00_stage01_train_11_partial_moving/final_moving_20260603_110455_step02_partial_moving_3_none_seed00_stage01_train_11_partial_moving.pth
INFO: PPO: Starting controller: python3 -u PPO.py
[PPO] Using architecture: NONE
[PPO] Loaded architecture: NONE
[TRAIN][PPO] arch=NONE weights_dir=/uio/hume/student-u79/esbrovol/fys5429/DRL-Obstacle-Avoidance/controllers/PPO/checkpoints/moving_20260603_110455_step03_partial_moving_5_none_seed00_stage01_train_11_partial_moving final=/uio/hume/student-u79/esbrovol/fys5429/DRL-Obstacle-Avoidance/controllers/PPO/checkpoints/moving_20260603_110455_step03_partial_moving_5_none_seed00_stage01_train_11_partial_moving/final_moving_20260603_110455_step03_partial_moving_5_none_seed00_stage01_train_11_partial_moving.pth
[TRAIN][PPO] episodes=500 update_every=4 obs=31 act=2 cell=NONE seq=32 burn_in=0
[TRAIN][PPO] ep=001/500 r=  263.70 avg10=  263.70 steps=1074 succ10=0.00 touch10=0.00 col10=1.00 to10=0.00 min_d= 1.41 avg_spd=2.08m/s end=collision t=   10.0s ckpt=best
[TRAIN][PPO] ep=002/500 r=    8.69 avg10=  136.20 steps= 275 succ10=0.00 touch10=0.00 col10=1.00 to10=0.00 min_d= 3.46 avg_spd=1.96m/s end=collision t=   12.6s
[TRAIN][PPO] ep=003/500 r=  267.33 avg10=  179.91 steps=1073 succ10=0.00 touch10=0.00 col10=1.00 to10=0.00 min_d= 1.41 avg_spd=2.09m/s end=collision t=   22.1s ckpt=best
[TRAIN][PPO] ep=004/500 r=  272.18 avg10=  202.98 steps=1074 succ10=0.00 touch10=0.00 col10=1.00 to10=0.00 min_d= 1.42 avg_spd=2.06m/s end=collision t=   32.5s ckpt=best
[TRAIN][PPO] ep=005/500 r=  277.00 avg10=  217.78 steps=1071 succ10=0.00 touch10=0.00 col10=1.00 to10=0.00 min_d= 1.40 avg_spd=2.09m/s end=collision t=   41.9s ckpt=best
[TRAIN][PPO] ep=006/500 r=   -0.79 avg10=  181.35 steps= 271 succ10=0.00 touch10=0.00 col10=1.00 to10=0.00 min_d= 3.45 avg_spd=1.98m/s end=collision t=   44.3s
[TRAIN][PPO] ep=007/500 r=  260.62 avg10=  192.68 steps=1075 succ10=0.00 touch10=0.00 col10=1.00 to10=0.00 min_d= 1.41 avg_spd=2.07m/s end=collision t=   53.9s
[TRAIN][PPO] ep=008/500 r=  210.34 avg10=  194.88 steps= 958 succ10=0.00 touch10=0.00 col10=1.00 to10=0.00 min_d= 1.93 avg_spd=2.09m/s end=collision t=   62.9s
[TRAIN][PPO] ep=009/500 r=  263.07 avg10=  202.46 steps=1074 succ10=0.00 touch10=0.00 col10=1.00 to10=0.00 min_d= 1.43 avg_spd=2.03m/s end=collision t=   72.2s
[TRAIN][PPO] ep=010/500 r=   71.88 avg10=  189.40 steps= 378 succ10=0.00 touch10=0.00 col10=1.00 to10=0.00 min_d= 3.13 avg_spd=1.93m/s end=collision t=   75.6s
[TRAIN][PPO] ep=011/500 r=  265.69 avg10=  189.60 steps=1071 succ10=0.00 touch10=0.00 col10=1.00 to10=0.00 min_d= 1.41 avg_spd=2.07m/s end=collision t=   85.1s
[TRAIN][PPO] ep=012/500 r=   63.13 avg10=  195.05 steps= 392 succ10=0.00 touch10=0.00 col10=1.00 to10=0.00 min_d= 3.08 avg_spd=1.97m/s end=collision t=   89.4s
[TRAIN][PPO] ep=013/500 r=  261.13 avg10=  194.43 steps=1076 succ10=0.00 touch10=0.00 col10=1.00 to10=0.00 min_d= 1.38 avg_spd=2.08m/s end=collision t=   98.9s
[TRAIN][PPO] ep=014/500 r=  275.04 avg10=  194.71 steps=1063 succ10=0.00 touch10=0.00 col10=1.00 to10=0.00 min_d= 1.45 avg_spd=2.05m/s end=collision t=  108.3s
[TRAIN][PPO] ep=015/500 r=  -38.49 avg10=  163.16 steps=  45 succ10=0.00 touch10=0.00 col10=1.00 to10=0.00 min_d= 3.84 avg_spd=1.86m/s end=collision t=  108.8s
[TRAIN][PPO] ep=016/500 r=  268.95 avg10=  190.14 steps=1072 succ10=0.00 touch10=0.00 col10=1.00 to10=0.00 min_d= 1.41 avg_spd=2.09m/s end=collision t=  118.8s
[TRAIN][PPO] ep=017/500 r=  273.28 avg10=  191.40 steps=1071 succ10=0.00 touch10=0.00 col10=1.00 to10=0.00 min_d= 1.42 avg_spd=2.05m/s end=collision t=  128.2s
[TRAIN][PPO] ep=018/500 r=  273.27 avg10=  197.70 steps=1074 succ10=0.00 touch10=0.00 col10=1.00 to10=0.00 min_d= 1.38 avg_spd=2.10m/s end=collision t=  137.7s
[TRAIN][PPO] ep=019/500 r=  280.79 avg10=  199.47 steps=1071 succ10=0.00 touch10=0.00 col10=1.00 to10=0.00 min_d= 1.40 avg_spd=2.06m/s end=collision t=  147.0s ckpt=best
[TRAIN][PPO] ep=020/500 r=   74.47 avg10=  199.73 steps= 385 succ10=0.00 touch10=0.00 col10=1.00 to10=0.00 min_d= 3.13 avg_spd=1.94m/s end=collision t=  151.1s
[TRAIN][PPO] ep=021/500 r=  279.92 avg10=  201.15 steps=1073 succ10=0.00 touch10=0.00 col10=1.00 to10=0.00 min_d= 1.41 avg_spd=2.08m/s end=collision t=  160.6s
[TRAIN][PPO] ep=022/500 r=  273.27 avg10=  222.16 steps=1070 succ10=0.00 touch10=0.00 col10=1.00 to10=0.00 min_d= 1.44 avg_spd=2.04m/s end=collision t=  170.0s
[TRAIN][PPO] ep=023/500 r=   78.78 avg10=  203.93 steps= 383 succ10=0.00 touch10=0.00 col10=1.00 to10=0.00 min_d= 3.07 avg_spd=2.04m/s end=collision t=  173.4s
[TRAIN][PPO] ep=024/500 r=  267.74 avg10=  203.20 steps=1065 succ10=0.00 touch10=0.00 col10=1.00 to10=0.00 min_d= 1.44 avg_spd=2.06m/s end=collision t=  183.5s
[TRAIN][PPO] ep=025/500 r=  215.59 avg10=  228.60 steps= 945 succ10=0.00 touch10=0.00 col10=1.00 to10=0.00 min_d= 1.87 avg_spd=2.12m/s end=collision t=  191.8s
[TRAIN][PPO] ep=026/500 r=  240.06 avg10=  225.72 steps= 959 succ10=0.00 touch10=0.00 col10=1.00 to10=0.00 min_d= 1.77 avg_spd=2.06m/s end=collision t=  200.1s
[TRAIN][PPO] ep=027/500 r=  271.85 avg10=  225.57 steps=1073 succ10=0.00 touch10=0.00 col10=1.00 to10=0.00 min_d= 1.42 avg_spd=2.07m/s end=collision t=  208.9s
[TRAIN][PPO] ep=028/500 r=  227.03 avg10=  220.95 steps= 954 succ10=0.00 touch10=0.00 col10=1.00 to10=0.00 min_d= 1.79 avg_spd=2.06m/s end=collision t=  217.6s
[TRAIN][PPO] ep=029/500 r=   70.11 avg10=  199.88 steps= 402 succ10=0.00 touch10=0.00 col10=1.00 to10=0.00 min_d= 3.11 avg_spd=2.03m/s end=collision t=  221.1s
[TRAIN][PPO] ep=030/500 r=  293.40 avg10=  221.77 steps=1082 succ10=0.00 touch10=0.00 col10=1.00 to10=0.00 min_d= 1.46 avg_spd=2.00m/s end=collision t=  230.8s ckpt=best
[TRAIN][PPO] ep=031/500 r=  232.60 avg10=  217.04 steps= 954 succ10=0.00 touch10=0.00 col10=1.00 to10=0.00 min_d= 1.79 avg_spd=2.03m/s end=collision t=  239.2s
[TRAIN][PPO] ep=032/500 r=  225.89 avg10=  212.30 steps= 956 succ10=0.00 touch10=0.00 col10=1.00 to10=0.00 min_d= 1.79 avg_spd=2.06m/s end=collision t=  248.0s
[TRAIN][PPO] ep=033/500 r=   79.23 avg10=  212.35 steps= 402 succ10=0.00 touch10=0.00 col10=1.00 to10=0.00 min_d= 3.14 avg_spd=1.94m/s end=collision t=  251.7s
[TRAIN][PPO] ep=034/500 r=  266.18 avg10=  212.19 steps=1072 succ10=0.00 touch10=0.00 col10=1.00 to10=0.00 min_d= 1.42 avg_spd=2.05m/s end=collision t=  261.2s
[TRAIN][PPO] ep=035/500 r=  -62.14 avg10=  184.42 steps=2101 succ10=0.00 touch10=0.00 col10=1.00 to10=0.00 min_d= 0.85 avg_spd=2.10m/s end=collision t=  280.0s
[TRAIN][PPO] ep=036/500 r=   76.92 avg10=  168.11 steps= 384 succ10=0.00 touch10=0.00 col10=1.00 to10=0.00 min_d= 3.09 avg_spd=1.98m/s end=collision t=  284.5s
[TRAIN][PPO] ep=037/500 r=  260.90 avg10=  167.01 steps=1071 succ10=0.00 touch10=0.00 col10=1.00 to10=0.00 min_d= 1.42 avg_spd=2.06m/s end=collision t=  294.0s
[TRAIN][PPO] ep=038/500 r=  262.44 avg10=  170.55 steps=1072 succ10=0.00 touch10=0.00 col10=1.00 to10=0.00 min_d= 1.41 avg_spd=2.07m/s end=collision t=  303.7s
[TRAIN][PPO] ep=039/500 r=  263.83 avg10=  189.92 steps=1071 succ10=0.00 touch10=0.00 col10=1.00 to10=0.00 min_d= 1.42 avg_spd=2.07m/s end=collision t=  313.5s
[TRAIN][PPO] ep=040/500 r=   52.58 avg10=  165.84 steps= 394 succ10=0.00 touch10=0.00 col10=1.00 to10=0.00 min_d= 3.07 avg_spd=1.99m/s end=collision t=  317.8s
[TRAIN][PPO] ep=041/500 r=  265.34 avg10=  169.12 steps=1072 succ10=0.00 touch10=0.00 col10=1.00 to10=0.00 min_d= 1.40 avg_spd=2.07m/s end=collision t=  327.3s
[TRAIN][PPO] ep=042/500 r=   73.87 avg10=  153.91 steps= 384 succ10=0.00 touch10=0.00 col10=1.00 to10=0.00 min_d= 3.14 avg_spd=1.97m/s end=collision t=  330.8s
[TRAIN][PPO] ep=043/500 r=  -48.03 avg10=  141.19 steps=2104 succ10=0.00 touch10=0.00 col10=1.00 to10=0.00 min_d= 0.83 avg_spd=2.11m/s end=collision t=  349.5s
[TRAIN][PPO] ep=044/500 r=   69.67 avg10=  121.54 steps= 374 succ10=0.00 touch10=0.00 col10=1.00 to10=0.00 min_d= 3.14 avg_spd=1.99m/s end=collision t=  353.7s
[TRAIN][PPO] ep=045/500 r=  263.75 avg10=  154.13 steps=1071 succ10=0.00 touch10=0.00 col10=1.00 to10=0.00 min_d= 1.41 avg_spd=2.08m/s end=collision t=  363.2s
[TRAIN][PPO] ep=046/500 r=   61.82 avg10=  152.62 steps= 369 succ10=0.00 touch10=0.00 col10=1.00 to10=0.00 min_d= 3.13 avg_spd=1.94m/s end=collision t=  366.2s
[TRAIN][PPO] ep=047/500 r=   65.86 avg10=  133.11 steps= 380 succ10=0.00 touch10=0.00 col10=1.00 to10=0.00 min_d= 3.14 avg_spd=1.94m/s end=collision t=  369.4s
[TRAIN][PPO] ep=048/500 r=  269.07 avg10=  133.78 steps=1071 succ10=0.00 touch10=0.00 col10=1.00 to10=0.00 min_d= 1.42 avg_spd=2.03m/s end=collision t=  379.2s
[TRAIN][PPO] ep=049/500 r=   42.43 avg10=  111.64 steps= 393 succ10=0.00 touch10=0.00 col10=1.00 to10=0.00 min_d= 3.08 avg_spd=2.01m/s end=collision t=  382.8s
[TRAIN][PPO] ep=050/500 r=   78.03 avg10=  114.18 steps= 398 succ10=0.00 touch10=0.00 col10=1.00 to10=0.00 min_d= 3.14 avg_spd=1.89m/s end=collision t=  386.3s
[TRAIN][PPO] ep=051/500 r=  278.11 avg10=  115.46 steps=1075 succ10=0.00 touch10=0.00 col10=1.00 to10=0.00 min_d= 1.45 avg_spd=2.04m/s end=collision t=  395.7s
[TRAIN][PPO] ep=052/500 r=  262.60 avg10=  134.33 steps=1072 succ10=0.00 touch10=0.00 col10=1.00 to10=0.00 min_d= 1.42 avg_spd=2.05m/s end=collision t=  405.7s
[TRAIN][PPO] ep=053/500 r=   68.81 avg10=  146.02 steps= 372 succ10=0.00 touch10=0.00 col10=1.00 to10=0.00 min_d= 3.14 avg_spd=2.02m/s end=collision t=  409.1s
[TRAIN][PPO] ep=054/500 r=   58.73 avg10=  144.92 steps= 394 succ10=0.00 touch10=0.00 col10=1.00 to10=0.00 min_d= 3.07 avg_spd=1.96m/s end=collision t=  412.6s
[TRAIN][PPO] ep=055/500 r=  267.17 avg10=  145.26 steps=1071 succ10=0.00 touch10=0.00 col10=1.00 to10=0.00 min_d= 1.42 avg_spd=2.04m/s end=collision t=  422.0s
[TRAIN][PPO] ep=056/500 r=  267.19 avg10=  165.80 steps=1073 succ10=0.00 touch10=0.00 col10=1.00 to10=0.00 min_d= 1.41 avg_spd=2.05m/s end=collision t=  432.1s
[TRAIN][PPO] ep=057/500 r=  221.15 avg10=  181.33 steps= 951 succ10=0.00 touch10=0.00 col10=1.00 to10=0.00 min_d= 1.85 avg_spd=2.13m/s end=collision t=  440.4s
[TRAIN][PPO] ep=058/500 r=  280.32 avg10=  182.45 steps=1068 succ10=0.00 touch10=0.00 col10=1.00 to10=0.00 min_d= 1.44 avg_spd=2.03m/s end=collision t=  449.8s
[TRAIN][PPO] ep=059/500 r=  -42.40 avg10=  173.97 steps=  39 succ10=0.00 touch10=0.00 col10=1.00 to10=0.00 min_d= 3.82 avg_spd=2.09m/s end=collision t=  450.2s
[TRAIN][PPO] ep=060/500 r=  276.22 avg10=  193.79 steps=1071 succ10=0.00 touch10=0.00 col10=1.00 to10=0.00 min_d= 1.40 avg_spd=2.08m/s end=collision t=  460.1s
[TRAIN][PPO] ep=061/500 r=   62.90 avg10=  172.27 steps= 360 succ10=0.00 touch10=0.00 col10=1.00 to10=0.00 min_d= 3.13 avg_spd=2.06m/s end=collision t=  463.3s
[TRAIN][PPO] ep=062/500 r=  225.19 avg10=  168.53 steps= 958 succ10=0.00 touch10=0.00 col10=1.00 to10=0.00 min_d= 1.80 avg_spd=2.06m/s end=collision t=  471.7s
[TRAIN][PPO] ep=063/500 r=  -65.34 avg10=  155.11 steps=2242 succ10=0.00 touch10=0.00 col10=1.00 to10=0.00 min_d= 0.77 avg_spd=2.05m/s end=collision t=  491.4s
[TRAIN][PPO] ep=064/500 r=   73.38 avg10=  156.58 steps= 381 succ10=0.00 touch10=0.00 col10=1.00 to10=0.00 min_d= 3.12 avg_spd=1.97m/s end=collision t=  495.7s
[TRAIN][PPO] ep=065/500 r=  276.14 avg10=  157.48 steps=1069 succ10=0.00 touch10=0.00 col10=1.00 to10=0.00 min_d= 1.41 avg_spd=2.05m/s end=collision t=  505.0s
[TRAIN][PPO] ep=066/500 r=  289.59 avg10=  159.72 steps=1086 succ10=0.00 touch10=0.00 col10=1.00 to10=0.00 min_d= 1.46 avg_spd=2.03m/s end=collision t=  514.5s
[TRAIN][PPO] ep=067/500 r=  285.44 avg10=  166.14 steps=1096 succ10=0.00 touch10=0.00 col10=1.00 to10=0.00 min_d= 1.44 avg_spd=2.00m/s end=collision t=  524.1s
[TRAIN][PPO] ep=068/500 r=  279.04 avg10=  166.02 steps=1071 succ10=0.00 touch10=0.00 col10=1.00 to10=0.00 min_d= 1.42 avg_spd=2.08m/s end=collision t=  535.2s
[TRAIN][PPO] ep=069/500 r=   69.36 avg10=  177.19 steps= 384 succ10=0.00 touch10=0.00 col10=1.00 to10=0.00 min_d= 3.08 avg_spd=2.02m/s end=collision t=  538.6s
[TRAIN][PPO] ep=070/500 r=  258.00 avg10=  175.37 steps=1072 succ10=0.00 touch10=0.00 col10=1.00 to10=0.00 min_d= 1.43 avg_spd=2.03m/s end=collision t=  547.9s
[TRAIN][PPO] ep=071/500 r=  273.48 avg10=  196.43 steps=1071 succ10=0.00 touch10=0.00 col10=1.00 to10=0.00 min_d= 1.41 avg_spd=2.08m/s end=collision t=  557.3s
[TRAIN][PPO] ep=072/500 r=   71.68 avg10=  181.08 steps= 374 succ10=0.00 touch10=0.00 col10=1.00 to10=0.00 min_d= 3.12 avg_spd=1.96m/s end=collision t=  561.1s
[TRAIN][PPO] ep=073/500 r=   60.64 avg10=  193.68 steps= 371 succ10=0.00 touch10=0.00 col10=1.00 to10=0.00 min_d= 3.11 avg_spd=1.93m/s end=collision t=  564.4s
[TRAIN][PPO] ep=074/500 r=   70.85 avg10=  193.42 steps= 379 succ10=0.00 touch10=0.00 col10=1.00 to10=0.00 min_d= 3.15 avg_spd=1.92m/s end=collision t=  567.8s
[TRAIN][PPO] ep=075/500 r=  229.13 avg10=  188.72 steps= 959 succ10=0.00 touch10=0.00 col10=1.00 to10=0.00 min_d= 1.78 avg_spd=2.01m/s end=collision t=  576.1s
[TRAIN][PPO] ep=076/500 r=  -62.55 avg10=  153.51 steps=2162 succ10=0.00 touch10=0.00 col10=1.00 to10=0.00 min_d= 0.83 avg_spd=2.07m/s end=collision t=  595.9s
[TRAIN][PPO] ep=077/500 r=  218.81 avg10=  146.84 steps= 963 succ10=0.00 touch10=0.00 col10=1.00 to10=0.00 min_d= 1.83 avg_spd=2.11m/s end=collision t=  604.4s
[TRAIN][PPO] ep=078/500 r=   76.05 avg10=  126.54 steps= 390 succ10=0.00 touch10=0.00 col10=1.00 to10=0.00 min_d= 3.14 avg_spd=1.89m/s end=collision t=  607.9s
[TRAIN][PPO] ep=079/500 r=  -65.71 avg10=  113.04 steps=2192 succ10=0.00 touch10=0.00 col10=1.00 to10=0.00 min_d= 0.80 avg_spd=2.08m/s end=collision t=  627.1s
[TRAIN][PPO] ep=080/500 r=  -68.01 avg10=   80.44 steps=2165 succ10=0.00 touch10=0.00 col10=1.00 to10=0.00 min_d= 0.81 avg_spd=2.07m/s end=collision t=  647.1s
[TRAIN][PPO] ep=081/500 r=  597.71 avg10=  112.86 steps=1596 succ10=0.10 touch10=0.10 col10=0.90 to10=0.00 min_d= 0.30 avg_spd=2.00m/s end=goal t=  661.0s ckpt=best_goal
[TRAIN][PPO] ep=082/500 r=  -37.22 avg10=  101.97 steps=  49 succ10=0.10 touch10=0.10 col10=0.90 to10=0.00 min_d= 3.85 avg_spd=1.96m/s end=collision t=  661.5s
[TRAIN][PPO] ep=083/500 r=   63.48 avg10=  102.25 steps= 392 succ10=0.10 touch10=0.10 col10=0.90 to10=0.00 min_d= 3.14 avg_spd=1.91m/s end=collision t=  665.0s
[TRAIN][PPO] ep=084/500 r=   67.83 avg10=  101.95 steps= 391 succ10=0.10 touch10=0.10 col10=0.90 to10=0.00 min_d= 3.05 avg_spd=1.97m/s end=collision t=  669.2s
[TRAIN][PPO] ep=085/500 r=   73.23 avg10=   86.36 steps= 382 succ10=0.10 touch10=0.10 col10=0.90 to10=0.00 min_d= 3.14 avg_spd=1.98m/s end=collision t=  672.6s
[TRAIN][PPO] ep=086/500 r=  595.00 avg10=  152.12 steps=1559 succ10=0.20 touch10=0.20 col10=0.80 to10=0.00 min_d= 0.30 avg_spd=1.97m/s end=goal t=  686.4s
[TRAIN][PPO] ep=087/500 r=  284.97 avg10=  158.73 steps=1093 succ10=0.20 touch10=0.20 col10=0.80 to10=0.00 min_d= 1.46 avg_spd=2.03m/s end=collision t=  696.0s
[TRAIN][PPO] ep=088/500 r=  -47.09 avg10=  146.42 steps=2084 succ10=0.20 touch10=0.20 col10=0.80 to10=0.00 min_d= 0.84 avg_spd=2.07m/s end=collision t=  714.9s
[TRAIN][PPO] ep=089/500 r=  -50.71 avg10=  147.92 steps=2122 succ10=0.20 touch10=0.20 col10=0.80 to10=0.00 min_d= 0.84 avg_spd=2.08m/s end=collision t=  733.3s
[TRAIN][PPO] ep=090/500 r=  272.12 avg10=  181.93 steps=1089 succ10=0.20 touch10=0.20 col10=0.80 to10=0.00 min_d= 1.46 avg_spd=1.99m/s end=collision t=  742.8s
[TRAIN][PPO] ep=091/500 r=   58.59 avg10=  128.02 steps= 374 succ10=0.10 touch10=0.10 col10=0.90 to10=0.00 min_d= 3.12 avg_spd=1.89m/s end=collision t=  746.0s
[TRAIN][PPO] ep=092/500 r=  263.03 avg10=  158.05 steps=1072 succ10=0.10 touch10=0.10 col10=0.90 to10=0.00 min_d= 1.43 avg_spd=2.03m/s end=collision t=  756.1s
[TRAIN][PPO] ep=093/500 r=  266.34 avg10=  178.33 steps=1071 succ10=0.10 touch10=0.10 col10=0.90 to10=0.00 min_d= 1.42 avg_spd=2.04m/s end=collision t=  765.3s
[TRAIN][PPO] ep=094/500 r=  596.74 avg10=  231.22 steps=1577 succ10=0.20 touch10=0.20 col10=0.80 to10=0.00 min_d= 0.30 avg_spd=1.98m/s end=goal t=  778.9s
[TRAIN][PPO] ep=095/500 r=   70.49 avg10=  230.95 steps= 377 succ10=0.20 touch10=0.20 col10=0.80 to10=0.00 min_d= 3.14 avg_spd=1.99m/s end=collision t=  782.2s
[TRAIN][PPO] ep=096/500 r=  272.21 avg10=  198.67 steps=1076 succ10=0.10 touch10=0.10 col10=0.90 to10=0.00 min_d= 1.44 avg_spd=2.05m/s end=collision t=  792.4s
[TRAIN][PPO] ep=097/500 r=   77.25 avg10=  177.90 steps= 393 succ10=0.10 touch10=0.10 col10=0.90 to10=0.00 min_d= 3.13 avg_spd=1.93m/s end=collision t=  795.8s
[TRAIN][PPO] ep=098/500 r=  -41.09 avg10=  178.50 steps= 151 succ10=0.10 touch10=0.10 col10=0.90 to10=0.00 min_d= 3.83 avg_spd=1.82m/s end=collision t=  797.2s
[TRAIN][PPO] ep=099/500 r=   50.68 avg10=  188.64 steps= 412 succ10=0.10 touch10=0.10 col10=0.90 to10=0.00 min_d= 2.98 avg_spd=1.95m/s end=collision t=  800.8s
[TRAIN][PPO] ep=100/500 r=  264.80 avg10=  187.91 steps=1069 succ10=0.10 touch10=0.10 col10=0.90 to10=0.00 min_d= 1.42 avg_spd=2.03m/s end=collision t=  810.6s ckpt=latest
[TRAIN][PPO] ep=101/500 r=  197.20 avg10=  201.77 steps= 837 succ10=0.10 touch10=0.10 col10=0.90 to10=0.00 min_d= 2.08 avg_spd=2.01m/s end=collision t=  817.9s
[TRAIN][PPO] ep=102/500 r=   73.25 avg10=  182.79 steps= 380 succ10=0.10 touch10=0.10 col10=0.90 to10=0.00 min_d= 3.11 avg_spd=2.01m/s end=collision t=  821.2s
[TRAIN][PPO] ep=103/500 r=  -34.07 avg10=  152.75 steps= 194 succ10=0.10 touch10=0.10 col10=0.90 to10=0.00 min_d= 3.83 avg_spd=1.92m/s end=collision t=  822.9s
[TRAIN][PPO] ep=104/500 r=  278.05 avg10=  120.88 steps=1075 succ10=0.00 touch10=0.00 col10=1.00 to10=0.00 min_d= 1.44 avg_spd=2.07m/s end=collision t=  832.9s
[TRAIN][PPO] ep=105/500 r=  282.84 avg10=  142.11 steps=1083 succ10=0.00 touch10=0.00 col10=1.00 to10=0.00 min_d= 1.46 avg_spd=2.05m/s end=collision t=  842.1s
[TRAIN][PPO] ep=106/500 r=  277.82 avg10=  142.67 steps=1066 succ10=0.00 touch10=0.00 col10=1.00 to10=0.00 min_d= 1.40 avg_spd=2.06m/s end=collision t=  851.4s
[TRAIN][PPO] ep=107/500 r=  293.46 avg10=  164.30 steps=1082 succ10=0.00 touch10=0.00 col10=1.00 to10=0.00 min_d= 1.45 avg_spd=2.01m/s end=collision t=  860.7s
[TRAIN][PPO] ep=108/500 r=  283.89 avg10=  196.79 steps=1087 succ10=0.00 touch10=0.00 col10=1.00 to10=0.00 min_d= 1.46 avg_spd=2.03m/s end=collision t=  871.0s
[TRAIN][PPO] ep=109/500 r=  270.46 avg10=  218.77 steps=1071 succ10=0.00 touch10=0.00 col10=1.00 to10=0.00 min_d= 1.42 avg_spd=2.05m/s end=collision t=  880.2s
[TRAIN][PPO] ep=110/500 r=  213.72 avg10=  213.66 steps= 964 succ10=0.00 touch10=0.00 col10=1.00 to10=0.00 min_d= 1.90 avg_spd=2.09m/s end=collision t=  888.4s
[TRAIN][PPO] ep=111/500 r=  225.91 avg10=  216.53 steps= 963 succ10=0.00 touch10=0.00 col10=1.00 to10=0.00 min_d= 1.78 avg_spd=2.04m/s end=collision t=  896.7s
[TRAIN][PPO] ep=112/500 r=  282.36 avg10=  237.44 steps=1071 succ10=0.00 touch10=0.00 col10=1.00 to10=0.00 min_d= 1.43 avg_spd=2.04m/s end=collision t=  907.0s
[TRAIN][PPO] ep=113/500 r=  196.17 avg10=  260.47 steps= 849 succ10=0.00 touch10=0.00 col10=1.00 to10=0.00 min_d= 2.07 avg_spd=2.00m/s end=collision t=  914.6s
[TRAIN][PPO] ep=114/500 r=  230.49 avg10=  255.71 steps= 962 succ10=0.00 touch10=0.00 col10=1.00 to10=0.00 min_d= 1.78 avg_spd=2.05m/s end=collision t=  922.9s
[TRAIN][PPO] ep=115/500 r=  289.40 avg10=  256.37 steps=1078 succ10=0.00 touch10=0.00 col10=1.00 to10=0.00 min_d= 1.44 avg_spd=2.04m/s end=collision t=  932.4s
[TRAIN][PPO] ep=116/500 r=  267.14 avg10=  255.30 steps=1073 succ10=0.00 touch10=0.00 col10=1.00 to10=0.00 min_d= 1.43 avg_spd=2.04m/s end=collision t=  942.8s
[TRAIN][PPO] ep=117/500 r=  285.24 avg10=  254.48 steps=1070 succ10=0.00 touch10=0.00 col10=1.00 to10=0.00 min_d= 1.42 avg_spd=2.07m/s end=collision t=  951.4s
[TRAIN][PPO] ep=118/500 r=  275.52 avg10=  253.64 steps=1074 succ10=0.00 touch10=0.00 col10=1.00 to10=0.00 min_d= 1.44 avg_spd=2.03m/s end=collision t=  960.5s
[TRAIN][PPO] ep=119/500 r=   70.80 avg10=  233.68 steps= 388 succ10=0.00 touch10=0.00 col10=1.00 to10=0.00 min_d= 3.14 avg_spd=1.96m/s end=collision t=  963.9s
[TRAIN][PPO] ep=120/500 r=  286.05 avg10=  240.91 steps=1068 succ10=0.00 touch10=0.00 col10=1.00 to10=0.00 min_d= 1.43 avg_spd=2.06m/s end=collision t=  974.1s
[TRAIN][PPO] ep=121/500 r=  273.24 avg10=  245.64 steps=1075 succ10=0.00 touch10=0.00 col10=1.00 to10=0.00 min_d= 1.45 avg_spd=2.04m/s end=collision t=  983.6s
[TRAIN][PPO] ep=122/500 r=  224.72 avg10=  239.88 steps= 960 succ10=0.00 touch10=0.00 col10=1.00 to10=0.00 min_d= 1.80 avg_spd=2.03m/s end=collision t=  992.3s
[TRAIN][PPO] ep=123/500 r=  266.72 avg10=  246.93 steps=1072 succ10=0.00 touch10=0.00 col10=1.00 to10=0.00 min_d= 1.42 avg_spd=2.05m/s end=collision t= 1001.8s
[TRAIN][PPO] ep=124/500 r=  230.45 avg10=  246.93 steps= 963 succ10=0.00 touch10=0.00 col10=1.00 to10=0.00 min_d= 1.78 avg_spd=2.01m/s end=collision t= 1011.1s
[TRAIN][PPO] ep=125/500 r=   69.57 avg10=  224.95 steps= 394 succ10=0.00 touch10=0.00 col10=1.00 to10=0.00 min_d= 3.10 avg_spd=2.02m/s end=collision t= 1014.6s
[TRAIN][PPO] ep=126/500 r=  282.96 avg10=  226.53 steps=1068 succ10=0.00 touch10=0.00 col10=1.00 to10=0.00 min_d= 1.42 avg_spd=2.05m/s end=collision t= 1024.3s
[TRAIN][PPO] ep=127/500 r=  276.17 avg10=  225.62 steps=1074 succ10=0.00 touch10=0.00 col10=1.00 to10=0.00 min_d= 1.44 avg_spd=2.06m/s end=collision t= 1033.7s
[TRAIN][PPO] ep=128/500 r=   58.68 avg10=  203.94 steps= 355 succ10=0.00 touch10=0.00 col10=1.00 to10=0.00 min_d= 3.11 avg_spd=1.96m/s end=collision t= 1037.4s
[TRAIN][PPO] ep=129/500 r=  278.39 avg10=  224.70 steps=1075 succ10=0.00 touch10=0.00 col10=1.00 to10=0.00 min_d= 1.44 avg_spd=2.07m/s end=collision t= 1047.0s
[TRAIN][PPO] ep=130/500 r=   79.24 avg10=  204.01 steps= 401 succ10=0.00 touch10=0.00 col10=1.00 to10=0.00 min_d= 3.14 avg_spd=1.92m/s end=collision t= 1050.6s
[TRAIN][PPO] ep=131/500 r=  265.77 avg10=  203.27 steps=1076 succ10=0.00 touch10=0.00 col10=1.00 to10=0.00 min_d= 1.44 avg_spd=2.03m/s end=collision t= 1060.3s
[TRAIN][PPO] ep=132/500 r=  -39.40 avg10=  176.86 steps= 163 succ10=0.00 touch10=0.00 col10=1.00 to10=0.00 min_d= 3.81 avg_spd=1.96m/s end=collision t= 1062.4s
[TRAIN][PPO] ep=133/500 r=  288.41 avg10=  179.02 steps=1071 succ10=0.00 touch10=0.00 col10=1.00 to10=0.00 min_d= 1.42 avg_spd=2.05m/s end=collision t= 1071.8s
[TRAIN][PPO] ep=134/500 r=   72.30 avg10=  163.21 steps= 398 succ10=0.00 touch10=0.00 col10=1.00 to10=0.00 min_d= 3.14 avg_spd=1.97m/s end=collision t= 1075.4s
[TRAIN][PPO] ep=135/500 r=  275.02 avg10=  183.75 steps=1073 succ10=0.00 touch10=0.00 col10=1.00 to10=0.00 min_d= 1.43 avg_spd=2.05m/s end=collision t= 1084.9s
[TRAIN][PPO] ep=136/500 r=  215.65 avg10=  177.02 steps= 951 succ10=0.00 touch10=0.00 col10=1.00 to10=0.00 min_d= 1.84 avg_spd=2.09m/s end=collision t= 1094.0s
[TRAIN][PPO] ep=137/500 r=  279.79 avg10=  177.38 steps=1077 succ10=0.00 touch10=0.00 col10=1.00 to10=0.00 min_d= 1.45 avg_spd=2.03m/s end=collision t= 1103.6s
[TRAIN][PPO] ep=138/500 r=  218.70 avg10=  193.39 steps= 955 succ10=0.00 touch10=0.00 col10=1.00 to10=0.00 min_d= 1.84 avg_spd=2.11m/s end=collision t= 1112.1s
[TRAIN][PPO] ep=139/500 r=  276.34 avg10=  193.18 steps=1075 succ10=0.00 touch10=0.00 col10=1.00 to10=0.00 min_d= 1.45 avg_spd=2.08m/s end=collision t= 1121.7s
[TRAIN][PPO] ep=140/500 r=  250.18 avg10=  210.28 steps=1070 succ10=0.00 touch10=0.00 col10=1.00 to10=0.00 min_d= 1.43 avg_spd=2.07m/s end=collision t= 1132.3s
[TRAIN][PPO] ep=141/500 r=  277.53 avg10=  211.45 steps=1072 succ10=0.00 touch10=0.00 col10=1.00 to10=0.00 min_d= 1.42 avg_spd=2.07m/s end=collision t= 1141.8s
[TRAIN][PPO] ep=142/500 r=  213.87 avg10=  236.78 steps= 953 succ10=0.00 touch10=0.00 col10=1.00 to10=0.00 min_d= 1.82 avg_spd=2.02m/s end=collision t= 1150.2s
[TRAIN][PPO] ep=143/500 r=  230.02 avg10=  230.94 steps= 964 succ10=0.00 touch10=0.00 col10=1.00 to10=0.00 min_d= 1.77 avg_spd=2.08m/s end=collision t= 1158.8s
[TRAIN][PPO] ep=144/500 r=  282.65 avg10=  251.97 steps=1073 succ10=0.00 touch10=0.00 col10=1.00 to10=0.00 min_d= 1.44 avg_spd=2.05m/s end=collision t= 1169.2s
[TRAIN][PPO] ep=145/500 r=  284.70 avg10=  252.94 steps=1073 succ10=0.00 touch10=0.00 col10=1.00 to10=0.00 min_d= 1.41 avg_spd=2.07m/s end=collision t= 1178.6s
[TRAIN][PPO] ep=146/500 r=  268.62 avg10=  258.24 steps=1073 succ10=0.00 touch10=0.00 col10=1.00 to10=0.00 min_d= 1.42 avg_spd=2.06m/s end=collision t= 1188.2s
[TRAIN][PPO] ep=147/500 r=  268.83 avg10=  257.14 steps=1083 succ10=0.00 touch10=0.00 col10=1.00 to10=0.00 min_d= 1.46 avg_spd=2.02m/s end=collision t= 1197.8s
[TRAIN][PPO] ep=148/500 r=  283.15 avg10=  263.59 steps=1074 succ10=0.00 touch10=0.00 col10=1.00 to10=0.00 min_d= 1.43 avg_spd=2.05m/s end=collision t= 1208.5s
[TRAIN][PPO] ep=149/500 r=   65.95 avg10=  242.55 steps= 389 succ10=0.00 touch10=0.00 col10=1.00 to10=0.00 min_d= 3.03 avg_spd=1.97m/s end=collision t= 1211.9s
[TRAIN][PPO] ep=150/500 r=  -68.63 avg10=  210.67 steps=2253 succ10=0.00 touch10=0.00 col10=1.00 to10=0.00 min_d= 0.77 avg_spd=2.07m/s end=collision t= 1231.5s
[TRAIN][PPO] ep=151/500 r=  282.14 avg10=  211.13 steps=1075 succ10=0.00 touch10=0.00 col10=1.00 to10=0.00 min_d= 1.44 avg_spd=2.06m/s end=collision t= 1241.0s
[TRAIN][PPO] ep=152/500 r=  273.94 avg10=  217.14 steps=1073 succ10=0.00 touch10=0.00 col10=1.00 to10=0.00 min_d= 1.44 avg_spd=2.05m/s end=collision t= 1251.5s
[TRAIN][PPO] ep=153/500 r=  211.61 avg10=  215.30 steps= 951 succ10=0.00 touch10=0.00 col10=1.00 to10=0.00 min_d= 1.87 avg_spd=2.02m/s end=collision t= 1259.8s
[TRAIN][PPO] ep=154/500 r=  232.73 avg10=  210.30 steps= 962 succ10=0.00 touch10=0.00 col10=1.00 to10=0.00 min_d= 1.78 avg_spd=2.06m/s end=collision t= 1268.4s
[TRAIN][PPO] ep=155/500 r=  278.95 avg10=  209.73 steps=1073 succ10=0.00 touch10=0.00 col10=1.00 to10=0.00 min_d= 1.42 avg_spd=2.07m/s end=collision t= 1277.6s
[TRAIN][PPO] ep=156/500 r=  218.35 avg10=  204.70 steps= 957 succ10=0.00 touch10=0.00 col10=1.00 to10=0.00 min_d= 1.80 avg_spd=2.04m/s end=collision t= 1287.0s
[TRAIN][PPO] ep=157/500 r=  264.78 avg10=  204.30 steps=1072 succ10=0.00 touch10=0.00 col10=1.00 to10=0.00 min_d= 1.43 avg_spd=2.07m/s end=collision t= 1296.5s
[TRAIN][PPO] ep=158/500 r=  208.64 avg10=  196.85 steps= 954 succ10=0.00 touch10=0.00 col10=1.00 to10=0.00 min_d= 1.83 avg_spd=2.05m/s end=collision t= 1305.0s
[TRAIN][PPO] ep=159/500 r=  204.52 avg10=  210.70 steps= 951 succ10=0.00 touch10=0.00 col10=1.00 to10=0.00 min_d= 1.83 avg_spd=2.06m/s end=collision t= 1313.5s
[TRAIN][PPO] ep=160/500 r=  216.45 avg10=  239.21 steps= 955 succ10=0.00 touch10=0.00 col10=1.00 to10=0.00 min_d= 1.88 avg_spd=2.09m/s end=collision t= 1322.7s
[TRAIN][PPO] ep=161/500 r=  267.24 avg10=  237.72 steps=1072 succ10=0.00 touch10=0.00 col10=1.00 to10=0.00 min_d= 1.43 avg_spd=2.07m/s end=collision t= 1332.4s
[TRAIN][PPO] ep=162/500 r=   66.62 avg10=  216.99 steps= 391 succ10=0.00 touch10=0.00 col10=1.00 to10=0.00 min_d= 3.08 avg_spd=2.03m/s end=collision t= 1335.9s
[TRAIN][PPO] ep=163/500 r=  261.82 avg10=  222.01 steps=1075 succ10=0.00 touch10=0.00 col10=1.00 to10=0.00 min_d= 1.44 avg_spd=2.08m/s end=collision t= 1345.3s
[TRAIN][PPO] ep=164/500 r=  216.32 avg10=  220.37 steps= 958 succ10=0.00 touch10=0.00 col10=1.00 to10=0.00 min_d= 1.80 avg_spd=2.04m/s end=collision t= 1354.2s
[TRAIN][PPO] ep=165/500 r=  273.37 avg10=  219.81 steps=1075 succ10=0.00 touch10=0.00 col10=1.00 to10=0.00 min_d= 1.44 avg_spd=2.07m/s end=collision t= 1363.5s
[TRAIN][PPO] ep=166/500 r=  277.39 avg10=  225.72 steps=1073 succ10=0.00 touch10=0.00 col10=1.00 to10=0.00 min_d= 1.43 avg_spd=2.07m/s end=collision t= 1372.7s
[TRAIN][PPO] ep=167/500 r=  269.22 avg10=  226.16 steps=1073 succ10=0.00 touch10=0.00 col10=1.00 to10=0.00 min_d= 1.41 avg_spd=2.09m/s end=collision t= 1382.3s
[TRAIN][PPO] ep=168/500 r=   68.37 avg10=  212.13 steps= 383 succ10=0.00 touch10=0.00 col10=1.00 to10=0.00 min_d= 3.12 avg_spd=1.98m/s end=collision t= 1386.6s
[TRAIN][PPO] ep=169/500 r=   75.37 avg10=  199.22 steps= 383 succ10=0.00 touch10=0.00 col10=1.00 to10=0.00 min_d= 3.13 avg_spd=1.98m/s end=collision t= 1390.0s
[TRAIN][PPO] ep=170/500 r=  580.37 avg10=  235.61 steps=1487 succ10=0.10 touch10=0.10 col10=0.90 to10=0.00 min_d= 0.30 avg_spd=2.08m/s end=goal t= 1403.5s
[TRAIN][PPO] ep=171/500 r=  262.47 avg10=  235.13 steps=1073 succ10=0.10 touch10=0.10 col10=0.90 to10=0.00 min_d= 1.42 avg_spd=2.08m/s end=collision t= 1413.3s
[TRAIN][PPO] ep=172/500 r=  280.85 avg10=  256.56 steps=1072 succ10=0.10 touch10=0.10 col10=0.90 to10=0.00 min_d= 1.41 avg_spd=2.07m/s end=collision t= 1424.0s
[TRAIN][PPO] ep=173/500 r=  262.31 avg10=  256.60 steps=1082 succ10=0.10 touch10=0.10 col10=0.90 to10=0.00 min_d= 1.45 avg_spd=2.04m/s end=collision t= 1433.6s
[TRAIN][PPO] ep=174/500 r=  210.73 avg10=  256.05 steps= 962 succ10=0.10 touch10=0.10 col10=0.90 to10=0.00 min_d= 1.90 avg_spd=2.10m/s end=collision t= 1442.4s
[TRAIN][PPO] ep=175/500 r=   68.71 avg10=  235.58 steps= 379 succ10=0.10 touch10=0.10 col10=0.90 to10=0.00 min_d= 3.12 avg_spd=1.96m/s end=collision t= 1445.8s
[TRAIN][PPO] ep=176/500 r=  217.71 avg10=  229.61 steps= 959 succ10=0.10 touch10=0.10 col10=0.90 to10=0.00 min_d= 1.85 avg_spd=2.11m/s end=collision t= 1454.9s
[TRAIN][PPO] ep=177/500 r=  273.53 avg10=  230.04 steps=1071 succ10=0.10 touch10=0.10 col10=0.90 to10=0.00 min_d= 1.43 avg_spd=2.07m/s end=collision t= 1464.4s
[TRAIN][PPO] ep=178/500 r=  274.25 avg10=  250.63 steps=1074 succ10=0.10 touch10=0.10 col10=0.90 to10=0.00 min_d= 1.42 avg_spd=2.08m/s end=collision t= 1473.9s
[TRAIN][PPO] ep=179/500 r=   63.61 avg10=  249.45 steps= 388 succ10=0.10 touch10=0.10 col10=0.90 to10=0.00 min_d= 3.11 avg_spd=1.94m/s end=collision t= 1477.5s
[TRAIN][PPO] ep=180/500 r=  278.56 avg10=  219.27 steps=1074 succ10=0.00 touch10=0.00 col10=1.00 to10=0.00 min_d= 1.44 avg_spd=2.07m/s end=collision t= 1487.8s
[TRAIN][PPO] ep=181/500 r=  199.80 avg10=  213.01 steps= 965 succ10=0.00 touch10=0.00 col10=1.00 to10=0.00 min_d= 1.89 avg_spd=2.09m/s end=collision t= 1496.5s
[TRAIN][PPO] ep=182/500 r=  215.94 avg10=  206.51 steps= 958 succ10=0.00 touch10=0.00 col10=1.00 to10=0.00 min_d= 1.82 avg_spd=2.05m/s end=collision t= 1505.2s
[TRAIN][PPO] ep=183/500 r=  206.07 avg10=  200.89 steps= 964 succ10=0.00 touch10=0.00 col10=1.00 to10=0.00 min_d= 1.94 avg_spd=2.07m/s end=collision t= 1513.9s
[TRAIN][PPO] ep=184/500 r=  224.85 avg10=  202.30 steps= 961 succ10=0.00 touch10=0.00 col10=1.00 to10=0.00 min_d= 1.79 avg_spd=2.07m/s end=collision t= 1523.2s
[TRAIN][PPO] ep=185/500 r=  283.23 avg10=  223.75 steps=1079 succ10=0.00 touch10=0.00 col10=1.00 to10=0.00 min_d= 1.45 avg_spd=2.06m/s end=collision t= 1533.0s
[TRAIN][PPO] ep=186/500 r=  216.74 avg10=  223.66 steps= 957 succ10=0.00 touch10=0.00 col10=1.00 to10=0.00 min_d= 1.80 avg_spd=2.08m/s end=collision t= 1541.6s
[TRAIN][PPO] ep=187/500 r=  178.11 avg10=  214.11 steps= 835 succ10=0.00 touch10=0.00 col10=1.00 to10=0.00 min_d= 2.11 avg_spd=2.04m/s end=collision t= 1549.1s
[TRAIN][PPO] ep=188/500 r=  266.14 avg10=  213.30 steps=1073 succ10=0.00 touch10=0.00 col10=1.00 to10=0.00 min_d= 1.44 avg_spd=2.07m/s end=collision t= 1559.9s
[TRAIN][PPO] ep=189/500 r=   56.00 avg10=  212.54 steps= 376 succ10=0.00 touch10=0.00 col10=1.00 to10=0.00 min_d= 3.12 avg_spd=1.91m/s end=collision t= 1563.3s
[TRAIN][PPO] ep=190/500 r=  -44.08 avg10=  180.28 steps=  23 succ10=0.00 touch10=0.00 col10=1.00 to10=0.00 min_d= 3.84 avg_spd=2.02m/s end=collision t= 1563.6s
[TRAIN][PPO] ep=191/500 r=  275.64 avg10=  187.86 steps=1085 succ10=0.00 touch10=0.00 col10=1.00 to10=0.00 min_d= 1.45 avg_spd=2.05m/s end=collision t= 1573.2s
[TRAIN][PPO] ep=192/500 r=  272.94 avg10=  193.56 steps=1079 succ10=0.00 touch10=0.00 col10=1.00 to10=0.00 min_d= 1.45 avg_spd=2.08m/s end=collision t= 1583.8s
[TRAIN][PPO] ep=193/500 r=  257.61 avg10=  198.72 steps=1071 succ10=0.00 touch10=0.00 col10=1.00 to10=0.00 min_d= 1.41 avg_spd=2.05m/s end=collision t= 1593.4s
[TRAIN][PPO] ep=194/500 r=  227.99 avg10=  199.03 steps= 963 succ10=0.00 touch10=0.00 col10=1.00 to10=0.00 min_d= 1.78 avg_spd=2.07m/s end=collision t= 1602.1s
[TRAIN][PPO] ep=195/500 r=  213.97 avg10=  192.11 steps= 950 succ10=0.00 touch10=0.00 col10=1.00 to10=0.00 min_d= 1.88 avg_spd=2.08m/s end=collision t= 1610.4s
[TRAIN][PPO] ep=196/500 r=   70.26 avg10=  177.46 steps= 375 succ10=0.00 touch10=0.00 col10=1.00 to10=0.00 min_d= 3.14 avg_spd=2.01m/s end=collision t= 1614.4s
[TRAIN][PPO] ep=197/500 r=  211.82 avg10=  180.83 steps= 955 succ10=0.00 touch10=0.00 col10=1.00 to10=0.00 min_d= 1.81 avg_spd=2.05m/s end=collision t= 1622.8s
[TRAIN][PPO] ep=198/500 r=  229.65 avg10=  177.18 steps= 960 succ10=0.00 touch10=0.00 col10=1.00 to10=0.00 min_d= 1.81 avg_spd=2.05m/s end=collision t= 1631.3s
[TRAIN][PPO] ep=199/500 r=  274.00 avg10=  198.98 steps=1072 succ10=0.00 touch10=0.00 col10=1.00 to10=0.00 min_d= 1.42 avg_spd=2.05m/s end=collision t= 1640.9s
[TRAIN][PPO] ep=200/500 r=  232.07 avg10=  226.59 steps= 960 succ10=0.00 touch10=0.00 col10=1.00 to10=0.00 min_d= 1.80 avg_spd=2.07m/s end=collision t= 1650.0s ckpt=latest
[TRAIN][PPO] ep=201/500 r=  275.18 avg10=  226.55 steps=1074 succ10=0.00 touch10=0.00 col10=1.00 to10=0.00 min_d= 1.44 avg_spd=2.07m/s end=collision t= 1659.6s
[TRAIN][PPO] ep=202/500 r=  229.75 avg10=  222.23 steps= 959 succ10=0.00 touch10=0.00 col10=1.00 to10=0.00 min_d= 1.79 avg_spd=2.07m/s end=collision t= 1668.2s
[TRAIN][PPO] ep=203/500 r=  227.86 avg10=  219.25 steps= 957 succ10=0.00 touch10=0.00 col10=1.00 to10=0.00 min_d= 1.82 avg_spd=2.06m/s end=collision t= 1676.9s
[TRAIN][PPO] ep=204/500 r=  -44.00 avg10=  192.06 steps=  28 succ10=0.00 touch10=0.00 col10=1.00 to10=0.00 min_d= 3.83 avg_spd=2.14m/s end=collision t= 1678.0s
[TRAIN][PPO] ep=205/500 r=  224.67 avg10=  193.12 steps= 958 succ10=0.00 touch10=0.00 col10=1.00 to10=0.00 min_d= 1.82 avg_spd=2.06m/s end=collision t= 1686.5s
[TRAIN][PPO] ep=206/500 r=  266.35 avg10=  212.73 steps=1075 succ10=0.00 touch10=0.00 col10=1.00 to10=0.00 min_d= 1.43 avg_spd=2.08m/s end=collision t= 1695.8s
[TRAIN][PPO] ep=207/500 r=  262.77 avg10=  217.83 steps=1079 succ10=0.00 touch10=0.00 col10=1.00 to10=0.00 min_d= 1.44 avg_spd=2.05m/s end=collision t= 1705.0s
[TRAIN][PPO] ep=208/500 r=  258.82 avg10=  220.75 steps=1074 succ10=0.00 touch10=0.00 col10=1.00 to10=0.00 min_d= 1.44 avg_spd=2.05m/s end=collision t= 1715.1s
[TRAIN][PPO] ep=209/500 r=  232.20 avg10=  216.57 steps= 963 succ10=0.00 touch10=0.00 col10=1.00 to10=0.00 min_d= 1.78 avg_spd=2.01m/s end=collision t= 1723.7s
[TRAIN][PPO] ep=210/500 r=  283.69 avg10=  221.73 steps=1076 succ10=0.00 touch10=0.00 col10=1.00 to10=0.00 min_d= 1.38 avg_spd=2.10m/s end=collision t= 1733.1s
[TRAIN][PPO] ep=211/500 r=   66.11 avg10=  200.82 steps= 379 succ10=0.00 touch10=0.00 col10=1.00 to10=0.00 min_d= 3.09 avg_spd=2.00m/s end=collision t= 1736.4s
[TRAIN][PPO] ep=212/500 r=  276.28 avg10=  205.47 steps=1070 succ10=0.00 touch10=0.00 col10=1.00 to10=0.00 min_d= 1.42 avg_spd=2.08m/s end=collision t= 1746.4s
[TRAIN][PPO] ep=213/500 r=   61.73 avg10=  188.86 steps= 389 succ10=0.00 touch10=0.00 col10=1.00 to10=0.00 min_d= 3.12 avg_spd=1.92m/s end=collision t= 1749.8s
[TRAIN][PPO] ep=214/500 r=  214.64 avg10=  214.73 steps= 956 succ10=0.00 touch10=0.00 col10=1.00 to10=0.00 min_d= 1.84 avg_spd=2.00m/s end=collision t= 1758.3s
[TRAIN][PPO] ep=215/500 r=  277.68 avg10=  220.03 steps=1080 succ10=0.00 touch10=0.00 col10=1.00 to10=0.00 min_d= 1.45 avg_spd=2.05m/s end=collision t= 1767.8s
[TRAIN][PPO] ep=216/500 r=  209.94 avg10=  214.39 steps= 946 succ10=0.00 touch10=0.00 col10=1.00 to10=0.00 min_d= 1.87 avg_spd=2.03m/s end=collision t= 1776.7s
[TRAIN][PPO] ep=217/500 r=  233.48 avg10=  211.46 steps= 960 succ10=0.00 touch10=0.00 col10=1.00 to10=0.00 min_d= 1.78 avg_spd=2.04m/s end=collision t= 1785.3s
[TRAIN][PPO] ep=218/500 r=  213.53 avg10=  206.93 steps= 949 succ10=0.00 touch10=0.00 col10=1.00 to10=0.00 min_d= 1.85 avg_spd=2.02m/s end=collision t= 1793.7s
[TRAIN][PPO] ep=219/500 r=  278.34 avg10=  211.54 steps=1091 succ10=0.00 touch10=0.00 col10=1.00 to10=0.00 min_d= 1.46 avg_spd=2.05m/s end=collision t= 1804.0s
[TRAIN][PPO] ep=220/500 r=  240.86 avg10=  207.26 steps= 969 succ10=0.00 touch10=0.00 col10=1.00 to10=0.00 min_d= 1.76 avg_spd=2.02m/s end=collision t= 1813.6s
[TRAIN][PPO] ep=221/500 r=  278.06 avg10=  228.45 steps=1071 succ10=0.00 touch10=0.00 col10=1.00 to10=0.00 min_d= 1.43 avg_spd=2.06m/s end=collision t= 1823.1s
[TRAIN][PPO] ep=222/500 r=  213.86 avg10=  222.21 steps= 951 succ10=0.00 touch10=0.00 col10=1.00 to10=0.00 min_d= 1.86 avg_spd=2.03m/s end=collision t= 1831.5s
[TRAIN][PPO] ep=223/500 r=  222.79 avg10=  238.32 steps= 956 succ10=0.00 touch10=0.00 col10=1.00 to10=0.00 min_d= 1.82 avg_spd=2.03m/s end=collision t= 1839.9s
[TRAIN][PPO] ep=224/500 r=  266.04 avg10=  243.46 steps=1077 succ10=0.00 touch10=0.00 col10=1.00 to10=0.00 min_d= 1.44 avg_spd=2.05m/s end=collision t= 1850.3s
[TRAIN][PPO] ep=225/500 r=  219.61 avg10=  237.65 steps= 958 succ10=0.00 touch10=0.00 col10=1.00 to10=0.00 min_d= 1.81 avg_spd=2.04m/s end=collision t= 1858.7s
[TRAIN][PPO] ep=226/500 r=  124.55 avg10=  229.11 steps= 586 succ10=0.00 touch10=0.00 col10=1.00 to10=0.00 min_d= 2.65 avg_spd=2.04m/s end=collision t= 1864.0s
[TRAIN][PPO] ep=227/500 r=  227.44 avg10=  228.51 steps= 958 succ10=0.00 touch10=0.00 col10=1.00 to10=0.00 min_d= 1.82 avg_spd=2.06m/s end=collision t= 1872.5s
[TRAIN][PPO] ep=228/500 r=  283.19 avg10=  235.47 steps=1071 succ10=0.00 touch10=0.00 col10=1.00 to10=0.00 min_d= 1.42 avg_spd=2.06m/s end=collision t= 1882.9s
[TRAIN][PPO] ep=229/500 r=  277.31 avg10=  235.37 steps=1071 succ10=0.00 touch10=0.00 col10=1.00 to10=0.00 min_d= 1.43 avg_spd=2.02m/s end=collision t= 1892.4s
[TRAIN][PPO] ep=230/500 r=  216.32 avg10=  232.92 steps= 954 succ10=0.00 touch10=0.00 col10=1.00 to10=0.00 min_d= 1.83 avg_spd=2.02m/s end=collision t= 1901.0s
[TRAIN][PPO] ep=231/500 r=  231.59 avg10=  228.27 steps= 960 succ10=0.00 touch10=0.00 col10=1.00 to10=0.00 min_d= 1.80 avg_spd=2.05m/s end=collision t= 1909.5s
[TRAIN][PPO] ep=232/500 r=  285.90 avg10=  235.47 steps=1074 succ10=0.00 touch10=0.00 col10=1.00 to10=0.00 min_d= 1.43 avg_spd=2.05m/s end=collision t= 1920.0s
[TRAIN][PPO] ep=233/500 r=  266.70 avg10=  239.87 steps=1086 succ10=0.00 touch10=0.00 col10=1.00 to10=0.00 min_d= 1.45 avg_spd=2.03m/s end=collision t= 1929.7s
[TRAIN][PPO] ep=234/500 r=  294.47 avg10=  242.71 steps=1074 succ10=0.00 touch10=0.00 col10=1.00 to10=0.00 min_d= 1.43 avg_spd=2.02m/s end=collision t= 1939.1s
[TRAIN][PPO] ep=235/500 r=  218.21 avg10=  242.57 steps= 956 succ10=0.00 touch10=0.00 col10=1.00 to10=0.00 min_d= 1.85 avg_spd=2.10m/s end=collision t= 1947.6s
[TRAIN][PPO] ep=236/500 r=  284.74 avg10=  258.59 steps=1080 succ10=0.00 touch10=0.00 col10=1.00 to10=0.00 min_d= 1.45 avg_spd=2.03m/s end=collision t= 1958.2s
[TRAIN][PPO] ep=237/500 r=  220.47 avg10=  257.89 steps= 957 succ10=0.00 touch10=0.00 col10=1.00 to10=0.00 min_d= 1.84 avg_spd=2.03m/s end=collision t= 1966.7s
[TRAIN][PPO] ep=238/500 r=  236.59 avg10=  253.23 steps= 963 succ10=0.00 touch10=0.00 col10=1.00 to10=0.00 min_d= 1.79 avg_spd=2.07m/s end=collision t= 1975.2s
[TRAIN][PPO] ep=239/500 r=  223.62 avg10=  247.86 steps= 960 succ10=0.00 touch10=0.00 col10=1.00 to10=0.00 min_d= 1.79 avg_spd=2.06m/s end=collision t= 1983.7s
[TRAIN][PPO] ep=240/500 r=   62.18 avg10=  232.45 steps= 601 succ10=0.00 touch10=0.00 col10=1.00 to10=0.00 min_d= 2.94 avg_spd=1.98m/s end=collision t= 1989.7s
[TRAIN][PPO] ep=241/500 r=  264.28 avg10=  235.72 steps=1081 succ10=0.00 touch10=0.00 col10=1.00 to10=0.00 min_d= 1.45 avg_spd=2.03m/s end=collision t= 1999.3s
[TRAIN][PPO] ep=242/500 r=  264.53 avg10=  233.58 steps=1073 succ10=0.00 touch10=0.00 col10=1.00 to10=0.00 min_d= 1.44 avg_spd=2.05m/s end=collision t= 2008.8s
[TRAIN][PPO] ep=243/500 r=  233.18 avg10=  230.23 steps= 967 succ10=0.00 touch10=0.00 col10=1.00 to10=0.00 min_d= 1.78 avg_spd=2.06m/s end=collision t= 2017.4s
[TRAIN][PPO] ep=244/500 r=  275.81 avg10=  228.36 steps=1074 succ10=0.00 touch10=0.00 col10=1.00 to10=0.00 min_d= 1.43 avg_spd=2.05m/s end=collision t= 2027.6s
[TRAIN][PPO] ep=245/500 r=  264.97 avg10=  233.04 steps=1074 succ10=0.00 touch10=0.00 col10=1.00 to10=0.00 min_d= 1.44 avg_spd=2.05m/s end=collision t= 2037.2s
[TRAIN][PPO] ep=246/500 r=  214.60 avg10=  226.02 steps= 949 succ10=0.00 touch10=0.00 col10=1.00 to10=0.00 min_d= 1.87 avg_spd=2.11m/s end=collision t= 2045.4s
[TRAIN][PPO] ep=247/500 r=  -44.81 avg10=  199.50 steps=  21 succ10=0.00 touch10=0.00 col10=1.00 to10=0.00 min_d= 3.84 avg_spd=2.28m/s end=collision t= 2045.6s
[TRAIN][PPO] ep=248/500 r=  266.77 avg10=  202.51 steps=1072 succ10=0.00 touch10=0.00 col10=1.00 to10=0.00 min_d= 1.43 avg_spd=2.05m/s end=collision t= 2056.0s
[TRAIN][PPO] ep=249/500 r=  221.46 avg10=  202.30 steps= 960 succ10=0.00 touch10=0.00 col10=1.00 to10=0.00 min_d= 1.78 avg_spd=2.06m/s end=collision t= 2064.4s
[TRAIN][PPO] ep=250/500 r=  277.55 avg10=  223.83 steps=1078 succ10=0.00 touch10=0.00 col10=1.00 to10=0.00 min_d= 1.44 avg_spd=2.03m/s end=collision t= 2073.9s
[TRAIN][PPO] ep=251/500 r=  223.12 avg10=  219.72 steps= 959 succ10=0.00 touch10=0.00 col10=1.00 to10=0.00 min_d= 1.83 avg_spd=2.02m/s end=collision t= 2082.4s
[TRAIN][PPO] ep=252/500 r=  279.46 avg10=  221.21 steps=1074 succ10=0.00 touch10=0.00 col10=1.00 to10=0.00 min_d= 1.44 avg_spd=2.03m/s end=collision t= 2092.7s
[TRAIN][PPO] ep=253/500 r=  280.75 avg10=  225.97 steps=1071 succ10=0.00 touch10=0.00 col10=1.00 to10=0.00 min_d= 1.41 avg_spd=2.06m/s end=collision t= 2102.2s
[TRAIN][PPO] ep=254/500 r=  270.63 avg10=  225.45 steps=1070 succ10=0.00 touch10=0.00 col10=1.00 to10=0.00 min_d= 1.42 avg_spd=2.07m/s end=collision t= 2111.8s
[TRAIN][PPO] ep=255/500 r=  213.46 avg10=  220.30 steps= 959 succ10=0.00 touch10=0.00 col10=1.00 to10=0.00 min_d= 1.79 avg_spd=2.04m/s end=collision t= 2120.5s
[TRAIN][PPO] ep=256/500 r=  212.27 avg10=  220.07 steps= 958 succ10=0.00 touch10=0.00 col10=1.00 to10=0.00 min_d= 1.82 avg_spd=2.03m/s end=collision t= 2129.8s
[TRAIN][PPO] ep=257/500 r=  226.76 avg10=  247.22 steps= 964 succ10=0.00 touch10=0.00 col10=1.00 to10=0.00 min_d= 1.82 avg_spd=2.10m/s end=collision t= 2138.6s
[TRAIN][PPO] ep=258/500 r=  213.41 avg10=  241.89 steps= 952 succ10=0.00 touch10=0.00 col10=1.00 to10=0.00 min_d= 1.85 avg_spd=2.01m/s end=collision t= 2147.1s
[TRAIN][PPO] ep=259/500 r=  275.59 avg10=  247.30 steps=1094 succ10=0.00 touch10=0.00 col10=1.00 to10=0.00 min_d= 1.46 avg_spd=2.03m/s end=collision t= 2156.9s
[TRAIN][PPO] ep=260/500 r=   66.87 avg10=  226.23 steps= 370 succ10=0.00 touch10=0.00 col10=1.00 to10=0.00 min_d= 3.14 avg_spd=2.01m/s end=collision t= 2160.9s
[TRAIN][PPO] ep=261/500 r=  -42.10 avg10=  199.71 steps=  32 succ10=0.00 touch10=0.00 col10=1.00 to10=0.00 min_d= 3.84 avg_spd=2.16m/s end=collision t= 2161.3s
[TRAIN][PPO] ep=262/500 r=  232.12 avg10=  194.98 steps= 959 succ10=0.00 touch10=0.00 col10=1.00 to10=0.00 min_d= 1.82 avg_spd=2.05m/s end=collision t= 2169.7s
[TRAIN][PPO] ep=263/500 r=  290.26 avg10=  195.93 steps=1070 succ10=0.00 touch10=0.00 col10=1.00 to10=0.00 min_d= 1.42 avg_spd=2.05m/s end=collision t= 2179.2s
[TRAIN][PPO] ep=264/500 r=  274.18 avg10=  196.28 steps=1079 succ10=0.00 touch10=0.00 col10=1.00 to10=0.00 min_d= 1.45 avg_spd=2.02m/s end=collision t= 2189.3s
[TRAIN][PPO] ep=265/500 r=  267.26 avg10=  201.66 steps=1069 succ10=0.00 touch10=0.00 col10=1.00 to10=0.00 min_d= 1.42 avg_spd=2.02m/s end=collision t= 2198.6s
[TRAIN][PPO] ep=266/500 r=  222.68 avg10=  202.70 steps= 971 succ10=0.00 touch10=0.00 col10=1.00 to10=0.00 min_d= 1.84 avg_spd=2.07m/s end=collision t= 2207.0s
[TRAIN][PPO] ep=267/500 r=  266.85 avg10=  206.71 steps=1072 succ10=0.00 touch10=0.00 col10=1.00 to10=0.00 min_d= 1.43 avg_spd=2.05m/s end=collision t= 2216.3s
[TRAIN][PPO] ep=268/500 r=   61.78 avg10=  191.55 steps= 382 succ10=0.00 touch10=0.00 col10=1.00 to10=0.00 min_d= 3.07 avg_spd=1.98m/s end=collision t= 2220.6s
[TRAIN][PPO] ep=269/500 r=  276.12 avg10=  191.60 steps=1076 succ10=0.00 touch10=0.00 col10=1.00 to10=0.00 min_d= 1.44 avg_spd=2.04m/s end=collision t= 2230.1s
[TRAIN][PPO] ep=270/500 r=  232.03 avg10=  208.12 steps= 963 succ10=0.00 touch10=0.00 col10=1.00 to10=0.00 min_d= 1.79 avg_spd=2.06m/s end=collision t= 2238.7s
[TRAIN][PPO] ep=271/500 r=  281.12 avg10=  240.44 steps=1066 succ10=0.00 touch10=0.00 col10=1.00 to10=0.00 min_d= 1.40 avg_spd=2.03m/s end=collision t= 2248.2s
[TRAIN][PPO] ep=272/500 r=  283.22 avg10=  245.55 steps=1070 succ10=0.00 touch10=0.00 col10=1.00 to10=0.00 min_d= 1.42 avg_spd=2.05m/s end=collision t= 2258.3s
[TRAIN][PPO] ep=273/500 r=  216.25 avg10=  238.15 steps= 969 succ10=0.00 touch10=0.00 col10=1.00 to10=0.00 min_d= 1.84 avg_spd=2.08m/s end=collision t= 2266.7s
[TRAIN][PPO] ep=274/500 r=  -35.08 avg10=  207.22 steps=  54 succ10=0.00 touch10=0.00 col10=1.00 to10=0.00 min_d= 3.84 avg_spd=2.16m/s end=collision t= 2267.3s
[TRAIN][PPO] ep=275/500 r=  264.14 avg10=  206.91 steps=1074 succ10=0.00 touch10=0.00 col10=1.00 to10=0.00 min_d= 1.44 avg_spd=2.03m/s end=collision t= 2276.8s
[TRAIN][PPO] ep=276/500 r=  265.90 avg10=  211.23 steps=1070 succ10=0.00 touch10=0.00 col10=1.00 to10=0.00 min_d= 1.44 avg_spd=2.04m/s end=collision t= 2286.9s
[TRAIN][PPO] ep=277/500 r=  288.54 avg10=  213.40 steps=1073 succ10=0.00 touch10=0.00 col10=1.00 to10=0.00 min_d= 1.44 avg_spd=2.04m/s end=collision t= 2296.3s
[TRAIN][PPO] ep=278/500 r=  265.63 avg10=  233.79 steps=1074 succ10=0.00 touch10=0.00 col10=1.00 to10=0.00 min_d= 1.42 avg_spd=2.04m/s end=collision t= 2305.6s
[TRAIN][PPO] ep=279/500 r=   67.81 avg10=  212.96 steps= 370 succ10=0.00 touch10=0.00 col10=1.00 to10=0.00 min_d= 3.14 avg_spd=2.04m/s end=collision t= 2308.9s
[TRAIN][PPO] ep=280/500 r=  226.40 avg10=  212.39 steps= 968 succ10=0.00 touch10=0.00 col10=1.00 to10=0.00 min_d= 1.78 avg_spd=2.10m/s end=collision t= 2318.1s
[TRAIN][PPO] ep=281/500 r=  264.49 avg10=  210.73 steps=1070 succ10=0.00 touch10=0.00 col10=1.00 to10=0.00 min_d= 1.43 avg_spd=2.04m/s end=collision t= 2327.5s
[TRAIN][PPO] ep=282/500 r=  225.47 avg10=  204.95 steps= 961 succ10=0.00 touch10=0.00 col10=1.00 to10=0.00 min_d= 1.79 avg_spd=2.04m/s end=collision t= 2335.9s
[TRAIN][PPO] ep=283/500 r=  270.96 avg10=  210.43 steps=1070 succ10=0.00 touch10=0.00 col10=1.00 to10=0.00 min_d= 1.42 avg_spd=2.06m/s end=collision t= 2345.1s
[TRAIN][PPO] ep=284/500 r=   73.95 avg10=  221.33 steps= 385 succ10=0.00 touch10=0.00 col10=1.00 to10=0.00 min_d= 3.10 avg_spd=2.06m/s end=collision t= 2349.1s
[TRAIN][PPO] ep=285/500 r=  266.49 avg10=  221.56 steps=1074 succ10=0.00 touch10=0.00 col10=1.00 to10=0.00 min_d= 1.43 avg_spd=2.05m/s end=collision t= 2358.5s
[TRAIN][PPO] ep=286/500 r=  292.10 avg10=  224.18 steps=1067 succ10=0.00 touch10=0.00 col10=1.00 to10=0.00 min_d= 1.39 avg_spd=2.07m/s end=collision t= 2368.0s
[TRAIN][PPO] ep=287/500 r=  261.28 avg10=  221.46 steps=1070 succ10=0.00 touch10=0.00 col10=1.00 to10=0.00 min_d= 1.42 avg_spd=2.04m/s end=collision t= 2377.3s
[TRAIN][PPO] ep=288/500 r=  274.69 avg10=  222.36 steps=1074 succ10=0.00 touch10=0.00 col10=1.00 to10=0.00 min_d= 1.44 avg_spd=2.03m/s end=collision t= 2387.6s
[TRAIN][PPO] ep=289/500 r=   66.55 avg10=  222.24 steps= 367 succ10=0.00 touch10=0.00 col10=1.00 to10=0.00 min_d= 3.13 avg_spd=2.00m/s end=collision t= 2390.8s
[TRAIN][PPO] ep=290/500 r=  211.63 avg10=  220.76 steps= 948 succ10=0.00 touch10=0.00 col10=1.00 to10=0.00 min_d= 1.87 avg_spd=2.01m/s end=collision t= 2399.0s
[TRAIN][PPO] ep=291/500 r=  276.58 avg10=  221.97 steps=1071 succ10=0.00 touch10=0.00 col10=1.00 to10=0.00 min_d= 1.41 avg_spd=2.07m/s end=collision t= 2408.6s
[TRAIN][PPO] ep=292/500 r=  282.57 avg10=  227.68 steps=1076 succ10=0.00 touch10=0.00 col10=1.00 to10=0.00 min_d= 1.44 avg_spd=2.03m/s end=collision t= 2418.9s
[TRAIN][PPO] ep=293/500 r=  265.35 avg10=  227.12 steps=1075 succ10=0.00 touch10=0.00 col10=1.00 to10=0.00 min_d= 1.43 avg_spd=2.04m/s end=collision t= 2428.4s
[TRAIN][PPO] ep=294/500 r=  265.32 avg10=  246.26 steps=1072 succ10=0.00 touch10=0.00 col10=1.00 to10=0.00 min_d= 1.43 avg_spd=2.06m/s end=collision t= 2437.8s
[TRAIN][PPO] ep=295/500 r=  272.85 avg10=  246.89 steps=1076 succ10=0.00 touch10=0.00 col10=1.00 to10=0.00 min_d= 1.44 avg_spd=2.06m/s end=collision t= 2447.2s
[TRAIN][PPO] ep=296/500 r=  279.24 avg10=  245.61 steps=1071 succ10=0.00 touch10=0.00 col10=1.00 to10=0.00 min_d= 1.40 avg_spd=2.07m/s end=collision t= 2457.5s
[TRAIN][PPO] ep=297/500 r=  273.45 avg10=  246.82 steps=1082 succ10=0.00 touch10=0.00 col10=1.00 to10=0.00 min_d= 1.45 avg_spd=2.03m/s end=collision t= 2466.9s
[TRAIN][PPO] ep=298/500 r=  267.19 avg10=  246.07 steps=1074 succ10=0.00 touch10=0.00 col10=1.00 to10=0.00 min_d= 1.43 avg_spd=2.04m/s end=collision t= 2476.2s
[TRAIN][PPO] ep=299/500 r=  227.33 avg10=  262.15 steps= 957 succ10=0.00 touch10=0.00 col10=1.00 to10=0.00 min_d= 1.80 avg_spd=2.04m/s end=collision t= 2484.6s
[TRAIN][PPO] ep=300/500 r=  221.42 avg10=  263.13 steps= 952 succ10=0.00 touch10=0.00 col10=1.00 to10=0.00 min_d= 1.85 avg_spd=2.01m/s end=collision t= 2493.8s ckpt=latest
[TRAIN][PPO] ep=301/500 r=   72.00 avg10=  242.67 steps= 386 succ10=0.00 touch10=0.00 col10=1.00 to10=0.00 min_d= 3.09 avg_spd=2.06m/s end=collision t= 2497.2s
[TRAIN][PPO] ep=302/500 r=  227.94 avg10=  237.21 steps= 975 succ10=0.00 touch10=0.00 col10=1.00 to10=0.00 min_d= 1.81 avg_spd=2.07m/s end=collision t= 2505.7s
[TRAIN][PPO] ep=303/500 r=  215.17 avg10=  232.19 steps= 968 succ10=0.00 touch10=0.00 col10=1.00 to10=0.00 min_d= 1.89 avg_spd=2.12m/s end=collision t= 2514.2s
[TRAIN][PPO] ep=304/500 r=  260.21 avg10=  231.68 steps=1076 succ10=0.00 touch10=0.00 col10=1.00 to10=0.00 min_d= 1.44 avg_spd=2.03m/s end=collision t= 2524.4s
[TRAIN][PPO] ep=305/500 r=  274.31 avg10=  231.82 steps=1074 succ10=0.00 touch10=0.00 col10=1.00 to10=0.00 min_d= 1.42 avg_spd=2.05m/s end=collision t= 2533.8s
[TRAIN][PPO] ep=306/500 r=  218.02 avg10=  225.70 steps= 957 succ10=0.00 touch10=0.00 col10=1.00 to10=0.00 min_d= 1.81 avg_spd=2.04m/s end=collision t= 2542.4s
[TRAIN][PPO] ep=307/500 r=  182.23 avg10=  216.58 steps= 846 succ10=0.00 touch10=0.00 col10=1.00 to10=0.00 min_d= 2.07 avg_spd=1.99m/s end=collision t= 2549.8s
[TRAIN][PPO] ep=308/500 r=  274.29 avg10=  217.29 steps=1069 succ10=0.00 touch10=0.00 col10=1.00 to10=0.00 min_d= 1.41 avg_spd=2.07m/s end=collision t= 2559.7s
[TRAIN][PPO] ep=309/500 r=   76.34 avg10=  202.19 steps= 379 succ10=0.00 touch10=0.00 col10=1.00 to10=0.00 min_d= 3.09 avg_spd=2.04m/s end=collision t= 2563.0s
[TRAIN][PPO] ep=310/500 r=  229.54 avg10=  203.00 steps= 961 succ10=0.00 touch10=0.00 col10=1.00 to10=0.00 min_d= 1.79 avg_spd=2.01m/s end=collision t= 2571.5s
[TRAIN][PPO] ep=311/500 r=  289.77 avg10=  224.78 steps=1087 succ10=0.00 touch10=0.00 col10=1.00 to10=0.00 min_d= 1.45 avg_spd=2.01m/s end=collision t= 2581.0s
[TRAIN][PPO] ep=312/500 r=  287.27 avg10=  230.72 steps=1082 succ10=0.00 touch10=0.00 col10=1.00 to10=0.00 min_d= 1.45 avg_spd=2.01m/s end=collision t= 2590.9s
[TRAIN][PPO] ep=313/500 r=  269.04 avg10=  236.10 steps=1071 succ10=0.00 touch10=0.00 col10=1.00 to10=0.00 min_d= 1.41 avg_spd=2.03m/s end=collision t= 2600.1s
[TRAIN][PPO] ep=314/500 r=  288.34 avg10=  238.92 steps=1081 succ10=0.00 touch10=0.00 col10=1.00 to10=0.00 min_d= 1.45 avg_spd=2.03m/s end=collision t= 2609.4s
[TRAIN][PPO] ep=315/500 r=  277.48 avg10=  239.23 steps=1077 succ10=0.00 touch10=0.00 col10=1.00 to10=0.00 min_d= 1.44 avg_spd=2.05m/s end=collision t= 2618.2s
[TRAIN][PPO] ep=316/500 r=  270.38 avg10=  244.47 steps=1075 succ10=0.00 touch10=0.00 col10=1.00 to10=0.00 min_d= 1.45 avg_spd=2.03m/s end=collision t= 2627.9s
[TRAIN][PPO] ep=317/500 r=  265.23 avg10=  252.77 steps=1075 succ10=0.00 touch10=0.00 col10=1.00 to10=0.00 min_d= 1.44 avg_spd=2.02m/s end=collision t= 2636.8s
[TRAIN][PPO] ep=318/500 r=  235.67 avg10=  248.90 steps= 962 succ10=0.00 touch10=0.00 col10=1.00 to10=0.00 min_d= 1.80 avg_spd=2.04m/s end=collision t= 2644.5s
[TRAIN][PPO] ep=319/500 r=   68.05 avg10=  248.08 steps= 379 succ10=0.00 touch10=0.00 col10=1.00 to10=0.00 min_d= 3.12 avg_spd=1.94m/s end=collision t= 2647.6s
[TRAIN][PPO] ep=320/500 r=  216.95 avg10=  246.82 steps= 967 succ10=0.00 touch10=0.00 col10=1.00 to10=0.00 min_d= 1.88 avg_spd=2.09m/s end=collision t= 2655.9s
[TRAIN][PPO] ep=321/500 r=  276.19 avg10=  245.46 steps=1077 succ10=0.00 touch10=0.00 col10=1.00 to10=0.00 min_d= 1.44 avg_spd=2.04m/s end=collision t= 2664.7s
[TRAIN][PPO] ep=322/500 r=  210.10 avg10=  237.74 steps= 968 succ10=0.00 touch10=0.00 col10=1.00 to10=0.00 min_d= 1.88 avg_spd=2.08m/s end=collision t= 2672.4s
[TRAIN][PPO] ep=323/500 r=  223.62 avg10=  233.20 steps= 959 succ10=0.00 touch10=0.00 col10=1.00 to10=0.00 min_d= 1.82 avg_spd=2.00m/s end=collision t= 2680.2s
[TRAIN][PPO] ep=324/500 r=   60.41 avg10=  210.41 steps= 387 succ10=0.00 touch10=0.00 col10=1.00 to10=0.00 min_d= 3.06 avg_spd=1.97m/s end=collision t= 2684.4s
[TRAIN][PPO] ep=325/500 r=  286.79 avg10=  211.34 steps=1085 succ10=0.00 touch10=0.00 col10=1.00 to10=0.00 min_d= 1.46 avg_spd=2.02m/s end=collision t= 2693.1s
[TRAIN][PPO] ep=326/500 r=   69.75 avg10=  191.28 steps= 384 succ10=0.00 touch10=0.00 col10=1.00 to10=0.00 min_d= 3.11 avg_spd=1.99m/s end=collision t= 2696.4s
[TRAIN][PPO] ep=327/500 r=  268.55 avg10=  191.61 steps=1072 succ10=0.00 touch10=0.00 col10=1.00 to10=0.00 min_d= 1.40 avg_spd=2.06m/s end=collision t= 2705.5s
[TRAIN][PPO] ep=328/500 r=  260.02 avg10=  194.04 steps=1078 succ10=0.00 touch10=0.00 col10=1.00 to10=0.00 min_d= 1.44 avg_spd=2.05m/s end=collision t= 2715.0s
[TRAIN][PPO] ep=329/500 r=  259.20 avg10=  213.16 steps=1075 succ10=0.00 touch10=0.00 col10=1.00 to10=0.00 min_d= 1.44 avg_spd=2.04m/s end=collision t= 2723.7s
[TRAIN][PPO] ep=330/500 r=  208.44 avg10=  212.31 steps= 839 succ10=0.00 touch10=0.00 col10=1.00 to10=0.00 min_d= 2.11 avg_spd=1.96m/s end=collision t= 2730.7s
[TRAIN][PPO] ep=331/500 r=  282.20 avg10=  212.91 steps=1083 succ10=0.00 touch10=0.00 col10=1.00 to10=0.00 min_d= 1.45 avg_spd=2.01m/s end=collision t= 2739.3s
[TRAIN][PPO] ep=332/500 r=  230.39 avg10=  214.94 steps= 960 succ10=0.00 touch10=0.00 col10=1.00 to10=0.00 min_d= 1.82 avg_spd=2.01m/s end=collision t= 2747.5s
[TRAIN][PPO] ep=333/500 r=  203.87 avg10=  212.96 steps= 962 succ10=0.00 touch10=0.00 col10=1.00 to10=0.00 min_d= 1.88 avg_spd=2.07m/s end=collision t= 2754.7s
[TRAIN][PPO] ep=334/500 r=  212.37 avg10=  228.16 steps= 971 succ10=0.00 touch10=0.00 col10=1.00 to10=0.00 min_d= 1.86 avg_spd=2.09m/s end=collision t= 2762.2s
[TRAIN][PPO] ep=335/500 r=  206.77 avg10=  220.15 steps= 968 succ10=0.00 touch10=0.00 col10=1.00 to10=0.00 min_d= 1.83 avg_spd=2.09m/s end=collision t= 2769.7s
[TRAIN][PPO] ep=336/500 r=  277.00 avg10=  240.88 steps=1087 succ10=0.00 touch10=0.00 col10=1.00 to10=0.00 min_d= 1.46 avg_spd=2.05m/s end=collision t= 2779.6s
[TRAIN][PPO] ep=337/500 r=  281.81 avg10=  242.21 steps=1071 succ10=0.00 touch10=0.00 col10=1.00 to10=0.00 min_d= 1.42 avg_spd=2.07m/s end=collision t= 2788.4s
[TRAIN][PPO] ep=338/500 r=  283.28 avg10=  244.53 steps=1072 succ10=0.00 touch10=0.00 col10=1.00 to10=0.00 min_d= 1.42 avg_spd=2.07m/s end=collision t= 2797.1s
[TRAIN][PPO] ep=339/500 r=  278.21 avg10=  246.43 steps=1076 succ10=0.00 touch10=0.00 col10=1.00 to10=0.00 min_d= 1.45 avg_spd=2.05m/s end=collision t= 2805.9s
[TRAIN][PPO] ep=340/500 r=  314.83 avg10=  257.07 steps=1205 succ10=0.00 touch10=0.00 col10=1.00 to10=0.00 min_d= 1.28 avg_spd=1.98m/s end=collision t= 2816.4s
[TRAIN][PPO] ep=341/500 r=  262.58 avg10=  255.11 steps=1081 succ10=0.00 touch10=0.00 col10=1.00 to10=0.00 min_d= 1.45 avg_spd=2.03m/s end=collision t= 2825.0s
[TRAIN][PPO] ep=342/500 r=   63.77 avg10=  238.45 steps= 386 succ10=0.00 touch10=0.00 col10=1.00 to10=0.00 min_d= 3.13 avg_spd=1.95m/s end=collision t= 2828.0s
[TRAIN][PPO] ep=343/500 r=  221.62 avg10=  240.22 steps= 964 succ10=0.00 touch10=0.00 col10=1.00 to10=0.00 min_d= 1.85 avg_spd=2.09m/s end=collision t= 2835.7s
[TRAIN][PPO] ep=344/500 r=  261.18 avg10=  245.10 steps=1075 succ10=0.00 touch10=0.00 col10=1.00 to10=0.00 min_d= 1.43 avg_spd=2.04m/s end=collision t= 2844.8s
[TRAIN][PPO] ep=345/500 r=  285.95 avg10=  253.02 steps=1082 succ10=0.00 touch10=0.00 col10=1.00 to10=0.00 min_d= 1.45 avg_spd=2.01m/s end=collision t= 2853.2s
[TRAIN][PPO] ep=346/500 r=  -33.80 avg10=  221.94 steps= 187 succ10=0.00 touch10=0.00 col10=1.00 to10=0.00 min_d= 3.82 avg_spd=1.86m/s end=collision t= 2854.7s
[TRAIN][PPO] ep=347/500 r=  273.80 avg10=  221.14 steps=1080 succ10=0.00 touch10=0.00 col10=1.00 to10=0.00 min_d= 1.44 avg_spd=2.05m/s end=collision t= 2863.2s
[TRAIN][PPO] ep=348/500 r=  281.38 avg10=  220.95 steps=1088 succ10=0.00 touch10=0.00 col10=1.00 to10=0.00 min_d= 1.46 avg_spd=2.05m/s end=collision t= 2872.8s
[TRAIN][PPO] ep=349/500 r=  266.23 avg10=  219.75 steps=1084 succ10=0.00 touch10=0.00 col10=1.00 to10=0.00 min_d= 1.45 avg_spd=2.02m/s end=collision t= 2881.5s
[TRAIN][PPO] ep=350/500 r=  279.65 avg10=  216.24 steps=1076 succ10=0.00 touch10=0.00 col10=1.00 to10=0.00 min_d= 1.44 avg_spd=2.04m/s end=collision t= 2890.2s
[TRAIN][PPO] ep=351/500 r=  288.06 avg10=  218.78 steps=1077 succ10=0.00 touch10=0.00 col10=1.00 to10=0.00 min_d= 1.44 avg_spd=2.03m/s end=collision t= 2899.0s
[TRAIN][PPO] ep=352/500 r=  275.61 avg10=  239.97 steps=1088 succ10=0.00 touch10=0.00 col10=1.00 to10=0.00 min_d= 1.46 avg_spd=2.04m/s end=collision t= 2908.3s
[TRAIN][PPO] ep=353/500 r=  223.40 avg10=  240.15 steps= 957 succ10=0.00 touch10=0.00 col10=1.00 to10=0.00 min_d= 1.81 avg_spd=2.06m/s end=collision t= 2915.9s
[TRAIN][PPO] ep=354/500 r=  283.96 avg10=  242.42 steps=1075 succ10=0.00 touch10=0.00 col10=1.00 to10=0.00 min_d= 1.43 avg_spd=2.06m/s end=collision t= 2924.5s
[TRAIN][PPO] ep=355/500 r=  283.23 avg10=  242.15 steps=1076 succ10=0.00 touch10=0.00 col10=1.00 to10=0.00 min_d= 1.44 avg_spd=2.04m/s end=collision t= 2933.2s
[TRAIN][PPO] ep=356/500 r=  210.70 avg10=  266.60 steps= 959 succ10=0.00 touch10=0.00 col10=1.00 to10=0.00 min_d= 1.83 avg_spd=2.08m/s end=collision t= 2941.5s
[TRAIN][PPO] ep=357/500 r=  270.27 avg10=  266.25 steps=1077 succ10=0.00 touch10=0.00 col10=1.00 to10=0.00 min_d= 1.45 avg_spd=2.00m/s end=collision t= 2950.3s
[TRAIN][PPO] ep=358/500 r=  273.24 avg10=  265.44 steps=1071 succ10=0.00 touch10=0.00 col10=1.00 to10=0.00 min_d= 1.43 avg_spd=2.03m/s end=collision t= 2959.6s
[TRAIN][PPO] ep=359/500 r=  256.66 avg10=  264.48 steps=1072 succ10=0.00 touch10=0.00 col10=1.00 to10=0.00 min_d= 1.42 avg_spd=2.04m/s end=collision t= 2968.7s
[TRAIN][PPO] ep=360/500 r=  289.02 avg10=  265.42 steps=1182 succ10=0.00 touch10=0.00 col10=1.00 to10=0.00 min_d= 1.42 avg_spd=1.97m/s end=collision t= 2979.6s
[TRAIN][PPO] ep=361/500 r=  259.93 avg10=  262.60 steps=1075 succ10=0.00 touch10=0.00 col10=1.00 to10=0.00 min_d= 1.44 avg_spd=2.04m/s end=collision t= 2988.5s
[TRAIN][PPO] ep=362/500 r=   72.81 avg10=  242.32 steps= 384 succ10=0.00 touch10=0.00 col10=1.00 to10=0.00 min_d= 3.13 avg_spd=1.99m/s end=collision t= 2991.8s
[TRAIN][PPO] ep=363/500 r=  216.11 avg10=  241.59 steps= 965 succ10=0.00 touch10=0.00 col10=1.00 to10=0.00 min_d= 1.90 avg_spd=2.05m/s end=collision t= 2999.9s
[TRAIN][PPO] ep=364/500 r=  267.89 avg10=  239.99 steps=1071 succ10=0.00 touch10=0.00 col10=1.00 to10=0.00 min_d= 1.43 avg_spd=2.04m/s end=collision t= 3009.6s
[TRAIN][PPO] ep=365/500 r=  266.24 avg10=  238.29 steps=1075 succ10=0.00 touch10=0.00 col10=1.00 to10=0.00 min_d= 1.44 avg_spd=2.04m/s end=collision t= 3018.6s
[TRAIN][PPO] ep=366/500 r=  272.81 avg10=  244.50 steps=1081 succ10=0.00 touch10=0.00 col10=1.00 to10=0.00 min_d= 1.45 avg_spd=2.02m/s end=collision t= 3028.0s
[TRAIN][PPO] ep=367/500 r=  266.92 avg10=  244.16 steps=1084 succ10=0.00 touch10=0.00 col10=1.00 to10=0.00 min_d= 1.45 avg_spd=2.01m/s end=collision t= 3037.0s
[TRAIN][PPO] ep=368/500 r=  274.17 avg10=  244.26 steps=1065 succ10=0.00 touch10=0.00 col10=1.00 to10=0.00 min_d= 1.37 avg_spd=2.07m/s end=collision t= 3046.5s
[TRAIN][PPO] ep=369/500 r=  284.61 avg10=  247.05 steps=1081 succ10=0.00 touch10=0.00 col10=1.00 to10=0.00 min_d= 1.45 avg_spd=2.04m/s end=collision t= 3055.2s
[TRAIN][PPO] ep=370/500 r=  283.72 avg10=  246.52 steps=1074 succ10=0.00 touch10=0.00 col10=1.00 to10=0.00 min_d= 1.44 avg_spd=2.04m/s end=collision t= 3063.8s
[TRAIN][PPO] ep=371/500 r=  286.48 avg10=  249.17 steps=1088 succ10=0.00 touch10=0.00 col10=1.00 to10=0.00 min_d= 1.46 avg_spd=2.03m/s end=collision t= 3072.4s
[TRAIN][PPO] ep=372/500 r=  272.11 avg10=  269.10 steps=1081 succ10=0.00 touch10=0.00 col10=1.00 to10=0.00 min_d= 1.45 avg_spd=2.04m/s end=collision t= 3082.0s
[TRAIN][PPO] ep=373/500 r=  266.77 avg10=  274.17 steps=1072 succ10=0.00 touch10=0.00 col10=1.00 to10=0.00 min_d= 1.43 avg_spd=2.03m/s end=collision t= 3090.4s
[TRAIN][PPO] ep=374/500 r=  259.70 avg10=  273.35 steps=1073 succ10=0.00 touch10=0.00 col10=1.00 to10=0.00 min_d= 1.44 avg_spd=2.02m/s end=collision t= 3099.1s
[TRAIN][PPO] ep=375/500 r=  257.05 avg10=  272.43 steps=1077 succ10=0.00 touch10=0.00 col10=1.00 to10=0.00 min_d= 1.44 avg_spd=2.04m/s end=collision t= 3108.1s
[TRAIN][PPO] ep=376/500 r=  -35.64 avg10=  241.59 steps= 183 succ10=0.00 touch10=0.00 col10=1.00 to10=0.00 min_d= 3.81 avg_spd=1.94m/s end=collision t= 3110.3s
[TRAIN][PPO] ep=377/500 r=  289.71 avg10=  243.87 steps=1080 succ10=0.00 touch10=0.00 col10=1.00 to10=0.00 min_d= 1.45 avg_spd=2.00m/s end=collision t= 3119.1s
[TRAIN][PPO] ep=378/500 r=  277.76 avg10=  244.23 steps=1073 succ10=0.00 touch10=0.00 col10=1.00 to10=0.00 min_d= 1.39 avg_spd=2.03m/s end=collision t= 3128.3s
[TRAIN][PPO] ep=379/500 r=  265.59 avg10=  242.32 steps=1071 succ10=0.00 touch10=0.00 col10=1.00 to10=0.00 min_d= 1.42 avg_spd=2.06m/s end=collision t= 3137.4s
[TRAIN][PPO] ep=380/500 r=   75.13 avg10=  221.46 steps= 382 succ10=0.00 touch10=0.00 col10=1.00 to10=0.00 min_d= 3.13 avg_spd=1.96m/s end=collision t= 3141.2s
[TRAIN][PPO] ep=381/500 r=  284.29 avg10=  221.25 steps=1064 succ10=0.00 touch10=0.00 col10=1.00 to10=0.00 min_d= 1.39 avg_spd=2.05m/s end=collision t= 3150.2s
[TRAIN][PPO] ep=382/500 r=  284.97 avg10=  222.53 steps=1072 succ10=0.00 touch10=0.00 col10=1.00 to10=0.00 min_d= 1.43 avg_spd=2.03m/s end=collision t= 3159.2s
[TRAIN][PPO] ep=383/500 r=  279.96 avg10=  223.85 steps=1066 succ10=0.00 touch10=0.00 col10=1.00 to10=0.00 min_d= 1.38 avg_spd=2.07m/s end=collision t= 3168.3s
[TRAIN][PPO] ep=384/500 r=  283.33 avg10=  226.21 steps=1074 succ10=0.00 touch10=0.00 col10=1.00 to10=0.00 min_d= 1.41 avg_spd=2.05m/s end=collision t= 3178.0s
[TRAIN][PPO] ep=385/500 r=  263.16 avg10=  226.82 steps=1071 succ10=0.00 touch10=0.00 col10=1.00 to10=0.00 min_d= 1.42 avg_spd=2.04m/s end=collision t= 3187.1s
[TRAIN][PPO] ep=386/500 r=   73.06 avg10=  237.69 steps= 377 succ10=0.00 touch10=0.00 col10=1.00 to10=0.00 min_d= 3.12 avg_spd=2.02m/s end=collision t= 3190.3s
[TRAIN][PPO] ep=387/500 r=   71.12 avg10=  215.84 steps= 379 succ10=0.00 touch10=0.00 col10=1.00 to10=0.00 min_d= 3.13 avg_spd=1.99m/s end=collision t= 3193.4s
[TRAIN][PPO] ep=388/500 r=  287.51 avg10=  216.81 steps=1070 succ10=0.00 touch10=0.00 col10=1.00 to10=0.00 min_d= 1.42 avg_spd=2.04m/s end=collision t= 3202.8s
[TRAIN][PPO] ep=389/500 r=   70.43 avg10=  197.29 steps= 376 succ10=0.00 touch10=0.00 col10=1.00 to10=0.00 min_d= 3.06 avg_spd=2.04m/s end=collision t= 3206.0s
[TRAIN][PPO] ep=390/500 r=  289.65 avg10=  218.75 steps=1064 succ10=0.00 touch10=0.00 col10=1.00 to10=0.00 min_d= 1.37 avg_spd=2.10m/s end=collision t= 3214.9s
[TRAIN][PPO] ep=391/500 r=  278.26 avg10=  218.14 steps=1074 succ10=0.00 touch10=0.00 col10=1.00 to10=0.00 min_d= 1.44 avg_spd=2.01m/s end=collision t= 3224.1s
[TRAIN][PPO] ep=392/500 r=  276.40 avg10=  217.29 steps=1077 succ10=0.00 touch10=0.00 col10=1.00 to10=0.00 min_d= 1.45 avg_spd=2.03m/s end=collision t= 3234.3s
[TRAIN][PPO] ep=393/500 r=   71.42 avg10=  196.43 steps= 381 succ10=0.00 touch10=0.00 col10=1.00 to10=0.00 min_d= 3.12 avg_spd=2.00m/s end=collision t= 3237.5s
[TRAIN][PPO] ep=394/500 r=  272.80 avg10=  195.38 steps=1071 succ10=0.00 touch10=0.00 col10=1.00 to10=0.00 min_d= 1.41 avg_spd=2.05m/s end=collision t= 3246.5s
[TRAIN][PPO] ep=395/500 r=  279.39 avg10=  197.00 steps=1072 succ10=0.00 touch10=0.00 col10=1.00 to10=0.00 min_d= 1.43 avg_spd=2.04m/s end=collision t= 3255.0s
[TRAIN][PPO] ep=396/500 r=  219.96 avg10=  211.69 steps= 961 succ10=0.00 touch10=0.00 col10=1.00 to10=0.00 min_d= 1.81 avg_spd=2.02m/s end=collision t= 3263.5s
[TRAIN][PPO] ep=397/500 r=  261.51 avg10=  230.73 steps=1074 succ10=0.00 touch10=0.00 col10=1.00 to10=0.00 min_d= 1.43 avg_spd=2.03m/s end=collision t= 3272.3s
[TRAIN][PPO] ep=398/500 r=  270.34 avg10=  229.02 steps=1071 succ10=0.00 touch10=0.00 col10=1.00 to10=0.00 min_d= 1.43 avg_spd=2.07m/s end=collision t= 3280.9s
[TRAIN][PPO] ep=399/500 r=  236.30 avg10=  245.60 steps= 959 succ10=0.00 touch10=0.00 col10=1.00 to10=0.00 min_d= 1.82 avg_spd=2.02m/s end=collision t= 3288.8s
[TRAIN][PPO] ep=400/500 r=   69.97 avg10=  223.63 steps= 379 succ10=0.00 touch10=0.00 col10=1.00 to10=0.00 min_d= 3.09 avg_spd=2.03m/s end=collision t= 3292.4s ckpt=latest
[TRAIN][PPO] ep=401/500 r=  265.89 avg10=  222.40 steps=1074 succ10=0.00 touch10=0.00 col10=1.00 to10=0.00 min_d= 1.43 avg_spd=2.04m/s end=collision t= 3301.5s
[TRAIN][PPO] ep=402/500 r=  272.02 avg10=  221.96 steps=1077 succ10=0.00 touch10=0.00 col10=1.00 to10=0.00 min_d= 1.44 avg_spd=2.04m/s end=collision t= 3310.4s
[TRAIN][PPO] ep=403/500 r=  216.98 avg10=  236.52 steps= 949 succ10=0.00 touch10=0.00 col10=1.00 to10=0.00 min_d= 1.85 avg_spd=2.03m/s end=collision t= 3318.3s
[TRAIN][PPO] ep=404/500 r=  219.63 avg10=  231.20 steps= 960 succ10=0.00 touch10=0.00 col10=1.00 to10=0.00 min_d= 1.81 avg_spd=2.03m/s end=collision t= 3326.8s
[TRAIN][PPO] ep=405/500 r=  -37.13 avg10=  199.55 steps=  48 succ10=0.00 touch10=0.00 col10=1.00 to10=0.00 min_d= 3.84 avg_spd=2.29m/s end=collision t= 3327.2s
[TRAIN][PPO] ep=406/500 r=  269.14 avg10=  204.47 steps=1073 succ10=0.00 touch10=0.00 col10=1.00 to10=0.00 min_d= 1.43 avg_spd=2.03m/s end=collision t= 3336.1s
[TRAIN][PPO] ep=407/500 r=  219.96 avg10=  200.31 steps= 957 succ10=0.00 touch10=0.00 col10=1.00 to10=0.00 min_d= 1.83 avg_spd=2.00m/s end=collision t= 3343.8s
[TRAIN][PPO] ep=408/500 r=  279.78 avg10=  201.25 steps=1064 succ10=0.00 touch10=0.00 col10=1.00 to10=0.00 min_d= 1.36 avg_spd=2.06m/s end=collision t= 3353.1s
[TRAIN][PPO] ep=409/500 r=  263.33 avg10=  203.96 steps=1072 succ10=0.00 touch10=0.00 col10=1.00 to10=0.00 min_d= 1.42 avg_spd=2.05m/s end=collision t= 3361.8s
[TRAIN][PPO] ep=410/500 r=  225.04 avg10=  219.46 steps= 959 succ10=0.00 touch10=0.00 col10=1.00 to10=0.00 min_d= 1.84 avg_spd=2.08m/s end=collision t= 3369.4s
[TRAIN][PPO] ep=411/500 r=  273.35 avg10=  220.21 steps=1070 succ10=0.00 touch10=0.00 col10=1.00 to10=0.00 min_d= 1.42 avg_spd=2.07m/s end=collision t= 3378.2s
[TRAIN][PPO] ep=412/500 r=  215.12 avg10=  214.52 steps= 966 succ10=0.00 touch10=0.00 col10=1.00 to10=0.00 min_d= 1.86 avg_spd=2.06m/s end=collision t= 3386.9s
[TRAIN][PPO] ep=413/500 r=  -29.45 avg10=  189.88 steps= 176 succ10=0.00 touch10=0.00 col10=1.00 to10=0.00 min_d= 3.82 avg_spd=1.88m/s end=collision t= 3388.3s
[TRAIN][PPO] ep=414/500 r=  219.91 avg10=  189.90 steps= 956 succ10=0.00 touch10=0.00 col10=1.00 to10=0.00 min_d= 1.81 avg_spd=2.01m/s end=collision t= 3395.9s
[TRAIN][PPO] ep=415/500 r=  275.00 avg10=  221.12 steps=1071 succ10=0.00 touch10=0.00 col10=1.00 to10=0.00 min_d= 1.41 avg_spd=2.06m/s end=collision t= 3404.5s
[TRAIN][PPO] ep=416/500 r=  214.95 avg10=  215.70 steps= 959 succ10=0.00 touch10=0.00 col10=1.00 to10=0.00 min_d= 1.81 avg_spd=2.02m/s end=collision t= 3412.8s
[TRAIN][PPO] ep=417/500 r=  270.27 avg10=  220.73 steps=1074 succ10=0.00 touch10=0.00 col10=1.00 to10=0.00 min_d= 1.43 avg_spd=2.05m/s end=collision t= 3421.3s
[TRAIN][PPO] ep=418/500 r=  269.63 avg10=  219.71 steps=1072 succ10=0.00 touch10=0.00 col10=1.00 to10=0.00 min_d= 1.44 avg_spd=2.05m/s end=collision t= 3430.0s
[TRAIN][PPO] ep=419/500 r=  225.45 avg10=  215.93 steps= 963 succ10=0.00 touch10=0.00 col10=1.00 to10=0.00 min_d= 1.79 avg_spd=2.02m/s end=collision t= 3437.7s
[TRAIN][PPO] ep=420/500 r=  276.03 avg10=  221.03 steps=1077 succ10=0.00 touch10=0.00 col10=1.00 to10=0.00 min_d= 1.44 avg_spd=2.06m/s end=collision t= 3447.2s
[TRAIN][PPO] ep=421/500 r=   67.14 avg10=  200.40 steps= 382 succ10=0.00 touch10=0.00 col10=1.00 to10=0.00 min_d= 3.06 avg_spd=2.03m/s end=collision t= 3450.3s
[TRAIN][PPO] ep=422/500 r=  264.70 avg10=  205.36 steps=1075 succ10=0.00 touch10=0.00 col10=1.00 to10=0.00 min_d= 1.44 avg_spd=2.02m/s end=collision t= 3459.6s
[TRAIN][PPO] ep=423/500 r=  217.85 avg10=  230.09 steps= 972 succ10=0.00 touch10=0.00 col10=1.00 to10=0.00 min_d= 1.81 avg_spd=2.08m/s end=collision t= 3467.6s
[TRAIN][PPO] ep=424/500 r=  262.63 avg10=  234.36 steps=1071 succ10=0.00 touch10=0.00 col10=1.00 to10=0.00 min_d= 1.43 avg_spd=2.05m/s end=collision t= 3476.9s
[TRAIN][PPO] ep=425/500 r=  273.99 avg10=  234.26 steps=1072 succ10=0.00 touch10=0.00 col10=1.00 to10=0.00 min_d= 1.41 avg_spd=2.03m/s end=collision t= 3485.4s
[TRAIN][PPO] ep=426/500 r=  262.35 avg10=  239.00 steps=1074 succ10=0.00 touch10=0.00 col10=1.00 to10=0.00 min_d= 1.44 avg_spd=2.05m/s end=collision t= 3494.2s
[TRAIN][PPO] ep=427/500 r=  -38.77 avg10=  208.10 steps= 158 succ10=0.00 touch10=0.00 col10=1.00 to10=0.00 min_d= 3.79 avg_spd=1.79m/s end=collision t= 3495.6s
[TRAIN][PPO] ep=428/500 r=  284.39 avg10=  209.58 steps=1088 succ10=0.00 touch10=0.00 col10=1.00 to10=0.00 min_d= 1.46 avg_spd=2.02m/s end=collision t= 3504.9s
[TRAIN][PPO] ep=429/500 r=  280.34 avg10=  215.06 steps=1071 succ10=0.00 touch10=0.00 col10=1.00 to10=0.00 min_d= 1.43 avg_spd=2.04m/s end=collision t= 3513.4s
[TRAIN][PPO] ep=430/500 r=   69.91 avg10=  194.45 steps= 377 succ10=0.00 touch10=0.00 col10=1.00 to10=0.00 min_d= 3.12 avg_spd=1.98m/s end=collision t= 3516.4s
[TRAIN][PPO] ep=431/500 r=  274.08 avg10=  215.15 steps=1071 succ10=0.00 touch10=0.00 col10=1.00 to10=0.00 min_d= 1.43 avg_spd=2.06m/s end=collision t= 3525.1s
[TRAIN][PPO] ep=432/500 r=  269.88 avg10=  215.67 steps=1073 succ10=0.00 touch10=0.00 col10=1.00 to10=0.00 min_d= 1.44 avg_spd=2.04m/s end=collision t= 3534.3s
[TRAIN][PPO] ep=433/500 r=  282.92 avg10=  222.17 steps=1078 succ10=0.00 touch10=0.00 col10=1.00 to10=0.00 min_d= 1.45 avg_spd=2.04m/s end=collision t= 3543.0s
[TRAIN][PPO] ep=434/500 r=  271.43 avg10=  223.05 steps=1078 succ10=0.00 touch10=0.00 col10=1.00 to10=0.00 min_d= 1.45 avg_spd=2.06m/s end=collision t= 3551.6s
[TRAIN][PPO] ep=435/500 r=  271.00 avg10=  222.75 steps=1079 succ10=0.00 touch10=0.00 col10=1.00 to10=0.00 min_d= 1.45 avg_spd=2.02m/s end=collision t= 3560.1s
[TRAIN][PPO] ep=436/500 r=  276.17 avg10=  224.14 steps=1068 succ10=0.00 touch10=0.00 col10=1.00 to10=0.00 min_d= 1.41 avg_spd=2.03m/s end=collision t= 3569.4s
[TRAIN][PPO] ep=437/500 r=  -29.05 avg10=  225.11 steps= 181 succ10=0.00 touch10=0.00 col10=1.00 to10=0.00 min_d= 3.81 avg_spd=1.92m/s end=collision t= 3570.8s
[TRAIN][PPO] ep=438/500 r=  308.69 avg10=  227.54 steps=1472 succ10=0.00 touch10=0.00 col10=1.00 to10=0.00 min_d= 0.96 avg_spd=1.98m/s end=collision t= 3582.8s
[TRAIN][PPO] ep=439/500 r=   58.81 avg10=  205.38 steps= 375 succ10=0.00 touch10=0.00 col10=1.00 to10=0.00 min_d= 3.07 avg_spd=1.97m/s end=collision t= 3585.8s
[TRAIN][PPO] ep=440/500 r=  -40.83 avg10=  194.31 steps= 149 succ10=0.00 touch10=0.00 col10=1.00 to10=0.00 min_d= 3.80 avg_spd=1.85m/s end=collision t= 3587.5s
[TRAIN][PPO] ep=441/500 r=  277.72 avg10=  194.67 steps=1076 succ10=0.00 touch10=0.00 col10=1.00 to10=0.00 min_d= 1.44 avg_spd=2.04m/s end=collision t= 3595.8s
[TRAIN][PPO] ep=442/500 r=  216.89 avg10=  189.37 steps= 973 succ10=0.00 touch10=0.00 col10=1.00 to10=0.00 min_d= 1.80 avg_spd=2.05m/s end=collision t= 3603.4s
[TRAIN][PPO] ep=443/500 r=  217.56 avg10=  182.84 steps= 961 succ10=0.00 touch10=0.00 col10=1.00 to10=0.00 min_d= 1.81 avg_spd=2.02m/s end=collision t= 3610.9s
[TRAIN][PPO] ep=444/500 r=  216.09 avg10=  177.31 steps= 959 succ10=0.00 touch10=0.00 col10=1.00 to10=0.00 min_d= 1.82 avg_spd=2.02m/s end=collision t= 3619.4s
[TRAIN][PPO] ep=445/500 r=  277.52 avg10=  177.96 steps=1079 succ10=0.00 touch10=0.00 col10=1.00 to10=0.00 min_d= 1.44 avg_spd=2.03m/s end=collision t= 3628.0s
[TRAIN][PPO] ep=446/500 r=  340.73 avg10=  184.41 steps=1493 succ10=0.00 touch10=0.00 col10=1.00 to10=0.00 min_d= 0.90 avg_spd=1.98m/s end=collision t= 3640.1s
[TRAIN][PPO] ep=447/500 r=  269.24 avg10=  214.24 steps=1090 succ10=0.00 touch10=0.00 col10=1.00 to10=0.00 min_d= 1.46 avg_spd=2.03m/s end=collision t= 3649.0s
[TRAIN][PPO] ep=448/500 r=  277.70 avg10=  211.14 steps=1076 succ10=0.00 touch10=0.00 col10=1.00 to10=0.00 min_d= 1.44 avg_spd=1.99m/s end=collision t= 3658.8s
[TRAIN][PPO] ep=449/500 r=  281.62 avg10=  233.43 steps=1085 succ10=0.00 touch10=0.00 col10=1.00 to10=0.00 min_d= 1.46 avg_spd=2.00m/s end=collision t= 3667.6s
[TRAIN][PPO] ep=450/500 r=  282.46 avg10=  265.75 steps=1080 succ10=0.00 touch10=0.00 col10=1.00 to10=0.00 min_d= 1.44 avg_spd=2.02m/s end=collision t= 3676.2s
[TRAIN][PPO] ep=451/500 r=  -41.08 avg10=  233.88 steps=  40 succ10=0.00 touch10=0.00 col10=1.00 to10=0.00 min_d= 3.83 avg_spd=2.16m/s end=collision t= 3676.6s
[TRAIN][PPO] ep=452/500 r=  575.22 avg10=  269.71 steps=1718 succ10=0.10 touch10=0.10 col10=0.90 to10=0.00 min_d= 0.30 avg_spd=2.02m/s end=goal t= 3691.2s
[TRAIN][PPO] ep=453/500 r=  277.15 avg10=  275.67 steps=1071 succ10=0.10 touch10=0.10 col10=0.90 to10=0.00 min_d= 1.43 avg_spd=2.02m/s end=collision t= 3699.9s
[TRAIN][PPO] ep=454/500 r=  272.54 avg10=  281.31 steps=1082 succ10=0.10 touch10=0.10 col10=0.90 to10=0.00 min_d= 1.46 avg_spd=2.04m/s end=collision t= 3708.5s
[TRAIN][PPO] ep=455/500 r=  265.96 avg10=  280.15 steps=1077 succ10=0.10 touch10=0.10 col10=0.90 to10=0.00 min_d= 1.44 avg_spd=2.05m/s end=collision t= 3717.1s
[TRAIN][PPO] ep=456/500 r=  274.36 avg10=  273.52 steps=1070 succ10=0.10 touch10=0.10 col10=0.90 to10=0.00 min_d= 1.42 avg_spd=2.05m/s end=collision t= 3726.9s
[TRAIN][PPO] ep=457/500 r=   58.36 avg10=  252.43 steps= 592 succ10=0.10 touch10=0.10 col10=0.90 to10=0.00 min_d= 2.94 avg_spd=1.98m/s end=collision t= 3731.6s
[TRAIN][PPO] ep=458/500 r=  -36.86 avg10=  220.97 steps= 200 succ10=0.10 touch10=0.10 col10=0.90 to10=0.00 min_d= 3.81 avg_spd=1.92m/s end=collision t= 3733.2s
[TRAIN][PPO] ep=459/500 r=  238.95 avg10=  216.71 steps= 967 succ10=0.10 touch10=0.10 col10=0.90 to10=0.00 min_d= 1.78 avg_spd=2.02m/s end=collision t= 3740.8s
[TRAIN][PPO] ep=460/500 r=  268.65 avg10=  215.32 steps=1071 succ10=0.10 touch10=0.10 col10=0.90 to10=0.00 min_d= 1.43 avg_spd=2.04m/s end=collision t= 3750.0s
[TRAIN][PPO] ep=461/500 r=  285.45 avg10=  247.98 steps=1070 succ10=0.10 touch10=0.10 col10=0.90 to10=0.00 min_d= 1.41 avg_spd=2.06m/s end=collision t= 3759.0s
[TRAIN][PPO] ep=462/500 r=  227.06 avg10=  213.16 steps= 989 succ10=0.00 touch10=0.00 col10=1.00 to10=0.00 min_d= 1.75 avg_spd=2.06m/s end=collision t= 3767.4s
[TRAIN][PPO] ep=463/500 r=  278.20 avg10=  213.27 steps=1073 succ10=0.00 touch10=0.00 col10=1.00 to10=0.00 min_d= 1.44 avg_spd=2.05m/s end=collision t= 3776.4s
[TRAIN][PPO] ep=464/500 r=   71.23 avg10=  193.14 steps= 382 succ10=0.00 touch10=0.00 col10=1.00 to10=0.00 min_d= 3.08 avg_spd=2.01m/s end=collision t= 3780.0s
[TRAIN][PPO] ep=465/500 r=   63.84 avg10=  172.92 steps= 375 succ10=0.00 touch10=0.00 col10=1.00 to10=0.00 min_d= 3.12 avg_spd=1.93m/s end=collision t= 3783.1s
[TRAIN][PPO] ep=466/500 r=  270.08 avg10=  172.50 steps=1073 succ10=0.00 touch10=0.00 col10=1.00 to10=0.00 min_d= 1.44 avg_spd=2.01m/s end=collision t= 3791.9s
[TRAIN][PPO] ep=467/500 r=  287.32 avg10=  195.39 steps=1064 succ10=0.00 touch10=0.00 col10=1.00 to10=0.00 min_d= 1.39 avg_spd=2.07m/s end=collision t= 3800.2s
[TRAIN][PPO] ep=468/500 r=  277.75 avg10=  226.85 steps=1063 succ10=0.00 touch10=0.00 col10=1.00 to10=0.00 min_d= 1.39 avg_spd=2.04m/s end=collision t= 3809.5s
[TRAIN][PPO] ep=469/500 r=   69.16 avg10=  209.87 steps= 371 succ10=0.00 touch10=0.00 col10=1.00 to10=0.00 min_d= 3.14 avg_spd=2.04m/s end=collision t= 3812.5s
[TRAIN][PPO] ep=470/500 r=   66.32 avg10=  189.64 steps= 365 succ10=0.00 touch10=0.00 col10=1.00 to10=0.00 min_d= 3.13 avg_spd=2.02m/s end=collision t= 3815.4s
[TRAIN][PPO] ep=471/500 r=  337.30 avg10=  194.83 steps=1500 succ10=0.00 touch10=0.00 col10=1.00 to10=0.00 min_d= 0.88 avg_spd=2.04m/s end=collision t= 3827.2s
[TRAIN][PPO] ep=472/500 r=  232.31 avg10=  195.35 steps= 974 succ10=0.00 touch10=0.00 col10=1.00 to10=0.00 min_d= 1.77 avg_spd=2.09m/s end=collision t= 3835.5s
[TRAIN][PPO] ep=473/500 r=  268.71 avg10=  194.40 steps=1091 succ10=0.00 touch10=0.00 col10=1.00 to10=0.00 min_d= 1.46 avg_spd=2.07m/s end=collision t= 3844.4s
[TRAIN][PPO] ep=474/500 r=  286.27 avg10=  215.91 steps=1079 succ10=0.00 touch10=0.00 col10=1.00 to10=0.00 min_d= 1.45 avg_spd=2.03m/s end=collision t= 3853.3s
[TRAIN][PPO] ep=475/500 r=   72.11 avg10=  216.73 steps= 381 succ10=0.00 touch10=0.00 col10=1.00 to10=0.00 min_d= 3.08 avg_spd=2.03m/s end=collision t= 3856.4s
[TRAIN][PPO] ep=476/500 r=  275.56 avg10=  217.28 steps=1070 succ10=0.00 touch10=0.00 col10=1.00 to10=0.00 min_d= 1.40 avg_spd=2.05m/s end=collision t= 3865.9s
[TRAIN][PPO] ep=477/500 r=   71.04 avg10=  195.65 steps= 372 succ10=0.00 touch10=0.00 col10=1.00 to10=0.00 min_d= 3.14 avg_spd=2.01m/s end=collision t= 3869.0s
[TRAIN][PPO] ep=478/500 r=  277.98 avg10=  195.68 steps=1071 succ10=0.00 touch10=0.00 col10=1.00 to10=0.00 min_d= 1.43 avg_spd=2.04m/s end=collision t= 3877.6s
[TRAIN][PPO] ep=479/500 r=  270.07 avg10=  215.77 steps=1065 succ10=0.00 touch10=0.00 col10=1.00 to10=0.00 min_d= 1.39 avg_spd=2.05m/s end=collision t= 3886.2s
[TRAIN][PPO] ep=480/500 r=  275.32 avg10=  236.67 steps=1074 succ10=0.00 touch10=0.00 col10=1.00 to10=0.00 min_d= 1.43 avg_spd=2.04m/s end=collision t= 3895.4s
[TRAIN][PPO] ep=481/500 r=  219.21 avg10=  224.86 steps= 974 succ10=0.00 touch10=0.00 col10=1.00 to10=0.00 min_d= 1.84 avg_spd=2.05m/s end=collision t= 3903.4s
[TRAIN][PPO] ep=482/500 r=  277.41 avg10=  229.37 steps=1061 succ10=0.00 touch10=0.00 col10=1.00 to10=0.00 min_d= 1.37 avg_spd=2.08m/s end=collision t= 3912.0s
[TRAIN][PPO] ep=483/500 r=  277.36 avg10=  230.23 steps=1063 succ10=0.00 touch10=0.00 col10=1.00 to10=0.00 min_d= 1.37 avg_spd=2.09m/s end=collision t= 3920.3s
[TRAIN][PPO] ep=484/500 r=  276.05 avg10=  229.21 steps=1066 succ10=0.00 touch10=0.00 col10=1.00 to10=0.00 min_d= 1.38 avg_spd=2.04m/s end=collision t= 3930.1s
[TRAIN][PPO] ep=485/500 r=  281.90 avg10=  250.19 steps=1065 succ10=0.00 touch10=0.00 col10=1.00 to10=0.00 min_d= 1.39 avg_spd=2.06m/s end=collision t= 3939.3s
[TRAIN][PPO] ep=486/500 r=  269.71 avg10=  249.61 steps=1070 succ10=0.00 touch10=0.00 col10=1.00 to10=0.00 min_d= 1.42 avg_spd=2.03m/s end=collision t= 3948.0s
[TRAIN][PPO] ep=487/500 r=  266.96 avg10=  269.20 steps=1070 succ10=0.00 touch10=0.00 col10=1.00 to10=0.00 min_d= 1.41 avg_spd=2.04m/s end=collision t= 3956.8s
[TRAIN][PPO] ep=488/500 r=  278.56 avg10=  269.26 steps=1066 succ10=0.00 touch10=0.00 col10=1.00 to10=0.00 min_d= 1.39 avg_spd=2.05m/s end=collision t= 3966.3s
[TRAIN][PPO] ep=489/500 r=  286.16 avg10=  270.86 steps=1075 succ10=0.00 touch10=0.00 col10=1.00 to10=0.00 min_d= 1.45 avg_spd=1.99m/s end=collision t= 3975.2s
[TRAIN][PPO] ep=490/500 r=  286.14 avg10=  271.95 steps=1077 succ10=0.00 touch10=0.00 col10=1.00 to10=0.00 min_d= 1.45 avg_spd=2.02m/s end=collision t= 3984.2s
[TRAIN][PPO] ep=491/500 r=  265.92 avg10=  276.62 steps=1080 succ10=0.00 touch10=0.00 col10=1.00 to10=0.00 min_d= 1.45 avg_spd=2.03m/s end=collision t= 3993.5s
[TRAIN][PPO] ep=492/500 r=  281.86 avg10=  277.06 steps=1070 succ10=0.00 touch10=0.00 col10=1.00 to10=0.00 min_d= 1.42 avg_spd=2.06m/s end=collision t= 4003.3s
[TRAIN][PPO] ep=493/500 r=  283.66 avg10=  277.69 steps=1063 succ10=0.00 touch10=0.00 col10=1.00 to10=0.00 min_d= 1.40 avg_spd=2.03m/s end=collision t= 4012.0s
[TRAIN][PPO] ep=494/500 r=   75.51 avg10=  257.64 steps= 376 succ10=0.00 touch10=0.00 col10=1.00 to10=0.00 min_d= 3.08 avg_spd=2.07m/s end=collision t= 4015.2s
[TRAIN][PPO] ep=495/500 r=  272.21 avg10=  256.67 steps=1063 succ10=0.00 touch10=0.00 col10=1.00 to10=0.00 min_d= 1.41 avg_spd=2.03m/s end=collision t= 4023.8s
[TRAIN][PPO] ep=496/500 r=  285.73 avg10=  258.27 steps=1074 succ10=0.00 touch10=0.00 col10=1.00 to10=0.00 min_d= 1.44 avg_spd=2.02m/s end=collision t= 4033.5s
[TRAIN][PPO] ep=497/500 r=  274.89 avg10=  259.06 steps=1074 succ10=0.00 touch10=0.00 col10=1.00 to10=0.00 min_d= 1.44 avg_spd=2.01m/s end=collision t= 4042.4s
[TRAIN][PPO] ep=498/500 r=  -45.44 avg10=  226.67 steps=  18 succ10=0.00 touch10=0.00 col10=1.00 to10=0.00 min_d= 3.84 avg_spd=2.21m/s end=collision t= 4042.6s
[TRAIN][PPO] ep=499/500 r=  285.67 avg10=  226.62 steps=1067 succ10=0.00 touch10=0.00 col10=1.00 to10=0.00 min_d= 1.43 avg_spd=2.03m/s end=collision t= 4051.2s
INFO: PPO: Terminating.
[RUN] completed stage checkpoint=/uio/hume/student-u79/esbrovol/fys5429/DRL-Obstacle-Avoidance/controllers/PPO/checkpoints/moving_20260603_110455_step03_partial_moving_5_none_seed00_stage01_train_11_partial_moving/final_moving_20260603_110455_step03_partial_moving_5_none_seed00_stage01_train_11_partial_moving.pth
[RUN] curriculum complete arch=none seed=0
[MOVING] completed stage checkpoint=/uio/hume/student-u79/esbrovol/fys5429/DRL-Obstacle-Avoidance/controllers/PPO/checkpoints/moving_20260603_110455_step03_partial_moving_5_none_seed00_stage01_train_11_partial_moving/final_moving_20260603_110455_step03_partial_moving_5_none_seed00_stage01_train_11_partial_moving.pth
[MOVING] stage=4/5 name=all_moving
[MOVING] resume_from=/uio/hume/student-u79/esbrovol/fys5429/DRL-Obstacle-Avoidance/controllers/PPO/checkpoints/moving_20260603_110455_step03_partial_moving_5_none_seed00_stage01_train_11_partial_moving/final_moving_20260603_110455_step03_partial_moving_5_none_seed00_stage01_train_11_partial_moving.pth
[MOVING] command=/uio/hume/student-u79/esbrovol/fys5429/DRL-Obstacle-Avoidance/venv/bin/python controllers/run.py worker --arch none --seed 0 --run-group moving_20260603_110455_step04_all_moving --resume-from /uio/hume/student-u79/esbrovol/fys5429/DRL-Obstacle-Avoidance/controllers/PPO/checkpoints/moving_20260603_110455_step03_partial_moving_5_none_seed00_stage01_train_11_partial_moving/final_moving_20260603_110455_step03_partial_moving_5_none_seed00_stage01_train_11_partial_moving.pth --worlds worlds/training/train_12_all_moving.wbt --moving-obstacle-indices all
[RUN] arch=none seed=0 stage=1/1 world=/uio/hume/student-u79/esbrovol/fys5429/DRL-Obstacle-Avoidance/worlds/training/train_12_all_moving.wbt
[RUN] resuming from /uio/hume/student-u79/esbrovol/fys5429/DRL-Obstacle-Avoidance/controllers/PPO/checkpoints/moving_20260603_110455_step03_partial_moving_5_none_seed00_stage01_train_11_partial_moving/final_moving_20260603_110455_step03_partial_moving_5_none_seed00_stage01_train_11_partial_moving.pth
INFO: PPO: Starting controller: python3 -u PPO.py
[PPO] Using architecture: NONE
[PPO] Loaded architecture: NONE
[TRAIN][PPO] arch=NONE weights_dir=/uio/hume/student-u79/esbrovol/fys5429/DRL-Obstacle-Avoidance/controllers/PPO/checkpoints/moving_20260603_110455_step04_all_moving_none_seed00_stage01_train_12_all_moving final=/uio/hume/student-u79/esbrovol/fys5429/DRL-Obstacle-Avoidance/controllers/PPO/checkpoints/moving_20260603_110455_step04_all_moving_none_seed00_stage01_train_12_all_moving/final_moving_20260603_110455_step04_all_moving_none_seed00_stage01_train_12_all_moving.pth
[TRAIN][PPO] episodes=500 update_every=4 obs=31 act=2 cell=NONE seq=32 burn_in=0
[TRAIN][PPO] ep=001/500 r=   -6.75 avg10=   -6.75 steps= 129 succ10=0.00 touch10=0.00 col10=1.00 to10=0.00 min_d= 3.62 avg_spd=2.07m/s end=collision t=    1.3s ckpt=best
[TRAIN][PPO] ep=002/500 r=   -5.79 avg10=   -6.27 steps= 155 succ10=0.00 touch10=0.00 col10=1.00 to10=0.00 min_d= 3.63 avg_spd=1.97m/s end=collision t=    2.7s ckpt=best
[TRAIN][PPO] ep=003/500 r=   -4.64 avg10=   -5.73 steps= 135 succ10=0.00 touch10=0.00 col10=1.00 to10=0.00 min_d= 3.63 avg_spd=2.09m/s end=collision t=    3.9s ckpt=best
[TRAIN][PPO] ep=004/500 r=   -9.32 avg10=   -6.63 steps= 133 succ10=0.00 touch10=0.00 col10=1.00 to10=0.00 min_d= 3.63 avg_spd=2.01m/s end=collision t=    5.5s
[TRAIN][PPO] ep=005/500 r=   -9.31 avg10=   -7.16 steps= 128 succ10=0.00 touch10=0.00 col10=1.00 to10=0.00 min_d= 3.71 avg_spd=2.03m/s end=collision t=    6.6s
[TRAIN][PPO] ep=006/500 r=   -7.74 avg10=   -7.26 steps= 158 succ10=0.00 touch10=0.00 col10=1.00 to10=0.00 min_d= 3.59 avg_spd=1.91m/s end=collision t=    8.0s
[TRAIN][PPO] ep=007/500 r=   -7.26 avg10=   -7.26 steps= 132 succ10=0.00 touch10=0.00 col10=1.00 to10=0.00 min_d= 3.61 avg_spd=1.90m/s end=collision t=    9.2s
[TRAIN][PPO] ep=008/500 r=   -8.98 avg10=   -7.48 steps= 130 succ10=0.00 touch10=0.00 col10=1.00 to10=0.00 min_d= 3.71 avg_spd=2.02m/s end=collision t=   10.5s
[TRAIN][PPO] ep=009/500 r=   -8.35 avg10=   -7.57 steps= 124 succ10=0.00 touch10=0.00 col10=1.00 to10=0.00 min_d= 3.55 avg_spd=2.17m/s end=collision t=   11.6s
[TRAIN][PPO] ep=010/500 r=   -4.24 avg10=   -7.24 steps= 136 succ10=0.00 touch10=0.00 col10=1.00 to10=0.00 min_d= 3.64 avg_spd=2.13m/s end=collision t=   12.8s ckpt=best
[TRAIN][PPO] ep=011/500 r=   -8.96 avg10=   -7.46 steps= 122 succ10=0.00 touch10=0.00 col10=1.00 to10=0.00 min_d= 3.63 avg_spd=2.10m/s end=collision t=   13.8s
[TRAIN][PPO] ep=012/500 r=   -8.04 avg10=   -7.69 steps= 146 succ10=0.00 touch10=0.00 col10=1.00 to10=0.00 min_d= 3.62 avg_spd=1.95m/s end=collision t=   15.2s
[TRAIN][PPO] ep=013/500 r=   -7.29 avg10=   -7.95 steps= 127 succ10=0.00 touch10=0.00 col10=1.00 to10=0.00 min_d= 3.60 avg_spd=2.11m/s end=collision t=   16.4s
[TRAIN][PPO] ep=014/500 r=   -7.57 avg10=   -7.78 steps= 127 succ10=0.00 touch10=0.00 col10=1.00 to10=0.00 min_d= 3.60 avg_spd=2.08m/s end=collision t=   17.5s
[TRAIN][PPO] ep=015/500 r=  -11.39 avg10=   -7.98 steps= 121 succ10=0.00 touch10=0.00 col10=1.00 to10=0.00 min_d= 3.65 avg_spd=1.97m/s end=collision t=   18.5s
[TRAIN][PPO] ep=016/500 r=   -5.55 avg10=   -7.76 steps= 132 succ10=0.00 touch10=0.00 col10=1.00 to10=0.00 min_d= 3.64 avg_spd=2.11m/s end=collision t=   19.9s
[TRAIN][PPO] ep=017/500 r=   -6.33 avg10=   -7.67 steps= 137 succ10=0.00 touch10=0.00 col10=1.00 to10=0.00 min_d= 3.63 avg_spd=2.03m/s end=collision t=   21.1s
[TRAIN][PPO] ep=018/500 r=   -7.44 avg10=   -7.52 steps= 128 succ10=0.00 touch10=0.00 col10=1.00 to10=0.00 min_d= 3.69 avg_spd=2.02m/s end=collision t=   22.2s
[TRAIN][PPO] ep=019/500 r=   -8.09 avg10=   -7.49 steps= 126 succ10=0.00 touch10=0.00 col10=1.00 to10=0.00 min_d= 3.66 avg_spd=2.11m/s end=collision t=   23.3s
[TRAIN][PPO] ep=020/500 r=   -7.32 avg10=   -7.80 steps= 127 succ10=0.00 touch10=0.00 col10=1.00 to10=0.00 min_d= 3.68 avg_spd=2.10m/s end=collision t=   24.6s
[TRAIN][PPO] ep=021/500 r=   -7.12 avg10=   -7.62 steps= 127 succ10=0.00 touch10=0.00 col10=1.00 to10=0.00 min_d= 3.68 avg_spd=2.13m/s end=collision t=   25.7s
[TRAIN][PPO] ep=022/500 r=   -9.54 avg10=   -7.77 steps= 128 succ10=0.00 touch10=0.00 col10=1.00 to10=0.00 min_d= 3.61 avg_spd=1.96m/s end=collision t=   26.8s
[TRAIN][PPO] ep=023/500 r=   -3.47 avg10=   -7.38 steps= 138 succ10=0.00 touch10=0.00 col10=1.00 to10=0.00 min_d= 3.65 avg_spd=2.16m/s end=collision t=   28.0s ckpt=best
[TRAIN][PPO] ep=024/500 r=   -6.83 avg10=   -7.31 steps= 131 succ10=0.00 touch10=0.00 col10=1.00 to10=0.00 min_d= 3.57 avg_spd=2.00m/s end=collision t=   29.3s
[TRAIN][PPO] ep=025/500 r=  -11.79 avg10=   -7.35 steps= 125 succ10=0.00 touch10=0.00 col10=1.00 to10=0.00 min_d= 3.75 avg_spd=1.94m/s end=collision t=   30.4s
[TRAIN][PPO] ep=026/500 r=   -8.35 avg10=   -7.63 steps= 125 succ10=0.00 touch10=0.00 col10=1.00 to10=0.00 min_d= 3.67 avg_spd=2.07m/s end=collision t=   31.4s
[TRAIN][PPO] ep=027/500 r=   -8.28 avg10=   -7.82 steps= 126 succ10=0.00 touch10=0.00 col10=1.00 to10=0.00 min_d= 3.67 avg_spd=1.95m/s end=collision t=   32.5s
[TRAIN][PPO] ep=028/500 r=   -7.95 avg10=   -7.87 steps= 125 succ10=0.00 touch10=0.00 col10=1.00 to10=0.00 min_d= 3.62 avg_spd=2.07m/s end=collision t=   33.7s
[TRAIN][PPO] ep=029/500 r=   -6.79 avg10=   -7.74 steps= 144 succ10=0.00 touch10=0.00 col10=1.00 to10=0.00 min_d= 3.71 avg_spd=1.90m/s end=collision t=   35.0s
[TRAIN][PPO] ep=030/500 r=   -7.70 avg10=   -7.78 steps= 132 succ10=0.00 touch10=0.00 col10=1.00 to10=0.00 min_d= 3.67 avg_spd=1.99m/s end=collision t=   36.1s
[TRAIN][PPO] ep=031/500 r=   -8.88 avg10=   -7.96 steps= 125 succ10=0.00 touch10=0.00 col10=1.00 to10=0.00 min_d= 3.61 avg_spd=2.09m/s end=collision t=   37.3s
[TRAIN][PPO] ep=032/500 r=   -9.08 avg10=   -7.91 steps= 129 succ10=0.00 touch10=0.00 col10=1.00 to10=0.00 min_d= 3.65 avg_spd=1.92m/s end=collision t=   38.6s
[TRAIN][PPO] ep=033/500 r=   -5.12 avg10=   -8.08 steps= 134 succ10=0.00 touch10=0.00 col10=1.00 to10=0.00 min_d= 3.68 avg_spd=2.16m/s end=collision t=   39.7s
[TRAIN][PPO] ep=034/500 r=   -6.58 avg10=   -8.05 steps= 131 succ10=0.00 touch10=0.00 col10=1.00 to10=0.00 min_d= 3.57 avg_spd=2.15m/s end=collision t=   40.8s
[TRAIN][PPO] ep=035/500 r=   -5.62 avg10=   -7.44 steps= 132 succ10=0.00 touch10=0.00 col10=1.00 to10=0.00 min_d= 3.60 avg_spd=2.09m/s end=collision t=   41.9s
[TRAIN][PPO] ep=036/500 r=   -3.32 avg10=   -6.93 steps= 139 succ10=0.00 touch10=0.00 col10=1.00 to10=0.00 min_d= 3.64 avg_spd=2.09m/s end=collision t=   43.3s ckpt=best
[TRAIN][PPO] ep=037/500 r=   -7.33 avg10=   -6.84 steps= 128 succ10=0.00 touch10=0.00 col10=1.00 to10=0.00 min_d= 3.57 avg_spd=2.11m/s end=collision t=   44.4s
[TRAIN][PPO] ep=038/500 r=   -7.79 avg10=   -6.82 steps= 135 succ10=0.00 touch10=0.00 col10=1.00 to10=0.00 min_d= 3.61 avg_spd=1.88m/s end=collision t=   45.7s
[TRAIN][PPO] ep=039/500 r=   -3.91 avg10=   -6.53 steps= 140 succ10=0.00 touch10=0.00 col10=1.00 to10=0.00 min_d= 3.61 avg_spd=1.97m/s end=collision t=   46.9s
[TRAIN][PPO] ep=040/500 r=   -7.78 avg10=   -6.54 steps= 143 succ10=0.00 touch10=0.00 col10=1.00 to10=0.00 min_d= 3.62 avg_spd=1.86m/s end=collision t=   48.4s
[TRAIN][PPO] ep=041/500 r=   -6.19 avg10=   -6.27 steps= 131 succ10=0.00 touch10=0.00 col10=1.00 to10=0.00 min_d= 3.61 avg_spd=2.04m/s end=collision t=   49.5s
[TRAIN][PPO] ep=042/500 r=   -6.08 avg10=   -5.97 steps= 131 succ10=0.00 touch10=0.00 col10=1.00 to10=0.00 min_d= 3.69 avg_spd=2.13m/s end=collision t=   50.6s
[TRAIN][PPO] ep=043/500 r=   -4.91 avg10=   -5.95 steps= 134 succ10=0.00 touch10=0.00 col10=1.00 to10=0.00 min_d= 3.65 avg_spd=2.06m/s end=collision t=   51.8s
[TRAIN][PPO] ep=044/500 r=   -5.34 avg10=   -5.83 steps= 133 succ10=0.00 touch10=0.00 col10=1.00 to10=0.00 min_d= 3.67 avg_spd=2.10m/s end=collision t=   53.2s
[TRAIN][PPO] ep=045/500 r=   -5.92 avg10=   -5.86 steps= 133 succ10=0.00 touch10=0.00 col10=1.00 to10=0.00 min_d= 3.62 avg_spd=2.00m/s end=collision t=   54.3s
[TRAIN][PPO] ep=046/500 r=   -7.05 avg10=   -6.23 steps= 137 succ10=0.00 touch10=0.00 col10=1.00 to10=0.00 min_d= 3.62 avg_spd=1.95m/s end=collision t=   55.5s
[TRAIN][PPO] ep=047/500 r=   -7.88 avg10=   -6.28 steps= 140 succ10=0.00 touch10=0.00 col10=1.00 to10=0.00 min_d= 3.66 avg_spd=1.95m/s end=collision t=   56.8s
[TRAIN][PPO] ep=048/500 r=  -10.13 avg10=   -6.52 steps= 130 succ10=0.00 touch10=0.00 col10=1.00 to10=0.00 min_d= 3.61 avg_spd=1.97m/s end=collision t=   58.1s
[TRAIN][PPO] ep=049/500 r=   -8.96 avg10=   -7.02 steps= 151 succ10=0.00 touch10=0.00 col10=1.00 to10=0.00 min_d= 3.57 avg_spd=1.95m/s end=collision t=   59.4s
[TRAIN][PPO] ep=050/500 r=   -6.84 avg10=   -6.93 steps= 135 succ10=0.00 touch10=0.00 col10=1.00 to10=0.00 min_d= 3.68 avg_spd=2.03m/s end=collision t=   60.6s
[TRAIN][PPO] ep=051/500 r=   -9.15 avg10=   -7.23 steps= 129 succ10=0.00 touch10=0.00 col10=1.00 to10=0.00 min_d= 3.64 avg_spd=1.94m/s end=collision t=   61.8s
[TRAIN][PPO] ep=052/500 r=   -7.19 avg10=   -7.34 steps= 127 succ10=0.00 touch10=0.00 col10=1.00 to10=0.00 min_d= 3.56 avg_spd=2.18m/s end=collision t=   63.2s
[TRAIN][PPO] ep=053/500 r=   -4.80 avg10=   -7.33 steps= 134 succ10=0.00 touch10=0.00 col10=1.00 to10=0.00 min_d= 3.66 avg_spd=2.17m/s end=collision t=   64.3s
[TRAIN][PPO] ep=054/500 r=   -6.99 avg10=   -7.49 steps= 150 succ10=0.00 touch10=0.00 col10=1.00 to10=0.00 min_d= 3.60 avg_spd=1.94m/s end=collision t=   65.6s
[TRAIN][PPO] ep=055/500 r=   -9.96 avg10=   -7.90 steps= 119 succ10=0.00 touch10=0.00 col10=1.00 to10=0.00 min_d= 3.58 avg_spd=2.13m/s end=collision t=   66.7s
[TRAIN][PPO] ep=056/500 r=   -8.77 avg10=   -8.07 steps= 122 succ10=0.00 touch10=0.00 col10=1.00 to10=0.00 min_d= 3.59 avg_spd=2.14m/s end=collision t=   67.8s
[TRAIN][PPO] ep=057/500 r=  -16.84 avg10=   -8.97 steps= 119 succ10=0.00 touch10=0.00 col10=1.00 to10=0.00 min_d= 3.79 avg_spd=1.86m/s end=collision t=   68.9s
[TRAIN][PPO] ep=058/500 r=   -9.62 avg10=   -8.91 steps= 121 succ10=0.00 touch10=0.00 col10=1.00 to10=0.00 min_d= 3.60 avg_spd=2.08m/s end=collision t=   69.9s
[TRAIN][PPO] ep=059/500 r=  -11.67 avg10=   -9.18 steps= 130 succ10=0.00 touch10=0.00 col10=1.00 to10=0.00 min_d= 3.61 avg_spd=1.87m/s end=collision t=   71.0s
[TRAIN][PPO] ep=060/500 r=   -5.01 avg10=   -9.00 steps= 134 succ10=0.00 touch10=0.00 col10=1.00 to10=0.00 min_d= 3.67 avg_spd=2.08m/s end=collision t=   72.2s
[TRAIN][PPO] ep=061/500 r=   -3.45 avg10=   -8.43 steps= 139 succ10=0.00 touch10=0.00 col10=1.00 to10=0.00 min_d= 3.64 avg_spd=2.12m/s end=collision t=   73.3s
[TRAIN][PPO] ep=062/500 r=   -6.43 avg10=   -8.35 steps= 132 succ10=0.00 touch10=0.00 col10=1.00 to10=0.00 min_d= 3.63 avg_spd=2.01m/s end=collision t=   74.4s
[TRAIN][PPO] ep=063/500 r=   -8.50 avg10=   -8.72 steps= 128 succ10=0.00 touch10=0.00 col10=1.00 to10=0.00 min_d= 3.67 avg_spd=2.02m/s end=collision t=   75.5s
[TRAIN][PPO] ep=064/500 r=   -5.04 avg10=   -8.53 steps= 138 succ10=0.00 touch10=0.00 col10=1.00 to10=0.00 min_d= 3.68 avg_spd=1.97m/s end=collision t=   76.7s
[TRAIN][PPO] ep=065/500 r=  -10.01 avg10=   -8.53 steps= 122 succ10=0.00 touch10=0.00 col10=1.00 to10=0.00 min_d= 3.64 avg_spd=2.08m/s end=collision t=   77.7s
[TRAIN][PPO] ep=066/500 r=   -6.77 avg10=   -8.33 steps= 129 succ10=0.00 touch10=0.00 col10=1.00 to10=0.00 min_d= 3.69 avg_spd=2.11m/s end=collision t=   78.7s
[TRAIN][PPO] ep=067/500 r=   -9.48 avg10=   -7.60 steps= 124 succ10=0.00 touch10=0.00 col10=1.00 to10=0.00 min_d= 3.62 avg_spd=2.07m/s end=collision t=   79.7s
[TRAIN][PPO] ep=068/500 r=   -6.96 avg10=   -7.33 steps= 129 succ10=0.00 touch10=0.00 col10=1.00 to10=0.00 min_d= 3.70 avg_spd=2.11m/s end=collision t=   80.9s
[TRAIN][PPO] ep=069/500 r=   -7.73 avg10=   -6.94 steps= 139 succ10=0.00 touch10=0.00 col10=1.00 to10=0.00 min_d= 3.64 avg_spd=1.96m/s end=collision t=   81.9s
[TRAIN][PPO] ep=070/500 r=   -8.52 avg10=   -7.29 steps= 124 succ10=0.00 touch10=0.00 col10=1.00 to10=0.00 min_d= 3.57 avg_spd=2.04m/s end=collision t=   83.0s
[TRAIN][PPO] ep=071/500 r=   -7.63 avg10=   -7.71 steps= 128 succ10=0.00 touch10=0.00 col10=1.00 to10=0.00 min_d= 3.67 avg_spd=2.08m/s end=collision t=   83.9s
[TRAIN][PPO] ep=072/500 r=   -5.90 avg10=   -7.65 steps= 131 succ10=0.00 touch10=0.00 col10=1.00 to10=0.00 min_d= 3.64 avg_spd=2.12m/s end=collision t=   85.1s
[TRAIN][PPO] ep=073/500 r=   -6.80 avg10=   -7.48 steps= 141 succ10=0.00 touch10=0.00 col10=1.00 to10=0.00 min_d= 3.59 avg_spd=1.93m/s end=collision t=   86.2s
[TRAIN][PPO] ep=074/500 r=   -6.75 avg10=   -7.65 steps= 134 succ10=0.00 touch10=0.00 col10=1.00 to10=0.00 min_d= 3.66 avg_spd=2.03m/s end=collision t=   87.3s
[TRAIN][PPO] ep=075/500 r=   -7.89 avg10=   -7.44 steps= 127 succ10=0.00 touch10=0.00 col10=1.00 to10=0.00 min_d= 3.55 avg_spd=2.13m/s end=collision t=   88.4s
[TRAIN][PPO] ep=076/500 r=   -7.61 avg10=   -7.53 steps= 128 succ10=0.00 touch10=0.00 col10=1.00 to10=0.00 min_d= 3.55 avg_spd=2.11m/s end=collision t=   89.5s
[TRAIN][PPO] ep=077/500 r=  -12.56 avg10=   -7.83 steps= 127 succ10=0.00 touch10=0.00 col10=1.00 to10=0.00 min_d= 3.72 avg_spd=1.96m/s end=collision t=   90.6s
[TRAIN][PPO] ep=078/500 r=   -6.82 avg10=   -7.82 steps= 128 succ10=0.00 touch10=0.00 col10=1.00 to10=0.00 min_d= 3.66 avg_spd=2.14m/s end=collision t=   91.6s
[TRAIN][PPO] ep=079/500 r=   -6.69 avg10=   -7.72 steps= 128 succ10=0.00 touch10=0.00 col10=1.00 to10=0.00 min_d= 3.62 avg_spd=2.17m/s end=collision t=   92.7s
[TRAIN][PPO] ep=080/500 r=  -10.32 avg10=   -7.90 steps= 118 succ10=0.00 touch10=0.00 col10=1.00 to10=0.00 min_d= 3.58 avg_spd=2.13m/s end=collision t=   93.9s
[TRAIN][PPO] ep=081/500 r=   -4.03 avg10=   -7.54 steps= 136 succ10=0.00 touch10=0.00 col10=1.00 to10=0.00 min_d= 3.65 avg_spd=2.17m/s end=collision t=   95.0s
[TRAIN][PPO] ep=082/500 r=  -10.55 avg10=   -8.00 steps= 124 succ10=0.00 touch10=0.00 col10=1.00 to10=0.00 min_d= 3.66 avg_spd=1.97m/s end=collision t=   96.0s
[TRAIN][PPO] ep=083/500 r=   -8.76 avg10=   -8.20 steps= 140 succ10=0.00 touch10=0.00 col10=1.00 to10=0.00 min_d= 3.65 avg_spd=1.92m/s end=collision t=   97.2s
[TRAIN][PPO] ep=084/500 r=   -7.03 avg10=   -8.23 steps= 144 succ10=0.00 touch10=0.00 col10=1.00 to10=0.00 min_d= 3.59 avg_spd=1.95m/s end=collision t=   98.5s
[TRAIN][PPO] ep=085/500 r=   -6.20 avg10=   -8.06 steps= 130 succ10=0.00 touch10=0.00 col10=1.00 to10=0.00 min_d= 3.68 avg_spd=2.12m/s end=collision t=   99.6s
[TRAIN][PPO] ep=086/500 r=  -10.51 avg10=   -8.35 steps= 121 succ10=0.00 touch10=0.00 col10=1.00 to10=0.00 min_d= 3.58 avg_spd=2.02m/s end=collision t=  100.6s
[TRAIN][PPO] ep=087/500 r=  -10.15 avg10=   -8.11 steps= 130 succ10=0.00 touch10=0.00 col10=1.00 to10=0.00 min_d= 3.72 avg_spd=1.97m/s end=collision t=  101.6s
[TRAIN][PPO] ep=088/500 r=   -6.20 avg10=   -8.04 steps= 131 succ10=0.00 touch10=0.00 col10=1.00 to10=0.00 min_d= 3.58 avg_spd=2.13m/s end=collision t=  102.8s
[TRAIN][PPO] ep=089/500 r=   -8.33 avg10=   -8.21 steps= 123 succ10=0.00 touch10=0.00 col10=1.00 to10=0.00 min_d= 3.61 avg_spd=2.16m/s end=collision t=  103.8s
[TRAIN][PPO] ep=090/500 r=   -5.03 avg10=   -7.68 steps= 134 succ10=0.00 touch10=0.00 col10=1.00 to10=0.00 min_d= 3.53 avg_spd=2.13m/s end=collision t=  104.9s
[TRAIN][PPO] ep=091/500 r=   -9.55 avg10=   -8.23 steps= 134 succ10=0.00 touch10=0.00 col10=1.00 to10=0.00 min_d= 3.59 avg_spd=1.91m/s end=collision t=  105.9s
[TRAIN][PPO] ep=092/500 r=   -4.65 avg10=   -7.64 steps= 136 succ10=0.00 touch10=0.00 col10=1.00 to10=0.00 min_d= 3.55 avg_spd=2.02m/s end=collision t=  107.2s
[TRAIN][PPO] ep=093/500 r=   -8.05 avg10=   -7.57 steps= 131 succ10=0.00 touch10=0.00 col10=1.00 to10=0.00 min_d= 3.59 avg_spd=1.96m/s end=collision t=  108.2s
[TRAIN][PPO] ep=094/500 r=   -9.39 avg10=   -7.81 steps= 121 succ10=0.00 touch10=0.00 col10=1.00 to10=0.00 min_d= 3.62 avg_spd=2.14m/s end=collision t=  109.2s
[TRAIN][PPO] ep=095/500 r=   -2.97 avg10=   -7.48 steps= 139 succ10=0.00 touch10=0.00 col10=1.00 to10=0.00 min_d= 3.64 avg_spd=2.15m/s end=collision t=  110.3s ckpt=best
[TRAIN][PPO] ep=096/500 r=   -5.89 avg10=   -7.02 steps= 131 succ10=0.00 touch10=0.00 col10=1.00 to10=0.00 min_d= 3.60 avg_spd=2.18m/s end=collision t=  111.5s
[TRAIN][PPO] ep=097/500 r=   -6.03 avg10=   -6.61 steps= 135 succ10=0.00 touch10=0.00 col10=1.00 to10=0.00 min_d= 3.67 avg_spd=2.11m/s end=collision t=  112.6s
[TRAIN][PPO] ep=098/500 r=  -11.89 avg10=   -7.18 steps= 126 succ10=0.00 touch10=0.00 col10=1.00 to10=0.00 min_d= 3.68 avg_spd=1.92m/s end=collision t=  113.7s
[TRAIN][PPO] ep=099/500 r=   -7.11 avg10=   -7.06 steps= 152 succ10=0.00 touch10=0.00 col10=1.00 to10=0.00 min_d= 3.57 avg_spd=1.93m/s end=collision t=  114.9s
[TRAIN][PPO] ep=100/500 r=   -6.79 avg10=   -7.23 steps= 129 succ10=0.00 touch10=0.00 col10=1.00 to10=0.00 min_d= 3.54 avg_spd=2.17m/s end=collision t=  116.2s ckpt=latest
[TRAIN][PPO] ep=101/500 r=   -7.62 avg10=   -7.04 steps= 129 succ10=0.00 touch10=0.00 col10=1.00 to10=0.00 min_d= 3.70 avg_spd=2.07m/s end=collision t=  117.3s
[TRAIN][PPO] ep=102/500 r=   -8.60 avg10=   -7.43 steps= 126 succ10=0.00 touch10=0.00 col10=1.00 to10=0.00 min_d= 3.70 avg_spd=2.05m/s end=collision t=  118.2s
[TRAIN][PPO] ep=103/500 r=   -6.47 avg10=   -7.28 steps= 135 succ10=0.00 touch10=0.00 col10=1.00 to10=0.00 min_d= 3.70 avg_spd=2.04m/s end=collision t=  119.4s
[TRAIN][PPO] ep=104/500 r=   -8.03 avg10=   -7.14 steps= 126 succ10=0.00 touch10=0.00 col10=1.00 to10=0.00 min_d= 3.70 avg_spd=2.09m/s end=collision t=  120.6s
[TRAIN][PPO] ep=105/500 r=   -5.52 avg10=   -7.40 steps= 132 succ10=0.00 touch10=0.00 col10=1.00 to10=0.00 min_d= 3.64 avg_spd=2.14m/s end=collision t=  121.7s
[TRAIN][PPO] ep=106/500 r=   -5.77 avg10=   -7.38 steps= 132 succ10=0.00 touch10=0.00 col10=1.00 to10=0.00 min_d= 3.55 avg_spd=2.13m/s end=collision t=  122.8s
[TRAIN][PPO] ep=107/500 r=   -8.18 avg10=   -7.60 steps= 126 succ10=0.00 touch10=0.00 col10=1.00 to10=0.00 min_d= 3.70 avg_spd=2.07m/s end=collision t=  123.8s
[TRAIN][PPO] ep=108/500 r=   -5.36 avg10=   -6.94 steps= 135 succ10=0.00 touch10=0.00 col10=1.00 to10=0.00 min_d= 3.65 avg_spd=2.08m/s end=collision t=  125.0s
[TRAIN][PPO] ep=109/500 r=   -7.67 avg10=   -7.00 steps= 125 succ10=0.00 touch10=0.00 col10=1.00 to10=0.00 min_d= 3.59 avg_spd=2.15m/s end=collision t=  126.1s
[TRAIN][PPO] ep=110/500 r=   -9.57 avg10=   -7.28 steps= 135 succ10=0.00 touch10=0.00 col10=1.00 to10=0.00 min_d= 3.71 avg_spd=1.94m/s end=collision t=  127.3s
[TRAIN][PPO] ep=111/500 r=   -4.38 avg10=   -6.96 steps= 142 succ10=0.00 touch10=0.00 col10=1.00 to10=0.00 min_d= 3.58 avg_spd=2.02m/s end=collision t=  128.4s
[TRAIN][PPO] ep=112/500 r=   -5.45 avg10=   -6.64 steps= 132 succ10=0.00 touch10=0.00 col10=1.00 to10=0.00 min_d= 3.64 avg_spd=2.13m/s end=collision t=  129.7s
[TRAIN][PPO] ep=113/500 r=   -6.77 avg10=   -6.67 steps= 133 succ10=0.00 touch10=0.00 col10=1.00 to10=0.00 min_d= 3.68 avg_spd=1.99m/s end=collision t=  130.7s
[TRAIN][PPO] ep=114/500 r=   -8.03 avg10=   -6.67 steps= 130 succ10=0.00 touch10=0.00 col10=1.00 to10=0.00 min_d= 3.65 avg_spd=2.00m/s end=collision t=  131.9s
[TRAIN][PPO] ep=115/500 r=   -4.47 avg10=   -6.56 steps= 136 succ10=0.00 touch10=0.00 col10=1.00 to10=0.00 min_d= 3.67 avg_spd=2.11m/s end=collision t=  133.0s
WARNING: Contact joints between materials 'default' and 'default' will only be created for the 10 deepest contact points instead of all the 11 contact points.
[TRAIN][PPO] ep=116/500 r=   -2.95 avg10=   -6.28 steps= 142 succ10=0.00 touch10=0.00 col10=1.00 to10=0.00 min_d= 3.60 avg_spd=2.02m/s end=collision t=  134.2s ckpt=best
[TRAIN][PPO] ep=117/500 r=   -4.43 avg10=   -5.91 steps= 135 succ10=0.00 touch10=0.00 col10=1.00 to10=0.00 min_d= 3.67 avg_spd=2.17m/s end=collision t=  135.3s
[TRAIN][PPO] ep=118/500 r=   -5.04 avg10=   -5.88 steps= 135 succ10=0.00 touch10=0.00 col10=1.00 to10=0.00 min_d= 3.61 avg_spd=2.05m/s end=collision t=  136.4s
[TRAIN][PPO] ep=119/500 r=   -1.01 avg10=   -5.21 steps= 170 succ10=0.00 touch10=0.00 col10=1.00 to10=0.00 min_d= 3.65 avg_spd=1.99m/s end=collision t=  137.8s ckpt=best
[TRAIN][PPO] ep=120/500 r=   -1.79 avg10=   -4.43 steps= 143 succ10=0.00 touch10=0.00 col10=1.00 to10=0.00 min_d= 3.63 avg_spd=2.13m/s end=collision t=  139.1s
[TRAIN][PPO] ep=121/500 r=   -2.95 avg10=   -4.29 steps= 140 succ10=0.00 touch10=0.00 col10=1.00 to10=0.00 min_d= 3.61 avg_spd=2.08m/s end=collision t=  140.2s
[TRAIN][PPO] ep=122/500 r=   -7.41 avg10=   -4.48 steps= 140 succ10=0.00 touch10=0.00 col10=1.00 to10=0.00 min_d= 3.60 avg_spd=1.96m/s end=collision t=  141.3s
[TRAIN][PPO] ep=123/500 r=   -5.07 avg10=   -4.31 steps= 133 succ10=0.00 touch10=0.00 col10=1.00 to10=0.00 min_d= 3.57 avg_spd=2.17m/s end=collision t=  142.4s
[TRAIN][PPO] ep=124/500 r=   -6.15 avg10=   -4.13 steps= 133 succ10=0.00 touch10=0.00 col10=1.00 to10=0.00 min_d= 3.58 avg_spd=2.08m/s end=collision t=  143.6s
[TRAIN][PPO] ep=125/500 r=   -4.52 avg10=   -4.13 steps= 166 succ10=0.00 touch10=0.00 col10=1.00 to10=0.00 min_d= 3.64 avg_spd=2.02m/s end=collision t=  144.9s
[TRAIN][PPO] ep=126/500 r=   -5.18 avg10=   -4.35 steps= 148 succ10=0.00 touch10=0.00 col10=1.00 to10=0.00 min_d= 3.62 avg_spd=2.00m/s end=collision t=  146.1s
[TRAIN][PPO] ep=127/500 r=   -1.62 avg10=   -4.07 steps= 144 succ10=0.00 touch10=0.00 col10=1.00 to10=0.00 min_d= 3.59 avg_spd=2.13m/s end=collision t=  147.2s
[TRAIN][PPO] ep=128/500 r=   -2.61 avg10=   -3.83 steps= 152 succ10=0.00 touch10=0.00 col10=1.00 to10=0.00 min_d= 3.57 avg_spd=1.93m/s end=collision t=  148.6s
[TRAIN][PPO] ep=129/500 r=   -3.17 avg10=   -4.05 steps= 139 succ10=0.00 touch10=0.00 col10=1.00 to10=0.00 min_d= 3.65 avg_spd=2.08m/s end=collision t=  149.7s
[TRAIN][PPO] ep=130/500 r=   -5.28 avg10=   -4.40 steps= 135 succ10=0.00 touch10=0.00 col10=1.00 to10=0.00 min_d= 3.69 avg_spd=2.05m/s end=collision t=  150.8s
[TRAIN][PPO] ep=131/500 r=  -11.50 avg10=   -5.25 steps= 137 succ10=0.00 touch10=0.00 col10=1.00 to10=0.00 min_d= 3.61 avg_spd=1.93m/s end=collision t=  151.9s
[TRAIN][PPO] ep=132/500 r=  -11.63 avg10=   -5.67 steps= 130 succ10=0.00 touch10=0.00 col10=1.00 to10=0.00 min_d= 3.72 avg_spd=1.82m/s end=collision t=  153.1s
[TRAIN][PPO] ep=133/500 r=   -7.43 avg10=   -5.91 steps= 148 succ10=0.00 touch10=0.00 col10=1.00 to10=0.00 min_d= 3.67 avg_spd=2.04m/s end=collision t=  154.4s
[TRAIN][PPO] ep=134/500 r=   -1.41 avg10=   -5.43 steps= 158 succ10=0.00 touch10=0.00 col10=1.00 to10=0.00 min_d= 3.65 avg_spd=2.00m/s end=collision t=  155.5s
[TRAIN][PPO] ep=135/500 r=   -6.81 avg10=   -5.66 steps= 131 succ10=0.00 touch10=0.00 col10=1.00 to10=0.00 min_d= 3.65 avg_spd=2.02m/s end=collision t=  156.6s
[TRAIN][PPO] ep=136/500 r=  -14.39 avg10=   -6.58 steps= 121 succ10=0.00 touch10=0.00 col10=1.00 to10=0.00 min_d= 3.69 avg_spd=1.89m/s end=collision t=  157.7s
[TRAIN][PPO] ep=137/500 r=   -8.34 avg10=   -7.26 steps= 125 succ10=0.00 touch10=0.00 col10=1.00 to10=0.00 min_d= 3.65 avg_spd=2.07m/s end=collision t=  158.7s
[TRAIN][PPO] ep=138/500 r=  -11.73 avg10=   -8.17 steps= 369 succ10=0.00 touch10=0.00 col10=1.00 to10=0.00 min_d= 3.53 avg_spd=1.85m/s end=collision t=  161.6s
[TRAIN][PPO] ep=139/500 r=   -5.04 avg10=   -8.35 steps= 134 succ10=0.00 touch10=0.00 col10=1.00 to10=0.00 min_d= 3.68 avg_spd=2.15m/s end=collision t=  162.7s
[TRAIN][PPO] ep=140/500 r=   -5.63 avg10=   -8.39 steps= 132 succ10=0.00 touch10=0.00 col10=1.00 to10=0.00 min_d= 3.54 avg_spd=2.11m/s end=collision t=  163.9s
[TRAIN][PPO] ep=141/500 r=   -2.81 avg10=   -7.52 steps= 140 succ10=0.00 touch10=0.00 col10=1.00 to10=0.00 min_d= 3.64 avg_spd=2.15m/s end=collision t=  165.1s
[TRAIN][PPO] ep=142/500 r=   -8.26 avg10=   -7.18 steps= 130 succ10=0.00 touch10=0.00 col10=1.00 to10=0.00 min_d= 3.57 avg_spd=1.96m/s end=collision t=  166.1s
[TRAIN][PPO] ep=143/500 r=   -6.12 avg10=   -7.05 steps= 131 succ10=0.00 touch10=0.00 col10=1.00 to10=0.00 min_d= 3.64 avg_spd=2.14m/s end=collision t=  167.2s
[TRAIN][PPO] ep=144/500 r=   -2.96 avg10=   -7.21 steps= 139 succ10=0.00 touch10=0.00 col10=1.00 to10=0.00 min_d= 3.63 avg_spd=2.13m/s end=collision t=  168.4s
[TRAIN][PPO] ep=145/500 r=   -5.61 avg10=   -7.09 steps= 132 succ10=0.00 touch10=0.00 col10=1.00 to10=0.00 min_d= 3.62 avg_spd=2.14m/s end=collision t=  169.5s
[TRAIN][PPO] ep=146/500 r=   -5.50 avg10=   -6.20 steps= 132 succ10=0.00 touch10=0.00 col10=1.00 to10=0.00 min_d= 3.57 avg_spd=2.15m/s end=collision t=  170.6s
[TRAIN][PPO] ep=147/500 r=   -6.88 avg10=   -6.05 steps= 140 succ10=0.00 touch10=0.00 col10=1.00 to10=0.00 min_d= 3.59 avg_spd=1.91m/s end=collision t=  171.7s
[TRAIN][PPO] ep=148/500 r=   -4.80 avg10=   -5.36 steps= 142 succ10=0.00 touch10=0.00 col10=1.00 to10=0.00 min_d= 3.66 avg_spd=2.02m/s end=collision t=  173.0s
[TRAIN][PPO] ep=149/500 r=   -7.38 avg10=   -5.60 steps= 162 succ10=0.00 touch10=0.00 col10=1.00 to10=0.00 min_d= 3.53 avg_spd=1.98m/s end=collision t=  174.4s
[TRAIN][PPO] ep=150/500 r=   -2.84 avg10=   -5.32 steps= 143 succ10=0.00 touch10=0.00 col10=1.00 to10=0.00 min_d= 3.64 avg_spd=2.03m/s end=collision t=  175.5s
[TRAIN][PPO] ep=151/500 r=   -3.12 avg10=   -5.35 steps= 141 succ10=0.00 touch10=0.00 col10=1.00 to10=0.00 min_d= 3.66 avg_spd=2.08m/s end=collision t=  176.7s
[TRAIN][PPO] ep=152/500 r=   -7.06 avg10=   -5.23 steps= 130 succ10=0.00 touch10=0.00 col10=1.00 to10=0.00 min_d= 3.60 avg_spd=2.05m/s end=collision t=  177.9s
[TRAIN][PPO] ep=153/500 r=   -6.28 avg10=   -5.24 steps= 129 succ10=0.00 touch10=0.00 col10=1.00 to10=0.00 min_d= 3.55 avg_spd=2.15m/s end=collision t=  178.9s
[TRAIN][PPO] ep=154/500 r=   -4.02 avg10=   -5.35 steps= 138 succ10=0.00 touch10=0.00 col10=1.00 to10=0.00 min_d= 3.63 avg_spd=2.09m/s end=collision t=  180.0s
[TRAIN][PPO] ep=155/500 r=   -3.98 avg10=   -5.19 steps= 138 succ10=0.00 touch10=0.00 col10=1.00 to10=0.00 min_d= 3.67 avg_spd=2.02m/s end=collision t=  181.1s
[TRAIN][PPO] ep=156/500 r=   -6.23 avg10=   -5.26 steps= 129 succ10=0.00 touch10=0.00 col10=1.00 to10=0.00 min_d= 3.55 avg_spd=2.17m/s end=collision t=  182.2s
[TRAIN][PPO] ep=157/500 r=   -5.63 avg10=   -5.13 steps= 146 succ10=0.00 touch10=0.00 col10=1.00 to10=0.00 min_d= 3.55 avg_spd=2.02m/s end=collision t=  183.2s
[TRAIN][PPO] ep=158/500 r=   -2.95 avg10=   -4.95 steps= 141 succ10=0.00 touch10=0.00 col10=1.00 to10=0.00 min_d= 3.54 avg_spd=2.04m/s end=collision t=  184.2s
[TRAIN][PPO] ep=159/500 r=   -1.98 avg10=   -4.41 steps= 142 succ10=0.00 touch10=0.00 col10=1.00 to10=0.00 min_d= 3.51 avg_spd=2.11m/s end=collision t=  185.2s
[TRAIN][PPO] ep=160/500 r=   -8.57 avg10=   -4.98 steps= 132 succ10=0.00 touch10=0.00 col10=1.00 to10=0.00 min_d= 3.73 avg_spd=1.92m/s end=collision t=  186.2s
[TRAIN][PPO] ep=161/500 r=   -5.12 avg10=   -5.18 steps= 134 succ10=0.00 touch10=0.00 col10=1.00 to10=0.00 min_d= 3.61 avg_spd=2.15m/s end=collision t=  187.1s
[TRAIN][PPO] ep=162/500 r=   61.73 avg10=    1.70 steps= 396 succ10=0.00 touch10=0.00 col10=1.00 to10=0.00 min_d= 3.05 avg_spd=2.03m/s end=collision t=  189.9s ckpt=best
[TRAIN][PPO] ep=163/500 r=   -4.37 avg10=    1.89 steps= 135 succ10=0.00 touch10=0.00 col10=1.00 to10=0.00 min_d= 3.58 avg_spd=2.21m/s end=collision t=  190.9s
[TRAIN][PPO] ep=164/500 r=   -3.97 avg10=    1.89 steps= 136 succ10=0.00 touch10=0.00 col10=1.00 to10=0.00 min_d= 3.53 avg_spd=2.14m/s end=collision t=  192.0s
[TRAIN][PPO] ep=165/500 r=   -3.23 avg10=    1.97 steps= 139 succ10=0.00 touch10=0.00 col10=1.00 to10=0.00 min_d= 3.63 avg_spd=2.15m/s end=collision t=  193.0s
[TRAIN][PPO] ep=166/500 r=   -3.81 avg10=    2.21 steps= 138 succ10=0.00 touch10=0.00 col10=1.00 to10=0.00 min_d= 3.65 avg_spd=2.08m/s end=collision t=  193.9s
[TRAIN][PPO] ep=167/500 r=   -3.37 avg10=    2.44 steps= 144 succ10=0.00 touch10=0.00 col10=1.00 to10=0.00 min_d= 3.62 avg_spd=2.07m/s end=collision t=  195.0s
[TRAIN][PPO] ep=168/500 r=   -1.12 avg10=    2.62 steps= 163 succ10=0.00 touch10=0.00 col10=1.00 to10=0.00 min_d= 3.59 avg_spd=2.10m/s end=collision t=  196.4s
[TRAIN][PPO] ep=169/500 r=   -2.71 avg10=    2.55 steps= 142 succ10=0.00 touch10=0.00 col10=1.00 to10=0.00 min_d= 3.66 avg_spd=2.10m/s end=collision t=  197.5s
[TRAIN][PPO] ep=170/500 r=   -3.27 avg10=    3.08 steps= 144 succ10=0.00 touch10=0.00 col10=1.00 to10=0.00 min_d= 3.66 avg_spd=2.07m/s end=collision t=  198.5s
[TRAIN][PPO] ep=171/500 r=   -3.22 avg10=    3.27 steps= 143 succ10=0.00 touch10=0.00 col10=1.00 to10=0.00 min_d= 3.58 avg_spd=2.00m/s end=collision t=  199.6s
[TRAIN][PPO] ep=172/500 r=   -3.35 avg10=   -3.24 steps= 141 succ10=0.00 touch10=0.00 col10=1.00 to10=0.00 min_d= 3.64 avg_spd=2.11m/s end=collision t=  200.8s
[TRAIN][PPO] ep=173/500 r=   -4.08 avg10=   -3.21 steps= 137 succ10=0.00 touch10=0.00 col10=1.00 to10=0.00 min_d= 3.55 avg_spd=2.08m/s end=collision t=  201.9s
[TRAIN][PPO] ep=174/500 r=   -8.56 avg10=   -3.67 steps= 141 succ10=0.00 touch10=0.00 col10=1.00 to10=0.00 min_d= 3.75 avg_spd=1.81m/s end=collision t=  203.0s
[TRAIN][PPO] ep=175/500 r=   -5.18 avg10=   -3.87 steps= 163 succ10=0.00 touch10=0.00 col10=1.00 to10=0.00 min_d= 3.60 avg_spd=2.07m/s end=collision t=  204.3s
[TRAIN][PPO] ep=176/500 r=   -9.33 avg10=   -4.42 steps= 137 succ10=0.00 touch10=0.00 col10=1.00 to10=0.00 min_d= 3.75 avg_spd=1.80m/s end=collision t=  205.5s
[TRAIN][PPO] ep=177/500 r=   -2.93 avg10=   -4.37 steps= 144 succ10=0.00 touch10=0.00 col10=1.00 to10=0.00 min_d= 3.63 avg_spd=2.04m/s end=collision t=  206.6s
[TRAIN][PPO] ep=178/500 r=   -4.52 avg10=   -4.71 steps= 137 succ10=0.00 touch10=0.00 col10=1.00 to10=0.00 min_d= 3.64 avg_spd=2.15m/s end=collision t=  207.7s
[TRAIN][PPO] ep=179/500 r=   53.68 avg10=    0.92 steps= 408 succ10=0.00 touch10=0.00 col10=1.00 to10=0.00 min_d= 2.99 avg_spd=2.04m/s end=collision t=  210.8s
[TRAIN][PPO] ep=180/500 r=   -0.52 avg10=    1.20 steps= 148 succ10=0.00 touch10=0.00 col10=1.00 to10=0.00 min_d= 3.64 avg_spd=2.20m/s end=collision t=  212.1s
[TRAIN][PPO] ep=181/500 r=   -5.85 avg10=    0.94 steps= 146 succ10=0.00 touch10=0.00 col10=1.00 to10=0.00 min_d= 3.64 avg_spd=1.84m/s end=collision t=  213.3s
[TRAIN][PPO] ep=182/500 r=   -0.64 avg10=    1.21 steps= 146 succ10=0.00 touch10=0.00 col10=1.00 to10=0.00 min_d= 3.54 avg_spd=2.16m/s end=collision t=  214.5s
[TRAIN][PPO] ep=183/500 r=   -2.82 avg10=    1.33 steps= 150 succ10=0.00 touch10=0.00 col10=1.00 to10=0.00 min_d= 3.65 avg_spd=1.96m/s end=collision t=  215.6s
[TRAIN][PPO] ep=184/500 r=   -2.78 avg10=    1.91 steps= 143 succ10=0.00 touch10=0.00 col10=1.00 to10=0.00 min_d= 3.61 avg_spd=2.06m/s end=collision t=  216.8s
[TRAIN][PPO] ep=185/500 r=    1.61 avg10=    2.59 steps= 159 succ10=0.00 touch10=0.00 col10=1.00 to10=0.00 min_d= 3.65 avg_spd=2.03m/s end=collision t=  218.0s
[TRAIN][PPO] ep=186/500 r=   -0.73 avg10=    3.45 steps= 147 succ10=0.00 touch10=0.00 col10=1.00 to10=0.00 min_d= 3.56 avg_spd=2.09m/s end=collision t=  219.2s
[TRAIN][PPO] ep=187/500 r=   63.75 avg10=   10.12 steps= 401 succ10=0.00 touch10=0.00 col10=1.00 to10=0.00 min_d= 3.04 avg_spd=2.09m/s end=collision t=  222.3s ckpt=best
[TRAIN][PPO] ep=188/500 r=    0.55 avg10=   10.62 steps= 150 succ10=0.00 touch10=0.00 col10=1.00 to10=0.00 min_d= 3.56 avg_spd=2.15m/s end=collision t=  223.7s
[TRAIN][PPO] ep=189/500 r=   78.17 avg10=   13.07 steps= 540 succ10=0.00 touch10=0.00 col10=1.00 to10=0.00 min_d= 2.73 avg_spd=2.03m/s end=collision t=  227.9s ckpt=best
[TRAIN][PPO] ep=190/500 r=   -9.79 avg10=   12.15 steps= 128 succ10=0.00 touch10=0.00 col10=1.00 to10=0.00 min_d= 3.62 avg_spd=1.85m/s end=collision t=  228.9s
[TRAIN][PPO] ep=191/500 r=   -0.22 avg10=   12.71 steps= 149 succ10=0.00 touch10=0.00 col10=1.00 to10=0.00 min_d= 3.61 avg_spd=2.08m/s end=collision t=  230.1s
[TRAIN][PPO] ep=192/500 r=    0.39 avg10=   12.81 steps= 150 succ10=0.00 touch10=0.00 col10=1.00 to10=0.00 min_d= 3.61 avg_spd=2.15m/s end=collision t=  231.4s
[TRAIN][PPO] ep=193/500 r=   -4.21 avg10=   12.67 steps= 137 succ10=0.00 touch10=0.00 col10=1.00 to10=0.00 min_d= 3.53 avg_spd=2.13m/s end=collision t=  232.5s
[TRAIN][PPO] ep=194/500 r=   -4.56 avg10=   12.49 steps= 139 succ10=0.00 touch10=0.00 col10=1.00 to10=0.00 min_d= 3.61 avg_spd=2.12m/s end=collision t=  233.6s
[TRAIN][PPO] ep=195/500 r=  -11.01 avg10=   11.23 steps= 131 succ10=0.00 touch10=0.00 col10=1.00 to10=0.00 min_d= 3.75 avg_spd=1.78m/s end=collision t=  234.6s
[TRAIN][PPO] ep=196/500 r=    1.38 avg10=   11.44 steps= 158 succ10=0.00 touch10=0.00 col10=1.00 to10=0.00 min_d= 3.63 avg_spd=2.13m/s end=collision t=  236.0s
[TRAIN][PPO] ep=197/500 r=  293.37 avg10=   34.41 steps=1210 succ10=0.00 touch10=0.00 col10=1.00 to10=0.00 min_d= 1.23 avg_spd=2.04m/s end=collision t=  245.1s ckpt=best
[TRAIN][PPO] ep=198/500 r=   -0.37 avg10=   34.31 steps= 149 succ10=0.00 touch10=0.00 col10=1.00 to10=0.00 min_d= 3.61 avg_spd=2.06m/s end=collision t=  246.2s
[TRAIN][PPO] ep=199/500 r=   -8.51 avg10=   25.65 steps= 161 succ10=0.00 touch10=0.00 col10=1.00 to10=0.00 min_d= 3.61 avg_spd=2.02m/s end=collision t=  247.4s
[TRAIN][PPO] ep=200/500 r=   -2.44 avg10=   26.38 steps= 145 succ10=0.00 touch10=0.00 col10=1.00 to10=0.00 min_d= 3.64 avg_spd=2.10m/s end=collision t=  248.8s ckpt=latest
[TRAIN][PPO] ep=201/500 r=   -1.26 avg10=   26.28 steps= 146 succ10=0.00 touch10=0.00 col10=1.00 to10=0.00 min_d= 3.64 avg_spd=2.15m/s end=collision t=  249.9s
[TRAIN][PPO] ep=202/500 r=   -4.00 avg10=   25.84 steps= 138 succ10=0.00 touch10=0.00 col10=1.00 to10=0.00 min_d= 3.63 avg_spd=2.13m/s end=collision t=  250.9s
[TRAIN][PPO] ep=203/500 r=   -3.32 avg10=   25.93 steps= 139 succ10=0.00 touch10=0.00 col10=1.00 to10=0.00 min_d= 3.62 avg_spd=2.10m/s end=collision t=  252.0s
[TRAIN][PPO] ep=204/500 r=  -11.14 avg10=   25.27 steps= 126 succ10=0.00 touch10=0.00 col10=1.00 to10=0.00 min_d= 3.61 avg_spd=1.87m/s end=collision t=  253.1s
[TRAIN][PPO] ep=205/500 r=   -1.41 avg10=   26.23 steps= 146 succ10=0.00 touch10=0.00 col10=1.00 to10=0.00 min_d= 3.59 avg_spd=2.16m/s end=collision t=  254.3s
[TRAIN][PPO] ep=206/500 r=    0.17 avg10=   26.11 steps= 149 succ10=0.00 touch10=0.00 col10=1.00 to10=0.00 min_d= 3.58 avg_spd=2.13m/s end=collision t=  255.5s
[TRAIN][PPO] ep=207/500 r=   -3.34 avg10=   -3.56 steps= 148 succ10=0.00 touch10=0.00 col10=1.00 to10=0.00 min_d= 3.56 avg_spd=2.06m/s end=collision t=  256.6s
[TRAIN][PPO] ep=208/500 r=  164.23 avg10=   12.90 steps= 671 succ10=0.00 touch10=0.00 col10=1.00 to10=0.00 min_d= 2.24 avg_spd=2.04m/s end=collision t=  261.8s
[TRAIN][PPO] ep=209/500 r=   -7.84 avg10=   12.96 steps= 135 succ10=0.00 touch10=0.00 col10=1.00 to10=0.00 min_d= 3.64 avg_spd=1.89m/s end=collision t=  262.8s
[TRAIN][PPO] ep=210/500 r=   -0.21 avg10=   13.19 steps= 152 succ10=0.00 touch10=0.00 col10=1.00 to10=0.00 min_d= 3.65 avg_spd=2.10m/s end=collision t=  264.0s
[TRAIN][PPO] ep=211/500 r=   -3.40 avg10=   12.97 steps= 186 succ10=0.00 touch10=0.00 col10=1.00 to10=0.00 min_d= 3.55 avg_spd=2.08m/s end=collision t=  265.5s
[TRAIN][PPO] ep=212/500 r=   -4.29 avg10=   12.94 steps= 137 succ10=0.00 touch10=0.00 col10=1.00 to10=0.00 min_d= 3.66 avg_spd=2.11m/s end=collision t=  266.7s
[TRAIN][PPO] ep=213/500 r=   78.45 avg10=   21.12 steps= 541 succ10=0.00 touch10=0.00 col10=1.00 to10=0.00 min_d= 2.71 avg_spd=2.09m/s end=collision t=  270.9s
[TRAIN][PPO] ep=214/500 r=   -1.84 avg10=   22.05 steps= 144 succ10=0.00 touch10=0.00 col10=1.00 to10=0.00 min_d= 3.52 avg_spd=2.08m/s end=collision t=  272.0s
[TRAIN][PPO] ep=215/500 r=   -1.11 avg10=   22.08 steps= 147 succ10=0.00 touch10=0.00 col10=1.00 to10=0.00 min_d= 3.64 avg_spd=2.11m/s end=collision t=  273.1s
[TRAIN][PPO] ep=216/500 r=   -5.52 avg10=   21.51 steps= 131 succ10=0.00 touch10=0.00 col10=1.00 to10=0.00 min_d= 3.54 avg_spd=2.17m/s end=collision t=  274.4s
[TRAIN][PPO] ep=217/500 r=   -6.20 avg10=   21.23 steps= 138 succ10=0.00 touch10=0.00 col10=1.00 to10=0.00 min_d= 3.65 avg_spd=1.89m/s end=collision t=  275.5s
[TRAIN][PPO] ep=218/500 r=   -4.32 avg10=    4.37 steps= 136 succ10=0.00 touch10=0.00 col10=1.00 to10=0.00 min_d= 3.54 avg_spd=2.14m/s end=collision t=  276.6s
[TRAIN][PPO] ep=219/500 r=   -5.16 avg10=    4.64 steps= 186 succ10=0.00 touch10=0.00 col10=1.00 to10=0.00 min_d= 3.62 avg_spd=2.11m/s end=collision t=  278.0s
[TRAIN][PPO] ep=220/500 r=   -3.50 avg10=    4.31 steps= 147 succ10=0.00 touch10=0.00 col10=1.00 to10=0.00 min_d= 3.64 avg_spd=1.95m/s end=collision t=  279.3s
[TRAIN][PPO] ep=221/500 r=   -3.00 avg10=    4.35 steps= 141 succ10=0.00 touch10=0.00 col10=1.00 to10=0.00 min_d= 3.63 avg_spd=2.11m/s end=collision t=  280.4s
[TRAIN][PPO] ep=222/500 r=   -2.91 avg10=    4.49 steps= 143 succ10=0.00 touch10=0.00 col10=1.00 to10=0.00 min_d= 3.57 avg_spd=2.09m/s end=collision t=  281.5s
[TRAIN][PPO] ep=223/500 r=   -2.97 avg10=   -3.65 steps= 140 succ10=0.00 touch10=0.00 col10=1.00 to10=0.00 min_d= 3.57 avg_spd=2.13m/s end=collision t=  282.5s
[TRAIN][PPO] ep=224/500 r=   -6.17 avg10=   -4.09 steps= 136 succ10=0.00 touch10=0.00 col10=1.00 to10=0.00 min_d= 3.60 avg_spd=2.07m/s end=collision t=  283.7s
[TRAIN][PPO] ep=225/500 r=   -0.64 avg10=   -4.04 steps= 147 succ10=0.00 touch10=0.00 col10=1.00 to10=0.00 min_d= 3.56 avg_spd=2.07m/s end=collision t=  284.8s
[TRAIN][PPO] ep=226/500 r=   -1.56 avg10=   -3.64 steps= 147 succ10=0.00 touch10=0.00 col10=1.00 to10=0.00 min_d= 3.65 avg_spd=2.11m/s end=collision t=  285.9s
[TRAIN][PPO] ep=227/500 r=   -5.48 avg10=   -3.57 steps= 139 succ10=0.00 touch10=0.00 col10=1.00 to10=0.00 min_d= 3.64 avg_spd=2.10m/s end=collision t=  287.0s
[TRAIN][PPO] ep=228/500 r=   -0.81 avg10=   -3.22 steps= 150 succ10=0.00 touch10=0.00 col10=1.00 to10=0.00 min_d= 3.63 avg_spd=2.15m/s end=collision t=  288.3s
[TRAIN][PPO] ep=229/500 r=   -3.72 avg10=   -3.07 steps= 148 succ10=0.00 touch10=0.00 col10=1.00 to10=0.00 min_d= 3.61 avg_spd=1.91m/s end=collision t=  289.4s
[TRAIN][PPO] ep=230/500 r=   -3.97 avg10=   -3.12 steps= 137 succ10=0.00 touch10=0.00 col10=1.00 to10=0.00 min_d= 3.53 avg_spd=2.19m/s end=collision t=  290.5s
[TRAIN][PPO] ep=231/500 r=   -2.23 avg10=   -3.05 steps= 143 succ10=0.00 touch10=0.00 col10=1.00 to10=0.00 min_d= 3.60 avg_spd=2.13m/s end=collision t=  291.7s
[TRAIN][PPO] ep=232/500 r=   -4.37 avg10=   -3.19 steps= 139 succ10=0.00 touch10=0.00 col10=1.00 to10=0.00 min_d= 3.65 avg_spd=2.12m/s end=collision t=  293.0s
[TRAIN][PPO] ep=233/500 r=   -4.95 avg10=   -3.39 steps= 138 succ10=0.00 touch10=0.00 col10=1.00 to10=0.00 min_d= 3.58 avg_spd=1.97m/s end=collision t=  294.1s
[TRAIN][PPO] ep=234/500 r=   -4.68 avg10=   -3.24 steps= 146 succ10=0.00 touch10=0.00 col10=1.00 to10=0.00 min_d= 3.72 avg_spd=1.90m/s end=collision t=  295.3s
[TRAIN][PPO] ep=235/500 r=   -8.68 avg10=   -4.05 steps= 137 succ10=0.00 touch10=0.00 col10=1.00 to10=0.00 min_d= 3.76 avg_spd=1.80m/s end=collision t=  296.4s
[TRAIN][PPO] ep=236/500 r=    5.30 avg10=   -3.36 steps= 181 succ10=0.00 touch10=0.00 col10=1.00 to10=0.00 min_d= 3.65 avg_spd=1.95m/s end=collision t=  298.1s
[TRAIN][PPO] ep=237/500 r=   -0.15 avg10=   -2.83 steps= 149 succ10=0.00 touch10=0.00 col10=1.00 to10=0.00 min_d= 3.56 avg_spd=2.14m/s end=collision t=  299.2s
[TRAIN][PPO] ep=238/500 r=   -2.00 avg10=   -2.95 steps= 149 succ10=0.00 touch10=0.00 col10=1.00 to10=0.00 min_d= 3.65 avg_spd=2.09m/s end=collision t=  300.4s
[TRAIN][PPO] ep=239/500 r=   -2.91 avg10=   -2.86 steps= 147 succ10=0.00 touch10=0.00 col10=1.00 to10=0.00 min_d= 3.58 avg_spd=2.10m/s end=collision t=  301.6s
[TRAIN][PPO] ep=240/500 r=   -6.37 avg10=   -3.10 steps= 147 succ10=0.00 touch10=0.00 col10=1.00 to10=0.00 min_d= 3.64 avg_spd=1.78m/s end=collision t=  302.9s
[TRAIN][PPO] ep=241/500 r=   94.24 avg10=    6.54 steps= 538 succ10=0.00 touch10=0.00 col10=1.00 to10=0.00 min_d= 2.68 avg_spd=2.05m/s end=collision t=  307.1s
[TRAIN][PPO] ep=242/500 r=  106.46 avg10=   17.63 steps= 536 succ10=0.00 touch10=0.00 col10=1.00 to10=0.00 min_d= 2.66 avg_spd=2.08m/s end=collision t=  311.2s
[TRAIN][PPO] ep=243/500 r=   -2.09 avg10=   17.91 steps= 146 succ10=0.00 touch10=0.00 col10=1.00 to10=0.00 min_d= 3.61 avg_spd=2.08m/s end=collision t=  312.4s
[TRAIN][PPO] ep=244/500 r=   -1.84 avg10=   18.20 steps= 146 succ10=0.00 touch10=0.00 col10=1.00 to10=0.00 min_d= 3.59 avg_spd=2.18m/s end=collision t=  313.8s
[TRAIN][PPO] ep=245/500 r=   -2.00 avg10=   18.86 steps= 145 succ10=0.00 touch10=0.00 col10=1.00 to10=0.00 min_d= 3.55 avg_spd=2.14m/s end=collision t=  315.0s
[TRAIN][PPO] ep=246/500 r=  -10.46 avg10=   17.29 steps= 136 succ10=0.00 touch10=0.00 col10=1.00 to10=0.00 min_d= 3.78 avg_spd=1.67m/s end=collision t=  316.3s
[TRAIN][PPO] ep=247/500 r=  -11.30 avg10=   16.17 steps= 128 succ10=0.00 touch10=0.00 col10=1.00 to10=0.00 min_d= 3.63 avg_spd=1.76m/s end=collision t=  317.5s
[TRAIN][PPO] ep=248/500 r=   -6.29 avg10=   15.75 steps= 162 succ10=0.00 touch10=0.00 col10=1.00 to10=0.00 min_d= 3.58 avg_spd=2.08m/s end=collision t=  319.0s
[TRAIN][PPO] ep=249/500 r=   87.85 avg10=   24.82 steps= 534 succ10=0.00 touch10=0.00 col10=1.00 to10=0.00 min_d= 2.71 avg_spd=2.07m/s end=collision t=  323.4s
[TRAIN][PPO] ep=250/500 r=   26.83 avg10=   28.14 steps= 279 succ10=0.00 touch10=0.00 col10=1.00 to10=0.00 min_d= 3.36 avg_spd=2.08m/s end=collision t=  325.5s
[TRAIN][PPO] ep=251/500 r=   -3.96 avg10=   18.32 steps= 151 succ10=0.00 touch10=0.00 col10=1.00 to10=0.00 min_d= 3.58 avg_spd=2.15m/s end=collision t=  326.8s
[TRAIN][PPO] ep=252/500 r=   -2.16 avg10=    7.46 steps= 153 succ10=0.00 touch10=0.00 col10=1.00 to10=0.00 min_d= 3.65 avg_spd=1.99m/s end=collision t=  328.2s
[TRAIN][PPO] ep=253/500 r=    2.28 avg10=    7.90 steps= 159 succ10=0.00 touch10=0.00 col10=1.00 to10=0.00 min_d= 3.56 avg_spd=2.18m/s end=collision t=  329.5s
[TRAIN][PPO] ep=254/500 r=   -5.24 avg10=    7.56 steps= 164 succ10=0.00 touch10=0.00 col10=1.00 to10=0.00 min_d= 3.61 avg_spd=2.04m/s end=collision t=  330.8s
[TRAIN][PPO] ep=255/500 r=  153.77 avg10=   23.13 steps= 849 succ10=0.00 touch10=0.00 col10=1.00 to10=0.00 min_d= 2.18 avg_spd=2.03m/s end=collision t=  337.4s
[TRAIN][PPO] ep=256/500 r=  159.92 avg10=   40.17 steps= 852 succ10=0.00 touch10=0.00 col10=1.00 to10=0.00 min_d= 2.16 avg_spd=2.03m/s end=collision t=  344.3s
[TRAIN][PPO] ep=257/500 r=   -4.36 avg10=   40.86 steps= 160 succ10=0.00 touch10=0.00 col10=1.00 to10=0.00 min_d= 3.72 avg_spd=1.84m/s end=collision t=  345.6s
[TRAIN][PPO] ep=258/500 r=  161.39 avg10=   57.63 steps= 683 succ10=0.00 touch10=0.00 col10=1.00 to10=0.00 min_d= 2.24 avg_spd=2.07m/s end=collision t=  350.9s
[TRAIN][PPO] ep=259/500 r=   88.11 avg10=   57.66 steps= 538 succ10=0.00 touch10=0.00 col10=1.00 to10=0.00 min_d= 2.76 avg_spd=2.08m/s end=collision t=  355.0s
[TRAIN][PPO] ep=260/500 r=   -2.16 avg10=   54.76 steps= 168 succ10=0.00 touch10=0.00 col10=1.00 to10=0.00 min_d= 3.62 avg_spd=2.12m/s end=collision t=  356.4s
[TRAIN][PPO] ep=261/500 r=   -7.97 avg10=   54.36 steps= 133 succ10=0.00 touch10=0.00 col10=1.00 to10=0.00 min_d= 3.62 avg_spd=1.90m/s end=collision t=  357.4s
[TRAIN][PPO] ep=262/500 r=   -3.65 avg10=   54.21 steps= 145 succ10=0.00 touch10=0.00 col10=1.00 to10=0.00 min_d= 3.65 avg_spd=2.03m/s end=collision t=  358.5s
[TRAIN][PPO] ep=263/500 r=    4.57 avg10=   54.44 steps= 179 succ10=0.00 touch10=0.00 col10=1.00 to10=0.00 min_d= 3.65 avg_spd=1.98m/s end=collision t=  359.8s
[TRAIN][PPO] ep=264/500 r=   15.75 avg10=   56.54 steps= 280 succ10=0.00 touch10=0.00 col10=1.00 to10=0.00 min_d= 3.36 avg_spd=2.11m/s end=collision t=  361.9s
[TRAIN][PPO] ep=265/500 r=   -2.52 avg10=   40.91 steps= 148 succ10=0.00 touch10=0.00 col10=1.00 to10=0.00 min_d= 3.55 avg_spd=1.97m/s end=collision t=  362.9s
[TRAIN][PPO] ep=266/500 r=   -7.86 avg10=   24.13 steps= 143 succ10=0.00 touch10=0.00 col10=1.00 to10=0.00 min_d= 3.74 avg_spd=1.73m/s end=collision t=  363.9s
[TRAIN][PPO] ep=267/500 r=    0.25 avg10=   24.59 steps= 154 succ10=0.00 touch10=0.00 col10=1.00 to10=0.00 min_d= 3.56 avg_spd=2.05m/s end=collision t=  365.1s
[TRAIN][PPO] ep=268/500 r=    2.09 avg10=    8.66 steps= 270 succ10=0.00 touch10=0.00 col10=1.00 to10=0.00 min_d= 3.41 avg_spd=2.06m/s end=collision t=  367.3s
[TRAIN][PPO] ep=269/500 r=   76.64 avg10=    7.51 steps= 557 succ10=0.00 touch10=0.00 col10=1.00 to10=0.00 min_d= 2.88 avg_spd=2.04m/s end=collision t=  371.4s
[TRAIN][PPO] ep=270/500 r=   -2.29 avg10=    7.50 steps= 150 succ10=0.00 touch10=0.00 col10=1.00 to10=0.00 min_d= 3.64 avg_spd=2.01m/s end=collision t=  372.5s
[TRAIN][PPO] ep=271/500 r=   -4.70 avg10=    7.83 steps= 144 succ10=0.00 touch10=0.00 col10=1.00 to10=0.00 min_d= 3.58 avg_spd=1.93m/s end=collision t=  373.6s
[TRAIN][PPO] ep=272/500 r=   -1.85 avg10=    8.01 steps= 153 succ10=0.00 touch10=0.00 col10=1.00 to10=0.00 min_d= 3.62 avg_spd=2.16m/s end=collision t=  374.9s
[TRAIN][PPO] ep=273/500 r=  -29.36 avg10=    4.62 steps= 459 succ10=0.00 touch10=0.00 col10=1.00 to10=0.00 min_d= 3.54 avg_spd=1.95m/s end=collision t=  378.1s
[TRAIN][PPO] ep=274/500 r=  -32.61 avg10=   -0.22 steps= 453 succ10=0.00 touch10=0.00 col10=1.00 to10=0.00 min_d= 3.56 avg_spd=2.00m/s end=collision t=  381.2s
[TRAIN][PPO] ep=275/500 r=   99.21 avg10=    9.95 steps= 533 succ10=0.00 touch10=0.00 col10=1.00 to10=0.00 min_d= 2.66 avg_spd=2.10m/s end=collision t=  385.1s
[TRAIN][PPO] ep=276/500 r=   -1.56 avg10=   10.58 steps= 147 succ10=0.00 touch10=0.00 col10=1.00 to10=0.00 min_d= 3.52 avg_spd=2.16m/s end=collision t=  386.4s
[TRAIN][PPO] ep=277/500 r=    1.02 avg10=   10.66 steps= 158 succ10=0.00 touch10=0.00 col10=1.00 to10=0.00 min_d= 3.61 avg_spd=2.15m/s end=collision t=  387.6s
[TRAIN][PPO] ep=278/500 r=   15.06 avg10=   11.96 steps= 276 succ10=0.00 touch10=0.00 col10=1.00 to10=0.00 min_d= 3.33 avg_spd=2.10m/s end=collision t=  389.4s
[TRAIN][PPO] ep=279/500 r=   -0.73 avg10=    4.22 steps= 155 succ10=0.00 touch10=0.00 col10=1.00 to10=0.00 min_d= 3.65 avg_spd=2.08m/s end=collision t=  390.5s
WARNING: Contact joints between materials 'default' and 'default' will only be created for the 10 deepest contact points instead of all the 11 contact points.
[TRAIN][PPO] ep=280/500 r=  -27.28 avg10=    1.72 steps= 442 succ10=0.00 touch10=0.00 col10=1.00 to10=0.00 min_d= 3.56 avg_spd=1.98m/s end=collision t=  393.7s
[TRAIN][PPO] ep=281/500 r=   82.84 avg10=   10.48 steps= 536 succ10=0.00 touch10=0.00 col10=1.00 to10=0.00 min_d= 2.72 avg_spd=2.08m/s end=collision t=  397.3s
[TRAIN][PPO] ep=282/500 r=    0.29 avg10=   10.69 steps= 154 succ10=0.00 touch10=0.00 col10=1.00 to10=0.00 min_d= 3.54 avg_spd=2.09m/s end=collision t=  398.4s
[TRAIN][PPO] ep=283/500 r=    2.25 avg10=   13.85 steps= 162 succ10=0.00 touch10=0.00 col10=1.00 to10=0.00 min_d= 3.55 avg_spd=2.10m/s end=collision t=  399.5s
[TRAIN][PPO] ep=284/500 r=   15.76 avg10=   18.69 steps= 272 succ10=0.00 touch10=0.00 col10=1.00 to10=0.00 min_d= 3.45 avg_spd=2.11m/s end=collision t=  401.5s
[TRAIN][PPO] ep=285/500 r=   -0.94 avg10=    8.67 steps= 151 succ10=0.00 touch10=0.00 col10=1.00 to10=0.00 min_d= 3.54 avg_spd=2.13m/s end=collision t=  402.7s
[TRAIN][PPO] ep=286/500 r=    8.32 avg10=    9.66 steps= 268 succ10=0.00 touch10=0.00 col10=1.00 to10=0.00 min_d= 3.48 avg_spd=2.09m/s end=collision t=  404.5s
[TRAIN][PPO] ep=287/500 r=   -1.36 avg10=    9.42 steps= 150 succ10=0.00 touch10=0.00 col10=1.00 to10=0.00 min_d= 3.54 avg_spd=2.00m/s end=collision t=  405.6s
[TRAIN][PPO] ep=288/500 r=   -1.78 avg10=    7.74 steps= 154 succ10=0.00 touch10=0.00 col10=1.00 to10=0.00 min_d= 3.60 avg_spd=1.94m/s end=collision t=  406.9s
[TRAIN][PPO] ep=289/500 r=    3.59 avg10=    8.17 steps= 164 succ10=0.00 touch10=0.00 col10=1.00 to10=0.00 min_d= 3.57 avg_spd=2.18m/s end=collision t=  408.2s
[TRAIN][PPO] ep=290/500 r=   97.53 avg10=   20.65 steps= 532 succ10=0.00 touch10=0.00 col10=1.00 to10=0.00 min_d= 2.65 avg_spd=2.11m/s end=collision t=  411.8s
[TRAIN][PPO] ep=291/500 r=   -2.73 avg10=   12.09 steps= 151 succ10=0.00 touch10=0.00 col10=1.00 to10=0.00 min_d= 3.64 avg_spd=2.05m/s end=collision t=  412.9s
[TRAIN][PPO] ep=292/500 r=   16.39 avg10=   13.70 steps= 279 succ10=0.00 touch10=0.00 col10=1.00 to10=0.00 min_d= 3.38 avg_spd=2.10m/s end=collision t=  414.9s
[TRAIN][PPO] ep=293/500 r=    0.64 avg10=   13.54 steps= 157 succ10=0.00 touch10=0.00 col10=1.00 to10=0.00 min_d= 3.55 avg_spd=2.01m/s end=collision t=  416.0s
[TRAIN][PPO] ep=294/500 r=   17.13 avg10=   13.68 steps= 273 succ10=0.00 touch10=0.00 col10=1.00 to10=0.00 min_d= 3.36 avg_spd=2.12m/s end=collision t=  418.0s
[TRAIN][PPO] ep=295/500 r=   37.30 avg10=   17.50 steps= 280 succ10=0.00 touch10=0.00 col10=1.00 to10=0.00 min_d= 3.31 avg_spd=2.11m/s end=collision t=  420.0s
[TRAIN][PPO] ep=296/500 r=    2.69 avg10=   16.94 steps= 166 succ10=0.00 touch10=0.00 col10=1.00 to10=0.00 min_d= 3.62 avg_spd=2.08m/s end=collision t=  421.5s
[TRAIN][PPO] ep=297/500 r=    0.59 avg10=   17.13 steps= 156 succ10=0.00 touch10=0.00 col10=1.00 to10=0.00 min_d= 3.55 avg_spd=2.17m/s end=collision t=  422.6s
[TRAIN][PPO] ep=298/500 r=    9.27 avg10=   18.24 steps= 265 succ10=0.00 touch10=0.00 col10=1.00 to10=0.00 min_d= 3.40 avg_spd=2.11m/s end=collision t=  424.6s
[TRAIN][PPO] ep=299/500 r=   60.07 avg10=   23.89 steps= 528 succ10=0.00 touch10=0.00 col10=1.00 to10=0.00 min_d= 2.85 avg_spd=2.06m/s end=collision t=  428.4s
[TRAIN][PPO] ep=300/500 r=   -5.29 avg10=   13.61 steps= 144 succ10=0.00 touch10=0.00 col10=1.00 to10=0.00 min_d= 3.61 avg_spd=1.90m/s end=collision t=  429.6s ckpt=latest
[TRAIN][PPO] ep=301/500 r=    2.81 avg10=   14.16 steps= 261 succ10=0.00 touch10=0.00 col10=1.00 to10=0.00 min_d= 3.53 avg_spd=2.09m/s end=collision t=  431.4s
[TRAIN][PPO] ep=302/500 r=   -5.11 avg10=   12.01 steps= 152 succ10=0.00 touch10=0.00 col10=1.00 to10=0.00 min_d= 3.74 avg_spd=1.82m/s end=collision t=  432.4s
[TRAIN][PPO] ep=303/500 r=    5.81 avg10=   12.53 steps= 281 succ10=0.00 touch10=0.00 col10=1.00 to10=0.00 min_d= 3.61 avg_spd=1.87m/s end=collision t=  434.6s
WARNING: Contact joints between materials 'default' and 'default' will only be created for the 10 deepest contact points instead of all the 11 contact points.
[TRAIN][PPO] ep=304/500 r=   69.74 avg10=   17.79 steps= 527 succ10=0.00 touch10=0.00 col10=1.00 to10=0.00 min_d= 2.77 avg_spd=2.04m/s end=collision t=  438.8s
[TRAIN][PPO] ep=305/500 r=   -2.81 avg10=   13.78 steps= 148 succ10=0.00 touch10=0.00 col10=1.00 to10=0.00 min_d= 3.62 avg_spd=1.97m/s end=collision t=  439.9s
[TRAIN][PPO] ep=306/500 r=   70.21 avg10=   20.53 steps= 525 succ10=0.00 touch10=0.00 col10=1.00 to10=0.00 min_d= 2.79 avg_spd=2.06m/s end=collision t=  443.9s
[TRAIN][PPO] ep=307/500 r=   18.93 avg10=   22.36 steps= 276 succ10=0.00 touch10=0.00 col10=1.00 to10=0.00 min_d= 3.36 avg_spd=2.10m/s end=collision t=  445.8s
[TRAIN][PPO] ep=308/500 r=   77.48 avg10=   29.19 steps= 537 succ10=0.00 touch10=0.00 col10=1.00 to10=0.00 min_d= 2.78 avg_spd=2.07m/s end=collision t=  449.9s
[TRAIN][PPO] ep=309/500 r=   10.92 avg10=   24.27 steps= 280 succ10=0.00 touch10=0.00 col10=1.00 to10=0.00 min_d= 3.58 avg_spd=1.91m/s end=collision t=  451.8s
[TRAIN][PPO] ep=310/500 r=   73.81 avg10=   32.18 steps= 529 succ10=0.00 touch10=0.00 col10=1.00 to10=0.00 min_d= 2.77 avg_spd=2.02m/s end=collision t=  455.8s
[TRAIN][PPO] ep=311/500 r=    0.28 avg10=   31.93 steps= 177 succ10=0.00 touch10=0.00 col10=1.00 to10=0.00 min_d= 3.62 avg_spd=2.09m/s end=collision t=  457.3s
[TRAIN][PPO] ep=312/500 r=   -0.17 avg10=   32.42 steps= 160 succ10=0.00 touch10=0.00 col10=1.00 to10=0.00 min_d= 3.65 avg_spd=1.96m/s end=collision t=  458.6s
[TRAIN][PPO] ep=313/500 r=   -6.10 avg10=   31.23 steps= 140 succ10=0.00 touch10=0.00 col10=1.00 to10=0.00 min_d= 3.61 avg_spd=1.90m/s end=collision t=  459.6s
[TRAIN][PPO] ep=314/500 r=    2.63 avg10=   24.52 steps= 168 succ10=0.00 touch10=0.00 col10=1.00 to10=0.00 min_d= 3.65 avg_spd=2.06m/s end=collision t=  460.8s
[TRAIN][PPO] ep=315/500 r=    0.90 avg10=   24.89 steps= 159 succ10=0.00 touch10=0.00 col10=1.00 to10=0.00 min_d= 3.60 avg_spd=2.10m/s end=collision t=  462.0s
[TRAIN][PPO] ep=316/500 r=    0.02 avg10=   17.87 steps= 155 succ10=0.00 touch10=0.00 col10=1.00 to10=0.00 min_d= 3.57 avg_spd=1.93m/s end=collision t=  463.3s
[TRAIN][PPO] ep=317/500 r=    0.87 avg10=   16.06 steps= 159 succ10=0.00 touch10=0.00 col10=1.00 to10=0.00 min_d= 3.52 avg_spd=1.98m/s end=collision t=  464.5s
[TRAIN][PPO] ep=318/500 r=   -1.55 avg10=    8.16 steps= 153 succ10=0.00 touch10=0.00 col10=1.00 to10=0.00 min_d= 3.64 avg_spd=2.08m/s end=collision t=  465.6s
[TRAIN][PPO] ep=319/500 r=   12.48 avg10=    8.32 steps= 270 succ10=0.00 touch10=0.00 col10=1.00 to10=0.00 min_d= 3.40 avg_spd=2.07m/s end=collision t=  467.5s
[TRAIN][PPO] ep=320/500 r=   -5.02 avg10=    0.43 steps= 445 succ10=0.00 touch10=0.00 col10=1.00 to10=0.00 min_d= 3.51 avg_spd=1.93m/s end=collision t=  470.9s
[TRAIN][PPO] ep=321/500 r=   -3.07 avg10=    0.10 steps= 147 succ10=0.00 touch10=0.00 col10=1.00 to10=0.00 min_d= 3.62 avg_spd=2.08m/s end=collision t=  472.0s
[TRAIN][PPO] ep=322/500 r=   -1.01 avg10=    0.01 steps= 165 succ10=0.00 touch10=0.00 col10=1.00 to10=0.00 min_d= 3.65 avg_spd=1.85m/s end=collision t=  473.2s
[TRAIN][PPO] ep=323/500 r=   -0.16 avg10=    0.61 steps= 157 succ10=0.00 touch10=0.00 col10=1.00 to10=0.00 min_d= 3.55 avg_spd=1.93m/s end=collision t=  474.3s
[TRAIN][PPO] ep=324/500 r=   -8.68 avg10=   -0.52 steps= 265 succ10=0.00 touch10=0.00 col10=1.00 to10=0.00 min_d= 3.47 avg_spd=1.98m/s end=collision t=  476.3s
[TRAIN][PPO] ep=325/500 r=    2.48 avg10=   -0.36 steps= 169 succ10=0.00 touch10=0.00 col10=1.00 to10=0.00 min_d= 3.65 avg_spd=1.96m/s end=collision t=  477.5s
[TRAIN][PPO] ep=326/500 r=    5.84 avg10=    0.22 steps= 269 succ10=0.00 touch10=0.00 col10=1.00 to10=0.00 min_d= 3.47 avg_spd=2.06m/s end=collision t=  479.4s
[TRAIN][PPO] ep=327/500 r=   89.16 avg10=    9.05 steps= 535 succ10=0.00 touch10=0.00 col10=1.00 to10=0.00 min_d= 2.71 avg_spd=2.05m/s end=collision t=  483.3s
[TRAIN][PPO] ep=328/500 r=   62.54 avg10=   15.46 steps= 533 succ10=0.00 touch10=0.00 col10=1.00 to10=0.00 min_d= 2.79 avg_spd=2.03m/s end=collision t=  487.4s
[TRAIN][PPO] ep=329/500 r=   -2.55 avg10=   13.95 steps= 146 succ10=0.00 touch10=0.00 col10=1.00 to10=0.00 min_d= 3.54 avg_spd=2.10m/s end=collision t=  488.4s
[TRAIN][PPO] ep=330/500 r=   -4.66 avg10=   13.99 steps= 445 succ10=0.00 touch10=0.00 col10=1.00 to10=0.00 min_d= 3.51 avg_spd=1.97m/s end=collision t=  491.3s
[TRAIN][PPO] ep=331/500 r=    0.19 avg10=   14.32 steps= 168 succ10=0.00 touch10=0.00 col10=1.00 to10=0.00 min_d= 3.65 avg_spd=1.79m/s end=collision t=  492.4s
[TRAIN][PPO] ep=332/500 r=    2.76 avg10=   14.69 steps= 165 succ10=0.00 touch10=0.00 col10=1.00 to10=0.00 min_d= 3.58 avg_spd=1.98m/s end=collision t=  493.5s
[TRAIN][PPO] ep=333/500 r=   -1.49 avg10=   14.56 steps= 169 succ10=0.00 touch10=0.00 col10=1.00 to10=0.00 min_d= 3.65 avg_spd=1.72m/s end=collision t=  494.6s
[TRAIN][PPO] ep=334/500 r=    1.68 avg10=   15.60 steps= 176 succ10=0.00 touch10=0.00 col10=1.00 to10=0.00 min_d= 3.65 avg_spd=1.80m/s end=collision t=  495.7s
[TRAIN][PPO] ep=335/500 r=   -8.27 avg10=   14.52 steps= 140 succ10=0.00 touch10=0.00 col10=1.00 to10=0.00 min_d= 3.64 avg_spd=1.74m/s end=collision t=  496.6s
[TRAIN][PPO] ep=336/500 r=    4.70 avg10=   14.41 steps= 170 succ10=0.00 touch10=0.00 col10=1.00 to10=0.00 min_d= 3.58 avg_spd=2.11m/s end=collision t=  497.7s
[TRAIN][PPO] ep=337/500 r=   -0.46 avg10=    5.44 steps= 161 succ10=0.00 touch10=0.00 col10=1.00 to10=0.00 min_d= 3.65 avg_spd=2.10m/s end=collision t=  498.8s
[TRAIN][PPO] ep=338/500 r=    0.07 avg10=   -0.80 steps= 160 succ10=0.00 touch10=0.00 col10=1.00 to10=0.00 min_d= 3.65 avg_spd=2.10m/s end=collision t=  499.9s
[TRAIN][PPO] ep=339/500 r=    1.89 avg10=   -0.36 steps= 166 succ10=0.00 touch10=0.00 col10=1.00 to10=0.00 min_d= 3.58 avg_spd=2.12m/s end=collision t=  501.0s
[TRAIN][PPO] ep=340/500 r=    2.13 avg10=    0.32 steps= 164 succ10=0.00 touch10=0.00 col10=1.00 to10=0.00 min_d= 3.58 avg_spd=2.16m/s end=collision t=  502.2s
[TRAIN][PPO] ep=341/500 r=  -16.60 avg10=   -1.36 steps= 256 succ10=0.00 touch10=0.00 col10=1.00 to10=0.00 min_d= 3.53 avg_spd=1.95m/s end=collision t=  503.9s
[TRAIN][PPO] ep=342/500 r=   -7.40 avg10=   -2.38 steps= 267 succ10=0.00 touch10=0.00 col10=1.00 to10=0.00 min_d= 3.52 avg_spd=2.04m/s end=collision t=  505.7s
[TRAIN][PPO] ep=343/500 r=   -7.50 avg10=   -2.98 steps= 147 succ10=0.00 touch10=0.00 col10=1.00 to10=0.00 min_d= 3.77 avg_spd=1.67m/s end=collision t=  506.7s
[TRAIN][PPO] ep=344/500 r=  110.07 avg10=    7.86 steps= 534 succ10=0.00 touch10=0.00 col10=1.00 to10=0.00 min_d= 2.67 avg_spd=2.02m/s end=collision t=  510.9s
[TRAIN][PPO] ep=345/500 r=   -1.48 avg10=    8.54 steps= 156 succ10=0.00 touch10=0.00 col10=1.00 to10=0.00 min_d= 3.65 avg_spd=1.97m/s end=collision t=  512.1s
[TRAIN][PPO] ep=346/500 r=    1.90 avg10=    8.26 steps= 290 succ10=0.00 touch10=0.00 col10=1.00 to10=0.00 min_d= 3.61 avg_spd=1.90m/s end=collision t=  514.2s
[TRAIN][PPO] ep=347/500 r=    3.85 avg10=    8.69 steps= 169 succ10=0.00 touch10=0.00 col10=1.00 to10=0.00 min_d= 3.56 avg_spd=2.16m/s end=collision t=  515.5s
[TRAIN][PPO] ep=348/500 r=   -0.67 avg10=    8.62 steps= 160 succ10=0.00 touch10=0.00 col10=1.00 to10=0.00 min_d= 3.64 avg_spd=2.17m/s end=collision t=  517.0s
[TRAIN][PPO] ep=349/500 r=  -20.63 avg10=    6.37 steps= 260 succ10=0.00 touch10=0.00 col10=1.00 to10=0.00 min_d= 3.55 avg_spd=1.96m/s end=collision t=  518.9s
[TRAIN][PPO] ep=350/500 r=   -1.90 avg10=    5.96 steps= 157 succ10=0.00 touch10=0.00 col10=1.00 to10=0.00 min_d= 3.65 avg_spd=2.02m/s end=collision t=  520.1s
[TRAIN][PPO] ep=351/500 r=    0.77 avg10=    7.70 steps= 162 succ10=0.00 touch10=0.00 col10=1.00 to10=0.00 min_d= 3.65 avg_spd=1.93m/s end=collision t=  521.2s
[TRAIN][PPO] ep=352/500 r=   37.40 avg10=   12.18 steps= 281 succ10=0.00 touch10=0.00 col10=1.00 to10=0.00 min_d= 3.33 avg_spd=2.06m/s end=collision t=  523.5s
[TRAIN][PPO] ep=353/500 r=    3.18 avg10=   13.25 steps= 163 succ10=0.00 touch10=0.00 col10=1.00 to10=0.00 min_d= 3.55 avg_spd=2.08m/s end=collision t=  524.7s
[TRAIN][PPO] ep=354/500 r=  -52.51 avg10=   -3.01 steps= 470 succ10=0.00 touch10=0.00 col10=1.00 to10=0.00 min_d= 3.66 avg_spd=2.10m/s end=collision t=  528.0s
[TRAIN][PPO] ep=355/500 r=    4.76 avg10=   -2.38 steps= 271 succ10=0.00 touch10=0.00 col10=1.00 to10=0.00 min_d= 3.51 avg_spd=2.08m/s end=collision t=  530.0s
[TRAIN][PPO] ep=356/500 r=  -17.67 avg10=   -4.34 steps= 124 succ10=0.00 touch10=0.00 col10=1.00 to10=0.00 min_d= 3.73 avg_spd=1.40m/s end=collision t=  531.2s
[TRAIN][PPO] ep=357/500 r=   -3.97 avg10=   -5.12 steps= 148 succ10=0.00 touch10=0.00 col10=1.00 to10=0.00 min_d= 3.59 avg_spd=1.83m/s end=collision t=  532.4s
[TRAIN][PPO] ep=358/500 r=   -5.23 avg10=   -5.58 steps= 145 succ10=0.00 touch10=0.00 col10=1.00 to10=0.00 min_d= 3.64 avg_spd=1.86m/s end=collision t=  533.6s
[TRAIN][PPO] ep=359/500 r=  160.98 avg10=   12.58 steps= 685 succ10=0.00 touch10=0.00 col10=1.00 to10=0.00 min_d= 2.26 avg_spd=2.06m/s end=collision t=  539.3s
[TRAIN][PPO] ep=360/500 r=    2.44 avg10=   13.02 steps= 177 succ10=0.00 touch10=0.00 col10=1.00 to10=0.00 min_d= 3.65 avg_spd=1.82m/s end=collision t=  540.9s
[TRAIN][PPO] ep=361/500 r=   82.37 avg10=   21.17 steps= 528 succ10=0.00 touch10=0.00 col10=1.00 to10=0.00 min_d= 2.75 avg_spd=2.02m/s end=collision t=  544.9s
[TRAIN][PPO] ep=362/500 r=    3.94 avg10=   17.83 steps= 267 succ10=0.00 touch10=0.00 col10=1.00 to10=0.00 min_d= 3.53 avg_spd=2.05m/s end=collision t=  547.0s
[TRAIN][PPO] ep=363/500 r=  -52.08 avg10=   12.30 steps= 464 succ10=0.00 touch10=0.00 col10=1.00 to10=0.00 min_d= 3.66 avg_spd=2.00m/s end=collision t=  550.3s
[TRAIN][PPO] ep=364/500 r=   -4.28 avg10=   17.13 steps= 154 succ10=0.00 touch10=0.00 col10=1.00 to10=0.00 min_d= 3.65 avg_spd=1.71m/s end=collision t=  551.9s
[TRAIN][PPO] ep=365/500 r=  -31.52 avg10=   13.50 steps= 267 succ10=0.00 touch10=0.00 col10=1.00 to10=0.00 min_d= 3.62 avg_spd=1.98m/s end=collision t=  553.9s
[TRAIN][PPO] ep=366/500 r=    1.50 avg10=   15.41 steps= 161 succ10=0.00 touch10=0.00 col10=1.00 to10=0.00 min_d= 3.56 avg_spd=2.04m/s end=collision t=  555.3s
[TRAIN][PPO] ep=367/500 r=   55.30 avg10=   21.34 steps= 532 succ10=0.00 touch10=0.00 col10=1.00 to10=0.00 min_d= 2.86 avg_spd=2.00m/s end=collision t=  559.6s
[TRAIN][PPO] ep=368/500 r=  112.47 avg10=   33.11 steps= 534 succ10=0.00 touch10=0.00 col10=1.00 to10=0.00 min_d= 2.65 avg_spd=2.06m/s end=collision t=  564.2s
[TRAIN][PPO] ep=369/500 r=    3.97 avg10=   17.41 steps= 176 succ10=0.00 touch10=0.00 col10=1.00 to10=0.00 min_d= 3.65 avg_spd=2.01m/s end=collision t=  565.5s
[TRAIN][PPO] ep=370/500 r=    1.96 avg10=   17.36 steps= 172 succ10=0.00 touch10=0.00 col10=1.00 to10=0.00 min_d= 3.65 avg_spd=2.00m/s end=collision t=  566.9s
[TRAIN][PPO] ep=371/500 r=    8.52 avg10=    9.98 steps= 194 succ10=0.00 touch10=0.00 col10=1.00 to10=0.00 min_d= 3.65 avg_spd=1.91m/s end=collision t=  568.5s
[TRAIN][PPO] ep=372/500 r=  -12.97 avg10=    8.29 steps= 267 succ10=0.00 touch10=0.00 col10=1.00 to10=0.00 min_d= 3.56 avg_spd=2.01m/s end=collision t=  570.8s
[TRAIN][PPO] ep=373/500 r=   15.36 avg10=   15.03 steps= 275 succ10=0.00 touch10=0.00 col10=1.00 to10=0.00 min_d= 3.34 avg_spd=2.07m/s end=collision t=  573.1s
[TRAIN][PPO] ep=374/500 r=   87.60 avg10=   24.22 steps= 530 succ10=0.00 touch10=0.00 col10=1.00 to10=0.00 min_d= 2.71 avg_spd=2.06m/s end=collision t=  576.9s
[TRAIN][PPO] ep=375/500 r=   73.67 avg10=   34.74 steps= 527 succ10=0.00 touch10=0.00 col10=1.00 to10=0.00 min_d= 2.80 avg_spd=2.00m/s end=collision t=  580.9s
[TRAIN][PPO] ep=376/500 r=  -10.75 avg10=   33.51 steps= 143 succ10=0.00 touch10=0.00 col10=1.00 to10=0.00 min_d= 3.81 avg_spd=1.48m/s end=collision t=  582.2s
[TRAIN][PPO] ep=377/500 r=    1.96 avg10=   28.18 steps= 164 succ10=0.00 touch10=0.00 col10=1.00 to10=0.00 min_d= 3.63 avg_spd=2.00m/s end=collision t=  583.6s
[TRAIN][PPO] ep=378/500 r=   -9.32 avg10=   16.00 steps= 266 succ10=0.00 touch10=0.00 col10=1.00 to10=0.00 min_d= 3.51 avg_spd=2.03m/s end=collision t=  585.7s
[TRAIN][PPO] ep=379/500 r=   65.49 avg10=   22.15 steps= 535 succ10=0.00 touch10=0.00 col10=1.00 to10=0.00 min_d= 2.83 avg_spd=2.04m/s end=collision t=  590.1s
[TRAIN][PPO] ep=380/500 r=  -12.50 avg10=   20.71 steps= 454 succ10=0.00 touch10=0.00 col10=1.00 to10=0.00 min_d= 3.56 avg_spd=1.98m/s end=collision t=  593.5s
[TRAIN][PPO] ep=381/500 r=   -1.73 avg10=   19.68 steps= 150 succ10=0.00 touch10=0.00 col10=1.00 to10=0.00 min_d= 3.57 avg_spd=2.08m/s end=collision t=  594.7s
[TRAIN][PPO] ep=382/500 r=   -1.29 avg10=   20.85 steps= 155 succ10=0.00 touch10=0.00 col10=1.00 to10=0.00 min_d= 3.63 avg_spd=2.06m/s end=collision t=  596.0s
[TRAIN][PPO] ep=383/500 r=    2.02 avg10=   19.51 steps= 163 succ10=0.00 touch10=0.00 col10=1.00 to10=0.00 min_d= 3.52 avg_spd=2.10m/s end=collision t=  597.4s
[TRAIN][PPO] ep=384/500 r=   -2.77 avg10=   10.48 steps= 159 succ10=0.00 touch10=0.00 col10=1.00 to10=0.00 min_d= 3.61 avg_spd=2.19m/s end=collision t=  598.8s
[TRAIN][PPO] ep=385/500 r=   65.21 avg10=    9.63 steps= 526 succ10=0.00 touch10=0.00 col10=1.00 to10=0.00 min_d= 2.81 avg_spd=1.99m/s end=collision t=  603.1s
[TRAIN][PPO] ep=386/500 r=    2.35 avg10=   10.94 steps= 175 succ10=0.00 touch10=0.00 col10=1.00 to10=0.00 min_d= 3.61 avg_spd=2.12m/s end=collision t=  604.6s
[TRAIN][PPO] ep=387/500 r=   -4.66 avg10=   10.28 steps= 270 succ10=0.00 touch10=0.00 col10=1.00 to10=0.00 min_d= 3.57 avg_spd=1.98m/s end=collision t=  606.8s
[TRAIN][PPO] ep=388/500 r=   -1.54 avg10=   11.06 steps= 159 succ10=0.00 touch10=0.00 col10=1.00 to10=0.00 min_d= 3.65 avg_spd=2.11m/s end=collision t=  608.2s
[TRAIN][PPO] ep=389/500 r=  -19.27 avg10=    2.58 steps= 259 succ10=0.00 touch10=0.00 col10=1.00 to10=0.00 min_d= 3.61 avg_spd=1.98m/s end=collision t=  610.3s
[TRAIN][PPO] ep=390/500 r=   -0.42 avg10=    3.79 steps= 156 succ10=0.00 touch10=0.00 col10=1.00 to10=0.00 min_d= 3.62 avg_spd=2.10m/s end=collision t=  611.6s
[TRAIN][PPO] ep=391/500 r=   66.87 avg10=   10.65 steps= 728 succ10=0.00 touch10=0.00 col10=1.00 to10=0.00 min_d= 2.78 avg_spd=2.03m/s end=collision t=  617.5s
[TRAIN][PPO] ep=392/500 r=  -19.97 avg10=    8.78 steps= 269 succ10=0.00 touch10=0.00 col10=1.00 to10=0.00 min_d= 3.62 avg_spd=1.99m/s end=collision t=  619.9s
[TRAIN][PPO] ep=393/500 r=   -1.44 avg10=    8.44 steps= 266 succ10=0.00 touch10=0.00 col10=1.00 to10=0.00 min_d= 3.55 avg_spd=2.04m/s end=collision t=  622.0s
[TRAIN][PPO] ep=394/500 r=   -4.79 avg10=    8.23 steps= 146 succ10=0.00 touch10=0.00 col10=1.00 to10=0.00 min_d= 3.63 avg_spd=1.90m/s end=collision t=  623.3s
[TRAIN][PPO] ep=395/500 r=   65.85 avg10=    8.30 steps= 728 succ10=0.00 touch10=0.00 col10=1.00 to10=0.00 min_d= 2.80 avg_spd=2.06m/s end=collision t=  629.0s
[TRAIN][PPO] ep=396/500 r=    3.27 avg10=    8.39 steps= 264 succ10=0.00 touch10=0.00 col10=1.00 to10=0.00 min_d= 3.41 avg_spd=2.04m/s end=collision t=  631.2s
[TRAIN][PPO] ep=397/500 r=   91.89 avg10=   18.04 steps= 530 succ10=0.00 touch10=0.00 col10=1.00 to10=0.00 min_d= 2.71 avg_spd=2.05m/s end=collision t=  635.3s
[TRAIN][PPO] ep=398/500 r=    3.81 avg10=   18.58 steps= 168 succ10=0.00 touch10=0.00 col10=1.00 to10=0.00 min_d= 3.57 avg_spd=2.06m/s end=collision t=  636.6s
[TRAIN][PPO] ep=399/500 r=   -2.49 avg10=   20.26 steps= 151 succ10=0.00 touch10=0.00 col10=1.00 to10=0.00 min_d= 3.65 avg_spd=2.05m/s end=collision t=  637.9s
[TRAIN][PPO] ep=400/500 r=   -8.79 avg10=   19.42 steps= 262 succ10=0.00 touch10=0.00 col10=1.00 to10=0.00 min_d= 3.58 avg_spd=1.97m/s end=collision t=  640.2s ckpt=latest
[TRAIN][PPO] ep=401/500 r=   69.38 avg10=   19.67 steps= 528 succ10=0.00 touch10=0.00 col10=1.00 to10=0.00 min_d= 2.79 avg_spd=2.03m/s end=collision t=  644.2s
[TRAIN][PPO] ep=402/500 r=    0.39 avg10=   21.71 steps= 171 succ10=0.00 touch10=0.00 col10=1.00 to10=0.00 min_d= 3.65 avg_spd=1.78m/s end=collision t=  645.6s
[TRAIN][PPO] ep=403/500 r=   72.55 avg10=   29.11 steps= 539 succ10=0.00 touch10=0.00 col10=1.00 to10=0.00 min_d= 2.79 avg_spd=2.01m/s end=collision t=  649.8s
[TRAIN][PPO] ep=404/500 r=   -1.82 avg10=   29.40 steps= 146 succ10=0.00 touch10=0.00 col10=1.00 to10=0.00 min_d= 3.54 avg_spd=2.12m/s end=collision t=  651.2s
[TRAIN][PPO] ep=405/500 r=   -0.25 avg10=   22.79 steps= 165 succ10=0.00 touch10=0.00 col10=1.00 to10=0.00 min_d= 3.65 avg_spd=1.86m/s end=collision t=  652.5s
[TRAIN][PPO] ep=406/500 r=  110.84 avg10=   33.55 steps=1925 succ10=0.00 touch10=0.00 col10=1.00 to10=0.00 min_d= 1.43 avg_spd=2.11m/s end=collision t=  666.7s
[TRAIN][PPO] ep=407/500 r=   73.98 avg10=   31.76 steps= 541 succ10=0.00 touch10=0.00 col10=1.00 to10=0.00 min_d= 2.80 avg_spd=1.99m/s end=collision t=  670.8s
[TRAIN][PPO] ep=408/500 r=   76.86 avg10=   39.06 steps= 527 succ10=0.00 touch10=0.00 col10=1.00 to10=0.00 min_d= 2.76 avg_spd=2.04m/s end=collision t=  675.3s
[TRAIN][PPO] ep=409/500 r=   -1.05 avg10=   39.21 steps= 149 succ10=0.00 touch10=0.00 col10=1.00 to10=0.00 min_d= 3.55 avg_spd=2.07m/s end=collision t=  676.4s
[TRAIN][PPO] ep=410/500 r=   -7.35 avg10=   39.35 steps= 145 succ10=0.00 touch10=0.00 col10=1.00 to10=0.00 min_d= 3.75 avg_spd=1.72m/s end=collision t=  677.6s
[TRAIN][PPO] ep=411/500 r=   -4.14 avg10=   32.00 steps= 147 succ10=0.00 touch10=0.00 col10=1.00 to10=0.00 min_d= 3.65 avg_spd=2.06m/s end=collision t=  678.7s
[TRAIN][PPO] ep=412/500 r=   -2.05 avg10=   31.76 steps= 163 succ10=0.00 touch10=0.00 col10=1.00 to10=0.00 min_d= 3.65 avg_spd=1.75m/s end=collision t=  680.0s
[TRAIN][PPO] ep=413/500 r=   -3.80 avg10=   24.12 steps= 157 succ10=0.00 touch10=0.00 col10=1.00 to10=0.00 min_d= 3.74 avg_spd=1.82m/s end=collision t=  681.2s
[TRAIN][PPO] ep=414/500 r=   81.39 avg10=   32.44 steps= 535 succ10=0.00 touch10=0.00 col10=1.00 to10=0.00 min_d= 2.72 avg_spd=2.04m/s end=collision t=  685.1s
[TRAIN][PPO] ep=415/500 r=    4.04 avg10=   32.87 steps= 165 succ10=0.00 touch10=0.00 col10=1.00 to10=0.00 min_d= 3.54 avg_spd=2.08m/s end=collision t=  686.4s
[TRAIN][PPO] ep=416/500 r=   78.33 avg10=   29.62 steps= 532 succ10=0.00 touch10=0.00 col10=1.00 to10=0.00 min_d= 2.75 avg_spd=2.00m/s end=collision t=  690.5s
[TRAIN][PPO] ep=417/500 r=   -9.87 avg10=   21.24 steps= 270 succ10=0.00 touch10=0.00 col10=1.00 to10=0.00 min_d= 3.55 avg_spd=1.97m/s end=collision t=  692.6s
[TRAIN][PPO] ep=418/500 r=   -2.14 avg10=   13.34 steps= 148 succ10=0.00 touch10=0.00 col10=1.00 to10=0.00 min_d= 3.59 avg_spd=2.06m/s end=collision t=  693.8s
[TRAIN][PPO] ep=419/500 r=   -2.30 avg10=   13.21 steps= 269 succ10=0.00 touch10=0.00 col10=1.00 to10=0.00 min_d= 3.46 avg_spd=2.00m/s end=collision t=  695.8s
[TRAIN][PPO] ep=420/500 r=    1.07 avg10=   14.05 steps= 156 succ10=0.00 touch10=0.00 col10=1.00 to10=0.00 min_d= 3.60 avg_spd=2.10m/s end=collision t=  697.2s
[TRAIN][PPO] ep=421/500 r=   -8.40 avg10=   13.63 steps= 264 succ10=0.00 touch10=0.00 col10=1.00 to10=0.00 min_d= 3.53 avg_spd=1.97m/s end=collision t=  699.1s
[TRAIN][PPO] ep=422/500 r=   78.54 avg10=   21.69 steps= 539 succ10=0.00 touch10=0.00 col10=1.00 to10=0.00 min_d= 2.77 avg_spd=2.05m/s end=collision t=  703.2s
[TRAIN][PPO] ep=423/500 r=   -8.63 avg10=   21.20 steps= 149 succ10=0.00 touch10=0.00 col10=1.00 to10=0.00 min_d= 3.72 avg_spd=1.59m/s end=collision t=  704.4s
[TRAIN][PPO] ep=424/500 r=   -0.97 avg10=   12.97 steps= 154 succ10=0.00 touch10=0.00 col10=1.00 to10=0.00 min_d= 3.56 avg_spd=2.00m/s end=collision t=  705.7s
[TRAIN][PPO] ep=425/500 r=    1.16 avg10=   12.68 steps= 154 succ10=0.00 touch10=0.00 col10=1.00 to10=0.00 min_d= 3.53 avg_spd=2.10m/s end=collision t=  706.9s
[TRAIN][PPO] ep=426/500 r=    0.57 avg10=    4.90 steps= 151 succ10=0.00 touch10=0.00 col10=1.00 to10=0.00 min_d= 3.52 avg_spd=2.10m/s end=collision t=  708.1s
[TRAIN][PPO] ep=427/500 r=  -33.42 avg10=    2.55 steps= 424 succ10=0.00 touch10=0.00 col10=1.00 to10=0.00 min_d= 3.56 avg_spd=1.97m/s end=collision t=  711.4s
[TRAIN][PPO] ep=428/500 r=    2.64 avg10=    3.03 steps= 173 succ10=0.00 touch10=0.00 col10=1.00 to10=0.00 min_d= 3.65 avg_spd=1.85m/s end=collision t=  712.9s
[TRAIN][PPO] ep=429/500 r=   -2.83 avg10=    2.97 steps= 150 succ10=0.00 touch10=0.00 col10=1.00 to10=0.00 min_d= 3.65 avg_spd=2.00m/s end=collision t=  714.1s
[TRAIN][PPO] ep=430/500 r=   12.15 avg10=    4.08 steps= 271 succ10=0.00 touch10=0.00 col10=1.00 to10=0.00 min_d= 3.45 avg_spd=2.05m/s end=collision t=  716.1s
[TRAIN][PPO] ep=431/500 r=   -4.69 avg10=    4.45 steps= 145 succ10=0.00 touch10=0.00 col10=1.00 to10=0.00 min_d= 3.61 avg_spd=2.15m/s end=collision t=  717.1s
[TRAIN][PPO] ep=432/500 r=    1.40 avg10=   -3.26 steps= 276 succ10=0.00 touch10=0.00 col10=1.00 to10=0.00 min_d= 3.45 avg_spd=2.04m/s end=collision t=  719.3s
[TRAIN][PPO] ep=433/500 r=    9.87 avg10=   -1.41 steps= 191 succ10=0.00 touch10=0.00 col10=1.00 to10=0.00 min_d= 3.65 avg_spd=1.88m/s end=collision t=  720.8s
[TRAIN][PPO] ep=434/500 r=    4.23 avg10=   -0.89 steps= 168 succ10=0.00 touch10=0.00 col10=1.00 to10=0.00 min_d= 3.56 avg_spd=2.05m/s end=collision t=  722.2s
[TRAIN][PPO] ep=435/500 r=   -2.30 avg10=   -1.24 steps= 155 succ10=0.00 touch10=0.00 col10=1.00 to10=0.00 min_d= 3.57 avg_spd=1.86m/s end=collision t=  723.4s
[TRAIN][PPO] ep=436/500 r=  104.07 avg10=    9.11 steps= 536 succ10=0.00 touch10=0.00 col10=1.00 to10=0.00 min_d= 2.69 avg_spd=2.01m/s end=collision t=  727.7s
[TRAIN][PPO] ep=437/500 r=   -5.06 avg10=   11.95 steps= 148 succ10=0.00 touch10=0.00 col10=1.00 to10=0.00 min_d= 3.74 avg_spd=1.80m/s end=collision t=  728.8s
[TRAIN][PPO] ep=438/500 r=   83.07 avg10=   19.99 steps= 541 succ10=0.00 touch10=0.00 col10=1.00 to10=0.00 min_d= 2.74 avg_spd=2.04m/s end=collision t=  732.9s
[TRAIN][PPO] ep=439/500 r=    4.37 avg10=   20.71 steps= 270 succ10=0.00 touch10=0.00 col10=1.00 to10=0.00 min_d= 3.37 avg_spd=2.08m/s end=collision t=  735.0s
[TRAIN][PPO] ep=440/500 r=  -16.32 avg10=   17.86 steps= 124 succ10=0.00 touch10=0.00 col10=1.00 to10=0.00 min_d= 3.76 avg_spd=1.48m/s end=collision t=  736.1s
[TRAIN][PPO] ep=441/500 r=   22.62 avg10=   20.60 steps= 278 succ10=0.00 touch10=0.00 col10=1.00 to10=0.00 min_d= 3.38 avg_spd=2.06m/s end=collision t=  738.1s
[TRAIN][PPO] ep=442/500 r=  -13.85 avg10=   19.07 steps= 161 succ10=0.00 touch10=0.00 col10=1.00 to10=0.00 min_d= 3.69 avg_spd=1.62m/s end=collision t=  739.3s
[TRAIN][PPO] ep=443/500 r=  165.17 avg10=   34.60 steps= 672 succ10=0.00 touch10=0.00 col10=1.00 to10=0.00 min_d= 2.23 avg_spd=2.06m/s end=collision t=  744.5s
[TRAIN][PPO] ep=444/500 r=  163.55 avg10=   50.53 steps= 679 succ10=0.00 touch10=0.00 col10=1.00 to10=0.00 min_d= 2.22 avg_spd=2.07m/s end=collision t=  749.7s
[TRAIN][PPO] ep=445/500 r=    0.75 avg10=   50.84 steps= 152 succ10=0.00 touch10=0.00 col10=1.00 to10=0.00 min_d= 3.57 avg_spd=2.16m/s end=collision t=  750.7s
[TRAIN][PPO] ep=446/500 r=    2.67 avg10=   40.70 steps= 169 succ10=0.00 touch10=0.00 col10=1.00 to10=0.00 min_d= 3.65 avg_spd=1.95m/s end=collision t=  752.0s
[TRAIN][PPO] ep=447/500 r=   15.33 avg10=   42.74 steps= 274 succ10=0.00 touch10=0.00 col10=1.00 to10=0.00 min_d= 3.38 avg_spd=2.07m/s end=collision t=  754.0s
[TRAIN][PPO] ep=448/500 r=   -3.99 avg10=   34.03 steps= 145 succ10=0.00 touch10=0.00 col10=1.00 to10=0.00 min_d= 3.61 avg_spd=1.90m/s end=collision t=  755.2s
[TRAIN][PPO] ep=449/500 r=   -2.48 avg10=   33.35 steps= 145 succ10=0.00 touch10=0.00 col10=1.00 to10=0.00 min_d= 3.61 avg_spd=2.11m/s end=collision t=  756.4s
[TRAIN][PPO] ep=450/500 r=   -3.07 avg10=   34.67 steps= 143 succ10=0.00 touch10=0.00 col10=1.00 to10=0.00 min_d= 3.64 avg_spd=2.02m/s end=collision t=  757.4s
[TRAIN][PPO] ep=451/500 r=   -7.71 avg10=   31.64 steps= 139 succ10=0.00 touch10=0.00 col10=1.00 to10=0.00 min_d= 3.63 avg_spd=1.83m/s end=collision t=  758.5s
[TRAIN][PPO] ep=452/500 r=   -0.62 avg10=   32.96 steps= 157 succ10=0.00 touch10=0.00 col10=1.00 to10=0.00 min_d= 3.65 avg_spd=2.09m/s end=collision t=  759.7s
[TRAIN][PPO] ep=453/500 r=   -0.66 avg10=   16.38 steps= 153 succ10=0.00 touch10=0.00 col10=1.00 to10=0.00 min_d= 3.55 avg_spd=2.05m/s end=collision t=  760.8s
[TRAIN][PPO] ep=454/500 r=   -1.68 avg10=   -0.15 steps= 145 succ10=0.00 touch10=0.00 col10=1.00 to10=0.00 min_d= 3.62 avg_spd=2.12m/s end=collision t=  761.9s
[TRAIN][PPO] ep=455/500 r=    0.81 avg10=   -0.14 steps= 154 succ10=0.00 touch10=0.00 col10=1.00 to10=0.00 min_d= 3.55 avg_spd=2.00m/s end=collision t=  763.0s
[TRAIN][PPO] ep=456/500 r=   -1.34 avg10=   -0.54 steps= 145 succ10=0.00 touch10=0.00 col10=1.00 to10=0.00 min_d= 3.53 avg_spd=2.10m/s end=collision t=  764.3s
[TRAIN][PPO] ep=457/500 r=   -6.14 avg10=   -2.69 steps= 147 succ10=0.00 touch10=0.00 col10=1.00 to10=0.00 min_d= 3.63 avg_spd=1.78m/s end=collision t=  765.4s
[TRAIN][PPO] ep=458/500 r=    1.04 avg10=   -2.18 steps= 288 succ10=0.00 touch10=0.00 col10=1.00 to10=0.00 min_d= 3.60 avg_spd=1.78m/s end=collision t=  767.5s
[TRAIN][PPO] ep=459/500 r=   -5.61 avg10=   -2.50 steps= 137 succ10=0.00 touch10=0.00 col10=1.00 to10=0.00 min_d= 3.64 avg_spd=1.97m/s end=collision t=  768.5s
[TRAIN][PPO] ep=460/500 r=   -7.23 avg10=   -2.91 steps= 147 succ10=0.00 touch10=0.00 col10=1.00 to10=0.00 min_d= 3.59 avg_spd=2.04m/s end=collision t=  769.7s
[TRAIN][PPO] ep=461/500 r=   -2.28 avg10=   -2.37 steps= 142 succ10=0.00 touch10=0.00 col10=1.00 to10=0.00 min_d= 3.59 avg_spd=2.14m/s end=collision t=  770.8s
[TRAIN][PPO] ep=462/500 r=   -6.22 avg10=   -2.93 steps= 143 succ10=0.00 touch10=0.00 col10=1.00 to10=0.00 min_d= 3.65 avg_spd=1.82m/s end=collision t=  771.8s
[TRAIN][PPO] ep=463/500 r=   -4.11 avg10=   -3.28 steps= 138 succ10=0.00 touch10=0.00 col10=1.00 to10=0.00 min_d= 3.63 avg_spd=2.15m/s end=collision t=  772.9s
[TRAIN][PPO] ep=464/500 r=   14.85 avg10=   -1.62 steps= 273 succ10=0.00 touch10=0.00 col10=1.00 to10=0.00 min_d= 3.43 avg_spd=2.06m/s end=collision t=  775.1s
[TRAIN][PPO] ep=465/500 r=   53.19 avg10=    3.61 steps= 407 succ10=0.00 touch10=0.00 col10=1.00 to10=0.00 min_d= 3.00 avg_spd=2.08m/s end=collision t=  778.2s
[TRAIN][PPO] ep=466/500 r=   -2.23 avg10=    3.53 steps= 144 succ10=0.00 touch10=0.00 col10=1.00 to10=0.00 min_d= 3.54 avg_spd=2.02m/s end=collision t=  779.3s
[TRAIN][PPO] ep=467/500 r=   -4.10 avg10=    3.73 steps= 137 succ10=0.00 touch10=0.00 col10=1.00 to10=0.00 min_d= 3.62 avg_spd=2.13m/s end=collision t=  780.3s
[TRAIN][PPO] ep=468/500 r=   -3.96 avg10=    3.23 steps= 144 succ10=0.00 touch10=0.00 col10=1.00 to10=0.00 min_d= 3.56 avg_spd=1.95m/s end=collision t=  781.6s
[TRAIN][PPO] ep=469/500 r=    0.95 avg10=    3.89 steps= 153 succ10=0.00 touch10=0.00 col10=1.00 to10=0.00 min_d= 3.64 avg_spd=2.11m/s end=collision t=  782.7s
[TRAIN][PPO] ep=470/500 r=   -1.02 avg10=    4.51 steps= 149 succ10=0.00 touch10=0.00 col10=1.00 to10=0.00 min_d= 3.64 avg_spd=2.06m/s end=collision t=  783.8s
[TRAIN][PPO] ep=471/500 r=   -8.86 avg10=    3.85 steps= 141 succ10=0.00 touch10=0.00 col10=1.00 to10=0.00 min_d= 3.77 avg_spd=1.67m/s end=collision t=  784.9s
[TRAIN][PPO] ep=472/500 r=   -8.00 avg10=    3.67 steps= 137 succ10=0.00 touch10=0.00 col10=1.00 to10=0.00 min_d= 3.74 avg_spd=1.75m/s end=collision t=  786.0s
[TRAIN][PPO] ep=473/500 r=  -11.27 avg10=    2.96 steps= 174 succ10=0.00 touch10=0.00 col10=1.00 to10=0.00 min_d= 3.69 avg_spd=1.76m/s end=collision t=  787.3s
[TRAIN][PPO] ep=474/500 r=  -16.02 avg10=   -0.13 steps= 442 succ10=0.00 touch10=0.00 col10=1.00 to10=0.00 min_d= 3.51 avg_spd=1.95m/s end=collision t=  790.6s
[TRAIN][PPO] ep=475/500 r=   14.41 avg10=   -4.01 steps= 274 succ10=0.00 touch10=0.00 col10=1.00 to10=0.00 min_d= 3.43 avg_spd=2.07m/s end=collision t=  792.7s
[TRAIN][PPO] ep=476/500 r=    1.05 avg10=   -3.68 steps= 154 succ10=0.00 touch10=0.00 col10=1.00 to10=0.00 min_d= 3.58 avg_spd=2.03m/s end=collision t=  794.0s
[TRAIN][PPO] ep=477/500 r=    6.66 avg10=   -2.61 steps= 183 succ10=0.00 touch10=0.00 col10=1.00 to10=0.00 min_d= 3.65 avg_spd=1.98m/s end=collision t=  795.4s
[TRAIN][PPO] ep=478/500 r=   -1.07 avg10=   -2.32 steps= 146 succ10=0.00 touch10=0.00 col10=1.00 to10=0.00 min_d= 3.58 avg_spd=2.11m/s end=collision t=  796.4s
[TRAIN][PPO] ep=479/500 r=   -0.86 avg10=   -2.50 steps= 150 succ10=0.00 touch10=0.00 col10=1.00 to10=0.00 min_d= 3.54 avg_spd=1.95m/s end=collision t=  797.5s
[TRAIN][PPO] ep=480/500 r=   -4.69 avg10=   -2.86 steps= 137 succ10=0.00 touch10=0.00 col10=1.00 to10=0.00 min_d= 3.61 avg_spd=2.11m/s end=collision t=  798.7s
[TRAIN][PPO] ep=481/500 r=   -5.49 avg10=   -2.53 steps= 147 succ10=0.00 touch10=0.00 col10=1.00 to10=0.00 min_d= 3.65 avg_spd=1.79m/s end=collision t=  799.7s
[TRAIN][PPO] ep=482/500 r=   -1.55 avg10=   -1.88 steps= 146 succ10=0.00 touch10=0.00 col10=1.00 to10=0.00 min_d= 3.53 avg_spd=2.04m/s end=collision t=  800.8s
[TRAIN][PPO] ep=483/500 r=   -0.05 avg10=   -0.76 steps= 150 succ10=0.00 touch10=0.00 col10=1.00 to10=0.00 min_d= 3.54 avg_spd=2.05m/s end=collision t=  802.0s
[TRAIN][PPO] ep=484/500 r=  124.30 avg10=   13.27 steps= 543 succ10=0.00 touch10=0.00 col10=1.00 to10=0.00 min_d= 2.62 avg_spd=2.02m/s end=collision t=  806.3s
[TRAIN][PPO] ep=485/500 r=    0.84 avg10=   11.91 steps= 153 succ10=0.00 touch10=0.00 col10=1.00 to10=0.00 min_d= 3.55 avg_spd=2.13m/s end=collision t=  807.4s
[TRAIN][PPO] ep=486/500 r=    8.55 avg10=   12.66 steps= 277 succ10=0.00 touch10=0.00 col10=1.00 to10=0.00 min_d= 3.36 avg_spd=2.03m/s end=collision t=  809.4s
[TRAIN][PPO] ep=487/500 r=   -2.15 avg10=   11.78 steps= 149 succ10=0.00 touch10=0.00 col10=1.00 to10=0.00 min_d= 3.54 avg_spd=2.03m/s end=collision t=  810.5s
[TRAIN][PPO] ep=488/500 r=   -0.97 avg10=   11.79 steps= 149 succ10=0.00 touch10=0.00 col10=1.00 to10=0.00 min_d= 3.56 avg_spd=2.01m/s end=collision t=  811.7s
[TRAIN][PPO] ep=489/500 r=   27.11 avg10=   14.59 steps= 280 succ10=0.00 touch10=0.00 col10=1.00 to10=0.00 min_d= 3.42 avg_spd=1.95m/s end=collision t=  813.8s
[TRAIN][PPO] ep=490/500 r=    3.63 avg10=   15.42 steps= 164 succ10=0.00 touch10=0.00 col10=1.00 to10=0.00 min_d= 3.65 avg_spd=2.03m/s end=collision t=  815.0s
[TRAIN][PPO] ep=491/500 r=   -0.36 avg10=   15.94 steps= 148 succ10=0.00 touch10=0.00 col10=1.00 to10=0.00 min_d= 3.51 avg_spd=2.14m/s end=collision t=  816.2s
[TRAIN][PPO] ep=492/500 r=   -4.49 avg10=   15.64 steps= 139 succ10=0.00 touch10=0.00 col10=1.00 to10=0.00 min_d= 3.61 avg_spd=2.06m/s end=collision t=  817.4s
[TRAIN][PPO] ep=493/500 r=   -5.39 avg10=   15.11 steps= 136 succ10=0.00 touch10=0.00 col10=1.00 to10=0.00 min_d= 3.57 avg_spd=2.03m/s end=collision t=  818.4s
[TRAIN][PPO] ep=494/500 r=    1.84 avg10=    2.86 steps= 160 succ10=0.00 touch10=0.00 col10=1.00 to10=0.00 min_d= 3.64 avg_spd=2.03m/s end=collision t=  819.6s
[TRAIN][PPO] ep=495/500 r=   -2.66 avg10=    2.51 steps= 150 succ10=0.00 touch10=0.00 col10=1.00 to10=0.00 min_d= 3.53 avg_spd=2.01m/s end=collision t=  820.7s
[TRAIN][PPO] ep=496/500 r=   -3.54 avg10=    1.30 steps= 141 succ10=0.00 touch10=0.00 col10=1.00 to10=0.00 min_d= 3.63 avg_spd=2.05m/s end=collision t=  822.0s
[TRAIN][PPO] ep=497/500 r=   -6.83 avg10=    0.83 steps= 179 succ10=0.00 touch10=0.00 col10=1.00 to10=0.00 min_d= 3.57 avg_spd=2.03m/s end=collision t=  823.4s
[TRAIN][PPO] ep=498/500 r=   -7.53 avg10=    0.18 steps= 133 succ10=0.00 touch10=0.00 col10=1.00 to10=0.00 min_d= 3.58 avg_spd=1.94m/s end=collision t=  824.4s
[TRAIN][PPO] ep=499/500 r=  -13.81 avg10=   -3.92 steps= 442 succ10=0.00 touch10=0.00 col10=1.00 to10=0.00 min_d= 3.52 avg_spd=1.97m/s end=collision t=  827.7s
INFO: PPO: Terminating.
[RUN] completed stage checkpoint=/uio/hume/student-u79/esbrovol/fys5429/DRL-Obstacle-Avoidance/controllers/PPO/checkpoints/moving_20260603_110455_step04_all_moving_none_seed00_stage01_train_12_all_moving/final_moving_20260603_110455_step04_all_moving_none_seed00_stage01_train_12_all_moving.pth
[RUN] curriculum complete arch=none seed=0
[MOVING] completed stage checkpoint=/uio/hume/student-u79/esbrovol/fys5429/DRL-Obstacle-Avoidance/controllers/PPO/checkpoints/moving_20260603_110455_step04_all_moving_none_seed00_stage01_train_12_all_moving/final_moving_20260603_110455_step04_all_moving_none_seed00_stage01_train_12_all_moving.pth
[MOVING] stage=5/5 name=moving_goal
[MOVING] resume_from=/uio/hume/student-u79/esbrovol/fys5429/DRL-Obstacle-Avoidance/controllers/PPO/checkpoints/moving_20260603_110455_step04_all_moving_none_seed00_stage01_train_12_all_moving/final_moving_20260603_110455_step04_all_moving_none_seed00_stage01_train_12_all_moving.pth
[MOVING] command=/uio/hume/student-u79/esbrovol/fys5429/DRL-Obstacle-Avoidance/venv/bin/python controllers/run.py worker --arch none --seed 0 --run-group moving_20260603_110455_step05_moving_goal --resume-from /uio/hume/student-u79/esbrovol/fys5429/DRL-Obstacle-Avoidance/controllers/PPO/checkpoints/moving_20260603_110455_step04_all_moving_none_seed00_stage01_train_12_all_moving/final_moving_20260603_110455_step04_all_moving_none_seed00_stage01_train_12_all_moving.pth --worlds worlds/training/train_13_moving_goal.wbt --moving-obstacle-indices all --moving-goal
[RUN] arch=none seed=0 stage=1/1 world=/uio/hume/student-u79/esbrovol/fys5429/DRL-Obstacle-Avoidance/worlds/training/train_13_moving_goal.wbt
[RUN] resuming from /uio/hume/student-u79/esbrovol/fys5429/DRL-Obstacle-Avoidance/controllers/PPO/checkpoints/moving_20260603_110455_step04_all_moving_none_seed00_stage01_train_12_all_moving/final_moving_20260603_110455_step04_all_moving_none_seed00_stage01_train_12_all_moving.pth
INFO: PPO: Starting controller: python3 -u PPO.py
[PPO] Using architecture: NONE
[PPO] Loaded architecture: NONE
[TRAIN][PPO] arch=NONE weights_dir=/uio/hume/student-u79/esbrovol/fys5429/DRL-Obstacle-Avoidance/controllers/PPO/checkpoints/moving_20260603_110455_step05_moving_goal_none_seed00_stage01_train_13_moving_goal final=/uio/hume/student-u79/esbrovol/fys5429/DRL-Obstacle-Avoidance/controllers/PPO/checkpoints/moving_20260603_110455_step05_moving_goal_none_seed00_stage01_train_13_moving_goal/final_moving_20260603_110455_step05_moving_goal_none_seed00_stage01_train_13_moving_goal.pth
[TRAIN][PPO] episodes=500 update_every=4 obs=31 act=2 cell=NONE seq=32 burn_in=0
[TRAIN][PPO] ep=001/500 r=    6.34 avg10=    6.34 steps= 168 succ10=0.00 touch10=0.00 col10=1.00 to10=0.00 min_d= 3.53 avg_spd=2.15m/s end=collision t=    1.5s ckpt=best
[TRAIN][PPO] ep=002/500 r=   14.70 avg10=   10.52 steps= 269 succ10=0.00 touch10=0.00 col10=1.00 to10=0.00 min_d= 3.46 avg_spd=2.07m/s end=collision t=    3.6s ckpt=best
[TRAIN][PPO] ep=003/500 r=    5.40 avg10=    8.81 steps= 166 succ10=0.00 touch10=0.00 col10=1.00 to10=0.00 min_d= 3.57 avg_spd=2.08m/s end=collision t=    4.9s
[TRAIN][PPO] ep=004/500 r=   -2.73 avg10=    5.93 steps= 153 succ10=0.00 touch10=0.00 col10=1.00 to10=0.00 min_d= 3.66 avg_spd=1.86m/s end=collision t=    6.4s
[TRAIN][PPO] ep=005/500 r=   -0.88 avg10=    4.57 steps= 158 succ10=0.00 touch10=0.00 col10=1.00 to10=0.00 min_d= 3.66 avg_spd=2.13m/s end=collision t=    7.6s
[TRAIN][PPO] ep=006/500 r=   13.05 avg10=    5.98 steps= 268 succ10=0.00 touch10=0.00 col10=1.00 to10=0.00 min_d= 3.41 avg_spd=2.06m/s end=collision t=    9.7s
[TRAIN][PPO] ep=007/500 r=    2.49 avg10=    5.48 steps= 160 succ10=0.00 touch10=0.00 col10=1.00 to10=0.00 min_d= 3.54 avg_spd=2.01m/s end=collision t=   10.9s
[TRAIN][PPO] ep=008/500 r=    6.27 avg10=    5.58 steps= 284 succ10=0.00 touch10=0.00 col10=1.00 to10=0.00 min_d= 3.64 avg_spd=1.87m/s end=collision t=   13.2s
[TRAIN][PPO] ep=009/500 r=  101.16 avg10=   16.20 steps= 537 succ10=0.00 touch10=0.00 col10=1.00 to10=0.00 min_d= 2.62 avg_spd=2.01m/s end=collision t=   17.3s ckpt=best
[TRAIN][PPO] ep=010/500 r=    2.36 avg10=   14.82 steps= 157 succ10=0.00 touch10=0.00 col10=1.00 to10=0.00 min_d= 3.62 avg_spd=2.08m/s end=collision t=   18.5s
[TRAIN][PPO] ep=011/500 r=   -1.91 avg10=   13.99 steps= 144 succ10=0.00 touch10=0.00 col10=1.00 to10=0.00 min_d= 3.61 avg_spd=2.08m/s end=collision t=   19.6s
[TRAIN][PPO] ep=012/500 r=   51.58 avg10=   17.68 steps= 408 succ10=0.00 touch10=0.00 col10=1.00 to10=0.00 min_d= 3.07 avg_spd=2.09m/s end=collision t=   23.0s
[TRAIN][PPO] ep=013/500 r=    1.04 avg10=   17.24 steps= 152 succ10=0.00 touch10=0.00 col10=1.00 to10=0.00 min_d= 3.56 avg_spd=2.09m/s end=collision t=   24.1s
[TRAIN][PPO] ep=014/500 r=    0.86 avg10=   17.60 steps= 153 succ10=0.00 touch10=0.00 col10=1.00 to10=0.00 min_d= 3.56 avg_spd=2.07m/s end=collision t=   25.3s
[TRAIN][PPO] ep=015/500 r=   -1.77 avg10=   17.51 steps= 157 succ10=0.00 touch10=0.00 col10=1.00 to10=0.00 min_d= 3.66 avg_spd=1.79m/s end=collision t=   26.4s
[TRAIN][PPO] ep=016/500 r=   -0.65 avg10=   16.14 steps= 148 succ10=0.00 touch10=0.00 col10=1.00 to10=0.00 min_d= 3.63 avg_spd=2.12m/s end=collision t=   27.6s
[TRAIN][PPO] ep=017/500 r=    0.13 avg10=   15.91 steps= 162 succ10=0.00 touch10=0.00 col10=1.00 to10=0.00 min_d= 3.65 avg_spd=1.82m/s end=collision t=   28.8s
[TRAIN][PPO] ep=018/500 r=   -1.76 avg10=   15.11 steps= 146 succ10=0.00 touch10=0.00 col10=1.00 to10=0.00 min_d= 3.67 avg_spd=2.07m/s end=collision t=   29.8s
[TRAIN][PPO] ep=019/500 r=    7.06 avg10=    5.69 steps= 179 succ10=0.00 touch10=0.00 col10=1.00 to10=0.00 min_d= 3.64 avg_spd=1.90m/s end=collision t=   31.2s
[TRAIN][PPO] ep=020/500 r=   -1.37 avg10=    5.32 steps= 148 succ10=0.00 touch10=0.00 col10=1.00 to10=0.00 min_d= 3.66 avg_spd=2.17m/s end=collision t=   32.4s
[TRAIN][PPO] ep=021/500 r=    8.23 avg10=    6.34 steps= 182 succ10=0.00 touch10=0.00 col10=1.00 to10=0.00 min_d= 3.64 avg_spd=1.98m/s end=collision t=   33.7s
[TRAIN][PPO] ep=022/500 r=   -0.98 avg10=    1.08 steps= 153 succ10=0.00 touch10=0.00 col10=1.00 to10=0.00 min_d= 3.56 avg_spd=2.06m/s end=collision t=   34.8s
[TRAIN][PPO] ep=023/500 r=    5.37 avg10=    1.51 steps= 166 succ10=0.00 touch10=0.00 col10=1.00 to10=0.00 min_d= 3.62 avg_spd=2.07m/s end=collision t=   36.0s
[TRAIN][PPO] ep=024/500 r=   71.11 avg10=    8.54 steps= 537 succ10=0.00 touch10=0.00 col10=1.00 to10=0.00 min_d= 2.68 avg_spd=1.98m/s end=collision t=   40.2s
[TRAIN][PPO] ep=025/500 r=   -5.99 avg10=    8.11 steps= 149 succ10=0.00 touch10=0.00 col10=1.00 to10=0.00 min_d= 3.81 avg_spd=1.67m/s end=collision t=   41.2s
[TRAIN][PPO] ep=026/500 r=    6.15 avg10=    8.79 steps= 179 succ10=0.00 touch10=0.00 col10=1.00 to10=0.00 min_d= 3.64 avg_spd=1.93m/s end=collision t=   42.6s
[TRAIN][PPO] ep=027/500 r=   -1.82 avg10=    8.60 steps= 148 succ10=0.00 touch10=0.00 col10=1.00 to10=0.00 min_d= 3.63 avg_spd=2.12m/s end=collision t=   43.8s
[TRAIN][PPO] ep=028/500 r=    5.01 avg10=    9.28 steps= 165 succ10=0.00 touch10=0.00 col10=1.00 to10=0.00 min_d= 3.54 avg_spd=2.11m/s end=collision t=   45.1s
[TRAIN][PPO] ep=029/500 r=   15.75 avg10=   10.14 steps= 271 succ10=0.00 touch10=0.00 col10=1.00 to10=0.00 min_d= 3.52 avg_spd=2.04m/s end=collision t=   47.1s
[TRAIN][PPO] ep=030/500 r=    1.65 avg10=   10.45 steps= 286 succ10=0.00 touch10=0.00 col10=1.00 to10=0.00 min_d= 3.65 avg_spd=1.85m/s end=collision t=   49.1s
[TRAIN][PPO] ep=031/500 r=   -4.10 avg10=    9.21 steps= 148 succ10=0.00 touch10=0.00 col10=1.00 to10=0.00 min_d= 3.67 avg_spd=1.81m/s end=collision t=   50.2s
[TRAIN][PPO] ep=032/500 r=   70.22 avg10=   16.33 steps= 556 succ10=0.00 touch10=0.00 col10=1.00 to10=0.00 min_d= 2.82 avg_spd=1.99m/s end=collision t=   54.5s
[TRAIN][PPO] ep=033/500 r=   12.71 avg10=   17.07 steps= 280 succ10=0.00 touch10=0.00 col10=1.00 to10=0.00 min_d= 3.62 avg_spd=1.92m/s end=collision t=   56.6s
[TRAIN][PPO] ep=034/500 r=    5.97 avg10=   10.56 steps= 171 succ10=0.00 touch10=0.00 col10=1.00 to10=0.00 min_d= 3.53 avg_spd=1.98m/s end=collision t=   57.9s
[TRAIN][PPO] ep=035/500 r=   39.67 avg10=   15.12 steps= 278 succ10=0.00 touch10=0.00 col10=1.00 to10=0.00 min_d= 3.34 avg_spd=2.00m/s end=collision t=   60.0s
[TRAIN][PPO] ep=036/500 r=    5.08 avg10=   15.01 steps= 166 succ10=0.00 touch10=0.00 col10=1.00 to10=0.00 min_d= 3.61 avg_spd=2.03m/s end=collision t=   61.4s
[TRAIN][PPO] ep=037/500 r=   67.62 avg10=   21.96 steps= 541 succ10=0.00 touch10=0.00 col10=1.00 to10=0.00 min_d= 2.72 avg_spd=2.00m/s end=collision t=   65.4s
[TRAIN][PPO] ep=038/500 r=   26.28 avg10=   24.08 steps= 278 succ10=0.00 touch10=0.00 col10=1.00 to10=0.00 min_d= 3.35 avg_spd=2.06m/s end=collision t=   67.5s
[TRAIN][PPO] ep=039/500 r=   86.99 avg10=   31.21 steps= 540 succ10=0.00 touch10=0.00 col10=1.00 to10=0.00 min_d= 2.71 avg_spd=2.04m/s end=collision t=   71.5s
[TRAIN][PPO] ep=040/500 r=   17.08 avg10=   32.75 steps= 274 succ10=0.00 touch10=0.00 col10=1.00 to10=0.00 min_d= 3.42 avg_spd=2.02m/s end=collision t=   73.6s
[TRAIN][PPO] ep=041/500 r=    2.87 avg10=   33.45 steps= 158 succ10=0.00 touch10=0.00 col10=1.00 to10=0.00 min_d= 3.55 avg_spd=2.08m/s end=collision t=   74.9s
[TRAIN][PPO] ep=042/500 r=    1.96 avg10=   26.62 steps= 161 succ10=0.00 touch10=0.00 col10=1.00 to10=0.00 min_d= 3.65 avg_spd=2.11m/s end=collision t=   76.1s
[TRAIN][PPO] ep=043/500 r=    1.55 avg10=   25.51 steps= 155 succ10=0.00 touch10=0.00 col10=1.00 to10=0.00 min_d= 3.63 avg_spd=2.06m/s end=collision t=   77.3s
[TRAIN][PPO] ep=044/500 r=    1.45 avg10=   25.05 steps= 157 succ10=0.00 touch10=0.00 col10=1.00 to10=0.00 min_d= 3.66 avg_spd=2.07m/s end=collision t=   78.7s
[TRAIN][PPO] ep=045/500 r=   79.00 avg10=   28.99 steps= 541 succ10=0.00 touch10=0.00 col10=1.00 to10=0.00 min_d= 2.70 avg_spd=2.06m/s end=collision t=   82.6s
[TRAIN][PPO] ep=046/500 r=   25.74 avg10=   31.05 steps= 277 succ10=0.00 touch10=0.00 col10=1.00 to10=0.00 min_d= 3.37 avg_spd=2.08m/s end=collision t=   84.7s
[TRAIN][PPO] ep=047/500 r=    1.73 avg10=   24.46 steps= 169 succ10=0.00 touch10=0.00 col10=1.00 to10=0.00 min_d= 3.59 avg_spd=2.08m/s end=collision t=   86.0s
[TRAIN][PPO] ep=048/500 r=   -3.91 avg10=   21.44 steps= 149 succ10=0.00 touch10=0.00 col10=1.00 to10=0.00 min_d= 3.64 avg_spd=1.80m/s end=collision t=   87.3s
[TRAIN][PPO] ep=049/500 r=    6.03 avg10=   13.35 steps= 267 succ10=0.00 touch10=0.00 col10=1.00 to10=0.00 min_d= 3.45 avg_spd=2.03m/s end=collision t=   89.2s
[TRAIN][PPO] ep=050/500 r=    9.53 avg10=   12.60 steps= 281 succ10=0.00 touch10=0.00 col10=1.00 to10=0.00 min_d= 3.62 avg_spd=1.86m/s end=collision t=   91.3s
[TRAIN][PPO] ep=051/500 r=    0.22 avg10=   12.33 steps= 157 succ10=0.00 touch10=0.00 col10=1.00 to10=0.00 min_d= 3.58 avg_spd=2.06m/s end=collision t=   92.5s
[TRAIN][PPO] ep=052/500 r=   78.60 avg10=   19.99 steps= 536 succ10=0.00 touch10=0.00 col10=1.00 to10=0.00 min_d= 2.66 avg_spd=2.04m/s end=collision t=   96.6s
[TRAIN][PPO] ep=053/500 r=    2.88 avg10=   20.13 steps= 159 succ10=0.00 touch10=0.00 col10=1.00 to10=0.00 min_d= 3.66 avg_spd=2.06m/s end=collision t=   97.8s
[TRAIN][PPO] ep=054/500 r=    7.71 avg10=   20.75 steps= 265 succ10=0.00 touch10=0.00 col10=1.00 to10=0.00 min_d= 3.46 avg_spd=2.04m/s end=collision t=   99.8s
[TRAIN][PPO] ep=055/500 r=   -1.29 avg10=   12.72 steps= 146 succ10=0.00 touch10=0.00 col10=1.00 to10=0.00 min_d= 3.57 avg_spd=2.08m/s end=collision t=  101.0s
[TRAIN][PPO] ep=056/500 r=    3.39 avg10=   10.49 steps= 158 succ10=0.00 touch10=0.00 col10=1.00 to10=0.00 min_d= 3.52 avg_spd=2.15m/s end=collision t=  102.3s
[TRAIN][PPO] ep=057/500 r=  -11.08 avg10=    9.21 steps= 137 succ10=0.00 touch10=0.00 col10=1.00 to10=0.00 min_d= 3.85 avg_spd=1.57m/s end=collision t=  103.3s
[TRAIN][PPO] ep=058/500 r=   -0.90 avg10=    9.51 steps= 148 succ10=0.00 touch10=0.00 col10=1.00 to10=0.00 min_d= 3.57 avg_spd=2.05m/s end=collision t=  104.5s
[TRAIN][PPO] ep=059/500 r=   -7.68 avg10=    8.14 steps= 144 succ10=0.00 touch10=0.00 col10=1.00 to10=0.00 min_d= 3.65 avg_spd=1.74m/s end=collision t=  105.6s
[TRAIN][PPO] ep=060/500 r=    1.52 avg10=    7.34 steps= 155 succ10=0.00 touch10=0.00 col10=1.00 to10=0.00 min_d= 3.65 avg_spd=2.10m/s end=collision t=  106.9s
[TRAIN][PPO] ep=061/500 r=    9.39 avg10=    8.25 steps= 180 succ10=0.00 touch10=0.00 col10=1.00 to10=0.00 min_d= 3.55 avg_spd=2.09m/s end=collision t=  108.2s
[TRAIN][PPO] ep=062/500 r=    3.98 avg10=    0.79 steps= 165 succ10=0.00 touch10=0.00 col10=1.00 to10=0.00 min_d= 3.55 avg_spd=2.06m/s end=collision t=  109.5s
[TRAIN][PPO] ep=063/500 r=    7.90 avg10=    1.29 steps= 183 succ10=0.00 touch10=0.00 col10=1.00 to10=0.00 min_d= 3.64 avg_spd=1.88m/s end=collision t=  110.8s
[TRAIN][PPO] ep=064/500 r=   33.17 avg10=    3.84 steps= 276 succ10=0.00 touch10=0.00 col10=1.00 to10=0.00 min_d= 3.40 avg_spd=2.08m/s end=collision t=  113.0s
[TRAIN][PPO] ep=065/500 r=   -0.16 avg10=    3.95 steps= 156 succ10=0.00 touch10=0.00 col10=1.00 to10=0.00 min_d= 3.66 avg_spd=1.88m/s end=collision t=  114.2s
[TRAIN][PPO] ep=066/500 r=    9.83 avg10=    4.60 steps= 187 succ10=0.00 touch10=0.00 col10=1.00 to10=0.00 min_d= 3.64 avg_spd=1.99m/s end=collision t=  115.5s
[TRAIN][PPO] ep=067/500 r=   -3.95 avg10=    5.31 steps= 144 succ10=0.00 touch10=0.00 col10=1.00 to10=0.00 min_d= 3.65 avg_spd=1.92m/s end=collision t=  116.6s
[TRAIN][PPO] ep=068/500 r=    3.16 avg10=    5.72 steps= 167 succ10=0.00 touch10=0.00 col10=1.00 to10=0.00 min_d= 3.65 avg_spd=2.11m/s end=collision t=  118.0s
[TRAIN][PPO] ep=069/500 r=   25.47 avg10=    9.03 steps= 278 succ10=0.00 touch10=0.00 col10=1.00 to10=0.00 min_d= 3.40 avg_spd=2.04m/s end=collision t=  120.0s
[TRAIN][PPO] ep=070/500 r=  106.29 avg10=   19.51 steps= 538 succ10=0.00 touch10=0.00 col10=1.00 to10=0.00 min_d= 2.61 avg_spd=2.01m/s end=collision t=  123.9s ckpt=best
[TRAIN][PPO] ep=071/500 r=   -2.47 avg10=   18.32 steps= 148 succ10=0.00 touch10=0.00 col10=1.00 to10=0.00 min_d= 3.66 avg_spd=2.13m/s end=collision t=  125.0s
[TRAIN][PPO] ep=072/500 r=    0.17 avg10=   17.94 steps= 151 succ10=0.00 touch10=0.00 col10=1.00 to10=0.00 min_d= 3.63 avg_spd=2.11m/s end=collision t=  126.2s
[TRAIN][PPO] ep=073/500 r=   72.21 avg10=   24.37 steps= 540 succ10=0.00 touch10=0.00 col10=1.00 to10=0.00 min_d= 2.67 avg_spd=2.08m/s end=collision t=  130.0s
[TRAIN][PPO] ep=074/500 r=    4.09 avg10=   21.46 steps= 171 succ10=0.00 touch10=0.00 col10=1.00 to10=0.00 min_d= 3.65 avg_spd=1.90m/s end=collision t=  131.2s
[TRAIN][PPO] ep=075/500 r=   82.74 avg10=   29.75 steps= 543 succ10=0.00 touch10=0.00 col10=1.00 to10=0.00 min_d= 2.66 avg_spd=1.99m/s end=collision t=  135.0s
[TRAIN][PPO] ep=076/500 r=   86.30 avg10=   37.40 steps= 539 succ10=0.00 touch10=0.00 col10=1.00 to10=0.00 min_d= 2.65 avg_spd=1.99m/s end=collision t=  138.9s
[TRAIN][PPO] ep=077/500 r=  -10.75 avg10=   36.72 steps= 143 succ10=0.00 touch10=0.00 col10=1.00 to10=0.00 min_d= 3.82 avg_spd=1.49m/s end=collision t=  139.9s
[TRAIN][PPO] ep=078/500 r=    2.79 avg10=   36.69 steps= 161 succ10=0.00 touch10=0.00 col10=1.00 to10=0.00 min_d= 3.66 avg_spd=1.97m/s end=collision t=  141.1s
[TRAIN][PPO] ep=079/500 r=   -1.76 avg10=   33.96 steps= 144 succ10=0.00 touch10=0.00 col10=1.00 to10=0.00 min_d= 3.63 avg_spd=2.09m/s end=collision t=  142.1s
[TRAIN][PPO] ep=080/500 r=    0.93 avg10=   23.42 steps= 150 succ10=0.00 touch10=0.00 col10=1.00 to10=0.00 min_d= 3.52 avg_spd=2.18m/s end=collision t=  143.4s
[TRAIN][PPO] ep=081/500 r=    2.07 avg10=   23.88 steps= 156 succ10=0.00 touch10=0.00 col10=1.00 to10=0.00 min_d= 3.65 avg_spd=2.10m/s end=collision t=  144.7s
[TRAIN][PPO] ep=082/500 r=    0.34 avg10=   23.90 steps= 161 succ10=0.00 touch10=0.00 col10=1.00 to10=0.00 min_d= 3.66 avg_spd=1.84m/s end=collision t=  146.1s
[TRAIN][PPO] ep=083/500 r=   27.25 avg10=   19.40 steps= 281 succ10=0.00 touch10=0.00 col10=1.00 to10=0.00 min_d= 3.39 avg_spd=2.08m/s end=collision t=  148.3s
[TRAIN][PPO] ep=084/500 r=   72.37 avg10=   26.23 steps= 542 succ10=0.00 touch10=0.00 col10=1.00 to10=0.00 min_d= 2.69 avg_spd=2.08m/s end=collision t=  152.9s
[TRAIN][PPO] ep=085/500 r=    1.03 avg10=   18.06 steps= 152 succ10=0.00 touch10=0.00 col10=1.00 to10=0.00 min_d= 3.64 avg_spd=2.19m/s end=collision t=  154.0s
[TRAIN][PPO] ep=086/500 r=   -1.53 avg10=    9.27 steps= 148 succ10=0.00 touch10=0.00 col10=1.00 to10=0.00 min_d= 3.57 avg_spd=1.96m/s end=collision t=  155.0s
[TRAIN][PPO] ep=087/500 r=   -0.44 avg10=   10.30 steps= 189 succ10=0.00 touch10=0.00 col10=1.00 to10=0.00 min_d= 3.64 avg_spd=2.10m/s end=collision t=  156.2s
[TRAIN][PPO] ep=088/500 r=    2.89 avg10=   10.31 steps= 159 succ10=0.00 touch10=0.00 col10=1.00 to10=0.00 min_d= 3.55 avg_spd=2.06m/s end=collision t=  157.5s
[TRAIN][PPO] ep=089/500 r=   -0.83 avg10=   10.41 steps= 146 succ10=0.00 touch10=0.00 col10=1.00 to10=0.00 min_d= 3.59 avg_spd=2.12m/s end=collision t=  158.6s
[TRAIN][PPO] ep=090/500 r=   87.71 avg10=   19.08 steps= 540 succ10=0.00 touch10=0.00 col10=1.00 to10=0.00 min_d= 2.65 avg_spd=1.98m/s end=collision t=  162.3s
[TRAIN][PPO] ep=091/500 r=   72.94 avg10=   26.17 steps= 540 succ10=0.00 touch10=0.00 col10=1.00 to10=0.00 min_d= 2.69 avg_spd=2.02m/s end=collision t=  165.8s
[TRAIN][PPO] ep=092/500 r=   90.30 avg10=   35.17 steps= 540 succ10=0.00 touch10=0.00 col10=1.00 to10=0.00 min_d= 2.66 avg_spd=1.98m/s end=collision t=  169.4s
[TRAIN][PPO] ep=093/500 r=   80.32 avg10=   40.47 steps= 541 succ10=0.00 touch10=0.00 col10=1.00 to10=0.00 min_d= 2.66 avg_spd=2.02m/s end=collision t=  172.8s
[TRAIN][PPO] ep=094/500 r=   -4.54 avg10=   32.78 steps= 139 succ10=0.00 touch10=0.00 col10=1.00 to10=0.00 min_d= 3.66 avg_spd=2.00m/s end=collision t=  173.8s
[TRAIN][PPO] ep=095/500 r=    4.21 avg10=   33.10 steps= 161 succ10=0.00 touch10=0.00 col10=1.00 to10=0.00 min_d= 3.62 avg_spd=2.12m/s end=collision t=  174.9s
[TRAIN][PPO] ep=096/500 r=    2.12 avg10=   33.47 steps= 156 succ10=0.00 touch10=0.00 col10=1.00 to10=0.00 min_d= 3.59 avg_spd=2.03m/s end=collision t=  176.1s
[TRAIN][PPO] ep=097/500 r=    6.58 avg10=   34.17 steps= 178 succ10=0.00 touch10=0.00 col10=1.00 to10=0.00 min_d= 3.64 avg_spd=1.94m/s end=collision t=  177.3s
[TRAIN][PPO] ep=098/500 r=  -28.72 avg10=   31.01 steps= 448 succ10=0.00 touch10=0.00 col10=1.00 to10=0.00 min_d= 3.61 avg_spd=1.95m/s end=collision t=  180.4s
[TRAIN][PPO] ep=099/500 r=   56.66 avg10=   36.76 steps= 557 succ10=0.00 touch10=0.00 col10=1.00 to10=0.00 min_d= 2.83 avg_spd=2.00m/s end=collision t=  184.1s
[TRAIN][PPO] ep=100/500 r=   85.77 avg10=   36.56 steps= 539 succ10=0.00 touch10=0.00 col10=1.00 to10=0.00 min_d= 2.64 avg_spd=2.00m/s end=collision t=  187.8s ckpt=latest
[TRAIN][PPO] ep=101/500 r=    2.50 avg10=   29.52 steps= 286 succ10=0.00 touch10=0.00 col10=1.00 to10=0.00 min_d= 3.65 avg_spd=1.95m/s end=collision t=  189.6s
[TRAIN][PPO] ep=102/500 r=   -1.46 avg10=   20.34 steps= 150 succ10=0.00 touch10=0.00 col10=1.00 to10=0.00 min_d= 3.66 avg_spd=2.13m/s end=collision t=  190.8s
[TRAIN][PPO] ep=103/500 r=   14.58 avg10=   13.77 steps= 290 succ10=0.00 touch10=0.00 col10=1.00 to10=0.00 min_d= 3.63 avg_spd=1.81m/s end=collision t=  193.0s
[TRAIN][PPO] ep=104/500 r=    2.53 avg10=   14.48 steps= 163 succ10=0.00 touch10=0.00 col10=1.00 to10=0.00 min_d= 3.65 avg_spd=2.10m/s end=collision t=  194.3s
[TRAIN][PPO] ep=105/500 r=    0.24 avg10=   14.08 steps= 151 succ10=0.00 touch10=0.00 col10=1.00 to10=0.00 min_d= 3.64 avg_spd=2.09m/s end=collision t=  195.3s
[TRAIN][PPO] ep=106/500 r=   84.00 avg10=   22.27 steps= 541 succ10=0.00 touch10=0.00 col10=1.00 to10=0.00 min_d= 2.68 avg_spd=2.00m/s end=collision t=  199.0s
[TRAIN][PPO] ep=107/500 r=  -18.77 avg10=   19.73 steps= 439 succ10=0.00 touch10=0.00 col10=1.00 to10=0.00 min_d= 3.63 avg_spd=1.95m/s end=collision t=  202.5s
[TRAIN][PPO] ep=108/500 r=    0.91 avg10=   22.70 steps= 156 succ10=0.00 touch10=0.00 col10=1.00 to10=0.00 min_d= 3.64 avg_spd=2.07m/s end=collision t=  203.8s
[TRAIN][PPO] ep=109/500 r=    0.16 avg10=   17.05 steps= 150 succ10=0.00 touch10=0.00 col10=1.00 to10=0.00 min_d= 3.58 avg_spd=2.03m/s end=collision t=  204.9s
[TRAIN][PPO] ep=110/500 r=    7.86 avg10=    9.26 steps= 289 succ10=0.00 touch10=0.00 col10=1.00 to10=0.00 min_d= 3.65 avg_spd=1.87m/s end=collision t=  206.7s
[TRAIN][PPO] ep=111/500 r=   73.80 avg10=   16.39 steps= 558 succ10=0.00 touch10=0.00 col10=1.00 to10=0.00 min_d= 2.82 avg_spd=1.95m/s end=collision t=  210.3s
[TRAIN][PPO] ep=112/500 r=   -0.15 avg10=   16.52 steps= 150 succ10=0.00 touch10=0.00 col10=1.00 to10=0.00 min_d= 3.64 avg_spd=2.12m/s end=collision t=  211.4s
[TRAIN][PPO] ep=113/500 r=  -35.85 avg10=   11.47 steps= 464 succ10=0.00 touch10=0.00 col10=1.00 to10=0.00 min_d= 3.64 avg_spd=1.99m/s end=collision t=  214.7s
[TRAIN][PPO] ep=114/500 r=   -2.52 avg10=   10.97 steps= 151 succ10=0.00 touch10=0.00 col10=1.00 to10=0.00 min_d= 3.63 avg_spd=2.09m/s end=collision t=  215.9s
[TRAIN][PPO] ep=115/500 r=    8.32 avg10=   11.78 steps= 184 succ10=0.00 touch10=0.00 col10=1.00 to10=0.00 min_d= 3.64 avg_spd=1.97m/s end=collision t=  217.3s
[TRAIN][PPO] ep=116/500 r=   74.13 avg10=   10.79 steps= 557 succ10=0.00 touch10=0.00 col10=1.00 to10=0.00 min_d= 2.83 avg_spd=1.97m/s end=collision t=  221.8s
[TRAIN][PPO] ep=117/500 r=    4.39 avg10=   13.10 steps= 167 succ10=0.00 touch10=0.00 col10=1.00 to10=0.00 min_d= 3.65 avg_spd=2.05m/s end=collision t=  223.0s
[TRAIN][PPO] ep=118/500 r=    5.57 avg10=   13.57 steps= 169 succ10=0.00 touch10=0.00 col10=1.00 to10=0.00 min_d= 3.56 avg_spd=2.02m/s end=collision t=  224.2s
[TRAIN][PPO] ep=119/500 r=   12.44 avg10=   14.80 steps= 269 succ10=0.00 touch10=0.00 col10=1.00 to10=0.00 min_d= 3.52 avg_spd=2.07m/s end=collision t=  225.9s
[TRAIN][PPO] ep=120/500 r=    8.92 avg10=   14.91 steps= 177 succ10=0.00 touch10=0.00 col10=1.00 to10=0.00 min_d= 3.56 avg_spd=2.12m/s end=collision t=  227.1s
[TRAIN][PPO] ep=121/500 r=    7.29 avg10=    8.25 steps= 171 succ10=0.00 touch10=0.00 col10=1.00 to10=0.00 min_d= 3.54 avg_spd=2.09m/s end=collision t=  228.2s
[TRAIN][PPO] ep=122/500 r=   16.57 avg10=    9.93 steps= 275 succ10=0.00 touch10=0.00 col10=1.00 to10=0.00 min_d= 3.42 avg_spd=2.03m/s end=collision t=  230.0s
[TRAIN][PPO] ep=123/500 r=    3.15 avg10=   13.83 steps= 162 succ10=0.00 touch10=0.00 col10=1.00 to10=0.00 min_d= 3.59 avg_spd=1.87m/s end=collision t=  231.0s
[TRAIN][PPO] ep=124/500 r=    3.35 avg10=   14.41 steps= 163 succ10=0.00 touch10=0.00 col10=1.00 to10=0.00 min_d= 3.55 avg_spd=1.96m/s end=collision t=  232.2s
[TRAIN][PPO] ep=125/500 r=    9.66 avg10=   14.55 steps= 271 succ10=0.00 touch10=0.00 col10=1.00 to10=0.00 min_d= 3.56 avg_spd=1.98m/s end=collision t=  233.9s
[TRAIN][PPO] ep=126/500 r=   30.29 avg10=   10.16 steps= 279 succ10=0.00 touch10=0.00 col10=1.00 to10=0.00 min_d= 3.39 avg_spd=2.02m/s end=collision t=  235.7s
[TRAIN][PPO] ep=127/500 r=   39.09 avg10=   13.63 steps= 280 succ10=0.00 touch10=0.00 col10=1.00 to10=0.00 min_d= 3.36 avg_spd=2.02m/s end=collision t=  237.6s
[TRAIN][PPO] ep=128/500 r=   26.64 avg10=   15.74 steps= 274 succ10=0.00 touch10=0.00 col10=1.00 to10=0.00 min_d= 3.35 avg_spd=2.06m/s end=collision t=  239.6s
[TRAIN][PPO] ep=129/500 r=    1.81 avg10=   14.68 steps= 157 succ10=0.00 touch10=0.00 col10=1.00 to10=0.00 min_d= 3.66 avg_spd=2.00m/s end=collision t=  240.7s
[TRAIN][PPO] ep=130/500 r=  -23.90 avg10=   11.39 steps= 455 succ10=0.00 touch10=0.00 col10=1.00 to10=0.00 min_d= 3.62 avg_spd=1.98m/s end=collision t=  244.1s
[TRAIN][PPO] ep=131/500 r=   21.75 avg10=   12.84 steps= 279 succ10=0.00 touch10=0.00 col10=1.00 to10=0.00 min_d= 3.39 avg_spd=2.02m/s end=collision t=  246.3s
[TRAIN][PPO] ep=132/500 r=  -16.23 avg10=    9.56 steps= 131 succ10=0.00 touch10=0.00 col10=1.00 to10=0.00 min_d= 3.84 avg_spd=1.43m/s end=collision t=  247.4s
[TRAIN][PPO] ep=133/500 r=   14.56 avg10=   10.70 steps= 274 succ10=0.00 touch10=0.00 col10=1.00 to10=0.00 min_d= 3.51 avg_spd=2.04m/s end=collision t=  249.2s
[TRAIN][PPO] ep=134/500 r=   22.99 avg10=   12.67 steps= 276 succ10=0.00 touch10=0.00 col10=1.00 to10=0.00 min_d= 3.50 avg_spd=1.98m/s end=collision t=  251.2s
[TRAIN][PPO] ep=135/500 r=    2.16 avg10=   11.92 steps= 165 succ10=0.00 touch10=0.00 col10=1.00 to10=0.00 min_d= 3.65 avg_spd=1.86m/s end=collision t=  252.5s
[TRAIN][PPO] ep=136/500 r=  -12.34 avg10=    7.65 steps= 133 succ10=0.00 touch10=0.00 col10=1.00 to10=0.00 min_d= 3.78 avg_spd=1.54m/s end=collision t=  253.5s
[TRAIN][PPO] ep=137/500 r=  -38.92 avg10=   -0.15 steps= 450 succ10=0.00 touch10=0.00 col10=1.00 to10=0.00 min_d= 3.65 avg_spd=1.97m/s end=collision t=  256.4s
[TRAIN][PPO] ep=138/500 r=   -7.75 avg10=   -3.59 steps= 142 succ10=0.00 touch10=0.00 col10=1.00 to10=0.00 min_d= 3.78 avg_spd=1.69m/s end=collision t=  257.3s
[TRAIN][PPO] ep=139/500 r=    6.65 avg10=   -3.10 steps= 176 succ10=0.00 touch10=0.00 col10=1.00 to10=0.00 min_d= 3.65 avg_spd=2.05m/s end=collision t=  258.5s
[TRAIN][PPO] ep=140/500 r=   78.46 avg10=    7.13 steps= 538 succ10=0.00 touch10=0.00 col10=1.00 to10=0.00 min_d= 2.65 avg_spd=2.01m/s end=collision t=  262.7s
[TRAIN][PPO] ep=141/500 r=    1.72 avg10=    5.13 steps= 155 succ10=0.00 touch10=0.00 col10=1.00 to10=0.00 min_d= 3.65 avg_spd=2.06m/s end=collision t=  263.8s
[TRAIN][PPO] ep=142/500 r=    0.98 avg10=    6.85 steps= 159 succ10=0.00 touch10=0.00 col10=1.00 to10=0.00 min_d= 3.52 avg_spd=2.01m/s end=collision t=  265.1s
[TRAIN][PPO] ep=143/500 r=   -1.05 avg10=    5.29 steps= 149 succ10=0.00 touch10=0.00 col10=1.00 to10=0.00 min_d= 3.65 avg_spd=2.08m/s end=collision t=  266.2s
[TRAIN][PPO] ep=144/500 r=    1.35 avg10=    3.13 steps= 153 succ10=0.00 touch10=0.00 col10=1.00 to10=0.00 min_d= 3.62 avg_spd=2.10m/s end=collision t=  267.5s
[TRAIN][PPO] ep=145/500 r=   -0.14 avg10=    2.90 steps= 153 succ10=0.00 touch10=0.00 col10=1.00 to10=0.00 min_d= 3.65 avg_spd=1.97m/s end=collision t=  268.7s
[TRAIN][PPO] ep=146/500 r=    2.97 avg10=    4.43 steps= 159 succ10=0.00 touch10=0.00 col10=1.00 to10=0.00 min_d= 3.55 avg_spd=2.03m/s end=collision t=  269.9s
[TRAIN][PPO] ep=147/500 r=   -4.34 avg10=    7.89 steps= 152 succ10=0.00 touch10=0.00 col10=1.00 to10=0.00 min_d= 3.64 avg_spd=1.77m/s end=collision t=  271.2s
[TRAIN][PPO] ep=148/500 r=    2.95 avg10=    8.96 steps= 190 succ10=0.00 touch10=0.00 col10=1.00 to10=0.00 min_d= 3.61 avg_spd=1.99m/s end=collision t=  272.7s
[TRAIN][PPO] ep=149/500 r=    5.04 avg10=    8.79 steps= 265 succ10=0.00 touch10=0.00 col10=1.00 to10=0.00 min_d= 3.46 avg_spd=1.96m/s end=collision t=  274.5s
[TRAIN][PPO] ep=150/500 r=    2.93 avg10=    1.24 steps= 164 succ10=0.00 touch10=0.00 col10=1.00 to10=0.00 min_d= 3.65 avg_spd=1.92m/s end=collision t=  275.7s
[TRAIN][PPO] ep=151/500 r=    5.87 avg10=    1.66 steps= 173 succ10=0.00 touch10=0.00 col10=1.00 to10=0.00 min_d= 3.65 avg_spd=1.97m/s end=collision t=  277.0s
[TRAIN][PPO] ep=152/500 r=    2.41 avg10=    1.80 steps= 163 succ10=0.00 touch10=0.00 col10=1.00 to10=0.00 min_d= 3.56 avg_spd=2.02m/s end=collision t=  278.4s
[TRAIN][PPO] ep=153/500 r=    6.03 avg10=    2.51 steps= 168 succ10=0.00 touch10=0.00 col10=1.00 to10=0.00 min_d= 3.51 avg_spd=2.01m/s end=collision t=  279.6s
[TRAIN][PPO] ep=154/500 r=    2.23 avg10=    2.59 steps= 163 succ10=0.00 touch10=0.00 col10=1.00 to10=0.00 min_d= 3.65 avg_spd=1.91m/s end=collision t=  280.8s
[TRAIN][PPO] ep=155/500 r=    7.18 avg10=    3.33 steps= 178 succ10=0.00 touch10=0.00 col10=1.00 to10=0.00 min_d= 3.64 avg_spd=1.96m/s end=collision t=  282.0s
[TRAIN][PPO] ep=156/500 r=   56.10 avg10=    8.64 steps= 536 succ10=0.00 touch10=0.00 col10=1.00 to10=0.00 min_d= 2.79 avg_spd=1.98m/s end=collision t=  285.8s
[TRAIN][PPO] ep=157/500 r=   19.95 avg10=   11.07 steps= 273 succ10=0.00 touch10=0.00 col10=1.00 to10=0.00 min_d= 3.37 avg_spd=2.04m/s end=collision t=  287.6s
[TRAIN][PPO] ep=158/500 r=   70.51 avg10=   17.82 steps= 541 succ10=0.00 touch10=0.00 col10=1.00 to10=0.00 min_d= 2.73 avg_spd=1.98m/s end=collision t=  291.0s
[TRAIN][PPO] ep=159/500 r=   66.48 avg10=   23.97 steps= 535 succ10=0.00 touch10=0.00 col10=1.00 to10=0.00 min_d= 2.71 avg_spd=1.98m/s end=collision t=  294.6s
[TRAIN][PPO] ep=160/500 r=   -5.50 avg10=   23.13 steps= 147 succ10=0.00 touch10=0.00 col10=1.00 to10=0.00 min_d= 3.79 avg_spd=1.70m/s end=collision t=  295.8s
[TRAIN][PPO] ep=161/500 r=   -1.90 avg10=   22.35 steps= 144 succ10=0.00 touch10=0.00 col10=1.00 to10=0.00 min_d= 3.64 avg_spd=2.07m/s end=collision t=  296.7s
[TRAIN][PPO] ep=162/500 r=   -0.59 avg10=   22.05 steps= 264 succ10=0.00 touch10=0.00 col10=1.00 to10=0.00 min_d= 3.60 avg_spd=1.92m/s end=collision t=  298.4s
[TRAIN][PPO] ep=163/500 r=    0.25 avg10=   21.47 steps= 150 succ10=0.00 touch10=0.00 col10=1.00 to10=0.00 min_d= 3.60 avg_spd=2.06m/s end=collision t=  299.4s
[TRAIN][PPO] ep=164/500 r=   76.30 avg10=   28.88 steps= 541 succ10=0.00 touch10=0.00 col10=1.00 to10=0.00 min_d= 2.69 avg_spd=2.00m/s end=collision t=  303.5s
[TRAIN][PPO] ep=165/500 r=    0.09 avg10=   28.17 steps= 151 succ10=0.00 touch10=0.00 col10=1.00 to10=0.00 min_d= 3.66 avg_spd=2.02m/s end=collision t=  304.5s
[TRAIN][PPO] ep=166/500 r=    1.31 avg10=   22.69 steps= 157 succ10=0.00 touch10=0.00 col10=1.00 to10=0.00 min_d= 3.66 avg_spd=1.99m/s end=collision t=  305.6s
[TRAIN][PPO] ep=167/500 r=   37.12 avg10=   24.41 steps= 279 succ10=0.00 touch10=0.00 col10=1.00 to10=0.00 min_d= 3.38 avg_spd=2.02m/s end=collision t=  307.7s
[TRAIN][PPO] ep=168/500 r=    9.69 avg10=   18.32 steps= 265 succ10=0.00 touch10=0.00 col10=1.00 to10=0.00 min_d= 3.54 avg_spd=2.00m/s end=collision t=  309.9s
[TRAIN][PPO] ep=169/500 r=    6.31 avg10=   12.31 steps= 175 succ10=0.00 touch10=0.00 col10=1.00 to10=0.00 min_d= 3.65 avg_spd=2.04m/s end=collision t=  311.1s
[TRAIN][PPO] ep=170/500 r=    1.02 avg10=   12.96 steps= 164 succ10=0.00 touch10=0.00 col10=1.00 to10=0.00 min_d= 3.65 avg_spd=2.07m/s end=collision t=  312.2s
[TRAIN][PPO] ep=171/500 r=   74.76 avg10=   20.63 steps= 554 succ10=0.00 touch10=0.00 col10=1.00 to10=0.00 min_d= 2.79 avg_spd=1.97m/s end=collision t=  316.5s
[TRAIN][PPO] ep=172/500 r=    0.97 avg10=   20.78 steps= 155 succ10=0.00 touch10=0.00 col10=1.00 to10=0.00 min_d= 3.66 avg_spd=2.03m/s end=collision t=  317.9s
[TRAIN][PPO] ep=173/500 r=    0.94 avg10=   20.85 steps= 154 succ10=0.00 touch10=0.00 col10=1.00 to10=0.00 min_d= 3.56 avg_spd=1.95m/s end=collision t=  319.1s
[TRAIN][PPO] ep=174/500 r=   -6.03 avg10=   12.62 steps= 153 succ10=0.00 touch10=0.00 col10=1.00 to10=0.00 min_d= 3.80 avg_spd=1.63m/s end=collision t=  320.2s
[TRAIN][PPO] ep=175/500 r=   14.86 avg10=   14.10 steps= 276 succ10=0.00 touch10=0.00 col10=1.00 to10=0.00 min_d= 3.50 avg_spd=1.99m/s end=collision t=  322.2s
[TRAIN][PPO] ep=176/500 r=  -12.20 avg10=   12.74 steps= 139 succ10=0.00 touch10=0.00 col10=1.00 to10=0.00 min_d= 3.86 avg_spd=1.47m/s end=collision t=  323.4s
[TRAIN][PPO] ep=177/500 r=   -1.07 avg10=    8.92 steps= 151 succ10=0.00 touch10=0.00 col10=1.00 to10=0.00 min_d= 3.66 avg_spd=1.95m/s end=collision t=  324.5s
[TRAIN][PPO] ep=178/500 r=   -0.45 avg10=    7.91 steps= 151 succ10=0.00 touch10=0.00 col10=1.00 to10=0.00 min_d= 3.66 avg_spd=2.08m/s end=collision t=  325.7s
[TRAIN][PPO] ep=179/500 r=    8.62 avg10=    8.14 steps= 275 succ10=0.00 touch10=0.00 col10=1.00 to10=0.00 min_d= 3.49 avg_spd=1.96m/s end=collision t=  327.8s
[TRAIN][PPO] ep=180/500 r=    5.26 avg10=    8.57 steps= 167 succ10=0.00 touch10=0.00 col10=1.00 to10=0.00 min_d= 3.65 avg_spd=2.04m/s end=collision t=  329.1s
[TRAIN][PPO] ep=181/500 r=   -2.48 avg10=    0.84 steps= 158 succ10=0.00 touch10=0.00 col10=1.00 to10=0.00 min_d= 3.66 avg_spd=1.78m/s end=collision t=  330.3s
[TRAIN][PPO] ep=182/500 r=    3.13 avg10=    1.06 steps= 159 succ10=0.00 touch10=0.00 col10=1.00 to10=0.00 min_d= 3.55 avg_spd=2.04m/s end=collision t=  331.6s
[TRAIN][PPO] ep=183/500 r=   37.19 avg10=    4.68 steps= 288 succ10=0.00 touch10=0.00 col10=1.00 to10=0.00 min_d= 3.51 avg_spd=1.83m/s end=collision t=  333.8s
[TRAIN][PPO] ep=184/500 r=   -0.47 avg10=    5.24 steps= 150 succ10=0.00 touch10=0.00 col10=1.00 to10=0.00 min_d= 3.63 avg_spd=2.03m/s end=collision t=  335.0s
[TRAIN][PPO] ep=185/500 r=    9.33 avg10=    4.69 steps= 183 succ10=0.00 touch10=0.00 col10=1.00 to10=0.00 min_d= 3.64 avg_spd=1.99m/s end=collision t=  336.3s
[TRAIN][PPO] ep=186/500 r=    9.59 avg10=    6.87 steps= 180 succ10=0.00 touch10=0.00 col10=1.00 to10=0.00 min_d= 3.52 avg_spd=1.99m/s end=collision t=  337.5s
[TRAIN][PPO] ep=187/500 r=   11.78 avg10=    8.15 steps= 268 succ10=0.00 touch10=0.00 col10=1.00 to10=0.00 min_d= 3.56 avg_spd=1.98m/s end=collision t=  339.3s
[TRAIN][PPO] ep=188/500 r=    5.14 avg10=    8.71 steps= 164 succ10=0.00 touch10=0.00 col10=1.00 to10=0.00 min_d= 3.55 avg_spd=2.09m/s end=collision t=  340.5s
[TRAIN][PPO] ep=189/500 r=  -21.83 avg10=    5.66 steps= 256 succ10=0.00 touch10=0.00 col10=1.00 to10=0.00 min_d= 3.62 avg_spd=1.88m/s end=collision t=  342.2s
[TRAIN][PPO] ep=190/500 r=   -8.47 avg10=    4.29 steps= 136 succ10=0.00 touch10=0.00 col10=1.00 to10=0.00 min_d= 3.68 avg_spd=1.71m/s end=collision t=  343.1s
[TRAIN][PPO] ep=191/500 r=    1.80 avg10=    4.72 steps= 156 succ10=0.00 touch10=0.00 col10=1.00 to10=0.00 min_d= 3.62 avg_spd=2.02m/s end=collision t=  344.1s
[TRAIN][PPO] ep=192/500 r=    2.63 avg10=    4.67 steps= 158 succ10=0.00 touch10=0.00 col10=1.00 to10=0.00 min_d= 3.64 avg_spd=2.07m/s end=collision t=  345.4s
[TRAIN][PPO] ep=193/500 r=   70.70 avg10=    8.02 steps= 546 succ10=0.00 touch10=0.00 col10=1.00 to10=0.00 min_d= 2.72 avg_spd=1.96m/s end=collision t=  348.9s
[TRAIN][PPO] ep=194/500 r=   -3.53 avg10=    7.72 steps= 141 succ10=0.00 touch10=0.00 col10=1.00 to10=0.00 min_d= 3.66 avg_spd=2.02m/s end=collision t=  349.8s
[TRAIN][PPO] ep=195/500 r=  -10.86 avg10=    5.70 steps= 136 succ10=0.00 touch10=0.00 col10=1.00 to10=0.00 min_d= 3.83 avg_spd=1.52m/s end=collision t=  350.8s
[TRAIN][PPO] ep=196/500 r=   22.44 avg10=    6.98 steps= 273 succ10=0.00 touch10=0.00 col10=1.00 to10=0.00 min_d= 3.51 avg_spd=1.99m/s end=collision t=  352.8s
[TRAIN][PPO] ep=197/500 r=   79.69 avg10=   13.77 steps= 544 succ10=0.00 touch10=0.00 col10=1.00 to10=0.00 min_d= 2.68 avg_spd=2.00m/s end=collision t=  356.4s
[TRAIN][PPO] ep=198/500 r=    2.89 avg10=   13.55 steps= 160 succ10=0.00 touch10=0.00 col10=1.00 to10=0.00 min_d= 3.62 avg_spd=2.01m/s end=collision t=  357.5s
[TRAIN][PPO] ep=199/500 r=    1.82 avg10=   15.91 steps= 275 succ10=0.00 touch10=0.00 col10=1.00 to10=0.00 min_d= 3.57 avg_spd=1.92m/s end=collision t=  359.3s
[TRAIN][PPO] ep=200/500 r=    1.21 avg10=   16.88 steps= 161 succ10=0.00 touch10=0.00 col10=1.00 to10=0.00 min_d= 3.65 avg_spd=2.07m/s end=collision t=  360.6s ckpt=latest
[TRAIN][PPO] ep=201/500 r=    1.95 avg10=   16.90 steps= 156 succ10=0.00 touch10=0.00 col10=1.00 to10=0.00 min_d= 3.65 avg_spd=2.11m/s end=collision t=  361.6s
[TRAIN][PPO] ep=202/500 r=   -1.23 avg10=   16.51 steps= 147 succ10=0.00 touch10=0.00 col10=1.00 to10=0.00 min_d= 3.67 avg_spd=2.03m/s end=collision t=  362.5s
[TRAIN][PPO] ep=203/500 r=   -0.71 avg10=    9.37 steps= 149 succ10=0.00 touch10=0.00 col10=1.00 to10=0.00 min_d= 3.66 avg_spd=1.99m/s end=collision t=  363.6s
[TRAIN][PPO] ep=204/500 r=   -6.05 avg10=    9.11 steps= 146 succ10=0.00 touch10=0.00 col10=1.00 to10=0.00 min_d= 3.67 avg_spd=1.61m/s end=collision t=  364.7s
[TRAIN][PPO] ep=205/500 r=    1.49 avg10=   10.35 steps= 158 succ10=0.00 touch10=0.00 col10=1.00 to10=0.00 min_d= 3.61 avg_spd=2.06m/s end=collision t=  365.7s
[TRAIN][PPO] ep=206/500 r=    5.77 avg10=    8.68 steps= 167 succ10=0.00 touch10=0.00 col10=1.00 to10=0.00 min_d= 3.57 avg_spd=2.06m/s end=collision t=  366.8s
[TRAIN][PPO] ep=207/500 r=   -5.46 avg10=    0.17 steps= 265 succ10=0.00 touch10=0.00 col10=1.00 to10=0.00 min_d= 3.59 avg_spd=1.83m/s end=collision t=  368.5s
[TRAIN][PPO] ep=208/500 r=   77.12 avg10=    7.59 steps= 546 succ10=0.00 touch10=0.00 col10=1.00 to10=0.00 min_d= 2.72 avg_spd=1.97m/s end=collision t=  372.1s
[TRAIN][PPO] ep=209/500 r=    0.63 avg10=    7.47 steps= 166 succ10=0.00 touch10=0.00 col10=1.00 to10=0.00 min_d= 3.65 avg_spd=1.73m/s end=collision t=  373.2s
[TRAIN][PPO] ep=210/500 r=    9.82 avg10=    8.33 steps= 187 succ10=0.00 touch10=0.00 col10=1.00 to10=0.00 min_d= 3.64 avg_spd=2.00m/s end=collision t=  374.4s
[TRAIN][PPO] ep=211/500 r=  -14.63 avg10=    6.67 steps= 261 succ10=0.00 touch10=0.00 col10=1.00 to10=0.00 min_d= 3.64 avg_spd=1.93m/s end=collision t=  376.1s
[TRAIN][PPO] ep=212/500 r=    2.47 avg10=    7.04 steps= 160 succ10=0.00 touch10=0.00 col10=1.00 to10=0.00 min_d= 3.66 avg_spd=2.07m/s end=collision t=  377.3s
[TRAIN][PPO] ep=213/500 r=  -26.45 avg10=    4.47 steps= 257 succ10=0.00 touch10=0.00 col10=1.00 to10=0.00 min_d= 3.66 avg_spd=1.98m/s end=collision t=  379.0s
[TRAIN][PPO] ep=214/500 r=   74.48 avg10=   12.52 steps= 545 succ10=0.00 touch10=0.00 col10=1.00 to10=0.00 min_d= 2.68 avg_spd=1.99m/s end=collision t=  382.9s
[TRAIN][PPO] ep=215/500 r=    2.67 avg10=   12.64 steps= 161 succ10=0.00 touch10=0.00 col10=1.00 to10=0.00 min_d= 3.65 avg_spd=2.04m/s end=collision t=  384.2s
[TRAIN][PPO] ep=216/500 r=    2.01 avg10=   12.27 steps= 155 succ10=0.00 touch10=0.00 col10=1.00 to10=0.00 min_d= 3.53 avg_spd=2.08m/s end=collision t=  385.5s
[TRAIN][PPO] ep=217/500 r=    3.07 avg10=   13.12 steps= 170 succ10=0.00 touch10=0.00 col10=1.00 to10=0.00 min_d= 3.65 avg_spd=1.78m/s end=collision t=  386.8s
[TRAIN][PPO] ep=218/500 r=   -1.26 avg10=    5.28 steps= 146 succ10=0.00 touch10=0.00 col10=1.00 to10=0.00 min_d= 3.58 avg_spd=2.01m/s end=collision t=  387.9s
[TRAIN][PPO] ep=219/500 r=    4.68 avg10=    5.69 steps= 274 succ10=0.00 touch10=0.00 col10=1.00 to10=0.00 min_d= 3.59 avg_spd=1.97m/s end=collision t=  389.9s
[TRAIN][PPO] ep=220/500 r=    5.53 avg10=    5.26 steps= 187 succ10=0.00 touch10=0.00 col10=1.00 to10=0.00 min_d= 3.64 avg_spd=1.81m/s end=collision t=  391.3s
[TRAIN][PPO] ep=221/500 r=    1.61 avg10=    6.88 steps= 156 succ10=0.00 touch10=0.00 col10=1.00 to10=0.00 min_d= 3.66 avg_spd=1.99m/s end=collision t=  392.4s
[TRAIN][PPO] ep=222/500 r=    0.98 avg10=    6.73 steps= 158 succ10=0.00 touch10=0.00 col10=1.00 to10=0.00 min_d= 3.58 avg_spd=1.97m/s end=collision t=  393.5s
[TRAIN][PPO] ep=223/500 r=    1.39 avg10=    9.51 steps= 154 succ10=0.00 touch10=0.00 col10=1.00 to10=0.00 min_d= 3.58 avg_spd=2.02m/s end=collision t=  394.6s
[TRAIN][PPO] ep=224/500 r=   -1.53 avg10=    1.91 steps= 159 succ10=0.00 touch10=0.00 col10=1.00 to10=0.00 min_d= 3.59 avg_spd=2.00m/s end=collision t=  395.7s
[TRAIN][PPO] ep=225/500 r=    6.17 avg10=    2.26 steps= 168 succ10=0.00 touch10=0.00 col10=1.00 to10=0.00 min_d= 3.53 avg_spd=2.04m/s end=collision t=  396.8s
[TRAIN][PPO] ep=226/500 r=    4.69 avg10=    2.53 steps= 168 succ10=0.00 touch10=0.00 col10=1.00 to10=0.00 min_d= 3.65 avg_spd=2.01m/s end=collision t=  397.9s
[TRAIN][PPO] ep=227/500 r=   -2.64 avg10=    1.96 steps= 149 succ10=0.00 touch10=0.00 col10=1.00 to10=0.00 min_d= 3.66 avg_spd=2.02m/s end=collision t=  399.0s
[TRAIN][PPO] ep=228/500 r=    3.34 avg10=    2.42 steps= 170 succ10=0.00 touch10=0.00 col10=1.00 to10=0.00 min_d= 3.63 avg_spd=2.05m/s end=collision t=  400.3s
[TRAIN][PPO] ep=229/500 r=   -1.91 avg10=    1.76 steps= 155 succ10=0.00 touch10=0.00 col10=1.00 to10=0.00 min_d= 3.63 avg_spd=1.85m/s end=collision t=  401.3s
[TRAIN][PPO] ep=230/500 r=    0.42 avg10=    1.25 steps= 151 succ10=0.00 touch10=0.00 col10=1.00 to10=0.00 min_d= 3.55 avg_spd=2.06m/s end=collision t=  402.3s
[TRAIN][PPO] ep=231/500 r=   -0.84 avg10=    1.01 steps= 148 succ10=0.00 touch10=0.00 col10=1.00 to10=0.00 min_d= 3.65 avg_spd=2.02m/s end=collision t=  403.3s
[TRAIN][PPO] ep=232/500 r=    2.92 avg10=    1.20 steps= 162 succ10=0.00 touch10=0.00 col10=1.00 to10=0.00 min_d= 3.65 avg_spd=2.02m/s end=collision t=  404.5s
[TRAIN][PPO] ep=233/500 r=   -1.78 avg10=    0.88 steps= 149 succ10=0.00 touch10=0.00 col10=1.00 to10=0.00 min_d= 3.60 avg_spd=1.86m/s end=collision t=  405.5s
[TRAIN][PPO] ep=234/500 r=   -3.20 avg10=    0.72 steps= 152 succ10=0.00 touch10=0.00 col10=1.00 to10=0.00 min_d= 3.76 avg_spd=1.82m/s end=collision t=  406.5s
[TRAIN][PPO] ep=235/500 r=   -9.86 avg10=   -0.89 steps= 142 succ10=0.00 touch10=0.00 col10=1.00 to10=0.00 min_d= 3.86 avg_spd=1.43m/s end=collision t=  407.4s
[TRAIN][PPO] ep=236/500 r=    8.46 avg10=   -0.51 steps= 283 succ10=0.00 touch10=0.00 col10=1.00 to10=0.00 min_d= 3.64 avg_spd=1.85m/s end=collision t=  409.4s
[TRAIN][PPO] ep=237/500 r=    0.12 avg10=   -0.23 steps= 151 succ10=0.00 touch10=0.00 col10=1.00 to10=0.00 min_d= 3.62 avg_spd=1.96m/s end=collision t=  410.3s
[TRAIN][PPO] ep=238/500 r=    6.14 avg10=    0.05 steps= 173 succ10=0.00 touch10=0.00 col10=1.00 to10=0.00 min_d= 3.65 avg_spd=1.97m/s end=collision t=  411.4s
[TRAIN][PPO] ep=239/500 r=    6.29 avg10=    0.87 steps= 179 succ10=0.00 touch10=0.00 col10=1.00 to10=0.00 min_d= 3.54 avg_spd=2.04m/s end=collision t=  412.7s
[TRAIN][PPO] ep=240/500 r=   -3.74 avg10=    0.45 steps= 156 succ10=0.00 touch10=0.00 col10=1.00 to10=0.00 min_d= 3.66 avg_spd=1.70m/s end=collision t=  413.9s
[TRAIN][PPO] ep=241/500 r=  -16.14 avg10=   -1.08 steps= 265 succ10=0.00 touch10=0.00 col10=1.00 to10=0.00 min_d= 3.61 avg_spd=1.85m/s end=collision t=  415.8s
[TRAIN][PPO] ep=242/500 r=   19.41 avg10=    0.57 steps= 273 succ10=0.00 touch10=0.00 col10=1.00 to10=0.00 min_d= 3.46 avg_spd=1.90m/s end=collision t=  417.8s
[TRAIN][PPO] ep=243/500 r=    0.91 avg10=    0.84 steps= 155 succ10=0.00 touch10=0.00 col10=1.00 to10=0.00 min_d= 3.66 avg_spd=1.92m/s end=collision t=  418.9s
[TRAIN][PPO] ep=244/500 r=   -0.62 avg10=    1.10 steps= 150 succ10=0.00 touch10=0.00 col10=1.00 to10=0.00 min_d= 3.66 avg_spd=2.03m/s end=collision t=  420.2s
[TRAIN][PPO] ep=245/500 r=    1.47 avg10=    2.23 steps= 155 succ10=0.00 touch10=0.00 col10=1.00 to10=0.00 min_d= 3.58 avg_spd=1.97m/s end=collision t=  421.4s
[TRAIN][PPO] ep=246/500 r=   -9.34 avg10=    0.45 steps= 141 succ10=0.00 touch10=0.00 col10=1.00 to10=0.00 min_d= 3.84 avg_spd=1.52m/s end=collision t=  422.3s
[TRAIN][PPO] ep=247/500 r=   -7.46 avg10=   -0.31 steps= 143 succ10=0.00 touch10=0.00 col10=1.00 to10=0.00 min_d= 3.67 avg_spd=1.64m/s end=collision t=  423.4s
[TRAIN][PPO] ep=248/500 r=    0.33 avg10=   -0.89 steps= 273 succ10=0.00 touch10=0.00 col10=1.00 to10=0.00 min_d= 3.55 avg_spd=1.93m/s end=collision t=  425.5s
[TRAIN][PPO] ep=249/500 r=   77.28 avg10=    6.21 steps= 557 succ10=0.00 touch10=0.00 col10=1.00 to10=0.00 min_d= 2.81 avg_spd=1.94m/s end=collision t=  429.5s
[TRAIN][PPO] ep=250/500 r=   -9.76 avg10=    5.61 steps= 266 succ10=0.00 touch10=0.00 col10=1.00 to10=0.00 min_d= 3.65 avg_spd=1.93m/s end=collision t=  431.5s
[TRAIN][PPO] ep=251/500 r=   14.73 avg10=    8.69 steps= 273 succ10=0.00 touch10=0.00 col10=1.00 to10=0.00 min_d= 3.47 avg_spd=2.01m/s end=collision t=  433.5s
[TRAIN][PPO] ep=252/500 r=  -45.48 avg10=    2.21 steps= 437 succ10=0.00 touch10=0.00 col10=1.00 to10=0.00 min_d= 3.69 avg_spd=1.98m/s end=collision t=  436.9s
[TRAIN][PPO] ep=253/500 r=    1.81 avg10=    2.30 steps= 156 succ10=0.00 touch10=0.00 col10=1.00 to10=0.00 min_d= 3.65 avg_spd=1.95m/s end=collision t=  438.0s
[TRAIN][PPO] ep=254/500 r=    1.33 avg10=    2.49 steps= 271 succ10=0.00 touch10=0.00 col10=1.00 to10=0.00 min_d= 3.57 avg_spd=1.94m/s end=collision t=  439.7s
[TRAIN][PPO] ep=255/500 r=   37.12 avg10=    6.06 steps= 277 succ10=0.00 touch10=0.00 col10=1.00 to10=0.00 min_d= 3.34 avg_spd=1.89m/s end=collision t=  441.4s
[TRAIN][PPO] ep=256/500 r=   81.14 avg10=   15.10 steps= 545 succ10=0.00 touch10=0.00 col10=1.00 to10=0.00 min_d= 2.72 avg_spd=1.95m/s end=collision t=  444.9s
[TRAIN][PPO] ep=257/500 r=   -6.39 avg10=   15.21 steps= 144 succ10=0.00 touch10=0.00 col10=1.00 to10=0.00 min_d= 3.77 avg_spd=1.70m/s end=collision t=  445.9s
[TRAIN][PPO] ep=258/500 r=    0.31 avg10=   15.21 steps= 150 succ10=0.00 touch10=0.00 col10=1.00 to10=0.00 min_d= 3.54 avg_spd=2.04m/s end=collision t=  447.0s
[TRAIN][PPO] ep=259/500 r=   12.90 avg10=    8.77 steps= 273 succ10=0.00 touch10=0.00 col10=1.00 to10=0.00 min_d= 3.50 avg_spd=1.98m/s end=collision t=  449.0s
[TRAIN][PPO] ep=260/500 r=   18.43 avg10=   11.59 steps= 276 succ10=0.00 touch10=0.00 col10=1.00 to10=0.00 min_d= 3.52 avg_spd=2.00m/s end=collision t=  450.8s
[TRAIN][PPO] ep=261/500 r=   -5.57 avg10=    9.56 steps= 145 succ10=0.00 touch10=0.00 col10=1.00 to10=0.00 min_d= 3.67 avg_spd=1.73m/s end=collision t=  451.8s
[TRAIN][PPO] ep=262/500 r=   -0.22 avg10=   14.09 steps= 151 succ10=0.00 touch10=0.00 col10=1.00 to10=0.00 min_d= 3.66 avg_spd=2.03m/s end=collision t=  452.8s
[TRAIN][PPO] ep=263/500 r=  -41.84 avg10=    9.72 steps= 473 succ10=0.00 touch10=0.00 col10=1.00 to10=0.00 min_d= 3.64 avg_spd=2.00m/s end=collision t=  456.3s
[TRAIN][PPO] ep=264/500 r=    3.35 avg10=    9.92 steps= 272 succ10=0.00 touch10=0.00 col10=1.00 to10=0.00 min_d= 3.53 avg_spd=1.96m/s end=collision t=  458.5s
[TRAIN][PPO] ep=265/500 r=    1.20 avg10=    6.33 steps= 158 succ10=0.00 touch10=0.00 col10=1.00 to10=0.00 min_d= 3.56 avg_spd=1.91m/s end=collision t=  459.6s
[TRAIN][PPO] ep=266/500 r=   -6.78 avg10=   -2.46 steps= 149 succ10=0.00 touch10=0.00 col10=1.00 to10=0.00 min_d= 3.78 avg_spd=1.58m/s end=collision t=  460.7s
[TRAIN][PPO] ep=267/500 r=   -2.23 avg10=   -2.05 steps= 144 succ10=0.00 touch10=0.00 col10=1.00 to10=0.00 min_d= 3.63 avg_spd=1.94m/s end=collision t=  461.7s
[TRAIN][PPO] ep=268/500 r=   -5.31 avg10=   -2.61 steps= 263 succ10=0.00 touch10=0.00 col10=1.00 to10=0.00 min_d= 3.56 avg_spd=1.89m/s end=collision t=  463.5s
[TRAIN][PPO] ep=269/500 r=   27.14 avg10=   -1.18 steps= 277 succ10=0.00 touch10=0.00 col10=1.00 to10=0.00 min_d= 3.45 avg_spd=1.95m/s end=collision t=  465.6s
[TRAIN][PPO] ep=270/500 r=    0.12 avg10=   -3.01 steps= 154 succ10=0.00 touch10=0.00 col10=1.00 to10=0.00 min_d= 3.66 avg_spd=1.97m/s end=collision t=  466.8s
[TRAIN][PPO] ep=271/500 r=   -6.21 avg10=   -3.08 steps= 136 succ10=0.00 touch10=0.00 col10=1.00 to10=0.00 min_d= 3.64 avg_spd=1.88m/s end=collision t=  467.7s
[TRAIN][PPO] ep=272/500 r=    2.49 avg10=   -2.81 steps= 170 succ10=0.00 touch10=0.00 col10=1.00 to10=0.00 min_d= 3.62 avg_spd=2.08m/s end=collision t=  468.9s
[TRAIN][PPO] ep=273/500 r=   -7.71 avg10=    0.61 steps= 149 succ10=0.00 touch10=0.00 col10=1.00 to10=0.00 min_d= 3.76 avg_spd=1.60m/s end=collision t=  469.9s
[TRAIN][PPO] ep=274/500 r=  -40.99 avg10=   -3.83 steps= 431 succ10=0.00 touch10=0.00 col10=1.00 to10=0.00 min_d= 3.67 avg_spd=2.00m/s end=collision t=  472.7s
[TRAIN][PPO] ep=275/500 r=    1.52 avg10=   -3.80 steps= 162 succ10=0.00 touch10=0.00 col10=1.00 to10=0.00 min_d= 3.53 avg_spd=2.02m/s end=collision t=  473.8s
[TRAIN][PPO] ep=276/500 r=   -0.09 avg10=   -3.13 steps= 151 succ10=0.00 touch10=0.00 col10=1.00 to10=0.00 min_d= 3.58 avg_spd=1.96m/s end=collision t=  474.9s
[TRAIN][PPO] ep=277/500 r=    5.99 avg10=   -2.31 steps= 176 succ10=0.00 touch10=0.00 col10=1.00 to10=0.00 min_d= 3.62 avg_spd=2.02m/s end=collision t=  476.1s
[TRAIN][PPO] ep=278/500 r=    6.24 avg10=   -1.15 steps= 270 succ10=0.00 touch10=0.00 col10=1.00 to10=0.00 min_d= 3.48 avg_spd=1.95m/s end=collision t=  478.0s
[TRAIN][PPO] ep=279/500 r=    5.54 avg10=   -3.31 steps= 177 succ10=0.00 touch10=0.00 col10=1.00 to10=0.00 min_d= 3.64 avg_spd=2.01m/s end=collision t=  479.3s
[TRAIN][PPO] ep=280/500 r=   -7.06 avg10=   -4.03 steps= 144 succ10=0.00 touch10=0.00 col10=1.00 to10=0.00 min_d= 3.76 avg_spd=1.68m/s end=collision t=  480.4s
[TRAIN][PPO] ep=281/500 r=   19.62 avg10=   -1.45 steps= 274 succ10=0.00 touch10=0.00 col10=1.00 to10=0.00 min_d= 3.39 avg_spd=2.03m/s end=collision t=  482.3s
[TRAIN][PPO] ep=282/500 r=   -0.02 avg10=   -1.70 steps= 151 succ10=0.00 touch10=0.00 col10=1.00 to10=0.00 min_d= 3.59 avg_spd=1.95m/s end=collision t=  483.3s
[TRAIN][PPO] ep=283/500 r=   24.26 avg10=    1.50 steps= 272 succ10=0.00 touch10=0.00 col10=1.00 to10=0.00 min_d= 3.42 avg_spd=1.99m/s end=collision t=  485.1s
[TRAIN][PPO] ep=284/500 r=   14.71 avg10=    7.07 steps= 274 succ10=0.00 touch10=0.00 col10=1.00 to10=0.00 min_d= 3.56 avg_spd=1.98m/s end=collision t=  487.0s
[TRAIN][PPO] ep=285/500 r=    3.50 avg10=    7.27 steps= 160 succ10=0.00 touch10=0.00 col10=1.00 to10=0.00 min_d= 3.54 avg_spd=2.10m/s end=collision t=  488.1s
[TRAIN][PPO] ep=286/500 r=    2.32 avg10=    7.51 steps= 273 succ10=0.00 touch10=0.00 col10=1.00 to10=0.00 min_d= 3.61 avg_spd=1.95m/s end=collision t=  490.0s
[TRAIN][PPO] ep=287/500 r=   -0.61 avg10=    6.85 steps= 150 succ10=0.00 touch10=0.00 col10=1.00 to10=0.00 min_d= 3.58 avg_spd=1.88m/s end=collision t=  491.0s
[TRAIN][PPO] ep=288/500 r=   -0.40 avg10=    6.18 steps= 157 succ10=0.00 touch10=0.00 col10=1.00 to10=0.00 min_d= 3.63 avg_spd=1.87m/s end=collision t=  492.1s
WARNING: Contact joints between materials 'default' and 'default' will only be created for the 10 deepest contact points instead of all the 11 contact points.
[TRAIN][PPO] ep=289/500 r=    6.69 avg10=    6.30 steps= 170 succ10=0.00 touch10=0.00 col10=1.00 to10=0.00 min_d= 3.58 avg_spd=2.08m/s end=collision t=  493.2s
[TRAIN][PPO] ep=290/500 r=    3.52 avg10=    7.36 steps= 161 succ10=0.00 touch10=0.00 col10=1.00 to10=0.00 min_d= 3.52 avg_spd=2.04m/s end=collision t=  494.3s
[TRAIN][PPO] ep=291/500 r=   -0.25 avg10=    5.37 steps= 150 succ10=0.00 touch10=0.00 col10=1.00 to10=0.00 min_d= 3.66 avg_spd=2.03m/s end=collision t=  495.3s
[TRAIN][PPO] ep=292/500 r=    7.05 avg10=    6.08 steps= 271 succ10=0.00 touch10=0.00 col10=1.00 to10=0.00 min_d= 3.54 avg_spd=1.95m/s end=collision t=  497.1s
[TRAIN][PPO] ep=293/500 r=    2.78 avg10=    3.93 steps= 161 succ10=0.00 touch10=0.00 col10=1.00 to10=0.00 min_d= 3.57 avg_spd=1.94m/s end=collision t=  498.1s
[TRAIN][PPO] ep=294/500 r=   19.27 avg10=    4.39 steps= 274 succ10=0.00 touch10=0.00 col10=1.00 to10=0.00 min_d= 3.45 avg_spd=1.97m/s end=collision t=  499.9s
[TRAIN][PPO] ep=295/500 r=    8.54 avg10=    4.89 steps= 182 succ10=0.00 touch10=0.00 col10=1.00 to10=0.00 min_d= 3.55 avg_spd=2.06m/s end=collision t=  501.1s
[TRAIN][PPO] ep=296/500 r=    4.26 avg10=    5.08 steps= 164 succ10=0.00 touch10=0.00 col10=1.00 to10=0.00 min_d= 3.64 avg_spd=2.05m/s end=collision t=  502.4s
[TRAIN][PPO] ep=297/500 r=    5.89 avg10=    5.73 steps= 168 succ10=0.00 touch10=0.00 col10=1.00 to10=0.00 min_d= 3.54 avg_spd=2.12m/s end=collision t=  503.6s
[TRAIN][PPO] ep=298/500 r=   21.24 avg10=    7.90 steps= 276 succ10=0.00 touch10=0.00 col10=1.00 to10=0.00 min_d= 3.42 avg_spd=1.98m/s end=collision t=  505.5s
[TRAIN][PPO] ep=299/500 r=    1.83 avg10=    7.41 steps= 156 succ10=0.00 touch10=0.00 col10=1.00 to10=0.00 min_d= 3.59 avg_spd=1.99m/s end=collision t=  506.7s
[TRAIN][PPO] ep=300/500 r=   -3.74 avg10=    6.69 steps= 145 succ10=0.00 touch10=0.00 col10=1.00 to10=0.00 min_d= 3.63 avg_spd=1.85m/s end=collision t=  507.8s ckpt=latest
[TRAIN][PPO] ep=301/500 r=   12.53 avg10=    7.97 steps= 270 succ10=0.00 touch10=0.00 col10=1.00 to10=0.00 min_d= 3.57 avg_spd=1.99m/s end=collision t=  509.5s
[TRAIN][PPO] ep=302/500 r=   -3.19 avg10=    6.94 steps= 155 succ10=0.00 touch10=0.00 col10=1.00 to10=0.00 min_d= 3.76 avg_spd=1.77m/s end=collision t=  510.5s
[TRAIN][PPO] ep=303/500 r=   -2.08 avg10=    6.46 steps= 165 succ10=0.00 touch10=0.00 col10=1.00 to10=0.00 min_d= 3.76 avg_spd=1.66m/s end=collision t=  511.6s
[TRAIN][PPO] ep=304/500 r=   75.08 avg10=   12.04 steps= 540 succ10=0.00 touch10=0.00 col10=1.00 to10=0.00 min_d= 2.70 avg_spd=2.02m/s end=collision t=  515.4s
[TRAIN][PPO] ep=305/500 r=   -2.01 avg10=   10.98 steps= 146 succ10=0.00 touch10=0.00 col10=1.00 to10=0.00 min_d= 3.64 avg_spd=1.98m/s end=collision t=  516.4s
[TRAIN][PPO] ep=306/500 r=    4.87 avg10=   11.04 steps= 166 succ10=0.00 touch10=0.00 col10=1.00 to10=0.00 min_d= 3.53 avg_spd=2.04m/s end=collision t=  517.5s
[TRAIN][PPO] ep=307/500 r=   17.42 avg10=   12.19 steps= 275 succ10=0.00 touch10=0.00 col10=1.00 to10=0.00 min_d= 3.45 avg_spd=1.99m/s end=collision t=  519.4s
[TRAIN][PPO] ep=308/500 r=   65.88 avg10=   16.66 steps= 413 succ10=0.00 touch10=0.00 col10=1.00 to10=0.00 min_d= 3.07 avg_spd=2.01m/s end=collision t=  522.2s
[TRAIN][PPO] ep=309/500 r=    6.79 avg10=   17.16 steps= 281 succ10=0.00 touch10=0.00 col10=1.00 to10=0.00 min_d= 3.64 avg_spd=1.93m/s end=collision t=  524.0s
[TRAIN][PPO] ep=310/500 r=   -1.43 avg10=   17.39 steps= 147 succ10=0.00 touch10=0.00 col10=1.00 to10=0.00 min_d= 3.58 avg_spd=1.98m/s end=collision t=  525.0s
[TRAIN][PPO] ep=311/500 r=   29.08 avg10=   19.04 steps= 280 succ10=0.00 touch10=0.00 col10=1.00 to10=0.00 min_d= 3.45 avg_spd=2.05m/s end=collision t=  526.8s
[TRAIN][PPO] ep=312/500 r=    4.32 avg10=   19.79 steps= 173 succ10=0.00 touch10=0.00 col10=1.00 to10=0.00 min_d= 3.65 avg_spd=1.96m/s end=collision t=  528.0s
[TRAIN][PPO] ep=313/500 r=   -5.38 avg10=   19.46 steps= 140 succ10=0.00 touch10=0.00 col10=1.00 to10=0.00 min_d= 3.65 avg_spd=1.86m/s end=collision t=  528.9s
[TRAIN][PPO] ep=314/500 r=    3.88 avg10=   12.34 steps= 163 succ10=0.00 touch10=0.00 col10=1.00 to10=0.00 min_d= 3.65 avg_spd=2.08m/s end=collision t=  530.1s
[TRAIN][PPO] ep=315/500 r=    0.49 avg10=   12.59 steps= 153 succ10=0.00 touch10=0.00 col10=1.00 to10=0.00 min_d= 3.65 avg_spd=2.00m/s end=collision t=  531.2s
[TRAIN][PPO] ep=316/500 r=   69.56 avg10=   19.06 steps= 553 succ10=0.00 touch10=0.00 col10=1.00 to10=0.00 min_d= 2.83 avg_spd=1.98m/s end=collision t=  535.2s
[TRAIN][PPO] ep=317/500 r=   -0.60 avg10=   17.26 steps= 152 succ10=0.00 touch10=0.00 col10=1.00 to10=0.00 min_d= 3.57 avg_spd=1.92m/s end=collision t=  536.3s
[TRAIN][PPO] ep=318/500 r=    0.44 avg10=   10.72 steps= 153 succ10=0.00 touch10=0.00 col10=1.00 to10=0.00 min_d= 3.65 avg_spd=2.13m/s end=collision t=  537.5s
[TRAIN][PPO] ep=319/500 r=   13.47 avg10=   11.38 steps= 269 succ10=0.00 touch10=0.00 col10=1.00 to10=0.00 min_d= 3.49 avg_spd=1.96m/s end=collision t=  539.4s
[TRAIN][PPO] ep=320/500 r=   -4.38 avg10=   11.09 steps= 156 succ10=0.00 touch10=0.00 col10=1.00 to10=0.00 min_d= 3.76 avg_spd=1.69m/s end=collision t=  540.7s
[TRAIN][PPO] ep=321/500 r=   -0.05 avg10=    8.18 steps= 155 succ10=0.00 touch10=0.00 col10=1.00 to10=0.00 min_d= 3.66 avg_spd=1.92m/s end=collision t=  541.8s
[TRAIN][PPO] ep=322/500 r=    4.40 avg10=    8.18 steps= 183 succ10=0.00 touch10=0.00 col10=1.00 to10=0.00 min_d= 3.64 avg_spd=1.82m/s end=collision t=  543.2s
[TRAIN][PPO] ep=323/500 r=    1.40 avg10=    8.86 steps= 159 succ10=0.00 touch10=0.00 col10=1.00 to10=0.00 min_d= 3.55 avg_spd=1.96m/s end=collision t=  544.4s
[TRAIN][PPO] ep=324/500 r=    4.37 avg10=    8.91 steps= 271 succ10=0.00 touch10=0.00 col10=1.00 to10=0.00 min_d= 3.46 avg_spd=1.99m/s end=collision t=  546.2s
[TRAIN][PPO] ep=325/500 r=    4.82 avg10=    9.34 steps= 282 succ10=0.00 touch10=0.00 col10=1.00 to10=0.00 min_d= 3.64 avg_spd=1.89m/s end=collision t=  548.1s
[TRAIN][PPO] ep=326/500 r=   16.26 avg10=    4.01 steps= 273 succ10=0.00 touch10=0.00 col10=1.00 to10=0.00 min_d= 3.50 avg_spd=1.98m/s end=collision t=  549.9s
[TRAIN][PPO] ep=327/500 r=   74.92 avg10=   11.57 steps= 542 succ10=0.00 touch10=0.00 col10=1.00 to10=0.00 min_d= 2.71 avg_spd=2.02m/s end=collision t=  553.6s
[TRAIN][PPO] ep=328/500 r=   22.13 avg10=   13.74 steps= 276 succ10=0.00 touch10=0.00 col10=1.00 to10=0.00 min_d= 3.37 avg_spd=1.99m/s end=collision t=  555.6s
[TRAIN][PPO] ep=329/500 r=    0.80 avg10=   12.47 steps= 157 succ10=0.00 touch10=0.00 col10=1.00 to10=0.00 min_d= 3.56 avg_spd=2.01m/s end=collision t=  556.6s
[TRAIN][PPO] ep=330/500 r=  -34.58 avg10=    9.45 steps= 469 succ10=0.00 touch10=0.00 col10=1.00 to10=0.00 min_d= 3.64 avg_spd=2.01m/s end=collision t=  559.5s
[TRAIN][PPO] ep=331/500 r=    7.07 avg10=   10.16 steps= 191 succ10=0.00 touch10=0.00 col10=1.00 to10=0.00 min_d= 3.64 avg_spd=1.77m/s end=collision t=  560.8s
[TRAIN][PPO] ep=332/500 r=    6.04 avg10=   10.32 steps= 171 succ10=0.00 touch10=0.00 col10=1.00 to10=0.00 min_d= 3.57 avg_spd=1.97m/s end=collision t=  562.0s
[TRAIN][PPO] ep=333/500 r=  -40.89 avg10=    6.09 steps= 462 succ10=0.00 touch10=0.00 col10=1.00 to10=0.00 min_d= 3.64 avg_spd=1.91m/s end=collision t=  565.2s
[TRAIN][PPO] ep=334/500 r=   -7.19 avg10=    4.94 steps= 153 succ10=0.00 touch10=0.00 col10=1.00 to10=0.00 min_d= 3.76 avg_spd=1.57m/s end=collision t=  566.2s
[TRAIN][PPO] ep=335/500 r=  -46.83 avg10=   -0.23 steps= 461 succ10=0.00 touch10=0.00 col10=1.00 to10=0.00 min_d= 3.64 avg_spd=1.91m/s end=collision t=  569.2s
[TRAIN][PPO] ep=336/500 r=    4.37 avg10=   -1.41 steps= 163 succ10=0.00 touch10=0.00 col10=1.00 to10=0.00 min_d= 3.61 avg_spd=2.07m/s end=collision t=  570.5s
[TRAIN][PPO] ep=337/500 r=    2.74 avg10=   -8.63 steps= 162 succ10=0.00 touch10=0.00 col10=1.00 to10=0.00 min_d= 3.65 avg_spd=2.09m/s end=collision t=  571.5s
[TRAIN][PPO] ep=338/500 r=    3.73 avg10=  -10.47 steps= 164 succ10=0.00 touch10=0.00 col10=1.00 to10=0.00 min_d= 3.65 avg_spd=2.07m/s end=collision t=  572.5s
[TRAIN][PPO] ep=339/500 r=   28.71 avg10=   -7.68 steps= 280 succ10=0.00 touch10=0.00 col10=1.00 to10=0.00 min_d= 3.46 avg_spd=1.95m/s end=collision t=  574.4s
[TRAIN][PPO] ep=340/500 r=    1.94 avg10=   -4.03 steps= 156 succ10=0.00 touch10=0.00 col10=1.00 to10=0.00 min_d= 3.62 avg_spd=2.10m/s end=collision t=  575.6s
[TRAIN][PPO] ep=341/500 r=   18.16 avg10=   -2.92 steps= 272 succ10=0.00 touch10=0.00 col10=1.00 to10=0.00 min_d= 3.38 avg_spd=1.99m/s end=collision t=  577.4s
[TRAIN][PPO] ep=342/500 r=   15.86 avg10=   -1.94 steps= 279 succ10=0.00 touch10=0.00 col10=1.00 to10=0.00 min_d= 3.48 avg_spd=1.99m/s end=collision t=  579.3s
[TRAIN][PPO] ep=343/500 r=   -8.83 avg10=    1.27 steps= 146 succ10=0.00 touch10=0.00 col10=1.00 to10=0.00 min_d= 3.83 avg_spd=1.50m/s end=collision t=  580.3s
[TRAIN][PPO] ep=344/500 r=   70.92 avg10=    9.08 steps= 555 succ10=0.00 touch10=0.00 col10=1.00 to10=0.00 min_d= 2.81 avg_spd=1.91m/s end=collision t=  584.2s
[TRAIN][PPO] ep=345/500 r=  -31.61 avg10=   10.60 steps= 452 succ10=0.00 touch10=0.00 col10=1.00 to10=0.00 min_d= 3.64 avg_spd=1.90m/s end=collision t=  587.0s
[TRAIN][PPO] ep=346/500 r=   -3.60 avg10=    9.80 steps= 154 succ10=0.00 touch10=0.00 col10=1.00 to10=0.00 min_d= 3.76 avg_spd=1.75m/s end=collision t=  588.0s
[TRAIN][PPO] ep=347/500 r=   34.97 avg10=   13.02 steps= 278 succ10=0.00 touch10=0.00 col10=1.00 to10=0.00 min_d= 3.41 avg_spd=2.00m/s end=collision t=  589.9s
[TRAIN][PPO] ep=348/500 r=    5.84 avg10=   13.24 steps= 177 succ10=0.00 touch10=0.00 col10=1.00 to10=0.00 min_d= 3.64 avg_spd=2.06m/s end=collision t=  591.3s
[TRAIN][PPO] ep=349/500 r=    1.88 avg10=   10.55 steps= 271 succ10=0.00 touch10=0.00 col10=1.00 to10=0.00 min_d= 3.50 avg_spd=1.92m/s end=collision t=  593.0s
[TRAIN][PPO] ep=350/500 r=    5.36 avg10=   10.89 steps= 174 succ10=0.00 touch10=0.00 col10=1.00 to10=0.00 min_d= 3.65 avg_spd=1.96m/s end=collision t=  594.2s
[TRAIN][PPO] ep=351/500 r=    4.22 avg10=    9.50 steps= 169 succ10=0.00 touch10=0.00 col10=1.00 to10=0.00 min_d= 3.65 avg_spd=1.92m/s end=collision t=  595.4s
[TRAIN][PPO] ep=352/500 r=   34.68 avg10=   11.38 steps= 276 succ10=0.00 touch10=0.00 col10=1.00 to10=0.00 min_d= 3.40 avg_spd=2.00m/s end=collision t=  597.4s
[TRAIN][PPO] ep=353/500 r=   39.04 avg10=   16.17 steps= 279 succ10=0.00 touch10=0.00 col10=1.00 to10=0.00 min_d= 3.37 avg_spd=1.95m/s end=collision t=  599.3s
[TRAIN][PPO] ep=354/500 r=  -28.51 avg10=    6.23 steps= 465 succ10=0.00 touch10=0.00 col10=1.00 to10=0.00 min_d= 3.63 avg_spd=2.01m/s end=collision t=  602.4s
[TRAIN][PPO] ep=355/500 r=   12.64 avg10=   10.65 steps= 278 succ10=0.00 touch10=0.00 col10=1.00 to10=0.00 min_d= 3.55 avg_spd=2.00m/s end=collision t=  604.4s
[TRAIN][PPO] ep=356/500 r=  -18.22 avg10=    9.19 steps= 125 succ10=0.00 touch10=0.00 col10=1.00 to10=0.00 min_d= 3.78 avg_spd=1.38m/s end=collision t=  605.3s
[TRAIN][PPO] ep=357/500 r=   -2.66 avg10=    5.43 steps= 149 succ10=0.00 touch10=0.00 col10=1.00 to10=0.00 min_d= 3.59 avg_spd=1.86m/s end=collision t=  606.3s
[TRAIN][PPO] ep=358/500 r=   -4.26 avg10=    4.42 steps= 143 succ10=0.00 touch10=0.00 col10=1.00 to10=0.00 min_d= 3.66 avg_spd=1.90m/s end=collision t=  607.2s
[TRAIN][PPO] ep=359/500 r=   67.95 avg10=   11.02 steps= 541 succ10=0.00 touch10=0.00 col10=1.00 to10=0.00 min_d= 2.73 avg_spd=1.94m/s end=collision t=  610.8s
[TRAIN][PPO] ep=360/500 r=   35.07 avg10=   13.99 steps= 285 succ10=0.00 touch10=0.00 col10=1.00 to10=0.00 min_d= 3.53 avg_spd=1.79m/s end=collision t=  612.9s
[TRAIN][PPO] ep=361/500 r=   76.75 avg10=   21.25 steps= 543 succ10=0.00 touch10=0.00 col10=1.00 to10=0.00 min_d= 2.72 avg_spd=1.97m/s end=collision t=  616.4s
[TRAIN][PPO] ep=362/500 r=   13.81 avg10=   19.16 steps= 271 succ10=0.00 touch10=0.00 col10=1.00 to10=0.00 min_d= 3.56 avg_spd=1.98m/s end=collision t=  618.3s
[TRAIN][PPO] ep=363/500 r=   -7.73 avg10=   14.48 steps= 146 succ10=0.00 touch10=0.00 col10=1.00 to10=0.00 min_d= 3.77 avg_spd=1.55m/s end=collision t=  619.3s
[TRAIN][PPO] ep=364/500 r=   -3.55 avg10=   16.98 steps= 155 succ10=0.00 touch10=0.00 col10=1.00 to10=0.00 min_d= 3.66 avg_spd=1.70m/s end=collision t=  620.6s
[TRAIN][PPO] ep=365/500 r=   15.26 avg10=   17.24 steps= 279 succ10=0.00 touch10=0.00 col10=1.00 to10=0.00 min_d= 3.42 avg_spd=2.02m/s end=collision t=  622.3s
[TRAIN][PPO] ep=366/500 r=   -1.45 avg10=   18.92 steps= 149 succ10=0.00 touch10=0.00 col10=1.00 to10=0.00 min_d= 3.63 avg_spd=1.93m/s end=collision t=  623.2s
[TRAIN][PPO] ep=367/500 r=   82.34 avg10=   27.42 steps= 543 succ10=0.00 touch10=0.00 col10=1.00 to10=0.00 min_d= 2.70 avg_spd=1.98m/s end=collision t=  626.9s
[TRAIN][PPO] ep=368/500 r=   82.37 avg10=   36.08 steps= 541 succ10=0.00 touch10=0.00 col10=1.00 to10=0.00 min_d= 2.71 avg_spd=1.96m/s end=collision t=  630.8s
[TRAIN][PPO] ep=369/500 r=   39.70 avg10=   33.26 steps= 287 succ10=0.00 touch10=0.00 col10=1.00 to10=0.00 min_d= 3.52 avg_spd=1.88m/s end=collision t=  632.5s
[TRAIN][PPO] ep=370/500 r=    7.78 avg10=   30.53 steps= 182 succ10=0.00 touch10=0.00 col10=1.00 to10=0.00 min_d= 3.64 avg_spd=1.94m/s end=collision t=  633.7s
[TRAIN][PPO] ep=371/500 r=  -32.18 avg10=   19.64 steps= 468 succ10=0.00 touch10=0.00 col10=1.00 to10=0.00 min_d= 3.64 avg_spd=2.00m/s end=collision t=  636.6s
[TRAIN][PPO] ep=372/500 r=   -3.18 avg10=   17.94 steps= 171 succ10=0.00 touch10=0.00 col10=1.00 to10=0.00 min_d= 3.61 avg_spd=2.02m/s end=collision t=  637.8s
[TRAIN][PPO] ep=373/500 r=   14.01 avg10=   20.11 steps= 277 succ10=0.00 touch10=0.00 col10=1.00 to10=0.00 min_d= 3.45 avg_spd=1.90m/s end=collision t=  639.5s
[TRAIN][PPO] ep=374/500 r=   79.21 avg10=   28.39 steps= 545 succ10=0.00 touch10=0.00 col10=1.00 to10=0.00 min_d= 2.70 avg_spd=1.96m/s end=collision t=  642.9s
[TRAIN][PPO] ep=375/500 r=   78.92 avg10=   34.75 steps= 542 succ10=0.00 touch10=0.00 col10=1.00 to10=0.00 min_d= 2.71 avg_spd=1.96m/s end=collision t=  646.5s
[TRAIN][PPO] ep=376/500 r=  -11.77 avg10=   33.72 steps= 143 succ10=0.00 touch10=0.00 col10=1.00 to10=0.00 min_d= 3.85 avg_spd=1.41m/s end=collision t=  647.6s
[TRAIN][PPO] ep=377/500 r=    4.36 avg10=   25.92 steps= 166 succ10=0.00 touch10=0.00 col10=1.00 to10=0.00 min_d= 3.65 avg_spd=1.97m/s end=collision t=  648.7s
[TRAIN][PPO] ep=378/500 r=   11.74 avg10=   18.86 steps= 280 succ10=0.00 touch10=0.00 col10=1.00 to10=0.00 min_d= 3.49 avg_spd=1.94m/s end=collision t=  650.5s
[TRAIN][PPO] ep=379/500 r=   37.02 avg10=   18.59 steps= 280 succ10=0.00 touch10=0.00 col10=1.00 to10=0.00 min_d= 3.36 avg_spd=1.94m/s end=collision t=  652.2s
[TRAIN][PPO] ep=380/500 r=    0.77 avg10=   17.89 steps= 173 succ10=0.00 touch10=0.00 col10=1.00 to10=0.00 min_d= 3.75 avg_spd=1.77m/s end=collision t=  653.4s
[TRAIN][PPO] ep=381/500 r=   -1.71 avg10=   20.94 steps= 145 succ10=0.00 touch10=0.00 col10=1.00 to10=0.00 min_d= 3.60 avg_spd=2.02m/s end=collision t=  654.3s
[TRAIN][PPO] ep=382/500 r=    0.71 avg10=   21.32 steps= 153 succ10=0.00 touch10=0.00 col10=1.00 to10=0.00 min_d= 3.66 avg_spd=1.99m/s end=collision t=  655.3s
[TRAIN][PPO] ep=383/500 r=   -4.37 avg10=   19.49 steps= 138 succ10=0.00 touch10=0.00 col10=1.00 to10=0.00 min_d= 3.65 avg_spd=1.93m/s end=collision t=  656.2s
[TRAIN][PPO] ep=384/500 r=    1.02 avg10=   11.67 steps= 175 succ10=0.00 touch10=0.00 col10=1.00 to10=0.00 min_d= 3.64 avg_spd=2.01m/s end=collision t=  657.4s
[TRAIN][PPO] ep=385/500 r=   73.32 avg10=   11.11 steps= 557 succ10=0.00 touch10=0.00 col10=1.00 to10=0.00 min_d= 2.80 avg_spd=1.92m/s end=collision t=  660.9s
[TRAIN][PPO] ep=386/500 r=    3.12 avg10=   12.60 steps= 169 succ10=0.00 touch10=0.00 col10=1.00 to10=0.00 min_d= 3.64 avg_spd=2.03m/s end=collision t=  662.0s
[TRAIN][PPO] ep=387/500 r=   12.82 avg10=   13.44 steps= 274 succ10=0.00 touch10=0.00 col10=1.00 to10=0.00 min_d= 3.54 avg_spd=1.99m/s end=collision t=  663.7s
[TRAIN][PPO] ep=388/500 r=  -29.33 avg10=    9.34 steps= 459 succ10=0.00 touch10=0.00 col10=1.00 to10=0.00 min_d= 3.63 avg_spd=2.01m/s end=collision t=  666.7s
[TRAIN][PPO] ep=389/500 r=   13.78 avg10=    7.01 steps= 274 succ10=0.00 touch10=0.00 col10=1.00 to10=0.00 min_d= 3.50 avg_spd=1.99m/s end=collision t=  668.4s
[TRAIN][PPO] ep=390/500 r=    0.80 avg10=    7.01 steps= 154 succ10=0.00 touch10=0.00 col10=1.00 to10=0.00 min_d= 3.66 avg_spd=2.04m/s end=collision t=  669.4s
[TRAIN][PPO] ep=391/500 r=   27.30 avg10=    9.92 steps= 273 succ10=0.00 touch10=0.00 col10=1.00 to10=0.00 min_d= 3.40 avg_spd=1.99m/s end=collision t=  671.1s
[TRAIN][PPO] ep=392/500 r=   10.97 avg10=   10.94 steps= 274 succ10=0.00 touch10=0.00 col10=1.00 to10=0.00 min_d= 3.51 avg_spd=2.02m/s end=collision t=  673.0s
[TRAIN][PPO] ep=393/500 r=   12.07 avg10=   12.59 steps= 273 succ10=0.00 touch10=0.00 col10=1.00 to10=0.00 min_d= 3.56 avg_spd=1.96m/s end=collision t=  674.8s
[TRAIN][PPO] ep=394/500 r=   -4.26 avg10=   12.06 steps= 144 succ10=0.00 touch10=0.00 col10=1.00 to10=0.00 min_d= 3.66 avg_spd=1.89m/s end=collision t=  675.8s
[TRAIN][PPO] ep=395/500 r=   35.97 avg10=    8.32 steps= 279 succ10=0.00 touch10=0.00 col10=1.00 to10=0.00 min_d= 3.42 avg_spd=1.93m/s end=collision t=  677.7s
[TRAIN][PPO] ep=396/500 r=   20.20 avg10=   10.03 steps= 272 succ10=0.00 touch10=0.00 col10=1.00 to10=0.00 min_d= 3.40 avg_spd=1.94m/s end=collision t=  679.7s
[TRAIN][PPO] ep=397/500 r=    4.32 avg10=    9.18 steps= 163 succ10=0.00 touch10=0.00 col10=1.00 to10=0.00 min_d= 3.51 avg_spd=2.05m/s end=collision t=  680.8s
WARNING: Contact joints between materials 'default' and 'default' will only be created for the 10 deepest contact points instead of all the 11 contact points.
[TRAIN][PPO] ep=398/500 r=   37.51 avg10=   15.87 steps= 283 succ10=0.00 touch10=0.00 col10=1.00 to10=0.00 min_d= 3.41 avg_spd=1.93m/s end=collision t=  682.7s
[TRAIN][PPO] ep=399/500 r=  -44.58 avg10=   10.03 steps= 463 succ10=0.00 touch10=0.00 col10=1.00 to10=0.00 min_d= 3.65 avg_spd=2.01m/s end=collision t=  685.8s
[TRAIN][PPO] ep=400/500 r=   17.80 avg10=   11.73 steps= 274 succ10=0.00 touch10=0.00 col10=1.00 to10=0.00 min_d= 3.51 avg_spd=1.94m/s end=collision t=  687.8s ckpt=latest
[TRAIN][PPO] ep=401/500 r=   73.01 avg10=   16.30 steps= 556 succ10=0.00 touch10=0.00 col10=1.00 to10=0.00 min_d= 2.83 avg_spd=1.96m/s end=collision t=  691.3s
[TRAIN][PPO] ep=402/500 r=    6.25 avg10=   15.83 steps= 187 succ10=0.00 touch10=0.00 col10=1.00 to10=0.00 min_d= 3.64 avg_spd=1.75m/s end=collision t=  692.5s
[TRAIN][PPO] ep=403/500 r=    1.19 avg10=   14.74 steps= 168 succ10=0.00 touch10=0.00 col10=1.00 to10=0.00 min_d= 3.54 avg_spd=2.03m/s end=collision t=  693.5s
[TRAIN][PPO] ep=404/500 r=    2.99 avg10=   15.46 steps= 159 succ10=0.00 touch10=0.00 col10=1.00 to10=0.00 min_d= 3.53 avg_spd=2.12m/s end=collision t=  694.7s
[TRAIN][PPO] ep=405/500 r=  -44.92 avg10=    7.38 steps= 441 succ10=0.00 touch10=0.00 col10=1.00 to10=0.00 min_d= 3.69 avg_spd=1.98m/s end=collision t=  697.4s
[TRAIN][PPO] ep=406/500 r=   -5.66 avg10=    4.79 steps= 267 succ10=0.00 touch10=0.00 col10=1.00 to10=0.00 min_d= 3.58 avg_spd=1.87m/s end=collision t=  699.1s
[TRAIN][PPO] ep=407/500 r=    3.39 avg10=    4.70 steps= 172 succ10=0.00 touch10=0.00 col10=1.00 to10=0.00 min_d= 3.53 avg_spd=1.86m/s end=collision t=  700.2s
[TRAIN][PPO] ep=408/500 r=    0.64 avg10=    1.01 steps= 153 succ10=0.00 touch10=0.00 col10=1.00 to10=0.00 min_d= 3.56 avg_spd=1.96m/s end=collision t=  701.2s
[TRAIN][PPO] ep=409/500 r=    1.04 avg10=    5.57 steps= 154 succ10=0.00 touch10=0.00 col10=1.00 to10=0.00 min_d= 3.57 avg_spd=1.99m/s end=collision t=  702.2s
[TRAIN][PPO] ep=410/500 r=   -7.60 avg10=    3.03 steps= 141 succ10=0.00 touch10=0.00 col10=1.00 to10=0.00 min_d= 3.80 avg_spd=1.65m/s end=collision t=  703.1s
[TRAIN][PPO] ep=411/500 r=    1.18 avg10=   -4.15 steps= 158 succ10=0.00 touch10=0.00 col10=1.00 to10=0.00 min_d= 3.66 avg_spd=1.97m/s end=collision t=  704.1s
[TRAIN][PPO] ep=412/500 r=    5.56 avg10=   -4.22 steps= 185 succ10=0.00 touch10=0.00 col10=1.00 to10=0.00 min_d= 3.64 avg_spd=1.72m/s end=collision t=  705.4s
[TRAIN][PPO] ep=413/500 r=   -0.07 avg10=   -4.35 steps= 167 succ10=0.00 touch10=0.00 col10=1.00 to10=0.00 min_d= 3.76 avg_spd=1.80m/s end=collision t=  706.4s
[TRAIN][PPO] ep=414/500 r=   35.75 avg10=   -1.07 steps= 278 succ10=0.00 touch10=0.00 col10=1.00 to10=0.00 min_d= 3.34 avg_spd=1.93m/s end=collision t=  708.2s
[TRAIN][PPO] ep=415/500 r=    6.14 avg10=    4.04 steps= 168 succ10=0.00 touch10=0.00 col10=1.00 to10=0.00 min_d= 3.54 avg_spd=2.07m/s end=collision t=  709.3s
[TRAIN][PPO] ep=416/500 r=   73.12 avg10=   11.91 steps= 558 succ10=0.00 touch10=0.00 col10=1.00 to10=0.00 min_d= 2.81 avg_spd=1.92m/s end=collision t=  713.2s
[TRAIN][PPO] ep=417/500 r=    3.94 avg10=   11.97 steps= 271 succ10=0.00 touch10=0.00 col10=1.00 to10=0.00 min_d= 3.54 avg_spd=1.97m/s end=collision t=  715.0s
[TRAIN][PPO] ep=418/500 r=   -3.99 avg10=   11.51 steps= 138 succ10=0.00 touch10=0.00 col10=1.00 to10=0.00 min_d= 3.65 avg_spd=2.02m/s end=collision t=  716.0s
[TRAIN][PPO] ep=419/500 r=    9.55 avg10=   12.36 steps= 274 succ10=0.00 touch10=0.00 col10=1.00 to10=0.00 min_d= 3.49 avg_spd=1.93m/s end=collision t=  717.8s
[TRAIN][PPO] ep=420/500 r=    2.19 avg10=   13.34 steps= 157 succ10=0.00 touch10=0.00 col10=1.00 to10=0.00 min_d= 3.64 avg_spd=2.03m/s end=collision t=  719.0s
[TRAIN][PPO] ep=421/500 r=  130.32 avg10=   26.25 steps=1895 succ10=0.00 touch10=0.00 col10=1.00 to10=0.00 min_d= 1.57 avg_spd=2.10m/s end=collision t=  731.0s ckpt=best
[TRAIN][PPO] ep=422/500 r=   19.07 avg10=   27.60 steps= 275 succ10=0.00 touch10=0.00 col10=1.00 to10=0.00 min_d= 3.40 avg_spd=1.99m/s end=collision t=  732.9s
[TRAIN][PPO] ep=423/500 r=  -10.15 avg10=   26.59 steps= 144 succ10=0.00 touch10=0.00 col10=1.00 to10=0.00 min_d= 3.76 avg_spd=1.51m/s end=collision t=  733.9s
[TRAIN][PPO] ep=424/500 r=   33.51 avg10=   26.37 steps= 276 succ10=0.00 touch10=0.00 col10=1.00 to10=0.00 min_d= 3.37 avg_spd=1.94m/s end=collision t=  736.1s
[TRAIN][PPO] ep=425/500 r=    4.50 avg10=   26.21 steps= 167 succ10=0.00 touch10=0.00 col10=1.00 to10=0.00 min_d= 3.56 avg_spd=1.90m/s end=collision t=  737.1s
[TRAIN][PPO] ep=426/500 r=   80.36 avg10=   26.93 steps= 543 succ10=0.00 touch10=0.00 col10=1.00 to10=0.00 min_d= 2.70 avg_spd=2.01m/s end=collision t=  740.8s
[TRAIN][PPO] ep=427/500 r=   -9.99 avg10=   25.54 steps= 139 succ10=0.00 touch10=0.00 col10=1.00 to10=0.00 min_d= 3.76 avg_spd=1.57m/s end=collision t=  741.7s
[TRAIN][PPO] ep=428/500 r=   35.58 avg10=   29.49 steps= 285 succ10=0.00 touch10=0.00 col10=1.00 to10=0.00 min_d= 3.53 avg_spd=1.83m/s end=collision t=  743.7s
[TRAIN][PPO] ep=429/500 r=  -47.68 avg10=   23.77 steps= 477 succ10=0.00 touch10=0.00 col10=1.00 to10=0.00 min_d= 3.64 avg_spd=2.05m/s end=collision t=  746.7s
[TRAIN][PPO] ep=430/500 r=    9.27 avg10=   24.48 steps= 269 succ10=0.00 touch10=0.00 col10=1.00 to10=0.00 min_d= 3.56 avg_spd=1.94m/s end=collision t=  748.4s
[TRAIN][PPO] ep=431/500 r=    3.01 avg10=   11.75 steps= 174 succ10=0.00 touch10=0.00 col10=1.00 to10=0.00 min_d= 3.57 avg_spd=2.14m/s end=collision t=  749.6s
[TRAIN][PPO] ep=432/500 r=    2.56 avg10=   10.10 steps= 275 succ10=0.00 touch10=0.00 col10=1.00 to10=0.00 min_d= 3.52 avg_spd=2.01m/s end=collision t=  751.6s
[TRAIN][PPO] ep=433/500 r=   11.21 avg10=   12.23 steps= 193 succ10=0.00 touch10=0.00 col10=1.00 to10=0.00 min_d= 3.64 avg_spd=1.92m/s end=collision t=  752.7s
[TRAIN][PPO] ep=434/500 r=   36.96 avg10=   12.58 steps= 281 succ10=0.00 touch10=0.00 col10=1.00 to10=0.00 min_d= 3.39 avg_spd=1.96m/s end=collision t=  754.5s
[TRAIN][PPO] ep=435/500 r=   -6.28 avg10=   11.50 steps= 150 succ10=0.00 touch10=0.00 col10=1.00 to10=0.00 min_d= 3.66 avg_spd=1.64m/s end=collision t=  755.6s
[TRAIN][PPO] ep=436/500 r=   34.32 avg10=    6.90 steps= 277 succ10=0.00 touch10=0.00 col10=1.00 to10=0.00 min_d= 3.35 avg_spd=1.92m/s end=collision t=  757.4s
[TRAIN][PPO] ep=437/500 r=   -2.14 avg10=    7.68 steps= 161 succ10=0.00 touch10=0.00 col10=1.00 to10=0.00 min_d= 3.77 avg_spd=1.75m/s end=collision t=  758.5s
[TRAIN][PPO] ep=438/500 r=   10.03 avg10=    5.13 steps= 272 succ10=0.00 touch10=0.00 col10=1.00 to10=0.00 min_d= 3.48 avg_spd=1.92m/s end=collision t=  760.1s
[TRAIN][PPO] ep=439/500 r=    2.36 avg10=   10.13 steps= 268 succ10=0.00 touch10=0.00 col10=1.00 to10=0.00 min_d= 3.50 avg_spd=1.90m/s end=collision t=  761.8s
[TRAIN][PPO] ep=440/500 r=  -18.06 avg10=    7.40 steps= 124 succ10=0.00 touch10=0.00 col10=1.00 to10=0.00 min_d= 3.82 avg_spd=1.39m/s end=collision t=  762.8s
[TRAIN][PPO] ep=441/500 r=   15.54 avg10=    8.65 steps= 272 succ10=0.00 touch10=0.00 col10=1.00 to10=0.00 min_d= 3.50 avg_spd=2.01m/s end=collision t=  764.4s
[TRAIN][PPO] ep=442/500 r=  -13.51 avg10=    7.04 steps= 136 succ10=0.00 touch10=0.00 col10=1.00 to10=0.00 min_d= 3.75 avg_spd=1.45m/s end=collision t=  765.3s
[TRAIN][PPO] ep=443/500 r=    2.44 avg10=    6.17 steps= 157 succ10=0.00 touch10=0.00 col10=1.00 to10=0.00 min_d= 3.53 avg_spd=2.05m/s end=collision t=  766.3s
[TRAIN][PPO] ep=444/500 r=   81.19 avg10=   10.59 steps= 541 succ10=0.00 touch10=0.00 col10=1.00 to10=0.00 min_d= 2.69 avg_spd=1.99m/s end=collision t=  770.0s
[TRAIN][PPO] ep=445/500 r=    5.74 avg10=   11.79 steps= 168 succ10=0.00 touch10=0.00 col10=1.00 to10=0.00 min_d= 3.58 avg_spd=2.02m/s end=collision t=  771.1s
[TRAIN][PPO] ep=446/500 r=  -27.85 avg10=    5.58 steps= 461 succ10=0.00 touch10=0.00 col10=1.00 to10=0.00 min_d= 3.62 avg_spd=2.02m/s end=collision t=  774.2s
[TRAIN][PPO] ep=447/500 r=   11.75 avg10=    6.96 steps= 273 succ10=0.00 touch10=0.00 col10=1.00 to10=0.00 min_d= 3.50 avg_spd=1.98m/s end=collision t=  776.1s
[TRAIN][PPO] ep=448/500 r=   -2.20 avg10=    5.74 steps= 154 succ10=0.00 touch10=0.00 col10=1.00 to10=0.00 min_d= 3.64 avg_spd=1.83m/s end=collision t=  777.3s
[TRAIN][PPO] ep=449/500 r=    7.57 avg10=    6.26 steps= 181 succ10=0.00 touch10=0.00 col10=1.00 to10=0.00 min_d= 3.54 avg_spd=2.09m/s end=collision t=  778.6s
[TRAIN][PPO] ep=450/500 r=    5.83 avg10=    8.65 steps= 176 succ10=0.00 touch10=0.00 col10=1.00 to10=0.00 min_d= 3.65 avg_spd=1.97m/s end=collision t=  779.9s
[TRAIN][PPO] ep=451/500 r=   -4.60 avg10=    6.64 steps= 150 succ10=0.00 touch10=0.00 col10=1.00 to10=0.00 min_d= 3.66 avg_spd=1.75m/s end=collision t=  780.9s
[TRAIN][PPO] ep=452/500 r=   29.75 avg10=   10.96 steps= 280 succ10=0.00 touch10=0.00 col10=1.00 to10=0.00 min_d= 3.49 avg_spd=1.97m/s end=collision t=  783.0s
[TRAIN][PPO] ep=453/500 r=   37.33 avg10=   14.45 steps= 279 succ10=0.00 touch10=0.00 col10=1.00 to10=0.00 min_d= 3.37 avg_spd=1.93m/s end=collision t=  784.8s
[TRAIN][PPO] ep=454/500 r=    0.73 avg10=    6.41 steps= 152 succ10=0.00 touch10=0.00 col10=1.00 to10=0.00 min_d= 3.64 avg_spd=2.08m/s end=collision t=  785.9s
[TRAIN][PPO] ep=455/500 r=   38.45 avg10=    9.68 steps= 277 succ10=0.00 touch10=0.00 col10=1.00 to10=0.00 min_d= 3.34 avg_spd=1.98m/s end=collision t=  787.8s
[TRAIN][PPO] ep=456/500 r=   38.71 avg10=   16.33 steps= 278 succ10=0.00 touch10=0.00 col10=1.00 to10=0.00 min_d= 3.34 avg_spd=1.96m/s end=collision t=  789.8s
[TRAIN][PPO] ep=457/500 r=   -2.83 avg10=   14.87 steps= 164 succ10=0.00 touch10=0.00 col10=1.00 to10=0.00 min_d= 3.65 avg_spd=1.69m/s end=collision t=  790.9s
[TRAIN][PPO] ep=458/500 r=   -8.26 avg10=   14.27 steps= 460 succ10=0.00 touch10=0.00 col10=1.00 to10=0.00 min_d= 3.59 avg_spd=1.96m/s end=collision t=  794.0s
[TRAIN][PPO] ep=459/500 r=   -2.48 avg10=   13.26 steps= 146 succ10=0.00 touch10=0.00 col10=1.00 to10=0.00 min_d= 3.67 avg_spd=1.94m/s end=collision t=  795.0s
[TRAIN][PPO] ep=460/500 r=   28.29 avg10=   15.51 steps= 277 succ10=0.00 touch10=0.00 col10=1.00 to10=0.00 min_d= 3.38 avg_spd=2.00m/s end=collision t=  797.0s
[TRAIN][PPO] ep=461/500 r=   -0.31 avg10=   15.94 steps= 148 succ10=0.00 touch10=0.00 col10=1.00 to10=0.00 min_d= 3.63 avg_spd=2.06m/s end=collision t=  798.0s
[TRAIN][PPO] ep=462/500 r=    2.79 avg10=   13.24 steps= 177 succ10=0.00 touch10=0.00 col10=1.00 to10=0.00 min_d= 3.64 avg_spd=1.79m/s end=collision t=  799.1s
[TRAIN][PPO] ep=463/500 r=   -1.60 avg10=    9.35 steps= 145 succ10=0.00 touch10=0.00 col10=1.00 to10=0.00 min_d= 3.66 avg_spd=2.07m/s end=collision t=  800.0s
[TRAIN][PPO] ep=464/500 r=   11.27 avg10=   10.40 steps= 269 succ10=0.00 touch10=0.00 col10=1.00 to10=0.00 min_d= 3.54 avg_spd=1.99m/s end=collision t=  801.8s
[TRAIN][PPO] ep=465/500 r=   18.26 avg10=    8.38 steps= 275 succ10=0.00 touch10=0.00 col10=1.00 to10=0.00 min_d= 3.44 avg_spd=1.99m/s end=collision t=  803.5s
[TRAIN][PPO] ep=466/500 r=    1.23 avg10=    4.64 steps= 156 succ10=0.00 touch10=0.00 col10=1.00 to10=0.00 min_d= 3.56 avg_spd=1.91m/s end=collision t=  804.5s
[TRAIN][PPO] ep=467/500 r=   -1.34 avg10=    4.78 steps= 147 succ10=0.00 touch10=0.00 col10=1.00 to10=0.00 min_d= 3.65 avg_spd=2.08m/s end=collision t=  805.5s
[TRAIN][PPO] ep=468/500 r=   36.38 avg10=    9.25 steps= 278 succ10=0.00 touch10=0.00 col10=1.00 to10=0.00 min_d= 3.34 avg_spd=1.92m/s end=collision t=  807.3s
[TRAIN][PPO] ep=469/500 r=    3.97 avg10=    9.89 steps= 162 succ10=0.00 touch10=0.00 col10=1.00 to10=0.00 min_d= 3.65 avg_spd=2.10m/s end=collision t=  808.3s
[TRAIN][PPO] ep=470/500 r=    2.83 avg10=    7.35 steps= 163 succ10=0.00 touch10=0.00 col10=1.00 to10=0.00 min_d= 3.65 avg_spd=1.97m/s end=collision t=  809.3s
[TRAIN][PPO] ep=471/500 r=   -7.09 avg10=    6.67 steps= 147 succ10=0.00 touch10=0.00 col10=1.00 to10=0.00 min_d= 3.80 avg_spd=1.65m/s end=collision t=  810.2s
[TRAIN][PPO] ep=472/500 r=   -4.01 avg10=    5.99 steps= 151 succ10=0.00 touch10=0.00 col10=1.00 to10=0.00 min_d= 3.76 avg_spd=1.80m/s end=collision t=  811.2s
[TRAIN][PPO] ep=473/500 r=   -9.94 avg10=    5.16 steps= 139 succ10=0.00 touch10=0.00 col10=1.00 to10=0.00 min_d= 3.76 avg_spd=1.60m/s end=collision t=  812.1s
[TRAIN][PPO] ep=474/500 r=  -14.06 avg10=    2.62 steps= 451 succ10=0.00 touch10=0.00 col10=1.00 to10=0.00 min_d= 3.60 avg_spd=1.98m/s end=collision t=  814.9s
[TRAIN][PPO] ep=475/500 r=   17.97 avg10=    2.59 steps= 275 succ10=0.00 touch10=0.00 col10=1.00 to10=0.00 min_d= 3.50 avg_spd=1.99m/s end=collision t=  816.6s
[TRAIN][PPO] ep=476/500 r=    5.49 avg10=    3.02 steps= 167 succ10=0.00 touch10=0.00 col10=1.00 to10=0.00 min_d= 3.56 avg_spd=2.04m/s end=collision t=  817.8s
[TRAIN][PPO] ep=477/500 r=    8.63 avg10=    4.02 steps= 182 succ10=0.00 touch10=0.00 col10=1.00 to10=0.00 min_d= 3.64 avg_spd=2.00m/s end=collision t=  819.0s
[TRAIN][PPO] ep=478/500 r=    4.95 avg10=    0.87 steps= 164 succ10=0.00 touch10=0.00 col10=1.00 to10=0.00 min_d= 3.56 avg_spd=2.09m/s end=collision t=  820.0s
[TRAIN][PPO] ep=479/500 r=   90.16 avg10=    9.49 steps= 543 succ10=0.00 touch10=0.00 col10=1.00 to10=0.00 min_d= 2.68 avg_spd=1.95m/s end=collision t=  823.6s
[TRAIN][PPO] ep=480/500 r=   -3.87 avg10=    8.82 steps= 139 succ10=0.00 touch10=0.00 col10=1.00 to10=0.00 min_d= 3.66 avg_spd=2.05m/s end=collision t=  824.7s
[TRAIN][PPO] ep=481/500 r=   -1.10 avg10=    9.42 steps= 161 succ10=0.00 touch10=0.00 col10=1.00 to10=0.00 min_d= 3.66 avg_spd=1.75m/s end=collision t=  825.8s
[TRAIN][PPO] ep=482/500 r=   90.49 avg10=   18.87 steps= 543 succ10=0.00 touch10=0.00 col10=1.00 to10=0.00 min_d= 2.69 avg_spd=1.95m/s end=collision t=  829.5s
[TRAIN][PPO] ep=483/500 r=    3.05 avg10=   20.17 steps= 159 succ10=0.00 touch10=0.00 col10=1.00 to10=0.00 min_d= 3.53 avg_spd=2.08m/s end=collision t=  830.6s
[TRAIN][PPO] ep=484/500 r=   86.22 avg10=   30.20 steps= 542 succ10=0.00 touch10=0.00 col10=1.00 to10=0.00 min_d= 2.68 avg_spd=1.98m/s end=collision t=  834.6s
[TRAIN][PPO] ep=485/500 r=   -0.66 avg10=   28.34 steps= 148 succ10=0.00 touch10=0.00 col10=1.00 to10=0.00 min_d= 3.60 avg_spd=2.02m/s end=collision t=  835.5s
[TRAIN][PPO] ep=486/500 r=   19.20 avg10=   29.71 steps= 278 succ10=0.00 touch10=0.00 col10=1.00 to10=0.00 min_d= 3.35 avg_spd=2.10m/s end=collision t=  837.3s
[TRAIN][PPO] ep=487/500 r=    2.31 avg10=   29.08 steps= 162 succ10=0.00 touch10=0.00 col10=1.00 to10=0.00 min_d= 3.54 avg_spd=1.97m/s end=collision t=  838.4s
[TRAIN][PPO] ep=488/500 r=    6.32 avg10=   29.21 steps= 169 succ10=0.00 touch10=0.00 col10=1.00 to10=0.00 min_d= 3.51 avg_spd=2.05m/s end=collision t=  839.7s
[TRAIN][PPO] ep=489/500 r=   24.27 avg10=   22.62 steps= 279 succ10=0.00 touch10=0.00 col10=1.00 to10=0.00 min_d= 3.47 avg_spd=2.01m/s end=collision t=  841.6s
[TRAIN][PPO] ep=490/500 r=    3.00 avg10=   23.31 steps= 159 succ10=0.00 touch10=0.00 col10=1.00 to10=0.00 min_d= 3.66 avg_spd=2.10m/s end=collision t=  842.7s
[TRAIN][PPO] ep=491/500 r=   80.53 avg10=   31.47 steps= 539 succ10=0.00 touch10=0.00 col10=1.00 to10=0.00 min_d= 2.67 avg_spd=1.96m/s end=collision t=  846.3s
[TRAIN][PPO] ep=492/500 r=   -2.15 avg10=   22.21 steps= 144 succ10=0.00 touch10=0.00 col10=1.00 to10=0.00 min_d= 3.63 avg_spd=2.09m/s end=collision t=  847.4s
[TRAIN][PPO] ep=493/500 r=   -2.61 avg10=   21.64 steps= 143 succ10=0.00 touch10=0.00 col10=1.00 to10=0.00 min_d= 3.59 avg_spd=2.02m/s end=collision t=  848.4s
[TRAIN][PPO] ep=494/500 r=    5.82 avg10=   13.60 steps= 172 succ10=0.00 touch10=0.00 col10=1.00 to10=0.00 min_d= 3.61 avg_spd=2.08m/s end=collision t=  849.6s
[TRAIN][PPO] ep=495/500 r=    0.70 avg10=   13.74 steps= 159 succ10=0.00 touch10=0.00 col10=1.00 to10=0.00 min_d= 3.55 avg_spd=1.88m/s end=collision t=  850.8s
[TRAIN][PPO] ep=496/500 r=   -1.18 avg10=   11.70 steps= 147 succ10=0.00 touch10=0.00 col10=1.00 to10=0.00 min_d= 3.66 avg_spd=2.04m/s end=collision t=  851.9s
[TRAIN][PPO] ep=497/500 r=   25.28 avg10=   14.00 steps= 277 succ10=0.00 touch10=0.00 col10=1.00 to10=0.00 min_d= 3.38 avg_spd=2.05m/s end=collision t=  853.7s
[TRAIN][PPO] ep=498/500 r=   -8.01 avg10=   12.56 steps= 133 succ10=0.00 touch10=0.00 col10=1.00 to10=0.00 min_d= 3.64 avg_spd=1.88m/s end=collision t=  854.6s
[TRAIN][PPO] ep=499/500 r=   -3.28 avg10=    9.81 steps= 148 succ10=0.00 touch10=0.00 col10=1.00 to10=0.00 min_d= 3.76 avg_spd=1.90m/s end=collision t=  855.6s
INFO: PPO: Terminating.
[RUN] completed stage checkpoint=/uio/hume/student-u79/esbrovol/fys5429/DRL-Obstacle-Avoidance/controllers/PPO/checkpoints/moving_20260603_110455_step05_moving_goal_none_seed00_stage01_train_13_moving_goal/final_moving_20260603_110455_step05_moving_goal_none_seed00_stage01_train_13_moving_goal.pth
[RUN] curriculum complete arch=none seed=0
[MOVING] completed stage checkpoint=/uio/hume/student-u79/esbrovol/fys5429/DRL-Obstacle-Avoidance/controllers/PPO/checkpoints/moving_20260603_110455_step05_moving_goal_none_seed00_stage01_train_13_moving_goal/final_moving_20260603_110455_step05_moving_goal_none_seed00_stage01_train_13_moving_goal.pth
[MOVING] moving-world curriculum complete final_checkpoint=/uio/hume/student-u79/esbrovol/fys5429/DRL-Obstacle-Avoidance/controllers/PPO/checkpoints/moving_20260603_110455_step05_moving_goal_none_seed00_stage01_train_13_moving_goal/final_moving_20260603_110455_step05_moving_goal_none_seed00_stage01_train_13_moving_goal.pth
