[MOVING] arch=lstm initial checkpoint=/uio/hume/student-u79/esbrovol/fys5429/DRL-Obstacle-Avoidance/controllers/PPO/checkpoints/moving_20260531_133935_step03_partial_moving_5_lstm_seed01_stage01_train_11_partial_moving/final_moving_20260531_133935_step03_partial_moving_5_lstm_seed01_stage01_train_11_partial_moving.pth
[MOVING] stage=1/5 name=partial_moving_1
[MOVING] resume_from=/uio/hume/student-u79/esbrovol/fys5429/DRL-Obstacle-Avoidance/controllers/PPO/checkpoints/moving_20260531_133935_step03_partial_moving_5_lstm_seed01_stage01_train_11_partial_moving/final_moving_20260531_133935_step03_partial_moving_5_lstm_seed01_stage01_train_11_partial_moving.pth
[MOVING] command=/uio/hume/student-u79/esbrovol/fys5429/DRL-Obstacle-Avoidance/venv/bin/python controllers/run.py worker --arch lstm --seed 5 --run-group moving_20260531_230822_step01_partial_moving_1 --resume-from /uio/hume/student-u79/esbrovol/fys5429/DRL-Obstacle-Avoidance/controllers/PPO/checkpoints/moving_20260531_133935_step03_partial_moving_5_lstm_seed01_stage01_train_11_partial_moving/final_moving_20260531_133935_step03_partial_moving_5_lstm_seed01_stage01_train_11_partial_moving.pth --worlds worlds/training/train_11_partial_moving.wbt --moving-obstacle-indices 0
[RUN] arch=lstm seed=5 stage=1/1 world=/uio/hume/student-u79/esbrovol/fys5429/DRL-Obstacle-Avoidance/worlds/training/train_11_partial_moving.wbt
[RUN] resuming from /uio/hume/student-u79/esbrovol/fys5429/DRL-Obstacle-Avoidance/controllers/PPO/checkpoints/moving_20260531_133935_step03_partial_moving_5_lstm_seed01_stage01_train_11_partial_moving/final_moving_20260531_133935_step03_partial_moving_5_lstm_seed01_stage01_train_11_partial_moving.pth
INFO: PPO: Starting controller: python3 -u PPO.py
[PPO] Using architecture: LSTM
[PPO] Loaded architecture: LSTM
[TRAIN][PPO] arch=LSTM weights_dir=/uio/hume/student-u79/esbrovol/fys5429/DRL-Obstacle-Avoidance/controllers/PPO/checkpoints/moving_20260531_230822_step01_partial_moving_1_lstm_seed05_stage01_train_11_partial_moving final=/uio/hume/student-u79/esbrovol/fys5429/DRL-Obstacle-Avoidance/controllers/PPO/checkpoints/moving_20260531_230822_step01_partial_moving_1_lstm_seed05_stage01_train_11_partial_moving/final_moving_20260531_230822_step01_partial_moving_1_lstm_seed05_stage01_train_11_partial_moving.pth
[TRAIN][PPO] episodes=500 update_every=4 obs=31 act=2 cell=LSTM seq=32 burn_in=8
[TRAIN][PPO] ep=001/500 r= -500.33 avg10= -500.33 steps=2229 succ10=0.00 touch10=0.00 col10=0.00 to10=0.00 min_d= 3.78 avg_spd=1.28m/s end=low_score t=   27.9s ckpt=best
[TRAIN][PPO] ep=002/500 r= -500.16 avg10= -500.24 steps=2291 succ10=0.00 touch10=0.00 col10=0.00 to10=0.00 min_d= 3.76 avg_spd=1.28m/s end=low_score t=   56.1s ckpt=best
[TRAIN][PPO] ep=003/500 r= -500.24 avg10= -500.24 steps=2197 succ10=0.00 touch10=0.00 col10=0.00 to10=0.00 min_d= 3.94 avg_spd=1.28m/s end=low_score t=   84.3s
[TRAIN][PPO] ep=004/500 r= -500.29 avg10= -500.26 steps=2153 succ10=0.00 touch10=0.00 col10=0.00 to10=0.00 min_d= 3.93 avg_spd=1.28m/s end=low_score t=  117.3s
[TRAIN][PPO] ep=005/500 r= -500.42 avg10= -500.29 steps=2295 succ10=0.00 touch10=0.00 col10=0.00 to10=0.00 min_d= 3.83 avg_spd=1.29m/s end=low_score t=  147.1s
[TRAIN][PPO] ep=006/500 r= -500.38 avg10= -500.30 steps=2229 succ10=0.00 touch10=0.00 col10=0.00 to10=0.00 min_d= 3.83 avg_spd=1.29m/s end=low_score t=  175.5s
[TRAIN][PPO] ep=007/500 r= -500.63 avg10= -500.35 steps=2300 succ10=0.00 touch10=0.00 col10=0.00 to10=0.00 min_d= 3.83 avg_spd=1.28m/s end=low_score t=  204.4s
[TRAIN][PPO] ep=008/500 r= -500.72 avg10= -500.40 steps=2326 succ10=0.00 touch10=0.00 col10=0.00 to10=0.00 min_d= 3.79 avg_spd=1.28m/s end=low_score t=  240.6s
[TRAIN][PPO] ep=009/500 r= -500.46 avg10= -500.40 steps=2318 succ10=0.00 touch10=0.00 col10=0.00 to10=0.00 min_d= 3.70 avg_spd=1.29m/s end=low_score t=  270.2s
[TRAIN][PPO] ep=010/500 r= -500.01 avg10= -500.36 steps=2201 succ10=0.00 touch10=0.00 col10=0.00 to10=0.00 min_d= 3.94 avg_spd=1.28m/s end=low_score t=  298.0s ckpt=best
[TRAIN][PPO] ep=011/500 r= -500.64 avg10= -500.39 steps=2239 succ10=0.00 touch10=0.00 col10=0.00 to10=0.00 min_d= 3.81 avg_spd=1.28m/s end=low_score t=  326.5s
[TRAIN][PPO] ep=012/500 r= -500.56 avg10= -500.43 steps=2218 succ10=0.00 touch10=0.00 col10=0.00 to10=0.00 min_d= 3.94 avg_spd=1.29m/s end=low_score t=  360.2s
[TRAIN][PPO] ep=013/500 r= -500.47 avg10= -500.46 steps=2174 succ10=0.00 touch10=0.00 col10=0.00 to10=0.00 min_d= 3.83 avg_spd=1.29m/s end=low_score t=  387.9s
[TRAIN][PPO] ep=014/500 r= -500.54 avg10= -500.48 steps=2359 succ10=0.00 touch10=0.00 col10=0.00 to10=0.00 min_d= 3.68 avg_spd=1.29m/s end=low_score t=  418.4s
[TRAIN][PPO] ep=015/500 r= -500.22 avg10= -500.46 steps=2267 succ10=0.00 touch10=0.00 col10=0.00 to10=0.00 min_d= 3.82 avg_spd=1.29m/s end=low_score t=  447.4s
[TRAIN][PPO] ep=016/500 r= -500.57 avg10= -500.48 steps=2185 succ10=0.00 touch10=0.00 col10=0.00 to10=0.00 min_d= 3.85 avg_spd=1.29m/s end=low_score t=  481.8s
[TRAIN][PPO] ep=017/500 r= -500.39 avg10= -500.46 steps=2341 succ10=0.00 touch10=0.00 col10=0.00 to10=0.00 min_d= 3.76 avg_spd=1.29m/s end=low_score t=  511.8s
[TRAIN][PPO] ep=018/500 r= -500.09 avg10= -500.39 steps=1753 succ10=0.00 touch10=0.00 col10=0.00 to10=0.00 min_d= 4.00 avg_spd=1.29m/s end=low_score t=  534.2s
[TRAIN][PPO] ep=019/500 r= -500.20 avg10= -500.37 steps=2235 succ10=0.00 touch10=0.00 col10=0.00 to10=0.00 min_d= 3.84 avg_spd=1.29m/s end=low_score t=  562.5s
[TRAIN][PPO] ep=020/500 r= -500.10 avg10= -500.38 steps=2135 succ10=0.00 touch10=0.00 col10=0.00 to10=0.00 min_d= 3.92 avg_spd=1.29m/s end=low_score t=  594.0s
[TRAIN][PPO] ep=021/500 r= -500.58 avg10= -500.37 steps=2338 succ10=0.00 touch10=0.00 col10=0.00 to10=0.00 min_d= 3.69 avg_spd=1.29m/s end=low_score t=  623.6s
[TRAIN][PPO] ep=022/500 r= -500.28 avg10= -500.34 steps=2245 succ10=0.00 touch10=0.00 col10=0.00 to10=0.00 min_d= 3.86 avg_spd=1.29m/s end=low_score t=  652.1s
[TRAIN][PPO] ep=023/500 r= -500.29 avg10= -500.33 steps=2321 succ10=0.00 touch10=0.00 col10=0.00 to10=0.00 min_d= 3.71 avg_spd=1.29m/s end=low_score t=  681.7s
[TRAIN][PPO] ep=024/500 r= -500.33 avg10= -500.30 steps=2176 succ10=0.00 touch10=0.00 col10=0.00 to10=0.00 min_d= 3.92 avg_spd=1.29m/s end=low_score t=  715.5s
[TRAIN][PPO] ep=025/500 r= -500.20 avg10= -500.30 steps=2256 succ10=0.00 touch10=0.00 col10=0.00 to10=0.00 min_d= 3.84 avg_spd=1.29m/s end=low_score t=  743.9s
[TRAIN][PPO] ep=026/500 r= -500.30 avg10= -500.28 steps=2140 succ10=0.00 touch10=0.00 col10=0.00 to10=0.00 min_d= 3.91 avg_spd=1.29m/s end=low_score t=  771.5s
[TRAIN][PPO] ep=027/500 r= -500.22 avg10= -500.26 steps=2271 succ10=0.00 touch10=0.00 col10=0.00 to10=0.00 min_d= 3.88 avg_spd=1.29m/s end=low_score t=  800.5s
[TRAIN][PPO] ep=028/500 r= -500.60 avg10= -500.31 steps=2250 succ10=0.00 touch10=0.00 col10=0.00 to10=0.00 min_d= 3.89 avg_spd=1.29m/s end=low_score t=  834.4s
[TRAIN][PPO] ep=029/500 r=  -39.22 avg10= -454.21 steps=  50 succ10=0.00 touch10=0.00 col10=0.10 to10=0.00 min_d= 3.83 avg_spd=1.32m/s end=collision t=  835.1s ckpt=best
[TRAIN][PPO] ep=030/500 r= -500.03 avg10= -454.20 steps=2259 succ10=0.00 touch10=0.00 col10=0.10 to10=0.00 min_d= 3.77 avg_spd=1.29m/s end=low_score t=  863.7s
[TRAIN][PPO] ep=031/500 r= -500.43 avg10= -454.19 steps=2271 succ10=0.00 touch10=0.00 col10=0.10 to10=0.00 min_d= 3.76 avg_spd=1.29m/s end=low_score t=  892.0s
[TRAIN][PPO] ep=032/500 r= -500.27 avg10= -454.19 steps=2239 succ10=0.00 touch10=0.00 col10=0.10 to10=0.00 min_d= 3.79 avg_spd=1.29m/s end=low_score t=  922.8s
[TRAIN][PPO] ep=033/500 r= -500.57 avg10= -454.22 steps=2165 succ10=0.00 touch10=0.00 col10=0.10 to10=0.00 min_d= 3.92 avg_spd=1.28m/s end=low_score t=  949.4s
[TRAIN][PPO] ep=034/500 r= -500.62 avg10= -454.24 steps=2263 succ10=0.00 touch10=0.00 col10=0.10 to10=0.00 min_d= 3.88 avg_spd=1.28m/s end=low_score t=  977.4s
[TRAIN][PPO] ep=035/500 r= -500.44 avg10= -454.27 steps=2284 succ10=0.00 touch10=0.00 col10=0.10 to10=0.00 min_d= 3.77 avg_spd=1.28m/s end=low_score t= 1006.5s
[TRAIN][PPO] ep=036/500 r= -500.18 avg10= -454.26 steps=2270 succ10=0.00 touch10=0.00 col10=0.10 to10=0.00 min_d= 3.74 avg_spd=1.28m/s end=low_score t= 1038.8s
[TRAIN][PPO] ep=037/500 r= -500.44 avg10= -454.28 steps=2342 succ10=0.00 touch10=0.00 col10=0.10 to10=0.00 min_d= 3.68 avg_spd=1.29m/s end=low_score t= 1067.6s
[TRAIN][PPO] ep=038/500 r= -500.15 avg10= -454.23 steps=2152 succ10=0.00 touch10=0.00 col10=0.10 to10=0.00 min_d= 3.91 avg_spd=1.28m/s end=low_score t= 1094.7s
[TRAIN][PPO] ep=039/500 r= -500.57 avg10= -500.37 steps=2180 succ10=0.00 touch10=0.00 col10=0.00 to10=0.00 min_d= 3.82 avg_spd=1.28m/s end=low_score t= 1122.2s
[TRAIN][PPO] ep=040/500 r= -500.06 avg10= -500.37 steps=2181 succ10=0.00 touch10=0.00 col10=0.00 to10=0.00 min_d= 3.86 avg_spd=1.29m/s end=low_score t= 1152.9s
[TRAIN][PPO] ep=041/500 r= -500.01 avg10= -500.33 steps=2336 succ10=0.00 touch10=0.00 col10=0.00 to10=0.00 min_d= 3.68 avg_spd=1.29m/s end=low_score t= 1181.7s
[TRAIN][PPO] ep=042/500 r= -500.27 avg10= -500.33 steps=2283 succ10=0.00 touch10=0.00 col10=0.00 to10=0.00 min_d= 3.84 avg_spd=1.29m/s end=low_score t= 1209.7s
[TRAIN][PPO] ep=043/500 r= -500.35 avg10= -500.31 steps=2265 succ10=0.00 touch10=0.00 col10=0.00 to10=0.00 min_d= 3.78 avg_spd=1.28m/s end=low_score t= 1237.9s
[TRAIN][PPO] ep=044/500 r= -500.46 avg10= -500.29 steps=2339 succ10=0.00 touch10=0.00 col10=0.00 to10=0.00 min_d= 3.70 avg_spd=1.29m/s end=low_score t= 1272.6s
[TRAIN][PPO] ep=045/500 r= -500.17 avg10= -500.26 steps=2170 succ10=0.00 touch10=0.00 col10=0.00 to10=0.00 min_d= 3.94 avg_spd=1.29m/s end=low_score t= 1299.6s
[TRAIN][PPO] ep=046/500 r= -500.17 avg10= -500.26 steps=2172 succ10=0.00 touch10=0.00 col10=0.00 to10=0.00 min_d= 3.95 avg_spd=1.28m/s end=low_score t= 1326.7s
[TRAIN][PPO] ep=047/500 r= -500.51 avg10= -500.27 steps=2144 succ10=0.00 touch10=0.00 col10=0.00 to10=0.00 min_d= 3.88 avg_spd=1.28m/s end=low_score t= 1353.6s
[TRAIN][PPO] ep=048/500 r= -500.35 avg10= -500.29 steps=2229 succ10=0.00 touch10=0.00 col10=0.00 to10=0.00 min_d= 3.92 avg_spd=1.29m/s end=low_score t= 1385.2s
[TRAIN][PPO] ep=049/500 r= -500.02 avg10= -500.24 steps=2210 succ10=0.00 touch10=0.00 col10=0.00 to10=0.00 min_d= 3.90 avg_spd=1.28m/s end=low_score t= 1413.5s
[TRAIN][PPO] ep=050/500 r= -500.19 avg10= -500.25 steps=2235 succ10=0.00 touch10=0.00 col10=0.00 to10=0.00 min_d= 3.77 avg_spd=1.28m/s end=low_score t= 1442.4s
[TRAIN][PPO] ep=051/500 r= -500.43 avg10= -500.29 steps=2306 succ10=0.00 touch10=0.00 col10=0.00 to10=0.00 min_d= 3.79 avg_spd=1.29m/s end=low_score t= 1471.9s
[TRAIN][PPO] ep=052/500 r= -500.64 avg10= -500.33 steps=2269 succ10=0.00 touch10=0.00 col10=0.00 to10=0.00 min_d= 3.88 avg_spd=1.29m/s end=low_score t= 1505.8s
[TRAIN][PPO] ep=053/500 r= -500.28 avg10= -500.32 steps=2264 succ10=0.00 touch10=0.00 col10=0.00 to10=0.00 min_d= 3.77 avg_spd=1.28m/s end=low_score t= 1534.5s
[TRAIN][PPO] ep=054/500 r= -500.12 avg10= -500.29 steps=2126 succ10=0.00 touch10=0.00 col10=0.00 to10=0.00 min_d= 3.92 avg_spd=1.28m/s end=low_score t= 1561.8s
[TRAIN][PPO] ep=055/500 r= -500.40 avg10= -500.31 steps=2310 succ10=0.00 touch10=0.00 col10=0.00 to10=0.00 min_d= 3.73 avg_spd=1.29m/s end=low_score t= 1591.1s
[TRAIN][PPO] ep=056/500 r= -500.31 avg10= -500.32 steps=2181 succ10=0.00 touch10=0.00 col10=0.00 to10=0.00 min_d= 3.89 avg_spd=1.28m/s end=low_score t= 1623.5s
[TRAIN][PPO] ep=057/500 r= -500.04 avg10= -500.28 steps=2268 succ10=0.00 touch10=0.00 col10=0.00 to10=0.00 min_d= 3.75 avg_spd=1.29m/s end=low_score t= 1652.1s
[TRAIN][PPO] ep=058/500 r= -500.33 avg10= -500.27 steps=2278 succ10=0.00 touch10=0.00 col10=0.00 to10=0.00 min_d= 3.82 avg_spd=1.29m/s end=low_score t= 1681.0s
[TRAIN][PPO] ep=059/500 r= -500.33 avg10= -500.31 steps=2300 succ10=0.00 touch10=0.00 col10=0.00 to10=0.00 min_d= 3.79 avg_spd=1.29m/s end=low_score t= 1710.3s
[TRAIN][PPO] ep=060/500 r= -500.35 avg10= -500.32 steps=2332 succ10=0.00 touch10=0.00 col10=0.00 to10=0.00 min_d= 3.81 avg_spd=1.29m/s end=low_score t= 1744.8s
[TRAIN][PPO] ep=061/500 r= -500.33 avg10= -500.31 steps=2223 succ10=0.00 touch10=0.00 col10=0.00 to10=0.00 min_d= 3.89 avg_spd=1.29m/s end=low_score t= 1773.1s
[TRAIN][PPO] ep=062/500 r= -500.20 avg10= -500.27 steps=2249 succ10=0.00 touch10=0.00 col10=0.00 to10=0.00 min_d= 3.76 avg_spd=1.29m/s end=low_score t= 1802.1s
[TRAIN][PPO] ep=063/500 r= -500.02 avg10= -500.24 steps=2222 succ10=0.00 touch10=0.00 col10=0.00 to10=0.00 min_d= 3.83 avg_spd=1.29m/s end=low_score t= 1830.0s
[TRAIN][PPO] ep=064/500 r= -500.68 avg10= -500.30 steps=2284 succ10=0.00 touch10=0.00 col10=0.00 to10=0.00 min_d= 3.79 avg_spd=1.29m/s end=low_score t= 1862.5s
[TRAIN][PPO] ep=065/500 r= -500.41 avg10= -500.30 steps=2295 succ10=0.00 touch10=0.00 col10=0.00 to10=0.00 min_d= 3.75 avg_spd=1.29m/s end=low_score t= 1891.2s
[TRAIN][PPO] ep=066/500 r= -500.48 avg10= -500.32 steps=2288 succ10=0.00 touch10=0.00 col10=0.00 to10=0.00 min_d= 3.84 avg_spd=1.29m/s end=low_score t= 1920.5s
[TRAIN][PPO] ep=067/500 r= -500.10 avg10= -500.32 steps=2338 succ10=0.00 touch10=0.00 col10=0.00 to10=0.00 min_d= 3.84 avg_spd=1.30m/s end=low_score t= 1950.4s
[TRAIN][PPO] ep=068/500 r= -500.58 avg10= -500.35 steps=2228 succ10=0.00 touch10=0.00 col10=0.00 to10=0.00 min_d= 3.88 avg_spd=1.30m/s end=low_score t= 1983.0s
[TRAIN][PPO] ep=069/500 r= -500.35 avg10= -500.35 steps=2325 succ10=0.00 touch10=0.00 col10=0.00 to10=0.00 min_d= 3.73 avg_spd=1.29m/s end=low_score t= 2012.7s
[TRAIN][PPO] ep=070/500 r= -500.64 avg10= -500.38 steps=2258 succ10=0.00 touch10=0.00 col10=0.00 to10=0.00 min_d= 3.77 avg_spd=1.30m/s end=low_score t= 2041.7s
[TRAIN][PPO] ep=071/500 r= -500.69 avg10= -500.41 steps=2326 succ10=0.00 touch10=0.00 col10=0.00 to10=0.00 min_d= 3.74 avg_spd=1.30m/s end=low_score t= 2071.4s
[TRAIN][PPO] ep=072/500 r= -500.47 avg10= -500.44 steps=2182 succ10=0.00 touch10=0.00 col10=0.00 to10=0.00 min_d= 3.88 avg_spd=1.29m/s end=low_score t= 2102.0s
[TRAIN][PPO] ep=073/500 r= -500.10 avg10= -500.45 steps=2136 succ10=0.00 touch10=0.00 col10=0.00 to10=0.00 min_d= 3.98 avg_spd=1.29m/s end=low_score t= 2129.4s
[TRAIN][PPO] ep=074/500 r= -500.09 avg10= -500.39 steps=2184 succ10=0.00 touch10=0.00 col10=0.00 to10=0.00 min_d= 3.84 avg_spd=1.29m/s end=low_score t= 2157.5s
[TRAIN][PPO] ep=075/500 r= -500.14 avg10= -500.36 steps=2311 succ10=0.00 touch10=0.00 col10=0.00 to10=0.00 min_d= 3.83 avg_spd=1.29m/s end=low_score t= 2187.2s
[TRAIN][PPO] ep=076/500 r= -500.71 avg10= -500.39 steps=2352 succ10=0.00 touch10=0.00 col10=0.00 to10=0.00 min_d= 3.81 avg_spd=1.30m/s end=low_score t= 2221.6s
[TRAIN][PPO] ep=077/500 r= -500.11 avg10= -500.39 steps=2197 succ10=0.00 touch10=0.00 col10=0.00 to10=0.00 min_d= 3.83 avg_spd=1.30m/s end=low_score t= 2249.4s
[TRAIN][PPO] ep=078/500 r= -500.56 avg10= -500.39 steps=2231 succ10=0.00 touch10=0.00 col10=0.00 to10=0.00 min_d= 3.84 avg_spd=1.30m/s end=low_score t= 2277.8s
[TRAIN][PPO] ep=079/500 r= -500.22 avg10= -500.37 steps=2255 succ10=0.00 touch10=0.00 col10=0.00 to10=0.00 min_d= 3.76 avg_spd=1.29m/s end=low_score t= 2306.4s
[TRAIN][PPO] ep=080/500 r= -500.06 avg10= -500.31 steps=2294 succ10=0.00 touch10=0.00 col10=0.00 to10=0.00 min_d= 3.82 avg_spd=1.29m/s end=low_score t= 2340.4s
[TRAIN][PPO] ep=081/500 r= -500.21 avg10= -500.27 steps=2309 succ10=0.00 touch10=0.00 col10=0.00 to10=0.00 min_d= 3.73 avg_spd=1.30m/s end=low_score t= 2369.9s
[TRAIN][PPO] ep=082/500 r= -500.67 avg10= -500.29 steps=2314 succ10=0.00 touch10=0.00 col10=0.00 to10=0.00 min_d= 3.78 avg_spd=1.30m/s end=low_score t= 2400.0s
[TRAIN][PPO] ep=083/500 r= -500.45 avg10= -500.32 steps=2315 succ10=0.00 touch10=0.00 col10=0.00 to10=0.00 min_d= 3.73 avg_spd=1.30m/s end=low_score t= 2429.7s
[TRAIN][PPO] ep=084/500 r= -500.40 avg10= -500.35 steps=2222 succ10=0.00 touch10=0.00 col10=0.00 to10=0.00 min_d= 3.80 avg_spd=1.30m/s end=low_score t= 2462.4s
[TRAIN][PPO] ep=085/500 r= -500.62 avg10= -500.40 steps=2307 succ10=0.00 touch10=0.00 col10=0.00 to10=0.00 min_d= 3.73 avg_spd=1.30m/s end=low_score t= 2492.2s
[TRAIN][PPO] ep=086/500 r= -500.54 avg10= -500.38 steps=2203 succ10=0.00 touch10=0.00 col10=0.00 to10=0.00 min_d= 3.95 avg_spd=1.30m/s end=low_score t= 2520.8s
[TRAIN][PPO] ep=087/500 r= -500.43 avg10= -500.42 steps=2224 succ10=0.00 touch10=0.00 col10=0.00 to10=0.00 min_d= 3.81 avg_spd=1.30m/s end=low_score t= 2549.2s
[TRAIN][PPO] ep=088/500 r= -500.31 avg10= -500.39 steps=2304 succ10=0.00 touch10=0.00 col10=0.00 to10=0.00 min_d= 3.72 avg_spd=1.30m/s end=low_score t= 2582.6s
[TRAIN][PPO] ep=089/500 r= -500.13 avg10= -500.38 steps=1741 succ10=0.00 touch10=0.00 col10=0.00 to10=0.00 min_d= 3.96 avg_spd=1.29m/s end=low_score t= 2604.8s
[TRAIN][PPO] ep=090/500 r= -500.17 avg10= -500.39 steps=2198 succ10=0.00 touch10=0.00 col10=0.00 to10=0.00 min_d= 3.86 avg_spd=1.30m/s end=low_score t= 2633.3s
[TRAIN][PPO] ep=091/500 r= -500.70 avg10= -500.44 steps=2287 succ10=0.00 touch10=0.00 col10=0.00 to10=0.00 min_d= 3.79 avg_spd=1.30m/s end=low_score t= 2662.7s
[TRAIN][PPO] ep=092/500 r= -500.21 avg10= -500.40 steps=2331 succ10=0.00 touch10=0.00 col10=0.00 to10=0.00 min_d= 3.72 avg_spd=1.30m/s end=low_score t= 2696.3s
[TRAIN][PPO] ep=093/500 r= -500.16 avg10= -500.37 steps=2276 succ10=0.00 touch10=0.00 col10=0.00 to10=0.00 min_d= 3.85 avg_spd=1.30m/s end=low_score t= 2725.9s
[TRAIN][PPO] ep=094/500 r= -500.68 avg10= -500.39 steps=2342 succ10=0.00 touch10=0.00 col10=0.00 to10=0.00 min_d= 3.78 avg_spd=1.30m/s end=low_score t= 2756.0s
[TRAIN][PPO] ep=095/500 r= -500.28 avg10= -500.36 steps=2267 succ10=0.00 touch10=0.00 col10=0.00 to10=0.00 min_d= 3.81 avg_spd=1.30m/s end=low_score t= 2785.1s
[TRAIN][PPO] ep=096/500 r= -500.50 avg10= -500.35 steps=2306 succ10=0.00 touch10=0.00 col10=0.00 to10=0.00 min_d= 3.78 avg_spd=1.31m/s end=low_score t= 2819.3s
[TRAIN][PPO] ep=097/500 r= -500.22 avg10= -500.33 steps=2157 succ10=0.00 touch10=0.00 col10=0.00 to10=0.00 min_d= 3.98 avg_spd=1.30m/s end=low_score t= 2847.0s
[TRAIN][PPO] ep=098/500 r= -500.09 avg10= -500.31 steps=2336 succ10=0.00 touch10=0.00 col10=0.00 to10=0.00 min_d= 3.72 avg_spd=1.31m/s end=low_score t= 2877.3s
[TRAIN][PPO] ep=099/500 r= -500.66 avg10= -500.37 steps=2270 succ10=0.00 touch10=0.00 col10=0.00 to10=0.00 min_d= 3.82 avg_spd=1.30m/s end=low_score t= 2907.1s
[TRAIN][PPO] ep=100/500 r= -500.40 avg10= -500.39 steps=2361 succ10=0.00 touch10=0.00 col10=0.00 to10=0.00 min_d= 3.68 avg_spd=1.30m/s end=low_score t= 2942.5s ckpt=latest
[TRAIN][PPO] ep=101/500 r= -500.43 avg10= -500.36 steps=2286 succ10=0.00 touch10=0.00 col10=0.00 to10=0.00 min_d= 3.79 avg_spd=1.30m/s end=low_score t= 2971.9s
[TRAIN][PPO] ep=102/500 r= -500.34 avg10= -500.38 steps=2312 succ10=0.00 touch10=0.00 col10=0.00 to10=0.00 min_d= 3.77 avg_spd=1.30m/s end=low_score t= 3002.0s
[TRAIN][PPO] ep=103/500 r= -500.14 avg10= -500.37 steps=1734 succ10=0.00 touch10=0.00 col10=0.00 to10=0.00 min_d= 4.00 avg_spd=1.29m/s end=low_score t= 3024.2s
[TRAIN][PPO] ep=104/500 r= -500.40 avg10= -500.35 steps=2231 succ10=0.00 touch10=0.00 col10=0.00 to10=0.00 min_d= 3.92 avg_spd=1.30m/s end=low_score t= 3056.3s
[TRAIN][PPO] ep=105/500 r= -500.58 avg10= -500.38 steps=2260 succ10=0.00 touch10=0.00 col10=0.00 to10=0.00 min_d= 3.87 avg_spd=1.30m/s end=low_score t= 3085.1s
[TRAIN][PPO] ep=106/500 r= -500.05 avg10= -500.33 steps=2300 succ10=0.00 touch10=0.00 col10=0.00 to10=0.00 min_d= 3.83 avg_spd=1.30m/s end=low_score t= 3114.3s
[TRAIN][PPO] ep=107/500 r= -500.43 avg10= -500.35 steps=2306 succ10=0.00 touch10=0.00 col10=0.00 to10=0.00 min_d= 3.69 avg_spd=1.30m/s end=low_score t= 3143.7s
[TRAIN][PPO] ep=108/500 r= -500.33 avg10= -500.38 steps=2200 succ10=0.00 touch10=0.00 col10=0.00 to10=0.00 min_d= 3.79 avg_spd=1.31m/s end=low_score t= 3175.5s
[TRAIN][PPO] ep=109/500 r= -500.25 avg10= -500.34 steps=2278 succ10=0.00 touch10=0.00 col10=0.00 to10=0.00 min_d= 3.83 avg_spd=1.31m/s end=low_score t= 3204.7s
[TRAIN][PPO] ep=110/500 r= -500.37 avg10= -500.33 steps=2229 succ10=0.00 touch10=0.00 col10=0.00 to10=0.00 min_d= 3.78 avg_spd=1.31m/s end=low_score t= 3233.6s
[TRAIN][PPO] ep=111/500 r= -500.50 avg10= -500.34 steps=2267 succ10=0.00 touch10=0.00 col10=0.00 to10=0.00 min_d= 3.75 avg_spd=1.31m/s end=low_score t= 3262.4s
[TRAIN][PPO] ep=112/500 r= -500.47 avg10= -500.35 steps=2293 succ10=0.00 touch10=0.00 col10=0.00 to10=0.00 min_d= 3.76 avg_spd=1.30m/s end=low_score t= 3296.3s
[TRAIN][PPO] ep=113/500 r= -500.01 avg10= -500.34 steps=2201 succ10=0.00 touch10=0.00 col10=0.00 to10=0.00 min_d= 3.80 avg_spd=1.31m/s end=low_score t= 3324.9s
[TRAIN][PPO] ep=114/500 r= -500.03 avg10= -500.30 steps=2202 succ10=0.00 touch10=0.00 col10=0.00 to10=0.00 min_d= 3.81 avg_spd=1.31m/s end=low_score t= 3353.1s
[TRAIN][PPO] ep=115/500 r= -500.01 avg10= -500.24 steps=2283 succ10=0.00 touch10=0.00 col10=0.00 to10=0.00 min_d= 3.76 avg_spd=1.31m/s end=low_score t= 3382.6s
[TRAIN][PPO] ep=116/500 r= -500.72 avg10= -500.31 steps=2286 succ10=0.00 touch10=0.00 col10=0.00 to10=0.00 min_d= 3.73 avg_spd=1.31m/s end=low_score t= 3416.7s
[TRAIN][PPO] ep=117/500 r= -500.50 avg10= -500.32 steps=2218 succ10=0.00 touch10=0.00 col10=0.00 to10=0.00 min_d= 3.89 avg_spd=1.31m/s end=low_score t= 3445.4s
[TRAIN][PPO] ep=118/500 r= -500.54 avg10= -500.34 steps=2300 succ10=0.00 touch10=0.00 col10=0.00 to10=0.00 min_d= 3.80 avg_spd=1.31m/s end=low_score t= 3475.1s
[TRAIN][PPO] ep=119/500 r= -500.41 avg10= -500.36 steps=2262 succ10=0.00 touch10=0.00 col10=0.00 to10=0.00 min_d= 3.76 avg_spd=1.31m/s end=low_score t= 3504.7s
[TRAIN][PPO] ep=120/500 r= -500.17 avg10= -500.34 steps=2243 succ10=0.00 touch10=0.00 col10=0.00 to10=0.00 min_d= 3.77 avg_spd=1.31m/s end=low_score t= 3538.5s
[TRAIN][PPO] ep=121/500 r= -500.72 avg10= -500.36 steps=2360 succ10=0.00 touch10=0.00 col10=0.00 to10=0.00 min_d= 3.73 avg_spd=1.31m/s end=low_score t= 3568.9s
[TRAIN][PPO] ep=122/500 r= -500.09 avg10= -500.32 steps=2307 succ10=0.00 touch10=0.00 col10=0.00 to10=0.00 min_d= 3.75 avg_spd=1.31m/s end=low_score t= 3598.9s
[TRAIN][PPO] ep=123/500 r= -500.44 avg10= -500.36 steps=2301 succ10=0.00 touch10=0.00 col10=0.00 to10=0.00 min_d= 3.80 avg_spd=1.32m/s end=low_score t= 3628.6s
[TRAIN][PPO] ep=124/500 r= -500.37 avg10= -500.40 steps=2155 succ10=0.00 touch10=0.00 col10=0.00 to10=0.00 min_d= 3.91 avg_spd=1.31m/s end=low_score t= 3660.0s
[TRAIN][PPO] ep=125/500 r= -500.00 avg10= -500.40 steps=2163 succ10=0.00 touch10=0.00 col10=0.00 to10=0.00 min_d= 3.81 avg_spd=1.31m/s end=low_score t= 3687.8s
[TRAIN][PPO] ep=126/500 r= -500.53 avg10= -500.38 steps=2335 succ10=0.00 touch10=0.00 col10=0.00 to10=0.00 min_d= 3.71 avg_spd=1.31m/s end=low_score t= 3717.5s
[TRAIN][PPO] ep=127/500 r= -500.50 avg10= -500.38 steps=2259 succ10=0.00 touch10=0.00 col10=0.00 to10=0.00 min_d= 3.75 avg_spd=1.31m/s end=low_score t= 3746.3s
[TRAIN][PPO] ep=128/500 r= -500.46 avg10= -500.37 steps=2182 succ10=0.00 touch10=0.00 col10=0.00 to10=0.00 min_d= 3.82 avg_spd=1.31m/s end=low_score t= 3778.2s
[TRAIN][PPO] ep=129/500 r= -500.58 avg10= -500.39 steps=2245 succ10=0.00 touch10=0.00 col10=0.00 to10=0.00 min_d= 3.83 avg_spd=1.31m/s end=low_score t= 3807.0s
[TRAIN][PPO] ep=130/500 r= -500.20 avg10= -500.39 steps=2236 succ10=0.00 touch10=0.00 col10=0.00 to10=0.00 min_d= 3.88 avg_spd=1.31m/s end=low_score t= 3835.3s
[TRAIN][PPO] ep=131/500 r= -500.10 avg10= -500.33 steps=2148 succ10=0.00 touch10=0.00 col10=0.00 to10=0.00 min_d= 3.89 avg_spd=1.31m/s end=low_score t= 3862.7s
[TRAIN][PPO] ep=132/500 r= -500.30 avg10= -500.35 steps=2322 succ10=0.00 touch10=0.00 col10=0.00 to10=0.00 min_d= 3.68 avg_spd=1.31m/s end=low_score t= 3897.4s
[TRAIN][PPO] ep=133/500 r= -500.27 avg10= -500.33 steps=2156 succ10=0.00 touch10=0.00 col10=0.00 to10=0.00 min_d= 3.81 avg_spd=1.31m/s end=low_score t= 3923.8s
[TRAIN][PPO] ep=134/500 r= -500.51 avg10= -500.35 steps=2164 succ10=0.00 touch10=0.00 col10=0.00 to10=0.00 min_d= 3.88 avg_spd=1.31m/s end=low_score t= 3949.9s
[TRAIN][PPO] ep=135/500 r= -500.15 avg10= -500.36 steps=2327 succ10=0.00 touch10=0.00 col10=0.00 to10=0.00 min_d= 3.78 avg_spd=1.31m/s end=low_score t= 3977.8s
[TRAIN][PPO] ep=136/500 r= -500.13 avg10= -500.32 steps=2148 succ10=0.00 touch10=0.00 col10=0.00 to10=0.00 min_d= 3.95 avg_spd=1.31m/s end=low_score t= 4007.9s
[TRAIN][PPO] ep=137/500 r= -500.05 avg10= -500.28 steps=2147 succ10=0.00 touch10=0.00 col10=0.00 to10=0.00 min_d= 3.92 avg_spd=1.31m/s end=low_score t= 4033.4s
[TRAIN][PPO] ep=138/500 r= -500.31 avg10= -500.26 steps=2220 succ10=0.00 touch10=0.00 col10=0.00 to10=0.00 min_d= 3.82 avg_spd=1.31m/s end=low_score t= 4060.3s
[TRAIN][PPO] ep=139/500 r= -500.39 avg10= -500.24 steps=2329 succ10=0.00 touch10=0.00 col10=0.00 to10=0.00 min_d= 3.67 avg_spd=1.31m/s end=low_score t= 4087.9s
[TRAIN][PPO] ep=140/500 r= -500.20 avg10= -500.24 steps=2143 succ10=0.00 touch10=0.00 col10=0.00 to10=0.00 min_d= 3.90 avg_spd=1.31m/s end=low_score t= 4117.8s
[TRAIN][PPO] ep=141/500 r= -500.30 avg10= -500.26 steps=2274 succ10=0.00 touch10=0.00 col10=0.00 to10=0.00 min_d= 3.82 avg_spd=1.32m/s end=low_score t= 4144.7s
[TRAIN][PPO] ep=142/500 r= -500.02 avg10= -500.23 steps=2309 succ10=0.00 touch10=0.00 col10=0.00 to10=0.00 min_d= 3.69 avg_spd=1.31m/s end=low_score t= 4171.9s
[TRAIN][PPO] ep=143/500 r= -500.08 avg10= -500.21 steps=2327 succ10=0.00 touch10=0.00 col10=0.00 to10=0.00 min_d= 3.79 avg_spd=1.32m/s end=low_score t= 4199.6s
[TRAIN][PPO] ep=144/500 r= -500.49 avg10= -500.21 steps=2154 succ10=0.00 touch10=0.00 col10=0.00 to10=0.00 min_d= 3.92 avg_spd=1.31m/s end=low_score t= 4229.4s
[TRAIN][PPO] ep=145/500 r= -500.13 avg10= -500.21 steps=2223 succ10=0.00 touch10=0.00 col10=0.00 to10=0.00 min_d= 3.88 avg_spd=1.31m/s end=low_score t= 4256.3s
[TRAIN][PPO] ep=146/500 r= -500.07 avg10= -500.20 steps=2276 succ10=0.00 touch10=0.00 col10=0.00 to10=0.00 min_d= 3.83 avg_spd=1.31m/s end=low_score t= 4283.6s
[TRAIN][PPO] ep=147/500 r= -500.63 avg10= -500.26 steps=2299 succ10=0.00 touch10=0.00 col10=0.00 to10=0.00 min_d= 3.81 avg_spd=1.31m/s end=low_score t= 4311.3s
[TRAIN][PPO] ep=148/500 r= -500.18 avg10= -500.25 steps=2166 succ10=0.00 touch10=0.00 col10=0.00 to10=0.00 min_d= 3.92 avg_spd=1.32m/s end=low_score t= 4341.9s
[TRAIN][PPO] ep=149/500 r= -500.53 avg10= -500.26 steps=2367 succ10=0.00 touch10=0.00 col10=0.00 to10=0.00 min_d= 3.70 avg_spd=1.32m/s end=low_score t= 4370.4s
[TRAIN][PPO] ep=150/500 r= -500.43 avg10= -500.28 steps=2267 succ10=0.00 touch10=0.00 col10=0.00 to10=0.00 min_d= 3.74 avg_spd=1.32m/s end=low_score t= 4397.6s
[TRAIN][PPO] ep=151/500 r= -500.06 avg10= -500.26 steps=2339 succ10=0.00 touch10=0.00 col10=0.00 to10=0.00 min_d= 3.70 avg_spd=1.32m/s end=low_score t= 4426.4s
[TRAIN][PPO] ep=152/500 r= -500.24 avg10= -500.28 steps=2345 succ10=0.00 touch10=0.00 col10=0.00 to10=0.00 min_d= 3.78 avg_spd=1.31m/s end=low_score t= 4460.4s
[TRAIN][PPO] ep=153/500 r= -500.52 avg10= -500.33 steps=2323 succ10=0.00 touch10=0.00 col10=0.00 to10=0.00 min_d= 3.74 avg_spd=1.32m/s end=low_score t= 4488.4s
[TRAIN][PPO] ep=154/500 r= -500.67 avg10= -500.34 steps=2203 succ10=0.00 touch10=0.00 col10=0.00 to10=0.00 min_d= 3.88 avg_spd=1.31m/s end=low_score t= 4515.3s
[TRAIN][PPO] ep=155/500 r= -500.27 avg10= -500.36 steps=2261 succ10=0.00 touch10=0.00 col10=0.00 to10=0.00 min_d= 3.81 avg_spd=1.32m/s end=low_score t= 4542.7s
[TRAIN][PPO] ep=156/500 r= -500.48 avg10= -500.40 steps=2199 succ10=0.00 touch10=0.00 col10=0.00 to10=0.00 min_d= 3.90 avg_spd=1.32m/s end=low_score t= 4572.4s
[TRAIN][PPO] ep=157/500 r= -500.00 avg10= -500.34 steps=2295 succ10=0.00 touch10=0.00 col10=0.00 to10=0.00 min_d= 3.80 avg_spd=1.31m/s end=low_score t= 4600.1s
[TRAIN][PPO] ep=158/500 r= -500.26 avg10= -500.35 steps=2274 succ10=0.00 touch10=0.00 col10=0.00 to10=0.00 min_d= 3.85 avg_spd=1.32m/s end=low_score t= 4627.6s
[TRAIN][PPO] ep=159/500 r= -500.24 avg10= -500.32 steps=2187 succ10=0.00 touch10=0.00 col10=0.00 to10=0.00 min_d= 3.84 avg_spd=1.31m/s end=low_score t= 4654.2s
[TRAIN][PPO] ep=160/500 r= -500.10 avg10= -500.29 steps=2343 succ10=0.00 touch10=0.00 col10=0.00 to10=0.00 min_d= 3.69 avg_spd=1.31m/s end=low_score t= 4685.6s
[TRAIN][PPO] ep=161/500 r= -500.68 avg10= -500.35 steps=2347 succ10=0.00 touch10=0.00 col10=0.00 to10=0.00 min_d= 3.71 avg_spd=1.31m/s end=low_score t= 4713.4s
[TRAIN][PPO] ep=162/500 r= -500.15 avg10= -500.34 steps=2193 succ10=0.00 touch10=0.00 col10=0.00 to10=0.00 min_d= 3.80 avg_spd=1.31m/s end=low_score t= 4739.7s
[TRAIN][PPO] ep=163/500 r= -500.27 avg10= -500.31 steps=2200 succ10=0.00 touch10=0.00 col10=0.00 to10=0.00 min_d= 3.80 avg_spd=1.31m/s end=low_score t= 4765.7s
[TRAIN][PPO] ep=164/500 r= -500.04 avg10= -500.25 steps=2313 succ10=0.00 touch10=0.00 col10=0.00 to10=0.00 min_d= 3.68 avg_spd=1.31m/s end=low_score t= 4795.7s
[TRAIN][PPO] ep=165/500 r= -500.60 avg10= -500.28 steps=2324 succ10=0.00 touch10=0.00 col10=0.00 to10=0.00 min_d= 3.68 avg_spd=1.32m/s end=low_score t= 4823.4s
[TRAIN][PPO] ep=166/500 r= -500.21 avg10= -500.26 steps=2158 succ10=0.00 touch10=0.00 col10=0.00 to10=0.00 min_d= 3.89 avg_spd=1.32m/s end=low_score t= 4848.9s
[TRAIN][PPO] ep=167/500 r= -500.01 avg10= -500.26 steps=2185 succ10=0.00 touch10=0.00 col10=0.00 to10=0.00 min_d= 3.79 avg_spd=1.32m/s end=low_score t= 4874.9s
[TRAIN][PPO] ep=168/500 r= -500.22 avg10= -500.25 steps=2271 succ10=0.00 touch10=0.00 col10=0.00 to10=0.00 min_d= 3.78 avg_spd=1.32m/s end=low_score t= 4907.2s
[TRAIN][PPO] ep=169/500 r= -500.56 avg10= -500.28 steps=2219 succ10=0.00 touch10=0.00 col10=0.00 to10=0.00 min_d= 3.80 avg_spd=1.31m/s end=low_score t= 4933.7s
[TRAIN][PPO] ep=170/500 r= -500.01 avg10= -500.27 steps=1770 succ10=0.00 touch10=0.00 col10=0.00 to10=0.00 min_d= 3.99 avg_spd=1.30m/s end=low_score t= 4954.8s
[TRAIN][PPO] ep=171/500 r= -500.44 avg10= -500.25 steps=2312 succ10=0.00 touch10=0.00 col10=0.00 to10=0.00 min_d= 3.79 avg_spd=1.31m/s end=low_score t= 4982.7s
[TRAIN][PPO] ep=172/500 r= -500.58 avg10= -500.29 steps=2326 succ10=0.00 touch10=0.00 col10=0.00 to10=0.00 min_d= 3.70 avg_spd=1.32m/s end=low_score t= 5013.8s
[TRAIN][PPO] ep=173/500 r= -500.12 avg10= -500.28 steps=2163 succ10=0.00 touch10=0.00 col10=0.00 to10=0.00 min_d= 3.82 avg_spd=1.32m/s end=low_score t= 5039.7s
[TRAIN][PPO] ep=174/500 r= -500.00 avg10= -500.27 steps=2316 succ10=0.00 touch10=0.00 col10=0.00 to10=0.00 min_d= 3.81 avg_spd=1.32m/s end=low_score t= 5067.5s
[TRAIN][PPO] ep=175/500 r= -500.31 avg10= -500.25 steps=2185 succ10=0.00 touch10=0.00 col10=0.00 to10=0.00 min_d= 3.88 avg_spd=1.31m/s end=low_score t= 5093.0s
[TRAIN][PPO] ep=176/500 r= -500.32 avg10= -500.26 steps=2294 succ10=0.00 touch10=0.00 col10=0.00 to10=0.00 min_d= 3.80 avg_spd=1.32m/s end=low_score t= 5123.8s
[TRAIN][PPO] ep=177/500 r= -500.12 avg10= -500.27 steps=2196 succ10=0.00 touch10=0.00 col10=0.00 to10=0.00 min_d= 3.88 avg_spd=1.31m/s end=low_score t= 5150.0s
[TRAIN][PPO] ep=178/500 r= -500.04 avg10= -500.25 steps=2337 succ10=0.00 touch10=0.00 col10=0.00 to10=0.00 min_d= 3.70 avg_spd=1.31m/s end=low_score t= 5178.3s
[TRAIN][PPO] ep=179/500 r= -500.16 avg10= -500.21 steps=2345 succ10=0.00 touch10=0.00 col10=0.00 to10=0.00 min_d= 3.72 avg_spd=1.31m/s end=low_score t= 5206.6s
[TRAIN][PPO] ep=180/500 r= -500.12 avg10= -500.22 steps=2204 succ10=0.00 touch10=0.00 col10=0.00 to10=0.00 min_d= 3.85 avg_spd=1.31m/s end=low_score t= 5236.2s
[TRAIN][PPO] ep=181/500 r= -500.40 avg10= -500.22 steps=2290 succ10=0.00 touch10=0.00 col10=0.00 to10=0.00 min_d= 3.76 avg_spd=1.31m/s end=low_score t= 5263.6s
[TRAIN][PPO] ep=182/500 r= -500.40 avg10= -500.20 steps=2151 succ10=0.00 touch10=0.00 col10=0.00 to10=0.00 min_d= 3.85 avg_spd=1.30m/s end=low_score t= 5289.1s
[TRAIN][PPO] ep=183/500 r= -500.70 avg10= -500.26 steps=2315 succ10=0.00 touch10=0.00 col10=0.00 to10=0.00 min_d= 3.74 avg_spd=1.31m/s end=low_score t= 5317.2s
[TRAIN][PPO] ep=184/500 r= -500.21 avg10= -500.28 steps=2364 succ10=0.00 touch10=0.00 col10=0.00 to10=0.00 min_d= 3.68 avg_spd=1.32m/s end=low_score t= 5349.4s
[TRAIN][PPO] ep=185/500 r= -500.65 avg10= -500.31 steps=2321 succ10=0.00 touch10=0.00 col10=0.00 to10=0.00 min_d= 3.80 avg_spd=1.31m/s end=low_score t= 5376.9s
[TRAIN][PPO] ep=186/500 r= -500.59 avg10= -500.34 steps=2231 succ10=0.00 touch10=0.00 col10=0.00 to10=0.00 min_d= 3.87 avg_spd=1.31m/s end=low_score t= 5403.6s
[TRAIN][PPO] ep=187/500 r= -500.34 avg10= -500.36 steps=2299 succ10=0.00 touch10=0.00 col10=0.00 to10=0.00 min_d= 3.74 avg_spd=1.31m/s end=low_score t= 5430.9s
[TRAIN][PPO] ep=188/500 r= -500.43 avg10= -500.40 steps=2321 succ10=0.00 touch10=0.00 col10=0.00 to10=0.00 min_d= 3.76 avg_spd=1.31m/s end=low_score t= 5462.0s
[TRAIN][PPO] ep=189/500 r= -500.27 avg10= -500.41 steps=2272 succ10=0.00 touch10=0.00 col10=0.00 to10=0.00 min_d= 3.78 avg_spd=1.31m/s end=low_score t= 5488.7s
[TRAIN][PPO] ep=190/500 r= -500.59 avg10= -500.46 steps=2194 succ10=0.00 touch10=0.00 col10=0.00 to10=0.00 min_d= 3.79 avg_spd=1.31m/s end=low_score t= 5515.0s
[TRAIN][PPO] ep=191/500 r= -500.48 avg10= -500.47 steps=2221 succ10=0.00 touch10=0.00 col10=0.00 to10=0.00 min_d= 3.79 avg_spd=1.31m/s end=low_score t= 5541.2s
[TRAIN][PPO] ep=192/500 r= -500.27 avg10= -500.45 steps=2274 succ10=0.00 touch10=0.00 col10=0.00 to10=0.00 min_d= 3.85 avg_spd=1.31m/s end=low_score t= 5571.5s
[TRAIN][PPO] ep=193/500 r= -500.15 avg10= -500.40 steps=2319 succ10=0.00 touch10=0.00 col10=0.00 to10=0.00 min_d= 3.79 avg_spd=1.31m/s end=low_score t= 5598.8s
[TRAIN][PPO] ep=194/500 r= -500.41 avg10= -500.42 steps=2158 succ10=0.00 touch10=0.00 col10=0.00 to10=0.00 min_d= 3.81 avg_spd=1.31m/s end=low_score t= 5624.9s
[TRAIN][PPO] ep=195/500 r= -500.19 avg10= -500.37 steps=2219 succ10=0.00 touch10=0.00 col10=0.00 to10=0.00 min_d= 3.81 avg_spd=1.30m/s end=low_score t= 5651.8s
[TRAIN][PPO] ep=196/500 r= -500.50 avg10= -500.36 steps=2148 succ10=0.00 touch10=0.00 col10=0.00 to10=0.00 min_d= 3.88 avg_spd=1.31m/s end=low_score t= 5680.8s
[TRAIN][PPO] ep=197/500 r= -500.61 avg10= -500.39 steps=2280 succ10=0.00 touch10=0.00 col10=0.00 to10=0.00 min_d= 3.83 avg_spd=1.31m/s end=low_score t= 5708.1s
[TRAIN][PPO] ep=198/500 r= -500.52 avg10= -500.40 steps=2277 succ10=0.00 touch10=0.00 col10=0.00 to10=0.00 min_d= 3.83 avg_spd=1.31m/s end=low_score t= 5735.4s
[TRAIN][PPO] ep=199/500 r= -500.59 avg10= -500.43 steps=2235 succ10=0.00 touch10=0.00 col10=0.00 to10=0.00 min_d= 3.87 avg_spd=1.31m/s end=low_score t= 5762.2s
[TRAIN][PPO] ep=200/500 r= -500.13 avg10= -500.38 steps=2276 succ10=0.00 touch10=0.00 col10=0.00 to10=0.00 min_d= 3.81 avg_spd=1.31m/s end=low_score t= 5793.0s ckpt=latest
[TRAIN][PPO] ep=201/500 r= -500.01 avg10= -500.34 steps=2258 succ10=0.00 touch10=0.00 col10=0.00 to10=0.00 min_d= 3.72 avg_spd=1.32m/s end=low_score t= 5820.1s
[TRAIN][PPO] ep=202/500 r= -500.07 avg10= -500.32 steps=2303 succ10=0.00 touch10=0.00 col10=0.00 to10=0.00 min_d= 3.77 avg_spd=1.31m/s end=low_score t= 5847.5s
[TRAIN][PPO] ep=203/500 r= -500.56 avg10= -500.36 steps=2233 succ10=0.00 touch10=0.00 col10=0.00 to10=0.00 min_d= 3.77 avg_spd=1.32m/s end=low_score t= 5873.9s
[TRAIN][PPO] ep=204/500 r= -500.63 avg10= -500.38 steps=2251 succ10=0.00 touch10=0.00 col10=0.00 to10=0.00 min_d= 3.76 avg_spd=1.32m/s end=low_score t= 5904.5s
[TRAIN][PPO] ep=205/500 r= -500.55 avg10= -500.42 steps=2339 succ10=0.00 touch10=0.00 col10=0.00 to10=0.00 min_d= 3.71 avg_spd=1.32m/s end=low_score t= 5932.6s
[TRAIN][PPO] ep=206/500 r= -500.28 avg10= -500.40 steps=2154 succ10=0.00 touch10=0.00 col10=0.00 to10=0.00 min_d= 3.93 avg_spd=1.31m/s end=low_score t= 5958.4s
[TRAIN][PPO] ep=207/500 r= -500.42 avg10= -500.38 steps=2230 succ10=0.00 touch10=0.00 col10=0.00 to10=0.00 min_d= 3.79 avg_spd=1.31m/s end=low_score t= 5984.6s
[TRAIN][PPO] ep=208/500 r= -500.51 avg10= -500.37 steps=2262 succ10=0.00 touch10=0.00 col10=0.00 to10=0.00 min_d= 3.80 avg_spd=1.32m/s end=low_score t= 6015.4s
[TRAIN][PPO] ep=209/500 r= -500.60 avg10= -500.38 steps=2355 succ10=0.00 touch10=0.00 col10=0.00 to10=0.00 min_d= 3.60 avg_spd=1.32m/s end=low_score t= 6043.5s
[TRAIN][PPO] ep=210/500 r= -500.67 avg10= -500.43 steps=2322 succ10=0.00 touch10=0.00 col10=0.00 to10=0.00 min_d= 3.73 avg_spd=1.32m/s end=low_score t= 6071.3s
[TRAIN][PPO] ep=211/500 r= -500.70 avg10= -500.50 steps=2256 succ10=0.00 touch10=0.00 col10=0.00 to10=0.00 min_d= 3.75 avg_spd=1.32m/s end=low_score t= 6098.5s
[TRAIN][PPO] ep=212/500 r= -500.52 avg10= -500.54 steps=2284 succ10=0.00 touch10=0.00 col10=0.00 to10=0.00 min_d= 3.78 avg_spd=1.32m/s end=low_score t= 6129.1s
[TRAIN][PPO] ep=213/500 r= -500.32 avg10= -500.52 steps=2140 succ10=0.00 touch10=0.00 col10=0.00 to10=0.00 min_d= 3.88 avg_spd=1.31m/s end=low_score t= 6154.8s
[TRAIN][PPO] ep=214/500 r= -500.46 avg10= -500.50 steps=2154 succ10=0.00 touch10=0.00 col10=0.00 to10=0.00 min_d= 3.92 avg_spd=1.31m/s end=low_score t= 6180.6s
[TRAIN][PPO] ep=215/500 r= -500.66 avg10= -500.51 steps=2322 succ10=0.00 touch10=0.00 col10=0.00 to10=0.00 min_d= 3.74 avg_spd=1.31m/s end=low_score t= 6208.7s
[TRAIN][PPO] ep=216/500 r= -500.13 avg10= -500.50 steps=2231 succ10=0.00 touch10=0.00 col10=0.00 to10=0.00 min_d= 3.76 avg_spd=1.32m/s end=low_score t= 6239.3s
[TRAIN][PPO] ep=217/500 r= -500.31 avg10= -500.49 steps=2160 succ10=0.00 touch10=0.00 col10=0.00 to10=0.00 min_d= 3.81 avg_spd=1.31m/s end=low_score t= 6265.1s
[TRAIN][PPO] ep=218/500 r= -500.18 avg10= -500.45 steps=2178 succ10=0.00 touch10=0.00 col10=0.00 to10=0.00 min_d= 3.87 avg_spd=1.32m/s end=low_score t= 6291.0s
[TRAIN][PPO] ep=219/500 r= -500.48 avg10= -500.44 steps=2302 succ10=0.00 touch10=0.00 col10=0.00 to10=0.00 min_d= 3.72 avg_spd=1.32m/s end=low_score t= 6318.7s
[TRAIN][PPO] ep=220/500 r= -500.44 avg10= -500.42 steps=2296 succ10=0.00 touch10=0.00 col10=0.00 to10=0.00 min_d= 3.68 avg_spd=1.32m/s end=low_score t= 6351.5s
[TRAIN][PPO] ep=221/500 r= -500.42 avg10= -500.39 steps=2210 succ10=0.00 touch10=0.00 col10=0.00 to10=0.00 min_d= 3.81 avg_spd=1.32m/s end=low_score t= 6377.9s
[TRAIN][PPO] ep=222/500 r= -500.19 avg10= -500.36 steps=2289 succ10=0.00 touch10=0.00 col10=0.00 to10=0.00 min_d= 3.77 avg_spd=1.33m/s end=low_score t= 6405.6s
[TRAIN][PPO] ep=223/500 r= -500.60 avg10= -500.39 steps=2169 succ10=0.00 touch10=0.00 col10=0.00 to10=0.00 min_d= 3.81 avg_spd=1.32m/s end=low_score t= 6431.6s
[TRAIN][PPO] ep=224/500 r= -500.53 avg10= -500.39 steps=2342 succ10=0.00 touch10=0.00 col10=0.00 to10=0.00 min_d= 3.68 avg_spd=1.32m/s end=low_score t= 6463.8s
[TRAIN][PPO] ep=225/500 r= -500.24 avg10= -500.35 steps=2151 succ10=0.00 touch10=0.00 col10=0.00 to10=0.00 min_d= 3.88 avg_spd=1.32m/s end=low_score t= 6489.5s
[TRAIN][PPO] ep=226/500 r= -500.38 avg10= -500.38 steps=2276 succ10=0.00 touch10=0.00 col10=0.00 to10=0.00 min_d= 3.71 avg_spd=1.32m/s end=low_score t= 6517.2s
[TRAIN][PPO] ep=227/500 r= -500.34 avg10= -500.38 steps=2204 succ10=0.00 touch10=0.00 col10=0.00 to10=0.00 min_d= 3.88 avg_spd=1.33m/s end=low_score t= 6544.0s
[TRAIN][PPO] ep=228/500 r= -500.05 avg10= -500.37 steps=2356 succ10=0.00 touch10=0.00 col10=0.00 to10=0.00 min_d= 3.67 avg_spd=1.33m/s end=low_score t= 6577.0s
[TRAIN][PPO] ep=229/500 r= -500.58 avg10= -500.38 steps=2243 succ10=0.00 touch10=0.00 col10=0.00 to10=0.00 min_d= 3.78 avg_spd=1.32m/s end=low_score t= 6603.9s
[TRAIN][PPO] ep=230/500 r= -500.38 avg10= -500.37 steps=2328 succ10=0.00 touch10=0.00 col10=0.00 to10=0.00 min_d= 3.65 avg_spd=1.33m/s end=low_score t= 6632.2s
[TRAIN][PPO] ep=231/500 r= -500.59 avg10= -500.39 steps=2163 succ10=0.00 touch10=0.00 col10=0.00 to10=0.00 min_d= 3.87 avg_spd=1.32m/s end=low_score t= 6658.4s
[TRAIN][PPO] ep=232/500 r= -500.45 avg10= -500.41 steps=2285 succ10=0.00 touch10=0.00 col10=0.00 to10=0.00 min_d= 3.71 avg_spd=1.32m/s end=low_score t= 6689.2s
[TRAIN][PPO] ep=233/500 r= -500.34 avg10= -500.39 steps=2286 succ10=0.00 touch10=0.00 col10=0.00 to10=0.00 min_d= 3.71 avg_spd=1.33m/s end=low_score t= 6716.8s
[TRAIN][PPO] ep=234/500 r= -500.63 avg10= -500.40 steps=2327 succ10=0.00 touch10=0.00 col10=0.00 to10=0.00 min_d= 3.77 avg_spd=1.33m/s end=low_score t= 6744.5s
[TRAIN][PPO] ep=235/500 r=  -41.79 avg10= -454.55 steps=  37 succ10=0.00 touch10=0.00 col10=0.10 to10=0.00 min_d= 3.84 avg_spd=1.34m/s end=collision t= 6745.1s
[TRAIN][PPO] ep=236/500 r= -500.55 avg10= -454.57 steps=2315 succ10=0.00 touch10=0.00 col10=0.10 to10=0.00 min_d= 3.71 avg_spd=1.32m/s end=low_score t= 6775.8s
[TRAIN][PPO] ep=237/500 r= -500.12 avg10= -454.55 steps=2374 succ10=0.00 touch10=0.00 col10=0.10 to10=0.00 min_d= 3.71 avg_spd=1.33m/s end=low_score t= 6804.5s
[TRAIN][PPO] ep=238/500 r= -500.01 avg10= -454.54 steps=2190 succ10=0.00 touch10=0.00 col10=0.10 to10=0.00 min_d= 3.81 avg_spd=1.33m/s end=low_score t= 6830.9s
[TRAIN][PPO] ep=239/500 r= -500.69 avg10= -454.55 steps=2360 succ10=0.00 touch10=0.00 col10=0.10 to10=0.00 min_d= 3.71 avg_spd=1.32m/s end=low_score t= 6859.1s
[TRAIN][PPO] ep=240/500 r= -500.63 avg10= -454.58 steps=2247 succ10=0.00 touch10=0.00 col10=0.10 to10=0.00 min_d= 3.80 avg_spd=1.32m/s end=low_score t= 6889.3s
[TRAIN][PPO] ep=241/500 r= -500.49 avg10= -454.57 steps=2294 succ10=0.00 touch10=0.00 col10=0.10 to10=0.00 min_d= 3.74 avg_spd=1.33m/s end=low_score t= 6916.4s
[TRAIN][PPO] ep=242/500 r= -500.65 avg10= -454.59 steps=2252 succ10=0.00 touch10=0.00 col10=0.10 to10=0.00 min_d= 3.84 avg_spd=1.32m/s end=low_score t= 6943.3s
[TRAIN][PPO] ep=243/500 r= -500.36 avg10= -454.59 steps=2270 succ10=0.00 touch10=0.00 col10=0.10 to10=0.00 min_d= 3.70 avg_spd=1.33m/s end=low_score t= 6970.3s
[TRAIN][PPO] ep=244/500 r= -500.43 avg10= -454.57 steps=2318 succ10=0.00 touch10=0.00 col10=0.10 to10=0.00 min_d= 3.65 avg_spd=1.32m/s end=low_score t= 7002.3s
[TRAIN][PPO] ep=245/500 r= -500.49 avg10= -500.44 steps=2188 succ10=0.00 touch10=0.00 col10=0.00 to10=0.00 min_d= 3.77 avg_spd=1.33m/s end=low_score t= 7028.5s
[TRAIN][PPO] ep=246/500 r= -500.50 avg10= -500.44 steps=2310 succ10=0.00 touch10=0.00 col10=0.00 to10=0.00 min_d= 3.66 avg_spd=1.33m/s end=low_score t= 7056.0s
[TRAIN][PPO] ep=247/500 r= -500.59 avg10= -500.48 steps=2221 succ10=0.00 touch10=0.00 col10=0.00 to10=0.00 min_d= 3.78 avg_spd=1.32m/s end=low_score t= 7082.5s
[TRAIN][PPO] ep=248/500 r= -500.37 avg10= -500.52 steps=2278 succ10=0.00 touch10=0.00 col10=0.00 to10=0.00 min_d= 3.74 avg_spd=1.33m/s end=low_score t= 7114.8s
[TRAIN][PPO] ep=249/500 r= -500.05 avg10= -500.46 steps=2288 succ10=0.00 touch10=0.00 col10=0.00 to10=0.00 min_d= 3.76 avg_spd=1.32m/s end=low_score t= 7142.6s
[TRAIN][PPO] ep=250/500 r= -500.61 avg10= -500.45 steps=2351 succ10=0.00 touch10=0.00 col10=0.00 to10=0.00 min_d= 3.66 avg_spd=1.33m/s end=low_score t= 7171.5s
[TRAIN][PPO] ep=251/500 r= -500.15 avg10= -500.42 steps=2298 succ10=0.00 touch10=0.00 col10=0.00 to10=0.00 min_d= 3.66 avg_spd=1.33m/s end=low_score t= 7198.5s
[TRAIN][PPO] ep=252/500 r= -500.22 avg10= -500.38 steps=2290 succ10=0.00 touch10=0.00 col10=0.00 to10=0.00 min_d= 3.71 avg_spd=1.32m/s end=low_score t= 7229.2s
[TRAIN][PPO] ep=253/500 r= -500.19 avg10= -500.36 steps=2242 succ10=0.00 touch10=0.00 col10=0.00 to10=0.00 min_d= 3.85 avg_spd=1.33m/s end=low_score t= 7255.8s
[TRAIN][PPO] ep=254/500 r= -500.29 avg10= -500.35 steps=2341 succ10=0.00 touch10=0.00 col10=0.00 to10=0.00 min_d= 3.69 avg_spd=1.32m/s end=low_score t= 7283.7s
[TRAIN][PPO] ep=255/500 r= -500.69 avg10= -500.37 steps=2318 succ10=0.00 touch10=0.00 col10=0.00 to10=0.00 min_d= 3.73 avg_spd=1.33m/s end=low_score t= 7311.1s
[TRAIN][PPO] ep=256/500 r= -500.30 avg10= -500.35 steps=2362 succ10=0.00 touch10=0.00 col10=0.00 to10=0.00 min_d= 3.74 avg_spd=1.32m/s end=low_score t= 7344.9s
[TRAIN][PPO] ep=257/500 r= -500.03 avg10= -500.29 steps=2315 succ10=0.00 touch10=0.00 col10=0.00 to10=0.00 min_d= 3.65 avg_spd=1.32m/s end=low_score t= 7372.5s
[TRAIN][PPO] ep=258/500 r= -500.16 avg10= -500.27 steps=2229 succ10=0.00 touch10=0.00 col10=0.00 to10=0.00 min_d= 3.76 avg_spd=1.33m/s end=low_score t= 7399.5s
[TRAIN][PPO] ep=259/500 r= -500.02 avg10= -500.27 steps=2159 succ10=0.00 touch10=0.00 col10=0.00 to10=0.00 min_d= 3.84 avg_spd=1.32m/s end=low_score t= 7425.8s
[TRAIN][PPO] ep=260/500 r= -500.30 avg10= -500.24 steps=2324 succ10=0.00 touch10=0.00 col10=0.00 to10=0.00 min_d= 3.66 avg_spd=1.32m/s end=low_score t= 7458.5s
[TRAIN][PPO] ep=261/500 r= -500.52 avg10= -500.27 steps=2233 succ10=0.00 touch10=0.00 col10=0.00 to10=0.00 min_d= 3.80 avg_spd=1.32m/s end=low_score t= 7485.6s
[TRAIN][PPO] ep=262/500 r= -500.41 avg10= -500.29 steps=2182 succ10=0.00 touch10=0.00 col10=0.00 to10=0.00 min_d= 3.86 avg_spd=1.32m/s end=low_score t= 7511.9s
[TRAIN][PPO] ep=263/500 r= -500.59 avg10= -500.33 steps=2221 succ10=0.00 touch10=0.00 col10=0.00 to10=0.00 min_d= 3.82 avg_spd=1.32m/s end=low_score t= 7538.7s
[TRAIN][PPO] ep=264/500 r= -500.66 avg10= -500.37 steps=2350 succ10=0.00 touch10=0.00 col10=0.00 to10=0.00 min_d= 3.69 avg_spd=1.32m/s end=low_score t= 7570.4s
[TRAIN][PPO] ep=265/500 r= -500.09 avg10= -500.31 steps=2232 succ10=0.00 touch10=0.00 col10=0.00 to10=0.00 min_d= 3.83 avg_spd=1.32m/s end=low_score t= 7597.4s
[TRAIN][PPO] ep=266/500 r= -500.02 avg10= -500.28 steps=2223 succ10=0.00 touch10=0.00 col10=0.00 to10=0.00 min_d= 3.81 avg_spd=1.31m/s end=low_score t= 7624.2s
[TRAIN][PPO] ep=267/500 r= -500.40 avg10= -500.32 steps=2167 succ10=0.00 touch10=0.00 col10=0.00 to10=0.00 min_d= 3.89 avg_spd=1.32m/s end=low_score t= 7650.0s
[TRAIN][PPO] ep=268/500 r= -500.47 avg10= -500.35 steps=2266 succ10=0.00 touch10=0.00 col10=0.00 to10=0.00 min_d= 3.68 avg_spd=1.32m/s end=low_score t= 7683.4s
[TRAIN][PPO] ep=269/500 r= -500.20 avg10= -500.37 steps=2161 succ10=0.00 touch10=0.00 col10=0.00 to10=0.00 min_d= 3.77 avg_spd=1.32m/s end=low_score t= 7709.5s
[TRAIN][PPO] ep=270/500 r= -500.51 avg10= -500.39 steps=2171 succ10=0.00 touch10=0.00 col10=0.00 to10=0.00 min_d= 3.81 avg_spd=1.32m/s end=low_score t= 7735.8s
[TRAIN][PPO] ep=271/500 r= -500.10 avg10= -500.34 steps=2325 succ10=0.00 touch10=0.00 col10=0.00 to10=0.00 min_d= 3.67 avg_spd=1.33m/s end=low_score t= 7763.7s
[TRAIN][PPO] ep=272/500 r= -500.73 avg10= -500.38 steps=2370 succ10=0.00 touch10=0.00 col10=0.00 to10=0.00 min_d= 3.69 avg_spd=1.32m/s end=low_score t= 7796.3s
[TRAIN][PPO] ep=273/500 r= -500.35 avg10= -500.35 steps=2348 succ10=0.00 touch10=0.00 col10=0.00 to10=0.00 min_d= 3.69 avg_spd=1.32m/s end=low_score t= 7824.3s
[TRAIN][PPO] ep=274/500 r= -500.47 avg10= -500.33 steps=2173 succ10=0.00 touch10=0.00 col10=0.00 to10=0.00 min_d= 3.82 avg_spd=1.32m/s end=low_score t= 7850.5s
[TRAIN][PPO] ep=275/500 r= -500.43 avg10= -500.37 steps=2359 succ10=0.00 touch10=0.00 col10=0.00 to10=0.00 min_d= 3.64 avg_spd=1.32m/s end=low_score t= 7878.6s
[TRAIN][PPO] ep=276/500 r= -500.30 avg10= -500.39 steps=2282 succ10=0.00 touch10=0.00 col10=0.00 to10=0.00 min_d= 3.72 avg_spd=1.32m/s end=low_score t= 7909.2s
[TRAIN][PPO] ep=277/500 r= -500.24 avg10= -500.38 steps=2233 succ10=0.00 touch10=0.00 col10=0.00 to10=0.00 min_d= 3.77 avg_spd=1.32m/s end=low_score t= 7935.4s
[TRAIN][PPO] ep=278/500 r= -500.51 avg10= -500.38 steps=2345 succ10=0.00 touch10=0.00 col10=0.00 to10=0.00 min_d= 3.65 avg_spd=1.32m/s end=low_score t= 7963.5s
[TRAIN][PPO] ep=279/500 r= -500.08 avg10= -500.37 steps=2180 succ10=0.00 touch10=0.00 col10=0.00 to10=0.00 min_d= 3.87 avg_spd=1.32m/s end=low_score t= 7989.6s
[TRAIN][PPO] ep=280/500 r= -500.25 avg10= -500.34 steps=2279 succ10=0.00 touch10=0.00 col10=0.00 to10=0.00 min_d= 3.66 avg_spd=1.32m/s end=low_score t= 8020.4s
[TRAIN][PPO] ep=281/500 r= -500.34 avg10= -500.37 steps=2279 succ10=0.00 touch10=0.00 col10=0.00 to10=0.00 min_d= 3.65 avg_spd=1.32m/s end=low_score t= 8047.6s
[TRAIN][PPO] ep=282/500 r= -500.34 avg10= -500.33 steps=2354 succ10=0.00 touch10=0.00 col10=0.00 to10=0.00 min_d= 3.69 avg_spd=1.32m/s end=low_score t= 8075.9s
[TRAIN][PPO] ep=283/500 r= -500.03 avg10= -500.30 steps=2222 succ10=0.00 touch10=0.00 col10=0.00 to10=0.00 min_d= 3.84 avg_spd=1.32m/s end=low_score t= 8102.8s
[TRAIN][PPO] ep=284/500 r= -500.24 avg10= -500.28 steps=2349 succ10=0.00 touch10=0.00 col10=0.00 to10=0.00 min_d= 3.61 avg_spd=1.33m/s end=low_score t= 8135.1s
[TRAIN][PPO] ep=285/500 r= -500.52 avg10= -500.28 steps=2264 succ10=0.00 touch10=0.00 col10=0.00 to10=0.00 min_d= 3.71 avg_spd=1.32m/s end=low_score t= 8161.7s
[TRAIN][PPO] ep=286/500 r= -500.12 avg10= -500.27 steps=2167 succ10=0.00 touch10=0.00 col10=0.00 to10=0.00 min_d= 3.89 avg_spd=1.32m/s end=low_score t= 8187.7s
[TRAIN][PPO] ep=287/500 r= -500.50 avg10= -500.29 steps=2337 succ10=0.00 touch10=0.00 col10=0.00 to10=0.00 min_d= 3.67 avg_spd=1.33m/s end=low_score t= 8215.7s
[TRAIN][PPO] ep=288/500 r= -500.25 avg10= -500.27 steps=2143 succ10=0.00 touch10=0.00 col10=0.00 to10=0.00 min_d= 3.87 avg_spd=1.31m/s end=low_score t= 8244.5s
[TRAIN][PPO] ep=289/500 r= -500.59 avg10= -500.32 steps=2227 succ10=0.00 touch10=0.00 col10=0.00 to10=0.00 min_d= 3.75 avg_spd=1.32m/s end=low_score t= 8271.6s
[TRAIN][PPO] ep=290/500 r= -500.13 avg10= -500.31 steps=2201 succ10=0.00 touch10=0.00 col10=0.00 to10=0.00 min_d= 3.87 avg_spd=1.32m/s end=low_score t= 8298.1s
[TRAIN][PPO] ep=291/500 r= -500.09 avg10= -500.28 steps=2318 succ10=0.00 touch10=0.00 col10=0.00 to10=0.00 min_d= 3.64 avg_spd=1.33m/s end=low_score t= 8326.5s
[TRAIN][PPO] ep=292/500 r= -500.29 avg10= -500.28 steps=2348 succ10=0.00 touch10=0.00 col10=0.00 to10=0.00 min_d= 3.66 avg_spd=1.32m/s end=low_score t= 8358.4s
[TRAIN][PPO] ep=293/500 r= -500.15 avg10= -500.29 steps=2344 succ10=0.00 touch10=0.00 col10=0.00 to10=0.00 min_d= 3.63 avg_spd=1.32m/s end=low_score t= 8386.9s
[TRAIN][PPO] ep=294/500 r= -500.32 avg10= -500.30 steps=2254 succ10=0.00 touch10=0.00 col10=0.00 to10=0.00 min_d= 3.74 avg_spd=1.32m/s end=low_score t= 8414.1s
[TRAIN][PPO] ep=295/500 r= -500.11 avg10= -500.26 steps=2228 succ10=0.00 touch10=0.00 col10=0.00 to10=0.00 min_d= 3.83 avg_spd=1.33m/s end=low_score t= 8441.0s
[TRAIN][PPO] ep=296/500 r= -500.35 avg10= -500.28 steps=2278 succ10=0.00 touch10=0.00 col10=0.00 to10=0.00 min_d= 3.73 avg_spd=1.32m/s end=low_score t= 8471.9s
[TRAIN][PPO] ep=297/500 r= -500.45 avg10= -500.27 steps=2194 succ10=0.00 touch10=0.00 col10=0.00 to10=0.00 min_d= 3.84 avg_spd=1.32m/s end=low_score t= 8498.8s
[TRAIN][PPO] ep=298/500 r= -500.17 avg10= -500.26 steps=2358 succ10=0.00 touch10=0.00 col10=0.00 to10=0.00 min_d= 3.70 avg_spd=1.33m/s end=low_score t= 8527.2s
[TRAIN][PPO] ep=299/500 r= -500.17 avg10= -500.22 steps=2213 succ10=0.00 touch10=0.00 col10=0.00 to10=0.00 min_d= 3.77 avg_spd=1.33m/s end=low_score t= 8554.2s
[TRAIN][PPO] ep=300/500 r= -500.03 avg10= -500.21 steps=2235 succ10=0.00 touch10=0.00 col10=0.00 to10=0.00 min_d= 3.83 avg_spd=1.33m/s end=low_score t= 8584.6s ckpt=latest
[TRAIN][PPO] ep=301/500 r= -500.45 avg10= -500.25 steps=2243 succ10=0.00 touch10=0.00 col10=0.00 to10=0.00 min_d= 3.70 avg_spd=1.33m/s end=low_score t= 8611.8s
[TRAIN][PPO] ep=302/500 r= -500.63 avg10= -500.28 steps=2220 succ10=0.00 touch10=0.00 col10=0.00 to10=0.00 min_d= 3.79 avg_spd=1.32m/s end=low_score t= 8638.4s
[TRAIN][PPO] ep=303/500 r= -500.25 avg10= -500.29 steps=2146 succ10=0.00 touch10=0.00 col10=0.00 to10=0.00 min_d= 3.80 avg_spd=1.33m/s end=low_score t= 8664.6s
[TRAIN][PPO] ep=304/500 r= -337.78 avg10= -484.04 steps=1359 succ10=0.00 touch10=0.00 col10=0.10 to10=0.00 min_d= 3.70 avg_spd=1.32m/s end=collision t= 8685.3s
[TRAIN][PPO] ep=305/500 r= -500.04 avg10= -484.03 steps=2254 succ10=0.00 touch10=0.00 col10=0.10 to10=0.00 min_d= 3.69 avg_spd=1.32m/s end=low_score t= 8712.8s
[TRAIN][PPO] ep=306/500 r= -500.67 avg10= -484.06 steps=2286 succ10=0.00 touch10=0.00 col10=0.10 to10=0.00 min_d= 3.71 avg_spd=1.33m/s end=low_score t= 8740.5s
[TRAIN][PPO] ep=307/500 r= -500.20 avg10= -484.04 steps=2347 succ10=0.00 touch10=0.00 col10=0.10 to10=0.00 min_d= 3.71 avg_spd=1.33m/s end=low_score t= 8769.1s
[TRAIN][PPO] ep=308/500 r= -500.05 avg10= -484.03 steps=2285 succ10=0.00 touch10=0.00 col10=0.10 to10=0.00 min_d= 3.71 avg_spd=1.32m/s end=low_score t= 8800.5s
[TRAIN][PPO] ep=309/500 r= -500.47 avg10= -484.06 steps=2220 succ10=0.00 touch10=0.00 col10=0.10 to10=0.00 min_d= 3.82 avg_spd=1.32m/s end=low_score t= 8827.2s
[TRAIN][PPO] ep=310/500 r= -500.59 avg10= -484.11 steps=2296 succ10=0.00 touch10=0.00 col10=0.10 to10=0.00 min_d= 3.67 avg_spd=1.32m/s end=low_score t= 8855.0s
[TRAIN][PPO] ep=311/500 r= -500.33 avg10= -484.10 steps=2229 succ10=0.00 touch10=0.00 col10=0.10 to10=0.00 min_d= 3.79 avg_spd=1.33m/s end=low_score t= 8882.2s
[TRAIN][PPO] ep=312/500 r= -500.66 avg10= -484.10 steps=2325 succ10=0.00 touch10=0.00 col10=0.10 to10=0.00 min_d= 3.68 avg_spd=1.33m/s end=low_score t= 8913.7s
[TRAIN][PPO] ep=313/500 r= -500.42 avg10= -484.12 steps=2286 succ10=0.00 touch10=0.00 col10=0.10 to10=0.00 min_d= 3.73 avg_spd=1.32m/s end=low_score t= 8941.2s
[TRAIN][PPO] ep=314/500 r= -500.39 avg10= -500.38 steps=2299 succ10=0.00 touch10=0.00 col10=0.00 to10=0.00 min_d= 3.70 avg_spd=1.32m/s end=low_score t= 8968.8s
[TRAIN][PPO] ep=315/500 r= -500.42 avg10= -500.42 steps=2291 succ10=0.00 touch10=0.00 col10=0.00 to10=0.00 min_d= 3.68 avg_spd=1.32m/s end=low_score t= 8996.4s
[TRAIN][PPO] ep=316/500 r= -500.68 avg10= -500.42 steps=2256 succ10=0.00 touch10=0.00 col10=0.00 to10=0.00 min_d= 3.74 avg_spd=1.32m/s end=low_score t= 9027.4s
[TRAIN][PPO] ep=317/500 r= -500.18 avg10= -500.42 steps=2238 succ10=0.00 touch10=0.00 col10=0.00 to10=0.00 min_d= 3.71 avg_spd=1.31m/s end=low_score t= 9054.2s
[TRAIN][PPO] ep=318/500 r= -500.33 avg10= -500.45 steps=2236 succ10=0.00 touch10=0.00 col10=0.00 to10=0.00 min_d= 3.85 avg_spd=1.32m/s end=low_score t= 9081.4s
[TRAIN][PPO] ep=319/500 r= -500.11 avg10= -500.41 steps=2310 succ10=0.00 touch10=0.00 col10=0.00 to10=0.00 min_d= 3.71 avg_spd=1.32m/s end=low_score t= 9108.5s
[TRAIN][PPO] ep=320/500 r= -500.29 avg10= -500.38 steps=2211 succ10=0.00 touch10=0.00 col10=0.00 to10=0.00 min_d= 3.86 avg_spd=1.32m/s end=low_score t= 9139.0s
[TRAIN][PPO] ep=321/500 r= -500.19 avg10= -500.37 steps=2159 succ10=0.00 touch10=0.00 col10=0.00 to10=0.00 min_d= 3.76 avg_spd=1.32m/s end=low_score t= 9165.2s
[TRAIN][PPO] ep=322/500 r= -500.50 avg10= -500.35 steps=2263 succ10=0.00 touch10=0.00 col10=0.00 to10=0.00 min_d= 3.69 avg_spd=1.33m/s end=low_score t= 9192.3s
[TRAIN][PPO] ep=323/500 r= -500.04 avg10= -500.31 steps=2243 succ10=0.00 touch10=0.00 col10=0.00 to10=0.00 min_d= 3.83 avg_spd=1.33m/s end=low_score t= 9219.2s
[TRAIN][PPO] ep=324/500 r= -500.48 avg10= -500.32 steps=2191 succ10=0.00 touch10=0.00 col10=0.00 to10=0.00 min_d= 3.83 avg_spd=1.33m/s end=low_score t= 9249.4s
[TRAIN][PPO] ep=325/500 r= -500.59 avg10= -500.34 steps=2356 succ10=0.00 touch10=0.00 col10=0.00 to10=0.00 min_d= 3.70 avg_spd=1.33m/s end=low_score t= 9277.6s
[TRAIN][PPO] ep=326/500 r= -500.15 avg10= -500.28 steps=2247 succ10=0.00 touch10=0.00 col10=0.00 to10=0.00 min_d= 3.83 avg_spd=1.33m/s end=low_score t= 9304.7s
[TRAIN][PPO] ep=327/500 r= -500.58 avg10= -500.33 steps=2346 succ10=0.00 touch10=0.00 col10=0.00 to10=0.00 min_d= 3.68 avg_spd=1.32m/s end=low_score t= 9332.9s
[TRAIN][PPO] ep=328/500 r= -500.08 avg10= -500.30 steps=2270 succ10=0.00 touch10=0.00 col10=0.00 to10=0.00 min_d= 3.74 avg_spd=1.33m/s end=low_score t= 9364.1s
[TRAIN][PPO] ep=329/500 r= -500.47 avg10= -500.34 steps=2178 succ10=0.00 touch10=0.00 col10=0.00 to10=0.00 min_d= 3.84 avg_spd=1.32m/s end=low_score t= 9390.5s
[TRAIN][PPO] ep=330/500 r= -500.15 avg10= -500.32 steps=2247 succ10=0.00 touch10=0.00 col10=0.00 to10=0.00 min_d= 3.73 avg_spd=1.32m/s end=low_score t= 9417.7s
[TRAIN][PPO] ep=331/500 r= -500.67 avg10= -500.37 steps=2356 succ10=0.00 touch10=0.00 col10=0.00 to10=0.00 min_d= 3.63 avg_spd=1.32m/s end=low_score t= 9446.2s
[TRAIN][PPO] ep=332/500 r= -500.15 avg10= -500.33 steps=2295 succ10=0.00 touch10=0.00 col10=0.00 to10=0.00 min_d= 3.69 avg_spd=1.33m/s end=low_score t= 9477.8s
[TRAIN][PPO] ep=333/500 r= -500.30 avg10= -500.36 steps=2235 succ10=0.00 touch10=0.00 col10=0.00 to10=0.00 min_d= 3.74 avg_spd=1.31m/s end=low_score t= 9505.0s
[TRAIN][PPO] ep=334/500 r= -500.30 avg10= -500.34 steps=2270 succ10=0.00 touch10=0.00 col10=0.00 to10=0.00 min_d= 3.81 avg_spd=1.32m/s end=low_score t= 9532.5s
[TRAIN][PPO] ep=335/500 r= -500.41 avg10= -500.33 steps=2151 succ10=0.00 touch10=0.00 col10=0.00 to10=0.00 min_d= 3.86 avg_spd=1.32m/s end=low_score t= 9558.2s
[TRAIN][PPO] ep=336/500 r= -500.64 avg10= -500.37 steps=2287 succ10=0.00 touch10=0.00 col10=0.00 to10=0.00 min_d= 3.76 avg_spd=1.31m/s end=low_score t= 9589.4s
[TRAIN][PPO] ep=337/500 r= -500.50 avg10= -500.37 steps=2144 succ10=0.00 touch10=0.00 col10=0.00 to10=0.00 min_d= 3.87 avg_spd=1.32m/s end=low_score t= 9615.4s
[TRAIN][PPO] ep=338/500 r= -500.51 avg10= -500.41 steps=2227 succ10=0.00 touch10=0.00 col10=0.00 to10=0.00 min_d= 3.86 avg_spd=1.32m/s end=low_score t= 9642.1s
[TRAIN][PPO] ep=339/500 r= -500.32 avg10= -500.39 steps=2261 succ10=0.00 touch10=0.00 col10=0.00 to10=0.00 min_d= 3.74 avg_spd=1.32m/s end=low_score t= 9669.6s
[TRAIN][PPO] ep=340/500 r= -500.66 avg10= -500.45 steps=2339 succ10=0.00 touch10=0.00 col10=0.00 to10=0.00 min_d= 3.71 avg_spd=1.32m/s end=low_score t= 9700.9s
[TRAIN][PPO] ep=341/500 r= -500.50 avg10= -500.43 steps=2271 succ10=0.00 touch10=0.00 col10=0.00 to10=0.00 min_d= 3.79 avg_spd=1.32m/s end=low_score t= 9728.5s
[TRAIN][PPO] ep=342/500 r= -500.02 avg10= -500.42 steps=2203 succ10=0.00 touch10=0.00 col10=0.00 to10=0.00 min_d= 3.79 avg_spd=1.32m/s end=low_score t= 9755.0s
[TRAIN][PPO] ep=343/500 r= -500.34 avg10= -500.42 steps=2301 succ10=0.00 touch10=0.00 col10=0.00 to10=0.00 min_d= 3.77 avg_spd=1.32m/s end=low_score t= 9782.6s
[TRAIN][PPO] ep=344/500 r= -500.13 avg10= -500.40 steps=2186 succ10=0.00 touch10=0.00 col10=0.00 to10=0.00 min_d= 3.78 avg_spd=1.32m/s end=low_score t= 9812.4s
[TRAIN][PPO] ep=345/500 r= -500.67 avg10= -500.43 steps=2318 succ10=0.00 touch10=0.00 col10=0.00 to10=0.00 min_d= 3.63 avg_spd=1.32m/s end=low_score t= 9840.1s
[TRAIN][PPO] ep=346/500 r= -500.63 avg10= -500.43 steps=2329 succ10=0.00 touch10=0.00 col10=0.00 to10=0.00 min_d= 3.69 avg_spd=1.32m/s end=low_score t= 9868.4s
[TRAIN][PPO] ep=347/500 r= -500.01 avg10= -500.38 steps=2263 succ10=0.00 touch10=0.00 col10=0.00 to10=0.00 min_d= 3.80 avg_spd=1.32m/s end=low_score t= 9895.7s
[TRAIN][PPO] ep=348/500 r= -500.30 avg10= -500.36 steps=2241 succ10=0.00 touch10=0.00 col10=0.00 to10=0.00 min_d= 3.83 avg_spd=1.32m/s end=low_score t= 9926.0s
[TRAIN][PPO] ep=349/500 r= -500.63 avg10= -500.39 steps=2271 succ10=0.00 touch10=0.00 col10=0.00 to10=0.00 min_d= 3.72 avg_spd=1.32m/s end=low_score t= 9953.1s
[TRAIN][PPO] ep=350/500 r= -500.17 avg10= -500.34 steps=2308 succ10=0.00 touch10=0.00 col10=0.00 to10=0.00 min_d= 3.69 avg_spd=1.32m/s end=low_score t= 9981.3s
[TRAIN][PPO] ep=351/500 r= -500.05 avg10= -500.30 steps=2156 succ10=0.00 touch10=0.00 col10=0.00 to10=0.00 min_d= 3.75 avg_spd=1.33m/s end=low_score t=10007.4s
[TRAIN][PPO] ep=352/500 r= -500.00 avg10= -500.29 steps=2348 succ10=0.00 touch10=0.00 col10=0.00 to10=0.00 min_d= 3.66 avg_spd=1.32m/s end=low_score t=10039.0s
[TRAIN][PPO] ep=353/500 r= -500.30 avg10= -500.29 steps=2302 succ10=0.00 touch10=0.00 col10=0.00 to10=0.00 min_d= 3.72 avg_spd=1.32m/s end=low_score t=10066.4s
[TRAIN][PPO] ep=354/500 r= -500.25 avg10= -500.30 steps=2317 succ10=0.00 touch10=0.00 col10=0.00 to10=0.00 min_d= 3.63 avg_spd=1.32m/s end=low_score t=10094.1s
[TRAIN][PPO] ep=355/500 r= -500.45 avg10= -500.28 steps=2322 succ10=0.00 touch10=0.00 col10=0.00 to10=0.00 min_d= 3.74 avg_spd=1.32m/s end=low_score t=10122.0s
[TRAIN][PPO] ep=356/500 r= -500.48 avg10= -500.26 steps=2174 succ10=0.00 touch10=0.00 col10=0.00 to10=0.00 min_d= 3.78 avg_spd=1.32m/s end=low_score t=10152.3s
[TRAIN][PPO] ep=357/500 r= -500.07 avg10= -500.27 steps=2166 succ10=0.00 touch10=0.00 col10=0.00 to10=0.00 min_d= 3.89 avg_spd=1.32m/s end=low_score t=10178.5s
[TRAIN][PPO] ep=358/500 r= -500.59 avg10= -500.30 steps=2363 succ10=0.00 touch10=0.00 col10=0.00 to10=0.00 min_d= 3.59 avg_spd=1.32m/s end=low_score t=10207.2s
[TRAIN][PPO] ep=359/500 r= -500.47 avg10= -500.28 steps=2256 succ10=0.00 touch10=0.00 col10=0.00 to10=0.00 min_d= 3.74 avg_spd=1.32m/s end=low_score t=10234.5s
[TRAIN][PPO] ep=360/500 r= -500.34 avg10= -500.30 steps=2205 succ10=0.00 touch10=0.00 col10=0.00 to10=0.00 min_d= 3.86 avg_spd=1.32m/s end=low_score t=10264.2s
[TRAIN][PPO] ep=361/500 r= -500.45 avg10= -500.34 steps=2333 succ10=0.00 touch10=0.00 col10=0.00 to10=0.00 min_d= 3.68 avg_spd=1.31m/s end=low_score t=10292.1s
[TRAIN][PPO] ep=362/500 r= -500.06 avg10= -500.35 steps=2220 succ10=0.00 touch10=0.00 col10=0.00 to10=0.00 min_d= 3.85 avg_spd=1.32m/s end=low_score t=10318.7s
[TRAIN][PPO] ep=363/500 r= -500.45 avg10= -500.36 steps=2280 succ10=0.00 touch10=0.00 col10=0.00 to10=0.00 min_d= 3.70 avg_spd=1.31m/s end=low_score t=10346.0s
[TRAIN][PPO] ep=364/500 r= -500.41 avg10= -500.38 steps=2238 succ10=0.00 touch10=0.00 col10=0.00 to10=0.00 min_d= 3.73 avg_spd=1.31m/s end=low_score t=10376.3s
[TRAIN][PPO] ep=365/500 r= -500.39 avg10= -500.37 steps=2356 succ10=0.00 touch10=0.00 col10=0.00 to10=0.00 min_d= 3.72 avg_spd=1.31m/s end=low_score t=10404.1s
[TRAIN][PPO] ep=366/500 r= -500.29 avg10= -500.35 steps=2283 succ10=0.00 touch10=0.00 col10=0.00 to10=0.00 min_d= 3.70 avg_spd=1.31m/s end=low_score t=10431.0s
[TRAIN][PPO] ep=367/500 r= -500.60 avg10= -500.41 steps=2206 succ10=0.00 touch10=0.00 col10=0.00 to10=0.00 min_d= 3.78 avg_spd=1.31m/s end=low_score t=10457.2s
[TRAIN][PPO] ep=368/500 r= -500.17 avg10= -500.36 steps=2234 succ10=0.00 touch10=0.00 col10=0.00 to10=0.00 min_d= 3.72 avg_spd=1.32m/s end=low_score t=10487.7s
[TRAIN][PPO] ep=369/500 r= -500.19 avg10= -500.34 steps=2163 succ10=0.00 touch10=0.00 col10=0.00 to10=0.00 min_d= 3.88 avg_spd=1.31m/s end=low_score t=10514.0s
[TRAIN][PPO] ep=370/500 r= -500.54 avg10= -500.36 steps=2163 succ10=0.00 touch10=0.00 col10=0.00 to10=0.00 min_d= 3.86 avg_spd=1.31m/s end=low_score t=10539.8s
[TRAIN][PPO] ep=371/500 r= -500.34 avg10= -500.34 steps=2144 succ10=0.00 touch10=0.00 col10=0.00 to10=0.00 min_d= 3.88 avg_spd=1.31m/s end=low_score t=10565.7s
[TRAIN][PPO] ep=372/500 r= -500.70 avg10= -500.41 steps=2348 succ10=0.00 touch10=0.00 col10=0.00 to10=0.00 min_d= 3.59 avg_spd=1.32m/s end=low_score t=10599.3s
[TRAIN][PPO] ep=373/500 r= -500.30 avg10= -500.39 steps=2279 succ10=0.00 touch10=0.00 col10=0.00 to10=0.00 min_d= 3.69 avg_spd=1.30m/s end=low_score t=10626.8s
[TRAIN][PPO] ep=374/500 r= -500.61 avg10= -500.41 steps=2324 succ10=0.00 touch10=0.00 col10=0.00 to10=0.00 min_d= 3.72 avg_spd=1.31m/s end=low_score t=10654.8s
[TRAIN][PPO] ep=375/500 r= -500.47 avg10= -500.42 steps=2286 succ10=0.00 touch10=0.00 col10=0.00 to10=0.00 min_d= 3.75 avg_spd=1.30m/s end=low_score t=10682.1s
[TRAIN][PPO] ep=376/500 r= -500.69 avg10= -500.46 steps=2316 succ10=0.00 touch10=0.00 col10=0.00 to10=0.00 min_d= 3.70 avg_spd=1.31m/s end=low_score t=10713.1s
[TRAIN][PPO] ep=377/500 r= -500.53 avg10= -500.45 steps=2302 succ10=0.00 touch10=0.00 col10=0.00 to10=0.00 min_d= 3.68 avg_spd=1.31m/s end=low_score t=10740.8s
[TRAIN][PPO] ep=378/500 r= -500.08 avg10= -500.45 steps=2181 succ10=0.00 touch10=0.00 col10=0.00 to10=0.00 min_d= 3.75 avg_spd=1.31m/s end=low_score t=10767.2s
[TRAIN][PPO] ep=379/500 r= -500.65 avg10= -500.49 steps=2176 succ10=0.00 touch10=0.00 col10=0.00 to10=0.00 min_d= 3.76 avg_spd=1.30m/s end=low_score t=10793.4s
[TRAIN][PPO] ep=380/500 r= -500.06 avg10= -500.44 steps=2347 succ10=0.00 touch10=0.00 col10=0.00 to10=0.00 min_d= 3.58 avg_spd=1.31m/s end=low_score t=10827.2s
[TRAIN][PPO] ep=381/500 r= -500.39 avg10= -500.45 steps=2175 succ10=0.00 touch10=0.00 col10=0.00 to10=0.00 min_d= 3.82 avg_spd=1.31m/s end=low_score t=10853.0s
[TRAIN][PPO] ep=382/500 r= -500.39 avg10= -500.42 steps=2277 succ10=0.00 touch10=0.00 col10=0.00 to10=0.00 min_d= 3.67 avg_spd=1.31m/s end=low_score t=10880.0s
[TRAIN][PPO] ep=383/500 r= -500.54 avg10= -500.44 steps=2359 succ10=0.00 touch10=0.00 col10=0.00 to10=0.00 min_d= 3.70 avg_spd=1.31m/s end=low_score t=10908.2s
[TRAIN][PPO] ep=384/500 r= -500.09 avg10= -500.39 steps=2284 succ10=0.00 touch10=0.00 col10=0.00 to10=0.00 min_d= 3.76 avg_spd=1.31m/s end=low_score t=10938.4s
[TRAIN][PPO] ep=385/500 r= -500.28 avg10= -500.37 steps=2148 succ10=0.00 touch10=0.00 col10=0.00 to10=0.00 min_d= 3.92 avg_spd=1.31m/s end=low_score t=10964.5s
[TRAIN][PPO] ep=386/500 r= -500.42 avg10= -500.34 steps=2345 succ10=0.00 touch10=0.00 col10=0.00 to10=0.00 min_d= 3.61 avg_spd=1.31m/s end=low_score t=10993.2s
[TRAIN][PPO] ep=387/500 r= -500.32 avg10= -500.32 steps=2329 succ10=0.00 touch10=0.00 col10=0.00 to10=0.00 min_d= 3.63 avg_spd=1.31m/s end=low_score t=11021.3s
[TRAIN][PPO] ep=388/500 r= -500.09 avg10= -500.32 steps=2304 succ10=0.00 touch10=0.00 col10=0.00 to10=0.00 min_d= 3.68 avg_spd=1.31m/s end=low_score t=11055.0s
[TRAIN][PPO] ep=389/500 r= -500.37 avg10= -500.29 steps=2199 succ10=0.00 touch10=0.00 col10=0.00 to10=0.00 min_d= 3.77 avg_spd=1.30m/s end=low_score t=11081.3s
[TRAIN][PPO] ep=390/500 r= -500.05 avg10= -500.29 steps=2311 succ10=0.00 touch10=0.00 col10=0.00 to10=0.00 min_d= 3.69 avg_spd=1.31m/s end=low_score t=11109.2s
[TRAIN][PPO] ep=391/500 r= -500.48 avg10= -500.30 steps=2268 succ10=0.00 touch10=0.00 col10=0.00 to10=0.00 min_d= 3.70 avg_spd=1.31m/s end=low_score t=11135.6s
[TRAIN][PPO] ep=392/500 r= -500.23 avg10= -500.29 steps=2189 succ10=0.00 touch10=0.00 col10=0.00 to10=0.00 min_d= 3.76 avg_spd=1.31m/s end=low_score t=11165.3s
[TRAIN][PPO] ep=393/500 r= -500.27 avg10= -500.26 steps=2152 succ10=0.00 touch10=0.00 col10=0.00 to10=0.00 min_d= 3.82 avg_spd=1.31m/s end=low_score t=11191.1s
[TRAIN][PPO] ep=394/500 r= -500.12 avg10= -500.26 steps=2228 succ10=0.00 touch10=0.00 col10=0.00 to10=0.00 min_d= 3.82 avg_spd=1.31m/s end=low_score t=11218.0s
[TRAIN][PPO] ep=395/500 r= -500.66 avg10= -500.30 steps=2315 succ10=0.00 touch10=0.00 col10=0.00 to10=0.00 min_d= 3.63 avg_spd=1.31m/s end=low_score t=11245.8s
[TRAIN][PPO] ep=396/500 r= -500.28 avg10= -500.29 steps=2284 succ10=0.00 touch10=0.00 col10=0.00 to10=0.00 min_d= 3.66 avg_spd=1.31m/s end=low_score t=11277.0s
[TRAIN][PPO] ep=397/500 r= -500.21 avg10= -500.28 steps=2300 succ10=0.00 touch10=0.00 col10=0.00 to10=0.00 min_d= 3.64 avg_spd=1.31m/s end=low_score t=11304.3s
[TRAIN][PPO] ep=398/500 r= -500.18 avg10= -500.28 steps=2257 succ10=0.00 touch10=0.00 col10=0.00 to10=0.00 min_d= 3.69 avg_spd=1.31m/s end=low_score t=11331.5s
[TRAIN][PPO] ep=399/500 r= -500.56 avg10= -500.30 steps=2251 succ10=0.00 touch10=0.00 col10=0.00 to10=0.00 min_d= 3.79 avg_spd=1.31m/s end=low_score t=11358.4s
[TRAIN][PPO] ep=400/500 r= -500.02 avg10= -500.30 steps=2142 succ10=0.00 touch10=0.00 col10=0.00 to10=0.00 min_d= 3.79 avg_spd=1.31m/s end=low_score t=11387.7s ckpt=latest
[TRAIN][PPO] ep=401/500 r= -500.70 avg10= -500.32 steps=2241 succ10=0.00 touch10=0.00 col10=0.00 to10=0.00 min_d= 3.78 avg_spd=1.31m/s end=low_score t=11414.3s
[TRAIN][PPO] ep=402/500 r= -500.67 avg10= -500.37 steps=2243 succ10=0.00 touch10=0.00 col10=0.00 to10=0.00 min_d= 3.76 avg_spd=1.31m/s end=low_score t=11440.8s
[TRAIN][PPO] ep=403/500 r= -500.31 avg10= -500.37 steps=2175 succ10=0.00 touch10=0.00 col10=0.00 to10=0.00 min_d= 3.78 avg_spd=1.31m/s end=low_score t=11467.0s
[TRAIN][PPO] ep=404/500 r= -500.23 avg10= -500.38 steps=2256 succ10=0.00 touch10=0.00 col10=0.00 to10=0.00 min_d= 3.74 avg_spd=1.31m/s end=low_score t=11497.8s
[TRAIN][PPO] ep=405/500 r= -500.17 avg10= -500.33 steps=2329 succ10=0.00 touch10=0.00 col10=0.00 to10=0.00 min_d= 3.65 avg_spd=1.30m/s end=low_score t=11525.3s
[TRAIN][PPO] ep=406/500 r= -500.56 avg10= -500.36 steps=2341 succ10=0.00 touch10=0.00 col10=0.00 to10=0.00 min_d= 3.64 avg_spd=1.31m/s end=low_score t=11553.2s
[TRAIN][PPO] ep=407/500 r= -500.16 avg10= -500.36 steps=2334 succ10=0.00 touch10=0.00 col10=0.00 to10=0.00 min_d= 3.71 avg_spd=1.31m/s end=low_score t=11581.1s
[TRAIN][PPO] ep=408/500 r= -500.48 avg10= -500.39 steps=2269 succ10=0.00 touch10=0.00 col10=0.00 to10=0.00 min_d= 3.70 avg_spd=1.31m/s end=low_score t=11611.3s
[TRAIN][PPO] ep=409/500 r= -500.46 avg10= -500.38 steps=2187 succ10=0.00 touch10=0.00 col10=0.00 to10=0.00 min_d= 3.76 avg_spd=1.30m/s end=low_score t=11637.6s
[TRAIN][PPO] ep=410/500 r= -500.21 avg10= -500.39 steps=2195 succ10=0.00 touch10=0.00 col10=0.00 to10=0.00 min_d= 3.78 avg_spd=1.31m/s end=low_score t=11663.6s
[TRAIN][PPO] ep=411/500 r= -500.06 avg10= -500.33 steps=2159 succ10=0.00 touch10=0.00 col10=0.00 to10=0.00 min_d= 3.79 avg_spd=1.31m/s end=low_score t=11689.4s
[TRAIN][PPO] ep=412/500 r= -500.06 avg10= -500.27 steps=2163 succ10=0.00 touch10=0.00 col10=0.00 to10=0.00 min_d= 3.80 avg_spd=1.30m/s end=low_score t=11719.2s
[TRAIN][PPO] ep=413/500 r= -500.70 avg10= -500.31 steps=2247 succ10=0.00 touch10=0.00 col10=0.00 to10=0.00 min_d= 3.82 avg_spd=1.30m/s end=low_score t=11745.9s
[TRAIN][PPO] ep=414/500 r= -500.04 avg10= -500.29 steps=2292 succ10=0.00 touch10=0.00 col10=0.00 to10=0.00 min_d= 3.68 avg_spd=1.30m/s end=low_score t=11773.6s
[TRAIN][PPO] ep=415/500 r= -500.46 avg10= -500.32 steps=2311 succ10=0.00 touch10=0.00 col10=0.00 to10=0.00 min_d= 3.70 avg_spd=1.30m/s end=low_score t=11800.8s
[TRAIN][PPO] ep=416/500 r= -500.20 avg10= -500.28 steps=2205 succ10=0.00 touch10=0.00 col10=0.00 to10=0.00 min_d= 3.85 avg_spd=1.31m/s end=low_score t=11830.3s
[TRAIN][PPO] ep=417/500 r= -500.63 avg10= -500.33 steps=2208 succ10=0.00 touch10=0.00 col10=0.00 to10=0.00 min_d= 3.77 avg_spd=1.30m/s end=low_score t=11857.4s
[TRAIN][PPO] ep=418/500 r= -500.01 avg10= -500.28 steps=2255 succ10=0.00 touch10=0.00 col10=0.00 to10=0.00 min_d= 3.77 avg_spd=1.30m/s end=low_score t=11884.7s
[TRAIN][PPO] ep=419/500 r= -500.21 avg10= -500.26 steps=2162 succ10=0.00 touch10=0.00 col10=0.00 to10=0.00 min_d= 3.86 avg_spd=1.30m/s end=low_score t=11910.4s
[TRAIN][PPO] ep=420/500 r= -500.11 avg10= -500.25 steps=2260 succ10=0.00 touch10=0.00 col10=0.00 to10=0.00 min_d= 3.74 avg_spd=1.31m/s end=low_score t=11942.4s
[TRAIN][PPO] ep=421/500 r= -500.49 avg10= -500.29 steps=2222 succ10=0.00 touch10=0.00 col10=0.00 to10=0.00 min_d= 3.84 avg_spd=1.31m/s end=low_score t=11968.8s
[TRAIN][PPO] ep=422/500 r= -500.03 avg10= -500.29 steps=2162 succ10=0.00 touch10=0.00 col10=0.00 to10=0.00 min_d= 3.78 avg_spd=1.31m/s end=low_score t=11995.0s
[TRAIN][PPO] ep=423/500 r= -500.24 avg10= -500.24 steps=2331 succ10=0.00 touch10=0.00 col10=0.00 to10=0.00 min_d= 3.61 avg_spd=1.31m/s end=low_score t=12022.7s
[TRAIN][PPO] ep=424/500 r= -500.17 avg10= -500.26 steps=2255 succ10=0.00 touch10=0.00 col10=0.00 to10=0.00 min_d= 3.72 avg_spd=1.31m/s end=low_score t=12054.6s
[TRAIN][PPO] ep=425/500 r= -500.50 avg10= -500.26 steps=2342 succ10=0.00 touch10=0.00 col10=0.00 to10=0.00 min_d= 3.63 avg_spd=1.31m/s end=low_score t=12082.6s
[TRAIN][PPO] ep=426/500 r= -500.66 avg10= -500.31 steps=2299 succ10=0.00 touch10=0.00 col10=0.00 to10=0.00 min_d= 3.73 avg_spd=1.31m/s end=low_score t=12110.4s
[TRAIN][PPO] ep=427/500 r= -500.15 avg10= -500.26 steps=2243 succ10=0.00 touch10=0.00 col10=0.00 to10=0.00 min_d= 3.82 avg_spd=1.31m/s end=low_score t=12137.4s
[TRAIN][PPO] ep=428/500 r= -500.18 avg10= -500.27 steps=2369 succ10=0.00 touch10=0.00 col10=0.00 to10=0.00 min_d= 3.61 avg_spd=1.31m/s end=low_score t=12170.5s
[TRAIN][PPO] ep=429/500 r= -500.67 avg10= -500.32 steps=2333 succ10=0.00 touch10=0.00 col10=0.00 to10=0.00 min_d= 3.72 avg_spd=1.31m/s end=low_score t=12198.6s
[TRAIN][PPO] ep=430/500 r= -500.57 avg10= -500.37 steps=2302 succ10=0.00 touch10=0.00 col10=0.00 to10=0.00 min_d= 3.66 avg_spd=1.31m/s end=low_score t=12226.6s
[TRAIN][PPO] ep=431/500 r= -500.50 avg10= -500.37 steps=2328 succ10=0.00 touch10=0.00 col10=0.00 to10=0.00 min_d= 3.69 avg_spd=1.31m/s end=low_score t=12255.1s
[TRAIN][PPO] ep=432/500 r= -500.63 avg10= -500.43 steps=2346 succ10=0.00 touch10=0.00 col10=0.00 to10=0.00 min_d= 3.61 avg_spd=1.31m/s end=low_score t=12286.3s
[TRAIN][PPO] ep=433/500 r= -500.43 avg10= -500.45 steps=2226 succ10=0.00 touch10=0.00 col10=0.00 to10=0.00 min_d= 3.72 avg_spd=1.31m/s end=low_score t=12312.1s
[TRAIN][PPO] ep=434/500 r= -500.18 avg10= -500.45 steps=2263 succ10=0.00 touch10=0.00 col10=0.00 to10=0.00 min_d= 3.67 avg_spd=1.31m/s end=low_score t=12339.1s
[TRAIN][PPO] ep=435/500 r= -500.42 avg10= -500.44 steps=2202 succ10=0.00 touch10=0.00 col10=0.00 to10=0.00 min_d= 3.85 avg_spd=1.31m/s end=low_score t=12366.2s
[TRAIN][PPO] ep=436/500 r= -500.21 avg10= -500.39 steps=2240 succ10=0.00 touch10=0.00 col10=0.00 to10=0.00 min_d= 3.84 avg_spd=1.31m/s end=low_score t=12397.5s
[TRAIN][PPO] ep=437/500 r= -500.13 avg10= -500.39 steps=2233 succ10=0.00 touch10=0.00 col10=0.00 to10=0.00 min_d= 3.84 avg_spd=1.31m/s end=low_score t=12424.4s
[TRAIN][PPO] ep=438/500 r= -500.12 avg10= -500.39 steps=2300 succ10=0.00 touch10=0.00 col10=0.00 to10=0.00 min_d= 3.65 avg_spd=1.32m/s end=low_score t=12452.0s
[TRAIN][PPO] ep=439/500 r= -500.31 avg10= -500.35 steps=2149 succ10=0.00 touch10=0.00 col10=0.00 to10=0.00 min_d= 3.77 avg_spd=1.31m/s end=low_score t=12478.5s
[TRAIN][PPO] ep=440/500 r= -500.16 avg10= -500.31 steps=2139 succ10=0.00 touch10=0.00 col10=0.00 to10=0.00 min_d= 3.94 avg_spd=1.31m/s end=low_score t=12508.6s
[TRAIN][PPO] ep=441/500 r= -500.08 avg10= -500.27 steps=2348 succ10=0.00 touch10=0.00 col10=0.00 to10=0.00 min_d= 3.64 avg_spd=1.31m/s end=low_score t=12537.3s
[TRAIN][PPO] ep=442/500 r= -500.19 avg10= -500.22 steps=2242 succ10=0.00 touch10=0.00 col10=0.00 to10=0.00 min_d= 3.75 avg_spd=1.31m/s end=low_score t=12564.7s
[TRAIN][PPO] ep=443/500 r= -500.34 avg10= -500.21 steps=2347 succ10=0.00 touch10=0.00 col10=0.00 to10=0.00 min_d= 3.67 avg_spd=1.31m/s end=low_score t=12593.2s
[TRAIN][PPO] ep=444/500 r= -500.72 avg10= -500.27 steps=2315 succ10=0.00 touch10=0.00 col10=0.00 to10=0.00 min_d= 3.64 avg_spd=1.31m/s end=low_score t=12624.1s
[TRAIN][PPO] ep=445/500 r= -500.39 avg10= -500.26 steps=2325 succ10=0.00 touch10=0.00 col10=0.00 to10=0.00 min_d= 3.63 avg_spd=1.31m/s end=low_score t=12652.2s
[TRAIN][PPO] ep=446/500 r= -500.11 avg10= -500.25 steps=2144 succ10=0.00 touch10=0.00 col10=0.00 to10=0.00 min_d= 3.89 avg_spd=1.31m/s end=low_score t=12678.1s
[TRAIN][PPO] ep=447/500 r= -500.63 avg10= -500.30 steps=2146 succ10=0.00 touch10=0.00 col10=0.00 to10=0.00 min_d= 3.81 avg_spd=1.31m/s end=low_score t=12704.1s
[TRAIN][PPO] ep=448/500 r= -500.29 avg10= -500.32 steps=2170 succ10=0.00 touch10=0.00 col10=0.00 to10=0.00 min_d= 3.80 avg_spd=1.32m/s end=low_score t=12731.9s
[TRAIN][PPO] ep=449/500 r= -500.43 avg10= -500.33 steps=2229 succ10=0.00 touch10=0.00 col10=0.00 to10=0.00 min_d= 3.77 avg_spd=1.31m/s end=low_score t=12756.5s
[TRAIN][PPO] ep=450/500 r= -500.11 avg10= -500.33 steps=2213 succ10=0.00 touch10=0.00 col10=0.00 to10=0.00 min_d= 3.83 avg_spd=1.32m/s end=low_score t=12782.0s
[TRAIN][PPO] ep=451/500 r= -500.33 avg10= -500.35 steps=2171 succ10=0.00 touch10=0.00 col10=0.00 to10=0.00 min_d= 3.82 avg_spd=1.31m/s end=low_score t=12806.7s
[TRAIN][PPO] ep=452/500 r= -500.41 avg10= -500.37 steps=2275 succ10=0.00 touch10=0.00 col10=0.00 to10=0.00 min_d= 3.67 avg_spd=1.32m/s end=low_score t=12835.9s
[TRAIN][PPO] ep=453/500 r= -500.17 avg10= -500.36 steps=2212 succ10=0.00 touch10=0.00 col10=0.00 to10=0.00 min_d= 3.75 avg_spd=1.31m/s end=low_score t=12861.3s
[TRAIN][PPO] ep=454/500 r= -500.20 avg10= -500.31 steps=2311 succ10=0.00 touch10=0.00 col10=0.00 to10=0.00 min_d= 3.76 avg_spd=1.32m/s end=low_score t=12888.1s
[TRAIN][PPO] ep=455/500 r= -500.22 avg10= -500.29 steps=2223 succ10=0.00 touch10=0.00 col10=0.00 to10=0.00 min_d= 3.83 avg_spd=1.32m/s end=low_score t=12913.5s
[TRAIN][PPO] ep=456/500 r= -500.18 avg10= -500.30 steps=2298 succ10=0.00 touch10=0.00 col10=0.00 to10=0.00 min_d= 3.69 avg_spd=1.32m/s end=low_score t=12945.0s
[TRAIN][PPO] ep=457/500 r= -500.60 avg10= -500.29 steps=2315 succ10=0.00 touch10=0.00 col10=0.00 to10=0.00 min_d= 3.73 avg_spd=1.33m/s end=low_score t=12971.2s
[TRAIN][PPO] ep=458/500 r= -500.18 avg10= -500.28 steps=2300 succ10=0.00 touch10=0.00 col10=0.00 to10=0.00 min_d= 3.76 avg_spd=1.31m/s end=low_score t=12997.4s
[TRAIN][PPO] ep=459/500 r= -500.53 avg10= -500.29 steps=2292 succ10=0.00 touch10=0.00 col10=0.00 to10=0.00 min_d= 3.68 avg_spd=1.32m/s end=low_score t=13023.7s
[TRAIN][PPO] ep=460/500 r= -500.43 avg10= -500.33 steps=2148 succ10=0.00 touch10=0.00 col10=0.00 to10=0.00 min_d= 3.86 avg_spd=1.32m/s end=low_score t=13051.8s
[TRAIN][PPO] ep=461/500 r= -500.33 avg10= -500.33 steps=2340 succ10=0.00 touch10=0.00 col10=0.00 to10=0.00 min_d= 3.66 avg_spd=1.32m/s end=low_score t=13078.5s
[TRAIN][PPO] ep=462/500 r= -500.21 avg10= -500.31 steps=2277 succ10=0.00 touch10=0.00 col10=0.00 to10=0.00 min_d= 3.73 avg_spd=1.32m/s end=low_score t=13104.5s
[TRAIN][PPO] ep=463/500 r= -500.02 avg10= -500.29 steps=2211 succ10=0.00 touch10=0.00 col10=0.00 to10=0.00 min_d= 3.74 avg_spd=1.31m/s end=low_score t=13129.5s
[TRAIN][PPO] ep=464/500 r= -500.49 avg10= -500.32 steps=2232 succ10=0.00 touch10=0.00 col10=0.00 to10=0.00 min_d= 3.81 avg_spd=1.32m/s end=low_score t=13157.7s
[TRAIN][PPO] ep=465/500 r= -500.22 avg10= -500.32 steps=2218 succ10=0.00 touch10=0.00 col10=0.00 to10=0.00 min_d= 3.77 avg_spd=1.32m/s end=low_score t=13183.0s
[TRAIN][PPO] ep=466/500 r= -500.43 avg10= -500.34 steps=2151 succ10=0.00 touch10=0.00 col10=0.00 to10=0.00 min_d= 3.77 avg_spd=1.32m/s end=low_score t=13207.6s
[TRAIN][PPO] ep=467/500 r= -500.04 avg10= -500.29 steps=2300 succ10=0.00 touch10=0.00 col10=0.00 to10=0.00 min_d= 3.64 avg_spd=1.33m/s end=low_score t=13234.0s
[TRAIN][PPO] ep=468/500 r= -500.69 avg10= -500.34 steps=2344 succ10=0.00 touch10=0.00 col10=0.00 to10=0.00 min_d= 3.68 avg_spd=1.32m/s end=low_score t=13264.3s
[TRAIN][PPO] ep=469/500 r= -500.16 avg10= -500.30 steps=2227 succ10=0.00 touch10=0.00 col10=0.00 to10=0.00 min_d= 3.76 avg_spd=1.33m/s end=low_score t=13289.6s
[TRAIN][PPO] ep=470/500 r= -500.38 avg10= -500.30 steps=2172 succ10=0.00 touch10=0.00 col10=0.00 to10=0.00 min_d= 3.87 avg_spd=1.32m/s end=low_score t=13314.2s
[TRAIN][PPO] ep=471/500 r= -500.14 avg10= -500.28 steps=2269 succ10=0.00 touch10=0.00 col10=0.00 to10=0.00 min_d= 3.70 avg_spd=1.33m/s end=low_score t=13339.8s
[TRAIN][PPO] ep=472/500 r= -500.34 avg10= -500.29 steps=2212 succ10=0.00 touch10=0.00 col10=0.00 to10=0.00 min_d= 3.82 avg_spd=1.32m/s end=low_score t=13368.4s
[TRAIN][PPO] ep=473/500 r= -500.41 avg10= -500.33 steps=2264 succ10=0.00 touch10=0.00 col10=0.00 to10=0.00 min_d= 3.72 avg_spd=1.33m/s end=low_score t=13394.2s
[TRAIN][PPO] ep=474/500 r= -500.39 avg10= -500.32 steps=2311 succ10=0.00 touch10=0.00 col10=0.00 to10=0.00 min_d= 3.70 avg_spd=1.33m/s end=low_score t=13420.5s
[TRAIN][PPO] ep=475/500 r= -500.33 avg10= -500.33 steps=2194 succ10=0.00 touch10=0.00 col10=0.00 to10=0.00 min_d= 3.77 avg_spd=1.33m/s end=low_score t=13445.2s
[TRAIN][PPO] ep=476/500 r= -500.39 avg10= -500.33 steps=2157 succ10=0.00 touch10=0.00 col10=0.00 to10=0.00 min_d= 3.87 avg_spd=1.32m/s end=low_score t=13472.8s
[TRAIN][PPO] ep=477/500 r= -500.38 avg10= -500.36 steps=2348 succ10=0.00 touch10=0.00 col10=0.00 to10=0.00 min_d= 3.67 avg_spd=1.34m/s end=low_score t=13499.7s
[TRAIN][PPO] ep=478/500 r= -500.06 avg10= -500.30 steps=2277 succ10=0.00 touch10=0.00 col10=0.00 to10=0.00 min_d= 3.78 avg_spd=1.33m/s end=low_score t=13525.4s
[TRAIN][PPO] ep=479/500 r= -500.08 avg10= -500.29 steps=2171 succ10=0.00 touch10=0.00 col10=0.00 to10=0.00 min_d= 3.74 avg_spd=1.33m/s end=low_score t=13549.6s
[TRAIN][PPO] ep=480/500 r= -500.58 avg10= -500.31 steps=2302 succ10=0.00 touch10=0.00 col10=0.00 to10=0.00 min_d= 3.68 avg_spd=1.33m/s end=low_score t=13578.9s
[TRAIN][PPO] ep=481/500 r= -500.29 avg10= -500.33 steps=2288 succ10=0.00 touch10=0.00 col10=0.00 to10=0.00 min_d= 3.66 avg_spd=1.34m/s end=low_score t=13604.8s
[TRAIN][PPO] ep=482/500 r= -500.20 avg10= -500.31 steps=2156 succ10=0.00 touch10=0.00 col10=0.00 to10=0.00 min_d= 3.84 avg_spd=1.33m/s end=low_score t=13629.2s
[TRAIN][PPO] ep=483/500 r= -500.66 avg10= -500.34 steps=2179 succ10=0.00 touch10=0.00 col10=0.00 to10=0.00 min_d= 3.86 avg_spd=1.33m/s end=low_score t=13653.9s
[TRAIN][PPO] ep=484/500 r= -500.44 avg10= -500.34 steps=2153 succ10=0.00 touch10=0.00 col10=0.00 to10=0.00 min_d= 3.86 avg_spd=1.33m/s end=low_score t=13680.4s
[TRAIN][PPO] ep=485/500 r= -500.73 avg10= -500.38 steps=2354 succ10=0.00 touch10=0.00 col10=0.00 to10=0.00 min_d= 3.59 avg_spd=1.33m/s end=low_score t=13707.0s
[TRAIN][PPO] ep=486/500 r= -500.35 avg10= -500.38 steps=2337 succ10=0.00 touch10=0.00 col10=0.00 to10=0.00 min_d= 3.63 avg_spd=1.33m/s end=low_score t=13732.9s
[TRAIN][PPO] ep=487/500 r= -500.25 avg10= -500.36 steps=2216 succ10=0.00 touch10=0.00 col10=0.00 to10=0.00 min_d= 3.71 avg_spd=1.33m/s end=low_score t=13757.6s
[TRAIN][PPO] ep=488/500 r= -500.59 avg10= -500.42 steps=2209 succ10=0.00 touch10=0.00 col10=0.00 to10=0.00 min_d= 3.70 avg_spd=1.33m/s end=low_score t=13785.5s
[TRAIN][PPO] ep=489/500 r= -500.42 avg10= -500.45 steps=2346 succ10=0.00 touch10=0.00 col10=0.00 to10=0.00 min_d= 3.68 avg_spd=1.33m/s end=low_score t=13811.8s
[TRAIN][PPO] ep=490/500 r= -500.41 avg10= -500.43 steps=2326 succ10=0.00 touch10=0.00 col10=0.00 to10=0.00 min_d= 3.65 avg_spd=1.34m/s end=low_score t=13837.3s
[TRAIN][PPO] ep=491/500 r= -500.59 avg10= -500.46 steps=2150 succ10=0.00 touch10=0.00 col10=0.00 to10=0.00 min_d= 3.81 avg_spd=1.33m/s end=low_score t=13860.6s
[TRAIN][PPO] ep=492/500 r= -500.67 avg10= -500.51 steps=2232 succ10=0.00 touch10=0.00 col10=0.00 to10=0.00 min_d= 3.70 avg_spd=1.33m/s end=low_score t=13889.1s
[TRAIN][PPO] ep=493/500 r= -500.22 avg10= -500.47 steps=2373 succ10=0.00 touch10=0.00 col10=0.00 to10=0.00 min_d= 3.59 avg_spd=1.34m/s end=low_score t=13915.2s
[TRAIN][PPO] ep=494/500 r= -500.49 avg10= -500.47 steps=2193 succ10=0.00 touch10=0.00 col10=0.00 to10=0.00 min_d= 3.75 avg_spd=1.34m/s end=low_score t=13939.7s
[TRAIN][PPO] ep=495/500 r= -500.27 avg10= -500.43 steps=2165 succ10=0.00 touch10=0.00 col10=0.00 to10=0.00 min_d= 3.75 avg_spd=1.33m/s end=low_score t=13963.6s
[TRAIN][PPO] ep=496/500 r= -500.65 avg10= -500.46 steps=2304 succ10=0.00 touch10=0.00 col10=0.00 to10=0.00 min_d= 3.64 avg_spd=1.35m/s end=low_score t=13994.5s
[TRAIN][PPO] ep=497/500 r= -500.68 avg10= -500.50 steps=2199 succ10=0.00 touch10=0.00 col10=0.00 to10=0.00 min_d= 3.74 avg_spd=1.33m/s end=low_score t=14019.2s
[TRAIN][PPO] ep=498/500 r= -500.25 avg10= -500.46 steps=2211 succ10=0.00 touch10=0.00 col10=0.00 to10=0.00 min_d= 3.81 avg_spd=1.34m/s end=low_score t=14043.6s
[TRAIN][PPO] ep=499/500 r= -500.14 avg10= -500.44 steps=2160 succ10=0.00 touch10=0.00 col10=0.00 to10=0.00 min_d= 3.76 avg_spd=1.34m/s end=low_score t=14067.3s
INFO: PPO: Terminating.
[RUN] completed stage checkpoint=/uio/hume/student-u79/esbrovol/fys5429/DRL-Obstacle-Avoidance/controllers/PPO/checkpoints/moving_20260531_230822_step01_partial_moving_1_lstm_seed05_stage01_train_11_partial_moving/final_moving_20260531_230822_step01_partial_moving_1_lstm_seed05_stage01_train_11_partial_moving.pth
[RUN] curriculum complete arch=lstm seed=5
[MOVING] completed stage checkpoint=/uio/hume/student-u79/esbrovol/fys5429/DRL-Obstacle-Avoidance/controllers/PPO/checkpoints/moving_20260531_230822_step01_partial_moving_1_lstm_seed05_stage01_train_11_partial_moving/final_moving_20260531_230822_step01_partial_moving_1_lstm_seed05_stage01_train_11_partial_moving.pth
[MOVING] stage=2/5 name=partial_moving_3
[MOVING] resume_from=/uio/hume/student-u79/esbrovol/fys5429/DRL-Obstacle-Avoidance/controllers/PPO/checkpoints/moving_20260531_230822_step01_partial_moving_1_lstm_seed05_stage01_train_11_partial_moving/final_moving_20260531_230822_step01_partial_moving_1_lstm_seed05_stage01_train_11_partial_moving.pth
[MOVING] command=/uio/hume/student-u79/esbrovol/fys5429/DRL-Obstacle-Avoidance/venv/bin/python controllers/run.py worker --arch lstm --seed 5 --run-group moving_20260531_230822_step02_partial_moving_3 --resume-from /uio/hume/student-u79/esbrovol/fys5429/DRL-Obstacle-Avoidance/controllers/PPO/checkpoints/moving_20260531_230822_step01_partial_moving_1_lstm_seed05_stage01_train_11_partial_moving/final_moving_20260531_230822_step01_partial_moving_1_lstm_seed05_stage01_train_11_partial_moving.pth --worlds worlds/training/train_11_partial_moving.wbt --moving-obstacle-indices 0,1,2
[RUN] arch=lstm seed=5 stage=1/1 world=/uio/hume/student-u79/esbrovol/fys5429/DRL-Obstacle-Avoidance/worlds/training/train_11_partial_moving.wbt
[RUN] resuming from /uio/hume/student-u79/esbrovol/fys5429/DRL-Obstacle-Avoidance/controllers/PPO/checkpoints/moving_20260531_230822_step01_partial_moving_1_lstm_seed05_stage01_train_11_partial_moving/final_moving_20260531_230822_step01_partial_moving_1_lstm_seed05_stage01_train_11_partial_moving.pth
INFO: PPO: Starting controller: python3 -u PPO.py
[PPO] Using architecture: LSTM
[PPO] Loaded architecture: LSTM
[TRAIN][PPO] arch=LSTM weights_dir=/uio/hume/student-u79/esbrovol/fys5429/DRL-Obstacle-Avoidance/controllers/PPO/checkpoints/moving_20260531_230822_step02_partial_moving_3_lstm_seed05_stage01_train_11_partial_moving final=/uio/hume/student-u79/esbrovol/fys5429/DRL-Obstacle-Avoidance/controllers/PPO/checkpoints/moving_20260531_230822_step02_partial_moving_3_lstm_seed05_stage01_train_11_partial_moving/final_moving_20260531_230822_step02_partial_moving_3_lstm_seed05_stage01_train_11_partial_moving.pth
[TRAIN][PPO] episodes=500 update_every=4 obs=31 act=2 cell=LSTM seq=32 burn_in=8
[TRAIN][PPO] ep=001/500 r= -500.05 avg10= -500.05 steps=2237 succ10=0.00 touch10=0.00 col10=0.00 to10=0.00 min_d= 3.68 avg_spd=1.34m/s end=low_score t=   25.7s ckpt=best
[TRAIN][PPO] ep=002/500 r= -500.08 avg10= -500.06 steps=2312 succ10=0.00 touch10=0.00 col10=0.00 to10=0.00 min_d= 3.64 avg_spd=1.34m/s end=low_score t=   51.8s
[TRAIN][PPO] ep=003/500 r= -500.21 avg10= -500.11 steps=2211 succ10=0.00 touch10=0.00 col10=0.00 to10=0.00 min_d= 3.83 avg_spd=1.34m/s end=low_score t=   76.8s
[TRAIN][PPO] ep=004/500 r= -500.62 avg10= -500.24 steps=2174 succ10=0.00 touch10=0.00 col10=0.00 to10=0.00 min_d= 3.82 avg_spd=1.34m/s end=low_score t=  105.2s
[TRAIN][PPO] ep=005/500 r= -500.46 avg10= -500.28 steps=2308 succ10=0.00 touch10=0.00 col10=0.00 to10=0.00 min_d= 3.70 avg_spd=1.35m/s end=low_score t=  130.1s
[TRAIN][PPO] ep=006/500 r= -500.13 avg10= -500.26 steps=2248 succ10=0.00 touch10=0.00 col10=0.00 to10=0.00 min_d= 3.70 avg_spd=1.35m/s end=low_score t=  154.6s
[TRAIN][PPO] ep=007/500 r= -500.48 avg10= -500.29 steps=2324 succ10=0.00 touch10=0.00 col10=0.00 to10=0.00 min_d= 3.70 avg_spd=1.34m/s end=low_score t=  179.6s
[TRAIN][PPO] ep=008/500 r= -500.33 avg10= -500.30 steps=2346 succ10=0.00 touch10=0.00 col10=0.00 to10=0.00 min_d= 3.69 avg_spd=1.34m/s end=low_score t=  208.8s
[TRAIN][PPO] ep=009/500 r= -500.67 avg10= -500.34 steps=2327 succ10=0.00 touch10=0.00 col10=0.00 to10=0.00 min_d= 3.59 avg_spd=1.35m/s end=low_score t=  234.9s
[TRAIN][PPO] ep=010/500 r= -500.17 avg10= -500.32 steps=2220 succ10=0.00 touch10=0.00 col10=0.00 to10=0.00 min_d= 3.84 avg_spd=1.33m/s end=low_score t=  259.7s
[TRAIN][PPO] ep=011/500 r= -500.07 avg10= -500.32 steps=2266 succ10=0.00 touch10=0.00 col10=0.00 to10=0.00 min_d= 3.68 avg_spd=1.34m/s end=low_score t=  284.6s
[TRAIN][PPO] ep=012/500 r= -500.64 avg10= -500.38 steps=2230 succ10=0.00 touch10=0.00 col10=0.00 to10=0.00 min_d= 3.84 avg_spd=1.34m/s end=low_score t=  313.2s
[TRAIN][PPO] ep=013/500 r= -500.07 avg10= -500.36 steps=2185 succ10=0.00 touch10=0.00 col10=0.00 to10=0.00 min_d= 3.72 avg_spd=1.34m/s end=low_score t=  336.9s
[TRAIN][PPO] ep=014/500 r= -500.27 avg10= -500.33 steps=2369 succ10=0.00 touch10=0.00 col10=0.00 to10=0.00 min_d= 3.56 avg_spd=1.35m/s end=low_score t=  362.6s
[TRAIN][PPO] ep=015/500 r= -500.32 avg10= -500.31 steps=2280 succ10=0.00 touch10=0.00 col10=0.00 to10=0.00 min_d= 3.73 avg_spd=1.34m/s end=low_score t=  387.5s
[TRAIN][PPO] ep=016/500 r= -500.45 avg10= -500.35 steps=2202 succ10=0.00 touch10=0.00 col10=0.00 to10=0.00 min_d= 3.73 avg_spd=1.34m/s end=low_score t=  415.0s
[TRAIN][PPO] ep=017/500 r= -337.06 avg10= -484.00 steps=1354 succ10=0.00 touch10=0.00 col10=0.10 to10=0.00 min_d= 3.70 avg_spd=1.34m/s end=collision t=  430.2s ckpt=best
[TRAIN][PPO] ep=018/500 r= -500.54 avg10= -484.03 steps=2144 succ10=0.00 touch10=0.00 col10=0.10 to10=0.00 min_d= 3.87 avg_spd=1.35m/s end=low_score t=  454.2s
[TRAIN][PPO] ep=019/500 r= -500.15 avg10= -483.97 steps=2255 succ10=0.00 touch10=0.00 col10=0.10 to10=0.00 min_d= 3.70 avg_spd=1.35m/s end=low_score t=  479.5s
[TRAIN][PPO] ep=020/500 r= -500.06 avg10= -483.96 steps=2146 succ10=0.00 touch10=0.00 col10=0.10 to10=0.00 min_d= 3.80 avg_spd=1.35m/s end=low_score t=  507.0s
[TRAIN][PPO] ep=021/500 r= -500.52 avg10= -484.01 steps=2361 succ10=0.00 touch10=0.00 col10=0.10 to10=0.00 min_d= 3.55 avg_spd=1.34m/s end=low_score t=  533.5s
[TRAIN][PPO] ep=022/500 r= -500.39 avg10= -483.98 steps=2261 succ10=0.00 touch10=0.00 col10=0.10 to10=0.00 min_d= 3.74 avg_spd=1.34m/s end=low_score t=  558.8s
[TRAIN][PPO] ep=023/500 r= -188.85 avg10= -452.86 steps= 689 succ10=0.00 touch10=0.00 col10=0.20 to10=0.00 min_d= 3.71 avg_spd=1.34m/s end=collision t=  566.5s ckpt=best
[TRAIN][PPO] ep=024/500 r= -500.36 avg10= -452.87 steps=2182 succ10=0.00 touch10=0.00 col10=0.20 to10=0.00 min_d= 3.82 avg_spd=1.33m/s end=low_score t=  593.7s
[TRAIN][PPO] ep=025/500 r= -500.60 avg10= -452.90 steps=2271 succ10=0.00 touch10=0.00 col10=0.20 to10=0.00 min_d= 3.72 avg_spd=1.34m/s end=low_score t=  619.2s
[TRAIN][PPO] ep=026/500 r= -500.59 avg10= -452.91 steps=2147 succ10=0.00 touch10=0.00 col10=0.20 to10=0.00 min_d= 3.82 avg_spd=1.34m/s end=low_score t=  643.5s
[TRAIN][PPO] ep=027/500 r= -500.50 avg10= -469.26 steps=2298 succ10=0.00 touch10=0.00 col10=0.10 to10=0.00 min_d= 3.74 avg_spd=1.35m/s end=low_score t=  669.7s
[TRAIN][PPO] ep=028/500 r= -500.56 avg10= -469.26 steps=2261 succ10=0.00 touch10=0.00 col10=0.10 to10=0.00 min_d= 3.77 avg_spd=1.34m/s end=low_score t=  698.9s
[TRAIN][PPO] ep=029/500 r=  -39.88 avg10= -423.23 steps=  46 succ10=0.00 touch10=0.00 col10=0.20 to10=0.00 min_d= 3.83 avg_spd=1.42m/s end=collision t=  699.4s ckpt=best
[TRAIN][PPO] ep=030/500 r= -500.14 avg10= -423.24 steps=2269 succ10=0.00 touch10=0.00 col10=0.20 to10=0.00 min_d= 3.65 avg_spd=1.35m/s end=low_score t=  724.3s
[TRAIN][PPO] ep=031/500 r= -500.12 avg10= -423.20 steps=2276 succ10=0.00 touch10=0.00 col10=0.20 to10=0.00 min_d= 3.66 avg_spd=1.34m/s end=low_score t=  749.8s
[TRAIN][PPO] ep=032/500 r= -500.17 avg10= -423.18 steps=2253 succ10=0.00 touch10=0.00 col10=0.20 to10=0.00 min_d= 3.70 avg_spd=1.34m/s end=low_score t=  778.7s
[TRAIN][PPO] ep=033/500 r= -500.12 avg10= -454.30 steps=2187 succ10=0.00 touch10=0.00 col10=0.10 to10=0.00 min_d= 3.81 avg_spd=1.34m/s end=low_score t=  803.0s
[TRAIN][PPO] ep=034/500 r= -500.72 avg10= -454.34 steps=2281 succ10=0.00 touch10=0.00 col10=0.10 to10=0.00 min_d= 3.77 avg_spd=1.34m/s end=low_score t=  827.8s
[TRAIN][PPO] ep=035/500 r= -500.40 avg10= -454.32 steps=2296 succ10=0.00 touch10=0.00 col10=0.10 to10=0.00 min_d= 3.67 avg_spd=1.34m/s end=low_score t=  853.4s
[TRAIN][PPO] ep=036/500 r= -500.24 avg10= -454.28 steps=2286 succ10=0.00 touch10=0.00 col10=0.10 to10=0.00 min_d= 3.64 avg_spd=1.34m/s end=low_score t=  883.3s
[TRAIN][PPO] ep=037/500 r= -500.61 avg10= -454.30 steps=2357 succ10=0.00 touch10=0.00 col10=0.10 to10=0.00 min_d= 3.56 avg_spd=1.34m/s end=low_score t=  909.6s
[TRAIN][PPO] ep=038/500 r= -500.04 avg10= -454.24 steps=2161 succ10=0.00 touch10=0.00 col10=0.10 to10=0.00 min_d= 3.82 avg_spd=1.34m/s end=low_score t=  934.1s
[TRAIN][PPO] ep=039/500 r= -500.54 avg10= -500.31 steps=2197 succ10=0.00 touch10=0.00 col10=0.00 to10=0.00 min_d= 3.74 avg_spd=1.33m/s end=low_score t=  959.2s
[TRAIN][PPO] ep=040/500 r= -500.52 avg10= -500.35 steps=2204 succ10=0.00 touch10=0.00 col10=0.00 to10=0.00 min_d= 3.74 avg_spd=1.34m/s end=low_score t=  988.9s
[TRAIN][PPO] ep=041/500 r= -500.37 avg10= -500.37 steps=2364 succ10=0.00 touch10=0.00 col10=0.00 to10=0.00 min_d= 3.55 avg_spd=1.34m/s end=low_score t= 1014.3s
[TRAIN][PPO] ep=042/500 r= -500.72 avg10= -500.43 steps=2294 succ10=0.00 touch10=0.00 col10=0.00 to10=0.00 min_d= 3.74 avg_spd=1.34m/s end=low_score t= 1039.2s
[TRAIN][PPO] ep=043/500 r= -500.54 avg10= -500.47 steps=2270 succ10=0.00 touch10=0.00 col10=0.00 to10=0.00 min_d= 3.67 avg_spd=1.34m/s end=low_score t= 1063.7s
[TRAIN][PPO] ep=044/500 r= -500.64 avg10= -500.46 steps=2360 succ10=0.00 touch10=0.00 col10=0.00 to10=0.00 min_d= 3.59 avg_spd=1.34m/s end=low_score t= 1091.7s
[TRAIN][PPO] ep=045/500 r= -500.24 avg10= -500.45 steps=2187 succ10=0.00 touch10=0.00 col10=0.00 to10=0.00 min_d= 3.83 avg_spd=1.33m/s end=low_score t= 1115.7s
[TRAIN][PPO] ep=046/500 r= -500.09 avg10= -500.43 steps=2178 succ10=0.00 touch10=0.00 col10=0.00 to10=0.00 min_d= 3.84 avg_spd=1.34m/s end=low_score t= 1139.1s
[TRAIN][PPO] ep=047/500 r= -500.39 avg10= -500.41 steps=2163 succ10=0.00 touch10=0.00 col10=0.00 to10=0.00 min_d= 3.76 avg_spd=1.34m/s end=low_score t= 1162.1s
[TRAIN][PPO] ep=048/500 r= -500.16 avg10= -500.42 steps=2237 succ10=0.00 touch10=0.00 col10=0.00 to10=0.00 min_d= 3.81 avg_spd=1.33m/s end=low_score t= 1188.9s
[TRAIN][PPO] ep=049/500 r= -500.46 avg10= -500.41 steps=2229 succ10=0.00 touch10=0.00 col10=0.00 to10=0.00 min_d= 3.77 avg_spd=1.34m/s end=low_score t= 1211.7s
[TRAIN][PPO] ep=050/500 r= -500.25 avg10= -500.38 steps=2255 succ10=0.00 touch10=0.00 col10=0.00 to10=0.00 min_d= 3.65 avg_spd=1.34m/s end=low_score t= 1234.5s
[TRAIN][PPO] ep=051/500 r= -500.51 avg10= -500.40 steps=2317 succ10=0.00 touch10=0.00 col10=0.00 to10=0.00 min_d= 3.65 avg_spd=1.34m/s end=low_score t= 1258.1s
[TRAIN][PPO] ep=052/500 r= -500.20 avg10= -500.35 steps=2293 succ10=0.00 touch10=0.00 col10=0.00 to10=0.00 min_d= 3.76 avg_spd=1.34m/s end=low_score t= 1284.0s
[TRAIN][PPO] ep=053/500 r= -500.23 avg10= -500.32 steps=2280 succ10=0.00 touch10=0.00 col10=0.00 to10=0.00 min_d= 3.63 avg_spd=1.34m/s end=low_score t= 1305.9s
[TRAIN][PPO] ep=054/500 r= -500.51 avg10= -500.30 steps=2157 succ10=0.00 touch10=0.00 col10=0.00 to10=0.00 min_d= 3.80 avg_spd=1.34m/s end=low_score t= 1326.4s
[TRAIN][PPO] ep=055/500 r= -500.48 avg10= -500.33 steps=2336 succ10=0.00 touch10=0.00 col10=0.00 to10=0.00 min_d= 3.60 avg_spd=1.34m/s end=low_score t= 1348.7s
[TRAIN][PPO] ep=056/500 r= -500.14 avg10= -500.33 steps=2210 succ10=0.00 touch10=0.00 col10=0.00 to10=0.00 min_d= 3.74 avg_spd=1.33m/s end=low_score t= 1373.0s
[TRAIN][PPO] ep=057/500 r= -500.66 avg10= -500.36 steps=2290 succ10=0.00 touch10=0.00 col10=0.00 to10=0.00 min_d= 3.62 avg_spd=1.34m/s end=low_score t= 1394.8s
[TRAIN][PPO] ep=058/500 r= -500.58 avg10= -500.40 steps=2307 succ10=0.00 touch10=0.00 col10=0.00 to10=0.00 min_d= 3.67 avg_spd=1.34m/s end=low_score t= 1416.6s
[TRAIN][PPO] ep=059/500 r= -500.59 avg10= -500.41 steps=2304 succ10=0.00 touch10=0.00 col10=0.00 to10=0.00 min_d= 3.67 avg_spd=1.34m/s end=low_score t= 1438.7s
[TRAIN][PPO] ep=060/500 r= -500.10 avg10= -500.40 steps=2348 succ10=0.00 touch10=0.00 col10=0.00 to10=0.00 min_d= 3.67 avg_spd=1.34m/s end=low_score t= 1465.0s
[TRAIN][PPO] ep=061/500 r= -500.31 avg10= -500.38 steps=2248 succ10=0.00 touch10=0.00 col10=0.00 to10=0.00 min_d= 3.76 avg_spd=1.34m/s end=low_score t= 1486.3s
[TRAIN][PPO] ep=062/500 r= -500.14 avg10= -500.37 steps=2257 succ10=0.00 touch10=0.00 col10=0.00 to10=0.00 min_d= 3.63 avg_spd=1.35m/s end=low_score t= 1508.1s
[TRAIN][PPO] ep=063/500 r= -500.36 avg10= -500.39 steps=2233 succ10=0.00 touch10=0.00 col10=0.00 to10=0.00 min_d= 3.72 avg_spd=1.34m/s end=low_score t= 1529.3s
[TRAIN][PPO] ep=064/500 r= -500.29 avg10= -500.37 steps=2302 succ10=0.00 touch10=0.00 col10=0.00 to10=0.00 min_d= 3.65 avg_spd=1.34m/s end=low_score t= 1554.1s
[TRAIN][PPO] ep=065/500 r= -500.09 avg10= -500.33 steps=2319 succ10=0.00 touch10=0.00 col10=0.00 to10=0.00 min_d= 3.61 avg_spd=1.35m/s end=low_score t= 1576.0s
[TRAIN][PPO] ep=066/500 r= -500.10 avg10= -500.32 steps=2292 succ10=0.00 touch10=0.00 col10=0.00 to10=0.00 min_d= 3.71 avg_spd=1.35m/s end=low_score t= 1597.9s
[TRAIN][PPO] ep=067/500 r= -500.36 avg10= -500.29 steps=2354 succ10=0.00 touch10=0.00 col10=0.00 to10=0.00 min_d= 3.69 avg_spd=1.35m/s end=low_score t= 1620.3s
[TRAIN][PPO] ep=068/500 r= -500.21 avg10= -500.26 steps=2249 succ10=0.00 touch10=0.00 col10=0.00 to10=0.00 min_d= 3.75 avg_spd=1.35m/s end=low_score t= 1645.0s
[TRAIN][PPO] ep=069/500 r= -500.67 avg10= -500.26 steps=2331 succ10=0.00 touch10=0.00 col10=0.00 to10=0.00 min_d= 3.59 avg_spd=1.35m/s end=low_score t= 1667.6s
[TRAIN][PPO] ep=070/500 r= -500.63 avg10= -500.32 steps=2284 succ10=0.00 touch10=0.00 col10=0.00 to10=0.00 min_d= 3.61 avg_spd=1.35m/s end=low_score t= 1689.5s
[TRAIN][PPO] ep=071/500 r= -500.39 avg10= -500.32 steps=2336 succ10=0.00 touch10=0.00 col10=0.00 to10=0.00 min_d= 3.63 avg_spd=1.35m/s end=low_score t= 1712.1s
[TRAIN][PPO] ep=072/500 r= -500.14 avg10= -500.32 steps=2205 succ10=0.00 touch10=0.00 col10=0.00 to10=0.00 min_d= 3.74 avg_spd=1.35m/s end=low_score t= 1736.3s
[TRAIN][PPO] ep=073/500 r= -500.41 avg10= -500.33 steps=2150 succ10=0.00 touch10=0.00 col10=0.00 to10=0.00 min_d= 3.84 avg_spd=1.35m/s end=low_score t= 1757.4s
[TRAIN][PPO] ep=074/500 r= -500.24 avg10= -500.32 steps=2201 succ10=0.00 touch10=0.00 col10=0.00 to10=0.00 min_d= 3.72 avg_spd=1.34m/s end=low_score t= 1779.2s
[TRAIN][PPO] ep=075/500 r= -500.20 avg10= -500.33 steps=2328 succ10=0.00 touch10=0.00 col10=0.00 to10=0.00 min_d= 3.71 avg_spd=1.35m/s end=low_score t= 1801.5s
[TRAIN][PPO] ep=076/500 r= -500.64 avg10= -500.39 steps=2375 succ10=0.00 touch10=0.00 col10=0.00 to10=0.00 min_d= 3.66 avg_spd=1.35m/s end=low_score t= 1826.4s
[TRAIN][PPO] ep=077/500 r= -500.66 avg10= -500.42 steps=2214 succ10=0.00 touch10=0.00 col10=0.00 to10=0.00 min_d= 3.68 avg_spd=1.36m/s end=low_score t= 1846.5s
[TRAIN][PPO] ep=078/500 r= -500.67 avg10= -500.46 steps=2250 succ10=0.00 touch10=0.00 col10=0.00 to10=0.00 min_d= 3.71 avg_spd=1.35m/s end=low_score t= 1867.1s
[TRAIN][PPO] ep=079/500 r= -500.55 avg10= -500.45 steps=2275 succ10=0.00 touch10=0.00 col10=0.00 to10=0.00 min_d= 3.61 avg_spd=1.35m/s end=low_score t= 1887.4s
[TRAIN][PPO] ep=080/500 r= -500.33 avg10= -500.42 steps=2310 succ10=0.00 touch10=0.00 col10=0.00 to10=0.00 min_d= 3.69 avg_spd=1.34m/s end=low_score t= 1911.1s
[TRAIN][PPO] ep=081/500 r= -500.39 avg10= -500.42 steps=2323 succ10=0.00 touch10=0.00 col10=0.00 to10=0.00 min_d= 3.62 avg_spd=1.34m/s end=low_score t= 1932.1s
[TRAIN][PPO] ep=082/500 r= -500.71 avg10= -500.48 steps=2328 succ10=0.00 touch10=0.00 col10=0.00 to10=0.00 min_d= 3.64 avg_spd=1.35m/s end=low_score t= 1953.2s
[TRAIN][PPO] ep=083/500 r= -500.40 avg10= -500.48 steps=2337 succ10=0.00 touch10=0.00 col10=0.00 to10=0.00 min_d= 3.58 avg_spd=1.34m/s end=low_score t= 1974.7s
[TRAIN][PPO] ep=084/500 r= -500.58 avg10= -500.51 steps=2231 succ10=0.00 touch10=0.00 col10=0.00 to10=0.00 min_d= 3.69 avg_spd=1.35m/s end=low_score t= 1997.9s
[TRAIN][PPO] ep=085/500 r= -500.28 avg10= -500.52 steps=2319 succ10=0.00 touch10=0.00 col10=0.00 to10=0.00 min_d= 3.60 avg_spd=1.34m/s end=low_score t= 2018.4s
[TRAIN][PPO] ep=086/500 r= -500.49 avg10= -500.51 steps=2213 succ10=0.00 touch10=0.00 col10=0.00 to10=0.00 min_d= 3.82 avg_spd=1.35m/s end=low_score t= 2038.6s
[TRAIN][PPO] ep=087/500 r= -500.33 avg10= -500.47 steps=2237 succ10=0.00 touch10=0.00 col10=0.00 to10=0.00 min_d= 3.68 avg_spd=1.34m/s end=low_score t= 2058.7s
[TRAIN][PPO] ep=088/500 r= -500.55 avg10= -500.46 steps=2323 succ10=0.00 touch10=0.00 col10=0.00 to10=0.00 min_d= 3.58 avg_spd=1.34m/s end=low_score t= 2082.2s
[TRAIN][PPO] ep=089/500 r= -500.02 avg10= -500.41 steps=2136 succ10=0.00 touch10=0.00 col10=0.00 to10=0.00 min_d= 3.82 avg_spd=1.34m/s end=low_score t= 2101.7s
[TRAIN][PPO] ep=090/500 r= -500.52 avg10= -500.43 steps=2229 succ10=0.00 touch10=0.00 col10=0.00 to10=0.00 min_d= 3.72 avg_spd=1.34m/s end=low_score t= 2122.2s
[TRAIN][PPO] ep=091/500 r= -500.21 avg10= -500.41 steps=2300 succ10=0.00 touch10=0.00 col10=0.00 to10=0.00 min_d= 3.67 avg_spd=1.34m/s end=low_score t= 2143.2s
[TRAIN][PPO] ep=092/500 r= -500.70 avg10= -500.41 steps=2348 succ10=0.00 touch10=0.00 col10=0.00 to10=0.00 min_d= 3.58 avg_spd=1.34m/s end=low_score t= 2167.6s
[TRAIN][PPO] ep=093/500 r= -500.15 avg10= -500.38 steps=2290 succ10=0.00 touch10=0.00 col10=0.00 to10=0.00 min_d= 3.73 avg_spd=1.34m/s end=low_score t= 2188.5s
[TRAIN][PPO] ep=094/500 r= -500.08 avg10= -500.33 steps=2348 succ10=0.00 touch10=0.00 col10=0.00 to10=0.00 min_d= 3.67 avg_spd=1.34m/s end=low_score t= 2210.6s
[TRAIN][PPO] ep=095/500 r= -500.33 avg10= -500.34 steps=2268 succ10=0.00 touch10=0.00 col10=0.00 to10=0.00 min_d= 3.71 avg_spd=1.34m/s end=low_score t= 2231.3s
[TRAIN][PPO] ep=096/500 r= -500.50 avg10= -500.34 steps=2319 succ10=0.00 touch10=0.00 col10=0.00 to10=0.00 min_d= 3.64 avg_spd=1.35m/s end=low_score t= 2254.5s
[TRAIN][PPO] ep=097/500 r= -500.14 avg10= -500.32 steps=2167 succ10=0.00 touch10=0.00 col10=0.00 to10=0.00 min_d= 3.84 avg_spd=1.34m/s end=low_score t= 2274.2s
[TRAIN][PPO] ep=098/500 r= -500.68 avg10= -500.33 steps=2350 succ10=0.00 touch10=0.00 col10=0.00 to10=0.00 min_d= 3.57 avg_spd=1.35m/s end=low_score t= 2296.0s
[TRAIN][PPO] ep=099/500 r= -500.34 avg10= -500.36 steps=2273 succ10=0.00 touch10=0.00 col10=0.00 to10=0.00 min_d= 3.70 avg_spd=1.34m/s end=low_score t= 2316.8s
[TRAIN][PPO] ep=100/500 r= -500.65 avg10= -500.38 steps=2385 succ10=0.00 touch10=0.00 col10=0.00 to10=0.00 min_d= 3.50 avg_spd=1.34m/s end=low_score t= 2341.0s ckpt=latest
[TRAIN][PPO] ep=101/500 r= -500.63 avg10= -500.42 steps=2285 succ10=0.00 touch10=0.00 col10=0.00 to10=0.00 min_d= 3.68 avg_spd=1.35m/s end=low_score t= 2361.7s
[TRAIN][PPO] ep=102/500 r= -500.01 avg10= -500.35 steps=2328 succ10=0.00 touch10=0.00 col10=0.00 to10=0.00 min_d= 3.65 avg_spd=1.34m/s end=low_score t= 2383.1s
[TRAIN][PPO] ep=103/500 r= -500.02 avg10= -500.34 steps=2130 succ10=0.00 touch10=0.00 col10=0.00 to10=0.00 min_d= 3.89 avg_spd=1.33m/s end=low_score t= 2402.1s
[TRAIN][PPO] ep=104/500 r= -500.36 avg10= -500.37 steps=2253 succ10=0.00 touch10=0.00 col10=0.00 to10=0.00 min_d= 3.79 avg_spd=1.34m/s end=low_score t= 2425.3s
[TRAIN][PPO] ep=105/500 r= -500.11 avg10= -500.34 steps=2269 succ10=0.00 touch10=0.00 col10=0.00 to10=0.00 min_d= 3.75 avg_spd=1.34m/s end=low_score t= 2445.9s
[TRAIN][PPO] ep=106/500 r= -500.70 avg10= -500.36 steps=2314 succ10=0.00 touch10=0.00 col10=0.00 to10=0.00 min_d= 3.69 avg_spd=1.34m/s end=low_score t= 2466.8s
[TRAIN][PPO] ep=107/500 r= -500.70 avg10= -500.42 steps=2308 succ10=0.00 touch10=0.00 col10=0.00 to10=0.00 min_d= 3.58 avg_spd=1.34m/s end=low_score t= 2487.5s
[TRAIN][PPO] ep=108/500 r= -500.17 avg10= -500.37 steps=2212 succ10=0.00 touch10=0.00 col10=0.00 to10=0.00 min_d= 3.69 avg_spd=1.35m/s end=low_score t= 2510.0s
[TRAIN][PPO] ep=109/500 r= -500.54 avg10= -500.39 steps=2280 succ10=0.00 touch10=0.00 col10=0.00 to10=0.00 min_d= 3.73 avg_spd=1.35m/s end=low_score t= 2530.7s
[TRAIN][PPO] ep=110/500 r= -500.40 avg10= -500.36 steps=2225 succ10=0.00 touch10=0.00 col10=0.00 to10=0.00 min_d= 3.67 avg_spd=1.36m/s end=low_score t= 2550.8s
[TRAIN][PPO] ep=111/500 r= -500.52 avg10= -500.35 steps=2275 succ10=0.00 touch10=0.00 col10=0.00 to10=0.00 min_d= 3.62 avg_spd=1.35m/s end=low_score t= 2571.1s
[TRAIN][PPO] ep=112/500 r= -500.04 avg10= -500.36 steps=2305 succ10=0.00 touch10=0.00 col10=0.00 to10=0.00 min_d= 3.63 avg_spd=1.35m/s end=low_score t= 2594.7s
[TRAIN][PPO] ep=113/500 r= -500.13 avg10= -500.37 steps=2214 succ10=0.00 touch10=0.00 col10=0.00 to10=0.00 min_d= 3.69 avg_spd=1.35m/s end=low_score t= 2614.7s
[TRAIN][PPO] ep=114/500 r= -500.46 avg10= -500.38 steps=2215 succ10=0.00 touch10=0.00 col10=0.00 to10=0.00 min_d= 3.68 avg_spd=1.36m/s end=low_score t= 2634.7s
[TRAIN][PPO] ep=115/500 r= -500.20 avg10= -500.38 steps=2286 succ10=0.00 touch10=0.00 col10=0.00 to10=0.00 min_d= 3.63 avg_spd=1.35m/s end=low_score t= 2655.3s
[TRAIN][PPO] ep=116/500 r= -500.64 avg10= -500.38 steps=2292 succ10=0.00 touch10=0.00 col10=0.00 to10=0.00 min_d= 3.64 avg_spd=1.35m/s end=low_score t= 2678.4s
[TRAIN][PPO] ep=117/500 r= -500.55 avg10= -500.36 steps=2230 succ10=0.00 touch10=0.00 col10=0.00 to10=0.00 min_d= 3.75 avg_spd=1.36m/s end=low_score t= 2698.4s
[TRAIN][PPO] ep=118/500 r= -500.49 avg10= -500.40 steps=2311 succ10=0.00 touch10=0.00 col10=0.00 to10=0.00 min_d= 3.67 avg_spd=1.36m/s end=low_score t= 2719.5s
[TRAIN][PPO] ep=119/500 r= -500.52 avg10= -500.39 steps=2276 succ10=0.00 touch10=0.00 col10=0.00 to10=0.00 min_d= 3.63 avg_spd=1.35m/s end=low_score t= 2740.2s
[TRAIN][PPO] ep=120/500 r= -500.67 avg10= -500.42 steps=2253 succ10=0.00 touch10=0.00 col10=0.00 to10=0.00 min_d= 3.63 avg_spd=1.35m/s end=low_score t= 2763.8s
[TRAIN][PPO] ep=121/500 r= -500.38 avg10= -500.41 steps=2362 succ10=0.00 touch10=0.00 col10=0.00 to10=0.00 min_d= 3.59 avg_spd=1.36m/s end=low_score t= 2785.2s
[TRAIN][PPO] ep=122/500 r= -500.04 avg10= -500.41 steps=2318 succ10=0.00 touch10=0.00 col10=0.00 to10=0.00 min_d= 3.62 avg_spd=1.35m/s end=low_score t= 2806.2s
[TRAIN][PPO] ep=123/500 r= -500.60 avg10= -500.45 steps=2321 succ10=0.00 touch10=0.00 col10=0.00 to10=0.00 min_d= 3.64 avg_spd=1.36m/s end=low_score t= 2826.8s
[TRAIN][PPO] ep=124/500 r= -500.33 avg10= -500.44 steps=2175 succ10=0.00 touch10=0.00 col10=0.00 to10=0.00 min_d= 3.77 avg_spd=1.36m/s end=low_score t= 2848.7s
[TRAIN][PPO] ep=125/500 r= -500.11 avg10= -500.43 steps=2171 succ10=0.00 touch10=0.00 col10=0.00 to10=0.00 min_d= 3.70 avg_spd=1.35m/s end=low_score t= 2867.9s
[TRAIN][PPO] ep=126/500 r= -500.20 avg10= -500.39 steps=2350 succ10=0.00 touch10=0.00 col10=0.00 to10=0.00 min_d= 3.54 avg_spd=1.37m/s end=low_score t= 2888.9s
[TRAIN][PPO] ep=127/500 r= -500.48 avg10= -500.38 steps=2258 succ10=0.00 touch10=0.00 col10=0.00 to10=0.00 min_d= 3.62 avg_spd=1.36m/s end=low_score t= 2909.3s
[TRAIN][PPO] ep=128/500 r= -500.12 avg10= -500.34 steps=2188 succ10=0.00 touch10=0.00 col10=0.00 to10=0.00 min_d= 3.70 avg_spd=1.35m/s end=low_score t= 2931.0s
[TRAIN][PPO] ep=129/500 r= -500.22 avg10= -500.32 steps=2244 succ10=0.00 touch10=0.00 col10=0.00 to10=0.00 min_d= 3.69 avg_spd=1.36m/s end=low_score t= 2951.0s
[TRAIN][PPO] ep=130/500 r= -500.43 avg10= -500.29 steps=2245 succ10=0.00 touch10=0.00 col10=0.00 to10=0.00 min_d= 3.74 avg_spd=1.35m/s end=low_score t= 2971.2s
[TRAIN][PPO] ep=131/500 r= -500.61 avg10= -500.31 steps=2151 succ10=0.00 touch10=0.00 col10=0.00 to10=0.00 min_d= 3.78 avg_spd=1.35m/s end=low_score t= 2990.0s
[TRAIN][PPO] ep=132/500 r= -500.61 avg10= -500.37 steps=2322 succ10=0.00 touch10=0.00 col10=0.00 to10=0.00 min_d= 3.55 avg_spd=1.36m/s end=low_score t= 3013.3s
[TRAIN][PPO] ep=133/500 r= -500.07 avg10= -500.32 steps=2171 succ10=0.00 touch10=0.00 col10=0.00 to10=0.00 min_d= 3.66 avg_spd=1.35m/s end=low_score t= 3032.8s
[TRAIN][PPO] ep=134/500 r= -500.03 avg10= -500.29 steps=2167 succ10=0.00 touch10=0.00 col10=0.00 to10=0.00 min_d= 3.75 avg_spd=1.35m/s end=low_score t= 3052.0s
[TRAIN][PPO] ep=135/500 r= -500.55 avg10= -500.33 steps=2334 succ10=0.00 touch10=0.00 col10=0.00 to10=0.00 min_d= 3.64 avg_spd=1.36m/s end=low_score t= 3072.8s
[TRAIN][PPO] ep=136/500 r= -500.60 avg10= -500.37 steps=2164 succ10=0.00 touch10=0.00 col10=0.00 to10=0.00 min_d= 3.80 avg_spd=1.35m/s end=low_score t= 3094.2s
[TRAIN][PPO] ep=137/500 r= -500.22 avg10= -500.35 steps=2152 succ10=0.00 touch10=0.00 col10=0.00 to10=0.00 min_d= 3.80 avg_spd=1.35m/s end=low_score t= 3113.0s
[TRAIN][PPO] ep=138/500 r= -500.32 avg10= -500.37 steps=2224 succ10=0.00 touch10=0.00 col10=0.00 to10=0.00 min_d= 3.67 avg_spd=1.36m/s end=low_score t= 3133.2s
[TRAIN][PPO] ep=139/500 r= -500.42 avg10= -500.39 steps=2339 succ10=0.00 touch10=0.00 col10=0.00 to10=0.00 min_d= 3.50 avg_spd=1.36m/s end=low_score t= 3154.1s
[TRAIN][PPO] ep=140/500 r= -500.13 avg10= -500.36 steps=2155 succ10=0.00 touch10=0.00 col10=0.00 to10=0.00 min_d= 3.77 avg_spd=1.35m/s end=low_score t= 3175.7s
[TRAIN][PPO] ep=141/500 r= -500.67 avg10= -500.36 steps=2277 succ10=0.00 touch10=0.00 col10=0.00 to10=0.00 min_d= 3.68 avg_spd=1.36m/s end=low_score t= 3196.4s
[TRAIN][PPO] ep=142/500 r= -500.68 avg10= -500.37 steps=2329 succ10=0.00 touch10=0.00 col10=0.00 to10=0.00 min_d= 3.50 avg_spd=1.36m/s end=low_score t= 3217.3s
[TRAIN][PPO] ep=143/500 r= -500.14 avg10= -500.38 steps=2334 succ10=0.00 touch10=0.00 col10=0.00 to10=0.00 min_d= 3.61 avg_spd=1.37m/s end=low_score t= 3238.1s
[TRAIN][PPO] ep=144/500 r= -500.25 avg10= -500.40 steps=2156 succ10=0.00 touch10=0.00 col10=0.00 to10=0.00 min_d= 3.78 avg_spd=1.35m/s end=low_score t= 3259.8s
[TRAIN][PPO] ep=145/500 r= -500.57 avg10= -500.40 steps=2242 succ10=0.00 touch10=0.00 col10=0.00 to10=0.00 min_d= 3.73 avg_spd=1.35m/s end=low_score t= 3279.9s
[TRAIN][PPO] ep=146/500 r= -500.04 avg10= -500.34 steps=2292 succ10=0.00 touch10=0.00 col10=0.00 to10=0.00 min_d= 3.64 avg_spd=1.36m/s end=low_score t= 3301.1s
[TRAIN][PPO] ep=147/500 r= -500.31 avg10= -500.35 steps=2303 succ10=0.00 touch10=0.00 col10=0.00 to10=0.00 min_d= 3.64 avg_spd=1.36m/s end=low_score t= 3322.3s
[TRAIN][PPO] ep=148/500 r= -500.40 avg10= -500.36 steps=2175 succ10=0.00 touch10=0.00 col10=0.00 to10=0.00 min_d= 3.77 avg_spd=1.35m/s end=low_score t= 3343.8s
[TRAIN][PPO] ep=149/500 r= -500.61 avg10= -500.38 steps=2378 succ10=0.00 touch10=0.00 col10=0.00 to10=0.00 min_d= 3.51 avg_spd=1.36m/s end=low_score t= 3365.0s
[TRAIN][PPO] ep=150/500 r= -500.34 avg10= -500.40 steps=2277 succ10=0.00 touch10=0.00 col10=0.00 to10=0.00 min_d= 3.58 avg_spd=1.36m/s end=low_score t= 3385.7s
[TRAIN][PPO] ep=151/500 r= -500.13 avg10= -500.35 steps=2356 succ10=0.00 touch10=0.00 col10=0.00 to10=0.00 min_d= 3.48 avg_spd=1.37m/s end=low_score t= 3406.8s
[TRAIN][PPO] ep=152/500 r= -500.53 avg10= -500.33 steps=2361 succ10=0.00 touch10=0.00 col10=0.00 to10=0.00 min_d= 3.60 avg_spd=1.36m/s end=low_score t= 3430.9s
[TRAIN][PPO] ep=153/500 r= -339.26 avg10= -484.24 steps=1328 succ10=0.00 touch10=0.00 col10=0.10 to10=0.00 min_d= 3.68 avg_spd=1.35m/s end=collision t= 3442.9s
[TRAIN][PPO] ep=154/500 r= -500.45 avg10= -484.26 steps=2197 succ10=0.00 touch10=0.00 col10=0.10 to10=0.00 min_d= 3.74 avg_spd=1.35m/s end=low_score t= 3462.5s
[TRAIN][PPO] ep=155/500 r= -500.09 avg10= -484.22 steps=2265 succ10=0.00 touch10=0.00 col10=0.10 to10=0.00 min_d= 3.67 avg_spd=1.36m/s end=low_score t= 3482.7s
[TRAIN][PPO] ep=156/500 r= -500.56 avg10= -484.27 steps=2220 succ10=0.00 touch10=0.00 col10=0.10 to10=0.00 min_d= 3.73 avg_spd=1.36m/s end=low_score t= 3505.0s
[TRAIN][PPO] ep=157/500 r= -500.53 avg10= -484.29 steps=2294 succ10=0.00 touch10=0.00 col10=0.10 to10=0.00 min_d= 3.66 avg_spd=1.36m/s end=low_score t= 3525.5s
[TRAIN][PPO] ep=158/500 r= -500.49 avg10= -484.30 steps=2290 succ10=0.00 touch10=0.00 col10=0.10 to10=0.00 min_d= 3.67 avg_spd=1.36m/s end=low_score t= 3545.9s
[TRAIN][PPO] ep=159/500 r= -500.31 avg10= -484.27 steps=2197 succ10=0.00 touch10=0.00 col10=0.10 to10=0.00 min_d= 3.66 avg_spd=1.36m/s end=low_score t= 3565.4s
[TRAIN][PPO] ep=160/500 r= -500.39 avg10= -484.27 steps=2361 succ10=0.00 touch10=0.00 col10=0.10 to10=0.00 min_d= 3.52 avg_spd=1.35m/s end=low_score t= 3588.5s
[TRAIN][PPO] ep=161/500 r= -183.77 avg10= -452.64 steps= 700 succ10=0.00 touch10=0.00 col10=0.20 to10=0.00 min_d= 3.74 avg_spd=1.34m/s end=collision t= 3594.9s
[TRAIN][PPO] ep=162/500 r= -500.64 avg10= -452.65 steps=2212 succ10=0.00 touch10=0.00 col10=0.20 to10=0.00 min_d= 3.63 avg_spd=1.35m/s end=low_score t= 3614.6s
[TRAIN][PPO] ep=163/500 r= -500.13 avg10= -468.74 steps=2218 succ10=0.00 touch10=0.00 col10=0.10 to10=0.00 min_d= 3.65 avg_spd=1.35m/s end=low_score t= 3634.2s
[TRAIN][PPO] ep=164/500 r= -500.48 avg10= -468.74 steps=2332 succ10=0.00 touch10=0.00 col10=0.10 to10=0.00 min_d= 3.50 avg_spd=1.35m/s end=low_score t= 3656.7s
[TRAIN][PPO] ep=165/500 r= -500.70 avg10= -468.80 steps=2341 succ10=0.00 touch10=0.00 col10=0.10 to10=0.00 min_d= 3.47 avg_spd=1.36m/s end=low_score t= 3677.4s
[TRAIN][PPO] ep=166/500 r= -500.05 avg10= -468.75 steps=2161 succ10=0.00 touch10=0.00 col10=0.10 to10=0.00 min_d= 3.74 avg_spd=1.35m/s end=low_score t= 3696.5s
[TRAIN][PPO] ep=167/500 r= -500.70 avg10= -468.77 steps=2195 succ10=0.00 touch10=0.00 col10=0.10 to10=0.00 min_d= 3.63 avg_spd=1.35m/s end=low_score t= 3716.3s
[TRAIN][PPO] ep=168/500 r= -500.52 avg10= -468.77 steps=2292 succ10=0.00 touch10=0.00 col10=0.10 to10=0.00 min_d= 3.58 avg_spd=1.36m/s end=low_score t= 3737.7s
[TRAIN][PPO] ep=169/500 r= -500.70 avg10= -468.81 steps=2231 succ10=0.00 touch10=0.00 col10=0.10 to10=0.00 min_d= 3.62 avg_spd=1.36m/s end=low_score t= 3757.1s
[TRAIN][PPO] ep=170/500 r= -500.21 avg10= -468.79 steps=2136 succ10=0.00 touch10=0.00 col10=0.10 to10=0.00 min_d= 3.82 avg_spd=1.34m/s end=low_score t= 3776.4s
[TRAIN][PPO] ep=171/500 r= -500.61 avg10= -500.47 steps=2335 succ10=0.00 touch10=0.00 col10=0.00 to10=0.00 min_d= 3.59 avg_spd=1.35m/s end=low_score t= 3798.0s
[TRAIN][PPO] ep=172/500 r= -500.25 avg10= -500.44 steps=2342 succ10=0.00 touch10=0.00 col10=0.00 to10=0.00 min_d= 3.49 avg_spd=1.36m/s end=low_score t= 3821.4s
[TRAIN][PPO] ep=173/500 r= -500.01 avg10= -500.42 steps=2185 succ10=0.00 touch10=0.00 col10=0.00 to10=0.00 min_d= 3.65 avg_spd=1.36m/s end=low_score t= 3841.5s
[TRAIN][PPO] ep=174/500 r= -500.30 avg10= -500.41 steps=2341 succ10=0.00 touch10=0.00 col10=0.00 to10=0.00 min_d= 3.60 avg_spd=1.36m/s end=low_score t= 3862.5s
[TRAIN][PPO] ep=175/500 r= -500.20 avg10= -500.35 steps=2198 succ10=0.00 touch10=0.00 col10=0.00 to10=0.00 min_d= 3.72 avg_spd=1.35m/s end=low_score t= 3882.3s
[TRAIN][PPO] ep=176/500 r= -500.32 avg10= -500.38 steps=2301 succ10=0.00 touch10=0.00 col10=0.00 to10=0.00 min_d= 3.61 avg_spd=1.36m/s end=low_score t= 3905.6s
[TRAIN][PPO] ep=177/500 r= -500.04 avg10= -500.32 steps=2225 succ10=0.00 touch10=0.00 col10=0.00 to10=0.00 min_d= 3.69 avg_spd=1.35m/s end=low_score t= 3925.7s
[TRAIN][PPO] ep=178/500 r= -500.59 avg10= -500.32 steps=2353 succ10=0.00 touch10=0.00 col10=0.00 to10=0.00 min_d= 3.52 avg_spd=1.35m/s end=low_score t= 3946.8s
[TRAIN][PPO] ep=179/500 r= -185.21 avg10= -468.77 steps= 689 succ10=0.00 touch10=0.00 col10=0.10 to10=0.00 min_d= 3.72 avg_spd=1.35m/s end=collision t= 3953.0s
[TRAIN][PPO] ep=180/500 r= -500.33 avg10= -468.79 steps=2206 succ10=0.00 touch10=0.00 col10=0.10 to10=0.00 min_d= 3.68 avg_spd=1.35m/s end=low_score t= 3974.7s
[TRAIN][PPO] ep=181/500 r= -500.12 avg10= -468.74 steps=2295 succ10=0.00 touch10=0.00 col10=0.10 to10=0.00 min_d= 3.57 avg_spd=1.35m/s end=low_score t= 3995.0s
[TRAIN][PPO] ep=182/500 r= -500.09 avg10= -468.72 steps=2169 succ10=0.00 touch10=0.00 col10=0.10 to10=0.00 min_d= 3.67 avg_spd=1.35m/s end=low_score t= 4014.7s
[TRAIN][PPO] ep=183/500 r= -500.57 avg10= -468.78 steps=2324 succ10=0.00 touch10=0.00 col10=0.10 to10=0.00 min_d= 3.57 avg_spd=1.34m/s end=low_score t= 4035.0s
[TRAIN][PPO] ep=184/500 r= -500.42 avg10= -468.79 steps=2367 succ10=0.00 touch10=0.00 col10=0.10 to10=0.00 min_d= 3.48 avg_spd=1.36m/s end=low_score t= 4059.3s
[TRAIN][PPO] ep=185/500 r= -500.64 avg10= -468.83 steps=2338 succ10=0.00 touch10=0.00 col10=0.10 to10=0.00 min_d= 3.59 avg_spd=1.35m/s end=low_score t= 4080.6s
[TRAIN][PPO] ep=186/500 r= -500.05 avg10= -468.80 steps=2227 succ10=0.00 touch10=0.00 col10=0.10 to10=0.00 min_d= 3.68 avg_spd=1.35m/s end=low_score t= 4100.6s
[TRAIN][PPO] ep=187/500 r= -500.72 avg10= -468.87 steps=2310 succ10=0.00 touch10=0.00 col10=0.10 to10=0.00 min_d= 3.56 avg_spd=1.35m/s end=low_score t= 4121.1s
[TRAIN][PPO] ep=188/500 r= -500.49 avg10= -468.86 steps=2332 succ10=0.00 touch10=0.00 col10=0.10 to10=0.00 min_d= 3.57 avg_spd=1.35m/s end=low_score t= 4146.2s
[TRAIN][PPO] ep=189/500 r= -500.24 avg10= -500.37 steps=2282 succ10=0.00 touch10=0.00 col10=0.00 to10=0.00 min_d= 3.60 avg_spd=1.35m/s end=low_score t= 4166.7s
[TRAIN][PPO] ep=190/500 r= -500.12 avg10= -500.35 steps=2205 succ10=0.00 touch10=0.00 col10=0.00 to10=0.00 min_d= 3.62 avg_spd=1.34m/s end=low_score t= 4186.6s
[TRAIN][PPO] ep=191/500 r= -500.16 avg10= -500.35 steps=2229 succ10=0.00 touch10=0.00 col10=0.00 to10=0.00 min_d= 3.60 avg_spd=1.35m/s end=low_score t= 4206.4s
[TRAIN][PPO] ep=192/500 r= -500.33 avg10= -500.37 steps=2304 succ10=0.00 touch10=0.00 col10=0.00 to10=0.00 min_d= 3.64 avg_spd=1.35m/s end=low_score t= 4229.5s
[TRAIN][PPO] ep=193/500 r= -500.09 avg10= -500.33 steps=2332 succ10=0.00 touch10=0.00 col10=0.00 to10=0.00 min_d= 3.60 avg_spd=1.35m/s end=low_score t= 4250.2s
[TRAIN][PPO] ep=194/500 r= -500.39 avg10= -500.32 steps=2158 succ10=0.00 touch10=0.00 col10=0.00 to10=0.00 min_d= 3.67 avg_spd=1.34m/s end=low_score t= 4269.2s
[TRAIN][PPO] ep=195/500 r= -500.49 avg10= -500.31 steps=2230 succ10=0.00 touch10=0.00 col10=0.00 to10=0.00 min_d= 3.64 avg_spd=1.34m/s end=low_score t= 4289.3s
[TRAIN][PPO] ep=196/500 r= -500.17 avg10= -500.32 steps=2146 succ10=0.00 touch10=0.00 col10=0.00 to10=0.00 min_d= 3.73 avg_spd=1.35m/s end=low_score t= 4311.2s
[TRAIN][PPO] ep=197/500 r= -500.54 avg10= -500.30 steps=2288 succ10=0.00 touch10=0.00 col10=0.00 to10=0.00 min_d= 3.67 avg_spd=1.34m/s end=low_score t= 4331.4s
[TRAIN][PPO] ep=198/500 r= -500.47 avg10= -500.30 steps=2286 succ10=0.00 touch10=0.00 col10=0.00 to10=0.00 min_d= 3.67 avg_spd=1.35m/s end=low_score t= 4351.6s
[TRAIN][PPO] ep=199/500 r= -500.38 avg10= -500.31 steps=2227 succ10=0.00 touch10=0.00 col10=0.00 to10=0.00 min_d= 3.71 avg_spd=1.35m/s end=low_score t= 4371.5s
[TRAIN][PPO] ep=200/500 r= -500.58 avg10= -500.36 steps=2287 succ10=0.00 touch10=0.00 col10=0.00 to10=0.00 min_d= 3.65 avg_spd=1.34m/s end=low_score t= 4396.5s ckpt=latest
[TRAIN][PPO] ep=201/500 r= -500.23 avg10= -500.37 steps=2257 succ10=0.00 touch10=0.00 col10=0.00 to10=0.00 min_d= 3.56 avg_spd=1.36m/s end=low_score t= 4417.3s
[TRAIN][PPO] ep=202/500 r= -500.20 avg10= -500.35 steps=2316 succ10=0.00 touch10=0.00 col10=0.00 to10=0.00 min_d= 3.58 avg_spd=1.36m/s end=low_score t= 4437.9s
[TRAIN][PPO] ep=203/500 r= -500.07 avg10= -500.35 steps=2228 succ10=0.00 touch10=0.00 col10=0.00 to10=0.00 min_d= 3.63 avg_spd=1.35m/s end=low_score t= 4457.7s
[TRAIN][PPO] ep=204/500 r= -500.11 avg10= -500.32 steps=2255 succ10=0.00 touch10=0.00 col10=0.00 to10=0.00 min_d= 3.59 avg_spd=1.36m/s end=low_score t= 4480.4s
[TRAIN][PPO] ep=205/500 r= -500.45 avg10= -500.32 steps=2346 succ10=0.00 touch10=0.00 col10=0.00 to10=0.00 min_d= 3.52 avg_spd=1.36m/s end=low_score t= 4501.1s
[TRAIN][PPO] ep=206/500 r= -500.03 avg10= -500.31 steps=2156 succ10=0.00 touch10=0.00 col10=0.00 to10=0.00 min_d= 3.79 avg_spd=1.34m/s end=low_score t= 4521.0s
[TRAIN][PPO] ep=207/500 r= -500.58 avg10= -500.31 steps=2253 succ10=0.00 touch10=0.00 col10=0.00 to10=0.00 min_d= 3.61 avg_spd=1.35m/s end=low_score t= 4541.6s
[TRAIN][PPO] ep=208/500 r= -500.45 avg10= -500.31 steps=2272 succ10=0.00 touch10=0.00 col10=0.00 to10=0.00 min_d= 3.68 avg_spd=1.34m/s end=low_score t= 4564.8s
[TRAIN][PPO] ep=209/500 r= -500.17 avg10= -500.29 steps=2355 succ10=0.00 touch10=0.00 col10=0.00 to10=0.00 min_d= 3.44 avg_spd=1.36m/s end=low_score t= 4586.4s
[TRAIN][PPO] ep=210/500 r= -500.22 avg10= -500.25 steps=2318 succ10=0.00 touch10=0.00 col10=0.00 to10=0.00 min_d= 3.58 avg_spd=1.35m/s end=low_score t= 4607.1s
[TRAIN][PPO] ep=211/500 r= -500.69 avg10= -500.30 steps=2282 succ10=0.00 touch10=0.00 col10=0.00 to10=0.00 min_d= 3.57 avg_spd=1.35m/s end=low_score t= 4627.7s
[TRAIN][PPO] ep=212/500 r= -500.60 avg10= -500.34 steps=2302 succ10=0.00 touch10=0.00 col10=0.00 to10=0.00 min_d= 3.60 avg_spd=1.35m/s end=low_score t= 4651.0s
[TRAIN][PPO] ep=213/500 r= -500.44 avg10= -500.37 steps=2151 succ10=0.00 touch10=0.00 col10=0.00 to10=0.00 min_d= 3.73 avg_spd=1.34m/s end=low_score t= 4670.2s
[TRAIN][PPO] ep=214/500 r= -500.46 avg10= -500.41 steps=2176 succ10=0.00 touch10=0.00 col10=0.00 to10=0.00 min_d= 3.77 avg_spd=1.35m/s end=low_score t= 4689.9s
[TRAIN][PPO] ep=215/500 r= -341.94 avg10= -484.56 steps=1309 succ10=0.00 touch10=0.00 col10=0.10 to10=0.00 min_d= 3.70 avg_spd=1.35m/s end=collision t= 4701.6s
[TRAIN][PPO] ep=216/500 r= -500.60 avg10= -484.61 steps=2223 succ10=0.00 touch10=0.00 col10=0.10 to10=0.00 min_d= 3.61 avg_spd=1.35m/s end=low_score t= 4724.8s
[TRAIN][PPO] ep=217/500 r= -500.51 avg10= -484.60 steps=2170 succ10=0.00 touch10=0.00 col10=0.10 to10=0.00 min_d= 3.68 avg_spd=1.34m/s end=low_score t= 4744.5s
[TRAIN][PPO] ep=218/500 r= -500.18 avg10= -484.58 steps=2188 succ10=0.00 touch10=0.00 col10=0.10 to10=0.00 min_d= 3.74 avg_spd=1.35m/s end=low_score t= 4763.9s
[TRAIN][PPO] ep=219/500 r= -500.01 avg10= -484.56 steps=2307 succ10=0.00 touch10=0.00 col10=0.10 to10=0.00 min_d= 3.57 avg_spd=1.35m/s end=low_score t= 4784.3s
[TRAIN][PPO] ep=220/500 r= -500.50 avg10= -484.59 steps=2305 succ10=0.00 touch10=0.00 col10=0.10 to10=0.00 min_d= 3.52 avg_spd=1.36m/s end=low_score t= 4808.6s
[TRAIN][PPO] ep=221/500 r= -500.52 avg10= -484.57 steps=2210 succ10=0.00 touch10=0.00 col10=0.10 to10=0.00 min_d= 3.67 avg_spd=1.34m/s end=low_score t= 4828.8s
[TRAIN][PPO] ep=222/500 r= -500.60 avg10= -484.57 steps=2312 succ10=0.00 touch10=0.00 col10=0.10 to10=0.00 min_d= 3.57 avg_spd=1.35m/s end=low_score t= 4849.3s
[TRAIN][PPO] ep=223/500 r= -500.51 avg10= -484.58 steps=2172 succ10=0.00 touch10=0.00 col10=0.10 to10=0.00 min_d= 3.68 avg_spd=1.35m/s end=low_score t= 4868.8s
[TRAIN][PPO] ep=224/500 r= -500.23 avg10= -484.56 steps=2352 succ10=0.00 touch10=0.00 col10=0.10 to10=0.00 min_d= 3.51 avg_spd=1.35m/s end=low_score t= 4893.6s
[TRAIN][PPO] ep=225/500 r= -500.54 avg10= -500.42 steps=2155 succ10=0.00 touch10=0.00 col10=0.00 to10=0.00 min_d= 3.77 avg_spd=1.34m/s end=low_score t= 4913.3s
[TRAIN][PPO] ep=226/500 r= -500.65 avg10= -500.42 steps=2281 succ10=0.00 touch10=0.00 col10=0.00 to10=0.00 min_d= 3.58 avg_spd=1.34m/s end=low_score t= 4934.4s
[TRAIN][PPO] ep=227/500 r= -500.27 avg10= -500.40 steps=2208 succ10=0.00 touch10=0.00 col10=0.00 to10=0.00 min_d= 3.75 avg_spd=1.34m/s end=low_score t= 4954.2s
[TRAIN][PPO] ep=228/500 r= -500.44 avg10= -500.43 steps=2367 succ10=0.00 touch10=0.00 col10=0.00 to10=0.00 min_d= 3.50 avg_spd=1.35m/s end=low_score t= 4978.7s
[TRAIN][PPO] ep=229/500 r= -500.21 avg10= -500.45 steps=2229 succ10=0.00 touch10=0.00 col10=0.00 to10=0.00 min_d= 3.67 avg_spd=1.34m/s end=low_score t= 4998.9s
[TRAIN][PPO] ep=230/500 r= -500.27 avg10= -500.42 steps=2328 succ10=0.00 touch10=0.00 col10=0.00 to10=0.00 min_d= 3.48 avg_spd=1.35m/s end=low_score t= 5019.8s
[TRAIN][PPO] ep=231/500 r= -500.52 avg10= -500.42 steps=2177 succ10=0.00 touch10=0.00 col10=0.00 to10=0.00 min_d= 3.73 avg_spd=1.34m/s end=low_score t= 5039.2s
[TRAIN][PPO] ep=232/500 r= -500.56 avg10= -500.42 steps=2297 succ10=0.00 touch10=0.00 col10=0.00 to10=0.00 min_d= 3.55 avg_spd=1.34m/s end=low_score t= 5062.1s
[TRAIN][PPO] ep=233/500 r= -500.31 avg10= -500.40 steps=2290 succ10=0.00 touch10=0.00 col10=0.00 to10=0.00 min_d= 3.56 avg_spd=1.35m/s end=low_score t= 5083.2s
[TRAIN][PPO] ep=234/500 r= -500.40 avg10= -500.42 steps=2325 succ10=0.00 touch10=0.00 col10=0.00 to10=0.00 min_d= 3.63 avg_spd=1.35m/s end=low_score t= 5104.5s
[TRAIN][PPO] ep=235/500 r=  -42.49 avg10= -454.61 steps=  35 succ10=0.00 touch10=0.00 col10=0.10 to10=0.00 min_d= 3.84 avg_spd=1.42m/s end=collision t= 5104.9s
[TRAIN][PPO] ep=236/500 r= -500.10 avg10= -454.56 steps=2315 succ10=0.00 touch10=0.00 col10=0.10 to10=0.00 min_d= 3.55 avg_spd=1.36m/s end=low_score t= 5128.5s
[TRAIN][PPO] ep=237/500 r= -331.16 avg10= -437.65 steps=1359 succ10=0.00 touch10=0.00 col10=0.20 to10=0.00 min_d= 3.71 avg_spd=1.34m/s end=collision t= 5141.1s
[TRAIN][PPO] ep=238/500 r= -500.66 avg10= -437.67 steps=2177 succ10=0.00 touch10=0.00 col10=0.20 to10=0.00 min_d= 3.70 avg_spd=1.33m/s end=low_score t= 5161.0s
[TRAIN][PPO] ep=239/500 r= -500.02 avg10= -437.65 steps=2362 succ10=0.00 touch10=0.00 col10=0.20 to10=0.00 min_d= 3.58 avg_spd=1.35m/s end=low_score t= 5182.6s
[TRAIN][PPO] ep=240/500 r= -500.70 avg10= -437.69 steps=2241 succ10=0.00 touch10=0.00 col10=0.20 to10=0.00 min_d= 3.67 avg_spd=1.35m/s end=low_score t= 5205.1s
[TRAIN][PPO] ep=241/500 r= -500.07 avg10= -437.65 steps=2302 succ10=0.00 touch10=0.00 col10=0.20 to10=0.00 min_d= 3.60 avg_spd=1.34m/s end=low_score t= 5227.3s
[TRAIN][PPO] ep=242/500 r= -500.12 avg10= -437.60 steps=2246 succ10=0.00 touch10=0.00 col10=0.20 to10=0.00 min_d= 3.72 avg_spd=1.34m/s end=low_score t= 5248.1s
[TRAIN][PPO] ep=243/500 r= -500.67 avg10= -437.64 steps=2271 succ10=0.00 touch10=0.00 col10=0.20 to10=0.00 min_d= 3.59 avg_spd=1.34m/s end=low_score t= 5269.0s
[TRAIN][PPO] ep=244/500 r= -500.01 avg10= -437.60 steps=2327 succ10=0.00 touch10=0.00 col10=0.20 to10=0.00 min_d= 3.52 avg_spd=1.34m/s end=low_score t= 5293.2s
[TRAIN][PPO] ep=245/500 r= -500.47 avg10= -483.40 steps=2182 succ10=0.00 touch10=0.00 col10=0.10 to10=0.00 min_d= 3.66 avg_spd=1.33m/s end=low_score t= 5313.2s
[TRAIN][PPO] ep=246/500 r= -500.31 avg10= -483.42 steps=2330 succ10=0.00 touch10=0.00 col10=0.10 to10=0.00 min_d= 3.49 avg_spd=1.34m/s end=low_score t= 5334.2s
[TRAIN][PPO] ep=247/500 r= -500.13 avg10= -500.32 steps=2229 succ10=0.00 touch10=0.00 col10=0.00 to10=0.00 min_d= 3.63 avg_spd=1.34m/s end=low_score t= 5353.8s
[TRAIN][PPO] ep=248/500 r= -500.66 avg10= -500.32 steps=2283 succ10=0.00 touch10=0.00 col10=0.00 to10=0.00 min_d= 3.62 avg_spd=1.33m/s end=low_score t= 5375.6s
[TRAIN][PPO] ep=249/500 r= -500.13 avg10= -500.33 steps=2285 succ10=0.00 touch10=0.00 col10=0.00 to10=0.00 min_d= 3.64 avg_spd=1.34m/s end=low_score t= 5395.7s
[TRAIN][PPO] ep=250/500 r= -185.15 avg10= -468.77 steps= 696 succ10=0.00 touch10=0.00 col10=0.10 to10=0.00 min_d= 3.74 avg_spd=1.34m/s end=collision t= 5401.7s
[TRAIN][PPO] ep=251/500 r= -500.43 avg10= -468.81 steps=2313 succ10=0.00 touch10=0.00 col10=0.10 to10=0.00 min_d= 3.52 avg_spd=1.34m/s end=low_score t= 5421.3s
[TRAIN][PPO] ep=252/500 r= -500.20 avg10= -468.82 steps=2303 succ10=0.00 touch10=0.00 col10=0.10 to10=0.00 min_d= 3.55 avg_spd=1.34m/s end=low_score t= 5444.1s
[TRAIN][PPO] ep=253/500 r= -500.22 avg10= -468.77 steps=2242 succ10=0.00 touch10=0.00 col10=0.10 to10=0.00 min_d= 3.73 avg_spd=1.34m/s end=low_score t= 5463.9s
[TRAIN][PPO] ep=254/500 r= -500.28 avg10= -468.80 steps=2341 succ10=0.00 touch10=0.00 col10=0.10 to10=0.00 min_d= 3.55 avg_spd=1.34m/s end=low_score t= 5483.3s
[TRAIN][PPO] ep=255/500 r= -491.99 avg10= -467.95 steps=1953 succ10=0.00 touch10=0.00 col10=0.20 to10=0.00 min_d= 3.67 avg_spd=1.33m/s end=collision t= 5499.3s
[TRAIN][PPO] ep=256/500 r= -331.01 avg10= -451.02 steps=1355 succ10=0.00 touch10=0.00 col10=0.30 to10=0.00 min_d= 3.72 avg_spd=1.34m/s end=collision t= 5512.2s
[TRAIN][PPO] ep=257/500 r= -500.27 avg10= -451.03 steps=2340 succ10=0.00 touch10=0.00 col10=0.30 to10=0.00 min_d= 3.49 avg_spd=1.34m/s end=low_score t= 5530.9s
[TRAIN][PPO] ep=258/500 r= -500.25 avg10= -450.99 steps=2224 succ10=0.00 touch10=0.00 col10=0.30 to10=0.00 min_d= 3.67 avg_spd=1.33m/s end=low_score t= 5549.5s
[TRAIN][PPO] ep=259/500 r= -500.13 avg10= -450.99 steps=2168 succ10=0.00 touch10=0.00 col10=0.30 to10=0.00 min_d= 3.72 avg_spd=1.33m/s end=low_score t= 5567.7s
[TRAIN][PPO] ep=260/500 r= -500.08 avg10= -482.48 steps=2330 succ10=0.00 touch10=0.00 col10=0.20 to10=0.00 min_d= 3.53 avg_spd=1.34m/s end=low_score t= 5588.5s
[TRAIN][PPO] ep=261/500 r= -500.26 avg10= -482.47 steps=2234 succ10=0.00 touch10=0.00 col10=0.20 to10=0.00 min_d= 3.68 avg_spd=1.34m/s end=low_score t= 5607.8s
[TRAIN][PPO] ep=262/500 r= -500.63 avg10= -482.51 steps=2187 succ10=0.00 touch10=0.00 col10=0.20 to10=0.00 min_d= 3.74 avg_spd=1.34m/s end=low_score t= 5625.3s
[TRAIN][PPO] ep=263/500 r= -500.06 avg10= -482.49 steps=2219 succ10=0.00 touch10=0.00 col10=0.20 to10=0.00 min_d= 3.70 avg_spd=1.34m/s end=low_score t= 5643.7s
[TRAIN][PPO] ep=264/500 r= -500.44 avg10= -482.51 steps=2348 succ10=0.00 touch10=0.00 col10=0.20 to10=0.00 min_d= 3.56 avg_spd=1.34m/s end=low_score t= 5665.7s
[TRAIN][PPO] ep=265/500 r= -500.48 avg10= -483.36 steps=2242 succ10=0.00 touch10=0.00 col10=0.10 to10=0.00 min_d= 3.67 avg_spd=1.35m/s end=low_score t= 5684.5s
[TRAIN][PPO] ep=266/500 r= -500.67 avg10= -500.33 steps=2235 succ10=0.00 touch10=0.00 col10=0.00 to10=0.00 min_d= 3.66 avg_spd=1.35m/s end=low_score t= 5703.2s
[TRAIN][PPO] ep=267/500 r= -500.53 avg10= -500.35 steps=2179 succ10=0.00 touch10=0.00 col10=0.00 to10=0.00 min_d= 3.77 avg_spd=1.34m/s end=low_score t= 5721.2s
[TRAIN][PPO] ep=268/500 r= -500.36 avg10= -500.36 steps=2277 succ10=0.00 touch10=0.00 col10=0.00 to10=0.00 min_d= 3.52 avg_spd=1.35m/s end=low_score t= 5741.5s
[TRAIN][PPO] ep=269/500 r= -500.00 avg10= -500.35 steps=2160 succ10=0.00 touch10=0.00 col10=0.00 to10=0.00 min_d= 3.67 avg_spd=1.33m/s end=low_score t= 5759.6s
[TRAIN][PPO] ep=270/500 r= -500.18 avg10= -500.36 steps=2169 succ10=0.00 touch10=0.00 col10=0.00 to10=0.00 min_d= 3.70 avg_spd=1.34m/s end=low_score t= 5777.6s
[TRAIN][PPO] ep=271/500 r= -500.64 avg10= -500.40 steps=2326 succ10=0.00 touch10=0.00 col10=0.00 to10=0.00 min_d= 3.55 avg_spd=1.35m/s end=low_score t= 5797.4s
[TRAIN][PPO] ep=272/500 r= -500.53 avg10= -500.39 steps=2365 succ10=0.00 touch10=0.00 col10=0.00 to10=0.00 min_d= 3.55 avg_spd=1.35m/s end=low_score t= 5819.3s
[TRAIN][PPO] ep=273/500 r= -500.00 avg10= -500.38 steps=2356 succ10=0.00 touch10=0.00 col10=0.00 to10=0.00 min_d= 3.54 avg_spd=1.35m/s end=low_score t= 5838.7s
[TRAIN][PPO] ep=274/500 r= -500.06 avg10= -500.35 steps=2171 succ10=0.00 touch10=0.00 col10=0.00 to10=0.00 min_d= 3.70 avg_spd=1.35m/s end=low_score t= 5857.3s
[TRAIN][PPO] ep=275/500 r= -185.55 avg10= -468.85 steps= 699 succ10=0.00 touch10=0.00 col10=0.10 to10=0.00 min_d= 3.72 avg_spd=1.34m/s end=collision t= 5863.4s
[TRAIN][PPO] ep=276/500 r= -500.15 avg10= -468.80 steps=2295 succ10=0.00 touch10=0.00 col10=0.10 to10=0.00 min_d= 3.56 avg_spd=1.35m/s end=low_score t= 5884.7s
[TRAIN][PPO] ep=277/500 r= -500.58 avg10= -468.81 steps=2224 succ10=0.00 touch10=0.00 col10=0.10 to10=0.00 min_d= 3.64 avg_spd=1.35m/s end=low_score t= 5904.0s
[TRAIN][PPO] ep=278/500 r= -500.20 avg10= -468.79 steps=2345 succ10=0.00 touch10=0.00 col10=0.10 to10=0.00 min_d= 3.51 avg_spd=1.35m/s end=low_score t= 5924.1s
[TRAIN][PPO] ep=279/500 r= -500.68 avg10= -468.86 steps=2188 succ10=0.00 touch10=0.00 col10=0.10 to10=0.00 min_d= 3.73 avg_spd=1.35m/s end=low_score t= 5942.8s
[TRAIN][PPO] ep=280/500 r= -500.24 avg10= -468.86 steps=2302 succ10=0.00 touch10=0.00 col10=0.10 to10=0.00 min_d= 3.51 avg_spd=1.34m/s end=low_score t= 5965.8s
[TRAIN][PPO] ep=281/500 r= -500.39 avg10= -468.84 steps=2296 succ10=0.00 touch10=0.00 col10=0.10 to10=0.00 min_d= 3.50 avg_spd=1.35m/s end=low_score t= 5986.8s
[TRAIN][PPO] ep=282/500 r= -500.30 avg10= -468.81 steps=2371 succ10=0.00 touch10=0.00 col10=0.10 to10=0.00 min_d= 3.52 avg_spd=1.35m/s end=low_score t= 6008.3s
[TRAIN][PPO] ep=283/500 r= -500.18 avg10= -468.83 steps=2210 succ10=0.00 touch10=0.00 col10=0.10 to10=0.00 min_d= 3.73 avg_spd=1.34m/s end=low_score t= 6027.3s
[TRAIN][PPO] ep=284/500 r= -500.66 avg10= -468.89 steps=2343 succ10=0.00 touch10=0.00 col10=0.10 to10=0.00 min_d= 3.50 avg_spd=1.34m/s end=low_score t= 6050.0s
[TRAIN][PPO] ep=285/500 r= -500.21 avg10= -500.36 steps=2264 succ10=0.00 touch10=0.00 col10=0.00 to10=0.00 min_d= 3.58 avg_spd=1.34m/s end=low_score t= 6070.3s
[TRAIN][PPO] ep=286/500 r= -500.64 avg10= -500.41 steps=2162 succ10=0.00 touch10=0.00 col10=0.00 to10=0.00 min_d= 3.77 avg_spd=1.33m/s end=low_score t= 6088.0s
[TRAIN][PPO] ep=287/500 r= -500.13 avg10= -500.36 steps=2335 succ10=0.00 touch10=0.00 col10=0.00 to10=0.00 min_d= 3.53 avg_spd=1.35m/s end=low_score t= 6107.4s
[TRAIN][PPO] ep=288/500 r= -500.57 avg10= -500.40 steps=2147 succ10=0.00 touch10=0.00 col10=0.00 to10=0.00 min_d= 3.73 avg_spd=1.34m/s end=low_score t= 6127.2s
[TRAIN][PPO] ep=289/500 r= -500.07 avg10= -500.34 steps=2230 succ10=0.00 touch10=0.00 col10=0.00 to10=0.00 min_d= 3.63 avg_spd=1.34m/s end=low_score t= 6146.5s
[TRAIN][PPO] ep=290/500 r= -500.36 avg10= -500.35 steps=2217 succ10=0.00 touch10=0.00 col10=0.00 to10=0.00 min_d= 3.71 avg_spd=1.35m/s end=low_score t= 6165.7s
[TRAIN][PPO] ep=291/500 r= -500.08 avg10= -500.32 steps=2333 succ10=0.00 touch10=0.00 col10=0.00 to10=0.00 min_d= 3.52 avg_spd=1.35m/s end=low_score t= 6185.7s
[TRAIN][PPO] ep=292/500 r= -500.28 avg10= -500.32 steps=2352 succ10=0.00 touch10=0.00 col10=0.00 to10=0.00 min_d= 3.53 avg_spd=1.34m/s end=low_score t= 6208.8s
[TRAIN][PPO] ep=293/500 r= -500.08 avg10= -500.31 steps=2355 succ10=0.00 touch10=0.00 col10=0.00 to10=0.00 min_d= 3.49 avg_spd=1.34m/s end=low_score t= 6229.4s
[TRAIN][PPO] ep=294/500 r= -500.57 avg10= -500.30 steps=2262 succ10=0.00 touch10=0.00 col10=0.00 to10=0.00 min_d= 3.60 avg_spd=1.35m/s end=low_score t= 6248.9s
[TRAIN][PPO] ep=295/500 r= -500.54 avg10= -500.33 steps=2224 succ10=0.00 touch10=0.00 col10=0.00 to10=0.00 min_d= 3.71 avg_spd=1.35m/s end=low_score t= 6268.0s
[TRAIN][PPO] ep=296/500 r= -500.06 avg10= -500.27 steps=2274 succ10=0.00 touch10=0.00 col10=0.00 to10=0.00 min_d= 3.59 avg_spd=1.35m/s end=low_score t= 6290.2s
[TRAIN][PPO] ep=297/500 r= -500.45 avg10= -500.31 steps=2204 succ10=0.00 touch10=0.00 col10=0.00 to10=0.00 min_d= 3.75 avg_spd=1.33m/s end=low_score t= 6309.5s
[TRAIN][PPO] ep=298/500 r= -500.52 avg10= -500.30 steps=2367 succ10=0.00 touch10=0.00 col10=0.00 to10=0.00 min_d= 3.57 avg_spd=1.34m/s end=low_score t= 6329.8s
[TRAIN][PPO] ep=299/500 r= -500.66 avg10= -500.36 steps=2230 succ10=0.00 touch10=0.00 col10=0.00 to10=0.00 min_d= 3.63 avg_spd=1.35m/s end=low_score t= 6348.8s
[TRAIN][PPO] ep=300/500 r= -500.37 avg10= -500.36 steps=2237 succ10=0.00 touch10=0.00 col10=0.00 to10=0.00 min_d= 3.71 avg_spd=1.34m/s end=low_score t= 6370.5s ckpt=latest
[TRAIN][PPO] ep=301/500 r= -500.27 avg10= -500.38 steps=2254 succ10=0.00 touch10=0.00 col10=0.00 to10=0.00 min_d= 3.58 avg_spd=1.34m/s end=low_score t= 6390.0s
[TRAIN][PPO] ep=302/500 r= -500.63 avg10= -500.42 steps=2229 succ10=0.00 touch10=0.00 col10=0.00 to10=0.00 min_d= 3.65 avg_spd=1.34m/s end=low_score t= 6409.1s
[TRAIN][PPO] ep=303/500 r= -500.16 avg10= -500.42 steps=2143 succ10=0.00 touch10=0.00 col10=0.00 to10=0.00 min_d= 3.70 avg_spd=1.34m/s end=low_score t= 6427.6s
[TRAIN][PPO] ep=304/500 r= -185.05 avg10= -468.87 steps= 696 succ10=0.00 touch10=0.00 col10=0.10 to10=0.00 min_d= 3.71 avg_spd=1.34m/s end=collision t= 6435.4s
[TRAIN][PPO] ep=305/500 r=  -50.00 avg10= -423.82 steps=   1 succ10=0.00 touch10=0.00 col10=0.20 to10=0.00 min_d= 3.91 avg_spd=2.02m/s end=collision t= 6435.4s
[TRAIN][PPO] ep=306/500 r= -500.35 avg10= -423.85 steps=2292 succ10=0.00 touch10=0.00 col10=0.20 to10=0.00 min_d= 3.58 avg_spd=1.35m/s end=low_score t= 6455.1s
[TRAIN][PPO] ep=307/500 r= -500.37 avg10= -423.84 steps=2354 succ10=0.00 touch10=0.00 col10=0.20 to10=0.00 min_d= 3.58 avg_spd=1.35m/s end=low_score t= 6475.4s
[TRAIN][PPO] ep=308/500 r= -500.27 avg10= -423.81 steps=2290 succ10=0.00 touch10=0.00 col10=0.20 to10=0.00 min_d= 3.61 avg_spd=1.34m/s end=low_score t= 6497.4s
[TRAIN][PPO] ep=309/500 r= -500.02 avg10= -423.75 steps=2219 succ10=0.00 touch10=0.00 col10=0.20 to10=0.00 min_d= 3.70 avg_spd=1.34m/s end=low_score t= 6517.0s
[TRAIN][PPO] ep=310/500 r= -500.32 avg10= -423.74 steps=2301 succ10=0.00 touch10=0.00 col10=0.20 to10=0.00 min_d= 3.54 avg_spd=1.34m/s end=low_score t= 6537.1s
[TRAIN][PPO] ep=311/500 r= -500.32 avg10= -423.75 steps=2235 succ10=0.00 touch10=0.00 col10=0.20 to10=0.00 min_d= 3.64 avg_spd=1.34m/s end=low_score t= 6556.0s
[TRAIN][PPO] ep=312/500 r= -500.43 avg10= -423.73 steps=2331 succ10=0.00 touch10=0.00 col10=0.20 to10=0.00 min_d= 3.54 avg_spd=1.34m/s end=low_score t= 6578.1s
[TRAIN][PPO] ep=313/500 r= -500.45 avg10= -423.76 steps=2306 succ10=0.00 touch10=0.00 col10=0.20 to10=0.00 min_d= 3.55 avg_spd=1.35m/s end=low_score t= 6598.4s
[TRAIN][PPO] ep=314/500 r= -500.21 avg10= -455.27 steps=2301 succ10=0.00 touch10=0.00 col10=0.10 to10=0.00 min_d= 3.57 avg_spd=1.35m/s end=low_score t= 6618.0s
[TRAIN][PPO] ep=315/500 r= -500.49 avg10= -500.32 steps=2296 succ10=0.00 touch10=0.00 col10=0.00 to10=0.00 min_d= 3.54 avg_spd=1.35m/s end=low_score t= 6637.9s
[TRAIN][PPO] ep=316/500 r= -500.60 avg10= -500.35 steps=2250 succ10=0.00 touch10=0.00 col10=0.00 to10=0.00 min_d= 3.63 avg_spd=1.34m/s end=low_score t= 6659.5s
[TRAIN][PPO] ep=317/500 r= -500.39 avg10= -500.35 steps=2244 succ10=0.00 touch10=0.00 col10=0.00 to10=0.00 min_d= 3.59 avg_spd=1.35m/s end=low_score t= 6679.0s
[TRAIN][PPO] ep=318/500 r= -500.11 avg10= -500.33 steps=2248 succ10=0.00 touch10=0.00 col10=0.00 to10=0.00 min_d= 3.70 avg_spd=1.35m/s end=low_score t= 6698.7s
[TRAIN][PPO] ep=319/500 r= -500.65 avg10= -500.40 steps=2315 succ10=0.00 touch10=0.00 col10=0.00 to10=0.00 min_d= 3.54 avg_spd=1.35m/s end=low_score t= 6718.7s
[TRAIN][PPO] ep=320/500 r= -500.08 avg10= -500.37 steps=2224 succ10=0.00 touch10=0.00 col10=0.00 to10=0.00 min_d= 3.70 avg_spd=1.35m/s end=low_score t= 6739.5s
[TRAIN][PPO] ep=321/500 r= -500.66 avg10= -500.41 steps=2159 succ10=0.00 touch10=0.00 col10=0.00 to10=0.00 min_d= 3.63 avg_spd=1.35m/s end=low_score t= 6757.3s
[TRAIN][PPO] ep=322/500 r= -500.57 avg10= -500.42 steps=2267 succ10=0.00 touch10=0.00 col10=0.00 to10=0.00 min_d= 3.55 avg_spd=1.35m/s end=low_score t= 6776.0s
[TRAIN][PPO] ep=323/500 r= -500.08 avg10= -500.38 steps=2247 succ10=0.00 touch10=0.00 col10=0.00 to10=0.00 min_d= 3.69 avg_spd=1.34m/s end=low_score t= 6795.5s
[TRAIN][PPO] ep=324/500 r= -500.33 avg10= -500.40 steps=2204 succ10=0.00 touch10=0.00 col10=0.00 to10=0.00 min_d= 3.68 avg_spd=1.35m/s end=low_score t= 6816.6s
[TRAIN][PPO] ep=325/500 r= -336.47 avg10= -483.99 steps=1333 succ10=0.00 touch10=0.00 col10=0.10 to10=0.00 min_d= 3.66 avg_spd=1.35m/s end=collision t= 6828.0s
[TRAIN][PPO] ep=326/500 r= -500.33 avg10= -483.97 steps=2271 succ10=0.00 touch10=0.00 col10=0.10 to10=0.00 min_d= 3.66 avg_spd=1.35m/s end=low_score t= 6846.9s
[TRAIN][PPO] ep=327/500 r= -339.21 avg10= -467.85 steps=1313 succ10=0.00 touch10=0.00 col10=0.20 to10=0.00 min_d= 3.64 avg_spd=1.35m/s end=collision t= 6858.4s
[TRAIN][PPO] ep=328/500 r= -500.70 avg10= -467.91 steps=2264 succ10=0.00 touch10=0.00 col10=0.20 to10=0.00 min_d= 3.62 avg_spd=1.35m/s end=low_score t= 6879.3s
[TRAIN][PPO] ep=329/500 r= -500.29 avg10= -467.87 steps=2195 succ10=0.00 touch10=0.00 col10=0.20 to10=0.00 min_d= 3.63 avg_spd=1.36m/s end=low_score t= 6898.3s
[TRAIN][PPO] ep=330/500 r= -500.50 avg10= -467.91 steps=2262 succ10=0.00 touch10=0.00 col10=0.20 to10=0.00 min_d= 3.56 avg_spd=1.35m/s end=low_score t= 6917.0s
[TRAIN][PPO] ep=331/500 r= -500.24 avg10= -467.87 steps=2372 succ10=0.00 touch10=0.00 col10=0.20 to10=0.00 min_d= 3.45 avg_spd=1.36m/s end=low_score t= 6937.4s
[TRAIN][PPO] ep=332/500 r= -500.44 avg10= -467.86 steps=2320 succ10=0.00 touch10=0.00 col10=0.20 to10=0.00 min_d= 3.49 avg_spd=1.36m/s end=low_score t= 6959.5s
[TRAIN][PPO] ep=333/500 r= -500.21 avg10= -467.87 steps=2236 succ10=0.00 touch10=0.00 col10=0.20 to10=0.00 min_d= 3.58 avg_spd=1.35m/s end=low_score t= 6978.8s
[TRAIN][PPO] ep=334/500 r= -500.70 avg10= -467.91 steps=2288 succ10=0.00 touch10=0.00 col10=0.20 to10=0.00 min_d= 3.65 avg_spd=1.35m/s end=low_score t= 6998.0s
[TRAIN][PPO] ep=335/500 r= -500.13 avg10= -484.27 steps=2176 succ10=0.00 touch10=0.00 col10=0.10 to10=0.00 min_d= 3.66 avg_spd=1.36m/s end=low_score t= 7017.3s
[TRAIN][PPO] ep=336/500 r= -500.06 avg10= -484.25 steps=2306 succ10=0.00 touch10=0.00 col10=0.10 to10=0.00 min_d= 3.58 avg_spd=1.36m/s end=low_score t= 7039.8s
[TRAIN][PPO] ep=337/500 r= -500.40 avg10= -500.37 steps=2145 succ10=0.00 touch10=0.00 col10=0.00 to10=0.00 min_d= 3.72 avg_spd=1.35m/s end=low_score t= 7058.1s
[TRAIN][PPO] ep=338/500 r= -500.55 avg10= -500.35 steps=2242 succ10=0.00 touch10=0.00 col10=0.00 to10=0.00 min_d= 3.67 avg_spd=1.36m/s end=low_score t= 7076.7s
[TRAIN][PPO] ep=339/500 r= -500.02 avg10= -500.32 steps=2276 succ10=0.00 touch10=0.00 col10=0.00 to10=0.00 min_d= 3.58 avg_spd=1.35m/s end=low_score t= 7095.4s
[TRAIN][PPO] ep=340/500 r= -500.13 avg10= -500.29 steps=2367 succ10=0.00 touch10=0.00 col10=0.00 to10=0.00 min_d= 3.51 avg_spd=1.36m/s end=low_score t= 7117.8s
[TRAIN][PPO] ep=341/500 r= -500.47 avg10= -500.31 steps=2281 succ10=0.00 touch10=0.00 col10=0.00 to10=0.00 min_d= 3.60 avg_spd=1.36m/s end=low_score t= 7137.3s
[TRAIN][PPO] ep=342/500 r= -500.06 avg10= -500.27 steps=2223 succ10=0.00 touch10=0.00 col10=0.00 to10=0.00 min_d= 3.64 avg_spd=1.34m/s end=low_score t= 7156.3s
[TRAIN][PPO] ep=343/500 r= -500.42 avg10= -500.29 steps=2316 succ10=0.00 touch10=0.00 col10=0.00 to10=0.00 min_d= 3.58 avg_spd=1.36m/s end=low_score t= 7176.6s
[TRAIN][PPO] ep=344/500 r= -500.66 avg10= -500.29 steps=2200 succ10=0.00 touch10=0.00 col10=0.00 to10=0.00 min_d= 3.64 avg_spd=1.35m/s end=low_score t= 7197.8s
[TRAIN][PPO] ep=345/500 r= -500.72 avg10= -500.35 steps=2330 succ10=0.00 touch10=0.00 col10=0.00 to10=0.00 min_d= 3.48 avg_spd=1.35m/s end=low_score t= 7217.4s
[TRAIN][PPO] ep=346/500 r= -500.27 avg10= -500.37 steps=2349 succ10=0.00 touch10=0.00 col10=0.00 to10=0.00 min_d= 3.54 avg_spd=1.35m/s end=low_score t= 7237.9s
[TRAIN][PPO] ep=347/500 r= -500.11 avg10= -500.34 steps=2269 succ10=0.00 touch10=0.00 col10=0.00 to10=0.00 min_d= 3.66 avg_spd=1.35m/s end=low_score t= 7257.6s
[TRAIN][PPO] ep=348/500 r= -500.06 avg10= -500.29 steps=2233 succ10=0.00 touch10=0.00 col10=0.00 to10=0.00 min_d= 3.71 avg_spd=1.34m/s end=low_score t= 7278.7s
[TRAIN][PPO] ep=349/500 r= -500.46 avg10= -500.33 steps=2295 succ10=0.00 touch10=0.00 col10=0.00 to10=0.00 min_d= 3.58 avg_spd=1.35m/s end=low_score t= 7298.8s
[TRAIN][PPO] ep=350/500 r= -500.70 avg10= -500.39 steps=2331 succ10=0.00 touch10=0.00 col10=0.00 to10=0.00 min_d= 3.52 avg_spd=1.36m/s end=low_score t= 7318.3s
[TRAIN][PPO] ep=351/500 r= -500.18 avg10= -500.36 steps=2168 succ10=0.00 touch10=0.00 col10=0.00 to10=0.00 min_d= 3.63 avg_spd=1.35m/s end=low_score t= 7336.6s
[TRAIN][PPO] ep=352/500 r= -500.56 avg10= -500.41 steps=2358 succ10=0.00 touch10=0.00 col10=0.00 to10=0.00 min_d= 3.52 avg_spd=1.35m/s end=low_score t= 7358.7s
[TRAIN][PPO] ep=353/500 r= -500.48 avg10= -500.42 steps=2320 succ10=0.00 touch10=0.00 col10=0.00 to10=0.00 min_d= 3.56 avg_spd=1.35m/s end=low_score t= 7377.7s
[TRAIN][PPO] ep=354/500 r= -500.31 avg10= -500.38 steps=2334 succ10=0.00 touch10=0.00 col10=0.00 to10=0.00 min_d= 3.48 avg_spd=1.35m/s end=low_score t= 7396.9s
[TRAIN][PPO] ep=355/500 r= -500.34 avg10= -500.35 steps=2333 succ10=0.00 touch10=0.00 col10=0.00 to10=0.00 min_d= 3.59 avg_spd=1.36m/s end=low_score t= 7414.5s
[TRAIN][PPO] ep=356/500 r= -500.17 avg10= -500.34 steps=2182 succ10=0.00 touch10=0.00 col10=0.00 to10=0.00 min_d= 3.64 avg_spd=1.35m/s end=low_score t= 7434.6s
[TRAIN][PPO] ep=357/500 r= -500.19 avg10= -500.35 steps=2177 succ10=0.00 touch10=0.00 col10=0.00 to10=0.00 min_d= 3.76 avg_spd=1.35m/s end=low_score t= 7452.8s
[TRAIN][PPO] ep=358/500 r= -500.16 avg10= -500.36 steps=2369 succ10=0.00 touch10=0.00 col10=0.00 to10=0.00 min_d= 3.46 avg_spd=1.35m/s end=low_score t= 7472.3s
[TRAIN][PPO] ep=359/500 r= -500.16 avg10= -500.33 steps=2259 succ10=0.00 touch10=0.00 col10=0.00 to10=0.00 min_d= 3.61 avg_spd=1.35m/s end=low_score t= 7490.3s
[TRAIN][PPO] ep=360/500 r= -500.15 avg10= -500.27 steps=2221 succ10=0.00 touch10=0.00 col10=0.00 to10=0.00 min_d= 3.72 avg_spd=1.35m/s end=low_score t= 7510.1s
[TRAIN][PPO] ep=361/500 r= -500.13 avg10= -500.27 steps=2344 succ10=0.00 touch10=0.00 col10=0.00 to10=0.00 min_d= 3.53 avg_spd=1.35m/s end=low_score t= 7528.9s
[TRAIN][PPO] ep=362/500 r= -500.43 avg10= -500.25 steps=2217 succ10=0.00 touch10=0.00 col10=0.00 to10=0.00 min_d= 3.72 avg_spd=1.35m/s end=low_score t= 7546.4s
[TRAIN][PPO] ep=363/500 r= -500.07 avg10= -500.21 steps=2302 succ10=0.00 touch10=0.00 col10=0.00 to10=0.00 min_d= 3.53 avg_spd=1.35m/s end=low_score t= 7563.7s
[TRAIN][PPO] ep=364/500 r= -500.10 avg10= -500.19 steps=2249 succ10=0.00 touch10=0.00 col10=0.00 to10=0.00 min_d= 3.60 avg_spd=1.34m/s end=low_score t= 7582.4s
[TRAIN][PPO] ep=365/500 r= -500.64 avg10= -500.22 steps=2373 succ10=0.00 touch10=0.00 col10=0.00 to10=0.00 min_d= 3.55 avg_spd=1.35m/s end=low_score t= 7600.0s
[TRAIN][PPO] ep=366/500 r= -500.05 avg10= -500.21 steps=2292 succ10=0.00 touch10=0.00 col10=0.00 to10=0.00 min_d= 3.56 avg_spd=1.34m/s end=low_score t= 7617.3s
[TRAIN][PPO] ep=367/500 r= -500.51 avg10= -500.24 steps=2211 succ10=0.00 touch10=0.00 col10=0.00 to10=0.00 min_d= 3.65 avg_spd=1.34m/s end=low_score t= 7634.1s
[TRAIN][PPO] ep=368/500 r= -500.00 avg10= -500.22 steps=2246 succ10=0.00 touch10=0.00 col10=0.00 to10=0.00 min_d= 3.59 avg_spd=1.34m/s end=low_score t= 7653.7s
[TRAIN][PPO] ep=369/500 r= -500.61 avg10= -500.27 steps=2170 succ10=0.00 touch10=0.00 col10=0.00 to10=0.00 min_d= 3.77 avg_spd=1.33m/s end=low_score t= 7670.2s
[TRAIN][PPO] ep=370/500 r= -500.34 avg10= -500.29 steps=2172 succ10=0.00 touch10=0.00 col10=0.00 to10=0.00 min_d= 3.73 avg_spd=1.34m/s end=low_score t= 7686.5s
[TRAIN][PPO] ep=371/500 r= -500.11 avg10= -500.29 steps=2154 succ10=0.00 touch10=0.00 col10=0.00 to10=0.00 min_d= 3.76 avg_spd=1.34m/s end=low_score t= 7702.7s
[TRAIN][PPO] ep=372/500 r= -500.44 avg10= -500.29 steps=2348 succ10=0.00 touch10=0.00 col10=0.00 to10=0.00 min_d= 3.47 avg_spd=1.34m/s end=low_score t= 7721.7s
[TRAIN][PPO] ep=373/500 r= -500.55 avg10= -500.34 steps=2288 succ10=0.00 touch10=0.00 col10=0.00 to10=0.00 min_d= 3.57 avg_spd=1.34m/s end=low_score t= 7739.0s
[TRAIN][PPO] ep=374/500 r= -500.62 avg10= -500.39 steps=2321 succ10=0.00 touch10=0.00 col10=0.00 to10=0.00 min_d= 3.59 avg_spd=1.34m/s end=low_score t= 7757.1s
[TRAIN][PPO] ep=375/500 r= -500.66 avg10= -500.39 steps=2289 succ10=0.00 touch10=0.00 col10=0.00 to10=0.00 min_d= 3.63 avg_spd=1.34m/s end=low_score t= 7774.0s
[TRAIN][PPO] ep=376/500 r= -500.17 avg10= -500.40 steps=2338 succ10=0.00 touch10=0.00 col10=0.00 to10=0.00 min_d= 3.53 avg_spd=1.34m/s end=low_score t= 7793.6s
[TRAIN][PPO] ep=377/500 r= -500.30 avg10= -500.38 steps=2319 succ10=0.00 touch10=0.00 col10=0.00 to10=0.00 min_d= 3.51 avg_spd=1.35m/s end=low_score t= 7811.3s
[TRAIN][PPO] ep=378/500 r= -500.60 avg10= -500.44 steps=2189 succ10=0.00 touch10=0.00 col10=0.00 to10=0.00 min_d= 3.65 avg_spd=1.33m/s end=low_score t= 7827.8s
[TRAIN][PPO] ep=379/500 r= -500.50 avg10= -500.43 steps=2195 succ10=0.00 touch10=0.00 col10=0.00 to10=0.00 min_d= 3.62 avg_spd=1.33m/s end=low_score t= 7844.3s
[TRAIN][PPO] ep=380/500 r= -500.58 avg10= -500.45 steps=2358 succ10=0.00 touch10=0.00 col10=0.00 to10=0.00 min_d= 3.46 avg_spd=1.34m/s end=low_score t= 7864.3s
[TRAIN][PPO] ep=381/500 r= -500.42 avg10= -500.48 steps=2185 succ10=0.00 touch10=0.00 col10=0.00 to10=0.00 min_d= 3.68 avg_spd=1.34m/s end=low_score t= 7880.7s
[TRAIN][PPO] ep=382/500 r= -500.14 avg10= -500.46 steps=2289 succ10=0.00 touch10=0.00 col10=0.00 to10=0.00 min_d= 3.52 avg_spd=1.34m/s end=low_score t= 7898.1s
[TRAIN][PPO] ep=383/500 r= -500.32 avg10= -500.43 steps=2360 succ10=0.00 touch10=0.00 col10=0.00 to10=0.00 min_d= 3.55 avg_spd=1.35m/s end=low_score t= 7915.3s
[TRAIN][PPO] ep=384/500 r= -500.40 avg10= -500.41 steps=2300 succ10=0.00 touch10=0.00 col10=0.00 to10=0.00 min_d= 3.59 avg_spd=1.35m/s end=low_score t= 7934.6s
[TRAIN][PPO] ep=385/500 r= -500.23 avg10= -500.37 steps=2166 succ10=0.00 touch10=0.00 col10=0.00 to10=0.00 min_d= 3.76 avg_spd=1.34m/s end=low_score t= 7950.2s
[TRAIN][PPO] ep=386/500 r= -500.56 avg10= -500.40 steps=2359 succ10=0.00 touch10=0.00 col10=0.00 to10=0.00 min_d= 3.46 avg_spd=1.35m/s end=low_score t= 7967.3s
[TRAIN][PPO] ep=387/500 r= -500.23 avg10= -500.40 steps=2336 succ10=0.00 touch10=0.00 col10=0.00 to10=0.00 min_d= 3.49 avg_spd=1.34m/s end=low_score t= 7984.8s
[TRAIN][PPO] ep=388/500 r= -500.05 avg10= -500.34 steps=2328 succ10=0.00 touch10=0.00 col10=0.00 to10=0.00 min_d= 3.50 avg_spd=1.35m/s end=low_score t= 8004.5s
[TRAIN][PPO] ep=389/500 r= -500.09 avg10= -500.30 steps=2219 succ10=0.00 touch10=0.00 col10=0.00 to10=0.00 min_d= 3.61 avg_spd=1.35m/s end=low_score t= 8021.1s
[TRAIN][PPO] ep=390/500 r= -500.55 avg10= -500.30 steps=2327 succ10=0.00 touch10=0.00 col10=0.00 to10=0.00 min_d= 3.53 avg_spd=1.35m/s end=low_score t= 8038.4s
[TRAIN][PPO] ep=391/500 r= -500.57 avg10= -500.31 steps=2272 succ10=0.00 touch10=0.00 col10=0.00 to10=0.00 min_d= 3.56 avg_spd=1.35m/s end=low_score t= 8055.3s
[TRAIN][PPO] ep=392/500 r= -500.35 avg10= -500.33 steps=2202 succ10=0.00 touch10=0.00 col10=0.00 to10=0.00 min_d= 3.59 avg_spd=1.35m/s end=low_score t= 8073.7s
[TRAIN][PPO] ep=393/500 r= -500.30 avg10= -500.33 steps=2176 succ10=0.00 touch10=0.00 col10=0.00 to10=0.00 min_d= 3.68 avg_spd=1.35m/s end=low_score t= 8089.9s
[TRAIN][PPO] ep=394/500 r= -500.56 avg10= -500.35 steps=2249 succ10=0.00 touch10=0.00 col10=0.00 to10=0.00 min_d= 3.64 avg_spd=1.36m/s end=low_score t= 8106.5s
[TRAIN][PPO] ep=395/500 r= -500.34 avg10= -500.36 steps=2321 succ10=0.00 touch10=0.00 col10=0.00 to10=0.00 min_d= 3.49 avg_spd=1.35m/s end=low_score t= 8123.7s
[TRAIN][PPO] ep=396/500 r= -500.70 avg10= -500.37 steps=2297 succ10=0.00 touch10=0.00 col10=0.00 to10=0.00 min_d= 3.51 avg_spd=1.35m/s end=low_score t= 8142.8s
[TRAIN][PPO] ep=397/500 r= -500.22 avg10= -500.37 steps=2317 succ10=0.00 touch10=0.00 col10=0.00 to10=0.00 min_d= 3.48 avg_spd=1.34m/s end=low_score t= 8159.7s
[TRAIN][PPO] ep=398/500 r= -500.25 avg10= -500.39 steps=2275 succ10=0.00 touch10=0.00 col10=0.00 to10=0.00 min_d= 3.52 avg_spd=1.35m/s end=low_score t= 8175.9s
[TRAIN][PPO] ep=399/500 r= -500.49 avg10= -500.43 steps=2281 succ10=0.00 touch10=0.00 col10=0.00 to10=0.00 min_d= 3.62 avg_spd=1.36m/s end=low_score t= 8192.7s
[TRAIN][PPO] ep=400/500 r= -500.12 avg10= -500.39 steps=2152 succ10=0.00 touch10=0.00 col10=0.00 to10=0.00 min_d= 3.67 avg_spd=1.33m/s end=low_score t= 8210.2s ckpt=latest
[TRAIN][PPO] ep=401/500 r= -500.40 avg10= -500.37 steps=2256 succ10=0.00 touch10=0.00 col10=0.00 to10=0.00 min_d= 3.61 avg_spd=1.35m/s end=low_score t= 8226.8s
[TRAIN][PPO] ep=402/500 r= -500.62 avg10= -500.40 steps=2261 succ10=0.00 touch10=0.00 col10=0.00 to10=0.00 min_d= 3.59 avg_spd=1.35m/s end=low_score t= 8243.5s
[TRAIN][PPO] ep=403/500 r= -500.22 avg10= -500.39 steps=2184 succ10=0.00 touch10=0.00 col10=0.00 to10=0.00 min_d= 3.64 avg_spd=1.35m/s end=low_score t= 8258.9s
[TRAIN][PPO] ep=404/500 r= -500.59 avg10= -500.39 steps=2271 succ10=0.00 touch10=0.00 col10=0.00 to10=0.00 min_d= 3.60 avg_spd=1.35m/s end=low_score t= 8276.0s
[TRAIN][PPO] ep=405/500 r= -500.57 avg10= -500.42 steps=2355 succ10=0.00 touch10=0.00 col10=0.00 to10=0.00 min_d= 3.48 avg_spd=1.35m/s end=low_score t= 8292.8s
[TRAIN][PPO] ep=406/500 r= -500.63 avg10= -500.41 steps=2373 succ10=0.00 touch10=0.00 col10=0.00 to10=0.00 min_d= 3.44 avg_spd=1.36m/s end=low_score t= 8310.1s
[TRAIN][PPO] ep=407/500 r= -500.67 avg10= -500.46 steps=2361 succ10=0.00 touch10=0.00 col10=0.00 to10=0.00 min_d= 3.53 avg_spd=1.35m/s end=low_score t= 8327.3s
[TRAIN][PPO] ep=408/500 r= -500.51 avg10= -500.48 steps=2292 succ10=0.00 touch10=0.00 col10=0.00 to10=0.00 min_d= 3.54 avg_spd=1.35m/s end=low_score t= 8346.6s
[TRAIN][PPO] ep=409/500 r= -500.45 avg10= -500.48 steps=2195 succ10=0.00 touch10=0.00 col10=0.00 to10=0.00 min_d= 3.60 avg_spd=1.35m/s end=low_score t= 8363.0s
[TRAIN][PPO] ep=410/500 r= -500.14 avg10= -500.48 steps=2211 succ10=0.00 touch10=0.00 col10=0.00 to10=0.00 min_d= 3.64 avg_spd=1.35m/s end=low_score t= 8379.4s
[TRAIN][PPO] ep=411/500 r= -500.68 avg10= -500.51 steps=2164 succ10=0.00 touch10=0.00 col10=0.00 to10=0.00 min_d= 3.66 avg_spd=1.34m/s end=low_score t= 8395.4s
[TRAIN][PPO] ep=412/500 r= -500.50 avg10= -500.50 steps=2186 succ10=0.00 touch10=0.00 col10=0.00 to10=0.00 min_d= 3.64 avg_spd=1.35m/s end=low_score t= 8413.5s
[TRAIN][PPO] ep=413/500 r= -500.40 avg10= -500.51 steps=2270 succ10=0.00 touch10=0.00 col10=0.00 to10=0.00 min_d= 3.65 avg_spd=1.35m/s end=low_score t= 8430.7s
[TRAIN][PPO] ep=414/500 r= -500.07 avg10= -500.46 steps=2344 succ10=0.00 touch10=0.00 col10=0.00 to10=0.00 min_d= 3.41 avg_spd=1.37m/s end=low_score t= 8447.6s
[TRAIN][PPO] ep=415/500 r= -500.38 avg10= -500.44 steps=2326 succ10=0.00 touch10=0.00 col10=0.00 to10=0.00 min_d= 3.53 avg_spd=1.35m/s end=low_score t= 8464.2s
[TRAIN][PPO] ep=416/500 r= -500.45 avg10= -500.43 steps=2249 succ10=0.00 touch10=0.00 col10=0.00 to10=0.00 min_d= 3.65 avg_spd=1.36m/s end=low_score t= 8482.7s
[TRAIN][PPO] ep=417/500 r= -500.66 avg10= -500.42 steps=2234 succ10=0.00 touch10=0.00 col10=0.00 to10=0.00 min_d= 3.58 avg_spd=1.36m/s end=low_score t= 8499.6s
[TRAIN][PPO] ep=418/500 r= -500.12 avg10= -500.39 steps=2273 succ10=0.00 touch10=0.00 col10=0.00 to10=0.00 min_d= 3.60 avg_spd=1.35m/s end=low_score t= 8516.9s
[TRAIN][PPO] ep=419/500 r= -500.62 avg10= -500.40 steps=2180 succ10=0.00 touch10=0.00 col10=0.00 to10=0.00 min_d= 3.68 avg_spd=1.36m/s end=low_score t= 8533.1s
[TRAIN][PPO] ep=420/500 r= -500.73 avg10= -500.46 steps=2294 succ10=0.00 touch10=0.00 col10=0.00 to10=0.00 min_d= 3.53 avg_spd=1.36m/s end=low_score t= 8552.0s
[TRAIN][PPO] ep=421/500 r= -500.50 avg10= -500.44 steps=2246 succ10=0.00 touch10=0.00 col10=0.00 to10=0.00 min_d= 3.67 avg_spd=1.35m/s end=low_score t= 8568.4s
[TRAIN][PPO] ep=422/500 r= -500.68 avg10= -500.46 steps=2171 succ10=0.00 touch10=0.00 col10=0.00 to10=0.00 min_d= 3.63 avg_spd=1.34m/s end=low_score t= 8584.7s
[TRAIN][PPO] ep=423/500 r= -500.11 avg10= -500.43 steps=2366 succ10=0.00 touch10=0.00 col10=0.00 to10=0.00 min_d= 3.42 avg_spd=1.36m/s end=low_score t= 8602.6s
[TRAIN][PPO] ep=424/500 r= -500.13 avg10= -500.44 steps=2274 succ10=0.00 touch10=0.00 col10=0.00 to10=0.00 min_d= 3.54 avg_spd=1.36m/s end=low_score t= 8622.2s
[TRAIN][PPO] ep=425/500 r= -500.68 avg10= -500.47 steps=2354 succ10=0.00 touch10=0.00 col10=0.00 to10=0.00 min_d= 3.42 avg_spd=1.36m/s end=low_score t= 8639.3s
[TRAIN][PPO] ep=426/500 r= -500.50 avg10= -500.47 steps=2329 succ10=0.00 touch10=0.00 col10=0.00 to10=0.00 min_d= 3.52 avg_spd=1.36m/s end=low_score t= 8656.8s
[TRAIN][PPO] ep=427/500 r= -500.63 avg10= -500.47 steps=2256 succ10=0.00 touch10=0.00 col10=0.00 to10=0.00 min_d= 3.65 avg_spd=1.35m/s end=low_score t= 8673.0s
[TRAIN][PPO] ep=428/500 r= -500.24 avg10= -500.48 steps=2388 succ10=0.00 touch10=0.00 col10=0.00 to10=0.00 min_d= 3.44 avg_spd=1.36m/s end=low_score t= 8692.3s
[TRAIN][PPO] ep=429/500 r= -500.64 avg10= -500.48 steps=2355 succ10=0.00 touch10=0.00 col10=0.00 to10=0.00 min_d= 3.53 avg_spd=1.36m/s end=low_score t= 8709.3s
[TRAIN][PPO] ep=430/500 r= -193.06 avg10= -469.72 steps= 663 succ10=0.00 touch10=0.00 col10=0.10 to10=0.00 min_d= 3.70 avg_spd=1.35m/s end=collision t= 8714.0s
[TRAIN][PPO] ep=431/500 r= -500.57 avg10= -469.72 steps=2358 succ10=0.00 touch10=0.00 col10=0.10 to10=0.00 min_d= 3.49 avg_spd=1.35m/s end=low_score t= 8731.8s
[TRAIN][PPO] ep=432/500 r= -500.55 avg10= -469.71 steps=2370 succ10=0.00 touch10=0.00 col10=0.10 to10=0.00 min_d= 3.41 avg_spd=1.35m/s end=low_score t= 8750.6s
[TRAIN][PPO] ep=433/500 r= -500.64 avg10= -469.77 steps=2243 succ10=0.00 touch10=0.00 col10=0.10 to10=0.00 min_d= 3.55 avg_spd=1.34m/s end=low_score t= 8767.0s
[TRAIN][PPO] ep=434/500 r= -500.59 avg10= -469.81 steps=2292 succ10=0.00 touch10=0.00 col10=0.10 to10=0.00 min_d= 3.48 avg_spd=1.35m/s end=low_score t= 8783.9s
[TRAIN][PPO] ep=435/500 r= -500.31 avg10= -469.77 steps=2229 succ10=0.00 touch10=0.00 col10=0.10 to10=0.00 min_d= 3.66 avg_spd=1.35m/s end=low_score t= 8799.5s
[TRAIN][PPO] ep=436/500 r= -500.57 avg10= -469.78 steps=2251 succ10=0.00 touch10=0.00 col10=0.10 to10=0.00 min_d= 3.66 avg_spd=1.35m/s end=low_score t= 8816.8s
[TRAIN][PPO] ep=437/500 r= -500.47 avg10= -469.76 steps=2274 succ10=0.00 touch10=0.00 col10=0.10 to10=0.00 min_d= 3.61 avg_spd=1.36m/s end=low_score t= 8833.2s
[TRAIN][PPO] ep=438/500 r= -500.35 avg10= -469.78 steps=2342 succ10=0.00 touch10=0.00 col10=0.10 to10=0.00 min_d= 3.45 avg_spd=1.35m/s end=low_score t= 8850.8s
[TRAIN][PPO] ep=439/500 r= -500.01 avg10= -469.71 steps=2168 succ10=0.00 touch10=0.00 col10=0.10 to10=0.00 min_d= 3.59 avg_spd=1.35m/s end=low_score t= 8867.4s
[TRAIN][PPO] ep=440/500 r= -500.48 avg10= -500.45 steps=2177 succ10=0.00 touch10=0.00 col10=0.00 to10=0.00 min_d= 3.71 avg_spd=1.35m/s end=low_score t= 8885.5s
[TRAIN][PPO] ep=441/500 r= -500.26 avg10= -500.42 steps=2388 succ10=0.00 touch10=0.00 col10=0.00 to10=0.00 min_d= 3.41 avg_spd=1.36m/s end=low_score t= 8903.6s
[TRAIN][PPO] ep=442/500 r= -500.54 avg10= -500.42 steps=2286 succ10=0.00 touch10=0.00 col10=0.00 to10=0.00 min_d= 3.51 avg_spd=1.37m/s end=low_score t= 8921.0s
[TRAIN][PPO] ep=443/500 r= -500.02 avg10= -500.36 steps=2382 succ10=0.00 touch10=0.00 col10=0.00 to10=0.00 min_d= 3.43 avg_spd=1.37m/s end=low_score t= 8939.0s
[TRAIN][PPO] ep=444/500 r= -500.02 avg10= -500.30 steps=2339 succ10=0.00 touch10=0.00 col10=0.00 to10=0.00 min_d= 3.46 avg_spd=1.35m/s end=low_score t= 8958.7s
[TRAIN][PPO] ep=445/500 r= -500.14 avg10= -500.29 steps=2348 succ10=0.00 touch10=0.00 col10=0.00 to10=0.00 min_d= 3.42 avg_spd=1.36m/s end=low_score t= 8975.8s
[TRAIN][PPO] ep=446/500 r= -500.63 avg10= -500.29 steps=2176 succ10=0.00 touch10=0.00 col10=0.00 to10=0.00 min_d= 3.68 avg_spd=1.36m/s end=low_score t= 8992.0s
[TRAIN][PPO] ep=447/500 r= -500.34 avg10= -500.28 steps=2176 succ10=0.00 touch10=0.00 col10=0.00 to10=0.00 min_d= 3.64 avg_spd=1.35m/s end=low_score t= 9008.2s
[TRAIN][PPO] ep=448/500 r= -500.32 avg10= -500.28 steps=2196 succ10=0.00 touch10=0.00 col10=0.00 to10=0.00 min_d= 3.62 avg_spd=1.35m/s end=low_score t= 9026.6s
[TRAIN][PPO] ep=449/500 r= -500.58 avg10= -500.33 steps=2280 succ10=0.00 touch10=0.00 col10=0.00 to10=0.00 min_d= 3.52 avg_spd=1.37m/s end=low_score t= 9044.1s
[TRAIN][PPO] ep=450/500 r= -500.54 avg10= -500.34 steps=2253 succ10=0.00 touch10=0.00 col10=0.00 to10=0.00 min_d= 3.61 avg_spd=1.36m/s end=low_score t= 9062.3s
[TRAIN][PPO] ep=451/500 r= -500.48 avg10= -500.36 steps=2212 succ10=0.00 touch10=0.00 col10=0.00 to10=0.00 min_d= 3.60 avg_spd=1.36m/s end=low_score t= 9079.5s
[TRAIN][PPO] ep=452/500 r= -500.47 avg10= -500.35 steps=2299 succ10=0.00 touch10=0.00 col10=0.00 to10=0.00 min_d= 3.50 avg_spd=1.36m/s end=low_score t= 9098.2s
[TRAIN][PPO] ep=453/500 r= -500.36 avg10= -500.39 steps=2259 succ10=0.00 touch10=0.00 col10=0.00 to10=0.00 min_d= 3.53 avg_spd=1.37m/s end=low_score t= 9114.1s
[TRAIN][PPO] ep=454/500 r= -500.27 avg10= -500.41 steps=2356 succ10=0.00 touch10=0.00 col10=0.00 to10=0.00 min_d= 3.50 avg_spd=1.38m/s end=low_score t= 9131.4s
[TRAIN][PPO] ep=455/500 r= -500.24 avg10= -500.42 steps=2291 succ10=0.00 touch10=0.00 col10=0.00 to10=0.00 min_d= 3.56 avg_spd=1.37m/s end=low_score t= 9148.3s
[TRAIN][PPO] ep=456/500 r= -500.30 avg10= -500.39 steps=2321 succ10=0.00 touch10=0.00 col10=0.00 to10=0.00 min_d= 3.48 avg_spd=1.37m/s end=low_score t= 9168.7s
[TRAIN][PPO] ep=457/500 r= -500.35 avg10= -500.39 steps=2366 succ10=0.00 touch10=0.00 col10=0.00 to10=0.00 min_d= 3.46 avg_spd=1.38m/s end=low_score t= 9186.8s
[TRAIN][PPO] ep=458/500 r= -500.24 avg10= -500.38 steps=2338 succ10=0.00 touch10=0.00 col10=0.00 to10=0.00 min_d= 3.51 avg_spd=1.37m/s end=low_score t= 9205.5s
[TRAIN][PPO] ep=459/500 r= -500.35 avg10= -500.36 steps=2336 succ10=0.00 touch10=0.00 col10=0.00 to10=0.00 min_d= 3.42 avg_spd=1.38m/s end=low_score t= 9224.2s
[TRAIN][PPO] ep=460/500 r= -500.07 avg10= -500.31 steps=2182 succ10=0.00 touch10=0.00 col10=0.00 to10=0.00 min_d= 3.64 avg_spd=1.36m/s end=low_score t= 9244.3s
[TRAIN][PPO] ep=461/500 r= -500.13 avg10= -500.28 steps=2421 succ10=0.00 touch10=0.00 col10=0.00 to10=0.00 min_d= 3.38 avg_spd=1.38m/s end=low_score t= 9264.4s
[TRAIN][PPO] ep=462/500 r= -442.45 avg10= -494.48 steps=2168 succ10=0.00 touch10=0.00 col10=0.10 to10=0.00 min_d= 3.40 avg_spd=1.40m/s end=collision t= 9282.2s
[TRAIN][PPO] ep=463/500 r= -500.26 avg10= -494.47 steps=2288 succ10=0.00 touch10=0.00 col10=0.10 to10=0.00 min_d= 3.46 avg_spd=1.37m/s end=low_score t= 9300.5s
[TRAIN][PPO] ep=464/500 r= -500.38 avg10= -494.48 steps=2274 succ10=0.00 touch10=0.00 col10=0.10 to10=0.00 min_d= 3.58 avg_spd=1.37m/s end=low_score t= 9319.8s
[TRAIN][PPO] ep=465/500 r= -500.35 avg10= -494.49 steps=2289 succ10=0.00 touch10=0.00 col10=0.10 to10=0.00 min_d= 3.51 avg_spd=1.37m/s end=low_score t= 9337.3s
[TRAIN][PPO] ep=466/500 r= -500.49 avg10= -494.51 steps=2197 succ10=0.00 touch10=0.00 col10=0.10 to10=0.00 min_d= 3.56 avg_spd=1.35m/s end=low_score t= 9354.4s
[TRAIN][PPO] ep=467/500 r= -455.91 avg10= -490.06 steps=2215 succ10=0.00 touch10=0.00 col10=0.20 to10=0.00 min_d= 3.39 avg_spd=1.38m/s end=collision t= 9371.5s
[TRAIN][PPO] ep=468/500 r= -500.56 avg10= -490.09 steps=2397 succ10=0.00 touch10=0.00 col10=0.20 to10=0.00 min_d= 3.41 avg_spd=1.37m/s end=low_score t= 9392.3s
[TRAIN][PPO] ep=469/500 r= -500.45 avg10= -490.10 steps=2276 succ10=0.00 touch10=0.00 col10=0.20 to10=0.00 min_d= 3.53 avg_spd=1.37m/s end=low_score t= 9410.1s
[TRAIN][PPO] ep=470/500 r= -500.60 avg10= -490.16 steps=2254 succ10=0.00 touch10=0.00 col10=0.20 to10=0.00 min_d= 3.61 avg_spd=1.37m/s end=low_score t= 9428.3s
[TRAIN][PPO] ep=471/500 r= -500.29 avg10= -490.17 steps=2310 succ10=0.00 touch10=0.00 col10=0.20 to10=0.00 min_d= 3.52 avg_spd=1.36m/s end=low_score t= 9447.2s
[TRAIN][PPO] ep=472/500 r= -500.47 avg10= -495.97 steps=2286 succ10=0.00 touch10=0.00 col10=0.10 to10=0.00 min_d= 3.53 avg_spd=1.38m/s end=low_score t= 9467.5s
[TRAIN][PPO] ep=473/500 r= -500.48 avg10= -496.00 steps=2310 succ10=0.00 touch10=0.00 col10=0.10 to10=0.00 min_d= 3.50 avg_spd=1.37m/s end=low_score t= 9485.5s
[TRAIN][PPO] ep=474/500 r= -441.81 avg10= -490.14 steps=2206 succ10=0.00 touch10=0.00 col10=0.20 to10=0.00 min_d= 3.40 avg_spd=1.39m/s end=collision t= 9502.4s
[TRAIN][PPO] ep=475/500 r= -500.05 avg10= -490.11 steps=2269 succ10=0.00 touch10=0.00 col10=0.20 to10=0.00 min_d= 3.49 avg_spd=1.37m/s end=low_score t= 9521.2s
[TRAIN][PPO] ep=476/500 r= -500.55 avg10= -490.11 steps=2223 succ10=0.00 touch10=0.00 col10=0.20 to10=0.00 min_d= 3.61 avg_spd=1.37m/s end=low_score t= 9538.5s
[TRAIN][PPO] ep=477/500 r= -500.17 avg10= -494.54 steps=2419 succ10=0.00 touch10=0.00 col10=0.10 to10=0.00 min_d= 3.43 avg_spd=1.37m/s end=low_score t= 9556.6s
[TRAIN][PPO] ep=478/500 r= -500.65 avg10= -494.55 steps=2353 succ10=0.00 touch10=0.00 col10=0.10 to10=0.00 min_d= 3.52 avg_spd=1.37m/s end=low_score t= 9575.8s
[TRAIN][PPO] ep=479/500 r= -500.36 avg10= -494.54 steps=2210 succ10=0.00 touch10=0.00 col10=0.10 to10=0.00 min_d= 3.56 avg_spd=1.36m/s end=low_score t= 9593.0s
[TRAIN][PPO] ep=480/500 r= -500.45 avg10= -494.53 steps=2334 succ10=0.00 touch10=0.00 col10=0.10 to10=0.00 min_d= 3.49 avg_spd=1.36m/s end=low_score t= 9614.1s
[TRAIN][PPO] ep=481/500 r= -500.61 avg10= -494.56 steps=2363 succ10=0.00 touch10=0.00 col10=0.10 to10=0.00 min_d= 3.39 avg_spd=1.37m/s end=low_score t= 9633.5s
[TRAIN][PPO] ep=482/500 r= -500.45 avg10= -494.56 steps=2228 succ10=0.00 touch10=0.00 col10=0.10 to10=0.00 min_d= 3.58 avg_spd=1.36m/s end=low_score t= 9651.8s
[TRAIN][PPO] ep=483/500 r= -500.60 avg10= -494.57 steps=2238 succ10=0.00 touch10=0.00 col10=0.10 to10=0.00 min_d= 3.63 avg_spd=1.36m/s end=low_score t= 9669.8s
[TRAIN][PPO] ep=484/500 r= -500.26 avg10= -500.41 steps=2193 succ10=0.00 touch10=0.00 col10=0.00 to10=0.00 min_d= 3.67 avg_spd=1.36m/s end=low_score t= 9689.2s
[TRAIN][PPO] ep=485/500 r= -431.95 avg10= -493.61 steps=2229 succ10=0.00 touch10=0.00 col10=0.10 to10=0.00 min_d= 3.31 avg_spd=1.38m/s end=collision t= 9706.6s
[TRAIN][PPO] ep=486/500 r= -434.86 avg10= -487.04 steps=2218 succ10=0.00 touch10=0.00 col10=0.20 to10=0.00 min_d= 3.33 avg_spd=1.39m/s end=collision t= 9723.0s
[TRAIN][PPO] ep=487/500 r= -454.00 avg10= -482.42 steps=2140 succ10=0.00 touch10=0.00 col10=0.30 to10=0.00 min_d= 3.38 avg_spd=1.39m/s end=collision t= 9738.8s
[TRAIN][PPO] ep=488/500 r= -460.95 avg10= -478.45 steps=2139 succ10=0.00 touch10=0.00 col10=0.40 to10=0.00 min_d= 3.41 avg_spd=1.38m/s end=collision t= 9756.0s
[TRAIN][PPO] ep=489/500 r= -500.23 avg10= -478.44 steps=2434 succ10=0.00 touch10=0.00 col10=0.40 to10=0.00 min_d= 3.37 avg_spd=1.38m/s end=low_score t= 9774.1s
[TRAIN][PPO] ep=490/500 r= -433.86 avg10= -471.78 steps=2268 succ10=0.00 touch10=0.00 col10=0.50 to10=0.00 min_d= 3.27 avg_spd=1.39m/s end=collision t= 9791.1s
[TRAIN][PPO] ep=491/500 r= -500.50 avg10= -471.77 steps=2241 succ10=0.00 touch10=0.00 col10=0.50 to10=0.00 min_d= 3.51 avg_spd=1.37m/s end=low_score t= 9808.8s
[TRAIN][PPO] ep=492/500 r= -449.85 avg10= -466.71 steps=2134 succ10=0.00 touch10=0.00 col10=0.60 to10=0.00 min_d= 3.38 avg_spd=1.38m/s end=collision t= 9826.9s
[TRAIN][PPO] ep=493/500 r= -422.54 avg10= -458.90 steps=2298 succ10=0.00 touch10=0.00 col10=0.70 to10=0.00 min_d= 3.21 avg_spd=1.39m/s end=collision t= 9845.9s
[TRAIN][PPO] ep=494/500 r= -500.51 avg10= -458.92 steps=2310 succ10=0.00 touch10=0.00 col10=0.70 to10=0.00 min_d= 3.41 avg_spd=1.37m/s end=low_score t= 9865.4s
[TRAIN][PPO] ep=495/500 r= -500.24 avg10= -465.75 steps=2232 succ10=0.00 touch10=0.00 col10=0.60 to10=0.00 min_d= 3.49 avg_spd=1.36m/s end=low_score t= 9883.3s
[TRAIN][PPO] ep=496/500 r= -433.68 avg10= -465.64 steps=2250 succ10=0.00 touch10=0.00 col10=0.60 to10=0.00 min_d= 3.25 avg_spd=1.39m/s end=collision t= 9902.7s
[TRAIN][PPO] ep=497/500 r= -500.64 avg10= -470.30 steps=2280 succ10=0.00 touch10=0.00 col10=0.50 to10=0.00 min_d= 3.46 avg_spd=1.37m/s end=low_score t= 9920.2s
[TRAIN][PPO] ep=498/500 r= -500.71 avg10= -474.27 steps=2297 succ10=0.00 touch10=0.00 col10=0.40 to10=0.00 min_d= 3.56 avg_spd=1.37m/s end=low_score t= 9938.2s
[TRAIN][PPO] ep=499/500 r= -464.78 avg10= -470.73 steps=2110 succ10=0.00 touch10=0.00 col10=0.50 to10=0.00 min_d= 3.43 avg_spd=1.38m/s end=collision t= 9954.4s
INFO: PPO: Terminating.
[RUN] completed stage checkpoint=/uio/hume/student-u79/esbrovol/fys5429/DRL-Obstacle-Avoidance/controllers/PPO/checkpoints/moving_20260531_230822_step02_partial_moving_3_lstm_seed05_stage01_train_11_partial_moving/final_moving_20260531_230822_step02_partial_moving_3_lstm_seed05_stage01_train_11_partial_moving.pth
[RUN] curriculum complete arch=lstm seed=5
[MOVING] completed stage checkpoint=/uio/hume/student-u79/esbrovol/fys5429/DRL-Obstacle-Avoidance/controllers/PPO/checkpoints/moving_20260531_230822_step02_partial_moving_3_lstm_seed05_stage01_train_11_partial_moving/final_moving_20260531_230822_step02_partial_moving_3_lstm_seed05_stage01_train_11_partial_moving.pth
[MOVING] stage=3/5 name=partial_moving_5
[MOVING] resume_from=/uio/hume/student-u79/esbrovol/fys5429/DRL-Obstacle-Avoidance/controllers/PPO/checkpoints/moving_20260531_230822_step02_partial_moving_3_lstm_seed05_stage01_train_11_partial_moving/final_moving_20260531_230822_step02_partial_moving_3_lstm_seed05_stage01_train_11_partial_moving.pth
[MOVING] command=/uio/hume/student-u79/esbrovol/fys5429/DRL-Obstacle-Avoidance/venv/bin/python controllers/run.py worker --arch lstm --seed 5 --run-group moving_20260531_230822_step03_partial_moving_5 --resume-from /uio/hume/student-u79/esbrovol/fys5429/DRL-Obstacle-Avoidance/controllers/PPO/checkpoints/moving_20260531_230822_step02_partial_moving_3_lstm_seed05_stage01_train_11_partial_moving/final_moving_20260531_230822_step02_partial_moving_3_lstm_seed05_stage01_train_11_partial_moving.pth --worlds worlds/training/train_11_partial_moving.wbt --moving-obstacle-indices 0,1,2,3,4
[RUN] arch=lstm seed=5 stage=1/1 world=/uio/hume/student-u79/esbrovol/fys5429/DRL-Obstacle-Avoidance/worlds/training/train_11_partial_moving.wbt
[RUN] resuming from /uio/hume/student-u79/esbrovol/fys5429/DRL-Obstacle-Avoidance/controllers/PPO/checkpoints/moving_20260531_230822_step02_partial_moving_3_lstm_seed05_stage01_train_11_partial_moving/final_moving_20260531_230822_step02_partial_moving_3_lstm_seed05_stage01_train_11_partial_moving.pth
INFO: PPO: Starting controller: python3 -u PPO.py
[PPO] Using architecture: LSTM
[PPO] Loaded architecture: LSTM
[TRAIN][PPO] arch=LSTM weights_dir=/uio/hume/student-u79/esbrovol/fys5429/DRL-Obstacle-Avoidance/controllers/PPO/checkpoints/moving_20260531_230822_step03_partial_moving_5_lstm_seed05_stage01_train_11_partial_moving final=/uio/hume/student-u79/esbrovol/fys5429/DRL-Obstacle-Avoidance/controllers/PPO/checkpoints/moving_20260531_230822_step03_partial_moving_5_lstm_seed05_stage01_train_11_partial_moving/final_moving_20260531_230822_step03_partial_moving_5_lstm_seed05_stage01_train_11_partial_moving.pth
[TRAIN][PPO] episodes=500 update_every=4 obs=31 act=2 cell=LSTM seq=32 burn_in=8
[TRAIN][PPO] ep=001/500 r= -478.11 avg10= -478.11 steps=1999 succ10=0.00 touch10=0.00 col10=1.00 to10=0.00 min_d= 3.58 avg_spd=1.34m/s end=collision t=   16.0s ckpt=best
[TRAIN][PPO] ep=002/500 r= -290.72 avg10= -384.42 steps=1578 succ10=0.00 touch10=0.00 col10=1.00 to10=0.00 min_d= 3.38 avg_spd=1.40m/s end=collision t=   29.0s ckpt=best
[TRAIN][PPO] ep=003/500 r= -500.13 avg10= -422.99 steps=2267 succ10=0.00 touch10=0.00 col10=0.67 to10=0.00 min_d= 3.60 avg_spd=1.36m/s end=low_score t=   47.6s
[TRAIN][PPO] ep=004/500 r= -500.23 avg10= -442.30 steps=2210 succ10=0.00 touch10=0.00 col10=0.50 to10=0.00 min_d= 3.66 avg_spd=1.35m/s end=low_score t=   66.9s
[TRAIN][PPO] ep=005/500 r= -434.76 avg10= -440.79 steps=2226 succ10=0.00 touch10=0.00 col10=0.60 to10=0.00 min_d= 3.36 avg_spd=1.40m/s end=collision t=   83.6s
[TRAIN][PPO] ep=006/500 r= -500.44 avg10= -450.73 steps=2302 succ10=0.00 touch10=0.00 col10=0.50 to10=0.00 min_d= 3.52 avg_spd=1.36m/s end=low_score t=  100.8s
[TRAIN][PPO] ep=007/500 r= -290.12 avg10= -427.79 steps=1585 succ10=0.00 touch10=0.00 col10=0.57 to10=0.00 min_d= 3.45 avg_spd=1.40m/s end=collision t=  112.9s ckpt=best
[TRAIN][PPO] ep=008/500 r= -285.69 avg10= -410.03 steps=1587 succ10=0.00 touch10=0.00 col10=0.62 to10=0.00 min_d= 3.43 avg_spd=1.41m/s end=collision t=  126.1s ckpt=best
[TRAIN][PPO] ep=009/500 r= -151.98 avg10= -381.35 steps= 930 succ10=0.00 touch10=0.00 col10=0.67 to10=0.00 min_d= 3.47 avg_spd=1.42m/s end=collision t=  133.3s ckpt=best
[TRAIN][PPO] ep=010/500 r= -500.08 avg10= -393.23 steps=2303 succ10=0.00 touch10=0.00 col10=0.60 to10=0.00 min_d= 3.57 avg_spd=1.37m/s end=low_score t=  150.1s
[TRAIN][PPO] ep=011/500 r= -500.15 avg10= -395.43 steps=2280 succ10=0.00 touch10=0.00 col10=0.50 to10=0.00 min_d= 3.53 avg_spd=1.35m/s end=low_score t=  166.7s
[TRAIN][PPO] ep=012/500 r= -500.35 avg10= -416.39 steps=2243 succ10=0.00 touch10=0.00 col10=0.40 to10=0.00 min_d= 3.70 avg_spd=1.34m/s end=low_score t=  185.0s
[TRAIN][PPO] ep=013/500 r= -500.15 avg10= -416.39 steps=2231 succ10=0.00 touch10=0.00 col10=0.40 to10=0.00 min_d= 3.56 avg_spd=1.34m/s end=low_score t=  201.8s
[TRAIN][PPO] ep=014/500 r= -127.05 avg10= -379.08 steps= 930 succ10=0.00 touch10=0.00 col10=0.50 to10=0.00 min_d= 3.40 avg_spd=1.45m/s end=collision t=  208.6s ckpt=best
[TRAIN][PPO] ep=015/500 r= -475.45 avg10= -383.15 steps=1990 succ10=0.00 touch10=0.00 col10=0.50 to10=0.00 min_d= 3.49 avg_spd=1.37m/s end=collision t=  223.0s
[TRAIN][PPO] ep=016/500 r= -484.34 avg10= -381.53 steps=1989 succ10=0.00 touch10=0.00 col10=0.60 to10=0.00 min_d= 3.62 avg_spd=1.36m/s end=collision t=  239.3s
[TRAIN][PPO] ep=017/500 r= -185.32 avg10= -371.05 steps= 694 succ10=0.00 touch10=0.00 col10=0.60 to10=0.00 min_d= 3.69 avg_spd=1.36m/s end=collision t=  244.2s
[TRAIN][PPO] ep=018/500 r= -500.03 avg10= -392.49 steps=2214 succ10=0.00 touch10=0.00 col10=0.50 to10=0.00 min_d= 3.65 avg_spd=1.36m/s end=low_score t=  261.3s
[TRAIN][PPO] ep=019/500 r= -477.34 avg10= -425.02 steps=2000 succ10=0.00 touch10=0.00 col10=0.50 to10=0.00 min_d= 3.60 avg_spd=1.36m/s end=collision t=  276.7s
[TRAIN][PPO] ep=020/500 r= -486.33 avg10= -423.65 steps=1983 succ10=0.00 touch10=0.00 col10=0.60 to10=0.00 min_d= 3.63 avg_spd=1.36m/s end=collision t=  293.4s
[TRAIN][PPO] ep=021/500 r=    6.70 avg10= -372.97 steps= 286 succ10=0.00 touch10=0.00 col10=0.70 to10=0.00 min_d= 3.50 avg_spd=1.67m/s end=collision t=  295.5s ckpt=best
[TRAIN][PPO] ep=022/500 r= -500.18 avg10= -372.95 steps=2306 succ10=0.00 touch10=0.00 col10=0.70 to10=0.00 min_d= 3.55 avg_spd=1.37m/s end=low_score t=  313.1s
[TRAIN][PPO] ep=023/500 r= -142.88 avg10= -337.22 steps= 939 succ10=0.00 touch10=0.00 col10=0.80 to10=0.00 min_d= 3.45 avg_spd=1.44m/s end=collision t=  320.4s
[TRAIN][PPO] ep=024/500 r= -500.71 avg10= -374.59 steps=2241 succ10=0.00 touch10=0.00 col10=0.70 to10=0.00 min_d= 3.64 avg_spd=1.35m/s end=low_score t=  338.8s
[TRAIN][PPO] ep=025/500 r= -500.65 avg10= -377.11 steps=2325 succ10=0.00 touch10=0.00 col10=0.60 to10=0.00 min_d= 3.52 avg_spd=1.37m/s end=low_score t=  356.6s
[TRAIN][PPO] ep=026/500 r= -486.58 avg10= -377.33 steps=1982 succ10=0.00 touch10=0.00 col10=0.60 to10=0.00 min_d= 3.63 avg_spd=1.36m/s end=collision t=  372.2s
[TRAIN][PPO] ep=027/500 r= -500.55 avg10= -408.86 steps=2340 succ10=0.00 touch10=0.00 col10=0.50 to10=0.00 min_d= 3.53 avg_spd=1.37m/s end=low_score t=  390.6s
[TRAIN][PPO] ep=028/500 r= -500.33 avg10= -408.89 steps=2307 succ10=0.00 touch10=0.00 col10=0.50 to10=0.00 min_d= 3.59 avg_spd=1.36m/s end=low_score t=  410.4s
[TRAIN][PPO] ep=029/500 r=  -40.11 avg10= -365.16 steps=  46 succ10=0.00 touch10=0.00 col10=0.50 to10=0.00 min_d= 3.83 avg_spd=1.36m/s end=collision t=  410.8s
[TRAIN][PPO] ep=030/500 r= -500.44 avg10= -366.57 steps=2371 succ10=0.00 touch10=0.00 col10=0.40 to10=0.00 min_d= 3.39 avg_spd=1.37m/s end=low_score t=  428.2s
[TRAIN][PPO] ep=031/500 r= -500.10 avg10= -417.25 steps=2309 succ10=0.00 touch10=0.00 col10=0.30 to10=0.00 min_d= 3.48 avg_spd=1.36m/s end=low_score t=  446.0s
[TRAIN][PPO] ep=032/500 r= -500.17 avg10= -417.25 steps=2285 succ10=0.00 touch10=0.00 col10=0.30 to10=0.00 min_d= 3.53 avg_spd=1.35m/s end=low_score t=  464.5s
[TRAIN][PPO] ep=033/500 r= -500.06 avg10= -452.97 steps=2219 succ10=0.00 touch10=0.00 col10=0.20 to10=0.00 min_d= 3.64 avg_spd=1.35m/s end=low_score t=  481.3s
[TRAIN][PPO] ep=034/500 r= -500.65 avg10= -452.96 steps=2350 succ10=0.00 touch10=0.00 col10=0.20 to10=0.00 min_d= 3.53 avg_spd=1.37m/s end=low_score t=  499.5s
[TRAIN][PPO] ep=035/500 r= -500.72 avg10= -452.97 steps=2345 succ10=0.00 touch10=0.00 col10=0.20 to10=0.00 min_d= 3.44 avg_spd=1.37m/s end=low_score t=  517.2s
[TRAIN][PPO] ep=036/500 r= -481.97 avg10= -452.51 steps=1978 succ10=0.00 touch10=0.00 col10=0.20 to10=0.00 min_d= 3.50 avg_spd=1.36m/s end=collision t=  534.1s
[TRAIN][PPO] ep=037/500 r=  -37.96 avg10= -406.25 steps=  50 succ10=0.00 touch10=0.00 col10=0.30 to10=0.00 min_d= 3.83 avg_spd=1.42m/s end=collision t=  534.6s
[TRAIN][PPO] ep=038/500 r= -500.15 avg10= -406.23 steps=2202 succ10=0.00 touch10=0.00 col10=0.30 to10=0.00 min_d= 3.63 avg_spd=1.35m/s end=low_score t=  550.6s
[TRAIN][PPO] ep=039/500 r= -486.31 avg10= -450.85 steps=1984 succ10=0.00 touch10=0.00 col10=0.30 to10=0.00 min_d= 3.63 avg_spd=1.34m/s end=collision t=  565.2s
[TRAIN][PPO] ep=040/500 r= -500.43 avg10= -450.85 steps=2246 succ10=0.00 touch10=0.00 col10=0.30 to10=0.00 min_d= 3.58 avg_spd=1.35m/s end=low_score t=  583.1s
[TRAIN][PPO] ep=041/500 r= -133.17 avg10= -414.16 steps= 932 succ10=0.00 touch10=0.00 col10=0.40 to10=0.00 min_d= 3.38 avg_spd=1.47m/s end=collision t=  589.7s
[TRAIN][PPO] ep=042/500 r= -271.31 avg10= -391.27 steps=1577 succ10=0.00 touch10=0.00 col10=0.50 to10=0.00 min_d= 3.35 avg_spd=1.44m/s end=collision t=  601.3s
[TRAIN][PPO] ep=043/500 r= -457.46 avg10= -387.01 steps=2228 succ10=0.00 touch10=0.00 col10=0.60 to10=0.00 min_d= 3.37 avg_spd=1.39m/s end=collision t=  618.5s
[TRAIN][PPO] ep=044/500 r=  -35.81 avg10= -340.53 steps=  58 succ10=0.00 touch10=0.00 col10=0.70 to10=0.00 min_d= 3.83 avg_spd=1.41m/s end=collision t=  620.0s
[TRAIN][PPO] ep=045/500 r= -500.08 avg10= -340.46 steps=2232 succ10=0.00 touch10=0.00 col10=0.70 to10=0.00 min_d= 3.66 avg_spd=1.36m/s end=low_score t=  637.3s
[TRAIN][PPO] ep=046/500 r= -500.24 avg10= -342.29 steps=2232 succ10=0.00 touch10=0.00 col10=0.60 to10=0.00 min_d= 3.67 avg_spd=1.35m/s end=low_score t=  653.8s
[TRAIN][PPO] ep=047/500 r= -485.94 avg10= -387.09 steps=1977 succ10=0.00 touch10=0.00 col10=0.60 to10=0.00 min_d= 3.61 avg_spd=1.37m/s end=collision t=  669.0s
[TRAIN][PPO] ep=048/500 r= -500.58 avg10= -387.13 steps=2304 succ10=0.00 touch10=0.00 col10=0.60 to10=0.00 min_d= 3.59 avg_spd=1.37m/s end=low_score t=  687.6s
[TRAIN][PPO] ep=049/500 r= -500.37 avg10= -388.54 steps=2330 succ10=0.00 touch10=0.00 col10=0.50 to10=0.00 min_d= 3.52 avg_spd=1.37m/s end=low_score t=  705.4s
[TRAIN][PPO] ep=050/500 r= -500.36 avg10= -388.53 steps=2287 succ10=0.00 touch10=0.00 col10=0.50 to10=0.00 min_d= 3.51 avg_spd=1.36m/s end=low_score t=  722.2s
[TRAIN][PPO] ep=051/500 r= -131.31 avg10= -388.35 steps= 924 succ10=0.00 touch10=0.00 col10=0.50 to10=0.00 min_d= 3.43 avg_spd=1.49m/s end=collision t=  728.8s
[TRAIN][PPO] ep=052/500 r= -275.07 avg10= -388.72 steps=1573 succ10=0.00 touch10=0.00 col10=0.50 to10=0.00 min_d= 3.38 avg_spd=1.45m/s end=collision t=  741.9s
[TRAIN][PPO] ep=053/500 r= -478.97 avg10= -390.87 steps=1988 succ10=0.00 touch10=0.00 col10=0.50 to10=0.00 min_d= 3.48 avg_spd=1.37m/s end=collision t=  756.8s
[TRAIN][PPO] ep=054/500 r= -500.21 avg10= -437.31 steps=2233 succ10=0.00 touch10=0.00 col10=0.40 to10=0.00 min_d= 3.59 avg_spd=1.35m/s end=low_score t=  773.9s
[TRAIN][PPO] ep=055/500 r= -120.00 avg10= -399.31 steps= 930 succ10=0.00 touch10=0.00 col10=0.50 to10=0.00 min_d= 3.31 avg_spd=1.51m/s end=collision t=  781.3s
[TRAIN][PPO] ep=056/500 r= -500.17 avg10= -399.30 steps=2241 succ10=0.00 touch10=0.00 col10=0.50 to10=0.00 min_d= 3.62 avg_spd=1.35m/s end=low_score t=  800.5s
[TRAIN][PPO] ep=057/500 r= -298.46 avg10= -380.55 steps=1575 succ10=0.00 touch10=0.00 col10=0.50 to10=0.00 min_d= 3.39 avg_spd=1.41m/s end=collision t=  812.3s
[TRAIN][PPO] ep=058/500 r= -125.92 avg10= -343.09 steps= 924 succ10=0.00 touch10=0.00 col10=0.60 to10=0.00 min_d= 3.38 avg_spd=1.52m/s end=collision t=  819.2s
[TRAIN][PPO] ep=059/500 r= -119.92 avg10= -305.04 steps= 930 succ10=0.00 touch10=0.00 col10=0.70 to10=0.00 min_d= 3.35 avg_spd=1.50m/s end=collision t=  827.0s
[TRAIN][PPO] ep=060/500 r=   17.60 avg10= -253.25 steps= 298 succ10=0.00 touch10=0.00 col10=0.80 to10=0.00 min_d= 3.56 avg_spd=1.73m/s end=collision t=  830.3s ckpt=best
[TRAIN][PPO] ep=061/500 r= -500.21 avg10= -290.13 steps=2304 succ10=0.00 touch10=0.00 col10=0.70 to10=0.00 min_d= 3.60 avg_spd=1.35m/s end=low_score t=  848.8s
[TRAIN][PPO] ep=062/500 r= -479.89 avg10= -310.62 steps=1998 succ10=0.00 touch10=0.00 col10=0.70 to10=0.00 min_d= 3.55 avg_spd=1.35m/s end=collision t=  865.8s
[TRAIN][PPO] ep=063/500 r= -480.32 avg10= -310.75 steps=1994 succ10=0.00 touch10=0.00 col10=0.70 to10=0.00 min_d= 3.58 avg_spd=1.36m/s end=collision t=  882.9s
[TRAIN][PPO] ep=064/500 r= -301.56 avg10= -290.89 steps=1573 succ10=0.00 touch10=0.00 col10=0.80 to10=0.00 min_d= 3.46 avg_spd=1.41m/s end=collision t=  896.7s
[TRAIN][PPO] ep=065/500 r= -117.32 avg10= -290.62 steps= 935 succ10=0.00 touch10=0.00 col10=0.80 to10=0.00 min_d= 3.27 avg_spd=1.53m/s end=collision t=  904.0s
[TRAIN][PPO] ep=066/500 r= -121.13 avg10= -252.71 steps= 932 succ10=0.00 touch10=0.00 col10=0.90 to10=0.00 min_d= 3.39 avg_spd=1.51m/s end=collision t=  911.6s
[TRAIN][PPO] ep=067/500 r= -117.36 avg10= -234.60 steps= 942 succ10=0.00 touch10=0.00 col10=0.90 to10=0.00 min_d= 3.40 avg_spd=1.51m/s end=collision t=  919.6s
[TRAIN][PPO] ep=068/500 r= -456.20 avg10= -267.63 steps=2221 succ10=0.00 touch10=0.00 col10=0.90 to10=0.00 min_d= 3.45 avg_spd=1.39m/s end=collision t=  939.4s
[TRAIN][PPO] ep=069/500 r=   22.52 avg10= -253.39 steps= 278 succ10=0.00 touch10=0.00 col10=0.90 to10=0.00 min_d= 3.43 avg_spd=1.81m/s end=collision t=  941.6s ckpt=best
[TRAIN][PPO] ep=070/500 r= -500.36 avg10= -305.18 steps=2300 succ10=0.00 touch10=0.00 col10=0.80 to10=0.00 min_d= 3.54 avg_spd=1.34m/s end=low_score t=  959.2s
[TRAIN][PPO] ep=071/500 r=   25.47 avg10= -252.62 steps= 279 succ10=0.00 touch10=0.00 col10=0.90 to10=0.00 min_d= 3.42 avg_spd=1.85m/s end=collision t=  961.4s ckpt=best
[TRAIN][PPO] ep=072/500 r= -500.59 avg10= -254.69 steps=2231 succ10=0.00 touch10=0.00 col10=0.80 to10=0.00 min_d= 3.64 avg_spd=1.34m/s end=low_score t=  979.2s
[TRAIN][PPO] ep=073/500 r= -500.46 avg10= -256.70 steps=2236 succ10=0.00 touch10=0.00 col10=0.70 to10=0.00 min_d= 3.67 avg_spd=1.35m/s end=low_score t=  996.4s
[TRAIN][PPO] ep=074/500 r= -500.67 avg10= -276.61 steps=2240 succ10=0.00 touch10=0.00 col10=0.60 to10=0.00 min_d= 3.61 avg_spd=1.34m/s end=low_score t= 1013.6s
[TRAIN][PPO] ep=075/500 r= -114.81 avg10= -276.36 steps= 934 succ10=0.00 touch10=0.00 col10=0.60 to10=0.00 min_d= 3.34 avg_spd=1.54m/s end=collision t= 1020.4s
[TRAIN][PPO] ep=076/500 r=   29.14 avg10= -261.33 steps= 295 succ10=0.00 touch10=0.00 col10=0.60 to10=0.00 min_d= 3.49 avg_spd=1.77m/s end=collision t= 1023.8s ckpt=best
[TRAIN][PPO] ep=077/500 r= -500.41 avg10= -299.64 steps=2262 succ10=0.00 touch10=0.00 col10=0.50 to10=0.00 min_d= 3.58 avg_spd=1.35m/s end=low_score t= 1040.6s
[TRAIN][PPO] ep=078/500 r= -477.32 avg10= -301.75 steps=2009 succ10=0.00 touch10=0.00 col10=0.50 to10=0.00 min_d= 3.61 avg_spd=1.36m/s end=collision t= 1055.8s
[TRAIN][PPO] ep=079/500 r= -500.51 avg10= -354.05 steps=2319 succ10=0.00 touch10=0.00 col10=0.40 to10=0.00 min_d= 3.49 avg_spd=1.35m/s end=low_score t= 1073.5s
[TRAIN][PPO] ep=080/500 r= -119.24 avg10= -315.94 steps= 927 succ10=0.00 touch10=0.00 col10=0.50 to10=0.00 min_d= 3.32 avg_spd=1.56m/s end=collision t= 1081.9s
[TRAIN][PPO] ep=081/500 r=   23.44 avg10= -316.14 steps= 287 succ10=0.00 touch10=0.00 col10=0.50 to10=0.00 min_d= 3.43 avg_spd=1.75m/s end=collision t= 1084.2s
[TRAIN][PPO] ep=082/500 r= -114.85 avg10= -277.57 steps= 946 succ10=0.00 touch10=0.00 col10=0.60 to10=0.00 min_d= 3.31 avg_spd=1.51m/s end=collision t= 1091.7s
[TRAIN][PPO] ep=083/500 r=   17.17 avg10= -225.80 steps= 282 succ10=0.00 touch10=0.00 col10=0.70 to10=0.00 min_d= 3.46 avg_spd=1.73m/s end=collision t= 1093.9s
[TRAIN][PPO] ep=084/500 r= -500.29 avg10= -225.77 steps=2281 succ10=0.00 touch10=0.00 col10=0.70 to10=0.00 min_d= 3.56 avg_spd=1.34m/s end=low_score t= 1113.3s
[TRAIN][PPO] ep=085/500 r= -127.04 avg10= -226.99 steps= 921 succ10=0.00 touch10=0.00 col10=0.70 to10=0.00 min_d= 3.36 avg_spd=1.48m/s end=collision t= 1120.6s
[TRAIN][PPO] ep=086/500 r= -500.54 avg10= -279.96 steps=2342 succ10=0.00 touch10=0.00 col10=0.60 to10=0.00 min_d= 3.57 avg_spd=1.37m/s end=low_score t= 1138.6s
[TRAIN][PPO] ep=087/500 r= -500.02 avg10= -279.92 steps=2265 succ10=0.00 touch10=0.00 col10=0.60 to10=0.00 min_d= 3.59 avg_spd=1.34m/s end=low_score t= 1156.3s
[TRAIN][PPO] ep=088/500 r= -128.03 avg10= -244.99 steps= 925 succ10=0.00 touch10=0.00 col10=0.60 to10=0.00 min_d= 3.35 avg_spd=1.49m/s end=collision t= 1165.1s
[TRAIN][PPO] ep=089/500 r= -500.30 avg10= -244.97 steps=2197 succ10=0.00 touch10=0.00 col10=0.60 to10=0.00 min_d= 3.67 avg_spd=1.35m/s end=low_score t= 1182.0s
[TRAIN][PPO] ep=090/500 r= -500.45 avg10= -283.09 steps=2255 succ10=0.00 touch10=0.00 col10=0.50 to10=0.00 min_d= 3.64 avg_spd=1.34m/s end=low_score t= 1199.2s
[TRAIN][PPO] ep=091/500 r= -124.98 avg10= -297.93 steps= 927 succ10=0.00 touch10=0.00 col10=0.50 to10=0.00 min_d= 3.36 avg_spd=1.52m/s end=collision t= 1205.9s
[TRAIN][PPO] ep=092/500 r=   25.90 avg10= -283.86 steps= 287 succ10=0.00 touch10=0.00 col10=0.50 to10=0.00 min_d= 3.40 avg_spd=1.79m/s end=collision t= 1209.2s
[TRAIN][PPO] ep=093/500 r= -119.57 avg10= -297.53 steps= 928 succ10=0.00 touch10=0.00 col10=0.50 to10=0.00 min_d= 3.34 avg_spd=1.55m/s end=collision t= 1216.0s
[TRAIN][PPO] ep=094/500 r=   34.02 avg10= -244.10 steps= 296 succ10=0.00 touch10=0.00 col10=0.60 to10=0.00 min_d= 3.43 avg_spd=1.82m/s end=collision t= 1218.2s ckpt=best
[TRAIN][PPO] ep=095/500 r= -500.03 avg10= -281.40 steps=2325 succ10=0.00 touch10=0.00 col10=0.50 to10=0.00 min_d= 3.55 avg_spd=1.36m/s end=low_score t= 1235.9s
[TRAIN][PPO] ep=096/500 r= -117.62 avg10= -243.11 steps= 943 succ10=0.00 touch10=0.00 col10=0.60 to10=0.00 min_d= 3.31 avg_spd=1.52m/s end=collision t= 1243.8s
[TRAIN][PPO] ep=097/500 r= -500.09 avg10= -243.11 steps=2273 succ10=0.00 touch10=0.00 col10=0.60 to10=0.00 min_d= 3.64 avg_spd=1.36m/s end=low_score t= 1261.0s
[TRAIN][PPO] ep=098/500 r=   29.30 avg10= -227.38 steps= 281 succ10=0.00 touch10=0.00 col10=0.60 to10=0.00 min_d= 3.37 avg_spd=1.86m/s end=collision t= 1263.3s
[TRAIN][PPO] ep=099/500 r= -285.17 avg10= -205.87 steps=1560 succ10=0.00 touch10=0.00 col10=0.70 to10=0.00 min_d= 3.42 avg_spd=1.43m/s end=collision t= 1275.4s
[TRAIN][PPO] ep=100/500 r=   29.59 avg10= -152.86 steps= 286 succ10=0.00 touch10=0.00 col10=0.80 to10=0.00 min_d= 3.35 avg_spd=1.81m/s end=collision t= 1278.6s ckpt=latest
[TRAIN][PPO] ep=101/500 r= -280.61 avg10= -168.43 steps=1569 succ10=0.00 touch10=0.00 col10=0.80 to10=0.00 min_d= 3.40 avg_spd=1.42m/s end=collision t= 1291.2s
[TRAIN][PPO] ep=102/500 r=   28.06 avg10= -168.21 steps= 284 succ10=0.00 touch10=0.00 col10=0.80 to10=0.00 min_d= 3.43 avg_spd=1.86m/s end=collision t= 1293.5s
[TRAIN][PPO] ep=103/500 r= -500.05 avg10= -206.26 steps=2218 succ10=0.00 touch10=0.00 col10=0.70 to10=0.00 min_d= 3.71 avg_spd=1.35m/s end=low_score t= 1311.4s
[TRAIN][PPO] ep=104/500 r= -133.73 avg10= -223.03 steps= 912 succ10=0.00 touch10=0.00 col10=0.70 to10=0.00 min_d= 3.46 avg_spd=1.53m/s end=collision t= 1319.7s
[TRAIN][PPO] ep=105/500 r= -123.78 avg10= -185.41 steps= 931 succ10=0.00 touch10=0.00 col10=0.80 to10=0.00 min_d= 3.37 avg_spd=1.56m/s end=collision t= 1327.0s
[TRAIN][PPO] ep=106/500 r=   30.21 avg10= -170.63 steps= 286 succ10=0.00 touch10=0.00 col10=0.80 to10=0.00 min_d= 3.45 avg_spd=1.87m/s end=collision t= 1329.2s
[TRAIN][PPO] ep=107/500 r= -125.88 avg10= -133.21 steps= 926 succ10=0.00 touch10=0.00 col10=0.90 to10=0.00 min_d= 3.33 avg_spd=1.49m/s end=collision t= 1335.9s
[TRAIN][PPO] ep=108/500 r= -500.28 avg10= -186.16 steps=2239 succ10=0.00 touch10=0.00 col10=0.80 to10=0.00 min_d= 3.64 avg_spd=1.32m/s end=low_score t= 1354.1s
[TRAIN][PPO] ep=109/500 r=   19.21 avg10= -155.73 steps= 267 succ10=0.00 touch10=0.00 col10=0.80 to10=0.00 min_d= 3.48 avg_spd=1.97m/s end=collision t= 1356.2s
[TRAIN][PPO] ep=110/500 r= -500.54 avg10= -208.74 steps=2277 succ10=0.00 touch10=0.00 col10=0.70 to10=0.00 min_d= 3.59 avg_spd=1.34m/s end=low_score t= 1373.8s
[TRAIN][PPO] ep=111/500 r= -500.04 avg10= -230.68 steps=2292 succ10=0.00 touch10=0.00 col10=0.60 to10=0.00 min_d= 3.59 avg_spd=1.33m/s end=low_score t= 1390.7s
[TRAIN][PPO] ep=112/500 r= -120.09 avg10= -245.50 steps= 935 succ10=0.00 touch10=0.00 col10=0.60 to10=0.00 min_d= 3.31 avg_spd=1.53m/s end=collision t= 1398.9s
[TRAIN][PPO] ep=113/500 r= -500.08 avg10= -245.50 steps=2253 succ10=0.00 touch10=0.00 col10=0.60 to10=0.00 min_d= 3.59 avg_spd=1.33m/s end=low_score t= 1416.0s
[TRAIN][PPO] ep=114/500 r= -500.53 avg10= -282.18 steps=2260 succ10=0.00 touch10=0.00 col10=0.50 to10=0.00 min_d= 3.59 avg_spd=1.34m/s end=low_score t= 1433.0s
[TRAIN][PPO] ep=115/500 r= -500.60 avg10= -319.86 steps=2329 succ10=0.00 touch10=0.00 col10=0.40 to10=0.00 min_d= 3.55 avg_spd=1.34m/s end=low_score t= 1452.3s
[TRAIN][PPO] ep=116/500 r= -455.74 avg10= -368.46 steps=2218 succ10=0.00 touch10=0.00 col10=0.40 to10=0.00 min_d= 3.46 avg_spd=1.36m/s end=collision t= 1472.1s
[TRAIN][PPO] ep=117/500 r= -500.31 avg10= -405.90 steps=2269 succ10=0.00 touch10=0.00 col10=0.30 to10=0.00 min_d= 3.66 avg_spd=1.35m/s end=low_score t= 1489.2s
[TRAIN][PPO] ep=118/500 r= -128.01 avg10= -368.67 steps= 919 succ10=0.00 touch10=0.00 col10=0.40 to10=0.00 min_d= 3.40 avg_spd=1.53m/s end=collision t= 1496.0s
[TRAIN][PPO] ep=119/500 r= -500.48 avg10= -420.64 steps=2306 succ10=0.00 touch10=0.00 col10=0.30 to10=0.00 min_d= 3.55 avg_spd=1.35m/s end=low_score t= 1513.0s
[TRAIN][PPO] ep=120/500 r= -500.29 avg10= -420.62 steps=2278 succ10=0.00 touch10=0.00 col10=0.30 to10=0.00 min_d= 3.57 avg_spd=1.34m/s end=low_score t= 1532.2s
[TRAIN][PPO] ep=121/500 r=   29.29 avg10= -367.68 steps= 288 succ10=0.00 touch10=0.00 col10=0.40 to10=0.00 min_d= 3.45 avg_spd=1.80m/s end=collision t= 1534.4s
[TRAIN][PPO] ep=122/500 r= -127.36 avg10= -368.41 steps= 922 succ10=0.00 touch10=0.00 col10=0.40 to10=0.00 min_d= 3.40 avg_spd=1.51m/s end=collision t= 1541.5s
[TRAIN][PPO] ep=123/500 r=   28.39 avg10= -315.56 steps= 284 succ10=0.00 touch10=0.00 col10=0.50 to10=0.00 min_d= 3.46 avg_spd=1.87m/s end=collision t= 1543.8s
[TRAIN][PPO] ep=124/500 r= -500.30 avg10= -315.54 steps=2213 succ10=0.00 touch10=0.00 col10=0.50 to10=0.00 min_d= 3.68 avg_spd=1.35m/s end=low_score t= 1561.2s
[TRAIN][PPO] ep=125/500 r= -500.24 avg10= -315.51 steps=2199 succ10=0.00 touch10=0.00 col10=0.50 to10=0.00 min_d= 3.63 avg_spd=1.34m/s end=low_score t= 1578.1s
[TRAIN][PPO] ep=126/500 r=   25.41 avg10= -267.39 steps= 275 succ10=0.00 touch10=0.00 col10=0.50 to10=0.00 min_d= 3.45 avg_spd=1.80m/s end=collision t= 1580.3s
[TRAIN][PPO] ep=127/500 r= -500.33 avg10= -267.39 steps=2294 succ10=0.00 touch10=0.00 col10=0.50 to10=0.00 min_d= 3.60 avg_spd=1.33m/s end=low_score t= 1598.3s
[TRAIN][PPO] ep=128/500 r= -500.47 avg10= -304.64 steps=2206 succ10=0.00 touch10=0.00 col10=0.40 to10=0.00 min_d= 3.67 avg_spd=1.33m/s end=low_score t= 1617.3s
[TRAIN][PPO] ep=129/500 r= -500.51 avg10= -304.64 steps=2263 succ10=0.00 touch10=0.00 col10=0.40 to10=0.00 min_d= 3.67 avg_spd=1.34m/s end=low_score t= 1634.8s
[TRAIN][PPO] ep=130/500 r= -500.55 avg10= -304.67 steps=2315 succ10=0.00 touch10=0.00 col10=0.40 to10=0.00 min_d= 3.64 avg_spd=1.35m/s end=low_score t= 1652.5s
[TRAIN][PPO] ep=131/500 r= -500.06 avg10= -357.60 steps=2206 succ10=0.00 touch10=0.00 col10=0.30 to10=0.00 min_d= 3.67 avg_spd=1.35m/s end=low_score t= 1669.3s
[TRAIN][PPO] ep=132/500 r= -140.32 avg10= -358.90 steps= 922 succ10=0.00 touch10=0.00 col10=0.30 to10=0.00 min_d= 3.46 avg_spd=1.45m/s end=collision t= 1677.6s
[TRAIN][PPO] ep=133/500 r= -500.56 avg10= -411.79 steps=2195 succ10=0.00 touch10=0.00 col10=0.20 to10=0.00 min_d= 3.64 avg_spd=1.34m/s end=low_score t= 1693.5s
[TRAIN][PPO] ep=134/500 r= -500.39 avg10= -411.80 steps=2188 succ10=0.00 touch10=0.00 col10=0.20 to10=0.00 min_d= 3.70 avg_spd=1.35m/s end=low_score t= 1709.4s
[TRAIN][PPO] ep=135/500 r=   24.62 avg10= -359.32 steps= 287 succ10=0.00 touch10=0.00 col10=0.30 to10=0.00 min_d= 3.52 avg_spd=1.81m/s end=collision t= 1711.4s
[TRAIN][PPO] ep=136/500 r= -500.01 avg10= -411.86 steps=2220 succ10=0.00 touch10=0.00 col10=0.20 to10=0.00 min_d= 3.73 avg_spd=1.35m/s end=low_score t= 1729.1s
[TRAIN][PPO] ep=137/500 r= -500.00 avg10= -411.83 steps=2222 succ10=0.00 touch10=0.00 col10=0.20 to10=0.00 min_d= 3.68 avg_spd=1.35m/s end=low_score t= 1745.6s
[TRAIN][PPO] ep=138/500 r= -500.64 avg10= -411.84 steps=2280 succ10=0.00 touch10=0.00 col10=0.20 to10=0.00 min_d= 3.64 avg_spd=1.34m/s end=low_score t= 1762.0s
[TRAIN][PPO] ep=139/500 r=   25.02 avg10= -359.29 steps= 283 succ10=0.00 touch10=0.00 col10=0.30 to10=0.00 min_d= 3.39 avg_spd=1.83m/s end=collision t= 1763.9s
[TRAIN][PPO] ep=140/500 r= -500.29 avg10= -359.26 steps=2217 succ10=0.00 touch10=0.00 col10=0.30 to10=0.00 min_d= 3.70 avg_spd=1.34m/s end=low_score t= 1782.1s
[TRAIN][PPO] ep=141/500 r= -295.97 avg10= -338.86 steps=1566 succ10=0.00 touch10=0.00 col10=0.40 to10=0.00 min_d= 3.51 avg_spd=1.41m/s end=collision t= 1794.4s
[TRAIN][PPO] ep=142/500 r= -134.85 avg10= -338.31 steps= 924 succ10=0.00 touch10=0.00 col10=0.40 to10=0.00 min_d= 3.42 avg_spd=1.47m/s end=collision t= 1801.8s
[TRAIN][PPO] ep=143/500 r= -133.85 avg10= -301.64 steps= 924 succ10=0.00 touch10=0.00 col10=0.50 to10=0.00 min_d= 3.54 avg_spd=1.47m/s end=collision t= 1809.2s
[TRAIN][PPO] ep=144/500 r= -500.28 avg10= -301.63 steps=2208 succ10=0.00 touch10=0.00 col10=0.50 to10=0.00 min_d= 3.73 avg_spd=1.34m/s end=low_score t= 1827.9s
[TRAIN][PPO] ep=145/500 r= -500.63 avg10= -354.15 steps=2266 succ10=0.00 touch10=0.00 col10=0.40 to10=0.00 min_d= 3.69 avg_spd=1.34m/s end=low_score t= 1845.2s
[TRAIN][PPO] ep=146/500 r= -284.11 avg10= -332.56 steps=1563 succ10=0.00 touch10=0.00 col10=0.50 to10=0.00 min_d= 3.45 avg_spd=1.43m/s end=collision t= 1857.6s
[TRAIN][PPO] ep=147/500 r= -283.63 avg10= -310.92 steps=1566 succ10=0.00 touch10=0.00 col10=0.60 to10=0.00 min_d= 3.48 avg_spd=1.42m/s end=collision t= 1870.0s
[TRAIN][PPO] ep=148/500 r= -500.63 avg10= -310.92 steps=2236 succ10=0.00 touch10=0.00 col10=0.60 to10=0.00 min_d= 3.71 avg_spd=1.35m/s end=low_score t= 1890.1s
[TRAIN][PPO] ep=149/500 r=   29.43 avg10= -310.48 steps= 294 succ10=0.00 touch10=0.00 col10=0.60 to10=0.00 min_d= 3.44 avg_spd=1.74m/s end=collision t= 1892.6s
[TRAIN][PPO] ep=150/500 r= -500.68 avg10= -310.52 steps=2327 succ10=0.00 touch10=0.00 col10=0.60 to10=0.00 min_d= 3.55 avg_spd=1.35m/s end=low_score t= 1911.2s
[TRAIN][PPO] ep=151/500 r=   12.30 avg10= -279.69 steps= 280 succ10=0.00 touch10=0.00 col10=0.60 to10=0.00 min_d= 3.53 avg_spd=1.71m/s end=collision t= 1913.6s
[TRAIN][PPO] ep=152/500 r=   23.39 avg10= -263.87 steps= 285 succ10=0.00 touch10=0.00 col10=0.60 to10=0.00 min_d= 3.54 avg_spd=1.75m/s end=collision t= 1916.6s
[TRAIN][PPO] ep=153/500 r= -126.17 avg10= -263.10 steps= 932 succ10=0.00 touch10=0.00 col10=0.60 to10=0.00 min_d= 3.42 avg_spd=1.48m/s end=collision t= 1924.0s
[TRAIN][PPO] ep=154/500 r= -500.37 avg10= -263.11 steps=2242 succ10=0.00 touch10=0.00 col10=0.60 to10=0.00 min_d= 3.71 avg_spd=1.34m/s end=low_score t= 1942.4s
[TRAIN][PPO] ep=155/500 r= -500.08 avg10= -263.06 steps=2314 succ10=0.00 touch10=0.00 col10=0.60 to10=0.00 min_d= 3.62 avg_spd=1.35m/s end=low_score t= 1959.7s
[TRAIN][PPO] ep=156/500 r= -500.39 avg10= -284.68 steps=2260 succ10=0.00 touch10=0.00 col10=0.50 to10=0.00 min_d= 3.70 avg_spd=1.35m/s end=low_score t= 1978.6s
[TRAIN][PPO] ep=157/500 r= -124.16 avg10= -268.74 steps= 928 succ10=0.00 touch10=0.00 col10=0.50 to10=0.00 min_d= 3.41 avg_spd=1.52m/s end=collision t= 1986.3s
[TRAIN][PPO] ep=158/500 r= -125.74 avg10= -231.25 steps= 922 succ10=0.00 touch10=0.00 col10=0.60 to10=0.00 min_d= 3.43 avg_spd=1.52m/s end=collision t= 1993.9s
[TRAIN][PPO] ep=159/500 r= -500.54 avg10= -284.24 steps=2220 succ10=0.00 touch10=0.00 col10=0.50 to10=0.00 min_d= 3.68 avg_spd=1.33m/s end=low_score t= 2012.2s
[TRAIN][PPO] ep=160/500 r=   26.59 avg10= -231.52 steps= 284 succ10=0.00 touch10=0.00 col10=0.60 to10=0.00 min_d= 3.43 avg_spd=1.79m/s end=collision t= 2015.6s
[TRAIN][PPO] ep=161/500 r=   14.76 avg10= -231.27 steps= 304 succ10=0.00 touch10=0.00 col10=0.60 to10=0.00 min_d= 3.55 avg_spd=1.66m/s end=collision t= 2018.1s
[TRAIN][PPO] ep=162/500 r= -500.11 avg10= -283.62 steps=2216 succ10=0.00 touch10=0.00 col10=0.50 to10=0.00 min_d= 3.66 avg_spd=1.33m/s end=low_score t= 2034.8s
[TRAIN][PPO] ep=163/500 r= -500.29 avg10= -321.03 steps=2226 succ10=0.00 touch10=0.00 col10=0.40 to10=0.00 min_d= 3.67 avg_spd=1.33m/s end=low_score t= 2051.6s
[TRAIN][PPO] ep=164/500 r= -136.31 avg10= -284.63 steps= 913 succ10=0.00 touch10=0.00 col10=0.50 to10=0.00 min_d= 3.42 avg_spd=1.47m/s end=collision t= 2060.7s
[TRAIN][PPO] ep=165/500 r=   24.19 avg10= -232.20 steps= 279 succ10=0.00 touch10=0.00 col10=0.60 to10=0.00 min_d= 3.37 avg_spd=1.84m/s end=collision t= 2063.1s
[TRAIN][PPO] ep=166/500 r= -500.63 avg10= -232.22 steps=2235 succ10=0.00 touch10=0.00 col10=0.60 to10=0.00 min_d= 3.71 avg_spd=1.33m/s end=low_score t= 2081.8s
[TRAIN][PPO] ep=167/500 r= -500.50 avg10= -269.86 steps=2220 succ10=0.00 touch10=0.00 col10=0.50 to10=0.00 min_d= 3.67 avg_spd=1.32m/s end=low_score t= 2099.1s
[TRAIN][PPO] ep=168/500 r= -127.91 avg10= -270.07 steps= 926 succ10=0.00 touch10=0.00 col10=0.50 to10=0.00 min_d= 3.37 avg_spd=1.52m/s end=collision t= 2107.9s
[TRAIN][PPO] ep=169/500 r= -500.69 avg10= -270.09 steps=2227 succ10=0.00 touch10=0.00 col10=0.50 to10=0.00 min_d= 3.69 avg_spd=1.32m/s end=low_score t= 2126.0s
[TRAIN][PPO] ep=170/500 r= -500.04 avg10= -322.75 steps=2214 succ10=0.00 touch10=0.00 col10=0.40 to10=0.00 min_d= 3.74 avg_spd=1.35m/s end=low_score t= 2143.6s
[TRAIN][PPO] ep=171/500 r=   25.04 avg10= -321.72 steps= 279 succ10=0.00 touch10=0.00 col10=0.40 to10=0.00 min_d= 3.48 avg_spd=1.84m/s end=collision t= 2146.0s
[TRAIN][PPO] ep=172/500 r=   19.89 avg10= -269.72 steps= 270 succ10=0.00 touch10=0.00 col10=0.50 to10=0.00 min_d= 3.42 avg_spd=1.87m/s end=collision t= 2149.7s
[TRAIN][PPO] ep=173/500 r= -500.18 avg10= -269.71 steps=2211 succ10=0.00 touch10=0.00 col10=0.50 to10=0.00 min_d= 3.67 avg_spd=1.33m/s end=low_score t= 2167.4s
[TRAIN][PPO] ep=174/500 r=   25.27 avg10= -253.55 steps= 279 succ10=0.00 touch10=0.00 col10=0.50 to10=0.00 min_d= 3.50 avg_spd=1.86m/s end=collision t= 2169.7s
[TRAIN][PPO] ep=175/500 r= -131.58 avg10= -269.13 steps= 922 succ10=0.00 touch10=0.00 col10=0.50 to10=0.00 min_d= 3.34 avg_spd=1.57m/s end=collision t= 2177.4s
[TRAIN][PPO] ep=176/500 r= -125.84 avg10= -231.65 steps= 925 succ10=0.00 touch10=0.00 col10=0.60 to10=0.00 min_d= 3.41 avg_spd=1.52m/s end=collision t= 2186.1s
[TRAIN][PPO] ep=177/500 r= -500.08 avg10= -231.61 steps=2309 succ10=0.00 touch10=0.00 col10=0.60 to10=0.00 min_d= 3.60 avg_spd=1.36m/s end=low_score t= 2205.1s
[TRAIN][PPO] ep=178/500 r=   26.30 avg10= -216.19 steps= 278 succ10=0.00 touch10=0.00 col10=0.60 to10=0.00 min_d= 3.42 avg_spd=1.84m/s end=collision t= 2207.3s
[TRAIN][PPO] ep=179/500 r=   27.13 avg10= -163.41 steps= 293 succ10=0.00 touch10=0.00 col10=0.70 to10=0.00 min_d= 3.43 avg_spd=1.77m/s end=collision t= 2209.6s
[TRAIN][PPO] ep=180/500 r= -139.22 avg10= -127.33 steps= 907 succ10=0.00 touch10=0.00 col10=0.80 to10=0.00 min_d= 3.42 avg_spd=1.54m/s end=collision t= 2217.5s
[TRAIN][PPO] ep=181/500 r= -120.27 avg10= -141.86 steps= 938 succ10=0.00 touch10=0.00 col10=0.80 to10=0.00 min_d= 3.32 avg_spd=1.50m/s end=collision t= 2224.6s
[TRAIN][PPO] ep=182/500 r= -500.30 avg10= -193.88 steps=2218 succ10=0.00 touch10=0.00 col10=0.70 to10=0.00 min_d= 3.67 avg_spd=1.33m/s end=low_score t= 2240.9s
[TRAIN][PPO] ep=183/500 r=   19.36 avg10= -141.92 steps= 269 succ10=0.00 touch10=0.00 col10=0.80 to10=0.00 min_d= 3.47 avg_spd=1.86m/s end=collision t= 2243.2s
[TRAIN][PPO] ep=184/500 r=   19.74 avg10= -142.47 steps= 281 succ10=0.00 touch10=0.00 col10=0.80 to10=0.00 min_d= 3.48 avg_spd=1.75m/s end=collision t= 2246.1s
[TRAIN][PPO] ep=185/500 r=   27.34 avg10= -126.58 steps= 287 succ10=0.00 touch10=0.00 col10=0.80 to10=0.00 min_d= 3.50 avg_spd=1.79m/s end=collision t= 2248.4s
[TRAIN][PPO] ep=186/500 r= -146.50 avg10= -128.65 steps= 915 succ10=0.00 touch10=0.00 col10=0.80 to10=0.00 min_d= 3.55 avg_spd=1.48m/s end=collision t= 2255.2s
[TRAIN][PPO] ep=187/500 r=   19.60 avg10=  -76.68 steps= 271 succ10=0.00 touch10=0.00 col10=0.90 to10=0.00 min_d= 3.46 avg_spd=1.88m/s end=collision t= 2257.3s
[TRAIN][PPO] ep=188/500 r=   25.13 avg10=  -76.80 steps= 286 succ10=0.00 touch10=0.00 col10=0.90 to10=0.00 min_d= 3.46 avg_spd=1.82m/s end=collision t= 2259.8s
[TRAIN][PPO] ep=189/500 r=    7.99 avg10=  -78.71 steps= 264 succ10=0.00 touch10=0.00 col10=0.90 to10=0.00 min_d= 3.54 avg_spd=1.86m/s end=collision t= 2261.8s
[TRAIN][PPO] ep=190/500 r= -500.19 avg10= -114.81 steps=2207 succ10=0.00 touch10=0.00 col10=0.80 to10=0.00 min_d= 3.68 avg_spd=1.33m/s end=low_score t= 2278.3s
[TRAIN][PPO] ep=191/500 r= -500.30 avg10= -152.81 steps=2270 succ10=0.00 touch10=0.00 col10=0.70 to10=0.00 min_d= 3.61 avg_spd=1.34m/s end=low_score t= 2294.7s
[TRAIN][PPO] ep=192/500 r=   16.50 avg10= -101.13 steps= 269 succ10=0.00 touch10=0.00 col10=0.80 to10=0.00 min_d= 3.53 avg_spd=1.93m/s end=collision t= 2297.9s
[TRAIN][PPO] ep=193/500 r=   29.81 avg10= -100.09 steps= 281 succ10=0.00 touch10=0.00 col10=0.80 to10=0.00 min_d= 3.46 avg_spd=1.86m/s end=collision t= 2300.0s
[TRAIN][PPO] ep=194/500 r= -500.62 avg10= -152.12 steps=2222 succ10=0.00 touch10=0.00 col10=0.70 to10=0.00 min_d= 3.64 avg_spd=1.33m/s end=low_score t= 2316.2s
[TRAIN][PPO] ep=195/500 r= -500.21 avg10= -204.88 steps=2241 succ10=0.00 touch10=0.00 col10=0.60 to10=0.00 min_d= 3.68 avg_spd=1.32m/s end=low_score t= 2333.2s
[TRAIN][PPO] ep=196/500 r= -500.00 avg10= -240.23 steps=2208 succ10=0.00 touch10=0.00 col10=0.50 to10=0.00 min_d= 3.72 avg_spd=1.34m/s end=low_score t= 2350.9s
[TRAIN][PPO] ep=197/500 r=   18.90 avg10= -240.30 steps= 280 succ10=0.00 touch10=0.00 col10=0.50 to10=0.00 min_d= 3.52 avg_spd=1.87m/s end=collision t= 2353.0s
[TRAIN][PPO] ep=198/500 r=   26.95 avg10= -240.12 steps= 283 succ10=0.00 touch10=0.00 col10=0.50 to10=0.00 min_d= 3.47 avg_spd=1.89m/s end=collision t= 2355.1s
[TRAIN][PPO] ep=199/500 r=   14.78 avg10= -239.44 steps= 275 succ10=0.00 touch10=0.00 col10=0.50 to10=0.00 min_d= 3.49 avg_spd=1.96m/s end=collision t= 2357.3s
[TRAIN][PPO] ep=200/500 r=   15.43 avg10= -187.87 steps= 271 succ10=0.00 touch10=0.00 col10=0.60 to10=0.00 min_d= 3.53 avg_spd=1.84m/s end=collision t= 2359.7s ckpt=latest
[TRAIN][PPO] ep=201/500 r=   18.92 avg10= -135.95 steps= 275 succ10=0.00 touch10=0.00 col10=0.70 to10=0.00 min_d= 3.36 avg_spd=1.96m/s end=collision t= 2361.6s
[TRAIN][PPO] ep=202/500 r=   20.19 avg10= -135.58 steps= 272 succ10=0.00 touch10=0.00 col10=0.70 to10=0.00 min_d= 3.50 avg_spd=1.82m/s end=collision t= 2363.7s
[TRAIN][PPO] ep=203/500 r=   10.26 avg10= -137.54 steps= 267 succ10=0.00 touch10=0.00 col10=0.70 to10=0.00 min_d= 3.43 avg_spd=1.97m/s end=collision t= 2365.7s
[TRAIN][PPO] ep=204/500 r= -500.69 avg10= -137.55 steps=2242 succ10=0.00 touch10=0.00 col10=0.70 to10=0.00 min_d= 3.70 avg_spd=1.32m/s end=low_score t= 2382.8s
[TRAIN][PPO] ep=205/500 r=   27.46 avg10=  -84.78 steps= 284 succ10=0.00 touch10=0.00 col10=0.80 to10=0.00 min_d= 3.43 avg_spd=1.84m/s end=collision t= 2385.1s
[TRAIN][PPO] ep=206/500 r= -500.66 avg10=  -84.85 steps=2248 succ10=0.00 touch10=0.00 col10=0.80 to10=0.00 min_d= 3.73 avg_spd=1.34m/s end=low_score t= 2402.2s
[TRAIN][PPO] ep=207/500 r= -500.68 avg10= -136.80 steps=2235 succ10=0.00 touch10=0.00 col10=0.70 to10=0.00 min_d= 3.71 avg_spd=1.32m/s end=low_score t= 2420.0s
[TRAIN][PPO] ep=208/500 r=   19.09 avg10= -137.59 steps= 279 succ10=0.00 touch10=0.00 col10=0.70 to10=0.00 min_d= 3.47 avg_spd=1.94m/s end=collision t= 2423.3s
[TRAIN][PPO] ep=209/500 r=   26.40 avg10= -136.43 steps= 284 succ10=0.00 touch10=0.00 col10=0.70 to10=0.00 min_d= 3.37 avg_spd=1.78m/s end=collision t= 2425.4s
[TRAIN][PPO] ep=210/500 r=   25.69 avg10= -135.40 steps= 286 succ10=0.00 touch10=0.00 col10=0.70 to10=0.00 min_d= 3.45 avg_spd=1.84m/s end=collision t= 2427.9s
[TRAIN][PPO] ep=211/500 r=   16.91 avg10= -135.60 steps= 272 succ10=0.00 touch10=0.00 col10=0.70 to10=0.00 min_d= 3.42 avg_spd=1.92m/s end=collision t= 2429.8s
[TRAIN][PPO] ep=212/500 r=   23.15 avg10= -135.31 steps= 278 succ10=0.00 touch10=0.00 col10=0.70 to10=0.00 min_d= 3.45 avg_spd=1.90m/s end=collision t= 2432.2s
[TRAIN][PPO] ep=213/500 r= -500.22 avg10= -186.35 steps=2223 succ10=0.00 touch10=0.00 col10=0.60 to10=0.00 min_d= 3.70 avg_spd=1.34m/s end=low_score t= 2448.6s
[TRAIN][PPO] ep=214/500 r= -291.83 avg10= -165.47 steps=1567 succ10=0.00 touch10=0.00 col10=0.70 to10=0.00 min_d= 3.39 avg_spd=1.47m/s end=collision t= 2460.8s
[TRAIN][PPO] ep=215/500 r=   26.84 avg10= -165.53 steps= 289 succ10=0.00 touch10=0.00 col10=0.70 to10=0.00 min_d= 3.44 avg_spd=1.82m/s end=collision t= 2463.1s
[TRAIN][PPO] ep=216/500 r= -500.26 avg10= -165.49 steps=2236 succ10=0.00 touch10=0.00 col10=0.70 to10=0.00 min_d= 3.68 avg_spd=1.32m/s end=low_score t= 2481.8s
[TRAIN][PPO] ep=217/500 r= -500.55 avg10= -165.48 steps=2227 succ10=0.00 touch10=0.00 col10=0.70 to10=0.00 min_d= 3.67 avg_spd=1.33m/s end=low_score t= 2498.5s
[TRAIN][PPO] ep=218/500 r= -500.28 avg10= -217.42 steps=2258 succ10=0.00 touch10=0.00 col10=0.60 to10=0.00 min_d= 3.71 avg_spd=1.34m/s end=low_score t= 2516.0s
[TRAIN][PPO] ep=219/500 r=   14.40 avg10= -218.62 steps= 276 succ10=0.00 touch10=0.00 col10=0.60 to10=0.00 min_d= 3.50 avg_spd=1.82m/s end=collision t= 2518.0s
[TRAIN][PPO] ep=220/500 r=   18.38 avg10= -219.35 steps= 273 succ10=0.00 touch10=0.00 col10=0.60 to10=0.00 min_d= 3.41 avg_spd=1.86m/s end=collision t= 2521.2s
[TRAIN][PPO] ep=221/500 r= -500.12 avg10= -271.05 steps=2225 succ10=0.00 touch10=0.00 col10=0.50 to10=0.00 min_d= 3.70 avg_spd=1.33m/s end=low_score t= 2538.4s
[TRAIN][PPO] ep=222/500 r=   18.08 avg10= -271.56 steps= 274 succ10=0.00 touch10=0.00 col10=0.50 to10=0.00 min_d= 3.48 avg_spd=1.87m/s end=collision t= 2540.5s
[TRAIN][PPO] ep=223/500 r= -500.49 avg10= -271.58 steps=2221 succ10=0.00 touch10=0.00 col10=0.50 to10=0.00 min_d= 3.67 avg_spd=1.32m/s end=low_score t= 2557.9s
[TRAIN][PPO] ep=224/500 r=   22.76 avg10= -240.12 steps= 285 succ10=0.00 touch10=0.00 col10=0.50 to10=0.00 min_d= 3.44 avg_spd=1.78m/s end=collision t= 2561.4s
[TRAIN][PPO] ep=225/500 r= -500.14 avg10= -292.82 steps=2253 succ10=0.00 touch10=0.00 col10=0.40 to10=0.00 min_d= 3.71 avg_spd=1.34m/s end=low_score t= 2578.8s
[TRAIN][PPO] ep=226/500 r=    8.84 avg10= -241.91 steps= 267 succ10=0.00 touch10=0.00 col10=0.50 to10=0.00 min_d= 3.46 avg_spd=1.92m/s end=collision t= 2580.9s
[TRAIN][PPO] ep=227/500 r= -500.36 avg10= -241.89 steps=2263 succ10=0.00 touch10=0.00 col10=0.50 to10=0.00 min_d= 3.74 avg_spd=1.34m/s end=low_score t= 2597.8s
[TRAIN][PPO] ep=228/500 r=   23.63 avg10= -189.50 steps= 281 succ10=0.00 touch10=0.00 col10=0.60 to10=0.00 min_d= 3.43 avg_spd=1.82m/s end=collision t= 2601.2s
[TRAIN][PPO] ep=229/500 r= -500.56 avg10= -241.00 steps=2246 succ10=0.00 touch10=0.00 col10=0.50 to10=0.00 min_d= 3.70 avg_spd=1.33m/s end=low_score t= 2618.0s
[TRAIN][PPO] ep=230/500 r=   11.33 avg10= -241.70 steps= 273 succ10=0.00 touch10=0.00 col10=0.50 to10=0.00 min_d= 3.46 avg_spd=1.82m/s end=collision t= 2620.0s
[TRAIN][PPO] ep=231/500 r= -500.13 avg10= -241.70 steps=2198 succ10=0.00 touch10=0.00 col10=0.50 to10=0.00 min_d= 3.74 avg_spd=1.33m/s end=low_score t= 2636.9s
[TRAIN][PPO] ep=232/500 r=   10.77 avg10= -242.44 steps= 266 succ10=0.00 touch10=0.00 col10=0.50 to10=0.00 min_d= 3.47 avg_spd=1.90m/s end=collision t= 2640.0s
[TRAIN][PPO] ep=233/500 r= -137.30 avg10= -206.12 steps= 918 succ10=0.00 touch10=0.00 col10=0.60 to10=0.00 min_d= 3.41 avg_spd=1.49m/s end=collision t= 2647.2s
[TRAIN][PPO] ep=234/500 r=   27.33 avg10= -205.66 steps= 285 succ10=0.00 touch10=0.00 col10=0.60 to10=0.00 min_d= 3.49 avg_spd=1.84m/s end=collision t= 2649.5s
[TRAIN][PPO] ep=235/500 r=  -42.17 avg10= -159.86 steps=  39 succ10=0.00 touch10=0.00 col10=0.70 to10=0.00 min_d= 3.84 avg_spd=1.32m/s end=collision t= 2649.9s
[TRAIN][PPO] ep=236/500 r=   14.62 avg10= -159.29 steps= 268 succ10=0.00 touch10=0.00 col10=0.70 to10=0.00 min_d= 3.51 avg_spd=1.82m/s end=collision t= 2652.3s
[TRAIN][PPO] ep=237/500 r=   29.20 avg10= -106.33 steps= 304 succ10=0.00 touch10=0.00 col10=0.80 to10=0.00 min_d= 3.49 avg_spd=1.72m/s end=collision t= 2654.6s
[TRAIN][PPO] ep=238/500 r= -500.55 avg10= -158.75 steps=2204 succ10=0.00 touch10=0.00 col10=0.70 to10=0.00 min_d= 3.70 avg_spd=1.33m/s end=low_score t= 2671.4s
[TRAIN][PPO] ep=239/500 r=   25.28 avg10= -106.16 steps= 287 succ10=0.00 touch10=0.00 col10=0.80 to10=0.00 min_d= 3.49 avg_spd=1.78m/s end=collision t= 2673.5s
[TRAIN][PPO] ep=240/500 r= -500.37 avg10= -157.33 steps=2247 succ10=0.00 touch10=0.00 col10=0.70 to10=0.00 min_d= 3.74 avg_spd=1.32m/s end=low_score t= 2691.8s
[TRAIN][PPO] ep=241/500 r=   10.69 avg10= -106.25 steps= 264 succ10=0.00 touch10=0.00 col10=0.80 to10=0.00 min_d= 3.52 avg_spd=1.88m/s end=collision t= 2693.8s
[TRAIN][PPO] ep=242/500 r=    3.24 avg10= -107.00 steps= 269 succ10=0.00 touch10=0.00 col10=0.80 to10=0.00 min_d= 3.59 avg_spd=1.94m/s end=collision t= 2695.8s
[TRAIN][PPO] ep=243/500 r=   -0.34 avg10=  -93.31 steps= 268 succ10=0.00 touch10=0.00 col10=0.80 to10=0.00 min_d= 3.53 avg_spd=1.85m/s end=collision t= 2697.8s
[TRAIN][PPO] ep=244/500 r=   26.84 avg10=  -93.36 steps= 285 succ10=0.00 touch10=0.00 col10=0.80 to10=0.00 min_d= 3.36 avg_spd=1.82m/s end=collision t= 2700.3s
[TRAIN][PPO] ep=245/500 r= -500.02 avg10= -139.14 steps=2204 succ10=0.00 touch10=0.00 col10=0.70 to10=0.00 min_d= 3.67 avg_spd=1.32m/s end=low_score t= 2716.9s
[TRAIN][PPO] ep=246/500 r=   15.93 avg10= -139.01 steps= 273 succ10=0.00 touch10=0.00 col10=0.70 to10=0.00 min_d= 3.44 avg_spd=1.81m/s end=collision t= 2718.9s
[TRAIN][PPO] ep=247/500 r= -500.55 avg10= -191.98 steps=2249 succ10=0.00 touch10=0.00 col10=0.60 to10=0.00 min_d= 3.66 avg_spd=1.34m/s end=low_score t= 2735.9s
[TRAIN][PPO] ep=248/500 r=   12.17 avg10= -140.71 steps= 270 succ10=0.00 touch10=0.00 col10=0.70 to10=0.00 min_d= 3.49 avg_spd=1.90m/s end=collision t= 2739.3s
[TRAIN][PPO] ep=249/500 r=   12.81 avg10= -141.96 steps= 273 succ10=0.00 touch10=0.00 col10=0.70 to10=0.00 min_d= 3.52 avg_spd=1.87m/s end=collision t= 2741.5s
[TRAIN][PPO] ep=250/500 r=   27.94 avg10=  -89.13 steps= 295 succ10=0.00 touch10=0.00 col10=0.80 to10=0.00 min_d= 3.43 avg_spd=1.78m/s end=collision t= 2744.0s
[TRAIN][PPO] ep=251/500 r=   14.00 avg10=  -88.80 steps= 276 succ10=0.00 touch10=0.00 col10=0.80 to10=0.00 min_d= 3.44 avg_spd=1.84m/s end=collision t= 2746.2s
[TRAIN][PPO] ep=252/500 r=    9.54 avg10=  -88.17 steps= 269 succ10=0.00 touch10=0.00 col10=0.80 to10=0.00 min_d= 3.49 avg_spd=1.87m/s end=collision t= 2748.7s
[TRAIN][PPO] ep=253/500 r= -147.35 avg10= -102.87 steps= 913 succ10=0.00 touch10=0.00 col10=0.80 to10=0.00 min_d= 3.55 avg_spd=1.52m/s end=collision t= 2755.9s
[TRAIN][PPO] ep=254/500 r=   26.46 avg10= -102.91 steps= 286 succ10=0.00 touch10=0.00 col10=0.80 to10=0.00 min_d= 3.44 avg_spd=1.83m/s end=collision t= 2758.2s
[TRAIN][PPO] ep=255/500 r=   20.50 avg10=  -50.86 steps= 283 succ10=0.00 touch10=0.00 col10=0.90 to10=0.00 min_d= 3.48 avg_spd=1.83m/s end=collision t= 2760.5s
[TRAIN][PPO] ep=256/500 r=   26.83 avg10=  -49.77 steps= 298 succ10=0.00 touch10=0.00 col10=0.90 to10=0.00 min_d= 3.52 avg_spd=1.74m/s end=collision t= 2763.3s
[TRAIN][PPO] ep=257/500 r=   13.86 avg10=    1.67 steps= 273 succ10=0.00 touch10=0.00 col10=1.00 to10=0.00 min_d= 3.44 avg_spd=1.81m/s end=collision t= 2765.4s
[TRAIN][PPO] ep=258/500 r= -500.06 avg10=  -49.55 steps=2240 succ10=0.00 touch10=0.00 col10=0.90 to10=0.00 min_d= 3.68 avg_spd=1.32m/s end=low_score t= 2783.1s
[TRAIN][PPO] ep=259/500 r= -500.13 avg10= -100.84 steps=2178 succ10=0.00 touch10=0.00 col10=0.80 to10=0.00 min_d= 3.74 avg_spd=1.33m/s end=low_score t= 2800.1s
[TRAIN][PPO] ep=260/500 r= -141.56 avg10= -117.79 steps= 910 succ10=0.00 touch10=0.00 col10=0.80 to10=0.00 min_d= 3.47 avg_spd=1.48m/s end=collision t= 2808.7s
[TRAIN][PPO] ep=261/500 r= -500.41 avg10= -169.23 steps=2244 succ10=0.00 touch10=0.00 col10=0.70 to10=0.00 min_d= 3.75 avg_spd=1.31m/s end=low_score t= 2825.7s
[TRAIN][PPO] ep=262/500 r= -500.01 avg10= -220.19 steps=2183 succ10=0.00 touch10=0.00 col10=0.60 to10=0.00 min_d= 3.79 avg_spd=1.33m/s end=low_score t= 2842.5s
[TRAIN][PPO] ep=263/500 r= -500.58 avg10= -255.51 steps=2222 succ10=0.00 touch10=0.00 col10=0.50 to10=0.00 min_d= 3.75 avg_spd=1.32m/s end=low_score t= 2860.2s
[TRAIN][PPO] ep=264/500 r=   18.08 avg10= -256.35 steps= 279 succ10=0.00 touch10=0.00 col10=0.50 to10=0.00 min_d= 3.53 avg_spd=1.76m/s end=collision t= 2863.8s
[TRAIN][PPO] ep=265/500 r= -500.58 avg10= -308.46 steps=2245 succ10=0.00 touch10=0.00 col10=0.40 to10=0.00 min_d= 3.75 avg_spd=1.32m/s end=low_score t= 2881.2s
[TRAIN][PPO] ep=266/500 r= -500.16 avg10= -361.15 steps=2236 succ10=0.00 touch10=0.00 col10=0.30 to10=0.00 min_d= 3.73 avg_spd=1.32m/s end=low_score t= 2898.9s
[TRAIN][PPO] ep=267/500 r= -500.29 avg10= -412.57 steps=2181 succ10=0.00 touch10=0.00 col10=0.20 to10=0.00 min_d= 3.80 avg_spd=1.33m/s end=low_score t= 2916.2s
[TRAIN][PPO] ep=268/500 r= -500.05 avg10= -412.57 steps=2259 succ10=0.00 touch10=0.00 col10=0.20 to10=0.00 min_d= 3.61 avg_spd=1.32m/s end=low_score t= 2935.0s
[TRAIN][PPO] ep=269/500 r= -500.33 avg10= -412.59 steps=2154 succ10=0.00 touch10=0.00 col10=0.20 to10=0.00 min_d= 3.71 avg_spd=1.33m/s end=low_score t= 2951.6s
[TRAIN][PPO] ep=270/500 r= -500.67 avg10= -448.50 steps=2185 succ10=0.00 touch10=0.00 col10=0.10 to10=0.00 min_d= 3.71 avg_spd=1.33m/s end=low_score t= 2967.8s
[TRAIN][PPO] ep=271/500 r=   13.58 avg10= -397.10 steps= 279 succ10=0.00 touch10=0.00 col10=0.20 to10=0.00 min_d= 3.52 avg_spd=1.77m/s end=collision t= 2969.9s
[TRAIN][PPO] ep=272/500 r=   20.25 avg10= -345.07 steps= 288 succ10=0.00 touch10=0.00 col10=0.30 to10=0.00 min_d= 3.53 avg_spd=1.73m/s end=collision t= 2973.1s
[TRAIN][PPO] ep=273/500 r=   17.79 avg10= -293.24 steps= 288 succ10=0.00 touch10=0.00 col10=0.40 to10=0.00 min_d= 3.52 avg_spd=1.77m/s end=collision t= 2975.5s
[TRAIN][PPO] ep=274/500 r= -500.32 avg10= -345.08 steps=2171 succ10=0.00 touch10=0.00 col10=0.30 to10=0.00 min_d= 3.76 avg_spd=1.32m/s end=low_score t= 2993.2s
[TRAIN][PPO] ep=275/500 r=   11.68 avg10= -293.85 steps= 289 succ10=0.00 touch10=0.00 col10=0.40 to10=0.00 min_d= 3.55 avg_spd=1.73m/s end=collision t= 2995.6s
[TRAIN][PPO] ep=276/500 r= -500.24 avg10= -293.86 steps=2320 succ10=0.00 touch10=0.00 col10=0.40 to10=0.00 min_d= 3.56 avg_spd=1.35m/s end=low_score t= 3015.2s
[TRAIN][PPO] ep=277/500 r= -500.67 avg10= -293.90 steps=2236 succ10=0.00 touch10=0.00 col10=0.40 to10=0.00 min_d= 3.73 avg_spd=1.31m/s end=low_score t= 3032.6s
[TRAIN][PPO] ep=278/500 r= -135.63 avg10= -257.46 steps= 916 succ10=0.00 touch10=0.00 col10=0.50 to10=0.00 min_d= 3.47 avg_spd=1.47m/s end=collision t= 3039.5s
[TRAIN][PPO] ep=279/500 r= -500.11 avg10= -257.43 steps=2192 succ10=0.00 touch10=0.00 col10=0.50 to10=0.00 min_d= 3.79 avg_spd=1.33m/s end=low_score t= 3055.9s
[TRAIN][PPO] ep=280/500 r= -500.16 avg10= -257.38 steps=2334 succ10=0.00 touch10=0.00 col10=0.50 to10=0.00 min_d= 3.50 avg_spd=1.35m/s end=low_score t= 3074.6s
[TRAIN][PPO] ep=281/500 r= -500.47 avg10= -308.79 steps=2301 succ10=0.00 touch10=0.00 col10=0.40 to10=0.00 min_d= 3.57 avg_spd=1.33m/s end=low_score t= 3091.0s
[TRAIN][PPO] ep=282/500 r=   13.05 avg10= -309.51 steps= 284 succ10=0.00 touch10=0.00 col10=0.40 to10=0.00 min_d= 3.56 avg_spd=1.73m/s end=collision t= 3093.1s
[TRAIN][PPO] ep=283/500 r= -500.47 avg10= -361.33 steps=2228 succ10=0.00 touch10=0.00 col10=0.30 to10=0.00 min_d= 3.75 avg_spd=1.33m/s end=low_score t= 3109.6s
[TRAIN][PPO] ep=284/500 r= -137.25 avg10= -325.03 steps= 921 succ10=0.00 touch10=0.00 col10=0.40 to10=0.00 min_d= 3.44 avg_spd=1.45m/s end=collision t= 3117.3s
[TRAIN][PPO] ep=285/500 r= -500.13 avg10= -376.21 steps=2311 succ10=0.00 touch10=0.00 col10=0.30 to10=0.00 min_d= 3.56 avg_spd=1.35m/s end=low_score t= 3133.8s
[TRAIN][PPO] ep=286/500 r= -500.38 avg10= -376.22 steps=2187 succ10=0.00 touch10=0.00 col10=0.30 to10=0.00 min_d= 3.79 avg_spd=1.33m/s end=low_score t= 3149.5s
[TRAIN][PPO] ep=287/500 r= -138.22 avg10= -339.98 steps= 917 succ10=0.00 touch10=0.00 col10=0.40 to10=0.00 min_d= 3.50 avg_spd=1.48m/s end=collision t= 3156.3s
[TRAIN][PPO] ep=288/500 r= -500.66 avg10= -376.48 steps=2171 succ10=0.00 touch10=0.00 col10=0.30 to10=0.00 min_d= 3.77 avg_spd=1.33m/s end=low_score t= 3174.1s
[TRAIN][PPO] ep=289/500 r= -500.55 avg10= -376.52 steps=2234 succ10=0.00 touch10=0.00 col10=0.30 to10=0.00 min_d= 3.69 avg_spd=1.32m/s end=low_score t= 3191.9s
[TRAIN][PPO] ep=290/500 r= -500.58 avg10= -376.56 steps=2204 succ10=0.00 touch10=0.00 col10=0.30 to10=0.00 min_d= 3.78 avg_spd=1.33m/s end=low_score t= 3208.1s
[TRAIN][PPO] ep=291/500 r= -296.54 avg10= -356.17 steps=1569 succ10=0.00 touch10=0.00 col10=0.40 to10=0.00 min_d= 3.46 avg_spd=1.41m/s end=collision t= 3219.4s
[TRAIN][PPO] ep=292/500 r=   18.18 avg10= -355.66 steps= 283 succ10=0.00 touch10=0.00 col10=0.40 to10=0.00 min_d= 3.50 avg_spd=1.76m/s end=collision t= 3222.8s
[TRAIN][PPO] ep=293/500 r= -131.02 avg10= -318.71 steps= 926 succ10=0.00 touch10=0.00 col10=0.50 to10=0.00 min_d= 3.41 avg_spd=1.46m/s end=collision t= 3229.4s
[TRAIN][PPO] ep=294/500 r= -500.05 avg10= -354.99 steps=2258 succ10=0.00 touch10=0.00 col10=0.40 to10=0.00 min_d= 3.67 avg_spd=1.32m/s end=low_score t= 3245.8s
[TRAIN][PPO] ep=295/500 r= -500.66 avg10= -355.05 steps=2233 succ10=0.00 touch10=0.00 col10=0.40 to10=0.00 min_d= 3.77 avg_spd=1.32m/s end=low_score t= 3263.9s
[TRAIN][PPO] ep=296/500 r= -500.67 avg10= -355.08 steps=2308 succ10=0.00 touch10=0.00 col10=0.40 to10=0.00 min_d= 3.61 avg_spd=1.34m/s end=low_score t= 3283.0s
[TRAIN][PPO] ep=297/500 r= -500.50 avg10= -391.30 steps=2200 succ10=0.00 touch10=0.00 col10=0.30 to10=0.00 min_d= 3.77 avg_spd=1.33m/s end=low_score t= 3301.2s
[TRAIN][PPO] ep=298/500 r= -282.62 avg10= -369.50 steps=1571 succ10=0.00 touch10=0.00 col10=0.40 to10=0.00 min_d= 3.48 avg_spd=1.41m/s end=collision t= 3314.0s
[TRAIN][PPO] ep=299/500 r= -500.41 avg10= -369.49 steps=2223 succ10=0.00 touch10=0.00 col10=0.40 to10=0.00 min_d= 3.70 avg_spd=1.32m/s end=low_score t= 3330.1s
[TRAIN][PPO] ep=300/500 r= -500.64 avg10= -369.49 steps=2249 succ10=0.00 touch10=0.00 col10=0.40 to10=0.00 min_d= 3.76 avg_spd=1.33m/s end=low_score t= 3349.2s ckpt=latest
[TRAIN][PPO] ep=301/500 r= -500.47 avg10= -389.89 steps=2244 succ10=0.00 touch10=0.00 col10=0.30 to10=0.00 min_d= 3.64 avg_spd=1.33m/s end=low_score t= 3365.1s
[TRAIN][PPO] ep=302/500 r= -500.52 avg10= -441.76 steps=2214 succ10=0.00 touch10=0.00 col10=0.20 to10=0.00 min_d= 3.72 avg_spd=1.32m/s end=low_score t= 3381.2s
[TRAIN][PPO] ep=303/500 r= -500.28 avg10= -478.68 steps=2149 succ10=0.00 touch10=0.00 col10=0.10 to10=0.00 min_d= 3.72 avg_spd=1.33m/s end=low_score t= 3398.1s
[TRAIN][PPO] ep=304/500 r= -284.26 avg10= -457.10 steps=1581 succ10=0.00 touch10=0.00 col10=0.20 to10=0.00 min_d= 3.44 avg_spd=1.40m/s end=collision t= 3413.1s
[TRAIN][PPO] ep=305/500 r= -500.03 avg10= -457.04 steps=2302 succ10=0.00 touch10=0.00 col10=0.20 to10=0.00 min_d= 3.53 avg_spd=1.35m/s end=low_score t= 3431.9s
[TRAIN][PPO] ep=306/500 r= -500.47 avg10= -457.02 steps=2354 succ10=0.00 touch10=0.00 col10=0.20 to10=0.00 min_d= 3.53 avg_spd=1.36m/s end=low_score t= 3451.0s
[TRAIN][PPO] ep=307/500 r= -126.14 avg10= -419.59 steps= 934 succ10=0.00 touch10=0.00 col10=0.30 to10=0.00 min_d= 3.44 avg_spd=1.49m/s end=collision t= 3458.6s
[TRAIN][PPO] ep=308/500 r= -448.25 avg10= -436.15 steps=2221 succ10=0.00 touch10=0.00 col10=0.30 to10=0.00 min_d= 3.43 avg_spd=1.39m/s end=collision t= 3478.5s
[TRAIN][PPO] ep=309/500 r= -500.21 avg10= -436.13 steps=2233 succ10=0.00 touch10=0.00 col10=0.30 to10=0.00 min_d= 3.73 avg_spd=1.33m/s end=low_score t= 3495.9s
[TRAIN][PPO] ep=310/500 r= -500.67 avg10= -436.13 steps=2329 succ10=0.00 touch10=0.00 col10=0.30 to10=0.00 min_d= 3.51 avg_spd=1.35m/s end=low_score t= 3513.1s
[TRAIN][PPO] ep=311/500 r= -500.56 avg10= -436.14 steps=2238 succ10=0.00 touch10=0.00 col10=0.30 to10=0.00 min_d= 3.71 avg_spd=1.32m/s end=low_score t= 3529.9s
[TRAIN][PPO] ep=312/500 r= -144.52 avg10= -400.54 steps= 930 succ10=0.00 touch10=0.00 col10=0.40 to10=0.00 min_d= 3.51 avg_spd=1.46m/s end=collision t= 3538.4s
[TRAIN][PPO] ep=313/500 r= -500.60 avg10= -400.57 steps=2338 succ10=0.00 touch10=0.00 col10=0.40 to10=0.00 min_d= 3.51 avg_spd=1.36m/s end=low_score t= 3555.9s
[TRAIN][PPO] ep=314/500 r= -479.51 avg10= -420.10 steps=1995 succ10=0.00 touch10=0.00 col10=0.40 to10=0.00 min_d= 3.55 avg_spd=1.36m/s end=collision t= 3570.9s
[TRAIN][PPO] ep=315/500 r= -479.26 avg10= -418.02 steps=1994 succ10=0.00 touch10=0.00 col10=0.50 to10=0.00 min_d= 3.53 avg_spd=1.36m/s end=collision t= 3586.1s
[TRAIN][PPO] ep=316/500 r= -500.55 avg10= -418.03 steps=2305 succ10=0.00 touch10=0.00 col10=0.50 to10=0.00 min_d= 3.56 avg_spd=1.36m/s end=low_score t= 3604.9s
[TRAIN][PPO] ep=317/500 r= -500.15 avg10= -455.43 steps=2294 succ10=0.00 touch10=0.00 col10=0.40 to10=0.00 min_d= 3.52 avg_spd=1.36m/s end=low_score t= 3621.5s
[TRAIN][PPO] ep=318/500 r= -500.02 avg10= -460.61 steps=2255 succ10=0.00 touch10=0.00 col10=0.30 to10=0.00 min_d= 3.69 avg_spd=1.35m/s end=low_score t= 3638.4s
[TRAIN][PPO] ep=319/500 r= -292.52 avg10= -439.84 steps=1573 succ10=0.00 touch10=0.00 col10=0.40 to10=0.00 min_d= 3.46 avg_spd=1.40m/s end=collision t= 3650.7s
[TRAIN][PPO] ep=320/500 r= -500.44 avg10= -439.81 steps=2248 succ10=0.00 touch10=0.00 col10=0.40 to10=0.00 min_d= 3.71 avg_spd=1.35m/s end=low_score t= 3670.0s
[TRAIN][PPO] ep=321/500 r= -500.13 avg10= -439.77 steps=2185 succ10=0.00 touch10=0.00 col10=0.40 to10=0.00 min_d= 3.64 avg_spd=1.34m/s end=low_score t= 3686.1s
[TRAIN][PPO] ep=322/500 r= -481.33 avg10= -473.45 steps=1992 succ10=0.00 touch10=0.00 col10=0.40 to10=0.00 min_d= 3.58 avg_spd=1.35m/s end=collision t= 3701.3s
[TRAIN][PPO] ep=323/500 r= -500.12 avg10= -473.40 steps=2273 succ10=0.00 touch10=0.00 col10=0.40 to10=0.00 min_d= 3.66 avg_spd=1.36m/s end=low_score t= 3718.4s
[TRAIN][PPO] ep=324/500 r= -500.13 avg10= -475.47 steps=2203 succ10=0.00 touch10=0.00 col10=0.30 to10=0.00 min_d= 3.72 avg_spd=1.34m/s end=low_score t= 3737.4s
[TRAIN][PPO] ep=325/500 r= -125.48 avg10= -440.09 steps= 935 succ10=0.00 touch10=0.00 col10=0.30 to10=0.00 min_d= 3.41 avg_spd=1.50m/s end=collision t= 3744.2s
[TRAIN][PPO] ep=326/500 r= -500.53 avg10= -440.09 steps=2342 succ10=0.00 touch10=0.00 col10=0.30 to10=0.00 min_d= 3.55 avg_spd=1.38m/s end=low_score t= 3761.8s
[TRAIN][PPO] ep=327/500 r= -141.71 avg10= -404.24 steps= 936 succ10=0.00 touch10=0.00 col10=0.40 to10=0.00 min_d= 3.52 avg_spd=1.45m/s end=collision t= 3769.0s
[TRAIN][PPO] ep=328/500 r= -500.01 avg10= -404.24 steps=2302 succ10=0.00 touch10=0.00 col10=0.40 to10=0.00 min_d= 3.56 avg_spd=1.36m/s end=low_score t= 3787.7s
[TRAIN][PPO] ep=329/500 r= -500.29 avg10= -425.02 steps=2196 succ10=0.00 touch10=0.00 col10=0.30 to10=0.00 min_d= 3.70 avg_spd=1.34m/s end=low_score t= 3803.9s
[TRAIN][PPO] ep=330/500 r= -500.61 avg10= -425.03 steps=2306 succ10=0.00 touch10=0.00 col10=0.30 to10=0.00 min_d= 3.52 avg_spd=1.36m/s end=low_score t= 3821.8s
[TRAIN][PPO] ep=331/500 r= -142.39 avg10= -389.26 steps= 934 succ10=0.00 touch10=0.00 col10=0.40 to10=0.00 min_d= 3.50 avg_spd=1.43m/s end=collision t= 3829.0s
[TRAIN][PPO] ep=332/500 r= -448.77 avg10= -386.00 steps=2208 succ10=0.00 touch10=0.00 col10=0.40 to10=0.00 min_d= 3.43 avg_spd=1.38m/s end=collision t= 3847.9s
[TRAIN][PPO] ep=333/500 r= -500.53 avg10= -386.04 steps=2230 succ10=0.00 touch10=0.00 col10=0.40 to10=0.00 min_d= 3.63 avg_spd=1.34m/s end=low_score t= 3866.2s
[TRAIN][PPO] ep=334/500 r= -297.40 avg10= -365.77 steps=1575 succ10=0.00 touch10=0.00 col10=0.50 to10=0.00 min_d= 3.51 avg_spd=1.42m/s end=collision t= 3878.5s
[TRAIN][PPO] ep=335/500 r= -500.34 avg10= -403.26 steps=2186 succ10=0.00 touch10=0.00 col10=0.40 to10=0.00 min_d= 3.67 avg_spd=1.35m/s end=low_score t= 3895.2s
[TRAIN][PPO] ep=336/500 r= -500.05 avg10= -403.21 steps=2351 succ10=0.00 touch10=0.00 col10=0.40 to10=0.00 min_d= 3.53 avg_spd=1.37m/s end=low_score t= 3916.9s
[TRAIN][PPO] ep=337/500 r= -500.40 avg10= -439.08 steps=2179 succ10=0.00 touch10=0.00 col10=0.30 to10=0.00 min_d= 3.70 avg_spd=1.35m/s end=low_score t= 3933.9s
[TRAIN][PPO] ep=338/500 r= -500.05 avg10= -439.08 steps=2245 succ10=0.00 touch10=0.00 col10=0.30 to10=0.00 min_d= 3.71 avg_spd=1.35m/s end=low_score t= 3951.3s
[TRAIN][PPO] ep=339/500 r= -500.33 avg10= -439.09 steps=2339 succ10=0.00 touch10=0.00 col10=0.30 to10=0.00 min_d= 3.50 avg_spd=1.37m/s end=low_score t= 3969.7s
[TRAIN][PPO] ep=340/500 r=   16.10 avg10= -387.42 steps= 276 succ10=0.00 touch10=0.00 col10=0.40 to10=0.00 min_d= 3.56 avg_spd=1.77m/s end=collision t= 3973.4s
[TRAIN][PPO] ep=341/500 r= -442.05 avg10= -417.38 steps=2205 succ10=0.00 touch10=0.00 col10=0.40 to10=0.00 min_d= 3.43 avg_spd=1.40m/s end=collision t= 3990.4s
[TRAIN][PPO] ep=342/500 r= -500.61 avg10= -422.57 steps=2230 succ10=0.00 touch10=0.00 col10=0.30 to10=0.00 min_d= 3.64 avg_spd=1.35m/s end=low_score t= 4008.3s
[TRAIN][PPO] ep=343/500 r= -138.48 avg10= -386.36 steps= 914 succ10=0.00 touch10=0.00 col10=0.40 to10=0.00 min_d= 3.52 avg_spd=1.51m/s end=collision t= 4015.4s
[TRAIN][PPO] ep=344/500 r= -500.22 avg10= -406.64 steps=2214 succ10=0.00 touch10=0.00 col10=0.30 to10=0.00 min_d= 3.65 avg_spd=1.35m/s end=low_score t= 4034.3s
[TRAIN][PPO] ep=345/500 r= -132.50 avg10= -369.86 steps= 917 succ10=0.00 touch10=0.00 col10=0.40 to10=0.00 min_d= 3.37 avg_spd=1.51m/s end=collision t= 4041.5s
[TRAIN][PPO] ep=346/500 r= -130.86 avg10= -332.94 steps= 926 succ10=0.00 touch10=0.00 col10=0.50 to10=0.00 min_d= 3.43 avg_spd=1.50m/s end=collision t= 4048.4s
[TRAIN][PPO] ep=347/500 r= -143.07 avg10= -297.21 steps= 912 succ10=0.00 touch10=0.00 col10=0.60 to10=0.00 min_d= 3.53 avg_spd=1.52m/s end=collision t= 4055.3s
[TRAIN][PPO] ep=348/500 r= -500.68 avg10= -297.27 steps=2322 succ10=0.00 touch10=0.00 col10=0.60 to10=0.00 min_d= 3.57 avg_spd=1.38m/s end=low_score t= 4075.1s
[TRAIN][PPO] ep=349/500 r= -134.47 avg10= -260.68 steps= 920 succ10=0.00 touch10=0.00 col10=0.70 to10=0.00 min_d= 3.39 avg_spd=1.53m/s end=collision t= 4082.2s
[TRAIN][PPO] ep=350/500 r=   22.17 avg10= -260.08 steps= 284 succ10=0.00 touch10=0.00 col10=0.70 to10=0.00 min_d= 3.45 avg_spd=1.83m/s end=collision t= 4084.8s
[TRAIN][PPO] ep=351/500 r= -491.96 avg10= -265.07 steps=1968 succ10=0.00 touch10=0.00 col10=0.70 to10=0.00 min_d= 3.65 avg_spd=1.35m/s end=collision t= 4100.3s
[TRAIN][PPO] ep=352/500 r=   24.96 avg10= -212.51 steps= 282 succ10=0.00 touch10=0.00 col10=0.80 to10=0.00 min_d= 3.45 avg_spd=1.77m/s end=collision t= 4103.4s
[TRAIN][PPO] ep=353/500 r=   14.83 avg10= -197.18 steps= 270 succ10=0.00 touch10=0.00 col10=0.80 to10=0.00 min_d= 3.50 avg_spd=1.87m/s end=collision t= 4105.6s
[TRAIN][PPO] ep=354/500 r= -128.88 avg10= -160.05 steps= 921 succ10=0.00 touch10=0.00 col10=0.90 to10=0.00 min_d= 3.33 avg_spd=1.52m/s end=collision t= 4113.1s
[TRAIN][PPO] ep=355/500 r=   23.48 avg10= -144.45 steps= 279 succ10=0.00 touch10=0.00 col10=0.90 to10=0.00 min_d= 3.51 avg_spd=1.87m/s end=collision t= 4115.4s
[TRAIN][PPO] ep=356/500 r= -485.31 avg10= -179.89 steps=1996 succ10=0.00 touch10=0.00 col10=0.90 to10=0.00 min_d= 3.64 avg_spd=1.37m/s end=collision t= 4131.5s
[TRAIN][PPO] ep=357/500 r= -304.42 avg10= -196.03 steps=1551 succ10=0.00 touch10=0.00 col10=0.90 to10=0.00 min_d= 3.50 avg_spd=1.46m/s end=collision t= 4142.8s
[TRAIN][PPO] ep=358/500 r=   22.12 avg10= -143.75 steps= 277 succ10=0.00 touch10=0.00 col10=1.00 to10=0.00 min_d= 3.41 avg_spd=1.81m/s end=collision t= 4144.8s
[TRAIN][PPO] ep=359/500 r= -484.87 avg10= -178.79 steps=1996 succ10=0.00 touch10=0.00 col10=1.00 to10=0.00 min_d= 3.52 avg_spd=1.38m/s end=collision t= 4159.8s
[TRAIN][PPO] ep=360/500 r= -500.27 avg10= -231.03 steps=2248 succ10=0.00 touch10=0.00 col10=0.90 to10=0.00 min_d= 3.67 avg_spd=1.37m/s end=low_score t= 4178.4s
[TRAIN][PPO] ep=361/500 r=   25.72 avg10= -179.26 steps= 285 succ10=0.00 touch10=0.00 col10=0.90 to10=0.00 min_d= 3.43 avg_spd=1.86m/s end=collision t= 4180.7s
[TRAIN][PPO] ep=362/500 r= -152.77 avg10= -197.04 steps= 906 succ10=0.00 touch10=0.00 col10=0.90 to10=0.00 min_d= 3.55 avg_spd=1.55m/s end=collision t= 4187.8s
[TRAIN][PPO] ep=363/500 r=   17.27 avg10= -196.79 steps= 270 succ10=0.00 touch10=0.00 col10=0.90 to10=0.00 min_d= 3.42 avg_spd=1.96m/s end=collision t= 4189.7s
[TRAIN][PPO] ep=364/500 r= -149.05 avg10= -198.81 steps= 904 succ10=0.00 touch10=0.00 col10=0.90 to10=0.00 min_d= 3.45 avg_spd=1.53m/s end=collision t= 4197.1s
[TRAIN][PPO] ep=365/500 r=   23.81 avg10= -198.77 steps= 284 succ10=0.00 touch10=0.00 col10=0.90 to10=0.00 min_d= 3.52 avg_spd=1.79m/s end=collision t= 4199.2s
[TRAIN][PPO] ep=366/500 r=    9.64 avg10= -149.28 steps= 264 succ10=0.00 touch10=0.00 col10=0.90 to10=0.00 min_d= 3.48 avg_spd=1.90m/s end=collision t= 4201.2s
[TRAIN][PPO] ep=367/500 r= -486.31 avg10= -167.47 steps=1979 succ10=0.00 touch10=0.00 col10=0.90 to10=0.00 min_d= 3.64 avg_spd=1.36m/s end=collision t= 4216.1s
[TRAIN][PPO] ep=368/500 r= -338.29 avg10= -203.51 steps=1740 succ10=0.00 touch10=0.00 col10=0.90 to10=0.00 min_d= 3.14 avg_spd=1.46m/s end=collision t= 4230.5s
[TRAIN][PPO] ep=369/500 r= -500.38 avg10= -205.06 steps=2269 succ10=0.00 touch10=0.00 col10=0.80 to10=0.00 min_d= 3.62 avg_spd=1.38m/s end=low_score t= 4247.7s
[TRAIN][PPO] ep=370/500 r= -500.66 avg10= -205.10 steps=2252 succ10=0.00 touch10=0.00 col10=0.80 to10=0.00 min_d= 3.63 avg_spd=1.38m/s end=low_score t= 4265.1s
[TRAIN][PPO] ep=371/500 r= -500.34 avg10= -257.71 steps=2223 succ10=0.00 touch10=0.00 col10=0.70 to10=0.00 min_d= 3.65 avg_spd=1.38m/s end=low_score t= 4282.4s
[TRAIN][PPO] ep=372/500 r=   24.57 avg10= -239.97 steps= 277 succ10=0.00 touch10=0.00 col10=0.70 to10=0.00 min_d= 3.38 avg_spd=1.82m/s end=collision t= 4286.1s
[TRAIN][PPO] ep=373/500 r=   13.79 avg10= -240.32 steps= 269 succ10=0.00 touch10=0.00 col10=0.70 to10=0.00 min_d= 3.43 avg_spd=1.92m/s end=collision t= 4288.3s
[TRAIN][PPO] ep=374/500 r=   24.10 avg10= -223.01 steps= 283 succ10=0.00 touch10=0.00 col10=0.70 to10=0.00 min_d= 3.47 avg_spd=1.87m/s end=collision t= 4290.5s
[TRAIN][PPO] ep=375/500 r=   25.58 avg10= -222.83 steps= 286 succ10=0.00 touch10=0.00 col10=0.70 to10=0.00 min_d= 3.43 avg_spd=1.89m/s end=collision t= 4292.8s
[TRAIN][PPO] ep=376/500 r=   19.46 avg10= -221.85 steps= 272 succ10=0.00 touch10=0.00 col10=0.70 to10=0.00 min_d= 3.46 avg_spd=1.87m/s end=collision t= 4295.3s
[TRAIN][PPO] ep=377/500 r=   20.59 avg10= -171.16 steps= 277 succ10=0.00 touch10=0.00 col10=0.70 to10=0.00 min_d= 3.42 avg_spd=1.89m/s end=collision t= 4297.6s
[TRAIN][PPO] ep=378/500 r= -490.33 avg10= -186.36 steps=1988 succ10=0.00 touch10=0.00 col10=0.70 to10=0.00 min_d= 3.65 avg_spd=1.36m/s end=collision t= 4313.4s
[TRAIN][PPO] ep=379/500 r= -490.62 avg10= -185.39 steps=1979 succ10=0.00 touch10=0.00 col10=0.80 to10=0.00 min_d= 3.64 avg_spd=1.36m/s end=collision t= 4328.4s
[TRAIN][PPO] ep=380/500 r=   26.76 avg10= -132.64 steps= 288 succ10=0.00 touch10=0.00 col10=0.90 to10=0.00 min_d= 3.36 avg_spd=1.81m/s end=collision t= 4331.5s
[TRAIN][PPO] ep=381/500 r= -304.16 avg10= -113.03 steps=1552 succ10=0.00 touch10=0.00 col10=1.00 to10=0.00 min_d= 3.44 avg_spd=1.46m/s end=collision t= 4342.7s
[TRAIN][PPO] ep=382/500 r=   18.23 avg10= -113.66 steps= 277 succ10=0.00 touch10=0.00 col10=1.00 to10=0.00 min_d= 3.37 avg_spd=1.92m/s end=collision t= 4344.8s
[TRAIN][PPO] ep=383/500 r=   30.05 avg10= -112.03 steps= 290 succ10=0.00 touch10=0.00 col10=1.00 to10=0.00 min_d= 3.46 avg_spd=1.79m/s end=collision t= 4347.0s
[TRAIN][PPO] ep=384/500 r=   15.98 avg10= -112.85 steps= 276 succ10=0.00 touch10=0.00 col10=1.00 to10=0.00 min_d= 3.48 avg_spd=1.92m/s end=collision t= 4349.7s
[TRAIN][PPO] ep=385/500 r= -152.44 avg10= -130.65 steps= 903 succ10=0.00 touch10=0.00 col10=1.00 to10=0.00 min_d= 3.51 avg_spd=1.56m/s end=collision t= 4356.1s
[TRAIN][PPO] ep=386/500 r=   26.14 avg10= -129.98 steps= 285 succ10=0.00 touch10=0.00 col10=1.00 to10=0.00 min_d= 3.37 avg_spd=1.83m/s end=collision t= 4358.4s
[TRAIN][PPO] ep=387/500 r=   25.26 avg10= -129.51 steps= 282 succ10=0.00 touch10=0.00 col10=1.00 to10=0.00 min_d= 3.37 avg_spd=1.88m/s end=collision t= 4360.6s
[TRAIN][PPO] ep=388/500 r=   15.02 avg10=  -78.98 steps= 267 succ10=0.00 touch10=0.00 col10=1.00 to10=0.00 min_d= 3.46 avg_spd=1.89m/s end=collision t= 4363.1s
[TRAIN][PPO] ep=389/500 r= -491.00 avg10=  -79.02 steps=1977 succ10=0.00 touch10=0.00 col10=1.00 to10=0.00 min_d= 3.56 avg_spd=1.38m/s end=collision t= 4378.3s
[TRAIN][PPO] ep=390/500 r=   17.14 avg10=  -79.98 steps= 270 succ10=0.00 touch10=0.00 col10=1.00 to10=0.00 min_d= 3.47 avg_spd=1.84m/s end=collision t= 4380.4s
[TRAIN][PPO] ep=391/500 r=   12.44 avg10=  -48.32 steps= 270 succ10=0.00 touch10=0.00 col10=1.00 to10=0.00 min_d= 3.44 avg_spd=1.90m/s end=collision t= 4382.5s
[TRAIN][PPO] ep=392/500 r= -489.03 avg10=  -99.04 steps=1974 succ10=0.00 touch10=0.00 col10=1.00 to10=0.00 min_d= 3.62 avg_spd=1.36m/s end=collision t= 4398.2s
[TRAIN][PPO] ep=393/500 r= -172.14 avg10= -119.26 steps= 909 succ10=0.00 touch10=0.00 col10=1.00 to10=0.00 min_d= 3.55 avg_spd=1.51m/s end=collision t= 4405.0s
[TRAIN][PPO] ep=394/500 r= -500.62 avg10= -170.92 steps=2287 succ10=0.00 touch10=0.00 col10=0.90 to10=0.00 min_d= 3.62 avg_spd=1.38m/s end=low_score t= 4422.4s
[TRAIN][PPO] ep=395/500 r=   16.30 avg10= -154.05 steps= 267 succ10=0.00 touch10=0.00 col10=0.90 to10=0.00 min_d= 3.43 avg_spd=1.83m/s end=collision t= 4424.3s
[TRAIN][PPO] ep=396/500 r=   10.12 avg10= -155.65 steps= 271 succ10=0.00 touch10=0.00 col10=0.90 to10=0.00 min_d= 3.45 avg_spd=1.87m/s end=collision t= 4427.1s
[TRAIN][PPO] ep=397/500 r=   23.88 avg10= -155.79 steps= 284 succ10=0.00 touch10=0.00 col10=0.90 to10=0.00 min_d= 3.35 avg_spd=1.86m/s end=collision t= 4429.3s
[TRAIN][PPO] ep=398/500 r=   12.54 avg10= -156.04 steps= 268 succ10=0.00 touch10=0.00 col10=0.90 to10=0.00 min_d= 3.41 avg_spd=1.93m/s end=collision t= 4431.4s
[TRAIN][PPO] ep=399/500 r=    8.81 avg10= -106.06 steps= 268 succ10=0.00 touch10=0.00 col10=0.90 to10=0.00 min_d= 3.54 avg_spd=1.91m/s end=collision t= 4433.4s
[TRAIN][PPO] ep=400/500 r= -490.83 avg10= -156.85 steps=1986 succ10=0.00 touch10=0.00 col10=0.90 to10=0.00 min_d= 3.64 avg_spd=1.36m/s end=collision t= 4448.8s ckpt=latest
[TRAIN][PPO] ep=401/500 r=   10.07 avg10= -157.09 steps= 269 succ10=0.00 touch10=0.00 col10=0.90 to10=0.00 min_d= 3.47 avg_spd=2.01m/s end=collision t= 4450.9s
[TRAIN][PPO] ep=402/500 r=   -7.47 avg10= -108.93 steps= 267 succ10=0.00 touch10=0.00 col10=0.90 to10=0.00 min_d= 3.59 avg_spd=1.87m/s end=collision t= 4453.0s
[TRAIN][PPO] ep=403/500 r= -489.93 avg10= -140.71 steps=1990 succ10=0.00 touch10=0.00 col10=0.90 to10=0.00 min_d= 3.65 avg_spd=1.37m/s end=collision t= 4467.8s
[TRAIN][PPO] ep=404/500 r=   10.91 avg10=  -89.56 steps= 266 succ10=0.00 touch10=0.00 col10=1.00 to10=0.00 min_d= 3.48 avg_spd=1.94m/s end=collision t= 4470.4s
[TRAIN][PPO] ep=405/500 r=   25.41 avg10=  -88.65 steps= 282 succ10=0.00 touch10=0.00 col10=1.00 to10=0.00 min_d= 3.38 avg_spd=1.84m/s end=collision t= 4472.4s
[TRAIN][PPO] ep=406/500 r=   27.15 avg10=  -86.95 steps= 280 succ10=0.00 touch10=0.00 col10=1.00 to10=0.00 min_d= 3.40 avg_spd=1.80m/s end=collision t= 4474.6s
[TRAIN][PPO] ep=407/500 r=   27.60 avg10=  -86.58 steps= 285 succ10=0.00 touch10=0.00 col10=1.00 to10=0.00 min_d= 3.45 avg_spd=1.88m/s end=collision t= 4476.8s
[TRAIN][PPO] ep=408/500 r=   14.69 avg10=  -86.36 steps= 264 succ10=0.00 touch10=0.00 col10=1.00 to10=0.00 min_d= 3.42 avg_spd=1.94m/s end=collision t= 4479.2s
[TRAIN][PPO] ep=409/500 r= -494.22 avg10= -136.66 steps=1982 succ10=0.00 touch10=0.00 col10=1.00 to10=0.00 min_d= 3.62 avg_spd=1.37m/s end=collision t= 4493.8s
[TRAIN][PPO] ep=410/500 r= -488.29 avg10= -136.41 steps=2002 succ10=0.00 touch10=0.00 col10=1.00 to10=0.00 min_d= 3.64 avg_spd=1.37m/s end=collision t= 4509.0s
[TRAIN][PPO] ep=411/500 r= -164.81 avg10= -153.90 steps= 895 succ10=0.00 touch10=0.00 col10=1.00 to10=0.00 min_d= 3.47 avg_spd=1.56m/s end=collision t= 4515.8s
[TRAIN][PPO] ep=412/500 r= -303.98 avg10= -183.55 steps=1551 succ10=0.00 touch10=0.00 col10=1.00 to10=0.00 min_d= 3.38 avg_spd=1.46m/s end=collision t= 4528.5s
[TRAIN][PPO] ep=413/500 r=   15.63 avg10= -132.99 steps= 274 succ10=0.00 touch10=0.00 col10=1.00 to10=0.00 min_d= 3.50 avg_spd=1.92m/s end=collision t= 4530.5s
[TRAIN][PPO] ep=414/500 r=   14.51 avg10= -132.63 steps= 266 succ10=0.00 touch10=0.00 col10=1.00 to10=0.00 min_d= 3.42 avg_spd=1.91m/s end=collision t= 4532.5s
[TRAIN][PPO] ep=415/500 r=   20.77 avg10= -133.09 steps= 279 succ10=0.00 touch10=0.00 col10=1.00 to10=0.00 min_d= 3.44 avg_spd=1.84m/s end=collision t= 4534.5s
[TRAIN][PPO] ep=416/500 r=   13.93 avg10= -134.42 steps= 269 succ10=0.00 touch10=0.00 col10=1.00 to10=0.00 min_d= 3.48 avg_spd=2.00m/s end=collision t= 4536.9s
[TRAIN][PPO] ep=417/500 r= -293.90 avg10= -166.57 steps=1560 succ10=0.00 touch10=0.00 col10=1.00 to10=0.00 min_d= 3.32 avg_spd=1.47m/s end=collision t= 4548.8s
[TRAIN][PPO] ep=418/500 r=   19.15 avg10= -166.12 steps= 275 succ10=0.00 touch10=0.00 col10=1.00 to10=0.00 min_d= 3.44 avg_spd=1.95m/s end=collision t= 4550.8s
[TRAIN][PPO] ep=419/500 r=    3.63 avg10= -116.34 steps= 267 succ10=0.00 touch10=0.00 col10=1.00 to10=0.00 min_d= 3.49 avg_spd=2.04m/s end=collision t= 4552.9s
[TRAIN][PPO] ep=420/500 r=   11.72 avg10=  -66.34 steps= 263 succ10=0.00 touch10=0.00 col10=1.00 to10=0.00 min_d= 3.47 avg_spd=1.92m/s end=collision t= 4555.6s
[TRAIN][PPO] ep=421/500 r=   13.31 avg10=  -48.52 steps= 270 succ10=0.00 touch10=0.00 col10=1.00 to10=0.00 min_d= 3.49 avg_spd=2.03m/s end=collision t= 4557.6s
[TRAIN][PPO] ep=422/500 r= -309.00 avg10=  -49.03 steps=1547 succ10=0.00 touch10=0.00 col10=1.00 to10=0.00 min_d= 3.39 avg_spd=1.46m/s end=collision t= 4569.4s
[TRAIN][PPO] ep=423/500 r=   22.86 avg10=  -48.30 steps= 283 succ10=0.00 touch10=0.00 col10=1.00 to10=0.00 min_d= 3.39 avg_spd=1.83m/s end=collision t= 4571.5s
[TRAIN][PPO] ep=424/500 r=    1.94 avg10=  -49.56 steps= 260 succ10=0.00 touch10=0.00 col10=1.00 to10=0.00 min_d= 3.52 avg_spd=1.89m/s end=collision t= 4574.5s
[TRAIN][PPO] ep=425/500 r=   24.16 avg10=  -49.22 steps= 276 succ10=0.00 touch10=0.00 col10=1.00 to10=0.00 min_d= 3.39 avg_spd=1.87m/s end=collision t= 4576.4s
[TRAIN][PPO] ep=426/500 r=   20.85 avg10=  -48.53 steps= 281 succ10=0.00 touch10=0.00 col10=1.00 to10=0.00 min_d= 3.45 avg_spd=1.85m/s end=collision t= 4578.4s
[TRAIN][PPO] ep=427/500 r=   13.94 avg10=  -17.74 steps= 267 succ10=0.00 touch10=0.00 col10=1.00 to10=0.00 min_d= 3.52 avg_spd=1.96m/s end=collision t= 4580.5s
[TRAIN][PPO] ep=428/500 r=   23.65 avg10=  -17.29 steps= 286 succ10=0.00 touch10=0.00 col10=1.00 to10=0.00 min_d= 3.42 avg_spd=1.79m/s end=collision t= 4583.1s
[TRAIN][PPO] ep=429/500 r=   27.18 avg10=  -14.94 steps= 286 succ10=0.00 touch10=0.00 col10=1.00 to10=0.00 min_d= 3.47 avg_spd=1.83m/s end=collision t= 4585.2s
[TRAIN][PPO] ep=430/500 r=   23.32 avg10=  -13.78 steps= 285 succ10=0.00 touch10=0.00 col10=1.00 to10=0.00 min_d= 3.37 avg_spd=1.89m/s end=collision t= 4587.4s
[TRAIN][PPO] ep=431/500 r=   23.00 avg10=  -12.81 steps= 279 succ10=0.00 touch10=0.00 col10=1.00 to10=0.00 min_d= 3.44 avg_spd=1.87m/s end=collision t= 4589.6s
[TRAIN][PPO] ep=432/500 r=   25.23 avg10=   20.61 steps= 282 succ10=0.00 touch10=0.00 col10=1.00 to10=0.00 min_d= 3.36 avg_spd=1.83m/s end=collision t= 4592.1s
[TRAIN][PPO] ep=433/500 r=    9.29 avg10=   19.26 steps= 271 succ10=0.00 touch10=0.00 col10=1.00 to10=0.00 min_d= 3.39 avg_spd=1.99m/s end=collision t= 4594.1s
[TRAIN][PPO] ep=434/500 r=    8.05 avg10=   19.87 steps= 261 succ10=0.00 touch10=0.00 col10=1.00 to10=0.00 min_d= 3.43 avg_spd=1.91m/s end=collision t= 4596.0s
[TRAIN][PPO] ep=435/500 r=    2.27 avg10=   17.68 steps= 262 succ10=0.00 touch10=0.00 col10=1.00 to10=0.00 min_d= 3.55 avg_spd=2.02m/s end=collision t= 4597.9s
[TRAIN][PPO] ep=436/500 r=    8.18 avg10=   16.41 steps= 263 succ10=0.00 touch10=0.00 col10=1.00 to10=0.00 min_d= 3.55 avg_spd=1.96m/s end=collision t= 4600.1s
[TRAIN][PPO] ep=437/500 r=    9.88 avg10=   16.01 steps= 267 succ10=0.00 touch10=0.00 col10=1.00 to10=0.00 min_d= 3.55 avg_spd=1.93m/s end=collision t= 4601.9s
[TRAIN][PPO] ep=438/500 r=   16.76 avg10=   15.32 steps= 276 succ10=0.00 touch10=0.00 col10=1.00 to10=0.00 min_d= 3.43 avg_spd=1.86m/s end=collision t= 4603.8s
[TRAIN][PPO] ep=439/500 r= -341.44 avg10=  -21.55 steps=1362 succ10=0.00 touch10=0.00 col10=1.00 to10=0.00 min_d= 3.65 avg_spd=1.40m/s end=collision t= 4613.4s
[TRAIN][PPO] ep=440/500 r= -159.54 avg10=  -39.83 steps= 903 succ10=0.00 touch10=0.00 col10=1.00 to10=0.00 min_d= 3.54 avg_spd=1.57m/s end=collision t= 4619.8s
[TRAIN][PPO] ep=441/500 r=   27.87 avg10=  -39.34 steps= 285 succ10=0.00 touch10=0.00 col10=1.00 to10=0.00 min_d= 3.39 avg_spd=1.83m/s end=collision t= 4621.6s
[TRAIN][PPO] ep=442/500 r=   10.14 avg10=  -40.85 steps= 265 succ10=0.00 touch10=0.00 col10=1.00 to10=0.00 min_d= 3.48 avg_spd=1.93m/s end=collision t= 4623.4s
[TRAIN][PPO] ep=443/500 r=   25.36 avg10=  -39.25 steps= 280 succ10=0.00 touch10=0.00 col10=1.00 to10=0.00 min_d= 3.45 avg_spd=1.81m/s end=collision t= 4625.3s
[TRAIN][PPO] ep=444/500 r=   22.84 avg10=  -37.77 steps= 282 succ10=0.00 touch10=0.00 col10=1.00 to10=0.00 min_d= 3.36 avg_spd=1.92m/s end=collision t= 4627.5s
[TRAIN][PPO] ep=445/500 r=   25.69 avg10=  -35.43 steps= 285 succ10=0.00 touch10=0.00 col10=1.00 to10=0.00 min_d= 3.35 avg_spd=1.87m/s end=collision t= 4629.4s
[TRAIN][PPO] ep=446/500 r=   -2.10 avg10=  -36.45 steps= 255 succ10=0.00 touch10=0.00 col10=1.00 to10=0.00 min_d= 3.55 avg_spd=2.03m/s end=collision t= 4631.3s
[TRAIN][PPO] ep=447/500 r=   -9.52 avg10=  -38.39 steps= 253 succ10=0.00 touch10=0.00 col10=1.00 to10=0.00 min_d= 3.51 avg_spd=2.05m/s end=collision t= 4633.0s
[TRAIN][PPO] ep=448/500 r=   -5.29 avg10=  -40.60 steps= 256 succ10=0.00 touch10=0.00 col10=1.00 to10=0.00 min_d= 3.51 avg_spd=2.04m/s end=collision t= 4635.0s
[TRAIN][PPO] ep=449/500 r=   14.14 avg10=   -5.04 steps= 268 succ10=0.00 touch10=0.00 col10=1.00 to10=0.00 min_d= 3.43 avg_spd=1.96m/s end=collision t= 4636.9s
[TRAIN][PPO] ep=450/500 r=    5.37 avg10=   11.45 steps= 270 succ10=0.00 touch10=0.00 col10=1.00 to10=0.00 min_d= 3.53 avg_spd=1.97m/s end=collision t= 4638.8s
[TRAIN][PPO] ep=451/500 r=   -6.25 avg10=    8.04 steps= 258 succ10=0.00 touch10=0.00 col10=1.00 to10=0.00 min_d= 3.54 avg_spd=2.01m/s end=collision t= 4640.7s
[TRAIN][PPO] ep=452/500 r=   15.74 avg10=    8.60 steps= 273 succ10=0.00 touch10=0.00 col10=1.00 to10=0.00 min_d= 3.41 avg_spd=1.91m/s end=collision t= 4642.9s
[TRAIN][PPO] ep=453/500 r=   -1.82 avg10=    5.88 steps= 260 succ10=0.00 touch10=0.00 col10=1.00 to10=0.00 min_d= 3.51 avg_spd=1.94m/s end=collision t= 4644.7s
[TRAIN][PPO] ep=454/500 r=   22.70 avg10=    5.87 steps= 278 succ10=0.00 touch10=0.00 col10=1.00 to10=0.00 min_d= 3.50 avg_spd=1.87m/s end=collision t= 4646.7s
[TRAIN][PPO] ep=455/500 r=   13.26 avg10=    4.62 steps= 271 succ10=0.00 touch10=0.00 col10=1.00 to10=0.00 min_d= 3.51 avg_spd=1.94m/s end=collision t= 4648.7s
[TRAIN][PPO] ep=456/500 r=   25.50 avg10=    7.38 steps= 283 succ10=0.00 touch10=0.00 col10=1.00 to10=0.00 min_d= 3.39 avg_spd=1.92m/s end=collision t= 4650.8s
[TRAIN][PPO] ep=457/500 r=   26.06 avg10=   10.94 steps= 280 succ10=0.00 touch10=0.00 col10=1.00 to10=0.00 min_d= 3.47 avg_spd=1.88m/s end=collision t= 4652.7s
[TRAIN][PPO] ep=458/500 r=   24.70 avg10=   13.94 steps= 278 succ10=0.00 touch10=0.00 col10=1.00 to10=0.00 min_d= 3.45 avg_spd=1.88m/s end=collision t= 4654.7s
[TRAIN][PPO] ep=459/500 r=   22.07 avg10=   14.73 steps= 277 succ10=0.00 touch10=0.00 col10=1.00 to10=0.00 min_d= 3.38 avg_spd=1.92m/s end=collision t= 4656.7s
[TRAIN][PPO] ep=460/500 r=   -7.41 avg10=   13.46 steps= 260 succ10=0.00 touch10=0.00 col10=1.00 to10=0.00 min_d= 3.56 avg_spd=1.99m/s end=collision t= 4658.7s
[TRAIN][PPO] ep=461/500 r=   30.74 avg10=   17.15 steps= 293 succ10=0.00 touch10=0.00 col10=1.00 to10=0.00 min_d= 3.41 avg_spd=1.83m/s end=collision t= 4660.6s
[TRAIN][PPO] ep=462/500 r=   21.26 avg10=   17.71 steps= 271 succ10=0.00 touch10=0.00 col10=1.00 to10=0.00 min_d= 3.45 avg_spd=1.91m/s end=collision t= 4662.4s
[TRAIN][PPO] ep=463/500 r=   13.98 avg10=   19.29 steps= 270 succ10=0.00 touch10=0.00 col10=1.00 to10=0.00 min_d= 3.38 avg_spd=2.01m/s end=collision t= 4664.2s
[TRAIN][PPO] ep=464/500 r=    2.55 avg10=   17.27 steps= 260 succ10=0.00 touch10=0.00 col10=1.00 to10=0.00 min_d= 3.57 avg_spd=1.97m/s end=collision t= 4666.4s
[TRAIN][PPO] ep=465/500 r=    4.63 avg10=   16.41 steps= 257 succ10=0.00 touch10=0.00 col10=1.00 to10=0.00 min_d= 3.51 avg_spd=1.92m/s end=collision t= 4668.3s
[TRAIN][PPO] ep=466/500 r=    1.90 avg10=   14.05 steps= 259 succ10=0.00 touch10=0.00 col10=1.00 to10=0.00 min_d= 3.41 avg_spd=2.03m/s end=collision t= 4670.1s
[TRAIN][PPO] ep=467/500 r=   18.29 avg10=   13.27 steps= 272 succ10=0.00 touch10=0.00 col10=1.00 to10=0.00 min_d= 3.42 avg_spd=1.91m/s end=collision t= 4671.9s
[TRAIN][PPO] ep=468/500 r=   28.54 avg10=   13.65 steps= 287 succ10=0.00 touch10=0.00 col10=1.00 to10=0.00 min_d= 3.42 avg_spd=1.87m/s end=collision t= 4674.2s
[TRAIN][PPO] ep=469/500 r=    7.29 avg10=   12.18 steps= 258 succ10=0.00 touch10=0.00 col10=1.00 to10=0.00 min_d= 3.48 avg_spd=1.97m/s end=collision t= 4675.8s
[TRAIN][PPO] ep=470/500 r=   12.31 avg10=   14.15 steps= 272 succ10=0.00 touch10=0.00 col10=1.00 to10=0.00 min_d= 3.50 avg_spd=2.00m/s end=collision t= 4677.5s
[TRAIN][PPO] ep=471/500 r=   30.88 avg10=   14.16 steps= 289 succ10=0.00 touch10=0.00 col10=1.00 to10=0.00 min_d= 3.34 avg_spd=1.94m/s end=collision t= 4679.7s
[TRAIN][PPO] ep=472/500 r=    5.46 avg10=   12.58 steps= 260 succ10=0.00 touch10=0.00 col10=1.00 to10=0.00 min_d= 3.54 avg_spd=1.94m/s end=collision t= 4681.8s
[TRAIN][PPO] ep=473/500 r=   22.19 avg10=   13.40 steps= 272 succ10=0.00 touch10=0.00 col10=1.00 to10=0.00 min_d= 3.40 avg_spd=1.98m/s end=collision t= 4683.7s
[TRAIN][PPO] ep=474/500 r=   22.47 avg10=   15.40 steps= 275 succ10=0.00 touch10=0.00 col10=1.00 to10=0.00 min_d= 3.45 avg_spd=1.91m/s end=collision t= 4685.6s
[TRAIN][PPO] ep=475/500 r=    0.65 avg10=   15.00 steps= 258 succ10=0.00 touch10=0.00 col10=1.00 to10=0.00 min_d= 3.48 avg_spd=1.98m/s end=collision t= 4687.5s
[TRAIN][PPO] ep=476/500 r=    4.98 avg10=   15.31 steps= 263 succ10=0.00 touch10=0.00 col10=1.00 to10=0.00 min_d= 3.50 avg_spd=2.05m/s end=collision t= 4689.7s
[TRAIN][PPO] ep=477/500 r=   29.29 avg10=   16.41 steps= 291 succ10=0.00 touch10=0.00 col10=1.00 to10=0.00 min_d= 3.46 avg_spd=1.83m/s end=collision t= 4691.7s
[TRAIN][PPO] ep=478/500 r=   22.67 avg10=   15.82 steps= 278 succ10=0.00 touch10=0.00 col10=1.00 to10=0.00 min_d= 3.48 avg_spd=1.95m/s end=collision t= 4693.6s
[TRAIN][PPO] ep=479/500 r=   -6.09 avg10=   14.48 steps= 258 succ10=0.00 touch10=0.00 col10=1.00 to10=0.00 min_d= 3.46 avg_spd=2.01m/s end=collision t= 4695.4s
[TRAIN][PPO] ep=480/500 r=   18.16 avg10=   15.07 steps= 277 succ10=0.00 touch10=0.00 col10=1.00 to10=0.00 min_d= 3.46 avg_spd=1.88m/s end=collision t= 4697.7s
[TRAIN][PPO] ep=481/500 r=   23.39 avg10=   14.32 steps= 279 succ10=0.00 touch10=0.00 col10=1.00 to10=0.00 min_d= 3.37 avg_spd=1.92m/s end=collision t= 4699.7s
[TRAIN][PPO] ep=482/500 r=   10.72 avg10=   14.84 steps= 265 succ10=0.00 touch10=0.00 col10=1.00 to10=0.00 min_d= 3.44 avg_spd=2.05m/s end=collision t= 4701.6s
[TRAIN][PPO] ep=483/500 r=   13.22 avg10=   13.95 steps= 268 succ10=0.00 touch10=0.00 col10=1.00 to10=0.00 min_d= 3.50 avg_spd=2.01m/s end=collision t= 4703.6s
[TRAIN][PPO] ep=484/500 r=   11.25 avg10=   12.82 steps= 272 succ10=0.00 touch10=0.00 col10=1.00 to10=0.00 min_d= 3.48 avg_spd=2.05m/s end=collision t= 4705.8s
[TRAIN][PPO] ep=485/500 r=   25.33 avg10=   15.29 steps= 282 succ10=0.00 touch10=0.00 col10=1.00 to10=0.00 min_d= 3.39 avg_spd=1.81m/s end=collision t= 4707.9s
[TRAIN][PPO] ep=486/500 r=   27.29 avg10=   17.52 steps= 281 succ10=0.00 touch10=0.00 col10=1.00 to10=0.00 min_d= 3.40 avg_spd=1.86m/s end=collision t= 4710.0s
[TRAIN][PPO] ep=487/500 r=   14.27 avg10=   16.02 steps= 269 succ10=0.00 touch10=0.00 col10=1.00 to10=0.00 min_d= 3.37 avg_spd=2.00m/s end=collision t= 4711.9s
[TRAIN][PPO] ep=488/500 r=    8.54 avg10=   14.61 steps= 262 succ10=0.00 touch10=0.00 col10=1.00 to10=0.00 min_d= 3.39 avg_spd=1.99m/s end=collision t= 4714.0s
[TRAIN][PPO] ep=489/500 r=   29.93 avg10=   18.21 steps= 295 succ10=0.00 touch10=0.00 col10=1.00 to10=0.00 min_d= 3.45 avg_spd=1.79m/s end=collision t= 4716.1s
[TRAIN][PPO] ep=490/500 r=   28.44 avg10=   19.24 steps= 288 succ10=0.00 touch10=0.00 col10=1.00 to10=0.00 min_d= 3.39 avg_spd=1.87m/s end=collision t= 4718.2s
[TRAIN][PPO] ep=491/500 r=   11.40 avg10=   18.04 steps= 264 succ10=0.00 touch10=0.00 col10=1.00 to10=0.00 min_d= 3.42 avg_spd=2.00m/s end=collision t= 4720.0s
[TRAIN][PPO] ep=492/500 r=   10.68 avg10=   18.04 steps= 261 succ10=0.00 touch10=0.00 col10=1.00 to10=0.00 min_d= 3.40 avg_spd=2.01m/s end=collision t= 4722.2s
[TRAIN][PPO] ep=493/500 r=   26.88 avg10=   19.40 steps= 289 succ10=0.00 touch10=0.00 col10=1.00 to10=0.00 min_d= 3.39 avg_spd=1.83m/s end=collision t= 4724.1s
[TRAIN][PPO] ep=494/500 r=   17.44 avg10=   20.02 steps= 273 succ10=0.00 touch10=0.00 col10=1.00 to10=0.00 min_d= 3.35 avg_spd=2.02m/s end=collision t= 4726.1s
[TRAIN][PPO] ep=495/500 r=    5.37 avg10=   18.02 steps= 271 succ10=0.00 touch10=0.00 col10=1.00 to10=0.00 min_d= 3.38 avg_spd=2.00m/s end=collision t= 4727.9s
[TRAIN][PPO] ep=496/500 r=   61.95 avg10=   21.49 steps= 406 succ10=0.00 touch10=0.00 col10=1.00 to10=0.00 min_d= 3.06 avg_spd=1.93m/s end=collision t= 4731.0s ckpt=best
[TRAIN][PPO] ep=497/500 r=   33.14 avg10=   23.38 steps= 402 succ10=0.00 touch10=0.00 col10=1.00 to10=0.00 min_d= 3.11 avg_spd=1.96m/s end=collision t= 4733.6s
[TRAIN][PPO] ep=498/500 r=   22.79 avg10=   24.80 steps= 278 succ10=0.00 touch10=0.00 col10=1.00 to10=0.00 min_d= 3.41 avg_spd=2.01m/s end=collision t= 4735.5s
[TRAIN][PPO] ep=499/500 r=    8.98 avg10=   22.71 steps= 264 succ10=0.00 touch10=0.00 col10=1.00 to10=0.00 min_d= 3.38 avg_spd=2.01m/s end=collision t= 4737.3s
INFO: PPO: Terminating.
[RUN] completed stage checkpoint=/uio/hume/student-u79/esbrovol/fys5429/DRL-Obstacle-Avoidance/controllers/PPO/checkpoints/moving_20260531_230822_step03_partial_moving_5_lstm_seed05_stage01_train_11_partial_moving/final_moving_20260531_230822_step03_partial_moving_5_lstm_seed05_stage01_train_11_partial_moving.pth
[RUN] curriculum complete arch=lstm seed=5
[MOVING] completed stage checkpoint=/uio/hume/student-u79/esbrovol/fys5429/DRL-Obstacle-Avoidance/controllers/PPO/checkpoints/moving_20260531_230822_step03_partial_moving_5_lstm_seed05_stage01_train_11_partial_moving/final_moving_20260531_230822_step03_partial_moving_5_lstm_seed05_stage01_train_11_partial_moving.pth
[MOVING] stage=4/5 name=all_moving
[MOVING] resume_from=/uio/hume/student-u79/esbrovol/fys5429/DRL-Obstacle-Avoidance/controllers/PPO/checkpoints/moving_20260531_230822_step03_partial_moving_5_lstm_seed05_stage01_train_11_partial_moving/final_moving_20260531_230822_step03_partial_moving_5_lstm_seed05_stage01_train_11_partial_moving.pth
[MOVING] command=/uio/hume/student-u79/esbrovol/fys5429/DRL-Obstacle-Avoidance/venv/bin/python controllers/run.py worker --arch lstm --seed 5 --run-group moving_20260531_230822_step04_all_moving --resume-from /uio/hume/student-u79/esbrovol/fys5429/DRL-Obstacle-Avoidance/controllers/PPO/checkpoints/moving_20260531_230822_step03_partial_moving_5_lstm_seed05_stage01_train_11_partial_moving/final_moving_20260531_230822_step03_partial_moving_5_lstm_seed05_stage01_train_11_partial_moving.pth --worlds worlds/training/train_12_all_moving.wbt --moving-obstacle-indices all
[RUN] arch=lstm seed=5 stage=1/1 world=/uio/hume/student-u79/esbrovol/fys5429/DRL-Obstacle-Avoidance/worlds/training/train_12_all_moving.wbt
[RUN] resuming from /uio/hume/student-u79/esbrovol/fys5429/DRL-Obstacle-Avoidance/controllers/PPO/checkpoints/moving_20260531_230822_step03_partial_moving_5_lstm_seed05_stage01_train_11_partial_moving/final_moving_20260531_230822_step03_partial_moving_5_lstm_seed05_stage01_train_11_partial_moving.pth
INFO: PPO: Starting controller: python3 -u PPO.py
[PPO] Using architecture: LSTM
[PPO] Loaded architecture: LSTM
[TRAIN][PPO] arch=LSTM weights_dir=/uio/hume/student-u79/esbrovol/fys5429/DRL-Obstacle-Avoidance/controllers/PPO/checkpoints/moving_20260531_230822_step04_all_moving_lstm_seed05_stage01_train_12_all_moving final=/uio/hume/student-u79/esbrovol/fys5429/DRL-Obstacle-Avoidance/controllers/PPO/checkpoints/moving_20260531_230822_step04_all_moving_lstm_seed05_stage01_train_12_all_moving/final_moving_20260531_230822_step04_all_moving_lstm_seed05_stage01_train_12_all_moving.pth
[TRAIN][PPO] episodes=500 update_every=4 obs=31 act=2 cell=LSTM seq=32 burn_in=8
[TRAIN][PPO] ep=001/500 r=   26.25 avg10=   26.25 steps= 275 succ10=0.00 touch10=0.00 col10=1.00 to10=0.00 min_d= 3.33 avg_spd=1.95m/s end=collision t=    2.2s ckpt=best
[TRAIN][PPO] ep=002/500 r=   -4.15 avg10=   11.05 steps= 159 succ10=0.00 touch10=0.00 col10=1.00 to10=0.00 min_d= 3.64 avg_spd=1.75m/s end=collision t=    3.3s
[TRAIN][PPO] ep=003/500 r=   -2.28 avg10=    6.61 steps= 180 succ10=0.00 touch10=0.00 col10=1.00 to10=0.00 min_d= 3.65 avg_spd=2.00m/s end=collision t=    4.5s
[TRAIN][PPO] ep=004/500 r=   18.71 avg10=    9.63 steps= 270 succ10=0.00 touch10=0.00 col10=1.00 to10=0.00 min_d= 3.42 avg_spd=2.02m/s end=collision t=    6.8s
[TRAIN][PPO] ep=005/500 r= -114.13 avg10=  -15.12 steps= 927 succ10=0.00 touch10=0.00 col10=1.00 to10=0.00 min_d= 3.34 avg_spd=1.56m/s end=collision t=   13.2s
[TRAIN][PPO] ep=006/500 r=   26.77 avg10=   -8.14 steps= 272 succ10=0.00 touch10=0.00 col10=1.00 to10=0.00 min_d= 3.39 avg_spd=1.92m/s end=collision t=   15.3s ckpt=best
[TRAIN][PPO] ep=007/500 r= -115.50 avg10=  -23.48 steps= 926 succ10=0.00 touch10=0.00 col10=1.00 to10=0.00 min_d= 3.37 avg_spd=1.54m/s end=collision t=   21.7s
[TRAIN][PPO] ep=008/500 r=   -7.84 avg10=  -21.52 steps= 144 succ10=0.00 touch10=0.00 col10=1.00 to10=0.00 min_d= 3.74 avg_spd=1.67m/s end=collision t=   23.3s
[TRAIN][PPO] ep=009/500 r=    4.42 avg10=  -18.64 steps= 187 succ10=0.00 touch10=0.00 col10=1.00 to10=0.00 min_d= 3.55 avg_spd=1.76m/s end=collision t=   24.6s
[TRAIN][PPO] ep=010/500 r=    0.75 avg10=  -16.70 steps= 181 succ10=0.00 touch10=0.00 col10=1.00 to10=0.00 min_d= 3.65 avg_spd=2.03m/s end=collision t=   25.9s
[TRAIN][PPO] ep=011/500 r=   -1.22 avg10=  -19.45 steps= 169 succ10=0.00 touch10=0.00 col10=1.00 to10=0.00 min_d= 3.56 avg_spd=1.96m/s end=collision t=   27.0s
[TRAIN][PPO] ep=012/500 r=    1.90 avg10=  -18.84 steps= 199 succ10=0.00 touch10=0.00 col10=1.00 to10=0.00 min_d= 3.65 avg_spd=2.01m/s end=collision t=   28.6s
[TRAIN][PPO] ep=013/500 r=   25.15 avg10=  -16.10 steps= 277 succ10=0.00 touch10=0.00 col10=1.00 to10=0.00 min_d= 3.33 avg_spd=1.92m/s end=collision t=   30.5s
[TRAIN][PPO] ep=014/500 r=   -3.65 avg10=  -18.34 steps= 165 succ10=0.00 touch10=0.00 col10=1.00 to10=0.00 min_d= 3.65 avg_spd=1.62m/s end=collision t=   31.8s
[TRAIN][PPO] ep=015/500 r=   24.88 avg10=   -4.43 steps= 269 succ10=0.00 touch10=0.00 col10=1.00 to10=0.00 min_d= 3.43 avg_spd=1.91m/s end=collision t=   33.8s
[TRAIN][PPO] ep=016/500 r=   22.70 avg10=   -4.84 steps= 276 succ10=0.00 touch10=0.00 col10=1.00 to10=0.00 min_d= 3.34 avg_spd=2.00m/s end=collision t=   36.1s
[TRAIN][PPO] ep=017/500 r=  -11.16 avg10=    5.59 steps= 135 succ10=0.00 touch10=0.00 col10=1.00 to10=0.00 min_d= 3.75 avg_spd=1.61m/s end=collision t=   37.1s
[TRAIN][PPO] ep=018/500 r=   -1.86 avg10=    6.19 steps= 191 succ10=0.00 touch10=0.00 col10=1.00 to10=0.00 min_d= 3.65 avg_spd=1.98m/s end=collision t=   38.5s
[TRAIN][PPO] ep=019/500 r=   22.12 avg10=    7.96 steps= 275 succ10=0.00 touch10=0.00 col10=1.00 to10=0.00 min_d= 3.37 avg_spd=1.99m/s end=collision t=   40.4s
[TRAIN][PPO] ep=020/500 r=   18.81 avg10=    9.77 steps= 274 succ10=0.00 touch10=0.00 col10=1.00 to10=0.00 min_d= 3.37 avg_spd=1.99m/s end=collision t=   42.6s
[TRAIN][PPO] ep=021/500 r=   -5.84 avg10=    9.30 steps= 151 succ10=0.00 touch10=0.00 col10=1.00 to10=0.00 min_d= 3.63 avg_spd=1.70m/s end=collision t=   43.7s
[TRAIN][PPO] ep=022/500 r=   -0.56 avg10=    9.06 steps= 168 succ10=0.00 touch10=0.00 col10=1.00 to10=0.00 min_d= 3.65 avg_spd=1.90m/s end=collision t=   45.0s
[TRAIN][PPO] ep=023/500 r=   -6.71 avg10=    5.87 steps= 142 succ10=0.00 touch10=0.00 col10=1.00 to10=0.00 min_d= 3.64 avg_spd=1.82m/s end=collision t=   46.1s
[TRAIN][PPO] ep=024/500 r=   -3.73 avg10=    5.87 steps= 167 succ10=0.00 touch10=0.00 col10=1.00 to10=0.00 min_d= 3.62 avg_spd=2.02m/s end=collision t=   47.6s
[TRAIN][PPO] ep=025/500 r=   -3.07 avg10=    3.07 steps= 162 succ10=0.00 touch10=0.00 col10=1.00 to10=0.00 min_d= 3.64 avg_spd=1.91m/s end=collision t=   48.8s
[TRAIN][PPO] ep=026/500 r=   24.18 avg10=    3.22 steps= 276 succ10=0.00 touch10=0.00 col10=1.00 to10=0.00 min_d= 3.35 avg_spd=1.98m/s end=collision t=   50.9s
[TRAIN][PPO] ep=027/500 r=   28.84 avg10=    7.22 steps= 275 succ10=0.00 touch10=0.00 col10=1.00 to10=0.00 min_d= 3.51 avg_spd=1.84m/s end=collision t=   53.0s ckpt=best
[TRAIN][PPO] ep=028/500 r= -122.18 avg10=   -4.81 steps= 927 succ10=0.00 touch10=0.00 col10=1.00 to10=0.00 min_d= 3.38 avg_spd=1.58m/s end=collision t=   60.0s
[TRAIN][PPO] ep=029/500 r=   -3.38 avg10=   -7.36 steps= 172 succ10=0.00 touch10=0.00 col10=1.00 to10=0.00 min_d= 3.65 avg_spd=1.63m/s end=collision t=   61.2s
[TRAIN][PPO] ep=030/500 r=   -3.93 avg10=   -9.64 steps= 152 succ10=0.00 touch10=0.00 col10=1.00 to10=0.00 min_d= 3.57 avg_spd=1.94m/s end=collision t=   62.3s
[TRAIN][PPO] ep=031/500 r=   -0.04 avg10=   -9.06 steps= 170 succ10=0.00 touch10=0.00 col10=1.00 to10=0.00 min_d= 3.55 avg_spd=1.90m/s end=collision t=   63.5s
[TRAIN][PPO] ep=032/500 r=   -5.44 avg10=   -9.54 steps= 149 succ10=0.00 touch10=0.00 col10=1.00 to10=0.00 min_d= 3.58 avg_spd=1.95m/s end=collision t=   64.9s
[TRAIN][PPO] ep=033/500 r=   25.27 avg10=   -6.35 steps= 275 succ10=0.00 touch10=0.00 col10=1.00 to10=0.00 min_d= 3.39 avg_spd=1.94m/s end=collision t=   67.0s
[TRAIN][PPO] ep=034/500 r= -153.86 avg10=  -21.36 steps=1225 succ10=0.00 touch10=0.00 col10=1.00 to10=0.00 min_d= 3.03 avg_spd=1.59m/s end=collision t=   76.0s
[TRAIN][PPO] ep=035/500 r=   -4.48 avg10=  -21.50 steps= 149 succ10=0.00 touch10=0.00 col10=1.00 to10=0.00 min_d= 3.61 avg_spd=1.95m/s end=collision t=   77.1s
[TRAIN][PPO] ep=036/500 r=   27.79 avg10=  -21.14 steps= 578 succ10=0.00 touch10=0.00 col10=1.00 to10=0.00 min_d= 2.96 avg_spd=1.81m/s end=collision t=   82.0s
[TRAIN][PPO] ep=037/500 r=   -7.34 avg10=  -24.76 steps= 145 succ10=0.00 touch10=0.00 col10=1.00 to10=0.00 min_d= 3.65 avg_spd=1.69m/s end=collision t=   83.1s
[TRAIN][PPO] ep=038/500 r=   -2.18 avg10=  -12.76 steps= 171 succ10=0.00 touch10=0.00 col10=1.00 to10=0.00 min_d= 3.58 avg_spd=1.97m/s end=collision t=   84.2s
[TRAIN][PPO] ep=039/500 r=  -61.62 avg10=  -18.58 steps= 584 succ10=0.00 touch10=0.00 col10=1.00 to10=0.00 min_d= 3.07 avg_spd=1.76m/s end=collision t=   88.4s
[TRAIN][PPO] ep=040/500 r=   62.02 avg10=  -11.99 steps= 415 succ10=0.00 touch10=0.00 col10=1.00 to10=0.00 min_d= 2.99 avg_spd=1.96m/s end=collision t=   91.8s ckpt=best
[TRAIN][PPO] ep=041/500 r=   -8.07 avg10=  -12.79 steps= 144 succ10=0.00 touch10=0.00 col10=1.00 to10=0.00 min_d= 3.65 avg_spd=1.66m/s end=collision t=   92.8s
[TRAIN][PPO] ep=042/500 r=    1.20 avg10=  -12.13 steps= 171 succ10=0.00 touch10=0.00 col10=1.00 to10=0.00 min_d= 3.65 avg_spd=1.89m/s end=collision t=   94.0s
[TRAIN][PPO] ep=043/500 r=   -2.90 avg10=  -14.94 steps= 152 succ10=0.00 touch10=0.00 col10=1.00 to10=0.00 min_d= 3.57 avg_spd=1.95m/s end=collision t=   95.1s
[TRAIN][PPO] ep=044/500 r=   -5.36 avg10=   -0.09 steps= 154 succ10=0.00 touch10=0.00 col10=1.00 to10=0.00 min_d= 3.65 avg_spd=1.75m/s end=collision t=   96.5s
[TRAIN][PPO] ep=045/500 r=   -5.66 avg10=   -0.21 steps= 157 succ10=0.00 touch10=0.00 col10=1.00 to10=0.00 min_d= 3.65 avg_spd=1.97m/s end=collision t=   97.6s
[TRAIN][PPO] ep=046/500 r=   -4.20 avg10=   -3.41 steps= 156 succ10=0.00 touch10=0.00 col10=1.00 to10=0.00 min_d= 3.65 avg_spd=2.04m/s end=collision t=   98.7s
[TRAIN][PPO] ep=047/500 r=   -5.82 avg10=   -3.26 steps= 170 succ10=0.00 touch10=0.00 col10=1.00 to10=0.00 min_d= 3.54 avg_spd=2.00m/s end=collision t=   99.9s
[TRAIN][PPO] ep=048/500 r=    3.46 avg10=   -2.69 steps= 184 succ10=0.00 touch10=0.00 col10=1.00 to10=0.00 min_d= 3.62 avg_spd=2.00m/s end=collision t=  101.5s
[TRAIN][PPO] ep=049/500 r=    0.28 avg10=    3.50 steps= 170 succ10=0.00 touch10=0.00 col10=1.00 to10=0.00 min_d= 3.61 avg_spd=1.94m/s end=collision t=  102.8s
[TRAIN][PPO] ep=050/500 r=   -4.01 avg10=   -3.11 steps= 154 succ10=0.00 touch10=0.00 col10=1.00 to10=0.00 min_d= 3.54 avg_spd=1.95m/s end=collision t=  104.0s
[TRAIN][PPO] ep=051/500 r=   -2.50 avg10=   -2.55 steps= 155 succ10=0.00 touch10=0.00 col10=1.00 to10=0.00 min_d= 3.64 avg_spd=1.86m/s end=collision t=  105.2s
[TRAIN][PPO] ep=052/500 r=    5.00 avg10=   -2.17 steps= 183 succ10=0.00 touch10=0.00 col10=1.00 to10=0.00 min_d= 3.65 avg_spd=1.95m/s end=collision t=  106.8s
[TRAIN][PPO] ep=053/500 r=   -2.08 avg10=   -2.09 steps= 152 succ10=0.00 touch10=0.00 col10=1.00 to10=0.00 min_d= 3.55 avg_spd=1.94m/s end=collision t=  107.9s
[TRAIN][PPO] ep=054/500 r=   -6.35 avg10=   -2.19 steps= 160 succ10=0.00 touch10=0.00 col10=1.00 to10=0.00 min_d= 3.58 avg_spd=2.04m/s end=collision t=  109.1s
[TRAIN][PPO] ep=055/500 r=   -4.10 avg10=   -2.03 steps= 145 succ10=0.00 touch10=0.00 col10=1.00 to10=0.00 min_d= 3.59 avg_spd=1.93m/s end=collision t=  110.3s
[TRAIN][PPO] ep=056/500 r=    3.11 avg10=   -1.30 steps= 172 succ10=0.00 touch10=0.00 col10=1.00 to10=0.00 min_d= 3.52 avg_spd=2.06m/s end=collision t=  111.8s
[TRAIN][PPO] ep=057/500 r=   -5.75 avg10=   -1.29 steps= 136 succ10=0.00 touch10=0.00 col10=1.00 to10=0.00 min_d= 3.55 avg_spd=1.99m/s end=collision t=  112.9s
[TRAIN][PPO] ep=058/500 r=   -5.35 avg10=   -2.17 steps= 140 succ10=0.00 touch10=0.00 col10=1.00 to10=0.00 min_d= 3.64 avg_spd=1.96m/s end=collision t=  113.8s
[TRAIN][PPO] ep=059/500 r=   -3.62 avg10=   -2.56 steps= 147 succ10=0.00 touch10=0.00 col10=1.00 to10=0.00 min_d= 3.64 avg_spd=1.87m/s end=collision t=  114.9s
[TRAIN][PPO] ep=060/500 r=   -8.54 avg10=   -3.02 steps= 133 succ10=0.00 touch10=0.00 col10=1.00 to10=0.00 min_d= 3.74 avg_spd=1.81m/s end=collision t=  116.2s
[TRAIN][PPO] ep=061/500 r=   -1.06 avg10=   -2.87 steps= 152 succ10=0.00 touch10=0.00 col10=1.00 to10=0.00 min_d= 3.60 avg_spd=2.05m/s end=collision t=  117.3s
[TRAIN][PPO] ep=062/500 r=   -2.33 avg10=   -3.61 steps= 151 succ10=0.00 touch10=0.00 col10=1.00 to10=0.00 min_d= 3.52 avg_spd=1.98m/s end=collision t=  118.5s
[TRAIN][PPO] ep=063/500 r=   -0.50 avg10=   -3.45 steps= 154 succ10=0.00 touch10=0.00 col10=1.00 to10=0.00 min_d= 3.56 avg_spd=1.99m/s end=collision t=  119.7s
[TRAIN][PPO] ep=064/500 r=   -3.27 avg10=   -3.14 steps= 150 succ10=0.00 touch10=0.00 col10=1.00 to10=0.00 min_d= 3.61 avg_spd=1.95m/s end=collision t=  121.1s
[TRAIN][PPO] ep=065/500 r=    0.22 avg10=   -2.71 steps= 159 succ10=0.00 touch10=0.00 col10=1.00 to10=0.00 min_d= 3.55 avg_spd=1.97m/s end=collision t=  122.2s
[TRAIN][PPO] ep=066/500 r=   -7.11 avg10=   -3.73 steps= 133 succ10=0.00 touch10=0.00 col10=1.00 to10=0.00 min_d= 3.69 avg_spd=1.99m/s end=collision t=  123.1s
[TRAIN][PPO] ep=067/500 r=  -11.13 avg10=   -4.27 steps= 135 succ10=0.00 touch10=0.00 col10=1.00 to10=0.00 min_d= 3.80 avg_spd=1.68m/s end=collision t=  124.0s
[TRAIN][PPO] ep=068/500 r=   -3.02 avg10=   -4.04 steps= 146 succ10=0.00 touch10=0.00 col10=1.00 to10=0.00 min_d= 3.64 avg_spd=2.01m/s end=collision t=  125.3s
[TRAIN][PPO] ep=069/500 r=   -5.55 avg10=   -4.23 steps= 143 succ10=0.00 touch10=0.00 col10=1.00 to10=0.00 min_d= 3.62 avg_spd=1.83m/s end=collision t=  126.4s
[TRAIN][PPO] ep=070/500 r=  113.17 avg10=    7.94 steps= 542 succ10=0.00 touch10=0.00 col10=1.00 to10=0.00 min_d= 2.63 avg_spd=2.01m/s end=collision t=  130.2s ckpt=best
[TRAIN][PPO] ep=071/500 r=   -5.65 avg10=    7.48 steps= 144 succ10=0.00 touch10=0.00 col10=1.00 to10=0.00 min_d= 3.64 avg_spd=1.83m/s end=collision t=  131.3s
[TRAIN][PPO] ep=072/500 r=    0.86 avg10=    7.80 steps= 165 succ10=0.00 touch10=0.00 col10=1.00 to10=0.00 min_d= 3.54 avg_spd=2.03m/s end=collision t=  132.7s
[TRAIN][PPO] ep=073/500 r=   -7.65 avg10=    7.09 steps= 149 succ10=0.00 touch10=0.00 col10=1.00 to10=0.00 min_d= 3.67 avg_spd=2.01m/s end=collision t=  133.8s
[TRAIN][PPO] ep=074/500 r=  152.13 avg10=   22.63 steps= 665 succ10=0.00 touch10=0.00 col10=1.00 to10=0.00 min_d= 2.31 avg_spd=1.98m/s end=collision t=  138.5s ckpt=best
[TRAIN][PPO] ep=075/500 r=    4.40 avg10=   23.04 steps= 177 succ10=0.00 touch10=0.00 col10=1.00 to10=0.00 min_d= 3.65 avg_spd=1.90m/s end=collision t=  139.8s
[TRAIN][PPO] ep=076/500 r=  -10.55 avg10=   22.70 steps= 136 succ10=0.00 touch10=0.00 col10=1.00 to10=0.00 min_d= 3.76 avg_spd=1.71m/s end=collision t=  141.2s
[TRAIN][PPO] ep=077/500 r=   -7.01 avg10=   23.11 steps= 130 succ10=0.00 touch10=0.00 col10=1.00 to10=0.00 min_d= 3.58 avg_spd=1.97m/s end=collision t=  142.1s
[TRAIN][PPO] ep=078/500 r=   -0.47 avg10=   23.37 steps= 153 succ10=0.00 touch10=0.00 col10=1.00 to10=0.00 min_d= 3.56 avg_spd=2.03m/s end=collision t=  143.2s
[TRAIN][PPO] ep=079/500 r=  122.58 avg10=   36.18 steps= 545 succ10=0.00 touch10=0.00 col10=1.00 to10=0.00 min_d= 2.61 avg_spd=2.00m/s end=collision t=  147.3s
[TRAIN][PPO] ep=080/500 r=   -3.03 avg10=   24.56 steps= 144 succ10=0.00 touch10=0.00 col10=1.00 to10=0.00 min_d= 3.65 avg_spd=1.94m/s end=collision t=  148.5s
[TRAIN][PPO] ep=081/500 r=   -7.93 avg10=   24.33 steps= 128 succ10=0.00 touch10=0.00 col10=1.00 to10=0.00 min_d= 3.59 avg_spd=2.02m/s end=collision t=  149.4s
[TRAIN][PPO] ep=082/500 r=   -8.93 avg10=   23.35 steps= 129 succ10=0.00 touch10=0.00 col10=1.00 to10=0.00 min_d= 3.68 avg_spd=1.91m/s end=collision t=  150.2s
[TRAIN][PPO] ep=083/500 r=   -5.73 avg10=   23.54 steps= 137 succ10=0.00 touch10=0.00 col10=1.00 to10=0.00 min_d= 3.59 avg_spd=1.95m/s end=collision t=  151.1s
[TRAIN][PPO] ep=084/500 r=   -3.83 avg10=    7.95 steps= 142 succ10=0.00 touch10=0.00 col10=1.00 to10=0.00 min_d= 3.55 avg_spd=2.00m/s end=collision t=  152.3s
[TRAIN][PPO] ep=085/500 r=   -2.56 avg10=    7.25 steps= 147 succ10=0.00 touch10=0.00 col10=1.00 to10=0.00 min_d= 3.55 avg_spd=1.98m/s end=collision t=  153.2s
[TRAIN][PPO] ep=086/500 r=   -2.68 avg10=    8.04 steps= 151 succ10=0.00 touch10=0.00 col10=1.00 to10=0.00 min_d= 3.66 avg_spd=2.04m/s end=collision t=  154.3s
[TRAIN][PPO] ep=087/500 r=   -3.25 avg10=    8.42 steps= 147 succ10=0.00 touch10=0.00 col10=1.00 to10=0.00 min_d= 3.55 avg_spd=2.02m/s end=collision t=  155.3s
[TRAIN][PPO] ep=088/500 r=   -5.44 avg10=    7.92 steps= 137 succ10=0.00 touch10=0.00 col10=1.00 to10=0.00 min_d= 3.57 avg_spd=1.93m/s end=collision t=  156.4s
[TRAIN][PPO] ep=089/500 r=   -7.09 avg10=   -5.05 steps= 159 succ10=0.00 touch10=0.00 col10=1.00 to10=0.00 min_d= 3.62 avg_spd=2.00m/s end=collision t=  157.6s
[TRAIN][PPO] ep=090/500 r=    1.19 avg10=   -4.62 steps= 161 succ10=0.00 touch10=0.00 col10=1.00 to10=0.00 min_d= 3.55 avg_spd=2.00m/s end=collision t=  158.7s
[TRAIN][PPO] ep=091/500 r=   -5.64 avg10=   -4.40 steps= 135 succ10=0.00 touch10=0.00 col10=1.00 to10=0.00 min_d= 3.64 avg_spd=1.99m/s end=collision t=  159.6s
[TRAIN][PPO] ep=092/500 r=   -9.43 avg10=   -4.45 steps= 130 succ10=0.00 touch10=0.00 col10=1.00 to10=0.00 min_d= 3.64 avg_spd=1.86m/s end=collision t=  160.8s
[TRAIN][PPO] ep=093/500 r=   -0.96 avg10=   -3.97 steps= 153 succ10=0.00 touch10=0.00 col10=1.00 to10=0.00 min_d= 3.65 avg_spd=1.98m/s end=collision t=  161.8s
[TRAIN][PPO] ep=094/500 r=   -8.60 avg10=   -4.44 steps= 136 succ10=0.00 touch10=0.00 col10=1.00 to10=0.00 min_d= 3.73 avg_spd=1.84m/s end=collision t=  162.8s
[TRAIN][PPO] ep=095/500 r=    1.06 avg10=   -4.08 steps= 158 succ10=0.00 touch10=0.00 col10=1.00 to10=0.00 min_d= 3.57 avg_spd=2.09m/s end=collision t=  163.9s
[TRAIN][PPO] ep=096/500 r=   -7.15 avg10=   -4.53 steps= 135 succ10=0.00 touch10=0.00 col10=1.00 to10=0.00 min_d= 3.67 avg_spd=1.89m/s end=collision t=  165.2s
[TRAIN][PPO] ep=097/500 r=   -2.69 avg10=   -4.47 steps= 172 succ10=0.00 touch10=0.00 col10=1.00 to10=0.00 min_d= 3.65 avg_spd=2.05m/s end=collision t=  166.5s
WARNING: Contact joints between materials 'default' and 'default' will only be created for the 10 deepest contact points instead of all the 11 contact points.
[TRAIN][PPO] ep=098/500 r=   -0.43 avg10=   -3.97 steps= 159 succ10=0.00 touch10=0.00 col10=1.00 to10=0.00 min_d= 3.58 avg_spd=1.90m/s end=collision t=  167.7s
[TRAIN][PPO] ep=099/500 r=    1.88 avg10=   -3.08 steps= 165 succ10=0.00 touch10=0.00 col10=1.00 to10=0.00 min_d= 3.59 avg_spd=1.99m/s end=collision t=  169.0s
[TRAIN][PPO] ep=100/500 r=   -7.49 avg10=   -3.94 steps= 146 succ10=0.00 touch10=0.00 col10=1.00 to10=0.00 min_d= 3.61 avg_spd=1.76m/s end=collision t=  170.4s ckpt=latest
[TRAIN][PPO] ep=101/500 r=   -2.82 avg10=   -3.66 steps= 150 succ10=0.00 touch10=0.00 col10=1.00 to10=0.00 min_d= 3.64 avg_spd=1.89m/s end=collision t=  171.5s
[TRAIN][PPO] ep=102/500 r=    0.15 avg10=   -2.71 steps= 164 succ10=0.00 touch10=0.00 col10=1.00 to10=0.00 min_d= 3.65 avg_spd=1.85m/s end=collision t=  172.8s
[TRAIN][PPO] ep=103/500 r=   22.87 avg10=   -0.32 steps= 276 succ10=0.00 touch10=0.00 col10=1.00 to10=0.00 min_d= 3.43 avg_spd=2.04m/s end=collision t=  174.8s
[TRAIN][PPO] ep=104/500 r=    2.21 avg10=    0.76 steps= 167 succ10=0.00 touch10=0.00 col10=1.00 to10=0.00 min_d= 3.64 avg_spd=2.06m/s end=collision t=  176.3s
[TRAIN][PPO] ep=105/500 r=   -4.28 avg10=    0.23 steps= 141 succ10=0.00 touch10=0.00 col10=1.00 to10=0.00 min_d= 3.68 avg_spd=2.08m/s end=collision t=  177.5s
[TRAIN][PPO] ep=106/500 r=   12.47 avg10=    2.19 steps=1322 succ10=0.00 touch10=0.00 col10=1.00 to10=0.00 min_d= 2.30 avg_spd=1.73m/s end=collision t=  186.8s
[TRAIN][PPO] ep=107/500 r=   24.58 avg10=    4.92 steps= 413 succ10=0.00 touch10=0.00 col10=1.00 to10=0.00 min_d= 3.11 avg_spd=1.84m/s end=collision t=  189.7s
[TRAIN][PPO] ep=108/500 r=    5.62 avg10=    5.52 steps= 418 succ10=0.00 touch10=0.00 col10=1.00 to10=0.00 min_d= 3.12 avg_spd=1.83m/s end=collision t=  193.2s
[TRAIN][PPO] ep=109/500 r=    1.47 avg10=    5.48 steps= 164 succ10=0.00 touch10=0.00 col10=1.00 to10=0.00 min_d= 3.64 avg_spd=2.00m/s end=collision t=  194.4s
[TRAIN][PPO] ep=110/500 r=   29.13 avg10=    9.14 steps= 411 succ10=0.00 touch10=0.00 col10=1.00 to10=0.00 min_d= 3.10 avg_spd=1.90m/s end=collision t=  197.2s
[TRAIN][PPO] ep=111/500 r=   19.70 avg10=   11.39 steps= 419 succ10=0.00 touch10=0.00 col10=1.00 to10=0.00 min_d= 3.12 avg_spd=1.87m/s end=collision t=  200.3s
[TRAIN][PPO] ep=112/500 r=   -5.05 avg10=   10.87 steps= 141 succ10=0.00 touch10=0.00 col10=1.00 to10=0.00 min_d= 3.64 avg_spd=1.99m/s end=collision t=  201.6s
[TRAIN][PPO] ep=113/500 r=    7.55 avg10=    9.34 steps= 419 succ10=0.00 touch10=0.00 col10=1.00 to10=0.00 min_d= 3.13 avg_spd=1.83m/s end=collision t=  204.7s
[TRAIN][PPO] ep=114/500 r=   15.60 avg10=   10.68 steps= 413 succ10=0.00 touch10=0.00 col10=1.00 to10=0.00 min_d= 3.12 avg_spd=1.89m/s end=collision t=  207.5s
[TRAIN][PPO] ep=115/500 r=   31.88 avg10=   14.30 steps= 409 succ10=0.00 touch10=0.00 col10=1.00 to10=0.00 min_d= 3.11 avg_spd=1.89m/s end=collision t=  210.6s
[TRAIN][PPO] ep=116/500 r=   16.13 avg10=   14.66 steps= 418 succ10=0.00 touch10=0.00 col10=1.00 to10=0.00 min_d= 3.12 avg_spd=1.87m/s end=collision t=  214.0s
[TRAIN][PPO] ep=117/500 r=   -1.57 avg10=   12.05 steps= 164 succ10=0.00 touch10=0.00 col10=1.00 to10=0.00 min_d= 3.65 avg_spd=2.00m/s end=collision t=  215.3s
[TRAIN][PPO] ep=118/500 r=   -0.46 avg10=   11.44 steps= 156 succ10=0.00 touch10=0.00 col10=1.00 to10=0.00 min_d= 3.64 avg_spd=1.93m/s end=collision t=  216.5s
[TRAIN][PPO] ep=119/500 r=   -1.44 avg10=   11.15 steps= 151 succ10=0.00 touch10=0.00 col10=1.00 to10=0.00 min_d= 3.55 avg_spd=2.02m/s end=collision t=  217.6s
[TRAIN][PPO] ep=120/500 r=   15.58 avg10=    9.79 steps= 425 succ10=0.00 touch10=0.00 col10=1.00 to10=0.00 min_d= 3.11 avg_spd=1.87m/s end=collision t=  220.8s
[TRAIN][PPO] ep=121/500 r=   -9.14 avg10=    6.91 steps= 136 succ10=0.00 touch10=0.00 col10=1.00 to10=0.00 min_d= 3.71 avg_spd=1.83m/s end=collision t=  221.7s
[TRAIN][PPO] ep=122/500 r=   -3.37 avg10=    7.08 steps= 151 succ10=0.00 touch10=0.00 col10=1.00 to10=0.00 min_d= 3.64 avg_spd=1.86m/s end=collision t=  222.9s
[TRAIN][PPO] ep=123/500 r=    1.57 avg10=    6.48 steps= 165 succ10=0.00 touch10=0.00 col10=1.00 to10=0.00 min_d= 3.65 avg_spd=1.96m/s end=collision t=  224.1s
[TRAIN][PPO] ep=124/500 r=   23.39 avg10=    7.26 steps= 270 succ10=0.00 touch10=0.00 col10=1.00 to10=0.00 min_d= 3.40 avg_spd=1.99m/s end=collision t=  226.4s
[TRAIN][PPO] ep=125/500 r=   20.24 avg10=    6.09 steps= 408 succ10=0.00 touch10=0.00 col10=1.00 to10=0.00 min_d= 3.12 avg_spd=1.86m/s end=collision t=  229.5s
[TRAIN][PPO] ep=126/500 r=   -2.47 avg10=    4.23 steps= 156 succ10=0.00 touch10=0.00 col10=1.00 to10=0.00 min_d= 3.63 avg_spd=1.87m/s end=collision t=  230.7s
[TRAIN][PPO] ep=127/500 r=    2.55 avg10=    4.65 steps= 168 succ10=0.00 touch10=0.00 col10=1.00 to10=0.00 min_d= 3.53 avg_spd=1.98m/s end=collision t=  231.8s
[TRAIN][PPO] ep=128/500 r=   30.15 avg10=    7.71 steps= 418 succ10=0.00 touch10=0.00 col10=1.00 to10=0.00 min_d= 3.09 avg_spd=1.95m/s end=collision t=  235.0s
[TRAIN][PPO] ep=129/500 r=   -1.21 avg10=    7.73 steps= 159 succ10=0.00 touch10=0.00 col10=1.00 to10=0.00 min_d= 3.62 avg_spd=2.02m/s end=collision t=  236.1s
[TRAIN][PPO] ep=130/500 r=    3.02 avg10=    6.47 steps= 174 succ10=0.00 touch10=0.00 col10=1.00 to10=0.00 min_d= 3.62 avg_spd=2.09m/s end=collision t=  237.5s
[TRAIN][PPO] ep=131/500 r=   25.09 avg10=    9.90 steps= 278 succ10=0.00 touch10=0.00 col10=1.00 to10=0.00 min_d= 3.36 avg_spd=2.02m/s end=collision t=  239.6s
[TRAIN][PPO] ep=132/500 r=   -3.66 avg10=    9.87 steps= 152 succ10=0.00 touch10=0.00 col10=1.00 to10=0.00 min_d= 3.60 avg_spd=1.85m/s end=collision t=  241.0s
[TRAIN][PPO] ep=133/500 r=   -0.08 avg10=    9.70 steps= 419 succ10=0.00 touch10=0.00 col10=1.00 to10=0.00 min_d= 3.12 avg_spd=1.85m/s end=collision t=  244.1s
[TRAIN][PPO] ep=134/500 r=   25.10 avg10=    9.87 steps= 579 succ10=0.00 touch10=0.00 col10=1.00 to10=0.00 min_d= 3.00 avg_spd=1.91m/s end=collision t=  248.5s
[TRAIN][PPO] ep=135/500 r=   -5.47 avg10=    7.30 steps= 144 succ10=0.00 touch10=0.00 col10=1.00 to10=0.00 min_d= 3.73 avg_spd=1.88m/s end=collision t=  249.7s
[TRAIN][PPO] ep=136/500 r=   -0.89 avg10=    7.46 steps= 189 succ10=0.00 touch10=0.00 col10=1.00 to10=0.00 min_d= 3.65 avg_spd=1.99m/s end=collision t=  251.4s
[TRAIN][PPO] ep=137/500 r=   -7.74 avg10=    6.43 steps= 160 succ10=0.00 touch10=0.00 col10=1.00 to10=0.00 min_d= 3.65 avg_spd=1.98m/s end=collision t=  252.7s
[TRAIN][PPO] ep=138/500 r=    0.38 avg10=    3.46 steps= 166 succ10=0.00 touch10=0.00 col10=1.00 to10=0.00 min_d= 3.56 avg_spd=2.05m/s end=collision t=  253.9s
[TRAIN][PPO] ep=139/500 r=   -6.96 avg10=    2.88 steps= 138 succ10=0.00 touch10=0.00 col10=1.00 to10=0.00 min_d= 3.62 avg_spd=1.88m/s end=collision t=  255.0s
[TRAIN][PPO] ep=140/500 r=   19.17 avg10=    4.50 steps= 270 succ10=0.00 touch10=0.00 col10=1.00 to10=0.00 min_d= 3.41 avg_spd=2.00m/s end=collision t=  257.3s
[TRAIN][PPO] ep=141/500 r=    1.87 avg10=    2.17 steps= 173 succ10=0.00 touch10=0.00 col10=1.00 to10=0.00 min_d= 3.65 avg_spd=1.89m/s end=collision t=  258.5s
[TRAIN][PPO] ep=142/500 r=   -1.29 avg10=    2.41 steps= 159 succ10=0.00 touch10=0.00 col10=1.00 to10=0.00 min_d= 3.58 avg_spd=1.84m/s end=collision t=  259.7s
[TRAIN][PPO] ep=143/500 r=  -76.74 avg10=   -5.26 steps=1204 succ10=0.00 touch10=0.00 col10=1.00 to10=0.00 min_d= 2.89 avg_spd=1.69m/s end=collision t=  268.4s
[TRAIN][PPO] ep=144/500 r=   -6.09 avg10=   -8.38 steps= 166 succ10=0.00 touch10=0.00 col10=1.00 to10=0.00 min_d= 3.65 avg_spd=2.02m/s end=collision t=  269.8s
[TRAIN][PPO] ep=145/500 r=   -2.05 avg10=   -8.03 steps= 158 succ10=0.00 touch10=0.00 col10=1.00 to10=0.00 min_d= 3.65 avg_spd=2.09m/s end=collision t=  270.9s
[TRAIN][PPO] ep=146/500 r=   -0.24 avg10=   -7.97 steps= 167 succ10=0.00 touch10=0.00 col10=1.00 to10=0.00 min_d= 3.65 avg_spd=2.00m/s end=collision t=  272.1s
[TRAIN][PPO] ep=147/500 r=    4.25 avg10=   -6.77 steps= 176 succ10=0.00 touch10=0.00 col10=1.00 to10=0.00 min_d= 3.65 avg_spd=1.97m/s end=collision t=  273.4s
[TRAIN][PPO] ep=148/500 r=   20.90 avg10=   -4.72 steps= 270 succ10=0.00 touch10=0.00 col10=1.00 to10=0.00 min_d= 3.41 avg_spd=2.04m/s end=collision t=  275.6s
[TRAIN][PPO] ep=149/500 r=  -11.44 avg10=   -5.17 steps= 138 succ10=0.00 touch10=0.00 col10=1.00 to10=0.00 min_d= 3.75 avg_spd=1.62m/s end=collision t=  276.7s
[TRAIN][PPO] ep=150/500 r=    1.79 avg10=   -6.90 steps= 172 succ10=0.00 touch10=0.00 col10=1.00 to10=0.00 min_d= 3.55 avg_spd=1.97m/s end=collision t=  278.0s
[TRAIN][PPO] ep=151/500 r=   -3.33 avg10=   -7.42 steps= 156 succ10=0.00 touch10=0.00 col10=1.00 to10=0.00 min_d= 3.64 avg_spd=1.83m/s end=collision t=  279.2s
[TRAIN][PPO] ep=152/500 r=   -6.04 avg10=   -7.90 steps= 151 succ10=0.00 touch10=0.00 col10=1.00 to10=0.00 min_d= 3.74 avg_spd=1.79m/s end=collision t=  280.5s
[TRAIN][PPO] ep=153/500 r= -124.08 avg10=  -12.63 steps=1065 succ10=0.00 touch10=0.00 col10=1.00 to10=0.00 min_d= 3.12 avg_spd=1.58m/s end=collision t=  288.5s
[TRAIN][PPO] ep=154/500 r=   22.04 avg10=   -9.82 steps= 269 succ10=0.00 touch10=0.00 col10=1.00 to10=0.00 min_d= 3.43 avg_spd=2.01m/s end=collision t=  290.3s
[TRAIN][PPO] ep=155/500 r=   -0.29 avg10=   -9.64 steps= 174 succ10=0.00 touch10=0.00 col10=1.00 to10=0.00 min_d= 3.65 avg_spd=1.96m/s end=collision t=  291.6s
[TRAIN][PPO] ep=156/500 r=   -2.27 avg10=   -9.85 steps= 172 succ10=0.00 touch10=0.00 col10=1.00 to10=0.00 min_d= 3.65 avg_spd=2.03m/s end=collision t=  293.1s
[TRAIN][PPO] ep=157/500 r= -104.39 avg10=  -20.71 steps=1063 succ10=0.00 touch10=0.00 col10=1.00 to10=0.00 min_d= 3.10 avg_spd=1.63m/s end=collision t=  300.5s
[TRAIN][PPO] ep=158/500 r=    7.37 avg10=  -22.06 steps= 204 succ10=0.00 touch10=0.00 col10=1.00 to10=0.00 min_d= 3.65 avg_spd=1.97m/s end=collision t=  301.9s
[TRAIN][PPO] ep=159/500 r=   27.38 avg10=  -18.18 steps= 274 succ10=0.00 touch10=0.00 col10=1.00 to10=0.00 min_d= 3.34 avg_spd=2.01m/s end=collision t=  304.0s
[TRAIN][PPO] ep=160/500 r=   -1.12 avg10=  -18.47 steps= 168 succ10=0.00 touch10=0.00 col10=1.00 to10=0.00 min_d= 3.65 avg_spd=1.76m/s end=collision t=  305.5s
[TRAIN][PPO] ep=161/500 r=   -9.48 avg10=  -19.09 steps= 138 succ10=0.00 touch10=0.00 col10=1.00 to10=0.00 min_d= 3.74 avg_spd=1.68m/s end=collision t=  306.4s
[TRAIN][PPO] ep=162/500 r=   21.37 avg10=  -16.35 steps= 407 succ10=0.00 touch10=0.00 col10=1.00 to10=0.00 min_d= 3.11 avg_spd=1.92m/s end=collision t=  309.4s
[TRAIN][PPO] ep=163/500 r=   20.75 avg10=   -1.86 steps= 616 succ10=0.00 touch10=0.00 col10=1.00 to10=0.00 min_d= 2.97 avg_spd=1.92m/s end=collision t=  313.6s
[TRAIN][PPO] ep=164/500 r=   29.33 avg10=   -1.14 steps= 273 succ10=0.00 touch10=0.00 col10=1.00 to10=0.00 min_d= 3.35 avg_spd=1.90m/s end=collision t=  315.7s
[TRAIN][PPO] ep=165/500 r=   -4.70 avg10=   -1.58 steps= 154 succ10=0.00 touch10=0.00 col10=1.00 to10=0.00 min_d= 3.62 avg_spd=1.77m/s end=collision t=  316.8s
[TRAIN][PPO] ep=166/500 r=    9.56 avg10=   -0.39 steps= 263 succ10=0.00 touch10=0.00 col10=1.00 to10=0.00 min_d= 3.44 avg_spd=2.08m/s end=collision t=  318.8s
[TRAIN][PPO] ep=167/500 r=   71.56 avg10=   17.20 steps= 535 succ10=0.00 touch10=0.00 col10=1.00 to10=0.00 min_d= 2.79 avg_spd=2.02m/s end=collision t=  322.7s
[TRAIN][PPO] ep=168/500 r=   -3.89 avg10=   16.08 steps= 161 succ10=0.00 touch10=0.00 col10=1.00 to10=0.00 min_d= 3.65 avg_spd=1.93m/s end=collision t=  324.0s
[TRAIN][PPO] ep=169/500 r=   16.01 avg10=   14.94 steps= 267 succ10=0.00 touch10=0.00 col10=1.00 to10=0.00 min_d= 3.39 avg_spd=1.97m/s end=collision t=  325.9s
[TRAIN][PPO] ep=170/500 r=   11.79 avg10=   16.23 steps= 265 succ10=0.00 touch10=0.00 col10=1.00 to10=0.00 min_d= 3.50 avg_spd=2.06m/s end=collision t=  327.7s
[TRAIN][PPO] ep=171/500 r= -116.49 avg10=    5.53 steps= 931 succ10=0.00 touch10=0.00 col10=1.00 to10=0.00 min_d= 3.32 avg_spd=1.59m/s end=collision t=  333.9s
[TRAIN][PPO] ep=172/500 r=   31.45 avg10=    6.54 steps= 273 succ10=0.00 touch10=0.00 col10=1.00 to10=0.00 min_d= 3.37 avg_spd=1.90m/s end=collision t=  336.3s
[TRAIN][PPO] ep=173/500 r=   27.17 avg10=    7.18 steps= 279 succ10=0.00 touch10=0.00 col10=1.00 to10=0.00 min_d= 3.32 avg_spd=2.00m/s end=collision t=  338.4s
[TRAIN][PPO] ep=174/500 r=    6.43 avg10=    4.89 steps= 277 succ10=0.00 touch10=0.00 col10=1.00 to10=0.00 min_d= 3.61 avg_spd=1.91m/s end=collision t=  340.4s
[TRAIN][PPO] ep=175/500 r=   -3.83 avg10=    4.98 steps= 168 succ10=0.00 touch10=0.00 col10=1.00 to10=0.00 min_d= 3.62 avg_spd=2.04m/s end=collision t=  341.7s
[TRAIN][PPO] ep=176/500 r=    6.66 avg10=    4.69 steps= 200 succ10=0.00 touch10=0.00 col10=1.00 to10=0.00 min_d= 3.65 avg_spd=1.94m/s end=collision t=  343.5s
[TRAIN][PPO] ep=177/500 r=   23.24 avg10=   -0.15 steps= 271 succ10=0.00 touch10=0.00 col10=1.00 to10=0.00 min_d= 3.46 avg_spd=1.99m/s end=collision t=  345.5s
[TRAIN][PPO] ep=178/500 r=   -0.15 avg10=    0.23 steps= 172 succ10=0.00 touch10=0.00 col10=1.00 to10=0.00 min_d= 3.65 avg_spd=1.81m/s end=collision t=  346.8s
[TRAIN][PPO] ep=179/500 r=   -7.64 avg10=   -2.14 steps= 151 succ10=0.00 touch10=0.00 col10=1.00 to10=0.00 min_d= 3.71 avg_spd=1.75m/s end=collision t=  347.9s
[TRAIN][PPO] ep=180/500 r=   18.53 avg10=   -1.46 steps= 266 succ10=0.00 touch10=0.00 col10=1.00 to10=0.00 min_d= 3.42 avg_spd=2.02m/s end=collision t=  350.0s
[TRAIN][PPO] ep=181/500 r=   -2.87 avg10=    9.90 steps= 167 succ10=0.00 touch10=0.00 col10=1.00 to10=0.00 min_d= 3.65 avg_spd=1.89m/s end=collision t=  351.2s
[TRAIN][PPO] ep=182/500 r=    0.38 avg10=    6.79 steps= 252 succ10=0.00 touch10=0.00 col10=1.00 to10=0.00 min_d= 3.46 avg_spd=2.01m/s end=collision t=  353.0s
[TRAIN][PPO] ep=183/500 r=    2.54 avg10=    4.33 steps= 189 succ10=0.00 touch10=0.00 col10=1.00 to10=0.00 min_d= 3.65 avg_spd=1.86m/s end=collision t=  354.4s
[TRAIN][PPO] ep=184/500 r= -117.45 avg10=   -8.06 steps= 931 succ10=0.00 touch10=0.00 col10=1.00 to10=0.00 min_d= 3.32 avg_spd=1.56m/s end=collision t=  361.2s
[TRAIN][PPO] ep=185/500 r= -147.83 avg10=  -22.46 steps= 823 succ10=0.00 touch10=0.00 col10=1.00 to10=0.00 min_d= 3.61 avg_spd=1.54m/s end=collision t=  366.7s
[TRAIN][PPO] ep=186/500 r=   10.28 avg10=  -22.09 steps= 264 succ10=0.00 touch10=0.00 col10=1.00 to10=0.00 min_d= 3.51 avg_spd=1.99m/s end=collision t=  368.6s
[TRAIN][PPO] ep=187/500 r=    0.98 avg10=  -24.32 steps= 177 succ10=0.00 touch10=0.00 col10=1.00 to10=0.00 min_d= 3.65 avg_spd=1.85m/s end=collision t=  369.9s
[TRAIN][PPO] ep=188/500 r= -110.81 avg10=  -35.39 steps= 928 succ10=0.00 touch10=0.00 col10=1.00 to10=0.00 min_d= 3.32 avg_spd=1.58m/s end=collision t=  377.2s
[TRAIN][PPO] ep=189/500 r=   23.80 avg10=  -32.24 steps= 266 succ10=0.00 touch10=0.00 col10=1.00 to10=0.00 min_d= 3.42 avg_spd=1.96m/s end=collision t=  379.0s
[TRAIN][PPO] ep=190/500 r=    1.48 avg10=  -33.95 steps= 252 succ10=0.00 touch10=0.00 col10=1.00 to10=0.00 min_d= 3.45 avg_spd=2.00m/s end=collision t=  380.7s
[TRAIN][PPO] ep=191/500 r=   20.83 avg10=  -31.58 steps= 268 succ10=0.00 touch10=0.00 col10=1.00 to10=0.00 min_d= 3.37 avg_spd=2.01m/s end=collision t=  382.5s
[TRAIN][PPO] ep=192/500 r=   23.31 avg10=  -29.29 steps= 272 succ10=0.00 touch10=0.00 col10=1.00 to10=0.00 min_d= 3.53 avg_spd=1.96m/s end=collision t=  384.6s
[TRAIN][PPO] ep=193/500 r=    8.99 avg10=  -28.64 steps= 276 succ10=0.00 touch10=0.00 col10=1.00 to10=0.00 min_d= 3.60 avg_spd=1.87m/s end=collision t=  386.7s
[TRAIN][PPO] ep=194/500 r=   -1.16 avg10=  -17.01 steps= 251 succ10=0.00 touch10=0.00 col10=1.00 to10=0.00 min_d= 3.44 avg_spd=2.05m/s end=collision t=  388.5s
[TRAIN][PPO] ep=195/500 r=   14.20 avg10=   -0.81 steps= 263 succ10=0.00 touch10=0.00 col10=1.00 to10=0.00 min_d= 3.42 avg_spd=2.02m/s end=collision t=  390.4s
[TRAIN][PPO] ep=196/500 r= -153.41 avg10=  -17.18 steps= 899 succ10=0.00 touch10=0.00 col10=1.00 to10=0.00 min_d= 3.42 avg_spd=1.61m/s end=collision t=  397.0s
[TRAIN][PPO] ep=197/500 r= -126.71 avg10=  -29.95 steps= 920 succ10=0.00 touch10=0.00 col10=1.00 to10=0.00 min_d= 3.42 avg_spd=1.57m/s end=collision t=  403.4s
[TRAIN][PPO] ep=198/500 r= -130.77 avg10=  -31.94 steps= 916 succ10=0.00 touch10=0.00 col10=1.00 to10=0.00 min_d= 3.42 avg_spd=1.58m/s end=collision t=  410.1s
[TRAIN][PPO] ep=199/500 r= -138.67 avg10=  -48.19 steps= 914 succ10=0.00 touch10=0.00 col10=1.00 to10=0.00 min_d= 3.44 avg_spd=1.62m/s end=collision t=  416.7s
[TRAIN][PPO] ep=200/500 r=   21.41 avg10=  -46.20 steps= 272 succ10=0.00 touch10=0.00 col10=1.00 to10=0.00 min_d= 3.51 avg_spd=1.95m/s end=collision t=  419.4s ckpt=latest
[TRAIN][PPO] ep=201/500 r=   23.90 avg10=  -45.89 steps= 271 succ10=0.00 touch10=0.00 col10=1.00 to10=0.00 min_d= 3.34 avg_spd=1.98m/s end=collision t=  421.4s
[TRAIN][PPO] ep=202/500 r=    5.27 avg10=  -47.69 steps= 194 succ10=0.00 touch10=0.00 col10=1.00 to10=0.00 min_d= 3.65 avg_spd=1.84m/s end=collision t=  422.8s
[TRAIN][PPO] ep=203/500 r=   16.62 avg10=  -46.93 steps= 266 succ10=0.00 touch10=0.00 col10=1.00 to10=0.00 min_d= 3.40 avg_spd=2.03m/s end=collision t=  424.8s
[TRAIN][PPO] ep=204/500 r=    1.34 avg10=  -46.68 steps= 257 succ10=0.00 touch10=0.00 col10=1.00 to10=0.00 min_d= 3.51 avg_spd=1.97m/s end=collision t=  427.1s
[TRAIN][PPO] ep=205/500 r= -120.36 avg10=  -60.14 steps= 925 succ10=0.00 touch10=0.00 col10=1.00 to10=0.00 min_d= 3.37 avg_spd=1.56m/s end=collision t=  433.9s
[TRAIN][PPO] ep=206/500 r= -156.99 avg10=  -60.49 steps= 907 succ10=0.00 touch10=0.00 col10=1.00 to10=0.00 min_d= 3.50 avg_spd=1.60m/s end=collision t=  440.6s
[TRAIN][PPO] ep=207/500 r=    6.43 avg10=  -47.18 steps= 255 succ10=0.00 touch10=0.00 col10=1.00 to10=0.00 min_d= 3.48 avg_spd=1.99m/s end=collision t=  442.3s
[TRAIN][PPO] ep=208/500 r= -127.84 avg10=  -46.89 steps= 919 succ10=0.00 touch10=0.00 col10=1.00 to10=0.00 min_d= 3.39 avg_spd=1.58m/s end=collision t=  449.8s
[TRAIN][PPO] ep=209/500 r=   -5.56 avg10=  -33.58 steps= 154 succ10=0.00 touch10=0.00 col10=1.00 to10=0.00 min_d= 3.63 avg_spd=1.72m/s end=collision t=  451.0s
[TRAIN][PPO] ep=210/500 r= -114.95 avg10=  -47.21 steps= 929 succ10=0.00 touch10=0.00 col10=1.00 to10=0.00 min_d= 3.33 avg_spd=1.58m/s end=collision t=  457.7s
[TRAIN][PPO] ep=211/500 r=   21.40 avg10=  -47.46 steps= 269 succ10=0.00 touch10=0.00 col10=1.00 to10=0.00 min_d= 3.42 avg_spd=1.95m/s end=collision t=  459.6s
[TRAIN][PPO] ep=212/500 r= -124.08 avg10=  -60.40 steps= 921 succ10=0.00 touch10=0.00 col10=1.00 to10=0.00 min_d= 3.39 avg_spd=1.57m/s end=collision t=  466.5s
[TRAIN][PPO] ep=213/500 r= -165.55 avg10=  -78.62 steps= 901 succ10=0.00 touch10=0.00 col10=1.00 to10=0.00 min_d= 3.49 avg_spd=1.61m/s end=collision t=  473.1s
[TRAIN][PPO] ep=214/500 r=  -11.91 avg10=  -79.94 steps= 274 succ10=0.00 touch10=0.00 col10=1.00 to10=0.00 min_d= 3.63 avg_spd=2.01m/s end=collision t=  475.0s
WARNING: Contact joints between materials 'default' and 'default' will only be created for the 10 deepest contact points instead of all the 11 contact points.
[TRAIN][PPO] ep=215/500 r= -143.80 avg10=  -82.28 steps= 831 succ10=0.00 touch10=0.00 col10=1.00 to10=0.00 min_d= 3.54 avg_spd=1.53m/s end=collision t=  481.1s
[TRAIN][PPO] ep=216/500 r=    1.26 avg10=  -66.46 steps= 255 succ10=0.00 touch10=0.00 col10=1.00 to10=0.00 min_d= 3.48 avg_spd=1.96m/s end=collision t=  483.4s
[TRAIN][PPO] ep=217/500 r= -150.78 avg10=  -82.18 steps= 905 succ10=0.00 touch10=0.00 col10=1.00 to10=0.00 min_d= 3.36 avg_spd=1.60m/s end=collision t=  489.6s
[TRAIN][PPO] ep=218/500 r=   -3.93 avg10=  -69.79 steps= 261 succ10=0.00 touch10=0.00 col10=1.00 to10=0.00 min_d= 3.57 avg_spd=2.02m/s end=collision t=  491.5s
[TRAIN][PPO] ep=219/500 r= -118.55 avg10=  -81.09 steps= 926 succ10=0.00 touch10=0.00 col10=1.00 to10=0.00 min_d= 3.32 avg_spd=1.58m/s end=collision t=  498.3s
[TRAIN][PPO] ep=220/500 r=   28.83 avg10=  -66.71 steps= 273 succ10=0.00 touch10=0.00 col10=1.00 to10=0.00 min_d= 3.37 avg_spd=1.88m/s end=collision t=  500.9s
[TRAIN][PPO] ep=221/500 r=   17.21 avg10=  -67.13 steps= 267 succ10=0.00 touch10=0.00 col10=1.00 to10=0.00 min_d= 3.43 avg_spd=1.98m/s end=collision t=  502.9s
[TRAIN][PPO] ep=222/500 r=    2.95 avg10=  -54.43 steps= 191 succ10=0.00 touch10=0.00 col10=1.00 to10=0.00 min_d= 3.65 avg_spd=1.92m/s end=collision t=  504.3s
[TRAIN][PPO] ep=223/500 r=   -7.83 avg10=  -38.65 steps= 258 succ10=0.00 touch10=0.00 col10=1.00 to10=0.00 min_d= 3.49 avg_spd=2.03m/s end=collision t=  506.2s
[TRAIN][PPO] ep=224/500 r= -102.98 avg10=  -47.76 steps=1050 succ10=0.00 touch10=0.00 col10=1.00 to10=0.00 min_d= 3.12 avg_spd=1.57m/s end=collision t=  514.4s
[TRAIN][PPO] ep=225/500 r= -164.27 avg10=  -49.81 steps= 900 succ10=0.00 touch10=0.00 col10=1.00 to10=0.00 min_d= 3.52 avg_spd=1.61m/s end=collision t=  520.5s
[TRAIN][PPO] ep=226/500 r=   19.23 avg10=  -48.01 steps= 264 succ10=0.00 touch10=0.00 col10=1.00 to10=0.00 min_d= 3.42 avg_spd=1.97m/s end=collision t=  522.5s
[TRAIN][PPO] ep=227/500 r=    5.49 avg10=  -32.38 steps= 263 succ10=0.00 touch10=0.00 col10=1.00 to10=0.00 min_d= 3.56 avg_spd=1.97m/s end=collision t=  524.5s
[TRAIN][PPO] ep=228/500 r= -136.08 avg10=  -45.60 steps= 912 succ10=0.00 touch10=0.00 col10=1.00 to10=0.00 min_d= 3.42 avg_spd=1.56m/s end=collision t=  531.7s
[TRAIN][PPO] ep=229/500 r=    3.26 avg10=  -33.42 steps= 260 succ10=0.00 touch10=0.00 col10=1.00 to10=0.00 min_d= 3.51 avg_spd=1.98m/s end=collision t=  533.7s
[TRAIN][PPO] ep=230/500 r=   -3.70 avg10=  -36.67 steps= 167 succ10=0.00 touch10=0.00 col10=1.00 to10=0.00 min_d= 3.65 avg_spd=1.77m/s end=collision t=  534.9s
[TRAIN][PPO] ep=231/500 r= -160.46 avg10=  -54.44 steps= 898 succ10=0.00 touch10=0.00 col10=1.00 to10=0.00 min_d= 3.49 avg_spd=1.59m/s end=collision t=  541.0s
[TRAIN][PPO] ep=232/500 r=   -0.90 avg10=  -54.82 steps= 183 succ10=0.00 touch10=0.00 col10=1.00 to10=0.00 min_d= 3.61 avg_spd=1.87m/s end=collision t=  542.5s
[TRAIN][PPO] ep=233/500 r=   -1.25 avg10=  -54.17 steps= 184 succ10=0.00 touch10=0.00 col10=1.00 to10=0.00 min_d= 3.61 avg_spd=1.87m/s end=collision t=  543.7s
[TRAIN][PPO] ep=234/500 r= -123.31 avg10=  -56.20 steps= 922 succ10=0.00 touch10=0.00 col10=1.00 to10=0.00 min_d= 3.46 avg_spd=1.57m/s end=collision t=  550.2s
[TRAIN][PPO] ep=235/500 r=   -2.23 avg10=  -40.00 steps= 171 succ10=0.00 touch10=0.00 col10=1.00 to10=0.00 min_d= 3.65 avg_spd=1.65m/s end=collision t=  551.4s
[TRAIN][PPO] ep=236/500 r=    7.26 avg10=  -41.19 steps= 266 succ10=0.00 touch10=0.00 col10=1.00 to10=0.00 min_d= 3.56 avg_spd=1.83m/s end=collision t=  553.5s
[TRAIN][PPO] ep=237/500 r=  -15.34 avg10=  -43.28 steps= 127 succ10=0.00 touch10=0.00 col10=1.00 to10=0.00 min_d= 3.82 avg_spd=1.59m/s end=collision t=  554.4s
[TRAIN][PPO] ep=238/500 r= -152.35 avg10=  -44.90 steps= 904 succ10=0.00 touch10=0.00 col10=1.00 to10=0.00 min_d= 3.42 avg_spd=1.60m/s end=collision t=  560.4s
[TRAIN][PPO] ep=239/500 r=   -7.46 avg10=  -45.97 steps= 151 succ10=0.00 touch10=0.00 col10=1.00 to10=0.00 min_d= 3.76 avg_spd=1.60m/s end=collision t=  561.4s
[TRAIN][PPO] ep=240/500 r= -155.91 avg10=  -61.20 steps= 899 succ10=0.00 touch10=0.00 col10=1.00 to10=0.00 min_d= 3.54 avg_spd=1.57m/s end=collision t=  568.4s
[TRAIN][PPO] ep=241/500 r= -148.75 avg10=  -60.02 steps= 909 succ10=0.00 touch10=0.00 col10=1.00 to10=0.00 min_d= 3.52 avg_spd=1.53m/s end=collision t=  575.1s
[TRAIN][PPO] ep=242/500 r= -155.87 avg10=  -75.52 steps= 910 succ10=0.00 touch10=0.00 col10=1.00 to10=0.00 min_d= 3.57 avg_spd=1.58m/s end=collision t=  581.8s
[TRAIN][PPO] ep=243/500 r=   -2.88 avg10=  -75.68 steps= 266 succ10=0.00 touch10=0.00 col10=1.00 to10=0.00 min_d= 3.56 avg_spd=1.91m/s end=collision t=  583.8s
[TRAIN][PPO] ep=244/500 r=   -2.29 avg10=  -63.58 steps= 174 succ10=0.00 touch10=0.00 col10=1.00 to10=0.00 min_d= 3.65 avg_spd=1.75m/s end=collision t=  585.6s
[TRAIN][PPO] ep=245/500 r= -341.21 avg10=  -97.48 steps=1348 succ10=0.00 touch10=0.00 col10=1.00 to10=0.00 min_d= 3.64 avg_spd=1.46m/s end=collision t=  595.0s
[TRAIN][PPO] ep=246/500 r=   11.87 avg10=  -97.02 steps= 270 succ10=0.00 touch10=0.00 col10=1.00 to10=0.00 min_d= 3.55 avg_spd=1.82m/s end=collision t=  596.9s
[TRAIN][PPO] ep=247/500 r= -307.71 avg10= -126.25 steps=1555 succ10=0.00 touch10=0.00 col10=1.00 to10=0.00 min_d= 3.43 avg_spd=1.52m/s end=collision t=  608.2s
[TRAIN][PPO] ep=248/500 r= -152.45 avg10= -126.27 steps= 918 succ10=0.00 touch10=0.00 col10=1.00 to10=0.00 min_d= 3.56 avg_spd=1.53m/s end=collision t=  615.8s
[TRAIN][PPO] ep=249/500 r= -154.27 avg10= -140.95 steps= 915 succ10=0.00 touch10=0.00 col10=1.00 to10=0.00 min_d= 3.58 avg_spd=1.57m/s end=collision t=  622.6s
[TRAIN][PPO] ep=250/500 r=  -10.02 avg10= -126.36 steps= 140 succ10=0.00 touch10=0.00 col10=1.00 to10=0.00 min_d= 3.75 avg_spd=1.51m/s end=collision t=  623.6s
[TRAIN][PPO] ep=251/500 r= -296.49 avg10= -141.13 steps=1557 succ10=0.00 touch10=0.00 col10=1.00 to10=0.00 min_d= 3.41 avg_spd=1.51m/s end=collision t=  634.4s
[TRAIN][PPO] ep=252/500 r= -154.62 avg10= -141.01 steps= 916 succ10=0.00 touch10=0.00 col10=1.00 to10=0.00 min_d= 3.54 avg_spd=1.56m/s end=collision t=  641.7s
[TRAIN][PPO] ep=253/500 r= -450.44 avg10= -185.76 steps=2200 succ10=0.00 touch10=0.00 col10=1.00 to10=0.00 min_d= 3.46 avg_spd=1.49m/s end=collision t=  657.5s
[TRAIN][PPO] ep=254/500 r= -127.04 avg10= -198.24 steps= 927 succ10=0.00 touch10=0.00 col10=1.00 to10=0.00 min_d= 3.54 avg_spd=1.52m/s end=collision t=  663.7s
[TRAIN][PPO] ep=255/500 r= -153.14 avg10= -179.43 steps= 833 succ10=0.00 touch10=0.00 col10=1.00 to10=0.00 min_d= 3.65 avg_spd=1.49m/s end=collision t=  669.4s
[TRAIN][PPO] ep=256/500 r=   -8.47 avg10= -181.47 steps= 147 succ10=0.00 touch10=0.00 col10=1.00 to10=0.00 min_d= 3.81 avg_spd=1.58m/s end=collision t=  671.3s
[TRAIN][PPO] ep=257/500 r=   22.44 avg10= -148.45 steps= 274 succ10=0.00 touch10=0.00 col10=1.00 to10=0.00 min_d= 3.54 avg_spd=1.71m/s end=collision t=  673.2s
[TRAIN][PPO] ep=258/500 r= -498.83 avg10= -183.09 steps=1872 succ10=0.00 touch10=0.00 col10=1.00 to10=0.00 min_d= 3.53 avg_spd=1.46m/s end=collision t=  686.8s
[TRAIN][PPO] ep=259/500 r= -518.09 avg10= -219.47 steps=1867 succ10=0.00 touch10=0.00 col10=1.00 to10=0.00 min_d= 3.68 avg_spd=1.45m/s end=collision t=  699.7s
[TRAIN][PPO] ep=260/500 r= -299.26 avg10= -248.39 steps=1557 succ10=0.00 touch10=0.00 col10=1.00 to10=0.00 min_d= 3.46 avg_spd=1.50m/s end=collision t=  711.6s
[TRAIN][PPO] ep=261/500 r= -500.47 avg10= -268.79 steps=2351 succ10=0.00 touch10=0.00 col10=0.90 to10=0.00 min_d= 3.46 avg_spd=1.47m/s end=low_score t=  728.3s
[TRAIN][PPO] ep=262/500 r= -500.72 avg10= -303.40 steps=2251 succ10=0.00 touch10=0.00 col10=0.80 to10=0.00 min_d= 3.60 avg_spd=1.45m/s end=low_score t=  744.4s
[TRAIN][PPO] ep=263/500 r= -503.27 avg10= -308.69 steps=1887 succ10=0.00 touch10=0.00 col10=0.80 to10=0.00 min_d= 3.59 avg_spd=1.45m/s end=collision t=  758.4s
[TRAIN][PPO] ep=264/500 r= -145.61 avg10= -310.54 steps= 838 succ10=0.00 touch10=0.00 col10=0.80 to10=0.00 min_d= 3.65 avg_spd=1.50m/s end=collision t=  765.6s
[TRAIN][PPO] ep=265/500 r= -479.76 avg10= -343.20 steps=2005 succ10=0.00 touch10=0.00 col10=0.80 to10=0.00 min_d= 3.59 avg_spd=1.46m/s end=collision t=  780.4s
[TRAIN][PPO] ep=266/500 r= -485.47 avg10= -390.90 steps=1985 succ10=0.00 touch10=0.00 col10=0.80 to10=0.00 min_d= 3.60 avg_spd=1.46m/s end=collision t=  793.8s
[TRAIN][PPO] ep=267/500 r= -510.10 avg10= -444.16 steps=1891 succ10=0.00 touch10=0.00 col10=0.80 to10=0.00 min_d= 3.72 avg_spd=1.44m/s end=collision t=  807.6s
[TRAIN][PPO] ep=268/500 r= -351.26 avg10= -429.40 steps=1236 succ10=0.00 touch10=0.00 col10=0.80 to10=0.00 min_d= 3.59 avg_spd=1.46m/s end=collision t=  817.8s
[TRAIN][PPO] ep=269/500 r= -369.84 avg10= -414.58 steps=1213 succ10=0.00 touch10=0.00 col10=0.80 to10=0.00 min_d= 3.73 avg_spd=1.46m/s end=collision t=  825.7s
[TRAIN][PPO] ep=270/500 r= -360.73 avg10= -420.72 steps=1237 succ10=0.00 touch10=0.00 col10=0.80 to10=0.00 min_d= 3.75 avg_spd=1.46m/s end=collision t=  834.2s
[TRAIN][PPO] ep=271/500 r= -130.64 avg10= -383.74 steps= 928 succ10=0.00 touch10=0.00 col10=0.90 to10=0.00 min_d= 3.57 avg_spd=1.52m/s end=collision t=  840.3s
[TRAIN][PPO] ep=272/500 r=   -7.28 avg10= -334.40 steps= 152 succ10=0.00 touch10=0.00 col10=1.00 to10=0.00 min_d= 3.76 avg_spd=1.60m/s end=collision t=  842.0s
[TRAIN][PPO] ep=273/500 r=   -7.53 avg10= -284.82 steps= 152 succ10=0.00 touch10=0.00 col10=1.00 to10=0.00 min_d= 3.74 avg_spd=1.66m/s end=collision t=  843.1s
[TRAIN][PPO] ep=274/500 r= -517.76 avg10= -322.04 steps=1865 succ10=0.00 touch10=0.00 col10=1.00 to10=0.00 min_d= 3.64 avg_spd=1.46m/s end=collision t=  856.4s
[TRAIN][PPO] ep=275/500 r=   -8.83 avg10= -274.94 steps= 143 succ10=0.00 touch10=0.00 col10=1.00 to10=0.00 min_d= 3.73 avg_spd=1.62m/s end=collision t=  857.4s
[TRAIN][PPO] ep=276/500 r= -488.48 avg10= -275.25 steps=1874 succ10=0.00 touch10=0.00 col10=1.00 to10=0.00 min_d= 3.51 avg_spd=1.45m/s end=collision t=  871.3s
[TRAIN][PPO] ep=277/500 r= -484.74 avg10= -272.71 steps=1993 succ10=0.00 touch10=0.00 col10=1.00 to10=0.00 min_d= 3.59 avg_spd=1.46m/s end=collision t=  885.7s
[TRAIN][PPO] ep=278/500 r= -302.72 avg10= -267.86 steps=1570 succ10=0.00 touch10=0.00 col10=1.00 to10=0.00 min_d= 3.47 avg_spd=1.49m/s end=collision t=  896.7s
[TRAIN][PPO] ep=279/500 r= -500.01 avg10= -280.87 steps=2260 succ10=0.00 touch10=0.00 col10=0.90 to10=0.00 min_d= 3.58 avg_spd=1.47m/s end=low_score t=  912.1s
[TRAIN][PPO] ep=280/500 r= -303.36 avg10= -275.14 steps=1563 succ10=0.00 touch10=0.00 col10=0.90 to10=0.00 min_d= 3.44 avg_spd=1.50m/s end=collision t=  924.5s
[TRAIN][PPO] ep=281/500 r= -301.91 avg10= -292.26 steps=1567 succ10=0.00 touch10=0.00 col10=0.90 to10=0.00 min_d= 3.44 avg_spd=1.49m/s end=collision t=  934.9s
[TRAIN][PPO] ep=282/500 r=   -7.51 avg10= -292.29 steps= 151 succ10=0.00 touch10=0.00 col10=0.90 to10=0.00 min_d= 3.73 avg_spd=1.62m/s end=collision t=  935.9s
[TRAIN][PPO] ep=283/500 r= -505.57 avg10= -342.09 steps=1888 succ10=0.00 touch10=0.00 col10=0.90 to10=0.00 min_d= 3.65 avg_spd=1.45m/s end=collision t=  949.3s
[TRAIN][PPO] ep=284/500 r=   22.55 avg10= -288.06 steps= 273 succ10=0.00 touch10=0.00 col10=0.90 to10=0.00 min_d= 3.56 avg_spd=1.65m/s end=collision t=  951.9s
[TRAIN][PPO] ep=285/500 r= -493.44 avg10= -336.52 steps=1857 succ10=0.00 touch10=0.00 col10=0.90 to10=0.00 min_d= 3.51 avg_spd=1.46m/s end=collision t=  965.3s
[TRAIN][PPO] ep=286/500 r= -512.33 avg10= -338.90 steps=1885 succ10=0.00 touch10=0.00 col10=0.90 to10=0.00 min_d= 3.70 avg_spd=1.46m/s end=collision t=  978.1s
[TRAIN][PPO] ep=287/500 r= -148.82 avg10= -305.31 steps= 825 succ10=0.00 touch10=0.00 col10=0.90 to10=0.00 min_d= 3.65 avg_spd=1.50m/s end=collision t=  984.1s
[TRAIN][PPO] ep=288/500 r= -361.66 avg10= -311.21 steps=1243 succ10=0.00 touch10=0.00 col10=0.90 to10=0.00 min_d= 3.84 avg_spd=1.46m/s end=collision t=  993.6s
[TRAIN][PPO] ep=289/500 r= -508.88 avg10= -312.09 steps=1865 succ10=0.00 touch10=0.00 col10=1.00 to10=0.00 min_d= 3.57 avg_spd=1.45m/s end=collision t= 1006.7s
[TRAIN][PPO] ep=290/500 r= -500.52 avg10= -331.81 steps=2269 succ10=0.00 touch10=0.00 col10=0.90 to10=0.00 min_d= 3.58 avg_spd=1.47m/s end=low_score t= 1023.2s
[TRAIN][PPO] ep=291/500 r= -486.16 avg10= -350.23 steps=1862 succ10=0.00 touch10=0.00 col10=0.90 to10=0.00 min_d= 3.49 avg_spd=1.46m/s end=collision t= 1036.9s
[TRAIN][PPO] ep=292/500 r= -150.05 avg10= -364.49 steps= 816 succ10=0.00 touch10=0.00 col10=0.90 to10=0.00 min_d= 3.64 avg_spd=1.52m/s end=collision t= 1044.0s
[TRAIN][PPO] ep=293/500 r= -480.84 avg10= -362.01 steps=1866 succ10=0.00 touch10=0.00 col10=0.90 to10=0.00 min_d= 3.47 avg_spd=1.47m/s end=collision t= 1056.5s
[TRAIN][PPO] ep=294/500 r= -493.71 avg10= -413.64 steps=1866 succ10=0.00 touch10=0.00 col10=0.90 to10=0.00 min_d= 3.49 avg_spd=1.47m/s end=collision t= 1069.4s
[TRAIN][PPO] ep=295/500 r= -500.51 avg10= -414.35 steps=2287 succ10=0.00 touch10=0.00 col10=0.80 to10=0.00 min_d= 3.53 avg_spd=1.49m/s end=low_score t= 1086.1s
[TRAIN][PPO] ep=296/500 r= -490.19 avg10= -412.13 steps=1876 succ10=0.00 touch10=0.00 col10=0.80 to10=0.00 min_d= 3.52 avg_spd=1.48m/s end=collision t= 1100.9s
[TRAIN][PPO] ep=297/500 r= -513.05 avg10= -448.56 steps=1902 succ10=0.00 touch10=0.00 col10=0.80 to10=0.00 min_d= 3.67 avg_spd=1.48m/s end=collision t= 1113.6s
[TRAIN][PPO] ep=298/500 r=   -3.06 avg10= -412.70 steps= 173 succ10=0.00 touch10=0.00 col10=0.80 to10=0.00 min_d= 3.74 avg_spd=1.72m/s end=collision t= 1114.9s
[TRAIN][PPO] ep=299/500 r= -361.06 avg10= -397.91 steps=1247 succ10=0.00 touch10=0.00 col10=0.80 to10=0.00 min_d= 3.70 avg_spd=1.47m/s end=collision t= 1123.2s
[TRAIN][PPO] ep=300/500 r= -500.01 avg10= -397.86 steps=2372 succ10=0.00 touch10=0.00 col10=0.80 to10=0.00 min_d= 3.41 avg_spd=1.50m/s end=low_score t= 1141.1s ckpt=latest
[TRAIN][PPO] ep=301/500 r= -492.55 avg10= -398.50 steps=1846 succ10=0.00 touch10=0.00 col10=0.80 to10=0.00 min_d= 3.46 avg_spd=1.49m/s end=collision t= 1153.8s
[TRAIN][PPO] ep=302/500 r= -506.01 avg10= -434.10 steps=1869 succ10=0.00 touch10=0.00 col10=0.80 to10=0.00 min_d= 3.56 avg_spd=1.47m/s end=collision t= 1167.3s
[TRAIN][PPO] ep=303/500 r= -369.25 avg10= -422.94 steps=1209 succ10=0.00 touch10=0.00 col10=0.80 to10=0.00 min_d= 3.74 avg_spd=1.48m/s end=collision t= 1176.1s
[TRAIN][PPO] ep=304/500 r=  -12.71 avg10= -374.84 steps= 135 succ10=0.00 touch10=0.00 col10=0.80 to10=0.00 min_d= 3.72 avg_spd=1.74m/s end=collision t= 1177.8s
[TRAIN][PPO] ep=305/500 r= -356.84 avg10= -360.47 steps=1238 succ10=0.00 touch10=0.00 col10=0.90 to10=0.00 min_d= 3.61 avg_spd=1.48m/s end=collision t= 1186.6s
[TRAIN][PPO] ep=306/500 r= -481.80 avg10= -359.63 steps=1856 succ10=0.00 touch10=0.00 col10=0.90 to10=0.00 min_d= 3.47 avg_spd=1.49m/s end=collision t= 1199.9s
[TRAIN][PPO] ep=307/500 r=   -6.11 avg10= -308.94 steps= 150 succ10=0.00 touch10=0.00 col10=0.90 to10=0.00 min_d= 3.75 avg_spd=1.75m/s end=collision t= 1200.9s
[TRAIN][PPO] ep=308/500 r= -483.09 avg10= -356.94 steps=1860 succ10=0.00 touch10=0.00 col10=0.90 to10=0.00 min_d= 3.45 avg_spd=1.48m/s end=collision t= 1214.1s
[TRAIN][PPO] ep=309/500 r= -503.67 avg10= -371.20 steps=1873 succ10=0.00 touch10=0.00 col10=0.90 to10=0.00 min_d= 3.59 avg_spd=1.49m/s end=collision t= 1227.6s
[TRAIN][PPO] ep=310/500 r= -313.47 avg10= -352.55 steps=1569 succ10=0.00 touch10=0.00 col10=1.00 to10=0.00 min_d= 3.42 avg_spd=1.53m/s end=collision t= 1238.8s
[TRAIN][PPO] ep=311/500 r= -500.16 avg10= -353.31 steps=1880 succ10=0.00 touch10=0.00 col10=1.00 to10=0.00 min_d= 3.54 avg_spd=1.49m/s end=collision t= 1251.7s
[TRAIN][PPO] ep=312/500 r= -304.52 avg10= -333.16 steps=1571 succ10=0.00 touch10=0.00 col10=1.00 to10=0.00 min_d= 3.41 avg_spd=1.54m/s end=collision t= 1263.7s
[TRAIN][PPO] ep=313/500 r= -133.98 avg10= -309.64 steps= 917 succ10=0.00 touch10=0.00 col10=1.00 to10=0.00 min_d= 3.44 avg_spd=1.57m/s end=collision t= 1270.3s
[TRAIN][PPO] ep=314/500 r= -298.44 avg10= -338.21 steps=1568 succ10=0.00 touch10=0.00 col10=1.00 to10=0.00 min_d= 3.41 avg_spd=1.53m/s end=collision t= 1281.6s
[TRAIN][PPO] ep=315/500 r= -298.09 avg10= -332.33 steps=1565 succ10=0.00 touch10=0.00 col10=1.00 to10=0.00 min_d= 3.39 avg_spd=1.53m/s end=collision t= 1292.7s
[TRAIN][PPO] ep=316/500 r= -289.03 avg10= -313.06 steps=1573 succ10=0.00 touch10=0.00 col10=1.00 to10=0.00 min_d= 3.46 avg_spd=1.53m/s end=collision t= 1305.1s
[TRAIN][PPO] ep=317/500 r= -347.94 avg10= -347.24 steps=1227 succ10=0.00 touch10=0.00 col10=1.00 to10=0.00 min_d= 3.53 avg_spd=1.50m/s end=collision t= 1314.2s
[TRAIN][PPO] ep=318/500 r= -280.04 avg10= -326.93 steps=1575 succ10=0.00 touch10=0.00 col10=1.00 to10=0.00 min_d= 3.39 avg_spd=1.56m/s end=collision t= 1325.6s
[TRAIN][PPO] ep=319/500 r= -149.17 avg10= -291.48 steps= 825 succ10=0.00 touch10=0.00 col10=1.00 to10=0.00 min_d= 3.57 avg_spd=1.55m/s end=collision t= 1331.6s
[TRAIN][PPO] ep=320/500 r= -478.70 avg10= -308.01 steps=2007 succ10=0.00 touch10=0.00 col10=1.00 to10=0.00 min_d= 3.57 avg_spd=1.51m/s end=collision t= 1347.1s
[TRAIN][PPO] ep=321/500 r= -366.50 avg10= -294.64 steps=1216 succ10=0.00 touch10=0.00 col10=1.00 to10=0.00 min_d= 3.61 avg_spd=1.50m/s end=collision t= 1355.4s
[TRAIN][PPO] ep=322/500 r= -292.03 avg10= -293.39 steps=1562 succ10=0.00 touch10=0.00 col10=1.00 to10=0.00 min_d= 3.33 avg_spd=1.56m/s end=collision t= 1366.8s
[TRAIN][PPO] ep=323/500 r= -284.96 avg10= -308.49 steps=1571 succ10=0.00 touch10=0.00 col10=1.00 to10=0.00 min_d= 3.42 avg_spd=1.54m/s end=collision t= 1378.2s
[TRAIN][PPO] ep=324/500 r= -498.21 avg10= -328.47 steps=1866 succ10=0.00 touch10=0.00 col10=1.00 to10=0.00 min_d= 3.48 avg_spd=1.52m/s end=collision t= 1391.8s
[TRAIN][PPO] ep=325/500 r=   -7.05 avg10= -299.36 steps= 148 succ10=0.00 touch10=0.00 col10=1.00 to10=0.00 min_d= 3.73 avg_spd=1.76m/s end=collision t= 1392.8s
[TRAIN][PPO] ep=326/500 r= -437.89 avg10= -314.25 steps=2216 succ10=0.00 touch10=0.00 col10=1.00 to10=0.00 min_d= 3.36 avg_spd=1.55m/s end=collision t= 1408.1s
[TRAIN][PPO] ep=327/500 r=   -6.88 avg10= -280.14 steps= 162 succ10=0.00 touch10=0.00 col10=1.00 to10=0.00 min_d= 3.70 avg_spd=1.76m/s end=collision t= 1409.1s
[TRAIN][PPO] ep=328/500 r= -300.06 avg10= -282.14 steps=1565 succ10=0.00 touch10=0.00 col10=1.00 to10=0.00 min_d= 3.39 avg_spd=1.57m/s end=collision t= 1420.5s
[TRAIN][PPO] ep=329/500 r= -500.86 avg10= -317.31 steps=1849 succ10=0.00 touch10=0.00 col10=1.00 to10=0.00 min_d= 3.46 avg_spd=1.52m/s end=collision t= 1434.1s
[TRAIN][PPO] ep=330/500 r= -162.16 avg10= -285.66 steps= 922 succ10=0.00 touch10=0.00 col10=1.00 to10=0.00 min_d= 3.53 avg_spd=1.59m/s end=collision t= 1440.2s
[TRAIN][PPO] ep=331/500 r=   -0.63 avg10= -249.07 steps= 172 succ10=0.00 touch10=0.00 col10=1.00 to10=0.00 min_d= 3.65 avg_spd=1.75m/s end=collision t= 1441.5s
[TRAIN][PPO] ep=332/500 r= -137.32 avg10= -233.60 steps= 913 succ10=0.00 touch10=0.00 col10=1.00 to10=0.00 min_d= 3.47 avg_spd=1.60m/s end=collision t= 1448.2s
[TRAIN][PPO] ep=333/500 r= -332.57 avg10= -238.36 steps=1335 succ10=0.00 touch10=0.00 col10=1.00 to10=0.00 min_d= 3.49 avg_spd=1.55m/s end=collision t= 1457.6s
[TRAIN][PPO] ep=334/500 r= -273.44 avg10= -215.89 steps=1576 succ10=0.00 touch10=0.00 col10=1.00 to10=0.00 min_d= 3.40 avg_spd=1.56m/s end=collision t= 1468.9s
[TRAIN][PPO] ep=335/500 r= -364.34 avg10= -251.61 steps=1239 succ10=0.00 touch10=0.00 col10=1.00 to10=0.00 min_d= 3.73 avg_spd=1.50m/s end=collision t= 1477.6s
[TRAIN][PPO] ep=336/500 r= -285.93 avg10= -236.42 steps=1564 succ10=0.00 touch10=0.00 col10=1.00 to10=0.00 min_d= 3.36 avg_spd=1.58m/s end=collision t= 1489.5s
[TRAIN][PPO] ep=337/500 r= -361.93 avg10= -271.92 steps=1240 succ10=0.00 touch10=0.00 col10=1.00 to10=0.00 min_d= 3.72 avg_spd=1.51m/s end=collision t= 1498.1s
[TRAIN][PPO] ep=338/500 r= -296.16 avg10= -271.53 steps=1560 succ10=0.00 touch10=0.00 col10=1.00 to10=0.00 min_d= 3.42 avg_spd=1.57m/s end=collision t= 1508.6s
[TRAIN][PPO] ep=339/500 r= -150.26 avg10= -236.47 steps= 915 succ10=0.00 touch10=0.00 col10=1.00 to10=0.00 min_d= 3.46 avg_spd=1.62m/s end=collision t= 1514.7s
[TRAIN][PPO] ep=340/500 r= -114.07 avg10= -231.66 steps= 922 succ10=0.00 touch10=0.00 col10=1.00 to10=0.00 min_d= 3.38 avg_spd=1.60m/s end=collision t= 1522.1s
[TRAIN][PPO] ep=341/500 r= -277.15 avg10= -259.32 steps=1566 succ10=0.00 touch10=0.00 col10=1.00 to10=0.00 min_d= 3.34 avg_spd=1.58m/s end=collision t= 1533.2s
[TRAIN][PPO] ep=342/500 r= -296.42 avg10= -275.23 steps=1564 succ10=0.00 touch10=0.00 col10=1.00 to10=0.00 min_d= 3.31 avg_spd=1.59m/s end=collision t= 1544.6s
[TRAIN][PPO] ep=343/500 r= -117.83 avg10= -253.75 steps= 922 succ10=0.00 touch10=0.00 col10=1.00 to10=0.00 min_d= 3.37 avg_spd=1.65m/s end=collision t= 1551.5s
[TRAIN][PPO] ep=344/500 r= -300.99 avg10= -256.51 steps=1562 succ10=0.00 touch10=0.00 col10=1.00 to10=0.00 min_d= 3.32 avg_spd=1.60m/s end=collision t= 1564.4s
[TRAIN][PPO] ep=345/500 r=   -2.45 avg10= -220.32 steps= 169 succ10=0.00 touch10=0.00 col10=1.00 to10=0.00 min_d= 3.63 avg_spd=1.80m/s end=collision t= 1565.7s
[TRAIN][PPO] ep=346/500 r= -142.98 avg10= -206.02 steps= 823 succ10=0.00 touch10=0.00 col10=1.00 to10=0.00 min_d= 3.54 avg_spd=1.60m/s end=collision t= 1571.2s
[TRAIN][PPO] ep=347/500 r= -143.45 avg10= -184.18 steps= 915 succ10=0.00 touch10=0.00 col10=1.00 to10=0.00 min_d= 3.49 avg_spd=1.64m/s end=collision t= 1577.7s
[TRAIN][PPO] ep=348/500 r= -284.59 avg10= -183.02 steps=1559 succ10=0.00 touch10=0.00 col10=1.00 to10=0.00 min_d= 3.37 avg_spd=1.60m/s end=collision t= 1588.8s
[TRAIN][PPO] ep=349/500 r= -123.91 avg10= -180.38 steps=1065 succ10=0.00 touch10=0.00 col10=1.00 to10=0.00 min_d= 3.12 avg_spd=1.66m/s end=collision t= 1596.3s
[TRAIN][PPO] ep=350/500 r= -146.52 avg10= -183.63 steps= 808 succ10=0.00 touch10=0.00 col10=1.00 to10=0.00 min_d= 3.55 avg_spd=1.58m/s end=collision t= 1602.0s
[TRAIN][PPO] ep=351/500 r= -367.24 avg10= -192.64 steps=1207 succ10=0.00 touch10=0.00 col10=1.00 to10=0.00 min_d= 3.60 avg_spd=1.52m/s end=collision t= 1610.4s
[TRAIN][PPO] ep=352/500 r=    2.57 avg10= -162.74 steps= 177 succ10=0.00 touch10=0.00 col10=1.00 to10=0.00 min_d= 3.65 avg_spd=1.85m/s end=collision t= 1612.5s
[TRAIN][PPO] ep=353/500 r=   -0.61 avg10= -151.02 steps= 161 succ10=0.00 touch10=0.00 col10=1.00 to10=0.00 min_d= 3.63 avg_spd=1.93m/s end=collision t= 1613.7s
[TRAIN][PPO] ep=354/500 r=   23.62 avg10= -118.56 steps= 265 succ10=0.00 touch10=0.00 col10=1.00 to10=0.00 min_d= 3.42 avg_spd=1.87m/s end=collision t= 1615.5s
[TRAIN][PPO] ep=355/500 r= -113.97 avg10= -129.71 steps= 927 succ10=0.00 touch10=0.00 col10=1.00 to10=0.00 min_d= 3.36 avg_spd=1.64m/s end=collision t= 1621.9s
[TRAIN][PPO] ep=356/500 r= -338.39 avg10= -149.25 steps=1339 succ10=0.00 touch10=0.00 col10=1.00 to10=0.00 min_d= 3.49 avg_spd=1.56m/s end=collision t= 1632.3s
[TRAIN][PPO] ep=357/500 r= -331.69 avg10= -168.07 steps=1749 succ10=0.00 touch10=0.00 col10=1.00 to10=0.00 min_d= 3.14 avg_spd=1.62m/s end=collision t= 1644.9s
[TRAIN][PPO] ep=358/500 r=   -6.31 avg10= -140.24 steps= 143 succ10=0.00 touch10=0.00 col10=1.00 to10=0.00 min_d= 3.61 avg_spd=1.88m/s end=collision t= 1645.9s
[TRAIN][PPO] ep=359/500 r= -137.89 avg10= -141.64 steps= 913 succ10=0.00 touch10=0.00 col10=1.00 to10=0.00 min_d= 3.41 avg_spd=1.64m/s end=collision t= 1652.5s
[TRAIN][PPO] ep=360/500 r= -154.09 avg10= -142.40 steps= 909 succ10=0.00 touch10=0.00 col10=1.00 to10=0.00 min_d= 3.55 avg_spd=1.66m/s end=collision t= 1659.6s
[TRAIN][PPO] ep=361/500 r=   -1.66 avg10= -105.84 steps= 158 succ10=0.00 touch10=0.00 col10=1.00 to10=0.00 min_d= 3.65 avg_spd=1.89m/s end=collision t= 1660.7s
[TRAIN][PPO] ep=362/500 r= -150.24 avg10= -121.12 steps= 912 succ10=0.00 touch10=0.00 col10=1.00 to10=0.00 min_d= 3.51 avg_spd=1.66m/s end=collision t= 1667.3s
[TRAIN][PPO] ep=363/500 r=   24.89 avg10= -118.57 steps= 265 succ10=0.00 touch10=0.00 col10=1.00 to10=0.00 min_d= 3.42 avg_spd=1.92m/s end=collision t= 1669.2s
[TRAIN][PPO] ep=364/500 r= -137.94 avg10= -134.73 steps= 913 succ10=0.00 touch10=0.00 col10=1.00 to10=0.00 min_d= 3.35 avg_spd=1.66m/s end=collision t= 1676.1s
[TRAIN][PPO] ep=365/500 r= -145.40 avg10= -137.87 steps= 806 succ10=0.00 touch10=0.00 col10=1.00 to10=0.00 min_d= 3.54 avg_spd=1.64m/s end=collision t= 1681.8s
[TRAIN][PPO] ep=366/500 r= -129.37 avg10= -116.97 steps= 918 succ10=0.00 touch10=0.00 col10=1.00 to10=0.00 min_d= 3.37 avg_spd=1.63m/s end=collision t= 1688.3s
[TRAIN][PPO] ep=367/500 r= -146.54 avg10=  -98.46 steps= 903 succ10=0.00 touch10=0.00 col10=1.00 to10=0.00 min_d= 3.39 avg_spd=1.66m/s end=collision t= 1694.8s
[TRAIN][PPO] ep=368/500 r=   23.86 avg10=  -95.44 steps= 267 succ10=0.00 touch10=0.00 col10=1.00 to10=0.00 min_d= 3.38 avg_spd=1.95m/s end=collision t= 1697.4s
[TRAIN][PPO] ep=369/500 r= -136.53 avg10=  -95.30 steps= 915 succ10=0.00 touch10=0.00 col10=1.00 to10=0.00 min_d= 3.36 avg_spd=1.70m/s end=collision t= 1704.1s
[TRAIN][PPO] ep=370/500 r= -289.24 avg10= -108.82 steps=1566 succ10=0.00 touch10=0.00 col10=1.00 to10=0.00 min_d= 3.28 avg_spd=1.61m/s end=collision t= 1715.1s
[TRAIN][PPO] ep=371/500 r= -287.90 avg10= -137.44 steps=1563 succ10=0.00 touch10=0.00 col10=1.00 to10=0.00 min_d= 3.31 avg_spd=1.62m/s end=collision t= 1726.5s
[TRAIN][PPO] ep=372/500 r=   -2.68 avg10= -122.69 steps= 153 succ10=0.00 touch10=0.00 col10=1.00 to10=0.00 min_d= 3.56 avg_spd=1.87m/s end=collision t= 1728.5s
[TRAIN][PPO] ep=373/500 r=   17.08 avg10= -123.47 steps= 262 succ10=0.00 touch10=0.00 col10=1.00 to10=0.00 min_d= 3.44 avg_spd=1.89m/s end=collision t= 1730.2s
[TRAIN][PPO] ep=374/500 r= -152.43 avg10= -124.92 steps= 791 succ10=0.00 touch10=0.00 col10=1.00 to10=0.00 min_d= 3.56 avg_spd=1.62m/s end=collision t= 1735.7s
[TRAIN][PPO] ep=375/500 r= -108.86 avg10= -121.26 steps=1080 succ10=0.00 touch10=0.00 col10=1.00 to10=0.00 min_d= 3.09 avg_spd=1.71m/s end=collision t= 1743.3s
[TRAIN][PPO] ep=376/500 r=   -0.01 avg10= -108.33 steps= 170 succ10=0.00 touch10=0.00 col10=1.00 to10=0.00 min_d= 3.65 avg_spd=1.87m/s end=collision t= 1745.0s
[TRAIN][PPO] ep=377/500 r=   -3.62 avg10=  -94.03 steps= 150 succ10=0.00 touch10=0.00 col10=1.00 to10=0.00 min_d= 3.62 avg_spd=1.92m/s end=collision t= 1746.0s
[TRAIN][PPO] ep=378/500 r= -156.82 avg10= -112.10 steps= 902 succ10=0.00 touch10=0.00 col10=1.00 to10=0.00 min_d= 3.42 avg_spd=1.67m/s end=collision t= 1752.5s
[TRAIN][PPO] ep=379/500 r= -316.90 avg10= -130.14 steps=1847 succ10=0.00 touch10=0.00 col10=1.00 to10=0.00 min_d= 2.88 avg_spd=1.65m/s end=collision t= 1765.6s
[TRAIN][PPO] ep=380/500 r=   -6.82 avg10= -101.90 steps= 142 succ10=0.00 touch10=0.00 col10=1.00 to10=0.00 min_d= 3.61 avg_spd=1.88m/s end=collision t= 1767.3s
[TRAIN][PPO] ep=381/500 r= -139.61 avg10=  -87.07 steps= 914 succ10=0.00 touch10=0.00 col10=1.00 to10=0.00 min_d= 3.35 avg_spd=1.68m/s end=collision t= 1773.6s
[TRAIN][PPO] ep=382/500 r=   -0.99 avg10=  -86.90 steps= 158 succ10=0.00 touch10=0.00 col10=1.00 to10=0.00 min_d= 3.55 avg_spd=1.94m/s end=collision t= 1774.8s
[TRAIN][PPO] ep=383/500 r=  -12.63 avg10=  -89.87 steps= 123 succ10=0.00 touch10=0.00 col10=1.00 to10=0.00 min_d= 3.72 avg_spd=1.98m/s end=collision t= 1775.8s
[TRAIN][PPO] ep=384/500 r= -146.53 avg10=  -89.28 steps=1085 succ10=0.00 touch10=0.00 col10=1.00 to10=0.00 min_d= 3.13 avg_spd=1.68m/s end=collision t= 1784.2s
[TRAIN][PPO] ep=385/500 r= -150.79 avg10=  -93.47 steps= 907 succ10=0.00 touch10=0.00 col10=1.00 to10=0.00 min_d= 3.49 avg_spd=1.69m/s end=collision t= 1790.3s
[TRAIN][PPO] ep=386/500 r=   -8.21 avg10=  -94.29 steps= 136 succ10=0.00 touch10=0.00 col10=1.00 to10=0.00 min_d= 3.61 avg_spd=1.91m/s end=collision t= 1791.3s
[TRAIN][PPO] ep=387/500 r=   -4.53 avg10=  -94.38 steps= 147 succ10=0.00 touch10=0.00 col10=1.00 to10=0.00 min_d= 3.61 avg_spd=1.85m/s end=collision t= 1792.4s
[TRAIN][PPO] ep=388/500 r=   31.60 avg10=  -75.54 steps= 270 succ10=0.00 touch10=0.00 col10=1.00 to10=0.00 min_d= 3.37 avg_spd=1.91m/s end=collision t= 1794.8s
[TRAIN][PPO] ep=389/500 r= -136.75 avg10=  -57.53 steps= 915 succ10=0.00 touch10=0.00 col10=1.00 to10=0.00 min_d= 3.32 avg_spd=1.67m/s end=collision t= 1801.5s
[TRAIN][PPO] ep=390/500 r=   -0.82 avg10=  -56.93 steps= 160 succ10=0.00 touch10=0.00 col10=1.00 to10=0.00 min_d= 3.62 avg_spd=1.92m/s end=collision t= 1802.6s
[TRAIN][PPO] ep=391/500 r=   23.59 avg10=  -40.61 steps= 269 succ10=0.00 touch10=0.00 col10=1.00 to10=0.00 min_d= 3.40 avg_spd=1.94m/s end=collision t= 1804.4s
[TRAIN][PPO] ep=392/500 r= -308.14 avg10=  -71.32 steps=1407 succ10=0.00 touch10=0.00 col10=1.00 to10=0.00 min_d= 3.14 avg_spd=1.62m/s end=collision t= 1814.8s
[TRAIN][PPO] ep=393/500 r= -160.82 avg10=  -86.14 steps= 908 succ10=0.00 touch10=0.00 col10=1.00 to10=0.00 min_d= 3.44 avg_spd=1.67m/s end=collision t= 1821.1s
[TRAIN][PPO] ep=394/500 r= -126.22 avg10=  -84.11 steps= 916 succ10=0.00 touch10=0.00 col10=1.00 to10=0.00 min_d= 3.34 avg_spd=1.70m/s end=collision t= 1827.1s
[TRAIN][PPO] ep=395/500 r=   14.54 avg10=  -67.58 steps= 260 succ10=0.00 touch10=0.00 col10=1.00 to10=0.00 min_d= 3.44 avg_spd=1.93m/s end=collision t= 1829.0s
[TRAIN][PPO] ep=396/500 r=   -0.02 avg10=  -66.76 steps= 169 succ10=0.00 touch10=0.00 col10=1.00 to10=0.00 min_d= 3.56 avg_spd=1.88m/s end=collision t= 1830.7s
[TRAIN][PPO] ep=397/500 r=   -0.95 avg10=  -66.40 steps= 163 succ10=0.00 touch10=0.00 col10=1.00 to10=0.00 min_d= 3.56 avg_spd=1.89m/s end=collision t= 1831.8s
[TRAIN][PPO] ep=398/500 r= -133.26 avg10=  -82.88 steps= 913 succ10=0.00 touch10=0.00 col10=1.00 to10=0.00 min_d= 3.31 avg_spd=1.67m/s end=collision t= 1838.1s
[TRAIN][PPO] ep=399/500 r=   11.47 avg10=  -68.06 steps= 270 succ10=0.00 touch10=0.00 col10=1.00 to10=0.00 min_d= 3.58 avg_spd=1.96m/s end=collision t= 1840.2s
[TRAIN][PPO] ep=400/500 r= -172.75 avg10=  -85.26 steps= 914 succ10=0.00 touch10=0.00 col10=1.00 to10=0.00 min_d= 3.45 avg_spd=1.64m/s end=collision t= 1847.2s ckpt=latest
[TRAIN][PPO] ep=401/500 r=   -1.99 avg10=  -87.81 steps= 185 succ10=0.00 touch10=0.00 col10=1.00 to10=0.00 min_d= 3.65 avg_spd=1.96m/s end=collision t= 1848.5s
[TRAIN][PPO] ep=402/500 r= -124.39 avg10=  -69.44 steps= 924 succ10=0.00 touch10=0.00 col10=1.00 to10=0.00 min_d= 3.26 avg_spd=1.69m/s end=collision t= 1855.0s
[TRAIN][PPO] ep=403/500 r= -144.78 avg10=  -67.83 steps= 904 succ10=0.00 touch10=0.00 col10=1.00 to10=0.00 min_d= 3.37 avg_spd=1.68m/s end=collision t= 1861.1s
[TRAIN][PPO] ep=404/500 r=   15.86 avg10=  -53.63 steps= 267 succ10=0.00 touch10=0.00 col10=1.00 to10=0.00 min_d= 3.52 avg_spd=1.92m/s end=collision t= 1863.5s
[TRAIN][PPO] ep=405/500 r=   -6.84 avg10=  -55.76 steps= 137 succ10=0.00 touch10=0.00 col10=1.00 to10=0.00 min_d= 3.61 avg_spd=1.92m/s end=collision t= 1864.5s
[TRAIN][PPO] ep=406/500 r=   -2.97 avg10=  -56.06 steps= 154 succ10=0.00 touch10=0.00 col10=1.00 to10=0.00 min_d= 3.64 avg_spd=1.88m/s end=collision t= 1865.7s
[TRAIN][PPO] ep=407/500 r= -145.85 avg10=  -70.55 steps= 805 succ10=0.00 touch10=0.00 col10=1.00 to10=0.00 min_d= 3.53 avg_spd=1.64m/s end=collision t= 1871.3s
[TRAIN][PPO] ep=408/500 r= -140.44 avg10=  -71.27 steps= 907 succ10=0.00 touch10=0.00 col10=1.00 to10=0.00 min_d= 3.40 avg_spd=1.65m/s end=collision t= 1877.8s
[TRAIN][PPO] ep=409/500 r= -146.03 avg10=  -87.02 steps= 897 succ10=0.00 touch10=0.00 col10=1.00 to10=0.00 min_d= 3.37 avg_spd=1.68m/s end=collision t= 1884.1s
[TRAIN][PPO] ep=410/500 r= -135.70 avg10=  -83.31 steps= 908 succ10=0.00 touch10=0.00 col10=1.00 to10=0.00 min_d= 3.33 avg_spd=1.69m/s end=collision t= 1890.6s
[TRAIN][PPO] ep=411/500 r= -160.70 avg10=  -99.18 steps= 906 succ10=0.00 touch10=0.00 col10=1.00 to10=0.00 min_d= 3.43 avg_spd=1.68m/s end=collision t= 1896.9s
[TRAIN][PPO] ep=412/500 r= -155.09 avg10= -102.25 steps= 901 succ10=0.00 touch10=0.00 col10=1.00 to10=0.00 min_d= 3.42 avg_spd=1.67m/s end=collision t= 1903.9s
[TRAIN][PPO] ep=413/500 r= -119.30 avg10=  -99.71 steps= 929 succ10=0.00 touch10=0.00 col10=1.00 to10=0.00 min_d= 3.33 avg_spd=1.68m/s end=collision t= 1910.6s
[TRAIN][PPO] ep=414/500 r=   29.70 avg10=  -98.32 steps= 270 succ10=0.00 touch10=0.00 col10=1.00 to10=0.00 min_d= 3.36 avg_spd=1.92m/s end=collision t= 1912.7s
[TRAIN][PPO] ep=415/500 r=   -3.84 avg10=  -98.02 steps= 149 succ10=0.00 touch10=0.00 col10=1.00 to10=0.00 min_d= 3.64 avg_spd=1.93m/s end=collision t= 1913.8s
[TRAIN][PPO] ep=416/500 r= -142.54 avg10= -111.98 steps= 908 succ10=0.00 touch10=0.00 col10=1.00 to10=0.00 min_d= 3.46 avg_spd=1.68m/s end=collision t= 1920.9s
[TRAIN][PPO] ep=417/500 r= -132.12 avg10= -110.61 steps= 914 succ10=0.00 touch10=0.00 col10=1.00 to10=0.00 min_d= 3.31 avg_spd=1.68m/s end=collision t= 1927.0s
[TRAIN][PPO] ep=418/500 r=   -1.41 avg10=  -96.70 steps= 168 succ10=0.00 touch10=0.00 col10=1.00 to10=0.00 min_d= 3.65 avg_spd=1.94m/s end=collision t= 1928.2s
[TRAIN][PPO] ep=419/500 r= -135.22 avg10=  -95.62 steps= 915 succ10=0.00 touch10=0.00 col10=1.00 to10=0.00 min_d= 3.36 avg_spd=1.68m/s end=collision t= 1934.6s
[TRAIN][PPO] ep=420/500 r=    8.42 avg10=  -81.21 steps= 259 succ10=0.00 touch10=0.00 col10=1.00 to10=0.00 min_d= 3.49 avg_spd=1.97m/s end=collision t= 1936.9s
[TRAIN][PPO] ep=421/500 r= -125.13 avg10=  -77.65 steps= 924 succ10=0.00 touch10=0.00 col10=1.00 to10=0.00 min_d= 3.34 avg_spd=1.70m/s end=collision t= 1943.6s
[TRAIN][PPO] ep=422/500 r= -143.07 avg10=  -76.45 steps= 913 succ10=0.00 touch10=0.00 col10=1.00 to10=0.00 min_d= 3.29 avg_spd=1.73m/s end=collision t= 1950.1s
[TRAIN][PPO] ep=423/500 r=   -7.76 avg10=  -65.30 steps= 135 succ10=0.00 touch10=0.00 col10=1.00 to10=0.00 min_d= 3.60 avg_spd=1.92m/s end=collision t= 1951.2s
[TRAIN][PPO] ep=424/500 r=    5.34 avg10=  -67.73 steps= 259 succ10=0.00 touch10=0.00 col10=1.00 to10=0.00 min_d= 3.50 avg_spd=1.96m/s end=collision t= 1953.5s
[TRAIN][PPO] ep=425/500 r=   -0.45 avg10=  -67.40 steps= 157 succ10=0.00 touch10=0.00 col10=1.00 to10=0.00 min_d= 3.56 avg_spd=1.98m/s end=collision t= 1954.5s
[TRAIN][PPO] ep=426/500 r=   -3.09 avg10=  -53.45 steps= 150 succ10=0.00 touch10=0.00 col10=1.00 to10=0.00 min_d= 3.65 avg_spd=1.95m/s end=collision t= 1955.5s
[TRAIN][PPO] ep=427/500 r=    1.43 avg10=  -40.10 steps= 269 succ10=0.00 touch10=0.00 col10=1.00 to10=0.00 min_d= 3.60 avg_spd=1.97m/s end=collision t= 1957.3s
[TRAIN][PPO] ep=428/500 r=  -10.53 avg10=  -41.01 steps= 134 succ10=0.00 touch10=0.00 col10=1.00 to10=0.00 min_d= 3.65 avg_spd=1.88m/s end=collision t= 1958.4s
[TRAIN][PPO] ep=429/500 r= -151.46 avg10=  -42.63 steps= 795 succ10=0.00 touch10=0.00 col10=1.00 to10=0.00 min_d= 3.54 avg_spd=1.67m/s end=collision t= 1964.0s
[TRAIN][PPO] ep=430/500 r=   -4.43 avg10=  -43.92 steps= 139 succ10=0.00 touch10=0.00 col10=1.00 to10=0.00 min_d= 3.57 avg_spd=2.04m/s end=collision t= 1965.0s
[TRAIN][PPO] ep=431/500 r=   -4.62 avg10=  -31.86 steps= 141 succ10=0.00 touch10=0.00 col10=1.00 to10=0.00 min_d= 3.63 avg_spd=2.02m/s end=collision t= 1966.0s
[TRAIN][PPO] ep=432/500 r=   -7.95 avg10=  -18.35 steps= 132 succ10=0.00 touch10=0.00 col10=1.00 to10=0.00 min_d= 3.58 avg_spd=1.99m/s end=collision t= 1967.3s
[TRAIN][PPO] ep=433/500 r=   18.80 avg10=  -15.70 steps= 413 succ10=0.00 touch10=0.00 col10=1.00 to10=0.00 min_d= 3.12 avg_spd=1.94m/s end=collision t= 1970.2s
[TRAIN][PPO] ep=434/500 r=   26.32 avg10=  -13.60 steps= 272 succ10=0.00 touch10=0.00 col10=1.00 to10=0.00 min_d= 3.31 avg_spd=1.99m/s end=collision t= 1972.0s
[TRAIN][PPO] ep=435/500 r=   20.71 avg10=  -11.48 steps= 267 succ10=0.00 touch10=0.00 col10=1.00 to10=0.00 min_d= 3.44 avg_spd=2.06m/s end=collision t= 1973.9s
[TRAIN][PPO] ep=436/500 r=   24.56 avg10=   -8.72 steps= 267 succ10=0.00 touch10=0.00 col10=1.00 to10=0.00 min_d= 3.46 avg_spd=2.01m/s end=collision t= 1976.0s
[TRAIN][PPO] ep=437/500 r=   35.31 avg10=   -5.33 steps= 281 succ10=0.00 touch10=0.00 col10=1.00 to10=0.00 min_d= 3.40 avg_spd=2.01m/s end=collision t= 1977.9s
[TRAIN][PPO] ep=438/500 r=   -4.37 avg10=   -4.71 steps= 140 succ10=0.00 touch10=0.00 col10=1.00 to10=0.00 min_d= 3.57 avg_spd=1.98m/s end=collision t= 1979.0s
[TRAIN][PPO] ep=439/500 r=  -74.00 avg10=    3.03 steps=1171 succ10=0.00 touch10=0.00 col10=1.00 to10=0.00 min_d= 2.71 avg_spd=1.81m/s end=collision t= 1987.5s
[TRAIN][PPO] ep=440/500 r= -158.72 avg10=  -12.40 steps= 819 succ10=0.00 touch10=0.00 col10=1.00 to10=0.00 min_d= 3.56 avg_spd=1.70m/s end=collision t= 1994.0s
[TRAIN][PPO] ep=441/500 r=  -12.49 avg10=  -13.18 steps= 121 succ10=0.00 touch10=0.00 col10=1.00 to10=0.00 min_d= 3.65 avg_spd=1.97m/s end=collision t= 1994.8s
[TRAIN][PPO] ep=442/500 r=   26.54 avg10=   -9.73 steps= 269 succ10=0.00 touch10=0.00 col10=1.00 to10=0.00 min_d= 3.36 avg_spd=2.04m/s end=collision t= 1996.6s
[TRAIN][PPO] ep=443/500 r=   -6.05 avg10=  -12.22 steps= 140 succ10=0.00 touch10=0.00 col10=1.00 to10=0.00 min_d= 3.65 avg_spd=1.96m/s end=collision t= 1997.6s
[TRAIN][PPO] ep=444/500 r=   -5.21 avg10=  -15.37 steps= 138 succ10=0.00 touch10=0.00 col10=1.00 to10=0.00 min_d= 3.57 avg_spd=1.98m/s end=collision t= 1998.7s
[TRAIN][PPO] ep=445/500 r=   -7.56 avg10=  -18.20 steps= 132 succ10=0.00 touch10=0.00 col10=1.00 to10=0.00 min_d= 3.59 avg_spd=1.96m/s end=collision t= 1999.6s
[TRAIN][PPO] ep=446/500 r= -143.34 avg10=  -34.99 steps= 920 succ10=0.00 touch10=0.00 col10=1.00 to10=0.00 min_d= 3.35 avg_spd=1.75m/s end=collision t= 2006.2s
[TRAIN][PPO] ep=447/500 r= -181.05 avg10=  -56.63 steps=1089 succ10=0.00 touch10=0.00 col10=1.00 to10=0.00 min_d= 3.13 avg_spd=1.74m/s end=collision t= 2014.1s
[TRAIN][PPO] ep=448/500 r=    0.53 avg10=  -56.13 steps= 257 succ10=0.00 touch10=0.00 col10=1.00 to10=0.00 min_d= 3.49 avg_spd=2.02m/s end=collision t= 2016.6s
[TRAIN][PPO] ep=449/500 r=   25.99 avg10=  -46.14 steps= 268 succ10=0.00 touch10=0.00 col10=1.00 to10=0.00 min_d= 3.37 avg_spd=1.99m/s end=collision t= 2018.5s
[TRAIN][PPO] ep=450/500 r=   -3.95 avg10=  -30.66 steps= 160 succ10=0.00 touch10=0.00 col10=1.00 to10=0.00 min_d= 3.64 avg_spd=2.08m/s end=collision t= 2019.7s
[TRAIN][PPO] ep=451/500 r= -166.06 avg10=  -46.02 steps=1087 succ10=0.00 touch10=0.00 col10=1.00 to10=0.00 min_d= 3.12 avg_spd=1.76m/s end=collision t= 2027.1s
[TRAIN][PPO] ep=452/500 r=    1.41 avg10=  -48.53 steps= 166 succ10=0.00 touch10=0.00 col10=1.00 to10=0.00 min_d= 3.54 avg_spd=1.97m/s end=collision t= 2028.6s
[TRAIN][PPO] ep=453/500 r=   21.64 avg10=  -45.76 steps= 269 succ10=0.00 touch10=0.00 col10=1.00 to10=0.00 min_d= 3.36 avg_spd=2.02m/s end=collision t= 2030.5s
[TRAIN][PPO] ep=454/500 r=    5.47 avg10=  -44.69 steps= 180 succ10=0.00 touch10=0.00 col10=1.00 to10=0.00 min_d= 3.65 avg_spd=2.01m/s end=collision t= 2031.9s
[TRAIN][PPO] ep=455/500 r=    1.42 avg10=  -43.80 steps= 185 succ10=0.00 touch10=0.00 col10=1.00 to10=0.00 min_d= 3.65 avg_spd=2.00m/s end=collision t= 2033.3s
[TRAIN][PPO] ep=456/500 r=   -6.59 avg10=  -30.12 steps= 133 succ10=0.00 touch10=0.00 col10=1.00 to10=0.00 min_d= 3.64 avg_spd=2.01m/s end=collision t= 2034.6s
[TRAIN][PPO] ep=457/500 r=   -5.65 avg10=  -12.58 steps= 135 succ10=0.00 touch10=0.00 col10=1.00 to10=0.00 min_d= 3.69 avg_spd=2.00m/s end=collision t= 2035.5s
[TRAIN][PPO] ep=458/500 r=   -0.63 avg10=  -12.70 steps= 156 succ10=0.00 touch10=0.00 col10=1.00 to10=0.00 min_d= 3.64 avg_spd=2.01m/s end=collision t= 2036.6s
[TRAIN][PPO] ep=459/500 r=    3.08 avg10=  -14.99 steps= 169 succ10=0.00 touch10=0.00 col10=1.00 to10=0.00 min_d= 3.54 avg_spd=1.98m/s end=collision t= 2037.7s
[TRAIN][PPO] ep=460/500 r= -151.22 avg10=  -29.71 steps= 923 succ10=0.00 touch10=0.00 col10=1.00 to10=0.00 min_d= 3.38 avg_spd=1.75m/s end=collision t= 2044.6s
[TRAIN][PPO] ep=461/500 r=  -11.13 avg10=  -14.22 steps= 124 succ10=0.00 touch10=0.00 col10=1.00 to10=0.00 min_d= 3.69 avg_spd=1.95m/s end=collision t= 2045.6s
[TRAIN][PPO] ep=462/500 r=    7.60 avg10=  -13.60 steps= 186 succ10=0.00 touch10=0.00 col10=1.00 to10=0.00 min_d= 3.57 avg_spd=1.97m/s end=collision t= 2047.0s
[TRAIN][PPO] ep=463/500 r=    6.46 avg10=  -15.12 steps= 259 succ10=0.00 touch10=0.00 col10=1.00 to10=0.00 min_d= 3.43 avg_spd=2.04m/s end=collision t= 2048.7s
[TRAIN][PPO] ep=464/500 r=   28.93 avg10=  -12.77 steps= 272 succ10=0.00 touch10=0.00 col10=1.00 to10=0.00 min_d= 3.40 avg_spd=2.02m/s end=collision t= 2051.0s
[TRAIN][PPO] ep=465/500 r=   26.87 avg10=  -10.23 steps= 271 succ10=0.00 touch10=0.00 col10=1.00 to10=0.00 min_d= 3.37 avg_spd=1.98m/s end=collision t= 2052.8s
[TRAIN][PPO] ep=466/500 r=  -13.09 avg10=  -10.88 steps= 250 succ10=0.00 touch10=0.00 col10=1.00 to10=0.00 min_d= 3.52 avg_spd=2.00m/s end=collision t= 2054.6s
[TRAIN][PPO] ep=467/500 r=    3.51 avg10=   -9.96 steps= 169 succ10=0.00 touch10=0.00 col10=1.00 to10=0.00 min_d= 3.55 avg_spd=1.96m/s end=collision t= 2055.8s
[TRAIN][PPO] ep=468/500 r=   -7.57 avg10=  -10.66 steps= 134 succ10=0.00 touch10=0.00 col10=1.00 to10=0.00 min_d= 3.67 avg_spd=1.94m/s end=collision t= 2056.9s
[TRAIN][PPO] ep=469/500 r=   15.18 avg10=   -9.45 steps= 260 succ10=0.00 touch10=0.00 col10=1.00 to10=0.00 min_d= 3.42 avg_spd=2.03m/s end=collision t= 2058.9s
[TRAIN][PPO] ep=470/500 r=   15.61 avg10=    7.24 steps= 272 succ10=0.00 touch10=0.00 col10=1.00 to10=0.00 min_d= 3.52 avg_spd=2.02m/s end=collision t= 2060.6s
[TRAIN][PPO] ep=471/500 r=   -4.18 avg10=    7.93 steps= 145 succ10=0.00 touch10=0.00 col10=1.00 to10=0.00 min_d= 3.61 avg_spd=2.00m/s end=collision t= 2061.6s
[TRAIN][PPO] ep=472/500 r=   20.65 avg10=    9.24 steps= 265 succ10=0.00 touch10=0.00 col10=1.00 to10=0.00 min_d= 3.44 avg_spd=2.01m/s end=collision t= 2063.6s
[TRAIN][PPO] ep=473/500 r=    1.40 avg10=    8.73 steps= 159 succ10=0.00 touch10=0.00 col10=1.00 to10=0.00 min_d= 3.57 avg_spd=2.00m/s end=collision t= 2064.7s
[TRAIN][PPO] ep=474/500 r=   -2.81 avg10=    5.56 steps= 146 succ10=0.00 touch10=0.00 col10=1.00 to10=0.00 min_d= 3.63 avg_spd=2.03m/s end=collision t= 2065.8s
[TRAIN][PPO] ep=475/500 r=   12.34 avg10=    4.10 steps= 260 succ10=0.00 touch10=0.00 col10=1.00 to10=0.00 min_d= 3.41 avg_spd=2.03m/s end=collision t= 2067.8s
[TRAIN][PPO] ep=476/500 r=   -1.92 avg10=    5.22 steps= 259 succ10=0.00 touch10=0.00 col10=1.00 to10=0.00 min_d= 3.55 avg_spd=2.05m/s end=collision t= 2070.0s
[TRAIN][PPO] ep=477/500 r=  -15.35 avg10=    3.33 steps= 114 succ10=0.00 touch10=0.00 col10=1.00 to10=0.00 min_d= 3.75 avg_spd=2.00m/s end=collision t= 2070.9s
[TRAIN][PPO] ep=478/500 r= -149.21 avg10=  -10.83 steps= 791 succ10=0.00 touch10=0.00 col10=1.00 to10=0.00 min_d= 3.56 avg_spd=1.71m/s end=collision t= 2076.6s
[TRAIN][PPO] ep=479/500 r=   -3.71 avg10=  -12.72 steps= 258 succ10=0.00 touch10=0.00 col10=1.00 to10=0.00 min_d= 3.45 avg_spd=2.01m/s end=collision t= 2078.5s
[TRAIN][PPO] ep=480/500 r=   -5.07 avg10=  -14.79 steps= 137 succ10=0.00 touch10=0.00 col10=1.00 to10=0.00 min_d= 3.63 avg_spd=1.99m/s end=collision t= 2079.8s
[TRAIN][PPO] ep=481/500 r=   11.37 avg10=  -13.23 steps= 551 succ10=0.00 touch10=0.00 col10=1.00 to10=0.00 min_d= 3.04 avg_spd=1.96m/s end=collision t= 2083.7s
[TRAIN][PPO] ep=482/500 r=   -1.08 avg10=  -15.40 steps= 256 succ10=0.00 touch10=0.00 col10=1.00 to10=0.00 min_d= 3.52 avg_spd=2.03m/s end=collision t= 2085.5s
[TRAIN][PPO] ep=483/500 r=   -5.35 avg10=  -16.08 steps= 263 succ10=0.00 touch10=0.00 col10=1.00 to10=0.00 min_d= 3.61 avg_spd=2.03m/s end=collision t= 2087.5s
[TRAIN][PPO] ep=484/500 r=  -12.47 avg10=  -17.04 steps= 273 succ10=0.00 touch10=0.00 col10=1.00 to10=0.00 min_d= 3.62 avg_spd=2.04m/s end=collision t= 2089.8s
[TRAIN][PPO] ep=485/500 r=  -17.09 avg10=  -19.99 steps= 116 succ10=0.00 touch10=0.00 col10=1.00 to10=0.00 min_d= 3.65 avg_spd=2.03m/s end=collision t= 2090.6s
[TRAIN][PPO] ep=486/500 r=   -5.71 avg10=  -20.37 steps= 137 succ10=0.00 touch10=0.00 col10=1.00 to10=0.00 min_d= 3.62 avg_spd=2.00m/s end=collision t= 2091.6s
[TRAIN][PPO] ep=487/500 r=   16.96 avg10=  -17.14 steps= 267 succ10=0.00 touch10=0.00 col10=1.00 to10=0.00 min_d= 3.36 avg_spd=2.01m/s end=collision t= 2093.4s
[TRAIN][PPO] ep=488/500 r=    2.33 avg10=   -1.98 steps= 426 succ10=0.00 touch10=0.00 col10=1.00 to10=0.00 min_d= 3.12 avg_spd=1.98m/s end=collision t= 2096.6s
[TRAIN][PPO] ep=489/500 r=  -16.42 avg10=   -3.25 steps= 111 succ10=0.00 touch10=0.00 col10=1.00 to10=0.00 min_d= 3.74 avg_spd=2.04m/s end=collision t= 2097.4s
[TRAIN][PPO] ep=490/500 r=  -10.79 avg10=   -3.83 steps= 121 succ10=0.00 touch10=0.00 col10=1.00 to10=0.00 min_d= 3.66 avg_spd=1.97m/s end=collision t= 2098.3s
[TRAIN][PPO] ep=491/500 r=   -5.30 avg10=   -5.49 steps= 252 succ10=0.00 touch10=0.00 col10=1.00 to10=0.00 min_d= 3.51 avg_spd=2.05m/s end=collision t= 2100.1s
[TRAIN][PPO] ep=492/500 r=   21.64 avg10=   -3.22 steps= 409 succ10=0.00 touch10=0.00 col10=1.00 to10=0.00 min_d= 3.12 avg_spd=1.98m/s end=collision t= 2103.3s
[TRAIN][PPO] ep=493/500 r=  -21.55 avg10=   -4.84 steps= 110 succ10=0.00 touch10=0.00 col10=1.00 to10=0.00 min_d= 3.70 avg_spd=1.96m/s end=collision t= 2104.1s
[TRAIN][PPO] ep=494/500 r=   17.43 avg10=   -1.85 steps= 268 succ10=0.00 touch10=0.00 col10=1.00 to10=0.00 min_d= 3.37 avg_spd=2.04m/s end=collision t= 2105.9s
[TRAIN][PPO] ep=495/500 r=   -6.16 avg10=   -0.76 steps= 254 succ10=0.00 touch10=0.00 col10=1.00 to10=0.00 min_d= 3.47 avg_spd=2.05m/s end=collision t= 2107.7s
[TRAIN][PPO] ep=496/500 r=   -8.44 avg10=   -1.03 steps= 126 succ10=0.00 touch10=0.00 col10=1.00 to10=0.00 min_d= 3.60 avg_spd=2.02m/s end=collision t= 2108.8s
[TRAIN][PPO] ep=497/500 r=   21.44 avg10=   -0.58 steps= 275 succ10=0.00 touch10=0.00 col10=1.00 to10=0.00 min_d= 3.33 avg_spd=2.02m/s end=collision t= 2110.7s
[TRAIN][PPO] ep=498/500 r=   -1.41 avg10=   -0.96 steps= 172 succ10=0.00 touch10=0.00 col10=1.00 to10=0.00 min_d= 3.65 avg_spd=1.99m/s end=collision t= 2112.0s
[TRAIN][PPO] ep=499/500 r=   -9.72 avg10=   -0.29 steps= 249 succ10=0.00 touch10=0.00 col10=1.00 to10=0.00 min_d= 3.51 avg_spd=2.03m/s end=collision t= 2113.7s
INFO: PPO: Terminating.
[RUN] completed stage checkpoint=/uio/hume/student-u79/esbrovol/fys5429/DRL-Obstacle-Avoidance/controllers/PPO/checkpoints/moving_20260531_230822_step04_all_moving_lstm_seed05_stage01_train_12_all_moving/final_moving_20260531_230822_step04_all_moving_lstm_seed05_stage01_train_12_all_moving.pth
[RUN] curriculum complete arch=lstm seed=5
[MOVING] completed stage checkpoint=/uio/hume/student-u79/esbrovol/fys5429/DRL-Obstacle-Avoidance/controllers/PPO/checkpoints/moving_20260531_230822_step04_all_moving_lstm_seed05_stage01_train_12_all_moving/final_moving_20260531_230822_step04_all_moving_lstm_seed05_stage01_train_12_all_moving.pth
[MOVING] stage=5/5 name=moving_goal
[MOVING] resume_from=/uio/hume/student-u79/esbrovol/fys5429/DRL-Obstacle-Avoidance/controllers/PPO/checkpoints/moving_20260531_230822_step04_all_moving_lstm_seed05_stage01_train_12_all_moving/final_moving_20260531_230822_step04_all_moving_lstm_seed05_stage01_train_12_all_moving.pth
[MOVING] command=/uio/hume/student-u79/esbrovol/fys5429/DRL-Obstacle-Avoidance/venv/bin/python controllers/run.py worker --arch lstm --seed 5 --run-group moving_20260531_230822_step05_moving_goal --resume-from /uio/hume/student-u79/esbrovol/fys5429/DRL-Obstacle-Avoidance/controllers/PPO/checkpoints/moving_20260531_230822_step04_all_moving_lstm_seed05_stage01_train_12_all_moving/final_moving_20260531_230822_step04_all_moving_lstm_seed05_stage01_train_12_all_moving.pth --worlds worlds/training/train_13_moving_goal.wbt --moving-obstacle-indices all --moving-goal
[RUN] arch=lstm seed=5 stage=1/1 world=/uio/hume/student-u79/esbrovol/fys5429/DRL-Obstacle-Avoidance/worlds/training/train_13_moving_goal.wbt
[RUN] resuming from /uio/hume/student-u79/esbrovol/fys5429/DRL-Obstacle-Avoidance/controllers/PPO/checkpoints/moving_20260531_230822_step04_all_moving_lstm_seed05_stage01_train_12_all_moving/final_moving_20260531_230822_step04_all_moving_lstm_seed05_stage01_train_12_all_moving.pth
INFO: PPO: Starting controller: python3 -u PPO.py
[PPO] Using architecture: LSTM
[PPO] Loaded architecture: LSTM
[TRAIN][PPO] arch=LSTM weights_dir=/uio/hume/student-u79/esbrovol/fys5429/DRL-Obstacle-Avoidance/controllers/PPO/checkpoints/moving_20260531_230822_step05_moving_goal_lstm_seed05_stage01_train_13_moving_goal final=/uio/hume/student-u79/esbrovol/fys5429/DRL-Obstacle-Avoidance/controllers/PPO/checkpoints/moving_20260531_230822_step05_moving_goal_lstm_seed05_stage01_train_13_moving_goal/final_moving_20260531_230822_step05_moving_goal_lstm_seed05_stage01_train_13_moving_goal.pth
[TRAIN][PPO] episodes=500 update_every=4 obs=31 act=2 cell=LSTM seq=32 burn_in=8
[TRAIN][PPO] ep=001/500 r=    1.70 avg10=    1.70 steps= 430 succ10=0.00 touch10=0.00 col10=1.00 to10=0.00 min_d= 3.20 avg_spd=1.95m/s end=collision t=    3.3s ckpt=best
[TRAIN][PPO] ep=002/500 r=   -2.30 avg10=   -0.30 steps= 146 succ10=0.00 touch10=0.00 col10=1.00 to10=0.00 min_d= 3.60 avg_spd=1.95m/s end=collision t=    4.4s
[TRAIN][PPO] ep=003/500 r=   29.06 avg10=    9.49 steps= 277 succ10=0.00 touch10=0.00 col10=1.00 to10=0.00 min_d= 3.50 avg_spd=2.01m/s end=collision t=    6.3s ckpt=best
[TRAIN][PPO] ep=004/500 r=   23.66 avg10=   13.03 steps= 271 succ10=0.00 touch10=0.00 col10=1.00 to10=0.00 min_d= 3.42 avg_spd=2.09m/s end=collision t=    8.7s
[TRAIN][PPO] ep=005/500 r=   -3.66 avg10=    9.69 steps= 140 succ10=0.00 touch10=0.00 col10=1.00 to10=0.00 min_d= 3.68 avg_spd=1.99m/s end=collision t=    9.7s
[TRAIN][PPO] ep=006/500 r=   17.24 avg10=   10.95 steps= 424 succ10=0.00 touch10=0.00 col10=1.00 to10=0.00 min_d= 3.19 avg_spd=2.00m/s end=collision t=   12.8s
[TRAIN][PPO] ep=007/500 r=   -8.20 avg10=    8.21 steps= 130 succ10=0.00 touch10=0.00 col10=1.00 to10=0.00 min_d= 3.73 avg_spd=1.96m/s end=collision t=   13.8s
[TRAIN][PPO] ep=008/500 r=  -12.90 avg10=    5.57 steps= 119 succ10=0.00 touch10=0.00 col10=1.00 to10=0.00 min_d= 3.74 avg_spd=2.00m/s end=collision t=   14.9s
[TRAIN][PPO] ep=009/500 r=  -12.01 avg10=    3.62 steps= 127 succ10=0.00 touch10=0.00 col10=1.00 to10=0.00 min_d= 3.62 avg_spd=1.95m/s end=collision t=   15.8s
[TRAIN][PPO] ep=010/500 r=    3.55 avg10=    3.61 steps= 169 succ10=0.00 touch10=0.00 col10=1.00 to10=0.00 min_d= 3.65 avg_spd=2.01m/s end=collision t=   17.0s
[TRAIN][PPO] ep=011/500 r=   -3.08 avg10=    3.13 steps= 142 succ10=0.00 touch10=0.00 col10=1.00 to10=0.00 min_d= 3.59 avg_spd=2.04m/s end=collision t=   18.1s
[TRAIN][PPO] ep=012/500 r=    5.62 avg10=    3.93 steps= 175 succ10=0.00 touch10=0.00 col10=1.00 to10=0.00 min_d= 3.65 avg_spd=1.96m/s end=collision t=   19.6s
[TRAIN][PPO] ep=013/500 r=   -0.96 avg10=    0.92 steps= 539 succ10=0.00 touch10=0.00 col10=1.00 to10=0.00 min_d= 3.07 avg_spd=1.99m/s end=collision t=   23.4s
[TRAIN][PPO] ep=014/500 r=  -20.60 avg10=   -3.50 steps= 115 succ10=0.00 touch10=0.00 col10=1.00 to10=0.00 min_d= 3.69 avg_spd=1.97m/s end=collision t=   24.3s
[TRAIN][PPO] ep=015/500 r=    1.34 avg10=   -3.00 steps= 153 succ10=0.00 touch10=0.00 col10=1.00 to10=0.00 min_d= 3.60 avg_spd=2.02m/s end=collision t=   25.4s
[TRAIN][PPO] ep=016/500 r=   90.80 avg10=    4.35 steps= 529 succ10=0.00 touch10=0.00 col10=1.00 to10=0.00 min_d= 2.68 avg_spd=2.05m/s end=collision t=   29.4s ckpt=best
[TRAIN][PPO] ep=017/500 r=  -20.88 avg10=    3.09 steps= 108 succ10=0.00 touch10=0.00 col10=1.00 to10=0.00 min_d= 3.78 avg_spd=1.95m/s end=collision t=   30.2s
[TRAIN][PPO] ep=018/500 r=    6.40 avg10=    5.02 steps= 266 succ10=0.00 touch10=0.00 col10=1.00 to10=0.00 min_d= 3.57 avg_spd=2.00m/s end=collision t=   32.1s
[TRAIN][PPO] ep=019/500 r=    1.91 avg10=    6.41 steps= 155 succ10=0.00 touch10=0.00 col10=1.00 to10=0.00 min_d= 3.57 avg_spd=1.99m/s end=collision t=   33.1s
[TRAIN][PPO] ep=020/500 r=    0.21 avg10=    6.08 steps= 252 succ10=0.00 touch10=0.00 col10=1.00 to10=0.00 min_d= 3.53 avg_spd=1.99m/s end=collision t=   35.1s
[TRAIN][PPO] ep=021/500 r=  -22.89 avg10=    4.09 steps= 111 succ10=0.00 touch10=0.00 col10=1.00 to10=0.00 min_d= 3.70 avg_spd=2.01m/s end=collision t=   35.9s
[TRAIN][PPO] ep=022/500 r=   -8.60 avg10=    2.67 steps= 123 succ10=0.00 touch10=0.00 col10=1.00 to10=0.00 min_d= 3.70 avg_spd=2.09m/s end=collision t=   36.7s
[TRAIN][PPO] ep=023/500 r=  -18.26 avg10=    0.94 steps= 109 succ10=0.00 touch10=0.00 col10=1.00 to10=0.00 min_d= 3.71 avg_spd=1.96m/s end=collision t=   37.5s
[TRAIN][PPO] ep=024/500 r=   -2.30 avg10=    2.77 steps= 154 succ10=0.00 touch10=0.00 col10=1.00 to10=0.00 min_d= 3.65 avg_spd=1.95m/s end=collision t=   38.8s
[TRAIN][PPO] ep=025/500 r=   -1.01 avg10=    2.54 steps= 145 succ10=0.00 touch10=0.00 col10=1.00 to10=0.00 min_d= 3.63 avg_spd=2.08m/s end=collision t=   39.8s
[TRAIN][PPO] ep=026/500 r=    4.56 avg10=   -6.09 steps= 253 succ10=0.00 touch10=0.00 col10=1.00 to10=0.00 min_d= 3.51 avg_spd=2.01m/s end=collision t=   41.7s
[TRAIN][PPO] ep=027/500 r=   -8.22 avg10=   -4.82 steps= 130 succ10=0.00 touch10=0.00 col10=1.00 to10=0.00 min_d= 3.73 avg_spd=2.00m/s end=collision t=   42.7s
[TRAIN][PPO] ep=028/500 r=   -7.08 avg10=   -6.17 steps= 128 succ10=0.00 touch10=0.00 col10=1.00 to10=0.00 min_d= 3.73 avg_spd=2.01m/s end=collision t=   43.7s
[TRAIN][PPO] ep=029/500 r=  -32.11 avg10=   -9.57 steps=  95 succ10=0.00 touch10=0.00 col10=1.00 to10=0.00 min_d= 3.76 avg_spd=1.97m/s end=collision t=   44.5s
[TRAIN][PPO] ep=030/500 r=   -9.95 avg10=  -10.59 steps= 120 succ10=0.00 touch10=0.00 col10=1.00 to10=0.00 min_d= 3.64 avg_spd=2.03m/s end=collision t=   45.4s
[TRAIN][PPO] ep=031/500 r=   -9.60 avg10=   -9.26 steps= 122 succ10=0.00 touch10=0.00 col10=1.00 to10=0.00 min_d= 3.63 avg_spd=2.03m/s end=collision t=   46.3s
[TRAIN][PPO] ep=032/500 r=   -8.58 avg10=   -9.26 steps= 123 succ10=0.00 touch10=0.00 col10=1.00 to10=0.00 min_d= 3.64 avg_spd=2.02m/s end=collision t=   47.5s
[TRAIN][PPO] ep=033/500 r=   37.97 avg10=   -3.63 steps= 608 succ10=0.00 touch10=0.00 col10=1.00 to10=0.00 min_d= 2.94 avg_spd=2.04m/s end=collision t=   52.0s
[TRAIN][PPO] ep=034/500 r=   -6.42 avg10=   -4.04 steps= 130 succ10=0.00 touch10=0.00 col10=1.00 to10=0.00 min_d= 3.74 avg_spd=2.00m/s end=collision t=   52.9s
[TRAIN][PPO] ep=035/500 r=   -9.95 avg10=   -4.94 steps= 121 succ10=0.00 touch10=0.00 col10=1.00 to10=0.00 min_d= 3.65 avg_spd=2.11m/s end=collision t=   53.8s
[TRAIN][PPO] ep=036/500 r=   -7.02 avg10=   -6.10 steps= 131 succ10=0.00 touch10=0.00 col10=1.00 to10=0.00 min_d= 3.58 avg_spd=2.05m/s end=collision t=   55.1s
[TRAIN][PPO] ep=037/500 r=  -30.99 avg10=   -8.37 steps=  93 succ10=0.00 touch10=0.00 col10=1.00 to10=0.00 min_d= 3.76 avg_spd=2.05m/s end=collision t=   55.7s
[TRAIN][PPO] ep=038/500 r=   -1.48 avg10=   -7.81 steps= 161 succ10=0.00 touch10=0.00 col10=1.00 to10=0.00 min_d= 3.59 avg_spd=2.00m/s end=collision t=   56.8s
[TRAIN][PPO] ep=039/500 r=   82.56 avg10=    3.65 steps= 396 succ10=0.00 touch10=0.00 col10=1.00 to10=0.00 min_d= 2.96 avg_spd=2.06m/s end=collision t=   59.7s
[TRAIN][PPO] ep=040/500 r=  157.96 avg10=   20.45 steps= 673 succ10=0.00 touch10=0.00 col10=1.00 to10=0.00 min_d= 2.26 avg_spd=2.03m/s end=collision t=   64.6s ckpt=best
[TRAIN][PPO] ep=041/500 r=  -28.35 avg10=   18.57 steps=  97 succ10=0.00 touch10=0.00 col10=1.00 to10=0.00 min_d= 3.74 avg_spd=2.00m/s end=collision t=   65.3s
[TRAIN][PPO] ep=042/500 r=  -10.00 avg10=   18.43 steps= 121 succ10=0.00 touch10=0.00 col10=1.00 to10=0.00 min_d= 3.74 avg_spd=1.96m/s end=collision t=   66.2s
[TRAIN][PPO] ep=043/500 r=   -9.11 avg10=   13.72 steps= 122 succ10=0.00 touch10=0.00 col10=1.00 to10=0.00 min_d= 3.64 avg_spd=2.02m/s end=collision t=   67.0s
[TRAIN][PPO] ep=044/500 r=  -26.83 avg10=   11.68 steps= 100 succ10=0.00 touch10=0.00 col10=1.00 to10=0.00 min_d= 3.75 avg_spd=1.98m/s end=collision t=   67.9s
[TRAIN][PPO] ep=045/500 r=   -5.44 avg10=   12.13 steps= 146 succ10=0.00 touch10=0.00 col10=1.00 to10=0.00 min_d= 3.68 avg_spd=2.01m/s end=collision t=   68.9s
[TRAIN][PPO] ep=046/500 r=   -1.28 avg10=   12.70 steps= 157 succ10=0.00 touch10=0.00 col10=1.00 to10=0.00 min_d= 3.65 avg_spd=2.07m/s end=collision t=   70.0s
[TRAIN][PPO] ep=047/500 r=  -22.80 avg10=   13.52 steps= 545 succ10=0.00 touch10=0.00 col10=1.00 to10=0.00 min_d= 3.15 avg_spd=1.94m/s end=collision t=   73.8s
[TRAIN][PPO] ep=048/500 r=    0.90 avg10=   13.76 steps= 151 succ10=0.00 touch10=0.00 col10=1.00 to10=0.00 min_d= 3.65 avg_spd=2.06m/s end=collision t=   75.2s
[TRAIN][PPO] ep=049/500 r=   -3.92 avg10=    5.11 steps= 140 succ10=0.00 touch10=0.00 col10=1.00 to10=0.00 min_d= 3.66 avg_spd=2.02m/s end=collision t=   76.2s
[TRAIN][PPO] ep=050/500 r=  -10.62 avg10=  -11.75 steps= 119 succ10=0.00 touch10=0.00 col10=1.00 to10=0.00 min_d= 3.61 avg_spd=2.08m/s end=collision t=   77.1s
[TRAIN][PPO] ep=051/500 r=  -19.32 avg10=  -10.84 steps= 111 succ10=0.00 touch10=0.00 col10=1.00 to10=0.00 min_d= 3.75 avg_spd=2.00m/s end=collision t=   77.9s
[TRAIN][PPO] ep=052/500 r=  -14.82 avg10=  -11.33 steps= 114 succ10=0.00 touch10=0.00 col10=1.00 to10=0.00 min_d= 3.78 avg_spd=2.07m/s end=collision t=   78.9s
[TRAIN][PPO] ep=053/500 r=  -13.15 avg10=  -11.73 steps= 115 succ10=0.00 touch10=0.00 col10=1.00 to10=0.00 min_d= 3.64 avg_spd=2.05m/s end=collision t=   79.8s
[TRAIN][PPO] ep=054/500 r=    0.94 avg10=   -8.95 steps= 181 succ10=0.00 touch10=0.00 col10=1.00 to10=0.00 min_d= 3.54 avg_spd=2.02m/s end=collision t=   81.0s
[TRAIN][PPO] ep=055/500 r=  -22.01 avg10=  -10.61 steps= 106 succ10=0.00 touch10=0.00 col10=1.00 to10=0.00 min_d= 3.73 avg_spd=1.99m/s end=collision t=   81.8s
[TRAIN][PPO] ep=056/500 r=    1.74 avg10=  -10.31 steps= 163 succ10=0.00 touch10=0.00 col10=1.00 to10=0.00 min_d= 3.56 avg_spd=2.03m/s end=collision t=   83.1s
[TRAIN][PPO] ep=057/500 r=  -16.52 avg10=   -9.68 steps= 108 succ10=0.00 touch10=0.00 col10=1.00 to10=0.00 min_d= 3.67 avg_spd=2.00m/s end=collision t=   83.9s
[TRAIN][PPO] ep=058/500 r=  -19.40 avg10=  -11.71 steps= 104 succ10=0.00 touch10=0.00 col10=1.00 to10=0.00 min_d= 3.77 avg_spd=2.06m/s end=collision t=   84.6s
[TRAIN][PPO] ep=059/500 r=  -17.08 avg10=  -13.02 steps= 112 succ10=0.00 touch10=0.00 col10=1.00 to10=0.00 min_d= 3.73 avg_spd=2.07m/s end=collision t=   85.4s
[TRAIN][PPO] ep=060/500 r=  -27.40 avg10=  -14.70 steps=  98 succ10=0.00 touch10=0.00 col10=1.00 to10=0.00 min_d= 3.86 avg_spd=2.04m/s end=collision t=   86.3s
[TRAIN][PPO] ep=061/500 r=   -9.45 avg10=  -13.72 steps= 124 succ10=0.00 touch10=0.00 col10=1.00 to10=0.00 min_d= 3.70 avg_spd=2.06m/s end=collision t=   87.2s
[TRAIN][PPO] ep=062/500 r=  -12.21 avg10=  -13.46 steps= 118 succ10=0.00 touch10=0.00 col10=1.00 to10=0.00 min_d= 3.62 avg_spd=2.06m/s end=collision t=   88.0s
[TRAIN][PPO] ep=063/500 r=  -10.65 avg10=  -13.21 steps= 122 succ10=0.00 touch10=0.00 col10=1.00 to10=0.00 min_d= 3.66 avg_spd=2.07m/s end=collision t=   88.9s
[TRAIN][PPO] ep=064/500 r=  -14.71 avg10=  -14.77 steps= 114 succ10=0.00 touch10=0.00 col10=1.00 to10=0.00 min_d= 3.70 avg_spd=2.03m/s end=collision t=   89.9s
[TRAIN][PPO] ep=065/500 r=  -15.59 avg10=  -14.13 steps= 113 succ10=0.00 touch10=0.00 col10=1.00 to10=0.00 min_d= 3.67 avg_spd=2.09m/s end=collision t=   90.7s
[TRAIN][PPO] ep=066/500 r=  -19.35 avg10=  -16.24 steps= 103 succ10=0.00 touch10=0.00 col10=1.00 to10=0.00 min_d= 3.80 avg_spd=1.99m/s end=collision t=   91.4s
[TRAIN][PPO] ep=067/500 r=  -30.72 avg10=  -17.66 steps= 105 succ10=0.00 touch10=0.00 col10=1.00 to10=0.00 min_d= 3.90 avg_spd=2.05m/s end=collision t=   92.1s
[TRAIN][PPO] ep=068/500 r=   -7.78 avg10=  -16.49 steps= 127 succ10=0.00 touch10=0.00 col10=1.00 to10=0.00 min_d= 3.70 avg_spd=2.04m/s end=collision t=   93.2s
[TRAIN][PPO] ep=069/500 r=  -25.23 avg10=  -17.31 steps= 102 succ10=0.00 touch10=0.00 col10=1.00 to10=0.00 min_d= 3.74 avg_spd=2.06m/s end=collision t=   93.9s
[TRAIN][PPO] ep=070/500 r=  -13.09 avg10=  -15.88 steps= 118 succ10=0.00 touch10=0.00 col10=1.00 to10=0.00 min_d= 3.64 avg_spd=2.02m/s end=collision t=   94.7s
[TRAIN][PPO] ep=071/500 r=  -26.23 avg10=  -17.55 steps=  99 succ10=0.00 touch10=0.00 col10=1.00 to10=0.00 min_d= 3.78 avg_spd=1.98m/s end=collision t=   95.4s
[TRAIN][PPO] ep=072/500 r=    1.17 avg10=  -16.22 steps= 159 succ10=0.00 touch10=0.00 col10=1.00 to10=0.00 min_d= 3.55 avg_spd=2.02m/s end=collision t=   96.8s
[TRAIN][PPO] ep=073/500 r=   -2.48 avg10=  -15.40 steps= 168 succ10=0.00 touch10=0.00 col10=1.00 to10=0.00 min_d= 3.65 avg_spd=2.04m/s end=collision t=   98.0s
[TRAIN][PPO] ep=074/500 r=   -3.35 avg10=  -14.26 steps= 142 succ10=0.00 touch10=0.00 col10=1.00 to10=0.00 min_d= 3.56 avg_spd=2.03m/s end=collision t=   99.1s
[TRAIN][PPO] ep=075/500 r=  -20.41 avg10=  -14.75 steps= 109 succ10=0.00 touch10=0.00 col10=1.00 to10=0.00 min_d= 3.81 avg_spd=2.05m/s end=collision t=   99.9s
[TRAIN][PPO] ep=076/500 r=  -31.38 avg10=  -15.95 steps= 101 succ10=0.00 touch10=0.00 col10=1.00 to10=0.00 min_d= 3.88 avg_spd=1.96m/s end=collision t=  100.9s
[TRAIN][PPO] ep=077/500 r=   -5.68 avg10=  -13.45 steps= 136 succ10=0.00 touch10=0.00 col10=1.00 to10=0.00 min_d= 3.59 avg_spd=2.05m/s end=collision t=  101.9s
[TRAIN][PPO] ep=078/500 r=   -3.40 avg10=  -13.01 steps= 139 succ10=0.00 touch10=0.00 col10=1.00 to10=0.00 min_d= 3.61 avg_spd=2.05m/s end=collision t=  102.8s
[TRAIN][PPO] ep=079/500 r=  -11.66 avg10=  -11.65 steps= 119 succ10=0.00 touch10=0.00 col10=1.00 to10=0.00 min_d= 3.63 avg_spd=2.00m/s end=collision t=  103.7s
[TRAIN][PPO] ep=080/500 r=  -16.28 avg10=  -11.97 steps= 114 succ10=0.00 touch10=0.00 col10=1.00 to10=0.00 min_d= 3.75 avg_spd=2.00m/s end=collision t=  104.7s
[TRAIN][PPO] ep=081/500 r=  -21.49 avg10=  -11.50 steps= 101 succ10=0.00 touch10=0.00 col10=1.00 to10=0.00 min_d= 3.72 avg_spd=2.09m/s end=collision t=  105.4s
[TRAIN][PPO] ep=082/500 r=  -22.87 avg10=  -13.90 steps=  99 succ10=0.00 touch10=0.00 col10=1.00 to10=0.00 min_d= 3.79 avg_spd=2.07m/s end=collision t=  106.1s
[TRAIN][PPO] ep=083/500 r=  -20.71 avg10=  -15.72 steps= 105 succ10=0.00 touch10=0.00 col10=1.00 to10=0.00 min_d= 3.71 avg_spd=2.00m/s end=collision t=  106.9s
[TRAIN][PPO] ep=084/500 r=   -5.40 avg10=  -15.93 steps= 133 succ10=0.00 touch10=0.00 col10=1.00 to10=0.00 min_d= 3.58 avg_spd=2.09m/s end=collision t=  108.0s
[TRAIN][PPO] ep=085/500 r=  -16.96 avg10=  -15.58 steps= 113 succ10=0.00 touch10=0.00 col10=1.00 to10=0.00 min_d= 3.66 avg_spd=2.12m/s end=collision t=  108.9s
[TRAIN][PPO] ep=086/500 r=   -4.00 avg10=  -12.84 steps= 140 succ10=0.00 touch10=0.00 col10=1.00 to10=0.00 min_d= 3.70 avg_spd=2.08m/s end=collision t=  110.0s
[TRAIN][PPO] ep=087/500 r=   -5.97 avg10=  -12.87 steps= 131 succ10=0.00 touch10=0.00 col10=1.00 to10=0.00 min_d= 3.59 avg_spd=2.11m/s end=collision t=  111.0s
[TRAIN][PPO] ep=088/500 r=  -18.67 avg10=  -14.40 steps= 106 succ10=0.00 touch10=0.00 col10=1.00 to10=0.00 min_d= 3.68 avg_spd=2.03m/s end=collision t=  112.0s
[TRAIN][PPO] ep=089/500 r=   -2.01 avg10=  -13.44 steps= 173 succ10=0.00 touch10=0.00 col10=1.00 to10=0.00 min_d= 3.60 avg_spd=1.98m/s end=collision t=  113.3s
[TRAIN][PPO] ep=090/500 r=   -2.04 avg10=  -12.01 steps= 144 succ10=0.00 touch10=0.00 col10=1.00 to10=0.00 min_d= 3.60 avg_spd=1.99m/s end=collision t=  114.4s
[TRAIN][PPO] ep=091/500 r=   -9.17 avg10=  -10.78 steps= 123 succ10=0.00 touch10=0.00 col10=1.00 to10=0.00 min_d= 3.68 avg_spd=2.07m/s end=collision t=  115.3s
[TRAIN][PPO] ep=092/500 r=  -23.93 avg10=  -10.89 steps= 102 succ10=0.00 touch10=0.00 col10=1.00 to10=0.00 min_d= 3.74 avg_spd=2.03m/s end=collision t=  116.3s
[TRAIN][PPO] ep=093/500 r=   -7.97 avg10=   -9.61 steps= 127 succ10=0.00 touch10=0.00 col10=1.00 to10=0.00 min_d= 3.72 avg_spd=2.01m/s end=collision t=  117.2s
[TRAIN][PPO] ep=094/500 r=  -20.97 avg10=  -11.17 steps= 107 succ10=0.00 touch10=0.00 col10=1.00 to10=0.00 min_d= 3.80 avg_spd=2.04m/s end=collision t=  118.0s
[TRAIN][PPO] ep=095/500 r=   -8.88 avg10=  -10.36 steps= 126 succ10=0.00 touch10=0.00 col10=1.00 to10=0.00 min_d= 3.68 avg_spd=2.01m/s end=collision t=  119.0s
[TRAIN][PPO] ep=096/500 r=  -20.57 avg10=  -12.02 steps= 102 succ10=0.00 touch10=0.00 col10=1.00 to10=0.00 min_d= 3.78 avg_spd=1.98m/s end=collision t=  120.0s
[TRAIN][PPO] ep=097/500 r=    0.47 avg10=  -11.38 steps= 171 succ10=0.00 touch10=0.00 col10=1.00 to10=0.00 min_d= 3.65 avg_spd=2.02m/s end=collision t=  121.3s
[TRAIN][PPO] ep=098/500 r=  -13.25 avg10=  -10.83 steps= 124 succ10=0.00 touch10=0.00 col10=1.00 to10=0.00 min_d= 3.67 avg_spd=1.99m/s end=collision t=  122.3s
[TRAIN][PPO] ep=099/500 r=   -7.11 avg10=  -11.34 steps= 131 succ10=0.00 touch10=0.00 col10=1.00 to10=0.00 min_d= 3.67 avg_spd=2.08m/s end=collision t=  123.2s
[TRAIN][PPO] ep=100/500 r=  -19.07 avg10=  -13.05 steps= 119 succ10=0.00 touch10=0.00 col10=1.00 to10=0.00 min_d= 3.67 avg_spd=1.98m/s end=collision t=  124.3s ckpt=latest
[TRAIN][PPO] ep=101/500 r=   -6.69 avg10=  -12.80 steps= 131 succ10=0.00 touch10=0.00 col10=1.00 to10=0.00 min_d= 3.67 avg_spd=2.02m/s end=collision t=  125.2s
[TRAIN][PPO] ep=102/500 r=  -16.20 avg10=  -12.02 steps= 113 succ10=0.00 touch10=0.00 col10=1.00 to10=0.00 min_d= 3.74 avg_spd=2.09m/s end=collision t=  126.0s
[TRAIN][PPO] ep=103/500 r=   32.83 avg10=   -7.94 steps= 288 succ10=0.00 touch10=0.00 col10=1.00 to10=0.00 min_d= 3.43 avg_spd=2.01m/s end=collision t=  128.0s
[TRAIN][PPO] ep=104/500 r=   -5.89 avg10=   -6.43 steps= 133 succ10=0.00 touch10=0.00 col10=1.00 to10=0.00 min_d= 3.71 avg_spd=2.10m/s end=collision t=  129.2s
[TRAIN][PPO] ep=105/500 r=   -7.68 avg10=   -6.31 steps= 126 succ10=0.00 touch10=0.00 col10=1.00 to10=0.00 min_d= 3.74 avg_spd=2.07m/s end=collision t=  130.0s
[TRAIN][PPO] ep=106/500 r=  -12.30 avg10=   -5.49 steps= 119 succ10=0.00 touch10=0.00 col10=1.00 to10=0.00 min_d= 3.76 avg_spd=2.04m/s end=collision t=  130.9s
[TRAIN][PPO] ep=107/500 r=  -12.99 avg10=   -6.83 steps= 118 succ10=0.00 touch10=0.00 col10=1.00 to10=0.00 min_d= 3.62 avg_spd=2.06m/s end=collision t=  131.7s
[TRAIN][PPO] ep=108/500 r=   -1.51 avg10=   -5.66 steps= 148 succ10=0.00 touch10=0.00 col10=1.00 to10=0.00 min_d= 3.53 avg_spd=2.03m/s end=collision t=  133.0s
[TRAIN][PPO] ep=109/500 r=   -2.44 avg10=   -5.19 steps= 142 succ10=0.00 touch10=0.00 col10=1.00 to10=0.00 min_d= 3.67 avg_spd=2.04m/s end=collision t=  133.9s
[TRAIN][PPO] ep=110/500 r=    0.88 avg10=   -3.20 steps= 152 succ10=0.00 touch10=0.00 col10=1.00 to10=0.00 min_d= 3.54 avg_spd=2.05m/s end=collision t=  135.0s
[TRAIN][PPO] ep=111/500 r=   -6.03 avg10=   -3.13 steps= 132 succ10=0.00 touch10=0.00 col10=1.00 to10=0.00 min_d= 3.61 avg_spd=2.02m/s end=collision t=  135.9s
[TRAIN][PPO] ep=112/500 r=  -15.65 avg10=   -3.08 steps= 110 succ10=0.00 touch10=0.00 col10=1.00 to10=0.00 min_d= 3.74 avg_spd=2.03m/s end=collision t=  136.9s
[TRAIN][PPO] ep=113/500 r=   -6.01 avg10=   -6.96 steps= 138 succ10=0.00 touch10=0.00 col10=1.00 to10=0.00 min_d= 3.59 avg_spd=1.98m/s end=collision t=  137.8s
[TRAIN][PPO] ep=114/500 r=   -4.47 avg10=   -6.82 steps= 140 succ10=0.00 touch10=0.00 col10=1.00 to10=0.00 min_d= 3.59 avg_spd=1.99m/s end=collision t=  138.8s
[TRAIN][PPO] ep=115/500 r=   -3.13 avg10=   -6.36 steps= 139 succ10=0.00 touch10=0.00 col10=1.00 to10=0.00 min_d= 3.59 avg_spd=2.05m/s end=collision t=  139.8s
[TRAIN][PPO] ep=116/500 r=   -8.87 avg10=   -6.02 steps= 126 succ10=0.00 touch10=0.00 col10=1.00 to10=0.00 min_d= 3.63 avg_spd=2.02m/s end=collision t=  141.0s
[TRAIN][PPO] ep=117/500 r=   -7.11 avg10=   -5.43 steps= 129 succ10=0.00 touch10=0.00 col10=1.00 to10=0.00 min_d= 3.71 avg_spd=2.00m/s end=collision t=  141.9s
[TRAIN][PPO] ep=118/500 r=   -8.82 avg10=   -6.16 steps= 128 succ10=0.00 touch10=0.00 col10=1.00 to10=0.00 min_d= 3.70 avg_spd=2.05m/s end=collision t=  142.9s
[TRAIN][PPO] ep=119/500 r=   -4.97 avg10=   -6.42 steps= 133 succ10=0.00 touch10=0.00 col10=1.00 to10=0.00 min_d= 3.60 avg_spd=2.08m/s end=collision t=  144.0s
[TRAIN][PPO] ep=120/500 r=   -3.12 avg10=   -6.82 steps= 138 succ10=0.00 touch10=0.00 col10=1.00 to10=0.00 min_d= 3.56 avg_spd=2.09m/s end=collision t=  145.2s
[TRAIN][PPO] ep=121/500 r=  -22.42 avg10=   -8.46 steps= 108 succ10=0.00 touch10=0.00 col10=1.00 to10=0.00 min_d= 3.80 avg_spd=1.97m/s end=collision t=  146.0s
[TRAIN][PPO] ep=122/500 r=  -12.11 avg10=   -8.10 steps= 120 succ10=0.00 touch10=0.00 col10=1.00 to10=0.00 min_d= 3.69 avg_spd=2.08m/s end=collision t=  146.9s
[TRAIN][PPO] ep=123/500 r=  -11.87 avg10=   -8.69 steps= 118 succ10=0.00 touch10=0.00 col10=1.00 to10=0.00 min_d= 3.76 avg_spd=2.01m/s end=collision t=  147.8s
[TRAIN][PPO] ep=124/500 r=   -5.39 avg10=   -8.78 steps= 149 succ10=0.00 touch10=0.00 col10=1.00 to10=0.00 min_d= 3.66 avg_spd=1.95m/s end=collision t=  149.2s
[TRAIN][PPO] ep=125/500 r=   -5.86 avg10=   -9.05 steps= 143 succ10=0.00 touch10=0.00 col10=1.00 to10=0.00 min_d= 3.58 avg_spd=1.98m/s end=collision t=  150.2s
[TRAIN][PPO] ep=126/500 r=  -12.05 avg10=   -9.37 steps= 128 succ10=0.00 touch10=0.00 col10=1.00 to10=0.00 min_d= 3.68 avg_spd=2.01m/s end=collision t=  151.2s
[TRAIN][PPO] ep=127/500 r=   -4.84 avg10=   -9.14 steps= 134 succ10=0.00 touch10=0.00 col10=1.00 to10=0.00 min_d= 3.60 avg_spd=2.04m/s end=collision t=  152.2s
[TRAIN][PPO] ep=128/500 r=   -3.61 avg10=   -8.62 steps= 144 succ10=0.00 touch10=0.00 col10=1.00 to10=0.00 min_d= 3.58 avg_spd=2.01m/s end=collision t=  153.5s
[TRAIN][PPO] ep=129/500 r=   -3.20 avg10=   -8.45 steps= 139 succ10=0.00 touch10=0.00 col10=1.00 to10=0.00 min_d= 3.66 avg_spd=2.05m/s end=collision t=  154.6s
[TRAIN][PPO] ep=130/500 r=    0.05 avg10=   -8.13 steps= 149 succ10=0.00 touch10=0.00 col10=1.00 to10=0.00 min_d= 3.67 avg_spd=2.05m/s end=collision t=  155.7s
[TRAIN][PPO] ep=131/500 r=   -1.09 avg10=   -6.00 steps= 179 succ10=0.00 touch10=0.00 col10=1.00 to10=0.00 min_d= 3.59 avg_spd=1.97m/s end=collision t=  157.0s
[TRAIN][PPO] ep=132/500 r=  -10.76 avg10=   -5.86 steps= 125 succ10=0.00 touch10=0.00 col10=1.00 to10=0.00 min_d= 3.64 avg_spd=2.02m/s end=collision t=  158.1s
[TRAIN][PPO] ep=133/500 r=   -3.73 avg10=   -5.05 steps= 150 succ10=0.00 touch10=0.00 col10=1.00 to10=0.00 min_d= 3.54 avg_spd=2.03m/s end=collision t=  159.1s
[TRAIN][PPO] ep=134/500 r=   -4.11 avg10=   -4.92 steps= 155 succ10=0.00 touch10=0.00 col10=1.00 to10=0.00 min_d= 3.62 avg_spd=1.95m/s end=collision t=  160.2s
[TRAIN][PPO] ep=135/500 r=  -14.12 avg10=   -5.75 steps= 118 succ10=0.00 touch10=0.00 col10=1.00 to10=0.00 min_d= 3.79 avg_spd=1.99m/s end=collision t=  161.0s
[TRAIN][PPO] ep=136/500 r=   -3.18 avg10=   -4.86 steps= 159 succ10=0.00 touch10=0.00 col10=1.00 to10=0.00 min_d= 3.68 avg_spd=2.01m/s end=collision t=  162.4s
[TRAIN][PPO] ep=137/500 r=   -2.97 avg10=   -4.67 steps= 164 succ10=0.00 touch10=0.00 col10=1.00 to10=0.00 min_d= 3.65 avg_spd=2.00m/s end=collision t=  163.5s
[TRAIN][PPO] ep=138/500 r=   -3.47 avg10=   -4.66 steps= 140 succ10=0.00 touch10=0.00 col10=1.00 to10=0.00 min_d= 3.63 avg_spd=2.03m/s end=collision t=  164.5s
[TRAIN][PPO] ep=139/500 r=   -8.83 avg10=   -5.22 steps= 128 succ10=0.00 touch10=0.00 col10=1.00 to10=0.00 min_d= 3.64 avg_spd=2.01m/s end=collision t=  165.4s
[TRAIN][PPO] ep=140/500 r=   25.39 avg10=   -2.69 steps= 570 succ10=0.00 touch10=0.00 col10=1.00 to10=0.00 min_d= 3.02 avg_spd=1.96m/s end=collision t=  169.8s
[TRAIN][PPO] ep=141/500 r=   -2.77 avg10=   -2.85 steps= 140 succ10=0.00 touch10=0.00 col10=1.00 to10=0.00 min_d= 3.67 avg_spd=2.06m/s end=collision t=  170.8s
[TRAIN][PPO] ep=142/500 r=  -10.87 avg10=   -2.87 steps= 122 succ10=0.00 touch10=0.00 col10=1.00 to10=0.00 min_d= 3.64 avg_spd=1.99m/s end=collision t=  171.7s
[TRAIN][PPO] ep=143/500 r=   -9.58 avg10=   -3.45 steps= 133 succ10=0.00 touch10=0.00 col10=1.00 to10=0.00 min_d= 3.76 avg_spd=1.96m/s end=collision t=  172.7s
[TRAIN][PPO] ep=144/500 r=   -4.41 avg10=   -3.48 steps= 153 succ10=0.00 touch10=0.00 col10=1.00 to10=0.00 min_d= 3.66 avg_spd=2.01m/s end=collision t=  174.0s
[TRAIN][PPO] ep=145/500 r=   -5.47 avg10=   -2.62 steps= 135 succ10=0.00 touch10=0.00 col10=1.00 to10=0.00 min_d= 3.71 avg_spd=2.07m/s end=collision t=  175.0s
[TRAIN][PPO] ep=146/500 r=   -1.96 avg10=   -2.49 steps= 142 succ10=0.00 touch10=0.00 col10=1.00 to10=0.00 min_d= 3.66 avg_spd=2.09m/s end=collision t=  176.0s
[TRAIN][PPO] ep=147/500 r=   -6.75 avg10=   -2.87 steps= 130 succ10=0.00 touch10=0.00 col10=1.00 to10=0.00 min_d= 3.74 avg_spd=2.03m/s end=collision t=  176.8s
[TRAIN][PPO] ep=148/500 r=    3.42 avg10=   -2.18 steps= 169 succ10=0.00 touch10=0.00 col10=1.00 to10=0.00 min_d= 3.60 avg_spd=2.05m/s end=collision t=  178.3s
[TRAIN][PPO] ep=149/500 r=  -22.30 avg10=   -3.53 steps= 108 succ10=0.00 touch10=0.00 col10=1.00 to10=0.00 min_d= 3.78 avg_spd=1.99m/s end=collision t=  179.2s
[TRAIN][PPO] ep=150/500 r=   -7.20 avg10=   -6.79 steps= 127 succ10=0.00 touch10=0.00 col10=1.00 to10=0.00 min_d= 3.63 avg_spd=2.06m/s end=collision t=  180.1s
[TRAIN][PPO] ep=151/500 r=   -9.99 avg10=   -7.51 steps= 130 succ10=0.00 touch10=0.00 col10=1.00 to10=0.00 min_d= 3.66 avg_spd=2.00m/s end=collision t=  181.1s
[TRAIN][PPO] ep=152/500 r=  -14.68 avg10=   -7.89 steps= 123 succ10=0.00 touch10=0.00 col10=1.00 to10=0.00 min_d= 3.79 avg_spd=1.92m/s end=collision t=  182.3s
[TRAIN][PPO] ep=153/500 r=  -16.62 avg10=   -8.59 steps= 111 succ10=0.00 touch10=0.00 col10=1.00 to10=0.00 min_d= 3.75 avg_spd=1.99m/s end=collision t=  183.1s
WARNING: Contact joints between materials 'default' and 'default' will only be created for the 10 deepest contact points instead of all the 11 contact points.
[TRAIN][PPO] ep=154/500 r=    6.25 avg10=   -7.53 steps= 179 succ10=0.00 touch10=0.00 col10=1.00 to10=0.00 min_d= 3.57 avg_spd=2.06m/s end=collision t=  184.3s
[TRAIN][PPO] ep=155/500 r=   -3.55 avg10=   -7.34 steps= 138 succ10=0.00 touch10=0.00 col10=1.00 to10=0.00 min_d= 3.67 avg_spd=2.02m/s end=collision t=  185.2s
[TRAIN][PPO] ep=156/500 r=   -1.27 avg10=   -7.27 steps= 156 succ10=0.00 touch10=0.00 col10=1.00 to10=0.00 min_d= 3.66 avg_spd=2.05m/s end=collision t=  186.5s
[TRAIN][PPO] ep=157/500 r=   -6.56 avg10=   -7.25 steps= 131 succ10=0.00 touch10=0.00 col10=1.00 to10=0.00 min_d= 3.74 avg_spd=1.95m/s end=collision t=  187.4s
[TRAIN][PPO] ep=158/500 r=    3.39 avg10=   -7.25 steps= 160 succ10=0.00 touch10=0.00 col10=1.00 to10=0.00 min_d= 3.65 avg_spd=2.03m/s end=collision t=  188.5s
[TRAIN][PPO] ep=159/500 r=   33.11 avg10=   -1.71 steps= 405 succ10=0.00 touch10=0.00 col10=1.00 to10=0.00 min_d= 3.19 avg_spd=1.99m/s end=collision t=  191.3s
[TRAIN][PPO] ep=160/500 r=  -12.28 avg10=   -2.22 steps= 125 succ10=0.00 touch10=0.00 col10=1.00 to10=0.00 min_d= 3.69 avg_spd=1.93m/s end=collision t=  192.4s
[TRAIN][PPO] ep=161/500 r=  -16.40 avg10=   -2.86 steps= 117 succ10=0.00 touch10=0.00 col10=1.00 to10=0.00 min_d= 3.77 avg_spd=1.90m/s end=collision t=  193.3s
[TRAIN][PPO] ep=162/500 r=   18.55 avg10=    0.46 steps= 418 succ10=0.00 touch10=0.00 col10=1.00 to10=0.00 min_d= 3.19 avg_spd=1.94m/s end=collision t=  196.3s
[TRAIN][PPO] ep=163/500 r=   -1.61 avg10=    1.96 steps= 152 succ10=0.00 touch10=0.00 col10=1.00 to10=0.00 min_d= 3.58 avg_spd=1.99m/s end=collision t=  197.4s
[TRAIN][PPO] ep=164/500 r=   -2.22 avg10=    1.12 steps= 144 succ10=0.00 touch10=0.00 col10=1.00 to10=0.00 min_d= 3.55 avg_spd=1.99m/s end=collision t=  198.6s
[TRAIN][PPO] ep=165/500 r=   -8.16 avg10=    0.65 steps= 130 succ10=0.00 touch10=0.00 col10=1.00 to10=0.00 min_d= 3.62 avg_spd=1.98m/s end=collision t=  199.5s
[TRAIN][PPO] ep=166/500 r=   28.10 avg10=    3.59 steps= 274 succ10=0.00 touch10=0.00 col10=1.00 to10=0.00 min_d= 3.41 avg_spd=2.01m/s end=collision t=  201.3s
[TRAIN][PPO] ep=167/500 r=   19.69 avg10=    6.22 steps= 419 succ10=0.00 touch10=0.00 col10=1.00 to10=0.00 min_d= 3.19 avg_spd=1.95m/s end=collision t=  204.2s
[TRAIN][PPO] ep=168/500 r=   -3.67 avg10=    5.51 steps= 138 succ10=0.00 touch10=0.00 col10=1.00 to10=0.00 min_d= 3.64 avg_spd=2.07m/s end=collision t=  205.4s
[TRAIN][PPO] ep=169/500 r=   17.52 avg10=    3.95 steps= 419 succ10=0.00 touch10=0.00 col10=1.00 to10=0.00 min_d= 3.20 avg_spd=1.94m/s end=collision t=  208.6s
[TRAIN][PPO] ep=170/500 r=    4.11 avg10=    5.59 steps= 261 succ10=0.00 touch10=0.00 col10=1.00 to10=0.00 min_d= 3.60 avg_spd=2.02m/s end=collision t=  210.4s
[TRAIN][PPO] ep=171/500 r=   -9.00 avg10=    6.33 steps= 129 succ10=0.00 touch10=0.00 col10=1.00 to10=0.00 min_d= 3.73 avg_spd=1.98m/s end=collision t=  211.2s
[TRAIN][PPO] ep=172/500 r=   -2.11 avg10=    4.26 steps= 149 succ10=0.00 touch10=0.00 col10=1.00 to10=0.00 min_d= 3.59 avg_spd=1.96m/s end=collision t=  212.5s
[TRAIN][PPO] ep=173/500 r=    8.16 avg10=    5.24 steps= 416 succ10=0.00 touch10=0.00 col10=1.00 to10=0.00 min_d= 3.20 avg_spd=1.92m/s end=collision t=  215.4s
[TRAIN][PPO] ep=174/500 r=   -7.08 avg10=    4.76 steps= 134 succ10=0.00 touch10=0.00 col10=1.00 to10=0.00 min_d= 3.75 avg_spd=1.94m/s end=collision t=  216.3s
[TRAIN][PPO] ep=175/500 r=   -3.40 avg10=    5.23 steps= 149 succ10=0.00 touch10=0.00 col10=1.00 to10=0.00 min_d= 3.64 avg_spd=2.04m/s end=collision t=  217.4s
[TRAIN][PPO] ep=176/500 r=   -6.99 avg10=    1.72 steps= 129 succ10=0.00 touch10=0.00 col10=1.00 to10=0.00 min_d= 3.71 avg_spd=2.05m/s end=collision t=  218.6s
[TRAIN][PPO] ep=177/500 r=   -1.74 avg10=   -0.42 steps= 155 succ10=0.00 touch10=0.00 col10=1.00 to10=0.00 min_d= 3.66 avg_spd=2.00m/s end=collision t=  219.7s
[TRAIN][PPO] ep=178/500 r=   -8.62 avg10=   -0.91 steps= 132 succ10=0.00 touch10=0.00 col10=1.00 to10=0.00 min_d= 3.66 avg_spd=1.99m/s end=collision t=  220.6s
[TRAIN][PPO] ep=179/500 r=  -18.16 avg10=   -4.48 steps= 111 succ10=0.00 touch10=0.00 col10=1.00 to10=0.00 min_d= 3.74 avg_spd=2.00m/s end=collision t=  221.5s
[TRAIN][PPO] ep=180/500 r=    6.99 avg10=   -4.20 steps= 180 succ10=0.00 touch10=0.00 col10=1.00 to10=0.00 min_d= 3.55 avg_spd=1.99m/s end=collision t=  223.1s
[TRAIN][PPO] ep=181/500 r=   -6.20 avg10=   -3.91 steps= 131 succ10=0.00 touch10=0.00 col10=1.00 to10=0.00 min_d= 3.66 avg_spd=2.01m/s end=collision t=  224.0s
[TRAIN][PPO] ep=182/500 r=   17.23 avg10=   -1.98 steps= 260 succ10=0.00 touch10=0.00 col10=1.00 to10=0.00 min_d= 3.43 avg_spd=2.00m/s end=collision t=  225.8s
[TRAIN][PPO] ep=183/500 r=   -2.96 avg10=   -3.09 steps= 143 succ10=0.00 touch10=0.00 col10=1.00 to10=0.00 min_d= 3.63 avg_spd=2.04m/s end=collision t=  226.8s
[TRAIN][PPO] ep=184/500 r=  -13.56 avg10=   -3.74 steps= 127 succ10=0.00 touch10=0.00 col10=1.00 to10=0.00 min_d= 3.70 avg_spd=1.86m/s end=collision t=  228.0s
[TRAIN][PPO] ep=185/500 r=   -2.61 avg10=   -3.66 steps= 168 succ10=0.00 touch10=0.00 col10=1.00 to10=0.00 min_d= 3.74 avg_spd=1.94m/s end=collision t=  229.1s
[TRAIN][PPO] ep=186/500 r=    0.78 avg10=   -2.88 steps= 155 succ10=0.00 touch10=0.00 col10=1.00 to10=0.00 min_d= 3.66 avg_spd=1.99m/s end=collision t=  230.2s
[TRAIN][PPO] ep=187/500 r=   -1.76 avg10=   -2.89 steps= 145 succ10=0.00 touch10=0.00 col10=1.00 to10=0.00 min_d= 3.63 avg_spd=2.00m/s end=collision t=  231.2s
[TRAIN][PPO] ep=188/500 r=   -3.27 avg10=   -2.35 steps= 145 succ10=0.00 touch10=0.00 col10=1.00 to10=0.00 min_d= 3.67 avg_spd=1.97m/s end=collision t=  232.6s
[TRAIN][PPO] ep=189/500 r=   35.27 avg10=    2.99 steps= 402 succ10=0.00 touch10=0.00 col10=1.00 to10=0.00 min_d= 3.20 avg_spd=1.95m/s end=collision t=  235.4s
[TRAIN][PPO] ep=190/500 r=    3.51 avg10=    2.64 steps= 415 succ10=0.00 touch10=0.00 col10=1.00 to10=0.00 min_d= 3.20 avg_spd=1.91m/s end=collision t=  238.3s
[TRAIN][PPO] ep=191/500 r=    4.49 avg10=    3.71 steps= 171 succ10=0.00 touch10=0.00 col10=1.00 to10=0.00 min_d= 3.53 avg_spd=2.01m/s end=collision t=  239.4s
[TRAIN][PPO] ep=192/500 r=    3.27 avg10=    2.32 steps= 161 succ10=0.00 touch10=0.00 col10=1.00 to10=0.00 min_d= 3.65 avg_spd=2.00m/s end=collision t=  240.9s
[TRAIN][PPO] ep=193/500 r=    4.24 avg10=    3.04 steps= 169 succ10=0.00 touch10=0.00 col10=1.00 to10=0.00 min_d= 3.65 avg_spd=1.96m/s end=collision t=  242.1s
[TRAIN][PPO] ep=194/500 r=   16.18 avg10=    6.01 steps= 263 succ10=0.00 touch10=0.00 col10=1.00 to10=0.00 min_d= 3.39 avg_spd=1.99m/s end=collision t=  244.1s
[TRAIN][PPO] ep=195/500 r=   14.44 avg10=    7.72 steps= 414 succ10=0.00 touch10=0.00 col10=1.00 to10=0.00 min_d= 3.20 avg_spd=1.93m/s end=collision t=  247.2s
[TRAIN][PPO] ep=196/500 r=    6.80 avg10=    8.32 steps= 259 succ10=0.00 touch10=0.00 col10=1.00 to10=0.00 min_d= 3.53 avg_spd=1.94m/s end=collision t=  249.3s
[TRAIN][PPO] ep=197/500 r= -143.70 avg10=   -5.88 steps= 805 succ10=0.00 touch10=0.00 col10=1.00 to10=0.00 min_d= 3.56 avg_spd=1.62m/s end=collision t=  255.0s
[TRAIN][PPO] ep=198/500 r=  -29.27 avg10=   -8.48 steps=1190 succ10=0.00 touch10=0.00 col10=1.00 to10=0.00 min_d= 2.61 avg_spd=1.74m/s end=collision t=  263.7s
[TRAIN][PPO] ep=199/500 r=  -41.30 avg10=  -16.13 steps=1184 succ10=0.00 touch10=0.00 col10=1.00 to10=0.00 min_d= 2.66 avg_spd=1.75m/s end=collision t=  272.3s
[TRAIN][PPO] ep=200/500 r=    1.61 avg10=  -16.32 steps= 157 succ10=0.00 touch10=0.00 col10=1.00 to10=0.00 min_d= 3.65 avg_spd=2.02m/s end=collision t=  274.0s ckpt=latest
[TRAIN][PPO] ep=201/500 r=    3.58 avg10=  -16.41 steps= 418 succ10=0.00 touch10=0.00 col10=1.00 to10=0.00 min_d= 3.20 avg_spd=1.85m/s end=collision t=  277.0s
[TRAIN][PPO] ep=202/500 r=    1.98 avg10=  -16.54 steps= 159 succ10=0.00 touch10=0.00 col10=1.00 to10=0.00 min_d= 3.65 avg_spd=1.93m/s end=collision t=  278.1s
[TRAIN][PPO] ep=203/500 r=    4.03 avg10=  -16.57 steps= 167 succ10=0.00 touch10=0.00 col10=1.00 to10=0.00 min_d= 3.53 avg_spd=2.04m/s end=collision t=  279.3s
[TRAIN][PPO] ep=204/500 r= -194.19 avg10=  -37.60 steps= 782 succ10=0.00 touch10=0.00 col10=1.00 to10=0.00 min_d= 3.18 avg_spd=1.68m/s end=collision t=  285.1s
[TRAIN][PPO] ep=205/500 r=   -1.81 avg10=  -39.23 steps= 152 succ10=0.00 touch10=0.00 col10=1.00 to10=0.00 min_d= 3.66 avg_spd=1.87m/s end=collision t=  286.2s
[TRAIN][PPO] ep=206/500 r= -138.64 avg10=  -53.77 steps= 926 succ10=0.00 touch10=0.00 col10=1.00 to10=0.00 min_d= 3.41 avg_spd=1.66m/s end=collision t=  292.3s
[TRAIN][PPO] ep=207/500 r=   23.21 avg10=  -37.08 steps= 405 succ10=0.00 touch10=0.00 col10=1.00 to10=0.00 min_d= 3.20 avg_spd=1.91m/s end=collision t=  295.1s
[TRAIN][PPO] ep=208/500 r=    3.07 avg10=  -33.85 steps= 168 succ10=0.00 touch10=0.00 col10=1.00 to10=0.00 min_d= 3.65 avg_spd=2.00m/s end=collision t=  296.6s
[TRAIN][PPO] ep=209/500 r=    1.50 avg10=  -29.57 steps= 169 succ10=0.00 touch10=0.00 col10=1.00 to10=0.00 min_d= 3.55 avg_spd=1.85m/s end=collision t=  297.7s
[TRAIN][PPO] ep=210/500 r=   -1.05 avg10=  -29.83 steps= 151 succ10=0.00 touch10=0.00 col10=1.00 to10=0.00 min_d= 3.66 avg_spd=1.98m/s end=collision t=  298.8s
[TRAIN][PPO] ep=211/500 r=    3.16 avg10=  -29.87 steps= 164 succ10=0.00 touch10=0.00 col10=1.00 to10=0.00 min_d= 3.56 avg_spd=1.96m/s end=collision t=  300.0s
[TRAIN][PPO] ep=212/500 r=    2.22 avg10=  -29.85 steps= 162 succ10=0.00 touch10=0.00 col10=1.00 to10=0.00 min_d= 3.65 avg_spd=1.97m/s end=collision t=  301.4s
[TRAIN][PPO] ep=213/500 r=  -26.82 avg10=  -32.93 steps=1191 succ10=0.00 touch10=0.00 col10=1.00 to10=0.00 min_d= 2.61 avg_spd=1.73m/s end=collision t=  309.3s
[TRAIN][PPO] ep=214/500 r= -134.20 avg10=  -26.94 steps= 921 succ10=0.00 touch10=0.00 col10=1.00 to10=0.00 min_d= 3.43 avg_spd=1.65m/s end=collision t=  315.8s
[TRAIN][PPO] ep=215/500 r= -126.28 avg10=  -39.38 steps=1200 succ10=0.00 touch10=0.00 col10=1.00 to10=0.00 min_d= 2.96 avg_spd=1.69m/s end=collision t=  324.3s
[TRAIN][PPO] ep=216/500 r=   23.51 avg10=  -23.17 steps= 406 succ10=0.00 touch10=0.00 col10=1.00 to10=0.00 min_d= 3.20 avg_spd=1.88m/s end=collision t=  328.0s
[TRAIN][PPO] ep=217/500 r=    3.97 avg10=  -25.09 steps= 259 succ10=0.00 touch10=0.00 col10=1.00 to10=0.00 min_d= 3.51 avg_spd=1.90m/s end=collision t=  329.7s
[TRAIN][PPO] ep=218/500 r=   22.24 avg10=  -23.17 steps= 267 succ10=0.00 touch10=0.00 col10=1.00 to10=0.00 min_d= 3.48 avg_spd=1.99m/s end=collision t=  331.5s
[TRAIN][PPO] ep=219/500 r=   -2.93 avg10=  -23.62 steps= 146 succ10=0.00 touch10=0.00 col10=1.00 to10=0.00 min_d= 3.66 avg_spd=1.96m/s end=collision t=  332.6s
[TRAIN][PPO] ep=220/500 r=   13.95 avg10=  -22.12 steps= 421 succ10=0.00 touch10=0.00 col10=1.00 to10=0.00 min_d= 3.19 avg_spd=1.89m/s end=collision t=  336.0s
[TRAIN][PPO] ep=221/500 r=    3.79 avg10=  -22.06 steps= 178 succ10=0.00 touch10=0.00 col10=1.00 to10=0.00 min_d= 3.56 avg_spd=1.96m/s end=collision t=  337.2s
[TRAIN][PPO] ep=222/500 r=   -0.78 avg10=  -22.36 steps= 149 succ10=0.00 touch10=0.00 col10=1.00 to10=0.00 min_d= 3.66 avg_spd=1.97m/s end=collision t=  338.3s
[TRAIN][PPO] ep=223/500 r=   21.31 avg10=  -17.54 steps= 267 succ10=0.00 touch10=0.00 col10=1.00 to10=0.00 min_d= 3.40 avg_spd=1.97m/s end=collision t=  340.2s
[TRAIN][PPO] ep=224/500 r=   -5.95 avg10=   -4.72 steps= 141 succ10=0.00 touch10=0.00 col10=1.00 to10=0.00 min_d= 3.67 avg_spd=1.87m/s end=collision t=  341.5s
[TRAIN][PPO] ep=225/500 r= -119.10 avg10=   -4.00 steps=1059 succ10=0.00 touch10=0.00 col10=1.00 to10=0.00 min_d= 3.10 avg_spd=1.66m/s end=collision t=  348.7s
[TRAIN][PPO] ep=226/500 r=    4.02 avg10=   -5.95 steps= 167 succ10=0.00 touch10=0.00 col10=1.00 to10=0.00 min_d= 3.55 avg_spd=1.96m/s end=collision t=  349.8s
[TRAIN][PPO] ep=227/500 r=   14.10 avg10=   -4.94 steps= 264 succ10=0.00 touch10=0.00 col10=1.00 to10=0.00 min_d= 3.57 avg_spd=1.95m/s end=collision t=  351.7s
[TRAIN][PPO] ep=228/500 r=   -4.07 avg10=   -7.57 steps= 153 succ10=0.00 touch10=0.00 col10=1.00 to10=0.00 min_d= 3.66 avg_spd=1.81m/s end=collision t=  353.2s
[TRAIN][PPO] ep=229/500 r=   35.78 avg10=   -3.70 steps= 274 succ10=0.00 touch10=0.00 col10=1.00 to10=0.00 min_d= 3.37 avg_spd=2.00m/s end=collision t=  355.2s
[TRAIN][PPO] ep=230/500 r=   -1.48 avg10=   -5.24 steps= 151 succ10=0.00 touch10=0.00 col10=1.00 to10=0.00 min_d= 3.58 avg_spd=1.91m/s end=collision t=  356.2s
[TRAIN][PPO] ep=231/500 r=   10.73 avg10=   -4.55 steps= 261 succ10=0.00 touch10=0.00 col10=1.00 to10=0.00 min_d= 3.52 avg_spd=1.96m/s end=collision t=  358.0s
[TRAIN][PPO] ep=232/500 r=    1.08 avg10=   -4.36 steps= 156 succ10=0.00 touch10=0.00 col10=1.00 to10=0.00 min_d= 3.58 avg_spd=1.93m/s end=collision t=  359.4s
[TRAIN][PPO] ep=233/500 r=   31.60 avg10=   -3.33 steps= 400 succ10=0.00 touch10=0.00 col10=1.00 to10=0.00 min_d= 3.20 avg_spd=1.89m/s end=collision t=  362.3s
[TRAIN][PPO] ep=234/500 r= -122.94 avg10=  -15.03 steps=1069 succ10=0.00 touch10=0.00 col10=1.00 to10=0.00 min_d= 3.10 avg_spd=1.65m/s end=collision t=  369.8s
[TRAIN][PPO] ep=235/500 r=  -14.61 avg10=   -4.58 steps= 124 succ10=0.00 touch10=0.00 col10=1.00 to10=0.00 min_d= 3.69 avg_spd=1.78m/s end=collision t=  370.8s
[TRAIN][PPO] ep=236/500 r=   33.79 avg10=   -1.60 steps= 270 succ10=0.00 touch10=0.00 col10=1.00 to10=0.00 min_d= 3.41 avg_spd=1.96m/s end=collision t=  373.0s
[TRAIN][PPO] ep=237/500 r=  -16.31 avg10=   -4.64 steps= 123 succ10=0.00 touch10=0.00 col10=1.00 to10=0.00 min_d= 3.83 avg_spd=1.76m/s end=collision t=  374.0s
[TRAIN][PPO] ep=238/500 r=   25.21 avg10=   -1.71 steps= 267 succ10=0.00 touch10=0.00 col10=1.00 to10=0.00 min_d= 3.44 avg_spd=1.89m/s end=collision t=  376.0s
[TRAIN][PPO] ep=239/500 r=   -8.11 avg10=   -6.10 steps= 142 succ10=0.00 touch10=0.00 col10=1.00 to10=0.00 min_d= 3.76 avg_spd=1.77m/s end=collision t=  376.9s
[TRAIN][PPO] ep=240/500 r=   28.20 avg10=   -3.14 steps= 265 succ10=0.00 touch10=0.00 col10=1.00 to10=0.00 min_d= 3.45 avg_spd=1.99m/s end=collision t=  379.0s
[TRAIN][PPO] ep=241/500 r=   36.18 avg10=   -0.59 steps= 272 succ10=0.00 touch10=0.00 col10=1.00 to10=0.00 min_d= 3.39 avg_spd=1.98m/s end=collision t=  380.8s
[TRAIN][PPO] ep=242/500 r=   21.92 avg10=    1.49 steps= 273 succ10=0.00 touch10=0.00 col10=1.00 to10=0.00 min_d= 3.58 avg_spd=1.89m/s end=collision t=  382.7s
[TRAIN][PPO] ep=243/500 r=   25.56 avg10=    0.89 steps= 403 succ10=0.00 touch10=0.00 col10=1.00 to10=0.00 min_d= 3.20 avg_spd=1.90m/s end=collision t=  385.5s
[TRAIN][PPO] ep=244/500 r=   37.37 avg10=   16.92 steps= 396 succ10=0.00 touch10=0.00 col10=1.00 to10=0.00 min_d= 3.20 avg_spd=1.88m/s end=collision t=  388.6s
[TRAIN][PPO] ep=245/500 r=   28.13 avg10=   21.19 steps= 274 succ10=0.00 touch10=0.00 col10=1.00 to10=0.00 min_d= 3.35 avg_spd=1.96m/s end=collision t=  390.6s
[TRAIN][PPO] ep=246/500 r=   34.05 avg10=   21.22 steps= 400 succ10=0.00 touch10=0.00 col10=1.00 to10=0.00 min_d= 3.20 avg_spd=1.88m/s end=collision t=  393.4s
[TRAIN][PPO] ep=247/500 r=    4.08 avg10=   23.26 steps= 174 succ10=0.00 touch10=0.00 col10=1.00 to10=0.00 min_d= 3.55 avg_spd=1.99m/s end=collision t=  394.8s
[TRAIN][PPO] ep=248/500 r=   -1.07 avg10=   20.63 steps= 148 succ10=0.00 touch10=0.00 col10=1.00 to10=0.00 min_d= 3.64 avg_spd=1.98m/s end=collision t=  396.0s
[TRAIN][PPO] ep=249/500 r=    4.81 avg10=   21.92 steps= 174 succ10=0.00 touch10=0.00 col10=1.00 to10=0.00 min_d= 3.65 avg_spd=1.91m/s end=collision t=  397.2s
[TRAIN][PPO] ep=250/500 r=  -13.05 avg10=   17.80 steps= 122 succ10=0.00 touch10=0.00 col10=1.00 to10=0.00 min_d= 3.74 avg_spd=1.90m/s end=collision t=  398.1s
[TRAIN][PPO] ep=251/500 r=   -3.61 avg10=   13.82 steps= 140 succ10=0.00 touch10=0.00 col10=1.00 to10=0.00 min_d= 3.60 avg_spd=1.97m/s end=collision t=  399.1s
[TRAIN][PPO] ep=252/500 r=    7.76 avg10=   12.40 steps= 177 succ10=0.00 touch10=0.00 col10=1.00 to10=0.00 min_d= 3.53 avg_spd=1.97m/s end=collision t=  400.6s
[TRAIN][PPO] ep=253/500 r=    5.95 avg10=   10.44 steps= 180 succ10=0.00 touch10=0.00 col10=1.00 to10=0.00 min_d= 3.64 avg_spd=1.98m/s end=collision t=  401.8s
[TRAIN][PPO] ep=254/500 r=   -7.59 avg10=    5.95 steps= 134 succ10=0.00 touch10=0.00 col10=1.00 to10=0.00 min_d= 3.70 avg_spd=1.90m/s end=collision t=  402.8s
[TRAIN][PPO] ep=255/500 r=   -1.93 avg10=    2.94 steps= 148 succ10=0.00 touch10=0.00 col10=1.00 to10=0.00 min_d= 3.67 avg_spd=1.95m/s end=collision t=  403.9s
[TRAIN][PPO] ep=256/500 r=  -12.42 avg10=   -1.71 steps= 125 succ10=0.00 touch10=0.00 col10=1.00 to10=0.00 min_d= 3.81 avg_spd=1.87m/s end=collision t=  405.1s
[TRAIN][PPO] ep=257/500 r=   -1.76 avg10=   -2.29 steps= 151 succ10=0.00 touch10=0.00 col10=1.00 to10=0.00 min_d= 3.58 avg_spd=1.92m/s end=collision t=  406.2s
[TRAIN][PPO] ep=258/500 r=   47.75 avg10=    2.59 steps= 402 succ10=0.00 touch10=0.00 col10=1.00 to10=0.00 min_d= 3.20 avg_spd=1.97m/s end=collision t=  409.3s
[TRAIN][PPO] ep=259/500 r=    2.30 avg10=    2.34 steps= 260 succ10=0.00 touch10=0.00 col10=1.00 to10=0.00 min_d= 3.55 avg_spd=1.98m/s end=collision t=  411.2s
[TRAIN][PPO] ep=260/500 r=   36.97 avg10=    7.34 steps= 276 succ10=0.00 touch10=0.00 col10=1.00 to10=0.00 min_d= 3.37 avg_spd=1.91m/s end=collision t=  413.5s
[TRAIN][PPO] ep=261/500 r=   33.08 avg10=   11.01 steps= 271 succ10=0.00 touch10=0.00 col10=1.00 to10=0.00 min_d= 3.40 avg_spd=2.00m/s end=collision t=  415.6s
[TRAIN][PPO] ep=262/500 r=    7.06 avg10=   10.94 steps= 272 succ10=0.00 touch10=0.00 col10=1.00 to10=0.00 min_d= 3.60 avg_spd=1.93m/s end=collision t=  417.6s
[TRAIN][PPO] ep=263/500 r=   -0.42 avg10=   10.31 steps= 162 succ10=0.00 touch10=0.00 col10=1.00 to10=0.00 min_d= 3.65 avg_spd=2.00m/s end=collision t=  418.8s
[TRAIN][PPO] ep=264/500 r=   -0.36 avg10=   11.03 steps= 160 succ10=0.00 touch10=0.00 col10=1.00 to10=0.00 min_d= 3.66 avg_spd=1.89m/s end=collision t=  420.2s
[TRAIN][PPO] ep=265/500 r=   20.53 avg10=   13.27 steps= 263 succ10=0.00 touch10=0.00 col10=1.00 to10=0.00 min_d= 3.52 avg_spd=1.93m/s end=collision t=  422.2s
[TRAIN][PPO] ep=266/500 r=   10.71 avg10=   15.59 steps= 260 succ10=0.00 touch10=0.00 col10=1.00 to10=0.00 min_d= 3.54 avg_spd=1.94m/s end=collision t=  424.1s
[TRAIN][PPO] ep=267/500 r= -144.85 avg10=    1.28 steps= 911 succ10=0.00 touch10=0.00 col10=1.00 to10=0.00 min_d= 3.54 avg_spd=1.62m/s end=collision t=  430.7s
[TRAIN][PPO] ep=268/500 r=   27.66 avg10=   -0.73 steps= 270 succ10=0.00 touch10=0.00 col10=1.00 to10=0.00 min_d= 3.38 avg_spd=1.92m/s end=collision t=  433.1s
[TRAIN][PPO] ep=269/500 r= -154.60 avg10=  -16.42 steps= 909 succ10=0.00 touch10=0.00 col10=1.00 to10=0.00 min_d= 3.41 avg_spd=1.62m/s end=collision t=  439.2s
[TRAIN][PPO] ep=270/500 r= -144.53 avg10=  -34.57 steps= 913 succ10=0.00 touch10=0.00 col10=1.00 to10=0.00 min_d= 3.43 avg_spd=1.61m/s end=collision t=  445.3s
[TRAIN][PPO] ep=271/500 r=    0.21 avg10=  -37.86 steps= 159 succ10=0.00 touch10=0.00 col10=1.00 to10=0.00 min_d= 3.66 avg_spd=1.87m/s end=collision t=  446.4s
[TRAIN][PPO] ep=272/500 r=   -5.56 avg10=  -39.12 steps= 150 succ10=0.00 touch10=0.00 col10=1.00 to10=0.00 min_d= 3.75 avg_spd=1.75m/s end=collision t=  447.9s
[TRAIN][PPO] ep=273/500 r=   -3.73 avg10=  -39.45 steps= 165 succ10=0.00 touch10=0.00 col10=1.00 to10=0.00 min_d= 3.75 avg_spd=1.83m/s end=collision t=  449.0s
[TRAIN][PPO] ep=274/500 r= -144.79 avg10=  -53.90 steps= 919 succ10=0.00 touch10=0.00 col10=1.00 to10=0.00 min_d= 3.40 avg_spd=1.64m/s end=collision t=  455.6s
[TRAIN][PPO] ep=275/500 r=   -7.86 avg10=  -56.73 steps= 154 succ10=0.00 touch10=0.00 col10=1.00 to10=0.00 min_d= 3.74 avg_spd=1.83m/s end=collision t=  456.6s
[TRAIN][PPO] ep=276/500 r=   30.45 avg10=  -54.76 steps= 269 succ10=0.00 touch10=0.00 col10=1.00 to10=0.00 min_d= 3.43 avg_spd=1.91m/s end=collision t=  458.7s
[TRAIN][PPO] ep=277/500 r=   10.15 avg10=  -39.26 steps= 260 succ10=0.00 touch10=0.00 col10=1.00 to10=0.00 min_d= 3.53 avg_spd=1.93m/s end=collision t=  460.4s
[TRAIN][PPO] ep=278/500 r=   -1.99 avg10=  -42.23 steps= 154 succ10=0.00 touch10=0.00 col10=1.00 to10=0.00 min_d= 3.65 avg_spd=1.82m/s end=collision t=  461.5s
[TRAIN][PPO] ep=279/500 r= -138.13 avg10=  -40.58 steps= 910 succ10=0.00 touch10=0.00 col10=1.00 to10=0.00 min_d= 3.48 avg_spd=1.64m/s end=collision t=  468.1s
[TRAIN][PPO] ep=280/500 r=   29.08 avg10=  -23.22 steps= 401 succ10=0.00 touch10=0.00 col10=1.00 to10=0.00 min_d= 3.20 avg_spd=1.86m/s end=collision t=  471.4s
[TRAIN][PPO] ep=281/500 r=   29.65 avg10=  -20.27 steps= 400 succ10=0.00 touch10=0.00 col10=1.00 to10=0.00 min_d= 3.20 avg_spd=1.88m/s end=collision t=  474.1s
[TRAIN][PPO] ep=282/500 r=  -10.31 avg10=  -20.75 steps= 134 succ10=0.00 touch10=0.00 col10=1.00 to10=0.00 min_d= 3.72 avg_spd=1.86m/s end=collision t=  475.1s
[TRAIN][PPO] ep=283/500 r=    7.51 avg10=  -19.62 steps= 266 succ10=0.00 touch10=0.00 col10=1.00 to10=0.00 min_d= 3.60 avg_spd=1.96m/s end=collision t=  476.8s
[TRAIN][PPO] ep=284/500 r=   -4.75 avg10=   -5.62 steps= 146 succ10=0.00 touch10=0.00 col10=1.00 to10=0.00 min_d= 3.64 avg_spd=1.81m/s end=collision t=  478.1s
[TRAIN][PPO] ep=285/500 r=   -1.28 avg10=   -4.96 steps= 166 succ10=0.00 touch10=0.00 col10=1.00 to10=0.00 min_d= 3.64 avg_spd=1.90m/s end=collision t=  479.2s
[TRAIN][PPO] ep=286/500 r= -128.25 avg10=  -20.83 steps= 921 succ10=0.00 touch10=0.00 col10=1.00 to10=0.00 min_d= 3.39 avg_spd=1.64m/s end=collision t=  485.2s
[TRAIN][PPO] ep=287/500 r=    2.14 avg10=  -21.63 steps= 171 succ10=0.00 touch10=0.00 col10=1.00 to10=0.00 min_d= 3.65 avg_spd=1.81m/s end=collision t=  486.4s
[TRAIN][PPO] ep=288/500 r= -136.02 avg10=  -35.04 steps= 916 succ10=0.00 touch10=0.00 col10=1.00 to10=0.00 min_d= 3.41 avg_spd=1.65m/s end=collision t=  493.1s
[TRAIN][PPO] ep=289/500 r=   20.04 avg10=  -19.22 steps= 262 succ10=0.00 touch10=0.00 col10=1.00 to10=0.00 min_d= 3.43 avg_spd=1.94m/s end=collision t=  494.9s
[TRAIN][PPO] ep=290/500 r=   11.56 avg10=  -20.97 steps= 262 succ10=0.00 touch10=0.00 col10=1.00 to10=0.00 min_d= 3.58 avg_spd=1.98m/s end=collision t=  496.8s
[TRAIN][PPO] ep=291/500 r=   -2.04 avg10=  -24.14 steps= 152 succ10=0.00 touch10=0.00 col10=1.00 to10=0.00 min_d= 3.64 avg_spd=1.89m/s end=collision t=  497.9s
[TRAIN][PPO] ep=292/500 r=    0.67 avg10=  -23.04 steps= 163 succ10=0.00 touch10=0.00 col10=1.00 to10=0.00 min_d= 3.65 avg_spd=1.85m/s end=collision t=  499.4s
[TRAIN][PPO] ep=293/500 r=   -1.58 avg10=  -23.95 steps= 154 succ10=0.00 touch10=0.00 col10=1.00 to10=0.00 min_d= 3.62 avg_spd=1.89m/s end=collision t=  500.5s
[TRAIN][PPO] ep=294/500 r=   18.78 avg10=  -21.60 steps= 260 succ10=0.00 touch10=0.00 col10=1.00 to10=0.00 min_d= 3.44 avg_spd=1.99m/s end=collision t=  502.5s
[TRAIN][PPO] ep=295/500 r=   21.59 avg10=  -19.31 steps= 263 succ10=0.00 touch10=0.00 col10=1.00 to10=0.00 min_d= 3.51 avg_spd=2.01m/s end=collision t=  504.3s
[TRAIN][PPO] ep=296/500 r=   29.66 avg10=   -3.52 steps= 267 succ10=0.00 touch10=0.00 col10=1.00 to10=0.00 min_d= 3.43 avg_spd=1.92m/s end=collision t=  506.4s
[TRAIN][PPO] ep=297/500 r=    2.79 avg10=   -3.46 steps= 279 succ10=0.00 touch10=0.00 col10=1.00 to10=0.00 min_d= 3.65 avg_spd=1.97m/s end=collision t=  508.3s
[TRAIN][PPO] ep=298/500 r= -150.83 avg10=   -4.94 steps= 836 succ10=0.00 touch10=0.00 col10=1.00 to10=0.00 min_d= 3.63 avg_spd=1.58m/s end=collision t=  514.1s
[TRAIN][PPO] ep=299/500 r=   23.59 avg10=   -4.58 steps= 266 succ10=0.00 touch10=0.00 col10=1.00 to10=0.00 min_d= 3.44 avg_spd=2.00m/s end=collision t=  516.0s
[TRAIN][PPO] ep=300/500 r=   19.45 avg10=   -3.79 steps= 265 succ10=0.00 touch10=0.00 col10=1.00 to10=0.00 min_d= 3.55 avg_spd=1.95m/s end=collision t=  518.1s ckpt=latest
[TRAIN][PPO] ep=301/500 r=   28.66 avg10=   -0.72 steps= 268 succ10=0.00 touch10=0.00 col10=1.00 to10=0.00 min_d= 3.38 avg_spd=1.96m/s end=collision t=  519.9s
[TRAIN][PPO] ep=302/500 r=    8.77 avg10=    0.09 steps= 256 succ10=0.00 touch10=0.00 col10=1.00 to10=0.00 min_d= 3.52 avg_spd=2.00m/s end=collision t=  521.6s
[TRAIN][PPO] ep=303/500 r=   -4.30 avg10=   -0.18 steps= 253 succ10=0.00 touch10=0.00 col10=1.00 to10=0.00 min_d= 3.54 avg_spd=2.01m/s end=collision t=  523.4s
[TRAIN][PPO] ep=304/500 r=   -9.11 avg10=   -2.97 steps= 161 succ10=0.00 touch10=0.00 col10=1.00 to10=0.00 min_d= 3.74 avg_spd=1.84m/s end=collision t=  524.8s
[TRAIN][PPO] ep=305/500 r=   33.86 avg10=   -1.75 steps= 398 succ10=0.00 touch10=0.00 col10=1.00 to10=0.00 min_d= 3.20 avg_spd=1.92m/s end=collision t=  527.6s
[TRAIN][PPO] ep=306/500 r=    4.09 avg10=   -4.30 steps= 168 succ10=0.00 touch10=0.00 col10=1.00 to10=0.00 min_d= 3.61 avg_spd=1.92m/s end=collision t=  528.7s
[TRAIN][PPO] ep=307/500 r=   -6.50 avg10=   -5.23 steps= 142 succ10=0.00 touch10=0.00 col10=1.00 to10=0.00 min_d= 3.77 avg_spd=1.85m/s end=collision t=  529.6s
[TRAIN][PPO] ep=308/500 r=    0.00 avg10=    9.85 steps= 159 succ10=0.00 touch10=0.00 col10=1.00 to10=0.00 min_d= 3.66 avg_spd=1.93m/s end=collision t=  530.9s
[TRAIN][PPO] ep=309/500 r=    2.87 avg10=    7.78 steps= 194 succ10=0.00 touch10=0.00 col10=1.00 to10=0.00 min_d= 3.64 avg_spd=2.01m/s end=collision t=  532.2s
[TRAIN][PPO] ep=310/500 r=   37.21 avg10=    9.56 steps= 277 succ10=0.00 touch10=0.00 col10=1.00 to10=0.00 min_d= 3.33 avg_spd=1.99m/s end=collision t=  534.2s
[TRAIN][PPO] ep=311/500 r=   27.71 avg10=    9.46 steps= 268 succ10=0.00 touch10=0.00 col10=1.00 to10=0.00 min_d= 3.41 avg_spd=2.02m/s end=collision t=  536.1s
[TRAIN][PPO] ep=312/500 r=   -3.18 avg10=    8.27 steps= 147 succ10=0.00 touch10=0.00 col10=1.00 to10=0.00 min_d= 3.67 avg_spd=1.89m/s end=collision t=  537.4s
[TRAIN][PPO] ep=313/500 r=   32.41 avg10=   11.94 steps= 269 succ10=0.00 touch10=0.00 col10=1.00 to10=0.00 min_d= 3.41 avg_spd=1.93m/s end=collision t=  539.4s
[TRAIN][PPO] ep=314/500 r=   33.56 avg10=   16.20 steps= 270 succ10=0.00 touch10=0.00 col10=1.00 to10=0.00 min_d= 3.40 avg_spd=1.95m/s end=collision t=  541.4s
[TRAIN][PPO] ep=315/500 r=   36.83 avg10=   16.50 steps= 278 succ10=0.00 touch10=0.00 col10=1.00 to10=0.00 min_d= 3.35 avg_spd=1.96m/s end=collision t=  543.3s
[TRAIN][PPO] ep=316/500 r=   -1.49 avg10=   15.94 steps= 155 succ10=0.00 touch10=0.00 col10=1.00 to10=0.00 min_d= 3.65 avg_spd=1.95m/s end=collision t=  544.7s
[TRAIN][PPO] ep=317/500 r=   30.78 avg10=   19.67 steps= 272 succ10=0.00 touch10=0.00 col10=1.00 to10=0.00 min_d= 3.38 avg_spd=1.96m/s end=collision t=  546.5s
[TRAIN][PPO] ep=318/500 r= -134.57 avg10=    6.21 steps= 922 succ10=0.00 touch10=0.00 col10=1.00 to10=0.00 min_d= 3.42 avg_spd=1.65m/s end=collision t=  553.1s
[TRAIN][PPO] ep=319/500 r=   -2.49 avg10=    5.68 steps= 147 succ10=0.00 touch10=0.00 col10=1.00 to10=0.00 min_d= 3.67 avg_spd=1.90m/s end=collision t=  554.2s
[TRAIN][PPO] ep=320/500 r= -149.88 avg10=  -13.03 steps= 907 succ10=0.00 touch10=0.00 col10=1.00 to10=0.00 min_d= 3.52 avg_spd=1.63m/s end=collision t=  561.4s
[TRAIN][PPO] ep=321/500 r=   -6.72 avg10=  -16.48 steps= 255 succ10=0.00 touch10=0.00 col10=1.00 to10=0.00 min_d= 3.54 avg_spd=1.93m/s end=collision t=  563.2s
[TRAIN][PPO] ep=322/500 r=   27.39 avg10=  -13.42 steps= 266 succ10=0.00 touch10=0.00 col10=1.00 to10=0.00 min_d= 3.39 avg_spd=1.98m/s end=collision t=  565.2s
[TRAIN][PPO] ep=323/500 r= -136.28 avg10=  -30.29 steps= 923 succ10=0.00 touch10=0.00 col10=1.00 to10=0.00 min_d= 3.42 avg_spd=1.65m/s end=collision t=  571.4s
[TRAIN][PPO] ep=324/500 r=    8.59 avg10=  -32.78 steps= 271 succ10=0.00 touch10=0.00 col10=1.00 to10=0.00 min_d= 3.59 avg_spd=1.94m/s end=collision t=  573.7s
[TRAIN][PPO] ep=325/500 r=   -8.88 avg10=  -37.36 steps= 138 succ10=0.00 touch10=0.00 col10=1.00 to10=0.00 min_d= 3.76 avg_spd=1.79m/s end=collision t=  574.7s
[TRAIN][PPO] ep=326/500 r= -137.31 avg10=  -50.94 steps= 921 succ10=0.00 touch10=0.00 col10=1.00 to10=0.00 min_d= 3.44 avg_spd=1.64m/s end=collision t=  580.8s
[TRAIN][PPO] ep=327/500 r= -136.61 avg10=  -67.68 steps=1079 succ10=0.00 touch10=0.00 col10=1.00 to10=0.00 min_d= 3.10 avg_spd=1.62m/s end=collision t=  588.7s
[TRAIN][PPO] ep=328/500 r=   30.39 avg10=  -51.18 steps= 268 succ10=0.00 touch10=0.00 col10=1.00 to10=0.00 min_d= 3.43 avg_spd=1.97m/s end=collision t=  591.2s
[TRAIN][PPO] ep=329/500 r=   -5.14 avg10=  -51.44 steps= 258 succ10=0.00 touch10=0.00 col10=1.00 to10=0.00 min_d= 3.60 avg_spd=1.92m/s end=collision t=  593.0s
[TRAIN][PPO] ep=330/500 r=   29.96 avg10=  -33.46 steps= 272 succ10=0.00 touch10=0.00 col10=1.00 to10=0.00 min_d= 3.38 avg_spd=1.99m/s end=collision t=  594.8s
[TRAIN][PPO] ep=331/500 r=   -4.97 avg10=  -33.28 steps= 154 succ10=0.00 touch10=0.00 col10=1.00 to10=0.00 min_d= 3.66 avg_spd=1.77m/s end=collision t=  595.8s
[TRAIN][PPO] ep=332/500 r=   31.72 avg10=  -32.85 steps= 269 succ10=0.00 touch10=0.00 col10=1.00 to10=0.00 min_d= 3.41 avg_spd=1.89m/s end=collision t=  597.9s
[TRAIN][PPO] ep=333/500 r=   24.17 avg10=  -16.81 steps= 265 succ10=0.00 touch10=0.00 col10=1.00 to10=0.00 min_d= 3.42 avg_spd=1.92m/s end=collision t=  599.7s
[TRAIN][PPO] ep=334/500 r= -123.16 avg10=  -29.98 steps= 924 succ10=0.00 touch10=0.00 col10=1.00 to10=0.00 min_d= 3.41 avg_spd=1.64m/s end=collision t=  605.8s
[TRAIN][PPO] ep=335/500 r= -154.18 avg10=  -44.51 steps= 911 succ10=0.00 touch10=0.00 col10=1.00 to10=0.00 min_d= 3.56 avg_spd=1.62m/s end=collision t=  611.8s
[TRAIN][PPO] ep=336/500 r=   27.54 avg10=  -28.03 steps= 272 succ10=0.00 touch10=0.00 col10=1.00 to10=0.00 min_d= 3.55 avg_spd=1.91m/s end=collision t=  614.4s
[TRAIN][PPO] ep=337/500 r= -135.72 avg10=  -27.94 steps= 906 succ10=0.00 touch10=0.00 col10=1.00 to10=0.00 min_d= 3.47 avg_spd=1.64m/s end=collision t=  620.8s
[TRAIN][PPO] ep=338/500 r= -153.81 avg10=  -46.36 steps= 909 succ10=0.00 touch10=0.00 col10=1.00 to10=0.00 min_d= 3.53 avg_spd=1.62m/s end=collision t=  627.3s
[TRAIN][PPO] ep=339/500 r=    2.28 avg10=  -45.62 steps= 174 succ10=0.00 touch10=0.00 col10=1.00 to10=0.00 min_d= 3.61 avg_spd=1.94m/s end=collision t=  628.5s
[TRAIN][PPO] ep=340/500 r=   32.48 avg10=  -45.37 steps= 274 succ10=0.00 touch10=0.00 col10=1.00 to10=0.00 min_d= 3.53 avg_spd=1.87m/s end=collision t=  631.0s
[TRAIN][PPO] ep=341/500 r=   32.15 avg10=  -41.65 steps= 274 succ10=0.00 touch10=0.00 col10=1.00 to10=0.00 min_d= 3.54 avg_spd=1.89m/s end=collision t=  633.0s
[TRAIN][PPO] ep=342/500 r=   18.18 avg10=  -43.01 steps= 262 succ10=0.00 touch10=0.00 col10=1.00 to10=0.00 min_d= 3.46 avg_spd=1.94m/s end=collision t=  634.9s
[TRAIN][PPO] ep=343/500 r=   11.20 avg10=  -44.30 steps= 201 succ10=0.00 touch10=0.00 col10=1.00 to10=0.00 min_d= 3.63 avg_spd=1.93m/s end=collision t=  636.4s
[TRAIN][PPO] ep=344/500 r=   13.73 avg10=  -30.62 steps= 262 succ10=0.00 touch10=0.00 col10=1.00 to10=0.00 min_d= 3.48 avg_spd=1.92m/s end=collision t=  638.6s
[TRAIN][PPO] ep=345/500 r=    4.38 avg10=  -14.76 steps= 171 succ10=0.00 touch10=0.00 col10=1.00 to10=0.00 min_d= 3.56 avg_spd=1.84m/s end=collision t=  639.9s
[TRAIN][PPO] ep=346/500 r= -113.86 avg10=  -28.90 steps= 928 succ10=0.00 touch10=0.00 col10=1.00 to10=0.00 min_d= 3.37 avg_spd=1.61m/s end=collision t=  646.6s
[TRAIN][PPO] ep=347/500 r= -140.81 avg10=  -29.41 steps= 917 succ10=0.00 touch10=0.00 col10=1.00 to10=0.00 min_d= 3.47 avg_spd=1.63m/s end=collision t=  652.8s
[TRAIN][PPO] ep=348/500 r=   10.13 avg10=  -13.02 steps= 274 succ10=0.00 touch10=0.00 col10=1.00 to10=0.00 min_d= 3.62 avg_spd=1.87m/s end=collision t=  655.1s
[TRAIN][PPO] ep=349/500 r=    1.76 avg10=  -13.07 steps= 173 succ10=0.00 touch10=0.00 col10=1.00 to10=0.00 min_d= 3.65 avg_spd=1.90m/s end=collision t=  656.2s
[TRAIN][PPO] ep=350/500 r= -113.69 avg10=  -27.68 steps=1061 succ10=0.00 touch10=0.00 col10=1.00 to10=0.00 min_d= 3.10 avg_spd=1.61m/s end=collision t=  663.7s
[TRAIN][PPO] ep=351/500 r=    2.51 avg10=  -30.65 steps= 250 succ10=0.00 touch10=0.00 col10=1.00 to10=0.00 min_d= 3.48 avg_spd=1.93m/s end=collision t=  665.5s
[TRAIN][PPO] ep=352/500 r=   30.70 avg10=  -29.40 steps= 274 succ10=0.00 touch10=0.00 col10=1.00 to10=0.00 min_d= 3.54 avg_spd=1.81m/s end=collision t=  667.9s
[TRAIN][PPO] ep=353/500 r=    4.60 avg10=  -30.06 steps= 181 succ10=0.00 touch10=0.00 col10=1.00 to10=0.00 min_d= 3.64 avg_spd=1.89m/s end=collision t=  669.1s
[TRAIN][PPO] ep=354/500 r=   27.53 avg10=  -28.68 steps= 266 succ10=0.00 touch10=0.00 col10=1.00 to10=0.00 min_d= 3.43 avg_spd=1.87m/s end=collision t=  670.9s
[TRAIN][PPO] ep=355/500 r= -133.12 avg10=  -42.43 steps= 923 succ10=0.00 touch10=0.00 col10=1.00 to10=0.00 min_d= 3.50 avg_spd=1.59m/s end=collision t=  677.5s
[TRAIN][PPO] ep=356/500 r=   -1.14 avg10=  -31.15 steps= 260 succ10=0.00 touch10=0.00 col10=1.00 to10=0.00 min_d= 3.54 avg_spd=1.92m/s end=collision t=  679.8s
[TRAIN][PPO] ep=357/500 r= -147.91 avg10=  -31.86 steps= 908 succ10=0.00 touch10=0.00 col10=1.00 to10=0.00 min_d= 3.57 avg_spd=1.62m/s end=collision t=  685.8s
[TRAIN][PPO] ep=358/500 r=   -5.10 avg10=  -33.39 steps= 150 succ10=0.00 touch10=0.00 col10=1.00 to10=0.00 min_d= 3.66 avg_spd=1.75m/s end=collision t=  686.9s
[TRAIN][PPO] ep=359/500 r=   28.91 avg10=  -30.67 steps= 267 succ10=0.00 touch10=0.00 col10=1.00 to10=0.00 min_d= 3.43 avg_spd=1.96m/s end=collision t=  688.8s
[TRAIN][PPO] ep=360/500 r= -154.89 avg10=  -34.79 steps= 907 succ10=0.00 touch10=0.00 col10=1.00 to10=0.00 min_d= 3.57 avg_spd=1.62m/s end=collision t=  695.4s
[TRAIN][PPO] ep=361/500 r= -146.17 avg10=  -49.66 steps= 828 succ10=0.00 touch10=0.00 col10=1.00 to10=0.00 min_d= 3.61 avg_spd=1.56m/s end=collision t=  700.9s
[TRAIN][PPO] ep=362/500 r= -151.17 avg10=  -67.85 steps= 910 succ10=0.00 touch10=0.00 col10=1.00 to10=0.00 min_d= 3.55 avg_spd=1.61m/s end=collision t=  707.0s
[TRAIN][PPO] ep=363/500 r=    1.56 avg10=  -68.15 steps= 165 succ10=0.00 touch10=0.00 col10=1.00 to10=0.00 min_d= 3.61 avg_spd=1.87m/s end=collision t=  708.1s
[TRAIN][PPO] ep=364/500 r=   24.52 avg10=  -68.45 steps= 265 succ10=0.00 touch10=0.00 col10=1.00 to10=0.00 min_d= 3.42 avg_spd=1.96m/s end=collision t=  710.5s
[TRAIN][PPO] ep=365/500 r=   -6.01 avg10=  -55.74 steps= 151 succ10=0.00 touch10=0.00 col10=1.00 to10=0.00 min_d= 3.75 avg_spd=1.78m/s end=collision t=  711.6s
[TRAIN][PPO] ep=366/500 r=   34.48 avg10=  -52.18 steps= 270 succ10=0.00 touch10=0.00 col10=1.00 to10=0.00 min_d= 3.38 avg_spd=1.96m/s end=collision t=  713.5s
[TRAIN][PPO] ep=367/500 r=   10.04 avg10=  -36.38 steps= 256 succ10=0.00 touch10=0.00 col10=1.00 to10=0.00 min_d= 3.50 avg_spd=1.89m/s end=collision t=  715.4s
[TRAIN][PPO] ep=368/500 r=   32.43 avg10=  -32.63 steps= 273 succ10=0.00 touch10=0.00 col10=1.00 to10=0.00 min_d= 3.39 avg_spd=1.92m/s end=collision t=  717.5s
[TRAIN][PPO] ep=369/500 r=   14.30 avg10=  -34.09 steps= 263 succ10=0.00 touch10=0.00 col10=1.00 to10=0.00 min_d= 3.53 avg_spd=1.97m/s end=collision t=  719.4s
[TRAIN][PPO] ep=370/500 r= -160.96 avg10=  -34.70 steps= 910 succ10=0.00 touch10=0.00 col10=1.00 to10=0.00 min_d= 3.51 avg_spd=1.64m/s end=collision t=  726.1s
[TRAIN][PPO] ep=371/500 r= -154.45 avg10=  -35.53 steps= 911 succ10=0.00 touch10=0.00 col10=1.00 to10=0.00 min_d= 3.50 avg_spd=1.65m/s end=collision t=  732.7s
[TRAIN][PPO] ep=372/500 r=   37.53 avg10=  -16.66 steps= 281 succ10=0.00 touch10=0.00 col10=1.00 to10=0.00 min_d= 3.34 avg_spd=1.90m/s end=collision t=  735.3s
[TRAIN][PPO] ep=373/500 r=   35.27 avg10=  -13.28 steps= 278 succ10=0.00 touch10=0.00 col10=1.00 to10=0.00 min_d= 3.37 avg_spd=1.92m/s end=collision t=  737.3s
WARNING: Contact joints between materials 'default' and 'default' will only be created for the 10 deepest contact points instead of all the 11 contact points.
[TRAIN][PPO] ep=374/500 r= -145.24 avg10=  -30.26 steps= 829 succ10=0.00 touch10=0.00 col10=1.00 to10=0.00 min_d= 3.59 avg_spd=1.59m/s end=collision t=  742.7s
[TRAIN][PPO] ep=375/500 r=    4.20 avg10=  -29.24 steps= 171 succ10=0.00 touch10=0.00 col10=1.00 to10=0.00 min_d= 3.65 avg_spd=1.94m/s end=collision t=  744.0s
[TRAIN][PPO] ep=376/500 r=    0.61 avg10=  -32.63 steps= 156 succ10=0.00 touch10=0.00 col10=1.00 to10=0.00 min_d= 3.62 avg_spd=1.92m/s end=collision t=  745.4s
[TRAIN][PPO] ep=377/500 r=   -2.58 avg10=  -33.89 steps= 149 succ10=0.00 touch10=0.00 col10=1.00 to10=0.00 min_d= 3.65 avg_spd=1.89m/s end=collision t=  746.5s
[TRAIN][PPO] ep=378/500 r= -148.58 avg10=  -51.99 steps= 918 succ10=0.00 touch10=0.00 col10=1.00 to10=0.00 min_d= 3.37 avg_spd=1.63m/s end=collision t=  752.5s
[TRAIN][PPO] ep=379/500 r=    9.49 avg10=  -52.47 steps= 260 succ10=0.00 touch10=0.00 col10=1.00 to10=0.00 min_d= 3.46 avg_spd=1.89m/s end=collision t=  754.4s
[TRAIN][PPO] ep=380/500 r=   -8.56 avg10=  -37.23 steps= 136 succ10=0.00 touch10=0.00 col10=1.00 to10=0.00 min_d= 3.66 avg_spd=1.79m/s end=collision t=  755.7s
[TRAIN][PPO] ep=381/500 r=   18.97 avg10=  -19.89 steps= 266 succ10=0.00 touch10=0.00 col10=1.00 to10=0.00 min_d= 3.48 avg_spd=1.96m/s end=collision t=  757.5s
[TRAIN][PPO] ep=382/500 r=    2.08 avg10=  -23.43 steps= 166 succ10=0.00 touch10=0.00 col10=1.00 to10=0.00 min_d= 3.56 avg_spd=1.88m/s end=collision t=  758.8s
[TRAIN][PPO] ep=383/500 r=   -5.39 avg10=  -27.50 steps= 149 succ10=0.00 touch10=0.00 col10=1.00 to10=0.00 min_d= 3.76 avg_spd=1.74m/s end=collision t=  759.9s
[TRAIN][PPO] ep=384/500 r=   10.19 avg10=  -11.96 steps= 195 succ10=0.00 touch10=0.00 col10=1.00 to10=0.00 min_d= 3.64 avg_spd=1.94m/s end=collision t=  761.5s
[TRAIN][PPO] ep=385/500 r= -171.11 avg10=  -29.49 steps= 904 succ10=0.00 touch10=0.00 col10=1.00 to10=0.00 min_d= 3.62 avg_spd=1.61m/s end=collision t=  767.4s
[TRAIN][PPO] ep=386/500 r=   -7.15 avg10=  -30.26 steps= 142 succ10=0.00 touch10=0.00 col10=1.00 to10=0.00 min_d= 3.66 avg_spd=1.79m/s end=collision t=  768.4s
[TRAIN][PPO] ep=387/500 r=   -0.14 avg10=  -30.02 steps= 157 succ10=0.00 touch10=0.00 col10=1.00 to10=0.00 min_d= 3.59 avg_spd=1.92m/s end=collision t=  769.6s
[TRAIN][PPO] ep=388/500 r=   32.49 avg10=  -11.91 steps= 268 succ10=0.00 touch10=0.00 col10=1.00 to10=0.00 min_d= 3.40 avg_spd=1.94m/s end=collision t=  771.8s
[TRAIN][PPO] ep=389/500 r=   29.67 avg10=   -9.89 steps= 272 succ10=0.00 touch10=0.00 col10=1.00 to10=0.00 min_d= 3.40 avg_spd=1.92m/s end=collision t=  773.8s
[TRAIN][PPO] ep=390/500 r=    1.76 avg10=   -8.86 steps= 163 succ10=0.00 touch10=0.00 col10=1.00 to10=0.00 min_d= 3.61 avg_spd=1.91m/s end=collision t=  775.0s
[TRAIN][PPO] ep=391/500 r=   36.93 avg10=   -7.07 steps= 279 succ10=0.00 touch10=0.00 col10=1.00 to10=0.00 min_d= 3.36 avg_spd=1.93m/s end=collision t=  777.0s
[TRAIN][PPO] ep=392/500 r=   26.48 avg10=   -4.63 steps= 271 succ10=0.00 touch10=0.00 col10=1.00 to10=0.00 min_d= 3.37 avg_spd=1.93m/s end=collision t=  779.1s
[TRAIN][PPO] ep=393/500 r=    3.80 avg10=   -3.71 steps= 262 succ10=0.00 touch10=0.00 col10=1.00 to10=0.00 min_d= 3.55 avg_spd=1.84m/s end=collision t=  780.9s
[TRAIN][PPO] ep=394/500 r=   10.91 avg10=   -3.63 steps= 195 succ10=0.00 touch10=0.00 col10=1.00 to10=0.00 min_d= 3.57 avg_spd=1.97m/s end=collision t=  782.3s
[TRAIN][PPO] ep=395/500 r=   31.02 avg10=   16.58 steps= 269 succ10=0.00 touch10=0.00 col10=1.00 to10=0.00 min_d= 3.38 avg_spd=1.88m/s end=collision t=  784.1s
[TRAIN][PPO] ep=396/500 r=    2.96 avg10=   17.59 steps= 162 succ10=0.00 touch10=0.00 col10=1.00 to10=0.00 min_d= 3.54 avg_spd=1.96m/s end=collision t=  785.4s
[TRAIN][PPO] ep=397/500 r=    6.37 avg10=   18.24 steps= 175 succ10=0.00 touch10=0.00 col10=1.00 to10=0.00 min_d= 3.51 avg_spd=1.94m/s end=collision t=  786.7s
[TRAIN][PPO] ep=398/500 r=   22.19 avg10=   17.21 steps= 409 succ10=0.00 touch10=0.00 col10=1.00 to10=0.00 min_d= 3.20 avg_spd=1.88m/s end=collision t=  789.6s
[TRAIN][PPO] ep=399/500 r=    4.28 avg10=   14.67 steps= 176 succ10=0.00 touch10=0.00 col10=1.00 to10=0.00 min_d= 3.64 avg_spd=1.96m/s end=collision t=  790.9s
[TRAIN][PPO] ep=400/500 r=   -2.14 avg10=   14.28 steps= 260 succ10=0.00 touch10=0.00 col10=1.00 to10=0.00 min_d= 3.51 avg_spd=1.83m/s end=collision t=  793.0s ckpt=latest
[TRAIN][PPO] ep=401/500 r=   -0.18 avg10=   10.57 steps= 162 succ10=0.00 touch10=0.00 col10=1.00 to10=0.00 min_d= 3.65 avg_spd=1.96m/s end=collision t=  794.2s
[TRAIN][PPO] ep=402/500 r=   33.47 avg10=   11.27 steps= 274 succ10=0.00 touch10=0.00 col10=1.00 to10=0.00 min_d= 3.37 avg_spd=1.99m/s end=collision t=  796.3s
[TRAIN][PPO] ep=403/500 r=   28.41 avg10=   13.73 steps= 273 succ10=0.00 touch10=0.00 col10=1.00 to10=0.00 min_d= 3.38 avg_spd=1.90m/s end=collision t=  798.3s
[TRAIN][PPO] ep=404/500 r=   36.83 avg10=   16.32 steps= 277 succ10=0.00 touch10=0.00 col10=1.00 to10=0.00 min_d= 3.38 avg_spd=1.97m/s end=collision t=  800.6s
[TRAIN][PPO] ep=405/500 r=   -5.43 avg10=   12.67 steps= 140 succ10=0.00 touch10=0.00 col10=1.00 to10=0.00 min_d= 3.63 avg_spd=1.89m/s end=collision t=  801.7s
[TRAIN][PPO] ep=406/500 r=   -1.41 avg10=   12.24 steps= 155 succ10=0.00 touch10=0.00 col10=1.00 to10=0.00 min_d= 3.62 avg_spd=1.87m/s end=collision t=  802.8s
[TRAIN][PPO] ep=407/500 r= -108.24 avg10=    0.78 steps=1059 succ10=0.00 touch10=0.00 col10=1.00 to10=0.00 min_d= 3.09 avg_spd=1.66m/s end=collision t=  809.8s
[TRAIN][PPO] ep=408/500 r=   37.11 avg10=    2.27 steps= 400 succ10=0.00 touch10=0.00 col10=1.00 to10=0.00 min_d= 3.19 avg_spd=1.90m/s end=collision t=  813.0s
[TRAIN][PPO] ep=409/500 r=   18.86 avg10=    3.73 steps= 261 succ10=0.00 touch10=0.00 col10=1.00 to10=0.00 min_d= 3.40 avg_spd=1.92m/s end=collision t=  814.9s
[TRAIN][PPO] ep=410/500 r=   26.38 avg10=    6.58 steps= 270 succ10=0.00 touch10=0.00 col10=1.00 to10=0.00 min_d= 3.40 avg_spd=1.91m/s end=collision t=  816.8s
[TRAIN][PPO] ep=411/500 r=   18.44 avg10=    8.44 steps= 268 succ10=0.00 touch10=0.00 col10=1.00 to10=0.00 min_d= 3.42 avg_spd=1.90m/s end=collision t=  818.7s
[TRAIN][PPO] ep=412/500 r=   27.91 avg10=    7.89 steps= 274 succ10=0.00 touch10=0.00 col10=1.00 to10=0.00 min_d= 3.38 avg_spd=1.92m/s end=collision t=  820.9s
[TRAIN][PPO] ep=413/500 r=    6.56 avg10=    5.70 steps= 185 succ10=0.00 touch10=0.00 col10=1.00 to10=0.00 min_d= 3.64 avg_spd=1.96m/s end=collision t=  822.3s
[TRAIN][PPO] ep=414/500 r=   28.70 avg10=    4.89 steps= 406 succ10=0.00 touch10=0.00 col10=1.00 to10=0.00 min_d= 3.20 avg_spd=1.90m/s end=collision t=  825.3s
[TRAIN][PPO] ep=415/500 r=   -2.43 avg10=    5.19 steps= 148 succ10=0.00 touch10=0.00 col10=1.00 to10=0.00 min_d= 3.66 avg_spd=1.93m/s end=collision t=  826.4s
[TRAIN][PPO] ep=416/500 r=    4.41 avg10=    5.77 steps= 182 succ10=0.00 touch10=0.00 col10=1.00 to10=0.00 min_d= 3.64 avg_spd=1.97m/s end=collision t=  827.9s
[TRAIN][PPO] ep=417/500 r=   28.96 avg10=   19.49 steps= 403 succ10=0.00 touch10=0.00 col10=1.00 to10=0.00 min_d= 3.19 avg_spd=1.97m/s end=collision t=  830.7s
[TRAIN][PPO] ep=418/500 r=   -0.40 avg10=   15.74 steps= 156 succ10=0.00 touch10=0.00 col10=1.00 to10=0.00 min_d= 3.66 avg_spd=1.92m/s end=collision t=  831.8s
[TRAIN][PPO] ep=419/500 r=   20.28 avg10=   15.88 steps= 276 succ10=0.00 touch10=0.00 col10=1.00 to10=0.00 min_d= 3.52 avg_spd=1.94m/s end=collision t=  833.7s
[TRAIN][PPO] ep=420/500 r= -300.98 avg10=  -16.85 steps=1103 succ10=0.00 touch10=0.00 col10=1.00 to10=0.00 min_d= 3.17 avg_spd=1.59m/s end=collision t=  841.9s
[TRAIN][PPO] ep=421/500 r=    8.92 avg10=  -17.81 steps= 201 succ10=0.00 touch10=0.00 col10=1.00 to10=0.00 min_d= 3.64 avg_spd=1.93m/s end=collision t=  843.3s
[TRAIN][PPO] ep=422/500 r=    8.21 avg10=  -19.78 steps= 414 succ10=0.00 touch10=0.00 col10=1.00 to10=0.00 min_d= 3.20 avg_spd=1.90m/s end=collision t=  846.4s
[TRAIN][PPO] ep=423/500 r=   -6.14 avg10=  -21.05 steps= 139 succ10=0.00 touch10=0.00 col10=1.00 to10=0.00 min_d= 3.64 avg_spd=1.89m/s end=collision t=  847.5s
[TRAIN][PPO] ep=424/500 r=  -17.96 avg10=  -25.71 steps= 579 succ10=0.00 touch10=0.00 col10=1.00 to10=0.00 min_d= 3.12 avg_spd=1.80m/s end=collision t=  852.0s
[TRAIN][PPO] ep=425/500 r=    1.15 avg10=  -25.36 steps= 158 succ10=0.00 touch10=0.00 col10=1.00 to10=0.00 min_d= 3.57 avg_spd=1.91m/s end=collision t=  853.2s
[TRAIN][PPO] ep=426/500 r=   -3.23 avg10=  -26.12 steps= 143 succ10=0.00 touch10=0.00 col10=1.00 to10=0.00 min_d= 3.67 avg_spd=1.92m/s end=collision t=  854.3s
[TRAIN][PPO] ep=427/500 r=    4.18 avg10=  -28.60 steps= 166 succ10=0.00 touch10=0.00 col10=1.00 to10=0.00 min_d= 3.65 avg_spd=1.99m/s end=collision t=  855.5s
[TRAIN][PPO] ep=428/500 r=  -10.97 avg10=  -29.65 steps= 136 succ10=0.00 touch10=0.00 col10=1.00 to10=0.00 min_d= 3.70 avg_spd=1.74m/s end=collision t=  856.8s
[TRAIN][PPO] ep=429/500 r= -111.52 avg10=  -42.83 steps=1076 succ10=0.00 touch10=0.00 col10=1.00 to10=0.00 min_d= 3.07 avg_spd=1.70m/s end=collision t=  864.5s
[TRAIN][PPO] ep=430/500 r=   -5.65 avg10=  -13.30 steps= 136 succ10=0.00 touch10=0.00 col10=1.00 to10=0.00 min_d= 3.65 avg_spd=1.86m/s end=collision t=  865.5s
[TRAIN][PPO] ep=431/500 r=   -5.33 avg10=  -14.73 steps= 136 succ10=0.00 touch10=0.00 col10=1.00 to10=0.00 min_d= 3.67 avg_spd=1.98m/s end=collision t=  866.6s
[TRAIN][PPO] ep=432/500 r=   -4.15 avg10=  -15.96 steps= 146 succ10=0.00 touch10=0.00 col10=1.00 to10=0.00 min_d= 3.59 avg_spd=1.91m/s end=collision t=  868.1s
[TRAIN][PPO] ep=433/500 r=  110.95 avg10=   -4.25 steps= 540 succ10=0.00 touch10=0.00 col10=1.00 to10=0.00 min_d= 2.60 avg_spd=1.98m/s end=collision t=  871.9s
[TRAIN][PPO] ep=434/500 r=   93.11 avg10=    6.85 steps= 536 succ10=0.00 touch10=0.00 col10=1.00 to10=0.00 min_d= 2.66 avg_spd=1.96m/s end=collision t=  875.8s
[TRAIN][PPO] ep=435/500 r=    1.87 avg10=    6.93 steps= 161 succ10=0.00 touch10=0.00 col10=1.00 to10=0.00 min_d= 3.65 avg_spd=2.02m/s end=collision t=  877.0s
[TRAIN][PPO] ep=436/500 r=    5.99 avg10=    7.85 steps= 175 succ10=0.00 touch10=0.00 col10=1.00 to10=0.00 min_d= 3.61 avg_spd=2.04m/s end=collision t=  878.4s
[TRAIN][PPO] ep=437/500 r=    4.87 avg10=    7.92 steps= 170 succ10=0.00 touch10=0.00 col10=1.00 to10=0.00 min_d= 3.65 avg_spd=1.99m/s end=collision t=  879.7s
[TRAIN][PPO] ep=438/500 r=    2.20 avg10=    9.24 steps= 159 succ10=0.00 touch10=0.00 col10=1.00 to10=0.00 min_d= 3.55 avg_spd=2.02m/s end=collision t=  880.9s
[TRAIN][PPO] ep=439/500 r=   19.47 avg10=   22.34 steps= 405 succ10=0.00 touch10=0.00 col10=1.00 to10=0.00 min_d= 3.19 avg_spd=1.90m/s end=collision t=  884.0s
[TRAIN][PPO] ep=440/500 r=   26.48 avg10=   25.55 steps= 278 succ10=0.00 touch10=0.00 col10=1.00 to10=0.00 min_d= 3.50 avg_spd=2.00m/s end=collision t=  886.1s
[TRAIN][PPO] ep=441/500 r=   -9.52 avg10=   25.13 steps= 130 succ10=0.00 touch10=0.00 col10=1.00 to10=0.00 min_d= 3.68 avg_spd=1.93m/s end=collision t=  887.0s
[TRAIN][PPO] ep=442/500 r= -171.81 avg10=    8.36 steps= 780 succ10=0.00 touch10=0.00 col10=1.00 to10=0.00 min_d= 3.15 avg_spd=1.71m/s end=collision t=  892.2s
[TRAIN][PPO] ep=443/500 r=   -2.47 avg10=   -2.98 steps= 148 succ10=0.00 touch10=0.00 col10=1.00 to10=0.00 min_d= 3.67 avg_spd=1.86m/s end=collision t=  893.2s
[TRAIN][PPO] ep=444/500 r=   -6.17 avg10=  -12.91 steps= 132 succ10=0.00 touch10=0.00 col10=1.00 to10=0.00 min_d= 3.61 avg_spd=2.00m/s end=collision t=  894.4s
[TRAIN][PPO] ep=445/500 r=   -4.46 avg10=  -13.54 steps= 140 succ10=0.00 touch10=0.00 col10=1.00 to10=0.00 min_d= 3.61 avg_spd=1.92m/s end=collision t=  895.5s
[TRAIN][PPO] ep=446/500 r=   23.09 avg10=  -11.83 steps= 269 succ10=0.00 touch10=0.00 col10=1.00 to10=0.00 min_d= 3.48 avg_spd=1.93m/s end=collision t=  897.5s
[TRAIN][PPO] ep=447/500 r=  -14.34 avg10=  -13.75 steps= 568 succ10=0.00 touch10=0.00 col10=1.00 to10=0.00 min_d= 3.11 avg_spd=1.87m/s end=collision t=  901.6s
[TRAIN][PPO] ep=448/500 r=    4.29 avg10=  -13.54 steps= 188 succ10=0.00 touch10=0.00 col10=1.00 to10=0.00 min_d= 3.54 avg_spd=1.93m/s end=collision t=  903.2s
[TRAIN][PPO] ep=449/500 r=    4.00 avg10=  -15.09 steps= 167 succ10=0.00 touch10=0.00 col10=1.00 to10=0.00 min_d= 3.56 avg_spd=1.98m/s end=collision t=  904.3s
[TRAIN][PPO] ep=450/500 r=   -1.16 avg10=  -17.85 steps= 153 succ10=0.00 touch10=0.00 col10=1.00 to10=0.00 min_d= 3.66 avg_spd=1.99m/s end=collision t=  905.5s
[TRAIN][PPO] ep=451/500 r=    0.76 avg10=  -16.83 steps= 169 succ10=0.00 touch10=0.00 col10=1.00 to10=0.00 min_d= 3.59 avg_spd=1.94m/s end=collision t=  906.8s
[TRAIN][PPO] ep=452/500 r=   -3.43 avg10=    0.01 steps= 139 succ10=0.00 touch10=0.00 col10=1.00 to10=0.00 min_d= 3.59 avg_spd=1.98m/s end=collision t=  908.1s
[TRAIN][PPO] ep=453/500 r=    2.34 avg10=    0.49 steps= 166 succ10=0.00 touch10=0.00 col10=1.00 to10=0.00 min_d= 3.55 avg_spd=1.97m/s end=collision t=  909.3s
[TRAIN][PPO] ep=454/500 r=   -2.76 avg10=    0.83 steps= 144 succ10=0.00 touch10=0.00 col10=1.00 to10=0.00 min_d= 3.71 avg_spd=1.94m/s end=collision t=  910.4s
[TRAIN][PPO] ep=455/500 r=    2.42 avg10=    1.52 steps= 165 succ10=0.00 touch10=0.00 col10=1.00 to10=0.00 min_d= 3.65 avg_spd=1.99m/s end=collision t=  911.6s
[TRAIN][PPO] ep=456/500 r=   -5.82 avg10=   -1.37 steps= 132 succ10=0.00 touch10=0.00 col10=1.00 to10=0.00 min_d= 3.66 avg_spd=2.07m/s end=collision t=  912.8s
[TRAIN][PPO] ep=457/500 r=    5.71 avg10=    0.63 steps= 173 succ10=0.00 touch10=0.00 col10=1.00 to10=0.00 min_d= 3.65 avg_spd=1.93m/s end=collision t=  914.0s
[TRAIN][PPO] ep=458/500 r=   -0.70 avg10=    0.13 steps= 148 succ10=0.00 touch10=0.00 col10=1.00 to10=0.00 min_d= 3.66 avg_spd=2.02m/s end=collision t=  915.0s
[TRAIN][PPO] ep=459/500 r=    1.35 avg10=   -0.13 steps= 154 succ10=0.00 touch10=0.00 col10=1.00 to10=0.00 min_d= 3.56 avg_spd=2.03m/s end=collision t=  916.0s
[TRAIN][PPO] ep=460/500 r=    8.87 avg10=    0.87 steps= 265 succ10=0.00 touch10=0.00 col10=1.00 to10=0.00 min_d= 3.52 avg_spd=1.97m/s end=collision t=  918.1s
[TRAIN][PPO] ep=461/500 r=  -11.14 avg10=   -0.32 steps= 125 succ10=0.00 touch10=0.00 col10=1.00 to10=0.00 min_d= 3.75 avg_spd=1.87m/s end=collision t=  919.0s
[TRAIN][PPO] ep=462/500 r=    2.03 avg10=    0.23 steps= 158 succ10=0.00 touch10=0.00 col10=1.00 to10=0.00 min_d= 3.63 avg_spd=1.93m/s end=collision t=  920.1s
[TRAIN][PPO] ep=463/500 r=   18.37 avg10=    1.83 steps= 416 succ10=0.00 touch10=0.00 col10=1.00 to10=0.00 min_d= 3.19 avg_spd=1.95m/s end=collision t=  923.2s
[TRAIN][PPO] ep=464/500 r=   34.44 avg10=    5.55 steps= 277 succ10=0.00 touch10=0.00 col10=1.00 to10=0.00 min_d= 3.42 avg_spd=2.00m/s end=collision t=  925.4s
[TRAIN][PPO] ep=465/500 r=   27.88 avg10=    8.10 steps= 267 succ10=0.00 touch10=0.00 col10=1.00 to10=0.00 min_d= 3.42 avg_spd=1.94m/s end=collision t=  927.3s
[TRAIN][PPO] ep=466/500 r=   19.98 avg10=   10.68 steps= 271 succ10=0.00 touch10=0.00 col10=1.00 to10=0.00 min_d= 3.37 avg_spd=1.98m/s end=collision t=  929.1s
[TRAIN][PPO] ep=467/500 r=   33.71 avg10=   13.48 steps= 402 succ10=0.00 touch10=0.00 col10=1.00 to10=0.00 min_d= 3.20 avg_spd=1.92m/s end=collision t=  931.9s
[TRAIN][PPO] ep=468/500 r=  -36.88 avg10=    9.86 steps=1188 succ10=0.00 touch10=0.00 col10=1.00 to10=0.00 min_d= 2.66 avg_spd=1.75m/s end=collision t=  940.9s
[TRAIN][PPO] ep=469/500 r=   36.91 avg10=   13.42 steps= 278 succ10=0.00 touch10=0.00 col10=1.00 to10=0.00 min_d= 3.36 avg_spd=1.97m/s end=collision t=  942.9s
[TRAIN][PPO] ep=470/500 r=    5.73 avg10=   13.10 steps= 203 succ10=0.00 touch10=0.00 col10=1.00 to10=0.00 min_d= 3.63 avg_spd=2.01m/s end=collision t=  944.2s
[TRAIN][PPO] ep=471/500 r=   -2.32 avg10=   13.99 steps= 144 succ10=0.00 touch10=0.00 col10=1.00 to10=0.00 min_d= 3.63 avg_spd=2.03m/s end=collision t=  945.2s
[TRAIN][PPO] ep=472/500 r=   28.70 avg10=   16.65 steps= 269 succ10=0.00 touch10=0.00 col10=1.00 to10=0.00 min_d= 3.44 avg_spd=2.00m/s end=collision t=  947.4s
[TRAIN][PPO] ep=473/500 r=    8.83 avg10=   15.70 steps= 180 succ10=0.00 touch10=0.00 col10=1.00 to10=0.00 min_d= 3.54 avg_spd=1.99m/s end=collision t=  948.6s
[TRAIN][PPO] ep=474/500 r=   -2.28 avg10=   12.03 steps= 145 succ10=0.00 touch10=0.00 col10=1.00 to10=0.00 min_d= 3.66 avg_spd=1.93m/s end=collision t=  949.7s
[TRAIN][PPO] ep=475/500 r=   30.32 avg10=   12.27 steps= 420 succ10=0.00 touch10=0.00 col10=1.00 to10=0.00 min_d= 3.18 avg_spd=1.99m/s end=collision t=  952.8s
[TRAIN][PPO] ep=476/500 r=    0.69 avg10=   10.34 steps= 180 succ10=0.00 touch10=0.00 col10=1.00 to10=0.00 min_d= 3.62 avg_spd=2.01m/s end=collision t=  954.4s
[TRAIN][PPO] ep=477/500 r=  -10.40 avg10=    5.93 steps= 127 succ10=0.00 touch10=0.00 col10=1.00 to10=0.00 min_d= 3.77 avg_spd=1.92m/s end=collision t=  955.4s
[TRAIN][PPO] ep=478/500 r=    4.04 avg10=   10.02 steps= 165 succ10=0.00 touch10=0.00 col10=1.00 to10=0.00 min_d= 3.65 avg_spd=2.04m/s end=collision t=  956.6s
[TRAIN][PPO] ep=479/500 r=  -79.55 avg10=   -1.62 steps= 732 succ10=0.00 touch10=0.00 col10=1.00 to10=0.00 min_d= 2.97 avg_spd=1.82m/s end=collision t=  961.9s
[TRAIN][PPO] ep=480/500 r=   -3.78 avg10=   -2.58 steps= 139 succ10=0.00 touch10=0.00 col10=1.00 to10=0.00 min_d= 3.66 avg_spd=2.00m/s end=collision t=  963.1s
[TRAIN][PPO] ep=481/500 r=    0.99 avg10=   -2.24 steps= 153 succ10=0.00 touch10=0.00 col10=1.00 to10=0.00 min_d= 3.57 avg_spd=2.01m/s end=collision t=  964.2s
[TRAIN][PPO] ep=482/500 r=   16.71 avg10=   -3.44 steps= 266 succ10=0.00 touch10=0.00 col10=1.00 to10=0.00 min_d= 3.48 avg_spd=1.94m/s end=collision t=  966.1s
[TRAIN][PPO] ep=483/500 r=    4.19 avg10=   -3.91 steps= 190 succ10=0.00 touch10=0.00 col10=1.00 to10=0.00 min_d= 3.64 avg_spd=1.98m/s end=collision t=  967.5s
[TRAIN][PPO] ep=484/500 r=   18.96 avg10=   -1.78 steps= 275 succ10=0.00 touch10=0.00 col10=1.00 to10=0.00 min_d= 3.54 avg_spd=1.97m/s end=collision t=  969.8s
[TRAIN][PPO] ep=485/500 r=   -6.71 avg10=   -5.49 steps= 143 succ10=0.00 touch10=0.00 col10=1.00 to10=0.00 min_d= 3.65 avg_spd=1.83m/s end=collision t=  970.7s
[TRAIN][PPO] ep=486/500 r=   -1.99 avg10=   -5.75 steps= 150 succ10=0.00 touch10=0.00 col10=1.00 to10=0.00 min_d= 3.65 avg_spd=1.91m/s end=collision t=  971.8s
[TRAIN][PPO] ep=487/500 r=   16.30 avg10=   -3.08 steps= 415 succ10=0.00 touch10=0.00 col10=1.00 to10=0.00 min_d= 3.20 avg_spd=1.92m/s end=collision t=  974.9s
[TRAIN][PPO] ep=488/500 r=    8.68 avg10=   -2.62 steps= 416 succ10=0.00 touch10=0.00 col10=1.00 to10=0.00 min_d= 3.20 avg_spd=1.90m/s end=collision t=  978.1s
[TRAIN][PPO] ep=489/500 r=   -8.64 avg10=    4.47 steps= 133 succ10=0.00 touch10=0.00 col10=1.00 to10=0.00 min_d= 3.76 avg_spd=1.85m/s end=collision t=  979.0s
[TRAIN][PPO] ep=490/500 r=   -3.24 avg10=    4.52 steps= 145 succ10=0.00 touch10=0.00 col10=1.00 to10=0.00 min_d= 3.67 avg_spd=1.86m/s end=collision t=  980.1s
[TRAIN][PPO] ep=491/500 r=    9.85 avg10=    5.41 steps= 258 succ10=0.00 touch10=0.00 col10=1.00 to10=0.00 min_d= 3.47 avg_spd=2.01m/s end=collision t=  982.0s
[TRAIN][PPO] ep=492/500 r=   31.01 avg10=    6.84 steps= 407 succ10=0.00 touch10=0.00 col10=1.00 to10=0.00 min_d= 3.19 avg_spd=1.94m/s end=collision t=  985.2s
[TRAIN][PPO] ep=493/500 r=   -4.02 avg10=    6.02 steps= 161 succ10=0.00 touch10=0.00 col10=1.00 to10=0.00 min_d= 3.66 avg_spd=1.73m/s end=collision t=  986.3s
[TRAIN][PPO] ep=494/500 r=  -28.50 avg10=    1.28 steps= 572 succ10=0.00 touch10=0.00 col10=1.00 to10=0.00 min_d= 3.11 avg_spd=1.86m/s end=collision t=  990.4s
[TRAIN][PPO] ep=495/500 r=   24.01 avg10=    4.35 steps= 274 succ10=0.00 touch10=0.00 col10=1.00 to10=0.00 min_d= 3.36 avg_spd=1.96m/s end=collision t=  992.5s
[TRAIN][PPO] ep=496/500 r=   -1.99 avg10=    4.35 steps= 147 succ10=0.00 touch10=0.00 col10=1.00 to10=0.00 min_d= 3.61 avg_spd=1.92m/s end=collision t=  993.9s
[TRAIN][PPO] ep=497/500 r=   25.46 avg10=    5.26 steps= 407 succ10=0.00 touch10=0.00 col10=1.00 to10=0.00 min_d= 3.19 avg_spd=1.92m/s end=collision t=  997.0s
[TRAIN][PPO] ep=498/500 r=    2.26 avg10=    4.62 steps= 170 succ10=0.00 touch10=0.00 col10=1.00 to10=0.00 min_d= 3.65 avg_spd=2.00m/s end=collision t=  998.3s
[TRAIN][PPO] ep=499/500 r=    7.45 avg10=    6.23 steps= 255 succ10=0.00 touch10=0.00 col10=1.00 to10=0.00 min_d= 3.45 avg_spd=1.98m/s end=collision t= 1000.2s
INFO: PPO: Terminating.
[RUN] completed stage checkpoint=/uio/hume/student-u79/esbrovol/fys5429/DRL-Obstacle-Avoidance/controllers/PPO/checkpoints/moving_20260531_230822_step05_moving_goal_lstm_seed05_stage01_train_13_moving_goal/final_moving_20260531_230822_step05_moving_goal_lstm_seed05_stage01_train_13_moving_goal.pth
[RUN] curriculum complete arch=lstm seed=5
[MOVING] completed stage checkpoint=/uio/hume/student-u79/esbrovol/fys5429/DRL-Obstacle-Avoidance/controllers/PPO/checkpoints/moving_20260531_230822_step05_moving_goal_lstm_seed05_stage01_train_13_moving_goal/final_moving_20260531_230822_step05_moving_goal_lstm_seed05_stage01_train_13_moving_goal.pth
[MOVING] moving-world curriculum complete final_checkpoint=/uio/hume/student-u79/esbrovol/fys5429/DRL-Obstacle-Avoidance/controllers/PPO/checkpoints/moving_20260531_230822_step05_moving_goal_lstm_seed05_stage01_train_13_moving_goal/final_moving_20260531_230822_step05_moving_goal_lstm_seed05_stage01_train_13_moving_goal.pth
