[RUN] arch=none seed=1 stage=1/10 world=/uio/hume/student-u79/esbrovol/fys5429/DRL-Obstacle-Avoidance/worlds/training/train_1_empty.wbt
INFO: PPO: Starting controller: python3 -u PPO.py
[PPO] Using architecture: NONE
[TRAIN][PPO] arch=NONE weights_dir=/uio/hume/student-u79/esbrovol/fys5429/DRL-Obstacle-Avoidance/controllers/PPO/checkpoints/20260525_141956_none_seed01_stage01_train_1_empty final=/uio/hume/student-u79/esbrovol/fys5429/DRL-Obstacle-Avoidance/controllers/PPO/checkpoints/20260525_141956_none_seed01_stage01_train_1_empty/final_20260525_141956_none_seed01_stage01_train_1_empty.pth
[TRAIN][PPO] episodes=500 update_every=4 obs=31 act=2 cell=NONE seq=32 burn_in=0
[TRAIN][PPO] ep=001/500 r=   37.06 avg10=   37.06 steps=1718 succ10=0.00 touch10=0.00 col10=1.00 to10=0.00 min_d= 2.33 avg_spd=1.78m/s end=collision t=   21.0s ckpt=best
[TRAIN][PPO] ep=002/500 r=  432.58 avg10=  234.82 steps=1430 succ10=0.00 touch10=0.00 col10=1.00 to10=0.00 min_d= 0.87 avg_spd=1.79m/s end=collision t=   38.3s ckpt=best
[TRAIN][PPO] ep=003/500 r=  671.06 avg10=  380.23 steps=1680 succ10=0.33 touch10=0.33 col10=0.67 to10=0.00 min_d= 0.30 avg_spd=1.78m/s end=goal t=   58.6s ckpt=best_goal
[TRAIN][PPO] ep=004/500 r=   -8.57 avg10=  283.03 steps=1687 succ10=0.25 touch10=0.25 col10=0.75 to10=0.00 min_d= 2.52 avg_spd=1.78m/s end=collision t=   84.1s
[TRAIN][PPO] ep=005/500 r=  429.93 avg10=  312.41 steps=1419 succ10=0.20 touch10=0.20 col10=0.80 to10=0.00 min_d= 0.85 avg_spd=1.77m/s end=collision t=  101.2s
[TRAIN][PPO] ep=006/500 r=  331.93 avg10=  315.66 steps=1493 succ10=0.17 touch10=0.17 col10=0.83 to10=0.00 min_d= 1.27 avg_spd=1.78m/s end=collision t=  119.6s
[TRAIN][PPO] ep=007/500 r=  664.36 avg10=  365.48 steps=1627 succ10=0.29 touch10=0.29 col10=0.71 to10=0.00 min_d= 0.30 avg_spd=1.78m/s end=goal t=  139.8s
[TRAIN][PPO] ep=008/500 r=  208.90 avg10=  345.90 steps=1525 succ10=0.25 touch10=0.25 col10=0.75 to10=0.00 min_d= 1.66 avg_spd=1.80m/s end=collision t=  161.5s
[TRAIN][PPO] ep=009/500 r=  410.76 avg10=  353.11 steps=1534 succ10=0.22 touch10=0.22 col10=0.78 to10=0.00 min_d= 0.94 avg_spd=1.77m/s end=collision t=  179.7s
[TRAIN][PPO] ep=010/500 r=   15.88 avg10=  319.39 steps=1799 succ10=0.20 touch10=0.20 col10=0.80 to10=0.00 min_d= 2.44 avg_spd=1.75m/s end=collision t=  201.8s
[TRAIN][PPO] ep=011/500 r=  668.62 avg10=  382.54 steps=1718 succ10=0.30 touch10=0.30 col10=0.70 to10=0.00 min_d= 0.30 avg_spd=1.76m/s end=goal t=  221.7s
[TRAIN][PPO] ep=012/500 r=  283.17 avg10=  367.60 steps=1524 succ10=0.30 touch10=0.30 col10=0.70 to10=0.00 min_d= 1.37 avg_spd=1.78m/s end=collision t=  242.8s
[TRAIN][PPO] ep=013/500 r=  344.13 avg10=  334.91 steps=1437 succ10=0.20 touch10=0.20 col10=0.80 to10=0.00 min_d= 1.20 avg_spd=1.77m/s end=collision t=  260.0s
[TRAIN][PPO] ep=014/500 r=  336.76 avg10=  369.44 steps=1544 succ10=0.20 touch10=0.20 col10=0.80 to10=0.00 min_d= 1.23 avg_spd=1.76m/s end=collision t=  279.6s
[TRAIN][PPO] ep=015/500 r=  443.69 avg10=  370.82 steps=1453 succ10=0.20 touch10=0.20 col10=0.80 to10=0.00 min_d= 0.79 avg_spd=1.77m/s end=collision t=  296.7s
[TRAIN][PPO] ep=016/500 r=   86.97 avg10=  346.32 steps=1692 succ10=0.20 touch10=0.20 col10=0.80 to10=0.00 min_d= 2.20 avg_spd=1.76m/s end=collision t=  318.3s
[TRAIN][PPO] ep=017/500 r=  365.57 avg10=  316.45 steps=1443 succ10=0.10 touch10=0.10 col10=0.90 to10=0.00 min_d= 1.10 avg_spd=1.77m/s end=collision t=  334.5s
[TRAIN][PPO] ep=018/500 r=  254.04 avg10=  320.96 steps=1562 succ10=0.10 touch10=0.10 col10=0.90 to10=0.00 min_d= 1.57 avg_spd=1.76m/s end=collision t=  353.3s
[TRAIN][PPO] ep=019/500 r=  390.05 avg10=  318.89 steps=1462 succ10=0.10 touch10=0.10 col10=0.90 to10=0.00 min_d= 1.04 avg_spd=1.78m/s end=collision t=  370.6s
[TRAIN][PPO] ep=020/500 r=  428.16 avg10=  360.12 steps=1452 succ10=0.10 touch10=0.10 col10=0.90 to10=0.00 min_d= 0.88 avg_spd=1.79m/s end=collision t=  389.5s
[TRAIN][PPO] ep=021/500 r=  442.97 avg10=  337.55 steps=1435 succ10=0.00 touch10=0.00 col10=1.00 to10=0.00 min_d= 0.81 avg_spd=1.78m/s end=collision t=  406.5s
[TRAIN][PPO] ep=022/500 r=   22.32 avg10=  311.47 steps=1711 succ10=0.00 touch10=0.00 col10=1.00 to10=0.00 min_d= 2.33 avg_spd=1.77m/s end=collision t=  427.9s
[TRAIN][PPO] ep=023/500 r=  258.48 avg10=  302.90 steps=1569 succ10=0.00 touch10=0.00 col10=1.00 to10=0.00 min_d= 1.50 avg_spd=1.76m/s end=collision t=  446.8s
[TRAIN][PPO] ep=024/500 r=  427.94 avg10=  312.02 steps=1462 succ10=0.00 touch10=0.00 col10=1.00 to10=0.00 min_d= 0.88 avg_spd=1.79m/s end=collision t=  467.7s
[TRAIN][PPO] ep=025/500 r=  687.30 avg10=  336.38 steps=1674 succ10=0.10 touch10=0.10 col10=0.90 to10=0.00 min_d= 0.30 avg_spd=1.77m/s end=goal t=  487.2s ckpt=best_goal
[TRAIN][PPO] ep=026/500 r=  329.75 avg10=  360.66 steps=1475 succ10=0.10 touch10=0.10 col10=0.90 to10=0.00 min_d= 1.21 avg_spd=1.77m/s end=collision t=  504.9s
[TRAIN][PPO] ep=027/500 r=  674.34 avg10=  391.54 steps=1620 succ10=0.20 touch10=0.20 col10=0.80 to10=0.00 min_d= 0.30 avg_spd=1.78m/s end=goal t=  524.4s
[TRAIN][PPO] ep=028/500 r=  677.46 avg10=  433.88 steps=1686 succ10=0.30 touch10=0.30 col10=0.70 to10=0.00 min_d= 0.30 avg_spd=1.78m/s end=goal t=  546.0s
[TRAIN][PPO] ep=029/500 r=  661.95 avg10=  461.07 steps=1604 succ10=0.40 touch10=0.40 col10=0.60 to10=0.00 min_d= 0.30 avg_spd=1.79m/s end=goal t=  565.3s
[TRAIN][PPO] ep=030/500 r=  689.06 avg10=  487.16 steps=1660 succ10=0.50 touch10=0.50 col10=0.50 to10=0.00 min_d= 0.30 avg_spd=1.78m/s end=goal t=  585.4s ckpt=best_goal
[TRAIN][PPO] ep=031/500 r=  312.28 avg10=  474.09 steps=1469 succ10=0.50 touch10=0.50 col10=0.50 to10=0.00 min_d= 1.30 avg_spd=1.79m/s end=collision t=  603.5s
[TRAIN][PPO] ep=032/500 r= -171.47 avg10=  454.71 steps=1189 succ10=0.50 touch10=0.50 col10=0.50 to10=0.00 min_d= 3.31 avg_spd=1.76m/s end=collision t=  620.6s
[TRAIN][PPO] ep=033/500 r=  676.35 avg10=  496.50 steps=1641 succ10=0.60 touch10=0.60 col10=0.40 to10=0.00 min_d= 0.30 avg_spd=1.77m/s end=goal t=  640.3s
[TRAIN][PPO] ep=034/500 r=  326.19 avg10=  486.32 steps=1449 succ10=0.60 touch10=0.60 col10=0.40 to10=0.00 min_d= 1.19 avg_spd=1.80m/s end=collision t=  657.4s
[TRAIN][PPO] ep=035/500 r=   -9.46 avg10=  416.65 steps=1741 succ10=0.50 touch10=0.50 col10=0.50 to10=0.00 min_d= 2.34 avg_spd=1.78m/s end=collision t=  679.1s
[TRAIN][PPO] ep=036/500 r=  381.95 avg10=  421.87 steps=1448 succ10=0.50 touch10=0.50 col10=0.50 to10=0.00 min_d= 1.04 avg_spd=1.76m/s end=collision t=  698.1s
[TRAIN][PPO] ep=037/500 r=  443.10 avg10=  398.74 steps=1485 succ10=0.40 touch10=0.40 col10=0.60 to10=0.00 min_d= 0.85 avg_spd=1.74m/s end=collision t=  716.8s
[TRAIN][PPO] ep=038/500 r=  437.39 avg10=  374.73 steps=1464 succ10=0.30 touch10=0.30 col10=0.70 to10=0.00 min_d= 0.88 avg_spd=1.76m/s end=collision t=  734.9s
[TRAIN][PPO] ep=039/500 r=  157.61 avg10=  324.30 steps=1624 succ10=0.20 touch10=0.20 col10=0.80 to10=0.00 min_d= 1.87 avg_spd=1.74m/s end=collision t=  755.0s
[TRAIN][PPO] ep=040/500 r=  -20.30 avg10=  253.36 steps=1486 succ10=0.10 touch10=0.10 col10=0.90 to10=0.00 min_d= 2.80 avg_spd=1.75m/s end=collision t=  775.3s
[TRAIN][PPO] ep=041/500 r=  433.89 avg10=  265.52 steps=1433 succ10=0.10 touch10=0.10 col10=0.90 to10=0.00 min_d= 0.86 avg_spd=1.78m/s end=collision t=  792.7s
[TRAIN][PPO] ep=042/500 r=  371.19 avg10=  319.79 steps=1457 succ10=0.10 touch10=0.10 col10=0.90 to10=0.00 min_d= 1.04 avg_spd=1.80m/s end=collision t=  810.5s
[TRAIN][PPO] ep=043/500 r=  -21.83 avg10=  249.97 steps=1525 succ10=0.00 touch10=0.00 col10=1.00 to10=0.00 min_d= 2.74 avg_spd=1.76m/s end=collision t=  829.2s
[TRAIN][PPO] ep=044/500 r=  359.39 avg10=  253.29 steps=1495 succ10=0.00 touch10=0.00 col10=1.00 to10=0.00 min_d= 1.09 avg_spd=1.78m/s end=collision t=  848.7s
[TRAIN][PPO] ep=045/500 r=  690.17 avg10=  323.26 steps=1673 succ10=0.10 touch10=0.10 col10=0.90 to10=0.00 min_d= 0.30 avg_spd=1.76m/s end=goal t=  868.8s ckpt=best_goal
[TRAIN][PPO] ep=046/500 r=  423.31 avg10=  327.39 steps=1380 succ10=0.10 touch10=0.10 col10=0.90 to10=0.00 min_d= 0.84 avg_spd=1.79m/s end=collision t=  885.8s
[TRAIN][PPO] ep=047/500 r=  403.41 avg10=  323.42 steps=1499 succ10=0.10 touch10=0.10 col10=0.90 to10=0.00 min_d= 0.96 avg_spd=1.78m/s end=collision t=  904.2s
[TRAIN][PPO] ep=048/500 r=  386.24 avg10=  318.31 steps=1460 succ10=0.10 touch10=0.10 col10=0.90 to10=0.00 min_d= 1.04 avg_spd=1.80m/s end=collision t=  923.8s
[TRAIN][PPO] ep=049/500 r=  -45.08 avg10=  298.04 steps=1465 succ10=0.10 touch10=0.10 col10=0.90 to10=0.00 min_d= 2.86 avg_spd=1.76m/s end=collision t=  942.0s
[TRAIN][PPO] ep=050/500 r=  439.42 avg10=  344.01 steps=1485 succ10=0.10 touch10=0.10 col10=0.90 to10=0.00 min_d= 0.90 avg_spd=1.74m/s end=collision t=  959.8s
[TRAIN][PPO] ep=051/500 r=  486.07 avg10=  349.23 steps=1572 succ10=0.10 touch10=0.10 col10=0.90 to10=0.00 min_d= 0.64 avg_spd=1.74m/s end=collision t=  978.7s
[TRAIN][PPO] ep=052/500 r=  -14.01 avg10=  310.71 steps=1576 succ10=0.10 touch10=0.10 col10=0.90 to10=0.00 min_d= 2.71 avg_spd=1.76m/s end=collision t=  999.7s
[TRAIN][PPO] ep=053/500 r=  672.51 avg10=  380.14 steps=1685 succ10=0.20 touch10=0.20 col10=0.80 to10=0.00 min_d= 0.30 avg_spd=1.75m/s end=goal t= 1019.8s
[TRAIN][PPO] ep=054/500 r=  346.31 avg10=  378.84 steps=1485 succ10=0.20 touch10=0.20 col10=0.80 to10=0.00 min_d= 1.16 avg_spd=1.77m/s end=collision t= 1037.8s
[TRAIN][PPO] ep=055/500 r=  700.72 avg10=  379.89 steps=1807 succ10=0.20 touch10=0.20 col10=0.80 to10=0.00 min_d= 0.30 avg_spd=1.71m/s end=goal t= 1060.1s ckpt=best_goal
[TRAIN][PPO] ep=056/500 r=  389.08 avg10=  376.47 steps=1470 succ10=0.20 touch10=0.20 col10=0.80 to10=0.00 min_d= 1.01 avg_spd=1.75m/s end=collision t= 1081.1s
[TRAIN][PPO] ep=057/500 r=  285.25 avg10=  364.65 steps=1526 succ10=0.20 touch10=0.20 col10=0.80 to10=0.00 min_d= 1.43 avg_spd=1.72m/s end=collision t= 1099.7s
[TRAIN][PPO] ep=058/500 r=  425.56 avg10=  368.58 steps=1462 succ10=0.20 touch10=0.20 col10=0.80 to10=0.00 min_d= 0.89 avg_spd=1.75m/s end=collision t= 1116.9s
[TRAIN][PPO] ep=059/500 r=    1.86 avg10=  373.28 steps=1785 succ10=0.20 touch10=0.20 col10=0.80 to10=0.00 min_d= 2.16 avg_spd=1.73m/s end=collision t= 1138.5s
[TRAIN][PPO] ep=060/500 r=  421.02 avg10=  371.44 steps=1482 succ10=0.20 touch10=0.20 col10=0.80 to10=0.00 min_d= 0.91 avg_spd=1.74m/s end=collision t= 1157.5s
[TRAIN][PPO] ep=061/500 r=  304.08 avg10=  353.24 steps=1631 succ10=0.20 touch10=0.20 col10=0.80 to10=0.00 min_d= 1.40 avg_spd=1.74m/s end=collision t= 1177.6s
[TRAIN][PPO] ep=062/500 r=  327.84 avg10=  387.42 steps=1580 succ10=0.20 touch10=0.20 col10=0.80 to10=0.00 min_d= 1.36 avg_spd=1.72m/s end=collision t= 1196.8s
[TRAIN][PPO] ep=063/500 r=  -48.37 avg10=  315.34 steps=1441 succ10=0.10 touch10=0.10 col10=0.90 to10=0.00 min_d= 2.66 avg_spd=1.76m/s end=collision t= 1213.7s
[TRAIN][PPO] ep=064/500 r=  434.29 avg10=  324.13 steps=1510 succ10=0.10 touch10=0.10 col10=0.90 to10=0.00 min_d= 0.82 avg_spd=1.73m/s end=collision t= 1232.8s
[TRAIN][PPO] ep=065/500 r=  -12.36 avg10=  252.82 steps=1652 succ10=0.00 touch10=0.00 col10=1.00 to10=0.00 min_d= 2.29 avg_spd=1.74m/s end=collision t= 1252.6s
[TRAIN][PPO] ep=066/500 r=  675.09 avg10=  281.43 steps=1872 succ10=0.10 touch10=0.10 col10=0.90 to10=0.00 min_d= 0.30 avg_spd=1.69m/s end=goal t= 1275.5s
[TRAIN][PPO] ep=067/500 r=  374.53 avg10=  290.35 steps=1574 succ10=0.10 touch10=0.10 col10=0.90 to10=0.00 min_d= 1.11 avg_spd=1.71m/s end=collision t= 1294.2s
[TRAIN][PPO] ep=068/500 r=  293.38 avg10=  277.14 steps=1619 succ10=0.10 touch10=0.10 col10=0.90 to10=0.00 min_d= 1.44 avg_spd=1.72m/s end=collision t= 1317.2s
[TRAIN][PPO] ep=069/500 r=  410.37 avg10=  317.99 steps=1533 succ10=0.10 touch10=0.10 col10=0.90 to10=0.00 min_d= 0.96 avg_spd=1.70m/s end=collision t= 1335.2s
[TRAIN][PPO] ep=070/500 r=  171.80 avg10=  293.06 steps=1692 succ10=0.10 touch10=0.10 col10=0.90 to10=0.00 min_d= 1.89 avg_spd=1.70m/s end=collision t= 1355.4s
[TRAIN][PPO] ep=071/500 r=  366.00 avg10=  299.26 steps=1540 succ10=0.10 touch10=0.10 col10=0.90 to10=0.00 min_d= 1.21 avg_spd=1.72m/s end=collision t= 1374.0s
[TRAIN][PPO] ep=072/500 r=  708.25 avg10=  337.30 steps=1816 succ10=0.20 touch10=0.20 col10=0.80 to10=0.00 min_d= 0.30 avg_spd=1.69m/s end=goal t= 1398.0s ckpt=best_goal
[TRAIN][PPO] ep=073/500 r=  324.96 avg10=  374.63 steps=1584 succ10=0.20 touch10=0.20 col10=0.80 to10=0.00 min_d= 1.38 avg_spd=1.72m/s end=collision t= 1417.3s
[TRAIN][PPO] ep=074/500 r=  -48.57 avg10=  326.34 steps=1730 succ10=0.20 touch10=0.20 col10=0.80 to10=0.00 min_d= 2.26 avg_spd=1.69m/s end=collision t= 1438.7s
[TRAIN][PPO] ep=075/500 r=  315.61 avg10=  359.14 steps=1643 succ10=0.20 touch10=0.20 col10=0.80 to10=0.00 min_d= 1.27 avg_spd=1.70m/s end=collision t= 1458.4s
[TRAIN][PPO] ep=076/500 r=  224.20 avg10=  314.05 steps=1593 succ10=0.10 touch10=0.10 col10=0.90 to10=0.00 min_d= 1.64 avg_spd=1.73m/s end=collision t= 1479.4s
[TRAIN][PPO] ep=077/500 r=  -26.39 avg10=  273.96 steps=1631 succ10=0.10 touch10=0.10 col10=0.90 to10=0.00 min_d= 2.33 avg_spd=1.73m/s end=collision t= 1499.3s
[TRAIN][PPO] ep=078/500 r= -219.75 avg10=  222.65 steps=1154 succ10=0.10 touch10=0.10 col10=0.90 to10=0.00 min_d= 3.42 avg_spd=1.73m/s end=collision t= 1513.6s
[TRAIN][PPO] ep=079/500 r=  362.03 avg10=  217.82 steps=1561 succ10=0.10 touch10=0.10 col10=0.90 to10=0.00 min_d= 1.14 avg_spd=1.72m/s end=collision t= 1532.5s
[TRAIN][PPO] ep=080/500 r=  344.11 avg10=  235.05 steps=1575 succ10=0.10 touch10=0.10 col10=0.90 to10=0.00 min_d= 1.27 avg_spd=1.71m/s end=collision t= 1552.6s
[TRAIN][PPO] ep=081/500 r=  402.44 avg10=  238.69 steps=1506 succ10=0.10 touch10=0.10 col10=0.90 to10=0.00 min_d= 1.03 avg_spd=1.75m/s end=collision t= 1571.3s
[TRAIN][PPO] ep=082/500 r=  303.72 avg10=  198.24 steps=1630 succ10=0.00 touch10=0.00 col10=1.00 to10=0.00 min_d= 1.42 avg_spd=1.73m/s end=collision t= 1591.0s
[TRAIN][PPO] ep=083/500 r=  423.58 avg10=  208.10 steps=1495 succ10=0.00 touch10=0.00 col10=1.00 to10=0.00 min_d= 0.80 avg_spd=1.77m/s end=collision t= 1609.2s
[TRAIN][PPO] ep=084/500 r=  375.87 avg10=  250.54 steps=1524 succ10=0.00 touch10=0.00 col10=1.00 to10=0.00 min_d= 1.11 avg_spd=1.73m/s end=collision t= 1629.1s
[TRAIN][PPO] ep=085/500 r=  368.65 avg10=  255.85 steps=1445 succ10=0.00 touch10=0.00 col10=1.00 to10=0.00 min_d= 1.09 avg_spd=1.76m/s end=collision t= 1646.8s
[TRAIN][PPO] ep=086/500 r=  475.13 avg10=  280.94 steps=1565 succ10=0.00 touch10=0.00 col10=1.00 to10=0.00 min_d= 0.66 avg_spd=1.74m/s end=collision t= 1665.9s
[TRAIN][PPO] ep=087/500 r=  382.57 avg10=  321.84 steps=1511 succ10=0.00 touch10=0.00 col10=1.00 to10=0.00 min_d= 1.01 avg_spd=1.76m/s end=collision t= 1684.0s
[TRAIN][PPO] ep=088/500 r=  378.20 avg10=  381.63 steps=1525 succ10=0.00 touch10=0.00 col10=1.00 to10=0.00 min_d= 1.08 avg_spd=1.72m/s end=collision t= 1704.2s
[TRAIN][PPO] ep=089/500 r=  686.33 avg10=  414.06 steps=1687 succ10=0.10 touch10=0.10 col10=0.90 to10=0.00 min_d= 0.30 avg_spd=1.75m/s end=goal t= 1725.3s
[TRAIN][PPO] ep=090/500 r=  680.28 avg10=  447.68 steps=1690 succ10=0.20 touch10=0.20 col10=0.80 to10=0.00 min_d= 0.30 avg_spd=1.77m/s end=goal t= 1745.9s
[TRAIN][PPO] ep=091/500 r=  692.29 avg10=  476.66 steps=1693 succ10=0.30 touch10=0.30 col10=0.70 to10=0.00 min_d= 0.30 avg_spd=1.73m/s end=goal t= 1766.4s
[TRAIN][PPO] ep=092/500 r=  426.39 avg10=  488.93 steps=1475 succ10=0.30 touch10=0.30 col10=0.70 to10=0.00 min_d= 0.93 avg_spd=1.74m/s end=collision t= 1785.6s
[TRAIN][PPO] ep=093/500 r=  659.85 avg10=  512.56 steps=1760 succ10=0.40 touch10=0.40 col10=0.60 to10=0.00 min_d= 0.30 avg_spd=1.75m/s end=goal t= 1806.7s
[TRAIN][PPO] ep=094/500 r=   73.96 avg10=  482.36 steps=1683 succ10=0.40 touch10=0.40 col10=0.60 to10=0.00 min_d= 2.00 avg_spd=1.75m/s end=collision t= 1826.7s
[TRAIN][PPO] ep=095/500 r=  385.75 avg10=  484.07 steps=1506 succ10=0.40 touch10=0.40 col10=0.60 to10=0.00 min_d= 0.97 avg_spd=1.77m/s end=collision t= 1845.2s
[TRAIN][PPO] ep=096/500 r=  347.66 avg10=  471.33 steps=1497 succ10=0.40 touch10=0.40 col10=0.60 to10=0.00 min_d= 1.20 avg_spd=1.76m/s end=collision t= 1866.3s
[TRAIN][PPO] ep=097/500 r=  243.65 avg10=  457.44 steps=1549 succ10=0.40 touch10=0.40 col10=0.60 to10=0.00 min_d= 1.58 avg_spd=1.75m/s end=collision t= 1885.5s
[TRAIN][PPO] ep=098/500 r=  134.67 avg10=  433.08 steps=1670 succ10=0.40 touch10=0.40 col10=0.60 to10=0.00 min_d= 1.97 avg_spd=1.74m/s end=collision t= 1905.4s
[TRAIN][PPO] ep=099/500 r=    9.57 avg10=  365.41 steps=1810 succ10=0.30 touch10=0.30 col10=0.70 to10=0.00 min_d= 2.21 avg_spd=1.74m/s end=collision t= 1926.5s
[TRAIN][PPO] ep=100/500 r=  668.51 avg10=  364.23 steps=1654 succ10=0.30 touch10=0.30 col10=0.70 to10=0.00 min_d= 0.30 avg_spd=1.77m/s end=goal t= 1947.0s ckpt=latest
[TRAIN][PPO] ep=101/500 r=  670.53 avg10=  362.05 steps=1600 succ10=0.30 touch10=0.30 col10=0.70 to10=0.00 min_d= 0.30 avg_spd=1.80m/s end=goal t= 1965.1s
[TRAIN][PPO] ep=102/500 r=  423.09 avg10=  361.72 steps=1929 succ10=0.30 touch10=0.30 col10=0.70 to10=0.00 min_d= 0.34 avg_spd=1.78m/s end=collision t= 1987.4s
[TRAIN][PPO] ep=103/500 r=  389.64 avg10=  334.70 steps=1484 succ10=0.20 touch10=0.20 col10=0.80 to10=0.00 min_d= 1.00 avg_spd=1.78m/s end=collision t= 2005.2s
[TRAIN][PPO] ep=104/500 r=   22.78 avg10=  329.58 steps=1754 succ10=0.20 touch10=0.20 col10=0.80 to10=0.00 min_d= 2.24 avg_spd=1.75m/s end=collision t= 2028.0s
[TRAIN][PPO] ep=105/500 r=  368.17 avg10=  327.83 steps=1472 succ10=0.20 touch10=0.20 col10=0.80 to10=0.00 min_d= 1.12 avg_spd=1.76m/s end=collision t= 2045.6s
[TRAIN][PPO] ep=106/500 r=  435.74 avg10=  336.63 steps=1444 succ10=0.20 touch10=0.20 col10=0.80 to10=0.00 min_d= 0.87 avg_spd=1.77m/s end=collision t= 2062.5s
[TRAIN][PPO] ep=107/500 r=  160.55 avg10=  328.32 steps=1586 succ10=0.20 touch10=0.20 col10=0.80 to10=0.00 min_d= 1.88 avg_spd=1.77m/s end=collision t= 2081.7s
[TRAIN][PPO] ep=108/500 r=  332.97 avg10=  348.15 steps=1479 succ10=0.20 touch10=0.20 col10=0.80 to10=0.00 min_d= 1.22 avg_spd=1.79m/s end=collision t= 2100.3s
[TRAIN][PPO] ep=109/500 r=  660.29 avg10=  413.23 steps=1641 succ10=0.30 touch10=0.30 col10=0.70 to10=0.00 min_d= 0.30 avg_spd=1.81m/s end=goal t= 2120.3s
[TRAIN][PPO] ep=110/500 r=  224.59 avg10=  368.83 steps=1566 succ10=0.20 touch10=0.20 col10=0.80 to10=0.00 min_d= 1.69 avg_spd=1.80m/s end=collision t= 2139.8s
[TRAIN][PPO] ep=111/500 r=  117.02 avg10=  313.48 steps=1651 succ10=0.10 touch10=0.10 col10=0.90 to10=0.00 min_d= 2.06 avg_spd=1.78m/s end=collision t= 2159.7s
[TRAIN][PPO] ep=112/500 r=  284.20 avg10=  299.59 steps=1503 succ10=0.10 touch10=0.10 col10=0.90 to10=0.00 min_d= 1.42 avg_spd=1.80m/s end=collision t= 2179.0s
[TRAIN][PPO] ep=113/500 r=  -54.59 avg10=  255.17 steps=1365 succ10=0.10 touch10=0.10 col10=0.90 to10=0.00 min_d= 2.88 avg_spd=1.79m/s end=collision t= 2195.6s
[TRAIN][PPO] ep=114/500 r=  375.25 avg10=  290.42 steps=1443 succ10=0.10 touch10=0.10 col10=0.90 to10=0.00 min_d= 0.98 avg_spd=1.81m/s end=collision t= 2213.3s
[TRAIN][PPO] ep=115/500 r=  353.60 avg10=  288.96 steps=1451 succ10=0.10 touch10=0.10 col10=0.90 to10=0.00 min_d= 1.15 avg_spd=1.77m/s end=collision t= 2231.1s
[TRAIN][PPO] ep=116/500 r=  177.55 avg10=  263.14 steps=1549 succ10=0.10 touch10=0.10 col10=0.90 to10=0.00 min_d= 1.81 avg_spd=1.80m/s end=collision t= 2251.9s
[TRAIN][PPO] ep=117/500 r=  659.12 avg10=  313.00 steps=1659 succ10=0.20 touch10=0.20 col10=0.80 to10=0.00 min_d= 0.30 avg_spd=1.79m/s end=goal t= 2272.1s
[TRAIN][PPO] ep=118/500 r=  348.38 avg10=  314.54 steps=1451 succ10=0.20 touch10=0.20 col10=0.80 to10=0.00 min_d= 1.18 avg_spd=1.78m/s end=collision t= 2289.5s
[TRAIN][PPO] ep=119/500 r=  -97.31 avg10=  238.78 steps=1283 succ10=0.10 touch10=0.10 col10=0.90 to10=0.00 min_d= 3.14 avg_spd=1.75m/s end=collision t= 2304.9s
[TRAIN][PPO] ep=120/500 r=    2.96 avg10=  216.62 steps=1771 succ10=0.10 touch10=0.10 col10=0.90 to10=0.00 min_d= 2.44 avg_spd=1.77m/s end=collision t= 2329.0s
[TRAIN][PPO] ep=121/500 r=  313.64 avg10=  236.28 steps=1516 succ10=0.10 touch10=0.10 col10=0.90 to10=0.00 min_d= 1.34 avg_spd=1.73m/s end=collision t= 2346.6s
[TRAIN][PPO] ep=122/500 r=  385.47 avg10=  246.41 steps=1396 succ10=0.10 touch10=0.10 col10=0.90 to10=0.00 min_d= 1.00 avg_spd=1.78m/s end=collision t= 2363.2s
[TRAIN][PPO] ep=123/500 r=  388.95 avg10=  290.76 steps=2106 succ10=0.10 touch10=0.10 col10=0.90 to10=0.00 min_d= 0.36 avg_spd=1.76m/s end=collision t= 2388.3s
[TRAIN][PPO] ep=124/500 r=  382.58 avg10=  291.49 steps=1572 succ10=0.10 touch10=0.10 col10=0.90 to10=0.00 min_d= 1.00 avg_spd=1.77m/s end=collision t= 2410.8s
[TRAIN][PPO] ep=125/500 r=  257.53 avg10=  281.89 steps=1492 succ10=0.10 touch10=0.10 col10=0.90 to10=0.00 min_d= 1.53 avg_spd=1.81m/s end=collision t= 2429.5s
[TRAIN][PPO] ep=126/500 r=  342.95 avg10=  298.43 steps=1494 succ10=0.10 touch10=0.10 col10=0.90 to10=0.00 min_d= 1.22 avg_spd=1.73m/s end=collision t= 2447.1s
[TRAIN][PPO] ep=127/500 r=  304.95 avg10=  263.01 steps=1534 succ10=0.00 touch10=0.00 col10=1.00 to10=0.00 min_d= 1.33 avg_spd=1.77m/s end=collision t= 2464.2s
[TRAIN][PPO] ep=128/500 r=  303.14 avg10=  258.49 steps=1515 succ10=0.00 touch10=0.00 col10=1.00 to10=0.00 min_d= 1.38 avg_spd=1.77m/s end=collision t= 2483.0s
[TRAIN][PPO] ep=129/500 r=  412.03 avg10=  309.42 steps=1451 succ10=0.00 touch10=0.00 col10=1.00 to10=0.00 min_d= 0.94 avg_spd=1.76m/s end=collision t= 2500.1s
[TRAIN][PPO] ep=130/500 r=  460.93 avg10=  355.22 steps=1946 succ10=0.00 touch10=0.00 col10=1.00 to10=0.00 min_d= 0.32 avg_spd=1.77m/s end=collision t= 2523.8s
[TRAIN][PPO] ep=131/500 r=  158.31 avg10=  339.68 steps=1680 succ10=0.00 touch10=0.00 col10=1.00 to10=0.00 min_d= 1.93 avg_spd=1.76m/s end=collision t= 2544.0s
[TRAIN][PPO] ep=132/500 r=  427.84 avg10=  343.92 steps=1427 succ10=0.00 touch10=0.00 col10=1.00 to10=0.00 min_d= 0.88 avg_spd=1.78m/s end=collision t= 2563.5s
[TRAIN][PPO] ep=133/500 r=  336.68 avg10=  338.69 steps=1483 succ10=0.00 touch10=0.00 col10=1.00 to10=0.00 min_d= 1.25 avg_spd=1.75m/s end=collision t= 2581.0s
[TRAIN][PPO] ep=134/500 r=  684.54 avg10=  368.89 steps=1689 succ10=0.10 touch10=0.10 col10=0.90 to10=0.00 min_d= 0.30 avg_spd=1.78m/s end=goal t= 2601.6s
[TRAIN][PPO] ep=135/500 r=  665.66 avg10=  409.70 steps=1650 succ10=0.20 touch10=0.20 col10=0.80 to10=0.00 min_d= 0.30 avg_spd=1.77m/s end=goal t= 2621.8s
[TRAIN][PPO] ep=136/500 r=  686.31 avg10=  444.04 steps=1741 succ10=0.30 touch10=0.30 col10=0.70 to10=0.00 min_d= 0.30 avg_spd=1.75m/s end=goal t= 2644.4s
[TRAIN][PPO] ep=137/500 r=  405.63 avg10=  454.11 steps=1397 succ10=0.30 touch10=0.30 col10=0.70 to10=0.00 min_d= 0.91 avg_spd=1.81m/s end=collision t= 2660.9s
[TRAIN][PPO] ep=138/500 r=  348.77 avg10=  458.67 steps=1447 succ10=0.30 touch10=0.30 col10=0.70 to10=0.00 min_d= 1.14 avg_spd=1.79m/s end=collision t= 2678.4s
[TRAIN][PPO] ep=139/500 r=  403.17 avg10=  457.79 steps=1416 succ10=0.30 touch10=0.30 col10=0.70 to10=0.00 min_d= 0.96 avg_spd=1.79m/s end=collision t= 2695.3s
[TRAIN][PPO] ep=140/500 r=  299.85 avg10=  441.68 steps=1549 succ10=0.30 touch10=0.30 col10=0.70 to10=0.00 min_d= 1.33 avg_spd=1.80m/s end=collision t= 2714.9s
[TRAIN][PPO] ep=141/500 r=  316.35 avg10=  457.48 steps=1514 succ10=0.30 touch10=0.30 col10=0.70 to10=0.00 min_d= 1.29 avg_spd=1.81m/s end=collision t= 2733.1s
[TRAIN][PPO] ep=142/500 r=  681.40 avg10=  482.84 steps=1638 succ10=0.40 touch10=0.40 col10=0.60 to10=0.00 min_d= 0.30 avg_spd=1.80m/s end=goal t= 2752.2s
[TRAIN][PPO] ep=143/500 r=  665.46 avg10=  515.71 steps=1592 succ10=0.50 touch10=0.50 col10=0.50 to10=0.00 min_d= 0.30 avg_spd=1.80m/s end=goal t= 2770.8s
[TRAIN][PPO] ep=144/500 r=  408.89 avg10=  488.15 steps=1487 succ10=0.40 touch10=0.40 col10=0.60 to10=0.00 min_d= 0.96 avg_spd=1.74m/s end=collision t= 2789.3s
[TRAIN][PPO] ep=145/500 r=  361.85 avg10=  457.77 steps=1522 succ10=0.30 touch10=0.30 col10=0.70 to10=0.00 min_d= 1.09 avg_spd=1.77m/s end=collision t= 2807.6s
[TRAIN][PPO] ep=146/500 r=  408.77 avg10=  430.01 steps=1372 succ10=0.20 touch10=0.20 col10=0.80 to10=0.00 min_d= 0.88 avg_spd=1.82m/s end=collision t= 2824.4s
[TRAIN][PPO] ep=147/500 r=  367.72 avg10=  426.22 steps=1546 succ10=0.20 touch10=0.20 col10=0.80 to10=0.00 min_d= 1.08 avg_spd=1.79m/s end=collision t= 2842.9s
[TRAIN][PPO] ep=148/500 r=  252.53 avg10=  416.60 steps=1479 succ10=0.20 touch10=0.20 col10=0.80 to10=0.00 min_d= 1.52 avg_spd=1.77m/s end=collision t= 2864.5s
[TRAIN][PPO] ep=149/500 r=  652.98 avg10=  441.58 steps=1639 succ10=0.30 touch10=0.30 col10=0.70 to10=0.00 min_d= 0.30 avg_spd=1.80m/s end=goal t= 2884.1s
[TRAIN][PPO] ep=150/500 r=   79.74 avg10=  419.57 steps=1695 succ10=0.30 touch10=0.30 col10=0.70 to10=0.00 min_d= 2.24 avg_spd=1.78m/s end=collision t= 2904.7s
[TRAIN][PPO] ep=151/500 r=  341.08 avg10=  422.04 steps=1396 succ10=0.30 touch10=0.30 col10=0.70 to10=0.00 min_d= 1.15 avg_spd=1.80m/s end=collision t= 2921.6s
[TRAIN][PPO] ep=152/500 r=  365.16 avg10=  390.42 steps=1450 succ10=0.20 touch10=0.20 col10=0.80 to10=0.00 min_d= 1.04 avg_spd=1.78m/s end=collision t= 2942.5s
[TRAIN][PPO] ep=153/500 r=  367.00 avg10=  360.57 steps=1473 succ10=0.10 touch10=0.10 col10=0.90 to10=0.00 min_d= 1.12 avg_spd=1.79m/s end=collision t= 2960.0s
[TRAIN][PPO] ep=154/500 r=  349.54 avg10=  354.64 steps=1472 succ10=0.10 touch10=0.10 col10=0.90 to10=0.00 min_d= 1.18 avg_spd=1.81m/s end=collision t= 2977.5s
[TRAIN][PPO] ep=155/500 r=  442.70 avg10=  362.72 steps=1443 succ10=0.10 touch10=0.10 col10=0.90 to10=0.00 min_d= 0.77 avg_spd=1.81m/s end=collision t= 2994.1s
[TRAIN][PPO] ep=156/500 r=   76.23 avg10=  329.47 steps=1688 succ10=0.10 touch10=0.10 col10=0.90 to10=0.00 min_d= 2.19 avg_spd=1.78m/s end=collision t= 3015.7s
[TRAIN][PPO] ep=157/500 r=  662.40 avg10=  358.94 steps=1606 succ10=0.20 touch10=0.20 col10=0.80 to10=0.00 min_d= 0.30 avg_spd=1.84m/s end=goal t= 3034.5s
[TRAIN][PPO] ep=158/500 r=  658.14 avg10=  399.50 steps=1619 succ10=0.30 touch10=0.30 col10=0.70 to10=0.00 min_d= 0.30 avg_spd=1.79m/s end=goal t= 3053.5s
[TRAIN][PPO] ep=159/500 r=  657.24 avg10=  399.92 steps=1575 succ10=0.30 touch10=0.30 col10=0.70 to10=0.00 min_d= 0.30 avg_spd=1.82m/s end=goal t= 3071.5s
[TRAIN][PPO] ep=160/500 r=  665.21 avg10=  458.47 steps=1602 succ10=0.40 touch10=0.40 col10=0.60 to10=0.00 min_d= 0.30 avg_spd=1.83m/s end=goal t= 3091.7s
[TRAIN][PPO] ep=161/500 r=  411.66 avg10=  465.53 steps=1394 succ10=0.40 touch10=0.40 col10=0.60 to10=0.00 min_d= 0.89 avg_spd=1.80m/s end=collision t= 3108.5s
[TRAIN][PPO] ep=162/500 r=  425.27 avg10=  471.54 steps=1420 succ10=0.40 touch10=0.40 col10=0.60 to10=0.00 min_d= 0.88 avg_spd=1.79m/s end=collision t= 3125.7s
[TRAIN][PPO] ep=163/500 r=  347.55 avg10=  469.59 steps=1506 succ10=0.40 touch10=0.40 col10=0.60 to10=0.00 min_d= 1.17 avg_spd=1.78m/s end=collision t= 3143.4s
[TRAIN][PPO] ep=164/500 r=  676.84 avg10=  502.32 steps=1622 succ10=0.50 touch10=0.50 col10=0.50 to10=0.00 min_d= 0.30 avg_spd=1.79m/s end=goal t= 3164.1s
[TRAIN][PPO] ep=165/500 r=  402.26 avg10=  498.28 steps=1407 succ10=0.50 touch10=0.50 col10=0.50 to10=0.00 min_d= 0.93 avg_spd=1.77m/s end=collision t= 3180.1s
[TRAIN][PPO] ep=166/500 r=  285.08 avg10=  519.16 steps=1508 succ10=0.50 touch10=0.50 col10=0.50 to10=0.00 min_d= 1.34 avg_spd=1.78m/s end=collision t= 3197.9s
[TRAIN][PPO] ep=167/500 r=  663.70 avg10=  519.29 steps=1639 succ10=0.50 touch10=0.50 col10=0.50 to10=0.00 min_d= 0.30 avg_spd=1.83m/s end=goal t= 3216.4s
[TRAIN][PPO] ep=168/500 r=  384.04 avg10=  491.88 steps=1451 succ10=0.40 touch10=0.40 col10=0.60 to10=0.00 min_d= 1.02 avg_spd=1.77m/s end=collision t= 3234.4s
[TRAIN][PPO] ep=169/500 r=  673.29 avg10=  493.49 steps=1632 succ10=0.40 touch10=0.40 col10=0.60 to10=0.00 min_d= 0.30 avg_spd=1.81m/s end=goal t= 3253.1s
[TRAIN][PPO] ep=170/500 r=  341.13 avg10=  461.08 steps=1484 succ10=0.30 touch10=0.30 col10=0.70 to10=0.00 min_d= 1.13 avg_spd=1.80m/s end=collision t= 3270.8s
[TRAIN][PPO] ep=171/500 r=  466.94 avg10=  466.61 steps=1502 succ10=0.30 touch10=0.30 col10=0.70 to10=0.00 min_d= 0.62 avg_spd=1.82m/s end=collision t= 3288.4s
[TRAIN][PPO] ep=172/500 r=  670.54 avg10=  491.14 steps=1603 succ10=0.40 touch10=0.40 col10=0.60 to10=0.00 min_d= 0.30 avg_spd=1.81m/s end=goal t= 3307.8s
[TRAIN][PPO] ep=173/500 r=  365.61 avg10=  492.94 steps=1363 succ10=0.40 touch10=0.40 col10=0.60 to10=0.00 min_d= 1.03 avg_spd=1.83m/s end=collision t= 3324.2s
[TRAIN][PPO] ep=174/500 r=  405.90 avg10=  465.85 steps=1346 succ10=0.30 touch10=0.30 col10=0.70 to10=0.00 min_d= 0.88 avg_spd=1.82m/s end=collision t= 3339.8s
[TRAIN][PPO] ep=175/500 r=  643.46 avg10=  489.97 steps=1781 succ10=0.40 touch10=0.40 col10=0.60 to10=0.00 min_d= 0.30 avg_spd=1.83m/s end=goal t= 3360.8s
[TRAIN][PPO] ep=176/500 r=  247.72 avg10=  486.23 steps=1532 succ10=0.40 touch10=0.40 col10=0.60 to10=0.00 min_d= 1.51 avg_spd=1.83m/s end=collision t= 3380.8s
[TRAIN][PPO] ep=177/500 r=  666.04 avg10=  486.47 steps=1686 succ10=0.40 touch10=0.40 col10=0.60 to10=0.00 min_d= 0.30 avg_spd=1.81m/s end=goal t= 3400.9s
[TRAIN][PPO] ep=178/500 r=  652.00 avg10=  513.26 steps=1585 succ10=0.50 touch10=0.50 col10=0.50 to10=0.00 min_d= 0.30 avg_spd=1.83m/s end=goal t= 3420.5s
[TRAIN][PPO] ep=179/500 r=  663.34 avg10=  512.27 steps=1614 succ10=0.50 touch10=0.50 col10=0.50 to10=0.00 min_d= 0.30 avg_spd=1.82m/s end=goal t= 3439.8s
[TRAIN][PPO] ep=180/500 r=  652.77 avg10=  543.43 steps=1649 succ10=0.60 touch10=0.60 col10=0.40 to10=0.00 min_d= 0.30 avg_spd=1.83m/s end=goal t= 3462.2s
[TRAIN][PPO] ep=181/500 r=  221.85 avg10=  518.92 steps=1559 succ10=0.60 touch10=0.60 col10=0.40 to10=0.00 min_d= 1.56 avg_spd=1.85m/s end=collision t= 3480.8s
[TRAIN][PPO] ep=182/500 r=  640.42 avg10=  515.91 steps=1703 succ10=0.60 touch10=0.60 col10=0.40 to10=0.00 min_d= 0.30 avg_spd=1.82m/s end=goal t= 3500.2s
[TRAIN][PPO] ep=183/500 r=  669.90 avg10=  546.34 steps=1632 succ10=0.70 touch10=0.70 col10=0.30 to10=0.00 min_d= 0.30 avg_spd=1.82m/s end=goal t= 3518.9s
[TRAIN][PPO] ep=184/500 r=  387.35 avg10=  544.49 steps=1433 succ10=0.70 touch10=0.70 col10=0.30 to10=0.00 min_d= 0.93 avg_spd=1.81m/s end=collision t= 3536.4s
[TRAIN][PPO] ep=185/500 r=  665.73 avg10=  546.71 steps=1684 succ10=0.70 touch10=0.70 col10=0.30 to10=0.00 min_d= 0.30 avg_spd=1.81m/s end=goal t= 3555.8s
[TRAIN][PPO] ep=186/500 r=  374.58 avg10=  559.40 steps=1485 succ10=0.70 touch10=0.70 col10=0.30 to10=0.00 min_d= 0.94 avg_spd=1.82m/s end=collision t= 3572.8s
[TRAIN][PPO] ep=187/500 r=  645.50 avg10=  557.34 steps=1686 succ10=0.70 touch10=0.70 col10=0.30 to10=0.00 min_d= 0.30 avg_spd=1.83m/s end=goal t= 3592.7s
[TRAIN][PPO] ep=188/500 r=  418.94 avg10=  534.04 steps=1362 succ10=0.60 touch10=0.60 col10=0.40 to10=0.00 min_d= 0.84 avg_spd=1.83m/s end=collision t= 3609.8s
[TRAIN][PPO] ep=189/500 r=  323.62 avg10=  500.07 steps=1508 succ10=0.50 touch10=0.50 col10=0.50 to10=0.00 min_d= 1.13 avg_spd=1.81m/s end=collision t= 3627.3s
[TRAIN][PPO] ep=190/500 r=  661.29 avg10=  500.92 steps=1641 succ10=0.50 touch10=0.50 col10=0.50 to10=0.00 min_d= 0.30 avg_spd=1.81m/s end=goal t= 3646.4s
[TRAIN][PPO] ep=191/500 r=  662.00 avg10=  544.93 steps=1661 succ10=0.60 touch10=0.60 col10=0.40 to10=0.00 min_d= 0.30 avg_spd=1.79m/s end=goal t= 3665.7s
[TRAIN][PPO] ep=192/500 r=  679.50 avg10=  548.84 steps=1658 succ10=0.60 touch10=0.60 col10=0.40 to10=0.00 min_d= 0.30 avg_spd=1.79m/s end=goal t= 3687.4s
[TRAIN][PPO] ep=193/500 r=  656.23 avg10=  547.47 steps=1607 succ10=0.60 touch10=0.60 col10=0.40 to10=0.00 min_d= 0.30 avg_spd=1.85m/s end=goal t= 3705.0s
[TRAIN][PPO] ep=194/500 r=  658.16 avg10=  574.55 steps=1607 succ10=0.70 touch10=0.70 col10=0.30 to10=0.00 min_d= 0.30 avg_spd=1.81m/s end=goal t= 3723.3s
[TRAIN][PPO] ep=195/500 r=  666.42 avg10=  574.62 steps=1606 succ10=0.70 touch10=0.70 col10=0.30 to10=0.00 min_d= 0.30 avg_spd=1.82m/s end=goal t= 3741.8s
[TRAIN][PPO] ep=196/500 r=  663.75 avg10=  603.54 steps=1627 succ10=0.80 touch10=0.80 col10=0.20 to10=0.00 min_d= 0.30 avg_spd=1.84m/s end=goal t= 3762.9s
[TRAIN][PPO] ep=197/500 r=  407.03 avg10=  579.69 steps=1361 succ10=0.70 touch10=0.70 col10=0.30 to10=0.00 min_d= 0.86 avg_spd=1.84m/s end=collision t= 3778.6s
[TRAIN][PPO] ep=198/500 r=  414.77 avg10=  579.28 steps=1406 succ10=0.70 touch10=0.70 col10=0.30 to10=0.00 min_d= 0.88 avg_spd=1.84m/s end=collision t= 3794.6s
[TRAIN][PPO] ep=199/500 r=  381.96 avg10=  585.11 steps=1425 succ10=0.70 touch10=0.70 col10=0.30 to10=0.00 min_d= 1.02 avg_spd=1.82m/s end=collision t= 3810.9s
[TRAIN][PPO] ep=200/500 r=  351.03 avg10=  554.09 steps=1431 succ10=0.60 touch10=0.60 col10=0.40 to10=0.00 min_d= 1.08 avg_spd=1.83m/s end=collision t= 3829.7s ckpt=latest
[TRAIN][PPO] ep=201/500 r=  642.16 avg10=  552.10 steps=1640 succ10=0.60 touch10=0.60 col10=0.40 to10=0.00 min_d= 0.30 avg_spd=1.88m/s end=goal t= 3848.5s
[TRAIN][PPO] ep=202/500 r=  649.09 avg10=  549.06 steps=1559 succ10=0.60 touch10=0.60 col10=0.40 to10=0.00 min_d= 0.30 avg_spd=1.86m/s end=goal t= 3866.5s
[TRAIN][PPO] ep=203/500 r=  399.42 avg10=  523.38 steps=1362 succ10=0.50 touch10=0.50 col10=0.50 to10=0.00 min_d= 0.87 avg_spd=1.84m/s end=collision t= 3882.2s
[TRAIN][PPO] ep=204/500 r=  401.77 avg10=  497.74 steps=1360 succ10=0.40 touch10=0.40 col10=0.60 to10=0.00 min_d= 0.89 avg_spd=1.85m/s end=collision t= 3899.2s
[TRAIN][PPO] ep=205/500 r=  640.96 avg10=  495.20 steps=1574 succ10=0.40 touch10=0.40 col10=0.60 to10=0.00 min_d= 0.30 avg_spd=1.85m/s end=goal t= 3917.5s
[TRAIN][PPO] ep=206/500 r=  648.34 avg10=  493.65 steps=1563 succ10=0.40 touch10=0.40 col10=0.60 to10=0.00 min_d= 0.30 avg_spd=1.89m/s end=goal t= 3935.9s
[TRAIN][PPO] ep=207/500 r=  642.42 avg10=  517.19 steps=1540 succ10=0.50 touch10=0.50 col10=0.50 to10=0.00 min_d= 0.30 avg_spd=1.88m/s end=goal t= 3954.3s
[TRAIN][PPO] ep=208/500 r=  395.14 avg10=  515.23 steps=1332 succ10=0.50 touch10=0.50 col10=0.50 to10=0.00 min_d= 0.89 avg_spd=1.87m/s end=collision t= 3971.5s
[TRAIN][PPO] ep=209/500 r=  649.94 avg10=  542.03 steps=1543 succ10=0.60 touch10=0.60 col10=0.40 to10=0.00 min_d= 0.30 avg_spd=1.86m/s end=goal t= 3989.5s
[TRAIN][PPO] ep=210/500 r=  646.07 avg10=  571.53 steps=1641 succ10=0.70 touch10=0.70 col10=0.30 to10=0.00 min_d= 0.30 avg_spd=1.87m/s end=goal t= 4008.3s
[TRAIN][PPO] ep=211/500 r=  398.31 avg10=  547.15 steps=1412 succ10=0.60 touch10=0.60 col10=0.40 to10=0.00 min_d= 0.89 avg_spd=1.86m/s end=collision t= 4024.6s
[TRAIN][PPO] ep=212/500 r=  422.47 avg10=  524.49 steps=1372 succ10=0.50 touch10=0.50 col10=0.50 to10=0.00 min_d= 0.74 avg_spd=1.86m/s end=collision t= 4041.9s
[TRAIN][PPO] ep=213/500 r=  415.42 avg10=  526.09 steps=1418 succ10=0.50 touch10=0.50 col10=0.50 to10=0.00 min_d= 0.85 avg_spd=1.84m/s end=collision t= 4057.7s
[TRAIN][PPO] ep=214/500 r=  656.36 avg10=  551.54 steps=1591 succ10=0.60 touch10=0.60 col10=0.40 to10=0.00 min_d= 0.30 avg_spd=1.86m/s end=goal t= 4075.8s
[TRAIN][PPO] ep=215/500 r=  403.34 avg10=  527.78 steps=1426 succ10=0.50 touch10=0.50 col10=0.50 to10=0.00 min_d= 0.93 avg_spd=1.84m/s end=collision t= 4092.2s
[TRAIN][PPO] ep=216/500 r=  646.12 avg10=  527.56 steps=1557 succ10=0.50 touch10=0.50 col10=0.50 to10=0.00 min_d= 0.30 avg_spd=1.89m/s end=goal t= 4111.6s
[TRAIN][PPO] ep=217/500 r=  410.56 avg10=  504.37 steps=1426 succ10=0.40 touch10=0.40 col10=0.60 to10=0.00 min_d= 0.87 avg_spd=1.85m/s end=collision t= 4128.5s
[TRAIN][PPO] ep=218/500 r=  650.59 avg10=  529.92 steps=1541 succ10=0.50 touch10=0.50 col10=0.50 to10=0.00 min_d= 0.30 avg_spd=1.84m/s end=goal t= 4146.8s
[TRAIN][PPO] ep=219/500 r=  670.57 avg10=  531.98 steps=1615 succ10=0.50 touch10=0.50 col10=0.50 to10=0.00 min_d= 0.30 avg_spd=1.84m/s end=goal t= 4166.2s
[TRAIN][PPO] ep=220/500 r=  654.68 avg10=  532.84 steps=1607 succ10=0.50 touch10=0.50 col10=0.50 to10=0.00 min_d= 0.30 avg_spd=1.84m/s end=goal t= 4186.7s
[TRAIN][PPO] ep=221/500 r=  667.14 avg10=  559.72 steps=1609 succ10=0.60 touch10=0.60 col10=0.40 to10=0.00 min_d= 0.30 avg_spd=1.81m/s end=goal t= 4205.2s
[TRAIN][PPO] ep=222/500 r=  657.40 avg10=  583.22 steps=1614 succ10=0.70 touch10=0.70 col10=0.30 to10=0.00 min_d= 0.30 avg_spd=1.81m/s end=goal t= 4224.8s
[TRAIN][PPO] ep=223/500 r=  666.22 avg10=  608.30 steps=1693 succ10=0.80 touch10=0.80 col10=0.20 to10=0.00 min_d= 0.30 avg_spd=1.83m/s end=goal t= 4245.2s
[TRAIN][PPO] ep=224/500 r=  660.86 avg10=  608.75 steps=1641 succ10=0.80 touch10=0.80 col10=0.20 to10=0.00 min_d= 0.30 avg_spd=1.82m/s end=goal t= 4266.1s
[TRAIN][PPO] ep=225/500 r=  249.02 avg10=  593.31 steps=1517 succ10=0.80 touch10=0.80 col10=0.20 to10=0.00 min_d= 1.43 avg_spd=1.82m/s end=collision t= 4284.1s
[TRAIN][PPO] ep=226/500 r=  647.92 avg10=  593.50 steps=1548 succ10=0.80 touch10=0.80 col10=0.20 to10=0.00 min_d= 0.30 avg_spd=1.85m/s end=goal t= 4301.5s
[TRAIN][PPO] ep=227/500 r=  652.50 avg10=  617.69 steps=1619 succ10=0.90 touch10=0.90 col10=0.10 to10=0.00 min_d= 0.30 avg_spd=1.84m/s end=goal t= 4320.6s
[TRAIN][PPO] ep=228/500 r=  665.18 avg10=  619.15 steps=1603 succ10=0.90 touch10=0.90 col10=0.10 to10=0.00 min_d= 0.30 avg_spd=1.83m/s end=goal t= 4340.8s
[TRAIN][PPO] ep=229/500 r=  656.73 avg10=  617.76 steps=1583 succ10=0.90 touch10=0.90 col10=0.10 to10=0.00 min_d= 0.30 avg_spd=1.84m/s end=goal t= 4359.4s
[TRAIN][PPO] ep=230/500 r=  665.00 avg10=  618.79 steps=1671 succ10=0.90 touch10=0.90 col10=0.10 to10=0.00 min_d= 0.30 avg_spd=1.83m/s end=goal t= 4379.2s
[TRAIN][PPO] ep=231/500 r=  437.99 avg10=  595.88 steps=1441 succ10=0.80 touch10=0.80 col10=0.20 to10=0.00 min_d= 0.74 avg_spd=1.85m/s end=collision t= 4396.3s
[TRAIN][PPO] ep=232/500 r=  666.48 avg10=  596.79 steps=1656 succ10=0.80 touch10=0.80 col10=0.20 to10=0.00 min_d= 0.30 avg_spd=1.81m/s end=goal t= 4416.8s
[TRAIN][PPO] ep=233/500 r=  414.40 avg10=  571.61 steps=1389 succ10=0.70 touch10=0.70 col10=0.30 to10=0.00 min_d= 0.87 avg_spd=1.85m/s end=collision t= 4433.2s
[TRAIN][PPO] ep=234/500 r=  655.01 avg10=  571.02 steps=1582 succ10=0.70 touch10=0.70 col10=0.30 to10=0.00 min_d= 0.30 avg_spd=1.84m/s end=goal t= 4451.7s
[TRAIN][PPO] ep=235/500 r=  656.23 avg10=  611.74 steps=1557 succ10=0.80 touch10=0.80 col10=0.20 to10=0.00 min_d= 0.30 avg_spd=1.86m/s end=goal t= 4469.7s
[TRAIN][PPO] ep=236/500 r=  652.51 avg10=  612.20 steps=1597 succ10=0.80 touch10=0.80 col10=0.20 to10=0.00 min_d= 0.30 avg_spd=1.86m/s end=goal t= 4491.9s
[TRAIN][PPO] ep=237/500 r=  656.60 avg10=  612.61 steps=1573 succ10=0.80 touch10=0.80 col10=0.20 to10=0.00 min_d= 0.30 avg_spd=1.85m/s end=goal t= 4510.4s
[TRAIN][PPO] ep=238/500 r=  649.37 avg10=  611.03 steps=1583 succ10=0.80 touch10=0.80 col10=0.20 to10=0.00 min_d= 0.30 avg_spd=1.84m/s end=goal t= 4529.3s
[TRAIN][PPO] ep=239/500 r=  651.81 avg10=  610.54 steps=1638 succ10=0.80 touch10=0.80 col10=0.20 to10=0.00 min_d= 0.30 avg_spd=1.84m/s end=goal t= 4548.6s
[TRAIN][PPO] ep=240/500 r=  657.84 avg10=  609.82 steps=1575 succ10=0.80 touch10=0.80 col10=0.20 to10=0.00 min_d= 0.30 avg_spd=1.85m/s end=goal t= 4568.8s
[TRAIN][PPO] ep=241/500 r=  647.68 avg10=  630.79 steps=1532 succ10=0.90 touch10=0.90 col10=0.10 to10=0.00 min_d= 0.30 avg_spd=1.87m/s end=goal t= 4586.6s
[TRAIN][PPO] ep=242/500 r=  644.94 avg10=  628.64 steps=1536 succ10=0.90 touch10=0.90 col10=0.10 to10=0.00 min_d= 0.30 avg_spd=1.87m/s end=goal t= 4604.7s
[TRAIN][PPO] ep=243/500 r=  642.22 avg10=  651.42 steps=1555 succ10=1.00 touch10=1.00 col10=0.00 to10=0.00 min_d= 0.30 avg_spd=1.86m/s end=goal t= 4623.8s
[TRAIN][PPO] ep=244/500 r=  636.27 avg10=  649.55 steps=1536 succ10=1.00 touch10=1.00 col10=0.00 to10=0.00 min_d= 0.30 avg_spd=1.89m/s end=goal t= 4643.8s
[TRAIN][PPO] ep=245/500 r=  657.74 avg10=  649.70 steps=1570 succ10=1.00 touch10=1.00 col10=0.00 to10=0.00 min_d= 0.30 avg_spd=1.85m/s end=goal t= 4662.7s
[TRAIN][PPO] ep=246/500 r=  387.73 avg10=  623.22 steps=1403 succ10=0.90 touch10=0.90 col10=0.10 to10=0.00 min_d= 0.89 avg_spd=1.84m/s end=collision t= 4679.2s
[TRAIN][PPO] ep=247/500 r=  412.43 avg10=  598.80 steps=1428 succ10=0.80 touch10=0.80 col10=0.20 to10=0.00 min_d= 0.85 avg_spd=1.86m/s end=collision t= 4696.4s
[TRAIN][PPO] ep=248/500 r=  666.83 avg10=  600.55 steps=1643 succ10=0.80 touch10=0.80 col10=0.20 to10=0.00 min_d= 0.30 avg_spd=1.84m/s end=goal t= 4717.4s
[TRAIN][PPO] ep=249/500 r=  652.76 avg10=  600.64 steps=1638 succ10=0.80 touch10=0.80 col10=0.20 to10=0.00 min_d= 0.30 avg_spd=1.84m/s end=goal t= 4737.4s
[TRAIN][PPO] ep=250/500 r=  386.30 avg10=  573.49 steps=1409 succ10=0.70 touch10=0.70 col10=0.30 to10=0.00 min_d= 0.96 avg_spd=1.84m/s end=collision t= 4754.1s
[TRAIN][PPO] ep=251/500 r=  400.54 avg10=  548.78 steps=1364 succ10=0.60 touch10=0.60 col10=0.40 to10=0.00 min_d= 0.86 avg_spd=1.84m/s end=collision t= 4770.2s
[TRAIN][PPO] ep=252/500 r=  660.34 avg10=  550.32 steps=1575 succ10=0.60 touch10=0.60 col10=0.40 to10=0.00 min_d= 0.30 avg_spd=1.85m/s end=goal t= 4790.5s
[TRAIN][PPO] ep=253/500 r=  407.95 avg10=  526.89 steps=1392 succ10=0.50 touch10=0.50 col10=0.50 to10=0.00 min_d= 0.87 avg_spd=1.84m/s end=collision t= 4807.4s
[TRAIN][PPO] ep=254/500 r=  394.01 avg10=  502.66 steps=1404 succ10=0.40 touch10=0.40 col10=0.60 to10=0.00 min_d= 0.95 avg_spd=1.84m/s end=collision t= 4824.3s
[TRAIN][PPO] ep=255/500 r=  663.32 avg10=  503.22 steps=1597 succ10=0.40 touch10=0.40 col10=0.60 to10=0.00 min_d= 0.30 avg_spd=1.87m/s end=goal t= 4842.7s
[TRAIN][PPO] ep=256/500 r=  657.61 avg10=  530.21 steps=1579 succ10=0.50 touch10=0.50 col10=0.50 to10=0.00 min_d= 0.30 avg_spd=1.82m/s end=goal t= 4863.1s
[TRAIN][PPO] ep=257/500 r=  650.32 avg10=  554.00 steps=1549 succ10=0.60 touch10=0.60 col10=0.40 to10=0.00 min_d= 0.30 avg_spd=1.86m/s end=goal t= 4881.9s
[TRAIN][PPO] ep=258/500 r=  648.73 avg10=  552.19 steps=1582 succ10=0.60 touch10=0.60 col10=0.40 to10=0.00 min_d= 0.30 avg_spd=1.85m/s end=goal t= 4901.2s
[TRAIN][PPO] ep=259/500 r=  417.17 avg10=  528.63 steps=1384 succ10=0.50 touch10=0.50 col10=0.50 to10=0.00 min_d= 0.85 avg_spd=1.86m/s end=collision t= 4917.9s
[TRAIN][PPO] ep=260/500 r=  649.89 avg10=  554.99 steps=1616 succ10=0.60 touch10=0.60 col10=0.40 to10=0.00 min_d= 0.30 avg_spd=1.86m/s end=goal t= 4938.8s
[TRAIN][PPO] ep=261/500 r=  651.72 avg10=  580.11 steps=1567 succ10=0.70 touch10=0.70 col10=0.30 to10=0.00 min_d= 0.30 avg_spd=1.83m/s end=goal t= 4958.0s
[TRAIN][PPO] ep=262/500 r=  646.86 avg10=  578.76 steps=1567 succ10=0.70 touch10=0.70 col10=0.30 to10=0.00 min_d= 0.30 avg_spd=1.85m/s end=goal t= 4976.6s
[TRAIN][PPO] ep=263/500 r=  646.63 avg10=  602.63 steps=1549 succ10=0.80 touch10=0.80 col10=0.20 to10=0.00 min_d= 0.30 avg_spd=1.86m/s end=goal t= 4995.1s
[TRAIN][PPO] ep=264/500 r=  657.45 avg10=  628.97 steps=1611 succ10=0.90 touch10=0.90 col10=0.10 to10=0.00 min_d= 0.30 avg_spd=1.85m/s end=goal t= 5015.6s
[TRAIN][PPO] ep=265/500 r=  639.21 avg10=  626.56 steps=1571 succ10=0.90 touch10=0.90 col10=0.10 to10=0.00 min_d= 0.30 avg_spd=1.87m/s end=goal t= 5034.6s
[TRAIN][PPO] ep=266/500 r=  656.49 avg10=  626.45 steps=1615 succ10=0.90 touch10=0.90 col10=0.10 to10=0.00 min_d= 0.30 avg_spd=1.84m/s end=goal t= 5053.9s
[TRAIN][PPO] ep=267/500 r=  657.19 avg10=  627.13 steps=1601 succ10=0.90 touch10=0.90 col10=0.10 to10=0.00 min_d= 0.30 avg_spd=1.87m/s end=goal t= 5073.4s
[TRAIN][PPO] ep=268/500 r=  652.87 avg10=  627.55 steps=1592 succ10=0.90 touch10=0.90 col10=0.10 to10=0.00 min_d= 0.30 avg_spd=1.86m/s end=goal t= 5094.3s
[TRAIN][PPO] ep=269/500 r=  645.91 avg10=  650.42 steps=1542 succ10=1.00 touch10=1.00 col10=0.00 to10=0.00 min_d= 0.30 avg_spd=1.88m/s end=goal t= 5112.9s
[TRAIN][PPO] ep=270/500 r=  653.10 avg10=  650.74 steps=1631 succ10=1.00 touch10=1.00 col10=0.00 to10=0.00 min_d= 0.30 avg_spd=1.88m/s end=goal t= 5132.8s
[TRAIN][PPO] ep=271/500 r=  653.74 avg10=  650.95 steps=1607 succ10=1.00 touch10=1.00 col10=0.00 to10=0.00 min_d= 0.30 avg_spd=1.86m/s end=goal t= 5152.0s
[TRAIN][PPO] ep=272/500 r=  656.58 avg10=  651.92 steps=1562 succ10=1.00 touch10=1.00 col10=0.00 to10=0.00 min_d= 0.30 avg_spd=1.87m/s end=goal t= 5171.7s
[TRAIN][PPO] ep=273/500 r=  660.24 avg10=  653.28 steps=1585 succ10=1.00 touch10=1.00 col10=0.00 to10=0.00 min_d= 0.30 avg_spd=1.82m/s end=goal t= 5191.1s
[TRAIN][PPO] ep=274/500 r=  647.57 avg10=  652.29 steps=1556 succ10=1.00 touch10=1.00 col10=0.00 to10=0.00 min_d= 0.30 avg_spd=1.87m/s end=goal t= 5210.0s
[TRAIN][PPO] ep=275/500 r=  411.71 avg10=  629.54 steps=1441 succ10=0.90 touch10=0.90 col10=0.10 to10=0.00 min_d= 0.85 avg_spd=1.83m/s end=collision t= 5227.8s
[TRAIN][PPO] ep=276/500 r=  662.49 avg10=  630.14 steps=1582 succ10=0.90 touch10=0.90 col10=0.10 to10=0.00 min_d= 0.30 avg_spd=1.82m/s end=goal t= 5249.5s
[TRAIN][PPO] ep=277/500 r=  402.23 avg10=  604.64 steps=1382 succ10=0.80 touch10=0.80 col10=0.20 to10=0.00 min_d= 0.90 avg_spd=1.83m/s end=collision t= 5266.0s
[TRAIN][PPO] ep=278/500 r=  654.06 avg10=  604.76 steps=1645 succ10=0.80 touch10=0.80 col10=0.20 to10=0.00 min_d= 0.30 avg_spd=1.83m/s end=goal t= 5285.7s
[TRAIN][PPO] ep=279/500 r=  653.01 avg10=  605.47 steps=1576 succ10=0.80 touch10=0.80 col10=0.20 to10=0.00 min_d= 0.30 avg_spd=1.86m/s end=goal t= 5304.3s
[TRAIN][PPO] ep=280/500 r=  407.93 avg10=  580.96 steps=1384 succ10=0.70 touch10=0.70 col10=0.30 to10=0.00 min_d= 0.91 avg_spd=1.86m/s end=collision t= 5323.0s
[TRAIN][PPO] ep=281/500 r=  644.05 avg10=  579.99 steps=1609 succ10=0.70 touch10=0.70 col10=0.30 to10=0.00 min_d= 0.30 avg_spd=1.84m/s end=goal t= 5341.6s
[TRAIN][PPO] ep=282/500 r=  651.71 avg10=  579.50 steps=1538 succ10=0.70 touch10=0.70 col10=0.30 to10=0.00 min_d= 0.30 avg_spd=1.87m/s end=goal t= 5359.5s
[TRAIN][PPO] ep=283/500 r=  658.91 avg10=  579.37 steps=1586 succ10=0.70 touch10=0.70 col10=0.30 to10=0.00 min_d= 0.30 avg_spd=1.86m/s end=goal t= 5377.9s
[TRAIN][PPO] ep=284/500 r=  396.35 avg10=  554.24 steps=1362 succ10=0.60 touch10=0.60 col10=0.40 to10=0.00 min_d= 0.93 avg_spd=1.84m/s end=collision t= 5395.0s
[TRAIN][PPO] ep=285/500 r=  644.48 avg10=  577.52 steps=1521 succ10=0.70 touch10=0.70 col10=0.30 to10=0.00 min_d= 0.30 avg_spd=1.86m/s end=goal t= 5412.6s
[TRAIN][PPO] ep=286/500 r=  660.90 avg10=  577.36 steps=1571 succ10=0.70 touch10=0.70 col10=0.30 to10=0.00 min_d= 0.30 avg_spd=1.87m/s end=goal t= 5430.6s
[TRAIN][PPO] ep=287/500 r=  653.90 avg10=  602.53 steps=1563 succ10=0.80 touch10=0.80 col10=0.20 to10=0.00 min_d= 0.30 avg_spd=1.87m/s end=goal t= 5448.4s
[TRAIN][PPO] ep=288/500 r=  650.99 avg10=  602.22 steps=1541 succ10=0.80 touch10=0.80 col10=0.20 to10=0.00 min_d= 0.30 avg_spd=1.85m/s end=goal t= 5467.5s
[TRAIN][PPO] ep=289/500 r=  631.48 avg10=  600.07 steps=1588 succ10=0.80 touch10=0.80 col10=0.20 to10=0.00 min_d= 0.30 avg_spd=1.88m/s end=goal t= 5486.6s
[TRAIN][PPO] ep=290/500 r=  669.70 avg10=  626.25 steps=1615 succ10=0.90 touch10=0.90 col10=0.10 to10=0.00 min_d= 0.30 avg_spd=1.84m/s end=goal t= 5505.3s
[TRAIN][PPO] ep=291/500 r=  405.62 avg10=  602.40 steps=1425 succ10=0.80 touch10=0.80 col10=0.20 to10=0.00 min_d= 0.88 avg_spd=1.86m/s end=collision t= 5522.3s
[TRAIN][PPO] ep=292/500 r=  657.64 avg10=  603.00 steps=1596 succ10=0.80 touch10=0.80 col10=0.20 to10=0.00 min_d= 0.30 avg_spd=1.86m/s end=goal t= 5543.1s
[TRAIN][PPO] ep=293/500 r=  411.51 avg10=  578.26 steps=1355 succ10=0.70 touch10=0.70 col10=0.30 to10=0.00 min_d= 0.83 avg_spd=1.86m/s end=collision t= 5559.4s
[TRAIN][PPO] ep=294/500 r=  648.04 avg10=  603.43 steps=1590 succ10=0.80 touch10=0.80 col10=0.20 to10=0.00 min_d= 0.30 avg_spd=1.85m/s end=goal t= 5578.0s
[TRAIN][PPO] ep=295/500 r=  378.39 avg10=  576.82 steps=1415 succ10=0.70 touch10=0.70 col10=0.30 to10=0.00 min_d= 0.96 avg_spd=1.86m/s end=collision t= 5594.8s
[TRAIN][PPO] ep=296/500 r=  397.05 avg10=  550.43 steps=1347 succ10=0.60 touch10=0.60 col10=0.40 to10=0.00 min_d= 0.88 avg_spd=1.87m/s end=collision t= 5612.6s
[TRAIN][PPO] ep=297/500 r=  411.76 avg10=  526.22 steps=1346 succ10=0.50 touch10=0.50 col10=0.50 to10=0.00 min_d= 0.85 avg_spd=1.87m/s end=collision t= 5628.5s
[TRAIN][PPO] ep=298/500 r=  642.79 avg10=  525.40 steps=1538 succ10=0.50 touch10=0.50 col10=0.50 to10=0.00 min_d= 0.30 avg_spd=1.86m/s end=goal t= 5646.8s
[TRAIN][PPO] ep=299/500 r=  650.40 avg10=  527.29 steps=1556 succ10=0.50 touch10=0.50 col10=0.50 to10=0.00 min_d= 0.30 avg_spd=1.87m/s end=goal t= 5665.1s
[TRAIN][PPO] ep=300/500 r=  379.36 avg10=  498.26 steps=1415 succ10=0.40 touch10=0.40 col10=0.60 to10=0.00 min_d= 0.99 avg_spd=1.86m/s end=collision t= 5683.2s ckpt=latest
[TRAIN][PPO] ep=301/500 r=  647.16 avg10=  522.41 steps=1541 succ10=0.50 touch10=0.50 col10=0.50 to10=0.00 min_d= 0.30 avg_spd=1.85m/s end=goal t= 5701.3s
[TRAIN][PPO] ep=302/500 r=  643.83 avg10=  521.03 steps=1519 succ10=0.50 touch10=0.50 col10=0.50 to10=0.00 min_d= 0.30 avg_spd=1.87m/s end=goal t= 5719.0s
[TRAIN][PPO] ep=303/500 r=  422.30 avg10=  522.11 steps=1410 succ10=0.50 touch10=0.50 col10=0.50 to10=0.00 min_d= 0.84 avg_spd=1.86m/s end=collision t= 5734.6s
[TRAIN][PPO] ep=304/500 r=  654.37 avg10=  522.74 steps=1581 succ10=0.50 touch10=0.50 col10=0.50 to10=0.00 min_d= 0.30 avg_spd=1.85m/s end=goal t= 5755.2s
[TRAIN][PPO] ep=305/500 r=  648.05 avg10=  549.71 steps=1622 succ10=0.60 touch10=0.60 col10=0.40 to10=0.00 min_d= 0.30 avg_spd=1.86m/s end=goal t= 5774.0s
[TRAIN][PPO] ep=306/500 r=  399.50 avg10=  549.95 steps=1373 succ10=0.60 touch10=0.60 col10=0.40 to10=0.00 min_d= 0.90 avg_spd=1.86m/s end=collision t= 5790.1s
[TRAIN][PPO] ep=307/500 r=  657.86 avg10=  574.56 steps=1605 succ10=0.70 touch10=0.70 col10=0.30 to10=0.00 min_d= 0.30 avg_spd=1.85m/s end=goal t= 5808.9s
[TRAIN][PPO] ep=308/500 r=  647.74 avg10=  575.06 steps=1572 succ10=0.70 touch10=0.70 col10=0.30 to10=0.00 min_d= 0.30 avg_spd=1.88m/s end=goal t= 5830.4s
[TRAIN][PPO] ep=309/500 r=  655.49 avg10=  575.57 steps=1582 succ10=0.70 touch10=0.70 col10=0.30 to10=0.00 min_d= 0.30 avg_spd=1.85m/s end=goal t= 5849.2s
[TRAIN][PPO] ep=310/500 r=  649.75 avg10=  602.61 steps=1655 succ10=0.80 touch10=0.80 col10=0.20 to10=0.00 min_d= 0.30 avg_spd=1.87m/s end=goal t= 5869.0s
[TRAIN][PPO] ep=311/500 r=  663.23 avg10=  604.21 steps=1626 succ10=0.80 touch10=0.80 col10=0.20 to10=0.00 min_d= 0.30 avg_spd=1.83m/s end=goal t= 5888.0s
[TRAIN][PPO] ep=312/500 r=  662.89 avg10=  606.12 steps=1604 succ10=0.80 touch10=0.80 col10=0.20 to10=0.00 min_d= 0.30 avg_spd=1.86m/s end=goal t= 5908.7s
[TRAIN][PPO] ep=313/500 r=  640.31 avg10=  627.92 steps=1561 succ10=0.90 touch10=0.90 col10=0.10 to10=0.00 min_d= 0.30 avg_spd=1.87m/s end=goal t= 5927.0s
[TRAIN][PPO] ep=314/500 r=  651.45 avg10=  627.63 steps=1557 succ10=0.90 touch10=0.90 col10=0.10 to10=0.00 min_d= 0.30 avg_spd=1.88m/s end=goal t= 5945.0s
[TRAIN][PPO] ep=315/500 r=  644.48 avg10=  627.27 steps=1545 succ10=0.90 touch10=0.90 col10=0.10 to10=0.00 min_d= 0.30 avg_spd=1.87m/s end=goal t= 5962.5s
[TRAIN][PPO] ep=316/500 r=  662.74 avg10=  653.59 steps=1593 succ10=1.00 touch10=1.00 col10=0.00 to10=0.00 min_d= 0.30 avg_spd=1.87m/s end=goal t= 5982.5s
[TRAIN][PPO] ep=317/500 r=  642.29 avg10=  652.04 steps=1575 succ10=1.00 touch10=1.00 col10=0.00 to10=0.00 min_d= 0.30 avg_spd=1.87m/s end=goal t= 6001.0s
[TRAIN][PPO] ep=318/500 r=  669.57 avg10=  654.22 steps=1596 succ10=1.00 touch10=1.00 col10=0.00 to10=0.00 min_d= 0.30 avg_spd=1.85m/s end=goal t= 6019.6s
[TRAIN][PPO] ep=319/500 r=  660.53 avg10=  654.72 steps=1568 succ10=1.00 touch10=1.00 col10=0.00 to10=0.00 min_d= 0.30 avg_spd=1.85m/s end=goal t= 6036.9s
[TRAIN][PPO] ep=320/500 r=  645.85 avg10=  654.33 steps=1530 succ10=1.00 touch10=1.00 col10=0.00 to10=0.00 min_d= 0.30 avg_spd=1.86m/s end=goal t= 6055.8s
[TRAIN][PPO] ep=321/500 r=  412.04 avg10=  629.21 steps=1376 succ10=0.90 touch10=0.90 col10=0.10 to10=0.00 min_d= 0.74 avg_spd=1.88m/s end=collision t= 6071.5s
[TRAIN][PPO] ep=322/500 r=  646.22 avg10=  627.55 steps=1568 succ10=0.90 touch10=0.90 col10=0.10 to10=0.00 min_d= 0.30 avg_spd=1.88m/s end=goal t= 6089.2s
[TRAIN][PPO] ep=323/500 r=  649.34 avg10=  628.45 steps=1569 succ10=0.90 touch10=0.90 col10=0.10 to10=0.00 min_d= 0.30 avg_spd=1.88m/s end=goal t= 6106.9s
[TRAIN][PPO] ep=324/500 r=  650.55 avg10=  628.36 steps=1553 succ10=0.90 touch10=0.90 col10=0.10 to10=0.00 min_d= 0.30 avg_spd=1.88m/s end=goal t= 6126.8s
[TRAIN][PPO] ep=325/500 r=  652.72 avg10=  629.18 steps=1571 succ10=0.90 touch10=0.90 col10=0.10 to10=0.00 min_d= 0.30 avg_spd=1.88m/s end=goal t= 6144.4s
[TRAIN][PPO] ep=326/500 r=  649.06 avg10=  627.82 steps=1578 succ10=0.90 touch10=0.90 col10=0.10 to10=0.00 min_d= 0.30 avg_spd=1.89m/s end=goal t= 6162.6s
[TRAIN][PPO] ep=327/500 r=  659.59 avg10=  629.55 steps=1579 succ10=0.90 touch10=0.90 col10=0.10 to10=0.00 min_d= 0.30 avg_spd=1.88m/s end=goal t= 6180.7s
[TRAIN][PPO] ep=328/500 r=  652.50 avg10=  627.84 steps=1544 succ10=0.90 touch10=0.90 col10=0.10 to10=0.00 min_d= 0.30 avg_spd=1.88m/s end=goal t= 6199.6s
[TRAIN][PPO] ep=329/500 r=  653.15 avg10=  627.10 steps=1575 succ10=0.90 touch10=0.90 col10=0.10 to10=0.00 min_d= 0.30 avg_spd=1.90m/s end=goal t= 6217.5s
[TRAIN][PPO] ep=330/500 r=  632.10 avg10=  625.73 steps=1511 succ10=0.90 touch10=0.90 col10=0.10 to10=0.00 min_d= 0.30 avg_spd=1.92m/s end=goal t= 6234.7s
[TRAIN][PPO] ep=331/500 r=  636.13 avg10=  648.14 steps=1598 succ10=1.00 touch10=1.00 col10=0.00 to10=0.00 min_d= 0.30 avg_spd=1.90m/s end=goal t= 6252.9s
[TRAIN][PPO] ep=332/500 r=  646.22 avg10=  648.13 steps=1568 succ10=1.00 touch10=1.00 col10=0.00 to10=0.00 min_d= 0.30 avg_spd=1.90m/s end=goal t= 6272.1s
[TRAIN][PPO] ep=333/500 r=  643.60 avg10=  647.56 steps=1539 succ10=1.00 touch10=1.00 col10=0.00 to10=0.00 min_d= 0.30 avg_spd=1.88m/s end=goal t= 6289.7s
[TRAIN][PPO] ep=334/500 r=  637.92 avg10=  646.30 steps=1501 succ10=1.00 touch10=1.00 col10=0.00 to10=0.00 min_d= 0.30 avg_spd=1.91m/s end=goal t= 6307.0s
[TRAIN][PPO] ep=335/500 r=  646.73 avg10=  645.70 steps=1557 succ10=1.00 touch10=1.00 col10=0.00 to10=0.00 min_d= 0.30 avg_spd=1.91m/s end=goal t= 6324.7s
[TRAIN][PPO] ep=336/500 r=  656.43 avg10=  646.44 steps=1563 succ10=1.00 touch10=1.00 col10=0.00 to10=0.00 min_d= 0.30 avg_spd=1.90m/s end=goal t= 6344.8s
[TRAIN][PPO] ep=337/500 r=  642.79 avg10=  644.76 steps=1584 succ10=1.00 touch10=1.00 col10=0.00 to10=0.00 min_d= 0.30 avg_spd=1.89m/s end=goal t= 6363.1s
[TRAIN][PPO] ep=338/500 r=  412.20 avg10=  620.73 steps=1364 succ10=0.90 touch10=0.90 col10=0.10 to10=0.00 min_d= 0.87 avg_spd=1.89m/s end=collision t= 6378.6s
[TRAIN][PPO] ep=339/500 r=  642.36 avg10=  619.65 steps=1544 succ10=0.90 touch10=0.90 col10=0.10 to10=0.00 min_d= 0.30 avg_spd=1.92m/s end=goal t= 6396.3s
[TRAIN][PPO] ep=340/500 r=  644.25 avg10=  620.86 steps=1563 succ10=0.90 touch10=0.90 col10=0.10 to10=0.00 min_d= 0.30 avg_spd=1.89m/s end=goal t= 6418.5s
[TRAIN][PPO] ep=341/500 r=  625.32 avg10=  619.78 steps=1567 succ10=0.90 touch10=0.90 col10=0.10 to10=0.00 min_d= 0.30 avg_spd=1.90m/s end=goal t= 6436.4s
[TRAIN][PPO] ep=342/500 r=  632.87 avg10=  618.45 steps=1506 succ10=0.90 touch10=0.90 col10=0.10 to10=0.00 min_d= 0.30 avg_spd=1.91m/s end=goal t= 6453.9s
[TRAIN][PPO] ep=343/500 r=  627.68 avg10=  616.85 steps=1494 succ10=0.90 touch10=0.90 col10=0.10 to10=0.00 min_d= 0.30 avg_spd=1.92m/s end=goal t= 6471.2s
[TRAIN][PPO] ep=344/500 r=  653.67 avg10=  618.43 steps=1565 succ10=0.90 touch10=0.90 col10=0.10 to10=0.00 min_d= 0.30 avg_spd=1.90m/s end=goal t= 6490.7s
[TRAIN][PPO] ep=345/500 r=  400.62 avg10=  593.82 steps=1364 succ10=0.80 touch10=0.80 col10=0.20 to10=0.00 min_d= 0.89 avg_spd=1.91m/s end=collision t= 6506.9s
[TRAIN][PPO] ep=346/500 r=  631.31 avg10=  591.31 steps=1563 succ10=0.80 touch10=0.80 col10=0.20 to10=0.00 min_d= 0.30 avg_spd=1.89m/s end=goal t= 6524.9s
[TRAIN][PPO] ep=347/500 r=  641.64 avg10=  591.19 steps=1555 succ10=0.80 touch10=0.80 col10=0.20 to10=0.00 min_d= 0.30 avg_spd=1.90m/s end=goal t= 6543.0s
[TRAIN][PPO] ep=348/500 r=  632.23 avg10=  613.19 steps=1538 succ10=0.90 touch10=0.90 col10=0.10 to10=0.00 min_d= 0.30 avg_spd=1.89m/s end=goal t= 6562.1s
[TRAIN][PPO] ep=349/500 r=  646.76 avg10=  613.63 steps=1529 succ10=0.90 touch10=0.90 col10=0.10 to10=0.00 min_d= 0.30 avg_spd=1.91m/s end=goal t= 6579.0s
[TRAIN][PPO] ep=350/500 r=  657.33 avg10=  614.94 steps=1562 succ10=0.90 touch10=0.90 col10=0.10 to10=0.00 min_d= 0.30 avg_spd=1.88m/s end=goal t= 6596.8s
[TRAIN][PPO] ep=351/500 r=  656.76 avg10=  618.09 steps=1575 succ10=0.90 touch10=0.90 col10=0.10 to10=0.00 min_d= 0.30 avg_spd=1.88m/s end=goal t= 6615.7s
[TRAIN][PPO] ep=352/500 r=  634.07 avg10=  618.21 steps=1530 succ10=0.90 touch10=0.90 col10=0.10 to10=0.00 min_d= 0.30 avg_spd=1.92m/s end=goal t= 6636.1s
[TRAIN][PPO] ep=353/500 r=  631.47 avg10=  618.59 steps=1573 succ10=0.90 touch10=0.90 col10=0.10 to10=0.00 min_d= 0.30 avg_spd=1.90m/s end=goal t= 6654.5s
[TRAIN][PPO] ep=354/500 r=  648.87 avg10=  618.11 steps=1564 succ10=0.90 touch10=0.90 col10=0.10 to10=0.00 min_d= 0.30 avg_spd=1.91m/s end=goal t= 6673.1s
[TRAIN][PPO] ep=355/500 r=  632.54 avg10=  641.30 steps=1534 succ10=1.00 touch10=1.00 col10=0.00 to10=0.00 min_d= 0.30 avg_spd=1.93m/s end=goal t= 6690.8s
[TRAIN][PPO] ep=356/500 r=  625.18 avg10=  640.68 steps=1558 succ10=1.00 touch10=1.00 col10=0.00 to10=0.00 min_d= 0.30 avg_spd=1.90m/s end=goal t= 6712.0s
[TRAIN][PPO] ep=357/500 r=  637.33 avg10=  640.25 steps=1532 succ10=1.00 touch10=1.00 col10=0.00 to10=0.00 min_d= 0.30 avg_spd=1.89m/s end=goal t= 6729.8s
[TRAIN][PPO] ep=358/500 r=  627.59 avg10=  639.79 steps=1491 succ10=1.00 touch10=1.00 col10=0.00 to10=0.00 min_d= 0.30 avg_spd=1.93m/s end=goal t= 6747.1s
[TRAIN][PPO] ep=359/500 r=  645.94 avg10=  639.71 steps=1546 succ10=1.00 touch10=1.00 col10=0.00 to10=0.00 min_d= 0.30 avg_spd=1.89m/s end=goal t= 6765.0s
[TRAIN][PPO] ep=360/500 r=  655.13 avg10=  639.49 steps=1561 succ10=1.00 touch10=1.00 col10=0.00 to10=0.00 min_d= 0.30 avg_spd=1.88m/s end=goal t= 6784.9s
[TRAIN][PPO] ep=361/500 r=  656.36 avg10=  639.45 steps=1560 succ10=1.00 touch10=1.00 col10=0.00 to10=0.00 min_d= 0.30 avg_spd=1.89m/s end=goal t= 6803.1s
[TRAIN][PPO] ep=362/500 r=  641.96 avg10=  640.24 steps=1572 succ10=1.00 touch10=1.00 col10=0.00 to10=0.00 min_d= 0.30 avg_spd=1.91m/s end=goal t= 6822.3s
[TRAIN][PPO] ep=363/500 r=  639.52 avg10=  641.04 steps=1560 succ10=1.00 touch10=1.00 col10=0.00 to10=0.00 min_d= 0.30 avg_spd=1.87m/s end=goal t= 6841.5s
[TRAIN][PPO] ep=364/500 r=  650.81 avg10=  641.23 steps=1539 succ10=1.00 touch10=1.00 col10=0.00 to10=0.00 min_d= 0.30 avg_spd=1.89m/s end=goal t= 6861.0s
[TRAIN][PPO] ep=365/500 r=  648.95 avg10=  642.88 steps=1545 succ10=1.00 touch10=1.00 col10=0.00 to10=0.00 min_d= 0.30 avg_spd=1.87m/s end=goal t= 6879.2s
[TRAIN][PPO] ep=366/500 r=  636.92 avg10=  644.05 steps=1522 succ10=1.00 touch10=1.00 col10=0.00 to10=0.00 min_d= 0.30 avg_spd=1.89m/s end=goal t= 6897.2s
[TRAIN][PPO] ep=367/500 r=  643.91 avg10=  644.71 steps=1521 succ10=1.00 touch10=1.00 col10=0.00 to10=0.00 min_d= 0.30 avg_spd=1.89m/s end=goal t= 6915.1s
[TRAIN][PPO] ep=368/500 r=  640.97 avg10=  646.05 steps=1528 succ10=1.00 touch10=1.00 col10=0.00 to10=0.00 min_d= 0.30 avg_spd=1.88m/s end=goal t= 6934.5s
[TRAIN][PPO] ep=369/500 r=  647.65 avg10=  646.22 steps=1576 succ10=1.00 touch10=1.00 col10=0.00 to10=0.00 min_d= 0.30 avg_spd=1.86m/s end=goal t= 6952.4s
[TRAIN][PPO] ep=370/500 r=  654.36 avg10=  646.14 steps=1572 succ10=1.00 touch10=1.00 col10=0.00 to10=0.00 min_d= 0.30 avg_spd=1.87m/s end=goal t= 6970.2s
[TRAIN][PPO] ep=371/500 r=  656.52 avg10=  646.16 steps=1579 succ10=1.00 touch10=1.00 col10=0.00 to10=0.00 min_d= 0.30 avg_spd=1.86m/s end=goal t= 6988.1s
[TRAIN][PPO] ep=372/500 r=  656.41 avg10=  647.60 steps=1599 succ10=1.00 touch10=1.00 col10=0.00 to10=0.00 min_d= 0.30 avg_spd=1.88m/s end=goal t= 7007.8s
[TRAIN][PPO] ep=373/500 r=  668.11 avg10=  650.46 steps=1646 succ10=1.00 touch10=1.00 col10=0.00 to10=0.00 min_d= 0.30 avg_spd=1.84m/s end=goal t= 7026.7s
[TRAIN][PPO] ep=374/500 r=  639.78 avg10=  649.36 steps=1513 succ10=1.00 touch10=1.00 col10=0.00 to10=0.00 min_d= 0.30 avg_spd=1.88m/s end=goal t= 7044.0s
[TRAIN][PPO] ep=375/500 r=  645.08 avg10=  648.97 steps=1522 succ10=1.00 touch10=1.00 col10=0.00 to10=0.00 min_d= 0.30 avg_spd=1.86m/s end=goal t= 7061.8s
[TRAIN][PPO] ep=376/500 r=  645.70 avg10=  649.85 steps=1535 succ10=1.00 touch10=1.00 col10=0.00 to10=0.00 min_d= 0.30 avg_spd=1.89m/s end=goal t= 7082.1s
[TRAIN][PPO] ep=377/500 r=  656.87 avg10=  651.14 steps=1567 succ10=1.00 touch10=1.00 col10=0.00 to10=0.00 min_d= 0.30 avg_spd=1.87m/s end=goal t= 7100.4s
[TRAIN][PPO] ep=378/500 r=  646.96 avg10=  651.74 steps=1556 succ10=1.00 touch10=1.00 col10=0.00 to10=0.00 min_d= 0.30 avg_spd=1.87m/s end=goal t= 7118.5s
[TRAIN][PPO] ep=379/500 r=  644.58 avg10=  651.44 steps=1523 succ10=1.00 touch10=1.00 col10=0.00 to10=0.00 min_d= 0.30 avg_spd=1.88m/s end=goal t= 7136.1s
[TRAIN][PPO] ep=380/500 r=  663.94 avg10=  652.40 steps=1578 succ10=1.00 touch10=1.00 col10=0.00 to10=0.00 min_d= 0.30 avg_spd=1.86m/s end=goal t= 7155.9s
[TRAIN][PPO] ep=381/500 r=  658.75 avg10=  652.62 steps=1570 succ10=1.00 touch10=1.00 col10=0.00 to10=0.00 min_d= 0.30 avg_spd=1.84m/s end=goal t= 7173.9s
[TRAIN][PPO] ep=382/500 r=  655.11 avg10=  652.49 steps=1554 succ10=1.00 touch10=1.00 col10=0.00 to10=0.00 min_d= 0.30 avg_spd=1.85m/s end=goal t= 7191.6s
[TRAIN][PPO] ep=383/500 r=  671.82 avg10=  652.86 steps=1613 succ10=1.00 touch10=1.00 col10=0.00 to10=0.00 min_d= 0.30 avg_spd=1.83m/s end=goal t= 7209.9s
[TRAIN][PPO] ep=384/500 r=  640.94 avg10=  652.98 steps=1545 succ10=1.00 touch10=1.00 col10=0.00 to10=0.00 min_d= 0.30 avg_spd=1.87m/s end=goal t= 7229.2s
[TRAIN][PPO] ep=385/500 r=  658.21 avg10=  654.29 steps=1571 succ10=1.00 touch10=1.00 col10=0.00 to10=0.00 min_d= 0.30 avg_spd=1.86m/s end=goal t= 7247.4s
[TRAIN][PPO] ep=386/500 r=  660.18 avg10=  655.74 steps=1566 succ10=1.00 touch10=1.00 col10=0.00 to10=0.00 min_d= 0.30 avg_spd=1.84m/s end=goal t= 7265.0s
[TRAIN][PPO] ep=387/500 r=  657.82 avg10=  655.83 steps=1567 succ10=1.00 touch10=1.00 col10=0.00 to10=0.00 min_d= 0.30 avg_spd=1.88m/s end=goal t= 7282.4s
[TRAIN][PPO] ep=388/500 r=  659.38 avg10=  657.07 steps=1562 succ10=1.00 touch10=1.00 col10=0.00 to10=0.00 min_d= 0.30 avg_spd=1.88m/s end=goal t= 7302.9s
[TRAIN][PPO] ep=389/500 r=  649.07 avg10=  657.52 steps=1570 succ10=1.00 touch10=1.00 col10=0.00 to10=0.00 min_d= 0.30 avg_spd=1.86m/s end=goal t= 7321.4s
[TRAIN][PPO] ep=390/500 r=  654.81 avg10=  656.61 steps=1567 succ10=1.00 touch10=1.00 col10=0.00 to10=0.00 min_d= 0.30 avg_spd=1.88m/s end=goal t= 7340.0s
[TRAIN][PPO] ep=391/500 r=  660.56 avg10=  656.79 steps=1567 succ10=1.00 touch10=1.00 col10=0.00 to10=0.00 min_d= 0.30 avg_spd=1.89m/s end=goal t= 7358.5s
[TRAIN][PPO] ep=392/500 r=  650.37 avg10=  656.32 steps=1537 succ10=1.00 touch10=1.00 col10=0.00 to10=0.00 min_d= 0.30 avg_spd=1.90m/s end=goal t= 7377.9s
[TRAIN][PPO] ep=393/500 r=  643.73 avg10=  653.51 steps=1525 succ10=1.00 touch10=1.00 col10=0.00 to10=0.00 min_d= 0.30 avg_spd=1.88m/s end=goal t= 7395.7s
[TRAIN][PPO] ep=394/500 r=  659.84 avg10=  655.40 steps=1580 succ10=1.00 touch10=1.00 col10=0.00 to10=0.00 min_d= 0.30 avg_spd=1.87m/s end=goal t= 7413.9s
[TRAIN][PPO] ep=395/500 r=  653.95 avg10=  654.97 steps=1567 succ10=1.00 touch10=1.00 col10=0.00 to10=0.00 min_d= 0.30 avg_spd=1.88m/s end=goal t= 7431.9s
[TRAIN][PPO] ep=396/500 r=  652.82 avg10=  654.24 steps=1569 succ10=1.00 touch10=1.00 col10=0.00 to10=0.00 min_d= 0.30 avg_spd=1.88m/s end=goal t= 7451.4s
[TRAIN][PPO] ep=397/500 r=  658.56 avg10=  654.31 steps=1575 succ10=1.00 touch10=1.00 col10=0.00 to10=0.00 min_d= 0.30 avg_spd=1.88m/s end=goal t= 7469.5s
[TRAIN][PPO] ep=398/500 r=  640.62 avg10=  652.43 steps=1511 succ10=1.00 touch10=1.00 col10=0.00 to10=0.00 min_d= 0.30 avg_spd=1.89m/s end=goal t= 7486.5s
[TRAIN][PPO] ep=399/500 r=  658.42 avg10=  653.37 steps=1578 succ10=1.00 touch10=1.00 col10=0.00 to10=0.00 min_d= 0.30 avg_spd=1.88m/s end=goal t= 7504.7s
[TRAIN][PPO] ep=400/500 r=  649.53 avg10=  652.84 steps=1556 succ10=1.00 touch10=1.00 col10=0.00 to10=0.00 min_d= 0.30 avg_spd=1.85m/s end=goal t= 7524.5s ckpt=latest
[TRAIN][PPO] ep=401/500 r=  646.96 avg10=  651.48 steps=1526 succ10=1.00 touch10=1.00 col10=0.00 to10=0.00 min_d= 0.30 avg_spd=1.89m/s end=goal t= 7541.6s
[TRAIN][PPO] ep=402/500 r=  654.23 avg10=  651.87 steps=1550 succ10=1.00 touch10=1.00 col10=0.00 to10=0.00 min_d= 0.30 avg_spd=1.88m/s end=goal t= 7559.2s
[TRAIN][PPO] ep=403/500 r=  635.17 avg10=  651.01 steps=1509 succ10=1.00 touch10=1.00 col10=0.00 to10=0.00 min_d= 0.30 avg_spd=1.89m/s end=goal t= 7576.6s
[TRAIN][PPO] ep=404/500 r=  654.38 avg10=  650.46 steps=1581 succ10=1.00 touch10=1.00 col10=0.00 to10=0.00 min_d= 0.30 avg_spd=1.89m/s end=goal t= 7596.3s
[TRAIN][PPO] ep=405/500 r=  643.69 avg10=  649.44 steps=1554 succ10=1.00 touch10=1.00 col10=0.00 to10=0.00 min_d= 0.30 avg_spd=1.88m/s end=goal t= 7614.9s
[TRAIN][PPO] ep=406/500 r=  634.40 avg10=  647.60 steps=1504 succ10=1.00 touch10=1.00 col10=0.00 to10=0.00 min_d= 0.30 avg_spd=1.90m/s end=goal t= 7632.4s
[TRAIN][PPO] ep=407/500 r=  646.69 avg10=  646.41 steps=1537 succ10=1.00 touch10=1.00 col10=0.00 to10=0.00 min_d= 0.30 avg_spd=1.90m/s end=goal t= 7650.0s
[TRAIN][PPO] ep=408/500 r=  645.66 avg10=  646.91 steps=1531 succ10=1.00 touch10=1.00 col10=0.00 to10=0.00 min_d= 0.30 avg_spd=1.90m/s end=goal t= 7669.0s
[TRAIN][PPO] ep=409/500 r=  630.74 avg10=  644.14 steps=1491 succ10=1.00 touch10=1.00 col10=0.00 to10=0.00 min_d= 0.30 avg_spd=1.92m/s end=goal t= 7685.5s
[TRAIN][PPO] ep=410/500 r=  651.71 avg10=  644.36 steps=1542 succ10=1.00 touch10=1.00 col10=0.00 to10=0.00 min_d= 0.30 avg_spd=1.90m/s end=goal t= 7703.6s
[TRAIN][PPO] ep=411/500 r=  634.20 avg10=  643.09 steps=1500 succ10=1.00 touch10=1.00 col10=0.00 to10=0.00 min_d= 0.30 avg_spd=1.90m/s end=goal t= 7720.9s
[TRAIN][PPO] ep=412/500 r=  632.07 avg10=  640.87 steps=1490 succ10=1.00 touch10=1.00 col10=0.00 to10=0.00 min_d= 0.30 avg_spd=1.91m/s end=goal t= 7739.5s
[TRAIN][PPO] ep=413/500 r=  650.80 avg10=  642.43 steps=1556 succ10=1.00 touch10=1.00 col10=0.00 to10=0.00 min_d= 0.30 avg_spd=1.92m/s end=goal t= 7757.6s
[TRAIN][PPO] ep=414/500 r=  648.24 avg10=  641.82 steps=1556 succ10=1.00 touch10=1.00 col10=0.00 to10=0.00 min_d= 0.30 avg_spd=1.90m/s end=goal t= 7775.9s
[TRAIN][PPO] ep=415/500 r=  632.68 avg10=  640.72 steps=1494 succ10=1.00 touch10=1.00 col10=0.00 to10=0.00 min_d= 0.30 avg_spd=1.93m/s end=goal t= 7792.7s
[TRAIN][PPO] ep=416/500 r=  637.10 avg10=  640.99 steps=1529 succ10=1.00 touch10=1.00 col10=0.00 to10=0.00 min_d= 0.30 avg_spd=1.92m/s end=goal t= 7812.2s
[TRAIN][PPO] ep=417/500 r=  629.73 avg10=  639.29 steps=1502 succ10=1.00 touch10=1.00 col10=0.00 to10=0.00 min_d= 0.30 avg_spd=1.92m/s end=goal t= 7828.8s
[TRAIN][PPO] ep=418/500 r=  644.81 avg10=  639.21 steps=1590 succ10=1.00 touch10=1.00 col10=0.00 to10=0.00 min_d= 0.30 avg_spd=1.89m/s end=goal t= 7846.7s
[TRAIN][PPO] ep=419/500 r=  639.77 avg10=  640.11 steps=1577 succ10=1.00 touch10=1.00 col10=0.00 to10=0.00 min_d= 0.30 avg_spd=1.91m/s end=goal t= 7864.8s
[TRAIN][PPO] ep=420/500 r=  646.99 avg10=  639.64 steps=1540 succ10=1.00 touch10=1.00 col10=0.00 to10=0.00 min_d= 0.30 avg_spd=1.92m/s end=goal t= 7883.7s
[TRAIN][PPO] ep=421/500 r=  644.19 avg10=  640.64 steps=1527 succ10=1.00 touch10=1.00 col10=0.00 to10=0.00 min_d= 0.30 avg_spd=1.90m/s end=goal t= 7900.9s
[TRAIN][PPO] ep=422/500 r=  634.99 avg10=  640.93 steps=1563 succ10=1.00 touch10=1.00 col10=0.00 to10=0.00 min_d= 0.30 avg_spd=1.90m/s end=goal t= 7918.7s
[TRAIN][PPO] ep=423/500 r=  636.40 avg10=  639.49 steps=1507 succ10=1.00 touch10=1.00 col10=0.00 to10=0.00 min_d= 0.30 avg_spd=1.90m/s end=goal t= 7936.2s
[TRAIN][PPO] ep=424/500 r=  654.28 avg10=  640.09 steps=1554 succ10=1.00 touch10=1.00 col10=0.00 to10=0.00 min_d= 0.30 avg_spd=1.89m/s end=goal t= 7955.4s
[TRAIN][PPO] ep=425/500 r=  647.32 avg10=  641.56 steps=1588 succ10=1.00 touch10=1.00 col10=0.00 to10=0.00 min_d= 0.30 avg_spd=1.88m/s end=goal t= 7973.6s
[TRAIN][PPO] ep=426/500 r=  661.78 avg10=  644.03 steps=1582 succ10=1.00 touch10=1.00 col10=0.00 to10=0.00 min_d= 0.30 avg_spd=1.87m/s end=goal t= 7992.4s
[TRAIN][PPO] ep=427/500 r=  650.12 avg10=  646.07 steps=1603 succ10=1.00 touch10=1.00 col10=0.00 to10=0.00 min_d= 0.30 avg_spd=1.85m/s end=goal t= 8011.8s
[TRAIN][PPO] ep=428/500 r=  649.10 avg10=  646.49 steps=1563 succ10=1.00 touch10=1.00 col10=0.00 to10=0.00 min_d= 0.30 avg_spd=1.86m/s end=goal t= 8031.1s
[TRAIN][PPO] ep=429/500 r=  662.81 avg10=  648.80 steps=1591 succ10=1.00 touch10=1.00 col10=0.00 to10=0.00 min_d= 0.30 avg_spd=1.86m/s end=goal t= 8050.8s
[TRAIN][PPO] ep=430/500 r=  637.84 avg10=  647.88 steps=1497 succ10=1.00 touch10=1.00 col10=0.00 to10=0.00 min_d= 0.30 avg_spd=1.89m/s end=goal t= 8067.8s
[TRAIN][PPO] ep=431/500 r=  641.09 avg10=  647.57 steps=1519 succ10=1.00 touch10=1.00 col10=0.00 to10=0.00 min_d= 0.30 avg_spd=1.89m/s end=goal t= 8085.0s
[TRAIN][PPO] ep=432/500 r=  650.71 avg10=  649.15 steps=1542 succ10=1.00 touch10=1.00 col10=0.00 to10=0.00 min_d= 0.30 avg_spd=1.88m/s end=goal t= 8103.7s
[TRAIN][PPO] ep=433/500 r=  666.24 avg10=  652.13 steps=1590 succ10=1.00 touch10=1.00 col10=0.00 to10=0.00 min_d= 0.30 avg_spd=1.86m/s end=goal t= 8122.9s
[TRAIN][PPO] ep=434/500 r=  658.13 avg10=  652.51 steps=1562 succ10=1.00 touch10=1.00 col10=0.00 to10=0.00 min_d= 0.30 avg_spd=1.85m/s end=goal t= 8141.1s
[TRAIN][PPO] ep=435/500 r=  664.29 avg10=  654.21 steps=1579 succ10=1.00 touch10=1.00 col10=0.00 to10=0.00 min_d= 0.30 avg_spd=1.84m/s end=goal t= 8159.1s
[TRAIN][PPO] ep=436/500 r=  660.48 avg10=  654.08 steps=1571 succ10=1.00 touch10=1.00 col10=0.00 to10=0.00 min_d= 0.30 avg_spd=1.85m/s end=goal t= 8180.1s
[TRAIN][PPO] ep=437/500 r=  656.70 avg10=  654.74 steps=1559 succ10=1.00 touch10=1.00 col10=0.00 to10=0.00 min_d= 0.30 avg_spd=1.89m/s end=goal t= 8198.1s
[TRAIN][PPO] ep=438/500 r=  655.54 avg10=  655.38 steps=1553 succ10=1.00 touch10=1.00 col10=0.00 to10=0.00 min_d= 0.30 avg_spd=1.89m/s end=goal t= 8215.6s
[TRAIN][PPO] ep=439/500 r=  651.33 avg10=  654.23 steps=1539 succ10=1.00 touch10=1.00 col10=0.00 to10=0.00 min_d= 0.30 avg_spd=1.87m/s end=goal t= 8233.4s
[TRAIN][PPO] ep=440/500 r=  652.38 avg10=  655.69 steps=1568 succ10=1.00 touch10=1.00 col10=0.00 to10=0.00 min_d= 0.30 avg_spd=1.85m/s end=goal t= 8254.6s
[TRAIN][PPO] ep=441/500 r=  659.82 avg10=  657.56 steps=1601 succ10=1.00 touch10=1.00 col10=0.00 to10=0.00 min_d= 0.30 avg_spd=1.86m/s end=goal t= 8272.3s
[TRAIN][PPO] ep=442/500 r=  643.47 avg10=  656.84 steps=1517 succ10=1.00 touch10=1.00 col10=0.00 to10=0.00 min_d= 0.30 avg_spd=1.87m/s end=goal t= 8290.0s
[TRAIN][PPO] ep=443/500 r=  669.71 avg10=  657.18 steps=1591 succ10=1.00 touch10=1.00 col10=0.00 to10=0.00 min_d= 0.30 avg_spd=1.85m/s end=goal t= 8308.4s
[TRAIN][PPO] ep=444/500 r=  662.59 avg10=  657.63 steps=1574 succ10=1.00 touch10=1.00 col10=0.00 to10=0.00 min_d= 0.30 avg_spd=1.87m/s end=goal t= 8328.8s
[TRAIN][PPO] ep=445/500 r=  660.58 avg10=  657.26 steps=1571 succ10=1.00 touch10=1.00 col10=0.00 to10=0.00 min_d= 0.30 avg_spd=1.86m/s end=goal t= 8346.2s
[TRAIN][PPO] ep=446/500 r=  667.24 avg10=  657.94 steps=1613 succ10=1.00 touch10=1.00 col10=0.00 to10=0.00 min_d= 0.30 avg_spd=1.82m/s end=goal t= 8364.8s
[TRAIN][PPO] ep=447/500 r=  655.80 avg10=  657.85 steps=1558 succ10=1.00 touch10=1.00 col10=0.00 to10=0.00 min_d= 0.30 avg_spd=1.85m/s end=goal t= 8382.6s
[TRAIN][PPO] ep=448/500 r=  652.98 avg10=  657.59 steps=1579 succ10=1.00 touch10=1.00 col10=0.00 to10=0.00 min_d= 0.30 avg_spd=1.85m/s end=goal t= 8402.6s
[TRAIN][PPO] ep=449/500 r=  645.82 avg10=  657.04 steps=1541 succ10=1.00 touch10=1.00 col10=0.00 to10=0.00 min_d= 0.30 avg_spd=1.85m/s end=goal t= 8420.1s
[TRAIN][PPO] ep=450/500 r=  664.03 avg10=  658.20 steps=1581 succ10=1.00 touch10=1.00 col10=0.00 to10=0.00 min_d= 0.30 avg_spd=1.87m/s end=goal t= 8438.2s
[TRAIN][PPO] ep=451/500 r=  665.30 avg10=  658.75 steps=1585 succ10=1.00 touch10=1.00 col10=0.00 to10=0.00 min_d= 0.30 avg_spd=1.87m/s end=goal t= 8456.8s
[TRAIN][PPO] ep=452/500 r=  653.06 avg10=  659.71 steps=1563 succ10=1.00 touch10=1.00 col10=0.00 to10=0.00 min_d= 0.30 avg_spd=1.84m/s end=goal t= 8477.0s
[TRAIN][PPO] ep=453/500 r=  649.35 avg10=  657.68 steps=1567 succ10=1.00 touch10=1.00 col10=0.00 to10=0.00 min_d= 0.30 avg_spd=1.84m/s end=goal t= 8495.3s
[TRAIN][PPO] ep=454/500 r=  660.72 avg10=  657.49 steps=1596 succ10=1.00 touch10=1.00 col10=0.00 to10=0.00 min_d= 0.30 avg_spd=1.86m/s end=goal t= 8514.0s
[TRAIN][PPO] ep=455/500 r=  649.96 avg10=  656.43 steps=1547 succ10=1.00 touch10=1.00 col10=0.00 to10=0.00 min_d= 0.30 avg_spd=1.85m/s end=goal t= 8532.7s
[TRAIN][PPO] ep=456/500 r=  643.10 avg10=  654.01 steps=1558 succ10=1.00 touch10=1.00 col10=0.00 to10=0.00 min_d= 0.30 avg_spd=1.86m/s end=goal t= 8554.3s
[TRAIN][PPO] ep=457/500 r=  654.60 avg10=  653.89 steps=1584 succ10=1.00 touch10=1.00 col10=0.00 to10=0.00 min_d= 0.30 avg_spd=1.88m/s end=goal t= 8574.1s
[TRAIN][PPO] ep=458/500 r=  658.28 avg10=  654.42 steps=1584 succ10=1.00 touch10=1.00 col10=0.00 to10=0.00 min_d= 0.30 avg_spd=1.88m/s end=goal t= 8593.5s
[TRAIN][PPO] ep=459/500 r=  644.94 avg10=  654.33 steps=1517 succ10=1.00 touch10=1.00 col10=0.00 to10=0.00 min_d= 0.30 avg_spd=1.88m/s end=goal t= 8611.8s
[TRAIN][PPO] ep=460/500 r=  653.00 avg10=  653.23 steps=1545 succ10=1.00 touch10=1.00 col10=0.00 to10=0.00 min_d= 0.30 avg_spd=1.89m/s end=goal t= 8632.6s
[TRAIN][PPO] ep=461/500 r=  634.02 avg10=  650.10 steps=1542 succ10=1.00 touch10=1.00 col10=0.00 to10=0.00 min_d= 0.30 avg_spd=1.89m/s end=goal t= 8651.6s
[TRAIN][PPO] ep=462/500 r=  644.01 avg10=  649.20 steps=1546 succ10=1.00 touch10=1.00 col10=0.00 to10=0.00 min_d= 0.30 avg_spd=1.90m/s end=goal t= 8670.2s
[TRAIN][PPO] ep=463/500 r=  640.24 avg10=  648.29 steps=1505 succ10=1.00 touch10=1.00 col10=0.00 to10=0.00 min_d= 0.30 avg_spd=1.89m/s end=goal t= 8687.5s
[TRAIN][PPO] ep=464/500 r=  637.83 avg10=  646.00 steps=1499 succ10=1.00 touch10=1.00 col10=0.00 to10=0.00 min_d= 0.30 avg_spd=1.90m/s end=goal t= 8707.1s
[TRAIN][PPO] ep=465/500 r=  633.73 avg10=  644.38 steps=1499 succ10=1.00 touch10=1.00 col10=0.00 to10=0.00 min_d= 0.30 avg_spd=1.91m/s end=goal t= 8725.3s
[TRAIN][PPO] ep=466/500 r=  639.86 avg10=  644.05 steps=1501 succ10=1.00 touch10=1.00 col10=0.00 to10=0.00 min_d= 0.30 avg_spd=1.89m/s end=goal t= 8743.4s
[TRAIN][PPO] ep=467/500 r=  654.03 avg10=  643.99 steps=1549 succ10=1.00 touch10=1.00 col10=0.00 to10=0.00 min_d= 0.30 avg_spd=1.88m/s end=goal t= 8762.0s
[TRAIN][PPO] ep=468/500 r=  646.87 avg10=  642.85 steps=1529 succ10=1.00 touch10=1.00 col10=0.00 to10=0.00 min_d= 0.30 avg_spd=1.89m/s end=goal t= 8782.1s
[TRAIN][PPO] ep=469/500 r=  657.66 avg10=  644.12 steps=1567 succ10=1.00 touch10=1.00 col10=0.00 to10=0.00 min_d= 0.30 avg_spd=1.87m/s end=goal t= 8801.1s
[TRAIN][PPO] ep=470/500 r=  653.21 avg10=  644.15 steps=1551 succ10=1.00 touch10=1.00 col10=0.00 to10=0.00 min_d= 0.30 avg_spd=1.87m/s end=goal t= 8820.1s
[TRAIN][PPO] ep=471/500 r=  646.97 avg10=  645.44 steps=1541 succ10=1.00 touch10=1.00 col10=0.00 to10=0.00 min_d= 0.30 avg_spd=1.86m/s end=goal t= 8838.6s
[TRAIN][PPO] ep=472/500 r=  638.55 avg10=  644.89 steps=1526 succ10=1.00 touch10=1.00 col10=0.00 to10=0.00 min_d= 0.30 avg_spd=1.88m/s end=goal t= 8858.9s
[TRAIN][PPO] ep=473/500 r=  665.47 avg10=  647.42 steps=1585 succ10=1.00 touch10=1.00 col10=0.00 to10=0.00 min_d= 0.30 avg_spd=1.87m/s end=goal t= 8877.7s
[TRAIN][PPO] ep=474/500 r=  664.77 avg10=  650.11 steps=1588 succ10=1.00 touch10=1.00 col10=0.00 to10=0.00 min_d= 0.30 avg_spd=1.86m/s end=goal t= 8896.4s
[TRAIN][PPO] ep=475/500 r=  641.01 avg10=  650.84 steps=1510 succ10=1.00 touch10=1.00 col10=0.00 to10=0.00 min_d= 0.30 avg_spd=1.88m/s end=goal t= 8915.1s
[TRAIN][PPO] ep=476/500 r=  643.89 avg10=  651.24 steps=1544 succ10=1.00 touch10=1.00 col10=0.00 to10=0.00 min_d= 0.30 avg_spd=1.90m/s end=goal t= 8935.0s
[TRAIN][PPO] ep=477/500 r=  651.76 avg10=  651.02 steps=1563 succ10=1.00 touch10=1.00 col10=0.00 to10=0.00 min_d= 0.30 avg_spd=1.85m/s end=goal t= 8952.9s
[TRAIN][PPO] ep=478/500 r=  643.83 avg10=  650.71 steps=1513 succ10=1.00 touch10=1.00 col10=0.00 to10=0.00 min_d= 0.30 avg_spd=1.87m/s end=goal t= 8970.4s
[TRAIN][PPO] ep=479/500 r=  658.75 avg10=  650.82 steps=1584 succ10=1.00 touch10=1.00 col10=0.00 to10=0.00 min_d= 0.30 avg_spd=1.88m/s end=goal t= 8988.3s
[TRAIN][PPO] ep=480/500 r=  653.88 avg10=  650.89 steps=1569 succ10=1.00 touch10=1.00 col10=0.00 to10=0.00 min_d= 0.30 avg_spd=1.88m/s end=goal t= 9008.8s
[TRAIN][PPO] ep=481/500 r=  644.40 avg10=  650.63 steps=1564 succ10=1.00 touch10=1.00 col10=0.00 to10=0.00 min_d= 0.30 avg_spd=1.85m/s end=goal t= 9027.5s
[TRAIN][PPO] ep=482/500 r=  651.91 avg10=  651.97 steps=1548 succ10=1.00 touch10=1.00 col10=0.00 to10=0.00 min_d= 0.30 avg_spd=1.87m/s end=goal t= 9045.6s
[TRAIN][PPO] ep=483/500 r=  662.71 avg10=  651.69 steps=1595 succ10=1.00 touch10=1.00 col10=0.00 to10=0.00 min_d= 0.30 avg_spd=1.86m/s end=goal t= 9062.9s
[TRAIN][PPO] ep=484/500 r=  661.97 avg10=  651.41 steps=1573 succ10=1.00 touch10=1.00 col10=0.00 to10=0.00 min_d= 0.30 avg_spd=1.86m/s end=goal t= 9082.2s
[TRAIN][PPO] ep=485/500 r=  651.15 avg10=  652.43 steps=1568 succ10=1.00 touch10=1.00 col10=0.00 to10=0.00 min_d= 0.30 avg_spd=1.86m/s end=goal t= 9100.3s
[TRAIN][PPO] ep=486/500 r=  651.27 avg10=  653.16 steps=1545 succ10=1.00 touch10=1.00 col10=0.00 to10=0.00 min_d= 0.30 avg_spd=1.87m/s end=goal t= 9118.4s
[TRAIN][PPO] ep=487/500 r=  646.61 avg10=  652.65 steps=1579 succ10=1.00 touch10=1.00 col10=0.00 to10=0.00 min_d= 0.30 avg_spd=1.85m/s end=goal t= 9137.1s
[TRAIN][PPO] ep=488/500 r=  653.92 avg10=  653.66 steps=1581 succ10=1.00 touch10=1.00 col10=0.00 to10=0.00 min_d= 0.30 avg_spd=1.88m/s end=goal t= 9157.1s
[TRAIN][PPO] ep=489/500 r=  655.35 avg10=  653.32 steps=1593 succ10=1.00 touch10=1.00 col10=0.00 to10=0.00 min_d= 0.30 avg_spd=1.89m/s end=goal t= 9175.9s
[TRAIN][PPO] ep=490/500 r=  655.18 avg10=  653.45 steps=1562 succ10=1.00 touch10=1.00 col10=0.00 to10=0.00 min_d= 0.30 avg_spd=1.88m/s end=goal t= 9194.2s
[TRAIN][PPO] ep=491/500 r=  656.49 avg10=  654.66 steps=1564 succ10=1.00 touch10=1.00 col10=0.00 to10=0.00 min_d= 0.30 avg_spd=1.88m/s end=goal t= 9212.2s
[TRAIN][PPO] ep=492/500 r=  640.19 avg10=  653.48 steps=1517 succ10=1.00 touch10=1.00 col10=0.00 to10=0.00 min_d= 0.30 avg_spd=1.90m/s end=goal t= 9232.7s
[TRAIN][PPO] ep=493/500 r=  649.09 avg10=  652.12 steps=1554 succ10=1.00 touch10=1.00 col10=0.00 to10=0.00 min_d= 0.30 avg_spd=1.89m/s end=goal t= 9250.9s
[TRAIN][PPO] ep=494/500 r=  639.60 avg10=  649.89 steps=1570 succ10=1.00 touch10=1.00 col10=0.00 to10=0.00 min_d= 0.30 avg_spd=1.86m/s end=goal t= 9269.1s
[TRAIN][PPO] ep=495/500 r=  656.55 avg10=  650.43 steps=1613 succ10=1.00 touch10=1.00 col10=0.00 to10=0.00 min_d= 0.30 avg_spd=1.87m/s end=goal t= 9287.5s
[TRAIN][PPO] ep=496/500 r=  653.41 avg10=  650.64 steps=1554 succ10=1.00 touch10=1.00 col10=0.00 to10=0.00 min_d= 0.30 avg_spd=1.89m/s end=goal t= 9307.1s
[TRAIN][PPO] ep=497/500 r=  656.55 avg10=  651.64 steps=1569 succ10=1.00 touch10=1.00 col10=0.00 to10=0.00 min_d= 0.30 avg_spd=1.88m/s end=goal t= 9325.4s
[TRAIN][PPO] ep=498/500 r=  637.19 avg10=  649.96 steps=1564 succ10=1.00 touch10=1.00 col10=0.00 to10=0.00 min_d= 0.30 avg_spd=1.87m/s end=goal t= 9343.9s
[TRAIN][PPO] ep=499/500 r=  645.38 avg10=  648.96 steps=1579 succ10=1.00 touch10=1.00 col10=0.00 to10=0.00 min_d= 0.30 avg_spd=1.86m/s end=goal t= 9362.9s
INFO: PPO: Terminating.
[RUN] completed stage checkpoint=/uio/hume/student-u79/esbrovol/fys5429/DRL-Obstacle-Avoidance/controllers/PPO/checkpoints/20260525_141956_none_seed01_stage01_train_1_empty/final_20260525_141956_none_seed01_stage01_train_1_empty.pth
[RUN] arch=none seed=1 stage=2/10 world=/uio/hume/student-u79/esbrovol/fys5429/DRL-Obstacle-Avoidance/worlds/training/train_2_one_obs.wbt
[RUN] resuming from /uio/hume/student-u79/esbrovol/fys5429/DRL-Obstacle-Avoidance/controllers/PPO/checkpoints/20260525_141956_none_seed01_stage01_train_1_empty/final_20260525_141956_none_seed01_stage01_train_1_empty.pth
INFO: PPO: Starting controller: python3 -u PPO.py
[PPO] Using architecture: NONE
[PPO] Loaded architecture: NONE
[TRAIN][PPO] arch=NONE weights_dir=/uio/hume/student-u79/esbrovol/fys5429/DRL-Obstacle-Avoidance/controllers/PPO/checkpoints/20260525_141956_none_seed01_stage02_train_2_one_obs final=/uio/hume/student-u79/esbrovol/fys5429/DRL-Obstacle-Avoidance/controllers/PPO/checkpoints/20260525_141956_none_seed01_stage02_train_2_one_obs/final_20260525_141956_none_seed01_stage02_train_2_one_obs.pth
[TRAIN][PPO] episodes=500 update_every=4 obs=31 act=2 cell=NONE seq=32 burn_in=0
[TRAIN][PPO] ep=001/500 r=  652.83 avg10=  652.83 steps=1561 succ10=1.00 touch10=1.00 col10=0.00 to10=0.00 min_d= 0.30 avg_spd=1.88m/s end=goal t=   18.2s ckpt=best_goal
[TRAIN][PPO] ep=002/500 r=  653.92 avg10=  653.38 steps=1551 succ10=1.00 touch10=1.00 col10=0.00 to10=0.00 min_d= 0.30 avg_spd=1.89m/s end=goal t=   35.5s ckpt=best_goal
[TRAIN][PPO] ep=003/500 r=  185.16 avg10=  497.31 steps= 684 succ10=0.67 touch10=0.67 col10=0.33 to10=0.00 min_d= 2.31 avg_spd=1.91m/s end=collision t=   43.1s
[TRAIN][PPO] ep=004/500 r=  650.90 avg10=  535.70 steps=1580 succ10=0.75 touch10=0.75 col10=0.25 to10=0.00 min_d= 0.30 avg_spd=1.88m/s end=goal t=   62.7s
[TRAIN][PPO] ep=005/500 r=  184.81 avg10=  465.53 steps= 680 succ10=0.60 touch10=0.60 col10=0.40 to10=0.00 min_d= 2.30 avg_spd=1.89m/s end=collision t=   70.3s
[TRAIN][PPO] ep=006/500 r=  202.51 avg10=  421.69 steps= 743 succ10=0.50 touch10=0.50 col10=0.50 to10=0.00 min_d= 2.29 avg_spd=1.85m/s end=collision t=   78.8s
[TRAIN][PPO] ep=007/500 r=  190.38 avg10=  388.65 steps= 698 succ10=0.43 touch10=0.43 col10=0.57 to10=0.00 min_d= 2.21 avg_spd=1.90m/s end=collision t=   86.8s
[TRAIN][PPO] ep=008/500 r=  639.27 avg10=  419.97 steps=1531 succ10=0.50 touch10=0.50 col10=0.50 to10=0.00 min_d= 0.30 avg_spd=1.88m/s end=goal t=  106.2s
[TRAIN][PPO] ep=009/500 r=  203.56 avg10=  395.93 steps= 753 succ10=0.44 touch10=0.44 col10=0.56 to10=0.00 min_d= 2.26 avg_spd=1.89m/s end=collision t=  114.8s
[TRAIN][PPO] ep=010/500 r=  195.23 avg10=  375.86 steps= 743 succ10=0.40 touch10=0.40 col10=0.60 to10=0.00 min_d= 2.34 avg_spd=1.84m/s end=collision t=  123.3s
[TRAIN][PPO] ep=011/500 r=  205.15 avg10=  331.09 steps= 743 succ10=0.30 touch10=0.30 col10=0.70 to10=0.00 min_d= 2.19 avg_spd=1.88m/s end=collision t=  131.7s
[TRAIN][PPO] ep=012/500 r=  638.31 avg10=  329.53 steps=1556 succ10=0.30 touch10=0.30 col10=0.70 to10=0.00 min_d= 0.30 avg_spd=1.89m/s end=goal t=  151.0s
[TRAIN][PPO] ep=013/500 r=  180.87 avg10=  329.10 steps= 678 succ10=0.30 touch10=0.30 col10=0.70 to10=0.00 min_d= 2.31 avg_spd=1.88m/s end=collision t=  158.7s
[TRAIN][PPO] ep=014/500 r=  657.16 avg10=  329.73 steps=1575 succ10=0.30 touch10=0.30 col10=0.70 to10=0.00 min_d= 0.30 avg_spd=1.87m/s end=goal t=  176.6s ckpt=best_goal
[TRAIN][PPO] ep=015/500 r=  196.88 avg10=  330.93 steps= 718 succ10=0.30 touch10=0.30 col10=0.70 to10=0.00 min_d= 2.26 avg_spd=1.88m/s end=collision t=  184.7s
[TRAIN][PPO] ep=016/500 r=  653.85 avg10=  376.07 steps=1577 succ10=0.40 touch10=0.40 col10=0.60 to10=0.00 min_d= 0.30 avg_spd=1.87m/s end=goal t=  203.6s
[TRAIN][PPO] ep=017/500 r=  646.20 avg10=  421.65 steps=1526 succ10=0.50 touch10=0.50 col10=0.50 to10=0.00 min_d= 0.30 avg_spd=1.88m/s end=goal t=  221.3s
[TRAIN][PPO] ep=018/500 r=  650.26 avg10=  422.75 steps=1534 succ10=0.50 touch10=0.50 col10=0.50 to10=0.00 min_d= 0.30 avg_spd=1.88m/s end=goal t=  239.6s
[TRAIN][PPO] ep=019/500 r=  659.58 avg10=  468.35 steps=1567 succ10=0.60 touch10=0.60 col10=0.40 to10=0.00 min_d= 0.30 avg_spd=1.88m/s end=goal t=  258.1s ckpt=best_goal
[TRAIN][PPO] ep=020/500 r=  655.50 avg10=  514.38 steps=1553 succ10=0.70 touch10=0.70 col10=0.30 to10=0.00 min_d= 0.30 avg_spd=1.90m/s end=goal t=  275.5s
[TRAIN][PPO] ep=021/500 r=  654.80 avg10=  559.34 steps=1553 succ10=0.80 touch10=0.80 col10=0.20 to10=0.00 min_d= 0.30 avg_spd=1.88m/s end=goal t=  293.6s
[TRAIN][PPO] ep=022/500 r=  646.92 avg10=  560.20 steps=1552 succ10=0.80 touch10=0.80 col10=0.20 to10=0.00 min_d= 0.30 avg_spd=1.87m/s end=goal t=  311.4s
[TRAIN][PPO] ep=023/500 r=  651.33 avg10=  607.25 steps=1552 succ10=0.90 touch10=0.90 col10=0.10 to10=0.00 min_d= 0.30 avg_spd=1.87m/s end=goal t=  330.2s
[TRAIN][PPO] ep=024/500 r=  656.85 avg10=  607.22 steps=1558 succ10=0.90 touch10=0.90 col10=0.10 to10=0.00 min_d= 0.30 avg_spd=1.89m/s end=goal t=  350.7s
[TRAIN][PPO] ep=025/500 r=  658.04 avg10=  653.33 steps=1563 succ10=1.00 touch10=1.00 col10=0.00 to10=0.00 min_d= 0.30 avg_spd=1.88m/s end=goal t=  368.9s
[TRAIN][PPO] ep=026/500 r=  646.41 avg10=  652.59 steps=1545 succ10=1.00 touch10=1.00 col10=0.00 to10=0.00 min_d= 0.30 avg_spd=1.86m/s end=goal t=  388.3s
[TRAIN][PPO] ep=027/500 r=  654.49 avg10=  653.42 steps=1553 succ10=1.00 touch10=1.00 col10=0.00 to10=0.00 min_d= 0.30 avg_spd=1.85m/s end=goal t=  407.3s
[TRAIN][PPO] ep=028/500 r=  658.62 avg10=  654.25 steps=1566 succ10=1.00 touch10=1.00 col10=0.00 to10=0.00 min_d= 0.30 avg_spd=1.87m/s end=goal t=  428.7s
[TRAIN][PPO] ep=029/500 r=  640.47 avg10=  652.34 steps=1518 succ10=1.00 touch10=1.00 col10=0.00 to10=0.00 min_d= 0.30 avg_spd=1.88m/s end=goal t=  446.1s
[TRAIN][PPO] ep=030/500 r=  664.55 avg10=  653.25 steps=1585 succ10=1.00 touch10=1.00 col10=0.00 to10=0.00 min_d= 0.30 avg_spd=1.86m/s end=goal t=  465.1s ckpt=best_goal
[TRAIN][PPO] ep=031/500 r=  650.57 avg10=  652.82 steps=1563 succ10=1.00 touch10=1.00 col10=0.00 to10=0.00 min_d= 0.30 avg_spd=1.87m/s end=goal t=  484.0s
[TRAIN][PPO] ep=032/500 r=  636.54 avg10=  651.79 steps=1572 succ10=1.00 touch10=1.00 col10=0.00 to10=0.00 min_d= 0.30 avg_spd=1.87m/s end=goal t=  503.8s
[TRAIN][PPO] ep=033/500 r=  648.74 avg10=  651.53 steps=1538 succ10=1.00 touch10=1.00 col10=0.00 to10=0.00 min_d= 0.30 avg_spd=1.88m/s end=goal t=  520.9s
[TRAIN][PPO] ep=034/500 r=  637.00 avg10=  649.54 steps=1533 succ10=1.00 touch10=1.00 col10=0.00 to10=0.00 min_d= 0.30 avg_spd=1.89m/s end=goal t=  540.1s
[TRAIN][PPO] ep=035/500 r=  648.09 avg10=  648.55 steps=1559 succ10=1.00 touch10=1.00 col10=0.00 to10=0.00 min_d= 0.30 avg_spd=1.87m/s end=goal t=  559.4s
[TRAIN][PPO] ep=036/500 r=  640.05 avg10=  647.91 steps=1540 succ10=1.00 touch10=1.00 col10=0.00 to10=0.00 min_d= 0.30 avg_spd=1.89m/s end=goal t=  580.1s
[TRAIN][PPO] ep=037/500 r=  661.55 avg10=  648.62 steps=1589 succ10=1.00 touch10=1.00 col10=0.00 to10=0.00 min_d= 0.30 avg_spd=1.87m/s end=goal t=  599.2s
[TRAIN][PPO] ep=038/500 r=  664.92 avg10=  649.25 steps=1601 succ10=1.00 touch10=1.00 col10=0.00 to10=0.00 min_d= 0.30 avg_spd=1.86m/s end=goal t=  619.4s ckpt=best_goal
[TRAIN][PPO] ep=039/500 r=  633.28 avg10=  648.53 steps=1542 succ10=1.00 touch10=1.00 col10=0.00 to10=0.00 min_d= 0.30 avg_spd=1.89m/s end=goal t=  638.4s
[TRAIN][PPO] ep=040/500 r=  652.84 avg10=  647.36 steps=1628 succ10=1.00 touch10=1.00 col10=0.00 to10=0.00 min_d= 0.30 avg_spd=1.88m/s end=goal t=  659.4s
[TRAIN][PPO] ep=041/500 r=  666.77 avg10=  648.98 steps=1601 succ10=1.00 touch10=1.00 col10=0.00 to10=0.00 min_d= 0.30 avg_spd=1.84m/s end=goal t=  677.2s ckpt=best_goal
[TRAIN][PPO] ep=042/500 r=  644.03 avg10=  649.73 steps=1578 succ10=1.00 touch10=1.00 col10=0.00 to10=0.00 min_d= 0.30 avg_spd=1.88m/s end=goal t=  696.4s
[TRAIN][PPO] ep=043/500 r=  208.11 avg10=  605.66 steps= 778 succ10=0.90 touch10=0.90 col10=0.10 to10=0.00 min_d= 2.23 avg_spd=1.83m/s end=collision t=  706.3s
[TRAIN][PPO] ep=044/500 r=  656.69 avg10=  607.63 steps=1586 succ10=0.90 touch10=0.90 col10=0.10 to10=0.00 min_d= 0.30 avg_spd=1.84m/s end=goal t=  727.8s
[TRAIN][PPO] ep=045/500 r=  654.91 avg10=  608.31 steps=1575 succ10=0.90 touch10=0.90 col10=0.10 to10=0.00 min_d= 0.30 avg_spd=1.88m/s end=goal t=  747.5s
[TRAIN][PPO] ep=046/500 r=  641.45 avg10=  608.45 steps=1540 succ10=0.90 touch10=0.90 col10=0.10 to10=0.00 min_d= 0.30 avg_spd=1.88m/s end=goal t=  766.7s
[TRAIN][PPO] ep=047/500 r=  649.91 avg10=  607.29 steps=1605 succ10=0.90 touch10=0.90 col10=0.10 to10=0.00 min_d= 0.30 avg_spd=1.89m/s end=goal t=  787.1s
[TRAIN][PPO] ep=048/500 r=  656.38 avg10=  606.44 steps=1610 succ10=0.90 touch10=0.90 col10=0.10 to10=0.00 min_d= 0.30 avg_spd=1.88m/s end=goal t=  807.7s
[TRAIN][PPO] ep=049/500 r=  397.24 avg10=  582.83 steps=1356 succ10=0.80 touch10=0.80 col10=0.20 to10=0.00 min_d= 0.87 avg_spd=1.87m/s end=collision t=  823.5s
[TRAIN][PPO] ep=050/500 r=  661.67 avg10=  583.72 steps=1583 succ10=0.80 touch10=0.80 col10=0.20 to10=0.00 min_d= 0.30 avg_spd=1.87m/s end=goal t=  841.4s
[TRAIN][PPO] ep=051/500 r=  651.44 avg10=  582.18 steps=1554 succ10=0.80 touch10=0.80 col10=0.20 to10=0.00 min_d= 0.30 avg_spd=1.90m/s end=goal t=  858.7s
[TRAIN][PPO] ep=052/500 r=  656.06 avg10=  583.39 steps=1579 succ10=0.80 touch10=0.80 col10=0.20 to10=0.00 min_d= 0.30 avg_spd=1.88m/s end=goal t=  878.8s
[TRAIN][PPO] ep=053/500 r=  635.88 avg10=  626.16 steps=1500 succ10=0.90 touch10=0.90 col10=0.10 to10=0.00 min_d= 0.30 avg_spd=1.91m/s end=goal t=  896.8s
[TRAIN][PPO] ep=054/500 r=  650.93 avg10=  625.59 steps=1550 succ10=0.90 touch10=0.90 col10=0.10 to10=0.00 min_d= 0.30 avg_spd=1.86m/s end=goal t=  915.7s
[TRAIN][PPO] ep=055/500 r=  666.32 avg10=  626.73 steps=1594 succ10=0.90 touch10=0.90 col10=0.10 to10=0.00 min_d= 0.30 avg_spd=1.86m/s end=goal t=  934.9s
[TRAIN][PPO] ep=056/500 r=  646.93 avg10=  627.28 steps=1531 succ10=0.90 touch10=0.90 col10=0.10 to10=0.00 min_d= 0.30 avg_spd=1.88m/s end=goal t=  955.5s
[TRAIN][PPO] ep=057/500 r=  639.39 avg10=  626.22 steps=1515 succ10=0.90 touch10=0.90 col10=0.10 to10=0.00 min_d= 0.30 avg_spd=1.88m/s end=goal t=  974.6s
[TRAIN][PPO] ep=058/500 r=  654.41 avg10=  626.03 steps=1558 succ10=0.90 touch10=0.90 col10=0.10 to10=0.00 min_d= 0.30 avg_spd=1.86m/s end=goal t=  993.7s
[TRAIN][PPO] ep=059/500 r=  661.32 avg10=  652.43 steps=1572 succ10=1.00 touch10=1.00 col10=0.00 to10=0.00 min_d= 0.30 avg_spd=1.86m/s end=goal t= 1013.1s
[TRAIN][PPO] ep=060/500 r=  659.61 avg10=  652.23 steps=1582 succ10=1.00 touch10=1.00 col10=0.00 to10=0.00 min_d= 0.30 avg_spd=1.83m/s end=goal t= 1035.8s
[TRAIN][PPO] ep=061/500 r=  663.09 avg10=  653.39 steps=1585 succ10=1.00 touch10=1.00 col10=0.00 to10=0.00 min_d= 0.30 avg_spd=1.87m/s end=goal t= 1055.4s
[TRAIN][PPO] ep=062/500 r=  666.55 avg10=  654.44 steps=1596 succ10=1.00 touch10=1.00 col10=0.00 to10=0.00 min_d= 0.30 avg_spd=1.84m/s end=goal t= 1075.4s
[TRAIN][PPO] ep=063/500 r=  637.66 avg10=  654.62 steps=1541 succ10=1.00 touch10=1.00 col10=0.00 to10=0.00 min_d= 0.30 avg_spd=1.88m/s end=goal t= 1094.7s
[TRAIN][PPO] ep=064/500 r=  653.40 avg10=  654.87 steps=1576 succ10=1.00 touch10=1.00 col10=0.00 to10=0.00 min_d= 0.30 avg_spd=1.84m/s end=goal t= 1116.1s
[TRAIN][PPO] ep=065/500 r=  643.70 avg10=  652.60 steps=1530 succ10=1.00 touch10=1.00 col10=0.00 to10=0.00 min_d= 0.30 avg_spd=1.87m/s end=goal t= 1134.7s
[TRAIN][PPO] ep=066/500 r=  643.96 avg10=  652.31 steps=1542 succ10=1.00 touch10=1.00 col10=0.00 to10=0.00 min_d= 0.30 avg_spd=1.89m/s end=goal t= 1153.7s
[TRAIN][PPO] ep=067/500 r=  650.13 avg10=  653.38 steps=1539 succ10=1.00 touch10=1.00 col10=0.00 to10=0.00 min_d= 0.30 avg_spd=1.87m/s end=goal t= 1172.6s
[TRAIN][PPO] ep=068/500 r=  649.65 avg10=  652.91 steps=1540 succ10=1.00 touch10=1.00 col10=0.00 to10=0.00 min_d= 0.30 avg_spd=1.89m/s end=goal t= 1192.8s
[TRAIN][PPO] ep=069/500 r=  647.94 avg10=  651.57 steps=1555 succ10=1.00 touch10=1.00 col10=0.00 to10=0.00 min_d= 0.30 avg_spd=1.88m/s end=goal t= 1212.4s
[TRAIN][PPO] ep=070/500 r=  649.41 avg10=  650.55 steps=1561 succ10=1.00 touch10=1.00 col10=0.00 to10=0.00 min_d= 0.30 avg_spd=1.89m/s end=goal t= 1231.5s
[TRAIN][PPO] ep=071/500 r=  662.93 avg10=  650.53 steps=1596 succ10=1.00 touch10=1.00 col10=0.00 to10=0.00 min_d= 0.30 avg_spd=1.86m/s end=goal t= 1250.6s
[TRAIN][PPO] ep=072/500 r=  662.52 avg10=  650.13 steps=1600 succ10=1.00 touch10=1.00 col10=0.00 to10=0.00 min_d= 0.30 avg_spd=1.86m/s end=goal t= 1271.8s
[TRAIN][PPO] ep=073/500 r=  660.60 avg10=  652.42 steps=1587 succ10=1.00 touch10=1.00 col10=0.00 to10=0.00 min_d= 0.30 avg_spd=1.88m/s end=goal t= 1291.2s
[TRAIN][PPO] ep=074/500 r=  660.56 avg10=  653.14 steps=1574 succ10=1.00 touch10=1.00 col10=0.00 to10=0.00 min_d= 0.30 avg_spd=1.87m/s end=goal t= 1310.1s
[TRAIN][PPO] ep=075/500 r=  189.97 avg10=  607.77 steps= 712 succ10=0.90 touch10=0.90 col10=0.10 to10=0.00 min_d= 2.24 avg_spd=1.86m/s end=collision t= 1318.8s
[TRAIN][PPO] ep=076/500 r=  650.41 avg10=  608.41 steps=1547 succ10=0.90 touch10=0.90 col10=0.10 to10=0.00 min_d= 0.30 avg_spd=1.85m/s end=goal t= 1338.2s
[TRAIN][PPO] ep=077/500 r=  652.61 avg10=  608.66 steps=1550 succ10=0.90 touch10=0.90 col10=0.10 to10=0.00 min_d= 0.30 avg_spd=1.87m/s end=goal t= 1356.6s
[TRAIN][PPO] ep=078/500 r=  651.68 avg10=  608.86 steps=1592 succ10=0.90 touch10=0.90 col10=0.10 to10=0.00 min_d= 0.30 avg_spd=1.86m/s end=goal t= 1375.7s
[TRAIN][PPO] ep=079/500 r=  656.36 avg10=  609.71 steps=1561 succ10=0.90 touch10=0.90 col10=0.10 to10=0.00 min_d= 0.30 avg_spd=1.85m/s end=goal t= 1394.7s
[TRAIN][PPO] ep=080/500 r=  660.08 avg10=  610.77 steps=1587 succ10=0.90 touch10=0.90 col10=0.10 to10=0.00 min_d= 0.30 avg_spd=1.86m/s end=goal t= 1416.0s
[TRAIN][PPO] ep=081/500 r=  661.67 avg10=  610.65 steps=1574 succ10=0.90 touch10=0.90 col10=0.10 to10=0.00 min_d= 0.30 avg_spd=1.87m/s end=goal t= 1435.1s
[TRAIN][PPO] ep=082/500 r=  662.68 avg10=  610.66 steps=1574 succ10=0.90 touch10=0.90 col10=0.10 to10=0.00 min_d= 0.30 avg_spd=1.88m/s end=goal t= 1453.9s
[TRAIN][PPO] ep=083/500 r=  644.23 avg10=  609.03 steps=1545 succ10=0.90 touch10=0.90 col10=0.10 to10=0.00 min_d= 0.30 avg_spd=1.86m/s end=goal t= 1472.9s
[TRAIN][PPO] ep=084/500 r=  654.26 avg10=  608.40 steps=1549 succ10=0.90 touch10=0.90 col10=0.10 to10=0.00 min_d= 0.30 avg_spd=1.87m/s end=goal t= 1493.8s
[TRAIN][PPO] ep=085/500 r=  647.26 avg10=  654.13 steps=1528 succ10=1.00 touch10=1.00 col10=0.00 to10=0.00 min_d= 0.30 avg_spd=1.87m/s end=goal t= 1511.6s
[TRAIN][PPO] ep=086/500 r=  662.00 avg10=  655.28 steps=1576 succ10=1.00 touch10=1.00 col10=0.00 to10=0.00 min_d= 0.30 avg_spd=1.85m/s end=goal t= 1529.2s
[TRAIN][PPO] ep=087/500 r=  649.90 avg10=  655.01 steps=1540 succ10=1.00 touch10=1.00 col10=0.00 to10=0.00 min_d= 0.30 avg_spd=1.85m/s end=goal t= 1547.7s
[TRAIN][PPO] ep=088/500 r=  645.81 avg10=  654.43 steps=1527 succ10=1.00 touch10=1.00 col10=0.00 to10=0.00 min_d= 0.30 avg_spd=1.87m/s end=goal t= 1567.6s
[TRAIN][PPO] ep=089/500 r=  651.43 avg10=  653.93 steps=1546 succ10=1.00 touch10=1.00 col10=0.00 to10=0.00 min_d= 0.30 avg_spd=1.88m/s end=goal t= 1586.0s
[TRAIN][PPO] ep=090/500 r=  661.48 avg10=  654.07 steps=1572 succ10=1.00 touch10=1.00 col10=0.00 to10=0.00 min_d= 0.30 avg_spd=1.85m/s end=goal t= 1605.0s
[TRAIN][PPO] ep=091/500 r=  662.59 avg10=  654.16 steps=1578 succ10=1.00 touch10=1.00 col10=0.00 to10=0.00 min_d= 0.30 avg_spd=1.84m/s end=goal t= 1623.4s
[TRAIN][PPO] ep=092/500 r=  666.17 avg10=  654.51 steps=1589 succ10=1.00 touch10=1.00 col10=0.00 to10=0.00 min_d= 0.30 avg_spd=1.85m/s end=goal t= 1643.0s
[TRAIN][PPO] ep=093/500 r=  648.65 avg10=  654.95 steps=1559 succ10=1.00 touch10=1.00 col10=0.00 to10=0.00 min_d= 0.30 avg_spd=1.86m/s end=goal t= 1661.4s
[TRAIN][PPO] ep=094/500 r=  657.84 avg10=  655.31 steps=1585 succ10=1.00 touch10=1.00 col10=0.00 to10=0.00 min_d= 0.30 avg_spd=1.83m/s end=goal t= 1680.1s
[TRAIN][PPO] ep=095/500 r=  651.06 avg10=  655.69 steps=1547 succ10=1.00 touch10=1.00 col10=0.00 to10=0.00 min_d= 0.30 avg_spd=1.85m/s end=goal t= 1698.5s
[TRAIN][PPO] ep=096/500 r=  657.86 avg10=  655.28 steps=1565 succ10=1.00 touch10=1.00 col10=0.00 to10=0.00 min_d= 0.30 avg_spd=1.85m/s end=goal t= 1718.9s
[TRAIN][PPO] ep=097/500 r=  649.66 avg10=  655.25 steps=1543 succ10=1.00 touch10=1.00 col10=0.00 to10=0.00 min_d= 0.30 avg_spd=1.86m/s end=goal t= 1737.2s
[TRAIN][PPO] ep=098/500 r=  660.69 avg10=  656.74 steps=1575 succ10=1.00 touch10=1.00 col10=0.00 to10=0.00 min_d= 0.30 avg_spd=1.86m/s end=goal t= 1755.9s
[TRAIN][PPO] ep=099/500 r=  663.38 avg10=  657.94 steps=1598 succ10=1.00 touch10=1.00 col10=0.00 to10=0.00 min_d= 0.30 avg_spd=1.86m/s end=goal t= 1775.3s
[TRAIN][PPO] ep=100/500 r=  644.81 avg10=  656.27 steps=1528 succ10=1.00 touch10=1.00 col10=0.00 to10=0.00 min_d= 0.30 avg_spd=1.88m/s end=goal t= 1794.8s ckpt=latest
[TRAIN][PPO] ep=101/500 r=  649.78 avg10=  654.99 steps=1559 succ10=1.00 touch10=1.00 col10=0.00 to10=0.00 min_d= 0.30 avg_spd=1.87m/s end=goal t= 1813.8s
[TRAIN][PPO] ep=102/500 r=  653.94 avg10=  653.77 steps=1568 succ10=1.00 touch10=1.00 col10=0.00 to10=0.00 min_d= 0.30 avg_spd=1.87m/s end=goal t= 1832.5s
[TRAIN][PPO] ep=103/500 r=  660.77 avg10=  654.98 steps=1595 succ10=1.00 touch10=1.00 col10=0.00 to10=0.00 min_d= 0.30 avg_spd=1.85m/s end=goal t= 1851.9s
[TRAIN][PPO] ep=104/500 r=  660.09 avg10=  655.20 steps=1611 succ10=1.00 touch10=1.00 col10=0.00 to10=0.00 min_d= 0.30 avg_spd=1.85m/s end=goal t= 1872.8s
[TRAIN][PPO] ep=105/500 r=  651.99 avg10=  655.30 steps=1572 succ10=1.00 touch10=1.00 col10=0.00 to10=0.00 min_d= 0.30 avg_spd=1.87m/s end=goal t= 1891.8s
[TRAIN][PPO] ep=106/500 r=  658.66 avg10=  655.38 steps=1565 succ10=1.00 touch10=1.00 col10=0.00 to10=0.00 min_d= 0.30 avg_spd=1.87m/s end=goal t= 1910.7s
[TRAIN][PPO] ep=107/500 r=  642.90 avg10=  654.70 steps=1547 succ10=1.00 touch10=1.00 col10=0.00 to10=0.00 min_d= 0.30 avg_spd=1.89m/s end=goal t= 1929.1s
[TRAIN][PPO] ep=108/500 r=  646.23 avg10=  653.26 steps=1547 succ10=1.00 touch10=1.00 col10=0.00 to10=0.00 min_d= 0.30 avg_spd=1.89m/s end=goal t= 1948.9s
[TRAIN][PPO] ep=109/500 r=  647.01 avg10=  651.62 steps=1537 succ10=1.00 touch10=1.00 col10=0.00 to10=0.00 min_d= 0.30 avg_spd=1.88m/s end=goal t= 1967.5s
[TRAIN][PPO] ep=110/500 r=  658.55 avg10=  652.99 steps=1585 succ10=1.00 touch10=1.00 col10=0.00 to10=0.00 min_d= 0.30 avg_spd=1.87m/s end=goal t= 1986.3s
[TRAIN][PPO] ep=111/500 r=  646.81 avg10=  652.69 steps=1597 succ10=1.00 touch10=1.00 col10=0.00 to10=0.00 min_d= 0.30 avg_spd=1.87m/s end=goal t= 2005.4s
[TRAIN][PPO] ep=112/500 r=  652.18 avg10=  652.52 steps=1555 succ10=1.00 touch10=1.00 col10=0.00 to10=0.00 min_d= 0.30 avg_spd=1.89m/s end=goal t= 2025.2s
[TRAIN][PPO] ep=113/500 r=  204.85 avg10=  606.93 steps= 769 succ10=0.90 touch10=0.90 col10=0.10 to10=0.00 min_d= 2.25 avg_spd=1.79m/s end=collision t= 2034.5s
[TRAIN][PPO] ep=114/500 r=  645.70 avg10=  605.49 steps=1550 succ10=0.90 touch10=0.90 col10=0.10 to10=0.00 min_d= 0.30 avg_spd=1.86m/s end=goal t= 2053.0s
[TRAIN][PPO] ep=115/500 r=  649.66 avg10=  605.25 steps=1536 succ10=0.90 touch10=0.90 col10=0.10 to10=0.00 min_d= 0.30 avg_spd=1.88m/s end=goal t= 2071.1s
[TRAIN][PPO] ep=116/500 r=  648.12 avg10=  604.20 steps=1542 succ10=0.90 touch10=0.90 col10=0.10 to10=0.00 min_d= 0.30 avg_spd=1.86m/s end=goal t= 2090.6s
[TRAIN][PPO] ep=117/500 r=  644.39 avg10=  604.35 steps=1558 succ10=0.90 touch10=0.90 col10=0.10 to10=0.00 min_d= 0.30 avg_spd=1.87m/s end=goal t= 2109.6s
[TRAIN][PPO] ep=118/500 r=  657.06 avg10=  605.43 steps=1576 succ10=0.90 touch10=0.90 col10=0.10 to10=0.00 min_d= 0.30 avg_spd=1.84m/s end=goal t= 2128.8s
[TRAIN][PPO] ep=119/500 r=  654.07 avg10=  606.14 steps=1588 succ10=0.90 touch10=0.90 col10=0.10 to10=0.00 min_d= 0.30 avg_spd=1.86m/s end=goal t= 2147.7s
[TRAIN][PPO] ep=120/500 r=  658.67 avg10=  606.15 steps=1584 succ10=0.90 touch10=0.90 col10=0.10 to10=0.00 min_d= 0.30 avg_spd=1.86m/s end=goal t= 2169.0s
[TRAIN][PPO] ep=121/500 r=  653.76 avg10=  606.85 steps=1550 succ10=0.90 touch10=0.90 col10=0.10 to10=0.00 min_d= 0.30 avg_spd=1.86m/s end=goal t= 2187.0s
[TRAIN][PPO] ep=122/500 r=  651.45 avg10=  606.77 steps=1545 succ10=0.90 touch10=0.90 col10=0.10 to10=0.00 min_d= 0.30 avg_spd=1.83m/s end=goal t= 2205.2s
[TRAIN][PPO] ep=123/500 r=  656.82 avg10=  651.97 steps=1606 succ10=1.00 touch10=1.00 col10=0.00 to10=0.00 min_d= 0.30 avg_spd=1.87m/s end=goal t= 2224.6s
[TRAIN][PPO] ep=124/500 r=  658.05 avg10=  653.20 steps=1644 succ10=1.00 touch10=1.00 col10=0.00 to10=0.00 min_d= 0.30 avg_spd=1.85m/s end=goal t= 2248.0s
[TRAIN][PPO] ep=125/500 r=  658.83 avg10=  654.12 steps=1566 succ10=1.00 touch10=1.00 col10=0.00 to10=0.00 min_d= 0.30 avg_spd=1.86m/s end=goal t= 2266.9s
[TRAIN][PPO] ep=126/500 r=  654.23 avg10=  654.73 steps=1551 succ10=1.00 touch10=1.00 col10=0.00 to10=0.00 min_d= 0.30 avg_spd=1.85m/s end=goal t= 2286.1s
[TRAIN][PPO] ep=127/500 r=  656.11 avg10=  655.90 steps=1563 succ10=1.00 touch10=1.00 col10=0.00 to10=0.00 min_d= 0.30 avg_spd=1.85m/s end=goal t= 2304.5s
[TRAIN][PPO] ep=128/500 r=  662.82 avg10=  656.48 steps=1589 succ10=1.00 touch10=1.00 col10=0.00 to10=0.00 min_d= 0.30 avg_spd=1.85m/s end=goal t= 2327.0s
[TRAIN][PPO] ep=129/500 r=  655.73 avg10=  656.65 steps=1554 succ10=1.00 touch10=1.00 col10=0.00 to10=0.00 min_d= 0.30 avg_spd=1.87m/s end=goal t= 2345.3s
[TRAIN][PPO] ep=130/500 r=  660.77 avg10=  656.86 steps=1577 succ10=1.00 touch10=1.00 col10=0.00 to10=0.00 min_d= 0.30 avg_spd=1.86m/s end=goal t= 2363.8s
[TRAIN][PPO] ep=131/500 r=  658.40 avg10=  657.32 steps=1577 succ10=1.00 touch10=1.00 col10=0.00 to10=0.00 min_d= 0.30 avg_spd=1.88m/s end=goal t= 2382.5s
[TRAIN][PPO] ep=132/500 r=  654.16 avg10=  657.59 steps=1560 succ10=1.00 touch10=1.00 col10=0.00 to10=0.00 min_d= 0.30 avg_spd=1.88m/s end=goal t= 2404.8s
[TRAIN][PPO] ep=133/500 r=  661.43 avg10=  658.05 steps=1581 succ10=1.00 touch10=1.00 col10=0.00 to10=0.00 min_d= 0.30 avg_spd=1.83m/s end=goal t= 2423.5s
[TRAIN][PPO] ep=134/500 r=  661.67 avg10=  658.42 steps=1573 succ10=1.00 touch10=1.00 col10=0.00 to10=0.00 min_d= 0.30 avg_spd=1.88m/s end=goal t= 2441.7s
[TRAIN][PPO] ep=135/500 r=  635.29 avg10=  656.06 steps=1514 succ10=1.00 touch10=1.00 col10=0.00 to10=0.00 min_d= 0.30 avg_spd=1.89m/s end=goal t= 2459.2s
[TRAIN][PPO] ep=136/500 r=  663.72 avg10=  657.01 steps=1617 succ10=1.00 touch10=1.00 col10=0.00 to10=0.00 min_d= 0.30 avg_spd=1.85m/s end=goal t= 2480.3s
[TRAIN][PPO] ep=137/500 r=  647.97 avg10=  656.20 steps=1533 succ10=1.00 touch10=1.00 col10=0.00 to10=0.00 min_d= 0.30 avg_spd=1.88m/s end=goal t= 2498.2s
[TRAIN][PPO] ep=138/500 r=  647.40 avg10=  654.66 steps=1541 succ10=1.00 touch10=1.00 col10=0.00 to10=0.00 min_d= 0.30 avg_spd=1.87m/s end=goal t= 2516.3s
[TRAIN][PPO] ep=139/500 r=  652.13 avg10=  654.29 steps=1549 succ10=1.00 touch10=1.00 col10=0.00 to10=0.00 min_d= 0.30 avg_spd=1.88m/s end=goal t= 2534.7s
[TRAIN][PPO] ep=140/500 r=  653.54 avg10=  653.57 steps=1613 succ10=1.00 touch10=1.00 col10=0.00 to10=0.00 min_d= 0.30 avg_spd=1.87m/s end=goal t= 2557.0s
[TRAIN][PPO] ep=141/500 r=  658.99 avg10=  653.63 steps=1597 succ10=1.00 touch10=1.00 col10=0.00 to10=0.00 min_d= 0.30 avg_spd=1.87m/s end=goal t= 2575.3s
[TRAIN][PPO] ep=142/500 r=  667.30 avg10=  654.94 steps=1591 succ10=1.00 touch10=1.00 col10=0.00 to10=0.00 min_d= 0.30 avg_spd=1.86m/s end=goal t= 2593.7s ckpt=best_goal
[TRAIN][PPO] ep=143/500 r=  655.37 avg10=  654.34 steps=1561 succ10=1.00 touch10=1.00 col10=0.00 to10=0.00 min_d= 0.30 avg_spd=1.84m/s end=goal t= 2611.9s
[TRAIN][PPO] ep=144/500 r=  648.72 avg10=  653.04 steps=1550 succ10=1.00 touch10=1.00 col10=0.00 to10=0.00 min_d= 0.30 avg_spd=1.88m/s end=goal t= 2631.5s
[TRAIN][PPO] ep=145/500 r=  651.71 avg10=  654.68 steps=1585 succ10=1.00 touch10=1.00 col10=0.00 to10=0.00 min_d= 0.30 avg_spd=1.87m/s end=goal t= 2649.3s
[TRAIN][PPO] ep=146/500 r=  648.37 avg10=  653.15 steps=1535 succ10=1.00 touch10=1.00 col10=0.00 to10=0.00 min_d= 0.30 avg_spd=1.86m/s end=goal t= 2666.8s
[TRAIN][PPO] ep=147/500 r=  654.48 avg10=  653.80 steps=1599 succ10=1.00 touch10=1.00 col10=0.00 to10=0.00 min_d= 0.30 avg_spd=1.89m/s end=goal t= 2685.7s
[TRAIN][PPO] ep=148/500 r=  636.31 avg10=  652.69 steps=1501 succ10=1.00 touch10=1.00 col10=0.00 to10=0.00 min_d= 0.30 avg_spd=1.90m/s end=goal t= 2705.2s
[TRAIN][PPO] ep=149/500 r=  633.40 avg10=  650.82 steps=1509 succ10=1.00 touch10=1.00 col10=0.00 to10=0.00 min_d= 0.30 avg_spd=1.90m/s end=goal t= 2723.3s
[TRAIN][PPO] ep=150/500 r=  649.93 avg10=  650.46 steps=1554 succ10=1.00 touch10=1.00 col10=0.00 to10=0.00 min_d= 0.30 avg_spd=1.90m/s end=goal t= 2741.1s
[TRAIN][PPO] ep=151/500 r=  648.34 avg10=  649.39 steps=1538 succ10=1.00 touch10=1.00 col10=0.00 to10=0.00 min_d= 0.30 avg_spd=1.85m/s end=goal t= 2759.2s
[TRAIN][PPO] ep=152/500 r=  638.59 avg10=  646.52 steps=1512 succ10=1.00 touch10=1.00 col10=0.00 to10=0.00 min_d= 0.30 avg_spd=1.89m/s end=goal t= 2779.1s
[TRAIN][PPO] ep=153/500 r=  648.91 avg10=  645.88 steps=1547 succ10=1.00 touch10=1.00 col10=0.00 to10=0.00 min_d= 0.30 avg_spd=1.91m/s end=goal t= 2798.0s
[TRAIN][PPO] ep=154/500 r=  655.98 avg10=  646.60 steps=1566 succ10=1.00 touch10=1.00 col10=0.00 to10=0.00 min_d= 0.30 avg_spd=1.89m/s end=goal t= 2816.2s
[TRAIN][PPO] ep=155/500 r=  649.90 avg10=  646.42 steps=1550 succ10=1.00 touch10=1.00 col10=0.00 to10=0.00 min_d= 0.30 avg_spd=1.89m/s end=goal t= 2834.1s
[TRAIN][PPO] ep=156/500 r=  652.40 avg10=  646.82 steps=1567 succ10=1.00 touch10=1.00 col10=0.00 to10=0.00 min_d= 0.30 avg_spd=1.87m/s end=goal t= 2856.0s
[TRAIN][PPO] ep=157/500 r=  645.88 avg10=  645.96 steps=1538 succ10=1.00 touch10=1.00 col10=0.00 to10=0.00 min_d= 0.30 avg_spd=1.90m/s end=goal t= 2873.0s
[TRAIN][PPO] ep=158/500 r=  636.17 avg10=  645.95 steps=1509 succ10=1.00 touch10=1.00 col10=0.00 to10=0.00 min_d= 0.30 avg_spd=1.90m/s end=goal t= 2889.9s
[TRAIN][PPO] ep=159/500 r=  635.56 avg10=  646.17 steps=1512 succ10=1.00 touch10=1.00 col10=0.00 to10=0.00 min_d= 0.30 avg_spd=1.90m/s end=goal t= 2907.2s
[TRAIN][PPO] ep=160/500 r=  648.31 avg10=  646.00 steps=1538 succ10=1.00 touch10=1.00 col10=0.00 to10=0.00 min_d= 0.30 avg_spd=1.91m/s end=goal t= 2926.0s
[TRAIN][PPO] ep=161/500 r=  638.20 avg10=  644.99 steps=1511 succ10=1.00 touch10=1.00 col10=0.00 to10=0.00 min_d= 0.30 avg_spd=1.91m/s end=goal t= 2941.9s
[TRAIN][PPO] ep=162/500 r=  648.94 avg10=  646.02 steps=1543 succ10=1.00 touch10=1.00 col10=0.00 to10=0.00 min_d= 0.30 avg_spd=1.91m/s end=goal t= 2959.5s
[TRAIN][PPO] ep=163/500 r=  646.93 avg10=  645.83 steps=1550 succ10=1.00 touch10=1.00 col10=0.00 to10=0.00 min_d= 0.30 avg_spd=1.90m/s end=goal t= 2976.9s
[TRAIN][PPO] ep=164/500 r=  638.66 avg10=  644.09 steps=1513 succ10=1.00 touch10=1.00 col10=0.00 to10=0.00 min_d= 0.30 avg_spd=1.93m/s end=goal t= 2995.8s
[TRAIN][PPO] ep=165/500 r=  636.37 avg10=  642.74 steps=1520 succ10=1.00 touch10=1.00 col10=0.00 to10=0.00 min_d= 0.30 avg_spd=1.89m/s end=goal t= 3013.2s
[TRAIN][PPO] ep=166/500 r=  627.24 avg10=  640.23 steps=1509 succ10=1.00 touch10=1.00 col10=0.00 to10=0.00 min_d= 0.30 avg_spd=1.92m/s end=goal t= 3030.3s
[TRAIN][PPO] ep=167/500 r=  637.51 avg10=  639.39 steps=1539 succ10=1.00 touch10=1.00 col10=0.00 to10=0.00 min_d= 0.30 avg_spd=1.94m/s end=goal t= 3047.6s
[TRAIN][PPO] ep=168/500 r=  641.31 avg10=  639.90 steps=1532 succ10=1.00 touch10=1.00 col10=0.00 to10=0.00 min_d= 0.30 avg_spd=1.90m/s end=goal t= 3066.0s
[TRAIN][PPO] ep=169/500 r=  648.00 avg10=  641.15 steps=1542 succ10=1.00 touch10=1.00 col10=0.00 to10=0.00 min_d= 0.30 avg_spd=1.92m/s end=goal t= 3083.4s
[TRAIN][PPO] ep=170/500 r=  632.96 avg10=  639.61 steps=1540 succ10=1.00 touch10=1.00 col10=0.00 to10=0.00 min_d= 0.30 avg_spd=1.92m/s end=goal t= 3100.8s
[TRAIN][PPO] ep=171/500 r=  649.42 avg10=  640.74 steps=1550 succ10=1.00 touch10=1.00 col10=0.00 to10=0.00 min_d= 0.30 avg_spd=1.91m/s end=goal t= 3118.6s
[TRAIN][PPO] ep=172/500 r=  643.41 avg10=  640.18 steps=1532 succ10=1.00 touch10=1.00 col10=0.00 to10=0.00 min_d= 0.30 avg_spd=1.90m/s end=goal t= 3137.1s
[TRAIN][PPO] ep=173/500 r=  629.96 avg10=  638.48 steps=1475 succ10=1.00 touch10=1.00 col10=0.00 to10=0.00 min_d= 0.30 avg_spd=1.92m/s end=goal t= 3153.9s
[TRAIN][PPO] ep=174/500 r=  630.02 avg10=  637.62 steps=1473 succ10=1.00 touch10=1.00 col10=0.00 to10=0.00 min_d= 0.30 avg_spd=1.92m/s end=goal t= 3170.1s
[TRAIN][PPO] ep=175/500 r=  648.28 avg10=  638.81 steps=1567 succ10=1.00 touch10=1.00 col10=0.00 to10=0.00 min_d= 0.30 avg_spd=1.91m/s end=goal t= 3187.4s
[TRAIN][PPO] ep=176/500 r=  646.14 avg10=  640.70 steps=1541 succ10=1.00 touch10=1.00 col10=0.00 to10=0.00 min_d= 0.30 avg_spd=1.90m/s end=goal t= 3205.8s
[TRAIN][PPO] ep=177/500 r=  650.81 avg10=  642.03 steps=1547 succ10=1.00 touch10=1.00 col10=0.00 to10=0.00 min_d= 0.30 avg_spd=1.90m/s end=goal t= 3223.3s
[TRAIN][PPO] ep=178/500 r=  636.47 avg10=  641.55 steps=1495 succ10=1.00 touch10=1.00 col10=0.00 to10=0.00 min_d= 0.30 avg_spd=1.91m/s end=goal t= 3240.0s
[TRAIN][PPO] ep=179/500 r=  640.44 avg10=  640.79 steps=1513 succ10=1.00 touch10=1.00 col10=0.00 to10=0.00 min_d= 0.30 avg_spd=1.92m/s end=goal t= 3257.1s
[TRAIN][PPO] ep=180/500 r=  642.48 avg10=  641.74 steps=1514 succ10=1.00 touch10=1.00 col10=0.00 to10=0.00 min_d= 0.30 avg_spd=1.92m/s end=goal t= 3275.6s
[TRAIN][PPO] ep=181/500 r=  630.54 avg10=  639.86 steps=1543 succ10=1.00 touch10=1.00 col10=0.00 to10=0.00 min_d= 0.30 avg_spd=1.93m/s end=goal t= 3292.8s
[TRAIN][PPO] ep=182/500 r=  186.22 avg10=  594.14 steps= 722 succ10=0.90 touch10=0.90 col10=0.10 to10=0.00 min_d= 2.23 avg_spd=1.91m/s end=collision t= 3301.0s
[TRAIN][PPO] ep=183/500 r=  643.54 avg10=  595.49 steps=1518 succ10=0.90 touch10=0.90 col10=0.10 to10=0.00 min_d= 0.30 avg_spd=1.93m/s end=goal t= 3318.4s
[TRAIN][PPO] ep=184/500 r=  632.92 avg10=  595.78 steps=1505 succ10=0.90 touch10=0.90 col10=0.10 to10=0.00 min_d= 0.30 avg_spd=1.92m/s end=goal t= 3337.4s
[TRAIN][PPO] ep=185/500 r=  643.27 avg10=  595.28 steps=1515 succ10=0.90 touch10=0.90 col10=0.10 to10=0.00 min_d= 0.30 avg_spd=1.92m/s end=goal t= 3354.2s
[TRAIN][PPO] ep=186/500 r=  631.78 avg10=  593.85 steps=1524 succ10=0.90 touch10=0.90 col10=0.10 to10=0.00 min_d= 0.30 avg_spd=1.91m/s end=goal t= 3371.2s
[TRAIN][PPO] ep=187/500 r=  633.57 avg10=  592.12 steps=1518 succ10=0.90 touch10=0.90 col10=0.10 to10=0.00 min_d= 0.30 avg_spd=1.93m/s end=goal t= 3388.8s
[TRAIN][PPO] ep=188/500 r=  637.82 avg10=  592.26 steps=1495 succ10=0.90 touch10=0.90 col10=0.10 to10=0.00 min_d= 0.30 avg_spd=1.92m/s end=goal t= 3406.7s
[TRAIN][PPO] ep=189/500 r=  626.36 avg10=  590.85 steps=1502 succ10=0.90 touch10=0.90 col10=0.10 to10=0.00 min_d= 0.30 avg_spd=1.93m/s end=goal t= 3423.7s
[TRAIN][PPO] ep=190/500 r=  186.86 avg10=  545.29 steps= 695 succ10=0.80 touch10=0.80 col10=0.20 to10=0.00 min_d= 2.31 avg_spd=1.90m/s end=collision t= 3431.6s
[TRAIN][PPO] ep=191/500 r=  639.67 avg10=  546.20 steps=1508 succ10=0.80 touch10=0.80 col10=0.20 to10=0.00 min_d= 0.30 avg_spd=1.91m/s end=goal t= 3449.1s
[TRAIN][PPO] ep=192/500 r=  648.07 avg10=  592.38 steps=1533 succ10=0.90 touch10=0.90 col10=0.10 to10=0.00 min_d= 0.30 avg_spd=1.91m/s end=goal t= 3467.3s
[TRAIN][PPO] ep=193/500 r=  641.10 avg10=  592.14 steps=1515 succ10=0.90 touch10=0.90 col10=0.10 to10=0.00 min_d= 0.30 avg_spd=1.93m/s end=goal t= 3484.1s
[TRAIN][PPO] ep=194/500 r=  191.38 avg10=  547.99 steps= 706 succ10=0.80 touch10=0.80 col10=0.20 to10=0.00 min_d= 2.22 avg_spd=1.92m/s end=collision t= 3492.0s
[TRAIN][PPO] ep=195/500 r=  637.96 avg10=  547.46 steps=1507 succ10=0.80 touch10=0.80 col10=0.20 to10=0.00 min_d= 0.30 avg_spd=1.94m/s end=goal t= 3509.3s
[TRAIN][PPO] ep=196/500 r=  210.50 avg10=  505.33 steps= 756 succ10=0.70 touch10=0.70 col10=0.30 to10=0.00 min_d= 2.16 avg_spd=1.93m/s end=collision t= 3518.7s
[TRAIN][PPO] ep=197/500 r=  633.50 avg10=  505.32 steps=1491 succ10=0.70 touch10=0.70 col10=0.30 to10=0.00 min_d= 0.30 avg_spd=1.93m/s end=goal t= 3535.5s
[TRAIN][PPO] ep=198/500 r=  640.24 avg10=  505.56 steps=1520 succ10=0.70 touch10=0.70 col10=0.30 to10=0.00 min_d= 0.30 avg_spd=1.94m/s end=goal t= 3552.6s
[TRAIN][PPO] ep=199/500 r=  642.02 avg10=  507.13 steps=1522 succ10=0.70 touch10=0.70 col10=0.30 to10=0.00 min_d= 0.30 avg_spd=1.92m/s end=goal t= 3569.9s
[TRAIN][PPO] ep=200/500 r=  631.89 avg10=  551.63 steps=1498 succ10=0.80 touch10=0.80 col10=0.20 to10=0.00 min_d= 0.30 avg_spd=1.93m/s end=goal t= 3589.7s ckpt=latest
[TRAIN][PPO] ep=201/500 r=  652.12 avg10=  552.88 steps=1566 succ10=0.80 touch10=0.80 col10=0.20 to10=0.00 min_d= 0.30 avg_spd=1.89m/s end=goal t= 3607.5s
[TRAIN][PPO] ep=202/500 r=  640.80 avg10=  552.15 steps=1512 succ10=0.80 touch10=0.80 col10=0.20 to10=0.00 min_d= 0.30 avg_spd=1.90m/s end=goal t= 3624.8s
[TRAIN][PPO] ep=203/500 r=  178.80 avg10=  505.92 steps= 682 succ10=0.70 touch10=0.70 col10=0.30 to10=0.00 min_d= 2.27 avg_spd=1.94m/s end=collision t= 3632.4s
[TRAIN][PPO] ep=204/500 r=  633.77 avg10=  550.16 steps=1495 succ10=0.80 touch10=0.80 col10=0.20 to10=0.00 min_d= 0.30 avg_spd=1.93m/s end=goal t= 3650.4s
[TRAIN][PPO] ep=205/500 r=  634.58 avg10=  549.82 steps=1498 succ10=0.80 touch10=0.80 col10=0.20 to10=0.00 min_d= 0.30 avg_spd=1.90m/s end=goal t= 3667.4s
[TRAIN][PPO] ep=206/500 r=  640.59 avg10=  592.83 steps=1518 succ10=0.90 touch10=0.90 col10=0.10 to10=0.00 min_d= 0.30 avg_spd=1.92m/s end=goal t= 3684.5s
[TRAIN][PPO] ep=207/500 r=  633.93 avg10=  592.87 steps=1491 succ10=0.90 touch10=0.90 col10=0.10 to10=0.00 min_d= 0.30 avg_spd=1.92m/s end=goal t= 3701.4s
[TRAIN][PPO] ep=208/500 r=  631.76 avg10=  592.02 steps=1485 succ10=0.90 touch10=0.90 col10=0.10 to10=0.00 min_d= 0.30 avg_spd=1.93m/s end=goal t= 3719.8s
[TRAIN][PPO] ep=209/500 r=  174.81 avg10=  545.30 steps= 654 succ10=0.80 touch10=0.80 col10=0.20 to10=0.00 min_d= 2.33 avg_spd=1.93m/s end=collision t= 3727.3s
[TRAIN][PPO] ep=210/500 r=  184.55 avg10=  500.57 steps= 706 succ10=0.70 touch10=0.70 col10=0.30 to10=0.00 min_d= 2.35 avg_spd=1.89m/s end=collision t= 3735.0s
[TRAIN][PPO] ep=211/500 r=  644.58 avg10=  499.82 steps=1542 succ10=0.70 touch10=0.70 col10=0.30 to10=0.00 min_d= 0.30 avg_spd=1.90m/s end=goal t= 3752.0s
[TRAIN][PPO] ep=212/500 r=  631.01 avg10=  498.84 steps=1484 succ10=0.70 touch10=0.70 col10=0.30 to10=0.00 min_d= 0.30 avg_spd=1.93m/s end=goal t= 3769.8s
[TRAIN][PPO] ep=213/500 r=  177.72 avg10=  498.73 steps= 684 succ10=0.70 touch10=0.70 col10=0.30 to10=0.00 min_d= 2.35 avg_spd=1.94m/s end=collision t= 3777.8s
[TRAIN][PPO] ep=214/500 r=  642.44 avg10=  499.60 steps=1510 succ10=0.70 touch10=0.70 col10=0.30 to10=0.00 min_d= 0.30 avg_spd=1.93m/s end=goal t= 3794.3s
[TRAIN][PPO] ep=215/500 r=  653.50 avg10=  501.49 steps=1570 succ10=0.70 touch10=0.70 col10=0.30 to10=0.00 min_d= 0.30 avg_spd=1.89m/s end=goal t= 3811.8s
[TRAIN][PPO] ep=216/500 r=  644.30 avg10=  501.86 steps=1526 succ10=0.70 touch10=0.70 col10=0.30 to10=0.00 min_d= 0.30 avg_spd=1.90m/s end=goal t= 3831.2s
[TRAIN][PPO] ep=217/500 r=  647.59 avg10=  503.23 steps=1548 succ10=0.70 touch10=0.70 col10=0.30 to10=0.00 min_d= 0.30 avg_spd=1.91m/s end=goal t= 3848.8s
[TRAIN][PPO] ep=218/500 r=  625.74 avg10=  502.62 steps=1467 succ10=0.70 touch10=0.70 col10=0.30 to10=0.00 min_d= 0.30 avg_spd=1.94m/s end=goal t= 3865.3s
[TRAIN][PPO] ep=219/500 r=  645.97 avg10=  549.74 steps=1536 succ10=0.80 touch10=0.80 col10=0.20 to10=0.00 min_d= 0.30 avg_spd=1.94m/s end=goal t= 3882.5s
[TRAIN][PPO] ep=220/500 r=  201.60 avg10=  551.45 steps= 741 succ10=0.80 touch10=0.80 col10=0.20 to10=0.00 min_d= 2.18 avg_spd=1.92m/s end=collision t= 3892.1s
[TRAIN][PPO] ep=221/500 r=  184.74 avg10=  505.46 steps= 690 succ10=0.70 touch10=0.70 col10=0.30 to10=0.00 min_d= 2.27 avg_spd=1.94m/s end=collision t= 3900.1s
[TRAIN][PPO] ep=222/500 r=  627.67 avg10=  505.13 steps=1484 succ10=0.70 touch10=0.70 col10=0.30 to10=0.00 min_d= 0.30 avg_spd=1.94m/s end=goal t= 3917.2s
[TRAIN][PPO] ep=223/500 r=  192.08 avg10=  506.56 steps= 702 succ10=0.70 touch10=0.70 col10=0.30 to10=0.00 min_d= 2.30 avg_spd=1.96m/s end=collision t= 3925.0s
[TRAIN][PPO] ep=224/500 r=  187.91 avg10=  461.11 steps= 690 succ10=0.60 touch10=0.60 col10=0.40 to10=0.00 min_d= 2.26 avg_spd=1.96m/s end=collision t= 3933.6s
[TRAIN][PPO] ep=225/500 r=  621.02 avg10=  457.86 steps=1488 succ10=0.60 touch10=0.60 col10=0.40 to10=0.00 min_d= 0.30 avg_spd=1.94m/s end=goal t= 3950.2s
[TRAIN][PPO] ep=226/500 r=  171.20 avg10=  410.55 steps= 649 succ10=0.50 touch10=0.50 col10=0.50 to10=0.00 min_d= 2.32 avg_spd=1.93m/s end=collision t= 3957.3s
[TRAIN][PPO] ep=227/500 r=  637.56 avg10=  409.55 steps=1508 succ10=0.50 touch10=0.50 col10=0.50 to10=0.00 min_d= 0.30 avg_spd=1.93m/s end=goal t= 3974.0s
[TRAIN][PPO] ep=228/500 r=  193.69 avg10=  366.34 steps= 711 succ10=0.40 touch10=0.40 col10=0.60 to10=0.00 min_d= 2.26 avg_spd=1.92m/s end=collision t= 3983.6s
[TRAIN][PPO] ep=229/500 r=  176.95 avg10=  319.44 steps= 664 succ10=0.30 touch10=0.30 col10=0.70 to10=0.00 min_d= 2.33 avg_spd=1.94m/s end=collision t= 3991.0s
[TRAIN][PPO] ep=230/500 r=  192.05 avg10=  318.49 steps= 720 succ10=0.30 touch10=0.30 col10=0.70 to10=0.00 min_d= 2.30 avg_spd=1.95m/s end=collision t= 3999.0s
[TRAIN][PPO] ep=231/500 r=  641.70 avg10=  364.18 steps=1517 succ10=0.40 touch10=0.40 col10=0.60 to10=0.00 min_d= 0.30 avg_spd=1.94m/s end=goal t= 4016.1s
[TRAIN][PPO] ep=232/500 r=  201.86 avg10=  321.60 steps= 730 succ10=0.30 touch10=0.30 col10=0.70 to10=0.00 min_d= 2.17 avg_spd=1.97m/s end=collision t= 4025.0s
[TRAIN][PPO] ep=233/500 r=  634.73 avg10=  365.87 steps=1494 succ10=0.40 touch10=0.40 col10=0.60 to10=0.00 min_d= 0.30 avg_spd=1.96m/s end=goal t= 4041.8s
[TRAIN][PPO] ep=234/500 r=  629.98 avg10=  410.07 steps=1475 succ10=0.50 touch10=0.50 col10=0.50 to10=0.00 min_d= 0.30 avg_spd=1.95m/s end=goal t= 4058.3s
[TRAIN][PPO] ep=235/500 r=  634.93 avg10=  411.46 steps=1495 succ10=0.50 touch10=0.50 col10=0.50 to10=0.00 min_d= 0.30 avg_spd=1.94m/s end=goal t= 4074.9s
[TRAIN][PPO] ep=236/500 r=  633.70 avg10=  457.71 steps=1494 succ10=0.60 touch10=0.60 col10=0.40 to10=0.00 min_d= 0.30 avg_spd=1.96m/s end=goal t= 4093.6s
[TRAIN][PPO] ep=237/500 r=  634.96 avg10=  457.46 steps=1492 succ10=0.60 touch10=0.60 col10=0.40 to10=0.00 min_d= 0.30 avg_spd=1.95m/s end=goal t= 4110.0s
[TRAIN][PPO] ep=238/500 r=  628.19 avg10=  500.91 steps=1478 succ10=0.70 touch10=0.70 col10=0.30 to10=0.00 min_d= 0.30 avg_spd=1.93m/s end=goal t= 4126.6s
[TRAIN][PPO] ep=239/500 r=  633.93 avg10=  546.60 steps=1506 succ10=0.80 touch10=0.80 col10=0.20 to10=0.00 min_d= 0.30 avg_spd=1.94m/s end=goal t= 4143.4s
[TRAIN][PPO] ep=240/500 r=  632.68 avg10=  590.67 steps=1486 succ10=0.90 touch10=0.90 col10=0.10 to10=0.00 min_d= 0.30 avg_spd=1.95m/s end=goal t= 4161.5s
[TRAIN][PPO] ep=241/500 r=  627.30 avg10=  589.23 steps=1465 succ10=0.90 touch10=0.90 col10=0.10 to10=0.00 min_d= 0.30 avg_spd=1.95m/s end=goal t= 4178.1s
[TRAIN][PPO] ep=242/500 r=  629.28 avg10=  631.97 steps=1473 succ10=1.00 touch10=1.00 col10=0.00 to10=0.00 min_d= 0.30 avg_spd=1.94m/s end=goal t= 4194.6s
[TRAIN][PPO] ep=243/500 r=  622.09 avg10=  630.71 steps=1466 succ10=1.00 touch10=1.00 col10=0.00 to10=0.00 min_d= 0.30 avg_spd=1.95m/s end=goal t= 4211.2s
[TRAIN][PPO] ep=244/500 r=  628.64 avg10=  630.57 steps=1477 succ10=1.00 touch10=1.00 col10=0.00 to10=0.00 min_d= 0.30 avg_spd=1.94m/s end=goal t= 4229.2s
[TRAIN][PPO] ep=245/500 r=  182.29 avg10=  585.31 steps= 674 succ10=0.90 touch10=0.90 col10=0.10 to10=0.00 min_d= 2.30 avg_spd=1.95m/s end=collision t= 4237.0s
[TRAIN][PPO] ep=246/500 r=  631.60 avg10=  585.10 steps=1504 succ10=0.90 touch10=0.90 col10=0.10 to10=0.00 min_d= 0.30 avg_spd=1.92m/s end=goal t= 4254.0s
[TRAIN][PPO] ep=247/500 r=  643.99 avg10=  586.00 steps=1548 succ10=0.90 touch10=0.90 col10=0.10 to10=0.00 min_d= 0.30 avg_spd=1.93m/s end=goal t= 4271.3s
[TRAIN][PPO] ep=248/500 r=  188.62 avg10=  542.04 steps= 712 succ10=0.80 touch10=0.80 col10=0.20 to10=0.00 min_d= 2.32 avg_spd=1.94m/s end=collision t= 4280.2s
[TRAIN][PPO] ep=249/500 r=  640.20 avg10=  542.67 steps=1519 succ10=0.80 touch10=0.80 col10=0.20 to10=0.00 min_d= 0.30 avg_spd=1.92m/s end=goal t= 4297.5s
[TRAIN][PPO] ep=250/500 r=  637.69 avg10=  543.17 steps=1532 succ10=0.80 touch10=0.80 col10=0.20 to10=0.00 min_d= 0.30 avg_spd=1.92m/s end=goal t= 4314.5s
[TRAIN][PPO] ep=251/500 r=  634.33 avg10=  543.87 steps=1502 succ10=0.80 touch10=0.80 col10=0.20 to10=0.00 min_d= 0.30 avg_spd=1.91m/s end=goal t= 4331.2s
[TRAIN][PPO] ep=252/500 r=  637.53 avg10=  544.70 steps=1509 succ10=0.80 touch10=0.80 col10=0.20 to10=0.00 min_d= 0.30 avg_spd=1.94m/s end=goal t= 4349.3s
[TRAIN][PPO] ep=253/500 r=  634.27 avg10=  545.91 steps=1517 succ10=0.80 touch10=0.80 col10=0.20 to10=0.00 min_d= 0.30 avg_spd=1.93m/s end=goal t= 4366.3s
[TRAIN][PPO] ep=254/500 r=  636.75 avg10=  546.73 steps=1515 succ10=0.80 touch10=0.80 col10=0.20 to10=0.00 min_d= 0.30 avg_spd=1.94m/s end=goal t= 4383.2s
[TRAIN][PPO] ep=255/500 r=  645.13 avg10=  593.01 steps=1525 succ10=0.90 touch10=0.90 col10=0.10 to10=0.00 min_d= 0.30 avg_spd=1.94m/s end=goal t= 4400.1s
[TRAIN][PPO] ep=256/500 r=  632.76 avg10=  593.13 steps=1494 succ10=0.90 touch10=0.90 col10=0.10 to10=0.00 min_d= 0.30 avg_spd=1.92m/s end=goal t= 4418.5s
[TRAIN][PPO] ep=257/500 r=  633.58 avg10=  592.08 steps=1486 succ10=0.90 touch10=0.90 col10=0.10 to10=0.00 min_d= 0.30 avg_spd=1.93m/s end=goal t= 4434.8s
[TRAIN][PPO] ep=258/500 r=  636.26 avg10=  636.85 steps=1505 succ10=1.00 touch10=1.00 col10=0.00 to10=0.00 min_d= 0.30 avg_spd=1.92m/s end=goal t= 4451.6s
[TRAIN][PPO] ep=259/500 r=  641.41 avg10=  636.97 steps=1519 succ10=1.00 touch10=1.00 col10=0.00 to10=0.00 min_d= 0.30 avg_spd=1.94m/s end=goal t= 4468.6s
[TRAIN][PPO] ep=260/500 r=  636.67 avg10=  636.87 steps=1501 succ10=1.00 touch10=1.00 col10=0.00 to10=0.00 min_d= 0.30 avg_spd=1.94m/s end=goal t= 4487.1s
[TRAIN][PPO] ep=261/500 r=  625.79 avg10=  636.01 steps=1470 succ10=1.00 touch10=1.00 col10=0.00 to10=0.00 min_d= 0.30 avg_spd=1.93m/s end=goal t= 4503.3s
[TRAIN][PPO] ep=262/500 r=  627.02 avg10=  634.96 steps=1475 succ10=1.00 touch10=1.00 col10=0.00 to10=0.00 min_d= 0.30 avg_spd=1.94m/s end=goal t= 4520.1s
[TRAIN][PPO] ep=263/500 r=  626.66 avg10=  634.20 steps=1467 succ10=1.00 touch10=1.00 col10=0.00 to10=0.00 min_d= 0.30 avg_spd=1.95m/s end=goal t= 4536.7s
[TRAIN][PPO] ep=264/500 r=  639.96 avg10=  634.52 steps=1512 succ10=1.00 touch10=1.00 col10=0.00 to10=0.00 min_d= 0.30 avg_spd=1.94m/s end=goal t= 4555.1s
[TRAIN][PPO] ep=265/500 r=  631.97 avg10=  633.21 steps=1484 succ10=1.00 touch10=1.00 col10=0.00 to10=0.00 min_d= 0.30 avg_spd=1.93m/s end=goal t= 4571.4s
[TRAIN][PPO] ep=266/500 r=  635.67 avg10=  633.50 steps=1528 succ10=1.00 touch10=1.00 col10=0.00 to10=0.00 min_d= 0.30 avg_spd=1.93m/s end=goal t= 4588.5s
[TRAIN][PPO] ep=267/500 r=  647.70 avg10=  634.91 steps=1549 succ10=1.00 touch10=1.00 col10=0.00 to10=0.00 min_d= 0.30 avg_spd=1.92m/s end=goal t= 4605.7s
[TRAIN][PPO] ep=268/500 r=  640.67 avg10=  635.35 steps=1511 succ10=1.00 touch10=1.00 col10=0.00 to10=0.00 min_d= 0.30 avg_spd=1.92m/s end=goal t= 4624.5s
[TRAIN][PPO] ep=269/500 r=  636.44 avg10=  634.85 steps=1503 succ10=1.00 touch10=1.00 col10=0.00 to10=0.00 min_d= 0.30 avg_spd=1.92m/s end=goal t= 4641.8s
[TRAIN][PPO] ep=270/500 r=  647.31 avg10=  635.92 steps=1561 succ10=1.00 touch10=1.00 col10=0.00 to10=0.00 min_d= 0.30 avg_spd=1.92m/s end=goal t= 4658.9s
[TRAIN][PPO] ep=271/500 r=  637.40 avg10=  637.08 steps=1514 succ10=1.00 touch10=1.00 col10=0.00 to10=0.00 min_d= 0.30 avg_spd=1.94m/s end=goal t= 4676.0s
[TRAIN][PPO] ep=272/500 r=  640.49 avg10=  638.43 steps=1509 succ10=1.00 touch10=1.00 col10=0.00 to10=0.00 min_d= 0.30 avg_spd=1.94m/s end=goal t= 4694.4s
[TRAIN][PPO] ep=273/500 r=  629.59 avg10=  638.72 steps=1502 succ10=1.00 touch10=1.00 col10=0.00 to10=0.00 min_d= 0.30 avg_spd=1.94m/s end=goal t= 4711.3s
[TRAIN][PPO] ep=274/500 r=  625.48 avg10=  637.27 steps=1473 succ10=1.00 touch10=1.00 col10=0.00 to10=0.00 min_d= 0.30 avg_spd=1.96m/s end=goal t= 4727.9s
[TRAIN][PPO] ep=275/500 r=  639.12 avg10=  637.99 steps=1546 succ10=1.00 touch10=1.00 col10=0.00 to10=0.00 min_d= 0.30 avg_spd=1.92m/s end=goal t= 4745.1s
[TRAIN][PPO] ep=276/500 r=  631.45 avg10=  637.57 steps=1481 succ10=1.00 touch10=1.00 col10=0.00 to10=0.00 min_d= 0.30 avg_spd=1.95m/s end=goal t= 4763.2s
[TRAIN][PPO] ep=277/500 r=  628.17 avg10=  635.61 steps=1489 succ10=1.00 touch10=1.00 col10=0.00 to10=0.00 min_d= 0.30 avg_spd=1.95m/s end=goal t= 4780.2s
[TRAIN][PPO] ep=278/500 r=  629.95 avg10=  634.54 steps=1490 succ10=1.00 touch10=1.00 col10=0.00 to10=0.00 min_d= 0.30 avg_spd=1.96m/s end=goal t= 4797.2s
[TRAIN][PPO] ep=279/500 r=  635.83 avg10=  634.48 steps=1494 succ10=1.00 touch10=1.00 col10=0.00 to10=0.00 min_d= 0.30 avg_spd=1.94m/s end=goal t= 4814.9s
[TRAIN][PPO] ep=280/500 r=  644.28 avg10=  634.17 steps=1528 succ10=1.00 touch10=1.00 col10=0.00 to10=0.00 min_d= 0.30 avg_spd=1.93m/s end=goal t= 4833.9s
[TRAIN][PPO] ep=281/500 r=  624.12 avg10=  632.85 steps=1460 succ10=1.00 touch10=1.00 col10=0.00 to10=0.00 min_d= 0.30 avg_spd=1.96m/s end=goal t= 4850.5s
[TRAIN][PPO] ep=282/500 r=  626.40 avg10=  631.44 steps=1467 succ10=1.00 touch10=1.00 col10=0.00 to10=0.00 min_d= 0.30 avg_spd=1.97m/s end=goal t= 4867.3s
[TRAIN][PPO] ep=283/500 r=  634.84 avg10=  631.96 steps=1500 succ10=1.00 touch10=1.00 col10=0.00 to10=0.00 min_d= 0.30 avg_spd=1.96m/s end=goal t= 4885.0s
[TRAIN][PPO] ep=284/500 r=  624.03 avg10=  631.82 steps=1463 succ10=1.00 touch10=1.00 col10=0.00 to10=0.00 min_d= 0.30 avg_spd=1.97m/s end=goal t= 4903.5s
[TRAIN][PPO] ep=285/500 r=  618.60 avg10=  629.77 steps=1447 succ10=1.00 touch10=1.00 col10=0.00 to10=0.00 min_d= 0.30 avg_spd=1.97m/s end=goal t= 4920.3s
[TRAIN][PPO] ep=286/500 r=  637.45 avg10=  630.37 steps=1501 succ10=1.00 touch10=1.00 col10=0.00 to10=0.00 min_d= 0.30 avg_spd=1.96m/s end=goal t= 4937.9s
[TRAIN][PPO] ep=287/500 r=  629.24 avg10=  630.47 steps=1475 succ10=1.00 touch10=1.00 col10=0.00 to10=0.00 min_d= 0.30 avg_spd=1.97m/s end=goal t= 4954.9s
[TRAIN][PPO] ep=288/500 r=  619.31 avg10=  629.41 steps=1440 succ10=1.00 touch10=1.00 col10=0.00 to10=0.00 min_d= 0.30 avg_spd=1.98m/s end=goal t= 4973.7s
[TRAIN][PPO] ep=289/500 r=  613.63 avg10=  627.19 steps=1458 succ10=1.00 touch10=1.00 col10=0.00 to10=0.00 min_d= 0.30 avg_spd=1.98m/s end=goal t= 4990.6s
[TRAIN][PPO] ep=290/500 r=  634.31 avg10=  626.19 steps=1491 succ10=1.00 touch10=1.00 col10=0.00 to10=0.00 min_d= 0.30 avg_spd=1.98m/s end=goal t= 5007.6s
[TRAIN][PPO] ep=291/500 r=  634.26 avg10=  627.21 steps=1515 succ10=1.00 touch10=1.00 col10=0.00 to10=0.00 min_d= 0.30 avg_spd=1.97m/s end=goal t= 5025.3s
[TRAIN][PPO] ep=292/500 r=  631.08 avg10=  627.68 steps=1481 succ10=1.00 touch10=1.00 col10=0.00 to10=0.00 min_d= 0.30 avg_spd=1.98m/s end=goal t= 5043.9s
[TRAIN][PPO] ep=293/500 r=  623.64 avg10=  626.56 steps=1466 succ10=1.00 touch10=1.00 col10=0.00 to10=0.00 min_d= 0.30 avg_spd=1.97m/s end=goal t= 5061.0s
[TRAIN][PPO] ep=294/500 r=  619.81 avg10=  626.13 steps=1451 succ10=1.00 touch10=1.00 col10=0.00 to10=0.00 min_d= 0.30 avg_spd=1.99m/s end=goal t= 5077.4s
[TRAIN][PPO] ep=295/500 r=  624.30 avg10=  626.70 steps=1500 succ10=1.00 touch10=1.00 col10=0.00 to10=0.00 min_d= 0.30 avg_spd=1.97m/s end=goal t= 5094.3s
[TRAIN][PPO] ep=296/500 r=  628.54 avg10=  625.81 steps=1477 succ10=1.00 touch10=1.00 col10=0.00 to10=0.00 min_d= 0.30 avg_spd=1.96m/s end=goal t= 5113.8s
[TRAIN][PPO] ep=297/500 r=  627.30 avg10=  625.62 steps=1469 succ10=1.00 touch10=1.00 col10=0.00 to10=0.00 min_d= 0.30 avg_spd=1.98m/s end=goal t= 5130.6s
[TRAIN][PPO] ep=298/500 r=  618.77 avg10=  625.56 steps=1447 succ10=1.00 touch10=1.00 col10=0.00 to10=0.00 min_d= 0.30 avg_spd=1.96m/s end=goal t= 5147.0s
[TRAIN][PPO] ep=299/500 r=  622.65 avg10=  626.47 steps=1456 succ10=1.00 touch10=1.00 col10=0.00 to10=0.00 min_d= 0.30 avg_spd=1.99m/s end=goal t= 5164.1s
[TRAIN][PPO] ep=300/500 r=  627.91 avg10=  625.83 steps=1510 succ10=1.00 touch10=1.00 col10=0.00 to10=0.00 min_d= 0.30 avg_spd=1.98m/s end=goal t= 5182.3s ckpt=latest
[TRAIN][PPO] ep=301/500 r=  615.46 avg10=  623.95 steps=1445 succ10=1.00 touch10=1.00 col10=0.00 to10=0.00 min_d= 0.30 avg_spd=1.98m/s end=goal t= 5198.7s
[TRAIN][PPO] ep=302/500 r=  615.05 avg10=  622.34 steps=1430 succ10=1.00 touch10=1.00 col10=0.00 to10=0.00 min_d= 0.30 avg_spd=1.98m/s end=goal t= 5214.8s
[TRAIN][PPO] ep=303/500 r=  634.01 avg10=  623.38 steps=1496 succ10=1.00 touch10=1.00 col10=0.00 to10=0.00 min_d= 0.30 avg_spd=1.98m/s end=goal t= 5231.3s
[TRAIN][PPO] ep=304/500 r=  628.77 avg10=  624.28 steps=1489 succ10=1.00 touch10=1.00 col10=0.00 to10=0.00 min_d= 0.30 avg_spd=1.95m/s end=goal t= 5249.5s
[TRAIN][PPO] ep=305/500 r=  625.47 avg10=  624.39 steps=1475 succ10=1.00 touch10=1.00 col10=0.00 to10=0.00 min_d= 0.30 avg_spd=1.98m/s end=goal t= 5265.8s
[TRAIN][PPO] ep=306/500 r=  621.12 avg10=  623.65 steps=1470 succ10=1.00 touch10=1.00 col10=0.00 to10=0.00 min_d= 0.30 avg_spd=1.99m/s end=goal t= 5281.7s
[TRAIN][PPO] ep=307/500 r=  624.66 avg10=  623.39 steps=1475 succ10=1.00 touch10=1.00 col10=0.00 to10=0.00 min_d= 0.30 avg_spd=1.99m/s end=goal t= 5297.9s
[TRAIN][PPO] ep=308/500 r=  624.21 avg10=  623.93 steps=1478 succ10=1.00 touch10=1.00 col10=0.00 to10=0.00 min_d= 0.30 avg_spd=1.98m/s end=goal t= 5317.0s
[TRAIN][PPO] ep=309/500 r=  618.35 avg10=  623.50 steps=1455 succ10=1.00 touch10=1.00 col10=0.00 to10=0.00 min_d= 0.30 avg_spd=2.00m/s end=goal t= 5332.9s
[TRAIN][PPO] ep=310/500 r=  623.71 avg10=  623.08 steps=1514 succ10=1.00 touch10=1.00 col10=0.00 to10=0.00 min_d= 0.30 avg_spd=2.00m/s end=goal t= 5349.6s
[TRAIN][PPO] ep=311/500 r=  626.71 avg10=  624.21 steps=1507 succ10=1.00 touch10=1.00 col10=0.00 to10=0.00 min_d= 0.30 avg_spd=1.98m/s end=goal t= 5366.3s
[TRAIN][PPO] ep=312/500 r=  629.95 avg10=  625.70 steps=1484 succ10=1.00 touch10=1.00 col10=0.00 to10=0.00 min_d= 0.30 avg_spd=2.00m/s end=goal t= 5385.1s
[TRAIN][PPO] ep=313/500 r=  614.39 avg10=  623.73 steps=1473 succ10=1.00 touch10=1.00 col10=0.00 to10=0.00 min_d= 0.30 avg_spd=1.98m/s end=goal t= 5401.6s
[TRAIN][PPO] ep=314/500 r=  620.76 avg10=  622.93 steps=1467 succ10=1.00 touch10=1.00 col10=0.00 to10=0.00 min_d= 0.30 avg_spd=2.00m/s end=goal t= 5418.4s
[TRAIN][PPO] ep=315/500 r=  617.02 avg10=  622.09 steps=1458 succ10=1.00 touch10=1.00 col10=0.00 to10=0.00 min_d= 0.30 avg_spd=1.99m/s end=goal t= 5434.9s
[TRAIN][PPO] ep=316/500 r=  633.93 avg10=  623.37 steps=1509 succ10=1.00 touch10=1.00 col10=0.00 to10=0.00 min_d= 0.30 avg_spd=1.98m/s end=goal t= 5453.8s
[TRAIN][PPO] ep=317/500 r=  612.39 avg10=  622.14 steps=1439 succ10=1.00 touch10=1.00 col10=0.00 to10=0.00 min_d= 0.30 avg_spd=2.02m/s end=goal t= 5470.2s
[TRAIN][PPO] ep=318/500 r=  632.40 avg10=  622.96 steps=1490 succ10=1.00 touch10=1.00 col10=0.00 to10=0.00 min_d= 0.30 avg_spd=1.99m/s end=goal t= 5486.9s
[TRAIN][PPO] ep=319/500 r=  622.07 avg10=  623.33 steps=1458 succ10=1.00 touch10=1.00 col10=0.00 to10=0.00 min_d= 0.30 avg_spd=2.00m/s end=goal t= 5503.0s
[TRAIN][PPO] ep=320/500 r=  608.66 avg10=  621.83 steps=1416 succ10=1.00 touch10=1.00 col10=0.00 to10=0.00 min_d= 0.30 avg_spd=2.01m/s end=goal t= 5520.1s
[TRAIN][PPO] ep=321/500 r=  601.41 avg10=  619.30 steps=1456 succ10=1.00 touch10=1.00 col10=0.00 to10=0.00 min_d= 0.30 avg_spd=2.02m/s end=goal t= 5536.0s
[TRAIN][PPO] ep=322/500 r=  620.60 avg10=  618.36 steps=1465 succ10=1.00 touch10=1.00 col10=0.00 to10=0.00 min_d= 0.30 avg_spd=2.00m/s end=goal t= 5552.2s
[TRAIN][PPO] ep=323/500 r=  618.39 avg10=  618.76 steps=1469 succ10=1.00 touch10=1.00 col10=0.00 to10=0.00 min_d= 0.30 avg_spd=2.00m/s end=goal t= 5568.6s
[TRAIN][PPO] ep=324/500 r=  620.76 avg10=  618.76 steps=1457 succ10=1.00 touch10=1.00 col10=0.00 to10=0.00 min_d= 0.30 avg_spd=2.01m/s end=goal t= 5586.5s
[TRAIN][PPO] ep=325/500 r=  625.43 avg10=  619.60 steps=1466 succ10=1.00 touch10=1.00 col10=0.00 to10=0.00 min_d= 0.30 avg_spd=2.00m/s end=goal t= 5602.8s
[TRAIN][PPO] ep=326/500 r=  619.50 avg10=  618.16 steps=1471 succ10=1.00 touch10=1.00 col10=0.00 to10=0.00 min_d= 0.30 avg_spd=2.02m/s end=goal t= 5619.4s
[TRAIN][PPO] ep=327/500 r=  622.79 avg10=  619.20 steps=1464 succ10=1.00 touch10=1.00 col10=0.00 to10=0.00 min_d= 0.30 avg_spd=2.03m/s end=goal t= 5635.4s
[TRAIN][PPO] ep=328/500 r=  616.22 avg10=  617.58 steps=1440 succ10=1.00 touch10=1.00 col10=0.00 to10=0.00 min_d= 0.30 avg_spd=2.03m/s end=goal t= 5653.1s
[TRAIN][PPO] ep=329/500 r=  624.66 avg10=  617.84 steps=1486 succ10=1.00 touch10=1.00 col10=0.00 to10=0.00 min_d= 0.30 avg_spd=2.01m/s end=goal t= 5670.2s
[TRAIN][PPO] ep=330/500 r=  614.97 avg10=  618.47 steps=1431 succ10=1.00 touch10=1.00 col10=0.00 to10=0.00 min_d= 0.30 avg_spd=2.00m/s end=goal t= 5685.9s
[TRAIN][PPO] ep=331/500 r=  616.43 avg10=  619.98 steps=1476 succ10=1.00 touch10=1.00 col10=0.00 to10=0.00 min_d= 0.30 avg_spd=2.01m/s end=goal t= 5702.6s
[TRAIN][PPO] ep=332/500 r=  625.25 avg10=  620.44 steps=1475 succ10=1.00 touch10=1.00 col10=0.00 to10=0.00 min_d= 0.30 avg_spd=2.00m/s end=goal t= 5720.6s
[TRAIN][PPO] ep=333/500 r=  616.29 avg10=  620.23 steps=1449 succ10=1.00 touch10=1.00 col10=0.00 to10=0.00 min_d= 0.30 avg_spd=1.99m/s end=goal t= 5737.0s
[TRAIN][PPO] ep=334/500 r=  609.54 avg10=  619.11 steps=1414 succ10=1.00 touch10=1.00 col10=0.00 to10=0.00 min_d= 0.30 avg_spd=2.03m/s end=goal t= 5753.1s
[TRAIN][PPO] ep=335/500 r=  624.71 avg10=  619.04 steps=1460 succ10=1.00 touch10=1.00 col10=0.00 to10=0.00 min_d= 0.30 avg_spd=2.01m/s end=goal t= 5769.7s
[TRAIN][PPO] ep=336/500 r=  628.40 avg10=  619.93 steps=1472 succ10=1.00 touch10=1.00 col10=0.00 to10=0.00 min_d= 0.30 avg_spd=2.01m/s end=goal t= 5787.8s
[TRAIN][PPO] ep=337/500 r=  624.22 avg10=  620.07 steps=1461 succ10=1.00 touch10=1.00 col10=0.00 to10=0.00 min_d= 0.30 avg_spd=1.99m/s end=goal t= 5804.6s
[TRAIN][PPO] ep=338/500 r=  621.35 avg10=  620.58 steps=1469 succ10=1.00 touch10=1.00 col10=0.00 to10=0.00 min_d= 0.30 avg_spd=2.03m/s end=goal t= 5821.2s
[TRAIN][PPO] ep=339/500 r=  619.69 avg10=  620.09 steps=1442 succ10=1.00 touch10=1.00 col10=0.00 to10=0.00 min_d= 0.30 avg_spd=2.02m/s end=goal t= 5837.3s
[TRAIN][PPO] ep=340/500 r=  618.55 avg10=  620.44 steps=1441 succ10=1.00 touch10=1.00 col10=0.00 to10=0.00 min_d= 0.30 avg_spd=2.01m/s end=goal t= 5855.2s
[TRAIN][PPO] ep=341/500 r=  608.43 avg10=  619.64 steps=1443 succ10=1.00 touch10=1.00 col10=0.00 to10=0.00 min_d= 0.30 avg_spd=2.01m/s end=goal t= 5871.8s
[TRAIN][PPO] ep=342/500 r=  607.00 avg10=  617.82 steps=1421 succ10=1.00 touch10=1.00 col10=0.00 to10=0.00 min_d= 0.30 avg_spd=2.02m/s end=goal t= 5888.4s
[TRAIN][PPO] ep=343/500 r=  602.31 avg10=  616.42 steps=1401 succ10=1.00 touch10=1.00 col10=0.00 to10=0.00 min_d= 0.30 avg_spd=2.04m/s end=goal t= 5904.7s
[TRAIN][PPO] ep=344/500 r=  621.89 avg10=  617.66 steps=1463 succ10=1.00 touch10=1.00 col10=0.00 to10=0.00 min_d= 0.30 avg_spd=2.03m/s end=goal t= 5922.6s
[TRAIN][PPO] ep=345/500 r=  621.37 avg10=  617.32 steps=1464 succ10=1.00 touch10=1.00 col10=0.00 to10=0.00 min_d= 0.30 avg_spd=2.03m/s end=goal t= 5939.7s
[TRAIN][PPO] ep=346/500 r=  605.60 avg10=  615.04 steps=1440 succ10=1.00 touch10=1.00 col10=0.00 to10=0.00 min_d= 0.30 avg_spd=2.02m/s end=goal t= 5956.2s
[TRAIN][PPO] ep=347/500 r=  615.67 avg10=  614.19 steps=1453 succ10=1.00 touch10=1.00 col10=0.00 to10=0.00 min_d= 0.30 avg_spd=2.01m/s end=goal t= 5972.8s
[TRAIN][PPO] ep=348/500 r=  603.36 avg10=  612.39 steps=1426 succ10=1.00 touch10=1.00 col10=0.00 to10=0.00 min_d= 0.30 avg_spd=2.02m/s end=goal t= 5990.4s
[TRAIN][PPO] ep=349/500 r=  621.21 avg10=  612.54 steps=1447 succ10=1.00 touch10=1.00 col10=0.00 to10=0.00 min_d= 0.30 avg_spd=2.01m/s end=goal t= 6006.4s
[TRAIN][PPO] ep=350/500 r=  619.69 avg10=  612.65 steps=1460 succ10=1.00 touch10=1.00 col10=0.00 to10=0.00 min_d= 0.30 avg_spd=2.02m/s end=goal t= 6023.6s
[TRAIN][PPO] ep=351/500 r=  627.24 avg10=  614.54 steps=1470 succ10=1.00 touch10=1.00 col10=0.00 to10=0.00 min_d= 0.30 avg_spd=2.02m/s end=goal t= 6040.0s
[TRAIN][PPO] ep=352/500 r=  605.96 avg10=  614.43 steps=1410 succ10=1.00 touch10=1.00 col10=0.00 to10=0.00 min_d= 0.30 avg_spd=2.05m/s end=goal t= 6057.1s
[TRAIN][PPO] ep=353/500 r=  603.79 avg10=  614.58 steps=1439 succ10=1.00 touch10=1.00 col10=0.00 to10=0.00 min_d= 0.30 avg_spd=2.04m/s end=goal t= 6073.3s
[TRAIN][PPO] ep=354/500 r=  620.97 avg10=  614.49 steps=1447 succ10=1.00 touch10=1.00 col10=0.00 to10=0.00 min_d= 0.30 avg_spd=2.03m/s end=goal t= 6089.4s
[TRAIN][PPO] ep=355/500 r=  613.31 avg10=  613.68 steps=1440 succ10=1.00 touch10=1.00 col10=0.00 to10=0.00 min_d= 0.30 avg_spd=2.03m/s end=goal t= 6105.7s
[TRAIN][PPO] ep=356/500 r=  601.20 avg10=  613.24 steps=1438 succ10=1.00 touch10=1.00 col10=0.00 to10=0.00 min_d= 0.30 avg_spd=2.03m/s end=goal t= 6123.6s
[TRAIN][PPO] ep=357/500 r=  603.23 avg10=  612.00 steps=1402 succ10=1.00 touch10=1.00 col10=0.00 to10=0.00 min_d= 0.30 avg_spd=2.04m/s end=goal t= 6139.2s
[TRAIN][PPO] ep=358/500 r=  599.94 avg10=  611.65 steps=1383 succ10=1.00 touch10=1.00 col10=0.00 to10=0.00 min_d= 0.30 avg_spd=2.06m/s end=goal t= 6155.0s
[TRAIN][PPO] ep=359/500 r=  609.58 avg10=  610.49 steps=1424 succ10=1.00 touch10=1.00 col10=0.00 to10=0.00 min_d= 0.30 avg_spd=2.04m/s end=goal t= 6171.2s
[TRAIN][PPO] ep=360/500 r=  621.04 avg10=  610.63 steps=1453 succ10=1.00 touch10=1.00 col10=0.00 to10=0.00 min_d= 0.30 avg_spd=2.02m/s end=goal t= 6189.1s
[TRAIN][PPO] ep=361/500 r=  621.47 avg10=  610.05 steps=1446 succ10=1.00 touch10=1.00 col10=0.00 to10=0.00 min_d= 0.30 avg_spd=2.04m/s end=goal t= 6205.6s
[TRAIN][PPO] ep=362/500 r=  614.65 avg10=  610.92 steps=1447 succ10=1.00 touch10=1.00 col10=0.00 to10=0.00 min_d= 0.30 avg_spd=2.04m/s end=goal t= 6222.5s
[TRAIN][PPO] ep=363/500 r=  600.34 avg10=  610.57 steps=1415 succ10=1.00 touch10=1.00 col10=0.00 to10=0.00 min_d= 0.30 avg_spd=2.05m/s end=goal t= 6239.1s
[TRAIN][PPO] ep=364/500 r=  614.55 avg10=  609.93 steps=1427 succ10=1.00 touch10=1.00 col10=0.00 to10=0.00 min_d= 0.30 avg_spd=2.04m/s end=goal t= 6256.8s
[TRAIN][PPO] ep=365/500 r=  606.57 avg10=  609.26 steps=1411 succ10=1.00 touch10=1.00 col10=0.00 to10=0.00 min_d= 0.30 avg_spd=2.05m/s end=goal t= 6272.9s
[TRAIN][PPO] ep=366/500 r=  601.63 avg10=  609.30 steps=1405 succ10=1.00 touch10=1.00 col10=0.00 to10=0.00 min_d= 0.30 avg_spd=2.04m/s end=goal t= 6289.1s
[TRAIN][PPO] ep=367/500 r=  603.66 avg10=  609.34 steps=1401 succ10=1.00 touch10=1.00 col10=0.00 to10=0.00 min_d= 0.30 avg_spd=2.05m/s end=goal t= 6305.6s
[TRAIN][PPO] ep=368/500 r=  604.23 avg10=  609.77 steps=1413 succ10=1.00 touch10=1.00 col10=0.00 to10=0.00 min_d= 0.30 avg_spd=2.03m/s end=goal t= 6323.6s
[TRAIN][PPO] ep=369/500 r=  612.85 avg10=  610.10 steps=1449 succ10=1.00 touch10=1.00 col10=0.00 to10=0.00 min_d= 0.30 avg_spd=2.02m/s end=goal t= 6340.5s
[TRAIN][PPO] ep=370/500 r=  616.75 avg10=  609.67 steps=1435 succ10=1.00 touch10=1.00 col10=0.00 to10=0.00 min_d= 0.30 avg_spd=2.03m/s end=goal t= 6357.2s
[TRAIN][PPO] ep=371/500 r=  616.52 avg10=  609.17 steps=1434 succ10=1.00 touch10=1.00 col10=0.00 to10=0.00 min_d= 0.30 avg_spd=2.03m/s end=goal t= 6374.1s
[TRAIN][PPO] ep=372/500 r=  622.19 avg10=  609.93 steps=1459 succ10=1.00 touch10=1.00 col10=0.00 to10=0.00 min_d= 0.30 avg_spd=2.04m/s end=goal t= 6392.4s
[TRAIN][PPO] ep=373/500 r=  614.81 avg10=  611.38 steps=1483 succ10=1.00 touch10=1.00 col10=0.00 to10=0.00 min_d= 0.30 avg_spd=2.04m/s end=goal t= 6409.4s
[TRAIN][PPO] ep=374/500 r=  603.49 avg10=  610.27 steps=1403 succ10=1.00 touch10=1.00 col10=0.00 to10=0.00 min_d= 0.30 avg_spd=2.03m/s end=goal t= 6426.0s
[TRAIN][PPO] ep=375/500 r=  605.08 avg10=  610.12 steps=1401 succ10=1.00 touch10=1.00 col10=0.00 to10=0.00 min_d= 0.30 avg_spd=2.03m/s end=goal t= 6442.3s
[TRAIN][PPO] ep=376/500 r=  604.87 avg10=  610.44 steps=1413 succ10=1.00 touch10=1.00 col10=0.00 to10=0.00 min_d= 0.30 avg_spd=2.06m/s end=goal t= 6460.3s
[TRAIN][PPO] ep=377/500 r=  610.51 avg10=  611.13 steps=1417 succ10=1.00 touch10=1.00 col10=0.00 to10=0.00 min_d= 0.30 avg_spd=2.06m/s end=goal t= 6477.1s
[TRAIN][PPO] ep=378/500 r=  605.95 avg10=  611.30 steps=1426 succ10=1.00 touch10=1.00 col10=0.00 to10=0.00 min_d= 0.30 avg_spd=2.04m/s end=goal t= 6494.0s
[TRAIN][PPO] ep=379/500 r=  601.51 avg10=  610.17 steps=1407 succ10=1.00 touch10=1.00 col10=0.00 to10=0.00 min_d= 0.30 avg_spd=2.05m/s end=goal t= 6510.4s
[TRAIN][PPO] ep=380/500 r=  617.63 avg10=  610.26 steps=1437 succ10=1.00 touch10=1.00 col10=0.00 to10=0.00 min_d= 0.30 avg_spd=2.06m/s end=goal t= 6529.0s
[TRAIN][PPO] ep=381/500 r=  611.49 avg10=  609.75 steps=1424 succ10=1.00 touch10=1.00 col10=0.00 to10=0.00 min_d= 0.30 avg_spd=2.03m/s end=goal t= 6545.9s
[TRAIN][PPO] ep=382/500 r=  608.80 avg10=  608.41 steps=1423 succ10=1.00 touch10=1.00 col10=0.00 to10=0.00 min_d= 0.30 avg_spd=2.04m/s end=goal t= 6562.8s
[TRAIN][PPO] ep=383/500 r=  615.03 avg10=  608.44 steps=1437 succ10=1.00 touch10=1.00 col10=0.00 to10=0.00 min_d= 0.30 avg_spd=2.06m/s end=goal t= 6579.8s
[TRAIN][PPO] ep=384/500 r=  607.72 avg10=  608.86 steps=1416 succ10=1.00 touch10=1.00 col10=0.00 to10=0.00 min_d= 0.30 avg_spd=2.02m/s end=goal t= 6597.3s
[TRAIN][PPO] ep=385/500 r=  181.35 avg10=  566.49 steps= 681 succ10=0.90 touch10=0.90 col10=0.10 to10=0.00 min_d= 2.26 avg_spd=2.02m/s end=collision t= 6605.3s
[TRAIN][PPO] ep=386/500 r=  609.35 avg10=  566.94 steps=1440 succ10=0.90 touch10=0.90 col10=0.10 to10=0.00 min_d= 0.30 avg_spd=2.03m/s end=goal t= 6622.8s
[TRAIN][PPO] ep=387/500 r=  621.46 avg10=  568.03 steps=1450 succ10=0.90 touch10=0.90 col10=0.10 to10=0.00 min_d= 0.30 avg_spd=2.04m/s end=goal t= 6639.7s
[TRAIN][PPO] ep=388/500 r=  620.09 avg10=  569.44 steps=1447 succ10=0.90 touch10=0.90 col10=0.10 to10=0.00 min_d= 0.30 avg_spd=2.03m/s end=goal t= 6658.2s
[TRAIN][PPO] ep=389/500 r=  604.71 avg10=  569.76 steps=1433 succ10=0.90 touch10=0.90 col10=0.10 to10=0.00 min_d= 0.30 avg_spd=2.04m/s end=goal t= 6674.7s
[TRAIN][PPO] ep=390/500 r=  618.47 avg10=  569.85 steps=1466 succ10=0.90 touch10=0.90 col10=0.10 to10=0.00 min_d= 0.30 avg_spd=2.03m/s end=goal t= 6691.6s
[TRAIN][PPO] ep=391/500 r=  624.68 avg10=  571.17 steps=1476 succ10=0.90 touch10=0.90 col10=0.10 to10=0.00 min_d= 0.30 avg_spd=2.03m/s end=goal t= 6708.7s
[TRAIN][PPO] ep=392/500 r=  617.27 avg10=  572.01 steps=1447 succ10=0.90 touch10=0.90 col10=0.10 to10=0.00 min_d= 0.30 avg_spd=2.03m/s end=goal t= 6726.7s
[TRAIN][PPO] ep=393/500 r=  607.92 avg10=  571.30 steps=1416 succ10=0.90 touch10=0.90 col10=0.10 to10=0.00 min_d= 0.30 avg_spd=2.02m/s end=goal t= 6743.4s
[TRAIN][PPO] ep=394/500 r=  619.61 avg10=  572.49 steps=1466 succ10=0.90 touch10=0.90 col10=0.10 to10=0.00 min_d= 0.30 avg_spd=2.02m/s end=goal t= 6760.5s
[TRAIN][PPO] ep=395/500 r=  616.99 avg10=  616.05 steps=1471 succ10=1.00 touch10=1.00 col10=0.00 to10=0.00 min_d= 0.30 avg_spd=2.02m/s end=goal t= 6777.3s
[TRAIN][PPO] ep=396/500 r=  165.85 avg10=  571.70 steps= 644 succ10=0.90 touch10=0.90 col10=0.10 to10=0.00 min_d= 2.36 avg_spd=2.04m/s end=collision t= 6785.7s
[TRAIN][PPO] ep=397/500 r=  615.53 avg10=  571.11 steps=1447 succ10=0.90 touch10=0.90 col10=0.10 to10=0.00 min_d= 0.30 avg_spd=2.06m/s end=goal t= 6802.4s
[TRAIN][PPO] ep=398/500 r=  609.42 avg10=  570.05 steps=1428 succ10=0.90 touch10=0.90 col10=0.10 to10=0.00 min_d= 0.30 avg_spd=2.02m/s end=goal t= 6819.2s
[TRAIN][PPO] ep=399/500 r=  619.47 avg10=  571.52 steps=1460 succ10=0.90 touch10=0.90 col10=0.10 to10=0.00 min_d= 0.30 avg_spd=2.04m/s end=goal t= 6836.1s
[TRAIN][PPO] ep=400/500 r=  160.10 avg10=  525.68 steps= 629 succ10=0.80 touch10=0.80 col10=0.20 to10=0.00 min_d= 2.34 avg_spd=2.02m/s end=collision t= 6844.4s ckpt=latest
[TRAIN][PPO] ep=401/500 r=  609.64 avg10=  524.18 steps=1425 succ10=0.80 touch10=0.80 col10=0.20 to10=0.00 min_d= 0.30 avg_spd=2.04m/s end=goal t= 6860.2s
[TRAIN][PPO] ep=402/500 r=  616.19 avg10=  524.07 steps=1438 succ10=0.80 touch10=0.80 col10=0.20 to10=0.00 min_d= 0.30 avg_spd=2.04m/s end=goal t= 6876.5s
[TRAIN][PPO] ep=403/500 r=  602.16 avg10=  523.50 steps=1406 succ10=0.80 touch10=0.80 col10=0.20 to10=0.00 min_d= 0.30 avg_spd=2.03m/s end=goal t= 6892.2s
[TRAIN][PPO] ep=404/500 r=  617.87 avg10=  523.32 steps=1446 succ10=0.80 touch10=0.80 col10=0.20 to10=0.00 min_d= 0.30 avg_spd=2.05m/s end=goal t= 6910.0s
[TRAIN][PPO] ep=405/500 r=  162.37 avg10=  477.86 steps= 639 succ10=0.70 touch10=0.70 col10=0.30 to10=0.00 min_d= 2.33 avg_spd=2.04m/s end=collision t= 6917.2s
[TRAIN][PPO] ep=406/500 r=  606.26 avg10=  521.90 steps=1409 succ10=0.80 touch10=0.80 col10=0.20 to10=0.00 min_d= 0.30 avg_spd=2.03m/s end=goal t= 6933.4s
[TRAIN][PPO] ep=407/500 r=  608.47 avg10=  521.20 steps=1426 succ10=0.80 touch10=0.80 col10=0.20 to10=0.00 min_d= 0.30 avg_spd=2.06m/s end=goal t= 6949.3s
[TRAIN][PPO] ep=408/500 r=  609.00 avg10=  521.15 steps=1413 succ10=0.80 touch10=0.80 col10=0.20 to10=0.00 min_d= 0.30 avg_spd=2.05m/s end=goal t= 6967.3s
[TRAIN][PPO] ep=409/500 r=  164.27 avg10=  475.63 steps= 640 succ10=0.70 touch10=0.70 col10=0.30 to10=0.00 min_d= 2.29 avg_spd=2.04m/s end=collision t= 6974.6s
[TRAIN][PPO] ep=410/500 r=  618.74 avg10=  521.50 steps=1449 succ10=0.80 touch10=0.80 col10=0.20 to10=0.00 min_d= 0.30 avg_spd=2.04m/s end=goal t= 6990.7s
[TRAIN][PPO] ep=411/500 r=  602.35 avg10=  520.77 steps=1410 succ10=0.80 touch10=0.80 col10=0.20 to10=0.00 min_d= 0.30 avg_spd=2.04m/s end=goal t= 7007.2s
[TRAIN][PPO] ep=412/500 r=  603.55 avg10=  519.51 steps=1402 succ10=0.80 touch10=0.80 col10=0.20 to10=0.00 min_d= 0.30 avg_spd=2.04m/s end=goal t= 7024.5s
[TRAIN][PPO] ep=413/500 r=  625.12 avg10=  521.80 steps=1481 succ10=0.80 touch10=0.80 col10=0.20 to10=0.00 min_d= 0.30 avg_spd=2.02m/s end=goal t= 7040.6s
[TRAIN][PPO] ep=414/500 r=  181.06 avg10=  478.12 steps= 682 succ10=0.70 touch10=0.70 col10=0.30 to10=0.00 min_d= 2.26 avg_spd=2.06m/s end=collision t= 7048.1s
[TRAIN][PPO] ep=415/500 r=  165.45 avg10=  478.43 steps= 633 succ10=0.70 touch10=0.70 col10=0.30 to10=0.00 min_d= 2.33 avg_spd=2.02m/s end=collision t= 7055.2s
[TRAIN][PPO] ep=416/500 r=  615.42 avg10=  479.34 steps=1439 succ10=0.70 touch10=0.70 col10=0.30 to10=0.00 min_d= 0.30 avg_spd=2.02m/s end=goal t= 7071.9s
[TRAIN][PPO] ep=417/500 r=  608.45 avg10=  479.34 steps=1414 succ10=0.70 touch10=0.70 col10=0.30 to10=0.00 min_d= 0.30 avg_spd=2.01m/s end=goal t= 7087.9s
[TRAIN][PPO] ep=418/500 r=  613.51 avg10=  479.79 steps=1433 succ10=0.70 touch10=0.70 col10=0.30 to10=0.00 min_d= 0.30 avg_spd=2.05m/s end=goal t= 7103.7s
[TRAIN][PPO] ep=419/500 r=  616.71 avg10=  525.03 steps=1447 succ10=0.80 touch10=0.80 col10=0.20 to10=0.00 min_d= 0.30 avg_spd=2.04m/s end=goal t= 7119.7s
[TRAIN][PPO] ep=420/500 r=  623.41 avg10=  525.50 steps=1469 succ10=0.80 touch10=0.80 col10=0.20 to10=0.00 min_d= 0.30 avg_spd=2.02m/s end=goal t= 7137.5s
[TRAIN][PPO] ep=421/500 r=  608.58 avg10=  526.13 steps=1413 succ10=0.80 touch10=0.80 col10=0.20 to10=0.00 min_d= 0.30 avg_spd=2.05m/s end=goal t= 7153.3s
[TRAIN][PPO] ep=422/500 r=  607.92 avg10=  526.56 steps=1440 succ10=0.80 touch10=0.80 col10=0.20 to10=0.00 min_d= 0.30 avg_spd=2.03m/s end=goal t= 7169.7s
[TRAIN][PPO] ep=423/500 r=  159.57 avg10=  480.01 steps= 609 succ10=0.70 touch10=0.70 col10=0.30 to10=0.00 min_d= 2.33 avg_spd=2.06m/s end=collision t= 7176.5s
[TRAIN][PPO] ep=424/500 r=  613.99 avg10=  523.30 steps=1440 succ10=0.80 touch10=0.80 col10=0.20 to10=0.00 min_d= 0.30 avg_spd=2.05m/s end=goal t= 7194.7s
[TRAIN][PPO] ep=425/500 r=  616.16 avg10=  568.37 steps=1444 succ10=0.90 touch10=0.90 col10=0.10 to10=0.00 min_d= 0.30 avg_spd=2.03m/s end=goal t= 7210.9s
[TRAIN][PPO] ep=426/500 r=  180.94 avg10=  524.92 steps= 675 succ10=0.80 touch10=0.80 col10=0.20 to10=0.00 min_d= 2.29 avg_spd=2.05m/s end=collision t= 7218.6s
[TRAIN][PPO] ep=427/500 r=  609.41 avg10=  525.02 steps=1446 succ10=0.80 touch10=0.80 col10=0.20 to10=0.00 min_d= 0.30 avg_spd=2.03m/s end=goal t= 7234.8s
[TRAIN][PPO] ep=428/500 r=  607.58 avg10=  524.43 steps=1413 succ10=0.80 touch10=0.80 col10=0.20 to10=0.00 min_d= 0.30 avg_spd=2.04m/s end=goal t= 7251.9s
[TRAIN][PPO] ep=429/500 r=  618.94 avg10=  524.65 steps=1466 succ10=0.80 touch10=0.80 col10=0.20 to10=0.00 min_d= 0.30 avg_spd=2.03m/s end=goal t= 7268.2s
[TRAIN][PPO] ep=430/500 r=  600.53 avg10=  522.36 steps=1406 succ10=0.80 touch10=0.80 col10=0.20 to10=0.00 min_d= 0.30 avg_spd=2.04m/s end=goal t= 7283.7s
[TRAIN][PPO] ep=431/500 r=  172.39 avg10=  478.74 steps= 653 succ10=0.70 touch10=0.70 col10=0.30 to10=0.00 min_d= 2.26 avg_spd=2.03m/s end=collision t= 7291.0s
[TRAIN][PPO] ep=432/500 r=  609.13 avg10=  478.87 steps=1455 succ10=0.70 touch10=0.70 col10=0.30 to10=0.00 min_d= 0.30 avg_spd=2.04m/s end=goal t= 7309.1s
[TRAIN][PPO] ep=433/500 r=  620.45 avg10=  524.95 steps=1457 succ10=0.80 touch10=0.80 col10=0.20 to10=0.00 min_d= 0.30 avg_spd=2.04m/s end=goal t= 7326.2s
[TRAIN][PPO] ep=434/500 r=  611.33 avg10=  524.69 steps=1435 succ10=0.80 touch10=0.80 col10=0.20 to10=0.00 min_d= 0.30 avg_spd=2.03m/s end=goal t= 7342.7s
[TRAIN][PPO] ep=435/500 r=  614.13 avg10=  524.48 steps=1438 succ10=0.80 touch10=0.80 col10=0.20 to10=0.00 min_d= 0.30 avg_spd=2.04m/s end=goal t= 7359.3s
[TRAIN][PPO] ep=436/500 r=  618.40 avg10=  568.23 steps=1465 succ10=0.90 touch10=0.90 col10=0.10 to10=0.00 min_d= 0.30 avg_spd=2.02m/s end=goal t= 7377.5s
[TRAIN][PPO] ep=437/500 r=  617.25 avg10=  569.01 steps=1439 succ10=0.90 touch10=0.90 col10=0.10 to10=0.00 min_d= 0.30 avg_spd=2.05m/s end=goal t= 7393.8s
[TRAIN][PPO] ep=438/500 r=  617.65 avg10=  570.02 steps=1449 succ10=0.90 touch10=0.90 col10=0.10 to10=0.00 min_d= 0.30 avg_spd=2.03m/s end=goal t= 7410.3s
[TRAIN][PPO] ep=439/500 r=  610.41 avg10=  569.17 steps=1415 succ10=0.90 touch10=0.90 col10=0.10 to10=0.00 min_d= 0.30 avg_spd=2.04m/s end=goal t= 7426.4s
[TRAIN][PPO] ep=440/500 r=  607.21 avg10=  569.84 steps=1435 succ10=0.90 touch10=0.90 col10=0.10 to10=0.00 min_d= 0.30 avg_spd=2.03m/s end=goal t= 7446.3s
[TRAIN][PPO] ep=441/500 r=  615.15 avg10=  614.11 steps=1471 succ10=1.00 touch10=1.00 col10=0.00 to10=0.00 min_d= 0.30 avg_spd=2.04m/s end=goal t= 7463.8s
[TRAIN][PPO] ep=442/500 r=  604.53 avg10=  613.65 steps=1412 succ10=1.00 touch10=1.00 col10=0.00 to10=0.00 min_d= 0.30 avg_spd=2.03m/s end=goal t= 7480.5s
[TRAIN][PPO] ep=443/500 r=  619.26 avg10=  613.53 steps=1448 succ10=1.00 touch10=1.00 col10=0.00 to10=0.00 min_d= 0.30 avg_spd=2.05m/s end=goal t= 7497.4s
[TRAIN][PPO] ep=444/500 r=  618.83 avg10=  614.28 steps=1453 succ10=1.00 touch10=1.00 col10=0.00 to10=0.00 min_d= 0.30 avg_spd=2.04m/s end=goal t= 7516.2s
[TRAIN][PPO] ep=445/500 r=  617.72 avg10=  614.64 steps=1442 succ10=1.00 touch10=1.00 col10=0.00 to10=0.00 min_d= 0.30 avg_spd=2.03m/s end=goal t= 7533.3s
[TRAIN][PPO] ep=446/500 r=  612.55 avg10=  614.06 steps=1432 succ10=1.00 touch10=1.00 col10=0.00 to10=0.00 min_d= 0.30 avg_spd=2.04m/s end=goal t= 7550.0s
[TRAIN][PPO] ep=447/500 r=  608.12 avg10=  613.14 steps=1421 succ10=1.00 touch10=1.00 col10=0.00 to10=0.00 min_d= 0.30 avg_spd=2.04m/s end=goal t= 7566.6s
[TRAIN][PPO] ep=448/500 r=  606.55 avg10=  612.03 steps=1417 succ10=1.00 touch10=1.00 col10=0.00 to10=0.00 min_d= 0.30 avg_spd=2.05m/s end=goal t= 7584.3s
[TRAIN][PPO] ep=449/500 r=  599.91 avg10=  610.98 steps=1406 succ10=1.00 touch10=1.00 col10=0.00 to10=0.00 min_d= 0.30 avg_spd=2.04m/s end=goal t= 7601.6s
[TRAIN][PPO] ep=450/500 r=  616.91 avg10=  611.95 steps=1443 succ10=1.00 touch10=1.00 col10=0.00 to10=0.00 min_d= 0.30 avg_spd=2.06m/s end=goal t= 7618.5s
[TRAIN][PPO] ep=451/500 r=  619.11 avg10=  612.35 steps=1445 succ10=1.00 touch10=1.00 col10=0.00 to10=0.00 min_d= 0.30 avg_spd=2.05m/s end=goal t= 7636.1s
[TRAIN][PPO] ep=452/500 r=  606.81 avg10=  612.58 steps=1403 succ10=1.00 touch10=1.00 col10=0.00 to10=0.00 min_d= 0.30 avg_spd=2.04m/s end=goal t= 7654.2s
[TRAIN][PPO] ep=453/500 r=  161.42 avg10=  566.79 steps= 647 succ10=0.90 touch10=0.90 col10=0.10 to10=0.00 min_d= 2.32 avg_spd=2.03m/s end=collision t= 7661.7s
[TRAIN][PPO] ep=454/500 r=  614.71 avg10=  566.38 steps=1473 succ10=0.90 touch10=0.90 col10=0.10 to10=0.00 min_d= 0.30 avg_spd=2.05m/s end=goal t= 7679.6s
[TRAIN][PPO] ep=455/500 r=  602.55 avg10=  564.86 steps=1415 succ10=0.90 touch10=0.90 col10=0.10 to10=0.00 min_d= 0.30 avg_spd=2.05m/s end=goal t= 7696.7s
[TRAIN][PPO] ep=456/500 r=  157.60 avg10=  519.37 steps= 658 succ10=0.80 touch10=0.80 col10=0.20 to10=0.00 min_d= 2.30 avg_spd=2.05m/s end=collision t= 7705.3s
[TRAIN][PPO] ep=457/500 r=  614.36 avg10=  519.99 steps=1479 succ10=0.80 touch10=0.80 col10=0.20 to10=0.00 min_d= 0.30 avg_spd=2.04m/s end=goal t= 7722.9s
[TRAIN][PPO] ep=458/500 r=  615.67 avg10=  520.90 steps=1459 succ10=0.80 touch10=0.80 col10=0.20 to10=0.00 min_d= 0.30 avg_spd=2.06m/s end=goal t= 7739.8s
[TRAIN][PPO] ep=459/500 r=  601.28 avg10=  521.04 steps=1388 succ10=0.80 touch10=0.80 col10=0.20 to10=0.00 min_d= 0.30 avg_spd=2.06m/s end=goal t= 7755.8s
[TRAIN][PPO] ep=460/500 r=  611.97 avg10=  520.55 steps=1427 succ10=0.80 touch10=0.80 col10=0.20 to10=0.00 min_d= 0.30 avg_spd=2.05m/s end=goal t= 7774.3s
[TRAIN][PPO] ep=461/500 r=  600.44 avg10=  518.68 steps=1428 succ10=0.80 touch10=0.80 col10=0.20 to10=0.00 min_d= 0.30 avg_spd=2.04m/s end=goal t= 7791.1s
[TRAIN][PPO] ep=462/500 r=  607.44 avg10=  518.74 steps=1465 succ10=0.80 touch10=0.80 col10=0.20 to10=0.00 min_d= 0.30 avg_spd=2.04m/s end=goal t= 7808.7s
[TRAIN][PPO] ep=463/500 r=  601.11 avg10=  562.71 steps=1408 succ10=0.90 touch10=0.90 col10=0.10 to10=0.00 min_d= 0.30 avg_spd=2.05m/s end=goal t= 7825.7s
[TRAIN][PPO] ep=464/500 r=  603.90 avg10=  561.63 steps=1423 succ10=0.90 touch10=0.90 col10=0.10 to10=0.00 min_d= 0.30 avg_spd=2.04m/s end=goal t= 7843.7s
[TRAIN][PPO] ep=465/500 r=  172.66 avg10=  518.64 steps= 657 succ10=0.80 touch10=0.80 col10=0.20 to10=0.00 min_d= 2.24 avg_spd=2.03m/s end=collision t= 7851.5s
[TRAIN][PPO] ep=466/500 r=  602.54 avg10=  563.14 steps=1404 succ10=0.90 touch10=0.90 col10=0.10 to10=0.00 min_d= 0.30 avg_spd=2.04m/s end=goal t= 7867.6s
[TRAIN][PPO] ep=467/500 r=  608.23 avg10=  562.52 steps=1429 succ10=0.90 touch10=0.90 col10=0.10 to10=0.00 min_d= 0.30 avg_spd=2.07m/s end=goal t= 7883.5s
[TRAIN][PPO] ep=468/500 r=  160.64 avg10=  517.02 steps= 621 succ10=0.80 touch10=0.80 col10=0.20 to10=0.00 min_d= 2.36 avg_spd=2.05m/s end=collision t= 7891.2s
[TRAIN][PPO] ep=469/500 r=  609.52 avg10=  517.85 steps=1455 succ10=0.80 touch10=0.80 col10=0.20 to10=0.00 min_d= 0.30 avg_spd=2.06m/s end=goal t= 7907.8s
[TRAIN][PPO] ep=470/500 r=  160.54 avg10=  472.70 steps= 621 succ10=0.70 touch10=0.70 col10=0.30 to10=0.00 min_d= 2.35 avg_spd=2.07m/s end=collision t= 7914.9s
[TRAIN][PPO] ep=471/500 r=  153.72 avg10=  428.03 steps= 616 succ10=0.60 touch10=0.60 col10=0.40 to10=0.00 min_d= 2.35 avg_spd=2.05m/s end=collision t= 7922.1s
[TRAIN][PPO] ep=472/500 r=  592.58 avg10=  426.55 steps=1421 succ10=0.60 touch10=0.60 col10=0.40 to10=0.00 min_d= 0.30 avg_spd=2.06m/s end=goal t= 7940.5s
[TRAIN][PPO] ep=473/500 r=  618.46 avg10=  428.28 steps=1479 succ10=0.60 touch10=0.60 col10=0.40 to10=0.00 min_d= 0.30 avg_spd=2.04m/s end=goal t= 7958.3s
[TRAIN][PPO] ep=474/500 r=  619.45 avg10=  429.84 steps=1481 succ10=0.60 touch10=0.60 col10=0.40 to10=0.00 min_d= 0.30 avg_spd=2.04m/s end=goal t= 7976.2s
[TRAIN][PPO] ep=475/500 r=  600.57 avg10=  472.63 steps=1419 succ10=0.70 touch10=0.70 col10=0.30 to10=0.00 min_d= 0.30 avg_spd=2.04m/s end=goal t= 7993.1s
[TRAIN][PPO] ep=476/500 r=  599.48 avg10=  472.32 steps=1507 succ10=0.70 touch10=0.70 col10=0.30 to10=0.00 min_d= 0.30 avg_spd=2.05m/s end=goal t= 8012.5s
[TRAIN][PPO] ep=477/500 r=  158.23 avg10=  427.32 steps= 625 succ10=0.60 touch10=0.60 col10=0.40 to10=0.00 min_d= 2.36 avg_spd=2.04m/s end=collision t= 8019.8s
[TRAIN][PPO] ep=478/500 r=  599.19 avg10=  471.17 steps=1391 succ10=0.70 touch10=0.70 col10=0.30 to10=0.00 min_d= 0.30 avg_spd=2.06m/s end=goal t= 8036.3s
[TRAIN][PPO] ep=479/500 r=  170.61 avg10=  427.28 steps= 681 succ10=0.60 touch10=0.60 col10=0.40 to10=0.00 min_d= 2.35 avg_spd=2.03m/s end=collision t= 8044.4s
[TRAIN][PPO] ep=480/500 r=  166.36 avg10=  427.86 steps= 655 succ10=0.60 touch10=0.60 col10=0.40 to10=0.00 min_d= 2.35 avg_spd=2.05m/s end=collision t= 8053.0s
[TRAIN][PPO] ep=481/500 r=  155.68 avg10=  428.06 steps= 616 succ10=0.60 touch10=0.60 col10=0.40 to10=0.00 min_d= 2.35 avg_spd=2.04m/s end=collision t= 8060.3s
[TRAIN][PPO] ep=482/500 r=  611.65 avg10=  429.97 steps=1427 succ10=0.60 touch10=0.60 col10=0.40 to10=0.00 min_d= 0.30 avg_spd=2.03m/s end=goal t= 8076.1s
[TRAIN][PPO] ep=483/500 r=  612.58 avg10=  429.38 steps=1475 succ10=0.60 touch10=0.60 col10=0.40 to10=0.00 min_d= 0.30 avg_spd=2.04m/s end=goal t= 8093.3s
[TRAIN][PPO] ep=484/500 r=  618.04 avg10=  429.24 steps=1446 succ10=0.60 touch10=0.60 col10=0.40 to10=0.00 min_d= 0.30 avg_spd=2.05m/s end=goal t= 8112.2s
[TRAIN][PPO] ep=485/500 r=  606.97 avg10=  429.88 steps=1411 succ10=0.60 touch10=0.60 col10=0.40 to10=0.00 min_d= 0.30 avg_spd=2.06m/s end=goal t= 8129.5s
[TRAIN][PPO] ep=486/500 r=  607.92 avg10=  430.72 steps=1416 succ10=0.60 touch10=0.60 col10=0.40 to10=0.00 min_d= 0.30 avg_spd=2.05m/s end=goal t= 8146.6s
[TRAIN][PPO] ep=487/500 r=  593.68 avg10=  474.27 steps=1444 succ10=0.70 touch10=0.70 col10=0.30 to10=0.00 min_d= 0.30 avg_spd=2.05m/s end=goal t= 8164.3s
[TRAIN][PPO] ep=488/500 r=  611.96 avg10=  475.54 steps=1478 succ10=0.70 touch10=0.70 col10=0.30 to10=0.00 min_d= 0.30 avg_spd=2.03m/s end=goal t= 8183.7s
[TRAIN][PPO] ep=489/500 r=  620.19 avg10=  520.50 steps=1487 succ10=0.80 touch10=0.80 col10=0.20 to10=0.00 min_d= 0.30 avg_spd=2.03m/s end=goal t= 8202.2s
[TRAIN][PPO] ep=490/500 r=  613.69 avg10=  565.24 steps=1446 succ10=0.90 touch10=0.90 col10=0.10 to10=0.00 min_d= 0.30 avg_spd=2.05m/s end=goal t= 8219.8s
[TRAIN][PPO] ep=491/500 r=  613.05 avg10=  610.97 steps=1459 succ10=1.00 touch10=1.00 col10=0.00 to10=0.00 min_d= 0.30 avg_spd=2.04m/s end=goal t= 8237.9s
[TRAIN][PPO] ep=492/500 r=  159.11 avg10=  565.72 steps= 614 succ10=0.90 touch10=0.90 col10=0.10 to10=0.00 min_d= 2.36 avg_spd=2.05m/s end=collision t= 8247.1s
[TRAIN][PPO] ep=493/500 r=  614.37 avg10=  565.90 steps=1463 succ10=0.90 touch10=0.90 col10=0.10 to10=0.00 min_d= 0.30 avg_spd=2.03m/s end=goal t= 8264.8s
[TRAIN][PPO] ep=494/500 r=  592.10 avg10=  563.31 steps=1472 succ10=0.90 touch10=0.90 col10=0.10 to10=0.00 min_d= 0.30 avg_spd=2.03m/s end=goal t= 8282.8s
[TRAIN][PPO] ep=495/500 r=  363.07 avg10=  538.92 steps=1279 succ10=0.80 touch10=0.80 col10=0.20 to10=0.00 min_d= 0.93 avg_spd=2.04m/s end=collision t= 8298.8s
[TRAIN][PPO] ep=496/500 r=  614.08 avg10=  539.53 steps=1471 succ10=0.80 touch10=0.80 col10=0.20 to10=0.00 min_d= 0.30 avg_spd=2.03m/s end=goal t= 8318.4s
[TRAIN][PPO] ep=497/500 r=  614.92 avg10=  541.66 steps=1468 succ10=0.80 touch10=0.80 col10=0.20 to10=0.00 min_d= 0.30 avg_spd=2.04m/s end=goal t= 8336.4s
[TRAIN][PPO] ep=498/500 r=  590.56 avg10=  539.52 steps=1483 succ10=0.80 touch10=0.80 col10=0.20 to10=0.00 min_d= 0.30 avg_spd=2.03m/s end=goal t= 8354.6s
[TRAIN][PPO] ep=499/500 r=  152.83 avg10=  492.78 steps= 642 succ10=0.70 touch10=0.70 col10=0.30 to10=0.00 min_d= 2.34 avg_spd=2.09m/s end=collision t= 8362.5s
INFO: PPO: Terminating.
[RUN] completed stage checkpoint=/uio/hume/student-u79/esbrovol/fys5429/DRL-Obstacle-Avoidance/controllers/PPO/checkpoints/20260525_141956_none_seed01_stage02_train_2_one_obs/final_20260525_141956_none_seed01_stage02_train_2_one_obs.pth
[RUN] arch=none seed=1 stage=3/10 world=/uio/hume/student-u79/esbrovol/fys5429/DRL-Obstacle-Avoidance/worlds/training/train_3_three_obs.wbt
[RUN] resuming from /uio/hume/student-u79/esbrovol/fys5429/DRL-Obstacle-Avoidance/controllers/PPO/checkpoints/20260525_141956_none_seed01_stage02_train_2_one_obs/final_20260525_141956_none_seed01_stage02_train_2_one_obs.pth
INFO: PPO: Starting controller: python3 -u PPO.py
[PPO] Using architecture: NONE
[PPO] Loaded architecture: NONE
[TRAIN][PPO] arch=NONE weights_dir=/uio/hume/student-u79/esbrovol/fys5429/DRL-Obstacle-Avoidance/controllers/PPO/checkpoints/20260525_141956_none_seed01_stage03_train_3_three_obs final=/uio/hume/student-u79/esbrovol/fys5429/DRL-Obstacle-Avoidance/controllers/PPO/checkpoints/20260525_141956_none_seed01_stage03_train_3_three_obs/final_20260525_141956_none_seed01_stage03_train_3_three_obs.pth
[TRAIN][PPO] episodes=500 update_every=4 obs=31 act=2 cell=NONE seq=32 burn_in=0
[TRAIN][PPO] ep=001/500 r=  291.13 avg10=  291.13 steps=1009 succ10=0.00 touch10=0.00 col10=1.00 to10=0.00 min_d= 1.45 avg_spd=2.05m/s end=collision t=   12.7s ckpt=best
[TRAIN][PPO] ep=002/500 r=   62.69 avg10=  176.91 steps= 332 succ10=0.00 touch10=0.00 col10=1.00 to10=0.00 min_d= 3.15 avg_spd=2.06m/s end=collision t=   16.8s
[TRAIN][PPO] ep=003/500 r=   55.54 avg10=  136.45 steps= 316 succ10=0.00 touch10=0.00 col10=1.00 to10=0.00 min_d= 3.12 avg_spd=2.10m/s end=collision t=   20.7s
[TRAIN][PPO] ep=004/500 r=  286.36 avg10=  173.93 steps=1049 succ10=0.00 touch10=0.00 col10=1.00 to10=0.00 min_d= 1.44 avg_spd=2.05m/s end=collision t=   34.2s
[TRAIN][PPO] ep=005/500 r=   52.42 avg10=  149.63 steps= 300 succ10=0.00 touch10=0.00 col10=1.00 to10=0.00 min_d= 3.15 avg_spd=2.06m/s end=collision t=   37.8s
[TRAIN][PPO] ep=006/500 r=  170.25 avg10=  153.07 steps= 671 succ10=0.00 touch10=0.00 col10=1.00 to10=0.00 min_d= 2.35 avg_spd=2.04m/s end=collision t=   46.0s
[TRAIN][PPO] ep=007/500 r=  154.55 avg10=  153.28 steps= 621 succ10=0.00 touch10=0.00 col10=1.00 to10=0.00 min_d= 2.33 avg_spd=2.04m/s end=collision t=   53.4s
[TRAIN][PPO] ep=008/500 r=  279.13 avg10=  169.01 steps= 974 succ10=0.00 touch10=0.00 col10=1.00 to10=0.00 min_d= 1.45 avg_spd=2.05m/s end=collision t=   65.3s
[TRAIN][PPO] ep=009/500 r=  612.43 avg10=  218.28 steps=1524 succ10=0.11 touch10=0.11 col10=0.89 to10=0.00 min_d= 0.30 avg_spd=2.04m/s end=goal t=   84.0s ckpt=best_goal
[TRAIN][PPO] ep=010/500 r=  174.65 avg10=  213.91 steps= 706 succ10=0.10 touch10=0.10 col10=0.90 to10=0.00 min_d= 2.29 avg_spd=2.05m/s end=collision t=   92.8s
[TRAIN][PPO] ep=011/500 r=  297.00 avg10=  214.50 steps=1015 succ10=0.10 touch10=0.10 col10=0.90 to10=0.00 min_d= 1.38 avg_spd=2.05m/s end=collision t=  105.3s
[TRAIN][PPO] ep=012/500 r=  282.19 avg10=  236.45 steps= 988 succ10=0.10 touch10=0.10 col10=0.90 to10=0.00 min_d= 1.46 avg_spd=2.04m/s end=collision t=  118.4s
[TRAIN][PPO] ep=013/500 r=  159.95 avg10=  246.89 steps= 628 succ10=0.10 touch10=0.10 col10=0.90 to10=0.00 min_d= 2.35 avg_spd=2.03m/s end=collision t=  126.0s
[TRAIN][PPO] ep=014/500 r=  294.49 avg10=  247.71 steps=1019 succ10=0.10 touch10=0.10 col10=0.90 to10=0.00 min_d= 1.46 avg_spd=2.02m/s end=collision t=  138.2s
[TRAIN][PPO] ep=015/500 r=   63.63 avg10=  248.83 steps= 337 succ10=0.10 touch10=0.10 col10=0.90 to10=0.00 min_d= 3.14 avg_spd=1.97m/s end=collision t=  142.1s
[TRAIN][PPO] ep=016/500 r=  611.00 avg10=  292.90 steps=1500 succ10=0.20 touch10=0.20 col10=0.80 to10=0.00 min_d= 0.30 avg_spd=2.02m/s end=goal t=  161.8s
[TRAIN][PPO] ep=017/500 r=  361.42 avg10=  313.59 steps=1242 succ10=0.20 touch10=0.20 col10=0.80 to10=0.00 min_d= 0.91 avg_spd=2.02m/s end=collision t=  176.6s
[TRAIN][PPO] ep=018/500 r=   57.78 avg10=  291.45 steps= 318 succ10=0.20 touch10=0.20 col10=0.80 to10=0.00 min_d= 3.15 avg_spd=2.04m/s end=collision t=  180.5s
[TRAIN][PPO] ep=019/500 r=  172.54 avg10=  247.46 steps= 661 succ10=0.10 touch10=0.10 col10=0.90 to10=0.00 min_d= 2.35 avg_spd=2.02m/s end=collision t=  188.5s
[TRAIN][PPO] ep=020/500 r=   72.27 avg10=  237.23 steps= 368 succ10=0.10 touch10=0.10 col10=0.90 to10=0.00 min_d= 3.09 avg_spd=2.04m/s end=collision t=  193.6s
[TRAIN][PPO] ep=021/500 r=  299.86 avg10=  237.51 steps=1017 succ10=0.10 touch10=0.10 col10=0.90 to10=0.00 min_d= 1.42 avg_spd=2.02m/s end=collision t=  206.0s
[TRAIN][PPO] ep=022/500 r=  363.04 avg10=  245.60 steps=1271 succ10=0.10 touch10=0.10 col10=0.90 to10=0.00 min_d= 0.89 avg_spd=2.01m/s end=collision t=  220.8s
[TRAIN][PPO] ep=023/500 r=  289.73 avg10=  258.57 steps= 999 succ10=0.10 touch10=0.10 col10=0.90 to10=0.00 min_d= 1.45 avg_spd=2.03m/s end=collision t=  232.4s
[TRAIN][PPO] ep=024/500 r=   63.79 avg10=  235.50 steps= 334 succ10=0.10 touch10=0.10 col10=0.90 to10=0.00 min_d= 3.15 avg_spd=2.05m/s end=collision t=  237.5s
[TRAIN][PPO] ep=025/500 r=   75.68 avg10=  236.71 steps= 384 succ10=0.10 touch10=0.10 col10=0.90 to10=0.00 min_d= 3.06 avg_spd=2.02m/s end=collision t=  242.2s
[TRAIN][PPO] ep=026/500 r=  605.42 avg10=  236.15 steps=1511 succ10=0.10 touch10=0.10 col10=0.90 to10=0.00 min_d= 0.30 avg_spd=1.99m/s end=goal t=  259.9s
[TRAIN][PPO] ep=027/500 r=   56.94 avg10=  205.70 steps= 319 succ10=0.10 touch10=0.10 col10=0.90 to10=0.00 min_d= 3.13 avg_spd=2.02m/s end=collision t=  263.9s
[TRAIN][PPO] ep=028/500 r=   65.45 avg10=  206.47 steps= 340 succ10=0.10 touch10=0.10 col10=0.90 to10=0.00 min_d= 3.14 avg_spd=2.01m/s end=collision t=  268.6s
[TRAIN][PPO] ep=029/500 r=   48.07 avg10=  194.02 steps= 290 succ10=0.10 touch10=0.10 col10=0.90 to10=0.00 min_d= 3.15 avg_spd=2.02m/s end=collision t=  272.0s
[TRAIN][PPO] ep=030/500 r=   64.05 avg10=  193.20 steps= 334 succ10=0.10 touch10=0.10 col10=0.90 to10=0.00 min_d= 3.14 avg_spd=2.08m/s end=collision t=  275.8s
[TRAIN][PPO] ep=031/500 r=  364.89 avg10=  199.71 steps=1259 succ10=0.10 touch10=0.10 col10=0.90 to10=0.00 min_d= 0.90 avg_spd=2.02m/s end=collision t=  290.8s
[TRAIN][PPO] ep=032/500 r=  357.15 avg10=  199.12 steps=1259 succ10=0.10 touch10=0.10 col10=0.90 to10=0.00 min_d= 0.90 avg_spd=2.02m/s end=collision t=  307.6s
[TRAIN][PPO] ep=033/500 r=   55.25 avg10=  175.67 steps= 309 succ10=0.10 touch10=0.10 col10=0.90 to10=0.00 min_d= 3.15 avg_spd=2.03m/s end=collision t=  311.3s
[TRAIN][PPO] ep=034/500 r=  155.82 avg10=  184.87 steps= 640 succ10=0.10 touch10=0.10 col10=0.90 to10=0.00 min_d= 2.35 avg_spd=2.01m/s end=collision t=  319.1s
[TRAIN][PPO] ep=035/500 r=   55.61 avg10=  182.87 steps= 327 succ10=0.10 touch10=0.10 col10=0.90 to10=0.00 min_d= 3.15 avg_spd=1.99m/s end=collision t=  323.1s
[TRAIN][PPO] ep=036/500 r=  285.92 avg10=  150.92 steps=1002 succ10=0.00 touch10=0.00 col10=1.00 to10=0.00 min_d= 1.46 avg_spd=2.02m/s end=collision t=  335.7s
[TRAIN][PPO] ep=037/500 r=  376.28 avg10=  182.85 steps=1300 succ10=0.00 touch10=0.00 col10=1.00 to10=0.00 min_d= 0.88 avg_spd=2.02m/s end=collision t=  351.1s
[TRAIN][PPO] ep=038/500 r=  617.87 avg10=  238.09 steps=1536 succ10=0.10 touch10=0.10 col10=0.90 to10=0.00 min_d= 0.30 avg_spd=2.01m/s end=goal t=  369.5s ckpt=best_goal
[TRAIN][PPO] ep=039/500 r=  287.14 avg10=  262.00 steps=1018 succ10=0.10 touch10=0.10 col10=0.90 to10=0.00 min_d= 1.41 avg_spd=2.02m/s end=collision t=  381.7s
[TRAIN][PPO] ep=040/500 r=  377.55 avg10=  293.35 steps=1304 succ10=0.10 touch10=0.10 col10=0.90 to10=0.00 min_d= 0.90 avg_spd=2.01m/s end=collision t=  399.1s
[TRAIN][PPO] ep=041/500 r=  616.88 avg10=  318.55 steps=1515 succ10=0.20 touch10=0.20 col10=0.80 to10=0.00 min_d= 0.30 avg_spd=2.01m/s end=goal t=  417.4s
[TRAIN][PPO] ep=042/500 r=  360.14 avg10=  318.84 steps=1265 succ10=0.20 touch10=0.20 col10=0.80 to10=0.00 min_d= 0.92 avg_spd=2.03m/s end=collision t=  433.2s
[TRAIN][PPO] ep=043/500 r=  609.85 avg10=  374.30 steps=1545 succ10=0.30 touch10=0.30 col10=0.70 to10=0.00 min_d= 0.30 avg_spd=2.01m/s end=goal t=  452.1s
[TRAIN][PPO] ep=044/500 r=  167.99 avg10=  375.52 steps= 664 succ10=0.30 touch10=0.30 col10=0.70 to10=0.00 min_d= 2.33 avg_spd=2.00m/s end=collision t=  461.3s
[TRAIN][PPO] ep=045/500 r=   68.12 avg10=  376.77 steps= 351 succ10=0.30 touch10=0.30 col10=0.70 to10=0.00 min_d= 3.13 avg_spd=1.98m/s end=collision t=  465.5s
[TRAIN][PPO] ep=046/500 r=   57.89 avg10=  353.97 steps= 327 succ10=0.30 touch10=0.30 col10=0.70 to10=0.00 min_d= 3.10 avg_spd=1.98m/s end=collision t=  469.4s
[TRAIN][PPO] ep=047/500 r=  300.27 avg10=  346.37 steps=1031 succ10=0.30 touch10=0.30 col10=0.70 to10=0.00 min_d= 1.45 avg_spd=2.02m/s end=collision t=  481.7s
[TRAIN][PPO] ep=048/500 r=  310.41 avg10=  315.62 steps=1061 succ10=0.20 touch10=0.20 col10=0.80 to10=0.00 min_d= 1.42 avg_spd=2.00m/s end=collision t=  494.4s
[TRAIN][PPO] ep=049/500 r=  596.30 avg10=  346.54 steps=1522 succ10=0.30 touch10=0.30 col10=0.70 to10=0.00 min_d= 0.30 avg_spd=2.02m/s end=goal t=  512.1s
[TRAIN][PPO] ep=050/500 r=   68.50 avg10=  315.63 steps= 351 succ10=0.30 touch10=0.30 col10=0.70 to10=0.00 min_d= 3.14 avg_spd=2.01m/s end=collision t=  516.1s
[TRAIN][PPO] ep=051/500 r=   68.87 avg10=  260.83 steps= 359 succ10=0.20 touch10=0.20 col10=0.80 to10=0.00 min_d= 3.11 avg_spd=2.01m/s end=collision t=  520.5s
[TRAIN][PPO] ep=052/500 r=  613.05 avg10=  286.12 steps=1534 succ10=0.30 touch10=0.30 col10=0.70 to10=0.00 min_d= 0.30 avg_spd=2.01m/s end=goal t=  539.6s
[TRAIN][PPO] ep=053/500 r=  346.06 avg10=  259.75 steps=1248 succ10=0.20 touch10=0.20 col10=0.80 to10=0.00 min_d= 0.98 avg_spd=2.02m/s end=collision t=  554.6s
[TRAIN][PPO] ep=054/500 r=  292.23 avg10=  272.17 steps=1028 succ10=0.20 touch10=0.20 col10=0.80 to10=0.00 min_d= 1.43 avg_spd=2.02m/s end=collision t=  566.9s
[TRAIN][PPO] ep=055/500 r=  301.78 avg10=  295.54 steps=1024 succ10=0.20 touch10=0.20 col10=0.80 to10=0.00 min_d= 1.46 avg_spd=2.03m/s end=collision t=  578.9s
[TRAIN][PPO] ep=056/500 r=  356.79 avg10=  325.43 steps=1256 succ10=0.20 touch10=0.20 col10=0.80 to10=0.00 min_d= 0.94 avg_spd=2.03m/s end=collision t=  595.2s
[TRAIN][PPO] ep=057/500 r=  599.16 avg10=  355.31 steps=1483 succ10=0.30 touch10=0.30 col10=0.70 to10=0.00 min_d= 0.30 avg_spd=2.01m/s end=goal t=  613.1s
[TRAIN][PPO] ep=058/500 r=  609.91 avg10=  385.26 steps=1476 succ10=0.40 touch10=0.40 col10=0.60 to10=0.00 min_d= 0.30 avg_spd=2.02m/s end=goal t=  631.2s
[TRAIN][PPO] ep=059/500 r=  354.40 avg10=  361.07 steps=1276 succ10=0.30 touch10=0.30 col10=0.70 to10=0.00 min_d= 0.99 avg_spd=2.02m/s end=collision t=  646.2s
[TRAIN][PPO] ep=060/500 r=  598.55 avg10=  414.08 steps=1478 succ10=0.40 touch10=0.40 col10=0.60 to10=0.00 min_d= 0.30 avg_spd=2.04m/s end=goal t=  666.4s
[TRAIN][PPO] ep=061/500 r=  617.43 avg10=  468.94 steps=1562 succ10=0.50 touch10=0.50 col10=0.50 to10=0.00 min_d= 0.30 avg_spd=2.00m/s end=goal t=  685.4s
[TRAIN][PPO] ep=062/500 r=   67.28 avg10=  414.36 steps= 345 succ10=0.40 touch10=0.40 col10=0.60 to10=0.00 min_d= 3.14 avg_spd=1.99m/s end=collision t=  689.5s
[TRAIN][PPO] ep=063/500 r=  278.10 avg10=  407.56 steps= 985 succ10=0.40 touch10=0.40 col10=0.60 to10=0.00 min_d= 1.47 avg_spd=2.02m/s end=collision t=  701.6s
[TRAIN][PPO] ep=064/500 r=  603.22 avg10=  438.66 steps=1507 succ10=0.50 touch10=0.50 col10=0.50 to10=0.00 min_d= 0.30 avg_spd=2.01m/s end=goal t=  720.9s
[TRAIN][PPO] ep=065/500 r=  369.12 avg10=  445.40 steps=1250 succ10=0.50 touch10=0.50 col10=0.50 to10=0.00 min_d= 0.86 avg_spd=2.01m/s end=collision t=  735.8s
[TRAIN][PPO] ep=066/500 r=  355.20 avg10=  445.24 steps=1315 succ10=0.50 touch10=0.50 col10=0.50 to10=0.00 min_d= 0.91 avg_spd=2.01m/s end=collision t=  752.1s
[TRAIN][PPO] ep=067/500 r=  599.74 avg10=  445.29 steps=1495 succ10=0.50 touch10=0.50 col10=0.50 to10=0.00 min_d= 0.30 avg_spd=2.03m/s end=goal t=  770.6s
[TRAIN][PPO] ep=068/500 r=  604.61 avg10=  444.77 steps=1540 succ10=0.50 touch10=0.50 col10=0.50 to10=0.00 min_d= 0.30 avg_spd=2.02m/s end=goal t=  790.9s
[TRAIN][PPO] ep=069/500 r=  362.20 avg10=  445.55 steps=1311 succ10=0.50 touch10=0.50 col10=0.50 to10=0.00 min_d= 0.92 avg_spd=2.00m/s end=collision t=  806.5s
[TRAIN][PPO] ep=070/500 r=  609.29 avg10=  446.62 steps=1500 succ10=0.50 touch10=0.50 col10=0.50 to10=0.00 min_d= 0.30 avg_spd=2.03m/s end=goal t=  823.3s
[TRAIN][PPO] ep=071/500 r=  370.73 avg10=  421.95 steps=1306 succ10=0.40 touch10=0.40 col10=0.60 to10=0.00 min_d= 0.95 avg_spd=2.00m/s end=collision t=  838.6s
[TRAIN][PPO] ep=072/500 r=  361.91 avg10=  451.41 steps=1302 succ10=0.40 touch10=0.40 col10=0.60 to10=0.00 min_d= 0.96 avg_spd=2.02m/s end=collision t=  855.6s
[TRAIN][PPO] ep=073/500 r=  616.11 avg10=  485.21 steps=1504 succ10=0.50 touch10=0.50 col10=0.50 to10=0.00 min_d= 0.30 avg_spd=2.04m/s end=goal t=  873.4s
[TRAIN][PPO] ep=074/500 r=   64.12 avg10=  431.30 steps= 336 succ10=0.40 touch10=0.40 col10=0.60 to10=0.00 min_d= 3.15 avg_spd=2.06m/s end=collision t=  877.3s
[TRAIN][PPO] ep=075/500 r=  333.08 avg10=  427.70 steps=1255 succ10=0.40 touch10=0.40 col10=0.60 to10=0.00 min_d= 0.98 avg_spd=2.04m/s end=collision t=  892.2s
[TRAIN][PPO] ep=076/500 r=  595.81 avg10=  451.76 steps=1476 succ10=0.50 touch10=0.50 col10=0.50 to10=0.00 min_d= 0.30 avg_spd=2.04m/s end=goal t=  911.6s
[TRAIN][PPO] ep=077/500 r=  608.46 avg10=  452.63 steps=1497 succ10=0.50 touch10=0.50 col10=0.50 to10=0.00 min_d= 0.30 avg_spd=2.02m/s end=goal t=  929.6s
[TRAIN][PPO] ep=078/500 r=  356.76 avg10=  427.85 steps=1299 succ10=0.40 touch10=0.40 col10=0.60 to10=0.00 min_d= 0.95 avg_spd=2.02m/s end=collision t=  945.5s
[TRAIN][PPO] ep=079/500 r=  598.01 avg10=  451.43 steps=1522 succ10=0.50 touch10=0.50 col10=0.50 to10=0.00 min_d= 0.30 avg_spd=2.03m/s end=goal t=  963.6s
[TRAIN][PPO] ep=080/500 r=  347.67 avg10=  425.27 steps=1271 succ10=0.40 touch10=0.40 col10=0.60 to10=0.00 min_d= 0.97 avg_spd=2.06m/s end=collision t=  980.2s
[TRAIN][PPO] ep=081/500 r=  610.43 avg10=  449.24 steps=1545 succ10=0.50 touch10=0.50 col10=0.50 to10=0.00 min_d= 0.30 avg_spd=2.02m/s end=goal t=  998.8s
[TRAIN][PPO] ep=082/500 r=  357.61 avg10=  448.81 steps=1298 succ10=0.50 touch10=0.50 col10=0.50 to10=0.00 min_d= 0.97 avg_spd=2.03m/s end=collision t= 1014.3s
[TRAIN][PPO] ep=083/500 r=  321.44 avg10=  419.34 steps=1295 succ10=0.40 touch10=0.40 col10=0.60 to10=0.00 min_d= 1.01 avg_spd=2.04m/s end=collision t= 1029.5s
[TRAIN][PPO] ep=084/500 r=  608.52 avg10=  473.78 steps=1521 succ10=0.50 touch10=0.50 col10=0.50 to10=0.00 min_d= 0.30 avg_spd=2.02m/s end=goal t= 1049.0s
[TRAIN][PPO] ep=085/500 r=  333.97 avg10=  473.87 steps=1267 succ10=0.50 touch10=0.50 col10=0.50 to10=0.00 min_d= 1.01 avg_spd=2.02m/s end=collision t= 1064.5s
[TRAIN][PPO] ep=086/500 r=  609.03 avg10=  475.19 steps=1572 succ10=0.50 touch10=0.50 col10=0.50 to10=0.00 min_d= 0.30 avg_spd=2.01m/s end=goal t= 1083.0s
[TRAIN][PPO] ep=087/500 r=  357.12 avg10=  450.06 steps=1265 succ10=0.40 touch10=0.40 col10=0.60 to10=0.00 min_d= 0.88 avg_spd=2.03m/s end=collision t= 1097.9s
[TRAIN][PPO] ep=088/500 r=  604.07 avg10=  474.79 steps=1525 succ10=0.50 touch10=0.50 col10=0.50 to10=0.00 min_d= 0.30 avg_spd=1.99m/s end=goal t= 1117.5s
[TRAIN][PPO] ep=089/500 r=   58.04 avg10=  420.79 steps= 319 succ10=0.40 touch10=0.40 col10=0.60 to10=0.00 min_d= 3.15 avg_spd=2.04m/s end=collision t= 1121.2s
[TRAIN][PPO] ep=090/500 r=   60.05 avg10=  392.03 steps= 326 succ10=0.40 touch10=0.40 col10=0.60 to10=0.00 min_d= 3.14 avg_spd=2.04m/s end=collision t= 1124.9s
[TRAIN][PPO] ep=091/500 r=  357.89 avg10=  366.77 steps=1281 succ10=0.30 touch10=0.30 col10=0.70 to10=0.00 min_d= 0.96 avg_spd=2.01m/s end=collision t= 1140.1s
[TRAIN][PPO] ep=092/500 r=  292.39 avg10=  360.25 steps=1007 succ10=0.30 touch10=0.30 col10=0.70 to10=0.00 min_d= 1.46 avg_spd=2.06m/s end=collision t= 1152.8s
[TRAIN][PPO] ep=093/500 r=  339.35 avg10=  362.04 steps=1286 succ10=0.30 touch10=0.30 col10=0.70 to10=0.00 min_d= 0.98 avg_spd=2.01m/s end=collision t= 1167.7s
[TRAIN][PPO] ep=094/500 r=  288.81 avg10=  330.07 steps= 991 succ10=0.20 touch10=0.20 col10=0.80 to10=0.00 min_d= 1.44 avg_spd=2.04m/s end=collision t= 1179.4s
[TRAIN][PPO] ep=095/500 r=  351.59 avg10=  331.83 steps=1308 succ10=0.20 touch10=0.20 col10=0.80 to10=0.00 min_d= 0.89 avg_spd=2.03m/s end=collision t= 1195.0s
[TRAIN][PPO] ep=096/500 r=   56.96 avg10=  276.63 steps= 314 succ10=0.10 touch10=0.10 col10=0.90 to10=0.00 min_d= 3.13 avg_spd=2.05m/s end=collision t= 1200.3s
[TRAIN][PPO] ep=097/500 r=  339.60 avg10=  274.87 steps=1270 succ10=0.10 touch10=0.10 col10=0.90 to10=0.00 min_d= 0.99 avg_spd=2.02m/s end=collision t= 1214.6s
[TRAIN][PPO] ep=098/500 r=  292.91 avg10=  243.76 steps= 992 succ10=0.00 touch10=0.00 col10=1.00 to10=0.00 min_d= 1.46 avg_spd=2.04m/s end=collision t= 1226.5s
[TRAIN][PPO] ep=099/500 r=  619.60 avg10=  299.92 steps=1569 succ10=0.10 touch10=0.10 col10=0.90 to10=0.00 min_d= 0.30 avg_spd=2.00m/s end=goal t= 1245.3s ckpt=best_goal
[TRAIN][PPO] ep=100/500 r=  331.41 avg10=  327.05 steps=1255 succ10=0.10 touch10=0.10 col10=0.90 to10=0.00 min_d= 1.04 avg_spd=2.01m/s end=collision t= 1260.5s ckpt=latest
[TRAIN][PPO] ep=101/500 r=  609.11 avg10=  352.17 steps=1507 succ10=0.20 touch10=0.20 col10=0.80 to10=0.00 min_d= 0.30 avg_spd=2.01m/s end=goal t= 1278.1s
[TRAIN][PPO] ep=102/500 r=   70.66 avg10=  330.00 steps= 361 succ10=0.20 touch10=0.20 col10=0.80 to10=0.00 min_d= 3.08 avg_spd=2.03m/s end=collision t= 1282.4s
[TRAIN][PPO] ep=103/500 r=  368.58 avg10=  332.92 steps=1311 succ10=0.20 touch10=0.20 col10=0.80 to10=0.00 min_d= 0.90 avg_spd=2.01m/s end=collision t= 1298.3s
[TRAIN][PPO] ep=104/500 r=  618.61 avg10=  365.90 steps=1539 succ10=0.30 touch10=0.30 col10=0.70 to10=0.00 min_d= 0.30 avg_spd=2.00m/s end=goal t= 1318.1s
[TRAIN][PPO] ep=105/500 r=  292.26 avg10=  359.97 steps=1013 succ10=0.30 touch10=0.30 col10=0.70 to10=0.00 min_d= 1.45 avg_spd=2.03m/s end=collision t= 1330.6s
[TRAIN][PPO] ep=106/500 r=  374.15 avg10=  391.69 steps=1328 succ10=0.30 touch10=0.30 col10=0.70 to10=0.00 min_d= 0.88 avg_spd=2.01m/s end=collision t= 1346.9s
[TRAIN][PPO] ep=107/500 r=  605.40 avg10=  418.27 steps=1532 succ10=0.40 touch10=0.40 col10=0.60 to10=0.00 min_d= 0.30 avg_spd=2.00m/s end=goal t= 1365.6s
[TRAIN][PPO] ep=108/500 r=  604.62 avg10=  449.44 steps=1541 succ10=0.50 touch10=0.50 col10=0.50 to10=0.00 min_d= 0.30 avg_spd=2.02m/s end=goal t= 1387.9s
[TRAIN][PPO] ep=109/500 r=  608.71 avg10=  448.35 steps=1527 succ10=0.50 touch10=0.50 col10=0.50 to10=0.00 min_d= 0.30 avg_spd=1.99m/s end=goal t= 1407.6s
[TRAIN][PPO] ep=110/500 r=  616.66 avg10=  476.88 steps=1554 succ10=0.60 touch10=0.60 col10=0.40 to10=0.00 min_d= 0.30 avg_spd=2.00m/s end=goal t= 1427.2s
[TRAIN][PPO] ep=111/500 r=  282.91 avg10=  444.26 steps=1034 succ10=0.50 touch10=0.50 col10=0.50 to10=0.00 min_d= 1.46 avg_spd=2.03m/s end=collision t= 1440.5s
[TRAIN][PPO] ep=112/500 r=  607.23 avg10=  497.91 steps=1550 succ10=0.60 touch10=0.60 col10=0.40 to10=0.00 min_d= 0.30 avg_spd=2.01m/s end=goal t= 1461.6s
[TRAIN][PPO] ep=113/500 r=  605.88 avg10=  521.64 steps=1558 succ10=0.70 touch10=0.70 col10=0.30 to10=0.00 min_d= 0.30 avg_spd=2.00m/s end=goal t= 1481.6s
[TRAIN][PPO] ep=114/500 r=  601.11 avg10=  519.89 steps=1506 succ10=0.70 touch10=0.70 col10=0.30 to10=0.00 min_d= 0.30 avg_spd=2.00m/s end=goal t= 1500.7s
[TRAIN][PPO] ep=115/500 r=  603.04 avg10=  550.97 steps=1535 succ10=0.80 touch10=0.80 col10=0.20 to10=0.00 min_d= 0.30 avg_spd=2.01m/s end=goal t= 1520.2s
[TRAIN][PPO] ep=116/500 r=  600.51 avg10=  573.61 steps=1519 succ10=0.90 touch10=0.90 col10=0.10 to10=0.00 min_d= 0.30 avg_spd=2.00m/s end=goal t= 1541.1s
[TRAIN][PPO] ep=117/500 r=  609.09 avg10=  573.98 steps=1472 succ10=0.90 touch10=0.90 col10=0.10 to10=0.00 min_d= 0.30 avg_spd=2.00m/s end=goal t= 1559.2s
[TRAIN][PPO] ep=118/500 r=  606.79 avg10=  574.19 steps=1526 succ10=0.90 touch10=0.90 col10=0.10 to10=0.00 min_d= 0.30 avg_spd=2.00m/s end=goal t= 1578.1s
[TRAIN][PPO] ep=119/500 r=  603.52 avg10=  573.67 steps=1529 succ10=0.90 touch10=0.90 col10=0.10 to10=0.00 min_d= 0.30 avg_spd=2.02m/s end=goal t= 1597.5s
[TRAIN][PPO] ep=120/500 r=  371.60 avg10=  549.17 steps=1323 succ10=0.80 touch10=0.80 col10=0.20 to10=0.00 min_d= 0.89 avg_spd=2.00m/s end=collision t= 1615.8s
[TRAIN][PPO] ep=121/500 r=  366.56 avg10=  557.53 steps=1281 succ10=0.80 touch10=0.80 col10=0.20 to10=0.00 min_d= 0.89 avg_spd=2.01m/s end=collision t= 1631.9s
[TRAIN][PPO] ep=122/500 r=   49.94 avg10=  501.80 steps= 295 succ10=0.70 touch10=0.70 col10=0.30 to10=0.00 min_d= 3.14 avg_spd=2.00m/s end=collision t= 1635.4s
[TRAIN][PPO] ep=123/500 r=  304.42 avg10=  471.66 steps=1060 succ10=0.60 touch10=0.60 col10=0.40 to10=0.00 min_d= 1.42 avg_spd=2.01m/s end=collision t= 1648.0s
[TRAIN][PPO] ep=124/500 r=  296.94 avg10=  441.24 steps=1050 succ10=0.50 touch10=0.50 col10=0.50 to10=0.00 min_d= 1.43 avg_spd=2.03m/s end=collision t= 1661.5s
[TRAIN][PPO] ep=125/500 r=  610.52 avg10=  441.99 steps=1505 succ10=0.50 touch10=0.50 col10=0.50 to10=0.00 min_d= 0.30 avg_spd=2.02m/s end=goal t= 1679.4s
[TRAIN][PPO] ep=126/500 r=  365.94 avg10=  418.53 steps=1283 succ10=0.40 touch10=0.40 col10=0.60 to10=0.00 min_d= 0.91 avg_spd=2.00m/s end=collision t= 1695.6s
[TRAIN][PPO] ep=127/500 r=  609.77 avg10=  418.60 steps=1517 succ10=0.40 touch10=0.40 col10=0.60 to10=0.00 min_d= 0.30 avg_spd=2.00m/s end=goal t= 1713.8s
[TRAIN][PPO] ep=128/500 r=  610.52 avg10=  418.97 steps=1547 succ10=0.40 touch10=0.40 col10=0.60 to10=0.00 min_d= 0.30 avg_spd=2.01m/s end=goal t= 1734.9s
[TRAIN][PPO] ep=129/500 r=  368.47 avg10=  395.47 steps=1286 succ10=0.30 touch10=0.30 col10=0.70 to10=0.00 min_d= 0.92 avg_spd=2.00m/s end=collision t= 1750.6s
[TRAIN][PPO] ep=130/500 r=   61.79 avg10=  364.49 steps= 332 succ10=0.30 touch10=0.30 col10=0.70 to10=0.00 min_d= 3.15 avg_spd=2.05m/s end=collision t= 1754.6s
[TRAIN][PPO] ep=131/500 r=  618.29 avg10=  389.66 steps=1560 succ10=0.40 touch10=0.40 col10=0.60 to10=0.00 min_d= 0.30 avg_spd=2.01m/s end=goal t= 1773.7s
[TRAIN][PPO] ep=132/500 r=  610.18 avg10=  445.68 steps=1526 succ10=0.50 touch10=0.50 col10=0.50 to10=0.00 min_d= 0.30 avg_spd=2.01m/s end=goal t= 1793.5s
[TRAIN][PPO] ep=133/500 r=  604.24 avg10=  475.67 steps=1507 succ10=0.60 touch10=0.60 col10=0.40 to10=0.00 min_d= 0.30 avg_spd=2.02m/s end=goal t= 1812.2s
[TRAIN][PPO] ep=134/500 r=   75.46 avg10=  453.52 steps= 376 succ10=0.60 touch10=0.60 col10=0.40 to10=0.00 min_d= 3.10 avg_spd=2.01m/s end=collision t= 1816.7s
[TRAIN][PPO] ep=135/500 r=  340.78 avg10=  426.54 steps=1232 succ10=0.50 touch10=0.50 col10=0.50 to10=0.00 min_d= 0.97 avg_spd=2.03m/s end=collision t= 1831.7s
[TRAIN][PPO] ep=136/500 r=  359.89 avg10=  425.94 steps=1323 succ10=0.50 touch10=0.50 col10=0.50 to10=0.00 min_d= 0.96 avg_spd=2.02m/s end=collision t= 1848.4s
[TRAIN][PPO] ep=137/500 r=  606.44 avg10=  425.61 steps=1483 succ10=0.50 touch10=0.50 col10=0.50 to10=0.00 min_d= 0.30 avg_spd=2.02m/s end=goal t= 1866.0s
[TRAIN][PPO] ep=138/500 r=  604.65 avg10=  425.02 steps=1507 succ10=0.50 touch10=0.50 col10=0.50 to10=0.00 min_d= 0.30 avg_spd=2.00m/s end=goal t= 1884.4s
[TRAIN][PPO] ep=139/500 r=  612.30 avg10=  449.40 steps=1516 succ10=0.60 touch10=0.60 col10=0.40 to10=0.00 min_d= 0.30 avg_spd=2.00m/s end=goal t= 1903.7s
[TRAIN][PPO] ep=140/500 r=  610.07 avg10=  504.23 steps=1556 succ10=0.70 touch10=0.70 col10=0.30 to10=0.00 min_d= 0.30 avg_spd=2.02m/s end=goal t= 1923.7s
[TRAIN][PPO] ep=141/500 r=  300.13 avg10=  472.41 steps=1049 succ10=0.60 touch10=0.60 col10=0.40 to10=0.00 min_d= 1.45 avg_spd=2.02m/s end=collision t= 1936.4s
[TRAIN][PPO] ep=142/500 r=  607.99 avg10=  472.20 steps=1545 succ10=0.60 touch10=0.60 col10=0.40 to10=0.00 min_d= 0.30 avg_spd=2.04m/s end=goal t= 1955.0s
[TRAIN][PPO] ep=143/500 r=  598.23 avg10=  471.59 steps=1499 succ10=0.60 touch10=0.60 col10=0.40 to10=0.00 min_d= 0.30 avg_spd=2.03m/s end=goal t= 1973.6s
[TRAIN][PPO] ep=144/500 r=  612.48 avg10=  525.30 steps=1532 succ10=0.70 touch10=0.70 col10=0.30 to10=0.00 min_d= 0.30 avg_spd=1.99m/s end=goal t= 1993.7s
[TRAIN][PPO] ep=145/500 r=  337.25 avg10=  524.94 steps=1287 succ10=0.70 touch10=0.70 col10=0.30 to10=0.00 min_d= 1.02 avg_spd=2.03m/s end=collision t= 2009.2s
[TRAIN][PPO] ep=146/500 r=  347.18 avg10=  523.67 steps=1276 succ10=0.70 touch10=0.70 col10=0.30 to10=0.00 min_d= 0.97 avg_spd=2.01m/s end=collision t= 2024.2s
[TRAIN][PPO] ep=147/500 r=  362.85 avg10=  499.31 steps=1317 succ10=0.60 touch10=0.60 col10=0.40 to10=0.00 min_d= 0.95 avg_spd=2.02m/s end=collision t= 2039.5s
[TRAIN][PPO] ep=148/500 r=  601.90 avg10=  499.04 steps=1510 succ10=0.60 touch10=0.60 col10=0.40 to10=0.00 min_d= 0.30 avg_spd=1.99m/s end=goal t= 2058.0s
[TRAIN][PPO] ep=149/500 r=  343.14 avg10=  472.12 steps=1250 succ10=0.50 touch10=0.50 col10=0.50 to10=0.00 min_d= 0.96 avg_spd=2.02m/s end=collision t= 2073.4s
[TRAIN][PPO] ep=150/500 r=  609.63 avg10=  472.08 steps=1552 succ10=0.50 touch10=0.50 col10=0.50 to10=0.00 min_d= 0.30 avg_spd=2.02m/s end=goal t= 2091.9s
[TRAIN][PPO] ep=151/500 r=  596.37 avg10=  501.70 steps=1475 succ10=0.60 touch10=0.60 col10=0.40 to10=0.00 min_d= 0.30 avg_spd=2.02m/s end=goal t= 2110.3s
[TRAIN][PPO] ep=152/500 r=  597.69 avg10=  500.67 steps=1498 succ10=0.60 touch10=0.60 col10=0.40 to10=0.00 min_d= 0.30 avg_spd=2.01m/s end=goal t= 2129.2s
[TRAIN][PPO] ep=153/500 r=  615.45 avg10=  502.39 steps=1569 succ10=0.60 touch10=0.60 col10=0.40 to10=0.00 min_d= 0.30 avg_spd=2.00m/s end=goal t= 2148.0s
[TRAIN][PPO] ep=154/500 r=  612.89 avg10=  502.43 steps=1555 succ10=0.60 touch10=0.60 col10=0.40 to10=0.00 min_d= 0.30 avg_spd=2.01m/s end=goal t= 2167.0s
[TRAIN][PPO] ep=155/500 r=   66.05 avg10=  475.31 steps= 346 succ10=0.60 touch10=0.60 col10=0.40 to10=0.00 min_d= 3.11 avg_spd=2.03m/s end=collision t= 2171.2s
[TRAIN][PPO] ep=156/500 r=  604.04 avg10=  501.00 steps=1527 succ10=0.70 touch10=0.70 col10=0.30 to10=0.00 min_d= 0.30 avg_spd=2.01m/s end=goal t= 2190.6s
[TRAIN][PPO] ep=157/500 r=  603.77 avg10=  525.09 steps=1523 succ10=0.80 touch10=0.80 col10=0.20 to10=0.00 min_d= 0.30 avg_spd=2.03m/s end=goal t= 2208.5s
[TRAIN][PPO] ep=158/500 r=  598.39 avg10=  524.74 steps=1518 succ10=0.80 touch10=0.80 col10=0.20 to10=0.00 min_d= 0.30 avg_spd=2.00m/s end=goal t= 2226.3s
[TRAIN][PPO] ep=159/500 r=   55.14 avg10=  495.94 steps= 311 succ10=0.80 touch10=0.80 col10=0.20 to10=0.00 min_d= 3.12 avg_spd=2.00m/s end=collision t= 2230.1s
[TRAIN][PPO] ep=160/500 r=  609.64 avg10=  495.94 steps=1521 succ10=0.80 touch10=0.80 col10=0.20 to10=0.00 min_d= 0.30 avg_spd=2.02m/s end=goal t= 2249.4s
[TRAIN][PPO] ep=161/500 r=   55.37 avg10=  441.84 steps= 312 succ10=0.70 touch10=0.70 col10=0.30 to10=0.00 min_d= 3.13 avg_spd=2.05m/s end=collision t= 2253.0s
[TRAIN][PPO] ep=162/500 r=  619.45 avg10=  444.02 steps=1536 succ10=0.70 touch10=0.70 col10=0.30 to10=0.00 min_d= 0.30 avg_spd=2.00m/s end=goal t= 2271.4s
[TRAIN][PPO] ep=163/500 r=  609.16 avg10=  443.39 steps=1549 succ10=0.70 touch10=0.70 col10=0.30 to10=0.00 min_d= 0.30 avg_spd=2.01m/s end=goal t= 2289.9s
[TRAIN][PPO] ep=164/500 r=  616.02 avg10=  443.70 steps=1515 succ10=0.70 touch10=0.70 col10=0.30 to10=0.00 min_d= 0.30 avg_spd=2.00m/s end=goal t= 2309.5s
[TRAIN][PPO] ep=165/500 r=  598.71 avg10=  496.97 steps=1488 succ10=0.80 touch10=0.80 col10=0.20 to10=0.00 min_d= 0.30 avg_spd=2.01m/s end=goal t= 2327.5s
[TRAIN][PPO] ep=166/500 r=  277.65 avg10=  464.33 steps=1008 succ10=0.70 touch10=0.70 col10=0.30 to10=0.00 min_d= 1.44 avg_spd=2.04m/s end=collision t= 2339.9s
[TRAIN][PPO] ep=167/500 r=  613.70 avg10=  465.32 steps=1524 succ10=0.70 touch10=0.70 col10=0.30 to10=0.00 min_d= 0.30 avg_spd=2.02m/s end=goal t= 2359.3s
[TRAIN][PPO] ep=168/500 r=  603.06 avg10=  465.79 steps=1517 succ10=0.70 touch10=0.70 col10=0.30 to10=0.00 min_d= 0.30 avg_spd=2.02m/s end=goal t= 2379.2s
[TRAIN][PPO] ep=169/500 r=  610.11 avg10=  521.29 steps=1543 succ10=0.80 touch10=0.80 col10=0.20 to10=0.00 min_d= 0.30 avg_spd=2.03m/s end=goal t= 2398.3s
[TRAIN][PPO] ep=170/500 r=  345.96 avg10=  494.92 steps=1256 succ10=0.70 touch10=0.70 col10=0.30 to10=0.00 min_d= 0.97 avg_spd=2.05m/s end=collision t= 2413.0s
[TRAIN][PPO] ep=171/500 r=  613.95 avg10=  550.78 steps=1554 succ10=0.80 touch10=0.80 col10=0.20 to10=0.00 min_d= 0.30 avg_spd=2.00m/s end=goal t= 2431.6s
[TRAIN][PPO] ep=172/500 r=  373.95 avg10=  526.23 steps=1339 succ10=0.70 touch10=0.70 col10=0.30 to10=0.00 min_d= 0.86 avg_spd=1.99m/s end=collision t= 2448.5s
[TRAIN][PPO] ep=173/500 r=  594.71 avg10=  524.78 steps=1488 succ10=0.70 touch10=0.70 col10=0.30 to10=0.00 min_d= 0.30 avg_spd=2.02m/s end=goal t= 2466.4s
[TRAIN][PPO] ep=174/500 r=  594.43 avg10=  522.62 steps=1485 succ10=0.70 touch10=0.70 col10=0.30 to10=0.00 min_d= 0.30 avg_spd=2.03m/s end=goal t= 2484.6s
[TRAIN][PPO] ep=175/500 r=  619.10 avg10=  524.66 steps=1562 succ10=0.70 touch10=0.70 col10=0.30 to10=0.00 min_d= 0.30 avg_spd=2.00m/s end=goal t= 2503.1s
[TRAIN][PPO] ep=176/500 r=  599.74 avg10=  556.87 steps=1555 succ10=0.80 touch10=0.80 col10=0.20 to10=0.00 min_d= 0.30 avg_spd=2.02m/s end=goal t= 2523.7s
[TRAIN][PPO] ep=177/500 r=  611.68 avg10=  556.67 steps=1509 succ10=0.80 touch10=0.80 col10=0.20 to10=0.00 min_d= 0.30 avg_spd=2.03m/s end=goal t= 2542.2s
[TRAIN][PPO] ep=178/500 r=  599.16 avg10=  556.28 steps=1485 succ10=0.80 touch10=0.80 col10=0.20 to10=0.00 min_d= 0.30 avg_spd=2.02m/s end=goal t= 2560.9s
[TRAIN][PPO] ep=179/500 r=  297.61 avg10=  525.03 steps=1020 succ10=0.70 touch10=0.70 col10=0.30 to10=0.00 min_d= 1.42 avg_spd=2.03m/s end=collision t= 2573.9s
[TRAIN][PPO] ep=180/500 r=  604.91 avg10=  550.92 steps=1499 succ10=0.80 touch10=0.80 col10=0.20 to10=0.00 min_d= 0.30 avg_spd=2.03m/s end=goal t= 2593.3s
[TRAIN][PPO] ep=181/500 r=  288.85 avg10=  518.41 steps=1040 succ10=0.70 touch10=0.70 col10=0.30 to10=0.00 min_d= 1.43 avg_spd=2.05m/s end=collision t= 2605.5s
[TRAIN][PPO] ep=182/500 r=  338.22 avg10=  514.84 steps=1302 succ10=0.70 touch10=0.70 col10=0.30 to10=0.00 min_d= 1.00 avg_spd=2.00m/s end=collision t= 2621.4s
[TRAIN][PPO] ep=183/500 r=  617.89 avg10=  517.16 steps=1524 succ10=0.70 touch10=0.70 col10=0.30 to10=0.00 min_d= 0.30 avg_spd=2.01m/s end=goal t= 2640.1s
[TRAIN][PPO] ep=184/500 r=  600.03 avg10=  517.72 steps=1472 succ10=0.70 touch10=0.70 col10=0.30 to10=0.00 min_d= 0.30 avg_spd=2.03m/s end=goal t= 2660.0s
[TRAIN][PPO] ep=185/500 r=  608.40 avg10=  516.65 steps=1541 succ10=0.70 touch10=0.70 col10=0.30 to10=0.00 min_d= 0.30 avg_spd=2.02m/s end=goal t= 2678.2s
[TRAIN][PPO] ep=186/500 r=  338.72 avg10=  490.55 steps=1268 succ10=0.60 touch10=0.60 col10=0.40 to10=0.00 min_d= 0.99 avg_spd=2.03m/s end=collision t= 2694.3s
[TRAIN][PPO] ep=187/500 r=  605.34 avg10=  489.91 steps=1501 succ10=0.60 touch10=0.60 col10=0.40 to10=0.00 min_d= 0.30 avg_spd=2.02m/s end=goal t= 2713.0s
[TRAIN][PPO] ep=188/500 r=  591.54 avg10=  489.15 steps=1512 succ10=0.60 touch10=0.60 col10=0.40 to10=0.00 min_d= 0.30 avg_spd=2.05m/s end=goal t= 2734.4s
[TRAIN][PPO] ep=189/500 r=  592.70 avg10=  518.66 steps=1506 succ10=0.70 touch10=0.70 col10=0.30 to10=0.00 min_d= 0.30 avg_spd=2.03m/s end=goal t= 2753.0s
[TRAIN][PPO] ep=190/500 r=  595.70 avg10=  517.74 steps=1497 succ10=0.70 touch10=0.70 col10=0.30 to10=0.00 min_d= 0.30 avg_spd=2.06m/s end=goal t= 2771.4s
[TRAIN][PPO] ep=191/500 r=  609.39 avg10=  549.79 steps=1531 succ10=0.80 touch10=0.80 col10=0.20 to10=0.00 min_d= 0.30 avg_spd=1.99m/s end=goal t= 2790.8s
[TRAIN][PPO] ep=192/500 r=  610.58 avg10=  577.03 steps=1535 succ10=0.90 touch10=0.90 col10=0.10 to10=0.00 min_d= 0.30 avg_spd=2.02m/s end=goal t= 2811.3s
[TRAIN][PPO] ep=193/500 r=  608.48 avg10=  576.09 steps=1519 succ10=0.90 touch10=0.90 col10=0.10 to10=0.00 min_d= 0.30 avg_spd=2.02m/s end=goal t= 2829.2s
[TRAIN][PPO] ep=194/500 r=  604.09 avg10=  576.49 steps=1518 succ10=0.90 touch10=0.90 col10=0.10 to10=0.00 min_d= 0.30 avg_spd=2.01m/s end=goal t= 2846.9s
[TRAIN][PPO] ep=195/500 r=  610.48 avg10=  576.70 steps=1517 succ10=0.90 touch10=0.90 col10=0.10 to10=0.00 min_d= 0.30 avg_spd=2.01m/s end=goal t= 2864.8s
[TRAIN][PPO] ep=196/500 r=  620.56 avg10=  604.89 steps=1536 succ10=1.00 touch10=1.00 col10=0.00 to10=0.00 min_d= 0.30 avg_spd=2.00m/s end=goal t= 2883.6s ckpt=best_goal
[TRAIN][PPO] ep=197/500 r=  605.45 avg10=  604.90 steps=1483 succ10=1.00 touch10=1.00 col10=0.00 to10=0.00 min_d= 0.30 avg_spd=2.02m/s end=goal t= 2900.7s
[TRAIN][PPO] ep=198/500 r=  615.34 avg10=  607.28 steps=1533 succ10=1.00 touch10=1.00 col10=0.00 to10=0.00 min_d= 0.30 avg_spd=2.01m/s end=goal t= 2918.6s
[TRAIN][PPO] ep=199/500 r=  292.58 avg10=  577.27 steps=1022 succ10=0.90 touch10=0.90 col10=0.10 to10=0.00 min_d= 1.45 avg_spd=2.03m/s end=collision t= 2930.4s
[TRAIN][PPO] ep=200/500 r=  603.32 avg10=  578.03 steps=1509 succ10=0.90 touch10=0.90 col10=0.10 to10=0.00 min_d= 0.30 avg_spd=2.02m/s end=goal t= 2950.4s ckpt=latest
[TRAIN][PPO] ep=201/500 r=  605.93 avg10=  577.68 steps=1516 succ10=0.90 touch10=0.90 col10=0.10 to10=0.00 min_d= 0.30 avg_spd=2.04m/s end=goal t= 2968.5s
[TRAIN][PPO] ep=202/500 r=  311.90 avg10=  547.81 steps=1297 succ10=0.80 touch10=0.80 col10=0.20 to10=0.00 min_d= 1.13 avg_spd=2.03m/s end=collision t= 2983.8s
[TRAIN][PPO] ep=203/500 r=  597.75 avg10=  546.74 steps=1520 succ10=0.80 touch10=0.80 col10=0.20 to10=0.00 min_d= 0.30 avg_spd=2.01m/s end=goal t= 3001.7s
[TRAIN][PPO] ep=204/500 r=  284.47 avg10=  514.78 steps=1002 succ10=0.70 touch10=0.70 col10=0.30 to10=0.00 min_d= 1.43 avg_spd=2.05m/s end=collision t= 3015.5s
[TRAIN][PPO] ep=205/500 r=  594.43 avg10=  513.17 steps=1472 succ10=0.70 touch10=0.70 col10=0.30 to10=0.00 min_d= 0.30 avg_spd=2.04m/s end=goal t= 3033.0s
[TRAIN][PPO] ep=206/500 r=  610.36 avg10=  512.15 steps=1522 succ10=0.70 touch10=0.70 col10=0.30 to10=0.00 min_d= 0.30 avg_spd=2.02m/s end=goal t= 3050.9s
[TRAIN][PPO] ep=207/500 r=  348.01 avg10=  486.41 steps=1257 succ10=0.60 touch10=0.60 col10=0.40 to10=0.00 min_d= 0.95 avg_spd=2.04m/s end=collision t= 3065.6s
[TRAIN][PPO] ep=208/500 r=  601.02 avg10=  484.98 steps=1494 succ10=0.60 touch10=0.60 col10=0.40 to10=0.00 min_d= 0.30 avg_spd=2.03m/s end=goal t= 3084.6s
[TRAIN][PPO] ep=209/500 r=  599.59 avg10=  515.68 steps=1490 succ10=0.70 touch10=0.70 col10=0.30 to10=0.00 min_d= 0.30 avg_spd=2.03m/s end=goal t= 3102.0s
[TRAIN][PPO] ep=210/500 r=  603.37 avg10=  515.68 steps=1525 succ10=0.70 touch10=0.70 col10=0.30 to10=0.00 min_d= 0.30 avg_spd=2.04m/s end=goal t= 3121.5s
[TRAIN][PPO] ep=211/500 r=  606.03 avg10=  515.69 steps=1539 succ10=0.70 touch10=0.70 col10=0.30 to10=0.00 min_d= 0.30 avg_spd=2.02m/s end=goal t= 3140.9s
[TRAIN][PPO] ep=212/500 r=  343.29 avg10=  518.83 steps=1238 succ10=0.70 touch10=0.70 col10=0.30 to10=0.00 min_d= 0.97 avg_spd=2.04m/s end=collision t= 3157.2s
[TRAIN][PPO] ep=213/500 r=  608.74 avg10=  519.93 steps=1529 succ10=0.70 touch10=0.70 col10=0.30 to10=0.00 min_d= 0.30 avg_spd=2.03m/s end=goal t= 3175.4s
[TRAIN][PPO] ep=214/500 r=  358.06 avg10=  527.29 steps=1276 succ10=0.70 touch10=0.70 col10=0.30 to10=0.00 min_d= 0.95 avg_spd=2.02m/s end=collision t= 3190.6s
[TRAIN][PPO] ep=215/500 r=  290.85 avg10=  496.93 steps=1021 succ10=0.60 touch10=0.60 col10=0.40 to10=0.00 min_d= 1.45 avg_spd=2.06m/s end=collision t= 3203.0s
[TRAIN][PPO] ep=216/500 r=  283.35 avg10=  464.23 steps= 987 succ10=0.50 touch10=0.50 col10=0.50 to10=0.00 min_d= 1.46 avg_spd=2.07m/s end=collision t= 3216.8s
[TRAIN][PPO] ep=217/500 r=  619.44 avg10=  491.37 steps=1542 succ10=0.60 touch10=0.60 col10=0.40 to10=0.00 min_d= 0.30 avg_spd=2.00m/s end=goal t= 3235.8s
[TRAIN][PPO] ep=218/500 r=  595.90 avg10=  490.86 steps=1492 succ10=0.60 touch10=0.60 col10=0.40 to10=0.00 min_d= 0.30 avg_spd=2.03m/s end=goal t= 3255.3s
[TRAIN][PPO] ep=219/500 r=  363.19 avg10=  467.22 steps=1304 succ10=0.50 touch10=0.50 col10=0.50 to10=0.00 min_d= 0.96 avg_spd=2.03m/s end=collision t= 3272.3s
[TRAIN][PPO] ep=220/500 r=  605.79 avg10=  467.46 steps=1512 succ10=0.50 touch10=0.50 col10=0.50 to10=0.00 min_d= 0.30 avg_spd=2.02m/s end=goal t= 3293.2s
[TRAIN][PPO] ep=221/500 r=  604.14 avg10=  467.27 steps=1496 succ10=0.50 touch10=0.50 col10=0.50 to10=0.00 min_d= 0.30 avg_spd=2.03m/s end=goal t= 3312.7s
[TRAIN][PPO] ep=222/500 r=  595.89 avg10=  492.53 steps=1496 succ10=0.60 touch10=0.60 col10=0.40 to10=0.00 min_d= 0.30 avg_spd=2.04m/s end=goal t= 3332.2s
[TRAIN][PPO] ep=223/500 r=  379.68 avg10=  469.63 steps=1316 succ10=0.50 touch10=0.50 col10=0.50 to10=0.00 min_d= 0.88 avg_spd=2.02m/s end=collision t= 3349.6s
[TRAIN][PPO] ep=224/500 r=  606.38 avg10=  494.46 steps=1486 succ10=0.60 touch10=0.60 col10=0.40 to10=0.00 min_d= 0.30 avg_spd=2.04m/s end=goal t= 3369.9s
[TRAIN][PPO] ep=225/500 r=  333.64 avg10=  498.74 steps=1270 succ10=0.60 touch10=0.60 col10=0.40 to10=0.00 min_d= 0.98 avg_spd=2.03m/s end=collision t= 3386.3s
[TRAIN][PPO] ep=226/500 r=  599.60 avg10=  530.36 steps=1463 succ10=0.70 touch10=0.70 col10=0.30 to10=0.00 min_d= 0.30 avg_spd=2.02m/s end=goal t= 3404.8s
[TRAIN][PPO] ep=227/500 r=  161.34 avg10=  484.55 steps= 646 succ10=0.60 touch10=0.60 col10=0.40 to10=0.00 min_d= 2.34 avg_spd=2.06m/s end=collision t= 3413.0s
[TRAIN][PPO] ep=228/500 r=  605.94 avg10=  485.56 steps=1486 succ10=0.60 touch10=0.60 col10=0.40 to10=0.00 min_d= 0.30 avg_spd=2.04m/s end=goal t= 3433.3s
[TRAIN][PPO] ep=229/500 r=  607.39 avg10=  509.98 steps=1527 succ10=0.70 touch10=0.70 col10=0.30 to10=0.00 min_d= 0.30 avg_spd=2.01m/s end=goal t= 3452.7s
[TRAIN][PPO] ep=230/500 r=  617.42 avg10=  511.14 steps=1511 succ10=0.70 touch10=0.70 col10=0.30 to10=0.00 min_d= 0.30 avg_spd=2.03m/s end=goal t= 3471.9s
[TRAIN][PPO] ep=231/500 r=  611.50 avg10=  511.88 steps=1511 succ10=0.70 touch10=0.70 col10=0.30 to10=0.00 min_d= 0.30 avg_spd=2.03m/s end=goal t= 3490.7s
[TRAIN][PPO] ep=232/500 r=  613.45 avg10=  513.63 steps=1518 succ10=0.70 touch10=0.70 col10=0.30 to10=0.00 min_d= 0.30 avg_spd=2.02m/s end=goal t= 3511.0s
[TRAIN][PPO] ep=233/500 r=  614.00 avg10=  537.07 steps=1513 succ10=0.80 touch10=0.80 col10=0.20 to10=0.00 min_d= 0.30 avg_spd=2.02m/s end=goal t= 3529.9s
[TRAIN][PPO] ep=234/500 r=  339.63 avg10=  510.39 steps=1301 succ10=0.70 touch10=0.70 col10=0.30 to10=0.00 min_d= 1.03 avg_spd=2.01m/s end=collision t= 3546.0s
[TRAIN][PPO] ep=235/500 r=  612.57 avg10=  538.28 steps=1519 succ10=0.80 touch10=0.80 col10=0.20 to10=0.00 min_d= 0.30 avg_spd=2.01m/s end=goal t= 3564.7s
[TRAIN][PPO] ep=236/500 r=  613.19 avg10=  539.64 steps=1517 succ10=0.80 touch10=0.80 col10=0.20 to10=0.00 min_d= 0.30 avg_spd=2.02m/s end=goal t= 3584.5s
[TRAIN][PPO] ep=237/500 r=  610.37 avg10=  584.55 steps=1511 succ10=0.90 touch10=0.90 col10=0.10 to10=0.00 min_d= 0.30 avg_spd=2.02m/s end=goal t= 3603.3s
[TRAIN][PPO] ep=238/500 r=  156.61 avg10=  539.61 steps= 638 succ10=0.80 touch10=0.80 col10=0.20 to10=0.00 min_d= 2.34 avg_spd=2.03m/s end=collision t= 3611.2s
[TRAIN][PPO] ep=239/500 r=  607.95 avg10=  539.67 steps=1512 succ10=0.80 touch10=0.80 col10=0.20 to10=0.00 min_d= 0.30 avg_spd=2.02m/s end=goal t= 3630.2s
[TRAIN][PPO] ep=240/500 r=  605.36 avg10=  538.46 steps=1482 succ10=0.80 touch10=0.80 col10=0.20 to10=0.00 min_d= 0.30 avg_spd=2.04m/s end=goal t= 3649.3s
[TRAIN][PPO] ep=241/500 r=  603.18 avg10=  537.63 steps=1483 succ10=0.80 touch10=0.80 col10=0.20 to10=0.00 min_d= 0.30 avg_spd=2.03m/s end=goal t= 3667.5s
[TRAIN][PPO] ep=242/500 r=  363.20 avg10=  512.61 steps=1261 succ10=0.70 touch10=0.70 col10=0.30 to10=0.00 min_d= 0.89 avg_spd=2.02m/s end=collision t= 3683.2s
[TRAIN][PPO] ep=243/500 r=  597.46 avg10=  510.95 steps=1494 succ10=0.70 touch10=0.70 col10=0.30 to10=0.00 min_d= 0.30 avg_spd=2.02m/s end=goal t= 3701.2s
[TRAIN][PPO] ep=244/500 r=  610.41 avg10=  538.03 steps=1513 succ10=0.80 touch10=0.80 col10=0.20 to10=0.00 min_d= 0.30 avg_spd=1.99m/s end=goal t= 3722.5s
[TRAIN][PPO] ep=245/500 r=  604.75 avg10=  537.25 steps=1494 succ10=0.80 touch10=0.80 col10=0.20 to10=0.00 min_d= 0.30 avg_spd=2.03m/s end=goal t= 3740.7s
[TRAIN][PPO] ep=246/500 r=  598.40 avg10=  535.77 steps=1483 succ10=0.80 touch10=0.80 col10=0.20 to10=0.00 min_d= 0.30 avg_spd=2.02m/s end=goal t= 3758.9s
[TRAIN][PPO] ep=247/500 r=  612.83 avg10=  536.02 steps=1530 succ10=0.80 touch10=0.80 col10=0.20 to10=0.00 min_d= 0.30 avg_spd=2.03m/s end=goal t= 3776.8s
[TRAIN][PPO] ep=248/500 r=  614.08 avg10=  581.76 steps=1508 succ10=0.90 touch10=0.90 col10=0.10 to10=0.00 min_d= 0.30 avg_spd=2.04m/s end=goal t= 3797.7s
[TRAIN][PPO] ep=249/500 r=  607.02 avg10=  581.67 steps=1506 succ10=0.90 touch10=0.90 col10=0.10 to10=0.00 min_d= 0.30 avg_spd=2.02m/s end=goal t= 3815.4s
[TRAIN][PPO] ep=250/500 r=  603.43 avg10=  581.48 steps=1499 succ10=0.90 touch10=0.90 col10=0.10 to10=0.00 min_d= 0.30 avg_spd=2.03m/s end=goal t= 3832.8s
[TRAIN][PPO] ep=251/500 r=  601.28 avg10=  581.29 steps=1481 succ10=0.90 touch10=0.90 col10=0.10 to10=0.00 min_d= 0.30 avg_spd=2.02m/s end=goal t= 3849.9s
[TRAIN][PPO] ep=252/500 r=  610.15 avg10=  605.98 steps=1501 succ10=1.00 touch10=1.00 col10=0.00 to10=0.00 min_d= 0.30 avg_spd=2.03m/s end=goal t= 3868.2s
[TRAIN][PPO] ep=253/500 r=  602.62 avg10=  606.50 steps=1506 succ10=1.00 touch10=1.00 col10=0.00 to10=0.00 min_d= 0.30 avg_spd=2.04m/s end=goal t= 3885.4s
[TRAIN][PPO] ep=254/500 r=  607.75 avg10=  606.23 steps=1491 succ10=1.00 touch10=1.00 col10=0.00 to10=0.00 min_d= 0.30 avg_spd=2.05m/s end=goal t= 3902.5s
[TRAIN][PPO] ep=255/500 r=  623.08 avg10=  608.06 steps=1547 succ10=1.00 touch10=1.00 col10=0.00 to10=0.00 min_d= 0.30 avg_spd=2.01m/s end=goal t= 3920.6s ckpt=best_goal
[TRAIN][PPO] ep=256/500 r=  598.54 avg10=  608.08 steps=1464 succ10=1.00 touch10=1.00 col10=0.00 to10=0.00 min_d= 0.30 avg_spd=2.04m/s end=goal t= 3939.1s
[TRAIN][PPO] ep=257/500 r=  608.53 avg10=  607.65 steps=1510 succ10=1.00 touch10=1.00 col10=0.00 to10=0.00 min_d= 0.30 avg_spd=2.00m/s end=goal t= 3956.9s
[TRAIN][PPO] ep=258/500 r=  357.35 avg10=  581.97 steps=1244 succ10=0.90 touch10=0.90 col10=0.10 to10=0.00 min_d= 0.92 avg_spd=2.04m/s end=collision t= 3971.1s
[TRAIN][PPO] ep=259/500 r=  611.97 avg10=  582.47 steps=1506 succ10=0.90 touch10=0.90 col10=0.10 to10=0.00 min_d= 0.30 avg_spd=2.04m/s end=goal t= 3988.2s
[TRAIN][PPO] ep=260/500 r=  610.03 avg10=  583.13 steps=1504 succ10=0.90 touch10=0.90 col10=0.10 to10=0.00 min_d= 0.30 avg_spd=2.02m/s end=goal t= 4006.1s
[TRAIN][PPO] ep=261/500 r=  349.77 avg10=  557.98 steps=1240 succ10=0.80 touch10=0.80 col10=0.20 to10=0.00 min_d= 0.94 avg_spd=2.03m/s end=collision t= 4020.0s
[TRAIN][PPO] ep=262/500 r=  600.20 avg10=  556.98 steps=1485 succ10=0.80 touch10=0.80 col10=0.20 to10=0.00 min_d= 0.30 avg_spd=2.03m/s end=goal t= 4036.7s
[TRAIN][PPO] ep=263/500 r=  603.73 avg10=  557.09 steps=1473 succ10=0.80 touch10=0.80 col10=0.20 to10=0.00 min_d= 0.30 avg_spd=2.03m/s end=goal t= 4053.4s
[TRAIN][PPO] ep=264/500 r=  611.37 avg10=  557.46 steps=1503 succ10=0.80 touch10=0.80 col10=0.20 to10=0.00 min_d= 0.30 avg_spd=2.03m/s end=goal t= 4072.2s
[TRAIN][PPO] ep=265/500 r=  601.25 avg10=  555.27 steps=1480 succ10=0.80 touch10=0.80 col10=0.20 to10=0.00 min_d= 0.30 avg_spd=2.03m/s end=goal t= 4089.0s
[TRAIN][PPO] ep=266/500 r=  608.72 avg10=  556.29 steps=1490 succ10=0.80 touch10=0.80 col10=0.20 to10=0.00 min_d= 0.30 avg_spd=2.03m/s end=goal t= 4106.1s
[TRAIN][PPO] ep=267/500 r=  617.53 avg10=  557.19 steps=1502 succ10=0.80 touch10=0.80 col10=0.20 to10=0.00 min_d= 0.30 avg_spd=2.02m/s end=goal t= 4123.5s
[TRAIN][PPO] ep=268/500 r=  607.93 avg10=  582.25 steps=1497 succ10=0.90 touch10=0.90 col10=0.10 to10=0.00 min_d= 0.30 avg_spd=2.03m/s end=goal t= 4142.7s
[TRAIN][PPO] ep=269/500 r=  604.66 avg10=  581.52 steps=1479 succ10=0.90 touch10=0.90 col10=0.10 to10=0.00 min_d= 0.30 avg_spd=2.03m/s end=goal t= 4159.9s
[TRAIN][PPO] ep=270/500 r=   65.83 avg10=  527.10 steps= 355 succ10=0.80 touch10=0.80 col10=0.20 to10=0.00 min_d= 3.14 avg_spd=2.06m/s end=collision t= 4164.0s
[TRAIN][PPO] ep=271/500 r=  612.74 avg10=  553.39 steps=1516 succ10=0.90 touch10=0.90 col10=0.10 to10=0.00 min_d= 0.30 avg_spd=2.02m/s end=goal t= 4182.2s
[TRAIN][PPO] ep=272/500 r=  613.36 avg10=  554.71 steps=1504 succ10=0.90 touch10=0.90 col10=0.10 to10=0.00 min_d= 0.30 avg_spd=2.03m/s end=goal t= 4201.0s
[TRAIN][PPO] ep=273/500 r=  601.97 avg10=  554.54 steps=1476 succ10=0.90 touch10=0.90 col10=0.10 to10=0.00 min_d= 0.30 avg_spd=2.04m/s end=goal t= 4219.0s
[TRAIN][PPO] ep=274/500 r=  354.35 avg10=  528.83 steps=1237 succ10=0.80 touch10=0.80 col10=0.20 to10=0.00 min_d= 0.94 avg_spd=2.03m/s end=collision t= 4233.7s
[TRAIN][PPO] ep=275/500 r=  606.18 avg10=  529.33 steps=1497 succ10=0.80 touch10=0.80 col10=0.20 to10=0.00 min_d= 0.30 avg_spd=2.04m/s end=goal t= 4251.4s
[TRAIN][PPO] ep=276/500 r=  606.51 avg10=  529.11 steps=1502 succ10=0.80 touch10=0.80 col10=0.20 to10=0.00 min_d= 0.30 avg_spd=2.02m/s end=goal t= 4270.1s
[TRAIN][PPO] ep=277/500 r=  599.46 avg10=  527.30 steps=1473 succ10=0.80 touch10=0.80 col10=0.20 to10=0.00 min_d= 0.30 avg_spd=2.04m/s end=goal t= 4287.7s
[TRAIN][PPO] ep=278/500 r=  604.75 avg10=  526.98 steps=1485 succ10=0.80 touch10=0.80 col10=0.20 to10=0.00 min_d= 0.30 avg_spd=2.04m/s end=goal t= 4305.2s
[TRAIN][PPO] ep=279/500 r=  613.27 avg10=  527.84 steps=1511 succ10=0.80 touch10=0.80 col10=0.20 to10=0.00 min_d= 0.30 avg_spd=2.01m/s end=goal t= 4323.1s
[TRAIN][PPO] ep=280/500 r=  615.25 avg10=  582.78 steps=1508 succ10=0.90 touch10=0.90 col10=0.10 to10=0.00 min_d= 0.30 avg_spd=2.03m/s end=goal t= 4342.3s
[TRAIN][PPO] ep=281/500 r=  602.64 avg10=  581.77 steps=1482 succ10=0.90 touch10=0.90 col10=0.10 to10=0.00 min_d= 0.30 avg_spd=2.02m/s end=goal t= 4359.5s
[TRAIN][PPO] ep=282/500 r=  611.56 avg10=  581.59 steps=1495 succ10=0.90 touch10=0.90 col10=0.10 to10=0.00 min_d= 0.30 avg_spd=2.01m/s end=goal t= 4377.3s
[TRAIN][PPO] ep=283/500 r=  613.91 avg10=  582.79 steps=1536 succ10=0.90 touch10=0.90 col10=0.10 to10=0.00 min_d= 0.30 avg_spd=2.02m/s end=goal t= 4395.9s
[TRAIN][PPO] ep=284/500 r=  605.45 avg10=  607.90 steps=1473 succ10=1.00 touch10=1.00 col10=0.00 to10=0.00 min_d= 0.30 avg_spd=2.03m/s end=goal t= 4416.5s
[TRAIN][PPO] ep=285/500 r=  594.68 avg10=  606.75 steps=1439 succ10=1.00 touch10=1.00 col10=0.00 to10=0.00 min_d= 0.30 avg_spd=2.04m/s end=goal t= 4434.1s
[TRAIN][PPO] ep=286/500 r=  611.93 avg10=  607.29 steps=1509 succ10=1.00 touch10=1.00 col10=0.00 to10=0.00 min_d= 0.30 avg_spd=2.04m/s end=goal t= 4452.3s
[TRAIN][PPO] ep=287/500 r=  607.98 avg10=  608.14 steps=1504 succ10=1.00 touch10=1.00 col10=0.00 to10=0.00 min_d= 0.30 avg_spd=2.02m/s end=goal t= 4469.8s
[TRAIN][PPO] ep=288/500 r=  602.19 avg10=  607.89 steps=1460 succ10=1.00 touch10=1.00 col10=0.00 to10=0.00 min_d= 0.30 avg_spd=2.03m/s end=goal t= 4488.2s
[TRAIN][PPO] ep=289/500 r=  590.36 avg10=  605.59 steps=1471 succ10=1.00 touch10=1.00 col10=0.00 to10=0.00 min_d= 0.30 avg_spd=2.04m/s end=goal t= 4506.0s
[TRAIN][PPO] ep=290/500 r=  619.27 avg10=  606.00 steps=1521 succ10=1.00 touch10=1.00 col10=0.00 to10=0.00 min_d= 0.30 avg_spd=2.02m/s end=goal t= 4525.3s
[TRAIN][PPO] ep=291/500 r=  616.97 avg10=  607.43 steps=1521 succ10=1.00 touch10=1.00 col10=0.00 to10=0.00 min_d= 0.30 avg_spd=2.02m/s end=goal t= 4544.2s
[TRAIN][PPO] ep=292/500 r=  615.94 avg10=  607.87 steps=1514 succ10=1.00 touch10=1.00 col10=0.00 to10=0.00 min_d= 0.30 avg_spd=2.02m/s end=goal t= 4564.0s
[TRAIN][PPO] ep=293/500 r=  605.44 avg10=  607.02 steps=1488 succ10=1.00 touch10=1.00 col10=0.00 to10=0.00 min_d= 0.30 avg_spd=2.02m/s end=goal t= 4582.1s
[TRAIN][PPO] ep=294/500 r=  352.00 avg10=  581.68 steps=1273 succ10=0.90 touch10=0.90 col10=0.10 to10=0.00 min_d= 0.96 avg_spd=2.01m/s end=collision t= 4598.1s
[TRAIN][PPO] ep=295/500 r=  608.11 avg10=  583.02 steps=1508 succ10=0.90 touch10=0.90 col10=0.10 to10=0.00 min_d= 0.30 avg_spd=2.02m/s end=goal t= 4616.7s
[TRAIN][PPO] ep=296/500 r=  602.20 avg10=  582.05 steps=1478 succ10=0.90 touch10=0.90 col10=0.10 to10=0.00 min_d= 0.30 avg_spd=2.04m/s end=goal t= 4636.0s
[TRAIN][PPO] ep=297/500 r=  612.70 avg10=  582.52 steps=1501 succ10=0.90 touch10=0.90 col10=0.10 to10=0.00 min_d= 0.30 avg_spd=2.01m/s end=goal t= 4654.3s
[TRAIN][PPO] ep=298/500 r=  597.08 avg10=  582.01 steps=1468 succ10=0.90 touch10=0.90 col10=0.10 to10=0.00 min_d= 0.30 avg_spd=2.02m/s end=goal t= 4672.2s
[TRAIN][PPO] ep=299/500 r=  608.56 avg10=  583.83 steps=1474 succ10=0.90 touch10=0.90 col10=0.10 to10=0.00 min_d= 0.30 avg_spd=2.03m/s end=goal t= 4690.2s
[TRAIN][PPO] ep=300/500 r=  616.92 avg10=  583.59 steps=1522 succ10=0.90 touch10=0.90 col10=0.10 to10=0.00 min_d= 0.30 avg_spd=2.01m/s end=goal t= 4710.3s ckpt=latest
[TRAIN][PPO] ep=301/500 r=  604.05 avg10=  582.30 steps=1481 succ10=0.90 touch10=0.90 col10=0.10 to10=0.00 min_d= 0.30 avg_spd=2.01m/s end=goal t= 4728.7s
[TRAIN][PPO] ep=302/500 r=  606.17 avg10=  581.32 steps=1473 succ10=0.90 touch10=0.90 col10=0.10 to10=0.00 min_d= 0.30 avg_spd=2.00m/s end=goal t= 4748.0s
[TRAIN][PPO] ep=303/500 r=  626.11 avg10=  583.39 steps=1547 succ10=0.90 touch10=0.90 col10=0.10 to10=0.00 min_d= 0.30 avg_spd=2.00m/s end=goal t= 4768.1s ckpt=best_goal
[TRAIN][PPO] ep=304/500 r=  603.53 avg10=  608.54 steps=1504 succ10=1.00 touch10=1.00 col10=0.00 to10=0.00 min_d= 0.30 avg_spd=2.02m/s end=goal t= 4789.5s
[TRAIN][PPO] ep=305/500 r=  612.44 avg10=  608.98 steps=1514 succ10=1.00 touch10=1.00 col10=0.00 to10=0.00 min_d= 0.30 avg_spd=2.01m/s end=goal t= 4809.1s
[TRAIN][PPO] ep=306/500 r=  613.48 avg10=  610.11 steps=1516 succ10=1.00 touch10=1.00 col10=0.00 to10=0.00 min_d= 0.30 avg_spd=2.00m/s end=goal t= 4828.3s
[TRAIN][PPO] ep=307/500 r=  612.95 avg10=  610.13 steps=1500 succ10=1.00 touch10=1.00 col10=0.00 to10=0.00 min_d= 0.30 avg_spd=2.02m/s end=goal t= 4847.7s
[TRAIN][PPO] ep=308/500 r=  606.18 avg10=  611.04 steps=1516 succ10=1.00 touch10=1.00 col10=0.00 to10=0.00 min_d= 0.30 avg_spd=2.02m/s end=goal t= 4868.9s
[TRAIN][PPO] ep=309/500 r=  609.32 avg10=  611.12 steps=1505 succ10=1.00 touch10=1.00 col10=0.00 to10=0.00 min_d= 0.30 avg_spd=2.01m/s end=goal t= 4887.8s
[TRAIN][PPO] ep=310/500 r=  616.50 avg10=  611.07 steps=1533 succ10=1.00 touch10=1.00 col10=0.00 to10=0.00 min_d= 0.30 avg_spd=2.02m/s end=goal t= 4907.0s
[TRAIN][PPO] ep=311/500 r=  620.96 avg10=  612.76 steps=1543 succ10=1.00 touch10=1.00 col10=0.00 to10=0.00 min_d= 0.30 avg_spd=1.99m/s end=goal t= 4926.2s
[TRAIN][PPO] ep=312/500 r=  620.69 avg10=  614.22 steps=1540 succ10=1.00 touch10=1.00 col10=0.00 to10=0.00 min_d= 0.30 avg_spd=2.01m/s end=goal t= 4946.6s
[TRAIN][PPO] ep=313/500 r=  604.22 avg10=  612.03 steps=1491 succ10=1.00 touch10=1.00 col10=0.00 to10=0.00 min_d= 0.30 avg_spd=2.02m/s end=goal t= 4964.6s
[TRAIN][PPO] ep=314/500 r=  610.82 avg10=  612.76 steps=1510 succ10=1.00 touch10=1.00 col10=0.00 to10=0.00 min_d= 0.30 avg_spd=2.02m/s end=goal t= 4982.9s
[TRAIN][PPO] ep=315/500 r=  606.04 avg10=  612.12 steps=1498 succ10=1.00 touch10=1.00 col10=0.00 to10=0.00 min_d= 0.30 avg_spd=2.01m/s end=goal t= 5001.3s
[TRAIN][PPO] ep=316/500 r=  625.19 avg10=  613.29 steps=1549 succ10=1.00 touch10=1.00 col10=0.00 to10=0.00 min_d= 0.30 avg_spd=2.00m/s end=goal t= 5021.5s
[TRAIN][PPO] ep=317/500 r=  607.12 avg10=  612.70 steps=1492 succ10=1.00 touch10=1.00 col10=0.00 to10=0.00 min_d= 0.30 avg_spd=2.01m/s end=goal t= 5040.0s
[TRAIN][PPO] ep=318/500 r=  620.92 avg10=  614.18 steps=1530 succ10=1.00 touch10=1.00 col10=0.00 to10=0.00 min_d= 0.30 avg_spd=2.02m/s end=goal t= 5058.5s
[TRAIN][PPO] ep=319/500 r=  612.91 avg10=  614.54 steps=1499 succ10=1.00 touch10=1.00 col10=0.00 to10=0.00 min_d= 0.30 avg_spd=2.02m/s end=goal t= 5076.1s
[TRAIN][PPO] ep=320/500 r=  595.23 avg10=  612.41 steps=1456 succ10=1.00 touch10=1.00 col10=0.00 to10=0.00 min_d= 0.30 avg_spd=2.03m/s end=goal t= 5095.3s
[TRAIN][PPO] ep=321/500 r=  601.79 avg10=  610.49 steps=1478 succ10=1.00 touch10=1.00 col10=0.00 to10=0.00 min_d= 0.30 avg_spd=2.01m/s end=goal t= 5113.4s
[TRAIN][PPO] ep=322/500 r=  604.37 avg10=  608.86 steps=1495 succ10=1.00 touch10=1.00 col10=0.00 to10=0.00 min_d= 0.30 avg_spd=2.03m/s end=goal t= 5131.9s
[TRAIN][PPO] ep=323/500 r=  612.09 avg10=  609.65 steps=1491 succ10=1.00 touch10=1.00 col10=0.00 to10=0.00 min_d= 0.30 avg_spd=2.01m/s end=goal t= 5149.9s
[TRAIN][PPO] ep=324/500 r=  608.44 avg10=  609.41 steps=1494 succ10=1.00 touch10=1.00 col10=0.00 to10=0.00 min_d= 0.30 avg_spd=2.03m/s end=goal t= 5169.4s
[TRAIN][PPO] ep=325/500 r=  616.06 avg10=  610.41 steps=1511 succ10=1.00 touch10=1.00 col10=0.00 to10=0.00 min_d= 0.30 avg_spd=2.02m/s end=goal t= 5187.8s
[TRAIN][PPO] ep=326/500 r=  615.70 avg10=  609.46 steps=1522 succ10=1.00 touch10=1.00 col10=0.00 to10=0.00 min_d= 0.30 avg_spd=2.02m/s end=goal t= 5206.5s
[TRAIN][PPO] ep=327/500 r=  619.58 avg10=  610.71 steps=1534 succ10=1.00 touch10=1.00 col10=0.00 to10=0.00 min_d= 0.30 avg_spd=2.01m/s end=goal t= 5225.1s
[TRAIN][PPO] ep=328/500 r=  618.05 avg10=  610.42 steps=1520 succ10=1.00 touch10=1.00 col10=0.00 to10=0.00 min_d= 0.30 avg_spd=2.00m/s end=goal t= 5244.9s
[TRAIN][PPO] ep=329/500 r=  616.73 avg10=  610.81 steps=1533 succ10=1.00 touch10=1.00 col10=0.00 to10=0.00 min_d= 0.30 avg_spd=2.01m/s end=goal t= 5263.7s
[TRAIN][PPO] ep=330/500 r=  610.56 avg10=  612.34 steps=1490 succ10=1.00 touch10=1.00 col10=0.00 to10=0.00 min_d= 0.30 avg_spd=2.00m/s end=goal t= 5282.0s
[TRAIN][PPO] ep=331/500 r=  611.86 avg10=  613.35 steps=1528 succ10=1.00 touch10=1.00 col10=0.00 to10=0.00 min_d= 0.30 avg_spd=2.01m/s end=goal t= 5300.2s
[TRAIN][PPO] ep=332/500 r=  622.22 avg10=  615.13 steps=1497 succ10=1.00 touch10=1.00 col10=0.00 to10=0.00 min_d= 0.30 avg_spd=2.00m/s end=goal t= 5319.4s
[TRAIN][PPO] ep=333/500 r=  599.43 avg10=  613.86 steps=1489 succ10=1.00 touch10=1.00 col10=0.00 to10=0.00 min_d= 0.30 avg_spd=2.02m/s end=goal t= 5337.4s
[TRAIN][PPO] ep=334/500 r=  613.75 avg10=  614.40 steps=1511 succ10=1.00 touch10=1.00 col10=0.00 to10=0.00 min_d= 0.30 avg_spd=1.99m/s end=goal t= 5355.5s
[TRAIN][PPO] ep=335/500 r=  619.42 avg10=  614.73 steps=1509 succ10=1.00 touch10=1.00 col10=0.00 to10=0.00 min_d= 0.30 avg_spd=2.02m/s end=goal t= 5373.7s
[TRAIN][PPO] ep=336/500 r=  622.41 avg10=  615.40 steps=1552 succ10=1.00 touch10=1.00 col10=0.00 to10=0.00 min_d= 0.30 avg_spd=2.01m/s end=goal t= 5395.5s
[TRAIN][PPO] ep=337/500 r=  617.34 avg10=  615.18 steps=1531 succ10=1.00 touch10=1.00 col10=0.00 to10=0.00 min_d= 0.30 avg_spd=1.99m/s end=goal t= 5414.1s
[TRAIN][PPO] ep=338/500 r=  628.35 avg10=  616.21 steps=1549 succ10=1.00 touch10=1.00 col10=0.00 to10=0.00 min_d= 0.30 avg_spd=1.99m/s end=goal t= 5433.1s ckpt=best_goal
[TRAIN][PPO] ep=339/500 r=  617.83 avg10=  616.32 steps=1513 succ10=1.00 touch10=1.00 col10=0.00 to10=0.00 min_d= 0.30 avg_spd=2.00m/s end=goal t= 5451.3s
[TRAIN][PPO] ep=340/500 r=  617.67 avg10=  617.03 steps=1527 succ10=1.00 touch10=1.00 col10=0.00 to10=0.00 min_d= 0.30 avg_spd=1.99m/s end=goal t= 5471.6s
[TRAIN][PPO] ep=341/500 r=  606.47 avg10=  616.49 steps=1497 succ10=1.00 touch10=1.00 col10=0.00 to10=0.00 min_d= 0.30 avg_spd=2.00m/s end=goal t= 5490.1s
[TRAIN][PPO] ep=342/500 r=  599.60 avg10=  614.23 steps=1469 succ10=1.00 touch10=1.00 col10=0.00 to10=0.00 min_d= 0.30 avg_spd=2.03m/s end=goal t= 5508.2s
[TRAIN][PPO] ep=343/500 r=  605.68 avg10=  614.85 steps=1478 succ10=1.00 touch10=1.00 col10=0.00 to10=0.00 min_d= 0.30 avg_spd=2.00m/s end=goal t= 5526.6s
[TRAIN][PPO] ep=344/500 r=  615.01 avg10=  614.98 steps=1531 succ10=1.00 touch10=1.00 col10=0.00 to10=0.00 min_d= 0.30 avg_spd=2.02m/s end=goal t= 5546.6s
[TRAIN][PPO] ep=345/500 r=  620.65 avg10=  615.10 steps=1536 succ10=1.00 touch10=1.00 col10=0.00 to10=0.00 min_d= 0.30 avg_spd=2.01m/s end=goal t= 5565.1s
[TRAIN][PPO] ep=346/500 r=  609.46 avg10=  613.81 steps=1513 succ10=1.00 touch10=1.00 col10=0.00 to10=0.00 min_d= 0.30 avg_spd=1.99m/s end=goal t= 5583.2s
[TRAIN][PPO] ep=347/500 r=  607.32 avg10=  612.80 steps=1518 succ10=1.00 touch10=1.00 col10=0.00 to10=0.00 min_d= 0.30 avg_spd=2.01m/s end=goal t= 5601.4s
[TRAIN][PPO] ep=348/500 r=  598.29 avg10=  609.80 steps=1494 succ10=1.00 touch10=1.00 col10=0.00 to10=0.00 min_d= 0.30 avg_spd=2.01m/s end=goal t= 5620.7s
[TRAIN][PPO] ep=349/500 r=  616.03 avg10=  609.62 steps=1540 succ10=1.00 touch10=1.00 col10=0.00 to10=0.00 min_d= 0.30 avg_spd=2.00m/s end=goal t= 5639.2s
[TRAIN][PPO] ep=350/500 r=  618.61 avg10=  609.71 steps=1523 succ10=1.00 touch10=1.00 col10=0.00 to10=0.00 min_d= 0.30 avg_spd=2.00m/s end=goal t= 5657.5s
[TRAIN][PPO] ep=351/500 r=  621.91 avg10=  611.26 steps=1544 succ10=1.00 touch10=1.00 col10=0.00 to10=0.00 min_d= 0.30 avg_spd=2.00m/s end=goal t= 5675.8s
[TRAIN][PPO] ep=352/500 r=  609.81 avg10=  612.28 steps=1501 succ10=1.00 touch10=1.00 col10=0.00 to10=0.00 min_d= 0.30 avg_spd=2.01m/s end=goal t= 5695.3s
[TRAIN][PPO] ep=353/500 r=  614.40 avg10=  613.15 steps=1520 succ10=1.00 touch10=1.00 col10=0.00 to10=0.00 min_d= 0.30 avg_spd=1.99m/s end=goal t= 5713.5s
[TRAIN][PPO] ep=354/500 r=  623.98 avg10=  614.05 steps=1548 succ10=1.00 touch10=1.00 col10=0.00 to10=0.00 min_d= 0.30 avg_spd=1.99m/s end=goal t= 5732.1s
[TRAIN][PPO] ep=355/500 r=  612.89 avg10=  613.27 steps=1520 succ10=1.00 touch10=1.00 col10=0.00 to10=0.00 min_d= 0.30 avg_spd=2.00m/s end=goal t= 5750.0s
[TRAIN][PPO] ep=356/500 r=  603.27 avg10=  612.65 steps=1491 succ10=1.00 touch10=1.00 col10=0.00 to10=0.00 min_d= 0.30 avg_spd=2.00m/s end=goal t= 5768.9s
[TRAIN][PPO] ep=357/500 r=  600.47 avg10=  611.97 steps=1499 succ10=1.00 touch10=1.00 col10=0.00 to10=0.00 min_d= 0.30 avg_spd=2.00m/s end=goal t= 5787.0s
[TRAIN][PPO] ep=358/500 r=  605.45 avg10=  612.68 steps=1494 succ10=1.00 touch10=1.00 col10=0.00 to10=0.00 min_d= 0.30 avg_spd=2.00m/s end=goal t= 5804.7s
[TRAIN][PPO] ep=359/500 r=  612.19 avg10=  612.30 steps=1516 succ10=1.00 touch10=1.00 col10=0.00 to10=0.00 min_d= 0.30 avg_spd=2.00m/s end=goal t= 5822.4s
[TRAIN][PPO] ep=360/500 r=  615.92 avg10=  612.03 steps=1515 succ10=1.00 touch10=1.00 col10=0.00 to10=0.00 min_d= 0.30 avg_spd=2.01m/s end=goal t= 5841.7s
[TRAIN][PPO] ep=361/500 r=  619.57 avg10=  611.79 steps=1520 succ10=1.00 touch10=1.00 col10=0.00 to10=0.00 min_d= 0.30 avg_spd=2.02m/s end=goal t= 5859.6s
[TRAIN][PPO] ep=362/500 r=  619.25 avg10=  612.74 steps=1518 succ10=1.00 touch10=1.00 col10=0.00 to10=0.00 min_d= 0.30 avg_spd=2.01m/s end=goal t= 5876.9s
[TRAIN][PPO] ep=363/500 r=  598.55 avg10=  611.15 steps=1488 succ10=1.00 touch10=1.00 col10=0.00 to10=0.00 min_d= 0.30 avg_spd=2.02m/s end=goal t= 5894.4s
[TRAIN][PPO] ep=364/500 r=  616.09 avg10=  610.36 steps=1534 succ10=1.00 touch10=1.00 col10=0.00 to10=0.00 min_d= 0.30 avg_spd=2.01m/s end=goal t= 5913.3s
[TRAIN][PPO] ep=365/500 r=  606.29 avg10=  609.70 steps=1515 succ10=1.00 touch10=1.00 col10=0.00 to10=0.00 min_d= 0.30 avg_spd=2.01m/s end=goal t= 5931.2s
[TRAIN][PPO] ep=366/500 r=  603.09 avg10=  609.69 steps=1459 succ10=1.00 touch10=1.00 col10=0.00 to10=0.00 min_d= 0.30 avg_spd=2.01m/s end=goal t= 5947.7s
[TRAIN][PPO] ep=367/500 r=  612.70 avg10=  610.91 steps=1497 succ10=1.00 touch10=1.00 col10=0.00 to10=0.00 min_d= 0.30 avg_spd=1.99m/s end=goal t= 5965.3s
[TRAIN][PPO] ep=368/500 r=  604.67 avg10=  610.83 steps=1497 succ10=1.00 touch10=1.00 col10=0.00 to10=0.00 min_d= 0.30 avg_spd=2.00m/s end=goal t= 5984.5s
[TRAIN][PPO] ep=369/500 r=  606.77 avg10=  610.29 steps=1519 succ10=1.00 touch10=1.00 col10=0.00 to10=0.00 min_d= 0.30 avg_spd=2.00m/s end=goal t= 6002.3s
[TRAIN][PPO] ep=370/500 r=  613.96 avg10=  610.09 steps=1550 succ10=1.00 touch10=1.00 col10=0.00 to10=0.00 min_d= 0.30 avg_spd=2.00m/s end=goal t= 6020.4s
[TRAIN][PPO] ep=371/500 r=  618.23 avg10=  609.96 steps=1514 succ10=1.00 touch10=1.00 col10=0.00 to10=0.00 min_d= 0.30 avg_spd=2.00m/s end=goal t= 6038.1s
[TRAIN][PPO] ep=372/500 r=  620.89 avg10=  610.12 steps=1550 succ10=1.00 touch10=1.00 col10=0.00 to10=0.00 min_d= 0.30 avg_spd=2.01m/s end=goal t= 6057.4s
[TRAIN][PPO] ep=373/500 r=  621.90 avg10=  612.46 steps=1534 succ10=1.00 touch10=1.00 col10=0.00 to10=0.00 min_d= 0.30 avg_spd=2.01m/s end=goal t= 6075.3s
[TRAIN][PPO] ep=374/500 r=  605.35 avg10=  611.38 steps=1483 succ10=1.00 touch10=1.00 col10=0.00 to10=0.00 min_d= 0.30 avg_spd=2.00m/s end=goal t= 6092.4s
[TRAIN][PPO] ep=375/500 r=  608.80 avg10=  611.64 steps=1489 succ10=1.00 touch10=1.00 col10=0.00 to10=0.00 min_d= 0.30 avg_spd=1.99m/s end=goal t= 6109.9s
[TRAIN][PPO] ep=376/500 r=  612.54 avg10=  612.58 steps=1493 succ10=1.00 touch10=1.00 col10=0.00 to10=0.00 min_d= 0.30 avg_spd=2.01m/s end=goal t= 6128.6s
[TRAIN][PPO] ep=377/500 r=  612.51 avg10=  612.56 steps=1496 succ10=1.00 touch10=1.00 col10=0.00 to10=0.00 min_d= 0.30 avg_spd=2.03m/s end=goal t= 6146.2s
[TRAIN][PPO] ep=378/500 r=  599.08 avg10=  612.00 steps=1499 succ10=1.00 touch10=1.00 col10=0.00 to10=0.00 min_d= 0.30 avg_spd=2.02m/s end=goal t= 6163.6s
[TRAIN][PPO] ep=379/500 r=  601.99 avg10=  611.52 steps=1493 succ10=1.00 touch10=1.00 col10=0.00 to10=0.00 min_d= 0.30 avg_spd=2.02m/s end=goal t= 6180.9s
[TRAIN][PPO] ep=380/500 r=  629.37 avg10=  613.07 steps=1549 succ10=1.00 touch10=1.00 col10=0.00 to10=0.00 min_d= 0.30 avg_spd=1.99m/s end=goal t= 6200.3s ckpt=best_goal
[TRAIN][PPO] ep=381/500 r=  606.51 avg10=  611.89 steps=1498 succ10=1.00 touch10=1.00 col10=0.00 to10=0.00 min_d= 0.30 avg_spd=2.01m/s end=goal t= 6218.2s
[TRAIN][PPO] ep=382/500 r=  610.72 avg10=  610.88 steps=1509 succ10=1.00 touch10=1.00 col10=0.00 to10=0.00 min_d= 0.30 avg_spd=2.00m/s end=goal t= 6235.8s
[TRAIN][PPO] ep=383/500 r=  628.35 avg10=  611.52 steps=1574 succ10=1.00 touch10=1.00 col10=0.00 to10=0.00 min_d= 0.30 avg_spd=1.97m/s end=goal t= 6254.0s
[TRAIN][PPO] ep=384/500 r=  611.51 avg10=  612.14 steps=1500 succ10=1.00 touch10=1.00 col10=0.00 to10=0.00 min_d= 0.30 avg_spd=1.98m/s end=goal t= 6272.7s
[TRAIN][PPO] ep=385/500 r=  610.57 avg10=  612.32 steps=1527 succ10=1.00 touch10=1.00 col10=0.00 to10=0.00 min_d= 0.30 avg_spd=2.01m/s end=goal t= 6290.9s
[TRAIN][PPO] ep=386/500 r=  609.90 avg10=  612.05 steps=1492 succ10=1.00 touch10=1.00 col10=0.00 to10=0.00 min_d= 0.30 avg_spd=2.02m/s end=goal t= 6308.6s
[TRAIN][PPO] ep=387/500 r=  619.57 avg10=  612.76 steps=1519 succ10=1.00 touch10=1.00 col10=0.00 to10=0.00 min_d= 0.30 avg_spd=2.02m/s end=goal t= 6326.5s
[TRAIN][PPO] ep=388/500 r=  612.71 avg10=  614.12 steps=1520 succ10=1.00 touch10=1.00 col10=0.00 to10=0.00 min_d= 0.30 avg_spd=2.02m/s end=goal t= 6346.1s
[TRAIN][PPO] ep=389/500 r=  609.91 avg10=  614.91 steps=1499 succ10=1.00 touch10=1.00 col10=0.00 to10=0.00 min_d= 0.30 avg_spd=2.00m/s end=goal t= 6363.3s
[TRAIN][PPO] ep=390/500 r=  623.13 avg10=  614.29 steps=1534 succ10=1.00 touch10=1.00 col10=0.00 to10=0.00 min_d= 0.30 avg_spd=2.00m/s end=goal t= 6380.7s
[TRAIN][PPO] ep=391/500 r=  610.48 avg10=  614.69 steps=1513 succ10=1.00 touch10=1.00 col10=0.00 to10=0.00 min_d= 0.30 avg_spd=2.05m/s end=goal t= 6398.1s
[TRAIN][PPO] ep=392/500 r=  615.31 avg10=  615.15 steps=1508 succ10=1.00 touch10=1.00 col10=0.00 to10=0.00 min_d= 0.30 avg_spd=2.01m/s end=goal t= 6416.3s
[TRAIN][PPO] ep=393/500 r=  606.82 avg10=  612.99 steps=1484 succ10=1.00 touch10=1.00 col10=0.00 to10=0.00 min_d= 0.30 avg_spd=2.01m/s end=goal t= 6433.3s
[TRAIN][PPO] ep=394/500 r=  617.59 avg10=  613.60 steps=1542 succ10=1.00 touch10=1.00 col10=0.00 to10=0.00 min_d= 0.30 avg_spd=2.00m/s end=goal t= 6451.1s
[TRAIN][PPO] ep=395/500 r=  615.00 avg10=  614.04 steps=1524 succ10=1.00 touch10=1.00 col10=0.00 to10=0.00 min_d= 0.30 avg_spd=2.01m/s end=goal t= 6468.7s
[TRAIN][PPO] ep=396/500 r=  606.50 avg10=  613.70 steps=1493 succ10=1.00 touch10=1.00 col10=0.00 to10=0.00 min_d= 0.30 avg_spd=2.04m/s end=goal t= 6487.1s
[TRAIN][PPO] ep=397/500 r=  624.26 avg10=  614.17 steps=1539 succ10=1.00 touch10=1.00 col10=0.00 to10=0.00 min_d= 0.30 avg_spd=2.01m/s end=goal t= 6504.8s
[TRAIN][PPO] ep=398/500 r=  602.57 avg10=  613.16 steps=1469 succ10=1.00 touch10=1.00 col10=0.00 to10=0.00 min_d= 0.30 avg_spd=2.03m/s end=goal t= 6521.4s
[TRAIN][PPO] ep=399/500 r=  612.07 avg10=  613.37 steps=1526 succ10=1.00 touch10=1.00 col10=0.00 to10=0.00 min_d= 0.30 avg_spd=2.03m/s end=goal t= 6538.5s
[TRAIN][PPO] ep=400/500 r=  597.28 avg10=  610.79 steps=1470 succ10=1.00 touch10=1.00 col10=0.00 to10=0.00 min_d= 0.30 avg_spd=2.03m/s end=goal t= 6555.9s ckpt=latest
[TRAIN][PPO] ep=401/500 r=  610.18 avg10=  610.76 steps=1491 succ10=1.00 touch10=1.00 col10=0.00 to10=0.00 min_d= 0.30 avg_spd=2.02m/s end=goal t= 6572.2s
[TRAIN][PPO] ep=402/500 r=  616.97 avg10=  610.92 steps=1519 succ10=1.00 touch10=1.00 col10=0.00 to10=0.00 min_d= 0.30 avg_spd=2.01m/s end=goal t= 6589.1s
[TRAIN][PPO] ep=403/500 r=  601.50 avg10=  610.39 steps=1470 succ10=1.00 touch10=1.00 col10=0.00 to10=0.00 min_d= 0.30 avg_spd=2.02m/s end=goal t= 6605.2s
[TRAIN][PPO] ep=404/500 r=  618.84 avg10=  610.52 steps=1515 succ10=1.00 touch10=1.00 col10=0.00 to10=0.00 min_d= 0.30 avg_spd=2.02m/s end=goal t= 6624.4s
[TRAIN][PPO] ep=405/500 r=  600.96 avg10=  609.11 steps=1493 succ10=1.00 touch10=1.00 col10=0.00 to10=0.00 min_d= 0.30 avg_spd=2.03m/s end=goal t= 6641.3s
[TRAIN][PPO] ep=406/500 r=  597.87 avg10=  608.25 steps=1451 succ10=1.00 touch10=1.00 col10=0.00 to10=0.00 min_d= 0.30 avg_spd=2.04m/s end=goal t= 6657.4s
[TRAIN][PPO] ep=407/500 r=  603.99 avg10=  606.22 steps=1495 succ10=1.00 touch10=1.00 col10=0.00 to10=0.00 min_d= 0.30 avg_spd=2.03m/s end=goal t= 6674.0s
[TRAIN][PPO] ep=408/500 r=  613.27 avg10=  607.29 steps=1498 succ10=1.00 touch10=1.00 col10=0.00 to10=0.00 min_d= 0.30 avg_spd=2.01m/s end=goal t= 6691.6s
[TRAIN][PPO] ep=409/500 r=  596.21 avg10=  605.71 steps=1467 succ10=1.00 touch10=1.00 col10=0.00 to10=0.00 min_d= 0.30 avg_spd=2.04m/s end=goal t= 6707.9s
[TRAIN][PPO] ep=410/500 r=  616.25 avg10=  607.60 steps=1513 succ10=1.00 touch10=1.00 col10=0.00 to10=0.00 min_d= 0.30 avg_spd=2.02m/s end=goal t= 6724.6s
[TRAIN][PPO] ep=411/500 r=  596.60 avg10=  606.25 steps=1448 succ10=1.00 touch10=1.00 col10=0.00 to10=0.00 min_d= 0.30 avg_spd=2.04m/s end=goal t= 6740.7s
[TRAIN][PPO] ep=412/500 r=  596.11 avg10=  604.16 steps=1445 succ10=1.00 touch10=1.00 col10=0.00 to10=0.00 min_d= 0.30 avg_spd=2.05m/s end=goal t= 6758.5s
[TRAIN][PPO] ep=413/500 r=  617.75 avg10=  605.79 steps=1515 succ10=1.00 touch10=1.00 col10=0.00 to10=0.00 min_d= 0.30 avg_spd=2.03m/s end=goal t= 6775.4s
[TRAIN][PPO] ep=414/500 r=  615.28 avg10=  605.43 steps=1520 succ10=1.00 touch10=1.00 col10=0.00 to10=0.00 min_d= 0.30 avg_spd=2.02m/s end=goal t= 6792.1s
[TRAIN][PPO] ep=415/500 r=  594.67 avg10=  604.80 steps=1447 succ10=1.00 touch10=1.00 col10=0.00 to10=0.00 min_d= 0.30 avg_spd=2.06m/s end=goal t= 6808.0s
[TRAIN][PPO] ep=416/500 r=  608.12 avg10=  605.82 steps=1480 succ10=1.00 touch10=1.00 col10=0.00 to10=0.00 min_d= 0.30 avg_spd=2.03m/s end=goal t= 6826.6s
[TRAIN][PPO] ep=417/500 r=  603.35 avg10=  605.76 steps=1470 succ10=1.00 touch10=1.00 col10=0.00 to10=0.00 min_d= 0.30 avg_spd=2.02m/s end=goal t= 6843.0s
[TRAIN][PPO] ep=418/500 r=  611.63 avg10=  605.60 steps=1497 succ10=1.00 touch10=1.00 col10=0.00 to10=0.00 min_d= 0.30 avg_spd=2.04m/s end=goal t= 6859.8s
[TRAIN][PPO] ep=419/500 r=  610.25 avg10=  607.00 steps=1496 succ10=1.00 touch10=1.00 col10=0.00 to10=0.00 min_d= 0.30 avg_spd=2.03m/s end=goal t= 6876.6s
[TRAIN][PPO] ep=420/500 r=  615.53 avg10=  606.93 steps=1504 succ10=1.00 touch10=1.00 col10=0.00 to10=0.00 min_d= 0.30 avg_spd=2.03m/s end=goal t= 6894.9s
[TRAIN][PPO] ep=421/500 r=  609.22 avg10=  608.19 steps=1487 succ10=1.00 touch10=1.00 col10=0.00 to10=0.00 min_d= 0.30 avg_spd=2.02m/s end=goal t= 6911.1s
[TRAIN][PPO] ep=422/500 r=  606.86 avg10=  609.27 steps=1485 succ10=1.00 touch10=1.00 col10=0.00 to10=0.00 min_d= 0.30 avg_spd=2.02m/s end=goal t= 6928.0s
[TRAIN][PPO] ep=423/500 r=  601.78 avg10=  607.67 steps=1475 succ10=1.00 touch10=1.00 col10=0.00 to10=0.00 min_d= 0.30 avg_spd=2.02m/s end=goal t= 6944.5s
[TRAIN][PPO] ep=424/500 r=  616.65 avg10=  607.81 steps=1509 succ10=1.00 touch10=1.00 col10=0.00 to10=0.00 min_d= 0.30 avg_spd=2.02m/s end=goal t= 6962.6s
[TRAIN][PPO] ep=425/500 r=  615.34 avg10=  609.87 steps=1504 succ10=1.00 touch10=1.00 col10=0.00 to10=0.00 min_d= 0.30 avg_spd=2.01m/s end=goal t= 6979.0s
[TRAIN][PPO] ep=426/500 r=  620.74 avg10=  611.14 steps=1523 succ10=1.00 touch10=1.00 col10=0.00 to10=0.00 min_d= 0.30 avg_spd=2.01m/s end=goal t= 6995.8s
[TRAIN][PPO] ep=427/500 r=  605.67 avg10=  611.37 steps=1486 succ10=1.00 touch10=1.00 col10=0.00 to10=0.00 min_d= 0.30 avg_spd=2.02m/s end=goal t= 7012.2s
[TRAIN][PPO] ep=428/500 r=  606.44 avg10=  610.85 steps=1477 succ10=1.00 touch10=1.00 col10=0.00 to10=0.00 min_d= 0.30 avg_spd=2.03m/s end=goal t= 7029.6s
[TRAIN][PPO] ep=429/500 r=  619.29 avg10=  611.75 steps=1518 succ10=1.00 touch10=1.00 col10=0.00 to10=0.00 min_d= 0.30 avg_spd=2.02m/s end=goal t= 7046.6s
[TRAIN][PPO] ep=430/500 r=  595.61 avg10=  609.76 steps=1446 succ10=1.00 touch10=1.00 col10=0.00 to10=0.00 min_d= 0.30 avg_spd=2.04m/s end=goal t= 7062.9s
[TRAIN][PPO] ep=431/500 r=  599.98 avg10=  608.84 steps=1471 succ10=1.00 touch10=1.00 col10=0.00 to10=0.00 min_d= 0.30 avg_spd=2.03m/s end=goal t= 7079.5s
[TRAIN][PPO] ep=432/500 r=  603.52 avg10=  608.50 steps=1470 succ10=1.00 touch10=1.00 col10=0.00 to10=0.00 min_d= 0.30 avg_spd=2.05m/s end=goal t= 7097.6s
[TRAIN][PPO] ep=433/500 r=  620.09 avg10=  610.33 steps=1515 succ10=1.00 touch10=1.00 col10=0.00 to10=0.00 min_d= 0.30 avg_spd=2.02m/s end=goal t= 7115.2s
[TRAIN][PPO] ep=434/500 r=  604.84 avg10=  609.15 steps=1480 succ10=1.00 touch10=1.00 col10=0.00 to10=0.00 min_d= 0.30 avg_spd=2.04m/s end=goal t= 7132.1s
[TRAIN][PPO] ep=435/500 r=  614.62 avg10=  609.08 steps=1515 succ10=1.00 touch10=1.00 col10=0.00 to10=0.00 min_d= 0.30 avg_spd=2.01m/s end=goal t= 7149.6s
[TRAIN][PPO] ep=436/500 r=  609.65 avg10=  607.97 steps=1488 succ10=1.00 touch10=1.00 col10=0.00 to10=0.00 min_d= 0.30 avg_spd=2.03m/s end=goal t= 7168.0s
[TRAIN][PPO] ep=437/500 r=  614.00 avg10=  608.80 steps=1491 succ10=1.00 touch10=1.00 col10=0.00 to10=0.00 min_d= 0.30 avg_spd=2.04m/s end=goal t= 7185.2s
[TRAIN][PPO] ep=438/500 r=  319.51 avg10=  580.11 steps=1126 succ10=0.90 touch10=0.90 col10=0.10 to10=0.00 min_d= 1.28 avg_spd=2.02m/s end=collision t= 7198.3s
[TRAIN][PPO] ep=439/500 r=  610.22 avg10=  579.20 steps=1495 succ10=0.90 touch10=0.90 col10=0.10 to10=0.00 min_d= 0.30 avg_spd=2.02m/s end=goal t= 7215.8s
[TRAIN][PPO] ep=440/500 r=  602.20 avg10=  579.86 steps=1469 succ10=0.90 touch10=0.90 col10=0.10 to10=0.00 min_d= 0.30 avg_spd=2.03m/s end=goal t= 7234.1s
[TRAIN][PPO] ep=441/500 r=  618.08 avg10=  581.67 steps=1513 succ10=0.90 touch10=0.90 col10=0.10 to10=0.00 min_d= 0.30 avg_spd=2.02m/s end=goal t= 7252.0s
[TRAIN][PPO] ep=442/500 r=  604.41 avg10=  581.76 steps=1469 succ10=0.90 touch10=0.90 col10=0.10 to10=0.00 min_d= 0.30 avg_spd=2.01m/s end=goal t= 7269.3s
[TRAIN][PPO] ep=443/500 r=  620.62 avg10=  581.81 steps=1511 succ10=0.90 touch10=0.90 col10=0.10 to10=0.00 min_d= 0.30 avg_spd=2.02m/s end=goal t= 7287.0s
[TRAIN][PPO] ep=444/500 r=  624.69 avg10=  583.80 steps=1531 succ10=0.90 touch10=0.90 col10=0.10 to10=0.00 min_d= 0.30 avg_spd=2.00m/s end=goal t= 7306.4s
[TRAIN][PPO] ep=445/500 r=  304.96 avg10=  552.83 steps=1055 succ10=0.80 touch10=0.80 col10=0.20 to10=0.00 min_d= 1.37 avg_spd=2.03m/s end=collision t= 7318.4s
[TRAIN][PPO] ep=446/500 r=  613.99 avg10=  553.27 steps=1514 succ10=0.80 touch10=0.80 col10=0.20 to10=0.00 min_d= 0.30 avg_spd=2.01m/s end=goal t= 7336.0s
[TRAIN][PPO] ep=447/500 r=  300.89 avg10=  521.96 steps=1046 succ10=0.70 touch10=0.70 col10=0.30 to10=0.00 min_d= 1.35 avg_spd=2.04m/s end=collision t= 7348.2s
[TRAIN][PPO] ep=448/500 r=  607.03 avg10=  550.71 steps=1478 succ10=0.80 touch10=0.80 col10=0.20 to10=0.00 min_d= 0.30 avg_spd=2.02m/s end=goal t= 7366.6s
[TRAIN][PPO] ep=449/500 r=  600.71 avg10=  549.76 steps=1463 succ10=0.80 touch10=0.80 col10=0.20 to10=0.00 min_d= 0.30 avg_spd=2.02m/s end=goal t= 7383.9s
[TRAIN][PPO] ep=450/500 r=  624.34 avg10=  551.97 steps=1536 succ10=0.80 touch10=0.80 col10=0.20 to10=0.00 min_d= 0.30 avg_spd=2.01m/s end=goal t= 7401.9s
[TRAIN][PPO] ep=451/500 r=  620.69 avg10=  552.23 steps=1515 succ10=0.80 touch10=0.80 col10=0.20 to10=0.00 min_d= 0.30 avg_spd=2.03m/s end=goal t= 7419.7s
[TRAIN][PPO] ep=452/500 r=  606.99 avg10=  552.49 steps=1474 succ10=0.80 touch10=0.80 col10=0.20 to10=0.00 min_d= 0.30 avg_spd=2.02m/s end=goal t= 7439.1s
[TRAIN][PPO] ep=453/500 r=  600.24 avg10=  550.45 steps=1492 succ10=0.80 touch10=0.80 col10=0.20 to10=0.00 min_d= 0.30 avg_spd=2.02m/s end=goal t= 7456.4s
[TRAIN][PPO] ep=454/500 r=  615.90 avg10=  549.57 steps=1537 succ10=0.80 touch10=0.80 col10=0.20 to10=0.00 min_d= 0.30 avg_spd=2.02m/s end=goal t= 7474.4s
[TRAIN][PPO] ep=455/500 r=  602.20 avg10=  579.30 steps=1480 succ10=0.90 touch10=0.90 col10=0.10 to10=0.00 min_d= 0.30 avg_spd=2.02m/s end=goal t= 7491.8s
[TRAIN][PPO] ep=456/500 r=  599.84 avg10=  577.88 steps=1494 succ10=0.90 touch10=0.90 col10=0.10 to10=0.00 min_d= 0.30 avg_spd=2.01m/s end=goal t= 7511.0s
[TRAIN][PPO] ep=457/500 r=  619.13 avg10=  609.71 steps=1520 succ10=1.00 touch10=1.00 col10=0.00 to10=0.00 min_d= 0.30 avg_spd=2.01m/s end=goal t= 7528.9s
[TRAIN][PPO] ep=458/500 r=  622.80 avg10=  611.28 steps=1537 succ10=1.00 touch10=1.00 col10=0.00 to10=0.00 min_d= 0.30 avg_spd=2.01m/s end=goal t= 7546.3s
[TRAIN][PPO] ep=459/500 r=  606.35 avg10=  611.85 steps=1485 succ10=1.00 touch10=1.00 col10=0.00 to10=0.00 min_d= 0.30 avg_spd=2.01m/s end=goal t= 7563.1s
[TRAIN][PPO] ep=460/500 r=  616.26 avg10=  611.04 steps=1506 succ10=1.00 touch10=1.00 col10=0.00 to10=0.00 min_d= 0.30 avg_spd=2.01m/s end=goal t= 7581.4s
[TRAIN][PPO] ep=461/500 r=  599.33 avg10=  608.90 steps=1471 succ10=1.00 touch10=1.00 col10=0.00 to10=0.00 min_d= 0.30 avg_spd=2.03m/s end=goal t= 7598.0s
[TRAIN][PPO] ep=462/500 r=  616.89 avg10=  609.89 steps=1521 succ10=1.00 touch10=1.00 col10=0.00 to10=0.00 min_d= 0.30 avg_spd=1.99m/s end=goal t= 7615.2s
[TRAIN][PPO] ep=463/500 r=  598.86 avg10=  609.76 steps=1461 succ10=1.00 touch10=1.00 col10=0.00 to10=0.00 min_d= 0.30 avg_spd=2.04m/s end=goal t= 7632.2s
[TRAIN][PPO] ep=464/500 r=  602.53 avg10=  608.42 steps=1462 succ10=1.00 touch10=1.00 col10=0.00 to10=0.00 min_d= 0.30 avg_spd=2.03m/s end=goal t= 7650.3s
[TRAIN][PPO] ep=465/500 r=  602.77 avg10=  608.48 steps=1480 succ10=1.00 touch10=1.00 col10=0.00 to10=0.00 min_d= 0.30 avg_spd=2.01m/s end=goal t= 7667.0s
[TRAIN][PPO] ep=466/500 r=  597.63 avg10=  608.25 steps=1433 succ10=1.00 touch10=1.00 col10=0.00 to10=0.00 min_d= 0.30 avg_spd=2.04m/s end=goal t= 7682.9s
[TRAIN][PPO] ep=467/500 r=  612.51 avg10=  607.59 steps=1504 succ10=1.00 touch10=1.00 col10=0.00 to10=0.00 min_d= 0.30 avg_spd=2.03m/s end=goal t= 7700.3s
[TRAIN][PPO] ep=468/500 r=  607.67 avg10=  606.08 steps=1493 succ10=1.00 touch10=1.00 col10=0.00 to10=0.00 min_d= 0.30 avg_spd=2.02m/s end=goal t= 7718.4s
[TRAIN][PPO] ep=469/500 r=  611.52 avg10=  606.60 steps=1489 succ10=1.00 touch10=1.00 col10=0.00 to10=0.00 min_d= 0.30 avg_spd=2.04m/s end=goal t= 7735.4s
[TRAIN][PPO] ep=470/500 r=  601.47 avg10=  605.12 steps=1485 succ10=1.00 touch10=1.00 col10=0.00 to10=0.00 min_d= 0.30 avg_spd=2.04m/s end=goal t= 7752.9s
[TRAIN][PPO] ep=471/500 r=  601.06 avg10=  605.29 steps=1482 succ10=1.00 touch10=1.00 col10=0.00 to10=0.00 min_d= 0.30 avg_spd=2.02m/s end=goal t= 7769.7s
[TRAIN][PPO] ep=472/500 r=  595.31 avg10=  603.13 steps=1465 succ10=1.00 touch10=1.00 col10=0.00 to10=0.00 min_d= 0.30 avg_spd=2.04m/s end=goal t= 7787.6s
[TRAIN][PPO] ep=473/500 r=  621.32 avg10=  605.38 steps=1511 succ10=1.00 touch10=1.00 col10=0.00 to10=0.00 min_d= 0.30 avg_spd=2.02m/s end=goal t= 7804.8s
[TRAIN][PPO] ep=474/500 r=  321.78 avg10=  577.30 steps=1121 succ10=0.90 touch10=0.90 col10=0.10 to10=0.00 min_d= 1.28 avg_spd=2.05m/s end=collision t= 7818.0s
[TRAIN][PPO] ep=475/500 r=  597.22 avg10=  576.75 steps=1446 succ10=0.90 touch10=0.90 col10=0.10 to10=0.00 min_d= 0.30 avg_spd=2.04m/s end=goal t= 7833.8s
[TRAIN][PPO] ep=476/500 r=  610.79 avg10=  578.06 steps=1495 succ10=0.90 touch10=0.90 col10=0.10 to10=0.00 min_d= 0.30 avg_spd=2.02m/s end=goal t= 7852.2s
[TRAIN][PPO] ep=477/500 r=  596.15 avg10=  576.43 steps=1472 succ10=0.90 touch10=0.90 col10=0.10 to10=0.00 min_d= 0.30 avg_spd=2.05m/s end=goal t= 7868.8s
[TRAIN][PPO] ep=478/500 r=  605.22 avg10=  576.18 steps=1469 succ10=0.90 touch10=0.90 col10=0.10 to10=0.00 min_d= 0.30 avg_spd=2.02m/s end=goal t= 7885.2s
[TRAIN][PPO] ep=479/500 r=  613.95 avg10=  576.43 steps=1522 succ10=0.90 touch10=0.90 col10=0.10 to10=0.00 min_d= 0.30 avg_spd=2.03m/s end=goal t= 7902.5s
[TRAIN][PPO] ep=480/500 r=  608.39 avg10=  577.12 steps=1515 succ10=0.90 touch10=0.90 col10=0.10 to10=0.00 min_d= 0.30 avg_spd=2.03m/s end=goal t= 7920.2s
[TRAIN][PPO] ep=481/500 r=  592.59 avg10=  576.27 steps=1480 succ10=0.90 touch10=0.90 col10=0.10 to10=0.00 min_d= 0.30 avg_spd=2.04m/s end=goal t= 7936.8s
[TRAIN][PPO] ep=482/500 r=  611.20 avg10=  577.86 steps=1487 succ10=0.90 touch10=0.90 col10=0.10 to10=0.00 min_d= 0.30 avg_spd=2.02m/s end=goal t= 7953.3s
[TRAIN][PPO] ep=483/500 r=  615.85 avg10=  577.31 steps=1505 succ10=0.90 touch10=0.90 col10=0.10 to10=0.00 min_d= 0.30 avg_spd=2.03m/s end=goal t= 7969.6s
[TRAIN][PPO] ep=484/500 r=  616.21 avg10=  606.76 steps=1502 succ10=1.00 touch10=1.00 col10=0.00 to10=0.00 min_d= 0.30 avg_spd=2.03m/s end=goal t= 7989.1s
[TRAIN][PPO] ep=485/500 r=  609.68 avg10=  608.00 steps=1498 succ10=1.00 touch10=1.00 col10=0.00 to10=0.00 min_d= 0.30 avg_spd=2.02m/s end=goal t= 8006.3s
[TRAIN][PPO] ep=486/500 r=  609.73 avg10=  607.90 steps=1480 succ10=1.00 touch10=1.00 col10=0.00 to10=0.00 min_d= 0.30 avg_spd=2.02m/s end=goal t= 8023.1s
[TRAIN][PPO] ep=487/500 r=  602.96 avg10=  608.58 steps=1486 succ10=1.00 touch10=1.00 col10=0.00 to10=0.00 min_d= 0.30 avg_spd=2.02m/s end=goal t= 8040.3s
[TRAIN][PPO] ep=488/500 r=  616.24 avg10=  609.68 steps=1495 succ10=1.00 touch10=1.00 col10=0.00 to10=0.00 min_d= 0.30 avg_spd=2.02m/s end=goal t= 8059.4s
[TRAIN][PPO] ep=489/500 r=  626.68 avg10=  610.95 steps=1541 succ10=1.00 touch10=1.00 col10=0.00 to10=0.00 min_d= 0.30 avg_spd=2.00m/s end=goal t= 8076.6s
[TRAIN][PPO] ep=490/500 r=  611.69 avg10=  611.28 steps=1493 succ10=1.00 touch10=1.00 col10=0.00 to10=0.00 min_d= 0.30 avg_spd=2.04m/s end=goal t= 8093.8s
[TRAIN][PPO] ep=491/500 r=  610.74 avg10=  613.10 steps=1484 succ10=1.00 touch10=1.00 col10=0.00 to10=0.00 min_d= 0.30 avg_spd=2.05m/s end=goal t= 8111.2s
[TRAIN][PPO] ep=492/500 r=  290.66 avg10=  581.04 steps=1017 succ10=0.90 touch10=0.90 col10=0.10 to10=0.00 min_d= 1.40 avg_spd=2.06m/s end=collision t= 8124.3s
[TRAIN][PPO] ep=493/500 r=  612.62 avg10=  580.72 steps=1493 succ10=0.90 touch10=0.90 col10=0.10 to10=0.00 min_d= 0.30 avg_spd=2.03m/s end=goal t= 8141.5s
[TRAIN][PPO] ep=494/500 r=  592.67 avg10=  578.37 steps=1454 succ10=0.90 touch10=0.90 col10=0.10 to10=0.00 min_d= 0.30 avg_spd=2.04m/s end=goal t= 8157.9s
[TRAIN][PPO] ep=495/500 r=  610.05 avg10=  578.40 steps=1517 succ10=0.90 touch10=0.90 col10=0.10 to10=0.00 min_d= 0.30 avg_spd=2.03m/s end=goal t= 8175.7s
[TRAIN][PPO] ep=496/500 r=  615.75 avg10=  579.01 steps=1508 succ10=0.90 touch10=0.90 col10=0.10 to10=0.00 min_d= 0.30 avg_spd=2.02m/s end=goal t= 8194.1s
[TRAIN][PPO] ep=497/500 r=  619.44 avg10=  580.66 steps=1517 succ10=0.90 touch10=0.90 col10=0.10 to10=0.00 min_d= 0.30 avg_spd=2.02m/s end=goal t= 8210.4s
[TRAIN][PPO] ep=498/500 r=  586.47 avg10=  577.68 steps=1471 succ10=0.90 touch10=0.90 col10=0.10 to10=0.00 min_d= 0.30 avg_spd=2.05m/s end=goal t= 8227.3s
[TRAIN][PPO] ep=499/500 r=  595.72 avg10=  574.58 steps=1472 succ10=0.90 touch10=0.90 col10=0.10 to10=0.00 min_d= 0.30 avg_spd=2.05m/s end=goal t= 8244.5s
INFO: PPO: Terminating.
[RUN] completed stage checkpoint=/uio/hume/student-u79/esbrovol/fys5429/DRL-Obstacle-Avoidance/controllers/PPO/checkpoints/20260525_141956_none_seed01_stage03_train_3_three_obs/final_20260525_141956_none_seed01_stage03_train_3_three_obs.pth
[RUN] arch=none seed=1 stage=4/10 world=/uio/hume/student-u79/esbrovol/fys5429/DRL-Obstacle-Avoidance/worlds/training/train_4_five_obs.wbt
[RUN] resuming from /uio/hume/student-u79/esbrovol/fys5429/DRL-Obstacle-Avoidance/controllers/PPO/checkpoints/20260525_141956_none_seed01_stage03_train_3_three_obs/final_20260525_141956_none_seed01_stage03_train_3_three_obs.pth
INFO: PPO: Starting controller: python3 -u PPO.py
[PPO] Using architecture: NONE
[PPO] Loaded architecture: NONE
[TRAIN][PPO] arch=NONE weights_dir=/uio/hume/student-u79/esbrovol/fys5429/DRL-Obstacle-Avoidance/controllers/PPO/checkpoints/20260525_141956_none_seed01_stage04_train_4_five_obs final=/uio/hume/student-u79/esbrovol/fys5429/DRL-Obstacle-Avoidance/controllers/PPO/checkpoints/20260525_141956_none_seed01_stage04_train_4_five_obs/final_20260525_141956_none_seed01_stage04_train_4_five_obs.pth
[TRAIN][PPO] episodes=500 update_every=4 obs=31 act=2 cell=NONE seq=32 burn_in=0
[TRAIN][PPO] ep=001/500 r=  607.84 avg10=  607.84 steps=1462 succ10=1.00 touch10=1.00 col10=0.00 to10=0.00 min_d= 0.30 avg_spd=2.06m/s end=goal t=   17.1s ckpt=best_goal
[TRAIN][PPO] ep=002/500 r=  608.12 avg10=  607.98 steps=1468 succ10=1.00 touch10=1.00 col10=0.00 to10=0.00 min_d= 0.30 avg_spd=2.06m/s end=goal t=   34.8s ckpt=best_goal
[TRAIN][PPO] ep=003/500 r=  607.69 avg10=  607.88 steps=1465 succ10=1.00 touch10=1.00 col10=0.00 to10=0.00 min_d= 0.30 avg_spd=2.03m/s end=goal t=   52.0s
[TRAIN][PPO] ep=004/500 r=  611.10 avg10=  608.69 steps=1503 succ10=1.00 touch10=1.00 col10=0.00 to10=0.00 min_d= 0.30 avg_spd=2.04m/s end=goal t=   72.3s ckpt=best_goal
[TRAIN][PPO] ep=005/500 r=  607.00 avg10=  608.35 steps=1455 succ10=1.00 touch10=1.00 col10=0.00 to10=0.00 min_d= 0.30 avg_spd=2.03m/s end=goal t=   90.2s
[TRAIN][PPO] ep=006/500 r=  614.36 avg10=  609.35 steps=1502 succ10=1.00 touch10=1.00 col10=0.00 to10=0.00 min_d= 0.30 avg_spd=2.04m/s end=goal t=  107.6s ckpt=best_goal
[TRAIN][PPO] ep=007/500 r=  598.48 avg10=  607.80 steps=1461 succ10=1.00 touch10=1.00 col10=0.00 to10=0.00 min_d= 0.30 avg_spd=2.03m/s end=goal t=  125.0s
[TRAIN][PPO] ep=008/500 r=  601.69 avg10=  607.03 steps=1483 succ10=1.00 touch10=1.00 col10=0.00 to10=0.00 min_d= 0.30 avg_spd=2.02m/s end=goal t=  144.6s
[TRAIN][PPO] ep=009/500 r=  619.45 avg10=  608.41 steps=1529 succ10=1.00 touch10=1.00 col10=0.00 to10=0.00 min_d= 0.30 avg_spd=2.03m/s end=goal t=  163.4s ckpt=best_goal
[TRAIN][PPO] ep=010/500 r=  613.14 avg10=  608.89 steps=1523 succ10=1.00 touch10=1.00 col10=0.00 to10=0.00 min_d= 0.30 avg_spd=2.04m/s end=goal t=  182.4s
[TRAIN][PPO] ep=011/500 r=  605.19 avg10=  608.62 steps=1476 succ10=1.00 touch10=1.00 col10=0.00 to10=0.00 min_d= 0.30 avg_spd=2.04m/s end=goal t=  200.9s
[TRAIN][PPO] ep=012/500 r=  601.39 avg10=  607.95 steps=1485 succ10=1.00 touch10=1.00 col10=0.00 to10=0.00 min_d= 0.30 avg_spd=2.03m/s end=goal t=  220.5s
[TRAIN][PPO] ep=013/500 r=  600.58 avg10=  607.24 steps=1482 succ10=1.00 touch10=1.00 col10=0.00 to10=0.00 min_d= 0.30 avg_spd=2.04m/s end=goal t=  238.7s
[TRAIN][PPO] ep=014/500 r=  613.64 avg10=  607.49 steps=1506 succ10=1.00 touch10=1.00 col10=0.00 to10=0.00 min_d= 0.30 avg_spd=2.03m/s end=goal t=  257.1s
[TRAIN][PPO] ep=015/500 r=  607.47 avg10=  607.54 steps=1500 succ10=1.00 touch10=1.00 col10=0.00 to10=0.00 min_d= 0.30 avg_spd=2.04m/s end=goal t=  275.2s
[TRAIN][PPO] ep=016/500 r=  605.09 avg10=  606.61 steps=1466 succ10=1.00 touch10=1.00 col10=0.00 to10=0.00 min_d= 0.30 avg_spd=2.06m/s end=goal t=  293.7s
[TRAIN][PPO] ep=017/500 r=  600.02 avg10=  606.76 steps=1458 succ10=1.00 touch10=1.00 col10=0.00 to10=0.00 min_d= 0.30 avg_spd=2.05m/s end=goal t=  311.1s
[TRAIN][PPO] ep=018/500 r=  603.90 avg10=  606.99 steps=1469 succ10=1.00 touch10=1.00 col10=0.00 to10=0.00 min_d= 0.30 avg_spd=2.05m/s end=goal t=  328.4s
[TRAIN][PPO] ep=019/500 r=  617.34 avg10=  606.77 steps=1518 succ10=1.00 touch10=1.00 col10=0.00 to10=0.00 min_d= 0.30 avg_spd=2.02m/s end=goal t=  346.2s
[TRAIN][PPO] ep=020/500 r=  614.54 avg10=  606.92 steps=1507 succ10=1.00 touch10=1.00 col10=0.00 to10=0.00 min_d= 0.30 avg_spd=2.04m/s end=goal t=  365.4s
[TRAIN][PPO] ep=021/500 r=  608.91 avg10=  607.29 steps=1480 succ10=1.00 touch10=1.00 col10=0.00 to10=0.00 min_d= 0.30 avg_spd=2.04m/s end=goal t=  383.1s
[TRAIN][PPO] ep=022/500 r=  602.77 avg10=  607.43 steps=1498 succ10=1.00 touch10=1.00 col10=0.00 to10=0.00 min_d= 0.30 avg_spd=2.03m/s end=goal t=  401.1s
[TRAIN][PPO] ep=023/500 r=  601.86 avg10=  607.55 steps=1479 succ10=1.00 touch10=1.00 col10=0.00 to10=0.00 min_d= 0.30 avg_spd=2.04m/s end=goal t=  418.1s
[TRAIN][PPO] ep=024/500 r=  614.88 avg10=  607.68 steps=1513 succ10=1.00 touch10=1.00 col10=0.00 to10=0.00 min_d= 0.30 avg_spd=2.03m/s end=goal t=  437.5s
[TRAIN][PPO] ep=025/500 r=  615.66 avg10=  608.50 steps=1519 succ10=1.00 touch10=1.00 col10=0.00 to10=0.00 min_d= 0.30 avg_spd=2.03m/s end=goal t=  455.3s
[TRAIN][PPO] ep=026/500 r=  603.75 avg10=  608.36 steps=1477 succ10=1.00 touch10=1.00 col10=0.00 to10=0.00 min_d= 0.30 avg_spd=2.02m/s end=goal t=  472.8s
[TRAIN][PPO] ep=027/500 r=  603.05 avg10=  608.67 steps=1452 succ10=1.00 touch10=1.00 col10=0.00 to10=0.00 min_d= 0.30 avg_spd=2.05m/s end=goal t=  490.2s
[TRAIN][PPO] ep=028/500 r=  608.81 avg10=  609.16 steps=1466 succ10=1.00 touch10=1.00 col10=0.00 to10=0.00 min_d= 0.30 avg_spd=2.05m/s end=goal t=  509.4s
[TRAIN][PPO] ep=029/500 r=  599.05 avg10=  607.33 steps=1470 succ10=1.00 touch10=1.00 col10=0.00 to10=0.00 min_d= 0.30 avg_spd=2.03m/s end=goal t=  527.5s
[TRAIN][PPO] ep=030/500 r=  609.84 avg10=  606.86 steps=1471 succ10=1.00 touch10=1.00 col10=0.00 to10=0.00 min_d= 0.30 avg_spd=2.06m/s end=goal t=  545.3s
[TRAIN][PPO] ep=031/500 r=  604.00 avg10=  606.37 steps=1474 succ10=1.00 touch10=1.00 col10=0.00 to10=0.00 min_d= 0.30 avg_spd=2.05m/s end=goal t=  563.0s
[TRAIN][PPO] ep=032/500 r=  597.77 avg10=  605.87 steps=1469 succ10=1.00 touch10=1.00 col10=0.00 to10=0.00 min_d= 0.30 avg_spd=2.03m/s end=goal t=  582.0s
[TRAIN][PPO] ep=033/500 r=  599.39 avg10=  605.62 steps=1469 succ10=1.00 touch10=1.00 col10=0.00 to10=0.00 min_d= 0.30 avg_spd=2.06m/s end=goal t=  599.1s
[TRAIN][PPO] ep=034/500 r=  595.78 avg10=  603.71 steps=1436 succ10=1.00 touch10=1.00 col10=0.00 to10=0.00 min_d= 0.30 avg_spd=2.06m/s end=goal t=  616.0s
[TRAIN][PPO] ep=035/500 r=  605.09 avg10=  602.65 steps=1498 succ10=1.00 touch10=1.00 col10=0.00 to10=0.00 min_d= 0.30 avg_spd=2.03m/s end=goal t=  634.0s
[TRAIN][PPO] ep=036/500 r=  600.57 avg10=  602.33 steps=1476 succ10=1.00 touch10=1.00 col10=0.00 to10=0.00 min_d= 0.30 avg_spd=2.04m/s end=goal t=  652.6s
[TRAIN][PPO] ep=037/500 r=  316.31 avg10=  573.66 steps=1118 succ10=0.90 touch10=0.90 col10=0.10 to10=0.00 min_d= 1.30 avg_spd=2.04m/s end=collision t=  665.6s
[TRAIN][PPO] ep=038/500 r=  623.23 avg10=  575.10 steps=1546 succ10=0.90 touch10=0.90 col10=0.10 to10=0.00 min_d= 0.30 avg_spd=2.01m/s end=goal t=  683.8s ckpt=best_goal
[TRAIN][PPO] ep=039/500 r=  596.68 avg10=  574.86 steps=1455 succ10=0.90 touch10=0.90 col10=0.10 to10=0.00 min_d= 0.30 avg_spd=2.04m/s end=goal t=  701.6s
[TRAIN][PPO] ep=040/500 r=  620.33 avg10=  575.91 steps=1523 succ10=0.90 touch10=0.90 col10=0.10 to10=0.00 min_d= 0.30 avg_spd=2.02m/s end=goal t=  721.4s
[TRAIN][PPO] ep=041/500 r=  614.20 avg10=  576.93 steps=1512 succ10=0.90 touch10=0.90 col10=0.10 to10=0.00 min_d= 0.30 avg_spd=2.03m/s end=goal t=  739.9s
[TRAIN][PPO] ep=042/500 r=  606.36 avg10=  577.79 steps=1503 succ10=0.90 touch10=0.90 col10=0.10 to10=0.00 min_d= 0.30 avg_spd=2.03m/s end=goal t=  757.7s
[TRAIN][PPO] ep=043/500 r=  611.65 avg10=  579.02 steps=1528 succ10=0.90 touch10=0.90 col10=0.10 to10=0.00 min_d= 0.30 avg_spd=2.03m/s end=goal t=  775.8s
[TRAIN][PPO] ep=044/500 r=  604.12 avg10=  579.85 steps=1449 succ10=0.90 touch10=0.90 col10=0.10 to10=0.00 min_d= 0.30 avg_spd=2.05m/s end=goal t=  793.9s
[TRAIN][PPO] ep=045/500 r=  615.30 avg10=  580.88 steps=1528 succ10=0.90 touch10=0.90 col10=0.10 to10=0.00 min_d= 0.30 avg_spd=2.02m/s end=goal t=  812.0s
[TRAIN][PPO] ep=046/500 r=  597.67 avg10=  580.58 steps=1468 succ10=0.90 touch10=0.90 col10=0.10 to10=0.00 min_d= 0.30 avg_spd=2.04m/s end=goal t=  829.8s
[TRAIN][PPO] ep=047/500 r=  612.76 avg10=  610.23 steps=1479 succ10=1.00 touch10=1.00 col10=0.00 to10=0.00 min_d= 0.30 avg_spd=2.05m/s end=goal t=  847.1s
[TRAIN][PPO] ep=048/500 r=  613.93 avg10=  609.30 steps=1501 succ10=1.00 touch10=1.00 col10=0.00 to10=0.00 min_d= 0.30 avg_spd=2.05m/s end=goal t=  866.5s
[TRAIN][PPO] ep=049/500 r=  599.61 avg10=  609.59 steps=1474 succ10=1.00 touch10=1.00 col10=0.00 to10=0.00 min_d= 0.30 avg_spd=2.04m/s end=goal t=  885.0s
[TRAIN][PPO] ep=050/500 r=  612.27 avg10=  608.79 steps=1508 succ10=1.00 touch10=1.00 col10=0.00 to10=0.00 min_d= 0.30 avg_spd=2.05m/s end=goal t=  903.1s
[TRAIN][PPO] ep=051/500 r=  612.20 avg10=  608.59 steps=1502 succ10=1.00 touch10=1.00 col10=0.00 to10=0.00 min_d= 0.30 avg_spd=2.04m/s end=goal t=  921.2s
[TRAIN][PPO] ep=052/500 r=  612.33 avg10=  609.18 steps=1494 succ10=1.00 touch10=1.00 col10=0.00 to10=0.00 min_d= 0.30 avg_spd=2.04m/s end=goal t=  940.5s
[TRAIN][PPO] ep=053/500 r=  601.12 avg10=  608.13 steps=1461 succ10=1.00 touch10=1.00 col10=0.00 to10=0.00 min_d= 0.30 avg_spd=2.04m/s end=goal t=  957.4s
[TRAIN][PPO] ep=054/500 r=  599.20 avg10=  607.64 steps=1438 succ10=1.00 touch10=1.00 col10=0.00 to10=0.00 min_d= 0.30 avg_spd=2.07m/s end=goal t=  974.0s
[TRAIN][PPO] ep=055/500 r=  618.81 avg10=  607.99 steps=1513 succ10=1.00 touch10=1.00 col10=0.00 to10=0.00 min_d= 0.30 avg_spd=2.03m/s end=goal t=  991.4s
[TRAIN][PPO] ep=056/500 r=  603.88 avg10=  608.61 steps=1454 succ10=1.00 touch10=1.00 col10=0.00 to10=0.00 min_d= 0.30 avg_spd=2.05m/s end=goal t= 1010.0s
[TRAIN][PPO] ep=057/500 r=  594.43 avg10=  606.78 steps=1409 succ10=1.00 touch10=1.00 col10=0.00 to10=0.00 min_d= 0.30 avg_spd=2.06m/s end=goal t= 1026.1s
[TRAIN][PPO] ep=058/500 r=  607.76 avg10=  606.16 steps=1498 succ10=1.00 touch10=1.00 col10=0.00 to10=0.00 min_d= 0.30 avg_spd=2.03m/s end=goal t= 1044.6s
[TRAIN][PPO] ep=059/500 r=  612.58 avg10=  607.46 steps=1493 succ10=1.00 touch10=1.00 col10=0.00 to10=0.00 min_d= 0.30 avg_spd=2.03m/s end=goal t= 1062.5s
[TRAIN][PPO] ep=060/500 r=  602.88 avg10=  606.52 steps=1471 succ10=1.00 touch10=1.00 col10=0.00 to10=0.00 min_d= 0.30 avg_spd=2.05m/s end=goal t= 1081.4s
[TRAIN][PPO] ep=061/500 r=  615.02 avg10=  606.80 steps=1491 succ10=1.00 touch10=1.00 col10=0.00 to10=0.00 min_d= 0.30 avg_spd=2.05m/s end=goal t= 1099.2s
[TRAIN][PPO] ep=062/500 r=  615.42 avg10=  607.11 steps=1513 succ10=1.00 touch10=1.00 col10=0.00 to10=0.00 min_d= 0.30 avg_spd=2.03m/s end=goal t= 1117.4s
[TRAIN][PPO] ep=063/500 r=  599.09 avg10=  606.91 steps=1458 succ10=1.00 touch10=1.00 col10=0.00 to10=0.00 min_d= 0.30 avg_spd=2.03m/s end=goal t= 1134.7s
[TRAIN][PPO] ep=064/500 r=  598.68 avg10=  606.85 steps=1485 succ10=1.00 touch10=1.00 col10=0.00 to10=0.00 min_d= 0.30 avg_spd=2.05m/s end=goal t= 1153.9s
[TRAIN][PPO] ep=065/500 r=  596.06 avg10=  604.58 steps=1426 succ10=1.00 touch10=1.00 col10=0.00 to10=0.00 min_d= 0.30 avg_spd=2.05m/s end=goal t= 1171.3s
[TRAIN][PPO] ep=066/500 r=  596.03 avg10=  603.79 steps=1479 succ10=1.00 touch10=1.00 col10=0.00 to10=0.00 min_d= 0.30 avg_spd=2.06m/s end=goal t= 1189.1s
[TRAIN][PPO] ep=067/500 r=  602.32 avg10=  604.58 steps=1484 succ10=1.00 touch10=1.00 col10=0.00 to10=0.00 min_d= 0.30 avg_spd=2.05m/s end=goal t= 1206.8s
[TRAIN][PPO] ep=068/500 r=  608.13 avg10=  604.62 steps=1460 succ10=1.00 touch10=1.00 col10=0.00 to10=0.00 min_d= 0.30 avg_spd=2.05m/s end=goal t= 1225.5s
[TRAIN][PPO] ep=069/500 r=  611.45 avg10=  604.51 steps=1533 succ10=1.00 touch10=1.00 col10=0.00 to10=0.00 min_d= 0.30 avg_spd=2.01m/s end=goal t= 1244.0s
[TRAIN][PPO] ep=070/500 r=  610.77 avg10=  605.30 steps=1478 succ10=1.00 touch10=1.00 col10=0.00 to10=0.00 min_d= 0.30 avg_spd=2.03m/s end=goal t= 1261.6s
[TRAIN][PPO] ep=071/500 r=  614.73 avg10=  605.27 steps=1500 succ10=1.00 touch10=1.00 col10=0.00 to10=0.00 min_d= 0.30 avg_spd=2.04m/s end=goal t= 1280.1s
[TRAIN][PPO] ep=072/500 r=  619.67 avg10=  605.69 steps=1555 succ10=1.00 touch10=1.00 col10=0.00 to10=0.00 min_d= 0.30 avg_spd=2.02m/s end=goal t= 1300.7s
[TRAIN][PPO] ep=073/500 r=  617.16 avg10=  607.50 steps=1505 succ10=1.00 touch10=1.00 col10=0.00 to10=0.00 min_d= 0.30 avg_spd=2.05m/s end=goal t= 1319.3s
[TRAIN][PPO] ep=074/500 r=  616.16 avg10=  609.25 steps=1489 succ10=1.00 touch10=1.00 col10=0.00 to10=0.00 min_d= 0.30 avg_spd=2.04m/s end=goal t= 1338.0s
[TRAIN][PPO] ep=075/500 r=  591.61 avg10=  608.80 steps=1457 succ10=1.00 touch10=1.00 col10=0.00 to10=0.00 min_d= 0.30 avg_spd=2.05m/s end=goal t= 1356.1s
[TRAIN][PPO] ep=076/500 r=  596.09 avg10=  608.81 steps=1457 succ10=1.00 touch10=1.00 col10=0.00 to10=0.00 min_d= 0.30 avg_spd=2.06m/s end=goal t= 1376.4s
[TRAIN][PPO] ep=077/500 r=  607.26 avg10=  609.30 steps=1491 succ10=1.00 touch10=1.00 col10=0.00 to10=0.00 min_d= 0.30 avg_spd=2.03m/s end=goal t= 1394.4s
[TRAIN][PPO] ep=078/500 r=  605.16 avg10=  609.01 steps=1494 succ10=1.00 touch10=1.00 col10=0.00 to10=0.00 min_d= 0.30 avg_spd=2.04m/s end=goal t= 1411.8s
[TRAIN][PPO] ep=079/500 r=  601.73 avg10=  608.03 steps=1483 succ10=1.00 touch10=1.00 col10=0.00 to10=0.00 min_d= 0.30 avg_spd=2.05m/s end=goal t= 1429.5s
[TRAIN][PPO] ep=080/500 r=  608.29 avg10=  607.79 steps=1495 succ10=1.00 touch10=1.00 col10=0.00 to10=0.00 min_d= 0.30 avg_spd=2.05m/s end=goal t= 1450.1s
[TRAIN][PPO] ep=081/500 r=  609.49 avg10=  607.26 steps=1502 succ10=1.00 touch10=1.00 col10=0.00 to10=0.00 min_d= 0.30 avg_spd=2.05m/s end=goal t= 1467.9s
[TRAIN][PPO] ep=082/500 r=  614.36 avg10=  606.73 steps=1509 succ10=1.00 touch10=1.00 col10=0.00 to10=0.00 min_d= 0.30 avg_spd=2.05m/s end=goal t= 1486.2s
[TRAIN][PPO] ep=083/500 r=  277.23 avg10=  572.74 steps=1015 succ10=0.90 touch10=0.90 col10=0.10 to10=0.00 min_d= 1.45 avg_spd=2.05m/s end=collision t= 1498.4s
[TRAIN][PPO] ep=084/500 r=  603.63 avg10=  571.48 steps=1460 succ10=0.90 touch10=0.90 col10=0.10 to10=0.00 min_d= 0.30 avg_spd=2.07m/s end=goal t= 1517.5s
[TRAIN][PPO] ep=085/500 r=  596.63 avg10=  571.99 steps=1462 succ10=0.90 touch10=0.90 col10=0.10 to10=0.00 min_d= 0.30 avg_spd=2.05m/s end=goal t= 1535.8s
[TRAIN][PPO] ep=086/500 r=  605.99 avg10=  572.98 steps=1490 succ10=0.90 touch10=0.90 col10=0.10 to10=0.00 min_d= 0.30 avg_spd=2.06m/s end=goal t= 1553.9s
[TRAIN][PPO] ep=087/500 r=  596.97 avg10=  571.95 steps=1444 succ10=0.90 touch10=0.90 col10=0.10 to10=0.00 min_d= 0.30 avg_spd=2.05m/s end=goal t= 1571.1s
[TRAIN][PPO] ep=088/500 r=  596.90 avg10=  571.12 steps=1452 succ10=0.90 touch10=0.90 col10=0.10 to10=0.00 min_d= 0.30 avg_spd=2.05m/s end=goal t= 1590.1s
[TRAIN][PPO] ep=089/500 r=  607.66 avg10=  571.71 steps=1464 succ10=0.90 touch10=0.90 col10=0.10 to10=0.00 min_d= 0.30 avg_spd=2.04m/s end=goal t= 1608.4s
[TRAIN][PPO] ep=090/500 r=  605.97 avg10=  571.48 steps=1485 succ10=0.90 touch10=0.90 col10=0.10 to10=0.00 min_d= 0.30 avg_spd=2.05m/s end=goal t= 1626.9s
[TRAIN][PPO] ep=091/500 r=  609.25 avg10=  571.46 steps=1506 succ10=0.90 touch10=0.90 col10=0.10 to10=0.00 min_d= 0.30 avg_spd=2.03m/s end=goal t= 1645.4s
[TRAIN][PPO] ep=092/500 r=  609.43 avg10=  570.96 steps=1499 succ10=0.90 touch10=0.90 col10=0.10 to10=0.00 min_d= 0.30 avg_spd=2.05m/s end=goal t= 1665.9s
[TRAIN][PPO] ep=093/500 r=  595.67 avg10=  602.81 steps=1512 succ10=1.00 touch10=1.00 col10=0.00 to10=0.00 min_d= 0.30 avg_spd=2.04m/s end=goal t= 1683.3s
[TRAIN][PPO] ep=094/500 r=  600.34 avg10=  602.48 steps=1467 succ10=1.00 touch10=1.00 col10=0.00 to10=0.00 min_d= 0.30 avg_spd=2.05m/s end=goal t= 1701.3s
[TRAIN][PPO] ep=095/500 r=  597.22 avg10=  602.54 steps=1466 succ10=1.00 touch10=1.00 col10=0.00 to10=0.00 min_d= 0.30 avg_spd=2.05m/s end=goal t= 1719.3s
[TRAIN][PPO] ep=096/500 r=  603.54 avg10=  602.30 steps=1456 succ10=1.00 touch10=1.00 col10=0.00 to10=0.00 min_d= 0.30 avg_spd=2.05m/s end=goal t= 1738.6s
[TRAIN][PPO] ep=097/500 r=  602.36 avg10=  602.83 steps=1470 succ10=1.00 touch10=1.00 col10=0.00 to10=0.00 min_d= 0.30 avg_spd=2.04m/s end=goal t= 1757.2s
[TRAIN][PPO] ep=098/500 r=  608.90 avg10=  604.03 steps=1479 succ10=1.00 touch10=1.00 col10=0.00 to10=0.00 min_d= 0.30 avg_spd=2.05m/s end=goal t= 1774.1s
[TRAIN][PPO] ep=099/500 r=  611.03 avg10=  604.37 steps=1505 succ10=1.00 touch10=1.00 col10=0.00 to10=0.00 min_d= 0.30 avg_spd=2.05m/s end=goal t= 1792.6s
[TRAIN][PPO] ep=100/500 r=  595.01 avg10=  603.28 steps=1471 succ10=1.00 touch10=1.00 col10=0.00 to10=0.00 min_d= 0.30 avg_spd=2.05m/s end=goal t= 1811.8s ckpt=latest
[TRAIN][PPO] ep=101/500 r=  602.32 avg10=  602.58 steps=1443 succ10=1.00 touch10=1.00 col10=0.00 to10=0.00 min_d= 0.30 avg_spd=2.06m/s end=goal t= 1829.8s
[TRAIN][PPO] ep=102/500 r=  607.65 avg10=  602.41 steps=1481 succ10=1.00 touch10=1.00 col10=0.00 to10=0.00 min_d= 0.30 avg_spd=2.05m/s end=goal t= 1848.5s
[TRAIN][PPO] ep=103/500 r=  609.31 avg10=  603.77 steps=1529 succ10=1.00 touch10=1.00 col10=0.00 to10=0.00 min_d= 0.30 avg_spd=2.03m/s end=goal t= 1868.2s
[TRAIN][PPO] ep=104/500 r=  614.78 avg10=  605.21 steps=1498 succ10=1.00 touch10=1.00 col10=0.00 to10=0.00 min_d= 0.30 avg_spd=2.03m/s end=goal t= 1889.2s
[TRAIN][PPO] ep=105/500 r=  603.86 avg10=  605.88 steps=1481 succ10=1.00 touch10=1.00 col10=0.00 to10=0.00 min_d= 0.30 avg_spd=2.05m/s end=goal t= 1908.3s
[TRAIN][PPO] ep=106/500 r=  609.41 avg10=  606.46 steps=1473 succ10=1.00 touch10=1.00 col10=0.00 to10=0.00 min_d= 0.30 avg_spd=2.05m/s end=goal t= 1926.8s
[TRAIN][PPO] ep=107/500 r=  598.17 avg10=  606.04 steps=1455 succ10=1.00 touch10=1.00 col10=0.00 to10=0.00 min_d= 0.30 avg_spd=2.06m/s end=goal t= 1945.5s
[TRAIN][PPO] ep=108/500 r=  604.51 avg10=  605.61 steps=1477 succ10=1.00 touch10=1.00 col10=0.00 to10=0.00 min_d= 0.30 avg_spd=2.05m/s end=goal t= 1965.5s
[TRAIN][PPO] ep=109/500 r=  604.35 avg10=  604.94 steps=1486 succ10=1.00 touch10=1.00 col10=0.00 to10=0.00 min_d= 0.30 avg_spd=2.03m/s end=goal t= 1984.6s
[TRAIN][PPO] ep=110/500 r=  611.19 avg10=  606.56 steps=1497 succ10=1.00 touch10=1.00 col10=0.00 to10=0.00 min_d= 0.30 avg_spd=2.05m/s end=goal t= 2003.8s
[TRAIN][PPO] ep=111/500 r=  604.16 avg10=  606.74 steps=1467 succ10=1.00 touch10=1.00 col10=0.00 to10=0.00 min_d= 0.30 avg_spd=2.05m/s end=goal t= 2022.4s
[TRAIN][PPO] ep=112/500 r=  612.79 avg10=  607.25 steps=1530 succ10=1.00 touch10=1.00 col10=0.00 to10=0.00 min_d= 0.30 avg_spd=2.03m/s end=goal t= 2043.1s
[TRAIN][PPO] ep=113/500 r=  607.33 avg10=  607.05 steps=1526 succ10=1.00 touch10=1.00 col10=0.00 to10=0.00 min_d= 0.30 avg_spd=2.02m/s end=goal t= 2062.1s
[TRAIN][PPO] ep=114/500 r=  599.45 avg10=  605.52 steps=1466 succ10=1.00 touch10=1.00 col10=0.00 to10=0.00 min_d= 0.30 avg_spd=2.04m/s end=goal t= 2080.1s
[TRAIN][PPO] ep=115/500 r=  604.46 avg10=  605.58 steps=1478 succ10=1.00 touch10=1.00 col10=0.00 to10=0.00 min_d= 0.30 avg_spd=2.03m/s end=goal t= 2098.2s
[TRAIN][PPO] ep=116/500 r=  601.46 avg10=  604.79 steps=1444 succ10=1.00 touch10=1.00 col10=0.00 to10=0.00 min_d= 0.30 avg_spd=2.05m/s end=goal t= 2117.3s
[TRAIN][PPO] ep=117/500 r=  602.88 avg10=  605.26 steps=1447 succ10=1.00 touch10=1.00 col10=0.00 to10=0.00 min_d= 0.30 avg_spd=2.04m/s end=goal t= 2134.5s
[TRAIN][PPO] ep=118/500 r=  289.05 avg10=  573.71 steps=1047 succ10=0.90 touch10=0.90 col10=0.10 to10=0.00 min_d= 1.44 avg_spd=2.03m/s end=collision t= 2147.2s
[TRAIN][PPO] ep=119/500 r=  603.78 avg10=  573.65 steps=1495 succ10=0.90 touch10=0.90 col10=0.10 to10=0.00 min_d= 0.30 avg_spd=2.04m/s end=goal t= 2165.0s
[TRAIN][PPO] ep=120/500 r=  609.35 avg10=  573.47 steps=1513 succ10=0.90 touch10=0.90 col10=0.10 to10=0.00 min_d= 0.30 avg_spd=2.04m/s end=goal t= 2184.5s
[TRAIN][PPO] ep=121/500 r=  603.32 avg10=  573.39 steps=1469 succ10=0.90 touch10=0.90 col10=0.10 to10=0.00 min_d= 0.30 avg_spd=2.05m/s end=goal t= 2202.5s
[TRAIN][PPO] ep=122/500 r=  596.88 avg10=  571.80 steps=1439 succ10=0.90 touch10=0.90 col10=0.10 to10=0.00 min_d= 0.30 avg_spd=2.04m/s end=goal t= 2220.5s
[TRAIN][PPO] ep=123/500 r=  614.78 avg10=  572.54 steps=1516 succ10=0.90 touch10=0.90 col10=0.10 to10=0.00 min_d= 0.30 avg_spd=2.03m/s end=goal t= 2239.1s
[TRAIN][PPO] ep=124/500 r=  610.74 avg10=  573.67 steps=1510 succ10=0.90 touch10=0.90 col10=0.10 to10=0.00 min_d= 0.30 avg_spd=2.05m/s end=goal t= 2260.3s
[TRAIN][PPO] ep=125/500 r=  614.71 avg10=  574.69 steps=1526 succ10=0.90 touch10=0.90 col10=0.10 to10=0.00 min_d= 0.30 avg_spd=2.02m/s end=goal t= 2278.6s
[TRAIN][PPO] ep=126/500 r=  601.44 avg10=  574.69 steps=1435 succ10=0.90 touch10=0.90 col10=0.10 to10=0.00 min_d= 0.30 avg_spd=2.05m/s end=goal t= 2295.7s
[TRAIN][PPO] ep=127/500 r=  607.51 avg10=  575.16 steps=1496 succ10=0.90 touch10=0.90 col10=0.10 to10=0.00 min_d= 0.30 avg_spd=2.03m/s end=goal t= 2314.2s
[TRAIN][PPO] ep=128/500 r=  613.82 avg10=  607.63 steps=1510 succ10=1.00 touch10=1.00 col10=0.00 to10=0.00 min_d= 0.30 avg_spd=2.03m/s end=goal t= 2334.0s
[TRAIN][PPO] ep=129/500 r=  604.62 avg10=  607.72 steps=1470 succ10=1.00 touch10=1.00 col10=0.00 to10=0.00 min_d= 0.30 avg_spd=2.06m/s end=goal t= 2351.0s
[TRAIN][PPO] ep=130/500 r=  608.61 avg10=  607.64 steps=1467 succ10=1.00 touch10=1.00 col10=0.00 to10=0.00 min_d= 0.30 avg_spd=2.06m/s end=goal t= 2370.1s
[TRAIN][PPO] ep=131/500 r=  615.33 avg10=  608.84 steps=1516 succ10=1.00 touch10=1.00 col10=0.00 to10=0.00 min_d= 0.30 avg_spd=2.04m/s end=goal t= 2389.9s
[TRAIN][PPO] ep=132/500 r=  602.08 avg10=  609.36 steps=1479 succ10=1.00 touch10=1.00 col10=0.00 to10=0.00 min_d= 0.30 avg_spd=2.07m/s end=goal t= 2410.3s
[TRAIN][PPO] ep=133/500 r=  601.11 avg10=  608.00 steps=1494 succ10=1.00 touch10=1.00 col10=0.00 to10=0.00 min_d= 0.30 avg_spd=2.05m/s end=goal t= 2427.8s
[TRAIN][PPO] ep=134/500 r=  618.69 avg10=  608.79 steps=1519 succ10=1.00 touch10=1.00 col10=0.00 to10=0.00 min_d= 0.30 avg_spd=2.03m/s end=goal t= 2445.7s
[TRAIN][PPO] ep=135/500 r=  597.71 avg10=  607.09 steps=1454 succ10=1.00 touch10=1.00 col10=0.00 to10=0.00 min_d= 0.30 avg_spd=2.04m/s end=goal t= 2464.1s
[TRAIN][PPO] ep=136/500 r=  610.56 avg10=  608.00 steps=1496 succ10=1.00 touch10=1.00 col10=0.00 to10=0.00 min_d= 0.30 avg_spd=2.06m/s end=goal t= 2484.8s
[TRAIN][PPO] ep=137/500 r=  606.42 avg10=  607.90 steps=1457 succ10=1.00 touch10=1.00 col10=0.00 to10=0.00 min_d= 0.30 avg_spd=2.04m/s end=goal t= 2503.2s
[TRAIN][PPO] ep=138/500 r=  602.33 avg10=  606.75 steps=1481 succ10=1.00 touch10=1.00 col10=0.00 to10=0.00 min_d= 0.30 avg_spd=2.03m/s end=goal t= 2521.8s
[TRAIN][PPO] ep=139/500 r=  605.07 avg10=  606.79 steps=1462 succ10=1.00 touch10=1.00 col10=0.00 to10=0.00 min_d= 0.30 avg_spd=2.06m/s end=goal t= 2540.9s
[TRAIN][PPO] ep=140/500 r=  610.38 avg10=  606.97 steps=1496 succ10=1.00 touch10=1.00 col10=0.00 to10=0.00 min_d= 0.30 avg_spd=2.05m/s end=goal t= 2561.2s
[TRAIN][PPO] ep=141/500 r=  612.54 avg10=  606.69 steps=1493 succ10=1.00 touch10=1.00 col10=0.00 to10=0.00 min_d= 0.30 avg_spd=2.05m/s end=goal t= 2580.2s
[TRAIN][PPO] ep=142/500 r=  616.10 avg10=  608.09 steps=1512 succ10=1.00 touch10=1.00 col10=0.00 to10=0.00 min_d= 0.30 avg_spd=2.04m/s end=goal t= 2599.3s
[TRAIN][PPO] ep=143/500 r=  595.88 avg10=  607.57 steps=1450 succ10=1.00 touch10=1.00 col10=0.00 to10=0.00 min_d= 0.30 avg_spd=2.06m/s end=goal t= 2617.6s
[TRAIN][PPO] ep=144/500 r=  611.31 avg10=  606.83 steps=1487 succ10=1.00 touch10=1.00 col10=0.00 to10=0.00 min_d= 0.30 avg_spd=2.02m/s end=goal t= 2638.4s
[TRAIN][PPO] ep=145/500 r=  604.25 avg10=  607.48 steps=1465 succ10=1.00 touch10=1.00 col10=0.00 to10=0.00 min_d= 0.30 avg_spd=2.06m/s end=goal t= 2656.8s
[TRAIN][PPO] ep=146/500 r=  599.04 avg10=  606.33 steps=1453 succ10=1.00 touch10=1.00 col10=0.00 to10=0.00 min_d= 0.30 avg_spd=2.05m/s end=goal t= 2675.4s
[TRAIN][PPO] ep=147/500 r=  612.65 avg10=  606.96 steps=1517 succ10=1.00 touch10=1.00 col10=0.00 to10=0.00 min_d= 0.30 avg_spd=2.04m/s end=goal t= 2695.1s
[TRAIN][PPO] ep=148/500 r=  589.99 avg10=  605.72 steps=1440 succ10=1.00 touch10=1.00 col10=0.00 to10=0.00 min_d= 0.30 avg_spd=2.06m/s end=goal t= 2714.9s
[TRAIN][PPO] ep=149/500 r=  597.47 avg10=  604.96 steps=1454 succ10=1.00 touch10=1.00 col10=0.00 to10=0.00 min_d= 0.30 avg_spd=2.04m/s end=goal t= 2733.4s
[TRAIN][PPO] ep=150/500 r=  609.60 avg10=  604.88 steps=1507 succ10=1.00 touch10=1.00 col10=0.00 to10=0.00 min_d= 0.30 avg_spd=2.05m/s end=goal t= 2753.0s
[TRAIN][PPO] ep=151/500 r=  589.13 avg10=  602.54 steps=1437 succ10=1.00 touch10=1.00 col10=0.00 to10=0.00 min_d= 0.30 avg_spd=2.06m/s end=goal t= 2771.3s
[TRAIN][PPO] ep=152/500 r=  596.42 avg10=  600.58 steps=1447 succ10=1.00 touch10=1.00 col10=0.00 to10=0.00 min_d= 0.30 avg_spd=2.05m/s end=goal t= 2791.6s
[TRAIN][PPO] ep=153/500 r=  617.82 avg10=  602.77 steps=1524 succ10=1.00 touch10=1.00 col10=0.00 to10=0.00 min_d= 0.30 avg_spd=2.02m/s end=goal t= 2810.6s
[TRAIN][PPO] ep=154/500 r=  618.05 avg10=  603.44 steps=1524 succ10=1.00 touch10=1.00 col10=0.00 to10=0.00 min_d= 0.30 avg_spd=2.02m/s end=goal t= 2830.0s
[TRAIN][PPO] ep=155/500 r=  604.85 avg10=  603.50 steps=1454 succ10=1.00 touch10=1.00 col10=0.00 to10=0.00 min_d= 0.30 avg_spd=2.07m/s end=goal t= 2847.5s
[TRAIN][PPO] ep=156/500 r=  599.67 avg10=  603.57 steps=1551 succ10=1.00 touch10=1.00 col10=0.00 to10=0.00 min_d= 0.30 avg_spd=2.03m/s end=goal t= 2867.9s
[TRAIN][PPO] ep=157/500 r=  607.59 avg10=  603.06 steps=1458 succ10=1.00 touch10=1.00 col10=0.00 to10=0.00 min_d= 0.30 avg_spd=2.06m/s end=goal t= 2885.7s
[TRAIN][PPO] ep=158/500 r=  598.60 avg10=  603.92 steps=1455 succ10=1.00 touch10=1.00 col10=0.00 to10=0.00 min_d= 0.30 avg_spd=2.04m/s end=goal t= 2903.4s
[TRAIN][PPO] ep=159/500 r=  596.84 avg10=  603.86 steps=1421 succ10=1.00 touch10=1.00 col10=0.00 to10=0.00 min_d= 0.30 avg_spd=2.06m/s end=goal t= 2920.9s
[TRAIN][PPO] ep=160/500 r=  609.79 avg10=  603.88 steps=1501 succ10=1.00 touch10=1.00 col10=0.00 to10=0.00 min_d= 0.30 avg_spd=2.03m/s end=goal t= 2941.4s
[TRAIN][PPO] ep=161/500 r=  604.57 avg10=  605.42 steps=1477 succ10=1.00 touch10=1.00 col10=0.00 to10=0.00 min_d= 0.30 avg_spd=2.03m/s end=goal t= 2960.0s
[TRAIN][PPO] ep=162/500 r=  610.11 avg10=  606.79 steps=1482 succ10=1.00 touch10=1.00 col10=0.00 to10=0.00 min_d= 0.30 avg_spd=2.05m/s end=goal t= 2978.3s
[TRAIN][PPO] ep=163/500 r=  610.30 avg10=  606.04 steps=1507 succ10=1.00 touch10=1.00 col10=0.00 to10=0.00 min_d= 0.30 avg_spd=2.04m/s end=goal t= 2996.7s
[TRAIN][PPO] ep=164/500 r=  610.27 avg10=  605.26 steps=1486 succ10=1.00 touch10=1.00 col10=0.00 to10=0.00 min_d= 0.30 avg_spd=2.03m/s end=goal t= 3017.4s
[TRAIN][PPO] ep=165/500 r=  595.54 avg10=  604.33 steps=1466 succ10=1.00 touch10=1.00 col10=0.00 to10=0.00 min_d= 0.30 avg_spd=2.04m/s end=goal t= 3035.7s
[TRAIN][PPO] ep=166/500 r=  591.09 avg10=  603.47 steps=1432 succ10=1.00 touch10=1.00 col10=0.00 to10=0.00 min_d= 0.30 avg_spd=2.07m/s end=goal t= 3053.1s
[TRAIN][PPO] ep=167/500 r=  608.49 avg10=  603.56 steps=1460 succ10=1.00 touch10=1.00 col10=0.00 to10=0.00 min_d= 0.30 avg_spd=2.06m/s end=goal t= 3070.8s
[TRAIN][PPO] ep=168/500 r=  606.25 avg10=  604.33 steps=1489 succ10=1.00 touch10=1.00 col10=0.00 to10=0.00 min_d= 0.30 avg_spd=2.03m/s end=goal t= 3090.1s
[TRAIN][PPO] ep=169/500 r=  611.34 avg10=  605.78 steps=1502 succ10=1.00 touch10=1.00 col10=0.00 to10=0.00 min_d= 0.30 avg_spd=2.04m/s end=goal t= 3107.7s
[TRAIN][PPO] ep=170/500 r=  602.21 avg10=  605.02 steps=1469 succ10=1.00 touch10=1.00 col10=0.00 to10=0.00 min_d= 0.30 avg_spd=2.05m/s end=goal t= 3124.9s
[TRAIN][PPO] ep=171/500 r=  612.96 avg10=  605.86 steps=1496 succ10=1.00 touch10=1.00 col10=0.00 to10=0.00 min_d= 0.30 avg_spd=2.04m/s end=goal t= 3142.6s
[TRAIN][PPO] ep=172/500 r=  607.69 avg10=  605.62 steps=1478 succ10=1.00 touch10=1.00 col10=0.00 to10=0.00 min_d= 0.30 avg_spd=2.04m/s end=goal t= 3161.1s
[TRAIN][PPO] ep=173/500 r=  597.82 avg10=  604.37 steps=1466 succ10=1.00 touch10=1.00 col10=0.00 to10=0.00 min_d= 0.30 avg_spd=2.03m/s end=goal t= 3178.0s
[TRAIN][PPO] ep=174/500 r=  596.51 avg10=  602.99 steps=1466 succ10=1.00 touch10=1.00 col10=0.00 to10=0.00 min_d= 0.30 avg_spd=2.04m/s end=goal t= 3195.0s
[TRAIN][PPO] ep=175/500 r=  619.60 avg10=  605.40 steps=1518 succ10=1.00 touch10=1.00 col10=0.00 to10=0.00 min_d= 0.30 avg_spd=2.02m/s end=goal t= 3212.2s
[TRAIN][PPO] ep=176/500 r=  604.57 avg10=  606.75 steps=1499 succ10=1.00 touch10=1.00 col10=0.00 to10=0.00 min_d= 0.30 avg_spd=2.05m/s end=goal t= 3232.8s
[TRAIN][PPO] ep=177/500 r=  610.13 avg10=  606.91 steps=1504 succ10=1.00 touch10=1.00 col10=0.00 to10=0.00 min_d= 0.30 avg_spd=2.05m/s end=goal t= 3250.5s
[TRAIN][PPO] ep=178/500 r=  596.79 avg10=  605.96 steps=1459 succ10=1.00 touch10=1.00 col10=0.00 to10=0.00 min_d= 0.30 avg_spd=2.05m/s end=goal t= 3267.3s
[TRAIN][PPO] ep=179/500 r=  605.92 avg10=  605.42 steps=1476 succ10=1.00 touch10=1.00 col10=0.00 to10=0.00 min_d= 0.30 avg_spd=2.05m/s end=goal t= 3284.4s
[TRAIN][PPO] ep=180/500 r=  606.05 avg10=  605.80 steps=1487 succ10=1.00 touch10=1.00 col10=0.00 to10=0.00 min_d= 0.30 avg_spd=2.04m/s end=goal t= 3303.0s
[TRAIN][PPO] ep=181/500 r=  609.00 avg10=  605.41 steps=1495 succ10=1.00 touch10=1.00 col10=0.00 to10=0.00 min_d= 0.30 avg_spd=2.03m/s end=goal t= 3320.2s
[TRAIN][PPO] ep=182/500 r=  283.90 avg10=  573.03 steps=1060 succ10=0.90 touch10=0.90 col10=0.10 to10=0.00 min_d= 1.40 avg_spd=2.05m/s end=collision t= 3332.5s
[TRAIN][PPO] ep=183/500 r=  611.27 avg10=  574.37 steps=1462 succ10=0.90 touch10=0.90 col10=0.10 to10=0.00 min_d= 0.30 avg_spd=2.05m/s end=goal t= 3349.1s
[TRAIN][PPO] ep=184/500 r=  598.13 avg10=  574.54 steps=1458 succ10=0.90 touch10=0.90 col10=0.10 to10=0.00 min_d= 0.30 avg_spd=2.05m/s end=goal t= 3368.4s
[TRAIN][PPO] ep=185/500 r=  605.43 avg10=  573.12 steps=1479 succ10=0.90 touch10=0.90 col10=0.10 to10=0.00 min_d= 0.30 avg_spd=2.06m/s end=goal t= 3384.6s
[TRAIN][PPO] ep=186/500 r=  596.07 avg10=  572.27 steps=1440 succ10=0.90 touch10=0.90 col10=0.10 to10=0.00 min_d= 0.30 avg_spd=2.06m/s end=goal t= 3401.2s
[TRAIN][PPO] ep=187/500 r=  604.66 avg10=  571.72 steps=1488 succ10=0.90 touch10=0.90 col10=0.10 to10=0.00 min_d= 0.30 avg_spd=2.04m/s end=goal t= 3418.6s
[TRAIN][PPO] ep=188/500 r=  596.22 avg10=  571.66 steps=1450 succ10=0.90 touch10=0.90 col10=0.10 to10=0.00 min_d= 0.30 avg_spd=2.07m/s end=goal t= 3436.6s
[TRAIN][PPO] ep=189/500 r=  595.41 avg10=  570.61 steps=1460 succ10=0.90 touch10=0.90 col10=0.10 to10=0.00 min_d= 0.30 avg_spd=2.04m/s end=goal t= 3453.0s
[TRAIN][PPO] ep=190/500 r=  605.53 avg10=  570.56 steps=1501 succ10=0.90 touch10=0.90 col10=0.10 to10=0.00 min_d= 0.30 avg_spd=2.04m/s end=goal t= 3469.8s
[TRAIN][PPO] ep=191/500 r=  600.30 avg10=  569.69 steps=1472 succ10=0.90 touch10=0.90 col10=0.10 to10=0.00 min_d= 0.30 avg_spd=2.05m/s end=goal t= 3486.4s
[TRAIN][PPO] ep=192/500 r=  610.83 avg10=  602.39 steps=1496 succ10=1.00 touch10=1.00 col10=0.00 to10=0.00 min_d= 0.30 avg_spd=2.05m/s end=goal t= 3505.1s
[TRAIN][PPO] ep=193/500 r=  608.38 avg10=  602.10 steps=1492 succ10=1.00 touch10=1.00 col10=0.00 to10=0.00 min_d= 0.30 avg_spd=2.04m/s end=goal t= 3522.5s
[TRAIN][PPO] ep=194/500 r=  601.49 avg10=  602.43 steps=1469 succ10=1.00 touch10=1.00 col10=0.00 to10=0.00 min_d= 0.30 avg_spd=2.04m/s end=goal t= 3539.1s
[TRAIN][PPO] ep=195/500 r=  609.21 avg10=  602.81 steps=1490 succ10=1.00 touch10=1.00 col10=0.00 to10=0.00 min_d= 0.30 avg_spd=2.03m/s end=goal t= 3556.4s
[TRAIN][PPO] ep=196/500 r=  611.05 avg10=  604.31 steps=1496 succ10=1.00 touch10=1.00 col10=0.00 to10=0.00 min_d= 0.30 avg_spd=2.05m/s end=goal t= 3576.2s
[TRAIN][PPO] ep=197/500 r=  600.56 avg10=  603.90 steps=1467 succ10=1.00 touch10=1.00 col10=0.00 to10=0.00 min_d= 0.30 avg_spd=2.04m/s end=goal t= 3592.9s
[TRAIN][PPO] ep=198/500 r=  612.95 avg10=  605.57 steps=1499 succ10=1.00 touch10=1.00 col10=0.00 to10=0.00 min_d= 0.30 avg_spd=2.04m/s end=goal t= 3609.7s
[TRAIN][PPO] ep=199/500 r=  607.99 avg10=  606.83 steps=1486 succ10=1.00 touch10=1.00 col10=0.00 to10=0.00 min_d= 0.30 avg_spd=2.04m/s end=goal t= 3626.1s
[TRAIN][PPO] ep=200/500 r=  599.27 avg10=  606.20 steps=1470 succ10=1.00 touch10=1.00 col10=0.00 to10=0.00 min_d= 0.30 avg_spd=2.05m/s end=goal t= 3644.2s ckpt=latest
[TRAIN][PPO] ep=201/500 r=  609.92 avg10=  607.17 steps=1498 succ10=1.00 touch10=1.00 col10=0.00 to10=0.00 min_d= 0.30 avg_spd=2.05m/s end=goal t= 3660.9s
[TRAIN][PPO] ep=202/500 r=  599.81 avg10=  606.06 steps=1461 succ10=1.00 touch10=1.00 col10=0.00 to10=0.00 min_d= 0.30 avg_spd=2.05m/s end=goal t= 3677.2s
[TRAIN][PPO] ep=203/500 r=  596.97 avg10=  604.92 steps=1468 succ10=1.00 touch10=1.00 col10=0.00 to10=0.00 min_d= 0.30 avg_spd=2.04m/s end=goal t= 3693.2s
[TRAIN][PPO] ep=204/500 r=  603.45 avg10=  605.12 steps=1474 succ10=1.00 touch10=1.00 col10=0.00 to10=0.00 min_d= 0.30 avg_spd=2.03m/s end=goal t= 3711.3s
[TRAIN][PPO] ep=205/500 r=  594.39 avg10=  603.64 steps=1443 succ10=1.00 touch10=1.00 col10=0.00 to10=0.00 min_d= 0.30 avg_spd=2.06m/s end=goal t= 3727.2s
[TRAIN][PPO] ep=206/500 r=  605.59 avg10=  603.09 steps=1477 succ10=1.00 touch10=1.00 col10=0.00 to10=0.00 min_d= 0.30 avg_spd=2.05m/s end=goal t= 3744.3s
[TRAIN][PPO] ep=207/500 r=  600.84 avg10=  603.12 steps=1461 succ10=1.00 touch10=1.00 col10=0.00 to10=0.00 min_d= 0.30 avg_spd=2.05m/s end=goal t= 3760.9s
[TRAIN][PPO] ep=208/500 r=  602.40 avg10=  602.06 steps=1458 succ10=1.00 touch10=1.00 col10=0.00 to10=0.00 min_d= 0.30 avg_spd=2.04m/s end=goal t= 3778.1s
[TRAIN][PPO] ep=209/500 r=  597.53 avg10=  601.02 steps=1465 succ10=1.00 touch10=1.00 col10=0.00 to10=0.00 min_d= 0.30 avg_spd=2.05m/s end=goal t= 3794.3s
[TRAIN][PPO] ep=210/500 r=  612.11 avg10=  602.30 steps=1526 succ10=1.00 touch10=1.00 col10=0.00 to10=0.00 min_d= 0.30 avg_spd=2.03m/s end=goal t= 3811.0s
[TRAIN][PPO] ep=211/500 r=  607.67 avg10=  602.08 steps=1497 succ10=1.00 touch10=1.00 col10=0.00 to10=0.00 min_d= 0.30 avg_spd=2.04m/s end=goal t= 3827.9s
[TRAIN][PPO] ep=212/500 r=  599.70 avg10=  602.07 steps=1451 succ10=1.00 touch10=1.00 col10=0.00 to10=0.00 min_d= 0.30 avg_spd=2.05m/s end=goal t= 3845.3s
[TRAIN][PPO] ep=213/500 r=  602.84 avg10=  602.65 steps=1481 succ10=1.00 touch10=1.00 col10=0.00 to10=0.00 min_d= 0.30 avg_spd=2.06m/s end=goal t= 3862.0s
[TRAIN][PPO] ep=214/500 r=  607.77 avg10=  603.09 steps=1488 succ10=1.00 touch10=1.00 col10=0.00 to10=0.00 min_d= 0.30 avg_spd=2.04m/s end=goal t= 3878.9s
[TRAIN][PPO] ep=215/500 r=  612.96 avg10=  604.94 steps=1497 succ10=1.00 touch10=1.00 col10=0.00 to10=0.00 min_d= 0.30 avg_spd=2.05m/s end=goal t= 3895.3s
[TRAIN][PPO] ep=216/500 r=  607.12 avg10=  605.09 steps=1474 succ10=1.00 touch10=1.00 col10=0.00 to10=0.00 min_d= 0.30 avg_spd=2.04m/s end=goal t= 3913.5s
[TRAIN][PPO] ep=217/500 r=  611.57 avg10=  606.17 steps=1502 succ10=1.00 touch10=1.00 col10=0.00 to10=0.00 min_d= 0.30 avg_spd=2.05m/s end=goal t= 3930.3s
[TRAIN][PPO] ep=218/500 r=  594.64 avg10=  605.39 steps=1445 succ10=1.00 touch10=1.00 col10=0.00 to10=0.00 min_d= 0.30 avg_spd=2.05m/s end=goal t= 3946.7s
[TRAIN][PPO] ep=219/500 r=  616.05 avg10=  607.24 steps=1510 succ10=1.00 touch10=1.00 col10=0.00 to10=0.00 min_d= 0.30 avg_spd=2.04m/s end=goal t= 3963.8s
[TRAIN][PPO] ep=220/500 r=  604.16 avg10=  606.45 steps=1475 succ10=1.00 touch10=1.00 col10=0.00 to10=0.00 min_d= 0.30 avg_spd=2.05m/s end=goal t= 3982.3s
[TRAIN][PPO] ep=221/500 r=  607.14 avg10=  606.39 steps=1491 succ10=1.00 touch10=1.00 col10=0.00 to10=0.00 min_d= 0.30 avg_spd=2.03m/s end=goal t= 3999.0s
[TRAIN][PPO] ep=222/500 r=  599.77 avg10=  606.40 steps=1469 succ10=1.00 touch10=1.00 col10=0.00 to10=0.00 min_d= 0.30 avg_spd=2.05m/s end=goal t= 4015.4s
[TRAIN][PPO] ep=223/500 r=  612.37 avg10=  607.35 steps=1506 succ10=1.00 touch10=1.00 col10=0.00 to10=0.00 min_d= 0.30 avg_spd=2.06m/s end=goal t= 4033.1s
[TRAIN][PPO] ep=224/500 r=  609.38 avg10=  607.52 steps=1499 succ10=1.00 touch10=1.00 col10=0.00 to10=0.00 min_d= 0.30 avg_spd=2.04m/s end=goal t= 4051.5s
[TRAIN][PPO] ep=225/500 r=  594.94 avg10=  605.71 steps=1457 succ10=1.00 touch10=1.00 col10=0.00 to10=0.00 min_d= 0.30 avg_spd=2.04m/s end=goal t= 4067.9s
[TRAIN][PPO] ep=226/500 r=  594.44 avg10=  604.45 steps=1437 succ10=1.00 touch10=1.00 col10=0.00 to10=0.00 min_d= 0.30 avg_spd=2.06m/s end=goal t= 4083.9s
[TRAIN][PPO] ep=227/500 r=  606.58 avg10=  603.95 steps=1497 succ10=1.00 touch10=1.00 col10=0.00 to10=0.00 min_d= 0.30 avg_spd=2.04m/s end=goal t= 4100.7s
[TRAIN][PPO] ep=228/500 r=  601.21 avg10=  604.60 steps=1448 succ10=1.00 touch10=1.00 col10=0.00 to10=0.00 min_d= 0.30 avg_spd=2.08m/s end=goal t= 4118.6s
[TRAIN][PPO] ep=229/500 r=  601.40 avg10=  603.14 steps=1468 succ10=1.00 touch10=1.00 col10=0.00 to10=0.00 min_d= 0.30 avg_spd=2.05m/s end=goal t= 4135.6s
[TRAIN][PPO] ep=230/500 r=  617.01 avg10=  604.42 steps=1532 succ10=1.00 touch10=1.00 col10=0.00 to10=0.00 min_d= 0.30 avg_spd=2.04m/s end=goal t= 4153.6s
[TRAIN][PPO] ep=231/500 r=  611.46 avg10=  604.86 steps=1494 succ10=1.00 touch10=1.00 col10=0.00 to10=0.00 min_d= 0.30 avg_spd=2.04m/s end=goal t= 4170.7s
[TRAIN][PPO] ep=232/500 r=  608.14 avg10=  605.69 steps=1498 succ10=1.00 touch10=1.00 col10=0.00 to10=0.00 min_d= 0.30 avg_spd=2.05m/s end=goal t= 4189.7s
[TRAIN][PPO] ep=233/500 r=  605.25 avg10=  604.98 steps=1473 succ10=1.00 touch10=1.00 col10=0.00 to10=0.00 min_d= 0.30 avg_spd=2.07m/s end=goal t= 4206.3s
[TRAIN][PPO] ep=234/500 r=  599.29 avg10=  603.97 steps=1450 succ10=1.00 touch10=1.00 col10=0.00 to10=0.00 min_d= 0.30 avg_spd=2.07m/s end=goal t= 4222.9s
[TRAIN][PPO] ep=235/500 r=  603.70 avg10=  604.85 steps=1483 succ10=1.00 touch10=1.00 col10=0.00 to10=0.00 min_d= 0.30 avg_spd=2.05m/s end=goal t= 4239.3s
[TRAIN][PPO] ep=236/500 r=  599.80 avg10=  605.38 steps=1469 succ10=1.00 touch10=1.00 col10=0.00 to10=0.00 min_d= 0.30 avg_spd=2.08m/s end=goal t= 4257.1s
[TRAIN][PPO] ep=237/500 r=  603.25 avg10=  605.05 steps=1474 succ10=1.00 touch10=1.00 col10=0.00 to10=0.00 min_d= 0.30 avg_spd=2.06m/s end=goal t= 4274.0s
[TRAIN][PPO] ep=238/500 r=  595.75 avg10=  604.50 steps=1458 succ10=1.00 touch10=1.00 col10=0.00 to10=0.00 min_d= 0.30 avg_spd=2.05m/s end=goal t= 4290.8s
[TRAIN][PPO] ep=239/500 r=  606.07 avg10=  604.97 steps=1491 succ10=1.00 touch10=1.00 col10=0.00 to10=0.00 min_d= 0.30 avg_spd=2.04m/s end=goal t= 4308.0s
[TRAIN][PPO] ep=240/500 r=  601.96 avg10=  603.47 steps=1474 succ10=1.00 touch10=1.00 col10=0.00 to10=0.00 min_d= 0.30 avg_spd=2.07m/s end=goal t= 4327.1s
[TRAIN][PPO] ep=241/500 r=  594.90 avg10=  601.81 steps=1455 succ10=1.00 touch10=1.00 col10=0.00 to10=0.00 min_d= 0.30 avg_spd=2.06m/s end=goal t= 4343.9s
[TRAIN][PPO] ep=242/500 r=  592.58 avg10=  600.26 steps=1434 succ10=1.00 touch10=1.00 col10=0.00 to10=0.00 min_d= 0.30 avg_spd=2.07m/s end=goal t= 4360.5s
[TRAIN][PPO] ep=243/500 r=  589.37 avg10=  598.67 steps=1434 succ10=1.00 touch10=1.00 col10=0.00 to10=0.00 min_d= 0.30 avg_spd=2.07m/s end=goal t= 4376.7s
[TRAIN][PPO] ep=244/500 r=  595.69 avg10=  598.31 steps=1423 succ10=1.00 touch10=1.00 col10=0.00 to10=0.00 min_d= 0.30 avg_spd=2.07m/s end=goal t= 4395.0s
[TRAIN][PPO] ep=245/500 r=  602.55 avg10=  598.19 steps=1482 succ10=1.00 touch10=1.00 col10=0.00 to10=0.00 min_d= 0.30 avg_spd=2.05m/s end=goal t= 4412.3s
[TRAIN][PPO] ep=246/500 r=  600.61 avg10=  598.27 steps=1493 succ10=1.00 touch10=1.00 col10=0.00 to10=0.00 min_d= 0.30 avg_spd=2.03m/s end=goal t= 4429.4s
[TRAIN][PPO] ep=247/500 r=  609.71 avg10=  598.92 steps=1505 succ10=1.00 touch10=1.00 col10=0.00 to10=0.00 min_d= 0.30 avg_spd=2.06m/s end=goal t= 4446.6s
[TRAIN][PPO] ep=248/500 r=  610.62 avg10=  600.41 steps=1511 succ10=1.00 touch10=1.00 col10=0.00 to10=0.00 min_d= 0.30 avg_spd=2.06m/s end=goal t= 4465.7s
[TRAIN][PPO] ep=249/500 r=  604.18 avg10=  600.22 steps=1475 succ10=1.00 touch10=1.00 col10=0.00 to10=0.00 min_d= 0.30 avg_spd=2.06m/s end=goal t= 4482.3s
[TRAIN][PPO] ep=250/500 r=  602.96 avg10=  600.32 steps=1480 succ10=1.00 touch10=1.00 col10=0.00 to10=0.00 min_d= 0.30 avg_spd=2.05m/s end=goal t= 4499.1s
[TRAIN][PPO] ep=251/500 r=  595.15 avg10=  600.34 steps=1460 succ10=1.00 touch10=1.00 col10=0.00 to10=0.00 min_d= 0.30 avg_spd=2.05m/s end=goal t= 4515.9s
[TRAIN][PPO] ep=252/500 r=  603.95 avg10=  601.48 steps=1478 succ10=1.00 touch10=1.00 col10=0.00 to10=0.00 min_d= 0.30 avg_spd=2.06m/s end=goal t= 4533.9s
[TRAIN][PPO] ep=253/500 r=  603.73 avg10=  602.91 steps=1497 succ10=1.00 touch10=1.00 col10=0.00 to10=0.00 min_d= 0.30 avg_spd=2.05m/s end=goal t= 4550.9s
[TRAIN][PPO] ep=254/500 r=  608.46 avg10=  604.19 steps=1481 succ10=1.00 touch10=1.00 col10=0.00 to10=0.00 min_d= 0.30 avg_spd=2.05m/s end=goal t= 4567.6s
[TRAIN][PPO] ep=255/500 r=  615.05 avg10=  605.44 steps=1517 succ10=1.00 touch10=1.00 col10=0.00 to10=0.00 min_d= 0.30 avg_spd=2.05m/s end=goal t= 4584.5s
[TRAIN][PPO] ep=256/500 r=  598.99 avg10=  605.28 steps=1468 succ10=1.00 touch10=1.00 col10=0.00 to10=0.00 min_d= 0.30 avg_spd=2.04m/s end=goal t= 4602.1s
[TRAIN][PPO] ep=257/500 r=  595.58 avg10=  603.87 steps=1449 succ10=1.00 touch10=1.00 col10=0.00 to10=0.00 min_d= 0.30 avg_spd=2.07m/s end=goal t= 4618.4s
[TRAIN][PPO] ep=258/500 r=  597.19 avg10=  602.52 steps=1450 succ10=1.00 touch10=1.00 col10=0.00 to10=0.00 min_d= 0.30 avg_spd=2.07m/s end=goal t= 4635.1s
[TRAIN][PPO] ep=259/500 r=  609.48 avg10=  603.05 steps=1482 succ10=1.00 touch10=1.00 col10=0.00 to10=0.00 min_d= 0.30 avg_spd=2.06m/s end=goal t= 4652.1s
[TRAIN][PPO] ep=260/500 r=  605.18 avg10=  603.27 steps=1481 succ10=1.00 touch10=1.00 col10=0.00 to10=0.00 min_d= 0.30 avg_spd=2.06m/s end=goal t= 4670.6s
[TRAIN][PPO] ep=261/500 r=  594.23 avg10=  603.18 steps=1447 succ10=1.00 touch10=1.00 col10=0.00 to10=0.00 min_d= 0.30 avg_spd=2.05m/s end=goal t= 4686.7s
[TRAIN][PPO] ep=262/500 r=  598.20 avg10=  602.61 steps=1454 succ10=1.00 touch10=1.00 col10=0.00 to10=0.00 min_d= 0.30 avg_spd=2.04m/s end=goal t= 4702.8s
[TRAIN][PPO] ep=263/500 r=  596.53 avg10=  601.89 steps=1440 succ10=1.00 touch10=1.00 col10=0.00 to10=0.00 min_d= 0.30 avg_spd=2.06m/s end=goal t= 4719.2s
[TRAIN][PPO] ep=264/500 r=  611.84 avg10=  602.23 steps=1498 succ10=1.00 touch10=1.00 col10=0.00 to10=0.00 min_d= 0.30 avg_spd=2.03m/s end=goal t= 4737.3s
[TRAIN][PPO] ep=265/500 r=  594.23 avg10=  600.14 steps=1436 succ10=1.00 touch10=1.00 col10=0.00 to10=0.00 min_d= 0.30 avg_spd=2.07m/s end=goal t= 4753.7s
[TRAIN][PPO] ep=266/500 r=  603.87 avg10=  600.63 steps=1496 succ10=1.00 touch10=1.00 col10=0.00 to10=0.00 min_d= 0.30 avg_spd=2.05m/s end=goal t= 4769.8s
[TRAIN][PPO] ep=267/500 r=  612.95 avg10=  602.37 steps=1519 succ10=1.00 touch10=1.00 col10=0.00 to10=0.00 min_d= 0.30 avg_spd=2.04m/s end=goal t= 4786.9s
[TRAIN][PPO] ep=268/500 r=  602.98 avg10=  602.95 steps=1472 succ10=1.00 touch10=1.00 col10=0.00 to10=0.00 min_d= 0.30 avg_spd=2.06m/s end=goal t= 4804.8s
[TRAIN][PPO] ep=269/500 r=  600.32 avg10=  602.03 steps=1460 succ10=1.00 touch10=1.00 col10=0.00 to10=0.00 min_d= 0.30 avg_spd=2.06m/s end=goal t= 4821.3s
[TRAIN][PPO] ep=270/500 r=  616.50 avg10=  603.16 steps=1529 succ10=1.00 touch10=1.00 col10=0.00 to10=0.00 min_d= 0.30 avg_spd=2.04m/s end=goal t= 4838.7s
[TRAIN][PPO] ep=271/500 r=  608.01 avg10=  604.54 steps=1490 succ10=1.00 touch10=1.00 col10=0.00 to10=0.00 min_d= 0.30 avg_spd=2.05m/s end=goal t= 4855.7s
[TRAIN][PPO] ep=272/500 r=  607.20 avg10=  605.44 steps=1481 succ10=1.00 touch10=1.00 col10=0.00 to10=0.00 min_d= 0.30 avg_spd=2.06m/s end=goal t= 4875.7s
[TRAIN][PPO] ep=273/500 r=  596.70 avg10=  605.46 steps=1455 succ10=1.00 touch10=1.00 col10=0.00 to10=0.00 min_d= 0.30 avg_spd=2.06m/s end=goal t= 4892.8s
[TRAIN][PPO] ep=274/500 r=  599.33 avg10=  604.21 steps=1449 succ10=1.00 touch10=1.00 col10=0.00 to10=0.00 min_d= 0.30 avg_spd=2.06m/s end=goal t= 4909.1s
[TRAIN][PPO] ep=275/500 r=  607.81 avg10=  605.57 steps=1487 succ10=1.00 touch10=1.00 col10=0.00 to10=0.00 min_d= 0.30 avg_spd=2.05m/s end=goal t= 4926.2s
[TRAIN][PPO] ep=276/500 r=  602.57 avg10=  605.44 steps=1471 succ10=1.00 touch10=1.00 col10=0.00 to10=0.00 min_d= 0.30 avg_spd=2.05m/s end=goal t= 4944.6s
[TRAIN][PPO] ep=277/500 r=  599.57 avg10=  604.10 steps=1456 succ10=1.00 touch10=1.00 col10=0.00 to10=0.00 min_d= 0.30 avg_spd=2.06m/s end=goal t= 4961.3s
[TRAIN][PPO] ep=278/500 r=  598.89 avg10=  603.69 steps=1435 succ10=1.00 touch10=1.00 col10=0.00 to10=0.00 min_d= 0.30 avg_spd=2.08m/s end=goal t= 4977.9s
[TRAIN][PPO] ep=279/500 r=  603.70 avg10=  604.03 steps=1468 succ10=1.00 touch10=1.00 col10=0.00 to10=0.00 min_d= 0.30 avg_spd=2.06m/s end=goal t= 4995.0s
[TRAIN][PPO] ep=280/500 r=  607.59 avg10=  603.14 steps=1472 succ10=1.00 touch10=1.00 col10=0.00 to10=0.00 min_d= 0.30 avg_spd=2.07m/s end=goal t= 5013.5s
[TRAIN][PPO] ep=281/500 r=  595.78 avg10=  601.92 steps=1453 succ10=1.00 touch10=1.00 col10=0.00 to10=0.00 min_d= 0.30 avg_spd=2.06m/s end=goal t= 5030.1s
[TRAIN][PPO] ep=282/500 r=  598.82 avg10=  601.08 steps=1448 succ10=1.00 touch10=1.00 col10=0.00 to10=0.00 min_d= 0.30 avg_spd=2.07m/s end=goal t= 5047.1s
[TRAIN][PPO] ep=283/500 r=  604.95 avg10=  601.90 steps=1470 succ10=1.00 touch10=1.00 col10=0.00 to10=0.00 min_d= 0.30 avg_spd=2.07m/s end=goal t= 5064.2s
[TRAIN][PPO] ep=284/500 r=  599.62 avg10=  601.93 steps=1444 succ10=1.00 touch10=1.00 col10=0.00 to10=0.00 min_d= 0.30 avg_spd=2.07m/s end=goal t= 5082.2s
[TRAIN][PPO] ep=285/500 r=  592.29 avg10=  600.38 steps=1449 succ10=1.00 touch10=1.00 col10=0.00 to10=0.00 min_d= 0.30 avg_spd=2.06m/s end=goal t= 5098.8s
[TRAIN][PPO] ep=286/500 r=  608.47 avg10=  600.97 steps=1481 succ10=1.00 touch10=1.00 col10=0.00 to10=0.00 min_d= 0.30 avg_spd=2.06m/s end=goal t= 5116.4s
[TRAIN][PPO] ep=287/500 r=  599.09 avg10=  600.92 steps=1455 succ10=1.00 touch10=1.00 col10=0.00 to10=0.00 min_d= 0.30 avg_spd=2.08m/s end=goal t= 5133.5s
[TRAIN][PPO] ep=288/500 r=  601.06 avg10=  601.14 steps=1468 succ10=1.00 touch10=1.00 col10=0.00 to10=0.00 min_d= 0.30 avg_spd=2.04m/s end=goal t= 5153.7s
[TRAIN][PPO] ep=289/500 r=  595.64 avg10=  600.33 steps=1461 succ10=1.00 touch10=1.00 col10=0.00 to10=0.00 min_d= 0.30 avg_spd=2.05m/s end=goal t= 5170.9s
[TRAIN][PPO] ep=290/500 r=  609.89 avg10=  600.56 steps=1479 succ10=1.00 touch10=1.00 col10=0.00 to10=0.00 min_d= 0.30 avg_spd=2.07m/s end=goal t= 5188.2s
[TRAIN][PPO] ep=291/500 r=  613.41 avg10=  602.32 steps=1504 succ10=1.00 touch10=1.00 col10=0.00 to10=0.00 min_d= 0.30 avg_spd=2.05m/s end=goal t= 5205.6s
[TRAIN][PPO] ep=292/500 r=  607.35 avg10=  603.18 steps=1478 succ10=1.00 touch10=1.00 col10=0.00 to10=0.00 min_d= 0.30 avg_spd=2.06m/s end=goal t= 5224.1s
[TRAIN][PPO] ep=293/500 r=  598.19 avg10=  602.50 steps=1450 succ10=1.00 touch10=1.00 col10=0.00 to10=0.00 min_d= 0.30 avg_spd=2.06m/s end=goal t= 5241.0s
[TRAIN][PPO] ep=294/500 r=  598.08 avg10=  602.35 steps=1453 succ10=1.00 touch10=1.00 col10=0.00 to10=0.00 min_d= 0.30 avg_spd=2.06m/s end=goal t= 5257.9s
[TRAIN][PPO] ep=295/500 r=  596.59 avg10=  602.78 steps=1461 succ10=1.00 touch10=1.00 col10=0.00 to10=0.00 min_d= 0.30 avg_spd=2.08m/s end=goal t= 5275.1s
[TRAIN][PPO] ep=296/500 r=  599.83 avg10=  601.91 steps=1452 succ10=1.00 touch10=1.00 col10=0.00 to10=0.00 min_d= 0.30 avg_spd=2.06m/s end=goal t= 5293.9s
[TRAIN][PPO] ep=297/500 r=  603.86 avg10=  602.39 steps=1467 succ10=1.00 touch10=1.00 col10=0.00 to10=0.00 min_d= 0.30 avg_spd=2.06m/s end=goal t= 5310.9s
[TRAIN][PPO] ep=298/500 r=  593.26 avg10=  601.61 steps=1438 succ10=1.00 touch10=1.00 col10=0.00 to10=0.00 min_d= 0.30 avg_spd=2.06m/s end=goal t= 5327.0s
[TRAIN][PPO] ep=299/500 r=  598.42 avg10=  601.89 steps=1452 succ10=1.00 touch10=1.00 col10=0.00 to10=0.00 min_d= 0.30 avg_spd=2.07m/s end=goal t= 5343.6s
[TRAIN][PPO] ep=300/500 r=  606.37 avg10=  601.54 steps=1492 succ10=1.00 touch10=1.00 col10=0.00 to10=0.00 min_d= 0.30 avg_spd=2.06m/s end=goal t= 5361.6s ckpt=latest
[TRAIN][PPO] ep=301/500 r=  589.63 avg10=  599.16 steps=1426 succ10=1.00 touch10=1.00 col10=0.00 to10=0.00 min_d= 0.30 avg_spd=2.08m/s end=goal t= 5378.1s
[TRAIN][PPO] ep=302/500 r=  590.77 avg10=  597.50 steps=1420 succ10=1.00 touch10=1.00 col10=0.00 to10=0.00 min_d= 0.30 avg_spd=2.08m/s end=goal t= 5393.7s
[TRAIN][PPO] ep=303/500 r=  611.92 avg10=  598.87 steps=1493 succ10=1.00 touch10=1.00 col10=0.00 to10=0.00 min_d= 0.30 avg_spd=2.06m/s end=goal t= 5410.5s
[TRAIN][PPO] ep=304/500 r=  597.48 avg10=  598.81 steps=1472 succ10=1.00 touch10=1.00 col10=0.00 to10=0.00 min_d= 0.30 avg_spd=2.07m/s end=goal t= 5429.7s
[TRAIN][PPO] ep=305/500 r=  601.85 avg10=  599.34 steps=1473 succ10=1.00 touch10=1.00 col10=0.00 to10=0.00 min_d= 0.30 avg_spd=2.06m/s end=goal t= 5446.9s
[TRAIN][PPO] ep=306/500 r=  601.08 avg10=  599.46 steps=1458 succ10=1.00 touch10=1.00 col10=0.00 to10=0.00 min_d= 0.30 avg_spd=2.07m/s end=goal t= 5463.5s
[TRAIN][PPO] ep=307/500 r=  601.56 avg10=  599.23 steps=1461 succ10=1.00 touch10=1.00 col10=0.00 to10=0.00 min_d= 0.30 avg_spd=2.08m/s end=goal t= 5480.2s
[TRAIN][PPO] ep=308/500 r=  602.52 avg10=  600.16 steps=1472 succ10=1.00 touch10=1.00 col10=0.00 to10=0.00 min_d= 0.30 avg_spd=2.06m/s end=goal t= 5499.5s
[TRAIN][PPO] ep=309/500 r=  598.42 avg10=  600.16 steps=1444 succ10=1.00 touch10=1.00 col10=0.00 to10=0.00 min_d= 0.30 avg_spd=2.08m/s end=goal t= 5516.3s
[TRAIN][PPO] ep=310/500 r=  610.09 avg10=  600.53 steps=1495 succ10=1.00 touch10=1.00 col10=0.00 to10=0.00 min_d= 0.30 avg_spd=2.06m/s end=goal t= 5533.8s
[TRAIN][PPO] ep=311/500 r=  611.35 avg10=  602.70 steps=1508 succ10=1.00 touch10=1.00 col10=0.00 to10=0.00 min_d= 0.30 avg_spd=2.03m/s end=goal t= 5551.0s
[TRAIN][PPO] ep=312/500 r=  606.90 avg10=  604.32 steps=1477 succ10=1.00 touch10=1.00 col10=0.00 to10=0.00 min_d= 0.30 avg_spd=2.07m/s end=goal t= 5570.1s
[TRAIN][PPO] ep=313/500 r=  591.89 avg10=  602.31 steps=1428 succ10=1.00 touch10=1.00 col10=0.00 to10=0.00 min_d= 0.30 avg_spd=2.08m/s end=goal t= 5586.5s
[TRAIN][PPO] ep=314/500 r=  603.20 avg10=  602.89 steps=1469 succ10=1.00 touch10=1.00 col10=0.00 to10=0.00 min_d= 0.30 avg_spd=2.06m/s end=goal t= 5602.9s
[TRAIN][PPO] ep=315/500 r=  290.68 avg10=  571.77 steps=1017 succ10=0.90 touch10=0.90 col10=0.10 to10=0.00 min_d= 1.33 avg_spd=2.10m/s end=collision t= 5613.9s
[TRAIN][PPO] ep=316/500 r=  605.94 avg10=  572.26 steps=1468 succ10=0.90 touch10=0.90 col10=0.10 to10=0.00 min_d= 0.30 avg_spd=2.09m/s end=goal t= 5632.1s
[TRAIN][PPO] ep=317/500 r=  599.88 avg10=  572.09 steps=1450 succ10=0.90 touch10=0.90 col10=0.10 to10=0.00 min_d= 0.30 avg_spd=2.06m/s end=goal t= 5649.0s
[TRAIN][PPO] ep=318/500 r=  609.24 avg10=  572.76 steps=1480 succ10=0.90 touch10=0.90 col10=0.10 to10=0.00 min_d= 0.30 avg_spd=2.08m/s end=goal t= 5666.2s
[TRAIN][PPO] ep=319/500 r=  602.51 avg10=  573.17 steps=1457 succ10=0.90 touch10=0.90 col10=0.10 to10=0.00 min_d= 0.30 avg_spd=2.07m/s end=goal t= 5683.1s
[TRAIN][PPO] ep=320/500 r=  591.61 avg10=  571.32 steps=1445 succ10=0.90 touch10=0.90 col10=0.10 to10=0.00 min_d= 0.30 avg_spd=2.06m/s end=goal t= 5701.5s
[TRAIN][PPO] ep=321/500 r=  590.84 avg10=  569.27 steps=1429 succ10=0.90 touch10=0.90 col10=0.10 to10=0.00 min_d= 0.30 avg_spd=2.07m/s end=goal t= 5717.2s
[TRAIN][PPO] ep=322/500 r=  601.07 avg10=  568.69 steps=1470 succ10=0.90 touch10=0.90 col10=0.10 to10=0.00 min_d= 0.30 avg_spd=2.06m/s end=goal t= 5733.9s
[TRAIN][PPO] ep=323/500 r=  603.69 avg10=  569.87 steps=1484 succ10=0.90 touch10=0.90 col10=0.10 to10=0.00 min_d= 0.30 avg_spd=2.05m/s end=goal t= 5750.8s
[TRAIN][PPO] ep=324/500 r=  598.04 avg10=  569.35 steps=1462 succ10=0.90 touch10=0.90 col10=0.10 to10=0.00 min_d= 0.30 avg_spd=2.08m/s end=goal t= 5769.8s
[TRAIN][PPO] ep=325/500 r=  603.16 avg10=  600.60 steps=1464 succ10=1.00 touch10=1.00 col10=0.00 to10=0.00 min_d= 0.30 avg_spd=2.08m/s end=goal t= 5786.6s
[TRAIN][PPO] ep=326/500 r=  606.15 avg10=  600.62 steps=1472 succ10=1.00 touch10=1.00 col10=0.00 to10=0.00 min_d= 0.30 avg_spd=2.07m/s end=goal t= 5803.5s
[TRAIN][PPO] ep=327/500 r=  606.21 avg10=  601.25 steps=1479 succ10=1.00 touch10=1.00 col10=0.00 to10=0.00 min_d= 0.30 avg_spd=2.08m/s end=goal t= 5820.5s
[TRAIN][PPO] ep=328/500 r=  605.18 avg10=  600.85 steps=1476 succ10=1.00 touch10=1.00 col10=0.00 to10=0.00 min_d= 0.30 avg_spd=2.06m/s end=goal t= 5839.2s
[TRAIN][PPO] ep=329/500 r=  611.46 avg10=  601.74 steps=1520 succ10=1.00 touch10=1.00 col10=0.00 to10=0.00 min_d= 0.30 avg_spd=2.05m/s end=goal t= 5856.7s
[TRAIN][PPO] ep=330/500 r=  597.16 avg10=  602.30 steps=1439 succ10=1.00 touch10=1.00 col10=0.00 to10=0.00 min_d= 0.30 avg_spd=2.06m/s end=goal t= 5873.3s
[TRAIN][PPO] ep=331/500 r=  298.81 avg10=  573.09 steps=1068 succ10=0.90 touch10=0.90 col10=0.10 to10=0.00 min_d= 1.36 avg_spd=2.07m/s end=collision t= 5885.4s
[TRAIN][PPO] ep=332/500 r=  607.64 avg10=  573.75 steps=1474 succ10=0.90 touch10=0.90 col10=0.10 to10=0.00 min_d= 0.30 avg_spd=2.06m/s end=goal t= 5903.8s
[TRAIN][PPO] ep=333/500 r=  292.97 avg10=  542.68 steps=1037 succ10=0.80 touch10=0.80 col10=0.20 to10=0.00 min_d= 1.36 avg_spd=2.05m/s end=collision t= 5915.6s
[TRAIN][PPO] ep=334/500 r=  591.13 avg10=  541.99 steps=1427 succ10=0.80 touch10=0.80 col10=0.20 to10=0.00 min_d= 0.30 avg_spd=2.08m/s end=goal t= 5932.0s
[TRAIN][PPO] ep=335/500 r=  605.42 avg10=  542.21 steps=1461 succ10=0.80 touch10=0.80 col10=0.20 to10=0.00 min_d= 0.30 avg_spd=2.08m/s end=goal t= 5948.9s
[TRAIN][PPO] ep=336/500 r=  608.99 avg10=  542.50 steps=1486 succ10=0.80 touch10=0.80 col10=0.20 to10=0.00 min_d= 0.30 avg_spd=2.07m/s end=goal t= 5966.6s
[TRAIN][PPO] ep=337/500 r=  603.53 avg10=  542.23 steps=1472 succ10=0.80 touch10=0.80 col10=0.20 to10=0.00 min_d= 0.30 avg_spd=2.06m/s end=goal t= 5983.6s
[TRAIN][PPO] ep=338/500 r=  609.27 avg10=  542.64 steps=1471 succ10=0.80 touch10=0.80 col10=0.20 to10=0.00 min_d= 0.30 avg_spd=2.08m/s end=goal t= 6000.7s
[TRAIN][PPO] ep=339/500 r=  598.63 avg10=  541.35 steps=1442 succ10=0.80 touch10=0.80 col10=0.20 to10=0.00 min_d= 0.30 avg_spd=2.10m/s end=goal t= 6017.3s
[TRAIN][PPO] ep=340/500 r=  596.66 avg10=  541.30 steps=1440 succ10=0.80 touch10=0.80 col10=0.20 to10=0.00 min_d= 0.30 avg_spd=2.09m/s end=goal t= 6034.7s
[TRAIN][PPO] ep=341/500 r=  592.06 avg10=  570.63 steps=1441 succ10=0.90 touch10=0.90 col10=0.10 to10=0.00 min_d= 0.30 avg_spd=2.07m/s end=goal t= 6051.1s
[TRAIN][PPO] ep=342/500 r=  590.47 avg10=  568.91 steps=1446 succ10=0.90 touch10=0.90 col10=0.10 to10=0.00 min_d= 0.30 avg_spd=2.07m/s end=goal t= 6067.7s
[TRAIN][PPO] ep=343/500 r=  593.09 avg10=  598.92 steps=1423 succ10=1.00 touch10=1.00 col10=0.00 to10=0.00 min_d= 0.30 avg_spd=2.07m/s end=goal t= 6084.1s
[TRAIN][PPO] ep=344/500 r=  611.30 avg10=  600.94 steps=1506 succ10=1.00 touch10=1.00 col10=0.00 to10=0.00 min_d= 0.30 avg_spd=2.06m/s end=goal t= 6102.7s
[TRAIN][PPO] ep=345/500 r=  609.31 avg10=  601.33 steps=1482 succ10=1.00 touch10=1.00 col10=0.00 to10=0.00 min_d= 0.30 avg_spd=2.07m/s end=goal t= 6119.7s
[TRAIN][PPO] ep=346/500 r=  595.85 avg10=  600.02 steps=1448 succ10=1.00 touch10=1.00 col10=0.00 to10=0.00 min_d= 0.30 avg_spd=2.06m/s end=goal t= 6136.8s
[TRAIN][PPO] ep=347/500 r=  603.28 avg10=  599.99 steps=1482 succ10=1.00 touch10=1.00 col10=0.00 to10=0.00 min_d= 0.30 avg_spd=2.06m/s end=goal t= 6153.8s
[TRAIN][PPO] ep=348/500 r=  587.69 avg10=  597.83 steps=1421 succ10=1.00 touch10=1.00 col10=0.00 to10=0.00 min_d= 0.30 avg_spd=2.08m/s end=goal t= 6172.0s
[TRAIN][PPO] ep=349/500 r=  598.81 avg10=  597.85 steps=1452 succ10=1.00 touch10=1.00 col10=0.00 to10=0.00 min_d= 0.30 avg_spd=2.09m/s end=goal t= 6188.2s
[TRAIN][PPO] ep=350/500 r=   73.54 avg10=  545.54 steps= 387 succ10=0.90 touch10=0.90 col10=0.10 to10=0.00 min_d= 3.05 avg_spd=2.06m/s end=collision t= 6192.6s
[TRAIN][PPO] ep=351/500 r=  607.68 avg10=  547.10 steps=1493 succ10=0.90 touch10=0.90 col10=0.10 to10=0.00 min_d= 0.30 avg_spd=2.08m/s end=goal t= 6209.2s
[TRAIN][PPO] ep=352/500 r=  598.66 avg10=  547.92 steps=1452 succ10=0.90 touch10=0.90 col10=0.10 to10=0.00 min_d= 0.30 avg_spd=2.07m/s end=goal t= 6226.8s
[TRAIN][PPO] ep=353/500 r=  597.88 avg10=  548.40 steps=1458 succ10=0.90 touch10=0.90 col10=0.10 to10=0.00 min_d= 0.30 avg_spd=2.07m/s end=goal t= 6243.8s
[TRAIN][PPO] ep=354/500 r=  602.54 avg10=  547.52 steps=1472 succ10=0.90 touch10=0.90 col10=0.10 to10=0.00 min_d= 0.30 avg_spd=2.09m/s end=goal t= 6261.4s
[TRAIN][PPO] ep=355/500 r=  597.36 avg10=  546.33 steps=1438 succ10=0.90 touch10=0.90 col10=0.10 to10=0.00 min_d= 0.30 avg_spd=2.08m/s end=goal t= 6278.1s
[TRAIN][PPO] ep=356/500 r=  590.51 avg10=  545.79 steps=1431 succ10=0.90 touch10=0.90 col10=0.10 to10=0.00 min_d= 0.30 avg_spd=2.08m/s end=goal t= 6296.0s
[TRAIN][PPO] ep=357/500 r=  593.71 avg10=  544.83 steps=1438 succ10=0.90 touch10=0.90 col10=0.10 to10=0.00 min_d= 0.30 avg_spd=2.06m/s end=goal t= 6312.9s
[TRAIN][PPO] ep=358/500 r=  593.72 avg10=  545.44 steps=1439 succ10=0.90 touch10=0.90 col10=0.10 to10=0.00 min_d= 0.30 avg_spd=2.06m/s end=goal t= 6329.9s
[TRAIN][PPO] ep=359/500 r=  595.81 avg10=  545.14 steps=1465 succ10=0.90 touch10=0.90 col10=0.10 to10=0.00 min_d= 0.30 avg_spd=2.08m/s end=goal t= 6347.0s
[TRAIN][PPO] ep=360/500 r=  605.60 avg10=  598.34 steps=1475 succ10=1.00 touch10=1.00 col10=0.00 to10=0.00 min_d= 0.30 avg_spd=2.07m/s end=goal t= 6364.7s
[TRAIN][PPO] ep=361/500 r=  606.74 avg10=  598.25 steps=1466 succ10=1.00 touch10=1.00 col10=0.00 to10=0.00 min_d= 0.30 avg_spd=2.08m/s end=goal t= 6381.3s
[TRAIN][PPO] ep=362/500 r=  602.62 avg10=  598.65 steps=1456 succ10=1.00 touch10=1.00 col10=0.00 to10=0.00 min_d= 0.30 avg_spd=2.08m/s end=goal t= 6398.5s
[TRAIN][PPO] ep=363/500 r=  591.70 avg10=  598.03 steps=1454 succ10=1.00 touch10=1.00 col10=0.00 to10=0.00 min_d= 0.30 avg_spd=2.07m/s end=goal t= 6415.8s
[TRAIN][PPO] ep=364/500 r=  602.15 avg10=  597.99 steps=1462 succ10=1.00 touch10=1.00 col10=0.00 to10=0.00 min_d= 0.30 avg_spd=2.07m/s end=goal t= 6434.4s
[TRAIN][PPO] ep=365/500 r=  597.50 avg10=  598.00 steps=1447 succ10=1.00 touch10=1.00 col10=0.00 to10=0.00 min_d= 0.30 avg_spd=2.07m/s end=goal t= 6452.2s
[TRAIN][PPO] ep=366/500 r=  590.84 avg10=  598.04 steps=1432 succ10=1.00 touch10=1.00 col10=0.00 to10=0.00 min_d= 0.30 avg_spd=2.07m/s end=goal t= 6469.6s
[TRAIN][PPO] ep=367/500 r=  592.36 avg10=  597.90 steps=1425 succ10=1.00 touch10=1.00 col10=0.00 to10=0.00 min_d= 0.30 avg_spd=2.09m/s end=goal t= 6486.7s
[TRAIN][PPO] ep=368/500 r=  592.81 avg10=  597.81 steps=1449 succ10=1.00 touch10=1.00 col10=0.00 to10=0.00 min_d= 0.30 avg_spd=2.06m/s end=goal t= 6505.3s
[TRAIN][PPO] ep=369/500 r=  595.52 avg10=  597.78 steps=1463 succ10=1.00 touch10=1.00 col10=0.00 to10=0.00 min_d= 0.30 avg_spd=2.07m/s end=goal t= 6522.0s
[TRAIN][PPO] ep=370/500 r=  603.14 avg10=  597.54 steps=1460 succ10=1.00 touch10=1.00 col10=0.00 to10=0.00 min_d= 0.30 avg_spd=2.08m/s end=goal t= 6539.3s
[TRAIN][PPO] ep=371/500 r=  601.70 avg10=  597.03 steps=1453 succ10=1.00 touch10=1.00 col10=0.00 to10=0.00 min_d= 0.30 avg_spd=2.08m/s end=goal t= 6556.9s
[TRAIN][PPO] ep=372/500 r=  605.65 avg10=  597.34 steps=1473 succ10=1.00 touch10=1.00 col10=0.00 to10=0.00 min_d= 0.30 avg_spd=2.09m/s end=goal t= 6577.7s
[TRAIN][PPO] ep=373/500 r=  606.15 avg10=  598.78 steps=1483 succ10=1.00 touch10=1.00 col10=0.00 to10=0.00 min_d= 0.30 avg_spd=2.08m/s end=goal t= 6595.7s
[TRAIN][PPO] ep=374/500 r=  588.31 avg10=  597.40 steps=1419 succ10=1.00 touch10=1.00 col10=0.00 to10=0.00 min_d= 0.30 avg_spd=2.08m/s end=goal t= 6613.3s
[TRAIN][PPO] ep=375/500 r=  589.83 avg10=  596.63 steps=1422 succ10=1.00 touch10=1.00 col10=0.00 to10=0.00 min_d= 0.30 avg_spd=2.08m/s end=goal t= 6631.0s
[TRAIN][PPO] ep=376/500 r=  595.95 avg10=  597.14 steps=1436 succ10=1.00 touch10=1.00 col10=0.00 to10=0.00 min_d= 0.30 avg_spd=2.09m/s end=goal t= 6649.3s
[TRAIN][PPO] ep=377/500 r=  602.89 avg10=  598.19 steps=1454 succ10=1.00 touch10=1.00 col10=0.00 to10=0.00 min_d= 0.30 avg_spd=2.08m/s end=goal t= 6666.7s
[TRAIN][PPO] ep=378/500 r=  597.05 avg10=  598.62 steps=1473 succ10=1.00 touch10=1.00 col10=0.00 to10=0.00 min_d= 0.30 avg_spd=2.06m/s end=goal t= 6684.4s
[TRAIN][PPO] ep=379/500 r=  589.27 avg10=  597.99 steps=1412 succ10=1.00 touch10=1.00 col10=0.00 to10=0.00 min_d= 0.30 avg_spd=2.10m/s end=goal t= 6701.4s
[TRAIN][PPO] ep=380/500 r=  608.01 avg10=  598.48 steps=1450 succ10=1.00 touch10=1.00 col10=0.00 to10=0.00 min_d= 0.30 avg_spd=2.08m/s end=goal t= 6720.9s
[TRAIN][PPO] ep=381/500 r=  600.08 avg10=  598.32 steps=1459 succ10=1.00 touch10=1.00 col10=0.00 to10=0.00 min_d= 0.30 avg_spd=2.06m/s end=goal t= 6739.1s
[TRAIN][PPO] ep=382/500 r=  593.78 avg10=  597.13 steps=1418 succ10=1.00 touch10=1.00 col10=0.00 to10=0.00 min_d= 0.30 avg_spd=2.09m/s end=goal t= 6756.5s
[TRAIN][PPO] ep=383/500 r=  606.76 avg10=  597.19 steps=1486 succ10=1.00 touch10=1.00 col10=0.00 to10=0.00 min_d= 0.30 avg_spd=2.07m/s end=goal t= 6774.6s
[TRAIN][PPO] ep=384/500 r=  590.83 avg10=  597.44 steps=1424 succ10=1.00 touch10=1.00 col10=0.00 to10=0.00 min_d= 0.30 avg_spd=2.08m/s end=goal t= 6793.9s
[TRAIN][PPO] ep=385/500 r=  602.53 avg10=  598.71 steps=1467 succ10=1.00 touch10=1.00 col10=0.00 to10=0.00 min_d= 0.30 avg_spd=2.07m/s end=goal t= 6811.8s
[TRAIN][PPO] ep=386/500 r=  595.62 avg10=  598.68 steps=1418 succ10=1.00 touch10=1.00 col10=0.00 to10=0.00 min_d= 0.30 avg_spd=2.08m/s end=goal t= 6829.1s
[TRAIN][PPO] ep=387/500 r=  611.84 avg10=  599.58 steps=1485 succ10=1.00 touch10=1.00 col10=0.00 to10=0.00 min_d= 0.30 avg_spd=2.06m/s end=goal t= 6847.0s
[TRAIN][PPO] ep=388/500 r=  606.08 avg10=  600.48 steps=1479 succ10=1.00 touch10=1.00 col10=0.00 to10=0.00 min_d= 0.30 avg_spd=2.08m/s end=goal t= 6868.1s
[TRAIN][PPO] ep=389/500 r=  596.60 avg10=  601.21 steps=1446 succ10=1.00 touch10=1.00 col10=0.00 to10=0.00 min_d= 0.30 avg_spd=2.07m/s end=goal t= 6885.6s
[TRAIN][PPO] ep=390/500 r=  612.48 avg10=  601.66 steps=1499 succ10=1.00 touch10=1.00 col10=0.00 to10=0.00 min_d= 0.30 avg_spd=2.05m/s end=goal t= 6903.7s
[TRAIN][PPO] ep=391/500 r=  607.19 avg10=  602.37 steps=1467 succ10=1.00 touch10=1.00 col10=0.00 to10=0.00 min_d= 0.30 avg_spd=2.08m/s end=goal t= 6921.3s
[TRAIN][PPO] ep=392/500 r=  597.21 avg10=  602.71 steps=1448 succ10=1.00 touch10=1.00 col10=0.00 to10=0.00 min_d= 0.30 avg_spd=2.10m/s end=goal t= 6940.8s
[TRAIN][PPO] ep=393/500 r=  591.47 avg10=  601.18 steps=1414 succ10=1.00 touch10=1.00 col10=0.00 to10=0.00 min_d= 0.30 avg_spd=2.08m/s end=goal t= 6957.6s
[TRAIN][PPO] ep=394/500 r=  605.10 avg10=  602.61 steps=1472 succ10=1.00 touch10=1.00 col10=0.00 to10=0.00 min_d= 0.30 avg_spd=2.07m/s end=goal t= 6974.9s
[TRAIN][PPO] ep=395/500 r=  607.07 avg10=  603.06 steps=1511 succ10=1.00 touch10=1.00 col10=0.00 to10=0.00 min_d= 0.30 avg_spd=2.05m/s end=goal t= 6992.0s
[TRAIN][PPO] ep=396/500 r=  599.98 avg10=  603.50 steps=1447 succ10=1.00 touch10=1.00 col10=0.00 to10=0.00 min_d= 0.30 avg_spd=2.09m/s end=goal t= 7011.3s
[TRAIN][PPO] ep=397/500 r=  610.46 avg10=  603.36 steps=1492 succ10=1.00 touch10=1.00 col10=0.00 to10=0.00 min_d= 0.30 avg_spd=2.07m/s end=goal t= 7029.0s
[TRAIN][PPO] ep=398/500 r=  589.83 avg10=  601.74 steps=1422 succ10=1.00 touch10=1.00 col10=0.00 to10=0.00 min_d= 0.30 avg_spd=2.09m/s end=goal t= 7046.9s
[TRAIN][PPO] ep=399/500 r=  608.85 avg10=  602.96 steps=1499 succ10=1.00 touch10=1.00 col10=0.00 to10=0.00 min_d= 0.30 avg_spd=2.07m/s end=goal t= 7064.5s
[TRAIN][PPO] ep=400/500 r=  590.40 avg10=  600.76 steps=1452 succ10=1.00 touch10=1.00 col10=0.00 to10=0.00 min_d= 0.30 avg_spd=2.07m/s end=goal t= 7082.5s ckpt=latest
[TRAIN][PPO] ep=401/500 r=  594.57 avg10=  599.49 steps=1431 succ10=1.00 touch10=1.00 col10=0.00 to10=0.00 min_d= 0.30 avg_spd=2.09m/s end=goal t= 7099.8s
[TRAIN][PPO] ep=402/500 r=  599.64 avg10=  599.74 steps=1461 succ10=1.00 touch10=1.00 col10=0.00 to10=0.00 min_d= 0.30 avg_spd=2.08m/s end=goal t= 7117.7s
[TRAIN][PPO] ep=403/500 r=  583.31 avg10=  598.92 steps=1385 succ10=1.00 touch10=1.00 col10=0.00 to10=0.00 min_d= 0.30 avg_spd=2.10m/s end=goal t= 7134.6s
[TRAIN][PPO] ep=404/500 r=  606.59 avg10=  599.07 steps=1474 succ10=1.00 touch10=1.00 col10=0.00 to10=0.00 min_d= 0.30 avg_spd=2.09m/s end=goal t= 7155.1s
[TRAIN][PPO] ep=405/500 r=  589.44 avg10=  597.31 steps=1452 succ10=1.00 touch10=1.00 col10=0.00 to10=0.00 min_d= 0.30 avg_spd=2.09m/s end=goal t= 7172.7s
[TRAIN][PPO] ep=406/500 r=  591.28 avg10=  596.44 steps=1427 succ10=1.00 touch10=1.00 col10=0.00 to10=0.00 min_d= 0.30 avg_spd=2.07m/s end=goal t= 7190.0s
[TRAIN][PPO] ep=407/500 r=  598.24 avg10=  595.22 steps=1457 succ10=1.00 touch10=1.00 col10=0.00 to10=0.00 min_d= 0.30 avg_spd=2.08m/s end=goal t= 7207.1s
[TRAIN][PPO] ep=408/500 r=  600.40 avg10=  596.27 steps=1458 succ10=1.00 touch10=1.00 col10=0.00 to10=0.00 min_d= 0.30 avg_spd=2.07m/s end=goal t= 7226.3s
[TRAIN][PPO] ep=409/500 r=  595.28 avg10=  594.92 steps=1447 succ10=1.00 touch10=1.00 col10=0.00 to10=0.00 min_d= 0.30 avg_spd=2.06m/s end=goal t= 7244.5s
[TRAIN][PPO] ep=410/500 r=  603.51 avg10=  596.23 steps=1465 succ10=1.00 touch10=1.00 col10=0.00 to10=0.00 min_d= 0.30 avg_spd=2.09m/s end=goal t= 7262.6s
[TRAIN][PPO] ep=411/500 r=  590.26 avg10=  595.80 steps=1418 succ10=1.00 touch10=1.00 col10=0.00 to10=0.00 min_d= 0.30 avg_spd=2.08m/s end=goal t= 7280.1s
[TRAIN][PPO] ep=412/500 r=  591.79 avg10=  595.01 steps=1428 succ10=1.00 touch10=1.00 col10=0.00 to10=0.00 min_d= 0.30 avg_spd=2.07m/s end=goal t= 7298.3s
[TRAIN][PPO] ep=413/500 r=  605.40 avg10=  597.22 steps=1470 succ10=1.00 touch10=1.00 col10=0.00 to10=0.00 min_d= 0.30 avg_spd=2.09m/s end=goal t= 7315.9s
[TRAIN][PPO] ep=414/500 r=  606.10 avg10=  597.17 steps=1476 succ10=1.00 touch10=1.00 col10=0.00 to10=0.00 min_d= 0.30 avg_spd=2.07m/s end=goal t= 7334.3s
[TRAIN][PPO] ep=415/500 r=  594.22 avg10=  597.65 steps=1447 succ10=1.00 touch10=1.00 col10=0.00 to10=0.00 min_d= 0.30 avg_spd=2.08m/s end=goal t= 7352.2s
[TRAIN][PPO] ep=416/500 r=  595.23 avg10=  598.04 steps=1436 succ10=1.00 touch10=1.00 col10=0.00 to10=0.00 min_d= 0.30 avg_spd=2.10m/s end=goal t= 7370.4s
[TRAIN][PPO] ep=417/500 r=  295.54 avg10=  567.77 steps=1036 succ10=0.90 touch10=0.90 col10=0.10 to10=0.00 min_d= 1.29 avg_spd=2.09m/s end=collision t= 7382.5s
[TRAIN][PPO] ep=418/500 r=  604.45 avg10=  568.18 steps=1474 succ10=0.90 touch10=0.90 col10=0.10 to10=0.00 min_d= 0.30 avg_spd=2.07m/s end=goal t= 7401.0s
[TRAIN][PPO] ep=419/500 r=  603.03 avg10=  568.95 steps=1472 succ10=0.90 touch10=0.90 col10=0.10 to10=0.00 min_d= 0.30 avg_spd=2.07m/s end=goal t= 7419.5s
[TRAIN][PPO] ep=420/500 r=  604.94 avg10=  569.10 steps=1483 succ10=0.90 touch10=0.90 col10=0.10 to10=0.00 min_d= 0.30 avg_spd=2.08m/s end=goal t= 7439.2s
[TRAIN][PPO] ep=421/500 r=  595.26 avg10=  569.60 steps=1439 succ10=0.90 touch10=0.90 col10=0.10 to10=0.00 min_d= 0.30 avg_spd=2.09m/s end=goal t= 7457.5s
[TRAIN][PPO] ep=422/500 r=  595.17 avg10=  569.93 steps=1450 succ10=0.90 touch10=0.90 col10=0.10 to10=0.00 min_d= 0.30 avg_spd=2.07m/s end=goal t= 7474.9s
[TRAIN][PPO] ep=423/500 r=  587.19 avg10=  568.11 steps=1433 succ10=0.90 touch10=0.90 col10=0.10 to10=0.00 min_d= 0.30 avg_spd=2.09m/s end=goal t= 7492.3s
[TRAIN][PPO] ep=424/500 r=  603.89 avg10=  567.89 steps=1472 succ10=0.90 touch10=0.90 col10=0.10 to10=0.00 min_d= 0.30 avg_spd=2.08m/s end=goal t= 7511.9s
[TRAIN][PPO] ep=425/500 r=  597.22 avg10=  568.19 steps=1420 succ10=0.90 touch10=0.90 col10=0.10 to10=0.00 min_d= 0.30 avg_spd=2.10m/s end=goal t= 7529.9s
[TRAIN][PPO] ep=426/500 r=  606.70 avg10=  569.34 steps=1457 succ10=0.90 touch10=0.90 col10=0.10 to10=0.00 min_d= 0.30 avg_spd=2.09m/s end=goal t= 7548.2s
[TRAIN][PPO] ep=427/500 r=  598.32 avg10=  599.62 steps=1468 succ10=1.00 touch10=1.00 col10=0.00 to10=0.00 min_d= 0.30 avg_spd=2.06m/s end=goal t= 7566.4s
[TRAIN][PPO] ep=428/500 r=  586.16 avg10=  597.79 steps=1408 succ10=1.00 touch10=1.00 col10=0.00 to10=0.00 min_d= 0.30 avg_spd=2.12m/s end=goal t= 7586.2s
[TRAIN][PPO] ep=429/500 r=  603.95 avg10=  597.88 steps=1475 succ10=1.00 touch10=1.00 col10=0.00 to10=0.00 min_d= 0.30 avg_spd=2.08m/s end=goal t= 7604.0s
[TRAIN][PPO] ep=430/500 r=  588.63 avg10=  596.25 steps=1408 succ10=1.00 touch10=1.00 col10=0.00 to10=0.00 min_d= 0.30 avg_spd=2.08m/s end=goal t= 7620.9s
[TRAIN][PPO] ep=431/500 r=  589.83 avg10=  595.71 steps=1441 succ10=1.00 touch10=1.00 col10=0.00 to10=0.00 min_d= 0.30 avg_spd=2.08m/s end=goal t= 7638.4s
[TRAIN][PPO] ep=432/500 r=  599.66 avg10=  596.15 steps=1438 succ10=1.00 touch10=1.00 col10=0.00 to10=0.00 min_d= 0.30 avg_spd=2.08m/s end=goal t= 7656.9s
[TRAIN][PPO] ep=433/500 r=  608.05 avg10=  598.24 steps=1478 succ10=1.00 touch10=1.00 col10=0.00 to10=0.00 min_d= 0.30 avg_spd=2.08m/s end=goal t= 7675.2s
[TRAIN][PPO] ep=434/500 r=  591.55 avg10=  597.01 steps=1438 succ10=1.00 touch10=1.00 col10=0.00 to10=0.00 min_d= 0.30 avg_spd=2.10m/s end=goal t= 7693.1s
[TRAIN][PPO] ep=435/500 r=  598.61 avg10=  597.15 steps=1463 succ10=1.00 touch10=1.00 col10=0.00 to10=0.00 min_d= 0.30 avg_spd=2.08m/s end=goal t= 7710.3s
[TRAIN][PPO] ep=436/500 r=  600.89 avg10=  596.57 steps=1458 succ10=1.00 touch10=1.00 col10=0.00 to10=0.00 min_d= 0.30 avg_spd=2.08m/s end=goal t= 7729.1s
[TRAIN][PPO] ep=437/500 r=  600.77 avg10=  596.81 steps=1456 succ10=1.00 touch10=1.00 col10=0.00 to10=0.00 min_d= 0.30 avg_spd=2.10m/s end=goal t= 7746.9s
[TRAIN][PPO] ep=438/500 r=  601.93 avg10=  598.39 steps=1478 succ10=1.00 touch10=1.00 col10=0.00 to10=0.00 min_d= 0.30 avg_spd=2.09m/s end=goal t= 7764.7s
[TRAIN][PPO] ep=439/500 r=  591.46 avg10=  597.14 steps=1432 succ10=1.00 touch10=1.00 col10=0.00 to10=0.00 min_d= 0.30 avg_spd=2.10m/s end=goal t= 7782.6s
[TRAIN][PPO] ep=440/500 r=  590.95 avg10=  597.37 steps=1455 succ10=1.00 touch10=1.00 col10=0.00 to10=0.00 min_d= 0.30 avg_spd=2.09m/s end=goal t= 7801.9s
[TRAIN][PPO] ep=441/500 r=  602.86 avg10=  598.67 steps=1465 succ10=1.00 touch10=1.00 col10=0.00 to10=0.00 min_d= 0.30 avg_spd=2.09m/s end=goal t= 7819.9s
[TRAIN][PPO] ep=442/500 r=  586.43 avg10=  597.35 steps=1396 succ10=1.00 touch10=1.00 col10=0.00 to10=0.00 min_d= 0.30 avg_spd=2.10m/s end=goal t= 7836.9s
[TRAIN][PPO] ep=443/500 r=  608.69 avg10=  597.41 steps=1476 succ10=1.00 touch10=1.00 col10=0.00 to10=0.00 min_d= 0.30 avg_spd=2.08m/s end=goal t= 7854.5s
[TRAIN][PPO] ep=444/500 r=  603.42 avg10=  598.60 steps=1465 succ10=1.00 touch10=1.00 col10=0.00 to10=0.00 min_d= 0.30 avg_spd=2.10m/s end=goal t= 7872.3s
[TRAIN][PPO] ep=445/500 r=  598.49 avg10=  598.59 steps=1425 succ10=1.00 touch10=1.00 col10=0.00 to10=0.00 min_d= 0.30 avg_spd=2.10m/s end=goal t= 7888.8s
[TRAIN][PPO] ep=446/500 r=  597.72 avg10=  598.27 steps=1455 succ10=1.00 touch10=1.00 col10=0.00 to10=0.00 min_d= 0.30 avg_spd=2.09m/s end=goal t= 7906.6s
[TRAIN][PPO] ep=447/500 r=  281.75 avg10=  566.37 steps= 987 succ10=0.90 touch10=0.90 col10=0.10 to10=0.00 min_d= 1.41 avg_spd=2.11m/s end=collision t= 7918.9s
[TRAIN][PPO] ep=448/500 r=  592.16 avg10=  565.39 steps=1445 succ10=0.90 touch10=0.90 col10=0.10 to10=0.00 min_d= 0.30 avg_spd=2.09m/s end=goal t= 7939.1s
[TRAIN][PPO] ep=449/500 r=  587.41 avg10=  564.99 steps=1430 succ10=0.90 touch10=0.90 col10=0.10 to10=0.00 min_d= 0.30 avg_spd=2.08m/s end=goal t= 7956.8s
[TRAIN][PPO] ep=450/500 r=  603.13 avg10=  566.21 steps=1472 succ10=0.90 touch10=0.90 col10=0.10 to10=0.00 min_d= 0.30 avg_spd=2.10m/s end=goal t= 7975.2s
[TRAIN][PPO] ep=451/500 r=  609.37 avg10=  566.86 steps=1477 succ10=0.90 touch10=0.90 col10=0.10 to10=0.00 min_d= 0.30 avg_spd=2.08m/s end=goal t= 7993.7s
[TRAIN][PPO] ep=452/500 r=  592.75 avg10=  567.49 steps=1424 succ10=0.90 touch10=0.90 col10=0.10 to10=0.00 min_d= 0.30 avg_spd=2.08m/s end=goal t= 8013.6s
[TRAIN][PPO] ep=453/500 r=  581.93 avg10=  564.81 steps=1452 succ10=0.90 touch10=0.90 col10=0.10 to10=0.00 min_d= 0.30 avg_spd=2.10m/s end=goal t= 8031.5s
[TRAIN][PPO] ep=454/500 r=  607.70 avg10=  565.24 steps=1476 succ10=0.90 touch10=0.90 col10=0.10 to10=0.00 min_d= 0.30 avg_spd=2.08m/s end=goal t= 8049.6s
[TRAIN][PPO] ep=455/500 r=  585.01 avg10=  563.89 steps=1432 succ10=0.90 touch10=0.90 col10=0.10 to10=0.00 min_d= 0.30 avg_spd=2.10m/s end=goal t= 8067.5s
[TRAIN][PPO] ep=456/500 r=  580.89 avg10=  562.21 steps=1423 succ10=0.90 touch10=0.90 col10=0.10 to10=0.00 min_d= 0.30 avg_spd=2.10m/s end=goal t= 8087.9s
[TRAIN][PPO] ep=457/500 r=  601.79 avg10=  594.22 steps=1459 succ10=1.00 touch10=1.00 col10=0.00 to10=0.00 min_d= 0.30 avg_spd=2.10m/s end=goal t= 8106.4s
[TRAIN][PPO] ep=458/500 r=  604.71 avg10=  595.47 steps=1477 succ10=1.00 touch10=1.00 col10=0.00 to10=0.00 min_d= 0.30 avg_spd=2.09m/s end=goal t= 8125.0s
[TRAIN][PPO] ep=459/500 r=  584.89 avg10=  595.22 steps=1418 succ10=1.00 touch10=1.00 col10=0.00 to10=0.00 min_d= 0.30 avg_spd=2.11m/s end=goal t= 8143.2s
[TRAIN][PPO] ep=460/500 r=  602.76 avg10=  595.18 steps=1462 succ10=1.00 touch10=1.00 col10=0.00 to10=0.00 min_d= 0.30 avg_spd=2.08m/s end=goal t= 8163.0s
[TRAIN][PPO] ep=461/500 r=  583.00 avg10=  592.54 steps=1408 succ10=1.00 touch10=1.00 col10=0.00 to10=0.00 min_d= 0.30 avg_spd=2.10m/s end=goal t= 8180.9s
[TRAIN][PPO] ep=462/500 r=  597.42 avg10=  593.01 steps=1450 succ10=1.00 touch10=1.00 col10=0.00 to10=0.00 min_d= 0.30 avg_spd=2.08m/s end=goal t= 8199.6s
[TRAIN][PPO] ep=463/500 r=  590.77 avg10=  593.89 steps=1430 succ10=1.00 touch10=1.00 col10=0.00 to10=0.00 min_d= 0.30 avg_spd=2.08m/s end=goal t= 8217.9s
[TRAIN][PPO] ep=464/500 r=  586.27 avg10=  591.75 steps=1383 succ10=1.00 touch10=1.00 col10=0.00 to10=0.00 min_d= 0.30 avg_spd=2.12m/s end=goal t= 8237.9s
[TRAIN][PPO] ep=465/500 r=  586.64 avg10=  591.91 steps=1425 succ10=1.00 touch10=1.00 col10=0.00 to10=0.00 min_d= 0.30 avg_spd=2.09m/s end=goal t= 8256.3s
[TRAIN][PPO] ep=466/500 r=  590.26 avg10=  592.85 steps=1434 succ10=1.00 touch10=1.00 col10=0.00 to10=0.00 min_d= 0.30 avg_spd=2.07m/s end=goal t= 8274.8s
[TRAIN][PPO] ep=467/500 r=  600.54 avg10=  592.73 steps=1429 succ10=1.00 touch10=1.00 col10=0.00 to10=0.00 min_d= 0.30 avg_spd=2.09m/s end=goal t= 8293.6s
[TRAIN][PPO] ep=468/500 r=   62.90 avg10=  538.55 steps= 360 succ10=0.90 touch10=0.90 col10=0.10 to10=0.00 min_d= 3.07 avg_spd=2.06m/s end=collision t= 8299.5s
[TRAIN][PPO] ep=469/500 r=  595.91 avg10=  539.65 steps=1439 succ10=0.90 touch10=0.90 col10=0.10 to10=0.00 min_d= 0.30 avg_spd=2.10m/s end=goal t= 8317.9s
[TRAIN][PPO] ep=470/500 r=  592.95 avg10=  538.67 steps=1440 succ10=0.90 touch10=0.90 col10=0.10 to10=0.00 min_d= 0.30 avg_spd=2.10m/s end=goal t= 8336.0s
[TRAIN][PPO] ep=471/500 r=  582.67 avg10=  538.63 steps=1445 succ10=0.90 touch10=0.90 col10=0.10 to10=0.00 min_d= 0.30 avg_spd=2.09m/s end=goal t= 8354.4s
[TRAIN][PPO] ep=472/500 r=  583.58 avg10=  537.25 steps=1422 succ10=0.90 touch10=0.90 col10=0.10 to10=0.00 min_d= 0.30 avg_spd=2.09m/s end=goal t= 8374.1s
[TRAIN][PPO] ep=473/500 r=  606.76 avg10=  538.85 steps=1468 succ10=0.90 touch10=0.90 col10=0.10 to10=0.00 min_d= 0.30 avg_spd=2.09m/s end=goal t= 8393.7s
[TRAIN][PPO] ep=474/500 r=  602.98 avg10=  540.52 steps=1448 succ10=0.90 touch10=0.90 col10=0.10 to10=0.00 min_d= 0.30 avg_spd=2.10m/s end=goal t= 8412.5s
[TRAIN][PPO] ep=475/500 r=  593.25 avg10=  541.18 steps=1439 succ10=0.90 touch10=0.90 col10=0.10 to10=0.00 min_d= 0.30 avg_spd=2.07m/s end=goal t= 8431.0s
[TRAIN][PPO] ep=476/500 r=  595.31 avg10=  541.68 steps=1453 succ10=0.90 touch10=0.90 col10=0.10 to10=0.00 min_d= 0.30 avg_spd=2.09m/s end=goal t= 8450.6s
[TRAIN][PPO] ep=477/500 r=  584.75 avg10=  540.10 steps=1438 succ10=0.90 touch10=0.90 col10=0.10 to10=0.00 min_d= 0.30 avg_spd=2.10m/s end=goal t= 8469.3s
[TRAIN][PPO] ep=478/500 r=  590.60 avg10=  592.87 steps=1431 succ10=1.00 touch10=1.00 col10=0.00 to10=0.00 min_d= 0.30 avg_spd=2.08m/s end=goal t= 8487.3s
[TRAIN][PPO] ep=479/500 r=  606.68 avg10=  593.95 steps=1477 succ10=1.00 touch10=1.00 col10=0.00 to10=0.00 min_d= 0.30 avg_spd=2.07m/s end=goal t= 8506.4s
[TRAIN][PPO] ep=480/500 r=  600.74 avg10=  594.73 steps=1459 succ10=1.00 touch10=1.00 col10=0.00 to10=0.00 min_d= 0.30 avg_spd=2.09m/s end=goal t= 8526.2s
[TRAIN][PPO] ep=481/500 r=  587.87 avg10=  595.25 steps=1444 succ10=1.00 touch10=1.00 col10=0.00 to10=0.00 min_d= 0.30 avg_spd=2.07m/s end=goal t= 8545.1s
[TRAIN][PPO] ep=482/500 r=  595.11 avg10=  596.40 steps=1435 succ10=1.00 touch10=1.00 col10=0.00 to10=0.00 min_d= 0.30 avg_spd=2.09m/s end=goal t= 8563.5s
[TRAIN][PPO] ep=483/500 r=  607.56 avg10=  596.48 steps=1483 succ10=1.00 touch10=1.00 col10=0.00 to10=0.00 min_d= 0.30 avg_spd=2.07m/s end=goal t= 8582.7s
[TRAIN][PPO] ep=484/500 r=  599.28 avg10=  596.11 steps=1448 succ10=1.00 touch10=1.00 col10=0.00 to10=0.00 min_d= 0.30 avg_spd=2.11m/s end=goal t= 8601.9s
[TRAIN][PPO] ep=485/500 r=  594.98 avg10=  596.29 steps=1424 succ10=1.00 touch10=1.00 col10=0.00 to10=0.00 min_d= 0.30 avg_spd=2.09m/s end=goal t= 8619.7s
[TRAIN][PPO] ep=486/500 r=  595.12 avg10=  596.27 steps=1436 succ10=1.00 touch10=1.00 col10=0.00 to10=0.00 min_d= 0.30 avg_spd=2.09m/s end=goal t= 8637.7s
[TRAIN][PPO] ep=487/500 r=  292.54 avg10=  567.05 steps=1046 succ10=0.90 touch10=0.90 col10=0.10 to10=0.00 min_d= 1.29 avg_spd=2.09m/s end=collision t= 8651.1s
[TRAIN][PPO] ep=488/500 r=  603.34 avg10=  568.32 steps=1472 succ10=0.90 touch10=0.90 col10=0.10 to10=0.00 min_d= 0.30 avg_spd=2.08m/s end=goal t= 8671.3s
[TRAIN][PPO] ep=489/500 r=  606.97 avg10=  568.35 steps=1489 succ10=0.90 touch10=0.90 col10=0.10 to10=0.00 min_d= 0.30 avg_spd=2.08m/s end=goal t= 8690.8s
[TRAIN][PPO] ep=490/500 r=  602.49 avg10=  568.53 steps=1458 succ10=0.90 touch10=0.90 col10=0.10 to10=0.00 min_d= 0.30 avg_spd=2.09m/s end=goal t= 8709.1s
[TRAIN][PPO] ep=491/500 r=  601.41 avg10=  569.88 steps=1455 succ10=0.90 touch10=0.90 col10=0.10 to10=0.00 min_d= 0.30 avg_spd=2.09m/s end=goal t= 8727.2s
[TRAIN][PPO] ep=492/500 r=  592.34 avg10=  569.60 steps=1415 succ10=0.90 touch10=0.90 col10=0.10 to10=0.00 min_d= 0.30 avg_spd=2.09m/s end=goal t= 8746.5s
[TRAIN][PPO] ep=493/500 r=  598.27 avg10=  568.68 steps=1426 succ10=0.90 touch10=0.90 col10=0.10 to10=0.00 min_d= 0.30 avg_spd=2.10m/s end=goal t= 8764.3s
[TRAIN][PPO] ep=494/500 r=  584.53 avg10=  567.20 steps=1434 succ10=0.90 touch10=0.90 col10=0.10 to10=0.00 min_d= 0.30 avg_spd=2.08m/s end=goal t= 8781.5s
[TRAIN][PPO] ep=495/500 r=  606.03 avg10=  568.30 steps=1506 succ10=0.90 touch10=0.90 col10=0.10 to10=0.00 min_d= 0.30 avg_spd=2.07m/s end=goal t= 8799.9s
[TRAIN][PPO] ep=496/500 r=  601.55 avg10=  568.95 steps=1430 succ10=0.90 touch10=0.90 col10=0.10 to10=0.00 min_d= 0.30 avg_spd=2.09m/s end=goal t= 8819.2s
[TRAIN][PPO] ep=497/500 r=  601.81 avg10=  599.87 steps=1442 succ10=1.00 touch10=1.00 col10=0.00 to10=0.00 min_d= 0.30 avg_spd=2.09m/s end=goal t= 8837.0s
[TRAIN][PPO] ep=498/500 r=  584.61 avg10=  598.00 steps=1445 succ10=1.00 touch10=1.00 col10=0.00 to10=0.00 min_d= 0.30 avg_spd=2.08m/s end=goal t= 8854.5s
[TRAIN][PPO] ep=499/500 r=  595.98 avg10=  596.90 steps=1454 succ10=1.00 touch10=1.00 col10=0.00 to10=0.00 min_d= 0.30 avg_spd=2.07m/s end=goal t= 8871.3s
INFO: PPO: Terminating.
[RUN] completed stage checkpoint=/uio/hume/student-u79/esbrovol/fys5429/DRL-Obstacle-Avoidance/controllers/PPO/checkpoints/20260525_141956_none_seed01_stage04_train_4_five_obs/final_20260525_141956_none_seed01_stage04_train_4_five_obs.pth
[RUN] arch=none seed=1 stage=5/10 world=/uio/hume/student-u79/esbrovol/fys5429/DRL-Obstacle-Avoidance/worlds/training/train_5_goal_shift_pos.wbt
[RUN] resuming from /uio/hume/student-u79/esbrovol/fys5429/DRL-Obstacle-Avoidance/controllers/PPO/checkpoints/20260525_141956_none_seed01_stage04_train_4_five_obs/final_20260525_141956_none_seed01_stage04_train_4_five_obs.pth
INFO: PPO: Starting controller: python3 -u PPO.py
[PPO] Using architecture: NONE
[PPO] Loaded architecture: NONE
[TRAIN][PPO] arch=NONE weights_dir=/uio/hume/student-u79/esbrovol/fys5429/DRL-Obstacle-Avoidance/controllers/PPO/checkpoints/20260525_141956_none_seed01_stage05_train_5_goal_shift_pos final=/uio/hume/student-u79/esbrovol/fys5429/DRL-Obstacle-Avoidance/controllers/PPO/checkpoints/20260525_141956_none_seed01_stage05_train_5_goal_shift_pos/final_20260525_141956_none_seed01_stage05_train_5_goal_shift_pos.pth
[TRAIN][PPO] episodes=500 update_every=4 obs=31 act=2 cell=NONE seq=32 burn_in=0
[TRAIN][PPO] ep=001/500 r=  598.57 avg10=  598.57 steps=1426 succ10=1.00 touch10=1.00 col10=0.00 to10=0.00 min_d= 0.30 avg_spd=2.11m/s end=goal t=   16.1s ckpt=best_goal
[TRAIN][PPO] ep=002/500 r=  600.18 avg10=  599.38 steps=1429 succ10=1.00 touch10=1.00 col10=0.00 to10=0.00 min_d= 0.30 avg_spd=2.11m/s end=goal t=   33.3s ckpt=best_goal
[TRAIN][PPO] ep=003/500 r=  344.66 avg10=  514.47 steps=1223 succ10=0.67 touch10=0.67 col10=0.33 to10=0.00 min_d= 0.93 avg_spd=2.11m/s end=collision t=   47.8s
[TRAIN][PPO] ep=004/500 r=  345.31 avg10=  472.18 steps=1246 succ10=0.50 touch10=0.50 col10=0.50 to10=0.00 min_d= 0.96 avg_spd=2.10m/s end=collision t=   65.1s
[TRAIN][PPO] ep=005/500 r=  593.90 avg10=  496.52 steps=1407 succ10=0.60 touch10=0.60 col10=0.40 to10=0.00 min_d= 0.30 avg_spd=2.10m/s end=goal t=   81.7s
[TRAIN][PPO] ep=006/500 r=  355.54 avg10=  473.03 steps=1254 succ10=0.50 touch10=0.50 col10=0.50 to10=0.00 min_d= 0.93 avg_spd=2.10m/s end=collision t=   96.1s
[TRAIN][PPO] ep=007/500 r=  585.74 avg10=  489.13 steps=1385 succ10=0.57 touch10=0.57 col10=0.43 to10=0.00 min_d= 0.30 avg_spd=2.11m/s end=goal t=  112.7s
[TRAIN][PPO] ep=008/500 r=  587.90 avg10=  501.48 steps=1408 succ10=0.62 touch10=0.62 col10=0.38 to10=0.00 min_d= 0.30 avg_spd=2.09m/s end=goal t=  130.4s
[TRAIN][PPO] ep=009/500 r=  606.69 avg10=  513.17 steps=1461 succ10=0.67 touch10=0.67 col10=0.33 to10=0.00 min_d= 0.30 avg_spd=2.09m/s end=goal t=  147.8s ckpt=best_goal
[TRAIN][PPO] ep=010/500 r=  352.63 avg10=  497.11 steps=1199 succ10=0.60 touch10=0.60 col10=0.40 to10=0.00 min_d= 1.03 avg_spd=2.07m/s end=collision t=  162.0s
[TRAIN][PPO] ep=011/500 r=  593.52 avg10=  496.61 steps=1417 succ10=0.60 touch10=0.60 col10=0.40 to10=0.00 min_d= 0.30 avg_spd=2.11m/s end=goal t=  179.2s
[TRAIN][PPO] ep=012/500 r=  338.32 avg10=  470.42 steps=1219 succ10=0.50 touch10=0.50 col10=0.50 to10=0.00 min_d= 0.94 avg_spd=2.10m/s end=collision t=  195.2s
[TRAIN][PPO] ep=013/500 r=  337.58 avg10=  469.71 steps=1238 succ10=0.50 touch10=0.50 col10=0.50 to10=0.00 min_d= 0.96 avg_spd=2.09m/s end=collision t=  210.0s
[TRAIN][PPO] ep=014/500 r=  351.05 avg10=  470.29 steps=1249 succ10=0.50 touch10=0.50 col10=0.50 to10=0.00 min_d= 0.93 avg_spd=2.10m/s end=collision t=  225.2s
[TRAIN][PPO] ep=015/500 r=  348.42 avg10=  445.74 steps=1240 succ10=0.40 touch10=0.40 col10=0.60 to10=0.00 min_d= 0.93 avg_spd=2.10m/s end=collision t=  240.1s
[TRAIN][PPO] ep=016/500 r=  359.17 avg10=  446.10 steps=1271 succ10=0.40 touch10=0.40 col10=0.60 to10=0.00 min_d= 0.92 avg_spd=2.06m/s end=collision t=  255.7s
[TRAIN][PPO] ep=017/500 r=  590.22 avg10=  446.55 steps=1390 succ10=0.40 touch10=0.40 col10=0.60 to10=0.00 min_d= 0.30 avg_spd=2.11m/s end=goal t=  272.1s
[TRAIN][PPO] ep=018/500 r=  596.74 avg10=  447.44 steps=1408 succ10=0.40 touch10=0.40 col10=0.60 to10=0.00 min_d= 0.30 avg_spd=2.10m/s end=goal t=  288.7s
[TRAIN][PPO] ep=019/500 r=  596.50 avg10=  446.42 steps=1497 succ10=0.40 touch10=0.40 col10=0.60 to10=0.00 min_d= 0.30 avg_spd=2.10m/s end=goal t=  306.5s
[TRAIN][PPO] ep=020/500 r=  354.37 avg10=  446.59 steps=1256 succ10=0.40 touch10=0.40 col10=0.60 to10=0.00 min_d= 0.93 avg_spd=2.11m/s end=collision t=  322.8s
[TRAIN][PPO] ep=021/500 r=  600.65 avg10=  447.30 steps=1414 succ10=0.40 touch10=0.40 col10=0.60 to10=0.00 min_d= 0.30 avg_spd=2.10m/s end=goal t=  339.9s
[TRAIN][PPO] ep=022/500 r=  333.53 avg10=  446.82 steps=1143 succ10=0.40 touch10=0.40 col10=0.60 to10=0.00 min_d= 1.06 avg_spd=2.08m/s end=collision t=  353.7s
[TRAIN][PPO] ep=023/500 r=  593.97 avg10=  472.46 steps=1421 succ10=0.50 touch10=0.50 col10=0.50 to10=0.00 min_d= 0.30 avg_spd=2.10m/s end=goal t=  370.8s
[TRAIN][PPO] ep=024/500 r=  602.67 avg10=  497.63 steps=1440 succ10=0.60 touch10=0.60 col10=0.40 to10=0.00 min_d= 0.30 avg_spd=2.10m/s end=goal t=  389.6s
[TRAIN][PPO] ep=025/500 r=  351.23 avg10=  497.91 steps=1254 succ10=0.60 touch10=0.60 col10=0.40 to10=0.00 min_d= 0.95 avg_spd=2.09m/s end=collision t=  404.9s
[TRAIN][PPO] ep=026/500 r=  592.31 avg10=  521.22 steps=1427 succ10=0.70 touch10=0.70 col10=0.30 to10=0.00 min_d= 0.30 avg_spd=2.09m/s end=goal t=  422.5s
[TRAIN][PPO] ep=027/500 r=  592.64 avg10=  521.46 steps=1410 succ10=0.70 touch10=0.70 col10=0.30 to10=0.00 min_d= 0.30 avg_spd=2.10m/s end=goal t=  440.0s
[TRAIN][PPO] ep=028/500 r=  605.86 avg10=  522.37 steps=1448 succ10=0.70 touch10=0.70 col10=0.30 to10=0.00 min_d= 0.30 avg_spd=2.08m/s end=goal t=  459.0s
[TRAIN][PPO] ep=029/500 r=  586.28 avg10=  521.35 steps=1392 succ10=0.70 touch10=0.70 col10=0.30 to10=0.00 min_d= 0.30 avg_spd=2.10m/s end=goal t=  475.7s
[TRAIN][PPO] ep=030/500 r=  606.30 avg10=  546.54 steps=1457 succ10=0.80 touch10=0.80 col10=0.20 to10=0.00 min_d= 0.30 avg_spd=2.09m/s end=goal t=  493.5s
[TRAIN][PPO] ep=031/500 r=  595.07 avg10=  545.99 steps=1414 succ10=0.80 touch10=0.80 col10=0.20 to10=0.00 min_d= 0.30 avg_spd=2.10m/s end=goal t=  510.9s
[TRAIN][PPO] ep=032/500 r=  592.40 avg10=  571.87 steps=1422 succ10=0.90 touch10=0.90 col10=0.10 to10=0.00 min_d= 0.30 avg_spd=2.07m/s end=goal t=  529.9s
[TRAIN][PPO] ep=033/500 r=  592.87 avg10=  571.76 steps=1478 succ10=0.90 touch10=0.90 col10=0.10 to10=0.00 min_d= 0.30 avg_spd=2.08m/s end=goal t=  547.6s
[TRAIN][PPO] ep=034/500 r=  344.84 avg10=  545.98 steps=1171 succ10=0.80 touch10=0.80 col10=0.20 to10=0.00 min_d= 0.94 avg_spd=2.10m/s end=collision t=  561.7s
[TRAIN][PPO] ep=035/500 r=  330.20 avg10=  543.88 steps=1147 succ10=0.80 touch10=0.80 col10=0.20 to10=0.00 min_d= 1.09 avg_spd=2.08m/s end=collision t=  575.8s
[TRAIN][PPO] ep=036/500 r=  579.96 avg10=  542.64 steps=1461 succ10=0.80 touch10=0.80 col10=0.20 to10=0.00 min_d= 0.30 avg_spd=2.11m/s end=goal t=  594.7s
[TRAIN][PPO] ep=037/500 r=  602.68 avg10=  543.64 steps=1453 succ10=0.80 touch10=0.80 col10=0.20 to10=0.00 min_d= 0.30 avg_spd=2.10m/s end=goal t=  612.3s
[TRAIN][PPO] ep=038/500 r=  357.89 avg10=  518.85 steps=1279 succ10=0.70 touch10=0.70 col10=0.30 to10=0.00 min_d= 0.93 avg_spd=2.09m/s end=collision t=  627.9s
[TRAIN][PPO] ep=039/500 r=  585.66 avg10=  518.79 steps=1393 succ10=0.70 touch10=0.70 col10=0.30 to10=0.00 min_d= 0.30 avg_spd=2.10m/s end=goal t=  645.2s
[TRAIN][PPO] ep=040/500 r=  605.41 avg10=  518.70 steps=1454 succ10=0.70 touch10=0.70 col10=0.30 to10=0.00 min_d= 0.30 avg_spd=2.10m/s end=goal t=  664.1s
[TRAIN][PPO] ep=041/500 r=  345.94 avg10=  493.78 steps=1266 succ10=0.60 touch10=0.60 col10=0.40 to10=0.00 min_d= 0.98 avg_spd=2.08m/s end=collision t=  679.6s
[TRAIN][PPO] ep=042/500 r=  596.67 avg10=  494.21 steps=1434 succ10=0.60 touch10=0.60 col10=0.40 to10=0.00 min_d= 0.30 avg_spd=2.09m/s end=goal t=  697.3s
[TRAIN][PPO] ep=043/500 r=  603.30 avg10=  495.25 steps=1478 succ10=0.60 touch10=0.60 col10=0.40 to10=0.00 min_d= 0.30 avg_spd=2.07m/s end=goal t=  715.1s
[TRAIN][PPO] ep=044/500 r=  332.80 avg10=  494.05 steps=1150 succ10=0.60 touch10=0.60 col10=0.40 to10=0.00 min_d= 1.07 avg_spd=2.09m/s end=collision t=  730.3s
[TRAIN][PPO] ep=045/500 r=  605.28 avg10=  521.56 steps=1457 succ10=0.70 touch10=0.70 col10=0.30 to10=0.00 min_d= 0.30 avg_spd=2.08m/s end=goal t=  748.0s
[TRAIN][PPO] ep=046/500 r=  332.78 avg10=  496.84 steps=1134 succ10=0.60 touch10=0.60 col10=0.40 to10=0.00 min_d= 1.03 avg_spd=2.09m/s end=collision t=  761.8s
[TRAIN][PPO] ep=047/500 r=  602.86 avg10=  496.86 steps=1433 succ10=0.60 touch10=0.60 col10=0.40 to10=0.00 min_d= 0.30 avg_spd=2.10m/s end=goal t=  779.1s
[TRAIN][PPO] ep=048/500 r=  607.99 avg10=  521.87 steps=1456 succ10=0.70 touch10=0.70 col10=0.30 to10=0.00 min_d= 0.30 avg_spd=2.09m/s end=goal t=  798.8s ckpt=best_goal
[TRAIN][PPO] ep=049/500 r=  594.58 avg10=  522.76 steps=1443 succ10=0.70 touch10=0.70 col10=0.30 to10=0.00 min_d= 0.30 avg_spd=2.07m/s end=goal t=  816.4s
[TRAIN][PPO] ep=050/500 r=  606.95 avg10=  522.91 steps=1458 succ10=0.70 touch10=0.70 col10=0.30 to10=0.00 min_d= 0.30 avg_spd=2.09m/s end=goal t=  834.0s
[TRAIN][PPO] ep=051/500 r=  352.01 avg10=  523.52 steps=1253 succ10=0.70 touch10=0.70 col10=0.30 to10=0.00 min_d= 0.95 avg_spd=2.09m/s end=collision t=  849.0s
[TRAIN][PPO] ep=052/500 r=  603.22 avg10=  524.18 steps=1470 succ10=0.70 touch10=0.70 col10=0.30 to10=0.00 min_d= 0.30 avg_spd=2.09m/s end=goal t=  867.8s
[TRAIN][PPO] ep=053/500 r=  589.65 avg10=  522.81 steps=1396 succ10=0.70 touch10=0.70 col10=0.30 to10=0.00 min_d= 0.30 avg_spd=2.10m/s end=goal t=  884.7s
[TRAIN][PPO] ep=054/500 r=  593.91 avg10=  548.92 steps=1420 succ10=0.80 touch10=0.80 col10=0.20 to10=0.00 min_d= 0.30 avg_spd=2.10m/s end=goal t=  901.5s
[TRAIN][PPO] ep=055/500 r=  285.56 avg10=  516.95 steps=1005 succ10=0.70 touch10=0.70 col10=0.30 to10=0.00 min_d= 1.48 avg_spd=2.11m/s end=collision t=  912.7s
[TRAIN][PPO] ep=056/500 r=  594.99 avg10=  543.17 steps=1426 succ10=0.80 touch10=0.80 col10=0.20 to10=0.00 min_d= 0.30 avg_spd=2.09m/s end=goal t=  931.2s
[TRAIN][PPO] ep=057/500 r=   56.37 avg10=  488.52 steps= 335 succ10=0.70 touch10=0.70 col10=0.30 to10=0.00 min_d= 3.05 avg_spd=2.10m/s end=collision t=  935.1s
[TRAIN][PPO] ep=058/500 r=  328.88 avg10=  460.61 steps=1131 succ10=0.60 touch10=0.60 col10=0.40 to10=0.00 min_d= 1.09 avg_spd=2.10m/s end=collision t=  948.5s
[TRAIN][PPO] ep=059/500 r=  601.81 avg10=  461.34 steps=1449 succ10=0.60 touch10=0.60 col10=0.40 to10=0.00 min_d= 0.30 avg_spd=2.10m/s end=goal t=  965.8s
[TRAIN][PPO] ep=060/500 r=  329.40 avg10=  433.58 steps=1242 succ10=0.50 touch10=0.50 col10=0.50 to10=0.00 min_d= 0.99 avg_spd=2.10m/s end=collision t=  981.6s
[TRAIN][PPO] ep=061/500 r=  606.72 avg10=  459.05 steps=1466 succ10=0.60 touch10=0.60 col10=0.40 to10=0.00 min_d= 0.30 avg_spd=2.09m/s end=goal t=  999.4s
[TRAIN][PPO] ep=062/500 r=   18.66 avg10=  400.59 steps=1836 succ10=0.50 touch10=0.50 col10=0.50 to10=0.00 min_d= 1.28 avg_spd=2.09m/s end=collision t= 1021.5s
[TRAIN][PPO] ep=063/500 r=  591.64 avg10=  400.79 steps=1418 succ10=0.50 touch10=0.50 col10=0.50 to10=0.00 min_d= 0.30 avg_spd=2.08m/s end=goal t= 1038.2s
[TRAIN][PPO] ep=064/500 r=  331.48 avg10=  374.55 steps=1143 succ10=0.40 touch10=0.40 col10=0.60 to10=0.00 min_d= 1.06 avg_spd=2.09m/s end=collision t= 1053.1s
[TRAIN][PPO] ep=065/500 r=  591.61 avg10=  405.16 steps=1399 succ10=0.50 touch10=0.50 col10=0.50 to10=0.00 min_d= 0.30 avg_spd=2.09m/s end=goal t= 1070.1s
[TRAIN][PPO] ep=066/500 r=  592.84 avg10=  404.94 steps=1445 succ10=0.50 touch10=0.50 col10=0.50 to10=0.00 min_d= 0.30 avg_spd=2.09m/s end=goal t= 1087.6s
[TRAIN][PPO] ep=067/500 r=  334.35 avg10=  432.74 steps=1243 succ10=0.50 touch10=0.50 col10=0.50 to10=0.00 min_d= 0.98 avg_spd=2.09m/s end=collision t= 1102.5s
[TRAIN][PPO] ep=068/500 r=  601.32 avg10=  459.98 steps=1517 succ10=0.60 touch10=0.60 col10=0.40 to10=0.00 min_d= 0.30 avg_spd=2.06m/s end=goal t= 1123.5s
[TRAIN][PPO] ep=069/500 r=  332.28 avg10=  433.03 steps=1139 succ10=0.50 touch10=0.50 col10=0.50 to10=0.00 min_d= 1.09 avg_spd=2.08m/s end=collision t= 1137.3s
[TRAIN][PPO] ep=070/500 r=  353.10 avg10=  435.40 steps=1259 succ10=0.50 touch10=0.50 col10=0.50 to10=0.00 min_d= 0.91 avg_spd=2.10m/s end=collision t= 1151.9s
[TRAIN][PPO] ep=071/500 r=  606.76 avg10=  435.40 steps=1448 succ10=0.50 touch10=0.50 col10=0.50 to10=0.00 min_d= 0.30 avg_spd=2.09m/s end=goal t= 1169.0s
[TRAIN][PPO] ep=072/500 r=  341.89 avg10=  467.73 steps=1162 succ10=0.50 touch10=0.50 col10=0.50 to10=0.00 min_d= 1.08 avg_spd=2.10m/s end=collision t= 1184.3s
[TRAIN][PPO] ep=073/500 r=  604.26 avg10=  468.99 steps=1439 succ10=0.50 touch10=0.50 col10=0.50 to10=0.00 min_d= 0.30 avg_spd=2.11m/s end=goal t= 1201.3s
[TRAIN][PPO] ep=074/500 r=  602.14 avg10=  496.05 steps=1443 succ10=0.60 touch10=0.60 col10=0.40 to10=0.00 min_d= 0.30 avg_spd=2.10m/s end=goal t= 1218.8s
[TRAIN][PPO] ep=075/500 r=  324.62 avg10=  469.36 steps=1121 succ10=0.50 touch10=0.50 col10=0.50 to10=0.00 min_d= 1.08 avg_spd=2.09m/s end=collision t= 1232.5s
[TRAIN][PPO] ep=076/500 r=  319.99 avg10=  442.07 steps=1236 succ10=0.40 touch10=0.40 col10=0.60 to10=0.00 min_d= 1.04 avg_spd=2.08m/s end=collision t= 1249.9s
[TRAIN][PPO] ep=077/500 r=  599.29 avg10=  468.57 steps=1445 succ10=0.50 touch10=0.50 col10=0.50 to10=0.00 min_d= 0.30 avg_spd=2.08m/s end=goal t= 1267.7s
[TRAIN][PPO] ep=078/500 r=  594.57 avg10=  467.89 steps=1438 succ10=0.50 touch10=0.50 col10=0.50 to10=0.00 min_d= 0.30 avg_spd=2.09m/s end=goal t= 1285.7s
[TRAIN][PPO] ep=079/500 r=  329.81 avg10=  467.64 steps=1269 succ10=0.50 touch10=0.50 col10=0.50 to10=0.00 min_d= 1.01 avg_spd=2.08m/s end=collision t= 1301.4s
[TRAIN][PPO] ep=080/500 r=  336.08 avg10=  465.94 steps=1266 succ10=0.50 touch10=0.50 col10=0.50 to10=0.00 min_d= 1.01 avg_spd=2.09m/s end=collision t= 1319.0s
[TRAIN][PPO] ep=081/500 r=  606.78 avg10=  465.94 steps=1481 succ10=0.50 touch10=0.50 col10=0.50 to10=0.00 min_d= 0.30 avg_spd=2.07m/s end=goal t= 1337.6s
[TRAIN][PPO] ep=082/500 r=  344.88 avg10=  466.24 steps=1295 succ10=0.50 touch10=0.50 col10=0.50 to10=0.00 min_d= 0.99 avg_spd=2.08m/s end=collision t= 1353.6s
[TRAIN][PPO] ep=083/500 r=  321.22 avg10=  437.94 steps=1248 succ10=0.40 touch10=0.40 col10=0.60 to10=0.00 min_d= 1.00 avg_spd=2.09m/s end=collision t= 1369.2s
[TRAIN][PPO] ep=084/500 r=  332.58 avg10=  410.98 steps=1248 succ10=0.30 touch10=0.30 col10=0.70 to10=0.00 min_d= 1.01 avg_spd=2.10m/s end=collision t= 1386.1s
[TRAIN][PPO] ep=085/500 r=  593.28 avg10=  437.85 steps=1442 succ10=0.40 touch10=0.40 col10=0.60 to10=0.00 min_d= 0.30 avg_spd=2.07m/s end=goal t= 1404.4s
[TRAIN][PPO] ep=086/500 r=  603.68 avg10=  466.22 steps=1457 succ10=0.50 touch10=0.50 col10=0.50 to10=0.00 min_d= 0.30 avg_spd=2.09m/s end=goal t= 1422.9s
[TRAIN][PPO] ep=087/500 r=  326.05 avg10=  438.89 steps=1119 succ10=0.40 touch10=0.40 col10=0.60 to10=0.00 min_d= 1.08 avg_spd=2.09m/s end=collision t= 1437.0s
[TRAIN][PPO] ep=088/500 r=  590.77 avg10=  438.51 steps=1412 succ10=0.40 touch10=0.40 col10=0.60 to10=0.00 min_d= 0.30 avg_spd=2.09m/s end=goal t= 1456.1s
[TRAIN][PPO] ep=089/500 r=  601.11 avg10=  465.64 steps=1437 succ10=0.50 touch10=0.50 col10=0.50 to10=0.00 min_d= 0.30 avg_spd=2.08m/s end=goal t= 1473.8s
[TRAIN][PPO] ep=090/500 r=  598.30 avg10=  491.86 steps=1427 succ10=0.60 touch10=0.60 col10=0.40 to10=0.00 min_d= 0.30 avg_spd=2.10m/s end=goal t= 1491.4s
[TRAIN][PPO] ep=091/500 r=  335.18 avg10=  464.70 steps=1252 succ10=0.50 touch10=0.50 col10=0.50 to10=0.00 min_d= 0.98 avg_spd=2.10m/s end=collision t= 1506.8s
[TRAIN][PPO] ep=092/500 r=  601.90 avg10=  490.41 steps=1445 succ10=0.60 touch10=0.60 col10=0.40 to10=0.00 min_d= 0.30 avg_spd=2.10m/s end=goal t= 1525.7s
[TRAIN][PPO] ep=093/500 r=  326.53 avg10=  490.94 steps=1237 succ10=0.60 touch10=0.60 col10=0.40 to10=0.00 min_d= 1.02 avg_spd=2.08m/s end=collision t= 1540.7s
[TRAIN][PPO] ep=094/500 r=  594.09 avg10=  517.09 steps=1416 succ10=0.70 touch10=0.70 col10=0.30 to10=0.00 min_d= 0.30 avg_spd=2.09m/s end=goal t= 1558.0s
[TRAIN][PPO] ep=095/500 r=  321.58 avg10=  489.92 steps=1112 succ10=0.60 touch10=0.60 col10=0.40 to10=0.00 min_d= 1.10 avg_spd=2.10m/s end=collision t= 1571.4s
[TRAIN][PPO] ep=096/500 r=  595.79 avg10=  489.13 steps=1439 succ10=0.60 touch10=0.60 col10=0.40 to10=0.00 min_d= 0.30 avg_spd=2.09m/s end=goal t= 1590.2s
[TRAIN][PPO] ep=097/500 r=  589.92 avg10=  515.52 steps=1403 succ10=0.70 touch10=0.70 col10=0.30 to10=0.00 min_d= 0.30 avg_spd=2.10m/s end=goal t= 1607.5s
[TRAIN][PPO] ep=098/500 r=  602.74 avg10=  516.71 steps=1445 succ10=0.70 touch10=0.70 col10=0.30 to10=0.00 min_d= 0.30 avg_spd=2.09m/s end=goal t= 1625.2s
[TRAIN][PPO] ep=099/500 r=  605.99 avg10=  517.20 steps=1467 succ10=0.70 touch10=0.70 col10=0.30 to10=0.00 min_d= 0.30 avg_spd=2.09m/s end=goal t= 1642.9s
[TRAIN][PPO] ep=100/500 r=  329.57 avg10=  490.33 steps=1228 succ10=0.60 touch10=0.60 col10=0.40 to10=0.00 min_d= 0.99 avg_spd=2.09m/s end=collision t= 1658.9s ckpt=latest
[TRAIN][PPO] ep=101/500 r=  598.63 avg10=  516.67 steps=1423 succ10=0.70 touch10=0.70 col10=0.30 to10=0.00 min_d= 0.30 avg_spd=2.09m/s end=goal t= 1676.2s
[TRAIN][PPO] ep=102/500 r=  602.05 avg10=  516.69 steps=1446 succ10=0.70 touch10=0.70 col10=0.30 to10=0.00 min_d= 0.30 avg_spd=2.09m/s end=goal t= 1693.8s
[TRAIN][PPO] ep=103/500 r=  332.34 avg10=  517.27 steps=1265 succ10=0.70 touch10=0.70 col10=0.30 to10=0.00 min_d= 1.01 avg_spd=2.10m/s end=collision t= 1709.1s
[TRAIN][PPO] ep=104/500 r=  600.84 avg10=  517.94 steps=1435 succ10=0.70 touch10=0.70 col10=0.30 to10=0.00 min_d= 0.30 avg_spd=2.10m/s end=goal t= 1728.6s
[TRAIN][PPO] ep=105/500 r=  599.02 avg10=  545.69 steps=1438 succ10=0.80 touch10=0.80 col10=0.20 to10=0.00 min_d= 0.30 avg_spd=2.09m/s end=goal t= 1746.2s
[TRAIN][PPO] ep=106/500 r=  604.64 avg10=  546.57 steps=1455 succ10=0.80 touch10=0.80 col10=0.20 to10=0.00 min_d= 0.30 avg_spd=2.08m/s end=goal t= 1764.1s
[TRAIN][PPO] ep=107/500 r=  596.18 avg10=  547.20 steps=1435 succ10=0.80 touch10=0.80 col10=0.20 to10=0.00 min_d= 0.30 avg_spd=2.09m/s end=goal t= 1781.6s
[TRAIN][PPO] ep=108/500 r=  597.39 avg10=  546.67 steps=1438 succ10=0.80 touch10=0.80 col10=0.20 to10=0.00 min_d= 0.30 avg_spd=2.09m/s end=goal t= 1801.2s
[TRAIN][PPO] ep=109/500 r=  595.80 avg10=  545.65 steps=1433 succ10=0.80 touch10=0.80 col10=0.20 to10=0.00 min_d= 0.30 avg_spd=2.08m/s end=goal t= 1818.7s
[TRAIN][PPO] ep=110/500 r=  607.10 avg10=  573.40 steps=1470 succ10=0.90 touch10=0.90 col10=0.10 to10=0.00 min_d= 0.30 avg_spd=2.08m/s end=goal t= 1836.7s
[TRAIN][PPO] ep=111/500 r=  594.16 avg10=  572.95 steps=1433 succ10=0.90 touch10=0.90 col10=0.10 to10=0.00 min_d= 0.30 avg_spd=2.09m/s end=goal t= 1854.7s
[TRAIN][PPO] ep=112/500 r=  601.68 avg10=  572.91 steps=1462 succ10=0.90 touch10=0.90 col10=0.10 to10=0.00 min_d= 0.30 avg_spd=2.08m/s end=goal t= 1873.5s
[TRAIN][PPO] ep=113/500 r=  344.76 avg10=  574.16 steps=1176 succ10=0.90 touch10=0.90 col10=0.10 to10=0.00 min_d= 1.02 avg_spd=2.07m/s end=collision t= 1887.6s
[TRAIN][PPO] ep=114/500 r=  590.38 avg10=  573.11 steps=1416 succ10=0.90 touch10=0.90 col10=0.10 to10=0.00 min_d= 0.30 avg_spd=2.09m/s end=goal t= 1904.8s
[TRAIN][PPO] ep=115/500 r=  593.75 avg10=  572.58 steps=1428 succ10=0.90 touch10=0.90 col10=0.10 to10=0.00 min_d= 0.30 avg_spd=2.09m/s end=goal t= 1922.1s
[TRAIN][PPO] ep=116/500 r=  591.14 avg10=  571.23 steps=1406 succ10=0.90 touch10=0.90 col10=0.10 to10=0.00 min_d= 0.30 avg_spd=2.10m/s end=goal t= 1939.9s
[TRAIN][PPO] ep=117/500 r=  591.45 avg10=  570.76 steps=1412 succ10=0.90 touch10=0.90 col10=0.10 to10=0.00 min_d= 0.30 avg_spd=2.10m/s end=goal t= 1956.9s
[TRAIN][PPO] ep=118/500 r=  335.21 avg10=  544.54 steps=1259 succ10=0.80 touch10=0.80 col10=0.20 to10=0.00 min_d= 0.97 avg_spd=2.09m/s end=collision t= 1972.2s
[TRAIN][PPO] ep=119/500 r=  335.06 avg10=  518.47 steps=1163 succ10=0.70 touch10=0.70 col10=0.30 to10=0.00 min_d= 1.09 avg_spd=2.06m/s end=collision t= 1986.2s
[TRAIN][PPO] ep=120/500 r=  344.76 avg10=  492.23 steps=1269 succ10=0.60 touch10=0.60 col10=0.40 to10=0.00 min_d= 0.95 avg_spd=2.09m/s end=collision t= 2002.7s
[TRAIN][PPO] ep=121/500 r=  342.64 avg10=  467.08 steps=1164 succ10=0.50 touch10=0.50 col10=0.50 to10=0.00 min_d= 0.99 avg_spd=2.10m/s end=collision t= 2016.1s
[TRAIN][PPO] ep=122/500 r=  590.34 avg10=  465.95 steps=1418 succ10=0.50 touch10=0.50 col10=0.50 to10=0.00 min_d= 0.30 avg_spd=2.07m/s end=goal t= 2031.6s
[TRAIN][PPO] ep=123/500 r=  606.15 avg10=  492.09 steps=1464 succ10=0.60 touch10=0.60 col10=0.40 to10=0.00 min_d= 0.30 avg_spd=2.08m/s end=goal t= 2047.4s
[TRAIN][PPO] ep=124/500 r=  606.09 avg10=  493.66 steps=1469 succ10=0.60 touch10=0.60 col10=0.40 to10=0.00 min_d= 0.30 avg_spd=2.08m/s end=goal t= 2065.6s
[TRAIN][PPO] ep=125/500 r=  343.26 avg10=  468.61 steps=1166 succ10=0.50 touch10=0.50 col10=0.50 to10=0.00 min_d= 1.04 avg_spd=2.09m/s end=collision t= 2078.7s
[TRAIN][PPO] ep=126/500 r=  595.90 avg10=  469.09 steps=1417 succ10=0.50 touch10=0.50 col10=0.50 to10=0.00 min_d= 0.30 avg_spd=2.09m/s end=goal t= 2094.7s
[TRAIN][PPO] ep=127/500 r=  599.52 avg10=  469.89 steps=1437 succ10=0.50 touch10=0.50 col10=0.50 to10=0.00 min_d= 0.30 avg_spd=2.08m/s end=goal t= 2110.9s
[TRAIN][PPO] ep=128/500 r=  603.98 avg10=  496.77 steps=1459 succ10=0.60 touch10=0.60 col10=0.40 to10=0.00 min_d= 0.30 avg_spd=2.08m/s end=goal t= 2128.8s
[TRAIN][PPO] ep=129/500 r=  360.65 avg10=  499.33 steps=1260 succ10=0.60 touch10=0.60 col10=0.40 to10=0.00 min_d= 0.89 avg_spd=2.08m/s end=collision t= 2142.9s
[TRAIN][PPO] ep=130/500 r=  600.71 avg10=  524.92 steps=1442 succ10=0.70 touch10=0.70 col10=0.30 to10=0.00 min_d= 0.30 avg_spd=2.10m/s end=goal t= 2159.6s
[TRAIN][PPO] ep=131/500 r=  606.64 avg10=  551.32 steps=1474 succ10=0.80 touch10=0.80 col10=0.20 to10=0.00 min_d= 0.30 avg_spd=2.09m/s end=goal t= 2176.6s
[TRAIN][PPO] ep=132/500 r=  598.35 avg10=  552.13 steps=1437 succ10=0.80 touch10=0.80 col10=0.20 to10=0.00 min_d= 0.30 avg_spd=2.10m/s end=goal t= 2194.5s
[TRAIN][PPO] ep=133/500 r=  181.69 avg10=  509.68 steps= 721 succ10=0.70 touch10=0.70 col10=0.30 to10=0.00 min_d= 2.18 avg_spd=2.07m/s end=collision t= 2203.0s
[TRAIN][PPO] ep=134/500 r=  611.03 avg10=  510.17 steps=1473 succ10=0.70 touch10=0.70 col10=0.30 to10=0.00 min_d= 0.30 avg_spd=2.07m/s end=goal t= 2219.8s ckpt=best_goal
[TRAIN][PPO] ep=135/500 r=  585.68 avg10=  534.42 steps=1461 succ10=0.80 touch10=0.80 col10=0.20 to10=0.00 min_d= 0.30 avg_spd=2.08m/s end=goal t= 2236.7s
[TRAIN][PPO] ep=136/500 r=  607.14 avg10=  535.54 steps=1463 succ10=0.80 touch10=0.80 col10=0.20 to10=0.00 min_d= 0.30 avg_spd=2.09m/s end=goal t= 2255.3s
[TRAIN][PPO] ep=137/500 r=  602.39 avg10=  535.83 steps=1462 succ10=0.80 touch10=0.80 col10=0.20 to10=0.00 min_d= 0.30 avg_spd=2.06m/s end=goal t= 2272.3s
[TRAIN][PPO] ep=138/500 r=  327.63 avg10=  508.19 steps=1138 succ10=0.70 touch10=0.70 col10=0.30 to10=0.00 min_d= 1.10 avg_spd=2.07m/s end=collision t= 2285.5s
[TRAIN][PPO] ep=139/500 r=  601.45 avg10=  532.27 steps=1454 succ10=0.80 touch10=0.80 col10=0.20 to10=0.00 min_d= 0.30 avg_spd=2.08m/s end=goal t= 2302.4s
[TRAIN][PPO] ep=140/500 r=  606.30 avg10=  532.83 steps=1466 succ10=0.80 touch10=0.80 col10=0.20 to10=0.00 min_d= 0.30 avg_spd=2.08m/s end=goal t= 2321.2s
[TRAIN][PPO] ep=141/500 r=  605.07 avg10=  532.68 steps=1459 succ10=0.80 touch10=0.80 col10=0.20 to10=0.00 min_d= 0.30 avg_spd=2.09m/s end=goal t= 2338.5s
[TRAIN][PPO] ep=142/500 r=  602.72 avg10=  533.11 steps=1456 succ10=0.80 touch10=0.80 col10=0.20 to10=0.00 min_d= 0.30 avg_spd=2.11m/s end=goal t= 2355.6s
[TRAIN][PPO] ep=143/500 r=  596.35 avg10=  574.58 steps=1430 succ10=0.90 touch10=0.90 col10=0.10 to10=0.00 min_d= 0.30 avg_spd=2.08m/s end=goal t= 2372.2s
[TRAIN][PPO] ep=144/500 r=  593.10 avg10=  572.79 steps=1508 succ10=0.90 touch10=0.90 col10=0.10 to10=0.00 min_d= 0.30 avg_spd=2.08m/s end=goal t= 2391.3s
[TRAIN][PPO] ep=145/500 r=  600.57 avg10=  574.27 steps=1460 succ10=0.90 touch10=0.90 col10=0.10 to10=0.00 min_d= 0.30 avg_spd=2.08m/s end=goal t= 2408.7s
[TRAIN][PPO] ep=146/500 r=  598.60 avg10=  573.42 steps=1435 succ10=0.90 touch10=0.90 col10=0.10 to10=0.00 min_d= 0.30 avg_spd=2.06m/s end=goal t= 2425.7s
[TRAIN][PPO] ep=147/500 r=  604.80 avg10=  573.66 steps=1474 succ10=0.90 touch10=0.90 col10=0.10 to10=0.00 min_d= 0.30 avg_spd=2.09m/s end=goal t= 2443.1s
[TRAIN][PPO] ep=148/500 r=  587.87 avg10=  599.68 steps=1423 succ10=1.00 touch10=1.00 col10=0.00 to10=0.00 min_d= 0.30 avg_spd=2.09m/s end=goal t= 2460.9s
[TRAIN][PPO] ep=149/500 r=  590.62 avg10=  598.60 steps=1404 succ10=1.00 touch10=1.00 col10=0.00 to10=0.00 min_d= 0.30 avg_spd=2.09m/s end=goal t= 2477.0s
[TRAIN][PPO] ep=150/500 r=  605.17 avg10=  598.49 steps=1482 succ10=1.00 touch10=1.00 col10=0.00 to10=0.00 min_d= 0.30 avg_spd=2.07m/s end=goal t= 2494.0s
[TRAIN][PPO] ep=151/500 r=  586.17 avg10=  596.60 steps=1415 succ10=1.00 touch10=1.00 col10=0.00 to10=0.00 min_d= 0.30 avg_spd=2.09m/s end=goal t= 2510.3s
[TRAIN][PPO] ep=152/500 r=  588.12 avg10=  595.14 steps=1405 succ10=1.00 touch10=1.00 col10=0.00 to10=0.00 min_d= 0.30 avg_spd=2.09m/s end=goal t= 2528.6s
[TRAIN][PPO] ep=153/500 r=  600.58 avg10=  595.56 steps=1454 succ10=1.00 touch10=1.00 col10=0.00 to10=0.00 min_d= 0.30 avg_spd=2.11m/s end=goal t= 2545.6s
[TRAIN][PPO] ep=154/500 r=  605.35 avg10=  596.79 steps=1461 succ10=1.00 touch10=1.00 col10=0.00 to10=0.00 min_d= 0.30 avg_spd=2.09m/s end=goal t= 2562.8s
[TRAIN][PPO] ep=155/500 r=  597.20 avg10=  596.45 steps=1437 succ10=1.00 touch10=1.00 col10=0.00 to10=0.00 min_d= 0.30 avg_spd=2.10m/s end=goal t= 2579.6s
[TRAIN][PPO] ep=156/500 r=  336.20 avg10=  570.21 steps=1286 succ10=0.90 touch10=0.90 col10=0.10 to10=0.00 min_d= 1.00 avg_spd=2.06m/s end=collision t= 2595.7s
[TRAIN][PPO] ep=157/500 r=  601.06 avg10=  569.83 steps=1448 succ10=0.90 touch10=0.90 col10=0.10 to10=0.00 min_d= 0.30 avg_spd=2.09m/s end=goal t= 2613.2s
[TRAIN][PPO] ep=158/500 r=  349.00 avg10=  545.95 steps=1233 succ10=0.80 touch10=0.80 col10=0.20 to10=0.00 min_d= 0.89 avg_spd=2.08m/s end=collision t= 2628.6s
[TRAIN][PPO] ep=159/500 r=  337.73 avg10=  520.66 steps=1215 succ10=0.70 touch10=0.70 col10=0.30 to10=0.00 min_d= 0.96 avg_spd=2.09m/s end=collision t= 2642.7s
[TRAIN][PPO] ep=160/500 r=  343.85 avg10=  494.53 steps=1246 succ10=0.60 touch10=0.60 col10=0.40 to10=0.00 min_d= 0.96 avg_spd=2.10m/s end=collision t= 2657.8s
[TRAIN][PPO] ep=161/500 r=  592.35 avg10=  495.14 steps=1425 succ10=0.60 touch10=0.60 col10=0.40 to10=0.00 min_d= 0.30 avg_spd=2.09m/s end=goal t= 2674.8s
[TRAIN][PPO] ep=162/500 r=  600.60 avg10=  496.39 steps=1430 succ10=0.60 touch10=0.60 col10=0.40 to10=0.00 min_d= 0.30 avg_spd=2.10m/s end=goal t= 2691.9s
[TRAIN][PPO] ep=163/500 r=  341.48 avg10=  470.48 steps=1262 succ10=0.50 touch10=0.50 col10=0.50 to10=0.00 min_d= 0.96 avg_spd=2.11m/s end=collision t= 2707.1s
[TRAIN][PPO] ep=164/500 r=  595.21 avg10=  469.47 steps=1420 succ10=0.50 touch10=0.50 col10=0.50 to10=0.00 min_d= 0.30 avg_spd=2.11m/s end=goal t= 2725.7s
[TRAIN][PPO] ep=165/500 r=  591.50 avg10=  468.90 steps=1434 succ10=0.50 touch10=0.50 col10=0.50 to10=0.00 min_d= 0.30 avg_spd=2.07m/s end=goal t= 2743.2s
[TRAIN][PPO] ep=166/500 r=  591.70 avg10=  494.45 steps=1418 succ10=0.60 touch10=0.60 col10=0.40 to10=0.00 min_d= 0.30 avg_spd=2.08m/s end=goal t= 2761.3s
[TRAIN][PPO] ep=167/500 r=  603.16 avg10=  494.66 steps=1445 succ10=0.60 touch10=0.60 col10=0.40 to10=0.00 min_d= 0.30 avg_spd=2.09m/s end=goal t= 2779.5s
[TRAIN][PPO] ep=168/500 r=  593.73 avg10=  519.13 steps=1446 succ10=0.70 touch10=0.70 col10=0.30 to10=0.00 min_d= 0.30 avg_spd=2.09m/s end=goal t= 2799.4s
[TRAIN][PPO] ep=169/500 r=  604.44 avg10=  545.80 steps=1452 succ10=0.80 touch10=0.80 col10=0.20 to10=0.00 min_d= 0.30 avg_spd=2.09m/s end=goal t= 2818.2s
[TRAIN][PPO] ep=170/500 r=  592.66 avg10=  570.68 steps=1496 succ10=0.90 touch10=0.90 col10=0.10 to10=0.00 min_d= 0.30 avg_spd=2.07m/s end=goal t= 2836.7s
[TRAIN][PPO] ep=171/500 r=  600.45 avg10=  571.49 steps=1514 succ10=0.90 touch10=0.90 col10=0.10 to10=0.00 min_d= 0.30 avg_spd=2.08m/s end=goal t= 2855.6s
[TRAIN][PPO] ep=172/500 r=  595.38 avg10=  570.97 steps=1418 succ10=0.90 touch10=0.90 col10=0.10 to10=0.00 min_d= 0.30 avg_spd=2.10m/s end=goal t= 2874.6s
[TRAIN][PPO] ep=173/500 r=  587.29 avg10=  595.55 steps=1406 succ10=1.00 touch10=1.00 col10=0.00 to10=0.00 min_d= 0.30 avg_spd=2.09m/s end=goal t= 2892.5s
[TRAIN][PPO] ep=174/500 r=  589.41 avg10=  594.97 steps=1419 succ10=1.00 touch10=1.00 col10=0.00 to10=0.00 min_d= 0.30 avg_spd=2.08m/s end=goal t= 2909.7s
[TRAIN][PPO] ep=175/500 r=  609.04 avg10=  596.73 steps=1470 succ10=1.00 touch10=1.00 col10=0.00 to10=0.00 min_d= 0.30 avg_spd=2.08m/s end=goal t= 2926.9s
[TRAIN][PPO] ep=176/500 r=  600.58 avg10=  597.61 steps=1476 succ10=1.00 touch10=1.00 col10=0.00 to10=0.00 min_d= 0.30 avg_spd=2.07m/s end=goal t= 2944.9s
[TRAIN][PPO] ep=177/500 r=  605.83 avg10=  597.88 steps=1467 succ10=1.00 touch10=1.00 col10=0.00 to10=0.00 min_d= 0.30 avg_spd=2.08m/s end=goal t= 2962.8s
[TRAIN][PPO] ep=178/500 r=  590.79 avg10=  597.59 steps=1417 succ10=1.00 touch10=1.00 col10=0.00 to10=0.00 min_d= 0.30 avg_spd=2.09m/s end=goal t= 2980.0s
[TRAIN][PPO] ep=179/500 r=  595.90 avg10=  596.73 steps=1417 succ10=1.00 touch10=1.00 col10=0.00 to10=0.00 min_d= 0.30 avg_spd=2.10m/s end=goal t= 2997.0s
[TRAIN][PPO] ep=180/500 r=  589.77 avg10=  596.44 steps=1482 succ10=1.00 touch10=1.00 col10=0.00 to10=0.00 min_d= 0.30 avg_spd=2.10m/s end=goal t= 3016.9s
[TRAIN][PPO] ep=181/500 r=  599.18 avg10=  596.32 steps=1438 succ10=1.00 touch10=1.00 col10=0.00 to10=0.00 min_d= 0.30 avg_spd=2.08m/s end=goal t= 3033.5s
[TRAIN][PPO] ep=182/500 r=  595.93 avg10=  596.37 steps=1463 succ10=1.00 touch10=1.00 col10=0.00 to10=0.00 min_d= 0.30 avg_spd=2.07m/s end=goal t= 3050.6s
[TRAIN][PPO] ep=183/500 r=  600.52 avg10=  597.69 steps=1434 succ10=1.00 touch10=1.00 col10=0.00 to10=0.00 min_d= 0.30 avg_spd=2.11m/s end=goal t= 3067.3s
[TRAIN][PPO] ep=184/500 r=  591.52 avg10=  597.90 steps=1409 succ10=1.00 touch10=1.00 col10=0.00 to10=0.00 min_d= 0.30 avg_spd=2.10m/s end=goal t= 3084.8s
[TRAIN][PPO] ep=185/500 r=  601.54 avg10=  597.15 steps=1440 succ10=1.00 touch10=1.00 col10=0.00 to10=0.00 min_d= 0.30 avg_spd=2.09m/s end=goal t= 3101.1s
[TRAIN][PPO] ep=186/500 r=  590.76 avg10=  596.17 steps=1415 succ10=1.00 touch10=1.00 col10=0.00 to10=0.00 min_d= 0.30 avg_spd=2.09m/s end=goal t= 3117.8s
[TRAIN][PPO] ep=187/500 r=  592.07 avg10=  594.80 steps=1431 succ10=1.00 touch10=1.00 col10=0.00 to10=0.00 min_d= 0.30 avg_spd=2.10m/s end=goal t= 3134.5s
[TRAIN][PPO] ep=188/500 r=  596.25 avg10=  595.34 steps=1430 succ10=1.00 touch10=1.00 col10=0.00 to10=0.00 min_d= 0.30 avg_spd=2.08m/s end=goal t= 3154.0s
[TRAIN][PPO] ep=189/500 r=  589.53 avg10=  594.71 steps=1426 succ10=1.00 touch10=1.00 col10=0.00 to10=0.00 min_d= 0.30 avg_spd=2.07m/s end=goal t= 3170.1s
[TRAIN][PPO] ep=190/500 r=  592.41 avg10=  594.97 steps=1437 succ10=1.00 touch10=1.00 col10=0.00 to10=0.00 min_d= 0.30 avg_spd=2.10m/s end=goal t= 3186.2s
[TRAIN][PPO] ep=191/500 r=  595.00 avg10=  594.55 steps=1421 succ10=1.00 touch10=1.00 col10=0.00 to10=0.00 min_d= 0.30 avg_spd=2.08m/s end=goal t= 3202.6s
[TRAIN][PPO] ep=192/500 r=  601.10 avg10=  595.07 steps=1440 succ10=1.00 touch10=1.00 col10=0.00 to10=0.00 min_d= 0.30 avg_spd=2.10m/s end=goal t= 3221.2s
[TRAIN][PPO] ep=193/500 r=  598.76 avg10=  594.89 steps=1437 succ10=1.00 touch10=1.00 col10=0.00 to10=0.00 min_d= 0.30 avg_spd=2.09m/s end=goal t= 3237.8s
[TRAIN][PPO] ep=194/500 r=  591.48 avg10=  594.89 steps=1417 succ10=1.00 touch10=1.00 col10=0.00 to10=0.00 min_d= 0.30 avg_spd=2.10m/s end=goal t= 3254.2s
[TRAIN][PPO] ep=195/500 r=  598.44 avg10=  594.58 steps=1431 succ10=1.00 touch10=1.00 col10=0.00 to10=0.00 min_d= 0.30 avg_spd=2.09m/s end=goal t= 3270.5s
[TRAIN][PPO] ep=196/500 r=  598.30 avg10=  595.33 steps=1438 succ10=1.00 touch10=1.00 col10=0.00 to10=0.00 min_d= 0.30 avg_spd=2.11m/s end=goal t= 3288.2s
[TRAIN][PPO] ep=197/500 r=  591.42 avg10=  595.27 steps=1417 succ10=1.00 touch10=1.00 col10=0.00 to10=0.00 min_d= 0.30 avg_spd=2.10m/s end=goal t= 3304.4s
[TRAIN][PPO] ep=198/500 r=  345.74 avg10=  570.22 steps=1243 succ10=0.90 touch10=0.90 col10=0.10 to10=0.00 min_d= 0.97 avg_spd=2.10m/s end=collision t= 3318.5s
[TRAIN][PPO] ep=199/500 r=  594.41 avg10=  570.71 steps=1497 succ10=0.90 touch10=0.90 col10=0.10 to10=0.00 min_d= 0.30 avg_spd=2.09m/s end=goal t= 3335.7s
[TRAIN][PPO] ep=200/500 r=  587.08 avg10=  570.17 steps=1410 succ10=0.90 touch10=0.90 col10=0.10 to10=0.00 min_d= 0.30 avg_spd=2.11m/s end=goal t= 3353.2s ckpt=latest
[TRAIN][PPO] ep=201/500 r=  603.95 avg10=  571.07 steps=1470 succ10=0.90 touch10=0.90 col10=0.10 to10=0.00 min_d= 0.30 avg_spd=2.08m/s end=goal t= 3369.6s
[TRAIN][PPO] ep=202/500 r=  586.19 avg10=  569.58 steps=1390 succ10=0.90 touch10=0.90 col10=0.10 to10=0.00 min_d= 0.30 avg_spd=2.12m/s end=goal t= 3385.0s
[TRAIN][PPO] ep=203/500 r=  338.65 avg10=  543.57 steps=1157 succ10=0.80 touch10=0.80 col10=0.20 to10=0.00 min_d= 1.00 avg_spd=2.09m/s end=collision t= 3398.0s
[TRAIN][PPO] ep=204/500 r=  591.22 avg10=  543.54 steps=1418 succ10=0.80 touch10=0.80 col10=0.20 to10=0.00 min_d= 0.30 avg_spd=2.09m/s end=goal t= 3415.4s
[TRAIN][PPO] ep=205/500 r=  585.33 avg10=  542.23 steps=1388 succ10=0.80 touch10=0.80 col10=0.20 to10=0.00 min_d= 0.30 avg_spd=2.11m/s end=goal t= 3431.2s
[TRAIN][PPO] ep=206/500 r=  597.79 avg10=  542.18 steps=1432 succ10=0.80 touch10=0.80 col10=0.20 to10=0.00 min_d= 0.30 avg_spd=2.10m/s end=goal t= 3447.6s
[TRAIN][PPO] ep=207/500 r=  592.05 avg10=  542.24 steps=1487 succ10=0.80 touch10=0.80 col10=0.20 to10=0.00 min_d= 0.30 avg_spd=2.07m/s end=goal t= 3464.1s
[TRAIN][PPO] ep=208/500 r=  589.74 avg10=  566.64 steps=1395 succ10=0.90 touch10=0.90 col10=0.10 to10=0.00 min_d= 0.30 avg_spd=2.11m/s end=goal t= 3481.4s
[TRAIN][PPO] ep=209/500 r=  594.34 avg10=  566.63 steps=1425 succ10=0.90 touch10=0.90 col10=0.10 to10=0.00 min_d= 0.30 avg_spd=2.08m/s end=goal t= 3497.5s
[TRAIN][PPO] ep=210/500 r=  602.04 avg10=  568.13 steps=1469 succ10=0.90 touch10=0.90 col10=0.10 to10=0.00 min_d= 0.30 avg_spd=2.08m/s end=goal t= 3514.0s
[TRAIN][PPO] ep=211/500 r=  601.04 avg10=  567.84 steps=1448 succ10=0.90 touch10=0.90 col10=0.10 to10=0.00 min_d= 0.30 avg_spd=2.08m/s end=goal t= 3531.3s
[TRAIN][PPO] ep=212/500 r=  590.77 avg10=  568.30 steps=1407 succ10=0.90 touch10=0.90 col10=0.10 to10=0.00 min_d= 0.30 avg_spd=2.10m/s end=goal t= 3548.8s
[TRAIN][PPO] ep=213/500 r=  602.11 avg10=  594.64 steps=1464 succ10=1.00 touch10=1.00 col10=0.00 to10=0.00 min_d= 0.30 avg_spd=2.08m/s end=goal t= 3565.9s
[TRAIN][PPO] ep=214/500 r=  597.41 avg10=  595.26 steps=1419 succ10=1.00 touch10=1.00 col10=0.00 to10=0.00 min_d= 0.30 avg_spd=2.11m/s end=goal t= 3582.6s
[TRAIN][PPO] ep=215/500 r=  603.04 avg10=  597.03 steps=1448 succ10=1.00 touch10=1.00 col10=0.00 to10=0.00 min_d= 0.30 avg_spd=2.10m/s end=goal t= 3599.5s
[TRAIN][PPO] ep=216/500 r=  597.78 avg10=  597.03 steps=1418 succ10=1.00 touch10=1.00 col10=0.00 to10=0.00 min_d= 0.30 avg_spd=2.10m/s end=goal t= 3617.1s
[TRAIN][PPO] ep=217/500 r=  297.71 avg10=  567.60 steps=1095 succ10=0.90 touch10=0.90 col10=0.10 to10=0.00 min_d= 1.36 avg_spd=2.09m/s end=collision t= 3629.0s
[TRAIN][PPO] ep=218/500 r=  588.71 avg10=  567.50 steps=1404 succ10=0.90 touch10=0.90 col10=0.10 to10=0.00 min_d= 0.30 avg_spd=2.09m/s end=goal t= 3645.2s
[TRAIN][PPO] ep=219/500 r=  609.27 avg10=  568.99 steps=1469 succ10=0.90 touch10=0.90 col10=0.10 to10=0.00 min_d= 0.30 avg_spd=2.08m/s end=goal t= 3662.0s
[TRAIN][PPO] ep=220/500 r=  595.52 avg10=  568.34 steps=1429 succ10=0.90 touch10=0.90 col10=0.10 to10=0.00 min_d= 0.30 avg_spd=2.09m/s end=goal t= 3680.2s
[TRAIN][PPO] ep=221/500 r=  339.63 avg10=  542.20 steps=1259 succ10=0.80 touch10=0.80 col10=0.20 to10=0.00 min_d= 0.96 avg_spd=2.08m/s end=collision t= 3695.1s
[TRAIN][PPO] ep=222/500 r=  326.67 avg10=  515.79 steps=1138 succ10=0.70 touch10=0.70 col10=0.30 to10=0.00 min_d= 1.08 avg_spd=2.09m/s end=collision t= 3708.0s
[TRAIN][PPO] ep=223/500 r=  604.28 avg10=  516.00 steps=1458 succ10=0.70 touch10=0.70 col10=0.30 to10=0.00 min_d= 0.30 avg_spd=2.10m/s end=goal t= 3725.1s
[TRAIN][PPO] ep=224/500 r=  599.28 avg10=  516.19 steps=1448 succ10=0.70 touch10=0.70 col10=0.30 to10=0.00 min_d= 0.30 avg_spd=2.09m/s end=goal t= 3742.8s
[TRAIN][PPO] ep=225/500 r=  587.38 avg10=  514.63 steps=1415 succ10=0.70 touch10=0.70 col10=0.30 to10=0.00 min_d= 0.30 avg_spd=2.08m/s end=goal t= 3759.2s
[TRAIN][PPO] ep=226/500 r=  591.73 avg10=  514.02 steps=1433 succ10=0.70 touch10=0.70 col10=0.30 to10=0.00 min_d= 0.30 avg_spd=2.07m/s end=goal t= 3775.9s
[TRAIN][PPO] ep=227/500 r=  595.78 avg10=  543.83 steps=1449 succ10=0.80 touch10=0.80 col10=0.20 to10=0.00 min_d= 0.30 avg_spd=2.09m/s end=goal t= 3792.8s
[TRAIN][PPO] ep=228/500 r=  593.69 avg10=  544.32 steps=1434 succ10=0.80 touch10=0.80 col10=0.20 to10=0.00 min_d= 0.30 avg_spd=2.11m/s end=goal t= 3810.9s
[TRAIN][PPO] ep=229/500 r=  593.83 avg10=  542.78 steps=1443 succ10=0.80 touch10=0.80 col10=0.20 to10=0.00 min_d= 0.30 avg_spd=2.09m/s end=goal t= 3827.2s
[TRAIN][PPO] ep=230/500 r=  607.66 avg10=  543.99 steps=1488 succ10=0.80 touch10=0.80 col10=0.20 to10=0.00 min_d= 0.30 avg_spd=2.08m/s end=goal t= 3844.1s
[TRAIN][PPO] ep=231/500 r=  604.79 avg10=  570.51 steps=1443 succ10=0.90 touch10=0.90 col10=0.10 to10=0.00 min_d= 0.30 avg_spd=2.09m/s end=goal t= 3860.5s
[TRAIN][PPO] ep=232/500 r=  598.83 avg10=  597.73 steps=1443 succ10=1.00 touch10=1.00 col10=0.00 to10=0.00 min_d= 0.30 avg_spd=2.10m/s end=goal t= 3878.5s
[TRAIN][PPO] ep=233/500 r=  600.57 avg10=  597.35 steps=1434 succ10=1.00 touch10=1.00 col10=0.00 to10=0.00 min_d= 0.30 avg_spd=2.10m/s end=goal t= 3894.9s
[TRAIN][PPO] ep=234/500 r=  594.67 avg10=  596.89 steps=1413 succ10=1.00 touch10=1.00 col10=0.00 to10=0.00 min_d= 0.30 avg_spd=2.10m/s end=goal t= 3910.7s
[TRAIN][PPO] ep=235/500 r=  598.66 avg10=  598.02 steps=1442 succ10=1.00 touch10=1.00 col10=0.00 to10=0.00 min_d= 0.30 avg_spd=2.09m/s end=goal t= 3927.3s
[TRAIN][PPO] ep=236/500 r=  599.56 avg10=  598.80 steps=1439 succ10=1.00 touch10=1.00 col10=0.00 to10=0.00 min_d= 0.30 avg_spd=2.10m/s end=goal t= 3945.1s
[TRAIN][PPO] ep=237/500 r=  596.57 avg10=  598.88 steps=1422 succ10=1.00 touch10=1.00 col10=0.00 to10=0.00 min_d= 0.30 avg_spd=2.10m/s end=goal t= 3961.8s
[TRAIN][PPO] ep=238/500 r=  325.77 avg10=  572.09 steps=1231 succ10=0.90 touch10=0.90 col10=0.10 to10=0.00 min_d= 0.99 avg_spd=2.10m/s end=collision t= 3976.4s
[TRAIN][PPO] ep=239/500 r=  597.89 avg10=  572.50 steps=1437 succ10=0.90 touch10=0.90 col10=0.10 to10=0.00 min_d= 0.30 avg_spd=2.09m/s end=goal t= 3993.4s
[TRAIN][PPO] ep=240/500 r=  337.07 avg10=  545.44 steps=1265 succ10=0.80 touch10=0.80 col10=0.20 to10=0.00 min_d= 1.00 avg_spd=2.08m/s end=collision t= 4009.1s
[TRAIN][PPO] ep=241/500 r=  588.27 avg10=  543.79 steps=1400 succ10=0.80 touch10=0.80 col10=0.20 to10=0.00 min_d= 0.30 avg_spd=2.11m/s end=goal t= 4025.0s
[TRAIN][PPO] ep=242/500 r=  593.05 avg10=  543.21 steps=1408 succ10=0.80 touch10=0.80 col10=0.20 to10=0.00 min_d= 0.30 avg_spd=2.09m/s end=goal t= 4040.7s
[TRAIN][PPO] ep=243/500 r=  586.01 avg10=  541.75 steps=1400 succ10=0.80 touch10=0.80 col10=0.20 to10=0.00 min_d= 0.30 avg_spd=2.10m/s end=goal t= 4056.4s
[TRAIN][PPO] ep=244/500 r=  313.27 avg10=  513.61 steps=1094 succ10=0.70 touch10=0.70 col10=0.30 to10=0.00 min_d= 1.13 avg_spd=2.12m/s end=collision t= 4070.4s
[TRAIN][PPO] ep=245/500 r=  342.85 avg10=  488.03 steps=1166 succ10=0.60 touch10=0.60 col10=0.40 to10=0.00 min_d= 1.00 avg_spd=2.10m/s end=collision t= 4084.1s
[TRAIN][PPO] ep=246/500 r=  318.21 avg10=  459.90 steps=1241 succ10=0.50 touch10=0.50 col10=0.50 to10=0.00 min_d= 1.02 avg_spd=2.10m/s end=collision t= 4098.6s
[TRAIN][PPO] ep=247/500 r=  332.21 avg10=  433.46 steps=1284 succ10=0.40 touch10=0.40 col10=0.60 to10=0.00 min_d= 1.05 avg_spd=2.09m/s end=collision t= 4113.4s
[TRAIN][PPO] ep=248/500 r=  609.75 avg10=  461.86 steps=1491 succ10=0.50 touch10=0.50 col10=0.50 to10=0.00 min_d= 0.30 avg_spd=2.08m/s end=goal t= 4132.2s
[TRAIN][PPO] ep=249/500 r=  595.96 avg10=  461.67 steps=1423 succ10=0.50 touch10=0.50 col10=0.50 to10=0.00 min_d= 0.30 avg_spd=2.11m/s end=goal t= 4148.7s
[TRAIN][PPO] ep=250/500 r=  328.60 avg10=  460.82 steps=1267 succ10=0.50 touch10=0.50 col10=0.50 to10=0.00 min_d= 1.03 avg_spd=2.09m/s end=collision t= 4163.6s
[TRAIN][PPO] ep=251/500 r=  588.84 avg10=  460.88 steps=1429 succ10=0.50 touch10=0.50 col10=0.50 to10=0.00 min_d= 0.30 avg_spd=2.09m/s end=goal t= 4180.2s
[TRAIN][PPO] ep=252/500 r=  597.11 avg10=  461.28 steps=1434 succ10=0.50 touch10=0.50 col10=0.50 to10=0.00 min_d= 0.30 avg_spd=2.10m/s end=goal t= 4197.9s
[TRAIN][PPO] ep=253/500 r=  331.32 avg10=  435.81 steps=1147 succ10=0.40 touch10=0.40 col10=0.60 to10=0.00 min_d= 1.08 avg_spd=2.10m/s end=collision t= 4211.4s
[TRAIN][PPO] ep=254/500 r=  601.64 avg10=  464.65 steps=1437 succ10=0.50 touch10=0.50 col10=0.50 to10=0.00 min_d= 0.30 avg_spd=2.09m/s end=goal t= 4228.4s
[TRAIN][PPO] ep=255/500 r=  606.97 avg10=  491.06 steps=1463 succ10=0.60 touch10=0.60 col10=0.40 to10=0.00 min_d= 0.30 avg_spd=2.09m/s end=goal t= 4245.3s
[TRAIN][PPO] ep=256/500 r=  321.78 avg10=  491.42 steps=1116 succ10=0.60 touch10=0.60 col10=0.40 to10=0.00 min_d= 1.09 avg_spd=2.11m/s end=collision t= 4259.9s
[TRAIN][PPO] ep=257/500 r=  590.58 avg10=  517.25 steps=1416 succ10=0.70 touch10=0.70 col10=0.30 to10=0.00 min_d= 0.30 avg_spd=2.10m/s end=goal t= 4276.5s
[TRAIN][PPO] ep=258/500 r=  593.92 avg10=  515.67 steps=1412 succ10=0.70 touch10=0.70 col10=0.30 to10=0.00 min_d= 0.30 avg_spd=2.10m/s end=goal t= 4293.1s
[TRAIN][PPO] ep=259/500 r=  604.23 avg10=  516.50 steps=1450 succ10=0.70 touch10=0.70 col10=0.30 to10=0.00 min_d= 0.30 avg_spd=2.09m/s end=goal t= 4310.0s
[TRAIN][PPO] ep=260/500 r=  598.78 avg10=  543.52 steps=1449 succ10=0.80 touch10=0.80 col10=0.20 to10=0.00 min_d= 0.30 avg_spd=2.09m/s end=goal t= 4328.6s
[TRAIN][PPO] ep=261/500 r=  586.00 avg10=  543.23 steps=1398 succ10=0.80 touch10=0.80 col10=0.20 to10=0.00 min_d= 0.30 avg_spd=2.10m/s end=goal t= 4345.5s
[TRAIN][PPO] ep=262/500 r=  589.44 avg10=  542.47 steps=1410 succ10=0.80 touch10=0.80 col10=0.20 to10=0.00 min_d= 0.30 avg_spd=2.10m/s end=goal t= 4362.9s
[TRAIN][PPO] ep=263/500 r=  592.79 avg10=  568.61 steps=1415 succ10=0.90 touch10=0.90 col10=0.10 to10=0.00 min_d= 0.30 avg_spd=2.09m/s end=goal t= 4379.7s
[TRAIN][PPO] ep=264/500 r=  599.51 avg10=  568.40 steps=1440 succ10=0.90 touch10=0.90 col10=0.10 to10=0.00 min_d= 0.30 avg_spd=2.10m/s end=goal t= 4396.8s
[TRAIN][PPO] ep=265/500 r=  592.95 avg10=  567.00 steps=1405 succ10=0.90 touch10=0.90 col10=0.10 to10=0.00 min_d= 0.30 avg_spd=2.09m/s end=goal t= 4413.3s
[TRAIN][PPO] ep=266/500 r=  596.72 avg10=  594.49 steps=1456 succ10=1.00 touch10=1.00 col10=0.00 to10=0.00 min_d= 0.30 avg_spd=2.09m/s end=goal t= 4431.3s
[TRAIN][PPO] ep=267/500 r=  601.31 avg10=  595.56 steps=1469 succ10=1.00 touch10=1.00 col10=0.00 to10=0.00 min_d= 0.30 avg_spd=2.09m/s end=goal t= 4448.1s
[TRAIN][PPO] ep=268/500 r=  593.70 avg10=  595.54 steps=1429 succ10=1.00 touch10=1.00 col10=0.00 to10=0.00 min_d= 0.30 avg_spd=2.11m/s end=goal t= 4465.2s
[TRAIN][PPO] ep=269/500 r=  593.19 avg10=  594.44 steps=1408 succ10=1.00 touch10=1.00 col10=0.00 to10=0.00 min_d= 0.30 avg_spd=2.11m/s end=goal t= 4481.6s
[TRAIN][PPO] ep=270/500 r=  608.48 avg10=  595.41 steps=1477 succ10=1.00 touch10=1.00 col10=0.00 to10=0.00 min_d= 0.30 avg_spd=2.08m/s end=goal t= 4498.8s
[TRAIN][PPO] ep=271/500 r=  602.27 avg10=  597.03 steps=1445 succ10=1.00 touch10=1.00 col10=0.00 to10=0.00 min_d= 0.30 avg_spd=2.08m/s end=goal t= 4516.0s
[TRAIN][PPO] ep=272/500 r=  597.99 avg10=  597.89 steps=1426 succ10=1.00 touch10=1.00 col10=0.00 to10=0.00 min_d= 0.30 avg_spd=2.11m/s end=goal t= 4535.8s
[TRAIN][PPO] ep=273/500 r=  595.05 avg10=  598.11 steps=1422 succ10=1.00 touch10=1.00 col10=0.00 to10=0.00 min_d= 0.30 avg_spd=2.09m/s end=goal t= 4553.1s
[TRAIN][PPO] ep=274/500 r=  593.69 avg10=  597.53 steps=1414 succ10=1.00 touch10=1.00 col10=0.00 to10=0.00 min_d= 0.30 avg_spd=2.09m/s end=goal t= 4569.4s
[TRAIN][PPO] ep=275/500 r=  593.75 avg10=  597.61 steps=1426 succ10=1.00 touch10=1.00 col10=0.00 to10=0.00 min_d= 0.30 avg_spd=2.11m/s end=goal t= 4585.8s
[TRAIN][PPO] ep=276/500 r=  591.90 avg10=  597.13 steps=1417 succ10=1.00 touch10=1.00 col10=0.00 to10=0.00 min_d= 0.30 avg_spd=2.10m/s end=goal t= 4603.1s
[TRAIN][PPO] ep=277/500 r=  593.11 avg10=  596.31 steps=1418 succ10=1.00 touch10=1.00 col10=0.00 to10=0.00 min_d= 0.30 avg_spd=2.10m/s end=goal t= 4619.1s
[TRAIN][PPO] ep=278/500 r=  594.23 avg10=  596.37 steps=1422 succ10=1.00 touch10=1.00 col10=0.00 to10=0.00 min_d= 0.30 avg_spd=2.10m/s end=goal t= 4635.7s
[TRAIN][PPO] ep=279/500 r=  593.57 avg10=  596.40 steps=1492 succ10=1.00 touch10=1.00 col10=0.00 to10=0.00 min_d= 0.30 avg_spd=2.09m/s end=goal t= 4652.7s
[TRAIN][PPO] ep=280/500 r=  602.92 avg10=  595.85 steps=1440 succ10=1.00 touch10=1.00 col10=0.00 to10=0.00 min_d= 0.30 avg_spd=2.10m/s end=goal t= 4670.2s
[TRAIN][PPO] ep=281/500 r=  589.40 avg10=  594.56 steps=1407 succ10=1.00 touch10=1.00 col10=0.00 to10=0.00 min_d= 0.30 avg_spd=2.10m/s end=goal t= 4686.2s
[TRAIN][PPO] ep=282/500 r=  595.79 avg10=  594.34 steps=1418 succ10=1.00 touch10=1.00 col10=0.00 to10=0.00 min_d= 0.30 avg_spd=2.09m/s end=goal t= 4702.4s
[TRAIN][PPO] ep=283/500 r=  600.45 avg10=  594.88 steps=1446 succ10=1.00 touch10=1.00 col10=0.00 to10=0.00 min_d= 0.30 avg_spd=2.10m/s end=goal t= 4719.0s
[TRAIN][PPO] ep=284/500 r=  591.40 avg10=  594.65 steps=1401 succ10=1.00 touch10=1.00 col10=0.00 to10=0.00 min_d= 0.30 avg_spd=2.12m/s end=goal t= 4736.3s
[TRAIN][PPO] ep=285/500 r=  585.83 avg10=  593.86 steps=1402 succ10=1.00 touch10=1.00 col10=0.00 to10=0.00 min_d= 0.30 avg_spd=2.10m/s end=goal t= 4752.6s
[TRAIN][PPO] ep=286/500 r=  602.16 avg10=  594.89 steps=1439 succ10=1.00 touch10=1.00 col10=0.00 to10=0.00 min_d= 0.30 avg_spd=2.10m/s end=goal t= 4768.8s
[TRAIN][PPO] ep=287/500 r=  600.22 avg10=  595.60 steps=1427 succ10=1.00 touch10=1.00 col10=0.00 to10=0.00 min_d= 0.30 avg_spd=2.08m/s end=goal t= 4784.9s
[TRAIN][PPO] ep=288/500 r=  586.96 avg10=  594.87 steps=1395 succ10=1.00 touch10=1.00 col10=0.00 to10=0.00 min_d= 0.30 avg_spd=2.11m/s end=goal t= 4802.6s
[TRAIN][PPO] ep=289/500 r=  344.59 avg10=  569.97 steps=1188 succ10=0.90 touch10=0.90 col10=0.10 to10=0.00 min_d= 0.94 avg_spd=2.08m/s end=collision t= 4816.1s
[TRAIN][PPO] ep=290/500 r=  605.99 avg10=  570.28 steps=1438 succ10=0.90 touch10=0.90 col10=0.10 to10=0.00 min_d= 0.30 avg_spd=2.10m/s end=goal t= 4832.8s
[TRAIN][PPO] ep=291/500 r=  600.62 avg10=  571.40 steps=1523 succ10=0.90 touch10=0.90 col10=0.10 to10=0.00 min_d= 0.30 avg_spd=2.08m/s end=goal t= 4850.0s
[TRAIN][PPO] ep=292/500 r=  602.89 avg10=  572.11 steps=1434 succ10=0.90 touch10=0.90 col10=0.10 to10=0.00 min_d= 0.30 avg_spd=2.10m/s end=goal t= 4869.6s
[TRAIN][PPO] ep=293/500 r=  596.23 avg10=  571.69 steps=1415 succ10=0.90 touch10=0.90 col10=0.10 to10=0.00 min_d= 0.30 avg_spd=2.09m/s end=goal t= 4885.5s
[TRAIN][PPO] ep=294/500 r=  334.63 avg10=  546.01 steps=1142 succ10=0.80 touch10=0.80 col10=0.20 to10=0.00 min_d= 1.05 avg_spd=2.09m/s end=collision t= 4898.5s
[TRAIN][PPO] ep=295/500 r=  595.76 avg10=  547.00 steps=1430 succ10=0.80 touch10=0.80 col10=0.20 to10=0.00 min_d= 0.30 avg_spd=2.09m/s end=goal t= 4914.8s
[TRAIN][PPO] ep=296/500 r=  592.92 avg10=  546.08 steps=1408 succ10=0.80 touch10=0.80 col10=0.20 to10=0.00 min_d= 0.30 avg_spd=2.10m/s end=goal t= 4933.3s
[TRAIN][PPO] ep=297/500 r=  597.46 avg10=  545.80 steps=1421 succ10=0.80 touch10=0.80 col10=0.20 to10=0.00 min_d= 0.30 avg_spd=2.10m/s end=goal t= 4949.3s
[TRAIN][PPO] ep=298/500 r=  586.12 avg10=  545.72 steps=1413 succ10=0.80 touch10=0.80 col10=0.20 to10=0.00 min_d= 0.30 avg_spd=2.09m/s end=goal t= 4965.1s
[TRAIN][PPO] ep=299/500 r=  590.97 avg10=  570.36 steps=1408 succ10=0.90 touch10=0.90 col10=0.10 to10=0.00 min_d= 0.30 avg_spd=2.11m/s end=goal t= 4981.2s
[TRAIN][PPO] ep=300/500 r=  594.04 avg10=  569.16 steps=1512 succ10=0.90 touch10=0.90 col10=0.10 to10=0.00 min_d= 0.30 avg_spd=2.09m/s end=goal t= 5000.4s ckpt=latest
[TRAIN][PPO] ep=301/500 r=  585.16 avg10=  567.62 steps=1381 succ10=0.90 touch10=0.90 col10=0.10 to10=0.00 min_d= 0.30 avg_spd=2.11m/s end=goal t= 5016.6s
[TRAIN][PPO] ep=302/500 r=  588.54 avg10=  566.18 steps=1394 succ10=0.90 touch10=0.90 col10=0.10 to10=0.00 min_d= 0.30 avg_spd=2.09m/s end=goal t= 5033.0s
[TRAIN][PPO] ep=303/500 r=  602.54 avg10=  566.81 steps=1440 succ10=0.90 touch10=0.90 col10=0.10 to10=0.00 min_d= 0.30 avg_spd=2.11m/s end=goal t= 5049.5s
[TRAIN][PPO] ep=304/500 r=  169.27 avg10=  550.28 steps= 683 succ10=0.90 touch10=0.90 col10=0.10 to10=0.00 min_d= 2.27 avg_spd=2.07m/s end=collision t= 5058.5s
[TRAIN][PPO] ep=305/500 r=  595.59 avg10=  550.26 steps=1439 succ10=0.90 touch10=0.90 col10=0.10 to10=0.00 min_d= 0.30 avg_spd=2.10m/s end=goal t= 5075.4s
[TRAIN][PPO] ep=306/500 r=  594.52 avg10=  550.42 steps=1418 succ10=0.90 touch10=0.90 col10=0.10 to10=0.00 min_d= 0.30 avg_spd=2.10m/s end=goal t= 5091.9s
[TRAIN][PPO] ep=307/500 r=  596.85 avg10=  550.36 steps=1415 succ10=0.90 touch10=0.90 col10=0.10 to10=0.00 min_d= 0.30 avg_spd=2.11m/s end=goal t= 5108.1s
[TRAIN][PPO] ep=308/500 r=  343.93 avg10=  526.14 steps=1171 succ10=0.80 touch10=0.80 col10=0.20 to10=0.00 min_d= 1.03 avg_spd=2.08m/s end=collision t= 5122.6s
[TRAIN][PPO] ep=309/500 r=  595.70 avg10=  526.61 steps=1418 succ10=0.80 touch10=0.80 col10=0.20 to10=0.00 min_d= 0.30 avg_spd=2.10m/s end=goal t= 5139.1s
[TRAIN][PPO] ep=310/500 r=  599.85 avg10=  527.19 steps=1452 succ10=0.80 touch10=0.80 col10=0.20 to10=0.00 min_d= 0.30 avg_spd=2.11m/s end=goal t= 5156.4s
[TRAIN][PPO] ep=311/500 r=  600.81 avg10=  528.76 steps=1460 succ10=0.80 touch10=0.80 col10=0.20 to10=0.00 min_d= 0.30 avg_spd=2.09m/s end=goal t= 5173.6s
[TRAIN][PPO] ep=312/500 r=  600.88 avg10=  529.99 steps=1431 succ10=0.80 touch10=0.80 col10=0.20 to10=0.00 min_d= 0.30 avg_spd=2.11m/s end=goal t= 5191.3s
[TRAIN][PPO] ep=313/500 r=  590.75 avg10=  528.81 steps=1409 succ10=0.80 touch10=0.80 col10=0.20 to10=0.00 min_d= 0.30 avg_spd=2.10m/s end=goal t= 5207.9s
[TRAIN][PPO] ep=314/500 r=  595.59 avg10=  571.45 steps=1426 succ10=0.90 touch10=0.90 col10=0.10 to10=0.00 min_d= 0.30 avg_spd=2.11m/s end=goal t= 5224.9s
[TRAIN][PPO] ep=315/500 r=  349.34 avg10=  546.82 steps=1231 succ10=0.80 touch10=0.80 col10=0.20 to10=0.00 min_d= 0.88 avg_spd=2.11m/s end=collision t= 5239.5s
[TRAIN][PPO] ep=316/500 r=  605.23 avg10=  547.89 steps=1442 succ10=0.80 touch10=0.80 col10=0.20 to10=0.00 min_d= 0.30 avg_spd=2.10m/s end=goal t= 5257.8s
[TRAIN][PPO] ep=317/500 r=  594.44 avg10=  547.65 steps=1404 succ10=0.80 touch10=0.80 col10=0.20 to10=0.00 min_d= 0.30 avg_spd=2.10m/s end=goal t= 5274.0s
[TRAIN][PPO] ep=318/500 r=  606.87 avg10=  573.94 steps=1442 succ10=0.90 touch10=0.90 col10=0.10 to10=0.00 min_d= 0.30 avg_spd=2.10m/s end=goal t= 5291.0s
[TRAIN][PPO] ep=319/500 r=  596.60 avg10=  574.04 steps=1415 succ10=0.90 touch10=0.90 col10=0.10 to10=0.00 min_d= 0.30 avg_spd=2.11m/s end=goal t= 5307.7s
[TRAIN][PPO] ep=320/500 r=  584.10 avg10=  572.46 steps=1397 succ10=0.90 touch10=0.90 col10=0.10 to10=0.00 min_d= 0.30 avg_spd=2.10m/s end=goal t= 5326.0s
[TRAIN][PPO] ep=321/500 r=  585.93 avg10=  570.97 steps=1397 succ10=0.90 touch10=0.90 col10=0.10 to10=0.00 min_d= 0.30 avg_spd=2.11m/s end=goal t= 5342.5s
[TRAIN][PPO] ep=322/500 r=  336.52 avg10=  544.54 steps=1149 succ10=0.80 touch10=0.80 col10=0.20 to10=0.00 min_d= 1.05 avg_spd=2.10m/s end=collision t= 5355.9s
[TRAIN][PPO] ep=323/500 r=  593.57 avg10=  544.82 steps=1430 succ10=0.80 touch10=0.80 col10=0.20 to10=0.00 min_d= 0.30 avg_spd=2.11m/s end=goal t= 5372.6s
[TRAIN][PPO] ep=324/500 r=  597.01 avg10=  544.96 steps=1426 succ10=0.80 touch10=0.80 col10=0.20 to10=0.00 min_d= 0.30 avg_spd=2.10m/s end=goal t= 5390.8s
[TRAIN][PPO] ep=325/500 r=  596.25 avg10=  569.65 steps=1410 succ10=0.90 touch10=0.90 col10=0.10 to10=0.00 min_d= 0.30 avg_spd=2.12m/s end=goal t= 5407.6s
[TRAIN][PPO] ep=326/500 r=  594.14 avg10=  568.54 steps=1495 succ10=0.90 touch10=0.90 col10=0.10 to10=0.00 min_d= 0.30 avg_spd=2.10m/s end=goal t= 5425.7s
[TRAIN][PPO] ep=327/500 r=  599.59 avg10=  569.06 steps=1433 succ10=0.90 touch10=0.90 col10=0.10 to10=0.00 min_d= 0.30 avg_spd=2.12m/s end=goal t= 5443.1s
[TRAIN][PPO] ep=328/500 r=  594.03 avg10=  567.77 steps=1413 succ10=0.90 touch10=0.90 col10=0.10 to10=0.00 min_d= 0.30 avg_spd=2.12m/s end=goal t= 5461.3s
[TRAIN][PPO] ep=329/500 r=  604.58 avg10=  568.57 steps=1465 succ10=0.90 touch10=0.90 col10=0.10 to10=0.00 min_d= 0.30 avg_spd=2.09m/s end=goal t= 5478.8s
[TRAIN][PPO] ep=330/500 r=  585.64 avg10=  568.73 steps=1389 succ10=0.90 touch10=0.90 col10=0.10 to10=0.00 min_d= 0.30 avg_spd=2.12m/s end=goal t= 5495.4s
[TRAIN][PPO] ep=331/500 r=  599.75 avg10=  570.11 steps=1460 succ10=0.90 touch10=0.90 col10=0.10 to10=0.00 min_d= 0.30 avg_spd=2.09m/s end=goal t= 5513.5s
[TRAIN][PPO] ep=332/500 r=  601.27 avg10=  596.58 steps=1434 succ10=1.00 touch10=1.00 col10=0.00 to10=0.00 min_d= 0.30 avg_spd=2.09m/s end=goal t= 5532.5s
[TRAIN][PPO] ep=333/500 r=  592.39 avg10=  596.47 steps=1432 succ10=1.00 touch10=1.00 col10=0.00 to10=0.00 min_d= 0.30 avg_spd=2.09m/s end=goal t= 5550.2s
[TRAIN][PPO] ep=334/500 r=  581.63 avg10=  594.93 steps=1460 succ10=1.00 touch10=1.00 col10=0.00 to10=0.00 min_d= 0.30 avg_spd=2.11m/s end=goal t= 5568.2s
[TRAIN][PPO] ep=335/500 r=  602.67 avg10=  595.57 steps=1432 succ10=1.00 touch10=1.00 col10=0.00 to10=0.00 min_d= 0.30 avg_spd=2.10m/s end=goal t= 5585.9s
[TRAIN][PPO] ep=336/500 r=  601.35 avg10=  596.29 steps=1449 succ10=1.00 touch10=1.00 col10=0.00 to10=0.00 min_d= 0.30 avg_spd=2.11m/s end=goal t= 5604.9s
[TRAIN][PPO] ep=337/500 r=  592.11 avg10=  595.54 steps=1490 succ10=1.00 touch10=1.00 col10=0.00 to10=0.00 min_d= 0.30 avg_spd=2.09m/s end=goal t= 5623.4s
[TRAIN][PPO] ep=338/500 r=  608.82 avg10=  597.02 steps=1459 succ10=1.00 touch10=1.00 col10=0.00 to10=0.00 min_d= 0.30 avg_spd=2.09m/s end=goal t= 5641.6s
[TRAIN][PPO] ep=339/500 r=  598.05 avg10=  596.37 steps=1421 succ10=1.00 touch10=1.00 col10=0.00 to10=0.00 min_d= 0.30 avg_spd=2.11m/s end=goal t= 5658.7s
[TRAIN][PPO] ep=340/500 r=  595.68 avg10=  597.37 steps=1419 succ10=1.00 touch10=1.00 col10=0.00 to10=0.00 min_d= 0.30 avg_spd=2.10m/s end=goal t= 5677.0s
[TRAIN][PPO] ep=341/500 r=  588.13 avg10=  596.21 steps=1480 succ10=1.00 touch10=1.00 col10=0.00 to10=0.00 min_d= 0.30 avg_spd=2.08m/s end=goal t= 5695.1s
[TRAIN][PPO] ep=342/500 r=  330.86 avg10=  569.17 steps=1118 succ10=0.90 touch10=0.90 col10=0.10 to10=0.00 min_d= 1.04 avg_spd=2.10m/s end=collision t= 5708.7s
[TRAIN][PPO] ep=343/500 r=  585.88 avg10=  568.52 steps=1385 succ10=0.90 touch10=0.90 col10=0.10 to10=0.00 min_d= 0.30 avg_spd=2.11m/s end=goal t= 5725.4s
[TRAIN][PPO] ep=344/500 r=  603.40 avg10=  570.69 steps=1449 succ10=0.90 touch10=0.90 col10=0.10 to10=0.00 min_d= 0.30 avg_spd=2.10m/s end=goal t= 5744.0s
[TRAIN][PPO] ep=345/500 r=  603.41 avg10=  570.77 steps=1446 succ10=0.90 touch10=0.90 col10=0.10 to10=0.00 min_d= 0.30 avg_spd=2.10m/s end=goal t= 5761.5s
[TRAIN][PPO] ep=346/500 r=  590.06 avg10=  569.64 steps=1414 succ10=0.90 touch10=0.90 col10=0.10 to10=0.00 min_d= 0.30 avg_spd=2.10m/s end=goal t= 5778.7s
[TRAIN][PPO] ep=347/500 r=  339.87 avg10=  544.42 steps=1160 succ10=0.80 touch10=0.80 col10=0.20 to10=0.00 min_d= 1.05 avg_spd=2.08m/s end=collision t= 5792.7s
[TRAIN][PPO] ep=348/500 r=  325.98 avg10=  516.13 steps=1119 succ10=0.70 touch10=0.70 col10=0.30 to10=0.00 min_d= 1.08 avg_spd=2.08m/s end=collision t= 5808.1s
[TRAIN][PPO] ep=349/500 r=  351.74 avg10=  491.50 steps=1254 succ10=0.60 touch10=0.60 col10=0.40 to10=0.00 min_d= 0.92 avg_spd=2.10m/s end=collision t= 5823.3s
[TRAIN][PPO] ep=350/500 r=  602.10 avg10=  492.15 steps=1451 succ10=0.60 touch10=0.60 col10=0.40 to10=0.00 min_d= 0.30 avg_spd=2.09m/s end=goal t= 5840.6s
[TRAIN][PPO] ep=351/500 r=  603.90 avg10=  493.72 steps=1460 succ10=0.60 touch10=0.60 col10=0.40 to10=0.00 min_d= 0.30 avg_spd=2.10m/s end=goal t= 5858.3s
[TRAIN][PPO] ep=352/500 r=  595.19 avg10=  520.16 steps=1422 succ10=0.70 touch10=0.70 col10=0.30 to10=0.00 min_d= 0.30 avg_spd=2.10m/s end=goal t= 5876.2s
[TRAIN][PPO] ep=353/500 r=  593.83 avg10=  520.95 steps=1425 succ10=0.70 touch10=0.70 col10=0.30 to10=0.00 min_d= 0.30 avg_spd=2.09m/s end=goal t= 5893.0s
[TRAIN][PPO] ep=354/500 r=  605.18 avg10=  521.13 steps=1451 succ10=0.70 touch10=0.70 col10=0.30 to10=0.00 min_d= 0.30 avg_spd=2.09m/s end=goal t= 5910.3s
[TRAIN][PPO] ep=355/500 r=  597.04 avg10=  520.49 steps=1411 succ10=0.70 touch10=0.70 col10=0.30 to10=0.00 min_d= 0.30 avg_spd=2.10m/s end=goal t= 5927.7s
[TRAIN][PPO] ep=356/500 r=  583.97 avg10=  519.88 steps=1400 succ10=0.70 touch10=0.70 col10=0.30 to10=0.00 min_d= 0.30 avg_spd=2.11m/s end=goal t= 5948.0s
[TRAIN][PPO] ep=357/500 r=  594.18 avg10=  545.31 steps=1432 succ10=0.80 touch10=0.80 col10=0.20 to10=0.00 min_d= 0.30 avg_spd=2.07m/s end=goal t= 5965.4s
[TRAIN][PPO] ep=358/500 r=  590.80 avg10=  571.80 steps=1410 succ10=0.90 touch10=0.90 col10=0.10 to10=0.00 min_d= 0.30 avg_spd=2.09m/s end=goal t= 5981.7s
[TRAIN][PPO] ep=359/500 r=  596.40 avg10=  596.26 steps=1435 succ10=1.00 touch10=1.00 col10=0.00 to10=0.00 min_d= 0.30 avg_spd=2.09m/s end=goal t= 5998.7s
[TRAIN][PPO] ep=360/500 r=  598.10 avg10=  595.86 steps=1432 succ10=1.00 touch10=1.00 col10=0.00 to10=0.00 min_d= 0.30 avg_spd=2.11m/s end=goal t= 6018.4s
[TRAIN][PPO] ep=361/500 r=  600.26 avg10=  595.50 steps=1431 succ10=1.00 touch10=1.00 col10=0.00 to10=0.00 min_d= 0.30 avg_spd=2.12m/s end=goal t= 6035.1s
[TRAIN][PPO] ep=362/500 r=  600.57 avg10=  596.03 steps=1441 succ10=1.00 touch10=1.00 col10=0.00 to10=0.00 min_d= 0.30 avg_spd=2.10m/s end=goal t= 6052.3s
[TRAIN][PPO] ep=363/500 r=  588.22 avg10=  595.47 steps=1428 succ10=1.00 touch10=1.00 col10=0.00 to10=0.00 min_d= 0.30 avg_spd=2.09m/s end=goal t= 6069.4s
[TRAIN][PPO] ep=364/500 r=  595.35 avg10=  594.49 steps=1423 succ10=1.00 touch10=1.00 col10=0.00 to10=0.00 min_d= 0.30 avg_spd=2.12m/s end=goal t= 6087.7s
[TRAIN][PPO] ep=365/500 r=  597.02 avg10=  594.49 steps=1420 succ10=1.00 touch10=1.00 col10=0.00 to10=0.00 min_d= 0.30 avg_spd=2.09m/s end=goal t= 6104.2s
[TRAIN][PPO] ep=366/500 r=  325.13 avg10=  568.60 steps=1200 succ10=0.90 touch10=0.90 col10=0.10 to10=0.00 min_d= 0.97 avg_spd=2.12m/s end=collision t= 6118.2s
[TRAIN][PPO] ep=367/500 r=  590.52 avg10=  568.24 steps=1477 succ10=0.90 touch10=0.90 col10=0.10 to10=0.00 min_d= 0.30 avg_spd=2.08m/s end=goal t= 6136.1s
[TRAIN][PPO] ep=368/500 r=  591.97 avg10=  568.36 steps=1428 succ10=0.90 touch10=0.90 col10=0.10 to10=0.00 min_d= 0.30 avg_spd=2.07m/s end=goal t= 6154.3s
[TRAIN][PPO] ep=369/500 r=  593.48 avg10=  568.06 steps=1430 succ10=0.90 touch10=0.90 col10=0.10 to10=0.00 min_d= 0.30 avg_spd=2.09m/s end=goal t= 6171.2s
[TRAIN][PPO] ep=370/500 r=  354.98 avg10=  543.75 steps=1256 succ10=0.80 touch10=0.80 col10=0.20 to10=0.00 min_d= 0.91 avg_spd=2.10m/s end=collision t= 6185.6s
[TRAIN][PPO] ep=371/500 r=  594.76 avg10=  543.20 steps=1412 succ10=0.80 touch10=0.80 col10=0.20 to10=0.00 min_d= 0.30 avg_spd=2.12m/s end=goal t= 6202.4s
[TRAIN][PPO] ep=372/500 r=  603.49 avg10=  543.49 steps=1444 succ10=0.80 touch10=0.80 col10=0.20 to10=0.00 min_d= 0.30 avg_spd=2.11m/s end=goal t= 6220.7s
[TRAIN][PPO] ep=373/500 r=  603.01 avg10=  544.97 steps=1521 succ10=0.80 touch10=0.80 col10=0.20 to10=0.00 min_d= 0.30 avg_spd=2.08m/s end=goal t= 6238.6s
[TRAIN][PPO] ep=374/500 r=  585.22 avg10=  543.96 steps=1387 succ10=0.80 touch10=0.80 col10=0.20 to10=0.00 min_d= 0.30 avg_spd=2.10m/s end=goal t= 6254.6s
[TRAIN][PPO] ep=375/500 r=  583.91 avg10=  542.65 steps=1376 succ10=0.80 touch10=0.80 col10=0.20 to10=0.00 min_d= 0.30 avg_spd=2.12m/s end=goal t= 6271.0s
[TRAIN][PPO] ep=376/500 r=  592.40 avg10=  569.38 steps=1398 succ10=0.90 touch10=0.90 col10=0.10 to10=0.00 min_d= 0.30 avg_spd=2.11m/s end=goal t= 6288.3s
[TRAIN][PPO] ep=377/500 r=  594.84 avg10=  569.81 steps=1409 succ10=0.90 touch10=0.90 col10=0.10 to10=0.00 min_d= 0.30 avg_spd=2.12m/s end=goal t= 6305.1s
[TRAIN][PPO] ep=378/500 r=  345.85 avg10=  545.20 steps=1260 succ10=0.80 touch10=0.80 col10=0.20 to10=0.00 min_d= 0.93 avg_spd=2.08m/s end=collision t= 6319.9s
[TRAIN][PPO] ep=379/500 r=  589.50 avg10=  544.80 steps=1410 succ10=0.80 touch10=0.80 col10=0.20 to10=0.00 min_d= 0.30 avg_spd=2.10m/s end=goal t= 6336.3s
[TRAIN][PPO] ep=380/500 r=  600.35 avg10=  569.33 steps=1436 succ10=0.90 touch10=0.90 col10=0.10 to10=0.00 min_d= 0.30 avg_spd=2.12m/s end=goal t= 6355.3s
[TRAIN][PPO] ep=381/500 r=  589.46 avg10=  568.80 steps=1400 succ10=0.90 touch10=0.90 col10=0.10 to10=0.00 min_d= 0.30 avg_spd=2.12m/s end=goal t= 6372.3s
[TRAIN][PPO] ep=382/500 r=  593.39 avg10=  567.79 steps=1411 succ10=0.90 touch10=0.90 col10=0.10 to10=0.00 min_d= 0.30 avg_spd=2.10m/s end=goal t= 6389.2s
[TRAIN][PPO] ep=383/500 r=  600.57 avg10=  567.55 steps=1439 succ10=0.90 touch10=0.90 col10=0.10 to10=0.00 min_d= 0.30 avg_spd=2.11m/s end=goal t= 6406.4s
[TRAIN][PPO] ep=384/500 r=  586.21 avg10=  567.65 steps=1386 succ10=0.90 touch10=0.90 col10=0.10 to10=0.00 min_d= 0.30 avg_spd=2.11m/s end=goal t= 6424.5s
[TRAIN][PPO] ep=385/500 r=  597.40 avg10=  569.00 steps=1427 succ10=0.90 touch10=0.90 col10=0.10 to10=0.00 min_d= 0.30 avg_spd=2.10m/s end=goal t= 6441.7s
[TRAIN][PPO] ep=386/500 r=  593.01 avg10=  569.06 steps=1415 succ10=0.90 touch10=0.90 col10=0.10 to10=0.00 min_d= 0.30 avg_spd=2.10m/s end=goal t= 6458.2s
[TRAIN][PPO] ep=387/500 r=  363.72 avg10=  545.95 steps=1273 succ10=0.80 touch10=0.80 col10=0.20 to10=0.00 min_d= 0.91 avg_spd=2.09m/s end=collision t= 6473.1s
[TRAIN][PPO] ep=388/500 r=  598.87 avg10=  571.25 steps=1510 succ10=0.90 touch10=0.90 col10=0.10 to10=0.00 min_d= 0.30 avg_spd=2.09m/s end=goal t= 6492.3s
[TRAIN][PPO] ep=389/500 r=  591.98 avg10=  571.50 steps=1489 succ10=0.90 touch10=0.90 col10=0.10 to10=0.00 min_d= 0.30 avg_spd=2.07m/s end=goal t= 6509.9s
[TRAIN][PPO] ep=390/500 r=  361.12 avg10=  547.57 steps=1272 succ10=0.80 touch10=0.80 col10=0.20 to10=0.00 min_d= 0.90 avg_spd=2.09m/s end=collision t= 6525.0s
[TRAIN][PPO] ep=391/500 r=  299.13 avg10=  518.54 steps=1102 succ10=0.70 touch10=0.70 col10=0.30 to10=0.00 min_d= 1.35 avg_spd=2.10m/s end=collision t= 6538.1s
[TRAIN][PPO] ep=392/500 r=  595.67 avg10=  518.77 steps=1494 succ10=0.70 touch10=0.70 col10=0.30 to10=0.00 min_d= 0.30 avg_spd=2.09m/s end=goal t= 6556.5s
[TRAIN][PPO] ep=393/500 r=  585.84 avg10=  517.30 steps=1389 succ10=0.70 touch10=0.70 col10=0.30 to10=0.00 min_d= 0.30 avg_spd=2.11m/s end=goal t= 6573.2s
[TRAIN][PPO] ep=394/500 r=  597.29 avg10=  518.40 steps=1439 succ10=0.70 touch10=0.70 col10=0.30 to10=0.00 min_d= 0.30 avg_spd=2.11m/s end=goal t= 6589.7s
[TRAIN][PPO] ep=395/500 r=  602.43 avg10=  518.91 steps=1470 succ10=0.70 touch10=0.70 col10=0.30 to10=0.00 min_d= 0.30 avg_spd=2.08m/s end=goal t= 6606.7s
[TRAIN][PPO] ep=396/500 r=  595.35 avg10=  519.14 steps=1508 succ10=0.70 touch10=0.70 col10=0.30 to10=0.00 min_d= 0.30 avg_spd=2.08m/s end=goal t= 6625.5s
[TRAIN][PPO] ep=397/500 r=  600.31 avg10=  542.80 steps=1437 succ10=0.80 touch10=0.80 col10=0.20 to10=0.00 min_d= 0.30 avg_spd=2.11m/s end=goal t= 6642.4s
[TRAIN][PPO] ep=398/500 r=  581.94 avg10=  541.11 steps=1380 succ10=0.80 touch10=0.80 col10=0.20 to10=0.00 min_d= 0.30 avg_spd=2.13m/s end=goal t= 6658.1s
[TRAIN][PPO] ep=399/500 r=  602.49 avg10=  542.16 steps=1447 succ10=0.80 touch10=0.80 col10=0.20 to10=0.00 min_d= 0.30 avg_spd=2.10m/s end=goal t= 6674.4s
[TRAIN][PPO] ep=400/500 r=  591.71 avg10=  565.22 steps=1435 succ10=0.90 touch10=0.90 col10=0.10 to10=0.00 min_d= 0.30 avg_spd=2.08m/s end=goal t= 6692.3s ckpt=latest
[TRAIN][PPO] ep=401/500 r=  589.85 avg10=  594.29 steps=1395 succ10=1.00 touch10=1.00 col10=0.00 to10=0.00 min_d= 0.30 avg_spd=2.12m/s end=goal t= 6708.6s
[TRAIN][PPO] ep=402/500 r=  595.80 avg10=  594.30 steps=1426 succ10=1.00 touch10=1.00 col10=0.00 to10=0.00 min_d= 0.30 avg_spd=2.11m/s end=goal t= 6725.2s
[TRAIN][PPO] ep=403/500 r=  585.84 avg10=  594.30 steps=1405 succ10=1.00 touch10=1.00 col10=0.00 to10=0.00 min_d= 0.30 avg_spd=2.10m/s end=goal t= 6741.9s
[TRAIN][PPO] ep=404/500 r=  606.05 avg10=  595.18 steps=1457 succ10=1.00 touch10=1.00 col10=0.00 to10=0.00 min_d= 0.30 avg_spd=2.09m/s end=goal t= 6760.4s
[TRAIN][PPO] ep=405/500 r=  337.89 avg10=  568.72 steps=1158 succ10=0.90 touch10=0.90 col10=0.10 to10=0.00 min_d= 1.04 avg_spd=2.08m/s end=collision t= 6773.8s
[TRAIN][PPO] ep=406/500 r=  584.76 avg10=  567.66 steps=1383 succ10=0.90 touch10=0.90 col10=0.10 to10=0.00 min_d= 0.30 avg_spd=2.11m/s end=goal t= 6789.9s
[TRAIN][PPO] ep=407/500 r=  593.08 avg10=  566.94 steps=1432 succ10=0.90 touch10=0.90 col10=0.10 to10=0.00 min_d= 0.30 avg_spd=2.11m/s end=goal t= 6806.7s
[TRAIN][PPO] ep=408/500 r=  597.58 avg10=  568.51 steps=1427 succ10=0.90 touch10=0.90 col10=0.10 to10=0.00 min_d= 0.30 avg_spd=2.10m/s end=goal t= 6824.7s
[TRAIN][PPO] ep=409/500 r=  590.35 avg10=  567.29 steps=1433 succ10=0.90 touch10=0.90 col10=0.10 to10=0.00 min_d= 0.30 avg_spd=2.08m/s end=goal t= 6841.6s
[TRAIN][PPO] ep=410/500 r=  601.21 avg10=  568.24 steps=1434 succ10=0.90 touch10=0.90 col10=0.10 to10=0.00 min_d= 0.30 avg_spd=2.11m/s end=goal t= 6858.3s
[TRAIN][PPO] ep=411/500 r=  587.27 avg10=  567.98 steps=1393 succ10=0.90 touch10=0.90 col10=0.10 to10=0.00 min_d= 0.30 avg_spd=2.10m/s end=goal t= 6874.2s
[TRAIN][PPO] ep=412/500 r=  586.80 avg10=  567.08 steps=1398 succ10=0.90 touch10=0.90 col10=0.10 to10=0.00 min_d= 0.30 avg_spd=2.11m/s end=goal t= 6892.9s
[TRAIN][PPO] ep=413/500 r=  606.13 avg10=  569.11 steps=1527 succ10=0.90 touch10=0.90 col10=0.10 to10=0.00 min_d= 0.30 avg_spd=2.07m/s end=goal t= 6910.4s
[TRAIN][PPO] ep=414/500 r=  599.37 avg10=  568.44 steps=1448 succ10=0.90 touch10=0.90 col10=0.10 to10=0.00 min_d= 0.30 avg_spd=2.11m/s end=goal t= 6926.8s
[TRAIN][PPO] ep=415/500 r=  592.81 avg10=  593.94 steps=1419 succ10=1.00 touch10=1.00 col10=0.00 to10=0.00 min_d= 0.30 avg_spd=2.10m/s end=goal t= 6942.4s
[TRAIN][PPO] ep=416/500 r=  598.36 avg10=  595.30 steps=1422 succ10=1.00 touch10=1.00 col10=0.00 to10=0.00 min_d= 0.30 avg_spd=2.10m/s end=goal t= 6959.7s
[TRAIN][PPO] ep=417/500 r=  589.06 avg10=  594.89 steps=1389 succ10=1.00 touch10=1.00 col10=0.00 to10=0.00 min_d= 0.30 avg_spd=2.10m/s end=goal t= 6975.6s
[TRAIN][PPO] ep=418/500 r=  600.09 avg10=  595.14 steps=1443 succ10=1.00 touch10=1.00 col10=0.00 to10=0.00 min_d= 0.30 avg_spd=2.10m/s end=goal t= 6991.7s
[TRAIN][PPO] ep=419/500 r=  593.55 avg10=  595.46 steps=1489 succ10=1.00 touch10=1.00 col10=0.00 to10=0.00 min_d= 0.30 avg_spd=2.10m/s end=goal t= 7008.7s
[TRAIN][PPO] ep=420/500 r=  603.73 avg10=  595.72 steps=1451 succ10=1.00 touch10=1.00 col10=0.00 to10=0.00 min_d= 0.30 avg_spd=2.10m/s end=goal t= 7026.7s
[TRAIN][PPO] ep=421/500 r=  590.89 avg10=  596.08 steps=1399 succ10=1.00 touch10=1.00 col10=0.00 to10=0.00 min_d= 0.30 avg_spd=2.12m/s end=goal t= 7043.2s
[TRAIN][PPO] ep=422/500 r=  592.95 avg10=  596.69 steps=1419 succ10=1.00 touch10=1.00 col10=0.00 to10=0.00 min_d= 0.30 avg_spd=2.10m/s end=goal t= 7059.0s
[TRAIN][PPO] ep=423/500 r=  589.63 avg10=  595.04 steps=1407 succ10=1.00 touch10=1.00 col10=0.00 to10=0.00 min_d= 0.30 avg_spd=2.10m/s end=goal t= 7074.3s
[TRAIN][PPO] ep=424/500 r=  598.59 avg10=  594.97 steps=1426 succ10=1.00 touch10=1.00 col10=0.00 to10=0.00 min_d= 0.30 avg_spd=2.12m/s end=goal t= 7091.5s
[TRAIN][PPO] ep=425/500 r=  595.18 avg10=  595.20 steps=1418 succ10=1.00 touch10=1.00 col10=0.00 to10=0.00 min_d= 0.30 avg_spd=2.12m/s end=goal t= 7107.9s
[TRAIN][PPO] ep=426/500 r=  602.57 avg10=  595.62 steps=1444 succ10=1.00 touch10=1.00 col10=0.00 to10=0.00 min_d= 0.30 avg_spd=2.11m/s end=goal t= 7124.9s
[TRAIN][PPO] ep=427/500 r=  592.42 avg10=  595.96 steps=1421 succ10=1.00 touch10=1.00 col10=0.00 to10=0.00 min_d= 0.30 avg_spd=2.10m/s end=goal t= 7141.2s
[TRAIN][PPO] ep=428/500 r=  590.47 avg10=  595.00 steps=1482 succ10=1.00 touch10=1.00 col10=0.00 to10=0.00 min_d= 0.30 avg_spd=2.08m/s end=goal t= 7160.8s
[TRAIN][PPO] ep=429/500 r=  605.04 avg10=  596.15 steps=1453 succ10=1.00 touch10=1.00 col10=0.00 to10=0.00 min_d= 0.30 avg_spd=2.09m/s end=goal t= 7177.7s
[TRAIN][PPO] ep=430/500 r=  581.48 avg10=  593.92 steps=1384 succ10=1.00 touch10=1.00 col10=0.00 to10=0.00 min_d= 0.30 avg_spd=2.12m/s end=goal t= 7193.7s
[TRAIN][PPO] ep=431/500 r=  590.95 avg10=  593.93 steps=1419 succ10=1.00 touch10=1.00 col10=0.00 to10=0.00 min_d= 0.30 avg_spd=2.09m/s end=goal t= 7210.0s
[TRAIN][PPO] ep=432/500 r=  595.37 avg10=  594.17 steps=1434 succ10=1.00 touch10=1.00 col10=0.00 to10=0.00 min_d= 0.30 avg_spd=2.10m/s end=goal t= 7227.8s
[TRAIN][PPO] ep=433/500 r=  601.51 avg10=  595.36 steps=1441 succ10=1.00 touch10=1.00 col10=0.00 to10=0.00 min_d= 0.30 avg_spd=2.11m/s end=goal t= 7244.0s
[TRAIN][PPO] ep=434/500 r=  591.17 avg10=  594.62 steps=1412 succ10=1.00 touch10=1.00 col10=0.00 to10=0.00 min_d= 0.30 avg_spd=2.11m/s end=goal t= 7260.1s
[TRAIN][PPO] ep=435/500 r=  597.45 avg10=  594.84 steps=1440 succ10=1.00 touch10=1.00 col10=0.00 to10=0.00 min_d= 0.30 avg_spd=2.10m/s end=goal t= 7276.1s
[TRAIN][PPO] ep=436/500 r=  594.29 avg10=  594.02 steps=1418 succ10=1.00 touch10=1.00 col10=0.00 to10=0.00 min_d= 0.30 avg_spd=2.12m/s end=goal t= 7294.3s
[TRAIN][PPO] ep=437/500 r=  603.26 avg10=  595.10 steps=1439 succ10=1.00 touch10=1.00 col10=0.00 to10=0.00 min_d= 0.30 avg_spd=2.10m/s end=goal t= 7310.9s
[TRAIN][PPO] ep=438/500 r=  596.92 avg10=  595.74 steps=1434 succ10=1.00 touch10=1.00 col10=0.00 to10=0.00 min_d= 0.30 avg_spd=2.11m/s end=goal t= 7326.6s
[TRAIN][PPO] ep=439/500 r=  591.54 avg10=  594.39 steps=1416 succ10=1.00 touch10=1.00 col10=0.00 to10=0.00 min_d= 0.30 avg_spd=2.11m/s end=goal t= 7342.8s
[TRAIN][PPO] ep=440/500 r=  589.43 avg10=  595.19 steps=1433 succ10=1.00 touch10=1.00 col10=0.00 to10=0.00 min_d= 0.30 avg_spd=2.10m/s end=goal t= 7360.4s
[TRAIN][PPO] ep=441/500 r=  599.77 avg10=  596.07 steps=1429 succ10=1.00 touch10=1.00 col10=0.00 to10=0.00 min_d= 0.30 avg_spd=2.11m/s end=goal t= 7376.9s
[TRAIN][PPO] ep=442/500 r=  583.37 avg10=  594.87 steps=1377 succ10=1.00 touch10=1.00 col10=0.00 to10=0.00 min_d= 0.30 avg_spd=2.12m/s end=goal t= 7392.9s
[TRAIN][PPO] ep=443/500 r=  601.49 avg10=  594.87 steps=1426 succ10=1.00 touch10=1.00 col10=0.00 to10=0.00 min_d= 0.30 avg_spd=2.12m/s end=goal t= 7409.2s
[TRAIN][PPO] ep=444/500 r=  599.95 avg10=  595.75 steps=1426 succ10=1.00 touch10=1.00 col10=0.00 to10=0.00 min_d= 0.30 avg_spd=2.12m/s end=goal t= 7426.9s
[TRAIN][PPO] ep=445/500 r=  598.24 avg10=  595.83 steps=1429 succ10=1.00 touch10=1.00 col10=0.00 to10=0.00 min_d= 0.30 avg_spd=2.11m/s end=goal t= 7443.5s
[TRAIN][PPO] ep=446/500 r=  594.44 avg10=  595.84 steps=1413 succ10=1.00 touch10=1.00 col10=0.00 to10=0.00 min_d= 0.30 avg_spd=2.12m/s end=goal t= 7459.5s
[TRAIN][PPO] ep=447/500 r=  587.67 avg10=  594.28 steps=1471 succ10=1.00 touch10=1.00 col10=0.00 to10=0.00 min_d= 0.30 avg_spd=2.09m/s end=goal t= 7476.0s
[TRAIN][PPO] ep=448/500 r=  590.64 avg10=  593.65 steps=1409 succ10=1.00 touch10=1.00 col10=0.00 to10=0.00 min_d= 0.30 avg_spd=2.11m/s end=goal t= 7493.2s
[TRAIN][PPO] ep=449/500 r=  588.40 avg10=  593.34 steps=1406 succ10=1.00 touch10=1.00 col10=0.00 to10=0.00 min_d= 0.30 avg_spd=2.09m/s end=goal t= 7509.2s
[TRAIN][PPO] ep=450/500 r=  605.68 avg10=  594.97 steps=1446 succ10=1.00 touch10=1.00 col10=0.00 to10=0.00 min_d= 0.30 avg_spd=2.10m/s end=goal t= 7526.0s
[TRAIN][PPO] ep=451/500 r=  601.58 avg10=  595.15 steps=1427 succ10=1.00 touch10=1.00 col10=0.00 to10=0.00 min_d= 0.30 avg_spd=2.12m/s end=goal t= 7542.2s
[TRAIN][PPO] ep=452/500 r=  592.87 avg10=  596.10 steps=1393 succ10=1.00 touch10=1.00 col10=0.00 to10=0.00 min_d= 0.30 avg_spd=2.10m/s end=goal t= 7561.7s
[TRAIN][PPO] ep=453/500 r=  332.05 avg10=  569.15 steps=1139 succ10=0.90 touch10=0.90 col10=0.10 to10=0.00 min_d= 1.05 avg_spd=2.09m/s end=collision t= 7574.8s
[TRAIN][PPO] ep=454/500 r=  603.13 avg10=  569.47 steps=1446 succ10=0.90 touch10=0.90 col10=0.10 to10=0.00 min_d= 0.30 avg_spd=2.10m/s end=goal t= 7591.9s
[TRAIN][PPO] ep=455/500 r=  334.15 avg10=  543.06 steps=1137 succ10=0.80 touch10=0.80 col10=0.20 to10=0.00 min_d= 1.02 avg_spd=2.10m/s end=collision t= 7605.3s
[TRAIN][PPO] ep=456/500 r=  339.06 avg10=  517.52 steps=1155 succ10=0.70 touch10=0.70 col10=0.30 to10=0.00 min_d= 1.01 avg_spd=2.07m/s end=collision t= 7619.7s
[TRAIN][PPO] ep=457/500 r=  602.45 avg10=  519.00 steps=1440 succ10=0.70 touch10=0.70 col10=0.30 to10=0.00 min_d= 0.30 avg_spd=2.11m/s end=goal t= 7636.5s
[TRAIN][PPO] ep=458/500 r=  599.60 avg10=  519.90 steps=1439 succ10=0.70 touch10=0.70 col10=0.30 to10=0.00 min_d= 0.30 avg_spd=2.12m/s end=goal t= 7653.0s
[TRAIN][PPO] ep=459/500 r=  588.09 avg10=  519.87 steps=1394 succ10=0.70 touch10=0.70 col10=0.30 to10=0.00 min_d= 0.30 avg_spd=2.11m/s end=goal t= 7669.4s
[TRAIN][PPO] ep=460/500 r=  598.62 avg10=  519.16 steps=1423 succ10=0.70 touch10=0.70 col10=0.30 to10=0.00 min_d= 0.30 avg_spd=2.10m/s end=goal t= 7687.2s
[TRAIN][PPO] ep=461/500 r=  585.30 avg10=  517.53 steps=1399 succ10=0.70 touch10=0.70 col10=0.30 to10=0.00 min_d= 0.30 avg_spd=2.10m/s end=goal t= 7703.0s
[TRAIN][PPO] ep=462/500 r=  589.57 avg10=  517.20 steps=1398 succ10=0.70 touch10=0.70 col10=0.30 to10=0.00 min_d= 0.30 avg_spd=2.14m/s end=goal t= 7719.3s
[TRAIN][PPO] ep=463/500 r=  584.97 avg10=  542.49 steps=1383 succ10=0.80 touch10=0.80 col10=0.20 to10=0.00 min_d= 0.30 avg_spd=2.12m/s end=goal t= 7735.4s
[TRAIN][PPO] ep=464/500 r=  585.86 avg10=  540.77 steps=1379 succ10=0.80 touch10=0.80 col10=0.20 to10=0.00 min_d= 0.30 avg_spd=2.13m/s end=goal t= 7753.0s
[TRAIN][PPO] ep=465/500 r=  586.00 avg10=  565.95 steps=1398 succ10=0.90 touch10=0.90 col10=0.10 to10=0.00 min_d= 0.30 avg_spd=2.10m/s end=goal t= 7769.6s
[TRAIN][PPO] ep=466/500 r=  581.12 avg10=  590.16 steps=1378 succ10=1.00 touch10=1.00 col10=0.00 to10=0.00 min_d= 0.30 avg_spd=2.12m/s end=goal t= 7785.6s
[TRAIN][PPO] ep=467/500 r=  598.23 avg10=  589.74 steps=1423 succ10=1.00 touch10=1.00 col10=0.00 to10=0.00 min_d= 0.30 avg_spd=2.10m/s end=goal t= 7802.0s
[TRAIN][PPO] ep=468/500 r=  332.40 avg10=  563.02 steps=1126 succ10=0.90 touch10=0.90 col10=0.10 to10=0.00 min_d= 1.06 avg_spd=2.10m/s end=collision t= 7816.0s
[TRAIN][PPO] ep=469/500 r=  598.09 avg10=  564.02 steps=1420 succ10=0.90 touch10=0.90 col10=0.10 to10=0.00 min_d= 0.30 avg_spd=2.11m/s end=goal t= 7832.4s
[TRAIN][PPO] ep=470/500 r=  591.95 avg10=  563.35 steps=1415 succ10=0.90 touch10=0.90 col10=0.10 to10=0.00 min_d= 0.30 avg_spd=2.11m/s end=goal t= 7849.2s
[TRAIN][PPO] ep=471/500 r=  322.15 avg10=  537.03 steps=1111 succ10=0.80 touch10=0.80 col10=0.20 to10=0.00 min_d= 1.08 avg_spd=2.10m/s end=collision t= 7862.1s
[TRAIN][PPO] ep=472/500 r=  582.77 avg10=  536.35 steps=1390 succ10=0.80 touch10=0.80 col10=0.20 to10=0.00 min_d= 0.30 avg_spd=2.11m/s end=goal t= 7880.2s
[TRAIN][PPO] ep=473/500 r=  605.83 avg10=  538.44 steps=1434 succ10=0.80 touch10=0.80 col10=0.20 to10=0.00 min_d= 0.30 avg_spd=2.11m/s end=goal t= 7897.1s
[TRAIN][PPO] ep=474/500 r=  603.68 avg10=  540.22 steps=1431 succ10=0.80 touch10=0.80 col10=0.20 to10=0.00 min_d= 0.30 avg_spd=2.11m/s end=goal t= 7913.8s
[TRAIN][PPO] ep=475/500 r=  587.37 avg10=  540.36 steps=1384 succ10=0.80 touch10=0.80 col10=0.20 to10=0.00 min_d= 0.30 avg_spd=2.11m/s end=goal t= 7930.0s
[TRAIN][PPO] ep=476/500 r=  593.52 avg10=  541.60 steps=1418 succ10=0.80 touch10=0.80 col10=0.20 to10=0.00 min_d= 0.30 avg_spd=2.11m/s end=goal t= 7947.4s
[TRAIN][PPO] ep=477/500 r=  332.03 avg10=  514.98 steps=1134 succ10=0.70 touch10=0.70 col10=0.30 to10=0.00 min_d= 1.06 avg_spd=2.09m/s end=collision t= 7960.6s
[TRAIN][PPO] ep=478/500 r=  588.12 avg10=  540.55 steps=1393 succ10=0.80 touch10=0.80 col10=0.20 to10=0.00 min_d= 0.30 avg_spd=2.10m/s end=goal t= 7977.9s
[TRAIN][PPO] ep=479/500 r=  355.14 avg10=  516.26 steps=1209 succ10=0.70 touch10=0.70 col10=0.30 to10=0.00 min_d= 0.97 avg_spd=2.10m/s end=collision t= 7992.6s
[TRAIN][PPO] ep=480/500 r=  598.96 avg10=  516.96 steps=1448 succ10=0.70 touch10=0.70 col10=0.30 to10=0.00 min_d= 0.30 avg_spd=2.10m/s end=goal t= 8011.3s
[TRAIN][PPO] ep=481/500 r=  582.73 avg10=  543.01 steps=1390 succ10=0.80 touch10=0.80 col10=0.20 to10=0.00 min_d= 0.30 avg_spd=2.12m/s end=goal t= 8028.1s
[TRAIN][PPO] ep=482/500 r=  590.83 avg10=  543.82 steps=1398 succ10=0.80 touch10=0.80 col10=0.20 to10=0.00 min_d= 0.30 avg_spd=2.12m/s end=goal t= 8044.9s
[TRAIN][PPO] ep=483/500 r=  598.27 avg10=  543.07 steps=1425 succ10=0.80 touch10=0.80 col10=0.20 to10=0.00 min_d= 0.30 avg_spd=2.12m/s end=goal t= 8062.0s
[TRAIN][PPO] ep=484/500 r=  598.08 avg10=  542.51 steps=1418 succ10=0.80 touch10=0.80 col10=0.20 to10=0.00 min_d= 0.30 avg_spd=2.13m/s end=goal t= 8081.6s
[TRAIN][PPO] ep=485/500 r=  594.92 avg10=  543.26 steps=1429 succ10=0.80 touch10=0.80 col10=0.20 to10=0.00 min_d= 0.30 avg_spd=2.09m/s end=goal t= 8098.7s
[TRAIN][PPO] ep=486/500 r=  591.08 avg10=  543.02 steps=1397 succ10=0.80 touch10=0.80 col10=0.20 to10=0.00 min_d= 0.30 avg_spd=2.12m/s end=goal t= 8115.7s
[TRAIN][PPO] ep=487/500 r=  586.18 avg10=  568.43 steps=1416 succ10=0.90 touch10=0.90 col10=0.10 to10=0.00 min_d= 0.30 avg_spd=2.10m/s end=goal t= 8132.5s
[TRAIN][PPO] ep=488/500 r=  596.83 avg10=  569.30 steps=1447 succ10=0.90 touch10=0.90 col10=0.10 to10=0.00 min_d= 0.30 avg_spd=2.11m/s end=goal t= 8151.1s
[TRAIN][PPO] ep=489/500 r=  600.83 avg10=  593.87 steps=1442 succ10=1.00 touch10=1.00 col10=0.00 to10=0.00 min_d= 0.30 avg_spd=2.12m/s end=goal t= 8168.4s
[TRAIN][PPO] ep=490/500 r=  594.67 avg10=  593.44 steps=1421 succ10=1.00 touch10=1.00 col10=0.00 to10=0.00 min_d= 0.30 avg_spd=2.12m/s end=goal t= 8185.6s
[TRAIN][PPO] ep=491/500 r=  598.32 avg10=  595.00 steps=1424 succ10=1.00 touch10=1.00 col10=0.00 to10=0.00 min_d= 0.30 avg_spd=2.11m/s end=goal t= 8202.9s
[TRAIN][PPO] ep=492/500 r=  591.22 avg10=  595.04 steps=1400 succ10=1.00 touch10=1.00 col10=0.00 to10=0.00 min_d= 0.30 avg_spd=2.11m/s end=goal t= 8221.3s
[TRAIN][PPO] ep=493/500 r=  593.35 avg10=  594.55 steps=1413 succ10=1.00 touch10=1.00 col10=0.00 to10=0.00 min_d= 0.30 avg_spd=2.12m/s end=goal t= 8238.4s
[TRAIN][PPO] ep=494/500 r=  325.88 avg10=  567.33 steps=1113 succ10=0.90 touch10=0.90 col10=0.10 to10=0.00 min_d= 1.06 avg_spd=2.10m/s end=collision t= 8251.5s
[TRAIN][PPO] ep=495/500 r=  599.43 avg10=  567.78 steps=1457 succ10=0.90 touch10=0.90 col10=0.10 to10=0.00 min_d= 0.30 avg_spd=2.10m/s end=goal t= 8268.8s
[TRAIN][PPO] ep=496/500 r=  595.80 avg10=  568.25 steps=1412 succ10=0.90 touch10=0.90 col10=0.10 to10=0.00 min_d= 0.30 avg_spd=2.13m/s end=goal t= 8286.5s
[TRAIN][PPO] ep=497/500 r=  597.65 avg10=  569.40 steps=1420 succ10=0.90 touch10=0.90 col10=0.10 to10=0.00 min_d= 0.30 avg_spd=2.12m/s end=goal t= 8303.2s
[TRAIN][PPO] ep=498/500 r=  337.45 avg10=  543.46 steps=1144 succ10=0.80 touch10=0.80 col10=0.20 to10=0.00 min_d= 0.99 avg_spd=2.09m/s end=collision t= 8316.9s
[TRAIN][PPO] ep=499/500 r=  331.80 avg10=  516.56 steps=1142 succ10=0.70 touch10=0.70 col10=0.30 to10=0.00 min_d= 1.06 avg_spd=2.09m/s end=collision t= 8330.5s
INFO: PPO: Terminating.
[RUN] completed stage checkpoint=/uio/hume/student-u79/esbrovol/fys5429/DRL-Obstacle-Avoidance/controllers/PPO/checkpoints/20260525_141956_none_seed01_stage05_train_5_goal_shift_pos/final_20260525_141956_none_seed01_stage05_train_5_goal_shift_pos.pth
[RUN] arch=none seed=1 stage=6/10 world=/uio/hume/student-u79/esbrovol/fys5429/DRL-Obstacle-Avoidance/worlds/training/train_6_goal_shift_neg.wbt
[RUN] resuming from /uio/hume/student-u79/esbrovol/fys5429/DRL-Obstacle-Avoidance/controllers/PPO/checkpoints/20260525_141956_none_seed01_stage05_train_5_goal_shift_pos/final_20260525_141956_none_seed01_stage05_train_5_goal_shift_pos.pth
INFO: PPO: Starting controller: python3 -u PPO.py
[PPO] Using architecture: NONE
[PPO] Loaded architecture: NONE
[TRAIN][PPO] arch=NONE weights_dir=/uio/hume/student-u79/esbrovol/fys5429/DRL-Obstacle-Avoidance/controllers/PPO/checkpoints/20260525_141956_none_seed01_stage06_train_6_goal_shift_neg final=/uio/hume/student-u79/esbrovol/fys5429/DRL-Obstacle-Avoidance/controllers/PPO/checkpoints/20260525_141956_none_seed01_stage06_train_6_goal_shift_neg/final_20260525_141956_none_seed01_stage06_train_6_goal_shift_neg.pth
[TRAIN][PPO] episodes=500 update_every=4 obs=31 act=2 cell=NONE seq=32 burn_in=0
[TRAIN][PPO] ep=001/500 r=  594.97 avg10=  594.97 steps=1511 succ10=1.00 touch10=1.00 col10=0.00 to10=0.00 min_d= 0.30 avg_spd=2.11m/s end=goal t=   17.7s ckpt=best_goal
[TRAIN][PPO] ep=002/500 r=  602.93 avg10=  598.95 steps=1440 succ10=1.00 touch10=1.00 col10=0.00 to10=0.00 min_d= 0.30 avg_spd=2.11m/s end=goal t=   34.2s ckpt=best_goal
[TRAIN][PPO] ep=003/500 r=  591.01 avg10=  596.31 steps=1442 succ10=1.00 touch10=1.00 col10=0.00 to10=0.00 min_d= 0.30 avg_spd=2.10m/s end=goal t=   50.6s
[TRAIN][PPO] ep=004/500 r=  591.14 avg10=  595.01 steps=1545 succ10=1.00 touch10=1.00 col10=0.00 to10=0.00 min_d= 0.30 avg_spd=2.11m/s end=goal t=   70.5s
[TRAIN][PPO] ep=005/500 r=  594.17 avg10=  594.84 steps=1451 succ10=1.00 touch10=1.00 col10=0.00 to10=0.00 min_d= 0.30 avg_spd=2.09m/s end=goal t=   88.2s
[TRAIN][PPO] ep=006/500 r=  600.85 avg10=  595.84 steps=1443 succ10=1.00 touch10=1.00 col10=0.00 to10=0.00 min_d= 0.30 avg_spd=2.11m/s end=goal t=  104.5s
[TRAIN][PPO] ep=007/500 r=  586.90 avg10=  594.57 steps=1442 succ10=1.00 touch10=1.00 col10=0.00 to10=0.00 min_d= 0.30 avg_spd=2.09m/s end=goal t=  120.6s
[TRAIN][PPO] ep=008/500 r=  -36.70 avg10=  515.66 steps=  51 succ10=0.88 touch10=0.88 col10=0.12 to10=0.00 min_d= 3.81 avg_spd=2.04m/s end=collision t=  122.8s
[TRAIN][PPO] ep=009/500 r=  604.28 avg10=  525.51 steps=1469 succ10=0.89 touch10=0.89 col10=0.11 to10=0.00 min_d= 0.30 avg_spd=2.10m/s end=goal t=  140.4s ckpt=best_goal
[TRAIN][PPO] ep=010/500 r=  326.27 avg10=  505.58 steps=1126 succ10=0.80 touch10=0.80 col10=0.20 to10=0.00 min_d= 1.23 avg_spd=2.07m/s end=collision t=  154.1s
[TRAIN][PPO] ep=011/500 r=  598.28 avg10=  505.91 steps=1433 succ10=0.80 touch10=0.80 col10=0.20 to10=0.00 min_d= 0.30 avg_spd=2.10m/s end=goal t=  171.8s
[TRAIN][PPO] ep=012/500 r=  577.59 avg10=  503.38 steps=1530 succ10=0.80 touch10=0.80 col10=0.20 to10=0.00 min_d= 0.30 avg_spd=2.10m/s end=goal t=  191.1s
[TRAIN][PPO] ep=013/500 r=  595.67 avg10=  503.84 steps=1430 succ10=0.80 touch10=0.80 col10=0.20 to10=0.00 min_d= 0.30 avg_spd=2.09m/s end=goal t=  208.0s
[TRAIN][PPO] ep=014/500 r=  588.47 avg10=  503.58 steps=1539 succ10=0.80 touch10=0.80 col10=0.20 to10=0.00 min_d= 0.30 avg_spd=2.10m/s end=goal t=  226.2s
[TRAIN][PPO] ep=015/500 r=  599.73 avg10=  504.13 steps=1474 succ10=0.80 touch10=0.80 col10=0.20 to10=0.00 min_d= 0.30 avg_spd=2.08m/s end=goal t=  243.8s
[TRAIN][PPO] ep=016/500 r=  600.34 avg10=  504.08 steps=1517 succ10=0.80 touch10=0.80 col10=0.20 to10=0.00 min_d= 0.30 avg_spd=2.09m/s end=goal t=  263.3s
[TRAIN][PPO] ep=017/500 r=  -38.43 avg10=  441.55 steps=  38 succ10=0.70 touch10=0.70 col10=0.30 to10=0.00 min_d= 3.85 avg_spd=2.05m/s end=collision t=  263.8s
[TRAIN][PPO] ep=018/500 r=  596.24 avg10=  504.84 steps=1416 succ10=0.80 touch10=0.80 col10=0.20 to10=0.00 min_d= 0.30 avg_spd=2.11m/s end=goal t=  280.7s
[TRAIN][PPO] ep=019/500 r=  601.83 avg10=  504.60 steps=1443 succ10=0.80 touch10=0.80 col10=0.20 to10=0.00 min_d= 0.30 avg_spd=2.11m/s end=goal t=  297.8s
[TRAIN][PPO] ep=020/500 r=  602.74 avg10=  532.25 steps=1445 succ10=0.90 touch10=0.90 col10=0.10 to10=0.00 min_d= 0.30 avg_spd=2.11m/s end=goal t=  316.3s
[TRAIN][PPO] ep=021/500 r=  594.48 avg10=  531.86 steps=1460 succ10=0.90 touch10=0.90 col10=0.10 to10=0.00 min_d= 0.30 avg_spd=2.10m/s end=goal t=  334.1s
[TRAIN][PPO] ep=022/500 r=  590.29 avg10=  533.13 steps=1454 succ10=0.90 touch10=0.90 col10=0.10 to10=0.00 min_d= 0.30 avg_spd=2.09m/s end=goal t=  351.4s
[TRAIN][PPO] ep=023/500 r=  599.66 avg10=  533.53 steps=1437 succ10=0.90 touch10=0.90 col10=0.10 to10=0.00 min_d= 0.30 avg_spd=2.09m/s end=goal t=  368.3s
[TRAIN][PPO] ep=024/500 r=  606.26 avg10=  535.31 steps=1452 succ10=0.90 touch10=0.90 col10=0.10 to10=0.00 min_d= 0.30 avg_spd=2.10m/s end=goal t=  387.1s ckpt=best_goal
[TRAIN][PPO] ep=025/500 r=  608.25 avg10=  536.17 steps=1461 succ10=0.90 touch10=0.90 col10=0.10 to10=0.00 min_d= 0.30 avg_spd=2.09m/s end=goal t=  404.2s ckpt=best_goal
[TRAIN][PPO] ep=026/500 r=  593.30 avg10=  535.46 steps=1424 succ10=0.90 touch10=0.90 col10=0.10 to10=0.00 min_d= 0.30 avg_spd=2.09m/s end=goal t=  420.7s
[TRAIN][PPO] ep=027/500 r=  596.71 avg10=  598.98 steps=1421 succ10=1.00 touch10=1.00 col10=0.00 to10=0.00 min_d= 0.30 avg_spd=2.10m/s end=goal t=  438.4s
[TRAIN][PPO] ep=028/500 r=  607.76 avg10=  600.13 steps=1457 succ10=1.00 touch10=1.00 col10=0.00 to10=0.00 min_d= 0.30 avg_spd=2.08m/s end=goal t=  457.1s
[TRAIN][PPO] ep=029/500 r=  589.32 avg10=  598.88 steps=1407 succ10=1.00 touch10=1.00 col10=0.00 to10=0.00 min_d= 0.30 avg_spd=2.09m/s end=goal t=  474.2s
[TRAIN][PPO] ep=030/500 r=  603.01 avg10=  598.91 steps=1468 succ10=1.00 touch10=1.00 col10=0.00 to10=0.00 min_d= 0.30 avg_spd=2.10m/s end=goal t=  492.2s
[TRAIN][PPO] ep=031/500 r=  600.61 avg10=  599.52 steps=1434 succ10=1.00 touch10=1.00 col10=0.00 to10=0.00 min_d= 0.30 avg_spd=2.08m/s end=goal t=  509.8s
[TRAIN][PPO] ep=032/500 r=  579.29 avg10=  598.42 steps=1539 succ10=1.00 touch10=1.00 col10=0.00 to10=0.00 min_d= 0.30 avg_spd=2.07m/s end=goal t=  529.9s
[TRAIN][PPO] ep=033/500 r=  596.76 avg10=  598.13 steps=1419 succ10=1.00 touch10=1.00 col10=0.00 to10=0.00 min_d= 0.30 avg_spd=2.10m/s end=goal t=  546.5s
[TRAIN][PPO] ep=034/500 r=  591.44 avg10=  596.65 steps=1414 succ10=1.00 touch10=1.00 col10=0.00 to10=0.00 min_d= 0.30 avg_spd=2.09m/s end=goal t=  563.6s
[TRAIN][PPO] ep=035/500 r=  590.89 avg10=  594.91 steps=1416 succ10=1.00 touch10=1.00 col10=0.00 to10=0.00 min_d= 0.30 avg_spd=2.11m/s end=goal t=  580.6s
[TRAIN][PPO] ep=036/500 r=  593.14 avg10=  594.89 steps=1455 succ10=1.00 touch10=1.00 col10=0.00 to10=0.00 min_d= 0.30 avg_spd=2.10m/s end=goal t=  599.4s
[TRAIN][PPO] ep=037/500 r=  602.02 avg10=  595.43 steps=1439 succ10=1.00 touch10=1.00 col10=0.00 to10=0.00 min_d= 0.30 avg_spd=2.12m/s end=goal t=  616.1s
[TRAIN][PPO] ep=038/500 r=  605.84 avg10=  595.23 steps=1457 succ10=1.00 touch10=1.00 col10=0.00 to10=0.00 min_d= 0.30 avg_spd=2.10m/s end=goal t=  634.6s
[TRAIN][PPO] ep=039/500 r=  -39.70 avg10=  532.33 steps=  39 succ10=0.90 touch10=0.90 col10=0.10 to10=0.00 min_d= 3.82 avg_spd=2.04m/s end=collision t=  635.1s
[TRAIN][PPO] ep=040/500 r=  594.76 avg10=  531.51 steps=1493 succ10=0.90 touch10=0.90 col10=0.10 to10=0.00 min_d= 0.30 avg_spd=2.11m/s end=goal t=  654.8s
[TRAIN][PPO] ep=041/500 r=  604.46 avg10=  531.89 steps=1454 succ10=0.90 touch10=0.90 col10=0.10 to10=0.00 min_d= 0.30 avg_spd=2.09m/s end=goal t=  672.4s
[TRAIN][PPO] ep=042/500 r=  598.99 avg10=  533.86 steps=1430 succ10=0.90 touch10=0.90 col10=0.10 to10=0.00 min_d= 0.30 avg_spd=2.09m/s end=goal t=  689.5s
[TRAIN][PPO] ep=043/500 r=  605.88 avg10=  534.77 steps=1470 succ10=0.90 touch10=0.90 col10=0.10 to10=0.00 min_d= 0.30 avg_spd=2.07m/s end=goal t=  706.6s
[TRAIN][PPO] ep=044/500 r=  598.97 avg10=  535.52 steps=1431 succ10=0.90 touch10=0.90 col10=0.10 to10=0.00 min_d= 0.30 avg_spd=2.08m/s end=goal t=  725.0s
[TRAIN][PPO] ep=045/500 r=  607.53 avg10=  537.19 steps=1456 succ10=0.90 touch10=0.90 col10=0.10 to10=0.00 min_d= 0.30 avg_spd=2.09m/s end=goal t=  742.6s
[TRAIN][PPO] ep=046/500 r=  589.78 avg10=  536.85 steps=1402 succ10=0.90 touch10=0.90 col10=0.10 to10=0.00 min_d= 0.30 avg_spd=2.11m/s end=goal t=  759.1s
[TRAIN][PPO] ep=047/500 r=  602.41 avg10=  536.89 steps=1518 succ10=0.90 touch10=0.90 col10=0.10 to10=0.00 min_d= 0.30 avg_spd=2.10m/s end=goal t=  776.6s
[TRAIN][PPO] ep=048/500 r=  -26.63 avg10=  473.65 steps=  79 succ10=0.80 touch10=0.80 col10=0.20 to10=0.00 min_d= 3.84 avg_spd=2.17m/s end=collision t=  778.6s
[TRAIN][PPO] ep=049/500 r=  583.45 avg10=  535.96 steps=1527 succ10=0.90 touch10=0.90 col10=0.10 to10=0.00 min_d= 0.30 avg_spd=2.08m/s end=goal t=  796.0s
[TRAIN][PPO] ep=050/500 r=  606.75 avg10=  537.16 steps=1467 succ10=0.90 touch10=0.90 col10=0.10 to10=0.00 min_d= 0.30 avg_spd=2.10m/s end=goal t=  813.0s
[TRAIN][PPO] ep=051/500 r=  601.68 avg10=  536.88 steps=1486 succ10=0.90 touch10=0.90 col10=0.10 to10=0.00 min_d= 0.30 avg_spd=2.09m/s end=goal t=  830.3s
[TRAIN][PPO] ep=052/500 r=  602.28 avg10=  537.21 steps=1460 succ10=0.90 touch10=0.90 col10=0.10 to10=0.00 min_d= 0.30 avg_spd=2.09m/s end=goal t=  850.1s
[TRAIN][PPO] ep=053/500 r=  592.03 avg10=  535.82 steps=1411 succ10=0.90 touch10=0.90 col10=0.10 to10=0.00 min_d= 0.30 avg_spd=2.10m/s end=goal t=  866.7s
[TRAIN][PPO] ep=054/500 r=  591.78 avg10=  535.11 steps=1459 succ10=0.90 touch10=0.90 col10=0.10 to10=0.00 min_d= 0.30 avg_spd=2.10m/s end=goal t=  883.7s
[TRAIN][PPO] ep=055/500 r=  604.75 avg10=  534.83 steps=1449 succ10=0.90 touch10=0.90 col10=0.10 to10=0.00 min_d= 0.30 avg_spd=2.11m/s end=goal t=  900.5s
[TRAIN][PPO] ep=056/500 r=  599.02 avg10=  535.75 steps=1466 succ10=0.90 touch10=0.90 col10=0.10 to10=0.00 min_d= 0.30 avg_spd=2.08m/s end=goal t=  919.1s
[TRAIN][PPO] ep=057/500 r=  578.64 avg10=  533.37 steps=1429 succ10=0.90 touch10=0.90 col10=0.10 to10=0.00 min_d= 0.30 avg_spd=2.11m/s end=goal t=  935.6s
[TRAIN][PPO] ep=058/500 r=  598.17 avg10=  595.85 steps=1430 succ10=1.00 touch10=1.00 col10=0.00 to10=0.00 min_d= 0.30 avg_spd=2.10m/s end=goal t=  952.4s
[TRAIN][PPO] ep=059/500 r=  -31.26 avg10=  534.38 steps=  58 succ10=0.90 touch10=0.90 col10=0.10 to10=0.00 min_d= 3.85 avg_spd=2.15m/s end=collision t=  953.2s
[TRAIN][PPO] ep=060/500 r=  593.95 avg10=  533.10 steps=1419 succ10=0.90 touch10=0.90 col10=0.10 to10=0.00 min_d= 0.30 avg_spd=2.10m/s end=goal t=  971.0s
[TRAIN][PPO] ep=061/500 r=  604.63 avg10=  533.40 steps=1457 succ10=0.90 touch10=0.90 col10=0.10 to10=0.00 min_d= 0.30 avg_spd=2.11m/s end=goal t=  988.4s
[TRAIN][PPO] ep=062/500 r=  602.93 avg10=  533.46 steps=1439 succ10=0.90 touch10=0.90 col10=0.10 to10=0.00 min_d= 0.30 avg_spd=2.11m/s end=goal t= 1005.3s
[TRAIN][PPO] ep=063/500 r=  576.83 avg10=  531.94 steps=1497 succ10=0.90 touch10=0.90 col10=0.10 to10=0.00 min_d= 0.30 avg_spd=2.09m/s end=goal t= 1022.5s
[TRAIN][PPO] ep=064/500 r=  594.56 avg10=  532.22 steps=1431 succ10=0.90 touch10=0.90 col10=0.10 to10=0.00 min_d= 0.30 avg_spd=2.09m/s end=goal t= 1040.8s
[TRAIN][PPO] ep=065/500 r=  -43.52 avg10=  467.40 steps=  23 succ10=0.80 touch10=0.80 col10=0.20 to10=0.00 min_d= 3.84 avg_spd=2.08m/s end=collision t= 1041.1s
[TRAIN][PPO] ep=066/500 r=  597.17 avg10=  467.21 steps=1441 succ10=0.80 touch10=0.80 col10=0.20 to10=0.00 min_d= 0.30 avg_spd=2.08m/s end=goal t= 1058.6s
[TRAIN][PPO] ep=067/500 r=  593.94 avg10=  468.74 steps=1418 succ10=0.80 touch10=0.80 col10=0.20 to10=0.00 min_d= 0.30 avg_spd=2.11m/s end=goal t= 1075.4s
[TRAIN][PPO] ep=068/500 r=  598.79 avg10=  468.80 steps=1438 succ10=0.80 touch10=0.80 col10=0.20 to10=0.00 min_d= 0.30 avg_spd=2.10m/s end=goal t= 1094.4s
[TRAIN][PPO] ep=069/500 r=  599.75 avg10=  531.90 steps=1450 succ10=0.90 touch10=0.90 col10=0.10 to10=0.00 min_d= 0.30 avg_spd=2.08m/s end=goal t= 1111.6s
[TRAIN][PPO] ep=070/500 r=  599.00 avg10=  532.41 steps=1426 succ10=0.90 touch10=0.90 col10=0.10 to10=0.00 min_d= 0.30 avg_spd=2.11m/s end=goal t= 1128.6s
[TRAIN][PPO] ep=071/500 r=  604.05 avg10=  532.35 steps=1441 succ10=0.90 touch10=0.90 col10=0.10 to10=0.00 min_d= 0.30 avg_spd=2.11m/s end=goal t= 1145.8s
[TRAIN][PPO] ep=072/500 r=  606.38 avg10=  532.69 steps=1461 succ10=0.90 touch10=0.90 col10=0.10 to10=0.00 min_d= 0.30 avg_spd=2.10m/s end=goal t= 1165.0s
[TRAIN][PPO] ep=073/500 r=  -26.38 avg10=  472.37 steps=  73 succ10=0.80 touch10=0.80 col10=0.20 to10=0.00 min_d= 3.85 avg_spd=2.17m/s end=collision t= 1165.9s
[TRAIN][PPO] ep=074/500 r=  603.72 avg10=  473.29 steps=1446 succ10=0.80 touch10=0.80 col10=0.20 to10=0.00 min_d= 0.30 avg_spd=2.11m/s end=goal t= 1183.7s
[TRAIN][PPO] ep=075/500 r=  587.34 avg10=  536.37 steps=1402 succ10=0.90 touch10=0.90 col10=0.10 to10=0.00 min_d= 0.30 avg_spd=2.11m/s end=goal t= 1200.3s
[TRAIN][PPO] ep=076/500 r=  592.73 avg10=  535.93 steps=1415 succ10=0.90 touch10=0.90 col10=0.10 to10=0.00 min_d= 0.30 avg_spd=2.10m/s end=goal t= 1218.1s
[TRAIN][PPO] ep=077/500 r=  600.48 avg10=  536.58 steps=1438 succ10=0.90 touch10=0.90 col10=0.10 to10=0.00 min_d= 0.30 avg_spd=2.09m/s end=goal t= 1235.2s
[TRAIN][PPO] ep=078/500 r=  591.20 avg10=  535.82 steps=1529 succ10=0.90 touch10=0.90 col10=0.10 to10=0.00 min_d= 0.30 avg_spd=2.08m/s end=goal t= 1253.4s
[TRAIN][PPO] ep=079/500 r=  596.29 avg10=  535.48 steps=1424 succ10=0.90 touch10=0.90 col10=0.10 to10=0.00 min_d= 0.30 avg_spd=2.10m/s end=goal t= 1270.6s
[TRAIN][PPO] ep=080/500 r=  603.66 avg10=  535.95 steps=1447 succ10=0.90 touch10=0.90 col10=0.10 to10=0.00 min_d= 0.30 avg_spd=2.10m/s end=goal t= 1290.4s
[TRAIN][PPO] ep=081/500 r=  604.85 avg10=  536.02 steps=1445 succ10=0.90 touch10=0.90 col10=0.10 to10=0.00 min_d= 0.30 avg_spd=2.10m/s end=goal t= 1308.1s
[TRAIN][PPO] ep=082/500 r=  606.68 avg10=  536.06 steps=1486 succ10=0.90 touch10=0.90 col10=0.10 to10=0.00 min_d= 0.30 avg_spd=2.09m/s end=goal t= 1325.9s
[TRAIN][PPO] ep=083/500 r=  584.77 avg10=  597.17 steps=1396 succ10=1.00 touch10=1.00 col10=0.00 to10=0.00 min_d= 0.30 avg_spd=2.11m/s end=goal t= 1342.5s
[TRAIN][PPO] ep=084/500 r=  598.50 avg10=  596.65 steps=1427 succ10=1.00 touch10=1.00 col10=0.00 to10=0.00 min_d= 0.30 avg_spd=2.11m/s end=goal t= 1360.9s
[TRAIN][PPO] ep=085/500 r=  588.69 avg10=  596.78 steps=1426 succ10=1.00 touch10=1.00 col10=0.00 to10=0.00 min_d= 0.30 avg_spd=2.10m/s end=goal t= 1378.6s
[TRAIN][PPO] ep=086/500 r=  601.96 avg10=  597.71 steps=1440 succ10=1.00 touch10=1.00 col10=0.00 to10=0.00 min_d= 0.30 avg_spd=2.10m/s end=goal t= 1396.2s
[TRAIN][PPO] ep=087/500 r=  590.57 avg10=  596.72 steps=1404 succ10=1.00 touch10=1.00 col10=0.00 to10=0.00 min_d= 0.30 avg_spd=2.10m/s end=goal t= 1413.3s
[TRAIN][PPO] ep=088/500 r=  588.20 avg10=  596.42 steps=1394 succ10=1.00 touch10=1.00 col10=0.00 to10=0.00 min_d= 0.30 avg_spd=2.11m/s end=goal t= 1431.5s
[TRAIN][PPO] ep=089/500 r=  601.63 avg10=  596.95 steps=1427 succ10=1.00 touch10=1.00 col10=0.00 to10=0.00 min_d= 0.30 avg_spd=2.09m/s end=goal t= 1448.5s
[TRAIN][PPO] ep=090/500 r=  600.39 avg10=  596.62 steps=1429 succ10=1.00 touch10=1.00 col10=0.00 to10=0.00 min_d= 0.30 avg_spd=2.10m/s end=goal t= 1465.5s
[TRAIN][PPO] ep=091/500 r=  599.07 avg10=  596.05 steps=1427 succ10=1.00 touch10=1.00 col10=0.00 to10=0.00 min_d= 0.30 avg_spd=2.11m/s end=goal t= 1482.4s
[TRAIN][PPO] ep=092/500 r=  604.95 avg10=  595.87 steps=1447 succ10=1.00 touch10=1.00 col10=0.00 to10=0.00 min_d= 0.30 avg_spd=2.10m/s end=goal t= 1500.9s
[TRAIN][PPO] ep=093/500 r=  590.92 avg10=  596.49 steps=1415 succ10=1.00 touch10=1.00 col10=0.00 to10=0.00 min_d= 0.30 avg_spd=2.10m/s end=goal t= 1517.6s
[TRAIN][PPO] ep=094/500 r=  -37.87 avg10=  532.85 steps=  40 succ10=0.90 touch10=0.90 col10=0.10 to10=0.00 min_d= 3.84 avg_spd=2.09m/s end=collision t= 1518.2s
[TRAIN][PPO] ep=095/500 r=  592.72 avg10=  533.25 steps=1408 succ10=0.90 touch10=0.90 col10=0.10 to10=0.00 min_d= 0.30 avg_spd=2.09m/s end=goal t= 1535.1s
[TRAIN][PPO] ep=096/500 r=  595.98 avg10=  532.66 steps=1412 succ10=0.90 touch10=0.90 col10=0.10 to10=0.00 min_d= 0.30 avg_spd=2.11m/s end=goal t= 1552.8s
[TRAIN][PPO] ep=097/500 r=  595.71 avg10=  533.17 steps=1404 succ10=0.90 touch10=0.90 col10=0.10 to10=0.00 min_d= 0.30 avg_spd=2.09m/s end=goal t= 1569.4s
[TRAIN][PPO] ep=098/500 r=  -31.77 avg10=  471.17 steps=  56 succ10=0.80 touch10=0.80 col10=0.20 to10=0.00 min_d= 3.84 avg_spd=2.11m/s end=collision t= 1570.1s
[TRAIN][PPO] ep=099/500 r=  608.99 avg10=  471.91 steps=1452 succ10=0.80 touch10=0.80 col10=0.20 to10=0.00 min_d= 0.30 avg_spd=2.10m/s end=goal t= 1587.0s ckpt=best_goal
[TRAIN][PPO] ep=100/500 r=  593.55 avg10=  471.23 steps=1408 succ10=0.80 touch10=0.80 col10=0.20 to10=0.00 min_d= 0.30 avg_spd=2.10m/s end=goal t= 1604.6s ckpt=latest
[TRAIN][PPO] ep=101/500 r=  596.69 avg10=  470.99 steps=1410 succ10=0.80 touch10=0.80 col10=0.20 to10=0.00 min_d= 0.30 avg_spd=2.10m/s end=goal t= 1621.3s
[TRAIN][PPO] ep=102/500 r=  600.36 avg10=  470.53 steps=1424 succ10=0.80 touch10=0.80 col10=0.20 to10=0.00 min_d= 0.30 avg_spd=2.11m/s end=goal t= 1638.1s
[TRAIN][PPO] ep=103/500 r=  603.28 avg10=  471.76 steps=1448 succ10=0.80 touch10=0.80 col10=0.20 to10=0.00 min_d= 0.30 avg_spd=2.09m/s end=goal t= 1655.2s
[TRAIN][PPO] ep=104/500 r=  -29.91 avg10=  472.56 steps=  71 succ10=0.80 touch10=0.80 col10=0.20 to10=0.00 min_d= 3.84 avg_spd=2.07m/s end=collision t= 1657.9s
[TRAIN][PPO] ep=105/500 r=  598.05 avg10=  473.09 steps=1418 succ10=0.80 touch10=0.80 col10=0.20 to10=0.00 min_d= 0.30 avg_spd=2.11m/s end=goal t= 1674.5s
[TRAIN][PPO] ep=106/500 r=  603.76 avg10=  473.87 steps=1434 succ10=0.80 touch10=0.80 col10=0.20 to10=0.00 min_d= 0.30 avg_spd=2.10m/s end=goal t= 1691.5s
[TRAIN][PPO] ep=107/500 r=  587.97 avg10=  473.10 steps=1502 succ10=0.80 touch10=0.80 col10=0.20 to10=0.00 min_d= 0.30 avg_spd=2.11m/s end=goal t= 1709.2s
[TRAIN][PPO] ep=108/500 r=  -34.93 avg10=  472.78 steps=  54 succ10=0.80 touch10=0.80 col10=0.20 to10=0.00 min_d= 3.84 avg_spd=2.07m/s end=collision t= 1710.9s
[TRAIN][PPO] ep=109/500 r=  597.26 avg10=  471.61 steps=1415 succ10=0.80 touch10=0.80 col10=0.20 to10=0.00 min_d= 0.30 avg_spd=2.09m/s end=goal t= 1727.8s
[TRAIN][PPO] ep=110/500 r=  611.18 avg10=  473.37 steps=1457 succ10=0.80 touch10=0.80 col10=0.20 to10=0.00 min_d= 0.30 avg_spd=2.08m/s end=goal t= 1745.4s ckpt=best_goal
[TRAIN][PPO] ep=111/500 r=  581.12 avg10=  471.81 steps=1522 succ10=0.80 touch10=0.80 col10=0.20 to10=0.00 min_d= 0.30 avg_spd=2.10m/s end=goal t= 1763.7s
[TRAIN][PPO] ep=112/500 r=  601.93 avg10=  471.97 steps=1444 succ10=0.80 touch10=0.80 col10=0.20 to10=0.00 min_d= 0.30 avg_spd=2.10m/s end=goal t= 1781.9s
[TRAIN][PPO] ep=113/500 r=  600.12 avg10=  471.66 steps=1444 succ10=0.80 touch10=0.80 col10=0.20 to10=0.00 min_d= 0.30 avg_spd=2.08m/s end=goal t= 1799.2s
[TRAIN][PPO] ep=114/500 r=  -35.13 avg10=  471.13 steps=  55 succ10=0.80 touch10=0.80 col10=0.20 to10=0.00 min_d= 3.80 avg_spd=2.01m/s end=collision t= 1799.9s
[TRAIN][PPO] ep=115/500 r=  596.73 avg10=  471.00 steps=1413 succ10=0.80 touch10=0.80 col10=0.20 to10=0.00 min_d= 0.30 avg_spd=2.10m/s end=goal t= 1816.8s
[TRAIN][PPO] ep=116/500 r=  592.14 avg10=  469.84 steps=1404 succ10=0.80 touch10=0.80 col10=0.20 to10=0.00 min_d= 0.30 avg_spd=2.10m/s end=goal t= 1834.7s
[TRAIN][PPO] ep=117/500 r=  -39.84 avg10=  407.06 steps=  34 succ10=0.70 touch10=0.70 col10=0.30 to10=0.00 min_d= 3.84 avg_spd=2.17m/s end=collision t= 1835.1s
[TRAIN][PPO] ep=118/500 r=  595.71 avg10=  470.12 steps=1419 succ10=0.80 touch10=0.80 col10=0.20 to10=0.00 min_d= 0.30 avg_spd=2.09m/s end=goal t= 1851.6s
[TRAIN][PPO] ep=119/500 r=  600.87 avg10=  470.48 steps=1453 succ10=0.80 touch10=0.80 col10=0.20 to10=0.00 min_d= 0.30 avg_spd=2.08m/s end=goal t= 1869.5s
[TRAIN][PPO] ep=120/500 r=  600.70 avg10=  469.44 steps=1441 succ10=0.80 touch10=0.80 col10=0.20 to10=0.00 min_d= 0.30 avg_spd=2.10m/s end=goal t= 1888.6s
[TRAIN][PPO] ep=121/500 r=  596.84 avg10=  471.01 steps=1420 succ10=0.80 touch10=0.80 col10=0.20 to10=0.00 min_d= 0.30 avg_spd=2.10m/s end=goal t= 1905.5s
[TRAIN][PPO] ep=122/500 r=  586.72 avg10=  469.49 steps=1377 succ10=0.80 touch10=0.80 col10=0.20 to10=0.00 min_d= 0.30 avg_spd=2.11m/s end=goal t= 1921.7s
[TRAIN][PPO] ep=123/500 r=  605.29 avg10=  470.00 steps=1537 succ10=0.80 touch10=0.80 col10=0.20 to10=0.00 min_d= 0.30 avg_spd=2.10m/s end=goal t= 1939.9s
[TRAIN][PPO] ep=124/500 r=  602.93 avg10=  533.81 steps=1560 succ10=0.90 touch10=0.90 col10=0.10 to10=0.00 min_d= 0.30 avg_spd=2.08m/s end=goal t= 1959.3s
[TRAIN][PPO] ep=125/500 r=  600.14 avg10=  534.15 steps=1431 succ10=0.90 touch10=0.90 col10=0.10 to10=0.00 min_d= 0.30 avg_spd=2.10m/s end=goal t= 1976.1s
[TRAIN][PPO] ep=126/500 r=  598.77 avg10=  534.81 steps=1420 succ10=0.90 touch10=0.90 col10=0.10 to10=0.00 min_d= 0.30 avg_spd=2.08m/s end=goal t= 1992.8s
[TRAIN][PPO] ep=127/500 r=  323.99 avg10=  571.20 steps=1096 succ10=0.90 touch10=0.90 col10=0.10 to10=0.00 min_d= 1.19 avg_spd=2.08m/s end=collision t= 2005.2s
[TRAIN][PPO] ep=128/500 r=  608.11 avg10=  572.44 steps=1455 succ10=0.90 touch10=0.90 col10=0.10 to10=0.00 min_d= 0.30 avg_spd=2.08m/s end=goal t= 2024.2s
[TRAIN][PPO] ep=129/500 r=  602.62 avg10=  572.61 steps=1432 succ10=0.90 touch10=0.90 col10=0.10 to10=0.00 min_d= 0.30 avg_spd=2.09m/s end=goal t= 2040.9s
[TRAIN][PPO] ep=130/500 r=  608.27 avg10=  573.37 steps=1453 succ10=0.90 touch10=0.90 col10=0.10 to10=0.00 min_d= 0.30 avg_spd=2.09m/s end=goal t= 2058.0s
[TRAIN][PPO] ep=131/500 r=  614.81 avg10=  575.16 steps=1482 succ10=0.90 touch10=0.90 col10=0.10 to10=0.00 min_d= 0.30 avg_spd=2.07m/s end=goal t= 2075.1s ckpt=best_goal
[TRAIN][PPO] ep=132/500 r=  603.29 avg10=  576.82 steps=1441 succ10=0.90 touch10=0.90 col10=0.10 to10=0.00 min_d= 0.30 avg_spd=2.09m/s end=goal t= 2093.4s
[TRAIN][PPO] ep=133/500 r=  601.67 avg10=  576.46 steps=1443 succ10=0.90 touch10=0.90 col10=0.10 to10=0.00 min_d= 0.30 avg_spd=2.09m/s end=goal t= 2110.8s
[TRAIN][PPO] ep=134/500 r=  609.99 avg10=  577.17 steps=1462 succ10=0.90 touch10=0.90 col10=0.10 to10=0.00 min_d= 0.30 avg_spd=2.09m/s end=goal t= 2128.0s
[TRAIN][PPO] ep=135/500 r=  -43.52 avg10=  512.80 steps=  22 succ10=0.80 touch10=0.80 col10=0.20 to10=0.00 min_d= 3.84 avg_spd=2.13m/s end=collision t= 2128.3s
[TRAIN][PPO] ep=136/500 r=  602.72 avg10=  513.19 steps=1542 succ10=0.80 touch10=0.80 col10=0.20 to10=0.00 min_d= 0.30 avg_spd=2.10m/s end=goal t= 2147.2s
[TRAIN][PPO] ep=137/500 r=  594.78 avg10=  540.27 steps=1419 succ10=0.90 touch10=0.90 col10=0.10 to10=0.00 min_d= 0.30 avg_spd=2.10m/s end=goal t= 2163.7s
[TRAIN][PPO] ep=138/500 r=  594.84 avg10=  538.95 steps=1416 succ10=0.90 touch10=0.90 col10=0.10 to10=0.00 min_d= 0.30 avg_spd=2.09m/s end=goal t= 2181.4s
[TRAIN][PPO] ep=139/500 r=  599.20 avg10=  538.60 steps=1434 succ10=0.90 touch10=0.90 col10=0.10 to10=0.00 min_d= 0.30 avg_spd=2.10m/s end=goal t= 2199.2s
[TRAIN][PPO] ep=140/500 r=  598.40 avg10=  537.62 steps=1508 succ10=0.90 touch10=0.90 col10=0.10 to10=0.00 min_d= 0.30 avg_spd=2.11m/s end=goal t= 2218.7s
[TRAIN][PPO] ep=141/500 r=  609.07 avg10=  537.04 steps=1559 succ10=0.90 touch10=0.90 col10=0.10 to10=0.00 min_d= 0.30 avg_spd=2.07m/s end=goal t= 2237.3s
[TRAIN][PPO] ep=142/500 r=  612.13 avg10=  537.93 steps=1470 succ10=0.90 touch10=0.90 col10=0.10 to10=0.00 min_d= 0.30 avg_spd=2.08m/s end=goal t= 2254.7s
[TRAIN][PPO] ep=143/500 r=  600.10 avg10=  537.77 steps=1425 succ10=0.90 touch10=0.90 col10=0.10 to10=0.00 min_d= 0.30 avg_spd=2.07m/s end=goal t= 2271.9s
[TRAIN][PPO] ep=144/500 r=  599.17 avg10=  536.69 steps=1429 succ10=0.90 touch10=0.90 col10=0.10 to10=0.00 min_d= 0.30 avg_spd=2.10m/s end=goal t= 2290.7s
[TRAIN][PPO] ep=145/500 r=  583.54 avg10=  599.39 steps=1538 succ10=1.00 touch10=1.00 col10=0.00 to10=0.00 min_d= 0.30 avg_spd=2.10m/s end=goal t= 2309.3s
[TRAIN][PPO] ep=146/500 r=  594.17 avg10=  598.54 steps=1407 succ10=1.00 touch10=1.00 col10=0.00 to10=0.00 min_d= 0.30 avg_spd=2.09m/s end=goal t= 2326.5s
[TRAIN][PPO] ep=147/500 r=  600.85 avg10=  599.15 steps=1534 succ10=1.00 touch10=1.00 col10=0.00 to10=0.00 min_d= 0.30 avg_spd=2.11m/s end=goal t= 2345.2s
[TRAIN][PPO] ep=148/500 r=  588.72 avg10=  598.53 steps=1394 succ10=1.00 touch10=1.00 col10=0.00 to10=0.00 min_d= 0.30 avg_spd=2.10m/s end=goal t= 2364.2s
[TRAIN][PPO] ep=149/500 r=  -42.97 avg10=  534.32 steps=  27 succ10=0.90 touch10=0.90 col10=0.10 to10=0.00 min_d= 3.84 avg_spd=2.15m/s end=collision t= 2364.6s
[TRAIN][PPO] ep=150/500 r=  606.14 avg10=  535.09 steps=1462 succ10=0.90 touch10=0.90 col10=0.10 to10=0.00 min_d= 0.30 avg_spd=2.09m/s end=goal t= 2381.9s
[TRAIN][PPO] ep=151/500 r=  592.04 avg10=  533.39 steps=1405 succ10=0.90 touch10=0.90 col10=0.10 to10=0.00 min_d= 0.30 avg_spd=2.09m/s end=goal t= 2398.2s
[TRAIN][PPO] ep=152/500 r=  595.04 avg10=  531.68 steps=1410 succ10=0.90 touch10=0.90 col10=0.10 to10=0.00 min_d= 0.30 avg_spd=2.08m/s end=goal t= 2415.6s
[TRAIN][PPO] ep=153/500 r=  602.98 avg10=  531.97 steps=1489 succ10=0.90 touch10=0.90 col10=0.10 to10=0.00 min_d= 0.30 avg_spd=2.09m/s end=goal t= 2433.6s
[TRAIN][PPO] ep=154/500 r=  609.36 avg10=  532.99 steps=1458 succ10=0.90 touch10=0.90 col10=0.10 to10=0.00 min_d= 0.30 avg_spd=2.08m/s end=goal t= 2450.9s
[TRAIN][PPO] ep=155/500 r=  608.67 avg10=  535.50 steps=1455 succ10=0.90 touch10=0.90 col10=0.10 to10=0.00 min_d= 0.30 avg_spd=2.08m/s end=goal t= 2467.9s
[TRAIN][PPO] ep=156/500 r=  597.08 avg10=  535.79 steps=1431 succ10=0.90 touch10=0.90 col10=0.10 to10=0.00 min_d= 0.30 avg_spd=2.09m/s end=goal t= 2485.3s
[TRAIN][PPO] ep=157/500 r=  598.39 avg10=  535.55 steps=1423 succ10=0.90 touch10=0.90 col10=0.10 to10=0.00 min_d= 0.30 avg_spd=2.11m/s end=goal t= 2501.8s
[TRAIN][PPO] ep=158/500 r=  585.04 avg10=  535.18 steps=1383 succ10=0.90 touch10=0.90 col10=0.10 to10=0.00 min_d= 0.30 avg_spd=2.11m/s end=goal t= 2518.2s
[TRAIN][PPO] ep=159/500 r=  590.59 avg10=  598.53 steps=1392 succ10=1.00 touch10=1.00 col10=0.00 to10=0.00 min_d= 0.30 avg_spd=2.10m/s end=goal t= 2534.0s
[TRAIN][PPO] ep=160/500 r=  604.00 avg10=  598.32 steps=1442 succ10=1.00 touch10=1.00 col10=0.00 to10=0.00 min_d= 0.30 avg_spd=2.09m/s end=goal t= 2551.9s
[TRAIN][PPO] ep=161/500 r=  592.47 avg10=  598.36 steps=1404 succ10=1.00 touch10=1.00 col10=0.00 to10=0.00 min_d= 0.30 avg_spd=2.11m/s end=goal t= 2568.4s
[TRAIN][PPO] ep=162/500 r=  602.69 avg10=  599.13 steps=1494 succ10=1.00 touch10=1.00 col10=0.00 to10=0.00 min_d= 0.30 avg_spd=2.08m/s end=goal t= 2586.2s
[TRAIN][PPO] ep=163/500 r=  600.87 avg10=  598.92 steps=1445 succ10=1.00 touch10=1.00 col10=0.00 to10=0.00 min_d= 0.30 avg_spd=2.09m/s end=goal t= 2603.2s
[TRAIN][PPO] ep=164/500 r=  603.88 avg10=  598.37 steps=1438 succ10=1.00 touch10=1.00 col10=0.00 to10=0.00 min_d= 0.30 avg_spd=2.09m/s end=goal t= 2621.4s
[TRAIN][PPO] ep=165/500 r=  590.23 avg10=  596.52 steps=1405 succ10=1.00 touch10=1.00 col10=0.00 to10=0.00 min_d= 0.30 avg_spd=2.10m/s end=goal t= 2638.0s
[TRAIN][PPO] ep=166/500 r=  -42.54 avg10=  532.56 steps=  31 succ10=0.90 touch10=0.90 col10=0.10 to10=0.00 min_d= 3.84 avg_spd=2.13m/s end=collision t= 2638.4s
[TRAIN][PPO] ep=167/500 r=  -29.23 avg10=  469.80 steps=  68 succ10=0.80 touch10=0.80 col10=0.20 to10=0.00 min_d= 3.84 avg_spd=2.06m/s end=collision t= 2639.2s
[TRAIN][PPO] ep=168/500 r=  595.35 avg10=  470.83 steps=1421 succ10=0.80 touch10=0.80 col10=0.20 to10=0.00 min_d= 0.30 avg_spd=2.09m/s end=goal t= 2656.6s
[TRAIN][PPO] ep=169/500 r=  608.71 avg10=  472.64 steps=1451 succ10=0.80 touch10=0.80 col10=0.20 to10=0.00 min_d= 0.30 avg_spd=2.10m/s end=goal t= 2673.5s
[TRAIN][PPO] ep=170/500 r=  -34.76 avg10=  408.77 steps= 125 succ10=0.70 touch10=0.70 col10=0.30 to10=0.00 min_d= 3.80 avg_spd=2.00m/s end=collision t= 2675.1s
[TRAIN][PPO] ep=171/500 r=  605.77 avg10=  410.10 steps=1443 succ10=0.70 touch10=0.70 col10=0.30 to10=0.00 min_d= 0.30 avg_spd=2.09m/s end=goal t= 2692.1s
[TRAIN][PPO] ep=172/500 r=  591.91 avg10=  409.02 steps=1445 succ10=0.70 touch10=0.70 col10=0.30 to10=0.00 min_d= 0.30 avg_spd=2.11m/s end=goal t= 2710.1s
[TRAIN][PPO] ep=173/500 r=  588.76 avg10=  407.81 steps=1394 succ10=0.70 touch10=0.70 col10=0.30 to10=0.00 min_d= 0.30 avg_spd=2.10m/s end=goal t= 2726.5s
[TRAIN][PPO] ep=174/500 r=  595.71 avg10=  406.99 steps=1413 succ10=0.70 touch10=0.70 col10=0.30 to10=0.00 min_d= 0.30 avg_spd=2.07m/s end=goal t= 2743.0s
[TRAIN][PPO] ep=175/500 r=  601.90 avg10=  408.16 steps=1513 succ10=0.70 touch10=0.70 col10=0.30 to10=0.00 min_d= 0.30 avg_spd=2.11m/s end=goal t= 2760.8s
[TRAIN][PPO] ep=176/500 r=  598.94 avg10=  472.31 steps=1440 succ10=0.80 touch10=0.80 col10=0.20 to10=0.00 min_d= 0.30 avg_spd=2.09m/s end=goal t= 2778.1s
[TRAIN][PPO] ep=177/500 r=  605.04 avg10=  535.73 steps=1492 succ10=0.90 touch10=0.90 col10=0.10 to10=0.00 min_d= 0.30 avg_spd=2.08m/s end=goal t= 2795.7s
[TRAIN][PPO] ep=178/500 r=  593.01 avg10=  535.50 steps=1410 succ10=0.90 touch10=0.90 col10=0.10 to10=0.00 min_d= 0.30 avg_spd=2.09m/s end=goal t= 2812.2s
[TRAIN][PPO] ep=179/500 r=  602.15 avg10=  534.84 steps=1434 succ10=0.90 touch10=0.90 col10=0.10 to10=0.00 min_d= 0.30 avg_spd=2.09m/s end=goal t= 2829.0s
[TRAIN][PPO] ep=180/500 r=  596.65 avg10=  597.98 steps=1456 succ10=1.00 touch10=1.00 col10=0.00 to10=0.00 min_d= 0.30 avg_spd=2.10m/s end=goal t= 2848.5s
[TRAIN][PPO] ep=181/500 r=  596.97 avg10=  597.10 steps=1520 succ10=1.00 touch10=1.00 col10=0.00 to10=0.00 min_d= 0.30 avg_spd=2.09m/s end=goal t= 2866.5s
[TRAIN][PPO] ep=182/500 r=  594.80 avg10=  597.39 steps=1463 succ10=1.00 touch10=1.00 col10=0.00 to10=0.00 min_d= 0.30 avg_spd=2.06m/s end=goal t= 2882.7s
[TRAIN][PPO] ep=183/500 r=  604.17 avg10=  598.93 steps=1437 succ10=1.00 touch10=1.00 col10=0.00 to10=0.00 min_d= 0.30 avg_spd=2.10m/s end=goal t= 2899.3s
[TRAIN][PPO] ep=184/500 r=  -39.56 avg10=  535.41 steps=  40 succ10=0.90 touch10=0.90 col10=0.10 to10=0.00 min_d= 3.84 avg_spd=2.13m/s end=collision t= 2900.9s
[TRAIN][PPO] ep=185/500 r=  599.98 avg10=  535.21 steps=1428 succ10=0.90 touch10=0.90 col10=0.10 to10=0.00 min_d= 0.30 avg_spd=2.11m/s end=goal t= 2917.8s
[TRAIN][PPO] ep=186/500 r=  588.96 avg10=  534.22 steps=1504 succ10=0.90 touch10=0.90 col10=0.10 to10=0.00 min_d= 0.30 avg_spd=2.08m/s end=goal t= 2935.5s
[TRAIN][PPO] ep=187/500 r=  593.80 avg10=  533.09 steps=1562 succ10=0.90 touch10=0.90 col10=0.10 to10=0.00 min_d= 0.30 avg_spd=2.09m/s end=goal t= 2954.0s
[TRAIN][PPO] ep=188/500 r=  595.12 avg10=  533.30 steps=1411 succ10=0.90 touch10=0.90 col10=0.10 to10=0.00 min_d= 0.30 avg_spd=2.10m/s end=goal t= 2972.2s
[TRAIN][PPO] ep=189/500 r=  571.07 avg10=  530.19 steps=1520 succ10=0.90 touch10=0.90 col10=0.10 to10=0.00 min_d= 0.30 avg_spd=2.09m/s end=goal t= 2990.5s
[TRAIN][PPO] ep=190/500 r=  598.72 avg10=  530.40 steps=1433 succ10=0.90 touch10=0.90 col10=0.10 to10=0.00 min_d= 0.30 avg_spd=2.10m/s end=goal t= 3007.5s
[TRAIN][PPO] ep=191/500 r=  591.40 avg10=  529.84 steps=1401 succ10=0.90 touch10=0.90 col10=0.10 to10=0.00 min_d= 0.30 avg_spd=2.12m/s end=goal t= 3024.3s
[TRAIN][PPO] ep=192/500 r=  600.85 avg10=  530.45 steps=1430 succ10=0.90 touch10=0.90 col10=0.10 to10=0.00 min_d= 0.30 avg_spd=2.11m/s end=goal t= 3042.6s
[TRAIN][PPO] ep=193/500 r=  605.89 avg10=  530.62 steps=1440 succ10=0.90 touch10=0.90 col10=0.10 to10=0.00 min_d= 0.30 avg_spd=2.09m/s end=goal t= 3059.8s
[TRAIN][PPO] ep=194/500 r=  594.08 avg10=  593.99 steps=1406 succ10=1.00 touch10=1.00 col10=0.00 to10=0.00 min_d= 0.30 avg_spd=2.09m/s end=goal t= 3076.6s
[TRAIN][PPO] ep=195/500 r=  602.44 avg10=  594.23 steps=1433 succ10=1.00 touch10=1.00 col10=0.00 to10=0.00 min_d= 0.30 avg_spd=2.09m/s end=goal t= 3094.2s
[TRAIN][PPO] ep=196/500 r=  607.73 avg10=  596.11 steps=1450 succ10=1.00 touch10=1.00 col10=0.00 to10=0.00 min_d= 0.30 avg_spd=2.10m/s end=goal t= 3112.4s
[TRAIN][PPO] ep=197/500 r=  594.36 avg10=  596.17 steps=1444 succ10=1.00 touch10=1.00 col10=0.00 to10=0.00 min_d= 0.30 avg_spd=2.08m/s end=goal t= 3130.0s
[TRAIN][PPO] ep=198/500 r=  591.38 avg10=  595.79 steps=1495 succ10=1.00 touch10=1.00 col10=0.00 to10=0.00 min_d= 0.30 avg_spd=2.12m/s end=goal t= 3147.7s
[TRAIN][PPO] ep=199/500 r=  -28.65 avg10=  535.82 steps= 117 succ10=0.90 touch10=0.90 col10=0.10 to10=0.00 min_d= 3.80 avg_spd=2.06m/s end=collision t= 3149.2s
[TRAIN][PPO] ep=200/500 r=  -37.50 avg10=  472.20 steps=  51 succ10=0.80 touch10=0.80 col10=0.20 to10=0.00 min_d= 3.83 avg_spd=2.20m/s end=collision t= 3150.7s ckpt=latest
[TRAIN][PPO] ep=201/500 r=  604.13 avg10=  473.47 steps=1450 succ10=0.80 touch10=0.80 col10=0.20 to10=0.00 min_d= 0.30 avg_spd=2.08m/s end=goal t= 3168.1s
[TRAIN][PPO] ep=202/500 r=  592.66 avg10=  472.65 steps=1446 succ10=0.80 touch10=0.80 col10=0.20 to10=0.00 min_d= 0.30 avg_spd=2.09m/s end=goal t= 3185.2s
[TRAIN][PPO] ep=203/500 r=  593.64 avg10=  471.43 steps=1418 succ10=0.80 touch10=0.80 col10=0.20 to10=0.00 min_d= 0.30 avg_spd=2.08m/s end=goal t= 3202.1s
[TRAIN][PPO] ep=204/500 r=  -38.25 avg10=  408.19 steps=  43 succ10=0.70 touch10=0.70 col10=0.30 to10=0.00 min_d= 3.84 avg_spd=2.09m/s end=collision t= 3204.4s
[TRAIN][PPO] ep=205/500 r=  -44.51 avg10=  343.50 steps=  20 succ10=0.60 touch10=0.60 col10=0.40 to10=0.00 min_d= 3.85 avg_spd=2.18m/s end=collision t= 3204.7s
[TRAIN][PPO] ep=206/500 r=  -34.54 avg10=  279.27 steps=  56 succ10=0.50 touch10=0.50 col10=0.50 to10=0.00 min_d= 3.84 avg_spd=2.18m/s end=collision t= 3205.4s
[TRAIN][PPO] ep=207/500 r=  594.42 avg10=  279.28 steps=1409 succ10=0.50 touch10=0.50 col10=0.50 to10=0.00 min_d= 0.30 avg_spd=2.10m/s end=goal t= 3222.1s
[TRAIN][PPO] ep=208/500 r=  595.52 avg10=  279.69 steps=1412 succ10=0.50 touch10=0.50 col10=0.50 to10=0.00 min_d= 0.30 avg_spd=2.09m/s end=goal t= 3240.0s
[TRAIN][PPO] ep=209/500 r=  589.62 avg10=  341.52 steps=1395 succ10=0.60 touch10=0.60 col10=0.40 to10=0.00 min_d= 0.30 avg_spd=2.12m/s end=goal t= 3256.8s
[TRAIN][PPO] ep=210/500 r=  320.60 avg10=  377.33 steps=1130 succ10=0.60 touch10=0.60 col10=0.40 to10=0.00 min_d= 1.23 avg_spd=2.07m/s end=collision t= 3270.6s
[TRAIN][PPO] ep=211/500 r=  -32.89 avg10=  313.63 steps= 159 succ10=0.50 touch10=0.50 col10=0.50 to10=0.00 min_d= 3.80 avg_spd=2.00m/s end=collision t= 3272.7s
[TRAIN][PPO] ep=212/500 r=  592.51 avg10=  313.61 steps=1397 succ10=0.50 touch10=0.50 col10=0.50 to10=0.00 min_d= 0.30 avg_spd=2.10m/s end=goal t= 3290.3s
[TRAIN][PPO] ep=213/500 r=  603.32 avg10=  314.58 steps=1444 succ10=0.50 touch10=0.50 col10=0.50 to10=0.00 min_d= 0.30 avg_spd=2.09m/s end=goal t= 3307.7s
[TRAIN][PPO] ep=214/500 r=  600.61 avg10=  378.47 steps=1427 succ10=0.60 touch10=0.60 col10=0.40 to10=0.00 min_d= 0.30 avg_spd=2.10m/s end=goal t= 3324.5s
[TRAIN][PPO] ep=215/500 r=  604.43 avg10=  443.36 steps=1523 succ10=0.70 touch10=0.70 col10=0.30 to10=0.00 min_d= 0.30 avg_spd=2.11m/s end=goal t= 3342.2s
[TRAIN][PPO] ep=216/500 r=  597.51 avg10=  506.56 steps=1464 succ10=0.80 touch10=0.80 col10=0.20 to10=0.00 min_d= 0.30 avg_spd=2.09m/s end=goal t= 3360.6s
[TRAIN][PPO] ep=217/500 r=  594.62 avg10=  506.58 steps=1539 succ10=0.80 touch10=0.80 col10=0.20 to10=0.00 min_d= 0.30 avg_spd=2.09m/s end=goal t= 3379.4s
[TRAIN][PPO] ep=218/500 r=  588.49 avg10=  505.88 steps=1388 succ10=0.80 touch10=0.80 col10=0.20 to10=0.00 min_d= 0.30 avg_spd=2.10m/s end=goal t= 3395.7s
[TRAIN][PPO] ep=219/500 r=  608.69 avg10=  507.79 steps=1456 succ10=0.80 touch10=0.80 col10=0.20 to10=0.00 min_d= 0.30 avg_spd=2.10m/s end=goal t= 3412.2s
[TRAIN][PPO] ep=220/500 r=  600.82 avg10=  535.81 steps=1426 succ10=0.90 touch10=0.90 col10=0.10 to10=0.00 min_d= 0.30 avg_spd=2.10m/s end=goal t= 3429.7s
[TRAIN][PPO] ep=221/500 r=  598.56 avg10=  598.96 steps=1420 succ10=1.00 touch10=1.00 col10=0.00 to10=0.00 min_d= 0.30 avg_spd=2.09m/s end=goal t= 3446.0s
[TRAIN][PPO] ep=222/500 r=  593.62 avg10=  599.07 steps=1407 succ10=1.00 touch10=1.00 col10=0.00 to10=0.00 min_d= 0.30 avg_spd=2.10m/s end=goal t= 3462.2s
[TRAIN][PPO] ep=223/500 r=  610.66 avg10=  599.80 steps=1463 succ10=1.00 touch10=1.00 col10=0.00 to10=0.00 min_d= 0.30 avg_spd=2.09m/s end=goal t= 3479.1s
[TRAIN][PPO] ep=224/500 r=  322.21 avg10=  571.96 steps=1091 succ10=0.90 touch10=0.90 col10=0.10 to10=0.00 min_d= 1.18 avg_spd=2.11m/s end=collision t= 3492.9s
[TRAIN][PPO] ep=225/500 r=  572.86 avg10=  568.80 steps=1485 succ10=0.90 touch10=0.90 col10=0.10 to10=0.00 min_d= 0.30 avg_spd=2.09m/s end=goal t= 3509.9s
[TRAIN][PPO] ep=226/500 r=  592.14 avg10=  568.27 steps=1400 succ10=0.90 touch10=0.90 col10=0.10 to10=0.00 min_d= 0.30 avg_spd=2.09m/s end=goal t= 3526.2s
[TRAIN][PPO] ep=227/500 r=  600.75 avg10=  568.88 steps=1431 succ10=0.90 touch10=0.90 col10=0.10 to10=0.00 min_d= 0.30 avg_spd=2.09m/s end=goal t= 3542.6s
[TRAIN][PPO] ep=228/500 r=  600.08 avg10=  570.04 steps=1473 succ10=0.90 touch10=0.90 col10=0.10 to10=0.00 min_d= 0.30 avg_spd=2.09m/s end=goal t= 3561.9s
[TRAIN][PPO] ep=229/500 r=  597.99 avg10=  568.97 steps=1462 succ10=0.90 touch10=0.90 col10=0.10 to10=0.00 min_d= 0.30 avg_spd=2.08m/s end=goal t= 3579.9s
[TRAIN][PPO] ep=230/500 r=  612.04 avg10=  570.09 steps=1477 succ10=0.90 touch10=0.90 col10=0.10 to10=0.00 min_d= 0.30 avg_spd=2.07m/s end=goal t= 3597.4s
[TRAIN][PPO] ep=231/500 r=  608.72 avg10=  571.11 steps=1448 succ10=0.90 touch10=0.90 col10=0.10 to10=0.00 min_d= 0.30 avg_spd=2.08m/s end=goal t= 3615.0s
[TRAIN][PPO] ep=232/500 r=  606.76 avg10=  572.42 steps=1445 succ10=0.90 touch10=0.90 col10=0.10 to10=0.00 min_d= 0.30 avg_spd=2.08m/s end=goal t= 3633.2s
[TRAIN][PPO] ep=233/500 r=  604.41 avg10=  571.80 steps=1495 succ10=0.90 touch10=0.90 col10=0.10 to10=0.00 min_d= 0.30 avg_spd=2.08m/s end=goal t= 3650.5s
[TRAIN][PPO] ep=234/500 r=  596.62 avg10=  599.24 steps=1419 succ10=1.00 touch10=1.00 col10=0.00 to10=0.00 min_d= 0.30 avg_spd=2.10m/s end=goal t= 3667.2s
[TRAIN][PPO] ep=235/500 r=  597.46 avg10=  601.70 steps=1459 succ10=1.00 touch10=1.00 col10=0.00 to10=0.00 min_d= 0.30 avg_spd=2.09m/s end=goal t= 3684.6s
[TRAIN][PPO] ep=236/500 r=  607.07 avg10=  603.19 steps=1487 succ10=1.00 touch10=1.00 col10=0.00 to10=0.00 min_d= 0.30 avg_spd=2.07m/s end=goal t= 3703.5s
[TRAIN][PPO] ep=237/500 r=  594.99 avg10=  602.61 steps=1451 succ10=1.00 touch10=1.00 col10=0.00 to10=0.00 min_d= 0.30 avg_spd=2.09m/s end=goal t= 3720.7s
[TRAIN][PPO] ep=238/500 r=  591.85 avg10=  601.79 steps=1401 succ10=1.00 touch10=1.00 col10=0.00 to10=0.00 min_d= 0.30 avg_spd=2.09m/s end=goal t= 3736.6s
[TRAIN][PPO] ep=239/500 r=  603.58 avg10=  602.35 steps=1443 succ10=1.00 touch10=1.00 col10=0.00 to10=0.00 min_d= 0.30 avg_spd=2.09m/s end=goal t= 3753.2s
[TRAIN][PPO] ep=240/500 r=  599.81 avg10=  601.13 steps=1429 succ10=1.00 touch10=1.00 col10=0.00 to10=0.00 min_d= 0.30 avg_spd=2.10m/s end=goal t= 3771.0s
[TRAIN][PPO] ep=241/500 r=  592.52 avg10=  599.51 steps=1397 succ10=1.00 touch10=1.00 col10=0.00 to10=0.00 min_d= 0.30 avg_spd=2.11m/s end=goal t= 3786.9s
[TRAIN][PPO] ep=242/500 r=  588.46 avg10=  597.68 steps=1383 succ10=1.00 touch10=1.00 col10=0.00 to10=0.00 min_d= 0.30 avg_spd=2.12m/s end=goal t= 3802.3s
[TRAIN][PPO] ep=243/500 r=  596.00 avg10=  596.84 steps=1413 succ10=1.00 touch10=1.00 col10=0.00 to10=0.00 min_d= 0.30 avg_spd=2.08m/s end=goal t= 3818.3s
[TRAIN][PPO] ep=244/500 r=  591.19 avg10=  596.29 steps=1397 succ10=1.00 touch10=1.00 col10=0.00 to10=0.00 min_d= 0.30 avg_spd=2.10m/s end=goal t= 3835.5s
[TRAIN][PPO] ep=245/500 r=  597.81 avg10=  596.33 steps=1419 succ10=1.00 touch10=1.00 col10=0.00 to10=0.00 min_d= 0.30 avg_spd=2.10m/s end=goal t= 3851.7s
[TRAIN][PPO] ep=246/500 r=  592.48 avg10=  594.87 steps=1420 succ10=1.00 touch10=1.00 col10=0.00 to10=0.00 min_d= 0.30 avg_spd=2.08m/s end=goal t= 3868.1s
[TRAIN][PPO] ep=247/500 r=  604.61 avg10=  595.83 steps=1453 succ10=1.00 touch10=1.00 col10=0.00 to10=0.00 min_d= 0.30 avg_spd=2.10m/s end=goal t= 3884.9s
[TRAIN][PPO] ep=248/500 r=  330.56 avg10=  569.70 steps=1121 succ10=0.90 touch10=0.90 col10=0.10 to10=0.00 min_d= 1.20 avg_spd=2.09m/s end=collision t= 3899.3s
[TRAIN][PPO] ep=249/500 r=  602.34 avg10=  569.58 steps=1438 succ10=0.90 touch10=0.90 col10=0.10 to10=0.00 min_d= 0.30 avg_spd=2.09m/s end=goal t= 3916.1s
[TRAIN][PPO] ep=250/500 r=  597.91 avg10=  569.39 steps=1427 succ10=0.90 touch10=0.90 col10=0.10 to10=0.00 min_d= 0.30 avg_spd=2.10m/s end=goal t= 3932.6s
[TRAIN][PPO] ep=251/500 r=  591.74 avg10=  569.31 steps=1400 succ10=0.90 touch10=0.90 col10=0.10 to10=0.00 min_d= 0.30 avg_spd=2.09m/s end=goal t= 3948.9s
[TRAIN][PPO] ep=252/500 r=  603.41 avg10=  570.80 steps=1431 succ10=0.90 touch10=0.90 col10=0.10 to10=0.00 min_d= 0.30 avg_spd=2.09m/s end=goal t= 3966.7s
[TRAIN][PPO] ep=253/500 r=  597.83 avg10=  570.99 steps=1429 succ10=0.90 touch10=0.90 col10=0.10 to10=0.00 min_d= 0.30 avg_spd=2.09m/s end=goal t= 3982.9s
[TRAIN][PPO] ep=254/500 r=  602.36 avg10=  572.10 steps=1515 succ10=0.90 touch10=0.90 col10=0.10 to10=0.00 min_d= 0.30 avg_spd=2.10m/s end=goal t= 3999.9s
[TRAIN][PPO] ep=255/500 r=  328.71 avg10=  545.19 steps=1109 succ10=0.80 touch10=0.80 col10=0.20 to10=0.00 min_d= 1.21 avg_spd=2.10m/s end=collision t= 4012.8s
[TRAIN][PPO] ep=256/500 r=  309.17 avg10=  516.86 steps=1052 succ10=0.70 touch10=0.70 col10=0.30 to10=0.00 min_d= 1.24 avg_spd=2.09m/s end=collision t= 4025.9s
[TRAIN][PPO] ep=257/500 r=  595.17 avg10=  515.92 steps=1406 succ10=0.70 touch10=0.70 col10=0.30 to10=0.00 min_d= 0.30 avg_spd=2.10m/s end=goal t= 4041.8s
[TRAIN][PPO] ep=258/500 r=  596.38 avg10=  542.50 steps=1406 succ10=0.80 touch10=0.80 col10=0.20 to10=0.00 min_d= 0.30 avg_spd=2.10m/s end=goal t= 4057.7s
[TRAIN][PPO] ep=259/500 r=  611.11 avg10=  543.38 steps=1453 succ10=0.80 touch10=0.80 col10=0.20 to10=0.00 min_d= 0.30 avg_spd=2.08m/s end=goal t= 4074.5s
[TRAIN][PPO] ep=260/500 r=  600.45 avg10=  543.63 steps=1425 succ10=0.80 touch10=0.80 col10=0.20 to10=0.00 min_d= 0.30 avg_spd=2.11m/s end=goal t= 4092.2s
[TRAIN][PPO] ep=261/500 r=  304.64 avg10=  514.92 steps=1031 succ10=0.70 touch10=0.70 col10=0.30 to10=0.00 min_d= 1.27 avg_spd=2.07m/s end=collision t= 4103.7s
[TRAIN][PPO] ep=262/500 r=  593.92 avg10=  513.97 steps=1451 succ10=0.70 touch10=0.70 col10=0.30 to10=0.00 min_d= 0.30 avg_spd=2.08m/s end=goal t= 4120.2s
[TRAIN][PPO] ep=263/500 r=  597.50 avg10=  513.94 steps=1412 succ10=0.70 touch10=0.70 col10=0.30 to10=0.00 min_d= 0.30 avg_spd=2.09m/s end=goal t= 4136.3s
[TRAIN][PPO] ep=264/500 r=  606.51 avg10=  514.36 steps=1490 succ10=0.70 touch10=0.70 col10=0.30 to10=0.00 min_d= 0.30 avg_spd=2.07m/s end=goal t= 4154.7s
[TRAIN][PPO] ep=265/500 r=  596.04 avg10=  541.09 steps=1408 succ10=0.80 touch10=0.80 col10=0.20 to10=0.00 min_d= 0.30 avg_spd=2.09m/s end=goal t= 4170.8s
[TRAIN][PPO] ep=266/500 r=  597.44 avg10=  569.92 steps=1428 succ10=0.90 touch10=0.90 col10=0.10 to10=0.00 min_d= 0.30 avg_spd=2.10m/s end=goal t= 4186.8s
[TRAIN][PPO] ep=267/500 r=  606.25 avg10=  571.02 steps=1451 succ10=0.90 touch10=0.90 col10=0.10 to10=0.00 min_d= 0.30 avg_spd=2.09m/s end=goal t= 4203.5s
[TRAIN][PPO] ep=268/500 r=  605.20 avg10=  571.91 steps=1438 succ10=0.90 touch10=0.90 col10=0.10 to10=0.00 min_d= 0.30 avg_spd=2.09m/s end=goal t= 4221.1s
[TRAIN][PPO] ep=269/500 r=  315.86 avg10=  542.38 steps=1065 succ10=0.80 touch10=0.80 col10=0.20 to10=0.00 min_d= 1.21 avg_spd=2.11m/s end=collision t= 4233.6s
[TRAIN][PPO] ep=270/500 r=  610.51 avg10=  543.39 steps=1469 succ10=0.80 touch10=0.80 col10=0.20 to10=0.00 min_d= 0.30 avg_spd=2.08m/s end=goal t= 4250.5s
[TRAIN][PPO] ep=271/500 r=  607.38 avg10=  573.66 steps=1445 succ10=0.90 touch10=0.90 col10=0.10 to10=0.00 min_d= 0.30 avg_spd=2.08m/s end=goal t= 4266.9s
[TRAIN][PPO] ep=272/500 r=  598.88 avg10=  574.16 steps=1463 succ10=0.90 touch10=0.90 col10=0.10 to10=0.00 min_d= 0.30 avg_spd=2.10m/s end=goal t= 4285.1s
[TRAIN][PPO] ep=273/500 r=  590.51 avg10=  573.46 steps=1430 succ10=0.90 touch10=0.90 col10=0.10 to10=0.00 min_d= 0.30 avg_spd=2.10m/s end=goal t= 4301.8s
[TRAIN][PPO] ep=274/500 r=  592.08 avg10=  572.02 steps=1443 succ10=0.90 touch10=0.90 col10=0.10 to10=0.00 min_d= 0.30 avg_spd=2.10m/s end=goal t= 4318.6s
[TRAIN][PPO] ep=275/500 r=  598.91 avg10=  572.30 steps=1534 succ10=0.90 touch10=0.90 col10=0.10 to10=0.00 min_d= 0.30 avg_spd=2.11m/s end=goal t= 4336.0s
[TRAIN][PPO] ep=276/500 r=  594.78 avg10=  572.04 steps=1449 succ10=0.90 touch10=0.90 col10=0.10 to10=0.00 min_d= 0.30 avg_spd=2.09m/s end=goal t= 4354.7s
[TRAIN][PPO] ep=277/500 r=  -37.51 avg10=  507.66 steps=  47 succ10=0.80 touch10=0.80 col10=0.20 to10=0.00 min_d= 3.84 avg_spd=2.12m/s end=collision t= 4355.3s
[TRAIN][PPO] ep=278/500 r=  600.51 avg10=  507.19 steps=1463 succ10=0.80 touch10=0.80 col10=0.20 to10=0.00 min_d= 0.30 avg_spd=2.08m/s end=goal t= 4372.2s
[TRAIN][PPO] ep=279/500 r=  597.99 avg10=  535.40 steps=1413 succ10=0.90 touch10=0.90 col10=0.10 to10=0.00 min_d= 0.30 avg_spd=2.11m/s end=goal t= 4388.7s
[TRAIN][PPO] ep=280/500 r=  606.80 avg10=  535.03 steps=1440 succ10=0.90 touch10=0.90 col10=0.10 to10=0.00 min_d= 0.30 avg_spd=2.10m/s end=goal t= 4407.0s
[TRAIN][PPO] ep=281/500 r=  594.69 avg10=  533.76 steps=1400 succ10=0.90 touch10=0.90 col10=0.10 to10=0.00 min_d= 0.30 avg_spd=2.09m/s end=goal t= 4423.0s
[TRAIN][PPO] ep=282/500 r=  596.89 avg10=  533.57 steps=1410 succ10=0.90 touch10=0.90 col10=0.10 to10=0.00 min_d= 0.30 avg_spd=2.10m/s end=goal t= 4439.3s
[TRAIN][PPO] ep=283/500 r=  316.44 avg10=  506.16 steps=1076 succ10=0.80 touch10=0.80 col10=0.20 to10=0.00 min_d= 1.25 avg_spd=2.10m/s end=collision t= 4452.4s
[TRAIN][PPO] ep=284/500 r=  594.94 avg10=  506.44 steps=1403 succ10=0.80 touch10=0.80 col10=0.20 to10=0.00 min_d= 0.30 avg_spd=2.11m/s end=goal t= 4470.2s
[TRAIN][PPO] ep=285/500 r=  591.41 avg10=  505.69 steps=1395 succ10=0.80 touch10=0.80 col10=0.20 to10=0.00 min_d= 0.30 avg_spd=2.09m/s end=goal t= 4486.5s
[TRAIN][PPO] ep=286/500 r=  604.61 avg10=  506.68 steps=1433 succ10=0.80 touch10=0.80 col10=0.20 to10=0.00 min_d= 0.30 avg_spd=2.10m/s end=goal t= 4502.6s
[TRAIN][PPO] ep=287/500 r=  598.46 avg10=  570.27 steps=1418 succ10=0.90 touch10=0.90 col10=0.10 to10=0.00 min_d= 0.30 avg_spd=2.10m/s end=goal t= 4518.9s
[TRAIN][PPO] ep=288/500 r=  593.32 avg10=  569.56 steps=1399 succ10=0.90 touch10=0.90 col10=0.10 to10=0.00 min_d= 0.30 avg_spd=2.10m/s end=goal t= 4536.2s
[TRAIN][PPO] ep=289/500 r=  588.95 avg10=  568.65 steps=1401 succ10=0.90 touch10=0.90 col10=0.10 to10=0.00 min_d= 0.30 avg_spd=2.09m/s end=goal t= 4552.2s
[TRAIN][PPO] ep=290/500 r=  607.82 avg10=  568.75 steps=1445 succ10=0.90 touch10=0.90 col10=0.10 to10=0.00 min_d= 0.30 avg_spd=2.10m/s end=goal t= 4568.8s
[TRAIN][PPO] ep=291/500 r=  -26.58 avg10=  506.63 steps= 148 succ10=0.80 touch10=0.80 col10=0.20 to10=0.00 min_d= 3.80 avg_spd=2.13m/s end=collision t= 4570.6s
[TRAIN][PPO] ep=292/500 r=  595.75 avg10=  506.51 steps=1458 succ10=0.80 touch10=0.80 col10=0.20 to10=0.00 min_d= 0.30 avg_spd=2.11m/s end=goal t= 4588.8s
[TRAIN][PPO] ep=293/500 r=  312.07 avg10=  506.07 steps=1056 succ10=0.80 touch10=0.80 col10=0.20 to10=0.00 min_d= 1.23 avg_spd=2.10m/s end=collision t= 4601.0s
[TRAIN][PPO] ep=294/500 r=  591.81 avg10=  505.76 steps=1400 succ10=0.80 touch10=0.80 col10=0.20 to10=0.00 min_d= 0.30 avg_spd=2.10m/s end=goal t= 4617.4s
[TRAIN][PPO] ep=295/500 r=  590.48 avg10=  505.67 steps=1521 succ10=0.80 touch10=0.80 col10=0.20 to10=0.00 min_d= 0.30 avg_spd=2.09m/s end=goal t= 4634.2s
[TRAIN][PPO] ep=296/500 r=  603.34 avg10=  505.54 steps=1427 succ10=0.80 touch10=0.80 col10=0.20 to10=0.00 min_d= 0.30 avg_spd=2.07m/s end=goal t= 4652.0s
[TRAIN][PPO] ep=297/500 r=  598.39 avg10=  505.54 steps=1415 succ10=0.80 touch10=0.80 col10=0.20 to10=0.00 min_d= 0.30 avg_spd=2.11m/s end=goal t= 4668.8s
[TRAIN][PPO] ep=298/500 r=  310.73 avg10=  477.28 steps=1052 succ10=0.70 touch10=0.70 col10=0.30 to10=0.00 min_d= 1.21 avg_spd=2.08m/s end=collision t= 4681.1s
[TRAIN][PPO] ep=299/500 r=  595.15 avg10=  477.90 steps=1449 succ10=0.70 touch10=0.70 col10=0.30 to10=0.00 min_d= 0.30 avg_spd=2.10m/s end=goal t= 4698.0s
[TRAIN][PPO] ep=300/500 r=  596.94 avg10=  476.81 steps=1552 succ10=0.70 touch10=0.70 col10=0.30 to10=0.00 min_d= 0.30 avg_spd=2.11m/s end=goal t= 4717.5s ckpt=latest
[TRAIN][PPO] ep=301/500 r=  587.57 avg10=  538.22 steps=1420 succ10=0.80 touch10=0.80 col10=0.20 to10=0.00 min_d= 0.30 avg_spd=2.10m/s end=goal t= 4734.4s
[TRAIN][PPO] ep=302/500 r=  592.96 avg10=  537.94 steps=1396 succ10=0.80 touch10=0.80 col10=0.20 to10=0.00 min_d= 0.30 avg_spd=2.08m/s end=goal t= 4750.6s
[TRAIN][PPO] ep=303/500 r=  611.77 avg10=  567.91 steps=1459 succ10=0.90 touch10=0.90 col10=0.10 to10=0.00 min_d= 0.30 avg_spd=2.09m/s end=goal t= 4767.6s
[TRAIN][PPO] ep=304/500 r=  312.21 avg10=  539.95 steps=1068 succ10=0.80 touch10=0.80 col10=0.20 to10=0.00 min_d= 1.23 avg_spd=2.09m/s end=collision t= 4781.1s
[TRAIN][PPO] ep=305/500 r=  598.56 avg10=  540.76 steps=1420 succ10=0.80 touch10=0.80 col10=0.20 to10=0.00 min_d= 0.30 avg_spd=2.10m/s end=goal t= 4797.7s
[TRAIN][PPO] ep=306/500 r=  602.81 avg10=  540.71 steps=1479 succ10=0.80 touch10=0.80 col10=0.20 to10=0.00 min_d= 0.30 avg_spd=2.07m/s end=goal t= 4815.0s
[TRAIN][PPO] ep=307/500 r=  318.40 avg10=  512.71 steps=1077 succ10=0.70 touch10=0.70 col10=0.30 to10=0.00 min_d= 1.20 avg_spd=2.11m/s end=collision t= 4827.4s
[TRAIN][PPO] ep=308/500 r=  600.08 avg10=  541.64 steps=1431 succ10=0.80 touch10=0.80 col10=0.20 to10=0.00 min_d= 0.30 avg_spd=2.09m/s end=goal t= 4844.8s
[TRAIN][PPO] ep=309/500 r=  601.86 avg10=  542.32 steps=1426 succ10=0.80 touch10=0.80 col10=0.20 to10=0.00 min_d= 0.30 avg_spd=2.09m/s end=goal t= 4861.4s
[TRAIN][PPO] ep=310/500 r=  607.41 avg10=  543.36 steps=1547 succ10=0.80 touch10=0.80 col10=0.20 to10=0.00 min_d= 0.30 avg_spd=2.10m/s end=goal t= 4879.4s
[TRAIN][PPO] ep=311/500 r=  601.67 avg10=  544.77 steps=1443 succ10=0.80 touch10=0.80 col10=0.20 to10=0.00 min_d= 0.30 avg_spd=2.09m/s end=goal t= 4896.2s
[TRAIN][PPO] ep=312/500 r=  604.98 avg10=  545.97 steps=1474 succ10=0.80 touch10=0.80 col10=0.20 to10=0.00 min_d= 0.30 avg_spd=2.10m/s end=goal t= 4916.0s
[TRAIN][PPO] ep=313/500 r=  -38.81 avg10=  480.92 steps=  49 succ10=0.70 touch10=0.70 col10=0.30 to10=0.00 min_d= 3.83 avg_spd=2.08m/s end=collision t= 4916.7s
[TRAIN][PPO] ep=314/500 r=  602.94 avg10=  509.99 steps=1430 succ10=0.80 touch10=0.80 col10=0.20 to10=0.00 min_d= 0.30 avg_spd=2.10m/s end=goal t= 4933.0s
[TRAIN][PPO] ep=315/500 r=  -37.53 avg10=  446.38 steps=  42 succ10=0.70 touch10=0.70 col10=0.30 to10=0.00 min_d= 3.83 avg_spd=1.89m/s end=collision t= 4933.6s
[TRAIN][PPO] ep=316/500 r=  607.89 avg10=  446.89 steps=1448 succ10=0.70 touch10=0.70 col10=0.30 to10=0.00 min_d= 0.30 avg_spd=2.10m/s end=goal t= 4951.1s
[TRAIN][PPO] ep=317/500 r=  -38.60 avg10=  411.19 steps=  41 succ10=0.70 touch10=0.70 col10=0.30 to10=0.00 min_d= 3.84 avg_spd=2.15m/s end=collision t= 4951.7s
[TRAIN][PPO] ep=318/500 r=  603.34 avg10=  411.51 steps=1435 succ10=0.70 touch10=0.70 col10=0.30 to10=0.00 min_d= 0.30 avg_spd=2.12m/s end=goal t= 4968.0s
[TRAIN][PPO] ep=319/500 r=  597.63 avg10=  411.09 steps=1416 succ10=0.70 touch10=0.70 col10=0.30 to10=0.00 min_d= 0.30 avg_spd=2.11m/s end=goal t= 4984.3s
[TRAIN][PPO] ep=320/500 r=  587.00 avg10=  409.05 steps=1383 succ10=0.70 touch10=0.70 col10=0.30 to10=0.00 min_d= 0.30 avg_spd=2.11m/s end=goal t= 5001.2s
[TRAIN][PPO] ep=321/500 r=  -40.12 avg10=  344.87 steps=  48 succ10=0.60 touch10=0.60 col10=0.40 to10=0.00 min_d= 3.82 avg_spd=2.01m/s end=collision t= 5001.8s
[TRAIN][PPO] ep=322/500 r=  590.77 avg10=  343.45 steps=1454 succ10=0.60 touch10=0.60 col10=0.40 to10=0.00 min_d= 0.30 avg_spd=2.10m/s end=goal t= 5018.7s
[TRAIN][PPO] ep=323/500 r=  591.89 avg10=  406.52 steps=1459 succ10=0.70 touch10=0.70 col10=0.30 to10=0.00 min_d= 0.30 avg_spd=2.11m/s end=goal t= 5035.8s
[TRAIN][PPO] ep=324/500 r=  598.46 avg10=  406.07 steps=1465 succ10=0.70 touch10=0.70 col10=0.30 to10=0.00 min_d= 0.30 avg_spd=2.09m/s end=goal t= 5053.9s
[TRAIN][PPO] ep=325/500 r=  599.04 avg10=  469.73 steps=1420 succ10=0.80 touch10=0.80 col10=0.20 to10=0.00 min_d= 0.30 avg_spd=2.12m/s end=goal t= 5070.4s
[TRAIN][PPO] ep=326/500 r=  600.96 avg10=  469.04 steps=1419 succ10=0.80 touch10=0.80 col10=0.20 to10=0.00 min_d= 0.30 avg_spd=2.12m/s end=goal t= 5086.9s
[TRAIN][PPO] ep=327/500 r=  612.75 avg10=  534.17 steps=1460 succ10=0.90 touch10=0.90 col10=0.10 to10=0.00 min_d= 0.30 avg_spd=2.08m/s end=goal t= 5103.9s
[TRAIN][PPO] ep=328/500 r=  599.12 avg10=  533.75 steps=1417 succ10=0.90 touch10=0.90 col10=0.10 to10=0.00 min_d= 0.30 avg_spd=2.11m/s end=goal t= 5121.4s
[TRAIN][PPO] ep=329/500 r=  606.40 avg10=  534.63 steps=1463 succ10=0.90 touch10=0.90 col10=0.10 to10=0.00 min_d= 0.30 avg_spd=2.10m/s end=goal t= 5138.2s
[TRAIN][PPO] ep=330/500 r=  592.14 avg10=  535.14 steps=1444 succ10=0.90 touch10=0.90 col10=0.10 to10=0.00 min_d= 0.30 avg_spd=2.09m/s end=goal t= 5155.1s
[TRAIN][PPO] ep=331/500 r=  601.82 avg10=  599.34 steps=1492 succ10=1.00 touch10=1.00 col10=0.00 to10=0.00 min_d= 0.30 avg_spd=2.08m/s end=goal t= 5172.4s
[TRAIN][PPO] ep=332/500 r=  606.47 avg10=  600.91 steps=1489 succ10=1.00 touch10=1.00 col10=0.00 to10=0.00 min_d= 0.30 avg_spd=2.07m/s end=goal t= 5191.5s
[TRAIN][PPO] ep=333/500 r=  589.78 avg10=  600.69 steps=1394 succ10=1.00 touch10=1.00 col10=0.00 to10=0.00 min_d= 0.30 avg_spd=2.11m/s end=goal t= 5207.4s
[TRAIN][PPO] ep=334/500 r=  589.74 avg10=  599.82 steps=1390 succ10=1.00 touch10=1.00 col10=0.00 to10=0.00 min_d= 0.30 avg_spd=2.12m/s end=goal t= 5223.2s
[TRAIN][PPO] ep=335/500 r=  604.87 avg10=  600.40 steps=1434 succ10=1.00 touch10=1.00 col10=0.00 to10=0.00 min_d= 0.30 avg_spd=2.10m/s end=goal t= 5239.7s
[TRAIN][PPO] ep=336/500 r=  607.84 avg10=  601.09 steps=1454 succ10=1.00 touch10=1.00 col10=0.00 to10=0.00 min_d= 0.30 avg_spd=2.10m/s end=goal t= 5257.3s
[TRAIN][PPO] ep=337/500 r=  597.20 avg10=  599.54 steps=1414 succ10=1.00 touch10=1.00 col10=0.00 to10=0.00 min_d= 0.30 avg_spd=2.11m/s end=goal t= 5273.7s
[TRAIN][PPO] ep=338/500 r=  611.81 avg10=  600.81 steps=1539 succ10=1.00 touch10=1.00 col10=0.00 to10=0.00 min_d= 0.30 avg_spd=2.09m/s end=goal t= 5291.0s
[TRAIN][PPO] ep=339/500 r=  600.99 avg10=  600.27 steps=1422 succ10=1.00 touch10=1.00 col10=0.00 to10=0.00 min_d= 0.30 avg_spd=2.11m/s end=goal t= 5307.5s
[TRAIN][PPO] ep=340/500 r=  598.37 avg10=  600.89 steps=1457 succ10=1.00 touch10=1.00 col10=0.00 to10=0.00 min_d= 0.30 avg_spd=2.09m/s end=goal t= 5325.7s
[TRAIN][PPO] ep=341/500 r=  578.82 avg10=  598.59 steps=1497 succ10=1.00 touch10=1.00 col10=0.00 to10=0.00 min_d= 0.30 avg_spd=2.10m/s end=goal t= 5343.2s
[TRAIN][PPO] ep=342/500 r=  590.47 avg10=  596.99 steps=1398 succ10=1.00 touch10=1.00 col10=0.00 to10=0.00 min_d= 0.30 avg_spd=2.10m/s end=goal t= 5359.4s
[TRAIN][PPO] ep=343/500 r=  -44.08 avg10=  533.60 steps=  21 succ10=0.90 touch10=0.90 col10=0.10 to10=0.00 min_d= 3.85 avg_spd=1.95m/s end=collision t= 5359.7s
[TRAIN][PPO] ep=344/500 r=  599.84 avg10=  534.61 steps=1435 succ10=0.90 touch10=0.90 col10=0.10 to10=0.00 min_d= 0.30 avg_spd=2.12m/s end=goal t= 5377.1s
[TRAIN][PPO] ep=345/500 r=  601.22 avg10=  534.25 steps=1535 succ10=0.90 touch10=0.90 col10=0.10 to10=0.00 min_d= 0.30 avg_spd=2.11m/s end=goal t= 5394.8s
[TRAIN][PPO] ep=346/500 r=  -38.63 avg10=  469.60 steps=  50 succ10=0.80 touch10=0.80 col10=0.20 to10=0.00 min_d= 3.83 avg_spd=2.17m/s end=collision t= 5395.5s
[TRAIN][PPO] ep=347/500 r=  592.25 avg10=  469.11 steps=1461 succ10=0.80 touch10=0.80 col10=0.20 to10=0.00 min_d= 0.30 avg_spd=2.10m/s end=goal t= 5412.3s
[TRAIN][PPO] ep=348/500 r=  585.66 avg10=  466.49 steps=1393 succ10=0.80 touch10=0.80 col10=0.20 to10=0.00 min_d= 0.30 avg_spd=2.10m/s end=goal t= 5429.2s
[TRAIN][PPO] ep=349/500 r=  596.37 avg10=  466.03 steps=1408 succ10=0.80 touch10=0.80 col10=0.20 to10=0.00 min_d= 0.30 avg_spd=2.13m/s end=goal t= 5445.0s
[TRAIN][PPO] ep=350/500 r=  599.14 avg10=  466.10 steps=1457 succ10=0.80 touch10=0.80 col10=0.20 to10=0.00 min_d= 0.30 avg_spd=2.11m/s end=goal t= 5461.9s
[TRAIN][PPO] ep=351/500 r=  602.26 avg10=  468.45 steps=1432 succ10=0.80 touch10=0.80 col10=0.20 to10=0.00 min_d= 0.30 avg_spd=2.12m/s end=goal t= 5478.4s
[TRAIN][PPO] ep=352/500 r=  602.15 avg10=  469.62 steps=1470 succ10=0.80 touch10=0.80 col10=0.20 to10=0.00 min_d= 0.30 avg_spd=2.07m/s end=goal t= 5497.4s
[TRAIN][PPO] ep=353/500 r=  581.14 avg10=  532.14 steps=1524 succ10=0.90 touch10=0.90 col10=0.10 to10=0.00 min_d= 0.30 avg_spd=2.10m/s end=goal t= 5515.1s
[TRAIN][PPO] ep=354/500 r=  597.61 avg10=  531.92 steps=1419 succ10=0.90 touch10=0.90 col10=0.10 to10=0.00 min_d= 0.30 avg_spd=2.13m/s end=goal t= 5531.7s
[TRAIN][PPO] ep=355/500 r=  598.31 avg10=  531.63 steps=1412 succ10=0.90 touch10=0.90 col10=0.10 to10=0.00 min_d= 0.30 avg_spd=2.10m/s end=goal t= 5548.3s
[TRAIN][PPO] ep=356/500 r=  -41.57 avg10=  531.33 steps=  36 succ10=0.90 touch10=0.90 col10=0.10 to10=0.00 min_d= 3.84 avg_spd=2.06m/s end=collision t= 5549.7s
[TRAIN][PPO] ep=357/500 r=  586.35 avg10=  530.74 steps=1385 succ10=0.90 touch10=0.90 col10=0.10 to10=0.00 min_d= 0.30 avg_spd=2.11m/s end=goal t= 5566.0s
[TRAIN][PPO] ep=358/500 r=  586.61 avg10=  530.84 steps=1380 succ10=0.90 touch10=0.90 col10=0.10 to10=0.00 min_d= 0.30 avg_spd=2.12m/s end=goal t= 5582.5s
[TRAIN][PPO] ep=359/500 r=  600.26 avg10=  531.22 steps=1429 succ10=0.90 touch10=0.90 col10=0.10 to10=0.00 min_d= 0.30 avg_spd=2.09m/s end=goal t= 5598.8s
[TRAIN][PPO] ep=360/500 r=  599.22 avg10=  531.23 steps=1423 succ10=0.90 touch10=0.90 col10=0.10 to10=0.00 min_d= 0.30 avg_spd=2.12m/s end=goal t= 5616.1s
[TRAIN][PPO] ep=361/500 r=  600.58 avg10=  531.06 steps=1420 succ10=0.90 touch10=0.90 col10=0.10 to10=0.00 min_d= 0.30 avg_spd=2.12m/s end=goal t= 5633.6s
[TRAIN][PPO] ep=362/500 r=  604.47 avg10=  531.30 steps=1525 succ10=0.90 touch10=0.90 col10=0.10 to10=0.00 min_d= 0.30 avg_spd=2.09m/s end=goal t= 5652.5s
[TRAIN][PPO] ep=363/500 r=  589.90 avg10=  532.17 steps=1405 succ10=0.90 touch10=0.90 col10=0.10 to10=0.00 min_d= 0.30 avg_spd=2.10m/s end=goal t= 5670.0s
[TRAIN][PPO] ep=364/500 r=  596.85 avg10=  532.10 steps=1412 succ10=0.90 touch10=0.90 col10=0.10 to10=0.00 min_d= 0.30 avg_spd=2.12m/s end=goal t= 5688.4s
[TRAIN][PPO] ep=365/500 r=  591.15 avg10=  531.38 steps=1401 succ10=0.90 touch10=0.90 col10=0.10 to10=0.00 min_d= 0.30 avg_spd=2.11m/s end=goal t= 5705.5s
[TRAIN][PPO] ep=366/500 r=  591.83 avg10=  594.72 steps=1389 succ10=1.00 touch10=1.00 col10=0.00 to10=0.00 min_d= 0.30 avg_spd=2.10m/s end=goal t= 5722.7s
[TRAIN][PPO] ep=367/500 r=  -39.40 avg10=  532.15 steps=  34 succ10=0.90 touch10=0.90 col10=0.10 to10=0.00 min_d= 3.84 avg_spd=1.98m/s end=collision t= 5723.2s
[TRAIN][PPO] ep=368/500 r=  587.94 avg10=  532.28 steps=1386 succ10=0.90 touch10=0.90 col10=0.10 to10=0.00 min_d= 0.30 avg_spd=2.11m/s end=goal t= 5742.0s
[TRAIN][PPO] ep=369/500 r=  593.79 avg10=  531.63 steps=1418 succ10=0.90 touch10=0.90 col10=0.10 to10=0.00 min_d= 0.30 avg_spd=2.11m/s end=goal t= 5760.2s
[TRAIN][PPO] ep=370/500 r=  595.89 avg10=  531.30 steps=1412 succ10=0.90 touch10=0.90 col10=0.10 to10=0.00 min_d= 0.30 avg_spd=2.12m/s end=goal t= 5777.1s
[TRAIN][PPO] ep=371/500 r=  599.25 avg10=  531.17 steps=1417 succ10=0.90 touch10=0.90 col10=0.10 to10=0.00 min_d= 0.30 avg_spd=2.10m/s end=goal t= 5794.8s
[TRAIN][PPO] ep=372/500 r=  605.09 avg10=  531.23 steps=1442 succ10=0.90 touch10=0.90 col10=0.10 to10=0.00 min_d= 0.30 avg_spd=2.10m/s end=goal t= 5814.0s
[TRAIN][PPO] ep=373/500 r=  605.27 avg10=  532.77 steps=1522 succ10=0.90 touch10=0.90 col10=0.10 to10=0.00 min_d= 0.30 avg_spd=2.11m/s end=goal t= 5832.8s
[TRAIN][PPO] ep=374/500 r=  588.18 avg10=  531.90 steps=1377 succ10=0.90 touch10=0.90 col10=0.10 to10=0.00 min_d= 0.30 avg_spd=2.11m/s end=goal t= 5850.5s
[TRAIN][PPO] ep=375/500 r=  590.80 avg10=  531.86 steps=1391 succ10=0.90 touch10=0.90 col10=0.10 to10=0.00 min_d= 0.30 avg_spd=2.10m/s end=goal t= 5867.8s
[TRAIN][PPO] ep=376/500 r=  602.07 avg10=  532.89 steps=1473 succ10=0.90 touch10=0.90 col10=0.10 to10=0.00 min_d= 0.30 avg_spd=2.06m/s end=goal t= 5887.1s
[TRAIN][PPO] ep=377/500 r=  593.38 avg10=  596.17 steps=1406 succ10=1.00 touch10=1.00 col10=0.00 to10=0.00 min_d= 0.30 avg_spd=2.13m/s end=goal t= 5904.7s
[TRAIN][PPO] ep=378/500 r=  593.71 avg10=  596.74 steps=1416 succ10=1.00 touch10=1.00 col10=0.00 to10=0.00 min_d= 0.30 avg_spd=2.09m/s end=goal t= 5922.5s
[TRAIN][PPO] ep=379/500 r=  591.82 avg10=  596.55 steps=1398 succ10=1.00 touch10=1.00 col10=0.00 to10=0.00 min_d= 0.30 avg_spd=2.11m/s end=goal t= 5939.9s
[TRAIN][PPO] ep=380/500 r=  608.16 avg10=  597.77 steps=1444 succ10=1.00 touch10=1.00 col10=0.00 to10=0.00 min_d= 0.30 avg_spd=2.10m/s end=goal t= 5958.8s
[TRAIN][PPO] ep=381/500 r=  591.35 avg10=  596.98 steps=1393 succ10=1.00 touch10=1.00 col10=0.00 to10=0.00 min_d= 0.30 avg_spd=2.11m/s end=goal t= 5976.6s
[TRAIN][PPO] ep=382/500 r=  589.79 avg10=  595.45 steps=1388 succ10=1.00 touch10=1.00 col10=0.00 to10=0.00 min_d= 0.30 avg_spd=2.13m/s end=goal t= 5994.0s
[TRAIN][PPO] ep=383/500 r=  601.68 avg10=  595.10 steps=1427 succ10=1.00 touch10=1.00 col10=0.00 to10=0.00 min_d= 0.30 avg_spd=2.12m/s end=goal t= 6011.6s
[TRAIN][PPO] ep=384/500 r=  -42.61 avg10=  532.02 steps=  27 succ10=0.90 touch10=0.90 col10=0.10 to10=0.00 min_d= 3.84 avg_spd=1.99m/s end=collision t= 6014.3s
[TRAIN][PPO] ep=385/500 r=  598.99 avg10=  532.84 steps=1422 succ10=0.90 touch10=0.90 col10=0.10 to10=0.00 min_d= 0.30 avg_spd=2.10m/s end=goal t= 6031.6s
[TRAIN][PPO] ep=386/500 r=  596.33 avg10=  532.26 steps=1404 succ10=0.90 touch10=0.90 col10=0.10 to10=0.00 min_d= 0.30 avg_spd=2.11m/s end=goal t= 6049.2s
[TRAIN][PPO] ep=387/500 r=  605.67 avg10=  533.49 steps=1432 succ10=0.90 touch10=0.90 col10=0.10 to10=0.00 min_d= 0.30 avg_spd=2.11m/s end=goal t= 6067.3s
[TRAIN][PPO] ep=388/500 r=  601.26 avg10=  534.24 steps=1424 succ10=0.90 touch10=0.90 col10=0.10 to10=0.00 min_d= 0.30 avg_spd=2.12m/s end=goal t= 6086.7s
[TRAIN][PPO] ep=389/500 r=  -38.03 avg10=  471.26 steps=  48 succ10=0.80 touch10=0.80 col10=0.20 to10=0.00 min_d= 3.84 avg_spd=2.07m/s end=collision t= 6087.4s
[TRAIN][PPO] ep=390/500 r=  606.44 avg10=  471.09 steps=1437 succ10=0.80 touch10=0.80 col10=0.20 to10=0.00 min_d= 0.30 avg_spd=2.09m/s end=goal t= 6104.5s
[TRAIN][PPO] ep=391/500 r=  606.42 avg10=  472.59 steps=1449 succ10=0.80 touch10=0.80 col10=0.20 to10=0.00 min_d= 0.30 avg_spd=2.11m/s end=goal t= 6122.6s
[TRAIN][PPO] ep=392/500 r=  601.38 avg10=  473.75 steps=1423 succ10=0.80 touch10=0.80 col10=0.20 to10=0.00 min_d= 0.30 avg_spd=2.10m/s end=goal t= 6141.1s
[TRAIN][PPO] ep=393/500 r=  586.35 avg10=  472.22 steps=1377 succ10=0.80 touch10=0.80 col10=0.20 to10=0.00 min_d= 0.30 avg_spd=2.12m/s end=goal t= 6158.3s
[TRAIN][PPO] ep=394/500 r=  599.59 avg10=  536.44 steps=1428 succ10=0.90 touch10=0.90 col10=0.10 to10=0.00 min_d= 0.30 avg_spd=2.12m/s end=goal t= 6176.2s
[TRAIN][PPO] ep=395/500 r=  317.40 avg10=  508.28 steps=1085 succ10=0.80 touch10=0.80 col10=0.20 to10=0.00 min_d= 1.23 avg_spd=2.10m/s end=collision t= 6189.6s
[TRAIN][PPO] ep=396/500 r=  598.47 avg10=  508.49 steps=1424 succ10=0.80 touch10=0.80 col10=0.20 to10=0.00 min_d= 0.30 avg_spd=2.11m/s end=goal t= 6208.0s
[TRAIN][PPO] ep=397/500 r=  608.47 avg10=  508.77 steps=1444 succ10=0.80 touch10=0.80 col10=0.20 to10=0.00 min_d= 0.30 avg_spd=2.10m/s end=goal t= 6225.6s
[TRAIN][PPO] ep=398/500 r=  594.01 avg10=  508.05 steps=1395 succ10=0.80 touch10=0.80 col10=0.20 to10=0.00 min_d= 0.30 avg_spd=2.10m/s end=goal t= 6242.7s
[TRAIN][PPO] ep=399/500 r=  598.88 avg10=  571.74 steps=1422 succ10=0.90 touch10=0.90 col10=0.10 to10=0.00 min_d= 0.30 avg_spd=2.13m/s end=goal t= 6259.6s
[TRAIN][PPO] ep=400/500 r=  589.31 avg10=  570.03 steps=1401 succ10=0.90 touch10=0.90 col10=0.10 to10=0.00 min_d= 0.30 avg_spd=2.11m/s end=goal t= 6277.8s ckpt=latest
[TRAIN][PPO] ep=401/500 r=  595.70 avg10=  568.96 steps=1399 succ10=0.90 touch10=0.90 col10=0.10 to10=0.00 min_d= 0.30 avg_spd=2.11m/s end=goal t= 6294.4s
[TRAIN][PPO] ep=402/500 r=  600.12 avg10=  568.83 steps=1422 succ10=0.90 touch10=0.90 col10=0.10 to10=0.00 min_d= 0.30 avg_spd=2.11m/s end=goal t= 6311.5s
[TRAIN][PPO] ep=403/500 r=  590.40 avg10=  569.23 steps=1387 succ10=0.90 touch10=0.90 col10=0.10 to10=0.00 min_d= 0.30 avg_spd=2.10m/s end=goal t= 6327.9s
[TRAIN][PPO] ep=404/500 r=  -25.15 avg10=  506.76 steps= 142 succ10=0.80 touch10=0.80 col10=0.20 to10=0.00 min_d= 3.80 avg_spd=2.12m/s end=collision t= 6332.4s
[TRAIN][PPO] ep=405/500 r=  591.50 avg10=  534.17 steps=1410 succ10=0.90 touch10=0.90 col10=0.10 to10=0.00 min_d= 0.30 avg_spd=2.11m/s end=goal t= 6349.6s
[TRAIN][PPO] ep=406/500 r=  590.98 avg10=  533.42 steps=1384 succ10=0.90 touch10=0.90 col10=0.10 to10=0.00 min_d= 0.30 avg_spd=2.10m/s end=goal t= 6366.7s
[TRAIN][PPO] ep=407/500 r=  597.42 avg10=  532.32 steps=1412 succ10=0.90 touch10=0.90 col10=0.10 to10=0.00 min_d= 0.30 avg_spd=2.11m/s end=goal t= 6383.6s
[TRAIN][PPO] ep=408/500 r=  598.69 avg10=  532.78 steps=1408 succ10=0.90 touch10=0.90 col10=0.10 to10=0.00 min_d= 0.30 avg_spd=2.10m/s end=goal t= 6401.2s
[TRAIN][PPO] ep=409/500 r=  588.84 avg10=  531.78 steps=1384 succ10=0.90 touch10=0.90 col10=0.10 to10=0.00 min_d= 0.30 avg_spd=2.10m/s end=goal t= 6417.4s
[TRAIN][PPO] ep=410/500 r=  607.53 avg10=  533.60 steps=1438 succ10=0.90 touch10=0.90 col10=0.10 to10=0.00 min_d= 0.30 avg_spd=2.09m/s end=goal t= 6434.6s
[TRAIN][PPO] ep=411/500 r=  -44.28 avg10=  469.60 steps=  21 succ10=0.80 touch10=0.80 col10=0.20 to10=0.00 min_d= 3.85 avg_spd=1.92m/s end=collision t= 6434.9s
[TRAIN][PPO] ep=412/500 r=  589.10 avg10=  468.50 steps=1384 succ10=0.80 touch10=0.80 col10=0.20 to10=0.00 min_d= 0.30 avg_spd=2.12m/s end=goal t= 6452.5s
[TRAIN][PPO] ep=413/500 r=  606.69 avg10=  470.13 steps=1525 succ10=0.80 touch10=0.80 col10=0.20 to10=0.00 min_d= 0.30 avg_spd=2.10m/s end=goal t= 6470.8s
[TRAIN][PPO] ep=414/500 r=  603.68 avg10=  533.02 steps=1443 succ10=0.90 touch10=0.90 col10=0.10 to10=0.00 min_d= 0.30 avg_spd=2.10m/s end=goal t= 6487.9s
[TRAIN][PPO] ep=415/500 r=  596.77 avg10=  533.54 steps=1414 succ10=0.90 touch10=0.90 col10=0.10 to10=0.00 min_d= 0.30 avg_spd=2.09m/s end=goal t= 6504.9s
[TRAIN][PPO] ep=416/500 r=  597.76 avg10=  534.22 steps=1454 succ10=0.90 touch10=0.90 col10=0.10 to10=0.00 min_d= 0.30 avg_spd=2.10m/s end=goal t= 6523.5s
[TRAIN][PPO] ep=417/500 r=  589.40 avg10=  533.42 steps=1382 succ10=0.90 touch10=0.90 col10=0.10 to10=0.00 min_d= 0.30 avg_spd=2.11m/s end=goal t= 6540.0s
[TRAIN][PPO] ep=418/500 r=  604.05 avg10=  533.95 steps=1466 succ10=0.90 touch10=0.90 col10=0.10 to10=0.00 min_d= 0.30 avg_spd=2.09m/s end=goal t= 6558.2s
[TRAIN][PPO] ep=419/500 r=  602.49 avg10=  535.32 steps=1425 succ10=0.90 touch10=0.90 col10=0.10 to10=0.00 min_d= 0.30 avg_spd=2.11m/s end=goal t= 6575.1s
[TRAIN][PPO] ep=420/500 r=  601.83 avg10=  534.75 steps=1430 succ10=0.90 touch10=0.90 col10=0.10 to10=0.00 min_d= 0.30 avg_spd=2.12m/s end=goal t= 6593.3s
[TRAIN][PPO] ep=421/500 r=  594.49 avg10=  598.63 steps=1404 succ10=1.00 touch10=1.00 col10=0.00 to10=0.00 min_d= 0.30 avg_spd=2.11m/s end=goal t= 6609.9s
[TRAIN][PPO] ep=422/500 r=  590.77 avg10=  598.79 steps=1517 succ10=1.00 touch10=1.00 col10=0.00 to10=0.00 min_d= 0.30 avg_spd=2.10m/s end=goal t= 6627.6s
[TRAIN][PPO] ep=423/500 r=  587.70 avg10=  596.89 steps=1381 succ10=1.00 touch10=1.00 col10=0.00 to10=0.00 min_d= 0.30 avg_spd=2.12m/s end=goal t= 6643.0s
[TRAIN][PPO] ep=424/500 r=  599.67 avg10=  596.49 steps=1419 succ10=1.00 touch10=1.00 col10=0.00 to10=0.00 min_d= 0.30 avg_spd=2.12m/s end=goal t= 6661.1s
[TRAIN][PPO] ep=425/500 r=  606.44 avg10=  597.46 steps=1438 succ10=1.00 touch10=1.00 col10=0.00 to10=0.00 min_d= 0.30 avg_spd=2.08m/s end=goal t= 6678.4s
[TRAIN][PPO] ep=426/500 r=  602.20 avg10=  597.90 steps=1426 succ10=1.00 touch10=1.00 col10=0.00 to10=0.00 min_d= 0.30 avg_spd=2.12m/s end=goal t= 6695.9s
[TRAIN][PPO] ep=427/500 r=  578.60 avg10=  596.82 steps=1499 succ10=1.00 touch10=1.00 col10=0.00 to10=0.00 min_d= 0.30 avg_spd=2.12m/s end=goal t= 6713.4s
[TRAIN][PPO] ep=428/500 r=  599.38 avg10=  596.36 steps=1412 succ10=1.00 touch10=1.00 col10=0.00 to10=0.00 min_d= 0.30 avg_spd=2.09m/s end=goal t= 6731.0s
[TRAIN][PPO] ep=429/500 r=  604.40 avg10=  596.55 steps=1441 succ10=1.00 touch10=1.00 col10=0.00 to10=0.00 min_d= 0.30 avg_spd=2.10m/s end=goal t= 6749.0s
[TRAIN][PPO] ep=430/500 r=  588.05 avg10=  595.17 steps=1384 succ10=1.00 touch10=1.00 col10=0.00 to10=0.00 min_d= 0.30 avg_spd=2.11m/s end=goal t= 6766.3s
[TRAIN][PPO] ep=431/500 r=  593.64 avg10=  595.08 steps=1403 succ10=1.00 touch10=1.00 col10=0.00 to10=0.00 min_d= 0.30 avg_spd=2.10m/s end=goal t= 6783.1s
[TRAIN][PPO] ep=432/500 r=  595.31 avg10=  595.54 steps=1407 succ10=1.00 touch10=1.00 col10=0.00 to10=0.00 min_d= 0.30 avg_spd=2.11m/s end=goal t= 6800.6s
[TRAIN][PPO] ep=433/500 r=  609.02 avg10=  597.67 steps=1443 succ10=1.00 touch10=1.00 col10=0.00 to10=0.00 min_d= 0.30 avg_spd=2.09m/s end=goal t= 6818.0s
[TRAIN][PPO] ep=434/500 r=  598.25 avg10=  597.53 steps=1412 succ10=1.00 touch10=1.00 col10=0.00 to10=0.00 min_d= 0.30 avg_spd=2.10m/s end=goal t= 6835.4s
[TRAIN][PPO] ep=435/500 r=  595.78 avg10=  596.46 steps=1405 succ10=1.00 touch10=1.00 col10=0.00 to10=0.00 min_d= 0.30 avg_spd=2.12m/s end=goal t= 6852.5s
[TRAIN][PPO] ep=436/500 r=  600.59 avg10=  596.30 steps=1418 succ10=1.00 touch10=1.00 col10=0.00 to10=0.00 min_d= 0.30 avg_spd=2.11m/s end=goal t= 6870.4s
[TRAIN][PPO] ep=437/500 r=  602.97 avg10=  598.74 steps=1422 succ10=1.00 touch10=1.00 col10=0.00 to10=0.00 min_d= 0.30 avg_spd=2.12m/s end=goal t= 6887.3s
[TRAIN][PPO] ep=438/500 r=  604.28 avg10=  599.23 steps=1436 succ10=1.00 touch10=1.00 col10=0.00 to10=0.00 min_d= 0.30 avg_spd=2.10m/s end=goal t= 6903.9s
[TRAIN][PPO] ep=439/500 r=  590.81 avg10=  597.87 steps=1388 succ10=1.00 touch10=1.00 col10=0.00 to10=0.00 min_d= 0.30 avg_spd=2.13m/s end=goal t= 6920.1s
[TRAIN][PPO] ep=440/500 r=  593.64 avg10=  598.43 steps=1408 succ10=1.00 touch10=1.00 col10=0.00 to10=0.00 min_d= 0.30 avg_spd=2.11m/s end=goal t= 6937.7s
[TRAIN][PPO] ep=441/500 r=  598.56 avg10=  598.92 steps=1515 succ10=1.00 touch10=1.00 col10=0.00 to10=0.00 min_d= 0.30 avg_spd=2.11m/s end=goal t= 6955.4s
[TRAIN][PPO] ep=442/500 r=  586.71 avg10=  598.06 steps=1374 succ10=1.00 touch10=1.00 col10=0.00 to10=0.00 min_d= 0.30 avg_spd=2.11m/s end=goal t= 6971.5s
[TRAIN][PPO] ep=443/500 r=  605.54 avg10=  597.71 steps=1432 succ10=1.00 touch10=1.00 col10=0.00 to10=0.00 min_d= 0.30 avg_spd=2.10m/s end=goal t= 6988.1s
[TRAIN][PPO] ep=444/500 r=  599.14 avg10=  597.80 steps=1415 succ10=1.00 touch10=1.00 col10=0.00 to10=0.00 min_d= 0.30 avg_spd=2.13m/s end=goal t= 7006.3s
[TRAIN][PPO] ep=445/500 r=  600.00 avg10=  598.22 steps=1416 succ10=1.00 touch10=1.00 col10=0.00 to10=0.00 min_d= 0.30 avg_spd=2.11m/s end=goal t= 7023.3s
[TRAIN][PPO] ep=446/500 r=  595.56 avg10=  597.72 steps=1408 succ10=1.00 touch10=1.00 col10=0.00 to10=0.00 min_d= 0.30 avg_spd=2.12m/s end=goal t= 7040.5s
[TRAIN][PPO] ep=447/500 r=  595.26 avg10=  596.95 steps=1399 succ10=1.00 touch10=1.00 col10=0.00 to10=0.00 min_d= 0.30 avg_spd=2.11m/s end=goal t= 7057.4s
[TRAIN][PPO] ep=448/500 r=  594.46 avg10=  595.97 steps=1404 succ10=1.00 touch10=1.00 col10=0.00 to10=0.00 min_d= 0.30 avg_spd=2.11m/s end=goal t= 7075.7s
[TRAIN][PPO] ep=449/500 r=  581.57 avg10=  595.04 steps=1361 succ10=1.00 touch10=1.00 col10=0.00 to10=0.00 min_d= 0.30 avg_spd=2.13m/s end=goal t= 7091.9s
[TRAIN][PPO] ep=450/500 r=  600.84 avg10=  595.77 steps=1418 succ10=1.00 touch10=1.00 col10=0.00 to10=0.00 min_d= 0.30 avg_spd=2.13m/s end=goal t= 7108.9s
[TRAIN][PPO] ep=451/500 r=  605.64 avg10=  596.47 steps=1430 succ10=1.00 touch10=1.00 col10=0.00 to10=0.00 min_d= 0.30 avg_spd=2.11m/s end=goal t= 7126.1s
[TRAIN][PPO] ep=452/500 r=  585.97 avg10=  596.40 steps=1377 succ10=1.00 touch10=1.00 col10=0.00 to10=0.00 min_d= 0.30 avg_spd=2.14m/s end=goal t= 7143.8s
[TRAIN][PPO] ep=453/500 r=  588.47 avg10=  594.69 steps=1399 succ10=1.00 touch10=1.00 col10=0.00 to10=0.00 min_d= 0.30 avg_spd=2.11m/s end=goal t= 7160.3s
[TRAIN][PPO] ep=454/500 r=  608.05 avg10=  595.58 steps=1453 succ10=1.00 touch10=1.00 col10=0.00 to10=0.00 min_d= 0.30 avg_spd=2.09m/s end=goal t= 7177.9s
[TRAIN][PPO] ep=455/500 r=  588.27 avg10=  594.41 steps=1388 succ10=1.00 touch10=1.00 col10=0.00 to10=0.00 min_d= 0.30 avg_spd=2.12m/s end=goal t= 7194.3s
[TRAIN][PPO] ep=456/500 r=  591.00 avg10=  593.95 steps=1415 succ10=1.00 touch10=1.00 col10=0.00 to10=0.00 min_d= 0.30 avg_spd=2.09m/s end=goal t= 7213.8s
[TRAIN][PPO] ep=457/500 r=  608.23 avg10=  595.25 steps=1516 succ10=1.00 touch10=1.00 col10=0.00 to10=0.00 min_d= 0.30 avg_spd=2.10m/s end=goal t= 7231.8s
[TRAIN][PPO] ep=458/500 r=  602.38 avg10=  596.04 steps=1564 succ10=1.00 touch10=1.00 col10=0.00 to10=0.00 min_d= 0.30 avg_spd=2.11m/s end=goal t= 7250.4s
[TRAIN][PPO] ep=459/500 r=  589.86 avg10=  596.87 steps=1383 succ10=1.00 touch10=1.00 col10=0.00 to10=0.00 min_d= 0.30 avg_spd=2.11m/s end=goal t= 7267.6s
[TRAIN][PPO] ep=460/500 r=  600.46 avg10=  596.83 steps=1411 succ10=1.00 touch10=1.00 col10=0.00 to10=0.00 min_d= 0.30 avg_spd=2.11m/s end=goal t= 7286.5s
[TRAIN][PPO] ep=461/500 r=  567.60 avg10=  593.03 steps=1514 succ10=1.00 touch10=1.00 col10=0.00 to10=0.00 min_d= 0.30 avg_spd=2.10m/s end=goal t= 7304.4s
[TRAIN][PPO] ep=462/500 r=  -32.58 avg10=  531.17 steps= 123 succ10=0.90 touch10=0.90 col10=0.10 to10=0.00 min_d= 3.80 avg_spd=2.07m/s end=collision t= 7305.9s
[TRAIN][PPO] ep=463/500 r=  590.36 avg10=  531.36 steps=1383 succ10=0.90 touch10=0.90 col10=0.10 to10=0.00 min_d= 0.30 avg_spd=2.11m/s end=goal t= 7322.4s
[TRAIN][PPO] ep=464/500 r=  591.67 avg10=  529.73 steps=1388 succ10=0.90 touch10=0.90 col10=0.10 to10=0.00 min_d= 0.30 avg_spd=2.11m/s end=goal t= 7340.1s
[TRAIN][PPO] ep=465/500 r=  584.16 avg10=  529.32 steps=1371 succ10=0.90 touch10=0.90 col10=0.10 to10=0.00 min_d= 0.30 avg_spd=2.13m/s end=goal t= 7356.7s
[TRAIN][PPO] ep=466/500 r=  585.76 avg10=  528.79 steps=1377 succ10=0.90 touch10=0.90 col10=0.10 to10=0.00 min_d= 0.30 avg_spd=2.12m/s end=goal t= 7373.4s
[TRAIN][PPO] ep=467/500 r=  602.84 avg10=  528.25 steps=1428 succ10=0.90 touch10=0.90 col10=0.10 to10=0.00 min_d= 0.30 avg_spd=2.10m/s end=goal t= 7390.6s
[TRAIN][PPO] ep=468/500 r=  592.66 avg10=  527.28 steps=1400 succ10=0.90 touch10=0.90 col10=0.10 to10=0.00 min_d= 0.30 avg_spd=2.12m/s end=goal t= 7408.3s
[TRAIN][PPO] ep=469/500 r=  -32.20 avg10=  465.07 steps=  62 succ10=0.80 touch10=0.80 col10=0.20 to10=0.00 min_d= 3.84 avg_spd=2.14m/s end=collision t= 7409.1s
[TRAIN][PPO] ep=470/500 r=  592.27 avg10=  464.25 steps=1397 succ10=0.80 touch10=0.80 col10=0.20 to10=0.00 min_d= 0.30 avg_spd=2.12m/s end=goal t= 7426.1s
[TRAIN][PPO] ep=471/500 r=  585.22 avg10=  466.02 steps=1375 succ10=0.80 touch10=0.80 col10=0.20 to10=0.00 min_d= 0.30 avg_spd=2.12m/s end=goal t= 7443.0s
[TRAIN][PPO] ep=472/500 r=  -37.20 avg10=  465.55 steps=  53 succ10=0.80 touch10=0.80 col10=0.20 to10=0.00 min_d= 3.80 avg_spd=1.92m/s end=collision t= 7444.6s
[TRAIN][PPO] ep=473/500 r=  604.66 avg10=  466.98 steps=1427 succ10=0.80 touch10=0.80 col10=0.20 to10=0.00 min_d= 0.30 avg_spd=2.11m/s end=goal t= 7462.3s
[TRAIN][PPO] ep=474/500 r=  603.52 avg10=  468.17 steps=1428 succ10=0.80 touch10=0.80 col10=0.20 to10=0.00 min_d= 0.30 avg_spd=2.12m/s end=goal t= 7479.3s
[TRAIN][PPO] ep=475/500 r=  587.86 avg10=  468.54 steps=1377 succ10=0.80 touch10=0.80 col10=0.20 to10=0.00 min_d= 0.30 avg_spd=2.11m/s end=goal t= 7496.5s
[TRAIN][PPO] ep=476/500 r=  596.60 avg10=  469.62 steps=1410 succ10=0.80 touch10=0.80 col10=0.20 to10=0.00 min_d= 0.30 avg_spd=2.11m/s end=goal t= 7515.4s
[TRAIN][PPO] ep=477/500 r=  590.47 avg10=  468.39 steps=1398 succ10=0.80 touch10=0.80 col10=0.20 to10=0.00 min_d= 0.30 avg_spd=2.11m/s end=goal t= 7532.3s
[TRAIN][PPO] ep=478/500 r=  587.00 avg10=  467.82 steps=1375 succ10=0.80 touch10=0.80 col10=0.20 to10=0.00 min_d= 0.30 avg_spd=2.12m/s end=goal t= 7548.8s
[TRAIN][PPO] ep=479/500 r=  600.14 avg10=  531.05 steps=1429 succ10=0.90 touch10=0.90 col10=0.10 to10=0.00 min_d= 0.30 avg_spd=2.12m/s end=goal t= 7566.1s
[TRAIN][PPO] ep=480/500 r=  600.98 avg10=  531.92 steps=1434 succ10=0.90 touch10=0.90 col10=0.10 to10=0.00 min_d= 0.30 avg_spd=2.11m/s end=goal t= 7584.3s
[TRAIN][PPO] ep=481/500 r=  587.16 avg10=  532.12 steps=1381 succ10=0.90 touch10=0.90 col10=0.10 to10=0.00 min_d= 0.30 avg_spd=2.11m/s end=goal t= 7601.1s
[TRAIN][PPO] ep=482/500 r=  590.50 avg10=  594.89 steps=1384 succ10=1.00 touch10=1.00 col10=0.00 to10=0.00 min_d= 0.30 avg_spd=2.13m/s end=goal t= 7617.6s
[TRAIN][PPO] ep=483/500 r=  596.10 avg10=  594.03 steps=1508 succ10=1.00 touch10=1.00 col10=0.00 to10=0.00 min_d= 0.30 avg_spd=2.12m/s end=goal t= 7635.3s
[TRAIN][PPO] ep=484/500 r=  599.82 avg10=  593.66 steps=1418 succ10=1.00 touch10=1.00 col10=0.00 to10=0.00 min_d= 0.30 avg_spd=2.12m/s end=goal t= 7654.7s
[TRAIN][PPO] ep=485/500 r=  595.17 avg10=  594.39 steps=1402 succ10=1.00 touch10=1.00 col10=0.00 to10=0.00 min_d= 0.30 avg_spd=2.12m/s end=goal t= 7671.5s
[TRAIN][PPO] ep=486/500 r=  590.31 avg10=  593.76 steps=1382 succ10=1.00 touch10=1.00 col10=0.00 to10=0.00 min_d= 0.30 avg_spd=2.13m/s end=goal t= 7688.5s
[TRAIN][PPO] ep=487/500 r=  570.82 avg10=  591.80 steps=1525 succ10=1.00 touch10=1.00 col10=0.00 to10=0.00 min_d= 0.30 avg_spd=2.09m/s end=goal t= 7706.0s
[TRAIN][PPO] ep=488/500 r=  593.17 avg10=  592.42 steps=1495 succ10=1.00 touch10=1.00 col10=0.00 to10=0.00 min_d= 0.30 avg_spd=2.12m/s end=goal t= 7724.9s
[TRAIN][PPO] ep=489/500 r=  601.29 avg10=  592.53 steps=1516 succ10=1.00 touch10=1.00 col10=0.00 to10=0.00 min_d= 0.30 avg_spd=2.13m/s end=goal t= 7743.3s
[TRAIN][PPO] ep=490/500 r=  596.10 avg10=  592.04 steps=1402 succ10=1.00 touch10=1.00 col10=0.00 to10=0.00 min_d= 0.30 avg_spd=2.14m/s end=goal t= 7760.5s
[TRAIN][PPO] ep=491/500 r=  597.26 avg10=  593.05 steps=1404 succ10=1.00 touch10=1.00 col10=0.00 to10=0.00 min_d= 0.30 avg_spd=2.13m/s end=goal t= 7777.9s
[TRAIN][PPO] ep=492/500 r=  589.04 avg10=  592.91 steps=1384 succ10=1.00 touch10=1.00 col10=0.00 to10=0.00 min_d= 0.30 avg_spd=2.13m/s end=goal t= 7796.0s
[TRAIN][PPO] ep=493/500 r=  596.15 avg10=  592.91 steps=1509 succ10=1.00 touch10=1.00 col10=0.00 to10=0.00 min_d= 0.30 avg_spd=2.11m/s end=goal t= 7814.1s
[TRAIN][PPO] ep=494/500 r=  592.19 avg10=  592.15 steps=1410 succ10=1.00 touch10=1.00 col10=0.00 to10=0.00 min_d= 0.30 avg_spd=2.08m/s end=goal t= 7831.2s
[TRAIN][PPO] ep=495/500 r=  599.63 avg10=  592.60 steps=1436 succ10=1.00 touch10=1.00 col10=0.00 to10=0.00 min_d= 0.30 avg_spd=2.12m/s end=goal t= 7849.0s
[TRAIN][PPO] ep=496/500 r=  596.78 avg10=  593.24 steps=1403 succ10=1.00 touch10=1.00 col10=0.00 to10=0.00 min_d= 0.30 avg_spd=2.13m/s end=goal t= 7868.4s
[TRAIN][PPO] ep=497/500 r=  600.90 avg10=  596.25 steps=1419 succ10=1.00 touch10=1.00 col10=0.00 to10=0.00 min_d= 0.30 avg_spd=2.12m/s end=goal t= 7885.5s
[TRAIN][PPO] ep=498/500 r=  586.73 avg10=  595.61 steps=1389 succ10=1.00 touch10=1.00 col10=0.00 to10=0.00 min_d= 0.30 avg_spd=2.10m/s end=goal t= 7902.1s
[TRAIN][PPO] ep=499/500 r=  592.27 avg10=  594.71 steps=1408 succ10=1.00 touch10=1.00 col10=0.00 to10=0.00 min_d= 0.30 avg_spd=2.11m/s end=goal t= 7919.1s
INFO: PPO: Terminating.
[RUN] completed stage checkpoint=/uio/hume/student-u79/esbrovol/fys5429/DRL-Obstacle-Avoidance/controllers/PPO/checkpoints/20260525_141956_none_seed01_stage06_train_6_goal_shift_neg/final_20260525_141956_none_seed01_stage06_train_6_goal_shift_neg.pth
[RUN] arch=none seed=1 stage=7/10 world=/uio/hume/student-u79/esbrovol/fys5429/DRL-Obstacle-Avoidance/worlds/training/train_7_goal_offset_pos.wbt
[RUN] resuming from /uio/hume/student-u79/esbrovol/fys5429/DRL-Obstacle-Avoidance/controllers/PPO/checkpoints/20260525_141956_none_seed01_stage06_train_6_goal_shift_neg/final_20260525_141956_none_seed01_stage06_train_6_goal_shift_neg.pth
INFO: PPO: Starting controller: python3 -u PPO.py
[PPO] Using architecture: NONE
[PPO] Loaded architecture: NONE
[TRAIN][PPO] arch=NONE weights_dir=/uio/hume/student-u79/esbrovol/fys5429/DRL-Obstacle-Avoidance/controllers/PPO/checkpoints/20260525_141956_none_seed01_stage07_train_7_goal_offset_pos final=/uio/hume/student-u79/esbrovol/fys5429/DRL-Obstacle-Avoidance/controllers/PPO/checkpoints/20260525_141956_none_seed01_stage07_train_7_goal_offset_pos/final_20260525_141956_none_seed01_stage07_train_7_goal_offset_pos.pth
[TRAIN][PPO] episodes=500 update_every=4 obs=31 act=2 cell=NONE seq=32 burn_in=0
[TRAIN][PPO] ep=001/500 r=  -39.57 avg10=  -39.57 steps= 130 succ10=0.00 touch10=0.00 col10=1.00 to10=0.00 min_d= 3.90 avg_spd=2.04m/s end=collision t=    1.9s ckpt=best
[TRAIN][PPO] ep=002/500 r=   63.44 avg10=   11.93 steps= 367 succ10=0.00 touch10=0.00 col10=1.00 to10=0.00 min_d= 3.14 avg_spd=2.11m/s end=collision t=    6.7s ckpt=best
[TRAIN][PPO] ep=003/500 r=  585.60 avg10=  203.15 steps=1404 succ10=0.33 touch10=0.33 col10=0.67 to10=0.00 min_d= 0.30 avg_spd=2.15m/s end=goal t=   24.1s ckpt=best_goal
[TRAIN][PPO] ep=004/500 r=  306.85 avg10=  229.08 steps=1364 succ10=0.25 touch10=0.25 col10=0.75 to10=0.00 min_d= 1.11 avg_spd=2.11m/s end=collision t=   41.7s
[TRAIN][PPO] ep=005/500 r=   58.43 avg10=  194.95 steps= 355 succ10=0.20 touch10=0.20 col10=0.80 to10=0.00 min_d= 3.11 avg_spd=2.09m/s end=collision t=   46.1s
[TRAIN][PPO] ep=006/500 r=   64.12 avg10=  173.14 steps= 374 succ10=0.17 touch10=0.17 col10=0.83 to10=0.00 min_d= 3.13 avg_spd=2.12m/s end=collision t=   50.8s
[TRAIN][PPO] ep=007/500 r=  582.93 avg10=  231.68 steps=1387 succ10=0.29 touch10=0.29 col10=0.71 to10=0.00 min_d= 0.30 avg_spd=2.13m/s end=goal t=   67.9s
[TRAIN][PPO] ep=008/500 r=  159.87 avg10=  222.71 steps= 653 succ10=0.25 touch10=0.25 col10=0.75 to10=0.00 min_d= 2.30 avg_spd=2.10m/s end=collision t=   76.4s
[TRAIN][PPO] ep=009/500 r=   68.22 avg10=  205.54 steps= 385 succ10=0.22 touch10=0.22 col10=0.78 to10=0.00 min_d= 3.14 avg_spd=2.08m/s end=collision t=   81.1s
[TRAIN][PPO] ep=010/500 r=  602.66 avg10=  245.25 steps=1451 succ10=0.30 touch10=0.30 col10=0.70 to10=0.00 min_d= 0.30 avg_spd=2.12m/s end=goal t=   98.5s ckpt=best_goal
[TRAIN][PPO] ep=011/500 r=   58.66 avg10=  255.08 steps= 360 succ10=0.30 touch10=0.30 col10=0.70 to10=0.00 min_d= 3.13 avg_spd=2.08m/s end=collision t=  103.0s
[TRAIN][PPO] ep=012/500 r=  288.51 avg10=  277.58 steps=1360 succ10=0.30 touch10=0.30 col10=0.70 to10=0.00 min_d= 1.11 avg_spd=2.09m/s end=collision t=  120.0s
[TRAIN][PPO] ep=013/500 r=  591.83 avg10=  278.21 steps=1416 succ10=0.30 touch10=0.30 col10=0.70 to10=0.00 min_d= 0.30 avg_spd=2.11m/s end=goal t=  136.6s
[TRAIN][PPO] ep=014/500 r=  302.67 avg10=  277.79 steps=1379 succ10=0.30 touch10=0.30 col10=0.70 to10=0.00 min_d= 1.08 avg_spd=2.09m/s end=collision t=  153.0s
[TRAIN][PPO] ep=015/500 r=   62.52 avg10=  278.20 steps= 380 succ10=0.30 touch10=0.30 col10=0.70 to10=0.00 min_d= 3.11 avg_spd=2.06m/s end=collision t=  157.6s
[TRAIN][PPO] ep=016/500 r=  317.38 avg10=  303.52 steps=1337 succ10=0.30 touch10=0.30 col10=0.70 to10=0.00 min_d= 1.11 avg_spd=2.11m/s end=collision t=  175.9s
[TRAIN][PPO] ep=017/500 r=  589.48 avg10=  304.18 steps=1405 succ10=0.30 touch10=0.30 col10=0.70 to10=0.00 min_d= 0.30 avg_spd=2.13m/s end=goal t=  192.3s
[TRAIN][PPO] ep=018/500 r=  595.79 avg10=  347.77 steps=1423 succ10=0.40 touch10=0.40 col10=0.60 to10=0.00 min_d= 0.30 avg_spd=2.12m/s end=goal t=  208.6s
[TRAIN][PPO] ep=019/500 r=   63.82 avg10=  347.33 steps= 375 succ10=0.40 touch10=0.40 col10=0.60 to10=0.00 min_d= 3.12 avg_spd=2.13m/s end=collision t=  212.9s
[TRAIN][PPO] ep=020/500 r=   63.95 avg10=  293.46 steps= 366 succ10=0.30 touch10=0.30 col10=0.70 to10=0.00 min_d= 3.14 avg_spd=2.12m/s end=collision t=  218.4s
[TRAIN][PPO] ep=021/500 r=  593.75 avg10=  346.97 steps=1414 succ10=0.40 touch10=0.40 col10=0.60 to10=0.00 min_d= 0.30 avg_spd=2.14m/s end=goal t=  235.5s
[TRAIN][PPO] ep=022/500 r=   57.51 avg10=  323.87 steps= 363 succ10=0.40 touch10=0.40 col10=0.60 to10=0.00 min_d= 3.12 avg_spd=2.06m/s end=collision t=  240.0s
[TRAIN][PPO] ep=023/500 r=  597.15 avg10=  324.40 steps=1445 succ10=0.40 touch10=0.40 col10=0.60 to10=0.00 min_d= 0.30 avg_spd=2.09m/s end=goal t=  256.4s
[TRAIN][PPO] ep=024/500 r=  601.72 avg10=  354.31 steps=1444 succ10=0.50 touch10=0.50 col10=0.50 to10=0.00 min_d= 0.30 avg_spd=2.12m/s end=goal t=  274.1s
[TRAIN][PPO] ep=025/500 r=  600.79 avg10=  408.13 steps=1436 succ10=0.60 touch10=0.60 col10=0.40 to10=0.00 min_d= 0.30 avg_spd=2.12m/s end=goal t=  291.2s
[TRAIN][PPO] ep=026/500 r=  588.94 avg10=  435.29 steps=1411 succ10=0.70 touch10=0.70 col10=0.30 to10=0.00 min_d= 0.30 avg_spd=2.12m/s end=goal t=  308.3s
[TRAIN][PPO] ep=027/500 r=  589.49 avg10=  435.29 steps=1413 succ10=0.70 touch10=0.70 col10=0.30 to10=0.00 min_d= 0.30 avg_spd=2.13m/s end=goal t=  325.2s
[TRAIN][PPO] ep=028/500 r=  599.61 avg10=  435.67 steps=1445 succ10=0.70 touch10=0.70 col10=0.30 to10=0.00 min_d= 0.30 avg_spd=2.11m/s end=goal t=  344.1s
[TRAIN][PPO] ep=029/500 r=  582.73 avg10=  487.56 steps=1386 succ10=0.80 touch10=0.80 col10=0.20 to10=0.00 min_d= 0.30 avg_spd=2.13m/s end=goal t=  361.3s
[TRAIN][PPO] ep=030/500 r=  599.20 avg10=  541.09 steps=1440 succ10=0.90 touch10=0.90 col10=0.10 to10=0.00 min_d= 0.30 avg_spd=2.13m/s end=goal t=  378.3s
[TRAIN][PPO] ep=031/500 r=  293.04 avg10=  511.02 steps=1243 succ10=0.80 touch10=0.80 col10=0.20 to10=0.00 min_d= 1.21 avg_spd=2.10m/s end=collision t=  393.1s
[TRAIN][PPO] ep=032/500 r=  292.32 avg10=  534.50 steps=1363 succ10=0.80 touch10=0.80 col10=0.20 to10=0.00 min_d= 1.10 avg_spd=2.06m/s end=collision t=  410.2s
[TRAIN][PPO] ep=033/500 r=  591.58 avg10=  533.94 steps=1406 succ10=0.80 touch10=0.80 col10=0.20 to10=0.00 min_d= 0.30 avg_spd=2.13m/s end=goal t=  427.5s
[TRAIN][PPO] ep=034/500 r=   53.19 avg10=  479.09 steps= 345 succ10=0.70 touch10=0.70 col10=0.30 to10=0.00 min_d= 3.11 avg_spd=2.10m/s end=collision t=  431.8s
[TRAIN][PPO] ep=035/500 r=  166.52 avg10=  435.66 steps= 667 succ10=0.60 touch10=0.60 col10=0.40 to10=0.00 min_d= 2.29 avg_spd=2.12m/s end=collision t=  440.3s
[TRAIN][PPO] ep=036/500 r=  589.79 avg10=  435.75 steps=1423 succ10=0.60 touch10=0.60 col10=0.40 to10=0.00 min_d= 0.30 avg_spd=2.11m/s end=goal t=  458.9s
[TRAIN][PPO] ep=037/500 r=  178.40 avg10=  394.64 steps= 698 succ10=0.50 touch10=0.50 col10=0.50 to10=0.00 min_d= 2.29 avg_spd=2.09m/s end=collision t=  467.5s
[TRAIN][PPO] ep=038/500 r=  598.89 avg10=  394.57 steps=1458 succ10=0.50 touch10=0.50 col10=0.50 to10=0.00 min_d= 0.30 avg_spd=2.13m/s end=goal t=  485.3s
[TRAIN][PPO] ep=039/500 r=  584.83 avg10=  394.78 steps=1404 succ10=0.50 touch10=0.50 col10=0.50 to10=0.00 min_d= 0.30 avg_spd=2.12m/s end=goal t=  502.9s
[TRAIN][PPO] ep=040/500 r=  322.10 avg10=  367.07 steps=1328 succ10=0.40 touch10=0.40 col10=0.60 to10=0.00 min_d= 1.11 avg_spd=2.11m/s end=collision t=  520.4s
[TRAIN][PPO] ep=041/500 r=  600.67 avg10=  397.83 steps=1436 succ10=0.50 touch10=0.50 col10=0.50 to10=0.00 min_d= 0.30 avg_spd=2.12m/s end=goal t=  536.8s
[TRAIN][PPO] ep=042/500 r=  593.63 avg10=  427.96 steps=1438 succ10=0.60 touch10=0.60 col10=0.40 to10=0.00 min_d= 0.30 avg_spd=2.11m/s end=goal t=  553.3s
[TRAIN][PPO] ep=043/500 r=  598.00 avg10=  428.60 steps=1463 succ10=0.60 touch10=0.60 col10=0.40 to10=0.00 min_d= 0.30 avg_spd=2.11m/s end=goal t=  571.0s
[TRAIN][PPO] ep=044/500 r=  307.42 avg10=  454.03 steps=1227 succ10=0.60 touch10=0.60 col10=0.40 to10=0.00 min_d= 1.13 avg_spd=2.13m/s end=collision t=  587.2s
[TRAIN][PPO] ep=045/500 r=  310.76 avg10=  468.45 steps=1254 succ10=0.60 touch10=0.60 col10=0.40 to10=0.00 min_d= 1.14 avg_spd=2.12m/s end=collision t=  602.4s
[TRAIN][PPO] ep=046/500 r=  582.24 avg10=  467.70 steps=1394 succ10=0.60 touch10=0.60 col10=0.40 to10=0.00 min_d= 0.30 avg_spd=2.14m/s end=goal t=  619.9s
[TRAIN][PPO] ep=047/500 r=  317.53 avg10=  481.61 steps=1331 succ10=0.60 touch10=0.60 col10=0.40 to10=0.00 min_d= 1.12 avg_spd=2.11m/s end=collision t=  636.4s
[TRAIN][PPO] ep=048/500 r=  313.20 avg10=  453.04 steps=1265 succ10=0.50 touch10=0.50 col10=0.50 to10=0.00 min_d= 1.17 avg_spd=2.11m/s end=collision t=  653.2s
[TRAIN][PPO] ep=049/500 r=  298.01 avg10=  424.36 steps=1348 succ10=0.40 touch10=0.40 col10=0.60 to10=0.00 min_d= 1.09 avg_spd=2.09m/s end=collision t=  669.6s
[TRAIN][PPO] ep=050/500 r=  603.44 avg10=  452.49 steps=1456 succ10=0.50 touch10=0.50 col10=0.50 to10=0.00 min_d= 0.30 avg_spd=2.11m/s end=goal t=  687.7s ckpt=best_goal
[TRAIN][PPO] ep=051/500 r=  599.15 avg10=  452.34 steps=1443 succ10=0.50 touch10=0.50 col10=0.50 to10=0.00 min_d= 0.30 avg_spd=2.13m/s end=goal t=  705.8s
[TRAIN][PPO] ep=052/500 r=  601.83 avg10=  453.16 steps=1471 succ10=0.50 touch10=0.50 col10=0.50 to10=0.00 min_d= 0.30 avg_spd=2.10m/s end=goal t=  725.3s
[TRAIN][PPO] ep=053/500 r=  262.55 avg10=  419.61 steps= 955 succ10=0.40 touch10=0.40 col10=0.60 to10=0.00 min_d= 1.53 avg_spd=2.11m/s end=collision t=  737.5s
[TRAIN][PPO] ep=054/500 r=  595.95 avg10=  448.47 steps=1437 succ10=0.50 touch10=0.50 col10=0.50 to10=0.00 min_d= 0.30 avg_spd=2.10m/s end=goal t=  755.3s
[TRAIN][PPO] ep=055/500 r=  604.25 avg10=  477.81 steps=1448 succ10=0.60 touch10=0.60 col10=0.40 to10=0.00 min_d= 0.30 avg_spd=2.13m/s end=goal t=  773.3s ckpt=best_goal
[TRAIN][PPO] ep=056/500 r=  593.14 avg10=  478.91 steps=1422 succ10=0.60 touch10=0.60 col10=0.40 to10=0.00 min_d= 0.30 avg_spd=2.12m/s end=goal t=  792.3s
[TRAIN][PPO] ep=057/500 r=  586.35 avg10=  505.79 steps=1404 succ10=0.70 touch10=0.70 col10=0.30 to10=0.00 min_d= 0.30 avg_spd=2.11m/s end=goal t=  809.8s
[TRAIN][PPO] ep=058/500 r=  592.96 avg10=  533.76 steps=1422 succ10=0.80 touch10=0.80 col10=0.20 to10=0.00 min_d= 0.30 avg_spd=2.12m/s end=goal t=  827.7s
[TRAIN][PPO] ep=059/500 r=  312.02 avg10=  535.16 steps=1264 succ10=0.80 touch10=0.80 col10=0.20 to10=0.00 min_d= 1.16 avg_spd=2.11m/s end=collision t=  843.2s
[TRAIN][PPO] ep=060/500 r=  589.97 avg10=  533.82 steps=1412 succ10=0.80 touch10=0.80 col10=0.20 to10=0.00 min_d= 0.30 avg_spd=2.13m/s end=goal t=  861.1s
[TRAIN][PPO] ep=061/500 r=  600.55 avg10=  533.96 steps=1446 succ10=0.80 touch10=0.80 col10=0.20 to10=0.00 min_d= 0.30 avg_spd=2.13m/s end=goal t=  878.4s
[TRAIN][PPO] ep=062/500 r=   63.00 avg10=  480.07 steps= 370 succ10=0.70 touch10=0.70 col10=0.30 to10=0.00 min_d= 3.13 avg_spd=2.12m/s end=collision t=  883.0s
[TRAIN][PPO] ep=063/500 r=  563.90 avg10=  510.21 steps=1533 succ10=0.80 touch10=0.80 col10=0.20 to10=0.00 min_d= 0.30 avg_spd=2.11m/s end=goal t=  901.8s
[TRAIN][PPO] ep=064/500 r=  586.32 avg10=  509.25 steps=1414 succ10=0.80 touch10=0.80 col10=0.20 to10=0.00 min_d= 0.30 avg_spd=2.13m/s end=goal t=  920.0s
[TRAIN][PPO] ep=065/500 r=  -44.82 avg10=  444.34 steps=  22 succ10=0.70 touch10=0.70 col10=0.30 to10=0.00 min_d= 3.89 avg_spd=2.12m/s end=collision t=  920.4s
[TRAIN][PPO] ep=066/500 r=  594.95 avg10=  444.52 steps=1418 succ10=0.70 touch10=0.70 col10=0.30 to10=0.00 min_d= 0.30 avg_spd=2.11m/s end=goal t=  936.9s
[TRAIN][PPO] ep=067/500 r=  593.02 avg10=  445.19 steps=1402 succ10=0.70 touch10=0.70 col10=0.30 to10=0.00 min_d= 0.30 avg_spd=2.13m/s end=goal t=  953.9s
[TRAIN][PPO] ep=068/500 r=  591.28 avg10=  445.02 steps=1425 succ10=0.70 touch10=0.70 col10=0.30 to10=0.00 min_d= 0.30 avg_spd=2.14m/s end=goal t=  972.2s
[TRAIN][PPO] ep=069/500 r=  595.99 avg10=  473.41 steps=1426 succ10=0.80 touch10=0.80 col10=0.20 to10=0.00 min_d= 0.30 avg_spd=2.11m/s end=goal t=  989.4s
[TRAIN][PPO] ep=070/500 r=  353.59 avg10=  449.78 steps=1182 succ10=0.70 touch10=0.70 col10=0.30 to10=0.00 min_d= 0.97 avg_spd=2.11m/s end=collision t= 1003.7s
[TRAIN][PPO] ep=071/500 r=  354.65 avg10=  425.19 steps=1177 succ10=0.60 touch10=0.60 col10=0.40 to10=0.00 min_d= 0.98 avg_spd=2.13m/s end=collision t= 1017.6s
[TRAIN][PPO] ep=072/500 r=  335.96 avg10=  452.48 steps=1101 succ10=0.60 touch10=0.60 col10=0.40 to10=0.00 min_d= 1.13 avg_spd=2.14m/s end=collision t= 1031.8s
[TRAIN][PPO] ep=073/500 r=  607.44 avg10=  456.84 steps=1466 succ10=0.60 touch10=0.60 col10=0.40 to10=0.00 min_d= 0.30 avg_spd=2.11m/s end=goal t= 1049.7s ckpt=best_goal
[TRAIN][PPO] ep=074/500 r=  602.78 avg10=  458.48 steps=1458 succ10=0.60 touch10=0.60 col10=0.40 to10=0.00 min_d= 0.30 avg_spd=2.11m/s end=goal t= 1067.4s
[TRAIN][PPO] ep=075/500 r=  588.32 avg10=  521.80 steps=1396 succ10=0.70 touch10=0.70 col10=0.30 to10=0.00 min_d= 0.30 avg_spd=2.11m/s end=goal t= 1084.4s
[TRAIN][PPO] ep=076/500 r=  588.91 avg10=  521.19 steps=1391 succ10=0.70 touch10=0.70 col10=0.30 to10=0.00 min_d= 0.30 avg_spd=2.12m/s end=goal t= 1102.8s
[TRAIN][PPO] ep=077/500 r=  592.93 avg10=  521.19 steps=1438 succ10=0.70 touch10=0.70 col10=0.30 to10=0.00 min_d= 0.30 avg_spd=2.12m/s end=goal t= 1120.2s
[TRAIN][PPO] ep=078/500 r=  270.39 avg10=  489.10 steps=1338 succ10=0.60 touch10=0.60 col10=0.40 to10=0.00 min_d= 1.23 avg_spd=2.11m/s end=collision t= 1136.0s
[TRAIN][PPO] ep=079/500 r=  588.64 avg10=  488.36 steps=1419 succ10=0.60 touch10=0.60 col10=0.40 to10=0.00 min_d= 0.30 avg_spd=2.14m/s end=goal t= 1152.9s
[TRAIN][PPO] ep=080/500 r=  594.06 avg10=  512.41 steps=1443 succ10=0.70 touch10=0.70 col10=0.30 to10=0.00 min_d= 0.30 avg_spd=2.13m/s end=goal t= 1171.5s
[TRAIN][PPO] ep=081/500 r=  596.96 avg10=  536.64 steps=1437 succ10=0.80 touch10=0.80 col10=0.20 to10=0.00 min_d= 0.30 avg_spd=2.13m/s end=goal t= 1188.8s
[TRAIN][PPO] ep=082/500 r=  597.83 avg10=  562.83 steps=1444 succ10=0.90 touch10=0.90 col10=0.10 to10=0.00 min_d= 0.30 avg_spd=2.14m/s end=goal t= 1205.8s
[TRAIN][PPO] ep=083/500 r=  585.80 avg10=  560.66 steps=1405 succ10=0.90 touch10=0.90 col10=0.10 to10=0.00 min_d= 0.30 avg_spd=2.13m/s end=goal t= 1222.9s
[TRAIN][PPO] ep=084/500 r=  594.46 avg10=  559.83 steps=1435 succ10=0.90 touch10=0.90 col10=0.10 to10=0.00 min_d= 0.30 avg_spd=2.12m/s end=goal t= 1241.8s
[TRAIN][PPO] ep=085/500 r=  590.91 avg10=  560.09 steps=1398 succ10=0.90 touch10=0.90 col10=0.10 to10=0.00 min_d= 0.30 avg_spd=2.12m/s end=goal t= 1259.5s
[TRAIN][PPO] ep=086/500 r=  600.24 avg10=  561.22 steps=1457 succ10=0.90 touch10=0.90 col10=0.10 to10=0.00 min_d= 0.30 avg_spd=2.11m/s end=goal t= 1277.3s
[TRAIN][PPO] ep=087/500 r=  585.23 avg10=  560.45 steps=1404 succ10=0.90 touch10=0.90 col10=0.10 to10=0.00 min_d= 0.30 avg_spd=2.13m/s end=goal t= 1294.8s
[TRAIN][PPO] ep=088/500 r=  584.62 avg10=  591.88 steps=1403 succ10=1.00 touch10=1.00 col10=0.00 to10=0.00 min_d= 0.30 avg_spd=2.13m/s end=goal t= 1312.8s
[TRAIN][PPO] ep=089/500 r=  597.09 avg10=  592.72 steps=1439 succ10=1.00 touch10=1.00 col10=0.00 to10=0.00 min_d= 0.30 avg_spd=2.11m/s end=goal t= 1330.6s
[TRAIN][PPO] ep=090/500 r=  594.49 avg10=  592.76 steps=1429 succ10=1.00 touch10=1.00 col10=0.00 to10=0.00 min_d= 0.30 avg_spd=2.13m/s end=goal t= 1347.9s
[TRAIN][PPO] ep=091/500 r=  290.78 avg10=  562.15 steps=1245 succ10=0.90 touch10=0.90 col10=0.10 to10=0.00 min_d= 1.21 avg_spd=2.13m/s end=collision t= 1363.2s
[TRAIN][PPO] ep=092/500 r=  598.91 avg10=  562.25 steps=1449 succ10=0.90 touch10=0.90 col10=0.10 to10=0.00 min_d= 0.30 avg_spd=2.13m/s end=goal t= 1383.2s
[TRAIN][PPO] ep=093/500 r=  589.10 avg10=  562.58 steps=1428 succ10=0.90 touch10=0.90 col10=0.10 to10=0.00 min_d= 0.30 avg_spd=2.11m/s end=goal t= 1400.3s
[TRAIN][PPO] ep=094/500 r=  593.42 avg10=  562.48 steps=1429 succ10=0.90 touch10=0.90 col10=0.10 to10=0.00 min_d= 0.30 avg_spd=2.11m/s end=goal t= 1418.0s
[TRAIN][PPO] ep=095/500 r=  582.14 avg10=  561.60 steps=1394 succ10=0.90 touch10=0.90 col10=0.10 to10=0.00 min_d= 0.30 avg_spd=2.14m/s end=goal t= 1434.8s
[TRAIN][PPO] ep=096/500 r=  588.16 avg10=  560.40 steps=1419 succ10=0.90 touch10=0.90 col10=0.10 to10=0.00 min_d= 0.30 avg_spd=2.13m/s end=goal t= 1454.3s
[TRAIN][PPO] ep=097/500 r=  588.53 avg10=  560.73 steps=1409 succ10=0.90 touch10=0.90 col10=0.10 to10=0.00 min_d= 0.30 avg_spd=2.12m/s end=goal t= 1471.1s
[TRAIN][PPO] ep=098/500 r=  596.88 avg10=  561.95 steps=1427 succ10=0.90 touch10=0.90 col10=0.10 to10=0.00 min_d= 0.30 avg_spd=2.13m/s end=goal t= 1488.8s
[TRAIN][PPO] ep=099/500 r=  601.53 avg10=  562.40 steps=1455 succ10=0.90 touch10=0.90 col10=0.10 to10=0.00 min_d= 0.30 avg_spd=2.12m/s end=goal t= 1506.9s
[TRAIN][PPO] ep=100/500 r=  581.64 avg10=  561.11 steps=1403 succ10=0.90 touch10=0.90 col10=0.10 to10=0.00 min_d= 0.30 avg_spd=2.14m/s end=goal t= 1526.0s ckpt=latest
[TRAIN][PPO] ep=101/500 r=  595.86 avg10=  591.62 steps=1429 succ10=1.00 touch10=1.00 col10=0.00 to10=0.00 min_d= 0.30 avg_spd=2.12m/s end=goal t= 1543.3s
[TRAIN][PPO] ep=102/500 r=  595.65 avg10=  591.29 steps=1430 succ10=1.00 touch10=1.00 col10=0.00 to10=0.00 min_d= 0.30 avg_spd=2.13m/s end=goal t= 1560.2s
[TRAIN][PPO] ep=103/500 r=  593.01 avg10=  591.68 steps=1431 succ10=1.00 touch10=1.00 col10=0.00 to10=0.00 min_d= 0.30 avg_spd=2.14m/s end=goal t= 1577.7s
[TRAIN][PPO] ep=104/500 r=  -33.77 avg10=  528.96 steps=  71 succ10=0.90 touch10=0.90 col10=0.10 to10=0.00 min_d= 3.90 avg_spd=2.07m/s end=collision t= 1579.7s
[TRAIN][PPO] ep=105/500 r=  351.20 avg10=  505.87 steps=1163 succ10=0.80 touch10=0.80 col10=0.20 to10=0.00 min_d= 0.97 avg_spd=2.12m/s end=collision t= 1594.3s
[TRAIN][PPO] ep=106/500 r=  593.09 avg10=  506.36 steps=1437 succ10=0.80 touch10=0.80 col10=0.20 to10=0.00 min_d= 0.30 avg_spd=2.14m/s end=goal t= 1612.0s
[TRAIN][PPO] ep=107/500 r=  574.97 avg10=  505.01 steps=1532 succ10=0.80 touch10=0.80 col10=0.20 to10=0.00 min_d= 0.30 avg_spd=2.11m/s end=goal t= 1629.9s
[TRAIN][PPO] ep=108/500 r=  598.43 avg10=  505.16 steps=1453 succ10=0.80 touch10=0.80 col10=0.20 to10=0.00 min_d= 0.30 avg_spd=2.10m/s end=goal t= 1648.8s
[TRAIN][PPO] ep=109/500 r=  592.42 avg10=  504.25 steps=1402 succ10=0.80 touch10=0.80 col10=0.20 to10=0.00 min_d= 0.30 avg_spd=2.13m/s end=goal t= 1666.5s
[TRAIN][PPO] ep=110/500 r=  598.71 avg10=  505.96 steps=1453 succ10=0.80 touch10=0.80 col10=0.20 to10=0.00 min_d= 0.30 avg_spd=2.13m/s end=goal t= 1684.1s
[TRAIN][PPO] ep=111/500 r=  295.16 avg10=  475.89 steps=1353 succ10=0.70 touch10=0.70 col10=0.30 to10=0.00 min_d= 1.11 avg_spd=2.10m/s end=collision t= 1700.2s
[TRAIN][PPO] ep=112/500 r=  597.62 avg10=  476.08 steps=1424 succ10=0.70 touch10=0.70 col10=0.30 to10=0.00 min_d= 0.30 avg_spd=2.12m/s end=goal t= 1718.3s
[TRAIN][PPO] ep=113/500 r=  348.63 avg10=  451.65 steps=1156 succ10=0.60 touch10=0.60 col10=0.40 to10=0.00 min_d= 0.95 avg_spd=2.13m/s end=collision t= 1732.6s
[TRAIN][PPO] ep=114/500 r=  589.49 avg10=  513.97 steps=1426 succ10=0.70 touch10=0.70 col10=0.30 to10=0.00 min_d= 0.30 avg_spd=2.11m/s end=goal t= 1750.3s
[TRAIN][PPO] ep=115/500 r=  343.14 avg10=  513.17 steps=1136 succ10=0.70 touch10=0.70 col10=0.30 to10=0.00 min_d= 0.97 avg_spd=2.14m/s end=collision t= 1764.3s
[TRAIN][PPO] ep=116/500 r=  594.01 avg10=  513.26 steps=1410 succ10=0.70 touch10=0.70 col10=0.30 to10=0.00 min_d= 0.30 avg_spd=2.11m/s end=goal t= 1782.8s
[TRAIN][PPO] ep=117/500 r=  589.83 avg10=  514.74 steps=1415 succ10=0.70 touch10=0.70 col10=0.30 to10=0.00 min_d= 0.30 avg_spd=2.12m/s end=goal t= 1800.5s
[TRAIN][PPO] ep=118/500 r=  595.08 avg10=  514.41 steps=1413 succ10=0.70 touch10=0.70 col10=0.30 to10=0.00 min_d= 0.30 avg_spd=2.12m/s end=goal t= 1818.0s
[TRAIN][PPO] ep=119/500 r=  595.86 avg10=  514.75 steps=1424 succ10=0.70 touch10=0.70 col10=0.30 to10=0.00 min_d= 0.30 avg_spd=2.12m/s end=goal t= 1835.0s
[TRAIN][PPO] ep=120/500 r=  597.25 avg10=  514.61 steps=1448 succ10=0.70 touch10=0.70 col10=0.30 to10=0.00 min_d= 0.30 avg_spd=2.12m/s end=goal t= 1853.7s
[TRAIN][PPO] ep=121/500 r=  592.03 avg10=  544.30 steps=1401 succ10=0.80 touch10=0.80 col10=0.20 to10=0.00 min_d= 0.30 avg_spd=2.13m/s end=goal t= 1870.4s
[TRAIN][PPO] ep=122/500 r=  338.87 avg10=  518.42 steps=1134 succ10=0.70 touch10=0.70 col10=0.30 to10=0.00 min_d= 0.96 avg_spd=2.13m/s end=collision t= 1883.8s
[TRAIN][PPO] ep=123/500 r=  586.05 avg10=  542.16 steps=1548 succ10=0.80 touch10=0.80 col10=0.20 to10=0.00 min_d= 0.30 avg_spd=2.11m/s end=goal t= 1902.5s
[TRAIN][PPO] ep=124/500 r=  584.07 avg10=  541.62 steps=1576 succ10=0.80 touch10=0.80 col10=0.20 to10=0.00 min_d= 0.30 avg_spd=2.13m/s end=goal t= 1922.4s
[TRAIN][PPO] ep=125/500 r=  598.65 avg10=  567.17 steps=1423 succ10=0.90 touch10=0.90 col10=0.10 to10=0.00 min_d= 0.30 avg_spd=2.12m/s end=goal t= 1939.3s
[TRAIN][PPO] ep=126/500 r=  590.23 avg10=  566.79 steps=1418 succ10=0.90 touch10=0.90 col10=0.10 to10=0.00 min_d= 0.30 avg_spd=2.13m/s end=goal t= 1956.1s
[TRAIN][PPO] ep=127/500 r=  596.83 avg10=  567.49 steps=1457 succ10=0.90 touch10=0.90 col10=0.10 to10=0.00 min_d= 0.30 avg_spd=2.09m/s end=goal t= 1973.9s
[TRAIN][PPO] ep=128/500 r=  602.26 avg10=  568.21 steps=1447 succ10=0.90 touch10=0.90 col10=0.10 to10=0.00 min_d= 0.30 avg_spd=2.11m/s end=goal t= 1992.7s
[TRAIN][PPO] ep=129/500 r=  596.59 avg10=  568.28 steps=1414 succ10=0.90 touch10=0.90 col10=0.10 to10=0.00 min_d= 0.30 avg_spd=2.13m/s end=goal t= 2009.5s
[TRAIN][PPO] ep=130/500 r=  600.56 avg10=  568.61 steps=1445 succ10=0.90 touch10=0.90 col10=0.10 to10=0.00 min_d= 0.30 avg_spd=2.12m/s end=goal t= 2026.8s
[TRAIN][PPO] ep=131/500 r=  604.25 avg10=  569.84 steps=1469 succ10=0.90 touch10=0.90 col10=0.10 to10=0.00 min_d= 0.30 avg_spd=2.12m/s end=goal t= 2044.2s
[TRAIN][PPO] ep=132/500 r=  601.76 avg10=  596.13 steps=1426 succ10=1.00 touch10=1.00 col10=0.00 to10=0.00 min_d= 0.30 avg_spd=2.11m/s end=goal t= 2063.4s
[TRAIN][PPO] ep=133/500 r=  596.92 avg10=  597.21 steps=1420 succ10=1.00 touch10=1.00 col10=0.00 to10=0.00 min_d= 0.30 avg_spd=2.11m/s end=goal t= 2080.0s
[TRAIN][PPO] ep=134/500 r=  610.13 avg10=  599.82 steps=1467 succ10=1.00 touch10=1.00 col10=0.00 to10=0.00 min_d= 0.30 avg_spd=2.10m/s end=goal t= 2098.0s ckpt=best_goal
[TRAIN][PPO] ep=135/500 r=  -43.19 avg10=  535.63 steps=  26 succ10=0.90 touch10=0.90 col10=0.10 to10=0.00 min_d= 3.87 avg_spd=1.93m/s end=collision t= 2098.4s
[TRAIN][PPO] ep=136/500 r=  590.89 avg10=  535.70 steps=1574 succ10=0.90 touch10=0.90 col10=0.10 to10=0.00 min_d= 0.30 avg_spd=2.10m/s end=goal t= 2117.6s
[TRAIN][PPO] ep=137/500 r=  589.77 avg10=  535.00 steps=1428 succ10=0.90 touch10=0.90 col10=0.10 to10=0.00 min_d= 0.30 avg_spd=2.12m/s end=goal t= 2134.1s
[TRAIN][PPO] ep=138/500 r=  590.99 avg10=  533.87 steps=1425 succ10=0.90 touch10=0.90 col10=0.10 to10=0.00 min_d= 0.30 avg_spd=2.11m/s end=goal t= 2150.9s
[TRAIN][PPO] ep=139/500 r=  593.08 avg10=  533.52 steps=1435 succ10=0.90 touch10=0.90 col10=0.10 to10=0.00 min_d= 0.30 avg_spd=2.13m/s end=goal t= 2167.9s
[TRAIN][PPO] ep=140/500 r=  590.33 avg10=  532.49 steps=1533 succ10=0.90 touch10=0.90 col10=0.10 to10=0.00 min_d= 0.30 avg_spd=2.12m/s end=goal t= 2187.2s
[TRAIN][PPO] ep=141/500 r=  594.32 avg10=  531.50 steps=1581 succ10=0.90 touch10=0.90 col10=0.10 to10=0.00 min_d= 0.30 avg_spd=2.11m/s end=goal t= 2206.7s
[TRAIN][PPO] ep=142/500 r=  608.44 avg10=  532.17 steps=1457 succ10=0.90 touch10=0.90 col10=0.10 to10=0.00 min_d= 0.30 avg_spd=2.11m/s end=goal t= 2223.9s
[TRAIN][PPO] ep=143/500 r=  594.90 avg10=  531.97 steps=1436 succ10=0.90 touch10=0.90 col10=0.10 to10=0.00 min_d= 0.30 avg_spd=2.10m/s end=goal t= 2241.6s
[TRAIN][PPO] ep=144/500 r=  596.14 avg10=  530.57 steps=1419 succ10=0.90 touch10=0.90 col10=0.10 to10=0.00 min_d= 0.30 avg_spd=2.13m/s end=goal t= 2261.5s
[TRAIN][PPO] ep=145/500 r=  304.98 avg10=  565.39 steps=1405 succ10=0.90 touch10=0.90 col10=0.10 to10=0.00 min_d= 1.12 avg_spd=2.06m/s end=collision t= 2278.9s
[TRAIN][PPO] ep=146/500 r=  592.29 avg10=  565.53 steps=1407 succ10=0.90 touch10=0.90 col10=0.10 to10=0.00 min_d= 0.30 avg_spd=2.12m/s end=goal t= 2296.2s
[TRAIN][PPO] ep=147/500 r=  593.24 avg10=  565.87 steps=1574 succ10=0.90 touch10=0.90 col10=0.10 to10=0.00 min_d= 0.30 avg_spd=2.12m/s end=goal t= 2315.7s
[TRAIN][PPO] ep=148/500 r=  587.68 avg10=  565.54 steps=1420 succ10=0.90 touch10=0.90 col10=0.10 to10=0.00 min_d= 0.30 avg_spd=2.10m/s end=goal t= 2335.7s
[TRAIN][PPO] ep=149/500 r=  -44.42 avg10=  501.79 steps=  27 succ10=0.80 touch10=0.80 col10=0.20 to10=0.00 min_d= 3.88 avg_spd=2.16m/s end=collision t= 2336.1s
[TRAIN][PPO] ep=150/500 r=  597.96 avg10=  502.55 steps=1453 succ10=0.80 touch10=0.80 col10=0.20 to10=0.00 min_d= 0.30 avg_spd=2.13m/s end=goal t= 2354.0s
[TRAIN][PPO] ep=151/500 r=  586.56 avg10=  501.78 steps=1401 succ10=0.80 touch10=0.80 col10=0.20 to10=0.00 min_d= 0.30 avg_spd=2.12m/s end=goal t= 2371.2s
[TRAIN][PPO] ep=152/500 r=  328.44 avg10=  473.78 steps=1096 succ10=0.70 touch10=0.70 col10=0.30 to10=0.00 min_d= 1.08 avg_spd=2.12m/s end=collision t= 2386.0s
[TRAIN][PPO] ep=153/500 r=  602.93 avg10=  474.58 steps=1442 succ10=0.70 touch10=0.70 col10=0.30 to10=0.00 min_d= 0.30 avg_spd=2.12m/s end=goal t= 2403.6s
[TRAIN][PPO] ep=154/500 r=  601.20 avg10=  475.09 steps=1461 succ10=0.70 touch10=0.70 col10=0.30 to10=0.00 min_d= 0.30 avg_spd=2.12m/s end=goal t= 2421.4s
[TRAIN][PPO] ep=155/500 r=  606.52 avg10=  505.24 steps=1459 succ10=0.80 touch10=0.80 col10=0.20 to10=0.00 min_d= 0.30 avg_spd=2.09m/s end=goal t= 2439.1s
[TRAIN][PPO] ep=156/500 r=  325.59 avg10=  478.57 steps=1079 succ10=0.70 touch10=0.70 col10=0.30 to10=0.00 min_d= 1.15 avg_spd=2.12m/s end=collision t= 2453.3s
[TRAIN][PPO] ep=157/500 r=  599.73 avg10=  479.22 steps=1433 succ10=0.70 touch10=0.70 col10=0.30 to10=0.00 min_d= 0.30 avg_spd=2.12m/s end=goal t= 2470.6s
[TRAIN][PPO] ep=158/500 r=  586.78 avg10=  479.13 steps=1414 succ10=0.70 touch10=0.70 col10=0.30 to10=0.00 min_d= 0.30 avg_spd=2.12m/s end=goal t= 2487.2s
[TRAIN][PPO] ep=159/500 r=  591.61 avg10=  542.73 steps=1433 succ10=0.80 touch10=0.80 col10=0.20 to10=0.00 min_d= 0.30 avg_spd=2.10m/s end=goal t= 2503.4s
[TRAIN][PPO] ep=160/500 r=  597.12 avg10=  542.65 steps=1447 succ10=0.80 touch10=0.80 col10=0.20 to10=0.00 min_d= 0.30 avg_spd=2.12m/s end=goal t= 2522.1s
[TRAIN][PPO] ep=161/500 r=  590.22 avg10=  543.01 steps=1417 succ10=0.80 touch10=0.80 col10=0.20 to10=0.00 min_d= 0.30 avg_spd=2.12m/s end=goal t= 2539.6s
[TRAIN][PPO] ep=162/500 r=  599.58 avg10=  570.13 steps=1435 succ10=0.90 touch10=0.90 col10=0.10 to10=0.00 min_d= 0.30 avg_spd=2.13m/s end=goal t= 2557.0s
[TRAIN][PPO] ep=163/500 r=  599.78 avg10=  569.81 steps=1437 succ10=0.90 touch10=0.90 col10=0.10 to10=0.00 min_d= 0.30 avg_spd=2.12m/s end=goal t= 2574.8s
[TRAIN][PPO] ep=164/500 r=  599.88 avg10=  569.68 steps=1437 succ10=0.90 touch10=0.90 col10=0.10 to10=0.00 min_d= 0.30 avg_spd=2.12m/s end=goal t= 2594.2s
[TRAIN][PPO] ep=165/500 r=  584.04 avg10=  567.43 steps=1416 succ10=0.90 touch10=0.90 col10=0.10 to10=0.00 min_d= 0.30 avg_spd=2.12m/s end=goal t= 2611.3s
[TRAIN][PPO] ep=166/500 r=  -44.59 avg10=  530.42 steps=  30 succ10=0.90 touch10=0.90 col10=0.10 to10=0.00 min_d= 3.88 avg_spd=2.16m/s end=collision t= 2611.8s
[TRAIN][PPO] ep=167/500 r=  -33.69 avg10=  467.07 steps=  67 succ10=0.80 touch10=0.80 col10=0.20 to10=0.00 min_d= 3.89 avg_spd=2.14m/s end=collision t= 2612.7s
[TRAIN][PPO] ep=168/500 r=  596.11 avg10=  468.01 steps=1448 succ10=0.80 touch10=0.80 col10=0.20 to10=0.00 min_d= 0.30 avg_spd=2.10m/s end=goal t= 2631.4s
[TRAIN][PPO] ep=169/500 r=  607.75 avg10=  469.62 steps=1466 succ10=0.80 touch10=0.80 col10=0.20 to10=0.00 min_d= 0.30 avg_spd=2.09m/s end=goal t= 2649.5s
[TRAIN][PPO] ep=170/500 r=  580.99 avg10=  468.01 steps=1554 succ10=0.80 touch10=0.80 col10=0.20 to10=0.00 min_d= 0.30 avg_spd=2.11m/s end=goal t= 2668.8s
[TRAIN][PPO] ep=171/500 r=  603.10 avg10=  469.30 steps=1445 succ10=0.80 touch10=0.80 col10=0.20 to10=0.00 min_d= 0.30 avg_spd=2.11m/s end=goal t= 2686.8s
[TRAIN][PPO] ep=172/500 r=  590.75 avg10=  468.41 steps=1410 succ10=0.80 touch10=0.80 col10=0.20 to10=0.00 min_d= 0.30 avg_spd=2.14m/s end=goal t= 2706.2s
[TRAIN][PPO] ep=173/500 r=  340.72 avg10=  442.51 steps=1133 succ10=0.70 touch10=0.70 col10=0.30 to10=0.00 min_d= 0.96 avg_spd=2.12m/s end=collision t= 2719.9s
[TRAIN][PPO] ep=174/500 r=  583.93 avg10=  440.91 steps=1408 succ10=0.70 touch10=0.70 col10=0.30 to10=0.00 min_d= 0.30 avg_spd=2.12m/s end=goal t= 2737.5s
[TRAIN][PPO] ep=175/500 r=  595.34 avg10=  442.04 steps=1545 succ10=0.70 touch10=0.70 col10=0.30 to10=0.00 min_d= 0.30 avg_spd=2.13m/s end=goal t= 2757.0s
[TRAIN][PPO] ep=176/500 r=  594.51 avg10=  505.95 steps=1448 succ10=0.80 touch10=0.80 col10=0.20 to10=0.00 min_d= 0.30 avg_spd=2.12m/s end=goal t= 2775.9s
[TRAIN][PPO] ep=177/500 r=  605.70 avg10=  569.89 steps=1446 succ10=0.90 touch10=0.90 col10=0.10 to10=0.00 min_d= 0.30 avg_spd=2.10m/s end=goal t= 2793.9s
[TRAIN][PPO] ep=178/500 r=  592.73 avg10=  569.55 steps=1407 succ10=0.90 touch10=0.90 col10=0.10 to10=0.00 min_d= 0.30 avg_spd=2.11m/s end=goal t= 2811.3s
[TRAIN][PPO] ep=179/500 r=  597.22 avg10=  568.50 steps=1444 succ10=0.90 touch10=0.90 col10=0.10 to10=0.00 min_d= 0.30 avg_spd=2.12m/s end=goal t= 2828.8s
[TRAIN][PPO] ep=180/500 r=  598.25 avg10=  570.22 steps=1424 succ10=0.90 touch10=0.90 col10=0.10 to10=0.00 min_d= 0.30 avg_spd=2.12m/s end=goal t= 2847.1s
[TRAIN][PPO] ep=181/500 r=  589.07 avg10=  568.82 steps=1549 succ10=0.90 touch10=0.90 col10=0.10 to10=0.00 min_d= 0.30 avg_spd=2.11m/s end=goal t= 2864.6s
[TRAIN][PPO] ep=182/500 r=  589.08 avg10=  568.65 steps=1401 succ10=0.90 touch10=0.90 col10=0.10 to10=0.00 min_d= 0.30 avg_spd=2.13m/s end=goal t= 2881.5s
[TRAIN][PPO] ep=183/500 r=  602.62 avg10=  594.84 steps=1451 succ10=1.00 touch10=1.00 col10=0.00 to10=0.00 min_d= 0.30 avg_spd=2.12m/s end=goal t= 2898.9s
[TRAIN][PPO] ep=184/500 r=  -41.43 avg10=  532.31 steps=  42 succ10=0.90 touch10=0.90 col10=0.10 to10=0.00 min_d= 3.88 avg_spd=2.07m/s end=collision t= 2900.6s
[TRAIN][PPO] ep=185/500 r=  602.95 avg10=  533.07 steps=1429 succ10=0.90 touch10=0.90 col10=0.10 to10=0.00 min_d= 0.30 avg_spd=2.11m/s end=goal t= 2918.1s
[TRAIN][PPO] ep=186/500 r=  578.74 avg10=  531.49 steps=1532 succ10=0.90 touch10=0.90 col10=0.10 to10=0.00 min_d= 0.30 avg_spd=2.10m/s end=goal t= 2937.0s
[TRAIN][PPO] ep=187/500 r=  298.94 avg10=  500.82 steps=1372 succ10=0.80 touch10=0.80 col10=0.20 to10=0.00 min_d= 1.10 avg_spd=2.09m/s end=collision t= 2953.3s
[TRAIN][PPO] ep=188/500 r=  590.42 avg10=  500.59 steps=1422 succ10=0.80 touch10=0.80 col10=0.20 to10=0.00 min_d= 0.30 avg_spd=2.12m/s end=goal t= 2972.0s
[TRAIN][PPO] ep=189/500 r=  277.68 avg10=  468.63 steps=1360 succ10=0.70 touch10=0.70 col10=0.30 to10=0.00 min_d= 1.15 avg_spd=2.08m/s end=collision t= 2988.7s
[TRAIN][PPO] ep=190/500 r=  597.14 avg10=  468.52 steps=1445 succ10=0.70 touch10=0.70 col10=0.30 to10=0.00 min_d= 0.30 avg_spd=2.11m/s end=goal t= 3006.3s
[TRAIN][PPO] ep=191/500 r=  587.02 avg10=  468.32 steps=1414 succ10=0.70 touch10=0.70 col10=0.30 to10=0.00 min_d= 0.30 avg_spd=2.13m/s end=goal t= 3023.3s
[TRAIN][PPO] ep=192/500 r=  593.13 avg10=  468.72 steps=1435 succ10=0.70 touch10=0.70 col10=0.30 to10=0.00 min_d= 0.30 avg_spd=2.14m/s end=goal t= 3041.6s
[TRAIN][PPO] ep=193/500 r=  596.07 avg10=  468.07 steps=1441 succ10=0.70 touch10=0.70 col10=0.30 to10=0.00 min_d= 0.30 avg_spd=2.12m/s end=goal t= 3058.6s
[TRAIN][PPO] ep=194/500 r=  588.34 avg10=  531.04 steps=1411 succ10=0.80 touch10=0.80 col10=0.20 to10=0.00 min_d= 0.30 avg_spd=2.13m/s end=goal t= 3075.9s
[TRAIN][PPO] ep=195/500 r=  592.16 avg10=  529.96 steps=1428 succ10=0.80 touch10=0.80 col10=0.20 to10=0.00 min_d= 0.30 avg_spd=2.13m/s end=goal t= 3093.1s
[TRAIN][PPO] ep=196/500 r=  599.97 avg10=  532.09 steps=1456 succ10=0.80 touch10=0.80 col10=0.20 to10=0.00 min_d= 0.30 avg_spd=2.12m/s end=goal t= 3111.9s
[TRAIN][PPO] ep=197/500 r=  588.68 avg10=  561.06 steps=1414 succ10=0.90 touch10=0.90 col10=0.10 to10=0.00 min_d= 0.30 avg_spd=2.12m/s end=goal t= 3129.0s
[TRAIN][PPO] ep=198/500 r=  313.21 avg10=  533.34 steps=1341 succ10=0.80 touch10=0.80 col10=0.20 to10=0.00 min_d= 1.09 avg_spd=2.10m/s end=collision t= 3145.2s
[TRAIN][PPO] ep=199/500 r=  303.30 avg10=  535.90 steps=1321 succ10=0.80 touch10=0.80 col10=0.20 to10=0.00 min_d= 1.13 avg_spd=2.11m/s end=collision t= 3161.2s
[TRAIN][PPO] ep=200/500 r=  592.13 avg10=  535.40 steps=1440 succ10=0.80 touch10=0.80 col10=0.20 to10=0.00 min_d= 0.30 avg_spd=2.11m/s end=goal t= 3179.9s ckpt=latest
[TRAIN][PPO] ep=201/500 r=  603.99 avg10=  537.10 steps=1463 succ10=0.80 touch10=0.80 col10=0.20 to10=0.00 min_d= 0.30 avg_spd=2.10m/s end=goal t= 3197.4s
[TRAIN][PPO] ep=202/500 r=  584.51 avg10=  536.24 steps=1401 succ10=0.80 touch10=0.80 col10=0.20 to10=0.00 min_d= 0.30 avg_spd=2.15m/s end=goal t= 3214.5s
[TRAIN][PPO] ep=203/500 r=  587.16 avg10=  535.35 steps=1424 succ10=0.80 touch10=0.80 col10=0.20 to10=0.00 min_d= 0.30 avg_spd=2.12m/s end=goal t= 3232.3s
[TRAIN][PPO] ep=204/500 r=  -37.21 avg10=  472.79 steps=  53 succ10=0.70 touch10=0.70 col10=0.30 to10=0.00 min_d= 3.86 avg_spd=1.93m/s end=collision t= 3234.2s
[TRAIN][PPO] ep=205/500 r=  -45.12 avg10=  409.06 steps=  21 succ10=0.60 touch10=0.60 col10=0.40 to10=0.00 min_d= 3.88 avg_spd=1.96m/s end=collision t= 3234.5s
[TRAIN][PPO] ep=206/500 r=  -33.92 avg10=  345.67 steps=  64 succ10=0.50 touch10=0.50 col10=0.50 to10=0.00 min_d= 3.87 avg_spd=1.95m/s end=collision t= 3235.3s
[TRAIN][PPO] ep=207/500 r=  307.58 avg10=  317.56 steps=1228 succ10=0.40 touch10=0.40 col10=0.60 to10=0.00 min_d= 1.12 avg_spd=2.11m/s end=collision t= 3250.4s
[TRAIN][PPO] ep=208/500 r=  588.01 avg10=  345.04 steps=1429 succ10=0.50 touch10=0.50 col10=0.50 to10=0.00 min_d= 0.30 avg_spd=2.12m/s end=goal t= 3268.4s
[TRAIN][PPO] ep=209/500 r=  586.24 avg10=  373.34 steps=1408 succ10=0.60 touch10=0.60 col10=0.40 to10=0.00 min_d= 0.30 avg_spd=2.13m/s end=goal t= 3285.4s
[TRAIN][PPO] ep=210/500 r=  601.79 avg10=  374.31 steps=1462 succ10=0.60 touch10=0.60 col10=0.40 to10=0.00 min_d= 0.30 avg_spd=2.10m/s end=goal t= 3303.2s
[TRAIN][PPO] ep=211/500 r=  295.23 avg10=  343.43 steps=1355 succ10=0.50 touch10=0.50 col10=0.50 to10=0.00 min_d= 1.09 avg_spd=2.11m/s end=collision t= 3319.7s
[TRAIN][PPO] ep=212/500 r=  592.37 avg10=  344.21 steps=1435 succ10=0.50 touch10=0.50 col10=0.50 to10=0.00 min_d= 0.30 avg_spd=2.10m/s end=goal t= 3338.7s
[TRAIN][PPO] ep=213/500 r=  598.87 avg10=  345.38 steps=1459 succ10=0.50 touch10=0.50 col10=0.50 to10=0.00 min_d= 0.30 avg_spd=2.12m/s end=goal t= 3356.8s
[TRAIN][PPO] ep=214/500 r=  591.78 avg10=  408.28 steps=1427 succ10=0.60 touch10=0.60 col10=0.40 to10=0.00 min_d= 0.30 avg_spd=2.14m/s end=goal t= 3374.3s
[TRAIN][PPO] ep=215/500 r=  589.66 avg10=  471.76 steps=1555 succ10=0.70 touch10=0.70 col10=0.30 to10=0.00 min_d= 0.30 avg_spd=2.12m/s end=goal t= 3393.4s
[TRAIN][PPO] ep=216/500 r=  595.79 avg10=  534.73 steps=1430 succ10=0.80 touch10=0.80 col10=0.20 to10=0.00 min_d= 0.30 avg_spd=2.12m/s end=goal t= 3413.1s
[TRAIN][PPO] ep=217/500 r=  578.66 avg10=  561.84 steps=1566 succ10=0.90 touch10=0.90 col10=0.10 to10=0.00 min_d= 0.30 avg_spd=2.13m/s end=goal t= 3432.4s
[TRAIN][PPO] ep=218/500 r=  583.48 avg10=  561.39 steps=1396 succ10=0.90 touch10=0.90 col10=0.10 to10=0.00 min_d= 0.30 avg_spd=2.13m/s end=goal t= 3449.6s
[TRAIN][PPO] ep=219/500 r=  602.67 avg10=  563.03 steps=1467 succ10=0.90 touch10=0.90 col10=0.10 to10=0.00 min_d= 0.30 avg_spd=2.11m/s end=goal t= 3467.7s
[TRAIN][PPO] ep=220/500 r=  595.26 avg10=  562.38 steps=1448 succ10=0.90 touch10=0.90 col10=0.10 to10=0.00 min_d= 0.30 avg_spd=2.11m/s end=goal t= 3486.9s
[TRAIN][PPO] ep=221/500 r=  591.96 avg10=  592.05 steps=1421 succ10=1.00 touch10=1.00 col10=0.00 to10=0.00 min_d= 0.30 avg_spd=2.13m/s end=goal t= 3504.4s
[TRAIN][PPO] ep=222/500 r=  592.84 avg10=  592.10 steps=1424 succ10=1.00 touch10=1.00 col10=0.00 to10=0.00 min_d= 0.30 avg_spd=2.11m/s end=goal t= 3521.5s
[TRAIN][PPO] ep=223/500 r=  605.65 avg10=  592.77 steps=1474 succ10=1.00 touch10=1.00 col10=0.00 to10=0.00 min_d= 0.30 avg_spd=2.11m/s end=goal t= 3539.3s
[TRAIN][PPO] ep=224/500 r=  599.77 avg10=  593.57 steps=1452 succ10=1.00 touch10=1.00 col10=0.00 to10=0.00 min_d= 0.30 avg_spd=2.10m/s end=goal t= 3558.5s
[TRAIN][PPO] ep=225/500 r=  289.10 avg10=  563.52 steps=1330 succ10=0.90 touch10=0.90 col10=0.10 to10=0.00 min_d= 1.10 avg_spd=2.08m/s end=collision t= 3574.9s
[TRAIN][PPO] ep=226/500 r=  585.34 avg10=  562.47 steps=1407 succ10=0.90 touch10=0.90 col10=0.10 to10=0.00 min_d= 0.30 avg_spd=2.12m/s end=goal t= 3592.2s
[TRAIN][PPO] ep=227/500 r=  597.73 avg10=  564.38 steps=1446 succ10=0.90 touch10=0.90 col10=0.10 to10=0.00 min_d= 0.30 avg_spd=2.11m/s end=goal t= 3609.4s
[TRAIN][PPO] ep=228/500 r=  596.61 avg10=  565.69 steps=1437 succ10=0.90 touch10=0.90 col10=0.10 to10=0.00 min_d= 0.30 avg_spd=2.12m/s end=goal t= 3628.0s
[TRAIN][PPO] ep=229/500 r=  585.46 avg10=  563.97 steps=1407 succ10=0.90 touch10=0.90 col10=0.10 to10=0.00 min_d= 0.30 avg_spd=2.15m/s end=goal t= 3645.3s
[TRAIN][PPO] ep=230/500 r=  602.46 avg10=  564.69 steps=1457 succ10=0.90 touch10=0.90 col10=0.10 to10=0.00 min_d= 0.30 avg_spd=2.12m/s end=goal t= 3663.7s
[TRAIN][PPO] ep=231/500 r=  599.58 avg10=  565.45 steps=1441 succ10=0.90 touch10=0.90 col10=0.10 to10=0.00 min_d= 0.30 avg_spd=2.13m/s end=goal t= 3681.4s
[TRAIN][PPO] ep=232/500 r=  598.95 avg10=  566.06 steps=1450 succ10=0.90 touch10=0.90 col10=0.10 to10=0.00 min_d= 0.30 avg_spd=2.11m/s end=goal t= 3701.2s
[TRAIN][PPO] ep=233/500 r=  603.22 avg10=  565.82 steps=1468 succ10=0.90 touch10=0.90 col10=0.10 to10=0.00 min_d= 0.30 avg_spd=2.11m/s end=goal t= 3718.5s
[TRAIN][PPO] ep=234/500 r=  590.23 avg10=  564.87 steps=1416 succ10=0.90 touch10=0.90 col10=0.10 to10=0.00 min_d= 0.30 avg_spd=2.13m/s end=goal t= 3734.6s
[TRAIN][PPO] ep=235/500 r=  593.95 avg10=  595.35 steps=1426 succ10=1.00 touch10=1.00 col10=0.00 to10=0.00 min_d= 0.30 avg_spd=2.13m/s end=goal t= 3751.7s
[TRAIN][PPO] ep=236/500 r=  600.77 avg10=  596.89 steps=1462 succ10=1.00 touch10=1.00 col10=0.00 to10=0.00 min_d= 0.30 avg_spd=2.10m/s end=goal t= 3772.3s
[TRAIN][PPO] ep=237/500 r=  592.33 avg10=  596.35 steps=1425 succ10=1.00 touch10=1.00 col10=0.00 to10=0.00 min_d= 0.30 avg_spd=2.14m/s end=goal t= 3789.6s
[TRAIN][PPO] ep=238/500 r=  591.18 avg10=  595.81 steps=1402 succ10=1.00 touch10=1.00 col10=0.00 to10=0.00 min_d= 0.30 avg_spd=2.11m/s end=goal t= 3806.5s
[TRAIN][PPO] ep=239/500 r=  594.47 avg10=  596.71 steps=1450 succ10=1.00 touch10=1.00 col10=0.00 to10=0.00 min_d= 0.30 avg_spd=2.12m/s end=goal t= 3823.8s
[TRAIN][PPO] ep=240/500 r=  598.05 avg10=  596.27 steps=1417 succ10=1.00 touch10=1.00 col10=0.00 to10=0.00 min_d= 0.30 avg_spd=2.12m/s end=goal t= 3842.5s
[TRAIN][PPO] ep=241/500 r=  587.57 avg10=  595.07 steps=1422 succ10=1.00 touch10=1.00 col10=0.00 to10=0.00 min_d= 0.30 avg_spd=2.12m/s end=goal t= 3859.4s
[TRAIN][PPO] ep=242/500 r=  589.33 avg10=  594.11 steps=1404 succ10=1.00 touch10=1.00 col10=0.00 to10=0.00 min_d= 0.30 avg_spd=2.12m/s end=goal t= 3876.3s
[TRAIN][PPO] ep=243/500 r=  586.26 avg10=  592.41 steps=1416 succ10=1.00 touch10=1.00 col10=0.00 to10=0.00 min_d= 0.30 avg_spd=2.12m/s end=goal t= 3893.6s
[TRAIN][PPO] ep=244/500 r=  585.51 avg10=  591.94 steps=1407 succ10=1.00 touch10=1.00 col10=0.00 to10=0.00 min_d= 0.30 avg_spd=2.13m/s end=goal t= 3911.9s
[TRAIN][PPO] ep=245/500 r=  592.42 avg10=  591.79 steps=1430 succ10=1.00 touch10=1.00 col10=0.00 to10=0.00 min_d= 0.30 avg_spd=2.12m/s end=goal t= 3929.3s
[TRAIN][PPO] ep=246/500 r=  588.72 avg10=  590.58 steps=1422 succ10=1.00 touch10=1.00 col10=0.00 to10=0.00 min_d= 0.30 avg_spd=2.11m/s end=goal t= 3946.8s
[TRAIN][PPO] ep=247/500 r=  603.50 avg10=  591.70 steps=1477 succ10=1.00 touch10=1.00 col10=0.00 to10=0.00 min_d= 0.30 avg_spd=2.11m/s end=goal t= 3964.8s
[TRAIN][PPO] ep=248/500 r=  601.97 avg10=  592.78 steps=1450 succ10=1.00 touch10=1.00 col10=0.00 to10=0.00 min_d= 0.30 avg_spd=2.13m/s end=goal t= 3983.4s
[TRAIN][PPO] ep=249/500 r=  593.41 avg10=  592.67 steps=1430 succ10=1.00 touch10=1.00 col10=0.00 to10=0.00 min_d= 0.30 avg_spd=2.13m/s end=goal t= 4000.8s
[TRAIN][PPO] ep=250/500 r=  594.19 avg10=  592.29 steps=1441 succ10=1.00 touch10=1.00 col10=0.00 to10=0.00 min_d= 0.30 avg_spd=2.12m/s end=goal t= 4018.0s
[TRAIN][PPO] ep=251/500 r=  586.17 avg10=  592.15 steps=1404 succ10=1.00 touch10=1.00 col10=0.00 to10=0.00 min_d= 0.30 avg_spd=2.12m/s end=goal t= 4034.6s
[TRAIN][PPO] ep=252/500 r=  590.10 avg10=  592.22 steps=1423 succ10=1.00 touch10=1.00 col10=0.00 to10=0.00 min_d= 0.30 avg_spd=2.14m/s end=goal t= 4052.4s
[TRAIN][PPO] ep=253/500 r=  594.73 avg10=  593.07 steps=1438 succ10=1.00 touch10=1.00 col10=0.00 to10=0.00 min_d= 0.30 avg_spd=2.12m/s end=goal t= 4069.6s
[TRAIN][PPO] ep=254/500 r=  -36.22 avg10=  530.90 steps= 124 succ10=0.90 touch10=0.90 col10=0.10 to10=0.00 min_d= 3.89 avg_spd=2.08m/s end=collision t= 4071.1s
[TRAIN][PPO] ep=255/500 r=  601.54 avg10=  531.81 steps=1456 succ10=0.90 touch10=0.90 col10=0.10 to10=0.00 min_d= 0.30 avg_spd=2.13m/s end=goal t= 4088.9s
[TRAIN][PPO] ep=256/500 r=  584.80 avg10=  531.42 steps=1400 succ10=0.90 touch10=0.90 col10=0.10 to10=0.00 min_d= 0.30 avg_spd=2.14m/s end=goal t= 4107.5s
[TRAIN][PPO] ep=257/500 r=  591.80 avg10=  530.25 steps=1395 succ10=0.90 touch10=0.90 col10=0.10 to10=0.00 min_d= 0.30 avg_spd=2.12m/s end=goal t= 4124.0s
[TRAIN][PPO] ep=258/500 r=  592.24 avg10=  529.28 steps=1426 succ10=0.90 touch10=0.90 col10=0.10 to10=0.00 min_d= 0.30 avg_spd=2.12m/s end=goal t= 4140.7s
[TRAIN][PPO] ep=259/500 r=  598.31 avg10=  529.77 steps=1438 succ10=0.90 touch10=0.90 col10=0.10 to10=0.00 min_d= 0.30 avg_spd=2.14m/s end=goal t= 4158.1s
[TRAIN][PPO] ep=260/500 r=  594.27 avg10=  529.77 steps=1451 succ10=0.90 touch10=0.90 col10=0.10 to10=0.00 min_d= 0.30 avg_spd=2.12m/s end=goal t= 4176.7s
[TRAIN][PPO] ep=261/500 r=  581.01 avg10=  529.26 steps=1393 succ10=0.90 touch10=0.90 col10=0.10 to10=0.00 min_d= 0.30 avg_spd=2.13m/s end=goal t= 4193.1s
[TRAIN][PPO] ep=262/500 r=  589.31 avg10=  529.18 steps=1421 succ10=0.90 touch10=0.90 col10=0.10 to10=0.00 min_d= 0.30 avg_spd=2.11m/s end=goal t= 4210.1s
[TRAIN][PPO] ep=263/500 r=  586.80 avg10=  528.39 steps=1409 succ10=0.90 touch10=0.90 col10=0.10 to10=0.00 min_d= 0.30 avg_spd=2.13m/s end=goal t= 4227.0s
[TRAIN][PPO] ep=264/500 r=  366.85 avg10=  568.69 steps=1256 succ10=0.90 touch10=0.90 col10=0.10 to10=0.00 min_d= 0.87 avg_spd=2.11m/s end=collision t= 4243.1s
[TRAIN][PPO] ep=265/500 r=  588.48 avg10=  567.39 steps=1415 succ10=0.90 touch10=0.90 col10=0.10 to10=0.00 min_d= 0.30 avg_spd=2.12m/s end=goal t= 4259.8s
[TRAIN][PPO] ep=266/500 r=  592.50 avg10=  568.16 steps=1456 succ10=0.90 touch10=0.90 col10=0.10 to10=0.00 min_d= 0.30 avg_spd=2.11m/s end=goal t= 4277.5s
[TRAIN][PPO] ep=267/500 r=  598.37 avg10=  568.81 steps=1453 succ10=0.90 touch10=0.90 col10=0.10 to10=0.00 min_d= 0.30 avg_spd=2.13m/s end=goal t= 4294.7s
[TRAIN][PPO] ep=268/500 r=  593.64 avg10=  568.95 steps=1427 succ10=0.90 touch10=0.90 col10=0.10 to10=0.00 min_d= 0.30 avg_spd=2.13m/s end=goal t= 4312.7s
[TRAIN][PPO] ep=269/500 r=  595.63 avg10=  568.69 steps=1437 succ10=0.90 touch10=0.90 col10=0.10 to10=0.00 min_d= 0.30 avg_spd=2.10m/s end=goal t= 4329.4s
[TRAIN][PPO] ep=270/500 r=  596.86 avg10=  568.95 steps=1458 succ10=0.90 touch10=0.90 col10=0.10 to10=0.00 min_d= 0.30 avg_spd=2.14m/s end=goal t= 4347.4s
[TRAIN][PPO] ep=271/500 r=  595.60 avg10=  570.40 steps=1441 succ10=0.90 touch10=0.90 col10=0.10 to10=0.00 min_d= 0.30 avg_spd=2.12m/s end=goal t= 4364.4s
[TRAIN][PPO] ep=272/500 r=  596.69 avg10=  571.14 steps=1432 succ10=0.90 touch10=0.90 col10=0.10 to10=0.00 min_d= 0.30 avg_spd=2.13m/s end=goal t= 4382.7s
[TRAIN][PPO] ep=273/500 r=  590.65 avg10=  571.53 steps=1421 succ10=0.90 touch10=0.90 col10=0.10 to10=0.00 min_d= 0.30 avg_spd=2.12m/s end=goal t= 4399.5s
[TRAIN][PPO] ep=274/500 r=  589.88 avg10=  593.83 steps=1421 succ10=1.00 touch10=1.00 col10=0.00 to10=0.00 min_d= 0.30 avg_spd=2.12m/s end=goal t= 4416.6s
[TRAIN][PPO] ep=275/500 r=  -37.91 avg10=  531.19 steps= 106 succ10=0.90 touch10=0.90 col10=0.10 to10=0.00 min_d= 3.88 avg_spd=2.13m/s end=collision t= 4417.9s
[TRAIN][PPO] ep=276/500 r=  588.54 avg10=  530.79 steps=1410 succ10=0.90 touch10=0.90 col10=0.10 to10=0.00 min_d= 0.30 avg_spd=2.13m/s end=goal t= 4435.8s
[TRAIN][PPO] ep=277/500 r=  -40.63 avg10=  466.89 steps=  44 succ10=0.80 touch10=0.80 col10=0.20 to10=0.00 min_d= 3.89 avg_spd=2.17m/s end=collision t= 4436.5s
[TRAIN][PPO] ep=278/500 r=  590.83 avg10=  466.61 steps=1438 succ10=0.80 touch10=0.80 col10=0.20 to10=0.00 min_d= 0.30 avg_spd=2.12m/s end=goal t= 4453.7s
[TRAIN][PPO] ep=279/500 r=  594.62 avg10=  466.51 steps=1431 succ10=0.80 touch10=0.80 col10=0.20 to10=0.00 min_d= 0.30 avg_spd=2.12m/s end=goal t= 4471.3s
[TRAIN][PPO] ep=280/500 r=  600.65 avg10=  466.89 steps=1460 succ10=0.80 touch10=0.80 col10=0.20 to10=0.00 min_d= 0.30 avg_spd=2.12m/s end=goal t= 4490.0s
[TRAIN][PPO] ep=281/500 r=  587.66 avg10=  466.10 steps=1412 succ10=0.80 touch10=0.80 col10=0.20 to10=0.00 min_d= 0.30 avg_spd=2.12m/s end=goal t= 4506.4s
[TRAIN][PPO] ep=282/500 r=  590.28 avg10=  465.46 steps=1410 succ10=0.80 touch10=0.80 col10=0.20 to10=0.00 min_d= 0.30 avg_spd=2.14m/s end=goal t= 4523.4s
[TRAIN][PPO] ep=283/500 r=  592.88 avg10=  465.68 steps=1445 succ10=0.80 touch10=0.80 col10=0.20 to10=0.00 min_d= 0.30 avg_spd=2.13m/s end=goal t= 4541.3s
[TRAIN][PPO] ep=284/500 r=  590.51 avg10=  465.74 steps=1418 succ10=0.80 touch10=0.80 col10=0.20 to10=0.00 min_d= 0.30 avg_spd=2.13m/s end=goal t= 4559.9s
[TRAIN][PPO] ep=285/500 r=  575.53 avg10=  527.09 steps=1391 succ10=0.90 touch10=0.90 col10=0.10 to10=0.00 min_d= 0.30 avg_spd=2.14m/s end=goal t= 4576.9s
[TRAIN][PPO] ep=286/500 r=  598.52 avg10=  528.08 steps=1444 succ10=0.90 touch10=0.90 col10=0.10 to10=0.00 min_d= 0.30 avg_spd=2.13m/s end=goal t= 4594.3s
[TRAIN][PPO] ep=287/500 r=  280.57 avg10=  560.20 steps=1246 succ10=0.90 touch10=0.90 col10=0.10 to10=0.00 min_d= 1.28 avg_spd=2.12m/s end=collision t= 4609.6s
[TRAIN][PPO] ep=288/500 r=  582.51 avg10=  559.37 steps=1413 succ10=0.90 touch10=0.90 col10=0.10 to10=0.00 min_d= 0.30 avg_spd=2.13m/s end=goal t= 4627.0s
[TRAIN][PPO] ep=289/500 r=  589.87 avg10=  558.90 steps=1428 succ10=0.90 touch10=0.90 col10=0.10 to10=0.00 min_d= 0.30 avg_spd=2.10m/s end=goal t= 4644.2s
[TRAIN][PPO] ep=290/500 r=  598.80 avg10=  558.71 steps=1452 succ10=0.90 touch10=0.90 col10=0.10 to10=0.00 min_d= 0.30 avg_spd=2.14m/s end=goal t= 4661.7s
[TRAIN][PPO] ep=291/500 r=  313.80 avg10=  531.33 steps=1359 succ10=0.80 touch10=0.80 col10=0.20 to10=0.00 min_d= 1.08 avg_spd=2.10m/s end=collision t= 4678.0s
[TRAIN][PPO] ep=292/500 r=  595.05 avg10=  531.80 steps=1433 succ10=0.80 touch10=0.80 col10=0.20 to10=0.00 min_d= 0.30 avg_spd=2.14m/s end=goal t= 4696.8s
[TRAIN][PPO] ep=293/500 r=  592.60 avg10=  531.78 steps=1438 succ10=0.80 touch10=0.80 col10=0.20 to10=0.00 min_d= 0.30 avg_spd=2.11m/s end=goal t= 4714.3s
[TRAIN][PPO] ep=294/500 r=  588.22 avg10=  531.55 steps=1408 succ10=0.80 touch10=0.80 col10=0.20 to10=0.00 min_d= 0.30 avg_spd=2.13m/s end=goal t= 4731.0s
[TRAIN][PPO] ep=295/500 r=  306.35 avg10=  504.63 steps=1378 succ10=0.70 touch10=0.70 col10=0.30 to10=0.00 min_d= 1.08 avg_spd=2.09m/s end=collision t= 4747.5s
[TRAIN][PPO] ep=296/500 r=  593.71 avg10=  504.15 steps=1427 succ10=0.70 touch10=0.70 col10=0.30 to10=0.00 min_d= 0.30 avg_spd=2.11m/s end=goal t= 4766.7s
[TRAIN][PPO] ep=297/500 r=  602.94 avg10=  536.38 steps=1453 succ10=0.80 touch10=0.80 col10=0.20 to10=0.00 min_d= 0.30 avg_spd=2.10m/s end=goal t= 4783.5s
[TRAIN][PPO] ep=298/500 r=  580.87 avg10=  536.22 steps=1391 succ10=0.80 touch10=0.80 col10=0.20 to10=0.00 min_d= 0.30 avg_spd=2.13m/s end=goal t= 4800.4s
[TRAIN][PPO] ep=299/500 r=  599.79 avg10=  537.21 steps=1456 succ10=0.80 touch10=0.80 col10=0.20 to10=0.00 min_d= 0.30 avg_spd=2.08m/s end=goal t= 4818.2s
[TRAIN][PPO] ep=300/500 r=  309.06 avg10=  508.24 steps=1385 succ10=0.70 touch10=0.70 col10=0.30 to10=0.00 min_d= 1.08 avg_spd=2.11m/s end=collision t= 4835.8s ckpt=latest
[TRAIN][PPO] ep=301/500 r=  584.07 avg10=  535.26 steps=1398 succ10=0.80 touch10=0.80 col10=0.20 to10=0.00 min_d= 0.30 avg_spd=2.12m/s end=goal t= 4852.0s
[TRAIN][PPO] ep=302/500 r=  589.39 avg10=  534.70 steps=1418 succ10=0.80 touch10=0.80 col10=0.20 to10=0.00 min_d= 0.30 avg_spd=2.11m/s end=goal t= 4869.0s
[TRAIN][PPO] ep=303/500 r=  605.61 avg10=  536.00 steps=1477 succ10=0.80 touch10=0.80 col10=0.20 to10=0.00 min_d= 0.30 avg_spd=2.10m/s end=goal t= 4886.4s
[TRAIN][PPO] ep=304/500 r=  591.96 avg10=  536.37 steps=1424 succ10=0.80 touch10=0.80 col10=0.20 to10=0.00 min_d= 0.30 avg_spd=2.11m/s end=goal t= 4906.4s
[TRAIN][PPO] ep=305/500 r=   58.59 avg10=  511.60 steps= 338 succ10=0.80 touch10=0.80 col10=0.20 to10=0.00 min_d= 3.16 avg_spd=2.07m/s end=collision t= 4910.2s
[TRAIN][PPO] ep=306/500 r=  596.62 avg10=  511.89 steps=1441 succ10=0.80 touch10=0.80 col10=0.20 to10=0.00 min_d= 0.30 avg_spd=2.11m/s end=goal t= 4927.0s
[TRAIN][PPO] ep=307/500 r=  601.61 avg10=  511.76 steps=1421 succ10=0.80 touch10=0.80 col10=0.20 to10=0.00 min_d= 0.30 avg_spd=2.12m/s end=goal t= 4943.1s
[TRAIN][PPO] ep=308/500 r=  595.30 avg10=  513.20 steps=1434 succ10=0.80 touch10=0.80 col10=0.20 to10=0.00 min_d= 0.30 avg_spd=2.12m/s end=goal t= 4961.5s
[TRAIN][PPO] ep=309/500 r=  596.26 avg10=  512.85 steps=1406 succ10=0.80 touch10=0.80 col10=0.20 to10=0.00 min_d= 0.30 avg_spd=2.12m/s end=goal t= 4978.5s
[TRAIN][PPO] ep=310/500 r=  322.55 avg10=  514.20 steps=1358 succ10=0.80 touch10=0.80 col10=0.20 to10=0.00 min_d= 1.05 avg_spd=2.11m/s end=collision t= 4994.5s
[TRAIN][PPO] ep=311/500 r=  600.42 avg10=  515.83 steps=1456 succ10=0.80 touch10=0.80 col10=0.20 to10=0.00 min_d= 0.30 avg_spd=2.11m/s end=goal t= 5011.9s
[TRAIN][PPO] ep=312/500 r=  600.19 avg10=  516.91 steps=1467 succ10=0.80 touch10=0.80 col10=0.20 to10=0.00 min_d= 0.30 avg_spd=2.12m/s end=goal t= 5030.8s
[TRAIN][PPO] ep=313/500 r=  -42.12 avg10=  452.14 steps=  48 succ10=0.70 touch10=0.70 col10=0.30 to10=0.00 min_d= 3.89 avg_spd=1.97m/s end=collision t= 5031.5s
[TRAIN][PPO] ep=314/500 r=   65.90 avg10=  399.53 steps= 351 succ10=0.60 touch10=0.60 col10=0.40 to10=0.00 min_d= 3.12 avg_spd=2.06m/s end=collision t= 5035.8s
[TRAIN][PPO] ep=315/500 r=  592.37 avg10=  452.91 steps=1420 succ10=0.70 touch10=0.70 col10=0.30 to10=0.00 min_d= 0.30 avg_spd=2.11m/s end=goal t= 5053.0s
[TRAIN][PPO] ep=316/500 r=  604.44 avg10=  453.69 steps=1452 succ10=0.70 touch10=0.70 col10=0.30 to10=0.00 min_d= 0.30 avg_spd=2.12m/s end=goal t= 5071.8s
[TRAIN][PPO] ep=317/500 r=  -40.30 avg10=  389.50 steps=  43 succ10=0.60 touch10=0.60 col10=0.40 to10=0.00 min_d= 3.90 avg_spd=1.92m/s end=collision t= 5072.4s
[TRAIN][PPO] ep=318/500 r=  598.28 avg10=  389.80 steps=1432 succ10=0.60 touch10=0.60 col10=0.40 to10=0.00 min_d= 0.30 avg_spd=2.15m/s end=goal t= 5089.3s
[TRAIN][PPO] ep=319/500 r=  595.24 avg10=  389.70 steps=1432 succ10=0.60 touch10=0.60 col10=0.40 to10=0.00 min_d= 0.30 avg_spd=2.13m/s end=goal t= 5106.6s
[TRAIN][PPO] ep=320/500 r=  584.93 avg10=  415.93 steps=1405 succ10=0.70 touch10=0.70 col10=0.30 to10=0.00 min_d= 0.30 avg_spd=2.12m/s end=goal t= 5125.6s
[TRAIN][PPO] ep=321/500 r=  -42.85 avg10=  351.61 steps=  62 succ10=0.60 touch10=0.60 col10=0.40 to10=0.00 min_d= 3.87 avg_spd=2.02m/s end=collision t= 5126.3s
[TRAIN][PPO] ep=322/500 r=  597.18 avg10=  351.31 steps=1458 succ10=0.60 touch10=0.60 col10=0.40 to10=0.00 min_d= 0.30 avg_spd=2.10m/s end=goal t= 5143.5s
[TRAIN][PPO] ep=323/500 r=  593.56 avg10=  414.87 steps=1436 succ10=0.70 touch10=0.70 col10=0.30 to10=0.00 min_d= 0.30 avg_spd=2.12m/s end=goal t= 5160.9s
[TRAIN][PPO] ep=324/500 r=  594.25 avg10=  467.71 steps=1446 succ10=0.80 touch10=0.80 col10=0.20 to10=0.00 min_d= 0.30 avg_spd=2.12m/s end=goal t= 5180.3s
[TRAIN][PPO] ep=325/500 r=  595.58 avg10=  468.03 steps=1442 succ10=0.80 touch10=0.80 col10=0.20 to10=0.00 min_d= 0.30 avg_spd=2.13m/s end=goal t= 5197.5s
[TRAIN][PPO] ep=326/500 r=  598.10 avg10=  467.40 steps=1454 succ10=0.80 touch10=0.80 col10=0.20 to10=0.00 min_d= 0.30 avg_spd=2.12m/s end=goal t= 5214.7s
[TRAIN][PPO] ep=327/500 r=  605.06 avg10=  531.93 steps=1457 succ10=0.90 touch10=0.90 col10=0.10 to10=0.00 min_d= 0.30 avg_spd=2.12m/s end=goal t= 5232.0s
[TRAIN][PPO] ep=328/500 r=  594.59 avg10=  531.56 steps=1430 succ10=0.90 touch10=0.90 col10=0.10 to10=0.00 min_d= 0.30 avg_spd=2.13m/s end=goal t= 5249.6s
[TRAIN][PPO] ep=329/500 r=  604.86 avg10=  532.53 steps=1470 succ10=0.90 touch10=0.90 col10=0.10 to10=0.00 min_d= 0.30 avg_spd=2.11m/s end=goal t= 5266.7s
[TRAIN][PPO] ep=330/500 r=  587.90 avg10=  532.82 steps=1405 succ10=0.90 touch10=0.90 col10=0.10 to10=0.00 min_d= 0.30 avg_spd=2.13m/s end=goal t= 5283.1s
[TRAIN][PPO] ep=331/500 r=  359.59 avg10=  573.07 steps=1189 succ10=0.90 touch10=0.90 col10=0.10 to10=0.00 min_d= 0.93 avg_spd=2.11m/s end=collision t= 5296.9s
[TRAIN][PPO] ep=332/500 r=  597.53 avg10=  573.10 steps=1443 succ10=0.90 touch10=0.90 col10=0.10 to10=0.00 min_d= 0.30 avg_spd=2.12m/s end=goal t= 5315.1s
[TRAIN][PPO] ep=333/500 r=  590.09 avg10=  572.75 steps=1424 succ10=0.90 touch10=0.90 col10=0.10 to10=0.00 min_d= 0.30 avg_spd=2.11m/s end=goal t= 5332.2s
[TRAIN][PPO] ep=334/500 r=  584.18 avg10=  571.75 steps=1411 succ10=0.90 touch10=0.90 col10=0.10 to10=0.00 min_d= 0.30 avg_spd=2.14m/s end=goal t= 5349.0s
[TRAIN][PPO] ep=335/500 r=  599.62 avg10=  572.15 steps=1446 succ10=0.90 touch10=0.90 col10=0.10 to10=0.00 min_d= 0.30 avg_spd=2.13m/s end=goal t= 5366.5s
[TRAIN][PPO] ep=336/500 r=  599.49 avg10=  572.29 steps=1450 succ10=0.90 touch10=0.90 col10=0.10 to10=0.00 min_d= 0.30 avg_spd=2.13m/s end=goal t= 5385.4s
[TRAIN][PPO] ep=337/500 r=  592.19 avg10=  571.00 steps=1460 succ10=0.90 touch10=0.90 col10=0.10 to10=0.00 min_d= 0.30 avg_spd=2.11m/s end=goal t= 5402.2s
[TRAIN][PPO] ep=338/500 r=  262.51 avg10=  537.80 steps=1088 succ10=0.80 touch10=0.80 col10=0.20 to10=0.00 min_d= 1.56 avg_spd=2.10m/s end=collision t= 5415.0s
[TRAIN][PPO] ep=339/500 r=  594.21 avg10=  536.73 steps=1433 succ10=0.80 touch10=0.80 col10=0.20 to10=0.00 min_d= 0.30 avg_spd=2.14m/s end=goal t= 5432.0s
[TRAIN][PPO] ep=340/500 r=  321.10 avg10=  510.05 steps=1264 succ10=0.70 touch10=0.70 col10=0.30 to10=0.00 min_d= 1.07 avg_spd=2.10m/s end=collision t= 5448.2s
[TRAIN][PPO] ep=341/500 r=  289.31 avg10=  503.02 steps=1355 succ10=0.70 touch10=0.70 col10=0.30 to10=0.00 min_d= 1.08 avg_spd=2.08m/s end=collision t= 5464.0s
[TRAIN][PPO] ep=342/500 r=  579.22 avg10=  501.19 steps=1415 succ10=0.70 touch10=0.70 col10=0.30 to10=0.00 min_d= 0.30 avg_spd=2.14m/s end=goal t= 5480.5s
[TRAIN][PPO] ep=343/500 r=  -44.44 avg10=  437.74 steps=  23 succ10=0.60 touch10=0.60 col10=0.40 to10=0.00 min_d= 3.89 avg_spd=1.74m/s end=collision t= 5480.8s
[TRAIN][PPO] ep=344/500 r=  603.82 avg10=  439.70 steps=1489 succ10=0.60 touch10=0.60 col10=0.40 to10=0.00 min_d= 0.30 avg_spd=2.11m/s end=goal t= 5500.0s
[TRAIN][PPO] ep=345/500 r=  321.67 avg10=  411.91 steps=1374 succ10=0.50 touch10=0.50 col10=0.50 to10=0.00 min_d= 1.05 avg_spd=2.09m/s end=collision t= 5515.7s
[TRAIN][PPO] ep=346/500 r=  -41.20 avg10=  347.84 steps=  51 succ10=0.40 touch10=0.40 col10=0.60 to10=0.00 min_d= 3.86 avg_spd=2.04m/s end=collision t= 5516.4s
[TRAIN][PPO] ep=347/500 r=  593.76 avg10=  348.00 steps=1437 succ10=0.40 touch10=0.40 col10=0.60 to10=0.00 min_d= 0.30 avg_spd=2.12m/s end=goal t= 5533.0s
[TRAIN][PPO] ep=348/500 r=  583.01 avg10=  380.05 steps=1427 succ10=0.50 touch10=0.50 col10=0.50 to10=0.00 min_d= 0.30 avg_spd=2.11m/s end=goal t= 5550.8s
[TRAIN][PPO] ep=349/500 r=  591.83 avg10=  379.81 steps=1449 succ10=0.50 touch10=0.50 col10=0.50 to10=0.00 min_d= 0.30 avg_spd=2.13m/s end=goal t= 5567.5s
[TRAIN][PPO] ep=350/500 r=  594.23 avg10=  407.12 steps=1430 succ10=0.60 touch10=0.60 col10=0.40 to10=0.00 min_d= 0.30 avg_spd=2.14m/s end=goal t= 5584.3s
[TRAIN][PPO] ep=351/500 r=  603.21 avg10=  438.51 steps=1458 succ10=0.70 touch10=0.70 col10=0.30 to10=0.00 min_d= 0.30 avg_spd=2.12m/s end=goal t= 5601.3s
[TRAIN][PPO] ep=352/500 r=  587.06 avg10=  439.29 steps=1432 succ10=0.70 touch10=0.70 col10=0.30 to10=0.00 min_d= 0.30 avg_spd=2.13m/s end=goal t= 5619.5s
[TRAIN][PPO] ep=353/500 r=  298.60 avg10=  473.60 steps=1405 succ10=0.70 touch10=0.70 col10=0.30 to10=0.00 min_d= 1.06 avg_spd=2.07m/s end=collision t= 5635.5s
[TRAIN][PPO] ep=354/500 r=  600.57 avg10=  473.27 steps=1419 succ10=0.70 touch10=0.70 col10=0.30 to10=0.00 min_d= 0.30 avg_spd=2.13m/s end=goal t= 5652.1s
[TRAIN][PPO] ep=355/500 r=  595.52 avg10=  500.66 steps=1442 succ10=0.80 touch10=0.80 col10=0.20 to10=0.00 min_d= 0.30 avg_spd=2.12m/s end=goal t= 5669.2s
[TRAIN][PPO] ep=356/500 r=  -43.83 avg10=  500.40 steps=  37 succ10=0.80 touch10=0.80 col10=0.20 to10=0.00 min_d= 3.88 avg_spd=2.11m/s end=collision t= 5670.7s
[TRAIN][PPO] ep=357/500 r=  587.57 avg10=  499.78 steps=1416 succ10=0.80 touch10=0.80 col10=0.20 to10=0.00 min_d= 0.30 avg_spd=2.11m/s end=goal t= 5687.7s
[TRAIN][PPO] ep=358/500 r=  584.46 avg10=  499.92 steps=1405 succ10=0.80 touch10=0.80 col10=0.20 to10=0.00 min_d= 0.30 avg_spd=2.13m/s end=goal t= 5704.2s
[TRAIN][PPO] ep=359/500 r=  591.14 avg10=  499.85 steps=1430 succ10=0.80 touch10=0.80 col10=0.20 to10=0.00 min_d= 0.30 avg_spd=2.13m/s end=goal t= 5721.1s
[TRAIN][PPO] ep=360/500 r=  598.28 avg10=  500.26 steps=1442 succ10=0.80 touch10=0.80 col10=0.20 to10=0.00 min_d= 0.30 avg_spd=2.12m/s end=goal t= 5739.6s
[TRAIN][PPO] ep=361/500 r=  600.10 avg10=  499.95 steps=1455 succ10=0.80 touch10=0.80 col10=0.20 to10=0.00 min_d= 0.30 avg_spd=2.13m/s end=goal t= 5757.0s
[TRAIN][PPO] ep=362/500 r=  586.44 avg10=  499.89 steps=1566 succ10=0.80 touch10=0.80 col10=0.20 to10=0.00 min_d= 0.30 avg_spd=2.12m/s end=goal t= 5775.6s
[TRAIN][PPO] ep=363/500 r=  589.02 avg10=  528.93 steps=1395 succ10=0.90 touch10=0.90 col10=0.10 to10=0.00 min_d= 0.30 avg_spd=2.12m/s end=goal t= 5792.1s
[TRAIN][PPO] ep=364/500 r=  599.73 avg10=  528.84 steps=1446 succ10=0.90 touch10=0.90 col10=0.10 to10=0.00 min_d= 0.30 avg_spd=2.11m/s end=goal t= 5810.5s
[TRAIN][PPO] ep=365/500 r=  589.59 avg10=  528.25 steps=1427 succ10=0.90 touch10=0.90 col10=0.10 to10=0.00 min_d= 0.30 avg_spd=2.13m/s end=goal t= 5827.2s
[TRAIN][PPO] ep=366/500 r=  587.41 avg10=  591.38 steps=1419 succ10=1.00 touch10=1.00 col10=0.00 to10=0.00 min_d= 0.30 avg_spd=2.11m/s end=goal t= 5843.8s
[TRAIN][PPO] ep=367/500 r=  353.23 avg10=  567.94 steps=1172 succ10=0.90 touch10=0.90 col10=0.10 to10=0.00 min_d= 0.95 avg_spd=2.11m/s end=collision t= 5857.8s
[TRAIN][PPO] ep=368/500 r=  586.75 avg10=  568.17 steps=1417 succ10=0.90 touch10=0.90 col10=0.10 to10=0.00 min_d= 0.30 avg_spd=2.12m/s end=goal t= 5875.6s
[TRAIN][PPO] ep=369/500 r=  348.68 avg10=  543.92 steps=1152 succ10=0.80 touch10=0.80 col10=0.20 to10=0.00 min_d= 0.96 avg_spd=2.13m/s end=collision t= 5888.9s
[TRAIN][PPO] ep=370/500 r=  593.64 avg10=  543.46 steps=1441 succ10=0.80 touch10=0.80 col10=0.20 to10=0.00 min_d= 0.30 avg_spd=2.13m/s end=goal t= 5906.5s
[TRAIN][PPO] ep=371/500 r=  591.96 avg10=  542.65 steps=1434 succ10=0.80 touch10=0.80 col10=0.20 to10=0.00 min_d= 0.30 avg_spd=2.13m/s end=goal t= 5923.5s
[TRAIN][PPO] ep=372/500 r=  604.20 avg10=  544.42 steps=1470 succ10=0.80 touch10=0.80 col10=0.20 to10=0.00 min_d= 0.30 avg_spd=2.12m/s end=goal t= 5942.3s
[TRAIN][PPO] ep=373/500 r=  320.56 avg10=  517.58 steps=1368 succ10=0.70 touch10=0.70 col10=0.30 to10=0.00 min_d= 1.06 avg_spd=2.09m/s end=collision t= 5958.6s
[TRAIN][PPO] ep=374/500 r=  593.21 avg10=  516.92 steps=1438 succ10=0.70 touch10=0.70 col10=0.30 to10=0.00 min_d= 0.30 avg_spd=2.08m/s end=goal t= 5975.6s
[TRAIN][PPO] ep=375/500 r=  587.68 avg10=  516.73 steps=1409 succ10=0.70 touch10=0.70 col10=0.30 to10=0.00 min_d= 0.30 avg_spd=2.12m/s end=goal t= 5992.0s
[TRAIN][PPO] ep=376/500 r=  595.83 avg10=  517.57 steps=1444 succ10=0.70 touch10=0.70 col10=0.30 to10=0.00 min_d= 0.30 avg_spd=2.11m/s end=goal t= 6009.8s
[TRAIN][PPO] ep=377/500 r=  598.89 avg10=  542.14 steps=1450 succ10=0.80 touch10=0.80 col10=0.20 to10=0.00 min_d= 0.30 avg_spd=2.12m/s end=goal t= 6026.8s
[TRAIN][PPO] ep=378/500 r=  591.01 avg10=  542.57 steps=1445 succ10=0.80 touch10=0.80 col10=0.20 to10=0.00 min_d= 0.30 avg_spd=2.11m/s end=goal t= 6043.8s
[TRAIN][PPO] ep=379/500 r=  590.12 avg10=  566.71 steps=1391 succ10=0.90 touch10=0.90 col10=0.10 to10=0.00 min_d= 0.30 avg_spd=2.12m/s end=goal t= 6060.3s
[TRAIN][PPO] ep=380/500 r=  599.49 avg10=  567.30 steps=1464 succ10=0.90 touch10=0.90 col10=0.10 to10=0.00 min_d= 0.30 avg_spd=2.13m/s end=goal t= 6078.8s
[TRAIN][PPO] ep=381/500 r=  592.33 avg10=  567.33 steps=1400 succ10=0.90 touch10=0.90 col10=0.10 to10=0.00 min_d= 0.30 avg_spd=2.12m/s end=goal t= 6095.3s
[TRAIN][PPO] ep=382/500 r=  591.80 avg10=  566.09 steps=1431 succ10=0.90 touch10=0.90 col10=0.10 to10=0.00 min_d= 0.30 avg_spd=2.11m/s end=goal t= 6112.1s
[TRAIN][PPO] ep=383/500 r=  600.78 avg10=  594.11 steps=1458 succ10=1.00 touch10=1.00 col10=0.00 to10=0.00 min_d= 0.30 avg_spd=2.12m/s end=goal t= 6129.0s
[TRAIN][PPO] ep=384/500 r=  -43.50 avg10=  530.44 steps=  29 succ10=0.90 touch10=0.90 col10=0.10 to10=0.00 min_d= 3.88 avg_spd=1.85m/s end=collision t= 6130.4s
[TRAIN][PPO] ep=385/500 r=  600.77 avg10=  531.75 steps=1431 succ10=0.90 touch10=0.90 col10=0.10 to10=0.00 min_d= 0.30 avg_spd=2.11m/s end=goal t= 6147.2s
[TRAIN][PPO] ep=386/500 r=  598.46 avg10=  532.02 steps=1426 succ10=0.90 touch10=0.90 col10=0.10 to10=0.00 min_d= 0.30 avg_spd=2.10m/s end=goal t= 6164.0s
[TRAIN][PPO] ep=387/500 r=  606.00 avg10=  532.73 steps=1477 succ10=0.90 touch10=0.90 col10=0.10 to10=0.00 min_d= 0.30 avg_spd=2.11m/s end=goal t= 6181.4s
[TRAIN][PPO] ep=388/500 r=  600.07 avg10=  533.63 steps=1445 succ10=0.90 touch10=0.90 col10=0.10 to10=0.00 min_d= 0.30 avg_spd=2.12m/s end=goal t= 6200.5s
[TRAIN][PPO] ep=389/500 r=  -41.21 avg10=  470.50 steps=  50 succ10=0.80 touch10=0.80 col10=0.20 to10=0.00 min_d= 3.88 avg_spd=2.17m/s end=collision t= 6201.1s
[TRAIN][PPO] ep=390/500 r=  601.10 avg10=  470.66 steps=1469 succ10=0.80 touch10=0.80 col10=0.20 to10=0.00 min_d= 0.30 avg_spd=2.11m/s end=goal t= 6219.0s
[TRAIN][PPO] ep=391/500 r=  605.65 avg10=  471.99 steps=1478 succ10=0.80 touch10=0.80 col10=0.20 to10=0.00 min_d= 0.30 avg_spd=2.11m/s end=goal t= 6236.5s
[TRAIN][PPO] ep=392/500 r=  355.99 avg10=  448.41 steps=1172 succ10=0.70 touch10=0.70 col10=0.30 to10=0.00 min_d= 0.96 avg_spd=2.12m/s end=collision t= 6251.3s
[TRAIN][PPO] ep=393/500 r=  587.96 avg10=  447.13 steps=1422 succ10=0.70 touch10=0.70 col10=0.30 to10=0.00 min_d= 0.30 avg_spd=2.11m/s end=goal t= 6268.1s
[TRAIN][PPO] ep=394/500 r=  601.53 avg10=  511.63 steps=1464 succ10=0.80 touch10=0.80 col10=0.20 to10=0.00 min_d= 0.30 avg_spd=2.11m/s end=goal t= 6285.4s
[TRAIN][PPO] ep=395/500 r=  355.04 avg10=  487.06 steps=1175 succ10=0.70 touch10=0.70 col10=0.30 to10=0.00 min_d= 0.96 avg_spd=2.12m/s end=collision t= 6299.3s
[TRAIN][PPO] ep=396/500 r=  601.83 avg10=  487.40 steps=1435 succ10=0.70 touch10=0.70 col10=0.30 to10=0.00 min_d= 0.30 avg_spd=2.11m/s end=goal t= 6317.9s
[TRAIN][PPO] ep=397/500 r=  606.60 avg10=  487.46 steps=1444 succ10=0.70 touch10=0.70 col10=0.30 to10=0.00 min_d= 0.30 avg_spd=2.11m/s end=goal t= 6335.2s
[TRAIN][PPO] ep=398/500 r=  589.34 avg10=  486.38 steps=1419 succ10=0.70 touch10=0.70 col10=0.30 to10=0.00 min_d= 0.30 avg_spd=2.11m/s end=goal t= 6352.1s
[TRAIN][PPO] ep=399/500 r=  601.17 avg10=  550.62 steps=1461 succ10=0.80 touch10=0.80 col10=0.20 to10=0.00 min_d= 0.30 avg_spd=2.12m/s end=goal t= 6369.1s
[TRAIN][PPO] ep=400/500 r=  587.32 avg10=  549.24 steps=1391 succ10=0.80 touch10=0.80 col10=0.20 to10=0.00 min_d= 0.30 avg_spd=2.13m/s end=goal t= 6387.0s ckpt=latest
[TRAIN][PPO] ep=401/500 r=  590.39 avg10=  547.72 steps=1424 succ10=0.80 touch10=0.80 col10=0.20 to10=0.00 min_d= 0.30 avg_spd=2.13m/s end=goal t= 6404.1s
[TRAIN][PPO] ep=402/500 r=  603.09 avg10=  572.43 steps=1430 succ10=0.90 touch10=0.90 col10=0.10 to10=0.00 min_d= 0.30 avg_spd=2.11m/s end=goal t= 6421.5s
[TRAIN][PPO] ep=403/500 r=  589.22 avg10=  572.55 steps=1428 succ10=0.90 touch10=0.90 col10=0.10 to10=0.00 min_d= 0.30 avg_spd=2.10m/s end=goal t= 6439.1s
[TRAIN][PPO] ep=404/500 r=  589.63 avg10=  571.36 steps=1567 succ10=0.90 touch10=0.90 col10=0.10 to10=0.00 min_d= 0.30 avg_spd=2.11m/s end=goal t= 6459.2s
[TRAIN][PPO] ep=405/500 r=  596.68 avg10=  595.53 steps=1421 succ10=1.00 touch10=1.00 col10=0.00 to10=0.00 min_d= 0.30 avg_spd=2.11m/s end=goal t= 6476.3s
[TRAIN][PPO] ep=406/500 r=  590.12 avg10=  594.36 steps=1426 succ10=1.00 touch10=1.00 col10=0.00 to10=0.00 min_d= 0.30 avg_spd=2.10m/s end=goal t= 6493.3s
[TRAIN][PPO] ep=407/500 r=  593.90 avg10=  593.09 steps=1435 succ10=1.00 touch10=1.00 col10=0.00 to10=0.00 min_d= 0.30 avg_spd=2.13m/s end=goal t= 6510.2s
[TRAIN][PPO] ep=408/500 r=  356.88 avg10=  569.84 steps=1181 succ10=0.90 touch10=0.90 col10=0.10 to10=0.00 min_d= 0.95 avg_spd=2.11m/s end=collision t= 6525.1s
[TRAIN][PPO] ep=409/500 r=  584.33 avg10=  568.16 steps=1402 succ10=0.90 touch10=0.90 col10=0.10 to10=0.00 min_d= 0.30 avg_spd=2.13m/s end=goal t= 6541.9s
[TRAIN][PPO] ep=410/500 r=  607.89 avg10=  570.21 steps=1444 succ10=0.90 touch10=0.90 col10=0.10 to10=0.00 min_d= 0.30 avg_spd=2.10m/s end=goal t= 6559.7s
[TRAIN][PPO] ep=411/500 r=  -45.43 avg10=  506.63 steps=  21 succ10=0.80 touch10=0.80 col10=0.20 to10=0.00 min_d= 3.88 avg_spd=2.20m/s end=collision t= 6560.0s
[TRAIN][PPO] ep=412/500 r=  589.43 avg10=  505.27 steps=1419 succ10=0.80 touch10=0.80 col10=0.20 to10=0.00 min_d= 0.30 avg_spd=2.11m/s end=goal t= 6577.8s
[TRAIN][PPO] ep=413/500 r=  596.13 avg10=  505.96 steps=1570 succ10=0.80 touch10=0.80 col10=0.20 to10=0.00 min_d= 0.30 avg_spd=2.12m/s end=goal t= 6595.8s
[TRAIN][PPO] ep=414/500 r=  601.18 avg10=  507.11 steps=1429 succ10=0.80 touch10=0.80 col10=0.20 to10=0.00 min_d= 0.30 avg_spd=2.12m/s end=goal t= 6612.7s
[TRAIN][PPO] ep=415/500 r=  602.50 avg10=  507.69 steps=1432 succ10=0.80 touch10=0.80 col10=0.20 to10=0.00 min_d= 0.30 avg_spd=2.09m/s end=goal t= 6629.6s
[TRAIN][PPO] ep=416/500 r=  595.47 avg10=  508.23 steps=1442 succ10=0.80 touch10=0.80 col10=0.20 to10=0.00 min_d= 0.30 avg_spd=2.12m/s end=goal t= 6648.8s
[TRAIN][PPO] ep=417/500 r=  587.66 avg10=  507.60 steps=1412 succ10=0.80 touch10=0.80 col10=0.20 to10=0.00 min_d= 0.30 avg_spd=2.12m/s end=goal t= 6666.1s
[TRAIN][PPO] ep=418/500 r=  603.07 avg10=  532.22 steps=1432 succ10=0.90 touch10=0.90 col10=0.10 to10=0.00 min_d= 0.30 avg_spd=2.12m/s end=goal t= 6683.4s
[TRAIN][PPO] ep=419/500 r=  599.99 avg10=  533.79 steps=1464 succ10=0.90 touch10=0.90 col10=0.10 to10=0.00 min_d= 0.30 avg_spd=2.11m/s end=goal t= 6701.0s
[TRAIN][PPO] ep=420/500 r=  601.72 avg10=  533.17 steps=1426 succ10=0.90 touch10=0.90 col10=0.10 to10=0.00 min_d= 0.30 avg_spd=2.13m/s end=goal t= 6718.5s
[TRAIN][PPO] ep=421/500 r=  592.93 avg10=  597.01 steps=1423 succ10=1.00 touch10=1.00 col10=0.00 to10=0.00 min_d= 0.30 avg_spd=2.12m/s end=goal t= 6735.5s
[TRAIN][PPO] ep=422/500 r=  574.93 avg10=  595.56 steps=1556 succ10=1.00 touch10=1.00 col10=0.00 to10=0.00 min_d= 0.30 avg_spd=2.11m/s end=goal t= 6754.6s
[TRAIN][PPO] ep=423/500 r=  583.47 avg10=  594.29 steps=1371 succ10=1.00 touch10=1.00 col10=0.00 to10=0.00 min_d= 0.30 avg_spd=2.15m/s end=goal t= 6770.5s
[TRAIN][PPO] ep=424/500 r=  600.48 avg10=  594.22 steps=1422 succ10=1.00 touch10=1.00 col10=0.00 to10=0.00 min_d= 0.30 avg_spd=2.13m/s end=goal t= 6789.1s
[TRAIN][PPO] ep=425/500 r=  600.61 avg10=  594.03 steps=1460 succ10=1.00 touch10=1.00 col10=0.00 to10=0.00 min_d= 0.30 avg_spd=2.11m/s end=goal t= 6806.4s
[TRAIN][PPO] ep=426/500 r=  597.27 avg10=  594.21 steps=1416 succ10=1.00 touch10=1.00 col10=0.00 to10=0.00 min_d= 0.30 avg_spd=2.16m/s end=goal t= 6823.2s
[TRAIN][PPO] ep=427/500 r=  569.50 avg10=  592.40 steps=1574 succ10=1.00 touch10=1.00 col10=0.00 to10=0.00 min_d= 0.30 avg_spd=2.11m/s end=goal t= 6841.8s
[TRAIN][PPO] ep=428/500 r=  598.60 avg10=  591.95 steps=1428 succ10=1.00 touch10=1.00 col10=0.00 to10=0.00 min_d= 0.30 avg_spd=2.10m/s end=goal t= 6858.8s
[TRAIN][PPO] ep=429/500 r=  606.44 avg10=  592.59 steps=1449 succ10=1.00 touch10=1.00 col10=0.00 to10=0.00 min_d= 0.30 avg_spd=2.11m/s end=goal t= 6875.3s
[TRAIN][PPO] ep=430/500 r=  591.18 avg10=  591.54 steps=1393 succ10=1.00 touch10=1.00 col10=0.00 to10=0.00 min_d= 0.30 avg_spd=2.11m/s end=goal t= 6891.6s
[TRAIN][PPO] ep=431/500 r=  592.55 avg10=  591.50 steps=1430 succ10=1.00 touch10=1.00 col10=0.00 to10=0.00 min_d= 0.30 avg_spd=2.10m/s end=goal t= 6908.6s
[TRAIN][PPO] ep=432/500 r=  600.22 avg10=  594.03 steps=1419 succ10=1.00 touch10=1.00 col10=0.00 to10=0.00 min_d= 0.30 avg_spd=2.12m/s end=goal t= 6927.9s
[TRAIN][PPO] ep=433/500 r=  603.93 avg10=  596.08 steps=1433 succ10=1.00 touch10=1.00 col10=0.00 to10=0.00 min_d= 0.30 avg_spd=2.13m/s end=goal t= 6945.1s
[TRAIN][PPO] ep=434/500 r=  596.64 avg10=  595.69 steps=1409 succ10=1.00 touch10=1.00 col10=0.00 to10=0.00 min_d= 0.30 avg_spd=2.11m/s end=goal t= 6961.5s
[TRAIN][PPO] ep=435/500 r=  596.77 avg10=  595.31 steps=1409 succ10=1.00 touch10=1.00 col10=0.00 to10=0.00 min_d= 0.30 avg_spd=2.13m/s end=goal t= 6978.3s
[TRAIN][PPO] ep=436/500 r=  598.03 avg10=  595.39 steps=1415 succ10=1.00 touch10=1.00 col10=0.00 to10=0.00 min_d= 0.30 avg_spd=2.13m/s end=goal t= 6998.1s
[TRAIN][PPO] ep=437/500 r=  604.70 avg10=  598.91 steps=1471 succ10=1.00 touch10=1.00 col10=0.00 to10=0.00 min_d= 0.30 avg_spd=2.11m/s end=goal t= 7015.1s
[TRAIN][PPO] ep=438/500 r=  599.78 avg10=  599.02 steps=1454 succ10=1.00 touch10=1.00 col10=0.00 to10=0.00 min_d= 0.30 avg_spd=2.12m/s end=goal t= 7032.3s
[TRAIN][PPO] ep=439/500 r=  588.13 avg10=  597.19 steps=1379 succ10=1.00 touch10=1.00 col10=0.00 to10=0.00 min_d= 0.30 avg_spd=2.15m/s end=goal t= 7048.6s
[TRAIN][PPO] ep=440/500 r=  591.91 avg10=  597.26 steps=1393 succ10=1.00 touch10=1.00 col10=0.00 to10=0.00 min_d= 0.30 avg_spd=2.12m/s end=goal t= 7066.0s
[TRAIN][PPO] ep=441/500 r=  576.74 avg10=  595.68 steps=1544 succ10=1.00 touch10=1.00 col10=0.00 to10=0.00 min_d= 0.30 avg_spd=2.13m/s end=goal t= 7084.3s
[TRAIN][PPO] ep=442/500 r=  586.84 avg10=  594.34 steps=1382 succ10=1.00 touch10=1.00 col10=0.00 to10=0.00 min_d= 0.30 avg_spd=2.12m/s end=goal t= 7101.2s
[TRAIN][PPO] ep=443/500 r=  601.48 avg10=  594.10 steps=1425 succ10=1.00 touch10=1.00 col10=0.00 to10=0.00 min_d= 0.30 avg_spd=2.14m/s end=goal t= 7117.6s
[TRAIN][PPO] ep=444/500 r=  603.10 avg10=  594.75 steps=1458 succ10=1.00 touch10=1.00 col10=0.00 to10=0.00 min_d= 0.30 avg_spd=2.12m/s end=goal t= 7136.0s
[TRAIN][PPO] ep=445/500 r=  595.40 avg10=  594.61 steps=1439 succ10=1.00 touch10=1.00 col10=0.00 to10=0.00 min_d= 0.30 avg_spd=2.13m/s end=goal t= 7153.1s
[TRAIN][PPO] ep=446/500 r=  591.16 avg10=  593.92 steps=1423 succ10=1.00 touch10=1.00 col10=0.00 to10=0.00 min_d= 0.30 avg_spd=2.14m/s end=goal t= 7169.2s
[TRAIN][PPO] ep=447/500 r=  590.01 avg10=  592.45 steps=1435 succ10=1.00 touch10=1.00 col10=0.00 to10=0.00 min_d= 0.30 avg_spd=2.12m/s end=goal t= 7185.2s
[TRAIN][PPO] ep=448/500 r=  588.41 avg10=  591.32 steps=1379 succ10=1.00 touch10=1.00 col10=0.00 to10=0.00 min_d= 0.30 avg_spd=2.15m/s end=goal t= 7201.8s
[TRAIN][PPO] ep=449/500 r=  580.06 avg10=  590.51 steps=1389 succ10=1.00 touch10=1.00 col10=0.00 to10=0.00 min_d= 0.30 avg_spd=2.14m/s end=goal t= 7217.8s
[TRAIN][PPO] ep=450/500 r=  603.60 avg10=  591.68 steps=1463 succ10=1.00 touch10=1.00 col10=0.00 to10=0.00 min_d= 0.30 avg_spd=2.12m/s end=goal t= 7234.6s
[TRAIN][PPO] ep=451/500 r=  604.41 avg10=  594.45 steps=1458 succ10=1.00 touch10=1.00 col10=0.00 to10=0.00 min_d= 0.30 avg_spd=2.13m/s end=goal t= 7251.3s
[TRAIN][PPO] ep=452/500 r=  585.09 avg10=  594.27 steps=1405 succ10=1.00 touch10=1.00 col10=0.00 to10=0.00 min_d= 0.30 avg_spd=2.14m/s end=goal t= 7268.9s
[TRAIN][PPO] ep=453/500 r=  589.81 avg10=  593.10 steps=1434 succ10=1.00 touch10=1.00 col10=0.00 to10=0.00 min_d= 0.30 avg_spd=2.11m/s end=goal t= 7285.7s
[TRAIN][PPO] ep=454/500 r=  602.50 avg10=  593.04 steps=1467 succ10=1.00 touch10=1.00 col10=0.00 to10=0.00 min_d= 0.30 avg_spd=2.12m/s end=goal t= 7303.2s
[TRAIN][PPO] ep=455/500 r=  590.42 avg10=  592.55 steps=1389 succ10=1.00 touch10=1.00 col10=0.00 to10=0.00 min_d= 0.30 avg_spd=2.13m/s end=goal t= 7319.0s
[TRAIN][PPO] ep=456/500 r=  592.08 avg10=  592.64 steps=1402 succ10=1.00 touch10=1.00 col10=0.00 to10=0.00 min_d= 0.30 avg_spd=2.10m/s end=goal t= 7336.4s
[TRAIN][PPO] ep=457/500 r=  585.77 avg10=  592.21 steps=1527 succ10=1.00 touch10=1.00 col10=0.00 to10=0.00 min_d= 0.30 avg_spd=2.13m/s end=goal t= 7353.7s
[TRAIN][PPO] ep=458/500 r=  342.14 avg10=  567.59 steps=1391 succ10=0.90 touch10=0.90 col10=0.10 to10=0.00 min_d= 0.87 avg_spd=2.11m/s end=collision t= 7369.8s
[TRAIN][PPO] ep=459/500 r=  589.61 avg10=  568.54 steps=1421 succ10=0.90 touch10=0.90 col10=0.10 to10=0.00 min_d= 0.30 avg_spd=2.11m/s end=goal t= 7386.0s
[TRAIN][PPO] ep=460/500 r=  597.75 avg10=  567.96 steps=1449 succ10=0.90 touch10=0.90 col10=0.10 to10=0.00 min_d= 0.30 avg_spd=2.12m/s end=goal t= 7404.4s
[TRAIN][PPO] ep=461/500 r=  552.01 avg10=  562.72 steps=1558 succ10=0.90 touch10=0.90 col10=0.10 to10=0.00 min_d= 0.30 avg_spd=2.11m/s end=goal t= 7422.4s
[TRAIN][PPO] ep=462/500 r=  573.99 avg10=  561.61 steps=1527 succ10=0.90 touch10=0.90 col10=0.10 to10=0.00 min_d= 0.30 avg_spd=2.13m/s end=goal t= 7440.0s
[TRAIN][PPO] ep=463/500 r=  586.38 avg10=  561.26 steps=1379 succ10=0.90 touch10=0.90 col10=0.10 to10=0.00 min_d= 0.30 avg_spd=2.13m/s end=goal t= 7456.0s
[TRAIN][PPO] ep=464/500 r=  587.68 avg10=  559.78 steps=1420 succ10=0.90 touch10=0.90 col10=0.10 to10=0.00 min_d= 0.30 avg_spd=2.12m/s end=goal t= 7474.3s
[TRAIN][PPO] ep=465/500 r=  584.65 avg10=  559.21 steps=1368 succ10=0.90 touch10=0.90 col10=0.10 to10=0.00 min_d= 0.30 avg_spd=2.13m/s end=goal t= 7490.4s
[TRAIN][PPO] ep=466/500 r=  155.88 avg10=  515.59 steps= 593 succ10=0.80 touch10=0.80 col10=0.20 to10=0.00 min_d= 2.32 avg_spd=2.14m/s end=collision t= 7497.5s
[TRAIN][PPO] ep=467/500 r=  596.90 avg10=  516.70 steps=1440 succ10=0.80 touch10=0.80 col10=0.20 to10=0.00 min_d= 0.30 avg_spd=2.12m/s end=goal t= 7514.3s
[TRAIN][PPO] ep=468/500 r=  592.37 avg10=  541.72 steps=1392 succ10=0.90 touch10=0.90 col10=0.10 to10=0.00 min_d= 0.30 avg_spd=2.13m/s end=goal t= 7531.6s
[TRAIN][PPO] ep=469/500 r=  -35.50 avg10=  479.21 steps=  58 succ10=0.80 touch10=0.80 col10=0.20 to10=0.00 min_d= 3.90 avg_spd=2.16m/s end=collision t= 7532.4s
[TRAIN][PPO] ep=470/500 r=  593.95 avg10=  478.83 steps=1401 succ10=0.80 touch10=0.80 col10=0.20 to10=0.00 min_d= 0.30 avg_spd=2.13m/s end=goal t= 7548.7s
[TRAIN][PPO] ep=471/500 r=  585.75 avg10=  482.20 steps=1411 succ10=0.80 touch10=0.80 col10=0.20 to10=0.00 min_d= 0.30 avg_spd=2.12m/s end=goal t= 7565.3s
[TRAIN][PPO] ep=472/500 r=  581.85 avg10=  482.99 steps=1392 succ10=0.80 touch10=0.80 col10=0.20 to10=0.00 min_d= 0.30 avg_spd=2.12m/s end=goal t= 7582.6s
[TRAIN][PPO] ep=473/500 r=  604.03 avg10=  484.76 steps=1434 succ10=0.80 touch10=0.80 col10=0.20 to10=0.00 min_d= 0.30 avg_spd=2.13m/s end=goal t= 7599.5s
[TRAIN][PPO] ep=474/500 r=  601.18 avg10=  486.11 steps=1421 succ10=0.80 touch10=0.80 col10=0.20 to10=0.00 min_d= 0.30 avg_spd=2.14m/s end=goal t= 7616.0s
[TRAIN][PPO] ep=475/500 r=   58.67 avg10=  433.51 steps= 326 succ10=0.70 touch10=0.70 col10=0.30 to10=0.00 min_d= 3.07 avg_spd=2.11m/s end=collision t= 7619.7s
[TRAIN][PPO] ep=476/500 r=  602.32 avg10=  478.15 steps=1444 succ10=0.80 touch10=0.80 col10=0.20 to10=0.00 min_d= 0.30 avg_spd=2.09m/s end=goal t= 7637.8s
[TRAIN][PPO] ep=477/500 r=  591.16 avg10=  477.58 steps=1391 succ10=0.80 touch10=0.80 col10=0.20 to10=0.00 min_d= 0.30 avg_spd=2.12m/s end=goal t= 7654.1s
[TRAIN][PPO] ep=478/500 r=  588.23 avg10=  477.16 steps=1385 succ10=0.80 touch10=0.80 col10=0.20 to10=0.00 min_d= 0.30 avg_spd=2.13m/s end=goal t= 7670.6s
[TRAIN][PPO] ep=479/500 r=  602.22 avg10=  540.94 steps=1432 succ10=0.90 touch10=0.90 col10=0.10 to10=0.00 min_d= 0.30 avg_spd=2.13m/s end=goal t= 7687.4s
[TRAIN][PPO] ep=480/500 r=  603.14 avg10=  541.85 steps=1425 succ10=0.90 touch10=0.90 col10=0.10 to10=0.00 min_d= 0.30 avg_spd=2.12m/s end=goal t= 7706.0s
[TRAIN][PPO] ep=481/500 r=  584.42 avg10=  541.72 steps=1373 succ10=0.90 touch10=0.90 col10=0.10 to10=0.00 min_d= 0.30 avg_spd=2.14m/s end=goal t= 7721.7s
[TRAIN][PPO] ep=482/500 r=  596.88 avg10=  543.23 steps=1417 succ10=0.90 touch10=0.90 col10=0.10 to10=0.00 min_d= 0.30 avg_spd=2.11m/s end=goal t= 7738.1s
[TRAIN][PPO] ep=483/500 r=  580.06 avg10=  540.83 steps=1549 succ10=0.90 touch10=0.90 col10=0.10 to10=0.00 min_d= 0.30 avg_spd=2.13m/s end=goal t= 7756.2s
[TRAIN][PPO] ep=484/500 r=  605.24 avg10=  541.23 steps=1434 succ10=0.90 touch10=0.90 col10=0.10 to10=0.00 min_d= 0.30 avg_spd=2.12m/s end=goal t= 7774.1s
[TRAIN][PPO] ep=485/500 r=  595.84 avg10=  594.95 steps=1410 succ10=1.00 touch10=1.00 col10=0.00 to10=0.00 min_d= 0.30 avg_spd=2.12m/s end=goal t= 7790.6s
[TRAIN][PPO] ep=486/500 r=  597.24 avg10=  594.44 steps=1412 succ10=1.00 touch10=1.00 col10=0.00 to10=0.00 min_d= 0.30 avg_spd=2.12m/s end=goal t= 7807.1s
[TRAIN][PPO] ep=487/500 r=  545.96 avg10=  589.92 steps=1581 succ10=1.00 touch10=1.00 col10=0.00 to10=0.00 min_d= 0.30 avg_spd=2.11m/s end=goal t= 7825.6s
[TRAIN][PPO] ep=488/500 r=  580.42 avg10=  589.14 steps=1535 succ10=1.00 touch10=1.00 col10=0.00 to10=0.00 min_d= 0.30 avg_spd=2.14m/s end=goal t= 7845.6s
[TRAIN][PPO] ep=489/500 r=  350.16 avg10=  563.94 steps=1341 succ10=0.90 touch10=0.90 col10=0.10 to10=0.00 min_d= 0.86 avg_spd=2.13m/s end=collision t= 7861.5s
[TRAIN][PPO] ep=490/500 r=  597.12 avg10=  563.34 steps=1411 succ10=0.90 touch10=0.90 col10=0.10 to10=0.00 min_d= 0.30 avg_spd=2.14m/s end=goal t= 7877.7s
[TRAIN][PPO] ep=491/500 r=  599.48 avg10=  564.84 steps=1416 succ10=0.90 touch10=0.90 col10=0.10 to10=0.00 min_d= 0.30 avg_spd=2.13m/s end=goal t= 7893.6s
[TRAIN][PPO] ep=492/500 r=  591.08 avg10=  564.26 steps=1392 succ10=0.90 touch10=0.90 col10=0.10 to10=0.00 min_d= 0.30 avg_spd=2.13m/s end=goal t= 7911.1s
[TRAIN][PPO] ep=493/500 r=  344.69 avg10=  540.72 steps=1342 succ10=0.80 touch10=0.80 col10=0.20 to10=0.00 min_d= 0.87 avg_spd=2.11m/s end=collision t= 7926.3s
[TRAIN][PPO] ep=494/500 r=  585.66 avg10=  538.77 steps=1383 succ10=0.80 touch10=0.80 col10=0.20 to10=0.00 min_d= 0.30 avg_spd=2.13m/s end=goal t= 7942.7s
[TRAIN][PPO] ep=495/500 r=  353.99 avg10=  514.58 steps=1167 succ10=0.70 touch10=0.70 col10=0.30 to10=0.00 min_d= 0.98 avg_spd=2.13m/s end=collision t= 7955.6s
[TRAIN][PPO] ep=496/500 r=  596.97 avg10=  514.55 steps=1406 succ10=0.70 touch10=0.70 col10=0.30 to10=0.00 min_d= 0.30 avg_spd=2.14m/s end=goal t= 7972.6s
[TRAIN][PPO] ep=497/500 r=  602.73 avg10=  520.23 steps=1438 succ10=0.70 touch10=0.70 col10=0.30 to10=0.00 min_d= 0.30 avg_spd=2.12m/s end=goal t= 7989.4s
[TRAIN][PPO] ep=498/500 r=  346.32 avg10=  496.82 steps=1143 succ10=0.60 touch10=0.60 col10=0.40 to10=0.00 min_d= 0.94 avg_spd=2.12m/s end=collision t= 8002.9s
[TRAIN][PPO] ep=499/500 r=  598.20 avg10=  521.62 steps=1421 succ10=0.70 touch10=0.70 col10=0.30 to10=0.00 min_d= 0.30 avg_spd=2.10m/s end=goal t= 8019.0s
INFO: PPO: Terminating.
[RUN] completed stage checkpoint=/uio/hume/student-u79/esbrovol/fys5429/DRL-Obstacle-Avoidance/controllers/PPO/checkpoints/20260525_141956_none_seed01_stage07_train_7_goal_offset_pos/final_20260525_141956_none_seed01_stage07_train_7_goal_offset_pos.pth
[RUN] arch=none seed=1 stage=8/10 world=/uio/hume/student-u79/esbrovol/fys5429/DRL-Obstacle-Avoidance/worlds/training/train_8_goal_offset_neg.wbt
[RUN] resuming from /uio/hume/student-u79/esbrovol/fys5429/DRL-Obstacle-Avoidance/controllers/PPO/checkpoints/20260525_141956_none_seed01_stage07_train_7_goal_offset_pos/final_20260525_141956_none_seed01_stage07_train_7_goal_offset_pos.pth
INFO: PPO: Starting controller: python3 -u PPO.py
[PPO] Using architecture: NONE
[PPO] Loaded architecture: NONE
[TRAIN][PPO] arch=NONE weights_dir=/uio/hume/student-u79/esbrovol/fys5429/DRL-Obstacle-Avoidance/controllers/PPO/checkpoints/20260525_141956_none_seed01_stage08_train_8_goal_offset_neg final=/uio/hume/student-u79/esbrovol/fys5429/DRL-Obstacle-Avoidance/controllers/PPO/checkpoints/20260525_141956_none_seed01_stage08_train_8_goal_offset_neg/final_20260525_141956_none_seed01_stage08_train_8_goal_offset_neg.pth
[TRAIN][PPO] episodes=500 update_every=4 obs=31 act=2 cell=NONE seq=32 burn_in=0
[TRAIN][PPO] ep=001/500 r=  362.75 avg10=  362.75 steps=1270 succ10=0.00 touch10=0.00 col10=1.00 to10=0.00 min_d= 0.83 avg_spd=2.13m/s end=collision t=   15.3s ckpt=best
[TRAIN][PPO] ep=002/500 r=  377.57 avg10=  370.16 steps=1225 succ10=0.00 touch10=0.00 col10=1.00 to10=0.00 min_d= 0.81 avg_spd=2.15m/s end=collision t=   30.6s ckpt=best
[TRAIN][PPO] ep=003/500 r=  371.58 avg10=  370.63 steps=1206 succ10=0.00 touch10=0.00 col10=1.00 to10=0.00 min_d= 0.83 avg_spd=2.13m/s end=collision t=   45.9s
[TRAIN][PPO] ep=004/500 r=  353.84 avg10=  366.43 steps=1285 succ10=0.00 touch10=0.00 col10=1.00 to10=0.00 min_d= 0.88 avg_spd=2.14m/s end=collision t=   63.7s
[TRAIN][PPO] ep=005/500 r=  365.95 avg10=  366.34 steps=1186 succ10=0.00 touch10=0.00 col10=1.00 to10=0.00 min_d= 0.85 avg_spd=2.14m/s end=collision t=   78.4s
[TRAIN][PPO] ep=006/500 r=  374.18 avg10=  367.65 steps=1217 succ10=0.00 touch10=0.00 col10=1.00 to10=0.00 min_d= 0.86 avg_spd=2.13m/s end=collision t=   93.2s
[TRAIN][PPO] ep=007/500 r=  365.28 avg10=  367.31 steps=1180 succ10=0.00 touch10=0.00 col10=1.00 to10=0.00 min_d= 0.79 avg_spd=2.15m/s end=collision t=  106.9s
[TRAIN][PPO] ep=008/500 r=  364.29 avg10=  366.93 steps=1185 succ10=0.00 touch10=0.00 col10=1.00 to10=0.00 min_d= 0.86 avg_spd=2.12m/s end=collision t=  122.5s
[TRAIN][PPO] ep=009/500 r=  386.81 avg10=  369.14 steps=1260 succ10=0.00 touch10=0.00 col10=1.00 to10=0.00 min_d= 0.80 avg_spd=2.11m/s end=collision t=  137.4s ckpt=best
[TRAIN][PPO] ep=010/500 r=  377.03 avg10=  369.93 steps=1246 succ10=0.00 touch10=0.00 col10=1.00 to10=0.00 min_d= 0.84 avg_spd=2.12m/s end=collision t=  152.4s
[TRAIN][PPO] ep=011/500 r=  366.08 avg10=  370.26 steps=1200 succ10=0.00 touch10=0.00 col10=1.00 to10=0.00 min_d= 0.90 avg_spd=2.11m/s end=collision t=  167.2s
[TRAIN][PPO] ep=012/500 r=  344.09 avg10=  366.91 steps=1290 succ10=0.00 touch10=0.00 col10=1.00 to10=0.00 min_d= 0.88 avg_spd=2.12m/s end=collision t=  184.3s
[TRAIN][PPO] ep=013/500 r=  372.86 avg10=  367.04 steps=1222 succ10=0.00 touch10=0.00 col10=1.00 to10=0.00 min_d= 0.80 avg_spd=2.12m/s end=collision t=  199.1s
[TRAIN][PPO] ep=014/500 r=  357.42 avg10=  367.40 steps=1300 succ10=0.00 touch10=0.00 col10=1.00 to10=0.00 min_d= 0.86 avg_spd=2.12m/s end=collision t=  213.6s
[TRAIN][PPO] ep=015/500 r=  374.13 avg10=  368.22 steps=1212 succ10=0.00 touch10=0.00 col10=1.00 to10=0.00 min_d= 0.83 avg_spd=2.14m/s end=collision t=  227.5s
[TRAIN][PPO] ep=016/500 r=  361.71 avg10=  366.97 steps=1262 succ10=0.00 touch10=0.00 col10=1.00 to10=0.00 min_d= 0.86 avg_spd=2.13m/s end=collision t=  243.3s
[TRAIN][PPO] ep=017/500 r=  375.63 avg10=  368.00 steps=1215 succ10=0.00 touch10=0.00 col10=1.00 to10=0.00 min_d= 0.82 avg_spd=2.10m/s end=collision t=  258.1s
[TRAIN][PPO] ep=018/500 r=  377.67 avg10=  369.34 steps=1219 succ10=0.00 touch10=0.00 col10=1.00 to10=0.00 min_d= 0.77 avg_spd=2.14m/s end=collision t=  273.3s
[TRAIN][PPO] ep=019/500 r=  376.17 avg10=  368.28 steps=1219 succ10=0.00 touch10=0.00 col10=1.00 to10=0.00 min_d= 0.82 avg_spd=2.15m/s end=collision t=  288.6s
[TRAIN][PPO] ep=020/500 r=  369.04 avg10=  367.48 steps=1200 succ10=0.00 touch10=0.00 col10=1.00 to10=0.00 min_d= 0.88 avg_spd=2.14m/s end=collision t=  305.1s
[TRAIN][PPO] ep=021/500 r=  366.79 avg10=  367.55 steps=1191 succ10=0.00 touch10=0.00 col10=1.00 to10=0.00 min_d= 0.87 avg_spd=2.13m/s end=collision t=  319.7s
[TRAIN][PPO] ep=022/500 r=  376.52 avg10=  370.79 steps=1235 succ10=0.00 touch10=0.00 col10=1.00 to10=0.00 min_d= 0.78 avg_spd=2.11m/s end=collision t=  335.0s
[TRAIN][PPO] ep=023/500 r=  376.43 avg10=  371.15 steps=1223 succ10=0.00 touch10=0.00 col10=1.00 to10=0.00 min_d= 0.84 avg_spd=2.10m/s end=collision t=  349.8s
[TRAIN][PPO] ep=024/500 r=  377.12 avg10=  373.12 steps=1221 succ10=0.00 touch10=0.00 col10=1.00 to10=0.00 min_d= 0.85 avg_spd=2.13m/s end=collision t=  366.9s
[TRAIN][PPO] ep=025/500 r=  373.77 avg10=  373.09 steps=1211 succ10=0.00 touch10=0.00 col10=1.00 to10=0.00 min_d= 0.88 avg_spd=2.13m/s end=collision t=  382.2s
[TRAIN][PPO] ep=026/500 r=  373.55 avg10=  374.27 steps=1230 succ10=0.00 touch10=0.00 col10=1.00 to10=0.00 min_d= 0.81 avg_spd=2.11m/s end=collision t=  398.0s
[TRAIN][PPO] ep=027/500 r=  381.83 avg10=  374.89 steps=1237 succ10=0.00 touch10=0.00 col10=1.00 to10=0.00 min_d= 0.79 avg_spd=2.10m/s end=collision t=  413.5s
[TRAIN][PPO] ep=028/500 r=  378.39 avg10=  374.96 steps=1223 succ10=0.00 touch10=0.00 col10=1.00 to10=0.00 min_d= 0.82 avg_spd=2.14m/s end=collision t=  429.9s
[TRAIN][PPO] ep=029/500 r=  364.99 avg10=  373.84 steps=1186 succ10=0.00 touch10=0.00 col10=1.00 to10=0.00 min_d= 0.83 avg_spd=2.12m/s end=collision t=  444.6s
[TRAIN][PPO] ep=030/500 r=  386.17 avg10=  375.56 steps=1254 succ10=0.00 touch10=0.00 col10=1.00 to10=0.00 min_d= 0.79 avg_spd=2.13m/s end=collision t=  460.3s
[TRAIN][PPO] ep=031/500 r=  382.64 avg10=  377.14 steps=1239 succ10=0.00 touch10=0.00 col10=1.00 to10=0.00 min_d= 0.80 avg_spd=2.09m/s end=collision t=  476.1s
[TRAIN][PPO] ep=032/500 r=  337.62 avg10=  373.25 steps=1276 succ10=0.00 touch10=0.00 col10=1.00 to10=0.00 min_d= 0.89 avg_spd=2.11m/s end=collision t=  494.1s
[TRAIN][PPO] ep=033/500 r=  371.45 avg10=  372.75 steps=1202 succ10=0.00 touch10=0.00 col10=1.00 to10=0.00 min_d= 0.81 avg_spd=2.13m/s end=collision t=  509.3s
[TRAIN][PPO] ep=034/500 r=  368.70 avg10=  371.91 steps=1209 succ10=0.00 touch10=0.00 col10=1.00 to10=0.00 min_d= 0.82 avg_spd=2.10m/s end=collision t=  524.9s
[TRAIN][PPO] ep=035/500 r=  372.68 avg10=  371.80 steps=1219 succ10=0.00 touch10=0.00 col10=1.00 to10=0.00 min_d= 0.81 avg_spd=2.11m/s end=collision t=  539.8s
[TRAIN][PPO] ep=036/500 r=  368.12 avg10=  371.26 steps=1194 succ10=0.00 touch10=0.00 col10=1.00 to10=0.00 min_d= 0.86 avg_spd=2.12m/s end=collision t=  555.2s
[TRAIN][PPO] ep=037/500 r=  379.07 avg10=  370.98 steps=1229 succ10=0.00 touch10=0.00 col10=1.00 to10=0.00 min_d= 0.82 avg_spd=2.14m/s end=collision t=  570.4s
[TRAIN][PPO] ep=038/500 r=  384.52 avg10=  371.60 steps=1247 succ10=0.00 touch10=0.00 col10=1.00 to10=0.00 min_d= 0.79 avg_spd=2.14m/s end=collision t=  586.1s
[TRAIN][PPO] ep=039/500 r=  367.72 avg10=  371.87 steps=1194 succ10=0.00 touch10=0.00 col10=1.00 to10=0.00 min_d= 0.83 avg_spd=2.12m/s end=collision t=  601.0s
[TRAIN][PPO] ep=040/500 r=  366.94 avg10=  369.95 steps=1259 succ10=0.00 touch10=0.00 col10=1.00 to10=0.00 min_d= 0.87 avg_spd=2.14m/s end=collision t=  618.4s
[TRAIN][PPO] ep=041/500 r=  382.91 avg10=  369.97 steps=1236 succ10=0.00 touch10=0.00 col10=1.00 to10=0.00 min_d= 0.79 avg_spd=2.14m/s end=collision t=  633.5s
[TRAIN][PPO] ep=042/500 r=  372.97 avg10=  373.51 steps=1212 succ10=0.00 touch10=0.00 col10=1.00 to10=0.00 min_d= 0.85 avg_spd=2.12m/s end=collision t=  648.1s
[TRAIN][PPO] ep=043/500 r=  377.76 avg10=  374.14 steps=1243 succ10=0.00 touch10=0.00 col10=1.00 to10=0.00 min_d= 0.82 avg_spd=2.12m/s end=collision t=  663.0s
[TRAIN][PPO] ep=044/500 r=  365.77 avg10=  373.85 steps=1190 succ10=0.00 touch10=0.00 col10=1.00 to10=0.00 min_d= 0.82 avg_spd=2.15m/s end=collision t=  679.1s
[TRAIN][PPO] ep=045/500 r=  377.87 avg10=  374.37 steps=1223 succ10=0.00 touch10=0.00 col10=1.00 to10=0.00 min_d= 0.86 avg_spd=2.12m/s end=collision t=  694.3s
[TRAIN][PPO] ep=046/500 r=  367.74 avg10=  374.33 steps=1194 succ10=0.00 touch10=0.00 col10=1.00 to10=0.00 min_d= 0.83 avg_spd=2.11m/s end=collision t=  709.3s
[TRAIN][PPO] ep=047/500 r=  362.57 avg10=  372.68 steps=1252 succ10=0.00 touch10=0.00 col10=1.00 to10=0.00 min_d= 0.88 avg_spd=2.12m/s end=collision t=  725.3s
[TRAIN][PPO] ep=048/500 r=  382.66 avg10=  372.49 steps=1236 succ10=0.00 touch10=0.00 col10=1.00 to10=0.00 min_d= 0.83 avg_spd=2.12m/s end=collision t=  742.0s
[TRAIN][PPO] ep=049/500 r=  353.16 avg10=  371.03 steps=1295 succ10=0.00 touch10=0.00 col10=1.00 to10=0.00 min_d= 0.84 avg_spd=2.10m/s end=collision t=  757.4s
[TRAIN][PPO] ep=050/500 r=  385.05 avg10=  372.85 steps=1247 succ10=0.00 touch10=0.00 col10=1.00 to10=0.00 min_d= 0.80 avg_spd=2.13m/s end=collision t=  772.5s
[TRAIN][PPO] ep=051/500 r=  375.21 avg10=  372.08 steps=1214 succ10=0.00 touch10=0.00 col10=1.00 to10=0.00 min_d= 0.83 avg_spd=2.14m/s end=collision t=  786.9s
[TRAIN][PPO] ep=052/500 r=  381.75 avg10=  372.95 steps=1252 succ10=0.00 touch10=0.00 col10=1.00 to10=0.00 min_d= 0.81 avg_spd=2.11m/s end=collision t=  803.1s
[TRAIN][PPO] ep=053/500 r=  362.92 avg10=  371.47 steps=1170 succ10=0.00 touch10=0.00 col10=1.00 to10=0.00 min_d= 0.84 avg_spd=2.13m/s end=collision t=  817.3s
[TRAIN][PPO] ep=054/500 r=  377.83 avg10=  372.68 steps=1226 succ10=0.00 touch10=0.00 col10=1.00 to10=0.00 min_d= 0.83 avg_spd=2.10m/s end=collision t=  832.6s
[TRAIN][PPO] ep=055/500 r=  377.97 avg10=  372.69 steps=1222 succ10=0.00 touch10=0.00 col10=1.00 to10=0.00 min_d= 0.83 avg_spd=2.14m/s end=collision t=  847.7s
[TRAIN][PPO] ep=056/500 r=  364.91 avg10=  372.40 steps=1182 succ10=0.00 touch10=0.00 col10=1.00 to10=0.00 min_d= 0.87 avg_spd=2.13m/s end=collision t=  864.4s
[TRAIN][PPO] ep=057/500 r=   43.04 avg10=  340.45 steps= 294 succ10=0.00 touch10=0.00 col10=1.00 to10=0.00 min_d= 3.18 avg_spd=2.13m/s end=collision t=  868.1s
[TRAIN][PPO] ep=058/500 r=  377.92 avg10=  339.98 steps=1225 succ10=0.00 touch10=0.00 col10=1.00 to10=0.00 min_d= 0.79 avg_spd=2.12m/s end=collision t=  883.1s
[TRAIN][PPO] ep=059/500 r=  599.22 avg10=  364.58 steps=1412 succ10=0.10 touch10=0.10 col10=0.90 to10=0.00 min_d= 0.30 avg_spd=2.14m/s end=goal t=  901.1s ckpt=best_goal
[TRAIN][PPO] ep=060/500 r=  366.11 avg10=  362.69 steps=1186 succ10=0.10 touch10=0.10 col10=0.90 to10=0.00 min_d= 0.82 avg_spd=2.15m/s end=collision t=  918.0s
[TRAIN][PPO] ep=061/500 r=  600.69 avg10=  385.24 steps=1419 succ10=0.20 touch10=0.20 col10=0.80 to10=0.00 min_d= 0.30 avg_spd=2.15m/s end=goal t=  935.9s ckpt=best_goal
[TRAIN][PPO] ep=062/500 r=  604.03 avg10=  407.46 steps=1424 succ10=0.30 touch10=0.30 col10=0.70 to10=0.00 min_d= 0.30 avg_spd=2.13m/s end=goal t=  953.9s ckpt=best_goal
[TRAIN][PPO] ep=063/500 r=  -41.56 avg10=  367.02 steps=  34 succ10=0.30 touch10=0.30 col10=0.70 to10=0.00 min_d= 3.86 avg_spd=2.02m/s end=collision t=  954.4s
[TRAIN][PPO] ep=064/500 r=  593.07 avg10=  388.54 steps=1434 succ10=0.40 touch10=0.40 col10=0.60 to10=0.00 min_d= 0.30 avg_spd=2.11m/s end=goal t=  973.4s
[TRAIN][PPO] ep=065/500 r=  -42.95 avg10=  346.45 steps=  24 succ10=0.40 touch10=0.40 col10=0.60 to10=0.00 min_d= 3.88 avg_spd=1.75m/s end=collision t=  973.8s
[TRAIN][PPO] ep=066/500 r=  594.16 avg10=  369.37 steps=1441 succ10=0.50 touch10=0.50 col10=0.50 to10=0.00 min_d= 0.30 avg_spd=2.12m/s end=goal t=  990.8s
[TRAIN][PPO] ep=067/500 r=  372.48 avg10=  402.32 steps=1211 succ10=0.50 touch10=0.50 col10=0.50 to10=0.00 min_d= 0.81 avg_spd=2.14m/s end=collision t= 1005.4s
[TRAIN][PPO] ep=068/500 r=  374.51 avg10=  401.98 steps=1215 succ10=0.50 touch10=0.50 col10=0.50 to10=0.00 min_d= 0.83 avg_spd=2.13m/s end=collision t= 1021.4s
[TRAIN][PPO] ep=069/500 r=  377.61 avg10=  379.82 steps=1240 succ10=0.40 touch10=0.40 col10=0.60 to10=0.00 min_d= 0.78 avg_spd=2.12m/s end=collision t= 1037.2s
[TRAIN][PPO] ep=070/500 r=  603.81 avg10=  403.59 steps=1423 succ10=0.50 touch10=0.50 col10=0.50 to10=0.00 min_d= 0.30 avg_spd=2.12m/s end=goal t= 1054.9s
[TRAIN][PPO] ep=071/500 r=  601.82 avg10=  403.70 steps=1415 succ10=0.50 touch10=0.50 col10=0.50 to10=0.00 min_d= 0.30 avg_spd=2.14m/s end=goal t= 1072.2s
[TRAIN][PPO] ep=072/500 r=  609.14 avg10=  404.21 steps=1455 succ10=0.50 touch10=0.50 col10=0.50 to10=0.00 min_d= 0.30 avg_spd=2.12m/s end=goal t= 1091.7s ckpt=best_goal
[TRAIN][PPO] ep=073/500 r=  384.41 avg10=  446.81 steps=1239 succ10=0.50 touch10=0.50 col10=0.50 to10=0.00 min_d= 0.81 avg_spd=2.13m/s end=collision t= 1107.3s
[TRAIN][PPO] ep=074/500 r=  600.17 avg10=  447.52 steps=1408 succ10=0.50 touch10=0.50 col10=0.50 to10=0.00 min_d= 0.30 avg_spd=2.15m/s end=goal t= 1124.1s
[TRAIN][PPO] ep=075/500 r=  364.38 avg10=  488.25 steps=1188 succ10=0.50 touch10=0.50 col10=0.50 to10=0.00 min_d= 0.81 avg_spd=2.13m/s end=collision t= 1138.4s
[TRAIN][PPO] ep=076/500 r=  591.80 avg10=  488.01 steps=1389 succ10=0.50 touch10=0.50 col10=0.50 to10=0.00 min_d= 0.30 avg_spd=2.13m/s end=goal t= 1156.9s
[TRAIN][PPO] ep=077/500 r=  382.67 avg10=  489.03 steps=1229 succ10=0.50 touch10=0.50 col10=0.50 to10=0.00 min_d= 0.77 avg_spd=2.13m/s end=collision t= 1172.2s
[TRAIN][PPO] ep=078/500 r=  360.29 avg10=  487.61 steps=1293 succ10=0.50 touch10=0.50 col10=0.50 to10=0.00 min_d= 0.79 avg_spd=2.15m/s end=collision t= 1188.0s
[TRAIN][PPO] ep=079/500 r=  375.34 avg10=  487.38 steps=1219 succ10=0.50 touch10=0.50 col10=0.50 to10=0.00 min_d= 0.80 avg_spd=2.12m/s end=collision t= 1202.9s
[TRAIN][PPO] ep=080/500 r=  380.46 avg10=  465.05 steps=1230 succ10=0.40 touch10=0.40 col10=0.60 to10=0.00 min_d= 0.78 avg_spd=2.15m/s end=collision t= 1220.1s
[TRAIN][PPO] ep=081/500 r=  374.18 avg10=  442.28 steps=1218 succ10=0.30 touch10=0.30 col10=0.70 to10=0.00 min_d= 0.84 avg_spd=2.14m/s end=collision t= 1234.9s
[TRAIN][PPO] ep=082/500 r=  379.01 avg10=  419.27 steps=1228 succ10=0.20 touch10=0.20 col10=0.80 to10=0.00 min_d= 0.82 avg_spd=2.14m/s end=collision t= 1249.4s
[TRAIN][PPO] ep=083/500 r=  369.92 avg10=  417.82 steps=1213 succ10=0.20 touch10=0.20 col10=0.80 to10=0.00 min_d= 0.77 avg_spd=2.12m/s end=collision t= 1263.7s
[TRAIN][PPO] ep=084/500 r=  389.07 avg10=  396.71 steps=1256 succ10=0.10 touch10=0.10 col10=0.90 to10=0.00 min_d= 0.74 avg_spd=2.12m/s end=collision t= 1280.0s
[TRAIN][PPO] ep=085/500 r=  590.51 avg10=  419.32 steps=1379 succ10=0.20 touch10=0.20 col10=0.80 to10=0.00 min_d= 0.30 avg_spd=2.13m/s end=goal t= 1296.9s
[TRAIN][PPO] ep=086/500 r=  598.95 avg10=  420.04 steps=1413 succ10=0.20 touch10=0.20 col10=0.80 to10=0.00 min_d= 0.30 avg_spd=2.14m/s end=goal t= 1313.9s
[TRAIN][PPO] ep=087/500 r=  590.55 avg10=  440.83 steps=1387 succ10=0.30 touch10=0.30 col10=0.70 to10=0.00 min_d= 0.30 avg_spd=2.13m/s end=goal t= 1330.5s
[TRAIN][PPO] ep=088/500 r=  368.79 avg10=  441.68 steps=1195 succ10=0.30 touch10=0.30 col10=0.70 to10=0.00 min_d= 0.78 avg_spd=2.14m/s end=collision t= 1346.6s
[TRAIN][PPO] ep=089/500 r=  376.06 avg10=  441.75 steps=1217 succ10=0.30 touch10=0.30 col10=0.70 to10=0.00 min_d= 0.80 avg_spd=2.13m/s end=collision t= 1361.2s
[TRAIN][PPO] ep=090/500 r=  596.99 avg10=  463.40 steps=1406 succ10=0.40 touch10=0.40 col10=0.60 to10=0.00 min_d= 0.30 avg_spd=2.14m/s end=goal t= 1377.7s
[TRAIN][PPO] ep=091/500 r=  594.64 avg10=  485.45 steps=1401 succ10=0.50 touch10=0.50 col10=0.50 to10=0.00 min_d= 0.30 avg_spd=2.15m/s end=goal t= 1394.4s
[TRAIN][PPO] ep=092/500 r=  376.27 avg10=  485.17 steps=1216 succ10=0.50 touch10=0.50 col10=0.50 to10=0.00 min_d= 0.82 avg_spd=2.15m/s end=collision t= 1410.3s
[TRAIN][PPO] ep=093/500 r=  370.14 avg10=  485.20 steps=1218 succ10=0.50 touch10=0.50 col10=0.50 to10=0.00 min_d= 0.80 avg_spd=2.12m/s end=collision t= 1424.9s
[TRAIN][PPO] ep=094/500 r=  365.59 avg10=  482.85 steps=1185 succ10=0.50 touch10=0.50 col10=0.50 to10=0.00 min_d= 0.85 avg_spd=2.13m/s end=collision t= 1439.0s
[TRAIN][PPO] ep=095/500 r=  366.59 avg10=  460.46 steps=1195 succ10=0.40 touch10=0.40 col10=0.60 to10=0.00 min_d= 0.81 avg_spd=2.13m/s end=collision t= 1453.0s
[TRAIN][PPO] ep=096/500 r=  375.57 avg10=  438.12 steps=1217 succ10=0.30 touch10=0.30 col10=0.70 to10=0.00 min_d= 0.77 avg_spd=2.15m/s end=collision t= 1468.7s
[TRAIN][PPO] ep=097/500 r=  365.90 avg10=  415.65 steps=1183 succ10=0.20 touch10=0.20 col10=0.80 to10=0.00 min_d= 0.82 avg_spd=2.14m/s end=collision t= 1482.7s
[TRAIN][PPO] ep=098/500 r=  600.16 avg10=  438.79 steps=1413 succ10=0.30 touch10=0.30 col10=0.70 to10=0.00 min_d= 0.30 avg_spd=2.12m/s end=goal t= 1499.6s
[TRAIN][PPO] ep=099/500 r=  386.44 avg10=  439.83 steps=1251 succ10=0.30 touch10=0.30 col10=0.70 to10=0.00 min_d= 0.80 avg_spd=2.13m/s end=collision t= 1514.4s
[TRAIN][PPO] ep=100/500 r=  363.95 avg10=  416.52 steps=1187 succ10=0.20 touch10=0.20 col10=0.80 to10=0.00 min_d= 0.83 avg_spd=2.14m/s end=collision t= 1530.1s ckpt=latest
[TRAIN][PPO] ep=101/500 r=  590.41 avg10=  416.10 steps=1379 succ10=0.20 touch10=0.20 col10=0.80 to10=0.00 min_d= 0.30 avg_spd=2.15m/s end=goal t= 1546.3s
[TRAIN][PPO] ep=102/500 r=  595.48 avg10=  438.02 steps=1397 succ10=0.30 touch10=0.30 col10=0.70 to10=0.00 min_d= 0.30 avg_spd=2.15m/s end=goal t= 1563.5s
[TRAIN][PPO] ep=103/500 r=  372.35 avg10=  438.24 steps=1229 succ10=0.30 touch10=0.30 col10=0.70 to10=0.00 min_d= 0.84 avg_spd=2.13m/s end=collision t= 1578.4s
[TRAIN][PPO] ep=104/500 r=  -30.22 avg10=  398.66 steps=  66 succ10=0.30 touch10=0.30 col10=0.70 to10=0.00 min_d= 3.87 avg_spd=2.18m/s end=collision t= 1580.1s
[TRAIN][PPO] ep=105/500 r=  369.78 avg10=  398.98 steps=1202 succ10=0.30 touch10=0.30 col10=0.70 to10=0.00 min_d= 0.85 avg_spd=2.13m/s end=collision t= 1594.7s
[TRAIN][PPO] ep=106/500 r=  381.48 avg10=  399.57 steps=1238 succ10=0.30 touch10=0.30 col10=0.70 to10=0.00 min_d= 0.80 avg_spd=2.14m/s end=collision t= 1609.7s
[TRAIN][PPO] ep=107/500 r=  325.82 avg10=  395.56 steps=1391 succ10=0.30 touch10=0.30 col10=0.70 to10=0.00 min_d= 0.87 avg_spd=2.12m/s end=collision t= 1626.4s
[TRAIN][PPO] ep=108/500 r=  373.55 avg10=  372.90 steps=1219 succ10=0.20 touch10=0.20 col10=0.80 to10=0.00 min_d= 0.84 avg_spd=2.11m/s end=collision t= 1642.4s
[TRAIN][PPO] ep=109/500 r=  366.01 avg10=  370.86 steps=1193 succ10=0.20 touch10=0.20 col10=0.80 to10=0.00 min_d= 0.82 avg_spd=2.15m/s end=collision t= 1657.1s
[TRAIN][PPO] ep=110/500 r=  380.50 avg10=  372.52 steps=1232 succ10=0.20 touch10=0.20 col10=0.80 to10=0.00 min_d= 0.83 avg_spd=2.13m/s end=collision t= 1672.0s
[TRAIN][PPO] ep=111/500 r=  207.16 avg10=  334.19 steps= 939 succ10=0.10 touch10=0.10 col10=0.90 to10=0.00 min_d= 1.87 avg_spd=2.12m/s end=collision t= 1683.3s
[TRAIN][PPO] ep=112/500 r=  375.38 avg10=  312.18 steps=1230 succ10=0.00 touch10=0.00 col10=1.00 to10=0.00 min_d= 0.82 avg_spd=2.13m/s end=collision t= 1698.9s
[TRAIN][PPO] ep=113/500 r=  351.44 avg10=  310.09 steps=1199 succ10=0.00 touch10=0.00 col10=1.00 to10=0.00 min_d= 0.95 avg_spd=2.12m/s end=collision t= 1713.1s
[TRAIN][PPO] ep=114/500 r=  369.15 avg10=  350.03 steps=1205 succ10=0.00 touch10=0.00 col10=1.00 to10=0.00 min_d= 0.82 avg_spd=2.13m/s end=collision t= 1727.7s
[TRAIN][PPO] ep=115/500 r=  364.06 avg10=  349.45 steps=1187 succ10=0.00 touch10=0.00 col10=1.00 to10=0.00 min_d= 0.84 avg_spd=2.15m/s end=collision t= 1741.9s
[TRAIN][PPO] ep=116/500 r=  359.38 avg10=  347.24 steps=1171 succ10=0.00 touch10=0.00 col10=1.00 to10=0.00 min_d= 0.83 avg_spd=2.16m/s end=collision t= 1757.2s
[TRAIN][PPO] ep=117/500 r=  371.17 avg10=  351.78 steps=1210 succ10=0.00 touch10=0.00 col10=1.00 to10=0.00 min_d= 0.82 avg_spd=2.11m/s end=collision t= 1771.6s
[TRAIN][PPO] ep=118/500 r=  370.00 avg10=  351.43 steps=1206 succ10=0.00 touch10=0.00 col10=1.00 to10=0.00 min_d= 0.81 avg_spd=2.13m/s end=collision t= 1786.2s
[TRAIN][PPO] ep=119/500 r=  366.75 avg10=  351.50 steps=1229 succ10=0.00 touch10=0.00 col10=1.00 to10=0.00 min_d= 0.86 avg_spd=2.12m/s end=collision t= 1800.9s
[TRAIN][PPO] ep=120/500 r=  376.82 avg10=  351.13 steps=1243 succ10=0.00 touch10=0.00 col10=1.00 to10=0.00 min_d= 0.76 avg_spd=2.15m/s end=collision t= 1816.6s
[TRAIN][PPO] ep=121/500 r=  354.75 avg10=  365.89 steps=1175 succ10=0.00 touch10=0.00 col10=1.00 to10=0.00 min_d= 0.95 avg_spd=2.13m/s end=collision t= 1830.9s
[TRAIN][PPO] ep=122/500 r=  356.62 avg10=  364.02 steps=1164 succ10=0.00 touch10=0.00 col10=1.00 to10=0.00 min_d= 0.84 avg_spd=2.15m/s end=collision t= 1845.1s
[TRAIN][PPO] ep=123/500 r=  330.93 avg10=  361.96 steps=1418 succ10=0.00 touch10=0.00 col10=1.00 to10=0.00 min_d= 0.88 avg_spd=2.14m/s end=collision t= 1862.4s
[TRAIN][PPO] ep=124/500 r=  330.90 avg10=  358.14 steps=1431 succ10=0.00 touch10=0.00 col10=1.00 to10=0.00 min_d= 0.88 avg_spd=2.14m/s end=collision t= 1880.9s
[TRAIN][PPO] ep=125/500 r=  359.16 avg10=  357.65 steps=1202 succ10=0.00 touch10=0.00 col10=1.00 to10=0.00 min_d= 0.93 avg_spd=2.13m/s end=collision t= 1895.5s
[TRAIN][PPO] ep=126/500 r=  593.63 avg10=  381.07 steps=1402 succ10=0.10 touch10=0.10 col10=0.90 to10=0.00 min_d= 0.30 avg_spd=2.12m/s end=goal t= 1912.5s
[TRAIN][PPO] ep=127/500 r=  372.52 avg10=  381.21 steps=1214 succ10=0.10 touch10=0.10 col10=0.90 to10=0.00 min_d= 0.83 avg_spd=2.13m/s end=collision t= 1927.4s
[TRAIN][PPO] ep=128/500 r=  597.39 avg10=  403.95 steps=1419 succ10=0.20 touch10=0.20 col10=0.80 to10=0.00 min_d= 0.30 avg_spd=2.14m/s end=goal t= 1946.3s
[TRAIN][PPO] ep=129/500 r=  591.35 avg10=  426.41 steps=1396 succ10=0.30 touch10=0.30 col10=0.70 to10=0.00 min_d= 0.30 avg_spd=2.15m/s end=goal t= 1963.8s
[TRAIN][PPO] ep=130/500 r=  601.59 avg10=  448.89 steps=1424 succ10=0.40 touch10=0.40 col10=0.60 to10=0.00 min_d= 0.30 avg_spd=2.14m/s end=goal t= 1981.5s
[TRAIN][PPO] ep=131/500 r=  394.25 avg10=  452.83 steps=1293 succ10=0.40 touch10=0.40 col10=0.60 to10=0.00 min_d= 0.74 avg_spd=2.12m/s end=collision t= 1997.9s
[TRAIN][PPO] ep=132/500 r=  596.89 avg10=  476.86 steps=1413 succ10=0.50 touch10=0.50 col10=0.50 to10=0.00 min_d= 0.30 avg_spd=2.14m/s end=goal t= 2016.7s
[TRAIN][PPO] ep=133/500 r=  594.61 avg10=  503.23 steps=1415 succ10=0.60 touch10=0.60 col10=0.40 to10=0.00 min_d= 0.30 avg_spd=2.13m/s end=goal t= 2034.3s
[TRAIN][PPO] ep=134/500 r=  605.20 avg10=  530.66 steps=1443 succ10=0.70 touch10=0.70 col10=0.30 to10=0.00 min_d= 0.30 avg_spd=2.13m/s end=goal t= 2051.7s
[TRAIN][PPO] ep=135/500 r=  -42.49 avg10=  490.49 steps=  25 succ10=0.70 touch10=0.70 col10=0.30 to10=0.00 min_d= 3.87 avg_spd=1.95m/s end=collision t= 2052.1s
[TRAIN][PPO] ep=136/500 r=  337.09 avg10=  464.84 steps=1419 succ10=0.60 touch10=0.60 col10=0.40 to10=0.00 min_d= 0.88 avg_spd=2.13m/s end=collision t= 2070.4s
[TRAIN][PPO] ep=137/500 r=  595.09 avg10=  487.10 steps=1410 succ10=0.70 touch10=0.70 col10=0.30 to10=0.00 min_d= 0.30 avg_spd=2.12m/s end=goal t= 2087.8s
[TRAIN][PPO] ep=138/500 r=  348.21 avg10=  462.18 steps=1161 succ10=0.60 touch10=0.60 col10=0.40 to10=0.00 min_d= 0.95 avg_spd=2.12m/s end=collision t= 2102.1s
[TRAIN][PPO] ep=139/500 r=  375.78 avg10=  440.62 steps=1228 succ10=0.50 touch10=0.50 col10=0.50 to10=0.00 min_d= 0.80 avg_spd=2.14m/s end=collision t= 2117.1s
[TRAIN][PPO] ep=140/500 r=  352.16 avg10=  415.68 steps=1327 succ10=0.40 touch10=0.40 col10=0.60 to10=0.00 min_d= 0.87 avg_spd=2.13m/s end=collision t= 2134.9s
[TRAIN][PPO] ep=141/500 r=  332.80 avg10=  409.53 steps=1459 succ10=0.40 touch10=0.40 col10=0.60 to10=0.00 min_d= 0.88 avg_spd=2.12m/s end=collision t= 2152.8s
[TRAIN][PPO] ep=142/500 r=  378.49 avg10=  387.69 steps=1292 succ10=0.30 touch10=0.30 col10=0.70 to10=0.00 min_d= 0.83 avg_spd=2.12m/s end=collision t= 2168.6s
[TRAIN][PPO] ep=143/500 r=  367.27 avg10=  364.96 steps=1198 succ10=0.20 touch10=0.20 col10=0.80 to10=0.00 min_d= 0.81 avg_spd=2.14m/s end=collision t= 2183.7s
[TRAIN][PPO] ep=144/500 r=  373.67 avg10=  341.81 steps=1230 succ10=0.10 touch10=0.10 col10=0.90 to10=0.00 min_d= 0.82 avg_spd=2.12m/s end=collision t= 2200.7s
[TRAIN][PPO] ep=145/500 r=  320.66 avg10=  378.12 steps=1442 succ10=0.10 touch10=0.10 col10=0.90 to10=0.00 min_d= 0.88 avg_spd=2.14m/s end=collision t= 2218.4s
[TRAIN][PPO] ep=146/500 r=  358.69 avg10=  380.28 steps=1228 succ10=0.10 touch10=0.10 col10=0.90 to10=0.00 min_d= 0.82 avg_spd=2.14m/s end=collision t= 2233.9s
[TRAIN][PPO] ep=147/500 r=  338.29 avg10=  354.60 steps=1443 succ10=0.00 touch10=0.00 col10=1.00 to10=0.00 min_d= 0.88 avg_spd=2.11m/s end=collision t= 2251.9s
[TRAIN][PPO] ep=148/500 r=  362.08 avg10=  355.99 steps=1246 succ10=0.00 touch10=0.00 col10=1.00 to10=0.00 min_d= 0.82 avg_spd=2.12m/s end=collision t= 2268.4s
[TRAIN][PPO] ep=149/500 r=  -42.73 avg10=  314.14 steps=  26 succ10=0.00 touch10=0.00 col10=1.00 to10=0.00 min_d= 3.87 avg_spd=2.19m/s end=collision t= 2268.8s
[TRAIN][PPO] ep=150/500 r=  359.56 avg10=  314.88 steps=1221 succ10=0.00 touch10=0.00 col10=1.00 to10=0.00 min_d= 0.91 avg_spd=2.14m/s end=collision t= 2283.9s
[TRAIN][PPO] ep=151/500 r=  348.40 avg10=  316.44 steps=1163 succ10=0.00 touch10=0.00 col10=1.00 to10=0.00 min_d= 0.95 avg_spd=2.11m/s end=collision t= 2298.0s
[TRAIN][PPO] ep=152/500 r=  365.15 avg10=  315.10 steps=1193 succ10=0.00 touch10=0.00 col10=1.00 to10=0.00 min_d= 0.85 avg_spd=2.11m/s end=collision t= 2313.6s
[TRAIN][PPO] ep=153/500 r=  374.20 avg10=  315.80 steps=1232 succ10=0.00 touch10=0.00 col10=1.00 to10=0.00 min_d= 0.84 avg_spd=2.12m/s end=collision t= 2328.8s
[TRAIN][PPO] ep=154/500 r=  360.76 avg10=  314.51 steps=1203 succ10=0.00 touch10=0.00 col10=1.00 to10=0.00 min_d= 0.94 avg_spd=2.13m/s end=collision t= 2343.9s
[TRAIN][PPO] ep=155/500 r=  371.48 avg10=  319.59 steps=1290 succ10=0.00 touch10=0.00 col10=1.00 to10=0.00 min_d= 0.84 avg_spd=2.12m/s end=collision t= 2359.2s
[TRAIN][PPO] ep=156/500 r=  364.50 avg10=  320.17 steps=1261 succ10=0.00 touch10=0.00 col10=1.00 to10=0.00 min_d= 0.82 avg_spd=2.13m/s end=collision t= 2374.9s
[TRAIN][PPO] ep=157/500 r=  598.56 avg10=  346.20 steps=1412 succ10=0.10 touch10=0.10 col10=0.90 to10=0.00 min_d= 0.30 avg_spd=2.13m/s end=goal t= 2392.2s
[TRAIN][PPO] ep=158/500 r=  340.05 avg10=  343.99 steps=1128 succ10=0.10 touch10=0.10 col10=0.90 to10=0.00 min_d= 0.95 avg_spd=2.15m/s end=collision t= 2406.5s
[TRAIN][PPO] ep=159/500 r=  365.65 avg10=  384.83 steps=1200 succ10=0.10 touch10=0.10 col10=0.90 to10=0.00 min_d= 0.79 avg_spd=2.14m/s end=collision t= 2421.3s
[TRAIN][PPO] ep=160/500 r=  367.45 avg10=  385.62 steps=1260 succ10=0.10 touch10=0.10 col10=0.90 to10=0.00 min_d= 0.82 avg_spd=2.15m/s end=collision t= 2438.2s
[TRAIN][PPO] ep=161/500 r=  380.46 avg10=  388.83 steps=1241 succ10=0.10 touch10=0.10 col10=0.90 to10=0.00 min_d= 0.73 avg_spd=2.13m/s end=collision t= 2453.8s
[TRAIN][PPO] ep=162/500 r=  599.97 avg10=  412.31 steps=1424 succ10=0.20 touch10=0.20 col10=0.80 to10=0.00 min_d= 0.30 avg_spd=2.12m/s end=goal t= 2471.0s
[TRAIN][PPO] ep=163/500 r=  599.73 avg10=  434.86 steps=1441 succ10=0.30 touch10=0.30 col10=0.70 to10=0.00 min_d= 0.30 avg_spd=2.12m/s end=goal t= 2489.1s
[TRAIN][PPO] ep=164/500 r=  366.32 avg10=  435.42 steps=1251 succ10=0.30 touch10=0.30 col10=0.70 to10=0.00 min_d= 0.82 avg_spd=2.14m/s end=collision t= 2506.9s
[TRAIN][PPO] ep=165/500 r=   81.63 avg10=  406.43 steps=1768 succ10=0.30 touch10=0.30 col10=0.70 to10=0.00 min_d= 0.95 avg_spd=2.11m/s end=collision t= 2529.6s
[TRAIN][PPO] ep=166/500 r=  -41.40 avg10=  365.84 steps=  34 succ10=0.30 touch10=0.30 col10=0.70 to10=0.00 min_d= 3.86 avg_spd=2.18m/s end=collision t= 2530.1s
[TRAIN][PPO] ep=167/500 r=  365.29 avg10=  342.51 steps=1221 succ10=0.20 touch10=0.20 col10=0.80 to10=0.00 min_d= 0.93 avg_spd=2.11m/s end=collision t= 2545.1s
[TRAIN][PPO] ep=168/500 r=  351.26 avg10=  343.64 steps=1178 succ10=0.20 touch10=0.20 col10=0.80 to10=0.00 min_d= 0.94 avg_spd=2.14m/s end=collision t= 2560.3s
[TRAIN][PPO] ep=169/500 r=  222.35 avg10=  329.31 steps=1590 succ10=0.20 touch10=0.20 col10=0.80 to10=0.00 min_d= 1.32 avg_spd=2.09m/s end=collision t= 2580.5s
[TRAIN][PPO] ep=170/500 r=  319.86 avg10=  324.55 steps=1427 succ10=0.20 touch10=0.20 col10=0.80 to10=0.00 min_d= 0.88 avg_spd=2.12m/s end=collision t= 2598.9s
[TRAIN][PPO] ep=171/500 r=  366.39 avg10=  323.14 steps=1293 succ10=0.20 touch10=0.20 col10=0.80 to10=0.00 min_d= 0.85 avg_spd=2.14m/s end=collision t= 2615.5s
[TRAIN][PPO] ep=172/500 r=  365.28 avg10=  299.67 steps=1258 succ10=0.10 touch10=0.10 col10=0.90 to10=0.00 min_d= 0.83 avg_spd=2.13m/s end=collision t= 2632.8s
[TRAIN][PPO] ep=173/500 r=  346.00 avg10=  274.30 steps=1166 succ10=0.00 touch10=0.00 col10=1.00 to10=0.00 min_d= 0.90 avg_spd=2.15m/s end=collision t= 2647.2s
[TRAIN][PPO] ep=174/500 r=  356.97 avg10=  273.36 steps=1171 succ10=0.00 touch10=0.00 col10=1.00 to10=0.00 min_d= 0.89 avg_spd=2.12m/s end=collision t= 2661.9s
[TRAIN][PPO] ep=175/500 r=  350.21 avg10=  300.22 steps=1361 succ10=0.00 touch10=0.00 col10=1.00 to10=0.00 min_d= 0.89 avg_spd=2.12m/s end=collision t= 2678.8s
[TRAIN][PPO] ep=176/500 r=  363.84 avg10=  340.74 steps=1214 succ10=0.00 touch10=0.00 col10=1.00 to10=0.00 min_d= 0.86 avg_spd=2.13m/s end=collision t= 2695.3s
[TRAIN][PPO] ep=177/500 r=  603.00 avg10=  364.51 steps=1448 succ10=0.10 touch10=0.10 col10=0.90 to10=0.00 min_d= 0.30 avg_spd=2.13m/s end=goal t= 2712.5s
[TRAIN][PPO] ep=178/500 r=  355.95 avg10=  364.98 steps=1253 succ10=0.10 touch10=0.10 col10=0.90 to10=0.00 min_d= 0.84 avg_spd=2.14m/s end=collision t= 2727.5s
[TRAIN][PPO] ep=179/500 r=  -32.62 avg10=  339.49 steps=  54 succ10=0.10 touch10=0.10 col10=0.90 to10=0.00 min_d= 3.86 avg_spd=2.09m/s end=collision t= 2728.2s
[TRAIN][PPO] ep=180/500 r=  368.21 avg10=  344.32 steps=1195 succ10=0.10 touch10=0.10 col10=0.90 to10=0.00 min_d= 0.84 avg_spd=2.14m/s end=collision t= 2743.1s
[TRAIN][PPO] ep=181/500 r=  343.25 avg10=  342.01 steps=1365 succ10=0.10 touch10=0.10 col10=0.90 to10=0.00 min_d= 0.89 avg_spd=2.09m/s end=collision t= 2758.9s
[TRAIN][PPO] ep=182/500 r=  374.42 avg10=  342.92 steps=1242 succ10=0.10 touch10=0.10 col10=0.90 to10=0.00 min_d= 0.75 avg_spd=2.12m/s end=collision t= 2772.8s
[TRAIN][PPO] ep=183/500 r=  365.72 avg10=  344.89 steps=1265 succ10=0.10 touch10=0.10 col10=0.90 to10=0.00 min_d= 0.84 avg_spd=2.15m/s end=collision t= 2787.3s
[TRAIN][PPO] ep=184/500 r=  -38.85 avg10=  305.31 steps=  40 succ10=0.10 touch10=0.10 col10=0.90 to10=0.00 min_d= 3.87 avg_spd=2.14m/s end=collision t= 2788.6s
[TRAIN][PPO] ep=185/500 r=  597.10 avg10=  330.00 steps=1421 succ10=0.20 touch10=0.20 col10=0.80 to10=0.00 min_d= 0.30 avg_spd=2.14m/s end=goal t= 2805.1s
[TRAIN][PPO] ep=186/500 r=  327.92 avg10=  326.41 steps=1394 succ10=0.20 touch10=0.20 col10=0.80 to10=0.00 min_d= 0.87 avg_spd=2.10m/s end=collision t= 2820.9s
[TRAIN][PPO] ep=187/500 r=  339.06 avg10=  300.02 steps=1366 succ10=0.10 touch10=0.10 col10=0.90 to10=0.00 min_d= 0.91 avg_spd=2.09m/s end=collision t= 2836.9s
[TRAIN][PPO] ep=188/500 r=  109.36 avg10=  275.36 steps=1737 succ10=0.10 touch10=0.10 col10=0.90 to10=0.00 min_d= 0.94 avg_spd=2.13m/s end=collision t= 2858.4s
[TRAIN][PPO] ep=189/500 r=  314.38 avg10=  310.06 steps=1418 succ10=0.10 touch10=0.10 col10=0.90 to10=0.00 min_d= 0.90 avg_spd=2.10m/s end=collision t= 2874.7s
[TRAIN][PPO] ep=190/500 r=  599.12 avg10=  333.15 steps=1433 succ10=0.20 touch10=0.20 col10=0.80 to10=0.00 min_d= 0.30 avg_spd=2.12m/s end=goal t= 2891.6s
[TRAIN][PPO] ep=191/500 r=  592.87 avg10=  358.11 steps=1403 succ10=0.30 touch10=0.30 col10=0.70 to10=0.00 min_d= 0.30 avg_spd=2.13m/s end=goal t= 2908.5s
[TRAIN][PPO] ep=192/500 r=   94.87 avg10=  330.15 steps=1801 succ10=0.30 touch10=0.30 col10=0.70 to10=0.00 min_d= 0.94 avg_spd=2.11m/s end=collision t= 2931.1s
[TRAIN][PPO] ep=193/500 r=  100.92 avg10=  303.67 steps=1827 succ10=0.30 touch10=0.30 col10=0.70 to10=0.00 min_d= 0.90 avg_spd=2.10m/s end=collision t= 2952.1s
[TRAIN][PPO] ep=194/500 r=   89.37 avg10=  316.50 steps=1768 succ10=0.30 touch10=0.30 col10=0.70 to10=0.00 min_d= 0.95 avg_spd=2.12m/s end=collision t= 2972.7s
[TRAIN][PPO] ep=195/500 r=  373.45 avg10=  294.13 steps=1217 succ10=0.20 touch10=0.20 col10=0.80 to10=0.00 min_d= 0.83 avg_spd=2.13m/s end=collision t= 2986.9s
[TRAIN][PPO] ep=196/500 r=  602.27 avg10=  321.57 steps=1427 succ10=0.30 touch10=0.30 col10=0.70 to10=0.00 min_d= 0.30 avg_spd=2.14m/s end=goal t= 3006.8s
[TRAIN][PPO] ep=197/500 r=  598.69 avg10=  347.53 steps=1413 succ10=0.40 touch10=0.40 col10=0.60 to10=0.00 min_d= 0.30 avg_spd=2.11m/s end=goal t= 3024.3s
[TRAIN][PPO] ep=198/500 r=  349.28 avg10=  371.52 steps=1346 succ10=0.40 touch10=0.40 col10=0.60 to10=0.00 min_d= 0.92 avg_spd=2.10m/s end=collision t= 3040.0s
[TRAIN][PPO] ep=199/500 r=  330.85 avg10=  373.17 steps=1403 succ10=0.40 touch10=0.40 col10=0.60 to10=0.00 min_d= 0.88 avg_spd=2.11m/s end=collision t= 3056.4s
[TRAIN][PPO] ep=200/500 r=  -36.10 avg10=  309.65 steps=  52 succ10=0.30 touch10=0.30 col10=0.70 to10=0.00 min_d= 3.86 avg_spd=2.20m/s end=collision t= 3058.0s ckpt=latest
[TRAIN][PPO] ep=201/500 r=   89.67 avg10=  259.33 steps=1778 succ10=0.20 touch10=0.20 col10=0.80 to10=0.00 min_d= 0.98 avg_spd=2.13m/s end=collision t= 3079.3s
[TRAIN][PPO] ep=202/500 r=  371.58 avg10=  287.00 steps=1209 succ10=0.20 touch10=0.20 col10=0.80 to10=0.00 min_d= 0.82 avg_spd=2.12m/s end=collision t= 3093.3s
[TRAIN][PPO] ep=203/500 r=   87.31 avg10=  285.64 steps=1766 succ10=0.20 touch10=0.20 col10=0.80 to10=0.00 min_d= 0.92 avg_spd=2.13m/s end=collision t= 3114.2s
[TRAIN][PPO] ep=204/500 r=  -38.07 avg10=  272.89 steps=  42 succ10=0.20 touch10=0.20 col10=0.80 to10=0.00 min_d= 3.87 avg_spd=2.17m/s end=collision t= 3115.9s
[TRAIN][PPO] ep=205/500 r=  -44.32 avg10=  231.12 steps=  20 succ10=0.20 touch10=0.20 col10=0.80 to10=0.00 min_d= 3.87 avg_spd=2.22m/s end=collision t= 3116.2s
[TRAIN][PPO] ep=206/500 r=  -32.81 avg10=  167.61 steps=  61 succ10=0.10 touch10=0.10 col10=0.90 to10=0.00 min_d= 3.86 avg_spd=2.17m/s end=collision t= 3117.0s
[TRAIN][PPO] ep=207/500 r=  360.07 avg10=  143.75 steps=1271 succ10=0.00 touch10=0.00 col10=1.00 to10=0.00 min_d= 0.83 avg_spd=2.12m/s end=collision t= 3132.7s
[TRAIN][PPO] ep=208/500 r=  588.21 avg10=  167.64 steps=1386 succ10=0.10 touch10=0.10 col10=0.90 to10=0.00 min_d= 0.30 avg_spd=2.14m/s end=goal t= 3150.8s
[TRAIN][PPO] ep=209/500 r=  373.56 avg10=  171.91 steps=1224 succ10=0.10 touch10=0.10 col10=0.90 to10=0.00 min_d= 0.79 avg_spd=2.12m/s end=collision t= 3165.8s
[TRAIN][PPO] ep=210/500 r=  600.34 avg10=  235.55 steps=1446 succ10=0.20 touch10=0.20 col10=0.80 to10=0.00 min_d= 0.30 avg_spd=2.12m/s end=goal t= 3183.6s
[TRAIN][PPO] ep=211/500 r=  346.87 avg10=  261.27 steps=1430 succ10=0.20 touch10=0.20 col10=0.80 to10=0.00 min_d= 0.87 avg_spd=2.08m/s end=collision t= 3201.2s
[TRAIN][PPO] ep=212/500 r=   90.65 avg10=  233.18 steps=1751 succ10=0.20 touch10=0.20 col10=0.80 to10=0.00 min_d= 1.01 avg_spd=2.10m/s end=collision t= 3224.7s
[TRAIN][PPO] ep=213/500 r=   91.44 avg10=  233.59 steps=1763 succ10=0.20 touch10=0.20 col10=0.80 to10=0.00 min_d= 1.00 avg_spd=2.15m/s end=collision t= 3246.7s
[TRAIN][PPO] ep=214/500 r=  601.94 avg10=  297.59 steps=1430 succ10=0.30 touch10=0.30 col10=0.70 to10=0.00 min_d= 0.30 avg_spd=2.11m/s end=goal t= 3264.8s
[TRAIN][PPO] ep=215/500 r=  591.42 avg10=  361.17 steps=1499 succ10=0.40 touch10=0.40 col10=0.60 to10=0.00 min_d= 0.30 avg_spd=2.12m/s end=goal t= 3283.2s
[TRAIN][PPO] ep=216/500 r=   95.11 avg10=  373.96 steps=1760 succ10=0.40 touch10=0.40 col10=0.60 to10=0.00 min_d= 0.99 avg_spd=2.12m/s end=collision t= 3307.2s
[TRAIN][PPO] ep=217/500 r=  593.10 avg10=  397.26 steps=1549 succ10=0.50 touch10=0.50 col10=0.50 to10=0.00 min_d= 0.30 avg_spd=2.10m/s end=goal t= 3326.3s
[TRAIN][PPO] ep=218/500 r=  357.51 avg10=  374.19 steps=1169 succ10=0.40 touch10=0.40 col10=0.60 to10=0.00 min_d= 0.84 avg_spd=2.14m/s end=collision t= 3341.0s
[TRAIN][PPO] ep=219/500 r=  607.86 avg10=  397.62 steps=1445 succ10=0.50 touch10=0.50 col10=0.50 to10=0.00 min_d= 0.30 avg_spd=2.13m/s end=goal t= 3358.8s
[TRAIN][PPO] ep=220/500 r=  383.70 avg10=  375.96 steps=1247 succ10=0.40 touch10=0.40 col10=0.60 to10=0.00 min_d= 0.79 avg_spd=2.11m/s end=collision t= 3375.3s
[TRAIN][PPO] ep=221/500 r=  591.00 avg10=  400.37 steps=1404 succ10=0.50 touch10=0.50 col10=0.50 to10=0.00 min_d= 0.30 avg_spd=2.14m/s end=goal t= 3392.3s
[TRAIN][PPO] ep=222/500 r=   84.02 avg10=  399.71 steps=1776 succ10=0.50 touch10=0.50 col10=0.50 to10=0.00 min_d= 0.96 avg_spd=2.13m/s end=collision t= 3414.3s
[TRAIN][PPO] ep=223/500 r=  607.06 avg10=  451.27 steps=1455 succ10=0.60 touch10=0.60 col10=0.40 to10=0.00 min_d= 0.30 avg_spd=2.13m/s end=goal t= 3433.1s
[TRAIN][PPO] ep=224/500 r=  594.40 avg10=  450.52 steps=1411 succ10=0.60 touch10=0.60 col10=0.40 to10=0.00 min_d= 0.30 avg_spd=2.14m/s end=goal t= 3451.8s
[TRAIN][PPO] ep=225/500 r=  571.56 avg10=  448.53 steps=1477 succ10=0.60 touch10=0.60 col10=0.40 to10=0.00 min_d= 0.30 avg_spd=2.12m/s end=goal t= 3468.8s
[TRAIN][PPO] ep=226/500 r=  589.13 avg10=  497.93 steps=1403 succ10=0.70 touch10=0.70 col10=0.30 to10=0.00 min_d= 0.30 avg_spd=2.12m/s end=goal t= 3485.9s
[TRAIN][PPO] ep=227/500 r=  592.02 avg10=  497.83 steps=1444 succ10=0.70 touch10=0.70 col10=0.30 to10=0.00 min_d= 0.30 avg_spd=2.13m/s end=goal t= 3503.8s
[TRAIN][PPO] ep=228/500 r=  598.05 avg10=  521.88 steps=1432 succ10=0.80 touch10=0.80 col10=0.20 to10=0.00 min_d= 0.30 avg_spd=2.13m/s end=goal t= 3522.5s
[TRAIN][PPO] ep=229/500 r=   92.62 avg10=  470.36 steps=1786 succ10=0.70 touch10=0.70 col10=0.30 to10=0.00 min_d= 0.96 avg_spd=2.12m/s end=collision t= 3544.2s
[TRAIN][PPO] ep=230/500 r=  608.91 avg10=  492.88 steps=1467 succ10=0.80 touch10=0.80 col10=0.20 to10=0.00 min_d= 0.30 avg_spd=2.12m/s end=goal t= 3562.3s
[TRAIN][PPO] ep=231/500 r=  606.80 avg10=  494.46 steps=1464 succ10=0.80 touch10=0.80 col10=0.20 to10=0.00 min_d= 0.30 avg_spd=2.10m/s end=goal t= 3580.1s
[TRAIN][PPO] ep=232/500 r=  603.99 avg10=  546.46 steps=1445 succ10=0.90 touch10=0.90 col10=0.10 to10=0.00 min_d= 0.30 avg_spd=2.12m/s end=goal t= 3599.1s
[TRAIN][PPO] ep=233/500 r=  601.36 avg10=  545.88 steps=1546 succ10=0.90 touch10=0.90 col10=0.10 to10=0.00 min_d= 0.30 avg_spd=2.09m/s end=goal t= 3617.3s
[TRAIN][PPO] ep=234/500 r=  594.84 avg10=  545.93 steps=1421 succ10=0.90 touch10=0.90 col10=0.10 to10=0.00 min_d= 0.30 avg_spd=2.12m/s end=goal t= 3634.9s
[TRAIN][PPO] ep=235/500 r=  601.68 avg10=  548.94 steps=1440 succ10=0.90 touch10=0.90 col10=0.10 to10=0.00 min_d= 0.30 avg_spd=2.11m/s end=goal t= 3652.3s
[TRAIN][PPO] ep=236/500 r=  602.36 avg10=  550.26 steps=1452 succ10=0.90 touch10=0.90 col10=0.10 to10=0.00 min_d= 0.30 avg_spd=2.12m/s end=goal t= 3671.1s
[TRAIN][PPO] ep=237/500 r=  596.52 avg10=  550.71 steps=1432 succ10=0.90 touch10=0.90 col10=0.10 to10=0.00 min_d= 0.30 avg_spd=2.13m/s end=goal t= 3688.9s
[TRAIN][PPO] ep=238/500 r=  589.45 avg10=  549.85 steps=1405 succ10=0.90 touch10=0.90 col10=0.10 to10=0.00 min_d= 0.30 avg_spd=2.12m/s end=goal t= 3707.1s
[TRAIN][PPO] ep=239/500 r=  602.76 avg10=  600.87 steps=1461 succ10=1.00 touch10=1.00 col10=0.00 to10=0.00 min_d= 0.30 avg_spd=2.11m/s end=goal t= 3726.2s
[TRAIN][PPO] ep=240/500 r=  600.71 avg10=  600.05 steps=1443 succ10=1.00 touch10=1.00 col10=0.00 to10=0.00 min_d= 0.30 avg_spd=2.12m/s end=goal t= 3745.5s
[TRAIN][PPO] ep=241/500 r=  595.62 avg10=  598.93 steps=1409 succ10=1.00 touch10=1.00 col10=0.00 to10=0.00 min_d= 0.30 avg_spd=2.11m/s end=goal t= 3763.1s
[TRAIN][PPO] ep=242/500 r=  589.41 avg10=  597.47 steps=1399 succ10=1.00 touch10=1.00 col10=0.00 to10=0.00 min_d= 0.30 avg_spd=2.13m/s end=goal t= 3780.1s
[TRAIN][PPO] ep=243/500 r=  591.32 avg10=  596.47 steps=1461 succ10=1.00 touch10=1.00 col10=0.00 to10=0.00 min_d= 0.30 avg_spd=2.09m/s end=goal t= 3798.7s
[TRAIN][PPO] ep=244/500 r=  587.30 avg10=  595.71 steps=1391 succ10=1.00 touch10=1.00 col10=0.00 to10=0.00 min_d= 0.30 avg_spd=2.14m/s end=goal t= 3818.2s
[TRAIN][PPO] ep=245/500 r=  597.14 avg10=  595.26 steps=1427 succ10=1.00 touch10=1.00 col10=0.00 to10=0.00 min_d= 0.30 avg_spd=2.12m/s end=goal t= 3835.8s
[TRAIN][PPO] ep=246/500 r=  587.55 avg10=  593.78 steps=1417 succ10=1.00 touch10=1.00 col10=0.00 to10=0.00 min_d= 0.30 avg_spd=2.12m/s end=goal t= 3853.1s
[TRAIN][PPO] ep=247/500 r=  603.99 avg10=  594.53 steps=1450 succ10=1.00 touch10=1.00 col10=0.00 to10=0.00 min_d= 0.30 avg_spd=2.12m/s end=goal t= 3871.0s
[TRAIN][PPO] ep=248/500 r=  606.63 avg10=  596.24 steps=1462 succ10=1.00 touch10=1.00 col10=0.00 to10=0.00 min_d= 0.30 avg_spd=2.12m/s end=goal t= 3890.4s
[TRAIN][PPO] ep=249/500 r=  595.47 avg10=  595.51 steps=1417 succ10=1.00 touch10=1.00 col10=0.00 to10=0.00 min_d= 0.30 avg_spd=2.13m/s end=goal t= 3907.3s
[TRAIN][PPO] ep=250/500 r=  591.10 avg10=  594.55 steps=1420 succ10=1.00 touch10=1.00 col10=0.00 to10=0.00 min_d= 0.30 avg_spd=2.14m/s end=goal t= 3924.7s
[TRAIN][PPO] ep=251/500 r=  593.98 avg10=  594.39 steps=1419 succ10=1.00 touch10=1.00 col10=0.00 to10=0.00 min_d= 0.30 avg_spd=2.10m/s end=goal t= 3942.6s
[TRAIN][PPO] ep=252/500 r=  601.57 avg10=  595.60 steps=1428 succ10=1.00 touch10=1.00 col10=0.00 to10=0.00 min_d= 0.30 avg_spd=2.12m/s end=goal t= 3962.8s
[TRAIN][PPO] ep=253/500 r=  598.89 avg10=  596.36 steps=1446 succ10=1.00 touch10=1.00 col10=0.00 to10=0.00 min_d= 0.30 avg_spd=2.10m/s end=goal t= 3980.4s
[TRAIN][PPO] ep=254/500 r=  598.06 avg10=  597.44 steps=1511 succ10=1.00 touch10=1.00 col10=0.00 to10=0.00 min_d= 0.30 avg_spd=2.10m/s end=goal t= 3998.8s
[TRAIN][PPO] ep=255/500 r=  604.06 avg10=  598.13 steps=1441 succ10=1.00 touch10=1.00 col10=0.00 to10=0.00 min_d= 0.30 avg_spd=2.14m/s end=goal t= 4016.7s
[TRAIN][PPO] ep=256/500 r=   83.28 avg10=  547.70 steps=1818 succ10=0.90 touch10=0.90 col10=0.10 to10=0.00 min_d= 0.95 avg_spd=2.12m/s end=collision t= 4040.9s
[TRAIN][PPO] ep=257/500 r=  596.19 avg10=  546.92 steps=1416 succ10=0.90 touch10=0.90 col10=0.10 to10=0.00 min_d= 0.30 avg_spd=2.12m/s end=goal t= 4058.8s
[TRAIN][PPO] ep=258/500 r=  595.20 avg10=  545.78 steps=1411 succ10=0.90 touch10=0.90 col10=0.10 to10=0.00 min_d= 0.30 avg_spd=2.12m/s end=goal t= 4076.9s
[TRAIN][PPO] ep=259/500 r=  605.51 avg10=  546.78 steps=1440 succ10=0.90 touch10=0.90 col10=0.10 to10=0.00 min_d= 0.30 avg_spd=2.12m/s end=goal t= 4095.3s
[TRAIN][PPO] ep=260/500 r=  605.65 avg10=  548.24 steps=1440 succ10=0.90 touch10=0.90 col10=0.10 to10=0.00 min_d= 0.30 avg_spd=2.11m/s end=goal t= 4114.3s
[TRAIN][PPO] ep=261/500 r=  588.62 avg10=  547.70 steps=1437 succ10=0.90 touch10=0.90 col10=0.10 to10=0.00 min_d= 0.30 avg_spd=2.11m/s end=goal t= 4131.8s
[TRAIN][PPO] ep=262/500 r=  590.23 avg10=  546.57 steps=1445 succ10=0.90 touch10=0.90 col10=0.10 to10=0.00 min_d= 0.30 avg_spd=2.11m/s end=goal t= 4148.4s
[TRAIN][PPO] ep=263/500 r=  591.22 avg10=  545.80 steps=1402 succ10=0.90 touch10=0.90 col10=0.10 to10=0.00 min_d= 0.30 avg_spd=2.13m/s end=goal t= 4164.3s
[TRAIN][PPO] ep=264/500 r=  603.29 avg10=  546.32 steps=1426 succ10=0.90 touch10=0.90 col10=0.10 to10=0.00 min_d= 0.30 avg_spd=2.12m/s end=goal t= 4182.6s
[TRAIN][PPO] ep=265/500 r=  588.74 avg10=  544.79 steps=1388 succ10=0.90 touch10=0.90 col10=0.10 to10=0.00 min_d= 0.30 avg_spd=2.14m/s end=goal t= 4199.7s
[TRAIN][PPO] ep=266/500 r=  599.16 avg10=  596.38 steps=1445 succ10=1.00 touch10=1.00 col10=0.00 to10=0.00 min_d= 0.30 avg_spd=2.11m/s end=goal t= 4217.0s
[TRAIN][PPO] ep=267/500 r=  602.88 avg10=  597.05 steps=1451 succ10=1.00 touch10=1.00 col10=0.00 to10=0.00 min_d= 0.30 avg_spd=2.12m/s end=goal t= 4234.1s
[TRAIN][PPO] ep=268/500 r=   99.17 avg10=  547.45 steps=1839 succ10=0.90 touch10=0.90 col10=0.10 to10=0.00 min_d= 0.97 avg_spd=2.12m/s end=collision t= 4257.4s
[TRAIN][PPO] ep=269/500 r=  360.74 avg10=  522.97 steps=1254 succ10=0.80 touch10=0.80 col10=0.20 to10=0.00 min_d= 0.88 avg_spd=2.11m/s end=collision t= 4272.6s
[TRAIN][PPO] ep=270/500 r=  606.77 avg10=  523.08 steps=1472 succ10=0.80 touch10=0.80 col10=0.20 to10=0.00 min_d= 0.30 avg_spd=2.11m/s end=goal t= 4290.0s
[TRAIN][PPO] ep=271/500 r=  605.75 avg10=  524.80 steps=1445 succ10=0.80 touch10=0.80 col10=0.20 to10=0.00 min_d= 0.30 avg_spd=2.11m/s end=goal t= 4307.3s
[TRAIN][PPO] ep=272/500 r=  596.88 avg10=  525.46 steps=1417 succ10=0.80 touch10=0.80 col10=0.20 to10=0.00 min_d= 0.30 avg_spd=2.14m/s end=goal t= 4325.5s
[TRAIN][PPO] ep=273/500 r=  594.15 avg10=  525.75 steps=1400 succ10=0.80 touch10=0.80 col10=0.20 to10=0.00 min_d= 0.30 avg_spd=2.13m/s end=goal t= 4341.8s
[TRAIN][PPO] ep=274/500 r=  592.95 avg10=  524.72 steps=1460 succ10=0.80 touch10=0.80 col10=0.20 to10=0.00 min_d= 0.30 avg_spd=2.11m/s end=goal t= 4359.7s
[TRAIN][PPO] ep=275/500 r=  586.21 avg10=  524.47 steps=1487 succ10=0.80 touch10=0.80 col10=0.20 to10=0.00 min_d= 0.30 avg_spd=2.13m/s end=goal t= 4377.2s
[TRAIN][PPO] ep=276/500 r=  596.19 avg10=  524.17 steps=1420 succ10=0.80 touch10=0.80 col10=0.20 to10=0.00 min_d= 0.30 avg_spd=2.12m/s end=goal t= 4395.3s
[TRAIN][PPO] ep=277/500 r=  -36.57 avg10=  460.22 steps=  48 succ10=0.70 touch10=0.70 col10=0.30 to10=0.00 min_d= 3.86 avg_spd=2.10m/s end=collision t= 4396.0s
[TRAIN][PPO] ep=278/500 r=  601.37 avg10=  510.44 steps=1425 succ10=0.80 touch10=0.80 col10=0.20 to10=0.00 min_d= 0.30 avg_spd=2.12m/s end=goal t= 4413.2s
[TRAIN][PPO] ep=279/500 r=  597.53 avg10=  534.12 steps=1417 succ10=0.90 touch10=0.90 col10=0.10 to10=0.00 min_d= 0.30 avg_spd=2.13m/s end=goal t= 4429.3s
[TRAIN][PPO] ep=280/500 r=  598.23 avg10=  533.27 steps=1472 succ10=0.90 touch10=0.90 col10=0.10 to10=0.00 min_d= 0.30 avg_spd=2.13m/s end=goal t= 4447.6s
[TRAIN][PPO] ep=281/500 r=  591.47 avg10=  531.84 steps=1390 succ10=0.90 touch10=0.90 col10=0.10 to10=0.00 min_d= 0.30 avg_spd=2.13m/s end=goal t= 4464.4s
[TRAIN][PPO] ep=282/500 r=  595.87 avg10=  531.74 steps=1415 succ10=0.90 touch10=0.90 col10=0.10 to10=0.00 min_d= 0.30 avg_spd=2.12m/s end=goal t= 4480.9s
[TRAIN][PPO] ep=283/500 r=  597.87 avg10=  532.11 steps=1420 succ10=0.90 touch10=0.90 col10=0.10 to10=0.00 min_d= 0.30 avg_spd=2.14m/s end=goal t= 4497.2s
[TRAIN][PPO] ep=284/500 r=  593.65 avg10=  532.18 steps=1405 succ10=0.90 touch10=0.90 col10=0.10 to10=0.00 min_d= 0.30 avg_spd=2.13m/s end=goal t= 4515.1s
[TRAIN][PPO] ep=285/500 r=  587.94 avg10=  532.36 steps=1385 succ10=0.90 touch10=0.90 col10=0.10 to10=0.00 min_d= 0.30 avg_spd=2.14m/s end=goal t= 4531.6s
[TRAIN][PPO] ep=286/500 r=  601.47 avg10=  532.88 steps=1422 succ10=0.90 touch10=0.90 col10=0.10 to10=0.00 min_d= 0.30 avg_spd=2.14m/s end=goal t= 4548.1s
[TRAIN][PPO] ep=287/500 r=  592.70 avg10=  595.81 steps=1450 succ10=1.00 touch10=1.00 col10=0.00 to10=0.00 min_d= 0.30 avg_spd=2.13m/s end=goal t= 4564.9s
[TRAIN][PPO] ep=288/500 r=  589.26 avg10=  594.60 steps=1387 succ10=1.00 touch10=1.00 col10=0.00 to10=0.00 min_d= 0.30 avg_spd=2.14m/s end=goal t= 4583.1s
[TRAIN][PPO] ep=289/500 r=  584.81 avg10=  593.33 steps=1391 succ10=1.00 touch10=1.00 col10=0.00 to10=0.00 min_d= 0.30 avg_spd=2.13m/s end=goal t= 4599.9s
[TRAIN][PPO] ep=290/500 r=  605.85 avg10=  594.09 steps=1440 succ10=1.00 touch10=1.00 col10=0.00 to10=0.00 min_d= 0.30 avg_spd=2.13m/s end=goal t= 4616.7s
[TRAIN][PPO] ep=291/500 r=  593.84 avg10=  594.32 steps=1516 succ10=1.00 touch10=1.00 col10=0.00 to10=0.00 min_d= 0.30 avg_spd=2.12m/s end=goal t= 4633.8s
[TRAIN][PPO] ep=292/500 r=  599.26 avg10=  594.66 steps=1419 succ10=1.00 touch10=1.00 col10=0.00 to10=0.00 min_d= 0.30 avg_spd=2.13m/s end=goal t= 4651.4s
[TRAIN][PPO] ep=293/500 r=  595.48 avg10=  594.42 steps=1406 succ10=1.00 touch10=1.00 col10=0.00 to10=0.00 min_d= 0.30 avg_spd=2.12m/s end=goal t= 4667.4s
[TRAIN][PPO] ep=294/500 r=  590.52 avg10=  594.11 steps=1395 succ10=1.00 touch10=1.00 col10=0.00 to10=0.00 min_d= 0.30 avg_spd=2.13m/s end=goal t= 4683.7s
[TRAIN][PPO] ep=295/500 r=  582.43 avg10=  593.56 steps=1506 succ10=1.00 touch10=1.00 col10=0.00 to10=0.00 min_d= 0.30 avg_spd=2.11m/s end=goal t= 4701.2s
[TRAIN][PPO] ep=296/500 r=  599.37 avg10=  593.35 steps=1416 succ10=1.00 touch10=1.00 col10=0.00 to10=0.00 min_d= 0.30 avg_spd=2.11m/s end=goal t= 4718.9s
[TRAIN][PPO] ep=297/500 r=  598.60 avg10=  593.94 steps=1414 succ10=1.00 touch10=1.00 col10=0.00 to10=0.00 min_d= 0.30 avg_spd=2.13m/s end=goal t= 4735.5s
[TRAIN][PPO] ep=298/500 r=  586.58 avg10=  593.67 steps=1374 succ10=1.00 touch10=1.00 col10=0.00 to10=0.00 min_d= 0.30 avg_spd=2.13m/s end=goal t= 4751.8s
[TRAIN][PPO] ep=299/500 r=  599.00 avg10=  595.09 steps=1412 succ10=1.00 touch10=1.00 col10=0.00 to10=0.00 min_d= 0.30 avg_spd=2.13m/s end=goal t= 4767.7s
[TRAIN][PPO] ep=300/500 r=  599.68 avg10=  594.48 steps=1553 succ10=1.00 touch10=1.00 col10=0.00 to10=0.00 min_d= 0.30 avg_spd=2.11m/s end=goal t= 4787.1s ckpt=latest
[TRAIN][PPO] ep=301/500 r=  593.56 avg10=  594.45 steps=1397 succ10=1.00 touch10=1.00 col10=0.00 to10=0.00 min_d= 0.30 avg_spd=2.11m/s end=goal t= 4803.6s
[TRAIN][PPO] ep=302/500 r=  584.73 avg10=  593.00 steps=1370 succ10=1.00 touch10=1.00 col10=0.00 to10=0.00 min_d= 0.30 avg_spd=2.14m/s end=goal t= 4820.3s
[TRAIN][PPO] ep=303/500 r=  612.85 avg10=  594.73 steps=1461 succ10=1.00 touch10=1.00 col10=0.00 to10=0.00 min_d= 0.30 avg_spd=2.10m/s end=goal t= 4837.7s ckpt=best_goal
[TRAIN][PPO] ep=304/500 r=  592.49 avg10=  594.93 steps=1416 succ10=1.00 touch10=1.00 col10=0.00 to10=0.00 min_d= 0.30 avg_spd=2.13m/s end=goal t= 4858.1s
[TRAIN][PPO] ep=305/500 r=  597.68 avg10=  596.45 steps=1418 succ10=1.00 touch10=1.00 col10=0.00 to10=0.00 min_d= 0.30 avg_spd=2.13m/s end=goal t= 4875.1s
[TRAIN][PPO] ep=306/500 r=  600.26 avg10=  596.54 steps=1416 succ10=1.00 touch10=1.00 col10=0.00 to10=0.00 min_d= 0.30 avg_spd=2.12m/s end=goal t= 4891.9s
[TRAIN][PPO] ep=307/500 r=  598.31 avg10=  596.52 steps=1421 succ10=1.00 touch10=1.00 col10=0.00 to10=0.00 min_d= 0.30 avg_spd=2.12m/s end=goal t= 4908.8s
[TRAIN][PPO] ep=308/500 r=  595.69 avg10=  597.43 steps=1415 succ10=1.00 touch10=1.00 col10=0.00 to10=0.00 min_d= 0.30 avg_spd=2.13m/s end=goal t= 4927.5s
[TRAIN][PPO] ep=309/500 r=  597.43 avg10=  597.27 steps=1408 succ10=1.00 touch10=1.00 col10=0.00 to10=0.00 min_d= 0.30 avg_spd=2.13m/s end=goal t= 4944.5s
[TRAIN][PPO] ep=310/500 r=  596.09 avg10=  596.91 steps=1500 succ10=1.00 touch10=1.00 col10=0.00 to10=0.00 min_d= 0.30 avg_spd=2.13m/s end=goal t= 4962.3s
[TRAIN][PPO] ep=311/500 r=  601.39 avg10=  597.69 steps=1440 succ10=1.00 touch10=1.00 col10=0.00 to10=0.00 min_d= 0.30 avg_spd=2.11m/s end=goal t= 4979.5s
[TRAIN][PPO] ep=312/500 r=  604.78 avg10=  599.70 steps=1431 succ10=1.00 touch10=1.00 col10=0.00 to10=0.00 min_d= 0.30 avg_spd=2.13m/s end=goal t= 4998.4s
[TRAIN][PPO] ep=313/500 r=  357.15 avg10=  574.13 steps=1282 succ10=0.90 touch10=0.90 col10=0.10 to10=0.00 min_d= 0.84 avg_spd=2.10m/s end=collision t= 5014.1s
[TRAIN][PPO] ep=314/500 r=  602.43 avg10=  575.12 steps=1419 succ10=0.90 touch10=0.90 col10=0.10 to10=0.00 min_d= 0.30 avg_spd=2.12m/s end=goal t= 5031.1s
[TRAIN][PPO] ep=315/500 r=  593.76 avg10=  574.73 steps=1387 succ10=0.90 touch10=0.90 col10=0.10 to10=0.00 min_d= 0.30 avg_spd=2.13m/s end=goal t= 5047.8s
[TRAIN][PPO] ep=316/500 r=  605.74 avg10=  575.28 steps=1432 succ10=0.90 touch10=0.90 col10=0.10 to10=0.00 min_d= 0.30 avg_spd=2.13m/s end=goal t= 5066.3s
[TRAIN][PPO] ep=317/500 r=  -37.77 avg10=  511.67 steps=  43 succ10=0.80 touch10=0.80 col10=0.20 to10=0.00 min_d= 3.86 avg_spd=2.19m/s end=collision t= 5066.9s
[TRAIN][PPO] ep=318/500 r=  603.50 avg10=  512.45 steps=1429 succ10=0.80 touch10=0.80 col10=0.20 to10=0.00 min_d= 0.30 avg_spd=2.13m/s end=goal t= 5084.0s
[TRAIN][PPO] ep=319/500 r=  596.85 avg10=  512.39 steps=1404 succ10=0.80 touch10=0.80 col10=0.20 to10=0.00 min_d= 0.30 avg_spd=2.14m/s end=goal t= 5100.9s
[TRAIN][PPO] ep=320/500 r=  581.04 avg10=  510.89 steps=1360 succ10=0.80 touch10=0.80 col10=0.20 to10=0.00 min_d= 0.30 avg_spd=2.16m/s end=goal t= 5118.6s
[TRAIN][PPO] ep=321/500 r=  576.87 avg10=  508.44 steps=1465 succ10=0.80 touch10=0.80 col10=0.20 to10=0.00 min_d= 0.30 avg_spd=2.12m/s end=goal t= 5136.2s
[TRAIN][PPO] ep=322/500 r=  593.59 avg10=  507.32 steps=1409 succ10=0.80 touch10=0.80 col10=0.20 to10=0.00 min_d= 0.30 avg_spd=2.13m/s end=goal t= 5153.1s
[TRAIN][PPO] ep=323/500 r=  597.31 avg10=  531.33 steps=1420 succ10=0.90 touch10=0.90 col10=0.10 to10=0.00 min_d= 0.30 avg_spd=2.12m/s end=goal t= 5168.8s
[TRAIN][PPO] ep=324/500 r=  597.92 avg10=  530.88 steps=1406 succ10=0.90 touch10=0.90 col10=0.10 to10=0.00 min_d= 0.30 avg_spd=2.14m/s end=goal t= 5186.8s
[TRAIN][PPO] ep=325/500 r=  596.86 avg10=  531.19 steps=1404 succ10=0.90 touch10=0.90 col10=0.10 to10=0.00 min_d= 0.30 avg_spd=2.15m/s end=goal t= 5203.5s
[TRAIN][PPO] ep=326/500 r=  605.10 avg10=  531.13 steps=1427 succ10=0.90 touch10=0.90 col10=0.10 to10=0.00 min_d= 0.30 avg_spd=2.12m/s end=goal t= 5220.4s
[TRAIN][PPO] ep=327/500 r=  605.33 avg10=  595.44 steps=1426 succ10=1.00 touch10=1.00 col10=0.00 to10=0.00 min_d= 0.30 avg_spd=2.14m/s end=goal t= 5237.6s
[TRAIN][PPO] ep=328/500 r=  596.84 avg10=  594.77 steps=1396 succ10=1.00 touch10=1.00 col10=0.00 to10=0.00 min_d= 0.30 avg_spd=2.15m/s end=goal t= 5257.2s
[TRAIN][PPO] ep=329/500 r=  602.60 avg10=  595.35 steps=1439 succ10=1.00 touch10=1.00 col10=0.00 to10=0.00 min_d= 0.30 avg_spd=2.13m/s end=goal t= 5273.5s
[TRAIN][PPO] ep=330/500 r=  588.56 avg10=  596.10 steps=1371 succ10=1.00 touch10=1.00 col10=0.00 to10=0.00 min_d= 0.30 avg_spd=2.14m/s end=goal t= 5289.8s
[TRAIN][PPO] ep=331/500 r=  599.65 avg10=  598.38 steps=1430 succ10=1.00 touch10=1.00 col10=0.00 to10=0.00 min_d= 0.30 avg_spd=2.12m/s end=goal t= 5306.5s
[TRAIN][PPO] ep=332/500 r=  601.59 avg10=  599.18 steps=1420 succ10=1.00 touch10=1.00 col10=0.00 to10=0.00 min_d= 0.30 avg_spd=2.13m/s end=goal t= 5324.6s
[TRAIN][PPO] ep=333/500 r=  587.48 avg10=  598.19 steps=1381 succ10=1.00 touch10=1.00 col10=0.00 to10=0.00 min_d= 0.30 avg_spd=2.14m/s end=goal t= 5340.2s
[TRAIN][PPO] ep=334/500 r=  592.48 avg10=  597.65 steps=1385 succ10=1.00 touch10=1.00 col10=0.00 to10=0.00 min_d= 0.30 avg_spd=2.13m/s end=goal t= 5356.6s
[TRAIN][PPO] ep=335/500 r=  599.77 avg10=  597.94 steps=1408 succ10=1.00 touch10=1.00 col10=0.00 to10=0.00 min_d= 0.30 avg_spd=2.14m/s end=goal t= 5373.0s
[TRAIN][PPO] ep=336/500 r=  599.61 avg10=  597.39 steps=1410 succ10=1.00 touch10=1.00 col10=0.00 to10=0.00 min_d= 0.30 avg_spd=2.16m/s end=goal t= 5391.4s
[TRAIN][PPO] ep=337/500 r=  596.48 avg10=  596.51 steps=1395 succ10=1.00 touch10=1.00 col10=0.00 to10=0.00 min_d= 0.30 avg_spd=2.15m/s end=goal t= 5407.9s
[TRAIN][PPO] ep=338/500 r=  599.91 avg10=  596.81 steps=1509 succ10=1.00 touch10=1.00 col10=0.00 to10=0.00 min_d= 0.30 avg_spd=2.11m/s end=goal t= 5425.4s
[TRAIN][PPO] ep=339/500 r=  593.29 avg10=  595.88 steps=1388 succ10=1.00 touch10=1.00 col10=0.00 to10=0.00 min_d= 0.30 avg_spd=2.16m/s end=goal t= 5441.6s
[TRAIN][PPO] ep=340/500 r=  595.96 avg10=  596.62 steps=1392 succ10=1.00 touch10=1.00 col10=0.00 to10=0.00 min_d= 0.30 avg_spd=2.14m/s end=goal t= 5459.3s
[TRAIN][PPO] ep=341/500 r=  335.22 avg10=  570.18 steps=1303 succ10=0.90 touch10=0.90 col10=0.10 to10=0.00 min_d= 0.92 avg_spd=2.11m/s end=collision t= 5474.8s
[TRAIN][PPO] ep=342/500 r=  588.47 avg10=  568.87 steps=1381 succ10=0.90 touch10=0.90 col10=0.10 to10=0.00 min_d= 0.30 avg_spd=2.13m/s end=goal t= 5491.7s
[TRAIN][PPO] ep=343/500 r=  -43.55 avg10=  505.76 steps=  22 succ10=0.80 touch10=0.80 col10=0.20 to10=0.00 min_d= 3.87 avg_spd=1.89m/s end=collision t= 5492.1s
[TRAIN][PPO] ep=344/500 r=  598.36 avg10=  506.35 steps=1415 succ10=0.80 touch10=0.80 col10=0.20 to10=0.00 min_d= 0.30 avg_spd=2.15m/s end=goal t= 5510.5s
[TRAIN][PPO] ep=345/500 r=  372.50 avg10=  483.62 steps=1307 succ10=0.70 touch10=0.70 col10=0.30 to10=0.00 min_d= 0.84 avg_spd=2.12m/s end=collision t= 5526.3s
[TRAIN][PPO] ep=346/500 r=  -36.56 avg10=  420.01 steps=  51 succ10=0.60 touch10=0.60 col10=0.40 to10=0.00 min_d= 3.86 avg_spd=2.05m/s end=collision t= 5527.0s
[TRAIN][PPO] ep=347/500 r=  592.21 avg10=  419.58 steps=1408 succ10=0.60 touch10=0.60 col10=0.40 to10=0.00 min_d= 0.30 avg_spd=2.13m/s end=goal t= 5544.1s
[TRAIN][PPO] ep=348/500 r=  583.66 avg10=  417.96 steps=1378 succ10=0.60 touch10=0.60 col10=0.40 to10=0.00 min_d= 0.30 avg_spd=2.14m/s end=goal t= 5561.8s
[TRAIN][PPO] ep=349/500 r=  601.35 avg10=  418.76 steps=1411 succ10=0.60 touch10=0.60 col10=0.40 to10=0.00 min_d= 0.30 avg_spd=2.14m/s end=goal t= 5578.6s
[TRAIN][PPO] ep=350/500 r=  598.07 avg10=  418.97 steps=1405 succ10=0.60 touch10=0.60 col10=0.40 to10=0.00 min_d= 0.30 avg_spd=2.15m/s end=goal t= 5595.5s
[TRAIN][PPO] ep=351/500 r=  602.25 avg10=  445.68 steps=1421 succ10=0.70 touch10=0.70 col10=0.30 to10=0.00 min_d= 0.30 avg_spd=2.15m/s end=goal t= 5612.5s
[TRAIN][PPO] ep=352/500 r=  597.17 avg10=  446.55 steps=1398 succ10=0.70 touch10=0.70 col10=0.30 to10=0.00 min_d= 0.30 avg_spd=2.13m/s end=goal t= 5630.7s
[TRAIN][PPO] ep=353/500 r=  358.39 avg10=  486.74 steps=1320 succ10=0.70 touch10=0.70 col10=0.30 to10=0.00 min_d= 0.82 avg_spd=2.12m/s end=collision t= 5646.1s
[TRAIN][PPO] ep=354/500 r=  606.84 avg10=  487.59 steps=1430 succ10=0.70 touch10=0.70 col10=0.30 to10=0.00 min_d= 0.30 avg_spd=2.13m/s end=goal t= 5663.2s
[TRAIN][PPO] ep=355/500 r=  596.43 avg10=  509.98 steps=1399 succ10=0.80 touch10=0.80 col10=0.20 to10=0.00 min_d= 0.30 avg_spd=2.13m/s end=goal t= 5680.1s
[TRAIN][PPO] ep=356/500 r=  -40.21 avg10=  509.62 steps=  39 succ10=0.80 touch10=0.80 col10=0.20 to10=0.00 min_d= 3.86 avg_spd=2.16m/s end=collision t= 5681.6s
[TRAIN][PPO] ep=357/500 r=  584.67 avg10=  508.86 steps=1372 succ10=0.80 touch10=0.80 col10=0.20 to10=0.00 min_d= 0.30 avg_spd=2.14m/s end=goal t= 5698.4s
[TRAIN][PPO] ep=358/500 r=  584.91 avg10=  508.99 steps=1362 succ10=0.80 touch10=0.80 col10=0.20 to10=0.00 min_d= 0.30 avg_spd=2.15m/s end=goal t= 5714.6s
[TRAIN][PPO] ep=359/500 r=  594.81 avg10=  508.33 steps=1403 succ10=0.80 touch10=0.80 col10=0.20 to10=0.00 min_d= 0.30 avg_spd=2.13m/s end=goal t= 5731.0s
[TRAIN][PPO] ep=360/500 r=  594.65 avg10=  507.99 steps=1391 succ10=0.80 touch10=0.80 col10=0.20 to10=0.00 min_d= 0.30 avg_spd=2.17m/s end=goal t= 5748.8s
[TRAIN][PPO] ep=361/500 r=  601.84 avg10=  507.95 steps=1414 succ10=0.80 touch10=0.80 col10=0.20 to10=0.00 min_d= 0.30 avg_spd=2.14m/s end=goal t= 5766.0s
[TRAIN][PPO] ep=362/500 r=  596.20 avg10=  507.85 steps=1498 succ10=0.80 touch10=0.80 col10=0.20 to10=0.00 min_d= 0.30 avg_spd=2.10m/s end=goal t= 5783.4s
[TRAIN][PPO] ep=363/500 r=  587.87 avg10=  530.80 steps=1394 succ10=0.90 touch10=0.90 col10=0.10 to10=0.00 min_d= 0.30 avg_spd=2.13m/s end=goal t= 5799.7s
[TRAIN][PPO] ep=364/500 r=  596.82 avg10=  529.80 steps=1397 succ10=0.90 touch10=0.90 col10=0.10 to10=0.00 min_d= 0.30 avg_spd=2.15m/s end=goal t= 5818.1s
[TRAIN][PPO] ep=365/500 r=  593.35 avg10=  529.49 steps=1389 succ10=0.90 touch10=0.90 col10=0.10 to10=0.00 min_d= 0.30 avg_spd=2.13m/s end=goal t= 5834.8s
[TRAIN][PPO] ep=366/500 r=  591.25 avg10=  592.64 steps=1380 succ10=1.00 touch10=1.00 col10=0.00 to10=0.00 min_d= 0.30 avg_spd=2.12m/s end=goal t= 5852.2s
[TRAIN][PPO] ep=367/500 r=  591.35 avg10=  593.31 steps=1385 succ10=1.00 touch10=1.00 col10=0.00 to10=0.00 min_d= 0.30 avg_spd=2.13m/s end=goal t= 5869.1s
[TRAIN][PPO] ep=368/500 r=  588.33 avg10=  593.65 steps=1376 succ10=1.00 touch10=1.00 col10=0.00 to10=0.00 min_d= 0.30 avg_spd=2.13m/s end=goal t= 5886.8s
[TRAIN][PPO] ep=369/500 r=  593.16 avg10=  593.48 steps=1400 succ10=1.00 touch10=1.00 col10=0.00 to10=0.00 min_d= 0.30 avg_spd=2.14m/s end=goal t= 5903.0s
[TRAIN][PPO] ep=370/500 r=  595.07 avg10=  593.52 steps=1394 succ10=1.00 touch10=1.00 col10=0.00 to10=0.00 min_d= 0.30 avg_spd=2.15m/s end=goal t= 5919.4s
[TRAIN][PPO] ep=371/500 r=  594.68 avg10=  592.81 steps=1390 succ10=1.00 touch10=1.00 col10=0.00 to10=0.00 min_d= 0.30 avg_spd=2.14m/s end=goal t= 5936.0s
[TRAIN][PPO] ep=372/500 r=  602.22 avg10=  593.41 steps=1421 succ10=1.00 touch10=1.00 col10=0.00 to10=0.00 min_d= 0.30 avg_spd=2.14m/s end=goal t= 5954.4s
[TRAIN][PPO] ep=373/500 r=  597.80 avg10=  594.40 steps=1501 succ10=1.00 touch10=1.00 col10=0.00 to10=0.00 min_d= 0.30 avg_spd=2.12m/s end=goal t= 5972.3s
[TRAIN][PPO] ep=374/500 r=  588.75 avg10=  593.60 steps=1369 succ10=1.00 touch10=1.00 col10=0.00 to10=0.00 min_d= 0.30 avg_spd=2.13m/s end=goal t= 5988.5s
[TRAIN][PPO] ep=375/500 r=  588.80 avg10=  593.14 steps=1370 succ10=1.00 touch10=1.00 col10=0.00 to10=0.00 min_d= 0.30 avg_spd=2.13m/s end=goal t= 6004.8s
[TRAIN][PPO] ep=376/500 r=  593.29 avg10=  593.35 steps=1382 succ10=1.00 touch10=1.00 col10=0.00 to10=0.00 min_d= 0.30 avg_spd=2.14m/s end=goal t= 6022.5s
[TRAIN][PPO] ep=377/500 r=  595.55 avg10=  593.76 steps=1397 succ10=1.00 touch10=1.00 col10=0.00 to10=0.00 min_d= 0.30 avg_spd=2.14m/s end=goal t= 6038.7s
[TRAIN][PPO] ep=378/500 r=  594.65 avg10=  594.40 steps=1415 succ10=1.00 touch10=1.00 col10=0.00 to10=0.00 min_d= 0.30 avg_spd=2.11m/s end=goal t= 6055.6s
[TRAIN][PPO] ep=379/500 r=  588.12 avg10=  593.89 steps=1378 succ10=1.00 touch10=1.00 col10=0.00 to10=0.00 min_d= 0.30 avg_spd=2.15m/s end=goal t= 6072.1s
[TRAIN][PPO] ep=380/500 r=  602.90 avg10=  594.68 steps=1412 succ10=1.00 touch10=1.00 col10=0.00 to10=0.00 min_d= 0.30 avg_spd=2.14m/s end=goal t= 6090.8s
[TRAIN][PPO] ep=381/500 r=  589.84 avg10=  594.19 steps=1376 succ10=1.00 touch10=1.00 col10=0.00 to10=0.00 min_d= 0.30 avg_spd=2.15m/s end=goal t= 6106.6s
[TRAIN][PPO] ep=382/500 r=  591.87 avg10=  593.16 steps=1383 succ10=1.00 touch10=1.00 col10=0.00 to10=0.00 min_d= 0.30 avg_spd=2.14m/s end=goal t= 6123.0s
[TRAIN][PPO] ep=383/500 r=  603.47 avg10=  593.72 steps=1418 succ10=1.00 touch10=1.00 col10=0.00 to10=0.00 min_d= 0.30 avg_spd=2.14m/s end=goal t= 6140.4s
[TRAIN][PPO] ep=384/500 r=  -40.66 avg10=  530.78 steps=  32 succ10=0.90 touch10=0.90 col10=0.10 to10=0.00 min_d= 3.87 avg_spd=1.79m/s end=collision t= 6141.8s
[TRAIN][PPO] ep=385/500 r=  595.45 avg10=  531.45 steps=1400 succ10=0.90 touch10=0.90 col10=0.10 to10=0.00 min_d= 0.30 avg_spd=2.14m/s end=goal t= 6159.2s
[TRAIN][PPO] ep=386/500 r=  589.94 avg10=  531.11 steps=1371 succ10=0.90 touch10=0.90 col10=0.10 to10=0.00 min_d= 0.30 avg_spd=2.16m/s end=goal t= 6176.1s
[TRAIN][PPO] ep=387/500 r=  602.43 avg10=  531.80 steps=1411 succ10=0.90 touch10=0.90 col10=0.10 to10=0.00 min_d= 0.30 avg_spd=2.14m/s end=goal t= 6193.0s
[TRAIN][PPO] ep=388/500 r=  601.08 avg10=  532.44 steps=1408 succ10=0.90 touch10=0.90 col10=0.10 to10=0.00 min_d= 0.30 avg_spd=2.15m/s end=goal t= 6211.6s
[TRAIN][PPO] ep=389/500 r=  -37.27 avg10=  469.90 steps=  48 succ10=0.80 touch10=0.80 col10=0.20 to10=0.00 min_d= 3.86 avg_spd=2.20m/s end=collision t= 6212.3s
[TRAIN][PPO] ep=390/500 r=  603.45 avg10=  469.96 steps=1419 succ10=0.80 touch10=0.80 col10=0.20 to10=0.00 min_d= 0.30 avg_spd=2.13m/s end=goal t= 6229.6s
[TRAIN][PPO] ep=391/500 r=  604.41 avg10=  471.42 steps=1425 succ10=0.80 touch10=0.80 col10=0.20 to10=0.00 min_d= 0.30 avg_spd=2.14m/s end=goal t= 6246.9s
[TRAIN][PPO] ep=392/500 r=  600.48 avg10=  472.28 steps=1403 succ10=0.80 touch10=0.80 col10=0.20 to10=0.00 min_d= 0.30 avg_spd=2.14m/s end=goal t= 6265.3s
[TRAIN][PPO] ep=393/500 r=  589.02 avg10=  470.83 steps=1372 succ10=0.80 touch10=0.80 col10=0.20 to10=0.00 min_d= 0.30 avg_spd=2.14m/s end=goal t= 6281.3s
[TRAIN][PPO] ep=394/500 r=  601.75 avg10=  535.07 steps=1424 succ10=0.90 touch10=0.90 col10=0.10 to10=0.00 min_d= 0.30 avg_spd=2.13m/s end=goal t= 6297.7s
[TRAIN][PPO] ep=395/500 r=  598.08 avg10=  535.34 steps=1421 succ10=0.90 touch10=0.90 col10=0.10 to10=0.00 min_d= 0.30 avg_spd=2.14m/s end=goal t= 6314.7s
[TRAIN][PPO] ep=396/500 r=  597.73 avg10=  536.11 steps=1413 succ10=0.90 touch10=0.90 col10=0.10 to10=0.00 min_d= 0.30 avg_spd=2.14m/s end=goal t= 6332.9s
[TRAIN][PPO] ep=397/500 r=  605.68 avg10=  536.44 steps=1424 succ10=0.90 touch10=0.90 col10=0.10 to10=0.00 min_d= 0.30 avg_spd=2.14m/s end=goal t= 6350.3s
[TRAIN][PPO] ep=398/500 r=  589.89 avg10=  535.32 steps=1369 succ10=0.90 touch10=0.90 col10=0.10 to10=0.00 min_d= 0.30 avg_spd=2.14m/s end=goal t= 6366.6s
[TRAIN][PPO] ep=399/500 r=  604.56 avg10=  599.50 steps=1430 succ10=1.00 touch10=1.00 col10=0.00 to10=0.00 min_d= 0.30 avg_spd=2.13m/s end=goal t= 6383.8s
[TRAIN][PPO] ep=400/500 r=  591.84 avg10=  598.34 steps=1407 succ10=1.00 touch10=1.00 col10=0.00 to10=0.00 min_d= 0.30 avg_spd=2.12m/s end=goal t= 6402.4s ckpt=latest
[TRAIN][PPO] ep=401/500 r=  588.51 avg10=  596.75 steps=1368 succ10=1.00 touch10=1.00 col10=0.00 to10=0.00 min_d= 0.30 avg_spd=2.16m/s end=goal t= 6419.3s
[TRAIN][PPO] ep=402/500 r=  598.53 avg10=  596.56 steps=1402 succ10=1.00 touch10=1.00 col10=0.00 to10=0.00 min_d= 0.30 avg_spd=2.15m/s end=goal t= 6436.6s
[TRAIN][PPO] ep=403/500 r=  585.93 avg10=  596.25 steps=1358 succ10=1.00 touch10=1.00 col10=0.00 to10=0.00 min_d= 0.30 avg_spd=2.14m/s end=goal t= 6453.1s
[TRAIN][PPO] ep=404/500 r=  601.84 avg10=  596.26 steps=1505 succ10=1.00 touch10=1.00 col10=0.00 to10=0.00 min_d= 0.30 avg_spd=2.13m/s end=goal t= 6473.0s
[TRAIN][PPO] ep=405/500 r=  594.10 avg10=  595.86 steps=1413 succ10=1.00 touch10=1.00 col10=0.00 to10=0.00 min_d= 0.30 avg_spd=2.12m/s end=goal t= 6490.5s
[TRAIN][PPO] ep=406/500 r=  584.30 avg10=  594.52 steps=1357 succ10=1.00 touch10=1.00 col10=0.00 to10=0.00 min_d= 0.30 avg_spd=2.15m/s end=goal t= 6507.2s
[TRAIN][PPO] ep=407/500 r=  594.28 avg10=  593.38 steps=1392 succ10=1.00 touch10=1.00 col10=0.00 to10=0.00 min_d= 0.30 avg_spd=2.15m/s end=goal t= 6524.3s
[TRAIN][PPO] ep=408/500 r=  596.34 avg10=  594.02 steps=1391 succ10=1.00 touch10=1.00 col10=0.00 to10=0.00 min_d= 0.30 avg_spd=2.14m/s end=goal t= 6542.5s
[TRAIN][PPO] ep=409/500 r=  585.74 avg10=  592.14 steps=1371 succ10=1.00 touch10=1.00 col10=0.00 to10=0.00 min_d= 0.30 avg_spd=2.13m/s end=goal t= 6559.6s
[TRAIN][PPO] ep=410/500 r=  601.28 avg10=  593.08 steps=1413 succ10=1.00 touch10=1.00 col10=0.00 to10=0.00 min_d= 0.30 avg_spd=2.14m/s end=goal t= 6577.2s
[TRAIN][PPO] ep=411/500 r=  -44.02 avg10=  529.83 steps=  21 succ10=0.90 touch10=0.90 col10=0.10 to10=0.00 min_d= 3.87 avg_spd=2.12m/s end=collision t= 6577.5s
[TRAIN][PPO] ep=412/500 r=  591.97 avg10=  529.17 steps=1378 succ10=0.90 touch10=0.90 col10=0.10 to10=0.00 min_d= 0.30 avg_spd=2.13m/s end=goal t= 6596.6s
[TRAIN][PPO] ep=413/500 r=  599.00 avg10=  530.48 steps=1493 succ10=0.90 touch10=0.90 col10=0.10 to10=0.00 min_d= 0.30 avg_spd=2.13m/s end=goal t= 6615.1s
[TRAIN][PPO] ep=414/500 r=  606.97 avg10=  531.00 steps=1442 succ10=0.90 touch10=0.90 col10=0.10 to10=0.00 min_d= 0.30 avg_spd=2.11m/s end=goal t= 6633.3s
[TRAIN][PPO] ep=415/500 r=  589.18 avg10=  530.50 steps=1384 succ10=0.90 touch10=0.90 col10=0.10 to10=0.00 min_d= 0.30 avg_spd=2.15m/s end=goal t= 6650.4s
[TRAIN][PPO] ep=416/500 r=  599.90 avg10=  532.06 steps=1406 succ10=0.90 touch10=0.90 col10=0.10 to10=0.00 min_d= 0.30 avg_spd=2.12m/s end=goal t= 6668.4s
[TRAIN][PPO] ep=417/500 r=  589.18 avg10=  531.55 steps=1371 succ10=0.90 touch10=0.90 col10=0.10 to10=0.00 min_d= 0.30 avg_spd=2.13m/s end=goal t= 6685.0s
[TRAIN][PPO] ep=418/500 r=  599.65 avg10=  531.88 steps=1408 succ10=0.90 touch10=0.90 col10=0.10 to10=0.00 min_d= 0.30 avg_spd=2.15m/s end=goal t= 6702.1s
[TRAIN][PPO] ep=419/500 r=  604.11 avg10=  533.72 steps=1418 succ10=0.90 touch10=0.90 col10=0.10 to10=0.00 min_d= 0.30 avg_spd=2.13m/s end=goal t= 6719.3s
[TRAIN][PPO] ep=420/500 r=  602.59 avg10=  533.85 steps=1419 succ10=0.90 touch10=0.90 col10=0.10 to10=0.00 min_d= 0.30 avg_spd=2.14m/s end=goal t= 6738.2s
[TRAIN][PPO] ep=421/500 r=  588.38 avg10=  597.09 steps=1374 succ10=1.00 touch10=1.00 col10=0.00 to10=0.00 min_d= 0.30 avg_spd=2.16m/s end=goal t= 6755.3s
[TRAIN][PPO] ep=422/500 r=  590.91 avg10=  596.99 steps=1496 succ10=1.00 touch10=1.00 col10=0.00 to10=0.00 min_d= 0.30 avg_spd=2.13m/s end=goal t= 6773.7s
[TRAIN][PPO] ep=423/500 r=  584.32 avg10=  595.52 steps=1364 succ10=1.00 touch10=1.00 col10=0.00 to10=0.00 min_d= 0.30 avg_spd=2.15m/s end=goal t= 6790.3s
[TRAIN][PPO] ep=424/500 r=  599.63 avg10=  594.78 steps=1404 succ10=1.00 touch10=1.00 col10=0.00 to10=0.00 min_d= 0.30 avg_spd=2.14m/s end=goal t= 6808.9s
[TRAIN][PPO] ep=425/500 r=  596.72 avg10=  595.54 steps=1401 succ10=1.00 touch10=1.00 col10=0.00 to10=0.00 min_d= 0.30 avg_spd=2.14m/s end=goal t= 6826.1s
[TRAIN][PPO] ep=426/500 r=  603.40 avg10=  595.89 steps=1422 succ10=1.00 touch10=1.00 col10=0.00 to10=0.00 min_d= 0.30 avg_spd=2.14m/s end=goal t= 6843.0s
[TRAIN][PPO] ep=427/500 r=  583.33 avg10=  595.30 steps=1503 succ10=1.00 touch10=1.00 col10=0.00 to10=0.00 min_d= 0.30 avg_spd=2.12m/s end=goal t= 6861.2s
[TRAIN][PPO] ep=428/500 r=  588.68 avg10=  594.21 steps=1370 succ10=1.00 touch10=1.00 col10=0.00 to10=0.00 min_d= 0.30 avg_spd=2.16m/s end=goal t= 6878.8s
[TRAIN][PPO] ep=429/500 r=  599.97 avg10=  593.79 steps=1418 succ10=1.00 touch10=1.00 col10=0.00 to10=0.00 min_d= 0.30 avg_spd=2.14m/s end=goal t= 6895.7s
[TRAIN][PPO] ep=430/500 r=  590.40 avg10=  592.57 steps=1378 succ10=1.00 touch10=1.00 col10=0.00 to10=0.00 min_d= 0.30 avg_spd=2.13m/s end=goal t= 6912.1s
[TRAIN][PPO] ep=431/500 r=  589.47 avg10=  592.68 steps=1379 succ10=1.00 touch10=1.00 col10=0.00 to10=0.00 min_d= 0.30 avg_spd=2.14m/s end=goal t= 6928.2s
[TRAIN][PPO] ep=432/500 r=  594.23 avg10=  593.02 steps=1392 succ10=1.00 touch10=1.00 col10=0.00 to10=0.00 min_d= 0.30 avg_spd=2.14m/s end=goal t= 6946.3s
[TRAIN][PPO] ep=433/500 r=  605.79 avg10=  595.16 steps=1423 succ10=1.00 touch10=1.00 col10=0.00 to10=0.00 min_d= 0.30 avg_spd=2.13m/s end=goal t= 6962.9s
[TRAIN][PPO] ep=434/500 r=  594.14 avg10=  594.61 steps=1388 succ10=1.00 touch10=1.00 col10=0.00 to10=0.00 min_d= 0.30 avg_spd=2.15m/s end=goal t= 6979.3s
[TRAIN][PPO] ep=435/500 r=  594.78 avg10=  594.42 steps=1395 succ10=1.00 touch10=1.00 col10=0.00 to10=0.00 min_d= 0.30 avg_spd=2.15m/s end=goal t= 6995.7s
[TRAIN][PPO] ep=436/500 r=  600.99 avg10=  594.18 steps=1408 succ10=1.00 touch10=1.00 col10=0.00 to10=0.00 min_d= 0.30 avg_spd=2.13m/s end=goal t= 7013.4s
[TRAIN][PPO] ep=437/500 r=  601.09 avg10=  595.95 steps=1412 succ10=1.00 touch10=1.00 col10=0.00 to10=0.00 min_d= 0.30 avg_spd=2.15m/s end=goal t= 7030.3s
[TRAIN][PPO] ep=438/500 r=  604.04 avg10=  597.49 steps=1422 succ10=1.00 touch10=1.00 col10=0.00 to10=0.00 min_d= 0.30 avg_spd=2.13m/s end=goal t= 7047.3s
[TRAIN][PPO] ep=439/500 r=  593.49 avg10=  596.84 steps=1387 succ10=1.00 touch10=1.00 col10=0.00 to10=0.00 min_d= 0.30 avg_spd=2.14m/s end=goal t= 7063.6s
[TRAIN][PPO] ep=440/500 r=  593.41 avg10=  597.14 steps=1401 succ10=1.00 touch10=1.00 col10=0.00 to10=0.00 min_d= 0.30 avg_spd=2.13m/s end=goal t= 7081.6s
[TRAIN][PPO] ep=441/500 r=  594.16 avg10=  597.61 steps=1477 succ10=1.00 touch10=1.00 col10=0.00 to10=0.00 min_d= 0.30 avg_spd=2.15m/s end=goal t= 7098.7s
[TRAIN][PPO] ep=442/500 r=  585.57 avg10=  596.75 steps=1364 succ10=1.00 touch10=1.00 col10=0.00 to10=0.00 min_d= 0.30 avg_spd=2.14m/s end=goal t= 7114.7s
[TRAIN][PPO] ep=443/500 r=  602.36 avg10=  596.40 steps=1415 succ10=1.00 touch10=1.00 col10=0.00 to10=0.00 min_d= 0.30 avg_spd=2.14m/s end=goal t= 7131.2s
[TRAIN][PPO] ep=444/500 r=  602.77 avg10=  597.27 steps=1459 succ10=1.00 touch10=1.00 col10=0.00 to10=0.00 min_d= 0.30 avg_spd=2.12m/s end=goal t= 7149.7s
[TRAIN][PPO] ep=445/500 r=  594.31 avg10=  597.22 steps=1391 succ10=1.00 touch10=1.00 col10=0.00 to10=0.00 min_d= 0.30 avg_spd=2.16m/s end=goal t= 7166.3s
[TRAIN][PPO] ep=446/500 r=  596.62 avg10=  596.78 steps=1400 succ10=1.00 touch10=1.00 col10=0.00 to10=0.00 min_d= 0.30 avg_spd=2.14m/s end=goal t= 7182.7s
[TRAIN][PPO] ep=447/500 r=  590.44 avg10=  595.72 steps=1376 succ10=1.00 touch10=1.00 col10=0.00 to10=0.00 min_d= 0.30 avg_spd=2.15m/s end=goal t= 7198.9s
[TRAIN][PPO] ep=448/500 r=  591.70 avg10=  594.48 steps=1381 succ10=1.00 touch10=1.00 col10=0.00 to10=0.00 min_d= 0.30 avg_spd=2.15m/s end=goal t= 7216.2s
[TRAIN][PPO] ep=449/500 r=  586.66 avg10=  593.80 steps=1367 succ10=1.00 touch10=1.00 col10=0.00 to10=0.00 min_d= 0.30 avg_spd=2.13m/s end=goal t= 7232.5s
[TRAIN][PPO] ep=450/500 r=  601.35 avg10=  594.59 steps=1408 succ10=1.00 touch10=1.00 col10=0.00 to10=0.00 min_d= 0.30 avg_spd=2.16m/s end=goal t= 7248.9s
[TRAIN][PPO] ep=451/500 r=  599.15 avg10=  595.09 steps=1399 succ10=1.00 touch10=1.00 col10=0.00 to10=0.00 min_d= 0.30 avg_spd=2.17m/s end=goal t= 7265.4s
[TRAIN][PPO] ep=452/500 r=  587.87 avg10=  595.32 steps=1369 succ10=1.00 touch10=1.00 col10=0.00 to10=0.00 min_d= 0.30 avg_spd=2.14m/s end=goal t= 7282.8s
[TRAIN][PPO] ep=453/500 r=  591.90 avg10=  594.28 steps=1399 succ10=1.00 touch10=1.00 col10=0.00 to10=0.00 min_d= 0.30 avg_spd=2.12m/s end=goal t= 7299.4s
[TRAIN][PPO] ep=454/500 r=  600.94 avg10=  594.09 steps=1422 succ10=1.00 touch10=1.00 col10=0.00 to10=0.00 min_d= 0.30 avg_spd=2.14m/s end=goal t= 7316.5s
[TRAIN][PPO] ep=455/500 r=  587.98 avg10=  593.46 steps=1376 succ10=1.00 touch10=1.00 col10=0.00 to10=0.00 min_d= 0.30 avg_spd=2.15m/s end=goal t= 7333.2s
[TRAIN][PPO] ep=456/500 r=  590.84 avg10=  592.88 steps=1409 succ10=1.00 touch10=1.00 col10=0.00 to10=0.00 min_d= 0.30 avg_spd=2.11m/s end=goal t= 7351.2s
[TRAIN][PPO] ep=457/500 r=  596.45 avg10=  593.48 steps=1473 succ10=1.00 touch10=1.00 col10=0.00 to10=0.00 min_d= 0.30 avg_spd=2.13m/s end=goal t= 7368.5s
[TRAIN][PPO] ep=458/500 r=  602.48 avg10=  594.56 steps=1544 succ10=1.00 touch10=1.00 col10=0.00 to10=0.00 min_d= 0.30 avg_spd=2.11m/s end=goal t= 7386.8s
[TRAIN][PPO] ep=459/500 r=  584.21 avg10=  594.32 steps=1359 succ10=1.00 touch10=1.00 col10=0.00 to10=0.00 min_d= 0.30 avg_spd=2.16m/s end=goal t= 7402.3s
[TRAIN][PPO] ep=460/500 r=  599.30 avg10=  594.11 steps=1400 succ10=1.00 touch10=1.00 col10=0.00 to10=0.00 min_d= 0.30 avg_spd=2.14m/s end=goal t= 7421.8s
[TRAIN][PPO] ep=461/500 r=  574.84 avg10=  591.68 steps=1502 succ10=1.00 touch10=1.00 col10=0.00 to10=0.00 min_d= 0.30 avg_spd=2.11m/s end=goal t= 7439.7s
[TRAIN][PPO] ep=462/500 r=  583.47 avg10=  591.24 steps=1460 succ10=1.00 touch10=1.00 col10=0.00 to10=0.00 min_d= 0.30 avg_spd=2.14m/s end=goal t= 7456.4s
[TRAIN][PPO] ep=463/500 r=  588.36 avg10=  590.89 steps=1365 succ10=1.00 touch10=1.00 col10=0.00 to10=0.00 min_d= 0.30 avg_spd=2.15m/s end=goal t= 7472.7s
[TRAIN][PPO] ep=464/500 r=  591.34 avg10=  589.93 steps=1378 succ10=1.00 touch10=1.00 col10=0.00 to10=0.00 min_d= 0.30 avg_spd=2.14m/s end=goal t= 7491.1s
[TRAIN][PPO] ep=465/500 r=  583.64 avg10=  589.49 steps=1358 succ10=1.00 touch10=1.00 col10=0.00 to10=0.00 min_d= 0.30 avg_spd=2.16m/s end=goal t= 7507.0s
[TRAIN][PPO] ep=466/500 r=  584.71 avg10=  588.88 steps=1359 succ10=1.00 touch10=1.00 col10=0.00 to10=0.00 min_d= 0.30 avg_spd=2.15m/s end=goal t= 7523.3s
[TRAIN][PPO] ep=467/500 r=  597.48 avg10=  588.98 steps=1397 succ10=1.00 touch10=1.00 col10=0.00 to10=0.00 min_d= 0.30 avg_spd=2.14m/s end=goal t= 7540.5s
[TRAIN][PPO] ep=468/500 r=  593.28 avg10=  588.06 steps=1390 succ10=1.00 touch10=1.00 col10=0.00 to10=0.00 min_d= 0.30 avg_spd=2.14m/s end=goal t= 7559.7s
[TRAIN][PPO] ep=469/500 r=  -31.52 avg10=  526.49 steps=  61 succ10=0.90 touch10=0.90 col10=0.10 to10=0.00 min_d= 3.87 avg_spd=2.07m/s end=collision t= 7560.5s
[TRAIN][PPO] ep=470/500 r=  591.48 avg10=  525.71 steps=1384 succ10=0.90 touch10=0.90 col10=0.10 to10=0.00 min_d= 0.30 avg_spd=2.15m/s end=goal t= 7577.0s
[TRAIN][PPO] ep=471/500 r=  583.83 avg10=  526.61 steps=1364 succ10=0.90 touch10=0.90 col10=0.10 to10=0.00 min_d= 0.30 avg_spd=2.14m/s end=goal t= 7593.6s
[TRAIN][PPO] ep=472/500 r=  588.72 avg10=  527.13 steps=1380 succ10=0.90 touch10=0.90 col10=0.10 to10=0.00 min_d= 0.30 avg_spd=2.13m/s end=goal t= 7612.1s
[TRAIN][PPO] ep=473/500 r=  600.90 avg10=  528.39 steps=1415 succ10=0.90 touch10=0.90 col10=0.10 to10=0.00 min_d= 0.30 avg_spd=2.15m/s end=goal t= 7629.4s
[TRAIN][PPO] ep=474/500 r=  601.24 avg10=  529.38 steps=1409 succ10=0.90 touch10=0.90 col10=0.10 to10=0.00 min_d= 0.30 avg_spd=2.15m/s end=goal t= 7646.8s
[TRAIN][PPO] ep=475/500 r=  590.12 avg10=  530.02 steps=1373 succ10=0.90 touch10=0.90 col10=0.10 to10=0.00 min_d= 0.30 avg_spd=2.13m/s end=goal t= 7663.6s
[TRAIN][PPO] ep=476/500 r=  595.59 avg10=  531.11 steps=1394 succ10=0.90 touch10=0.90 col10=0.10 to10=0.00 min_d= 0.30 avg_spd=2.14m/s end=goal t= 7681.6s
[TRAIN][PPO] ep=477/500 r=  589.55 avg10=  530.32 steps=1384 succ10=0.90 touch10=0.90 col10=0.10 to10=0.00 min_d= 0.30 avg_spd=2.14m/s end=goal t= 7698.5s
[TRAIN][PPO] ep=478/500 r=  587.83 avg10=  529.77 steps=1367 succ10=0.90 touch10=0.90 col10=0.10 to10=0.00 min_d= 0.30 avg_spd=2.14m/s end=goal t= 7715.4s
[TRAIN][PPO] ep=479/500 r=  594.78 avg10=  592.40 steps=1410 succ10=1.00 touch10=1.00 col10=0.00 to10=0.00 min_d= 0.30 avg_spd=2.16m/s end=goal t= 7732.7s
[TRAIN][PPO] ep=480/500 r=  599.64 avg10=  593.22 steps=1420 succ10=1.00 touch10=1.00 col10=0.00 to10=0.00 min_d= 0.30 avg_spd=2.13m/s end=goal t= 7751.1s
[TRAIN][PPO] ep=481/500 r=  585.90 avg10=  593.43 steps=1365 succ10=1.00 touch10=1.00 col10=0.00 to10=0.00 min_d= 0.30 avg_spd=2.14m/s end=goal t= 7767.6s
[TRAIN][PPO] ep=482/500 r=  589.08 avg10=  593.46 steps=1372 succ10=1.00 touch10=1.00 col10=0.00 to10=0.00 min_d= 0.30 avg_spd=2.16m/s end=goal t= 7784.2s
[TRAIN][PPO] ep=483/500 r=  594.72 avg10=  592.84 steps=1494 succ10=1.00 touch10=1.00 col10=0.00 to10=0.00 min_d= 0.30 avg_spd=2.14m/s end=goal t= 7801.9s
[TRAIN][PPO] ep=484/500 r=  597.89 avg10=  592.51 steps=1402 succ10=1.00 touch10=1.00 col10=0.00 to10=0.00 min_d= 0.30 avg_spd=2.15m/s end=goal t= 7819.8s
[TRAIN][PPO] ep=485/500 r=  594.61 avg10=  592.96 steps=1389 succ10=1.00 touch10=1.00 col10=0.00 to10=0.00 min_d= 0.30 avg_spd=2.14m/s end=goal t= 7836.6s
[TRAIN][PPO] ep=486/500 r=  588.88 avg10=  592.29 steps=1371 succ10=1.00 touch10=1.00 col10=0.00 to10=0.00 min_d= 0.30 avg_spd=2.16m/s end=goal t= 7853.6s
[TRAIN][PPO] ep=487/500 r=  572.58 avg10=  590.59 steps=1526 succ10=1.00 touch10=1.00 col10=0.00 to10=0.00 min_d= 0.30 avg_spd=2.11m/s end=goal t= 7872.1s
[TRAIN][PPO] ep=488/500 r=  -25.23 avg10=  529.28 steps= 127 succ10=0.90 touch10=0.90 col10=0.10 to10=0.00 min_d= 3.81 avg_spd=2.12m/s end=collision t= 7874.7s
[TRAIN][PPO] ep=489/500 r=  -22.02 avg10=  467.60 steps= 148 succ10=0.80 touch10=0.80 col10=0.20 to10=0.00 min_d= 3.82 avg_spd=2.14m/s end=collision t= 7876.5s
[TRAIN][PPO] ep=490/500 r=  596.46 avg10=  467.29 steps=1389 succ10=0.80 touch10=0.80 col10=0.20 to10=0.00 min_d= 0.30 avg_spd=2.16m/s end=goal t= 7893.7s
[TRAIN][PPO] ep=491/500 r=  598.07 avg10=  468.50 steps=1394 succ10=0.80 touch10=0.80 col10=0.20 to10=0.00 min_d= 0.30 avg_spd=2.15m/s end=goal t= 7911.0s
[TRAIN][PPO] ep=492/500 r=  584.52 avg10=  468.05 steps=1354 succ10=0.80 touch10=0.80 col10=0.20 to10=0.00 min_d= 0.30 avg_spd=2.18m/s end=goal t= 7928.7s
[TRAIN][PPO] ep=493/500 r=  593.29 avg10=  467.91 steps=1488 succ10=0.80 touch10=0.80 col10=0.20 to10=0.00 min_d= 0.30 avg_spd=2.13m/s end=goal t= 7946.8s
[TRAIN][PPO] ep=494/500 r=  583.13 avg10=  466.43 steps=1374 succ10=0.80 touch10=0.80 col10=0.20 to10=0.00 min_d= 0.30 avg_spd=2.15m/s end=goal t= 7963.8s
[TRAIN][PPO] ep=495/500 r=  599.58 avg10=  466.93 steps=1425 succ10=0.80 touch10=0.80 col10=0.20 to10=0.00 min_d= 0.30 avg_spd=2.14m/s end=goal t= 7981.7s
[TRAIN][PPO] ep=496/500 r=  598.36 avg10=  467.87 steps=1397 succ10=0.80 touch10=0.80 col10=0.20 to10=0.00 min_d= 0.30 avg_spd=2.14m/s end=goal t= 8001.1s
[TRAIN][PPO] ep=497/500 r=  604.91 avg10=  471.11 steps=1422 succ10=0.80 touch10=0.80 col10=0.20 to10=0.00 min_d= 0.30 avg_spd=2.13m/s end=goal t= 8018.2s
[TRAIN][PPO] ep=498/500 r=  584.16 avg10=  532.05 steps=1377 succ10=0.90 touch10=0.90 col10=0.10 to10=0.00 min_d= 0.30 avg_spd=2.14m/s end=goal t= 8035.2s
[TRAIN][PPO] ep=499/500 r=  586.86 avg10=  592.93 steps=1383 succ10=1.00 touch10=1.00 col10=0.00 to10=0.00 min_d= 0.30 avg_spd=2.15m/s end=goal t= 8052.3s
INFO: PPO: Terminating.
[RUN] completed stage checkpoint=/uio/hume/student-u79/esbrovol/fys5429/DRL-Obstacle-Avoidance/controllers/PPO/checkpoints/20260525_141956_none_seed01_stage08_train_8_goal_offset_neg/final_20260525_141956_none_seed01_stage08_train_8_goal_offset_neg.pth
[RUN] arch=none seed=1 stage=9/10 world=/uio/hume/student-u79/esbrovol/fys5429/DRL-Obstacle-Avoidance/worlds/training/train_9_dense.wbt
[RUN] resuming from /uio/hume/student-u79/esbrovol/fys5429/DRL-Obstacle-Avoidance/controllers/PPO/checkpoints/20260525_141956_none_seed01_stage08_train_8_goal_offset_neg/final_20260525_141956_none_seed01_stage08_train_8_goal_offset_neg.pth
INFO: PPO: Starting controller: python3 -u PPO.py
[PPO] Using architecture: NONE
[PPO] Loaded architecture: NONE
[TRAIN][PPO] arch=NONE weights_dir=/uio/hume/student-u79/esbrovol/fys5429/DRL-Obstacle-Avoidance/controllers/PPO/checkpoints/20260525_141956_none_seed01_stage09_train_9_dense final=/uio/hume/student-u79/esbrovol/fys5429/DRL-Obstacle-Avoidance/controllers/PPO/checkpoints/20260525_141956_none_seed01_stage09_train_9_dense/final_20260525_141956_none_seed01_stage09_train_9_dense.pth
[TRAIN][PPO] episodes=500 update_every=4 obs=31 act=2 cell=NONE seq=32 burn_in=0
[TRAIN][PPO] ep=001/500 r=  289.37 avg10=  289.37 steps=1118 succ10=0.00 touch10=0.00 col10=1.00 to10=0.00 min_d= 1.34 avg_spd=2.13m/s end=collision t=   13.3s ckpt=best
[TRAIN][PPO] ep=002/500 r=  590.17 avg10=  439.77 steps=1391 succ10=0.50 touch10=0.50 col10=0.50 to10=0.00 min_d= 0.30 avg_spd=2.16m/s end=goal t=   29.3s ckpt=best_goal
[TRAIN][PPO] ep=003/500 r=  589.15 avg10=  489.56 steps=1425 succ10=0.67 touch10=0.67 col10=0.33 to10=0.00 min_d= 0.30 avg_spd=2.12m/s end=goal t=   45.8s
[TRAIN][PPO] ep=004/500 r=  575.88 avg10=  511.14 steps=1531 succ10=0.75 touch10=0.75 col10=0.25 to10=0.00 min_d= 0.30 avg_spd=2.13m/s end=goal t=   66.6s
[TRAIN][PPO] ep=005/500 r=   64.08 avg10=  421.73 steps= 354 succ10=0.60 touch10=0.60 col10=0.40 to10=0.00 min_d= 3.02 avg_spd=2.15m/s end=collision t=   70.6s
[TRAIN][PPO] ep=006/500 r=  596.82 avg10=  450.91 steps=1455 succ10=0.67 touch10=0.67 col10=0.33 to10=0.00 min_d= 0.30 avg_spd=2.12m/s end=goal t=   86.8s ckpt=best_goal
[TRAIN][PPO] ep=007/500 r=  575.65 avg10=  468.73 steps=1380 succ10=0.71 touch10=0.71 col10=0.29 to10=0.00 min_d= 0.30 avg_spd=2.14m/s end=goal t=  103.0s
[TRAIN][PPO] ep=008/500 r=  582.92 avg10=  483.00 steps=1378 succ10=0.75 touch10=0.75 col10=0.25 to10=0.00 min_d= 0.30 avg_spd=2.13m/s end=goal t=  120.8s
[TRAIN][PPO] ep=009/500 r=   72.38 avg10=  437.38 steps= 385 succ10=0.67 touch10=0.67 col10=0.33 to10=0.00 min_d= 3.06 avg_spd=2.11m/s end=collision t=  125.6s
[TRAIN][PPO] ep=010/500 r=   70.23 avg10=  400.66 steps= 386 succ10=0.60 touch10=0.60 col10=0.40 to10=0.00 min_d= 3.08 avg_spd=2.08m/s end=collision t=  130.3s
[TRAIN][PPO] ep=011/500 r=   66.76 avg10=  378.40 steps= 362 succ10=0.60 touch10=0.60 col10=0.40 to10=0.00 min_d= 3.05 avg_spd=2.09m/s end=collision t=  134.8s
[TRAIN][PPO] ep=012/500 r=  566.28 avg10=  376.02 steps=1547 succ10=0.60 touch10=0.60 col10=0.40 to10=0.00 min_d= 0.30 avg_spd=2.10m/s end=goal t=  154.5s
[TRAIN][PPO] ep=013/500 r=   60.06 avg10=  323.11 steps= 348 succ10=0.50 touch10=0.50 col10=0.50 to10=0.00 min_d= 3.06 avg_spd=2.09m/s end=collision t=  158.9s
[TRAIN][PPO] ep=014/500 r=  573.23 avg10=  322.84 steps=1533 succ10=0.50 touch10=0.50 col10=0.50 to10=0.00 min_d= 0.30 avg_spd=2.13m/s end=goal t=  178.0s
[TRAIN][PPO] ep=015/500 r=  590.59 avg10=  375.49 steps=1436 succ10=0.60 touch10=0.60 col10=0.40 to10=0.00 min_d= 0.30 avg_spd=2.13m/s end=goal t=  195.2s
[TRAIN][PPO] ep=016/500 r=  590.69 avg10=  374.88 steps=1519 succ10=0.60 touch10=0.60 col10=0.40 to10=0.00 min_d= 0.30 avg_spd=2.12m/s end=goal t=  215.2s
[TRAIN][PPO] ep=017/500 r=  582.71 avg10=  375.59 steps=1378 succ10=0.60 touch10=0.60 col10=0.40 to10=0.00 min_d= 0.30 avg_spd=2.15m/s end=goal t=  231.7s
[TRAIN][PPO] ep=018/500 r=  590.46 avg10=  376.34 steps=1428 succ10=0.60 touch10=0.60 col10=0.40 to10=0.00 min_d= 0.30 avg_spd=2.12m/s end=goal t=  249.1s
[TRAIN][PPO] ep=019/500 r=  301.55 avg10=  399.26 steps=1059 succ10=0.60 touch10=0.60 col10=0.40 to10=0.00 min_d= 1.30 avg_spd=2.13m/s end=collision t=  262.1s
[TRAIN][PPO] ep=020/500 r=  302.51 avg10=  422.49 steps=1069 succ10=0.60 touch10=0.60 col10=0.40 to10=0.00 min_d= 1.28 avg_spd=2.15m/s end=collision t=  276.5s
[TRAIN][PPO] ep=021/500 r=  591.35 avg10=  474.94 steps=1427 succ10=0.70 touch10=0.70 col10=0.30 to10=0.00 min_d= 0.30 avg_spd=2.12m/s end=goal t=  294.0s
[TRAIN][PPO] ep=022/500 r=   59.62 avg10=  424.28 steps= 353 succ10=0.60 touch10=0.60 col10=0.40 to10=0.00 min_d= 3.06 avg_spd=2.11m/s end=collision t=  298.4s
[TRAIN][PPO] ep=023/500 r=  591.74 avg10=  477.45 steps=1443 succ10=0.70 touch10=0.70 col10=0.30 to10=0.00 min_d= 0.30 avg_spd=2.11m/s end=goal t=  316.4s
[TRAIN][PPO] ep=024/500 r=  596.01 avg10=  479.72 steps=1453 succ10=0.70 touch10=0.70 col10=0.30 to10=0.00 min_d= 0.30 avg_spd=2.12m/s end=goal t=  335.1s
[TRAIN][PPO] ep=025/500 r=  592.11 avg10=  479.88 steps=1393 succ10=0.70 touch10=0.70 col10=0.30 to10=0.00 min_d= 0.30 avg_spd=2.15m/s end=goal t=  352.7s
[TRAIN][PPO] ep=026/500 r=  582.15 avg10=  479.02 steps=1419 succ10=0.70 touch10=0.70 col10=0.30 to10=0.00 min_d= 0.30 avg_spd=2.12m/s end=goal t=  370.6s
[TRAIN][PPO] ep=027/500 r=  588.04 avg10=  479.55 steps=1431 succ10=0.70 touch10=0.70 col10=0.30 to10=0.00 min_d= 0.30 avg_spd=2.12m/s end=goal t=  388.1s
[TRAIN][PPO] ep=028/500 r=  594.79 avg10=  479.99 steps=1451 succ10=0.70 touch10=0.70 col10=0.30 to10=0.00 min_d= 0.30 avg_spd=2.12m/s end=goal t=  408.1s
[TRAIN][PPO] ep=029/500 r=  576.48 avg10=  507.48 steps=1390 succ10=0.80 touch10=0.80 col10=0.20 to10=0.00 min_d= 0.30 avg_spd=2.14m/s end=goal t=  425.7s
[TRAIN][PPO] ep=030/500 r=  306.79 avg10=  507.91 steps=1084 succ10=0.80 touch10=0.80 col10=0.20 to10=0.00 min_d= 1.27 avg_spd=2.13m/s end=collision t=  439.0s
[TRAIN][PPO] ep=031/500 r=  302.35 avg10=  479.01 steps=1058 succ10=0.70 touch10=0.70 col10=0.30 to10=0.00 min_d= 1.26 avg_spd=2.12m/s end=collision t=  452.1s
[TRAIN][PPO] ep=032/500 r=  562.86 avg10=  529.33 steps=1522 succ10=0.80 touch10=0.80 col10=0.20 to10=0.00 min_d= 0.30 avg_spd=2.10m/s end=goal t=  472.5s
[TRAIN][PPO] ep=033/500 r=  583.01 avg10=  528.46 steps=1366 succ10=0.80 touch10=0.80 col10=0.20 to10=0.00 min_d= 0.30 avg_spd=2.16m/s end=goal t=  489.2s
[TRAIN][PPO] ep=034/500 r=  576.59 avg10=  526.52 steps=1450 succ10=0.80 touch10=0.80 col10=0.20 to10=0.00 min_d= 0.30 avg_spd=2.11m/s end=goal t=  507.3s
[TRAIN][PPO] ep=035/500 r=  588.85 avg10=  526.19 steps=1437 succ10=0.80 touch10=0.80 col10=0.20 to10=0.00 min_d= 0.30 avg_spd=2.11m/s end=goal t=  525.2s
[TRAIN][PPO] ep=036/500 r=  586.83 avg10=  526.66 steps=1377 succ10=0.80 touch10=0.80 col10=0.20 to10=0.00 min_d= 0.30 avg_spd=2.13m/s end=goal t=  543.8s
[TRAIN][PPO] ep=037/500 r=   68.27 avg10=  474.68 steps= 368 succ10=0.70 touch10=0.70 col10=0.30 to10=0.00 min_d= 3.06 avg_spd=2.16m/s end=collision t=  548.4s
[TRAIN][PPO] ep=038/500 r=  597.22 avg10=  474.92 steps=1463 succ10=0.70 touch10=0.70 col10=0.30 to10=0.00 min_d= 0.30 avg_spd=2.12m/s end=goal t=  566.8s ckpt=best_goal
[TRAIN][PPO] ep=039/500 r=  582.92 avg10=  475.57 steps=1411 succ10=0.70 touch10=0.70 col10=0.30 to10=0.00 min_d= 0.30 avg_spd=2.12m/s end=goal t=  584.7s
[TRAIN][PPO] ep=040/500 r=  592.31 avg10=  504.12 steps=1504 succ10=0.80 touch10=0.80 col10=0.20 to10=0.00 min_d= 0.30 avg_spd=2.15m/s end=goal t=  604.5s
[TRAIN][PPO] ep=041/500 r=  591.34 avg10=  533.02 steps=1438 succ10=0.90 touch10=0.90 col10=0.10 to10=0.00 min_d= 0.30 avg_spd=2.14m/s end=goal t=  622.3s
[TRAIN][PPO] ep=042/500 r=  591.25 avg10=  535.86 steps=1436 succ10=0.90 touch10=0.90 col10=0.10 to10=0.00 min_d= 0.30 avg_spd=2.11m/s end=goal t=  640.0s
[TRAIN][PPO] ep=043/500 r=  592.33 avg10=  536.79 steps=1454 succ10=0.90 touch10=0.90 col10=0.10 to10=0.00 min_d= 0.30 avg_spd=2.12m/s end=goal t=  658.0s
[TRAIN][PPO] ep=044/500 r=  582.34 avg10=  537.37 steps=1405 succ10=0.90 touch10=0.90 col10=0.10 to10=0.00 min_d= 0.30 avg_spd=2.15m/s end=goal t=  675.9s
[TRAIN][PPO] ep=045/500 r=  594.50 avg10=  537.93 steps=1449 succ10=0.90 touch10=0.90 col10=0.10 to10=0.00 min_d= 0.30 avg_spd=2.12m/s end=goal t=  692.9s
[TRAIN][PPO] ep=046/500 r=  580.52 avg10=  537.30 steps=1400 succ10=0.90 touch10=0.90 col10=0.10 to10=0.00 min_d= 0.30 avg_spd=2.13m/s end=goal t=  709.6s
[TRAIN][PPO] ep=047/500 r=  592.54 avg10=  589.73 steps=1514 succ10=1.00 touch10=1.00 col10=0.00 to10=0.00 min_d= 0.30 avg_spd=2.13m/s end=goal t=  727.6s
[TRAIN][PPO] ep=048/500 r=  600.78 avg10=  590.08 steps=1459 succ10=1.00 touch10=1.00 col10=0.00 to10=0.00 min_d= 0.30 avg_spd=2.12m/s end=goal t=  746.0s ckpt=best_goal
[TRAIN][PPO] ep=049/500 r=  274.90 avg10=  559.28 steps=1136 succ10=0.90 touch10=0.90 col10=0.10 to10=0.00 min_d= 1.34 avg_spd=2.11m/s end=collision t=  759.7s
[TRAIN][PPO] ep=050/500 r=  593.15 avg10=  559.36 steps=1445 succ10=0.90 touch10=0.90 col10=0.10 to10=0.00 min_d= 0.30 avg_spd=2.14m/s end=goal t=  777.5s
[TRAIN][PPO] ep=051/500 r=  592.91 avg10=  559.52 steps=1441 succ10=0.90 touch10=0.90 col10=0.10 to10=0.00 min_d= 0.30 avg_spd=2.13m/s end=goal t=  794.7s
[TRAIN][PPO] ep=052/500 r=  595.44 avg10=  559.94 steps=1467 succ10=0.90 touch10=0.90 col10=0.10 to10=0.00 min_d= 0.30 avg_spd=2.11m/s end=goal t=  814.6s
[TRAIN][PPO] ep=053/500 r=  580.92 avg10=  558.80 steps=1393 succ10=0.90 touch10=0.90 col10=0.10 to10=0.00 min_d= 0.30 avg_spd=2.13m/s end=goal t=  832.1s
[TRAIN][PPO] ep=054/500 r=  586.66 avg10=  559.23 steps=1426 succ10=0.90 touch10=0.90 col10=0.10 to10=0.00 min_d= 0.30 avg_spd=2.12m/s end=goal t=  849.7s
[TRAIN][PPO] ep=055/500 r=  598.68 avg10=  559.65 steps=1450 succ10=0.90 touch10=0.90 col10=0.10 to10=0.00 min_d= 0.30 avg_spd=2.13m/s end=goal t=  868.0s
[TRAIN][PPO] ep=056/500 r=  589.07 avg10=  560.50 steps=1392 succ10=0.90 touch10=0.90 col10=0.10 to10=0.00 min_d= 0.30 avg_spd=2.13m/s end=goal t=  886.8s
[TRAIN][PPO] ep=057/500 r=  579.56 avg10=  559.21 steps=1392 succ10=0.90 touch10=0.90 col10=0.10 to10=0.00 min_d= 0.30 avg_spd=2.12m/s end=goal t=  904.2s
[TRAIN][PPO] ep=058/500 r=  582.25 avg10=  557.35 steps=1410 succ10=0.90 touch10=0.90 col10=0.10 to10=0.00 min_d= 0.30 avg_spd=2.14m/s end=goal t=  921.5s
[TRAIN][PPO] ep=059/500 r=  594.27 avg10=  589.29 steps=1439 succ10=1.00 touch10=1.00 col10=0.00 to10=0.00 min_d= 0.30 avg_spd=2.13m/s end=goal t=  940.0s
[TRAIN][PPO] ep=060/500 r=  588.13 avg10=  588.79 steps=1426 succ10=1.00 touch10=1.00 col10=0.00 to10=0.00 min_d= 0.30 avg_spd=2.12m/s end=goal t=  959.7s
[TRAIN][PPO] ep=061/500 r=  594.67 avg10=  588.96 steps=1445 succ10=1.00 touch10=1.00 col10=0.00 to10=0.00 min_d= 0.30 avg_spd=2.14m/s end=goal t=  977.2s
[TRAIN][PPO] ep=062/500 r=  591.98 avg10=  588.62 steps=1434 succ10=1.00 touch10=1.00 col10=0.00 to10=0.00 min_d= 0.30 avg_spd=2.14m/s end=goal t=  994.7s
[TRAIN][PPO] ep=063/500 r=  -43.15 avg10=  526.21 steps=  34 succ10=0.90 touch10=0.90 col10=0.10 to10=0.00 min_d= 3.83 avg_spd=2.21m/s end=collision t=  995.2s
[TRAIN][PPO] ep=064/500 r=  581.61 avg10=  525.71 steps=1416 succ10=0.90 touch10=0.90 col10=0.10 to10=0.00 min_d= 0.30 avg_spd=2.12m/s end=goal t= 1013.5s
[TRAIN][PPO] ep=065/500 r=  -43.27 avg10=  461.51 steps=  25 succ10=0.80 touch10=0.80 col10=0.20 to10=0.00 min_d= 3.85 avg_spd=1.74m/s end=collision t= 1013.8s
[TRAIN][PPO] ep=066/500 r=  584.80 avg10=  461.08 steps=1435 succ10=0.80 touch10=0.80 col10=0.20 to10=0.00 min_d= 0.30 avg_spd=2.12m/s end=goal t= 1031.6s
[TRAIN][PPO] ep=067/500 r=  582.99 avg10=  461.43 steps=1414 succ10=0.80 touch10=0.80 col10=0.20 to10=0.00 min_d= 0.30 avg_spd=2.14m/s end=goal t= 1048.5s
[TRAIN][PPO] ep=068/500 r=  586.67 avg10=  461.87 steps=1419 succ10=0.80 touch10=0.80 col10=0.20 to10=0.00 min_d= 0.30 avg_spd=2.14m/s end=goal t= 1067.8s
[TRAIN][PPO] ep=069/500 r=  584.74 avg10=  460.92 steps=1435 succ10=0.80 touch10=0.80 col10=0.20 to10=0.00 min_d= 0.30 avg_spd=2.12m/s end=goal t= 1086.0s
[TRAIN][PPO] ep=070/500 r=  587.86 avg10=  460.89 steps=1425 succ10=0.80 touch10=0.80 col10=0.20 to10=0.00 min_d= 0.30 avg_spd=2.13m/s end=goal t= 1103.9s
[TRAIN][PPO] ep=071/500 r=  590.89 avg10=  460.51 steps=1421 succ10=0.80 touch10=0.80 col10=0.20 to10=0.00 min_d= 0.30 avg_spd=2.15m/s end=goal t= 1122.1s
[TRAIN][PPO] ep=072/500 r=  597.13 avg10=  461.03 steps=1462 succ10=0.80 touch10=0.80 col10=0.20 to10=0.00 min_d= 0.30 avg_spd=2.12m/s end=goal t= 1141.6s
[TRAIN][PPO] ep=073/500 r=  597.81 avg10=  525.12 steps=1448 succ10=0.90 touch10=0.90 col10=0.10 to10=0.00 min_d= 0.30 avg_spd=2.13m/s end=goal t= 1158.5s
[TRAIN][PPO] ep=074/500 r=   71.65 avg10=  474.13 steps= 375 succ10=0.80 touch10=0.80 col10=0.20 to10=0.00 min_d= 3.07 avg_spd=2.11m/s end=collision t= 1163.2s
[TRAIN][PPO] ep=075/500 r=  282.53 avg10=  506.71 steps=1008 succ10=0.80 touch10=0.80 col10=0.20 to10=0.00 min_d= 1.29 avg_spd=2.15m/s end=collision t= 1175.6s
[TRAIN][PPO] ep=076/500 r=  578.34 avg10=  506.06 steps=1392 succ10=0.80 touch10=0.80 col10=0.20 to10=0.00 min_d= 0.30 avg_spd=2.14m/s end=goal t= 1194.0s
[TRAIN][PPO] ep=077/500 r=   65.75 avg10=  454.34 steps= 359 succ10=0.70 touch10=0.70 col10=0.30 to10=0.00 min_d= 3.05 avg_spd=2.09m/s end=collision t= 1198.5s
[TRAIN][PPO] ep=078/500 r=  564.92 avg10=  452.16 steps=1488 succ10=0.70 touch10=0.70 col10=0.30 to10=0.00 min_d= 0.30 avg_spd=2.16m/s end=goal t= 1216.5s
[TRAIN][PPO] ep=079/500 r=  581.03 avg10=  451.79 steps=1398 succ10=0.70 touch10=0.70 col10=0.30 to10=0.00 min_d= 0.30 avg_spd=2.15m/s end=goal t= 1234.1s
[TRAIN][PPO] ep=080/500 r=  587.94 avg10=  451.80 steps=1424 succ10=0.70 touch10=0.70 col10=0.30 to10=0.00 min_d= 0.30 avg_spd=2.15m/s end=goal t= 1253.6s
[TRAIN][PPO] ep=081/500 r=  593.89 avg10=  452.10 steps=1447 succ10=0.70 touch10=0.70 col10=0.30 to10=0.00 min_d= 0.30 avg_spd=2.12m/s end=goal t= 1271.8s
[TRAIN][PPO] ep=082/500 r=  597.04 avg10=  452.09 steps=1446 succ10=0.70 touch10=0.70 col10=0.30 to10=0.00 min_d= 0.30 avg_spd=2.13m/s end=goal t= 1290.5s
[TRAIN][PPO] ep=083/500 r=  578.68 avg10=  450.18 steps=1403 succ10=0.70 touch10=0.70 col10=0.30 to10=0.00 min_d= 0.30 avg_spd=2.12m/s end=goal t= 1308.1s
[TRAIN][PPO] ep=084/500 r=  586.19 avg10=  501.63 steps=1419 succ10=0.80 touch10=0.80 col10=0.20 to10=0.00 min_d= 0.30 avg_spd=2.14m/s end=goal t= 1327.6s
[TRAIN][PPO] ep=085/500 r=  578.68 avg10=  531.25 steps=1393 succ10=0.90 touch10=0.90 col10=0.10 to10=0.00 min_d= 0.30 avg_spd=2.14m/s end=goal t= 1344.6s
[TRAIN][PPO] ep=086/500 r=   67.68 avg10=  480.18 steps= 367 succ10=0.80 touch10=0.80 col10=0.20 to10=0.00 min_d= 3.06 avg_spd=2.13m/s end=collision t= 1349.0s
[TRAIN][PPO] ep=087/500 r=   53.63 avg10=  478.97 steps= 321 succ10=0.80 touch10=0.80 col10=0.20 to10=0.00 min_d= 3.07 avg_spd=2.15m/s end=collision t= 1353.2s
[TRAIN][PPO] ep=088/500 r=  285.94 avg10=  451.07 steps=1007 succ10=0.70 touch10=0.70 col10=0.30 to10=0.00 min_d= 1.29 avg_spd=2.15m/s end=collision t= 1366.8s
[TRAIN][PPO] ep=089/500 r=  587.18 avg10=  451.69 steps=1423 succ10=0.70 touch10=0.70 col10=0.30 to10=0.00 min_d= 0.30 avg_spd=2.14m/s end=goal t= 1384.2s
[TRAIN][PPO] ep=090/500 r=  585.39 avg10=  451.43 steps=1410 succ10=0.70 touch10=0.70 col10=0.30 to10=0.00 min_d= 0.30 avg_spd=2.15m/s end=goal t= 1402.3s
[TRAIN][PPO] ep=091/500 r=  585.98 avg10=  450.64 steps=1420 succ10=0.70 touch10=0.70 col10=0.30 to10=0.00 min_d= 0.30 avg_spd=2.15m/s end=goal t= 1420.2s
[TRAIN][PPO] ep=092/500 r=  593.36 avg10=  450.27 steps=1434 succ10=0.70 touch10=0.70 col10=0.30 to10=0.00 min_d= 0.30 avg_spd=2.13m/s end=goal t= 1439.6s
[TRAIN][PPO] ep=093/500 r=  577.49 avg10=  450.15 steps=1420 succ10=0.70 touch10=0.70 col10=0.30 to10=0.00 min_d= 0.30 avg_spd=2.13m/s end=goal t= 1457.6s
[TRAIN][PPO] ep=094/500 r=  585.40 avg10=  450.07 steps=1412 succ10=0.70 touch10=0.70 col10=0.30 to10=0.00 min_d= 0.30 avg_spd=2.13m/s end=goal t= 1475.3s
[TRAIN][PPO] ep=095/500 r=  577.21 avg10=  449.93 steps=1390 succ10=0.70 touch10=0.70 col10=0.30 to10=0.00 min_d= 0.30 avg_spd=2.14m/s end=goal t= 1492.9s
[TRAIN][PPO] ep=096/500 r=  584.90 avg10=  501.65 steps=1431 succ10=0.80 touch10=0.80 col10=0.20 to10=0.00 min_d= 0.30 avg_spd=2.13m/s end=goal t= 1512.1s
[TRAIN][PPO] ep=097/500 r=  579.80 avg10=  554.27 steps=1392 succ10=0.90 touch10=0.90 col10=0.10 to10=0.00 min_d= 0.30 avg_spd=2.14m/s end=goal t= 1529.3s
[TRAIN][PPO] ep=098/500 r=  593.07 avg10=  584.98 steps=1429 succ10=1.00 touch10=1.00 col10=0.00 to10=0.00 min_d= 0.30 avg_spd=2.12m/s end=goal t= 1547.4s
[TRAIN][PPO] ep=099/500 r=  597.98 avg10=  586.06 steps=1458 succ10=1.00 touch10=1.00 col10=0.00 to10=0.00 min_d= 0.30 avg_spd=2.12m/s end=goal t= 1566.0s
[TRAIN][PPO] ep=100/500 r=  580.00 avg10=  585.52 steps=1352 succ10=1.00 touch10=1.00 col10=0.00 to10=0.00 min_d= 0.30 avg_spd=2.16m/s end=goal t= 1584.3s ckpt=latest
[TRAIN][PPO] ep=101/500 r=  580.31 avg10=  584.95 steps=1388 succ10=1.00 touch10=1.00 col10=0.00 to10=0.00 min_d= 0.30 avg_spd=2.16m/s end=goal t= 1602.3s
[TRAIN][PPO] ep=102/500 r=  588.09 avg10=  584.42 steps=1424 succ10=1.00 touch10=1.00 col10=0.00 to10=0.00 min_d= 0.30 avg_spd=2.14m/s end=goal t= 1620.6s
[TRAIN][PPO] ep=103/500 r=  586.83 avg10=  585.36 steps=1441 succ10=1.00 touch10=1.00 col10=0.00 to10=0.00 min_d= 0.30 avg_spd=2.14m/s end=goal t= 1638.9s
[TRAIN][PPO] ep=104/500 r=  -29.57 avg10=  523.86 steps=  71 succ10=0.90 touch10=0.90 col10=0.10 to10=0.00 min_d= 3.85 avg_spd=1.90m/s end=collision t= 1640.8s
[TRAIN][PPO] ep=105/500 r=  588.71 avg10=  525.01 steps=1428 succ10=0.90 touch10=0.90 col10=0.10 to10=0.00 min_d= 0.30 avg_spd=2.13m/s end=goal t= 1659.3s
[TRAIN][PPO] ep=106/500 r=   66.99 avg10=  473.22 steps= 360 succ10=0.80 touch10=0.80 col10=0.20 to10=0.00 min_d= 3.08 avg_spd=2.11m/s end=collision t= 1663.9s
[TRAIN][PPO] ep=107/500 r=  569.41 avg10=  472.18 steps=1502 succ10=0.80 touch10=0.80 col10=0.20 to10=0.00 min_d= 0.30 avg_spd=2.12m/s end=goal t= 1683.1s
[TRAIN][PPO] ep=108/500 r=  590.28 avg10=  471.90 steps=1431 succ10=0.80 touch10=0.80 col10=0.20 to10=0.00 min_d= 0.30 avg_spd=2.12m/s end=goal t= 1702.1s
[TRAIN][PPO] ep=109/500 r=  580.86 avg10=  470.19 steps=1396 succ10=0.80 touch10=0.80 col10=0.20 to10=0.00 min_d= 0.30 avg_spd=2.15m/s end=goal t= 1719.7s
[TRAIN][PPO] ep=110/500 r=  594.34 avg10=  471.62 steps=1439 succ10=0.80 touch10=0.80 col10=0.20 to10=0.00 min_d= 0.30 avg_spd=2.13m/s end=goal t= 1738.0s
[TRAIN][PPO] ep=111/500 r=  563.82 avg10=  469.98 steps=1517 succ10=0.80 touch10=0.80 col10=0.20 to10=0.00 min_d= 0.30 avg_spd=2.14m/s end=goal t= 1756.8s
[TRAIN][PPO] ep=112/500 r=  586.42 avg10=  469.81 steps=1429 succ10=0.80 touch10=0.80 col10=0.20 to10=0.00 min_d= 0.30 avg_spd=2.15m/s end=goal t= 1776.1s
[TRAIN][PPO] ep=113/500 r=  589.13 avg10=  470.04 steps=1447 succ10=0.80 touch10=0.80 col10=0.20 to10=0.00 min_d= 0.30 avg_spd=2.11m/s end=goal t= 1794.3s
[TRAIN][PPO] ep=114/500 r=  586.70 avg10=  531.67 steps=1421 succ10=0.90 touch10=0.90 col10=0.10 to10=0.00 min_d= 0.30 avg_spd=2.11m/s end=goal t= 1812.3s
[TRAIN][PPO] ep=115/500 r=  583.76 avg10=  531.17 steps=1414 succ10=0.90 touch10=0.90 col10=0.10 to10=0.00 min_d= 0.30 avg_spd=2.13m/s end=goal t= 1830.1s
[TRAIN][PPO] ep=116/500 r=  578.68 avg10=  582.34 steps=1389 succ10=1.00 touch10=1.00 col10=0.00 to10=0.00 min_d= 0.30 avg_spd=2.14m/s end=goal t= 1849.0s
[TRAIN][PPO] ep=117/500 r=  585.95 avg10=  583.99 steps=1409 succ10=1.00 touch10=1.00 col10=0.00 to10=0.00 min_d= 0.30 avg_spd=2.12m/s end=goal t= 1867.1s
[TRAIN][PPO] ep=118/500 r=  583.02 avg10=  583.27 steps=1405 succ10=1.00 touch10=1.00 col10=0.00 to10=0.00 min_d= 0.30 avg_spd=2.14m/s end=goal t= 1884.6s
[TRAIN][PPO] ep=119/500 r=  586.83 avg10=  583.86 steps=1447 succ10=1.00 touch10=1.00 col10=0.00 to10=0.00 min_d= 0.30 avg_spd=2.12m/s end=goal t= 1902.8s
[TRAIN][PPO] ep=120/500 r=  591.69 avg10=  583.60 steps=1437 succ10=1.00 touch10=1.00 col10=0.00 to10=0.00 min_d= 0.30 avg_spd=2.13m/s end=goal t= 1922.0s
[TRAIN][PPO] ep=121/500 r=  588.30 avg10=  586.05 steps=1429 succ10=1.00 touch10=1.00 col10=0.00 to10=0.00 min_d= 0.30 avg_spd=2.12m/s end=goal t= 1940.2s
[TRAIN][PPO] ep=122/500 r=  574.33 avg10=  584.84 steps=1373 succ10=1.00 touch10=1.00 col10=0.00 to10=0.00 min_d= 0.30 avg_spd=2.14m/s end=goal t= 1957.9s
[TRAIN][PPO] ep=123/500 r=  585.28 avg10=  584.45 steps=1511 succ10=1.00 touch10=1.00 col10=0.00 to10=0.00 min_d= 0.30 avg_spd=2.14m/s end=goal t= 1976.8s
[TRAIN][PPO] ep=124/500 r=  575.70 avg10=  583.35 steps=1522 succ10=1.00 touch10=1.00 col10=0.00 to10=0.00 min_d= 0.30 avg_spd=2.15m/s end=goal t= 1996.9s
[TRAIN][PPO] ep=125/500 r=  587.23 avg10=  583.70 steps=1421 succ10=1.00 touch10=1.00 col10=0.00 to10=0.00 min_d= 0.30 avg_spd=2.14m/s end=goal t= 2014.9s
[TRAIN][PPO] ep=126/500 r=  584.86 avg10=  584.32 steps=1399 succ10=1.00 touch10=1.00 col10=0.00 to10=0.00 min_d= 0.30 avg_spd=2.13m/s end=goal t= 2032.2s
[TRAIN][PPO] ep=127/500 r=  583.70 avg10=  584.09 steps=1411 succ10=1.00 touch10=1.00 col10=0.00 to10=0.00 min_d= 0.30 avg_spd=2.14m/s end=goal t= 2049.8s
[TRAIN][PPO] ep=128/500 r=  591.52 avg10=  584.94 steps=1424 succ10=1.00 touch10=1.00 col10=0.00 to10=0.00 min_d= 0.30 avg_spd=2.14m/s end=goal t= 2072.0s
[TRAIN][PPO] ep=129/500 r=  587.61 avg10=  585.02 steps=1408 succ10=1.00 touch10=1.00 col10=0.00 to10=0.00 min_d= 0.30 avg_spd=2.14m/s end=goal t= 2090.0s
[TRAIN][PPO] ep=130/500 r=  596.39 avg10=  585.49 steps=1443 succ10=1.00 touch10=1.00 col10=0.00 to10=0.00 min_d= 0.30 avg_spd=2.12m/s end=goal t= 2108.4s
[TRAIN][PPO] ep=131/500 r=  595.65 avg10=  586.23 steps=1452 succ10=1.00 touch10=1.00 col10=0.00 to10=0.00 min_d= 0.30 avg_spd=2.13m/s end=goal t= 2126.5s
[TRAIN][PPO] ep=132/500 r=  589.27 avg10=  587.72 steps=1423 succ10=1.00 touch10=1.00 col10=0.00 to10=0.00 min_d= 0.30 avg_spd=2.13m/s end=goal t= 2146.2s
[TRAIN][PPO] ep=133/500 r=  583.34 avg10=  587.53 steps=1418 succ10=1.00 touch10=1.00 col10=0.00 to10=0.00 min_d= 0.30 avg_spd=2.13m/s end=goal t= 2164.3s
[TRAIN][PPO] ep=134/500 r=  595.51 avg10=  589.51 steps=1437 succ10=1.00 touch10=1.00 col10=0.00 to10=0.00 min_d= 0.30 avg_spd=2.14m/s end=goal t= 2182.5s
[TRAIN][PPO] ep=135/500 r=  581.18 avg10=  588.90 steps=1390 succ10=1.00 touch10=1.00 col10=0.00 to10=0.00 min_d= 0.30 avg_spd=2.12m/s end=goal t= 2199.9s
[TRAIN][PPO] ep=136/500 r=  -27.79 avg10=  527.64 steps= 148 succ10=0.90 touch10=0.90 col10=0.10 to10=0.00 min_d= 3.81 avg_spd=2.08m/s end=collision t= 2203.5s
[TRAIN][PPO] ep=137/500 r=  582.79 avg10=  527.55 steps=1402 succ10=0.90 touch10=0.90 col10=0.10 to10=0.00 min_d= 0.30 avg_spd=2.14m/s end=goal t= 2221.2s
[TRAIN][PPO] ep=138/500 r=  580.36 avg10=  526.43 steps=1394 succ10=0.90 touch10=0.90 col10=0.10 to10=0.00 min_d= 0.30 avg_spd=2.13m/s end=goal t= 2239.0s
[TRAIN][PPO] ep=139/500 r=  584.44 avg10=  526.11 steps=1404 succ10=0.90 touch10=0.90 col10=0.10 to10=0.00 min_d= 0.30 avg_spd=2.15m/s end=goal t= 2256.5s
[TRAIN][PPO] ep=140/500 r=  -30.98 avg10=  463.38 steps= 116 succ10=0.80 touch10=0.80 col10=0.20 to10=0.00 min_d= 3.83 avg_spd=2.15m/s end=collision t= 2259.2s
[TRAIN][PPO] ep=141/500 r=  -27.15 avg10=  401.10 steps= 148 succ10=0.70 touch10=0.70 col10=0.30 to10=0.00 min_d= 3.81 avg_spd=2.08m/s end=collision t= 2261.1s
[TRAIN][PPO] ep=142/500 r=  594.40 avg10=  401.61 steps=1431 succ10=0.70 touch10=0.70 col10=0.30 to10=0.00 min_d= 0.30 avg_spd=2.14m/s end=goal t= 2279.0s
[TRAIN][PPO] ep=143/500 r=  582.19 avg10=  401.50 steps=1394 succ10=0.70 touch10=0.70 col10=0.30 to10=0.00 min_d= 0.30 avg_spd=2.13m/s end=goal t= 2296.9s
[TRAIN][PPO] ep=144/500 r=  586.81 avg10=  400.63 steps=1419 succ10=0.70 touch10=0.70 col10=0.30 to10=0.00 min_d= 0.30 avg_spd=2.13m/s end=goal t= 2316.5s
[TRAIN][PPO] ep=145/500 r=  -35.50 avg10=  338.96 steps= 154 succ10=0.60 touch10=0.60 col10=0.40 to10=0.00 min_d= 3.79 avg_spd=2.13m/s end=collision t= 2318.5s
[TRAIN][PPO] ep=146/500 r=  582.41 avg10=  399.98 steps=1390 succ10=0.70 touch10=0.70 col10=0.30 to10=0.00 min_d= 0.30 avg_spd=2.13m/s end=goal t= 2335.9s
[TRAIN][PPO] ep=147/500 r=  -29.10 avg10=  338.79 steps= 149 succ10=0.60 touch10=0.60 col10=0.40 to10=0.00 min_d= 3.82 avg_spd=2.11m/s end=collision t= 2337.7s
[TRAIN][PPO] ep=148/500 r=  579.70 avg10=  338.72 steps=1405 succ10=0.60 touch10=0.60 col10=0.40 to10=0.00 min_d= 0.30 avg_spd=2.12m/s end=goal t= 2355.7s
[TRAIN][PPO] ep=149/500 r=  -43.69 avg10=  275.91 steps=  25 succ10=0.50 touch10=0.50 col10=0.50 to10=0.00 min_d= 3.84 avg_spd=2.07m/s end=collision t= 2356.1s
[TRAIN][PPO] ep=150/500 r=  593.79 avg10=  338.39 steps=1447 succ10=0.60 touch10=0.60 col10=0.40 to10=0.00 min_d= 0.30 avg_spd=2.12m/s end=goal t= 2374.1s
[TRAIN][PPO] ep=151/500 r=  574.44 avg10=  398.55 steps=1380 succ10=0.70 touch10=0.70 col10=0.30 to10=0.00 min_d= 0.30 avg_spd=2.14m/s end=goal t= 2390.8s
[TRAIN][PPO] ep=152/500 r=  578.24 avg10=  396.93 steps=1387 succ10=0.70 touch10=0.70 col10=0.30 to10=0.00 min_d= 0.30 avg_spd=2.14m/s end=goal t= 2409.0s
[TRAIN][PPO] ep=153/500 r=  287.87 avg10=  367.50 steps=1006 succ10=0.60 touch10=0.60 col10=0.40 to10=0.00 min_d= 1.39 avg_spd=2.15m/s end=collision t= 2421.2s
[TRAIN][PPO] ep=154/500 r=  591.14 avg10=  367.93 steps=1424 succ10=0.60 touch10=0.60 col10=0.40 to10=0.00 min_d= 0.30 avg_spd=2.15m/s end=goal t= 2438.7s
[TRAIN][PPO] ep=155/500 r=  590.17 avg10=  430.50 steps=1430 succ10=0.70 touch10=0.70 col10=0.30 to10=0.00 min_d= 0.30 avg_spd=2.13m/s end=goal t= 2456.4s
[TRAIN][PPO] ep=156/500 r=  582.02 avg10=  430.46 steps=1404 succ10=0.70 touch10=0.70 col10=0.30 to10=0.00 min_d= 0.30 avg_spd=2.15m/s end=goal t= 2475.0s
[TRAIN][PPO] ep=157/500 r=  590.48 avg10=  492.42 steps=1418 succ10=0.80 touch10=0.80 col10=0.20 to10=0.00 min_d= 0.30 avg_spd=2.13m/s end=goal t= 2492.8s
[TRAIN][PPO] ep=158/500 r=  580.07 avg10=  492.45 steps=1383 succ10=0.80 touch10=0.80 col10=0.20 to10=0.00 min_d= 0.30 avg_spd=2.12m/s end=goal t= 2509.5s
[TRAIN][PPO] ep=159/500 r=  581.10 avg10=  554.93 steps=1386 succ10=0.90 touch10=0.90 col10=0.10 to10=0.00 min_d= 0.30 avg_spd=2.13m/s end=goal t= 2526.8s
[TRAIN][PPO] ep=160/500 r=  584.03 avg10=  553.96 steps=1404 succ10=0.90 touch10=0.90 col10=0.10 to10=0.00 min_d= 0.30 avg_spd=2.16m/s end=goal t= 2546.7s
[TRAIN][PPO] ep=161/500 r=  580.13 avg10=  554.52 steps=1396 succ10=0.90 touch10=0.90 col10=0.10 to10=0.00 min_d= 0.30 avg_spd=2.14m/s end=goal t= 2563.0s
[TRAIN][PPO] ep=162/500 r=  589.63 avg10=  555.66 steps=1412 succ10=0.90 touch10=0.90 col10=0.10 to10=0.00 min_d= 0.30 avg_spd=2.14m/s end=goal t= 2580.3s
[TRAIN][PPO] ep=163/500 r=  589.52 avg10=  585.83 steps=1429 succ10=1.00 touch10=1.00 col10=0.00 to10=0.00 min_d= 0.30 avg_spd=2.13m/s end=goal t= 2598.8s
[TRAIN][PPO] ep=164/500 r=  583.48 avg10=  585.06 steps=1393 succ10=1.00 touch10=1.00 col10=0.00 to10=0.00 min_d= 0.30 avg_spd=2.16m/s end=goal t= 2618.1s
[TRAIN][PPO] ep=165/500 r=  576.95 avg10=  583.74 steps=1396 succ10=1.00 touch10=1.00 col10=0.00 to10=0.00 min_d= 0.30 avg_spd=2.13m/s end=goal t= 2636.1s
[TRAIN][PPO] ep=166/500 r=  -43.05 avg10=  521.23 steps=  32 succ10=0.90 touch10=0.90 col10=0.10 to10=0.00 min_d= 3.83 avg_spd=2.09m/s end=collision t= 2636.6s
[TRAIN][PPO] ep=167/500 r=  593.61 avg10=  521.55 steps=1428 succ10=0.90 touch10=0.90 col10=0.10 to10=0.00 min_d= 0.30 avg_spd=2.13m/s end=goal t= 2654.3s
[TRAIN][PPO] ep=168/500 r=  583.61 avg10=  521.90 steps=1403 succ10=0.90 touch10=0.90 col10=0.10 to10=0.00 min_d= 0.30 avg_spd=2.14m/s end=goal t= 2673.9s
[TRAIN][PPO] ep=169/500 r=  593.85 avg10=  523.18 steps=1431 succ10=0.90 touch10=0.90 col10=0.10 to10=0.00 min_d= 0.30 avg_spd=2.13m/s end=goal t= 2691.6s
[TRAIN][PPO] ep=170/500 r=  -35.90 avg10=  461.18 steps= 124 succ10=0.80 touch10=0.80 col10=0.20 to10=0.00 min_d= 3.80 avg_spd=2.06m/s end=collision t= 2693.2s
[TRAIN][PPO] ep=171/500 r=  589.44 avg10=  462.11 steps=1414 succ10=0.80 touch10=0.80 col10=0.20 to10=0.00 min_d= 0.30 avg_spd=2.14m/s end=goal t= 2710.7s
[TRAIN][PPO] ep=172/500 r=  583.59 avg10=  461.51 steps=1395 succ10=0.80 touch10=0.80 col10=0.20 to10=0.00 min_d= 0.30 avg_spd=2.15m/s end=goal t= 2729.1s
[TRAIN][PPO] ep=173/500 r=  574.63 avg10=  460.02 steps=1376 succ10=0.80 touch10=0.80 col10=0.20 to10=0.00 min_d= 0.30 avg_spd=2.14m/s end=goal t= 2744.8s
[TRAIN][PPO] ep=174/500 r=  573.10 avg10=  458.98 steps=1374 succ10=0.80 touch10=0.80 col10=0.20 to10=0.00 min_d= 0.30 avg_spd=2.15m/s end=goal t= 2761.3s
[TRAIN][PPO] ep=175/500 r=  588.39 avg10=  460.13 steps=1495 succ10=0.80 touch10=0.80 col10=0.20 to10=0.00 min_d= 0.30 avg_spd=2.15m/s end=goal t= 2779.6s
[TRAIN][PPO] ep=176/500 r=  583.91 avg10=  522.82 steps=1418 succ10=0.90 touch10=0.90 col10=0.10 to10=0.00 min_d= 0.30 avg_spd=2.14m/s end=goal t= 2798.7s
[TRAIN][PPO] ep=177/500 r=  590.58 avg10=  522.52 steps=1431 succ10=0.90 touch10=0.90 col10=0.10 to10=0.00 min_d= 0.30 avg_spd=2.14m/s end=goal t= 2815.9s
[TRAIN][PPO] ep=178/500 r=  288.85 avg10=  493.04 steps=1016 succ10=0.80 touch10=0.80 col10=0.20 to10=0.00 min_d= 1.26 avg_spd=2.17m/s end=collision t= 2828.1s
[TRAIN][PPO] ep=179/500 r=  588.04 avg10=  492.46 steps=1406 succ10=0.80 touch10=0.80 col10=0.20 to10=0.00 min_d= 0.30 avg_spd=2.13m/s end=goal t= 2845.5s
[TRAIN][PPO] ep=180/500 r=  588.83 avg10=  554.94 steps=1418 succ10=0.90 touch10=0.90 col10=0.10 to10=0.00 min_d= 0.30 avg_spd=2.12m/s end=goal t= 2865.4s
[TRAIN][PPO] ep=181/500 r=  -36.78 avg10=  492.31 steps= 113 succ10=0.80 touch10=0.80 col10=0.20 to10=0.00 min_d= 3.82 avg_spd=2.17m/s end=collision t= 2866.8s
[TRAIN][PPO] ep=182/500 r=  279.18 avg10=  461.87 steps= 997 succ10=0.70 touch10=0.70 col10=0.30 to10=0.00 min_d= 1.39 avg_spd=2.11m/s end=collision t= 2878.6s
[TRAIN][PPO] ep=183/500 r=  589.19 avg10=  463.33 steps=1413 succ10=0.70 touch10=0.70 col10=0.30 to10=0.00 min_d= 0.30 avg_spd=2.15m/s end=goal t= 2895.3s
[TRAIN][PPO] ep=184/500 r=  -40.20 avg10=  402.00 steps=  40 succ10=0.60 touch10=0.60 col10=0.40 to10=0.00 min_d= 3.84 avg_spd=2.09m/s end=collision t= 2897.3s
[TRAIN][PPO] ep=185/500 r=  588.51 avg10=  402.01 steps=1413 succ10=0.60 touch10=0.60 col10=0.40 to10=0.00 min_d= 0.30 avg_spd=2.14m/s end=goal t= 2914.7s
[TRAIN][PPO] ep=186/500 r=  -39.60 avg10=  339.66 steps=  95 succ10=0.50 touch10=0.50 col10=0.50 to10=0.00 min_d= 3.80 avg_spd=2.13m/s end=collision t= 2915.9s
[TRAIN][PPO] ep=187/500 r=  567.33 avg10=  337.34 steps=1532 succ10=0.50 touch10=0.50 col10=0.50 to10=0.00 min_d= 0.30 avg_spd=2.12m/s end=goal t= 2934.7s
[TRAIN][PPO] ep=188/500 r=  581.85 avg10=  366.64 steps=1396 succ10=0.60 touch10=0.60 col10=0.40 to10=0.00 min_d= 0.30 avg_spd=2.14m/s end=goal t= 2952.8s
[TRAIN][PPO] ep=189/500 r=  555.75 avg10=  363.41 steps=1519 succ10=0.60 touch10=0.60 col10=0.40 to10=0.00 min_d= 0.30 avg_spd=2.12m/s end=goal t= 2972.0s
[TRAIN][PPO] ep=190/500 r=  586.60 avg10=  363.18 steps=1426 succ10=0.60 touch10=0.60 col10=0.40 to10=0.00 min_d= 0.30 avg_spd=2.12m/s end=goal t= 2990.1s
[TRAIN][PPO] ep=191/500 r=  585.94 avg10=  425.46 steps=1408 succ10=0.70 touch10=0.70 col10=0.30 to10=0.00 min_d= 0.30 avg_spd=2.12m/s end=goal t= 3008.1s
[TRAIN][PPO] ep=192/500 r=  590.99 avg10=  456.64 steps=1422 succ10=0.80 touch10=0.80 col10=0.20 to10=0.00 min_d= 0.30 avg_spd=2.13m/s end=goal t= 3028.0s
[TRAIN][PPO] ep=193/500 r=  590.53 avg10=  456.77 steps=1425 succ10=0.80 touch10=0.80 col10=0.20 to10=0.00 min_d= 0.30 avg_spd=2.13m/s end=goal t= 3045.7s
[TRAIN][PPO] ep=194/500 r=  286.71 avg10=  489.46 steps=1007 succ10=0.80 touch10=0.80 col10=0.20 to10=0.00 min_d= 1.30 avg_spd=2.16m/s end=collision t= 3058.9s
[TRAIN][PPO] ep=195/500 r=  588.12 avg10=  489.42 steps=1418 succ10=0.80 touch10=0.80 col10=0.20 to10=0.00 min_d= 0.30 avg_spd=2.13m/s end=goal t= 3076.8s
[TRAIN][PPO] ep=196/500 r=   70.79 avg10=  500.46 steps= 370 succ10=0.80 touch10=0.80 col10=0.20 to10=0.00 min_d= 3.06 avg_spd=2.10m/s end=collision t= 3082.8s
[TRAIN][PPO] ep=197/500 r=  584.98 avg10=  502.23 steps=1408 succ10=0.80 touch10=0.80 col10=0.20 to10=0.00 min_d= 0.30 avg_spd=2.12m/s end=goal t= 3100.2s
[TRAIN][PPO] ep=198/500 r=  578.55 avg10=  501.90 steps=1500 succ10=0.80 touch10=0.80 col10=0.20 to10=0.00 min_d= 0.30 avg_spd=2.14m/s end=goal t= 3118.6s
[TRAIN][PPO] ep=199/500 r=  -33.25 avg10=  443.00 steps= 110 succ10=0.70 touch10=0.70 col10=0.30 to10=0.00 min_d= 3.82 avg_spd=2.12m/s end=collision t= 3120.0s
[TRAIN][PPO] ep=200/500 r=  584.15 avg10=  442.75 steps=1409 succ10=0.70 touch10=0.70 col10=0.30 to10=0.00 min_d= 0.30 avg_spd=2.13m/s end=goal t= 3138.6s ckpt=latest
[TRAIN][PPO] ep=201/500 r=  590.29 avg10=  443.19 steps=1429 succ10=0.70 touch10=0.70 col10=0.30 to10=0.00 min_d= 0.30 avg_spd=2.14m/s end=goal t= 3157.1s
[TRAIN][PPO] ep=202/500 r=  581.44 avg10=  442.23 steps=1394 succ10=0.70 touch10=0.70 col10=0.30 to10=0.00 min_d= 0.30 avg_spd=2.14m/s end=goal t= 3173.6s
[TRAIN][PPO] ep=203/500 r=  579.90 avg10=  441.17 steps=1402 succ10=0.70 touch10=0.70 col10=0.30 to10=0.00 min_d= 0.30 avg_spd=2.13m/s end=goal t= 3191.0s
[TRAIN][PPO] ep=204/500 r=  -39.40 avg10=  408.56 steps=  43 succ10=0.70 touch10=0.70 col10=0.30 to10=0.00 min_d= 3.84 avg_spd=2.10m/s end=collision t= 3192.5s
[TRAIN][PPO] ep=205/500 r=  -44.07 avg10=  345.34 steps=  23 succ10=0.60 touch10=0.60 col10=0.40 to10=0.00 min_d= 3.84 avg_spd=1.85m/s end=collision t= 3192.9s
[TRAIN][PPO] ep=206/500 r=  589.47 avg10=  397.20 steps=1418 succ10=0.70 touch10=0.70 col10=0.30 to10=0.00 min_d= 0.30 avg_spd=2.13m/s end=goal t= 3210.9s
[TRAIN][PPO] ep=207/500 r=  582.32 avg10=  396.94 steps=1395 succ10=0.70 touch10=0.70 col10=0.30 to10=0.00 min_d= 0.30 avg_spd=2.14m/s end=goal t= 3227.9s
[TRAIN][PPO] ep=208/500 r=  579.28 avg10=  397.01 steps=1383 succ10=0.70 touch10=0.70 col10=0.30 to10=0.00 min_d= 0.30 avg_spd=2.14m/s end=goal t= 3245.6s
[TRAIN][PPO] ep=209/500 r=  583.40 avg10=  458.68 steps=1399 succ10=0.80 touch10=0.80 col10=0.20 to10=0.00 min_d= 0.30 avg_spd=2.13m/s end=goal t= 3262.4s
[TRAIN][PPO] ep=210/500 r=  592.66 avg10=  459.53 steps=1456 succ10=0.80 touch10=0.80 col10=0.20 to10=0.00 min_d= 0.30 avg_spd=2.11m/s end=goal t= 3279.9s
[TRAIN][PPO] ep=211/500 r=  567.93 avg10=  457.29 steps=1508 succ10=0.80 touch10=0.80 col10=0.20 to10=0.00 min_d= 0.30 avg_spd=2.15m/s end=goal t= 3298.1s
[TRAIN][PPO] ep=212/500 r=  580.84 avg10=  457.23 steps=1386 succ10=0.80 touch10=0.80 col10=0.20 to10=0.00 min_d= 0.30 avg_spd=2.13m/s end=goal t= 3316.6s
[TRAIN][PPO] ep=213/500 r=  587.55 avg10=  458.00 steps=1421 succ10=0.80 touch10=0.80 col10=0.20 to10=0.00 min_d= 0.30 avg_spd=2.14m/s end=goal t= 3334.2s
[TRAIN][PPO] ep=214/500 r=  587.61 avg10=  520.70 steps=1409 succ10=0.90 touch10=0.90 col10=0.10 to10=0.00 min_d= 0.30 avg_spd=2.14m/s end=goal t= 3352.0s
[TRAIN][PPO] ep=215/500 r=  586.08 avg10=  583.71 steps=1507 succ10=1.00 touch10=1.00 col10=0.00 to10=0.00 min_d= 0.30 avg_spd=2.15m/s end=goal t= 3370.4s
[TRAIN][PPO] ep=216/500 r=  590.08 avg10=  583.77 steps=1417 succ10=1.00 touch10=1.00 col10=0.00 to10=0.00 min_d= 0.30 avg_spd=2.12m/s end=goal t= 3388.4s
[TRAIN][PPO] ep=217/500 r=  579.49 avg10=  583.49 steps=1542 succ10=1.00 touch10=1.00 col10=0.00 to10=0.00 min_d= 0.30 avg_spd=2.14m/s end=goal t= 3407.0s
[TRAIN][PPO] ep=218/500 r=  576.78 avg10=  583.24 steps=1375 succ10=1.00 touch10=1.00 col10=0.00 to10=0.00 min_d= 0.30 avg_spd=2.14m/s end=goal t= 3423.8s
[TRAIN][PPO] ep=219/500 r=  594.87 avg10=  584.39 steps=1443 succ10=1.00 touch10=1.00 col10=0.00 to10=0.00 min_d= 0.30 avg_spd=2.14m/s end=goal t= 3441.4s
[TRAIN][PPO] ep=220/500 r=  584.96 avg10=  583.62 steps=1409 succ10=1.00 touch10=1.00 col10=0.00 to10=0.00 min_d= 0.30 avg_spd=2.14m/s end=goal t= 3460.5s
[TRAIN][PPO] ep=221/500 r=  584.37 avg10=  585.26 steps=1403 succ10=1.00 touch10=1.00 col10=0.00 to10=0.00 min_d= 0.30 avg_spd=2.14m/s end=goal t= 3477.9s
[TRAIN][PPO] ep=222/500 r=  580.74 avg10=  585.25 steps=1394 succ10=1.00 touch10=1.00 col10=0.00 to10=0.00 min_d= 0.30 avg_spd=2.14m/s end=goal t= 3495.1s
[TRAIN][PPO] ep=223/500 r=  590.36 avg10=  585.53 steps=1422 succ10=1.00 touch10=1.00 col10=0.00 to10=0.00 min_d= 0.30 avg_spd=2.16m/s end=goal t= 3512.5s
[TRAIN][PPO] ep=224/500 r=  581.33 avg10=  584.91 steps=1397 succ10=1.00 touch10=1.00 col10=0.00 to10=0.00 min_d= 0.30 avg_spd=2.16m/s end=goal t= 3531.3s
[TRAIN][PPO] ep=225/500 r=  555.91 avg10=  581.89 steps=1491 succ10=1.00 touch10=1.00 col10=0.00 to10=0.00 min_d= 0.30 avg_spd=2.13m/s end=goal t= 3549.3s
[TRAIN][PPO] ep=226/500 r=  578.26 avg10=  580.71 steps=1395 succ10=1.00 touch10=1.00 col10=0.00 to10=0.00 min_d= 0.30 avg_spd=2.13m/s end=goal t= 3566.4s
[TRAIN][PPO] ep=227/500 r=  582.13 avg10=  580.97 steps=1401 succ10=1.00 touch10=1.00 col10=0.00 to10=0.00 min_d= 0.30 avg_spd=2.15m/s end=goal t= 3583.4s
[TRAIN][PPO] ep=228/500 r=  589.89 avg10=  582.28 steps=1425 succ10=1.00 touch10=1.00 col10=0.00 to10=0.00 min_d= 0.30 avg_spd=2.13m/s end=goal t= 3601.4s
[TRAIN][PPO] ep=229/500 r=  583.25 avg10=  581.12 steps=1398 succ10=1.00 touch10=1.00 col10=0.00 to10=0.00 min_d= 0.30 avg_spd=2.14m/s end=goal t= 3618.4s
[TRAIN][PPO] ep=230/500 r=  601.72 avg10=  582.80 steps=1472 succ10=1.00 touch10=1.00 col10=0.00 to10=0.00 min_d= 0.30 avg_spd=2.11m/s end=goal t= 3636.4s ckpt=best_goal
[TRAIN][PPO] ep=231/500 r=  592.08 avg10=  583.57 steps=1422 succ10=1.00 touch10=1.00 col10=0.00 to10=0.00 min_d= 0.30 avg_spd=2.14m/s end=goal t= 3653.7s
[TRAIN][PPO] ep=232/500 r=  588.06 avg10=  584.30 steps=1419 succ10=1.00 touch10=1.00 col10=0.00 to10=0.00 min_d= 0.30 avg_spd=2.14m/s end=goal t= 3671.5s
[TRAIN][PPO] ep=233/500 r=  593.19 avg10=  584.58 steps=1427 succ10=1.00 touch10=1.00 col10=0.00 to10=0.00 min_d= 0.30 avg_spd=2.13m/s end=goal t= 3688.6s
[TRAIN][PPO] ep=234/500 r=  583.94 avg10=  584.84 steps=1397 succ10=1.00 touch10=1.00 col10=0.00 to10=0.00 min_d= 0.30 avg_spd=2.14m/s end=goal t= 3706.2s
[TRAIN][PPO] ep=235/500 r=  583.70 avg10=  587.62 steps=1403 succ10=1.00 touch10=1.00 col10=0.00 to10=0.00 min_d= 0.30 avg_spd=2.15m/s end=goal t= 3723.6s
[TRAIN][PPO] ep=236/500 r=  586.50 avg10=  588.44 steps=1408 succ10=1.00 touch10=1.00 col10=0.00 to10=0.00 min_d= 0.30 avg_spd=2.15m/s end=goal t= 3742.1s
[TRAIN][PPO] ep=237/500 r=  585.89 avg10=  588.82 steps=1405 succ10=1.00 touch10=1.00 col10=0.00 to10=0.00 min_d= 0.30 avg_spd=2.14m/s end=goal t= 3759.4s
[TRAIN][PPO] ep=238/500 r=  578.16 avg10=  587.65 steps=1389 succ10=1.00 touch10=1.00 col10=0.00 to10=0.00 min_d= 0.30 avg_spd=2.14m/s end=goal t= 3776.6s
[TRAIN][PPO] ep=239/500 r=  591.61 avg10=  588.48 steps=1430 succ10=1.00 touch10=1.00 col10=0.00 to10=0.00 min_d= 0.30 avg_spd=2.12m/s end=goal t= 3794.2s
[TRAIN][PPO] ep=240/500 r=  586.74 avg10=  586.99 steps=1415 succ10=1.00 touch10=1.00 col10=0.00 to10=0.00 min_d= 0.30 avg_spd=2.14m/s end=goal t= 3814.4s
[TRAIN][PPO] ep=241/500 r=  577.81 avg10=  585.56 steps=1384 succ10=1.00 touch10=1.00 col10=0.00 to10=0.00 min_d= 0.30 avg_spd=2.15m/s end=goal t= 3830.9s
[TRAIN][PPO] ep=242/500 r=  578.89 avg10=  584.64 steps=1379 succ10=1.00 touch10=1.00 col10=0.00 to10=0.00 min_d= 0.30 avg_spd=2.14m/s end=goal t= 3847.5s
[TRAIN][PPO] ep=243/500 r=  576.36 avg10=  582.96 steps=1380 succ10=1.00 touch10=1.00 col10=0.00 to10=0.00 min_d= 0.30 avg_spd=2.14m/s end=goal t= 3864.5s
[TRAIN][PPO] ep=244/500 r=  577.51 avg10=  582.32 steps=1381 succ10=1.00 touch10=1.00 col10=0.00 to10=0.00 min_d= 0.30 avg_spd=2.14m/s end=goal t= 3882.4s
[TRAIN][PPO] ep=245/500 r=  580.97 avg10=  582.04 steps=1407 succ10=1.00 touch10=1.00 col10=0.00 to10=0.00 min_d= 0.30 avg_spd=2.15m/s end=goal t= 3898.9s
[TRAIN][PPO] ep=246/500 r=  583.80 avg10=  581.77 steps=1413 succ10=1.00 touch10=1.00 col10=0.00 to10=0.00 min_d= 0.30 avg_spd=2.11m/s end=goal t= 3915.8s
[TRAIN][PPO] ep=247/500 r=  594.86 avg10=  582.67 steps=1447 succ10=1.00 touch10=1.00 col10=0.00 to10=0.00 min_d= 0.30 avg_spd=2.13m/s end=goal t= 3932.9s
[TRAIN][PPO] ep=248/500 r=  596.13 avg10=  584.47 steps=1453 succ10=1.00 touch10=1.00 col10=0.00 to10=0.00 min_d= 0.30 avg_spd=2.13m/s end=goal t= 3951.9s
[TRAIN][PPO] ep=249/500 r=  586.00 avg10=  583.91 steps=1407 succ10=1.00 touch10=1.00 col10=0.00 to10=0.00 min_d= 0.30 avg_spd=2.14m/s end=goal t= 3968.5s
[TRAIN][PPO] ep=250/500 r=  588.55 avg10=  584.09 steps=1422 succ10=1.00 touch10=1.00 col10=0.00 to10=0.00 min_d= 0.30 avg_spd=2.13m/s end=goal t= 3986.6s
[TRAIN][PPO] ep=251/500 r=  579.23 avg10=  584.23 steps=1395 succ10=1.00 touch10=1.00 col10=0.00 to10=0.00 min_d= 0.30 avg_spd=2.13m/s end=goal t= 4004.0s
[TRAIN][PPO] ep=252/500 r=  586.51 avg10=  584.99 steps=1408 succ10=1.00 touch10=1.00 col10=0.00 to10=0.00 min_d= 0.30 avg_spd=2.14m/s end=goal t= 4022.6s
[TRAIN][PPO] ep=253/500 r=  282.76 avg10=  555.63 steps=1003 succ10=0.90 touch10=0.90 col10=0.10 to10=0.00 min_d= 1.39 avg_spd=2.13m/s end=collision t= 4034.7s
[TRAIN][PPO] ep=254/500 r=  579.23 avg10=  555.80 steps=1501 succ10=0.90 touch10=0.90 col10=0.10 to10=0.00 min_d= 0.30 avg_spd=2.13m/s end=goal t= 4052.5s
[TRAIN][PPO] ep=255/500 r=  302.22 avg10=  527.93 steps=1054 succ10=0.80 touch10=0.80 col10=0.20 to10=0.00 min_d= 1.28 avg_spd=2.17m/s end=collision t= 4065.2s
[TRAIN][PPO] ep=256/500 r=  581.38 avg10=  527.69 steps=1400 succ10=0.80 touch10=0.80 col10=0.20 to10=0.00 min_d= 0.30 avg_spd=2.13m/s end=goal t= 4082.6s
[TRAIN][PPO] ep=257/500 r=  293.89 avg10=  497.59 steps=1029 succ10=0.70 touch10=0.70 col10=0.30 to10=0.00 min_d= 1.26 avg_spd=2.15m/s end=collision t= 4095.2s
[TRAIN][PPO] ep=258/500 r=  583.64 avg10=  496.34 steps=1395 succ10=0.70 touch10=0.70 col10=0.30 to10=0.00 min_d= 0.30 avg_spd=2.14m/s end=goal t= 4112.3s
[TRAIN][PPO] ep=259/500 r=  590.56 avg10=  496.80 steps=1422 succ10=0.70 touch10=0.70 col10=0.30 to10=0.00 min_d= 0.30 avg_spd=2.15m/s end=goal t= 4129.3s
[TRAIN][PPO] ep=260/500 r=  586.73 avg10=  496.61 steps=1411 succ10=0.70 touch10=0.70 col10=0.30 to10=0.00 min_d= 0.30 avg_spd=2.14m/s end=goal t= 4147.5s
[TRAIN][PPO] ep=261/500 r=  576.17 avg10=  496.31 steps=1382 succ10=0.70 touch10=0.70 col10=0.30 to10=0.00 min_d= 0.30 avg_spd=2.14m/s end=goal t= 4164.6s
[TRAIN][PPO] ep=262/500 r=  579.78 avg10=  495.63 steps=1390 succ10=0.70 touch10=0.70 col10=0.30 to10=0.00 min_d= 0.30 avg_spd=2.13m/s end=goal t= 4181.5s
[TRAIN][PPO] ep=263/500 r=  582.33 avg10=  525.59 steps=1394 succ10=0.80 touch10=0.80 col10=0.20 to10=0.00 min_d= 0.30 avg_spd=2.13m/s end=goal t= 4198.8s
[TRAIN][PPO] ep=264/500 r=  586.42 avg10=  526.31 steps=1411 succ10=0.80 touch10=0.80 col10=0.20 to10=0.00 min_d= 0.30 avg_spd=2.15m/s end=goal t= 4217.0s
[TRAIN][PPO] ep=265/500 r=  578.09 avg10=  553.90 steps=1379 succ10=0.90 touch10=0.90 col10=0.10 to10=0.00 min_d= 0.30 avg_spd=2.15m/s end=goal t= 4233.9s
[TRAIN][PPO] ep=266/500 r=  584.63 avg10=  554.22 steps=1418 succ10=0.90 touch10=0.90 col10=0.10 to10=0.00 min_d= 0.30 avg_spd=2.14m/s end=goal t= 4251.7s
[TRAIN][PPO] ep=267/500 r=  591.14 avg10=  583.95 steps=1434 succ10=1.00 touch10=1.00 col10=0.00 to10=0.00 min_d= 0.30 avg_spd=2.13m/s end=goal t= 4269.8s
[TRAIN][PPO] ep=268/500 r=  586.47 avg10=  584.23 steps=1410 succ10=1.00 touch10=1.00 col10=0.00 to10=0.00 min_d= 0.30 avg_spd=2.14m/s end=goal t= 4289.0s
[TRAIN][PPO] ep=269/500 r=  585.34 avg10=  583.71 steps=1405 succ10=1.00 touch10=1.00 col10=0.00 to10=0.00 min_d= 0.30 avg_spd=2.13m/s end=goal t= 4306.5s
[TRAIN][PPO] ep=270/500 r=  594.73 avg10=  584.51 steps=1446 succ10=1.00 touch10=1.00 col10=0.00 to10=0.00 min_d= 0.30 avg_spd=2.13m/s end=goal t= 4324.9s
[TRAIN][PPO] ep=271/500 r=  591.79 avg10=  586.07 steps=1432 succ10=1.00 touch10=1.00 col10=0.00 to10=0.00 min_d= 0.30 avg_spd=2.12m/s end=goal t= 4343.4s
[TRAIN][PPO] ep=272/500 r=  585.48 avg10=  586.64 steps=1399 succ10=1.00 touch10=1.00 col10=0.00 to10=0.00 min_d= 0.30 avg_spd=2.16m/s end=goal t= 4362.6s
[TRAIN][PPO] ep=273/500 r=  584.89 avg10=  586.90 steps=1406 succ10=1.00 touch10=1.00 col10=0.00 to10=0.00 min_d= 0.30 avg_spd=2.13m/s end=goal t= 4380.1s
[TRAIN][PPO] ep=274/500 r=  576.95 avg10=  585.95 steps=1375 succ10=1.00 touch10=1.00 col10=0.00 to10=0.00 min_d= 0.30 avg_spd=2.16m/s end=goal t= 4396.9s
[TRAIN][PPO] ep=275/500 r=  573.29 avg10=  585.47 steps=1504 succ10=1.00 touch10=1.00 col10=0.00 to10=0.00 min_d= 0.30 avg_spd=2.13m/s end=goal t= 4415.7s
[TRAIN][PPO] ep=276/500 r=  578.22 avg10=  584.83 steps=1385 succ10=1.00 touch10=1.00 col10=0.00 to10=0.00 min_d= 0.30 avg_spd=2.16m/s end=goal t= 4434.2s
[TRAIN][PPO] ep=277/500 r=  -38.70 avg10=  521.85 steps=  45 succ10=0.90 touch10=0.90 col10=0.10 to10=0.00 min_d= 3.84 avg_spd=2.11m/s end=collision t= 4434.8s
[TRAIN][PPO] ep=278/500 r=  584.42 avg10=  521.64 steps=1406 succ10=0.90 touch10=0.90 col10=0.10 to10=0.00 min_d= 0.30 avg_spd=2.14m/s end=goal t= 4451.6s
[TRAIN][PPO] ep=279/500 r=  586.50 avg10=  521.76 steps=1404 succ10=0.90 touch10=0.90 col10=0.10 to10=0.00 min_d= 0.30 avg_spd=2.14m/s end=goal t= 4469.7s
[TRAIN][PPO] ep=280/500 r=  593.22 avg10=  521.61 steps=1431 succ10=0.90 touch10=0.90 col10=0.10 to10=0.00 min_d= 0.30 avg_spd=2.14m/s end=goal t= 4489.4s
[TRAIN][PPO] ep=281/500 r=  578.49 avg10=  520.28 steps=1386 succ10=0.90 touch10=0.90 col10=0.10 to10=0.00 min_d= 0.30 avg_spd=2.14m/s end=goal t= 4506.5s
[TRAIN][PPO] ep=282/500 r=  581.46 avg10=  519.87 steps=1391 succ10=0.90 touch10=0.90 col10=0.10 to10=0.00 min_d= 0.30 avg_spd=2.15m/s end=goal t= 4523.3s
[TRAIN][PPO] ep=283/500 r=  591.15 avg10=  520.50 steps=1429 succ10=0.90 touch10=0.90 col10=0.10 to10=0.00 min_d= 0.30 avg_spd=2.13m/s end=goal t= 4540.7s
[TRAIN][PPO] ep=284/500 r=  579.25 avg10=  520.73 steps=1381 succ10=0.90 touch10=0.90 col10=0.10 to10=0.00 min_d= 0.30 avg_spd=2.16m/s end=goal t= 4558.9s
[TRAIN][PPO] ep=285/500 r=  576.43 avg10=  521.04 steps=1389 succ10=0.90 touch10=0.90 col10=0.10 to10=0.00 min_d= 0.30 avg_spd=2.13m/s end=goal t= 4575.7s
[TRAIN][PPO] ep=286/500 r=  588.16 avg10=  522.04 steps=1415 succ10=0.90 touch10=0.90 col10=0.10 to10=0.00 min_d= 0.30 avg_spd=2.16m/s end=goal t= 4592.8s
[TRAIN][PPO] ep=287/500 r=  587.54 avg10=  584.66 steps=1408 succ10=1.00 touch10=1.00 col10=0.00 to10=0.00 min_d= 0.30 avg_spd=2.14m/s end=goal t= 4609.8s
[TRAIN][PPO] ep=288/500 r=  577.65 avg10=  583.98 steps=1388 succ10=1.00 touch10=1.00 col10=0.00 to10=0.00 min_d= 0.30 avg_spd=2.14m/s end=goal t= 4627.7s
[TRAIN][PPO] ep=289/500 r=  577.86 avg10=  583.12 steps=1395 succ10=1.00 touch10=1.00 col10=0.00 to10=0.00 min_d= 0.30 avg_spd=2.13m/s end=goal t= 4644.2s
[TRAIN][PPO] ep=290/500 r=  594.36 avg10=  583.23 steps=1427 succ10=1.00 touch10=1.00 col10=0.00 to10=0.00 min_d= 0.30 avg_spd=2.15m/s end=goal t= 4661.4s
[TRAIN][PPO] ep=291/500 r=  579.15 avg10=  583.30 steps=1515 succ10=1.00 touch10=1.00 col10=0.00 to10=0.00 min_d= 0.30 avg_spd=2.14m/s end=goal t= 4679.5s
[TRAIN][PPO] ep=292/500 r=  590.32 avg10=  584.19 steps=1415 succ10=1.00 touch10=1.00 col10=0.00 to10=0.00 min_d= 0.30 avg_spd=2.14m/s end=goal t= 4699.1s
[TRAIN][PPO] ep=293/500 r=  585.79 avg10=  583.65 steps=1407 succ10=1.00 touch10=1.00 col10=0.00 to10=0.00 min_d= 0.30 avg_spd=2.13m/s end=goal t= 4715.0s
[TRAIN][PPO] ep=294/500 r=  579.71 avg10=  583.70 steps=1390 succ10=1.00 touch10=1.00 col10=0.00 to10=0.00 min_d= 0.30 avg_spd=2.15m/s end=goal t= 4731.6s
[TRAIN][PPO] ep=295/500 r=  576.85 avg10=  583.74 steps=1527 succ10=1.00 touch10=1.00 col10=0.00 to10=0.00 min_d= 0.30 avg_spd=2.13m/s end=goal t= 4750.0s
[TRAIN][PPO] ep=296/500 r=  585.34 avg10=  583.46 steps=1404 succ10=1.00 touch10=1.00 col10=0.00 to10=0.00 min_d= 0.30 avg_spd=2.13m/s end=goal t= 4769.4s
[TRAIN][PPO] ep=297/500 r=  586.25 avg10=  583.33 steps=1404 succ10=1.00 touch10=1.00 col10=0.00 to10=0.00 min_d= 0.30 avg_spd=2.15m/s end=goal t= 4786.3s
[TRAIN][PPO] ep=298/500 r=  574.51 avg10=  583.01 steps=1373 succ10=1.00 touch10=1.00 col10=0.00 to10=0.00 min_d= 0.30 avg_spd=2.15m/s end=goal t= 4802.7s
[TRAIN][PPO] ep=299/500 r=  585.45 avg10=  583.77 steps=1408 succ10=1.00 touch10=1.00 col10=0.00 to10=0.00 min_d= 0.30 avg_spd=2.14m/s end=goal t= 4819.5s
[TRAIN][PPO] ep=300/500 r=  575.23 avg10=  581.86 steps=1530 succ10=1.00 touch10=1.00 col10=0.00 to10=0.00 min_d= 0.30 avg_spd=2.13m/s end=goal t= 4838.4s ckpt=latest
[TRAIN][PPO] ep=301/500 r=  578.52 avg10=  581.80 steps=1384 succ10=1.00 touch10=1.00 col10=0.00 to10=0.00 min_d= 0.30 avg_spd=2.14m/s end=goal t= 4854.9s
[TRAIN][PPO] ep=302/500 r=  290.92 avg10=  551.86 steps=1012 succ10=0.90 touch10=0.90 col10=0.10 to10=0.00 min_d= 1.28 avg_spd=2.13m/s end=collision t= 4867.4s
[TRAIN][PPO] ep=303/500 r=  601.16 avg10=  553.40 steps=1454 succ10=0.90 touch10=0.90 col10=0.10 to10=0.00 min_d= 0.30 avg_spd=2.12m/s end=goal t= 4884.9s
[TRAIN][PPO] ep=304/500 r=  589.56 avg10=  554.38 steps=1439 succ10=0.90 touch10=0.90 col10=0.10 to10=0.00 min_d= 0.30 avg_spd=2.11m/s end=goal t= 4903.0s
[TRAIN][PPO] ep=305/500 r=  585.35 avg10=  555.23 steps=1413 succ10=0.90 touch10=0.90 col10=0.10 to10=0.00 min_d= 0.30 avg_spd=2.14m/s end=goal t= 4921.2s
[TRAIN][PPO] ep=306/500 r=  587.89 avg10=  555.49 steps=1415 succ10=0.90 touch10=0.90 col10=0.10 to10=0.00 min_d= 0.30 avg_spd=2.13m/s end=goal t= 4939.7s
[TRAIN][PPO] ep=307/500 r=  590.51 avg10=  555.91 steps=1415 succ10=0.90 touch10=0.90 col10=0.10 to10=0.00 min_d= 0.30 avg_spd=2.13m/s end=goal t= 4958.1s
[TRAIN][PPO] ep=308/500 r=  584.63 avg10=  556.92 steps=1415 succ10=0.90 touch10=0.90 col10=0.10 to10=0.00 min_d= 0.30 avg_spd=2.14m/s end=goal t= 4978.0s
[TRAIN][PPO] ep=309/500 r=  588.65 avg10=  557.24 steps=1416 succ10=0.90 touch10=0.90 col10=0.10 to10=0.00 min_d= 0.30 avg_spd=2.12m/s end=goal t= 4995.5s
[TRAIN][PPO] ep=310/500 r=  580.10 avg10=  557.73 steps=1506 succ10=0.90 touch10=0.90 col10=0.10 to10=0.00 min_d= 0.30 avg_spd=2.14m/s end=goal t= 5014.3s
[TRAIN][PPO] ep=311/500 r=  590.36 avg10=  558.91 steps=1439 succ10=0.90 touch10=0.90 col10=0.10 to10=0.00 min_d= 0.30 avg_spd=2.13m/s end=goal t= 5032.3s
[TRAIN][PPO] ep=312/500 r=  594.51 avg10=  589.27 steps=1436 succ10=1.00 touch10=1.00 col10=0.00 to10=0.00 min_d= 0.30 avg_spd=2.13m/s end=goal t= 5051.8s
[TRAIN][PPO] ep=313/500 r=  569.05 avg10=  586.06 steps=1482 succ10=1.00 touch10=1.00 col10=0.00 to10=0.00 min_d= 0.30 avg_spd=2.13m/s end=goal t= 5070.0s
[TRAIN][PPO] ep=314/500 r=  589.10 avg10=  586.01 steps=1421 succ10=1.00 touch10=1.00 col10=0.00 to10=0.00 min_d= 0.30 avg_spd=2.13m/s end=goal t= 5087.6s
[TRAIN][PPO] ep=315/500 r=  581.93 avg10=  585.67 steps=1391 succ10=1.00 touch10=1.00 col10=0.00 to10=0.00 min_d= 0.30 avg_spd=2.13m/s end=goal t= 5105.4s
[TRAIN][PPO] ep=316/500 r=  593.63 avg10=  586.25 steps=1430 succ10=1.00 touch10=1.00 col10=0.00 to10=0.00 min_d= 0.30 avg_spd=2.15m/s end=goal t= 5125.9s
[TRAIN][PPO] ep=317/500 r=  -38.76 avg10=  523.32 steps=  46 succ10=0.90 touch10=0.90 col10=0.10 to10=0.00 min_d= 3.84 avg_spd=2.15m/s end=collision t= 5126.5s
[TRAIN][PPO] ep=318/500 r=  595.36 avg10=  524.39 steps=1431 succ10=0.90 touch10=0.90 col10=0.10 to10=0.00 min_d= 0.30 avg_spd=2.14m/s end=goal t= 5143.6s
[TRAIN][PPO] ep=319/500 r=  584.93 avg10=  524.02 steps=1401 succ10=0.90 touch10=0.90 col10=0.10 to10=0.00 min_d= 0.30 avg_spd=2.15m/s end=goal t= 5161.0s
[TRAIN][PPO] ep=320/500 r=  574.49 avg10=  523.46 steps=1382 succ10=0.90 touch10=0.90 col10=0.10 to10=0.00 min_d= 0.30 avg_spd=2.14m/s end=goal t= 5180.4s
[TRAIN][PPO] ep=321/500 r=  563.44 avg10=  520.77 steps=1473 succ10=0.90 touch10=0.90 col10=0.10 to10=0.00 min_d= 0.30 avg_spd=2.13m/s end=goal t= 5198.6s
[TRAIN][PPO] ep=322/500 r=  586.45 avg10=  519.96 steps=1420 succ10=0.90 touch10=0.90 col10=0.10 to10=0.00 min_d= 0.30 avg_spd=2.13m/s end=goal t= 5216.7s
[TRAIN][PPO] ep=323/500 r=  587.37 avg10=  521.79 steps=1424 succ10=0.90 touch10=0.90 col10=0.10 to10=0.00 min_d= 0.30 avg_spd=2.13m/s end=goal t= 5233.9s
[TRAIN][PPO] ep=324/500 r=  589.62 avg10=  521.85 steps=1421 succ10=0.90 touch10=0.90 col10=0.10 to10=0.00 min_d= 0.30 avg_spd=2.13m/s end=goal t= 5252.4s
[TRAIN][PPO] ep=325/500 r=  588.34 avg10=  522.49 steps=1411 succ10=0.90 touch10=0.90 col10=0.10 to10=0.00 min_d= 0.30 avg_spd=2.15m/s end=goal t= 5269.3s
[TRAIN][PPO] ep=326/500 r=  591.52 avg10=  522.28 steps=1429 succ10=0.90 touch10=0.90 col10=0.10 to10=0.00 min_d= 0.30 avg_spd=2.14m/s end=goal t= 5286.2s
[TRAIN][PPO] ep=327/500 r=  594.08 avg10=  585.56 steps=1437 succ10=1.00 touch10=1.00 col10=0.00 to10=0.00 min_d= 0.30 avg_spd=2.14m/s end=goal t= 5303.2s
[TRAIN][PPO] ep=328/500 r=  586.10 avg10=  584.64 steps=1405 succ10=1.00 touch10=1.00 col10=0.00 to10=0.00 min_d= 0.30 avg_spd=2.15m/s end=goal t= 5320.6s
[TRAIN][PPO] ep=329/500 r=  591.07 avg10=  585.25 steps=1442 succ10=1.00 touch10=1.00 col10=0.00 to10=0.00 min_d= 0.30 avg_spd=2.14m/s end=goal t= 5336.9s
[TRAIN][PPO] ep=330/500 r=  580.71 avg10=  585.87 steps=1383 succ10=1.00 touch10=1.00 col10=0.00 to10=0.00 min_d= 0.30 avg_spd=2.14m/s end=goal t= 5352.6s
[TRAIN][PPO] ep=331/500 r=  589.42 avg10=  588.47 steps=1434 succ10=1.00 touch10=1.00 col10=0.00 to10=0.00 min_d= 0.30 avg_spd=2.13m/s end=goal t= 5369.1s
[TRAIN][PPO] ep=332/500 r=  587.07 avg10=  588.53 steps=1407 succ10=1.00 touch10=1.00 col10=0.00 to10=0.00 min_d= 0.30 avg_spd=2.15m/s end=goal t= 5388.0s
[TRAIN][PPO] ep=333/500 r=  582.47 avg10=  588.04 steps=1400 succ10=1.00 touch10=1.00 col10=0.00 to10=0.00 min_d= 0.30 avg_spd=2.13m/s end=goal t= 5404.6s
[TRAIN][PPO] ep=334/500 r=  577.76 avg10=  586.85 steps=1378 succ10=1.00 touch10=1.00 col10=0.00 to10=0.00 min_d= 0.30 avg_spd=2.15m/s end=goal t= 5421.0s
[TRAIN][PPO] ep=335/500 r=  594.85 avg10=  587.51 steps=1425 succ10=1.00 touch10=1.00 col10=0.00 to10=0.00 min_d= 0.30 avg_spd=2.13m/s end=goal t= 5438.1s
[TRAIN][PPO] ep=336/500 r=  592.37 avg10=  587.59 steps=1425 succ10=1.00 touch10=1.00 col10=0.00 to10=0.00 min_d= 0.30 avg_spd=2.15m/s end=goal t= 5456.0s
[TRAIN][PPO] ep=337/500 r=  582.81 avg10=  586.46 steps=1394 succ10=1.00 touch10=1.00 col10=0.00 to10=0.00 min_d= 0.30 avg_spd=2.16m/s end=goal t= 5472.3s
[TRAIN][PPO] ep=338/500 r=  -26.92 avg10=  525.16 steps= 139 succ10=0.90 touch10=0.90 col10=0.10 to10=0.00 min_d= 3.82 avg_spd=2.06m/s end=collision t= 5473.8s
[TRAIN][PPO] ep=339/500 r=  587.72 avg10=  524.83 steps=1403 succ10=0.90 touch10=0.90 col10=0.10 to10=0.00 min_d= 0.30 avg_spd=2.15m/s end=goal t= 5490.2s
[TRAIN][PPO] ep=340/500 r=  586.47 avg10=  525.40 steps=1405 succ10=0.90 touch10=0.90 col10=0.10 to10=0.00 min_d= 0.30 avg_spd=2.14m/s end=goal t= 5507.7s
[TRAIN][PPO] ep=341/500 r=  561.35 avg10=  522.59 steps=1497 succ10=0.90 touch10=0.90 col10=0.10 to10=0.00 min_d= 0.30 avg_spd=2.12m/s end=goal t= 5525.3s
[TRAIN][PPO] ep=342/500 r=  575.50 avg10=  521.44 steps=1380 succ10=0.90 touch10=0.90 col10=0.10 to10=0.00 min_d= 0.30 avg_spd=2.15m/s end=goal t= 5541.8s
[TRAIN][PPO] ep=343/500 r=  -43.22 avg10=  458.87 steps=  25 succ10=0.80 touch10=0.80 col10=0.20 to10=0.00 min_d= 3.84 avg_spd=1.65m/s end=collision t= 5542.1s
[TRAIN][PPO] ep=344/500 r=  594.33 avg10=  460.53 steps=1436 succ10=0.80 touch10=0.80 col10=0.20 to10=0.00 min_d= 0.30 avg_spd=2.13m/s end=goal t= 5560.2s
[TRAIN][PPO] ep=345/500 r=  588.99 avg10=  459.94 steps=1531 succ10=0.80 touch10=0.80 col10=0.20 to10=0.00 min_d= 0.30 avg_spd=2.14m/s end=goal t= 5578.1s
[TRAIN][PPO] ep=346/500 r=  -39.91 avg10=  396.71 steps=  50 succ10=0.70 touch10=0.70 col10=0.30 to10=0.00 min_d= 3.82 avg_spd=2.21m/s end=collision t= 5578.8s
[TRAIN][PPO] ep=347/500 r=  583.26 avg10=  396.76 steps=1409 succ10=0.70 touch10=0.70 col10=0.30 to10=0.00 min_d= 0.30 avg_spd=2.14m/s end=goal t= 5595.2s
[TRAIN][PPO] ep=348/500 r=  578.23 avg10=  457.27 steps=1402 succ10=0.80 touch10=0.80 col10=0.20 to10=0.00 min_d= 0.30 avg_spd=2.12m/s end=goal t= 5612.8s
[TRAIN][PPO] ep=349/500 r=  283.28 avg10=  426.83 steps= 987 succ10=0.70 touch10=0.70 col10=0.30 to10=0.00 min_d= 1.39 avg_spd=2.16m/s end=collision t= 5624.0s
[TRAIN][PPO] ep=350/500 r=  586.95 avg10=  426.87 steps=1417 succ10=0.70 touch10=0.70 col10=0.30 to10=0.00 min_d= 0.30 avg_spd=2.15m/s end=goal t= 5640.5s
[TRAIN][PPO] ep=351/500 r=  287.49 avg10=  399.49 steps=1001 succ10=0.60 touch10=0.60 col10=0.40 to10=0.00 min_d= 1.40 avg_spd=2.16m/s end=collision t= 5651.6s
[TRAIN][PPO] ep=352/500 r=  585.79 avg10=  400.52 steps=1402 succ10=0.60 touch10=0.60 col10=0.40 to10=0.00 min_d= 0.30 avg_spd=2.14m/s end=goal t= 5669.3s
[TRAIN][PPO] ep=353/500 r=  571.88 avg10=  462.03 steps=1542 succ10=0.70 touch10=0.70 col10=0.30 to10=0.00 min_d= 0.30 avg_spd=2.13m/s end=goal t= 5686.8s
[TRAIN][PPO] ep=354/500 r=  589.01 avg10=  461.50 steps=1414 succ10=0.70 touch10=0.70 col10=0.30 to10=0.00 min_d= 0.30 avg_spd=2.15m/s end=goal t= 5702.9s
[TRAIN][PPO] ep=355/500 r=  588.64 avg10=  461.46 steps=1407 succ10=0.70 touch10=0.70 col10=0.30 to10=0.00 min_d= 0.30 avg_spd=2.13m/s end=goal t= 5719.2s
[TRAIN][PPO] ep=356/500 r=  -42.04 avg10=  461.25 steps=  39 succ10=0.70 touch10=0.70 col10=0.30 to10=0.00 min_d= 3.83 avg_spd=2.26m/s end=collision t= 5720.6s
[TRAIN][PPO] ep=357/500 r=  580.44 avg10=  460.97 steps=1397 succ10=0.70 touch10=0.70 col10=0.30 to10=0.00 min_d= 0.30 avg_spd=2.12m/s end=goal t= 5736.6s
[TRAIN][PPO] ep=358/500 r=  580.96 avg10=  461.24 steps=1385 succ10=0.70 touch10=0.70 col10=0.30 to10=0.00 min_d= 0.30 avg_spd=2.13m/s end=goal t= 5752.5s
[TRAIN][PPO] ep=359/500 r=  586.91 avg10=  491.60 steps=1416 succ10=0.80 touch10=0.80 col10=0.20 to10=0.00 min_d= 0.30 avg_spd=2.13m/s end=goal t= 5768.9s
[TRAIN][PPO] ep=360/500 r=  298.56 avg10=  462.77 steps=1045 succ10=0.70 touch10=0.70 col10=0.30 to10=0.00 min_d= 1.28 avg_spd=2.16m/s end=collision t= 5782.5s
[TRAIN][PPO] ep=361/500 r=  589.82 avg10=  493.00 steps=1409 succ10=0.80 touch10=0.80 col10=0.20 to10=0.00 min_d= 0.30 avg_spd=2.15m/s end=goal t= 5798.8s
[TRAIN][PPO] ep=362/500 r=  586.72 avg10=  493.09 steps=1503 succ10=0.80 touch10=0.80 col10=0.20 to10=0.00 min_d= 0.30 avg_spd=2.14m/s end=goal t= 5816.0s
[TRAIN][PPO] ep=363/500 r=  578.27 avg10=  493.73 steps=1402 succ10=0.80 touch10=0.80 col10=0.20 to10=0.00 min_d= 0.30 avg_spd=2.13m/s end=goal t= 5832.2s
[TRAIN][PPO] ep=364/500 r=  589.00 avg10=  493.73 steps=1412 succ10=0.80 touch10=0.80 col10=0.20 to10=0.00 min_d= 0.30 avg_spd=2.14m/s end=goal t= 5850.0s
[TRAIN][PPO] ep=365/500 r=  281.12 avg10=  462.98 steps= 974 succ10=0.70 touch10=0.70 col10=0.30 to10=0.00 min_d= 1.40 avg_spd=2.14m/s end=collision t= 5861.6s
[TRAIN][PPO] ep=366/500 r=  577.61 avg10=  524.94 steps=1380 succ10=0.80 touch10=0.80 col10=0.20 to10=0.00 min_d= 0.30 avg_spd=2.13m/s end=goal t= 5877.7s
[TRAIN][PPO] ep=367/500 r=  -37.04 avg10=  463.19 steps=  42 succ10=0.70 touch10=0.70 col10=0.30 to10=0.00 min_d= 3.83 avg_spd=1.91m/s end=collision t= 5878.2s
[TRAIN][PPO] ep=368/500 r=  580.10 avg10=  463.11 steps=1392 succ10=0.70 touch10=0.70 col10=0.30 to10=0.00 min_d= 0.30 avg_spd=2.13m/s end=goal t= 5894.9s
[TRAIN][PPO] ep=369/500 r=  588.66 avg10=  463.28 steps=1433 succ10=0.70 touch10=0.70 col10=0.30 to10=0.00 min_d= 0.30 avg_spd=2.11m/s end=goal t= 5911.6s
[TRAIN][PPO] ep=370/500 r=  589.76 avg10=  492.40 steps=1411 succ10=0.80 touch10=0.80 col10=0.20 to10=0.00 min_d= 0.30 avg_spd=2.14m/s end=goal t= 5927.9s
[TRAIN][PPO] ep=371/500 r=  584.25 avg10=  491.85 steps=1393 succ10=0.80 touch10=0.80 col10=0.20 to10=0.00 min_d= 0.30 avg_spd=2.15m/s end=goal t= 5944.1s
[TRAIN][PPO] ep=372/500 r=  596.12 avg10=  492.79 steps=1439 succ10=0.80 touch10=0.80 col10=0.20 to10=0.00 min_d= 0.30 avg_spd=2.13m/s end=goal t= 5962.0s
[TRAIN][PPO] ep=373/500 r=  590.65 avg10=  494.02 steps=1514 succ10=0.80 touch10=0.80 col10=0.20 to10=0.00 min_d= 0.30 avg_spd=2.15m/s end=goal t= 5979.7s
[TRAIN][PPO] ep=374/500 r=  578.82 avg10=  493.01 steps=1382 succ10=0.80 touch10=0.80 col10=0.20 to10=0.00 min_d= 0.30 avg_spd=2.13m/s end=goal t= 5995.7s
[TRAIN][PPO] ep=375/500 r=  577.45 avg10=  522.64 steps=1378 succ10=0.90 touch10=0.90 col10=0.10 to10=0.00 min_d= 0.30 avg_spd=2.14m/s end=goal t= 6011.7s
[TRAIN][PPO] ep=376/500 r=  586.16 avg10=  523.49 steps=1402 succ10=0.90 touch10=0.90 col10=0.10 to10=0.00 min_d= 0.30 avg_spd=2.14m/s end=goal t= 6029.4s
[TRAIN][PPO] ep=377/500 r=  592.21 avg10=  586.42 steps=1419 succ10=1.00 touch10=1.00 col10=0.00 to10=0.00 min_d= 0.30 avg_spd=2.13m/s end=goal t= 6045.7s
[TRAIN][PPO] ep=378/500 r=  582.78 avg10=  586.69 steps=1409 succ10=1.00 touch10=1.00 col10=0.00 to10=0.00 min_d= 0.30 avg_spd=2.13m/s end=goal t= 6062.1s
[TRAIN][PPO] ep=379/500 r=  584.64 avg10=  586.29 steps=1410 succ10=1.00 touch10=1.00 col10=0.00 to10=0.00 min_d= 0.30 avg_spd=2.12m/s end=goal t= 6078.6s
[TRAIN][PPO] ep=380/500 r=  596.30 avg10=  586.94 steps=1432 succ10=1.00 touch10=1.00 col10=0.00 to10=0.00 min_d= 0.30 avg_spd=2.14m/s end=goal t= 6096.1s
[TRAIN][PPO] ep=381/500 r=  291.88 avg10=  557.70 steps=1021 succ10=0.90 touch10=0.90 col10=0.10 to10=0.00 min_d= 1.29 avg_spd=2.15m/s end=collision t= 6108.2s
[TRAIN][PPO] ep=382/500 r=  587.05 avg10=  556.80 steps=1411 succ10=0.90 touch10=0.90 col10=0.10 to10=0.00 min_d= 0.30 avg_spd=2.12m/s end=goal t= 6124.5s
[TRAIN][PPO] ep=383/500 r=  305.14 avg10=  528.24 steps=1071 succ10=0.80 touch10=0.80 col10=0.20 to10=0.00 min_d= 1.27 avg_spd=2.14m/s end=collision t= 6136.1s
[TRAIN][PPO] ep=384/500 r=  -43.06 avg10=  466.06 steps=  27 succ10=0.70 touch10=0.70 col10=0.30 to10=0.00 min_d= 3.84 avg_spd=2.03m/s end=collision t= 6138.1s
[TRAIN][PPO] ep=385/500 r=  588.06 avg10=  467.12 steps=1415 succ10=0.70 touch10=0.70 col10=0.30 to10=0.00 min_d= 0.30 avg_spd=2.13m/s end=goal t= 6153.7s
[TRAIN][PPO] ep=386/500 r=  584.89 avg10=  466.99 steps=1403 succ10=0.70 touch10=0.70 col10=0.30 to10=0.00 min_d= 0.30 avg_spd=2.13m/s end=goal t= 6170.1s
[TRAIN][PPO] ep=387/500 r=  594.43 avg10=  467.21 steps=1425 succ10=0.70 touch10=0.70 col10=0.30 to10=0.00 min_d= 0.30 avg_spd=2.14m/s end=goal t= 6186.6s
[TRAIN][PPO] ep=388/500 r=  590.48 avg10=  467.98 steps=1421 succ10=0.70 touch10=0.70 col10=0.30 to10=0.00 min_d= 0.30 avg_spd=2.15m/s end=goal t= 6203.9s
[TRAIN][PPO] ep=389/500 r=  -38.16 avg10=  405.70 steps=  57 succ10=0.60 touch10=0.60 col10=0.40 to10=0.00 min_d= 3.83 avg_spd=2.15m/s end=collision t= 6204.7s
[TRAIN][PPO] ep=390/500 r=  592.67 avg10=  405.34 steps=1426 succ10=0.60 touch10=0.60 col10=0.40 to10=0.00 min_d= 0.30 avg_spd=2.13m/s end=goal t= 6220.8s
[TRAIN][PPO] ep=391/500 r=  590.45 avg10=  435.20 steps=1422 succ10=0.70 touch10=0.70 col10=0.30 to10=0.00 min_d= 0.30 avg_spd=2.16m/s end=goal t= 6236.8s
[TRAIN][PPO] ep=392/500 r=  281.50 avg10=  404.64 steps= 978 succ10=0.60 touch10=0.60 col10=0.40 to10=0.00 min_d= 1.42 avg_spd=2.15m/s end=collision t= 6248.5s
[TRAIN][PPO] ep=393/500 r=  577.35 avg10=  431.86 steps=1382 succ10=0.70 touch10=0.70 col10=0.30 to10=0.00 min_d= 0.30 avg_spd=2.14m/s end=goal t= 6264.1s
[TRAIN][PPO] ep=394/500 r=  587.38 avg10=  494.91 steps=1421 succ10=0.80 touch10=0.80 col10=0.20 to10=0.00 min_d= 0.30 avg_spd=2.15m/s end=goal t= 6280.6s
[TRAIN][PPO] ep=395/500 r=  591.37 avg10=  495.24 steps=1442 succ10=0.80 touch10=0.80 col10=0.20 to10=0.00 min_d= 0.30 avg_spd=2.12m/s end=goal t= 6297.4s
[TRAIN][PPO] ep=396/500 r=  590.88 avg10=  495.84 steps=1435 succ10=0.80 touch10=0.80 col10=0.20 to10=0.00 min_d= 0.30 avg_spd=2.13m/s end=goal t= 6315.7s
[TRAIN][PPO] ep=397/500 r=  598.43 avg10=  496.24 steps=1448 succ10=0.80 touch10=0.80 col10=0.20 to10=0.00 min_d= 0.30 avg_spd=2.12m/s end=goal t= 6332.7s
[TRAIN][PPO] ep=398/500 r=  579.57 avg10=  495.14 steps=1387 succ10=0.80 touch10=0.80 col10=0.20 to10=0.00 min_d= 0.30 avg_spd=2.14m/s end=goal t= 6348.3s
[TRAIN][PPO] ep=399/500 r=  590.07 avg10=  557.97 steps=1433 succ10=0.90 touch10=0.90 col10=0.10 to10=0.00 min_d= 0.30 avg_spd=2.15m/s end=goal t= 6365.7s
[TRAIN][PPO] ep=400/500 r=  576.90 avg10=  556.39 steps=1395 succ10=0.90 touch10=0.90 col10=0.10 to10=0.00 min_d= 0.30 avg_spd=2.14m/s end=goal t= 6384.2s ckpt=latest
[TRAIN][PPO] ep=401/500 r=  581.99 avg10=  555.54 steps=1389 succ10=0.90 touch10=0.90 col10=0.10 to10=0.00 min_d= 0.30 avg_spd=2.15m/s end=goal t= 6399.7s
[TRAIN][PPO] ep=402/500 r=   65.67 avg10=  533.96 steps= 358 succ10=0.90 touch10=0.90 col10=0.10 to10=0.00 min_d= 3.05 avg_spd=2.16m/s end=collision t= 6403.7s
[TRAIN][PPO] ep=403/500 r=  579.21 avg10=  534.15 steps=1386 succ10=0.90 touch10=0.90 col10=0.10 to10=0.00 min_d= 0.30 avg_spd=2.12m/s end=goal t= 6419.1s
[TRAIN][PPO] ep=404/500 r=  589.65 avg10=  534.37 steps=1524 succ10=0.90 touch10=0.90 col10=0.10 to10=0.00 min_d= 0.30 avg_spd=2.14m/s end=goal t= 6437.4s
[TRAIN][PPO] ep=405/500 r=  583.02 avg10=  533.54 steps=1417 succ10=0.90 touch10=0.90 col10=0.10 to10=0.00 min_d= 0.30 avg_spd=2.13m/s end=goal t= 6454.5s
[TRAIN][PPO] ep=406/500 r=  573.32 avg10=  531.78 steps=1363 succ10=0.90 touch10=0.90 col10=0.10 to10=0.00 min_d= 0.30 avg_spd=2.17m/s end=goal t= 6470.9s
[TRAIN][PPO] ep=407/500 r=  584.48 avg10=  530.39 steps=1406 succ10=0.90 touch10=0.90 col10=0.10 to10=0.00 min_d= 0.30 avg_spd=2.14m/s end=goal t= 6487.9s
[TRAIN][PPO] ep=408/500 r=  587.50 avg10=  531.18 steps=1409 succ10=0.90 touch10=0.90 col10=0.10 to10=0.00 min_d= 0.30 avg_spd=2.14m/s end=goal t= 6505.9s
[TRAIN][PPO] ep=409/500 r=  577.36 avg10=  529.91 steps=1376 succ10=0.90 touch10=0.90 col10=0.10 to10=0.00 min_d= 0.30 avg_spd=2.14m/s end=goal t= 6522.6s
[TRAIN][PPO] ep=410/500 r=  589.94 avg10=  531.21 steps=1417 succ10=0.90 touch10=0.90 col10=0.10 to10=0.00 min_d= 0.30 avg_spd=2.15m/s end=goal t= 6539.9s
[TRAIN][PPO] ep=411/500 r=  -44.97 avg10=  468.52 steps=  20 succ10=0.80 touch10=0.80 col10=0.20 to10=0.00 min_d= 3.84 avg_spd=2.26m/s end=collision t= 6540.2s
[TRAIN][PPO] ep=412/500 r=  573.88 avg10=  519.34 steps=1367 succ10=0.90 touch10=0.90 col10=0.10 to10=0.00 min_d= 0.30 avg_spd=2.16m/s end=goal t= 6558.3s
[TRAIN][PPO] ep=413/500 r=  588.39 avg10=  520.26 steps=1510 succ10=0.90 touch10=0.90 col10=0.10 to10=0.00 min_d= 0.30 avg_spd=2.14m/s end=goal t= 6575.7s
[TRAIN][PPO] ep=414/500 r=  588.41 avg10=  520.13 steps=1427 succ10=0.90 touch10=0.90 col10=0.10 to10=0.00 min_d= 0.30 avg_spd=2.15m/s end=goal t= 6592.1s
[TRAIN][PPO] ep=415/500 r=  578.34 avg10=  519.66 steps=1387 succ10=0.90 touch10=0.90 col10=0.10 to10=0.00 min_d= 0.30 avg_spd=2.15m/s end=goal t= 6608.5s
[TRAIN][PPO] ep=416/500 r=  586.62 avg10=  520.99 steps=1401 succ10=0.90 touch10=0.90 col10=0.10 to10=0.00 min_d= 0.30 avg_spd=2.14m/s end=goal t= 6626.8s
[TRAIN][PPO] ep=417/500 r=  575.96 avg10=  520.14 steps=1374 succ10=0.90 touch10=0.90 col10=0.10 to10=0.00 min_d= 0.30 avg_spd=2.15m/s end=goal t= 6643.3s
[TRAIN][PPO] ep=418/500 r=  584.67 avg10=  519.86 steps=1403 succ10=0.90 touch10=0.90 col10=0.10 to10=0.00 min_d= 0.30 avg_spd=2.17m/s end=goal t= 6659.7s
[TRAIN][PPO] ep=419/500 r=  592.56 avg10=  521.38 steps=1427 succ10=0.90 touch10=0.90 col10=0.10 to10=0.00 min_d= 0.30 avg_spd=2.13m/s end=goal t= 6675.9s
[TRAIN][PPO] ep=420/500 r=  588.41 avg10=  521.23 steps=1419 succ10=0.90 touch10=0.90 col10=0.10 to10=0.00 min_d= 0.30 avg_spd=2.16m/s end=goal t= 6694.2s
[TRAIN][PPO] ep=421/500 r=  581.87 avg10=  583.91 steps=1386 succ10=1.00 touch10=1.00 col10=0.00 to10=0.00 min_d= 0.30 avg_spd=2.15m/s end=goal t= 6710.1s
[TRAIN][PPO] ep=422/500 r=  568.56 avg10=  583.38 steps=1487 succ10=1.00 touch10=1.00 col10=0.00 to10=0.00 min_d= 0.30 avg_spd=2.14m/s end=goal t= 6727.3s
[TRAIN][PPO] ep=423/500 r=  571.57 avg10=  581.70 steps=1364 succ10=1.00 touch10=1.00 col10=0.00 to10=0.00 min_d= 0.30 avg_spd=2.17m/s end=goal t= 6743.6s
[TRAIN][PPO] ep=424/500 r=  588.00 avg10=  581.66 steps=1411 succ10=1.00 touch10=1.00 col10=0.00 to10=0.00 min_d= 0.30 avg_spd=2.15m/s end=goal t= 6762.6s
[TRAIN][PPO] ep=425/500 r=  587.32 avg10=  582.55 steps=1409 succ10=1.00 touch10=1.00 col10=0.00 to10=0.00 min_d= 0.30 avg_spd=2.14m/s end=goal t= 6779.2s
[TRAIN][PPO] ep=426/500 r=  588.22 avg10=  582.71 steps=1406 succ10=1.00 touch10=1.00 col10=0.00 to10=0.00 min_d= 0.30 avg_spd=2.17m/s end=goal t= 6795.9s
[TRAIN][PPO] ep=427/500 r=  566.23 avg10=  581.74 steps=1514 succ10=1.00 touch10=1.00 col10=0.00 to10=0.00 min_d= 0.30 avg_spd=2.14m/s end=goal t= 6813.1s
[TRAIN][PPO] ep=428/500 r=  578.72 avg10=  581.15 steps=1381 succ10=1.00 touch10=1.00 col10=0.00 to10=0.00 min_d= 0.30 avg_spd=2.16m/s end=goal t= 6830.5s
[TRAIN][PPO] ep=429/500 r=  587.52 avg10=  580.64 steps=1410 succ10=1.00 touch10=1.00 col10=0.00 to10=0.00 min_d= 0.30 avg_spd=2.16m/s end=goal t= 6846.4s
[TRAIN][PPO] ep=430/500 r=  570.77 avg10=  578.88 steps=1361 succ10=1.00 touch10=1.00 col10=0.00 to10=0.00 min_d= 0.30 avg_spd=2.16m/s end=goal t= 6862.0s
[TRAIN][PPO] ep=431/500 r=  580.32 avg10=  578.72 steps=1394 succ10=1.00 touch10=1.00 col10=0.00 to10=0.00 min_d= 0.30 avg_spd=2.14m/s end=goal t= 6878.0s
[TRAIN][PPO] ep=432/500 r=  581.17 avg10=  579.98 steps=1398 succ10=1.00 touch10=1.00 col10=0.00 to10=0.00 min_d= 0.30 avg_spd=2.16m/s end=goal t= 6895.7s
[TRAIN][PPO] ep=433/500 r=  586.38 avg10=  581.46 steps=1403 succ10=1.00 touch10=1.00 col10=0.00 to10=0.00 min_d= 0.30 avg_spd=2.18m/s end=goal t= 6912.1s
[TRAIN][PPO] ep=434/500 r=  581.45 avg10=  580.81 steps=1395 succ10=1.00 touch10=1.00 col10=0.00 to10=0.00 min_d= 0.30 avg_spd=2.15m/s end=goal t= 6928.6s
[TRAIN][PPO] ep=435/500 r=  585.03 avg10=  580.58 steps=1410 succ10=1.00 touch10=1.00 col10=0.00 to10=0.00 min_d= 0.30 avg_spd=2.14m/s end=goal t= 6945.2s
[TRAIN][PPO] ep=436/500 r=  583.32 avg10=  580.09 steps=1395 succ10=1.00 touch10=1.00 col10=0.00 to10=0.00 min_d= 0.30 avg_spd=2.16m/s end=goal t= 6965.1s
[TRAIN][PPO] ep=437/500 r=  592.09 avg10=  582.68 steps=1419 succ10=1.00 touch10=1.00 col10=0.00 to10=0.00 min_d= 0.30 avg_spd=2.14m/s end=goal t= 6982.4s
[TRAIN][PPO] ep=438/500 r=  586.98 avg10=  583.50 steps=1413 succ10=1.00 touch10=1.00 col10=0.00 to10=0.00 min_d= 0.30 avg_spd=2.15m/s end=goal t= 7000.3s
[TRAIN][PPO] ep=439/500 r=  581.38 avg10=  582.89 steps=1394 succ10=1.00 touch10=1.00 col10=0.00 to10=0.00 min_d= 0.30 avg_spd=2.15m/s end=goal t= 7018.0s
[TRAIN][PPO] ep=440/500 r=  577.70 avg10=  583.58 steps=1397 succ10=1.00 touch10=1.00 col10=0.00 to10=0.00 min_d= 0.30 avg_spd=2.15m/s end=goal t= 7037.7s
[TRAIN][PPO] ep=441/500 r=  584.49 avg10=  584.00 steps=1509 succ10=1.00 touch10=1.00 col10=0.00 to10=0.00 min_d= 0.30 avg_spd=2.14m/s end=goal t= 7055.5s
[TRAIN][PPO] ep=442/500 r=  574.17 avg10=  583.30 steps=1366 succ10=1.00 touch10=1.00 col10=0.00 to10=0.00 min_d= 0.30 avg_spd=2.15m/s end=goal t= 7072.0s
[TRAIN][PPO] ep=443/500 r=  592.19 avg10=  583.88 steps=1420 succ10=1.00 touch10=1.00 col10=0.00 to10=0.00 min_d= 0.30 avg_spd=2.15m/s end=goal t= 7089.0s
[TRAIN][PPO] ep=444/500 r=  595.06 avg10=  585.24 steps=1429 succ10=1.00 touch10=1.00 col10=0.00 to10=0.00 min_d= 0.30 avg_spd=2.13m/s end=goal t= 7107.9s
[TRAIN][PPO] ep=445/500 r=  586.88 avg10=  585.43 steps=1405 succ10=1.00 touch10=1.00 col10=0.00 to10=0.00 min_d= 0.30 avg_spd=2.15m/s end=goal t= 7124.5s
[TRAIN][PPO] ep=446/500 r=  582.12 avg10=  585.31 steps=1393 succ10=1.00 touch10=1.00 col10=0.00 to10=0.00 min_d= 0.30 avg_spd=2.17m/s end=goal t= 7140.6s
[TRAIN][PPO] ep=447/500 r=  584.28 avg10=  584.52 steps=1398 succ10=1.00 touch10=1.00 col10=0.00 to10=0.00 min_d= 0.30 avg_spd=2.13m/s end=goal t= 7156.6s
[TRAIN][PPO] ep=448/500 r=  578.32 avg10=  583.66 steps=1389 succ10=1.00 touch10=1.00 col10=0.00 to10=0.00 min_d= 0.30 avg_spd=2.16m/s end=goal t= 7174.2s
[TRAIN][PPO] ep=449/500 r=  577.66 avg10=  583.29 steps=1384 succ10=1.00 touch10=1.00 col10=0.00 to10=0.00 min_d= 0.30 avg_spd=2.13m/s end=goal t= 7190.5s
[TRAIN][PPO] ep=450/500 r=  302.80 avg10=  555.80 steps=1055 succ10=0.90 touch10=0.90 col10=0.10 to10=0.00 min_d= 1.27 avg_spd=2.16m/s end=collision t= 7202.8s
[TRAIN][PPO] ep=451/500 r=  588.30 avg10=  556.18 steps=1406 succ10=0.90 touch10=0.90 col10=0.10 to10=0.00 min_d= 0.30 avg_spd=2.17m/s end=goal t= 7219.1s
[TRAIN][PPO] ep=452/500 r=  577.67 avg10=  556.53 steps=1373 succ10=0.90 touch10=0.90 col10=0.10 to10=0.00 min_d= 0.30 avg_spd=2.15m/s end=goal t= 7236.4s
[TRAIN][PPO] ep=453/500 r=  574.02 avg10=  554.71 steps=1386 succ10=0.90 touch10=0.90 col10=0.10 to10=0.00 min_d= 0.30 avg_spd=2.15m/s end=goal t= 7252.6s
[TRAIN][PPO] ep=454/500 r=  591.30 avg10=  554.33 steps=1428 succ10=0.90 touch10=0.90 col10=0.10 to10=0.00 min_d= 0.30 avg_spd=2.14m/s end=goal t= 7269.2s
[TRAIN][PPO] ep=455/500 r=  578.07 avg10=  553.45 steps=1389 succ10=0.90 touch10=0.90 col10=0.10 to10=0.00 min_d= 0.30 avg_spd=2.15m/s end=goal t= 7285.6s
[TRAIN][PPO] ep=456/500 r=  574.94 avg10=  552.73 steps=1407 succ10=0.90 touch10=0.90 col10=0.10 to10=0.00 min_d= 0.30 avg_spd=2.14m/s end=goal t= 7303.6s
[TRAIN][PPO] ep=457/500 r=  585.77 avg10=  552.88 steps=1485 succ10=0.90 touch10=0.90 col10=0.10 to10=0.00 min_d= 0.30 avg_spd=2.16m/s end=goal t= 7320.4s
[TRAIN][PPO] ep=458/500 r=  581.27 avg10=  553.18 steps=1555 succ10=0.90 touch10=0.90 col10=0.10 to10=0.00 min_d= 0.30 avg_spd=2.13m/s end=goal t= 7338.6s
[TRAIN][PPO] ep=459/500 r=  575.05 avg10=  552.92 steps=1370 succ10=0.90 touch10=0.90 col10=0.10 to10=0.00 min_d= 0.30 avg_spd=2.15m/s end=goal t= 7354.8s
[TRAIN][PPO] ep=460/500 r=  588.54 avg10=  581.49 steps=1410 succ10=1.00 touch10=1.00 col10=0.00 to10=0.00 min_d= 0.30 avg_spd=2.14m/s end=goal t= 7374.0s
[TRAIN][PPO] ep=461/500 r=  555.51 avg10=  578.21 steps=1525 succ10=1.00 touch10=1.00 col10=0.00 to10=0.00 min_d= 0.30 avg_spd=2.11m/s end=goal t= 7391.8s
[TRAIN][PPO] ep=462/500 r=  582.02 avg10=  578.65 steps=1506 succ10=1.00 touch10=1.00 col10=0.00 to10=0.00 min_d= 0.30 avg_spd=2.14m/s end=goal t= 7409.6s
[TRAIN][PPO] ep=463/500 r=  579.03 avg10=  579.15 steps=1384 succ10=1.00 touch10=1.00 col10=0.00 to10=0.00 min_d= 0.30 avg_spd=2.14m/s end=goal t= 7426.1s
[TRAIN][PPO] ep=464/500 r=  578.99 avg10=  577.92 steps=1378 succ10=1.00 touch10=1.00 col10=0.00 to10=0.00 min_d= 0.30 avg_spd=2.15m/s end=goal t= 7444.6s
[TRAIN][PPO] ep=465/500 r=  574.51 avg10=  577.56 steps=1375 succ10=1.00 touch10=1.00 col10=0.00 to10=0.00 min_d= 0.30 avg_spd=2.15m/s end=goal t= 7460.9s
[TRAIN][PPO] ep=466/500 r=  574.29 avg10=  577.50 steps=1373 succ10=1.00 touch10=1.00 col10=0.00 to10=0.00 min_d= 0.30 avg_spd=2.15m/s end=goal t= 7477.1s
[TRAIN][PPO] ep=467/500 r=  587.74 avg10=  577.70 steps=1413 succ10=1.00 touch10=1.00 col10=0.00 to10=0.00 min_d= 0.30 avg_spd=2.14m/s end=goal t= 7493.7s
[TRAIN][PPO] ep=468/500 r=  584.45 avg10=  578.01 steps=1410 succ10=1.00 touch10=1.00 col10=0.00 to10=0.00 min_d= 0.30 avg_spd=2.14m/s end=goal t= 7512.1s
[TRAIN][PPO] ep=469/500 r=  -33.60 avg10=  517.15 steps=  63 succ10=0.90 touch10=0.90 col10=0.10 to10=0.00 min_d= 3.84 avg_spd=2.22m/s end=collision t= 7512.9s
[TRAIN][PPO] ep=470/500 r=  582.29 avg10=  516.52 steps=1396 succ10=0.90 touch10=0.90 col10=0.10 to10=0.00 min_d= 0.30 avg_spd=2.15m/s end=goal t= 7529.4s
[TRAIN][PPO] ep=471/500 r=  576.11 avg10=  518.58 steps=1378 succ10=0.90 touch10=0.90 col10=0.10 to10=0.00 min_d= 0.30 avg_spd=2.14m/s end=goal t= 7545.6s
[TRAIN][PPO] ep=472/500 r=  290.81 avg10=  489.46 steps=1035 succ10=0.80 touch10=0.80 col10=0.20 to10=0.00 min_d= 1.27 avg_spd=2.13m/s end=collision t= 7558.6s
[TRAIN][PPO] ep=473/500 r=  596.31 avg10=  491.19 steps=1430 succ10=0.80 touch10=0.80 col10=0.20 to10=0.00 min_d= 0.30 avg_spd=2.14m/s end=goal t= 7575.3s
[TRAIN][PPO] ep=474/500 r=  593.02 avg10=  492.59 steps=1421 succ10=0.80 touch10=0.80 col10=0.20 to10=0.00 min_d= 0.30 avg_spd=2.15m/s end=goal t= 7591.9s
[TRAIN][PPO] ep=475/500 r=  575.78 avg10=  492.72 steps=1373 succ10=0.80 touch10=0.80 col10=0.20 to10=0.00 min_d= 0.30 avg_spd=2.14m/s end=goal t= 7608.1s
[TRAIN][PPO] ep=476/500 r=  279.47 avg10=  463.24 steps= 984 succ10=0.70 touch10=0.70 col10=0.30 to10=0.00 min_d= 1.40 avg_spd=2.15m/s end=collision t= 7620.8s
[TRAIN][PPO] ep=477/500 r=  581.71 avg10=  462.63 steps=1407 succ10=0.70 touch10=0.70 col10=0.30 to10=0.00 min_d= 0.30 avg_spd=2.13m/s end=goal t= 7637.0s
[TRAIN][PPO] ep=478/500 r=  576.22 avg10=  461.81 steps=1372 succ10=0.70 touch10=0.70 col10=0.30 to10=0.00 min_d= 0.30 avg_spd=2.15m/s end=goal t= 7653.0s
[TRAIN][PPO] ep=479/500 r=  591.96 avg10=  524.37 steps=1438 succ10=0.80 touch10=0.80 col10=0.20 to10=0.00 min_d= 0.30 avg_spd=2.14m/s end=goal t= 7669.4s
[TRAIN][PPO] ep=480/500 r=   67.23 avg10=  472.86 steps= 373 succ10=0.70 touch10=0.70 col10=0.30 to10=0.00 min_d= 3.07 avg_spd=2.11m/s end=collision t= 7674.9s
[TRAIN][PPO] ep=481/500 r=  578.49 avg10=  473.10 steps=1391 succ10=0.70 touch10=0.70 col10=0.30 to10=0.00 min_d= 0.30 avg_spd=2.13m/s end=goal t= 7691.2s
[TRAIN][PPO] ep=482/500 r=  583.15 avg10=  502.34 steps=1392 succ10=0.80 touch10=0.80 col10=0.20 to10=0.00 min_d= 0.30 avg_spd=2.14m/s end=goal t= 7707.7s
[TRAIN][PPO] ep=483/500 r=  -29.44 avg10=  439.76 steps= 133 succ10=0.70 touch10=0.70 col10=0.30 to10=0.00 min_d= 3.81 avg_spd=2.13m/s end=collision t= 7709.3s
[TRAIN][PPO] ep=484/500 r=  283.82 avg10=  408.84 steps= 983 succ10=0.60 touch10=0.60 col10=0.40 to10=0.00 min_d= 1.42 avg_spd=2.16m/s end=collision t= 7722.6s
[TRAIN][PPO] ep=485/500 r=  586.62 avg10=  409.92 steps=1419 succ10=0.60 touch10=0.60 col10=0.40 to10=0.00 min_d= 0.30 avg_spd=2.13m/s end=goal t= 7739.7s
[TRAIN][PPO] ep=486/500 r=  580.89 avg10=  440.07 steps=1385 succ10=0.70 touch10=0.70 col10=0.30 to10=0.00 min_d= 0.30 avg_spd=2.15m/s end=goal t= 7756.9s
[TRAIN][PPO] ep=487/500 r=  -45.04 avg10=  377.39 steps= 145 succ10=0.60 touch10=0.60 col10=0.40 to10=0.00 min_d= 3.78 avg_spd=2.14m/s end=collision t= 7758.8s
[TRAIN][PPO] ep=488/500 r=  -32.81 avg10=  316.49 steps= 117 succ10=0.50 touch10=0.50 col10=0.50 to10=0.00 min_d= 3.82 avg_spd=2.19m/s end=collision t= 7761.0s
[TRAIN][PPO] ep=489/500 r=  587.75 avg10=  316.07 steps=1524 succ10=0.50 touch10=0.50 col10=0.50 to10=0.00 min_d= 0.30 avg_spd=2.15m/s end=goal t= 7780.1s
[TRAIN][PPO] ep=490/500 r=  592.35 avg10=  368.58 steps=1429 succ10=0.60 touch10=0.60 col10=0.40 to10=0.00 min_d= 0.30 avg_spd=2.13m/s end=goal t= 7797.2s
[TRAIN][PPO] ep=491/500 r=  589.24 avg10=  369.65 steps=1416 succ10=0.60 touch10=0.60 col10=0.40 to10=0.00 min_d= 0.30 avg_spd=2.14m/s end=goal t= 7813.9s
[TRAIN][PPO] ep=492/500 r=  579.68 avg10=  369.31 steps=1386 succ10=0.60 touch10=0.60 col10=0.40 to10=0.00 min_d= 0.30 avg_spd=2.15m/s end=goal t= 7831.3s
[TRAIN][PPO] ep=493/500 r=  -31.29 avg10=  369.12 steps= 125 succ10=0.60 touch10=0.60 col10=0.40 to10=0.00 min_d= 3.81 avg_spd=2.06m/s end=collision t= 7832.9s
[TRAIN][PPO] ep=494/500 r=  577.83 avg10=  398.52 steps=1407 succ10=0.70 touch10=0.70 col10=0.30 to10=0.00 min_d= 0.30 avg_spd=2.12m/s end=goal t= 7849.8s
[TRAIN][PPO] ep=495/500 r=   63.24 avg10=  346.18 steps= 357 succ10=0.60 touch10=0.60 col10=0.40 to10=0.00 min_d= 3.12 avg_spd=2.09m/s end=collision t= 7854.3s
[TRAIN][PPO] ep=496/500 r=  282.81 avg10=  316.38 steps= 979 succ10=0.50 touch10=0.50 col10=0.50 to10=0.00 min_d= 1.40 avg_spd=2.17m/s end=collision t= 7866.8s
[TRAIN][PPO] ep=497/500 r=  594.83 avg10=  380.36 steps=1432 succ10=0.60 touch10=0.60 col10=0.40 to10=0.00 min_d= 0.30 avg_spd=2.13m/s end=goal t= 7883.7s
[TRAIN][PPO] ep=498/500 r=  577.67 avg10=  441.41 steps=1399 succ10=0.70 touch10=0.70 col10=0.30 to10=0.00 min_d= 0.30 avg_spd=2.12m/s end=goal t= 7900.4s
[TRAIN][PPO] ep=499/500 r=  581.39 avg10=  440.77 steps=1410 succ10=0.70 touch10=0.70 col10=0.30 to10=0.00 min_d= 0.30 avg_spd=2.14m/s end=goal t= 7917.0s
INFO: PPO: Terminating.
[RUN] completed stage checkpoint=/uio/hume/student-u79/esbrovol/fys5429/DRL-Obstacle-Avoidance/controllers/PPO/checkpoints/20260525_141956_none_seed01_stage09_train_9_dense/final_20260525_141956_none_seed01_stage09_train_9_dense.pth
[RUN] arch=none seed=1 stage=10/10 world=/uio/hume/student-u79/esbrovol/fys5429/DRL-Obstacle-Avoidance/worlds/training/train_10_full.wbt
[RUN] resuming from /uio/hume/student-u79/esbrovol/fys5429/DRL-Obstacle-Avoidance/controllers/PPO/checkpoints/20260525_141956_none_seed01_stage09_train_9_dense/final_20260525_141956_none_seed01_stage09_train_9_dense.pth
INFO: PPO: Starting controller: python3 -u PPO.py
[PPO] Using architecture: NONE
[PPO] Loaded architecture: NONE
[TRAIN][PPO] arch=NONE weights_dir=/uio/hume/student-u79/esbrovol/fys5429/DRL-Obstacle-Avoidance/controllers/PPO/checkpoints/20260525_141956_none_seed01_stage10_train_10_full final=/uio/hume/student-u79/esbrovol/fys5429/DRL-Obstacle-Avoidance/controllers/PPO/checkpoints/20260525_141956_none_seed01_stage10_train_10_full/final_20260525_141956_none_seed01_stage10_train_10_full.pth
[TRAIN][PPO] episodes=500 update_every=4 obs=31 act=2 cell=NONE seq=32 burn_in=0
[TRAIN][PPO] ep=001/500 r=  582.80 avg10=  582.80 steps=1497 succ10=1.00 touch10=1.00 col10=0.00 to10=0.00 min_d= 0.30 avg_spd=2.15m/s end=goal t=   18.9s ckpt=best_goal
[TRAIN][PPO] ep=002/500 r=  589.70 avg10=  586.25 steps=1415 succ10=1.00 touch10=1.00 col10=0.00 to10=0.00 min_d= 0.30 avg_spd=2.15m/s end=goal t=   35.8s ckpt=best_goal
[TRAIN][PPO] ep=003/500 r=  581.47 avg10=  584.66 steps=1396 succ10=1.00 touch10=1.00 col10=0.00 to10=0.00 min_d= 0.30 avg_spd=2.15m/s end=goal t=   52.7s
[TRAIN][PPO] ep=004/500 r=  573.69 avg10=  581.91 steps=1521 succ10=1.00 touch10=1.00 col10=0.00 to10=0.00 min_d= 0.30 avg_spd=2.14m/s end=goal t=   72.4s
[TRAIN][PPO] ep=005/500 r=  581.77 avg10=  581.89 steps=1390 succ10=1.00 touch10=1.00 col10=0.00 to10=0.00 min_d= 0.30 avg_spd=2.14m/s end=goal t=   89.3s
[TRAIN][PPO] ep=006/500 r=  589.34 avg10=  583.13 steps=1417 succ10=1.00 touch10=1.00 col10=0.00 to10=0.00 min_d= 0.30 avg_spd=2.16m/s end=goal t=  106.3s
[TRAIN][PPO] ep=007/500 r=  574.33 avg10=  581.87 steps=1370 succ10=1.00 touch10=1.00 col10=0.00 to10=0.00 min_d= 0.30 avg_spd=2.15m/s end=goal t=  122.8s
[TRAIN][PPO] ep=008/500 r=  586.94 avg10=  582.50 steps=1421 succ10=1.00 touch10=1.00 col10=0.00 to10=0.00 min_d= 0.30 avg_spd=2.10m/s end=goal t=  141.0s
[TRAIN][PPO] ep=009/500 r=  289.98 avg10=  550.00 steps=1007 succ10=0.89 touch10=0.89 col10=0.11 to10=0.00 min_d= 1.41 avg_spd=2.15m/s end=collision t=  153.1s
[TRAIN][PPO] ep=010/500 r=  594.27 avg10=  554.43 steps=1447 succ10=0.90 touch10=0.90 col10=0.10 to10=0.00 min_d= 0.30 avg_spd=2.13m/s end=goal t=  170.4s ckpt=best_goal
[TRAIN][PPO] ep=011/500 r=  585.09 avg10=  554.66 steps=1404 succ10=0.90 touch10=0.90 col10=0.10 to10=0.00 min_d= 0.30 avg_spd=2.14m/s end=goal t=  186.9s
[TRAIN][PPO] ep=012/500 r=  559.42 avg10=  551.63 steps=1518 succ10=0.90 touch10=0.90 col10=0.10 to10=0.00 min_d= 0.30 avg_spd=2.13m/s end=goal t=  206.1s
[TRAIN][PPO] ep=013/500 r=  582.00 avg10=  551.68 steps=1407 succ10=0.90 touch10=0.90 col10=0.10 to10=0.00 min_d= 0.30 avg_spd=2.13m/s end=goal t=  222.3s
[TRAIN][PPO] ep=014/500 r=  593.17 avg10=  553.63 steps=1438 succ10=0.90 touch10=0.90 col10=0.10 to10=0.00 min_d= 0.30 avg_spd=2.12m/s end=goal t=  239.0s
[TRAIN][PPO] ep=015/500 r=  590.08 avg10=  554.46 steps=1423 succ10=0.90 touch10=0.90 col10=0.10 to10=0.00 min_d= 0.30 avg_spd=2.12m/s end=goal t=  255.5s
[TRAIN][PPO] ep=016/500 r=  -34.12 avg10=  492.12 steps= 120 succ10=0.80 touch10=0.80 col10=0.20 to10=0.00 min_d= 3.82 avg_spd=2.16m/s end=collision t=  258.1s
[TRAIN][PPO] ep=017/500 r=  583.69 avg10=  493.05 steps=1395 succ10=0.80 touch10=0.80 col10=0.20 to10=0.00 min_d= 0.30 avg_spd=2.14m/s end=goal t=  273.9s
[TRAIN][PPO] ep=018/500 r=  583.95 avg10=  492.75 steps=1393 succ10=0.80 touch10=0.80 col10=0.20 to10=0.00 min_d= 0.30 avg_spd=2.15m/s end=goal t=  290.5s
[TRAIN][PPO] ep=019/500 r=  588.23 avg10=  522.58 steps=1414 succ10=0.90 touch10=0.90 col10=0.10 to10=0.00 min_d= 0.30 avg_spd=2.16m/s end=goal t=  307.8s
[TRAIN][PPO] ep=020/500 r=  589.85 avg10=  522.14 steps=1418 succ10=0.90 touch10=0.90 col10=0.10 to10=0.00 min_d= 0.30 avg_spd=2.16m/s end=goal t=  325.7s
[TRAIN][PPO] ep=021/500 r=  589.41 avg10=  522.57 steps=1411 succ10=0.90 touch10=0.90 col10=0.10 to10=0.00 min_d= 0.30 avg_spd=2.13m/s end=goal t=  342.0s
[TRAIN][PPO] ep=022/500 r=  577.95 avg10=  524.42 steps=1396 succ10=0.90 touch10=0.90 col10=0.10 to10=0.00 min_d= 0.30 avg_spd=2.15m/s end=goal t=  357.8s
[TRAIN][PPO] ep=023/500 r=  583.76 avg10=  524.60 steps=1406 succ10=0.90 touch10=0.90 col10=0.10 to10=0.00 min_d= 0.30 avg_spd=2.14m/s end=goal t=  374.4s
[TRAIN][PPO] ep=024/500 r=  590.82 avg10=  524.36 steps=1421 succ10=0.90 touch10=0.90 col10=0.10 to10=0.00 min_d= 0.30 avg_spd=2.15m/s end=goal t=  394.2s
[TRAIN][PPO] ep=025/500 r=  590.90 avg10=  524.44 steps=1423 succ10=0.90 touch10=0.90 col10=0.10 to10=0.00 min_d= 0.30 avg_spd=2.15m/s end=goal t=  410.9s
[TRAIN][PPO] ep=026/500 r=  578.09 avg10=  585.67 steps=1394 succ10=1.00 touch10=1.00 col10=0.00 to10=0.00 min_d= 0.30 avg_spd=2.14m/s end=goal t=  427.5s
[TRAIN][PPO] ep=027/500 r=  578.91 avg10=  585.19 steps=1384 succ10=1.00 touch10=1.00 col10=0.00 to10=0.00 min_d= 0.30 avg_spd=2.16m/s end=goal t=  444.2s
[TRAIN][PPO] ep=028/500 r=  591.48 avg10=  585.94 steps=1425 succ10=1.00 touch10=1.00 col10=0.00 to10=0.00 min_d= 0.30 avg_spd=2.13m/s end=goal t=  463.0s
[TRAIN][PPO] ep=029/500 r=  572.49 avg10=  584.37 steps=1367 succ10=1.00 touch10=1.00 col10=0.00 to10=0.00 min_d= 0.30 avg_spd=2.16m/s end=goal t=  479.2s
[TRAIN][PPO] ep=030/500 r=  590.80 avg10=  584.46 steps=1424 succ10=1.00 touch10=1.00 col10=0.00 to10=0.00 min_d= 0.30 avg_spd=2.15m/s end=goal t=  496.2s
[TRAIN][PPO] ep=031/500 r=  587.80 avg10=  584.30 steps=1410 succ10=1.00 touch10=1.00 col10=0.00 to10=0.00 min_d= 0.30 avg_spd=2.12m/s end=goal t=  513.2s
[TRAIN][PPO] ep=032/500 r=  555.44 avg10=  582.05 steps=1505 succ10=1.00 touch10=1.00 col10=0.00 to10=0.00 min_d= 0.30 avg_spd=2.13m/s end=goal t=  532.0s
[TRAIN][PPO] ep=033/500 r=  580.70 avg10=  581.74 steps=1390 succ10=1.00 touch10=1.00 col10=0.00 to10=0.00 min_d= 0.30 avg_spd=2.15m/s end=goal t=  548.0s
[TRAIN][PPO] ep=034/500 r=  573.83 avg10=  580.05 steps=1376 succ10=1.00 touch10=1.00 col10=0.00 to10=0.00 min_d= 0.30 avg_spd=2.16m/s end=goal t=  563.9s
[TRAIN][PPO] ep=035/500 r=  578.27 avg10=  578.78 steps=1389 succ10=1.00 touch10=1.00 col10=0.00 to10=0.00 min_d= 0.30 avg_spd=2.16m/s end=goal t=  579.8s
[TRAIN][PPO] ep=036/500 r=  580.39 avg10=  579.01 steps=1395 succ10=1.00 touch10=1.00 col10=0.00 to10=0.00 min_d= 0.30 avg_spd=2.15m/s end=goal t=  597.2s
[TRAIN][PPO] ep=037/500 r=  585.36 avg10=  579.66 steps=1409 succ10=1.00 touch10=1.00 col10=0.00 to10=0.00 min_d= 0.30 avg_spd=2.17m/s end=goal t=  613.8s
[TRAIN][PPO] ep=038/500 r=  590.62 avg10=  579.57 steps=1427 succ10=1.00 touch10=1.00 col10=0.00 to10=0.00 min_d= 0.30 avg_spd=2.15m/s end=goal t=  630.2s
[TRAIN][PPO] ep=039/500 r=  573.19 avg10=  579.64 steps=1372 succ10=1.00 touch10=1.00 col10=0.00 to10=0.00 min_d= 0.30 avg_spd=2.15m/s end=goal t=  646.8s
[TRAIN][PPO] ep=040/500 r=  -29.23 avg10=  517.64 steps= 113 succ10=0.90 touch10=0.90 col10=0.10 to10=0.00 min_d= 3.83 avg_spd=2.16m/s end=collision t=  650.0s
[TRAIN][PPO] ep=041/500 r=  285.25 avg10=  487.38 steps= 995 succ10=0.80 touch10=0.80 col10=0.20 to10=0.00 min_d= 1.39 avg_spd=2.16m/s end=collision t=  661.9s
[TRAIN][PPO] ep=042/500 r=  585.45 avg10=  490.38 steps=1408 succ10=0.80 touch10=0.80 col10=0.20 to10=0.00 min_d= 0.30 avg_spd=2.13m/s end=goal t=  678.4s
[TRAIN][PPO] ep=043/500 r=  584.40 avg10=  490.75 steps=1419 succ10=0.80 touch10=0.80 col10=0.20 to10=0.00 min_d= 0.30 avg_spd=2.15m/s end=goal t=  695.1s
[TRAIN][PPO] ep=044/500 r=  584.87 avg10=  491.86 steps=1398 succ10=0.80 touch10=0.80 col10=0.20 to10=0.00 min_d= 0.30 avg_spd=2.14m/s end=goal t=  711.9s
[TRAIN][PPO] ep=045/500 r=  588.59 avg10=  492.89 steps=1414 succ10=0.80 touch10=0.80 col10=0.20 to10=0.00 min_d= 0.30 avg_spd=2.15m/s end=goal t=  728.1s
[TRAIN][PPO] ep=046/500 r=  571.07 avg10=  491.96 steps=1362 succ10=0.80 touch10=0.80 col10=0.20 to10=0.00 min_d= 0.30 avg_spd=2.17m/s end=goal t=  743.3s
[TRAIN][PPO] ep=047/500 r=  -28.52 avg10=  430.57 steps= 123 succ10=0.70 touch10=0.70 col10=0.30 to10=0.00 min_d= 3.82 avg_spd=2.09m/s end=collision t=  744.7s
[TRAIN][PPO] ep=048/500 r=  594.02 avg10=  430.91 steps=1423 succ10=0.70 touch10=0.70 col10=0.30 to10=0.00 min_d= 0.30 avg_spd=2.15m/s end=goal t=  762.2s
[TRAIN][PPO] ep=049/500 r=  558.99 avg10=  429.49 steps=1504 succ10=0.70 touch10=0.70 col10=0.30 to10=0.00 min_d= 0.30 avg_spd=2.14m/s end=goal t=  778.9s
[TRAIN][PPO] ep=050/500 r=  291.52 avg10=  461.56 steps=1021 succ10=0.70 touch10=0.70 col10=0.30 to10=0.00 min_d= 1.37 avg_spd=2.15m/s end=collision t=  790.4s
[TRAIN][PPO] ep=051/500 r=  590.22 avg10=  492.06 steps=1417 succ10=0.80 touch10=0.80 col10=0.20 to10=0.00 min_d= 0.30 avg_spd=2.14m/s end=goal t=  806.2s
[TRAIN][PPO] ep=052/500 r=  590.62 avg10=  492.58 steps=1440 succ10=0.80 touch10=0.80 col10=0.20 to10=0.00 min_d= 0.30 avg_spd=2.13m/s end=goal t=  823.9s
[TRAIN][PPO] ep=053/500 r=  575.91 avg10=  491.73 steps=1370 succ10=0.80 touch10=0.80 col10=0.20 to10=0.00 min_d= 0.30 avg_spd=2.15m/s end=goal t=  839.6s
[TRAIN][PPO] ep=054/500 r=  581.34 avg10=  491.38 steps=1396 succ10=0.80 touch10=0.80 col10=0.20 to10=0.00 min_d= 0.30 avg_spd=2.14m/s end=goal t=  856.0s
[TRAIN][PPO] ep=055/500 r=  589.53 avg10=  491.47 steps=1412 succ10=0.80 touch10=0.80 col10=0.20 to10=0.00 min_d= 0.30 avg_spd=2.17m/s end=goal t=  873.0s
[TRAIN][PPO] ep=056/500 r=  581.81 avg10=  492.54 steps=1397 succ10=0.80 touch10=0.80 col10=0.20 to10=0.00 min_d= 0.30 avg_spd=2.15m/s end=goal t=  891.8s
[TRAIN][PPO] ep=057/500 r=  573.46 avg10=  552.74 steps=1363 succ10=0.90 touch10=0.90 col10=0.10 to10=0.00 min_d= 0.30 avg_spd=2.15m/s end=goal t=  909.4s
[TRAIN][PPO] ep=058/500 r=  580.06 avg10=  551.35 steps=1391 succ10=0.90 touch10=0.90 col10=0.10 to10=0.00 min_d= 0.30 avg_spd=2.16m/s end=goal t=  927.5s
[TRAIN][PPO] ep=059/500 r=  585.44 avg10=  553.99 steps=1396 succ10=0.90 touch10=0.90 col10=0.10 to10=0.00 min_d= 0.30 avg_spd=2.17m/s end=goal t=  945.2s
[TRAIN][PPO] ep=060/500 r=  578.01 avg10=  582.64 steps=1378 succ10=1.00 touch10=1.00 col10=0.00 to10=0.00 min_d= 0.30 avg_spd=2.16m/s end=goal t=  964.2s
[TRAIN][PPO] ep=061/500 r=  591.58 avg10=  582.78 steps=1424 succ10=1.00 touch10=1.00 col10=0.00 to10=0.00 min_d= 0.30 avg_spd=2.15m/s end=goal t=  982.0s
[TRAIN][PPO] ep=062/500 r=  584.96 avg10=  582.21 steps=1399 succ10=1.00 touch10=1.00 col10=0.00 to10=0.00 min_d= 0.30 avg_spd=2.17m/s end=goal t=  999.3s
[TRAIN][PPO] ep=063/500 r=  -42.77 avg10=  520.34 steps=  36 succ10=0.90 touch10=0.90 col10=0.10 to10=0.00 min_d= 3.83 avg_spd=2.16m/s end=collision t=  999.8s
[TRAIN][PPO] ep=064/500 r=  270.95 avg10=  489.30 steps= 964 succ10=0.80 touch10=0.80 col10=0.20 to10=0.00 min_d= 1.40 avg_spd=2.17m/s end=collision t= 1013.0s
[TRAIN][PPO] ep=065/500 r=  -43.98 avg10=  425.95 steps=  22 succ10=0.70 touch10=0.70 col10=0.30 to10=0.00 min_d= 3.84 avg_spd=1.95m/s end=collision t= 1013.3s
[TRAIN][PPO] ep=066/500 r=  580.51 avg10=  425.82 steps=1411 succ10=0.70 touch10=0.70 col10=0.30 to10=0.00 min_d= 0.30 avg_spd=2.14m/s end=goal t= 1031.2s
[TRAIN][PPO] ep=067/500 r=  579.77 avg10=  426.45 steps=1393 succ10=0.70 touch10=0.70 col10=0.30 to10=0.00 min_d= 0.30 avg_spd=2.15m/s end=goal t= 1049.1s
[TRAIN][PPO] ep=068/500 r=  585.13 avg10=  426.96 steps=1402 succ10=0.70 touch10=0.70 col10=0.30 to10=0.00 min_d= 0.30 avg_spd=2.15m/s end=goal t= 1067.6s
[TRAIN][PPO] ep=069/500 r=  581.05 avg10=  426.52 steps=1412 succ10=0.70 touch10=0.70 col10=0.30 to10=0.00 min_d= 0.30 avg_spd=2.14m/s end=goal t= 1084.2s
[TRAIN][PPO] ep=070/500 r=  586.37 avg10=  427.36 steps=1415 succ10=0.70 touch10=0.70 col10=0.30 to10=0.00 min_d= 0.30 avg_spd=2.14m/s end=goal t= 1101.2s
[TRAIN][PPO] ep=071/500 r=  589.37 avg10=  427.14 steps=1406 succ10=0.70 touch10=0.70 col10=0.30 to10=0.00 min_d= 0.30 avg_spd=2.16m/s end=goal t= 1118.3s
[TRAIN][PPO] ep=072/500 r=  593.44 avg10=  427.98 steps=1442 succ10=0.70 touch10=0.70 col10=0.30 to10=0.00 min_d= 0.30 avg_spd=2.14m/s end=goal t= 1138.7s
[TRAIN][PPO] ep=073/500 r=  595.24 avg10=  491.78 steps=1429 succ10=0.80 touch10=0.80 col10=0.20 to10=0.00 min_d= 0.30 avg_spd=2.14m/s end=goal t= 1155.5s ckpt=best_goal
[TRAIN][PPO] ep=074/500 r=  588.72 avg10=  523.56 steps=1417 succ10=0.90 touch10=0.90 col10=0.10 to10=0.00 min_d= 0.30 avg_spd=2.16m/s end=goal t= 1172.3s
[TRAIN][PPO] ep=075/500 r=  571.94 avg10=  585.15 steps=1377 succ10=1.00 touch10=1.00 col10=0.00 to10=0.00 min_d= 0.30 avg_spd=2.15m/s end=goal t= 1189.1s
[TRAIN][PPO] ep=076/500 r=  573.30 avg10=  584.43 steps=1367 succ10=1.00 touch10=1.00 col10=0.00 to10=0.00 min_d= 0.30 avg_spd=2.16m/s end=goal t= 1206.9s
[TRAIN][PPO] ep=077/500 r=  582.84 avg10=  584.74 steps=1398 succ10=1.00 touch10=1.00 col10=0.00 to10=0.00 min_d= 0.30 avg_spd=2.15m/s end=goal t= 1223.6s
[TRAIN][PPO] ep=078/500 r=  -36.05 avg10=  522.62 steps= 127 succ10=0.90 touch10=0.90 col10=0.10 to10=0.00 min_d= 3.80 avg_spd=2.14m/s end=collision t= 1225.2s
[TRAIN][PPO] ep=079/500 r=  584.06 avg10=  522.92 steps=1405 succ10=0.90 touch10=0.90 col10=0.10 to10=0.00 min_d= 0.30 avg_spd=2.13m/s end=goal t= 1241.9s
[TRAIN][PPO] ep=080/500 r=  588.27 avg10=  523.11 steps=1416 succ10=0.90 touch10=0.90 col10=0.10 to10=0.00 min_d= 0.30 avg_spd=2.14m/s end=goal t= 1260.1s
[TRAIN][PPO] ep=081/500 r=  589.91 avg10=  523.17 steps=1419 succ10=0.90 touch10=0.90 col10=0.10 to10=0.00 min_d= 0.30 avg_spd=2.15m/s end=goal t= 1276.7s
[TRAIN][PPO] ep=082/500 r=  594.28 avg10=  523.25 steps=1431 succ10=0.90 touch10=0.90 col10=0.10 to10=0.00 min_d= 0.30 avg_spd=2.14m/s end=goal t= 1294.7s
[TRAIN][PPO] ep=083/500 r=  577.21 avg10=  521.45 steps=1387 succ10=0.90 touch10=0.90 col10=0.10 to10=0.00 min_d= 0.30 avg_spd=2.13m/s end=goal t= 1312.2s
[TRAIN][PPO] ep=084/500 r=  584.14 avg10=  520.99 steps=1409 succ10=0.90 touch10=0.90 col10=0.10 to10=0.00 min_d= 0.30 avg_spd=2.15m/s end=goal t= 1331.1s
[TRAIN][PPO] ep=085/500 r=  574.47 avg10=  521.24 steps=1368 succ10=0.90 touch10=0.90 col10=0.10 to10=0.00 min_d= 0.30 avg_spd=2.16m/s end=goal t= 1348.2s
[TRAIN][PPO] ep=086/500 r=  584.66 avg10=  522.38 steps=1403 succ10=0.90 touch10=0.90 col10=0.10 to10=0.00 min_d= 0.30 avg_spd=2.16m/s end=goal t= 1365.1s
[TRAIN][PPO] ep=087/500 r=  574.83 avg10=  521.58 steps=1379 succ10=0.90 touch10=0.90 col10=0.10 to10=0.00 min_d= 0.30 avg_spd=2.15m/s end=goal t= 1382.0s
[TRAIN][PPO] ep=088/500 r=  576.13 avg10=  582.80 steps=1375 succ10=1.00 touch10=1.00 col10=0.00 to10=0.00 min_d= 0.30 avg_spd=2.14m/s end=goal t= 1399.8s
[TRAIN][PPO] ep=089/500 r=  581.95 avg10=  582.58 steps=1392 succ10=1.00 touch10=1.00 col10=0.00 to10=0.00 min_d= 0.30 avg_spd=2.16m/s end=goal t= 1416.3s
[TRAIN][PPO] ep=090/500 r=  584.12 avg10=  582.17 steps=1397 succ10=1.00 touch10=1.00 col10=0.00 to10=0.00 min_d= 0.30 avg_spd=2.16m/s end=goal t= 1433.4s
[TRAIN][PPO] ep=091/500 r=  583.26 avg10=  581.50 steps=1405 succ10=1.00 touch10=1.00 col10=0.00 to10=0.00 min_d= 0.30 avg_spd=2.15m/s end=goal t= 1450.5s
[TRAIN][PPO] ep=092/500 r=  590.60 avg10=  581.14 steps=1418 succ10=1.00 touch10=1.00 col10=0.00 to10=0.00 min_d= 0.30 avg_spd=2.15m/s end=goal t= 1469.3s
[TRAIN][PPO] ep=093/500 r=  576.90 avg10=  581.11 steps=1398 succ10=1.00 touch10=1.00 col10=0.00 to10=0.00 min_d= 0.30 avg_spd=2.14m/s end=goal t= 1486.1s
[TRAIN][PPO] ep=094/500 r=  584.57 avg10=  581.15 steps=1398 succ10=1.00 touch10=1.00 col10=0.00 to10=0.00 min_d= 0.30 avg_spd=2.14m/s end=goal t= 1503.1s
[TRAIN][PPO] ep=095/500 r=  577.20 avg10=  581.42 steps=1383 succ10=1.00 touch10=1.00 col10=0.00 to10=0.00 min_d= 0.30 avg_spd=2.15m/s end=goal t= 1519.9s
[TRAIN][PPO] ep=096/500 r=  580.76 avg10=  581.03 steps=1389 succ10=1.00 touch10=1.00 col10=0.00 to10=0.00 min_d= 0.30 avg_spd=2.15m/s end=goal t= 1537.5s
[TRAIN][PPO] ep=097/500 r=  573.03 avg10=  580.85 steps=1362 succ10=1.00 touch10=1.00 col10=0.00 to10=0.00 min_d= 0.30 avg_spd=2.17m/s end=goal t= 1554.0s
[TRAIN][PPO] ep=098/500 r=  589.84 avg10=  582.22 steps=1414 succ10=1.00 touch10=1.00 col10=0.00 to10=0.00 min_d= 0.30 avg_spd=2.14m/s end=goal t= 1570.8s
[TRAIN][PPO] ep=099/500 r=  593.03 avg10=  583.33 steps=1433 succ10=1.00 touch10=1.00 col10=0.00 to10=0.00 min_d= 0.30 avg_spd=2.14m/s end=goal t= 1587.9s
[TRAIN][PPO] ep=100/500 r=  578.74 avg10=  582.79 steps=1388 succ10=1.00 touch10=1.00 col10=0.00 to10=0.00 min_d= 0.30 avg_spd=2.14m/s end=goal t= 1607.1s ckpt=latest
[TRAIN][PPO] ep=101/500 r=  586.43 avg10=  583.11 steps=1401 succ10=1.00 touch10=1.00 col10=0.00 to10=0.00 min_d= 0.30 avg_spd=2.14m/s end=goal t= 1623.2s
[TRAIN][PPO] ep=102/500 r=  584.00 avg10=  582.45 steps=1393 succ10=1.00 touch10=1.00 col10=0.00 to10=0.00 min_d= 0.30 avg_spd=2.16m/s end=goal t= 1639.6s
[TRAIN][PPO] ep=103/500 r=  583.80 avg10=  583.14 steps=1417 succ10=1.00 touch10=1.00 col10=0.00 to10=0.00 min_d= 0.30 avg_spd=2.15m/s end=goal t= 1655.6s
[TRAIN][PPO] ep=104/500 r=  -32.23 avg10=  521.46 steps=  65 succ10=0.90 touch10=0.90 col10=0.10 to10=0.00 min_d= 3.85 avg_spd=2.15m/s end=collision t= 1657.3s
[TRAIN][PPO] ep=105/500 r=  586.17 avg10=  522.36 steps=1408 succ10=0.90 touch10=0.90 col10=0.10 to10=0.00 min_d= 0.30 avg_spd=2.14m/s end=goal t= 1674.4s
[TRAIN][PPO] ep=106/500 r=  586.38 avg10=  522.92 steps=1409 succ10=0.90 touch10=0.90 col10=0.10 to10=0.00 min_d= 0.30 avg_spd=2.16m/s end=goal t= 1691.5s
[TRAIN][PPO] ep=107/500 r=  575.06 avg10=  523.12 steps=1506 succ10=0.90 touch10=0.90 col10=0.10 to10=0.00 min_d= 0.30 avg_spd=2.14m/s end=goal t= 1710.0s
[TRAIN][PPO] ep=108/500 r=  -34.62 avg10=  460.68 steps=  58 succ10=0.80 touch10=0.80 col10=0.20 to10=0.00 min_d= 3.84 avg_spd=1.95m/s end=collision t= 1711.7s
[TRAIN][PPO] ep=109/500 r=  577.97 avg10=  459.17 steps=1382 succ10=0.80 touch10=0.80 col10=0.20 to10=0.00 min_d= 0.30 avg_spd=2.16m/s end=goal t= 1727.8s
[TRAIN][PPO] ep=110/500 r=  589.74 avg10=  460.27 steps=1415 succ10=0.80 touch10=0.80 col10=0.20 to10=0.00 min_d= 0.30 avg_spd=2.15m/s end=goal t= 1744.7s
[TRAIN][PPO] ep=111/500 r=  572.61 avg10=  458.89 steps=1529 succ10=0.80 touch10=0.80 col10=0.20 to10=0.00 min_d= 0.30 avg_spd=2.13m/s end=goal t= 1762.9s
[TRAIN][PPO] ep=112/500 r=  585.05 avg10=  458.99 steps=1416 succ10=0.80 touch10=0.80 col10=0.20 to10=0.00 min_d= 0.30 avg_spd=2.15m/s end=goal t= 1780.7s
[TRAIN][PPO] ep=113/500 r=  583.41 avg10=  458.95 steps=1422 succ10=0.80 touch10=0.80 col10=0.20 to10=0.00 min_d= 0.30 avg_spd=2.13m/s end=goal t= 1798.2s
[TRAIN][PPO] ep=114/500 r=  577.45 avg10=  519.92 steps=1390 succ10=0.90 touch10=0.90 col10=0.10 to10=0.00 min_d= 0.30 avg_spd=2.14m/s end=goal t= 1815.3s
[TRAIN][PPO] ep=115/500 r=  576.45 avg10=  518.95 steps=1377 succ10=0.90 touch10=0.90 col10=0.10 to10=0.00 min_d= 0.30 avg_spd=2.16m/s end=goal t= 1832.1s
[TRAIN][PPO] ep=116/500 r=  575.89 avg10=  517.90 steps=1372 succ10=0.90 touch10=0.90 col10=0.10 to10=0.00 min_d= 0.30 avg_spd=2.16m/s end=goal t= 1849.5s
[TRAIN][PPO] ep=117/500 r=  584.77 avg10=  518.87 steps=1400 succ10=0.90 touch10=0.90 col10=0.10 to10=0.00 min_d= 0.30 avg_spd=2.12m/s end=goal t= 1866.7s
[TRAIN][PPO] ep=118/500 r=  580.53 avg10=  580.39 steps=1389 succ10=1.00 touch10=1.00 col10=0.00 to10=0.00 min_d= 0.30 avg_spd=2.15m/s end=goal t= 1883.9s
[TRAIN][PPO] ep=119/500 r=  586.17 avg10=  581.21 steps=1428 succ10=1.00 touch10=1.00 col10=0.00 to10=0.00 min_d= 0.30 avg_spd=2.13m/s end=goal t= 1901.0s
[TRAIN][PPO] ep=120/500 r=  584.94 avg10=  580.73 steps=1408 succ10=1.00 touch10=1.00 col10=0.00 to10=0.00 min_d= 0.30 avg_spd=2.15m/s end=goal t= 1921.7s
[TRAIN][PPO] ep=121/500 r=  576.42 avg10=  581.11 steps=1380 succ10=1.00 touch10=1.00 col10=0.00 to10=0.00 min_d= 0.30 avg_spd=2.17m/s end=goal t= 1938.7s
[TRAIN][PPO] ep=122/500 r=  572.82 avg10=  579.88 steps=1363 succ10=1.00 touch10=1.00 col10=0.00 to10=0.00 min_d= 0.30 avg_spd=2.15m/s end=goal t= 1955.1s
[TRAIN][PPO] ep=123/500 r=  589.21 avg10=  580.46 steps=1531 succ10=1.00 touch10=1.00 col10=0.00 to10=0.00 min_d= 0.30 avg_spd=2.13m/s end=goal t= 1973.4s
[TRAIN][PPO] ep=124/500 r=  575.44 avg10=  580.26 steps=1523 succ10=1.00 touch10=1.00 col10=0.00 to10=0.00 min_d= 0.30 avg_spd=2.15m/s end=goal t= 1992.6s
[TRAIN][PPO] ep=125/500 r=  585.21 avg10=  581.14 steps=1409 succ10=1.00 touch10=1.00 col10=0.00 to10=0.00 min_d= 0.30 avg_spd=2.15m/s end=goal t= 2009.8s
[TRAIN][PPO] ep=126/500 r=  580.02 avg10=  581.55 steps=1382 succ10=1.00 touch10=1.00 col10=0.00 to10=0.00 min_d= 0.30 avg_spd=2.15m/s end=goal t= 2026.6s
[TRAIN][PPO] ep=127/500 r=  584.11 avg10=  581.49 steps=1406 succ10=1.00 touch10=1.00 col10=0.00 to10=0.00 min_d= 0.30 avg_spd=2.13m/s end=goal t= 2043.9s
[TRAIN][PPO] ep=128/500 r=  589.84 avg10=  582.42 steps=1416 succ10=1.00 touch10=1.00 col10=0.00 to10=0.00 min_d= 0.30 avg_spd=2.14m/s end=goal t= 2061.9s
[TRAIN][PPO] ep=129/500 r=  586.35 avg10=  582.43 steps=1403 succ10=1.00 touch10=1.00 col10=0.00 to10=0.00 min_d= 0.30 avg_spd=2.14m/s end=goal t= 2078.4s
[TRAIN][PPO] ep=130/500 r=  589.07 avg10=  582.85 steps=1419 succ10=1.00 touch10=1.00 col10=0.00 to10=0.00 min_d= 0.30 avg_spd=2.15m/s end=goal t= 2095.5s
[TRAIN][PPO] ep=131/500 r=  596.14 avg10=  584.82 steps=1444 succ10=1.00 touch10=1.00 col10=0.00 to10=0.00 min_d= 0.30 avg_spd=2.13m/s end=goal t= 2113.0s ckpt=best_goal
[TRAIN][PPO] ep=132/500 r=  585.83 avg10=  586.12 steps=1409 succ10=1.00 touch10=1.00 col10=0.00 to10=0.00 min_d= 0.30 avg_spd=2.15m/s end=goal t= 2131.2s
[TRAIN][PPO] ep=133/500 r=  579.79 avg10=  585.18 steps=1400 succ10=1.00 touch10=1.00 col10=0.00 to10=0.00 min_d= 0.30 avg_spd=2.16m/s end=goal t= 2148.0s
[TRAIN][PPO] ep=134/500 r=  589.10 avg10=  586.55 steps=1419 succ10=1.00 touch10=1.00 col10=0.00 to10=0.00 min_d= 0.30 avg_spd=2.16m/s end=goal t= 2165.0s
[TRAIN][PPO] ep=135/500 r=  576.21 avg10=  585.65 steps=1374 succ10=1.00 touch10=1.00 col10=0.00 to10=0.00 min_d= 0.30 avg_spd=2.15m/s end=goal t= 2182.0s
[TRAIN][PPO] ep=136/500 r=  588.78 avg10=  586.52 steps=1534 succ10=1.00 touch10=1.00 col10=0.00 to10=0.00 min_d= 0.30 avg_spd=2.13m/s end=goal t= 2202.1s
[TRAIN][PPO] ep=137/500 r=  581.89 avg10=  586.30 steps=1399 succ10=1.00 touch10=1.00 col10=0.00 to10=0.00 min_d= 0.30 avg_spd=2.14m/s end=goal t= 2218.9s
[TRAIN][PPO] ep=138/500 r=  579.30 avg10=  585.25 steps=1395 succ10=1.00 touch10=1.00 col10=0.00 to10=0.00 min_d= 0.30 avg_spd=2.14m/s end=goal t= 2235.3s
[TRAIN][PPO] ep=139/500 r=  587.05 avg10=  585.32 steps=1414 succ10=1.00 touch10=1.00 col10=0.00 to10=0.00 min_d= 0.30 avg_spd=2.14m/s end=goal t= 2252.1s
[TRAIN][PPO] ep=140/500 r=  587.85 avg10=  585.19 steps=1504 succ10=1.00 touch10=1.00 col10=0.00 to10=0.00 min_d= 0.30 avg_spd=2.14m/s end=goal t= 2272.0s
[TRAIN][PPO] ep=141/500 r=  591.14 avg10=  584.70 steps=1539 succ10=1.00 touch10=1.00 col10=0.00 to10=0.00 min_d= 0.30 avg_spd=2.13m/s end=goal t= 2290.0s
[TRAIN][PPO] ep=142/500 r=  591.41 avg10=  585.25 steps=1422 succ10=1.00 touch10=1.00 col10=0.00 to10=0.00 min_d= 0.30 avg_spd=2.15m/s end=goal t= 2306.9s
[TRAIN][PPO] ep=143/500 r=  578.26 avg10=  585.10 steps=1382 succ10=1.00 touch10=1.00 col10=0.00 to10=0.00 min_d= 0.30 avg_spd=2.15m/s end=goal t= 2323.1s
[TRAIN][PPO] ep=144/500 r=  585.09 avg10=  584.70 steps=1407 succ10=1.00 touch10=1.00 col10=0.00 to10=0.00 min_d= 0.30 avg_spd=2.14m/s end=goal t= 2341.1s
[TRAIN][PPO] ep=145/500 r=  574.92 avg10=  584.57 steps=1550 succ10=1.00 touch10=1.00 col10=0.00 to10=0.00 min_d= 0.30 avg_spd=2.14m/s end=goal t= 2359.4s
[TRAIN][PPO] ep=146/500 r=  576.57 avg10=  583.35 steps=1377 succ10=1.00 touch10=1.00 col10=0.00 to10=0.00 min_d= 0.30 avg_spd=2.16m/s end=goal t= 2375.3s
[TRAIN][PPO] ep=147/500 r=  581.41 avg10=  583.30 steps=1521 succ10=1.00 touch10=1.00 col10=0.00 to10=0.00 min_d= 0.30 avg_spd=2.16m/s end=goal t= 2392.8s
[TRAIN][PPO] ep=148/500 r=  579.60 avg10=  583.33 steps=1403 succ10=1.00 touch10=1.00 col10=0.00 to10=0.00 min_d= 0.30 avg_spd=2.12m/s end=goal t= 2411.2s
[TRAIN][PPO] ep=149/500 r=  -43.25 avg10=  520.30 steps=  28 succ10=0.90 touch10=0.90 col10=0.10 to10=0.00 min_d= 3.84 avg_spd=2.18m/s end=collision t= 2411.6s
[TRAIN][PPO] ep=150/500 r=  592.53 avg10=  520.77 steps=1441 succ10=0.90 touch10=0.90 col10=0.10 to10=0.00 min_d= 0.30 avg_spd=2.12m/s end=goal t= 2429.1s
[TRAIN][PPO] ep=151/500 r=  571.68 avg10=  518.82 steps=1372 succ10=0.90 touch10=0.90 col10=0.10 to10=0.00 min_d= 0.30 avg_spd=2.15m/s end=goal t= 2445.4s
[TRAIN][PPO] ep=152/500 r=  577.67 avg10=  517.45 steps=1380 succ10=0.90 touch10=0.90 col10=0.10 to10=0.00 min_d= 0.30 avg_spd=2.14m/s end=goal t= 2462.6s
[TRAIN][PPO] ep=153/500 r=  592.18 avg10=  518.84 steps=1425 succ10=0.90 touch10=0.90 col10=0.10 to10=0.00 min_d= 0.30 avg_spd=2.14m/s end=goal t= 2479.2s
[TRAIN][PPO] ep=154/500 r=  589.63 avg10=  519.29 steps=1419 succ10=0.90 touch10=0.90 col10=0.10 to10=0.00 min_d= 0.30 avg_spd=2.15m/s end=goal t= 2496.5s
[TRAIN][PPO] ep=155/500 r=  584.77 avg10=  520.28 steps=1408 succ10=0.90 touch10=0.90 col10=0.10 to10=0.00 min_d= 0.30 avg_spd=2.16m/s end=goal t= 2514.1s
[TRAIN][PPO] ep=156/500 r=  583.80 avg10=  521.00 steps=1411 succ10=0.90 touch10=0.90 col10=0.10 to10=0.00 min_d= 0.30 avg_spd=2.14m/s end=goal t= 2533.0s
[TRAIN][PPO] ep=157/500 r=  582.09 avg10=  521.07 steps=1389 succ10=0.90 touch10=0.90 col10=0.10 to10=0.00 min_d= 0.30 avg_spd=2.17m/s end=goal t= 2549.5s
[TRAIN][PPO] ep=158/500 r=  572.90 avg10=  520.40 steps=1360 succ10=0.90 touch10=0.90 col10=0.10 to10=0.00 min_d= 0.30 avg_spd=2.16m/s end=goal t= 2566.1s
[TRAIN][PPO] ep=159/500 r=  571.04 avg10=  581.83 steps=1355 succ10=1.00 touch10=1.00 col10=0.00 to10=0.00 min_d= 0.30 avg_spd=2.17m/s end=goal t= 2583.1s
[TRAIN][PPO] ep=160/500 r=  589.87 avg10=  581.56 steps=1421 succ10=1.00 touch10=1.00 col10=0.00 to10=0.00 min_d= 0.30 avg_spd=2.14m/s end=goal t= 2601.6s
[TRAIN][PPO] ep=161/500 r=  577.67 avg10=  582.16 steps=1379 succ10=1.00 touch10=1.00 col10=0.00 to10=0.00 min_d= 0.30 avg_spd=2.16m/s end=goal t= 2618.9s
[TRAIN][PPO] ep=162/500 r=  584.25 avg10=  582.82 steps=1394 succ10=1.00 touch10=1.00 col10=0.00 to10=0.00 min_d= 0.30 avg_spd=2.17m/s end=goal t= 2636.2s
[TRAIN][PPO] ep=163/500 r=  587.28 avg10=  582.33 steps=1423 succ10=1.00 touch10=1.00 col10=0.00 to10=0.00 min_d= 0.30 avg_spd=2.14m/s end=goal t= 2653.5s
[TRAIN][PPO] ep=164/500 r=  583.65 avg10=  581.73 steps=1400 succ10=1.00 touch10=1.00 col10=0.00 to10=0.00 min_d= 0.30 avg_spd=2.16m/s end=goal t= 2672.0s
[TRAIN][PPO] ep=165/500 r=  575.78 avg10=  580.83 steps=1393 succ10=1.00 touch10=1.00 col10=0.00 to10=0.00 min_d= 0.30 avg_spd=2.14m/s end=goal t= 2689.0s
[TRAIN][PPO] ep=166/500 r=  -42.52 avg10=  518.20 steps=  36 succ10=0.90 touch10=0.90 col10=0.10 to10=0.00 min_d= 3.83 avg_spd=2.18m/s end=collision t= 2689.4s
[TRAIN][PPO] ep=167/500 r=  589.15 avg10=  518.91 steps=1414 succ10=0.90 touch10=0.90 col10=0.10 to10=0.00 min_d= 0.30 avg_spd=2.15m/s end=goal t= 2707.1s
[TRAIN][PPO] ep=168/500 r=  578.36 avg10=  519.45 steps=1386 succ10=0.90 touch10=0.90 col10=0.10 to10=0.00 min_d= 0.30 avg_spd=2.16m/s end=goal t= 2724.9s
[TRAIN][PPO] ep=169/500 r=  588.88 avg10=  521.24 steps=1415 succ10=0.90 touch10=0.90 col10=0.10 to10=0.00 min_d= 0.30 avg_spd=2.15m/s end=goal t= 2742.4s
[TRAIN][PPO] ep=170/500 r=  581.28 avg10=  520.38 steps=1522 succ10=0.90 touch10=0.90 col10=0.10 to10=0.00 min_d= 0.30 avg_spd=2.12m/s end=goal t= 2761.2s
[TRAIN][PPO] ep=171/500 r=  588.29 avg10=  521.44 steps=1413 succ10=0.90 touch10=0.90 col10=0.10 to10=0.00 min_d= 0.30 avg_spd=2.15m/s end=goal t= 2778.6s
[TRAIN][PPO] ep=172/500 r=  582.89 avg10=  521.30 steps=1392 succ10=0.90 touch10=0.90 col10=0.10 to10=0.00 min_d= 0.30 avg_spd=2.15m/s end=goal t= 2796.8s
[TRAIN][PPO] ep=173/500 r=  570.01 avg10=  519.58 steps=1361 succ10=0.90 touch10=0.90 col10=0.10 to10=0.00 min_d= 0.30 avg_spd=2.16m/s end=goal t= 2813.7s
[TRAIN][PPO] ep=174/500 r=  571.96 avg10=  518.41 steps=1367 succ10=0.90 touch10=0.90 col10=0.10 to10=0.00 min_d= 0.30 avg_spd=2.15m/s end=goal t= 2830.7s
[TRAIN][PPO] ep=175/500 r=  -28.55 avg10=  457.98 steps= 128 succ10=0.80 touch10=0.80 col10=0.20 to10=0.00 min_d= 3.83 avg_spd=2.12m/s end=collision t= 2832.3s
[TRAIN][PPO] ep=176/500 r=  585.08 avg10=  520.74 steps=1417 succ10=0.90 touch10=0.90 col10=0.10 to10=0.00 min_d= 0.30 avg_spd=2.13m/s end=goal t= 2850.3s
[TRAIN][PPO] ep=177/500 r=  588.29 avg10=  520.65 steps=1423 succ10=0.90 touch10=0.90 col10=0.10 to10=0.00 min_d= 0.30 avg_spd=2.15m/s end=goal t= 2867.9s
[TRAIN][PPO] ep=178/500 r=  574.99 avg10=  520.31 steps=1375 succ10=0.90 touch10=0.90 col10=0.10 to10=0.00 min_d= 0.30 avg_spd=2.15m/s end=goal t= 2885.2s
[TRAIN][PPO] ep=179/500 r=  586.97 avg10=  520.12 steps=1403 succ10=0.90 touch10=0.90 col10=0.10 to10=0.00 min_d= 0.30 avg_spd=2.14m/s end=goal t= 2902.6s
[TRAIN][PPO] ep=180/500 r=  582.61 avg10=  520.25 steps=1397 succ10=0.90 touch10=0.90 col10=0.10 to10=0.00 min_d= 0.30 avg_spd=2.15m/s end=goal t= 2922.9s
[TRAIN][PPO] ep=181/500 r=  580.09 avg10=  519.43 steps=1498 succ10=0.90 touch10=0.90 col10=0.10 to10=0.00 min_d= 0.30 avg_spd=2.15m/s end=goal t= 2941.4s
[TRAIN][PPO] ep=182/500 r=  577.17 avg10=  518.86 steps=1395 succ10=0.90 touch10=0.90 col10=0.10 to10=0.00 min_d= 0.30 avg_spd=2.15m/s end=goal t= 2958.8s
[TRAIN][PPO] ep=183/500 r=  588.08 avg10=  520.67 steps=1410 succ10=0.90 touch10=0.90 col10=0.10 to10=0.00 min_d= 0.30 avg_spd=2.15m/s end=goal t= 2976.1s
[TRAIN][PPO] ep=184/500 r=  -40.17 avg10=  459.46 steps=  40 succ10=0.80 touch10=0.80 col10=0.20 to10=0.00 min_d= 3.83 avg_spd=2.10m/s end=collision t= 2977.6s
[TRAIN][PPO] ep=185/500 r=  585.67 avg10=  520.88 steps=1402 succ10=0.90 touch10=0.90 col10=0.10 to10=0.00 min_d= 0.30 avg_spd=2.15m/s end=goal t= 2994.7s
[TRAIN][PPO] ep=186/500 r=  -41.12 avg10=  458.26 steps= 108 succ10=0.80 touch10=0.80 col10=0.20 to10=0.00 min_d= 3.81 avg_spd=2.05m/s end=collision t= 2996.0s
[TRAIN][PPO] ep=187/500 r=  564.53 avg10=  455.88 steps=1509 succ10=0.80 touch10=0.80 col10=0.20 to10=0.00 min_d= 0.30 avg_spd=2.16m/s end=goal t= 3013.2s
[TRAIN][PPO] ep=188/500 r=  576.08 avg10=  455.99 steps=1372 succ10=0.80 touch10=0.80 col10=0.20 to10=0.00 min_d= 0.30 avg_spd=2.17m/s end=goal t= 3031.4s
[TRAIN][PPO] ep=189/500 r=  552.52 avg10=  452.55 steps=1507 succ10=0.80 touch10=0.80 col10=0.20 to10=0.00 min_d= 0.30 avg_spd=2.13m/s end=goal t= 3050.0s
[TRAIN][PPO] ep=190/500 r=  580.66 avg10=  452.35 steps=1401 succ10=0.80 touch10=0.80 col10=0.20 to10=0.00 min_d= 0.30 avg_spd=2.16m/s end=goal t= 3067.2s
[TRAIN][PPO] ep=191/500 r=  577.16 avg10=  452.06 steps=1380 succ10=0.80 touch10=0.80 col10=0.20 to10=0.00 min_d= 0.30 avg_spd=2.16m/s end=goal t= 3084.5s
[TRAIN][PPO] ep=192/500 r=  584.01 avg10=  452.74 steps=1396 succ10=0.80 touch10=0.80 col10=0.20 to10=0.00 min_d= 0.30 avg_spd=2.17m/s end=goal t= 3103.0s
[TRAIN][PPO] ep=193/500 r=  584.59 avg10=  452.39 steps=1403 succ10=0.80 touch10=0.80 col10=0.20 to10=0.00 min_d= 0.30 avg_spd=2.16m/s end=goal t= 3119.9s
[TRAIN][PPO] ep=194/500 r=  574.63 avg10=  513.87 steps=1372 succ10=0.90 touch10=0.90 col10=0.10 to10=0.00 min_d= 0.30 avg_spd=2.16m/s end=goal t= 3136.7s
[TRAIN][PPO] ep=195/500 r=  582.19 avg10=  513.52 steps=1394 succ10=0.90 touch10=0.90 col10=0.10 to10=0.00 min_d= 0.30 avg_spd=2.16m/s end=goal t= 3153.5s
[TRAIN][PPO] ep=196/500 r=  591.04 avg10=  576.74 steps=1417 succ10=1.00 touch10=1.00 col10=0.00 to10=0.00 min_d= 0.30 avg_spd=2.14m/s end=goal t= 3172.4s
[TRAIN][PPO] ep=197/500 r=  579.51 avg10=  578.24 steps=1385 succ10=1.00 touch10=1.00 col10=0.00 to10=0.00 min_d= 0.30 avg_spd=2.15m/s end=goal t= 3189.8s
[TRAIN][PPO] ep=198/500 r=  -30.56 avg10=  517.57 steps= 131 succ10=0.90 touch10=0.90 col10=0.10 to10=0.00 min_d= 3.82 avg_spd=2.07m/s end=collision t= 3191.5s
[TRAIN][PPO] ep=199/500 r=  -33.88 avg10=  458.93 steps= 122 succ10=0.80 touch10=0.80 col10=0.20 to10=0.00 min_d= 3.82 avg_spd=2.01m/s end=collision t= 3193.1s
[TRAIN][PPO] ep=200/500 r=  -38.30 avg10=  397.04 steps=  53 succ10=0.70 touch10=0.70 col10=0.30 to10=0.00 min_d= 3.83 avg_spd=2.26m/s end=collision t= 3194.4s ckpt=latest
[TRAIN][PPO] ep=201/500 r=  586.45 avg10=  397.97 steps=1414 succ10=0.70 touch10=0.70 col10=0.30 to10=0.00 min_d= 0.30 avg_spd=2.15m/s end=goal t= 3211.7s
[TRAIN][PPO] ep=202/500 r=  578.54 avg10=  397.42 steps=1380 succ10=0.70 touch10=0.70 col10=0.30 to10=0.00 min_d= 0.30 avg_spd=2.15m/s end=goal t= 3228.4s
[TRAIN][PPO] ep=203/500 r=  575.47 avg10=  396.51 steps=1385 succ10=0.70 touch10=0.70 col10=0.30 to10=0.00 min_d= 0.30 avg_spd=2.15m/s end=goal t= 3245.5s
[TRAIN][PPO] ep=204/500 r=  -38.34 avg10=  335.21 steps=  50 succ10=0.60 touch10=0.60 col10=0.40 to10=0.00 min_d= 3.83 avg_spd=2.04m/s end=collision t= 3247.2s
[TRAIN][PPO] ep=205/500 r=  -44.23 avg10=  272.57 steps=  23 succ10=0.50 touch10=0.50 col10=0.50 to10=0.00 min_d= 3.84 avg_spd=2.11m/s end=collision t= 3247.6s
[TRAIN][PPO] ep=206/500 r=  -33.64 avg10=  210.10 steps=  68 succ10=0.40 touch10=0.40 col10=0.60 to10=0.00 min_d= 3.83 avg_spd=2.12m/s end=collision t= 3248.5s
[TRAIN][PPO] ep=207/500 r=  575.23 avg10=  209.67 steps=1366 succ10=0.40 touch10=0.40 col10=0.60 to10=0.00 min_d= 0.30 avg_spd=2.16m/s end=goal t= 3264.9s
[TRAIN][PPO] ep=208/500 r=  581.09 avg10=  270.84 steps=1383 succ10=0.50 touch10=0.50 col10=0.50 to10=0.00 min_d= 0.30 avg_spd=2.14m/s end=goal t= 3282.7s
[TRAIN][PPO] ep=209/500 r=  573.53 avg10=  331.58 steps=1367 succ10=0.60 touch10=0.60 col10=0.40 to10=0.00 min_d= 0.30 avg_spd=2.17m/s end=goal t= 3299.6s
[TRAIN][PPO] ep=210/500 r=  588.59 avg10=  394.27 steps=1433 succ10=0.70 touch10=0.70 col10=0.30 to10=0.00 min_d= 0.30 avg_spd=2.13m/s end=goal t= 3317.4s
[TRAIN][PPO] ep=211/500 r=  576.54 avg10=  393.28 steps=1547 succ10=0.70 touch10=0.70 col10=0.30 to10=0.00 min_d= 0.30 avg_spd=2.15m/s end=goal t= 3335.9s
[TRAIN][PPO] ep=212/500 r=  576.65 avg10=  393.09 steps=1370 succ10=0.70 touch10=0.70 col10=0.30 to10=0.00 min_d= 0.30 avg_spd=2.16m/s end=goal t= 3353.7s
[TRAIN][PPO] ep=213/500 r=  586.01 avg10=  394.14 steps=1407 succ10=0.70 touch10=0.70 col10=0.30 to10=0.00 min_d= 0.30 avg_spd=2.15m/s end=goal t= 3370.6s
[TRAIN][PPO] ep=214/500 r=  582.71 avg10=  456.25 steps=1399 succ10=0.80 touch10=0.80 col10=0.20 to10=0.00 min_d= 0.30 avg_spd=2.17m/s end=goal t= 3388.6s
[TRAIN][PPO] ep=215/500 r=  579.84 avg10=  518.65 steps=1491 succ10=0.90 touch10=0.90 col10=0.10 to10=0.00 min_d= 0.30 avg_spd=2.16m/s end=goal t= 3407.7s
[TRAIN][PPO] ep=216/500 r=  579.66 avg10=  579.98 steps=1384 succ10=1.00 touch10=1.00 col10=0.00 to10=0.00 min_d= 0.30 avg_spd=2.17m/s end=goal t= 3426.5s
[TRAIN][PPO] ep=217/500 r=  290.80 avg10=  551.54 steps=1371 succ10=0.90 touch10=0.90 col10=0.10 to10=0.00 min_d= 1.21 avg_spd=2.10m/s end=collision t= 3444.0s
[TRAIN][PPO] ep=218/500 r=  568.77 avg10=  550.31 steps=1349 succ10=0.90 touch10=0.90 col10=0.10 to10=0.00 min_d= 0.30 avg_spd=2.18m/s end=goal t= 3461.3s
[TRAIN][PPO] ep=219/500 r=  591.52 avg10=  552.11 steps=1422 succ10=0.90 touch10=0.90 col10=0.10 to10=0.00 min_d= 0.30 avg_spd=2.16m/s end=goal t= 3479.4s
[TRAIN][PPO] ep=220/500 r=  583.48 avg10=  551.60 steps=1402 succ10=0.90 touch10=0.90 col10=0.10 to10=0.00 min_d= 0.30 avg_spd=2.15m/s end=goal t= 3498.6s
[TRAIN][PPO] ep=221/500 r=  577.93 avg10=  551.74 steps=1379 succ10=0.90 touch10=0.90 col10=0.10 to10=0.00 min_d= 0.30 avg_spd=2.17m/s end=goal t= 3515.4s
[TRAIN][PPO] ep=222/500 r=  580.71 avg10=  552.14 steps=1394 succ10=0.90 touch10=0.90 col10=0.10 to10=0.00 min_d= 0.30 avg_spd=2.14m/s end=goal t= 3532.7s
[TRAIN][PPO] ep=223/500 r=  590.95 avg10=  552.64 steps=1422 succ10=0.90 touch10=0.90 col10=0.10 to10=0.00 min_d= 0.30 avg_spd=2.15m/s end=goal t= 3549.8s
[TRAIN][PPO] ep=224/500 r=  581.27 avg10=  552.49 steps=1395 succ10=0.90 touch10=0.90 col10=0.10 to10=0.00 min_d= 0.30 avg_spd=2.16m/s end=goal t= 3568.4s
[TRAIN][PPO] ep=225/500 r=  556.78 avg10=  550.19 steps=1504 succ10=0.90 touch10=0.90 col10=0.10 to10=0.00 min_d= 0.30 avg_spd=2.12m/s end=goal t= 3586.3s
[TRAIN][PPO] ep=226/500 r=  575.10 avg10=  549.73 steps=1383 succ10=0.90 touch10=0.90 col10=0.10 to10=0.00 min_d= 0.30 avg_spd=2.15m/s end=goal t= 3603.3s
[TRAIN][PPO] ep=227/500 r=  582.25 avg10=  578.88 steps=1399 succ10=1.00 touch10=1.00 col10=0.00 to10=0.00 min_d= 0.30 avg_spd=2.15m/s end=goal t= 3620.2s
[TRAIN][PPO] ep=228/500 r=  580.43 avg10=  580.04 steps=1393 succ10=1.00 touch10=1.00 col10=0.00 to10=0.00 min_d= 0.30 avg_spd=2.17m/s end=goal t= 3638.8s
[TRAIN][PPO] ep=229/500 r=  577.91 avg10=  578.68 steps=1378 succ10=1.00 touch10=1.00 col10=0.00 to10=0.00 min_d= 0.30 avg_spd=2.16m/s end=goal t= 3655.2s
[TRAIN][PPO] ep=230/500 r=  591.51 avg10=  579.48 steps=1437 succ10=1.00 touch10=1.00 col10=0.00 to10=0.00 min_d= 0.30 avg_spd=2.15m/s end=goal t= 3672.3s
[TRAIN][PPO] ep=231/500 r=  -27.76 avg10=  518.91 steps=  72 succ10=0.90 touch10=0.90 col10=0.10 to10=0.00 min_d= 3.83 avg_spd=2.03m/s end=collision t= 3673.1s
[TRAIN][PPO] ep=232/500 r=  585.56 avg10=  519.40 steps=1406 succ10=0.90 touch10=0.90 col10=0.10 to10=0.00 min_d= 0.30 avg_spd=2.15m/s end=goal t= 3690.9s
[TRAIN][PPO] ep=233/500 r=  589.40 avg10=  519.24 steps=1410 succ10=0.90 touch10=0.90 col10=0.10 to10=0.00 min_d= 0.30 avg_spd=2.15m/s end=goal t= 3708.4s
[TRAIN][PPO] ep=234/500 r=  579.27 avg10=  519.04 steps=1382 succ10=0.90 touch10=0.90 col10=0.10 to10=0.00 min_d= 0.30 avg_spd=2.16m/s end=goal t= 3725.5s
[TRAIN][PPO] ep=235/500 r=  583.00 avg10=  521.67 steps=1398 succ10=0.90 touch10=0.90 col10=0.10 to10=0.00 min_d= 0.30 avg_spd=2.15m/s end=goal t= 3742.9s
[TRAIN][PPO] ep=236/500 r=  587.30 avg10=  522.89 steps=1410 succ10=0.90 touch10=0.90 col10=0.10 to10=0.00 min_d= 0.30 avg_spd=2.15m/s end=goal t= 3762.4s
[TRAIN][PPO] ep=237/500 r=  582.15 avg10=  522.88 steps=1392 succ10=0.90 touch10=0.90 col10=0.10 to10=0.00 min_d= 0.30 avg_spd=2.16m/s end=goal t= 3779.5s
[TRAIN][PPO] ep=238/500 r=  574.54 avg10=  522.29 steps=1375 succ10=0.90 touch10=0.90 col10=0.10 to10=0.00 min_d= 0.30 avg_spd=2.15m/s end=goal t= 3796.7s
[TRAIN][PPO] ep=239/500 r=  586.98 avg10=  523.19 steps=1413 succ10=0.90 touch10=0.90 col10=0.10 to10=0.00 min_d= 0.30 avg_spd=2.14m/s end=goal t= 3813.8s
[TRAIN][PPO] ep=240/500 r=  583.35 avg10=  522.38 steps=1403 succ10=0.90 touch10=0.90 col10=0.10 to10=0.00 min_d= 0.30 avg_spd=2.15m/s end=goal t= 3833.2s
[TRAIN][PPO] ep=241/500 r=  575.84 avg10=  582.74 steps=1372 succ10=1.00 touch10=1.00 col10=0.00 to10=0.00 min_d= 0.30 avg_spd=2.16m/s end=goal t= 3850.1s
[TRAIN][PPO] ep=242/500 r=  574.72 avg10=  581.65 steps=1366 succ10=1.00 touch10=1.00 col10=0.00 to10=0.00 min_d= 0.30 avg_spd=2.16m/s end=goal t= 3866.3s
[TRAIN][PPO] ep=243/500 r=  573.88 avg10=  580.10 steps=1370 succ10=1.00 touch10=1.00 col10=0.00 to10=0.00 min_d= 0.30 avg_spd=2.15m/s end=goal t= 3882.5s
[TRAIN][PPO] ep=244/500 r=  577.96 avg10=  579.97 steps=1379 succ10=1.00 touch10=1.00 col10=0.00 to10=0.00 min_d= 0.30 avg_spd=2.14m/s end=goal t= 3900.9s
[TRAIN][PPO] ep=245/500 r=  579.78 avg10=  579.65 steps=1396 succ10=1.00 touch10=1.00 col10=0.00 to10=0.00 min_d= 0.30 avg_spd=2.15m/s end=goal t= 3917.4s
[TRAIN][PPO] ep=246/500 r=  581.71 avg10=  579.09 steps=1404 succ10=1.00 touch10=1.00 col10=0.00 to10=0.00 min_d= 0.30 avg_spd=2.12m/s end=goal t= 3935.0s
[TRAIN][PPO] ep=247/500 r=  591.20 avg10=  580.00 steps=1432 succ10=1.00 touch10=1.00 col10=0.00 to10=0.00 min_d= 0.30 avg_spd=2.14m/s end=goal t= 3953.1s
[TRAIN][PPO] ep=248/500 r=  592.87 avg10=  581.83 steps=1440 succ10=1.00 touch10=1.00 col10=0.00 to10=0.00 min_d= 0.30 avg_spd=2.15m/s end=goal t= 3972.4s
[TRAIN][PPO] ep=249/500 r=  583.07 avg10=  581.44 steps=1400 succ10=1.00 touch10=1.00 col10=0.00 to10=0.00 min_d= 0.30 avg_spd=2.16m/s end=goal t= 3990.1s
[TRAIN][PPO] ep=250/500 r=  584.01 avg10=  581.50 steps=1407 succ10=1.00 touch10=1.00 col10=0.00 to10=0.00 min_d= 0.30 avg_spd=2.15m/s end=goal t= 4007.4s
[TRAIN][PPO] ep=251/500 r=  574.23 avg10=  581.34 steps=1384 succ10=1.00 touch10=1.00 col10=0.00 to10=0.00 min_d= 0.30 avg_spd=2.15m/s end=goal t= 4024.3s
[TRAIN][PPO] ep=252/500 r=  580.65 avg10=  581.94 steps=1389 succ10=1.00 touch10=1.00 col10=0.00 to10=0.00 min_d= 0.30 avg_spd=2.17m/s end=goal t= 4043.5s
[TRAIN][PPO] ep=253/500 r=  586.04 avg10=  583.15 steps=1419 succ10=1.00 touch10=1.00 col10=0.00 to10=0.00 min_d= 0.30 avg_spd=2.13m/s end=goal t= 4061.1s
[TRAIN][PPO] ep=254/500 r=  588.21 avg10=  584.18 steps=1512 succ10=1.00 touch10=1.00 col10=0.00 to10=0.00 min_d= 0.30 avg_spd=2.14m/s end=goal t= 4079.5s
[TRAIN][PPO] ep=255/500 r=  589.78 avg10=  585.18 steps=1420 succ10=1.00 touch10=1.00 col10=0.00 to10=0.00 min_d= 0.30 avg_spd=2.16m/s end=goal t= 4096.4s
[TRAIN][PPO] ep=256/500 r=  575.65 avg10=  584.57 steps=1379 succ10=1.00 touch10=1.00 col10=0.00 to10=0.00 min_d= 0.30 avg_spd=2.15m/s end=goal t= 4114.5s
[TRAIN][PPO] ep=257/500 r=  576.82 avg10=  583.13 steps=1379 succ10=1.00 touch10=1.00 col10=0.00 to10=0.00 min_d= 0.30 avg_spd=2.16m/s end=goal t= 4131.7s
[TRAIN][PPO] ep=258/500 r=  579.01 avg10=  581.75 steps=1378 succ10=1.00 touch10=1.00 col10=0.00 to10=0.00 min_d= 0.30 avg_spd=2.16m/s end=goal t= 4148.5s
[TRAIN][PPO] ep=259/500 r=  590.15 avg10=  582.46 steps=1416 succ10=1.00 touch10=1.00 col10=0.00 to10=0.00 min_d= 0.30 avg_spd=2.15m/s end=goal t= 4166.2s
[TRAIN][PPO] ep=260/500 r=  583.82 avg10=  582.44 steps=1406 succ10=1.00 touch10=1.00 col10=0.00 to10=0.00 min_d= 0.30 avg_spd=2.15m/s end=goal t= 4185.7s
[TRAIN][PPO] ep=261/500 r=  573.66 avg10=  582.38 steps=1366 succ10=1.00 touch10=1.00 col10=0.00 to10=0.00 min_d= 0.30 avg_spd=2.15m/s end=goal t= 4203.0s
[TRAIN][PPO] ep=262/500 r=  577.50 avg10=  582.06 steps=1381 succ10=1.00 touch10=1.00 col10=0.00 to10=0.00 min_d= 0.30 avg_spd=2.15m/s end=goal t= 4220.7s
[TRAIN][PPO] ep=263/500 r=  581.84 avg10=  581.64 steps=1389 succ10=1.00 touch10=1.00 col10=0.00 to10=0.00 min_d= 0.30 avg_spd=2.13m/s end=goal t= 4238.3s
[TRAIN][PPO] ep=264/500 r=  587.95 avg10=  581.62 steps=1411 succ10=1.00 touch10=1.00 col10=0.00 to10=0.00 min_d= 0.30 avg_spd=2.15m/s end=goal t= 4257.7s
[TRAIN][PPO] ep=265/500 r=  576.80 avg10=  580.32 steps=1373 succ10=1.00 touch10=1.00 col10=0.00 to10=0.00 min_d= 0.30 avg_spd=2.16m/s end=goal t= 4274.8s
[TRAIN][PPO] ep=266/500 r=  582.46 avg10=  581.00 steps=1411 succ10=1.00 touch10=1.00 col10=0.00 to10=0.00 min_d= 0.30 avg_spd=2.15m/s end=goal t= 4293.0s
[TRAIN][PPO] ep=267/500 r=  585.49 avg10=  581.87 steps=1415 succ10=1.00 touch10=1.00 col10=0.00 to10=0.00 min_d= 0.30 avg_spd=2.16m/s end=goal t= 4311.1s
[TRAIN][PPO] ep=268/500 r=  584.38 avg10=  582.40 steps=1404 succ10=1.00 touch10=1.00 col10=0.00 to10=0.00 min_d= 0.30 avg_spd=2.15m/s end=goal t= 4330.2s
[TRAIN][PPO] ep=269/500 r=  578.50 avg10=  581.24 steps=1382 succ10=1.00 touch10=1.00 col10=0.00 to10=0.00 min_d= 0.30 avg_spd=2.16m/s end=goal t= 4347.0s
[TRAIN][PPO] ep=270/500 r=  592.46 avg10=  582.10 steps=1442 succ10=1.00 touch10=1.00 col10=0.00 to10=0.00 min_d= 0.30 avg_spd=2.14m/s end=goal t= 4365.1s
[TRAIN][PPO] ep=271/500 r=  589.30 avg10=  583.67 steps=1417 succ10=1.00 touch10=1.00 col10=0.00 to10=0.00 min_d= 0.30 avg_spd=2.14m/s end=goal t= 4382.7s
[TRAIN][PPO] ep=272/500 r=  587.00 avg10=  584.62 steps=1406 succ10=1.00 touch10=1.00 col10=0.00 to10=0.00 min_d= 0.30 avg_spd=2.15m/s end=goal t= 4401.3s
[TRAIN][PPO] ep=273/500 r=  580.83 avg10=  584.52 steps=1390 succ10=1.00 touch10=1.00 col10=0.00 to10=0.00 min_d= 0.30 avg_spd=2.15m/s end=goal t= 4418.4s
[TRAIN][PPO] ep=274/500 r=  580.17 avg10=  583.74 steps=1386 succ10=1.00 touch10=1.00 col10=0.00 to10=0.00 min_d= 0.30 avg_spd=2.15m/s end=goal t= 4435.7s
[TRAIN][PPO] ep=275/500 r=  581.66 avg10=  584.22 steps=1513 succ10=1.00 touch10=1.00 col10=0.00 to10=0.00 min_d= 0.30 avg_spd=2.15m/s end=goal t= 4453.3s
[TRAIN][PPO] ep=276/500 r=  578.21 avg10=  583.80 steps=1384 succ10=1.00 touch10=1.00 col10=0.00 to10=0.00 min_d= 0.30 avg_spd=2.16m/s end=goal t= 4471.1s
[TRAIN][PPO] ep=277/500 r=  -38.37 avg10=  521.41 steps=  48 succ10=0.90 touch10=0.90 col10=0.10 to10=0.00 min_d= 3.84 avg_spd=2.16m/s end=collision t= 4471.8s
[TRAIN][PPO] ep=278/500 r=  585.04 avg10=  521.48 steps=1404 succ10=0.90 touch10=0.90 col10=0.10 to10=0.00 min_d= 0.30 avg_spd=2.14m/s end=goal t= 4489.4s
[TRAIN][PPO] ep=279/500 r=  583.86 avg10=  522.02 steps=1392 succ10=0.90 touch10=0.90 col10=0.10 to10=0.00 min_d= 0.30 avg_spd=2.16m/s end=goal t= 4507.0s
[TRAIN][PPO] ep=280/500 r=  589.98 avg10=  521.77 steps=1411 succ10=0.90 touch10=0.90 col10=0.10 to10=0.00 min_d= 0.30 avg_spd=2.16m/s end=goal t= 4525.4s
[TRAIN][PPO] ep=281/500 r=  575.28 avg10=  520.37 steps=1372 succ10=0.90 touch10=0.90 col10=0.10 to10=0.00 min_d= 0.30 avg_spd=2.15m/s end=goal t= 4542.3s
[TRAIN][PPO] ep=282/500 r=  579.54 avg10=  519.62 steps=1379 succ10=0.90 touch10=0.90 col10=0.10 to10=0.00 min_d= 0.30 avg_spd=2.16m/s end=goal t= 4559.7s
[TRAIN][PPO] ep=283/500 r=  585.76 avg10=  520.11 steps=1409 succ10=0.90 touch10=0.90 col10=0.10 to10=0.00 min_d= 0.30 avg_spd=2.16m/s end=goal t= 4577.1s
[TRAIN][PPO] ep=284/500 r=  575.78 avg10=  519.67 steps=1367 succ10=0.90 touch10=0.90 col10=0.10 to10=0.00 min_d= 0.30 avg_spd=2.17m/s end=goal t= 4595.9s
[TRAIN][PPO] ep=285/500 r=  574.38 avg10=  518.95 steps=1377 succ10=0.90 touch10=0.90 col10=0.10 to10=0.00 min_d= 0.30 avg_spd=2.14m/s end=goal t= 4613.4s
[TRAIN][PPO] ep=286/500 r=  589.91 avg10=  520.12 steps=1417 succ10=0.90 touch10=0.90 col10=0.10 to10=0.00 min_d= 0.30 avg_spd=2.15m/s end=goal t= 4631.0s
[TRAIN][PPO] ep=287/500 r=  579.96 avg10=  581.95 steps=1383 succ10=1.00 touch10=1.00 col10=0.00 to10=0.00 min_d= 0.30 avg_spd=2.17m/s end=goal t= 4648.3s
[TRAIN][PPO] ep=288/500 r=  574.61 avg10=  580.91 steps=1373 succ10=1.00 touch10=1.00 col10=0.00 to10=0.00 min_d= 0.30 avg_spd=2.15m/s end=goal t= 4667.7s
[TRAIN][PPO] ep=289/500 r=  577.41 avg10=  580.26 steps=1392 succ10=1.00 touch10=1.00 col10=0.00 to10=0.00 min_d= 0.30 avg_spd=2.13m/s end=goal t= 4684.7s
[TRAIN][PPO] ep=290/500 r=  590.86 avg10=  580.35 steps=1413 succ10=1.00 touch10=1.00 col10=0.00 to10=0.00 min_d= 0.30 avg_spd=2.16m/s end=goal t= 4702.3s
[TRAIN][PPO] ep=291/500 r=  580.23 avg10=  580.84 steps=1517 succ10=1.00 touch10=1.00 col10=0.00 to10=0.00 min_d= 0.30 avg_spd=2.16m/s end=goal t= 4721.5s
[TRAIN][PPO] ep=292/500 r=  586.40 avg10=  581.53 steps=1400 succ10=1.00 touch10=1.00 col10=0.00 to10=0.00 min_d= 0.30 avg_spd=2.16m/s end=goal t= 4741.0s
[TRAIN][PPO] ep=293/500 r=  582.35 avg10=  581.19 steps=1396 succ10=1.00 touch10=1.00 col10=0.00 to10=0.00 min_d= 0.30 avg_spd=2.14m/s end=goal t= 4758.8s
[TRAIN][PPO] ep=294/500 r=  580.29 avg10=  581.64 steps=1391 succ10=1.00 touch10=1.00 col10=0.00 to10=0.00 min_d= 0.30 avg_spd=2.14m/s end=goal t= 4776.8s
[TRAIN][PPO] ep=295/500 r=  581.35 avg10=  582.34 steps=1536 succ10=1.00 touch10=1.00 col10=0.00 to10=0.00 min_d= 0.30 avg_spd=2.12m/s end=goal t= 4796.2s
[TRAIN][PPO] ep=296/500 r=  583.72 avg10=  581.72 steps=1397 succ10=1.00 touch10=1.00 col10=0.00 to10=0.00 min_d= 0.30 avg_spd=2.14m/s end=goal t= 4815.6s
[TRAIN][PPO] ep=297/500 r=  587.54 avg10=  582.48 steps=1408 succ10=1.00 touch10=1.00 col10=0.00 to10=0.00 min_d= 0.30 avg_spd=2.13m/s end=goal t= 4833.5s
[TRAIN][PPO] ep=298/500 r=  572.40 avg10=  582.25 steps=1367 succ10=1.00 touch10=1.00 col10=0.00 to10=0.00 min_d= 0.30 avg_spd=2.15m/s end=goal t= 4851.2s
[TRAIN][PPO] ep=299/500 r=  580.66 avg10=  582.58 steps=1390 succ10=1.00 touch10=1.00 col10=0.00 to10=0.00 min_d= 0.30 avg_spd=2.16m/s end=goal t= 4868.7s
[TRAIN][PPO] ep=300/500 r=  581.48 avg10=  581.64 steps=1547 succ10=1.00 touch10=1.00 col10=0.00 to10=0.00 min_d= 0.30 avg_spd=2.14m/s end=goal t= 4889.4s ckpt=latest
[TRAIN][PPO] ep=301/500 r=  577.04 avg10=  581.32 steps=1379 succ10=1.00 touch10=1.00 col10=0.00 to10=0.00 min_d= 0.30 avg_spd=2.14m/s end=goal t= 4906.4s
[TRAIN][PPO] ep=302/500 r=  576.20 avg10=  580.30 steps=1373 succ10=1.00 touch10=1.00 col10=0.00 to10=0.00 min_d= 0.30 avg_spd=2.14m/s end=goal t= 4923.2s
[TRAIN][PPO] ep=303/500 r=  597.67 avg10=  581.84 steps=1442 succ10=1.00 touch10=1.00 col10=0.00 to10=0.00 min_d= 0.30 avg_spd=2.13m/s end=goal t= 4941.1s ckpt=best_goal
[TRAIN][PPO] ep=304/500 r=  583.43 avg10=  582.15 steps=1417 succ10=1.00 touch10=1.00 col10=0.00 to10=0.00 min_d= 0.30 avg_spd=2.13m/s end=goal t= 4959.9s
[TRAIN][PPO] ep=305/500 r=  585.25 avg10=  582.54 steps=1413 succ10=1.00 touch10=1.00 col10=0.00 to10=0.00 min_d= 0.30 avg_spd=2.14m/s end=goal t= 4977.4s
[TRAIN][PPO] ep=306/500 r=  587.80 avg10=  582.95 steps=1417 succ10=1.00 touch10=1.00 col10=0.00 to10=0.00 min_d= 0.30 avg_spd=2.13m/s end=goal t= 4994.9s
[TRAIN][PPO] ep=307/500 r=  586.89 avg10=  582.88 steps=1409 succ10=1.00 touch10=1.00 col10=0.00 to10=0.00 min_d= 0.30 avg_spd=2.14m/s end=goal t= 5012.9s
[TRAIN][PPO] ep=308/500 r=  584.54 avg10=  584.10 steps=1415 succ10=1.00 touch10=1.00 col10=0.00 to10=0.00 min_d= 0.30 avg_spd=2.14m/s end=goal t= 5031.6s
[TRAIN][PPO] ep=309/500 r=  585.15 avg10=  584.55 steps=1403 succ10=1.00 touch10=1.00 col10=0.00 to10=0.00 min_d= 0.30 avg_spd=2.14m/s end=goal t= 5048.5s
[TRAIN][PPO] ep=310/500 r=  585.32 avg10=  584.93 steps=1524 succ10=1.00 touch10=1.00 col10=0.00 to10=0.00 min_d= 0.30 avg_spd=2.14m/s end=goal t= 5065.4s
[TRAIN][PPO] ep=311/500 r=  591.85 avg10=  586.41 steps=1441 succ10=1.00 touch10=1.00 col10=0.00 to10=0.00 min_d= 0.30 avg_spd=2.12m/s end=goal t= 5081.5s
[TRAIN][PPO] ep=312/500 r=  590.22 avg10=  587.81 steps=1421 succ10=1.00 touch10=1.00 col10=0.00 to10=0.00 min_d= 0.30 avg_spd=2.15m/s end=goal t= 5099.4s
[TRAIN][PPO] ep=313/500 r=  568.63 avg10=  584.91 steps=1494 succ10=1.00 touch10=1.00 col10=0.00 to10=0.00 min_d= 0.30 avg_spd=2.13m/s end=goal t= 5116.3s
[TRAIN][PPO] ep=314/500 r=  586.56 avg10=  585.22 steps=1413 succ10=1.00 touch10=1.00 col10=0.00 to10=0.00 min_d= 0.30 avg_spd=2.14m/s end=goal t= 5132.6s
[TRAIN][PPO] ep=315/500 r=  578.97 avg10=  584.59 steps=1385 succ10=1.00 touch10=1.00 col10=0.00 to10=0.00 min_d= 0.30 avg_spd=2.15m/s end=goal t= 5148.7s
[TRAIN][PPO] ep=316/500 r=  594.90 avg10=  585.30 steps=1433 succ10=1.00 touch10=1.00 col10=0.00 to10=0.00 min_d= 0.30 avg_spd=2.14m/s end=goal t= 5167.7s
[TRAIN][PPO] ep=317/500 r=  -38.35 avg10=  522.78 steps=  49 succ10=0.90 touch10=0.90 col10=0.10 to10=0.00 min_d= 3.83 avg_spd=2.16m/s end=collision t= 5168.3s
[TRAIN][PPO] ep=318/500 r=  594.20 avg10=  523.75 steps=1427 succ10=0.90 touch10=0.90 col10=0.10 to10=0.00 min_d= 0.30 avg_spd=2.15m/s end=goal t= 5184.5s
[TRAIN][PPO] ep=319/500 r=  583.21 avg10=  523.55 steps=1396 succ10=0.90 touch10=0.90 col10=0.10 to10=0.00 min_d= 0.30 avg_spd=2.16m/s end=goal t= 5200.6s
[TRAIN][PPO] ep=320/500 r=  570.98 avg10=  522.12 steps=1369 succ10=0.90 touch10=0.90 col10=0.10 to10=0.00 min_d= 0.30 avg_spd=2.16m/s end=goal t= 5217.1s
[TRAIN][PPO] ep=321/500 r=  563.13 avg10=  519.25 steps=1474 succ10=0.90 touch10=0.90 col10=0.10 to10=0.00 min_d= 0.30 avg_spd=2.14m/s end=goal t= 5234.3s
[TRAIN][PPO] ep=322/500 r=  584.10 avg10=  518.63 steps=1415 succ10=0.90 touch10=0.90 col10=0.10 to10=0.00 min_d= 0.30 avg_spd=2.14m/s end=goal t= 5250.7s
[TRAIN][PPO] ep=323/500 r=  585.93 avg10=  520.36 steps=1421 succ10=0.90 touch10=0.90 col10=0.10 to10=0.00 min_d= 0.30 avg_spd=2.13m/s end=goal t= 5267.3s
[TRAIN][PPO] ep=324/500 r=  583.50 avg10=  520.06 steps=1411 succ10=0.90 touch10=0.90 col10=0.10 to10=0.00 min_d= 0.30 avg_spd=2.15m/s end=goal t= 5284.9s
[TRAIN][PPO] ep=325/500 r=  586.93 avg10=  520.85 steps=1406 succ10=0.90 touch10=0.90 col10=0.10 to10=0.00 min_d= 0.30 avg_spd=2.16m/s end=goal t= 5300.3s
[TRAIN][PPO] ep=326/500 r=  594.94 avg10=  520.86 steps=1437 succ10=0.90 touch10=0.90 col10=0.10 to10=0.00 min_d= 0.30 avg_spd=2.12m/s end=goal t= 5316.5s
[TRAIN][PPO] ep=327/500 r=  589.65 avg10=  583.66 steps=1424 succ10=1.00 touch10=1.00 col10=0.00 to10=0.00 min_d= 0.30 avg_spd=2.16m/s end=goal t= 5332.8s
[TRAIN][PPO] ep=328/500 r=  585.28 avg10=  582.77 steps=1405 succ10=1.00 touch10=1.00 col10=0.00 to10=0.00 min_d= 0.30 avg_spd=2.14m/s end=goal t= 5350.1s
[TRAIN][PPO] ep=329/500 r=  590.78 avg10=  583.52 steps=1445 succ10=1.00 touch10=1.00 col10=0.00 to10=0.00 min_d= 0.30 avg_spd=2.14m/s end=goal t= 5365.8s
[TRAIN][PPO] ep=330/500 r=  573.33 avg10=  583.76 steps=1367 succ10=1.00 touch10=1.00 col10=0.00 to10=0.00 min_d= 0.30 avg_spd=2.17m/s end=goal t= 5380.6s
[TRAIN][PPO] ep=331/500 r=  588.12 avg10=  586.26 steps=1434 succ10=1.00 touch10=1.00 col10=0.00 to10=0.00 min_d= 0.30 avg_spd=2.13m/s end=goal t= 5396.6s
[TRAIN][PPO] ep=332/500 r=  587.82 avg10=  586.63 steps=1416 succ10=1.00 touch10=1.00 col10=0.00 to10=0.00 min_d= 0.30 avg_spd=2.15m/s end=goal t= 5413.4s
[TRAIN][PPO] ep=333/500 r=  578.05 avg10=  585.84 steps=1393 succ10=1.00 touch10=1.00 col10=0.00 to10=0.00 min_d= 0.30 avg_spd=2.14m/s end=goal t= 5428.6s
[TRAIN][PPO] ep=334/500 r=  576.62 avg10=  585.15 steps=1382 succ10=1.00 touch10=1.00 col10=0.00 to10=0.00 min_d= 0.30 avg_spd=2.16m/s end=goal t= 5444.0s
[TRAIN][PPO] ep=335/500 r=  590.63 avg10=  585.52 steps=1422 succ10=1.00 touch10=1.00 col10=0.00 to10=0.00 min_d= 0.30 avg_spd=2.15m/s end=goal t= 5459.6s
[TRAIN][PPO] ep=336/500 r=  591.83 avg10=  585.21 steps=1428 succ10=1.00 touch10=1.00 col10=0.00 to10=0.00 min_d= 0.30 avg_spd=2.15m/s end=goal t= 5476.2s
[TRAIN][PPO] ep=337/500 r=  580.54 avg10=  584.30 steps=1390 succ10=1.00 touch10=1.00 col10=0.00 to10=0.00 min_d= 0.30 avg_spd=2.17m/s end=goal t= 5491.7s
[TRAIN][PPO] ep=338/500 r=  592.07 avg10=  584.98 steps=1531 succ10=1.00 touch10=1.00 col10=0.00 to10=0.00 min_d= 0.30 avg_spd=2.14m/s end=goal t= 5508.2s
[TRAIN][PPO] ep=339/500 r=  587.88 avg10=  584.69 steps=1409 succ10=1.00 touch10=1.00 col10=0.00 to10=0.00 min_d= 0.30 avg_spd=2.15m/s end=goal t= 5523.7s
[TRAIN][PPO] ep=340/500 r=  577.80 avg10=  585.14 steps=1381 succ10=1.00 touch10=1.00 col10=0.00 to10=0.00 min_d= 0.30 avg_spd=2.18m/s end=goal t= 5540.0s
[TRAIN][PPO] ep=341/500 r=  563.21 avg10=  582.65 steps=1503 succ10=1.00 touch10=1.00 col10=0.00 to10=0.00 min_d= 0.30 avg_spd=2.13m/s end=goal t= 5556.4s
[TRAIN][PPO] ep=342/500 r=  576.20 avg10=  581.48 steps=1387 succ10=1.00 touch10=1.00 col10=0.00 to10=0.00 min_d= 0.30 avg_spd=2.14m/s end=goal t= 5571.7s
[TRAIN][PPO] ep=343/500 r=  -44.09 avg10=  519.27 steps=  22 succ10=0.90 touch10=0.90 col10=0.10 to10=0.00 min_d= 3.84 avg_spd=1.80m/s end=collision t= 5572.0s
[TRAIN][PPO] ep=344/500 r=  591.24 avg10=  520.73 steps=1432 succ10=0.90 touch10=0.90 col10=0.10 to10=0.00 min_d= 0.30 avg_spd=2.14m/s end=goal t= 5589.7s
[TRAIN][PPO] ep=345/500 r=  586.33 avg10=  520.30 steps=1528 succ10=0.90 touch10=0.90 col10=0.10 to10=0.00 min_d= 0.30 avg_spd=2.14m/s end=goal t= 5606.0s
[TRAIN][PPO] ep=346/500 r=  -38.21 avg10=  457.30 steps=  63 succ10=0.80 touch10=0.80 col10=0.20 to10=0.00 min_d= 3.81 avg_spd=2.10m/s end=collision t= 5606.7s
[TRAIN][PPO] ep=347/500 r=  584.61 avg10=  457.70 steps=1415 succ10=0.80 touch10=0.80 col10=0.20 to10=0.00 min_d= 0.30 avg_spd=2.14m/s end=goal t= 5622.0s
[TRAIN][PPO] ep=348/500 r=  580.22 avg10=  456.52 steps=1411 succ10=0.80 touch10=0.80 col10=0.20 to10=0.00 min_d= 0.30 avg_spd=2.11m/s end=goal t= 5638.8s
[TRAIN][PPO] ep=349/500 r=  587.33 avg10=  456.46 steps=1418 succ10=0.80 touch10=0.80 col10=0.20 to10=0.00 min_d= 0.30 avg_spd=2.14m/s end=goal t= 5654.1s
[TRAIN][PPO] ep=350/500 r=  585.47 avg10=  457.23 steps=1413 succ10=0.80 touch10=0.80 col10=0.20 to10=0.00 min_d= 0.30 avg_spd=2.16m/s end=goal t= 5669.5s
[TRAIN][PPO] ep=351/500 r=  590.06 avg10=  459.92 steps=1428 succ10=0.80 touch10=0.80 col10=0.20 to10=0.00 min_d= 0.30 avg_spd=2.15m/s end=goal t= 5685.1s
[TRAIN][PPO] ep=352/500 r=  582.67 avg10=  460.56 steps=1399 succ10=0.80 touch10=0.80 col10=0.20 to10=0.00 min_d= 0.30 avg_spd=2.15m/s end=goal t= 5701.9s
[TRAIN][PPO] ep=353/500 r=  570.81 avg10=  522.05 steps=1540 succ10=0.90 touch10=0.90 col10=0.10 to10=0.00 min_d= 0.30 avg_spd=2.13m/s end=goal t= 5718.4s
[TRAIN][PPO] ep=354/500 r=  590.83 avg10=  522.01 steps=1425 succ10=0.90 touch10=0.90 col10=0.10 to10=0.00 min_d= 0.30 avg_spd=2.15m/s end=goal t= 5733.7s
[TRAIN][PPO] ep=355/500 r=  588.50 avg10=  522.23 steps=1411 succ10=0.90 touch10=0.90 col10=0.10 to10=0.00 min_d= 0.30 avg_spd=2.13m/s end=goal t= 5749.3s
[TRAIN][PPO] ep=356/500 r=  557.86 avg10=  581.84 steps=1508 succ10=1.00 touch10=1.00 col10=0.00 to10=0.00 min_d= 0.30 avg_spd=2.12m/s end=goal t= 5767.0s
[TRAIN][PPO] ep=357/500 r=  579.46 avg10=  581.32 steps=1391 succ10=1.00 touch10=1.00 col10=0.00 to10=0.00 min_d= 0.30 avg_spd=2.13m/s end=goal t= 5782.2s
[TRAIN][PPO] ep=358/500 r=  574.18 avg10=  580.72 steps=1372 succ10=1.00 touch10=1.00 col10=0.00 to10=0.00 min_d= 0.30 avg_spd=2.15m/s end=goal t= 5797.2s
[TRAIN][PPO] ep=359/500 r=  583.62 avg10=  580.35 steps=1412 succ10=1.00 touch10=1.00 col10=0.00 to10=0.00 min_d= 0.30 avg_spd=2.14m/s end=goal t= 5812.7s
[TRAIN][PPO] ep=360/500 r=  586.34 avg10=  580.43 steps=1409 succ10=1.00 touch10=1.00 col10=0.00 to10=0.00 min_d= 0.30 avg_spd=2.15m/s end=goal t= 5829.3s
[TRAIN][PPO] ep=361/500 r=  586.56 avg10=  580.08 steps=1410 succ10=1.00 touch10=1.00 col10=0.00 to10=0.00 min_d= 0.30 avg_spd=2.17m/s end=goal t= 5844.9s
[TRAIN][PPO] ep=362/500 r=  583.40 avg10=  580.16 steps=1498 succ10=1.00 touch10=1.00 col10=0.00 to10=0.00 min_d= 0.30 avg_spd=2.15m/s end=goal t= 5861.1s
[TRAIN][PPO] ep=363/500 r=  577.11 avg10=  580.79 steps=1398 succ10=1.00 touch10=1.00 col10=0.00 to10=0.00 min_d= 0.30 avg_spd=2.14m/s end=goal t= 5876.6s
[TRAIN][PPO] ep=364/500 r=  584.65 avg10=  580.17 steps=1402 succ10=1.00 touch10=1.00 col10=0.00 to10=0.00 min_d= 0.30 avg_spd=2.15m/s end=goal t= 5893.2s
[TRAIN][PPO] ep=365/500 r=  582.13 avg10=  579.53 steps=1392 succ10=1.00 touch10=1.00 col10=0.00 to10=0.00 min_d= 0.30 avg_spd=2.15m/s end=goal t= 5907.5s
[TRAIN][PPO] ep=366/500 r=  579.30 avg10=  581.68 steps=1391 succ10=1.00 touch10=1.00 col10=0.00 to10=0.00 min_d= 0.30 avg_spd=2.13m/s end=goal t= 5922.0s
[TRAIN][PPO] ep=367/500 r=  582.25 avg10=  581.96 steps=1395 succ10=1.00 touch10=1.00 col10=0.00 to10=0.00 min_d= 0.30 avg_spd=2.13m/s end=goal t= 5937.3s
[TRAIN][PPO] ep=368/500 r=  577.66 avg10=  582.30 steps=1395 succ10=1.00 touch10=1.00 col10=0.00 to10=0.00 min_d= 0.30 avg_spd=2.13m/s end=goal t= 5953.9s
[TRAIN][PPO] ep=369/500 r=  584.14 avg10=  582.36 steps=1419 succ10=1.00 touch10=1.00 col10=0.00 to10=0.00 min_d= 0.30 avg_spd=2.13m/s end=goal t= 5969.6s
[TRAIN][PPO] ep=370/500 r=  589.65 avg10=  582.69 steps=1417 succ10=1.00 touch10=1.00 col10=0.00 to10=0.00 min_d= 0.30 avg_spd=2.14m/s end=goal t= 5985.8s
[TRAIN][PPO] ep=371/500 r=  584.85 avg10=  582.52 steps=1398 succ10=1.00 touch10=1.00 col10=0.00 to10=0.00 min_d= 0.30 avg_spd=2.15m/s end=goal t= 6001.4s
[TRAIN][PPO] ep=372/500 r=  595.12 avg10=  583.69 steps=1434 succ10=1.00 touch10=1.00 col10=0.00 to10=0.00 min_d= 0.30 avg_spd=2.14m/s end=goal t= 6018.6s
[TRAIN][PPO] ep=373/500 r=  588.32 avg10=  584.81 steps=1518 succ10=1.00 touch10=1.00 col10=0.00 to10=0.00 min_d= 0.30 avg_spd=2.13m/s end=goal t= 6035.3s
[TRAIN][PPO] ep=374/500 r=  576.71 avg10=  584.01 steps=1378 succ10=1.00 touch10=1.00 col10=0.00 to10=0.00 min_d= 0.30 avg_spd=2.14m/s end=goal t= 6049.9s
[TRAIN][PPO] ep=375/500 r=  575.81 avg10=  583.38 steps=1376 succ10=1.00 touch10=1.00 col10=0.00 to10=0.00 min_d= 0.30 avg_spd=2.15m/s end=goal t= 6065.0s
[TRAIN][PPO] ep=376/500 r=  582.78 avg10=  583.73 steps=1394 succ10=1.00 touch10=1.00 col10=0.00 to10=0.00 min_d= 0.30 avg_spd=2.14m/s end=goal t= 6081.3s
[TRAIN][PPO] ep=377/500 r=  583.75 avg10=  583.88 steps=1397 succ10=1.00 touch10=1.00 col10=0.00 to10=0.00 min_d= 0.30 avg_spd=2.16m/s end=goal t= 6096.7s
[TRAIN][PPO] ep=378/500 r=  582.09 avg10=  584.32 steps=1409 succ10=1.00 touch10=1.00 col10=0.00 to10=0.00 min_d= 0.30 avg_spd=2.13m/s end=goal t= 6112.2s
[TRAIN][PPO] ep=379/500 r=  579.39 avg10=  583.85 steps=1395 succ10=1.00 touch10=1.00 col10=0.00 to10=0.00 min_d= 0.30 avg_spd=2.14m/s end=goal t= 6127.8s
[TRAIN][PPO] ep=380/500 r=  589.33 avg10=  583.81 steps=1413 succ10=1.00 touch10=1.00 col10=0.00 to10=0.00 min_d= 0.30 avg_spd=2.16m/s end=goal t= 6144.4s
[TRAIN][PPO] ep=381/500 r=  581.94 avg10=  583.52 steps=1394 succ10=1.00 touch10=1.00 col10=0.00 to10=0.00 min_d= 0.30 avg_spd=2.14m/s end=goal t= 6159.6s
[TRAIN][PPO] ep=382/500 r=  579.59 avg10=  581.97 steps=1389 succ10=1.00 touch10=1.00 col10=0.00 to10=0.00 min_d= 0.30 avg_spd=2.15m/s end=goal t= 6175.1s
[TRAIN][PPO] ep=383/500 r=  590.50 avg10=  582.19 steps=1430 succ10=1.00 touch10=1.00 col10=0.00 to10=0.00 min_d= 0.30 avg_spd=2.14m/s end=goal t= 6190.5s
[TRAIN][PPO] ep=384/500 r=  -43.23 avg10=  520.20 steps=  27 succ10=0.90 touch10=0.90 col10=0.10 to10=0.00 min_d= 3.84 avg_spd=2.19m/s end=collision t= 6191.7s
[TRAIN][PPO] ep=385/500 r=  586.91 avg10=  521.31 steps=1415 succ10=0.90 touch10=0.90 col10=0.10 to10=0.00 min_d= 0.30 avg_spd=2.13m/s end=goal t= 6206.8s
[TRAIN][PPO] ep=386/500 r=  578.63 avg10=  520.89 steps=1386 succ10=0.90 touch10=0.90 col10=0.10 to10=0.00 min_d= 0.30 avg_spd=2.16m/s end=goal t= 6222.1s
[TRAIN][PPO] ep=387/500 r=  589.38 avg10=  521.45 steps=1411 succ10=0.90 touch10=0.90 col10=0.10 to10=0.00 min_d= 0.30 avg_spd=2.16m/s end=goal t= 6237.8s
[TRAIN][PPO] ep=388/500 r=  586.61 avg10=  521.91 steps=1410 succ10=0.90 touch10=0.90 col10=0.10 to10=0.00 min_d= 0.30 avg_spd=2.16m/s end=goal t= 6255.9s
[TRAIN][PPO] ep=389/500 r=  571.02 avg10=  521.07 steps=1521 succ10=0.90 touch10=0.90 col10=0.10 to10=0.00 min_d= 0.30 avg_spd=2.13m/s end=goal t= 6273.0s
[TRAIN][PPO] ep=390/500 r=  590.62 avg10=  521.20 steps=1421 succ10=0.90 touch10=0.90 col10=0.10 to10=0.00 min_d= 0.30 avg_spd=2.14m/s end=goal t= 6289.5s
[TRAIN][PPO] ep=391/500 r=  593.26 avg10=  522.33 steps=1433 succ10=0.90 touch10=0.90 col10=0.10 to10=0.00 min_d= 0.30 avg_spd=2.14m/s end=goal t= 6305.9s
[TRAIN][PPO] ep=392/500 r=  580.02 avg10=  522.37 steps=1389 succ10=0.90 touch10=0.90 col10=0.10 to10=0.00 min_d= 0.30 avg_spd=2.18m/s end=goal t= 6322.5s
[TRAIN][PPO] ep=393/500 r=  572.05 avg10=  520.53 steps=1365 succ10=0.90 touch10=0.90 col10=0.10 to10=0.00 min_d= 0.30 avg_spd=2.16m/s end=goal t= 6338.5s
[TRAIN][PPO] ep=394/500 r=  589.17 avg10=  583.77 steps=1427 succ10=1.00 touch10=1.00 col10=0.00 to10=0.00 min_d= 0.30 avg_spd=2.15m/s end=goal t= 6355.0s
[TRAIN][PPO] ep=395/500 r=  587.16 avg10=  583.79 steps=1431 succ10=1.00 touch10=1.00 col10=0.00 to10=0.00 min_d= 0.30 avg_spd=2.14m/s end=goal t= 6371.0s
[TRAIN][PPO] ep=396/500 r=  588.25 avg10=  584.75 steps=1426 succ10=1.00 touch10=1.00 col10=0.00 to10=0.00 min_d= 0.30 avg_spd=2.14m/s end=goal t= 6389.7s
[TRAIN][PPO] ep=397/500 r=  588.14 avg10=  584.63 steps=1412 succ10=1.00 touch10=1.00 col10=0.00 to10=0.00 min_d= 0.30 avg_spd=2.17m/s end=goal t= 6405.5s
[TRAIN][PPO] ep=398/500 r=  576.70 avg10=  583.64 steps=1377 succ10=1.00 touch10=1.00 col10=0.00 to10=0.00 min_d= 0.30 avg_spd=2.15m/s end=goal t= 6421.0s
[TRAIN][PPO] ep=399/500 r=  590.89 avg10=  585.63 steps=1431 succ10=1.00 touch10=1.00 col10=0.00 to10=0.00 min_d= 0.30 avg_spd=2.14m/s end=goal t= 6437.2s
[TRAIN][PPO] ep=400/500 r=  575.07 avg10=  584.07 steps=1392 succ10=1.00 touch10=1.00 col10=0.00 to10=0.00 min_d= 0.30 avg_spd=2.14m/s end=goal t= 6454.3s ckpt=latest
[TRAIN][PPO] ep=401/500 r=  581.45 avg10=  582.89 steps=1383 succ10=1.00 touch10=1.00 col10=0.00 to10=0.00 min_d= 0.30 avg_spd=2.15m/s end=goal t= 6468.8s
[TRAIN][PPO] ep=402/500 r=  585.80 avg10=  583.47 steps=1406 succ10=1.00 touch10=1.00 col10=0.00 to10=0.00 min_d= 0.30 avg_spd=2.15m/s end=goal t= 6483.3s
[TRAIN][PPO] ep=403/500 r=  574.84 avg10=  583.75 steps=1374 succ10=1.00 touch10=1.00 col10=0.00 to10=0.00 min_d= 0.30 avg_spd=2.14m/s end=goal t= 6498.3s
[TRAIN][PPO] ep=404/500 r=  -28.57 avg10=  521.97 steps= 179 succ10=0.90 touch10=0.90 col10=0.10 to10=0.00 min_d= 3.79 avg_spd=1.97m/s end=collision t= 6501.5s
[TRAIN][PPO] ep=405/500 r=  583.63 avg10=  521.62 steps=1421 succ10=0.90 touch10=0.90 col10=0.10 to10=0.00 min_d= 0.30 avg_spd=2.12m/s end=goal t= 6516.9s
[TRAIN][PPO] ep=406/500 r=    3.15 avg10=  463.11 steps= 159 succ10=0.80 touch10=0.80 col10=0.20 to10=0.00 min_d= 3.50 avg_spd=1.99m/s end=collision t= 6518.7s
[TRAIN][PPO] ep=407/500 r=  584.99 avg10=  462.79 steps=1404 succ10=0.80 touch10=0.80 col10=0.20 to10=0.00 min_d= 0.30 avg_spd=2.15m/s end=goal t= 6534.2s
[TRAIN][PPO] ep=408/500 r=  586.69 avg10=  463.79 steps=1402 succ10=0.80 touch10=0.80 col10=0.20 to10=0.00 min_d= 0.30 avg_spd=2.14m/s end=goal t= 6550.4s
[TRAIN][PPO] ep=409/500 r=  576.92 avg10=  462.40 steps=1377 succ10=0.80 touch10=0.80 col10=0.20 to10=0.00 min_d= 0.30 avg_spd=2.14m/s end=goal t= 6565.9s
[TRAIN][PPO] ep=410/500 r=  587.54 avg10=  463.64 steps=1407 succ10=0.80 touch10=0.80 col10=0.20 to10=0.00 min_d= 0.30 avg_spd=2.16m/s end=goal t= 6581.3s
[TRAIN][PPO] ep=411/500 r=  -43.89 avg10=  401.11 steps=  25 succ10=0.70 touch10=0.70 col10=0.30 to10=0.00 min_d= 3.84 avg_spd=2.06m/s end=collision t= 6581.7s
[TRAIN][PPO] ep=412/500 r=  576.92 avg10=  400.22 steps=1374 succ10=0.70 touch10=0.70 col10=0.30 to10=0.00 min_d= 0.30 avg_spd=2.14m/s end=goal t= 6598.1s
[TRAIN][PPO] ep=413/500 r=  591.86 avg10=  401.92 steps=1525 succ10=0.70 touch10=0.70 col10=0.30 to10=0.00 min_d= 0.30 avg_spd=2.14m/s end=goal t= 6615.5s
[TRAIN][PPO] ep=414/500 r=  586.81 avg10=  463.46 steps=1420 succ10=0.80 touch10=0.80 col10=0.20 to10=0.00 min_d= 0.30 avg_spd=2.16m/s end=goal t= 6632.0s
[TRAIN][PPO] ep=415/500 r=  577.40 avg10=  462.84 steps=1383 succ10=0.80 touch10=0.80 col10=0.20 to10=0.00 min_d= 0.30 avg_spd=2.15m/s end=goal t= 6647.4s
[TRAIN][PPO] ep=416/500 r=  582.10 avg10=  520.73 steps=1391 succ10=0.90 touch10=0.90 col10=0.10 to10=0.00 min_d= 0.30 avg_spd=2.15m/s end=goal t= 6665.3s
[TRAIN][PPO] ep=417/500 r=  570.28 avg10=  519.26 steps=1354 succ10=0.90 touch10=0.90 col10=0.10 to10=0.00 min_d= 0.30 avg_spd=2.17m/s end=goal t= 6680.1s
[TRAIN][PPO] ep=418/500 r=  587.76 avg10=  519.37 steps=1412 succ10=0.90 touch10=0.90 col10=0.10 to10=0.00 min_d= 0.30 avg_spd=2.15m/s end=goal t= 6695.9s
[TRAIN][PPO] ep=419/500 r=  590.55 avg10=  520.73 steps=1417 succ10=0.90 touch10=0.90 col10=0.10 to10=0.00 min_d= 0.30 avg_spd=2.14m/s end=goal t= 6711.9s
[TRAIN][PPO] ep=420/500 r=  593.44 avg10=  521.32 steps=1435 succ10=0.90 touch10=0.90 col10=0.10 to10=0.00 min_d= 0.30 avg_spd=2.14m/s end=goal t= 6730.0s
[TRAIN][PPO] ep=421/500 r=  576.42 avg10=  583.36 steps=1369 succ10=1.00 touch10=1.00 col10=0.00 to10=0.00 min_d= 0.30 avg_spd=2.18m/s end=goal t= 6745.7s
[TRAIN][PPO] ep=422/500 r=  575.41 avg10=  583.20 steps=1506 succ10=1.00 touch10=1.00 col10=0.00 to10=0.00 min_d= 0.30 avg_spd=2.14m/s end=goal t= 6762.9s
[TRAIN][PPO] ep=423/500 r=  577.78 avg10=  581.79 steps=1384 succ10=1.00 touch10=1.00 col10=0.00 to10=0.00 min_d= 0.30 avg_spd=2.14m/s end=goal t= 6778.7s
[TRAIN][PPO] ep=424/500 r=  587.76 avg10=  581.89 steps=1406 succ10=1.00 touch10=1.00 col10=0.00 to10=0.00 min_d= 0.30 avg_spd=2.15m/s end=goal t= 6795.7s
[TRAIN][PPO] ep=425/500 r=  -33.25 avg10=  520.82 steps=  55 succ10=0.90 touch10=0.90 col10=0.10 to10=0.00 min_d= 3.84 avg_spd=2.12m/s end=collision t= 6796.4s
[TRAIN][PPO] ep=426/500 r=  592.97 avg10=  521.91 steps=1426 succ10=0.90 touch10=0.90 col10=0.10 to10=0.00 min_d= 0.30 avg_spd=2.14m/s end=goal t= 6812.2s
[TRAIN][PPO] ep=427/500 r=  570.99 avg10=  521.98 steps=1532 succ10=0.90 touch10=0.90 col10=0.10 to10=0.00 min_d= 0.30 avg_spd=2.12m/s end=goal t= 6828.8s
[TRAIN][PPO] ep=428/500 r=  578.98 avg10=  521.10 steps=1383 succ10=0.90 touch10=0.90 col10=0.10 to10=0.00 min_d= 0.30 avg_spd=2.15m/s end=goal t= 6845.5s
[TRAIN][PPO] ep=429/500 r=  593.46 avg10=  521.39 steps=1431 succ10=0.90 touch10=0.90 col10=0.10 to10=0.00 min_d= 0.30 avg_spd=2.13m/s end=goal t= 6861.6s
[TRAIN][PPO] ep=430/500 r=  573.99 avg10=  519.45 steps=1373 succ10=0.90 touch10=0.90 col10=0.10 to10=0.00 min_d= 0.30 avg_spd=2.15m/s end=goal t= 6876.9s
[TRAIN][PPO] ep=431/500 r=  579.74 avg10=  519.78 steps=1391 succ10=0.90 touch10=0.90 col10=0.10 to10=0.00 min_d= 0.30 avg_spd=2.14m/s end=goal t= 6892.4s
[TRAIN][PPO] ep=432/500 r=  585.28 avg10=  520.77 steps=1413 succ10=0.90 touch10=0.90 col10=0.10 to10=0.00 min_d= 0.30 avg_spd=2.14m/s end=goal t= 6909.7s
[TRAIN][PPO] ep=433/500 r=  592.41 avg10=  522.23 steps=1418 succ10=0.90 touch10=0.90 col10=0.10 to10=0.00 min_d= 0.30 avg_spd=2.14m/s end=goal t= 6925.6s
[TRAIN][PPO] ep=434/500 r=  580.02 avg10=  521.46 steps=1388 succ10=0.90 touch10=0.90 col10=0.10 to10=0.00 min_d= 0.30 avg_spd=2.15m/s end=goal t= 6941.2s
[TRAIN][PPO] ep=435/500 r=  582.36 avg10=  583.02 steps=1396 succ10=1.00 touch10=1.00 col10=0.00 to10=0.00 min_d= 0.30 avg_spd=2.16m/s end=goal t= 6957.2s
[TRAIN][PPO] ep=436/500 r=  586.63 avg10=  582.39 steps=1405 succ10=1.00 touch10=1.00 col10=0.00 to10=0.00 min_d= 0.30 avg_spd=2.15m/s end=goal t= 6974.1s
[TRAIN][PPO] ep=437/500 r=  591.25 avg10=  584.41 steps=1415 succ10=1.00 touch10=1.00 col10=0.00 to10=0.00 min_d= 0.30 avg_spd=2.15m/s end=goal t= 6989.8s
[TRAIN][PPO] ep=438/500 r=  589.02 avg10=  585.42 steps=1418 succ10=1.00 touch10=1.00 col10=0.00 to10=0.00 min_d= 0.30 avg_spd=2.15m/s end=goal t= 7005.8s
[TRAIN][PPO] ep=439/500 r=  575.44 avg10=  583.62 steps=1372 succ10=1.00 touch10=1.00 col10=0.00 to10=0.00 min_d= 0.30 avg_spd=2.17m/s end=goal t= 7020.9s
[TRAIN][PPO] ep=440/500 r=  579.92 avg10=  584.21 steps=1403 succ10=1.00 touch10=1.00 col10=0.00 to10=0.00 min_d= 0.30 avg_spd=2.14m/s end=goal t= 7037.3s
[TRAIN][PPO] ep=441/500 r=  582.00 avg10=  584.43 steps=1498 succ10=1.00 touch10=1.00 col10=0.00 to10=0.00 min_d= 0.30 avg_spd=2.16m/s end=goal t= 7053.9s
[TRAIN][PPO] ep=442/500 r=  570.49 avg10=  582.95 steps=1353 succ10=1.00 touch10=1.00 col10=0.00 to10=0.00 min_d= 0.30 avg_spd=2.16m/s end=goal t= 7069.2s
[TRAIN][PPO] ep=443/500 r=  593.66 avg10=  583.08 steps=1423 succ10=1.00 touch10=1.00 col10=0.00 to10=0.00 min_d= 0.30 avg_spd=2.14m/s end=goal t= 7085.4s
[TRAIN][PPO] ep=444/500 r=  586.05 avg10=  583.68 steps=1398 succ10=1.00 touch10=1.00 col10=0.00 to10=0.00 min_d= 0.30 avg_spd=2.18m/s end=goal t= 7101.5s
[TRAIN][PPO] ep=445/500 r=  581.83 avg10=  583.63 steps=1387 succ10=1.00 touch10=1.00 col10=0.00 to10=0.00 min_d= 0.30 avg_spd=2.17m/s end=goal t= 7117.3s
[TRAIN][PPO] ep=446/500 r=  584.29 avg10=  583.40 steps=1400 succ10=1.00 touch10=1.00 col10=0.00 to10=0.00 min_d= 0.30 avg_spd=2.15m/s end=goal t= 7133.2s
[TRAIN][PPO] ep=447/500 r=  578.59 avg10=  582.13 steps=1378 succ10=1.00 touch10=1.00 col10=0.00 to10=0.00 min_d= 0.30 avg_spd=2.16m/s end=goal t= 7148.7s
[TRAIN][PPO] ep=448/500 r=  579.81 avg10=  581.21 steps=1391 succ10=1.00 touch10=1.00 col10=0.00 to10=0.00 min_d= 0.30 avg_spd=2.15m/s end=goal t= 7165.3s
[TRAIN][PPO] ep=449/500 r=  572.53 avg10=  580.92 steps=1364 succ10=1.00 touch10=1.00 col10=0.00 to10=0.00 min_d= 0.30 avg_spd=2.15m/s end=goal t= 7180.7s
[TRAIN][PPO] ep=450/500 r=  591.38 avg10=  582.06 steps=1420 succ10=1.00 touch10=1.00 col10=0.00 to10=0.00 min_d= 0.30 avg_spd=2.15m/s end=goal t= 7196.5s
[TRAIN][PPO] ep=451/500 r=  592.22 avg10=  583.09 steps=1415 succ10=1.00 touch10=1.00 col10=0.00 to10=0.00 min_d= 0.30 avg_spd=2.16m/s end=goal t= 7212.0s
[TRAIN][PPO] ep=452/500 r=  580.73 avg10=  584.11 steps=1381 succ10=1.00 touch10=1.00 col10=0.00 to10=0.00 min_d= 0.30 avg_spd=2.14m/s end=goal t= 7228.5s
[TRAIN][PPO] ep=453/500 r=  576.60 avg10=  582.40 steps=1395 succ10=1.00 touch10=1.00 col10=0.00 to10=0.00 min_d= 0.30 avg_spd=2.14m/s end=goal t= 7243.8s
[TRAIN][PPO] ep=454/500 r=  591.46 avg10=  582.94 steps=1429 succ10=1.00 touch10=1.00 col10=0.00 to10=0.00 min_d= 0.30 avg_spd=2.15m/s end=goal t= 7259.1s
[TRAIN][PPO] ep=455/500 r=  583.43 avg10=  583.10 steps=1404 succ10=1.00 touch10=1.00 col10=0.00 to10=0.00 min_d= 0.30 avg_spd=2.13m/s end=goal t= 7274.2s
[TRAIN][PPO] ep=456/500 r=  574.98 avg10=  582.17 steps=1406 succ10=1.00 touch10=1.00 col10=0.00 to10=0.00 min_d= 0.30 avg_spd=2.13m/s end=goal t= 7290.8s
[TRAIN][PPO] ep=457/500 r=  588.43 avg10=  583.16 steps=1496 succ10=1.00 touch10=1.00 col10=0.00 to10=0.00 min_d= 0.30 avg_spd=2.15m/s end=goal t= 7307.1s
[TRAIN][PPO] ep=458/500 r=  590.53 avg10=  584.23 steps=1574 succ10=1.00 touch10=1.00 col10=0.00 to10=0.00 min_d= 0.30 avg_spd=2.13m/s end=goal t= 7324.1s
[TRAIN][PPO] ep=459/500 r=  573.36 avg10=  584.31 steps=1366 succ10=1.00 touch10=1.00 col10=0.00 to10=0.00 min_d= 0.30 avg_spd=2.16m/s end=goal t= 7339.0s
[TRAIN][PPO] ep=460/500 r=  590.57 avg10=  584.23 steps=1413 succ10=1.00 touch10=1.00 col10=0.00 to10=0.00 min_d= 0.30 avg_spd=2.13m/s end=goal t= 7356.0s
[TRAIN][PPO] ep=461/500 r=  552.54 avg10=  580.26 steps=1501 succ10=1.00 touch10=1.00 col10=0.00 to10=0.00 min_d= 0.30 avg_spd=2.14m/s end=goal t= 7372.3s
[TRAIN][PPO] ep=462/500 r=  580.27 avg10=  580.22 steps=1509 succ10=1.00 touch10=1.00 col10=0.00 to10=0.00 min_d= 0.30 avg_spd=2.14m/s end=goal t= 7388.4s
[TRAIN][PPO] ep=463/500 r=  573.66 avg10=  579.92 steps=1367 succ10=1.00 touch10=1.00 col10=0.00 to10=0.00 min_d= 0.30 avg_spd=2.16m/s end=goal t= 7402.8s
[TRAIN][PPO] ep=464/500 r=  580.90 avg10=  578.87 steps=1386 succ10=1.00 touch10=1.00 col10=0.00 to10=0.00 min_d= 0.30 avg_spd=2.14m/s end=goal t= 7418.8s
[TRAIN][PPO] ep=465/500 r=  572.79 avg10=  577.80 steps=1368 succ10=1.00 touch10=1.00 col10=0.00 to10=0.00 min_d= 0.30 avg_spd=2.16m/s end=goal t= 7433.6s
[TRAIN][PPO] ep=466/500 r=  574.80 avg10=  577.78 steps=1373 succ10=1.00 touch10=1.00 col10=0.00 to10=0.00 min_d= 0.30 avg_spd=2.15m/s end=goal t= 7448.7s
[TRAIN][PPO] ep=467/500 r=  581.67 avg10=  577.11 steps=1390 succ10=1.00 touch10=1.00 col10=0.00 to10=0.00 min_d= 0.30 avg_spd=2.17m/s end=goal t= 7464.3s
[TRAIN][PPO] ep=468/500 r=  581.27 avg10=  576.18 steps=1402 succ10=1.00 touch10=1.00 col10=0.00 to10=0.00 min_d= 0.30 avg_spd=2.15m/s end=goal t= 7481.6s
[TRAIN][PPO] ep=469/500 r=  585.45 avg10=  577.39 steps=1513 succ10=1.00 touch10=1.00 col10=0.00 to10=0.00 min_d= 0.30 avg_spd=2.14m/s end=goal t= 7498.4s
[TRAIN][PPO] ep=470/500 r=  586.30 avg10=  576.97 steps=1408 succ10=1.00 touch10=1.00 col10=0.00 to10=0.00 min_d= 0.30 avg_spd=2.13m/s end=goal t= 7514.8s
[TRAIN][PPO] ep=471/500 r=  574.11 avg10=  579.12 steps=1374 succ10=1.00 touch10=1.00 col10=0.00 to10=0.00 min_d= 0.30 avg_spd=2.15m/s end=goal t= 7530.9s
[TRAIN][PPO] ep=472/500 r=  -41.53 avg10=  516.94 steps=  43 succ10=0.90 touch10=0.90 col10=0.10 to10=0.00 min_d= 3.81 avg_spd=2.19m/s end=collision t= 7533.5s
[TRAIN][PPO] ep=473/500 r=  590.53 avg10=  518.63 steps=1413 succ10=0.90 touch10=0.90 col10=0.10 to10=0.00 min_d= 0.30 avg_spd=2.16m/s end=goal t= 7549.7s
[TRAIN][PPO] ep=474/500 r=  592.43 avg10=  519.78 steps=1419 succ10=0.90 touch10=0.90 col10=0.10 to10=0.00 min_d= 0.30 avg_spd=2.15m/s end=goal t= 7565.7s
[TRAIN][PPO] ep=475/500 r=  577.24 avg10=  520.23 steps=1376 succ10=0.90 touch10=0.90 col10=0.10 to10=0.00 min_d= 0.30 avg_spd=2.14m/s end=goal t= 7581.1s
[TRAIN][PPO] ep=476/500 r=  565.84 avg10=  519.33 steps=1515 succ10=0.90 touch10=0.90 col10=0.10 to10=0.00 min_d= 0.30 avg_spd=2.14m/s end=goal t= 7599.0s
[TRAIN][PPO] ep=477/500 r=  579.87 avg10=  519.15 steps=1402 succ10=0.90 touch10=0.90 col10=0.10 to10=0.00 min_d= 0.30 avg_spd=2.13m/s end=goal t= 7614.6s
[TRAIN][PPO] ep=478/500 r=  271.55 avg10=  488.18 steps= 949 succ10=0.80 touch10=0.80 col10=0.20 to10=0.00 min_d= 1.39 avg_spd=2.17m/s end=collision t= 7625.1s
[TRAIN][PPO] ep=479/500 r=  588.32 avg10=  488.47 steps=1424 succ10=0.80 touch10=0.80 col10=0.20 to10=0.00 min_d= 0.30 avg_spd=2.16m/s end=goal t= 7641.0s
[TRAIN][PPO] ep=480/500 r=  588.28 avg10=  488.66 steps=1429 succ10=0.80 touch10=0.80 col10=0.20 to10=0.00 min_d= 0.30 avg_spd=2.14m/s end=goal t= 7658.6s
[TRAIN][PPO] ep=481/500 r=  576.33 avg10=  488.89 steps=1379 succ10=0.80 touch10=0.80 col10=0.20 to10=0.00 min_d= 0.30 avg_spd=2.14m/s end=goal t= 7674.4s
[TRAIN][PPO] ep=482/500 r=  578.67 avg10=  550.91 steps=1377 succ10=0.90 touch10=0.90 col10=0.10 to10=0.00 min_d= 0.30 avg_spd=2.16m/s end=goal t= 7689.4s
[TRAIN][PPO] ep=483/500 r=  585.19 avg10=  550.37 steps=1509 succ10=0.90 touch10=0.90 col10=0.10 to10=0.00 min_d= 0.30 avg_spd=2.16m/s end=goal t= 7706.1s
[TRAIN][PPO] ep=484/500 r=  586.07 avg10=  549.74 steps=1400 succ10=0.90 touch10=0.90 col10=0.10 to10=0.00 min_d= 0.30 avg_spd=2.17m/s end=goal t= 7723.1s
[TRAIN][PPO] ep=485/500 r=  579.59 avg10=  549.97 steps=1387 succ10=0.90 touch10=0.90 col10=0.10 to10=0.00 min_d= 0.30 avg_spd=2.17m/s end=goal t= 7738.5s
[TRAIN][PPO] ep=486/500 r=  579.10 avg10=  551.30 steps=1378 succ10=0.90 touch10=0.90 col10=0.10 to10=0.00 min_d= 0.30 avg_spd=2.16m/s end=goal t= 7753.7s
[TRAIN][PPO] ep=487/500 r=  553.18 avg10=  548.63 steps=1524 succ10=0.90 touch10=0.90 col10=0.10 to10=0.00 min_d= 0.30 avg_spd=2.13m/s end=goal t= 7771.0s
[TRAIN][PPO] ep=488/500 r=  581.61 avg10=  579.63 steps=1496 succ10=1.00 touch10=1.00 col10=0.00 to10=0.00 min_d= 0.30 avg_spd=2.15m/s end=goal t= 7789.4s
[TRAIN][PPO] ep=489/500 r=  585.66 avg10=  579.37 steps=1512 succ10=1.00 touch10=1.00 col10=0.00 to10=0.00 min_d= 0.30 avg_spd=2.17m/s end=goal t= 7806.4s
[TRAIN][PPO] ep=490/500 r=  586.99 avg10=  579.24 steps=1407 succ10=1.00 touch10=1.00 col10=0.00 to10=0.00 min_d= 0.30 avg_spd=2.16m/s end=goal t= 7821.9s
[TRAIN][PPO] ep=491/500 r=  584.44 avg10=  580.05 steps=1399 succ10=1.00 touch10=1.00 col10=0.00 to10=0.00 min_d= 0.30 avg_spd=2.17m/s end=goal t= 7837.3s
[TRAIN][PPO] ep=492/500 r=  576.13 avg10=  579.80 steps=1376 succ10=1.00 touch10=1.00 col10=0.00 to10=0.00 min_d= 0.30 avg_spd=2.17m/s end=goal t= 7853.9s
[TRAIN][PPO] ep=493/500 r=  -34.71 avg10=  517.81 steps= 152 succ10=0.90 touch10=0.90 col10=0.10 to10=0.00 min_d= 3.82 avg_spd=1.90m/s end=collision t= 7855.7s
[TRAIN][PPO] ep=494/500 r=  574.19 avg10=  516.62 steps=1394 succ10=0.90 touch10=0.90 col10=0.10 to10=0.00 min_d= 0.30 avg_spd=2.14m/s end=goal t= 7871.4s
[TRAIN][PPO] ep=495/500 r=  589.97 avg10=  517.66 steps=1445 succ10=0.90 touch10=0.90 col10=0.10 to10=0.00 min_d= 0.30 avg_spd=2.14m/s end=goal t= 7887.7s
[TRAIN][PPO] ep=496/500 r=  586.99 avg10=  518.45 steps=1403 succ10=0.90 touch10=0.90 col10=0.10 to10=0.00 min_d= 0.30 avg_spd=2.16m/s end=goal t= 7905.1s
[TRAIN][PPO] ep=497/500 r=  590.97 avg10=  522.23 steps=1421 succ10=0.90 touch10=0.90 col10=0.10 to10=0.00 min_d= 0.30 avg_spd=2.14m/s end=goal t= 7921.2s
[TRAIN][PPO] ep=498/500 r=  575.95 avg10=  521.66 steps=1394 succ10=0.90 touch10=0.90 col10=0.10 to10=0.00 min_d= 0.30 avg_spd=2.13m/s end=goal t= 7937.3s
[TRAIN][PPO] ep=499/500 r=  578.77 avg10=  520.97 steps=1405 succ10=0.90 touch10=0.90 col10=0.10 to10=0.00 min_d= 0.30 avg_spd=2.15m/s end=goal t= 7953.2s
INFO: PPO: Terminating.
[RUN] completed stage checkpoint=/uio/hume/student-u79/esbrovol/fys5429/DRL-Obstacle-Avoidance/controllers/PPO/checkpoints/20260525_141956_none_seed01_stage10_train_10_full/final_20260525_141956_none_seed01_stage10_train_10_full.pth
[RUN] curriculum complete arch=none seed=1
