episode,global_step,reward,avg10,length,success,goal_touched,collision,timeout,min_dist,avg_speed_ms,end_reason,elapsed_s,act0_mean,act0_std,act0_min,act0_max,act1_mean,act1_std,act1_min,act1_max,obs_mean,obs_std,obs_min,obs_max,actor_loss,critic_loss,policy_entropy,entropy_coef,value_residual,grad_norm_actor,grad_norm_critic,grad_norm_rnn,lr_actor,lr_critic,alpha,alpha_loss,target_update_magnitude,replay_buffer_size,recurrent_cell
1,538,99.2043,99.2043,538,0,0,1,0,2.691,2.084,collision,5.5,0.099042,0.413069,-0.851162,0.851638,5.011369,1.001151,0.883958,5.994006,0.384077,0.387662,-0.921675,1.0,,,,,,,,,,,,,,0,lstm
2,653,-17.0041,41.1001,115,0,0,1,0,3.7605,2.008,collision,6.7,-0.35967,0.29971,-0.871185,0.60242,5.293783,0.805202,1.408489,5.98789,0.389004,0.390594,-0.658092,1.007656,,,,,,,,,,,,,,0,lstm
3,781,-6.6875,25.1709,128,0,0,1,0,3.6181,2.167,collision,8.0,-0.117771,0.37102,-0.773509,0.755692,5.243221,0.800723,1.437982,5.988463,0.42537,0.398526,-0.17272,1.0,,,,,,,,,,,,,,0,lstm
4,926,-3.0931,18.1049,145,0,0,1,0,3.5524,2.154,collision,10.4,-0.011128,0.384258,-0.816458,0.733973,5.221702,0.810125,2.24559,5.998173,0.391151,0.379167,-0.315142,1.0,-0.044992,0.040615,1.811912,0.006742,0.125556,0.22403,0.108215,0.176178,3.7e-05,,,,,0,lstm
5,1059,-5.3643,13.4111,133,0,0,1,0,3.5833,2.171,collision,11.8,-0.066058,0.365544,-0.8731,0.724377,5.176339,0.874502,1.407305,5.989555,0.409447,0.388353,-0.221385,1.0,,,,,,,,,,,,,,0,lstm
6,1194,-5.3156,10.2899,135,0,0,1,0,3.6504,2.092,collision,13.1,-0.183312,0.374149,-0.80529,0.678785,5.108613,0.959234,1.472527,5.993682,0.420278,0.396787,-0.281724,1.0,,,,,,,,,,,,,,0,lstm
7,1320,-9.6205,7.4456,126,0,0,1,0,3.6115,2.075,collision,14.4,-0.219768,0.380083,-0.837603,0.712416,5.208487,0.82725,1.998766,5.996032,0.419452,0.401084,-0.471011,1.0,,,,,,,,,,,,,,0,lstm
8,1464,-1.6146,6.3131,144,0,0,1,0,3.5657,2.149,collision,16.3,-0.132917,0.367515,-0.807939,0.761209,5.097402,0.98034,1.266996,5.990246,0.417358,0.394656,-0.250712,1.0,-0.120795,0.055576,1.811868,0.006726,0.154712,0.322433,0.157818,0.229674,4.9e-05,,,,,0,lstm
9,1629,-6.4544,4.8945,165,0,0,1,0,3.6431,2.055,collision,17.9,0.170299,0.394982,-0.847457,0.840812,4.858346,1.167391,0.375866,5.987531,0.390043,0.391703,-0.688725,1.002813,,,,,,,,,,,,,,0,lstm
10,2282,161.8611,20.5911,653,0,0,1,0,2.2358,2.121,collision,24.3,-0.071464,0.403714,-0.832189,0.853721,5.115236,0.973908,0.56326,5.989186,0.383993,0.38903,-0.7031,1.0,,,,,,,,,,,,,,0,lstm
11,2404,-12.7132,9.3994,122,0,0,1,0,3.6139,2.027,collision,25.5,-0.310614,0.341589,-0.874971,0.635493,5.182631,0.97741,1.169842,5.988004,0.403032,0.388682,-0.607527,1.0,,,,,,,,,,,,,,0,lstm
12,2548,-1.8407,10.9157,144,0,0,1,0,3.5556,2.123,collision,27.3,-0.134802,0.387027,-0.793201,0.815721,5.284712,0.676646,2.563648,5.985093,0.418033,0.394492,-0.302556,1.0,-0.020737,0.024822,1.811686,0.00671,0.110068,0.214495,0.02098,0.101404,6.1e-05,,,,,0,lstm
13,2685,-3.8783,11.1966,137,0,0,1,0,3.6423,2.101,collision,28.7,-0.114761,0.396358,-0.7571,0.711094,5.140969,0.935327,1.094506,5.997789,0.412397,0.39217,-0.197354,1.000772,,,,,,,,,,,,,,0,lstm
14,2817,-5.5762,10.9483,132,0,0,1,0,3.6454,2.117,collision,29.9,-0.070853,0.392931,-0.80363,0.78171,4.96418,1.05213,1.074647,5.967209,0.410973,0.389147,-0.17432,1.0,,,,,,,,,,,,,,0,lstm
15,2952,-5.1956,10.9652,135,0,0,1,0,3.5631,2.011,collision,31.3,-0.172345,0.421426,-0.803427,0.749111,5.015516,1.088741,0.810707,5.969222,0.418588,0.394269,-0.345829,1.0,,,,,,,,,,,,,,0,lstm
16,3083,-7.177,10.7791,131,0,0,1,0,3.6523,2.138,collision,33.0,-0.19039,0.353055,-0.861422,0.799107,5.184817,0.888376,1.875912,5.989872,0.416224,0.393769,-0.400189,1.0,-0.098979,0.054498,1.811486,0.006693,0.118489,0.229857,0.073411,0.145418,7.3e-05,,,,,0,lstm
17,3200,-15.408,10.2003,117,0,0,1,0,3.7281,2.056,collision,34.2,-0.284816,0.339055,-0.871856,0.721609,5.239731,0.921888,1.213669,5.993343,0.394706,0.391614,-0.586207,1.00354,,,,,,,,,,,,,,0,lstm
18,3337,-4.9851,9.8633,137,0,0,1,0,3.5981,2.124,collision,35.7,0.041002,0.395827,-0.780576,0.793412,5.131024,0.948106,1.179815,5.986199,0.395997,0.38295,-0.362498,1.0,,,,,,,,,,,,,,0,lstm
19,3487,-0.2077,10.4879,150,0,0,1,0,3.5191,2.15,collision,37.3,0.010985,0.391458,-0.82164,0.759525,4.915382,0.938176,1.892347,5.985219,0.390995,0.382127,-0.325847,1.0,,,,,,,,,,,,,,0,lstm
20,3626,-3.2097,-6.0192,139,0,0,1,0,3.605,2.148,collision,39.1,-0.138153,0.364744,-0.82044,0.716645,5.20203,0.853284,1.795115,5.990673,0.41768,0.395447,-0.241888,1.0,-0.079414,0.047073,1.811558,0.006677,0.10678,0.180342,0.034234,0.118066,8.5e-05,,,,,0,lstm
21,3766,-3.1057,-5.0584,140,0,0,1,0,3.5701,2.16,collision,40.5,-0.112443,0.368958,-0.829426,0.818744,5.157205,0.928594,1.382847,5.994506,0.407937,0.386741,-0.253787,1.0,,,,,,,,,,,,,,0,lstm
22,3931,-5.0498,-5.3793,165,0,0,1,0,3.6505,2.068,collision,42.2,0.14875,0.390912,-0.793306,0.789083,4.832839,1.165429,0.483011,5.988321,0.398797,0.397109,-0.727265,1.009656,,,,,,,,,,,,,,0,lstm
23,4079,-0.9045,-5.0819,148,0,0,1,0,3.6106,2.118,collision,43.7,-0.042302,0.397324,-0.814992,0.79655,5.076644,1.051796,0.81954,5.985865,0.406062,0.391893,-0.308466,1.000438,,,,,,,,,,,,,,0,lstm
24,4226,-1.3274,-4.6571,147,0,0,1,0,3.5392,2.118,collision,45.6,-0.025681,0.409635,-0.766963,0.843886,5.103344,0.95264,1.415662,5.993662,0.396832,0.38428,-0.274681,1.0,-0.065491,0.045194,1.811717,0.006661,0.096918,0.36225,0.019866,0.217333,9.7e-05,,,,,0,lstm
25,4349,-9.9508,-5.1326,123,0,0,1,0,3.7149,2.1,collision,46.8,-0.200005,0.361794,-0.807808,0.73743,5.087149,1.040444,0.953945,5.983687,0.407506,0.389399,-0.406306,1.008502,,,,,,,,,,,,,,0,lstm
26,4470,-11.8592,-5.6008,121,0,0,1,0,3.7159,2.061,collision,48.0,-0.244592,0.376916,-0.862321,0.706251,5.045059,0.897004,2.09181,5.9891,0.411399,0.398489,-0.507048,1.00542,,,,,,,,,,,,,,0,lstm
27,4616,-7.8942,-4.8494,146,0,0,1,0,3.6038,2.065,collision,49.4,0.173474,0.38457,-0.796194,0.814995,4.634449,1.225844,0.805198,5.986785,0.391567,0.389409,-0.698477,1.0,,,,,,,,,,,,,,0,lstm
28,4761,-2.5334,-4.6043,145,0,0,1,0,3.5509,2.113,collision,51.2,0.05866,0.396912,-0.782654,0.759383,5.137343,0.944728,1.52533,5.979763,0.392436,0.383845,-0.358514,1.0,-0.074374,0.049301,1.811825,0.006645,0.098022,0.429951,0.023043,0.279436,0.0001,,,,,0,lstm
29,4935,2.2008,-4.3634,174,0,0,1,0,3.5771,2.08,collision,53.0,0.070245,0.412625,-0.829599,0.797292,4.8879,1.132999,0.531071,5.97512,0.387221,0.388535,-0.545964,1.000665,,,,,,,,,,,,,,0,lstm
30,5098,-2.7893,-4.3214,163,0,0,1,0,3.5294,2.113,collision,54.6,0.127664,0.374076,-0.722108,0.816627,4.714773,1.231003,1.063234,5.991033,0.372487,0.378397,-0.574062,1.0,,,,,,,,,,,,,,0,lstm
31,5256,-4.7883,-4.4896,158,0,0,1,0,3.5411,2.102,collision,56.1,0.167359,0.367136,-0.766014,0.805464,4.840463,1.137261,1.123547,5.971978,0.375718,0.386699,-0.647915,1.0,,,,,,,,,,,,,,0,lstm
32,5396,-3.0572,-4.2904,140,0,0,1,0,3.5645,2.131,collision,58.0,-0.037501,0.388935,-0.801301,0.711394,5.001919,1.012568,0.693762,5.988965,0.403968,0.386611,-0.234116,1.0,-0.062979,0.032346,1.812026,0.006629,0.092501,0.253017,0.029983,0.142066,0.0001,,,,,0,lstm
33,5541,-4.721,-4.672,145,0,0,1,0,3.6334,2.158,collision,59.4,0.053095,0.365444,-0.821962,0.712531,4.971524,1.004613,1.363113,5.97661,0.400487,0.38807,-0.399981,1.002287,,,,,,,,,,,,,,0,lstm
34,6228,145.1524,9.976,687,0,0,1,0,2.2281,2.094,collision,66.2,0.06201,0.40893,-0.813051,0.867418,4.917783,1.090901,0.735135,5.993013,0.388476,0.395374,-0.880057,1.0,,,,,,,,,,,,,,0,lstm
35,6359,-5.9176,10.3793,131,0,0,1,0,3.6119,2.083,collision,67.5,-0.096682,0.400298,-0.826159,0.777002,4.975268,1.149612,0.371537,5.991239,0.417554,0.391517,-0.232653,1.0,,,,,,,,,,,,,,0,lstm
36,7018,170.8043,28.6457,659,0,0,1,0,2.201,2.1,collision,74.6,-0.142224,0.389665,-0.859458,0.748116,5.067422,0.979591,0.275926,5.993555,0.396528,0.394154,-0.706654,1.0,0.000783,0.024174,1.812333,0.006612,0.130329,0.266633,0.132345,0.202333,0.0001,,,,,0,lstm
37,7141,-11.2345,28.3116,123,0,0,1,0,3.6675,2.032,collision,75.8,-0.27524,0.383936,-0.880557,0.758376,5.260244,0.913714,1.607554,5.979603,0.40848,0.393786,-0.494281,1.0,,,,,,,,,,,,,,0,lstm
38,7331,9.4553,29.5105,190,0,0,1,0,3.5361,2.208,collision,77.7,-0.092563,0.344537,-0.801738,0.719216,5.10236,0.87118,1.620397,5.986941,0.393642,0.383793,-0.411937,1.007225,,,,,,,,,,,,,,0,lstm
39,7454,-12.6757,28.0228,123,0,0,1,0,3.7223,2.047,collision,78.9,-0.32485,0.333784,-0.844764,0.569212,5.309216,0.726521,2.261042,5.981294,0.407559,0.396944,-0.612881,1.006768,,,,,,,,,,,,,,0,lstm
40,7607,-0.2264,28.2791,153,0,0,1,0,3.5927,2.186,collision,80.8,0.009745,0.36808,-0.861042,0.780234,4.98169,0.943952,2.009206,5.996121,0.397037,0.385593,-0.293504,1.001528,-0.048516,0.031557,1.812619,0.006596,0.093704,0.213508,0.022011,0.10782,0.0001,,,,,0,lstm
41,7747,-3.6762,28.3903,140,0,0,1,0,3.5981,2.088,collision,82.3,-0.049871,0.406383,-0.797915,0.755534,5.04763,1.066135,0.231234,5.975638,0.406972,0.38884,-0.257707,1.0,,,,,,,,,,,,,,0,lstm
42,7871,-12.9469,27.4014,124,0,0,1,0,3.6066,1.995,collision,83.4,-0.342971,0.338834,-0.816003,0.680702,5.129299,0.863822,2.231437,5.987042,0.393004,0.384605,-0.5883,1.0,,,,,,,,,,,,,,0,lstm
43,8050,-5.5716,27.3163,179,0,0,1,0,3.6493,2.127,collision,85.2,0.114439,0.378155,-0.790892,0.80852,5.004451,0.931661,1.042685,5.966834,0.395375,0.396803,-0.697551,1.009826,,,,,,,,,,,,,,0,lstm
44,8189,-4.3083,12.3702,139,0,0,1,0,3.5905,2.122,collision,86.9,-0.215943,0.348315,-0.82906,0.559366,5.246298,0.754796,2.03015,5.995613,0.411494,0.390728,-0.44672,1.0,-0.079172,0.034386,1.812942,0.00658,0.092928,0.196045,0.040655,0.096729,0.0001,,,,,0,lstm
45,8468,27.2791,15.6899,279,0,0,1,0,3.3468,2.13,collision,89.6,0.059575,0.39037,-0.808603,0.783475,5.018409,1.038481,0.647977,5.990221,0.395464,0.394916,-0.649101,1.001109,,,,,,,,,,,,,,0,lstm
46,8623,-5.5942,-1.9499,155,0,0,1,0,3.6098,2.163,collision,91.2,0.07807,0.359457,-0.806264,0.857752,4.871698,1.131415,0.54349,5.978015,0.392571,0.387537,-0.539753,1.0,,,,,,,,,,,,,,0,lstm
47,8757,-7.2074,-1.5472,134,0,0,1,0,3.6608,2.057,collision,92.5,-0.262941,0.353116,-0.795548,0.697195,5.201043,1.006969,0.689361,5.969685,0.412898,0.394729,-0.466036,1.0,,,,,,,,,,,,,,0,lstm
48,9602,148.3988,12.3471,845,0,0,1,0,2.158,2.08,collision,101.0,0.086411,0.414248,-0.828626,0.870936,4.938303,1.092249,0.197703,5.992933,0.390487,0.405699,-0.992068,1.0,-0.007792,0.017656,1.813163,0.006564,0.088761,0.190168,0.036649,0.110136,0.0001,,,,,0,lstm
49,9729,-10.601,12.5546,127,0,0,1,0,3.6659,2.113,collision,102.2,-0.246242,0.328849,-0.869704,0.629132,5.296381,0.802642,0.925297,5.979074,0.411152,0.396153,-0.545876,1.0,,,,,,,,,,,,,,0,lstm
50,9883,-4.5752,12.1197,154,0,0,1,0,3.6183,2.079,collision,103.8,0.0919,0.405222,-0.752008,0.849716,4.905603,1.125993,0.763942,5.969023,0.387816,0.384994,-0.582102,1.0,,,,,,,,,,,,,,0,lstm
51,10055,2.2763,12.715,172,0,0,1,0,3.5874,2.112,collision,105.4,0.013108,0.403624,-0.782748,0.766004,5.043275,0.983186,1.021855,5.985189,0.387459,0.383953,-0.526625,1.004409,,,,,,,,,,,,,,0,lstm
52,10184,-7.883,13.2214,129,0,0,1,0,3.5651,2.042,collision,107.0,-0.208851,0.389816,-0.79389,0.75528,5.233581,0.891259,1.366493,5.979939,0.418636,0.393714,-0.404925,1.0,-0.075703,0.036027,1.813265,0.006548,0.108678,0.295766,0.077622,0.214031,0.0001,,,,,0,lstm
53,10596,61.867,19.9652,412,0,0,1,0,3.0063,2.104,collision,111.0,0.104127,0.393015,-0.844923,0.847479,4.970459,1.128794,0.840114,5.990257,0.402075,0.397792,-0.738614,1.002793,,,,,,,,,,,,,,0,lstm
54,10732,-4.9377,19.9023,136,0,0,1,0,3.5772,2.09,collision,112.3,-0.172778,0.381118,-0.826483,0.656305,5.155154,0.972084,0.911412,5.98632,0.412769,0.388586,-0.335832,1.0,,,,,,,,,,,,,,0,lstm
55,10869,-6.781,16.4963,137,0,0,1,0,3.574,2.046,collision,113.8,-0.282386,0.364153,-0.867169,0.501986,5.222211,0.915054,0.651465,5.989517,0.420252,0.399097,-0.556675,1.0,,,,,,,,,,,,,,0,lstm
56,11047,1.4619,17.2019,178,0,0,1,0,3.5731,2.133,collision,115.9,0.060854,0.391077,-0.818485,0.794227,4.872689,1.082412,1.437895,5.980221,0.384997,0.388319,-0.563506,1.002578,-0.024457,0.027429,1.81326,0.006531,0.106691,0.298657,0.01135,0.176569,0.0001,,,,,0,lstm
57,11188,-3.7431,17.5483,141,0,0,1,0,3.6347,2.107,collision,117.4,-0.165641,0.383846,-0.81649,0.762946,5.367831,0.695854,2.435319,5.989404,0.411822,0.389125,-0.338156,1.0,,,,,,,,,,,,,,0,lstm
58,11341,-5.4783,2.1606,153,0,0,1,0,3.5828,2.124,collision,118.9,0.070177,0.395793,-0.807829,0.825189,4.974968,1.059542,1.087604,5.984197,0.390643,0.387905,-0.55633,1.0,,,,,,,,,,,,,,0,lstm
59,11478,-5.1795,2.7027,137,0,0,1,0,3.5989,2.125,collision,120.3,-0.193516,0.364454,-0.875458,0.756551,5.216353,0.852456,1.878323,5.979934,0.409869,0.388487,-0.366572,1.0,,,,,,,,,,,,,,0,lstm
60,12681,297.5898,32.9192,1203,0,0,1,0,1.1791,2.11,collision,132.5,-0.039859,0.404331,-0.838835,0.861054,5.01344,1.066804,0.736202,5.998559,0.374846,0.40057,-0.828962,1.0,-0.003885,0.017237,1.813087,0.006515,0.106704,0.074291,0.079134,0.083132,0.0001,,,,,0,lstm
61,13531,155.4223,48.2338,850,0,0,1,0,2.1175,2.052,collision,141.0,0.073971,0.433091,-0.849254,0.873659,4.997758,1.030558,0.765869,5.994236,0.387881,0.404381,-0.979634,1.0,,,,,,,,,,,,,,0,lstm
62,13685,-2.5826,48.7639,154,0,0,1,0,3.6456,2.166,collision,142.6,-0.018364,0.384347,-0.821862,0.731839,5.258736,0.808885,1.860611,5.990203,0.402146,0.387329,-0.420071,1.009148,,,,,,,,,,,,,,0,lstm
63,13819,-7.7358,41.8036,134,0,0,1,0,3.6676,2.031,collision,144.1,-0.298431,0.364364,-0.845105,0.680456,5.345901,0.786027,2.398226,5.990655,0.419716,0.402337,-0.509493,1.0,,,,,,,,,,,,,,0,lstm
64,14505,136.3741,55.9348,686,0,0,1,0,2.2384,2.086,collision,151.3,0.041417,0.420047,-0.838365,0.850223,4.993219,1.033781,0.292197,5.992905,0.384713,0.395025,-0.886673,1.0,-0.012845,0.014509,1.812995,0.006499,0.083625,0.122828,0.039608,0.064245,0.0001,,,,,0,lstm
65,14631,-13.0011,55.3128,126,0,0,1,0,3.7468,1.98,collision,152.6,-0.396961,0.303023,-0.874477,0.388693,5.318471,0.892917,1.606592,5.98565,0.40635,0.398022,-0.644272,1.009494,,,,,,,,,,,,,,0,lstm
66,14758,-12.3094,53.9356,127,0,0,1,0,3.6103,1.971,collision,153.9,-0.375182,0.320414,-0.851842,0.675097,5.390878,0.841141,0.557328,5.983587,0.401938,0.389972,-0.661311,1.0,,,,,,,,,,,,,,0,lstm
67,14892,-8.7368,53.4363,134,0,0,1,0,3.7199,1.988,collision,155.3,-0.350863,0.337668,-0.860069,0.633398,5.380364,0.781537,1.664225,5.993143,0.408052,0.394073,-0.577785,1.008886,,,,,,,,,,,,,,0,lstm
68,15040,-1.6475,53.8193,148,0,0,1,0,3.6285,2.135,collision,157.2,-0.112425,0.380701,-0.775041,0.758289,5.13459,0.927842,1.945572,5.990188,0.403775,0.385868,-0.31976,1.002676,-0.106874,0.037887,1.812957,0.006483,0.109797,0.348321,0.117266,0.167484,0.0001,,,,,0,lstm
69,15189,-0.5524,54.2821,149,0,0,1,0,3.558,2.12,collision,158.6,-0.150993,0.384499,-0.740548,0.801081,5.354875,0.721604,1.277288,5.992844,0.401118,0.384778,-0.303083,1.0,,,,,,,,,,,,,,0,lstm
70,15320,-6.7083,23.8522,131,0,0,1,0,3.6052,2.104,collision,160.0,-0.239472,0.350476,-0.827127,0.576777,5.288872,0.864245,1.623635,5.986647,0.416203,0.39103,-0.296794,1.0,,,,,,,,,,,,,,0,lstm
71,15449,-7.4961,7.5604,129,0,0,1,0,3.5835,2.083,collision,161.2,-0.265869,0.349775,-0.857565,0.617229,5.348029,0.864128,1.684596,5.980311,0.415739,0.391595,-0.375823,1.0,,,,,,,,,,,,,,0,lstm
72,15573,-13.5926,6.4594,124,0,0,1,0,3.7225,1.988,collision,162.9,-0.340544,0.341363,-0.858959,0.647741,5.54766,0.539116,2.913727,5.992625,0.400224,0.394103,-0.668846,1.003005,-0.129516,0.043853,1.81299,0.006467,0.110635,0.337502,0.082698,0.256862,0.0001,,,,,0,lstm
73,15869,-13.8602,5.847,296,0,0,1,0,3.6225,1.961,collision,165.8,0.071068,0.490419,-0.87548,0.860457,4.976462,1.122381,0.280219,5.99706,0.38624,0.420714,-0.99995,1.009537,,,,,,,,,,,,,,0,lstm
74,16027,2.4752,-7.5429,158,0,0,1,0,3.5176,2.118,collision,167.5,-0.054604,0.395953,-0.741332,0.788115,5.292034,0.891835,1.455489,5.970465,0.395086,0.383885,-0.283131,1.0,,,,,,,,,,,,,,0,lstm
75,16158,-10.2835,-7.2712,131,0,0,1,0,3.6435,1.933,collision,168.9,-0.418288,0.317916,-0.870888,0.633329,5.382019,0.72608,2.560928,5.993687,0.415557,0.400519,-0.611768,1.0,,,,,,,,,,,,,,0,lstm
76,16308,-1.2859,-6.1688,150,0,0,1,0,3.5828,2.137,collision,170.8,-0.065139,0.389954,-0.787361,0.825178,5.211403,0.920735,0.968353,5.988982,0.397132,0.383057,-0.31139,1.0,-0.064285,0.029582,1.813062,0.00645,0.096921,0.217177,0.027799,0.136629,0.0001,,,,,0,lstm
77,16459,-3.9353,-5.6886,151,0,0,1,0,3.6424,2.141,collision,172.4,0.043518,0.392312,-0.797592,0.820863,5.264926,0.816234,1.208103,5.999005,0.402266,0.389938,-0.529832,1.005334,,,,,,,,,,,,,,0,lstm
78,16630,-4.312,-5.9551,171,0,0,1,0,3.6157,2.083,collision,174.2,0.108564,0.40583,-0.838085,0.820187,5.001491,1.104406,0.775256,5.97731,0.388722,0.39155,-0.65637,1.001481,,,,,,,,,,,,,,0,lstm
79,16780,-3.5921,-6.2591,150,0,0,1,0,3.6167,2.146,collision,175.8,-0.024586,0.381848,-0.774051,0.749358,5.111252,0.97272,1.377842,5.984466,0.395174,0.38198,-0.386916,1.0,,,,,,,,,,,,,,0,lstm
80,16907,-12.7396,-6.8622,127,0,0,1,0,3.6655,1.963,collision,177.5,-0.383426,0.329144,-0.879836,0.726289,5.455548,0.714251,1.720977,5.997228,0.39573,0.389037,-0.658783,1.0,-0.065646,0.032573,1.81308,0.006434,0.090797,0.122913,0.027882,0.069691,0.0001,,,,,0,lstm
81,17041,-6.3783,-6.7504,134,0,0,1,0,3.644,2.049,collision,178.9,-0.269796,0.352464,-0.801881,0.737147,5.462887,0.730352,0.756018,5.996301,0.411564,0.390899,-0.342362,1.0,,,,,,,,,,,,,,0,lstm
82,17171,-6.6896,-6.0601,130,0,0,1,0,3.5806,2.161,collision,180.3,-0.22061,0.336407,-0.861101,0.639676,5.293848,0.689719,2.817679,5.988503,0.410461,0.385758,-0.25543,1.0,,,,,,,,,,,,,,0,lstm
83,17825,164.0691,11.7328,654,0,0,1,0,2.1904,2.094,collision,186.9,-0.171063,0.388826,-0.88566,0.797193,5.363095,0.797849,1.083408,5.992033,0.388692,0.391788,-0.822267,1.0,,,,,,,,,,,,,,0,lstm
84,17981,2.0566,11.6909,156,0,0,1,0,3.5167,2.14,collision,188.9,-0.11705,0.376847,-0.874934,0.843492,5.210227,0.89755,0.979655,5.997139,0.405419,0.387594,-0.350866,1.0,-0.023214,0.022852,1.812971,0.006418,0.108434,0.13392,0.087763,0.128636,0.0001,,,,,0,lstm
85,19204,271.8847,39.9078,1223,0,0,1,0,1.1366,2.126,collision,201.3,0.049697,0.400202,-0.856058,0.856472,5.077477,1.015639,0.288812,5.995761,0.370153,0.399835,-0.969094,1.0,,,,,,,,,,,,,,0,lstm
86,19372,3.8485,40.4212,168,0,0,1,0,3.5864,2.214,collision,203.0,-0.046047,0.353264,-0.746271,0.826049,5.241819,0.938688,1.446157,5.987262,0.39663,0.387056,-0.340509,1.009024,,,,,,,,,,,,,,0,lstm
87,19521,-0.0453,40.8102,149,0,0,1,0,3.5634,2.19,collision,204.5,-0.099413,0.350429,-0.805681,0.638854,5.433136,0.746956,2.366974,5.992692,0.401112,0.385145,-0.280827,1.0,,,,,,,,,,,,,,0,lstm
88,20203,152.8512,56.5265,682,0,0,1,0,2.2408,2.089,collision,212.4,-0.028763,0.420604,-0.860783,0.787479,5.180734,0.969922,0.50631,5.996334,0.395654,0.394247,-0.841294,1.0,-0.03331,0.010353,1.812956,0.006402,0.082041,0.282814,0.05571,0.154675,0.0001,,,,,0,lstm
89,20351,-1.3222,56.7535,148,0,0,1,0,3.5291,2.09,collision,214.0,-0.228308,0.371039,-0.849677,0.673182,5.429968,0.664808,2.769338,5.991798,0.41033,0.388274,-0.432882,1.0,,,,,,,,,,,,,,0,lstm
90,20505,0.7068,58.0981,154,0,0,1,0,3.6045,2.127,collision,215.6,-0.168221,0.367455,-0.827604,0.706532,5.330027,0.879515,1.092193,5.984818,0.404931,0.385751,-0.389272,1.000158,,,,,,,,,,,,,,0,lstm
91,20657,-0.1493,58.721,152,0,0,1,0,3.6377,2.136,collision,217.2,-0.143305,0.37539,-0.830412,0.803057,5.324737,0.763907,1.432268,5.993492,0.402616,0.386042,-0.315833,1.007522,,,,,,,,,,,,,,0,lstm
92,21886,278.7791,87.2679,1229,0,0,1,0,1.1609,2.113,collision,230.1,0.002719,0.410071,-0.8621,0.847111,5.159397,0.959966,0.491805,5.993386,0.374076,0.401917,-0.929151,1.0,-0.007721,0.015069,1.813182,0.006386,0.080267,0.052902,0.023405,0.040056,0.0001,,,,,0,lstm
93,22045,-4.3017,70.4308,159,0,0,1,0,3.5956,2.116,collision,231.8,0.089449,0.40059,-0.829863,0.764283,5.135962,0.954583,1.331936,5.981553,0.385447,0.384619,-0.598096,1.0,,,,,,,,,,,,,,0,lstm
94,22571,65.2032,76.7455,526,0,0,1,0,2.8045,2.064,collision,237.0,0.141294,0.413277,-0.826579,0.882591,4.944496,1.10811,0.24045,5.990119,0.363171,0.3871,-0.959417,1.0,,,,,,,,,,,,,,0,lstm
95,23127,69.6119,56.5182,556,0,0,1,0,2.8881,2.074,collision,242.4,0.144981,0.395978,-0.822454,0.852194,4.951463,1.094999,0.735865,5.995623,0.382352,0.397863,-0.946353,1.001901,,,,,,,,,,,,,,0,lstm
96,23254,-11.0092,55.0324,127,0,0,1,0,3.6582,2.027,collision,244.2,-0.337696,0.324277,-0.858005,0.601428,5.53097,0.542432,3.260119,5.995365,0.404413,0.391944,-0.578755,1.0,-0.021781,0.016375,1.813262,0.006369,0.08191,0.133492,0.036871,0.078458,0.0001,,,,,0,lstm
97,23394,-3.8418,54.6528,140,0,0,1,0,3.5363,2.196,collision,245.7,-0.047938,0.365254,-0.809088,0.674718,5.400286,0.68842,2.427826,5.988852,0.396485,0.380681,-0.264573,1.0,,,,,,,,,,,,,,0,lstm
98,23536,-4.1668,38.951,142,0,0,1,0,3.6485,2.138,collision,247.1,-0.07217,0.396817,-0.825295,0.74021,5.336594,0.827297,1.362776,5.994328,0.405822,0.387395,-0.294067,1.004921,,,,,,,,,,,,,,0,lstm
99,23706,1.398,39.223,170,0,0,1,0,3.5316,2.171,collision,248.8,0.035289,0.377385,-0.769778,0.809017,5.203225,0.88413,1.845445,5.98059,0.380797,0.381298,-0.517467,1.0,,,,,,,,,,,,,,0,lstm
100,24347,157.2816,54.8805,641,0,0,1,0,2.2388,2.109,collision,255.5,-0.149928,0.393361,-0.851283,0.808977,5.380955,0.80463,1.072967,5.995074,0.383906,0.388444,-0.820946,1.0,-0.034007,0.02332,1.813314,0.006353,0.098389,0.240214,0.044206,0.155269,0.0001,,,,,0,lstm
101,24502,1.1593,55.0114,155,0,0,1,0,3.5469,2.108,collision,257.0,-0.078607,0.395078,-0.859763,0.782244,5.278706,1.014881,0.75476,5.984798,0.397335,0.384175,-0.313524,1.0,,,,,,,,,,,,,,0,lstm
102,25028,82.6,35.3935,526,0,0,1,0,2.737,2.12,collision,262.2,0.044026,0.400706,-0.854207,0.869986,5.066586,1.029115,1.034721,5.996838,0.375239,0.388092,-0.956086,1.0,,,,,,,,,,,,,,0,lstm
103,25162,-8.7763,34.946,134,0,0,1,0,3.6438,1.992,collision,263.6,-0.337246,0.348394,-0.8408,0.592446,5.45361,0.775291,1.697031,5.99051,0.417058,0.400387,-0.611302,1.0,,,,,,,,,,,,,,0,lstm
104,25288,-9.8688,27.4388,126,0,0,1,0,3.6661,2.028,collision,265.3,-0.31985,0.334106,-0.818687,0.652072,5.487098,0.721627,1.660434,5.994946,0.419549,0.401824,-0.496248,1.0,-0.038757,0.02219,1.813549,0.006337,0.091202,0.28345,0.031355,0.188013,0.0001,,,,,0,lstm
105,25449,-3.8972,20.0879,161,0,0,1,0,3.7115,2.038,collision,266.9,-0.195993,0.423861,-0.849888,0.832032,5.418095,0.770852,1.393704,5.990377,0.413775,0.396971,-0.91758,1.010748,,,,,,,,,,,,,,0,lstm
106,25978,69.7975,28.1686,529,0,0,1,0,2.7891,2.082,collision,272.1,0.083602,0.406457,-0.813696,0.849228,5.048305,1.09948,0.442549,5.99205,0.366085,0.38402,-0.968417,1.0,,,,,,,,,,,,,,0,lstm
107,26130,0.4599,28.5987,152,0,0,1,0,3.5644,2.122,collision,273.6,-0.151893,0.38901,-0.840716,0.706488,5.253803,0.91988,0.723037,5.997264,0.40141,0.387182,-0.276118,1.0,,,,,,,,,,,,,,0,lstm
108,26971,156.7569,44.6911,841,0,0,1,0,2.1238,2.103,collision,282.6,0.014202,0.414319,-0.845637,0.831734,5.126307,0.979746,0.52286,5.995091,0.389317,0.402719,-0.935895,1.0,-0.015144,0.018352,1.813702,0.006321,0.085199,0.088667,0.034058,0.061192,0.0001,,,,,0,lstm
109,27504,81.5856,52.7099,533,0,0,1,0,2.7927,2.118,collision,287.9,0.052986,0.407698,-0.835889,0.852295,5.098132,0.943915,0.678451,5.994792,0.381721,0.39013,-0.909689,1.000448,,,,,,,,,,,,,,0,lstm
110,27776,20.266,39.0083,272,0,0,1,0,3.4067,2.144,collision,290.6,0.078093,0.395493,-0.768524,0.849589,5.177796,0.864168,1.487389,5.990314,0.394961,0.398862,-0.724586,1.007161,,,,,,,,,,,,,,0,lstm
111,27930,-2.5362,38.6387,154,0,0,1,0,3.643,2.166,collision,292.1,0.004982,0.380535,-0.778613,0.793404,5.259214,0.882454,1.802328,5.980156,0.397863,0.386079,-0.376368,1.008766,,,,,,,,,,,,,,0,lstm
112,28088,1.2232,30.5011,158,0,0,1,0,3.6349,2.126,collision,294.2,-0.09751,0.396166,-0.860859,0.813086,5.280065,0.869071,2.039638,5.988381,0.397282,0.380542,-0.395395,1.008221,-0.023493,0.019907,1.813678,0.006305,0.084028,0.116659,0.011996,0.033733,0.0001,,,,,0,lstm
113,28358,14.2348,32.8022,270,0,0,1,0,3.3428,2.133,collision,296.9,0.089664,0.388386,-0.817533,0.824307,5.008615,1.004696,0.950521,5.988131,0.369786,0.389365,-0.700817,1.0,,,,,,,,,,,,,,0,lstm
114,28490,-11.1845,32.6706,132,0,0,1,0,3.6963,1.97,collision,298.2,-0.397322,0.318939,-0.876081,0.468162,5.607054,0.557824,2.926061,5.998756,0.403391,0.395951,-0.660677,1.0,,,,,,,,,,,,,,0,lstm
115,28761,15.4126,34.6016,271,0,0,1,0,3.3619,2.161,collision,301.0,0.113301,0.360725,-0.745507,0.767849,5.023237,1.0239,0.739343,5.991554,0.378879,0.391322,-0.74496,1.0,,,,,,,,,,,,,,0,lstm
116,28879,-15.6926,26.0526,118,0,0,1,0,3.6384,1.912,collision,302.7,-0.426636,0.295197,-0.85372,0.624525,5.514217,0.677103,1.095587,5.991848,0.380618,0.380773,-0.671487,1.0,-0.050583,0.026515,1.81342,0.006288,0.092433,0.170563,0.040841,0.100946,0.0001,,,,,0,lstm
117,29037,-2.9556,25.711,158,0,0,1,0,3.6384,2.197,collision,304.3,-0.026699,0.361685,-0.791253,0.737949,5.199095,0.874222,1.068627,5.99135,0.39985,0.387685,-0.458113,1.007409,,,,,,,,,,,,,,0,lstm
118,29206,4.8114,10.5165,169,0,0,1,0,3.525,2.12,collision,306.0,-0.125397,0.387886,-0.773952,0.796199,5.278909,0.797794,2.179191,5.989377,0.396296,0.381639,-0.406309,1.0,,,,,,,,,,,,,,0,lstm
119,29475,13.9327,3.7512,269,0,0,1,0,3.467,2.111,collision,308.7,0.110161,0.389824,-0.770837,0.800889,5.049685,1.047296,0.860056,5.987051,0.395122,0.400752,-0.760452,1.012258,,,,,,,,,,,,,,0,lstm
120,29611,-5.9819,1.1264,136,0,0,1,0,3.5763,2.029,collision,310.4,-0.283476,0.372072,-0.862091,0.627996,5.471755,0.724383,1.365374,5.992005,0.411798,0.390959,-0.471291,1.0,-0.051742,0.02753,1.813181,0.006272,0.100017,0.326231,0.023587,0.149513,0.0001,,,,,0,lstm
121,30843,255.7159,26.9516,1232,0,0,1,0,1.2287,2.1,collision,322.5,0.023727,0.411866,-0.846373,0.861424,5.017453,1.045691,0.485411,5.99374,0.377276,0.404852,-0.973109,1.0,,,,,,,,,,,,,,0,lstm
122,30983,-3.7695,26.4523,140,0,0,1,0,3.6458,2.116,collision,323.9,-0.219849,0.363617,-0.855406,0.640181,5.366214,0.730826,2.162491,5.994464,0.414274,0.392377,-0.283955,1.002406,,,,,,,,,,,,,,0,lstm
123,31130,-4.205,24.6083,147,0,0,1,0,3.6118,2.11,collision,325.4,-0.057425,0.401273,-0.820408,0.82407,5.267923,0.88002,0.55116,5.981514,0.393351,0.378302,-0.410577,1.0,,,,,,,,,,,,,,0,lstm
124,31296,2.8662,26.0134,166,0,0,1,0,3.5825,2.166,collision,327.5,-0.06586,0.377181,-0.782977,0.74799,5.199808,0.823593,1.933233,5.988029,0.388875,0.377492,-0.392801,1.002873,-0.010284,0.017085,1.813011,0.006256,0.111523,0.05828,0.096843,0.105332,0.0001,,,,,0,lstm
125,31440,-2.7932,24.1928,144,0,0,1,0,3.5617,2.115,collision,329.0,-0.214198,0.363756,-0.846076,0.718045,5.408361,0.661372,1.720469,5.994668,0.409435,0.387435,-0.333311,1.0,,,,,,,,,,,,,,0,lstm
126,31577,-6.3937,25.1227,137,0,0,1,0,3.5861,2.069,collision,330.4,-0.272659,0.359456,-0.837276,0.644105,5.463738,0.52118,3.750279,5.988189,0.417432,0.395387,-0.476961,1.0,,,,,,,,,,,,,,0,lstm
127,32101,66.6779,32.0861,524,0,0,1,0,2.7819,2.066,collision,335.7,0.114479,0.410564,-0.846331,0.837358,4.814381,1.213555,0.276135,5.99501,0.36303,0.385626,-0.951918,1.0,,,,,,,,,,,,,,0,lstm
128,32294,-1.9959,31.4053,193,0,0,1,0,3.5928,2.054,collision,338.1,0.079929,0.42257,-0.724388,0.858708,4.805233,1.174816,0.621567,5.980557,0.385831,0.393866,-0.699319,1.001084,-0.026125,0.021643,1.812875,0.00624,0.093127,0.218841,0.021696,0.114467,0.0001,,,,,0,lstm
129,32454,2.9168,30.3038,160,0,0,1,0,3.5519,2.159,collision,339.8,-0.160377,0.355114,-0.81285,0.775045,5.238783,0.804245,1.886821,5.979902,0.401824,0.385241,-0.380341,1.0,,,,,,,,,,,,,,0,lstm
130,33665,302.9918,61.2011,1211,0,0,1,0,1.1344,2.104,collision,351.7,-0.037457,0.407832,-0.877678,0.841008,5.041258,1.074007,0.653041,5.993008,0.369565,0.398887,-0.861894,1.0,,,,,,,,,,,,,,0,lstm
131,33814,-1.5734,35.4722,149,0,0,1,0,3.6443,2.142,collision,353.2,-0.148024,0.377405,-0.826674,0.740643,5.105956,1.015956,1.811414,5.984364,0.40412,0.384631,-0.378273,1.006834,,,,,,,,,,,,,,0,lstm
132,33960,-3.4287,35.5063,146,0,0,1,0,3.6434,2.061,collision,355.2,-0.26684,0.354117,-0.859373,0.802932,5.270771,0.883433,1.344255,5.993256,0.411802,0.38949,-0.392855,1.0,-0.01549,0.015805,1.812837,0.006224,0.099896,0.181951,0.072649,0.146415,0.0001,,,,,0,lstm
133,34116,-0.0427,35.9225,156,0,0,1,0,3.5489,2.176,collision,356.7,0.000381,0.367338,-0.716538,0.812385,5.111394,0.848379,1.426616,5.99014,0.38874,0.381155,-0.337727,1.0,,,,,,,,,,,,,,0,lstm
134,34954,150.4759,50.6835,838,0,0,1,0,2.1796,2.082,collision,364.9,-0.010507,0.422426,-0.861537,0.859728,4.915429,1.115354,0.552386,5.996955,0.391003,0.404927,-0.968746,1.0,,,,,,,,,,,,,,0,lstm
135,35108,0.9846,51.0613,154,0,0,1,0,3.5709,2.097,collision,366.5,-0.158215,0.376098,-0.795003,0.74299,5.120821,1.049536,0.954489,5.988939,0.404478,0.389278,-0.313608,1.0,,,,,,,,,,,,,,0,lstm
136,35642,77.4938,59.45,534,0,0,1,0,2.7459,2.072,collision,372.3,0.131238,0.395653,-0.771536,0.855046,4.679925,1.236186,0.467626,5.983521,0.379079,0.391465,-0.919762,1.0,-0.013855,0.014292,1.812863,0.006207,0.076345,0.193227,0.020143,0.11041,0.0001,,,,,0,lstm
137,35795,-0.8723,52.695,153,0,0,1,0,3.5616,2.128,collision,373.8,-0.091812,0.395072,-0.840092,0.827604,5.066556,1.02029,1.482899,5.985044,0.392975,0.381044,-0.348495,1.0,,,,,,,,,,,,,,0,lstm
138,35939,-2.125,52.6821,144,0,0,1,0,3.5596,2.078,collision,375.3,-0.168072,0.40563,-0.825904,0.739562,5.109781,0.896588,1.493416,5.972715,0.41528,0.394665,-0.28811,1.0,,,,,,,,,,,,,,0,lstm
139,36071,-6.7175,51.7187,132,0,0,1,0,3.6409,2.07,collision,376.7,-0.211227,0.38143,-0.820497,0.827772,5.274238,0.805683,0.380553,5.987916,0.413223,0.387669,-0.315594,1.0,,,,,,,,,,,,,,0,lstm
140,36354,29.9003,24.4095,283,0,0,1,0,3.3415,2.17,collision,379.8,0.057324,0.372183,-0.833171,0.880284,4.856421,1.158953,0.767636,5.987431,0.401895,0.396837,-0.722376,1.008421,-0.063556,0.028878,1.812852,0.006191,0.101457,0.201169,0.054481,0.090761,0.0001,,,,,0,lstm
141,36505,-3.9449,24.1724,151,0,0,1,0,3.6441,2.128,collision,381.3,-0.032579,0.396237,-0.797928,0.822323,5.042697,1.022429,0.813482,5.996876,0.399974,0.386542,-0.398997,1.004554,,,,,,,,,,,,,,0,lstm
142,36654,-4.2901,24.0862,149,0,0,1,0,3.6471,2.003,collision,382.8,-0.321767,0.34127,-0.875399,0.756759,5.196584,1.020548,0.472782,5.987392,0.410923,0.398508,-0.59468,1.0,,,,,,,,,,,,,,0,lstm
143,36808,0.4549,24.136,154,0,0,1,0,3.6009,2.169,collision,384.3,-0.061401,0.371503,-0.831521,0.760424,5.104101,0.926511,1.462714,5.971389,0.396636,0.382291,-0.303782,1.002946,,,,,,,,,,,,,,0,lstm
144,37994,325.5993,41.6483,1186,0,0,1,0,1.0405,2.114,collision,396.6,-0.026171,0.408774,-0.830786,0.863744,5.021788,1.011124,0.650617,5.994736,0.372674,0.396399,-0.804965,1.0,-0.010535,0.016817,1.812644,0.006175,0.098255,0.087637,0.049221,0.075533,0.0001,,,,,0,lstm
145,38144,-0.9605,41.4538,150,0,0,1,0,3.5573,2.109,collision,398.1,-0.127812,0.38793,-0.832625,0.702452,5.085598,0.908259,1.046372,5.997307,0.394192,0.380178,-0.326092,1.0,,,,,,,,,,,,,,0,lstm
146,38304,2.6396,33.9684,160,0,0,1,0,3.5656,2.083,collision,399.6,-0.034736,0.41435,-0.762568,0.860281,5.057617,1.002403,1.756763,5.950974,0.394203,0.383973,-0.291522,1.0,,,,,,,,,,,,,,0,lstm
147,38485,-2.2097,33.8346,181,0,0,1,0,3.6237,2.019,collision,401.5,0.121914,0.427315,-0.815072,0.819944,4.734061,1.215554,0.247992,5.978616,0.387809,0.394389,-0.733457,1.00646,,,,,,,,,,,,,,0,lstm
148,38610,-12.3831,32.8088,125,0,0,1,0,3.6092,1.998,collision,403.3,-0.333216,0.352578,-0.842255,0.567488,5.288411,0.872224,0.977979,5.992775,0.405517,0.391922,-0.654238,1.0,-0.086262,0.03255,1.81246,0.006159,0.101384,0.074357,0.090758,0.103222,0.0001,,,,,0,lstm
149,39804,330.4872,66.5293,1194,0,0,1,0,1.0682,2.111,collision,415.0,-0.012443,0.40238,-0.859379,0.86968,4.913562,1.124332,0.284365,5.99794,0.375094,0.397189,-0.775506,1.0,,,,,,,,,,,,,,0,lstm
150,39951,-2.9454,63.2447,147,0,0,1,0,3.5926,2.124,collision,416.5,0.009903,0.396633,-0.732504,0.852971,4.982851,0.988528,1.272045,5.978932,0.397684,0.386764,-0.385268,1.0,,,,,,,,,,,,,,0,lstm
151,40105,0.7645,63.7157,154,0,0,1,0,3.626,2.125,collision,418.0,-0.069235,0.395457,-0.741324,0.785882,5.049675,0.955209,0.863976,5.954821,0.406543,0.389832,-0.321087,1.005451,,,,,,,,,,,,,,0,lstm
152,40254,-0.1147,64.1332,149,0,0,1,0,3.6311,2.18,collision,420.1,-0.124615,0.350355,-0.787705,0.644573,5.128169,0.878219,1.900654,5.97765,0.408516,0.390049,-0.275774,1.007555,-0.008049,0.016816,1.812404,0.006143,0.105319,0.158966,0.058949,0.092208,0.0001,,,,,0,lstm
153,40412,-4.6169,63.626,158,0,0,1,0,3.6458,2.118,collision,421.7,0.066438,0.396341,-0.754087,0.862224,4.7379,1.172754,0.293934,5.971549,0.398009,0.389394,-0.587857,1.006678,,,,,,,,,,,,,,0,lstm
154,40593,2.7241,31.3385,181,0,0,1,0,3.5783,2.108,collision,423.5,0.049453,0.399819,-0.785691,0.828183,4.772492,1.255371,0.545043,5.977247,0.387542,0.388156,-0.53568,1.003711,,,,,,,,,,,,,,0,lstm
155,40751,-1.8489,31.2497,158,0,0,1,0,3.641,2.121,collision,425.1,0.041572,0.406848,-0.767061,0.816535,4.937538,0.965176,1.477513,5.968828,0.399649,0.389,-0.495909,1.00712,,,,,,,,,,,,,,0,lstm
156,40904,1.0708,31.0928,153,0,0,1,0,3.5592,2.127,collision,427.0,-0.115783,0.374888,-0.831466,0.650215,5.052486,1.076044,0.762219,5.993726,0.401433,0.386362,-0.316002,1.0,-0.072018,0.030007,1.812599,0.006126,0.09673,0.200552,0.07214,0.132752,0.0001,,,,,0,lstm
157,41052,-4.4389,30.8699,148,0,0,1,0,3.5729,2.086,collision,428.5,0.098576,0.409238,-0.739255,0.867516,4.67126,1.226447,0.684372,5.945584,0.390902,0.385071,-0.529042,1.0,,,,,,,,,,,,,,0,lstm
158,41195,-1.863,31.9219,143,0,0,1,0,3.5175,2.18,collision,430.0,-0.141384,0.347216,-0.758122,0.688355,5.201584,0.826817,0.80955,5.983222,0.41281,0.391397,-0.23788,1.0,,,,,,,,,,,,,,0,lstm
159,41328,-7.3264,-1.8595,133,0,0,1,0,3.6495,2.097,collision,431.4,-0.273192,0.332127,-0.855206,0.504812,5.261787,0.879342,2.157989,5.991598,0.416415,0.397703,-0.504407,1.0,,,,,,,,,,,,,,0,lstm
160,41466,-3.9435,-1.9593,138,0,0,1,0,3.5955,2.138,collision,433.1,-0.172698,0.357654,-0.819459,0.79108,5.116464,0.882538,1.710542,5.988996,0.414037,0.391679,-0.281706,1.0,-0.097766,0.034274,1.812884,0.00611,0.102394,0.120133,0.055874,0.079408,0.0001,,,,,0,lstm
161,41601,-6.4497,-2.6807,135,0,0,1,0,3.6462,2.084,collision,434.5,-0.22287,0.372749,-0.819752,0.748602,5.208675,0.914648,1.339285,5.994515,0.413721,0.394571,-0.442656,1.0,,,,,,,,,,,,,,0,lstm
162,41705,-22.5994,-4.9292,104,0,0,1,0,3.7771,2.025,collision,435.5,-0.325468,0.321275,-0.779124,0.704363,5.296615,0.923263,1.523218,5.997187,0.366003,0.387672,-0.652444,1.003258,,,,,,,,,,,,,,0,lstm
163,41880,0.7046,-4.397,175,0,0,1,0,3.5574,2.086,collision,437.3,0.10204,0.38879,-0.746243,0.841628,4.662441,1.28539,0.535829,5.98736,0.385291,0.389672,-0.615882,1.0,,,,,,,,,,,,,,0,lstm
164,42035,-2.984,-4.9678,155,0,0,1,0,3.5838,2.06,collision,439.2,0.118097,0.402354,-0.684967,0.849598,4.797366,1.238452,0.779178,5.964156,0.388474,0.383051,-0.603692,1.0,-0.062533,0.03084,1.813172,0.006094,0.096155,0.217541,0.03975,0.133151,0.0001,,,,,0,lstm
165,42191,0.6018,-4.7228,156,0,0,1,0,3.5444,2.166,collision,440.8,-0.019066,0.383454,-0.798417,0.832263,5.049724,0.976679,1.01221,5.967387,0.387598,0.378152,-0.330512,1.0,,,,,,,,,,,,,,0,lstm
166,42485,-10.6672,-5.8966,294,0,0,1,0,3.6183,1.928,collision,443.6,0.043259,0.501601,-0.850855,0.865918,4.752013,1.221473,0.524609,5.989407,0.384121,0.418113,-0.999986,1.008446,,,,,,,,,,,,,,0,lstm
167,42645,3.0332,-5.1494,160,0,0,1,0,3.5298,2.156,collision,445.2,-0.054427,0.371889,-0.722011,0.755006,4.863368,1.168158,0.939056,5.965712,0.391867,0.382156,-0.293186,1.0,,,,,,,,,,,,,,0,lstm
168,42810,-1.3471,-5.0978,165,0,0,1,0,3.5832,2.098,collision,447.3,0.123903,0.406259,-0.741182,0.855414,4.964582,1.006208,1.101272,5.977867,0.390028,0.38896,-0.656351,1.0,-0.053886,0.025167,1.813458,0.006078,0.097668,0.307967,0.034064,0.205475,0.0001,,,,,0,lstm
169,42961,-6.5273,-5.0179,151,0,0,1,0,3.5831,2.084,collision,448.8,0.090659,0.395362,-0.852898,0.804805,4.599338,1.362053,0.870145,5.981118,0.38315,0.383734,-0.573228,1.0,,,,,,,,,,,,,,0,lstm
170,43132,-2.0929,-4.8328,171,0,0,1,0,3.6462,2.078,collision,450.5,0.095627,0.409856,-0.785671,0.812811,4.942425,1.092698,0.614213,5.977173,0.395927,0.394268,-0.657132,1.010744,,,,,,,,,,,,,,0,lstm
171,43291,-0.9861,-4.2864,159,0,0,1,0,3.6156,2.108,collision,452.1,0.007968,0.399739,-0.83208,0.805875,4.886978,1.162278,0.712761,5.985374,0.394494,0.38644,-0.390225,1.003627,,,,,,,,,,,,,,0,lstm
172,43418,-11.4767,-3.1742,127,0,0,1,0,3.7273,1.967,collision,453.8,-0.359549,0.347595,-0.841392,0.695841,5.37656,0.688308,2.4266,5.984708,0.407412,0.39667,-0.587119,1.005208,-0.065045,0.025122,1.813699,0.006062,0.08315,0.097604,0.012251,0.046874,0.0001,,,,,0,lstm
173,43571,-0.9406,-3.3387,153,0,0,1,0,3.6475,2.056,collision,455.4,-0.209642,0.394771,-0.796678,0.690825,5.150765,0.829278,2.035964,5.990936,0.411144,0.391715,-0.415718,1.00424,,,,,,,,,,,,,,0,lstm
174,44421,155.0571,12.4654,850,0,0,1,0,2.1164,2.073,collision,463.9,0.0756,0.413924,-0.83324,0.849571,4.795916,1.205859,0.328708,5.987109,0.392725,0.40585,-0.98514,1.0,,,,,,,,,,,,,,0,lstm
175,44561,-4.9518,11.9101,140,0,0,1,0,3.5857,2.08,collision,465.3,-0.275698,0.337111,-0.829451,0.655332,5.233297,0.865292,1.352452,5.995768,0.420219,0.397819,-0.533112,1.0,,,,,,,,,,,,,,0,lstm
176,44700,-3.9274,12.584,139,0,0,1,0,3.58,2.161,collision,467.2,-0.122997,0.360455,-0.800222,0.666515,5.180594,0.949287,1.196305,5.98405,0.404997,0.38428,-0.290074,1.0,-0.008676,0.020356,1.813892,0.006045,0.111102,0.132312,0.089833,0.107085,0.0001,,,,,0,lstm
177,45547,160.3408,28.3148,847,0,0,1,0,2.0964,2.067,collision,475.7,0.026037,0.427909,-0.849729,0.870744,4.82248,1.14019,0.158966,5.990399,0.398058,0.407182,-0.963997,1.0,,,,,,,,,,,,,,0,lstm
178,45706,-4.1015,28.0394,159,0,0,1,0,3.6339,2.053,collision,477.4,0.104719,0.415944,-0.784069,0.881187,4.746377,1.259061,0.709298,5.978692,0.39233,0.387835,-0.617415,1.001195,,,,,,,,,,,,,,0,lstm
179,46374,138.8792,42.58,668,0,0,1,0,2.2672,2.077,collision,483.9,0.06721,0.415411,-0.868579,0.828617,4.841751,1.173232,0.290487,5.994426,0.388012,0.394141,-0.824672,1.0,,,,,,,,,,,,,,0,lstm
180,46514,-3.1104,42.4783,140,0,0,1,0,3.5509,2.131,collision,485.9,-0.156483,0.371175,-0.77872,0.774978,5.156259,0.942333,1.524018,5.981494,0.4093,0.387636,-0.269513,1.0,-0.007474,0.012773,1.814113,0.006029,0.098943,0.13998,0.076716,0.117199,0.0001,,,,,0,lstm
181,47363,151.4,57.7169,849,0,0,1,0,2.1398,2.062,collision,494.3,0.067862,0.43516,-0.865815,0.86841,4.862604,1.148494,0.286711,5.986395,0.392026,0.406822,-0.987201,1.0,,,,,,,,,,,,,,0,lstm
182,47538,-2.4467,58.6199,175,0,0,1,0,3.5667,2.107,collision,496.1,0.125094,0.378791,-0.803234,0.80758,4.834976,1.206512,0.433272,5.986892,0.383954,0.386585,-0.665286,1.0,,,,,,,,,,,,,,0,lstm
183,47688,-2.5869,58.4552,150,0,0,1,0,3.6471,2.038,collision,497.6,-0.275569,0.371264,-0.844458,0.675856,5.373857,0.78867,1.25011,5.992754,0.411335,0.391769,-0.51186,1.002845,,,,,,,,,,,,,,0,lstm
184,48905,289.2885,71.8784,1217,0,0,1,0,1.1061,2.099,collision,510.7,0.024436,0.414043,-0.822987,0.823611,4.924042,1.085577,0.35235,5.991528,0.369658,0.398969,-0.947263,1.0,-0.007819,0.010449,1.814227,0.006013,0.066569,0.201475,0.03937,0.116078,0.0001,,,,,0,lstm
185,49199,-10.6422,71.3093,294,0,0,1,0,3.6223,1.931,collision,513.6,0.084373,0.488257,-0.846179,0.873176,4.7416,1.328507,0.38743,5.984458,0.385429,0.416911,-0.999074,1.010688,,,,,,,,,,,,,,0,lstm
186,49354,1.8302,71.8851,155,0,0,1,0,3.5213,2.148,collision,515.2,-0.150771,0.358243,-0.832099,0.662959,5.190231,0.951952,0.935043,5.988268,0.405979,0.387769,-0.33626,1.0,,,,,,,,,,,,,,0,lstm
187,49497,-4.956,55.3554,143,0,0,1,0,3.5798,2.062,collision,516.7,-0.300713,0.333152,-0.86222,0.613604,5.369632,0.79104,1.0929,5.989774,0.422141,0.40098,-0.555324,1.0,,,,,,,,,,,,,,0,lstm
188,50179,146.5715,70.4227,682,0,0,1,0,2.2542,2.115,collision,523.8,-0.003374,0.406754,-0.845972,0.860284,4.95049,1.080502,0.396733,5.991491,0.392415,0.39404,-0.834213,1.0,-0.021581,0.016657,1.814216,0.005997,0.0811,0.159203,0.012668,0.068138,0.0001,,,,,0,lstm
189,50333,-1.0629,56.4285,154,0,0,1,0,3.6422,2.03,collision,525.2,-0.242989,0.371863,-0.772197,0.739342,5.069198,1.112821,0.377965,5.984423,0.414762,0.392179,-0.399078,1.000504,,,,,,,,,,,,,,0,lstm
190,50472,-5.7934,56.1602,139,0,0,1,0,3.5801,1.993,collision,526.5,-0.317313,0.36902,-0.867385,0.671651,5.292984,0.848741,1.550031,5.99069,0.412036,0.390415,-0.48183,1.0,,,,,,,,,,,,,,0,lstm
191,51002,86.2233,49.6425,530,0,0,1,0,2.704,2.079,collision,531.6,0.048243,0.422523,-0.792272,0.852936,4.774075,1.140471,0.68149,5.989664,0.376456,0.387765,-0.944492,1.0,,,,,,,,,,,,,,0,lstm
192,51531,84.1223,58.2994,529,0,0,1,0,2.7238,2.093,collision,537.1,0.077658,0.404198,-0.812807,0.83896,4.831618,1.126197,0.35756,5.992682,0.372938,0.387143,-0.95103,1.0,-0.02456,0.019142,1.814093,0.005981,0.081645,0.096003,0.00945,0.05764,0.0001,,,,,0,lstm
193,51667,-5.9408,57.964,136,0,0,1,0,3.6445,2.045,collision,538.5,-0.265449,0.37408,-0.844196,0.720846,5.180857,0.868507,1.034103,5.990973,0.413997,0.389154,-0.366195,1.0,,,,,,,,,,,,,,0,lstm
194,51960,-6.4646,28.3887,293,0,0,1,0,3.6176,1.908,collision,541.5,0.04738,0.505156,-0.864988,0.87059,4.677301,1.318536,0.314331,5.989802,0.384734,0.415887,-0.997679,1.012719,,,,,,,,,,,,,,0,lstm
195,52109,-2.1378,29.2392,149,0,0,1,0,3.6446,2.092,collision,543.0,-0.187189,0.375601,-0.807485,0.719722,4.813236,1.13418,1.303249,5.969846,0.407386,0.387486,-0.380816,1.003048,,,,,,,,,,,,,,0,lstm
196,52788,143.9224,43.4484,679,0,0,1,0,2.2497,2.112,collision,550.3,-0.012342,0.401891,-0.836823,0.834327,4.894237,1.112241,0.440904,5.991983,0.391751,0.393264,-0.838514,1.0,-0.020182,0.019231,1.814001,0.005964,0.075046,0.255862,0.01406,0.136128,0.0001,,,,,0,lstm
197,53087,-15.163,42.4277,299,0,0,1,0,3.6184,1.933,collision,553.3,0.09854,0.485554,-0.848137,0.880647,4.581457,1.379744,0.55006,5.972395,0.385789,0.420539,-0.999999,1.007522,,,,,,,,,,,,,,0,lstm
198,53237,-1.8915,27.5814,150,0,0,1,0,3.5434,2.114,collision,554.8,-0.098283,0.399607,-0.837422,0.724126,5.084172,0.945889,1.275384,5.974132,0.39692,0.381118,-0.358615,1.0,,,,,,,,,,,,,,0,lstm
199,53369,-9.9062,26.6971,132,0,0,1,0,3.6407,1.934,collision,556.2,-0.388345,0.347811,-0.863234,0.557966,5.524779,0.530427,3.348852,5.987682,0.422775,0.404821,-0.616765,1.0,,,,,,,,,,,,,,0,lstm
200,53517,-2.4575,27.0307,148,0,0,1,0,3.6451,2.059,collision,558.1,-0.215787,0.389061,-0.865031,0.822328,5.075703,1.097329,1.439018,5.984329,0.412085,0.390478,-0.403058,1.000898,-0.069105,0.033996,1.813979,0.005948,0.092644,0.201325,0.087783,0.130743,0.0001,,,,,0,lstm
201,54077,72.0775,25.6161,560,0,0,1,0,2.8933,2.063,collision,563.9,0.126425,0.404904,-0.842563,0.842269,4.681658,1.252577,0.274044,5.98697,0.380657,0.395837,-0.947171,1.000894,,,,,,,,,,,,,,0,lstm
202,54226,-0.1204,17.1918,149,0,0,1,0,3.5141,2.088,collision,565.4,-0.165747,0.388823,-0.803053,0.724922,5.064504,1.108229,0.872035,5.976084,0.411668,0.391848,-0.284232,1.0,,,,,,,,,,,,,,0,lstm
203,54363,-5.2089,17.265,137,0,0,1,0,3.5408,2.107,collision,566.7,-0.259032,0.340379,-0.809769,0.725553,5.233511,0.865885,2.405731,5.965889,0.415991,0.391887,-0.42626,1.0,,,,,,,,,,,,,,0,lstm
204,54889,76.9586,25.6073,526,0,0,1,0,2.7468,2.107,collision,572.8,0.082275,0.403395,-0.857792,0.808776,4.857139,1.056709,1.173415,5.988462,0.368388,0.383754,-0.938763,1.0,-0.029495,0.016064,1.814138,0.005932,0.082287,0.172011,0.013987,0.107523,0.0001,,,,,0,lstm
205,55048,1.0439,25.9255,159,0,0,1,0,3.53,2.087,collision,574.4,-0.18359,0.39221,-0.870188,0.74242,5.13245,0.868529,1.46388,5.983652,0.396701,0.380721,-0.395378,1.0,,,,,,,,,,,,,,0,lstm
206,55590,109.3204,22.4653,542,0,0,1,0,2.6189,2.103,collision,580.0,-0.036081,0.406733,-0.826495,0.850043,4.958011,1.072133,0.791394,5.990446,0.378909,0.381933,-0.831059,1.0,,,,,,,,,,,,,,0,lstm
207,55749,-1.3924,23.8423,159,0,0,1,0,3.6065,2.175,collision,581.7,-0.071814,0.363605,-0.747176,0.793931,4.887358,1.042203,1.848539,5.96884,0.393418,0.383673,-0.436297,1.002022,,,,,,,,,,,,,,0,lstm
208,56282,85.6078,32.5923,533,0,0,1,0,2.7761,2.069,collision,587.7,0.033551,0.421573,-0.82756,0.838393,4.865388,1.182346,0.412543,5.988885,0.383527,0.390145,-0.920068,1.0,-0.033589,0.015698,1.814393,0.005916,0.087609,0.06337,0.021389,0.040528,0.0001,,,,,0,lstm
209,56432,-3.5218,33.2307,150,0,0,1,0,3.6183,2.109,collision,589.2,-0.108498,0.383712,-0.792128,0.838403,4.993961,1.162007,0.484679,5.982413,0.3921,0.378568,-0.430141,1.0,,,,,,,,,,,,,,0,lstm
210,56573,-5.1855,32.9579,141,0,0,1,0,3.6474,2.032,collision,590.7,-0.312047,0.348325,-0.836224,0.637017,5.141544,0.969131,1.606753,5.988863,0.41264,0.391686,-0.511738,1.0,,,,,,,,,,,,,,0,lstm
211,56739,-0.4957,25.7006,166,0,0,1,0,3.6053,2.174,collision,592.4,-0.063456,0.35532,-0.727065,0.748324,4.96919,1.187902,0.571949,5.969714,0.394646,0.386941,-0.476696,1.003821,,,,,,,,,,,,,,0,lstm
212,57014,21.7526,27.8879,275,0,0,1,0,3.3955,2.122,collision,595.7,0.058461,0.390796,-0.735943,0.8111,4.855856,1.049764,0.917593,5.984249,0.384938,0.39037,-0.613828,1.006357,-0.062059,0.033809,1.814649,0.0059,0.094126,0.109956,0.049056,0.058386,0.0001,,,,,0,lstm
213,57169,-0.0054,28.4083,155,0,0,1,0,3.5516,2.07,collision,597.3,-0.269188,0.343267,-0.839289,0.694976,5.278457,0.822669,1.444597,5.989329,0.406345,0.386952,-0.410336,1.0,,,,,,,,,,,,,,0,lstm
214,57302,-8.9768,19.8147,133,0,0,1,0,3.7213,1.979,collision,598.6,-0.34707,0.359923,-0.858802,0.693119,5.360601,0.780686,1.64514,5.994307,0.411119,0.393585,-0.549514,1.007504,,,,,,,,,,,,,,0,lstm
215,57454,-0.7849,19.6318,152,0,0,1,0,3.603,2.062,collision,600.2,-0.254029,0.354323,-0.838037,0.589407,5.122372,0.986492,0.471221,5.993969,0.409148,0.388524,-0.415946,1.0,,,,,,,,,,,,,,0,lstm
216,57593,-5.3563,8.1642,139,0,0,1,0,3.5723,2.02,collision,601.9,-0.303927,0.363838,-0.834899,0.824,5.176088,0.936748,1.231869,5.991111,0.414637,0.393107,-0.459032,1.0,-0.072386,0.037044,1.814785,0.005883,0.095511,0.119096,0.053298,0.084037,0.0001,,,,,0,lstm
217,57758,2.5881,8.5622,165,0,0,1,0,3.5512,2.025,collision,603.6,-0.249854,0.39415,-0.832289,0.696407,5.064898,0.974227,1.456905,5.981898,0.399385,0.383931,-0.454481,1.0,,,,,,,,,,,,,,0,lstm
218,58291,66.0945,6.6109,533,0,0,1,0,2.8226,2.07,collision,608.9,0.040615,0.406822,-0.825411,0.866894,4.655524,1.30722,0.280446,5.988795,0.368095,0.38709,-0.932843,1.0,,,,,,,,,,,,,,0,lstm
219,58447,-1.0132,6.8617,156,0,0,1,0,3.6415,2.026,collision,610.4,-0.313248,0.344059,-0.856053,0.739503,5.238784,0.807308,1.093616,5.986881,0.412593,0.391573,-0.485092,1.0,,,,,,,,,,,,,,0,lstm
220,58708,2.0548,7.5858,261,0,0,1,0,3.463,2.134,collision,613.5,0.10814,0.371343,-0.761195,0.781785,4.667914,1.115703,0.687375,5.961442,0.3734,0.397992,-0.746058,1.0,-0.022606,0.024503,1.814775,0.005867,0.101854,0.091897,0.04358,0.050637,0.0001,,,,,0,lstm
221,58873,1.2446,7.7598,165,0,0,1,0,3.6465,2.072,collision,615.1,-0.154631,0.385659,-0.849547,0.72582,4.991055,1.147334,0.302628,5.991323,0.395683,0.382223,-0.423492,1.009915,,,,,,,,,,,,,,0,lstm
222,59135,14.6709,7.0516,262,0,0,1,0,3.4277,2.188,collision,617.8,-0.015146,0.362899,-0.764589,0.821727,4.897386,0.989671,1.114353,5.977546,0.380585,0.390973,-0.642371,1.004307,,,,,,,,,,,,,,0,lstm
223,59658,53.8597,12.4381,523,0,0,1,0,2.8529,2.055,collision,623.1,0.051977,0.4122,-0.82008,0.871857,4.624524,1.331308,0.239209,5.972882,0.355819,0.383698,-0.982518,1.0,,,,,,,,,,,,,,0,lstm
224,60203,72.986,20.6344,545,0,0,1,0,2.8721,2.076,collision,629.4,0.007311,0.420587,-0.833936,0.868445,4.782452,1.195707,0.180202,5.98406,0.372698,0.386563,-0.910324,1.0,-0.015734,0.019432,1.814799,0.005851,0.092486,0.092429,0.058269,0.077724,0.0001,,,,,0,lstm
225,60378,3.0328,21.0162,175,0,0,1,0,3.6089,2.136,collision,631.2,-0.135987,0.38326,-0.774994,0.703102,5.038203,0.953593,1.507846,5.992435,0.383433,0.374755,-0.527234,1.007033,,,,,,,,,,,,,,0,lstm
226,60914,66.8699,28.2388,536,0,0,1,0,2.8527,2.087,collision,636.7,-0.015729,0.416461,-0.815992,0.842555,4.856869,1.148326,0.355079,5.98237,0.375236,0.389889,-0.923872,1.0,,,,,,,,,,,,,,0,lstm
227,61082,2.5191,28.2319,168,0,0,1,0,3.6472,2.056,collision,638.5,-0.234864,0.383725,-0.868773,0.710501,5.179039,0.947621,0.771141,5.982278,0.41004,0.394195,-0.473322,1.00929,,,,,,,,,,,,,,0,lstm
228,61237,-3.708,21.2517,155,0,0,1,0,3.6144,2.168,collision,640.6,-0.0915,0.369522,-0.83019,0.677874,4.977212,0.951617,2.161897,5.966674,0.393483,0.383356,-0.481432,1.0,-0.025012,0.020355,1.814838,0.005835,0.08662,0.246623,0.028944,0.119851,0.0001,,,,,0,lstm
229,61758,42.7235,25.6253,521,0,0,1,0,2.863,2.068,collision,645.6,0.094402,0.41814,-0.871123,0.853643,4.619283,1.245078,0.207704,5.983628,0.345398,0.383397,-0.990875,1.0,,,,,,,,,,,,,,0,lstm
230,61910,-2.3732,25.1825,152,0,0,1,0,3.6459,2.022,collision,647.2,-0.297797,0.363624,-0.855632,0.659836,5.244907,0.833277,1.322703,5.989154,0.412853,0.391461,-0.4815,1.0,,,,,,,,,,,,,,0,lstm
231,62066,-1.4961,24.9085,156,0,0,1,0,3.6349,2.029,collision,648.8,-0.239856,0.377119,-0.83276,0.767443,5.033003,1.123426,0.98142,5.989979,0.40286,0.387171,-0.467548,1.0,,,,,,,,,,,,,,0,lstm
232,62234,2.6447,23.7058,168,0,0,1,0,3.6486,2.048,collision,650.9,-0.295143,0.338232,-0.835463,0.585348,5.164053,0.979214,1.41229,5.989314,0.407939,0.391174,-0.483135,1.00744,-0.018861,0.021192,1.814903,0.005819,0.080038,0.191218,0.011018,0.117515,0.0001,,,,,0,lstm
233,62675,-24.9351,15.8264,441,0,0,1,0,3.5163,1.993,collision,655.3,0.038209,0.459759,-0.857175,0.825338,4.725697,1.270646,0.384568,5.990448,0.388178,0.432238,-1.0,1.0,,,,,,,,,,,,,,0,lstm
234,62942,13.2198,9.8497,267,0,0,1,0,3.3565,2.183,collision,658.0,0.010023,0.372491,-0.718212,0.781515,4.894136,0.970043,1.40981,5.979589,0.372241,0.389208,-0.644328,1.0,,,,,,,,,,,,,,0,lstm
235,63082,-9.7932,8.5671,140,0,0,1,0,3.7577,1.85,collision,659.5,-0.476312,0.278137,-0.888526,0.371477,5.188566,1.083204,1.144716,5.977287,0.409509,0.399421,-0.697722,1.012002,,,,,,,,,,,,,,0,lstm
236,63244,-1.0841,1.7717,162,0,0,1,0,3.648,2.089,collision,661.6,-0.22935,0.361584,-0.83921,0.680851,4.994022,0.983649,0.504084,5.976167,0.404286,0.388218,-0.533042,1.002655,-0.029984,0.021476,1.81492,0.005802,0.071761,0.362765,0.027635,0.210481,0.0001,,,,,0,lstm
237,63506,4.8764,2.0075,262,0,0,1,0,3.4623,2.128,collision,664.1,0.070552,0.384428,-0.773177,0.806401,4.811171,1.120885,0.129204,5.988565,0.381707,0.401242,-0.736517,1.0,,,,,,,,,,,,,,0,lstm
238,63767,14.4547,3.8237,261,0,0,1,0,3.3755,2.158,collision,666.7,0.008334,0.368642,-0.820205,0.796053,4.897489,1.058473,0.64091,5.976106,0.369177,0.388676,-0.62787,1.0,,,,,,,,,,,,,,0,lstm
239,63914,-3.3034,-0.779,147,0,0,1,0,3.6446,2.024,collision,668.2,-0.327908,0.335119,-0.875849,0.810024,5.161511,0.989656,1.218074,5.984869,0.411988,0.389704,-0.471484,1.0,,,,,,,,,,,,,,0,lstm
240,64446,65.573,6.0157,532,0,0,1,0,2.8253,2.117,collision,674.1,0.034994,0.404215,-0.822978,0.866245,4.857035,1.093378,0.899669,5.991721,0.37377,0.390569,-0.970748,1.0,-0.022967,0.022894,1.814971,0.005786,0.078567,0.152934,0.011838,0.089957,0.0001,,,,,0,lstm
241,64616,-2.0431,5.961,170,0,0,1,0,3.649,2.137,collision,676.0,-0.091512,0.373679,-0.798115,0.82889,4.961703,1.101863,0.672218,5.970603,0.396689,0.390345,-0.545995,1.007689,,,,,,,,,,,,,,0,lstm
242,64766,-1.5082,5.5457,150,0,0,1,0,3.5582,2.072,collision,677.5,-0.248829,0.363843,-0.810515,0.716859,5.266447,0.801033,1.408041,5.988924,0.406535,0.387159,-0.378243,1.0,,,,,,,,,,,,,,0,lstm
243,64914,-3.0116,7.738,148,0,0,1,0,3.567,2.016,collision,679.0,-0.306086,0.360496,-0.860115,0.712216,5.109538,1.012911,1.260746,5.992039,0.406229,0.387043,-0.485256,1.0,,,,,,,,,,,,,,0,lstm
244,65175,8.0939,7.2254,261,0,0,1,0,3.4708,2.148,collision,682.1,0.104704,0.373505,-0.83971,0.837297,4.854136,1.097117,0.717719,5.991435,0.383956,0.400812,-0.715331,1.005705,-0.059842,0.033299,1.815033,0.00577,0.087974,0.145101,0.054862,0.070017,0.0001,,,,,0,lstm
245,65342,0.7415,8.2789,167,0,0,1,0,3.535,2.141,collision,683.7,-0.034012,0.385141,-0.79652,0.814154,4.970352,1.027244,1.483863,5.980225,0.382408,0.377692,-0.404055,1.0,,,,,,,,,,,,,,0,lstm
246,65503,0.4374,8.4311,161,0,0,1,0,3.6256,2.08,collision,685.4,-0.18593,0.379189,-0.802514,0.767561,4.97211,1.040495,0.738806,5.988627,0.397861,0.383199,-0.485119,1.001775,,,,,,,,,,,,,,0,lstm
247,65662,0.0346,7.9469,159,0,0,1,0,3.645,2.125,collision,687.0,-0.18411,0.359097,-0.817298,0.612865,5.012584,1.065581,1.066801,5.986366,0.401579,0.385567,-0.457721,1.008401,,,,,,,,,,,,,,0,lstm
248,66502,151.5408,21.6555,840,0,0,1,0,2.1341,2.099,collision,696.0,-0.029563,0.414925,-0.852335,0.834646,4.909167,1.07207,0.4488,5.992951,0.389781,0.403449,-0.939422,1.0,-0.027331,0.018977,1.814894,0.005754,0.087108,0.073635,0.02184,0.053678,0.0001,,,,,0,lstm
249,67026,69.9079,28.9766,524,0,0,1,0,2.802,2.063,collision,701.2,0.059695,0.424842,-0.828609,0.884847,4.906986,1.131632,0.231752,5.994231,0.366838,0.385469,-0.966805,1.0,,,,,,,,,,,,,,0,lstm
250,67165,-5.8811,21.8312,139,0,0,1,0,3.6186,2.009,collision,702.6,-0.314572,0.361213,-0.839439,0.715802,5.232413,0.81529,1.863692,5.992509,0.413849,0.390857,-0.516933,1.0,,,,,,,,,,,,,,0,lstm
251,67693,62.9143,28.327,528,0,0,1,0,2.7969,2.097,collision,707.8,0.07997,0.404643,-0.814844,0.870655,4.848992,1.139628,0.560978,5.991685,0.366994,0.387596,-0.973351,1.0,,,,,,,,,,,,,,0,lstm
252,67958,16.8988,30.1677,265,0,0,1,0,3.434,2.175,collision,711.5,0.05054,0.367623,-0.795238,0.822977,4.933881,1.041269,1.056867,5.990156,0.387774,0.393926,-0.674886,1.010808,-0.015498,0.015458,1.814694,0.005738,0.078957,0.222631,0.013381,0.126345,0.0001,,,,,0,lstm
253,68691,58.4833,36.3171,733,0,0,1,0,2.7536,2.091,collision,718.9,0.103663,0.39574,-0.85833,0.876761,4.747407,1.201408,0.289922,5.988469,0.385554,0.413149,-0.999825,1.0,,,,,,,,,,,,,,0,lstm
254,69218,64.2339,41.9311,527,0,0,1,0,2.8308,2.098,collision,724.1,0.038103,0.417512,-0.855479,0.832977,4.925911,1.031199,0.987211,5.989862,0.367876,0.385827,-0.976187,1.0,,,,,,,,,,,,,,0,lstm
255,69739,76.7791,49.5349,521,0,0,1,0,2.7681,2.078,collision,729.4,-0.001138,0.423454,-0.789237,0.844684,4.946338,1.087892,0.681532,5.978845,0.366996,0.383928,-0.919069,1.0,,,,,,,,,,,,,,0,lstm
256,69878,-8.4287,48.6483,139,0,0,1,0,3.641,1.943,collision,731.7,-0.40449,0.306239,-0.861525,0.693792,5.224224,0.99026,1.330228,5.996748,0.425438,0.406672,-0.674136,1.0,-0.010124,0.011814,1.814485,0.005721,0.071566,0.109467,0.019624,0.057246,0.0001,,,,,0,lstm
257,70408,55.0276,54.1476,530,0,0,1,0,2.8746,2.104,collision,736.9,0.027698,0.413719,-0.803999,0.842364,4.952707,1.051751,0.647274,5.990833,0.364336,0.388788,-0.970484,1.0,,,,,,,,,,,,,,0,lstm
258,70946,108.3105,49.8246,538,0,0,1,0,2.6097,2.126,collision,742.3,-0.063737,0.383684,-0.844602,0.780786,4.999433,1.067041,0.574694,5.992786,0.3741,0.380611,-0.688404,1.0,,,,,,,,,,,,,,0,lstm
259,71476,63.214,49.1552,530,0,0,1,0,2.8047,2.12,collision,747.5,0.079308,0.394433,-0.820989,0.858391,4.894127,1.120519,0.522182,5.990442,0.369012,0.387634,-0.969683,1.0,,,,,,,,,,,,,,0,lstm
260,72009,76.9517,57.4385,533,0,0,1,0,2.8132,2.101,collision,753.7,0.003325,0.41206,-0.791408,0.824705,4.907475,1.11124,0.214638,5.987081,0.37998,0.388946,-0.9172,1.0,-0.017246,0.015543,1.814415,0.005705,0.064311,0.279343,0.031704,0.138349,0.0001,,,,,0,lstm
261,72138,-12.4619,49.9008,129,0,0,1,0,3.6469,1.982,collision,755.0,-0.388306,0.312154,-0.882853,0.495489,5.344001,0.813174,1.935219,5.985569,0.393721,0.387692,-0.658822,1.0,,,,,,,,,,,,,,0,lstm
262,72669,46.6664,52.8776,531,0,0,1,0,2.8575,2.098,collision,760.3,0.08574,0.400064,-0.776665,0.836931,4.867314,1.057294,0.796371,5.988766,0.360031,0.388528,-0.969646,1.0,,,,,,,,,,,,,,0,lstm
263,72808,-7.8921,46.24,139,0,0,1,0,3.72,1.972,collision,761.8,-0.394277,0.298381,-0.87221,0.540133,5.244765,0.888306,2.368201,5.981386,0.404353,0.393733,-0.593971,1.00585,,,,,,,,,,,,,,0,lstm
264,72974,-0.8654,39.7301,166,0,0,1,0,3.6467,2.14,collision,763.9,-0.110219,0.382977,-0.801222,0.764076,5.031885,0.92347,1.751116,5.991826,0.395979,0.384971,-0.509214,1.010687,-0.033736,0.02878,1.814774,0.005689,0.094717,0.208813,0.059738,0.143226,0.0001,,,,,0,lstm
265,73243,13.103,33.3625,269,0,0,1,0,3.3962,2.148,collision,766.6,0.055363,0.368519,-0.755508,0.776978,4.809299,1.180747,0.565807,5.972309,0.380108,0.392903,-0.692968,1.0,,,,,,,,,,,,,,0,lstm
266,73761,62.5313,40.4585,518,0,0,1,0,2.8461,2.084,collision,771.7,0.013768,0.415538,-0.814997,0.853598,4.89002,1.138977,0.522749,5.985408,0.362016,0.386705,-0.976091,1.0,,,,,,,,,,,,,,0,lstm
267,73899,-7.695,34.1863,138,0,0,1,0,3.6868,2.023,collision,773.0,-0.339943,0.330224,-0.836722,0.733549,5.117815,1.025941,1.498309,5.983693,0.423183,0.406562,-0.623949,1.004559,,,,,,,,,,,,,,0,lstm
268,74424,87.6525,32.1205,525,0,0,1,0,2.6765,2.143,collision,778.9,0.030432,0.391906,-0.848258,0.827889,5.017298,0.988649,0.79447,5.993429,0.364605,0.381357,-0.848425,1.0,-0.013063,0.016033,1.815054,0.005673,0.077721,0.219419,0.008123,0.099604,0.0001,,,,,0,lstm
269,74565,-3.9514,25.4039,141,0,0,1,0,3.5882,2.113,collision,780.3,-0.221089,0.360637,-0.883037,0.717894,5.148028,0.868309,1.758245,5.973876,0.41083,0.387618,-0.322202,1.0,,,,,,,,,,,,,,0,lstm
270,74713,-1.9487,17.5139,148,0,0,1,0,3.6417,2.177,collision,781.9,-0.144711,0.348646,-0.787865,0.637907,5.075557,0.953456,1.844137,5.967737,0.40431,0.385788,-0.332438,1.007095,,,,,,,,,,,,,,0,lstm
271,74966,-1.7966,18.5804,253,0,0,1,0,3.5268,2.115,collision,784.3,0.135156,0.377044,-0.754809,0.851929,4.847456,1.127447,0.576475,5.987866,0.375967,0.406094,-0.777991,1.004077,,,,,,,,,,,,,,0,lstm
272,75237,21.8369,16.0975,271,0,0,1,0,3.3697,2.165,collision,787.3,-0.01995,0.372151,-0.776207,0.822023,4.902536,1.050657,1.521243,5.978967,0.383051,0.388865,-0.592493,1.00029,-0.045064,0.028602,1.815199,0.005657,0.096916,0.112492,0.043542,0.065354,0.0001,,,,,0,lstm
273,75766,62.6225,23.1489,529,0,0,1,0,2.8123,2.106,collision,792.6,0.069718,0.404215,-0.806465,0.860777,4.801818,1.161148,0.57204,5.990386,0.367716,0.387692,-0.973775,1.0,,,,,,,,,,,,,,0,lstm
274,76296,64.0306,29.6385,530,0,0,1,0,2.7982,2.131,collision,798.0,0.058609,0.384477,-0.804032,0.805173,4.938659,1.081355,0.552222,5.98937,0.368936,0.387439,-0.978214,1.0,,,,,,,,,,,,,,0,lstm
275,76449,-1.2802,28.2002,153,0,0,1,0,3.6446,2.019,collision,799.5,-0.29166,0.370093,-0.839691,0.628483,5.103308,0.896335,2.438807,5.993744,0.411196,0.389812,-0.464056,1.0,,,,,,,,,,,,,,0,lstm
276,76970,58.276,27.7747,521,0,0,1,0,2.8395,2.098,collision,805.4,0.082035,0.403612,-0.829807,0.878981,4.836697,1.140625,0.270242,5.990627,0.360164,0.386732,-0.970853,1.0,-0.012073,0.017682,1.815301,0.00564,0.079506,0.184707,0.032225,0.116764,0.0001,,,,,0,lstm
277,77115,-4.3573,28.1084,145,0,0,1,0,3.6433,2.03,collision,806.8,-0.292283,0.35968,-0.857048,0.592053,5.371421,0.749468,1.209816,5.992167,0.413696,0.391931,-0.500053,1.0,,,,,,,,,,,,,,0,lstm
278,77648,66.7321,26.0164,533,0,0,1,0,2.7906,2.085,collision,811.9,0.10194,0.397865,-0.829864,0.831194,4.897616,1.119118,0.553959,5.991264,0.369556,0.390076,-0.923597,1.0,,,,,,,,,,,,,,0,lstm
279,77789,-3.6517,26.0464,141,0,0,1,0,3.6009,2.082,collision,813.4,-0.236843,0.355655,-0.839289,0.566021,5.276834,0.978616,0.833694,5.993637,0.413276,0.389869,-0.324538,1.0,,,,,,,,,,,,,,0,lstm
280,78324,107.2853,36.9698,535,0,0,1,0,2.6297,2.095,collision,819.2,-0.048444,0.407379,-0.829171,0.847206,5.020726,1.071609,0.842674,5.99915,0.375561,0.381755,-0.78572,1.0,-0.014665,0.02144,1.815336,0.005624,0.081685,0.124244,0.012317,0.058073,0.0001,,,,,0,lstm
281,78856,91.9588,46.3453,532,0,0,1,0,2.7169,2.112,collision,824.5,0.010056,0.405092,-0.855671,0.863563,4.963953,1.057746,0.87359,5.988262,0.380121,0.387415,-0.939855,1.0,,,,,,,,,,,,,,0,lstm
282,79020,-2.7423,43.8874,164,0,0,1,0,3.6479,2.083,collision,826.2,-0.024374,0.414915,-0.865737,0.855244,4.925038,1.190671,0.591592,5.987932,0.398799,0.390419,-0.474556,1.007287,,,,,,,,,,,,,,0,lstm
283,79167,-1.0008,37.5251,147,0,0,1,0,3.5611,2.157,collision,827.7,-0.130983,0.362864,-0.761609,0.726613,5.14664,0.929331,1.979062,5.989444,0.398454,0.38247,-0.272693,1.0,,,,,,,,,,,,,,0,lstm
284,79327,1.1941,31.2414,160,0,0,1,0,3.6407,2.13,collision,829.8,-0.167735,0.357814,-0.840576,0.778814,5.110545,0.951851,1.201388,5.984265,0.401234,0.385482,-0.393455,1.009155,-0.047668,0.0288,1.815336,0.005608,0.086789,0.278884,0.026453,0.16232,0.0001,,,,,0,lstm
285,79463,-7.0215,30.6673,136,0,0,1,0,3.6423,2.036,collision,831.2,-0.253652,0.395289,-0.877116,0.621876,5.155285,0.907724,1.87121,5.986652,0.415949,0.394616,-0.496012,1.0,,,,,,,,,,,,,,0,lstm
286,79599,-9.2209,23.9176,136,0,0,1,0,3.5846,1.976,collision,832.6,-0.331318,0.366123,-0.869839,0.764879,5.305036,0.811983,1.543356,5.987063,0.41398,0.396243,-0.665109,1.0,,,,,,,,,,,,,,0,lstm
287,79875,23.1,26.6633,276,0,0,1,0,3.4159,2.11,collision,835.3,0.058634,0.403944,-0.808945,0.841806,4.924458,1.125382,1.005893,5.982008,0.396568,0.39934,-0.742386,1.01018,,,,,,,,,,,,,,0,lstm
288,80034,2.184,20.2085,159,0,0,1,0,3.5561,2.121,collision,837.3,-0.202134,0.355304,-0.826312,0.680375,5.117921,0.950406,1.17918,5.994328,0.402394,0.387936,-0.345359,1.0,-0.055112,0.037536,1.815298,0.005592,0.097977,0.135917,0.064703,0.084524,0.0001,,,,,0,lstm
289,80195,1.1873,20.6924,161,0,0,1,0,3.5478,2.112,collision,839.0,0.041868,0.399372,-0.846347,0.759678,5.088852,0.964031,1.098444,5.977427,0.386506,0.383203,-0.343996,1.0,,,,,,,,,,,,,,0,lstm
290,80344,-1.7491,9.789,149,0,0,1,0,3.5986,2.145,collision,840.5,-0.060916,0.383141,-0.772546,0.794678,5.081588,1.067848,0.939383,5.971045,0.391534,0.378327,-0.315797,1.0,,,,,,,,,,,,,,0,lstm
291,80477,-6.7426,-0.0812,133,0,0,1,0,3.6447,2.062,collision,841.9,-0.28902,0.33156,-0.82426,0.655343,5.27084,0.818422,1.503005,5.983075,0.414228,0.391261,-0.39964,1.0,,,,,,,,,,,,,,0,lstm
292,80606,-8.0384,-0.6108,129,0,0,1,0,3.6002,2.077,collision,843.5,-0.268761,0.347613,-0.842165,0.600683,5.223718,0.80574,2.19844,5.991309,0.417792,0.393514,-0.421538,1.0,-0.11503,0.055487,1.815252,0.005576,0.104105,0.528311,0.050162,0.343651,0.0001,,,,,0,lstm
293,80869,15.6483,1.0541,263,0,0,1,0,3.4115,2.136,collision,846.1,0.09997,0.378736,-0.789716,0.835153,4.797145,1.132603,0.685613,5.979712,0.381281,0.392079,-0.745122,1.001358,,,,,,,,,,,,,,0,lstm
294,81012,-3.1189,0.6228,143,0,0,1,0,3.6014,2.111,collision,847.6,-0.117336,0.375106,-0.798291,0.802328,5.014468,1.073457,0.944335,5.981791,0.4033,0.383093,-0.367803,1.0,,,,,,,,,,,,,,0,lstm
295,81697,138.3119,15.1562,685,0,0,1,0,2.2532,2.106,collision,854.4,0.005372,0.413571,-0.868609,0.856302,5.032273,1.027597,0.679329,5.998081,0.387316,0.395324,-0.880387,1.0,,,,,,,,,,,,,,0,lstm
296,82222,68.2199,22.9002,525,0,0,1,0,2.7722,2.053,collision,860.0,0.116718,0.413163,-0.838124,0.879972,4.812173,1.24074,0.386441,5.989945,0.359039,0.384346,-0.968378,1.0,-0.003171,0.017615,1.815387,0.005559,0.109942,0.164393,0.085157,0.129068,0.0001,,,,,0,lstm
297,82391,-0.6196,20.5283,169,0,0,1,0,3.5503,2.144,collision,861.8,-0.015486,0.392927,-0.783148,0.810087,5.032756,0.976512,1.389412,5.991255,0.384952,0.383391,-0.47629,1.0,,,,,,,,,,,,,,0,lstm
298,83232,152.2515,35.535,841,0,0,1,0,2.163,2.066,collision,870.2,-0.03272,0.432851,-0.863143,0.856741,4.970132,1.07487,0.218347,5.993747,0.393263,0.405396,-0.974726,1.0,,,,,,,,,,,,,,0,lstm
299,83753,64.6163,41.8779,521,0,0,1,0,2.7511,2.098,collision,875.5,0.14902,0.388411,-0.793645,0.833636,4.78954,1.130013,0.324708,5.991988,0.360931,0.39046,-0.967659,1.0,,,,,,,,,,,,,,0,lstm
300,83910,0.6276,42.1156,157,0,0,1,0,3.5483,2.082,collision,877.6,-0.232071,0.364599,-0.816618,0.678345,5.285021,0.871705,1.652203,5.981912,0.406013,0.387718,-0.415694,1.0,-0.006,0.017254,1.8154,0.005543,0.094646,0.161384,0.070026,0.103855,0.0001,,,,,0,lstm
301,84165,6.1966,43.4095,255,0,0,1,0,3.4161,2.173,collision,880.2,0.103866,0.35627,-0.750819,0.866225,4.846599,1.065228,0.819637,5.983977,0.372226,0.397194,-0.747838,1.0,,,,,,,,,,,,,,0,lstm
302,84695,105.2479,54.7381,530,0,0,1,0,2.6355,2.138,collision,885.7,-0.05165,0.385702,-0.848975,0.805243,4.99436,1.063213,0.368856,5.981212,0.374007,0.380879,-0.70308,1.0,,,,,,,,,,,,,,0,lstm
303,85623,161.0728,69.2806,928,0,0,1,0,2.3838,2.082,collision,894.8,0.014122,0.424816,-0.875569,0.839756,4.923234,1.111482,0.624146,5.996454,0.385177,0.410648,-0.956095,1.0,,,,,,,,,,,,,,0,lstm
304,85769,-3.5025,69.2422,146,0,0,1,0,3.6019,2.049,collision,897.1,-0.227048,0.379504,-0.797431,0.676563,5.203814,0.862717,1.031242,5.995682,0.412836,0.392717,-0.432805,1.0,-0.014752,0.015471,1.815393,0.005527,0.081718,0.189466,0.048591,0.1036,0.0001,,,,,0,lstm
305,85930,-2.9012,55.1209,161,0,0,1,0,3.6337,2.126,collision,898.8,-0.069625,0.39283,-0.772656,0.805115,5.118154,1.013374,1.567542,5.958153,0.394659,0.385079,-0.497514,1.002933,,,,,,,,,,,,,,0,lstm
306,86483,67.8344,55.0824,553,0,0,1,0,2.8908,2.103,collision,904.5,0.104517,0.398199,-0.826785,0.845362,4.952785,1.040319,0.532823,5.989389,0.384019,0.397486,-0.936664,1.0,,,,,,,,,,,,,,0,lstm
307,86659,4.4369,55.588,176,0,0,1,0,3.6089,2.105,collision,906.3,-0.186379,0.36578,-0.790961,0.73329,5.007463,1.076455,1.084542,5.990231,0.39631,0.384779,-0.536531,1.006606,,,,,,,,,,,,,,0,lstm
308,87196,104.9717,50.86,537,0,0,1,0,2.6283,2.102,collision,912.4,-0.032386,0.413982,-0.83506,0.840327,5.010975,1.031799,1.013091,5.991506,0.375171,0.381851,-0.850077,1.0,-0.021656,0.018014,1.815578,0.005511,0.076979,0.136906,0.015036,0.056703,0.0001,,,,,0,lstm
309,87353,0.1545,44.4139,157,0,0,1,0,3.6401,2.138,collision,913.9,-0.172766,0.361229,-0.81612,0.68168,5.296129,0.760945,1.001501,5.980623,0.400974,0.384673,-0.388091,1.008074,,,,,,,,,,,,,,0,lstm
310,87522,2.7214,44.6232,169,0,0,1,0,3.5576,2.161,collision,915.6,-0.041358,0.375042,-0.768174,0.733245,5.149838,0.91196,1.120071,5.98553,0.389199,0.3819,-0.393299,1.0,,,,,,,,,,,,,,0,lstm
311,87662,-4.7741,43.5262,140,0,0,1,0,3.6357,2.105,collision,917.0,-0.231212,0.355325,-0.849447,0.554316,5.139345,0.972372,1.718445,5.981062,0.41219,0.388293,-0.382807,1.0,,,,,,,,,,,,,,0,lstm
312,87933,20.5274,35.0541,271,0,0,1,0,3.4038,2.135,collision,920.1,0.058164,0.375126,-0.738762,0.83483,4.871087,1.225192,0.857944,5.987028,0.393372,0.396016,-0.740825,1.00713,-0.052882,0.028563,1.815881,0.005495,0.089049,0.164538,0.051641,0.094524,0.0001,,,,,0,lstm
313,88096,1.6439,19.1112,163,0,0,1,0,3.6138,2.137,collision,921.8,-0.104135,0.388359,-0.853953,0.730869,5.170188,0.896508,1.681976,5.993594,0.395828,0.38198,-0.414889,1.006241,,,,,,,,,,,,,,0,lstm
314,88235,-4.1351,19.048,139,0,0,1,0,3.5711,2.07,collision,923.3,-0.213872,0.388058,-0.8098,0.652427,5.209997,0.789891,2.761927,5.980414,0.412388,0.389374,-0.313567,1.0,,,,,,,,,,,,,,0,lstm
315,88792,72.5781,26.5959,557,0,0,1,0,2.8891,2.042,collision,929.0,0.157661,0.418486,-0.853754,0.891004,4.835882,1.143109,0.482949,5.994041,0.380904,0.396113,-0.947209,1.0,,,,,,,,,,,,,,0,lstm
316,88937,-2.5034,19.5621,145,0,0,1,0,3.5433,2.1,collision,930.9,-0.194872,0.372269,-0.867966,0.710848,5.113055,0.97508,0.550383,5.988248,0.413525,0.393218,-0.329082,1.0,-0.051195,0.026599,1.816213,0.005478,0.087501,0.225546,0.006549,0.116821,0.0001,,,,,0,lstm
317,89084,-2.6222,18.8562,147,0,0,1,0,3.6413,2.038,collision,932.3,-0.237324,0.375123,-0.844125,0.685225,4.896929,1.139432,0.655241,5.982737,0.411071,0.389646,-0.35366,1.0,,,,,,,,,,,,,,0,lstm
318,89765,149.154,23.2745,681,0,0,1,0,2.2335,2.113,collision,939.4,-0.043824,0.401543,-0.851072,0.82133,4.902501,1.105331,0.295952,5.987277,0.38895,0.392245,-0.81936,1.0,,,,,,,,,,,,,,0,lstm
319,89918,-2.29,23.03,153,0,0,1,0,3.6392,2.136,collision,941.0,-0.095719,0.371903,-0.777715,0.679937,4.874119,1.076992,0.968439,5.975588,0.402959,0.386367,-0.440703,1.003238,,,,,,,,,,,,,,0,lstm
320,90456,102.0331,32.9612,538,0,0,1,0,2.6462,2.089,collision,946.9,-0.001183,0.418294,-0.820813,0.88223,4.849865,1.131285,1.106392,5.978212,0.380146,0.384391,-0.901152,1.0,-0.014277,0.017882,1.816478,0.005462,0.082088,0.102417,0.025924,0.064952,0.0001,,,,,0,lstm
321,91138,143.9486,47.8334,682,0,0,1,0,2.2453,2.096,collision,953.8,0.020003,0.417061,-0.852756,0.881874,4.905965,1.055215,0.812788,5.984903,0.387392,0.393687,-0.805409,1.0,,,,,,,,,,,,,,0,lstm
322,91275,-5.7095,45.2097,137,0,0,1,0,3.548,2.087,collision,955.2,-0.266372,0.338937,-0.859952,0.753015,5.120051,0.933295,1.178449,5.986002,0.413896,0.390047,-0.450529,1.0,,,,,,,,,,,,,,0,lstm
323,91406,-9.1065,44.1347,131,0,0,1,0,3.5935,1.975,collision,956.6,-0.328912,0.368972,-0.858418,0.692747,5.16695,0.974893,0.736209,5.973989,0.423369,0.402063,-0.534079,1.0,,,,,,,,,,,,,,0,lstm
324,91542,-5.8882,43.9594,136,0,0,1,0,3.6021,2.068,collision,958.5,-0.257113,0.367542,-0.857324,0.568035,5.196853,0.888474,2.061579,5.982846,0.413791,0.390936,-0.419517,1.0,-0.018431,0.024537,1.816719,0.005446,0.087779,0.173283,0.012982,0.109175,0.0001,,,,,0,lstm
325,92077,86.5401,45.3556,535,0,0,1,0,2.6885,2.083,collision,963.9,0.096522,0.415429,-0.837876,0.866466,4.871954,1.098682,0.076015,5.989808,0.377208,0.38935,-0.918373,1.0,,,,,,,,,,,,,,0,lstm
326,92241,-7.173,44.8886,164,0,0,1,0,3.64,2.122,collision,965.6,0.073678,0.38746,-0.73781,0.822351,4.790407,1.197757,0.802206,5.979389,0.386618,0.387973,-0.619686,1.000892,,,,,,,,,,,,,,0,lstm
327,92413,5.5005,45.7009,172,0,0,1,0,3.5503,2.126,collision,967.4,-0.093256,0.395748,-0.867126,0.813871,5.032393,1.003189,1.337828,5.990849,0.393285,0.383302,-0.39573,1.0,,,,,,,,,,,,,,0,lstm
328,92546,-6.6649,30.119,133,0,0,1,0,3.6024,2.06,collision,969.2,-0.230553,0.375055,-0.837689,0.801694,5.068342,1.044087,1.884785,5.987637,0.412418,0.388775,-0.354613,1.0,-0.025524,0.0272,1.816905,0.00543,0.085977,0.329562,0.029439,0.187003,0.0001,,,,,0,lstm
329,93083,90.3007,39.3781,537,0,0,1,0,2.6735,2.094,collision,974.6,0.066165,0.418974,-0.795765,0.853094,4.961084,1.082961,0.972555,5.992537,0.373807,0.386356,-0.955814,1.0,,,,,,,,,,,,,,0,lstm
330,93616,85.7231,37.7471,533,0,0,1,0,2.7071,2.049,collision,979.9,0.071651,0.431177,-0.83439,0.859238,4.839534,1.177971,0.716697,5.995965,0.374121,0.388284,-0.949589,1.0,,,,,,,,,,,,,,0,lstm
331,93915,-16.7355,21.6787,299,0,0,1,0,3.6212,1.929,collision,982.9,0.070273,0.503699,-0.84258,0.855529,4.845065,1.194287,0.824856,5.980847,0.385807,0.420887,-0.999997,1.001616,,,,,,,,,,,,,,0,lstm
332,94037,-14.8754,20.7621,122,0,0,1,0,3.6864,1.908,collision,984.6,-0.394133,0.366076,-0.873633,0.763901,5.112913,0.948364,1.671301,5.995672,0.391833,0.388006,-0.674572,1.0,-0.002319,0.016684,1.817002,0.005414,0.076443,0.098112,0.005026,0.047074,0.0001,,,,,0,lstm
333,94183,-2.5757,21.4152,146,0,0,1,0,3.6471,2.122,collision,986.1,-0.216779,0.346241,-0.83706,0.585011,5.259603,0.87681,1.7818,5.980505,0.412503,0.390586,-0.351314,1.005055,,,,,,,,,,,,,,0,lstm
334,94348,2.469,22.2509,165,0,0,1,0,3.5663,2.141,collision,987.8,-0.086383,0.386238,-0.850073,0.69815,5.139439,0.940212,1.045392,5.984011,0.393781,0.383842,-0.394219,1.0,,,,,,,,,,,,,,0,lstm
335,94877,77.3136,21.3282,529,0,0,1,0,2.7228,2.092,collision,993.0,0.110814,0.408208,-0.776217,0.849459,4.885833,1.0995,0.549021,5.991272,0.371465,0.38821,-0.960342,1.0,,,,,,,,,,,,,,0,lstm
336,95021,-2.0978,21.8358,144,0,0,1,0,3.5926,2.184,collision,995.1,-0.127933,0.354962,-0.823675,0.806554,5.119146,0.966339,1.677435,5.989276,0.4066,0.387521,-0.274294,1.0,-0.05171,0.027894,1.816916,0.005397,0.083306,0.243776,0.034747,0.145184,0.0001,,,,,0,lstm
337,95868,152.6848,36.5542,847,0,0,1,0,2.1593,2.059,collision,1003.4,0.04798,0.436754,-0.867252,0.857401,5.030025,1.053219,0.28309,5.99544,0.394803,0.407456,-0.994038,1.0,,,,,,,,,,,,,,0,lstm
338,95998,-7.5543,36.4653,130,0,0,1,0,3.6539,2.119,collision,1004.7,-0.256077,0.323687,-0.847777,0.504667,5.138492,0.923312,2.062589,5.992263,0.415813,0.391223,-0.3844,1.0,,,,,,,,,,,,,,0,lstm
339,96130,-7.35,26.7002,132,0,0,1,0,3.6984,2.075,collision,1006.0,-0.274858,0.339798,-0.823181,0.784095,5.27414,0.74289,2.53844,5.97824,0.414666,0.394266,-0.418722,1.007939,,,,,,,,,,,,,,0,lstm
340,96814,148.2465,32.9525,684,0,0,1,0,2.243,2.107,collision,1013.7,0.000821,0.41433,-0.840729,0.85978,4.969926,1.046448,0.66633,5.9905,0.395424,0.396168,-0.850519,1.0,-0.012676,0.015665,1.816835,0.005381,0.087659,0.236786,0.046748,0.148851,0.0001,,,,,0,lstm
341,96991,-1.8808,34.438,177,0,0,1,0,3.569,2.067,collision,1015.5,0.090665,0.416561,-0.764039,0.790202,4.942748,1.079213,0.479633,5.981135,0.38316,0.387565,-0.672266,1.0,,,,,,,,,,,,,,0,lstm
342,97832,151.445,51.07,841,0,0,1,0,2.14,2.063,collision,1023.9,0.041892,0.429394,-0.851133,0.884394,4.915565,1.146828,0.274628,5.993585,0.386769,0.403824,-0.952146,1.0,,,,,,,,,,,,,,0,lstm
343,97983,-0.4678,51.2808,151,0,0,1,0,3.5866,2.148,collision,1025.5,-0.166444,0.355495,-0.813805,0.644298,5.074412,0.993746,1.449627,5.996016,0.410966,0.390633,-0.354423,1.0,,,,,,,,,,,,,,0,lstm
344,98831,135.7136,64.6053,848,0,0,1,0,2.1739,2.058,collision,1035.1,0.101834,0.425512,-0.81722,0.864598,4.846256,1.091894,0.351982,5.991913,0.384324,0.40619,-0.99848,1.0,-0.010984,0.014302,1.816908,0.005365,0.079461,0.148365,0.041468,0.103806,0.0001,,,,,0,lstm
345,98963,-6.5359,56.2203,132,0,0,1,0,3.6096,2.082,collision,1036.5,-0.250963,0.355929,-0.871859,0.612493,5.148048,0.934557,1.59675,5.966527,0.415856,0.389406,-0.303435,1.0,,,,,,,,,,,,,,0,lstm
346,99495,89.176,65.3477,532,0,0,1,0,2.7204,2.07,collision,1041.9,0.030201,0.435741,-0.856588,0.855349,4.940207,1.03609,0.865098,5.988533,0.379409,0.388613,-0.946763,1.0,,,,,,,,,,,,,,0,lstm
347,99658,2.2947,50.3087,163,0,0,1,0,3.5715,2.105,collision,1043.6,-0.070705,0.408957,-0.854079,0.823561,5.095554,0.925637,1.433095,5.989744,0.387442,0.377907,-0.363217,1.0,,,,,,,,,,,,,,0,lstm
348,99788,-12.2262,49.8415,130,0,0,1,0,3.6232,1.873,collision,1045.4,-0.418351,0.35062,-0.858769,0.701907,5.294237,0.745616,1.412858,5.987502,0.399142,0.389181,-0.659214,1.0,-0.047608,0.033326,1.817033,0.005349,0.086206,0.1165,0.0335,0.041666,0.0001,,,,,0,lstm
349,101005,300.1448,80.591,1217,0,0,1,0,1.12,2.113,collision,1057.3,-0.031206,0.410355,-0.860918,0.852227,4.994981,1.023651,0.788954,5.989086,0.371262,0.399405,-0.825029,1.0,,,,,,,,,,,,,,0,lstm
350,101853,157.1195,81.4783,848,0,0,1,0,2.1228,2.06,collision,1065.7,0.01102,0.436702,-0.861765,0.849518,4.940081,1.112473,0.398229,5.984077,0.386497,0.402476,-0.969719,1.0,,,,,,,,,,,,,,0,lstm
351,101993,-4.6396,81.2024,140,0,0,1,0,3.6339,2.048,collision,1067.2,-0.237149,0.385128,-0.820085,0.706302,5.257743,0.830323,1.979838,5.986223,0.412493,0.38775,-0.360941,1.0,,,,,,,,,,,,,,0,lstm
352,102121,-10.5588,65.002,128,0,0,1,0,3.6324,1.983,collision,1069.7,-0.329596,0.357147,-0.845362,0.761294,5.406143,0.744224,1.937235,5.99606,0.415736,0.397649,-0.555755,1.0,-0.042617,0.010199,1.817367,0.005333,0.072969,0.220788,0.048025,0.131471,0.0001,,,,,0,lstm
353,102287,-6.2197,64.4268,166,0,0,1,0,3.6462,2.113,collision,1071.4,0.110837,0.388376,-0.732635,0.851712,4.970885,1.130846,0.540488,5.975304,0.390968,0.389225,-0.635344,1.005028,,,,,,,,,,,,,,0,lstm
354,102438,-2.3432,50.6212,151,0,0,1,0,3.6163,2.127,collision,1072.9,-0.077692,0.394499,-0.829346,0.698766,5.101129,0.899278,1.628454,5.982912,0.394245,0.379519,-0.400195,1.0,,,,,,,,,,,,,,0,lstm
355,102618,6.3826,51.913,180,0,0,1,0,3.5478,2.13,collision,1074.8,-0.051883,0.390985,-0.805715,0.811216,4.958974,1.132388,0.770436,5.994598,0.391927,0.384667,-0.41605,1.0,,,,,,,,,,,,,,0,lstm
356,102771,0.2195,43.0174,153,0,0,1,0,3.5476,2.158,collision,1076.7,-0.174049,0.344146,-0.833773,0.695025,5.253589,0.818558,1.890608,5.981177,0.400884,0.384439,-0.357525,1.0,-0.077182,0.048593,1.817514,0.005316,0.108307,0.121076,0.108761,0.143023,0.0001,,,,,0,lstm
357,102912,-6.6641,42.1215,141,0,0,1,0,3.6476,1.98,collision,1078.1,-0.351613,0.344829,-0.881579,0.712781,5.163528,0.939949,1.040681,5.996356,0.416248,0.398276,-0.599059,1.0,,,,,,,,,,,,,,0,lstm
358,103471,74.187,50.7628,559,0,0,1,0,2.8893,2.023,collision,1083.8,0.14052,0.431072,-0.859465,0.862717,4.859035,1.105262,0.276684,5.989596,0.381351,0.394813,-0.960385,1.000886,,,,,,,,,,,,,,0,lstm
359,103606,-6.5154,20.0968,135,0,0,1,0,3.6253,2.059,collision,1085.2,-0.299199,0.33636,-0.849341,0.58963,5.17057,0.961962,1.258486,5.98681,0.413215,0.388642,-0.426434,1.0,,,,,,,,,,,,,,0,lstm
360,103764,-0.564,4.3284,158,0,0,1,0,3.5621,2.118,collision,1087.2,-0.039558,0.396183,-0.812577,0.814148,5.083577,0.934034,1.19623,5.993035,0.394581,0.38468,-0.423326,1.0,-0.040878,0.02229,1.817532,0.0053,0.084722,0.15533,0.01444,0.07328,0.0001,,,,,0,lstm
361,103916,0.3376,4.8262,152,0,0,1,0,3.5248,2.086,collision,1088.8,-0.037005,0.424536,-0.804964,0.813654,5.078228,1.003414,0.453284,5.992082,0.391622,0.381478,-0.274206,1.0,,,,,,,,,,,,,,0,lstm
362,104059,-2.4322,5.6388,143,0,0,1,0,3.5308,2.094,collision,1090.2,-0.21113,0.363146,-0.867526,0.678635,5.213458,0.830753,1.129888,5.983875,0.411688,0.389814,-0.324336,1.0,,,,,,,,,,,,,,0,lstm
363,104205,-3.9566,5.8651,146,0,0,1,0,3.6267,2.166,collision,1091.7,-0.071856,0.36333,-0.779082,0.715645,4.971247,1.072685,1.389721,5.989121,0.399628,0.383203,-0.366612,1.000341,,,,,,,,,,,,,,0,lstm
364,104345,-5.9207,5.5074,140,0,0,1,0,3.5885,2.015,collision,1093.6,-0.322846,0.353674,-0.860772,0.60474,5.209148,0.942712,1.330685,5.993306,0.419014,0.397354,-0.518991,1.0,-0.107244,0.04302,1.817492,0.005284,0.100859,0.116021,0.063079,0.075686,0.0001,,,,,0,lstm
365,104498,1.1621,4.9853,153,0,0,1,0,3.524,2.155,collision,1095.1,-0.159734,0.35369,-0.749562,0.642815,5.027136,0.987024,1.246912,5.976342,0.405319,0.387406,-0.321719,1.0,,,,,,,,,,,,,,0,lstm
366,104656,-0.5551,4.9079,158,0,0,1,0,3.5589,2.107,collision,1096.7,-0.084508,0.395362,-0.822355,0.768708,5.111189,0.998619,1.3418,5.993952,0.391525,0.380691,-0.396853,1.0,,,,,,,,,,,,,,0,lstm
367,104822,-2.2863,5.3457,166,0,0,1,0,3.646,2.124,collision,1098.4,0.011423,0.381411,-0.797483,0.6891,4.794374,1.150155,0.257206,5.989889,0.399101,0.391472,-0.525217,1.009994,,,,,,,,,,,,,,0,lstm
368,105360,96.6226,7.5892,538,0,0,1,0,2.6753,2.076,collision,1104.1,0.079926,0.417788,-0.849309,0.875421,4.867602,1.146237,0.295858,5.990152,0.381757,0.387047,-0.918202,1.0,-0.024695,0.024798,1.817425,0.005268,0.095409,0.120011,0.031992,0.063329,0.0001,,,,,0,lstm
369,105514,2.0391,8.4447,154,0,0,1,0,3.5139,2.214,collision,1105.7,-0.085113,0.340167,-0.761398,0.743805,5.157986,0.919254,1.249147,5.981706,0.398861,0.385367,-0.234777,1.0,,,,,,,,,,,,,,0,lstm
370,105645,-10.2994,7.4711,131,0,0,1,0,3.6403,1.968,collision,1107.0,-0.388946,0.308453,-0.878193,0.581816,5.200335,0.977439,1.367708,5.985905,0.412533,0.396365,-0.604315,1.0,,,,,,,,,,,,,,0,lstm
371,105946,-16.9206,5.7453,301,0,0,1,0,3.6202,1.915,collision,1110.0,0.148157,0.49132,-0.866609,0.858997,4.633435,1.190324,0.592872,5.97919,0.386257,0.422966,-0.999999,1.005475,,,,,,,,,,,,,,0,lstm
372,106612,171.2055,23.1091,666,0,0,1,0,2.1775,2.121,collision,1116.9,-0.139201,0.386019,-0.855032,0.78957,5.13169,0.953556,0.608368,5.995313,0.39371,0.394682,-0.757711,1.0,-0.015972,0.020887,1.817563,0.005252,0.093702,0.195752,0.061858,0.112232,0.0001,,,,,0,lstm
373,106764,-2.5646,23.2483,152,0,0,1,0,3.515,2.095,collision,1118.3,0.037519,0.419331,-0.805155,0.816149,4.97354,1.04851,0.828414,5.987939,0.385019,0.379259,-0.446024,1.0,,,,,,,,,,,,,,0,lstm
374,106914,-2.3129,23.609,150,0,0,1,0,3.5576,2.189,collision,1119.8,0.027203,0.357407,-0.802968,0.747685,4.897934,1.088667,0.638888,5.984275,0.393474,0.385214,-0.424146,1.0,,,,,,,,,,,,,,0,lstm
375,107071,1.4919,23.642,157,0,0,1,0,3.5107,2.081,collision,1121.3,-0.008828,0.409554,-0.828708,0.718926,4.988516,1.114193,0.77414,5.991613,0.387925,0.378664,-0.318784,1.0,,,,,,,,,,,,,,0,lstm
376,107923,157.3715,39.4347,852,0,0,1,0,2.1285,2.063,collision,1130.0,0.090439,0.430698,-0.865444,0.871398,4.887885,1.116189,0.369386,5.98561,0.392342,0.406041,-0.984504,1.0,-0.012232,0.021199,1.817847,0.005235,0.085564,0.194744,0.028836,0.114104,0.0001,,,,,0,lstm
377,108456,92.5667,48.92,533,0,0,1,0,2.7255,2.047,collision,1135.4,0.061321,0.435872,-0.822503,0.871828,4.861003,1.149697,0.596281,5.994461,0.382951,0.388761,-0.944167,1.0,,,,,,,,,,,,,,0,lstm
378,109131,152.2554,54.4833,675,0,0,1,0,2.2457,2.106,collision,1142.3,-0.013869,0.415419,-0.881326,0.853337,4.990129,0.996257,0.318062,5.986473,0.396121,0.39431,-0.788346,1.0,,,,,,,,,,,,,,0,lstm
379,109272,-3.122,53.9672,141,0,0,1,0,3.6314,2.16,collision,1143.7,-0.178482,0.352059,-0.871433,0.785268,4.99494,1.084142,1.406548,5.994514,0.413696,0.391148,-0.252641,1.001741,,,,,,,,,,,,,,0,lstm
380,109409,-4.2804,54.569,137,0,0,1,0,3.5206,2.119,collision,1145.7,-0.046702,0.39405,-0.827109,0.781342,5.122517,1.041328,1.252268,5.972235,0.397527,0.381825,-0.242692,1.0,-0.021295,0.018395,1.817956,0.005219,0.082653,0.16852,0.03201,0.108331,0.0001,,,,,0,lstm
381,109560,-1.9623,56.0649,151,0,0,1,0,3.5723,2.089,collision,1147.2,-0.053766,0.411483,-0.83192,0.730718,5.033776,1.044702,1.256799,5.989655,0.390723,0.377789,-0.367885,1.0,,,,,,,,,,,,,,0,lstm
382,109743,-1.7482,38.7695,183,0,0,1,0,3.5374,2.091,collision,1149.0,0.143963,0.374455,-0.719489,0.804154,4.828569,1.182965,0.765348,5.990112,0.382724,0.391212,-0.709413,1.0,,,,,,,,,,,,,,0,lstm
383,109897,-0.5661,38.9694,154,0,0,1,0,3.6458,2.064,collision,1150.7,-0.21528,0.399807,-0.867344,0.808195,5.129492,0.912056,2.003301,5.977852,0.410734,0.391281,-0.340756,1.006074,,,,,,,,,,,,,,0,lstm
384,110058,0.8237,39.283,161,0,0,1,0,3.5488,2.149,collision,1152.8,-0.042983,0.378268,-0.809454,0.797381,4.909027,1.109682,0.575463,5.982939,0.383766,0.375189,-0.383213,1.0,-0.066047,0.042322,1.818089,0.005203,0.089218,0.206929,0.077532,0.137994,0.0001,,,,,0,lstm
385,110198,-3.7381,38.76,140,0,0,1,0,3.5368,2.103,collision,1154.3,-0.119868,0.409853,-0.837923,0.763387,5.093204,0.900952,1.419004,5.967348,0.400999,0.382874,-0.308781,1.0,,,,,,,,,,,,,,0,lstm
386,110343,-2.3488,22.788,145,0,0,1,0,3.5515,2.118,collision,1155.8,-0.185397,0.369929,-0.791213,0.740477,5.169968,0.814218,1.480989,5.987366,0.408222,0.38809,-0.337133,1.0,,,,,,,,,,,,,,0,lstm
387,111191,160.7009,29.6014,848,0,0,1,0,2.133,2.054,collision,1164.3,0.001663,0.443483,-0.867087,0.866967,4.916589,1.131485,0.489366,5.996166,0.392329,0.404161,-0.974476,1.0,,,,,,,,,,,,,,0,lstm
388,111326,-8.9532,13.4805,135,0,0,1,0,3.6342,1.965,collision,1166.2,-0.381552,0.324241,-0.859292,0.49272,5.385387,0.743234,1.904006,5.98671,0.42729,0.408574,-0.640487,1.0,-0.039797,0.020628,1.818381,0.005187,0.088041,0.108576,0.02629,0.073632,0.0001,,,,,0,lstm
389,111438,-17.9901,11.9937,112,0,0,1,0,3.6454,1.92,collision,1167.4,-0.401584,0.338901,-0.884309,0.630672,5.363059,0.773352,1.574312,5.990707,0.374717,0.379638,-0.628745,1.0,,,,,,,,,,,,,,0,lstm
390,111571,-6.0444,11.8173,133,0,0,1,0,3.609,2.116,collision,1168.8,-0.218558,0.347143,-0.852834,0.689715,5.157819,0.988794,0.84572,5.97953,0.4164,0.390658,-0.288908,1.0,,,,,,,,,,,,,,0,lstm
391,112417,144.3293,26.4465,846,0,0,1,0,2.1606,2.069,collision,1177.4,0.027053,0.431175,-0.888526,0.876176,4.848808,1.138207,0.483929,5.988,0.389234,0.405681,-0.991469,1.0,,,,,,,,,,,,,,0,lstm
392,112945,68.5998,33.4813,528,0,0,1,0,2.749,2.049,collision,1183.4,0.102771,0.421902,-0.876084,0.890802,4.748683,1.250965,0.184927,5.995205,0.369424,0.38928,-0.978403,1.0,-0.023765,0.014443,1.818657,0.005171,0.083378,0.172849,0.032004,0.079273,0.0001,,,,,0,lstm
393,113079,-10.8213,32.4558,134,0,0,1,0,3.6554,1.897,collision,1184.8,-0.438139,0.311143,-0.858579,0.336194,5.32618,0.758287,1.327374,5.986825,0.414999,0.401849,-0.699964,1.0,,,,,,,,,,,,,,0,lstm
394,113922,152.3606,47.6095,843,0,0,1,0,2.1059,2.087,collision,1193.5,0.025093,0.415172,-0.869823,0.857899,4.864555,1.123337,0.698225,5.993939,0.392418,0.404711,-0.940563,1.0,,,,,,,,,,,,,,0,lstm
395,114454,80.2023,56.0035,532,0,0,1,0,2.7701,2.081,collision,1199.0,0.100142,0.413015,-0.866635,0.858968,4.825392,1.080443,0.491077,5.974575,0.379914,0.389654,-0.914521,1.0,,,,,,,,,,,,,,0,lstm
396,114611,0.2621,56.2646,157,0,0,1,0,3.5215,2.039,collision,1201.2,-0.274065,0.368088,-0.828608,0.688055,5.141646,0.954309,1.782892,5.970362,0.409809,0.38714,-0.425512,1.0,-0.005369,0.01694,1.818825,0.005154,0.080917,0.087578,0.034587,0.050397,0.0001,,,,,0,lstm
397,114773,3.3199,40.5265,162,0,0,1,0,3.5628,2.111,collision,1202.8,-0.16434,0.380685,-0.804915,0.609921,5.123747,0.858904,2.135815,5.992173,0.398962,0.386059,-0.341079,1.0,,,,,,,,,,,,,,0,lstm
398,115307,95.3524,50.9571,534,0,0,1,0,2.7082,2.094,collision,1208.1,-0.012495,0.423968,-0.845916,0.862653,4.859859,1.065451,1.254241,5.992213,0.385332,0.386494,-0.932683,1.0,,,,,,,,,,,,,,0,lstm
399,115426,-16.7114,51.0849,119,0,0,1,0,3.6378,1.92,collision,1209.2,-0.418659,0.32201,-0.845239,0.553832,5.227739,0.984936,1.412941,5.986698,0.382969,0.383758,-0.703373,1.0,,,,,,,,,,,,,,0,lstm
400,115576,-0.0711,51.6823,150,0,0,1,0,3.5546,2.096,collision,1211.2,-0.211076,0.377688,-0.868869,0.583783,5.167289,0.942642,1.372652,5.986566,0.405561,0.388173,-0.288744,1.0,-0.034688,0.032069,1.819081,0.005138,0.090057,0.082857,0.028592,0.063794,0.0001,,,,,0,lstm
401,115746,-0.7561,37.1737,170,0,0,1,0,3.619,2.144,collision,1212.8,0.004592,0.389647,-0.805122,0.777514,4.795232,1.134399,1.306393,5.98698,0.397682,0.391273,-0.49681,1.006465,,,,,,,,,,,,,,0,lstm
402,115897,-3.1633,29.9974,151,0,0,1,0,3.5777,2.169,collision,1214.3,-0.012088,0.374428,-0.834284,0.851125,4.813472,1.129715,0.76722,5.95323,0.390336,0.379916,-0.38149,1.0,,,,,,,,,,,,,,0,lstm
403,116040,-2.643,30.8152,143,0,0,1,0,3.6252,2.099,collision,1215.8,-0.144824,0.398331,-0.826339,0.7489,5.152252,0.921508,1.211322,5.978753,0.404505,0.385787,-0.266795,1.0,,,,,,,,,,,,,,0,lstm
404,116194,-0.7219,15.507,154,0,0,1,0,3.6468,2.056,collision,1217.9,-0.253507,0.351674,-0.802479,0.667589,5.083189,0.99365,1.164499,5.991335,0.409715,0.38872,-0.459403,1.003393,-0.075411,0.03834,1.819172,0.005122,0.093183,0.215012,0.064421,0.134653,0.0001,,,,,0,lstm
405,116385,-2.34,7.2528,191,0,0,1,0,3.5524,2.053,collision,1219.9,0.119522,0.401771,-0.743081,0.777687,4.703322,1.209406,0.838504,5.988847,0.381401,0.390134,-0.755907,1.0,,,,,,,,,,,,,,0,lstm
406,116924,106.3981,17.8664,539,0,0,1,0,2.6495,2.059,collision,1225.3,-0.069674,0.434415,-0.829197,0.857801,4.898391,1.135181,0.567492,5.992413,0.38559,0.385006,-0.877257,1.0,,,,,,,,,,,,,,0,lstm
407,117076,-2.2137,17.313,152,0,0,1,0,3.5378,2.0,collision,1226.9,-0.315952,0.364638,-0.860489,0.757102,5.191576,0.857252,1.513993,5.98614,0.416139,0.395256,-0.575037,1.0,,,,,,,,,,,,,,0,lstm
408,117227,-2.0314,7.5746,151,0,0,1,0,3.6472,2.032,collision,1228.8,-0.221893,0.401598,-0.830905,0.727104,5.15847,0.949153,1.354291,5.997276,0.410108,0.389593,-0.439739,1.000477,-0.026174,0.024075,1.818951,0.005106,0.094208,0.157446,0.026136,0.100964,0.0001,,,,,0,lstm
409,118079,158.2445,25.0702,852,0,0,1,0,2.1432,2.042,collision,1237.4,0.035023,0.442255,-0.855235,0.868135,4.733802,1.251521,0.32362,5.986753,0.39054,0.405584,-0.985628,1.0,,,,,,,,,,,,,,0,lstm
410,118631,70.1962,32.0969,552,0,0,1,0,2.8691,2.042,collision,1243.1,0.174913,0.409384,-0.817056,0.877465,4.639902,1.197868,0.422808,5.983108,0.376012,0.39277,-0.89523,1.0,,,,,,,,,,,,,,0,lstm
411,118784,-0.0216,32.1704,153,0,0,1,0,3.5702,2.104,collision,1244.7,-0.170383,0.360449,-0.829098,0.834028,5.066205,1.182742,0.644777,5.983205,0.408036,0.388919,-0.368539,1.0,,,,,,,,,,,,,,0,lstm
412,118927,-5.2131,31.9654,143,0,0,1,0,3.6436,1.995,collision,1246.7,-0.323249,0.364304,-0.859371,0.695845,5.232713,0.901355,1.740468,5.997758,0.411984,0.391831,-0.525498,1.0,-0.011205,0.016323,1.818952,0.00509,0.078586,0.132561,0.045921,0.075169,0.0001,,,,,0,lstm
413,119777,160.6641,48.2961,850,0,0,1,0,2.1146,2.033,collision,1255.6,0.035737,0.438839,-0.866465,0.865049,4.796347,1.22536,0.288167,5.992757,0.39373,0.405588,-0.973279,1.0,,,,,,,,,,,,,,0,lstm
414,119926,-2.0594,48.1624,149,0,0,1,0,3.6071,2.052,collision,1257.2,-0.267422,0.368876,-0.864482,0.709213,5.103436,0.92073,1.022083,5.974842,0.411752,0.389893,-0.429203,1.0,,,,,,,,,,,,,,0,lstm
415,120080,-0.9958,48.2968,154,0,0,1,0,3.5391,2.04,collision,1258.7,-0.269182,0.368568,-0.858013,0.72743,5.244793,0.823449,1.865346,5.978885,0.413018,0.393019,-0.503426,1.0,,,,,,,,,,,,,,0,lstm
416,120231,-4.9547,37.1615,151,0,0,1,0,3.6041,2.113,collision,1260.8,0.047851,0.408046,-0.745248,0.775496,4.897008,1.025726,1.48612,5.983581,0.390833,0.38286,-0.467251,1.0,-0.021763,0.023465,1.819076,0.005073,0.080206,0.10484,0.017961,0.059564,0.0001,,,,,0,lstm
417,120388,-5.0217,36.8807,157,0,0,1,0,3.5894,2.091,collision,1262.4,0.03527,0.408957,-0.842562,0.762451,4.803227,1.144356,0.428875,5.953102,0.385149,0.382421,-0.609354,1.0,,,,,,,,,,,,,,0,lstm
418,121071,148.1854,51.9024,683,0,0,1,0,2.2385,2.071,collision,1269.5,0.007327,0.431393,-0.867641,0.843583,4.864695,1.083419,0.410064,5.995476,0.392617,0.394838,-0.8157,1.0,,,,,,,,,,,,,,0,lstm
419,121219,-1.6238,35.9156,148,0,0,1,0,3.6504,2.101,collision,1270.9,-0.186654,0.375063,-0.84834,0.624709,5.178509,0.959945,1.63471,5.988242,0.412361,0.39108,-0.305881,1.00762,,,,,,,,,,,,,,0,lstm
420,121371,-1.3898,28.757,152,0,0,1,0,3.6449,2.146,collision,1273.1,-0.084612,0.370878,-0.812575,0.802017,5.051139,0.993038,0.755497,5.978048,0.404104,0.386295,-0.387368,1.008716,-0.023903,0.023215,1.8192,0.005057,0.08573,0.146863,0.016126,0.093521,0.0001,,,,,0,lstm
421,121531,1.652,28.9243,160,0,0,1,0,3.6445,2.07,collision,1274.7,-0.138371,0.403617,-0.83189,0.752134,5.09929,1.037962,0.923404,5.985716,0.402857,0.386284,-0.384384,1.00869,,,,,,,,,,,,,,0,lstm
422,122087,72.5404,36.6997,556,0,0,1,0,2.8795,2.009,collision,1280.3,0.157265,0.427496,-0.792774,0.883079,4.705536,1.243351,0.173974,5.991922,0.376945,0.394415,-0.922245,1.0,,,,,,,,,,,,,,0,lstm
423,122621,92.0121,29.8345,534,0,0,1,0,2.7035,2.054,collision,1285.7,0.065746,0.431514,-0.840212,0.858057,4.843864,1.140908,0.389416,5.983186,0.375193,0.38486,-0.9491,1.0,,,,,,,,,,,,,,0,lstm
424,123157,92.2282,39.2632,536,0,0,1,0,2.6973,2.088,collision,1291.6,0.067647,0.420658,-0.807364,0.863347,4.821505,1.147517,0.366112,5.991838,0.378204,0.386057,-0.944563,1.0,-0.00476,0.014012,1.819314,0.005041,0.067244,0.19115,0.008161,0.110484,0.0001,,,,,0,lstm
425,123312,0.0471,39.3675,155,0,0,1,0,3.6454,2.051,collision,1293.3,-0.225765,0.380063,-0.816245,0.669052,5.16269,0.994454,0.690098,5.984117,0.412915,0.391486,-0.390874,1.005924,,,,,,,,,,,,,,0,lstm
426,123464,-0.2375,39.8392,152,0,0,1,0,3.6117,2.09,collision,1294.8,-0.106114,0.419068,-0.833416,0.747313,5.201742,0.857757,1.823373,5.98526,0.400314,0.386167,-0.297347,1.000318,,,,,,,,,,,,,,0,lstm
427,123599,-10.4305,39.2984,135,0,0,1,0,3.6586,1.946,collision,1296.2,-0.371343,0.35493,-0.878691,0.696946,5.348952,0.730011,2.103733,5.984727,0.404938,0.394896,-0.660908,1.0,,,,,,,,,,,,,,0,lstm
428,123743,-3.3212,24.1477,144,0,0,1,0,3.6378,2.177,collision,1298.0,-0.082244,0.359422,-0.786251,0.717535,5.060398,1.086636,1.515828,5.989478,0.406102,0.38693,-0.321034,1.003488,-0.087747,0.041862,1.819256,0.005025,0.111739,0.262838,0.111171,0.217151,0.0001,,,,,0,lstm
429,123897,0.5415,24.3642,154,0,0,1,0,3.5938,2.087,collision,1299.5,-0.152414,0.383961,-0.772757,0.812352,5.027251,1.015243,0.735766,5.98126,0.400304,0.38426,-0.380967,1.0,,,,,,,,,,,,,,0,lstm
430,124057,1.137,24.6169,160,0,0,1,0,3.6359,2.099,collision,1301.1,-0.083166,0.412829,-0.822062,0.843449,5.126747,0.879899,2.188952,5.991235,0.398096,0.383923,-0.381675,1.008843,,,,,,,,,,,,,,0,lstm
431,124226,-0.9709,24.3546,169,0,0,1,0,3.5617,2.188,collision,1302.8,0.058736,0.354159,-0.752598,0.759577,4.985296,0.995072,1.097955,5.990041,0.384567,0.38301,-0.564165,1.0,,,,,,,,,,,,,,0,lstm
432,124366,-4.8299,16.6176,140,0,0,1,0,3.6029,2.052,collision,1304.6,-0.196487,0.390228,-0.85089,0.66147,5.119349,1.005706,0.798132,5.983504,0.409436,0.388784,-0.405484,1.0,-0.076553,0.034943,1.819163,0.005009,0.098643,0.132727,0.045021,0.096367,0.0001,,,,,0,lstm
433,124496,-9.9861,6.4178,130,0,0,1,0,3.5894,1.973,collision,1305.9,-0.368529,0.338535,-0.861468,0.647028,5.223729,0.904404,1.371384,5.984654,0.414171,0.395904,-0.535897,1.0,,,,,,,,,,,,,,0,lstm
434,124611,-16.6217,-4.4672,115,0,0,1,0,3.7744,1.97,collision,1307.1,-0.3953,0.297253,-0.823256,0.363946,5.482253,0.731435,0.943482,5.995097,0.390012,0.390684,-0.622058,1.009866,,,,,,,,,,,,,,0,lstm
435,125169,70.7159,2.5997,558,0,0,1,0,2.8822,2.016,collision,1312.7,0.18297,0.42099,-0.807814,0.881695,4.727174,1.225226,0.641128,5.974414,0.377559,0.395349,-0.947572,1.0,,,,,,,,,,,,,,0,lstm
436,126012,163.9058,19.014,843,0,0,1,0,2.1104,2.074,collision,1321.6,-0.002084,0.434487,-0.868191,0.87516,4.988627,1.024219,0.266427,5.996211,0.393183,0.404587,-0.942704,1.0,-0.013931,0.019391,1.819069,0.004992,0.093738,0.150069,0.067612,0.094822,0.0001,,,,,0,lstm
437,126174,1.4806,20.2051,162,0,0,1,0,3.6483,2.041,collision,1323.2,-0.205947,0.394668,-0.882824,0.687863,5.077788,1.027457,0.418036,5.995565,0.40766,0.390225,-0.404652,1.008414,,,,,,,,,,,,,,0,lstm
438,126700,79.8262,28.5198,526,0,0,1,0,2.7546,2.058,collision,1328.5,0.030043,0.441579,-0.874234,0.845666,4.909173,1.095076,0.65906,5.989538,0.3742,0.387525,-0.9619,1.0,,,,,,,,,,,,,,0,lstm
439,126851,-1.5446,28.3112,151,0,0,1,0,3.6028,2.065,collision,1330.1,-0.213182,0.392052,-0.855315,0.815917,5.29972,0.668464,2.76488,5.983406,0.405542,0.387316,-0.418811,1.0,,,,,,,,,,,,,,0,lstm
440,127022,1.022,28.2997,171,0,0,1,0,3.5976,2.11,collision,1332.2,-0.038281,0.414675,-0.854808,0.700675,5.182565,0.827478,1.849364,5.973998,0.394657,0.389028,-0.459397,1.002728,-0.037365,0.025542,1.819044,0.004976,0.085398,0.243063,0.021497,0.134737,0.0001,,,,,0,lstm
441,127193,5.7222,28.969,171,0,0,1,0,3.5392,2.137,collision,1333.9,-0.149059,0.369766,-0.833804,0.76429,5.21983,0.880942,1.347456,5.980903,0.396269,0.385037,-0.385278,1.0,,,,,,,,,,,,,,0,lstm
442,127464,21.3813,31.5902,271,0,0,1,0,3.3836,2.09,collision,1336.7,0.006378,0.417418,-0.835546,0.841042,4.99107,1.073021,0.619003,5.981122,0.387596,0.392136,-0.717847,1.0,,,,,,,,,,,,,,0,lstm
443,127624,1.7847,32.7672,160,0,0,1,0,3.5857,2.113,collision,1338.3,-0.161407,0.372389,-0.818551,0.715387,5.186637,0.877255,0.702737,5.99087,0.396591,0.383409,-0.367315,1.0,,,,,,,,,,,,,,0,lstm
444,128153,70.6523,41.4946,529,0,0,1,0,2.7292,2.075,collision,1344.1,0.102016,0.424267,-0.838764,0.842597,4.968371,1.053369,1.006681,5.985622,0.370251,0.388747,-0.960487,1.0,-0.034524,0.020878,1.819112,0.00496,0.076618,0.131427,0.009195,0.058723,0.0001,,,,,0,lstm
445,128307,-1.8174,34.2413,154,0,0,1,0,3.6446,2.003,collision,1345.5,-0.330312,0.335236,-0.838989,0.604414,5.175562,1.004526,0.845323,5.98991,0.411594,0.389967,-0.472566,1.0,,,,,,,,,,,,,,0,lstm
446,128440,-7.0586,17.1449,133,0,0,1,0,3.6079,2.003,collision,1346.9,-0.288032,0.380768,-0.85596,0.565266,5.344149,0.821774,0.890185,5.981714,0.416157,0.392614,-0.423713,1.0,,,,,,,,,,,,,,0,lstm
447,128610,-6.2338,16.3734,170,0,0,1,0,3.6423,2.132,collision,1348.6,0.059578,0.396769,-0.771717,0.793985,5.175497,0.89409,1.373212,5.981095,0.392108,0.392711,-0.659374,1.004536,,,,,,,,,,,,,,0,lstm
448,129142,86.6859,17.0594,532,0,0,1,0,2.7763,2.091,collision,1354.4,0.035125,0.416998,-0.840841,0.858176,5.074,0.977399,0.573897,5.994109,0.384641,0.388927,-0.895741,1.0,-0.026198,0.027242,1.819368,0.004944,0.080084,0.182804,0.019187,0.06946,0.0001,,,,,0,lstm
449,129299,0.6792,17.2818,157,0,0,1,0,3.5806,2.031,collision,1356.0,-0.25127,0.373719,-0.856328,0.73656,5.289598,0.917351,0.31133,5.9886,0.406998,0.388374,-0.387685,1.0,,,,,,,,,,,,,,0,lstm
450,129457,-0.215,17.1581,158,0,0,1,0,3.6473,2.049,collision,1357.6,-0.232018,0.378048,-0.84236,0.869195,5.169378,0.998224,0.396918,5.973571,0.408847,0.390495,-0.492961,1.002584,,,,,,,,,,,,,,0,lstm
451,129621,3.2759,16.9134,164,0,0,1,0,3.5496,2.163,collision,1359.3,-0.136818,0.37169,-0.851405,0.817705,5.286882,0.756514,1.807202,5.990242,0.394787,0.380684,-0.399885,1.0,,,,,,,,,,,,,,0,lstm
452,129763,-3.886,14.3867,142,0,0,1,0,3.6247,2.09,collision,1361.1,-0.177318,0.384945,-0.802218,0.75173,5.131318,1.004675,1.077692,5.984355,0.404188,0.384641,-0.325224,1.0,-0.094506,0.034774,1.819703,0.004928,0.098183,0.327572,0.059469,0.212413,0.0001,,,,,0,lstm
453,130293,87.7574,22.984,530,0,0,1,0,2.7555,2.102,collision,1366.3,0.009367,0.414804,-0.831782,0.856252,5.035737,1.03867,0.349364,5.994116,0.385062,0.388363,-0.904311,1.0,,,,,,,,,,,,,,0,lstm
454,130817,82.9249,24.2113,524,0,0,1,0,2.73,2.06,collision,1371.6,-0.036561,0.44485,-0.852349,0.882008,5.118074,0.977602,0.86975,5.993303,0.378353,0.389321,-0.950112,1.0,,,,,,,,,,,,,,0,lstm
455,130952,-6.7567,23.7173,135,0,0,1,0,3.5741,1.966,collision,1372.9,-0.328122,0.373233,-0.872121,0.745417,5.35816,0.706064,2.48927,5.996396,0.413597,0.39068,-0.475492,1.0,,,,,,,,,,,,,,0,lstm
456,131478,94.9487,33.9181,526,0,0,1,0,2.6958,2.101,collision,1379.1,-0.050238,0.420932,-0.857581,0.871394,5.130454,0.926232,0.99393,5.989521,0.376418,0.384611,-0.855673,1.0,-0.012892,0.017624,1.819789,0.004911,0.093747,0.218232,0.070784,0.158042,0.0001,,,,,0,lstm
457,131640,0.7448,34.6159,162,0,0,1,0,3.6474,2.07,collision,1380.8,-0.237244,0.377586,-0.877725,0.752294,5.264528,0.731225,2.289768,5.99397,0.409361,0.391985,-0.491149,1.00665,,,,,,,,,,,,,,0,lstm
458,132173,108.4819,36.7955,533,0,0,1,0,2.6404,2.11,collision,1386.4,-0.089559,0.405961,-0.834881,0.835625,5.138526,0.92028,0.664151,5.994368,0.378326,0.380603,-0.740883,1.0,,,,,,,,,,,,,,0,lstm
459,132436,15.3964,38.2672,263,0,0,1,0,3.4343,2.135,collision,1389.0,0.083808,0.385176,-0.750673,0.877528,5.105178,1.034183,0.70871,5.995275,0.384665,0.39516,-0.705524,1.006292,,,,,,,,,,,,,,0,lstm
460,132969,71.6011,45.4488,533,0,0,1,0,2.7946,2.102,collision,1394.7,0.069827,0.405032,-0.837525,0.868475,4.976654,1.064503,0.683929,5.996331,0.375936,0.390695,-0.928656,1.0,-0.019204,0.021039,1.819768,0.004895,0.077377,0.0784,0.033448,0.049268,0.0001,,,,,0,lstm
461,133117,-2.3541,44.8859,148,0,0,1,0,3.5415,2.064,collision,1396.3,-0.243864,0.376718,-0.852316,0.753031,5.265055,0.848691,1.303039,5.989611,0.412384,0.390925,-0.389194,1.0,,,,,,,,,,,,,,0,lstm
462,133646,96.8077,54.9552,529,0,0,1,0,2.6725,2.099,collision,1401.6,-0.028993,0.413362,-0.818657,0.826687,5.112026,0.979164,0.457286,5.986427,0.378968,0.385118,-0.883474,1.0,,,,,,,,,,,,,,0,lstm
463,134490,146.587,60.8382,844,0,0,1,0,2.127,2.087,collision,1410.0,0.015393,0.4214,-0.818034,0.866103,5.014794,1.063202,0.368017,5.993201,0.385542,0.401478,-0.951902,1.0,,,,,,,,,,,,,,0,lstm
464,134662,-5.4282,52.0029,172,0,0,1,0,3.626,2.147,collision,1412.3,0.051606,0.390487,-0.809054,0.774082,5.08367,0.889408,1.970784,5.979334,0.38927,0.39069,-0.626562,1.003145,-0.021436,0.017556,1.819797,0.004879,0.076846,0.092951,0.023905,0.056508,0.0001,,,,,0,lstm
465,135193,77.0657,60.3851,531,0,0,1,0,2.7461,2.099,collision,1417.4,0.054656,0.410919,-0.814798,0.868341,4.974891,1.055227,0.533072,5.984398,0.376759,0.388248,-0.944181,1.0,,,,,,,,,,,,,,0,lstm
466,135718,89.8003,59.8703,525,0,0,1,0,2.6982,2.109,collision,1422.7,0.015936,0.408681,-0.819829,0.854825,5.015646,1.087736,0.47781,5.992864,0.370896,0.383739,-0.840697,1.0,,,,,,,,,,,,,,0,lstm
467,135888,-4.7282,59.323,170,0,0,1,0,3.6437,2.131,collision,1424.4,0.028931,0.386209,-0.772215,0.731628,4.906001,1.096598,1.289707,5.984792,0.391027,0.390387,-0.580307,1.006477,,,,,,,,,,,,,,0,lstm
468,136032,-3.3889,48.1359,144,0,0,1,0,3.6054,2.055,collision,1426.5,-0.236048,0.384961,-0.862584,0.70232,5.226998,0.824486,1.581048,5.98792,0.408504,0.387943,-0.363269,1.0,-0.024192,0.018174,1.819852,0.004863,0.072691,0.085761,0.014004,0.040729,0.0001,,,,,0,lstm
469,136177,-3.2851,46.2677,145,0,0,1,0,3.6429,2.127,collision,1427.9,-0.156779,0.372018,-0.803622,0.725608,5.116385,0.867977,2.36362,5.990016,0.405282,0.384361,-0.433607,1.000925,,,,,,,,,,,,,,0,lstm
470,136710,84.7891,47.5865,533,0,0,1,0,2.7506,2.12,collision,1433.2,0.010801,0.411966,-0.831372,0.835139,5.121931,0.914241,1.012432,5.993533,0.382384,0.386847,-0.926158,1.0,,,,,,,,,,,,,,0,lstm
471,136881,-3.9745,47.4245,171,0,0,1,0,3.6489,2.114,collision,1434.9,0.034658,0.401116,-0.826216,0.790911,5.090893,1.05265,0.987872,5.975984,0.393229,0.390049,-0.578302,1.008338,,,,,,,,,,,,,,0,lstm
472,137021,-4.2304,37.3207,140,0,0,1,0,3.6434,2.05,collision,1436.7,-0.21746,0.395538,-0.862579,0.686477,5.365252,0.742464,2.392767,5.996674,0.413384,0.389422,-0.406124,1.0,-0.044036,0.02793,1.819837,0.004847,0.08157,0.176532,0.035404,0.119921,0.0001,,,,,0,lstm
473,137297,19.1801,24.58,276,0,0,1,0,3.4173,2.143,collision,1439.4,0.029442,0.382951,-0.822031,0.820683,5.009075,1.02185,0.642453,5.978412,0.393012,0.398614,-0.704955,1.005887,,,,,,,,,,,,,,0,lstm
474,137457,0.9843,25.2212,160,0,0,1,0,3.6397,2.096,collision,1441.0,-0.180933,0.37422,-0.819949,0.850391,5.138692,0.968986,0.875182,5.987729,0.402594,0.385805,-0.438391,1.006685,,,,,,,,,,,,,,0,lstm
475,137635,6.757,18.1904,178,0,0,1,0,3.5532,2.135,collision,1442.9,-0.125419,0.384886,-0.81994,0.755276,5.235797,0.791655,1.722306,5.992313,0.388469,0.379695,-0.406114,1.000665,,,,,,,,,,,,,,0,lstm
476,137794,-1.1834,9.092,159,0,0,1,0,3.6387,2.161,collision,1444.8,-0.098792,0.376272,-0.799211,0.829396,5.073987,1.014096,1.204359,5.995495,0.395817,0.382347,-0.428353,1.008149,-0.069643,0.033619,1.819676,0.00483,0.08809,0.305555,0.043599,0.204738,0.0001,,,,,0,lstm
477,137942,-3.0494,9.2599,148,0,0,1,0,3.6241,2.072,collision,1446.2,-0.276971,0.353242,-0.849644,0.637497,5.281577,0.712663,3.089023,5.986749,0.40868,0.389048,-0.456915,1.0,,,,,,,,,,,,,,0,lstm
478,138208,13.6548,10.9643,266,0,0,1,0,3.4338,2.094,collision,1449.0,0.079074,0.407221,-0.795185,0.865127,5.004108,1.125506,0.684191,5.993842,0.385486,0.394687,-0.76186,1.001176,,,,,,,,,,,,,,0,lstm
479,138730,63.8813,17.6809,522,0,0,1,0,2.7804,2.074,collision,1454.4,0.11824,0.409914,-0.85307,0.871287,4.984535,1.095114,0.530903,5.982173,0.354498,0.382165,-0.962544,1.0,,,,,,,,,,,,,,0,lstm
480,139008,31.8121,12.3832,278,0,0,1,0,3.3491,2.133,collision,1457.7,-0.094096,0.38656,-0.869987,0.798309,5.189812,0.91911,1.146298,5.994776,0.395853,0.388767,-0.491203,1.004872,-0.012243,0.023993,1.819495,0.004814,0.08122,0.143243,0.020492,0.068875,0.0001,,,,,0,lstm
481,139162,-0.185,12.7621,154,0,0,1,0,3.6064,2.125,collision,1459.3,-0.1243,0.383846,-0.820953,0.76926,5.140487,0.993532,1.471659,5.994808,0.399129,0.382912,-0.392079,1.0,,,,,,,,,,,,,,0,lstm
482,139333,4.1451,13.5997,171,0,0,1,0,3.6122,2.098,collision,1461.0,-0.188098,0.375,-0.847555,0.730848,5.306157,0.760204,1.890634,5.993468,0.39932,0.385397,-0.523722,1.005846,,,,,,,,,,,,,,0,lstm
483,139486,-1.1741,11.5643,153,0,0,1,0,3.5682,2.108,collision,1462.7,-0.133753,0.390887,-0.778059,0.742777,5.269669,0.849151,1.625904,5.992959,0.396509,0.380562,-0.408932,1.0,,,,,,,,,,,,,,0,lstm
484,139635,-4.2594,11.0399,149,0,0,1,0,3.6462,1.944,collision,1464.6,-0.350827,0.372989,-0.873135,0.697581,5.272604,0.900997,0.843476,5.980031,0.412401,0.39255,-0.588843,1.0,-0.066971,0.041621,1.819462,0.004798,0.084887,0.238623,0.050554,0.120214,0.0001,,,,,0,lstm
485,140162,74.9382,17.858,527,0,0,1,0,2.7427,2.061,collision,1470.2,0.089177,0.425799,-0.814862,0.877026,4.99604,1.056517,0.366466,5.994875,0.368066,0.386644,-0.970037,1.0,,,,,,,,,,,,,,0,lstm
486,140312,-0.8025,17.8961,150,0,0,1,0,3.5449,2.051,collision,1471.8,-0.19246,0.405342,-0.830723,0.600488,5.160668,0.968883,1.749915,5.991708,0.406837,0.38887,-0.334849,1.0,,,,,,,,,,,,,,0,lstm
487,140461,-0.6007,18.141,149,0,0,1,0,3.5786,2.123,collision,1473.4,-0.166705,0.377491,-0.838295,0.76634,5.219186,0.90008,0.820405,5.981857,0.40233,0.386099,-0.284177,1.0,,,,,,,,,,,,,,0,lstm
488,140644,4.8009,17.2556,183,0,0,1,0,3.5836,2.128,collision,1475.7,-0.057937,0.385879,-0.848161,0.738937,5.168503,0.958036,1.32614,5.974908,0.393987,0.389006,-0.459004,1.007521,-0.034221,0.029245,1.819097,0.004782,0.096103,0.231127,0.043813,0.113036,0.0001,,,,,0,lstm
489,140808,-4.6229,10.4051,164,0,0,1,0,3.6116,2.137,collision,1477.4,0.05966,0.396403,-0.790687,0.811156,4.923631,1.032172,1.501611,5.991804,0.390279,0.388244,-0.636344,1.000056,,,,,,,,,,,,,,0,lstm
490,140974,-6.5445,6.5695,166,0,0,1,0,3.6087,2.155,collision,1479.2,0.060194,0.377376,-0.797393,0.8031,5.180657,0.944658,1.030152,5.985941,0.38082,0.383132,-0.598412,1.0,,,,,,,,,,,,,,0,lstm
491,141127,-0.9358,6.4944,153,0,0,1,0,3.6148,2.118,collision,1480.7,-0.108752,0.390205,-0.824573,0.689361,5.199279,0.872543,1.842812,5.981184,0.398648,0.383317,-0.404104,1.000153,,,,,,,,,,,,,,0,lstm
492,141264,-5.7401,5.5059,137,0,0,1,0,3.6361,2.051,collision,1482.4,-0.258187,0.370064,-0.810518,0.719013,5.117068,0.985409,1.133374,5.986585,0.410983,0.386927,-0.348253,1.0,-0.059471,0.046025,1.818882,0.004766,0.080383,0.167015,0.011644,0.084122,0.0001,,,,,0,lstm
493,141429,-5.3011,5.0932,165,0,0,1,0,3.6118,2.022,collision,1484.1,0.002898,0.442644,-0.813088,0.781297,4.810495,1.261931,0.377883,5.985536,0.388907,0.389073,-0.640905,1.0,,,,,,,,,,,,,,0,lstm
494,141579,-2.6724,5.2519,150,0,0,1,0,3.6461,2.05,collision,1485.6,-0.308416,0.346561,-0.878363,0.469304,5.134325,0.942683,1.596737,5.9863,0.405689,0.389933,-0.431209,1.000853,,,,,,,,,,,,,,0,lstm
495,141747,4.2437,-1.8175,168,0,0,1,0,3.5774,2.149,collision,1487.3,-0.140838,0.359747,-0.793536,0.812846,5.103477,1.015889,1.353834,5.965111,0.394699,0.383055,-0.36215,1.002444,,,,,,,,,,,,,,0,lstm
496,141894,-4.3576,-2.173,147,0,0,1,0,3.5925,1.969,collision,1489.2,-0.366974,0.328144,-0.833605,0.664088,5.156492,0.924462,0.899751,5.997576,0.417415,0.39662,-0.560285,1.0,-0.062211,0.048065,1.818709,0.004749,0.076982,0.336392,0.010639,0.207787,0.0001,,,,,0,lstm
497,142054,1.4049,-1.9725,160,0,0,1,0,3.5543,2.059,collision,1490.7,-0.220606,0.389192,-0.825712,0.739666,5.052799,0.989895,1.328888,5.988472,0.403226,0.386951,-0.374686,1.0,,,,,,,,,,,,,,0,lstm
498,143277,276.1414,25.1616,1223,0,0,1,0,1.1857,2.091,collision,1502.7,0.009314,0.411739,-0.867762,0.847165,4.868289,1.141914,0.586848,5.994658,0.374902,0.401165,-0.939553,1.0,,,,,,,,,,,,,,0,lstm
499,143820,102.1148,35.8354,543,0,0,1,0,2.6219,2.074,collision,1508.3,0.041919,0.425585,-0.870869,0.844721,4.925848,1.11661,0.473745,5.990318,0.374766,0.3825,-0.867651,1.0,,,,,,,,,,,,,,0,lstm
500,144119,-18.9559,34.5942,299,0,0,1,0,3.6232,1.933,collision,1512.1,0.065997,0.50419,-0.855435,0.850986,4.799445,1.208416,0.300306,5.988706,0.389339,0.426588,-0.999999,1.002196,-0.011316,0.01544,1.818446,0.004733,0.08358,0.239683,0.059988,0.166498,0.0001,,,,,0,lstm
