episode,global_step,reward,avg10,length,success,goal_touched,collision,timeout,min_dist,avg_speed_ms,end_reason,elapsed_s,act0_mean,act0_std,act0_min,act0_max,act1_mean,act1_std,act1_min,act1_max,obs_mean,obs_std,obs_min,obs_max,actor_loss,critic_loss,policy_entropy,entropy_coef,value_residual,grad_norm_actor,grad_norm_critic,grad_norm_rnn,lr_actor,lr_critic,alpha,alpha_loss,target_update_magnitude,replay_buffer_size,recurrent_cell
1,2229,-500.3314,-500.3314,2229,0,0,0,0,3.7806,1.282,low_score,27.9,-0.859519,0.06264,-0.899866,-0.263355,5.835507,0.338846,1.317105,5.99991,0.332487,0.441846,-1.0,1.023435,,,,,,,,,,,,,,0,lstm
2,4520,-500.1579,-500.2446,2291,0,0,0,0,3.7592,1.282,low_score,56.1,-0.859173,0.06081,-0.899607,-0.168053,5.822587,0.36156,1.930884,5.999798,0.332921,0.440932,-1.0,1.016183,,,,,,,,,,,,,,0,lstm
3,6717,-500.2421,-500.2438,2197,0,0,0,0,3.9355,1.282,low_score,84.3,-0.859413,0.057405,-0.899807,-0.124895,5.823915,0.372507,1.092856,5.999933,0.321433,0.44346,-1.0,1.061129,,,,,,,,,,,,,,0,lstm
4,8870,-500.2934,-500.2562,2153,0,0,0,0,3.9256,1.279,low_score,117.3,-0.860931,0.05757,-0.899916,-0.158834,5.823049,0.336393,2.14456,5.999951,0.321701,0.443506,-1.0,1.057814,-0.025185,0.007652,2.138555,0.006742,0.018744,0.222807,0.015156,0.057961,3.7e-05,,,,,0,lstm
5,11165,-500.4152,-500.288,2295,0,0,0,0,3.8263,1.288,low_score,147.1,-0.855579,0.065649,-0.899855,-0.001668,5.836472,0.338859,2.330245,5.99986,0.330235,0.440545,-1.0,1.034614,,,,,,,,,,,,,,0,lstm
6,13394,-500.3799,-500.3033,2229,0,0,0,0,3.8304,1.289,low_score,175.5,-0.85532,0.067759,-0.899643,-0.169714,5.833137,0.342428,0.795872,5.999633,0.331334,0.441643,-1.0,1.034466,,,,,,,,,,,,,,0,lstm
7,15694,-500.6257,-500.3494,2300,0,0,0,0,3.8287,1.284,low_score,204.4,-0.857725,0.071161,-0.899578,0.28133,5.835494,0.357826,1.125533,5.999736,0.329729,0.440586,-1.0,1.03328,,,,,,,,,,,,,,0,lstm
8,18020,-500.7154,-500.3951,2326,0,0,0,0,3.7934,1.281,low_score,240.6,-0.859895,0.05536,-0.899651,-0.197754,5.833388,0.343431,2.414809,5.999823,0.329098,0.440407,-1.0,1.024963,-0.022345,0.007118,2.139344,0.006726,0.017559,0.222419,0.021938,0.055784,4.9e-05,,,,,0,lstm
9,20338,-500.4551,-500.4018,2318,0,0,0,0,3.7032,1.29,low_score,270.2,-0.854541,0.066578,-0.899563,-0.007397,5.825733,0.351008,1.303571,5.999936,0.334984,0.441122,-1.0,1.003854,,,,,,,,,,,,,,0,lstm
10,22539,-500.0087,-500.3625,2201,0,0,0,0,3.9439,1.283,low_score,298.0,-0.858958,0.060024,-0.899726,-0.206496,5.831184,0.355266,1.781322,5.999905,0.32067,0.443263,-1.0,1.064075,,,,,,,,,,,,,,0,lstm
11,24778,-500.6384,-500.3932,2239,0,0,0,0,3.8086,1.284,low_score,326.5,-0.858116,0.055743,-0.899497,-0.216186,5.831021,0.387053,1.109437,5.999791,0.330749,0.442253,-1.0,1.027741,,,,,,,,,,,,,,0,lstm
12,26996,-500.5606,-500.4334,2218,0,0,0,0,3.9386,1.287,low_score,360.2,-0.856394,0.063916,-0.899604,-0.032111,5.809373,0.408911,0.938209,5.999879,0.322695,0.4429,-1.0,1.062632,-0.023205,0.007255,2.139954,0.00671,0.017114,0.176638,0.011878,0.041259,6.1e-05,,,,,0,lstm
13,29170,-500.4704,-500.4563,2174,0,0,0,0,3.8266,1.29,low_score,387.9,-0.854574,0.072374,-0.899585,0.02322,5.831096,0.350141,2.012473,5.999744,0.329309,0.442646,-1.0,1.033052,,,,,,,,,,,,,,0,lstm
14,31529,-500.5409,-500.481,2359,0,0,0,0,3.6814,1.294,low_score,418.4,-0.852337,0.07451,-0.89978,-0.088071,5.835923,0.338634,1.630803,5.999948,0.332508,0.440319,-0.999999,1.0,,,,,,,,,,,,,,0,lstm
15,33796,-500.2164,-500.4611,2267,0,0,0,0,3.8209,1.287,low_score,447.4,-0.856168,0.062939,-0.899883,-0.156172,5.831042,0.349158,0.608083,5.999954,0.333038,0.441029,-1.0,1.033378,,,,,,,,,,,,,,0,lstm
16,35981,-500.5659,-500.4797,2185,0,0,0,0,3.8482,1.288,low_score,481.8,-0.855633,0.06703,-0.899634,-0.032065,5.828971,0.374014,0.802522,5.999729,0.329314,0.442143,-0.999997,1.038002,-0.028247,0.007076,2.140684,0.006693,0.018017,0.276348,0.020231,0.068563,7.3e-05,,,,,0,lstm
17,38322,-500.3917,-500.4563,2341,0,0,0,0,3.7567,1.291,low_score,511.8,-0.854054,0.068353,-0.899726,-0.220757,5.832163,0.35352,1.264763,5.999911,0.32849,0.440943,-1.0,1.016104,,,,,,,,,,,,,,0,lstm
18,40075,-500.0929,-500.3941,1753,0,0,0,0,3.9986,1.288,low_score,534.2,-0.855845,0.066461,-0.899564,0.027326,5.822225,0.352354,1.61895,5.999715,0.295149,0.444408,-1.0,1.075744,,,,,,,,,,,,,,0,lstm
19,42310,-500.2033,-500.3689,2235,0,0,0,0,3.838,1.288,low_score,562.5,-0.855798,0.065449,-0.899645,0.137442,5.819187,0.374814,1.711022,5.999759,0.332462,0.441437,-1.0,1.034658,,,,,,,,,,,,,,0,lstm
20,44445,-500.0971,-500.3778,2135,0,0,0,0,3.9175,1.292,low_score,594.0,-0.853357,0.068558,-0.899658,-0.146443,5.80791,0.400547,0.982898,5.999913,0.323833,0.442899,-1.0,1.054925,-0.034044,0.00756,2.141253,0.006677,0.015886,0.218306,0.012202,0.049977,8.5e-05,,,,,0,lstm
21,46783,-500.5779,-500.3717,2338,0,0,0,0,3.6939,1.291,low_score,623.6,-0.85345,0.066946,-0.899582,-0.062313,5.835141,0.357041,0.215511,5.999559,0.333159,0.440826,-1.0,1.0007,,,,,,,,,,,,,,0,lstm
22,49028,-500.2803,-500.3437,2245,0,0,0,0,3.8585,1.292,low_score,652.1,-0.85295,0.068556,-0.899571,0.176196,5.830467,0.342847,1.183341,5.999931,0.327991,0.441931,-1.0,1.042955,,,,,,,,,,,,,,0,lstm
23,51349,-500.2879,-500.3254,2321,0,0,0,0,3.7135,1.291,low_score,681.7,-0.853884,0.066906,-0.899633,-0.282685,5.83357,0.353432,1.103573,5.999673,0.329351,0.441845,-1.0,1.007898,,,,,,,,,,,,,,0,lstm
24,53525,-500.3292,-500.3043,2176,0,0,0,0,3.9248,1.286,low_score,715.5,-0.856675,0.060075,-0.899712,-0.299191,5.826531,0.346701,2.397336,5.999824,0.32256,0.443239,-1.0,1.058218,-0.027543,0.007578,2.143313,0.006661,0.016216,0.244191,0.016237,0.062907,9.7e-05,,,,,0,lstm
25,55781,-500.1994,-500.3026,2256,0,0,0,0,3.8414,1.289,low_score,743.9,-0.854664,0.066173,-0.899379,0.480638,5.840542,0.344665,1.323309,5.999728,0.330799,0.441296,-1.0,1.040027,,,,,,,,,,,,,,0,lstm
26,57921,-500.2952,-500.2755,2140,0,0,0,0,3.9073,1.29,low_score,771.5,-0.85453,0.067082,-0.899629,-0.230165,5.833013,0.324446,2.474721,5.999949,0.324175,0.442928,-1.0,1.056666,,,,,,,,,,,,,,0,lstm
27,60192,-500.2187,-500.2582,2271,0,0,0,0,3.8785,1.286,low_score,800.5,-0.857188,0.063119,-0.899695,-0.176657,5.818988,0.407217,1.04977,5.999918,0.33009,0.441182,-1.0,1.044691,,,,,,,,,,,,,,0,lstm
28,62442,-500.5952,-500.3084,2250,0,0,0,0,3.8939,1.291,low_score,834.4,-0.853681,0.070266,-0.899767,0.063573,5.843046,0.319067,1.181759,5.999792,0.326358,0.441782,-1.0,1.051594,-0.026072,0.008242,2.14497,0.006645,0.017831,0.183853,0.013965,0.047117,0.0001,,,,,0,lstm
29,62492,-39.2191,-454.21,50,0,0,1,0,3.8292,1.322,collision,835.1,-0.835344,0.101008,-0.898586,-0.337502,5.894293,0.23995,4.44995,5.998637,0.236562,0.343502,-0.697582,1.0,,,,,,,,,,,,,,0,lstm
30,64751,-500.03,-454.2033,2259,0,0,0,0,3.7683,1.292,low_score,863.7,-0.853426,0.07332,-0.899681,-0.034259,5.830696,0.349726,1.544507,5.999626,0.331983,0.442085,-1.0,1.017974,,,,,,,,,,,,,,0,lstm
31,67022,-500.4273,-454.1882,2271,0,0,0,0,3.7578,1.288,low_score,892.0,-0.855778,0.063464,-0.899678,-0.065987,5.832296,0.346352,2.0877,5.999907,0.33364,0.441472,-1.0,1.017991,,,,,,,,,,,,,,0,lstm
32,69261,-500.2692,-454.1871,2239,0,0,0,0,3.7916,1.286,low_score,922.8,-0.856931,0.059903,-0.899492,-0.32617,5.842763,0.334043,1.162911,5.999829,0.330953,0.442062,-1.0,1.025048,0.00746,0.008741,2.145571,0.006629,0.023645,0.414097,0.019663,0.107434,0.0001,,,,,0,lstm
33,71426,-500.5722,-454.2155,2165,0,0,0,0,3.9238,1.283,low_score,949.4,-0.859079,0.062197,-0.899664,-0.196007,5.84448,0.312032,1.522605,5.999878,0.325787,0.443048,-1.0,1.05543,,,,,,,,,,,,,,0,lstm
34,73689,-500.615,-454.2441,2263,0,0,0,0,3.8761,1.282,low_score,977.4,-0.859382,0.059467,-0.89966,-0.198508,5.838656,0.353154,1.262133,5.999769,0.32657,0.441615,-1.0,1.048653,,,,,,,,,,,,,,0,lstm
35,75973,-500.4375,-454.2679,2284,0,0,0,0,3.7687,1.282,low_score,1006.5,-0.859502,0.062844,-0.899562,0.081472,5.839647,0.332814,1.813434,5.99973,0.332116,0.441312,-1.0,1.020681,,,,,,,,,,,,,,0,lstm
36,78243,-500.178,-454.2562,2270,0,0,0,0,3.7413,1.282,low_score,1038.8,-0.859243,0.061184,-0.899775,0.009275,5.820568,0.390387,1.402091,5.999875,0.335552,0.441504,-1.0,1.014282,-0.023014,0.007547,2.145531,0.006612,0.01839,0.191678,0.013986,0.051431,0.0001,,,,,0,lstm
37,80585,-500.4362,-454.2779,2342,0,0,0,0,3.6771,1.287,low_score,1067.6,-0.856371,0.06556,-0.899694,0.060884,5.83096,0.350465,2.023756,5.999803,0.328979,0.441719,-1.0,1.0,,,,,,,,,,,,,,0,lstm
38,82737,-500.1471,-454.2331,2152,0,0,0,0,3.912,1.284,low_score,1094.7,-0.85815,0.058197,-0.899898,-0.31665,5.826839,0.392602,1.363432,5.999907,0.32396,0.442942,-1.0,1.055879,,,,,,,,,,,,,,0,lstm
39,84917,-500.5704,-500.3683,2180,0,0,0,0,3.8237,1.284,low_score,1122.2,-0.858106,0.064376,-0.899465,0.012993,5.83992,0.316384,2.444109,5.999888,0.331459,0.441992,-1.0,1.031398,,,,,,,,,,,,,,0,lstm
40,87098,-500.0582,-500.3711,2181,0,0,0,0,3.8566,1.291,low_score,1152.9,-0.853929,0.071259,-0.899738,-0.056373,5.83108,0.339796,2.248605,5.999895,0.329592,0.442292,-1.0,1.041782,-0.029514,0.007781,2.144676,0.006596,0.018486,0.234685,0.012958,0.059771,0.0001,,,,,0,lstm
41,89434,-500.0107,-500.3294,2336,0,0,0,0,3.6821,1.286,low_score,1181.7,-0.856989,0.062975,-0.899451,-0.23618,5.833091,0.337283,1.176252,5.999677,0.329521,0.441638,-1.0,1.0,,,,,,,,,,,,,,0,lstm
42,91717,-500.2685,-500.3294,2283,0,0,0,0,3.8402,1.287,low_score,1209.7,-0.856516,0.065452,-0.899627,0.149221,5.831099,0.346787,1.494042,5.99994,0.329039,0.441031,-1.0,1.038662,,,,,,,,,,,,,,0,lstm
43,93982,-500.3492,-500.3071,2265,0,0,0,0,3.7785,1.284,low_score,1237.9,-0.858145,0.060874,-0.899863,-0.244105,5.829062,0.358205,1.123857,5.99979,0.331465,0.442028,-1.0,1.019585,,,,,,,,,,,,,,0,lstm
44,96321,-500.4565,-500.2912,2339,0,0,0,0,3.6998,1.286,low_score,1272.6,-0.856895,0.065705,-0.899683,0.001287,5.826637,0.37842,1.518185,5.99983,0.329353,0.441373,-0.999999,1.002173,-0.030124,0.007384,2.14425,0.00658,0.017389,0.188965,0.012394,0.045621,0.0001,,,,,0,lstm
45,98491,-500.1689,-500.2644,2170,0,0,0,0,3.9382,1.286,low_score,1299.6,-0.857031,0.066876,-0.899766,-0.006484,5.829897,0.380354,0.819038,5.999721,0.320214,0.443838,-1.0,1.063031,,,,,,,,,,,,,,0,lstm
46,100663,-500.1708,-500.2636,2172,0,0,0,0,3.9542,1.283,low_score,1326.7,-0.858732,0.05988,-0.899699,-0.3007,5.830039,0.357952,1.795763,5.999779,0.319973,0.443796,-1.0,1.064388,,,,,,,,,,,,,,0,lstm
47,102807,-500.5051,-500.2705,2144,0,0,0,0,3.8798,1.284,low_score,1353.6,-0.858445,0.058092,-0.899747,-0.145335,5.839476,0.329857,1.404193,5.999726,0.325875,0.442576,-0.999999,1.047668,,,,,,,,,,,,,,0,lstm
48,105036,-500.354,-500.2912,2229,0,0,0,0,3.9161,1.286,low_score,1385.2,-0.856963,0.063735,-0.899713,-0.282502,5.827319,0.377147,1.520816,5.999717,0.327075,0.44263,-1.0,1.056224,0.000626,0.007858,2.144086,0.006564,0.01913,0.191904,0.018306,0.047776,0.0001,,,,,0,lstm
49,107246,-500.017,-500.2359,2210,0,0,0,0,3.9016,1.281,low_score,1413.5,-0.860176,0.055555,-0.899489,-0.224253,5.827887,0.366224,1.305184,5.999618,0.327243,0.442245,-1.0,1.052115,,,,,,,,,,,,,,0,lstm
50,109481,-500.1884,-500.2489,2235,0,0,0,0,3.7726,1.283,low_score,1442.4,-0.858621,0.062712,-0.899677,-0.230646,5.841522,0.335394,2.212946,5.999726,0.332059,0.442245,-1.0,1.019878,,,,,,,,,,,,,,0,lstm
51,111787,-500.4275,-500.2906,2306,0,0,0,0,3.7872,1.285,low_score,1471.9,-0.857405,0.063689,-0.899515,-0.254231,5.833343,0.345569,1.379869,5.999919,0.332357,0.440313,-1.0,1.02395,,,,,,,,,,,,,,0,lstm
52,114056,-500.6406,-500.3278,2269,0,0,0,0,3.8846,1.285,low_score,1505.8,-0.857479,0.066213,-0.89975,-0.269114,5.842721,0.306361,1.918936,5.999675,0.327681,0.441358,-1.0,1.048305,-0.033686,0.007888,2.1436,0.006548,0.017705,0.236955,0.022662,0.057291,0.0001,,,,,0,lstm
53,116320,-500.278,-500.3207,2264,0,0,0,0,3.7695,1.284,low_score,1534.5,-0.857941,0.060476,-0.899648,-0.228645,5.811309,0.41276,1.692318,5.9998,0.33329,0.441454,-1.0,1.016536,,,,,,,,,,,,,,0,lstm
54,118446,-500.1204,-500.2871,2126,0,0,0,0,3.9225,1.285,low_score,1561.8,-0.857791,0.066654,-0.899581,0.039348,5.820153,0.368869,1.339149,5.999819,0.322309,0.442951,-1.0,1.055417,,,,,,,,,,,,,,0,lstm
55,120756,-500.3972,-500.3099,2310,0,0,0,0,3.7344,1.285,low_score,1591.1,-0.857254,0.06487,-0.899817,0.21032,5.832636,0.348349,1.621211,5.999674,0.332809,0.440866,-0.999999,1.010316,,,,,,,,,,,,,,0,lstm
56,122937,-500.3109,-500.3239,2181,0,0,0,0,3.8887,1.283,low_score,1623.5,-0.859041,0.060969,-0.899578,-0.040482,5.819488,0.366362,1.165809,5.999787,0.327681,0.442303,-1.0,1.047143,-0.01958,0.008656,2.144494,0.006531,0.018057,0.253486,0.018772,0.056849,0.0001,,,,,0,lstm
57,125205,-500.0354,-500.2769,2268,0,0,0,0,3.7458,1.286,low_score,1652.1,-0.856565,0.062878,-0.89972,-0.140863,5.816321,0.388919,0.376477,5.999856,0.33264,0.442028,-1.0,1.012039,,,,,,,,,,,,,,0,lstm
58,127483,-500.3262,-500.2742,2278,0,0,0,0,3.8192,1.286,low_score,1681.0,-0.857093,0.065544,-0.89947,-0.317329,5.818212,0.394589,1.253051,5.999641,0.331092,0.441055,-1.0,1.030784,,,,,,,,,,,,,,0,lstm
59,129783,-500.3299,-500.3055,2300,0,0,0,0,3.7947,1.287,low_score,1710.3,-0.856362,0.065693,-0.899774,-0.142233,5.835136,0.354513,0.863715,5.999794,0.332254,0.440422,-1.0,1.025568,,,,,,,,,,,,,,0,lstm
60,132115,-500.3453,-500.3212,2332,0,0,0,0,3.8148,1.289,low_score,1744.8,-0.854881,0.068798,-0.899793,-0.053413,5.824574,0.349436,1.695884,5.99978,0.329326,0.439968,-1.0,1.032822,-0.028313,0.00837,2.146152,0.006515,0.016534,0.196205,0.011456,0.045148,0.0001,,,,,0,lstm
61,134338,-500.3276,-500.3112,2223,0,0,0,0,3.8916,1.292,low_score,1773.1,-0.853398,0.072072,-0.899549,0.095058,5.819928,0.347204,1.767258,5.999853,0.328076,0.442082,-1.0,1.049068,,,,,,,,,,,,,,0,lstm
62,136587,-500.2035,-500.2675,2249,0,0,0,0,3.7552,1.292,low_score,1802.1,-0.853194,0.071311,-0.899756,0.180514,5.843549,0.31008,2.327833,5.999886,0.333913,0.441622,-1.0,1.017329,,,,,,,,,,,,,,0,lstm
63,138809,-500.0194,-500.2416,2222,0,0,0,0,3.8338,1.291,low_score,1830.0,-0.853772,0.068691,-0.899691,-0.269789,5.804623,0.40119,0.874033,5.999832,0.331961,0.441703,-1.0,1.034982,,,,,,,,,,,,,,0,lstm
64,141093,-500.6825,-500.2978,2284,0,0,0,0,3.794,1.292,low_score,1862.5,-0.853575,0.064403,-0.899804,-0.238686,5.828771,0.35909,1.591378,5.999655,0.332991,0.44085,-1.0,1.024809,-0.011908,0.008666,2.148232,0.006499,0.017923,0.376947,0.022263,0.090417,0.0001,,,,,0,lstm
65,143388,-500.4127,-500.2993,2295,0,0,0,0,3.7475,1.294,low_score,1891.2,-0.85194,0.069772,-0.899486,-0.032409,5.823043,0.353473,0.902386,5.999886,0.334038,0.44105,-1.0,1.014665,,,,,,,,,,,,,,0,lstm
66,145676,-500.4757,-500.3158,2288,0,0,0,0,3.8421,1.293,low_score,1920.5,-0.852941,0.068564,-0.899863,0.001697,5.828907,0.347912,1.37499,5.999841,0.328941,0.441175,-1.0,1.036935,,,,,,,,,,,,,,0,lstm
67,148014,-500.1029,-500.3226,2338,0,0,0,0,3.837,1.297,low_score,1950.4,-0.850254,0.073451,-0.899738,-0.121309,5.829485,0.359737,0.761045,5.999828,0.327737,0.439865,-1.0,1.036242,,,,,,,,,,,,,,0,lstm
68,150242,-500.5755,-500.3475,2228,0,0,0,0,3.881,1.296,low_score,1983.0,-0.851126,0.074529,-0.899793,0.046475,5.830157,0.357659,2.060517,5.999894,0.32727,0.442055,-1.0,1.04919,-0.022075,0.008623,2.149788,0.006483,0.01747,0.200602,0.024219,0.049491,0.0001,,,,,0,lstm
69,152567,-500.3471,-500.3492,2325,0,0,0,0,3.7271,1.292,low_score,2012.7,-0.853594,0.063751,-0.899584,-0.253898,5.81237,0.369486,2.14874,5.999804,0.332922,0.440511,-1.0,1.007773,,,,,,,,,,,,,,0,lstm
70,154825,-500.638,-500.3785,2258,0,0,0,0,3.7679,1.299,low_score,2041.7,-0.848698,0.0748,-0.899734,0.306504,5.822087,0.352344,1.799065,5.999685,0.334245,0.44133,-1.0,1.02069,,,,,,,,,,,,,,0,lstm
71,157151,-500.689,-500.4146,2326,0,0,0,0,3.7408,1.297,low_score,2071.4,-0.850009,0.07425,-0.89959,-0.008674,5.80779,0.423842,1.202041,5.999787,0.331829,0.440526,-1.0,1.013842,,,,,,,,,,,,,,0,lstm
72,159333,-500.4651,-500.4408,2182,0,0,0,0,3.8822,1.293,low_score,2102.0,-0.852333,0.071203,-0.899639,0.195738,5.812612,0.376896,0.849783,5.999867,0.328719,0.442394,-1.0,1.0474,-0.021934,0.008439,2.150733,0.006467,0.018356,0.21147,0.023534,0.052101,0.0001,,,,,0,lstm
73,161469,-500.0996,-500.4488,2136,0,0,0,0,3.9761,1.294,low_score,2129.4,-0.851148,0.079158,-0.899746,0.355738,5.811793,0.389867,0.62925,5.999916,0.315221,0.4445,-1.0,1.071011,,,,,,,,,,,,,,0,lstm
74,163653,-500.0939,-500.3899,2184,0,0,0,0,3.835,1.292,low_score,2157.5,-0.85312,0.069116,-0.899867,0.115608,5.802818,0.361519,2.555752,5.999888,0.330346,0.44193,-1.0,1.036716,,,,,,,,,,,,,,0,lstm
75,165964,-500.1414,-500.3628,2311,0,0,0,0,3.8328,1.293,low_score,2187.2,-0.852474,0.073865,-0.899746,-0.058643,5.806523,0.399135,1.706711,5.999735,0.331543,0.440142,-1.0,1.034455,,,,,,,,,,,,,,0,lstm
76,168316,-500.7094,-500.3862,2352,0,0,0,0,3.8075,1.295,low_score,2221.6,-0.851096,0.071684,-0.899887,0.201527,5.819267,0.347849,2.604017,5.999534,0.329332,0.439463,-1.0,1.027352,-0.024621,0.008026,2.152021,0.00645,0.01798,0.18142,0.01831,0.041302,0.0001,,,,,0,lstm
77,170513,-500.115,-500.3874,2197,0,0,0,0,3.8332,1.304,low_score,2249.4,-0.846144,0.082432,-0.899613,0.05672,5.807982,0.382461,1.906022,5.999789,0.329665,0.442339,-1.0,1.034671,,,,,,,,,,,,,,0,lstm
78,172744,-500.5553,-500.3854,2231,0,0,0,0,3.8361,1.301,low_score,2277.8,-0.847701,0.077889,-0.89966,-0.053893,5.815706,0.382973,1.299826,5.999927,0.332007,0.441775,-1.0,1.037936,,,,,,,,,,,,,,0,lstm
79,174999,-500.2179,-500.3725,2255,0,0,0,0,3.7613,1.294,low_score,2306.4,-0.852022,0.067492,-0.899663,-0.214699,5.822145,0.34055,1.311794,5.999817,0.33305,0.441588,-1.0,1.016764,,,,,,,,,,,,,,0,lstm
80,177293,-500.0577,-500.3144,2294,0,0,0,0,3.8187,1.292,low_score,2340.4,-0.853381,0.066555,-0.899513,-0.136172,5.818735,0.35426,2.773926,5.999783,0.332685,0.440682,-1.0,1.031412,-0.025507,0.008131,2.153389,0.006434,0.015535,0.189357,0.017784,0.044256,0.0001,,,,,0,lstm
81,179602,-500.2125,-500.2668,2309,0,0,0,0,3.7263,1.3,low_score,2369.9,-0.848468,0.0791,-0.89985,-0.017817,5.800033,0.429998,1.335728,5.999827,0.330807,0.441652,-1.0,1.010168,,,,,,,,,,,,,,0,lstm
82,181916,-500.6718,-500.2874,2314,0,0,0,0,3.7795,1.301,low_score,2400.0,-0.84778,0.080494,-0.899736,0.107909,5.804205,0.379698,1.20616,5.999487,0.330073,0.440683,-1.0,1.024784,,,,,,,,,,,,,,0,lstm
83,184231,-500.4504,-500.3225,2315,0,0,0,0,3.7288,1.296,low_score,2429.7,-0.850668,0.073965,-0.899503,-0.059596,5.810424,0.384019,0.674275,5.999682,0.332206,0.441091,-1.0,1.008709,,,,,,,,,,,,,,0,lstm
84,186453,-500.3974,-500.3529,2222,0,0,0,0,3.7991,1.3,low_score,2462.4,-0.848575,0.080019,-0.899551,0.025047,5.798623,0.391098,2.095704,5.999949,0.332339,0.441706,-1.0,1.029968,-0.030529,0.008215,2.155048,0.006418,0.016078,0.195375,0.011736,0.045654,0.0001,,,,,0,lstm
85,188760,-500.6244,-500.4012,2307,0,0,0,0,3.7265,1.296,low_score,2492.2,-0.850823,0.072827,-0.899509,0.123329,5.811954,0.357083,1.993731,5.999843,0.334517,0.441085,-1.0,1.008843,,,,,,,,,,,,,,0,lstm
86,190963,-500.5412,-500.3844,2203,0,0,0,0,3.9494,1.299,low_score,2520.8,-0.848969,0.073261,-0.899748,0.053296,5.809916,0.387686,0.932888,5.999847,0.321178,0.443342,-1.0,1.066495,,,,,,,,,,,,,,0,lstm
87,193187,-500.4254,-500.4154,2224,0,0,0,0,3.8087,1.299,low_score,2549.2,-0.848772,0.075604,-0.899621,0.046832,5.798611,0.389448,1.273749,5.999855,0.331175,0.44201,-1.0,1.029027,,,,,,,,,,,,,,0,lstm
88,195491,-500.3064,-500.3905,2304,0,0,0,0,3.7168,1.303,low_score,2582.6,-0.845963,0.081065,-0.899634,0.199713,5.796453,0.405303,0.736191,5.999964,0.332248,0.441649,-1.0,1.007493,-0.021043,0.008186,2.156581,0.006402,0.020822,0.252397,0.03238,0.059079,0.0001,,,,,0,lstm
89,197232,-500.1274,-500.3815,1741,0,0,0,0,3.9552,1.292,low_score,2604.8,-0.853381,0.070581,-0.899349,0.076199,5.803521,0.406626,1.815347,5.999863,0.3024,0.443404,-1.0,1.065171,,,,,,,,,,,,,,0,lstm
90,199430,-500.1684,-500.3925,2198,0,0,0,0,3.8598,1.304,low_score,2633.3,-0.846067,0.088319,-0.899555,0.095848,5.80564,0.396044,1.24431,5.999839,0.329489,0.442025,-1.0,1.044372,,,,,,,,,,,,,,0,lstm
91,201717,-500.6999,-500.4413,2287,0,0,0,0,3.7941,1.3,low_score,2662.7,-0.848745,0.078563,-0.89973,0.02277,5.811577,0.377621,2.084376,5.999609,0.331304,0.441025,-1.0,1.028272,,,,,,,,,,,,,,0,lstm
92,204048,-500.2094,-500.395,2331,0,0,0,0,3.7203,1.3,low_score,2696.3,-0.847787,0.077001,-0.899815,0.207313,5.805542,0.423179,0.147362,5.999826,0.330024,0.441214,-1.0,1.007939,-0.041836,0.00785,2.158328,0.006386,0.01544,0.140924,0.022044,0.03715,0.0001,,,,,0,lstm
93,206324,-500.1558,-500.3656,2276,0,0,0,0,3.8459,1.295,low_score,2725.9,-0.851368,0.071365,-0.89958,-0.020142,5.83002,0.329118,2.415205,5.999866,0.330498,0.441119,-1.0,1.042295,,,,,,,,,,,,,,0,lstm
94,208666,-500.6759,-500.3934,2342,0,0,0,0,3.7779,1.303,low_score,2756.0,-0.846723,0.080815,-0.899376,-0.148618,5.832427,0.33179,2.464654,5.999746,0.329461,0.4398,-1.0,1.025234,,,,,,,,,,,,,,0,lstm
95,210933,-500.2829,-500.3593,2267,0,0,0,0,3.8111,1.301,low_score,2785.1,-0.848064,0.080601,-0.899722,0.102288,5.815886,0.370364,1.89029,5.999784,0.332626,0.441194,-1.0,1.034945,,,,,,,,,,,,,,0,lstm
96,213239,-500.4967,-500.3548,2306,0,0,0,0,3.7777,1.306,low_score,2819.3,-0.844548,0.081784,-0.899698,-0.000148,5.82562,0.355313,1.593463,5.999874,0.329578,0.440927,-1.0,1.025636,-0.025211,0.00846,2.160261,0.006369,0.017432,0.162407,0.022703,0.041042,0.0001,,,,,0,lstm
97,215396,-500.2198,-500.3343,2157,0,0,0,0,3.9799,1.299,low_score,2847.0,-0.848636,0.074793,-0.89978,0.179152,5.814458,0.374912,2.427844,5.999749,0.315383,0.444883,-1.0,1.072913,,,,,,,,,,,,,,0,lstm
98,217732,-500.0883,-500.3124,2336,0,0,0,0,3.7207,1.308,low_score,2877.3,-0.843133,0.085142,-0.899889,0.266974,5.805642,0.380183,1.858325,5.999531,0.333881,0.440377,-1.0,1.008696,,,,,,,,,,,,,,0,lstm
99,220002,-500.6645,-500.3662,2270,0,0,0,0,3.8245,1.301,low_score,2907.1,-0.847491,0.082129,-0.899681,0.187353,5.806202,0.415413,1.004113,5.999642,0.333117,0.441339,-1.0,1.036182,,,,,,,,,,,,,,0,lstm
100,222363,-500.4027,-500.3896,2361,0,0,0,0,3.6791,1.302,low_score,2942.5,-0.846969,0.076455,-0.899655,0.101861,5.794715,0.430366,1.439775,5.99983,0.333793,0.440656,-1.0,1.0,-0.030487,0.007947,2.162896,0.006353,0.015594,0.156004,0.013019,0.043391,0.0001,,,,,0,lstm
101,224649,-500.4321,-500.3628,2286,0,0,0,0,3.7942,1.304,low_score,2971.9,-0.846228,0.083674,-0.89953,0.073842,5.802486,0.408918,1.932851,5.999965,0.332357,0.440894,-1.0,1.029942,,,,,,,,,,,,,,0,lstm
102,226961,-500.3417,-500.376,2312,0,0,0,0,3.7737,1.304,low_score,3002.0,-0.845667,0.081985,-0.899798,0.124286,5.789704,0.409236,1.263213,5.999603,0.331114,0.440447,-1.0,1.026567,,,,,,,,,,,,,,0,lstm
103,228695,-500.142,-500.3747,1734,0,0,0,0,4.0007,1.294,low_score,3024.2,-0.852195,0.07116,-0.899282,-0.080895,5.797375,0.422884,1.141487,5.999772,0.292919,0.443826,-1.0,1.08011,,,,,,,,,,,,,,0,lstm
104,230926,-500.3989,-500.347,2231,0,0,0,0,3.9154,1.299,low_score,3056.3,-0.848316,0.08069,-0.8997,0.299127,5.806513,0.385472,1.148958,5.999965,0.325601,0.442659,-1.0,1.060064,-0.022416,0.00846,2.16445,0.006337,0.014929,0.155702,0.014459,0.045051,0.0001,,,,,0,lstm
105,233186,-500.5753,-500.3762,2260,0,0,0,0,3.8691,1.302,low_score,3085.1,-0.847141,0.077906,-0.899848,0.05177,5.793748,0.396031,1.922098,5.99964,0.325255,0.441691,-1.0,1.053973,,,,,,,,,,,,,,0,lstm
106,235486,-500.0468,-500.3312,2300,0,0,0,0,3.834,1.303,low_score,3114.3,-0.846308,0.083765,-0.899795,0.076682,5.790114,0.409333,1.57473,5.999745,0.32909,0.440584,-1.0,1.039011,,,,,,,,,,,,,,0,lstm
107,237792,-500.4346,-500.3527,2306,0,0,0,0,3.6902,1.302,low_score,3143.7,-0.846798,0.08754,-0.899707,0.20822,5.808925,0.396702,1.007192,5.999755,0.333348,0.441783,-1.0,1.003692,,,,,,,,,,,,,,0,lstm
108,239992,-500.3344,-500.3773,2200,0,0,0,0,3.7926,1.308,low_score,3175.5,-0.843562,0.085736,-0.899576,0.06005,5.804289,0.425436,1.478303,5.999743,0.33321,0.442092,-1.0,1.030979,-0.029955,0.008521,2.16521,0.006321,0.017078,0.177596,0.015404,0.047503,0.0001,,,,,0,lstm
109,242270,-500.2545,-500.3363,2278,0,0,0,0,3.8337,1.306,low_score,3204.7,-0.844957,0.079296,-0.899598,-0.178953,5.80018,0.386303,1.563172,5.999805,0.331375,0.44141,-0.999998,1.044895,,,,,,,,,,,,,,0,lstm
110,244499,-500.3682,-500.3329,2229,0,0,0,0,3.7752,1.312,low_score,3233.6,-0.841015,0.089436,-0.899596,-0.006919,5.787966,0.43156,1.523409,5.999681,0.333065,0.441757,-1.0,1.030567,,,,,,,,,,,,,,0,lstm
111,246766,-500.497,-500.3394,2267,0,0,0,0,3.7496,1.306,low_score,3262.4,-0.844494,0.083408,-0.899854,0.378038,5.776117,0.455577,1.362994,5.999659,0.334733,0.441424,-1.0,1.022103,,,,,,,,,,,,,,0,lstm
112,249059,-500.466,-500.3518,2293,0,0,0,0,3.7615,1.305,low_score,3296.3,-0.845258,0.083921,-0.899495,0.123697,5.791682,0.391995,0.954044,5.999755,0.33116,0.441444,-1.0,1.026797,-0.028609,0.008498,2.165638,0.006305,0.016893,0.264025,0.016312,0.071283,0.0001,,,,,0,lstm
113,251260,-500.0053,-500.3381,2201,0,0,0,0,3.8006,1.309,low_score,3324.9,-0.842618,0.085771,-0.899695,0.056505,5.772551,0.442248,0.145039,5.999699,0.329976,0.442082,-1.0,1.033674,,,,,,,,,,,,,,0,lstm
114,253462,-500.0329,-500.3015,2202,0,0,0,0,3.8122,1.312,low_score,3353.1,-0.840557,0.089787,-0.899588,0.208041,5.766966,0.474282,0.302556,5.999734,0.329541,0.442263,-0.999999,1.037756,,,,,,,,,,,,,,0,lstm
115,255745,-500.0053,-500.2445,2283,0,0,0,0,3.7577,1.308,low_score,3382.6,-0.843728,0.081584,-0.89951,-0.082893,5.775733,0.438097,1.731595,5.999685,0.335228,0.441316,-1.0,1.02397,,,,,,,,,,,,,,0,lstm
116,258031,-500.7231,-500.3121,2286,0,0,0,0,3.7253,1.309,low_score,3416.7,-0.84244,0.089611,-0.899782,0.27214,5.781216,0.427245,0.392951,5.999587,0.334801,0.44139,-1.0,1.017916,-0.03214,0.008231,2.16628,0.006288,0.017656,0.286437,0.019847,0.087241,0.0001,,,,,0,lstm
117,260249,-500.5026,-500.3189,2218,0,0,0,0,3.8863,1.311,low_score,3445.4,-0.841559,0.092208,-0.899345,0.339146,5.795373,0.383966,1.184816,5.999787,0.325671,0.442433,-0.999999,1.054692,,,,,,,,,,,,,,0,lstm
118,262549,-500.5449,-500.34,2300,0,0,0,0,3.7954,1.312,low_score,3475.1,-0.840816,0.089127,-0.899842,0.048174,5.77891,0.433424,0.737145,5.999788,0.333211,0.44074,-1.0,1.033042,,,,,,,,,,,,,,0,lstm
119,264811,-500.4065,-500.3552,2262,0,0,0,0,3.7567,1.312,low_score,3504.7,-0.840797,0.090799,-0.899559,0.157697,5.792862,0.424085,1.820248,5.999935,0.33262,0.441522,-1.0,1.022384,,,,,,,,,,,,,,0,lstm
120,267054,-500.1716,-500.3355,2243,0,0,0,0,3.7663,1.306,low_score,3538.5,-0.844629,0.077615,-0.899852,0.159459,5.784338,0.433489,1.06237,5.999892,0.333196,0.441821,-1.0,1.025163,-0.030548,0.00845,2.167246,0.006272,0.017394,0.176211,0.01799,0.04548,0.0001,,,,,0,lstm
121,269414,-500.7182,-500.3576,2360,0,0,0,0,3.7277,1.312,low_score,3568.9,-0.841348,0.082144,-0.899452,-0.04573,5.789724,0.405748,1.923676,5.999683,0.331291,0.440026,-1.0,1.017605,,,,,,,,,,,,,,0,lstm
122,271721,-500.0861,-500.3196,2307,0,0,0,0,3.7468,1.31,low_score,3598.9,-0.842363,0.078817,-0.899894,-0.023294,5.785809,0.429148,0.642289,5.999599,0.332525,0.440784,-1.0,1.02428,,,,,,,,,,,,,,0,lstm
123,274022,-500.4439,-500.3635,2301,0,0,0,0,3.7967,1.32,low_score,3628.6,-0.835426,0.10523,-0.899482,0.396655,5.796746,0.410757,0.47928,5.999812,0.33025,0.440516,-0.999999,1.036047,,,,,,,,,,,,,,0,lstm
124,276177,-500.3675,-500.397,2155,0,0,0,0,3.9075,1.315,low_score,3660.0,-0.838906,0.100133,-0.899615,0.258949,5.789879,0.41694,1.109763,5.999843,0.32311,0.443236,-1.0,1.062081,-0.027558,0.008587,2.167917,0.006256,0.017317,0.188301,0.018646,0.054426,0.0001,,,,,0,lstm
125,278340,-500.0032,-500.3967,2163,0,0,0,0,3.8083,1.311,low_score,3687.8,-0.841161,0.089613,-0.899886,0.259107,5.792889,0.422621,1.225515,5.999748,0.328262,0.442412,-1.0,1.041132,,,,,,,,,,,,,,0,lstm
126,280675,-500.5333,-500.3778,2335,0,0,0,0,3.7148,1.312,low_score,3717.5,-0.840843,0.087909,-0.89977,0.103709,5.783971,0.418491,0.878944,5.999842,0.33456,0.440574,-1.0,1.014549,,,,,,,,,,,,,,0,lstm
127,282934,-500.4993,-500.3774,2259,0,0,0,0,3.7496,1.314,low_score,3746.3,-0.839625,0.08857,-0.899598,-0.098712,5.78718,0.416487,0.87877,5.999903,0.333702,0.441539,-1.0,1.023492,,,,,,,,,,,,,,0,lstm
128,285116,-500.4629,-500.3692,2182,0,0,0,0,3.8186,1.31,low_score,3778.2,-0.842026,0.088474,-0.899905,0.308346,5.785695,0.414393,1.558277,5.999729,0.32963,0.442119,-1.0,1.043943,-0.016486,0.008696,2.16779,0.00624,0.017992,0.182942,0.01237,0.053585,0.0001,,,,,0,lstm
129,287361,-500.5788,-500.3865,2245,0,0,0,0,3.8347,1.306,low_score,3807.0,-0.844946,0.082732,-0.899716,0.072106,5.767987,0.431565,1.264409,5.999766,0.329056,0.441843,-1.0,1.044597,,,,,,,,,,,,,,0,lstm
130,289597,-500.1982,-500.3891,2236,0,0,0,0,3.8823,1.31,low_score,3835.3,-0.841712,0.090094,-0.899581,0.24451,5.770699,0.443978,0.289287,5.999797,0.327277,0.442344,-1.0,1.057114,,,,,,,,,,,,,,0,lstm
131,291745,-500.1023,-500.3275,2148,0,0,0,0,3.8914,1.307,low_score,3862.7,-0.843863,0.082819,-0.899687,0.138294,5.785892,0.416845,1.450069,5.999822,0.321764,0.443022,-0.999999,1.061943,,,,,,,,,,,,,,0,lstm
132,294067,-500.3018,-500.3491,2322,0,0,0,0,3.6783,1.313,low_score,3897.4,-0.840316,0.096085,-0.899768,0.392674,5.783221,0.392706,1.269147,5.999676,0.333645,0.441245,-1.0,1.007471,-0.025959,0.008637,2.168293,0.006224,0.019461,0.1622,0.021785,0.047206,0.0001,,,,,0,lstm
133,296223,-500.2734,-500.3321,2156,0,0,0,0,3.8089,1.309,low_score,3923.8,-0.842631,0.091336,-0.899536,0.103522,5.783092,0.40616,2.231717,5.999661,0.328306,0.442484,-1.0,1.038447,,,,,,,,,,,,,,0,lstm
134,298387,-500.5081,-500.3461,2164,0,0,0,0,3.8779,1.306,low_score,3949.9,-0.844415,0.081604,-0.899667,0.149975,5.781545,0.408162,0.795795,5.999707,0.325094,0.442932,-1.0,1.056293,,,,,,,,,,,,,,0,lstm
135,300714,-500.1451,-500.3603,2327,0,0,0,0,3.7838,1.312,low_score,3977.8,-0.840715,0.091542,-0.899788,0.33122,5.773794,0.464937,0.838042,5.999651,0.329731,0.440264,-1.0,1.033404,,,,,,,,,,,,,,0,lstm
136,302862,-500.1343,-500.3204,2148,0,0,0,0,3.9509,1.308,low_score,4007.9,-0.843166,0.088994,-0.899653,0.188658,5.760648,0.479377,1.498031,5.999831,0.315164,0.444202,-1.0,1.075183,-0.025821,0.008764,2.170058,0.006207,0.020649,0.183988,0.031276,0.054161,0.0001,,,,,0,lstm
137,305009,-500.0486,-500.2754,2147,0,0,0,0,3.9189,1.31,low_score,4033.4,-0.841913,0.09177,-0.899573,-0.029727,5.768652,0.443864,0.689566,5.999823,0.317743,0.443807,-1.0,1.06837,,,,,,,,,,,,,,0,lstm
138,307229,-500.3067,-500.2597,2220,0,0,0,0,3.8232,1.311,low_score,4060.3,-0.841885,0.086923,-0.899552,0.121012,5.792633,0.406876,1.398994,5.999797,0.329307,0.441868,-1.0,1.044749,,,,,,,,,,,,,,0,lstm
139,309558,-500.3941,-500.2413,2329,0,0,0,0,3.6671,1.309,low_score,4087.9,-0.842056,0.090818,-0.899689,0.274293,5.788268,0.423946,0.560734,5.999587,0.331093,0.441973,-1.0,1.002547,,,,,,,,,,,,,,0,lstm
140,311701,-500.204,-500.2419,2143,0,0,0,0,3.8995,1.308,low_score,4117.8,-0.842872,0.093493,-0.899706,0.229225,5.773627,0.456668,0.936941,5.999669,0.322908,0.443188,-1.0,1.061279,-0.017573,0.008559,2.171548,0.006191,0.019319,0.220644,0.018965,0.064278,0.0001,,,,,0,lstm
141,313975,-500.2958,-500.2612,2274,0,0,0,0,3.8151,1.316,low_score,4144.7,-0.838384,0.096592,-0.899622,0.347975,5.768284,0.439071,0.865251,5.999913,0.331385,0.441304,-1.0,1.04213,,,,,,,,,,,,,,0,lstm
142,316284,-500.0226,-500.2333,2309,0,0,0,0,3.6852,1.311,low_score,4171.9,-0.841689,0.087904,-0.899549,-0.001138,5.781075,0.411642,1.765406,5.999803,0.33233,0.44161,-0.999999,1.006037,,,,,,,,,,,,,,0,lstm
143,318611,-500.0779,-500.2137,2327,0,0,0,0,3.7927,1.315,low_score,4199.6,-0.839144,0.093219,-0.899447,0.129536,5.784013,0.415348,1.519889,5.999667,0.332621,0.440339,-0.999999,1.034664,,,,,,,,,,,,,,0,lstm
144,320765,-500.4863,-500.2115,2154,0,0,0,0,3.9192,1.311,low_score,4229.4,-0.841729,0.088383,-0.899437,0.13208,5.771484,0.439964,1.166745,5.999893,0.31883,0.443728,-1.0,1.067257,-0.016791,0.0091,2.172586,0.006175,0.020084,0.177677,0.019469,0.049319,0.0001,,,,,0,lstm
145,322988,-500.1255,-500.2096,2223,0,0,0,0,3.8839,1.312,low_score,4256.3,-0.841259,0.088652,-0.899755,0.039471,5.775352,0.431631,1.101641,5.999831,0.324893,0.442634,-1.0,1.059549,,,,,,,,,,,,,,0,lstm
146,325264,-500.0656,-500.2027,2276,0,0,0,0,3.8278,1.313,low_score,4283.6,-0.840349,0.089385,-0.899743,0.129213,5.789139,0.393656,1.549163,5.999885,0.330678,0.441291,-1.0,1.042782,,,,,,,,,,,,,,0,lstm
147,327563,-500.6272,-500.2606,2299,0,0,0,0,3.815,1.309,low_score,4311.3,-0.842873,0.084799,-0.8997,0.043271,5.789298,0.402572,1.384004,5.999533,0.33101,0.440879,-1.0,1.04157,,,,,,,,,,,,,,0,lstm
148,329729,-500.1774,-500.2476,2166,0,0,0,0,3.9166,1.316,low_score,4341.9,-0.838475,0.09701,-0.899459,0.180725,5.788174,0.392958,2.068099,5.999659,0.32253,0.443584,-1.0,1.065292,-0.015366,0.009875,2.173572,0.006159,0.018409,0.212111,0.017615,0.059077,0.0001,,,,,0,lstm
149,332096,-500.5302,-500.2612,2367,0,0,0,0,3.7008,1.317,low_score,4370.4,-0.838369,0.093675,-0.899807,-0.020175,5.768997,0.433316,1.288208,5.999845,0.330011,0.440397,-1.0,1.012388,,,,,,,,,,,,,,0,lstm
150,334363,-500.4318,-500.284,2267,0,0,0,0,3.7372,1.317,low_score,4397.6,-0.83817,0.097816,-0.899782,-0.01319,5.751844,0.483202,0.591671,5.999724,0.332419,0.441601,-1.0,1.024364,,,,,,,,,,,,,,0,lstm
151,336702,-500.0608,-500.2605,2339,0,0,0,0,3.7023,1.315,low_score,4426.4,-0.839286,0.087144,-0.899503,0.049921,5.763971,0.44492,1.417925,5.99966,0.334228,0.440695,-1.0,1.012104,,,,,,,,,,,,,,0,lstm
152,339047,-500.2362,-500.2819,2345,0,0,0,0,3.7793,1.312,low_score,4460.4,-0.841383,0.090352,-0.899698,0.08967,5.770147,0.424077,1.269378,5.999771,0.332245,0.439639,-1.0,1.028629,-0.022395,0.009681,2.174451,0.006143,0.020334,0.160499,0.034184,0.05474,0.0001,,,,,0,lstm
153,341370,-500.5246,-500.3265,2323,0,0,0,0,3.7386,1.316,low_score,4488.4,-0.838881,0.09221,-0.899377,0.068951,5.764524,0.432808,1.738286,5.999771,0.329891,0.44094,-1.0,1.02179,,,,,,,,,,,,,,0,lstm
154,343573,-500.6679,-500.3447,2203,0,0,0,0,3.8818,1.313,low_score,4515.3,-0.840074,0.083245,-0.89964,-0.078122,5.756165,0.503098,0.571661,5.999535,0.325998,0.443005,-0.999999,1.060792,,,,,,,,,,,,,,0,lstm
155,345834,-500.2685,-500.359,2261,0,0,0,0,3.8143,1.323,low_score,4542.7,-0.834356,0.100097,-0.899715,0.157943,5.757012,0.487514,0.952542,5.99992,0.330581,0.441346,-1.0,1.043807,,,,,,,,,,,,,,0,lstm
156,348033,-500.4837,-500.4008,2199,0,0,0,0,3.8967,1.32,low_score,4572.4,-0.835648,0.101305,-0.899507,0.601404,5.750437,0.491919,1.393901,5.99979,0.322285,0.44309,-1.0,1.064285,-0.017458,0.010086,2.175019,0.006126,0.01953,0.220078,0.027638,0.057595,0.0001,,,,,0,lstm
157,350328,-500.0026,-500.3384,2295,0,0,0,0,3.804,1.314,low_score,4600.1,-0.839421,0.096409,-0.899744,0.253697,5.779739,0.392753,2.811706,5.999819,0.32953,0.440843,-1.0,1.038599,,,,,,,,,,,,,,0,lstm
158,352602,-500.2647,-500.3471,2274,0,0,0,0,3.8466,1.316,low_score,4627.6,-0.837856,0.100537,-0.89966,0.430806,5.755852,0.480171,0.792299,5.999636,0.329418,0.441476,-1.0,1.049735,,,,,,,,,,,,,,0,lstm
159,354789,-500.2394,-500.318,2187,0,0,0,0,3.8379,1.312,low_score,4654.2,-0.84048,0.090176,-0.899684,0.209619,5.752194,0.473895,0.886965,5.99961,0.32813,0.442345,-1.0,1.046017,,,,,,,,,,,,,,0,lstm
160,357132,-500.1022,-500.285,2343,0,0,0,0,3.6902,1.312,low_score,4685.6,-0.840904,0.088775,-0.899461,0.307467,5.773426,0.425049,1.177986,5.999663,0.331167,0.440862,-1.0,1.009007,-0.020009,0.009623,2.175989,0.00611,0.018911,0.19219,0.021114,0.050314,0.0001,,,,,0,lstm
161,359479,-500.6785,-500.3468,2347,0,0,0,0,3.7136,1.312,low_score,4713.4,-0.840603,0.090915,-0.899696,0.055772,5.755175,0.486778,0.640903,5.999645,0.328721,0.440979,-1.0,1.016482,,,,,,,,,,,,,,0,lstm
162,361672,-500.1535,-500.3385,2193,0,0,0,0,3.8007,1.312,low_score,4739.7,-0.841208,0.08929,-0.899823,0.189468,5.75242,0.485437,1.237191,5.999599,0.330702,0.442125,-1.0,1.036996,,,,,,,,,,,,,,0,lstm
163,363872,-500.2711,-500.3132,2200,0,0,0,0,3.7997,1.315,low_score,4765.7,-0.839118,0.098122,-0.899797,0.295075,5.768343,0.417309,0.978561,5.999676,0.330791,0.442104,-1.0,1.037461,,,,,,,,,,,,,,0,lstm
164,366185,-500.0408,-500.2505,2313,0,0,0,0,3.6803,1.312,low_score,4795.7,-0.841437,0.086076,-0.899616,-0.083071,5.770165,0.454421,1.450385,5.999717,0.335505,0.441638,-1.0,1.006177,-0.022831,0.009809,2.177049,0.006094,0.021658,0.209701,0.03328,0.061742,0.0001,,,,,0,lstm
165,368509,-500.5972,-500.2834,2324,0,0,0,0,3.6768,1.318,low_score,4823.4,-0.836969,0.097949,-0.899676,0.397164,5.776923,0.411938,1.562788,5.999856,0.332781,0.441468,-1.0,1.005118,,,,,,,,,,,,,,0,lstm
166,370667,-500.2132,-500.2563,2158,0,0,0,0,3.8894,1.317,low_score,4848.9,-0.838021,0.095817,-0.899727,0.019002,5.764452,0.448913,0.974715,5.999862,0.323069,0.442936,-1.0,1.060124,,,,,,,,,,,,,,0,lstm
167,372852,-500.0052,-500.2566,2185,0,0,0,0,3.7884,1.322,low_score,4874.9,-0.835324,0.096281,-0.899725,0.046895,5.760882,0.449728,1.181333,5.999764,0.330048,0.442058,-0.999999,1.038063,,,,,,,,,,,,,,0,lstm
168,375123,-500.2175,-500.2519,2271,0,0,0,0,3.7752,1.322,low_score,4907.2,-0.83472,0.102579,-0.899556,0.288665,5.768122,0.42008,2.188912,5.999833,0.330856,0.441543,-1.0,1.028937,-0.020709,0.009876,2.177031,0.006078,0.024672,0.252985,0.046807,0.066976,0.0001,,,,,0,lstm
169,377342,-500.5622,-500.2841,2219,0,0,0,0,3.8014,1.313,low_score,4933.7,-0.840267,0.09312,-0.899748,0.198238,5.747521,0.470959,1.07705,5.999901,0.332148,0.4419,-1.0,1.036856,,,,,,,,,,,,,,0,lstm
170,379112,-500.0077,-500.2747,1770,0,0,0,0,3.9929,1.303,low_score,4954.8,-0.845918,0.087141,-0.899692,0.326172,5.76441,0.453983,0.514101,5.999446,0.295787,0.444258,-1.0,1.081146,,,,,,,,,,,,,,0,lstm
171,381424,-500.4376,-500.2506,2312,0,0,0,0,3.7937,1.315,low_score,4982.7,-0.839499,0.091282,-0.899756,0.117613,5.751042,0.469278,1.27881,5.999812,0.331315,0.440283,-1.0,1.034859,,,,,,,,,,,,,,0,lstm
172,383750,-500.5751,-500.2928,2326,0,0,0,0,3.7003,1.316,low_score,5013.8,-0.838404,0.090398,-0.899717,0.203055,5.750581,0.479573,0.939004,5.999823,0.335247,0.44108,-1.0,1.010732,-0.032495,0.009232,2.176876,0.006062,0.018059,0.19069,0.023374,0.046182,0.0001,,,,,0,lstm
173,385913,-500.124,-500.2781,2163,0,0,0,0,3.8177,1.319,low_score,5039.7,-0.836816,0.098715,-0.899834,0.082667,5.753052,0.470938,1.530409,5.999686,0.327421,0.442694,-1.0,1.0431,,,,,,,,,,,,,,0,lstm
174,388229,-500.0004,-500.274,2316,0,0,0,0,3.8087,1.317,low_score,5067.5,-0.838287,0.092302,-0.899614,0.08976,5.755266,0.441186,1.705847,5.99988,0.331423,0.440362,-1.0,1.037877,,,,,,,,,,,,,,0,lstm
175,390414,-500.3102,-500.2453,2185,0,0,0,0,3.88,1.308,low_score,5093.0,-0.84339,0.086809,-0.899704,0.220234,5.771783,0.43793,1.305325,5.999686,0.324007,0.44313,-0.999999,1.056281,,,,,,,,,,,,,,0,lstm
176,392708,-500.3186,-500.2558,2294,0,0,0,0,3.7965,1.316,low_score,5123.8,-0.838329,0.098,-0.899631,0.426506,5.764278,0.463948,0.924463,5.999753,0.330245,0.44089,-1.0,1.038511,-0.027867,0.009901,2.177718,0.006045,0.016892,0.152194,0.013499,0.03551,0.0001,,,,,0,lstm
177,394904,-500.1152,-500.2669,2196,0,0,0,0,3.8818,1.307,low_score,5150.0,-0.843978,0.090311,-0.899572,0.251923,5.741331,0.495327,1.073552,5.999722,0.324223,0.44286,-1.0,1.056771,,,,,,,,,,,,,,0,lstm
178,397241,-500.0399,-500.2491,2337,0,0,0,0,3.7031,1.312,low_score,5178.3,-0.84051,0.094435,-0.899724,0.260441,5.734482,0.498645,0.823392,5.999705,0.333551,0.440501,-0.999998,1.015618,,,,,,,,,,,,,,0,lstm
179,399586,-500.1613,-500.209,2345,0,0,0,0,3.7153,1.314,low_score,5206.6,-0.839459,0.092417,-0.899462,0.539024,5.744243,0.473199,1.378151,5.999772,0.329145,0.440935,-1.0,1.012155,,,,,,,,,,,,,,0,lstm
180,401790,-500.1192,-500.2201,2204,0,0,0,0,3.854,1.307,low_score,5236.2,-0.844018,0.083713,-0.899489,0.111116,5.759266,0.433702,1.876209,5.999888,0.328312,0.442194,-1.0,1.049032,-0.013312,0.010212,2.179351,0.006029,0.016113,0.194449,0.008568,0.046103,0.0001,,,,,0,lstm
181,404080,-500.3953,-500.2159,2290,0,0,0,0,3.7559,1.31,low_score,5263.6,-0.842342,0.087292,-0.899362,0.314118,5.747728,0.46019,1.321595,5.999722,0.330908,0.441322,-1.0,1.024305,,,,,,,,,,,,,,0,lstm
182,406231,-500.3989,-500.1983,2151,0,0,0,0,3.853,1.304,low_score,5289.1,-0.845799,0.08173,-0.89991,-0.110008,5.742988,0.490729,0.9405,5.999752,0.327682,0.442454,-1.0,1.047774,,,,,,,,,,,,,,0,lstm
183,408546,-500.704,-500.2563,2315,0,0,0,0,3.7354,1.314,low_score,5317.2,-0.840176,0.091346,-0.899533,-0.037971,5.736388,0.472133,2.074766,5.999678,0.334605,0.440802,-1.0,1.022237,,,,,,,,,,,,,,0,lstm
184,410910,-500.2138,-500.2776,2364,0,0,0,0,3.6833,1.315,low_score,5349.4,-0.839234,0.090004,-0.899689,-0.014667,5.751178,0.472725,1.139543,5.999863,0.33255,0.440306,-1.0,1.007351,-0.021355,0.010257,2.180292,0.006013,0.016573,0.225514,0.012907,0.053481,0.0001,,,,,0,lstm
185,413231,-500.6514,-500.3118,2321,0,0,0,0,3.796,1.309,low_score,5376.9,-0.84248,0.089592,-0.899622,0.366926,5.761093,0.444989,1.030877,5.999782,0.329765,0.440403,-1.0,1.036046,,,,,,,,,,,,,,0,lstm
186,415462,-500.5906,-500.339,2231,0,0,0,0,3.8654,1.306,low_score,5403.6,-0.844692,0.07995,-0.899858,-0.14646,5.761548,0.429173,1.690872,5.999657,0.326655,0.442186,-1.0,1.055792,,,,,,,,,,,,,,0,lstm
187,417761,-500.3385,-500.3613,2299,0,0,0,0,3.7411,1.31,low_score,5430.9,-0.842501,0.091975,-0.89982,0.048024,5.746488,0.478704,1.175832,5.999709,0.333457,0.440913,-1.0,1.024514,,,,,,,,,,,,,,0,lstm
188,420082,-500.4266,-500.4,2321,0,0,0,0,3.7563,1.311,low_score,5462.0,-0.841692,0.08566,-0.899814,0.138384,5.726334,0.51751,0.989202,5.999643,0.330195,0.440914,-1.0,1.027191,-0.02037,0.010348,2.182377,0.005997,0.020597,0.237063,0.029759,0.055316,0.0001,,,,,0,lstm
189,422354,-500.2657,-500.4104,2272,0,0,0,0,3.7777,1.306,low_score,5488.7,-0.844972,0.083236,-0.899738,0.077766,5.750225,0.470295,1.408965,5.999657,0.333317,0.441249,-1.0,1.033371,,,,,,,,,,,,,,0,lstm
190,424548,-500.5892,-500.4574,2194,0,0,0,0,3.7926,1.309,low_score,5515.0,-0.84295,0.082299,-0.899684,-0.022024,5.75683,0.475227,1.131312,5.999821,0.331478,0.441979,-1.0,1.035266,,,,,,,,,,,,,,0,lstm
191,426769,-500.4788,-500.4658,2221,0,0,0,0,3.7851,1.309,low_score,5541.2,-0.843065,0.084371,-0.899773,0.203868,5.770715,0.441966,1.110968,5.999833,0.330228,0.442468,-1.0,1.032136,,,,,,,,,,,,,,0,lstm
192,429043,-500.265,-500.4524,2274,0,0,0,0,3.8477,1.307,low_score,5571.5,-0.844006,0.086841,-0.899576,0.131081,5.774494,0.415196,1.81143,5.999524,0.329278,0.44133,-1.0,1.049361,-0.020883,0.010255,2.1834,0.005981,0.017714,0.162155,0.019729,0.037964,0.0001,,,,,0,lstm
193,431362,-500.1466,-500.3966,2319,0,0,0,0,3.7915,1.307,low_score,5598.8,-0.843917,0.087658,-0.89961,0.14033,5.745294,0.477048,1.055176,5.999647,0.332481,0.440416,-1.0,1.035774,,,,,,,,,,,,,,0,lstm
194,433520,-500.4094,-500.4162,2158,0,0,0,0,3.8077,1.315,low_score,5624.9,-0.839328,0.092604,-0.899664,0.049753,5.741273,0.473011,1.028808,5.999635,0.329159,0.442433,-1.0,1.040908,,,,,,,,,,,,,,0,lstm
195,435739,-500.1937,-500.3704,2219,0,0,0,0,3.8057,1.304,low_score,5651.8,-0.845353,0.08204,-0.899633,-0.009368,5.748459,0.492778,0.288514,5.999561,0.330032,0.442082,-1.0,1.039315,,,,,,,,,,,,,,0,lstm
196,437887,-500.4967,-500.361,2148,0,0,0,0,3.8833,1.308,low_score,5680.8,-0.843615,0.086349,-0.899652,0.011236,5.751702,0.465296,0.979229,5.999649,0.323046,0.442977,-1.0,1.059797,-0.019836,0.010794,2.184437,0.005964,0.018743,0.203587,0.019171,0.049346,0.0001,,,,,0,lstm
197,440167,-500.6137,-500.3885,2280,0,0,0,0,3.8333,1.307,low_score,5708.1,-0.843677,0.084457,-0.899506,-0.013722,5.731317,0.511937,1.052184,5.999816,0.328009,0.441389,-0.999999,1.047104,,,,,,,,,,,,,,0,lstm
198,442444,-500.5229,-500.3982,2277,0,0,0,0,3.835,1.309,low_score,5735.4,-0.841975,0.096371,-0.899767,0.312565,5.729734,0.524832,0.571865,5.999788,0.328737,0.44123,-1.0,1.047507,,,,,,,,,,,,,,0,lstm
199,444679,-500.5919,-500.4308,2235,0,0,0,0,3.8707,1.31,low_score,5762.2,-0.842506,0.083351,-0.899762,-0.020572,5.733385,0.491998,0.7177,5.999817,0.325359,0.442493,-1.0,1.0548,,,,,,,,,,,,,,0,lstm
200,446955,-500.1267,-500.3846,2276,0,0,0,0,3.8089,1.313,low_score,5793.0,-0.840394,0.091175,-0.899649,0.213321,5.714382,0.5649,0.580906,5.999655,0.33174,0.441184,-1.0,1.03973,-0.025566,0.010857,2.18676,0.005948,0.018247,0.305593,0.025462,0.076667,0.0001,,,,,0,lstm
201,449213,-500.0067,-500.3373,2258,0,0,0,0,3.7192,1.317,low_score,5820.1,-0.837807,0.091987,-0.899766,0.057972,5.752023,0.448297,0.767932,5.999712,0.332955,0.442023,-1.0,1.019762,,,,,,,,,,,,,,0,lstm
202,451516,-500.0687,-500.3177,2303,0,0,0,0,3.769,1.311,low_score,5847.5,-0.841133,0.09173,-0.899605,0.305124,5.741161,0.476158,0.399751,5.999778,0.333962,0.440754,-1.0,1.029781,,,,,,,,,,,,,,0,lstm
203,453749,-500.5619,-500.3592,2233,0,0,0,0,3.7679,1.316,low_score,5873.9,-0.837887,0.095382,-0.899747,0.51709,5.715159,0.549285,0.178048,5.999583,0.330823,0.44187,-1.0,1.035384,,,,,,,,,,,,,,0,lstm
204,456000,-500.6331,-500.3816,2251,0,0,0,0,3.7604,1.317,low_score,5904.5,-0.837121,0.092845,-0.899819,0.38553,5.727896,0.50382,0.259718,5.999749,0.33328,0.441675,-1.0,1.032497,-0.015808,0.010476,2.187917,0.005932,0.019305,0.206486,0.01952,0.048546,0.0001,,,,,0,lstm
205,458339,-500.5453,-500.4168,2339,0,0,0,0,3.7066,1.318,low_score,5932.6,-0.837737,0.089864,-0.89964,-0.046958,5.744764,0.470207,1.561586,5.999527,0.331935,0.440593,-1.0,1.017212,,,,,,,,,,,,,,0,lstm
206,460493,-500.2791,-500.395,2154,0,0,0,0,3.9308,1.314,low_score,5958.4,-0.83927,0.094484,-0.899703,0.388982,5.736557,0.481485,1.032773,5.99992,0.315725,0.44424,-0.999999,1.073102,,,,,,,,,,,,,,0,lstm
207,462723,-500.4161,-500.3752,2230,0,0,0,0,3.7911,1.312,low_score,5984.6,-0.840456,0.093761,-0.899711,0.126685,5.731859,0.517466,0.793468,5.999691,0.333172,0.44177,-1.0,1.034331,,,,,,,,,,,,,,0,lstm
208,464985,-500.5118,-500.3741,2262,0,0,0,0,3.8022,1.32,low_score,6015.4,-0.835557,0.105077,-0.899796,0.421378,5.734043,0.494965,1.086612,5.999837,0.328032,0.441572,-1.0,1.045078,-0.017585,0.011114,2.18885,0.005916,0.017309,0.165807,0.011674,0.039909,0.0001,,,,,0,lstm
209,467340,-500.6008,-500.375,2355,0,0,0,0,3.5988,1.32,low_score,6043.5,-0.83564,0.104692,-0.899757,0.327029,5.723171,0.512237,0.770576,5.999869,0.332307,0.442271,-1.0,1.0,,,,,,,,,,,,,,0,lstm
210,469662,-500.6684,-500.4292,2322,0,0,0,0,3.7265,1.321,low_score,6071.3,-0.835269,0.099661,-0.899853,0.512403,5.717856,0.508724,1.602524,5.999676,0.330575,0.441018,-1.0,1.024838,,,,,,,,,,,,,,0,lstm
211,471918,-500.7049,-500.499,2256,0,0,0,0,3.7485,1.315,low_score,6098.5,-0.838199,0.1021,-0.899884,0.692843,5.710656,0.525084,0.865571,5.999825,0.332533,0.441681,-1.0,1.026065,,,,,,,,,,,,,,0,lstm
212,474202,-500.5212,-500.5443,2284,0,0,0,0,3.7813,1.322,low_score,6129.1,-0.834581,0.10227,-0.899463,0.177425,5.702091,0.541511,0.789812,5.999781,0.331191,0.441088,-1.0,1.035937,-0.024753,0.010583,2.189107,0.0059,0.01756,0.174531,0.014006,0.043065,0.0001,,,,,0,lstm
213,476342,-500.318,-500.5199,2140,0,0,0,0,3.8773,1.315,low_score,6154.8,-0.839138,0.090368,-0.899767,0.099844,5.744687,0.470745,0.700897,5.99971,0.321443,0.443574,-1.0,1.058457,,,,,,,,,,,,,,0,lstm
214,478496,-500.4574,-500.5023,2154,0,0,0,0,3.9203,1.315,low_score,6180.6,-0.83865,0.0993,-0.899595,0.687833,5.7392,0.482084,0.679209,5.999846,0.316943,0.444125,-1.0,1.071242,,,,,,,,,,,,,,0,lstm
215,480818,-500.6561,-500.5134,2322,0,0,0,0,3.7373,1.312,low_score,6208.7,-0.840643,0.090092,-0.899738,0.049253,5.734159,0.498941,0.412911,5.999721,0.329799,0.441035,-0.999999,1.024561,,,,,,,,,,,,,,0,lstm
216,483049,-500.1255,-500.498,2231,0,0,0,0,3.7556,1.32,low_score,6239.3,-0.836063,0.098616,-0.89982,0.046216,5.741953,0.48102,1.638031,5.999744,0.333669,0.441988,-1.0,1.028963,-0.021736,0.011398,2.189096,0.005883,0.017159,0.230409,0.014666,0.05677,0.0001,,,,,0,lstm
217,485209,-500.311,-500.4875,2160,0,0,0,0,3.8098,1.315,low_score,6265.1,-0.839147,0.091888,-0.899725,0.313481,5.736776,0.447857,2.118727,5.999953,0.327296,0.442439,-1.0,1.044357,,,,,,,,,,,,,,0,lstm
218,487387,-500.1762,-500.4539,2178,0,0,0,0,3.874,1.318,low_score,6291.0,-0.837012,0.097282,-0.899844,0.291052,5.713234,0.52085,0.408349,5.999498,0.323578,0.443067,-1.0,1.061525,,,,,,,,,,,,,,0,lstm
219,489689,-500.4829,-500.4422,2302,0,0,0,0,3.7236,1.319,low_score,6318.7,-0.836455,0.094895,-0.899894,0.277943,5.73001,0.488811,1.845775,5.999934,0.332128,0.441213,-0.999999,1.021597,,,,,,,,,,,,,,0,lstm
220,491985,-500.4407,-500.4194,2296,0,0,0,0,3.6818,1.315,low_score,6351.5,-0.838856,0.090904,-0.899832,0.241559,5.721254,0.509926,1.60645,5.999827,0.334014,0.441821,-1.0,1.01091,-0.008899,0.011956,2.189717,0.005867,0.018306,0.214389,0.018089,0.054329,0.0001,,,,,0,lstm
221,494195,-500.4189,-500.3908,2210,0,0,0,0,3.8107,1.319,low_score,6377.9,-0.836957,0.091915,-0.899841,-0.131233,5.702353,0.529525,1.311944,5.999616,0.328367,0.442298,-1.0,1.041878,,,,,,,,,,,,,,0,lstm
222,496484,-500.1867,-500.3573,2289,0,0,0,0,3.773,1.327,low_score,6405.6,-0.831503,0.102716,-0.899705,0.175445,5.713827,0.563413,0.371777,5.999278,0.332291,0.441137,-0.999999,1.031529,,,,,,,,,,,,,,0,lstm
223,498653,-500.6035,-500.3859,2169,0,0,0,0,3.8093,1.319,low_score,6431.6,-0.836353,0.100154,-0.899527,0.357844,5.714202,0.515485,1.080972,5.999776,0.327576,0.442633,-1.0,1.041273,,,,,,,,,,,,,,0,lstm
224,500995,-500.5255,-500.3927,2342,0,0,0,0,3.6839,1.322,low_score,6463.8,-0.834864,0.099369,-0.89943,0.320818,5.694869,0.557481,1.570643,5.999855,0.329956,0.441252,-1.0,1.009135,-0.011915,0.012424,2.190288,0.005851,0.019689,0.287945,0.031814,0.077421,0.0001,,,,,0,lstm
225,503146,-500.2377,-500.3509,2151,0,0,0,0,3.8841,1.321,low_score,6489.5,-0.835431,0.098869,-0.899717,0.095427,5.719721,0.519778,0.745505,5.99907,0.319569,0.443323,-1.0,1.068111,,,,,,,,,,,,,,0,lstm
226,505422,-500.3837,-500.3767,2276,0,0,0,0,3.7086,1.32,low_score,6517.2,-0.835985,0.09481,-0.899737,0.143025,5.714144,0.51583,1.18761,5.999488,0.332982,0.441944,-1.0,1.01867,,,,,,,,,,,,,,0,lstm
227,507626,-500.3422,-500.3798,2204,0,0,0,0,3.8763,1.327,low_score,6544.0,-0.831643,0.106408,-0.899825,0.320976,5.723397,0.501352,1.35367,5.999668,0.324612,0.443181,-1.0,1.065018,,,,,,,,,,,,,,0,lstm
228,509982,-500.0482,-500.367,2356,0,0,0,0,3.6668,1.326,low_score,6577.0,-0.832309,0.104623,-0.899574,0.264637,5.728932,0.500574,1.061451,5.999712,0.332306,0.440916,-1.0,1.00555,-0.018252,0.012474,2.189221,0.005835,0.018335,0.171215,0.018963,0.043963,0.0001,,,,,0,lstm
229,512225,-500.5839,-500.3771,2243,0,0,0,0,3.781,1.322,low_score,6603.9,-0.834898,0.092243,-0.899437,0.185953,5.735364,0.471853,1.015761,5.999706,0.331816,0.44174,-1.0,1.038245,,,,,,,,,,,,,,0,lstm
230,514553,-500.3815,-500.3712,2328,0,0,0,0,3.6518,1.326,low_score,6632.2,-0.831894,0.103309,-0.899542,0.208677,5.715672,0.549875,0.055485,5.999681,0.331996,0.44178,-1.0,1.004308,,,,,,,,,,,,,,0,lstm
231,516716,-500.5868,-500.388,2163,0,0,0,0,3.8652,1.32,low_score,6658.4,-0.835437,0.103778,-0.899574,0.361817,5.714846,0.548077,0.509676,5.999735,0.324604,0.4428,-1.0,1.056226,,,,,,,,,,,,,,0,lstm
232,519001,-500.4497,-500.4143,2285,0,0,0,0,3.7136,1.321,low_score,6689.2,-0.835305,0.09758,-0.899311,0.327722,5.732136,0.53384,0.898718,5.99975,0.333714,0.441562,-1.0,1.017561,-0.014867,0.013124,2.188271,0.005819,0.016648,0.16551,0.01343,0.040475,0.0001,,,,,0,lstm
233,521287,-500.3426,-500.3882,2286,0,0,0,0,3.7096,1.326,low_score,6716.8,-0.832376,0.097257,-0.899674,0.173249,5.713873,0.512056,1.377353,5.999654,0.333506,0.441926,-0.999999,1.017767,,,,,,,,,,,,,,0,lstm
234,523614,-500.6304,-500.3987,2327,0,0,0,0,3.7712,1.328,low_score,6744.5,-0.830412,0.108969,-0.899625,0.199986,5.710204,0.534751,0.438229,5.999876,0.331178,0.440332,-1.0,1.035395,,,,,,,,,,,,,,0,lstm
235,523651,-41.7856,-454.5535,37,0,0,1,0,3.8443,1.337,collision,6745.1,-0.826079,0.09151,-0.897087,-0.407613,5.709373,0.435698,4.396036,5.996131,0.217885,0.329327,-0.625685,1.0,,,,,,,,,,,,,,0,lstm
236,525966,-500.551,-454.5702,2315,0,0,0,0,3.7091,1.319,low_score,6775.8,-0.836083,0.096558,-0.899779,0.133511,5.711468,0.544017,0.27666,5.999673,0.334913,0.441136,-1.0,1.019336,0.014181,0.01455,2.189358,0.005802,0.018188,0.243518,0.022033,0.064448,0.0001,,,,,0,lstm
237,528340,-500.1182,-454.5478,2374,0,0,0,0,3.7147,1.326,low_score,6804.5,-0.832222,0.10564,-0.899607,0.211495,5.726876,0.501273,1.467607,5.999824,0.32879,0.440359,-0.999999,1.021725,,,,,,,,,,,,,,0,lstm
238,530530,-500.0103,-454.544,2190,0,0,0,0,3.8074,1.328,low_score,6830.9,-0.83105,0.104549,-0.899823,0.33489,5.739062,0.49346,1.342521,5.999537,0.32837,0.442583,-1.0,1.046183,,,,,,,,,,,,,,0,lstm
239,532890,-500.6869,-454.5543,2360,0,0,0,0,3.7128,1.32,low_score,6859.1,-0.836423,0.092666,-0.899678,-0.031765,5.728455,0.502834,1.900268,5.999457,0.331443,0.440069,-1.0,1.021261,,,,,,,,,,,,,,0,lstm
240,535137,-500.6345,-454.5796,2247,0,0,0,0,3.8034,1.316,low_score,6889.3,-0.838301,0.0875,-0.899762,0.121514,5.736335,0.476325,0.567399,5.999803,0.331579,0.441851,-0.999999,1.045654,-0.01135,0.014408,2.190031,0.005786,0.017254,0.169234,0.014676,0.041515,0.0001,,,,,0,lstm
241,537431,-500.4892,-454.5699,2294,0,0,0,0,3.7383,1.326,low_score,6916.4,-0.832433,0.102945,-0.899635,0.213876,5.703543,0.51985,0.573805,5.99972,0.334825,0.441373,-1.0,1.026582,,,,,,,,,,,,,,0,lstm
242,539683,-500.6457,-454.5895,2252,0,0,0,0,3.8398,1.323,low_score,6943.3,-0.833689,0.09656,-0.899665,0.191925,5.686832,0.592526,0.331319,5.999724,0.327153,0.442033,-0.999999,1.055129,,,,,,,,,,,,,,0,lstm
243,541953,-500.3598,-454.5912,2270,0,0,0,0,3.7029,1.329,low_score,6970.3,-0.830652,0.105191,-0.899723,0.199471,5.700548,0.544455,1.460495,5.999837,0.333432,0.441825,-0.999998,1.019548,,,,,,,,,,,,,,0,lstm
244,544271,-500.4252,-454.5706,2318,0,0,0,0,3.6466,1.323,low_score,7002.3,-0.834389,0.095789,-0.899585,0.271206,5.720708,0.514284,1.276593,5.999659,0.3337,0.44198,-1.0,1.003037,-0.015046,0.014435,2.191295,0.00577,0.016492,0.143855,0.015007,0.036443,0.0001,,,,,0,lstm
245,546459,-500.4909,-500.4412,2188,0,0,0,0,3.7663,1.328,low_score,7028.5,-0.830284,0.104559,-0.899658,0.353267,5.694881,0.548281,0.698762,5.999514,0.330001,0.442176,-1.0,1.037344,,,,,,,,,,,,,,0,lstm
246,548769,-500.5033,-500.4364,2310,0,0,0,0,3.6642,1.33,low_score,7056.0,-0.829482,0.107656,-0.899495,0.197767,5.718954,0.514857,0.62258,5.999464,0.334433,0.441803,-1.0,1.010206,,,,,,,,,,,,,,0,lstm
247,550990,-500.5887,-500.4834,2221,0,0,0,0,3.7759,1.325,low_score,7082.5,-0.832434,0.111533,-0.899633,0.450674,5.696162,0.554975,1.173878,5.999742,0.330043,0.442215,-1.0,1.036299,,,,,,,,,,,,,,0,lstm
248,553268,-500.3728,-500.5197,2278,0,0,0,0,3.7424,1.326,low_score,7114.8,-0.831875,0.106578,-0.89965,0.289389,5.695117,0.557558,1.042059,5.999728,0.33238,0.441436,-1.0,1.02746,-0.001704,0.014383,2.191872,0.005754,0.018754,0.228955,0.025048,0.062536,0.0001,,,,,0,lstm
249,555556,-500.0491,-500.4559,2288,0,0,0,0,3.7638,1.324,low_score,7142.6,-0.832851,0.102525,-0.899682,0.308896,5.709969,0.510771,0.641044,5.999821,0.331755,0.441203,-1.0,1.037515,,,,,,,,,,,,,,0,lstm
250,557907,-500.612,-500.4537,2351,0,0,0,0,3.6639,1.331,low_score,7171.5,-0.829342,0.10794,-0.89972,0.177475,5.710271,0.526665,1.108067,5.999756,0.328805,0.441522,-1.0,1.012463,,,,,,,,,,,,,,0,lstm
251,560205,-500.1477,-500.4195,2298,0,0,0,0,3.6607,1.329,low_score,7198.5,-0.830392,0.108048,-0.899625,0.249471,5.719177,0.486051,1.781286,5.99938,0.332059,0.442422,-1.0,1.009688,,,,,,,,,,,,,,0,lstm
252,562495,-500.2193,-500.3769,2290,0,0,0,0,3.7071,1.325,low_score,7229.2,-0.832385,0.109341,-0.899405,0.443619,5.69627,0.53559,1.2767,5.999835,0.333449,0.441631,-1.0,1.017287,-0.016651,0.013677,2.191617,0.005738,0.017609,0.17337,0.017313,0.04379,0.0001,,,,,0,lstm
253,564737,-500.1907,-500.36,2242,0,0,0,0,3.8467,1.327,low_score,7255.8,-0.831534,0.105203,-0.899679,0.302379,5.720818,0.511563,1.162635,5.999546,0.327166,0.442124,-1.0,1.055181,,,,,,,,,,,,,,0,lstm
254,567078,-500.2936,-500.3468,2341,0,0,0,0,3.6934,1.322,low_score,7283.7,-0.835008,0.097417,-0.899785,0.155535,5.728205,0.506022,1.176449,5.999736,0.33214,0.440774,-1.0,1.013908,,,,,,,,,,,,,,0,lstm
255,569396,-500.6948,-500.3672,2318,0,0,0,0,3.7307,1.325,low_score,7311.1,-0.832505,0.103456,-0.899711,0.269668,5.721501,0.515515,0.765432,5.999851,0.330764,0.441062,-1.0,1.024997,,,,,,,,,,,,,,0,lstm
256,571758,-500.2979,-500.3467,2362,0,0,0,0,3.741,1.321,low_score,7344.9,-0.835148,0.100842,-0.899799,0.343162,5.723473,0.518741,0.878261,5.999799,0.329415,0.440137,-1.0,1.029435,-0.022816,0.014374,2.191179,0.005721,0.016511,0.208772,0.014225,0.053687,0.0001,,,,,0,lstm
257,574073,-500.0348,-500.2913,2315,0,0,0,0,3.6528,1.317,low_score,7372.5,-0.837624,0.096744,-0.899874,0.368351,5.68543,0.58132,0.68485,5.999862,0.333349,0.442002,-1.0,1.002924,,,,,,,,,,,,,,0,lstm
258,576302,-500.1591,-500.2699,2229,0,0,0,0,3.7637,1.327,low_score,7399.5,-0.831389,0.10443,-0.899584,0.317191,5.698265,0.552882,0.87545,5.999635,0.330381,0.441921,-1.0,1.036646,,,,,,,,,,,,,,0,lstm
259,578461,-500.0195,-500.267,2159,0,0,0,0,3.8367,1.325,low_score,7425.8,-0.832928,0.106172,-0.899561,0.268053,5.698548,0.558412,0.434564,5.999755,0.324771,0.442792,-1.0,1.055005,,,,,,,,,,,,,,0,lstm
260,580785,-500.3024,-500.236,2324,0,0,0,0,3.66,1.322,low_score,7458.5,-0.834609,0.097301,-0.899737,0.190514,5.716009,0.51653,1.092295,5.999785,0.335464,0.441759,-1.0,1.012333,-0.010254,0.014182,2.191164,0.005705,0.017981,0.220818,0.024012,0.058852,0.0001,,,,,0,lstm
261,583018,-500.5245,-500.2737,2233,0,0,0,0,3.7963,1.317,low_score,7485.6,-0.837257,0.099232,-0.899664,0.168871,5.687918,0.57025,0.423574,5.999316,0.331033,0.44188,-1.0,1.043102,,,,,,,,,,,,,,0,lstm
262,585200,-500.4106,-500.2928,2182,0,0,0,0,3.8593,1.321,low_score,7511.9,-0.835302,0.102737,-0.899565,0.251759,5.698561,0.521362,1.688696,5.999417,0.322464,0.443365,-1.0,1.060878,,,,,,,,,,,,,,0,lstm
263,587421,-500.5917,-500.3329,2221,0,0,0,0,3.8203,1.319,low_score,7538.7,-0.836691,0.096642,-0.899727,0.164201,5.706802,0.522772,0.628283,5.99974,0.3265,0.442486,-1.0,1.050119,,,,,,,,,,,,,,0,lstm
264,589771,-500.663,-500.3698,2350,0,0,0,0,3.6929,1.319,low_score,7570.4,-0.837149,0.091025,-0.899654,0.080708,5.703037,0.541901,1.115334,5.999717,0.333231,0.440415,-1.0,1.019239,-0.015496,0.013518,2.19157,0.005689,0.016869,0.24696,0.015561,0.06052,0.0001,,,,,0,lstm
265,592003,-500.09,-500.3093,2232,0,0,0,0,3.8267,1.318,low_score,7597.4,-0.837094,0.099756,-0.899753,0.08345,5.685051,0.562564,0.415316,5.999577,0.330503,0.442197,-1.0,1.049793,,,,,,,,,,,,,,0,lstm
266,594226,-500.0156,-500.2811,2223,0,0,0,0,3.809,1.315,low_score,7624.2,-0.839427,0.088684,-0.899613,0.174561,5.686052,0.539343,1.054916,5.99964,0.330219,0.442056,-1.0,1.04834,,,,,,,,,,,,,,0,lstm
267,596393,-500.4024,-500.3179,2167,0,0,0,0,3.8882,1.315,low_score,7650.0,-0.838842,0.099806,-0.899806,0.123958,5.683751,0.5463,1.189314,5.999598,0.319899,0.443445,-1.0,1.066986,,,,,,,,,,,,,,0,lstm
268,598659,-500.4659,-500.3486,2266,0,0,0,0,3.6808,1.32,low_score,7683.4,-0.835306,0.101714,-0.899793,0.297807,5.711492,0.499388,1.034394,5.999719,0.334751,0.442256,-1.0,1.015576,-0.01108,0.013779,2.192472,0.005673,0.020023,0.167739,0.028522,0.04225,0.0001,,,,,0,lstm
269,600820,-500.195,-500.3661,2161,0,0,0,0,3.7734,1.319,low_score,7709.5,-0.835981,0.103223,-0.899723,0.295532,5.673182,0.587262,1.085813,5.999819,0.328295,0.442356,-1.0,1.043108,,,,,,,,,,,,,,0,lstm
270,602991,-500.51,-500.3869,2171,0,0,0,0,3.8075,1.316,low_score,7735.8,-0.838573,0.092634,-0.899804,0.098674,5.67076,0.559695,1.121487,5.999671,0.327161,0.442803,-0.999999,1.045749,,,,,,,,,,,,,,0,lstm
271,605316,-500.0971,-500.3441,2325,0,0,0,0,3.6717,1.326,low_score,7763.7,-0.83206,0.107858,-0.899624,0.286921,5.696406,0.538386,0.800912,5.999784,0.331749,0.441486,-1.0,1.017148,,,,,,,,,,,,,,0,lstm
272,607686,-500.7282,-500.3759,2370,0,0,0,0,3.6908,1.321,low_score,7796.3,-0.835179,0.096647,-0.89978,0.154622,5.675212,0.551358,1.320657,5.999739,0.331298,0.440131,-1.0,1.017158,-0.003047,0.013828,2.19289,0.005657,0.017872,0.218402,0.017925,0.058342,0.0001,,,,,0,lstm
273,610034,-500.3484,-500.3516,2348,0,0,0,0,3.6857,1.319,low_score,7824.3,-0.836246,0.095679,-0.899737,0.110453,5.683032,0.585684,0.871248,5.999518,0.330075,0.441182,-1.0,1.015639,,,,,,,,,,,,,,0,lstm
274,612207,-500.4701,-500.3323,2173,0,0,0,0,3.825,1.315,low_score,7850.5,-0.839143,0.090586,-0.899786,-0.15757,5.683963,0.563163,1.290365,5.999892,0.325434,0.442674,-1.0,1.053988,,,,,,,,,,,,,,0,lstm
275,614566,-500.4256,-500.3658,2359,0,0,0,0,3.6414,1.323,low_score,7878.6,-0.833995,0.099157,-0.899461,0.155609,5.67588,0.586244,1.036119,5.999186,0.328808,0.441826,-1.0,1.007908,,,,,,,,,,,,,,0,lstm
276,616848,-500.3023,-500.3945,2282,0,0,0,0,3.7153,1.324,low_score,7909.2,-0.832973,0.103483,-0.899539,0.542992,5.720592,0.492168,1.037758,5.999873,0.334835,0.44172,-1.0,1.024449,-0.007529,0.013063,2.193136,0.00564,0.018333,0.159604,0.017966,0.039137,0.0001,,,,,0,lstm
277,619081,-500.2367,-500.3779,2233,0,0,0,0,3.7667,1.316,low_score,7935.4,-0.838738,0.091289,-0.899816,0.015942,5.705597,0.5151,1.601922,5.999835,0.332028,0.44184,-1.0,1.039034,,,,,,,,,,,,,,0,lstm
278,621426,-500.5066,-500.382,2345,0,0,0,0,3.6508,1.321,low_score,7963.5,-0.833848,0.108567,-0.899775,0.574362,5.70383,0.574505,0.428841,5.999733,0.334697,0.441386,-1.0,1.009291,,,,,,,,,,,,,,0,lstm
279,623606,-500.0841,-500.3709,2180,0,0,0,0,3.8698,1.317,low_score,7989.6,-0.837844,0.102454,-0.89969,0.416916,5.71343,0.521511,1.588583,5.999855,0.324775,0.443027,-1.0,1.06292,,,,,,,,,,,,,,0,lstm
280,625885,-500.2499,-500.3449,2279,0,0,0,0,3.6589,1.316,low_score,8020.4,-0.837511,0.10526,-0.899432,0.236184,5.702916,0.557364,0.28951,5.999663,0.333915,0.442375,-1.0,1.008462,-0.009417,0.013598,2.193456,0.005624,0.021163,0.250867,0.032836,0.066865,0.0001,,,,,0,lstm
281,628164,-500.336,-500.3688,2279,0,0,0,0,3.6546,1.324,low_score,8047.6,-0.8334,0.110372,-0.899709,0.561126,5.698944,0.543328,1.647931,5.999857,0.333872,0.442282,-1.0,1.010571,,,,,,,,,,,,,,0,lstm
282,630518,-500.3429,-500.3302,2354,0,0,0,0,3.6867,1.317,low_score,8075.9,-0.837178,0.104218,-0.899745,0.540091,5.704134,0.546531,0.671909,5.999849,0.331195,0.440599,-1.0,1.011873,,,,,,,,,,,,,,0,lstm
283,632740,-500.0268,-500.2981,2222,0,0,0,0,3.8369,1.321,low_score,8102.8,-0.835503,0.099781,-0.89963,0.205828,5.73362,0.480748,1.466327,5.99963,0.327048,0.442231,-0.999999,1.057383,,,,,,,,,,,,,,0,lstm
284,635089,-500.2446,-500.2755,2349,0,0,0,0,3.6083,1.326,low_score,8135.1,-0.83287,0.099307,-0.899876,0.10707,5.724024,0.464335,1.096703,5.999716,0.332022,0.442224,-1.0,1.0,-0.016911,0.013138,2.19489,0.005608,0.020326,0.18885,0.026215,0.046286,0.0001,,,,,0,lstm
285,637353,-500.5173,-500.2847,2264,0,0,0,0,3.7096,1.318,low_score,8161.7,-0.836933,0.100821,-0.899585,0.139201,5.748741,0.432203,1.137238,5.999739,0.331834,0.442066,-1.0,1.024753,,,,,,,,,,,,,,0,lstm
286,639520,-500.1227,-500.2668,2167,0,0,0,0,3.8873,1.317,low_score,8187.7,-0.838161,0.094637,-0.899727,0.253453,5.706721,0.538138,1.461326,5.99969,0.320358,0.443552,-1.0,1.067222,,,,,,,,,,,,,,0,lstm
287,641857,-500.5042,-500.2935,2337,0,0,0,0,3.6681,1.325,low_score,8215.7,-0.832036,0.107694,-0.899598,0.313111,5.730398,0.502319,0.63965,5.99963,0.333437,0.441004,-0.999999,1.011425,,,,,,,,,,,,,,0,lstm
288,644000,-500.2535,-500.2682,2143,0,0,0,0,3.8693,1.312,low_score,8244.5,-0.840439,0.094414,-0.899605,0.296394,5.730091,0.541667,0.443821,5.999881,0.321225,0.44303,-1.0,1.061822,-0.009545,0.012619,2.197656,0.005592,0.019333,0.210269,0.02346,0.053513,0.0001,,,,,0,lstm
289,646227,-500.5881,-500.3186,2227,0,0,0,0,3.7479,1.318,low_score,8271.6,-0.837107,0.099211,-0.899549,0.400485,5.716603,0.515112,1.486906,5.999686,0.332723,0.441812,-1.0,1.033502,,,,,,,,,,,,,,0,lstm
290,648428,-500.1311,-500.3067,2201,0,0,0,0,3.8705,1.321,low_score,8298.1,-0.834616,0.107772,-0.899622,0.306552,5.72786,0.509901,1.006626,5.999703,0.324933,0.442946,-1.0,1.063189,,,,,,,,,,,,,,0,lstm
291,650746,-500.0879,-500.2819,2318,0,0,0,0,3.6405,1.328,low_score,8326.5,-0.830191,0.116957,-0.899907,0.448787,5.738511,0.492006,0.991978,5.999239,0.332384,0.441936,-1.0,1.009743,,,,,,,,,,,,,,0,lstm
292,653094,-500.2924,-500.2769,2348,0,0,0,0,3.6638,1.321,low_score,8358.4,-0.835591,0.097604,-0.899914,0.253359,5.717316,0.526458,1.348821,5.999873,0.330574,0.441094,-1.0,1.012037,-0.01525,0.011769,2.199985,0.005576,0.018903,0.197051,0.022544,0.047811,0.0001,,,,,0,lstm
293,655438,-500.1532,-500.2895,2344,0,0,0,0,3.6281,1.324,low_score,8386.9,-0.832961,0.10595,-0.899898,0.426451,5.723471,0.518063,0.719379,5.999956,0.33342,0.441856,-0.999999,1.002589,,,,,,,,,,,,,,0,lstm
294,657692,-500.3217,-500.2972,2254,0,0,0,0,3.7385,1.324,low_score,8414.1,-0.834031,0.099702,-0.899605,0.111702,5.712743,0.532902,1.071807,5.999822,0.334568,0.441981,-1.0,1.02926,,,,,,,,,,,,,,0,lstm
295,659920,-500.1068,-500.2562,2228,0,0,0,0,3.8298,1.334,low_score,8441.0,-0.827539,0.114955,-0.899684,0.135563,5.718023,0.521644,1.321964,5.999864,0.328897,0.44267,-1.0,1.057152,,,,,,,,,,,,,,0,lstm
296,662198,-500.3502,-500.2789,2278,0,0,0,0,3.729,1.324,low_score,8471.9,-0.833287,0.105126,-0.89978,0.201636,5.731112,0.500525,0.553301,5.999876,0.334446,0.441563,-1.0,1.029481,-0.012511,0.01188,2.200468,0.005559,0.017876,0.209229,0.018647,0.047707,0.0001,,,,,0,lstm
297,664392,-500.4452,-500.273,2194,0,0,0,0,3.8433,1.323,low_score,8498.8,-0.833647,0.106088,-0.899838,0.63896,5.732349,0.489881,0.744636,5.999933,0.323267,0.44314,-1.0,1.059809,,,,,,,,,,,,,,0,lstm
298,666750,-500.1697,-500.2646,2358,0,0,0,0,3.704,1.325,low_score,8527.2,-0.831915,0.104369,-0.899774,0.532092,5.716598,0.57065,0.531119,5.999869,0.332672,0.439965,-1.0,1.02383,,,,,,,,,,,,,,0,lstm
299,668963,-500.1714,-500.223,2213,0,0,0,0,3.7682,1.326,low_score,8554.2,-0.832614,0.106467,-0.899678,0.060731,5.71917,0.536143,0.973439,5.999871,0.329275,0.442472,-1.0,1.038211,,,,,,,,,,,,,,0,lstm
300,671198,-500.0285,-500.2127,2235,0,0,0,0,3.8334,1.326,low_score,8584.6,-0.83159,0.115963,-0.899739,0.232259,5.731206,0.525868,0.866347,5.999693,0.328978,0.442409,-1.0,1.055298,-0.013132,0.012283,2.200864,0.005543,0.016888,0.282201,0.012977,0.067155,0.0001,,,,,0,lstm
301,673441,-500.4471,-500.2486,2243,0,0,0,0,3.7043,1.334,low_score,8611.8,-0.826532,0.122721,-0.899709,0.500167,5.723834,0.496063,1.500416,5.999696,0.33524,0.442584,-1.0,1.024638,,,,,,,,,,,,,,0,lstm
302,675661,-500.6311,-500.2825,2220,0,0,0,0,3.7895,1.322,low_score,8638.4,-0.835269,0.097131,-0.899486,0.193637,5.706695,0.512178,1.584358,5.999622,0.331482,0.441985,-1.0,1.042289,,,,,,,,,,,,,,0,lstm
303,677807,-500.2516,-500.2923,2146,0,0,0,0,3.8029,1.326,low_score,8664.6,-0.83184,0.104986,-0.899807,0.603347,5.730798,0.4903,0.951897,5.999754,0.326433,0.442467,-1.0,1.04769,,,,,,,,,,,,,,0,lstm
304,679166,-337.7806,-484.0382,1359,0,0,1,0,3.7024,1.316,collision,8685.3,-0.837849,0.092298,-0.899719,0.207498,5.71616,0.56472,0.239599,5.999465,0.322562,0.439883,-1.0,1.005476,0.008235,0.012597,2.200893,0.005527,0.021297,0.197974,0.019758,0.047401,0.0001,,,,,0,lstm
305,681420,-500.0421,-484.0317,2254,0,0,0,0,3.6927,1.324,low_score,8712.8,-0.833231,0.106174,-0.899713,0.211892,5.689659,0.568767,0.472082,5.999785,0.33137,0.442466,-1.0,1.022719,,,,,,,,,,,,,,0,lstm
306,683706,-500.6708,-484.0638,2286,0,0,0,0,3.7083,1.33,low_score,8740.5,-0.829362,0.115959,-0.899362,0.31378,5.715665,0.506518,0.694772,5.999834,0.334446,0.441613,-1.0,1.023127,,,,,,,,,,,,,,0,lstm
307,686053,-500.1965,-484.0389,2347,0,0,0,0,3.7107,1.329,low_score,8769.1,-0.830559,0.104801,-0.899751,0.004705,5.697952,0.5648,0.917899,5.999466,0.329893,0.440746,-1.0,1.025234,,,,,,,,,,,,,,0,lstm
308,688338,-500.0496,-484.0269,2285,0,0,0,0,3.7057,1.325,low_score,8800.5,-0.832464,0.110019,-0.899798,0.433935,5.710184,0.559975,0.761739,5.999909,0.331336,0.441964,-1.0,1.02383,-0.015396,0.011782,2.201879,0.005511,0.017714,0.269978,0.012186,0.062312,0.0001,,,,,0,lstm
309,690558,-500.467,-484.0565,2220,0,0,0,0,3.8242,1.322,low_score,8827.2,-0.834815,0.095362,-0.899692,-0.015145,5.688519,0.549826,1.233418,5.999769,0.32592,0.442456,-1.0,1.055184,,,,,,,,,,,,,,0,lstm
310,692854,-500.5919,-484.1128,2296,0,0,0,0,3.6684,1.321,low_score,8855.0,-0.835599,0.095777,-0.899628,0.012717,5.695154,0.553747,1.335089,5.999699,0.33465,0.441826,-1.0,1.015151,,,,,,,,,,,,,,0,lstm
311,695083,-500.3255,-484.1007,2229,0,0,0,0,3.7918,1.325,low_score,8882.2,-0.832635,0.103772,-0.899718,0.085169,5.695542,0.549743,0.246355,5.999625,0.331202,0.441839,-1.0,1.041433,,,,,,,,,,,,,,0,lstm
312,697408,-500.6586,-484.1034,2325,0,0,0,0,3.6829,1.326,low_score,8913.7,-0.83224,0.105,-0.899714,0.371493,5.707141,0.529674,1.333937,5.999807,0.331523,0.441475,-1.0,1.016232,-0.021478,0.012014,2.20261,0.005495,0.01708,0.242567,0.01259,0.061847,0.0001,,,,,0,lstm
313,699694,-500.418,-484.12,2286,0,0,0,0,3.7349,1.319,low_score,8941.2,-0.836611,0.097118,-0.899853,0.096825,5.692906,0.535003,0.939457,5.99957,0.334457,0.441308,-1.0,1.024836,,,,,,,,,,,,,,0,lstm
314,701993,-500.389,-500.3809,2299,0,0,0,0,3.7017,1.319,low_score,8968.8,-0.836449,0.097194,-0.899822,0.166176,5.699122,0.531691,1.160641,5.999766,0.335544,0.44166,-1.0,1.021034,,,,,,,,,,,,,,0,lstm
315,704284,-500.4212,-500.4188,2291,0,0,0,0,3.6833,1.322,low_score,8996.4,-0.835049,0.101027,-0.899724,0.176535,5.686044,0.527813,1.273234,5.999889,0.33413,0.441781,-1.0,1.014223,,,,,,,,,,,,,,0,lstm
316,706540,-500.6757,-500.4193,2256,0,0,0,0,3.7424,1.323,low_score,9027.4,-0.833896,0.105113,-0.899693,0.269618,5.709287,0.494997,1.445274,5.999422,0.330427,0.441965,-1.0,1.034148,-0.019528,0.011783,2.2031,0.005478,0.016587,0.172337,0.014359,0.043172,0.0001,,,,,0,lstm
317,708778,-500.1752,-500.4172,2238,0,0,0,0,3.7107,1.315,low_score,9054.2,-0.83876,0.096542,-0.899847,0.333375,5.681325,0.579609,0.15103,5.999665,0.331239,0.442813,-1.0,1.024819,,,,,,,,,,,,,,0,lstm
318,711014,-500.335,-500.4457,2236,0,0,0,0,3.8525,1.319,low_score,9081.4,-0.835927,0.099495,-0.899729,0.105947,5.675787,0.602038,0.430665,5.999768,0.325335,0.442501,-1.0,1.056411,,,,,,,,,,,,,,0,lstm
319,713324,-500.1082,-500.4098,2310,0,0,0,0,3.7059,1.319,low_score,9108.5,-0.837072,0.089867,-0.899814,0.04069,5.691098,0.55946,0.85407,5.999262,0.331955,0.441562,-1.0,1.020553,,,,,,,,,,,,,,0,lstm
320,715535,-500.2877,-500.3794,2211,0,0,0,0,3.8556,1.321,low_score,9139.0,-0.835524,0.102907,-0.899486,0.114469,5.697988,0.517866,1.722148,5.999598,0.325828,0.442458,-1.0,1.059273,-0.0217,0.01193,2.20345,0.005462,0.016769,0.248469,0.010612,0.063105,0.0001,,,,,0,lstm
321,717694,-500.1875,-500.3656,2159,0,0,0,0,3.7632,1.325,low_score,9165.2,-0.833091,0.102754,-0.899583,0.132684,5.698631,0.579426,0.859177,5.999599,0.329202,0.442309,-1.0,1.039508,,,,,,,,,,,,,,0,lstm
322,719957,-500.5012,-500.3499,2263,0,0,0,0,3.693,1.325,low_score,9192.3,-0.832391,0.105033,-0.899833,0.581847,5.715091,0.517125,1.102553,5.999707,0.333711,0.441847,-1.0,1.020816,,,,,,,,,,,,,,0,lstm
323,722200,-500.037,-500.3118,2243,0,0,0,0,3.8297,1.327,low_score,9219.2,-0.831503,0.106791,-0.899665,0.509152,5.678788,0.593191,1.001662,5.999483,0.326831,0.442139,-1.0,1.053657,,,,,,,,,,,,,,0,lstm
324,724391,-500.4786,-500.3207,2191,0,0,0,0,3.8255,1.327,low_score,9249.4,-0.831476,0.105637,-0.899724,0.285583,5.703374,0.508621,1.753941,5.999811,0.325316,0.442913,-1.0,1.055058,-0.012672,0.011794,2.204224,0.005446,0.017519,0.224699,0.011929,0.055755,0.0001,,,,,0,lstm
325,726747,-500.5886,-500.3375,2356,0,0,0,0,3.6962,1.325,low_score,9277.6,-0.832769,0.103771,-0.899595,0.443482,5.716219,0.508463,0.863225,5.99963,0.32891,0.440949,-1.0,1.017135,,,,,,,,,,,,,,0,lstm
326,728994,-500.1503,-500.2849,2247,0,0,0,0,3.8289,1.327,low_score,9304.7,-0.831861,0.111166,-0.899751,0.184372,5.685755,0.562446,0.699595,5.999495,0.326729,0.441739,-1.0,1.052672,,,,,,,,,,,,,,0,lstm
327,731340,-500.5793,-500.3253,2346,0,0,0,0,3.6816,1.321,low_score,9332.9,-0.83588,0.098282,-0.899813,0.02103,5.700911,0.564999,0.858932,5.999707,0.329951,0.441183,-1.0,1.013221,,,,,,,,,,,,,,0,lstm
328,733610,-500.082,-500.3,2270,0,0,0,0,3.7414,1.326,low_score,9364.1,-0.832386,0.103868,-0.899667,0.248154,5.700163,0.5248,1.033604,5.99975,0.3328,0.441359,-1.0,1.032761,-0.02312,0.011136,2.204883,0.00543,0.015966,0.116714,0.015315,0.030635,0.0001,,,,,0,lstm
329,735788,-500.4693,-500.3362,2178,0,0,0,0,3.8439,1.319,low_score,9390.5,-0.835854,0.096034,-0.899507,0.373053,5.708431,0.559069,0.746099,5.999755,0.327294,0.442646,-1.0,1.053918,,,,,,,,,,,,,,0,lstm
330,738035,-500.1517,-500.3225,2247,0,0,0,0,3.7342,1.322,low_score,9417.7,-0.834743,0.099283,-0.899524,-0.097462,5.702771,0.523034,0.864994,5.999602,0.332283,0.441797,-1.0,1.027227,,,,,,,,,,,,,,0,lstm
331,740391,-500.6654,-500.3703,2356,0,0,0,0,3.6331,1.323,low_score,9446.2,-0.834033,0.104497,-0.899662,0.088318,5.701861,0.558301,1.051831,5.99977,0.330316,0.441565,-1.0,1.000962,,,,,,,,,,,,,,0,lstm
332,742686,-500.1465,-500.3349,2295,0,0,0,0,3.6933,1.326,low_score,9477.8,-0.832315,0.105356,-0.899428,0.137826,5.712002,0.510136,1.559405,5.999656,0.335061,0.441732,-1.0,1.017845,-0.013611,0.011023,2.205674,0.005414,0.018584,0.308973,0.02028,0.076537,0.0001,,,,,0,lstm
333,744921,-500.2971,-500.3609,2235,0,0,0,0,3.7381,1.314,low_score,9505.0,-0.839968,0.087543,-0.899711,-0.030552,5.692214,0.589468,0.820847,5.999836,0.333203,0.441807,-1.0,1.029368,,,,,,,,,,,,,,0,lstm
334,747191,-500.303,-500.3433,2270,0,0,0,0,3.8063,1.323,low_score,9532.5,-0.834116,0.102317,-0.899536,0.296566,5.723485,0.499704,1.154683,5.999883,0.32738,0.441744,-1.0,1.048913,,,,,,,,,,,,,,0,lstm
335,749342,-500.4093,-500.3254,2151,0,0,0,0,3.8603,1.319,low_score,9558.2,-0.836631,0.097653,-0.899671,0.131053,5.720521,0.517583,1.034036,5.999375,0.321846,0.443216,-0.999999,1.058759,,,,,,,,,,,,,,0,lstm
336,751629,-500.642,-500.3746,2287,0,0,0,0,3.7596,1.314,low_score,9589.4,-0.839472,0.090646,-0.899536,0.118052,5.701374,0.548262,0.987659,5.999612,0.332782,0.441152,-1.0,1.037325,-0.008788,0.011088,2.207639,0.005397,0.018336,0.160954,0.02013,0.040248,0.0001,,,,,0,lstm
337,753773,-500.4968,-500.3663,2144,0,0,0,0,3.8692,1.315,low_score,9615.4,-0.838885,0.096155,-0.899727,0.244997,5.724014,0.501359,1.164058,5.99956,0.322684,0.442935,-1.0,1.061781,,,,,,,,,,,,,,0,lstm
338,756000,-500.5135,-500.4095,2227,0,0,0,0,3.8568,1.316,low_score,9642.1,-0.837153,0.105625,-0.899677,0.383567,5.718301,0.520135,0.462074,5.999801,0.326224,0.442377,-1.0,1.0598,,,,,,,,,,,,,,0,lstm
339,758261,-500.3152,-500.394,2261,0,0,0,0,3.7367,1.319,low_score,9669.6,-0.836567,0.09978,-0.899695,0.058583,5.715917,0.541484,0.428908,5.999827,0.33235,0.441532,-1.0,1.029417,,,,,,,,,,,,,,0,lstm
340,760600,-500.6623,-500.4451,2339,0,0,0,0,3.7135,1.323,low_score,9700.9,-0.833658,0.104799,-0.899781,0.244419,5.715505,0.497903,0.504186,5.999762,0.334245,0.440622,-1.0,1.022891,-0.004387,0.01138,2.209172,0.005381,0.021378,0.21682,0.033102,0.048623,0.0001,,,,,0,lstm
341,762871,-500.4999,-500.4286,2271,0,0,0,0,3.7859,1.319,low_score,9728.5,-0.836783,0.099087,-0.899578,0.203371,5.744423,0.462703,1.427064,5.999644,0.331545,0.441426,-1.0,1.042711,,,,,,,,,,,,,,0,lstm
342,765074,-500.0215,-500.4161,2203,0,0,0,0,3.7873,1.316,low_score,9755.0,-0.838406,0.101178,-0.899856,0.137246,5.732142,0.534519,0.382975,5.999757,0.330538,0.441901,-1.0,1.038791,,,,,,,,,,,,,,0,lstm
343,767375,-500.3423,-500.4206,2301,0,0,0,0,3.771,1.322,low_score,9782.6,-0.834556,0.09945,-0.899786,0.005855,5.727561,0.505526,0.697758,5.999743,0.33289,0.44107,-1.0,1.036237,,,,,,,,,,,,,,0,lstm
344,769561,-500.133,-500.4036,2186,0,0,0,0,3.7822,1.324,low_score,9812.4,-0.833708,0.10068,-0.899832,0.09622,5.73234,0.500115,1.35498,5.999885,0.328729,0.442376,-0.999999,1.043803,-0.019207,0.010977,2.20915,0.005365,0.018923,0.149758,0.02552,0.037079,0.0001,,,,,0,lstm
345,771879,-500.6672,-500.4294,2318,0,0,0,0,3.6253,1.323,low_score,9840.1,-0.83431,0.103475,-0.899741,0.151593,5.749692,0.465153,1.052292,5.999922,0.333865,0.442144,-1.0,1.003725,,,,,,,,,,,,,,0,lstm
346,774208,-500.6275,-500.4279,2329,0,0,0,0,3.6925,1.321,low_score,9868.4,-0.834961,0.10658,-0.899606,0.451362,5.715661,0.519592,0.939492,5.99985,0.331506,0.440894,-1.0,1.017747,,,,,,,,,,,,,,0,lstm
347,776471,-500.012,-500.3794,2263,0,0,0,0,3.801,1.324,low_score,9895.7,-0.833293,0.112566,-0.899861,0.251792,5.731971,0.503595,0.689788,5.999727,0.330146,0.441479,-1.0,1.046675,,,,,,,,,,,,,,0,lstm
348,778712,-500.2965,-500.3577,2241,0,0,0,0,3.8302,1.319,low_score,9926.0,-0.83647,0.100355,-0.899869,0.185658,5.737465,0.48961,0.930327,5.999666,0.328554,0.442048,-1.0,1.054145,-0.012342,0.010965,2.210165,0.005349,0.018712,0.183332,0.017974,0.042123,0.0001,,,,,0,lstm
349,780983,-500.6349,-500.3897,2271,0,0,0,0,3.7208,1.323,low_score,9953.1,-0.833953,0.109349,-0.899719,0.276665,5.752578,0.451149,1.56109,5.999437,0.331205,0.441827,-1.0,1.02711,,,,,,,,,,,,,,0,lstm
350,783291,-500.1719,-500.3407,2308,0,0,0,0,3.6894,1.325,low_score,9981.3,-0.832286,0.114462,-0.899857,0.586253,5.748046,0.48917,1.833616,5.999725,0.331182,0.441599,-1.0,1.017498,,,,,,,,,,,,,,0,lstm
351,785447,-500.0512,-500.2958,2156,0,0,0,0,3.7504,1.326,low_score,10007.4,-0.83262,0.113943,-0.899714,0.112577,5.742185,0.483679,0.792604,5.999818,0.330784,0.442279,-1.0,1.037382,,,,,,,,,,,,,,0,lstm
352,787795,-500.003,-500.2939,2348,0,0,0,0,3.6598,1.319,low_score,10039.0,-0.83652,0.100301,-0.899816,0.332562,5.734797,0.503167,1.515896,5.999263,0.333135,0.440877,-1.0,1.010945,-0.013562,0.010463,2.212853,0.005333,0.017622,0.230137,0.009789,0.057486,0.0001,,,,,0,lstm
353,790097,-500.2964,-500.2893,2302,0,0,0,0,3.7224,1.317,low_score,10066.4,-0.838215,0.094997,-0.899683,0.005944,5.746771,0.456313,1.082044,5.999699,0.333963,0.441243,-1.0,1.025631,,,,,,,,,,,,,,0,lstm
354,792414,-500.2489,-500.3009,2317,0,0,0,0,3.6321,1.318,low_score,10094.1,-0.837108,0.100258,-0.899935,0.167173,5.749981,0.456958,1.573121,5.999749,0.334557,0.442043,-1.0,1.008095,,,,,,,,,,,,,,0,lstm
355,794736,-500.4475,-500.279,2322,0,0,0,0,3.7433,1.321,low_score,10122.0,-0.835303,0.104699,-0.899744,0.508091,5.747178,0.480207,1.106548,5.999899,0.332027,0.440645,-1.0,1.03542,,,,,,,,,,,,,,0,lstm
356,796910,-500.4792,-500.2641,2174,0,0,0,0,3.7796,1.32,low_score,10152.3,-0.836304,0.101367,-0.899745,0.33071,5.747427,0.466657,1.467718,5.999718,0.328941,0.442491,-1.0,1.043023,-0.01274,0.010631,2.21332,0.005316,0.019585,0.207618,0.01907,0.05717,0.0001,,,,,0,lstm
357,799076,-500.075,-500.2704,2166,0,0,0,0,3.8928,1.32,low_score,10178.5,-0.835609,0.110476,-0.89982,0.51838,5.731829,0.486294,1.184171,5.999764,0.319682,0.443652,-1.0,1.070674,,,,,,,,,,,,,,0,lstm
358,801439,-500.585,-500.2993,2363,0,0,0,0,3.5936,1.316,low_score,10207.2,-0.838646,0.09412,-0.899736,-0.086531,5.735458,0.50263,0.703868,5.999796,0.332841,0.441982,-1.0,1.0,,,,,,,,,,,,,,0,lstm
359,803695,-500.4715,-500.2829,2256,0,0,0,0,3.7412,1.319,low_score,10234.5,-0.83604,0.108194,-0.899818,0.332071,5.745119,0.500373,0.401007,5.999816,0.333023,0.441811,-1.0,1.033197,,,,,,,,,,,,,,0,lstm
360,805900,-500.3423,-500.3,2205,0,0,0,0,3.8553,1.323,low_score,10264.2,-0.83367,0.106966,-0.899731,0.335543,5.708091,0.561012,0.886741,5.999866,0.325509,0.443174,-1.0,1.063746,-0.003174,0.010304,2.212862,0.0053,0.020922,0.268151,0.017167,0.071527,0.0001,,,,,0,lstm
361,808233,-500.4544,-500.3403,2333,0,0,0,0,3.6827,1.306,low_score,10292.1,-0.844269,0.095096,-0.899855,0.178,5.742768,0.501768,0.907588,5.999658,0.330258,0.4414,-1.0,1.014503,,,,,,,,,,,,,,0,lstm
362,810453,-500.0638,-500.3464,2220,0,0,0,0,3.853,1.316,low_score,10318.7,-0.837325,0.105323,-0.899807,0.635067,5.729905,0.517851,0.952126,5.999898,0.325878,0.442635,-1.0,1.060743,,,,,,,,,,,,,,0,lstm
363,812733,-500.4498,-500.3617,2280,0,0,0,0,3.6953,1.315,low_score,10346.0,-0.838352,0.106907,-0.899838,0.292127,5.748676,0.475861,0.734939,5.999741,0.333829,0.441801,-1.0,1.019513,,,,,,,,,,,,,,0,lstm
364,814971,-500.413,-500.3782,2238,0,0,0,0,3.7313,1.314,low_score,10376.3,-0.839647,0.100293,-0.899818,-0.043284,5.726863,0.513317,1.271682,5.999636,0.333036,0.441911,-1.0,1.027475,-0.009775,0.010257,2.211627,0.005284,0.020251,0.180546,0.024779,0.045463,0.0001,,,,,0,lstm
365,817327,-500.3872,-500.3721,2356,0,0,0,0,3.7178,1.314,low_score,10404.1,-0.839329,0.098176,-0.899684,0.290937,5.743661,0.470159,1.052796,5.999607,0.333223,0.439863,-1.0,1.023186,,,,,,,,,,,,,,0,lstm
366,819610,-500.2871,-500.3529,2283,0,0,0,0,3.6965,1.314,low_score,10431.0,-0.839029,0.105709,-0.899737,0.373858,5.734938,0.504112,0.874365,5.999826,0.334333,0.441646,-1.0,1.019967,,,,,,,,,,,,,,0,lstm
367,821816,-500.5978,-500.4052,2206,0,0,0,0,3.7772,1.309,low_score,10457.2,-0.842728,0.091265,-0.899673,0.116228,5.738757,0.492472,1.695798,5.99964,0.332245,0.442074,-1.0,1.037202,,,,,,,,,,,,,,0,lstm
368,824050,-500.1748,-500.3642,2234,0,0,0,0,3.7207,1.316,low_score,10487.7,-0.838268,0.107222,-0.899873,0.118016,5.731443,0.503741,0.934706,5.999472,0.332082,0.442462,-1.0,1.025203,-0.022647,0.010244,2.211372,0.005268,0.01718,0.201089,0.015929,0.047127,0.0001,,,,,0,lstm
369,826213,-500.1869,-500.3357,2163,0,0,0,0,3.8828,1.308,low_score,10514.0,-0.843079,0.098579,-0.899881,0.177562,5.735956,0.48745,2.013563,5.999928,0.322349,0.443192,-1.0,1.064896,,,,,,,,,,,,,,0,lstm
370,828376,-500.5405,-500.3555,2163,0,0,0,0,3.8595,1.313,low_score,10539.8,-0.839873,0.097257,-0.899705,0.088786,5.727932,0.547241,0.742933,5.999786,0.323056,0.443154,-1.0,1.058273,,,,,,,,,,,,,,0,lstm
371,830520,-500.3431,-500.3444,2144,0,0,0,0,3.8771,1.312,low_score,10565.7,-0.840705,0.102008,-0.899825,0.367679,5.737415,0.483327,0.759444,5.999911,0.319403,0.44339,-1.0,1.067457,,,,,,,,,,,,,,0,lstm
372,832868,-500.7043,-500.4085,2348,0,0,0,0,3.5937,1.317,low_score,10599.3,-0.837324,0.104822,-0.899676,0.302174,5.730357,0.494059,0.993385,5.999899,0.333354,0.44245,-1.0,1.0,-0.000831,0.010508,2.211454,0.005252,0.022069,0.278822,0.026641,0.067622,0.0001,,,,,0,lstm
373,835147,-500.2979,-500.3933,2279,0,0,0,0,3.6901,1.303,low_score,10626.8,-0.846055,0.089001,-0.899874,0.361133,5.743927,0.465562,2.028303,5.999596,0.333349,0.441914,-1.0,1.017429,,,,,,,,,,,,,,0,lstm
374,837471,-500.607,-500.4127,2324,0,0,0,0,3.7225,1.308,low_score,10654.8,-0.843598,0.090299,-0.899656,0.041689,5.717976,0.520389,1.166584,5.999675,0.330837,0.440777,-1.0,1.02499,,,,,,,,,,,,,,0,lstm
375,839757,-500.468,-500.4207,2286,0,0,0,0,3.7542,1.304,low_score,10682.1,-0.845696,0.092174,-0.899681,0.281905,5.72224,0.527757,0.745344,5.999696,0.330292,0.441463,-1.0,1.031485,,,,,,,,,,,,,,0,lstm
376,842073,-500.6922,-500.4613,2316,0,0,0,0,3.7015,1.31,low_score,10713.1,-0.842032,0.093994,-0.899748,0.24722,5.724464,0.508837,1.042391,5.999787,0.335301,0.441285,-1.0,1.01849,-0.019795,0.009991,2.21199,0.005235,0.017644,0.249745,0.019264,0.06269,0.0001,,,,,0,lstm
377,844375,-500.5293,-500.4544,2302,0,0,0,0,3.6817,1.306,low_score,10740.8,-0.844612,0.088649,-0.899775,-0.054915,5.727316,0.505443,0.879253,5.999835,0.331897,0.441772,-1.0,1.014334,,,,,,,,,,,,,,0,lstm
378,846556,-500.082,-500.4451,2181,0,0,0,0,3.7514,1.309,low_score,10767.2,-0.842523,0.093793,-0.899845,0.069485,5.739848,0.487916,0.849303,5.999764,0.330178,0.442261,-1.0,1.035768,,,,,,,,,,,,,,0,lstm
379,848732,-500.6521,-500.4917,2176,0,0,0,0,3.758,1.305,low_score,10793.4,-0.844373,0.096488,-0.8998,0.272812,5.719204,0.545783,1.01973,5.999743,0.330533,0.442416,-1.0,1.034094,,,,,,,,,,,,,,0,lstm
380,851079,-500.062,-500.4438,2347,0,0,0,0,3.582,1.312,low_score,10827.2,-0.839872,0.102477,-0.899775,0.260656,5.728811,0.510799,0.443774,5.999905,0.329388,0.442831,-0.999999,1.0,-0.019403,0.009975,2.212975,0.005219,0.018065,0.205656,0.013696,0.050876,0.0001,,,,,0,lstm
381,853254,-500.3865,-500.4481,2175,0,0,0,0,3.8233,1.307,low_score,10853.0,-0.84391,0.094357,-0.899702,0.065923,5.735056,0.511354,1.111539,5.999808,0.32564,0.44266,-1.0,1.052223,,,,,,,,,,,,,,0,lstm
382,855531,-500.3885,-500.4166,2277,0,0,0,0,3.6731,1.305,low_score,10880.0,-0.845316,0.081294,-0.89984,-0.028515,5.734132,0.480529,1.032058,5.999671,0.331661,0.442879,-1.0,1.011559,,,,,,,,,,,,,,0,lstm
383,857890,-500.5432,-500.4411,2359,0,0,0,0,3.6983,1.313,low_score,10908.2,-0.839809,0.097201,-0.899818,0.142696,5.747418,0.497563,0.323182,5.999802,0.331985,0.440199,-1.0,1.019625,,,,,,,,,,,,,,0,lstm
384,860174,-500.0875,-500.3891,2284,0,0,0,0,3.7583,1.313,low_score,10938.4,-0.840461,0.098009,-0.899856,0.15222,5.728965,0.457846,1.553146,5.9998,0.330976,0.441554,-1.0,1.035138,-0.015618,0.010159,2.214477,0.005203,0.016919,0.202759,0.0115,0.049078,0.0001,,,,,0,lstm
385,862322,-500.2796,-500.3703,2148,0,0,0,0,3.9189,1.307,low_score,10964.5,-0.843986,0.092234,-0.899915,0.145682,5.727385,0.463913,2.392743,5.999604,0.317346,0.443886,-1.0,1.074463,,,,,,,,,,,,,,0,lstm
386,864667,-500.4215,-500.3432,2345,0,0,0,0,3.6127,1.311,low_score,10993.2,-0.841392,0.097292,-0.899853,0.234411,5.733403,0.487842,1.332823,5.999828,0.330766,0.442195,-1.0,1.0,,,,,,,,,,,,,,0,lstm
387,866996,-500.3179,-500.3221,2329,0,0,0,0,3.6335,1.314,low_score,11021.3,-0.839016,0.103426,-0.899746,0.270108,5.731653,0.501269,0.731878,5.999827,0.33283,0.442004,-1.0,1.003912,,,,,,,,,,,,,,0,lstm
388,869300,-500.0883,-500.3227,2304,0,0,0,0,3.6841,1.314,low_score,11055.0,-0.839539,0.094471,-0.899736,0.213498,5.748167,0.472804,1.175511,5.999895,0.335115,0.441677,-1.0,1.01697,-0.021509,0.010168,2.215558,0.005187,0.018673,0.182815,0.017402,0.045355,0.0001,,,,,0,lstm
389,871499,-500.374,-500.2949,2199,0,0,0,0,3.7747,1.305,low_score,11081.3,-0.84555,0.086071,-0.899857,-0.026382,5.730674,0.50692,0.893642,5.999776,0.330216,0.442372,-1.0,1.037094,,,,,,,,,,,,,,0,lstm
390,873810,-500.0465,-500.2934,2311,0,0,0,0,3.686,1.312,low_score,11109.2,-0.840595,0.097279,-0.899726,0.091939,5.746322,0.490419,0.863688,5.999865,0.334481,0.44122,-1.0,1.016812,,,,,,,,,,,,,,0,lstm
391,876078,-500.4788,-500.3026,2268,0,0,0,0,3.6971,1.311,low_score,11135.6,-0.841186,0.098571,-0.899825,0.099445,5.733175,0.48655,0.559482,5.999657,0.332579,0.442101,-1.0,1.019307,,,,,,,,,,,,,,0,lstm
392,878267,-500.2347,-500.2872,2189,0,0,0,0,3.7598,1.307,low_score,11165.3,-0.844153,0.089324,-0.899722,0.07545,5.725593,0.534626,0.616544,5.999424,0.330693,0.442137,-1.0,1.036255,-0.00264,0.010552,2.215799,0.005171,0.017276,0.159799,0.01531,0.03773,0.0001,,,,,0,lstm
393,880419,-500.27,-500.2599,2152,0,0,0,0,3.8181,1.314,low_score,11191.1,-0.839674,0.098386,-0.899754,0.072689,5.729105,0.521069,1.303787,5.999706,0.32533,0.442471,-1.0,1.052325,,,,,,,,,,,,,,0,lstm
394,882647,-500.1161,-500.2627,2228,0,0,0,0,3.817,1.311,low_score,11218.0,-0.841022,0.10463,-0.899874,0.552043,5.706296,0.567924,0.607714,5.999798,0.330057,0.442035,-1.0,1.048919,,,,,,,,,,,,,,0,lstm
395,884962,-500.6561,-500.3004,2315,0,0,0,0,3.6317,1.31,low_score,11245.8,-0.841548,0.100456,-0.899778,0.317122,5.726681,0.503497,0.672773,5.99964,0.335544,0.442556,-0.999999,1.003117,,,,,,,,,,,,,,0,lstm
396,887246,-500.2757,-500.2858,2284,0,0,0,0,3.6562,1.311,low_score,11277.0,-0.840447,0.104179,-0.899721,0.505925,5.729517,0.531163,0.637311,5.999564,0.332157,0.442775,-1.0,1.008171,-0.010902,0.010833,2.216356,0.005154,0.020746,0.230264,0.026172,0.058696,0.0001,,,,,0,lstm
397,889546,-500.2135,-500.2754,2300,0,0,0,0,3.6397,1.313,low_score,11304.3,-0.840008,0.097979,-0.899695,0.235839,5.71316,0.531748,0.552487,5.99995,0.331079,0.442722,-1.0,1.00271,,,,,,,,,,,,,,0,lstm
398,891803,-500.1773,-500.2843,2257,0,0,0,0,3.6921,1.307,low_score,11331.5,-0.84344,0.09835,-0.89974,0.386315,5.706944,0.561899,0.498773,5.999884,0.333362,0.442084,-1.0,1.015444,,,,,,,,,,,,,,0,lstm
399,894054,-500.5632,-500.3032,2251,0,0,0,0,3.7887,1.309,low_score,11358.4,-0.842414,0.096166,-0.899729,0.089794,5.731973,0.505978,0.390564,5.999711,0.330653,0.4415,-1.0,1.04176,,,,,,,,,,,,,,0,lstm
400,896196,-500.0198,-500.3005,2142,0,0,0,0,3.792,1.308,low_score,11387.7,-0.842386,0.097736,-0.899816,0.333391,5.722014,0.51177,0.53855,5.999925,0.327162,0.442542,-1.0,1.041414,-0.001635,0.010602,2.215927,0.005138,0.019044,0.281983,0.013658,0.068146,0.0001,,,,,0,lstm
401,898437,-500.6975,-500.3224,2241,0,0,0,0,3.7823,1.307,low_score,11414.3,-0.843692,0.095176,-0.899754,0.326577,5.719228,0.525296,0.651267,5.999869,0.329483,0.441908,-1.0,1.041562,,,,,,,,,,,,,,0,lstm
402,900680,-500.671,-500.366,2243,0,0,0,0,3.7577,1.307,low_score,11440.8,-0.843868,0.092909,-0.899742,0.179675,5.730266,0.473609,0.998812,5.999856,0.333258,0.441739,-1.0,1.03258,,,,,,,,,,,,,,0,lstm
403,902855,-500.3079,-500.3698,2175,0,0,0,0,3.7835,1.308,low_score,11467.0,-0.842727,0.094946,-0.899791,0.506744,5.734862,0.511153,1.272367,5.999509,0.329676,0.442275,-1.0,1.039867,,,,,,,,,,,,,,0,lstm
404,905111,-500.2326,-500.3815,2256,0,0,0,0,3.7437,1.31,low_score,11497.8,-0.842326,0.099709,-0.899787,0.237331,5.719768,0.503097,1.204302,5.999883,0.332608,0.44149,-0.999999,1.031196,-0.009933,0.010542,2.214812,0.005122,0.01757,0.188443,0.010932,0.043637,0.0001,,,,,0,lstm
405,907440,-500.1691,-500.3328,2329,0,0,0,0,3.6478,1.305,low_score,11525.3,-0.845361,0.090272,-0.899705,0.213238,5.715837,0.499384,1.592392,5.999579,0.332231,0.441593,-1.0,1.005937,,,,,,,,,,,,,,0,lstm
406,909781,-500.5622,-500.3614,2341,0,0,0,0,3.6413,1.311,low_score,11553.2,-0.841,0.09599,-0.899636,0.147363,5.695018,0.583168,0.73508,5.999692,0.33425,0.441519,-1.0,1.005618,,,,,,,,,,,,,,0,lstm
407,912115,-500.158,-500.3559,2334,0,0,0,0,3.7084,1.312,low_score,11581.1,-0.839429,0.110276,-0.899856,0.491057,5.707788,0.549223,0.18185,5.99946,0.331616,0.440524,-1.0,1.023095,,,,,,,,,,,,,,0,lstm
408,914384,-500.4754,-500.3857,2269,0,0,0,0,3.7032,1.307,low_score,11611.3,-0.84333,0.093452,-0.899826,0.294114,5.718932,0.525015,0.483627,5.999681,0.334363,0.441687,-1.0,1.020397,-0.014531,0.010278,2.213912,0.005106,0.017981,0.18226,0.01368,0.044485,0.0001,,,,,0,lstm
409,916571,-500.4643,-500.3758,2187,0,0,0,0,3.7627,1.303,low_score,11637.6,-0.845869,0.084411,-0.899682,0.097765,5.7039,0.582117,0.337304,5.999424,0.331937,0.442284,-1.0,1.03487,,,,,,,,,,,,,,0,lstm
410,918766,-500.2079,-500.3946,2195,0,0,0,0,3.7795,1.312,low_score,11663.6,-0.841067,0.096673,-0.899787,0.140834,5.733705,0.470543,1.19993,5.99967,0.331327,0.442293,-1.0,1.042343,,,,,,,,,,,,,,0,lstm
411,920925,-500.0603,-500.3309,2159,0,0,0,0,3.792,1.31,low_score,11689.4,-0.841769,0.094363,-0.899743,0.076663,5.733828,0.487694,0.268939,5.999873,0.327323,0.442307,-1.0,1.043664,,,,,,,,,,,,,,0,lstm
412,923088,-500.0582,-500.2696,2163,0,0,0,0,3.7979,1.303,low_score,11719.2,-0.845661,0.088639,-0.899737,0.146254,5.723399,0.529369,0.786021,5.999887,0.328383,0.442467,-1.0,1.042494,-0.004626,0.010737,2.214402,0.00509,0.018868,0.221427,0.02008,0.051614,0.0001,,,,,0,lstm
413,925335,-500.6951,-500.3083,2247,0,0,0,0,3.8168,1.305,low_score,11745.9,-0.844407,0.094714,-0.899848,0.530528,5.704366,0.568578,0.463539,5.999581,0.328001,0.441675,-1.0,1.049827,,,,,,,,,,,,,,0,lstm
414,927627,-500.0351,-500.2885,2292,0,0,0,0,3.6799,1.304,low_score,11773.6,-0.845313,0.091769,-0.899883,0.158025,5.71585,0.524435,0.639335,5.999856,0.334635,0.441764,-1.0,1.013694,,,,,,,,,,,,,,0,lstm
415,929938,-500.4605,-500.3177,2311,0,0,0,0,3.6974,1.302,low_score,11800.8,-0.847114,0.088292,-0.899793,0.13204,5.71211,0.53285,1.632769,5.999801,0.332611,0.441234,-1.0,1.016945,,,,,,,,,,,,,,0,lstm
416,932143,-500.201,-500.2816,2205,0,0,0,0,3.8511,1.305,low_score,11830.3,-0.845076,0.097579,-0.899787,0.053177,5.698665,0.552945,0.875586,5.999645,0.326076,0.442478,-1.0,1.05729,-0.018904,0.010731,2.215727,0.005073,0.018936,0.224212,0.020215,0.049685,0.0001,,,,,0,lstm
417,934351,-500.6316,-500.3289,2208,0,0,0,0,3.7721,1.302,low_score,11857.4,-0.846903,0.081599,-0.899789,-0.003359,5.724139,0.538954,0.529374,5.999864,0.331665,0.442027,-1.0,1.037289,,,,,,,,,,,,,,0,lstm
418,936606,-500.0051,-500.2819,2255,0,0,0,0,3.7723,1.302,low_score,11884.7,-0.846252,0.091069,-0.899792,0.552649,5.721059,0.554578,0.633041,5.999809,0.330701,0.441788,-1.0,1.035675,,,,,,,,,,,,,,0,lstm
419,938768,-500.2133,-500.2568,2162,0,0,0,0,3.8623,1.3,low_score,11910.4,-0.848536,0.079307,-0.899701,-0.144382,5.73137,0.468777,1.659606,5.999874,0.32215,0.443424,-1.0,1.05933,,,,,,,,,,,,,,0,lstm
420,941028,-500.1141,-500.2474,2260,0,0,0,0,3.7387,1.307,low_score,11942.4,-0.843986,0.088113,-0.899813,0.116002,5.706635,0.537475,1.1437,5.99987,0.334437,0.441734,-0.999999,1.027439,-0.009992,0.0108,2.214554,0.005057,0.017646,0.198157,0.01535,0.043647,0.0001,,,,,0,lstm
421,943250,-500.4863,-500.29,2222,0,0,0,0,3.844,1.307,low_score,11968.8,-0.844055,0.095484,-0.89989,0.128092,5.711554,0.509615,0.627232,5.999771,0.326241,0.442391,-1.0,1.054928,,,,,,,,,,,,,,0,lstm
422,945412,-500.0335,-500.2876,2162,0,0,0,0,3.7815,1.307,low_score,11995.0,-0.844197,0.089203,-0.89963,0.001779,5.70598,0.55175,0.665195,5.9996,0.329049,0.442278,-1.0,1.040063,,,,,,,,,,,,,,0,lstm
423,947743,-500.2398,-500.242,2331,0,0,0,0,3.6089,1.312,low_score,12022.7,-0.840232,0.10481,-0.899895,0.188554,5.712761,0.525551,0.880744,5.999818,0.33017,0.442837,-0.999999,1.0,,,,,,,,,,,,,,0,lstm
424,949998,-500.1665,-500.2552,2255,0,0,0,0,3.7167,1.311,low_score,12054.6,-0.841611,0.091535,-0.899848,-0.081819,5.689313,0.567407,0.956076,5.999594,0.334143,0.441868,-1.0,1.026973,-0.016594,0.011016,2.21412,0.005041,0.018011,0.25608,0.013864,0.058316,0.0001,,,,,0,lstm
425,952340,-500.5024,-500.2594,2342,0,0,0,0,3.6309,1.309,low_score,12082.6,-0.842771,0.090193,-0.89953,0.496314,5.720971,0.497605,1.303108,5.999425,0.334818,0.441791,-1.0,1.002123,,,,,,,,,,,,,,0,lstm
426,954639,-500.6612,-500.3054,2299,0,0,0,0,3.7254,1.305,low_score,12110.4,-0.844754,0.091881,-0.899718,0.242872,5.70125,0.534828,1.318922,5.999691,0.331092,0.441677,-1.0,1.022428,,,,,,,,,,,,,,0,lstm
427,956882,-500.1478,-500.257,2243,0,0,0,0,3.8236,1.307,low_score,12137.4,-0.843861,0.090051,-0.899833,0.141875,5.703085,0.530306,1.030646,5.999516,0.329548,0.442149,-1.0,1.051697,,,,,,,,,,,,,,0,lstm
428,959251,-500.1821,-500.2747,2369,0,0,0,0,3.6122,1.312,low_score,12170.5,-0.839458,0.107376,-0.899786,0.387644,5.701905,0.571949,0.551166,5.99942,0.330175,0.441561,-1.0,1.0,-0.010344,0.011147,2.214679,0.005025,0.017699,0.147285,0.013029,0.03514,0.0001,,,,,0,lstm
429,961584,-500.6679,-500.3202,2333,0,0,0,0,3.7208,1.314,low_score,12198.6,-0.839425,0.104329,-0.899805,0.337131,5.723134,0.522095,1.05373,5.999893,0.331857,0.440545,-1.0,1.024965,,,,,,,,,,,,,,0,lstm
430,963886,-500.5666,-500.3654,2302,0,0,0,0,3.6588,1.315,low_score,12226.6,-0.839342,0.095882,-0.899891,0.118496,5.717554,0.501182,1.135639,5.999629,0.331007,0.442581,-1.0,1.010279,,,,,,,,,,,,,,0,lstm
431,966214,-500.4995,-500.3667,2328,0,0,0,0,3.6888,1.313,low_score,12255.1,-0.83917,0.1008,-0.89978,0.577722,5.708064,0.575877,0.959269,5.999779,0.332937,0.441117,-1.0,1.016821,,,,,,,,,,,,,,0,lstm
432,968560,-500.6268,-500.4261,2346,0,0,0,0,3.609,1.31,low_score,12286.3,-0.841436,0.097394,-0.899726,0.264818,5.689964,0.578252,0.084919,5.99962,0.332292,0.442286,-1.0,1.0,-0.015933,0.010828,2.215218,0.005009,0.016995,0.222924,0.018693,0.051761,0.0001,,,,,0,lstm
433,970786,-500.4344,-500.4455,2226,0,0,0,0,3.7156,1.308,low_score,12312.1,-0.842903,0.095722,-0.899751,0.296334,5.696939,0.54192,1.292082,5.999436,0.331137,0.442768,-1.0,1.024405,,,,,,,,,,,,,,0,lstm
434,973049,-500.1834,-500.4472,2263,0,0,0,0,3.6667,1.311,low_score,12339.1,-0.840907,0.096519,-0.899753,0.07638,5.678611,0.591277,0.764139,5.999651,0.334966,0.442353,-1.0,1.011916,,,,,,,,,,,,,,0,lstm
435,975251,-500.4176,-500.4387,2202,0,0,0,0,3.8474,1.314,low_score,12366.2,-0.839725,0.096891,-0.899722,0.020492,5.68602,0.565757,1.169101,5.999654,0.325683,0.442648,-1.0,1.058789,,,,,,,,,,,,,,0,lstm
436,977491,-500.212,-500.3938,2240,0,0,0,0,3.8399,1.31,low_score,12397.5,-0.842135,0.09325,-0.899811,0.269574,5.718323,0.488993,1.056417,5.999737,0.328882,0.442355,-1.0,1.054944,-0.017273,0.011018,2.216137,0.004992,0.020059,0.209746,0.025025,0.049355,0.0001,,,,,0,lstm
437,979724,-500.1345,-500.3925,2233,0,0,0,0,3.8416,1.311,low_score,12424.4,-0.841318,0.093879,-0.899917,0.130473,5.70512,0.513706,0.486131,5.999831,0.327632,0.442082,-1.0,1.055733,,,,,,,,,,,,,,0,lstm
438,982024,-500.1159,-500.3859,2300,0,0,0,0,3.6528,1.318,low_score,12452.0,-0.837049,0.105638,-0.89983,0.231633,5.702204,0.533896,1.223188,5.999616,0.332028,0.442365,-1.0,1.008133,,,,,,,,,,,,,,0,lstm
439,984173,-500.3127,-500.3503,2149,0,0,0,0,3.7741,1.312,low_score,12478.5,-0.840843,0.097404,-0.899862,0.27126,5.695912,0.560975,1.207184,5.999662,0.328983,0.4423,-1.0,1.042573,,,,,,,,,,,,,,0,lstm
440,986312,-500.1575,-500.3094,2139,0,0,0,0,3.9359,1.31,low_score,12508.6,-0.841924,0.095916,-0.899689,0.205432,5.676559,0.587694,0.529409,5.999723,0.314505,0.444134,-1.0,1.077454,-0.013308,0.010799,2.217645,0.004976,0.020245,0.158197,0.024955,0.036781,0.0001,,,,,0,lstm
441,988660,-500.0788,-500.2674,2348,0,0,0,0,3.6432,1.314,low_score,12537.3,-0.839389,0.094517,-0.899825,-0.075091,5.699992,0.542894,0.641562,5.999713,0.332026,0.441474,-1.0,1.00454,,,,,,,,,,,,,,0,lstm
442,990902,-500.1851,-500.2232,2242,0,0,0,0,3.752,1.313,low_score,12564.7,-0.840752,0.097549,-0.899835,0.105992,5.713229,0.534985,1.450519,5.999821,0.332925,0.441788,-1.0,1.035146,,,,,,,,,,,,,,0,lstm
443,993249,-500.3425,-500.214,2347,0,0,0,0,3.6699,1.314,low_score,12593.2,-0.839284,0.099495,-0.899858,0.346975,5.716662,0.516239,0.515484,5.999641,0.334764,0.440998,-1.0,1.014038,,,,,,,,,,,,,,0,lstm
444,995564,-500.72,-500.2677,2315,0,0,0,0,3.6413,1.308,low_score,12624.1,-0.842806,0.092921,-0.89987,0.361874,5.726158,0.521679,0.807289,5.999629,0.330979,0.442521,-1.0,1.00433,-0.012956,0.010356,2.218607,0.00496,0.016207,0.216911,0.017382,0.05101,0.0001,,,,,0,lstm
445,997889,-500.3866,-500.2646,2325,0,0,0,0,3.6251,1.313,low_score,12652.2,-0.840035,0.095844,-0.899717,0.285328,5.680079,0.566555,0.135415,5.999556,0.331259,0.442612,-1.0,1.001285,,,,,,,,,,,,,,0,lstm
446,1000033,-500.1055,-500.2539,2144,0,0,0,0,3.8906,1.314,low_score,12678.1,-0.839997,0.098084,-0.899664,0.026752,5.677953,0.588336,0.628094,5.999829,0.320828,0.443374,-1.0,1.069196,,,,,,,,,,,,,,0,lstm
447,1002179,-500.6307,-500.3035,2146,0,0,0,0,3.8076,1.311,low_score,12704.1,-0.841332,0.093378,-0.89973,0.285537,5.683863,0.571361,0.71042,5.999465,0.326154,0.442472,-1.0,1.049644,,,,,,,,,,,,,,0,lstm
448,1004349,-500.2881,-500.3208,2170,0,0,0,0,3.8014,1.316,low_score,12731.9,-0.838004,0.106016,-0.899926,0.439378,5.688308,0.563559,0.704441,5.999856,0.327342,0.442516,-1.0,1.048199,0.002468,0.011234,2.219318,0.004944,0.020645,0.182666,0.020795,0.045123,0.0001,,,,,0,lstm
449,1006578,-500.429,-500.3324,2229,0,0,0,0,3.7722,1.313,low_score,12756.5,-0.840355,0.090366,-0.89962,0.096198,5.692935,0.545667,0.642134,5.999441,0.331706,0.441934,-1.0,1.036,,,,,,,,,,,,,,0,lstm
450,1008791,-500.1095,-500.3276,2213,0,0,0,0,3.833,1.318,low_score,12782.0,-0.836094,0.109196,-0.899798,0.580198,5.687591,0.552731,0.507742,5.99961,0.32589,0.442336,-1.0,1.053481,,,,,,,,,,,,,,0,lstm
451,1010962,-500.3257,-500.3523,2171,0,0,0,0,3.8216,1.314,low_score,12806.7,-0.83957,0.096418,-0.899745,0.323352,5.679402,0.580697,1.122955,5.999913,0.326328,0.44258,-1.0,1.05268,,,,,,,,,,,,,,0,lstm
452,1013237,-500.4098,-500.3747,2275,0,0,0,0,3.6748,1.319,low_score,12835.9,-0.835571,0.10998,-0.899578,0.271394,5.679617,0.591165,0.318641,5.999331,0.332927,0.442263,-1.0,1.01536,-0.011158,0.011282,2.21816,0.004928,0.019686,0.24084,0.022927,0.057423,0.0001,,,,,0,lstm
453,1015449,-500.1735,-500.3578,2212,0,0,0,0,3.7512,1.313,low_score,12861.3,-0.83961,0.100318,-0.899713,0.382991,5.677526,0.580391,1.387696,5.999845,0.331032,0.442149,-1.0,1.037577,,,,,,,,,,,,,,0,lstm
454,1017760,-500.1979,-500.3056,2311,0,0,0,0,3.757,1.318,low_score,12888.1,-0.836303,0.110041,-0.899793,0.421161,5.707705,0.521055,0.556906,5.999531,0.332399,0.440598,-1.0,1.03528,,,,,,,,,,,,,,0,lstm
455,1019983,-500.2238,-500.2893,2223,0,0,0,0,3.8342,1.316,low_score,12913.5,-0.83705,0.111276,-0.899711,0.335605,5.665525,0.600596,0.790302,5.999853,0.326701,0.442358,-1.0,1.055585,,,,,,,,,,,,,,0,lstm
456,1022281,-500.1824,-500.297,2298,0,0,0,0,3.687,1.319,low_score,12945.0,-0.835272,0.110366,-0.899716,0.384158,5.676286,0.575615,0.372802,5.999734,0.330683,0.441996,-1.0,1.021447,-0.017367,0.010732,2.217532,0.004911,0.017748,0.219471,0.016944,0.051407,0.0001,,,,,0,lstm
457,1024596,-500.6047,-500.2944,2315,0,0,0,0,3.7343,1.326,low_score,12971.2,-0.832056,0.109773,-0.899728,0.173465,5.689895,0.548589,0.703249,5.99946,0.332545,0.440562,-1.0,1.030238,,,,,,,,,,,,,,0,lstm
458,1026896,-500.1758,-500.2832,2300,0,0,0,0,3.7551,1.312,low_score,12997.4,-0.839301,0.101402,-0.89988,0.540283,5.683138,0.568405,0.693882,5.999641,0.332614,0.44102,-1.0,1.034529,,,,,,,,,,,,,,0,lstm
459,1029188,-500.5304,-500.2933,2292,0,0,0,0,3.68,1.316,low_score,13023.7,-0.838543,0.092998,-0.899838,-0.070011,5.693191,0.579427,0.541428,5.999603,0.333124,0.44165,-1.0,1.018538,,,,,,,,,,,,,,0,lstm
460,1031336,-500.4302,-500.3254,2148,0,0,0,0,3.8619,1.316,low_score,13051.8,-0.838516,0.093281,-0.899912,-0.01313,5.656477,0.597427,1.408364,5.999741,0.321162,0.442848,-1.0,1.064226,-0.013726,0.010687,2.218157,0.004895,0.017659,0.243282,0.017339,0.055848,0.0001,,,,,0,lstm
461,1033676,-500.3265,-500.3255,2340,0,0,0,0,3.6644,1.323,low_score,13078.5,-0.833222,0.113632,-0.899787,0.272135,5.671907,0.578869,1.137087,5.999441,0.329453,0.441733,-1.0,1.017882,,,,,,,,,,,,,,0,lstm
462,1035953,-500.2132,-500.3058,2277,0,0,0,0,3.7289,1.318,low_score,13104.5,-0.836707,0.108887,-0.899674,0.5006,5.67532,0.560532,0.968032,5.999825,0.333804,0.441457,-1.0,1.030961,,,,,,,,,,,,,,0,lstm
463,1038164,-500.018,-500.2903,2211,0,0,0,0,3.7396,1.314,low_score,13129.5,-0.83897,0.101139,-0.89984,0.248854,5.652505,0.628483,0.242496,5.999337,0.330919,0.442355,-1.0,1.031616,,,,,,,,,,,,,,0,lstm
464,1040396,-500.494,-500.3199,2232,0,0,0,0,3.8087,1.322,low_score,13157.7,-0.834812,0.102077,-0.899698,0.168398,5.674476,0.55591,0.884603,5.99957,0.329781,0.442309,-1.0,1.052886,-0.01223,0.010482,2.219211,0.004879,0.017376,0.190761,0.02292,0.044592,0.0001,,,,,0,lstm
465,1042614,-500.2171,-500.3192,2218,0,0,0,0,3.7705,1.32,low_score,13183.0,-0.835555,0.11386,-0.899675,0.563239,5.67293,0.52023,1.998863,5.999436,0.332117,0.441954,-1.0,1.041039,,,,,,,,,,,,,,0,lstm
466,1044765,-500.4283,-500.3438,2151,0,0,0,0,3.7728,1.321,low_score,13207.6,-0.834731,0.106896,-0.899753,0.282917,5.647877,0.618273,0.514718,5.999376,0.328924,0.442508,-1.0,1.038905,,,,,,,,,,,,,,0,lstm
467,1047065,-500.0357,-500.2869,2300,0,0,0,0,3.6399,1.33,low_score,13234.0,-0.829036,0.119759,-0.899799,0.604792,5.656024,0.598447,0.821351,5.999627,0.333428,0.442055,-0.999999,1.012629,,,,,,,,,,,,,,0,lstm
468,1049409,-500.687,-500.338,2344,0,0,0,0,3.6791,1.319,low_score,13264.3,-0.836386,0.099115,-0.899797,0.514703,5.669502,0.564228,1.152589,5.999778,0.332035,0.440759,-1.0,1.018251,-0.011773,0.011068,2.219992,0.004863,0.017375,0.179198,0.018877,0.041115,0.0001,,,,,0,lstm
469,1051636,-500.1626,-500.3012,2227,0,0,0,0,3.7592,1.327,low_score,13289.6,-0.830847,0.111382,-0.899707,0.289752,5.647452,0.597221,0.691726,5.999824,0.332562,0.442236,-1.0,1.041639,,,,,,,,,,,,,,0,lstm
470,1053808,-500.3777,-500.296,2172,0,0,0,0,3.868,1.325,low_score,13314.2,-0.831468,0.121395,-0.899561,0.812183,5.654048,0.599265,0.63038,5.999837,0.319999,0.443633,-1.0,1.070465,,,,,,,,,,,,,,0,lstm
471,1056077,-500.1384,-500.2772,2269,0,0,0,0,3.7008,1.326,low_score,13339.8,-0.83201,0.109977,-0.899703,0.303484,5.661414,0.583207,1.02041,5.999897,0.331374,0.442064,-1.0,1.027252,,,,,,,,,,,,,,0,lstm
472,1058289,-500.3419,-500.2901,2212,0,0,0,0,3.8233,1.322,low_score,13368.4,-0.834705,0.107688,-0.89963,0.190431,5.646161,0.606517,0.841793,5.999372,0.329183,0.442423,-1.0,1.053332,-0.014796,0.011184,2.220437,0.004847,0.021056,0.238665,0.028458,0.060306,0.0001,,,,,0,lstm
473,1060553,-500.4069,-500.329,2264,0,0,0,0,3.7239,1.33,low_score,13394.2,-0.828605,0.118066,-0.899735,0.372568,5.679076,0.577206,0.723016,5.999528,0.333521,0.441682,-1.0,1.031343,,,,,,,,,,,,,,0,lstm
474,1062864,-500.3889,-500.3184,2311,0,0,0,0,3.696,1.326,low_score,13420.5,-0.831871,0.10737,-0.899763,0.249722,5.675742,0.567142,0.891505,5.999728,0.33352,0.441164,-1.0,1.022848,,,,,,,,,,,,,,0,lstm
475,1065058,-500.3346,-500.3302,2194,0,0,0,0,3.765,1.325,low_score,13445.2,-0.8325,0.105866,-0.899858,0.253616,5.678412,0.585276,0.913176,5.999878,0.330098,0.442239,-1.0,1.044472,,,,,,,,,,,,,,0,lstm
476,1067215,-500.395,-500.3269,2157,0,0,0,0,3.8714,1.325,low_score,13472.8,-0.832641,0.108561,-0.899708,0.199132,5.656897,0.584052,0.710901,5.999628,0.320805,0.443105,-0.999999,1.067106,-0.00626,0.011365,2.221211,0.00483,0.018804,0.200788,0.022803,0.04705,0.0001,,,,,0,lstm
477,1069563,-500.3818,-500.3615,2348,0,0,0,0,3.6713,1.335,low_score,13499.7,-0.826188,0.11611,-0.899867,0.408579,5.673018,0.587131,0.899211,5.999653,0.330344,0.440809,-1.0,1.022725,,,,,,,,,,,,,,0,lstm
478,1071840,-500.058,-500.2986,2277,0,0,0,0,3.7792,1.329,low_score,13525.4,-0.829681,0.113897,-0.899859,0.483605,5.68864,0.542881,0.65707,5.99949,0.329055,0.441276,-1.0,1.045775,,,,,,,,,,,,,,0,lstm
479,1074011,-500.0779,-500.2901,2171,0,0,0,0,3.7358,1.332,low_score,13549.6,-0.828435,0.117578,-0.899741,0.18078,5.682449,0.572035,1.180373,5.999901,0.329153,0.442881,-1.0,1.035459,,,,,,,,,,,,,,0,lstm
480,1076313,-500.5765,-500.31,2302,0,0,0,0,3.6791,1.331,low_score,13578.9,-0.828956,0.111819,-0.899698,0.343611,5.683776,0.563988,0.367033,5.999666,0.331889,0.441662,-1.0,1.023238,-0.009351,0.011064,2.22356,0.004814,0.019311,0.24477,0.030582,0.064203,0.0001,,,,,0,lstm
481,1078601,-500.2904,-500.3252,2288,0,0,0,0,3.6573,1.336,low_score,13604.8,-0.826076,0.117403,-0.899701,0.363432,5.68049,0.571267,0.933253,5.999917,0.333511,0.442273,-1.0,1.015885,,,,,,,,,,,,,,0,lstm
482,1080757,-500.2031,-500.3113,2156,0,0,0,0,3.8399,1.327,low_score,13629.2,-0.831772,0.104382,-0.899575,0.028428,5.686003,0.563328,0.556398,5.999769,0.323821,0.442776,-1.0,1.059098,,,,,,,,,,,,,,0,lstm
483,1082936,-500.6593,-500.3365,2179,0,0,0,0,3.8578,1.332,low_score,13653.9,-0.82745,0.116089,-0.899738,0.371189,5.671378,0.616934,0.629339,5.999453,0.32023,0.44326,-1.0,1.073013,,,,,,,,,,,,,,0,lstm
484,1085089,-500.4356,-500.3412,2153,0,0,0,0,3.8592,1.332,low_score,13680.4,-0.828838,0.114999,-0.899758,0.191731,5.660604,0.617943,0.960639,5.999879,0.317568,0.443824,-1.0,1.073477,-0.006651,0.011502,2.226408,0.004798,0.021704,0.18187,0.020476,0.046777,0.0001,,,,,0,lstm
485,1087443,-500.7264,-500.3804,2354,0,0,0,0,3.589,1.332,low_score,13707.0,-0.828379,0.11405,-0.899787,0.444703,5.695671,0.523627,1.706363,5.999821,0.332024,0.442161,-1.0,1.0,,,,,,,,,,,,,,0,lstm
486,1089780,-500.3525,-500.3762,2337,0,0,0,0,3.6315,1.335,low_score,13732.9,-0.826623,0.114809,-0.89964,0.273716,5.697124,0.532571,1.571425,5.999551,0.332902,0.441662,-1.0,1.01045,,,,,,,,,,,,,,0,lstm
487,1091996,-500.2539,-500.3634,2216,0,0,0,0,3.7066,1.333,low_score,13757.6,-0.826823,0.116904,-0.89969,0.72329,5.694783,0.534406,0.617057,5.999577,0.332158,0.442222,-1.0,1.031625,,,,,,,,,,,,,,0,lstm
488,1094205,-500.595,-500.4171,2209,0,0,0,0,3.7001,1.329,low_score,13785.5,-0.829132,0.113114,-0.899765,0.653223,5.683478,0.572317,0.244992,5.999916,0.332107,0.442293,-0.999999,1.028604,-0.005966,0.011297,2.228022,0.004782,0.018068,0.2434,0.011043,0.057874,0.0001,,,,,0,lstm
489,1096551,-500.4172,-500.451,2346,0,0,0,0,3.6825,1.333,low_score,13811.8,-0.828257,0.106261,-0.899433,-0.007813,5.680237,0.567962,1.032477,5.9996,0.329957,0.440985,-1.0,1.021733,,,,,,,,,,,,,,0,lstm
490,1098877,-500.4137,-500.4347,2326,0,0,0,0,3.6538,1.338,low_score,13837.3,-0.82443,0.117378,-0.899757,0.238899,5.678718,0.589533,0.621786,5.99966,0.330765,0.441903,-1.0,1.014731,,,,,,,,,,,,,,0,lstm
491,1101027,-500.5884,-500.4645,2150,0,0,0,0,3.8091,1.332,low_score,13860.6,-0.828281,0.114801,-0.899739,0.367923,5.688562,0.567124,0.394386,5.999653,0.325267,0.44248,-1.0,1.054946,,,,,,,,,,,,,,0,lstm
492,1103259,-500.6709,-500.5113,2232,0,0,0,0,3.6954,1.335,low_score,13889.1,-0.826705,0.11582,-0.899792,0.688984,5.673357,0.585386,0.99761,5.9994,0.333941,0.442339,-1.0,1.024916,-0.012994,0.011381,2.231103,0.004766,0.02,0.247865,0.034893,0.064022,0.0001,,,,,0,lstm
493,1105632,-500.2224,-500.4676,2373,0,0,0,0,3.5866,1.337,low_score,13915.2,-0.823751,0.123784,-0.899669,0.570584,5.693612,0.557429,0.296607,5.999815,0.330092,0.441777,-1.0,1.0,,,,,,,,,,,,,,0,lstm
494,1107825,-500.4857,-500.4726,2193,0,0,0,0,3.75,1.34,low_score,13939.7,-0.823269,0.118522,-0.899691,0.203302,5.69203,0.557129,1.234073,5.999689,0.330051,0.442541,-1.0,1.039342,,,,,,,,,,,,,,0,lstm
495,1109990,-500.2679,-500.4268,2165,0,0,0,0,3.7483,1.335,low_score,13963.6,-0.826508,0.11218,-0.899541,0.301339,5.683095,0.574477,0.517753,5.999866,0.328248,0.442764,-1.0,1.03945,,,,,,,,,,,,,,0,lstm
496,1112294,-500.6505,-500.4566,2304,0,0,0,0,3.6401,1.346,low_score,13994.5,-0.819906,0.123975,-0.899796,0.539343,5.677151,0.564073,1.167609,5.999689,0.331683,0.442127,-1.0,1.011345,-0.004455,0.011301,2.23212,0.004749,0.019575,0.381379,0.027364,0.093296,0.0001,,,,,0,lstm
497,1114493,-500.6776,-500.4989,2199,0,0,0,0,3.7374,1.33,low_score,14019.2,-0.828126,0.118124,-0.89977,0.576423,5.689208,0.548501,0.448266,5.999829,0.329557,0.442699,-1.0,1.034363,,,,,,,,,,,,,,0,lstm
498,1116704,-500.2471,-500.4641,2211,0,0,0,0,3.8078,1.337,low_score,14043.6,-0.825034,0.121665,-0.899684,0.239964,5.693883,0.577702,0.704949,5.999688,0.32665,0.44232,-1.0,1.053951,,,,,,,,,,,,,,0,lstm
499,1118864,-500.1427,-500.4367,2160,0,0,0,0,3.7609,1.337,low_score,14067.3,-0.824692,0.124224,-0.899471,0.397992,5.718179,0.504282,1.412078,5.999689,0.329845,0.442513,-1.0,1.040008,,,,,,,,,,,,,,0,lstm
500,1121116,-500.6365,-500.459,2252,0,0,0,0,3.6807,1.333,low_score,14096.6,-0.828229,0.108178,-0.899597,0.141296,5.691447,0.548535,1.358746,5.999693,0.33377,0.442231,-1.0,1.021491,-0.01571,0.011377,2.231772,0.004733,0.018698,0.190388,0.020815,0.045628,0.0001,,,,,0,lstm
