episode,global_step,reward,avg10,length,success,goal_touched,collision,timeout,min_dist,avg_speed_ms,end_reason,elapsed_s,act0_mean,act0_std,act0_min,act0_max,act1_mean,act1_std,act1_min,act1_max,obs_mean,obs_std,obs_min,obs_max,actor_loss,critic_loss,policy_entropy,entropy_coef,value_residual,grad_norm_actor,grad_norm_critic,grad_norm_rnn,lr_actor,lr_critic,alpha,alpha_loss,target_update_magnitude,replay_buffer_size,recurrent_cell
1,411,68.744,68.744,411,0,0,1,0,2.9653,2.092,collision,3.9,0.01405,0.423715,-0.851581,0.831922,4.891701,1.076808,0.487409,5.981023,0.398943,0.39461,-0.790314,1.0,,,,,,,,,,,,,,0,none
2,814,70.0147,69.3794,403,0,0,1,0,3.015,2.068,collision,7.5,-0.011525,0.430868,-0.864472,0.838997,4.844273,1.153039,0.561461,5.994334,0.408164,0.398523,-0.731497,1.002372,,,,,,,,,,,,,,0,none
3,1520,153.6887,97.4825,706,0,0,1,0,2.2844,2.141,collision,13.8,0.027081,0.388032,-0.774175,0.809688,4.973286,1.042037,0.113684,5.993724,0.404748,0.407132,-0.890938,1.0,,,,,,,,,,,,,,0,none
4,1919,70.9187,90.8415,399,0,0,1,0,3.0462,2.077,collision,18.0,-0.098492,0.419414,-0.872992,0.832161,4.761792,1.180427,0.304623,5.977862,0.409304,0.401713,-0.592955,1.005989,-0.002537,0.015483,1.663172,0.004994,0.064194,0.348837,0.052397,0.0,3.7e-05,,,,,0,none
5,3099,307.2565,134.1245,1180,0,0,1,0,1.151,2.144,collision,28.4,-0.053612,0.370533,-0.83153,0.805981,4.790247,1.139623,0.219266,5.982258,0.38294,0.401609,-0.718297,1.0,,,,,,,,,,,,,,0,none
6,4289,309.9278,163.4251,1190,0,0,1,0,1.1453,2.133,collision,38.9,-0.036662,0.381004,-0.85646,0.799127,4.800773,1.154106,0.569019,5.988569,0.385507,0.403619,-0.660669,1.0,,,,,,,,,,,,,,0,none
7,4688,70.6651,150.1736,399,0,0,1,0,3.0861,2.045,collision,42.4,-0.165059,0.417347,-0.886211,0.758078,4.711877,1.188688,0.634296,5.986047,0.407762,0.405375,-0.601802,1.009569,,,,,,,,,,,,,,0,none
8,5087,70.5786,140.2243,399,0,0,1,0,3.0407,2.082,collision,46.5,-0.081324,0.411367,-0.880601,0.801351,4.828661,1.137346,0.419373,5.978315,0.410543,0.400974,-0.579004,1.005832,0.027454,0.005952,1.663423,0.004982,0.04537,0.138244,0.027203,0.0,4.9e-05,,,,,0,none
9,5496,69.0265,132.3134,409,0,0,1,0,3.0036,2.11,collision,50.1,-0.012346,0.41511,-0.865756,0.834469,4.900253,1.046224,0.719611,5.967696,0.405165,0.398512,-0.799901,1.006118,,,,,,,,,,,,,,0,none
10,6688,306.8154,149.7636,1192,0,0,1,0,1.1479,2.161,collision,60.6,-0.010644,0.377728,-0.821759,0.8208,4.866695,1.034527,0.934702,5.991677,0.387006,0.404318,-0.657553,1.0,,,,,,,,,,,,,,0,none
11,7261,77.2034,150.6095,573,0,0,1,0,2.8796,2.109,collision,65.7,0.05573,0.406652,-0.856484,0.859238,4.950674,1.031815,0.74218,5.993089,0.368164,0.394359,-0.915817,1.0,,,,,,,,,,,,,,0,none
12,7667,74.6352,151.0716,406,0,0,1,0,2.9325,2.055,collision,69.8,-0.084504,0.428047,-0.886035,0.746757,4.731285,1.187052,0.367972,5.986969,0.395939,0.39383,-0.559638,1.0,-0.034812,0.009699,1.664028,0.00497,0.043281,0.203865,0.027214,0.0,6.1e-05,,,,,0,none
13,8845,307.8565,166.4884,1178,0,0,1,0,1.1509,2.151,collision,80.0,-0.038493,0.375327,-0.847797,0.787657,4.798923,1.086715,0.493227,5.985752,0.382269,0.400789,-0.767866,1.0,,,,,,,,,,,,,,0,none
14,10015,308.3998,190.2365,1170,0,0,1,0,1.132,2.16,collision,90.4,-0.043754,0.372938,-0.86212,0.820109,4.814643,1.083502,0.241335,5.990741,0.38441,0.402281,-0.645886,1.0,,,,,,,,,,,,,,0,none
15,10725,152.0458,174.7154,710,0,0,1,0,2.2688,2.147,collision,96.8,0.072196,0.38321,-0.788091,0.835732,4.944324,1.035977,1.131287,5.988579,0.407663,0.410537,-0.870595,1.0,,,,,,,,,,,,,,0,none
16,11902,304.3071,174.1533,1177,0,0,1,0,1.1504,2.156,collision,107.9,-0.013673,0.3789,-0.82673,0.869684,4.834325,1.080976,0.274866,5.996395,0.38597,0.403841,-0.710719,1.0,0.051486,0.003825,1.66482,0.004958,0.025575,0.173426,0.020133,0.0,7.3e-05,,,,,0,none
17,12307,64.6539,173.5522,405,0,0,1,0,3.0077,2.133,collision,111.5,0.126214,0.372686,-0.82978,0.827065,4.894595,1.094871,0.245198,5.97876,0.416628,0.40468,-0.747741,1.008379,,,,,,,,,,,,,,0,none
18,12706,74.6244,173.9568,399,0,0,1,0,2.9984,2.077,collision,115.1,-0.102253,0.412421,-0.878505,0.815,4.600348,1.234621,0.461021,5.98792,0.401082,0.398093,-0.448988,1.0,,,,,,,,,,,,,,0,none
19,12983,25.9758,169.6517,277,0,0,1,0,3.3642,2.192,collision,117.6,0.096977,0.334003,-0.698894,0.87642,4.909402,1.053671,0.172556,5.965785,0.402717,0.403856,-0.704348,1.010266,,,,,,,,,,,,,,0,none
20,13675,169.6358,155.9338,692,0,0,1,0,2.2044,2.134,collision,124.1,-0.057644,0.38369,-0.870333,0.825157,4.72445,1.159623,0.100079,5.987016,0.410262,0.404678,-0.488638,1.0,-0.004124,0.017737,1.665577,0.004946,0.072652,0.119568,0.057756,0.0,8.5e-05,,,,,0,none
21,14261,74.7656,155.69,586,0,0,1,0,2.8848,2.129,collision,129.3,0.094177,0.383727,-0.831154,0.823304,4.941124,1.058998,0.505901,5.98936,0.374864,0.399547,-0.956503,1.00342,,,,,,,,,,,,,,0,none
22,14671,58.9924,154.1257,410,0,0,1,0,2.9861,2.141,collision,132.9,0.174579,0.352719,-0.748521,0.832627,5.077528,0.954329,1.506116,5.993559,0.412359,0.405391,-0.767489,1.0,,,,,,,,,,,,,,0,none
23,15379,170.9352,140.4336,708,0,0,1,0,2.2402,2.149,collision,139.3,-0.058213,0.381404,-0.857706,0.823101,4.81426,1.072,0.754512,5.989009,0.412401,0.407431,-0.609758,1.0,,,,,,,,,,,,,,0,none
24,15953,70.6874,116.6623,574,0,0,1,0,2.8765,2.126,collision,144.9,0.136675,0.374325,-0.824971,0.844223,4.995895,0.997424,0.983735,5.991851,0.372973,0.399417,-0.909703,1.001038,0.0032,0.006597,1.666056,0.004934,0.057545,0.204176,0.020502,0.0,9.7e-05,,,,,0,none
25,16011,-37.098,97.748,58,0,0,1,0,3.8389,1.533,collision,145.5,-0.655431,0.202829,-0.86261,0.056827,3.492719,1.463847,0.583083,5.908257,0.248529,0.350213,-0.70325,1.0,,,,,,,,,,,,,,0,none
26,17186,319.4317,99.2604,1175,0,0,1,0,1.0992,2.16,collision,156.0,-0.050791,0.365712,-0.845942,0.789854,4.706661,1.132707,0.102635,5.978029,0.382405,0.400443,-0.636061,1.0,,,,,,,,,,,,,,0,none
27,17590,69.9664,99.7917,404,0,0,1,0,3.0142,2.13,collision,159.6,0.003067,0.3983,-0.850164,0.789918,4.895824,0.991539,0.946653,5.980307,0.412131,0.400578,-0.744926,1.009332,,,,,,,,,,,,,,0,none
28,18000,73.047,99.6339,410,0,0,1,0,2.9506,2.083,collision,163.7,-0.014463,0.421539,-0.876235,0.850635,4.791763,1.139942,0.274254,5.98089,0.399476,0.393258,-0.727497,1.0,-0.049551,0.010891,1.666507,0.004922,0.063,0.350431,0.058317,0.0,0.0001,,,,,0,none
29,18417,65.9732,103.6337,417,0,0,1,0,2.9696,2.028,collision,167.4,-0.03821,0.459395,-0.866193,0.842764,4.737692,1.130196,0.561778,5.994718,0.395619,0.396387,-0.861932,1.0,,,,,,,,,,,,,,0,none
30,19117,151.2131,101.7914,700,0,0,1,0,2.3296,2.135,collision,173.8,0.067366,0.385738,-0.805964,0.831318,4.900842,1.067413,0.546918,5.992602,0.408513,0.408607,-0.845752,1.0,,,,,,,,,,,,,,0,none
31,20304,311.2071,125.4355,1187,0,0,1,0,1.1343,2.157,collision,184.5,-0.034836,0.36908,-0.882839,0.816769,4.753071,1.143838,0.307592,5.98491,0.386254,0.404047,-0.635468,1.0,,,,,,,,,,,,,,0,none
32,20899,78.5394,127.3902,595,0,0,1,0,2.8774,2.068,collision,190.4,0.002043,0.432221,-0.87005,0.835369,4.767397,1.146296,0.347698,5.988608,0.368626,0.398099,-0.978015,1.0,0.012796,0.008138,1.666826,0.00491,0.041239,0.133104,0.009082,0.0,0.0001,,,,,0,none
33,22092,307.9553,141.0923,1193,0,0,1,0,1.1471,2.126,collision,201.0,-0.064272,0.387491,-0.877988,0.821177,4.71336,1.140503,0.373331,5.97947,0.383243,0.403777,-0.692261,1.0,,,,,,,,,,,,,,0,none
34,23274,293.4082,163.3643,1182,0,0,1,0,1.1423,2.146,collision,211.5,0.008702,0.383289,-0.848897,0.854813,4.856091,1.063612,0.456768,5.996159,0.377173,0.401467,-0.773959,1.0,,,,,,,,,,,,,,0,none
35,23979,142.1723,181.2914,705,0,0,1,0,2.3125,2.12,collision,217.7,0.096522,0.391222,-0.857854,0.837422,4.918206,1.013855,0.350253,5.987322,0.404529,0.41091,-0.884771,1.0,,,,,,,,,,,,,,0,none
36,24387,73.7755,156.7257,408,0,0,1,0,2.9426,2.096,collision,222.6,-0.04965,0.414669,-0.857466,0.790938,4.794606,1.114662,0.376841,5.976715,0.3999,0.395406,-0.634914,1.0,0.015229,0.006907,1.666909,0.004898,0.040526,0.091612,0.014638,0.0,0.0001,,,,,0,none
37,25559,304.9189,180.221,1172,0,0,1,0,1.168,2.151,collision,233.0,-0.055341,0.369305,-0.865186,0.842367,4.700028,1.159879,0.557561,5.994807,0.384706,0.402246,-0.698782,1.0,,,,,,,,,,,,,,0,none
38,26755,302.1817,203.1345,1196,0,0,1,0,1.1368,2.129,collision,243.6,0.001654,0.384884,-0.835846,0.847003,4.718128,1.179953,0.141973,5.980671,0.381743,0.402481,-0.796085,1.0,,,,,,,,,,,,,,0,none
39,27343,70.5127,203.5884,588,0,0,1,0,2.8874,2.123,collision,248.8,0.081624,0.391564,-0.822065,0.839205,4.798667,1.098897,0.550887,5.984753,0.374642,0.4008,-0.959508,1.003123,,,,,,,,,,,,,,0,none
40,27913,78.178,196.2849,570,0,0,1,0,2.8697,2.081,collision,254.5,0.02279,0.422652,-0.875466,0.810002,4.768973,1.139673,0.759186,5.976327,0.366567,0.393673,-0.914528,1.0,0.010373,0.003953,1.666907,0.004886,0.026154,0.185251,0.01204,0.0,0.0001,,,,,0,none
41,28315,70.1736,172.1816,402,0,0,1,0,3.0363,2.082,collision,258.1,-0.06995,0.419167,-0.860122,0.817605,4.784076,1.141246,0.395705,5.971188,0.407008,0.400944,-0.669906,1.003479,,,,,,,,,,,,,,0,none
42,28714,72.538,171.5814,399,0,0,1,0,3.0469,2.084,collision,261.7,-0.070473,0.40938,-0.865619,0.761065,4.720326,1.246037,0.108634,5.970022,0.414412,0.401589,-0.59616,1.010133,,,,,,,,,,,,,,0,none
43,29118,71.3616,147.9221,404,0,0,1,0,3.0258,2.084,collision,265.2,-0.076642,0.417184,-0.874175,0.799752,4.721837,1.170339,0.623613,5.967702,0.406306,0.400331,-0.68616,1.003301,,,,,,,,,,,,,,0,none
44,29705,74.0722,125.9885,587,0,0,1,0,2.8758,2.093,collision,270.8,0.08156,0.395455,-0.859471,0.825902,4.819635,1.155177,0.44522,5.982696,0.373562,0.400115,-0.964981,1.001481,0.000551,0.013548,1.667051,0.004874,0.057641,0.121561,0.060902,0.0,0.0001,,,,,0,none
45,29979,18.1452,113.5857,274,0,0,1,0,3.3477,2.142,collision,273.2,0.11171,0.364217,-0.709618,0.785919,5.007947,1.010845,0.742234,5.990156,0.389163,0.401762,-0.720986,1.0,,,,,,,,,,,,,,0,none
46,30390,66.8488,112.8931,411,0,0,1,0,2.9967,2.155,collision,276.8,0.050512,0.372648,-0.767488,0.801799,4.871848,1.071244,0.690915,5.991391,0.410936,0.399984,-0.776884,1.008437,,,,,,,,,,,,,,0,none
47,30793,69.9816,89.3993,403,0,0,1,0,3.0275,2.08,collision,280.4,-0.064965,0.41564,-0.833084,0.808192,4.689514,1.247872,0.328064,5.984137,0.410187,0.401115,-0.658781,1.004614,,,,,,,,,,,,,,0,none
48,31968,299.3456,89.1157,1175,0,0,1,0,1.1644,2.161,collision,291.1,-0.007037,0.36918,-0.822332,0.789383,4.739185,1.153855,0.397776,5.988639,0.383053,0.402652,-0.717225,1.0,-0.019059,0.010781,1.667176,0.004862,0.076638,0.221561,0.036345,0.0,0.0001,,,,,0,none
49,32261,36.1712,85.6816,293,0,0,1,0,3.3125,2.168,collision,293.7,-0.018075,0.355282,-0.74813,0.771512,4.879763,1.107925,0.120485,5.989634,0.414468,0.40234,-0.480518,1.009471,,,,,,,,,,,,,,0,none
50,32665,69.3546,84.7992,404,0,0,1,0,3.0428,2.109,collision,297.3,-0.085861,0.39123,-0.871474,0.746499,4.750571,1.156526,0.442072,5.988348,0.407161,0.401852,-0.643745,1.006878,,,,,,,,,,,,,,0,none
51,32728,-34.2399,74.3579,63,0,0,1,0,3.8499,1.521,collision,297.9,-0.68435,0.168135,-0.889378,-0.130894,3.696575,1.568061,0.871941,5.765178,0.253107,0.347926,-0.641475,1.0,,,,,,,,,,,,,,0,none
52,33139,65.8809,73.6922,411,0,0,1,0,3.0057,2.135,collision,301.9,0.044163,0.392329,-0.785241,0.850083,4.893251,1.091879,0.909878,5.986501,0.414489,0.402979,-0.752426,1.008056,0.001143,0.021702,1.667408,0.00485,0.080465,0.109002,0.079815,0.0,0.0001,,,,,0,none
53,33552,66.8477,73.2408,413,0,0,1,0,2.9871,2.105,collision,305.6,0.033177,0.412221,-0.866143,0.869642,4.908694,1.105205,0.866732,5.985438,0.40689,0.399164,-0.770213,1.002264,,,,,,,,,,,,,,0,none
54,34725,302.0646,96.04,1173,0,0,1,0,1.1638,2.175,collision,315.8,-0.033312,0.355316,-0.849243,0.78584,4.780497,1.135888,0.512052,5.991988,0.386026,0.403027,-0.749108,1.0,,,,,,,,,,,,,,0,none
55,35425,167.9645,111.022,700,0,0,1,0,2.261,2.081,collision,322.0,-0.093907,0.40676,-0.860254,0.797308,4.688582,1.212632,0.360826,5.995426,0.409784,0.408933,-0.5034,1.0,,,,,,,,,,,,,,0,none
56,36610,296.5956,133.9967,1185,0,0,1,0,1.189,2.172,collision,333.4,-0.009038,0.366406,-0.816501,0.844152,4.875488,1.053086,0.58441,5.985982,0.38882,0.405997,-0.789366,1.0,0.026034,0.006546,1.667441,0.004838,0.045132,0.171693,0.03431,0.0,0.0001,,,,,0,none
57,37012,69.1982,133.9183,402,0,0,1,0,3.0048,2.065,collision,337.1,-0.10283,0.429409,-0.874349,0.825994,4.736361,1.179333,0.466295,5.983798,0.394425,0.399743,-0.634148,1.0,,,,,,,,,,,,,,0,none
58,37518,57.8949,109.7732,506,0,0,1,0,2.8612,2.17,collision,341.6,0.057807,0.366272,-0.842787,0.792542,4.942914,1.008693,0.413482,5.9838,0.367797,0.400001,-0.933062,1.0,,,,,,,,,,,,,,0,none
59,38227,126.8435,118.8405,709,0,0,1,0,2.3076,2.154,collision,347.7,0.081134,0.374667,-0.799345,0.839983,5.005502,1.028011,0.999994,5.978216,0.398442,0.415312,-0.907391,1.0,,,,,,,,,,,,,,0,none
60,38808,69.2821,118.8332,581,0,0,1,0,2.8737,2.119,collision,353.3,0.097055,0.379882,-0.800606,0.835164,4.925227,1.110213,0.295624,5.98216,0.377293,0.403807,-0.944883,1.0,-0.036018,0.011464,1.667089,0.004826,0.058058,0.383702,0.026219,0.0,0.0001,,,,,0,none
61,39992,280.8933,150.3465,1184,0,0,1,0,1.1885,2.16,collision,363.7,-0.000769,0.378855,-0.844174,0.83652,4.892199,1.054899,0.468332,5.996555,0.380502,0.404601,-0.793719,1.0,,,,,,,,,,,,,,0,none
62,40297,38.1416,147.5726,305,0,0,1,0,3.3181,1.936,collision,366.4,-0.261756,0.429457,-0.887838,0.75165,4.486472,1.363177,0.569341,5.976293,0.386154,0.39915,-0.707973,1.0,,,,,,,,,,,,,,0,none
63,40591,38.1511,144.7029,294,0,0,1,0,3.3666,2.013,collision,369.1,-0.21804,0.42751,-0.859964,0.689547,4.668568,1.126842,1.024175,5.971574,0.395515,0.393264,-0.596363,1.01089,,,,,,,,,,,,,,0,none
64,41299,163.7228,130.8688,708,0,0,1,0,2.2902,2.109,collision,375.8,-0.058627,0.410241,-0.854146,0.830894,4.811935,1.108885,0.431676,5.993792,0.402826,0.40714,-0.658867,1.0,0.052371,0.010216,1.667123,0.004814,0.057344,0.344457,0.025034,0.0,0.0001,,,,,0,none
65,42004,138.5425,127.9266,705,0,0,1,0,2.3283,2.139,collision,382.1,0.033573,0.386361,-0.821415,0.843985,4.938437,1.050043,0.715567,5.991806,0.399197,0.410155,-0.911973,1.0,,,,,,,,,,,,,,0,none
66,43183,298.1851,128.0855,1179,0,0,1,0,1.1832,2.146,collision,392.3,-0.046829,0.381671,-0.82439,0.842386,4.787027,1.112552,0.327628,5.984731,0.382632,0.401945,-0.742631,1.0,,,,,,,,,,,,,,0,none
67,43261,-31.5238,118.0133,78,0,0,1,0,3.8468,1.501,collision,393.0,-0.671582,0.225646,-0.883902,0.29367,3.868559,1.392079,0.308378,5.960307,0.262569,0.354625,-0.712278,1.0,,,,,,,,,,,,,,0,none
68,43840,62.0879,118.4326,579,0,0,1,0,2.8825,2.13,collision,398.6,0.116386,0.387803,-0.808157,0.878047,5.04957,0.964318,0.473222,5.990605,0.369493,0.402288,-0.934392,1.0,0.029541,0.010244,1.667131,0.004802,0.047333,0.172385,0.025633,0.0,0.0001,,,,,0,none
69,44346,46.2311,110.3714,506,0,0,1,0,2.8712,2.164,collision,403.1,0.095339,0.369089,-0.791363,0.829526,5.08855,0.901442,1.167341,5.98222,0.363945,0.405172,-0.966406,1.0,,,,,,,,,,,,,,0,none
70,45066,141.4719,117.5903,720,0,0,1,0,2.2924,2.087,collision,409.4,-0.046657,0.42855,-0.889366,0.796082,4.912828,1.054306,0.528223,5.992663,0.395857,0.411711,-0.924344,1.0,,,,,,,,,,,,,,0,none
71,45649,63.3297,95.834,583,0,0,1,0,2.8809,2.151,collision,414.5,0.102311,0.375948,-0.820865,0.840845,5.076027,0.960493,0.563745,5.986905,0.373619,0.402782,-0.943683,1.0,,,,,,,,,,,,,,0,none
72,46833,306.4714,122.667,1184,0,0,1,0,1.1521,2.156,collision,425.4,-0.055853,0.370785,-0.84419,0.839801,4.798014,1.134258,0.234627,5.986542,0.385101,0.402856,-0.662878,1.0,0.00604,0.004495,1.666901,0.00479,0.037036,0.33565,0.011017,0.0,0.0001,,,,,0,none
73,48019,301.2387,148.9757,1186,0,0,1,0,1.1699,2.144,collision,435.8,-0.071778,0.375101,-0.877609,0.784281,4.781514,1.149312,0.659611,5.98579,0.386327,0.405271,-0.66018,1.0,,,,,,,,,,,,,,0,none
74,48605,67.3472,139.3382,586,0,0,1,0,2.8834,2.041,collision,441.0,-0.014559,0.452909,-0.88989,0.847803,4.809014,1.186463,0.302132,5.989656,0.367582,0.403059,-0.9592,1.0,,,,,,,,,,,,,,0,none
75,49006,70.5537,132.5393,401,0,0,1,0,3.0439,2.087,collision,444.6,-0.076498,0.414836,-0.852917,0.801383,4.764753,1.143909,0.890846,5.987334,0.410058,0.401845,-0.639956,1.006821,,,,,,,,,,,,,,0,none
76,50199,265.7973,129.3005,1193,0,0,1,0,1.2294,2.154,collision,455.7,0.024329,0.375931,-0.851642,0.866348,4.945032,1.064378,0.352921,5.989969,0.378566,0.406733,-0.874115,1.0,0.023905,0.005848,1.66679,0.004778,0.031436,0.152791,0.005999,0.0,0.0001,,,,,0,none
77,50787,72.2348,139.6764,588,0,0,1,0,2.8901,2.072,collision,460.9,0.002038,0.43011,-0.875939,0.84014,4.83651,1.124714,0.2818,5.982277,0.369977,0.400923,-0.963173,1.0,,,,,,,,,,,,,,0,none
78,51505,133.8559,146.8532,718,0,0,1,0,2.2931,2.15,collision,467.5,0.078786,0.373298,-0.805767,0.818722,5.038128,0.956508,0.196334,5.985594,0.400762,0.413379,-0.913918,1.0,,,,,,,,,,,,,,0,none
79,52212,131.9689,155.427,707,0,0,1,0,2.2994,2.138,collision,473.8,0.064546,0.387316,-0.811238,0.860412,4.919363,1.058837,0.584962,5.981965,0.397962,0.411145,-0.934053,1.0,,,,,,,,,,,,,,0,none
80,52788,65.8659,147.8664,576,0,0,1,0,2.8809,2.146,collision,479.6,0.103463,0.374605,-0.814455,0.868272,4.95752,1.023168,0.181744,5.99555,0.372307,0.400886,-0.922404,1.0,-0.015814,0.007464,1.667047,0.004766,0.051427,0.209618,0.013289,0.0,0.0001,,,,,0,none
81,54008,275.3334,169.0667,1220,0,0,1,0,1.1816,2.162,collision,490.3,0.029872,0.372455,-0.793053,0.88429,4.905432,1.052443,0.64196,5.986119,0.37964,0.406772,-0.92358,1.0,,,,,,,,,,,,,,0,none
82,55177,294.2292,167.8425,1169,0,0,1,0,1.1885,2.17,collision,500.5,-0.050581,0.366977,-0.854194,0.814967,4.846157,1.085179,0.607463,5.992379,0.385192,0.403667,-0.736609,1.0,,,,,,,,,,,,,,0,none
83,56360,292.8466,167.0033,1183,0,0,1,0,1.1769,2.161,collision,510.8,-0.007667,0.373243,-0.842965,0.7665,4.830293,1.077319,0.439354,5.989613,0.386519,0.405911,-0.674655,1.0,,,,,,,,,,,,,,0,none
84,57083,145.7037,174.8389,723,0,0,1,0,2.2997,2.144,collision,517.9,0.023387,0.388403,-0.8032,0.853063,4.927525,1.069455,0.375547,5.982758,0.401749,0.410267,-0.886822,1.0,-0.001458,0.006622,1.667491,0.004754,0.032132,0.307136,0.019556,0.0,0.0001,,,,,0,none
85,57485,67.5343,174.537,402,0,0,1,0,3.0782,2.018,collision,521.4,-0.177548,0.433729,-0.891895,0.838098,4.732088,1.213588,0.352648,5.988926,0.396331,0.405164,-0.62384,1.000592,,,,,,,,,,,,,,0,none
86,58061,71.5234,155.1096,576,0,0,1,0,2.8782,2.152,collision,526.5,0.064903,0.378385,-0.799336,0.856584,5.007736,1.038188,0.604917,5.980917,0.372775,0.399425,-0.91539,1.002282,,,,,,,,,,,,,,0,none
87,58360,39.6908,151.8552,299,0,0,1,0,3.3575,1.967,collision,529.2,-0.213541,0.425632,-0.887977,0.809019,4.498592,1.387695,0.525299,5.98591,0.393552,0.394633,-0.595584,1.008538,,,,,,,,,,,,,,0,none
88,58941,63.299,144.7995,581,0,0,1,0,2.8752,2.172,collision,534.7,0.123069,0.35728,-0.797191,0.860409,5.041747,0.963102,0.835472,5.981853,0.374061,0.404222,-0.941158,1.004692,0.007822,0.011382,1.66816,0.004742,0.050285,0.207923,0.042908,0.0,0.0001,,,,,0,none
89,60125,293.8613,160.9887,1184,0,0,1,0,1.188,2.136,collision,545.1,-0.060284,0.376265,-0.866434,0.795036,4.784815,1.111992,0.216628,5.99211,0.383553,0.40424,-0.761844,1.0,,,,,,,,,,,,,,0,none
90,60420,38.0081,158.203,295,0,0,1,0,3.3492,2.038,collision,547.7,-0.187259,0.41414,-0.866819,0.827629,4.695955,1.15739,0.425335,5.975309,0.392638,0.392889,-0.530275,1.007918,,,,,,,,,,,,,,0,none
91,61140,132.9308,143.9627,720,0,0,1,0,2.3146,2.149,collision,554.2,0.053532,0.379345,-0.799655,0.885841,4.997261,1.004307,0.2219,5.985532,0.39646,0.410277,-0.888134,1.0,,,,,,,,,,,,,,0,none
92,61404,12.2742,115.7672,264,0,0,1,0,3.4218,2.142,collision,557.0,0.120036,0.374569,-0.755058,0.812062,5.06902,0.899656,0.801629,5.984478,0.381256,0.397216,-0.732852,1.000394,0.049966,0.010101,1.668658,0.00473,0.063971,0.247907,0.029528,0.0,0.0001,,,,,0,none
93,62595,275.9383,114.0764,1191,0,0,1,0,1.2038,2.15,collision,567.5,-0.001949,0.37959,-0.843108,0.84767,4.90364,1.037443,0.404994,5.984588,0.380181,0.406076,-0.807986,1.0,,,,,,,,,,,,,,0,none
94,63071,46.6895,104.175,476,0,0,1,0,2.8972,2.14,collision,571.6,0.07375,0.375606,-0.76892,0.805178,4.905817,1.081454,0.573216,5.985792,0.352259,0.395395,-0.960967,1.0,,,,,,,,,,,,,,0,none
95,64260,286.4195,126.0635,1189,0,0,1,0,1.2048,2.167,collision,581.9,-0.012107,0.37157,-0.813886,0.852427,4.881754,1.060776,0.597087,5.988201,0.387193,0.407537,-0.743725,1.0,,,,,,,,,,,,,,0,none
96,64545,24.1008,121.3212,285,0,0,1,0,3.3272,2.175,collision,585.0,0.063016,0.36039,-0.835203,0.803756,4.91616,1.005227,0.997207,5.986556,0.390445,0.39244,-0.611571,1.0,0.027594,0.006293,1.66901,0.004718,0.036788,0.224447,0.019692,0.0,0.0001,,,,,0,none
97,65736,297.4125,147.0934,1191,0,0,1,0,1.1833,2.134,collision,595.4,-0.036078,0.385892,-0.866769,0.784579,4.828668,1.106624,0.474778,5.990211,0.385553,0.404459,-0.712436,1.0,,,,,,,,,,,,,,0,none
98,66448,143.1137,155.0749,712,0,0,1,0,2.3207,2.145,collision,601.7,0.000931,0.383809,-0.845918,0.816825,4.960021,1.074133,0.305583,5.994838,0.401055,0.411176,-0.893851,1.0,,,,,,,,,,,,,,0,none
99,67674,272.6978,152.9585,1226,0,0,1,0,1.188,2.174,collision,612.2,0.054258,0.369321,-0.795064,0.838245,5.012529,0.964192,0.699206,5.985102,0.384253,0.410708,-0.911342,1.0,,,,,,,,,,,,,,0,none
100,67978,39.735,153.1312,304,0,0,1,0,3.3661,1.976,collision,615.6,-0.213575,0.441907,-0.877439,0.812795,4.625736,1.281711,0.444423,5.980416,0.389269,0.395928,-0.602621,1.011045,0.017568,0.005604,1.669344,0.004706,0.03964,0.157041,0.008565,0.0,0.0001,,,,,0,none
101,68568,70.0084,146.839,590,0,0,1,0,2.8914,2.118,collision,620.8,0.040579,0.40362,-0.804911,0.831176,4.987062,1.029459,0.606782,5.990783,0.382559,0.406189,-0.958975,1.002325,,,,,,,,,,,,,,0,none
102,69146,74.653,153.0768,578,0,0,1,0,2.8677,2.066,collision,625.8,-0.005162,0.442412,-0.886321,0.825176,4.996654,1.018574,0.211835,5.986445,0.366375,0.398816,-0.926798,1.0,,,,,,,,,,,,,,0,none
103,70335,296.6856,155.1516,1189,0,0,1,0,1.1678,2.131,collision,636.3,-0.041898,0.384902,-0.8709,0.818268,4.811619,1.153474,0.317152,5.995475,0.384636,0.404695,-0.719681,1.0,,,,,,,,,,,,,,0,none
104,71512,305.8194,181.0645,1177,0,0,1,0,1.1596,2.14,collision,647.1,-0.057777,0.375544,-0.860428,0.806571,4.847541,1.120633,0.409593,5.990932,0.384525,0.402622,-0.712656,1.0,0.00787,0.004372,1.669644,0.004694,0.027486,0.416191,0.005813,0.0,0.0001,,,,,0,none
105,72091,63.1361,158.7362,579,0,0,1,0,2.8771,2.14,collision,652.2,0.125936,0.371822,-0.763141,0.838568,5.027429,0.994919,1.108604,5.981156,0.37534,0.404923,-0.930757,1.0,,,,,,,,,,,,,,0,none
106,72496,72.3965,163.5658,405,0,0,1,0,2.9706,2.05,collision,655.8,-0.182807,0.411635,-0.878906,0.778337,4.571476,1.229404,0.548715,5.984102,0.393846,0.400351,-0.667767,1.0,,,,,,,,,,,,,,0,none
107,73072,74.3726,141.2618,576,0,0,1,0,2.8733,2.113,collision,660.8,0.08278,0.398516,-0.827709,0.826751,4.973768,1.041849,1.195641,5.987888,0.370237,0.396233,-0.925927,1.000333,,,,,,,,,,,,,,0,none
108,73477,68.4301,133.7934,405,0,0,1,0,3.0173,2.075,collision,665.0,-0.063742,0.423307,-0.877176,0.761889,4.779513,1.205779,0.35348,5.971926,0.403703,0.402223,-0.689633,1.0,0.010057,0.011053,1.669702,0.004682,0.045568,0.146456,0.044861,0.0,0.0001,,,,,0,none
109,73888,69.4218,113.4658,411,0,0,1,0,3.0052,2.087,collision,668.6,-0.044511,0.41958,-0.867721,0.87282,4.811217,1.15681,0.132462,5.994773,0.404478,0.399166,-0.736806,1.000299,,,,,,,,,,,,,,0,none
110,74289,69.577,116.45,401,0,0,1,0,3.0764,2.029,collision,672.1,-0.16679,0.421213,-0.877448,0.79332,4.601891,1.303349,0.407501,5.978021,0.398003,0.404933,-0.600941,1.004159,,,,,,,,,,,,,,0,none
111,74868,60.7315,115.5223,579,0,0,1,0,2.8742,2.132,collision,677.1,0.135584,0.371943,-0.755806,0.826172,5.087772,0.938146,1.053337,5.980377,0.371273,0.40286,-0.925622,1.0,,,,,,,,,,,,,,0,none
112,75289,66.6989,114.7269,421,0,0,1,0,2.9869,2.113,collision,681.1,-0.000706,0.414925,-0.867505,0.811126,4.908498,1.07549,0.768174,5.986897,0.40283,0.397921,-0.822052,1.001996,0.001617,0.014025,1.669804,0.00467,0.057793,0.178538,0.033957,0.0,0.0001,,,,,0,none
113,75698,70.1743,92.0758,409,0,0,1,0,3.0153,2.064,collision,684.7,-0.080218,0.423658,-0.87989,0.826096,4.637092,1.286263,0.861238,5.99404,0.403257,0.400537,-0.711753,1.0,,,,,,,,,,,,,,0,none
114,76404,154.3223,76.9261,706,0,0,1,0,2.3037,2.152,collision,691.0,0.036256,0.375277,-0.795823,0.853745,4.940691,1.087052,0.51545,5.992392,0.406416,0.407471,-0.827759,1.0,,,,,,,,,,,,,,0,none
115,76909,58.7564,76.4881,505,0,0,1,0,2.8305,2.144,collision,695.4,0.113277,0.368747,-0.764958,0.834466,5.050103,1.001519,1.080286,5.991113,0.36103,0.394707,-0.9528,1.0,,,,,,,,,,,,,,0,none
116,77616,153.9134,84.6398,707,0,0,1,0,2.2843,2.143,collision,702.2,0.027383,0.386579,-0.841796,0.843915,4.968484,0.996234,0.520387,5.990062,0.406531,0.408448,-0.865534,1.0,-0.015062,0.013501,1.67021,0.004658,0.062792,0.268388,0.026014,0.0,0.0001,,,,,0,none
117,78194,75.8557,84.7881,578,0,0,1,0,2.8034,2.125,collision,707.2,0.143389,0.36976,-0.746103,0.837845,5.054614,1.00969,0.952593,5.996571,0.368941,0.399206,-0.890838,1.0,,,,,,,,,,,,,,0,none
118,78771,72.6553,85.2107,577,0,0,1,0,2.8723,2.043,collision,712.2,-0.032123,0.457979,-0.875169,0.85112,4.804098,1.16485,0.647765,5.980732,0.363745,0.397643,-0.935705,1.0,,,,,,,,,,,,,,0,none
119,79182,67.7656,85.0451,411,0,0,1,0,2.9862,2.044,collision,715.8,-0.059575,0.451071,-0.880004,0.86531,4.800883,1.113717,0.60249,5.986286,0.401755,0.398185,-0.768083,1.0,,,,,,,,,,,,,,0,none
120,79749,78.8506,85.9724,567,0,0,1,0,2.8358,2.131,collision,721.3,0.1039,0.382662,-0.832278,0.828403,4.985885,1.065337,0.477017,5.992327,0.370733,0.39671,-0.878798,1.000623,0.09506,0.012655,1.670552,0.004646,0.03927,0.372867,0.033229,0.0,0.0001,,,,,0,none
121,80458,143.6229,94.2615,709,0,0,1,0,2.3061,2.149,collision,727.6,0.068417,0.374073,-0.81392,0.819796,5.04646,1.009419,0.25738,5.984484,0.406799,0.411982,-0.91076,1.0,,,,,,,,,,,,,,0,none
122,80863,69.454,94.5371,405,0,0,1,0,3.0105,2.111,collision,731.2,0.013947,0.404768,-0.830325,0.83067,5.081391,0.990552,0.471024,5.983098,0.413037,0.401317,-0.740896,1.008957,,,,,,,,,,,,,,0,none
123,81443,72.7709,94.7967,580,0,0,1,0,2.881,2.067,collision,736.4,-0.004523,0.443548,-0.891264,0.798943,4.976155,1.000934,0.792011,5.986715,0.365214,0.39772,-0.944795,1.0,,,,,,,,,,,,,,0,none
124,82617,302.9135,109.6558,1174,0,0,1,0,1.1811,2.15,collision,747.1,-0.063541,0.37494,-0.853585,0.836437,4.850899,1.083888,0.654404,5.994514,0.384971,0.402904,-0.693845,1.0,0.004904,0.00815,1.670596,0.004634,0.045197,0.189052,0.019922,0.0,0.0001,,,,,0,none
125,83020,70.4222,110.8224,403,0,0,1,0,3.0257,2.092,collision,750.7,-0.062824,0.418766,-0.875454,0.737721,4.861444,1.116037,0.498989,5.99002,0.406714,0.400566,-0.662942,1.003058,,,,,,,,,,,,,,0,none
126,83729,143.6937,109.8004,709,0,0,1,0,2.3046,2.104,collision,756.4,0.003788,0.414106,-0.817529,0.857816,5.018353,0.989213,0.56879,5.987885,0.397873,0.409344,-0.923155,1.0,,,,,,,,,,,,,,0,none
127,84011,25.1497,104.7298,282,0,0,1,0,3.3549,2.146,collision,758.8,0.087391,0.371882,-0.761154,0.807005,5.002203,0.996745,0.709846,5.973326,0.405229,0.405234,-0.678018,1.003856,,,,,,,,,,,,,,0,none
128,84419,65.8249,104.0468,408,0,0,1,0,3.0062,2.144,collision,762.5,0.039259,0.382626,-0.77499,0.863338,5.011841,1.039419,1.143399,5.994256,0.416818,0.404841,-0.726545,1.006688,-0.001056,0.015066,1.670719,0.004622,0.067034,0.059218,0.036066,0.0,0.0001,,,,,0,none
129,84836,64.0729,103.6775,417,0,0,1,0,2.9935,2.138,collision,766.1,0.067263,0.389025,-0.793196,0.818711,5.107568,0.915447,1.349369,5.977779,0.416145,0.406398,-0.762071,1.005535,,,,,,,,,,,,,,0,none
130,85403,75.9563,103.3881,567,0,0,1,0,2.8687,2.126,collision,771.1,0.078437,0.388579,-0.809956,0.852867,5.033765,1.01841,0.88549,5.9957,0.371086,0.396509,-0.887217,1.0,,,,,,,,,,,,,,0,none
131,85809,70.7834,96.1042,406,0,0,1,0,3.0099,2.076,collision,774.8,-0.051956,0.428446,-0.876849,0.807815,4.909721,1.071196,0.702052,5.991647,0.405336,0.399358,-0.68462,1.000152,,,,,,,,,,,,,,0,none
132,85848,-41.0997,85.0488,39,0,0,1,0,3.8454,1.484,collision,775.5,-0.657916,0.168307,-0.883517,-0.1642,3.692861,1.596426,0.677136,5.784127,0.215219,0.329079,-0.609092,1.0,0.010705,0.016642,1.670737,0.00461,0.056515,0.129459,0.021583,0.0,0.0001,,,,,0,none
133,87043,299.0861,107.6803,1195,0,0,1,0,1.1569,2.176,collision,786.1,0.013166,0.368012,-0.869447,0.846988,4.980833,1.013858,0.517415,5.985453,0.386488,0.405793,-0.692742,1.0,,,,,,,,,,,,,,0,none
134,87748,153.7251,92.7615,705,0,0,1,0,2.2895,2.147,collision,792.4,-0.013625,0.392833,-0.847016,0.793759,4.98534,1.011547,0.268714,5.994401,0.400931,0.407058,-0.829664,1.0,,,,,,,,,,,,,,0,none
135,88461,139.4117,99.6604,713,0,0,1,0,2.2849,2.14,collision,798.8,0.073193,0.386708,-0.768835,0.827797,5.117175,0.859203,1.074667,5.992848,0.398911,0.410755,-0.920131,1.0,,,,,,,,,,,,,,0,none
136,88866,66.8499,91.9761,405,0,0,1,0,3.0239,2.008,collision,802.9,-0.131661,0.458089,-0.878387,0.855473,4.769896,1.252527,0.339154,5.989933,0.400937,0.402241,-0.678388,1.0,0.009491,0.008578,1.670705,0.004598,0.054278,0.193081,0.034522,0.0,0.0001,,,,,0,none
137,89277,68.6526,96.3263,411,0,0,1,0,2.9969,2.095,collision,806.5,0.03164,0.40969,-0.837952,0.865914,4.999137,1.09437,0.462018,5.985796,0.408163,0.399259,-0.762071,1.004059,,,,,,,,,,,,,,0,none
138,89853,78.8824,97.6321,576,0,0,1,0,2.8622,2.101,collision,811.6,0.083008,0.405558,-0.842701,0.831524,4.997137,1.007543,0.383744,5.989698,0.367745,0.394098,-0.930898,1.0,,,,,,,,,,,,,,0,none
139,90537,164.3689,107.6617,684,0,0,1,0,2.1952,2.154,collision,817.7,-0.045839,0.385846,-0.855406,0.855456,4.928344,0.985273,1.386438,5.987306,0.406924,0.403817,-0.540328,1.0,,,,,,,,,,,,,,0,none
140,91717,315.277,131.5937,1180,0,0,1,0,1.1235,2.161,collision,828.5,-0.049842,0.367591,-0.863973,0.801992,4.785881,1.12687,0.551065,5.994793,0.384345,0.402235,-0.624149,1.0,0.037612,0.006371,1.670768,0.004586,0.040517,0.303395,0.017601,0.0,0.0001,,,,,0,none
141,91772,-37.6547,120.7499,55,0,0,1,0,3.8111,1.456,collision,829.1,-0.709841,0.140891,-0.864215,-0.311202,3.592626,1.368844,0.212614,5.652723,0.23845,0.341284,-0.685849,1.0,,,,,,,,,,,,,,0,none
142,92350,73.6463,132.2245,578,0,0,1,0,2.8646,2.035,collision,834.2,0.007286,0.450813,-0.875236,0.854434,4.911933,1.110826,0.398361,5.985125,0.366444,0.397853,-0.934627,1.0,,,,,,,,,,,,,,0,none
143,93037,168.4297,119.1589,687,0,0,1,0,2.1945,2.126,collision,840.3,-0.094835,0.392921,-0.883076,0.77873,4.759631,1.108772,0.510589,5.996483,0.406117,0.402563,-0.625219,1.0,,,,,,,,,,,,,,0,none
144,93620,72.0991,110.9963,583,0,0,1,0,2.8639,2.096,collision,845.8,0.11926,0.397089,-0.822211,0.851781,4.992671,1.006699,0.914379,5.989628,0.376528,0.403095,-0.952861,1.001608,0.021435,0.011447,1.670654,0.004574,0.048943,0.181013,0.021875,0.0,0.0001,,,,,0,none
145,94791,312.936,128.3487,1171,0,0,1,0,1.109,2.17,collision,856.1,-0.028464,0.369491,-0.844572,0.8372,4.854712,1.074041,0.344713,5.986062,0.382001,0.400405,-0.615881,1.0,,,,,,,,,,,,,,0,none
146,95974,312.798,152.9435,1183,0,0,1,0,1.1417,2.173,collision,866.4,-0.032141,0.36511,-0.853561,0.792832,4.883612,1.068187,0.633041,5.990298,0.387936,0.404294,-0.716749,1.0,,,,,,,,,,,,,,0,none
147,97151,317.4244,177.8207,1177,0,0,1,0,1.1192,2.152,collision,876.6,-0.039747,0.369256,-0.844251,0.81773,4.802002,1.134585,0.274813,5.997256,0.383121,0.400814,-0.617442,1.0,,,,,,,,,,,,,,0,none
148,97849,175.5682,187.4893,698,0,0,1,0,2.2282,2.146,collision,883.8,-0.063873,0.374913,-0.879206,0.839615,4.823445,1.071461,0.592918,5.976516,0.41816,0.408243,-0.484305,1.0,0.018124,0.00377,1.670877,0.004562,0.027715,0.215057,0.022229,0.0,0.0001,,,,,0,none
149,98545,173.5453,188.4069,696,0,0,1,0,2.2258,2.155,collision,889.9,-0.054639,0.371371,-0.817795,0.823142,4.833749,1.098768,0.577903,5.98352,0.41686,0.406302,-0.491886,1.0,,,,,,,,,,,,,,0,none
150,98950,74.1391,164.2931,405,0,0,1,0,2.9886,2.148,collision,893.4,-0.005761,0.389138,-0.824742,0.817851,4.98258,1.0416,0.952233,5.992923,0.407226,0.396277,-0.72293,1.00778,,,,,,,,,,,,,,0,none
151,100118,312.0461,199.2632,1168,0,0,1,0,1.1096,2.147,collision,903.7,-0.059641,0.377798,-0.8507,0.823599,4.803062,1.1326,0.258431,5.98127,0.379976,0.399777,-0.677632,1.0,,,,,,,,,,,,,,0,none
152,100532,73.2901,199.2276,414,0,0,1,0,2.9742,2.121,collision,907.9,0.001639,0.400716,-0.830433,0.842234,4.881079,1.100249,0.675592,5.992801,0.403647,0.395113,-0.7644,1.004165,0.015523,0.007861,1.671232,0.00455,0.048138,0.292822,0.015014,0.0,0.0001,,,,,0,none
153,101709,310.1874,213.4034,1177,0,0,1,0,1.1249,2.142,collision,918.1,-0.019179,0.380063,-0.835459,0.812409,4.771409,1.137532,0.322052,5.991576,0.382509,0.401468,-0.63459,1.0,,,,,,,,,,,,,,0,none
154,102112,69.3401,213.1275,403,0,0,1,0,3.0015,2.012,collision,921.7,-0.119397,0.450078,-0.875036,0.831764,4.674385,1.254135,0.301435,5.987387,0.398475,0.402112,-0.713768,1.0,,,,,,,,,,,,,,0,none
155,102810,172.1071,199.0446,698,0,0,1,0,2.2166,2.091,collision,927.9,-0.122638,0.389261,-0.845948,0.730719,4.65842,1.251303,0.288521,5.986341,0.412682,0.4073,-0.526072,1.0,,,,,,,,,,,,,,0,none
156,103211,69.8122,174.746,401,0,0,1,0,3.0195,2.11,collision,932.1,0.039437,0.395949,-0.857491,0.813711,4.91818,1.112138,0.276871,5.987031,0.413972,0.400362,-0.688944,1.007641,-0.010554,0.011005,1.671227,0.004538,0.047285,0.182872,0.015557,0.0,0.0001,,,,,0,none
157,103917,143.0441,157.308,706,0,0,1,0,2.2862,2.142,collision,938.4,0.102481,0.375483,-0.811836,0.838144,4.948391,1.044053,0.351171,5.988854,0.405671,0.41106,-0.879051,1.0,,,,,,,,,,,,,,0,none
158,105099,314.5418,171.2053,1182,0,0,1,0,1.1151,2.148,collision,948.9,-0.024567,0.373855,-0.848465,0.803812,4.751719,1.141184,0.46683,5.986583,0.381592,0.400878,-0.633357,1.0,,,,,,,,,,,,,,0,none
159,105373,21.905,156.0413,274,0,0,1,0,3.3915,2.116,collision,951.3,0.127166,0.376452,-0.812498,0.79363,4.928408,1.105122,0.687971,5.985706,0.399958,0.405037,-0.734246,1.006037,,,,,,,,,,,,,,0,none
160,106079,144.8444,163.1118,706,0,0,1,0,2.2913,2.127,collision,958.0,0.049784,0.393262,-0.820087,0.814175,4.969748,1.032115,0.211922,5.989734,0.401297,0.408521,-0.9291,1.0,0.008471,0.009334,1.671353,0.004526,0.053246,0.162784,0.013077,0.0,0.0001,,,,,0,none
161,106672,74.6216,139.3694,593,0,0,1,0,2.86,2.086,collision,963.1,0.151037,0.394334,-0.785889,0.84875,4.93962,1.018866,0.730314,5.978707,0.376557,0.400747,-0.983141,1.003037,,,,,,,,,,,,,,0,none
162,107849,310.8332,163.1237,1177,0,0,1,0,1.1395,2.161,collision,973.7,-0.026744,0.369892,-0.86831,0.814051,4.782427,1.092566,0.271345,5.978696,0.385489,0.402595,-0.645547,1.0,,,,,,,,,,,,,,0,none
163,108259,68.7102,138.976,410,0,0,1,0,2.9774,2.01,collision,977.4,-0.071909,0.461957,-0.887958,0.795471,4.676214,1.199994,0.537513,5.971863,0.394078,0.396173,-0.756541,1.0,,,,,,,,,,,,,,0,none
164,109434,313.3484,163.3768,1175,0,0,1,0,1.1125,2.151,collision,988.6,-0.046238,0.370572,-0.857023,0.820724,4.74053,1.10935,0.468946,5.991236,0.381048,0.400151,-0.633005,1.0,0.032376,0.005538,1.671208,0.004514,0.031587,0.137454,0.010618,0.0,0.0001,,,,,0,none
165,110621,313.4237,177.5085,1187,0,0,1,0,1.1212,2.183,collision,999.1,-0.002139,0.355132,-0.830808,0.818953,4.789962,1.131145,0.355193,5.990121,0.386484,0.40357,-0.637842,1.0,,,,,,,,,,,,,,0,none
166,111029,72.0313,177.7304,408,0,0,1,0,2.9813,2.089,collision,1002.7,-0.021503,0.422699,-0.874836,0.844227,4.827261,1.110618,0.584036,5.988554,0.400671,0.394544,-0.745165,1.0,,,,,,,,,,,,,,0,none
167,111611,72.482,170.6742,582,0,0,1,0,2.8619,2.112,collision,1007.8,0.166269,0.374031,-0.765527,0.87622,5.007926,1.004197,0.737386,5.995579,0.377417,0.40288,-0.941863,1.003258,,,,,,,,,,,,,,0,none
168,112292,173.1105,156.531,681,0,0,1,0,2.1848,2.123,collision,1014.4,-0.114814,0.378348,-0.866854,0.819602,4.627933,1.191937,0.656671,5.976788,0.409308,0.402812,-0.592443,1.0,0.015238,0.008768,1.670904,0.004502,0.039188,0.12982,0.011845,0.0,0.0001,,,,,0,none
169,113474,317.4083,186.0814,1182,0,0,1,0,1.0999,2.151,collision,1024.8,-0.026093,0.374728,-0.847433,0.806133,4.715021,1.156999,0.338184,5.98045,0.383383,0.401137,-0.621857,1.0,,,,,,,,,,,,,,0,none
170,113889,69.028,178.4997,415,0,0,1,0,2.9837,2.033,collision,1028.5,-0.033216,0.44323,-0.891275,0.806166,4.5719,1.280412,0.537218,5.988983,0.400314,0.396719,-0.80797,1.0,,,,,,,,,,,,,,0,none
171,115065,313.6875,202.4063,1176,0,0,1,0,1.1285,2.154,collision,1039.0,-0.036898,0.371882,-0.850715,0.815603,4.754389,1.11772,0.101449,5.989658,0.386932,0.403245,-0.639187,1.0,,,,,,,,,,,,,,0,none
172,115468,76.8683,179.0098,403,0,0,1,0,2.9548,2.128,collision,1043.6,-0.095439,0.386668,-0.850707,0.767601,4.815392,1.059958,0.670025,5.963849,0.402458,0.396099,-0.4334,1.0,0.017829,0.006215,1.6708,0.00449,0.036278,0.238688,0.008302,0.0,0.0001,,,,,0,none
173,116173,172.0826,189.3471,705,0,0,1,0,2.2545,2.107,collision,1049.8,-0.07012,0.393446,-0.857423,0.797614,4.634894,1.198208,0.271123,5.981286,0.414223,0.408363,-0.547003,1.0,,,,,,,,,,,,,,0,none
174,117490,297.1156,187.7238,1317,0,0,1,0,1.1182,2.104,collision,1061.6,0.085315,0.395329,-0.840314,0.862203,4.817737,1.122377,0.411607,5.98928,0.364721,0.401642,-0.944942,1.000907,,,,,,,,,,,,,,0,none
175,117888,72.1784,163.5992,398,0,0,1,0,3.0487,2.08,collision,1065.2,-0.112221,0.407018,-0.873079,0.782436,4.679718,1.232209,0.496997,5.985133,0.410836,0.401037,-0.585799,1.009223,,,,,,,,,,,,,,0,none
176,118296,70.326,163.4287,408,0,0,1,0,2.9853,2.132,collision,1069.5,0.028641,0.386579,-0.797424,0.820963,4.849824,1.10924,0.645741,5.994487,0.405502,0.397065,-0.746307,1.000585,-0.013905,0.010192,1.67107,0.004478,0.051142,0.252229,0.011931,0.0,0.0001,,,,,0,none
177,119468,318.1779,187.9983,1172,0,0,1,0,1.1159,2.145,collision,1080.1,-0.053991,0.373894,-0.862277,0.812539,4.611089,1.196631,0.427299,5.993554,0.380832,0.399879,-0.626453,1.0,,,,,,,,,,,,,,0,none
178,119870,72.6017,177.9474,402,0,0,1,0,3.0227,2.094,collision,1083.8,-0.054495,0.410978,-0.862267,0.855572,4.714292,1.226718,0.487907,5.977976,0.409688,0.400116,-0.663939,1.006627,,,,,,,,,,,,,,0,none
179,120448,73.2134,153.5279,578,0,0,1,0,2.8587,2.104,collision,1088.8,0.170608,0.375978,-0.719783,0.820997,5.022799,0.991706,1.054337,5.986311,0.374662,0.400767,-0.941796,1.000038,,,,,,,,,,,,,,0,none
180,121148,174.5132,164.0764,700,0,0,1,0,2.2583,2.166,collision,1095.7,-0.045736,0.362428,-0.82211,0.790071,4.786288,1.098536,0.73845,5.993663,0.417368,0.409085,-0.5454,1.0,0.011443,0.009146,1.671551,0.004466,0.041807,0.224379,0.006058,0.0,0.0001,,,,,0,none
181,121838,172.0614,149.9138,690,0,0,1,0,2.1979,2.135,collision,1101.8,-0.046866,0.378783,-0.808581,0.74635,4.667654,1.183845,0.383956,5.978363,0.412122,0.405176,-0.536286,1.0,,,,,,,,,,,,,,0,none
182,122529,177.8931,160.0163,691,0,0,1,0,2.2021,2.148,collision,1108.0,-0.090204,0.364201,-0.857918,0.743502,4.611016,1.205462,0.301136,5.981692,0.414248,0.406136,-0.453376,1.0,,,,,,,,,,,,,,0,none
183,122926,79.135,150.7216,397,0,0,1,0,2.9255,2.167,collision,1111.5,-0.05282,0.358443,-0.82491,0.762253,4.699092,1.168002,0.626488,5.969364,0.403888,0.393971,-0.383248,1.0,,,,,,,,,,,,,,0,none
184,123333,68.9287,127.9029,407,0,0,1,0,2.9999,2.115,collision,1115.5,0.087587,0.400091,-0.787145,0.820453,4.945129,1.03015,0.288632,5.982699,0.417914,0.403306,-0.76452,1.007381,-0.01014,0.016706,1.672264,0.004454,0.064419,0.18528,0.023989,0.0,0.0001,,,,,0,none
185,123737,80.9506,128.7801,404,0,0,1,0,2.9226,2.206,collision,1119.1,0.00539,0.350687,-0.77527,0.766531,4.85379,1.032455,0.708238,5.980193,0.407247,0.391784,-0.46928,1.003462,,,,,,,,,,,,,,0,none
186,124432,178.2702,139.5745,695,0,0,1,0,2.2194,2.1,collision,1125.5,-0.105357,0.400092,-0.887638,0.79616,4.635101,1.156607,0.680758,5.989235,0.411468,0.408574,-0.526951,1.0,,,,,,,,,,,,,,0,none
187,125123,176.4565,125.4024,691,0,0,1,0,2.227,2.104,collision,1131.5,-0.105097,0.384008,-0.855159,0.814045,4.672081,1.245222,0.377154,5.99403,0.414468,0.408456,-0.457009,1.0,,,,,,,,,,,,,,0,none
188,125521,74.2525,125.5675,398,0,0,1,0,3.0184,2.09,collision,1135.1,-0.055009,0.409879,-0.875766,0.82251,4.674117,1.206427,0.55637,5.976726,0.404646,0.396952,-0.625502,1.005048,-0.009757,0.015476,1.67297,0.004442,0.059349,0.347961,0.033857,0.0,0.0001,,,,,0,none
189,126214,176.4548,135.8916,693,0,0,1,0,2.2289,2.172,collision,1141.0,-0.015039,0.362397,-0.833201,0.835171,4.853132,1.125304,0.297629,5.989468,0.419611,0.408036,-0.428722,1.0,,,,,,,,,,,,,,0,none
190,126613,79.4145,126.3817,399,0,0,1,0,2.9431,2.12,collision,1144.4,-0.0612,0.399888,-0.848179,0.817576,4.670871,1.17763,0.53677,5.986161,0.403619,0.393032,-0.397563,1.0,,,,,,,,,,,,,,0,none
191,127025,70.3983,116.2154,412,0,0,1,0,2.9849,2.023,collision,1148.0,0.014799,0.45432,-0.856682,0.827106,4.84445,1.125727,0.59832,5.981473,0.400791,0.394215,-0.823683,1.0,,,,,,,,,,,,,,0,none
192,127707,176.0922,116.0353,682,0,0,1,0,2.1956,2.132,collision,1154.5,-0.081578,0.375195,-0.841804,0.808686,4.697417,1.169416,0.351533,5.982399,0.412025,0.403244,-0.566048,1.0,0.113551,0.006633,1.673354,0.00443,0.050521,0.148918,0.024032,0.0,0.0001,,,,,0,none
193,128123,69.2308,115.0449,416,0,0,1,0,2.9849,2.139,collision,1158.3,0.093732,0.376431,-0.810368,0.81809,4.826457,1.096451,0.627903,5.986829,0.413601,0.401048,-0.773025,1.006106,,,,,,,,,,,,,,0,none
194,128520,63.6499,114.517,397,0,0,1,0,3.0413,2.128,collision,1161.7,0.134248,0.373448,-0.638608,0.848838,5.047831,0.875339,0.416203,5.978305,0.421741,0.408501,-0.704972,1.009499,,,,,,,,,,,,,,0,none
195,129199,174.1543,123.8374,679,0,0,1,0,2.195,2.095,collision,1167.7,-0.106604,0.376416,-0.809818,0.785696,4.594626,1.265192,0.266387,5.990723,0.408436,0.401935,-0.619916,1.0,,,,,,,,,,,,,,0,none
196,129594,78.5326,113.8636,395,0,0,1,0,2.9619,2.098,collision,1171.5,-0.065514,0.405067,-0.854588,0.750833,4.755605,1.152024,0.398913,5.989827,0.407418,0.396747,-0.392335,1.0,-0.002868,0.012195,1.673516,0.004418,0.060301,0.201868,0.026953,0.0,0.0001,,,,,0,none
197,130277,163.394,112.5574,683,0,0,1,0,2.2082,2.111,collision,1177.5,-0.000604,0.402258,-0.837488,0.801977,4.843065,1.137013,0.598569,5.991118,0.407589,0.406275,-0.726619,1.0,,,,,,,,,,,,,,0,none
198,130969,161.457,121.2778,692,0,0,1,0,2.2783,2.144,collision,1183.5,0.039736,0.383955,-0.821089,0.806783,4.942849,1.037214,0.593438,5.98504,0.41287,0.407479,-0.790717,1.0,,,,,,,,,,,,,,0,none
199,131362,78.1656,111.4489,393,0,0,1,0,2.9835,2.089,collision,1187.0,-0.114519,0.396603,-0.874259,0.758856,4.739132,1.210961,0.23095,5.970142,0.406038,0.399002,-0.467186,1.0,,,,,,,,,,,,,,0,none
200,131757,79.9741,111.5049,395,0,0,1,0,2.9286,2.192,collision,1190.9,-0.014298,0.353553,-0.82673,0.815814,4.899796,1.011054,0.925716,5.983419,0.408155,0.394699,-0.326593,1.0,0.051198,0.010341,1.673581,0.004406,0.071512,0.236079,0.032459,0.0,0.0001,,,,,0,none
201,132158,80.7152,112.5366,401,0,0,1,0,2.94,2.148,collision,1194.5,-0.063389,0.369579,-0.842376,0.812225,4.727159,1.155356,0.531798,5.980465,0.405537,0.394053,-0.365764,1.0,,,,,,,,,,,,,,0,none
202,132738,79.6196,102.8893,580,0,0,1,0,2.8505,2.113,collision,1199.7,0.142485,0.382798,-0.814307,0.832382,4.987669,0.995165,0.956667,5.989255,0.375714,0.400093,-0.953327,1.008714,,,,,,,,,,,,,,0,none
203,133146,78.0523,103.7715,408,0,0,1,0,2.9136,2.132,collision,1203.4,0.057452,0.385247,-0.761551,0.827507,4.840542,1.079919,0.860177,5.967988,0.404345,0.39274,-0.645763,1.0,,,,,,,,,,,,,,0,none
204,133834,176.5305,115.0595,688,0,0,1,0,2.207,2.099,collision,1210.0,-0.111455,0.396495,-0.874384,0.791539,4.614781,1.236358,0.679239,5.994189,0.410093,0.409062,-0.558512,1.0,0.007418,0.012435,1.673714,0.004394,0.048188,0.265958,0.038882,0.0,0.0001,,,,,0,none
205,134524,172.0169,114.8458,690,0,0,1,0,2.2592,2.178,collision,1216.1,0.021315,0.357867,-0.750328,0.826175,4.800183,1.127598,0.582377,5.992151,0.416905,0.40669,-0.621916,1.005414,,,,,,,,,,,,,,0,none
206,134927,79.1949,114.912,403,0,0,1,0,2.9401,2.157,collision,1219.7,0.022203,0.376321,-0.848164,0.862111,4.820477,1.050809,1.026243,5.955366,0.406706,0.393002,-0.534172,1.001488,,,,,,,,,,,,,,0,none
207,134966,-40.6971,94.5029,39,0,0,1,0,3.8454,1.51,collision,1220.1,-0.651719,0.228844,-0.879244,-0.010047,3.400337,1.519463,0.606508,5.698442,0.215815,0.323605,-0.58038,1.0,,,,,,,,,,,,,,0,none
208,135383,59.6446,84.3217,417,0,0,1,0,2.9787,2.066,collision,1224.4,0.189521,0.387061,-0.792226,0.852161,4.944644,0.993597,0.148508,5.986525,0.40703,0.404053,-0.841848,1.0,0.006572,0.019076,1.673274,0.004382,0.070429,0.208994,0.016016,0.0,0.0001,,,,,0,none
209,136076,170.997,93.6048,693,0,0,1,0,2.2957,2.144,collision,1230.4,0.007633,0.388079,-0.821654,0.821195,4.86261,1.090388,0.716003,5.982222,0.411437,0.404214,-0.603277,1.002174,,,,,,,,,,,,,,0,none
210,136463,78.3362,93.441,387,0,0,1,0,2.9192,2.105,collision,1233.9,-0.090427,0.372914,-0.866518,0.776985,4.552315,1.280656,0.42314,5.98152,0.392965,0.392346,-0.325625,1.0,,,,,,,,,,,,,,0,none
211,137157,179.3114,103.3006,694,0,0,1,0,2.2193,2.152,collision,1239.9,-0.043172,0.364745,-0.847195,0.76096,4.74168,1.156856,0.248953,5.963378,0.419738,0.408229,-0.494438,1.0,,,,,,,,,,,,,,0,none
212,137838,176.3943,112.9781,681,0,0,1,0,2.2137,2.164,collision,1246.4,-0.088309,0.360291,-0.832775,0.755464,4.683729,1.173561,0.46199,5.985624,0.414659,0.40401,-0.393779,1.0,-0.024405,0.012569,1.672909,0.00437,0.063778,0.2333,0.020397,0.0,0.0001,,,,,0,none
213,138227,77.7592,112.9488,389,0,0,1,0,2.9891,2.117,collision,1249.9,-0.104696,0.371341,-0.864253,0.84398,4.584809,1.293204,0.387561,5.968503,0.404876,0.399089,-0.410951,1.0,,,,,,,,,,,,,,0,none
214,138897,170.6574,112.3615,670,0,0,1,0,2.2109,2.107,collision,1255.8,-0.116253,0.378496,-0.871168,0.784044,4.639788,1.231822,0.403174,5.984022,0.40692,0.401431,-0.684529,1.0,,,,,,,,,,,,,,0,none
215,139280,78.4293,103.0027,383,0,0,1,0,2.9538,2.138,collision,1259.2,-0.014099,0.370054,-0.807632,0.764449,4.691758,1.233263,0.283827,5.96811,0.401768,0.391964,-0.307289,1.0,,,,,,,,,,,,,,0,none
216,139668,79.8038,103.0636,388,0,0,1,0,2.9097,2.118,collision,1263.3,-0.042283,0.373584,-0.802845,0.739247,4.684864,1.246605,0.691911,5.992399,0.399386,0.392015,-0.313065,1.0,-0.002737,0.013969,1.672925,0.004358,0.062109,0.13382,0.026931,0.0,0.0001,,,,,0,none
217,140349,179.3696,125.0703,681,0,0,1,0,2.1976,2.14,collision,1269.3,-0.067871,0.370826,-0.79465,0.819309,4.72585,1.170775,0.364295,5.991927,0.413165,0.403684,-0.509831,1.0,,,,,,,,,,,,,,0,none
218,140753,72.539,126.3597,404,0,0,1,0,3.0221,2.048,collision,1272.9,-0.061954,0.442109,-0.849108,0.847402,4.662119,1.22184,0.363126,5.992222,0.403979,0.398823,-0.700163,1.004202,,,,,,,,,,,,,,0,none
219,141144,73.6125,116.6213,391,0,0,1,0,3.0008,2.072,collision,1276.4,-0.133453,0.400119,-0.858552,0.749983,4.558528,1.326237,0.319002,5.986567,0.396235,0.402212,-0.591605,1.0,,,,,,,,,,,,,,0,none
220,141825,179.9669,126.7843,681,0,0,1,0,2.187,2.119,collision,1283.0,-0.095282,0.372363,-0.829027,0.785155,4.647239,1.242148,0.478837,5.986168,0.410538,0.404334,-0.598913,1.0,0.054711,0.011408,1.672987,0.004346,0.05902,0.330513,0.023322,0.0,0.0001,,,,,0,none
221,142495,179.3093,126.7841,670,0,0,1,0,2.2179,2.149,collision,1288.9,-0.063565,0.363723,-0.80792,0.86376,4.702343,1.18673,0.3151,5.98538,0.412757,0.40295,-0.498523,1.0,,,,,,,,,,,,,,0,none
222,142883,79.8388,117.1286,388,0,0,1,0,2.9279,2.14,collision,1292.3,-0.063577,0.369882,-0.817108,0.76518,4.739604,1.127957,0.281332,5.967858,0.40321,0.394905,-0.358528,1.0,,,,,,,,,,,,,,0,none
223,143277,83.1501,117.6677,394,0,0,1,0,2.9438,2.146,collision,1295.9,-0.02669,0.368611,-0.811849,0.776152,4.733914,1.153105,0.200922,5.981791,0.411095,0.395806,-0.287351,1.0,,,,,,,,,,,,,,0,none
224,144397,316.1386,132.2158,1120,0,0,1,0,1.2169,2.143,collision,1306.4,-0.034594,0.373959,-0.820851,0.801127,4.661867,1.192888,0.265889,5.989254,0.391669,0.402726,-0.678826,1.0,0.025,0.00925,1.672548,0.004334,0.054563,0.092051,0.017967,0.0,0.0001,,,,,0,none
225,145081,172.5437,141.6272,684,0,0,1,0,2.2259,2.145,collision,1312.6,0.010097,0.372829,-0.798684,0.792888,4.740847,1.163643,0.43106,5.992018,0.417145,0.406902,-0.581821,1.0,,,,,,,,,,,,,,0,none
226,145763,179.4481,151.5917,682,0,0,1,0,2.2,2.103,collision,1318.7,-0.093724,0.380357,-0.87928,0.803445,4.665925,1.209837,0.434604,5.986244,0.411139,0.406071,-0.495484,1.0,,,,,,,,,,,,,,0,none
227,146356,90.9596,142.7507,593,0,0,1,0,2.8091,2.087,collision,1324.0,0.164794,0.381116,-0.738147,0.858989,4.874576,1.131273,0.467063,5.986124,0.374906,0.397153,-0.949828,1.005801,,,,,,,,,,,,,,0,none
228,146745,79.2488,143.4216,389,0,0,1,0,2.9253,2.109,collision,1328.0,-0.09221,0.396568,-0.86825,0.85614,4.587188,1.204592,0.502028,5.981026,0.400431,0.395345,-0.400025,1.0,0.052954,0.009437,1.672449,0.004322,0.054063,0.275387,0.014598,0.0,0.0001,,,,,0,none
229,147136,81.2161,144.182,391,0,0,1,0,2.917,2.184,collision,1331.5,-0.034575,0.354028,-0.801593,0.769435,4.832588,1.110146,0.2598,5.977564,0.40379,0.392987,-0.348739,1.0,,,,,,,,,,,,,,0,none
230,147813,178.4541,144.0307,677,0,0,1,0,2.2017,2.114,collision,1337.6,-0.073028,0.378214,-0.872938,0.765703,4.559127,1.257578,0.531128,5.978361,0.41469,0.4046,-0.523103,1.0,,,,,,,,,,,,,,0,none
231,148204,81.7735,134.2771,391,0,0,1,0,2.9578,2.167,collision,1341.1,-0.054207,0.352584,-0.822688,0.729429,4.654449,1.205231,0.65532,5.977401,0.409707,0.394686,-0.315421,1.003154,,,,,,,,,,,,,,0,none
232,148594,76.6739,133.9606,390,0,0,1,0,3.0281,2.087,collision,1345.0,-0.126223,0.389991,-0.867798,0.754001,4.651075,1.186098,0.239928,5.980906,0.406924,0.400754,-0.581987,1.004559,0.000252,0.015308,1.67274,0.00431,0.062185,0.143047,0.032586,0.0,0.0001,,,,,0,none
233,148982,76.1875,133.2644,388,0,0,1,0,3.0467,2.091,collision,1348.5,-0.117432,0.398564,-0.847101,0.714101,4.568892,1.216788,0.432084,5.986748,0.404502,0.402759,-0.453314,1.007543,,,,,,,,,,,,,,0,none
234,149052,-31.9023,98.4603,70,0,0,1,0,3.8464,1.599,collision,1349.2,-0.584596,0.231145,-0.857925,0.406069,3.549339,1.580079,0.182096,5.813542,0.261327,0.349932,-0.637769,1.0,,,,,,,,,,,,,,0,none
235,149440,73.5844,88.5644,388,0,0,1,0,3.0147,2.041,collision,1352.6,-0.151744,0.416369,-0.87126,0.801227,4.471941,1.298313,0.714886,5.968997,0.400995,0.403211,-0.702948,1.0,,,,,,,,,,,,,,0,none
236,149849,77.8589,78.4054,409,0,0,1,0,2.9336,2.126,collision,1356.5,0.062502,0.387791,-0.843531,0.851615,4.736244,1.160408,0.503441,5.984131,0.40729,0.394657,-0.692542,1.001253,0.007491,0.021936,1.67288,0.004298,0.082652,0.167502,0.033235,0.0,0.0001,,,,,0,none
237,150525,176.0197,86.9114,676,0,0,1,0,2.221,2.102,collision,1362.5,-0.083759,0.38483,-0.877738,0.793162,4.56986,1.281942,0.258349,5.985876,0.413141,0.405438,-0.543384,1.0,,,,,,,,,,,,,,0,none
238,151208,172.8031,96.2669,683,0,0,1,0,2.2183,2.14,collision,1368.6,-0.00326,0.379942,-0.810345,0.837987,4.750851,1.145644,0.503998,5.99415,0.41794,0.407421,-0.643663,1.0,,,,,,,,,,,,,,0,none
239,151866,166.5479,104.8001,658,0,0,1,0,2.2023,2.139,collision,1374.6,-0.061592,0.371676,-0.864004,0.767395,4.621041,1.214616,0.385096,5.993158,0.409373,0.402057,-0.681902,1.0,,,,,,,,,,,,,,0,none
240,152264,80.9406,95.0487,398,0,0,1,0,2.9706,2.163,collision,1378.9,-0.010677,0.370715,-0.84027,0.74712,4.833934,1.066958,0.616206,5.976404,0.41277,0.397076,-0.438125,1.008254,-0.018736,0.013053,1.672978,0.004286,0.066688,0.176854,0.03169,0.0,0.0001,,,,,0,none
241,152946,172.6216,104.1335,682,0,0,1,0,2.2344,2.133,collision,1384.9,0.016721,0.378865,-0.802136,0.820386,4.787741,1.147607,0.787174,5.989103,0.417054,0.407832,-0.573266,1.0,,,,,,,,,,,,,,0,none
242,153342,76.3339,104.0995,396,0,0,1,0,2.9423,2.142,collision,1388.5,0.039243,0.382589,-0.831548,0.829274,4.799838,1.095709,0.811245,5.98707,0.412592,0.397644,-0.606482,1.0,,,,,,,,,,,,,,0,none
243,153738,76.5467,104.1354,396,0,0,1,0,3.0432,2.059,collision,1392.0,-0.091868,0.420936,-0.864105,0.821106,4.566577,1.276754,0.435218,5.962214,0.410184,0.401126,-0.570637,1.009357,,,,,,,,,,,,,,0,none
244,154125,80.4164,115.3673,387,0,0,1,0,2.8915,2.096,collision,1395.9,-0.06385,0.392482,-0.843778,0.790841,4.502256,1.28927,0.430433,5.959684,0.396103,0.390752,-0.306094,1.0,-0.003824,0.013429,1.673321,0.004274,0.062399,0.187888,0.023332,0.0,0.0001,,,,,0,none
245,154171,-36.9641,104.3125,46,0,0,1,0,3.8257,1.506,collision,1396.3,-0.638872,0.145007,-0.854609,-0.247339,3.33392,1.68565,0.611427,5.853779,0.264473,0.350687,-0.438324,1.0,,,,,,,,,,,,,,0,none
246,154565,77.7078,104.2974,394,0,0,1,0,2.9914,2.095,collision,1399.9,-0.102831,0.389787,-0.881073,0.745291,4.604568,1.256227,0.345129,5.964139,0.404693,0.398205,-0.44727,1.0,,,,,,,,,,,,,,0,none
247,155245,167.1794,103.4133,680,0,0,1,0,2.2142,2.122,collision,1406.0,-0.002414,0.38036,-0.85399,0.842579,4.671824,1.228485,0.346437,5.985559,0.410309,0.405238,-0.666151,1.0,,,,,,,,,,,,,,0,none
248,155649,73.3827,93.4713,404,0,0,1,0,2.9604,2.125,collision,1410.0,0.088669,0.384163,-0.82504,0.82549,4.945623,1.02336,0.68335,5.981409,0.414086,0.400315,-0.676123,1.001099,0.002539,0.016702,1.673554,0.004262,0.071374,0.203982,0.015924,0.0,0.0001,,,,,0,none
249,156311,172.3323,94.0497,662,0,0,1,0,2.1952,2.114,collision,1415.8,-0.129052,0.383351,-0.8784,0.805694,4.665744,1.157632,0.527079,5.972967,0.406434,0.400295,-0.684932,1.0,,,,,,,,,,,,,,0,none
250,156984,176.1328,103.569,673,0,0,1,0,2.19,2.102,collision,1422.0,-0.129725,0.38848,-0.865998,0.852062,4.648021,1.222632,0.240884,5.981246,0.409884,0.403732,-0.683783,1.0,,,,,,,,,,,,,,0,none
251,157374,74.9618,93.803,390,0,0,1,0,2.9401,2.034,collision,1425.5,-0.146986,0.426446,-0.87238,0.791839,4.626623,1.229594,0.441651,5.991337,0.392761,0.397235,-0.563438,1.0,,,,,,,,,,,,,,0,none
252,158056,174.8426,103.6538,682,0,0,1,0,2.1981,2.108,collision,1432.1,-0.10977,0.377112,-0.838346,0.7877,4.668407,1.202241,0.291523,5.987551,0.411313,0.4048,-0.607373,1.0,0.021017,0.012563,1.673627,0.00425,0.058815,0.234855,0.016868,0.0,0.0001,,,,,0,none
253,158746,171.1583,113.115,690,0,0,1,0,2.2017,2.135,collision,1438.1,-0.018513,0.391794,-0.832376,0.815184,4.921415,1.001893,0.718654,5.988998,0.418805,0.409032,-0.687625,1.0,,,,,,,,,,,,,,0,none
254,159151,65.2889,111.6023,405,0,0,1,0,3.0153,2.143,collision,1441.8,0.141175,0.366872,-0.812392,0.850341,5.153136,0.888172,0.533496,5.99893,0.421084,0.408237,-0.720319,1.008952,,,,,,,,,,,,,,0,none
255,159555,73.1337,122.612,404,0,0,1,0,2.9195,2.174,collision,1445.4,0.100905,0.352664,-0.77955,0.85093,4.936919,1.109519,0.842828,5.981051,0.410098,0.3991,-0.696215,1.0,,,,,,,,,,,,,,0,none
256,160243,181.2236,132.9636,688,0,0,1,0,2.2177,2.174,collision,1452.0,-0.060451,0.365368,-0.803076,0.825719,4.749001,1.068394,0.910501,5.983107,0.419679,0.407034,-0.394402,1.0,-0.037068,0.013723,1.673268,0.004238,0.068031,0.181878,0.037271,0.0,0.0001,,,,,0,none
257,160934,154.4515,131.6908,691,0,0,1,0,2.3093,2.129,collision,1458.2,0.098023,0.375099,-0.770244,0.830785,4.930887,1.094048,0.361351,5.983991,0.407218,0.40774,-0.836881,1.0,,,,,,,,,,,,,,0,none
258,161610,174.9428,141.8468,676,0,0,1,0,2.1878,2.102,collision,1464.2,-0.120118,0.378167,-0.84568,0.775383,4.749987,1.173787,0.302372,5.988705,0.410495,0.403437,-0.64727,1.0,,,,,,,,,,,,,,0,none
259,162286,174.2545,142.0391,676,0,0,1,0,2.1903,2.114,collision,1470.2,-0.099327,0.382042,-0.849773,0.80614,4.750745,1.173417,0.284445,5.990768,0.411435,0.403678,-0.654633,1.0,,,,,,,,,,,,,,0,none
260,162967,177.3499,142.1608,681,0,0,1,0,2.1817,2.15,collision,1477.2,-0.066898,0.37654,-0.867049,0.824232,4.816861,1.068345,0.594789,5.979341,0.41491,0.405434,-0.521391,1.0,0.040245,0.010537,1.672855,0.004226,0.058857,0.185671,0.029308,0.0,0.0001,,,,,0,none
261,163644,176.6066,152.3253,677,0,0,1,0,2.2021,2.145,collision,1483.1,-0.075059,0.377152,-0.844485,0.770726,4.801691,1.076298,0.101081,5.976173,0.412913,0.404462,-0.613633,1.0,,,,,,,,,,,,,,0,none
262,164032,77.6295,142.6039,388,0,0,1,0,3.0022,2.118,collision,1486.7,-0.116439,0.388339,-0.857785,0.773868,4.690891,1.149656,0.502828,5.985114,0.403011,0.398,-0.377247,1.001313,,,,,,,,,,,,,,0,none
263,164429,79.34,133.4221,397,0,0,1,0,2.9266,2.162,collision,1490.2,0.0116,0.366483,-0.748125,0.812523,4.83251,1.049453,0.924284,5.973508,0.408646,0.394381,-0.403273,1.0,,,,,,,,,,,,,,0,none
264,164822,80.0622,134.8994,393,0,0,1,0,2.9453,2.157,collision,1494.0,-0.081204,0.356538,-0.84898,0.755098,4.791559,1.235917,0.326009,5.984676,0.406752,0.396034,-0.329583,1.0,-0.003562,0.014697,1.672866,0.004214,0.060471,0.105466,0.034167,0.0,0.0001,,,,,0,none
265,165219,75.9538,135.1815,397,0,0,1,0,3.0181,2.092,collision,1497.6,-0.032429,0.4092,-0.881647,0.855924,4.765404,1.208222,0.479322,5.978715,0.408002,0.396696,-0.630024,1.007412,,,,,,,,,,,,,,0,none
266,165902,175.9505,134.6541,683,0,0,1,0,2.23,2.166,collision,1503.7,-0.033913,0.362992,-0.812154,0.813819,4.761997,1.155174,0.294649,5.988616,0.417239,0.405574,-0.444788,1.0,,,,,,,,,,,,,,0,none
267,166308,72.9256,126.5015,406,0,0,1,0,2.9383,2.131,collision,1507.5,0.110285,0.374608,-0.735884,0.825464,4.911562,1.102355,0.903762,5.99472,0.407492,0.395545,-0.660442,1.0,,,,,,,,,,,,,,0,none
268,166992,175.9781,126.6051,684,0,0,1,0,2.2187,2.14,collision,1513.9,-0.036177,0.377297,-0.823408,0.77786,4.788196,1.147118,0.137554,5.9937,0.41843,0.405533,-0.43185,1.0,0.067552,0.007546,1.672969,0.004202,0.054985,0.510706,0.020555,0.0,0.0001,,,,,0,none
269,167390,73.2058,116.5002,398,0,0,1,0,2.99,2.067,collision,1517.5,-0.116054,0.415359,-0.873771,0.842743,4.666671,1.231235,0.61013,5.988506,0.396654,0.399817,-0.60106,1.0,,,,,,,,,,,,,,0,none
270,167793,78.9471,106.6599,403,0,0,1,0,2.9401,2.187,collision,1521.1,-0.006046,0.358425,-0.800737,0.810815,4.857384,1.108857,1.085624,5.990932,0.414164,0.397599,-0.383084,1.001695,,,,,,,,,,,,,,0,none
271,168183,73.0405,96.3033,390,0,0,1,0,2.9734,2.046,collision,1524.6,-0.161343,0.419456,-0.864743,0.802051,4.607684,1.277962,0.560221,5.986781,0.394481,0.404166,-0.653484,1.0,,,,,,,,,,,,,,0,none
272,168588,65.5328,95.0936,405,0,0,1,0,3.0002,2.087,collision,1528.8,0.142433,0.392957,-0.750871,0.865991,5.048533,0.979487,0.4972,5.992406,0.41349,0.404651,-0.771305,1.005308,-0.00281,0.017199,1.672872,0.00419,0.071519,0.259005,0.027519,0.0,0.0001,,,,,0,none
273,168975,78.4088,95.0005,387,0,0,1,0,2.9512,2.156,collision,1532.2,-0.043015,0.371061,-0.851081,0.799229,4.755638,1.138839,0.572977,5.99436,0.405731,0.395361,-0.331217,1.0,,,,,,,,,,,,,,0,none
274,169369,79.7243,94.9667,394,0,0,1,0,2.9243,2.177,collision,1535.6,0.014369,0.365078,-0.780851,0.827364,4.909905,1.054576,0.285116,5.98766,0.403429,0.391281,-0.353096,1.0,,,,,,,,,,,,,,0,none
275,170047,171.7672,104.5481,678,0,0,1,0,2.2023,2.161,collision,1541.7,-0.039379,0.369134,-0.862117,0.8325,4.82238,1.118896,0.341069,5.987505,0.414351,0.405221,-0.536715,1.0,,,,,,,,,,,,,,0,none
276,170091,-39.6379,82.9892,44,0,0,1,0,3.8425,1.567,collision,1542.4,-0.657193,0.148331,-0.869912,-0.1672,3.966756,1.557254,0.771405,5.881435,0.235492,0.340754,-0.635158,1.0,0.009584,0.017275,1.672805,0.004178,0.076049,0.293214,0.014379,0.0,0.0001,,,,,0,none
277,170787,161.9538,91.892,696,0,0,1,0,2.2482,2.137,collision,1548.8,0.029838,0.395264,-0.839731,0.837828,4.953884,1.002696,0.493185,5.995443,0.41301,0.408312,-0.805207,1.0,,,,,,,,,,,,,,0,none
278,171482,174.7271,91.7669,695,0,0,1,0,2.2509,2.149,collision,1555.3,-0.008853,0.377313,-0.834232,0.803757,4.936169,1.071756,0.721759,5.990599,0.416627,0.406277,-0.574426,1.000037,,,,,,,,,,,,,,0,none
279,171890,78.6897,92.3153,408,0,0,1,0,2.9388,2.137,collision,1558.9,-0.016706,0.393342,-0.868388,0.844402,4.845833,1.119567,0.572488,5.983249,0.403676,0.392647,-0.615329,1.0,,,,,,,,,,,,,,0,none
280,173062,322.9473,116.7153,1172,0,0,1,0,1.0936,2.198,collision,1569.8,-0.021022,0.350763,-0.847952,0.82452,4.839174,1.066457,0.411104,5.990186,0.386008,0.402686,-0.572509,1.0,-0.004774,0.008551,1.672464,0.004166,0.052675,0.184607,0.033977,0.0,0.0001,,,,,0,none
281,173459,69.6954,116.3808,397,0,0,1,0,3.0371,2.011,collision,1573.3,-0.128675,0.447967,-0.874644,0.783233,4.812839,1.203771,0.341128,5.97302,0.400781,0.405398,-0.705688,1.0,,,,,,,,,,,,,,0,none
282,173853,78.0323,117.6308,394,0,0,1,0,2.9596,2.139,collision,1576.8,-0.09458,0.366997,-0.838274,0.81706,4.781182,1.182092,0.38018,5.978612,0.403596,0.397824,-0.366099,1.0,,,,,,,,,,,,,,0,none
283,174264,65.3478,116.3247,411,0,0,1,0,3.0036,2.129,collision,1580.5,0.121712,0.381836,-0.741634,0.8425,5.049474,0.961992,0.960345,5.988963,0.414873,0.404695,-0.767037,1.008688,,,,,,,,,,,,,,0,none
284,174946,176.2855,125.9808,682,0,0,1,0,2.1948,2.122,collision,1587.0,-0.106085,0.383885,-0.848493,0.796425,4.804127,1.100556,0.786074,5.982933,0.41329,0.406098,-0.563839,1.0,-0.003695,0.012507,1.672351,0.004154,0.06458,0.08926,0.019193,0.0,0.0001,,,,,0,none
285,175352,73.7879,116.1829,406,0,0,1,0,3.0104,2.106,collision,1590.6,0.01551,0.403047,-0.830372,0.82346,4.854111,1.109949,0.365744,5.98291,0.406951,0.396372,-0.760574,1.010456,,,,,,,,,,,,,,0,none
286,175746,77.7962,127.9263,394,0,0,1,0,2.9872,2.074,collision,1594.1,-0.106393,0.411438,-0.857167,0.749774,4.682557,1.175952,0.532782,5.982488,0.405859,0.398844,-0.485333,1.0,,,,,,,,,,,,,,0,none
287,176444,181.439,129.8748,698,0,0,1,0,2.208,2.146,collision,1600.3,-0.075892,0.379103,-0.851897,0.779711,4.783103,1.13167,0.691082,5.98162,0.418284,0.407999,-0.465345,1.0,,,,,,,,,,,,,,0,none
288,177620,325.878,144.9899,1176,0,0,1,0,1.0778,2.144,collision,1611.3,-0.055354,0.377605,-0.850586,0.818605,4.768754,1.139383,0.229955,5.996055,0.382246,0.402527,-0.595156,1.0,0.049697,0.008938,1.672273,0.004142,0.052015,0.139208,0.023561,0.0,0.0001,,,,,0,none
289,177652,-41.235,132.9974,32,0,0,1,0,3.8449,1.464,collision,1611.6,-0.68359,0.17895,-0.869742,-0.053849,3.583158,1.696077,0.272608,5.843843,0.260607,0.358321,-0.399729,1.0,,,,,,,,,,,,,,0,none
290,178047,75.5921,108.2619,395,0,0,1,0,3.0269,2.092,collision,1615.2,-0.117586,0.397318,-0.853539,0.750582,4.691644,1.244005,0.406502,5.993469,0.402718,0.401789,-0.541359,1.005304,,,,,,,,,,,,,,0,none
291,178444,81.6707,109.4594,397,0,0,1,0,2.9392,2.169,collision,1618.8,-0.043619,0.371682,-0.853063,0.715549,4.810376,1.07903,1.242044,5.978383,0.40734,0.393556,-0.352674,1.0,,,,,,,,,,,,,,0,none
292,178841,79.6789,109.6241,397,0,0,1,0,2.9533,2.165,collision,1622.5,-0.038299,0.369865,-0.854433,0.828379,4.940177,1.019189,0.686682,5.979707,0.410754,0.397019,-0.392688,1.0,0.010247,0.017637,1.672428,0.00413,0.071019,0.269753,0.057455,0.0,0.0001,,,,,0,none
293,179234,73.9777,110.4871,393,0,0,1,0,2.9785,2.058,collision,1626.0,-0.16192,0.411969,-0.879835,0.79559,4.73349,1.218584,0.288771,5.981236,0.398119,0.401461,-0.6856,1.0,,,,,,,,,,,,,,0,none
294,179627,76.025,100.461,393,0,0,1,0,3.0336,2.085,collision,1629.5,-0.123158,0.392592,-0.859198,0.75212,4.726206,1.232347,0.314749,5.984016,0.407571,0.401575,-0.595081,1.007692,,,,,,,,,,,,,,0,none
295,180023,78.3085,100.9131,396,0,0,1,0,2.9868,2.155,collision,1632.9,-0.029849,0.384471,-0.826855,0.852024,4.828318,1.029951,0.301636,5.981902,0.405644,0.393655,-0.515874,1.007587,,,,,,,,,,,,,,0,none
296,180082,-32.6701,89.8665,59,0,0,1,0,3.8284,1.599,collision,1633.7,-0.592494,0.236206,-0.88941,0.272427,3.582615,1.484047,0.641775,5.707635,0.267384,0.341815,-0.427031,1.0,0.004068,0.01918,1.672608,0.004118,0.080532,0.464456,0.028045,0.0,0.0001,,,,,0,none
297,180176,-25.7234,69.1502,94,0,0,1,0,3.826,1.675,collision,1634.6,-0.593632,0.239427,-0.889453,0.346284,3.880576,1.303215,1.066174,5.951186,0.285612,0.360973,-0.720473,1.000239,,,,,,,,,,,,,,0,none
298,180558,76.2388,44.1863,382,0,0,1,0,2.9626,2.11,collision,1638.0,-0.072264,0.39519,-0.860066,0.834274,4.72709,1.220983,0.637737,5.966938,0.395506,0.395247,-0.344774,1.0,,,,,,,,,,,,,,0,none
299,181225,175.1778,65.8276,667,0,0,1,0,2.1984,2.114,collision,1643.8,-0.100952,0.388307,-0.848762,0.807942,4.832566,1.150179,0.115296,5.993688,0.408013,0.401123,-0.665314,1.0,,,,,,,,,,,,,,0,none
300,181622,83.3195,66.6003,397,0,0,1,0,2.9048,2.162,collision,1647.6,-0.045372,0.371844,-0.809818,0.764221,4.900232,1.015968,0.740869,5.996668,0.404988,0.392346,-0.313314,1.0,-0.002916,0.014004,1.672837,0.004106,0.084659,0.156579,0.026786,0.0,0.0001,,,,,0,none
301,182310,173.1327,75.7465,688,0,0,1,0,2.2385,2.18,collision,1653.5,0.026503,0.365318,-0.789512,0.831804,4.978108,1.047789,0.727688,5.992801,0.419731,0.408461,-0.618079,1.002778,,,,,,,,,,,,,,0,none
302,182703,80.3934,75.818,393,0,0,1,0,2.9868,2.145,collision,1656.9,-0.075783,0.380327,-0.804505,0.723611,4.858708,1.034202,1.116363,5.989179,0.406844,0.395596,-0.305844,1.00543,,,,,,,,,,,,,,0,none
303,183369,175.0959,85.9298,666,0,0,1,0,2.1729,2.138,collision,1662.8,-0.105654,0.372971,-0.839969,0.788543,4.785996,1.161121,0.393636,5.986793,0.409567,0.403464,-0.687963,1.0,,,,,,,,,,,,,,0,none
304,184036,166.9377,95.0211,667,0,0,1,0,2.1911,2.139,collision,1669.2,-0.039264,0.3864,-0.800864,0.818618,4.940197,1.072441,0.414346,5.99809,0.405034,0.40251,-0.654734,1.0,0.022249,0.008483,1.672889,0.004094,0.056464,0.347886,0.033519,0.0,0.0001,,,,,0,none
305,184102,-33.226,83.8676,66,0,0,1,0,3.833,1.503,collision,1669.9,-0.652711,0.193624,-0.884345,-0.112134,3.489344,1.542473,0.498744,5.877032,0.254306,0.345873,-0.629276,1.0,,,,,,,,,,,,,,0,none
306,184798,172.9844,104.4331,696,0,0,1,0,2.2351,2.175,collision,1676.2,0.015894,0.373911,-0.822684,0.84748,5.073099,0.954572,1.202879,5.98577,0.421404,0.410191,-0.657646,1.00343,,,,,,,,,,,,,,0,none
307,185204,81.9153,115.1969,406,0,0,1,0,2.9163,2.201,collision,1679.8,0.017141,0.361477,-0.740811,0.792236,5.193069,0.757222,1.53758,5.985197,0.406446,0.392613,-0.552668,1.006153,,,,,,,,,,,,,,0,none
308,185596,80.5239,115.6255,392,0,0,1,0,2.9667,2.168,collision,1683.6,-0.051327,0.369344,-0.827845,0.80218,4.996968,0.977896,1.114777,5.994052,0.409724,0.396184,-0.304006,1.003296,0.003066,0.016983,1.672646,0.004082,0.066108,0.214308,0.014353,0.0,0.0001,,,,,0,none
309,186281,177.4682,115.8545,685,0,0,1,0,2.2398,2.19,collision,1689.5,-0.031391,0.353124,-0.847352,0.789918,5.014122,1.023645,0.535059,5.99567,0.417948,0.406405,-0.491259,1.001481,,,,,,,,,,,,,,0,none
310,186681,82.4264,115.7652,400,0,0,1,0,2.9249,2.164,collision,1693.0,-0.013961,0.373133,-0.817891,0.789061,5.003016,0.958281,1.659256,5.982178,0.409837,0.395671,-0.393415,1.0,,,,,,,,,,,,,,0,none
311,187075,79.8185,106.4338,394,0,0,1,0,2.9421,2.163,collision,1696.4,-0.028305,0.370447,-0.793455,0.742959,5.095918,0.929285,1.279074,5.996378,0.405386,0.393791,-0.362637,1.0,,,,,,,,,,,,,,0,none
312,187488,76.0916,106.0036,413,0,0,1,0,2.9535,2.121,collision,1700.4,0.056633,0.39937,-0.77239,0.818991,5.129968,0.903405,1.007785,5.973406,0.406515,0.395073,-0.767108,1.003994,-0.002442,0.011005,1.672477,0.00407,0.061211,0.114742,0.005683,0.0,0.0001,,,,,0,none
313,188151,174.3355,105.9276,663,0,0,1,0,2.1891,2.125,collision,1706.3,-0.12373,0.378723,-0.856857,0.804178,4.82723,1.095955,0.571546,5.983721,0.407653,0.401301,-0.663175,1.0,,,,,,,,,,,,,,0,none
314,188543,78.3093,97.0647,392,0,0,1,0,2.9567,2.094,collision,1709.7,-0.126974,0.39177,-0.861238,0.825018,4.702096,1.192974,0.732727,5.985758,0.404745,0.39729,-0.562472,1.0,,,,,,,,,,,,,,0,none
315,188946,75.833,107.9706,403,0,0,1,0,2.9305,2.179,collision,1713.1,0.063423,0.366544,-0.817998,0.814266,5.13885,0.888424,1.237753,5.992629,0.416795,0.401413,-0.612257,1.0,,,,,,,,,,,,,,0,none
316,189621,175.9591,108.2681,675,0,0,1,0,2.1797,2.137,collision,1719.2,-0.074294,0.384142,-0.826389,0.838359,4.926119,1.108697,0.660511,5.995059,0.411446,0.403725,-0.667973,1.0,-0.065967,0.011179,1.672527,0.004058,0.067773,0.316967,0.028682,0.0,0.0001,,,,,0,none
317,190307,173.1838,117.3949,686,0,0,1,0,2.2292,2.141,collision,1724.9,-0.001749,0.379501,-0.810686,0.87484,4.911814,1.116839,0.390107,5.985914,0.417091,0.407346,-0.576714,1.0,,,,,,,,,,,,,,0,none
318,190971,173.1013,126.6527,664,0,0,1,0,2.1702,2.122,collision,1730.7,-0.135292,0.37531,-0.873396,0.729905,4.819399,1.126875,0.22095,5.98102,0.405851,0.402658,-0.74155,1.0,,,,,,,,,,,,,,0,none
319,191648,176.8165,126.5875,677,0,0,1,0,2.198,2.121,collision,1736.9,-0.117052,0.383926,-0.846665,0.786761,4.896595,1.055334,0.712892,5.984106,0.410486,0.405638,-0.589733,1.0,,,,,,,,,,,,,,0,none
320,192051,74.9346,125.8383,403,0,0,1,0,3.0055,2.106,collision,1740.9,-0.026283,0.409034,-0.804723,0.852961,4.967443,1.085905,0.806491,5.994247,0.406084,0.397673,-0.673501,1.005918,-0.01283,0.009882,1.673163,0.004046,0.057526,0.344828,0.02161,0.0,0.0001,,,,,0,none
321,192443,81.0962,125.9661,392,0,0,1,0,2.9244,2.173,collision,1744.4,-0.021057,0.361538,-0.786715,0.786035,4.977934,1.02944,0.874118,5.990685,0.408617,0.395053,-0.328258,1.0,,,,,,,,,,,,,,0,none
322,193105,173.3383,135.6908,662,0,0,1,0,2.186,2.118,collision,1750.2,-0.136477,0.378315,-0.851059,0.795826,4.650614,1.200295,0.148991,5.975979,0.408749,0.402913,-0.692053,1.0,,,,,,,,,,,,,,0,none
323,193506,82.6289,126.5201,401,0,0,1,0,2.922,2.17,collision,1753.8,-0.02153,0.366576,-0.780647,0.865763,4.879089,1.044031,0.688899,5.982895,0.414593,0.397925,-0.342383,1.000048,,,,,,,,,,,,,,0,none
324,194197,148.3534,133.5245,691,0,0,1,0,2.3072,2.13,collision,1760.5,0.082942,0.391902,-0.877427,0.861079,5.050504,0.980021,0.899299,5.989861,0.402339,0.406261,-0.914635,1.000474,0.053002,0.008531,1.673883,0.004034,0.051172,0.22191,0.022062,0.0,0.0001,,,,,0,none
325,194584,75.0555,133.4468,387,0,0,1,0,3.0242,2.11,collision,1763.9,-0.125705,0.38754,-0.8663,0.799232,4.74263,1.210911,0.782399,5.99437,0.402215,0.402467,-0.607362,1.004212,,,,,,,,,,,,,,0,none
326,194975,77.8948,123.6403,391,0,0,1,0,2.9537,2.114,collision,1767.3,-0.091407,0.399439,-0.867788,0.802281,4.885821,1.080832,0.84288,5.98665,0.402757,0.398707,-0.489537,1.0,,,,,,,,,,,,,,0,none
327,195358,79.5227,114.2742,383,0,0,1,0,2.98,2.196,collision,1770.6,-0.045761,0.3541,-0.827286,0.768724,4.862925,1.054903,0.25147,5.989333,0.406213,0.394179,-0.25921,1.007139,,,,,,,,,,,,,,0,none
328,195744,75.8963,104.5537,386,0,0,1,0,3.0429,2.108,collision,1774.7,-0.111255,0.394756,-0.866028,0.812702,4.859723,1.063565,1.126374,5.99416,0.403279,0.401397,-0.471538,1.009084,-0.002448,0.017397,1.674413,0.004022,0.072719,0.218065,0.021957,0.0,0.0001,,,,,0,none
329,196443,178.8365,104.7557,699,0,0,1,0,2.2156,2.169,collision,1780.9,-0.051861,0.372942,-0.826989,0.828147,4.909751,1.046214,0.763203,5.987953,0.418393,0.408193,-0.461339,1.0,,,,,,,,,,,,,,0,none
330,197131,178.1128,115.0735,688,0,0,1,0,2.2052,2.141,collision,1786.8,-0.081667,0.368945,-0.866426,0.834438,4.718225,1.214193,0.302394,5.989593,0.415414,0.406004,-0.458239,1.0,,,,,,,,,,,,,,0,none
331,197801,172.5573,124.2196,670,0,0,1,0,2.1816,2.101,collision,1792.6,-0.11666,0.393633,-0.827133,0.7089,4.826711,1.13553,1.003361,5.97159,0.41164,0.405736,-0.755754,1.0,,,,,,,,,,,,,,0,none
332,198494,146.8074,121.5666,693,0,0,1,0,2.29,2.154,collision,1799.5,0.104052,0.373157,-0.827946,0.846604,5.062777,0.951797,0.676209,5.990993,0.405426,0.409387,-0.903304,1.0,-0.010378,0.00742,1.674814,0.00401,0.062213,0.192149,0.034279,0.0,0.0001,,,,,0,none
333,199169,176.0687,130.9105,675,0,0,1,0,2.1714,2.147,collision,1805.4,-0.06621,0.371034,-0.836213,0.788506,4.78865,1.140302,0.557397,5.966316,0.411109,0.402373,-0.629626,1.0,,,,,,,,,,,,,,0,none
334,199580,64.5915,122.5343,411,0,0,1,0,2.9882,2.128,collision,1809.1,0.168448,0.363802,-0.658456,0.81552,5.086079,0.963928,0.763902,5.975423,0.411075,0.402828,-0.795303,1.006949,,,,,,,,,,,,,,0,none
335,199974,77.2955,122.7583,394,0,0,1,0,2.9431,2.104,collision,1812.7,-0.106496,0.398084,-0.860237,0.790145,4.796362,1.159885,0.601083,5.978877,0.399176,0.396513,-0.534542,1.0,,,,,,,,,,,,,,0,none
336,200364,77.4824,122.7171,390,0,0,1,0,2.998,2.113,collision,1816.7,-0.10263,0.40027,-0.84373,0.810686,4.71702,1.173995,0.149548,5.974089,0.405244,0.400388,-0.474707,1.000178,-0.006484,0.01405,1.674809,0.003998,0.06094,0.152205,0.026938,0.0,0.0001,,,,,0,none
337,201030,174.4582,132.2106,666,0,0,1,0,2.1761,2.102,collision,1822.7,-0.121537,0.386563,-0.863347,0.786103,4.660873,1.233092,0.2435,5.991653,0.408502,0.403786,-0.726198,1.0,,,,,,,,,,,,,,0,none
338,201423,77.1434,132.3354,393,0,0,1,0,3.0215,2.105,collision,1826.3,-0.100695,0.396186,-0.883336,0.789903,4.740726,1.197637,0.743619,5.984122,0.405777,0.401095,-0.512076,1.005744,,,,,,,,,,,,,,0,none
339,201489,-33.2081,111.1309,66,0,0,1,0,3.8457,1.607,collision,1826.9,-0.639101,0.161327,-0.848597,-0.121138,4.200975,1.378304,0.726949,5.916394,0.259306,0.350488,-0.661681,1.0,,,,,,,,,,,,,,0,none
340,202161,177.5392,111.0735,672,0,0,1,0,2.1984,2.153,collision,1833.2,-0.066461,0.364865,-0.808262,0.762773,4.757916,1.183216,0.428154,5.979361,0.409733,0.400906,-0.598166,1.0,0.007472,0.013164,1.674993,0.003986,0.066007,0.133398,0.0103,0.0,0.0001,,,,,0,none
341,202845,181.1952,111.9373,684,0,0,1,0,2.2318,2.139,collision,1839.4,-0.059341,0.379382,-0.835751,0.83448,4.755282,1.152233,0.165718,5.98153,0.415566,0.405052,-0.449395,1.0,,,,,,,,,,,,,,0,none
342,203522,181.3798,115.3946,677,0,0,1,0,2.2095,2.144,collision,1845.4,-0.052464,0.375645,-0.811523,0.816708,4.803642,1.103888,0.569343,5.971903,0.415753,0.404285,-0.493429,1.0,,,,,,,,,,,,,,0,none
343,203924,75.4107,105.3288,402,0,0,1,0,3.0076,2.089,collision,1849.1,-0.004868,0.404284,-0.821702,0.854128,4.800927,1.228767,0.109371,5.98098,0.407948,0.396421,-0.7095,1.0108,,,,,,,,,,,,,,0,none
344,204318,79.7029,106.8399,394,0,0,1,0,2.9762,2.166,collision,1853.1,0.014674,0.361802,-0.816854,0.782676,4.814685,1.159019,0.532236,5.987513,0.418483,0.399913,-0.378432,1.007425,0.010892,0.010206,1.675451,0.003974,0.05299,0.283569,0.022637,0.0,0.0001,,,,,0,none
345,204977,171.0806,116.2184,659,0,0,1,0,2.1916,2.121,collision,1858.9,-0.132418,0.376221,-0.843153,0.789693,4.673019,1.134253,0.526875,5.979437,0.407486,0.402347,-0.751916,1.0,,,,,,,,,,,,,,0,none
346,205015,-40.989,104.3713,38,0,0,1,0,3.8461,1.663,collision,1859.3,-0.59724,0.188689,-0.850789,-0.084299,3.845014,1.239622,0.96367,5.780301,0.218718,0.3309,-0.606706,1.0,,,,,,,,,,,,,,0,none
347,205413,79.329,94.8584,398,0,0,1,0,2.9508,2.147,collision,1862.8,0.057585,0.367796,-0.766121,0.828694,4.772045,1.172484,0.77968,5.990602,0.415076,0.399028,-0.491074,1.002924,,,,,,,,,,,,,,0,none
348,205810,77.9941,94.9434,397,0,0,1,0,2.9501,2.175,collision,1866.7,0.070909,0.359267,-0.737665,0.78075,4.8883,1.095215,0.626367,5.977392,0.414394,0.399077,-0.526407,1.005666,0.008994,0.015613,1.675708,0.003962,0.060145,0.11079,0.031767,0.0,0.0001,,,,,0,none
349,206207,82.3181,106.496,397,0,0,1,0,2.9418,2.181,collision,1870.2,-0.043942,0.3602,-0.828415,0.803424,4.810125,1.032927,0.832439,5.976358,0.409682,0.395248,-0.319861,1.002526,,,,,,,,,,,,,,0,none
350,206604,81.6705,96.9092,397,0,0,1,0,2.9552,2.189,collision,1873.7,-0.026792,0.355508,-0.716672,0.758167,4.834195,1.061313,1.230843,5.992682,0.411276,0.396116,-0.327865,1.007098,,,,,,,,,,,,,,0,none
351,207267,169.1088,95.7005,663,0,0,1,0,2.1968,2.128,collision,1879.4,-0.060578,0.37817,-0.846522,0.841083,4.649221,1.22042,0.313152,5.98488,0.410284,0.403893,-0.693611,1.0,,,,,,,,,,,,,,0,none
352,207957,149.5318,92.5157,690,0,0,1,0,2.324,2.104,collision,1886.3,0.137897,0.386623,-0.803626,0.863236,4.916342,1.049814,0.545794,5.986614,0.406248,0.408258,-0.864773,1.0,0.02724,0.010394,1.676198,0.00395,0.059878,0.469832,0.015177,0.0,0.0001,,,,,0,none
353,208349,81.1842,93.0931,392,0,0,1,0,2.9731,2.192,collision,1889.7,-0.036498,0.34527,-0.766427,0.783174,4.842388,1.104126,0.505063,5.989123,0.411097,0.39586,-0.283312,1.009371,,,,,,,,,,,,,,0,none
354,209021,178.0474,102.9275,672,0,0,1,0,2.1941,2.145,collision,1895.7,-0.067575,0.373249,-0.868776,0.754343,4.73743,1.15212,0.2104,5.991591,0.408396,0.401939,-0.621461,1.0,,,,,,,,,,,,,,0,none
355,209420,81.9568,94.0152,399,0,0,1,0,2.9298,2.17,collision,1899.3,0.012311,0.368621,-0.776319,0.806415,4.963197,1.02278,0.293529,5.979549,0.414622,0.396917,-0.352037,1.0,,,,,,,,,,,,,,0,none
356,209798,76.1984,105.7339,378,0,0,1,0,2.9511,2.125,collision,1902.9,-0.107771,0.386957,-0.854983,0.792583,4.6786,1.146582,0.501091,5.970349,0.393008,0.394375,-0.45272,1.0,-0.004856,0.012007,1.676737,0.003938,0.064411,0.180531,0.012983,0.0,0.0001,,,,,0,none
357,210469,168.9432,114.6953,671,0,0,1,0,2.229,2.141,collision,1908.8,0.008233,0.378782,-0.82793,0.778297,4.825942,1.110256,0.572447,5.978389,0.412846,0.406064,-0.701778,1.0,,,,,,,,,,,,,,0,none
358,210527,-33.5535,103.5406,58,0,0,1,0,3.8258,1.687,collision,1909.3,-0.515783,0.271936,-0.870557,0.328414,3.632528,1.496666,0.224638,5.850711,0.260663,0.338971,-0.50514,1.0,,,,,,,,,,,,,,0,none
359,211208,180.604,113.3692,681,0,0,1,0,2.2141,2.179,collision,1915.3,-0.048289,0.362352,-0.825316,0.802664,4.824818,1.109276,0.687187,5.990029,0.417083,0.404849,-0.486906,1.0,,,,,,,,,,,,,,0,none
360,211594,78.4319,113.0453,386,0,0,1,0,2.9501,2.113,collision,1919.0,-0.110796,0.389122,-0.865485,0.757329,4.711803,1.147647,0.802493,5.991565,0.399071,0.394198,-0.497938,1.0,0.004401,0.013516,1.677114,0.003926,0.069381,0.180896,0.016083,0.0,0.0001,,,,,0,none
361,211989,76.2833,103.7628,395,0,0,1,0,2.9516,2.161,collision,1922.5,0.051707,0.371356,-0.802843,0.848074,4.978838,0.941996,0.713539,5.981837,0.416186,0.401463,-0.643729,1.0,,,,,,,,,,,,,,0,none
362,212387,76.8498,96.4946,398,0,0,1,0,3.0111,2.126,collision,1926.1,-0.044235,0.396516,-0.848962,0.82103,4.795069,1.112974,0.108097,5.978011,0.409008,0.398518,-0.576986,1.011375,,,,,,,,,,,,,,0,none
363,212768,78.8841,96.2645,381,0,0,1,0,2.9315,2.168,collision,1929.6,-0.064757,0.365465,-0.842265,0.802748,4.770226,1.148093,0.368241,5.991151,0.393565,0.3908,-0.309743,1.0,,,,,,,,,,,,,,0,none
364,213435,176.1944,96.0792,667,0,0,1,0,2.1804,2.159,collision,1935.9,-0.052301,0.377388,-0.810684,0.816578,4.79986,1.057105,0.846563,5.982708,0.411069,0.403444,-0.657972,1.0,-0.006598,0.011715,1.677359,0.003914,0.062553,0.317811,0.014809,0.0,0.0001,,,,,0,none
365,213818,77.8924,95.6728,383,0,0,1,0,2.9788,2.176,collision,1939.4,0.037564,0.359011,-0.762599,0.802765,4.950068,1.067252,0.372559,5.982715,0.416719,0.399222,-0.400699,1.003402,,,,,,,,,,,,,,0,none
366,214221,67.5113,94.8041,403,0,0,1,0,3.0108,2.103,collision,1943.0,0.142679,0.388733,-0.839231,0.849188,5.102812,0.981569,1.266318,5.988446,0.413932,0.404412,-0.719932,1.007528,,,,,,,,,,,,,,0,none
367,214602,80.4856,85.9583,381,0,0,1,0,2.9156,2.184,collision,1946.4,-0.045234,0.359765,-0.861903,0.774576,4.927175,1.081163,1.180576,5.973806,0.399714,0.391378,-0.26363,1.0,,,,,,,,,,,,,,0,none
368,214649,-36.4316,85.6705,47,0,0,1,0,3.844,1.804,collision,1947.1,-0.476502,0.274964,-0.834921,0.450852,3.843202,1.530575,0.801263,5.85371,0.25318,0.338072,-0.435553,1.0,-0.000555,0.017993,1.67746,0.003902,0.078693,0.371131,0.03346,0.0,0.0001,,,,,0,none
369,215051,76.4838,75.2585,402,0,0,1,0,2.9122,2.17,collision,1950.8,0.085575,0.366222,-0.800741,0.839372,5.115184,0.922356,0.548124,5.990081,0.412566,0.40092,-0.725713,1.0,,,,,,,,,,,,,,0,none
370,215073,-43.7684,63.0385,22,0,0,1,0,3.8344,1.829,collision,1951.0,-0.471035,0.332317,-0.877662,0.212968,4.157875,1.375577,1.140492,5.976466,0.251546,0.345513,-0.316102,1.0,,,,,,,,,,,,,,0,none
371,215481,64.1659,61.8267,408,0,0,1,0,2.9971,2.138,collision,1954.6,0.169112,0.349165,-0.757304,0.854098,5.064078,1.025302,0.916247,5.985184,0.417075,0.406257,-0.775412,1.008111,,,,,,,,,,,,,,0,none
372,215859,78.6084,62.0026,378,0,0,1,0,2.9258,2.167,collision,1958.6,-0.012955,0.361256,-0.849179,0.781189,4.86308,1.166119,0.55223,5.992897,0.39548,0.389635,-0.243856,1.0,0.003279,0.021532,1.677625,0.00389,0.082821,0.470821,0.012399,0.0,0.0001,,,,,0,none
373,216529,168.6834,70.9825,670,0,0,1,0,2.1713,2.147,collision,1964.5,-0.0384,0.380588,-0.8421,0.751559,4.963624,1.059095,0.777373,5.991085,0.405131,0.4029,-0.676984,1.0,,,,,,,,,,,,,,0,none
374,217202,170.922,70.4553,673,0,0,1,0,2.1937,2.17,collision,1970.7,-0.01064,0.371894,-0.852592,0.819709,4.959842,1.020208,0.5705,5.98425,0.41551,0.406355,-0.647173,1.0,,,,,,,,,,,,,,0,none
375,217591,75.7993,70.246,389,0,0,1,0,3.0174,2.075,collision,1974.3,-0.145839,0.405666,-0.860466,0.736819,4.816131,1.141634,0.161546,5.982508,0.403824,0.400671,-0.669972,1.000789,,,,,,,,,,,,,,0,none
376,217983,78.9421,71.3891,392,0,0,1,0,3.0233,2.112,collision,1978.2,-0.1305,0.394338,-0.868531,0.818533,4.863371,1.02074,1.32324,5.984488,0.408406,0.400196,-0.589602,1.009636,0.004836,0.009169,1.677643,0.003878,0.064419,0.483984,0.033413,0.0,0.0001,,,,,0,none
377,218364,77.981,71.1386,381,0,0,1,0,2.979,2.103,collision,1981.7,-0.082675,0.400901,-0.858271,0.744505,4.871589,1.083388,0.927177,5.990633,0.395743,0.392636,-0.349691,1.0,,,,,,,,,,,,,,0,none
378,218758,79.7494,82.7567,394,0,0,1,0,2.9287,2.187,collision,1985.3,0.034601,0.370347,-0.785439,0.83558,4.951009,0.943589,1.290854,5.988138,0.414684,0.398198,-0.518844,1.0,,,,,,,,,,,,,,0,none
379,219426,173.3204,92.4404,668,0,0,1,0,2.2008,2.176,collision,1991.3,-0.022269,0.371131,-0.847803,0.811101,4.928696,1.034921,0.570591,5.993984,0.410718,0.402732,-0.536704,1.0,,,,,,,,,,,,,,0,none
380,219812,80.7211,104.8893,386,0,0,1,0,2.9612,2.196,collision,1995.6,-0.015195,0.353641,-0.755132,0.74225,4.902724,1.057892,0.505752,5.992102,0.406022,0.393371,-0.293047,1.004303,-0.005638,0.013424,1.677618,0.003866,0.064348,0.228499,0.004755,0.0,0.0001,,,,,0,none
381,220217,73.5683,105.8296,405,0,0,1,0,2.9367,2.172,collision,1999.4,0.128179,0.355486,-0.773192,0.820243,5.075666,0.966398,1.097408,5.988618,0.410524,0.398677,-0.697517,1.002457,,,,,,,,,,,,,,0,none
382,220626,63.564,104.3251,409,0,0,1,0,2.9937,2.101,collision,2003.2,0.188349,0.378473,-0.801895,0.823069,5.126811,0.940706,0.838606,5.987102,0.411794,0.404728,-0.793685,1.004035,,,,,,,,,,,,,,0,none
383,221012,78.8755,95.3443,386,0,0,1,0,3.0004,2.109,collision,2006.6,-0.107377,0.393182,-0.794047,0.765115,4.752138,1.154374,0.226227,5.966046,0.406488,0.397106,-0.499958,1.001212,,,,,,,,,,,,,,0,none
384,221682,176.1743,95.8695,670,0,0,1,0,2.2128,2.106,collision,2012.9,-0.122231,0.38337,-0.86403,0.766421,4.743709,1.186469,0.09784,5.971812,0.404499,0.402423,-0.623582,1.0,-0.0121,0.014365,1.677569,0.003854,0.065838,0.15435,0.008622,0.0,0.0001,,,,,0,none
385,222059,76.5413,95.9437,377,0,0,1,0,2.9179,2.099,collision,2016.3,-0.107685,0.404549,-0.866509,0.732238,4.797643,1.172511,0.700548,5.990367,0.390681,0.393636,-0.430611,1.0,,,,,,,,,,,,,,0,none
386,222448,74.0752,95.457,389,0,0,1,0,3.042,2.045,collision,2019.7,-0.167167,0.407587,-0.855654,0.789419,4.631616,1.28271,0.407328,5.968585,0.400716,0.402635,-0.693744,1.000351,,,,,,,,,,,,,,0,none
387,222834,78.8891,95.5479,386,0,0,1,0,2.9838,2.161,collision,2023.1,-0.020155,0.380728,-0.806563,0.867804,4.891541,1.007943,0.908446,5.989143,0.40729,0.395671,-0.29571,1.003974,,,,,,,,,,,,,,0,none
388,223233,82.3503,95.8079,399,0,0,1,0,2.9489,2.186,collision,2026.9,-0.014411,0.353051,-0.834259,0.814689,4.850879,1.076556,0.622768,5.986456,0.407991,0.393165,-0.427653,1.008101,-0.008131,0.017215,1.677615,0.003842,0.066771,0.097565,0.031897,0.0,0.0001,,,,,0,none
389,223907,176.381,96.114,674,0,0,1,0,2.2215,2.146,collision,2033.0,-0.045796,0.378969,-0.883776,0.779904,4.838169,1.113281,0.308231,5.989842,0.415128,0.405149,-0.543345,1.0,,,,,,,,,,,,,,0,none
390,224300,76.2032,95.6622,393,0,0,1,0,2.9933,2.181,collision,2036.4,0.060719,0.360073,-0.777477,0.840483,5.024833,0.999008,1.050146,5.994542,0.42344,0.404722,-0.60547,1.011245,,,,,,,,,,,,,,0,none
391,224694,81.7038,96.4758,394,0,0,1,0,2.9376,2.196,collision,2040.0,-0.020439,0.356996,-0.74695,0.837271,4.977364,0.967835,1.50409,5.980005,0.409584,0.395132,-0.317936,1.001412,,,,,,,,,,,,,,0,none
392,225089,80.392,98.1586,395,0,0,1,0,2.966,2.161,collision,2043.9,-0.080867,0.368109,-0.865921,0.753433,4.85511,1.12635,0.827456,5.993738,0.407553,0.396273,-0.374326,1.003328,-0.004171,0.013694,1.677742,0.00383,0.064344,0.233941,0.012491,0.0,0.0001,,,,,0,none
393,225766,179.1062,108.1816,677,0,0,1,0,2.2175,2.139,collision,2049.9,-0.073951,0.371994,-0.82756,0.822314,4.764084,1.169393,0.666039,5.987842,0.41292,0.404445,-0.453207,1.0,,,,,,,,,,,,,,0,none
394,225829,-32.797,87.2845,63,0,0,1,0,3.8489,1.674,collision,2050.5,-0.574667,0.221259,-0.823081,0.223831,4.034356,1.300011,0.422514,5.949012,0.260761,0.347159,-0.586406,1.0,,,,,,,,,,,,,,0,none
395,226226,80.6978,87.7001,397,0,0,1,0,2.9567,2.179,collision,2054.0,0.003135,0.360614,-0.785928,0.766798,4.915969,1.0632,0.511978,5.994473,0.411724,0.396337,-0.336527,1.006107,,,,,,,,,,,,,,0,none
396,226265,-39.7426,76.3184,39,0,0,1,0,3.8181,1.598,collision,2054.9,-0.647984,0.203786,-0.861936,-0.034205,4.142005,1.29586,0.729745,5.802284,0.263453,0.361456,-0.493299,1.0,0.019529,0.019017,1.67778,0.003818,0.08037,0.283197,0.021815,0.0,0.0001,,,,,0,none
397,226947,169.0507,85.3345,682,0,0,1,0,2.1922,2.125,collision,2061.1,-0.036067,0.394171,-0.823693,0.781547,4.791033,1.140131,0.618287,5.993824,0.410205,0.405946,-0.685193,1.0,,,,,,,,,,,,,,0,none
398,227339,79.3076,85.0303,392,0,0,1,0,2.9574,2.139,collision,2064.6,-0.031236,0.384326,-0.808591,0.815308,4.806389,1.16576,0.59188,5.984294,0.406551,0.395179,-0.343248,1.0,,,,,,,,,,,,,,0,none
399,228016,177.9286,85.185,677,0,0,1,0,2.1748,2.114,collision,2070.6,-0.106442,0.380321,-0.832392,0.831123,4.783726,1.180977,0.36506,5.994147,0.408975,0.403837,-0.644076,1.0,,,,,,,,,,,,,,0,none
400,228692,173.5827,94.923,676,0,0,1,0,2.1824,2.141,collision,2077.2,-0.073406,0.382582,-0.867789,0.821554,4.808051,1.077051,0.903711,5.990765,0.417046,0.406707,-0.634596,1.0,-0.05259,0.013581,1.677971,0.003806,0.063061,0.348452,0.032479,0.0,0.0001,,,,,0,none
401,229082,76.6569,94.4183,390,0,0,1,0,3.0551,2.067,collision,2080.7,-0.120485,0.416759,-0.870389,0.828159,4.670905,1.196712,0.568774,5.990139,0.405879,0.401096,-0.503429,1.008954,,,,,,,,,,,,,,0,none
402,229753,175.9135,103.9704,671,0,0,1,0,2.1928,2.108,collision,2086.7,-0.123876,0.37965,-0.864319,0.799017,4.74177,1.192885,0.479347,5.98257,0.408055,0.402208,-0.600294,1.0,,,,,,,,,,,,,,0,none
403,230914,326.7756,118.7374,1161,0,0,1,0,1.093,2.139,collision,2096.9,-0.062684,0.375621,-0.855912,0.799033,4.728036,1.153413,0.493559,5.989028,0.379605,0.399572,-0.610834,1.0,,,,,,,,,,,,,,0,none
404,231591,168.5813,138.8752,677,0,0,1,0,2.1991,2.167,collision,2103.5,-0.012172,0.373598,-0.836074,0.799495,4.870313,1.075316,0.648813,5.981948,0.412922,0.405675,-0.685823,1.0,0.002967,0.008891,1.678311,0.003794,0.05504,0.31245,0.01947,0.0,0.0001,,,,,0,none
405,232325,138.7514,144.6806,734,0,0,1,0,2.4234,2.09,collision,2109.9,0.135609,0.401382,-0.766954,0.871719,4.975938,1.040011,0.632454,5.993758,0.380559,0.401141,-0.936413,1.008109,,,,,,,,,,,,,,0,none
406,232717,73.1293,155.9678,392,0,0,1,0,3.0582,2.062,collision,2113.3,-0.128921,0.41791,-0.876301,0.768591,4.64913,1.242576,0.619868,5.986179,0.404006,0.406586,-0.651415,1.006388,,,,,,,,,,,,,,0,none
407,232758,-38.6107,135.2016,41,0,0,1,0,3.8351,1.492,collision,2113.7,-0.702529,0.118044,-0.863073,-0.36205,4.138479,1.266955,0.456197,5.949648,0.25783,0.347378,-0.436178,1.0,,,,,,,,,,,,,,0,none
408,233447,177.6106,145.0319,689,0,0,1,0,2.2167,2.132,collision,2120.1,-0.086399,0.382634,-0.858995,0.824503,4.740191,1.104604,0.394321,5.983596,0.416912,0.407209,-0.408286,1.0,0.008023,0.013527,1.678171,0.003782,0.060945,0.169253,0.017239,0.0,0.0001,,,,,0,none
409,233544,-22.3169,125.0074,97,0,0,1,0,3.8336,1.725,collision,2121.0,-0.53637,0.273805,-0.865049,0.373577,4.166507,1.329466,0.547459,5.833004,0.292275,0.355586,-0.623031,1.006363,,,,,,,,,,,,,,0,none
410,234223,179.5461,125.6037,679,0,0,1,0,2.1826,2.129,collision,2127.1,-0.081258,0.381611,-0.834258,0.85531,4.726604,1.159617,0.342492,5.988719,0.412803,0.406787,-0.560091,1.0,,,,,,,,,,,,,,0,none
411,234902,173.873,135.3253,679,0,0,1,0,2.1984,2.132,collision,2132.9,-0.019891,0.386939,-0.80944,0.808899,4.734318,1.126025,0.803879,5.979604,0.411551,0.405275,-0.583515,1.0,,,,,,,,,,,,,,0,none
412,235569,176.156,135.3496,667,0,0,1,0,2.182,2.116,collision,2139.0,-0.1279,0.383121,-0.850614,0.748708,4.706658,1.169265,0.281549,5.986787,0.409846,0.403593,-0.683714,1.0,-0.000108,0.010541,1.678217,0.00377,0.061841,0.244304,0.031041,0.0,0.0001,,,,,0,none
413,236240,175.2226,120.1943,671,0,0,1,0,2.2074,2.152,collision,2144.8,-0.083066,0.376521,-0.851609,0.774905,4.840486,1.061914,1.125739,5.984556,0.412549,0.403755,-0.622271,1.0,,,,,,,,,,,,,,0,none
414,236926,180.5285,121.389,686,0,0,1,0,2.209,2.138,collision,2150.9,-0.068038,0.381491,-0.85819,0.779706,4.847874,1.091211,0.337919,5.990536,0.416451,0.405542,-0.42494,1.0,,,,,,,,,,,,,,0,none
415,237586,168.4768,124.3615,660,0,0,1,0,2.1882,2.12,collision,2156.8,-0.092223,0.380685,-0.833439,0.790533,4.597231,1.218822,0.379045,5.987052,0.407031,0.402431,-0.75373,1.0,,,,,,,,,,,,,,0,none
416,238251,171.8658,134.2352,665,0,0,1,0,2.2033,2.097,collision,2163.2,-0.09108,0.391648,-0.825875,0.811066,4.64994,1.209595,0.648932,5.981175,0.408929,0.402252,-0.712946,1.0,-0.006579,0.009536,1.678576,0.003758,0.054575,0.196054,0.019958,0.0,0.0001,,,,,0,none
417,238643,77.4597,145.8422,392,0,0,1,0,3.0021,2.131,collision,2166.8,-0.080574,0.386756,-0.86031,0.75405,4.752244,1.170804,0.74052,5.96288,0.408657,0.399672,-0.491941,1.006879,,,,,,,,,,,,,,0,none
418,239321,174.9916,145.5803,678,0,0,1,0,2.1954,2.16,collision,2172.9,-0.032575,0.371149,-0.857716,0.821141,4.769341,1.133876,0.398867,5.985264,0.418362,0.406793,-0.561007,1.0,,,,,,,,,,,,,,0,none
419,239732,65.901,154.4021,411,0,0,1,0,2.9894,2.094,collision,2176.7,0.146602,0.397002,-0.798572,0.827021,5.152732,0.882699,1.241727,5.994703,0.411099,0.403204,-0.827433,1.004707,,,,,,,,,,,,,,0,none
420,240136,68.4812,143.2956,404,0,0,1,0,3.0048,2.128,collision,2180.7,0.139485,0.377213,-0.755821,0.843549,5.055046,0.933683,0.77745,5.997375,0.418691,0.404859,-0.715714,1.008598,-0.008902,0.01569,1.678522,0.003746,0.064338,0.174264,0.027103,0.0,0.0001,,,,,0,none
421,240800,171.9019,143.0985,664,0,0,1,0,2.1878,2.113,collision,2186.5,-0.112519,0.390336,-0.870095,0.83473,4.702912,1.168416,0.488621,5.989141,0.408128,0.403852,-0.754537,1.0,,,,,,,,,,,,,,0,none
422,241189,78.0703,133.2899,389,0,0,1,0,2.9492,2.169,collision,2190.1,0.033212,0.364562,-0.775963,0.760561,5.0049,1.073372,0.343397,5.988009,0.414383,0.398222,-0.524471,1.0,,,,,,,,,,,,,,0,none
423,241864,179.7532,133.743,675,0,0,1,0,2.2157,2.143,collision,2196.1,-0.075596,0.375326,-0.834027,0.800372,4.788672,1.177915,0.656841,5.992465,0.410865,0.403343,-0.492229,1.0,,,,,,,,,,,,,,0,none
424,242548,165.1775,132.2079,684,0,0,1,0,2.2444,2.147,collision,2202.6,0.082526,0.384282,-0.7912,0.854939,4.92136,1.012219,1.025764,5.988066,0.414352,0.408128,-0.730836,1.0,-0.009447,0.010881,1.678119,0.003734,0.059293,0.216466,0.02502,0.0,0.0001,,,,,0,none
425,242949,83.723,123.7325,401,0,0,1,0,2.912,2.204,collision,2206.2,-0.002775,0.346235,-0.763431,0.792193,4.793618,1.120883,0.513169,5.986082,0.41245,0.396321,-0.309993,1.001473,,,,,,,,,,,,,,0,none
426,243342,81.8829,114.7342,393,0,0,1,0,2.9148,2.17,collision,2209.8,-0.033844,0.364463,-0.824595,0.720329,4.79073,1.098718,0.411454,5.978555,0.40793,0.395351,-0.33007,1.0,,,,,,,,,,,,,,0,none
427,243752,70.39,114.0273,410,0,0,1,0,2.9891,2.112,collision,2213.5,0.132195,0.377636,-0.727605,0.823244,4.966691,1.087448,0.403413,5.986499,0.413032,0.401279,-0.769546,1.009608,,,,,,,,,,,,,,0,none
428,243807,-36.6822,92.8599,55,0,0,1,0,3.8064,1.53,collision,2214.4,-0.67815,0.16799,-0.889478,-0.067433,3.880565,1.304688,1.014735,5.786798,0.242206,0.338954,-0.640493,1.0,-0.005675,0.022592,1.677779,0.003722,0.06724,0.245223,0.056405,0.0,0.0001,,,,,0,none
429,243841,-41.9038,82.0794,34,0,0,1,0,3.8386,1.619,collision,2214.7,-0.653451,0.179354,-0.869673,0.024481,4.065048,1.198013,1.61262,5.853285,0.224203,0.329474,-0.594135,1.0,,,,,,,,,,,,,,0,none
430,244239,82.1906,83.4503,398,0,0,1,0,2.9609,2.16,collision,2218.3,-0.069012,0.365773,-0.809776,0.756404,4.809855,1.124806,0.813499,5.977777,0.409927,0.395641,-0.376449,1.003785,,,,,,,,,,,,,,0,none
431,244293,-38.1381,62.4463,54,0,0,1,0,3.8471,1.575,collision,2218.8,-0.652799,0.165198,-0.869417,-0.236075,3.573725,1.414242,0.816535,5.832016,0.237773,0.346424,-0.699604,1.0,,,,,,,,,,,,,,0,none
432,244966,178.4359,72.4829,673,0,0,1,0,2.1908,2.121,collision,2225.3,-0.105229,0.375313,-0.843094,0.770767,4.576647,1.255317,0.399089,5.980917,0.408607,0.403874,-0.552198,1.0,0.004429,0.023551,1.677713,0.00371,0.083351,0.177475,0.021305,0.0,0.0001,,,,,0,none
433,245374,72.487,61.7563,408,0,0,1,0,2.9889,2.097,collision,2228.9,0.121961,0.391931,-0.780287,0.836838,4.836984,1.090274,0.73553,5.986285,0.414823,0.402175,-0.785704,1.011018,,,,,,,,,,,,,,0,none
434,245762,79.3368,53.1722,388,0,0,1,0,2.9042,2.171,collision,2232.5,0.019563,0.361706,-0.826804,0.841366,4.82776,1.134739,0.53008,5.97542,0.405252,0.39243,-0.45619,1.0,,,,,,,,,,,,,,0,none
435,246152,79.6846,52.7684,390,0,0,1,0,3.0077,2.133,collision,2236.4,-0.054197,0.390347,-0.83089,0.802573,4.647383,1.151266,0.509796,5.970747,0.408356,0.396448,-0.304765,1.007759,,,,,,,,,,,,,,0,none
436,246818,168.6997,61.45,666,0,0,1,0,2.1848,2.125,collision,2242.9,-0.036808,0.384775,-0.871225,0.77951,4.623546,1.202466,0.165219,5.971526,0.402452,0.40185,-0.665266,1.0,-0.006725,0.015599,1.677587,0.003698,0.067632,0.104265,0.009742,0.0,0.0001,,,,,0,none
437,247205,82.125,62.6235,387,0,0,1,0,2.9287,2.142,collision,2246.5,-0.030536,0.368145,-0.814276,0.720178,4.576742,1.251675,0.60246,5.983619,0.404587,0.392498,-0.239965,1.0,,,,,,,,,,,,,,0,none
438,247582,75.842,73.876,377,0,0,1,0,2.9685,2.119,collision,2249.9,-0.090658,0.385007,-0.88627,0.796188,4.56348,1.260607,0.508015,5.988117,0.393228,0.394259,-0.402441,1.0,,,,,,,,,,,,,,0,none
439,248264,167.8918,94.8555,682,0,0,1,0,2.2356,2.113,collision,2256.0,0.05195,0.391504,-0.799569,0.85582,4.728277,1.191667,0.468603,5.995274,0.413272,0.407194,-0.688256,1.0,,,,,,,,,,,,,,0,none
440,248645,74.1007,94.0465,381,0,0,1,0,2.9587,2.077,collision,2259.8,-0.121174,0.414521,-0.869587,0.823999,4.499331,1.23283,0.531727,5.974033,0.389541,0.397167,-0.615916,1.0,-0.008147,0.015364,1.677529,0.003686,0.076136,0.171143,0.017537,0.0,0.0001,,,,,0,none
441,249033,79.2729,105.7876,388,0,0,1,0,2.9829,2.18,collision,2263.3,0.016197,0.364481,-0.782579,0.815317,4.776985,1.080438,0.782903,5.972197,0.409683,0.394404,-0.314318,1.007158,,,,,,,,,,,,,,0,none
442,249415,75.8096,95.525,382,0,0,1,0,3.0282,2.071,collision,2266.9,-0.103143,0.412103,-0.84707,0.797726,4.652654,1.194488,0.839947,5.984553,0.39804,0.39751,-0.529208,1.000394,,,,,,,,,,,,,,0,none
443,249798,80.2612,96.3024,383,0,0,1,0,2.9548,2.181,collision,2270.5,-0.011645,0.355906,-0.784862,0.838509,4.753366,1.077597,0.719404,5.984396,0.407889,0.394439,-0.246339,1.000681,,,,,,,,,,,,,,0,none
444,249830,-40.7271,84.296,32,0,0,1,0,3.8242,1.629,collision,2271.4,-0.576331,0.220885,-0.871801,0.041245,3.407877,1.433857,0.245635,5.662678,0.258064,0.341824,-0.326484,1.0,-0.003633,0.018196,1.67755,0.003674,0.072452,0.282816,0.027258,0.0,0.0001,,,,,0,none
445,250495,168.1017,93.1377,665,0,0,1,0,2.2113,2.109,collision,2277.4,-0.026456,0.39374,-0.879198,0.853895,4.598562,1.222062,0.171305,5.967637,0.407829,0.404771,-0.651931,1.0,,,,,,,,,,,,,,0,none
446,250867,74.6707,83.7348,372,0,0,1,0,2.9931,2.091,collision,2280.7,-0.081306,0.394013,-0.853027,0.779121,4.596583,1.290004,0.150885,5.973749,0.389088,0.392252,-0.460174,1.0,,,,,,,,,,,,,,0,none
447,251524,172.8101,92.8034,657,0,0,1,0,2.2047,2.129,collision,2286.6,-0.075479,0.370933,-0.856067,0.817049,4.607681,1.211787,0.4323,5.989104,0.406957,0.400349,-0.707072,1.0,,,,,,,,,,,,,,0,none
448,251913,81.3512,93.3543,389,0,0,1,0,2.9006,2.133,collision,2290.5,-0.051073,0.382649,-0.825534,0.795366,4.612686,1.233618,0.672121,5.990887,0.400876,0.392791,-0.379049,1.0,0.07089,0.012761,1.677436,0.003662,0.068251,0.356349,0.046077,0.0,0.0001,,,,,0,none
449,252307,79.7584,84.5409,394,0,0,1,0,2.9093,2.147,collision,2294.1,0.053569,0.369859,-0.764144,0.754453,4.593401,1.181753,0.434526,5.976758,0.411352,0.398218,-0.635595,1.0,,,,,,,,,,,,,,0,none
450,252388,-27.0424,74.4266,81,0,0,1,0,3.8352,1.702,collision,2294.9,-0.508173,0.274329,-0.872632,0.196334,3.667755,1.43728,0.606967,5.797237,0.279814,0.350866,-0.570528,1.0,,,,,,,,,,,,,,0,none
451,252763,75.3953,74.0389,375,0,0,1,0,3.0266,2.077,collision,2298.3,-0.061337,0.388845,-0.83519,0.819935,4.39993,1.341908,0.111415,5.971294,0.395495,0.394852,-0.324244,1.0,,,,,,,,,,,,,,0,none
452,253151,81.4407,74.602,388,0,0,1,0,2.921,2.12,collision,2302.0,0.002661,0.38152,-0.803562,0.797142,4.664064,1.201351,0.288179,5.984374,0.403616,0.392267,-0.25552,1.0,-0.010255,0.023832,1.677194,0.00365,0.078747,0.192762,0.040364,0.0,0.0001,,,,,0,none
453,253538,82.4477,74.8206,387,0,0,1,0,2.9108,2.145,collision,2305.4,-0.024869,0.376177,-0.827735,0.803503,4.516006,1.209734,0.311759,5.990942,0.403595,0.392504,-0.247864,1.0,,,,,,,,,,,,,,0,none
454,254202,176.9981,96.5932,664,0,0,1,0,2.2173,2.112,collision,2311.4,-0.056996,0.376448,-0.816381,0.810828,4.494328,1.252627,0.249725,5.977821,0.408186,0.401178,-0.631411,1.0,,,,,,,,,,,,,,0,none
455,254583,78.0587,87.5888,381,0,0,1,0,2.9277,2.097,collision,2314.8,-0.089332,0.385041,-0.859195,0.716066,4.323734,1.325495,0.330166,5.980364,0.394441,0.393131,-0.516564,1.0,,,,,,,,,,,,,,0,none
456,254958,77.2781,87.8496,375,0,0,1,0,2.927,2.123,collision,2318.5,-0.058309,0.372842,-0.84003,0.817535,4.414572,1.279171,0.211688,5.960828,0.391561,0.391669,-0.22418,1.0,-0.010422,0.014941,1.676991,0.003638,0.073874,0.160573,0.017125,0.0,0.0001,,,,,0,none
457,255018,-36.0009,66.9685,60,0,0,1,0,3.8485,1.694,collision,2319.1,-0.504712,0.216337,-0.840935,0.260534,3.184024,1.546767,0.385345,5.911251,0.244728,0.347805,-0.674263,1.0,,,,,,,,,,,,,,0,none
458,255399,78.4104,66.6744,381,0,0,1,0,2.9931,2.109,collision,2322.5,0.019892,0.372733,-0.765807,0.849558,4.51676,1.304455,0.380798,5.98594,0.409675,0.39559,-0.350527,1.000316,,,,,,,,,,,,,,0,none
459,255790,75.6152,66.2601,391,0,0,1,0,2.9987,2.12,collision,2326.1,0.099499,0.37843,-0.845314,0.827777,4.644433,1.207523,0.666762,5.979941,0.420987,0.405042,-0.607568,1.004327,,,,,,,,,,,,,,0,none
460,256164,78.5799,76.8223,374,0,0,1,0,2.9878,2.119,collision,2329.6,-0.001053,0.378298,-0.768871,0.719769,4.616082,1.282612,0.455531,5.987743,0.403198,0.392662,-0.171381,1.0,-0.002178,0.018491,1.676989,0.003626,0.0735,0.256562,0.020441,0.0,0.0001,,,,,0,none
461,256549,77.8724,77.07,385,0,0,1,0,3.0406,2.088,collision,2333.1,-0.12162,0.38673,-0.846854,0.797169,4.464932,1.290635,0.473882,5.975959,0.40745,0.399288,-0.58511,1.009786,,,,,,,,,,,,,,0,none
462,256928,79.0625,76.8322,379,0,0,1,0,2.9829,2.115,collision,2336.4,-0.062172,0.377735,-0.843033,0.75311,4.596216,1.249437,0.335127,5.982098,0.400088,0.391829,-0.400937,1.0,,,,,,,,,,,,,,0,none
463,257303,77.1594,76.3034,375,0,0,1,0,2.9066,2.099,collision,2339.7,-0.088332,0.381789,-0.872177,0.768613,4.397634,1.300827,0.395904,5.991239,0.3866,0.392083,-0.474732,1.0,,,,,,,,,,,,,,0,none
464,257689,82.0175,66.8053,386,0,0,1,0,2.9662,2.164,collision,2343.4,-0.011803,0.355169,-0.801364,0.794029,4.491267,1.211841,0.450708,5.962228,0.408398,0.393694,-0.221138,1.004576,-0.012131,0.01841,1.677163,0.003614,0.075581,0.131275,0.013249,0.0,0.0001,,,,,0,none
465,258056,76.5904,66.6585,367,0,0,1,0,2.9168,2.17,collision,2346.7,-0.020135,0.343859,-0.791088,0.843024,4.576645,1.271771,0.350161,5.977108,0.387763,0.388528,-0.139756,1.0,,,,,,,,,,,,,,0,none
466,258432,71.6543,66.0961,376,0,0,1,0,3.0986,2.023,collision,2350.1,-0.148519,0.400753,-0.853278,0.79622,4.327468,1.407227,0.265663,5.969098,0.376476,0.391935,-0.707112,1.009097,,,,,,,,,,,,,,0,none
467,258828,75.3061,77.2268,396,0,0,1,0,3.0188,2.092,collision,2353.6,0.146668,0.380131,-0.799566,0.856334,4.75197,1.208466,0.144289,5.992272,0.421419,0.404598,-0.632769,1.010374,,,,,,,,,,,,,,0,none
468,259195,73.4944,76.7352,367,0,0,1,0,2.9637,2.086,collision,2357.3,-0.099075,0.391096,-0.876343,0.771136,4.422098,1.326142,0.197039,5.977103,0.382105,0.391349,-0.51074,1.0,-0.010459,0.014613,1.677399,0.003602,0.084009,0.168738,0.016251,0.0,0.0001,,,,,0,none
469,259244,-39.0683,65.2669,49,0,0,1,0,3.8444,1.637,collision,2357.7,-0.519186,0.273709,-0.860822,0.27524,3.469536,1.488568,0.318771,5.907386,0.233556,0.342871,-0.65082,1.0,,,,,,,,,,,,,,0,none
470,259615,77.9664,65.2055,371,0,0,1,0,2.9687,2.174,collision,2361.0,0.00169,0.353965,-0.757816,0.76377,4.663761,1.167238,0.648058,5.969281,0.396639,0.390184,-0.198032,1.0,,,,,,,,,,,,,,0,none
471,259975,70.2251,64.4408,360,0,0,1,0,2.9882,2.068,collision,2364.3,-0.082687,0.411423,-0.873268,0.773162,4.436162,1.288368,0.263782,5.980287,0.377628,0.391867,-0.533086,1.0,,,,,,,,,,,,,,0,none
472,260352,73.9121,63.9257,377,0,0,1,0,3.0578,2.108,collision,2367.9,0.053661,0.383571,-0.786087,0.79247,4.670737,1.195244,0.39055,5.971077,0.406194,0.396108,-0.637794,1.010671,0.000899,0.023634,1.677627,0.00359,0.083801,0.365379,0.009116,0.0,0.0001,,,,,0,none
473,260728,78.9396,64.1038,376,0,0,1,0,3.023,2.137,collision,2371.3,-0.014432,0.375172,-0.813408,0.8056,4.651623,1.209291,0.624092,5.993908,0.400054,0.390403,-0.196349,1.008557,,,,,,,,,,,,,,0,none
474,261109,80.3334,63.9354,381,0,0,1,0,2.9677,2.176,collision,2374.7,0.00293,0.364416,-0.780304,0.828726,4.719326,1.136505,0.337055,5.972,0.405677,0.391907,-0.23087,1.002649,,,,,,,,,,,,,,0,none
475,261486,74.96,63.7723,377,0,0,1,0,3.0642,2.085,collision,2378.1,-0.111256,0.405854,-0.845856,0.835878,4.583738,1.219782,0.790364,5.969751,0.391073,0.394589,-0.627964,1.009491,,,,,,,,,,,,,,0,none
476,261864,79.0914,64.516,378,0,0,1,0,2.9704,2.172,collision,2381.8,0.017374,0.352392,-0.764424,0.784843,4.686243,1.194366,0.539021,5.987042,0.405248,0.39316,-0.34607,1.001604,-0.005345,0.014857,1.677899,0.003578,0.065408,0.138894,0.010325,0.0,0.0001,,,,,0,none
477,262249,81.9948,65.1849,385,0,0,1,0,2.9052,2.161,collision,2385.2,0.014335,0.376251,-0.872781,0.820382,4.731301,1.103935,0.425003,5.969076,0.402354,0.393386,-0.33465,1.0,,,,,,,,,,,,,,0,none
478,262626,70.506,64.8861,377,0,0,1,0,2.9307,2.099,collision,2388.7,0.100036,0.393663,-0.821168,0.834468,4.811746,1.179554,0.461103,5.992122,0.400396,0.397925,-0.743712,1.0,,,,,,,,,,,,,,0,none
479,262997,74.1335,76.2062,371,0,0,1,0,3.0597,2.065,collision,2392.1,-0.088386,0.395105,-0.883447,0.793755,4.548458,1.303419,0.292799,5.982861,0.381676,0.391145,-0.477477,1.00356,,,,,,,,,,,,,,0,none
480,263372,71.3056,75.5401,375,0,0,1,0,3.0752,2.068,collision,2395.8,-0.142846,0.390893,-0.856709,0.816924,4.381053,1.348583,0.54982,5.996605,0.381633,0.393332,-0.713256,1.008153,-0.002562,0.019109,1.678411,0.003566,0.079006,0.304493,0.005566,0.0,0.0001,,,,,0,none
481,263743,77.7538,76.293,371,0,0,1,0,2.9076,2.15,collision,2399.0,-0.047693,0.374441,-0.832598,0.792944,4.643859,1.174616,0.737177,5.993457,0.392109,0.390461,-0.311913,1.0,,,,,,,,,,,,,,0,none
482,264390,171.1069,86.0125,647,0,0,1,0,2.2309,2.116,collision,2404.6,-0.047461,0.379659,-0.827936,0.840696,4.613075,1.242701,0.163094,5.97262,0.399943,0.397822,-0.67962,1.0,,,,,,,,,,,,,,0,none
483,264770,80.4279,86.1613,380,0,0,1,0,2.9836,2.184,collision,2407.9,0.009741,0.360848,-0.784758,0.804742,4.780068,1.145155,0.983036,5.987518,0.404806,0.391383,-0.208787,1.007467,,,,,,,,,,,,,,0,none
484,264810,-41.7887,73.9491,40,0,0,1,0,3.8409,1.586,collision,2408.5,-0.609789,0.208251,-0.855405,0.076251,3.953613,1.515022,0.586779,5.898628,0.230848,0.346356,-0.687485,1.0,0.00995,0.017339,1.678843,0.003554,0.071588,0.18312,0.006411,0.0,0.0001,,,,,0,none
485,265201,81.4109,74.5942,391,0,0,1,0,2.9424,2.16,collision,2411.9,0.052251,0.369822,-0.725289,0.82591,4.915996,1.043706,0.682776,5.975788,0.413696,0.397407,-0.52237,1.0,,,,,,,,,,,,,,0,none
486,265851,169.2995,83.615,650,0,0,1,0,2.2049,2.143,collision,2417.6,-0.032134,0.379496,-0.841122,0.857163,4.703,1.169161,0.420122,5.990116,0.408701,0.403245,-0.724293,1.0,,,,,,,,,,,,,,0,none
487,266222,71.7677,82.5923,371,0,0,1,0,3.0842,2.052,collision,2420.8,-0.139943,0.413317,-0.854668,0.758699,4.545451,1.24233,0.245507,5.956667,0.377422,0.38991,-0.658946,1.006346,,,,,,,,,,,,,,0,none
488,266274,-36.5298,71.8887,52,0,0,1,0,3.8317,1.672,collision,2421.7,-0.539252,0.265492,-0.870899,0.677147,3.45717,1.466784,0.304962,5.905099,0.247493,0.339623,-0.588552,1.0,0.00443,0.01817,1.679136,0.003542,0.076257,0.298108,0.011166,0.0,0.0001,,,,,0,none
489,266636,74.3828,71.9136,362,0,0,1,0,2.9604,2.138,collision,2424.8,-0.058697,0.376766,-0.828375,0.800065,4.747964,1.182158,0.801445,5.981197,0.387825,0.389398,-0.291268,1.0,,,,,,,,,,,,,,0,none
490,267010,78.7344,72.6565,374,0,0,1,0,2.9704,2.147,collision,2428.1,-0.020651,0.37889,-0.831241,0.798943,4.884436,1.054597,0.984447,5.973124,0.401774,0.39332,-0.21786,1.0,,,,,,,,,,,,,,0,none
491,267366,72.7041,72.1516,356,0,0,1,0,2.9307,2.152,collision,2431.3,-0.0358,0.368317,-0.79664,0.796938,4.563786,1.203908,0.8681,5.9795,0.38172,0.390043,-0.181104,1.0,,,,,,,,,,,,,,0,none
492,267741,78.837,62.9246,375,0,0,1,0,2.8885,2.146,collision,2434.9,0.038928,0.38211,-0.863835,0.836488,4.838141,1.136803,0.907708,5.990491,0.394215,0.391008,-0.361737,1.0,-0.013974,0.01927,1.6793,0.00353,0.076792,0.334062,0.027083,0.0,0.0001,,,,,0,none
493,268103,71.774,62.0592,362,0,0,1,0,2.948,2.126,collision,2437.9,-0.102772,0.38182,-0.868859,0.809841,4.744549,1.129517,0.506408,5.981275,0.376878,0.38946,-0.566168,1.0,,,,,,,,,,,,,,0,none
494,268465,71.6653,73.4046,362,0,0,1,0,3.0373,2.117,collision,2441.2,-0.102942,0.380418,-0.85707,0.768223,4.63305,1.25096,0.289363,5.974083,0.373617,0.386648,-0.525344,1.0,,,,,,,,,,,,,,0,none
495,268833,74.6613,72.7296,368,0,0,1,0,2.9546,2.155,collision,2444.5,0.055508,0.385538,-0.791334,0.780584,4.976356,0.999085,1.087443,5.980639,0.397764,0.392311,-0.543519,1.0,,,,,,,,,,,,,,0,none
496,269212,77.151,63.5148,379,0,0,1,0,2.9627,2.14,collision,2448.1,0.056945,0.38307,-0.793594,0.826417,4.863597,1.089062,0.792483,5.998528,0.408468,0.397161,-0.542446,1.0,-0.009652,0.01573,1.679409,0.003518,0.082852,0.198984,0.008263,0.0,0.0001,,,,,0,none
497,269591,79.5131,64.2893,379,0,0,1,0,2.8974,2.186,collision,2451.4,0.048131,0.356238,-0.85257,0.842521,4.838325,1.095253,0.502371,5.996626,0.403436,0.395668,-0.464103,1.0,,,,,,,,,,,,,,0,none
498,269958,76.5102,75.5933,367,0,0,1,0,2.9618,2.123,collision,2454.5,-0.027398,0.386439,-0.87895,0.847775,4.731067,1.209021,0.444657,5.97866,0.388987,0.388587,-0.146305,1.0,,,,,,,,,,,,,,0,none
499,270331,78.4432,75.9994,373,0,0,1,0,2.9699,2.168,collision,2457.7,-0.017587,0.37456,-0.813666,0.794227,4.942539,1.018754,1.151551,5.987549,0.39701,0.391448,-0.205245,1.0,,,,,,,,,,,,,,0,none
500,270688,72.3459,75.3605,357,0,0,1,0,3.0264,2.132,collision,2461.2,-0.026439,0.384023,-0.827816,0.827807,4.774045,1.149153,0.909801,5.991831,0.379636,0.386565,-0.139666,1.0,-0.010978,0.016556,1.679611,0.003506,0.074546,0.111552,0.007523,0.0,0.0001,,,,,0,none
