episode,global_step,reward,avg10,length,success,goal_touched,collision,timeout,min_dist,avg_speed_ms,end_reason,elapsed_s,act0_mean,act0_std,act0_min,act0_max,act1_mean,act1_std,act1_min,act1_max,obs_mean,obs_std,obs_min,obs_max,actor_loss,critic_loss,policy_entropy,entropy_coef,value_residual,grad_norm_actor,grad_norm_critic,grad_norm_rnn,lr_actor,lr_critic,alpha,alpha_loss,target_update_magnitude,replay_buffer_size,recurrent_cell
1,1037,305.8507,305.8507,1037,0,0,1,0,1.4059,2.017,collision,13.3,-0.044135,0.445685,-0.882435,0.851804,4.242434,1.233668,0.266662,5.955641,0.423433,0.406519,-0.626617,1.000073,,,,,,,,,,,,,,0,gru
2,2070,304.8696,305.3601,1033,0,0,1,0,1.4066,2.043,collision,25.9,0.001416,0.438927,-0.890174,0.868638,4.376366,1.210706,0.40368,5.962389,0.418408,0.40721,-0.467357,1.002861,,,,,,,,,,,,,,0,gru
3,3096,301.2266,303.9823,1026,0,0,1,0,1.384,2.028,collision,38.2,0.013631,0.447614,-0.859749,0.88271,4.295019,1.248204,0.586259,5.987048,0.412716,0.404206,-0.441531,1.0,,,,,,,,,,,,,,0,gru
4,4152,308.2309,305.0444,1056,0,0,1,0,1.3953,2.014,collision,52.8,-0.034559,0.454219,-0.884111,0.875467,4.324031,1.218419,0.14062,5.969944,0.417775,0.405443,-0.686456,1.004663,0.055529,0.005013,1.855753,0.004994,0.026335,0.130209,0.010057,0.09647,3.7e-05,,,,,0,gru
5,5164,298.6806,303.7717,1012,0,0,1,0,1.3708,2.041,collision,65.7,0.005207,0.43668,-0.862504,0.85273,4.277089,1.207468,0.309639,5.982124,0.413671,0.402677,-0.433525,1.0,,,,,,,,,,,,,,0,gru
6,6217,309.197,304.6759,1053,0,0,1,0,1.4038,2.023,collision,78.9,0.02957,0.444254,-0.866835,0.882917,4.300987,1.243296,0.358468,5.952788,0.413777,0.406258,-0.468253,1.005671,,,,,,,,,,,,,,0,gru
7,7224,295.9912,303.4352,1007,0,0,1,0,1.3578,2.029,collision,91.6,0.005916,0.444694,-0.889924,0.848138,4.262118,1.242783,0.398435,5.968619,0.41165,0.403137,-0.479555,1.0,,,,,,,,,,,,,,0,gru
8,8229,293.548,302.1993,1005,0,0,1,0,1.3874,2.03,collision,105.2,-0.035253,0.444006,-0.873202,0.859433,4.330131,1.216681,0.267991,5.969945,0.415376,0.404747,-0.616572,1.0,0.005476,0.006104,1.855687,0.004982,0.030355,0.095327,0.007095,0.090197,4.9e-05,,,,,0,gru
9,9310,315.8131,303.712,1081,0,0,1,0,1.3612,2.018,collision,119.4,0.024337,0.446903,-0.866632,0.8556,4.310951,1.227578,0.310585,5.958122,0.413454,0.405852,-0.565067,1.010349,,,,,,,,,,,,,,0,gru
10,10846,622.0489,335.5456,1536,1,1,0,0,0.3,2.001,goal,139.2,0.009297,0.46256,-0.887742,0.877308,4.351596,1.219896,0.232866,5.96784,0.413898,0.40951,-0.671894,1.008723,,,,,,,,,,,,,,0,gru
11,11871,301.8593,335.1465,1025,0,0,1,0,1.3849,2.032,collision,152.2,-0.034872,0.447704,-0.877599,0.891362,4.357937,1.204719,0.413092,5.971604,0.414825,0.404784,-0.450272,1.0,,,,,,,,,,,,,,0,gru
12,12898,299.5611,334.6157,1027,0,0,1,0,1.3977,2.005,collision,167.4,-0.032389,0.461822,-0.879977,0.839968,4.385466,1.176178,0.232018,5.964534,0.416607,0.405507,-0.696855,1.0,0.011395,0.005734,1.855733,0.00497,0.027265,0.096937,0.005833,0.083753,6.1e-05,,,,,0,gru
13,14436,608.5134,365.3444,1538,1,1,0,0,0.2983,1.995,goal,186.8,-0.00839,0.458363,-0.874258,0.876373,4.20549,1.259561,0.284986,5.953519,0.401961,0.400653,-0.704123,1.0,,,,,,,,,,,,,,0,gru
14,15489,307.9592,365.3172,1053,0,0,1,0,1.4065,2.001,collision,200.4,-0.02349,0.455166,-0.884314,0.87384,4.275655,1.273528,0.276733,5.971773,0.418218,0.406758,-0.593285,1.000878,,,,,,,,,,,,,,0,gru
15,16535,307.2064,366.1698,1046,0,0,1,0,1.3878,2.004,collision,214.0,-0.014144,0.452261,-0.881264,0.868276,4.261325,1.274944,0.241816,5.955563,0.416069,0.405848,-0.436051,1.0,,,,,,,,,,,,,,0,gru
16,17581,307.2323,365.9733,1046,0,0,1,0,1.3968,2.011,collision,228.6,-0.043362,0.45185,-0.885721,0.852046,4.268431,1.26773,0.236164,5.967359,0.422658,0.406992,-0.695558,1.001611,0.009709,0.006292,1.855658,0.004958,0.02703,0.090866,0.004923,0.068526,7.3e-05,,,,,0,gru
17,18586,297.0842,366.0826,1005,0,0,1,0,1.3948,2.042,collision,241.6,-0.016844,0.435937,-0.884704,0.878701,4.353747,1.229482,0.566295,5.953179,0.419422,0.404763,-0.366736,1.0,,,,,,,,,,,,,,0,gru
18,19583,294.8769,366.2155,997,0,0,1,0,1.4581,2.023,collision,254.3,0.004621,0.449401,-0.868834,0.87267,4.334634,1.230347,0.74701,5.984744,0.410894,0.399903,-0.377974,1.0,,,,,,,,,,,,,,0,gru
19,20644,311.0553,365.7397,1061,0,0,1,0,1.3908,2.01,collision,267.7,0.016183,0.457352,-0.87296,0.879322,4.344624,1.214015,0.353227,5.968945,0.414558,0.405805,-0.490341,1.0048,,,,,,,,,,,,,,0,gru
20,21709,313.8488,334.9197,1065,0,0,1,0,1.3746,2.019,collision,283.8,0.025299,0.451656,-0.862403,0.887838,4.312957,1.251273,0.237156,5.980981,0.415972,0.404637,-0.464285,1.006527,0.038426,0.00463,1.855144,0.004946,0.022763,0.132171,0.010049,0.119378,8.5e-05,,,,,0,gru
21,22714,296.4034,334.3741,1005,0,0,1,0,1.4506,2.033,collision,296.8,0.01788,0.440553,-0.85479,0.866903,4.343493,1.214076,0.351454,5.982516,0.413923,0.402738,-0.425383,1.0,,,,,,,,,,,,,,0,gru
22,23764,298.1466,334.2327,1050,0,0,1,0,1.3979,2.006,collision,309.3,0.025373,0.463548,-0.876418,0.870751,4.283544,1.215849,0.300731,5.975104,0.412047,0.40769,-0.659694,1.0,,,,,,,,,,,,,,0,gru
23,24795,300.5371,303.435,1031,0,0,1,0,1.4052,2.01,collision,321.2,-0.025958,0.452768,-0.88553,0.880262,4.246995,1.237435,0.401024,5.96669,0.418378,0.40659,-0.54844,1.0,,,,,,,,,,,,,,0,gru
24,25837,303.871,303.0262,1042,0,0,1,0,1.4531,2.009,collision,335.4,0.018254,0.455803,-0.855943,0.888186,4.275081,1.226219,0.73392,5.972484,0.410012,0.404169,-0.509861,1.004766,-0.098421,0.006672,1.854609,0.004934,0.044813,0.227825,0.029031,0.158931,9.7e-05,,,,,0,gru
25,27337,617.3813,334.0437,1500,1,1,0,0,0.2998,2.022,goal,354.6,-0.006138,0.445699,-0.874988,0.87087,4.271117,1.254669,0.340369,5.920549,0.416907,0.408109,-0.601977,1.003931,,,,,,,,,,,,,,0,gru
26,27670,58.5141,309.1719,333,0,0,1,0,3.0835,2.05,collision,358.9,0.082798,0.422323,-0.78623,0.880273,4.257982,1.239636,0.5053,5.935169,0.404379,0.408913,-0.58941,1.0,,,,,,,,,,,,,,0,gru
27,29142,609.7815,340.4416,1472,1,1,0,0,0.2984,2.02,goal,377.7,-0.009392,0.44108,-0.884721,0.890356,4.247399,1.27089,0.31959,5.979762,0.416315,0.407479,-0.524841,1.0,,,,,,,,,,,,,,0,gru
28,30203,309.288,341.8827,1061,0,0,1,0,1.3753,2.018,collision,393.2,-0.001243,0.444343,-0.886232,0.854238,4.20723,1.266569,0.253222,5.957413,0.416585,0.406281,-0.530718,1.0,0.030415,0.008629,1.854943,0.004922,0.04718,0.12489,0.029047,0.131132,0.0001,,,,,0,gru
29,31209,294.0574,340.1829,1006,0,0,1,0,1.3888,2.015,collision,406.3,0.001837,0.447916,-0.868266,0.886152,4.347745,1.236029,0.223356,5.976549,0.418221,0.405283,-0.45846,1.0,,,,,,,,,,,,,,0,gru
30,32279,313.9697,340.195,1070,0,0,1,0,1.3756,2.011,collision,420.2,0.001938,0.44851,-0.876209,0.875685,4.20331,1.271371,0.283566,5.948809,0.417437,0.406353,-0.523443,1.005739,,,,,,,,,,,,,,0,gru
31,33298,298.5232,340.407,1019,0,0,1,0,1.4506,1.994,collision,433.3,-0.00376,0.462483,-0.892693,0.855033,4.196947,1.267527,0.499206,5.97249,0.414695,0.404016,-0.408882,1.0,,,,,,,,,,,,,,0,gru
32,34315,294.4002,340.0323,1017,0,0,1,0,1.3987,2.005,collision,448.4,-0.038508,0.448352,-0.881715,0.887265,4.154823,1.275893,0.091708,5.973672,0.42348,0.407853,-0.714479,1.0,0.022504,0.004731,1.855387,0.00491,0.02915,0.220724,0.016587,0.219695,0.0001,,,,,0,gru
33,35822,612.1957,371.1982,1507,1,1,0,0,0.2972,2.0,goal,467.9,-0.013357,0.449705,-0.88384,0.89085,4.1872,1.286446,0.213078,5.984138,0.415839,0.401509,-0.504602,1.0,,,,,,,,,,,,,,0,gru
34,36858,296.7474,370.4859,1036,0,0,1,0,1.3779,2.006,collision,481.3,0.026927,0.455287,-0.888391,0.889483,4.257043,1.228253,0.122645,5.951129,0.421387,0.408696,-0.609245,1.0,,,,,,,,,,,,,,0,gru
35,38390,615.1174,370.2595,1532,1,1,0,0,0.2986,1.98,goal,500.8,0.003758,0.469243,-0.881933,0.878818,4.206124,1.252629,0.135991,5.96134,0.418036,0.402809,-0.625894,1.0,,,,,,,,,,,,,,0,gru
36,39904,609.8671,425.3948,1514,1,1,0,0,0.2983,1.999,goal,522.5,-0.033674,0.451454,-0.873593,0.857725,4.166232,1.272737,0.356964,5.963422,0.413208,0.401484,-0.500717,1.0,0.001611,0.005599,1.855882,0.004898,0.027059,0.081914,0.003652,0.070221,0.0001,,,,,0,gru
37,40970,309.1059,395.3272,1066,0,0,1,0,1.3827,2.023,collision,536.4,0.013045,0.442084,-0.882819,0.835897,4.163754,1.287535,0.278186,5.953231,0.420489,0.409147,-0.532696,1.00538,,,,,,,,,,,,,,0,gru
38,42047,314.2705,395.8255,1077,0,0,1,0,1.4024,1.993,collision,550.2,0.01913,0.465406,-0.876228,0.884099,4.178622,1.255087,0.369492,5.945435,0.41767,0.407478,-0.542804,1.008404,,,,,,,,,,,,,,0,gru
39,43071,298.3583,396.2555,1024,0,0,1,0,1.3869,1.99,collision,563.5,-0.016625,0.460618,-0.868855,0.849819,4.181885,1.27996,0.321827,5.961618,0.421845,0.406719,-0.565955,1.0,,,,,,,,,,,,,,0,gru
40,44426,378.6664,402.7252,1355,0,0,1,0,0.9267,1.986,collision,583.6,-0.003455,0.461251,-0.854904,0.864877,4.153586,1.301393,0.172093,5.968653,0.398738,0.398731,-0.685378,1.012327,0.015618,0.005974,1.856144,0.004886,0.024259,0.096069,0.007839,0.083484,0.0001,,,,,0,gru
41,45476,307.1023,403.5831,1050,0,0,1,0,1.4015,2.014,collision,596.8,0.008576,0.442193,-0.864438,0.840597,4.095311,1.267974,0.336204,5.952981,0.420867,0.408625,-0.490611,1.00046,,,,,,,,,,,,,,0,gru
42,46514,302.914,404.4345,1038,0,0,1,0,1.406,2.0,collision,610.2,-0.031752,0.447329,-0.885566,0.87433,4.118319,1.306886,0.438311,5.955995,0.421548,0.406577,-0.565943,1.0,,,,,,,,,,,,,,0,gru
43,47596,305.7684,373.7918,1082,0,0,1,0,1.4062,1.994,collision,624.2,0.015513,0.455829,-0.884078,0.876323,4.102479,1.316696,0.577404,5.953941,0.417003,0.409467,-0.691624,1.001657,,,,,,,,,,,,,,0,gru
44,48613,297.3253,373.8496,1017,0,0,1,0,1.4315,2.013,collision,638.4,0.029142,0.436697,-0.857224,0.874944,4.08424,1.327898,0.385759,5.934976,0.421252,0.40697,-0.450087,1.0,0.038136,0.004434,1.856343,0.004874,0.015363,0.100285,0.004989,0.082262,0.0001,,,,,0,gru
45,49674,311.6146,343.4993,1061,0,0,1,0,1.3765,2.015,collision,652.1,-0.016993,0.440698,-0.871949,0.862381,4.097516,1.274384,0.489957,5.94416,0.420879,0.406504,-0.512858,1.001043,,,,,,,,,,,,,,0,gru
46,50944,366.865,319.1991,1270,0,0,1,0,0.8901,1.999,collision,668.0,0.008818,0.444094,-0.883927,0.860659,4.0192,1.306235,0.117012,5.943723,0.401785,0.396316,-0.531976,1.0,,,,,,,,,,,,,,0,gru
47,52483,622.78,350.5665,1539,1,1,0,0,0.2997,1.996,goal,687.7,-0.042514,0.448812,-0.888834,0.874522,4.095655,1.316192,0.182322,5.969421,0.420284,0.402796,-0.56971,1.006708,,,,,,,,,,,,,,0,gru
48,53528,310.0915,350.1486,1045,0,0,1,0,1.421,2.014,collision,702.8,-0.011913,0.444309,-0.861607,0.867674,4.145704,1.261924,0.359596,5.948855,0.425745,0.407672,-0.425158,1.009518,-0.014335,0.006822,1.857121,0.004862,0.023552,0.068606,0.006273,0.057154,0.0001,,,,,0,gru
49,55019,610.6988,381.3826,1491,1,1,0,0,0.2982,1.999,goal,721.6,-0.031161,0.459879,-0.885974,0.871937,4.192791,1.258804,0.452038,5.979499,0.423617,0.409941,-0.703547,1.0,,,,,,,,,,,,,,0,gru
50,56111,319.5676,375.4727,1092,0,0,1,0,1.3845,1.976,collision,735.7,-0.001267,0.457412,-0.876418,0.889583,4.099816,1.344299,0.348305,5.994675,0.418528,0.407046,-0.522701,1.007555,,,,,,,,,,,,,,0,gru
51,57164,309.917,375.7542,1053,0,0,1,0,1.4036,2.001,collision,749.1,0.010479,0.441053,-0.887871,0.859567,4.122868,1.34445,0.235679,5.968621,0.421808,0.407415,-0.435917,1.002771,,,,,,,,,,,,,,0,gru
52,58237,307.4497,376.2078,1073,0,0,1,0,1.4053,2.004,collision,763.7,0.032055,0.456695,-0.878603,0.869781,4.230735,1.230194,0.196463,5.958354,0.418303,0.409819,-0.691328,1.00501,-0.013593,0.006625,1.857832,0.00485,0.019927,0.07945,0.00408,0.05959,0.0001,,,,,0,gru
53,59238,295.8887,375.2198,1001,0,0,1,0,1.4166,2.0,collision,776.6,0.008272,0.451895,-0.891033,0.890451,4.164683,1.296628,0.29992,5.969139,0.421322,0.405301,-0.382787,1.0,,,,,,,,,,,,,,0,gru
54,60723,613.297,406.817,1485,1,1,0,0,0.2985,2.005,goal,796.4,-0.010448,0.454327,-0.892884,0.86043,4.202246,1.271618,0.399853,5.963962,0.422315,0.409722,-0.52232,1.0,,,,,,,,,,,,,,0,gru
55,62256,623.4115,437.9967,1533,1,1,0,0,0.299,2.004,goal,816.5,-0.011358,0.446512,-0.866052,0.877686,4.143694,1.281447,0.280802,5.963025,0.417144,0.401643,-0.454744,1.009593,,,,,,,,,,,,,,0,gru
56,63292,304.5893,431.7691,1036,0,0,1,0,1.386,2.001,collision,831.8,-0.005754,0.454996,-0.879228,0.856617,4.18996,1.285959,0.379763,5.973153,0.419184,0.40531,-0.415774,1.0,-0.009157,0.005578,1.858543,0.004838,0.022186,0.098944,0.005476,0.079408,0.0001,,,,,0,gru
57,64731,599.2942,429.4205,1439,1,1,0,0,0.298,2.032,goal,850.9,0.004435,0.440445,-0.87165,0.877349,4.201762,1.252059,0.207386,5.982852,0.419917,0.407368,-0.507821,1.0,,,,,,,,,,,,,,0,gru
58,66257,617.3357,460.1449,1526,1,1,0,0,0.2994,1.986,goal,871.2,0.010058,0.462107,-0.878327,0.87988,4.17873,1.295663,0.373084,5.965963,0.419581,0.410321,-0.592435,1.0,,,,,,,,,,,,,,0,gru
59,67301,310.7084,430.1459,1044,0,0,1,0,1.3924,2.009,collision,885.1,-0.003172,0.443401,-0.880823,0.848292,4.15135,1.270858,0.28213,5.928307,0.423873,0.406789,-0.352342,1.0,,,,,,,,,,,,,,0,gru
60,68355,309.0462,429.0938,1054,0,0,1,0,1.3633,1.991,collision,900.5,0.009955,0.45385,-0.880321,0.881047,4.09253,1.298894,0.249213,5.91732,0.420418,0.405994,-0.437944,1.0,0.006498,0.005888,1.858165,0.004826,0.023283,0.150527,0.005624,0.145051,0.0001,,,,,0,gru
61,69870,615.0924,459.6113,1515,1,1,0,0,0.2988,2.034,goal,920.2,0.011123,0.441348,-0.863411,0.863851,4.245175,1.219408,0.314053,5.971962,0.424648,0.411505,-0.503062,1.008639,,,,,,,,,,,,,,0,gru
62,71371,615.5842,490.4247,1501,1,1,0,0,0.2981,2.028,goal,940.1,-0.004068,0.444158,-0.885174,0.875386,4.219187,1.240405,0.291099,5.963131,0.421375,0.40954,-0.578787,1.002471,,,,,,,,,,,,,,0,gru
63,72835,607.0714,521.543,1464,1,1,0,0,0.2982,2.008,goal,959.7,-0.024718,0.450957,-0.857072,0.875919,4.239549,1.294824,0.189422,5.958512,0.423343,0.408469,-0.640237,1.0,,,,,,,,,,,,,,0,gru
64,74344,607.0456,520.9179,1509,1,1,0,0,0.2986,2.007,goal,981.5,0.009996,0.455128,-0.884465,0.861188,4.273878,1.228868,0.47735,5.948434,0.416121,0.409571,-0.622278,1.0,-0.009487,0.005165,1.856989,0.004814,0.023837,0.141538,0.004852,0.139405,0.0001,,,,,0,gru
65,75825,604.3296,519.0097,1481,1,1,0,0,0.3,2.012,goal,1001.1,-0.005506,0.451325,-0.883233,0.874361,4.261421,1.259435,0.232378,5.955812,0.425284,0.411038,-0.690795,1.0,,,,,,,,,,,,,,0,gru
66,76512,171.3273,505.6835,687,0,0,1,0,2.271,2.025,collision,1010.4,0.044954,0.439044,-0.869038,0.850246,4.313002,1.218452,0.516844,5.961594,0.415857,0.413978,-0.67872,1.0,,,,,,,,,,,,,,0,gru
67,76850,63.504,452.1045,338,0,0,1,0,3.0803,2.061,collision,1015.0,0.045584,0.41198,-0.808529,0.83482,4.226446,1.244624,0.541678,5.869676,0.405851,0.405691,-0.255907,1.0,,,,,,,,,,,,,,0,gru
68,78385,616.1967,451.9906,1535,1,1,0,0,0.2974,1.998,goal,1036.2,-0.004774,0.457296,-0.881706,0.861912,4.188024,1.290119,0.147478,5.96637,0.415955,0.402666,-0.528618,1.0,-0.000466,0.007221,1.856077,0.004802,0.027871,0.11947,0.004125,0.116987,0.0001,,,,,0,gru
69,79887,598.1843,480.7382,1502,1,1,0,0,0.2986,2.044,goal,1055.8,0.041705,0.434339,-0.860032,0.862762,4.350822,1.214858,0.261373,5.979307,0.422329,0.424312,-0.641394,1.0,,,,,,,,,,,,,,0,gru
70,81405,620.3267,511.8662,1518,1,1,0,0,0.2977,1.999,goal,1075.8,-0.023562,0.461318,-0.880191,0.875652,4.246816,1.249289,0.359381,5.971911,0.420301,0.409318,-0.555528,1.0,,,,,,,,,,,,,,0,gru
71,82910,617.1447,512.0715,1505,1,1,0,0,0.2978,2.029,goal,1095.8,0.00301,0.440975,-0.880179,0.867674,4.286043,1.25764,0.569354,5.943994,0.42686,0.412226,-0.491056,1.005236,,,,,,,,,,,,,,0,gru
72,84440,612.3008,511.7431,1530,1,1,0,0,0.2984,2.039,goal,1118.2,0.0381,0.436363,-0.894515,0.882187,4.266318,1.251799,0.368646,5.975656,0.41855,0.420735,-0.532796,1.01088,-0.007537,0.005039,1.85606,0.00479,0.023382,0.170801,0.00632,0.182766,0.0001,,,,,0,gru
73,85964,623.9464,513.4306,1524,1,1,0,0,0.2996,2.012,goal,1138.5,-0.011837,0.449344,-0.873223,0.872596,4.132083,1.291557,0.246786,5.979652,0.426064,0.410489,-0.52887,1.010054,,,,,,,,,,,,,,0,gru
74,86647,175.3377,470.2598,683,0,0,1,0,2.3111,2.045,collision,1147.6,-0.013945,0.436462,-0.878241,0.876044,4.281294,1.187145,0.249816,5.958275,0.408439,0.408137,-0.407766,1.005293,,,,,,,,,,,,,,0,gru
75,87275,155.7645,425.4033,628,0,0,1,0,2.3547,2.008,collision,1155.6,0.047494,0.443845,-0.867902,0.856133,4.191694,1.276046,0.476636,5.969851,0.389958,0.401476,-0.578655,1.0,,,,,,,,,,,,,,0,gru
76,88748,601.8596,468.4565,1473,1,1,0,0,0.2992,2.021,goal,1175.4,-0.004423,0.438379,-0.893481,0.876889,4.136304,1.279987,0.282787,5.95957,0.421796,0.41022,-0.554309,1.0,0.028029,0.006498,1.85606,0.004778,0.025296,0.116693,0.005327,0.099093,0.0001,,,,,0,gru
77,90238,613.2223,523.4284,1490,1,1,0,0,0.2988,2.011,goal,1195.6,-0.00829,0.45005,-0.863318,0.874789,4.205266,1.27527,0.238997,5.970817,0.424074,0.410429,-0.477313,1.0,,,,,,,,,,,,,,0,gru
78,91763,618.6544,523.6741,1525,1,1,0,0,0.2988,1.983,goal,1215.9,-0.029751,0.457988,-0.885101,0.846241,4.113698,1.298717,0.229894,5.955802,0.428197,0.412425,-0.700028,1.0,,,,,,,,,,,,,,0,gru
79,92209,84.6427,472.32,446,0,0,1,0,2.9372,1.968,collision,1221.9,0.070663,0.466779,-0.862674,0.853704,4.091645,1.292681,0.338634,5.985275,0.421052,0.417581,-0.561419,1.0,,,,,,,,,,,,,,0,gru
80,93695,612.2,471.5073,1486,1,1,0,0,0.2983,2.036,goal,1243.1,0.001066,0.436035,-0.867639,0.876479,4.176186,1.233918,0.594598,5.98012,0.422451,0.410021,-0.49049,1.0,0.019803,0.007092,1.856638,0.004766,0.022604,0.071142,0.004254,0.054499,0.0001,,,,,0,gru
81,95239,611.7355,470.9664,1544,1,1,0,0,0.298,2.018,goal,1263.4,0.013332,0.445558,-0.877958,0.894836,4.184995,1.267776,0.374853,5.96671,0.417445,0.420885,-0.606185,1.003065,,,,,,,,,,,,,,0,gru
82,96776,618.2872,471.565,1537,1,1,0,0,0.2985,2.024,goal,1283.6,0.010989,0.44277,-0.864836,0.893751,4.241385,1.267842,0.401768,5.969842,0.413296,0.41189,-0.572663,1.008423,,,,,,,,,,,,,,0,gru
83,97113,52.7691,414.4473,337,0,0,1,0,3.0849,2.043,collision,1288.0,0.10415,0.421616,-0.862198,0.843782,4.228491,1.249571,0.524708,5.947938,0.404966,0.411949,-0.681965,1.0,,,,,,,,,,,,,,0,gru
84,97779,172.075,414.121,666,0,0,1,0,2.3127,2.034,collision,1298.2,-0.028119,0.424128,-0.8365,0.856269,4.09936,1.283712,0.458148,5.973621,0.407384,0.407375,-0.326596,1.0,-0.276836,0.008759,1.857122,0.004754,0.039757,0.289035,0.019543,0.196534,0.0001,,,,,0,gru
85,99235,601.3096,458.6755,1456,1,1,0,0,0.2995,2.035,goal,1317.3,0.009785,0.440809,-0.86061,0.876454,4.305873,1.230679,0.342862,5.983742,0.422887,0.411007,-0.466819,1.0,,,,,,,,,,,,,,0,gru
86,100753,607.2494,459.2145,1518,1,1,0,0,0.2984,2.034,goal,1337.2,0.015714,0.438366,-0.867657,0.856472,4.348936,1.22544,0.257532,5.98105,0.41696,0.420353,-0.628247,1.0,,,,,,,,,,,,,,0,gru
87,102258,600.3952,457.9318,1505,1,1,0,0,0.2988,2.008,goal,1356.9,0.010088,0.453506,-0.886503,0.86571,4.275036,1.2517,0.244225,5.975646,0.413322,0.418897,-0.595584,1.0,,,,,,,,,,,,,,0,gru
88,103729,604.8838,456.5548,1471,1,1,0,0,0.2997,2.012,goal,1378.5,-0.002077,0.454514,-0.890627,0.881571,4.317465,1.254684,0.198145,5.973552,0.422898,0.410147,-0.545546,1.0,-0.003137,0.004765,1.856433,0.004742,0.024138,0.105791,0.008205,0.08464,0.0001,,,,,0,gru
89,105224,610.7207,509.1626,1495,1,1,0,0,0.2979,2.025,goal,1397.6,-0.010757,0.447012,-0.891318,0.869887,4.318873,1.230013,0.151936,5.968374,0.425516,0.411483,-0.605227,1.0,,,,,,,,,,,,,,0,gru
90,106735,616.1584,509.5584,1511,1,1,0,0,0.298,2.006,goal,1417.1,0.003928,0.454033,-0.874997,0.881336,4.25784,1.263831,0.326694,5.976603,0.426449,0.412525,-0.523691,1.0,,,,,,,,,,,,,,0,gru
91,108273,598.9501,508.2799,1538,1,1,0,0,0.2981,2.038,goal,1437.1,0.018179,0.442984,-0.873615,0.871639,4.347013,1.206434,0.445147,5.970916,0.41973,0.423758,-0.625232,1.0,,,,,,,,,,,,,,0,gru
92,109797,623.4077,508.7919,1524,1,1,0,0,0.2998,1.999,goal,1458.6,-0.015954,0.453139,-0.873432,0.86558,4.288864,1.280137,0.166279,5.978443,0.427599,0.412344,-0.551246,1.002562,-0.018423,0.005771,1.85618,0.00473,0.019394,0.111286,0.004508,0.100872,0.0001,,,,,0,gru
93,111342,593.8301,562.898,1545,1,1,0,0,0.2992,2.017,goal,1478.6,0.030731,0.443836,-0.881306,0.889365,4.257442,1.265307,0.357587,5.979717,0.424146,0.428622,-0.656313,1.0,,,,,,,,,,,,,,0,gru
94,112827,607.6631,606.4568,1485,1,1,0,0,0.2984,2.024,goal,1497.7,-0.013087,0.441815,-0.887959,0.854491,4.288842,1.251876,0.470579,5.971965,0.425633,0.411725,-0.630578,1.0,,,,,,,,,,,,,,0,gru
95,114343,596.3168,605.9575,1516,1,1,0,0,0.2984,2.018,goal,1516.8,0.029954,0.441648,-0.869334,0.870018,4.25898,1.267552,0.248295,5.974016,0.419409,0.423009,-0.625169,1.0,,,,,,,,,,,,,,0,gru
96,115850,611.3582,606.3684,1507,1,1,0,0,0.2997,2.009,goal,1538.9,-0.010199,0.450361,-0.876895,0.85944,4.229288,1.274414,0.071452,5.974563,0.428113,0.413781,-0.551523,1.0,-0.021855,0.004945,1.855726,0.004718,0.018273,0.145063,0.005171,0.138702,0.0001,,,,,0,gru
97,117334,603.0358,606.6325,1484,1,1,0,0,0.2997,2.025,goal,1556.8,-0.010438,0.448557,-0.883725,0.882435,4.220878,1.242872,0.465884,5.982208,0.424633,0.411854,-0.577309,1.0,,,,,,,,,,,,,,0,gru
98,118853,615.3868,607.6828,1519,1,1,0,0,0.2972,2.012,goal,1576.6,-0.004396,0.453084,-0.88903,0.872961,4.29813,1.264213,0.181548,5.982864,0.426745,0.413407,-0.603116,1.0,,,,,,,,,,,,,,0,gru
99,120398,621.7966,608.7904,1545,1,1,0,0,0.2993,2.005,goal,1596.5,-0.009881,0.454908,-0.887176,0.877823,4.223964,1.252992,0.131732,5.980298,0.424108,0.412128,-0.622879,1.008342,,,,,,,,,,,,,,0,gru
100,121769,389.6176,586.1363,1371,0,0,1,0,0.6588,2.037,collision,1617.0,0.016994,0.438636,-0.884932,0.880394,4.261404,1.235698,0.50134,5.964148,0.418708,0.422925,-0.657015,1.0,0.02515,0.005937,1.854991,0.004706,0.023528,0.062691,0.004906,0.045683,0.0001,,,,,0,gru
101,123265,603.9857,586.6398,1496,1,1,0,0,0.2995,2.033,goal,1636.7,-0.00447,0.444173,-0.879857,0.869775,4.308506,1.21665,0.130796,5.970702,0.42662,0.413855,-0.677721,1.0,,,,,,,,,,,,,,0,gru
102,124785,613.5844,585.6575,1520,1,1,0,0,0.299,2.018,goal,1656.4,0.005917,0.453456,-0.867508,0.877872,4.339355,1.246627,0.278828,5.979852,0.425314,0.413309,-0.594816,1.0,,,,,,,,,,,,,,0,gru
103,126380,599.7332,586.2478,1595,1,1,0,0,0.2981,2.023,goal,1677.7,0.035307,0.446339,-0.880161,0.892726,4.38039,1.240322,0.180046,5.971724,0.422789,0.429149,-0.685184,1.0,,,,,,,,,,,,,,0,gru
104,127912,619.1106,587.3926,1532,1,1,0,0,0.2986,2.006,goal,1700.0,-0.013781,0.456528,-0.889413,0.877789,4.321457,1.228023,0.31017,5.974346,0.426108,0.41184,-0.655384,1.001257,0.182827,0.003609,1.854185,0.004694,0.024534,0.211196,0.01639,0.149045,0.0001,,,,,0,gru
105,129393,605.493,588.3102,1481,1,1,0,0,0.2986,2.041,goal,1718.9,-0.010337,0.444189,-0.881573,0.864876,4.37789,1.193021,0.435408,5.954972,0.426608,0.411832,-0.553196,1.0,,,,,,,,,,,,,,0,gru
106,130955,607.0547,587.8798,1562,1,1,0,0,0.2973,2.026,goal,1739.2,0.002179,0.450535,-0.888875,0.889185,4.363308,1.206986,0.251497,5.949743,0.414832,0.42058,-0.708424,1.000432,,,,,,,,,,,,,,0,gru
107,132461,608.2785,588.4041,1506,1,1,0,0,0.2999,2.018,goal,1758.6,-0.021554,0.450824,-0.872586,0.875932,4.309569,1.222287,0.263162,5.978321,0.428734,0.414011,-0.607343,1.0,,,,,,,,,,,,,,0,gru
108,133958,607.1187,587.5773,1497,1,1,0,0,0.2994,2.027,goal,1781.9,-0.010927,0.441542,-0.861312,0.881165,4.291451,1.267435,0.257784,5.977301,0.426574,0.412963,-0.577682,1.0,-0.029383,0.005194,1.853221,0.004682,0.019385,0.144604,0.010284,0.120562,0.0001,,,,,0,gru
109,135466,594.6666,584.8643,1508,1,1,0,0,0.2979,2.049,goal,1801.6,0.013566,0.441425,-0.870008,0.866351,4.385312,1.178481,0.393806,5.98255,0.416977,0.421491,-0.568029,1.0,,,,,,,,,,,,,,0,gru
110,137029,607.1976,606.6223,1563,1,1,0,0,0.2985,2.035,goal,1821.9,-0.005785,0.444264,-0.888341,0.878021,4.317461,1.22778,0.412682,5.984274,0.414219,0.419847,-0.671054,1.005369,,,,,,,,,,,,,,0,gru
111,138536,603.6583,606.5896,1507,1,1,0,0,0.2982,2.035,goal,1841.2,-0.030223,0.443051,-0.886394,0.873646,4.320934,1.235038,0.211787,5.976579,0.426339,0.413831,-0.692232,1.0,,,,,,,,,,,,,,0,gru
112,140085,597.3345,604.9646,1549,1,1,0,0,0.2999,2.046,goal,1864.3,0.034625,0.434287,-0.871486,0.881976,4.401642,1.219261,0.326178,5.980783,0.426394,0.429662,-0.647996,1.0,0.284081,0.035862,1.852966,0.00467,0.047963,1.10798,0.040575,0.729782,0.0001,,,,,0,gru
113,141652,595.7043,604.5617,1567,1,1,0,0,0.2997,2.031,goal,1884.4,0.034867,0.448549,-0.876142,0.865628,4.361717,1.212107,0.584366,5.983958,0.424615,0.429053,-0.702938,1.0,,,,,,,,,,,,,,0,gru
114,143158,603.997,603.0503,1506,1,1,0,0,0.2995,2.012,goal,1903.5,-0.031601,0.457056,-0.879264,0.871493,4.408981,1.191961,0.316,5.982474,0.426541,0.41425,-0.652005,1.0,,,,,,,,,,,,,,0,gru
115,144689,598.6823,602.3693,1531,1,1,0,0,0.3,2.026,goal,1923.4,0.020222,0.450267,-0.886081,0.877591,4.369539,1.20235,0.567651,5.974941,0.418718,0.422736,-0.610542,1.0,,,,,,,,,,,,,,0,gru
116,146207,589.1124,600.575,1518,1,1,0,0,0.2984,2.044,goal,1945.0,0.015983,0.436931,-0.888418,0.883122,4.403284,1.173706,0.191576,5.957008,0.411748,0.420543,-0.649652,1.0,-0.018386,0.004563,1.852325,0.004658,0.022192,0.112871,0.014289,0.101311,0.0001,,,,,0,gru
117,147696,602.0745,599.9546,1489,1,1,0,0,0.2997,2.029,goal,1964.0,-0.018238,0.447144,-0.873772,0.867938,4.413907,1.190839,0.465276,5.950973,0.428861,0.414872,-0.617157,1.0,,,,,,,,,,,,,,0,gru
118,149204,601.2864,599.3714,1508,1,1,0,0,0.2986,2.033,goal,1983.5,0.010255,0.449951,-0.881621,0.873373,4.462144,1.171471,0.435438,5.966767,0.417411,0.414198,-0.591916,1.0,,,,,,,,,,,,,,0,gru
119,150768,594.5611,599.3608,1564,1,1,0,0,0.2978,2.046,goal,2003.6,0.021201,0.439774,-0.879517,0.88129,4.502956,1.173259,0.123272,5.9736,0.421576,0.426904,-0.720591,1.0,,,,,,,,,,,,,,0,gru
120,152344,604.6221,599.1033,1576,1,1,0,0,0.3,2.018,goal,2026.8,0.017701,0.452737,-0.86105,0.865116,4.450149,1.196401,0.228706,5.973032,0.421139,0.425271,-0.647485,1.000147,-0.015783,0.004765,1.851609,0.004646,0.031735,0.331643,0.025026,0.274961,0.0001,,,,,0,gru
121,153897,596.9416,598.4316,1553,1,1,0,0,0.299,2.027,goal,2047.3,0.016804,0.448829,-0.867878,0.871377,4.476119,1.188938,0.23845,5.98409,0.422959,0.426638,-0.67136,1.0,,,,,,,,,,,,,,0,gru
122,155362,596.1752,598.3157,1465,1,1,0,0,0.298,2.036,goal,2066.2,-0.00616,0.447458,-0.871427,0.879677,4.483725,1.156607,0.422123,5.977555,0.424623,0.412476,-0.619893,1.0,,,,,,,,,,,,,,0,gru
123,156895,614.4691,600.1922,1533,1,1,0,0,0.2993,2.025,goal,2085.9,-0.028959,0.450251,-0.893555,0.878979,4.462195,1.208865,0.457754,5.986931,0.428722,0.415198,-0.687704,1.007513,,,,,,,,,,,,,,0,gru
124,158417,613.5136,601.1438,1522,1,1,0,0,0.2992,2.034,goal,2106.7,-0.019789,0.449742,-0.872875,0.855173,4.471748,1.164459,0.311858,5.983189,0.426477,0.41391,-0.682861,1.006397,-0.021238,0.005528,1.851326,0.004634,0.027131,0.172954,0.021118,0.147825,0.0001,,,,,0,gru
125,159953,601.4346,601.4191,1536,1,1,0,0,0.2986,2.042,goal,2126.4,0.009922,0.445935,-0.874551,0.879396,4.579673,1.14707,0.398547,5.974213,0.421672,0.424183,-0.593441,1.0,,,,,,,,,,,,,,0,gru
126,161427,604.1219,602.92,1474,1,1,0,0,0.2993,2.029,goal,2145.0,0.005018,0.451594,-0.862973,0.88561,4.516755,1.18418,0.275364,5.956447,0.427024,0.412162,-0.529974,1.0,,,,,,,,,,,,,,0,gru
127,162939,606.5718,603.3697,1512,1,1,0,0,0.299,2.024,goal,2163.3,-0.025163,0.446968,-0.877438,0.862669,4.395227,1.223075,0.437175,5.951471,0.4194,0.403476,-0.470648,1.0,,,,,,,,,,,,,,0,gru
128,163305,69.9823,550.2393,366,0,0,1,0,3.0705,2.058,collision,2169.2,-0.007934,0.439543,-0.813497,0.818354,4.443631,1.192684,0.330063,5.963756,0.409469,0.410596,-0.386215,1.001059,0.020251,0.005579,1.851359,0.004622,0.025511,0.153374,0.011195,0.145983,0.0001,,,,,0,gru
129,164809,610.3085,551.8141,1504,1,1,0,0,0.2989,2.023,goal,2188.0,0.00391,0.452592,-0.89114,0.867546,4.449474,1.194837,0.525653,5.9641,0.425979,0.412859,-0.628109,1.0,,,,,,,,,,,,,,0,gru
130,166369,616.6623,553.0181,1560,1,1,0,0,0.2995,2.006,goal,2207.1,-0.009184,0.461645,-0.879083,0.882667,4.440795,1.202022,0.440135,5.985178,0.424699,0.414781,-0.713287,1.002253,,,,,,,,,,,,,,0,gru
131,167971,604.9502,553.819,1602,1,1,0,0,0.2986,2.032,goal,2228.0,0.03081,0.44724,-0.88731,0.890289,4.533153,1.163786,0.227045,5.986124,0.420693,0.426768,-0.71184,1.010553,,,,,,,,,,,,,,0,gru
132,169494,609.1506,555.1165,1523,1,1,0,0,0.2991,2.026,goal,2249.5,0.013342,0.449196,-0.860043,0.877603,4.499714,1.16719,0.260219,5.949678,0.423841,0.414361,-0.65238,1.0,0.009728,0.008114,1.851234,0.00461,0.020815,0.167035,0.011172,0.135698,0.0001,,,,,0,gru
133,170904,394.2107,533.0907,1410,0,0,1,0,0.6588,2.039,collision,2267.9,0.015885,0.447681,-0.885552,0.862696,4.549568,1.156467,0.307767,5.982583,0.422735,0.427584,-0.73708,1.0,,,,,,,,,,,,,,0,gru
134,171286,77.7126,479.5106,382,0,0,1,0,3.0609,2.044,collision,2272.9,-0.058222,0.434337,-0.846335,0.821842,4.443133,1.204337,0.672606,5.932023,0.41128,0.410062,-0.285939,1.009096,,,,,,,,,,,,,,0,gru
135,172765,598.0587,479.173,1479,1,1,0,0,0.2983,2.028,goal,2292.2,-0.017081,0.451775,-0.886341,0.852714,4.545094,1.157513,0.503979,5.974728,0.426347,0.413714,-0.674836,1.0,,,,,,,,,,,,,,0,gru
136,174317,614.6895,480.2297,1552,1,1,0,0,0.2997,2.026,goal,2313.3,-0.012562,0.453481,-0.884957,0.885057,4.481395,1.185789,0.340665,5.974983,0.429055,0.416935,-0.684591,1.008808,0.005503,0.008267,1.850571,0.004598,0.031327,0.084531,0.016346,0.071554,0.0001,,,,,0,gru
137,175862,590.8404,478.6566,1545,1,1,0,0,0.2979,2.05,goal,2333.5,0.026037,0.442542,-0.876552,0.888517,4.605888,1.146708,0.324629,5.978563,0.417582,0.42453,-0.706019,1.0,,,,,,,,,,,,,,0,gru
138,177430,581.5991,529.8183,1568,1,1,0,0,0.2987,2.045,goal,2354.1,0.024661,0.443244,-0.861394,0.871629,4.639343,1.126487,0.558983,5.970776,0.413569,0.42344,-0.857557,1.0,,,,,,,,,,,,,,0,gru
139,178999,590.9322,527.8806,1569,1,1,0,0,0.2989,2.053,goal,2374.7,0.009934,0.442429,-0.884099,0.875064,4.55619,1.121933,0.565137,5.962334,0.422323,0.428655,-0.685322,1.0,,,,,,,,,,,,,,0,gru
140,180549,618.7821,528.0926,1550,1,1,0,0,0.2988,2.006,goal,2396.8,-0.028406,0.46394,-0.875548,0.8815,4.498096,1.186463,0.277855,5.976779,0.427743,0.413833,-0.717899,1.007481,0.014686,0.004871,1.850981,0.004586,0.023275,0.191784,0.014196,0.149661,0.0001,,,,,0,gru
141,182075,615.6535,529.163,1526,1,1,0,0,0.2992,2.036,goal,2416.5,-0.006053,0.451484,-0.886904,0.869896,4.547313,1.145239,0.356295,5.989084,0.427988,0.414665,-0.621891,1.009349,,,,,,,,,,,,,,0,gru
142,183612,621.4787,530.3958,1537,1,1,0,0,0.2985,2.02,goal,2436.5,-0.004934,0.455943,-0.873875,0.887533,4.50644,1.163941,0.435639,5.969751,0.427357,0.414215,-0.544242,1.009247,,,,,,,,,,,,,,0,gru
143,185103,604.3778,551.4125,1491,1,1,0,0,0.2983,2.022,goal,2455.8,-0.001134,0.45864,-0.874749,0.873624,4.554195,1.140114,0.457855,5.980699,0.426298,0.414114,-0.618434,1.0,,,,,,,,,,,,,,0,gru
144,186676,598.3087,603.4721,1573,1,1,0,0,0.2989,2.029,goal,2478.9,0.020708,0.451084,-0.863353,0.884009,4.577723,1.152531,0.366957,5.978171,0.417938,0.42406,-0.668822,1.0,0.114731,0.008148,1.851876,0.004574,0.038437,0.377129,0.035823,0.274131,0.0001,,,,,0,gru
145,188196,607.8608,604.4523,1520,1,1,0,0,0.2996,2.029,goal,2498.6,-0.022013,0.451725,-0.881709,0.871672,4.470087,1.174561,0.497999,5.967303,0.426059,0.414478,-0.676386,1.0,,,,,,,,,,,,,,0,gru
146,189661,599.3498,602.9183,1465,1,1,0,0,0.2993,2.042,goal,2517.7,-0.006727,0.441692,-0.866849,0.872913,4.450957,1.209527,0.353416,5.968019,0.425954,0.412132,-0.560053,1.0,,,,,,,,,,,,,,0,gru
147,191216,617.9607,605.6303,1555,1,1,0,0,0.2995,2.019,goal,2537.6,-0.024662,0.451547,-0.855341,0.853695,4.501077,1.172172,0.476206,5.971856,0.430129,0.416564,-0.714284,1.012706,,,,,,,,,,,,,,0,gru
148,192753,585.272,605.9976,1537,1,1,0,0,0.2985,2.039,goal,2559.8,0.014729,0.444259,-0.87728,0.874954,4.563803,1.164088,0.523746,5.983962,0.421783,0.429397,-0.692231,1.0,-0.01702,0.005179,1.852383,0.004562,0.03927,0.098852,0.035114,0.099315,0.0001,,,,,0,gru
149,194213,596.408,606.5452,1460,1,1,0,0,0.2997,2.044,goal,2578.7,-0.032352,0.439825,-0.877181,0.866194,4.480193,1.17377,0.215343,5.958908,0.429324,0.414248,-0.566645,1.0,,,,,,,,,,,,,,0,gru
150,195772,595.3824,604.2052,1559,1,1,0,0,0.2993,2.06,goal,2598.6,0.027333,0.434759,-0.876632,0.844081,4.600252,1.130849,0.503306,5.980831,0.424291,0.428485,-0.706649,1.004713,,,,,,,,,,,,,,0,gru
151,197309,589.7975,601.6196,1537,1,1,0,0,0.2974,2.019,goal,2618.6,0.020462,0.455353,-0.884934,0.875307,4.480652,1.188588,0.401494,5.978904,0.420577,0.426164,-0.669708,1.0,,,,,,,,,,,,,,0,gru
152,198791,596.3084,599.1026,1482,1,1,0,0,0.3,2.032,goal,2639.6,-0.016621,0.450447,-0.860989,0.855468,4.500181,1.164469,0.589413,5.980718,0.424913,0.41302,-0.728451,1.0,-0.018045,0.004762,1.852423,0.00455,0.021208,0.093398,0.013371,0.079146,0.0001,,,,,0,gru
153,200332,600.7133,598.7362,1541,1,1,0,0,0.2976,2.059,goal,2659.5,0.020691,0.433825,-0.863718,0.862013,4.552986,1.1622,0.514811,5.982756,0.416247,0.421193,-0.64717,1.004493,,,,,,,,,,,,,,0,gru
154,201910,602.2594,599.1312,1578,1,1,0,0,0.2994,2.039,goal,2679.8,0.025154,0.444373,-0.882166,0.877991,4.583626,1.165621,0.478511,5.993566,0.421272,0.425214,-0.63514,1.005563,,,,,,,,,,,,,,0,gru
155,203410,606.9975,599.0449,1500,1,1,0,0,0.2995,2.04,goal,2699.2,-0.005171,0.447055,-0.88074,0.878767,4.520393,1.158482,0.488592,5.984739,0.424278,0.412379,-0.67394,1.0,,,,,,,,,,,,,,0,gru
156,204978,590.6324,598.1732,1568,1,1,0,0,0.2984,2.043,goal,2722.2,0.028436,0.438723,-0.873589,0.888527,4.586039,1.172984,0.437906,5.966372,0.420609,0.427835,-0.700374,1.0,0.062691,0.003268,1.852191,0.004538,0.019969,0.194067,0.010743,0.160614,0.0001,,,,,0,gru
157,206240,367.5756,573.1346,1262,0,0,1,0,0.8999,2.039,collision,2737.9,0.002077,0.442596,-0.830065,0.865521,4.418911,1.191379,0.4334,5.965755,0.407664,0.396457,-0.460949,1.0,,,,,,,,,,,,,,0,gru
158,207714,582.7194,572.8794,1474,1,1,0,0,0.2996,2.068,goal,2757.8,0.018252,0.426346,-0.86774,0.852988,4.500179,1.148869,0.097868,5.976891,0.409692,0.418781,-0.62842,1.0,,,,,,,,,,,,,,0,gru
159,209174,597.3909,572.9777,1460,1,1,0,0,0.2985,2.042,goal,2777.4,-0.003452,0.443128,-0.861933,0.855457,4.519701,1.176208,0.325999,5.963641,0.426493,0.412977,-0.65584,1.0,,,,,,,,,,,,,,0,gru
160,210704,597.8226,573.2217,1530,1,1,0,0,0.2979,2.059,goal,2799.2,0.015762,0.433756,-0.896576,0.862826,4.546961,1.167581,0.484052,5.981584,0.420758,0.425397,-0.601412,1.0,0.002693,0.004738,1.851268,0.004526,0.021427,0.158277,0.003899,0.142181,0.0001,,,,,0,gru
161,212122,395.5474,553.7967,1418,0,0,1,0,0.6576,2.019,collision,2818.5,-0.001199,0.44942,-0.866585,0.870997,4.492568,1.219453,0.312069,5.976476,0.413855,0.421582,-0.759916,1.0,,,,,,,,,,,,,,0,gru
162,213633,614.0749,555.5733,1511,1,1,0,0,0.2987,2.027,goal,2838.3,-0.000229,0.448526,-0.860618,0.861799,4.488563,1.204835,0.401411,5.97125,0.42811,0.414135,-0.555784,1.0,,,,,,,,,,,,,,0,gru
163,215178,595.0717,555.0092,1545,1,1,0,0,0.2977,2.058,goal,2858.7,0.023282,0.435122,-0.860709,0.866416,4.551157,1.135339,0.564659,5.968261,0.424626,0.428587,-0.659231,1.0,,,,,,,,,,,,,,0,gru
164,216664,606.9162,555.4748,1486,1,1,0,0,0.299,2.04,goal,2880.0,-0.014742,0.436648,-0.871683,0.864555,4.502819,1.182294,0.431343,5.979165,0.429089,0.415071,-0.57833,1.0,0.028532,0.00543,1.850675,0.004514,0.023102,0.073558,0.011874,0.072099,0.0001,,,,,0,gru
165,218190,583.7932,553.1544,1526,1,1,0,0,0.2979,2.045,goal,2899.9,0.025497,0.439022,-0.857197,0.888699,4.48807,1.192602,0.207192,5.969584,0.426059,0.431146,-0.652766,1.0,,,,,,,,,,,,,,0,gru
166,219662,599.7122,554.0624,1472,1,1,0,0,0.2977,2.028,goal,2919.0,-0.016502,0.448273,-0.867171,0.883389,4.491978,1.163768,0.234126,5.977164,0.428064,0.413427,-0.613377,1.0,,,,,,,,,,,,,,0,gru
167,221154,607.9514,578.1,1492,1,1,0,0,0.2983,2.057,goal,2938.4,-0.006854,0.43916,-0.869868,0.865314,4.504879,1.128805,0.093767,5.981345,0.428423,0.41433,-0.553891,1.002457,,,,,,,,,,,,,,0,gru
168,222678,591.9895,579.027,1524,1,1,0,0,0.2986,2.05,goal,2960.1,0.022316,0.436547,-0.882799,0.86049,4.500759,1.185014,0.337727,5.970914,0.420286,0.42432,-0.600148,1.0,-0.021994,0.004253,1.85049,0.004502,0.015937,0.08267,0.003032,0.068025,0.0001,,,,,0,gru
169,224192,611.9595,580.4839,1514,1,1,0,0,0.2982,2.04,goal,2979.7,-0.009691,0.44725,-0.889523,0.874,4.419735,1.162622,0.248615,5.964587,0.426304,0.41419,-0.578277,1.003618,,,,,,,,,,,,,,0,gru
170,225691,611.1592,581.8175,1499,1,1,0,0,0.2984,2.009,goal,2999.4,-0.022272,0.456612,-0.872349,0.863227,4.360703,1.245066,0.169302,5.974298,0.428503,0.413204,-0.65119,1.0,,,,,,,,,,,,,,0,gru
171,227244,603.4922,602.612,1553,1,1,0,0,0.2996,2.038,goal,3019.4,0.012571,0.445119,-0.870776,0.890514,4.480327,1.171747,0.378681,5.960318,0.418227,0.422303,-0.621495,1.001052,,,,,,,,,,,,,,0,gru
172,228730,603.2056,601.5251,1486,1,1,0,0,0.2985,2.045,goal,3040.5,0.005543,0.439451,-0.866006,0.851008,4.49162,1.157825,0.45579,5.981366,0.425452,0.412134,-0.66257,1.0,-0.022335,0.003877,1.850505,0.00449,0.015846,0.080475,0.006587,0.065158,0.0001,,,,,0,gru
173,230220,592.255,601.2434,1490,1,1,0,0,0.2983,2.031,goal,3059.7,0.011761,0.449156,-0.872533,0.873936,4.424461,1.194965,0.248259,5.973399,0.40979,0.41895,-0.575161,1.0,,,,,,,,,,,,,,0,gru
174,231721,592.0575,599.7575,1501,1,1,0,0,0.299,2.033,goal,3079.1,0.017958,0.447415,-0.873943,0.889426,4.403808,1.174033,0.364355,5.97874,0.416393,0.421401,-0.606068,1.0,,,,,,,,,,,,,,0,gru
175,233247,618.9178,603.27,1526,1,1,0,0,0.2998,2.021,goal,3098.9,-0.018197,0.450671,-0.881461,0.877992,4.365867,1.229624,0.222758,5.976313,0.432187,0.415019,-0.64093,1.011402,,,,,,,,,,,,,,0,gru
176,234783,600.8307,603.3819,1536,1,1,0,0,0.2998,2.03,goal,3120.9,0.033148,0.444067,-0.875805,0.877256,4.411856,1.19222,0.262115,5.990291,0.424093,0.425964,-0.690941,1.0,-0.017025,0.004098,1.85097,0.004478,0.017401,0.077178,0.00515,0.041472,0.0001,,,,,0,gru
177,236335,607.755,603.3622,1552,1,1,0,0,0.2983,2.03,goal,3141.2,0.018661,0.446649,-0.871641,0.862348,4.41134,1.202123,0.36759,5.964325,0.423768,0.425214,-0.581565,1.004603,,,,,,,,,,,,,,0,gru
178,237856,595.8329,603.7465,1521,1,1,0,0,0.2971,2.024,goal,3160.8,0.01317,0.451796,-0.890299,0.865132,4.391255,1.198831,0.287787,5.974484,0.419314,0.422388,-0.59668,1.0,,,,,,,,,,,,,,0,gru
179,239341,609.3428,603.4849,1485,1,1,0,0,0.2983,2.031,goal,3180.1,-0.002445,0.441756,-0.872969,0.874861,4.294492,1.230936,0.292872,5.959029,0.427634,0.412202,-0.558394,1.0,,,,,,,,,,,,,,0,gru
180,240831,607.0122,603.0702,1490,1,1,0,0,0.2989,2.034,goal,3200.3,-0.001541,0.441758,-0.883247,0.873893,4.360536,1.220031,0.148788,5.961254,0.424786,0.412579,-0.590983,1.0,-0.021163,0.004216,1.851824,0.004466,0.015959,0.066059,0.003528,0.043767,0.0001,,,,,0,gru
181,242132,360.6672,578.7877,1301,0,0,1,0,0.9459,2.009,collision,3217.1,-0.01387,0.451278,-0.885392,0.870691,4.274713,1.265483,0.340172,5.960394,0.40428,0.396884,-0.705303,1.0,,,,,,,,,,,,,,0,gru
182,243692,588.8218,577.3493,1560,1,1,0,0,0.2992,2.03,goal,3236.9,0.028363,0.44468,-0.875084,0.880893,4.381919,1.206382,0.40079,5.968678,0.4257,0.431135,-0.700467,1.0,,,,,,,,,,,,,,0,gru
183,245171,608.9146,579.0153,1479,1,1,0,0,0.2999,2.056,goal,3255.5,0.000948,0.435706,-0.860643,0.87139,4.3712,1.177522,0.477307,5.963774,0.425951,0.411545,-0.551716,1.001401,,,,,,,,,,,,,,0,gru
184,246653,600.8241,579.8919,1482,1,1,0,0,0.2991,2.032,goal,3276.8,-0.02688,0.441629,-0.884539,0.864586,4.338956,1.242472,0.36272,5.974727,0.427659,0.413535,-0.604198,1.0,-0.013833,0.004651,1.852265,0.004454,0.018146,0.105009,0.004302,0.078663,0.0001,,,,,0,gru
185,248153,609.921,578.9922,1500,1,1,0,0,0.2994,2.037,goal,3295.2,0.005376,0.440752,-0.892045,0.878216,4.372343,1.241315,0.393938,5.976642,0.427978,0.413882,-0.512945,1.0,,,,,,,,,,,,,,0,gru
186,249612,602.0416,579.1133,1459,1,1,0,0,0.2988,2.035,goal,3313.0,-0.038771,0.440162,-0.878215,0.864237,4.345272,1.245511,0.301589,5.985859,0.428806,0.411755,-0.691529,1.0,,,,,,,,,,,,,,0,gru
187,251111,609.927,579.3305,1499,1,1,0,0,0.2996,2.017,goal,3331.3,-0.020194,0.446578,-0.88117,0.881415,4.373307,1.24446,0.171124,5.978821,0.42745,0.413554,-0.703385,1.0,,,,,,,,,,,,,,0,gru
188,252572,599.0278,579.65,1461,1,1,0,0,0.2994,2.05,goal,3351.7,0.013724,0.434047,-0.87632,0.88625,4.369846,1.202623,0.48297,5.968217,0.426922,0.412636,-0.514557,1.0,-0.026112,0.004405,1.852187,0.004442,0.016061,0.121267,0.004653,0.104046,0.0001,,,,,0,gru
189,254048,598.4388,578.5596,1476,1,1,0,0,0.2995,2.021,goal,3369.7,-0.031418,0.445251,-0.873626,0.870595,4.354052,1.25556,0.191194,5.994041,0.429854,0.414331,-0.712789,1.0,,,,,,,,,,,,,,0,gru
190,255539,603.4232,578.2007,1491,1,1,0,0,0.2984,2.042,goal,3388.0,0.023675,0.440505,-0.884827,0.866128,4.390497,1.209529,0.348599,5.9868,0.417232,0.41981,-0.524468,1.0,,,,,,,,,,,,,,0,gru
191,257029,606.9424,602.8282,1490,1,1,0,0,0.2982,2.024,goal,3406.4,0.002112,0.449304,-0.864303,0.884555,4.362576,1.236097,0.326951,5.973027,0.425881,0.41283,-0.561347,1.0,,,,,,,,,,,,,,0,gru
192,258527,617.5477,605.7008,1498,1,1,0,0,0.2999,2.014,goal,3428.2,0.004482,0.449281,-0.873626,0.869278,4.386346,1.243526,0.418745,5.96108,0.425819,0.41089,-0.453794,1.0,-0.014262,0.005329,1.851961,0.00443,0.016866,0.123525,0.006145,0.114457,0.0001,,,,,0,gru
193,260016,606.232,605.4326,1489,1,1,0,0,0.2984,2.049,goal,3446.3,-0.018352,0.431435,-0.861947,0.856902,4.399798,1.215509,0.302578,5.976519,0.428361,0.414844,-0.5667,1.0,,,,,,,,,,,,,,0,gru
194,261526,592.4021,604.5904,1510,1,1,0,0,0.2993,2.035,goal,3465.2,0.030785,0.437988,-0.858152,0.875461,4.372448,1.229028,0.446099,5.982183,0.417626,0.422111,-0.612823,1.0,,,,,,,,,,,,,,0,gru
195,262804,366.0552,580.2038,1278,0,0,1,0,0.9259,2.026,collision,3480.9,0.009482,0.450593,-0.856264,0.884568,4.303316,1.208891,0.475646,5.974081,0.405173,0.396273,-0.463993,1.0,,,,,,,,,,,,,,0,gru
196,264320,613.8999,581.3896,1516,1,1,0,0,0.298,2.024,goal,3502.1,-0.012241,0.448929,-0.872723,0.875608,4.327092,1.257647,0.402198,5.965963,0.427635,0.413354,-0.612361,1.002105,-0.01167,0.004696,1.851638,0.004418,0.017911,0.074825,0.005143,0.057424,0.0001,,,,,0,gru
197,265791,603.3702,580.7339,1471,1,1,0,0,0.2984,2.029,goal,3520.8,-0.014739,0.442563,-0.874206,0.875917,4.341317,1.236485,0.341429,5.99048,0.427894,0.412229,-0.546573,1.0,,,,,,,,,,,,,,0,gru
198,267303,617.8032,582.6115,1512,1,1,0,0,0.2992,2.021,goal,3539.7,-0.026727,0.444585,-0.865487,0.86988,4.323756,1.241734,0.240562,5.964218,0.430143,0.413469,-0.584758,1.00332,,,,,,,,,,,,,,0,gru
199,268803,609.0303,583.6706,1500,1,1,0,0,0.2983,2.034,goal,3558.8,-0.027149,0.435823,-0.867733,0.893016,4.329665,1.23508,0.245662,5.970564,0.432384,0.415288,-0.583213,1.0,,,,,,,,,,,,,,0,gru
200,270285,605.2226,583.8505,1482,1,1,0,0,0.298,2.026,goal,3580.4,-0.023486,0.44477,-0.868338,0.878086,4.290746,1.240044,0.165235,5.968491,0.429146,0.413743,-0.622112,1.0,-0.021862,0.00383,1.851454,0.004406,0.016909,0.097215,0.006149,0.072904,0.0001,,,,,0,gru
201,271809,604.6696,583.6233,1524,1,1,0,0,0.2982,2.044,goal,3600.4,0.019593,0.439359,-0.873758,0.870474,4.433523,1.18867,0.356897,5.98099,0.41327,0.419229,-0.653516,1.00302,,,,,,,,,,,,,,0,gru
202,273277,598.8221,581.7507,1468,1,1,0,0,0.2996,2.046,goal,3619.6,-0.013973,0.436917,-0.8887,0.850875,4.401896,1.201584,0.207983,5.961253,0.430336,0.41467,-0.638065,1.0,,,,,,,,,,,,,,0,gru
203,274779,589.1084,580.0384,1502,1,1,0,0,0.2976,2.044,goal,3639.3,0.038572,0.434767,-0.856716,0.886715,4.444654,1.202532,0.165768,5.971139,0.424346,0.427797,-0.634633,1.0,,,,,,,,,,,,,,0,gru
204,276250,601.7375,580.9719,1471,1,1,0,0,0.2993,2.036,goal,3660.4,-0.03244,0.439222,-0.869278,0.866548,4.351948,1.230084,0.472801,5.962257,0.429035,0.413082,-0.563281,1.0,-0.010309,0.003955,1.851041,0.004394,0.020024,0.084027,0.009017,0.06308,0.0001,,,,,0,gru
205,277675,593.4204,603.7084,1425,1,1,0,0,0.2987,2.057,goal,3679.2,-0.025304,0.432239,-0.889808,0.859515,4.416883,1.207936,0.481331,5.972902,0.427748,0.411502,-0.482749,1.0,,,,,,,,,,,,,,0,gru
206,279162,609.6816,603.2866,1487,1,1,0,0,0.2999,2.033,goal,3698.5,-0.019334,0.443138,-0.875231,0.865069,4.409552,1.180209,0.257994,5.967741,0.430511,0.414041,-0.535843,1.0,,,,,,,,,,,,,,0,gru
207,280624,599.804,602.93,1462,1,1,0,0,0.2994,2.046,goal,3717.5,0.014569,0.440574,-0.8782,0.866447,4.469082,1.16738,0.429504,5.978019,0.425661,0.412432,-0.56496,1.0,,,,,,,,,,,,,,0,gru
208,282092,598.7882,601.0285,1468,1,1,0,0,0.2992,2.048,goal,3739.9,0.007556,0.441643,-0.875756,0.86512,4.473743,1.164261,0.451508,5.963248,0.428258,0.414932,-0.561838,1.0,-0.021698,0.004463,1.850856,0.004382,0.01684,0.072638,0.007681,0.054754,0.0001,,,,,0,gru
209,283574,601.6514,600.2906,1482,1,1,0,0,0.2991,2.032,goal,3759.1,-0.013323,0.450577,-0.872658,0.889132,4.500471,1.15633,0.604839,5.979539,0.419678,0.4021,-0.459855,1.0,,,,,,,,,,,,,,0,gru
210,285110,601.3235,599.9007,1536,1,1,0,0,0.2993,2.048,goal,3779.1,0.025961,0.438466,-0.882272,0.876792,4.461617,1.203863,0.195378,5.979251,0.421287,0.423677,-0.666506,1.000853,,,,,,,,,,,,,,0,gru
211,286633,612.8803,600.7217,1523,1,1,0,0,0.2979,2.011,goal,3798.7,-0.047937,0.458292,-0.880045,0.859951,4.44351,1.212251,0.298378,5.971185,0.424078,0.404348,-0.65221,1.0,,,,,,,,,,,,,,0,gru
212,288077,597.4413,600.5837,1444,1,1,0,0,0.2989,2.049,goal,3819.1,-0.004525,0.435663,-0.863729,0.852727,4.489789,1.192852,0.268937,5.970321,0.428311,0.413314,-0.535321,1.0,-0.017047,0.004719,1.850746,0.00437,0.019954,0.102947,0.003975,0.084309,0.0001,,,,,0,gru
213,289603,611.3643,602.8093,1526,1,1,0,0,0.2977,2.025,goal,3838.6,0.026786,0.44939,-0.880965,0.87168,4.483917,1.20673,0.336617,5.983578,0.423593,0.413947,-0.595873,1.000208,,,,,,,,,,,,,,0,gru
214,291078,607.6773,603.4032,1475,1,1,0,0,0.2996,2.047,goal,3857.7,0.001305,0.448604,-0.850737,0.875821,4.556584,1.118681,0.707425,5.97783,0.427399,0.411928,-0.545495,1.0,,,,,,,,,,,,,,0,gru
215,292576,614.4694,605.5081,1498,1,1,0,0,0.2997,2.039,goal,3877.2,-0.01783,0.44657,-0.886186,0.874498,4.535847,1.126788,0.470255,5.973376,0.430462,0.413151,-0.627517,1.007211,,,,,,,,,,,,,,0,gru
216,294029,603.6498,604.905,1453,1,1,0,0,0.2978,2.057,goal,3897.3,-0.006994,0.434559,-0.866341,0.867094,4.48317,1.179911,0.507369,5.979458,0.426727,0.410934,-0.47415,1.0,-0.022362,0.004396,1.850921,0.004358,0.014371,0.086572,0.005534,0.069749,0.0001,,,,,0,gru
217,295530,609.8284,605.9074,1501,1,1,0,0,0.2989,2.051,goal,3916.3,-0.00412,0.440284,-0.888185,0.869779,4.528541,1.161088,0.442069,5.979581,0.429353,0.413528,-0.588941,1.007745,,,,,,,,,,,,,,0,gru
218,296970,595.8907,605.6177,1440,1,1,0,0,0.2989,2.044,goal,3934.8,-0.001421,0.440221,-0.849149,0.870637,4.540656,1.180266,0.424572,5.993846,0.428686,0.41226,-0.519908,1.0,,,,,,,,,,,,,,0,gru
219,298273,355.3373,580.9862,1303,0,0,1,0,1.007,2.037,collision,3951.5,0.004144,0.446678,-0.869534,0.860334,4.434615,1.179621,0.139047,5.965279,0.407109,0.397829,-0.476617,1.00959,,,,,,,,,,,,,,0,gru
220,299752,605.726,581.4265,1479,1,1,0,0,0.2982,2.035,goal,3971.2,-0.006517,0.443313,-0.87785,0.878006,4.464209,1.185096,0.46481,5.975822,0.426898,0.412663,-0.531509,1.0,-0.011481,0.004101,1.850806,0.004346,0.017611,0.125933,0.008529,0.097448,0.0001,,,,,0,gru
221,301245,594.7972,579.6182,1493,1,1,0,0,0.2997,2.056,goal,3990.2,0.016212,0.438482,-0.881644,0.87914,4.652174,1.108884,0.581698,5.969214,0.415346,0.419909,-0.542518,1.0,,,,,,,,,,,,,,0,gru
222,302744,598.1331,579.6874,1499,1,1,0,0,0.298,2.038,goal,4008.9,0.015483,0.450868,-0.872397,0.883981,4.561175,1.13817,0.517776,5.977544,0.424495,0.413642,-0.674044,1.0,,,,,,,,,,,,,,0,gru
223,304280,616.091,580.16,1536,1,1,0,0,0.2985,2.035,goal,4028.6,-0.015175,0.449814,-0.872416,0.884406,4.523527,1.163117,0.43013,5.977691,0.419954,0.404169,-0.491377,1.009552,,,,,,,,,,,,,,0,gru
224,305775,603.2382,579.7161,1495,1,1,0,0,0.2982,2.053,goal,4049.3,-0.00852,0.441624,-0.879859,0.865908,4.558259,1.160765,0.3025,5.972214,0.423696,0.404918,-0.510859,1.0,-0.006517,0.004273,1.850659,0.004334,0.023225,0.111971,0.006347,0.087306,0.0001,,,,,0,gru
225,307022,340.0467,552.2738,1247,0,0,1,0,0.9724,2.036,collision,4064.9,-0.009749,0.445937,-0.888974,0.869941,4.54214,1.190812,0.245388,5.984109,0.407542,0.398143,-0.713224,1.0,,,,,,,,,,,,,,0,gru
226,308498,588.981,550.8069,1476,1,1,0,0,0.2988,2.052,goal,4083.7,0.015708,0.442708,-0.86265,0.871673,4.618693,1.112356,0.497755,5.968781,0.415224,0.419881,-0.59197,1.0,,,,,,,,,,,,,,0,gru
227,310002,595.4509,549.3692,1504,1,1,0,0,0.2993,2.055,goal,4102.9,0.016344,0.438436,-0.880915,0.869186,4.583945,1.143437,0.691908,5.983396,0.422953,0.424317,-0.610555,1.0,,,,,,,,,,,,,,0,gru
228,311284,366.7454,526.4547,1282,0,0,1,0,0.8928,2.042,collision,4121.0,0.021727,0.447069,-0.870177,0.887487,4.523571,1.16656,0.445386,5.96307,0.414058,0.400498,-0.525696,1.0,-0.010831,0.004696,1.850943,0.004322,0.022325,0.098676,0.009304,0.073628,0.0001,,,,,0,gru
229,312553,349.2861,525.8495,1269,0,0,1,0,0.9719,2.043,collision,4137.0,0.03108,0.440908,-0.866723,0.860992,4.497099,1.160473,0.240632,5.979401,0.406504,0.396446,-0.470879,1.0,,,,,,,,,,,,,,0,gru
230,314089,604.3396,525.7109,1536,1,1,0,0,0.2998,2.062,goal,4156.4,0.024204,0.430742,-0.883672,0.87763,4.561748,1.129269,0.530424,5.97,0.42442,0.424732,-0.606507,1.012089,,,,,,,,,,,,,,0,gru
231,315623,617.7137,528.0026,1534,1,1,0,0,0.2972,2.015,goal,4175.8,-0.035784,0.454976,-0.887171,0.873911,4.486895,1.208517,0.287312,5.987202,0.431151,0.406703,-0.480682,1.00176,,,,,,,,,,,,,,0,gru
232,317116,608.8524,529.0745,1493,1,1,0,0,0.2988,2.042,goal,4196.5,0.007542,0.444315,-0.863179,0.878335,4.547983,1.141749,0.407087,5.99529,0.428243,0.41257,-0.524513,1.0,-0.015452,0.004405,1.85172,0.00431,0.017823,0.092093,0.003833,0.073076,0.0001,,,,,0,gru
233,318623,612.0738,528.6728,1507,1,1,0,0,0.2983,2.027,goal,4215.2,-0.005007,0.452091,-0.880095,0.867759,4.529584,1.179083,0.228228,5.963676,0.433763,0.41552,-0.559651,1.0,,,,,,,,,,,,,,0,gru
234,320088,601.0411,528.453,1465,1,1,0,0,0.2997,2.048,goal,4233.7,0.000856,0.444047,-0.873096,0.873364,4.61841,1.138953,0.665712,5.969614,0.431641,0.415332,-0.524081,1.0,,,,,,,,,,,,,,0,gru
235,321578,602.7814,554.7265,1490,1,1,0,0,0.2994,2.051,goal,4252.5,-0.013827,0.441921,-0.882807,0.877922,4.540145,1.141744,0.225013,5.980058,0.43114,0.41532,-0.536872,1.0,,,,,,,,,,,,,,0,gru
236,323065,607.1434,556.5428,1487,1,1,0,0,0.2993,2.047,goal,4273.0,-0.025313,0.44256,-0.86252,0.882831,4.597563,1.129003,0.268497,5.983382,0.431655,0.414351,-0.522357,1.0,-0.019489,0.004937,1.85204,0.004298,0.01754,0.11583,0.007487,0.088506,0.0001,,,,,0,gru
237,324542,605.0568,557.5034,1477,1,1,0,0,0.2986,2.048,goal,4291.4,0.015011,0.440974,-0.87205,0.885987,4.53383,1.157953,0.369307,5.976043,0.430093,0.414318,-0.540504,1.0,,,,,,,,,,,,,,0,gru
238,326013,592.5877,580.0876,1471,1,1,0,0,0.2983,2.049,goal,4310.4,0.011785,0.441081,-0.875189,0.868719,4.561739,1.13003,0.742278,5.981863,0.415013,0.418628,-0.578158,1.0,,,,,,,,,,,,,,0,gru
239,327481,603.3294,605.4919,1468,1,1,0,0,0.2976,2.055,goal,4329.4,-0.025659,0.430693,-0.867261,0.864185,4.576064,1.158819,0.505836,5.968536,0.432011,0.41421,-0.55582,1.0,,,,,,,,,,,,,,0,gru
240,328965,605.7548,605.6334,1484,1,1,0,0,0.2981,2.048,goal,4352.2,0.007905,0.448312,-0.889706,0.877706,4.590209,1.116562,0.369677,5.961101,0.429364,0.41477,-0.541813,1.0,-0.013217,0.004173,1.851746,0.004286,0.019168,0.081272,0.004292,0.062014,0.0001,,,,,0,gru
241,330448,603.2781,604.1899,1483,1,1,0,0,0.2979,2.026,goal,4371.4,0.000822,0.45747,-0.874896,0.890108,4.553946,1.128811,0.370848,5.968491,0.431378,0.4151,-0.573103,1.0,,,,,,,,,,,,,,0,gru
242,331906,600.1351,603.3181,1458,1,1,0,0,0.2971,2.041,goal,4390.1,0.007805,0.438652,-0.886298,0.867354,4.493334,1.19655,0.248201,5.956478,0.42799,0.412902,-0.549701,1.0,,,,,,,,,,,,,,0,gru
243,333355,593.6535,601.4761,1449,1,1,0,0,0.2991,2.051,goal,4408.8,-0.010209,0.441835,-0.886496,0.874094,4.575613,1.12446,0.436722,5.973487,0.428691,0.4131,-0.58105,1.0,,,,,,,,,,,,,,0,gru
244,334841,597.7667,601.1487,1486,1,1,0,0,0.2982,2.033,goal,4429.7,-0.007397,0.446825,-0.852403,0.878469,4.475858,1.185573,0.4917,5.989126,0.417186,0.401059,-0.494929,1.0,-0.019209,0.005007,1.851721,0.004274,0.022517,0.068407,0.006789,0.049851,0.0001,,,,,0,gru
245,336312,598.1199,600.6825,1471,1,1,0,0,0.2995,2.062,goal,4448.5,-0.001998,0.437958,-0.866952,0.865708,4.648554,1.104203,0.258845,5.98214,0.42713,0.414488,-0.549783,1.0,,,,,,,,,,,,,,0,gru
246,337817,590.397,599.0079,1505,1,1,0,0,0.2983,2.042,goal,4467.2,0.030336,0.448682,-0.876985,0.868723,4.62772,1.085388,0.680175,5.973773,0.419224,0.42339,-0.696828,1.0,,,,,,,,,,,,,,0,gru
247,339356,610.1307,599.5153,1539,1,1,0,0,0.2985,2.043,goal,4486.5,0.034466,0.444134,-0.8592,0.882136,4.583333,1.160164,0.367577,5.968358,0.429485,0.417621,-0.655002,1.009451,,,,,,,,,,,,,,0,gru
248,340892,607.7382,601.0303,1536,1,1,0,0,0.2973,2.054,goal,4508.3,0.040424,0.448132,-0.881405,0.864435,4.648299,1.067897,0.662387,5.967659,0.424573,0.425382,-0.616637,1.011569,-0.011312,0.004748,1.851474,0.004262,0.020204,0.151871,0.008117,0.144843,0.0001,,,,,0,gru
249,342389,605.1158,601.209,1497,1,1,0,0,0.2987,2.044,goal,4527.3,0.026082,0.44447,-0.867826,0.871503,4.574231,1.128123,0.136616,5.983465,0.429937,0.415207,-0.564952,1.0,,,,,,,,,,,,,,0,gru
250,343914,595.2174,600.1552,1525,1,1,0,0,0.2975,2.052,goal,4546.5,0.032427,0.438987,-0.85148,0.871323,4.611033,1.143127,0.300843,5.974093,0.422101,0.425758,-0.627609,1.0,,,,,,,,,,,,,,0,gru
251,345391,591.1676,598.9442,1477,1,1,0,0,0.2979,2.049,goal,4565.3,0.015598,0.446126,-0.868334,0.862741,4.609458,1.121041,0.523725,5.978819,0.417353,0.421128,-0.599667,1.0,,,,,,,,,,,,,,0,gru
252,346871,603.6235,599.293,1480,1,1,0,0,0.2981,2.056,goal,4585.1,-0.007322,0.438068,-0.863671,0.889407,4.611227,1.147927,0.525691,5.983647,0.431211,0.415144,-0.55242,1.0,-0.014254,0.004924,1.850897,0.00425,0.02258,0.144411,0.016457,0.121016,0.0001,,,,,0,gru
253,348363,595.07,599.4347,1492,1,1,0,0,0.2985,2.064,goal,4603.4,0.027606,0.432452,-0.861528,0.868496,4.650463,1.095245,0.444324,5.987366,0.419066,0.421578,-0.673847,1.0,,,,,,,,,,,,,,0,gru
254,349855,608.0442,600.4624,1492,1,1,0,0,0.2982,2.043,goal,4622.4,-0.022849,0.449287,-0.876263,0.871115,4.605277,1.104087,0.805145,5.980206,0.43195,0.41418,-0.579557,1.000175,,,,,,,,,,,,,,0,gru
255,351357,607.3937,601.3898,1502,1,1,0,0,0.2994,2.07,goal,4641.8,0.002933,0.431256,-0.871986,0.887943,4.620332,1.128491,0.401596,5.977218,0.431574,0.415377,-0.676553,1.009718,,,,,,,,,,,,,,0,gru
256,352828,590.3576,601.3859,1471,1,1,0,0,0.2991,2.06,goal,4661.9,0.012999,0.434149,-0.858698,0.868767,4.655186,1.123359,0.576484,5.984089,0.414498,0.418805,-0.611478,1.0,-0.012211,0.004198,1.850081,0.004238,0.018422,0.099281,0.003505,0.077997,0.0001,,,,,0,gru
257,354286,598.8693,600.2597,1458,1,1,0,0,0.2987,2.054,goal,4680.5,0.004177,0.439955,-0.859409,0.872786,4.628752,1.100655,0.393704,5.976787,0.428766,0.413249,-0.585094,1.0,,,,,,,,,,,,,,0,gru
258,355740,602.7594,599.7618,1454,1,1,0,0,0.2974,2.05,goal,4699.0,-0.004051,0.439754,-0.888128,0.863205,4.614197,1.146195,0.307774,5.965682,0.433028,0.41465,-0.530316,1.0,,,,,,,,,,,,,,0,gru
259,357240,612.1379,600.464,1500,1,1,0,0,0.2998,2.045,goal,4717.8,-0.021793,0.448712,-0.857414,0.877428,4.654352,1.078293,0.608219,5.982398,0.430389,0.414133,-0.553308,1.00413,,,,,,,,,,,,,,0,gru
260,358728,605.364,601.4787,1488,1,1,0,0,0.3,2.044,goal,4738.0,-0.016719,0.444506,-0.85294,0.866392,4.650872,1.1262,0.685488,5.986518,0.431394,0.414933,-0.552312,1.0,-0.018322,0.00374,1.849034,0.004226,0.017059,0.117282,0.005718,0.106466,0.0001,,,,,0,gru
261,360190,592.0959,601.5715,1462,1,1,0,0,0.2996,2.052,goal,4757.1,-0.003425,0.440044,-0.892754,0.866358,4.564167,1.139827,0.202967,5.976809,0.421438,0.402695,-0.487843,1.0,,,,,,,,,,,,,,0,gru
262,361633,598.9151,601.1007,1443,1,1,0,0,0.2998,2.044,goal,4775.5,-0.013218,0.445317,-0.885707,0.858073,4.603422,1.136665,0.352875,5.984763,0.431604,0.413043,-0.531219,1.0,,,,,,,,,,,,,,0,gru
263,363104,595.1353,601.1072,1471,1,1,0,0,0.2986,2.051,goal,4794.3,-0.021172,0.440876,-0.888561,0.872675,4.61983,1.11357,0.346272,5.979382,0.419642,0.401886,-0.419211,1.0,,,,,,,,,,,,,,0,gru
264,364609,608.7795,601.1808,1505,1,1,0,0,0.2992,2.04,goal,4815.2,-0.028951,0.450466,-0.891807,0.865646,4.644766,1.125947,0.461667,5.9811,0.426102,0.405417,-0.442509,1.0,-0.003786,0.005591,1.848239,0.004214,0.030743,0.125647,0.015543,0.110826,0.0001,,,,,0,gru
265,366044,594.9265,599.9341,1435,1,1,0,0,0.2992,2.064,goal,4833.6,-0.003169,0.43764,-0.871534,0.871582,4.697779,1.076138,0.371956,5.98445,0.428609,0.412019,-0.539014,1.0,,,,,,,,,,,,,,0,gru
266,367554,594.1538,600.3137,1510,1,1,0,0,0.299,2.058,goal,4853.0,0.032569,0.442927,-0.864776,0.887034,4.777663,1.023152,0.662115,5.983137,0.425959,0.427208,-0.599277,1.0,,,,,,,,,,,,,,0,gru
267,369077,602.2581,600.6526,1523,1,1,0,0,0.2982,2.057,goal,4872.7,0.03585,0.442569,-0.873232,0.877156,4.729593,1.064999,0.255179,5.987188,0.422785,0.423766,-0.639716,1.004758,,,,,,,,,,,,,,0,gru
268,370563,605.417,600.9183,1486,1,1,0,0,0.2978,2.049,goal,4894.8,-0.009099,0.441259,-0.871194,0.87989,4.654985,1.127346,0.541942,5.975193,0.429165,0.41432,-0.567324,1.0,-0.013307,0.004224,1.848038,0.004202,0.017537,0.087079,0.005202,0.067005,0.0001,,,,,0,gru
269,372062,605.3369,600.2382,1499,1,1,0,0,0.2983,2.027,goal,4913.9,-0.02953,0.45408,-0.866483,0.879621,4.63051,1.154092,0.236603,5.983822,0.425639,0.404665,-0.46642,1.0,,,,,,,,,,,,,,0,gru
270,373587,612.7027,600.9721,1525,1,1,0,0,0.2998,2.041,goal,4933.5,0.002914,0.451233,-0.868824,0.874583,4.687689,1.070388,0.442604,5.979037,0.430726,0.415549,-0.648959,1.011934,,,,,,,,,,,,,,0,gru
271,375078,604.9345,602.2559,1491,1,1,0,0,0.2987,2.049,goal,4953.0,-0.027528,0.441427,-0.89097,0.867506,4.684066,1.086875,0.511422,5.990574,0.429521,0.414257,-0.58653,1.0,,,,,,,,,,,,,,0,gru
272,376597,612.1368,603.5781,1519,1,1,0,0,0.2993,2.025,goal,4974.7,-0.008182,0.458336,-0.881117,0.88318,4.656954,1.111898,0.421178,5.964439,0.425867,0.404824,-0.440245,1.0,-0.009625,0.004579,1.848103,0.00419,0.028495,0.119282,0.02101,0.092361,0.0001,,,,,0,gru
273,378060,598.7205,603.9366,1463,1,1,0,0,0.2984,2.047,goal,4993.6,-0.011955,0.442745,-0.875992,0.864905,4.596371,1.139488,0.359319,5.986508,0.429459,0.413101,-0.52604,1.0,,,,,,,,,,,,,,0,gru
274,379516,598.9367,602.9523,1456,1,1,0,0,0.2992,2.055,goal,5012.0,-0.007253,0.441598,-0.873855,0.882727,4.648911,1.089902,0.44631,5.989205,0.429235,0.412956,-0.54879,1.0,,,,,,,,,,,,,,0,gru
275,381019,606.269,604.0866,1503,1,1,0,0,0.2991,2.044,goal,5031.4,-0.029742,0.449376,-0.876642,0.861986,4.567083,1.129469,0.567568,5.957547,0.424401,0.404165,-0.650342,1.0,,,,,,,,,,,,,,0,gru
276,382517,596.5488,604.3261,1498,1,1,0,0,0.2972,2.047,goal,5052.1,0.020435,0.440771,-0.880623,0.881637,4.602633,1.134416,0.461233,5.979126,0.418886,0.421837,-0.595462,1.0,-0.014816,0.003754,1.847901,0.004178,0.023571,0.085823,0.012324,0.068895,0.0001,,,,,0,gru
277,383981,598.9755,603.9978,1464,1,1,0,0,0.2981,2.054,goal,5070.5,-0.018628,0.442941,-0.878408,0.865444,4.669034,1.097136,0.722047,5.962719,0.430087,0.413758,-0.563384,1.0,,,,,,,,,,,,,,0,gru
278,385490,607.3283,604.189,1509,1,1,0,0,0.2977,2.027,goal,5089.5,-0.029879,0.455365,-0.888276,0.867058,4.585641,1.13434,0.27622,5.968572,0.42476,0.406009,-0.496979,1.0,,,,,,,,,,,,,,0,gru
279,386973,607.0763,604.3629,1483,1,1,0,0,0.2983,2.039,goal,5108.3,-0.004215,0.4533,-0.865622,0.870136,4.660934,1.087822,0.672342,5.972816,0.428938,0.413931,-0.545677,1.0,,,,,,,,,,,,,,0,gru
280,388465,610.2005,604.1127,1492,1,1,0,0,0.2985,2.051,goal,5128.9,-0.013261,0.438341,-0.856402,0.858807,4.667208,1.125406,0.250053,5.988684,0.428724,0.413599,-0.534243,1.004471,-0.012332,0.004503,1.847074,0.004166,0.018969,0.093089,0.007904,0.071321,0.0001,,,,,0,gru
281,389944,601.6802,603.7873,1479,1,1,0,0,0.2986,2.025,goal,5147.6,-0.003795,0.456723,-0.851586,0.88768,4.612141,1.142404,0.439794,5.958526,0.426486,0.413312,-0.522286,1.0,,,,,,,,,,,,,,0,gru
282,391400,596.3193,602.2055,1456,1,1,0,0,0.299,2.073,goal,5165.7,-0.001282,0.430207,-0.865183,0.87028,4.643445,1.119548,0.431968,5.985569,0.430984,0.415139,-0.56384,1.0,,,,,,,,,,,,,,0,gru
283,392914,605.9274,602.9262,1514,1,1,0,0,0.2991,2.048,goal,5184.6,0.013553,0.445096,-0.866221,0.871972,4.624652,1.129288,0.355567,5.982675,0.429134,0.416799,-0.624128,1.0,,,,,,,,,,,,,,0,gru
284,394402,604.0937,603.4419,1488,1,1,0,0,0.2979,2.037,goal,5205.4,-0.015646,0.453005,-0.882632,0.873278,4.568272,1.133083,0.609396,5.981668,0.425059,0.403527,-0.447924,1.0,-0.013522,0.003373,1.846172,0.004154,0.020141,0.116105,0.009682,0.094687,0.0001,,,,,0,gru
285,395869,591.5789,601.9729,1467,1,1,0,0,0.2998,2.043,goal,5224.5,0.021114,0.453026,-0.875003,0.892845,4.753192,1.016456,0.710138,5.989919,0.423192,0.423367,-0.561,1.0,,,,,,,,,,,,,,0,gru
286,397390,613.9816,603.7162,1521,1,1,0,0,0.2974,2.032,goal,5243.4,0.007918,0.454357,-0.873555,0.868236,4.640247,1.117342,0.431128,5.975151,0.429056,0.415373,-0.54211,1.00419,,,,,,,,,,,,,,0,gru
287,398869,602.1874,604.0373,1479,1,1,0,0,0.2973,2.055,goal,5262.2,0.008656,0.442083,-0.860749,0.881111,4.664555,1.101116,0.168012,5.985581,0.428922,0.413925,-0.609384,1.0,,,,,,,,,,,,,,0,gru
288,400343,599.8694,603.2915,1474,1,1,0,0,0.2995,2.033,goal,5282.8,0.005702,0.453646,-0.864673,0.876838,4.694399,1.089509,0.667839,5.979551,0.426387,0.414052,-0.535458,1.0,-0.016924,0.004594,1.84592,0.004142,0.015452,0.098729,0.005299,0.072796,0.0001,,,,,0,gru
289,401834,587.7059,601.3544,1491,1,1,0,0,0.2984,2.047,goal,5301.7,0.030733,0.445318,-0.869969,0.875022,4.703927,1.120713,0.260491,5.983556,0.415312,0.420878,-0.700923,1.0,,,,,,,,,,,,,,0,gru
290,403340,616.0036,601.9347,1506,1,1,0,0,0.2997,2.041,goal,5320.6,-0.000379,0.452205,-0.873122,0.882205,4.713132,1.068842,0.863538,5.975636,0.43214,0.414852,-0.532139,1.008227,,,,,,,,,,,,,,0,gru
291,404881,617.6092,603.5276,1541,1,1,0,0,0.2995,2.02,goal,5340.1,-0.045463,0.459206,-0.892819,0.852697,4.612178,1.116521,0.635244,5.964856,0.425888,0.405813,-0.662005,1.008324,,,,,,,,,,,,,,0,gru
292,406401,616.8546,605.5812,1520,1,1,0,0,0.2985,2.021,goal,5362.9,-0.007766,0.46059,-0.884343,0.868041,4.634079,1.124868,0.555285,5.974507,0.424234,0.404552,-0.485465,1.0,-0.013477,0.004606,1.846196,0.00413,0.021243,0.126515,0.005317,0.111502,0.0001,,,,,0,gru
293,407879,602.2345,605.2119,1478,1,1,0,0,0.2987,2.038,goal,5381.8,-0.012634,0.452331,-0.875875,0.874904,4.682011,1.095476,0.458287,5.98278,0.43266,0.415722,-0.57073,1.0,,,,,,,,,,,,,,0,gru
294,409363,598.1106,604.6136,1484,1,1,0,0,0.3,2.038,goal,5400.3,0.025742,0.452192,-0.860434,0.893689,4.725887,1.079361,0.647088,5.986654,0.416724,0.419641,-0.613772,1.0,,,,,,,,,,,,,,0,gru
295,410858,606.8429,606.14,1495,1,1,0,0,0.2997,2.03,goal,5419.4,-0.027952,0.458789,-0.86863,0.886491,4.665679,1.067712,0.456051,5.974359,0.430347,0.414299,-0.685097,1.0,,,,,,,,,,,,,,0,gru
296,412328,599.1646,604.6583,1470,1,1,0,0,0.2995,2.057,goal,5441.4,-0.017703,0.444848,-0.884398,0.876064,4.697997,1.092605,0.391376,5.972565,0.430894,0.414822,-0.563623,1.0,-0.009985,0.003756,1.846832,0.004118,0.017678,0.180025,0.004841,0.176347,0.0001,,,,,0,gru
297,413827,608.2915,605.2687,1499,1,1,0,0,0.2989,2.034,goal,5460.5,-0.009932,0.454171,-0.863672,0.880294,4.5975,1.135791,0.237259,5.976782,0.427478,0.405279,-0.39386,1.0,,,,,,,,,,,,,,0,gru
298,415279,588.9973,604.1815,1452,1,1,0,0,0.2983,2.056,goal,5478.8,0.019832,0.442641,-0.877956,0.860504,4.728271,1.04464,0.82481,5.964669,0.417993,0.41987,-0.545641,1.0,,,,,,,,,,,,,,0,gru
299,416763,602.6466,605.6755,1484,1,1,0,0,0.2994,2.046,goal,5497.2,-0.001272,0.450508,-0.885796,0.876193,4.706161,1.07952,0.518981,5.973583,0.430833,0.41503,-0.584255,1.0,,,,,,,,,,,,,,0,gru
300,418257,605.8469,604.6599,1494,1,1,0,0,0.2998,2.058,goal,5519.0,-0.011716,0.440166,-0.88449,0.86773,4.70672,1.065916,0.312923,5.988025,0.430032,0.414665,-0.667366,1.002898,-0.014603,0.003569,1.847475,0.004106,0.017627,0.299713,0.004518,0.30791,0.0001,,,,,0,gru
301,419739,599.0766,602.8066,1482,1,1,0,0,0.2998,2.029,goal,5538.1,-0.013473,0.461295,-0.881504,0.881698,4.702833,1.090773,0.232533,5.984653,0.425637,0.404547,-0.466935,1.0,,,,,,,,,,,,,,0,gru
302,421202,596.5121,600.7724,1463,1,1,0,0,0.2977,2.035,goal,5556.8,-0.001336,0.450461,-0.878103,0.867689,4.575777,1.136932,0.430867,5.984054,0.427232,0.404218,-0.429873,1.0,,,,,,,,,,,,,,0,gru
303,422704,613.9646,601.9454,1502,1,1,0,0,0.2982,2.048,goal,5575.8,-0.014478,0.443847,-0.885189,0.875141,4.644376,1.107334,0.388196,5.985551,0.433522,0.415578,-0.519688,1.010185,,,,,,,,,,,,,,0,gru
304,424202,603.0492,602.4392,1498,1,1,0,0,0.2986,2.03,goal,5596.2,0.0267,0.458752,-0.880712,0.894605,4.654233,1.122995,0.686157,5.972847,0.423943,0.422842,-0.594601,1.0,-0.019435,0.003742,1.848225,0.004094,0.021875,0.123619,0.010759,0.102008,0.0001,,,,,0,gru
305,425727,609.3848,602.6934,1525,1,1,0,0,0.2977,2.025,goal,5615.6,-0.006104,0.462229,-0.885035,0.895302,4.685015,1.050988,0.567259,5.976995,0.427318,0.406031,-0.550682,1.0,,,,,,,,,,,,,,0,gru
306,427213,601.1504,602.892,1486,1,1,0,0,0.2997,2.053,goal,5634.5,-0.032123,0.441408,-0.89382,0.868966,4.644496,1.094974,0.318985,5.958515,0.42938,0.405903,-0.530262,1.0,,,,,,,,,,,,,,0,gru
307,428733,614.8756,603.5504,1520,1,1,0,0,0.2983,2.018,goal,5653.9,-0.009512,0.461776,-0.881049,0.884928,4.663624,1.138046,0.276644,5.986444,0.430115,0.405962,-0.401453,1.0,,,,,,,,,,,,,,0,gru
308,430263,608.6121,605.5119,1530,1,1,0,0,0.298,2.021,goal,5674.5,0.012493,0.461542,-0.882825,0.881869,4.622173,1.126838,0.582481,5.991404,0.426061,0.405749,-0.582765,1.0,-0.018125,0.003585,1.848464,0.004082,0.021812,0.069545,0.010586,0.057486,0.0001,,,,,0,gru
309,431756,606.721,605.9193,1493,1,1,0,0,0.298,2.031,goal,5693.7,-0.02023,0.459186,-0.881395,0.875467,4.660089,1.122197,0.494737,5.97211,0.430228,0.405795,-0.383417,1.0,,,,,,,,,,,,,,0,gru
310,433287,614.2739,606.762,1531,1,1,0,0,0.2999,2.034,goal,5713.3,-0.038473,0.451309,-0.881482,0.875278,4.697551,1.104335,0.351367,5.994881,0.432473,0.407189,-0.688169,1.010023,,,,,,,,,,,,,,0,gru
311,434823,609.7637,607.8307,1536,1,1,0,0,0.2988,2.03,goal,5733.2,-0.002761,0.45561,-0.874362,0.884827,4.721014,1.113816,0.321947,5.978574,0.429287,0.408884,-0.685014,1.001142,,,,,,,,,,,,,,0,gru
312,436346,613.3362,609.5131,1523,1,1,0,0,0.2998,2.04,goal,5754.2,-0.001697,0.456611,-0.885349,0.879077,4.746622,1.060461,0.620142,5.982066,0.430177,0.40717,-0.456006,1.005831,-0.014998,0.004111,1.849101,0.00407,0.020015,0.113733,0.008365,0.091624,0.0001,,,,,0,gru
313,437836,602.0753,608.3242,1490,1,1,0,0,0.2997,2.027,goal,5773.5,-0.034848,0.457966,-0.892248,0.883637,4.680646,1.087973,0.467479,5.985312,0.433341,0.407974,-0.618726,1.0,,,,,,,,,,,,,,0,gru
314,439338,604.6411,608.4834,1502,1,1,0,0,0.2991,2.047,goal,5792.9,-0.033318,0.445912,-0.862335,0.8592,4.685672,1.113369,0.343225,5.979426,0.431461,0.40677,-0.473706,1.0,,,,,,,,,,,,,,0,gru
315,440798,601.0627,607.6512,1460,1,1,0,0,0.2988,2.037,goal,5812.0,-0.015615,0.448318,-0.876295,0.883588,4.654202,1.13239,0.250795,5.969088,0.434728,0.415091,-0.529259,1.0,,,,,,,,,,,,,,0,gru
316,442314,614.3556,608.9717,1516,1,1,0,0,0.2983,2.046,goal,5833.0,-0.025246,0.449682,-0.884729,0.880512,4.663022,1.093672,0.494255,5.982172,0.432749,0.407146,-0.385439,1.009708,-0.01241,0.004195,1.849796,0.004058,0.021226,0.159732,0.007401,0.150348,0.0001,,,,,0,gru
317,443795,602.2791,607.7121,1481,1,1,0,0,0.2998,2.039,goal,5852.2,-0.027967,0.452672,-0.874496,0.872918,4.693967,1.071209,0.927641,5.980449,0.432058,0.406287,-0.527807,1.0,,,,,,,,,,,,,,0,gru
318,445315,616.2578,608.4766,1520,1,1,0,0,0.2998,2.041,goal,5871.5,-0.012304,0.45632,-0.888193,0.874017,4.693706,1.069843,0.751189,5.992712,0.431745,0.406764,-0.437782,1.00989,,,,,,,,,,,,,,0,gru
319,446793,608.0223,608.6068,1478,1,1,0,0,0.2977,2.046,goal,5890.1,0.003553,0.446971,-0.844249,0.888701,4.715742,1.073597,0.454674,5.985474,0.433546,0.414676,-0.567224,1.0,,,,,,,,,,,,,,0,gru
320,448248,593.0573,606.4851,1455,1,1,0,0,0.298,2.055,goal,5910.3,0.013333,0.448094,-0.877583,0.881692,4.730398,1.048276,0.367721,5.967844,0.423115,0.414578,-0.544491,1.0,-0.021607,0.00346,1.850008,0.004046,0.018387,0.079009,0.003345,0.055721,0.0001,,,,,0,gru
321,449713,596.2919,605.1379,1465,1,1,0,0,0.2997,2.041,goal,5929.0,-0.040563,0.453937,-0.883802,0.877266,4.704013,1.054066,0.89937,5.979591,0.432264,0.406367,-0.634763,1.0,,,,,,,,,,,,,,0,gru
322,451272,610.5266,604.857,1559,1,1,0,0,0.2974,2.01,goal,5948.9,-0.002223,0.472888,-0.885087,0.890537,4.667464,1.111974,0.496292,5.991054,0.422832,0.406455,-0.691834,1.0,,,,,,,,,,,,,,0,gru
323,452790,605.7893,605.2284,1518,1,1,0,0,0.2987,2.031,goal,5968.4,0.002416,0.459166,-0.882776,0.885846,4.709353,1.075855,0.570854,5.973647,0.428198,0.407073,-0.598508,1.0,,,,,,,,,,,,,,0,gru
324,454279,602.7943,605.0437,1489,1,1,0,0,0.2998,2.049,goal,5989.9,-0.019438,0.449247,-0.872524,0.882934,4.697293,1.065809,0.403881,5.987569,0.429823,0.405983,-0.418897,1.0,-0.009504,0.004215,1.8495,0.004034,0.02115,0.128252,0.00775,0.107715,0.0001,,,,,0,gru
325,455790,609.6404,605.9015,1511,1,1,0,0,0.2987,2.043,goal,6009.4,-0.009583,0.446498,-0.87395,0.883261,4.644753,1.120507,0.521357,5.982885,0.428868,0.405398,-0.430507,1.0,,,,,,,,,,,,,,0,gru
326,457310,617.4106,606.207,1520,1,1,0,0,0.2997,2.014,goal,6028.9,-0.016064,0.462918,-0.883257,0.865626,4.719068,1.103743,0.27885,5.970082,0.435428,0.416206,-0.551494,1.002923,,,,,,,,,,,,,,0,gru
327,458850,615.077,607.4868,1540,1,1,0,0,0.2981,2.029,goal,6048.8,-0.021652,0.458476,-0.881238,0.865589,4.68082,1.096279,0.564985,5.986066,0.426814,0.40553,-0.454067,1.007329,,,,,,,,,,,,,,0,gru
328,460348,607.4154,606.6025,1498,1,1,0,0,0.299,2.045,goal,6069.6,-0.012079,0.455492,-0.885516,0.890509,4.684166,1.063415,0.309718,5.974699,0.432097,0.406904,-0.467263,1.0,-0.010288,0.003885,1.849286,0.004022,0.019331,0.112297,0.006812,0.100702,0.0001,,,,,0,gru
329,461915,616.7058,607.4709,1567,1,1,0,0,0.2974,2.019,goal,6089.7,0.007054,0.463722,-0.873001,0.87362,4.601748,1.143694,0.34846,5.991428,0.43073,0.409187,-0.67919,1.009798,,,,,,,,,,,,,,0,gru
330,463396,600.4922,608.2144,1481,1,1,0,0,0.2991,2.035,goal,6108.9,-0.012632,0.453324,-0.875495,0.870813,4.678426,1.087968,0.54049,5.979712,0.432204,0.406721,-0.43279,1.0,,,,,,,,,,,,,,0,gru
331,464891,604.71,609.0562,1495,1,1,0,0,0.298,2.049,goal,6128.7,0.028259,0.445209,-0.872992,0.889108,4.663898,1.085515,0.483338,5.986391,0.422502,0.421346,-0.695655,1.0,,,,,,,,,,,,,,0,gru
332,466420,613.32,609.3355,1529,1,1,0,0,0.2973,2.024,goal,6150.5,-0.012849,0.465199,-0.886707,0.876774,4.652521,1.090822,0.684745,5.979537,0.431477,0.40687,-0.44433,1.0,-0.015916,0.003575,1.848761,0.00401,0.021114,0.099056,0.00758,0.077485,0.0001,,,,,0,gru
333,467928,602.2865,608.9852,1508,1,1,0,0,0.3,2.024,goal,6170.0,0.001053,0.465405,-0.885664,0.878207,4.689021,1.091558,0.619749,5.987666,0.428041,0.4062,-0.584268,1.0,,,,,,,,,,,,,,0,gru
334,469413,602.1881,608.9246,1485,1,1,0,0,0.2986,2.03,goal,6189.0,-0.014236,0.453518,-0.892231,0.87991,4.656709,1.112926,0.275094,5.977697,0.430639,0.406778,-0.482368,1.0,,,,,,,,,,,,,,0,gru
335,470933,616.1258,609.5732,1520,1,1,0,0,0.2994,2.026,goal,6208.9,-0.02541,0.458257,-0.892768,0.880049,4.656178,1.136391,0.18666,5.982831,0.434314,0.407633,-0.403512,1.002366,,,,,,,,,,,,,,0,gru
336,472464,615.7092,609.403,1531,1,1,0,0,0.2976,2.038,goal,6230.6,0.000426,0.456911,-0.876276,0.871313,4.713625,1.065768,0.541861,5.980925,0.43324,0.40835,-0.495006,1.00911,-0.022095,0.003497,1.848281,0.003998,0.019609,0.179577,0.009533,0.180651,0.0001,,,,,0,gru
337,473960,605.2961,608.4249,1496,1,1,0,0,0.2975,2.044,goal,6249.9,-0.017468,0.44721,-0.868275,0.858223,4.699234,1.071321,0.36975,5.975148,0.433952,0.40773,-0.451188,1.0,,,,,,,,,,,,,,0,gru
338,475454,613.2957,609.013,1494,1,1,0,0,0.2997,2.052,goal,6269.0,-0.023695,0.44713,-0.878386,0.878599,4.713439,1.064905,0.241066,5.972587,0.434919,0.414826,-0.550851,1.009918,,,,,,,,,,,,,,0,gru
339,476953,606.9866,608.041,1499,1,1,0,0,0.2982,2.049,goal,6288.7,-0.013081,0.449098,-0.869046,0.87049,4.698369,1.083026,0.352265,5.974418,0.435222,0.407051,-0.399971,1.0,,,,,,,,,,,,,,0,gru
340,478447,605.251,608.5169,1494,1,1,0,0,0.298,2.042,goal,6309.5,-0.014748,0.447259,-0.855226,0.865593,4.663122,1.0879,0.415233,5.99133,0.432347,0.407545,-0.473428,1.0,-0.01555,0.004021,1.847425,0.003986,0.018191,0.139087,0.005165,0.135864,0.0001,,,,,0,gru
341,479926,595.2642,607.5723,1479,1,1,0,0,0.2986,2.036,goal,6328.5,-0.044162,0.452062,-0.884202,0.862131,4.666702,1.096615,0.169662,5.993431,0.436586,0.409778,-0.700154,1.0,,,,,,,,,,,,,,0,gru
342,481431,600.8823,606.3286,1505,1,1,0,0,0.299,2.022,goal,6348.2,0.011906,0.462051,-0.871423,0.881529,4.586166,1.141034,0.390155,5.972449,0.431381,0.407636,-0.522592,1.0,,,,,,,,,,,,,,0,gru
343,482901,599.158,606.0157,1470,1,1,0,0,0.2995,2.027,goal,6367.6,-0.023848,0.452116,-0.876775,0.861673,4.609549,1.154577,0.223318,5.991589,0.437111,0.407962,-0.41167,1.0,,,,,,,,,,,,,,0,gru
344,484446,614.6726,607.2641,1545,1,1,0,0,0.2996,2.03,goal,6389.4,0.012231,0.462593,-0.888938,0.885278,4.676785,1.072719,0.601312,5.985506,0.435633,0.41019,-0.552147,1.009256,-0.020869,0.004209,1.846804,0.003974,0.019119,0.146638,0.005122,0.135698,0.0001,,,,,0,gru
345,485982,616.1778,607.2693,1536,1,1,0,0,0.2981,2.027,goal,6409.0,-0.023677,0.450738,-0.875684,0.866722,4.663193,1.134055,0.634423,5.988613,0.434848,0.407954,-0.564138,1.008635,,,,,,,,,,,,,,0,gru
346,487463,597.3066,605.4291,1481,1,1,0,0,0.2986,2.04,goal,6428.4,-0.042318,0.449451,-0.872306,0.878917,4.650471,1.118069,0.552617,5.966396,0.433092,0.407512,-0.667552,1.0,,,,,,,,,,,,,,0,gru
347,489004,612.0132,606.1008,1541,1,1,0,0,0.2994,2.008,goal,6448.4,0.020445,0.468751,-0.880785,0.877856,4.68504,1.105885,0.336583,5.976529,0.431386,0.407654,-0.659798,1.0,,,,,,,,,,,,,,0,gru
348,490311,340.6507,578.8363,1307,0,0,1,0,0.9683,2.016,collision,6467.9,0.056969,0.459213,-0.871303,0.888506,4.569098,1.12549,0.348841,5.974741,0.396166,0.398696,-0.697373,1.0,-0.014712,0.004012,1.84659,0.003962,0.023441,0.148192,0.012681,0.146944,0.0001,,,,,0,gru
349,491815,605.0713,578.6448,1504,1,1,0,0,0.2994,2.05,goal,6487.3,-0.019049,0.447233,-0.875578,0.881736,4.647676,1.09477,0.568477,5.991189,0.434714,0.407477,-0.495127,1.0,,,,,,,,,,,,,,0,gru
350,493346,613.7231,579.492,1531,1,1,0,0,0.2981,2.025,goal,6507.0,-0.007256,0.45631,-0.871224,0.880727,4.627806,1.143324,0.478497,5.984131,0.434657,0.408578,-0.463629,1.001379,,,,,,,,,,,,,,0,gru
351,494890,617.1571,581.6813,1544,1,1,0,0,0.2982,2.025,goal,6526.8,-0.008556,0.463208,-0.876771,0.885918,4.660655,1.093429,0.261302,5.981487,0.43487,0.408297,-0.481915,1.008244,,,,,,,,,,,,,,0,gru
352,496380,602.4567,581.8387,1490,1,1,0,0,0.2985,2.04,goal,6547.8,-0.03762,0.449673,-0.872315,0.86454,4.638411,1.10547,0.568751,5.958895,0.433973,0.407235,-0.432371,1.0,-0.015381,0.003927,1.84675,0.00395,0.022695,0.120504,0.015971,0.109425,0.0001,,,,,0,gru
353,497864,597.1122,581.6341,1484,1,1,0,0,0.2988,2.06,goal,6566.9,-0.035032,0.441915,-0.881857,0.869522,4.622023,1.068811,0.627367,5.977294,0.437695,0.409801,-0.654514,1.0,,,,,,,,,,,,,,0,gru
354,499389,612.1355,581.3804,1525,1,1,0,0,0.2989,2.041,goal,6586.7,-0.010777,0.44273,-0.88522,0.871199,4.637131,1.130358,0.317787,5.978138,0.437663,0.410128,-0.505771,1.005256,,,,,,,,,,,,,,0,gru
355,500881,604.3882,580.2015,1492,1,1,0,0,0.2981,2.039,goal,6606.1,-0.016938,0.448695,-0.880637,0.888204,4.605418,1.133161,0.415804,5.984782,0.435923,0.407362,-0.367963,1.0,,,,,,,,,,,,,,0,gru
356,502348,593.6893,579.8397,1467,1,1,0,0,0.2982,2.048,goal,6627.2,-0.031184,0.441962,-0.881102,0.884102,4.617468,1.108308,0.800787,5.985826,0.435399,0.408568,-0.64204,1.0,-0.014186,0.004317,1.847071,0.003938,0.025759,0.17909,0.019463,0.183307,0.0001,,,,,0,gru
357,503848,599.076,578.546,1500,1,1,0,0,0.2985,2.023,goal,6646.7,0.015762,0.460117,-0.868404,0.875517,4.587756,1.12387,0.28226,5.968755,0.431617,0.40574,-0.494305,1.0,,,,,,,,,,,,,,0,gru
358,505330,598.6794,604.3489,1482,1,1,0,0,0.299,2.035,goal,6665.7,-0.004795,0.450342,-0.881857,0.891639,4.638677,1.132647,0.402992,5.964657,0.437794,0.408822,-0.482788,1.0,,,,,,,,,,,,,,0,gru
359,506638,370.2409,580.8659,1308,0,0,1,0,0.8839,2.011,collision,6682.9,0.009458,0.464351,-0.882325,0.879045,4.543643,1.168,0.329452,5.968686,0.425171,0.404835,-0.547402,1.0,,,,,,,,,,,,,,0,gru
360,508155,611.6566,580.6592,1517,1,1,0,0,0.2974,2.032,goal,6704.3,-0.001093,0.451736,-0.861017,0.857641,4.601317,1.126221,0.318574,5.983365,0.43621,0.408797,-0.450945,1.0,0.019232,0.004221,1.847098,0.003926,0.023988,0.102207,0.011785,0.088043,0.0001,,,,,0,gru
361,509681,616.4578,580.5893,1526,1,1,0,0,0.2969,2.029,goal,6724.3,-0.001778,0.453597,-0.885157,0.86522,4.659936,1.099046,0.444458,5.980813,0.438358,0.408406,-0.427715,1.005735,,,,,,,,,,,,,,0,gru
362,511169,603.4273,580.6863,1488,1,1,0,0,0.2974,2.068,goal,6743.6,-0.048515,0.432428,-0.861573,0.879595,4.631179,1.092552,0.313164,5.98452,0.438846,0.408957,-0.515183,1.002189,,,,,,,,,,,,,,0,gru
363,512683,599.6573,580.9408,1514,1,1,0,0,0.2995,2.017,goal,6763.1,0.020685,0.463025,-0.886646,0.886151,4.636929,1.106321,0.322246,5.974217,0.43346,0.40894,-0.684355,1.0,,,,,,,,,,,,,,0,gru
364,514188,604.4538,580.1727,1505,1,1,0,0,0.3,2.049,goal,6784.4,-0.000338,0.446368,-0.884891,0.872155,4.673662,1.0956,0.266354,5.966661,0.429309,0.405559,-0.488038,1.0,-0.012258,0.004209,1.846641,0.003914,0.02313,0.158947,0.009385,0.151367,0.0001,,,,,0,gru
365,515705,607.0624,580.4401,1517,1,1,0,0,0.2987,2.023,goal,6804.1,-0.013951,0.456456,-0.880074,0.872749,4.56549,1.141754,0.389377,5.979149,0.432876,0.406397,-0.476886,1.0,,,,,,,,,,,,,,0,gru
366,517183,597.373,580.8085,1478,1,1,0,0,0.2997,2.03,goal,6823.2,-0.015464,0.454818,-0.875125,0.871818,4.652344,1.110113,0.483328,5.977828,0.437107,0.40841,-0.473818,1.0,,,,,,,,,,,,,,0,gru
367,518393,339.7075,554.8716,1210,0,0,1,0,0.9681,2.084,collision,6838.7,0.01575,0.42083,-0.843361,0.857952,4.565144,1.167825,0.500925,5.986173,0.419221,0.400363,-0.40352,1.0,,,,,,,,,,,,,,0,gru
368,519891,597.714,554.7751,1498,1,1,0,0,0.2988,2.025,goal,6859.2,0.000516,0.460057,-0.881457,0.882164,4.622882,1.140788,0.331857,5.972418,0.433972,0.407591,-0.546423,1.0,-0.009991,0.004136,1.846078,0.003902,0.022971,0.137288,0.013282,0.119745,0.0001,,,,,0,gru
369,521414,602.8366,578.0346,1523,1,1,0,0,0.2989,2.029,goal,6878.9,0.007668,0.45592,-0.866533,0.874189,4.619605,1.150557,0.445853,5.980862,0.433013,0.409004,-0.586686,1.0,,,,,,,,,,,,,,0,gru
370,522927,609.8952,577.8585,1513,1,1,0,0,0.2981,2.037,goal,6898.3,0.004411,0.44956,-0.854219,0.885172,4.654844,1.124093,0.400248,5.981664,0.43971,0.410271,-0.440347,1.0,,,,,,,,,,,,,,0,gru
371,524427,607.3975,576.9525,1500,1,1,0,0,0.2986,2.035,goal,6917.6,-0.002322,0.447686,-0.87348,0.869552,4.63848,1.118621,0.169136,5.975093,0.438033,0.408306,-0.410084,1.0,,,,,,,,,,,,,,0,gru
372,525942,609.6981,577.5795,1515,1,1,0,0,0.2985,2.061,goal,6939.4,-0.012074,0.442171,-0.872917,0.872067,4.704772,1.057852,0.58786,5.973821,0.439099,0.409201,-0.480059,1.009787,-0.022609,0.003993,1.846141,0.00389,0.017085,0.121158,0.005886,0.113705,0.0001,,,,,0,gru
373,527469,610.7233,578.6861,1527,1,1,0,0,0.2984,2.049,goal,6959.0,-0.042449,0.446048,-0.875042,0.886958,4.61051,1.124825,0.823553,5.981037,0.439839,0.410567,-0.693187,1.012522,,,,,,,,,,,,,,0,gru
374,528928,590.5493,577.2957,1459,1,1,0,0,0.2974,2.053,goal,6977.5,-0.011691,0.44481,-0.894347,0.88386,4.621633,1.08998,0.477412,5.97841,0.435237,0.407592,-0.441507,1.0,,,,,,,,,,,,,,0,gru
375,530396,595.1294,576.1024,1468,1,1,0,0,0.2997,2.043,goal,6996.4,-0.016821,0.445847,-0.884396,0.882226,4.638959,1.108315,0.646432,5.989453,0.436667,0.408928,-0.455357,1.0,,,,,,,,,,,,,,0,gru
376,531863,598.5917,576.2243,1467,1,1,0,0,0.298,2.06,goal,7016.9,-0.024585,0.442136,-0.89321,0.88042,4.668183,1.081253,0.42695,5.984242,0.438714,0.408578,-0.404948,1.0,-0.021714,0.004319,1.846364,0.003878,0.016738,0.079391,0.004728,0.063803,0.0001,,,,,0,gru
377,533375,609.7048,603.224,1512,1,1,0,0,0.2989,2.034,goal,7036.3,-0.013361,0.451769,-0.873743,0.870746,4.601108,1.120766,0.433588,5.968056,0.439441,0.409773,-0.47835,1.0,,,,,,,,,,,,,,0,gru
378,534892,601.5736,603.6099,1517,1,1,0,0,0.2998,2.026,goal,7055.4,0.012597,0.457868,-0.884114,0.885479,4.617966,1.14564,0.3739,5.984526,0.435707,0.409721,-0.677646,1.0,,,,,,,,,,,,,,0,gru
379,536403,602.9037,603.6166,1511,1,1,0,0,0.2978,2.021,goal,7074.4,-0.00577,0.4582,-0.886362,0.885404,4.581763,1.146586,0.140819,5.974533,0.43429,0.408632,-0.593962,1.0,,,,,,,,,,,,,,0,gru
380,537930,615.2803,604.1552,1527,1,1,0,0,0.2986,2.036,goal,7095.9,-0.013439,0.455412,-0.883872,0.873186,4.591424,1.081165,0.671629,5.983705,0.437541,0.40923,-0.435931,1.007018,-0.026286,0.004296,1.846444,0.003866,0.022491,0.114355,0.014875,0.094147,0.0001,,,,,0,gru
381,539433,605.3161,603.947,1503,1,1,0,0,0.2984,2.023,goal,7115.4,0.000427,0.456524,-0.854783,0.873953,4.575591,1.118963,0.272694,5.982515,0.435582,0.408848,-0.53949,1.0,,,,,,,,,,,,,,0,gru
382,540933,601.6046,603.1377,1500,1,1,0,0,0.2992,2.036,goal,7135.0,-0.008983,0.453587,-0.863853,0.875524,4.581037,1.135023,0.705542,5.980685,0.435802,0.408585,-0.487162,1.0,,,,,,,,,,,,,,0,gru
383,542452,612.3633,603.3017,1519,1,1,0,0,0.2999,2.038,goal,7154.3,0.015573,0.448053,-0.884399,0.868437,4.534191,1.17248,0.344376,5.977012,0.43604,0.41734,-0.509714,1.005219,,,,,,,,,,,,,,0,gru
384,543924,595.6315,603.8099,1472,1,1,0,0,0.2998,2.04,goal,7174.6,-0.03597,0.442708,-0.873419,0.875934,4.536495,1.190757,0.266559,5.977374,0.436677,0.40833,-0.494697,1.0,-0.010285,0.003154,1.846932,0.003854,0.019378,0.148322,0.009981,0.134723,0.0001,,,,,0,gru
385,545445,608.7729,605.1743,1521,1,1,0,0,0.2975,2.037,goal,7194.1,-0.002056,0.454399,-0.883446,0.882308,4.603949,1.121861,0.203217,5.976491,0.437518,0.409522,-0.484007,1.0,,,,,,,,,,,,,,0,gru
386,546934,601.2119,605.4363,1489,1,1,0,0,0.2993,2.045,goal,7213.3,-0.014908,0.447774,-0.873399,0.889105,4.580918,1.119421,0.503236,5.98121,0.436108,0.408871,-0.479083,1.0,,,,,,,,,,,,,,0,gru
387,548439,611.3984,605.6056,1505,1,1,0,0,0.2974,2.052,goal,7232.5,-0.016456,0.443135,-0.877561,0.8772,4.559497,1.13785,0.484339,5.98534,0.437532,0.408375,-0.42076,1.006551,,,,,,,,,,,,,,0,gru
388,549965,609.5406,606.4023,1526,1,1,0,0,0.2988,2.041,goal,7254.3,-0.002737,0.449,-0.888035,0.865472,4.59601,1.111686,0.516659,5.978977,0.436627,0.410006,-0.516719,1.002655,-0.014189,0.005579,1.847331,0.003842,0.017941,0.103466,0.006909,0.086606,0.0001,,,,,0,gru
389,551453,598.3238,605.9444,1488,1,1,0,0,0.2996,2.041,goal,7273.3,-0.032767,0.439566,-0.881976,0.885999,4.528305,1.167589,0.453481,5.986592,0.437955,0.410267,-0.612403,1.0,,,,,,,,,,,,,,0,gru
390,552969,611.8013,605.5965,1516,1,1,0,0,0.2988,2.035,goal,7292.1,-0.017521,0.450432,-0.882921,0.870951,4.55434,1.160246,0.166132,5.977408,0.437647,0.408922,-0.463891,1.001905,,,,,,,,,,,,,,0,gru
391,554509,613.67,606.4318,1540,1,1,0,0,0.2985,2.044,goal,7311.9,0.00413,0.445917,-0.885151,0.877977,4.565311,1.156795,0.440711,5.974042,0.436746,0.409806,-0.467338,1.009866,,,,,,,,,,,,,,0,gru
392,556015,604.6492,606.7363,1506,1,1,0,0,0.2979,2.053,goal,7334.4,-0.01423,0.436102,-0.883962,0.869661,4.547707,1.163978,0.356113,5.96769,0.437311,0.40946,-0.497708,1.0,-0.011669,0.004177,1.847654,0.00383,0.018372,0.085166,0.010364,0.067595,0.0001,,,,,0,gru
393,557499,598.4736,605.3473,1484,1,1,0,0,0.2987,2.03,goal,7353.2,-0.008021,0.450987,-0.882557,0.888942,4.478162,1.194826,0.23614,5.987154,0.43467,0.408077,-0.48113,1.0,,,,,,,,,,,,,,0,gru
394,559035,612.4689,607.0311,1536,1,1,0,0,0.2994,2.03,goal,7372.5,0.01427,0.453669,-0.872782,0.884045,4.551819,1.158955,0.355115,5.982326,0.434872,0.409116,-0.596925,1.004053,,,,,,,,,,,,,,0,gru
395,560587,609.8838,607.1421,1552,1,1,0,0,0.299,2.024,goal,7392.6,-0.004458,0.456742,-0.880504,0.878507,4.603536,1.128456,0.369858,5.981752,0.433749,0.409777,-0.626106,1.000208,,,,,,,,,,,,,,0,gru
396,561882,352.1668,582.2376,1295,0,0,1,0,0.9824,2.036,collision,7411.1,0.047154,0.442211,-0.881781,0.880827,4.521757,1.145901,0.603491,5.990325,0.417176,0.403051,-0.607579,1.0,-0.016044,0.00303,1.848011,0.003818,0.017092,0.110798,0.003409,0.097224,0.0001,,,,,0,gru
397,563410,610.8561,582.1834,1528,1,1,0,0,0.3,2.045,goal,7430.2,-0.024414,0.442185,-0.869253,0.871288,4.502107,1.17847,0.710795,5.984073,0.437673,0.409852,-0.474938,1.008362,,,,,,,,,,,,,,0,gru
398,564896,600.5953,581.2889,1486,1,1,0,0,0.2996,2.021,goal,7449.0,-0.015456,0.454397,-0.877994,0.860492,4.479683,1.185391,0.476254,5.975583,0.43148,0.40641,-0.43207,1.0,,,,,,,,,,,,,,0,gru
399,566444,617.3932,583.1958,1548,1,1,0,0,0.2981,2.018,goal,7467.9,0.000747,0.456357,-0.878419,0.881173,4.537409,1.177456,0.453823,5.981488,0.435676,0.409054,-0.537688,1.00565,,,,,,,,,,,,,,0,gru
400,567965,595.5511,581.5708,1521,1,1,0,0,0.2999,2.03,goal,7489.5,0.014138,0.45142,-0.866355,0.880719,4.529782,1.156926,0.364648,5.982936,0.427202,0.406348,-0.676714,1.0,-0.016655,0.004191,1.848572,0.003806,0.016716,0.116388,0.003948,0.107641,0.0001,,,,,0,gru
401,569463,608.37,581.0408,1498,1,1,0,0,0.2975,2.025,goal,7508.5,-0.016359,0.451969,-0.880631,0.887279,4.512202,1.173062,0.435265,5.972245,0.43667,0.40816,-0.437391,1.0,,,,,,,,,,,,,,0,gru
402,570991,611.2768,581.7036,1528,1,1,0,0,0.2984,2.022,goal,7528.0,-0.019076,0.45723,-0.878924,0.85654,4.527149,1.159055,0.540421,5.981609,0.435827,0.409387,-0.53201,1.0,,,,,,,,,,,,,,0,gru
403,572459,592.3609,581.0923,1468,1,1,0,0,0.2989,2.041,goal,7546.9,-0.029139,0.448216,-0.883949,0.879803,4.523645,1.175877,0.282953,5.994521,0.435735,0.408734,-0.500811,1.0,,,,,,,,,,,,,,0,gru
404,573978,608.986,580.744,1519,1,1,0,0,0.2994,2.055,goal,7567.9,-0.028477,0.434018,-0.880632,0.877804,4.506889,1.179538,0.383882,5.980278,0.435569,0.408336,-0.566863,1.00897,-0.01982,0.003671,1.848539,0.003794,0.017379,0.195375,0.006837,0.188176,0.0001,,,,,0,gru
405,575536,603.2864,580.0843,1558,1,1,0,0,0.2991,2.007,goal,7587.5,0.019803,0.467294,-0.867393,0.876286,4.5834,1.16666,0.457715,5.984875,0.417526,0.406723,-0.710502,1.0,,,,,,,,,,,,,,0,gru
406,577014,599.2718,604.7948,1478,1,1,0,0,0.2972,2.032,goal,7606.4,-0.020441,0.45576,-0.873648,0.872583,4.631279,1.101319,0.551147,5.979354,0.434501,0.406729,-0.446798,1.0,,,,,,,,,,,,,,0,gru
407,578540,611.2443,604.8336,1526,1,1,0,0,0.2997,2.015,goal,7626.1,0.002387,0.46588,-0.876519,0.878623,4.524157,1.165062,0.470422,5.978233,0.432915,0.407729,-0.470532,1.0,,,,,,,,,,,,,,0,gru
408,580031,601.8122,604.9553,1491,1,1,0,0,0.2984,2.052,goal,7647.7,-0.03154,0.440608,-0.883764,0.870201,4.608469,1.154305,0.64048,5.985759,0.436411,0.408257,-0.412874,1.0,-0.010785,0.00517,1.848599,0.003782,0.017401,0.137716,0.004243,0.130605,0.0001,,,,,0,gru
409,581526,599.5599,603.1719,1495,1,1,0,0,0.2999,2.025,goal,7666.2,0.007861,0.456551,-0.869741,0.862937,4.590301,1.142348,0.337073,5.974456,0.429509,0.4052,-0.480089,1.0,,,,,,,,,,,,,,0,gru
410,583032,606.9664,604.3134,1506,1,1,0,0,0.2971,2.058,goal,7684.4,-0.017528,0.441027,-0.888752,0.887359,4.64603,1.093879,0.269882,5.980151,0.436128,0.408528,-0.46462,1.002916,,,,,,,,,,,,,,0,gru
411,584464,591.1735,602.5938,1432,1,1,0,0,0.2992,2.057,goal,7701.8,-0.01667,0.438419,-0.885633,0.881287,4.646225,1.104538,0.354529,5.981857,0.437121,0.416551,-0.518869,1.0,,,,,,,,,,,,,,0,gru
412,585945,594.0396,600.8701,1481,1,1,0,0,0.2981,2.045,goal,7721.4,-0.017718,0.447915,-0.88231,0.86804,4.629367,1.108266,0.268462,5.965594,0.43169,0.406468,-0.457604,1.0,-0.017169,0.004966,1.848305,0.00377,0.021809,0.130007,0.014934,0.12431,0.0001,,,,,0,gru
413,587455,610.0341,602.6374,1510,1,1,0,0,0.2988,2.06,goal,7739.8,-0.028498,0.432991,-0.890677,0.878964,4.612794,1.146497,0.354795,5.979787,0.439455,0.4099,-0.541189,1.011806,,,,,,,,,,,,,,0,gru
414,589005,611.9384,602.9326,1550,1,1,0,0,0.2996,2.027,goal,7758.8,0.019914,0.453774,-0.861184,0.87652,4.542618,1.164395,0.3796,5.983267,0.433002,0.408887,-0.580836,1.003956,,,,,,,,,,,,,,0,gru
415,590519,603.9203,602.996,1514,1,1,0,0,0.2989,2.018,goal,7776.5,0.013219,0.461071,-0.873293,0.887706,4.510426,1.159713,0.274921,5.961213,0.432234,0.407899,-0.54142,1.0,,,,,,,,,,,,,,0,gru
416,592010,601.9702,603.2659,1491,1,1,0,0,0.2996,2.05,goal,7798.1,-0.026937,0.443781,-0.883635,0.867293,4.583274,1.150587,0.567386,5.987372,0.43697,0.409574,-0.407249,1.0,-0.024539,0.004481,1.848011,0.003758,0.019721,0.094401,0.012342,0.078569,0.0001,,,,,0,gru
417,593483,597.1334,601.8548,1473,1,1,0,0,0.2975,2.036,goal,7816.3,-0.003355,0.448841,-0.871082,0.874061,4.536725,1.167312,0.285221,5.964112,0.43625,0.40876,-0.462237,1.0,,,,,,,,,,,,,,0,gru
418,595003,608.2029,602.4939,1520,1,1,0,0,0.2991,2.043,goal,7835.3,-0.013764,0.449151,-0.872806,0.871579,4.595709,1.085509,0.505538,5.97584,0.436514,0.408998,-0.55275,1.000266,,,,,,,,,,,,,,0,gru
419,596519,608.3122,603.3691,1516,1,1,0,0,0.2987,2.036,goal,7853.9,-0.022674,0.451486,-0.871587,0.867396,4.602381,1.112958,0.732365,5.974107,0.43565,0.408166,-0.474901,1.0,,,,,,,,,,,,,,0,gru
420,598078,618.6029,604.5328,1559,1,1,0,0,0.299,2.008,goal,7877.0,0.001903,0.461568,-0.870377,0.871061,4.580368,1.19178,0.397946,5.974296,0.434743,0.409654,-0.522545,1.006335,-0.022543,0.004184,1.848223,0.003746,0.017012,0.115204,0.006965,0.104242,0.0001,,,,,0,gru
421,599569,604.1075,605.8262,1491,1,1,0,0,0.2998,2.039,goal,7894.9,-0.009377,0.448318,-0.870459,0.869537,4.609558,1.130867,0.331137,5.988471,0.434972,0.407599,-0.448004,1.0,,,,,,,,,,,,,,0,gru
422,601052,597.6201,606.1842,1483,1,1,0,0,0.2994,2.053,goal,7913.2,-0.037396,0.441518,-0.880691,0.883464,4.639802,1.103308,0.442853,5.986544,0.437155,0.408705,-0.638299,1.0,,,,,,,,,,,,,,0,gru
423,602546,597.981,604.9789,1494,1,1,0,0,0.298,2.028,goal,7931.8,-0.004723,0.453974,-0.87527,0.880268,4.597778,1.140051,0.413051,5.97644,0.431169,0.406515,-0.459763,1.0,,,,,,,,,,,,,,0,gru
424,604050,608.7615,604.6612,1504,1,1,0,0,0.2989,2.044,goal,7953.3,-0.017953,0.445649,-0.879081,0.876762,4.598166,1.165878,0.496569,5.985591,0.437047,0.408557,-0.434499,1.000093,-0.016705,0.004185,1.848309,0.003734,0.016168,0.06689,0.009298,0.059312,0.0001,,,,,0,gru
425,605544,607.669,605.0361,1494,1,1,0,0,0.299,2.044,goal,7972.2,-0.02116,0.446362,-0.893458,0.859968,4.625701,1.098622,0.455834,5.992674,0.43585,0.407582,-0.397991,1.0,,,,,,,,,,,,,,0,gru
426,607074,612.5171,606.0908,1530,1,1,0,0,0.2992,2.042,goal,7991.4,0.000771,0.444361,-0.875819,0.872907,4.611097,1.142878,0.196213,5.98182,0.43439,0.408288,-0.487267,1.007736,,,,,,,,,,,,,,0,gru
427,608558,598.0297,606.1804,1484,1,1,0,0,0.2979,2.049,goal,8010.3,-0.041752,0.440902,-0.857471,0.871973,4.595195,1.160333,0.292237,5.966488,0.434522,0.408798,-0.708038,1.0,,,,,,,,,,,,,,0,gru
428,610042,600.6118,605.4213,1484,1,1,0,0,0.2988,2.039,goal,8031.7,-0.020512,0.445932,-0.877893,0.873631,4.567053,1.16788,0.338271,5.956929,0.434641,0.407456,-0.417493,1.0,-0.022863,0.003862,1.848069,0.003722,0.01602,0.107769,0.0058,0.095261,0.0001,,,,,0,gru
429,611582,616.1047,606.2005,1540,1,1,0,0,0.2978,2.023,goal,8051.3,0.004909,0.458973,-0.867844,0.890235,4.551311,1.121595,0.515322,5.967495,0.433239,0.408034,-0.51754,1.004654,,,,,,,,,,,,,,0,gru
430,613047,593.4648,603.6867,1465,1,1,0,0,0.2977,2.04,goal,8070.1,-0.01307,0.447171,-0.877079,0.86606,4.554123,1.142601,0.344148,5.97201,0.432786,0.40696,-0.496634,1.0,,,,,,,,,,,,,,0,gru
431,614548,600.1591,603.2919,1501,1,1,0,0,0.2987,2.029,goal,8089.6,-0.003624,0.449671,-0.885259,0.876867,4.562343,1.181508,0.506868,5.976213,0.430737,0.406822,-0.557513,1.0,,,,,,,,,,,,,,0,gru
432,616074,605.3986,604.0697,1526,1,1,0,0,0.2983,2.032,goal,8112.2,0.008986,0.444345,-0.86322,0.852036,4.610645,1.154863,0.382624,5.969819,0.428061,0.406211,-0.561067,1.0,-0.018805,0.004565,1.847438,0.00371,0.021458,0.078161,0.011974,0.057867,0.0001,,,,,0,gru
433,617591,614.359,605.7075,1517,1,1,0,0,0.2986,2.035,goal,8131.9,-0.0078,0.444946,-0.860929,0.859344,4.558138,1.19178,0.298627,5.989369,0.433014,0.40747,-0.455514,1.006393,,,,,,,,,,,,,,0,gru
434,619076,600.3358,604.865,1485,1,1,0,0,0.2998,2.046,goal,8151.1,-0.008196,0.439539,-0.862343,0.881363,4.586821,1.149572,0.227856,5.984294,0.432218,0.407182,-0.49922,1.0,,,,,,,,,,,,,,0,gru
435,620588,607.8727,604.8853,1512,1,1,0,0,0.298,2.037,goal,8170.4,0.001069,0.446889,-0.870415,0.878701,4.499747,1.183563,0.351531,5.983402,0.432554,0.406917,-0.496783,1.0,,,,,,,,,,,,,,0,gru
436,622087,606.1967,604.2533,1499,1,1,0,0,0.3,2.043,goal,8191.8,-0.004258,0.448025,-0.884058,0.878267,4.588424,1.145432,0.76458,5.975416,0.429197,0.406037,-0.463907,1.0,-0.016179,0.003673,1.846404,0.003698,0.018264,0.112716,0.008325,0.085666,0.0001,,,,,0,gru
437,623617,614.7863,605.9289,1530,1,1,0,0,0.2996,2.032,goal,8211.2,-0.013656,0.449635,-0.888364,0.888169,4.501844,1.195161,0.377976,5.980237,0.431468,0.407736,-0.520061,1.005087,,,,,,,,,,,,,,0,gru
438,625144,606.941,606.5619,1527,1,1,0,0,0.2989,2.046,goal,8230.5,-0.002364,0.443566,-0.890089,0.872201,4.541237,1.144959,0.142969,5.973958,0.430201,0.40831,-0.550515,1.002104,,,,,,,,,,,,,,0,gru
439,626651,605.5354,605.5049,1507,1,1,0,0,0.2987,2.024,goal,8249.9,0.000896,0.456039,-0.877835,0.889627,4.564789,1.137155,0.254275,5.986788,0.432374,0.407161,-0.531743,1.0,,,,,,,,,,,,,,0,gru
440,628129,604.1425,606.5727,1478,1,1,0,0,0.2997,2.034,goal,8270.5,0.026754,0.453342,-0.888424,0.883818,4.586529,1.128501,0.669357,5.966948,0.424254,0.414095,-0.568468,1.0,-0.014531,0.004979,1.845722,0.003686,0.018143,0.115097,0.004115,0.089942,0.0001,,,,,0,gru
441,629618,608.1778,607.3746,1489,1,1,0,0,0.2987,2.054,goal,8289.9,-0.016011,0.438278,-0.874766,0.869732,4.555695,1.166682,0.231019,5.967216,0.43839,0.417524,-0.633242,1.005808,,,,,,,,,,,,,,0,gru
442,631066,593.6749,606.2022,1448,1,1,0,0,0.2978,2.05,goal,8308.5,-0.007375,0.43742,-0.842667,0.877476,4.579995,1.164068,0.373469,5.982365,0.435156,0.415683,-0.565409,1.0,,,,,,,,,,,,,,0,gru
443,632602,619.2464,606.691,1536,1,1,0,0,0.2995,2.021,goal,8328.4,-0.008142,0.456351,-0.892413,0.878309,4.521296,1.138657,0.19627,5.968876,0.43417,0.408287,-0.501251,1.006664,,,,,,,,,,,,,,0,gru
444,634114,612.3753,607.8949,1512,1,1,0,0,0.2974,2.047,goal,8349.7,-0.00189,0.44792,-0.872422,0.870061,4.576544,1.109125,0.836239,5.964608,0.433107,0.40779,-0.467728,1.00601,-0.015383,0.004742,1.84446,0.003674,0.019782,0.134194,0.011384,0.128828,0.0001,,,,,0,gru
445,635624,609.6215,608.0698,1510,1,1,0,0,0.2975,2.034,goal,8369.4,-0.014546,0.444608,-0.859858,0.881423,4.442518,1.199769,0.443073,5.974598,0.431347,0.407016,-0.463115,1.0,,,,,,,,,,,,,,0,gru
446,637150,612.0413,608.6542,1526,1,1,0,0,0.2981,2.023,goal,8389.0,-0.013228,0.452679,-0.875987,0.878807,4.500628,1.182243,0.275282,5.966495,0.429451,0.406175,-0.511567,1.0,,,,,,,,,,,,,,0,gru
447,638626,599.7225,607.1479,1476,1,1,0,0,0.2976,2.048,goal,8407.9,-0.021782,0.439738,-0.876891,0.872065,4.466245,1.174589,0.139977,5.981446,0.431306,0.405798,-0.452236,1.0,,,,,,,,,,,,,,0,gru
448,640140,604.3184,606.8856,1514,1,1,0,0,0.2991,2.029,goal,8429.3,-0.007236,0.448165,-0.884442,0.855407,4.456901,1.194466,0.442046,5.97746,0.426589,0.405933,-0.590966,1.0,-0.018125,0.004971,1.84351,0.003662,0.023681,0.113025,0.018002,0.086764,0.0001,,,,,0,gru
449,641614,590.7757,605.4096,1474,1,1,0,0,0.2988,2.052,goal,8447.5,-0.003958,0.439434,-0.880329,0.868162,4.513639,1.16769,0.726872,5.969083,0.426625,0.405841,-0.566661,1.0,,,,,,,,,,,,,,0,gru
450,643133,610.9935,606.0947,1519,1,1,0,0,0.2987,2.057,goal,8466.6,-0.011495,0.441905,-0.874382,0.873571,4.570667,1.137792,0.413069,5.971834,0.431721,0.407967,-0.471375,1.008741,,,,,,,,,,,,,,0,gru
451,644650,616.0026,606.8772,1517,1,1,0,0,0.2995,2.042,goal,8486.1,-0.011601,0.446536,-0.873884,0.872091,4.53571,1.15292,0.5477,5.981756,0.434465,0.407822,-0.376855,1.01002,,,,,,,,,,,,,,0,gru
452,646084,593.487,606.8584,1434,1,1,0,0,0.2984,2.072,goal,8506.5,-0.017858,0.433211,-0.87321,0.861325,4.548321,1.115556,0.575295,5.991837,0.43651,0.415261,-0.541976,1.0,-0.019986,0.004047,1.842957,0.00365,0.016739,0.1536,0.007229,0.135627,0.0001,,,,,0,gru
453,647622,604.5876,605.3925,1538,1,1,0,0,0.2991,1.997,goal,8526.3,0.011765,0.474502,-0.872933,0.879533,4.492482,1.164383,0.316879,5.96587,0.419588,0.40481,-0.7168,1.0,,,,,,,,,,,,,,0,gru
454,649177,616.4198,605.797,1555,1,1,0,0,0.2995,2.019,goal,8546.4,-0.00777,0.457403,-0.870111,0.873311,4.478467,1.173369,0.413002,5.987177,0.432406,0.409112,-0.622462,1.009308,,,,,,,,,,,,,,0,gru
455,650634,594.1231,604.2472,1457,1,1,0,0,0.2993,2.058,goal,8565.1,0.020319,0.435313,-0.872258,0.850076,4.544687,1.151965,0.36883,5.977582,0.418674,0.419279,-0.529657,1.0,,,,,,,,,,,,,,0,gru
456,652131,598.4551,602.8885,1497,1,1,0,0,0.2976,2.021,goal,8586.2,0.029969,0.454482,-0.850558,0.887475,4.536496,1.170011,0.251753,5.980434,0.42532,0.417474,-0.736002,1.0,-0.016042,0.005707,1.842741,0.003638,0.02399,0.109966,0.011647,0.09195,0.0001,,,,,0,gru
457,653636,607.7739,603.6937,1505,1,1,0,0,0.2998,2.057,goal,8605.9,-0.021847,0.438754,-0.886188,0.877777,4.546039,1.14516,0.331371,5.985821,0.431763,0.407019,-0.630941,1.007051,,,,,,,,,,,,,,0,gru
458,655149,610.6039,604.3222,1513,1,1,0,0,0.2988,2.053,goal,8625.3,-0.011264,0.441397,-0.876912,0.876161,4.589687,1.125468,0.613266,5.987367,0.437096,0.417903,-0.604139,1.011653,,,,,,,,,,,,,,0,gru
459,656618,594.4304,604.6877,1469,1,1,0,0,0.2992,2.05,goal,8644.0,-0.015892,0.43825,-0.875997,0.833078,4.481011,1.151556,0.368366,5.979815,0.428275,0.405499,-0.46833,1.0,,,,,,,,,,,,,,0,gru
460,658108,610.6466,604.653,1490,1,1,0,0,0.2976,2.035,goal,8665.4,-0.010088,0.449777,-0.872211,0.872693,4.560346,1.124039,0.33074,5.974257,0.436021,0.415768,-0.508887,1.0,-0.014837,0.004727,1.841939,0.003626,0.018875,0.10392,0.010225,0.091579,0.0001,,,,,0,gru
461,659575,595.4107,602.5938,1467,1,1,0,0,0.298,2.041,goal,8684.6,-0.027705,0.44442,-0.888426,0.880118,4.590787,1.140692,0.302341,5.973696,0.432696,0.415163,-0.688059,1.0,,,,,,,,,,,,,,0,gru
462,661057,605.2464,603.7697,1482,1,1,0,0,0.2969,2.043,goal,8703.9,-0.021419,0.448535,-0.87422,0.874255,4.591441,1.130541,0.314011,5.975359,0.434374,0.415518,-0.68453,1.0,,,,,,,,,,,,,,0,gru
463,662535,596.4497,602.956,1478,1,1,0,0,0.2996,2.038,goal,8722.5,-0.01682,0.448901,-0.866077,0.889597,4.544515,1.170074,0.327506,5.984733,0.424723,0.405122,-0.469036,1.0,,,,,,,,,,,,,,0,gru
464,664018,600.8831,601.4023,1483,1,1,0,0,0.2975,2.029,goal,8743.1,-0.029576,0.449361,-0.885024,0.850246,4.557853,1.168907,0.469134,5.983225,0.430135,0.405821,-0.466995,1.0,-0.024572,0.003767,1.841619,0.003614,0.014594,0.106641,0.003082,0.086802,0.0001,,,,,0,gru
465,665486,592.7637,601.2663,1468,1,1,0,0,0.2978,2.048,goal,8762.1,-0.011452,0.445578,-0.883302,0.856223,4.57263,1.13076,0.165462,5.963179,0.42542,0.405409,-0.490111,1.0,,,,,,,,,,,,,,0,gru
466,666939,594.0801,600.8288,1453,1,1,0,0,0.2982,2.049,goal,8780.7,-0.005625,0.445976,-0.893633,0.854297,4.620794,1.091842,0.464105,5.971057,0.429803,0.414142,-0.52516,1.0,,,,,,,,,,,,,,0,gru
467,668411,602.8973,600.3412,1472,1,1,0,0,0.2996,2.062,goal,8799.5,0.002373,0.43515,-0.873254,0.880995,4.62085,1.104194,0.356424,5.985742,0.430506,0.413905,-0.543105,1.0,,,,,,,,,,,,,,0,gru
468,669865,594.536,598.7344,1454,1,1,0,0,0.2983,2.073,goal,8820.4,0.021762,0.425756,-0.871786,0.868805,4.622647,1.123943,0.628463,5.975767,0.421338,0.420646,-0.51583,1.0,-0.013739,0.003127,1.842317,0.003602,0.018423,0.084469,0.010132,0.069077,0.0001,,,,,0,gru
469,671367,606.1248,599.9038,1502,1,1,0,0,0.2989,2.045,goal,8840.1,-0.020628,0.446172,-0.876325,0.870712,4.649648,1.098577,0.208572,5.989159,0.436867,0.417555,-0.553971,1.0,,,,,,,,,,,,,,0,gru
470,672859,602.8361,599.1228,1492,1,1,0,0,0.2982,2.044,goal,8859.3,0.012697,0.445782,-0.871756,0.878842,4.576993,1.134304,0.551947,5.970603,0.431148,0.415857,-0.552129,1.0,,,,,,,,,,,,,,0,gru
471,674328,595.2649,599.1082,1469,1,1,0,0,0.2994,2.041,goal,8878.4,0.022814,0.449022,-0.887449,0.895386,4.571336,1.142361,0.312799,5.985714,0.429364,0.414849,-0.540328,1.0,,,,,,,,,,,,,,0,gru
472,675822,596.3079,598.2144,1494,1,1,0,0,0.2992,2.026,goal,8899.8,-0.04752,0.456104,-0.884732,0.883893,4.54931,1.146987,0.550687,5.975338,0.426405,0.40717,-0.673988,1.0,-0.0197,0.003926,1.842875,0.00359,0.017984,0.107776,0.007022,0.083044,0.0001,,,,,0,gru
473,677306,608.9131,599.4607,1484,1,1,0,0,0.2976,2.07,goal,8918.6,0.005547,0.432338,-0.879102,0.88787,4.611682,1.104882,0.625516,5.982888,0.433285,0.415249,-0.54738,1.008568,,,,,,,,,,,,,,0,gru
474,678804,612.0138,600.5738,1498,1,1,0,0,0.2988,2.052,goal,8937.7,-0.021444,0.43742,-0.868142,0.874263,4.586593,1.150285,0.362089,5.988032,0.434759,0.416678,-0.562724,1.008268,,,,,,,,,,,,,,0,gru
475,680254,593.0527,600.6027,1450,1,1,0,0,0.2981,2.048,goal,8956.6,-0.014406,0.448994,-0.896405,0.84729,4.607203,1.08756,0.687237,5.978859,0.432498,0.415506,-0.572339,1.0,,,,,,,,,,,,,,0,gru
476,681735,607.8912,601.9838,1481,1,1,0,0,0.3,2.034,goal,8977.7,-0.010844,0.449699,-0.883155,0.868022,4.576025,1.151885,0.291713,5.982023,0.428263,0.411125,-0.582801,1.0,-0.021454,0.003514,1.8425,0.003578,0.014557,0.11069,0.005653,0.083063,0.0001,,,,,0,gru
477,683213,590.7853,600.7726,1478,1,1,0,0,0.2989,2.061,goal,8996.6,0.023522,0.432589,-0.84113,0.875208,4.566788,1.145348,0.569218,5.975003,0.42464,0.425214,-0.554819,1.0,,,,,,,,,,,,,,0,gru
478,684655,592.1759,600.5366,1442,1,1,0,0,0.2993,2.066,goal,9015.1,0.002644,0.434096,-0.863438,0.877309,4.550802,1.132055,0.180546,5.982831,0.429569,0.41434,-0.551104,1.0,,,,,,,,,,,,,,0,gru
479,686217,615.5219,601.4763,1562,1,1,0,0,0.2995,2.019,goal,9034.6,0.011264,0.461076,-0.867874,0.882589,4.522053,1.133433,0.227073,5.979244,0.419646,0.405998,-0.682839,1.008767,,,,,,,,,,,,,,0,gru
480,687726,604.2797,601.6206,1509,1,1,0,0,0.2975,2.05,goal,9055.7,0.026468,0.44093,-0.876946,0.877725,4.593636,1.15447,0.155082,5.992031,0.421407,0.422293,-0.6042,1.000879,-0.024659,0.004661,1.84197,0.003566,0.017864,0.0822,0.004826,0.064601,0.0001,,,,,0,gru
481,689201,597.3381,601.828,1475,1,1,0,0,0.2989,2.038,goal,9074.8,0.018874,0.449428,-0.882712,0.881419,4.597347,1.120245,0.620066,5.962068,0.425732,0.4141,-0.564455,1.0,,,,,,,,,,,,,,0,gru
482,690676,599.8643,602.1836,1475,1,1,0,0,0.2986,2.045,goal,9094.0,-0.016993,0.444237,-0.878323,0.858434,4.537381,1.169752,0.333401,5.956499,0.430403,0.414115,-0.573298,1.0,,,,,,,,,,,,,,0,gru
483,692186,610.5169,602.344,1510,1,1,0,0,0.2988,2.043,goal,9113.6,-0.018202,0.447373,-0.885182,0.882287,4.592122,1.117119,0.370759,5.971963,0.431129,0.415099,-0.639767,1.005903,,,,,,,,,,,,,,0,gru
484,693683,608.5344,601.996,1497,1,1,0,0,0.2982,2.058,goal,9135.3,0.009127,0.436206,-0.854608,0.870984,4.530538,1.158149,0.343092,5.98283,0.43099,0.414228,-0.565383,1.004062,-0.022795,0.004623,1.841758,0.003554,0.017011,0.165451,0.009726,0.144204,0.0001,,,,,0,gru
485,695161,600.8933,602.7801,1478,1,1,0,0,0.2995,2.047,goal,9154.7,-0.013887,0.440441,-0.868608,0.875109,4.513384,1.150594,0.189632,5.964894,0.428715,0.413917,-0.569489,1.0,,,,,,,,,,,,,,0,gru
486,696663,610.9151,603.0825,1502,1,1,0,0,0.2979,2.017,goal,9174.0,-0.01369,0.462138,-0.875847,0.885825,4.528442,1.147912,0.285846,5.98559,0.422016,0.403862,-0.527929,1.0,,,,,,,,,,,,,,0,gru
487,698135,597.6247,603.7664,1472,1,1,0,0,0.2975,2.035,goal,9193.0,-0.030798,0.448091,-0.871176,0.878705,4.538152,1.161209,0.299623,5.975456,0.42848,0.413389,-0.706376,1.0,,,,,,,,,,,,,,0,gru
488,699666,616.871,606.2359,1531,1,1,0,0,0.2987,2.016,goal,9214.7,-0.020663,0.458428,-0.887411,0.883667,4.482582,1.163294,0.297591,5.976025,0.422345,0.404098,-0.66255,1.002666,-0.021405,0.003379,1.841026,0.003542,0.016368,0.12488,0.006132,0.102523,0.0001,,,,,0,gru
489,701186,616.6549,606.3492,1520,1,1,0,0,0.2986,2.032,goal,9233.8,-0.025436,0.449288,-0.877495,0.888582,4.454281,1.18585,0.502889,5.989716,0.433247,0.415737,-0.66503,1.012264,,,,,,,,,,,,,,0,gru
490,702670,608.5693,606.7782,1484,1,1,0,0,0.2995,2.046,goal,9253.1,-0.004381,0.437243,-0.875035,0.856065,4.480995,1.191958,0.224768,5.986915,0.431673,0.414695,-0.529066,1.0,,,,,,,,,,,,,,0,gru
491,704149,606.967,607.7411,1479,1,1,0,0,0.2988,2.054,goal,9272.2,-0.005029,0.44166,-0.877337,0.887058,4.504804,1.166962,0.521775,5.95811,0.427486,0.412391,-0.521858,1.0,,,,,,,,,,,,,,0,gru
492,705608,601.6302,607.9177,1459,1,1,0,0,0.2994,2.04,goal,9292.8,-0.001006,0.446142,-0.882584,0.868223,4.459105,1.180012,0.370543,5.973113,0.429685,0.413383,-0.504547,1.0,-0.029375,0.003647,1.840321,0.00353,0.012985,0.07221,0.00505,0.057225,0.0001,,,,,0,gru
493,707078,605.388,607.4048,1470,1,1,0,0,0.299,2.054,goal,9311.7,-0.019579,0.439497,-0.870167,0.873184,4.52319,1.164614,0.23084,5.977171,0.429761,0.411827,-0.553989,1.0,,,,,,,,,,,,,,0,gru
494,708556,598.0206,606.3534,1478,1,1,0,0,0.2977,2.026,goal,9330.5,0.028217,0.449559,-0.856186,0.862885,4.544248,1.171283,0.44875,5.982653,0.422094,0.412967,-0.660854,1.0,,,,,,,,,,,,,,0,gru
495,710068,605.4456,606.8087,1512,1,1,0,0,0.2977,2.052,goal,9349.9,0.034502,0.43717,-0.887861,0.885105,4.55166,1.160791,0.367279,5.98355,0.42186,0.422895,-0.660662,1.005315,,,,,,,,,,,,,,0,gru
496,711588,616.2313,607.3403,1520,1,1,0,0,0.2974,2.021,goal,9371.7,-0.004845,0.453078,-0.886928,0.876248,4.453511,1.183745,0.210125,5.962084,0.420238,0.402597,-0.465575,1.0,-0.018696,0.003547,1.839516,0.003518,0.018486,0.130839,0.00876,0.113557,0.0001,,,,,0,gru
497,713086,612.5751,608.8353,1498,1,1,0,0,0.2996,2.04,goal,9390.8,-0.0119,0.445817,-0.880345,0.892958,4.465477,1.165831,0.369357,5.961665,0.427706,0.412703,-0.5541,1.004001,,,,,,,,,,,,,,0,gru
498,714571,597.846,606.9328,1485,1,1,0,0,0.2982,2.019,goal,9409.7,0.02558,0.45039,-0.890516,0.884117,4.471304,1.202571,0.423844,5.972213,0.417313,0.414295,-0.682097,1.0,,,,,,,,,,,,,,0,gru
499,716058,598.1095,605.0783,1487,1,1,0,0,0.2981,2.044,goal,9428.5,0.030401,0.441799,-0.869067,0.878734,4.487323,1.147026,0.486396,5.977724,0.416782,0.419961,-0.685725,1.0,,,,,,,,,,,,,,0,gru
500,717551,610.1202,605.2334,1493,1,1,0,0,0.2994,2.05,goal,9449.6,0.004586,0.439407,-0.865665,0.876525,4.454008,1.17759,0.365124,5.958487,0.427594,0.413761,-0.545398,1.004809,-0.019262,0.003521,1.838864,0.003506,0.017889,0.107369,0.00679,0.091044,0.0001,,,,,0,gru
