episode,global_step,reward,avg10,length,success,goal_touched,collision,timeout,min_dist,avg_speed_ms,end_reason,elapsed_s,act0_mean,act0_std,act0_min,act0_max,act1_mean,act1_std,act1_min,act1_max,obs_mean,obs_std,obs_min,obs_max,actor_loss,critic_loss,policy_entropy,entropy_coef,value_residual,grad_norm_actor,grad_norm_critic,grad_norm_rnn,lr_actor,lr_critic,alpha,alpha_loss,target_update_magnitude,replay_buffer_size,recurrent_cell
1,281,31.6541,31.6541,281,0,0,1,0,3.5692,1.594,collision,3.3,-0.401236,0.601323,-0.899162,0.896175,5.872341,0.241201,4.075065,5.999089,0.396442,0.393466,-0.577027,1.0,,,,,,,,,,,,,,0,lstm
2,436,-3.5854,14.0343,155,0,0,1,0,3.6603,1.625,collision,5.0,-0.554203,0.436777,-0.899314,0.821697,5.850097,0.280163,3.967118,5.99946,0.414508,0.391434,-0.478854,1.0,,,,,,,,,,,,,,0,lstm
3,716,30.3835,19.484,280,0,0,1,0,3.5747,1.641,collision,8.1,-0.328537,0.613572,-0.898787,0.898136,5.86341,0.288507,3.592423,5.999254,0.399614,0.393727,-0.602286,1.0,,,,,,,,,,,,,,0,lstm
4,886,-0.2858,14.5416,170,0,0,1,0,3.6454,1.63,collision,10.7,-0.562192,0.410115,-0.898901,0.717531,5.888723,0.204291,4.422684,5.999672,0.410236,0.389425,-0.540231,1.0,-0.053318,0.031187,1.886511,0.006742,0.084243,0.7402,0.059372,2.688576,3.7e-05,,,,,0,lstm
5,1034,-3.4728,10.9387,148,0,0,1,0,3.6647,1.879,collision,12.4,-0.327858,0.470332,-0.897376,0.769021,5.895461,0.230435,3.600717,5.998703,0.40406,0.380245,-0.361162,1.0,,,,,,,,,,,,,,0,lstm
6,1316,29.8474,14.0902,282,0,0,1,0,3.5835,1.753,collision,15.4,-0.092811,0.626627,-0.892156,0.897082,5.899038,0.216195,3.451841,5.998974,0.399056,0.392979,-0.64808,1.013833,,,,,,,,,,,,,,0,lstm
7,1610,-21.1164,9.0607,294,0,0,1,0,3.6945,1.499,collision,18.7,0.188528,0.731053,-0.897409,0.895922,5.894124,0.178359,4.704458,5.998692,0.379405,0.430761,-0.998322,1.0,,,,,,,,,,,,,,0,lstm
8,2012,-27.8289,4.4495,402,0,0,1,0,3.6675,1.722,collision,23.8,0.095193,0.636644,-0.898608,0.895349,5.871027,0.23287,3.849957,5.999564,0.392189,0.429017,-1.0,1.005062,-0.020412,0.030117,1.886344,0.006726,0.070903,0.482313,0.019266,1.291864,4.9e-05,,,,,0,lstm
9,2293,30.6694,7.3628,281,0,0,1,0,3.578,1.725,collision,26.9,-0.226902,0.616164,-0.899676,0.898441,5.898736,0.171364,4.824967,5.999328,0.389299,0.383444,-0.616773,1.01085,,,,,,,,,,,,,,0,lstm
10,2575,32.5648,9.883,282,0,0,1,0,3.5804,1.623,collision,29.9,-0.261793,0.646392,-0.899688,0.899169,5.898036,0.161447,4.926306,5.999451,0.389308,0.387068,-0.619473,1.0,,,,,,,,,,,,,,0,lstm
11,2870,7.5917,7.4768,295,0,0,1,0,3.6421,1.678,collision,33.2,0.15298,0.656181,-0.892643,0.897828,5.885665,0.30501,2.149162,5.999289,0.387404,0.406362,-0.963883,1.006757,,,,,,,,,,,,,,0,lstm
12,3151,31.849,11.0202,281,0,0,1,0,3.5805,1.615,collision,36.9,-0.326422,0.622501,-0.899539,0.897208,5.866887,0.251967,3.915309,5.998941,0.389431,0.386443,-0.626829,1.0,-0.006902,0.028094,1.886216,0.00671,0.071758,0.359187,0.06137,0.836764,6.1e-05,,,,,0,lstm
13,3321,4.5956,8.4414,170,0,0,1,0,3.5688,1.948,collision,38.9,-0.299295,0.431698,-0.898237,0.811898,5.898727,0.269996,3.615335,5.999104,0.399753,0.380823,-0.439592,1.0,,,,,,,,,,,,,,0,lstm
14,3483,-0.4079,8.4292,162,0,0,1,0,3.6515,1.832,collision,40.8,-0.425644,0.413556,-0.897498,0.801326,5.869424,0.281661,4.086919,5.999509,0.398514,0.38044,-0.561389,1.0,,,,,,,,,,,,,,0,lstm
15,3764,31.1798,11.8944,281,0,0,1,0,3.5734,1.642,collision,43.8,-0.333619,0.609499,-0.899344,0.894146,5.900514,0.15172,4.61689,5.999722,0.390018,0.385906,-0.595921,1.0,,,,,,,,,,,,,,0,lstm
16,4066,-6.6215,8.2476,302,0,0,1,0,3.6908,1.598,collision,47.5,0.206462,0.674083,-0.89497,0.894389,5.894761,0.210302,4.188492,5.999454,0.394483,0.430398,-0.98358,1.0,-0.037793,0.030845,1.886221,0.006693,0.083987,0.675683,0.060173,2.807127,7.3e-05,,,,,0,lstm
17,4367,27.1352,13.0727,301,0,0,1,0,3.6179,1.644,collision,50.9,-0.152884,0.671936,-0.899567,0.894507,5.904412,0.153189,4.737273,5.999713,0.412467,0.404637,-0.76708,1.000154,,,,,,,,,,,,,,0,lstm
18,4668,-7.1148,15.1441,301,0,0,1,0,3.6709,1.677,collision,54.2,0.200817,0.632061,-0.89411,0.895123,5.913183,0.145197,4.673858,5.999578,0.397377,0.430218,-0.985059,1.0,,,,,,,,,,,,,,0,lstm
19,4949,30.0675,15.0839,281,0,0,1,0,3.5831,1.678,collision,57.3,-0.27108,0.6143,-0.899388,0.891936,5.884712,0.267043,2.277536,5.999185,0.387481,0.384874,-0.645019,1.0,,,,,,,,,,,,,,0,lstm
20,5115,-0.7915,11.7483,166,0,0,1,0,3.6324,1.772,collision,59.6,-0.497647,0.392571,-0.898397,0.776374,5.895296,0.217899,4.515955,5.99962,0.38728,0.368996,-0.593073,1.0,-0.035635,0.026519,1.886312,0.006677,0.06823,0.86193,0.026743,2.408201,8.5e-05,,,,,0,lstm
21,5420,-15.1646,9.4727,305,0,0,1,0,3.7283,1.584,collision,63.1,0.222669,0.681265,-0.893775,0.895355,5.883796,0.255703,2.65009,5.999578,0.386086,0.434821,-0.990588,1.0,,,,,,,,,,,,,,0,lstm
22,5700,28.6147,9.1492,280,0,0,1,0,3.579,1.706,collision,66.4,-0.298176,0.593505,-0.899544,0.898522,5.891712,0.185358,4.505317,5.998931,0.38022,0.379751,-0.636297,1.0,,,,,,,,,,,,,,0,lstm
23,6005,-4.4387,8.2458,305,0,0,1,0,3.7172,1.646,collision,69.9,0.220157,0.641932,-0.895851,0.895168,5.896203,0.17591,4.700146,5.998874,0.395091,0.431748,-0.982053,1.004219,,,,,,,,,,,,,,0,lstm
24,6158,-8.1213,7.4745,153,0,0,1,0,3.7993,1.293,collision,72.1,-0.852741,0.085289,-0.899472,-0.274985,5.885514,0.278516,2.937691,5.998188,0.419784,0.396908,-0.638765,1.0,0.000672,0.028637,1.886621,0.006661,0.074914,0.286969,0.027307,0.605894,9.7e-05,,,,,0,lstm
25,6454,-3.5585,4.0006,296,0,0,1,0,3.6564,1.658,collision,75.5,-0.039341,0.679021,-0.897953,0.897407,5.896416,0.188632,4.489743,5.999056,0.376925,0.406225,-0.989032,1.0,,,,,,,,,,,,,,0,lstm
26,6758,17.2906,6.3919,304,0,0,1,0,3.6492,1.478,collision,78.9,-0.154939,0.755152,-0.899239,0.897967,5.892914,0.219466,3.660324,5.998973,0.401528,0.408145,-0.906526,1.000965,,,,,,,,,,,,,,0,lstm
27,7037,21.6211,5.8405,279,0,0,1,0,3.5627,1.829,collision,82.0,-0.045368,0.587422,-0.893631,0.895789,5.895114,0.225532,3.870083,5.998994,0.395079,0.395807,-0.761954,1.009837,,,,,,,,,,,,,,0,lstm
28,7311,24.1802,8.97,274,0,0,1,0,3.515,1.811,collision,85.8,-0.153072,0.57328,-0.885355,0.884418,5.874745,0.324286,1.931138,5.999373,0.379935,0.380019,-0.72797,1.0,-0.007588,0.023865,1.887053,0.006645,0.051181,0.535165,0.028948,1.767656,0.0001,,,,,0,lstm
29,7623,-27.0569,3.2575,312,0,0,1,0,3.7339,1.569,collision,89.2,0.154218,0.707618,-0.897602,0.896173,5.875331,0.211963,4.437799,5.998644,0.367928,0.432946,-0.999949,1.0,,,,,,,,,,,,,,0,lstm
30,8048,-37.3546,-0.3988,425,0,0,1,0,3.6642,1.702,collision,93.9,-0.10915,0.646761,-0.899446,0.892773,5.892084,0.183274,4.132998,5.999452,0.385722,0.430134,-0.999998,1.0,,,,,,,,,,,,,,0,lstm
31,8454,-27.4973,-1.6321,406,0,0,1,0,3.6621,1.583,collision,98.6,-0.125023,0.708156,-0.899669,0.893162,5.872342,0.224493,4.263433,5.999026,0.389838,0.42918,-1.0,1.0,,,,,,,,,,,,,,0,lstm
32,8734,21.8935,-2.3042,280,0,0,1,0,3.588,1.772,collision,102.3,-0.143078,0.59924,-0.89009,0.89677,5.919373,0.123991,4.990058,5.999057,0.382619,0.386277,-0.711562,1.0,-0.010818,0.023242,1.887504,0.006629,0.057783,0.517372,0.010172,1.221863,0.0001,,,,,0,lstm
33,9025,14.2521,-0.4351,291,0,0,1,0,3.6105,1.658,collision,105.6,-0.034106,0.679132,-0.899482,0.898159,5.901034,0.20178,3.589921,5.998598,0.395809,0.404452,-0.867628,1.0,,,,,,,,,,,,,,0,lstm
34,9777,-106.8437,-10.3073,752,0,0,1,0,3.5813,1.932,collision,113.8,0.036477,0.533436,-0.896379,0.889649,5.885353,0.218613,3.312184,5.999517,0.41436,0.472353,-1.0,1.0,,,,,,,,,,,,,,0,lstm
35,10057,23.2737,-7.6241,280,0,0,1,0,3.5942,1.721,collision,117.0,-0.195983,0.616767,-0.892865,0.896225,5.90838,0.152871,4.485799,5.999491,0.380675,0.381077,-0.707082,1.0,,,,,,,,,,,,,,0,lstm
36,10333,19.0414,-7.449,276,0,0,1,0,3.5565,1.734,collision,120.5,-0.195221,0.608392,-0.896929,0.898018,5.904443,0.160714,4.274807,5.999379,0.381909,0.386618,-0.818878,1.0,-0.027842,0.022614,1.887891,0.006612,0.052255,0.477492,0.013888,1.483859,0.0001,,,,,0,lstm
37,10645,24.6101,-7.1501,312,0,0,1,0,3.6562,1.528,collision,124.0,-0.177993,0.724531,-0.898838,0.896328,5.880935,0.245148,3.806248,5.999348,0.41379,0.414895,-0.837211,1.010404,,,,,,,,,,,,,,0,lstm
38,10918,20.5097,-7.5172,273,0,0,1,0,3.507,1.815,collision,127.1,-0.185315,0.566889,-0.892008,0.888842,5.897359,0.256816,3.209733,5.999301,0.376916,0.379655,-0.757787,1.0,,,,,,,,,,,,,,0,lstm
39,11312,-21.38,-6.9495,394,0,0,1,0,3.6825,1.572,collision,131.5,-0.069681,0.722355,-0.899374,0.896218,5.878002,0.224581,3.897911,5.99887,0.361585,0.428149,-1.0,1.0,,,,,,,,,,,,,,0,lstm
40,11581,16.4444,-1.5696,269,0,0,1,0,3.5069,1.878,collision,134.8,-0.002387,0.561741,-0.890746,0.890133,5.908939,0.185267,4.078928,5.999734,0.37686,0.387111,-0.808455,1.001191,-0.004721,0.024954,1.888038,0.006596,0.067922,0.402891,0.015077,0.928269,0.0001,,,,,0,lstm
41,12026,-53.4779,-4.1677,445,0,0,1,0,3.6665,1.637,collision,139.7,-0.23931,0.655261,-0.899071,0.880029,5.88662,0.190586,4.518311,5.999098,0.394714,0.440781,-1.0,1.0,,,,,,,,,,,,,,0,lstm
42,14145,-89.7882,-15.3358,2119,0,0,1,0,2.0142,1.856,collision,163.3,-0.046647,0.581515,-0.89953,0.891389,5.865995,0.254803,3.385979,5.999723,0.373004,0.441936,-0.999999,1.014071,,,,,,,,,,,,,,0,lstm
43,14412,12.5424,-15.5068,267,0,0,1,0,3.4858,1.948,collision,166.4,-0.052879,0.524201,-0.87327,0.89031,5.901642,0.165982,4.747674,5.999324,0.376123,0.390136,-0.804721,1.0,,,,,,,,,,,,,,0,lstm
44,14884,-81.605,-12.9829,472,0,0,1,0,3.7555,1.872,collision,173.1,-0.026826,0.569091,-0.894673,0.880744,5.89281,0.210982,3.710398,5.999516,0.40308,0.462607,-1.0,1.0,0.009308,0.015473,1.888543,0.00658,0.057333,0.56529,0.022055,1.478265,0.0001,,,,,0,lstm
45,15019,-12.4512,-16.5554,135,0,0,1,0,3.8036,1.272,collision,174.6,-0.853927,0.15861,-0.899456,0.760102,5.846192,0.31956,3.202519,5.998788,0.409414,0.390305,-0.59752,1.0,,,,,,,,,,,,,,0,lstm
46,15310,10.451,-17.4145,291,0,0,1,0,3.6183,1.617,collision,177.8,0.004709,0.693668,-0.897915,0.897729,5.897069,0.191705,4.291677,5.99972,0.386722,0.400621,-0.886993,1.0,,,,,,,,,,,,,,0,lstm
47,16071,-127.6969,-32.6452,761,0,0,1,0,3.6188,1.882,collision,186.1,-0.029712,0.56387,-0.897843,0.873987,5.876391,0.256097,2.29653,5.999529,0.407416,0.47187,-1.0,1.0,,,,,,,,,,,,,,0,lstm
48,16367,8.3236,-33.8638,296,0,0,1,0,3.6398,1.492,collision,190.0,-0.096849,0.754633,-0.899156,0.897788,5.912156,0.130067,5.094824,5.99908,0.38783,0.40361,-0.935868,1.0,-0.013553,0.022434,1.888949,0.006564,0.055974,0.627638,0.021744,1.389294,0.0001,,,,,0,lstm
49,17138,-129.1871,-44.6445,771,0,0,1,0,3.6671,1.978,collision,198.3,0.042014,0.503858,-0.895193,0.883852,5.886235,0.207424,4.14685,5.999432,0.415679,0.476411,-1.0,1.003784,,,,,,,,,,,,,,0,lstm
50,17444,1.051,-46.1838,306,0,0,1,0,3.7152,1.727,collision,201.6,0.130866,0.631491,-0.89438,0.898829,5.89729,0.227655,3.062624,5.999727,0.3876,0.42184,-0.916,1.008946,,,,,,,,,,,,,,0,lstm
51,17715,9.2983,-39.9062,271,0,0,1,0,3.4833,1.926,collision,204.7,-0.019806,0.530233,-0.853417,0.885989,5.895848,0.192451,4.584494,5.999585,0.378959,0.396366,-0.851993,1.0,,,,,,,,,,,,,,0,lstm
52,17993,15.4606,-29.3813,278,0,0,1,0,3.5996,1.703,collision,208.5,-0.252843,0.607831,-0.899138,0.896603,5.88784,0.169932,4.922694,5.999544,0.377172,0.387925,-0.81627,1.0,-0.0178,0.021712,1.889142,0.006548,0.047363,0.473324,0.015741,0.958599,0.0001,,,,,0,lstm
53,18725,-71.9478,-37.8304,732,0,0,1,0,3.4908,1.88,collision,216.7,-0.052578,0.56794,-0.899441,0.887997,5.89321,0.1799,4.24332,5.999718,0.402565,0.459175,-1.0,1.0,,,,,,,,,,,,,,0,lstm
54,19213,-86.7179,-38.3416,488,0,0,1,0,3.7527,1.933,collision,222.2,-0.050494,0.535257,-0.896459,0.860098,5.890353,0.236209,2.968762,5.99977,0.406038,0.465782,-1.0,1.0,,,,,,,,,,,,,,0,lstm
55,19989,-144.8646,-51.583,776,0,0,1,0,3.6619,1.948,collision,230.8,-0.029333,0.52856,-0.898852,0.875594,5.878946,0.264343,1.362038,5.999286,0.410024,0.47582,-1.0,1.0,,,,,,,,,,,,,,0,lstm
56,20277,11.3213,-51.496,288,0,0,1,0,3.6443,1.766,collision,235.1,-0.021776,0.625641,-0.890225,0.896963,5.925294,0.134154,4.736036,5.999437,0.391094,0.406555,-0.802835,1.007834,0.022753,0.018968,1.889246,0.006531,0.049837,0.50668,0.024948,1.061807,0.0001,,,,,0,lstm
57,20545,16.3932,-37.0869,268,0,0,1,0,3.4816,1.788,collision,238.1,-0.078374,0.601158,-0.890598,0.891473,5.884996,0.298204,2.333447,5.999595,0.365076,0.376641,-0.846171,1.0,,,,,,,,,,,,,,0,lstm
58,22536,-137.717,-51.691,1991,0,0,1,0,2.3381,1.975,collision,259.9,-0.035446,0.512148,-0.898301,0.879909,5.864237,0.283517,2.089579,5.999815,0.371991,0.444409,-1.0,1.055049,,,,,,,,,,,,,,0,lstm
59,22832,15.1923,-37.2531,296,0,0,1,0,3.6294,1.617,collision,263.3,-0.10816,0.689717,-0.898394,0.898346,5.919585,0.189457,3.901869,5.99964,0.397634,0.405437,-0.886783,1.0,,,,,,,,,,,,,,0,lstm
60,24875,-91.9003,-46.5482,2043,0,0,1,0,2.0966,1.913,collision,287.8,-0.085339,0.544132,-0.899412,0.883192,5.872507,0.230161,2.979996,5.999571,0.372814,0.444275,-1.0,1.024028,0.012041,0.013584,1.889456,0.006515,0.051431,0.544073,0.048357,1.134867,0.0001,,,,,0,lstm
61,25147,19.9067,-45.4873,272,0,0,1,0,3.5512,1.815,collision,290.8,-0.159611,0.581668,-0.896952,0.897567,5.913011,0.223585,3.598338,5.999167,0.372386,0.377986,-0.767889,1.0,,,,,,,,,,,,,,0,lstm
62,25925,-142.4269,-61.2761,778,0,0,1,0,3.6794,1.978,collision,299.1,0.002242,0.506511,-0.897299,0.865737,5.877431,0.220375,3.175098,5.999208,0.412884,0.476639,-0.999999,1.0,,,,,,,,,,,,,,0,lstm
63,26198,17.0073,-52.3806,273,0,0,1,0,3.5449,1.77,collision,302.0,-0.18066,0.592734,-0.898385,0.893724,5.906536,0.178386,4.151137,5.999626,0.376191,0.384151,-0.828349,1.0,,,,,,,,,,,,,,0,lstm
64,26477,19.1721,-41.7916,279,0,0,1,0,3.5936,1.682,collision,305.5,-0.311033,0.586552,-0.898157,0.895763,5.91123,0.127937,5.138467,5.999328,0.38401,0.387866,-0.765782,1.0,-0.029779,0.020914,1.889728,0.006499,0.057657,0.376606,0.062818,0.850196,0.0001,,,,,0,lstm
65,27249,-134.8272,-40.7879,772,0,0,1,0,3.6416,2.01,collision,313.4,-0.007614,0.491858,-0.896699,0.85034,5.899209,0.187014,4.1185,5.999826,0.409944,0.47331,-1.0,1.0,,,,,,,,,,,,,,0,lstm
66,29749,-229.2583,-64.8458,2500,0,0,0,1,2.2616,1.821,max_steps,339.2,-0.237824,0.561064,-0.899461,0.88089,5.881837,0.244888,1.838609,5.99985,0.375099,0.448176,-1.0,1.062,,,,,,,,,,,,,,0,lstm
67,30038,16.0635,-64.8788,289,0,0,1,0,3.6627,1.659,collision,342.3,-0.103144,0.67217,-0.897716,0.895939,5.922917,0.135568,4.918448,5.99964,0.392631,0.403944,-0.820719,1.010048,,,,,,,,,,,,,,0,lstm
68,30186,-8.5599,-51.9631,148,0,0,1,0,3.8257,1.315,collision,345.1,-0.839189,0.087677,-0.899442,-0.456672,5.902254,0.135824,5.189098,5.998715,0.421843,0.398001,-0.566921,1.0,-0.002353,0.01433,1.889851,0.006483,0.049084,0.252397,0.026881,0.418847,0.0001,,,,,0,lstm
69,30464,13.2797,-52.1543,278,0,0,1,0,3.5746,1.839,collision,347.8,-0.068011,0.579131,-0.891752,0.895119,5.922702,0.116358,5.175315,5.999868,0.389399,0.40004,-0.843681,1.0,,,,,,,,,,,,,,0,lstm
70,31239,-122.4228,-55.2066,775,0,0,1,0,3.6576,2.021,collision,355.8,0.006647,0.48394,-0.891075,0.844465,5.905603,0.169066,3.756255,5.999719,0.412398,0.471958,-1.0,1.005766,,,,,,,,,,,,,,0,lstm
71,31538,17.0025,-55.497,299,0,0,1,0,3.6457,1.503,collision,359.0,-0.247601,0.716573,-0.898883,0.896623,5.91076,0.193747,3.77318,5.99951,0.399488,0.40643,-0.869074,1.000186,,,,,,,,,,,,,,0,lstm
72,33329,-93.9816,-50.6525,1791,0,0,1,0,2.1831,2.037,collision,379.1,0.000226,0.475829,-0.89718,0.887092,5.8835,0.231754,3.367584,5.999641,0.370659,0.442674,-1.0,1.005425,0.016752,0.014612,1.889781,0.006467,0.044922,0.315414,0.016151,0.535895,0.0001,,,,,0,lstm
73,33598,13.6472,-50.9885,269,0,0,1,0,3.4614,1.865,collision,382.0,-0.041498,0.570498,-0.886534,0.88561,5.935093,0.099489,5.119485,5.999599,0.368947,0.384805,-0.836579,1.0,,,,,,,,,,,,,,0,lstm
74,34371,-144.3975,-67.3455,773,0,0,1,0,3.6454,2.008,collision,390.2,0.001798,0.491792,-0.898994,0.870841,5.902515,0.189349,3.633726,5.999528,0.413989,0.478807,-1.0,1.0,,,,,,,,,,,,,,0,lstm
75,34636,16.4087,-52.2219,265,0,0,1,0,3.4525,1.862,collision,393.0,-0.129962,0.554129,-0.881885,0.891627,5.908964,0.20636,3.90327,5.99949,0.373808,0.381682,-0.821565,1.0,,,,,,,,,,,,,,0,lstm
76,35406,-114.775,-40.7735,770,0,0,1,0,3.647,2.016,collision,402.0,0.011707,0.482697,-0.895681,0.875397,5.918363,0.150984,4.263877,5.999553,0.414672,0.472212,-1.0,1.004979,-0.035943,0.025929,1.890261,0.00645,0.055075,0.7363,0.059697,1.206187,0.0001,,,,,0,lstm
77,35556,-7.9541,-43.1753,150,0,0,1,0,3.7935,1.329,collision,403.6,-0.829423,0.120612,-0.899589,0.090344,5.900035,0.197931,4.340563,5.999123,0.421185,0.396735,-0.567416,1.0,,,,,,,,,,,,,,0,lstm
78,35858,13.4183,-40.9775,302,0,0,1,0,3.655,1.613,collision,406.8,-0.138385,0.691412,-0.898778,0.897416,5.911399,0.205544,3.28136,5.999521,0.397891,0.410914,-0.873371,1.009996,,,,,,,,,,,,,,0,lstm
79,36623,-114.9471,-53.8001,765,0,0,1,0,3.6201,1.941,collision,414.7,-0.037914,0.529326,-0.899051,0.881967,5.9137,0.177737,3.915894,5.999651,0.406844,0.468029,-1.0,1.0,,,,,,,,,,,,,,0,lstm
80,37389,-121.0884,-53.6667,766,0,0,1,0,3.6618,1.986,collision,423.7,-0.044095,0.503597,-0.895051,0.842052,5.894081,0.219318,3.45456,5.999639,0.407258,0.468766,-1.0,1.0,-0.004178,0.016852,1.890919,0.006434,0.052141,0.363154,0.031603,0.494918,0.0001,,,,,0,lstm
81,39402,-108.8884,-66.2558,2013,0,0,1,0,2.2247,1.956,collision,444.0,-0.066644,0.521953,-0.899433,0.880393,5.900597,0.203508,1.647182,5.999754,0.373045,0.443494,-1.0,1.030481,,,,,,,,,,,,,,0,lstm
82,39680,22.0079,-54.6568,278,0,0,1,0,3.5866,1.694,collision,446.9,-0.387656,0.537433,-0.897884,0.895758,5.918634,0.160529,4.49179,5.999401,0.381533,0.381689,-0.748071,1.0,,,,,,,,,,,,,,0,lstm
83,39823,-12.5088,-57.2724,143,0,0,1,0,3.765,1.272,collision,448.3,-0.862632,0.135529,-0.899103,0.183281,5.879233,0.250332,3.926782,5.99934,0.4045,0.389497,-0.70247,1.0,,,,,,,,,,,,,,0,lstm
84,41755,-130.8382,-55.9165,1932,0,0,1,0,2.4097,1.968,collision,469.7,-0.049067,0.516098,-0.898881,0.890212,5.893591,0.2141,2.971134,5.999478,0.370992,0.441906,-1.0,1.022382,0.007397,0.012346,1.891731,0.006418,0.054044,0.56833,0.040543,0.631497,0.0001,,,,,0,lstm
85,41904,-9.8987,-58.5472,149,0,0,1,0,3.8403,1.268,collision,471.3,-0.860923,0.12651,-0.898776,0.514804,5.902399,0.152337,4.824081,5.998769,0.41306,0.39414,-0.674199,1.000334,,,,,,,,,,,,,,0,lstm
86,42190,6.0104,-46.4687,286,0,0,1,0,3.6295,1.619,collision,474.3,-0.148495,0.684738,-0.899016,0.894821,5.9053,0.217699,3.496431,5.999965,0.385333,0.402634,-0.943225,1.0,,,,,,,,,,,,,,0,lstm
87,42322,-15.5355,-47.2268,132,0,0,1,0,3.8582,1.255,collision,475.8,-0.875483,0.086522,-0.899725,-0.011583,5.87152,0.26067,3.819693,5.999655,0.400246,0.390653,-0.694874,1.0,,,,,,,,,,,,,,0,lstm
88,43094,-137.6089,-62.3296,772,0,0,1,0,3.6809,2.01,collision,484.4,-0.011144,0.488765,-0.89777,0.871248,5.912868,0.195686,2.534158,5.999704,0.411802,0.475272,-1.0,1.000629,0.014113,0.021745,1.892125,0.006402,0.049765,0.16771,0.06495,0.196525,0.0001,,,,,0,lstm
89,43854,-105.3443,-61.3693,760,0,0,1,0,3.6129,1.958,collision,492.3,-0.03793,0.515867,-0.897777,0.8655,5.91308,0.202983,2.813887,5.999464,0.407575,0.465224,-1.0,1.004181,,,,,,,,,,,,,,0,lstm
90,44126,8.4194,-48.4185,272,0,0,1,0,3.6012,1.962,collision,495.0,0.027625,0.515589,-0.858466,0.896365,5.910269,0.170709,4.548748,5.999191,0.388876,0.405787,-0.801543,1.008549,,,,,,,,,,,,,,0,lstm
91,44401,9.3521,-36.5945,275,0,0,1,0,3.5971,1.857,collision,497.8,-0.03617,0.56925,-0.896832,0.895035,5.916492,0.161047,4.877737,5.999297,0.389052,0.404446,-0.848213,1.001131,,,,,,,,,,,,,,0,lstm
92,45177,-129.5393,-51.7492,776,0,0,1,0,3.679,2.001,collision,506.7,0.005608,0.497179,-0.894213,0.86082,5.910847,0.177927,4.261629,5.999807,0.415596,0.475707,-1.0,1.006886,0.076679,0.019444,1.89228,0.006386,0.042752,0.469433,0.031058,0.704788,0.0001,,,,,0,lstm
93,47125,-119.0506,-62.4034,1948,0,0,1,0,2.4346,1.991,collision,526.5,-0.045585,0.503032,-0.899368,0.891293,5.89085,0.241847,2.185354,5.999679,0.36798,0.440894,-1.0,1.046237,,,,,,,,,,,,,,0,lstm
94,47402,18.2471,-47.4948,277,0,0,1,0,3.5907,1.788,collision,529.5,-0.250312,0.552195,-0.893718,0.89257,5.928838,0.120124,4.810283,5.99963,0.374844,0.382868,-0.766516,1.0,,,,,,,,,,,,,,0,lstm
95,48187,-143.3052,-60.8355,785,0,0,1,0,3.712,1.99,collision,537.7,-0.04536,0.502565,-0.897853,0.853551,5.910513,0.180587,3.765859,5.999656,0.407629,0.472597,-0.999999,1.0,,,,,,,,,,,,,,0,lstm
96,48971,-120.2249,-73.459,784,0,0,1,0,3.7023,1.998,collision,547.0,-0.022305,0.499178,-0.89736,0.879413,5.906785,0.190174,3.907398,5.999768,0.411739,0.470275,-1.0,1.009933,-0.004167,0.014794,1.892387,0.006369,0.043295,0.635863,0.020207,1.127413,0.0001,,,,,0,lstm
97,49242,9.5818,-70.9473,271,0,0,1,0,3.6024,1.831,collision,549.8,-0.079192,0.589322,-0.89603,0.895018,5.939998,0.107393,4.993096,5.999394,0.381655,0.399119,-0.807501,1.000714,,,,,,,,,,,,,,0,lstm
98,49539,9.1217,-56.2742,297,0,0,1,0,3.6441,1.531,collision,553.0,-0.21584,0.710157,-0.899431,0.898639,5.891363,0.345939,1.825556,5.999295,0.395539,0.410053,-0.946906,1.0,,,,,,,,,,,,,,0,lstm
99,49686,-10.0971,-46.7495,147,0,0,1,0,3.8409,1.263,collision,554.6,-0.871197,0.052051,-0.899326,-0.426655,5.91779,0.124165,5.399951,5.9994,0.415954,0.395662,-0.655871,1.000033,,,,,,,,,,,,,,0,lstm
100,49962,17.5069,-45.8408,276,0,0,1,0,3.5901,1.789,collision,558.2,-0.250815,0.564727,-0.893403,0.897845,5.905496,0.206283,3.448305,5.99916,0.376254,0.385256,-0.797256,1.0,-0.026928,0.027571,1.892219,0.006353,0.060063,0.68396,0.047944,1.000647,0.0001,,,,,0,lstm
101,50231,15.5605,-45.2199,269,0,0,1,0,3.53,1.752,collision,561.0,-0.239603,0.588684,-0.898828,0.894847,5.913699,0.156217,4.600624,5.999196,0.373755,0.381266,-0.764372,1.0,,,,,,,,,,,,,,0,lstm
102,50390,-6.0501,-32.871,159,0,0,1,0,3.8015,1.34,collision,562.7,-0.813564,0.18524,-0.899263,0.533868,5.912401,0.147662,4.601388,5.999707,0.424889,0.400258,-0.593365,1.0,,,,,,,,,,,,,,0,lstm
103,50559,-5.7571,-21.5416,169,0,0,1,0,3.7414,1.487,collision,564.4,-0.705891,0.311415,-0.899172,0.600241,5.914583,0.214279,3.535404,5.998754,0.423441,0.400272,-0.869414,1.0,,,,,,,,,,,,,,0,lstm
104,50704,-11.0576,-24.4721,145,0,0,1,0,3.785,1.263,collision,566.3,-0.860506,0.141359,-0.899607,0.746101,5.864124,0.252997,4.159063,5.999054,0.412026,0.392424,-0.681336,1.0,-0.022563,0.033473,1.892062,0.006337,0.077253,0.746909,0.07552,0.751886,0.0001,,,,,0,lstm
105,50859,-8.6182,-11.0034,155,0,0,1,0,3.7819,1.288,collision,568.0,-0.844137,0.171078,-0.899477,0.500726,5.909146,0.117795,5.299285,5.998753,0.416811,0.396313,-0.712068,1.0,,,,,,,,,,,,,,0,lstm
106,51140,9.94,2.0131,281,0,0,1,0,3.6119,1.774,collision,571.0,-0.133733,0.610716,-0.897945,0.897533,5.915,0.181171,3.911183,5.999291,0.378806,0.395906,-0.825846,1.0,,,,,,,,,,,,,,0,lstm
107,51926,-126.8528,-11.6304,786,0,0,1,0,3.6948,2.009,collision,578.9,-0.015907,0.488936,-0.896195,0.856348,5.915586,0.167061,4.290462,5.999681,0.413538,0.473443,-1.0,1.013026,,,,,,,,,,,,,,0,lstm
108,53815,-107.9907,-23.3416,1889,0,0,1,0,2.2304,2.026,collision,599.3,0.016243,0.479155,-0.898305,0.889732,5.900745,0.197976,3.227304,5.999692,0.361807,0.438535,-1.0,1.014904,0.018095,0.015836,1.891717,0.006321,0.050181,0.315822,0.047567,0.467099,0.0001,,,,,0,lstm
109,54598,-156.8128,-38.0132,783,0,0,1,0,3.6881,1.991,collision,607.2,-0.0235,0.50373,-0.898504,0.873012,5.912535,0.217927,2.433743,5.999487,0.406378,0.474374,-0.999999,1.00173,,,,,,,,,,,,,,0,lstm
110,56390,-108.6293,-50.6268,1792,0,0,1,0,2.1807,2.04,collision,625.1,-0.002421,0.470905,-0.899223,0.88318,5.900723,0.214401,2.874749,5.999554,0.364114,0.440803,-1.0,1.00887,,,,,,,,,,,,,,0,lstm
111,56666,11.1868,-51.0642,276,0,0,1,0,3.6345,1.782,collision,628.0,-0.106917,0.612783,-0.897761,0.897177,5.916564,0.175876,4.354351,5.99985,0.379358,0.397168,-0.823693,1.010281,,,,,,,,,,,,,,0,lstm
112,57444,-120.8159,-62.5408,778,0,0,1,0,3.6416,1.977,collision,637.6,-0.026812,0.50796,-0.897195,0.848607,5.921613,0.139305,4.544519,5.999871,0.410798,0.470414,-1.0,1.0037,0.008731,0.014814,1.891461,0.006305,0.042759,0.350856,0.022953,0.548675,0.0001,,,,,0,lstm
113,57740,7.4455,-61.2205,296,0,0,1,0,3.6424,1.646,collision,640.7,-0.165478,0.672481,-0.899393,0.896295,5.927866,0.14489,4.735159,5.99954,0.392865,0.409195,-0.952037,1.0,,,,,,,,,,,,,,0,lstm
114,58522,-128.4721,-72.962,782,0,0,1,0,3.6756,2.028,collision,648.8,0.022589,0.479371,-0.896153,0.886539,5.910948,0.207886,3.216874,5.999842,0.414986,0.474888,-0.999999,1.005551,,,,,,,,,,,,,,0,lstm
115,58791,12.621,-70.838,269,0,0,1,0,3.5346,1.939,collision,651.5,-0.101022,0.515246,-0.867301,0.896468,5.931297,0.14233,4.425564,5.999796,0.377483,0.390259,-0.762736,1.0,,,,,,,,,,,,,,0,lstm
116,59071,8.4502,-70.987,280,0,0,1,0,3.6181,1.858,collision,655.1,-0.03946,0.580072,-0.893747,0.895746,5.931356,0.131372,4.917841,5.999123,0.38967,0.406784,-0.830724,1.004742,-0.010103,0.021406,1.891487,0.006288,0.048577,0.412829,0.039429,0.693824,0.0001,,,,,0,lstm
117,59216,-10.5885,-59.3606,145,0,0,1,0,3.8373,1.285,collision,656.6,-0.853866,0.136194,-0.899658,0.249127,5.904889,0.210738,4.22559,5.999343,0.41216,0.393182,-0.63774,1.0,,,,,,,,,,,,,,0,lstm
118,59998,-141.5863,-62.7202,782,0,0,1,0,3.6886,2.037,collision,664.5,0.033568,0.469874,-0.894035,0.827528,5.916676,0.15289,4.417598,5.999584,0.416936,0.47944,-1.0,1.006885,,,,,,,,,,,,,,0,lstm
119,60282,12.3255,-45.8063,284,0,0,1,0,3.6512,1.772,collision,667.4,-0.075023,0.619229,-0.896045,0.894756,5.925917,0.145765,4.973482,5.999301,0.387818,0.403293,-0.829583,1.011773,,,,,,,,,,,,,,0,lstm
120,60551,18.2037,-33.123,269,0,0,1,0,3.5307,1.814,collision,670.6,-0.160255,0.571408,-0.890701,0.894696,5.942501,0.114555,4.982794,5.999674,0.368086,0.376275,-0.758963,1.0,0.00028,0.022035,1.891545,0.006272,0.054212,0.202414,0.039823,0.342571,0.0001,,,,,0,lstm
121,61310,-112.7938,-45.5211,759,0,0,1,0,3.6162,1.93,collision,678.4,-0.047455,0.535562,-0.898844,0.882379,5.89257,0.255473,3.203461,5.999438,0.408526,0.470437,-1.0,1.0,,,,,,,,,,,,,,0,lstm
122,61577,14.3074,-32.0087,267,0,0,1,0,3.4549,1.911,collision,681.1,-0.053558,0.531108,-0.864752,0.861315,5.935413,0.148915,4.578312,5.999779,0.365391,0.3761,-0.841369,1.0,,,,,,,,,,,,,,0,lstm
123,61844,8.0803,-31.9452,267,0,0,1,0,3.5028,1.957,collision,683.8,0.030503,0.513787,-0.869052,0.888998,5.929225,0.172658,3.98947,5.999463,0.371595,0.392752,-0.805494,1.0,,,,,,,,,,,,,,0,lstm
124,62113,16.3199,-17.4661,269,0,0,1,0,3.5276,1.866,collision,687.1,-0.142166,0.549134,-0.891649,0.889102,5.929519,0.135131,4.855541,5.999192,0.366683,0.377108,-0.785878,1.0,-0.003658,0.022529,1.891724,0.006256,0.058792,0.298291,0.022134,0.45161,0.0001,,,,,0,lstm
125,62379,14.528,-17.2753,266,0,0,1,0,3.443,1.902,collision,689.7,-0.094338,0.531132,-0.883514,0.869032,5.935185,0.110611,5.188725,5.999641,0.362541,0.374457,-0.853855,1.0,,,,,,,,,,,,,,0,lstm
126,63124,-80.8698,-26.2074,745,0,0,1,0,3.4979,1.923,collision,697.5,-0.051238,0.545517,-0.898422,0.871936,5.920619,0.221235,2.43797,5.999294,0.408563,0.464311,-0.999998,1.004225,,,,,,,,,,,,,,0,lstm
127,63395,9.8113,-24.1674,271,0,0,1,0,3.5541,1.968,collision,700.3,0.009398,0.503973,-0.862679,0.883238,5.945855,0.096275,4.82721,5.999562,0.385677,0.401025,-0.805072,1.0,,,,,,,,,,,,,,0,lstm
128,63696,12.4002,-8.7687,301,0,0,1,0,3.6494,1.611,collision,703.8,-0.118851,0.695834,-0.898794,0.897085,5.943946,0.100076,5.173656,5.999863,0.395667,0.409262,-0.913776,1.0,0.008135,0.021497,1.891838,0.00624,0.054682,0.413752,0.027681,0.725374,0.0001,,,,,0,lstm
129,63964,19.3738,-8.0639,268,0,0,1,0,3.5182,1.817,collision,706.5,-0.264767,0.538454,-0.890817,0.896103,5.921375,0.211132,3.413732,5.999536,0.370816,0.377647,-0.753454,1.0,,,,,,,,,,,,,,0,lstm
130,64730,-128.3399,-22.7183,766,0,0,1,0,3.6342,1.985,collision,714.5,0.009538,0.504325,-0.897057,0.856113,5.910465,0.221859,2.252655,5.99947,0.412986,0.474738,-1.0,1.0,,,,,,,,,,,,,,0,lstm
131,65498,-127.2904,-24.1679,768,0,0,1,0,3.6306,1.967,collision,722.4,-0.043382,0.522641,-0.899668,0.860207,5.920293,0.155131,4.537001,5.999733,0.400809,0.467049,-1.0,1.004933,,,,,,,,,,,,,,0,lstm
132,66275,-145.916,-40.1903,777,0,0,1,0,3.6891,1.977,collision,731.3,-0.005635,0.505217,-0.897264,0.858669,5.92928,0.112409,4.691153,5.999814,0.412859,0.477841,-1.0,1.0,-0.001451,0.0181,1.891761,0.006224,0.049753,0.576353,0.014879,0.853261,0.0001,,,,,0,lstm
133,66412,-13.8779,-42.3861,137,0,0,1,0,3.866,1.248,collision,732.7,-0.880095,0.077832,-0.899394,-0.176065,5.913307,0.145509,4.991048,5.999518,0.40516,0.392257,-0.703743,1.000543,,,,,,,,,,,,,,0,lstm
134,66682,13.6734,-42.6507,270,0,0,1,0,3.5993,1.879,collision,735.6,-0.079394,0.559865,-0.881868,0.893126,5.933306,0.106128,5.022085,5.999267,0.389159,0.400476,-0.793664,1.012653,,,,,,,,,,,,,,0,lstm
135,66966,13.0372,-42.7998,284,0,0,1,0,3.6146,1.813,collision,738.5,-0.113042,0.591121,-0.897559,0.890011,5.922455,0.233801,3.141763,5.999837,0.399956,0.40906,-0.819622,1.005565,,,,,,,,,,,,,,0,lstm
136,67233,16.3488,-33.0779,267,0,0,1,0,3.4888,1.872,collision,741.8,-0.078215,0.559183,-0.896916,0.886322,5.938385,0.100976,5.396581,5.999425,0.36548,0.376658,-0.79808,1.0,0.001284,0.027156,1.891684,0.006207,0.061361,0.311108,0.041085,0.456569,0.0001,,,,,0,lstm
137,67522,16.4431,-32.4148,289,0,0,1,0,3.62,1.624,collision,744.8,-0.243312,0.658805,-0.899132,0.896176,5.924189,0.209603,4.021745,5.999477,0.401575,0.405973,-0.834572,1.0,,,,,,,,,,,,,,0,lstm
138,67796,12.1904,-32.4357,274,0,0,1,0,3.5741,1.926,collision,747.8,-0.094139,0.523346,-0.88588,0.894924,5.928833,0.141464,4.258208,5.999472,0.388946,0.399531,-0.76847,1.0,,,,,,,,,,,,,,0,lstm
139,68088,7.6902,-33.6041,292,0,0,1,0,3.6346,1.619,collision,750.9,-0.168943,0.680024,-0.899235,0.896922,5.936878,0.100015,5.158242,5.999737,0.392355,0.407286,-0.948493,1.0,,,,,,,,,,,,,,0,lstm
140,68862,-144.4674,-35.2169,774,0,0,1,0,3.6681,1.924,collision,759.5,-0.029409,0.539981,-0.898641,0.8847,5.907375,0.188133,4.258185,5.999758,0.404598,0.472353,-1.0,1.0,0.007636,0.023564,1.891708,0.006191,0.047041,0.356498,0.009168,0.515584,0.0001,,,,,0,lstm
141,69617,-103.5159,-32.8394,755,0,0,1,0,3.5948,1.918,collision,767.5,-0.04693,0.54125,-0.898542,0.873873,5.918758,0.207148,2.927507,5.9999,0.402685,0.461805,-1.0,1.002355,,,,,,,,,,,,,,0,lstm
142,70056,-22.7388,-20.5217,439,0,0,1,0,3.6722,1.859,collision,772.2,-0.094721,0.574922,-0.899489,0.88724,5.923563,0.136815,4.556507,5.999813,0.381086,0.430101,-0.992209,1.004583,,,,,,,,,,,,,,0,lstm
143,72071,-101.5786,-29.2918,2015,0,0,1,0,2.2067,1.928,collision,793.3,-0.082016,0.537618,-0.899753,0.885173,5.915001,0.156331,4.018048,5.999729,0.371354,0.442901,-1.0,1.019193,,,,,,,,,,,,,,0,lstm
144,72348,23.5216,-28.3069,277,0,0,1,0,3.5867,1.604,collision,797.6,-0.456767,0.542929,-0.899083,0.894007,5.915894,0.223865,3.742849,5.999877,0.379412,0.38132,-0.700357,1.0,0.017282,0.01607,1.892034,0.006175,0.053024,0.548738,0.025677,0.80569,0.0001,,,,,0,lstm
145,72641,3.9865,-29.212,293,0,0,1,0,3.6367,1.53,collision,800.6,-0.216456,0.714567,-0.899231,0.897005,5.927693,0.169627,4.202744,5.999275,0.394485,0.410647,-0.964668,1.0,,,,,,,,,,,,,,0,lstm
146,72934,-7.4946,-31.5963,293,0,0,1,0,3.7204,1.705,collision,803.8,-0.006594,0.655245,-0.898212,0.89605,5.94714,0.085158,5.233654,5.999823,0.37169,0.417314,-0.948588,1.003011,,,,,,,,,,,,,,0,lstm
147,73216,13.0688,-31.9338,282,0,0,1,0,3.5954,1.827,collision,806.7,-0.087538,0.585113,-0.896745,0.888919,5.908918,0.355552,0.588874,5.999113,0.388005,0.396664,-0.87636,1.0,,,,,,,,,,,,,,0,lstm
148,73676,-55.9671,-38.7495,460,0,0,1,0,3.6662,1.755,collision,812.3,-0.232992,0.594935,-0.899391,0.874567,5.900662,0.197149,4.230799,5.999431,0.394729,0.442402,-1.0,1.0,-0.006568,0.022926,1.892277,0.006159,0.040147,0.851883,0.030625,1.122887,0.0001,,,,,0,lstm
149,73945,12.271,-38.2914,269,0,0,1,0,3.5788,1.861,collision,815.1,-0.133046,0.560198,-0.896417,0.894551,5.939777,0.111106,5.158924,5.999749,0.380735,0.394952,-0.777217,1.0,,,,,,,,,,,,,,0,lstm
150,74212,12.8659,-22.5581,267,0,0,1,0,3.4678,1.972,collision,818.0,-0.085179,0.50086,-0.884187,0.884549,5.937675,0.121302,4.878173,5.99923,0.372696,0.385627,-0.805586,1.0,,,,,,,,,,,,,,0,lstm
151,74482,19.6764,-10.2389,270,0,0,1,0,3.5535,1.719,collision,820.8,-0.332269,0.558996,-0.898285,0.897309,5.937068,0.10285,5.286716,5.999641,0.379809,0.383821,-0.749031,1.0,,,,,,,,,,,,,,0,lstm
152,74759,24.1154,-5.5535,277,0,0,1,0,3.5846,1.608,collision,824.2,-0.444634,0.547545,-0.899212,0.889478,5.929855,0.132994,4.827589,5.999342,0.381879,0.38219,-0.701951,1.0,-0.023037,0.026669,1.892478,0.006143,0.049772,0.367083,0.037916,0.514839,0.0001,,,,,0,lstm
153,75546,-77.9834,-3.194,787,0,0,1,0,3.442,1.942,collision,832.5,0.014183,0.535171,-0.899088,0.874546,5.930676,0.172644,2.742294,5.999803,0.404948,0.461087,-1.0,1.012964,,,,,,,,,,,,,,0,lstm
154,75831,4.369,-5.1092,285,0,0,1,0,3.6305,1.702,collision,835.5,-0.085529,0.650928,-0.898807,0.893238,5.926399,0.274389,2.051797,5.999666,0.38067,0.400794,-0.959222,1.0,,,,,,,,,,,,,,0,lstm
155,76099,17.3922,-3.7686,268,0,0,1,0,3.5171,1.864,collision,838.4,-0.111237,0.558932,-0.892089,0.884248,5.952528,0.078678,5.366829,5.999857,0.370761,0.378896,-0.781243,1.0,,,,,,,,,,,,,,0,lstm
156,76392,12.4325,-1.7759,293,0,0,1,0,3.6374,1.61,collision,841.9,-0.172233,0.686606,-0.8991,0.897162,5.936186,0.130426,4.629149,5.999578,0.393057,0.404138,-0.918002,1.0,0.013145,0.022394,1.892721,0.006126,0.045667,0.64429,0.027884,0.916695,0.0001,,,,,0,lstm
157,77106,-44.8661,-7.5694,714,0,0,1,0,3.4154,1.852,collision,849.3,-0.034927,0.582719,-0.899677,0.893157,5.940326,0.112438,4.909637,5.999623,0.392724,0.452678,-0.999999,1.004052,,,,,,,,,,,,,,0,lstm
158,77858,-105.2825,-12.501,752,0,0,1,0,3.5842,1.939,collision,857.2,-0.000411,0.532196,-0.899637,0.871753,5.94181,0.116814,4.620765,5.999623,0.405217,0.465723,-1.0,1.0,,,,,,,,,,,,,,0,lstm
159,78342,-94.4115,-23.1692,484,0,0,1,0,3.7334,1.91,collision,862.4,-0.023887,0.544632,-0.896663,0.876436,5.942924,0.118711,4.792094,5.99985,0.400017,0.464691,-0.999999,1.0,,,,,,,,,,,,,,0,lstm
160,78792,-59.9404,-30.4498,450,0,0,1,0,3.685,1.782,collision,868.0,-0.178239,0.600719,-0.899776,0.890083,5.940058,0.127332,4.519525,5.999279,0.40033,0.447253,-1.0,1.0,-0.000307,0.023296,1.893062,0.00611,0.063086,0.70882,0.032818,1.028057,0.0001,,,,,0,lstm
161,79066,-13.7105,-33.7885,274,0,0,1,0,3.6658,1.667,collision,870.9,-0.044582,0.681824,-0.898544,0.897373,5.938211,0.092917,5.429759,5.999634,0.356187,0.409515,-0.952666,1.0,,,,,,,,,,,,,,0,lstm
162,79253,3.8597,-35.8141,187,0,0,1,0,3.5683,1.876,collision,872.9,-0.360338,0.440263,-0.898251,0.650552,5.93434,0.125917,5.227309,5.999287,0.373723,0.365809,-0.614651,1.0,,,,,,,,,,,,,,0,lstm
163,79692,-51.8319,-33.199,439,0,0,1,0,3.6779,1.782,collision,877.5,-0.189209,0.595395,-0.899457,0.843809,5.92367,0.143948,4.725516,5.999542,0.400255,0.443675,-0.999998,1.0,,,,,,,,,,,,,,0,lstm
164,79959,18.4036,-31.7955,267,0,0,1,0,3.4482,1.881,collision,880.9,-0.209076,0.522126,-0.8974,0.887627,5.94773,0.086296,5.406616,5.999244,0.374335,0.37796,-0.766437,1.0,0.005203,0.027691,1.893524,0.006094,0.057659,0.49329,0.017923,0.709067,0.0001,,,,,0,lstm
165,80243,1.4137,-33.3933,284,0,0,1,0,3.6353,1.738,collision,883.8,-0.171028,0.616579,-0.898681,0.872001,5.943374,0.110639,4.773709,5.999475,0.384238,0.405511,-0.971693,1.0,,,,,,,,,,,,,,0,lstm
166,81005,-70.8975,-41.7263,762,0,0,1,0,3.4004,1.867,collision,891.7,-0.005678,0.57777,-0.899534,0.89479,5.931551,0.136559,4.928609,5.999773,0.393907,0.457706,-1.0,1.0,,,,,,,,,,,,,,0,lstm
167,81288,16.8157,-35.5582,283,0,0,1,0,3.5919,1.658,collision,894.7,-0.202728,0.652127,-0.899504,0.882658,5.950862,0.090355,4.979804,5.999525,0.394275,0.396951,-0.851061,1.0,,,,,,,,,,,,,,0,lstm
168,82045,-115.9675,-36.6267,757,0,0,1,0,3.5758,1.954,collision,903.5,0.00252,0.5237,-0.89798,0.857778,5.931917,0.145554,3.840248,5.999712,0.408781,0.47004,-1.0,1.0,0.043299,0.017752,1.894048,0.006078,0.048799,0.814,0.035981,0.902374,0.0001,,,,,0,lstm
169,82313,19.1399,-25.2715,268,0,0,1,0,3.466,1.84,collision,906.4,-0.13119,0.557919,-0.895016,0.886657,5.942703,0.117464,4.987847,5.999613,0.369675,0.375154,-0.793488,1.0,,,,,,,,,,,,,,0,lstm
170,82583,19.4607,-17.3314,270,0,0,1,0,3.5251,1.929,collision,909.2,-0.09849,0.514105,-0.881947,0.8824,5.94972,0.111108,4.912876,5.999622,0.378462,0.383747,-0.7159,1.0,,,,,,,,,,,,,,0,lstm
171,82861,14.0574,-14.5546,278,0,0,1,0,3.6019,1.867,collision,912.1,-0.067346,0.567124,-0.893584,0.896212,5.945976,0.099318,5.160823,5.999809,0.393738,0.403747,-0.780291,1.009054,,,,,,,,,,,,,,0,lstm
172,83156,16.5313,-13.2875,295,0,0,1,0,3.6426,1.708,collision,915.8,-0.11823,0.654165,-0.899089,0.895929,5.951037,0.106037,5.00516,5.999582,0.401823,0.410614,-0.814077,1.008162,0.011332,0.030774,1.894486,0.006062,0.053562,0.166636,0.037753,0.191613,0.0001,,,,,0,lstm
173,83429,20.29,-6.0753,273,0,0,1,0,3.5391,1.97,collision,918.7,-0.080367,0.505204,-0.87219,0.888864,5.936764,0.151115,3.937358,5.9994,0.385528,0.387481,-0.707709,1.008245,,,,,,,,,,,,,,0,lstm
174,83825,-11.4406,-9.0597,396,0,0,1,0,3.629,1.823,collision,922.8,0.015404,0.591284,-0.899055,0.881189,5.939739,0.110384,5.08693,5.999787,0.377872,0.428501,-0.984479,1.0,,,,,,,,,,,,,,0,lstm
175,84116,9.0143,-8.2996,291,0,0,1,0,3.6327,1.718,collision,925.8,-0.020437,0.652975,-0.898612,0.896629,5.944983,0.110008,5.179482,5.99969,0.387872,0.402616,-0.928174,1.004845,,,,,,,,,,,,,,0,lstm
176,84399,13.7493,0.1651,283,0,0,1,0,3.5972,1.612,collision,929.3,-0.233822,0.667935,-0.899114,0.892847,5.942379,0.128826,4.444203,5.999722,0.397407,0.40235,-0.862478,1.0,0.022463,0.031077,1.894689,0.006045,0.055521,0.324769,0.03279,0.408594,0.0001,,,,,0,lstm
177,84860,-38.1767,-5.3342,461,0,0,1,0,3.7043,1.836,collision,934.1,-0.075464,0.582321,-0.89838,0.860656,5.946237,0.121493,4.595386,5.999666,0.389356,0.440909,-0.999999,1.011405,,,,,,,,,,,,,,0,lstm
178,85357,-94.2657,-3.164,497,0,0,1,0,3.6919,1.87,collision,939.2,-0.086896,0.567779,-0.896356,0.87644,5.942299,0.111698,4.795995,5.999859,0.391319,0.45944,-1.0,1.0,,,,,,,,,,,,,,0,lstm
179,85517,-6.048,-5.6828,160,0,0,1,0,3.7529,1.446,collision,940.9,-0.72852,0.300177,-0.898923,0.823458,5.941577,0.099563,5.194907,5.999195,0.424451,0.39863,-0.814701,1.0,,,,,,,,,,,,,,0,lstm
180,85806,-8.5671,-8.4856,289,0,0,1,0,3.7,1.897,collision,944.4,0.172351,0.531793,-0.854931,0.896147,5.953877,0.091347,4.910986,5.999825,0.392565,0.431564,-0.933029,1.018162,0.0108,0.028967,1.894888,0.006029,0.061639,0.793711,0.076699,1.168865,0.0001,,,,,0,lstm
181,86239,-49.6698,-14.8583,433,0,0,1,0,3.6762,1.756,collision,948.9,-0.170495,0.612376,-0.89943,0.851585,5.938967,0.134463,4.539852,5.999785,0.396215,0.439702,-0.999999,1.0,,,,,,,,,,,,,,0,lstm
182,86998,-100.2129,-26.5327,759,0,0,1,0,3.5738,1.985,collision,956.9,0.043373,0.499219,-0.889695,0.874289,5.952138,0.09736,4.445586,5.999605,0.40689,0.464817,-1.0,1.012504,,,,,,,,,,,,,,0,lstm
183,87266,17.7226,-26.7895,268,0,0,1,0,3.4755,1.919,collision,959.7,-0.075462,0.526764,-0.865933,0.861194,5.958907,0.086207,5.190493,5.999639,0.367576,0.377712,-0.795607,1.0,,,,,,,,,,,,,,0,lstm
184,87532,21.3154,-23.5139,266,0,0,1,0,3.4339,1.964,collision,963.0,-0.167551,0.488209,-0.896023,0.821183,5.952135,0.069904,5.558272,5.999912,0.373379,0.375046,-0.739229,1.0,0.00789,0.026026,1.895109,0.006013,0.05536,0.502194,0.026218,0.688867,0.0001,,,,,0,lstm
185,87806,22.6145,-22.1539,274,0,0,1,0,3.5617,1.983,collision,966.0,-0.165511,0.479506,-0.887909,0.88903,5.933623,0.326738,2.259238,5.999796,0.39646,0.393233,-0.663457,1.007476,,,,,,,,,,,,,,0,lstm
186,88089,-3.7382,-23.9026,283,0,0,1,0,3.6799,1.897,collision,968.9,0.130696,0.535182,-0.892731,0.894052,5.960244,0.068273,5.4949,5.999798,0.386207,0.419842,-0.864146,1.009984,,,,,,,,,,,,,,0,lstm
187,88519,-53.4964,-25.4346,430,0,0,1,0,3.6847,1.766,collision,973.4,-0.127371,0.619957,-0.899222,0.866793,5.943374,0.132216,3.891088,5.999671,0.400993,0.445678,-1.0,1.0,,,,,,,,,,,,,,0,lstm
188,88784,18.5961,-14.1484,265,0,0,1,0,3.4084,1.932,collision,976.8,-0.104875,0.516499,-0.88158,0.854788,5.939419,0.185572,3.335042,5.999632,0.367824,0.376891,-0.773233,1.0,0.005433,0.030828,1.895204,0.005997,0.059912,0.75974,0.012135,1.073723,0.0001,,,,,0,lstm
189,89051,22.3505,-11.3085,267,0,0,1,0,3.4887,1.909,collision,979.5,-0.195502,0.51021,-0.897433,0.878788,5.953843,0.074834,5.450566,5.999792,0.373473,0.375805,-0.717801,1.0,,,,,,,,,,,,,,0,lstm
190,89315,18.9987,-8.552,264,0,0,1,0,3.4091,1.951,collision,982.4,-0.138549,0.500256,-0.880063,0.882846,5.949759,0.102368,4.950549,5.999956,0.36674,0.374773,-0.757891,1.0,,,,,,,,,,,,,,0,lstm
191,89605,20.808,-1.5042,290,0,0,1,0,3.6157,1.699,collision,985.5,-0.272668,0.61631,-0.89945,0.889338,5.943136,0.125628,5.098389,5.999577,0.411454,0.408896,-0.787877,1.007823,,,,,,,,,,,,,,0,lstm
192,89873,19.4895,10.4661,268,0,0,1,0,3.5226,1.972,collision,988.7,-0.096048,0.503556,-0.891151,0.870931,5.951012,0.124484,4.413659,5.999632,0.38085,0.385411,-0.734477,1.007627,0.028037,0.034485,1.895276,0.005981,0.06084,0.549994,0.0273,0.739032,0.0001,,,,,0,lstm
193,90349,-77.8578,0.908,476,0,0,1,0,3.7155,1.929,collision,993.7,-0.02804,0.538939,-0.892073,0.876277,5.947434,0.115226,4.274062,5.999776,0.397799,0.458305,-1.0,1.0,,,,,,,,,,,,,,0,lstm
194,90482,-14.2475,-2.6483,133,0,0,1,0,3.7784,1.251,collision,995.1,-0.878265,0.043609,-0.899556,-0.489196,5.936454,0.136601,5.004276,5.999847,0.401221,0.387537,-0.670696,1.0,,,,,,,,,,,,,,0,lstm
195,90750,19.2131,-2.9884,268,0,0,1,0,3.5462,1.947,collision,997.8,-0.069599,0.513398,-0.896111,0.890724,5.939783,0.148439,4.382918,5.999652,0.383258,0.388617,-0.738425,1.013245,,,,,,,,,,,,,,0,lstm
196,90914,-4.5487,-3.0695,164,0,0,1,0,3.7852,1.401,collision,999.9,-0.774659,0.227235,-0.899585,0.350152,5.963737,0.074943,5.389828,5.999649,0.425773,0.400643,-0.605508,1.0,0.012797,0.034558,1.895458,0.005964,0.07213,0.631423,0.063745,0.870055,0.0001,,,,,0,lstm
197,91186,25.2364,4.8038,272,0,0,1,0,3.5319,1.838,collision,1002.5,-0.265312,0.530153,-0.898694,0.882301,5.926929,0.160521,4.691119,5.999496,0.381843,0.382578,-0.655635,1.000818,,,,,,,,,,,,,,0,lstm
198,91355,-4.8823,2.456,169,0,0,1,0,3.8271,1.323,collision,1004.2,-0.832304,0.143681,-0.899695,0.209017,5.925708,0.18384,4.446727,5.999286,0.424071,0.402894,-0.676137,1.00763,,,,,,,,,,,,,,0,lstm
199,91647,-12.6837,-1.0474,292,0,0,1,0,3.7213,1.906,collision,1007.0,0.233521,0.499494,-0.885608,0.893377,5.94593,0.158297,3.535999,5.999586,0.384914,0.431253,-0.939281,1.014339,,,,,,,,,,,,,,0,lstm
200,91927,-2.0281,-3.1501,280,0,0,1,0,3.6787,1.779,collision,1010.1,0.051745,0.621568,-0.894425,0.894529,5.950246,0.081342,5.288482,5.999566,0.374223,0.410214,-0.910706,1.003548,0.046841,0.033979,1.895788,0.005948,0.060851,0.532222,0.059328,0.519127,0.0001,,,,,0,lstm
201,92195,21.1262,-3.1183,268,0,0,1,0,3.5166,1.962,collision,1012.9,-0.15491,0.487588,-0.886656,0.877116,5.936305,0.19909,3.617094,5.999809,0.382142,0.384009,-0.682395,1.0,,,,,,,,,,,,,,0,lstm
202,92489,14.7507,-3.5922,294,0,0,1,0,3.6362,1.723,collision,1015.9,-0.093138,0.643137,-0.898788,0.894976,5.943052,0.236372,2.254824,5.999683,0.398916,0.408291,-0.88113,1.007037,,,,,,,,,,,,,,0,lstm
203,92624,-13.029,2.8907,135,0,0,1,0,3.8675,1.265,collision,1017.2,-0.869958,0.086441,-0.899605,-0.012094,5.928732,0.151281,4.811546,5.999708,0.40425,0.388957,-0.617662,1.000301,,,,,,,,,,,,,,0,lstm
204,93370,-95.7532,-5.2599,746,0,0,1,0,3.5302,1.908,collision,1025.4,0.003635,0.55152,-0.89718,0.88254,5.934697,0.168,4.020731,5.999649,0.397056,0.458301,-1.0,1.0,0.024886,0.029012,1.896019,0.005932,0.057102,0.374273,0.031639,0.491187,0.0001,,,,,0,lstm
205,93640,19.1158,-5.2696,270,0,0,1,0,3.5445,1.954,collision,1028.3,-0.13069,0.501867,-0.878128,0.874871,5.953449,0.142341,4.260734,5.999712,0.388602,0.392109,-0.722156,1.003546,,,,,,,,,,,,,,0,lstm
206,95615,-57.6733,-10.5821,1975,0,0,1,0,2.3646,1.933,collision,1049.0,-0.102291,0.533713,-0.899532,0.855495,5.934794,0.141078,3.433877,5.999849,0.375182,0.443348,-1.0,1.009317,,,,,,,,,,,,,,0,lstm
207,95902,-15.2328,-14.629,287,0,0,1,0,3.7105,1.753,collision,1052.0,0.127448,0.612796,-0.886475,0.899369,5.944343,0.106763,5.148537,5.999678,0.378234,0.427804,-0.977702,1.0,,,,,,,,,,,,,,0,lstm
208,96072,-2.3844,-14.3792,170,0,0,1,0,3.7914,1.629,collision,1055.0,-0.595838,0.384313,-0.897287,0.637374,5.93927,0.098519,5.282207,5.999318,0.424781,0.399128,-0.63262,1.01046,0.022203,0.019788,1.896029,0.005916,0.052874,0.270961,0.054655,0.348823,0.0001,,,,,0,lstm
209,96355,-18.4677,-14.9576,283,0,0,1,0,3.7042,1.871,collision,1057.9,0.210957,0.525922,-0.875166,0.891527,5.943838,0.11031,4.949035,5.999428,0.382723,0.432422,-0.950338,1.001183,,,,,,,,,,,,,,0,lstm
210,96938,-65.637,-21.3185,583,0,0,1,0,3.434,1.948,collision,1063.6,0.128291,0.503179,-0.866936,0.895123,5.943464,0.106178,4.908849,5.999862,0.389869,0.453641,-1.0,1.001986,,,,,,,,,,,,,,0,lstm
211,97215,-1.6663,-23.5977,277,0,0,1,0,3.6267,1.89,collision,1066.2,0.088893,0.541834,-0.881991,0.885968,5.943437,0.108784,4.925234,5.999705,0.390146,0.417488,-0.885535,1.007753,,,,,,,,,,,,,,0,lstm
212,99206,-74.28,-32.5008,1991,0,0,1,0,2.2809,1.933,collision,1086.3,-0.087248,0.533259,-0.898812,0.884951,5.929949,0.150292,3.201906,5.999928,0.375967,0.443631,-1.0,1.016072,0.025508,0.019447,1.895726,0.0059,0.040726,0.331465,0.036169,0.430656,0.0001,,,,,0,lstm
213,101188,-66.8332,-37.8812,1982,0,0,1,0,2.3498,1.919,collision,1105.0,-0.105991,0.539057,-0.899463,0.882027,5.929686,0.145882,4.124518,5.999924,0.374375,0.442666,-1.0,1.01513,,,,,,,,,,,,,,0,lstm
214,101455,16.5532,-26.6506,267,0,0,1,0,3.5018,2.025,collision,1107.6,-0.043758,0.47741,-0.867375,0.871295,5.947846,0.114689,4.895211,5.999722,0.378873,0.386685,-0.752093,1.0,,,,,,,,,,,,,,0,lstm
215,101734,2.3238,-28.3298,279,0,0,1,0,3.6625,1.819,collision,1110.3,0.034568,0.594108,-0.893707,0.895943,5.953013,0.082952,5.198236,5.999528,0.382826,0.41144,-0.853682,1.006462,,,,,,,,,,,,,,0,lstm
216,102019,16.1617,-20.9463,285,0,0,1,0,3.6344,1.752,collision,1114.0,-0.16295,0.618119,-0.898647,0.898158,5.945594,0.13403,4.2503,5.99966,0.399265,0.406487,-0.786169,1.009631,0.050941,0.018,1.895446,0.005883,0.048048,0.257231,0.030786,0.334312,0.0001,,,,,0,lstm
217,104023,-83.9194,-27.8149,2004,0,0,1,0,2.2336,1.923,collision,1133.3,-0.078098,0.541105,-0.899682,0.881064,5.927963,0.176157,2.875352,5.999878,0.371524,0.441539,-1.0,1.019276,,,,,,,,,,,,,,0,lstm
218,104313,-21.7444,-29.7509,290,0,0,1,0,3.7174,1.715,collision,1136.3,0.098962,0.645351,-0.894946,0.887145,5.938117,0.108236,5.006637,5.999382,0.373197,0.429324,-0.986737,1.0,,,,,,,,,,,,,,0,lstm
219,104584,21.5995,-25.7442,271,0,0,1,0,3.5226,1.85,collision,1139.0,-0.218819,0.538064,-0.895465,0.887385,5.941649,0.130176,4.244771,5.999766,0.379521,0.380458,-0.713275,1.0,,,,,,,,,,,,,,0,lstm
220,104856,-2.1711,-19.3976,272,0,0,1,0,3.6286,1.809,collision,1142.7,-0.01803,0.606632,-0.897306,0.89227,5.934597,0.153423,4.455987,5.999681,0.3728,0.407295,-0.885947,1.0,0.031253,0.018088,1.895317,0.005867,0.0427,0.445063,0.034979,0.635086,0.0001,,,,,0,lstm
221,105133,21.903,-17.0407,277,0,0,1,0,3.5754,1.876,collision,1145.4,-0.203247,0.522783,-0.886507,0.887271,5.950623,0.119207,4.839893,5.999794,0.391031,0.391263,-0.692761,1.0,,,,,,,,,,,,,,0,lstm
222,105398,19.7402,-7.6387,265,0,0,1,0,3.4417,1.92,collision,1148.0,-0.13862,0.521777,-0.893834,0.835468,5.962412,0.076576,5.148983,5.999762,0.369167,0.375424,-0.750649,1.0,,,,,,,,,,,,,,0,lstm
223,105839,-55.2696,-6.4823,441,0,0,1,0,3.6697,1.826,collision,1152.3,-0.137054,0.579266,-0.898571,0.876445,5.944529,0.133678,4.053965,5.999695,0.389672,0.436952,-0.999999,1.0,,,,,,,,,,,,,,0,lstm
224,106123,12.8896,-6.8487,284,0,0,1,0,3.6026,1.744,collision,1155.6,-0.144966,0.623762,-0.898345,0.894415,5.935283,0.103214,5.350797,5.999836,0.391983,0.400911,-0.889388,1.0,-0.008934,0.032239,1.895398,0.005851,0.065651,0.935706,0.056734,1.662634,0.0001,,,,,0,lstm
225,106389,17.4805,-5.333,266,0,0,1,0,3.4669,1.947,collision,1158.1,-0.112978,0.513469,-0.889667,0.863151,5.945807,0.103757,5.258773,5.999893,0.36426,0.373275,-0.763081,1.0,,,,,,,,,,,,,,0,lstm
226,106658,-1.412,-7.0904,269,0,0,1,0,3.5772,1.821,collision,1160.8,-0.032479,0.598119,-0.894974,0.886268,5.933275,0.186142,3.898645,5.999452,0.372591,0.405951,-0.8978,1.0,,,,,,,,,,,,,,0,lstm
227,106935,-7.8929,0.5123,277,0,0,1,0,3.6288,1.81,collision,1163.4,0.068204,0.59592,-0.892063,0.898694,5.941366,0.116117,4.823174,5.999816,0.379525,0.417294,-0.916472,1.0,,,,,,,,,,,,,,0,lstm
228,107214,18.1352,4.5002,279,0,0,1,0,3.5814,1.879,collision,1166.7,-0.126813,0.554351,-0.894023,0.891032,5.952431,0.118749,4.672327,5.99994,0.393373,0.396347,-0.795717,1.004269,0.004034,0.034764,1.89557,0.005835,0.0534,0.353282,0.038935,0.499925,0.0001,,,,,0,lstm
229,107496,12.6258,3.6029,282,0,0,1,0,3.6012,1.607,collision,1169.4,-0.251081,0.665008,-0.898646,0.894567,5.940894,0.190108,3.202515,5.999582,0.395804,0.402618,-0.890285,1.0,,,,,,,,,,,,,,0,lstm
230,107765,13.9281,5.2128,269,0,0,1,0,3.5797,1.945,collision,1172.1,-0.130751,0.510599,-0.893467,0.89434,5.947453,0.107332,5.151124,5.999632,0.392211,0.401008,-0.756049,1.010079,,,,,,,,,,,,,,0,lstm
231,108033,15.979,4.6204,268,0,0,1,0,3.4578,1.949,collision,1174.7,-0.042304,0.515222,-0.876679,0.865285,5.954147,0.104402,4.591906,5.999704,0.371923,0.380219,-0.744717,1.0,,,,,,,,,,,,,,0,lstm
232,110024,-90.3017,-6.3838,1991,0,0,1,0,2.312,1.946,collision,1194.6,-0.080162,0.527063,-0.899242,0.882669,5.929123,0.152571,3.944241,5.999809,0.37312,0.443249,-1.0,1.024799,-0.010066,0.017956,1.895288,0.005819,0.053937,0.512075,0.047915,0.713685,0.0001,,,,,0,lstm
233,110301,16.9072,0.8339,277,0,0,1,0,3.5658,1.993,collision,1197.4,-0.079258,0.492907,-0.88593,0.845611,5.953243,0.096537,5.126701,5.999924,0.399025,0.402969,-0.762977,1.008707,,,,,,,,,,,,,,0,lstm
234,110740,-56.6473,-6.1198,439,0,0,1,0,3.6791,1.742,collision,1201.6,-0.207909,0.611338,-0.899576,0.876028,5.938521,0.108468,5.122889,5.99974,0.399977,0.446111,-0.999999,1.0,,,,,,,,,,,,,,0,lstm
235,111011,17.3273,-6.1351,271,0,0,1,0,3.5595,1.936,collision,1204.3,-0.125982,0.514905,-0.879495,0.881444,5.931534,0.165565,4.301253,5.999413,0.382939,0.390555,-0.759529,1.001491,,,,,,,,,,,,,,0,lstm
236,111506,-89.8018,-14.9741,495,0,0,1,0,3.6951,1.937,collision,1209.6,-0.01279,0.531037,-0.894055,0.860261,5.9383,0.134516,4.423183,5.99984,0.4013,0.464323,-1.0,1.0,0.012993,0.025948,1.894676,0.005802,0.049552,0.169555,0.043716,0.227868,0.0001,,,,,0,lstm
237,111785,17.3639,-12.4484,279,0,0,1,0,3.5868,1.768,collision,1212.3,-0.178314,0.60142,-0.896954,0.877267,5.953356,0.099564,4.897989,5.999852,0.393913,0.396923,-0.771842,1.0,,,,,,,,,,,,,,0,lstm
238,112051,14.4718,-12.8148,266,0,0,1,0,3.4406,2.007,collision,1214.9,0.016359,0.487253,-0.861242,0.888496,5.951204,0.084483,5.429628,5.999427,0.362735,0.376785,-0.806176,1.0,,,,,,,,,,,,,,0,lstm
239,112334,18.3069,-12.2467,283,0,0,1,0,3.5959,1.721,collision,1217.7,-0.246549,0.611502,-0.898837,0.878377,5.93433,0.188642,3.588556,5.999719,0.400945,0.401335,-0.785847,1.00062,,,,,,,,,,,,,,0,lstm
240,112618,0.8736,-13.5521,284,0,0,1,0,3.638,1.648,collision,1220.9,-0.232471,0.646496,-0.899066,0.872933,5.932545,0.140096,4.619208,5.999518,0.386785,0.406635,-0.976018,1.0,0.018913,0.030228,1.894402,0.005786,0.045201,0.243934,0.028397,0.265258,0.0001,,,,,0,lstm
241,112885,18.0481,-13.3452,267,0,0,1,0,3.4626,1.922,collision,1223.6,-0.17768,0.513845,-0.888665,0.875437,5.936104,0.183582,3.459804,5.999265,0.370216,0.378398,-0.739961,1.0,,,,,,,,,,,,,,0,lstm
242,113152,22.3501,-2.08,267,0,0,1,0,3.4695,1.828,collision,1226.2,-0.25206,0.533367,-0.89381,0.883303,5.944507,0.112842,4.858308,5.999672,0.367265,0.369674,-0.724079,1.0,,,,,,,,,,,,,,0,lstm
243,113303,-8.8306,-4.6538,151,0,0,1,0,3.7706,1.29,collision,1227.7,-0.851696,0.113927,-0.899576,0.194636,5.927066,0.108621,5.339376,5.999314,0.41738,0.394756,-0.634305,1.0,,,,,,,,,,,,,,0,lstm
244,113571,17.6433,2.7753,268,0,0,1,0,3.5676,1.906,collision,1230.9,-0.118723,0.539098,-0.896252,0.890362,5.942333,0.110808,4.80851,5.999885,0.387793,0.393346,-0.733125,1.01217,0.00357,0.034745,1.894164,0.00577,0.065294,0.245723,0.029131,0.245992,0.0001,,,,,0,lstm
245,113853,10.0901,2.0515,282,0,0,1,0,3.6076,1.757,collision,1233.6,-0.121357,0.627304,-0.896637,0.897143,5.922278,0.187622,4.041821,5.999321,0.380578,0.392764,-0.881579,1.0,,,,,,,,,,,,,,0,lstm
246,113999,-9.5835,10.0734,146,0,0,1,0,3.788,1.284,collision,1235.1,-0.849593,0.142604,-0.898983,0.605028,5.937725,0.117298,4.877355,5.998474,0.416471,0.394458,-0.597315,1.0,,,,,,,,,,,,,,0,lstm
247,114480,-82.3385,0.1031,481,0,0,1,0,3.7306,2.014,collision,1239.7,0.038655,0.481802,-0.89497,0.8486,5.926869,0.233172,2.343507,5.999752,0.402311,0.462481,-0.999999,1.006615,,,,,,,,,,,,,,0,lstm
248,114910,-41.8062,-5.5247,430,0,0,1,0,3.6775,1.709,collision,1244.5,-0.238813,0.619601,-0.899496,0.856353,5.928858,0.141255,4.738328,5.999843,0.400354,0.439331,-1.0,1.0,-0.000516,0.029495,1.894116,0.005754,0.047549,0.247333,0.035801,0.298918,0.0001,,,,,0,lstm
249,115182,2.0994,-7.1454,272,0,0,1,0,3.6258,1.766,collision,1247.2,-0.054475,0.62287,-0.896165,0.886722,5.940566,0.122953,4.475552,5.999466,0.378627,0.40749,-0.888946,1.0,,,,,,,,,,,,,,0,lstm
250,115351,-3.6475,-7.5975,169,0,0,1,0,3.7771,1.458,collision,1248.8,-0.704456,0.347721,-0.899398,0.767978,5.910105,0.26821,3.766547,5.999377,0.427245,0.401749,-0.709673,1.0,,,,,,,,,,,,,,0,lstm
251,115631,5.1559,-8.8868,280,0,0,1,0,3.6686,1.807,collision,1251.7,-0.010318,0.595585,-0.889654,0.888318,5.942422,0.100563,5.294695,5.999931,0.387789,0.412313,-0.824422,1.014638,,,,,,,,,,,,,,0,lstm
252,115909,18.134,-9.3084,278,0,0,1,0,3.5813,1.792,collision,1254.9,-0.156869,0.591525,-0.898338,0.875201,5.936432,0.135491,4.519221,5.999674,0.3936,0.395035,-0.743156,1.003475,0.030001,0.036511,1.894111,0.005738,0.049243,0.497052,0.014811,0.95247,0.0001,,,,,0,lstm
253,116194,-7.8485,-9.2102,285,0,0,1,0,3.7078,1.835,collision,1257.5,0.073195,0.581059,-0.892419,0.873052,5.944719,0.104146,4.993007,5.999691,0.38392,0.424595,-0.936939,1.008249,,,,,,,,,,,,,,0,lstm
254,116335,-12.2372,-12.1982,141,0,0,1,0,3.8115,1.268,collision,1258.9,-0.867785,0.074315,-0.899246,-0.181657,5.904881,0.221227,4.268558,5.999935,0.40304,0.38726,-0.688775,1.0,,,,,,,,,,,,,,0,lstm
255,116614,-11.5322,-14.3604,279,0,0,1,0,3.702,1.858,collision,1261.6,-0.014833,0.578621,-0.889891,0.866714,5.935541,0.157668,4.547411,5.999651,0.375268,0.419777,-0.91103,1.006176,,,,,,,,,,,,,,0,lstm
256,116889,-1.4403,-13.5461,275,0,0,1,0,3.6254,1.892,collision,1264.7,0.027691,0.559265,-0.895983,0.894481,5.945367,0.113105,4.787388,5.999801,0.386537,0.415009,-0.869786,1.0,0.050053,0.034392,1.89409,0.005721,0.047554,0.450346,0.028907,0.390933,0.0001,,,,,0,lstm
257,117163,15.2749,-3.7848,274,0,0,1,0,3.5754,1.922,collision,1267.5,-0.09057,0.537422,-0.893175,0.85125,5.945816,0.172686,3.637838,5.999706,0.395099,0.401273,-0.746072,1.007671,,,,,,,,,,,,,,0,lstm
258,117323,-5.806,-0.1847,160,0,0,1,0,3.7836,1.441,collision,1269.1,-0.731218,0.306071,-0.899524,0.758106,5.943755,0.143584,4.334407,5.99912,0.424498,0.399196,-0.703772,1.0,,,,,,,,,,,,,,0,lstm
259,117616,17.2492,1.3302,293,0,0,1,0,3.6395,1.638,collision,1272.0,-0.256617,0.652319,-0.89947,0.88402,5.937772,0.110581,5.028478,5.999802,0.402671,0.408474,-0.812115,1.009886,,,,,,,,,,,,,,0,lstm
260,118055,-51.7746,-3.4825,439,0,0,1,0,3.678,1.849,collision,1276.6,-0.129891,0.57277,-0.897831,0.873037,5.923706,0.202178,2.974916,5.999652,0.392859,0.438282,-1.0,1.0,-0.002255,0.035329,1.893806,0.005705,0.05127,0.210601,0.027838,0.274036,0.0001,,,,,0,lstm
261,118321,17.2852,-2.2695,266,0,0,1,0,3.4682,1.852,collision,1279.2,-0.250905,0.536468,-0.898353,0.845983,5.95281,0.088109,5.306496,5.999738,0.372316,0.37826,-0.736761,1.0,,,,,,,,,,,,,,0,lstm
262,118596,17.5615,-2.3268,275,0,0,1,0,3.5841,1.927,collision,1281.8,-0.154346,0.524146,-0.893403,0.887002,5.955854,0.082421,5.275367,5.999668,0.391852,0.39679,-0.732022,1.002531,,,,,,,,,,,,,,0,lstm
263,118878,17.1264,0.1707,282,0,0,1,0,3.645,1.686,collision,1284.6,-0.212544,0.63742,-0.899637,0.882844,5.941895,0.146037,4.194081,5.999522,0.398095,0.405589,-0.763809,1.009548,,,,,,,,,,,,,,0,lstm
264,119146,19.7206,3.3665,268,0,0,1,0,3.472,1.755,collision,1287.7,-0.309414,0.547337,-0.896197,0.865138,5.945534,0.151126,4.014531,5.9997,0.370481,0.376352,-0.746687,1.0,-0.004372,0.034556,1.893659,0.005689,0.044491,0.412846,0.030721,0.536373,0.0001,,,,,0,lstm
265,119431,-16.9605,2.8236,285,0,0,1,0,3.7236,1.844,collision,1290.5,0.148182,0.561277,-0.880437,0.882452,5.94609,0.103851,5.180187,5.999642,0.378777,0.43059,-0.954255,1.000468,,,,,,,,,,,,,,0,lstm
266,119704,16.8084,4.6485,273,0,0,1,0,3.5676,1.835,collision,1293.3,-0.162939,0.57731,-0.897677,0.879037,5.95136,0.086189,5.350992,5.999905,0.391294,0.39506,-0.723451,1.001679,,,,,,,,,,,,,,0,lstm
267,121688,-58.7049,-2.7495,1984,0,0,1,0,2.3329,1.934,collision,1313.1,-0.091185,0.534325,-0.899745,0.876745,5.93154,0.15559,3.954024,5.99974,0.371985,0.442112,-1.0,1.011081,,,,,,,,,,,,,,0,lstm
268,121964,3.2206,-1.8468,276,0,0,1,0,3.6318,1.937,collision,1316.8,0.064949,0.523913,-0.888512,0.857298,5.94594,0.129192,4.797143,5.999731,0.393127,0.414662,-0.836245,1.010074,0.037528,0.020606,1.893509,0.005673,0.052717,0.579586,0.057895,1.015176,0.0001,,,,,0,lstm
269,122232,18.234,-1.7483,268,0,0,1,0,3.3961,1.997,collision,1319.3,-0.066082,0.491506,-0.887086,0.860366,5.953028,0.09846,5.010005,5.999682,0.36875,0.378577,-0.740263,1.0,,,,,,,,,,,,,,0,lstm
270,122500,21.0254,5.5317,268,0,0,1,0,3.4704,1.794,collision,1322.0,-0.277155,0.549937,-0.898084,0.884998,5.937457,0.191748,3.269396,5.999791,0.368399,0.372886,-0.706888,1.0,,,,,,,,,,,,,,0,lstm
271,122769,17.802,5.5833,269,0,0,1,0,3.3944,2.002,collision,1324.7,-0.080221,0.48413,-0.886852,0.816597,5.9543,0.135279,3.998916,5.999737,0.369272,0.380685,-0.749687,1.0,,,,,,,,,,,,,,0,lstm
272,123053,19.7875,5.8059,284,0,0,1,0,3.5939,1.78,collision,1327.9,-0.170699,0.609609,-0.898865,0.865804,5.926719,0.23066,3.48439,5.999484,0.404615,0.404561,-0.711533,1.006076,-0.001096,0.032346,1.893444,0.005657,0.06181,0.144426,0.04553,0.094889,0.0001,,,,,0,lstm
273,123328,3.145,4.4078,275,0,0,1,0,3.5541,1.856,collision,1330.6,-0.024952,0.576099,-0.894559,0.874284,5.953183,0.093287,4.968204,5.999578,0.38163,0.404875,-0.887102,1.0,,,,,,,,,,,,,,0,lstm
274,123603,-17.8546,0.6503,275,0,0,1,0,3.6797,1.822,collision,1333.4,0.126708,0.581541,-0.893797,0.890848,5.955653,0.09329,5.119092,5.99977,0.385313,0.432091,-0.965335,1.0,,,,,,,,,,,,,,0,lstm
275,123889,6.6951,3.0159,286,0,0,1,0,3.625,1.585,collision,1336.1,-0.103405,0.712183,-0.89936,0.897319,5.948781,0.087901,5.08603,5.999801,0.380876,0.396904,-0.938869,1.0,,,,,,,,,,,,,,0,lstm
276,124064,-2.9786,1.0372,175,0,0,1,0,3.7585,1.522,collision,1338.3,-0.610498,0.44782,-0.899661,0.814684,5.934314,0.121614,5.257744,5.999225,0.420977,0.398926,-0.708625,1.0,0.018665,0.038083,1.893643,0.00564,0.053785,0.260464,0.041043,0.360232,0.0001,,,,,0,lstm
277,124338,-16.0715,5.3005,274,0,0,1,0,3.6403,1.862,collision,1341.0,0.135134,0.546427,-0.893798,0.860467,5.944489,0.129318,4.550815,5.999586,0.39202,0.433115,-0.958259,1.0,,,,,,,,,,,,,,0,lstm
278,124624,21.4327,7.1217,286,0,0,1,0,3.5946,1.698,collision,1343.9,-0.207225,0.636657,-0.899459,0.865888,5.939692,0.178868,3.38179,5.999468,0.403949,0.402785,-0.729959,1.002917,,,,,,,,,,,,,,0,lstm
279,124903,-20.3055,3.2678,279,0,0,1,0,3.6625,1.712,collision,1346.6,0.083417,0.641923,-0.898226,0.89425,5.948276,0.097518,5.290194,5.999616,0.379019,0.429082,-0.980378,1.0,,,,,,,,,,,,,,0,lstm
280,125175,-14.4314,-0.2779,272,0,0,1,0,3.6476,1.66,collision,1349.8,0.017914,0.678828,-0.898681,0.889016,5.92939,0.152929,4.575714,5.999896,0.371021,0.419477,-0.97323,1.0,0.056854,0.033576,1.893805,0.005624,0.048249,0.533917,0.030713,0.513996,0.0001,,,,,0,lstm
281,125453,-13.7867,-3.4368,278,0,0,1,0,3.6523,1.803,collision,1352.5,0.069119,0.601507,-0.897182,0.880795,5.938021,0.114897,5.194114,5.999802,0.389399,0.429885,-0.974877,1.0,,,,,,,,,,,,,,0,lstm
282,125729,-5.7872,-5.9943,276,0,0,1,0,3.6624,1.708,collision,1355.2,0.015897,0.65259,-0.896875,0.879676,5.946101,0.103153,5.112073,5.99974,0.382421,0.41929,-0.937482,1.0,,,,,,,,,,,,,,0,lstm
283,126019,5.6573,-5.743,290,0,0,1,0,3.6296,1.616,collision,1358.1,-0.058642,0.706528,-0.899102,0.89428,5.944515,0.103796,5.174425,5.999857,0.386071,0.40433,-0.949095,1.0,,,,,,,,,,,,,,0,lstm
284,126295,6.8716,-3.2704,276,0,0,1,0,3.64,1.788,collision,1361.2,-0.03501,0.613986,-0.897061,0.889119,5.943271,0.113348,4.946732,5.999875,0.392214,0.41145,-0.845832,1.007334,0.055279,0.041793,1.894037,0.005608,0.046954,0.262848,0.020877,0.363182,0.0001,,,,,0,lstm
285,126574,-19.9437,-5.9343,279,0,0,1,0,3.6527,1.779,collision,1363.9,0.127288,0.59491,-0.895384,0.863072,5.946908,0.087302,5.428471,5.999484,0.391972,0.435771,-0.978387,1.0,,,,,,,,,,,,,,0,lstm
286,126859,20.8063,-3.5558,285,0,0,1,0,3.5799,1.781,collision,1366.7,-0.091424,0.616111,-0.899008,0.88753,5.942025,0.176327,3.373855,5.99965,0.400021,0.399428,-0.783333,1.004708,,,,,,,,,,,,,,0,lstm
287,127148,22.8436,0.3357,289,0,0,1,0,3.6177,1.69,collision,1369.2,-0.201547,0.641409,-0.89943,0.884573,5.936093,0.144035,4.621938,5.999842,0.408416,0.405939,-0.718963,1.011063,,,,,,,,,,,,,,0,lstm
288,127432,-6.3561,-2.4432,284,0,0,1,0,3.6844,1.771,collision,1372.5,0.130875,0.603106,-0.896082,0.885121,5.948811,0.125344,4.50048,5.999721,0.395375,0.429847,-0.951843,1.004985,0.0539,0.035262,1.894257,0.005592,0.042804,0.291879,0.025184,0.445395,0.0001,,,,,0,lstm
289,127716,22.3646,1.8238,284,0,0,1,0,3.5911,1.777,collision,1375.3,-0.154561,0.611061,-0.899423,0.885055,5.942287,0.120741,5.05309,5.999855,0.403044,0.401203,-0.697208,1.010684,,,,,,,,,,,,,,0,lstm
290,127872,-8.0171,2.4653,156,0,0,1,0,3.7531,1.273,collision,1376.8,-0.864701,0.065452,-0.899683,-0.396372,5.911009,0.232827,3.502405,5.99799,0.418997,0.394106,-0.685289,1.0,,,,,,,,,,,,,,0,lstm
291,128142,25.7514,6.4191,270,0,0,1,0,3.4943,1.636,collision,1379.4,-0.42153,0.559021,-0.898557,0.879609,5.922431,0.209732,3.3253,5.999372,0.373042,0.373392,-0.68122,1.0,,,,,,,,,,,,,,0,lstm
292,128420,24.0055,9.3984,278,0,0,1,0,3.582,1.709,collision,1382.3,-0.300769,0.589957,-0.898617,0.88081,5.943712,0.109076,5.106007,5.9993,0.381497,0.38657,-0.664539,1.0,-0.019853,0.037103,1.894553,0.005576,0.066597,0.702524,0.029509,1.32398,0.0001,,,,,0,lstm
293,128692,20.8388,10.9165,272,0,0,1,0,3.54,1.711,collision,1384.8,-0.263165,0.602655,-0.898392,0.882494,5.918403,0.243155,3.113813,5.999819,0.378069,0.383048,-0.710337,1.0,,,,,,,,,,,,,,0,lstm
294,128846,-8.3394,9.3954,154,0,0,1,0,3.8208,1.255,collision,1386.3,-0.871805,0.101749,-0.89938,0.325269,5.896922,0.221663,3.819054,5.998764,0.419578,0.397959,-0.638622,1.0,,,,,,,,,,,,,,0,lstm
295,129134,10.4401,12.4338,288,0,0,1,0,3.6165,1.725,collision,1389.0,0.049315,0.646811,-0.897318,0.896911,5.944971,0.136218,4.195287,5.999926,0.384193,0.398852,-0.919314,1.003782,,,,,,,,,,,,,,0,lstm
296,129409,-6.3287,9.7203,275,0,0,1,0,3.6069,1.618,collision,1392.1,-0.00287,0.697151,-0.899636,0.888917,5.931755,0.12378,5.215475,5.999659,0.373991,0.413662,-0.961024,1.0,0.027622,0.034627,1.894614,0.005559,0.056488,0.539475,0.029902,0.63615,0.0001,,,,,0,lstm
297,129694,17.5832,9.1942,285,0,0,1,0,3.5951,1.604,collision,1394.9,-0.160819,0.695597,-0.899167,0.875143,5.925463,0.212204,3.094069,5.999707,0.397302,0.399601,-0.810304,1.0,,,,,,,,,,,,,,0,lstm
298,129982,19.7309,11.8029,288,0,0,1,0,3.5884,1.697,collision,1397.6,-0.026902,0.662978,-0.899795,0.869932,5.936361,0.137786,4.586015,5.999569,0.398355,0.40002,-0.810301,1.0,,,,,,,,,,,,,,0,lstm
299,130253,22.5184,11.8183,271,0,0,1,0,3.5269,1.627,collision,1400.3,-0.31895,0.621903,-0.898676,0.89144,5.925537,0.167726,4.143041,5.999191,0.370864,0.374052,-0.717441,1.0,,,,,,,,,,,,,,0,lstm
300,130550,12.6131,13.8813,297,0,0,1,0,3.6328,1.612,collision,1403.5,-0.018901,0.711953,-0.89947,0.892004,5.9397,0.119992,4.916474,5.999785,0.39157,0.403533,-0.911598,1.0,0.003606,0.029726,1.894669,0.005543,0.038104,0.451772,0.043477,0.82068,0.0001,,,,,0,lstm
301,130821,20.6523,13.3714,271,0,0,1,0,3.4569,1.906,collision,1406.2,-0.11419,0.534294,-0.892667,0.858096,5.935286,0.195705,3.119607,5.999711,0.383783,0.389776,-0.735297,1.0,,,,,,,,,,,,,,0,lstm
302,131099,2.2291,11.1938,278,0,0,1,0,3.5978,1.651,collision,1408.9,-0.053104,0.685419,-0.898925,0.878186,5.930247,0.15974,4.431663,5.999704,0.385658,0.411849,-0.927316,1.0,,,,,,,,,,,,,,0,lstm
303,131387,-19.6866,7.1413,288,0,0,1,0,3.6643,1.598,collision,1411.6,0.086962,0.700178,-0.899125,0.877976,5.936052,0.163114,4.349694,5.999581,0.390221,0.433411,-0.994889,1.0,,,,,,,,,,,,,,0,lstm
304,131668,-14.1107,6.5641,281,0,0,1,0,3.6625,1.592,collision,1414.8,0.013636,0.71592,-0.899054,0.887024,5.915703,0.173739,4.656751,5.999457,0.375162,0.422835,-0.986449,1.0,0.04402,0.035194,1.894934,0.005527,0.052473,0.348411,0.038305,0.66063,0.0001,,,,,0,lstm
305,132748,-124.5415,-6.934,1080,0,0,1,0,3.3959,1.661,collision,1424.8,-0.136494,0.670762,-0.899736,0.882016,5.911814,0.200187,3.646172,5.999903,0.408163,0.466291,-1.0,1.012837,,,,,,,,,,,,,,0,lstm
306,132889,-12.9235,-7.5935,141,0,0,1,0,3.7793,1.236,collision,1426.2,-0.883939,0.094258,-0.899744,0.219675,5.928473,0.114552,4.981415,5.999128,0.40462,0.388689,-0.7022,1.0,,,,,,,,,,,,,,0,lstm
307,133185,-9.2689,-10.2787,296,0,0,1,0,3.707,1.632,collision,1428.9,0.114225,0.67964,-0.89909,0.885844,5.929697,0.194546,3.415451,5.999539,0.39346,0.43183,-0.98109,1.003002,,,,,,,,,,,,,,0,lstm
308,133467,-5.6933,-12.8212,282,0,0,1,0,3.6167,1.593,collision,1432.0,0.032437,0.708364,-0.899038,0.89317,5.940193,0.125069,4.555209,5.99964,0.372287,0.410914,-0.963797,1.0,0.017116,0.029065,1.8951,0.005511,0.05742,0.444004,0.05254,0.780146,0.0001,,,,,0,lstm
309,134538,-138.1016,-28.8832,1071,0,0,1,0,3.4406,1.603,collision,1442.0,-0.149672,0.695204,-0.899779,0.89455,5.91877,0.189892,3.439296,5.999722,0.403819,0.465904,-1.0,1.008772,,,,,,,,,,,,,,0,lstm
310,134839,10.5328,-29.0912,301,0,0,1,0,3.6465,1.474,collision,1444.9,-0.07014,0.769271,-0.899795,0.896639,5.947075,0.100118,5.133596,5.999871,0.393903,0.407881,-0.93668,1.0,,,,,,,,,,,,,,0,lstm
311,135130,12.2457,-29.9319,291,0,0,1,0,3.6198,1.464,collision,1447.6,-0.165886,0.761691,-0.899732,0.892002,5.914949,0.17428,4.670566,5.999532,0.396022,0.404651,-0.893083,1.0,,,,,,,,,,,,,,0,lstm
312,135414,-3.5132,-30.5061,284,0,0,1,0,3.5786,1.683,collision,1451.0,0.049076,0.663495,-0.899448,0.873735,5.938679,0.119658,4.91187,5.999614,0.383968,0.416016,-0.963502,1.0,0.002667,0.025918,1.895217,0.005495,0.045091,0.69819,0.02439,0.94643,0.0001,,,,,0,lstm
313,135700,18.823,-26.6551,286,0,0,1,0,3.5714,1.692,collision,1453.7,-0.049301,0.666374,-0.899139,0.864631,5.938023,0.124766,5.123356,5.999658,0.392335,0.396081,-0.826757,1.0,,,,,,,,,,,,,,0,lstm
314,135988,-16.4253,-26.8866,288,0,0,1,0,3.6635,1.577,collision,1456.6,0.077587,0.71385,-0.899061,0.893372,5.941526,0.101825,5.148953,5.999596,0.380541,0.426134,-0.988339,1.0,,,,,,,,,,,,,,0,lstm
315,136391,-34.0681,-17.8392,403,0,0,1,0,3.6722,1.563,collision,1460.6,-0.108868,0.723329,-0.899387,0.889265,5.898115,0.274536,2.861533,5.999621,0.392395,0.43166,-1.0,1.0,,,,,,,,,,,,,,0,lstm
316,136545,-7.5074,-17.2976,154,0,0,1,0,3.7986,1.267,collision,1462.5,-0.868753,0.051984,-0.899647,-0.591151,5.927003,0.110908,5.37078,5.998999,0.424996,0.397642,-0.663628,1.0,-0.010889,0.034605,1.895403,0.005478,0.055945,0.839571,0.048706,0.96584,0.0001,,,,,0,lstm
317,136824,-27.5723,-19.128,279,0,0,1,0,3.6668,1.66,collision,1465.3,0.137324,0.664825,-0.898917,0.893133,5.941046,0.113247,4.82099,5.999825,0.38959,0.439624,-0.994654,1.0,,,,,,,,,,,,,,0,lstm
318,137109,21.0087,-16.4578,285,0,0,1,0,3.577,1.734,collision,1468.1,-0.086311,0.646712,-0.898254,0.880449,5.943461,0.133649,4.670881,5.99987,0.398276,0.399534,-0.716624,1.001383,,,,,,,,,,,,,,0,lstm
319,138175,-125.5556,-15.2032,1066,0,0,1,0,3.4149,1.6,collision,1478.3,-0.131691,0.700283,-0.899686,0.890305,5.920606,0.178327,4.05481,5.999816,0.405033,0.465052,-1.0,1.010655,,,,,,,,,,,,,,0,lstm
320,138313,-12.598,-17.5162,138,0,0,1,0,3.859,1.234,collision,1480.1,-0.88877,0.056376,-0.899713,-0.262941,5.859042,0.261878,4.075252,5.997701,0.405457,0.389131,-0.665423,1.005022,0.00504,0.02682,1.895688,0.005462,0.057455,0.756468,0.039621,1.590332,0.0001,,,,,0,lstm
321,138473,-7.4716,-19.488,160,0,0,1,0,3.8099,1.247,collision,1481.7,-0.8805,0.072671,-0.899754,-0.18763,5.88232,0.254039,4.30954,5.999635,0.421267,0.399446,-0.714222,1.001245,,,,,,,,,,,,,,0,lstm
322,138759,-14.9534,-20.632,286,0,0,1,0,3.6434,1.708,collision,1484.5,0.153922,0.637345,-0.897011,0.894035,5.930481,0.161924,4.472452,5.999772,0.400962,0.434401,-0.983404,1.0,,,,,,,,,,,,,,0,lstm
323,139055,-15.8646,-24.1008,296,0,0,1,0,3.7141,1.5,collision,1487.4,0.079894,0.748868,-0.899072,0.890321,5.911058,0.226084,3.897493,5.999689,0.368224,0.422048,-0.991895,1.0,,,,,,,,,,,,,,0,lstm
324,139357,8.1021,-21.648,302,0,0,1,0,3.6471,1.537,collision,1490.8,0.057101,0.740144,-0.899653,0.88949,5.932592,0.128157,4.59199,5.999661,0.389355,0.407169,-0.938699,1.0,0.02174,0.031195,1.895782,0.005446,0.054556,0.514073,0.028636,0.787349,0.0001,,,,,0,lstm
325,139648,9.8063,-17.2606,291,0,0,1,0,3.6827,1.62,collision,1493.6,-0.058462,0.697485,-0.898817,0.888524,5.928256,0.180456,3.559556,5.999421,0.394582,0.41443,-0.901801,1.012775,,,,,,,,,,,,,,0,lstm
326,139830,-4.874,-16.9972,182,0,0,1,0,3.8046,1.451,collision,1495.4,-0.52433,0.585161,-0.899019,0.848023,5.907071,0.1898,4.501287,5.999406,0.423497,0.407236,-0.789739,1.004752,,,,,,,,,,,,,,0,lstm
327,140126,-21.399,-16.3799,296,0,0,1,0,3.6825,1.62,collision,1498.4,0.134549,0.681656,-0.898282,0.891761,5.942161,0.114842,5.08461,5.999927,0.396717,0.439706,-0.997596,1.0,,,,,,,,,,,,,,0,lstm
328,140405,17.6844,-16.7123,279,0,0,1,0,3.5984,1.697,collision,1501.5,-0.077875,0.659593,-0.899039,0.895419,5.923337,0.200233,3.660378,5.99959,0.392071,0.399169,-0.747589,1.003086,0.004917,0.045671,1.895764,0.00543,0.057035,0.460915,0.035103,0.473507,0.0001,,,,,0,lstm
329,140594,-3.3642,-4.4932,189,0,0,1,0,3.8007,1.458,collision,1503.4,-0.495155,0.609948,-0.899707,0.869363,5.921999,0.154589,4.880196,5.999446,0.42481,0.408691,-0.780906,1.006745,,,,,,,,,,,,,,0,lstm
330,140869,14.785,-1.7549,275,0,0,1,0,3.5855,1.573,collision,1506.2,-0.290671,0.665251,-0.899558,0.89892,5.90271,0.243171,3.094054,5.999191,0.368818,0.384998,-0.76489,1.0,,,,,,,,,,,,,,0,lstm
331,141152,18.0542,0.7977,283,0,0,1,0,3.6057,1.62,collision,1509.0,-0.118868,0.689849,-0.897848,0.889593,5.937012,0.10862,5.128723,5.99931,0.392387,0.398995,-0.759517,1.0,,,,,,,,,,,,,,0,lstm
332,141443,21.2412,4.4171,291,0,0,1,0,3.5882,1.549,collision,1512.4,-0.188212,0.714258,-0.899634,0.876169,5.945082,0.103987,5.050291,5.999904,0.400363,0.39991,-0.782632,1.0,-0.042999,0.041464,1.896087,0.005414,0.057815,0.572354,0.043465,0.606017,0.0001,,,,,0,lstm
333,141734,6.5266,6.6563,291,0,0,1,0,3.6435,1.593,collision,1515.3,-0.026055,0.711576,-0.897964,0.879191,5.939151,0.117429,5.002465,5.999539,0.393068,0.413613,-0.934009,1.0,,,,,,,,,,,,,,0,lstm
334,142016,18.7028,7.7163,282,0,0,1,0,3.575,1.556,collision,1518.2,-0.257721,0.686997,-0.89969,0.879165,5.915412,0.165817,4.352783,5.999469,0.395859,0.397276,-0.791283,1.0,,,,,,,,,,,,,,0,lstm
335,142299,18.817,8.6174,283,0,0,1,0,3.6057,1.642,collision,1521.1,-0.100042,0.683845,-0.89903,0.890378,5.907007,0.247772,2.802186,5.999809,0.394195,0.399577,-0.753293,1.00098,,,,,,,,,,,,,,0,lstm
336,142697,8.1736,9.9222,398,0,0,1,0,3.6837,1.598,collision,1525.5,-0.058982,0.709202,-0.899753,0.89412,5.88828,0.275819,3.286947,5.999201,0.380051,0.424557,-0.983551,1.014466,-0.003255,0.03528,1.896447,0.005397,0.066351,0.684246,0.054942,1.250582,0.0001,,,,,0,lstm
337,142995,-17.578,10.3043,298,0,0,1,0,3.709,1.633,collision,1528.5,0.109271,0.681577,-0.898364,0.889268,5.939332,0.098052,5.079344,5.999773,0.389403,0.43355,-0.992289,1.004317,,,,,,,,,,,,,,0,lstm
338,143298,5.7437,9.1102,303,0,0,1,0,3.6771,1.537,collision,1531.6,0.016524,0.737958,-0.898335,0.894897,5.917284,0.158069,4.750486,5.999789,0.387864,0.412743,-0.916081,1.0,,,,,,,,,,,,,,0,lstm
339,143594,10.5085,10.4975,296,0,0,1,0,3.6301,1.661,collision,1534.5,0.003825,0.678707,-0.898405,0.889595,5.94156,0.128095,4.606791,5.999354,0.401941,0.415133,-0.90977,1.002801,,,,,,,,,,,,,,0,lstm
340,143889,22.6548,11.2845,295,0,0,1,0,3.6564,1.535,collision,1538.0,-0.230573,0.708623,-0.899453,0.89834,5.925636,0.134405,4.707292,5.999233,0.401492,0.403494,-0.788601,1.01186,0.007614,0.032868,1.896765,0.005381,0.046931,0.368001,0.035623,2.662753,0.0001,,,,,0,lstm
341,144184,6.882,10.1672,295,0,0,1,0,3.6707,1.535,collision,1541.0,-0.013631,0.737587,-0.899296,0.889002,5.912513,0.216014,3.492985,5.999489,0.390012,0.413243,-0.939486,1.0,,,,,,,,,,,,,,0,lstm
342,144486,21.8672,10.2298,302,0,0,1,0,3.6899,1.489,collision,1544.0,-0.195729,0.742241,-0.899749,0.886247,5.905033,0.185239,4.513677,5.999612,0.387649,0.399458,-0.777427,1.013843,,,,,,,,,,,,,,0,lstm
343,144787,18.8818,11.4654,301,0,0,1,0,3.652,1.569,collision,1546.9,-0.069209,0.727658,-0.899429,0.897571,5.918583,0.185372,4.404562,5.999794,0.397419,0.407264,-0.82023,1.007305,,,,,,,,,,,,,,0,lstm
344,145068,20.0018,11.5952,281,0,0,1,0,3.6061,1.54,collision,1550.3,-0.284176,0.681697,-0.899291,0.893388,5.908438,0.16606,4.59688,5.999191,0.377036,0.3841,-0.757983,1.0,0.008127,0.03126,1.897021,0.005365,0.040143,0.461064,0.014632,0.883476,0.0001,,,,,0,lstm
345,145344,22.0148,11.915,276,0,0,1,0,3.5153,1.727,collision,1552.9,-0.191299,0.613294,-0.899313,0.870938,5.924687,0.152791,4.748894,5.999851,0.378377,0.382415,-0.7668,1.0,,,,,,,,,,,,,,0,lstm
346,145650,-9.0323,10.1944,306,0,0,1,0,3.6948,1.702,collision,1556.0,0.140074,0.635803,-0.897584,0.893622,5.921493,0.22305,2.629988,5.999933,0.403634,0.436282,-0.987421,1.009072,,,,,,,,,,,,,,0,lstm
347,145936,-10.0014,10.9521,286,0,0,1,0,3.6616,1.495,collision,1558.9,-0.02492,0.754768,-0.898345,0.886679,5.915285,0.13379,5.211266,5.999707,0.362097,0.40727,-0.984295,1.0,,,,,,,,,,,,,,0,lstm
348,146362,-62.9613,4.0816,426,0,0,1,0,3.7461,1.613,collision,1563.6,-0.095102,0.698528,-0.899318,0.87806,5.90487,0.198165,4.206991,5.998928,0.385166,0.445555,-1.0,1.0,-0.001934,0.032934,1.897415,0.005349,0.051154,0.352864,0.014402,0.325729,0.0001,,,,,0,lstm
349,146647,19.6412,4.9949,285,0,0,1,0,3.5653,1.621,collision,1566.5,-0.154971,0.685975,-0.898907,0.886297,5.92208,0.149146,4.505166,5.999625,0.400033,0.40069,-0.790071,1.0,,,,,,,,,,,,,,0,lstm
350,146922,12.6354,3.9929,275,0,0,1,0,3.5546,1.625,collision,1569.4,-0.104235,0.685817,-0.89766,0.891233,5.90417,0.202911,4.548306,5.999514,0.37343,0.389044,-0.782008,1.0,,,,,,,,,,,,,,0,lstm
351,147224,14.8813,4.7928,302,0,0,1,0,3.6839,1.549,collision,1572.5,-0.210988,0.705933,-0.899703,0.889482,5.891285,0.289309,2.135002,5.999415,0.388767,0.405925,-0.878421,1.00851,,,,,,,,,,,,,,0,lstm
352,149688,-123.5602,-9.7499,2464,0,0,1,0,2.3205,1.649,collision,1597.8,-0.092061,0.680767,-0.899774,0.895548,5.887831,0.254545,1.384441,5.999813,0.374293,0.44266,-1.0,1.00989,-0.011515,0.018388,1.898256,0.005333,0.053805,0.286184,0.047496,0.543066,0.0001,,,,,0,lstm
353,149863,-8.1117,-12.4493,175,0,0,1,0,3.7779,1.529,collision,1599.5,-0.333693,0.665424,-0.897991,0.876262,5.922062,0.133741,5.020979,5.998695,0.408335,0.402186,-0.771716,1.0,,,,,,,,,,,,,,0,lstm
354,150167,-10.2951,-15.4789,304,0,0,1,0,3.6881,1.709,collision,1602.4,0.127541,0.642962,-0.897236,0.885843,5.936766,0.094866,5.311809,5.999577,0.404838,0.437041,-0.991402,1.012089,,,,,,,,,,,,,,0,lstm
355,150470,24.8613,-15.1943,303,0,0,1,0,3.6053,1.596,collision,1605.2,-0.198536,0.687519,-0.899243,0.874411,5.928899,0.162504,4.378897,5.9994,0.410387,0.406653,-0.82584,1.003847,,,,,,,,,,,,,,0,lstm
356,150768,16.7894,-12.6121,298,0,0,1,0,3.6859,1.559,collision,1608.4,-0.205798,0.704988,-0.899031,0.892618,5.909869,0.171313,4.021734,5.999118,0.390801,0.404037,-0.795491,1.01323,-0.04224,0.029723,1.899041,0.005316,0.05859,0.461991,0.066406,0.739938,0.0001,,,,,0,lstm
357,150923,-7.3712,-12.3491,155,0,0,1,0,3.8249,1.294,collision,1609.9,-0.852266,0.092699,-0.899789,-0.306846,5.910891,0.155806,4.898222,5.999076,0.427736,0.401304,-0.717546,1.0,,,,,,,,,,,,,,0,lstm
358,151233,-13.1615,-7.3691,310,0,0,1,0,3.7258,1.509,collision,1612.7,0.025887,0.749753,-0.899077,0.893801,5.879784,0.286026,3.48771,5.999534,0.371146,0.423581,-0.995423,1.0,,,,,,,,,,,,,,0,lstm
359,151624,-33.9972,-12.7329,391,0,0,1,0,3.6857,1.55,collision,1616.3,-0.076122,0.729988,-0.899154,0.884648,5.890408,0.219254,4.053919,5.999731,0.370418,0.431042,-0.999994,1.0,,,,,,,,,,,,,,0,lstm
360,152057,-54.0873,-19.4052,433,0,0,1,0,3.7398,1.537,collision,1620.7,-0.089791,0.732857,-0.899444,0.889345,5.885307,0.257674,3.307081,5.999789,0.384519,0.44382,-0.999999,1.0,-0.002912,0.034221,1.899513,0.0053,0.067879,0.472244,0.030687,0.335392,0.0001,,,,,0,lstm
361,153127,-172.0365,-38.097,1070,0,0,1,0,3.5806,1.387,collision,1630.4,-0.614079,0.539208,-0.899788,0.884348,5.830544,0.329158,2.418161,5.999783,0.354931,0.444556,-1.0,1.0,,,,,,,,,,,,,,0,lstm
362,153414,13.7868,-24.3623,287,0,0,1,0,3.6422,1.65,collision,1633.0,-0.070163,0.685297,-0.898259,0.897848,5.906931,0.236539,3.582698,5.999451,0.395279,0.407716,-0.837252,1.008555,,,,,,,,,,,,,,0,lstm
363,153847,-83.9041,-31.9415,433,0,0,1,0,3.7736,1.591,collision,1637.0,-0.084311,0.708039,-0.899674,0.879143,5.891722,0.216811,4.104246,5.999457,0.386664,0.455806,-1.0,1.0,,,,,,,,,,,,,,0,lstm
364,154026,-7.5764,-31.6697,179,0,0,1,0,3.7589,1.421,collision,1639.1,-0.5558,0.573207,-0.899112,0.879293,5.904507,0.204759,3.905518,5.999317,0.410624,0.399136,-0.841834,1.0,-0.064469,0.026067,1.899979,0.005284,0.058881,0.39432,0.044361,0.659665,0.0001,,,,,0,lstm
365,154328,17.026,-32.4532,302,0,0,1,0,3.6126,1.602,collision,1641.9,-0.060648,0.702942,-0.899003,0.880132,5.900736,0.218452,3.951358,5.999471,0.403367,0.409852,-0.871291,1.0,,,,,,,,,,,,,,0,lstm
366,156729,-489.7901,-83.1112,2401,0,0,1,0,3.7151,1.436,collision,1663.7,-0.497233,0.619409,-0.899863,0.884474,5.847175,0.284792,2.656477,5.999704,0.384163,0.469543,-1.0,1.071193,,,,,,,,,,,,,,0,lstm
367,157027,3.6027,-82.0138,298,0,0,1,0,3.6468,1.4,collision,1666.4,-0.270972,0.75722,-0.899624,0.891159,5.85908,0.277728,3.581722,5.998862,0.393502,0.411407,-0.965359,1.0,,,,,,,,,,,,,,0,lstm
368,159439,-480.3454,-128.7322,2412,0,0,1,0,3.7001,1.448,collision,1689.8,-0.499465,0.611669,-0.899853,0.896903,5.840178,0.309974,1.645338,5.999846,0.377684,0.465231,-1.0,1.061563,-0.045685,0.01794,1.900829,0.005268,0.05008,0.730518,0.045968,0.823361,0.0001,,,,,0,lstm
369,159738,17.1531,-123.6171,299,0,0,1,0,3.6165,1.623,collision,1692.6,-0.082051,0.698111,-0.899237,0.890194,5.907081,0.30509,2.094319,5.999414,0.403907,0.410303,-0.886031,1.00045,,,,,,,,,,,,,,0,lstm
370,161793,-500.2951,-168.2379,2055,0,0,0,0,3.7083,1.365,low_score,1711.3,-0.681228,0.469336,-0.899815,0.891319,5.827151,0.297403,2.032091,5.99981,0.357458,0.460021,-1.0,1.050041,,,,,,,,,,,,,,0,lstm
371,162077,10.7902,-149.9552,284,0,0,1,0,3.5509,1.576,collision,1714.0,-0.116636,0.708308,-0.899063,0.885045,5.917731,0.140055,4.795206,5.999394,0.386397,0.401623,-0.906831,1.0,,,,,,,,,,,,,,0,lstm
372,162374,14.5143,-149.8825,297,0,0,1,0,3.6432,1.532,collision,1717.5,-0.095283,0.732004,-0.899353,0.880672,5.884921,0.218293,4.297953,5.999172,0.395301,0.407618,-0.910336,1.0,-0.081053,0.023172,1.901441,0.005252,0.055906,0.509551,0.025664,1.270214,0.0001,,,,,0,lstm
373,162681,20.0762,-139.4845,307,0,0,1,0,3.6785,1.526,collision,1720.3,-0.121861,0.734109,-0.899713,0.876116,5.915006,0.146716,4.57515,5.999732,0.405075,0.412717,-0.890418,1.011545,,,,,,,,,,,,,,0,lstm
374,164763,-500.2902,-188.7558,2082,0,0,0,0,3.7379,1.374,low_score,1739.3,-0.693533,0.444325,-0.899867,0.880223,5.772706,0.427052,1.421647,5.999301,0.353051,0.4566,-0.999999,1.060035,,,,,,,,,,,,,,0,lstm
375,165166,-40.3958,-194.498,403,0,0,1,0,3.6971,1.568,collision,1743.1,-0.064619,0.724851,-0.899296,0.883803,5.881691,0.226193,3.835712,5.999784,0.375527,0.438518,-0.999999,1.0,,,,,,,,,,,,,,0,lstm
376,165500,7.0736,-144.8117,334,0,0,1,0,3.7345,1.534,collision,1747.0,-0.068494,0.739631,-0.899088,0.893641,5.887275,0.243437,3.114927,5.999487,0.377341,0.418069,-0.978177,1.014547,-0.055147,0.022074,1.901736,0.005235,0.060401,0.270139,0.025133,0.332145,0.0001,,,,,0,lstm
377,167550,-500.1602,-195.1879,2050,0,0,0,0,3.7675,1.354,low_score,1765.6,-0.699429,0.448313,-0.899807,0.891981,5.787004,0.354125,2.223643,5.999439,0.354623,0.457832,-1.0,1.059481,,,,,,,,,,,,,,0,lstm
378,167835,8.5783,-146.2956,285,0,0,1,0,3.597,1.489,collision,1768.2,-0.106366,0.749034,-0.899422,0.882505,5.884795,0.173994,4.950707,5.999446,0.376056,0.396793,-0.921561,1.0,,,,,,,,,,,,,,0,lstm
379,168130,-2.8035,-148.2912,295,0,0,1,0,3.6461,1.466,collision,1770.8,-0.27211,0.728228,-0.89978,0.88839,5.885009,0.193142,4.235639,5.999002,0.387679,0.411498,-0.978275,1.0,,,,,,,,,,,,,,0,lstm
380,168285,-7.3824,-98.9999,155,0,0,1,0,3.7878,1.288,collision,1773.1,-0.855717,0.086628,-0.899844,-0.331093,5.873221,0.260141,4.056854,5.998127,0.423075,0.397318,-0.729458,1.0,-0.163414,0.023106,1.90198,0.005219,0.055857,1.236488,0.064556,1.427144,0.0001,,,,,0,lstm
381,170688,-490.7408,-149.153,2403,0,0,1,0,3.6682,1.326,collision,1794.8,-0.723768,0.438182,-0.899832,0.892773,5.759811,0.424944,1.624957,5.999806,0.351433,0.449455,-0.999999,1.026989,,,,,,,,,,,,,,0,lstm
382,172819,-500.0073,-200.6052,2131,0,0,0,0,3.7484,1.322,low_score,1813.0,-0.735577,0.420854,-0.899814,0.885507,5.738511,0.464388,1.600064,5.999093,0.35189,0.455075,-0.999996,1.05245,,,,,,,,,,,,,,0,lstm
383,174511,-500.3042,-252.6432,1692,0,0,0,0,3.9023,1.441,low_score,1826.9,-0.508377,0.604393,-0.899835,0.889327,5.746654,0.460206,0.170645,5.999035,0.357292,0.469772,-1.0,1.074095,,,,,,,,,,,,,,0,lstm
384,174804,4.5267,-202.1615,293,0,0,1,0,3.6749,1.473,collision,1831.0,-0.129443,0.75788,-0.89947,0.891628,5.875731,0.241662,3.689774,5.999734,0.375108,0.401874,-0.947383,1.0,-0.08984,0.017725,1.902516,0.005203,0.050899,0.601757,0.047525,1.496699,0.0001,,,,,0,lstm
385,175087,7.2508,-197.3969,283,0,0,1,0,3.5933,1.491,collision,1833.5,-0.098546,0.74976,-0.899544,0.888114,5.847205,0.306096,3.386217,5.999223,0.369931,0.393384,-0.92504,1.0,,,,,,,,,,,,,,0,lstm
386,175397,11.1306,-196.9912,310,0,0,1,0,3.7146,1.467,collision,1835.9,-0.197143,0.749633,-0.899359,0.891585,5.863885,0.272212,3.301888,5.999559,0.386625,0.409788,-0.938903,1.006903,,,,,,,,,,,,,,0,lstm
387,175573,-4.5595,-147.4311,176,0,0,1,0,3.751,1.251,collision,1837.5,-0.87843,0.034206,-0.89976,-0.69334,5.866637,0.366252,1.529603,5.998528,0.422541,0.397761,-0.720014,1.0,,,,,,,,,,,,,,0,lstm
388,175879,9.8929,-147.2997,306,0,0,1,0,3.6159,1.543,collision,1840.4,-0.01827,0.734042,-0.898713,0.891068,5.886139,0.235059,3.568036,5.999343,0.394372,0.41099,-0.944521,1.0,-0.145223,0.038678,1.902805,0.005187,0.047324,0.301178,0.024248,0.633852,0.0001,,,,,0,lstm
389,176034,-7.4887,-147.7682,155,0,0,1,0,3.7673,1.261,collision,1841.9,-0.872424,0.039579,-0.899789,-0.65244,5.839463,0.241133,4.65963,5.998817,0.420412,0.39464,-0.725782,1.0,,,,,,,,,,,,,,0,lstm
390,178189,-500.3667,-197.0666,2155,0,0,0,0,3.8809,1.269,low_score,1859.7,-0.866811,0.065875,-0.89991,-0.016649,5.705733,0.509386,0.863646,5.999378,0.326591,0.446374,-1.0,1.053647,,,,,,,,,,,,,,0,lstm
391,180577,-500.6146,-198.054,2388,0,0,0,0,3.7197,1.303,low_score,1879.4,-0.811717,0.271686,-0.899933,0.874519,5.74781,0.436,1.474208,5.99897,0.36117,0.454044,-1.0,1.027523,,,,,,,,,,,,,,0,lstm
392,181503,-129.5424,-161.0075,926,0,0,1,0,3.569,1.354,collision,1888.5,-0.722449,0.414149,-0.899817,0.882427,5.794056,0.344635,1.986617,5.999393,0.347047,0.425954,-1.0,1.023583,-0.041538,0.016611,1.903176,0.005171,0.047007,0.630664,0.043213,0.703325,0.0001,,,,,0,lstm
393,183829,-500.0481,-160.9819,2326,0,0,0,0,3.8209,1.272,low_score,1907.7,-0.865094,0.073284,-0.899883,0.357888,5.718863,0.494845,0.826372,5.999619,0.346115,0.448278,-1.0,1.040966,,,,,,,,,,,,,,0,lstm
394,186134,-500.7263,-211.5072,2305,0,0,0,0,3.8428,1.286,low_score,1927.2,-0.85667,0.081556,-0.89989,0.004821,5.717963,0.535369,0.760898,5.999546,0.341127,0.444189,-1.0,1.050015,,,,,,,,,,,,,,0,lstm
395,188413,-500.3242,-262.2647,2279,0,0,0,0,3.8613,1.284,low_score,1944.0,-0.857689,0.081415,-0.899888,0.097867,5.719134,0.506764,0.693786,5.999274,0.336469,0.443298,-1.0,1.054786,,,,,,,,,,,,,,0,lstm
396,188583,-6.0173,-263.9795,170,0,0,1,0,3.7437,1.27,collision,1946.6,-0.866712,0.050049,-0.899301,-0.571436,5.815432,0.317074,3.474824,5.996728,0.417853,0.396632,-0.86654,1.0,-0.019144,0.015391,1.904201,0.005154,0.046234,0.325224,0.069742,0.646292,0.0001,,,,,0,lstm
397,190840,-500.3555,-313.5591,2257,0,0,0,0,3.8517,1.292,low_score,1963.8,-0.852916,0.092729,-0.899883,0.16301,5.748744,0.413519,1.790662,5.99879,0.336283,0.444652,-1.0,1.041854,,,,,,,,,,,,,,0,lstm
398,193019,-500.4062,-364.589,2179,0,0,0,0,3.9026,1.275,low_score,1981.5,-0.863369,0.072993,-0.899834,-0.085886,5.704835,0.470905,2.066717,5.999084,0.324899,0.445595,-1.0,1.063624,,,,,,,,,,,,,,0,lstm
399,195280,-500.3657,-413.8767,2261,0,0,0,0,3.8506,1.282,low_score,1999.6,-0.85921,0.075747,-0.899919,0.294066,5.728031,0.452317,1.139007,5.999207,0.335319,0.443452,-1.0,1.044329,,,,,,,,,,,,,,0,lstm
400,197588,-500.0443,-413.8445,2308,0,0,0,0,3.8267,1.286,low_score,2020.4,-0.856683,0.077998,-0.899894,-0.10507,5.745424,0.418677,2.224433,5.999364,0.345463,0.447087,-1.0,1.042805,-0.023417,0.013745,1.905128,0.005138,0.041201,0.371345,0.05229,0.376021,0.0001,,,,,0,lstm
401,199823,-500.6275,-413.8458,2235,0,0,0,0,3.8106,1.259,low_score,2039.3,-0.872721,0.055267,-0.899899,0.628727,5.731879,0.460217,1.393724,5.999735,0.331412,0.442803,-1.0,1.035357,,,,,,,,,,,,,,0,lstm
402,202137,-500.2138,-450.9129,2314,0,0,0,0,3.7909,1.294,low_score,2058.1,-0.851098,0.102773,-0.899895,0.376619,5.724604,0.490088,1.099628,5.999408,0.343604,0.444455,-1.0,1.038094,,,,,,,,,,,,,,0,lstm
403,204313,-500.2211,-450.9302,2176,0,0,0,0,3.9055,1.271,low_score,2076.0,-0.865844,0.065469,-0.899858,-0.144363,5.697155,0.517798,0.806546,5.99946,0.327793,0.447248,-1.0,1.055681,,,,,,,,,,,,,,0,lstm
404,206639,-500.6285,-450.9204,2326,0,0,0,0,3.6839,1.29,low_score,2096.6,-0.853774,0.101217,-0.899799,0.225581,5.741835,0.457214,1.030964,5.998826,0.34954,0.445866,-1.0,1.014635,-0.027717,0.010758,1.905099,0.005122,0.03522,0.294036,0.043028,0.391759,0.0001,,,,,0,lstm
405,208013,-418.7086,-442.7589,1374,0,0,1,0,4.0037,1.406,collision,2107.9,-0.584115,0.550172,-0.89992,0.891157,5.548264,0.781949,0.765016,5.999057,0.317322,0.456422,-1.0,1.128532,,,,,,,,,,,,,,0,lstm
406,208152,-12.1078,-443.3679,139,0,0,1,0,3.8058,1.228,collision,2109.0,-0.892045,0.009096,-0.899767,-0.845341,5.823576,0.293007,4.158577,5.999175,0.410942,0.391226,-0.661228,1.0,,,,,,,,,,,,,,0,lstm
407,209767,-490.4696,-442.3793,1615,0,0,1,0,3.9633,1.31,collision,2122.2,-0.841177,0.113955,-0.89993,0.328431,5.564668,0.743352,0.927534,5.999401,0.305649,0.448151,-1.0,1.077263,,,,,,,,,,,,,,0,lstm
408,211933,-500.5241,-442.3911,2166,0,0,0,0,3.8527,1.262,low_score,2141.1,-0.871059,0.058223,-0.899907,0.140528,5.707756,0.502129,1.105276,5.999397,0.331262,0.448012,-1.0,1.043459,-0.001832,0.012693,1.905076,0.005106,0.046883,0.351922,0.035944,0.449579,0.0001,,,,,0,lstm
409,212078,-11.3145,-393.486,145,0,0,1,0,3.8596,1.231,collision,2142.3,-0.890554,0.016924,-0.89987,-0.770964,5.842683,0.243243,4.406754,5.99779,0.410749,0.393542,-0.706195,1.002848,,,,,,,,,,,,,,0,lstm
410,214338,-500.1368,-393.4952,2260,0,0,0,0,3.7997,1.288,low_score,2160.8,-0.855764,0.08419,-0.899885,0.163408,5.736258,0.461748,1.47683,5.999255,0.336598,0.444371,-1.0,1.030759,,,,,,,,,,,,,,0,lstm
411,216632,-500.6699,-393.4995,2294,0,0,0,0,3.8179,1.294,low_score,2179.6,-0.851663,0.10137,-0.899885,0.518185,5.746435,0.44471,1.219766,5.999402,0.338758,0.443181,-1.0,1.044079,,,,,,,,,,,,,,0,lstm
412,218902,-500.2827,-393.5064,2270,0,0,0,0,3.8077,1.289,low_score,2199.6,-0.854865,0.093883,-0.899852,0.304032,5.768318,0.394262,1.99531,5.999352,0.335801,0.442849,-1.0,1.034916,-0.022414,0.011524,1.904404,0.00509,0.032192,0.315905,0.019072,0.279819,0.0001,,,,,0,lstm
413,221134,-500.4581,-393.5301,2232,0,0,0,0,3.9219,1.297,low_score,2216.9,-0.849928,0.094603,-0.899876,0.163425,5.710251,0.505993,1.051896,5.99912,0.326497,0.444244,-1.0,1.067712,,,,,,,,,,,,,,0,lstm
414,222107,-313.8644,-374.8537,973,0,0,1,0,3.9895,1.335,collision,2224.2,-0.825134,0.134182,-0.899752,0.22001,5.578693,0.72643,0.1757,5.99945,0.303023,0.447807,-1.0,1.089377,,,,,,,,,,,,,,0,lstm
415,224347,-500.2278,-383.0056,2240,0,0,0,0,3.9229,1.3,low_score,2240.9,-0.848471,0.09248,-0.899831,0.155683,5.695921,0.501272,1.798632,5.999352,0.328068,0.444696,-1.0,1.067199,,,,,,,,,,,,,,0,lstm
416,226669,-500.3652,-431.8313,2322,0,0,0,0,3.8205,1.295,low_score,2259.3,-0.851187,0.098174,-0.899829,0.332287,5.753662,0.418423,1.838363,5.999125,0.342947,0.444697,-0.999999,1.049888,-0.013743,0.010946,1.903595,0.005073,0.031712,0.295397,0.02334,0.294362,0.0001,,,,,0,lstm
417,228891,-500.5955,-432.8439,2222,0,0,0,0,3.8681,1.27,low_score,2275.8,-0.866942,0.056926,-0.899939,-0.235354,5.730406,0.450943,1.379453,5.999819,0.330666,0.443974,-1.0,1.048064,,,,,,,,,,,,,,0,lstm
418,231145,-500.488,-432.8403,2254,0,0,0,0,3.8583,1.278,low_score,2292.7,-0.860516,0.080178,-0.899931,0.441796,5.708452,0.514079,0.252902,5.999634,0.333631,0.442946,-1.0,1.046684,,,,,,,,,,,,,,0,lstm
419,232056,-285.8016,-460.289,911,0,0,1,0,4.0158,1.366,collision,2299.5,-0.799048,0.180722,-0.899835,0.568093,5.506509,0.81016,0.363458,5.999881,0.303734,0.450501,-1.0,1.094161,,,,,,,,,,,,,,0,lstm
420,233798,-500.0609,-460.2814,1742,0,0,0,0,3.952,1.284,low_score,2313.4,-0.857786,0.078098,-0.899874,0.182381,5.588894,0.693431,0.865343,5.999536,0.300542,0.44532,-1.0,1.075843,-0.003036,0.009007,1.902795,0.005057,0.03329,0.307973,0.038981,0.326045,0.0001,,,,,0,lstm
421,235994,-500.4015,-460.2546,2196,0,0,0,0,3.9708,1.3,low_score,2329.9,-0.846664,0.101938,-0.899884,0.793971,5.634766,0.656995,0.539899,5.999552,0.318258,0.446551,-0.999997,1.084661,,,,,,,,,,,,,,0,lstm
422,238259,-500.6045,-460.2868,2265,0,0,0,0,3.8499,1.291,low_score,2346.9,-0.853514,0.088643,-0.899926,0.193307,5.725176,0.494284,1.367732,5.999802,0.334459,0.443022,-1.0,1.045451,,,,,,,,,,,,,,0,lstm
423,240434,-500.2211,-460.263,2175,0,0,0,0,3.9408,1.28,low_score,2363.1,-0.860013,0.076962,-0.899885,0.299029,5.66644,0.594349,0.84785,5.999617,0.322155,0.446679,-1.0,1.073848,,,,,,,,,,,,,,0,lstm
424,241385,-309.6148,-459.8381,951,0,0,1,0,3.9969,1.334,collision,2370.9,-0.822136,0.132255,-0.899814,0.21592,5.460764,0.912872,0.507761,5.999306,0.302371,0.449105,-1.0,1.089645,-0.010776,0.009773,1.902244,0.005041,0.035581,0.312453,0.031216,0.307322,0.0001,,,,,0,lstm
425,243548,-500.5896,-459.8743,2163,0,0,0,0,3.8534,1.259,low_score,2386.5,-0.87248,0.061842,-0.899878,0.429086,5.725969,0.470335,1.727911,5.999042,0.330277,0.447467,-1.0,1.04403,,,,,,,,,,,,,,0,lstm
426,245731,-500.5865,-459.8964,2183,0,0,0,0,3.9449,1.286,low_score,2402.3,-0.856258,0.077861,-0.899878,0.135168,5.659983,0.603494,0.739412,5.999671,0.322981,0.446532,-1.0,1.071888,,,,,,,,,,,,,,0,lstm
427,247990,-500.6197,-459.8988,2259,0,0,0,0,3.8295,1.291,low_score,2419.1,-0.853967,0.088189,-0.899845,-0.000245,5.757418,0.401493,2.200166,5.999483,0.336409,0.444581,-1.0,1.036718,,,,,,,,,,,,,,0,lstm
428,250264,-500.1031,-459.8603,2274,0,0,0,0,3.8342,1.291,low_score,2437.3,-0.853458,0.093672,-0.899874,0.289776,5.721164,0.49183,1.217105,5.999475,0.336594,0.443747,-1.0,1.042154,-0.010054,0.00915,1.901408,0.005025,0.034269,0.275904,0.032569,0.21267,0.0001,,,,,0,lstm
429,252508,-500.0185,-481.282,2244,0,0,0,0,3.8131,1.283,low_score,2454.1,-0.858358,0.082334,-0.899846,0.244072,5.726902,0.482112,1.690445,5.99955,0.335202,0.444669,-1.0,1.032456,,,,,,,,,,,,,,0,lstm
430,254710,-500.2038,-481.2963,2202,0,0,0,0,3.9183,1.278,low_score,2470.6,-0.860978,0.06814,-0.899905,0.061668,5.68476,0.57859,0.349576,5.999269,0.325928,0.44478,-1.0,1.062453,,,,,,,,,,,,,,0,lstm
431,256897,-500.194,-481.2756,2187,0,0,0,0,3.9097,1.275,low_score,2487.0,-0.863391,0.065183,-0.899888,0.020952,5.682034,0.544117,1.200457,5.999353,0.326045,0.445949,-1.0,1.061355,,,,,,,,,,,,,,0,lstm
432,259093,-500.4621,-481.2613,2196,0,0,0,0,3.9223,1.275,low_score,2504.8,-0.863669,0.062747,-0.899921,-0.102791,5.704155,0.500382,1.509313,5.999645,0.324652,0.445172,-1.0,1.065642,-0.004562,0.009792,1.900851,0.005009,0.037998,0.337441,0.031937,0.291923,0.0001,,,,,0,lstm
433,261342,-500.5468,-481.2939,2249,0,0,0,0,3.8712,1.284,low_score,2521.6,-0.857552,0.076383,-0.899812,0.283615,5.722622,0.461403,1.356638,5.999216,0.331824,0.442554,-1.0,1.05036,,,,,,,,,,,,,,0,lstm
434,263655,-500.3557,-500.368,2313,0,0,0,0,3.759,1.3,low_score,2539.1,-0.847542,0.109236,-0.899856,0.525579,5.73962,0.463951,1.051936,5.999265,0.343364,0.443927,-1.0,1.03387,,,,,,,,,,,,,,0,lstm
435,264633,-327.4366,-483.0527,978,0,0,1,0,3.9966,1.323,collision,2546.2,-0.833132,0.109186,-0.899776,0.03934,5.527037,0.770917,0.767363,5.999677,0.297784,0.448188,-1.0,1.085114,,,,,,,,,,,,,,0,lstm
436,266207,-471.8054,-480.1746,1574,0,0,1,0,3.9967,1.325,collision,2558.9,-0.83107,0.122724,-0.899877,0.366736,5.532031,0.76491,0.526222,5.998775,0.301109,0.447889,-1.0,1.08691,0.009326,0.010222,1.899902,0.004992,0.040029,0.382803,0.045907,0.556875,0.0001,,,,,0,lstm
437,267873,-496.1843,-479.731,1666,0,0,1,0,3.9789,1.307,collision,2571.4,-0.8444,0.09043,-0.899799,-0.053424,5.606707,0.667025,1.227153,5.998857,0.303535,0.445398,-1.0,1.080118,,,,,,,,,,,,,,0,lstm
438,270164,-500.5977,-479.7805,2291,0,0,0,0,3.8172,1.299,low_score,2588.0,-0.846765,0.117191,-0.899869,0.654965,5.762822,0.397327,1.248198,5.999019,0.337559,0.442732,-1.0,1.04631,,,,,,,,,,,,,,0,lstm
439,272401,-500.1405,-479.7927,2237,0,0,0,0,3.8504,1.275,low_score,2604.4,-0.863262,0.070722,-0.899869,0.289924,5.764078,0.378511,2.588625,5.999491,0.332224,0.443325,-1.0,1.043985,,,,,,,,,,,,,,0,lstm
440,274656,-500.0305,-479.7754,2255,0,0,0,0,3.7845,1.282,low_score,2622.1,-0.858593,0.082862,-0.899906,0.578481,5.740647,0.441599,1.220498,5.999674,0.333663,0.442909,-1.0,1.026991,-0.052936,0.0101,1.898979,0.004976,0.034245,0.932543,0.026952,0.970064,0.0001,,,,,0,lstm
441,276904,-500.0463,-479.7606,2248,0,0,0,0,3.851,1.284,low_score,2639.2,-0.85791,0.085067,-0.899787,0.342569,5.720959,0.49164,0.828167,5.999611,0.331873,0.442119,-1.0,1.050223,,,,,,,,,,,,,,0,lstm
442,278582,-506.8936,-480.4037,1678,0,0,1,0,3.984,1.306,collision,2652.0,-0.844879,0.08783,-0.899842,-0.015568,5.609518,0.635092,1.449116,5.999507,0.302741,0.446093,-1.0,1.079875,,,,,,,,,,,,,,0,lstm
443,280191,-487.5975,-479.1088,1609,0,0,1,0,3.9823,1.315,collision,2664.3,-0.838744,0.100143,-0.899862,-0.14037,5.59216,0.693487,0.42319,5.999261,0.302641,0.447473,-1.0,1.081329,,,,,,,,,,,,,,0,lstm
444,281142,-317.7302,-460.8463,951,0,0,1,0,4.0112,1.338,collision,2672.4,-0.823714,0.130006,-0.899794,0.393544,5.558346,0.70372,0.547646,5.999387,0.296236,0.448883,-1.0,1.089662,0.002799,0.01098,1.898886,0.00496,0.041067,0.395572,0.036966,0.383578,0.0001,,,,,0,lstm
445,282715,-289.5505,-457.0576,1573,0,0,1,0,3.456,1.332,collision,2684.3,-0.774207,0.332262,-0.899724,0.896982,5.802035,0.331292,0.574176,5.999442,0.341689,0.434375,-1.0,1.013415,,,,,,,,,,,,,,0,lstm
446,284446,-500.1553,-459.8926,1731,0,0,0,0,3.9621,1.286,low_score,2697.2,-0.855638,0.083234,-0.899849,0.544318,5.607561,0.656631,0.758145,5.999681,0.301268,0.446973,-1.0,1.074533,,,,,,,,,,,,,,0,lstm
447,286748,-500.3781,-460.312,2302,0,0,0,0,3.8013,1.321,low_score,2714.4,-0.834308,0.141029,-0.899831,0.265561,5.734928,0.447995,1.243719,5.99943,0.338707,0.443883,-1.0,1.045799,,,,,,,,,,,,,,0,lstm
448,289027,-500.1888,-460.2711,2279,0,0,0,0,3.8135,1.314,low_score,2732.6,-0.838075,0.132702,-0.899846,0.493045,5.740156,0.439837,2.010037,5.999553,0.337949,0.444478,-1.0,1.040741,-0.013034,0.012637,1.89923,0.004944,0.04851,0.368192,0.06449,0.313666,0.0001,,,,,0,lstm
449,291213,-500.238,-460.2809,2186,0,0,0,0,3.9788,1.286,low_score,2748.9,-0.857014,0.070659,-0.899913,0.046585,5.642035,0.610322,0.915709,5.999142,0.318788,0.446392,-1.0,1.07978,,,,,,,,,,,,,,0,lstm
450,293551,-500.293,-460.3071,2338,0,0,0,0,3.7635,1.3,low_score,2766.5,-0.847271,0.115625,-0.899894,0.390812,5.742711,0.434614,1.712578,5.999515,0.351044,0.448765,-1.0,1.031939,,,,,,,,,,,,,,0,lstm
451,295730,-500.4866,-460.3511,2179,0,0,0,0,3.8428,1.268,low_score,2782.8,-0.867775,0.06247,-0.899818,-0.024858,5.731969,0.431936,1.331285,5.999655,0.333075,0.44835,-1.0,1.039928,,,,,,,,,,,,,,0,lstm
452,295879,-8.6181,-410.5236,149,0,0,1,0,3.8014,1.251,collision,2784.9,-0.878396,0.039325,-0.899901,-0.566928,5.816495,0.436943,2.209479,5.998728,0.423767,0.397471,-0.585915,1.0,-0.002121,0.012181,1.900193,0.004928,0.043885,0.404767,0.026113,0.421654,0.0001,,,,,0,lstm
453,298142,-500.1625,-411.7801,2263,0,0,0,0,3.8424,1.298,low_score,2801.7,-0.848772,0.106758,-0.899819,0.266828,5.746686,0.449141,0.553062,5.999395,0.33494,0.443658,-1.0,1.043511,,,,,,,,,,,,,,0,lstm
454,300345,-500.0651,-430.0136,2203,0,0,0,0,3.9266,1.276,low_score,2818.2,-0.86319,0.058834,-0.899871,-0.293152,5.699843,0.50116,1.194374,5.999279,0.327039,0.445456,-1.0,1.058811,,,,,,,,,,,,,,0,lstm
455,302095,-500.234,-451.0819,1750,0,0,0,0,3.9936,1.294,low_score,2831.3,-0.851281,0.076487,-0.899757,0.109457,5.588305,0.712771,0.480452,5.99851,0.294562,0.446158,-1.0,1.08742,,,,,,,,,,,,,,0,lstm
456,304267,-500.5215,-451.1186,2172,0,0,0,0,3.8599,1.259,low_score,2848.9,-0.872852,0.045094,-0.899788,-0.181498,5.720577,0.455895,0.637203,5.999533,0.32872,0.445972,-1.0,1.047697,-0.007408,0.010665,1.90123,0.004911,0.043432,0.485194,0.038151,0.321777,0.0001,,,,,0,lstm
457,306598,-500.3244,-451.1132,2331,0,0,0,0,3.7764,1.309,low_score,2866.4,-0.840777,0.13422,-0.899811,0.353543,5.762729,0.392606,1.9447,5.99924,0.347929,0.446275,-0.999999,1.039737,,,,,,,,,,,,,,0,lstm
458,308350,-500.0743,-451.1017,1752,0,0,0,0,3.9582,1.281,low_score,2879.7,-0.859399,0.07308,-0.899802,0.288235,5.672414,0.547546,1.589705,5.998507,0.303638,0.446549,-1.0,1.073444,,,,,,,,,,,,,,0,lstm
459,308494,-10.1957,-402.0975,144,0,0,1,0,3.7848,1.258,collision,2880.8,-0.873589,0.091291,-0.899769,0.044549,5.828017,0.285744,3.662777,5.997628,0.41572,0.394168,-0.631144,1.0,,,,,,,,,,,,,,0,lstm
460,310191,-500.0112,-402.0693,1697,0,0,0,0,3.9853,1.308,low_score,2894.4,-0.842278,0.111095,-0.899825,0.242665,5.599437,0.683073,0.308567,5.999613,0.292501,0.446019,-0.999999,1.082927,0.006032,0.011306,1.901794,0.004895,0.044635,0.371286,0.026167,0.294113,0.0001,,,,,0,lstm
461,311935,-500.1197,-402.0326,1744,0,0,0,0,3.8973,1.27,low_score,2907.5,-0.865956,0.066693,-0.89993,0.379271,5.700012,0.486184,1.708754,5.998685,0.312446,0.446517,-1.0,1.055911,,,,,,,,,,,,,,0,lstm
462,313632,-500.0937,-451.1802,1697,0,0,0,0,3.9847,1.303,low_score,2920.3,-0.845577,0.101494,-0.899766,0.518008,5.619627,0.605902,1.408399,5.998285,0.29306,0.446132,-1.0,1.081412,,,,,,,,,,,,,,0,lstm
463,314599,-325.1297,-433.6769,967,0,0,1,0,4.0187,1.317,collision,2927.7,-0.837762,0.100592,-0.899579,0.067456,5.602736,0.605139,1.590009,5.999165,0.295332,0.448496,-1.0,1.089622,,,,,,,,,,,,,,0,lstm
464,316816,-500.4487,-433.7153,2217,0,0,0,0,3.867,1.269,low_score,2945.4,-0.866959,0.057036,-0.899839,0.034933,5.734909,0.423597,1.499275,5.998839,0.331403,0.444785,-1.0,1.044341,0.024378,0.011502,1.901412,0.004879,0.045463,0.438352,0.029351,0.318922,0.0001,,,,,0,lstm
465,319137,-500.5217,-433.7441,2321,0,0,0,0,3.7879,1.298,low_score,2962.8,-0.849186,0.099145,-0.899765,0.12891,5.744556,0.427485,0.949066,5.999487,0.346983,0.446575,-1.0,1.037109,,,,,,,,,,,,,,0,lstm
466,321378,-500.6118,-433.7531,2241,0,0,0,0,3.8753,1.276,low_score,2979.2,-0.862759,0.067383,-0.899843,0.074456,5.708008,0.493407,1.55056,5.999225,0.329851,0.442303,-1.0,1.055244,,,,,,,,,,,,,,0,lstm
467,323564,-500.3709,-433.7577,2186,0,0,0,0,3.8416,1.263,low_score,2995.4,-0.871209,0.046775,-0.899817,-0.206038,5.712609,0.443826,2.121935,5.999132,0.33098,0.446598,-1.0,1.041633,,,,,,,,,,,,,,0,lstm
468,325872,-500.4682,-433.7971,2308,0,0,0,0,3.7849,1.3,low_score,3013.8,-0.847535,0.112436,-0.899919,0.45399,5.732099,0.466802,0.612927,5.999101,0.341265,0.443299,-0.999999,1.040124,0.017211,0.012491,1.90128,0.004863,0.043093,0.332137,0.040487,0.3709,0.0001,,,,,0,lstm
469,328194,-500.211,-482.7987,2322,0,0,0,0,3.7153,1.291,low_score,3031.2,-0.852916,0.10236,-0.899863,0.346469,5.748555,0.430014,1.674868,5.99869,0.350688,0.446734,-1.0,1.019405,,,,,,,,,,,,,,0,lstm
470,329943,-500.1012,-482.8077,1749,0,0,0,0,3.9213,1.268,low_score,3044.5,-0.867642,0.058185,-0.899895,-0.022035,5.679847,0.510568,0.427728,5.99963,0.308336,0.445375,-1.0,1.063149,,,,,,,,,,,,,,0,lstm
471,331701,-500.0056,-482.7963,1758,0,0,0,0,3.9232,1.272,low_score,3057.7,-0.864997,0.061714,-0.899655,0.17985,5.665635,0.540623,0.769186,5.998964,0.308281,0.445086,-1.0,1.065772,,,,,,,,,,,,,,0,lstm
472,333928,-500.2048,-482.8074,2227,0,0,0,0,3.9438,1.278,low_score,3075.4,-0.861622,0.058819,-0.899821,0.023135,5.684798,0.495769,1.841519,5.999191,0.324189,0.443678,-1.0,1.071487,0.008855,0.011168,1.901739,0.004847,0.04216,0.286829,0.031935,0.232589,0.0001,,,,,0,lstm
473,336181,-500.2423,-500.3186,2253,0,0,0,0,3.8306,1.279,low_score,3092.1,-0.861389,0.073084,-0.899739,0.098191,5.721311,0.444156,1.890578,5.999282,0.332834,0.442091,-1.0,1.039992,,,,,,,,,,,,,,0,lstm
474,338458,-500.0877,-500.2825,2277,0,0,0,0,3.7847,1.292,low_score,3109.1,-0.85347,0.088389,-0.899831,0.096451,5.730957,0.440566,1.694309,5.999826,0.336003,0.441976,-1.0,1.034062,,,,,,,,,,,,,,0,lstm
475,338616,-7.509,-450.9812,158,0,0,1,0,3.7651,1.292,collision,3110.3,-0.853068,0.072747,-0.899362,-0.44818,5.798313,0.318706,4.165999,5.998121,0.419909,0.395886,-0.7856,1.0,,,,,,,,,,,,,,0,lstm
476,340857,-500.2338,-450.9435,2241,0,0,0,0,3.8032,1.277,low_score,3127.8,-0.86197,0.074516,-0.899809,0.421245,5.714797,0.485466,1.194654,5.999797,0.333748,0.443535,-1.0,1.02867,0.006171,0.011168,1.901526,0.00483,0.039273,0.343673,0.023982,0.392033,0.0001,,,,,0,lstm
477,343118,-500.3038,-450.9367,2261,0,0,0,0,3.7824,1.287,low_score,3144.7,-0.855791,0.085536,-0.899878,0.287105,5.72858,0.465296,1.379551,5.999269,0.336976,0.444452,-1.0,1.027068,,,,,,,,,,,,,,0,lstm
478,345419,-500.0059,-450.8905,2301,0,0,0,0,3.7935,1.295,low_score,3161.9,-0.851066,0.098997,-0.899862,0.153894,5.727016,0.467115,1.258655,5.999358,0.339941,0.442747,-1.0,1.03993,,,,,,,,,,,,,,0,lstm
479,347726,-500.7151,-450.9409,2307,0,0,0,0,3.8465,1.3,low_score,3179.0,-0.847686,0.106168,-0.899802,0.260064,5.725677,0.454611,1.243143,5.999339,0.342301,0.44569,-1.0,1.051182,,,,,,,,,,,,,,0,lstm
480,350001,-500.2847,-450.9593,2275,0,0,0,0,3.8453,1.296,low_score,3197.3,-0.850519,0.090427,-0.899858,0.052094,5.719214,0.466822,0.605281,5.999484,0.335683,0.443663,-1.0,1.04674,0.000477,0.010458,1.90176,0.004814,0.039195,0.25655,0.012089,1.106503,0.0001,,,,,0,lstm
481,351712,-500.1753,-450.9763,1711,0,0,0,0,3.938,1.291,low_score,3210.1,-0.85367,0.085885,-0.899666,-0.040579,5.667134,0.524252,1.293675,5.999216,0.304686,0.446425,-0.999999,1.070727,,,,,,,,,,,,,,0,lstm
482,354005,-500.5888,-451.0147,2293,0,0,0,0,3.752,1.303,low_score,3227.2,-0.845983,0.105681,-0.89991,0.16663,5.717147,0.494214,1.03787,5.998654,0.340406,0.443528,-1.0,1.026807,,,,,,,,,,,,,,0,lstm
483,356184,-500.0307,-450.9935,2179,0,0,0,0,3.9215,1.271,low_score,3243.3,-0.8661,0.056693,-0.899832,-0.315943,5.688686,0.511626,0.994398,5.998765,0.325989,0.446582,-0.999999,1.063319,,,,,,,,,,,,,,0,lstm
484,357895,-500.024,-450.9871,1711,0,0,0,0,3.9865,1.288,low_score,3257.0,-0.855541,0.071839,-0.899862,-0.274484,5.618423,0.606525,0.59159,5.999083,0.297227,0.447577,-1.0,1.077667,0.00666,0.009158,1.902569,0.004798,0.040592,0.222088,0.013665,0.216543,0.0001,,,,,0,lstm
485,360143,-500.1297,-500.2492,2248,0,0,0,0,3.838,1.289,low_score,3273.9,-0.855009,0.079585,-0.899841,-0.065651,5.72552,0.43936,1.952126,5.99961,0.335528,0.44442,-1.0,1.036425,,,,,,,,,,,,,,0,lstm
486,362393,-500.0623,-500.232,2250,0,0,0,0,3.9163,1.293,low_score,3290.8,-0.851914,0.090266,-0.899776,0.18548,5.715877,0.485577,0.748833,5.999233,0.330218,0.443789,-1.0,1.060873,,,,,,,,,,,,,,0,lstm
487,364705,-500.3082,-500.2325,2312,0,0,0,0,3.7978,1.293,low_score,3308.0,-0.852183,0.095643,-0.899847,0.180645,5.74312,0.426253,1.461271,5.999359,0.345866,0.44596,-1.0,1.037411,,,,,,,,,,,,,,0,lstm
488,366913,-500.3447,-500.2663,2208,0,0,0,0,3.9622,1.278,low_score,3325.7,-0.86192,0.062773,-0.899875,-0.178055,5.678014,0.525984,1.573729,5.99951,0.320797,0.444529,-1.0,1.07829,-0.004146,0.009097,1.902452,0.004782,0.03892,0.288817,0.020556,0.258275,0.0001,,,,,0,lstm
489,369146,-500.6255,-500.2574,2233,0,0,0,0,3.8203,1.274,low_score,3342.5,-0.864435,0.056444,-0.899792,-0.159615,5.716198,0.470378,1.017638,5.999607,0.332906,0.44372,-1.0,1.033511,,,,,,,,,,,,,,0,lstm
490,371347,-500.5232,-500.2812,2201,0,0,0,0,3.9608,1.282,low_score,3358.6,-0.859238,0.065929,-0.899827,0.169214,5.67175,0.529496,0.848553,5.999248,0.321745,0.445139,-1.0,1.072972,,,,,,,,,,,,,,0,lstm
491,373650,-500.6119,-500.3249,2303,0,0,0,0,3.6827,1.299,low_score,3375.9,-0.848454,0.096602,-0.899833,0.608239,5.708444,0.482155,1.417148,5.999762,0.341516,0.444046,-1.0,1.011937,,,,,,,,,,,,,,0,lstm
492,375832,-500.3287,-500.2989,2182,0,0,0,0,3.9512,1.277,low_score,3393.0,-0.862326,0.062174,-0.899893,0.042553,5.664387,0.527201,1.705058,5.999131,0.321792,0.446112,-1.0,1.072932,0.010235,0.008683,1.901097,0.004766,0.038214,0.302647,0.014685,0.229588,0.0001,,,,,0,lstm
493,378060,-500.3516,-500.331,2228,0,0,0,0,3.8019,1.277,low_score,3409.6,-0.862125,0.069269,-0.899911,0.051501,5.713355,0.424407,0.798621,5.999301,0.333154,0.444482,-1.0,1.029206,,,,,,,,,,,,,,0,lstm
494,380266,-500.6523,-500.3938,2206,0,0,0,0,3.9449,1.287,low_score,3425.8,-0.856589,0.072085,-0.899804,-0.049564,5.668495,0.521019,1.51598,5.999063,0.323621,0.444846,-1.0,1.069165,,,,,,,,,,,,,,0,lstm
495,382424,-500.3154,-500.4124,2158,0,0,0,0,3.9417,1.28,low_score,3441.8,-0.860576,0.067303,-0.899775,-0.095626,5.676305,0.505238,1.455145,5.999255,0.322616,0.446487,-1.0,1.068906,,,,,,,,,,,,,,0,lstm
496,384759,-500.6846,-500.4746,2335,0,0,0,0,3.7038,1.293,low_score,3460.6,-0.852499,0.088198,-0.899789,0.065884,5.726852,0.444513,0.373325,5.998972,0.351146,0.446407,-0.999999,1.018666,-0.011132,0.008404,1.900119,0.004749,0.037689,0.304948,0.020389,0.301144,0.0001,,,,,0,lstm
497,387092,-500.037,-500.4475,2333,0,0,0,0,3.7791,1.295,low_score,3478.1,-0.851506,0.09292,-0.899774,0.167075,5.727152,0.455288,1.124846,5.998853,0.349531,0.447006,-1.0,1.036231,,,,,,,,,,,,,,0,lstm
498,388794,-500.0701,-500.42,1702,0,0,0,0,3.9647,1.298,low_score,3490.7,-0.848697,0.094866,-0.899729,0.471385,5.640781,0.569555,0.593087,5.999293,0.29856,0.445918,-1.0,1.076766,,,,,,,,,,,,,,0,lstm
499,390985,-500.5957,-500.4171,2191,0,0,0,0,3.8514,1.266,low_score,3506.9,-0.868754,0.055632,-0.899835,0.161356,5.701684,0.481353,1.456926,5.999657,0.330695,0.446147,-1.0,1.043905,,,,,,,,,,,,,,0,lstm
500,393215,-500.4235,-500.4071,2230,0,0,0,0,3.8142,1.28,low_score,3524.1,-0.860296,0.068525,-0.8999,-0.100031,5.702746,0.493262,0.823697,5.999361,0.334453,0.444918,-1.0,1.031223,-0.021846,0.008344,1.89997,0.004733,0.036688,0.419184,0.018821,0.376802,0.0001,,,,,0,lstm
