episode,global_step,reward,avg10,length,success,goal_touched,collision,timeout,min_dist,avg_speed_ms,end_reason,elapsed_s,act0_mean,act0_std,act0_min,act0_max,act1_mean,act1_std,act1_min,act1_max,obs_mean,obs_std,obs_min,obs_max,actor_loss,critic_loss,policy_entropy,entropy_coef,value_residual,grad_norm_actor,grad_norm_critic,grad_norm_rnn,lr_actor,lr_critic,alpha,alpha_loss,target_update_magnitude,replay_buffer_size,recurrent_cell
1,1454,600.96,600.96,1454,1,1,0,0,0.2984,2.042,goal,18.0,-0.021818,0.432891,-0.851905,0.865787,4.404741,1.263365,0.354758,5.979856,0.419378,0.397778,-0.438884,1.0,,,,,,,,,,,,,,0,lstm
2,2880,597.6186,599.2893,1426,1,1,0,0,0.298,2.049,goal,35.2,-0.004507,0.43051,-0.85823,0.873516,4.387859,1.246367,0.246604,5.96873,0.423841,0.39887,-0.386411,1.0,,,,,,,,,,,,,,0,lstm
3,4212,374.6024,524.3937,1332,0,0,1,0,0.8823,1.994,collision,51.4,-0.031844,0.451602,-0.881121,0.847241,4.250813,1.357041,0.211622,5.982011,0.403835,0.389826,-0.503278,1.0,,,,,,,,,,,,,,0,lstm
4,5669,604.6412,544.4555,1457,1,1,0,0,0.3,2.021,goal,72.3,-0.017085,0.442211,-0.8562,0.877454,4.348532,1.30932,0.218906,5.97489,0.404033,0.392296,-0.579723,1.0,0.038663,0.00288,1.862821,0.006742,0.019808,0.041504,0.009566,0.033914,3.7e-05,,,,,0,lstm
5,7102,601.3783,555.8401,1433,1,1,0,0,0.2987,2.068,goal,90.0,-0.009156,0.423079,-0.877512,0.857335,4.427896,1.222757,0.437882,5.95239,0.42283,0.398553,-0.384359,1.0,,,,,,,,,,,,,,0,lstm
6,8603,621.9449,566.8575,1501,1,1,0,0,0.2997,2.021,goal,108.8,-0.011211,0.440674,-0.86976,0.860695,4.380591,1.302771,0.193625,5.965262,0.404183,0.39269,-0.544695,1.007739,,,,,,,,,,,,,,0,lstm
7,9911,352.3782,536.2176,1308,0,0,1,0,0.9762,1.961,collision,124.7,0.046376,0.45511,-0.876134,0.879179,3.996982,1.406046,0.148027,5.974051,0.384363,0.385933,-0.626837,1.0,,,,,,,,,,,,,,0,lstm
8,11235,377.4786,516.3753,1324,0,0,1,0,0.8836,2.017,collision,142.7,-0.007176,0.444747,-0.870873,0.866638,4.321428,1.307637,0.193567,5.964549,0.406499,0.389902,-0.516286,1.004254,0.029373,0.00345,1.863163,0.006726,0.02288,0.042364,0.006537,0.03718,4.9e-05,,,,,0,lstm
9,12587,381.4029,501.3783,1352,0,0,1,0,0.8838,1.99,collision,159.5,-0.007817,0.452934,-0.881101,0.883474,4.161942,1.367272,0.217571,5.977509,0.397021,0.389555,-0.563516,1.003185,,,,,,,,,,,,,,0,lstm
10,14081,611.7842,512.4189,1494,1,1,0,0,0.2982,2.013,goal,178.0,0.004807,0.446445,-0.874928,0.888698,4.391586,1.290901,0.120821,5.979219,0.415674,0.398177,-0.570131,1.0,,,,,,,,,,,,,,0,lstm
11,15575,616.8791,514.0108,1494,1,1,0,0,0.2994,2.039,goal,196.7,0.007416,0.438323,-0.877558,0.874762,4.398371,1.290236,0.401223,5.976769,0.418514,0.396649,-0.53839,1.006593,,,,,,,,,,,,,,0,lstm
12,17057,614.3636,515.6853,1482,1,1,0,0,0.2979,2.019,goal,215.8,0.00519,0.443694,-0.889467,0.879052,4.300856,1.320093,0.143652,5.972213,0.402261,0.392771,-0.622164,1.0,0.039951,0.002643,1.86346,0.00671,0.017292,0.035181,0.003262,0.02827,6.1e-05,,,,,0,lstm
13,18533,606.6433,538.8894,1476,1,1,0,0,0.2979,2.032,goal,233.9,0.009136,0.441631,-0.86943,0.86595,4.365649,1.285485,0.27772,5.986913,0.418162,0.397549,-0.552278,1.0,,,,,,,,,,,,,,0,lstm
14,20003,606.1267,539.038,1470,1,1,0,0,0.299,2.024,goal,252.5,-0.012632,0.444884,-0.86247,0.886601,4.430722,1.263176,0.106508,5.985032,0.418458,0.396532,-0.449486,1.0,,,,,,,,,,,,,,0,lstm
15,21586,615.2435,540.4245,1583,1,1,0,0,0.2997,1.983,goal,272.0,-0.005336,0.462696,-0.868187,0.881056,4.323337,1.330665,0.182647,5.983613,0.407357,0.392295,-0.53608,1.0,,,,,,,,,,,,,,0,lstm
16,22683,311.2803,509.358,1097,0,0,1,0,1.3175,2.009,collision,287.4,0.030163,0.443627,-0.872242,0.881359,4.25602,1.342243,0.255708,5.979011,0.410195,0.395853,-0.5645,1.0,0.041387,0.002613,1.863775,0.006693,0.018773,0.039749,0.007105,0.032961,7.3e-05,,,,,0,lstm
17,24009,375.3048,511.6507,1326,0,0,1,0,0.8825,2.002,collision,303.6,-0.029123,0.450395,-0.889129,0.86352,4.318411,1.322504,0.369294,5.972116,0.406501,0.38997,-0.474887,1.0,,,,,,,,,,,,,,0,lstm
18,25344,373.1649,511.2193,1335,0,0,1,0,0.8887,1.993,collision,319.9,0.01285,0.462656,-0.884081,0.877304,4.298994,1.31119,0.133051,5.987568,0.40112,0.390001,-0.588577,1.0,,,,,,,,,,,,,,0,lstm
19,26837,616.0609,534.6851,1493,1,1,0,0,0.2985,2.021,goal,338.0,0.003717,0.445131,-0.890232,0.882908,4.272119,1.330731,0.113482,5.976025,0.39862,0.39092,-0.543071,1.0,,,,,,,,,,,,,,0,lstm
20,28085,346.9438,508.2011,1248,0,0,1,0,0.9655,2.031,collision,355.4,0.000542,0.435585,-0.876751,0.869899,4.27178,1.315367,0.224703,5.972077,0.399405,0.387986,-0.527177,1.0,0.030708,0.004609,1.864846,0.006677,0.035502,0.061177,0.008289,0.053379,8.5e-05,,,,,0,lstm
21,29555,607.2017,507.2334,1470,1,1,0,0,0.2974,2.038,goal,373.3,0.018036,0.436754,-0.88168,0.881011,4.43724,1.251019,0.224624,5.993355,0.402783,0.391221,-0.604602,1.0,,,,,,,,,,,,,,0,lstm
22,30886,377.4515,483.5421,1331,0,0,1,0,0.8839,1.979,collision,389.7,0.001051,0.46593,-0.88508,0.889833,4.230486,1.334175,0.203995,5.986535,0.401483,0.389136,-0.546449,1.0,,,,,,,,,,,,,,0,lstm
23,32386,617.8812,484.6659,1500,1,1,0,0,0.2981,2.025,goal,408.2,0.018131,0.445225,-0.872694,0.873382,4.416129,1.270931,0.3799,5.983721,0.403207,0.390901,-0.564583,1.001594,,,,,,,,,,,,,,0,lstm
24,33885,607.4628,484.7995,1499,1,1,0,0,0.3,2.025,goal,428.0,-0.027181,0.442086,-0.865246,0.873069,4.452513,1.297468,0.258851,5.98012,0.418079,0.397062,-0.641283,1.0,0.036284,0.002495,1.866321,0.006661,0.022307,0.049819,0.008581,0.045492,9.7e-05,,,,,0,lstm
25,35367,609.8566,484.2608,1482,1,1,0,0,0.2971,2.034,goal,445.4,0.008632,0.442482,-0.868018,0.87762,4.424283,1.224485,0.305516,5.971517,0.418035,0.396495,-0.479355,1.0,,,,,,,,,,,,,,0,lstm
26,36704,373.46,490.4788,1337,0,0,1,0,0.8805,2.002,collision,461.9,-0.038394,0.454166,-0.872733,0.893004,4.366092,1.298202,0.341688,5.977081,0.407069,0.392059,-0.661268,1.0,,,,,,,,,,,,,,0,lstm
27,38050,381.1629,491.0646,1346,0,0,1,0,0.8789,2.002,collision,479.0,-0.009042,0.44045,-0.881307,0.867409,4.218717,1.387449,0.298465,5.974229,0.403672,0.39047,-0.562202,1.005422,,,,,,,,,,,,,,0,lstm
28,39489,604.6772,514.2159,1439,1,1,0,0,0.2985,2.053,goal,498.3,-0.000473,0.435168,-0.859512,0.878869,4.448582,1.202712,0.656308,5.98112,0.402707,0.398381,-0.487902,1.0,0.037057,0.003992,1.867164,0.006645,0.027984,0.067726,0.008005,0.064073,0.0001,,,,,0,lstm
29,40983,611.7818,513.7879,1494,1,1,0,0,0.297,1.995,goal,516.6,0.031287,0.456914,-0.85209,0.884977,4.336926,1.321951,0.346581,5.96973,0.401888,0.391417,-0.611807,1.0,,,,,,,,,,,,,,0,lstm
30,42433,604.3022,539.5238,1450,1,1,0,0,0.2991,2.045,goal,535.0,-0.0007,0.428806,-0.87497,0.862375,4.395677,1.273942,0.370432,5.994953,0.422862,0.398533,-0.37107,1.0,,,,,,,,,,,,,,0,lstm
31,43690,350.4118,513.8448,1257,0,0,1,0,0.9673,2.011,collision,550.1,-0.02004,0.441654,-0.861481,0.851144,4.271225,1.314358,0.110741,5.978024,0.403914,0.389378,-0.477948,1.0,,,,,,,,,,,,,,0,lstm
32,45177,612.3746,537.3371,1487,1,1,0,0,0.2982,2.025,goal,570.2,0.010492,0.434933,-0.874717,0.861,4.326554,1.297984,0.386449,5.985917,0.415233,0.396902,-0.491616,1.0,0.02523,0.001925,1.866984,0.006629,0.018134,0.072563,0.004439,0.072505,0.0001,,,,,0,lstm
33,46468,357.0623,511.2552,1291,0,0,1,0,0.9921,1.999,collision,585.7,0.009036,0.443406,-0.863525,0.872136,4.195762,1.346931,0.12399,5.965337,0.39933,0.389371,-0.49374,1.0,,,,,,,,,,,,,,0,lstm
34,47941,611.1844,511.6274,1473,1,1,0,0,0.2974,2.037,goal,603.8,0.031238,0.437373,-0.872243,0.887291,4.39696,1.24944,0.255688,5.969917,0.410165,0.401984,-0.676023,1.0,,,,,,,,,,,,,,0,lstm
35,49415,610.4177,511.6835,1474,1,1,0,0,0.2974,2.029,goal,622.5,0.010164,0.432256,-0.869069,0.865173,4.362275,1.300663,0.233284,5.971998,0.413559,0.395064,-0.545786,1.0,,,,,,,,,,,,,,0,lstm
36,50899,612.7472,535.6122,1484,1,1,0,0,0.2974,2.011,goal,642.7,0.009918,0.447106,-0.876821,0.866811,4.297306,1.299871,0.189651,5.976657,0.4027,0.392617,-0.574094,1.0,0.031458,0.001962,1.867237,0.006612,0.020566,0.086387,0.006198,0.089671,0.0001,,,,,0,lstm
37,52402,616.85,559.1809,1503,1,1,0,0,0.2993,2.037,goal,661.3,-0.033867,0.441265,-0.876652,0.886591,4.423664,1.205655,0.438145,5.978012,0.426946,0.40202,-0.56608,1.009563,,,,,,,,,,,,,,0,lstm
38,53866,606.6894,559.3821,1464,1,1,0,0,0.2981,2.029,goal,678.8,-0.009104,0.441805,-0.888622,0.872858,4.351058,1.272681,0.287379,5.973272,0.405682,0.394364,-0.555924,1.0,,,,,,,,,,,,,,0,lstm
39,55323,605.0022,558.7042,1457,1,1,0,0,0.2989,2.018,goal,696.0,0.024742,0.441417,-0.872826,0.876172,4.319092,1.297487,0.148368,5.958852,0.404083,0.399891,-0.606888,1.0,,,,,,,,,,,,,,0,lstm
40,56825,614.7526,559.7492,1502,1,1,0,0,0.2987,2.013,goal,716.4,0.017491,0.442349,-0.88265,0.866156,4.248636,1.356251,0.396072,5.984818,0.404303,0.393553,-0.611956,1.0,-0.00363,0.0014,1.867822,0.006596,0.01863,0.086082,0.006522,0.076447,0.0001,,,,,0,lstm
41,58366,595.4863,584.2567,1541,1,1,0,0,0.2992,2.005,goal,735.3,-0.029506,0.456748,-0.865726,0.869994,4.339026,1.274653,0.22377,5.98989,0.410289,0.394215,-0.671352,1.0,,,,,,,,,,,,,,0,lstm
42,59894,622.7172,585.2909,1528,1,1,0,0,0.2985,2.014,goal,754.2,-0.021636,0.448285,-0.879811,0.867375,4.35069,1.285373,0.326158,5.987577,0.422978,0.400864,-0.678607,1.01235,,,,,,,,,,,,,,0,lstm
43,61385,615.4299,611.1277,1491,1,1,0,0,0.2998,2.003,goal,772.4,0.004847,0.449401,-0.886308,0.854949,4.279274,1.320276,0.218976,5.960722,0.40744,0.394844,-0.546159,1.0,,,,,,,,,,,,,,0,lstm
44,62875,611.2218,611.1314,1490,1,1,0,0,0.2992,2.028,goal,793.2,0.025934,0.437361,-0.871601,0.863917,4.357959,1.304191,0.250755,5.966321,0.407087,0.394648,-0.619037,1.0,-0.003023,0.00143,1.866815,0.00658,0.016489,0.074557,0.006493,0.070133,0.0001,,,,,0,lstm
45,64327,603.3362,610.4233,1452,1,1,0,0,0.2982,2.048,goal,810.9,-0.034668,0.434541,-0.868769,0.868371,4.4183,1.221933,0.131014,5.983823,0.421176,0.398604,-0.598168,1.0,,,,,,,,,,,,,,0,lstm
46,65781,605.4852,609.6971,1454,1,1,0,0,0.2993,2.042,goal,829.5,0.006936,0.433722,-0.856719,0.868644,4.400523,1.251898,0.249286,5.99004,0.421786,0.400451,-0.49702,1.0,,,,,,,,,,,,,,0,lstm
47,67240,606.3357,608.6456,1459,1,1,0,0,0.2976,2.028,goal,847.2,0.021974,0.438707,-0.877088,0.866701,4.335086,1.267516,0.176535,5.968198,0.408727,0.400917,-0.593979,1.0,,,,,,,,,,,,,,0,lstm
48,68720,611.9669,609.1734,1480,1,1,0,0,0.2995,2.007,goal,867.3,-0.011718,0.448101,-0.879198,0.862622,4.31949,1.307084,0.150659,5.98165,0.419914,0.399471,-0.492591,1.0,-0.001224,0.001608,1.865603,0.006564,0.021504,0.098356,0.006828,0.098833,0.0001,,,,,0,lstm
49,70243,618.6977,610.5429,1523,1,1,0,0,0.299,2.001,goal,886.0,0.017857,0.458727,-0.887435,0.88822,4.315584,1.292339,0.159358,5.986665,0.406098,0.395275,-0.68745,1.0,,,,,,,,,,,,,,0,lstm
50,71744,619.0324,610.9709,1501,1,1,0,0,0.2979,2.032,goal,905.0,0.014886,0.44439,-0.880085,0.861899,4.361814,1.24688,0.470818,5.961699,0.423196,0.401246,-0.550344,1.008529,,,,,,,,,,,,,,0,lstm
51,73210,607.3965,612.1619,1466,1,1,0,0,0.2984,2.018,goal,923.4,0.021607,0.444304,-0.878178,0.87966,4.358231,1.294368,0.309648,5.987473,0.417274,0.397035,-0.515064,1.0,,,,,,,,,,,,,,0,lstm
52,74688,608.7304,610.7633,1478,1,1,0,0,0.2981,2.012,goal,943.4,-0.00442,0.450854,-0.873417,0.876602,4.383017,1.285254,0.23067,5.971947,0.416746,0.398303,-0.622587,1.0,-0.00266,0.001591,1.865262,0.006548,0.020982,0.088983,0.012268,0.077615,0.0001,,,,,0,lstm
53,76179,615.0214,610.7224,1491,1,1,0,0,0.2995,2.014,goal,962.2,0.02475,0.444476,-0.873774,0.857691,4.356791,1.279667,0.287104,5.983221,0.417576,0.398827,-0.562449,1.0,,,,,,,,,,,,,,0,lstm
54,77653,613.2663,610.9269,1474,1,1,0,0,0.2986,2.041,goal,980.4,0.017035,0.434126,-0.875279,0.877627,4.418898,1.23075,0.400832,5.964853,0.410361,0.403021,-0.603869,1.0,,,,,,,,,,,,,,0,lstm
55,79080,600.9156,610.6848,1427,1,1,0,0,0.2982,2.041,goal,998.3,0.018107,0.441848,-0.883764,0.873203,4.462624,1.198997,0.513801,5.985814,0.409951,0.40303,-0.4992,1.0,,,,,,,,,,,,,,0,lstm
56,80667,624.0972,612.546,1587,1,1,0,0,0.2975,1.999,goal,1019.8,-0.014637,0.452851,-0.872702,0.88795,4.307977,1.3103,0.29656,5.973319,0.408482,0.392061,-0.533823,1.007615,-0.002766,0.001549,1.864867,0.006531,0.018803,0.088619,0.007377,0.083451,0.0001,,,,,0,lstm
57,82126,607.0344,612.6159,1459,1,1,0,0,0.2968,2.02,goal,1037.8,0.005252,0.447655,-0.87004,0.876772,4.376177,1.271891,0.172294,5.976164,0.402799,0.39256,-0.582378,1.0,,,,,,,,,,,,,,0,lstm
58,83577,604.6286,611.8821,1451,1,1,0,0,0.2986,2.023,goal,1055.6,-0.019162,0.446761,-0.865515,0.870583,4.419079,1.231244,0.297324,5.980947,0.422393,0.398767,-0.445607,1.0,,,,,,,,,,,,,,0,lstm
59,85069,615.6774,611.58,1492,1,1,0,0,0.3,2.027,goal,1074.2,-0.010487,0.439356,-0.87264,0.864621,4.43362,1.267017,0.318454,5.968676,0.421572,0.399137,-0.46584,1.0,,,,,,,,,,,,,,0,lstm
60,86581,621.6293,611.8397,1512,1,1,0,0,0.2995,2.016,goal,1095.2,-0.025508,0.453944,-0.877433,0.880005,4.410156,1.24017,0.347435,5.975573,0.424353,0.401281,-0.683474,1.008695,0.006037,0.001422,1.865481,0.006515,0.015153,0.098904,0.005561,0.096871,0.0001,,,,,0,lstm
61,88142,607.64,611.8641,1561,1,1,0,0,0.2976,2.008,goal,1114.7,0.010122,0.452705,-0.880851,0.888816,4.354588,1.310108,0.082391,5.983152,0.404473,0.393263,-0.594317,1.0,,,,,,,,,,,,,,0,lstm
62,89732,610.8253,612.0736,1590,1,1,0,0,0.2985,1.982,goal,1134.8,0.024546,0.460498,-0.878039,0.886985,4.251781,1.380494,0.180821,5.971482,0.402333,0.392101,-0.623521,1.0,,,,,,,,,,,,,,0,lstm
63,91193,603.9682,610.9682,1461,1,1,0,0,0.2983,2.039,goal,1153.4,-0.00547,0.438502,-0.88383,0.884031,4.371047,1.27809,0.309227,5.98437,0.414492,0.3985,-0.568517,1.0,,,,,,,,,,,,,,0,lstm
64,92643,602.2836,609.87,1450,1,1,0,0,0.2983,2.031,goal,1173.0,-0.008102,0.443007,-0.877165,0.849843,4.47566,1.23065,0.357971,5.98917,0.425017,0.399832,-0.441353,1.0,0.003331,0.001489,1.865973,0.006499,0.016667,0.103493,0.004172,0.111162,0.0001,,,,,0,lstm
65,94141,611.2941,610.9078,1498,1,1,0,0,0.2996,1.999,goal,1191.9,0.024261,0.456908,-0.867614,0.885012,4.4754,1.279594,0.112648,5.961502,0.41579,0.398444,-0.607028,1.0,,,,,,,,,,,,,,0,lstm
66,95668,603.5646,608.8546,1527,1,1,0,0,0.2992,2.009,goal,1211.0,-0.029803,0.450037,-0.886281,0.886784,4.424446,1.271213,0.079071,5.987248,0.411737,0.391703,-0.511393,1.0,,,,,,,,,,,,,,0,lstm
67,97167,618.6585,610.017,1499,1,1,0,0,0.2988,2.034,goal,1229.7,0.001319,0.438654,-0.872476,0.886751,4.424011,1.278406,0.430423,5.982004,0.420156,0.400502,-0.522573,1.007867,,,,,,,,,,,,,,0,lstm
68,98736,613.9913,610.9532,1569,1,1,0,0,0.2973,2.0,goal,1251.1,-0.021981,0.456095,-0.874624,0.874264,4.438181,1.3012,0.345545,5.990498,0.411288,0.392807,-0.567208,1.0,0.005054,0.001566,1.866341,0.006483,0.019256,0.094873,0.007861,0.096889,0.0001,,,,,0,lstm
69,100212,612.3065,610.6161,1476,1,1,0,0,0.2997,2.033,goal,1269.0,-0.000131,0.447261,-0.887078,0.863624,4.4893,1.234838,0.510843,5.992638,0.421315,0.398045,-0.477376,1.0,,,,,,,,,,,,,,0,lstm
70,101739,627.7399,611.2272,1527,1,1,0,0,0.2988,1.996,goal,1288.3,0.023445,0.458741,-0.87952,0.886422,4.428912,1.245034,0.429833,5.955619,0.403216,0.393316,-0.625003,1.004142,,,,,,,,,,,,,,0,lstm
71,103239,614.8504,611.9482,1500,1,1,0,0,0.2989,2.017,goal,1307.7,-0.025655,0.45028,-0.884751,0.891027,4.467246,1.266447,0.401427,5.983548,0.416767,0.400326,-0.650776,1.0,,,,,,,,,,,,,,0,lstm
72,104702,608.2067,611.6864,1463,1,1,0,0,0.2982,2.039,goal,1327.8,0.025729,0.437604,-0.881315,0.882645,4.464418,1.219037,0.223732,5.981969,0.407804,0.400848,-0.646094,1.0,0.001182,0.001474,1.86607,0.006467,0.01787,0.120077,0.006262,0.143667,0.0001,,,,,0,lstm
73,106156,602.9703,611.5866,1454,1,1,0,0,0.2994,2.031,goal,1346.4,0.008611,0.452797,-0.881667,0.861202,4.475664,1.208114,0.398976,5.983434,0.407842,0.395226,-0.630191,1.0,,,,,,,,,,,,,,0,lstm
74,107586,601.8786,611.5461,1430,1,1,0,0,0.2988,2.034,goal,1364.8,0.025565,0.439344,-0.875657,0.871537,4.534505,1.208091,0.259038,5.990329,0.407799,0.400387,-0.638067,1.0,,,,,,,,,,,,,,0,lstm
75,109046,607.6399,611.1807,1460,1,1,0,0,0.2978,2.011,goal,1383.1,0.00233,0.450555,-0.870141,0.893212,4.414134,1.263169,0.184677,5.978169,0.403789,0.392819,-0.56916,1.0,,,,,,,,,,,,,,0,lstm
76,110568,627.5104,613.5753,1522,1,1,0,0,0.2976,2.0,goal,1403.9,0.019247,0.462082,-0.891008,0.879289,4.421844,1.254846,0.125536,5.985303,0.403864,0.395226,-0.572555,1.00446,0.002393,0.001517,1.865586,0.00645,0.017415,0.084477,0.00443,0.081466,0.0001,,,,,0,lstm
77,112132,613.7348,613.0829,1564,1,1,0,0,0.2993,1.986,goal,1423.6,-0.027149,0.468091,-0.88637,0.86394,4.424721,1.260387,0.18569,5.982231,0.41023,0.393073,-0.56771,1.0,,,,,,,,,,,,,,0,lstm
78,113691,613.1512,612.9989,1559,1,1,0,0,0.2989,2.021,goal,1443.6,-0.031012,0.450422,-0.88832,0.888338,4.430959,1.258538,0.200855,5.985091,0.415441,0.394251,-0.553052,1.002897,,,,,,,,,,,,,,0,lstm
79,115173,613.8554,613.1538,1482,1,1,0,0,0.2994,2.029,goal,1462.0,0.014431,0.447683,-0.854904,0.876777,4.441943,1.211417,0.130364,5.981546,0.417608,0.396201,-0.498283,1.0,,,,,,,,,,,,,,0,lstm
80,116658,614.929,611.8727,1485,1,1,0,0,0.2991,2.023,goal,1482.9,0.011906,0.442164,-0.877151,0.883831,4.423344,1.290482,0.248265,5.995638,0.417684,0.398939,-0.595884,1.0,0.002285,0.00151,1.865078,0.006434,0.019649,0.092567,0.009518,0.094259,0.0001,,,,,0,lstm
81,118135,615.8443,611.9721,1477,1,1,0,0,0.2986,2.048,goal,1501.4,-0.032258,0.439618,-0.876965,0.872534,4.462389,1.221475,0.179125,5.979781,0.423909,0.399251,-0.522419,1.007599,,,,,,,,,,,,,,0,lstm
82,119563,600.6058,611.212,1428,1,1,0,0,0.2996,2.04,goal,1519.0,-0.01458,0.438084,-0.873776,0.85387,4.481199,1.229895,0.28616,5.981421,0.418809,0.396901,-0.46477,1.0,,,,,,,,,,,,,,0,lstm
83,121113,603.0083,611.2158,1550,1,1,0,0,0.2978,2.002,goal,1537.7,-0.030861,0.458567,-0.880195,0.872083,4.386639,1.297145,0.146998,5.986046,0.409429,0.39223,-0.69764,1.0,,,,,,,,,,,,,,0,lstm
84,122565,604.7286,611.5008,1452,1,1,0,0,0.2985,2.028,goal,1557.3,-0.026077,0.442425,-0.883464,0.875573,4.400609,1.276452,0.357594,5.983694,0.41962,0.398123,-0.50706,1.0,-0.006936,0.001645,1.86416,0.006418,0.018257,0.141343,0.009989,0.164929,0.0001,,,,,0,lstm
85,124064,618.0449,612.5413,1499,1,1,0,0,0.2983,2.017,goal,1576.2,-0.020993,0.453042,-0.886756,0.886549,4.491776,1.233023,0.083685,5.978227,0.420894,0.400874,-0.674125,1.0,,,,,,,,,,,,,,0,lstm
86,125540,611.2118,610.9114,1476,1,1,0,0,0.2971,2.021,goal,1594.8,-0.001718,0.444018,-0.883072,0.879502,4.420296,1.279048,0.247663,5.983581,0.41591,0.397905,-0.539748,1.0,,,,,,,,,,,,,,0,lstm
87,127133,619.4111,611.479,1593,1,1,0,0,0.2986,1.976,goal,1615.5,-0.033331,0.469959,-0.878782,0.882411,4.378703,1.29818,0.151616,5.979526,0.410542,0.393764,-0.69329,1.0,,,,,,,,,,,,,,0,lstm
88,128655,617.6288,611.9268,1522,1,1,0,0,0.2975,1.987,goal,1636.0,0.012046,0.46268,-0.892281,0.88444,4.391188,1.30997,0.18452,5.986557,0.408219,0.396297,-0.62272,1.0,-0.008582,0.00148,1.863192,0.006402,0.017464,0.07695,0.008946,0.072912,0.0001,,,,,0,lstm
89,130169,623.6922,612.9105,1514,1,1,0,0,0.2992,2.009,goal,1655.1,0.015754,0.454668,-0.89126,0.880901,4.376867,1.287216,0.257187,5.978894,0.417194,0.398338,-0.581609,1.00255,,,,,,,,,,,,,,0,lstm
90,131683,622.9304,613.7106,1514,1,1,0,0,0.2978,2.026,goal,1674.1,0.005235,0.448186,-0.872402,0.867644,4.429839,1.247953,0.351068,5.97382,0.41326,0.396985,-0.547117,1.008008,,,,,,,,,,,,,,0,lstm
91,133193,622.4171,614.3679,1510,1,1,0,0,0.2996,2.011,goal,1692.7,-0.003986,0.454412,-0.876276,0.87957,4.442704,1.248687,0.290722,5.979769,0.411697,0.395812,-0.549075,1.000674,,,,,,,,,,,,,,0,lstm
92,134656,614.1046,615.7178,1463,1,1,0,0,0.2988,2.032,goal,1712.5,0.010497,0.442007,-0.853205,0.882245,4.500098,1.214103,0.379844,5.966201,0.408938,0.402179,-0.520223,1.0,0.002296,0.001354,1.86234,0.006386,0.015913,0.081544,0.006814,0.069812,0.0001,,,,,0,lstm
93,136104,602.4396,615.6609,1448,1,1,0,0,0.298,2.036,goal,1730.1,-0.006498,0.439314,-0.872304,0.877772,4.398989,1.267038,0.268517,5.987508,0.421079,0.39852,-0.476037,1.0,,,,,,,,,,,,,,0,lstm
94,137557,605.5363,615.7417,1453,1,1,0,0,0.299,2.042,goal,1748.4,0.012704,0.439321,-0.874523,0.864918,4.443916,1.243737,0.187975,5.978665,0.416252,0.396568,-0.515631,1.0,,,,,,,,,,,,,,0,lstm
95,139008,609.39,614.8762,1451,1,1,0,0,0.2995,2.03,goal,1766.4,0.025615,0.441384,-0.860161,0.880372,4.39787,1.253578,0.291451,5.983185,0.410403,0.401681,-0.452045,1.0,,,,,,,,,,,,,,0,lstm
96,140518,624.9255,616.2476,1510,1,1,0,0,0.2976,2.008,goal,1789.0,0.004288,0.45123,-0.873965,0.87412,4.388343,1.274047,0.250166,5.984214,0.406353,0.394117,-0.621896,1.004861,0.004658,0.00142,1.861583,0.006369,0.018139,0.090142,0.009615,0.084606,0.0001,,,,,0,lstm
97,142005,618.1896,616.1254,1487,1,1,0,0,0.2986,2.022,goal,1807.7,0.002496,0.448536,-0.891196,0.862126,4.495351,1.237774,0.263171,5.98582,0.405017,0.393434,-0.572373,1.0,,,,,,,,,,,,,,0,lstm
98,143506,618.3503,616.1976,1501,1,1,0,0,0.2981,1.997,goal,1826.2,-0.020278,0.463531,-0.878967,0.875067,4.393958,1.269203,0.169564,5.972499,0.401481,0.392537,-0.54997,1.0,,,,,,,,,,,,,,0,lstm
99,144528,288.3391,582.6622,1022,0,0,1,0,1.5045,2.019,collision,1838.7,-0.017156,0.445665,-0.891421,0.888018,4.329162,1.292922,0.459996,5.951743,0.418096,0.401029,-0.650185,1.0,,,,,,,,,,,,,,0,lstm
100,145985,607.4971,581.1189,1457,1,1,0,0,0.2987,2.032,goal,1858.6,-0.00428,0.441952,-0.884256,0.883982,4.401194,1.282449,0.191657,5.988917,0.418719,0.39882,-0.537558,1.0,0.028812,0.001834,1.861674,0.006353,0.024919,0.067064,0.012523,0.065789,0.0001,,,,,0,lstm
101,147407,598.0611,578.6833,1422,1,1,0,0,0.2996,2.051,goal,1876.0,-0.01388,0.425986,-0.873075,0.849751,4.463191,1.254701,0.304342,5.976923,0.405448,0.40087,-0.532891,1.0,,,,,,,,,,,,,,0,lstm
102,148891,614.877,578.7606,1484,1,1,0,0,0.2987,2.024,goal,1894.4,-0.012289,0.444801,-0.882498,0.86277,4.416,1.26032,0.338042,5.968796,0.415172,0.39775,-0.572048,1.0,,,,,,,,,,,,,,0,lstm
103,150340,603.8828,578.9049,1449,1,1,0,0,0.2984,2.039,goal,1912.8,-0.031204,0.443119,-0.86624,0.853077,4.488675,1.180751,0.492886,5.978897,0.420661,0.398018,-0.577077,1.0,,,,,,,,,,,,,,0,lstm
104,151837,613.0504,579.6563,1497,1,1,0,0,0.2977,2.0,goal,1933.5,-0.024971,0.45775,-0.871768,0.863489,4.441426,1.252184,0.151366,5.98149,0.420199,0.399209,-0.686575,1.0,-0.007665,0.001411,1.86197,0.006337,0.01787,0.067972,0.006821,0.073871,0.0001,,,,,0,lstm
105,153325,610.7085,579.7881,1488,1,1,0,0,0.2981,2.019,goal,1951.3,-0.019683,0.446667,-0.863989,0.864932,4.442619,1.26848,0.203069,5.985196,0.416493,0.399374,-0.681978,1.0,,,,,,,,,,,,,,0,lstm
106,154790,604.8759,577.7832,1465,1,1,0,0,0.2982,2.043,goal,1969.1,0.00219,0.436583,-0.876802,0.87629,4.447776,1.253404,0.232134,5.981272,0.405991,0.394092,-0.558327,1.0,,,,,,,,,,,,,,0,lstm
107,156287,620.9251,578.0567,1497,1,1,0,0,0.2996,2.03,goal,1987.8,0.029472,0.447009,-0.884302,0.87083,4.458929,1.215402,0.275239,5.983635,0.409475,0.401897,-0.614179,1.009229,,,,,,,,,,,,,,0,lstm
108,157797,619.7061,578.1923,1510,1,1,0,0,0.2997,2.011,goal,2009.8,0.015111,0.448926,-0.875814,0.892707,4.348901,1.292782,0.202863,5.992951,0.403122,0.39266,-0.628989,1.000151,-0.001864,0.00158,1.862149,0.006321,0.023218,0.126031,0.014172,0.116816,0.0001,,,,,0,lstm
109,159224,599.4753,609.3059,1427,1,1,0,0,0.2985,2.045,goal,2028.0,0.021444,0.440972,-0.880623,0.879567,4.498855,1.190388,0.175583,5.953141,0.409404,0.401123,-0.5736,1.0,,,,,,,,,,,,,,0,lstm
110,160644,599.3777,608.494,1420,1,1,0,0,0.2979,2.056,goal,2045.8,0.013792,0.439165,-0.850164,0.861969,4.590356,1.15079,0.160855,5.981204,0.41046,0.400916,-0.474964,1.0,,,,,,,,,,,,,,0,lstm
111,162123,617.1833,610.4062,1479,1,1,0,0,0.297,2.047,goal,2064.3,0.010416,0.441016,-0.86831,0.859938,4.540966,1.152889,0.236341,5.96201,0.411538,0.403531,-0.462267,1.003237,,,,,,,,,,,,,,0,lstm
112,163582,610.3095,609.9495,1459,1,1,0,0,0.3,2.055,goal,2084.3,0.015769,0.425557,-0.87781,0.862695,4.496576,1.248071,0.496028,5.977573,0.412899,0.402843,-0.506047,1.0,0.006904,0.001437,1.86203,0.006305,0.01887,0.115452,0.010281,0.117516,0.0001,,,,,0,lstm
113,165067,612.146,610.7758,1485,1,1,0,0,0.2987,2.035,goal,2102.1,-0.019753,0.436329,-0.869783,0.878841,4.407354,1.28138,0.225781,5.985083,0.422247,0.399545,-0.473918,1.0,,,,,,,,,,,,,,0,lstm
114,166539,614.5539,610.9261,1472,1,1,0,0,0.2979,2.039,goal,2119.8,0.022585,0.438056,-0.873339,0.878864,4.433935,1.212023,0.323419,5.979601,0.410761,0.402653,-0.639698,1.000625,,,,,,,,,,,,,,0,lstm
115,168020,613.7074,611.226,1481,1,1,0,0,0.299,2.023,goal,2137.5,0.016758,0.451841,-0.882667,0.881898,4.351235,1.258486,0.283276,5.969726,0.40675,0.395938,-0.605817,1.0,,,,,,,,,,,,,,0,lstm
116,169543,624.654,613.2038,1523,1,1,0,0,0.2977,2.011,goal,2157.7,-0.001091,0.45395,-0.878811,0.890416,4.415164,1.258919,0.44422,5.979587,0.403597,0.394003,-0.590235,1.005409,-0.004733,0.001288,1.862147,0.006288,0.016476,0.097958,0.00585,0.110747,0.0001,,,,,0,lstm
117,171030,609.7844,612.0898,1487,1,1,0,0,0.2997,2.044,goal,2176.0,-0.016345,0.438779,-0.86788,0.882279,4.479605,1.21304,0.249612,5.989288,0.409981,0.403583,-0.630127,1.0,,,,,,,,,,,,,,0,lstm
118,172498,609.7443,611.0936,1468,1,1,0,0,0.299,2.037,goal,2193.7,0.023951,0.441623,-0.855165,0.889888,4.463111,1.236693,0.113313,5.973817,0.412231,0.403086,-0.670656,1.0,,,,,,,,,,,,,,0,lstm
119,173989,619.5277,613.0988,1491,1,1,0,0,0.2983,2.039,goal,2212.5,-0.000147,0.437982,-0.871448,0.8662,4.468373,1.234405,0.070928,5.98632,0.409683,0.402682,-0.513594,1.009278,,,,,,,,,,,,,,0,lstm
120,174748,197.3336,572.8944,759,0,0,1,0,2.1553,1.966,collision,2224.0,0.025169,0.473329,-0.869078,0.878777,4.335573,1.327854,0.197101,5.983261,0.399891,0.397038,-0.610552,1.0,0.03434,0.002853,1.862976,0.006272,0.020783,0.054899,0.007895,0.051102,0.0001,,,,,0,lstm
121,176194,605.2557,571.7016,1446,1,1,0,0,0.2992,2.052,goal,2241.2,0.002932,0.435739,-0.873595,0.885652,4.545363,1.18973,0.199784,5.979451,0.41173,0.403242,-0.503013,1.0,,,,,,,,,,,,,,0,lstm
122,177638,601.9359,570.8643,1444,1,1,0,0,0.2984,2.039,goal,2259.0,0.010126,0.443519,-0.86711,0.867181,4.46699,1.234603,0.255281,5.976456,0.408604,0.40274,-0.510607,1.0,,,,,,,,,,,,,,0,lstm
123,179073,603.607,570.0104,1435,1,1,0,0,0.2987,2.062,goal,2276.8,-0.002383,0.429153,-0.878175,0.853843,4.524725,1.212024,0.372127,5.978662,0.408459,0.400476,-0.422235,1.0,,,,,,,,,,,,,,0,lstm
124,180507,603.2496,568.88,1434,1,1,0,0,0.299,2.052,goal,2296.2,-0.009746,0.43339,-0.875383,0.860216,4.463997,1.198248,0.19026,5.975327,0.409438,0.402398,-0.501029,1.0,0.000572,0.001403,1.863797,0.006256,0.017633,0.098554,0.006297,0.094809,0.0001,,,,,0,lstm
125,181935,598.1903,567.3282,1428,1,1,0,0,0.2981,2.051,goal,2313.5,0.004682,0.435613,-0.872081,0.857728,4.520763,1.212954,0.174534,5.98084,0.411722,0.403624,-0.476675,1.0,,,,,,,,,,,,,,0,lstm
126,183411,613.7213,566.235,1476,1,1,0,0,0.2985,2.036,goal,2331.5,0.017819,0.43705,-0.866074,0.87646,4.483668,1.255518,0.222581,5.985464,0.412786,0.403679,-0.537387,1.0,,,,,,,,,,,,,,0,lstm
127,184890,616.2435,566.8809,1479,1,1,0,0,0.2987,2.032,goal,2349.2,0.012879,0.441526,-0.862157,0.860124,4.525949,1.247147,0.184164,5.968187,0.411029,0.402536,-0.449125,1.0,,,,,,,,,,,,,,0,lstm
128,186400,620.1289,567.9193,1510,1,1,0,0,0.2991,2.017,goal,2369.3,-0.007262,0.453952,-0.874154,0.874009,4.473691,1.244825,0.23198,5.984163,0.404593,0.395096,-0.598529,1.000379,0.007207,0.001476,1.863878,0.00624,0.019688,0.08293,0.007575,0.079127,0.0001,,,,,0,lstm
129,187835,601.5991,566.1265,1435,1,1,0,0,0.3,2.058,goal,2386.8,0.00097,0.428844,-0.85634,0.882475,4.487397,1.200503,0.245966,5.987968,0.411049,0.40384,-0.494815,1.0,,,,,,,,,,,,,,0,lstm
130,189293,607.4725,607.1404,1458,1,1,0,0,0.2982,2.041,goal,2405.0,0.020981,0.4414,-0.868526,0.877795,4.513222,1.176422,0.201843,5.977582,0.410845,0.403237,-0.642273,1.0,,,,,,,,,,,,,,0,lstm
131,190729,604.3549,607.0503,1436,1,1,0,0,0.2989,2.04,goal,2423.1,0.012323,0.442208,-0.873204,0.864933,4.532915,1.185887,0.249196,5.981536,0.412214,0.403791,-0.478158,1.0,,,,,,,,,,,,,,0,lstm
132,192178,604.1971,607.2764,1449,1,1,0,0,0.2983,2.035,goal,2443.4,0.034327,0.444266,-0.875974,0.884176,4.457452,1.180264,0.605559,5.978505,0.410138,0.403386,-0.623109,1.0,0.012416,0.001339,1.863317,0.006224,0.015581,0.09197,0.005489,0.087493,0.0001,,,,,0,lstm
133,193668,614.884,608.4041,1490,1,1,0,0,0.2994,2.029,goal,2462.1,-0.022106,0.448167,-0.8783,0.871419,4.432129,1.235893,0.320285,5.973041,0.419457,0.400705,-0.704145,1.000177,,,,,,,,,,,,,,0,lstm
134,195140,617.4702,609.8262,1472,1,1,0,0,0.2998,2.048,goal,2480.3,-0.006276,0.437406,-0.864279,0.859911,4.49303,1.201429,0.224074,5.977038,0.414188,0.403325,-0.454282,1.006727,,,,,,,,,,,,,,0,lstm
135,196625,615.5945,611.5666,1485,1,1,0,0,0.2978,2.048,goal,2498.8,0.007922,0.435705,-0.880388,0.869643,4.466778,1.227548,0.543172,5.975365,0.411955,0.404642,-0.508333,1.00619,,,,,,,,,,,,,,0,lstm
136,198058,602.9404,610.4885,1433,1,1,0,0,0.2975,2.056,goal,2519.0,-0.003063,0.433439,-0.870128,0.8627,4.522553,1.21265,0.30051,5.986506,0.4117,0.404838,-0.425994,1.0,0.007947,0.001399,1.862756,0.006207,0.019073,0.145956,0.012408,0.159251,0.0001,,,,,0,lstm
137,199532,612.7949,610.1437,1474,1,1,0,0,0.2991,2.04,goal,2538.5,-0.023281,0.437909,-0.887396,0.854138,4.502937,1.204483,0.25632,5.991882,0.412504,0.404202,-0.482344,1.0,,,,,,,,,,,,,,0,lstm
138,201012,613.0012,609.4309,1480,1,1,0,0,0.2986,2.041,goal,2557.5,0.002158,0.43492,-0.881807,0.884526,4.486465,1.244237,0.229172,5.963282,0.409519,0.403465,-0.49211,1.0,,,,,,,,,,,,,,0,lstm
139,202475,605.081,609.7791,1463,1,1,0,0,0.2981,2.051,goal,2575.8,-0.00633,0.436381,-0.877019,0.860083,4.486968,1.172,0.54775,5.984437,0.412402,0.405856,-0.524788,1.0,,,,,,,,,,,,,,0,lstm
140,203922,600.5372,609.0856,1447,1,1,0,0,0.2999,2.041,goal,2595.9,0.025284,0.436121,-0.844683,0.874744,4.478039,1.22858,0.217165,5.981018,0.409816,0.403853,-0.574279,1.0,0.010117,0.001276,1.861975,0.006191,0.015567,0.100564,0.006086,0.103752,0.0001,,,,,0,lstm
141,205385,613.0097,609.951,1463,1,1,0,0,0.2981,2.05,goal,2614.4,0.003973,0.43654,-0.883364,0.873742,4.543856,1.200974,0.119539,5.970937,0.411317,0.404024,-0.439505,1.0,,,,,,,,,,,,,,0,lstm
142,206874,616.8144,611.2128,1489,1,1,0,0,0.2976,2.043,goal,2633.1,0.008994,0.437114,-0.880316,0.840964,4.45178,1.224658,0.304025,5.969637,0.40596,0.402632,-0.482661,1.004731,,,,,,,,,,,,,,0,lstm
143,208370,615.7914,611.3035,1496,1,1,0,0,0.2991,2.042,goal,2651.6,-0.030158,0.438559,-0.871739,0.871913,4.486901,1.219085,0.146779,5.978842,0.411535,0.405397,-0.619231,1.00904,,,,,,,,,,,,,,0,lstm
144,209804,599.5997,609.5164,1434,1,1,0,0,0.2997,2.041,goal,2671.6,-0.020261,0.437866,-0.869436,0.866535,4.530421,1.215254,0.18654,5.973663,0.410138,0.403176,-0.522382,1.0,0.007708,0.001285,1.861653,0.006175,0.017292,0.085341,0.008752,0.07853,0.0001,,,,,0,lstm
145,211288,611.1294,609.0699,1484,1,1,0,0,0.2984,1.997,goal,2690.0,-0.029291,0.46286,-0.887763,0.888928,4.434587,1.29099,0.299163,5.978805,0.403653,0.396385,-0.621103,1.0,,,,,,,,,,,,,,0,lstm
146,212760,613.7793,610.1538,1472,1,1,0,0,0.2975,2.046,goal,2708.1,0.013743,0.430392,-0.864066,0.865956,4.409753,1.260562,0.308369,5.978321,0.410147,0.404467,-0.451603,1.0,,,,,,,,,,,,,,0,lstm
147,214232,611.1152,609.9858,1472,1,1,0,0,0.2997,2.047,goal,2726.1,-0.003734,0.436996,-0.877984,0.866539,4.493896,1.236726,0.457382,5.982481,0.408019,0.402974,-0.489044,1.0,,,,,,,,,,,,,,0,lstm
148,215668,600.2941,608.7151,1436,1,1,0,0,0.2983,2.055,goal,2746.0,-0.024947,0.433011,-0.840344,0.858087,4.546613,1.197003,0.461569,5.986199,0.422411,0.398939,-0.470016,1.0,0.003536,0.001217,1.86201,0.006159,0.015111,0.117457,0.004772,0.109327,0.0001,,,,,0,lstm
149,217142,613.8564,609.5927,1474,1,1,0,0,0.2982,2.04,goal,2764.7,0.002374,0.440982,-0.864317,0.880674,4.523824,1.181874,0.336401,5.977165,0.411462,0.405357,-0.463326,1.0,,,,,,,,,,,,,,0,lstm
150,218588,603.7958,609.9185,1446,1,1,0,0,0.2975,2.049,goal,2783.5,-0.001172,0.43788,-0.860615,0.860038,4.523045,1.190768,0.467201,5.979292,0.402583,0.400077,-0.528778,1.0,,,,,,,,,,,,,,0,lstm
151,220017,602.6089,608.8785,1429,1,1,0,0,0.2987,2.047,goal,2801.2,-0.007905,0.439404,-0.860808,0.842969,4.521742,1.1719,0.513654,5.979862,0.408947,0.401945,-0.429876,1.0,,,,,,,,,,,,,,0,lstm
152,221452,599.0106,607.0981,1435,1,1,0,0,0.2982,2.049,goal,2822.1,0.000658,0.436797,-0.867737,0.878742,4.598126,1.163663,0.243239,5.977117,0.410574,0.401763,-0.463677,1.0,-0.00061,0.00157,1.862514,0.006143,0.016022,0.096829,0.007377,0.09185,0.0001,,,,,0,lstm
153,222959,622.6847,607.7874,1507,1,1,0,0,0.2986,2.032,goal,2841.4,0.012321,0.44732,-0.859707,0.865032,4.504704,1.200837,0.148758,5.988242,0.410575,0.403087,-0.631591,1.010769,,,,,,,,,,,,,,0,lstm
154,224415,606.2662,608.4541,1456,1,1,0,0,0.2985,2.052,goal,2859.7,-0.017221,0.432617,-0.875628,0.87127,4.45059,1.223831,0.706163,5.980534,0.409288,0.402646,-0.457886,1.0,,,,,,,,,,,,,,0,lstm
155,225861,607.564,608.0975,1446,1,1,0,0,0.2988,2.053,goal,2878.0,-0.000541,0.43235,-0.878032,0.880605,4.491493,1.197826,0.440454,5.980914,0.41142,0.404246,-0.480171,1.0,,,,,,,,,,,,,,0,lstm
156,227354,614.3583,608.1554,1493,1,1,0,0,0.2979,2.03,goal,2898.6,-0.013849,0.452163,-0.868702,0.879506,4.512874,1.177035,0.477889,5.984748,0.405117,0.403592,-0.544988,1.0,-0.007423,0.001623,1.862803,0.006126,0.021292,0.091939,0.014653,0.081293,0.0001,,,,,0,lstm
157,228834,616.8279,608.7267,1480,1,1,0,0,0.2972,2.033,goal,2917.4,0.018461,0.441702,-0.884754,0.853149,4.428514,1.24969,0.369379,5.99461,0.410532,0.403674,-0.564614,1.0,,,,,,,,,,,,,,0,lstm
158,230301,611.0156,609.7989,1467,1,1,0,0,0.2992,2.042,goal,2935.7,0.026259,0.434176,-0.876327,0.862557,4.434339,1.276359,0.152038,5.984986,0.410396,0.40249,-0.566965,1.0,,,,,,,,,,,,,,0,lstm
159,231755,603.5433,608.7675,1454,1,1,0,0,0.2987,2.042,goal,2953.6,0.038338,0.432976,-0.867958,0.893524,4.462893,1.229555,0.110345,5.996169,0.408313,0.402905,-0.637331,1.0,,,,,,,,,,,,,,0,lstm
160,233225,604.9818,608.8861,1470,1,1,0,0,0.2983,2.019,goal,2973.3,-0.012615,0.441797,-0.877697,0.863354,4.417382,1.284028,0.275028,5.981809,0.407312,0.403919,-0.501321,1.0,0.012347,0.001348,1.862285,0.00611,0.01597,0.098284,0.009694,0.099636,0.0001,,,,,0,lstm
161,234653,601.6551,608.7908,1428,1,1,0,0,0.2982,2.051,goal,2990.9,0.004167,0.432807,-0.867221,0.868931,4.441539,1.226703,0.314926,5.971334,0.410506,0.403678,-0.504501,1.0,,,,,,,,,,,,,,0,lstm
162,236109,603.9858,609.2883,1456,1,1,0,0,0.2995,2.034,goal,3009.0,0.005794,0.440396,-0.861394,0.889254,4.446399,1.254722,0.064384,5.980622,0.415797,0.397445,-0.560388,1.0,,,,,,,,,,,,,,0,lstm
163,237601,611.6302,608.1828,1492,1,1,0,0,0.2994,2.0,goal,3027.5,-0.028878,0.458213,-0.892263,0.879883,4.405549,1.266053,0.341235,5.986578,0.399955,0.399532,-0.573071,1.0,,,,,,,,,,,,,,0,lstm
164,239020,596.5319,607.2094,1419,1,1,0,0,0.2986,2.066,goal,3046.5,0.004222,0.425746,-0.860894,0.853332,4.499615,1.208515,0.237768,5.987807,0.412164,0.40519,-0.443503,1.0,-0.012144,0.001529,1.861974,0.006094,0.01275,0.108907,0.003615,0.110724,0.0001,,,,,0,lstm
165,240508,616.0323,608.0562,1488,1,1,0,0,0.299,2.013,goal,3064.9,-0.018833,0.449106,-0.87283,0.881464,4.412571,1.264676,0.248668,5.980002,0.41851,0.398191,-0.523316,1.0,,,,,,,,,,,,,,0,lstm
166,241947,605.6359,607.184,1439,1,1,0,0,0.2977,2.047,goal,3082.6,0.008753,0.437654,-0.883132,0.870944,4.415136,1.217186,0.103882,5.976765,0.410338,0.401669,-0.543749,1.0,,,,,,,,,,,,,,0,lstm
167,243405,607.2083,606.222,1458,1,1,0,0,0.2998,2.038,goal,3100.9,-0.008058,0.434724,-0.871674,0.849111,4.391052,1.237429,0.291047,5.985046,0.411361,0.403434,-0.481696,1.0,,,,,,,,,,,,,,0,lstm
168,244851,606.4578,605.7663,1446,1,1,0,0,0.2988,2.033,goal,3120.9,0.027422,0.435347,-0.855027,0.868742,4.430026,1.270476,0.273551,5.986584,0.410608,0.40133,-0.588985,1.0,0.007732,0.00131,1.862385,0.006078,0.010957,0.098207,0.001295,0.079214,0.0001,,,,,0,lstm
169,246294,604.4613,605.8581,1443,1,1,0,0,0.2993,2.042,goal,3138.7,-0.006722,0.44208,-0.875134,0.877259,4.463381,1.186065,0.457211,5.961424,0.409652,0.401929,-0.485946,1.0,,,,,,,,,,,,,,0,lstm
170,247747,608.9542,606.2553,1453,1,1,0,0,0.2985,2.065,goal,3156.5,0.009668,0.426865,-0.880686,0.861905,4.50298,1.212281,0.528461,5.983004,0.413625,0.402343,-0.465328,1.0,,,,,,,,,,,,,,0,lstm
171,249234,616.8553,607.7753,1487,1,1,0,0,0.2998,2.054,goal,3175.0,0.000359,0.436166,-0.880025,0.884232,4.426786,1.220961,0.487026,5.969972,0.408345,0.401351,-0.544383,1.009057,,,,,,,,,,,,,,0,lstm
172,250757,625.2598,609.9027,1523,1,1,0,0,0.2988,2.015,goal,3195.8,-0.010015,0.442092,-0.875701,0.891613,4.330313,1.324763,0.168919,5.987359,0.419623,0.400957,-0.492654,1.0089,0.004871,0.001401,1.862725,0.006062,0.015011,0.108857,0.004441,0.106302,0.0001,,,,,0,lstm
173,252245,620.0727,610.747,1488,1,1,0,0,0.2983,2.034,goal,3214.1,0.008579,0.443034,-0.874586,0.876965,4.47759,1.231442,0.291413,5.982794,0.409453,0.401426,-0.478238,1.005737,,,,,,,,,,,,,,0,lstm
174,253719,609.7137,612.0651,1474,1,1,0,0,0.2989,2.04,goal,3232.6,0.022328,0.438184,-0.886062,0.883409,4.486436,1.244433,0.15441,5.986447,0.411429,0.401143,-0.584282,1.0,,,,,,,,,,,,,,0,lstm
175,255217,616.8041,612.1423,1498,1,1,0,0,0.2991,2.035,goal,3250.9,0.000578,0.442655,-0.879152,0.884513,4.48188,1.220875,0.311159,5.972759,0.419389,0.398397,-0.537022,1.001423,,,,,,,,,,,,,,0,lstm
176,256689,604.1192,611.9906,1472,1,1,0,0,0.2973,2.024,goal,3271.9,-0.017042,0.44787,-0.890623,0.882651,4.455956,1.230216,0.164315,5.976942,0.408917,0.403702,-0.553912,1.0,0.004036,0.001229,1.862233,0.006045,0.013612,0.122172,0.003751,0.127114,0.0001,,,,,0,lstm
177,258182,620.2145,613.2912,1493,1,1,0,0,0.2994,2.037,goal,3290.2,0.03183,0.446768,-0.870177,0.873199,4.552971,1.167855,0.218822,5.989048,0.412703,0.405158,-0.49724,1.008092,,,,,,,,,,,,,,0,lstm
178,259610,600.0622,612.6517,1428,1,1,0,0,0.2983,2.053,goal,3307.7,0.025593,0.434884,-0.86082,0.874174,4.502554,1.210875,0.303884,5.98368,0.412155,0.403779,-0.483688,1.0,,,,,,,,,,,,,,0,lstm
179,261054,599.8337,612.1889,1444,1,1,0,0,0.2994,2.054,goal,3325.4,-0.014918,0.431198,-0.85968,0.858294,4.489578,1.226213,0.339015,5.971828,0.426968,0.400189,-0.495509,1.0,,,,,,,,,,,,,,0,lstm
180,262548,616.5229,612.9458,1494,1,1,0,0,0.2979,2.051,goal,3346.6,0.034933,0.431884,-0.878482,0.870305,4.47381,1.211025,0.321964,5.977615,0.412672,0.404444,-0.645299,1.011849,0.006679,0.001319,1.86167,0.006029,0.015093,0.078015,0.009511,0.072561,0.0001,,,,,0,lstm
181,264002,598.5415,611.1144,1454,1,1,0,0,0.2994,2.034,goal,3364.4,-0.029738,0.439775,-0.877387,0.872482,4.467857,1.240805,0.396546,5.991626,0.405163,0.399874,-0.546353,1.0,,,,,,,,,,,,,,0,lstm
182,265492,617.0084,610.2893,1490,1,1,0,0,0.2976,2.037,goal,3382.6,0.037349,0.435541,-0.876342,0.866977,4.396416,1.259857,0.37035,5.972642,0.411456,0.403854,-0.601457,1.005951,,,,,,,,,,,,,,0,lstm
183,266951,608.8109,609.1631,1459,1,1,0,0,0.2978,2.038,goal,3400.7,0.000877,0.44014,-0.862846,0.873971,4.501044,1.208644,0.299194,5.977876,0.413035,0.405262,-0.515927,1.0,,,,,,,,,,,,,,0,lstm
184,268390,604.3913,608.6309,1439,1,1,0,0,0.2998,2.049,goal,3419.9,-0.000779,0.43724,-0.859779,0.886107,4.500651,1.216509,0.483483,5.986146,0.411348,0.404237,-0.457845,1.0,0.007723,0.001317,1.860644,0.006013,0.014367,0.110595,0.003815,0.108585,0.0001,,,,,0,lstm
185,269858,612.8915,608.2396,1468,1,1,0,0,0.2995,2.066,goal,3437.6,0.009648,0.425964,-0.847572,0.868746,4.533725,1.17511,0.650998,5.9708,0.411264,0.404217,-0.437587,1.008193,,,,,,,,,,,,,,0,lstm
186,271342,613.1153,609.1392,1484,1,1,0,0,0.2982,2.062,goal,3455.6,0.022613,0.427894,-0.855269,0.869878,4.548892,1.182999,0.337974,5.991063,0.412137,0.40495,-0.52622,1.010123,,,,,,,,,,,,,,0,lstm
187,272785,594.0025,606.518,1443,1,1,0,0,0.2998,2.057,goal,3473.1,-0.013277,0.428541,-0.882013,0.870797,4.49443,1.212343,0.347136,5.992748,0.406305,0.403967,-0.534556,1.0,,,,,,,,,,,,,,0,lstm
188,274214,601.7254,606.6843,1429,1,1,0,0,0.2986,2.034,goal,3492.2,0.011355,0.441502,-0.887597,0.864259,4.533402,1.210636,0.206405,5.988757,0.411064,0.403487,-0.438665,1.0,0.002458,0.001216,1.860021,0.005997,0.011772,0.074424,0.00161,0.067556,0.0001,,,,,0,lstm
189,275671,610.1569,607.7167,1457,1,1,0,0,0.2998,2.044,goal,3509.4,0.00436,0.433512,-0.864262,0.838755,4.408998,1.253687,0.414201,5.963222,0.411155,0.403224,-0.508414,1.0,,,,,,,,,,,,,,0,lstm
190,277094,599.0404,605.9684,1423,1,1,0,0,0.2986,2.043,goal,3526.5,0.004707,0.440308,-0.87833,0.891076,4.476814,1.217341,0.095207,5.989202,0.41055,0.402782,-0.482247,1.0,,,,,,,,,,,,,,0,lstm
191,278594,615.2167,607.6359,1500,1,1,0,0,0.2995,2.044,goal,3544.3,-0.013967,0.440974,-0.87795,0.863865,4.473125,1.191109,0.460889,5.971194,0.40768,0.404346,-0.574654,1.007291,,,,,,,,,,,,,,0,lstm
192,280075,618.228,607.7579,1481,1,1,0,0,0.2991,2.041,goal,3563.6,0.006955,0.442398,-0.892363,0.867352,4.503973,1.19409,0.284925,5.978682,0.413643,0.404418,-0.475426,1.003731,-0.002589,0.001234,1.858965,0.005981,0.013094,0.106237,0.002566,0.078671,0.0001,,,,,0,lstm
193,281536,610.1369,607.8905,1461,1,1,0,0,0.2974,2.04,goal,3581.2,0.012829,0.442009,-0.883058,0.870133,4.47551,1.200881,0.431482,5.982482,0.407943,0.402499,-0.499511,1.0,,,,,,,,,,,,,,0,lstm
194,282953,592.7935,606.7307,1417,1,1,0,0,0.2981,2.071,goal,3598.1,-0.019296,0.425521,-0.854274,0.85617,4.586057,1.154581,0.062189,5.993738,0.424703,0.399834,-0.671299,1.0,,,,,,,,,,,,,,0,lstm
195,284422,614.5631,606.8979,1469,1,1,0,0,0.2985,2.061,goal,3615.5,0.004453,0.429065,-0.875322,0.868649,4.468211,1.221191,0.351812,5.981039,0.411529,0.405024,-0.488278,1.006293,,,,,,,,,,,,,,0,lstm
196,285904,610.5991,606.6463,1482,1,1,0,0,0.2983,2.04,goal,3635.3,-0.008756,0.43714,-0.876052,0.846518,4.440683,1.229637,0.361924,5.98227,0.40937,0.404729,-0.56975,1.0,0.007593,0.001361,1.857082,0.005964,0.01416,0.13954,0.004469,0.144806,0.0001,,,,,0,lstm
197,287350,605.9362,607.8396,1446,1,1,0,0,0.2985,2.067,goal,3652.6,0.009591,0.429299,-0.852213,0.866734,4.546249,1.165154,0.417145,5.981518,0.412074,0.402611,-0.433022,1.0,,,,,,,,,,,,,,0,lstm
198,288838,612.6731,608.9344,1488,1,1,0,0,0.2975,2.051,goal,3670.1,-0.023072,0.434899,-0.893381,0.869935,4.512052,1.212965,0.466894,5.978815,0.4134,0.405119,-0.67016,1.005874,,,,,,,,,,,,,,0,lstm
199,290326,613.603,609.279,1488,1,1,0,0,0.2979,2.059,goal,3687.6,0.021607,0.429842,-0.86904,0.863149,4.506015,1.198979,0.573869,5.981421,0.412977,0.403631,-0.666184,1.009228,,,,,,,,,,,,,,0,lstm
200,291790,612.3873,610.6137,1464,1,1,0,0,0.2998,2.052,goal,3707.7,0.004896,0.431092,-0.874242,0.872966,4.47393,1.237118,0.410873,5.980222,0.410543,0.403241,-0.504038,1.0,0.007917,0.001281,1.855498,0.005948,0.015256,0.139944,0.003235,0.138411,0.0001,,,,,0,lstm
201,293241,608.0632,609.8983,1451,1,1,0,0,0.2996,2.06,goal,3725.5,-0.00112,0.43356,-0.884954,0.871737,4.568713,1.172782,0.47055,5.978892,0.410417,0.402767,-0.439422,1.0,,,,,,,,,,,,,,0,lstm
202,294742,618.3949,609.915,1501,1,1,0,0,0.298,2.044,goal,3743.0,-0.004835,0.437338,-0.870532,0.874509,4.53618,1.199286,0.366797,5.989303,0.41064,0.404413,-0.537586,1.008223,,,,,,,,,,,,,,0,lstm
203,296211,607.3332,609.6347,1469,1,1,0,0,0.2979,2.06,goal,3760.6,-0.031656,0.430928,-0.886283,0.879269,4.608145,1.159717,0.281549,5.982522,0.425874,0.401522,-0.614806,1.000732,,,,,,,,,,,,,,0,lstm
204,297656,608.0377,611.1591,1445,1,1,0,0,0.2982,2.057,goal,3779.8,0.005189,0.427829,-0.879381,0.873381,4.620746,1.181624,0.166836,5.983938,0.412237,0.403287,-0.440001,1.0,0.000395,0.001387,1.854926,0.005932,0.017708,0.119014,0.009284,0.108364,0.0001,,,,,0,lstm
205,299110,610.852,610.788,1454,1,1,0,0,0.2988,2.067,goal,3797.6,-0.002003,0.429841,-0.859167,0.860005,4.584744,1.14976,0.460753,5.958458,0.41226,0.403715,-0.426544,1.00353,,,,,,,,,,,,,,0,lstm
206,300610,613.5318,611.0812,1500,1,1,0,0,0.2986,2.053,goal,3815.8,-0.022103,0.426922,-0.869615,0.869775,4.42347,1.257218,0.083522,5.981079,0.417738,0.4008,-0.63562,1.01035,,,,,,,,,,,,,,0,lstm
207,302078,611.1243,611.6001,1468,1,1,0,0,0.2988,2.045,goal,3832.8,0.027644,0.439538,-0.855985,0.891607,4.520163,1.189113,0.343983,5.963638,0.410741,0.404949,-0.51341,1.0,,,,,,,,,,,,,,0,lstm
208,302529,92.9383,559.6266,451,0,0,1,0,2.9653,2.014,collision,3839.9,-0.08389,0.455058,-0.871413,0.862091,4.471945,1.211072,0.477849,5.988503,0.412115,0.404687,-0.560619,1.010535,0.043382,0.002844,1.853798,0.005916,0.02381,0.074801,0.012475,0.0728,0.0001,,,,,0,lstm
209,303829,336.781,531.9444,1300,0,0,1,0,1.0285,2.047,collision,3855.5,0.011233,0.435616,-0.882114,0.850322,4.451719,1.247624,0.201531,5.987854,0.385609,0.39693,-0.890544,1.0,,,,,,,,,,,,,,0,lstm
210,305301,609.7366,531.6793,1472,1,1,0,0,0.2977,2.043,goal,3873.5,0.025242,0.438139,-0.876193,0.868355,4.490748,1.220416,0.386861,5.967513,0.409726,0.403126,-0.692018,1.0,,,,,,,,,,,,,,0,lstm
211,306782,612.8312,532.1561,1481,1,1,0,0,0.2991,2.045,goal,3891.7,0.02686,0.438777,-0.87105,0.877302,4.540323,1.202244,0.497387,5.97835,0.407261,0.403706,-0.496203,1.00048,,,,,,,,,,,,,,0,lstm
212,308265,613.8387,531.7005,1483,1,1,0,0,0.2982,2.062,goal,3911.6,-0.02374,0.429173,-0.853012,0.874071,4.566984,1.184248,0.391311,5.982663,0.427994,0.402705,-0.468665,1.011852,0.026347,0.002292,1.853077,0.0059,0.02339,0.054142,0.005785,0.045232,0.0001,,,,,0,lstm
213,309793,618.178,532.785,1528,1,1,0,0,0.2984,2.031,goal,3930.5,-0.025549,0.445647,-0.882944,0.881102,4.493245,1.217563,0.159897,5.988608,0.408304,0.405126,-0.699092,1.01207,,,,,,,,,,,,,,0,lstm
214,311261,613.1532,533.2965,1468,1,1,0,0,0.2971,2.048,goal,3948.9,0.008647,0.438421,-0.879264,0.869133,4.540548,1.176778,0.426387,5.980145,0.40499,0.402112,-0.469598,1.0,,,,,,,,,,,,,,0,lstm
215,312715,609.0594,533.1173,1454,1,1,0,0,0.298,2.078,goal,3967.0,0.010566,0.418443,-0.859567,0.842196,4.523429,1.181025,0.486485,5.970603,0.414648,0.405024,-0.435335,1.005608,,,,,,,,,,,,,,0,lstm
216,314201,612.8713,533.0512,1486,1,1,0,0,0.2982,2.06,goal,3986.9,-0.023895,0.433323,-0.883366,0.880563,4.547273,1.189639,0.373734,5.982887,0.415478,0.406097,-0.528402,1.008703,0.001342,0.001266,1.852662,0.005883,0.01445,0.088637,0.004904,0.084213,0.0001,,,,,0,lstm
217,315692,609.4406,532.8828,1491,1,1,0,0,0.2994,2.062,goal,4005.2,-0.025888,0.430698,-0.868157,0.819705,4.507191,1.175052,0.531152,5.964736,0.410012,0.405685,-0.627747,1.00956,,,,,,,,,,,,,,0,lstm
218,317121,602.2081,583.8098,1429,1,1,0,0,0.2993,2.06,goal,4022.9,0.016764,0.431756,-0.885687,0.869391,4.522316,1.205715,0.414689,5.967391,0.409204,0.401262,-0.513296,1.0,,,,,,,,,,,,,,0,lstm
219,318571,608.3977,610.9715,1450,1,1,0,0,0.2997,2.053,goal,4040.7,-0.009038,0.43465,-0.863214,0.885094,4.524722,1.175004,0.318082,5.986941,0.409162,0.402743,-0.486169,1.0,,,,,,,,,,,,,,0,lstm
220,320003,604.963,610.4941,1432,1,1,0,0,0.297,2.069,goal,4060.0,0.009774,0.420679,-0.873342,0.862028,4.499442,1.205181,0.35192,5.981392,0.407204,0.4017,-0.428697,1.0,-0.001907,0.001436,1.852412,0.005867,0.017831,0.163211,0.009648,0.142635,0.0001,,,,,0,lstm
221,321470,611.5802,610.369,1467,1,1,0,0,0.2986,2.057,goal,4078.3,0.006711,0.432344,-0.872156,0.865465,4.545505,1.177956,0.316177,5.974628,0.409548,0.402806,-0.482091,1.0,,,,,,,,,,,,,,0,lstm
222,322891,601.0316,609.0883,1421,1,1,0,0,0.2997,2.054,goal,4096.4,0.004104,0.436732,-0.872031,0.873776,4.525072,1.215685,0.546721,5.97452,0.407933,0.402776,-0.44546,1.0,,,,,,,,,,,,,,0,lstm
223,324344,602.4044,607.511,1453,1,1,0,0,0.2969,2.052,goal,4114.3,-0.017817,0.434119,-0.883835,0.873249,4.48185,1.221624,0.125704,5.980839,0.400607,0.401975,-0.520281,1.0,,,,,,,,,,,,,,0,lstm
224,325824,612.2441,607.42,1480,1,1,0,0,0.2992,2.039,goal,4134.4,-0.00462,0.439839,-0.881948,0.870237,4.515265,1.213664,0.249296,5.991268,0.407232,0.403591,-0.486755,1.0,0.002867,0.001356,1.852896,0.005851,0.018216,0.130548,0.009307,0.130239,0.0001,,,,,0,lstm
225,327258,603.5607,606.8702,1434,1,1,0,0,0.2969,2.058,goal,4152.1,-0.011553,0.433637,-0.884613,0.858742,4.566673,1.169988,0.332466,5.973318,0.41,0.403284,-0.488396,1.0,,,,,,,,,,,,,,0,lstm
226,328681,599.8722,605.5703,1423,1,1,0,0,0.2982,2.063,goal,4170.3,0.016659,0.428804,-0.869112,0.856748,4.550019,1.187994,0.324524,5.978655,0.410342,0.402092,-0.444051,1.0,,,,,,,,,,,,,,0,lstm
227,329972,336.2128,578.2475,1291,0,0,1,0,1.0203,2.047,collision,4186.1,-0.002186,0.433544,-0.883863,0.841462,4.429772,1.233508,0.187655,5.987743,0.380464,0.393924,-0.925029,1.0,,,,,,,,,,,,,,0,lstm
228,331445,615.1716,579.5438,1473,1,1,0,0,0.2977,2.049,goal,4206.1,-0.004965,0.432396,-0.87701,0.844976,4.491843,1.211332,0.343165,5.966765,0.408128,0.402791,-0.47468,1.003918,0.023482,0.002131,1.853244,0.005835,0.021985,0.077355,0.005912,0.068549,0.0001,,,,,0,lstm
229,331808,62.3572,524.9398,363,0,0,1,0,3.0776,2.01,collision,4210.6,-0.149052,0.432192,-0.876878,0.866828,4.411042,1.250184,0.625006,5.935784,0.404095,0.401581,-0.536325,1.0,,,,,,,,,,,,,,0,lstm
230,333267,612.5052,525.694,1459,1,1,0,0,0.2987,2.068,goal,4228.7,0.005815,0.423892,-0.87766,0.8723,4.47557,1.201195,0.525435,5.971943,0.408284,0.402595,-0.44404,1.007818,,,,,,,,,,,,,,0,lstm
231,334704,602.3188,524.7679,1437,1,1,0,0,0.2982,2.055,goal,4246.2,0.014703,0.437928,-0.86471,0.839003,4.479045,1.200652,0.489496,5.982877,0.404168,0.400689,-0.496768,1.0,,,,,,,,,,,,,,0,lstm
232,335126,81.1414,472.7788,422,0,0,1,0,3.0442,2.006,collision,4252.9,-0.117074,0.447231,-0.859037,0.818752,4.403453,1.199664,0.64589,5.931701,0.410926,0.407407,-0.54962,1.010017,0.027088,0.00506,1.853978,0.005819,0.027546,0.120139,0.009968,0.121347,0.0001,,,,,0,lstm
233,336604,613.8498,473.9234,1478,1,1,0,0,0.2999,2.055,goal,4271.5,0.010683,0.427432,-0.882952,0.87218,4.515165,1.210172,0.434127,5.985785,0.404107,0.402453,-0.453602,1.00765,,,,,,,,,,,,,,0,lstm
234,338044,598.2261,472.5216,1440,1,1,0,0,0.298,2.042,goal,4289.6,-0.03316,0.437964,-0.879689,0.855814,4.512011,1.202864,0.395183,5.97864,0.418281,0.396534,-0.52916,1.0,,,,,,,,,,,,,,0,lstm
235,339502,610.0735,473.1729,1458,1,1,0,0,0.2992,2.064,goal,4307.8,0.017012,0.427847,-0.875138,0.887842,4.518824,1.215554,0.29903,5.986509,0.408258,0.403442,-0.439422,1.0,,,,,,,,,,,,,,0,lstm
236,340942,602.0084,473.3865,1440,1,1,0,0,0.2999,2.056,goal,4328.1,0.031672,0.427727,-0.850004,0.858738,4.510128,1.193393,0.262465,5.981884,0.40729,0.401629,-0.672568,1.0,0.006844,0.00126,1.854304,0.005802,0.015063,0.098013,0.003008,0.095037,0.0001,,,,,0,lstm
237,342410,613.6261,501.1278,1468,1,1,0,0,0.299,2.045,goal,4345.9,0.002318,0.439131,-0.893142,0.866997,4.517589,1.214988,0.372242,5.980754,0.404949,0.401615,-0.565232,1.0,,,,,,,,,,,,,,0,lstm
238,343860,604.9339,500.104,1450,1,1,0,0,0.2996,2.047,goal,4364.0,0.017001,0.436751,-0.876119,0.867778,4.533665,1.177717,0.370549,5.978627,0.404118,0.400855,-0.462559,1.0,,,,,,,,,,,,,,0,lstm
239,345338,610.6886,554.9372,1478,1,1,0,0,0.2992,2.046,goal,4382.6,-0.016474,0.434353,-0.866005,0.841192,4.53682,1.218895,0.160807,5.991149,0.409733,0.403867,-0.50896,1.0,,,,,,,,,,,,,,0,lstm
240,346784,598.4562,553.5323,1446,1,1,0,0,0.2992,2.05,goal,4403.7,-0.022644,0.432581,-0.888786,0.889572,4.573956,1.213074,0.337648,5.972722,0.423193,0.398836,-0.427756,1.0,0.011331,0.001359,1.854296,0.005786,0.015236,0.066868,0.004214,0.055783,0.0001,,,,,0,lstm
241,348230,602.4973,553.5501,1446,1,1,0,0,0.2998,2.051,goal,4421.7,0.005889,0.437797,-0.877816,0.860975,4.514593,1.194839,0.247873,5.988559,0.405692,0.402627,-0.549423,1.0,,,,,,,,,,,,,,0,lstm
242,349654,600.273,605.4633,1424,1,1,0,0,0.2984,2.059,goal,4439.5,-0.009378,0.428628,-0.878819,0.853658,4.610595,1.163788,0.477755,5.979329,0.408714,0.401595,-0.421328,1.0,,,,,,,,,,,,,,0,lstm
243,351133,603.5926,604.4376,1479,1,1,0,0,0.2981,2.027,goal,4457.5,-0.020392,0.443477,-0.885422,0.85536,4.488394,1.229743,0.154253,5.982825,0.405337,0.404649,-0.629773,1.0,,,,,,,,,,,,,,0,lstm
244,352591,615.3853,606.1535,1458,1,1,0,0,0.2998,2.055,goal,4477.5,-0.008835,0.427299,-0.854211,0.849802,4.556291,1.200758,0.181362,5.97659,0.409178,0.400941,-0.434075,1.006478,0.012158,0.00133,1.853828,0.00577,0.018523,0.060381,0.012954,0.045471,0.0001,,,,,0,lstm
245,354034,601.8253,605.3287,1443,1,1,0,0,0.2972,2.058,goal,4494.9,-0.016581,0.428474,-0.877904,0.875541,4.564887,1.211431,0.141628,5.981566,0.405994,0.400625,-0.465967,1.0,,,,,,,,,,,,,,0,lstm
246,355492,599.3822,605.0661,1458,1,1,0,0,0.2978,2.052,goal,4512.7,-0.039437,0.430142,-0.874169,0.878255,4.520632,1.219269,0.3687,5.975829,0.425268,0.401271,-0.595638,1.0,,,,,,,,,,,,,,0,lstm
247,356975,613.7416,605.0776,1483,1,1,0,0,0.2987,2.036,goal,4531.0,0.034122,0.441249,-0.853978,0.860371,4.526028,1.193905,0.396652,5.982731,0.405443,0.402834,-0.647534,1.000109,,,,,,,,,,,,,,0,lstm
248,358418,596.2985,604.2141,1443,1,1,0,0,0.2983,2.051,goal,4550.5,-0.019795,0.428992,-0.877151,0.84089,4.526214,1.235036,0.335145,5.991247,0.423606,0.400676,-0.632274,1.0,0.009387,0.001346,1.853691,0.005754,0.011696,0.098738,0.003473,0.088003,0.0001,,,,,0,lstm
249,359865,609.4146,604.0867,1447,1,1,0,0,0.2986,2.053,goal,4568.2,0.009359,0.438686,-0.871364,0.88371,4.524607,1.19107,0.416038,5.989297,0.411004,0.401063,-0.474751,1.0,,,,,,,,,,,,,,0,lstm
250,361176,339.5379,578.1948,1311,0,0,1,0,1.0071,2.05,collision,4584.6,-0.046012,0.427623,-0.869057,0.879703,4.410654,1.248277,0.272015,5.969388,0.379189,0.395996,-0.91343,1.0,,,,,,,,,,,,,,0,lstm
251,362650,617.4649,579.6916,1474,1,1,0,0,0.2978,2.05,goal,4603.2,0.006615,0.433674,-0.86567,0.882717,4.476137,1.207839,0.281793,5.984501,0.405823,0.402581,-0.415092,1.010179,,,,,,,,,,,,,,0,lstm
252,364139,615.394,581.2037,1489,1,1,0,0,0.2998,2.037,goal,4623.5,-0.006814,0.439352,-0.874011,0.848306,4.465766,1.211657,0.371283,5.991,0.406483,0.404627,-0.462826,1.001908,0.027058,0.00199,1.853278,0.005738,0.01996,0.067083,0.007286,0.05963,0.0001,,,,,0,lstm
253,365605,612.6558,582.11,1466,1,1,0,0,0.2981,2.061,goal,4641.3,0.020358,0.429491,-0.877649,0.872492,4.460155,1.232349,0.38201,5.985382,0.407574,0.403878,-0.474029,1.006593,,,,,,,,,,,,,,0,lstm
254,367110,609.1208,581.4835,1505,1,1,0,0,0.2977,2.015,goal,4660.2,-0.016798,0.451915,-0.863277,0.863444,4.495406,1.234816,0.308757,5.973206,0.40388,0.405699,-0.69086,1.0,,,,,,,,,,,,,,0,lstm
255,368579,614.7896,582.78,1469,1,1,0,0,0.2972,2.047,goal,4678.6,0.003378,0.432402,-0.863338,0.868339,4.504502,1.21863,0.163045,5.988316,0.409418,0.403744,-0.53842,1.000049,,,,,,,,,,,,,,0,lstm
256,370029,605.0127,583.343,1450,1,1,0,0,0.2984,2.074,goal,4698.5,0.004626,0.427582,-0.879961,0.885876,4.531431,1.171009,0.503069,5.990482,0.409717,0.404285,-0.439186,1.0,0.004425,0.001503,1.852982,0.005721,0.015141,0.114894,0.006024,0.117305,0.0001,,,,,0,lstm
257,371519,618.3077,583.7996,1490,1,1,0,0,0.2993,2.043,goal,4717.0,0.010602,0.436525,-0.882723,0.864711,4.458574,1.211529,0.360762,5.995088,0.404276,0.403959,-0.478682,1.006775,,,,,,,,,,,,,,0,lstm
258,372966,606.0718,584.777,1447,1,1,0,0,0.2997,2.057,goal,4735.3,-0.017968,0.426121,-0.867503,0.868403,4.471457,1.226474,0.239597,5.984026,0.425204,0.400489,-0.450743,1.0,,,,,,,,,,,,,,0,lstm
259,374455,614.0371,585.2392,1489,1,1,0,0,0.2979,2.045,goal,4754.0,-0.011175,0.437363,-0.867628,0.86664,4.487648,1.217107,0.355997,5.969804,0.406912,0.404176,-0.491143,1.00449,,,,,,,,,,,,,,0,lstm
260,375908,600.3584,611.3213,1453,1,1,0,0,0.2988,2.054,goal,4774.3,0.002645,0.433285,-0.867604,0.885296,4.443736,1.221927,0.192456,5.989523,0.402983,0.40414,-0.515808,1.0,0.002444,0.001606,1.852836,0.005705,0.019958,0.117314,0.009844,0.108203,0.0001,,,,,0,lstm
261,377336,599.8425,609.559,1428,1,1,0,0,0.2973,2.051,goal,4792.1,0.001388,0.435607,-0.879707,0.883879,4.476845,1.211176,0.351654,5.963892,0.407496,0.404136,-0.472996,1.0,,,,,,,,,,,,,,0,lstm
262,377727,78.2104,555.8407,391,0,0,1,0,3.0345,2.051,collision,4797.0,-0.000983,0.434115,-0.848646,0.867403,4.354029,1.245775,0.232014,5.963144,0.415767,0.400919,-0.42426,1.003384,,,,,,,,,,,,,,0,lstm
263,379195,613.621,555.9372,1468,1,1,0,0,0.2971,2.061,goal,4814.8,-0.012439,0.426292,-0.854715,0.868691,4.505424,1.18474,0.259298,5.978759,0.410643,0.402453,-0.457256,1.006868,,,,,,,,,,,,,,0,lstm
264,380625,599.1318,554.9383,1430,1,1,0,0,0.2989,2.044,goal,4833.9,-0.007999,0.437235,-0.876778,0.851424,4.502351,1.20316,0.458231,5.975793,0.409438,0.403421,-0.50971,1.0,0.023734,0.003118,1.851922,0.005689,0.025886,0.077545,0.007361,0.076762,0.0001,,,,,0,lstm
265,382085,607.2577,554.1851,1460,1,1,0,0,0.2988,2.064,goal,4852.6,0.033674,0.42388,-0.844596,0.888468,4.496293,1.227315,0.626157,5.986355,0.411956,0.402767,-0.611527,1.0,,,,,,,,,,,,,,0,lstm
266,383560,615.2296,555.2068,1475,1,1,0,0,0.2989,2.041,goal,4871.1,0.000876,0.439755,-0.860149,0.875136,4.469046,1.22883,0.064392,5.991544,0.411122,0.404617,-0.47659,1.0,,,,,,,,,,,,,,0,lstm
267,385052,610.7698,554.453,1492,1,1,0,0,0.2993,2.066,goal,4889.1,-0.024188,0.429236,-0.870308,0.859454,4.563926,1.191299,0.392695,5.972803,0.428573,0.401938,-0.664895,1.012572,,,,,,,,,,,,,,0,lstm
268,386557,620.4888,555.8947,1505,1,1,0,0,0.2972,2.037,goal,4909.8,0.019145,0.438814,-0.872052,0.882565,4.461096,1.246539,0.329897,5.982675,0.409211,0.405464,-0.538419,1.009561,0.001795,0.00174,1.851231,0.005673,0.022199,0.11447,0.011582,0.092724,0.0001,,,,,0,lstm
269,387980,599.8272,554.4737,1423,1,1,0,0,0.2976,2.048,goal,4927.4,0.01507,0.437404,-0.849055,0.881267,4.52672,1.232465,0.397321,5.98112,0.408617,0.39959,-0.450126,1.0,,,,,,,,,,,,,,0,lstm
270,389424,602.6194,554.6998,1444,1,1,0,0,0.2982,2.043,goal,4945.1,0.012093,0.438631,-0.890858,0.881759,4.524021,1.196033,0.260167,5.993929,0.407868,0.402488,-0.510617,1.0,,,,,,,,,,,,,,0,lstm
271,390842,597.0971,554.4253,1418,1,1,0,0,0.2999,2.057,goal,4962.3,0.018501,0.42902,-0.867927,0.87748,4.492454,1.213094,0.331329,5.986576,0.408826,0.401656,-0.45753,1.0,,,,,,,,,,,,,,0,lstm
272,392324,616.8475,608.289,1482,1,1,0,0,0.2982,2.044,goal,4982.2,-0.014242,0.436291,-0.871043,0.870508,4.506115,1.239922,0.219182,5.979203,0.407753,0.403235,-0.526015,1.006002,0.003255,0.001585,1.851608,0.005657,0.020668,0.134011,0.009971,0.122474,0.0001,,,,,0,lstm
273,393758,601.1638,607.0433,1434,1,1,0,0,0.298,2.053,goal,5000.0,0.01652,0.43028,-0.860828,0.870392,4.505752,1.234383,0.2658,5.985174,0.408198,0.401831,-0.450224,1.0,,,,,,,,,,,,,,0,lstm
274,395206,606.1254,607.7426,1448,1,1,0,0,0.2983,2.052,goal,5017.7,0.023728,0.438949,-0.846666,0.88248,4.568717,1.168359,0.337639,5.988428,0.409962,0.402051,-0.608403,1.0,,,,,,,,,,,,,,0,lstm
275,396649,598.9836,606.9152,1443,1,1,0,0,0.2986,2.059,goal,5035.5,-0.005512,0.433249,-0.865429,0.869819,4.560038,1.176978,0.325544,5.986497,0.411778,0.405417,-0.533291,1.0,,,,,,,,,,,,,,0,lstm
276,398133,609.2121,606.3135,1484,1,1,0,0,0.298,2.048,goal,5056.0,-0.009971,0.440389,-0.877446,0.878542,4.586546,1.174988,0.372109,5.988481,0.408863,0.404137,-0.522104,1.0,0.009164,0.001491,1.852389,0.00564,0.017749,0.116732,0.007934,0.115134,0.0001,,,,,0,lstm
277,399569,601.2095,605.3575,1436,1,1,0,0,0.2982,2.06,goal,5074.1,0.019332,0.431376,-0.87448,0.888912,4.587889,1.196828,0.54408,5.971717,0.407946,0.400477,-0.651177,1.0,,,,,,,,,,,,,,0,lstm
278,401048,614.6683,604.7754,1479,1,1,0,0,0.2997,2.046,goal,5092.7,-0.0221,0.434308,-0.86746,0.884813,4.491245,1.266713,0.37489,5.976633,0.40618,0.400276,-0.558183,1.001589,,,,,,,,,,,,,,0,lstm
279,402486,601.737,604.9664,1438,1,1,0,0,0.297,2.042,goal,5110.4,0.013253,0.441021,-0.872354,0.885749,4.56773,1.192687,0.292781,5.97892,0.407841,0.401878,-0.547665,1.0,,,,,,,,,,,,,,0,lstm
280,403918,601.9062,604.8951,1432,1,1,0,0,0.2995,2.041,goal,5129.8,-0.000643,0.44254,-0.87508,0.876681,4.545096,1.200231,0.380922,5.981777,0.40735,0.402986,-0.523943,1.0,0.004596,0.001517,1.85312,0.005624,0.019145,0.133365,0.007185,0.134758,0.0001,,,,,0,lstm
281,405381,609.0788,606.0932,1463,1,1,0,0,0.2975,2.034,goal,5148.0,0.014048,0.44956,-0.865326,0.851564,4.573689,1.166322,0.406005,5.981833,0.411336,0.403494,-0.527685,1.0,,,,,,,,,,,,,,0,lstm
282,406820,607.256,605.1341,1439,1,1,0,0,0.2996,2.057,goal,5165.7,0.00762,0.427879,-0.842596,0.875258,4.509712,1.237998,0.348976,5.990746,0.411712,0.403773,-0.453396,1.0,,,,,,,,,,,,,,0,lstm
283,408282,606.9038,605.7081,1462,1,1,0,0,0.2993,2.048,goal,5183.7,-0.0111,0.429352,-0.8827,0.852312,4.485446,1.251242,0.320632,5.986602,0.408384,0.403948,-0.572077,1.0,,,,,,,,,,,,,,0,lstm
284,409756,614.9025,606.5858,1474,1,1,0,0,0.2979,2.049,goal,5204.3,0.006881,0.43539,-0.874867,0.883462,4.558682,1.216741,0.29558,5.98343,0.412475,0.40496,-0.44703,1.003735,-0.001533,0.001401,1.853521,0.005608,0.018283,0.142019,0.009844,0.149079,0.0001,,,,,0,lstm
285,411198,602.3809,606.9255,1442,1,1,0,0,0.2988,2.051,goal,5222.3,0.019975,0.434001,-0.85402,0.876695,4.547623,1.2459,0.520216,5.980847,0.407563,0.401867,-0.636452,1.0,,,,,,,,,,,,,,0,lstm
286,412705,620.2844,608.0327,1507,1,1,0,0,0.2989,2.032,goal,5241.3,-0.016051,0.450839,-0.89127,0.88256,4.514053,1.201155,0.292835,5.97244,0.404834,0.402924,-0.567931,1.004201,,,,,,,,,,,,,,0,lstm
287,414182,616.4397,609.5558,1477,1,1,0,0,0.3,2.055,goal,5259.7,-0.009931,0.434011,-0.862821,0.866195,4.599141,1.196286,0.311777,5.974991,0.412047,0.404814,-0.459774,1.008821,,,,,,,,,,,,,,0,lstm
288,415646,611.7271,609.2616,1464,1,1,0,0,0.2976,2.056,goal,5280.6,0.010579,0.43695,-0.882219,0.868261,4.621387,1.154269,0.381971,5.988159,0.408293,0.400656,-0.503314,1.001979,0.004249,0.001538,1.852918,0.005592,0.018746,0.098281,0.010737,0.094266,0.0001,,,,,0,lstm
289,417123,614.4803,610.536,1477,1,1,0,0,0.2994,2.065,goal,5298.7,0.001638,0.429692,-0.859507,0.860374,4.604723,1.177232,0.369238,5.98771,0.410067,0.401646,-0.503001,1.008973,,,,,,,,,,,,,,0,lstm
290,418552,593.4663,609.692,1429,1,1,0,0,0.2978,2.061,goal,5316.6,-0.017799,0.433352,-0.876822,0.865436,4.61305,1.201167,0.255292,5.984612,0.42324,0.398581,-0.596897,1.0,,,,,,,,,,,,,,0,lstm
291,419975,596.0256,608.3867,1423,1,1,0,0,0.2982,2.058,goal,5334.8,-0.012064,0.436161,-0.873056,0.867543,4.613209,1.16606,0.280187,5.982665,0.406852,0.402041,-0.498414,1.0,,,,,,,,,,,,,,0,lstm
292,421418,604.9922,608.1603,1443,1,1,0,0,0.2977,2.064,goal,5355.0,0.014003,0.432503,-0.853379,0.865718,4.615487,1.152063,0.175843,5.981346,0.40963,0.402926,-0.492222,1.0,0.003207,0.001266,1.853051,0.005576,0.01447,0.110645,0.003178,0.10793,0.0001,,,,,0,lstm
293,422833,595.9277,607.0627,1415,1,1,0,0,0.2994,2.084,goal,5372.9,0.007118,0.424919,-0.859328,0.890076,4.667273,1.111823,0.296911,5.972192,0.408221,0.399337,-0.501721,1.0,,,,,,,,,,,,,,0,lstm
294,424307,603.2034,605.8928,1474,1,1,0,0,0.2996,2.061,goal,5391.8,-0.019412,0.433311,-0.860421,0.882622,4.616541,1.148017,0.243716,5.97755,0.42338,0.400595,-0.633918,1.0,,,,,,,,,,,,,,0,lstm
295,425768,608.7169,606.5264,1461,1,1,0,0,0.2983,2.063,goal,5409.5,-0.001808,0.427024,-0.883996,0.842978,4.557461,1.218546,0.272084,5.975121,0.407716,0.400133,-0.557038,1.0,,,,,,,,,,,,,,0,lstm
296,427171,595.2148,604.0194,1403,1,1,0,0,0.2996,2.068,goal,5429.0,0.011195,0.423056,-0.860732,0.874721,4.584093,1.211498,0.250071,5.983431,0.410269,0.399998,-0.46045,1.0,0.008674,0.00126,1.853444,0.005559,0.012601,0.13306,0.002452,0.138431,0.0001,,,,,0,lstm
297,428627,599.6986,602.3453,1456,1,1,0,0,0.298,2.066,goal,5447.2,-0.01914,0.430418,-0.87416,0.846741,4.707434,1.13365,0.508734,5.981699,0.42224,0.397969,-0.437761,1.0,,,,,,,,,,,,,,0,lstm
298,430094,608.652,602.0378,1467,1,1,0,0,0.298,2.064,goal,5465.6,-0.007417,0.431558,-0.872219,0.890145,4.655483,1.155264,0.439528,5.984678,0.407912,0.400417,-0.495479,1.0,,,,,,,,,,,,,,0,lstm
299,431497,593.9049,599.9802,1403,1,1,0,0,0.2976,2.076,goal,5483.2,0.006411,0.421652,-0.883311,0.879491,4.599997,1.183375,0.242398,5.983972,0.408194,0.399916,-0.463478,1.0,,,,,,,,,,,,,,0,lstm
300,432994,612.6163,601.8952,1497,1,1,0,0,0.2999,2.02,goal,5504.4,-0.012399,0.452324,-0.879287,0.855952,4.613269,1.215787,0.63808,5.976605,0.404484,0.400671,-0.578877,1.0,0.008606,0.001201,1.854539,0.005543,0.014156,0.110601,0.005123,0.112379,0.0001,,,,,0,lstm
301,434426,602.9689,602.5896,1432,1,1,0,0,0.2995,2.056,goal,5522.8,0.006514,0.434904,-0.875653,0.862668,4.59228,1.191331,0.17333,5.985046,0.41015,0.402327,-0.483173,1.0,,,,,,,,,,,,,,0,lstm
302,435865,604.415,602.5319,1439,1,1,0,0,0.3,2.05,goal,5541.0,0.011324,0.439291,-0.8827,0.878358,4.588831,1.187212,0.287728,5.953552,0.407659,0.402126,-0.557959,1.0,,,,,,,,,,,,,,0,lstm
303,437286,597.1813,602.6572,1421,1,1,0,0,0.2979,2.067,goal,5559.1,0.024788,0.431479,-0.838851,0.88678,4.689763,1.14725,0.204457,5.99378,0.411724,0.404021,-0.527867,1.0,,,,,,,,,,,,,,0,lstm
304,438712,599.7084,602.3077,1426,1,1,0,0,0.2981,2.051,goal,5579.6,0.013793,0.439889,-0.890034,0.867436,4.636184,1.174378,0.24876,5.989161,0.41166,0.402513,-0.450758,1.0,0.016638,0.001221,1.855559,0.005527,0.015063,0.098217,0.007189,0.105758,0.0001,,,,,0,lstm
305,440081,347.3156,576.1676,1369,0,0,1,0,1.0294,2.017,collision,5597.1,-0.043092,0.441811,-0.880529,0.884148,4.413662,1.276199,0.17297,5.973433,0.381212,0.39786,-0.93187,1.0119,,,,,,,,,,,,,,0,lstm
306,441524,594.8885,576.135,1443,1,1,0,0,0.2989,2.06,goal,5615.4,-0.046967,0.430763,-0.87127,0.863516,4.61585,1.182239,0.253534,5.970865,0.423409,0.399591,-0.702487,1.0,,,,,,,,,,,,,,0,lstm
307,442959,604.3934,576.6044,1435,1,1,0,0,0.2981,2.081,goal,5633.2,0.015343,0.424618,-0.853559,0.873428,4.672857,1.154104,0.588869,5.978526,0.412807,0.403303,-0.47756,1.0,,,,,,,,,,,,,,0,lstm
308,444383,599.5439,575.6936,1424,1,1,0,0,0.2982,2.048,goal,5652.3,0.013266,0.440368,-0.866158,0.862961,4.627263,1.152504,0.207041,5.978327,0.407387,0.401071,-0.460187,1.0,0.019485,0.002125,1.85626,0.005511,0.01963,0.0828,0.005537,0.077824,0.0001,,,,,0,lstm
309,445869,611.0476,577.4079,1486,1,1,0,0,0.2998,2.061,goal,5671.0,-0.018144,0.431562,-0.881808,0.887571,4.61718,1.181484,0.225954,5.977476,0.424688,0.400177,-0.583401,1.008795,,,,,,,,,,,,,,0,lstm
310,447344,605.1962,576.6659,1475,1,1,0,0,0.2978,2.045,goal,5689.8,-0.023452,0.440996,-0.877978,0.875471,4.574093,1.18878,0.339584,5.990149,0.404969,0.399865,-0.566308,1.0,,,,,,,,,,,,,,0,lstm
311,448798,602.8145,576.6504,1454,1,1,0,0,0.298,2.05,goal,5707.5,-0.010967,0.437136,-0.893108,0.878374,4.581369,1.188484,0.258813,5.981097,0.408128,0.40167,-0.527359,1.0,,,,,,,,,,,,,,0,lstm
312,450213,596.8678,575.8957,1415,1,1,0,0,0.2999,2.064,goal,5728.2,0.005914,0.429488,-0.859177,0.872304,4.631674,1.171836,0.669199,5.984652,0.405953,0.398491,-0.465878,1.0,0.004268,0.001414,1.857127,0.005495,0.015391,0.117447,0.008711,0.116336,0.0001,,,,,0,lstm
313,451649,602.7794,576.4555,1436,1,1,0,0,0.2985,2.063,goal,5747.2,-0.009743,0.433264,-0.890696,0.866992,4.6349,1.144666,0.385369,5.990199,0.405881,0.401373,-0.509901,1.0,,,,,,,,,,,,,,0,lstm
314,453060,597.3385,576.2185,1411,1,1,0,0,0.2986,2.067,goal,5765.9,0.0189,0.423643,-0.882401,0.878063,4.601102,1.191777,0.14073,5.993744,0.40762,0.402437,-0.441314,1.0,,,,,,,,,,,,,,0,lstm
315,454480,592.9752,600.7845,1420,1,1,0,0,0.2979,2.071,goal,5784.5,-0.014315,0.423681,-0.857472,0.858016,4.625593,1.174163,0.426836,5.990797,0.421723,0.397832,-0.486965,1.0,,,,,,,,,,,,,,0,lstm
316,455933,602.4491,601.5406,1453,1,1,0,0,0.2996,2.05,goal,5805.8,-0.020872,0.42876,-0.872286,0.885564,4.584627,1.24152,0.283638,5.985032,0.425532,0.399571,-0.533439,1.0,0.007751,0.001394,1.857216,0.005478,0.016201,0.128817,0.006913,0.14192,0.0001,,,,,0,lstm
317,457330,592.7314,600.3744,1397,1,1,0,0,0.2981,2.076,goal,5824.2,0.010243,0.425103,-0.875252,0.832803,4.611218,1.205894,0.296425,5.974019,0.406283,0.39811,-0.549501,1.0,,,,,,,,,,,,,,0,lstm
318,458792,612.2026,601.6402,1462,1,1,0,0,0.2985,2.054,goal,5843.1,-0.004674,0.433972,-0.858507,0.869304,4.61347,1.170591,0.420549,5.977661,0.407711,0.400185,-0.450496,1.0,,,,,,,,,,,,,,0,lstm
319,460288,617.4429,602.2797,1496,1,1,0,0,0.2975,2.045,goal,5862.5,-0.022177,0.440054,-0.879719,0.869377,4.61926,1.192519,0.459111,5.988377,0.421574,0.399682,-0.534231,1.011583,,,,,,,,,,,,,,0,lstm
320,461772,605.609,602.321,1484,1,1,0,0,0.2984,2.054,goal,5884.2,-0.029492,0.438616,-0.889732,0.84916,4.627848,1.1646,0.508431,5.98781,0.426474,0.401402,-0.665789,1.0,0.009218,0.001262,1.856981,0.005462,0.0161,0.115176,0.007006,0.114837,0.0001,,,,,0,lstm
321,463257,605.2173,602.5613,1485,1,1,0,0,0.2979,2.047,goal,5903.9,-0.030795,0.440373,-0.884651,0.885687,4.626044,1.18232,0.289862,5.989937,0.423944,0.401139,-0.680602,1.0,,,,,,,,,,,,,,0,lstm
322,464716,606.7567,603.5502,1459,1,1,0,0,0.2995,2.039,goal,5923.1,0.010327,0.436969,-0.89449,0.866252,4.516505,1.218536,0.14724,5.980809,0.407479,0.400766,-0.649545,1.0,,,,,,,,,,,,,,0,lstm
323,466155,604.7465,603.7469,1439,1,1,0,0,0.2996,2.045,goal,5941.6,0.011814,0.436197,-0.863361,0.876613,4.490147,1.247557,0.441406,5.994712,0.402271,0.401219,-0.459298,1.0,,,,,,,,,,,,,,0,lstm
324,467613,606.5459,604.6677,1458,1,1,0,0,0.2981,2.039,goal,5963.6,-0.008312,0.434369,-0.876335,0.87257,4.438308,1.31047,0.218335,5.970513,0.411597,0.395613,-0.509925,1.0,-0.002647,0.001697,1.856151,0.005446,0.01899,0.11498,0.010315,0.129213,0.0001,,,,,0,lstm
325,469081,614.6671,606.8369,1468,1,1,0,0,0.2989,2.065,goal,5982.8,-0.002369,0.428905,-0.88787,0.877899,4.540463,1.213543,0.299556,5.994689,0.412696,0.403556,-0.470811,1.007141,,,,,,,,,,,,,,0,lstm
326,470573,616.091,608.201,1492,1,1,0,0,0.2992,2.045,goal,6002.3,-0.019582,0.444793,-0.87411,0.86323,4.615932,1.149604,0.444582,5.991612,0.405708,0.401637,-0.563388,1.003898,,,,,,,,,,,,,,0,lstm
327,472026,606.3553,609.5634,1453,1,1,0,0,0.2981,2.045,goal,6021.5,0.017695,0.440079,-0.882947,0.844163,4.619446,1.205584,0.416428,5.980365,0.404042,0.397528,-0.61181,1.0,,,,,,,,,,,,,,0,lstm
328,473486,610.2359,609.3668,1460,1,1,0,0,0.2997,2.061,goal,6043.7,0.00041,0.438188,-0.885598,0.866964,4.584524,1.162269,0.176778,5.98678,0.407896,0.402205,-0.550834,1.0,0.01124,0.001515,1.855474,0.00543,0.015635,0.09888,0.007949,0.12317,0.0001,,,,,0,lstm
329,474961,610.0499,608.6275,1475,1,1,0,0,0.2985,2.068,goal,6063.1,-0.011267,0.426809,-0.886833,0.866712,4.538059,1.234481,0.238549,5.985454,0.421898,0.399794,-0.466194,1.006426,,,,,,,,,,,,,,0,lstm
330,476386,599.0461,607.9712,1425,1,1,0,0,0.2991,2.045,goal,6081.9,-0.003027,0.438505,-0.856274,0.884054,4.583369,1.193833,0.409469,5.983424,0.4082,0.401198,-0.501797,1.0,,,,,,,,,,,,,,0,lstm
331,477824,605.8277,608.0322,1438,1,1,0,0,0.2987,2.07,goal,6101.1,-0.009964,0.426047,-0.865976,0.847092,4.640998,1.190852,0.332999,5.983563,0.409144,0.399217,-0.417219,1.0,,,,,,,,,,,,,,0,lstm
332,479306,610.9003,608.4466,1482,1,1,0,0,0.2977,2.032,goal,6122.8,-0.022164,0.45,-0.893136,0.87724,4.616485,1.188467,0.297912,5.980783,0.405964,0.401623,-0.554217,1.0,-0.001341,0.001274,1.855082,0.005414,0.010521,0.151411,0.002271,0.169712,0.0001,,,,,0,lstm
333,480751,606.6137,608.6333,1445,1,1,0,0,0.2992,2.067,goal,6141.8,0.010066,0.424842,-0.858606,0.866051,4.593132,1.220833,0.301773,5.983531,0.411279,0.40358,-0.504812,1.0,,,,,,,,,,,,,,0,lstm
334,482201,605.0257,608.4813,1450,1,1,0,0,0.2995,2.048,goal,6160.4,-0.01857,0.437081,-0.881542,0.875474,4.563756,1.194499,0.379683,5.984838,0.410378,0.403332,-0.491125,1.0,,,,,,,,,,,,,,0,lstm
335,483655,609.8836,608.0029,1454,1,1,0,0,0.2992,2.061,goal,6178.9,0.004658,0.428554,-0.889329,0.883737,4.533185,1.209892,0.299522,5.989863,0.40968,0.403392,-0.558083,1.0,,,,,,,,,,,,,,0,lstm
336,485119,614.1082,607.8046,1464,1,1,0,0,0.2999,2.064,goal,6199.4,0.015135,0.426686,-0.873786,0.872553,4.537585,1.187852,0.415825,5.979597,0.409201,0.400928,-0.56137,1.010898,0.006712,0.001359,1.854626,0.005397,0.013045,0.133633,0.006278,0.155277,0.0001,,,,,0,lstm
337,486571,606.8808,607.8572,1452,1,1,0,0,0.2995,2.062,goal,6218.7,0.024487,0.428693,-0.877482,0.876592,4.588305,1.181132,0.405067,5.984047,0.408414,0.4002,-0.642614,1.0,,,,,,,,,,,,,,0,lstm
338,488057,615.4078,608.3744,1486,1,1,0,0,0.2983,2.039,goal,6238.6,0.006327,0.440504,-0.870442,0.860256,4.499727,1.269155,0.490682,5.979012,0.406342,0.402831,-0.481333,1.0,,,,,,,,,,,,,,0,lstm
339,489531,613.4813,608.7175,1474,1,1,0,0,0.2979,2.05,goal,6258.0,0.000191,0.434059,-0.868276,0.864659,4.552788,1.219659,0.163131,5.983645,0.409874,0.402054,-0.48735,1.000696,,,,,,,,,,,,,,0,lstm
340,491004,612.6708,610.08,1473,1,1,0,0,0.2992,2.064,goal,6279.5,-0.010626,0.424855,-0.889392,0.860565,4.573324,1.187501,0.319831,5.984228,0.410757,0.40376,-0.497011,1.007361,0.013905,0.00133,1.853513,0.005381,0.018038,0.131322,0.012912,0.136124,0.0001,,,,,0,lstm
341,492460,611.5119,610.6484,1456,1,1,0,0,0.2985,2.056,goal,6298.5,0.007944,0.43473,-0.887197,0.872832,4.557837,1.195269,0.268727,5.981743,0.410248,0.403845,-0.492421,1.0,,,,,,,,,,,,,,0,lstm
342,493933,616.4917,611.2076,1473,1,1,0,0,0.2989,2.058,goal,6318.1,-0.017849,0.435502,-0.887125,0.887621,4.636852,1.144328,0.512991,5.992623,0.408471,0.399853,-0.510911,1.00953,,,,,,,,,,,,,,0,lstm
343,495406,615.7318,612.1194,1473,1,1,0,0,0.2981,2.051,goal,6337.7,-0.00282,0.435164,-0.882624,0.858424,4.579094,1.176304,0.477879,5.989061,0.406475,0.398454,-0.464528,1.005081,,,,,,,,,,,,,,0,lstm
344,496831,599.8319,611.6,1425,1,1,0,0,0.2989,2.061,goal,6358.2,-0.005846,0.425783,-0.870997,0.879139,4.570742,1.2307,0.27323,5.981915,0.408185,0.399721,-0.468944,1.0,0.010358,0.001232,1.85163,0.005365,0.016901,0.083568,0.011879,0.093174,0.0001,,,,,0,lstm
345,498248,598.9756,610.5092,1417,1,1,0,0,0.2985,2.067,goal,6376.3,0.011668,0.429266,-0.880011,0.874501,4.57899,1.161279,0.454223,5.986536,0.409642,0.401937,-0.471108,1.0,,,,,,,,,,,,,,0,lstm
346,499742,619.3054,611.0289,1494,1,1,0,0,0.2994,2.041,goal,6396.0,0.009516,0.44289,-0.886425,0.868327,4.559992,1.220924,0.298921,5.984673,0.406213,0.400619,-0.594993,1.009001,,,,,,,,,,,,,,0,lstm
347,501146,593.5507,609.6959,1404,1,1,0,0,0.2992,2.076,goal,6414.7,0.004779,0.425199,-0.887283,0.84735,4.54537,1.177055,0.131731,5.980441,0.408731,0.402475,-0.506382,1.0,,,,,,,,,,,,,,0,lstm
348,502558,598.6532,608.0204,1412,1,1,0,0,0.298,2.058,goal,6435.0,0.011119,0.427023,-0.877176,0.882068,4.599149,1.186828,0.402793,5.969908,0.407739,0.400211,-0.464512,1.0,0.005858,0.001416,1.850517,0.005349,0.014074,0.097618,0.007927,0.114948,0.0001,,,,,0,lstm
349,503990,602.451,606.9174,1432,1,1,0,0,0.2987,2.069,goal,6453.1,-0.001461,0.430656,-0.852979,0.86939,4.608072,1.134801,0.640115,5.988611,0.408218,0.401602,-0.482041,1.0,,,,,,,,,,,,,,0,lstm
350,505408,597.5534,605.4057,1418,1,1,0,0,0.299,2.067,goal,6471.3,0.001287,0.433534,-0.86714,0.844035,4.685507,1.120888,0.434836,5.979408,0.408499,0.400436,-0.446094,1.0,,,,,,,,,,,,,,0,lstm
351,506871,612.5991,605.5144,1463,1,1,0,0,0.2969,2.069,goal,6490.1,0.000297,0.428173,-0.860099,0.863995,4.652091,1.148431,0.433355,5.980792,0.408106,0.40166,-0.477568,1.007935,,,,,,,,,,,,,,0,lstm
352,508394,617.288,605.594,1523,1,1,0,0,0.2977,2.02,goal,6511.7,-0.032698,0.449878,-0.890766,0.881373,4.524016,1.25508,0.134201,5.992055,0.406873,0.402468,-0.678464,1.005887,0.003778,0.001361,1.850171,0.005333,0.014415,0.13897,0.004472,0.168914,0.0001,,,,,0,lstm
353,509876,614.8199,605.5028,1482,1,1,0,0,0.2996,2.04,goal,6530.6,0.003004,0.438243,-0.874409,0.884705,4.565627,1.241066,0.360619,5.989866,0.420991,0.397273,-0.452554,1.0,,,,,,,,,,,,,,0,lstm
354,511357,614.9695,607.0166,1481,1,1,0,0,0.298,2.051,goal,6550.0,0.021242,0.434884,-0.885442,0.843032,4.543072,1.200679,0.223469,5.974009,0.406261,0.399626,-0.62457,1.007535,,,,,,,,,,,,,,0,lstm
355,512824,609.9926,608.1183,1467,1,1,0,0,0.2985,2.064,goal,6569.3,-0.000738,0.429731,-0.83734,0.854062,4.629434,1.148817,0.514,5.986663,0.409889,0.402916,-0.470608,1.000836,,,,,,,,,,,,,,0,lstm
356,514306,615.6724,607.755,1482,1,1,0,0,0.2999,2.06,goal,6591.7,-0.003229,0.433992,-0.886719,0.856234,4.621102,1.180763,0.415202,5.980712,0.407777,0.402541,-0.534498,1.009101,0.009397,0.001435,1.850131,0.005316,0.017718,0.105128,0.008521,0.119022,0.0001,,,,,0,lstm
357,515778,604.0483,608.8048,1472,1,1,0,0,0.2983,2.058,goal,6610.5,-0.024894,0.427709,-0.860071,0.87357,4.591364,1.210031,0.293113,5.971627,0.425582,0.399491,-0.484516,1.0,,,,,,,,,,,,,,0,lstm
358,517210,603.9553,609.335,1432,1,1,0,0,0.2999,2.065,goal,6629.1,0.01364,0.431164,-0.860519,0.872781,4.646545,1.148909,0.226686,5.997767,0.406261,0.400592,-0.478411,1.0,,,,,,,,,,,,,,0,lstm
359,518632,598.453,608.9352,1422,1,1,0,0,0.2983,2.056,goal,6647.6,0.023937,0.431718,-0.878822,0.862296,4.600508,1.203834,0.203392,5.968282,0.405862,0.399638,-0.5051,1.0,,,,,,,,,,,,,,0,lstm
360,520064,601.9108,609.3709,1432,1,1,0,0,0.2989,2.057,goal,6670.0,0.017738,0.43386,-0.870072,0.864305,4.569134,1.22057,0.705705,5.969415,0.40611,0.397906,-0.49177,1.0,0.006776,0.001478,1.850475,0.0053,0.018329,0.149815,0.004788,0.188719,0.0001,,,,,0,lstm
361,521507,593.8123,607.4922,1443,1,1,0,0,0.2995,2.062,goal,6688.3,-0.029363,0.426408,-0.885905,0.862476,4.593424,1.20199,0.082503,5.989912,0.418757,0.398187,-0.644534,1.0,,,,,,,,,,,,,,0,lstm
362,522978,613.6523,607.1286,1471,1,1,0,0,0.2972,2.051,goal,6707.2,-0.010602,0.435809,-0.898138,0.868175,4.592471,1.201946,0.459033,5.996637,0.405568,0.399853,-0.557098,1.002459,,,,,,,,,,,,,,0,lstm
363,524399,599.7719,605.6238,1421,1,1,0,0,0.2991,2.045,goal,6725.4,0.018546,0.436598,-0.869557,0.864322,4.565011,1.219635,0.219155,5.989413,0.406129,0.400626,-0.4662,1.0,,,,,,,,,,,,,,0,lstm
364,525850,601.1339,604.2403,1451,1,1,0,0,0.2999,2.06,goal,6745.2,-0.017703,0.430633,-0.886232,0.857614,4.557488,1.205918,0.271064,5.985951,0.425078,0.399559,-0.459137,1.0,0.003253,0.001304,1.850339,0.005284,0.015526,0.107835,0.007208,0.131556,0.0001,,,,,0,lstm
365,527314,604.5919,603.7002,1464,1,1,0,0,0.2995,2.061,goal,6763.6,-0.003396,0.427862,-0.844107,0.87361,4.530437,1.219769,0.569844,5.987968,0.421435,0.398423,-0.482191,1.0,,,,,,,,,,,,,,0,lstm
366,528747,605.5947,602.6924,1433,1,1,0,0,0.2988,2.055,goal,6782.2,0.000473,0.437443,-0.862273,0.849164,4.623396,1.154411,0.312251,5.993005,0.409151,0.400564,-0.428878,1.0,,,,,,,,,,,,,,0,lstm
367,530192,593.3601,601.6236,1445,1,1,0,0,0.2972,2.065,goal,6800.9,-0.031342,0.426093,-0.86629,0.872281,4.595068,1.188177,0.688649,5.986744,0.423287,0.40035,-0.641976,1.0,,,,,,,,,,,,,,0,lstm
368,531588,592.2652,600.4546,1396,1,1,0,0,0.2983,2.081,goal,6820.9,0.005078,0.418091,-0.844505,0.873845,4.500382,1.199165,0.29405,5.974559,0.406458,0.400277,-0.456869,1.0,0.003519,0.001284,1.850692,0.005268,0.015494,0.122514,0.007681,0.140858,0.0001,,,,,0,lstm
369,533065,611.8599,601.7953,1477,1,1,0,0,0.299,2.046,goal,6840.1,-0.004423,0.440558,-0.8928,0.862384,4.498647,1.234589,0.238585,5.985698,0.407174,0.401492,-0.509371,1.0,,,,,,,,,,,,,,0,lstm
370,534517,604.9538,602.0996,1452,1,1,0,0,0.2994,2.019,goal,6858.5,0.021076,0.453536,-0.894007,0.860459,4.556829,1.220255,0.118483,5.991113,0.403964,0.397554,-0.638795,1.0,,,,,,,,,,,,,,0,lstm
371,535934,595.091,602.2275,1417,1,1,0,0,0.2985,2.063,goal,6876.1,-0.008337,0.42987,-0.882435,0.869298,4.564441,1.192353,0.252553,5.976187,0.407737,0.402114,-0.465015,1.0,,,,,,,,,,,,,,0,lstm
372,537397,609.5162,601.8139,1463,1,1,0,0,0.2987,2.049,goal,6895.9,0.007871,0.430871,-0.861428,0.866351,4.521469,1.232009,0.301789,5.982948,0.408191,0.402798,-0.498941,1.0,-0.002263,0.001203,1.850151,0.005252,0.014577,0.131009,0.006836,0.133316,0.0001,,,,,0,lstm
373,538900,618.8385,603.7205,1503,1,1,0,0,0.2986,2.039,goal,6915.0,-0.022254,0.452981,-0.893891,0.876238,4.602397,1.184484,0.393581,5.990347,0.405528,0.401389,-0.573851,1.007365,,,,,,,,,,,,,,0,lstm
374,540342,605.1274,604.1199,1442,1,1,0,0,0.2995,2.052,goal,6933.5,0.007743,0.437497,-0.890641,0.865453,4.595193,1.194251,0.286553,5.988116,0.404489,0.399773,-0.468946,1.0,,,,,,,,,,,,,,0,lstm
375,541777,599.7015,603.6308,1435,1,1,0,0,0.2985,2.043,goal,6952.4,0.016067,0.441346,-0.882312,0.859411,4.579977,1.184783,0.437003,5.990099,0.402303,0.396356,-0.611431,1.0,,,,,,,,,,,,,,0,lstm
376,543273,611.4904,604.2204,1496,1,1,0,0,0.2997,2.066,goal,6974.1,-0.014918,0.431214,-0.888212,0.859592,4.622872,1.183152,0.156573,5.991179,0.42237,0.399022,-0.489989,1.008391,0.004483,0.001203,1.849839,0.005235,0.014994,0.094589,0.004518,0.101216,0.0001,,,,,0,lstm
377,544718,605.3689,605.4213,1445,1,1,0,0,0.299,2.052,goal,6992.7,0.001507,0.434828,-0.852621,0.879607,4.620301,1.181066,0.189912,5.977857,0.404216,0.39766,-0.447099,1.0,,,,,,,,,,,,,,0,lstm
378,546126,593.8735,605.5821,1408,1,1,0,0,0.2987,2.073,goal,7010.6,-0.003735,0.427802,-0.858961,0.871242,4.658176,1.148065,0.196174,5.980439,0.406067,0.399482,-0.463834,1.0,,,,,,,,,,,,,,0,lstm
379,547557,589.5767,603.3538,1431,1,1,0,0,0.2969,2.071,goal,7028.8,-0.011499,0.42659,-0.87369,0.883821,4.685875,1.156903,0.339466,5.987419,0.42622,0.401152,-0.497388,1.0,,,,,,,,,,,,,,0,lstm
380,549011,600.1132,602.8697,1454,1,1,0,0,0.2984,2.058,goal,7048.9,-0.018741,0.437775,-0.875046,0.855402,4.620043,1.156571,0.284796,5.989475,0.407185,0.400864,-0.514581,1.0,-0.005182,0.001112,1.849916,0.005219,0.013503,0.107581,0.0064,0.129739,0.0001,,,,,0,lstm
381,550477,611.5114,604.5118,1466,1,1,0,0,0.2977,2.069,goal,7067.1,0.023791,0.427319,-0.895741,0.868481,4.603139,1.195111,0.515555,5.988299,0.408341,0.400796,-0.549125,1.006838,,,,,,,,,,,,,,0,lstm
382,551954,617.2223,605.2824,1477,1,1,0,0,0.2994,2.049,goal,7085.5,0.010036,0.440238,-0.885299,0.870468,4.589912,1.159992,0.355694,5.979104,0.406735,0.402309,-0.495222,1.00478,,,,,,,,,,,,,,0,lstm
383,553392,601.3647,603.535,1438,1,1,0,0,0.299,2.047,goal,7104.1,0.02098,0.441739,-0.877911,0.876763,4.631246,1.169771,0.413644,5.99118,0.403565,0.398769,-0.606636,1.0,,,,,,,,,,,,,,0,lstm
384,554851,607.5372,603.776,1459,1,1,0,0,0.2995,2.038,goal,7124.9,-0.016016,0.443048,-0.878899,0.853508,4.613281,1.196584,0.341511,5.988974,0.406248,0.401364,-0.51621,1.0,0.001926,0.001195,1.849567,0.005203,0.015473,0.10155,0.004926,0.108268,0.0001,,,,,0,lstm
385,556256,591.4124,602.9471,1405,1,1,0,0,0.2989,2.081,goal,7143.0,-0.002638,0.420921,-0.872216,0.851188,4.638839,1.149152,0.302501,5.986726,0.407133,0.401968,-0.523877,1.0,,,,,,,,,,,,,,0,lstm
386,557003,188.9241,560.6904,747,0,0,1,0,2.2344,2.015,collision,7152.6,-0.063825,0.453178,-0.881977,0.874795,4.449162,1.238784,0.535744,5.964254,0.405317,0.401415,-0.503101,1.003839,,,,,,,,,,,,,,0,lstm
387,558486,595.6552,559.7191,1483,1,1,0,0,0.2993,2.045,goal,7171.6,-0.034593,0.441912,-0.88203,0.875537,4.6056,1.195894,0.571563,5.97146,0.420587,0.401045,-0.69081,1.0,,,,,,,,,,,,,,0,lstm
388,559946,603.1133,560.6431,1460,1,1,0,0,0.2977,2.048,goal,7192.9,0.001553,0.43607,-0.851194,0.86763,4.558317,1.220987,0.144908,5.98905,0.416148,0.397714,-0.511993,1.0,0.034755,0.002596,1.849455,0.005187,0.021028,0.052088,0.009924,0.05536,0.0001,,,,,0,lstm
389,561407,590.6513,560.7505,1461,1,1,0,0,0.2999,2.069,goal,7211.4,-0.019874,0.430331,-0.877672,0.873079,4.62113,1.174964,0.622645,5.97916,0.425836,0.401463,-0.562365,1.0,,,,,,,,,,,,,,0,lstm
390,562866,607.3036,561.4696,1459,1,1,0,0,0.2993,2.025,goal,7230.4,0.001899,0.442831,-0.889042,0.875928,4.514099,1.257508,0.256271,5.973236,0.402531,0.400343,-0.516714,1.0,,,,,,,,,,,,,,0,lstm
391,564406,607.593,561.0777,1540,1,1,0,0,0.299,2.02,goal,7250.3,-0.017843,0.451579,-0.888563,0.854125,4.530893,1.246118,0.14199,5.988185,0.409405,0.390244,-0.527147,1.0,,,,,,,,,,,,,,0,lstm
392,565828,600.0686,559.3623,1422,1,1,0,0,0.2992,2.066,goal,7271.4,-0.006999,0.424789,-0.870616,0.887941,4.607316,1.194361,0.290843,5.987129,0.406626,0.398478,-0.458946,1.0,0.005499,0.0012,1.84948,0.005171,0.016154,0.130048,0.005311,0.141717,0.0001,,,,,0,lstm
393,567144,374.1818,536.6441,1316,0,0,1,0,0.878,2.021,collision,7288.4,-0.054291,0.447999,-0.896802,0.874145,4.45725,1.241265,0.390857,5.974468,0.415397,0.393077,-0.631651,1.003825,,,,,,,,,,,,,,0,lstm
394,568682,611.8425,537.0746,1538,1,1,0,0,0.2991,2.032,goal,7308.7,-0.032078,0.443865,-0.886321,0.863877,4.540368,1.229161,0.391253,5.974213,0.419073,0.400582,-0.581585,1.00461,,,,,,,,,,,,,,0,lstm
395,570191,607.2174,538.6551,1509,1,1,0,0,0.2985,2.054,goal,7328.6,-0.019584,0.433084,-0.889978,0.853522,4.547812,1.196211,0.376546,5.989981,0.423949,0.401943,-0.516809,1.004288,,,,,,,,,,,,,,0,lstm
396,571647,591.9265,578.9553,1456,1,1,0,0,0.2992,2.057,goal,7349.6,-0.029868,0.434713,-0.883286,0.866998,4.574071,1.196983,0.370933,5.978157,0.420939,0.400433,-0.552435,1.0,0.035381,0.002477,1.849057,0.005154,0.019942,0.065999,0.006903,0.080284,0.0001,,,,,0,lstm
397,573116,608.3238,580.2222,1469,1,1,0,0,0.2999,2.051,goal,7367.9,0.005335,0.428229,-0.853665,0.869817,4.542218,1.255751,0.215286,5.977297,0.422954,0.398579,-0.452574,1.0,,,,,,,,,,,,,,0,lstm
398,573813,183.1109,538.2219,697,0,0,1,0,2.2259,2.025,collision,7376.8,-0.007943,0.449351,-0.885089,0.879187,4.38739,1.253051,0.398147,5.964487,0.40081,0.39696,-0.421683,1.0,,,,,,,,,,,,,,0,lstm
399,575293,614.2924,540.586,1480,1,1,0,0,0.2992,2.031,goal,7396.2,-0.000591,0.443755,-0.854464,0.870359,4.493587,1.238491,0.441177,5.969343,0.407407,0.400134,-0.493392,1.0,,,,,,,,,,,,,,0,lstm
400,576782,607.4255,540.5982,1489,1,1,0,0,0.2998,2.061,goal,7416.3,-0.033917,0.433439,-0.890423,0.882409,4.600371,1.166086,0.511147,5.989139,0.424199,0.401406,-0.512966,1.003262,0.026841,0.002722,1.849117,0.005138,0.016976,0.081426,0.004273,0.086443,0.0001,,,,,0,lstm
401,578204,600.1106,539.85,1422,1,1,0,0,0.2982,2.059,goal,7434.9,0.005749,0.425406,-0.869188,0.87186,4.531675,1.230511,0.520582,5.989522,0.408065,0.399272,-0.430758,1.0,,,,,,,,,,,,,,0,lstm
402,579714,608.0802,540.6512,1510,1,1,0,0,0.2982,2.041,goal,7454.5,-0.015835,0.438545,-0.858117,0.859235,4.569045,1.209629,0.386831,5.970117,0.423759,0.401958,-0.533434,1.000241,,,,,,,,,,,,,,0,lstm
403,581174,603.157,563.5487,1460,1,1,0,0,0.2985,2.058,goal,7473.6,0.004847,0.430278,-0.887994,0.874022,4.575707,1.188126,0.345795,5.978079,0.408029,0.400157,-0.458082,1.0,,,,,,,,,,,,,,0,lstm
404,582700,591.2376,561.4882,1526,1,1,0,0,0.2998,2.036,goal,7496.7,-0.055873,0.437663,-0.881468,0.882526,4.536891,1.236271,0.396228,5.974895,0.419561,0.39726,-0.642962,1.0,-0.008572,0.001193,1.849368,0.005122,0.015085,0.093138,0.008279,0.08981,0.0001,,,,,0,lstm
405,584185,615.3814,562.3046,1485,1,1,0,0,0.2973,2.04,goal,7516.0,0.022386,0.43983,-0.857948,0.864127,4.477546,1.213603,0.285732,5.985065,0.407092,0.400342,-0.635119,1.004882,,,,,,,,,,,,,,0,lstm
406,585700,599.9444,563.1064,1515,1,1,0,0,0.2988,2.028,goal,7535.5,-0.040962,0.447732,-0.885665,0.870277,4.575637,1.200495,0.144815,5.988563,0.422836,0.402299,-0.687136,1.0,,,,,,,,,,,,,,0,lstm
407,587190,614.4632,563.7203,1490,1,1,0,0,0.2984,2.035,goal,7554.9,0.018323,0.440736,-0.866459,0.8693,4.487693,1.224446,0.461635,5.97054,0.406093,0.401967,-0.572562,1.0,,,,,,,,,,,,,,0,lstm
408,588629,600.6592,605.4752,1439,1,1,0,0,0.2977,2.037,goal,7574.9,0.007541,0.435452,-0.876006,0.878524,4.50487,1.234706,0.217826,5.979483,0.403012,0.396124,-0.491163,1.0,-0.006076,0.001157,1.849458,0.005106,0.015902,0.111423,0.00603,0.119133,0.0001,,,,,0,lstm
409,590111,596.3097,603.6769,1482,1,1,0,0,0.2983,2.084,goal,7594.2,-0.03797,0.421822,-0.865457,0.834088,4.593676,1.172933,0.463726,5.981589,0.427215,0.404163,-0.721903,1.001096,,,,,,,,,,,,,,0,lstm
410,591558,602.2614,603.1605,1447,1,1,0,0,0.2981,2.058,goal,7613.0,-0.004198,0.42952,-0.879748,0.885472,4.465778,1.244693,0.208269,5.993941,0.405073,0.400007,-0.511281,1.0,,,,,,,,,,,,,,0,lstm
411,592280,186.0752,561.7569,722,0,0,1,0,2.2193,2.069,collision,7622.2,-0.068102,0.418575,-0.866027,0.850963,4.463038,1.19143,0.283504,5.951669,0.405349,0.40125,-0.468115,1.004693,,,,,,,,,,,,,,0,lstm
412,593729,604.5554,561.4044,1449,1,1,0,0,0.2986,2.062,goal,7642.6,-0.004288,0.429174,-0.865685,0.846653,4.54276,1.180641,0.270405,5.978013,0.406118,0.401767,-0.458966,1.0,0.028578,0.002592,1.849028,0.00509,0.021291,0.079804,0.006796,0.07956,0.0001,,,,,0,lstm
413,595225,614.1292,562.5017,1496,1,1,0,0,0.2978,2.051,goal,7661.9,-0.001454,0.431394,-0.862433,0.85048,4.514926,1.253461,0.307415,5.990506,0.4187,0.399076,-0.542419,1.005408,,,,,,,,,,,,,,0,lstm
414,596698,618.0227,565.1802,1473,1,1,0,0,0.2989,2.04,goal,7680.5,0.016302,0.427976,-0.866555,0.855174,4.399936,1.292773,0.345892,5.981729,0.409131,0.400795,-0.465779,1.00722,,,,,,,,,,,,,,0,lstm
415,598190,616.8393,565.326,1492,1,1,0,0,0.2979,2.045,goal,7699.4,-0.006492,0.431844,-0.875931,0.866261,4.450346,1.242535,0.213084,5.983497,0.407444,0.403092,-0.524889,1.007404,,,,,,,,,,,,,,0,lstm
416,599682,615.6485,566.8964,1492,1,1,0,0,0.2994,2.051,goal,7720.2,-0.012249,0.432016,-0.883549,0.856436,4.471431,1.210654,0.412684,5.976361,0.409511,0.402313,-0.598448,1.010084,-0.005287,0.00122,1.84872,0.005073,0.016597,0.116522,0.008306,0.118344,0.0001,,,,,0,lstm
417,601147,608.2521,566.2753,1465,1,1,0,0,0.2991,2.048,goal,7738.4,-0.007484,0.433753,-0.895194,0.874659,4.436236,1.283846,0.230295,5.972463,0.401571,0.397337,-0.57526,1.0,,,,,,,,,,,,,,0,lstm
418,602650,614.4598,567.6553,1503,1,1,0,0,0.3,2.02,goal,7758.0,-0.008611,0.450168,-0.883338,0.867131,4.423428,1.268185,0.218944,5.977236,0.403911,0.401669,-0.544181,1.0,,,,,,,,,,,,,,0,lstm
419,604141,618.979,569.9223,1491,1,1,0,0,0.299,2.029,goal,7777.5,0.014328,0.437841,-0.870739,0.874393,4.394868,1.304202,0.239429,5.984087,0.406726,0.3993,-0.587035,1.009387,,,,,,,,,,,,,,0,lstm
420,605603,610.6226,570.7584,1462,1,1,0,0,0.2971,2.047,goal,7798.5,0.017177,0.427896,-0.882753,0.853596,4.405677,1.294803,0.432056,5.975821,0.404284,0.398935,-0.496462,1.0,-0.00599,0.001152,1.847415,0.005057,0.013882,0.11524,0.005038,0.117554,0.0001,,,,,0,lstm
421,607092,616.5178,613.8026,1489,1,1,0,0,0.2994,2.047,goal,7818.4,-0.005712,0.434019,-0.892658,0.886633,4.459307,1.224412,0.144291,5.98933,0.406153,0.400012,-0.556376,1.006481,,,,,,,,,,,,,,0,lstm
422,608554,609.1614,614.2632,1462,1,1,0,0,0.2978,2.061,goal,7837.4,-0.005288,0.430004,-0.878308,0.865538,4.481936,1.203698,0.43221,5.98275,0.40778,0.401967,-0.496617,1.0,,,,,,,,,,,,,,0,lstm
423,610018,610.3814,613.8885,1464,1,1,0,0,0.3,2.05,goal,7856.4,0.001611,0.430004,-0.874786,0.868027,4.466668,1.255704,0.279483,5.969534,0.406259,0.400351,-0.436703,1.0,,,,,,,,,,,,,,0,lstm
424,611493,614.2251,613.5087,1475,1,1,0,0,0.2992,2.053,goal,7877.7,0.003599,0.43312,-0.889862,0.845386,4.525532,1.21425,0.243143,5.985579,0.40401,0.399333,-0.546805,1.004898,-0.008489,0.001197,1.846553,0.005041,0.013781,0.090801,0.003803,0.084818,0.0001,,,,,0,lstm
425,612944,603.3318,612.1579,1451,1,1,0,0,0.2979,2.033,goal,7896.1,0.026189,0.435756,-0.876126,0.872925,4.452266,1.28438,0.157553,5.982718,0.405539,0.400054,-0.516742,1.0,,,,,,,,,,,,,,0,lstm
426,614426,611.9097,611.7841,1482,1,1,0,0,0.2998,2.045,goal,7915.8,0.001509,0.444138,-0.886002,0.891473,4.547412,1.181051,0.202152,5.980958,0.402508,0.400988,-0.525621,1.0,,,,,,,,,,,,,,0,lstm
427,615899,607.2204,611.6809,1473,1,1,0,0,0.2995,2.052,goal,7934.8,-0.001866,0.432439,-0.877074,0.863877,4.482296,1.257692,0.311176,5.993456,0.416329,0.39801,-0.540405,1.0,,,,,,,,,,,,,,0,lstm
428,617410,614.769,611.7118,1511,1,1,0,0,0.2978,2.03,goal,7956.3,-0.018373,0.440475,-0.869158,0.868907,4.505932,1.257727,0.327451,5.985594,0.423275,0.399571,-0.50803,1.000806,-0.016252,0.001224,1.84576,0.005025,0.014865,0.098877,0.004769,0.073001,0.0001,,,,,0,lstm
429,618898,602.9869,610.1126,1488,1,1,0,0,0.299,2.034,goal,7975.6,0.001337,0.436417,-0.895178,0.871579,4.483498,1.257434,0.128252,5.986405,0.416234,0.398683,-0.54349,1.0,,,,,,,,,,,,,,0,lstm
430,620372,614.7405,610.5244,1474,1,1,0,0,0.299,2.034,goal,7994.8,0.002369,0.442849,-0.887129,0.850601,4.492636,1.232508,0.366884,5.977049,0.407059,0.401105,-0.521468,1.0,,,,,,,,,,,,,,0,lstm
431,621845,608.5336,609.726,1473,1,1,0,0,0.2979,2.043,goal,8014.0,-0.001843,0.441426,-0.874865,0.869879,4.522953,1.203855,0.236482,5.987138,0.407017,0.399766,-0.593435,1.0,,,,,,,,,,,,,,0,lstm
432,623292,607.376,609.5474,1447,1,1,0,0,0.2991,2.063,goal,8034.9,-0.000323,0.427527,-0.890513,0.866944,4.590926,1.187017,0.41878,5.990868,0.405897,0.398095,-0.491419,1.0,-0.006123,0.001066,1.843707,0.005009,0.012769,0.072252,0.005722,0.07052,0.0001,,,,,0,lstm
433,624741,606.7115,609.1805,1449,1,1,0,0,0.2981,2.071,goal,8053.2,-0.015026,0.42336,-0.862981,0.838069,4.516252,1.195897,0.486001,5.987731,0.40826,0.400357,-0.497747,1.0,,,,,,,,,,,,,,0,lstm
434,626232,610.5507,608.813,1491,1,1,0,0,0.2985,2.04,goal,8072.4,-0.024753,0.437874,-0.877999,0.851481,4.477253,1.242926,0.475703,5.976219,0.402737,0.400467,-0.518183,1.0,,,,,,,,,,,,,,0,lstm
435,627695,611.6113,609.641,1463,1,1,0,0,0.2977,2.066,goal,8091.5,0.012479,0.42199,-0.865369,0.850161,4.479395,1.23003,0.205981,5.974803,0.409472,0.40129,-0.520314,1.005329,,,,,,,,,,,,,,0,lstm
436,629179,615.4883,609.9988,1484,1,1,0,0,0.2973,2.036,goal,8112.7,0.028247,0.429703,-0.886232,0.862233,4.406596,1.286841,0.256992,5.972827,0.405916,0.400538,-0.617036,1.003513,-0.002844,0.001093,1.842731,0.004992,0.011966,0.124699,0.004892,0.129623,0.0001,,,,,0,lstm
437,630639,613.9814,610.6749,1460,1,1,0,0,0.2982,2.07,goal,8131.8,0.003733,0.424264,-0.884899,0.879036,4.495142,1.220311,0.369606,5.975613,0.408331,0.401415,-0.47462,1.008677,,,,,,,,,,,,,,0,lstm
438,632118,612.3695,610.435,1479,1,1,0,0,0.2993,2.052,goal,8150.8,-0.021794,0.433193,-0.881591,0.853135,4.505385,1.230121,0.308128,5.978451,0.410034,0.40257,-0.503638,1.001859,,,,,,,,,,,,,,0,lstm
439,633582,608.0381,610.9401,1464,1,1,0,0,0.2974,2.049,goal,8169.9,0.010639,0.430781,-0.873464,0.880217,4.452209,1.25362,0.213474,5.981815,0.406888,0.402661,-0.491486,1.0,,,,,,,,,,,,,,0,lstm
440,634991,592.641,608.7301,1409,1,1,0,0,0.2978,2.087,goal,8190.1,0.011217,0.414769,-0.828584,0.855354,4.537147,1.156425,0.527856,5.982557,0.404538,0.402844,-0.470289,1.0,-0.008782,0.001284,1.842103,0.004976,0.016607,0.13332,0.009173,0.138907,0.0001,,,,,0,lstm
441,636427,605.571,608.4339,1436,1,1,0,0,0.2993,2.073,goal,8209.1,0.012063,0.425143,-0.864972,0.867913,4.577687,1.186663,0.415706,5.987507,0.409565,0.401999,-0.42477,1.0,,,,,,,,,,,,,,0,lstm
442,637913,615.9809,609.2944,1486,1,1,0,0,0.2995,2.051,goal,8228.3,0.01558,0.430642,-0.892885,0.867312,4.483838,1.215883,0.193815,5.985832,0.403002,0.401928,-0.461363,1.008551,,,,,,,,,,,,,,0,lstm
443,639068,344.4114,583.0643,1155,0,0,1,0,1.1181,2.038,collision,8243.3,0.040111,0.429838,-0.852508,0.864837,4.445387,1.244002,0.162718,5.972536,0.398286,0.397792,-0.522675,1.001477,,,,,,,,,,,,,,0,lstm
444,640557,614.7792,583.4872,1489,1,1,0,0,0.2999,2.051,goal,8265.0,0.011,0.435274,-0.85306,0.856044,4.573787,1.195116,0.069215,5.983999,0.405625,0.40179,-0.633489,1.009796,0.03404,0.002334,1.841303,0.00496,0.01906,0.06094,0.005887,0.057522,0.0001,,,,,0,lstm
445,641960,593.8575,581.7118,1403,1,1,0,0,0.298,2.073,goal,8283.2,-0.007852,0.423225,-0.856317,0.841129,4.627753,1.157023,0.241688,5.981899,0.40847,0.401359,-0.454813,1.0,,,,,,,,,,,,,,0,lstm
446,643425,607.728,580.9358,1465,1,1,0,0,0.2979,2.058,goal,8302.2,0.026862,0.423917,-0.865316,0.881463,4.534369,1.26199,0.325344,5.978827,0.402882,0.401401,-0.564319,1.0,,,,,,,,,,,,,,0,lstm
447,644891,610.3558,580.5732,1466,1,1,0,0,0.297,2.071,goal,8321.3,-0.004156,0.424425,-0.859245,0.848135,4.595067,1.163723,0.593477,5.981073,0.410751,0.4031,-0.49094,1.005341,,,,,,,,,,,,,,0,lstm
448,646356,608.9545,580.2317,1465,1,1,0,0,0.2987,2.067,goal,8344.4,-0.016991,0.427066,-0.868881,0.871654,4.587316,1.187001,0.431899,5.988973,0.409803,0.403553,-0.534737,1.000585,-0.004269,0.001167,1.840925,0.004944,0.014926,0.14606,0.007686,0.152218,0.0001,,,,,0,lstm
449,647819,614.7322,580.9012,1463,1,1,0,0,0.2997,2.064,goal,8363.4,0.015191,0.426732,-0.845275,0.861554,4.583181,1.180849,0.656073,5.975133,0.411297,0.401574,-0.460177,1.008327,,,,,,,,,,,,,,0,lstm
450,649318,612.4469,582.8817,1499,1,1,0,0,0.2989,2.033,goal,8382.3,-0.026784,0.437617,-0.85794,0.87799,4.547726,1.24658,0.174808,5.976779,0.420877,0.399999,-0.624583,1.001461,,,,,,,,,,,,,,0,lstm
451,650743,597.5246,582.0771,1425,1,1,0,0,0.2992,2.058,goal,8400.9,-0.000759,0.430915,-0.880799,0.871117,4.615107,1.166769,0.4322,5.981411,0.406165,0.398321,-0.487334,1.0,,,,,,,,,,,,,,0,lstm
452,652191,599.8361,580.4626,1448,1,1,0,0,0.2974,2.066,goal,8423.0,-0.014343,0.424571,-0.877368,0.851556,4.559694,1.231657,0.441795,5.992568,0.421448,0.399068,-0.591749,1.0,-0.00833,0.001179,1.8408,0.004928,0.013368,0.118726,0.006444,0.121728,0.0001,,,,,0,lstm
453,653642,608.1459,606.8361,1451,1,1,0,0,0.2981,2.069,goal,8442.2,-0.008111,0.423201,-0.876185,0.84856,4.533369,1.201483,0.244016,5.982785,0.408171,0.400429,-0.442131,1.000682,,,,,,,,,,,,,,0,lstm
454,655090,607.0668,606.0648,1448,1,1,0,0,0.2978,2.073,goal,8461.2,0.004015,0.422685,-0.831052,0.853595,4.536898,1.189185,0.453374,5.984768,0.409653,0.401656,-0.484019,1.0,,,,,,,,,,,,,,0,lstm
455,656553,613.3861,608.0177,1463,1,1,0,0,0.299,2.071,goal,8479.9,0.010709,0.425525,-0.8742,0.887669,4.578977,1.170481,0.418196,5.968466,0.408538,0.401538,-0.480452,1.008985,,,,,,,,,,,,,,0,lstm
456,657953,594.9189,606.7368,1400,1,1,0,0,0.2976,2.076,goal,8501.2,0.010644,0.420299,-0.883854,0.840464,4.536605,1.193697,0.176022,5.98485,0.405648,0.400186,-0.411505,1.0,-0.013539,0.001134,1.840342,0.004911,0.012479,0.108302,0.007929,0.111671,0.0001,,,,,0,lstm
457,659432,611.2463,606.8258,1479,1,1,0,0,0.2992,2.053,goal,8520.6,-0.006811,0.431297,-0.862702,0.848363,4.553175,1.189528,0.393302,5.989289,0.408319,0.404908,-0.649615,1.006181,,,,,,,,,,,,,,0,lstm
458,660883,607.8386,606.7142,1451,1,1,0,0,0.2996,2.066,goal,8539.5,0.016066,0.419262,-0.892532,0.870552,4.499954,1.231367,0.230353,5.988941,0.405239,0.401692,-0.46931,1.0,,,,,,,,,,,,,,0,lstm
459,662336,597.6027,605.0013,1453,1,1,0,0,0.2988,2.045,goal,8558.5,-0.026397,0.430935,-0.848325,0.868099,4.479606,1.265421,0.445606,5.977296,0.416082,0.397249,-0.665665,1.0,,,,,,,,,,,,,,0,lstm
460,663789,608.0038,604.557,1453,1,1,0,0,0.2999,2.068,goal,8579.6,0.024261,0.42007,-0.872796,0.844471,4.50869,1.240929,0.410031,5.986222,0.408307,0.402592,-0.600771,1.002282,0.004561,0.001077,1.839779,0.004895,0.01134,0.093396,0.003389,0.093659,0.0001,,,,,0,lstm
461,666255,50.7136,549.8759,2466,0,0,1,0,1.0755,2.01,collision,8611.8,-0.143927,0.432393,-0.887429,0.865476,4.35136,1.27282,0.217581,5.975518,0.354971,0.420438,-0.999999,1.0,,,,,,,,,,,,,,0,lstm
462,667701,605.543,550.4466,1446,1,1,0,0,0.2983,2.072,goal,8630.6,0.014639,0.423382,-0.859382,0.873138,4.539452,1.232077,0.453713,5.98864,0.408763,0.401006,-0.602325,1.0,,,,,,,,,,,,,,0,lstm
463,669158,609.5898,550.591,1457,1,1,0,0,0.2977,2.082,goal,8649.6,0.012664,0.41544,-0.863558,0.876447,4.539981,1.176206,0.340815,5.996264,0.406942,0.401653,-0.532134,1.010191,,,,,,,,,,,,,,0,lstm
464,670597,600.5897,549.9433,1439,1,1,0,0,0.2996,2.067,goal,8670.8,-0.000682,0.422745,-0.890124,0.865873,4.450343,1.244609,0.272716,5.981398,0.402717,0.402963,-0.513539,1.0,-0.00044,0.005251,1.840141,0.004879,0.041812,0.103305,0.013734,0.103924,0.0001,,,,,0,lstm
465,671940,335.2498,522.1296,1343,0,0,1,0,1.0417,2.05,collision,8688.5,-0.066913,0.43055,-0.860535,0.866434,4.402974,1.244206,0.123258,5.95875,0.376901,0.396398,-0.996719,1.003153,,,,,,,,,,,,,,0,lstm
466,673400,611.2696,523.7647,1460,1,1,0,0,0.2988,2.055,goal,8707.5,0.005073,0.427724,-0.8778,0.878663,4.394186,1.252474,0.420458,5.992173,0.40616,0.402702,-0.501569,1.0,,,,,,,,,,,,,,0,lstm
467,674796,592.0556,521.8456,1396,1,1,0,0,0.2994,2.075,goal,8725.9,0.01005,0.415834,-0.826508,0.871924,4.531532,1.242344,0.323182,5.990812,0.407518,0.40212,-0.392694,1.0,,,,,,,,,,,,,,0,lstm
468,676285,611.4043,522.2022,1489,1,1,0,0,0.2984,2.048,goal,8747.8,-0.021669,0.431281,-0.87468,0.861918,4.527133,1.247197,0.448578,5.983074,0.404484,0.404208,-0.527805,1.002821,0.020443,0.001932,1.840933,0.004863,0.027302,0.075393,0.015821,0.081882,0.0001,,,,,0,lstm
469,677758,605.1913,522.9611,1473,1,1,0,0,0.2995,2.027,goal,8767.1,-0.03836,0.439771,-0.8553,0.863809,4.42071,1.288564,0.320937,5.977166,0.418591,0.399764,-0.630254,1.0,,,,,,,,,,,,,,0,lstm
470,679189,602.2913,522.3898,1431,1,1,0,0,0.298,2.066,goal,8786.0,0.018146,0.417836,-0.84427,0.854296,4.463332,1.225037,0.496894,5.980977,0.405617,0.402862,-0.489194,1.0,,,,,,,,,,,,,,0,lstm
471,680620,603.6082,577.6793,1431,1,1,0,0,0.2984,2.063,goal,8804.9,0.008233,0.421794,-0.850301,0.847524,4.491743,1.22932,0.41561,5.965456,0.407022,0.401608,-0.407733,1.0,,,,,,,,,,,,,,0,lstm
472,682075,612.7308,578.3981,1455,1,1,0,0,0.2976,2.075,goal,8824.5,-0.005597,0.419983,-0.864007,0.869349,4.512337,1.209076,0.189979,5.981289,0.409458,0.402819,-0.449487,1.008165,0.00391,0.001293,1.841307,0.004847,0.015964,0.144768,0.004463,0.155758,0.0001,,,,,0,lstm
473,683496,599.1116,577.3502,1421,1,1,0,0,0.2994,2.085,goal,8843.0,-0.004693,0.416152,-0.854416,0.862254,4.509935,1.190395,0.264557,5.971473,0.406541,0.402954,-0.474528,1.0,,,,,,,,,,,,,,0,lstm
474,685924,58.9785,523.1891,2428,0,0,1,0,1.1115,2.011,collision,8875.0,-0.156612,0.422042,-0.883337,0.887373,4.343927,1.288235,0.307814,5.975556,0.359457,0.419868,-1.0,1.0,,,,,,,,,,,,,,0,lstm
475,687398,597.0843,549.3726,1474,1,1,0,0,0.2975,2.048,goal,8894.2,-0.023565,0.434992,-0.874613,0.886019,4.534154,1.227151,0.336656,5.987333,0.402072,0.40411,-0.599416,1.0,,,,,,,,,,,,,,0,lstm
476,688828,601.3419,548.3798,1430,1,1,0,0,0.298,2.054,goal,8915.3,-0.001264,0.426942,-0.880212,0.855203,4.504238,1.242012,0.492647,5.990729,0.407645,0.401275,-0.439659,1.0,0.004364,0.005235,1.840673,0.00483,0.044061,0.120002,0.016781,0.136143,0.0001,,,,,0,lstm
477,690254,598.7323,549.0475,1426,1,1,0,0,0.2994,2.07,goal,8933.4,-0.009403,0.424758,-0.87286,0.857669,4.51284,1.227186,0.316828,5.993032,0.405049,0.400247,-0.422888,1.0,,,,,,,,,,,,,,0,lstm
478,692709,77.5416,495.6612,2455,0,0,1,0,1.0739,1.993,collision,8964.7,-0.15539,0.436577,-0.888569,0.862331,4.335706,1.274605,0.227181,5.984787,0.355349,0.418073,-1.0,1.0,,,,,,,,,,,,,,0,lstm
479,694204,614.0854,496.5506,1495,1,1,0,0,0.2999,2.054,goal,8984.5,-0.026848,0.429969,-0.869019,0.878259,4.532506,1.265094,0.321251,5.987201,0.405011,0.40449,-0.592752,1.011954,,,,,,,,,,,,,,0,lstm
480,696671,11.0827,437.4297,2467,0,0,1,0,1.1489,1.982,collision,9018.7,-0.155436,0.440303,-0.895028,0.866705,4.337367,1.302258,0.151022,5.972484,0.352478,0.417895,-1.0,1.002783,-0.000131,0.007452,1.840486,0.004814,0.063249,0.120251,0.018795,0.145608,0.0001,,,,,0,lstm
481,699129,53.7228,382.4412,2458,0,0,1,0,1.0949,1.979,collision,9051.1,-0.13427,0.445698,-0.889848,0.870852,4.342356,1.286297,0.260953,5.977729,0.356707,0.418845,-0.999999,1.0,,,,,,,,,,,,,,0,lstm
482,700556,598.3256,381.0007,1427,1,1,0,0,0.2988,2.081,goal,9069.9,-0.016503,0.417457,-0.881122,0.848707,4.598948,1.1936,0.442518,5.986715,0.40558,0.401092,-0.443363,1.0,,,,,,,,,,,,,,0,lstm
483,702986,61.6733,327.2568,2430,0,0,1,0,1.1003,1.999,collision,9101.7,-0.152175,0.436856,-0.89278,0.865218,4.375209,1.251999,0.163179,5.992712,0.357518,0.418648,-0.999999,1.0,,,,,,,,,,,,,,0,lstm
484,704447,606.1279,381.9718,1461,1,1,0,0,0.2984,2.069,goal,9124.5,0.013001,0.42136,-0.864007,0.860357,4.541168,1.221678,0.398232,5.990077,0.405072,0.401756,-0.575166,1.001719,0.001067,0.007261,1.842048,0.004798,0.056138,0.12767,0.01266,0.148096,0.0001,,,,,0,lstm
485,705901,604.4846,382.7118,1454,1,1,0,0,0.2998,2.052,goal,9143.7,-0.011406,0.426801,-0.87952,0.84856,4.542404,1.241511,0.342865,5.979667,0.40526,0.402137,-0.444845,1.0,,,,,,,,,,,,,,0,lstm
486,707362,612.8851,383.8661,1461,1,1,0,0,0.2983,2.07,goal,9163.0,0.006326,0.422053,-0.880153,0.857072,4.566823,1.237074,0.433445,5.986238,0.407877,0.402373,-0.454095,1.008487,,,,,,,,,,,,,,0,lstm
487,708828,605.7253,384.5654,1466,1,1,0,0,0.2975,2.069,goal,9182.4,-0.017455,0.424208,-0.86392,0.83241,4.660553,1.148024,0.358046,5.989077,0.411106,0.404431,-0.557816,1.000927,,,,,,,,,,,,,,0,lstm
488,710291,614.3382,438.2451,1463,1,1,0,0,0.2971,2.069,goal,9204.4,0.015898,0.42439,-0.856111,0.870014,4.565685,1.187752,0.543059,5.994517,0.407216,0.402009,-0.431764,1.008808,0.006226,0.002217,1.843479,0.004782,0.022775,0.114581,0.009296,0.119025,0.0001,,,,,0,lstm
489,711726,602.0184,437.0384,1435,1,1,0,0,0.2978,2.045,goal,9223.0,0.012488,0.430705,-0.845568,0.869701,4.538008,1.260406,0.323189,5.9871,0.404018,0.402462,-0.412673,1.0,,,,,,,,,,,,,,0,lstm
490,714189,66.5434,442.5845,2463,0,0,1,0,1.102,1.992,collision,9255.3,-0.15522,0.437909,-0.883565,0.863134,4.357383,1.274425,0.14299,5.974652,0.356619,0.417896,-1.0,1.00611,,,,,,,,,,,,,,0,lstm
491,715615,594.9581,496.708,1426,1,1,0,0,0.2994,2.063,goal,9274.1,-0.014554,0.420312,-0.846478,0.857763,4.543807,1.260339,0.285425,5.992156,0.407849,0.403627,-0.50894,1.0,,,,,,,,,,,,,,0,lstm
492,717074,609.7209,497.8475,1459,1,1,0,0,0.2984,2.058,goal,9295.2,0.00915,0.424486,-0.890304,0.861873,4.515961,1.258584,0.237074,5.995746,0.401044,0.400923,-0.453994,1.000588,-0.022372,0.005412,1.844327,0.004766,0.042574,0.086885,0.012387,0.075306,0.0001,,,,,0,lstm
493,718493,596.1664,551.2968,1419,1,1,0,0,0.2988,2.061,goal,9314.0,-0.002904,0.427049,-0.873482,0.861183,4.568423,1.207079,0.327426,5.970128,0.400907,0.400713,-0.524864,1.0,,,,,,,,,,,,,,0,lstm
494,719953,612.5095,551.935,1460,1,1,0,0,0.2986,2.063,goal,9333.0,0.003657,0.430712,-0.882039,0.873944,4.602224,1.180567,0.207366,5.987881,0.408306,0.402813,-0.472852,1.002779,,,,,,,,,,,,,,0,lstm
495,722346,84.1585,499.9024,2393,0,0,1,0,1.0672,1.997,collision,9364.3,-0.145677,0.440067,-0.886657,0.863175,4.368001,1.29296,0.189652,5.990414,0.358501,0.419231,-1.0,1.0,,,,,,,,,,,,,,0,lstm
496,724824,43.3875,442.9526,2478,0,0,1,0,1.0696,1.982,collision,9399.7,-0.16726,0.43871,-0.882746,0.849361,4.365869,1.299151,0.127047,5.978202,0.3573,0.422012,-1.0,1.0,0.001283,0.006715,1.846042,0.004749,0.052831,0.095764,0.007448,0.090459,0.0001,,,,,0,lstm
497,726303,603.4399,442.7241,1479,1,1,0,0,0.2973,2.076,goal,9419.2,-0.022296,0.425338,-0.875172,0.869576,4.66005,1.147812,0.477285,5.983008,0.408172,0.40437,-0.659958,1.004226,,,,,,,,,,,,,,0,lstm
498,727760,604.6974,441.76,1457,1,1,0,0,0.2979,2.06,goal,9438.4,0.034837,0.424246,-0.849031,0.877143,4.528565,1.239859,0.195229,5.989355,0.404593,0.402008,-0.652812,1.0,,,,,,,,,,,,,,0,lstm
499,729176,598.2472,441.3829,1416,1,1,0,0,0.2994,2.061,goal,9456.8,0.001362,0.428269,-0.858858,0.858542,4.615202,1.198154,0.223583,5.990754,0.40745,0.402293,-0.44248,1.0,,,,,,,,,,,,,,0,lstm
500,730597,594.3121,494.1597,1421,1,1,0,0,0.2999,2.072,goal,9477.5,0.005891,0.418978,-0.851861,0.879909,4.668153,1.196187,0.28095,5.986499,0.405694,0.402023,-0.461174,1.0,0.003832,0.002923,1.846076,0.004733,0.019364,0.109378,0.007004,0.107213,0.0001,,,,,0,lstm
