episode,global_step,reward,avg10,length,success,goal_touched,collision,timeout,min_dist,avg_speed_ms,end_reason,elapsed_s,act0_mean,act0_std,act0_min,act0_max,act1_mean,act1_std,act1_min,act1_max,obs_mean,obs_std,obs_min,obs_max,actor_loss,critic_loss,policy_entropy,entropy_coef,value_residual,grad_norm_actor,grad_norm_critic,grad_norm_rnn,lr_actor,lr_critic,alpha,alpha_loss,target_update_magnitude,replay_buffer_size,recurrent_cell
1,1431,600.6689,600.6689,1431,1,1,0,0,0.2995,2.091,goal,19.1,-0.001258,0.424835,-0.861016,0.874807,4.995239,0.976787,0.697599,5.989598,0.381029,0.395844,-0.644082,1.0,,,,,,,,,,,,,,0,gru
2,1449,-44.719,277.9749,18,0,0,1,0,3.8727,2.143,collision,19.4,-0.0376,0.383027,-0.697721,0.586716,4.989586,0.774563,2.711371,5.928903,0.246847,0.3527,-0.386535,1.0,,,,,,,,,,,,,,0,gru
3,2909,606.8492,387.5997,1460,1,1,0,0,0.2978,2.086,goal,38.6,0.014631,0.43167,-0.866539,0.883369,5.00025,0.955521,0.696191,5.986169,0.378903,0.396427,-0.63775,1.0,,,,,,,,,,,,,,0,gru
4,4339,596.7992,439.8996,1430,1,1,0,0,0.2993,2.095,goal,59.4,-0.005699,0.42343,-0.888413,0.840039,5.011947,0.968891,0.578199,5.992726,0.382786,0.395947,-0.694105,1.0,0.028892,0.001452,1.799903,0.004994,0.019633,0.117668,0.005509,0.07427,3.7e-05,,,,,0,gru
5,5773,600.4867,472.017,1434,1,1,0,0,0.2976,2.092,goal,78.0,0.003705,0.426427,-0.861886,0.849687,4.996891,0.964212,0.380768,5.985217,0.384393,0.396083,-0.546186,1.0,,,,,,,,,,,,,,0,gru
6,7239,612.8955,495.4968,1466,1,1,0,0,0.2995,2.105,goal,97.2,0.012351,0.419339,-0.855982,0.863318,5.013335,0.936294,0.85223,5.985638,0.383997,0.397706,-0.681276,1.010937,,,,,,,,,,,,,,0,gru
7,7573,52.8307,432.2587,334,0,0,1,0,3.1484,2.036,collision,101.6,0.034651,0.450567,-0.831906,0.843487,4.860301,1.073563,0.874805,5.972764,0.370639,0.394032,-0.68667,1.0,,,,,,,,,,,,,,0,gru
8,9026,606.8708,454.0853,1453,1,1,0,0,0.2996,2.094,goal,121.7,0.005663,0.423811,-0.873589,0.862934,5.037019,0.930021,0.747792,5.984585,0.384856,0.397331,-0.739557,1.000998,0.019162,0.002194,1.799926,0.004982,0.01917,0.066321,0.005534,0.041295,4.9e-05,,,,,0,gru
9,10472,607.1659,471.0942,1446,1,1,0,0,0.2981,2.11,goal,140.4,0.001052,0.416726,-0.866887,0.858296,4.993995,0.944093,0.54204,5.985127,0.386729,0.396873,-0.609182,1.004678,,,,,,,,,,,,,,0,gru
10,11910,602.68,484.2528,1438,1,1,0,0,0.2986,2.102,goal,159.0,0.017531,0.418657,-0.8762,0.864118,5.059598,0.925874,0.580724,5.988987,0.387662,0.398213,-0.665872,1.0,,,,,,,,,,,,,,0,gru
11,13354,608.5281,485.0387,1444,1,1,0,0,0.3,2.099,goal,178.3,0.013014,0.415603,-0.838377,0.860844,4.993212,0.990757,0.528112,5.992442,0.385293,0.395405,-0.560968,1.003939,,,,,,,,,,,,,,0,gru
12,14793,605.514,550.062,1439,1,1,0,0,0.2991,2.086,goal,199.2,0.008646,0.430132,-0.881684,0.863624,5.022566,0.928338,1.022321,5.986081,0.384312,0.396405,-0.566439,1.0,-0.01465,0.000884,1.800071,0.00497,0.013819,0.082654,0.004082,0.055733,6.1e-05,,,,,0,gru
13,16215,597.7367,549.1508,1422,1,1,0,0,0.2998,2.105,goal,217.2,0.02573,0.416226,-0.846424,0.841667,4.980711,0.979156,0.356642,5.989097,0.385237,0.397231,-0.676326,1.0,,,,,,,,,,,,,,0,gru
14,17616,594.6291,548.9338,1401,1,1,0,0,0.2988,2.111,goal,235.3,0.000931,0.415343,-0.875373,0.84975,4.987653,0.971906,0.580763,5.989053,0.384594,0.395255,-0.639103,1.0,,,,,,,,,,,,,,0,gru
15,19035,601.8022,549.0653,1419,1,1,0,0,0.299,2.106,goal,254.2,0.001768,0.417871,-0.861825,0.847429,4.96444,0.97906,0.841756,5.990058,0.382398,0.395398,-0.545384,1.0,,,,,,,,,,,,,,0,gru
16,19378,60.6698,493.8427,343,0,0,1,0,3.1483,2.053,collision,260.8,0.148438,0.431083,-0.787821,0.870737,4.933771,1.042939,0.21523,5.994151,0.376606,0.395934,-0.714749,1.0,0.045841,0.001993,1.79984,0.004958,0.016271,0.085484,0.005943,0.056483,7.3e-05,,,,,0,gru
17,20822,606.4639,549.2061,1444,1,1,0,0,0.2994,2.092,goal,279.7,-0.000691,0.42671,-0.852317,0.854091,5.038034,0.956725,0.287096,5.994462,0.381626,0.396363,-0.561532,1.0,,,,,,,,,,,,,,0,gru
18,22262,598.5275,548.3717,1440,1,1,0,0,0.2991,2.098,goal,298.7,0.027105,0.419462,-0.850221,0.884453,5.042583,0.938655,0.68316,5.984945,0.389591,0.398598,-0.72718,1.0,,,,,,,,,,,,,,0,gru
19,23700,604.1252,548.0677,1438,1,1,0,0,0.2983,2.099,goal,317.3,0.00858,0.420272,-0.844658,0.872071,5.020717,0.972888,0.61836,5.99116,0.384698,0.396002,-0.643398,1.0,,,,,,,,,,,,,,0,gru
20,25093,592.7169,547.0713,1393,1,1,0,0,0.2988,2.109,goal,337.7,0.003883,0.415819,-0.853249,0.872846,5.028749,0.919347,0.763624,5.993004,0.383986,0.395281,-0.60377,1.0,-0.018784,0.000896,1.799981,0.004946,0.012866,0.082061,0.002814,0.051069,8.5e-05,,,,,0,gru
21,26532,602.1494,546.4335,1439,1,1,0,0,0.2991,2.092,goal,356.1,0.031032,0.421996,-0.884087,0.879127,4.960742,0.950983,0.51974,5.984457,0.386734,0.398836,-0.680547,1.0,,,,,,,,,,,,,,0,gru
22,27934,594.3625,545.3183,1402,1,1,0,0,0.2982,2.119,goal,374.2,0.013671,0.409109,-0.847014,0.857045,5.055714,0.912383,0.415361,5.992752,0.38836,0.396566,-0.581532,1.0,,,,,,,,,,,,,,0,gru
23,29392,604.9868,546.0433,1458,1,1,0,0,0.2978,2.107,goal,393.2,0.033726,0.414591,-0.875691,0.85279,5.03944,0.942288,0.454259,5.989192,0.383854,0.39652,-0.714191,1.004502,,,,,,,,,,,,,,0,gru
24,30917,592.6681,545.8472,1525,1,1,0,0,0.2986,2.083,goal,414.0,-0.024544,0.432837,-0.863056,0.873572,4.996881,0.92607,1.169923,5.994619,0.396169,0.403944,-0.942701,1.0,-0.019053,0.001056,1.799924,0.004934,0.016014,0.093669,0.008075,0.055501,9.7e-05,,,,,0,gru
25,32328,596.8829,545.3553,1411,1,1,0,0,0.2997,2.114,goal,431.8,0.0108,0.414966,-0.850986,0.856462,5.024985,0.945556,0.665731,5.989028,0.385562,0.396286,-0.609318,1.0,,,,,,,,,,,,,,0,gru
26,33884,600.8214,599.3705,1556,1,1,0,0,0.2972,2.09,goal,452.2,-0.038556,0.423148,-0.883235,0.866444,4.972846,1.020785,0.644477,5.98582,0.397297,0.404786,-0.936836,1.0,,,,,,,,,,,,,,0,gru
27,35319,606.4743,599.3715,1435,1,1,0,0,0.2998,2.12,goal,471.1,0.013737,0.411076,-0.846678,0.864011,5.02369,0.913652,0.677395,5.985417,0.383524,0.393314,-0.592373,1.006799,,,,,,,,,,,,,,0,gru
28,36734,599.0674,599.4255,1415,1,1,0,0,0.2973,2.107,goal,491.4,0.009718,0.414378,-0.853582,0.86908,5.033453,0.926975,0.616929,5.988744,0.384123,0.396506,-0.56521,1.0,-0.021612,0.001089,1.799004,0.004922,0.014516,0.097634,0.008248,0.063468,0.0001,,,,,0,gru
29,38148,591.4859,598.1616,1414,1,1,0,0,0.299,2.106,goal,509.7,0.03661,0.415333,-0.842088,0.859578,4.937088,1.011032,0.480561,5.987518,0.385463,0.396055,-0.746986,1.0,,,,,,,,,,,,,,0,gru
30,39550,596.9975,598.5896,1402,1,1,0,0,0.2995,2.112,goal,528.3,0.005448,0.41485,-0.848852,0.871464,4.983415,0.945111,1.143393,5.990265,0.387592,0.395105,-0.611014,1.0,,,,,,,,,,,,,,0,gru
31,39582,-40.5884,534.3158,32,0,0,1,0,3.8693,1.963,collision,528.8,-0.243779,0.432302,-0.815875,0.672618,4.756586,1.103588,1.840533,5.926786,0.259248,0.356485,-0.477394,1.0,,,,,,,,,,,,,,0,gru
32,41008,603.9783,535.2774,1426,1,1,0,0,0.2997,2.092,goal,549.8,0.013574,0.423484,-0.854145,0.87647,4.991631,0.97966,0.741922,5.984509,0.384873,0.395246,-0.559817,1.0,0.018278,0.001295,1.798222,0.00491,0.016221,0.055525,0.01011,0.037659,0.0001,,,,,0,gru
33,42433,603.3389,535.1126,1425,1,1,0,0,0.2981,2.1,goal,568.9,0.008339,0.414878,-0.871388,0.841307,4.967494,0.981403,0.828328,5.997689,0.382827,0.395138,-0.559317,1.0,,,,,,,,,,,,,,0,gru
34,43892,604.8239,536.3282,1459,1,1,0,0,0.2988,2.088,goal,588.3,0.031549,0.42801,-0.839403,0.878388,4.999483,0.95499,0.466217,5.989594,0.385817,0.397557,-0.807848,1.0,,,,,,,,,,,,,,0,gru
35,45297,596.0729,536.2472,1405,1,1,0,0,0.2991,2.112,goal,607.2,0.024219,0.408982,-0.853132,0.84144,4.946902,1.009405,0.300119,5.988773,0.386491,0.396836,-0.577087,1.0,,,,,,,,,,,,,,0,gru
36,46704,599.4374,536.1088,1407,1,1,0,0,0.2995,2.105,goal,628.8,-0.002315,0.41414,-0.868872,0.833002,4.941528,0.996609,0.52318,5.989329,0.383467,0.39395,-0.601573,1.0,-0.015807,0.000813,1.798041,0.004898,0.015753,0.136765,0.010958,0.090482,0.0001,,,,,0,gru
37,48245,602.9868,535.7601,1541,1,1,0,0,0.2984,2.095,goal,648.8,-0.02835,0.423173,-0.875216,0.874857,5.050411,0.930961,0.864443,5.985735,0.392682,0.401615,-0.88447,1.009178,,,,,,,,,,,,,,0,gru
38,48563,56.8497,481.5383,318,0,0,1,0,3.1459,2.091,collision,653.2,0.087165,0.408772,-0.837058,0.866713,4.811977,1.103121,0.669391,5.973039,0.368838,0.392256,-0.399251,1.0,,,,,,,,,,,,,,0,gru
39,49976,590.1313,481.4028,1413,1,1,0,0,0.2983,2.098,goal,672.1,0.046128,0.419407,-0.859342,0.866714,5.036749,0.945025,0.362782,5.988374,0.383858,0.396528,-0.757543,1.0,,,,,,,,,,,,,,0,gru
40,51401,602.9944,482.0025,1425,1,1,0,0,0.2993,2.102,goal,692.5,0.025466,0.419249,-0.866163,0.8594,4.991343,0.958624,1.060423,5.98838,0.384508,0.396344,-0.547399,1.0,0.026538,0.002169,1.797872,0.004886,0.016268,0.10896,0.005023,0.078565,0.0001,,,,,0,gru
41,52954,576.7633,543.7377,1553,1,1,0,0,0.2979,2.075,goal,713.3,-0.028136,0.438117,-0.877243,0.872568,5.017969,0.931649,0.815952,5.987903,0.391373,0.40549,-0.9962,1.0,,,,,,,,,,,,,,0,gru
42,54494,601.791,543.519,1540,1,1,0,0,0.2984,2.09,goal,734.0,-0.021662,0.424719,-0.852062,0.860379,5.010395,0.949067,0.367203,5.985181,0.392753,0.401713,-0.888255,1.01117,,,,,,,,,,,,,,0,gru
43,55908,598.0955,542.9946,1414,1,1,0,0,0.2985,2.106,goal,752.9,0.02564,0.417376,-0.846456,0.846265,5.012155,0.978772,0.444627,5.982015,0.382281,0.394929,-0.585463,1.0,,,,,,,,,,,,,,0,gru
44,56270,64.3643,488.9487,362,0,0,1,0,3.1221,2.046,collision,759.6,0.171659,0.420628,-0.832045,0.882516,5.052487,0.97952,0.974118,5.98261,0.375509,0.395228,-0.763036,1.0,0.040136,0.00241,1.79777,0.004874,0.019115,0.077654,0.005148,0.052675,0.0001,,,,,0,gru
45,57765,589.6479,488.3062,1495,1,1,0,0,0.2985,2.077,goal,779.7,-0.040187,0.435789,-0.870722,0.863254,4.975639,0.942228,0.942412,5.994127,0.395128,0.402238,-0.919361,1.0,,,,,,,,,,,,,,0,gru
46,59188,600.6831,488.4307,1423,1,1,0,0,0.2986,2.093,goal,798.9,0.001077,0.424381,-0.868925,0.880233,4.955086,0.999962,0.463731,5.991645,0.38393,0.395385,-0.627839,1.0,,,,,,,,,,,,,,0,gru
47,60611,594.897,487.6218,1423,1,1,0,0,0.2993,2.093,goal,818.0,0.033948,0.422125,-0.863491,0.845038,4.980091,0.988041,0.800943,5.983188,0.384472,0.397679,-0.740971,1.0,,,,,,,,,,,,,,0,gru
48,60666,-33.2217,478.6146,55,0,0,1,0,3.8455,1.899,collision,820.3,-0.232256,0.412348,-0.783989,0.593213,4.399251,1.354612,0.711983,5.924788,0.270262,0.35475,-0.488698,1.0,-0.000321,0.001278,1.797375,0.004862,0.016853,0.141297,0.009629,0.095044,0.0001,,,,,0,gru
49,61016,55.2602,425.1275,350,0,0,1,0,3.198,2.015,collision,825.1,0.123458,0.45691,-0.815848,0.850677,4.883209,1.072244,0.399638,5.972933,0.377028,0.395867,-0.835945,1.0,,,,,,,,,,,,,,0,gru
50,62460,604.8067,425.3087,1444,1,1,0,0,0.2981,2.114,goal,844.5,0.033181,0.407298,-0.848148,0.875603,4.997986,0.996351,0.466819,5.988175,0.382751,0.396201,-0.695177,1.006004,,,,,,,,,,,,,,0,gru
51,63871,591.353,426.7677,1411,1,1,0,0,0.2987,2.109,goal,863.7,0.0279,0.414929,-0.862542,0.883369,5.057513,0.906982,0.507154,5.991111,0.383153,0.39726,-0.620407,1.0,,,,,,,,,,,,,,0,gru
52,65289,595.6195,426.1506,1418,1,1,0,0,0.2999,2.104,goal,884.3,0.006562,0.417477,-0.853541,0.872395,5.014839,0.945516,0.750896,5.990226,0.379885,0.396322,-0.637517,1.0,0.027508,0.001603,1.796827,0.00485,0.016388,0.179302,0.004482,0.129389,0.0001,,,,,0,gru
53,66727,600.7867,426.4197,1438,1,1,0,0,0.2978,2.101,goal,903.5,0.03275,0.421789,-0.868417,0.855324,5.028918,0.917073,0.976459,5.992951,0.382923,0.397777,-0.640844,1.0,,,,,,,,,,,,,,0,gru
54,68196,605.8384,480.5671,1469,1,1,0,0,0.2981,2.083,goal,923.0,0.035305,0.428564,-0.870791,0.874014,5.009062,0.941169,0.520661,5.989828,0.383022,0.396807,-0.748847,1.0,,,,,,,,,,,,,,0,gru
55,68515,53.9651,426.9988,319,0,0,1,0,3.1703,2.015,collision,927.3,0.173422,0.429813,-0.861771,0.875423,4.962831,1.067242,0.726033,5.989488,0.375185,0.394481,-0.620219,1.0,,,,,,,,,,,,,,0,gru
56,69975,609.2195,427.8524,1460,1,1,0,0,0.2993,2.092,goal,948.2,0.000833,0.4202,-0.882363,0.87051,4.994067,0.97897,0.329277,5.99431,0.383159,0.396041,-0.705144,1.004225,0.034039,0.002212,1.796487,0.004838,0.018258,0.06692,0.005175,0.044071,0.0001,,,,,0,gru
57,71394,593.846,427.7473,1419,1,1,0,0,0.2988,2.103,goal,967.6,0.021372,0.420888,-0.846492,0.860424,5.058769,0.889331,1.051932,5.989094,0.383389,0.396684,-0.797277,1.0,,,,,,,,,,,,,,0,gru
58,71415,-43.8252,426.687,21,0,0,1,0,3.8726,2.12,collision,967.9,-0.169889,0.351317,-0.723712,0.585504,4.567445,1.226349,1.856547,5.905837,0.255016,0.356306,-0.431083,1.0,,,,,,,,,,,,,,0,gru
59,72852,602.2915,481.3901,1437,1,1,0,0,0.2986,2.102,goal,987.2,0.000165,0.420726,-0.860327,0.864697,5.034749,0.93906,0.618104,5.99332,0.3806,0.395182,-0.621595,1.0,,,,,,,,,,,,,,0,gru
60,74386,604.0609,481.3155,1534,1,1,0,0,0.299,2.094,goal,1009.8,-0.028127,0.420906,-0.871264,0.85216,5.029758,0.967868,0.497594,5.98981,0.397956,0.403971,-0.835866,1.00627,0.050097,0.001152,1.795983,0.004826,0.014168,0.128167,0.006954,0.08533,0.0001,,,,,0,gru
61,75833,600.7552,482.2558,1447,1,1,0,0,0.2988,2.099,goal,1029.6,0.010911,0.421422,-0.864766,0.877892,5.036281,0.907791,0.76963,5.989821,0.382369,0.398266,-0.71906,1.0,,,,,,,,,,,,,,0,gru
62,76168,53.5158,428.0454,335,0,0,1,0,3.1848,2.04,collision,1034.2,0.059953,0.462191,-0.852674,0.882535,5.060731,0.869856,1.795218,5.991216,0.374319,0.395887,-0.75522,1.0,,,,,,,,,,,,,,0,gru
63,77595,595.6625,427.533,1427,1,1,0,0,0.2991,2.11,goal,1053.8,0.007532,0.41417,-0.885413,0.853152,5.065271,0.923793,0.753616,5.979948,0.382475,0.397243,-0.682425,1.0,,,,,,,,,,,,,,0,gru
64,79007,592.5023,426.1994,1412,1,1,0,0,0.2994,2.097,goal,1075.0,0.004054,0.427126,-0.87712,0.880083,5.113259,0.867242,1.065936,5.99249,0.378588,0.394988,-0.690989,1.0,0.037078,0.001776,1.795635,0.004814,0.017061,0.071258,0.007562,0.047392,0.0001,,,,,0,gru
65,80438,594.7385,480.2767,1431,1,1,0,0,0.2996,2.1,goal,1094.5,0.027559,0.418127,-0.863786,0.857272,5.0194,0.952181,0.990314,5.991513,0.385344,0.39687,-0.76287,1.0,,,,,,,,,,,,,,0,gru
66,80463,-42.5284,415.1019,25,0,0,1,0,3.8745,2.195,collision,1094.9,-0.084879,0.336895,-0.677764,0.822095,4.845787,0.989469,1.191267,5.884549,0.259095,0.356301,-0.417825,1.0,,,,,,,,,,,,,,0,gru
67,81910,610.5234,416.7696,1447,1,1,0,0,0.2999,2.106,goal,1114.6,-0.003963,0.417356,-0.863116,0.840832,5.069726,0.916868,0.629684,5.989651,0.381269,0.394777,-0.658364,1.009363,,,,,,,,,,,,,,0,gru
68,83449,605.4577,481.6979,1539,1,1,0,0,0.2982,2.09,goal,1136.7,-0.015897,0.428673,-0.866402,0.862206,5.040012,0.930496,0.59223,5.986342,0.396696,0.4038,-0.894907,1.0,0.034633,0.001643,1.795636,0.004802,0.019929,0.108779,0.015032,0.065728,0.0001,,,,,0,gru
69,84886,601.6739,481.6362,1437,1,1,0,0,0.2982,2.1,goal,1156.4,0.016878,0.419095,-0.849079,0.852211,5.092219,0.909902,0.644848,5.986052,0.38269,0.396011,-0.635663,1.0,,,,,,,,,,,,,,0,gru
70,86368,608.1497,482.0451,1482,1,1,0,0,0.2991,2.08,goal,1176.0,0.046446,0.432636,-0.852102,0.877423,5.077358,0.899803,0.854468,5.99069,0.384087,0.398407,-0.766868,1.005395,,,,,,,,,,,,,,0,gru
71,87911,591.4102,481.1106,1543,1,1,0,0,0.2997,2.109,goal,1196.3,-0.029972,0.41861,-0.874614,0.866462,5.074965,0.909383,0.171676,5.992788,0.398635,0.406819,-0.954179,1.0,,,,,,,,,,,,,,0,gru
72,89371,597.7729,535.5363,1460,1,1,0,0,0.2997,2.093,goal,1217.8,0.052831,0.423885,-0.855604,0.870698,5.073236,0.939849,0.390843,5.995567,0.385491,0.399145,-0.784515,1.0,-0.004748,0.000926,1.796071,0.00479,0.016396,0.086723,0.013355,0.057179,0.0001,,,,,0,gru
73,90785,590.9628,535.0663,1414,1,1,0,0,0.2986,2.106,goal,1235.9,0.028728,0.417423,-0.851243,0.845161,5.081319,0.940629,0.63905,5.990746,0.381802,0.39745,-0.628577,1.0,,,,,,,,,,,,,,0,gru
74,91114,50.0152,480.8176,329,0,0,1,0,3.1598,2.039,collision,1240.1,0.061541,0.457067,-0.843479,0.861766,5.016648,1.019201,1.292387,5.978087,0.372508,0.397307,-0.781254,1.0,,,,,,,,,,,,,,0,gru
75,92535,593.7369,480.7174,1421,1,1,0,0,0.2988,2.089,goal,1258.7,0.021201,0.424168,-0.874086,0.85362,5.095927,0.914864,0.790628,5.985382,0.380376,0.396009,-0.716665,1.0,,,,,,,,,,,,,,0,gru
76,94017,610.9165,546.0619,1482,1,1,0,0,0.2996,2.082,goal,1280.6,0.034768,0.430543,-0.859938,0.867096,5.15213,0.899035,0.523255,5.990243,0.380677,0.396304,-0.694164,1.004932,0.034529,0.002306,1.795812,0.004778,0.018136,0.073023,0.008946,0.051282,0.0001,,,,,0,gru
77,95554,598.3259,544.8422,1537,1,1,0,0,0.2992,2.084,goal,1301.6,-0.030235,0.432091,-0.872977,0.893145,5.109314,0.911318,0.476418,5.99116,0.397623,0.405069,-0.949459,1.0,,,,,,,,,,,,,,0,gru
78,95619,-29.3562,481.3608,65,0,0,1,0,3.8761,2.044,collision,1302.5,-0.280977,0.369246,-0.85676,0.477634,5.051898,0.725381,2.662656,5.983826,0.282888,0.359475,-0.41336,1.0,,,,,,,,,,,,,,0,gru
79,97047,598.859,481.0793,1428,1,1,0,0,0.2986,2.102,goal,1322.0,0.03414,0.420204,-0.858822,0.882921,5.106233,0.90198,1.254838,5.992195,0.383263,0.396358,-0.689782,1.0,,,,,,,,,,,,,,0,gru
80,98487,602.8367,480.548,1440,1,1,0,0,0.2985,2.103,goal,1343.0,0.027358,0.416408,-0.837688,0.867721,5.11512,0.91531,1.114752,5.996565,0.382804,0.396846,-0.645772,1.0,0.047265,0.001513,1.795875,0.004766,0.017288,0.11554,0.010207,0.0779,0.0001,,,,,0,gru
81,100008,603.9401,481.801,1521,1,1,0,0,0.2987,2.085,goal,1364.0,-0.017866,0.432131,-0.881268,0.861043,5.091868,0.912195,0.856214,5.99404,0.395264,0.402169,-0.870058,1.003218,,,,,,,,,,,,,,0,gru
82,101425,590.8988,481.1136,1417,1,1,0,0,0.2991,2.092,goal,1383.6,0.007354,0.424245,-0.883269,0.878174,5.081888,0.937548,1.077752,5.995386,0.379784,0.395239,-0.72436,1.0,,,,,,,,,,,,,,0,gru
83,102981,588.3211,480.8494,1556,1,1,0,0,0.2989,2.08,goal,1404.5,-0.042214,0.432156,-0.864765,0.868337,5.088223,0.915123,0.852738,5.98954,0.399392,0.407556,-0.993019,1.0,,,,,,,,,,,,,,0,gru
84,103017,-40.1518,471.8327,36,0,0,1,0,3.8641,1.999,collision,1407.5,0.341032,0.363939,-0.745851,0.867072,4.835872,0.888643,2.179486,5.784698,0.20954,0.319615,-0.580951,1.0,0.027886,0.001592,1.796321,0.004754,0.014739,0.117846,0.006602,0.072839,0.0001,,,,,0,gru
85,104567,601.2857,472.5876,1550,1,1,0,0,0.2995,2.084,goal,1428.7,-0.017482,0.431176,-0.883087,0.873304,5.042932,0.941665,0.516723,5.990979,0.395476,0.404986,-0.939774,1.0,,,,,,,,,,,,,,0,gru
86,105999,603.692,471.8651,1432,1,1,0,0,0.2985,2.087,goal,1448.7,-0.010743,0.428064,-0.876082,0.859928,5.077577,0.905583,0.685998,5.992279,0.380739,0.394885,-0.709287,1.0,,,,,,,,,,,,,,0,gru
87,107517,598.0396,471.8365,1518,1,1,0,0,0.3,2.103,goal,1469.2,-0.03139,0.419805,-0.879512,0.873908,5.058467,0.941182,0.449416,5.994738,0.398023,0.403751,-0.91941,1.0,,,,,,,,,,,,,,0,gru
88,108967,604.2311,535.1952,1450,1,1,0,0,0.2992,2.079,goal,1490.5,0.026645,0.435688,-0.872107,0.881871,5.062962,0.92899,0.869923,5.988819,0.384184,0.397422,-0.677061,1.0,-0.021561,0.001089,1.797482,0.004742,0.018447,0.111492,0.013875,0.075757,0.0001,,,,,0,gru
89,110419,607.1864,536.028,1452,1,1,0,0,0.2986,2.101,goal,1509.6,0.016928,0.42154,-0.862867,0.873691,5.058403,0.926541,0.574552,5.993027,0.382298,0.396931,-0.720841,1.002539,,,,,,,,,,,,,,0,gru
90,111883,612.2504,536.9693,1464,1,1,0,0,0.2986,2.091,goal,1528.8,0.021575,0.423589,-0.88566,0.864378,5.065805,0.930407,0.65074,5.991661,0.387549,0.397756,-0.683386,1.007281,,,,,,,,,,,,,,0,gru
91,113313,602.677,536.843,1430,1,1,0,0,0.2981,2.118,goal,1548.1,0.007011,0.408089,-0.865092,0.868023,5.056746,0.934635,0.350496,5.985055,0.384652,0.396276,-0.631314,1.0,,,,,,,,,,,,,,0,gru
92,114779,605.5299,538.3061,1466,1,1,0,0,0.2998,2.084,goal,1570.0,0.034058,0.425226,-0.867585,0.860807,5.058379,0.940673,0.256955,5.992141,0.383406,0.398308,-0.683081,1.0,-0.001769,0.00088,1.797537,0.00473,0.015509,0.138887,0.009948,0.093151,0.0001,,,,,0,gru
93,114821,-37.1159,475.7624,42,0,0,1,0,3.8496,1.995,collision,1570.7,-0.332725,0.345061,-0.79901,0.558663,4.582078,0.933872,2.629567,5.945336,0.266569,0.354638,-0.475845,1.0,,,,,,,,,,,,,,0,gru
94,116244,596.1442,539.392,1423,1,1,0,0,0.2996,2.107,goal,1590.3,0.013795,0.416013,-0.866833,0.862673,5.008941,0.954293,0.512859,5.995479,0.383833,0.396673,-0.71662,1.0,,,,,,,,,,,,,,0,gru
95,117688,597.6099,539.0244,1444,1,1,0,0,0.2988,2.102,goal,1610.1,0.029199,0.41764,-0.860613,0.873764,5.023432,0.949791,0.541862,5.996451,0.383995,0.397613,-0.747835,1.0,,,,,,,,,,,,,,0,gru
96,119145,606.6522,539.3205,1457,1,1,0,0,0.2994,2.113,goal,1631.5,0.022701,0.41348,-0.867745,0.868292,5.048521,0.93313,0.695781,5.986295,0.382361,0.397059,-0.713461,1.008461,0.02721,0.001684,1.796504,0.004718,0.016905,0.121653,0.013086,0.082286,0.0001,,,,,0,gru
97,120585,603.5296,539.8695,1440,1,1,0,0,0.2979,2.114,goal,1651.1,0.01133,0.414767,-0.851377,0.86277,5.067643,0.930737,0.867513,5.99227,0.386477,0.397999,-0.759523,1.0,,,,,,,,,,,,,,0,gru
98,122124,585.5043,537.9968,1539,1,1,0,0,0.2993,2.086,goal,1671.8,-0.022808,0.431709,-0.887944,0.889177,4.998494,0.989179,0.492244,5.983181,0.390927,0.404303,-0.980845,1.0,,,,,,,,,,,,,,0,gru
99,123673,596.9937,536.9775,1549,1,1,0,0,0.2987,2.098,goal,1692.3,-0.035519,0.424257,-0.888183,0.878912,5.054331,0.950988,0.420777,5.989016,0.400922,0.406859,-0.931649,1.0,,,,,,,,,,,,,,0,gru
100,125091,596.5644,535.4089,1418,1,1,0,0,0.2992,2.099,goal,1714.8,0.007794,0.422918,-0.855895,0.878892,5.047918,0.922809,0.954347,5.991874,0.384061,0.396349,-0.66817,1.0,-0.010434,0.0009,1.796236,0.004706,0.016936,0.10802,0.011834,0.065492,0.0001,,,,,0,gru
101,126526,598.4079,534.982,1435,1,1,0,0,0.2981,2.085,goal,1734.2,-0.003307,0.430908,-0.857181,0.88038,5.050014,0.954084,0.94198,5.992484,0.38433,0.398465,-0.74823,1.0,,,,,,,,,,,,,,0,gru
102,128063,593.7252,533.8015,1537,1,1,0,0,0.2993,2.087,goal,1755.5,-0.028476,0.430224,-0.855393,0.879356,5.0588,0.943795,0.534858,5.988348,0.396228,0.405224,-0.941515,1.0,,,,,,,,,,,,,,0,gru
103,129610,589.374,596.4505,1547,1,1,0,0,0.2983,2.064,goal,1776.1,-0.024271,0.445489,-0.866668,0.89717,5.027419,0.977944,0.596876,5.994033,0.394726,0.404366,-0.972875,1.0,,,,,,,,,,,,,,0,gru
104,131131,587.6108,595.5972,1521,1,1,0,0,0.299,2.089,goal,1799.8,-0.033804,0.424281,-0.867873,0.870134,5.024459,0.94469,0.449307,5.98582,0.398544,0.406092,-0.952425,1.0,-0.014461,0.001008,1.796076,0.004694,0.017008,0.151495,0.008056,0.101293,0.0001,,,,,0,gru
105,132674,588.4644,594.6827,1543,1,1,0,0,0.2984,2.086,goal,1820.4,-0.043564,0.428779,-0.854991,0.8735,5.074468,0.927195,1.208946,5.990234,0.397976,0.406941,-0.972361,1.0,,,,,,,,,,,,,,0,gru
106,134106,595.4362,593.561,1432,1,1,0,0,0.299,2.102,goal,1839.6,0.00538,0.418775,-0.850956,0.851717,5.093195,0.907488,0.391738,5.99025,0.381749,0.396743,-0.775454,1.0,,,,,,,,,,,,,,0,gru
107,134501,68.3099,540.0391,395,0,0,1,0,3.1375,2.058,collision,1845.1,0.064283,0.4457,-0.860388,0.880187,5.059164,0.972291,1.476982,5.978106,0.382865,0.399105,-0.757368,1.010517,,,,,,,,,,,,,,0,gru
108,135964,599.0966,541.3983,1463,1,1,0,0,0.299,2.101,goal,1866.5,0.028909,0.419052,-0.865013,0.863181,5.07115,0.926935,0.821017,5.994153,0.382069,0.396754,-0.774097,1.0,0.02998,0.002202,1.795813,0.004682,0.018673,0.093872,0.009892,0.063953,0.0001,,,,,0,gru
109,137392,589.8604,540.685,1428,1,1,0,0,0.2988,2.095,goal,1885.6,0.038187,0.421729,-0.840993,0.869061,5.09188,0.910609,0.416241,5.991615,0.3863,0.398529,-0.772681,1.0,,,,,,,,,,,,,,0,gru
110,137722,51.2945,486.158,330,0,0,1,0,3.1616,2.041,collision,1890.1,0.070864,0.451951,-0.792872,0.874288,5.142655,0.821638,1.39415,5.980829,0.378118,0.395873,-0.642744,1.0,,,,,,,,,,,,,,0,gru
111,138065,65.5293,432.8701,343,0,0,1,0,3.1644,2.104,collision,1894.8,0.060241,0.418513,-0.825274,0.851049,5.004082,0.942899,1.061922,5.993551,0.374416,0.392359,-0.346033,1.005431,,,,,,,,,,,,,,0,gru
112,139535,606.1793,434.1155,1470,1,1,0,0,0.2998,2.088,goal,1915.8,0.025962,0.426041,-0.837896,0.861548,5.04076,0.947087,0.87339,5.988645,0.382965,0.397333,-0.78377,1.00117,0.033159,0.004969,1.795843,0.00467,0.029187,0.09439,0.01424,0.068007,0.0001,,,,,0,gru
113,140975,603.1795,435.4961,1440,1,1,0,0,0.298,2.094,goal,1935.4,-0.008778,0.422643,-0.877582,0.873845,5.037621,0.972632,0.68333,5.993364,0.379413,0.394991,-0.733394,1.0,,,,,,,,,,,,,,0,gru
114,142441,601.1273,436.8477,1466,1,1,0,0,0.2992,2.109,goal,1955.4,0.043378,0.416971,-0.864362,0.864692,5.092831,0.922575,0.362731,5.993274,0.385816,0.399158,-0.778099,1.003414,,,,,,,,,,,,,,0,gru
115,143874,598.5046,437.8518,1433,1,1,0,0,0.2994,2.101,goal,1975.1,0.019029,0.421171,-0.864779,0.872081,5.064641,0.905986,0.612897,5.987261,0.384387,0.397781,-0.659315,1.0,,,,,,,,,,,,,,0,gru
116,145348,605.0855,438.8167,1474,1,1,0,0,0.2988,2.101,goal,1996.8,0.001334,0.420939,-0.871178,0.854435,5.046138,0.943205,0.852058,5.993917,0.385408,0.396574,-0.842061,1.002333,-0.022674,0.00136,1.796318,0.004658,0.017921,0.091894,0.009347,0.064021,0.0001,,,,,0,gru
117,146881,589.0042,490.8861,1533,1,1,0,0,0.2984,2.101,goal,2017.5,-0.026711,0.421153,-0.889148,0.872334,5.066415,0.938424,0.778398,5.994401,0.39876,0.405919,-0.93026,1.0,,,,,,,,,,,,,,0,gru
118,148327,599.3325,490.9097,1446,1,1,0,0,0.2998,2.101,goal,2037.0,0.033838,0.419668,-0.856512,0.878646,5.06398,0.952734,0.646086,5.98521,0.382119,0.396737,-0.804182,1.0,,,,,,,,,,,,,,0,gru
119,149796,608.2472,492.7484,1469,1,1,0,0,0.2989,2.108,goal,2056.8,0.013569,0.419345,-0.858032,0.872487,5.066366,0.920268,0.904036,5.990557,0.382354,0.397252,-0.810164,1.00919,,,,,,,,,,,,,,0,gru
120,151234,602.3122,547.8502,1438,1,1,0,0,0.2983,2.094,goal,2078.3,0.019715,0.423578,-0.850849,0.888448,5.063105,0.904986,0.559823,5.985328,0.385333,0.398294,-0.7315,1.0,-0.006602,0.000928,1.796196,0.004646,0.015369,0.122897,0.008066,0.082539,0.0001,,,,,0,gru
121,152671,599.5884,601.2561,1437,1,1,0,0,0.2996,2.101,goal,2097.9,0.029847,0.419901,-0.871912,0.882676,5.060777,0.93934,0.722802,5.995376,0.386486,0.398555,-0.681989,1.0,,,,,,,,,,,,,,0,gru
122,154083,591.0301,599.7411,1412,1,1,0,0,0.2986,2.105,goal,2116.7,0.021895,0.416505,-0.857723,0.866805,5.062369,0.927989,0.682693,5.988775,0.38985,0.398877,-0.726524,1.0,,,,,,,,,,,,,,0,gru
123,155501,594.9561,598.9188,1418,1,1,0,0,0.298,2.113,goal,2136.1,0.034738,0.412219,-0.866526,0.844018,5.090428,0.91706,0.568953,5.98736,0.385738,0.396605,-0.708,1.0,,,,,,,,,,,,,,0,gru
124,156922,598.4451,598.6506,1421,1,1,0,0,0.2987,2.095,goal,2157.7,0.017372,0.423449,-0.851981,0.865551,5.050479,0.915506,0.717479,5.989216,0.384918,0.397641,-0.691393,1.0,0.001304,0.000753,1.794871,0.004634,0.011686,0.124053,0.00729,0.080463,0.0001,,,,,0,gru
125,158340,590.3481,597.8349,1418,1,1,0,0,0.2998,2.101,goal,2177.2,0.018389,0.419966,-0.869264,0.878844,5.076711,0.904939,0.378464,5.995822,0.383664,0.396942,-0.751792,1.0,,,,,,,,,,,,,,0,gru
126,159799,602.9752,597.6239,1459,1,1,0,0,0.298,2.102,goal,2197.1,0.031576,0.419797,-0.862125,0.852828,5.095425,0.898836,0.425051,5.985693,0.387645,0.398466,-0.737274,1.0,,,,,,,,,,,,,,0,gru
127,161248,602.3747,598.9609,1449,1,1,0,0,0.2996,2.107,goal,2217.1,0.014682,0.420278,-0.859113,0.85897,5.122754,0.854463,1.185458,5.99083,0.388072,0.397261,-0.805644,1.0,,,,,,,,,,,,,,0,gru
128,162692,602.5675,599.2844,1444,1,1,0,0,0.2998,2.106,goal,2239.4,-0.004462,0.412752,-0.859706,0.850009,5.062392,0.9323,0.50857,5.993433,0.383432,0.396583,-0.72596,1.0,-0.016985,0.000979,1.793598,0.004622,0.014559,0.129594,0.009894,0.086061,0.0001,,,,,0,gru
129,164090,594.204,597.8801,1398,1,1,0,0,0.2985,2.121,goal,2258.2,0.002743,0.407104,-0.840387,0.850602,4.976926,1.001649,0.892475,5.983183,0.386671,0.394945,-0.573283,1.0,,,,,,,,,,,,,,0,gru
130,165535,598.4922,597.4981,1445,1,1,0,0,0.2995,2.09,goal,2277.6,0.03579,0.423362,-0.855526,0.849052,5.018952,0.98243,0.38677,5.988516,0.387834,0.396134,-0.783412,1.0,,,,,,,,,,,,,,0,gru
131,166946,595.4548,597.0848,1411,1,1,0,0,0.2983,2.106,goal,2295.8,0.02689,0.416094,-0.852789,0.861219,4.998937,0.950614,0.571092,5.988898,0.385899,0.396075,-0.647134,1.0,,,,,,,,,,,,,,0,gru
132,168365,593.9053,597.3723,1419,1,1,0,0,0.2997,2.103,goal,2317.5,0.038259,0.421719,-0.886512,0.880404,5.026313,0.879796,1.19158,5.981871,0.386369,0.397375,-0.767668,1.0,-0.006744,0.000813,1.793934,0.00461,0.010212,0.084046,0.00253,0.054553,0.0001,,,,,0,gru
133,169885,593.4712,597.2238,1520,1,1,0,0,0.2985,2.096,goal,2338.1,-0.027403,0.4249,-0.854155,0.876721,5.006988,0.950505,0.847383,5.996747,0.40003,0.405107,-0.902646,1.0,,,,,,,,,,,,,,0,gru
134,171336,607.4693,598.1262,1451,1,1,0,0,0.2989,2.118,goal,2357.6,0.019221,0.409934,-0.865067,0.881695,5.026456,0.931226,0.30773,5.98801,0.38362,0.396165,-0.676241,1.010101,,,,,,,,,,,,,,0,gru
135,172788,608.9075,599.9822,1452,1,1,0,0,0.2994,2.095,goal,2378.1,0.005354,0.421497,-0.836731,0.872403,5.00361,0.983025,0.365587,5.985751,0.388271,0.395878,-0.659665,1.003068,,,,,,,,,,,,,,0,gru
136,174207,599.4803,599.6327,1419,1,1,0,0,0.2986,2.103,goal,2400.2,0.010945,0.419434,-0.865307,0.874426,5.028738,0.951442,0.116879,5.989017,0.387295,0.3976,-0.674711,1.0,-0.007257,0.000751,1.794404,0.004598,0.01681,0.120488,0.012642,0.081285,0.0001,,,,,0,gru
137,175650,605.6279,599.958,1443,1,1,0,0,0.2993,2.105,goal,2420.0,-0.021415,0.415901,-0.863088,0.877613,5.0721,0.938415,0.50682,5.989882,0.386633,0.396512,-0.61551,1.0,,,,,,,,,,,,,,0,gru
138,177092,604.5577,600.157,1442,1,1,0,0,0.2996,2.097,goal,2439.9,0.018759,0.41968,-0.845219,0.86999,5.026459,0.932261,0.818967,5.985172,0.38911,0.397391,-0.591932,1.0,,,,,,,,,,,,,,0,gru
139,178514,599.771,600.7137,1422,1,1,0,0,0.2986,2.111,goal,2459.8,-0.017236,0.413766,-0.884043,0.867681,5.033395,0.938723,0.571455,5.990147,0.381979,0.394902,-0.653266,1.0,,,,,,,,,,,,,,0,gru
140,179955,598.6862,600.7331,1441,1,1,0,0,0.298,2.081,goal,2481.6,0.038886,0.431329,-0.856741,0.879767,5.026081,0.936797,0.575474,5.99059,0.388138,0.397371,-0.727699,1.0,-0.025155,0.001264,1.794466,0.004586,0.018045,0.100697,0.012009,0.072016,0.0001,,,,,0,gru
141,181394,602.4652,601.4342,1439,1,1,0,0,0.2994,2.114,goal,2501.3,0.020101,0.411009,-0.855586,0.846755,5.072497,0.919252,0.604555,5.991243,0.386217,0.39795,-0.691047,1.001378,,,,,,,,,,,,,,0,gru
142,182837,607.2437,602.768,1443,1,1,0,0,0.2979,2.108,goal,2521.4,0.015419,0.413602,-0.864006,0.877556,5.049058,0.96684,0.44826,5.99439,0.389739,0.397617,-0.604881,1.002939,,,,,,,,,,,,,,0,gru
143,184379,598.9385,603.3147,1542,1,1,0,0,0.2992,2.089,goal,2543.0,-0.02926,0.426255,-0.857294,0.863216,5.017708,1.007157,0.498918,5.989196,0.396524,0.404126,-0.918141,1.007527,,,,,,,,,,,,,,0,gru
144,185793,598.9123,602.459,1414,1,1,0,0,0.2998,2.085,goal,2564.6,-0.007586,0.428736,-0.858099,0.85526,5.072368,0.932991,0.435249,5.9915,0.38695,0.396963,-0.645225,1.0,-0.015641,0.001095,1.794683,0.004574,0.02155,0.136939,0.019113,0.093907,0.0001,,,,,0,gru
145,187348,578.8645,599.4547,1555,1,1,0,0,0.2981,2.075,goal,2585.9,-0.024286,0.437878,-0.857913,0.890001,5.045977,0.936934,0.446259,5.992792,0.392792,0.406046,-0.998523,1.0,,,,,,,,,,,,,,0,gru
146,188780,603.9462,599.9013,1432,1,1,0,0,0.2978,2.117,goal,2605.4,0.013898,0.406754,-0.867827,0.859772,5.004186,0.968043,0.373318,5.989827,0.389285,0.397006,-0.66531,1.001366,,,,,,,,,,,,,,0,gru
147,190208,603.2791,599.6664,1428,1,1,0,0,0.2979,2.105,goal,2625.1,0.01013,0.417867,-0.859191,0.846738,5.047626,0.91149,0.486653,5.976429,0.386946,0.394487,-0.551874,1.0,,,,,,,,,,,,,,0,gru
148,190249,-37.6385,535.4468,41,0,0,1,0,3.8615,2.091,collision,2627.4,-0.178523,0.401125,-0.827853,0.677109,4.750802,0.892293,2.064403,5.838333,0.264135,0.355439,-0.469971,1.0,0.050606,0.001419,1.794111,0.004562,0.014966,0.123875,0.007319,0.086387,0.0001,,,,,0,gru
149,191686,603.3154,535.8013,1437,1,1,0,0,0.2992,2.111,goal,2647.4,0.004023,0.418835,-0.848239,0.85034,5.071712,0.867921,1.561195,5.99386,0.387417,0.396599,-0.681019,1.0,,,,,,,,,,,,,,0,gru
150,193092,592.654,535.1981,1406,1,1,0,0,0.299,2.111,goal,2666.6,0.029043,0.414859,-0.836607,0.864811,5.033374,0.931185,0.442884,5.984111,0.383276,0.396022,-0.726369,1.0,,,,,,,,,,,,,,0,gru
151,194500,596.0402,534.5556,1408,1,1,0,0,0.2986,2.11,goal,2685.8,0.004396,0.416255,-0.873852,0.855672,5.044989,0.914163,0.622786,5.992182,0.386882,0.399014,-0.561092,1.0,,,,,,,,,,,,,,0,gru
152,195917,593.233,533.1545,1417,1,1,0,0,0.2983,2.105,goal,2706.7,-0.002539,0.4187,-0.864742,0.868018,5.074558,0.915367,0.480906,5.991268,0.390022,0.398732,-0.745034,1.0,-0.015083,0.00068,1.793536,0.00455,0.014633,0.137417,0.012795,0.099188,0.0001,,,,,0,gru
153,197400,613.8047,534.6411,1483,1,1,0,0,0.2989,2.081,goal,2726.4,0.037873,0.430882,-0.848661,0.850315,5.077916,0.919205,1.26507,5.990662,0.389425,0.398605,-0.77079,1.013072,,,,,,,,,,,,,,0,gru
154,198797,595.9402,534.3439,1397,1,1,0,0,0.2984,2.125,goal,2745.1,-0.001485,0.408348,-0.872039,0.887367,5.03885,0.945695,0.55692,5.99625,0.383122,0.39441,-0.538416,1.0,,,,,,,,,,,,,,0,gru
155,200208,599.2719,536.3846,1411,1,1,0,0,0.299,2.119,goal,2763.6,0.008586,0.408988,-0.861102,0.840426,5.060926,0.913124,0.472503,5.987857,0.387682,0.397442,-0.597575,1.0,,,,,,,,,,,,,,0,gru
156,201651,604.6742,536.4574,1443,1,1,0,0,0.2984,2.101,goal,2784.9,-0.006039,0.416464,-0.876745,0.876015,5.019921,0.981351,0.530293,5.986277,0.384901,0.394641,-0.761657,1.0,-0.025603,0.000817,1.792656,0.004538,0.010143,0.105881,0.00529,0.069349,0.0001,,,,,0,gru
157,203100,605.9573,536.7253,1449,1,1,0,0,0.2989,2.097,goal,2804.2,0.041832,0.418256,-0.832037,0.857277,5.053196,0.935392,0.61073,5.990492,0.385306,0.396623,-0.714756,1.003218,,,,,,,,,,,,,,0,gru
158,204540,602.7685,600.7659,1440,1,1,0,0,0.2973,2.099,goal,2823.0,0.030772,0.421732,-0.87496,0.881188,5.099317,0.904442,0.350058,5.990616,0.38902,0.396523,-0.718882,1.0,,,,,,,,,,,,,,0,gru
159,205971,597.8498,600.2194,1431,1,1,0,0,0.2984,2.09,goal,2841.7,0.03303,0.428646,-0.860703,0.875806,5.067803,0.914291,0.918707,5.983108,0.387915,0.39504,-0.777324,1.0,,,,,,,,,,,,,,0,gru
160,206012,-37.5172,537.2023,41,0,0,1,0,3.8487,1.935,collision,2843.8,-0.345435,0.345053,-0.858609,0.556778,4.548099,1.172313,0.426847,5.871593,0.262375,0.353372,-0.471192,1.0,0.070635,0.001278,1.791627,0.004526,0.011226,0.068893,0.00659,0.045824,0.0001,,,,,0,gru
161,207410,592.374,536.8356,1398,1,1,0,0,0.2992,2.118,goal,2862.7,0.030449,0.405021,-0.872212,0.860784,5.069051,0.927469,0.516704,5.988368,0.384009,0.395781,-0.673804,1.0,,,,,,,,,,,,,,0,gru
162,208806,595.1421,537.0265,1396,1,1,0,0,0.2992,2.098,goal,2880.8,0.01083,0.418898,-0.875237,0.867349,5.061077,0.939383,0.311251,5.992551,0.388728,0.394864,-0.442839,1.0,,,,,,,,,,,,,,0,gru
163,210348,588.0026,534.4463,1542,1,1,0,0,0.2998,2.049,goal,2900.9,-0.033162,0.448552,-0.880398,0.879341,5.042553,0.96354,0.574706,5.990637,0.388854,0.402571,-0.959035,1.0,,,,,,,,,,,,,,0,gru
164,211744,593.8483,534.2371,1396,1,1,0,0,0.3,2.105,goal,2921.0,0.004056,0.416116,-0.868189,0.873531,5.050064,0.965181,0.641606,5.990518,0.384355,0.395539,-0.601946,1.0,-0.007295,0.000858,1.791079,0.004514,0.011918,0.152436,0.004089,0.105761,0.0001,,,,,0,gru
165,213156,600.7126,534.3812,1412,1,1,0,0,0.2984,2.103,goal,2939.4,-0.001106,0.420828,-0.858703,0.865099,5.054684,0.91612,0.778044,5.993121,0.385104,0.393196,-0.474274,1.0,,,,,,,,,,,,,,0,gru
166,214569,596.3854,533.5523,1413,1,1,0,0,0.2997,2.107,goal,2958.9,0.028911,0.416676,-0.844746,0.861216,5.087417,0.918982,0.788361,5.987759,0.38701,0.394706,-0.699975,1.0,,,,,,,,,,,,,,0,gru
167,215974,598.8398,532.8406,1405,1,1,0,0,0.2991,2.11,goal,2977.5,-0.010688,0.415403,-0.87561,0.841478,5.077287,0.924371,0.945499,5.992681,0.382424,0.392844,-0.507916,1.0,,,,,,,,,,,,,,0,gru
168,217391,595.6296,532.1267,1417,1,1,0,0,0.2985,2.106,goal,2998.0,0.033539,0.419752,-0.857585,0.888041,5.129137,0.864503,0.644473,5.984353,0.385567,0.396756,-0.738966,1.0,-0.029846,0.000676,1.790412,0.004502,0.012466,0.094012,0.008878,0.058366,0.0001,,,,,0,gru
169,218780,592.4727,531.589,1389,1,1,0,0,0.2981,2.126,goal,3016.8,0.012669,0.405056,-0.843877,0.848796,5.142859,0.865544,1.136183,5.988376,0.389133,0.39528,-0.48184,1.0,,,,,,,,,,,,,,0,gru
170,220208,603.7401,595.7147,1428,1,1,0,0,0.2994,2.109,goal,3035.9,0.014154,0.420009,-0.849757,0.872436,5.101095,0.849131,1.062688,5.988273,0.386246,0.393922,-0.497584,1.0,,,,,,,,,,,,,,0,gru
171,221638,606.1243,597.0897,1430,1,1,0,0,0.2992,2.121,goal,3054.8,0.018035,0.408994,-0.85562,0.863775,5.159603,0.852701,0.673825,5.991867,0.38718,0.39348,-0.419866,1.007347,,,,,,,,,,,,,,0,gru
172,223099,611.2696,598.7025,1461,1,1,0,0,0.2983,2.096,goal,3076.9,-0.001838,0.423501,-0.864044,0.834696,5.109293,0.887375,0.432349,5.993445,0.388971,0.395023,-0.610847,1.004961,0.002074,0.000807,1.789807,0.00449,0.01531,0.135925,0.012818,0.093023,0.0001,,,,,0,gru
173,224535,607.2371,600.6259,1436,1,1,0,0,0.2977,2.116,goal,3096.3,0.014586,0.407037,-0.860489,0.877027,5.043993,0.916564,1.407867,5.988541,0.390871,0.396689,-0.552533,1.005482,,,,,,,,,,,,,,0,gru
174,225968,599.561,601.1972,1433,1,1,0,0,0.2992,2.101,goal,3115.5,0.039074,0.41952,-0.833267,0.883023,5.09015,0.896757,0.925411,5.995568,0.390929,0.396005,-0.734399,1.0,,,,,,,,,,,,,,0,gru
175,227407,606.7598,601.8019,1439,1,1,0,0,0.2989,2.102,goal,3134.9,0.005813,0.421498,-0.866647,0.866386,5.109027,0.872586,0.854472,5.989387,0.387741,0.394888,-0.558902,1.0,,,,,,,,,,,,,,0,gru
176,228806,596.485,601.8119,1399,1,1,0,0,0.299,2.11,goal,3155.6,-0.021748,0.417595,-0.872776,0.852081,5.043418,0.918949,0.681149,5.997021,0.381586,0.392446,-0.554011,1.0,-0.021348,0.000616,1.78973,0.004478,0.010995,0.085731,0.00411,0.05142,0.0001,,,,,0,gru
177,230262,608.5506,602.783,1456,1,1,0,0,0.2993,2.108,goal,3175.1,0.026969,0.416963,-0.874509,0.862607,5.024851,0.968176,0.422797,5.992798,0.388212,0.398242,-0.657858,1.011512,,,,,,,,,,,,,,0,gru
178,231668,592.7236,602.4924,1406,1,1,0,0,0.298,2.106,goal,3193.9,0.049789,0.412747,-0.872285,0.890424,5.062858,0.942503,0.207032,5.98966,0.387805,0.396458,-0.65116,1.0,,,,,,,,,,,,,,0,gru
179,233182,588.0828,602.0534,1514,1,1,0,0,0.2987,2.064,goal,3213.7,-0.0145,0.441435,-0.852706,0.891073,5.015528,0.98566,0.571891,5.995839,0.390938,0.401915,-0.962736,1.0,,,,,,,,,,,,,,0,gru
180,234638,606.3522,602.3146,1456,1,1,0,0,0.2992,2.108,goal,3235.1,0.037957,0.414914,-0.854934,0.880133,5.035425,0.926977,0.683788,5.986801,0.390569,0.398188,-0.782248,1.009054,-0.008067,0.000536,1.790246,0.004466,0.011244,0.115052,0.003699,0.076182,0.0001,,,,,0,gru
181,234665,-42.5115,537.451,27,0,0,1,0,3.8627,2.167,collision,3235.6,0.105983,0.377646,-0.548919,0.762058,5.094038,1.024129,2.351542,5.959494,0.228258,0.331742,-0.53472,1.0,,,,,,,,,,,,,,0,gru
182,236125,607.5637,537.0804,1460,1,1,0,0,0.299,2.101,goal,3255.0,0.032454,0.420108,-0.845212,0.883207,5.070184,0.897238,0.378699,5.992579,0.386858,0.396521,-0.759814,1.009164,,,,,,,,,,,,,,0,gru
183,237545,602.0559,536.5623,1420,1,1,0,0,0.2975,2.098,goal,3273.6,0.009796,0.419803,-0.86829,0.857732,5.030554,0.973293,0.556753,5.995082,0.386761,0.394232,-0.564526,1.0,,,,,,,,,,,,,,0,gru
184,238950,593.2308,535.9293,1405,1,1,0,0,0.2987,2.124,goal,3294.2,0.016474,0.405831,-0.830953,0.852387,5.064171,0.92993,0.503448,5.994076,0.382903,0.395724,-0.692863,1.0,0.019747,0.001272,1.790601,0.004454,0.011569,0.080762,0.005872,0.050402,0.0001,,,,,0,gru
185,240398,609.8998,536.2433,1448,1,1,0,0,0.2995,2.099,goal,3313.4,0.002317,0.417053,-0.839587,0.867397,5.056811,0.930704,0.605744,5.99033,0.384635,0.394331,-0.673396,1.005212,,,,,,,,,,,,,,0,gru
186,241855,609.056,537.5004,1457,1,1,0,0,0.2983,2.104,goal,3332.8,0.023137,0.41977,-0.865909,0.866477,5.039267,0.913473,0.269126,5.988547,0.390052,0.396295,-0.683228,1.007972,,,,,,,,,,,,,,0,gru
187,241877,-43.5678,472.2885,22,0,0,1,0,3.8738,2.045,collision,3333.2,-0.227139,0.406916,-0.778091,0.755505,4.991678,0.781088,2.77155,5.859473,0.254833,0.35499,-0.432027,1.0,,,,,,,,,,,,,,0,gru
188,243274,589.507,471.9669,1397,1,1,0,0,0.2997,2.114,goal,3353.3,0.021327,0.410542,-0.862571,0.862567,5.049147,0.928516,0.687006,5.987532,0.386125,0.397685,-0.683287,1.0,0.053657,0.000966,1.790773,0.004442,0.009404,0.057366,0.00548,0.04061,0.0001,,,,,0,gru
189,244696,602.4583,473.4044,1422,1,1,0,0,0.2984,2.107,goal,3372.4,0.014313,0.411392,-0.859846,0.859854,5.013983,0.97944,0.631995,5.994105,0.387424,0.397026,-0.626707,1.0,,,,,,,,,,,,,,0,gru
190,246095,592.1821,471.9874,1399,1,1,0,0,0.2977,2.11,goal,3391.0,0.013592,0.414921,-0.872032,0.871555,5.085578,0.883329,0.628479,5.98638,0.388266,0.396156,-0.6155,1.0,,,,,,,,,,,,,,0,gru
191,247666,606.6733,536.9059,1571,1,1,0,0,0.2986,2.101,goal,3411.6,-0.015254,0.419659,-0.869271,0.871474,5.063941,0.924389,0.941217,5.991054,0.395459,0.403542,-0.921416,1.00778,,,,,,,,,,,,,,0,gru
192,249098,606.3968,536.7892,1432,1,1,0,0,0.299,2.121,goal,3433.2,0.010449,0.404957,-0.853007,0.858892,5.046121,0.91781,0.46126,5.988835,0.385858,0.396354,-0.657841,1.006699,-0.000521,0.000703,1.790764,0.00443,0.00917,0.088856,0.004016,0.059275,0.0001,,,,,0,gru
193,250521,597.8133,536.365,1423,1,1,0,0,0.2997,2.11,goal,3452.3,0.030325,0.411209,-0.846881,0.857459,5.010078,0.973444,0.441057,5.989756,0.381866,0.395252,-0.656984,1.0,,,,,,,,,,,,,,0,gru
194,252038,587.1952,535.7614,1517,1,1,0,0,0.2992,2.062,goal,3472.6,-0.03431,0.443834,-0.875985,0.8833,5.041807,0.963408,0.498125,5.993851,0.395797,0.403461,-0.958663,1.0,,,,,,,,,,,,,,0,gru
195,253477,607.9712,535.5685,1439,1,1,0,0,0.2984,2.12,goal,3491.2,0.008203,0.406445,-0.873896,0.873175,5.037694,0.976332,0.310417,5.992967,0.386508,0.396414,-0.64748,1.009982,,,,,,,,,,,,,,0,gru
196,255024,595.6494,534.2279,1547,1,1,0,0,0.2983,2.078,goal,3513.5,-0.022498,0.437693,-0.887077,0.886274,5.074399,0.898836,0.606239,5.991438,0.397249,0.404342,-0.957791,1.0,0.00122,0.000634,1.791048,0.004418,0.011467,0.149011,0.008006,0.099348,0.0001,,,,,0,gru
197,256454,601.571,598.7418,1430,1,1,0,0,0.2986,2.107,goal,3532.6,0.016828,0.416531,-0.873132,0.871585,5.047355,0.936358,0.404064,5.988426,0.386268,0.397195,-0.656894,1.0,,,,,,,,,,,,,,0,gru
198,258043,603.2648,600.1175,1589,1,1,0,0,0.2991,2.074,goal,3553.9,-0.018965,0.437734,-0.866876,0.874875,5.088653,0.886223,0.365585,5.984606,0.397701,0.406087,-0.942254,1.00817,,,,,,,,,,,,,,0,gru
199,259506,604.4801,600.3197,1463,1,1,0,0,0.2988,2.107,goal,3573.1,0.040361,0.419541,-0.86921,0.875097,5.040251,0.929248,0.69872,5.991673,0.384676,0.397747,-0.799569,1.007783,,,,,,,,,,,,,,0,gru
200,260945,606.7107,601.7726,1439,1,1,0,0,0.2994,2.103,goal,3594.0,0.019079,0.414086,-0.849165,0.852351,4.981136,0.971367,0.650139,5.987328,0.384024,0.395126,-0.651162,1.001783,0.003675,0.00071,1.790899,0.004406,0.008602,0.12183,0.002276,0.085113,0.0001,,,,,0,gru
201,262366,598.7748,600.9827,1421,1,1,0,0,0.2983,2.121,goal,3613.2,0.029098,0.407009,-0.86656,0.859957,5.049871,0.920641,0.608241,5.989932,0.382716,0.396946,-0.597605,1.0,,,,,,,,,,,,,,0,gru
202,263805,606.0972,600.9528,1439,1,1,0,0,0.2982,2.116,goal,3632.4,0.000579,0.411771,-0.83752,0.876617,5.042498,0.95152,0.768008,5.996533,0.384148,0.394971,-0.599136,1.004063,,,,,,,,,,,,,,0,gru
203,265330,599.3898,601.1104,1525,1,1,0,0,0.2979,2.084,goal,3652.3,-0.033325,0.430475,-0.873492,0.852445,5.025056,0.977019,0.770579,5.984418,0.39838,0.403317,-0.879258,1.0,,,,,,,,,,,,,,0,gru
204,265662,60.9885,548.4898,332,0,0,1,0,3.1534,2.101,collision,3658.4,0.124487,0.402779,-0.797971,0.87153,4.92102,1.022367,0.549973,5.982876,0.376108,0.393736,-0.471434,1.0,0.037899,0.002342,1.790813,0.004394,0.017925,0.078966,0.00581,0.058109,0.0001,,,,,0,gru
205,267113,607.2439,548.417,1451,1,1,0,0,0.2981,2.097,goal,3677.7,0.018027,0.419598,-0.844928,0.857729,5.052336,0.937507,0.768908,5.991013,0.383478,0.396152,-0.673108,1.002666,,,,,,,,,,,,,,0,gru
206,268655,609.7942,549.8315,1542,1,1,0,0,0.2997,2.097,goal,3698.0,-0.021296,0.424385,-0.855453,0.880401,5.065565,0.912159,0.949864,5.988712,0.396514,0.40276,-0.851375,1.0066,,,,,,,,,,,,,,0,gru
207,270100,598.4597,549.5204,1445,1,1,0,0,0.2996,2.109,goal,3717.2,0.040626,0.418355,-0.869334,0.88092,5.077232,0.907887,0.94017,5.98601,0.38234,0.397048,-0.716861,1.0,,,,,,,,,,,,,,0,gru
208,271566,608.7139,550.0653,1466,1,1,0,0,0.2979,2.104,goal,3738.2,0.003141,0.41865,-0.87763,0.860118,5.099298,0.892034,0.647415,5.994322,0.381689,0.396564,-0.679881,1.006868,-9.3e-05,0.000802,1.790664,0.004382,0.010613,0.082062,0.003135,0.05213,0.0001,,,,,0,gru
209,273012,601.7733,549.7946,1446,1,1,0,0,0.299,2.091,goal,3757.1,0.031545,0.421858,-0.856813,0.883623,5.028749,0.959377,0.545427,5.993985,0.385629,0.39837,-0.805039,1.0,,,,,,,,,,,,,,0,gru
210,274508,609.1619,550.0397,1496,1,1,0,0,0.2997,2.066,goal,3777.0,0.062152,0.43926,-0.851013,0.885937,5.044336,0.941493,0.833318,5.99439,0.382729,0.399012,-0.821712,1.002593,,,,,,,,,,,,,,0,gru
211,275953,603.946,550.5568,1445,1,1,0,0,0.2976,2.099,goal,3796.0,0.042649,0.417428,-0.861271,0.873159,4.991931,0.9847,0.221994,5.991192,0.386739,0.397521,-0.648728,1.0,,,,,,,,,,,,,,0,gru
212,277501,612.6291,551.21,1548,1,1,0,0,0.2991,2.084,goal,3818.3,-0.011293,0.432744,-0.888584,0.876035,5.010832,0.939758,0.656446,5.994239,0.397838,0.403235,-0.866618,1.007842,-0.001083,0.000923,1.790393,0.00437,0.013046,0.115006,0.00229,0.082493,0.0001,,,,,0,gru
213,279046,600.8181,551.3528,1545,1,1,0,0,0.2979,2.093,goal,3838.7,-0.032766,0.426263,-0.869918,0.862473,5.073125,0.899448,1.11819,5.991738,0.398607,0.405419,-0.91325,1.011571,,,,,,,,,,,,,,0,gru
214,280487,607.0416,605.9582,1441,1,1,0,0,0.2998,2.1,goal,3857.9,0.034526,0.422377,-0.893683,0.856617,5.085856,0.879994,0.423876,5.987718,0.387569,0.396938,-0.584669,1.00035,,,,,,,,,,,,,,0,gru
215,281934,605.0359,605.7374,1447,1,1,0,0,0.298,2.121,goal,3876.6,0.029108,0.407668,-0.843236,0.863237,5.050152,0.9118,0.839127,5.986,0.385008,0.396927,-0.725285,1.006423,,,,,,,,,,,,,,0,gru
216,283374,608.2442,605.5824,1440,1,1,0,0,0.2993,2.114,goal,3899.0,0.00407,0.412796,-0.880339,0.865838,5.07714,0.920524,0.136481,5.995095,0.38506,0.396281,-0.596267,1.007861,-0.009222,0.000892,1.789732,0.004358,0.01234,0.0949,0.002476,0.067324,0.0001,,,,,0,gru
217,284943,611.0021,606.8366,1569,1,1,0,0,0.2993,2.083,goal,3920.1,-0.030469,0.431449,-0.873361,0.869103,5.026281,0.918812,0.75868,5.987588,0.399602,0.40525,-0.926249,1.008822,,,,,,,,,,,,,,0,gru
218,286374,596.9088,605.6561,1431,1,1,0,0,0.2996,2.099,goal,3939.2,0.037129,0.4218,-0.849296,0.855472,5.043631,0.936065,0.718217,5.990924,0.388496,0.398462,-0.674472,1.0,,,,,,,,,,,,,,0,gru
219,287793,600.5152,605.5303,1419,1,1,0,0,0.2996,2.116,goal,3958.3,0.001598,0.415473,-0.867082,0.852912,5.048167,0.898426,1.022186,5.988235,0.385046,0.395989,-0.557398,1.0,,,,,,,,,,,,,,0,gru
220,289218,597.2152,604.3356,1425,1,1,0,0,0.2989,2.121,goal,3979.6,0.019939,0.409313,-0.860865,0.857199,5.030717,0.953418,0.564065,5.991691,0.383491,0.396305,-0.636534,1.0,-0.009249,0.000856,1.789836,0.004346,0.011792,0.190427,0.001968,0.142244,0.0001,,,,,0,gru
221,290632,600.124,603.9534,1414,1,1,0,0,0.2997,2.127,goal,3998.5,0.015792,0.407344,-0.851,0.861759,5.040301,0.946935,1.081465,5.983019,0.388471,0.396051,-0.595139,1.0,,,,,,,,,,,,,,0,gru
222,292033,596.7287,602.3634,1401,1,1,0,0,0.2981,2.107,goal,4017.3,0.011578,0.4161,-0.878385,0.867321,5.032988,0.949493,0.650987,5.986582,0.384998,0.395514,-0.508821,1.0,,,,,,,,,,,,,,0,gru
223,293442,597.4341,602.025,1409,1,1,0,0,0.2981,2.097,goal,4036.4,-0.010246,0.425651,-0.872934,0.836127,5.071853,0.929888,0.835841,5.989457,0.38099,0.391987,-0.582401,1.0,,,,,,,,,,,,,,0,gru
224,294870,603.5432,601.6751,1428,1,1,0,0,0.2994,2.106,goal,4058.7,0.011404,0.419285,-0.860054,0.877442,5.065519,0.89952,0.811417,5.994921,0.384396,0.395188,-0.64595,1.0,-0.020062,0.000907,1.790041,0.004334,0.014368,0.133676,0.003547,0.090913,0.0001,,,,,0,gru
225,296280,598.8331,601.0549,1410,1,1,0,0,0.2979,2.11,goal,4077.4,0.006956,0.41231,-0.877818,0.864223,5.112366,0.892784,0.488504,5.992086,0.387196,0.396904,-0.616336,1.0,,,,,,,,,,,,,,0,gru
226,297696,595.6028,599.7907,1416,1,1,0,0,0.2996,2.111,goal,4096.4,0.020722,0.411638,-0.867912,0.870659,5.137731,0.899959,0.62613,5.991665,0.385674,0.395897,-0.697889,1.0,,,,,,,,,,,,,,0,gru
227,299117,598.4765,598.5382,1421,1,1,0,0,0.2979,2.1,goal,4115.6,0.022527,0.424063,-0.850903,0.881385,5.127818,0.866717,0.809049,5.980288,0.388792,0.396283,-0.659164,1.0,,,,,,,,,,,,,,0,gru
228,300532,598.8186,598.7291,1415,1,1,0,0,0.2979,2.142,goal,4137.4,0.009308,0.392164,-0.85019,0.851104,5.048281,0.940965,0.517154,5.989061,0.385703,0.395765,-0.662526,1.002191,-0.014149,0.000903,1.789434,0.004322,0.01537,0.108837,0.011372,0.072278,0.0001,,,,,0,gru
229,301951,598.6235,598.54,1419,1,1,0,0,0.2999,2.105,goal,4156.6,-0.002021,0.415543,-0.88164,0.874983,5.092215,0.907893,0.590592,5.979276,0.382753,0.39751,-0.661394,1.0,,,,,,,,,,,,,,0,gru
230,303394,607.6316,599.5816,1443,1,1,0,0,0.2988,2.119,goal,4176.2,0.015345,0.410778,-0.851256,0.863329,5.094524,0.913299,0.334144,5.994331,0.386608,0.39687,-0.669598,1.008959,,,,,,,,,,,,,,0,gru
231,304791,592.6827,598.8375,1397,1,1,0,0,0.2999,2.115,goal,4194.5,0.025096,0.41064,-0.871675,0.85586,5.066582,0.92007,0.743537,5.982225,0.386597,0.396738,-0.581719,1.0,,,,,,,,,,,,,,0,gru
232,306332,612.0386,600.3685,1541,1,1,0,0,0.2997,2.093,goal,4216.7,-0.008113,0.428228,-0.87191,0.869769,5.08532,0.919093,0.911369,5.99122,0.39444,0.40129,-0.849425,1.006015,-0.012398,0.00082,1.788881,0.00431,0.017799,0.161841,0.012945,0.112773,0.0001,,,,,0,gru
233,307764,605.4467,601.1697,1432,1,1,0,0,0.2988,2.121,goal,4235.7,0.004075,0.40993,-0.858872,0.871892,5.115867,0.883419,0.964666,5.990131,0.385528,0.395409,-0.618532,1.004575,,,,,,,,,,,,,,0,gru
234,307794,-41.8572,536.6297,30,0,0,1,0,3.8654,1.979,collision,4236.1,0.325502,0.375774,-0.669743,0.863468,4.854096,1.059473,1.580439,5.893973,0.207781,0.319396,-0.575469,1.0,,,,,,,,,,,,,,0,gru
235,308180,76.2403,484.3704,386,0,0,1,0,3.0566,2.052,collision,4241.3,0.094789,0.445455,-0.842335,0.872373,5.108397,0.858789,1.22134,5.983261,0.373066,0.39403,-0.508672,1.0,,,,,,,,,,,,,,0,gru
236,309619,596.0707,484.4172,1439,1,1,0,0,0.2979,2.1,goal,4261.7,0.043705,0.420853,-0.887792,0.872459,5.077368,0.942401,0.371412,5.995745,0.38385,0.397732,-0.807541,1.0,0.052553,0.003654,1.789218,0.004298,0.026259,0.123093,0.010619,0.090203,0.0001,,,,,0,gru
237,311068,605.3762,485.1072,1449,1,1,0,0,0.2982,2.103,goal,4280.8,0.020988,0.420159,-0.87707,0.864271,5.051971,0.919354,0.781605,5.990054,0.382699,0.397109,-0.656807,1.0,,,,,,,,,,,,,,0,gru
238,312472,590.933,484.3186,1404,1,1,0,0,0.299,2.117,goal,4299.3,0.033572,0.412,-0.853355,0.8888,5.023362,0.932522,0.856459,5.983079,0.379643,0.395267,-0.627057,1.0,,,,,,,,,,,,,,0,gru
239,313911,606.4587,485.1021,1439,1,1,0,0,0.2981,2.105,goal,4318.5,-0.017412,0.418963,-0.885889,0.83693,5.022772,0.948686,0.642121,5.990164,0.378416,0.395044,-0.622472,1.000638,,,,,,,,,,,,,,0,gru
240,315308,591.9685,483.5358,1397,1,1,0,0,0.2985,2.124,goal,4339.5,-0.004244,0.4092,-0.88857,0.889852,5.040498,0.904855,0.891524,5.989385,0.380746,0.395687,-0.647256,1.0,-0.020678,0.00082,1.789336,0.004286,0.010508,0.113078,0.004605,0.075586,0.0001,,,,,0,gru
241,316701,591.7126,483.4388,1393,1,1,0,0,0.2985,2.12,goal,4357.8,0.02578,0.407953,-0.875874,0.847791,5.032515,0.943245,0.765406,5.983879,0.38531,0.396751,-0.573277,1.0,,,,,,,,,,,,,,0,gru
242,317033,61.4088,428.3758,332,0,0,1,0,3.106,2.074,collision,4362.2,0.046888,0.432124,-0.799062,0.833591,4.913529,0.973891,1.305048,5.98517,0.373917,0.393914,-0.347774,1.0,,,,,,,,,,,,,,0,gru
243,318584,584.6293,426.2941,1551,1,1,0,0,0.2986,2.07,goal,4382.0,-0.050594,0.4399,-0.879806,0.880903,5.029366,0.943378,0.607061,5.992095,0.396904,0.40679,-0.97662,1.0,,,,,,,,,,,,,,0,gru
244,320030,607.406,491.2204,1446,1,1,0,0,0.2996,2.118,goal,4402.3,0.009123,0.405523,-0.871215,0.848373,5.002542,0.961244,0.717037,5.989811,0.384032,0.396995,-0.646407,1.009869,0.045993,0.00249,1.78895,0.004274,0.016651,0.069989,0.007808,0.045207,0.0001,,,,,0,gru
245,321451,598.2235,543.4187,1421,1,1,0,0,0.2998,2.102,goal,4420.8,0.004561,0.418492,-0.854823,0.846555,5.050181,0.929868,0.592812,5.986642,0.380364,0.395494,-0.689781,1.0,,,,,,,,,,,,,,0,gru
246,322979,592.8893,543.1006,1528,1,1,0,0,0.2993,2.076,goal,4440.5,-0.03242,0.437828,-0.888858,0.892838,5.029176,0.950282,0.957249,5.989357,0.398272,0.404943,-0.922864,1.0,,,,,,,,,,,,,,0,gru
247,324428,600.3107,542.594,1449,1,1,0,0,0.2981,2.105,goal,4459.2,0.025181,0.417825,-0.872205,0.865468,5.038239,0.945249,0.310479,5.987788,0.387612,0.399171,-0.785436,1.0,,,,,,,,,,,,,,0,gru
248,325992,588.8297,542.3837,1564,1,1,0,0,0.2981,2.057,goal,4481.4,-0.031899,0.449745,-0.873877,0.884099,5.04609,0.948098,0.467119,5.993326,0.398142,0.407952,-0.98821,1.0,-0.012256,0.000908,1.788985,0.004262,0.011839,0.08827,0.003926,0.054206,0.0001,,,,,0,gru
249,327423,601.3016,541.868,1431,1,1,0,0,0.2983,2.112,goal,4500.1,0.010593,0.413526,-0.878324,0.879732,5.076437,0.914804,0.657313,5.984899,0.384473,0.397152,-0.622157,1.0,,,,,,,,,,,,,,0,gru
250,328992,606.0283,543.274,1569,1,1,0,0,0.2992,2.077,goal,4520.4,-0.010251,0.438241,-0.869839,0.883425,5.077305,0.915224,0.503702,5.99211,0.393738,0.40398,-0.942768,1.0,,,,,,,,,,,,,,0,gru
251,330439,609.3685,545.0396,1447,1,1,0,0,0.2989,2.112,goal,4539.4,0.021345,0.413732,-0.868195,0.850455,5.04147,0.950054,0.390752,5.993172,0.383822,0.397044,-0.610172,1.010782,,,,,,,,,,,,,,0,gru
252,331873,607.8411,599.6828,1434,1,1,0,0,0.2987,2.105,goal,4560.5,-0.001938,0.415672,-0.865239,0.832796,5.063482,0.913921,0.675882,5.984709,0.384887,0.396065,-0.536973,1.002266,-0.00516,0.001085,1.788479,0.00425,0.014724,0.104019,0.01068,0.068246,0.0001,,,,,0,gru
253,333331,605.795,601.7994,1458,1,1,0,0,0.2987,2.107,goal,4580.2,0.036629,0.417376,-0.862639,0.886458,5.045107,0.920414,0.793378,5.98805,0.384842,0.395651,-0.701973,1.007665,,,,,,,,,,,,,,0,gru
254,334886,600.3404,601.0928,1555,1,1,0,0,0.2988,2.087,goal,4600.7,-0.03186,0.433614,-0.874856,0.850285,5.066566,0.906668,0.976093,5.986588,0.400094,0.406268,-0.952689,1.0,,,,,,,,,,,,,,0,gru
255,336324,602.8889,601.5593,1438,1,1,0,0,0.2998,2.115,goal,4619.6,0.01569,0.410607,-0.854119,0.85302,5.063061,0.921303,0.821929,5.997907,0.385101,0.39708,-0.605328,1.001424,,,,,,,,,,,,,,0,gru
256,337761,604.2337,602.6938,1437,1,1,0,0,0.2982,2.1,goal,4640.4,0.013616,0.419073,-0.858752,0.887205,5.063408,0.936899,0.613108,5.985212,0.386098,0.397554,-0.59613,1.0,0.01224,0.000751,1.788749,0.004238,0.011955,0.091559,0.00851,0.06273,0.0001,,,,,0,gru
257,339199,603.8533,603.048,1438,1,1,0,0,0.2988,2.124,goal,4659.2,0.023021,0.408802,-0.828354,0.870744,5.059083,0.920665,0.809321,5.997357,0.381522,0.396268,-0.626103,1.006335,,,,,,,,,,,,,,0,gru
258,340737,600.8573,604.2508,1538,1,1,0,0,0.2992,2.068,goal,4679.3,-0.027617,0.439356,-0.876563,0.87898,5.064229,0.935683,0.485015,5.991316,0.395038,0.404034,-0.918875,1.0,,,,,,,,,,,,,,0,gru
259,342189,607.6591,604.8865,1452,1,1,0,0,0.2988,2.104,goal,4699.3,-0.002146,0.422744,-0.886642,0.87265,5.07617,0.912741,0.732049,5.987836,0.380391,0.393865,-0.70313,1.003639,,,,,,,,,,,,,,0,gru
260,343599,594.0934,603.6931,1410,1,1,0,0,0.2997,2.107,goal,4721.7,-0.002371,0.415141,-0.8691,0.83074,5.061958,0.937187,0.422234,5.989727,0.380992,0.394186,-0.62944,1.0,-0.013644,0.000814,1.789171,0.004226,0.013103,0.094432,0.004121,0.064046,0.0001,,,,,0,gru
261,343912,55.5665,548.3129,313,0,0,1,0,3.157,2.051,collision,4726.0,0.043759,0.443722,-0.820605,0.869351,4.941937,1.052947,0.446834,5.975632,0.368991,0.390551,-0.346912,1.0,,,,,,,,,,,,,,0,gru
262,345351,604.6336,547.9921,1439,1,1,0,0,0.2981,2.103,goal,4744.8,0.016264,0.414481,-0.873802,0.83482,5.05019,0.954349,0.345645,5.994409,0.382475,0.397075,-0.587594,1.0,,,,,,,,,,,,,,0,gru
263,345737,79.5231,495.3649,386,0,0,1,0,3.1048,2.042,collision,4750.0,0.040517,0.45374,-0.856259,0.886742,4.972863,0.990771,0.939476,5.981527,0.364981,0.386782,-0.435757,1.01019,,,,,,,,,,,,,,0,gru
264,347136,593.8022,494.7111,1399,1,1,0,0,0.2985,2.098,goal,4770.0,0.009131,0.418493,-0.851541,0.848662,5.054877,0.957542,0.449524,5.989408,0.382664,0.396579,-0.548663,1.0,0.033964,0.005132,1.789445,0.004214,0.029182,0.068119,0.012551,0.051649,0.0001,,,,,0,gru
265,347529,74.4328,441.8655,393,0,0,1,0,3.0981,2.008,collision,4775.3,0.164455,0.445641,-0.845527,0.885707,5.003871,0.932248,1.024543,5.988375,0.377877,0.395136,-0.752489,1.001542,,,,,,,,,,,,,,0,gru
266,348965,600.9544,441.5376,1436,1,1,0,0,0.2997,2.119,goal,4794.5,0.008093,0.408749,-0.860591,0.85354,5.059805,0.912336,1.147573,5.993696,0.383011,0.396796,-0.624601,1.000065,,,,,,,,,,,,,,0,gru
267,350517,613.4375,442.496,1552,1,1,0,0,0.299,2.085,goal,4815.1,-0.019218,0.427616,-0.886984,0.85986,5.058725,0.943935,0.321327,5.984924,0.397969,0.403441,-0.831054,1.007601,,,,,,,,,,,,,,0,gru
268,351973,608.1556,443.2258,1456,1,1,0,0,0.2988,2.102,goal,4835.8,0.02058,0.41529,-0.858434,0.842267,5.072305,0.927993,0.402058,5.990386,0.382098,0.396595,-0.655321,1.00874,0.035413,0.00262,1.789402,0.004202,0.01791,0.053779,0.005366,0.03324,0.0001,,,,,0,gru
269,352299,57.2007,388.18,326,0,0,1,0,3.1036,2.067,collision,4840.0,0.1132,0.427494,-0.803426,0.883145,5.031651,0.997707,0.779593,5.980594,0.379311,0.395591,-0.560926,1.0,,,,,,,,,,,,,,0,gru
270,352618,56.5484,334.4255,319,0,0,1,0,3.0998,2.11,collision,4844.3,0.082232,0.405095,-0.854189,0.814745,4.913278,0.98952,0.562042,5.978433,0.36725,0.389916,-0.36029,1.0,,,,,,,,,,,,,,0,gru
271,354015,591.2995,387.9988,1397,1,1,0,0,0.2984,2.106,goal,4862.8,0.014635,0.4136,-0.86792,0.870525,5.096139,0.938462,0.303379,5.989364,0.38262,0.396218,-0.653957,1.0,,,,,,,,,,,,,,0,gru
272,354403,79.3497,335.4704,388,0,0,1,0,3.0761,2.06,collision,4868.9,0.009666,0.448429,-0.890555,0.87804,5.002814,0.981051,0.983341,5.980576,0.369992,0.392165,-0.395291,1.004732,-0.01696,0.012632,1.789237,0.00419,0.055832,0.280722,0.019396,0.211679,0.0001,,,,,0,gru
273,355806,588.8964,386.4077,1403,1,1,0,0,0.2995,2.119,goal,4887.6,0.015576,0.408368,-0.877141,0.847138,5.089872,0.902005,0.509267,5.990509,0.382994,0.397272,-0.711423,1.0,,,,,,,,,,,,,,0,gru
274,357270,603.0592,387.3334,1464,1,1,0,0,0.2999,2.078,goal,4906.9,0.03744,0.431209,-0.873756,0.869869,5.093996,0.916793,0.729962,5.995521,0.382237,0.397726,-0.753835,1.0,,,,,,,,,,,,,,0,gru
275,358692,594.1812,439.3083,1422,1,1,0,0,0.2986,2.104,goal,4925.7,0.001897,0.418013,-0.890167,0.825302,5.111401,0.923582,0.677531,5.992795,0.376024,0.394892,-0.757872,1.0,,,,,,,,,,,,,,0,gru
276,360127,601.3822,439.3511,1435,1,1,0,0,0.2982,2.105,goal,4945.9,-0.005372,0.42253,-0.875145,0.858744,5.081234,0.909235,0.611269,5.99546,0.381237,0.39598,-0.688259,1.0,-0.018361,0.001188,1.789629,0.004178,0.015399,0.113766,0.010872,0.077352,0.0001,,,,,0,gru
277,360495,64.747,384.482,368,0,0,1,0,3.0938,2.027,collision,4950.9,0.169207,0.433862,-0.809705,0.867009,5.13634,0.889752,0.570523,5.986404,0.382189,0.399316,-0.789325,1.0,,,,,,,,,,,,,,0,gru
278,360840,65.8809,330.2545,345,0,0,1,0,3.1655,2.075,collision,4955.5,0.030749,0.438281,-0.870313,0.858274,5.07066,0.936026,1.343289,5.977232,0.367044,0.389308,-0.359922,1.002296,,,,,,,,,,,,,,0,gru
279,361199,64.3704,330.9715,359,0,0,1,0,3.069,2.032,collision,4960.2,0.152538,0.439696,-0.860207,0.881451,5.085593,0.945256,1.133611,5.96908,0.375465,0.395154,-0.704897,1.0,,,,,,,,,,,,,,0,gru
280,362630,591.4699,384.4636,1431,1,1,0,0,0.2981,2.103,goal,4980.1,0.029419,0.420893,-0.856697,0.874428,5.126855,0.875169,0.634072,5.994238,0.38146,0.397351,-0.735441,1.0,-0.022377,0.01117,1.789167,0.004166,0.053592,0.232834,0.011189,0.170015,0.0001,,,,,0,gru
281,363645,300.5193,355.3856,1015,0,0,1,0,1.381,2.069,collision,4993.3,0.047969,0.434778,-0.866381,0.83129,5.137177,0.84636,0.714732,5.990057,0.391608,0.398876,-0.687586,1.0,,,,,,,,,,,,,,0,gru
282,365097,601.4838,407.599,1452,1,1,0,0,0.3,2.097,goal,5011.9,0.026476,0.423884,-0.845536,0.876925,5.118081,0.866533,0.719489,5.994253,0.379386,0.396766,-0.715662,1.0,,,,,,,,,,,,,,0,gru
283,366091,298.7217,378.5816,994,0,0,1,0,1.3755,2.098,collision,5024.5,0.009447,0.423894,-0.846261,0.833413,5.128018,0.905243,1.218094,5.990325,0.39099,0.398601,-0.37482,1.0,,,,,,,,,,,,,,0,gru
284,367545,606.862,378.9618,1454,1,1,0,0,0.2992,2.105,goal,5045.7,0.016247,0.417428,-0.879444,0.876712,5.117408,0.913836,0.772067,5.987806,0.382006,0.396152,-0.677431,1.006221,0.028144,0.004441,1.788056,0.004154,0.027521,0.084465,0.007062,0.055368,0.0001,,,,,0,gru
285,368983,595.7456,379.1183,1438,1,1,0,0,0.2984,2.091,goal,5064.8,0.03037,0.42297,-0.86229,0.885,5.130933,0.869665,0.356517,5.994596,0.380872,0.396689,-0.775828,1.0,,,,,,,,,,,,,,0,gru
286,369323,63.7149,325.3515,340,0,0,1,0,3.1518,2.135,collision,5069.4,0.031236,0.401987,-0.847585,0.823955,5.060318,0.876097,0.897034,5.993743,0.372672,0.391423,-0.345343,1.002556,,,,,,,,,,,,,,0,gru
287,369695,74.6316,326.34,372,0,0,1,0,3.1241,2.079,collision,5074.4,0.014307,0.436272,-0.869846,0.856825,5.092958,0.807682,1.820902,5.990224,0.367465,0.389497,-0.384725,1.009494,,,,,,,,,,,,,,0,gru
288,371167,605.1945,380.2714,1472,1,1,0,0,0.2988,2.1,goal,5094.9,0.033567,0.421383,-0.866463,0.849725,5.143007,0.8705,0.799203,5.991673,0.38231,0.397436,-0.758457,1.003692,0.023822,0.005375,1.787004,0.004142,0.032811,0.143597,0.009453,0.108591,0.0001,,,,,0,gru
289,372217,317.9793,405.6323,1050,0,0,1,0,1.3219,2.099,collision,5108.6,0.015393,0.419784,-0.863873,0.871389,5.095227,0.905183,0.394154,5.995835,0.391739,0.395666,-0.45957,1.008802,,,,,,,,,,,,,,0,gru
290,373768,587.8072,405.266,1551,1,1,0,0,0.2995,2.059,goal,5128.4,-0.039489,0.444929,-0.883495,0.880056,5.070381,0.942918,0.485387,5.989029,0.396792,0.406777,-0.992149,1.0,,,,,,,,,,,,,,0,gru
291,374749,294.9101,404.7051,981,0,0,1,0,1.3462,2.099,collision,5141.5,0.026774,0.423782,-0.884968,0.887716,5.088995,0.896003,1.070186,5.987513,0.39299,0.396914,-0.407276,1.0,,,,,,,,,,,,,,0,gru
292,376170,593.8824,403.9449,1421,1,1,0,0,0.2999,2.12,goal,5162.1,0.019463,0.411076,-0.860707,0.856744,5.109139,0.869642,0.4826,5.991015,0.383204,0.397868,-0.735353,1.0,0.041605,0.004828,1.786483,0.00413,0.026377,0.098953,0.008644,0.068708,0.0001,,,,,0,gru
293,376490,57.5133,379.8241,320,0,0,1,0,3.1401,2.089,collision,5166.5,0.094729,0.418626,-0.856799,0.850792,5.044102,0.928492,1.49012,5.970387,0.364686,0.385574,-0.351311,1.0,,,,,,,,,,,,,,0,gru
294,378051,600.337,379.1716,1561,1,1,0,0,0.2982,2.098,goal,5187.3,-0.030858,0.427568,-0.876213,0.885693,5.132534,0.844769,0.513476,5.985968,0.397647,0.405007,-0.968823,1.0,,,,,,,,,,,,,,0,gru
295,379480,601.5492,379.752,1429,1,1,0,0,0.2988,2.107,goal,5206.4,0.011027,0.413513,-0.845176,0.869717,5.122159,0.888806,0.607305,5.990812,0.385133,0.396109,-0.636002,1.0,,,,,,,,,,,,,,0,gru
296,380883,588.9764,432.2781,1403,1,1,0,0,0.2986,2.117,goal,5227.0,0.026779,0.414338,-0.864186,0.871425,5.130927,0.875118,0.982123,5.989431,0.382622,0.397622,-0.673093,1.0,0.045804,0.003009,1.785571,0.004118,0.025866,0.126783,0.013091,0.090454,0.0001,,,,,0,gru
297,382325,600.915,484.9065,1442,1,1,0,0,0.2992,2.102,goal,5245.3,0.001731,0.42058,-0.856518,0.883982,5.142216,0.871176,1.293879,5.9938,0.381986,0.395882,-0.730522,1.0,,,,,,,,,,,,,,0,gru
298,383774,605.5484,484.9418,1449,1,1,0,0,0.298,2.099,goal,5264.2,0.010611,0.421533,-0.850949,0.869274,5.129254,0.875333,0.101781,5.992549,0.383589,0.396871,-0.659822,1.0,,,,,,,,,,,,,,0,gru
299,385175,590.974,512.2413,1401,1,1,0,0,0.2994,2.118,goal,5282.4,0.015948,0.410086,-0.844898,0.836544,5.149961,0.87802,0.852428,5.987239,0.38469,0.397604,-0.651396,1.0,,,,,,,,,,,,,,0,gru
300,386616,602.4833,513.7089,1441,1,1,0,0,0.2986,2.095,goal,5302.7,0.006084,0.425789,-0.878964,0.864364,5.160635,0.867643,0.829311,5.991376,0.381955,0.396797,-0.660664,1.0,-0.006286,0.001586,1.784449,0.004106,0.017392,0.161166,0.005949,0.114945,0.0001,,,,,0,gru
301,388034,599.1965,544.1376,1418,1,1,0,0,0.2989,2.102,goal,5320.9,0.020658,0.422465,-0.862412,0.872894,5.18022,0.867107,1.074144,5.993106,0.382601,0.396866,-0.616887,1.0,,,,,,,,,,,,,,0,gru
302,389451,597.0868,544.458,1417,1,1,0,0,0.299,2.111,goal,5339.5,0.025805,0.413208,-0.872944,0.878857,5.19474,0.84953,0.65675,5.996683,0.386014,0.396839,-0.679406,1.0,,,,,,,,,,,,,,0,gru
303,390877,595.0292,598.2096,1426,1,1,0,0,0.2998,2.1,goal,5358.2,0.034979,0.421573,-0.868317,0.877187,5.177814,0.857292,0.796344,5.992332,0.386033,0.398358,-0.687763,1.0,,,,,,,,,,,,,,0,gru
304,392307,596.4113,597.817,1430,1,1,0,0,0.2998,2.093,goal,5378.7,0.027586,0.42438,-0.872025,0.876142,5.176157,0.873038,0.565675,5.991194,0.387988,0.398991,-0.666828,1.0,0.008148,0.001499,1.783926,0.004094,0.019119,0.159288,0.01315,0.109816,0.0001,,,,,0,gru
305,393876,608.6245,598.5246,1569,1,1,0,0,0.2995,2.098,goal,5399.3,-0.014669,0.42285,-0.876291,0.857195,5.153627,0.882452,0.715148,5.993618,0.397718,0.405051,-0.924518,1.010949,,,,,,,,,,,,,,0,gru
306,395443,593.8432,599.0112,1567,1,1,0,0,0.2994,2.061,goal,5419.9,-0.028495,0.447591,-0.883297,0.882882,5.194722,0.808734,0.944871,5.995488,0.400206,0.406963,-0.986979,1.0,,,,,,,,,,,,,,0,gru
307,395846,72.4466,546.1644,403,0,0,1,0,3.0673,2.081,collision,5425.1,0.048881,0.437063,-0.84169,0.852498,5.123259,0.863044,0.808781,5.971068,0.382364,0.396696,-0.611232,1.0,,,,,,,,,,,,,,0,gru
308,397255,592.0543,544.815,1409,1,1,0,0,0.2995,2.108,goal,5446.6,0.02546,0.41763,-0.864507,0.866701,5.187689,0.845035,1.198238,5.994476,0.385462,0.397565,-0.654152,1.0,0.032934,0.003549,1.782887,0.004082,0.024038,0.085414,0.011801,0.061582,0.0001,,,,,0,gru
309,398815,608.6184,546.5794,1560,1,1,0,0,0.2991,2.078,goal,5467.2,-0.030179,0.43569,-0.87851,0.87553,5.198916,0.850964,0.842975,5.993063,0.397693,0.404091,-0.883782,1.006007,,,,,,,,,,,,,,0,gru
310,398863,-35.4454,482.7866,48,0,0,1,0,3.8696,2.076,collision,5467.9,-0.227249,0.35417,-0.829558,0.59006,5.050728,1.018662,1.707856,5.93812,0.270524,0.35755,-0.470301,1.0,,,,,,,,,,,,,,0,gru
311,400286,597.575,482.6244,1423,1,1,0,0,0.2993,2.107,goal,5486.8,-0.018451,0.416769,-0.861432,0.843916,5.129622,0.896122,0.903736,5.990585,0.38342,0.396762,-0.667943,1.0,,,,,,,,,,,,,,0,gru
312,401704,590.8046,481.9962,1418,1,1,0,0,0.2997,2.109,goal,5507.4,0.030727,0.417883,-0.851281,0.889981,5.106892,0.923611,1.028567,5.98857,0.383898,0.398045,-0.733277,1.0,0.012007,0.002232,1.781769,0.00407,0.022741,0.125751,0.015324,0.082848,0.0001,,,,,0,gru
313,403130,598.4363,482.3369,1426,1,1,0,0,0.3,2.102,goal,5525.8,-0.00034,0.423015,-0.862203,0.870375,5.199942,0.82508,0.954091,5.99078,0.385149,0.396631,-0.671942,1.0,,,,,,,,,,,,,,0,gru
314,404560,594.2318,482.1189,1430,1,1,0,0,0.2995,2.092,goal,5544.7,0.019851,0.425713,-0.851396,0.865402,5.17716,0.852708,1.015514,5.993546,0.384812,0.398549,-0.738575,1.0,,,,,,,,,,,,,,0,gru
315,404582,-43.4313,416.9134,22,0,0,1,0,3.8728,1.921,collision,5545.1,-0.344353,0.408969,-0.878714,0.756737,5.054119,0.882066,2.489145,5.924622,0.2538,0.355188,-0.385909,1.0,,,,,,,,,,,,,,0,gru
316,406149,601.3571,417.6647,1567,1,1,0,0,0.2991,2.066,goal,5567.3,-0.019839,0.445997,-0.889169,0.879833,5.160818,0.86111,0.901164,5.991538,0.400657,0.406753,-0.951873,1.0,0.047617,0.00146,1.780969,0.004058,0.016314,0.154422,0.01062,0.107259,0.0001,,,,,0,gru
317,407599,595.335,469.9536,1450,1,1,0,0,0.2988,2.087,goal,5586.5,0.024824,0.430478,-0.856075,0.859761,5.147764,0.907834,0.705716,5.994461,0.385367,0.400126,-0.706146,1.0,,,,,,,,,,,,,,0,gru
318,409052,599.034,470.6516,1453,1,1,0,0,0.2992,2.117,goal,5605.4,0.015287,0.410543,-0.872395,0.856259,5.14215,0.900501,0.910403,5.993791,0.380077,0.396734,-0.837364,1.000118,,,,,,,,,,,,,,0,gru
319,410582,604.3062,470.2203,1530,1,1,0,0,0.2991,2.109,goal,5625.1,-0.01673,0.418279,-0.86628,0.8827,5.162453,0.890157,1.189975,5.992629,0.399197,0.403961,-0.855232,1.006762,,,,,,,,,,,,,,0,gru
320,412120,600.7132,533.8362,1538,1,1,0,0,0.298,2.092,goal,5647.3,-0.026877,0.430847,-0.86048,0.870377,5.193916,0.823786,0.875087,5.989145,0.400079,0.404708,-0.89247,1.0,-0.002743,0.001118,1.780662,0.004046,0.014956,0.120358,0.005188,0.077278,0.0001,,,,,0,gru
321,413688,598.0819,533.8869,1568,1,1,0,0,0.2996,2.091,goal,5668.0,-0.03037,0.425003,-0.849933,0.873804,5.175324,0.873106,0.412331,5.986769,0.399122,0.407186,-0.949775,1.0,,,,,,,,,,,,,,0,gru
322,415135,596.696,534.476,1447,1,1,0,0,0.2983,2.092,goal,5686.6,0.032788,0.428456,-0.857165,0.867521,5.203168,0.830081,0.393856,5.98751,0.38287,0.397019,-0.788611,1.0,,,,,,,,,,,,,,0,gru
323,415471,59.8809,480.6205,336,0,0,1,0,3.1308,2.066,collision,5690.9,0.174738,0.414635,-0.804152,0.87435,5.170589,0.835475,1.537031,5.99218,0.377526,0.3967,-0.580903,1.0,,,,,,,,,,,,,,0,gru
324,416892,591.4893,480.3462,1421,1,1,0,0,0.2987,2.123,goal,5711.2,0.009485,0.411571,-0.853627,0.873054,5.204751,0.84647,0.841632,5.993655,0.382439,0.396518,-0.796278,1.0,0.02829,0.002265,1.780145,0.004034,0.020062,0.110129,0.010514,0.082491,0.0001,,,,,0,gru
325,417285,74.0922,492.0986,393,0,0,1,0,3.1156,2.086,collision,5716.3,-0.024171,0.431521,-0.869029,0.863297,5.02582,0.944983,1.505993,5.97877,0.375716,0.394461,-0.612596,1.010764,,,,,,,,,,,,,,0,gru
326,418737,603.8445,492.3473,1452,1,1,0,0,0.2989,2.11,goal,5734.7,0.003934,0.415527,-0.866374,0.872381,5.143791,0.889067,0.517456,5.99266,0.378671,0.395418,-0.806988,1.001331,,,,,,,,,,,,,,0,gru
327,420198,595.7137,492.3852,1461,1,1,0,0,0.2996,2.087,goal,5753.6,0.032175,0.429706,-0.875318,0.886592,5.154968,0.8586,0.277785,5.990163,0.381045,0.398067,-0.758078,1.0,,,,,,,,,,,,,,0,gru
328,421646,605.2308,493.0049,1448,1,1,0,0,0.299,2.11,goal,5773.8,0.024079,0.416732,-0.85532,0.857253,5.170332,0.840445,0.376888,5.990936,0.381719,0.395939,-0.703233,1.001442,0.012774,0.002622,1.780417,0.004022,0.016348,0.098737,0.006833,0.067288,0.0001,,,,,0,gru
329,423101,605.2605,493.1003,1455,1,1,0,0,0.2986,2.114,goal,5792.9,-0.002988,0.416969,-0.865124,0.882768,5.183658,0.825122,0.821929,5.992677,0.37949,0.395111,-0.732078,1.004552,,,,,,,,,,,,,,0,gru
330,424493,584.8681,491.5158,1392,1,1,0,0,0.2998,2.124,goal,5810.9,0.016899,0.410314,-0.853636,0.879027,5.15948,0.829661,0.602041,5.987645,0.381792,0.397285,-0.748204,1.0,,,,,,,,,,,,,,0,gru
331,425933,598.1999,491.5276,1440,1,1,0,0,0.2997,2.129,goal,5829.5,0.00193,0.404879,-0.885065,0.860986,5.146227,0.896133,0.61808,5.990111,0.38226,0.397485,-0.753008,1.0,,,,,,,,,,,,,,0,gru
332,427368,601.7263,492.0306,1435,1,1,0,0,0.2996,2.107,goal,5849.6,-0.010218,0.417962,-0.871266,0.837212,5.144058,0.898037,0.521121,5.989172,0.379455,0.395097,-0.68541,1.0,-0.018488,0.000832,1.781164,0.00401,0.013714,0.132096,0.007988,0.094837,0.0001,,,,,0,gru
333,428805,599.0622,545.9487,1437,1,1,0,0,0.299,2.112,goal,5868.4,0.014892,0.415432,-0.867697,0.85114,5.2083,0.838958,1.125439,5.994572,0.380647,0.396782,-0.763901,1.0,,,,,,,,,,,,,,0,gru
334,430237,597.4906,546.5489,1432,1,1,0,0,0.2994,2.112,goal,5887.1,-0.003749,0.415733,-0.842794,0.881924,5.205706,0.822819,0.87983,5.990597,0.383434,0.397577,-0.767869,1.0,,,,,,,,,,,,,,0,gru
335,431669,597.0799,598.8476,1432,1,1,0,0,0.2987,2.134,goal,5905.9,0.009567,0.406248,-0.845277,0.870241,5.165648,0.869907,0.586449,5.985628,0.381164,0.396455,-0.726682,1.000802,,,,,,,,,,,,,,0,gru
336,433162,613.8034,599.8435,1493,1,1,0,0,0.2985,2.088,goal,5926.4,0.02961,0.430775,-0.854142,0.881972,5.1792,0.875026,1.105288,5.994421,0.388175,0.399719,-0.721963,1.01484,-0.009074,0.000994,1.780742,0.003998,0.01299,0.14735,0.006177,0.096815,0.0001,,,,,0,gru
337,434622,600.1277,600.2849,1460,1,1,0,0,0.2997,2.099,goal,5945.5,0.035761,0.42462,-0.849937,0.880541,5.112512,0.892879,0.306073,5.994853,0.385782,0.398375,-0.781747,1.0,,,,,,,,,,,,,,0,gru
338,436090,599.0469,599.6666,1468,1,1,0,0,0.2989,2.101,goal,5964.9,0.023565,0.422259,-0.845187,0.876609,5.139662,0.861014,0.585276,5.987141,0.37918,0.396587,-0.879167,1.0,,,,,,,,,,,,,,0,gru
339,437541,599.8342,599.1239,1451,1,1,0,0,0.2998,2.118,goal,5983.7,0.019343,0.414765,-0.868496,0.868114,5.194784,0.850253,0.628194,5.996737,0.383463,0.396975,-0.842617,1.0,,,,,,,,,,,,,,0,gru
340,439017,612.1049,601.8476,1476,1,1,0,0,0.2996,2.099,goal,6004.7,-0.01117,0.42319,-0.882208,0.863249,5.159086,0.864725,0.555765,5.988125,0.382024,0.396767,-0.773959,1.010256,-0.005941,0.001042,1.77915,0.003986,0.017412,0.213349,0.01297,0.153758,0.0001,,,,,0,gru
341,440479,599.9773,602.0253,1462,1,1,0,0,0.2996,2.112,goal,6023.4,0.017687,0.416737,-0.875395,0.875809,5.169981,0.860956,0.649755,5.987575,0.381587,0.398074,-0.847777,1.0,,,,,,,,,,,,,,0,gru
342,441952,606.3577,602.4885,1473,1,1,0,0,0.2994,2.122,goal,6042.5,-0.001872,0.411643,-0.853889,0.864168,5.15608,0.885481,0.622401,5.989186,0.380577,0.396407,-0.859665,1.012121,,,,,,,,,,,,,,0,gru
343,443394,598.4379,602.426,1442,1,1,0,0,0.2998,2.13,goal,6061.3,0.020885,0.405082,-0.842086,0.861766,5.213763,0.82235,0.718684,5.989596,0.380984,0.395884,-0.79936,1.003257,,,,,,,,,,,,,,0,gru
344,443709,55.9647,548.2735,315,0,0,1,0,3.1468,2.075,collision,6067.0,0.057591,0.432659,-0.867435,0.853084,5.108591,0.94076,0.868743,5.984011,0.371719,0.391686,-0.305543,1.0,0.024536,0.003019,1.778355,0.003974,0.020912,0.110903,0.007191,0.080934,0.0001,,,,,0,gru
345,445149,593.3716,547.9026,1440,1,1,0,0,0.2995,2.106,goal,6085.2,0.017269,0.419182,-0.852598,0.853275,5.217964,0.825286,0.664827,5.989148,0.381546,0.39698,-0.839053,1.0,,,,,,,,,,,,,,0,gru
346,446633,606.5333,547.1756,1484,1,1,0,0,0.2986,2.094,goal,6103.6,0.030232,0.426127,-0.881013,0.874391,5.183068,0.845557,1.054447,5.99721,0.387486,0.399041,-0.76344,1.007232,,,,,,,,,,,,,,0,gru
347,448047,584.4969,545.6125,1414,1,1,0,0,0.2996,2.131,goal,6121.6,0.017853,0.403779,-0.868074,0.849361,5.191416,0.82784,0.718632,5.993031,0.38331,0.397601,-0.917463,1.0,,,,,,,,,,,,,,0,gru
348,449468,593.3056,545.0384,1421,1,1,0,0,0.2981,2.105,goal,6142.5,0.025618,0.419638,-0.876748,0.880737,5.225391,0.83055,0.937869,5.995427,0.384389,0.397226,-0.725813,1.0,0.005625,0.000869,1.777983,0.003962,0.013885,0.183781,0.006608,0.128919,0.0001,,,,,0,gru
349,450898,598.75,544.93,1430,1,1,0,0,0.2989,2.116,goal,6161.0,-0.001413,0.416045,-0.864811,0.870196,5.186155,0.832482,0.809518,5.995406,0.388274,0.398367,-0.73584,1.0,,,,,,,,,,,,,,0,gru
350,452298,588.1535,542.5349,1400,1,1,0,0,0.299,2.13,goal,6179.0,0.00974,0.404421,-0.875024,0.869168,5.174685,0.831144,0.893612,5.997897,0.383835,0.397865,-0.747796,1.0,,,,,,,,,,,,,,0,gru
351,453759,606.4599,543.1831,1461,1,1,0,0,0.2998,2.11,goal,6198.1,0.020101,0.410588,-0.845231,0.861698,5.135669,0.919418,0.284466,5.994037,0.381278,0.39576,-0.754758,1.006955,,,,,,,,,,,,,,0,gru
352,455339,606.5129,543.1986,1580,1,1,0,0,0.2992,2.083,goal,6222.0,-0.027333,0.431124,-0.872308,0.888534,5.128875,0.912231,0.539191,5.990757,0.399833,0.406482,-0.900866,1.005236,0.000569,0.000966,1.777293,0.00395,0.014164,0.152556,0.011618,0.100192,0.0001,,,,,0,gru
353,456766,598.2661,543.1815,1427,1,1,0,0,0.2985,2.129,goal,6240.9,0.010197,0.402306,-0.878426,0.839415,5.155145,0.902969,0.500103,5.992685,0.383176,0.396288,-0.75766,1.0,,,,,,,,,,,,,,0,gru
354,458243,607.4579,598.3308,1477,1,1,0,0,0.2998,2.089,goal,6260.5,0.037861,0.426755,-0.856211,0.86232,5.198279,0.851665,0.996546,5.99033,0.387076,0.397875,-0.765344,1.006176,,,,,,,,,,,,,,0,gru
355,459703,606.7769,599.6713,1460,1,1,0,0,0.2986,2.096,goal,6279.5,0.000745,0.426488,-0.881298,0.885617,5.201399,0.846995,0.719924,5.99567,0.381082,0.395558,-0.702615,1.000207,,,,,,,,,,,,,,0,gru
356,461172,612.1763,600.2356,1469,1,1,0,0,0.2988,2.103,goal,6301.3,0.009758,0.422598,-0.881862,0.851371,5.192427,0.838147,1.032062,5.991908,0.385679,0.396452,-0.759447,1.010199,-0.010691,0.001004,1.776748,0.003938,0.012115,0.16532,0.009742,0.117579,0.0001,,,,,0,gru
357,462725,605.8966,602.3756,1553,1,1,0,0,0.299,2.07,goal,6321.0,-0.01658,0.441027,-0.875075,0.89448,5.166931,0.884927,0.648935,5.992874,0.396282,0.403804,-0.907545,1.0,,,,,,,,,,,,,,0,gru
358,464160,596.6923,602.7142,1435,1,1,0,0,0.2992,2.115,goal,6339.5,0.010207,0.413502,-0.878317,0.868153,5.191119,0.822944,0.517389,5.992687,0.386107,0.396766,-0.762359,1.0,,,,,,,,,,,,,,0,gru
359,465585,589.6447,601.8037,1425,1,1,0,0,0.2997,2.105,goal,6358.0,0.021829,0.417032,-0.849719,0.871306,5.13537,0.883476,1.158336,5.995034,0.387493,0.39688,-0.842264,1.0,,,,,,,,,,,,,,0,gru
360,467023,593.47,602.3354,1438,1,1,0,0,0.2987,2.106,goal,6378.6,0.025034,0.418785,-0.867948,0.865552,5.136081,0.907546,0.936734,5.998444,0.389329,0.399226,-0.742392,1.0,-0.011008,0.000951,1.775683,0.003926,0.012904,0.113813,0.008222,0.078962,0.0001,,,,,0,gru
361,468588,576.3218,599.3216,1565,1,1,0,0,0.2998,2.083,goal,6398.8,-0.033376,0.435005,-0.883396,0.890319,5.179538,0.852237,0.706019,5.994498,0.398483,0.408275,-0.997597,1.0,,,,,,,,,,,,,,0,gru
362,470027,603.4184,599.0121,1439,1,1,0,0,0.2996,2.123,goal,6417.0,0.005642,0.408734,-0.877171,0.854454,5.211286,0.807277,0.768233,5.996696,0.389559,0.397352,-0.722251,1.00307,,,,,,,,,,,,,,0,gru
363,471427,589.5844,598.1439,1400,1,1,0,0,0.2998,2.114,goal,6434.8,0.03069,0.416621,-0.864936,0.891418,5.23996,0.814601,0.907854,5.985496,0.390391,0.398544,-0.612097,1.0,,,,,,,,,,,,,,0,gru
364,472855,598.1314,597.2113,1428,1,1,0,0,0.2998,2.101,goal,6455.4,0.001835,0.423368,-0.882528,0.811685,5.210992,0.807413,0.410695,5.996145,0.386895,0.395707,-0.697756,1.0,-0.025336,0.000906,1.774581,0.003914,0.016604,0.102169,0.015204,0.067625,0.0001,,,,,0,gru
365,474276,593.2557,595.8592,1421,1,1,0,0,0.2997,2.13,goal,6473.6,0.011123,0.40862,-0.859272,0.87402,5.221729,0.807047,0.869233,5.993186,0.385841,0.39697,-0.71381,1.0,,,,,,,,,,,,,,0,gru
366,475699,595.0489,594.1464,1423,1,1,0,0,0.2998,2.114,goal,6491.9,0.016569,0.4123,-0.884682,0.86366,5.176187,0.877512,1.086025,5.988432,0.38416,0.396672,-0.665285,1.0,,,,,,,,,,,,,,0,gru
367,477268,579.659,591.5227,1569,1,1,0,0,0.2994,2.072,goal,6512.5,-0.037015,0.441801,-0.874122,0.878438,5.203844,0.833502,0.995884,5.994789,0.395689,0.407338,-0.998463,1.0,,,,,,,,,,,,,,0,gru
368,478668,586.0192,590.4553,1400,1,1,0,0,0.2992,2.128,goal,6533.5,0.018542,0.405619,-0.870483,0.862236,5.230681,0.837543,0.741088,5.994155,0.386809,0.396935,-0.770247,1.0,-0.00529,0.000856,1.773402,0.003902,0.013422,0.107149,0.008884,0.066082,0.0001,,,,,0,gru
369,480106,599.5669,591.4476,1438,1,1,0,0,0.2996,2.123,goal,6552.0,0.009543,0.407204,-0.823485,0.865997,5.225676,0.862196,1.287277,5.988362,0.387442,0.395913,-0.701768,1.0,,,,,,,,,,,,,,0,gru
370,481533,588.6358,590.9641,1427,1,1,0,0,0.2995,2.104,goal,6569.7,0.047069,0.423204,-0.849061,0.884485,5.207213,0.803207,0.825202,5.991152,0.388219,0.398251,-0.781521,1.0,,,,,,,,,,,,,,0,gru
371,482932,587.8991,592.1219,1399,1,1,0,0,0.2983,2.122,goal,6588.0,0.010919,0.408087,-0.867412,0.86185,5.193117,0.859391,0.695296,5.991799,0.385207,0.397078,-0.656951,1.0,,,,,,,,,,,,,,0,gru
372,484363,601.8227,591.9623,1431,1,1,0,0,0.2982,2.117,goal,6608.2,0.016024,0.41252,-0.84992,0.859166,5.189968,0.812178,1.131134,5.990234,0.387964,0.397048,-0.631182,1.0,0.010481,0.000826,1.773132,0.00389,0.009988,0.123488,0.007434,0.0727,0.0001,,,,,0,gru
373,485810,604.9632,593.5002,1447,1,1,0,0,0.2993,2.13,goal,6626.7,0.007619,0.408613,-0.883656,0.865575,5.231152,0.827708,1.071259,5.993198,0.385507,0.396548,-0.640638,1.00951,,,,,,,,,,,,,,0,gru
374,487233,595.3607,593.2231,1423,1,1,0,0,0.2981,2.116,goal,6644.3,0.020437,0.412597,-0.872107,0.878533,5.223935,0.828301,1.033135,5.990846,0.388932,0.398114,-0.657597,1.0,,,,,,,,,,,,,,0,gru
375,488640,586.0258,592.5001,1407,1,1,0,0,0.2994,2.114,goal,6662.4,0.040758,0.415304,-0.843019,0.889625,5.20411,0.835983,0.432989,5.992801,0.386068,0.396808,-0.757022,1.0,,,,,,,,,,,,,,0,gru
376,490090,605.8911,593.5843,1450,1,1,0,0,0.2996,2.12,goal,6683.6,0.008886,0.406193,-0.817531,0.849745,5.217438,0.874139,0.701424,5.992523,0.387947,0.397369,-0.723968,1.008005,-0.003879,0.000756,1.772307,0.003878,0.014268,0.140402,0.013922,0.096751,0.0001,,,,,0,gru
377,491501,593.2757,594.946,1411,1,1,0,0,0.2989,2.124,goal,6701.6,0.03237,0.407466,-0.85369,0.858139,5.207228,0.832288,0.656176,5.992111,0.386253,0.394928,-0.635028,1.0,,,,,,,,,,,,,,0,gru
378,492901,592.0259,595.5467,1400,1,1,0,0,0.2999,2.115,goal,6719.4,0.017843,0.414143,-0.880472,0.852212,5.209988,0.81287,0.562753,5.989869,0.387824,0.397109,-0.579603,1.0,,,,,,,,,,,,,,0,gru
379,494305,591.7749,594.7675,1404,1,1,0,0,0.2979,2.103,goal,6737.4,-0.011672,0.422192,-0.882212,0.865313,5.241796,0.802967,1.073891,5.99328,0.386852,0.39598,-0.586979,1.0,,,,,,,,,,,,,,0,gru
380,495850,596.0423,595.5081,1545,1,1,0,0,0.2999,2.056,goal,6759.1,-0.02148,0.451887,-0.873773,0.881489,5.20667,0.837505,1.235124,5.992127,0.39636,0.404762,-0.96016,1.0,-0.032089,0.000944,1.771922,0.003866,0.01172,0.123962,0.002803,0.078496,0.0001,,,,,0,gru
381,497298,604.9467,597.2129,1448,1,1,0,0,0.2993,2.11,goal,6777.5,0.03931,0.414199,-0.874453,0.873342,5.207881,0.84438,0.550429,5.987327,0.393148,0.39917,-0.702517,1.006437,,,,,,,,,,,,,,0,gru
382,498746,605.308,597.5614,1448,1,1,0,0,0.2979,2.122,goal,6796.0,0.029629,0.411416,-0.883844,0.849667,5.22071,0.827594,0.66262,5.994179,0.389623,0.397884,-0.656644,1.009127,,,,,,,,,,,,,,0,gru
383,500157,591.4139,596.2065,1411,1,1,0,0,0.2993,2.113,goal,6813.4,0.044623,0.418266,-0.83669,0.873251,5.212508,0.832065,1.048931,5.989304,0.390807,0.39808,-0.755281,1.0,,,,,,,,,,,,,,0,gru
384,501573,597.6879,596.4392,1416,1,1,0,0,0.2996,2.119,goal,6832.8,0.00415,0.413279,-0.878516,0.82438,5.195881,0.81137,0.531142,5.991044,0.386361,0.395736,-0.677635,1.0,0.002875,0.000785,1.770715,0.003854,0.008869,0.110097,0.003054,0.072634,0.0001,,,,,0,gru
385,502974,593.6325,597.1999,1401,1,1,0,0,0.2977,2.105,goal,6850.7,0.004832,0.419719,-0.883241,0.866419,5.272307,0.783076,0.61672,5.988369,0.388504,0.398575,-0.533201,1.0,,,,,,,,,,,,,,0,gru
386,504415,606.6164,597.2724,1441,1,1,0,0,0.2978,2.123,goal,6869.1,0.001783,0.414075,-0.89035,0.851319,5.2552,0.778494,1.251645,5.994748,0.387857,0.395854,-0.614369,1.006696,,,,,,,,,,,,,,0,gru
387,506015,590.7253,597.0174,1600,1,1,0,0,0.2993,2.078,goal,6889.1,-0.026861,0.439918,-0.877494,0.860027,5.271917,0.763622,1.123803,5.994255,0.401475,0.409396,-0.997786,1.0,,,,,,,,,,,,,,0,gru
388,507420,592.8567,597.1005,1405,1,1,0,0,0.2982,2.116,goal,6908.4,0.007359,0.412194,-0.844294,0.854005,5.211985,0.84549,0.388933,5.989451,0.388151,0.39492,-0.639843,1.0,0.001217,0.000881,1.769504,0.003842,0.012183,0.096858,0.006532,0.06665,0.0001,,,,,0,gru
389,508962,584.2245,596.3454,1542,1,1,0,0,0.2985,2.063,goal,6928.4,-0.017199,0.449952,-0.880104,0.893903,5.188428,0.866698,1.330702,5.990953,0.394,0.405355,-0.971655,1.0,,,,,,,,,,,,,,0,gru
390,510372,592.5488,595.9961,1410,1,1,0,0,0.2992,2.117,goal,6946.1,0.026536,0.410133,-0.872486,0.877156,5.222735,0.852963,0.553398,5.991788,0.386783,0.396824,-0.654213,1.0,,,,,,,,,,,,,,0,gru
391,511800,598.9245,595.3939,1428,1,1,0,0,0.2985,2.114,goal,6964.2,0.005693,0.416216,-0.872448,0.867166,5.222333,0.786194,1.485004,5.992761,0.390279,0.397893,-0.637951,1.0,,,,,,,,,,,,,,0,gru
392,513211,596.0372,594.4668,1411,1,1,0,0,0.3,2.118,goal,6985.2,0.010143,0.412076,-0.862236,0.854887,5.267175,0.764259,1.267265,5.988472,0.385834,0.396357,-0.626292,1.0,-0.033216,0.001116,1.768402,0.00383,0.010649,0.113483,0.003852,0.063238,0.0001,,,,,0,gru
393,514717,592.335,594.5589,1506,1,1,0,0,0.2978,2.117,goal,7004.2,-0.021412,0.412407,-0.848725,0.877552,5.246321,0.806851,0.851716,5.993219,0.401993,0.405493,-0.900891,1.001165,,,,,,,,,,,,,,0,gru
394,516279,596.8003,594.4701,1562,1,1,0,0,0.2989,2.093,goal,7023.9,-0.032555,0.428304,-0.85785,0.891034,5.182833,0.863121,0.990254,5.99289,0.399248,0.405829,-0.949503,1.005969,,,,,,,,,,,,,,0,gru
395,517732,606.6758,595.7744,1453,1,1,0,0,0.2986,2.114,goal,7042.2,0.000908,0.41573,-0.861736,0.856606,5.275182,0.748572,1.086452,5.996899,0.385421,0.395929,-0.670811,1.006085,,,,,,,,,,,,,,0,gru
396,517760,-42.145,530.8983,28,0,0,1,0,3.8675,2.036,collision,7044.0,0.300062,0.362478,-0.311333,0.85606,4.901184,0.911038,2.395713,5.885327,0.209641,0.319257,-0.52447,1.0,0.070388,0.001055,1.766402,0.003818,0.010937,0.120147,0.003823,0.081991,0.0001,,,,,0,gru
397,519182,598.2221,531.648,1422,1,1,0,0,0.2995,2.125,goal,7061.8,0.002453,0.410079,-0.870067,0.855811,5.201626,0.854888,0.478482,5.989057,0.390022,0.397493,-0.66249,1.0,,,,,,,,,,,,,,0,gru
398,520608,598.5053,532.2128,1426,1,1,0,0,0.2977,2.121,goal,7079.9,0.028699,0.409037,-0.854515,0.87473,5.219012,0.838023,0.35702,5.985094,0.387582,0.39584,-0.605535,1.0,,,,,,,,,,,,,,0,gru
399,522012,595.0735,533.2977,1404,1,1,0,0,0.2982,2.143,goal,7097.7,0.006164,0.394855,-0.846076,0.848728,5.217586,0.836263,0.991921,5.99107,0.386705,0.395614,-0.569753,1.0,,,,,,,,,,,,,,0,gru
400,523547,604.659,534.5088,1535,1,1,0,0,0.2982,2.096,goal,7118.8,-0.010797,0.426017,-0.873317,0.88348,5.184396,0.874794,0.639268,5.995332,0.398021,0.403807,-0.847591,1.0,0.006136,0.000678,1.765153,0.003806,0.009279,0.163373,0.003349,0.108389,0.0001,,,,,0,gru
401,524949,594.1149,534.0278,1402,1,1,0,0,0.2994,2.118,goal,7136.1,0.011285,0.409793,-0.863679,0.851274,5.177967,0.844901,0.499259,5.991066,0.38713,0.397307,-0.593474,1.0,,,,,,,,,,,,,,0,gru
402,526401,606.9169,535.1158,1452,1,1,0,0,0.2987,2.103,goal,7154.5,-0.016417,0.419279,-0.886879,0.849853,5.176337,0.85101,0.576421,5.988456,0.385738,0.3961,-0.67558,1.0,,,,,,,,,,,,,,0,gru
403,527824,594.3532,535.3176,1423,1,1,0,0,0.2991,2.121,goal,7172.3,0.028988,0.406882,-0.849422,0.865051,5.205964,0.820539,0.775171,5.994109,0.384696,0.396729,-0.783388,1.0,,,,,,,,,,,,,,0,gru
404,529417,576.5945,533.297,1593,1,1,0,0,0.2997,2.069,goal,7193.9,-0.03483,0.44437,-0.881877,0.890206,5.202618,0.806149,1.080554,5.997284,0.393817,0.40689,-1.0,1.0,-0.02493,0.000685,1.765312,0.003794,0.010249,0.093624,0.004929,0.061932,0.0001,,,,,0,gru
405,530869,600.3472,532.6642,1452,1,1,0,0,0.2977,2.116,goal,7212.3,0.037604,0.41311,-0.880626,0.87101,5.174178,0.846905,0.77795,5.990281,0.38514,0.397914,-0.774287,1.004066,,,,,,,,,,,,,,0,gru
406,532399,590.3314,595.9118,1530,1,1,0,0,0.2996,2.109,goal,7231.5,-0.025183,0.418989,-0.854475,0.876133,5.16147,0.854807,0.855507,5.99182,0.401902,0.407503,-0.942743,1.0,,,,,,,,,,,,,,0,gru
407,533829,599.1418,596.0038,1430,1,1,0,0,0.2992,2.117,goal,7249.0,0.031605,0.414726,-0.861069,0.865249,5.167702,0.859624,0.30529,5.992785,0.390664,0.398005,-0.635284,1.0,,,,,,,,,,,,,,0,gru
408,535241,588.2528,594.9785,1412,1,1,0,0,0.299,2.106,goal,7268.5,0.029362,0.41528,-0.853612,0.871739,5.188388,0.864737,0.596194,5.993553,0.385807,0.396246,-0.793334,1.0,-0.006974,0.000661,1.764819,0.003782,0.012442,0.16967,0.009757,0.113198,0.0001,,,,,0,gru
409,535376,-26.5536,532.8158,135,0,0,1,0,3.8069,2.109,collision,7270.3,0.126523,0.402876,-0.816994,0.856357,5.123173,0.878678,1.18735,5.944169,0.339255,0.426127,-0.856854,1.0,,,,,,,,,,,,,,0,gru
410,536785,592.9678,531.6467,1409,1,1,0,0,0.2998,2.122,goal,7288.1,0.014145,0.409641,-0.861739,0.868904,5.203173,0.839762,0.749903,5.99027,0.382363,0.394914,-0.721174,1.0,,,,,,,,,,,,,,0,gru
411,538233,606.8521,532.9204,1448,1,1,0,0,0.2994,2.113,goal,7306.5,-0.009222,0.413909,-0.857806,0.857882,5.206008,0.839506,0.863138,5.989571,0.384771,0.394672,-0.607724,1.006513,,,,,,,,,,,,,,0,gru
412,539650,599.1905,532.1478,1417,1,1,0,0,0.2989,2.121,goal,7325.5,0.009982,0.413933,-0.868416,0.864126,5.236233,0.808031,0.725849,5.995641,0.387009,0.396637,-0.586478,1.0,0.046762,0.001721,1.764133,0.00377,0.014418,0.0716,0.009718,0.046119,0.0001,,,,,0,gru
413,541085,601.0244,532.8149,1435,1,1,0,0,0.2983,2.129,goal,7343.7,0.016761,0.404478,-0.860115,0.862635,5.227812,0.817197,0.68485,5.996359,0.384585,0.395931,-0.620351,1.003093,,,,,,,,,,,,,,0,gru
414,541464,73.7348,482.5289,379,0,0,1,0,3.1318,2.05,collision,7348.3,0.159816,0.42543,-0.775054,0.877529,5.134423,0.900796,0.931362,5.966227,0.377713,0.393351,-0.629536,1.010923,,,,,,,,,,,,,,0,gru
415,542901,603.1666,482.8109,1437,1,1,0,0,0.2996,2.125,goal,7366.1,0.005006,0.405092,-0.865118,0.85739,5.254272,0.800516,0.382839,5.985985,0.384333,0.395967,-0.610863,1.003696,,,,,,,,,,,,,,0,gru
416,544468,598.377,483.6154,1567,1,1,0,0,0.2985,2.099,goal,7387.8,-0.039292,0.423644,-0.872793,0.858625,5.265241,0.805452,0.603593,5.993211,0.396741,0.405448,-0.925156,1.012578,0.034116,0.002274,1.763974,0.003758,0.019445,0.057092,0.01079,0.040238,0.0001,,,,,0,gru
417,545887,595.6837,483.2696,1419,1,1,0,0,0.2982,2.126,goal,7405.6,0.003709,0.406853,-0.861808,0.856187,5.2354,0.812754,0.39285,5.992355,0.386203,0.39747,-0.729479,1.0,,,,,,,,,,,,,,0,gru
418,547318,595.8482,484.0292,1431,1,1,0,0,0.2977,2.131,goal,7424.3,0.018916,0.404003,-0.863214,0.849238,5.249402,0.793159,0.719077,5.994085,0.385363,0.397993,-0.690287,1.0,,,,,,,,,,,,,,0,gru
419,548374,314.7115,518.1557,1056,0,0,1,0,1.3017,2.104,collision,7437.7,0.058018,0.419313,-0.887226,0.874291,5.200675,0.813094,0.911686,5.994997,0.392263,0.399836,-0.734155,1.007425,,,,,,,,,,,,,,0,gru
420,549801,593.3911,518.198,1427,1,1,0,0,0.2989,2.137,goal,7458.6,0.037746,0.403796,-0.882817,0.875714,5.254697,0.771441,1.122931,5.995173,0.386283,0.398426,-0.692905,1.0,0.039153,0.002363,1.764043,0.003746,0.016089,0.068751,0.004915,0.044278,0.0001,,,,,0,gru
421,551238,604.1439,517.9272,1437,1,1,0,0,0.2976,2.122,goal,7476.8,0.006998,0.407537,-0.848545,0.839538,5.207735,0.841715,0.826644,5.99132,0.385917,0.395543,-0.575187,1.00396,,,,,,,,,,,,,,0,gru
422,552670,602.914,518.2995,1432,1,1,0,0,0.2993,2.117,goal,7494.7,-0.001983,0.413933,-0.86093,0.883987,5.200136,0.837549,0.955103,5.997494,0.387358,0.396624,-0.652809,1.0,,,,,,,,,,,,,,0,gru
423,554112,602.1731,518.4144,1442,1,1,0,0,0.2991,2.114,goal,7512.2,0.024167,0.413202,-0.852258,0.845119,5.217916,0.828612,0.828383,5.995302,0.385205,0.396678,-0.683458,1.0,,,,,,,,,,,,,,0,gru
424,555565,603.217,571.3626,1453,1,1,0,0,0.2986,2.117,goal,7533.0,0.036711,0.414616,-0.855485,0.856975,5.251874,0.776293,0.759875,5.992882,0.384696,0.397294,-0.699868,1.005517,0.005589,0.000629,1.763426,0.003734,0.0085,0.146278,0.002728,0.100043,0.0001,,,,,0,gru
425,556968,586.9245,569.7384,1403,1,1,0,0,0.2998,2.112,goal,7550.2,0.029317,0.411718,-0.845181,0.859597,5.221535,0.84144,1.028628,5.991573,0.384541,0.397895,-0.68869,1.0,,,,,,,,,,,,,,0,gru
426,558391,596.3187,569.5326,1423,1,1,0,0,0.2983,2.127,goal,7568.2,0.019607,0.41145,-0.855341,0.861029,5.206028,0.8223,1.418128,5.984688,0.383987,0.396359,-0.625538,1.0,,,,,,,,,,,,,,0,gru
427,559823,599.1931,569.8835,1432,1,1,0,0,0.2991,2.106,goal,7586.3,0.002559,0.418294,-0.86325,0.865321,5.209842,0.842478,0.936296,5.994605,0.382878,0.396096,-0.679802,1.0,,,,,,,,,,,,,,0,gru
428,561257,602.2951,570.5282,1434,1,1,0,0,0.2981,2.123,goal,7607.3,-0.001858,0.412574,-0.875939,0.87646,5.214391,0.797114,1.28199,5.991525,0.382916,0.395802,-0.621887,1.0,-0.013709,0.000565,1.762901,0.003722,0.008282,0.1276,0.002565,0.081991,0.0001,,,,,0,gru
429,562671,588.6028,597.9173,1414,1,1,0,0,0.2995,2.124,goal,7625.1,0.012331,0.405685,-0.859843,0.864562,5.221684,0.853576,0.801229,5.988183,0.382576,0.396051,-0.79031,1.0,,,,,,,,,,,,,,0,gru
430,563016,65.4942,545.1276,345,0,0,1,0,3.13,2.083,collision,7629.5,0.074169,0.428643,-0.838978,0.83087,5.222619,0.808845,1.955655,5.992232,0.372758,0.392421,-0.379974,1.0,,,,,,,,,,,,,,0,gru
431,564439,596.3115,544.3444,1423,1,1,0,0,0.2983,2.122,goal,7647.3,0.02653,0.411035,-0.861773,0.867045,5.242924,0.824252,0.58629,5.99362,0.38322,0.395993,-0.708307,1.0,,,,,,,,,,,,,,0,gru
432,564801,70.3375,491.0867,362,0,0,1,0,3.1033,2.07,collision,7653.0,0.127072,0.421231,-0.855134,0.876787,5.152828,0.921187,0.696659,5.982458,0.375124,0.393039,-0.442375,1.0,0.033512,0.00475,1.762738,0.00371,0.028134,0.148678,0.009893,0.112991,0.0001,,,,,0,gru
433,566235,600.1794,490.8874,1434,1,1,0,0,0.2988,2.12,goal,7671.3,0.003243,0.411219,-0.862282,0.882833,5.253164,0.79874,0.934289,5.994949,0.382026,0.396421,-0.687956,1.0,,,,,,,,,,,,,,0,gru
434,567691,605.1233,491.078,1456,1,1,0,0,0.2984,2.096,goal,7690.4,-0.006851,0.423916,-0.876752,0.854607,5.221127,0.812819,1.066493,5.99009,0.377643,0.393628,-0.736045,1.0,,,,,,,,,,,,,,0,gru
435,569146,603.7329,492.7589,1455,1,1,0,0,0.2988,2.107,goal,7709.1,0.022379,0.418995,-0.8696,0.862322,5.209051,0.84107,0.81436,5.995399,0.384029,0.396946,-0.686074,1.004844,,,,,,,,,,,,,,0,gru
436,570603,602.1982,493.3468,1457,1,1,0,0,0.2991,2.11,goal,7729.4,0.035622,0.418038,-0.86097,0.874324,5.240082,0.780515,0.781233,5.991312,0.386001,0.398468,-0.756414,1.004623,-0.005872,0.000711,1.762314,0.003698,0.012119,0.083096,0.004468,0.041948,0.0001,,,,,0,gru
437,572054,601.0861,493.5361,1451,1,1,0,0,0.2985,2.136,goal,7748.1,0.017245,0.402808,-0.888156,0.871025,5.245378,0.820333,0.680357,5.990345,0.382002,0.396892,-0.783018,1.009868,,,,,,,,,,,,,,0,gru
438,573508,606.408,493.9474,1454,1,1,0,0,0.2982,2.106,goal,7766.3,0.010939,0.419459,-0.882373,0.845875,5.201691,0.859759,0.469542,5.989627,0.378218,0.395569,-0.643611,1.004725,,,,,,,,,,,,,,0,gru
439,574955,599.3317,495.0203,1447,1,1,0,0,0.2988,2.098,goal,7784.2,0.014259,0.423136,-0.872557,0.861205,5.207471,0.83924,1.191378,5.986855,0.381299,0.395939,-0.783517,1.0,,,,,,,,,,,,,,0,gru
440,576364,591.6333,547.6342,1409,1,1,0,0,0.2996,2.113,goal,7803.2,0.004819,0.414446,-0.890993,0.867757,5.225468,0.824763,1.144586,5.991509,0.383924,0.397759,-0.702807,1.0,0.003121,0.000735,1.761372,0.003686,0.011022,0.174529,0.00319,0.121736,0.0001,,,,,0,gru
441,577792,598.0988,547.8129,1428,1,1,0,0,0.2987,2.129,goal,7820.8,0.008195,0.404814,-0.87824,0.869784,5.265123,0.794961,0.784441,5.996377,0.382016,0.39607,-0.715276,1.0,,,,,,,,,,,,,,0,gru
442,579236,604.6854,601.2477,1444,1,1,0,0,0.2996,2.118,goal,7838.9,0.029771,0.409413,-0.810292,0.873228,5.256394,0.8053,1.132215,5.989252,0.385268,0.396565,-0.648923,1.006405,,,,,,,,,,,,,,0,gru
443,580689,600.8583,601.3156,1453,1,1,0,0,0.2998,2.111,goal,7856.4,0.038287,0.417511,-0.885729,0.870286,5.25563,0.820195,0.823673,5.985329,0.380623,0.396794,-0.68068,1.002753,,,,,,,,,,,,,,0,gru
444,582162,606.7532,601.4786,1473,1,1,0,0,0.2987,2.098,goal,7877.0,0.028726,0.42592,-0.877222,0.889717,5.240398,0.821483,0.851575,5.995804,0.385092,0.396537,-0.772848,1.008261,0.008113,0.000789,1.761412,0.003674,0.012056,0.130409,0.007439,0.085656,0.0001,,,,,0,gru
445,583567,587.637,599.869,1405,1,1,0,0,0.2997,2.125,goal,7894.3,0.010613,0.41173,-0.866893,0.872518,5.23763,0.788824,1.142469,5.995528,0.38013,0.396686,-0.755261,1.0,,,,,,,,,,,,,,0,gru
446,585018,600.909,599.7401,1451,1,1,0,0,0.2999,2.106,goal,7912.1,0.026139,0.421723,-0.8703,0.881279,5.280814,0.749478,1.163517,5.990412,0.387924,0.398474,-0.714577,1.0,,,,,,,,,,,,,,0,gru
447,586480,608.7698,600.5084,1462,1,1,0,0,0.298,2.103,goal,7929.9,0.000849,0.421594,-0.868117,0.877233,5.230977,0.84529,0.505266,5.989745,0.379472,0.393532,-0.756933,1.004689,,,,,,,,,,,,,,0,gru
448,587918,601.0727,599.9749,1438,1,1,0,0,0.2978,2.116,goal,7948.9,0.014349,0.411975,-0.857876,0.874157,5.241855,0.824242,0.818295,5.98864,0.385212,0.396907,-0.633654,1.0,-0.01909,0.0006,1.760811,0.003662,0.011518,0.1517,0.00717,0.09743,0.0001,,,,,0,gru
449,589354,603.1419,600.3559,1436,1,1,0,0,0.2979,2.132,goal,7966.4,0.025056,0.406215,-0.849965,0.869792,5.294858,0.753954,1.080402,5.992394,0.386265,0.396326,-0.659474,1.008464,,,,,,,,,,,,,,0,gru
450,590896,604.6878,601.6614,1542,1,1,0,0,0.2979,2.115,goal,7985.1,-0.01857,0.41798,-0.861003,0.841953,5.228437,0.799882,1.402066,5.996873,0.397759,0.403897,-0.86795,1.0,,,,,,,,,,,,,,0,gru
451,592271,583.2422,600.1757,1375,1,1,0,0,0.2993,2.137,goal,8001.8,0.019858,0.400561,-0.851753,0.860451,5.308267,0.738448,0.695014,5.997669,0.387809,0.397939,-0.545646,1.0,,,,,,,,,,,,,,0,gru
452,593804,595.0108,599.2083,1533,1,1,0,0,0.2984,2.098,goal,8022.2,-0.019934,0.429155,-0.875679,0.87669,5.284117,0.767445,0.854551,5.993676,0.399193,0.404817,-0.924467,1.0,-0.009391,0.000729,1.760134,0.00365,0.014821,0.12129,0.013509,0.08276,0.0001,,,,,0,gru
453,595220,596.8461,598.807,1416,1,1,0,0,0.2991,2.137,goal,8039.7,0.008746,0.400816,-0.841946,0.844741,5.292226,0.771989,0.726116,5.996722,0.385138,0.396077,-0.590945,1.0,,,,,,,,,,,,,,0,gru
454,596638,599.2348,598.0552,1418,1,1,0,0,0.2993,2.122,goal,8057.6,0.01174,0.411114,-0.845198,0.853167,5.194779,0.868802,0.964067,5.993309,0.385149,0.395076,-0.598917,1.0,,,,,,,,,,,,,,0,gru
455,598086,603.8689,599.6784,1448,1,1,0,0,0.2984,2.12,goal,8075.2,0.020116,0.409951,-0.851159,0.879018,5.235555,0.823968,0.776046,5.994361,0.384699,0.395891,-0.688729,1.007656,,,,,,,,,,,,,,0,gru
456,599484,590.7604,598.6635,1398,1,1,0,0,0.299,2.12,goal,8093.7,0.02743,0.412528,-0.852998,0.863305,5.250566,0.769628,1.372682,5.988186,0.385004,0.397244,-0.629253,1.0,0.005027,0.000707,1.758953,0.003638,0.012017,0.121372,0.006937,0.069741,0.0001,,,,,0,gru
457,601033,595.9639,597.3829,1549,1,1,0,0,0.2995,2.111,goal,8113.5,-0.028359,0.416335,-0.865258,0.871611,5.228255,0.832092,0.754008,5.989628,0.396137,0.403783,-0.902453,1.007466,,,,,,,,,,,,,,0,gru
458,601415,74.9218,544.7679,382,0,0,1,0,3.0745,2.063,collision,8118.2,0.152598,0.422275,-0.851982,0.847591,5.165892,0.85239,1.64768,5.978759,0.38119,0.397378,-0.63561,1.0,,,,,,,,,,,,,,0,gru
459,602932,585.9819,543.0519,1517,1,1,0,0,0.2993,2.086,goal,8137.6,-0.035524,0.434518,-0.872216,0.888827,5.22065,0.836252,0.749448,5.988622,0.400712,0.406576,-0.954499,1.0,,,,,,,,,,,,,,0,gru
460,604386,605.1163,543.0947,1454,1,1,0,0,0.2995,2.095,goal,8157.1,0.039182,0.426625,-0.878486,0.885299,5.187353,0.887927,1.05313,5.991142,0.386173,0.39634,-0.746365,1.003731,0.039122,0.002057,1.758027,0.003626,0.016743,0.086674,0.005205,0.060257,0.0001,,,,,0,gru
461,605790,588.433,543.6138,1404,1,1,0,0,0.2998,2.123,goal,8174.0,0.035311,0.410307,-0.848838,0.869115,5.22047,0.833108,1.271435,5.994739,0.384096,0.397491,-0.701814,1.0,,,,,,,,,,,,,,0,gru
462,607224,598.258,543.9385,1434,1,1,0,0,0.2984,2.121,goal,8192.1,0.04097,0.409937,-0.870304,0.889495,5.23853,0.788524,0.446946,5.996279,0.388322,0.398646,-0.747038,1.000099,,,,,,,,,,,,,,0,gru
463,608673,604.162,544.6701,1449,1,1,0,0,0.2988,2.115,goal,8210.4,0.037384,0.415085,-0.872976,0.869017,5.236202,0.789216,0.76281,5.992171,0.386266,0.398023,-0.68608,1.008863,,,,,,,,,,,,,,0,gru
464,610072,592.9907,544.0457,1399,1,1,0,0,0.2997,2.128,goal,8229.5,0.014302,0.406587,-0.851032,0.873461,5.229578,0.846688,0.851856,5.987963,0.385611,0.396311,-0.55163,1.0,0.011594,0.000639,1.757566,0.003614,0.010727,0.14692,0.004742,0.101044,0.0001,,,,,0,gru
465,611608,597.7566,543.4345,1536,1,1,0,0,0.299,2.116,goal,8248.5,-0.015292,0.41795,-0.873077,0.878003,5.239417,0.814491,0.718342,5.996922,0.39639,0.404676,-0.90113,1.001322,,,,,,,,,,,,,,0,gru
466,613045,603.9423,544.7527,1437,1,1,0,0,0.2991,2.116,goal,8266.4,0.014008,0.410089,-0.863606,0.873732,5.203911,0.877635,0.712434,5.991375,0.382645,0.396404,-0.637838,1.000919,,,,,,,,,,,,,,0,gru
467,614433,586.4048,543.7968,1388,1,1,0,0,0.2975,2.126,goal,8284.6,0.020308,0.408337,-0.875801,0.863408,5.270518,0.767349,0.719488,5.990801,0.385453,0.397689,-0.617109,1.0,,,,,,,,,,,,,,0,gru
468,615882,604.9639,596.801,1449,1,1,0,0,0.2992,2.117,goal,8305.9,-0.009574,0.413847,-0.867804,0.837629,5.237037,0.806965,0.76828,5.996883,0.382305,0.395569,-0.65093,1.005045,-0.005892,0.000666,1.757179,0.003602,0.013366,0.201628,0.010935,0.141132,0.0001,,,,,0,gru
469,617459,592.5323,597.456,1577,1,1,0,0,0.2988,2.078,goal,8326.8,-0.021688,0.441248,-0.887111,0.891241,5.254996,0.804366,1.016259,5.993937,0.397095,0.407522,-0.988771,1.0,,,,,,,,,,,,,,0,gru
470,618893,597.9637,596.7407,1434,1,1,0,0,0.2994,2.103,goal,8346.0,0.035926,0.417805,-0.853516,0.874082,5.251053,0.803206,0.437768,5.992249,0.382705,0.396697,-0.653447,1.0,,,,,,,,,,,,,,0,gru
471,620342,599.1262,597.81,1449,1,1,0,0,0.2992,2.098,goal,8365.0,0.031838,0.423518,-0.848423,0.865034,5.23231,0.82104,1.024336,5.99298,0.382702,0.396955,-0.693375,1.0,,,,,,,,,,,,,,0,gru
472,620702,71.002,545.0844,360,0,0,1,0,3.1366,2.11,collision,8371.4,0.07874,0.409128,-0.820275,0.816489,5.182437,0.807289,0.567474,5.990104,0.367885,0.387523,-0.368744,1.009468,0.025152,0.002155,1.756876,0.00359,0.01801,0.139849,0.007686,0.099967,0.0001,,,,,0,gru
473,622114,595.9275,544.261,1412,1,1,0,0,0.2988,2.128,goal,8389.8,0.003091,0.403127,-0.832539,0.853449,5.230936,0.82768,0.671149,5.996254,0.386464,0.398155,-0.760712,1.0,,,,,,,,,,,,,,0,gru
474,623539,595.3235,544.4943,1425,1,1,0,0,0.2991,2.123,goal,8408.4,-0.003841,0.408422,-0.848723,0.847302,5.238119,0.818171,1.129238,5.994731,0.381182,0.395415,-0.67869,1.0,,,,,,,,,,,,,,0,gru
475,625067,578.8317,542.6018,1528,1,1,0,0,0.2999,2.08,goal,8428.1,-0.029974,0.438275,-0.87801,0.877297,5.240334,0.797276,1.065788,5.995903,0.393484,0.405936,-0.956473,1.0,,,,,,,,,,,,,,0,gru
476,626475,590.4912,541.2567,1408,1,1,0,0,0.2984,2.127,goal,8448.3,0.007879,0.404873,-0.845968,0.84474,5.250557,0.794402,1.29443,5.990853,0.382774,0.39548,-0.746801,1.0,-0.006363,0.000747,1.757066,0.003578,0.011594,0.103176,0.003296,0.066201,0.0001,,,,,0,gru
477,627874,587.1373,541.3299,1399,1,1,0,0,0.2988,2.131,goal,8466.9,0.009503,0.40218,-0.843019,0.848199,5.168839,0.877106,0.487999,5.988432,0.381812,0.395083,-0.757723,1.0,,,,,,,,,,,,,,0,gru
478,629325,602.8992,541.1235,1451,1,1,0,0,0.2997,2.11,goal,8485.8,-0.000935,0.415485,-0.881677,0.870811,5.180124,0.867224,0.779375,5.990615,0.379599,0.395353,-0.720624,1.001055,,,,,,,,,,,,,,0,gru
479,630872,599.1462,541.7848,1547,1,1,0,0,0.2986,2.119,goal,8505.9,-0.02706,0.411385,-0.867937,0.876055,5.181644,0.846662,0.764542,5.991732,0.396701,0.404289,-0.876449,1.011618,,,,,,,,,,,,,,0,gru
480,632319,604.7854,542.467,1447,1,1,0,0,0.2992,2.113,goal,8527.0,-0.005969,0.413452,-0.854876,0.860603,5.198159,0.864262,0.705312,5.992682,0.387262,0.39776,-0.687958,1.002319,0.003057,0.000605,1.757127,0.003566,0.010336,0.106877,0.005828,0.069238,0.0001,,,,,0,gru
481,633779,594.1195,541.9663,1460,1,1,0,0,0.299,2.104,goal,8546.2,0.052707,0.41724,-0.844429,0.879182,5.189971,0.852565,0.891165,5.993529,0.384074,0.398554,-0.801429,1.0,,,,,,,,,,,,,,0,gru
482,635191,592.6342,594.1296,1412,1,1,0,0,0.2986,2.126,goal,8564.9,0.013055,0.408595,-0.863868,0.855585,5.245514,0.764125,1.144306,5.992594,0.380155,0.396276,-0.684676,1.0,,,,,,,,,,,,,,0,gru
483,636617,595.4615,594.083,1426,1,1,0,0,0.2986,2.129,goal,8583.7,0.03505,0.406194,-0.840682,0.87485,5.243991,0.8059,0.990022,5.994359,0.384909,0.397416,-0.642513,1.0,,,,,,,,,,,,,,0,gru
484,638065,597.8168,594.3323,1448,1,1,0,0,0.2984,2.117,goal,8604.4,0.038785,0.410431,-0.862137,0.872456,5.193693,0.832162,0.445512,5.994943,0.383881,0.397414,-0.721986,1.0,-0.014876,0.000828,1.757172,0.003554,0.013345,0.120018,0.00666,0.07944,0.0001,,,,,0,gru
485,639485,595.4968,595.9988,1420,1,1,0,0,0.2989,2.108,goal,8623.0,0.005899,0.415621,-0.844239,0.848252,5.229073,0.853499,0.195647,5.994824,0.381272,0.396346,-0.654835,1.0,,,,,,,,,,,,,,0,gru
486,640939,605.6945,597.5191,1454,1,1,0,0,0.3,2.113,goal,8640.7,0.014186,0.413611,-0.867574,0.85237,5.249938,0.804818,1.031622,5.991359,0.378751,0.395939,-0.746675,1.007278,,,,,,,,,,,,,,0,gru
487,642494,598.1659,598.622,1555,1,1,0,0,0.2995,2.106,goal,8659.5,-0.018035,0.420055,-0.88414,0.860766,5.229913,0.835634,0.883892,5.992366,0.394807,0.404444,-0.930002,1.000024,,,,,,,,,,,,,,0,gru
488,642863,73.9387,545.7259,369,0,0,1,0,3.1298,2.097,collision,8666.1,0.086222,0.418375,-0.831285,0.818289,5.165166,0.884606,0.968767,5.973416,0.374993,0.392406,-0.408366,1.012556,0.036718,0.002083,1.757015,0.003542,0.020377,0.124099,0.009148,0.088523,0.0001,,,,,0,gru
489,644262,583.5677,544.1681,1399,1,1,0,0,0.2995,2.137,goal,8684.2,0.023373,0.398003,-0.809243,0.826878,5.248796,0.784766,1.457372,5.993,0.382578,0.397392,-0.665169,1.0,,,,,,,,,,,,,,0,gru
490,645708,600.8598,543.7755,1446,1,1,0,0,0.299,2.126,goal,8702.8,0.030595,0.40651,-0.810584,0.85729,5.18864,0.859024,1.016773,5.983727,0.375838,0.394018,-0.780603,1.006831,,,,,,,,,,,,,,0,gru
491,647104,586.4592,543.0095,1396,1,1,0,0,0.2991,2.131,goal,8721.3,-0.00275,0.403947,-0.866183,0.839032,5.225587,0.799089,0.770069,5.995417,0.379639,0.396497,-0.688998,1.0,,,,,,,,,,,,,,0,gru
492,647463,69.772,490.7233,359,0,0,1,0,3.1434,2.048,collision,8727.6,0.10945,0.441211,-0.844454,0.855903,5.095886,0.915057,1.431667,5.979972,0.373413,0.391401,-0.485426,1.003848,0.012237,0.002436,1.756892,0.00353,0.018758,0.096191,0.005598,0.067455,0.0001,,,,,0,gru
493,648875,590.3315,490.2103,1412,1,1,0,0,0.2995,2.105,goal,8745.6,0.010485,0.416983,-0.821159,0.869788,5.235189,0.834787,0.949679,5.995281,0.382098,0.397456,-0.684509,1.0,,,,,,,,,,,,,,0,gru
494,650315,598.5697,490.2856,1440,1,1,0,0,0.299,2.126,goal,8763.9,0.017712,0.40835,-0.880056,0.864971,5.223055,0.83887,0.615165,5.991586,0.38067,0.39609,-0.702709,1.002822,,,,,,,,,,,,,,0,gru
495,651768,595.1476,490.2506,1453,1,1,0,0,0.2999,2.12,goal,8782.2,0.030494,0.409728,-0.874188,0.852058,5.212006,0.843464,0.728213,5.996824,0.377911,0.395939,-0.861093,1.0,,,,,,,,,,,,,,0,gru
496,653339,582.8287,487.9641,1571,1,1,0,0,0.2978,2.09,goal,8803.8,-0.035409,0.431861,-0.865862,0.877331,5.207706,0.84228,0.776387,5.992151,0.399113,0.409175,-0.986858,1.0,-0.000175,0.000876,1.756887,0.003518,0.016211,0.157745,0.00816,0.106296,0.0001,,,,,0,gru
497,654905,601.0193,488.2494,1566,1,1,0,0,0.2997,2.106,goal,8823.9,-0.022507,0.417625,-0.892556,0.847784,5.205952,0.82645,0.904044,5.993094,0.396109,0.405576,-0.907269,1.004573,,,,,,,,,,,,,,0,gru
498,656368,593.4255,540.1981,1463,1,1,0,0,0.2996,2.112,goal,8843.1,0.04102,0.415805,-0.865239,0.886982,5.248448,0.785058,1.347858,5.985653,0.381438,0.398425,-0.788654,1.0,,,,,,,,,,,,,,0,gru
499,656676,52.9626,487.1376,308,0,0,1,0,3.1472,2.099,collision,8847.0,0.104971,0.409223,-0.783024,0.850241,5.127914,0.87233,1.304579,5.979074,0.373996,0.392338,-0.438078,1.0,,,,,,,,,,,,,,0,gru
500,658069,579.1186,484.9635,1393,1,1,0,0,0.2979,2.149,goal,8866.4,0.013239,0.397408,-0.867068,0.872367,5.209877,0.81975,0.437402,5.989575,0.377064,0.395082,-0.775826,1.0,0.037816,0.00224,1.756945,0.003506,0.018016,0.148684,0.006306,0.100684,0.0001,,,,,0,gru
