episode,global_step,reward,avg10,length,success,goal_touched,collision,timeout,min_dist,avg_speed_ms,end_reason,elapsed_s,act0_mean,act0_std,act0_min,act0_max,act1_mean,act1_std,act1_min,act1_max,obs_mean,obs_std,obs_min,obs_max,actor_loss,critic_loss,policy_entropy,entropy_coef,value_residual,grad_norm_actor,grad_norm_critic,grad_norm_rnn,lr_actor,lr_critic,alpha,alpha_loss,target_update_magnitude,replay_buffer_size,recurrent_cell
1,1593,-5.8361,-5.8361,1593,0,0,1,0,2.3223,1.854,collision,20.8,0.049932,0.433143,-0.832674,0.874449,3.131333,1.433537,0.132537,5.916229,0.424206,0.441798,-0.789585,1.0,,,,,,,,,,,,,,0,gru
2,2966,266.5253,130.3446,1373,0,0,1,0,1.4212,1.878,collision,39.1,0.029846,0.422206,-0.861242,0.869984,3.12184,1.442602,0.134187,5.875316,0.439195,0.421624,-0.412275,1.0,,,,,,,,,,,,,,0,gru
3,4327,-60.7739,66.6384,1361,0,0,1,0,2.7096,1.867,collision,57.1,0.048481,0.428776,-0.862961,0.842636,3.146724,1.448812,0.114247,5.903783,0.414997,0.451904,-0.926389,1.0,,,,,,,,,,,,,,0,gru
4,5858,-17.9356,45.4949,1531,0,0,1,0,2.3042,1.863,collision,82.0,0.051294,0.425654,-0.868382,0.860432,3.126744,1.426972,0.075069,5.885895,0.424442,0.447572,-0.954242,1.0,-0.007083,0.008328,1.837994,0.004994,0.07311,0.052929,0.019969,0.0309,3.7e-05,,,,,0,gru
5,7231,341.1967,104.6353,1373,0,0,1,0,1.1538,1.861,collision,99.0,0.019808,0.422343,-0.841887,0.860417,3.071514,1.439232,0.15384,5.826848,0.440114,0.417606,-0.385184,1.0,,,,,,,,,,,,,,0,gru
6,8649,368.1569,148.5555,1418,0,0,1,0,1.0939,1.856,collision,117.3,0.014381,0.430351,-0.874051,0.873408,3.11125,1.425089,0.169184,5.844636,0.441922,0.421289,-0.334096,1.008616,,,,,,,,,,,,,,0,gru
7,10037,406.8999,185.4619,1388,0,0,1,0,0.7958,1.857,collision,134.9,0.048238,0.423842,-0.879142,0.869175,3.002685,1.386216,0.11786,5.852469,0.445774,0.431771,-0.568483,1.0,,,,,,,,,,,,,,0,gru
8,11457,358.0976,207.0414,1420,0,0,1,0,1.1189,1.861,collision,154.5,0.038784,0.431854,-0.855125,0.864822,3.11925,1.41876,0.101717,5.900084,0.438515,0.422125,-0.451633,1.003493,0.017315,0.005718,1.838421,0.004982,0.069308,0.057648,0.025666,0.034932,4.9e-05,,,,,0,gru
9,12852,422.5136,230.9827,1395,0,0,1,0,0.8669,1.843,collision,171.4,0.026112,0.418252,-0.879802,0.849617,2.999981,1.420528,0.156025,5.891155,0.447822,0.425599,-0.40682,1.003597,,,,,,,,,,,,,,0,gru
10,14446,660.343,273.9187,1594,1,1,0,0,0.2984,1.837,goal,190.4,0.015172,0.436879,-0.869971,0.86683,3.032294,1.416673,0.101039,5.907241,0.455484,0.430814,-0.423889,1.0,,,,,,,,,,,,,,0,gru
11,15845,426.7684,317.1792,1399,0,0,1,0,0.8581,1.829,collision,208.2,0.011576,0.427916,-0.87001,0.876444,3.01462,1.446828,0.120463,5.887285,0.455184,0.425556,-0.253655,1.005964,,,,,,,,,,,,,,0,gru
12,17242,430.7247,333.5991,1397,0,0,1,0,0.7558,1.848,collision,228.6,0.011661,0.428185,-0.883554,0.857204,3.006544,1.438567,0.061383,5.913959,0.454192,0.426342,-0.32268,1.0,0.007277,0.006198,1.838939,0.00497,0.067276,0.052011,0.030808,0.034755,6.1e-05,,,,,0,gru
13,18618,418.9021,381.5667,1376,0,0,1,0,0.8445,1.823,collision,245.4,0.018477,0.427062,-0.866988,0.868705,2.949361,1.439349,0.09305,5.906959,0.450358,0.424905,-0.27097,1.0,,,,,,,,,,,,,,0,gru
14,20035,301.1766,413.478,1417,0,0,1,0,1.3186,1.837,collision,263.0,0.023471,0.433618,-0.87231,0.862291,3.028559,1.426302,0.039118,5.922723,0.440413,0.422095,-0.532037,1.0,,,,,,,,,,,,,,0,gru
15,21493,269.3823,406.2965,1458,0,0,1,0,1.4636,1.838,collision,280.9,0.013757,0.43271,-0.862901,0.862026,3.04222,1.438902,0.054319,5.923368,0.438809,0.423715,-0.463168,1.0,,,,,,,,,,,,,,0,gru
16,22892,380.3611,407.5169,1399,0,0,1,0,0.9365,1.865,collision,300.2,0.02862,0.421112,-0.861059,0.880337,3.045452,1.42921,0.095839,5.878511,0.434086,0.438099,-0.636818,1.0,0.017146,0.004711,1.839623,0.004958,0.043581,0.069633,0.006037,0.031363,7.3e-05,,,,,0,gru
17,24384,267.0055,393.5275,1492,0,0,1,0,1.5081,1.813,collision,318.7,0.021685,0.430046,-0.872188,0.877331,2.962133,1.444314,0.130511,5.887451,0.439543,0.425428,-0.47435,1.0,,,,,,,,,,,,,,0,gru
18,26066,646.5051,422.3682,1682,1,1,0,0,0.2975,1.833,goal,339.8,0.033013,0.431819,-0.874751,0.859497,2.990712,1.417091,0.08741,5.937074,0.449671,0.439851,-0.630147,1.0,,,,,,,,,,,,,,0,gru
19,27554,240.1892,404.1358,1488,0,0,1,0,1.5782,1.854,collision,359.0,0.036112,0.419992,-0.88558,0.861239,3.009446,1.421627,0.072329,5.928385,0.434913,0.427355,-0.537367,1.0,,,,,,,,,,,,,,0,gru
20,28950,272.0999,365.3115,1396,0,0,1,0,1.3923,1.861,collision,378.9,0.025042,0.422996,-0.84935,0.873875,3.033843,1.406004,0.079922,5.921752,0.439141,0.423068,-0.450432,1.0,0.000589,0.005748,1.840798,0.004946,0.04698,0.04921,0.004738,0.022704,8.5e-05,,,,,0,gru
21,30353,406.5216,363.2868,1403,0,0,1,0,0.8637,1.845,collision,396.7,0.040839,0.429948,-0.856882,0.874805,3.021396,1.405628,0.171477,5.941978,0.443231,0.428077,-0.562903,1.0,,,,,,,,,,,,,,0,gru
22,31840,251.6876,345.3831,1487,0,0,1,0,1.5523,1.829,collision,415.6,0.051937,0.425741,-0.85668,0.875324,2.944371,1.419876,0.126877,5.93829,0.437,0.427287,-0.531729,1.0,,,,,,,,,,,,,,0,gru
23,33571,649.2092,368.4138,1731,1,1,0,0,0.2983,1.827,goal,437.7,0.030896,0.42654,-0.866413,0.880849,2.981823,1.443919,0.120758,5.861965,0.448471,0.44011,-0.632878,1.002366,,,,,,,,,,,,,,0,gru
24,34708,-234.5772,314.8384,1137,0,0,1,0,3.3007,1.823,collision,454.1,0.068081,0.430043,-0.868911,0.871849,2.996179,1.441696,0.104314,5.855434,0.386714,0.470981,-0.999997,1.0,-0.006509,0.009121,1.841318,0.004934,0.068354,0.068197,0.008051,0.037501,9.7e-05,,,,,0,gru
25,36278,659.8367,353.8839,1570,1,1,0,0,0.2983,1.841,goal,473.8,0.001448,0.427248,-0.867976,0.867004,2.994088,1.421197,0.15922,5.885709,0.457875,0.429708,-0.230732,1.0,,,,,,,,,,,,,,0,gru
26,37440,-174.3082,298.4169,1162,0,0,1,0,3.2646,1.83,collision,488.7,0.048036,0.428436,-0.866504,0.878522,3.009585,1.474899,0.082652,5.85072,0.396028,0.465306,-1.0,1.0,,,,,,,,,,,,,,0,gru
27,38865,403.8025,312.0966,1425,0,0,1,0,0.9565,1.833,collision,506.8,0.02998,0.422854,-0.860633,0.870632,2.922196,1.411123,0.1612,5.88676,0.442155,0.42367,-0.407995,1.005874,,,,,,,,,,,,,,0,gru
28,40469,664.225,313.8686,1604,1,1,0,0,0.2985,1.817,goal,529.0,0.015432,0.436587,-0.86111,0.882453,2.989783,1.432647,0.147501,5.881466,0.45798,0.427429,-0.210751,1.0,-0.00327,0.008595,1.841565,0.004922,0.067803,0.090908,0.007786,0.043485,0.0001,,,,,0,gru
29,42053,105.9975,300.4495,1584,0,0,1,0,2.0622,1.818,collision,548.7,-0.001148,0.42858,-0.863594,0.852659,2.955399,1.439191,0.145155,5.930044,0.413872,0.452859,-1.0,1.0,,,,,,,,,,,,,,0,gru
30,43439,429.4005,316.1795,1386,0,0,1,0,0.8003,1.815,collision,565.9,-0.005491,0.427121,-0.868249,0.863167,2.956744,1.437017,0.099773,5.977749,0.455698,0.427591,-0.215179,1.0,,,,,,,,,,,,,,0,gru
31,44871,297.6622,305.2936,1432,0,0,1,0,1.2963,1.823,collision,584.3,-0.005643,0.424342,-0.842497,0.860932,2.920576,1.421659,0.085585,5.776383,0.442321,0.420567,-0.495332,1.0,,,,,,,,,,,,,,0,gru
32,46301,445.3754,324.6624,1430,0,0,1,0,0.7225,1.82,collision,604.6,0.025602,0.427512,-0.856742,0.876699,2.918176,1.416876,0.04141,5.903785,0.452432,0.426936,-0.313005,1.0,0.011988,0.005253,1.841338,0.00491,0.044299,0.042152,0.006941,0.022891,0.0001,,,,,0,gru
33,47680,399.1453,299.656,1379,0,0,1,0,0.9264,1.844,collision,621.8,0.00304,0.423307,-0.870845,0.875085,2.95005,1.395579,0.07187,5.872247,0.449382,0.42104,-0.33997,1.0,,,,,,,,,,,,,,0,gru
34,49100,-22.9479,320.8189,1420,0,0,1,0,2.7356,1.834,collision,639.6,-0.016411,0.423053,-0.860902,0.863323,2.991253,1.452106,0.114453,5.888339,0.410164,0.457768,-1.0,1.0,,,,,,,,,,,,,,0,gru
35,50495,363.742,291.2094,1395,0,0,1,0,1.0608,1.834,collision,657.3,0.011519,0.419603,-0.846416,0.862711,2.922364,1.437754,0.060393,5.877989,0.428786,0.433428,-0.657325,1.0,,,,,,,,,,,,,,0,gru
36,51962,292.6504,337.9053,1467,0,0,1,0,1.3853,1.8,collision,678.2,0.022882,0.431725,-0.870922,0.86937,2.872629,1.409904,0.138176,5.862169,0.437999,0.424065,-0.486407,1.0,0.006605,0.00585,1.841425,0.004898,0.053093,0.058858,0.008032,0.030604,0.0001,,,,,0,gru
37,53644,83.4663,305.8717,1682,0,0,1,0,2.2153,1.802,collision,699.9,0.013498,0.429625,-0.872854,0.878698,2.854665,1.420343,0.132279,5.849174,0.432795,0.434724,-0.63282,1.009524,,,,,,,,,,,,,,0,gru
38,55055,373.6443,276.8136,1411,0,0,1,0,1.0479,1.789,collision,717.9,0.014704,0.428192,-0.86894,0.868986,2.889463,1.447806,0.041197,5.819365,0.43889,0.418161,-0.362743,1.0,,,,,,,,,,,,,,0,gru
39,56585,169.703,283.1841,1530,0,0,1,0,1.8082,1.812,collision,737.5,0.012261,0.423027,-0.85463,0.887448,2.908561,1.455913,0.147184,5.902507,0.417127,0.449419,-0.983978,1.0,,,,,,,,,,,,,,0,gru
40,58026,411.6663,281.4107,1441,0,0,1,0,0.902,1.793,collision,757.7,0.025035,0.43744,-0.850644,0.852989,2.828338,1.42022,0.135889,5.932225,0.442039,0.426314,-0.451416,1.0,0.006922,0.004794,1.841954,0.004886,0.046714,0.062822,0.005914,0.034521,0.0001,,,,,0,gru
41,59291,-141.9031,237.4542,1265,0,0,1,0,3.02,1.77,collision,774.0,0.040702,0.43486,-0.865912,0.883753,2.804576,1.42261,0.073794,5.906371,0.40402,0.460588,-0.993511,1.0,,,,,,,,,,,,,,0,gru
42,60509,-115.8532,181.3313,1218,0,0,1,0,3.2427,1.79,collision,789.6,0.027616,0.428348,-0.871409,0.855091,2.838211,1.439397,0.148635,5.829152,0.409339,0.459276,-0.983232,1.012194,,,,,,,,,,,,,,0,gru
43,61952,403.4967,181.7665,1443,0,0,1,0,0.9424,1.782,collision,808.1,0.043392,0.426766,-0.858599,0.874451,2.873772,1.47988,0.065722,5.875726,0.43862,0.424471,-0.46121,1.0,,,,,,,,,,,,,,0,gru
44,63499,239.6931,208.0306,1547,0,0,1,0,1.53,1.825,collision,829.7,0.03079,0.416882,-0.875821,0.864481,2.887526,1.411769,0.079697,5.804764,0.418862,0.448948,-0.819078,1.0,-0.002357,0.006909,1.842249,0.004874,0.061965,0.070633,0.015479,0.031586,0.0001,,,,,0,gru
45,64796,-62.3756,165.4188,1297,0,0,1,0,2.8675,1.813,collision,846.5,0.041943,0.42363,-0.861551,0.871449,2.859812,1.398988,0.059515,5.904525,0.416873,0.450797,-0.882386,1.0,,,,,,,,,,,,,,0,gru
46,66215,346.417,170.7955,1419,0,0,1,0,1.1721,1.81,collision,864.1,0.033833,0.430116,-0.829055,0.873739,2.876452,1.399379,0.159034,5.916519,0.440019,0.420275,-0.403713,1.0,,,,,,,,,,,,,,0,gru
47,67709,311.5354,193.6024,1494,0,0,1,0,1.2354,1.796,collision,883.7,0.035178,0.428036,-0.868194,0.87789,2.82035,1.430232,0.078885,5.884875,0.421376,0.442225,-0.755155,1.0,,,,,,,,,,,,,,0,gru
48,69408,0.4612,156.2841,1699,0,0,1,0,2.2695,1.784,collision,907.5,0.043334,0.439525,-0.886103,0.877959,2.878269,1.436302,0.050558,5.930155,0.422299,0.438631,-0.734726,1.0,-0.002184,0.005329,1.842685,0.004862,0.057798,0.060696,0.00612,0.032216,0.0001,,,,,0,gru
49,71060,305.5335,169.8671,1652,0,0,1,0,1.2409,1.759,collision,929.0,0.054228,0.431498,-0.848212,0.878999,2.763139,1.441751,0.119225,5.879969,0.420722,0.449312,-0.842237,1.0,,,,,,,,,,,,,,0,gru
50,72579,405.5591,169.2564,1519,0,0,1,0,0.9622,1.779,collision,948.6,0.029,0.430985,-0.868895,0.874356,2.772384,1.423627,0.095127,5.912899,0.437592,0.426273,-0.465427,1.007998,,,,,,,,,,,,,,0,gru
51,74100,352.2275,218.6695,1521,0,0,1,0,1.1034,1.78,collision,968.0,0.058738,0.428667,-0.872186,0.882145,2.809487,1.420453,0.073924,5.879428,0.433122,0.427785,-0.613511,1.0,,,,,,,,,,,,,,0,gru
52,75743,101.7867,240.4335,1643,0,0,1,0,2.0447,1.776,collision,990.6,0.046575,0.430915,-0.871217,0.872882,2.802125,1.412133,0.105211,5.882476,0.431325,0.436126,-0.63788,1.0,0.015511,0.003067,1.842884,0.00485,0.041582,0.095921,0.006915,0.055998,0.0001,,,,,0,gru
53,77241,382.4178,238.3256,1498,0,0,1,0,0.9732,1.817,collision,1009.8,0.055981,0.418603,-0.887061,0.876723,2.882956,1.424437,0.123767,5.893707,0.434192,0.428136,-0.557151,1.0,,,,,,,,,,,,,,0,gru
54,78994,642.4457,278.6008,1753,1,1,0,0,0.2995,1.828,goal,1031.7,0.04817,0.430433,-0.854079,0.881411,2.93743,1.3882,0.164242,5.910091,0.446139,0.439071,-0.671058,1.0,,,,,,,,,,,,,,0,gru
55,80561,295.9102,314.4294,1567,0,0,1,0,1.3059,1.768,collision,1051.8,0.072713,0.424764,-0.872445,0.870396,2.780633,1.437785,0.139992,5.854472,0.429785,0.429554,-0.674528,1.0,,,,,,,,,,,,,,0,gru
56,82271,-5.5486,279.2328,1710,0,0,1,0,2.0389,1.799,collision,1075.2,0.070039,0.426421,-0.849572,0.877541,2.847701,1.403391,0.103373,5.838737,0.420656,0.448357,-0.990135,1.006876,-0.022357,0.005171,1.842681,0.004838,0.047179,0.069916,0.007846,0.03631,0.0001,,,,,0,gru
57,83680,367.9426,284.8736,1409,0,0,1,0,1.0456,1.809,collision,1093.1,0.054843,0.429916,-0.853336,0.868682,2.856712,1.410353,0.07001,5.856461,0.43689,0.421906,-0.455979,1.0,,,,,,,,,,,,,,0,gru
58,85323,-9.8055,283.8469,1643,0,0,1,0,2.276,1.793,collision,1115.1,0.059097,0.430574,-0.855152,0.876562,2.883385,1.438783,0.096555,5.830967,0.421137,0.439052,-0.753101,1.0,,,,,,,,,,,,,,0,gru
59,86900,199.7702,273.2706,1577,0,0,1,0,1.7428,1.793,collision,1135.4,0.055391,0.43177,-0.856266,0.870952,2.870961,1.440135,0.095064,5.902846,0.434348,0.429725,-0.634606,1.0,,,,,,,,,,,,,,0,gru
60,88079,-198.9121,212.8234,1179,0,0,1,0,3.2051,1.81,collision,1152.3,0.074364,0.416692,-0.864617,0.882016,2.864483,1.432012,0.023209,5.919403,0.393656,0.468089,-0.999999,1.00813,-0.005413,0.004901,1.841684,0.004826,0.053655,0.058205,0.012028,0.032487,0.0001,,,,,0,gru
61,89705,161.7043,193.7711,1626,0,0,1,0,1.8345,1.774,collision,1173.8,0.058818,0.42478,-0.870731,0.878268,2.817474,1.457107,0.05244,5.945917,0.432103,0.433648,-0.609252,1.0,,,,,,,,,,,,,,0,gru
62,91199,325.1203,216.1045,1494,0,0,1,0,1.1586,1.821,collision,1193.6,0.043667,0.414347,-0.84191,0.869436,2.843713,1.414827,0.10611,5.895731,0.421176,0.442394,-0.76545,1.0,,,,,,,,,,,,,,0,gru
63,92755,207.8775,198.6504,1556,0,0,1,0,1.7055,1.774,collision,1214.0,0.041209,0.440145,-0.878397,0.842066,2.86937,1.448842,0.107797,5.886676,0.434742,0.428286,-0.534879,1.0,,,,,,,,,,,,,,0,gru
64,94186,282.8939,162.6953,1431,0,0,1,0,1.4007,1.825,collision,1235.5,0.037251,0.431779,-0.839747,0.871189,2.954246,1.406014,0.075508,5.834902,0.436358,0.422686,-0.520965,1.0,0.011568,0.002348,1.840942,0.004814,0.025469,0.058638,0.00722,0.031385,0.0001,,,,,0,gru
65,95697,365.5668,169.6609,1511,0,0,1,0,1.0095,1.815,collision,1255.4,0.056807,0.421379,-0.862565,0.876583,2.902933,1.427954,0.066487,5.880033,0.432281,0.429678,-0.646739,1.0,,,,,,,,,,,,,,0,gru
66,97368,40.1105,174.2268,1671,0,0,1,0,2.0754,1.786,collision,1277.5,0.054499,0.426856,-0.879234,0.886027,2.839686,1.434754,0.137513,5.901843,0.42298,0.434861,-0.757787,1.0,,,,,,,,,,,,,,0,gru
67,98839,367.053,174.1379,1471,0,0,1,0,1.1379,1.808,collision,1296.6,0.047786,0.430176,-0.844999,0.880431,2.985027,1.466204,0.171127,5.939508,0.439076,0.420179,-0.470182,1.00851,,,,,,,,,,,,,,0,gru
68,100067,-160.7324,159.0452,1228,0,0,1,0,3.0931,1.775,collision,1314.4,0.072707,0.436329,-0.88195,0.872748,2.817728,1.432202,0.127279,5.921579,0.397319,0.461687,-0.999999,1.0,-0.002466,0.002878,1.840811,0.004802,0.034787,0.094042,0.00875,0.053617,0.0001,,,,,0,gru
69,101720,659.5626,205.0244,1653,1,1,0,0,0.2986,1.82,goal,1335.9,0.008197,0.434105,-0.849994,0.865027,2.968242,1.42408,0.137091,5.940956,0.453331,0.42134,-0.323289,1.0,,,,,,,,,,,,,,0,gru
70,103332,147.6488,239.6805,1612,0,0,1,0,1.9288,1.828,collision,1356.7,0.005899,0.433198,-0.865131,0.867877,2.999192,1.45761,0.083857,5.901261,0.416429,0.454306,-0.962757,1.004497,,,,,,,,,,,,,,0,gru
71,104842,-34.4825,220.0618,1510,0,0,1,0,2.6106,1.794,collision,1376.1,0.020481,0.426518,-0.874538,0.871382,2.858135,1.428385,0.106058,5.888915,0.421551,0.447749,-0.824184,1.0,,,,,,,,,,,,,,0,gru
72,106318,382.8428,225.8341,1476,0,0,1,0,0.9265,1.829,collision,1397.3,0.029305,0.432354,-0.881739,0.86454,2.96226,1.431992,0.171289,5.914614,0.431488,0.440858,-0.694715,1.0,0.054578,0.003305,1.840381,0.00479,0.034534,0.082937,0.00651,0.045222,0.0001,,,,,0,gru
73,107768,333.9365,238.44,1450,0,0,1,0,1.1303,1.83,collision,1416.4,0.046911,0.429602,-0.855223,0.877543,2.976269,1.415774,0.055778,5.938886,0.4346,0.426927,-0.57216,1.0,,,,,,,,,,,,,,0,gru
74,109209,371.3389,247.2845,1441,0,0,1,0,0.9547,1.816,collision,1434.9,0.049141,0.436821,-0.859419,0.882292,2.92701,1.42453,0.128253,5.880721,0.429172,0.440074,-0.697673,1.0,,,,,,,,,,,,,,0,gru
75,111084,388.6433,249.5922,1875,0,0,1,0,0.3262,1.814,collision,1458.8,0.034476,0.435664,-0.854647,0.884581,2.952018,1.428235,0.092436,5.926239,0.423355,0.423326,-0.86646,1.0,,,,,,,,,,,,,,0,gru
76,112756,651.794,310.7605,1672,1,1,0,0,0.299,1.846,goal,1482.3,0.038235,0.429577,-0.877351,0.872364,3.006469,1.408317,0.059495,5.887134,0.448246,0.437927,-0.574837,1.004629,-0.003312,0.003589,1.840157,0.004778,0.027506,0.1015,0.00716,0.049541,0.0001,,,,,0,gru
77,114101,-59.1095,268.1443,1345,0,0,1,0,2.7167,1.827,collision,1499.5,0.056446,0.426111,-0.851963,0.859089,2.919928,1.423984,0.078662,5.913359,0.418038,0.452289,-0.993891,1.0,,,,,,,,,,,,,,0,gru
78,115487,408.081,325.0256,1386,0,0,1,0,0.9252,1.842,collision,1516.9,0.019777,0.427504,-0.869479,0.86636,2.974566,1.434046,0.042845,5.952019,0.445222,0.421209,-0.413292,1.002013,,,,,,,,,,,,,,0,gru
79,116944,406.8361,299.7529,1457,0,0,1,0,0.859,1.828,collision,1535.6,0.033789,0.434473,-0.874037,0.866589,2.982139,1.419897,0.131828,5.967445,0.442767,0.438595,-0.596541,1.0,,,,,,,,,,,,,,0,gru
80,118528,661.4599,351.1341,1584,1,1,0,0,0.299,1.845,goal,1557.4,0.021714,0.424515,-0.842015,0.875633,3.000666,1.434399,0.061168,5.894582,0.457115,0.430285,-0.35754,1.0,-0.007332,0.003406,1.83841,0.004766,0.022414,0.049406,0.004878,0.023454,0.0001,,,,,0,gru
81,120182,71.0722,361.6895,1654,0,0,1,0,2.1051,1.826,collision,1579.0,0.046682,0.425501,-0.854618,0.851697,3.007046,1.438742,0.106164,5.908803,0.428191,0.43395,-0.745066,1.006537,,,,,,,,,,,,,,0,gru
82,121619,263.8783,349.7931,1437,0,0,1,0,1.4406,1.828,collision,1597.5,0.063101,0.420557,-0.868753,0.884095,2.990543,1.459977,0.08458,5.822469,0.433262,0.42233,-0.619053,1.0,,,,,,,,,,,,,,0,gru
83,122838,-147.678,301.6316,1219,0,0,1,0,3.1069,1.782,collision,1613.2,0.054722,0.42176,-0.880899,0.879956,2.868858,1.464597,0.057718,5.861204,0.40302,0.460679,-1.0,1.0,,,,,,,,,,,,,,0,gru
84,124473,18.3022,266.328,1635,0,0,1,0,2.2174,1.834,collision,1636.0,0.035289,0.425254,-0.86783,0.880708,2.97745,1.428996,0.078664,5.886481,0.423638,0.436008,-0.670078,1.0,-0.006492,0.001549,1.83807,0.004754,0.019547,0.105506,0.009871,0.05922,0.0001,,,,,0,gru
85,125803,-71.9022,220.2734,1330,0,0,1,0,2.9258,1.794,collision,1653.2,0.05022,0.431269,-0.864646,0.884152,2.881171,1.429534,0.180958,5.917684,0.416025,0.452907,-0.965437,1.0,,,,,,,,,,,,,,0,gru
86,127311,213.3318,176.4272,1508,0,0,1,0,1.6801,1.818,collision,1672.5,0.023722,0.436098,-0.853939,0.861189,2.973626,1.428496,0.089355,5.888107,0.436305,0.42667,-0.537291,1.0,,,,,,,,,,,,,,0,gru
87,128562,-114.31,170.9071,1251,0,0,1,0,2.9971,1.792,collision,1688.2,0.053464,0.43527,-0.851774,0.883628,2.879038,1.4041,0.072117,5.881337,0.405647,0.456792,-1.0,1.0,,,,,,,,,,,,,,0,gru
88,129956,385.5182,168.6508,1394,0,0,1,0,0.9624,1.837,collision,1708.5,0.021436,0.431836,-0.874098,0.842191,3.016819,1.421212,0.088049,5.936034,0.429725,0.431389,-0.656152,1.0,0.023607,0.002292,1.837712,0.004742,0.024269,0.064604,0.010834,0.040568,0.0001,,,,,0,gru
89,131844,400.9807,168.0653,1888,0,0,1,0,0.3292,1.843,collision,1732.2,0.033858,0.424612,-0.86892,0.867125,3.016904,1.437147,0.07685,5.864843,0.420652,0.420662,-0.878316,1.002555,,,,,,,,,,,,,,0,gru
90,133443,664.8599,168.4053,1599,1,1,0,0,0.2995,1.855,goal,1752.2,-2.5e-05,0.435145,-0.869418,0.879517,3.096778,1.416981,0.061865,5.914607,0.457579,0.430205,-0.300407,1.007896,,,,,,,,,,,,,,0,gru
91,135030,666.4755,227.9456,1587,1,1,0,0,0.2992,1.845,goal,1772.1,0.001481,0.430816,-0.858146,0.881421,3.058466,1.430227,0.115258,5.93167,0.456417,0.429774,-0.23031,1.000463,,,,,,,,,,,,,,0,gru
92,136489,307.7962,232.3374,1459,0,0,1,0,1.2994,1.823,collision,1793.1,0.018432,0.4326,-0.861349,0.867638,2.947569,1.414788,0.07442,5.795468,0.421588,0.440412,-0.762328,1.0,-0.005177,0.0038,1.838022,0.00473,0.026494,0.077376,0.008656,0.044307,0.0001,,,,,0,gru
93,137909,262.1561,273.3208,1420,0,0,1,0,1.4423,1.855,collision,1811.3,0.033489,0.426921,-0.853528,0.86846,3.051706,1.414559,0.090099,5.910204,0.438932,0.422012,-0.494751,1.0,,,,,,,,,,,,,,0,gru
94,139500,660.47,337.5376,1591,1,1,0,0,0.2992,1.825,goal,1831.2,0.010785,0.431035,-0.858525,0.87317,2.940187,1.404142,0.107027,5.875499,0.456323,0.426625,-0.249667,1.0,,,,,,,,,,,,,,0,gru
95,141448,340.6336,378.7912,1948,0,0,1,0,0.4032,1.848,collision,1855.4,0.046389,0.428421,-0.86568,0.867373,3.040388,1.428044,0.094384,5.924593,0.414416,0.427618,-0.898183,1.0,,,,,,,,,,,,,,0,gru
96,143109,663.5209,423.8101,1661,1,1,0,0,0.2995,1.837,goal,1878.5,0.024833,0.431839,-0.866099,0.865572,2.989213,1.418529,0.062401,5.886762,0.454872,0.426701,-0.324794,1.005839,-0.043692,0.003741,1.839092,0.004718,0.019629,0.064854,0.004885,0.03737,0.0001,,,,,0,gru
97,144984,413.8012,476.6212,1875,0,0,1,0,0.3486,1.827,collision,1902.3,0.015972,0.427686,-0.870683,0.887106,2.958762,1.429844,0.143375,5.852087,0.422238,0.418627,-0.833928,1.0,,,,,,,,,,,,,,0,gru
98,146402,385.621,476.6315,1418,0,0,1,0,0.9855,1.816,collision,1920.0,-0.006196,0.423296,-0.873342,0.854607,2.893794,1.426529,0.147385,5.940807,0.445635,0.421134,-0.529223,1.0,,,,,,,,,,,,,,0,gru
99,147852,357.4101,472.2744,1450,0,0,1,0,1.0766,1.833,collision,1938.1,-0.028158,0.41511,-0.851013,0.8439,2.960941,1.444173,0.108291,5.849524,0.44443,0.420122,-0.656215,1.0,,,,,,,,,,,,,,0,gru
100,149232,396.9986,445.4883,1380,0,0,1,0,0.9353,1.819,collision,1958.7,0.019101,0.428898,-0.875911,0.859561,2.929287,1.42597,0.154004,5.891085,0.444191,0.4212,-0.388932,1.0,0.102621,0.002205,1.839968,0.004706,0.02673,0.146213,0.015372,0.088677,0.0001,,,,,0,gru
101,150819,642.7395,443.1147,1587,1,1,0,0,0.2977,1.842,goal,1978.1,-0.008162,0.42941,-0.846881,0.861838,2.95506,1.392286,0.110986,5.899449,0.442898,0.429497,-0.571371,1.0,,,,,,,,,,,,,,0,gru
102,152453,661.4254,478.4776,1634,1,1,0,0,0.2987,1.822,goal,1999.0,-0.021785,0.434388,-0.875462,0.841335,2.979727,1.439011,0.0736,5.878117,0.460368,0.425837,-0.572149,1.0,,,,,,,,,,,,,,0,gru
103,153832,378.6972,490.1317,1379,0,0,1,0,0.9699,1.837,collision,2016.9,-0.009521,0.427435,-0.866549,0.880304,2.942541,1.410269,0.110452,5.929308,0.443725,0.419025,-0.577047,1.0,,,,,,,,,,,,,,0,gru
104,155255,332.0865,457.2934,1423,0,0,1,0,1.1488,1.845,collision,2037.9,-0.014023,0.426666,-0.876117,0.865983,3.000674,1.42938,0.092316,5.871248,0.442983,0.420905,-0.686761,1.0,-0.030013,0.004092,1.83986,0.004694,0.033252,0.073515,0.011283,0.044598,0.0001,,,,,0,gru
105,156936,642.087,487.4387,1681,1,1,0,0,0.2991,1.832,goal,2059.4,-0.040495,0.433033,-0.862783,0.867749,3.000671,1.415031,0.081532,5.889499,0.458997,0.429516,-0.68204,1.0,,,,,,,,,,,,,,0,gru
106,158307,396.7348,460.7601,1371,0,0,1,0,0.9176,1.842,collision,2077.2,-0.024974,0.431888,-0.858332,0.885219,3.044367,1.439313,0.06459,5.959037,0.436676,0.428456,-0.765363,1.0,,,,,,,,,,,,,,0,gru
107,159910,125.7822,431.9582,1603,0,0,1,0,2.0539,1.848,collision,2097.7,0.002985,0.430511,-0.881781,0.852915,3.003662,1.402274,0.055054,5.830462,0.417277,0.453842,-0.987524,1.009611,,,,,,,,,,,,,,0,gru
108,161315,337.0541,427.1015,1405,0,0,1,0,1.1748,1.875,collision,2117.3,-0.002606,0.431954,-0.86335,0.868165,3.082664,1.384573,0.160832,5.901475,0.427133,0.436084,-0.862059,1.0,-0.024572,0.003106,1.840172,0.004682,0.026764,0.042036,0.010125,0.024484,0.0001,,,,,0,gru
109,162863,116.3296,402.9935,1548,0,0,1,0,2.0179,1.834,collision,2137.0,-0.003091,0.42097,-0.874626,0.860219,2.964421,1.437322,0.072623,5.871541,0.415313,0.452492,-0.997462,1.0,,,,,,,,,,,,,,0,gru
110,164278,320.9335,395.387,1415,0,0,1,0,1.2102,1.815,collision,2154.9,-0.004212,0.419791,-0.866093,0.864962,2.898814,1.449439,0.07912,5.799326,0.422372,0.438142,-0.693811,1.0,,,,,,,,,,,,,,0,gru
111,165917,667.4001,397.853,1639,1,1,0,0,0.299,1.83,goal,2174.8,-0.01331,0.427878,-0.875538,0.863068,2.96988,1.451151,0.066859,5.886806,0.450433,0.431112,-0.655126,1.003873,,,,,,,,,,,,,,0,gru
112,167441,231.5027,354.8608,1524,0,0,1,0,1.6227,1.822,collision,2195.5,0.0029,0.432588,-0.873709,0.861525,2.86614,1.399977,0.090489,5.868339,0.419708,0.446758,-0.915995,1.000291,-0.110929,0.002423,1.840599,0.00467,0.02168,0.087909,0.008951,0.039475,0.0001,,,,,0,gru
113,168828,415.7785,358.5689,1387,0,0,1,0,0.883,1.819,collision,2212.0,-0.007903,0.431886,-0.885362,0.861309,2.921379,1.415428,0.158916,5.910963,0.450995,0.423077,-0.351921,1.0,,,,,,,,,,,,,,0,gru
114,170373,188.9516,344.2554,1545,0,0,1,0,1.7786,1.834,collision,2231.1,0.019513,0.419207,-0.841986,0.886352,2.942154,1.424862,0.158222,5.954181,0.418203,0.450815,-0.953321,1.001336,,,,,,,,,,,,,,0,gru
115,171999,657.0043,345.7471,1626,1,1,0,0,0.2998,1.824,goal,2250.7,0.002671,0.431584,-0.866054,0.879694,3.005581,1.436865,0.055728,5.8628,0.443612,0.432348,-0.534407,1.0,,,,,,,,,,,,,,0,gru
116,173459,452.134,351.2871,1460,0,0,1,0,0.6993,1.832,collision,2270.5,-0.0037,0.435832,-0.865358,0.872561,2.991343,1.414719,0.072964,5.800202,0.448918,0.431948,-0.483013,1.004665,-0.013352,0.00358,1.840871,0.004658,0.020788,0.043756,0.004245,0.021596,0.0001,,,,,0,gru
117,174988,225.0868,361.2175,1529,0,0,1,0,1.6496,1.812,collision,2289.1,-0.012902,0.429469,-0.873956,0.877984,2.986192,1.449917,0.01992,5.88435,0.43936,0.42654,-0.630201,1.0,,,,,,,,,,,,,,0,gru
118,176509,264.7577,353.9879,1521,0,0,1,0,1.3942,1.851,collision,2307.7,0.028121,0.428253,-0.846675,0.884434,2.986103,1.388422,0.056743,5.897002,0.418903,0.447863,-0.853406,1.0,,,,,,,,,,,,,,0,gru
119,178103,667.8284,409.1378,1594,1,1,0,0,0.2986,1.856,goal,2327.9,3.7e-05,0.425885,-0.878889,0.867531,3.041655,1.41354,0.147694,5.90115,0.459436,0.429366,-0.191409,1.009338,,,,,,,,,,,,,,0,gru
120,179484,419.982,419.0426,1381,0,0,1,0,0.8422,1.824,collision,2347.2,0.003413,0.428656,-0.885203,0.852577,2.954461,1.433983,0.094849,5.874557,0.455085,0.425222,-0.318664,1.0,-0.009434,0.003317,1.841392,0.004646,0.018404,0.045035,0.00246,0.021557,0.0001,,,,,0,gru
121,180846,368.9346,389.1961,1362,0,0,1,0,1.011,1.873,collision,2364.0,0.005369,0.420554,-0.876401,0.866111,3.037774,1.403983,0.098202,5.875397,0.429017,0.433158,-0.625398,1.0,,,,,,,,,,,,,,0,gru
122,182419,648.4589,430.8917,1573,1,1,0,0,0.2992,1.837,goal,2383.0,0.001768,0.43041,-0.876286,0.872771,3.051374,1.457164,0.08282,5.912976,0.453688,0.432175,-0.393572,1.0,,,,,,,,,,,,,,0,gru
123,184060,644.4988,453.7637,1641,1,1,0,0,0.2998,1.847,goal,2403.4,0.006802,0.425023,-0.864431,0.87034,3.039352,1.435674,0.086583,5.918268,0.437609,0.435175,-0.696478,1.0,,,,,,,,,,,,,,0,gru
124,185630,653.1115,500.1797,1570,1,1,0,0,0.2988,1.849,goal,2425.6,0.019953,0.436092,-0.86994,0.866976,3.121397,1.432642,0.089904,5.913828,0.45687,0.426082,-0.19505,1.0,-0.056943,0.00712,1.841484,0.004634,0.024526,0.059148,0.006179,0.035093,0.0001,,,,,0,gru
125,187146,643.8174,498.861,1516,1,1,0,0,0.2988,1.871,goal,2443.9,0.006317,0.426439,-0.868481,0.871603,3.091296,1.430837,0.083181,5.895658,0.456949,0.428282,-0.226931,1.0,,,,,,,,,,,,,,0,gru
126,188560,407.2123,494.3688,1414,0,0,1,0,0.8705,1.843,collision,2461.4,0.029032,0.420471,-0.871518,0.886445,2.979216,1.414042,0.066435,5.906316,0.440837,0.436766,-0.581006,1.0,,,,,,,,,,,,,,0,gru
127,190150,656.9035,537.5505,1590,1,1,0,0,0.2978,1.863,goal,2480.8,0.014016,0.432936,-0.866674,0.855381,3.092256,1.412422,0.091697,5.844947,0.456851,0.428063,-0.301019,1.0,,,,,,,,,,,,,,0,gru
128,191532,407.6924,551.844,1382,0,0,1,0,0.882,1.857,collision,2499.2,-0.015648,0.431377,-0.87523,0.869214,3.048485,1.400832,0.297763,5.867298,0.455102,0.4231,-0.378911,1.0,-0.006203,0.004913,1.841408,0.004622,0.02235,0.056635,0.007188,0.031578,0.0001,,,,,0,gru
129,192914,399.9763,525.0588,1382,0,0,1,0,0.9314,1.814,collision,2516.1,-0.003678,0.431883,-0.840003,0.858947,2.936548,1.408539,0.077572,5.897251,0.433727,0.428766,-0.68448,1.0,,,,,,,,,,,,,,0,gru
130,194406,261.1893,509.1795,1492,0,0,1,0,1.4428,1.825,collision,2534.5,0.026225,0.428088,-0.866849,0.872294,2.889136,1.413203,0.066281,5.862112,0.41961,0.445709,-0.870618,1.0,,,,,,,,,,,,,,0,gru
131,196077,635.8534,535.8714,1671,1,1,0,0,0.3,1.85,goal,2555.8,0.006991,0.430001,-0.882336,0.869758,3.018439,1.423048,0.08913,5.873713,0.43683,0.430141,-0.997534,1.0,,,,,,,,,,,,,,0,gru
132,197580,281.6735,499.1928,1503,0,0,1,0,1.334,1.806,collision,2577.7,0.029317,0.43081,-0.853399,0.879502,2.961102,1.447619,0.194412,5.877547,0.420217,0.445619,-0.756309,1.0,-0.035559,0.004136,1.841884,0.00461,0.022068,0.060164,0.004171,0.036248,0.0001,,,,,0,gru
133,199133,219.5824,456.7012,1553,0,0,1,0,1.6794,1.808,collision,2597.6,-0.008232,0.429588,-0.877002,0.871587,2.894089,1.426107,0.072554,5.95763,0.438582,0.426185,-0.704169,1.0,,,,,,,,,,,,,,0,gru
134,201028,435.7221,434.9622,1895,0,0,1,0,0.3187,1.824,collision,2621.5,0.019578,0.424122,-0.859603,0.878974,2.931997,1.442697,0.080206,5.838013,0.424361,0.417189,-0.778762,1.00766,,,,,,,,,,,,,,0,gru
135,202424,425.2593,413.1064,1396,0,0,1,0,0.8694,1.829,collision,2639.2,0.012518,0.425742,-0.874805,0.859331,2.930081,1.395346,0.150241,5.887317,0.452401,0.42423,-0.236362,1.00545,,,,,,,,,,,,,,0,gru
136,203856,441.7328,416.5585,1432,0,0,1,0,0.6927,1.828,collision,2659.3,0.025064,0.428626,-0.835758,0.882772,2.956539,1.435406,0.105129,5.884197,0.449448,0.427845,-0.316942,1.0,0.033947,0.003209,1.842432,0.004598,0.021132,0.07916,0.008231,0.045601,0.0001,,,,,0,gru
137,205276,381.7414,389.0423,1420,0,0,1,0,1.0272,1.822,collision,2677.3,0.005456,0.435091,-0.877779,0.881959,2.961575,1.43277,0.03823,5.866452,0.442009,0.418855,-0.4793,1.0,,,,,,,,,,,,,,0,gru
138,206914,662.1541,414.4885,1638,1,1,0,0,0.2978,1.831,goal,2698.2,0.004709,0.425497,-0.863883,0.867145,2.951556,1.415216,0.096687,5.847244,0.453279,0.422697,-0.302286,1.0,,,,,,,,,,,,,,0,gru
139,208306,415.8325,416.0741,1392,0,0,1,0,0.8714,1.81,collision,2715.9,-0.007506,0.429458,-0.869451,0.863505,2.956962,1.449175,0.044309,5.878655,0.453501,0.422814,-0.418444,1.0,,,,,,,,,,,,,,0,gru
140,209931,646.7116,454.6263,1625,1,1,0,0,0.2997,1.825,goal,2738.3,0.017997,0.431236,-0.879612,0.879584,2.985797,1.435385,0.085993,5.886517,0.450892,0.435442,-0.615319,1.0,-0.022283,0.004272,1.84221,0.004586,0.02527,0.060942,0.007641,0.034569,0.0001,,,,,0,gru
141,211552,666.3799,457.679,1621,1,1,0,0,0.2982,1.828,goal,2758.2,0.00291,0.434987,-0.866151,0.853933,3.01495,1.467431,0.101183,5.891274,0.453282,0.4295,-0.530789,1.000042,,,,,,,,,,,,,,0,gru
142,212959,421.0004,471.6117,1407,0,0,1,0,0.8616,1.834,collision,2775.3,0.005842,0.424801,-0.874571,0.853061,2.979739,1.441978,0.132002,5.879793,0.446606,0.433524,-0.468849,1.004308,,,,,,,,,,,,,,0,gru
143,214426,377.4546,487.3989,1467,0,0,1,0,1.0346,1.831,collision,2793.4,-0.024718,0.431908,-0.864932,0.867354,3.005773,1.431244,0.132818,5.895114,0.444789,0.420998,-0.62029,1.008713,,,,,,,,,,,,,,0,gru
144,215970,646.807,508.5074,1544,1,1,0,0,0.2981,1.849,goal,2814.9,-0.020083,0.428388,-0.859285,0.858758,3.056747,1.431431,0.131149,5.929681,0.458706,0.427352,-0.419229,1.0,-0.019481,0.00415,1.841594,0.004574,0.019092,0.04547,0.003317,0.025449,0.0001,,,,,0,gru
145,217582,630.1379,528.9952,1612,1,1,0,0,0.2994,1.871,goal,2834.7,-0.022134,0.427717,-0.853478,0.861904,3.072219,1.390482,0.108488,5.835704,0.44563,0.432685,-0.586408,1.0,,,,,,,,,,,,,,0,gru
146,218960,408.8738,525.7093,1378,0,0,1,0,0.882,1.862,collision,2851.5,0.00932,0.428632,-0.848087,0.860827,3.101423,1.439757,0.193635,5.88015,0.442916,0.432994,-0.536691,1.000074,,,,,,,,,,,,,,0,gru
147,220553,662.0369,553.7389,1593,1,1,0,0,0.2987,1.848,goal,2871.4,-0.006367,0.433947,-0.859041,0.868981,3.039039,1.409086,0.121153,5.86749,0.456764,0.429224,-0.609987,1.0,,,,,,,,,,,,,,0,gru
148,221886,397.9635,527.3198,1333,0,0,1,0,0.847,1.889,collision,2889.9,-0.02007,0.423994,-0.873873,0.862376,3.104738,1.373146,0.119228,5.870305,0.458096,0.425822,-0.46995,1.0,-0.015473,0.004948,1.841392,0.004562,0.022673,0.047972,0.002556,0.022433,0.0001,,,,,0,gru
149,223479,665.9695,552.3335,1593,1,1,0,0,0.2977,1.84,goal,2910.4,-0.011247,0.428001,-0.858791,0.859474,3.024926,1.441918,0.06285,5.933653,0.457403,0.427968,-0.263319,1.0,,,,,,,,,,,,,,0,gru
150,225057,657.8097,553.4433,1578,1,1,0,0,0.2993,1.827,goal,2930.4,0.014477,0.422457,-0.849261,0.867942,2.95556,1.442727,0.146935,5.864058,0.450682,0.430296,-0.282506,1.0,,,,,,,,,,,,,,0,gru
151,226598,641.9714,551.0025,1541,1,1,0,0,0.2982,1.877,goal,2949.7,-0.015839,0.427418,-0.852544,0.850863,3.098751,1.407279,0.149161,5.925942,0.456246,0.427476,-0.317731,1.0,,,,,,,,,,,,,,0,gru
152,228161,652.8973,574.1922,1563,1,1,0,0,0.2986,1.83,goal,2972.4,-0.013846,0.428846,-0.882024,0.882429,2.948176,1.423203,0.117677,5.965897,0.457562,0.42477,-0.345592,1.0,-0.016986,0.004654,1.841327,0.00455,0.027871,0.071055,0.008455,0.040043,0.0001,,,,,0,gru
153,229621,386.8723,575.1339,1460,0,0,1,0,0.9924,1.834,collision,2990.8,0.026075,0.433618,-0.877205,0.874459,2.981295,1.413064,0.150549,5.958437,0.429895,0.436983,-0.675108,1.011439,,,,,,,,,,,,,,0,gru
154,231003,420.9495,552.5482,1382,0,0,1,0,0.8544,1.81,collision,3008.2,0.007524,0.419549,-0.859475,0.848389,2.919775,1.460316,0.069746,5.911347,0.456542,0.424822,-0.274864,1.0,,,,,,,,,,,,,,0,gru
155,232646,660.6429,555.5987,1643,1,1,0,0,0.2999,1.824,goal,3028.9,0.00531,0.427721,-0.843791,0.891027,2.97852,1.438406,0.03529,5.965878,0.443175,0.431506,-0.880902,1.0,,,,,,,,,,,,,,0,gru
156,234299,660.1146,580.7228,1653,1,1,0,0,0.2989,1.82,goal,3053.1,-0.026301,0.424289,-0.874624,0.854865,2.949123,1.46471,0.10247,5.910148,0.45721,0.422533,-0.431807,1.0,-0.044059,0.003764,1.841914,0.004538,0.020581,0.061752,0.003571,0.036752,0.0001,,,,,0,gru
157,235789,346.0348,549.1226,1490,0,0,1,0,1.1314,1.815,collision,3072.1,0.025173,0.427839,-0.869554,0.875483,2.929762,1.435195,0.067557,5.910209,0.423501,0.440769,-0.681008,1.000581,,,,,,,,,,,,,,0,gru
158,237239,371.9138,546.5176,1450,0,0,1,0,1.0058,1.837,collision,3090.3,0.024569,0.42967,-0.860806,0.889289,2.951793,1.397108,0.15235,5.940298,0.427759,0.438479,-0.623134,1.0,,,,,,,,,,,,,,0,gru
159,238713,252.5776,505.1784,1474,0,0,1,0,1.4666,1.841,collision,3108.9,0.035909,0.420635,-0.880512,0.855812,2.972514,1.442534,0.081243,5.893637,0.420239,0.446085,-0.844477,1.0,,,,,,,,,,,,,,0,gru
160,240332,652.3692,504.6343,1619,1,1,0,0,0.2985,1.814,goal,3131.5,-0.036072,0.436412,-0.870454,0.869743,2.948127,1.421294,0.099479,5.902864,0.447732,0.429059,-0.664362,1.0,-0.027425,0.003366,1.842251,0.004526,0.018936,0.042252,0.004676,0.017317,0.0001,,,,,0,gru
161,241962,648.4819,505.2854,1630,1,1,0,0,0.299,1.824,goal,3152.2,0.002077,0.427141,-0.880127,0.870324,2.882605,1.408609,0.038174,5.88535,0.438185,0.434252,-0.780244,1.0,,,,,,,,,,,,,,0,gru
162,243326,404.9222,480.4879,1364,0,0,1,0,0.8921,1.819,collision,3169.8,-0.004318,0.424043,-0.859567,0.829127,2.901423,1.418132,0.097015,5.879165,0.439431,0.430396,-0.548896,1.0,,,,,,,,,,,,,,0,gru
163,244932,659.2703,507.7277,1606,1,1,0,0,0.298,1.809,goal,3190.2,-0.026157,0.428644,-0.876345,0.860952,2.937001,1.443642,0.094592,5.906295,0.458788,0.428938,-0.54164,1.0,,,,,,,,,,,,,,0,gru
164,246481,651.5808,530.7908,1549,1,1,0,0,0.2992,1.839,goal,3211.8,-0.01732,0.429936,-0.870186,0.873932,2.93567,1.384836,0.166434,5.859221,0.459211,0.427415,-0.230539,1.0,0.082876,0.005529,1.842917,0.004514,0.031035,0.187091,0.010716,0.113059,0.0001,,,,,0,gru
165,248051,649.3772,529.6642,1570,1,1,0,0,0.2975,1.869,goal,3232.0,-0.008392,0.420022,-0.882464,0.859016,3.083645,1.436273,0.162442,5.910011,0.451747,0.430428,-0.569239,1.0,,,,,,,,,,,,,,0,gru
166,249449,373.9478,501.0476,1398,0,0,1,0,0.9888,1.841,collision,3250.0,0.018255,0.423434,-0.854732,0.878569,2.999741,1.440262,0.083295,5.831818,0.427488,0.434538,-0.597004,1.0,,,,,,,,,,,,,,0,gru
167,251113,652.7836,531.7224,1664,1,1,0,0,0.2993,1.819,goal,3271.0,-0.026792,0.430386,-0.879804,0.851956,2.944545,1.420006,0.07053,5.906868,0.441349,0.432158,-0.836535,1.0,,,,,,,,,,,,,,0,gru
168,252496,370.8693,531.618,1383,0,0,1,0,0.9998,1.846,collision,3290.6,0.02633,0.433618,-0.857983,0.865436,3.036084,1.421025,0.177696,5.937075,0.427871,0.434117,-0.63769,1.0,-0.030948,0.0044,1.843199,0.004502,0.03292,0.103277,0.012607,0.068153,0.0001,,,,,0,gru
169,254077,650.9881,571.459,1581,1,1,0,0,0.2997,1.84,goal,3310.6,-0.008,0.432522,-0.879259,0.878619,3.031405,1.433234,0.052745,5.906744,0.446151,0.43171,-0.526894,1.0,,,,,,,,,,,,,,0,gru
170,255705,659.8835,572.2105,1628,1,1,0,0,0.2998,1.838,goal,3331.5,-3.7e-05,0.431775,-0.871715,0.882152,3.024331,1.425084,0.071407,5.782444,0.441783,0.430764,-0.632478,1.0,,,,,,,,,,,,,,0,gru
171,257568,450.8886,552.4511,1863,0,0,1,0,0.3033,1.844,collision,3355.8,0.005466,0.432484,-0.86494,0.867239,2.99681,1.410695,0.052516,5.891856,0.414547,0.431538,-0.999995,1.008689,,,,,,,,,,,,,,0,gru
172,258963,413.7875,553.3377,1395,0,0,1,0,0.8918,1.852,collision,3375.9,-0.005362,0.425131,-0.862574,0.869129,3.043009,1.414175,0.118276,5.911365,0.441978,0.431645,-0.49744,1.007973,-0.026615,0.004118,1.843371,0.00449,0.030128,0.083232,0.010182,0.046735,0.0001,,,,,0,gru
173,260570,669.9932,554.41,1607,1,1,0,0,0.298,1.839,goal,3396.5,0.002727,0.425364,-0.8706,0.870222,2.989458,1.440741,0.116608,5.876649,0.456988,0.43077,-0.340347,1.0057,,,,,,,,,,,,,,0,gru
174,261977,370.0493,526.2568,1407,0,0,1,0,1.0083,1.855,collision,3415.0,0.039526,0.415404,-0.870738,0.844893,2.978824,1.399304,0.103427,5.827824,0.427858,0.434265,-0.623718,1.0,,,,,,,,,,,,,,0,gru
175,263601,672.0915,528.5282,1624,1,1,0,0,0.2979,1.817,goal,3436.0,-0.007056,0.43124,-0.870035,0.888495,2.977234,1.436464,0.14237,5.889292,0.455212,0.429111,-0.366587,1.000397,,,,,,,,,,,,,,0,gru
176,265225,645.1063,555.6441,1624,1,1,0,0,0.2986,1.831,goal,3458.9,-0.037502,0.424146,-0.839214,0.859929,2.966984,1.428021,0.126326,5.944209,0.459871,0.426383,-0.562218,1.0,-0.043883,0.003671,1.844176,0.004478,0.017622,0.056501,0.006193,0.026103,0.0001,,,,,0,gru
177,266663,403.9358,530.7593,1438,0,0,1,0,0.9384,1.826,collision,3477.1,0.021789,0.428804,-0.86331,0.864987,2.942718,1.424342,0.105117,5.905293,0.431253,0.433364,-0.549316,1.009027,,,,,,,,,,,,,,0,gru
178,268252,647.4238,558.4148,1589,1,1,0,0,0.299,1.837,goal,3497.9,0.018642,0.428531,-0.861921,0.876397,3.002622,1.427785,0.165802,5.807144,0.44688,0.433303,-0.542069,1.0,,,,,,,,,,,,,,0,gru
179,269607,390.0392,532.3199,1355,0,0,1,0,0.8985,1.858,collision,3515.3,-0.022974,0.420709,-0.865659,0.865402,2.990972,1.409507,0.194718,5.883613,0.450618,0.42078,-0.506193,1.0,,,,,,,,,,,,,,0,gru
180,271172,239.3612,490.2676,1565,0,0,1,0,1.544,1.847,collision,3537.6,0.037964,0.424616,-0.855197,0.880187,2.988676,1.414058,0.110929,5.868875,0.420296,0.449514,-0.843148,1.011218,-0.014693,0.003312,1.845019,0.004466,0.021932,0.069391,0.00782,0.043028,0.0001,,,,,0,gru
181,272744,639.1913,509.0979,1572,1,1,0,0,0.2988,1.853,goal,3558.0,-0.018971,0.418008,-0.855667,0.884743,3.011451,1.441943,0.152183,5.938596,0.454403,0.42218,-0.537472,1.0,,,,,,,,,,,,,,0,gru
182,274377,671.9248,534.9117,1633,1,1,0,0,0.2979,1.822,goal,3579.3,0.033476,0.435401,-0.865952,0.870874,2.993875,1.441642,0.06697,5.940778,0.455906,0.431653,-0.638199,1.007085,,,,,,,,,,,,,,0,gru
183,275768,421.0983,510.0222,1391,0,0,1,0,0.848,1.811,collision,3597.4,0.022979,0.429788,-0.876665,0.868772,2.898574,1.436161,0.103556,5.773167,0.457015,0.426803,-0.35967,1.0,,,,,,,,,,,,,,0,gru
184,277145,415.566,514.5738,1377,0,0,1,0,0.8616,1.812,collision,3617.3,0.012148,0.433377,-0.865983,0.883008,2.927428,1.433633,0.031642,5.933033,0.45451,0.426208,-0.337106,1.0,-0.021645,0.004697,1.845755,0.004454,0.027754,0.051624,0.006061,0.028618,0.0001,,,,,0,gru
185,278752,670.7671,514.4414,1607,1,1,0,0,0.2996,1.84,goal,3638.3,0.008666,0.427863,-0.854887,0.862041,2.961394,1.400517,0.170788,5.848959,0.46019,0.427411,-0.288439,1.007486,,,,,,,,,,,,,,0,gru
186,280419,666.1928,516.55,1667,1,1,0,0,0.2984,1.825,goal,3659.9,0.035837,0.438487,-0.892334,0.865084,2.975317,1.425606,0.071119,5.884017,0.449381,0.435415,-0.570036,1.00965,,,,,,,,,,,,,,0,gru
187,281996,649.688,541.1253,1577,1,1,0,0,0.2981,1.828,goal,3680.1,-0.017775,0.423475,-0.860468,0.85368,2.957618,1.418428,0.155198,5.85813,0.458544,0.424124,-0.432071,1.0,,,,,,,,,,,,,,0,gru
188,283540,645.5012,540.933,1544,1,1,0,0,0.2983,1.848,goal,3702.9,0.010288,0.424343,-0.880244,0.871657,3.017496,1.437774,0.019886,5.945336,0.450249,0.430933,-0.416791,1.0,-0.039146,0.005308,1.845929,0.004442,0.026776,0.052974,0.006586,0.031126,0.0001,,,,,0,gru
189,285146,667.1471,568.6438,1606,1,1,0,0,0.2983,1.817,goal,3723.7,0.002402,0.427782,-0.870953,0.865321,2.881692,1.417372,0.113048,5.884553,0.453522,0.430331,-0.301451,1.0,,,,,,,,,,,,,,0,gru
190,286486,410.371,585.7448,1340,0,0,1,0,0.8389,1.834,collision,3740.9,0.004706,0.424475,-0.85153,0.856875,2.953759,1.442466,0.120296,5.908847,0.448714,0.431938,-0.430836,1.0,,,,,,,,,,,,,,0,gru
191,287946,415.3236,563.358,1460,0,0,1,0,0.8697,1.822,collision,3759.5,-0.021894,0.428296,-0.880512,0.861005,2.881849,1.385945,0.184099,5.862302,0.457867,0.427043,-0.579751,1.007466,,,,,,,,,,,,,,0,gru
192,289563,665.4868,562.7142,1617,1,1,0,0,0.299,1.841,goal,3782.4,-0.000246,0.416708,-0.873392,0.867154,2.977654,1.431565,0.091493,5.913163,0.452807,0.4321,-0.507632,1.004512,-0.017335,0.005213,1.845919,0.00443,0.025064,0.04909,0.008945,0.028135,0.0001,,,,,0,gru
193,291188,665.9511,587.1995,1625,1,1,0,0,0.2999,1.802,goal,3803.4,0.015943,0.428919,-0.880979,0.87479,2.880864,1.430073,0.134656,5.826956,0.45467,0.432316,-0.538011,1.0,,,,,,,,,,,,,,0,gru
194,292643,334.2682,579.0697,1455,0,0,1,0,1.1518,1.793,collision,3822.3,-0.024235,0.433057,-0.884372,0.871641,2.88822,1.423195,0.110909,5.891809,0.443337,0.419714,-0.672425,1.0,,,,,,,,,,,,,,0,gru
195,294261,674.7117,579.4642,1618,1,1,0,0,0.2991,1.827,goal,3843.2,0.003653,0.433237,-0.855559,0.891502,2.958217,1.418563,0.130496,5.937456,0.457789,0.429945,-0.304225,1.007289,,,,,,,,,,,,,,0,gru
196,295698,419.1914,554.764,1437,0,0,1,0,0.8363,1.821,collision,3863.7,-0.023798,0.430187,-0.873247,0.880873,2.938188,1.421573,0.146844,5.897371,0.456902,0.424833,-0.576465,1.0,-0.073392,0.003545,1.846378,0.004418,0.023303,0.061974,0.008236,0.033198,0.0001,,,,,0,gru
197,297276,663.8904,556.1842,1578,1,1,0,0,0.2977,1.844,goal,3884.1,-0.000146,0.426171,-0.885684,0.863256,3.016355,1.433595,0.053434,5.895351,0.458092,0.429338,-0.271523,1.0,,,,,,,,,,,,,,0,gru
198,298732,414.9528,533.1294,1456,0,0,1,0,0.8667,1.826,collision,3902.7,-0.028617,0.428517,-0.868683,0.854752,2.927752,1.405243,0.090451,5.842349,0.452002,0.427209,-0.670819,1.006504,,,,,,,,,,,,,,0,gru
199,300424,661.8868,532.6034,1692,1,1,0,0,0.2989,1.821,goal,3924.6,0.029676,0.417391,-0.868106,0.867886,2.862672,1.429002,0.076251,5.876715,0.44315,0.43614,-0.706462,1.008922,,,,,,,,,,,,,,0,gru
200,302039,668.0251,558.3688,1615,1,1,0,0,0.2998,1.829,goal,3947.7,0.007932,0.429115,-0.863573,0.883585,2.917409,1.392447,0.09308,5.787188,0.453846,0.431072,-0.494664,1.000292,-0.012311,0.004637,1.847163,0.004406,0.027075,0.105962,0.004598,0.056987,0.0001,,,,,0,gru
201,303651,666.8936,583.5258,1612,1,1,0,0,0.2998,1.823,goal,3968.4,0.010229,0.427445,-0.866886,0.860841,2.94205,1.43668,0.055977,5.937334,0.45683,0.429975,-0.38728,1.0,,,,,,,,,,,,,,0,gru
202,305161,474.1101,564.3881,1510,0,0,1,0,0.6532,1.79,collision,3987.2,0.009089,0.434417,-0.879347,0.861316,2.885159,1.449744,0.1123,5.767092,0.451914,0.425194,-0.230785,1.007221,,,,,,,,,,,,,,0,gru
203,306589,408.5579,538.6488,1428,0,0,1,0,0.9082,1.817,collision,4005.5,-0.007266,0.432235,-0.857881,0.871405,2.939599,1.435195,0.139592,5.894699,0.450013,0.421486,-0.614769,1.0,,,,,,,,,,,,,,0,gru
204,308192,664.1928,571.6413,1603,1,1,0,0,0.2991,1.823,goal,4028.3,0.001674,0.431317,-0.861272,0.882592,2.94925,1.424012,0.140276,5.88976,0.457334,0.426213,-0.334834,1.0,0.046505,0.005247,1.847929,0.004394,0.031101,0.216396,0.015678,0.144779,0.0001,,,,,0,gru
205,309831,667.9481,570.9649,1639,1,1,0,0,0.2992,1.827,goal,4048.7,0.008463,0.428723,-0.888827,0.87258,2.937,1.429319,0.052753,5.944448,0.449984,0.431591,-0.670917,1.003395,,,,,,,,,,,,,,0,gru
206,311523,660.1749,595.0632,1692,1,1,0,0,0.2989,1.828,goal,4070.5,-0.037286,0.434009,-0.882919,0.875625,2.973799,1.397992,0.140374,5.89623,0.460743,0.428066,-0.635731,1.009475,,,,,,,,,,,,,,0,gru
207,313247,644.5557,593.1298,1724,1,1,0,0,0.2999,1.83,goal,4093.0,0.017308,0.426775,-0.87265,0.851251,2.95264,1.418929,0.150002,5.843554,0.4341,0.436224,-0.963303,1.0,,,,,,,,,,,,,,0,gru
208,314867,674.0745,619.0419,1620,1,1,0,0,0.2982,1.83,goal,4118.5,-0.024002,0.42599,-0.882562,0.879908,2.949558,1.437678,0.103551,5.901669,0.458565,0.428182,-0.348934,1.009681,-0.031022,0.005825,1.848082,0.004382,0.029127,0.048854,0.006404,0.027367,0.0001,,,,,0,gru
209,316291,386.2714,591.4804,1424,0,0,1,0,0.9154,1.864,collision,4137.0,0.045778,0.421976,-0.884224,0.867042,3.067752,1.435983,0.14886,5.852021,0.434625,0.438508,-0.70813,1.0,,,,,,,,,,,,,,0,gru
210,317730,406.7223,565.3501,1439,0,0,1,0,0.8766,1.829,collision,4155.8,0.034216,0.433018,-0.872614,0.881713,2.978845,1.425778,0.106414,5.887869,0.442518,0.438334,-0.729706,1.0,,,,,,,,,,,,,,0,gru
211,319128,410.3906,539.6998,1398,0,0,1,0,0.8567,1.861,collision,4173.8,0.033248,0.426296,-0.851167,0.881963,3.034834,1.413455,0.087303,5.907855,0.446635,0.436204,-0.54056,1.000038,,,,,,,,,,,,,,0,gru
212,320748,667.0377,558.9926,1620,1,1,0,0,0.2971,1.849,goal,4197.7,-0.022576,0.432294,-0.881247,0.862084,3.014707,1.426048,0.098282,5.863315,0.461627,0.427134,-0.471726,1.010909,0.004246,0.004855,1.848134,0.00437,0.021068,0.075038,0.004498,0.042503,0.0001,,,,,0,gru
213,322198,407.7759,558.9144,1450,0,0,1,0,0.8942,1.84,collision,4216.5,-0.038961,0.435377,-0.884791,0.861428,3.056422,1.43434,0.151688,5.873528,0.450274,0.424707,-0.709581,1.012032,,,,,,,,,,,,,,0,gru
214,323789,664.3714,558.9322,1591,1,1,0,0,0.2989,1.843,goal,4237.1,-0.00072,0.421672,-0.885925,0.855582,3.003851,1.42937,0.163761,5.869097,0.4572,0.431614,-0.322397,1.0,,,,,,,,,,,,,,0,gru
215,325180,414.8506,533.6225,1391,0,0,1,0,0.8873,1.848,collision,4255.1,0.006576,0.42968,-0.876542,0.855898,3.040702,1.432532,0.056227,5.915964,0.442259,0.433574,-0.454447,1.005858,,,,,,,,,,,,,,0,gru
216,326792,663.1247,533.9175,1612,1,1,0,0,0.299,1.86,goal,4278.4,-0.012593,0.427602,-0.853717,0.872263,3.075878,1.438272,0.08715,5.925114,0.451287,0.431739,-0.505879,1.008547,-0.025291,0.00389,1.848774,0.004358,0.019572,0.042704,0.003321,0.024207,0.0001,,,,,0,gru
217,328452,656.4325,535.1052,1660,1,1,0,0,0.2982,1.855,goal,4299.9,-0.02082,0.435532,-0.893318,0.858789,3.125232,1.428967,0.127106,5.83533,0.452363,0.432102,-0.626171,1.009446,,,,,,,,,,,,,,0,gru
218,329810,378.2007,505.5178,1358,0,0,1,0,0.9613,1.865,collision,4317.6,0.026116,0.423842,-0.874775,0.855868,3.095225,1.431051,0.060626,5.940258,0.430025,0.431658,-0.617467,1.0,,,,,,,,,,,,,,0,gru
219,331383,654.9465,532.3853,1573,1,1,0,0,0.2981,1.861,goal,4337.8,-0.015517,0.429972,-0.873104,0.873915,3.077654,1.422304,0.111068,5.857425,0.451405,0.431177,-0.520904,1.0,,,,,,,,,,,,,,0,gru
220,332944,653.8442,557.0975,1561,1,1,0,0,0.2976,1.866,goal,4359.5,0.001933,0.424083,-0.875536,0.862609,3.076793,1.40041,0.180228,5.881739,0.452423,0.430006,-0.341194,1.0,-0.049516,0.003637,1.848853,0.004346,0.020204,0.066699,0.007051,0.031692,0.0001,,,,,0,gru
221,334529,654.2441,581.4828,1585,1,1,0,0,0.2981,1.872,goal,4380.0,0.015279,0.430601,-0.867923,0.846545,3.122063,1.423017,0.159299,5.870908,0.45001,0.43211,-0.568166,1.0,,,,,,,,,,,,,,0,gru
222,336077,645.0462,579.2837,1548,1,1,0,0,0.2991,1.87,goal,4399.9,0.003168,0.428746,-0.843989,0.872071,3.114235,1.402916,0.158412,5.924051,0.450466,0.431627,-0.504562,1.0,,,,,,,,,,,,,,0,gru
223,337610,645.1466,603.0207,1533,1,1,0,0,0.2995,1.872,goal,4419.5,-0.023076,0.430669,-0.872233,0.869674,3.156102,1.423212,0.120758,5.970215,0.459082,0.429213,-0.414045,1.0,,,,,,,,,,,,,,0,gru
224,339163,652.218,601.8054,1553,1,1,0,0,0.2983,1.881,goal,4442.3,-0.0077,0.42266,-0.845137,0.88185,3.130376,1.418146,0.11853,5.965391,0.458058,0.428952,-0.275551,1.0,-0.030246,0.005662,1.848761,0.004334,0.024971,0.065902,0.003773,0.037305,0.0001,,,,,0,gru
225,340744,648.783,625.1986,1581,1,1,0,0,0.2997,1.859,goal,4462.6,-0.000495,0.432535,-0.86294,0.878734,3.106758,1.422613,0.093918,5.913781,0.446656,0.431063,-0.675119,1.0,,,,,,,,,,,,,,0,gru
226,342299,645.8027,623.4664,1555,1,1,0,0,0.2997,1.865,goal,4482.7,0.008889,0.43261,-0.891446,0.862023,3.120628,1.423727,0.090667,5.897503,0.45307,0.430662,-0.553172,1.0,,,,,,,,,,,,,,0,gru
227,343881,642.4178,622.065,1582,1,1,0,0,0.2979,1.876,goal,4503.2,0.017686,0.426875,-0.880018,0.877433,3.114362,1.392477,0.102092,5.908925,0.446194,0.434349,-0.546539,1.0,,,,,,,,,,,,,,0,gru
228,345511,661.9149,650.4364,1630,1,1,0,0,0.2989,1.844,goal,4526.5,-0.000978,0.43699,-0.885954,0.83686,3.126483,1.456538,0.061916,5.929271,0.445874,0.43352,-0.384039,1.003507,-0.028105,0.005019,1.848977,0.004322,0.028597,0.073123,0.009857,0.042353,0.0001,,,,,0,gru
229,347071,650.9213,650.0339,1560,1,1,0,0,0.2994,1.856,goal,4546.1,-0.019058,0.436125,-0.852978,0.886317,3.127398,1.456673,0.085108,5.908917,0.458022,0.429961,-0.536237,1.0,,,,,,,,,,,,,,0,gru
230,348656,663.9972,651.0492,1585,1,1,0,0,0.2997,1.866,goal,4565.8,-0.011609,0.428043,-0.880309,0.864397,3.100741,1.417953,0.185644,5.93992,0.457039,0.429423,-0.272029,1.008318,,,,,,,,,,,,,,0,gru
231,350246,648.0699,650.4318,1590,1,1,0,0,0.2983,1.849,goal,4585.6,0.008395,0.439128,-0.864344,0.848012,3.094664,1.422398,0.056716,5.853613,0.447259,0.43172,-0.597275,1.0,,,,,,,,,,,,,,0,gru
232,351845,662.1027,652.1374,1599,1,1,0,0,0.2993,1.865,goal,4607.8,-0.021761,0.431865,-0.869758,0.853168,3.136386,1.429837,0.066454,5.910975,0.457489,0.430483,-0.493124,1.009075,-0.042505,0.005134,1.849001,0.00431,0.018014,0.062122,0.005546,0.03451,0.0001,,,,,0,gru
233,353441,667.059,654.3286,1596,1,1,0,0,0.2983,1.854,goal,4627.8,-0.008448,0.429206,-0.871603,0.853673,3.041807,1.42357,0.04682,5.82415,0.457792,0.428983,-0.321997,1.007064,,,,,,,,,,,,,,0,gru
234,355002,640.3152,653.1384,1561,1,1,0,0,0.2986,1.856,goal,4647.6,-0.041698,0.428172,-0.885036,0.876036,3.090437,1.445636,0.089168,5.856065,0.456628,0.423722,-0.531939,1.0,,,,,,,,,,,,,,0,gru
235,356639,657.4718,654.0073,1637,1,1,0,0,0.298,1.845,goal,4668.1,0.016299,0.439867,-0.871353,0.859786,3.107727,1.42664,0.08501,5.89294,0.442307,0.43142,-0.743543,1.0,,,,,,,,,,,,,,0,gru
236,358039,395.5139,628.9784,1400,0,0,1,0,0.8927,1.844,collision,4687.6,0.04034,0.425326,-0.862764,0.862794,3.057451,1.477646,0.100417,5.936074,0.438118,0.436371,-0.714162,1.0,0.001137,0.00418,1.849318,0.004298,0.024363,0.061428,0.005783,0.033649,0.0001,,,,,0,gru
237,359655,662.2225,630.9588,1616,1,1,0,0,0.2983,1.84,goal,4708.0,-0.00336,0.439141,-0.883717,0.880901,3.071012,1.445642,0.137287,5.943605,0.449525,0.432133,-0.415385,1.0,,,,,,,,,,,,,,0,gru
238,361001,403.7186,605.1392,1346,0,0,1,0,0.8662,1.854,collision,4725.0,0.016034,0.4322,-0.862122,0.880161,3.106569,1.437332,0.090199,5.854151,0.444091,0.431509,-0.526345,1.0,,,,,,,,,,,,,,0,gru
239,362628,660.5657,606.1037,1627,1,1,0,0,0.299,1.847,goal,4745.6,-0.024917,0.436549,-0.882562,0.875312,3.053555,1.428477,0.090637,5.929393,0.45626,0.430253,-0.838674,1.000144,,,,,,,,,,,,,,0,gru
240,364207,652.3773,604.9417,1579,1,1,0,0,0.2997,1.839,goal,4768.4,-0.015692,0.437948,-0.872729,0.837833,3.042448,1.420796,0.114623,5.934098,0.45188,0.429374,-0.514595,1.0,-0.007282,0.01293,1.849902,0.004286,0.026691,0.121597,0.008825,0.065,0.0001,,,,,0,gru
241,365572,408.1763,580.9523,1365,0,0,1,0,0.8714,1.828,collision,4785.8,0.004414,0.426583,-0.853572,0.880248,2.941896,1.42632,0.108755,5.918445,0.443286,0.431616,-0.394768,1.0,,,,,,,,,,,,,,0,gru
242,367227,652.0323,579.9453,1655,1,1,0,0,0.2988,1.812,goal,4806.8,0.007812,0.438906,-0.872617,0.857013,2.986711,1.42801,0.104163,5.871364,0.43748,0.432352,-0.843672,1.0,,,,,,,,,,,,,,0,gru
243,368842,655.1614,578.7555,1615,1,1,0,0,0.2979,1.818,goal,4827.3,-0.045485,0.430621,-0.844008,0.861633,2.96408,1.426806,0.048903,5.93588,0.458836,0.428917,-0.63125,1.0,,,,,,,,,,,,,,0,gru
244,370466,668.1709,581.5411,1624,1,1,0,0,0.2992,1.839,goal,4849.8,-0.008608,0.426083,-0.885604,0.880402,2.970937,1.415235,0.116352,5.924582,0.453026,0.432421,-0.531632,1.007394,-0.011357,0.004685,1.850566,0.004274,0.024497,0.059913,0.004475,0.032094,0.0001,,,,,0,gru
245,372082,667.1992,582.5138,1616,1,1,0,0,0.2999,1.799,goal,4870.2,-0.01703,0.434122,-0.861902,0.868138,2.909785,1.44935,0.126724,5.956375,0.453891,0.43064,-0.466659,1.0,,,,,,,,,,,,,,0,gru
246,373718,668.5734,609.8198,1636,1,1,0,0,0.2989,1.788,goal,4890.5,-0.034053,0.428758,-0.863893,0.870242,2.851405,1.443542,0.058621,5.832767,0.455188,0.429446,-0.595751,1.0,,,,,,,,,,,,,,0,gru
247,375156,417.4885,585.3464,1438,0,0,1,0,0.8687,1.809,collision,4908.7,0.041926,0.430055,-0.870334,0.891282,2.874345,1.432171,0.066879,5.863611,0.442721,0.435453,-0.686478,1.0,,,,,,,,,,,,,,0,gru
248,376779,656.8756,610.6621,1623,1,1,0,0,0.2995,1.806,goal,4931.6,-0.03221,0.432385,-0.882399,0.882352,2.877531,1.411688,0.121662,5.897845,0.453125,0.429944,-0.632202,1.0,-0.029082,0.003845,1.850533,0.004262,0.023063,0.070151,0.003001,0.04102,0.0001,,,,,0,gru
249,378419,656.654,610.2709,1640,1,1,0,0,0.2983,1.832,goal,4952.5,0.005633,0.426607,-0.873784,0.880312,2.942983,1.421028,0.07507,5.836388,0.440045,0.433619,-0.705741,1.0,,,,,,,,,,,,,,0,gru
250,380032,666.963,611.7295,1613,1,1,0,0,0.2975,1.822,goal,4972.5,-0.018286,0.432559,-0.864827,0.877204,2.948077,1.4302,0.081036,5.886067,0.457453,0.429026,-0.497441,1.0,,,,,,,,,,,,,,0,gru
251,381694,669.6577,637.8776,1662,1,1,0,0,0.2991,1.83,goal,4993.0,0.008394,0.426722,-0.877171,0.892565,2.993213,1.445993,0.169479,5.934146,0.446007,0.433424,-0.731741,1.010414,,,,,,,,,,,,,,0,gru
252,383354,669.6364,639.638,1660,1,1,0,0,0.2986,1.819,goal,5016.1,-0.014666,0.438205,-0.86028,0.868678,2.966293,1.423664,0.015665,5.891467,0.445693,0.43259,-0.764215,1.002016,-0.011789,0.005451,1.850275,0.00425,0.031736,0.053703,0.007158,0.030858,0.0001,,,,,0,gru
253,384764,416.0482,615.7267,1410,0,0,1,0,0.8923,1.835,collision,5034.0,0.021143,0.432668,-0.860725,0.883826,3.094564,1.472172,0.127063,5.922498,0.439185,0.432045,-0.577435,1.006917,,,,,,,,,,,,,,0,gru
254,386405,646.9741,613.607,1641,1,1,0,0,0.2997,1.847,goal,5054.0,-0.032606,0.431267,-0.874862,0.867571,3.052798,1.416735,0.113398,5.892399,0.448477,0.431602,-0.825755,1.0,,,,,,,,,,,,,,0,gru
255,387783,419.5814,588.8452,1378,0,0,1,0,0.8535,1.849,collision,5071.3,0.004605,0.439301,-0.855309,0.883914,3.110489,1.439897,0.147029,5.912109,0.445765,0.432191,-0.452294,1.000399,,,,,,,,,,,,,,0,gru
256,389404,657.7998,587.7679,1621,1,1,0,0,0.2988,1.849,goal,5093.6,0.013003,0.433825,-0.886075,0.887706,3.103913,1.423308,0.096713,5.947671,0.447747,0.433776,-0.628647,1.0,-0.023883,0.005175,1.849789,0.004238,0.027085,0.064922,0.00718,0.036477,0.0001,,,,,0,gru
257,391070,659.4781,611.9668,1666,1,1,0,0,0.299,1.847,goal,5114.2,0.014055,0.429408,-0.868734,0.884937,3.05495,1.424128,0.122653,5.891613,0.440212,0.433414,-0.765842,1.006714,,,,,,,,,,,,,,0,gru
258,392694,655.541,611.8334,1624,1,1,0,0,0.3,1.839,goal,5134.5,-0.027764,0.430848,-0.877987,0.868663,3.091011,1.470724,0.081215,5.886638,0.451656,0.429,-0.794722,1.0,,,,,,,,,,,,,,0,gru
259,394330,661.6551,612.3335,1636,1,1,0,0,0.2998,1.841,goal,5155.2,-0.016237,0.434535,-0.867575,0.86762,3.040489,1.444831,0.092984,5.922888,0.449848,0.432831,-0.661176,1.004312,,,,,,,,,,,,,,0,gru
260,396175,439.327,589.5699,1845,0,0,1,0,0.3019,1.834,collision,5180.1,0.012382,0.438678,-0.856826,0.879052,3.031116,1.436539,0.115725,5.939412,0.413219,0.430275,-1.0,1.0,-0.035195,0.005014,1.848856,0.004226,0.028958,0.073473,0.005504,0.042551,0.0001,,,,,0,gru
261,397727,632.1551,585.8196,1552,1,1,0,0,0.2991,1.894,goal,5199.5,-0.00475,0.426086,-0.873005,0.883584,3.158153,1.394235,0.144309,5.925756,0.444976,0.431631,-0.749922,1.0,,,,,,,,,,,,,,0,gru
262,399325,662.9822,585.1542,1598,1,1,0,0,0.2983,1.856,goal,5219.5,-0.004708,0.436203,-0.871962,0.884005,3.137928,1.44248,0.177449,5.883787,0.453565,0.431085,-0.423007,1.002588,,,,,,,,,,,,,,0,gru
263,400938,670.6847,610.6179,1613,1,1,0,0,0.2988,1.839,goal,5240.2,-0.023319,0.42332,-0.865382,0.876748,3.045088,1.459963,0.134929,5.900283,0.455416,0.431016,-0.417879,1.007913,,,,,,,,,,,,,,0,gru
264,402501,643.0921,610.2297,1563,1,1,0,0,0.298,1.852,goal,5262.7,-0.008587,0.439228,-0.878042,0.880195,3.101094,1.434887,0.135285,5.892039,0.446294,0.431834,-0.489959,1.0,-0.035202,0.003876,1.84842,0.004214,0.02189,0.081521,0.00382,0.051962,0.0001,,,,,0,gru
265,404161,653.6514,633.6367,1660,1,1,0,0,0.2989,1.836,goal,5283.5,0.007942,0.436658,-0.865087,0.880237,3.025004,1.417483,0.157213,5.897505,0.440885,0.436374,-0.657702,1.0,,,,,,,,,,,,,,0,gru
266,405785,662.8725,634.1439,1624,1,1,0,0,0.2998,1.837,goal,5303.8,0.005779,0.449829,-0.872284,0.865402,3.069319,1.422422,0.121547,5.911308,0.445725,0.43312,-0.557771,1.0,,,,,,,,,,,,,,0,gru
267,407424,664.0745,634.6036,1639,1,1,0,0,0.2985,1.844,goal,5325.0,-0.040701,0.416282,-0.859745,0.868791,3.015228,1.436553,0.108298,5.896913,0.455942,0.430425,-0.666692,1.0114,,,,,,,,,,,,,,0,gru
268,408838,428.6924,611.9187,1414,0,0,1,0,0.8507,1.827,collision,5345.6,0.010349,0.432411,-0.879115,0.861126,2.997169,1.456879,0.131601,5.910209,0.448573,0.433266,-0.456486,1.009421,-0.026131,0.004486,1.848169,0.004202,0.022801,0.074164,0.004262,0.042982,0.0001,,,,,0,gru
269,410383,645.9398,610.3472,1545,1,1,0,0,0.2994,1.854,goal,5364.8,0.006671,0.424698,-0.868944,0.865618,3.086731,1.462311,0.096785,5.914044,0.453173,0.431024,-0.428451,1.0,,,,,,,,,,,,,,0,gru
270,411935,654.0065,631.8151,1552,1,1,0,0,0.2989,1.834,goal,5384.2,0.003818,0.436587,-0.856576,0.873759,3.029768,1.42451,0.138813,5.864024,0.456698,0.429239,-0.231163,1.0,,,,,,,,,,,,,,0,gru
271,413489,648.563,633.4559,1554,1,1,0,0,0.299,1.844,goal,5404.2,0.004371,0.428049,-0.864319,0.884095,3.032771,1.450096,0.087317,5.829103,0.451079,0.430324,-0.380734,1.0,,,,,,,,,,,,,,0,gru
272,415077,665.7302,633.7307,1588,1,1,0,0,0.2993,1.856,goal,5428.4,-0.017265,0.431885,-0.870175,0.861757,3.089609,1.433203,0.062087,5.858685,0.459022,0.429988,-0.253846,1.005722,-0.065403,0.003993,1.847279,0.00419,0.017873,0.056148,0.003383,0.027087,0.0001,,,,,0,gru
273,416635,647.0994,631.3722,1558,1,1,0,0,0.299,1.857,goal,5448.3,0.015399,0.424985,-0.843408,0.877239,3.091513,1.433064,0.118834,5.926883,0.448978,0.431189,-0.407215,1.0,,,,,,,,,,,,,,0,gru
274,418021,408.8189,607.9449,1386,0,0,1,0,0.8468,1.85,collision,5466.1,0.047503,0.425757,-0.862975,0.868961,3.0382,1.456628,0.068975,5.908945,0.445285,0.435557,-0.650088,1.0,,,,,,,,,,,,,,0,gru
275,419584,648.449,607.4246,1563,1,1,0,0,0.2985,1.857,goal,5486.1,-0.013415,0.431189,-0.873578,0.874038,3.06399,1.432821,0.097522,5.901607,0.451501,0.430012,-0.521711,1.0,,,,,,,,,,,,,,0,gru
276,421171,660.732,607.2106,1587,1,1,0,0,0.2986,1.847,goal,5508.8,-0.008006,0.432715,-0.862415,0.880114,3.054279,1.431106,0.043222,5.905748,0.453497,0.430214,-0.451719,1.0,-0.012042,0.005252,1.846652,0.004178,0.021743,0.051475,0.002886,0.033641,0.0001,,,,,0,gru
277,422746,646.3096,605.4341,1575,1,1,0,0,0.2992,1.863,goal,5528.7,0.033905,0.428801,-0.862969,0.885323,3.054644,1.400638,0.096508,5.86196,0.454222,0.433666,-0.687677,1.0,,,,,,,,,,,,,,0,gru
278,424340,666.6934,629.2342,1594,1,1,0,0,0.2979,1.841,goal,5548.8,-0.014704,0.427,-0.864807,0.886249,2.982469,1.413303,0.072451,5.883579,0.456968,0.429294,-0.359322,1.001834,,,,,,,,,,,,,,0,gru
279,425912,646.4112,629.2813,1572,1,1,0,0,0.2999,1.846,goal,5568.6,0.01895,0.418583,-0.878083,0.858928,2.984004,1.437579,0.095644,5.884609,0.44928,0.432246,-0.588268,1.0,,,,,,,,,,,,,,0,gru
280,427466,649.3285,628.8135,1554,1,1,0,0,0.2996,1.848,goal,5590.3,0.012332,0.425745,-0.857798,0.856906,3.010045,1.434578,0.064191,5.874658,0.453419,0.432094,-0.444069,1.0,-0.037373,0.004469,1.846692,0.004166,0.021496,0.067919,0.004464,0.042799,0.0001,,,,,0,gru
281,429068,652.1371,629.1709,1602,1,1,0,0,0.2991,1.844,goal,5611.0,0.019902,0.434106,-0.875216,0.869044,3.080431,1.432659,0.150697,5.908449,0.446931,0.433164,-0.573228,1.0,,,,,,,,,,,,,,0,gru
282,430654,652.6156,627.8595,1586,1,1,0,0,0.2987,1.861,goal,5631.5,0.018564,0.427577,-0.850558,0.89171,3.016339,1.399798,0.126894,5.812379,0.4483,0.432826,-0.548586,1.0,,,,,,,,,,,,,,0,gru
283,432247,662.5923,629.4088,1593,1,1,0,0,0.2986,1.826,goal,5652.0,-0.006967,0.431645,-0.874553,0.872045,3.029551,1.463577,0.071957,5.888277,0.454536,0.429949,-0.454663,1.0,,,,,,,,,,,,,,0,gru
284,433871,672.34,655.7609,1624,1,1,0,0,0.2992,1.824,goal,5676.1,0.001946,0.431965,-0.867174,0.855285,2.962015,1.443688,0.051438,5.903126,0.453412,0.431123,-0.533928,1.004406,-0.014923,0.006238,1.846572,0.004154,0.024951,0.102194,0.005374,0.066086,0.0001,,,,,0,gru
285,435516,650.2552,655.9415,1645,1,1,0,0,0.2989,1.822,goal,5697.1,0.02815,0.437064,-0.868455,0.869572,2.987961,1.434767,0.096244,5.938609,0.440372,0.433409,-0.794208,1.0,,,,,,,,,,,,,,0,gru
286,437131,659.2114,655.7894,1615,1,1,0,0,0.298,1.859,goal,5717.5,-0.001574,0.428909,-0.859973,0.88036,3.060981,1.420915,0.085065,5.956561,0.446639,0.433457,-0.568509,1.003818,,,,,,,,,,,,,,0,gru
287,438772,675.0923,658.6677,1641,1,1,0,0,0.299,1.819,goal,5738.0,-0.014802,0.438279,-0.881295,0.856894,3.063555,1.452942,0.08021,5.867337,0.454116,0.431432,-0.419287,1.009116,,,,,,,,,,,,,,0,gru
288,440181,415.6103,633.5594,1409,0,0,1,0,0.8788,1.832,collision,5758.0,0.027984,0.434456,-0.856864,0.878543,3.054141,1.436347,0.100691,5.868121,0.444281,0.434269,-0.546261,1.002488,0.020557,0.004912,1.846741,0.004142,0.030786,0.085459,0.011058,0.050111,0.0001,,,,,0,gru
289,441821,671.0601,636.0243,1640,1,1,0,0,0.2982,1.834,goal,5779.1,-0.017575,0.42674,-0.858438,0.866462,3.021587,1.462448,0.078243,5.851904,0.449488,0.43155,-0.564433,1.008988,,,,,,,,,,,,,,0,gru
290,443364,634.9334,634.5848,1543,1,1,0,0,0.299,1.877,goal,5799.1,-0.02057,0.424772,-0.861928,0.871193,3.107535,1.422525,0.07433,5.884212,0.453318,0.430946,-0.59693,1.0,,,,,,,,,,,,,,0,gru
291,444943,643.299,633.701,1579,1,1,0,0,0.2988,1.846,goal,5819.4,0.003463,0.435626,-0.866689,0.872638,3.060346,1.418088,0.102388,5.877592,0.446927,0.430583,-0.751679,1.0,,,,,,,,,,,,,,0,gru
292,446519,656.3793,634.0773,1576,1,1,0,0,0.2974,1.854,goal,5841.6,-0.00634,0.429693,-0.883457,0.878097,3.025213,1.415973,0.134539,5.949317,0.452376,0.430506,-0.476441,1.0,-0.044053,0.005191,1.847233,0.00413,0.022136,0.072063,0.005,0.033259,0.0001,,,,,0,gru
293,448155,640.9735,631.9154,1636,1,1,0,0,0.2991,1.858,goal,5862.4,0.007187,0.425583,-0.876123,0.882314,3.025536,1.424019,0.102031,5.91861,0.439974,0.431266,-0.952875,1.0,,,,,,,,,,,,,,0,gru
294,449751,653.1071,629.9921,1596,1,1,0,0,0.3,1.858,goal,5882.8,-0.030464,0.432515,-0.889459,0.87026,3.139973,1.445218,0.115506,5.919617,0.457519,0.430287,-0.633959,1.0,,,,,,,,,,,,,,0,gru
295,451341,659.6766,630.9343,1590,1,1,0,0,0.2994,1.852,goal,5902.9,-0.009948,0.428706,-0.872186,0.872787,3.037052,1.430146,0.117142,5.941291,0.452215,0.430055,-0.57413,1.0,,,,,,,,,,,,,,0,gru
296,452977,637.0527,628.7184,1636,1,1,0,0,0.2995,1.84,goal,5927.0,0.008934,0.425233,-0.872661,0.873514,3.039869,1.449593,0.037205,5.962996,0.433454,0.431979,-0.905734,1.0,-0.020435,0.005966,1.846071,0.004118,0.030822,0.117237,0.007166,0.081314,0.0001,,,,,0,gru
297,454600,655.2609,626.7353,1623,1,1,0,0,0.2993,1.837,goal,5947.9,-0.009268,0.421851,-0.864691,0.852539,2.982209,1.434555,0.124402,5.925682,0.44488,0.43229,-0.721381,1.0,,,,,,,,,,,,,,0,gru
298,456266,669.3602,652.1103,1666,1,1,0,0,0.2988,1.804,goal,5969.0,-0.005654,0.430477,-0.870007,0.879095,2.952233,1.479604,0.068528,5.920421,0.443561,0.431948,-0.674568,1.0,,,,,,,,,,,,,,0,gru
299,457856,640.2385,649.0281,1590,1,1,0,0,0.299,1.859,goal,5988.7,-0.011782,0.42668,-0.882688,0.858557,3.057299,1.432102,0.087361,5.863482,0.444263,0.431859,-0.825722,1.0,,,,,,,,,,,,,,0,gru
300,459480,652.4948,650.7843,1624,1,1,0,0,0.2992,1.843,goal,6012.1,-0.00161,0.429572,-0.873062,0.872622,3.034856,1.437298,0.0884,5.879233,0.445271,0.431491,-0.740857,1.0,-0.045542,0.004867,1.84475,0.004106,0.024517,0.05958,0.004276,0.036022,0.0001,,,,,0,gru
301,461096,661.1232,652.5667,1616,1,1,0,0,0.2977,1.811,goal,6032.8,0.010356,0.441021,-0.891944,0.869702,2.965283,1.431891,0.125114,5.918805,0.446271,0.432123,-0.556588,1.0,,,,,,,,,,,,,,0,gru
302,462732,662.144,653.1431,1636,1,1,0,0,0.299,1.8,goal,6053.3,-0.000363,0.438869,-0.872938,0.862958,2.987535,1.472461,0.084374,5.90269,0.445331,0.432884,-0.541159,1.0,,,,,,,,,,,,,,0,gru
303,464348,652.7736,654.3232,1616,1,1,0,0,0.2993,1.816,goal,6073.3,0.008674,0.431961,-0.881593,0.880527,2.901737,1.416874,0.062454,5.893199,0.442755,0.432832,-0.696299,1.0,,,,,,,,,,,,,,0,gru
304,465979,657.8781,654.8003,1631,1,1,0,0,0.2993,1.795,goal,6096.7,0.014666,0.43305,-0.847213,0.877125,2.901625,1.444852,0.117392,5.977007,0.438669,0.431764,-0.598051,1.0,-0.025989,0.004922,1.844,0.004094,0.024065,0.074129,0.003855,0.044995,0.0001,,,,,0,gru
305,467656,682.0297,657.0356,1677,1,1,0,0,0.2981,1.792,goal,6118.2,-0.033884,0.426115,-0.88376,0.876974,2.870244,1.456458,0.110173,5.825537,0.455292,0.42982,-0.60432,1.011749,,,,,,,,,,,,,,0,gru
306,469307,655.268,658.8571,1651,1,1,0,0,0.2985,1.798,goal,6139.4,-0.035942,0.431007,-0.892214,0.869482,2.858545,1.42542,0.088307,5.896414,0.450887,0.431225,-0.702363,1.0,,,,,,,,,,,,,,0,gru
307,470936,659.6411,659.2951,1629,1,1,0,0,0.2992,1.835,goal,6160.3,0.013075,0.420814,-0.877726,0.870894,2.934735,1.415867,0.097894,5.954105,0.441742,0.433342,-0.48885,1.0,,,,,,,,,,,,,,0,gru
308,472537,658.8364,658.2428,1601,1,1,0,0,0.2982,1.805,goal,6183.7,0.010877,0.431366,-0.864884,0.844283,2.936717,1.442591,0.053223,5.845263,0.44964,0.431671,-0.562379,1.0,-0.030587,0.003828,1.843299,0.004082,0.020922,0.095084,0.004004,0.062485,0.0001,,,,,0,gru
309,474175,670.5538,661.2743,1638,1,1,0,0,0.2978,1.829,goal,6204.6,-0.023474,0.428546,-0.850987,0.875259,2.933096,1.426951,0.084553,5.925932,0.453744,0.429804,-0.583543,1.008154,,,,,,,,,,,,,,0,gru
310,475819,669.8162,663.0064,1644,1,1,0,0,0.2995,1.789,goal,6225.7,-0.017219,0.433413,-0.876825,0.863216,2.905936,1.437996,0.108307,5.808942,0.447912,0.430936,-0.583944,1.0,,,,,,,,,,,,,,0,gru
311,477418,660.2447,662.9186,1599,1,1,0,0,0.2981,1.817,goal,6245.6,-0.031148,0.433502,-0.869506,0.848372,2.952333,1.444109,0.114323,5.901898,0.455488,0.431629,-0.510708,1.0,,,,,,,,,,,,,,0,gru
312,479002,649.5802,661.6622,1584,1,1,0,0,0.2985,1.838,goal,6267.9,0.015356,0.425503,-0.858273,0.867086,2.979248,1.440958,0.090681,5.888637,0.447933,0.432718,-0.49223,1.0,-0.042333,0.003469,1.843065,0.00407,0.022438,0.065134,0.003333,0.037886,0.0001,,,,,0,gru
313,480602,660.9385,662.4787,1600,1,1,0,0,0.2981,1.826,goal,6288.4,-0.010379,0.42201,-0.854634,0.873281,3.003561,1.460938,0.115854,5.851423,0.451063,0.431459,-0.61634,1.0,,,,,,,,,,,,,,0,gru
314,482226,654.4514,662.136,1624,1,1,0,0,0.2981,1.812,goal,6308.7,0.00932,0.4373,-0.871416,0.87125,2.940839,1.419119,0.115906,5.895875,0.444136,0.432588,-0.693265,1.0,,,,,,,,,,,,,,0,gru
315,483825,656.2102,659.5541,1599,1,1,0,0,0.2996,1.804,goal,6329.2,-0.007996,0.425493,-0.873845,0.873877,2.897694,1.440535,0.095993,5.869175,0.451063,0.430622,-0.488548,1.0,,,,,,,,,,,,,,0,gru
316,485430,661.1718,660.1444,1605,1,1,0,0,0.2985,1.819,goal,6352.2,-0.025744,0.428372,-0.884403,0.864464,2.934831,1.415259,0.144818,5.842962,0.455411,0.430238,-0.538184,1.0,-0.019734,0.003684,1.84238,0.004058,0.021471,0.06797,0.002286,0.039244,0.0001,,,,,0,gru
317,486999,646.751,658.8554,1569,1,1,0,0,0.2993,1.837,goal,6372.0,0.021444,0.42371,-0.880704,0.863749,3.012405,1.471308,0.121326,5.888411,0.448079,0.432977,-0.590576,1.0,,,,,,,,,,,,,,0,gru
318,488617,669.533,659.9251,1618,1,1,0,0,0.2993,1.825,goal,6392.3,-0.008498,0.425563,-0.85188,0.862119,2.983649,1.46361,0.057738,5.889799,0.452942,0.4307,-0.493926,1.0,,,,,,,,,,,,,,0,gru
319,490245,674.4033,660.31,1628,1,1,0,0,0.2997,1.827,goal,6412.6,-0.021292,0.431179,-0.853257,0.857064,3.01092,1.429961,0.096668,5.902839,0.459185,0.429917,-0.522204,1.010441,,,,,,,,,,,,,,0,gru
320,491851,658.5886,659.1873,1606,1,1,0,0,0.2987,1.844,goal,6434.5,-0.029929,0.42363,-0.874591,0.862788,2.997854,1.437216,0.083541,5.887506,0.45793,0.430017,-0.665903,1.0,-0.049023,0.003908,1.842063,0.004046,0.019455,0.061803,0.002704,0.034139,0.0001,,,,,0,gru
321,493467,661.6761,659.3304,1616,1,1,0,0,0.3,1.828,goal,6454.7,-0.037268,0.434384,-0.892015,0.874635,2.991341,1.417281,0.163321,5.866094,0.45755,0.43112,-0.680617,1.0,,,,,,,,,,,,,,0,gru
322,495067,651.3407,659.5065,1600,1,1,0,0,0.2996,1.846,goal,6475.2,0.018799,0.431805,-0.869134,0.876392,3.019517,1.404829,0.163561,5.909467,0.448816,0.43286,-0.687078,1.0,,,,,,,,,,,,,,0,gru
323,496679,653.5358,658.7662,1612,1,1,0,0,0.2996,1.828,goal,6495.1,0.014585,0.433042,-0.885624,0.886229,3.013918,1.45753,0.080515,5.892767,0.444724,0.432647,-0.560328,1.0,,,,,,,,,,,,,,0,gru
324,498254,652.6278,658.5838,1575,1,1,0,0,0.2984,1.849,goal,6518.6,0.00651,0.427964,-0.876419,0.853143,2.971369,1.402368,0.163914,5.924308,0.450203,0.430668,-0.356911,1.0,-0.034483,0.003221,1.842334,0.004034,0.019932,0.049918,0.00183,0.025387,0.0001,,,,,0,gru
325,499898,665.0705,659.4699,1644,1,1,0,0,0.2988,1.845,goal,6539.2,0.002788,0.425602,-0.885792,0.855822,3.030389,1.451118,0.091556,5.859099,0.444172,0.433324,-0.624355,1.008122,,,,,,,,,,,,,,0,gru
326,501555,668.918,660.2445,1657,1,1,0,0,0.2989,1.82,goal,6560.1,-0.008218,0.423709,-0.87383,0.842455,2.905582,1.417898,0.060975,5.865178,0.445819,0.432144,-0.633023,1.003309,,,,,,,,,,,,,,0,gru
327,502926,399.7032,635.5397,1371,0,0,1,0,0.8729,1.858,collision,6577.2,0.035127,0.433858,-0.872473,0.87763,3.058023,1.410569,0.082065,5.836376,0.441832,0.434379,-0.655427,1.0,,,,,,,,,,,,,,0,gru
328,504538,658.9837,634.4848,1612,1,1,0,0,0.2999,1.853,goal,6599.7,0.000199,0.429284,-0.870254,0.859481,3.025012,1.409363,0.165816,5.932071,0.447395,0.43228,-0.664641,1.0,-0.017866,0.003586,1.842473,0.004022,0.021106,0.057735,0.003997,0.032761,0.0001,,,,,0,gru
329,506175,664.1519,633.4596,1637,1,1,0,0,0.2989,1.843,goal,6620.1,-0.006208,0.433484,-0.870751,0.85627,3.060244,1.417472,0.133596,5.88572,0.444375,0.432315,-0.494595,1.005998,,,,,,,,,,,,,,0,gru
330,507785,646.2426,632.225,1610,1,1,0,0,0.2996,1.819,goal,6640.6,0.007411,0.431252,-0.867239,0.873891,2.947622,1.455106,0.049781,5.87627,0.438175,0.432502,-0.704136,1.0,,,,,,,,,,,,,,0,gru
331,509458,664.3907,632.4965,1673,1,1,0,0,0.2989,1.808,goal,6661.4,-0.000852,0.430013,-0.86184,0.879772,2.971771,1.449255,0.119485,5.882093,0.438737,0.431519,-0.754523,1.0,,,,,,,,,,,,,,0,gru
332,511127,658.9573,633.2582,1669,1,1,0,0,0.2998,1.811,goal,6684.5,-0.013319,0.43605,-0.886494,0.859067,2.954394,1.446638,0.072221,5.883998,0.439847,0.431478,-0.811961,1.0,-0.035763,0.004494,1.842936,0.00401,0.0235,0.082494,0.003618,0.043736,0.0001,,,,,0,gru
333,512501,414.6451,609.3691,1374,0,0,1,0,0.8671,1.84,collision,6702.0,0.011554,0.421393,-0.876022,0.858436,2.946272,1.400515,0.147035,5.845969,0.44514,0.432713,-0.433539,1.0,,,,,,,,,,,,,,0,gru
334,514103,650.294,609.1357,1602,1,1,0,0,0.2987,1.843,goal,6722.2,-0.008115,0.42571,-0.849209,0.862184,2.993999,1.398405,0.141623,5.90469,0.442187,0.433088,-0.460875,1.0,,,,,,,,,,,,,,0,gru
335,515767,668.5631,609.485,1664,1,1,0,0,0.2975,1.808,goal,6743.3,0.002226,0.423378,-0.870311,0.872563,2.900633,1.443723,0.113964,5.790264,0.440217,0.432941,-0.540807,1.0,,,,,,,,,,,,,,0,gru
336,517181,412.0872,583.8019,1414,0,0,1,0,0.902,1.848,collision,6762.7,0.028402,0.430865,-0.857355,0.882827,3.011081,1.410311,0.077805,5.874486,0.440358,0.434662,-0.602439,1.011988,0.006206,0.004817,1.843656,0.003998,0.027055,0.062655,0.006105,0.038339,0.0001,,,,,0,gru
337,518621,418.3656,585.6681,1440,0,0,1,0,0.889,1.789,collision,6781.3,0.03815,0.433923,-0.883402,0.870726,2.912207,1.444522,0.050887,5.958599,0.439131,0.434051,-0.683167,1.0,,,,,,,,,,,,,,0,gru
338,520271,671.0347,586.8732,1650,1,1,0,0,0.2989,1.804,goal,6802.5,0.001125,0.425894,-0.862609,0.847999,2.874761,1.429584,0.151614,5.820179,0.448275,0.432577,-0.503622,1.0,,,,,,,,,,,,,,0,gru
339,521902,663.3572,586.7938,1631,1,1,0,0,0.2988,1.832,goal,6823.5,0.01385,0.418265,-0.869457,0.857639,2.893524,1.39841,0.042029,5.872981,0.447883,0.433269,-0.521127,1.000179,,,,,,,,,,,,,,0,gru
340,523605,675.2144,589.6909,1703,1,1,0,0,0.2992,1.795,goal,6847.5,-0.009067,0.430829,-0.879123,0.862717,2.879525,1.43327,0.075465,5.92989,0.440544,0.432573,-0.639275,1.008159,0.011289,0.003838,1.843672,0.003986,0.023286,0.07612,0.004577,0.040377,0.0001,,,,,0,gru
341,525246,670.1738,590.2692,1641,1,1,0,0,0.2978,1.808,goal,6867.5,0.001911,0.430398,-0.889775,0.868428,2.883123,1.418157,0.063172,5.875345,0.447339,0.432703,-0.615568,1.0,,,,,,,,,,,,,,0,gru
342,526915,681.6525,592.5388,1669,1,1,0,0,0.2987,1.799,goal,6888.2,-0.009546,0.425935,-0.881757,0.86318,2.863386,1.447162,0.073622,5.907018,0.449773,0.430986,-0.674155,1.010267,,,,,,,,,,,,,,0,gru
343,528570,673.0701,618.3813,1655,1,1,0,0,0.298,1.814,goal,6909.2,-0.007008,0.437616,-0.85905,0.856476,2.922065,1.422585,0.098905,5.955544,0.445934,0.432197,-0.557911,1.004655,,,,,,,,,,,,,,0,gru
344,530184,652.2859,618.5805,1614,1,1,0,0,0.2982,1.829,goal,6933.6,-0.007413,0.421183,-0.865668,0.866154,2.926363,1.434173,0.192406,5.916203,0.445303,0.432347,-0.786176,1.0,-0.005479,0.00457,1.84298,0.003974,0.02404,0.072043,0.004486,0.042337,0.0001,,,,,0,gru
345,531801,653.8227,617.1064,1617,1,1,0,0,0.2992,1.822,goal,6954.1,0.001923,0.420272,-0.843708,0.855649,2.862836,1.408608,0.10009,5.885908,0.441615,0.432076,-0.664144,1.0,,,,,,,,,,,,,,0,gru
346,533521,667.6357,642.6613,1720,1,1,0,0,0.298,1.801,goal,6976.5,0.038712,0.431363,-0.849854,0.877095,2.877532,1.432798,0.041698,5.899436,0.439702,0.435409,-0.690966,1.008615,,,,,,,,,,,,,,0,gru
347,535127,655.0805,666.3328,1606,1,1,0,0,0.2993,1.808,goal,6997.1,0.003432,0.432189,-0.844989,0.859059,2.97073,1.468623,0.085381,5.905439,0.448483,0.431101,-0.678604,1.0,,,,,,,,,,,,,,0,gru
348,536738,650.2782,664.2571,1611,1,1,0,0,0.2991,1.823,goal,7020.1,0.016943,0.430512,-0.865536,0.879588,2.928077,1.406724,0.095283,5.874987,0.43962,0.43345,-0.676003,1.0,-0.029846,0.004254,1.842673,0.003962,0.022487,0.071076,0.002739,0.040356,0.0001,,,,,0,gru
349,538354,660.4931,663.9707,1616,1,1,0,0,0.2994,1.823,goal,7041.1,-0.008503,0.427153,-0.8638,0.862225,2.913343,1.414529,0.098003,5.935304,0.447619,0.431625,-0.615024,1.0,,,,,,,,,,,,,,0,gru
350,539969,653.4527,661.7945,1615,1,1,0,0,0.2999,1.816,goal,7062.2,0.004727,0.431507,-0.878566,0.879618,2.946892,1.441501,0.093365,5.884935,0.444375,0.432483,-0.703804,1.0,,,,,,,,,,,,,,0,gru
351,541623,672.0281,661.9799,1654,1,1,0,0,0.2979,1.824,goal,7083.8,-0.006375,0.428956,-0.871944,0.873331,2.910285,1.390653,0.071634,5.943812,0.449609,0.432091,-0.542481,1.007746,,,,,,,,,,,,,,0,gru
352,543258,664.7796,660.2927,1635,1,1,0,0,0.2992,1.835,goal,7107.1,-0.029362,0.426612,-0.878566,0.869547,2.972636,1.428595,0.043659,5.88456,0.452014,0.431237,-0.678524,1.005768,-0.032404,0.003718,1.843082,0.00395,0.02381,0.060203,0.00451,0.032148,0.0001,,,,,0,gru
353,544902,673.7727,660.3629,1644,1,1,0,0,0.2983,1.802,goal,7128.6,-0.011249,0.430316,-0.873847,0.869951,2.909464,1.416972,0.068583,5.78496,0.448911,0.431804,-0.438255,1.0,,,,,,,,,,,,,,0,gru
354,546594,667.6618,661.9005,1692,1,1,0,0,0.2994,1.809,goal,7150.2,0.025988,0.426733,-0.877137,0.869873,2.915582,1.424769,0.049277,5.904156,0.443073,0.434374,-0.66378,1.007243,,,,,,,,,,,,,,0,gru
355,548303,669.9684,663.5151,1709,1,1,0,0,0.2997,1.794,goal,7172.6,-0.001445,0.430656,-0.884076,0.873391,2.864102,1.428294,0.091681,5.843841,0.438358,0.432043,-0.852678,1.000685,,,,,,,,,,,,,,0,gru
356,549952,667.2907,663.4806,1649,1,1,0,0,0.2994,1.837,goal,7196.6,0.000418,0.421546,-0.881073,0.85938,2.922054,1.399388,0.141491,5.928744,0.446297,0.432339,-0.659506,1.009451,-0.055062,0.003492,1.84427,0.003938,0.021461,0.063978,0.00356,0.039133,0.0001,,,,,0,gru
357,551589,671.473,665.1198,1637,1,1,0,0,0.2975,1.798,goal,7217.6,-0.028426,0.431256,-0.877749,0.865368,2.846611,1.41229,0.10175,5.873524,0.455398,0.429198,-0.482745,1.0,,,,,,,,,,,,,,0,gru
358,553231,671.9735,667.2894,1642,1,1,0,0,0.2987,1.784,goal,7238.6,0.006818,0.437507,-0.879953,0.890195,2.846082,1.436917,0.087063,5.945024,0.448912,0.432745,-0.431092,1.0,,,,,,,,,,,,,,0,gru
359,554668,434.3985,644.6799,1437,0,0,1,0,0.7283,1.795,collision,7257.3,0.013769,0.435101,-0.870553,0.869696,2.855965,1.415942,0.106037,5.894569,0.444049,0.433963,-0.547984,1.0,,,,,,,,,,,,,,0,gru
360,556301,649.5795,644.2926,1633,1,1,0,0,0.2998,1.825,goal,7281.4,0.019147,0.423086,-0.864332,0.846927,2.891533,1.40523,0.091144,5.892995,0.437378,0.432955,-0.639735,1.0,-0.001413,0.004562,1.844959,0.003926,0.021572,0.060557,0.003878,0.037533,0.0001,,,,,0,gru
361,557929,660.5592,643.1457,1628,1,1,0,0,0.2992,1.793,goal,7302.5,-0.026205,0.437364,-0.867643,0.8711,2.881081,1.423689,0.178479,5.820032,0.45139,0.432249,-0.64454,1.0,,,,,,,,,,,,,,0,gru
362,559592,678.7959,644.5473,1663,1,1,0,0,0.2989,1.791,goal,7324.2,-0.004616,0.429627,-0.869655,0.866973,2.830387,1.41827,0.107626,5.912967,0.449037,0.432626,-0.473868,1.002633,,,,,,,,,,,,,,0,gru
363,561202,656.175,642.7875,1610,1,1,0,0,0.2988,1.8,goal,7345.2,0.023661,0.435366,-0.871531,0.878305,2.87127,1.434353,0.156696,5.867321,0.443289,0.43227,-0.483979,1.0,,,,,,,,,,,,,,0,gru
364,562820,667.7236,642.7937,1618,1,1,0,0,0.2978,1.799,goal,7369.9,-0.011031,0.429008,-0.874471,0.87886,2.874812,1.429656,0.081138,5.838791,0.451837,0.430245,-0.320786,1.0,-0.043797,0.003329,1.845159,0.003914,0.021645,0.060382,0.003507,0.034409,0.0001,,,,,0,gru
365,564445,666.916,642.4885,1625,1,1,0,0,0.2978,1.811,goal,7390.5,-0.000547,0.430865,-0.880076,0.85775,2.92041,1.433902,0.066058,5.898141,0.450171,0.431763,-0.450971,1.0,,,,,,,,,,,,,,0,gru
366,566087,661.5992,641.9193,1642,1,1,0,0,0.2999,1.804,goal,7412.0,0.012354,0.42905,-0.867263,0.889911,2.911268,1.427282,0.094495,5.913053,0.440361,0.434208,-0.471129,1.0,,,,,,,,,,,,,,0,gru
367,567717,665.415,641.3135,1630,1,1,0,0,0.2996,1.783,goal,7432.6,-0.024441,0.445782,-0.891077,0.868584,2.885949,1.447356,0.131876,5.848563,0.452606,0.431229,-0.641963,1.0,,,,,,,,,,,,,,0,gru
368,569333,663.9866,640.5148,1616,1,1,0,0,0.2998,1.782,goal,7456.1,-0.008262,0.433319,-0.883283,0.871954,2.821686,1.419243,0.090039,5.912565,0.448582,0.432274,-0.473596,1.0,-0.043224,0.004231,1.845119,0.003902,0.020178,0.077111,0.003525,0.042412,0.0001,,,,,0,gru
369,570934,666.4527,663.7203,1601,1,1,0,0,0.2988,1.835,goal,7476.3,-0.004114,0.427995,-0.880948,0.858152,2.947779,1.411719,0.142604,5.889405,0.453456,0.431344,-0.325756,1.0,,,,,,,,,,,,,,0,gru
370,572574,648.1002,663.5723,1640,1,1,0,0,0.2986,1.812,goal,7497.0,0.034084,0.429238,-0.859059,0.875992,2.964871,1.448253,0.061855,5.858432,0.437892,0.432451,-0.716206,1.0,,,,,,,,,,,,,,0,gru
371,574164,657.0966,663.2261,1590,1,1,0,0,0.2991,1.812,goal,7517.3,-0.001259,0.443678,-0.889055,0.878426,2.972693,1.430892,0.126896,5.852327,0.449005,0.431544,-0.448087,1.0,,,,,,,,,,,,,,0,gru
372,575816,670.8225,662.4287,1652,1,1,0,0,0.2999,1.797,goal,7540.6,-0.004653,0.444228,-0.887644,0.868278,2.944354,1.42894,0.158426,5.787305,0.447046,0.433146,-0.43859,1.0,-0.032344,0.004253,1.844882,0.00389,0.021909,0.10142,0.004035,0.065679,0.0001,,,,,0,gru
373,577475,667.0033,663.5116,1659,1,1,0,0,0.2998,1.83,goal,7562.2,-0.006555,0.426941,-0.868983,0.873347,2.97734,1.448667,0.116135,5.941299,0.443246,0.433278,-0.652457,1.007971,,,,,,,,,,,,,,0,gru
374,579081,652.5627,661.9955,1606,1,1,0,0,0.2976,1.837,goal,7583.1,0.012391,0.435154,-0.843136,0.855944,2.971416,1.401634,0.122594,5.850629,0.441242,0.432929,-0.58452,1.0,,,,,,,,,,,,,,0,gru
375,580458,396.5226,634.9561,1377,0,0,1,0,0.8885,1.821,collision,7600.6,0.039763,0.424504,-0.890759,0.855403,2.965124,1.442718,0.103007,5.799243,0.438376,0.434309,-0.649607,1.0,,,,,,,,,,,,,,0,gru
376,582115,675.2255,636.3188,1657,1,1,0,0,0.2989,1.813,goal,7623.6,-0.014795,0.434595,-0.871577,0.881657,2.964346,1.446708,0.113954,5.906095,0.449404,0.433598,-0.4506,1.008346,-0.024851,0.003597,1.845038,0.003878,0.022811,0.063427,0.005387,0.039807,0.0001,,,,,0,gru
377,583523,420.6982,611.8471,1408,0,0,1,0,0.8588,1.798,collision,7642.2,0.013458,0.431441,-0.871143,0.852176,2.837466,1.409902,0.121069,5.916439,0.447462,0.434733,-0.470941,1.0,,,,,,,,,,,,,,0,gru
378,585145,653.1257,610.761,1622,1,1,0,0,0.2991,1.814,goal,7662.5,-0.015784,0.440572,-0.869253,0.882575,2.918066,1.412125,0.135467,5.852698,0.442434,0.433582,-0.685154,1.0,,,,,,,,,,,,,,0,gru
379,586771,656.6597,609.7817,1626,1,1,0,0,0.2989,1.796,goal,7683.3,-0.007,0.437262,-0.870714,0.885206,2.889861,1.437363,0.064016,5.841948,0.445271,0.431873,-0.64519,1.0,,,,,,,,,,,,,,0,gru
380,588413,661.6469,611.1364,1642,1,1,0,0,0.2985,1.799,goal,7707.2,-0.002844,0.438184,-0.86965,0.88333,2.91249,1.425382,0.067639,5.826132,0.444064,0.431314,-0.473421,1.0,0.030837,0.004867,1.845418,0.003866,0.02596,0.097828,0.004201,0.065158,0.0001,,,,,0,gru
381,590077,660.3529,611.462,1664,1,1,0,0,0.2991,1.841,goal,7728.6,0.024097,0.423074,-0.858067,0.846105,2.981289,1.428026,0.148258,5.894843,0.440393,0.434433,-0.627318,1.006788,,,,,,,,,,,,,,0,gru
382,591501,422.5451,586.6342,1424,0,0,1,0,0.8794,1.815,collision,7746.8,0.021866,0.428155,-0.862417,0.874549,2.903112,1.446427,0.082893,5.964225,0.443296,0.4348,-0.445108,1.005928,,,,,,,,,,,,,,0,gru
383,592864,397.478,559.6817,1363,0,0,1,0,0.8692,1.854,collision,7764.0,0.033637,0.428022,-0.872827,0.85297,2.993634,1.386648,0.092159,5.902703,0.442192,0.435457,-0.648083,1.0,,,,,,,,,,,,,,0,gru
384,594464,650.2096,559.4464,1600,1,1,0,0,0.2996,1.849,goal,7785.9,-0.008261,0.426731,-0.871199,0.834486,3.010974,1.430897,0.119196,5.841865,0.443184,0.433595,-0.531131,1.0,0.000854,0.004173,1.846005,0.003854,0.026649,0.060533,0.006176,0.038827,0.0001,,,,,0,gru
385,595816,396.3953,559.4337,1352,0,0,1,0,0.91,1.823,collision,7803.3,-0.00362,0.428985,-0.859801,0.861316,2.956758,1.442618,0.097248,5.951398,0.436171,0.432241,-0.43121,1.0,,,,,,,,,,,,,,0,gru
386,597240,428.91,534.8021,1424,0,0,1,0,0.8553,1.811,collision,7821.2,-0.021657,0.436418,-0.852968,0.851478,3.011689,1.475075,0.080731,5.906424,0.446328,0.433377,-0.402712,1.004593,,,,,,,,,,,,,,0,gru
387,598875,640.0982,556.7421,1635,1,1,0,0,0.2987,1.845,goal,7842.4,-0.031442,0.431165,-0.8882,0.868242,2.984866,1.398671,0.110804,5.883548,0.439727,0.433513,-0.690562,1.0,,,,,,,,,,,,,,0,gru
388,600510,657.1821,557.1478,1635,1,1,0,0,0.2981,1.81,goal,7864.8,0.00052,0.430985,-0.876233,0.873673,2.991374,1.4561,0.095059,5.796196,0.442767,0.434015,-0.507806,1.0,-0.002302,0.004403,1.846415,0.003842,0.026102,0.078532,0.002968,0.04595,0.0001,,,,,0,gru
389,602124,649.7931,556.4611,1614,1,1,0,0,0.3,1.827,goal,7885.4,-0.015066,0.427044,-0.865239,0.864262,3.011994,1.479179,0.08386,5.831406,0.444565,0.431878,-0.581011,1.0,,,,,,,,,,,,,,0,gru
390,603485,403.6083,530.6573,1361,0,0,1,0,0.8779,1.833,collision,7902.8,0.016124,0.44124,-0.865737,0.851217,3.022254,1.448148,0.083205,5.845672,0.44289,0.434018,-0.417258,1.0,,,,,,,,,,,,,,0,gru
391,605132,662.973,530.9193,1647,1,1,0,0,0.2991,1.807,goal,7923.6,-0.012779,0.429221,-0.875573,0.845457,2.996035,1.492226,0.145388,5.884974,0.446388,0.433481,-0.675542,1.0,,,,,,,,,,,,,,0,gru
392,606510,415.5857,530.2233,1378,0,0,1,0,0.8551,1.817,collision,7942.9,-0.009683,0.431232,-0.860809,0.870872,2.982245,1.450078,0.061421,5.88278,0.445062,0.433276,-0.402939,1.0,0.000375,0.004535,1.846568,0.00383,0.024022,0.051054,0.004021,0.026205,0.0001,,,,,0,gru
393,608154,657.5088,556.2264,1644,1,1,0,0,0.2993,1.845,goal,7963.7,-0.029206,0.432423,-0.863419,0.875326,3.002945,1.406389,0.159132,5.951862,0.445246,0.432262,-0.631637,1.003166,,,,,,,,,,,,,,0,gru
394,609832,667.3211,557.9375,1678,1,1,0,0,0.2996,1.816,goal,7984.7,-0.025406,0.438861,-0.887128,0.885368,3.004112,1.446121,0.081289,5.846127,0.443637,0.433829,-0.655956,1.005006,,,,,,,,,,,,,,0,gru
395,611464,658.6687,584.1649,1632,1,1,0,0,0.2994,1.851,goal,8005.4,-0.020322,0.427978,-0.882521,0.860073,3.060002,1.436092,0.116464,5.934324,0.441839,0.433182,-0.609361,1.004785,,,,,,,,,,,,,,0,gru
396,613094,650.689,606.3428,1630,1,1,0,0,0.298,1.814,goal,8028.7,-0.011622,0.435712,-0.872827,0.883565,3.041459,1.484992,0.06191,5.936235,0.440764,0.43322,-0.595644,1.0,-0.025109,0.003929,1.847224,0.003818,0.031775,0.090226,0.005405,0.06191,0.0001,,,,,0,gru
397,614684,652.9371,607.6267,1590,1,1,0,0,0.2993,1.862,goal,8049.4,-0.007933,0.432503,-0.87528,0.852179,3.064417,1.404852,0.092547,5.85955,0.448434,0.43202,-0.404435,1.0,,,,,,,,,,,,,,0,gru
398,616319,653.9704,607.3055,1635,1,1,0,0,0.2995,1.832,goal,8070.5,0.008631,0.429897,-0.883142,0.862696,3.003978,1.436678,0.094354,5.957814,0.437794,0.433693,-0.55267,1.0,,,,,,,,,,,,,,0,gru
399,617974,668.0104,609.1272,1655,1,1,0,0,0.2984,1.806,goal,8091.8,-0.00499,0.444548,-0.871596,0.85503,3.029033,1.455648,0.072641,5.916422,0.441388,0.433466,-0.513323,1.0,,,,,,,,,,,,,,0,gru
400,619625,670.6247,635.8289,1651,1,1,0,0,0.2995,1.816,goal,8115.4,-0.018549,0.437349,-0.874441,0.85439,2.965926,1.437246,0.060858,5.899001,0.448933,0.43193,-0.494319,1.002379,-0.040905,0.004789,1.847878,0.003806,0.024361,0.069155,0.004515,0.033068,0.0001,,,,,0,gru
401,621019,417.4671,611.2783,1394,0,0,1,0,0.8279,1.813,collision,8133.2,-0.002194,0.429535,-0.857586,0.861551,2.921379,1.433689,0.079291,5.876654,0.44307,0.433208,-0.424482,1.0,,,,,,,,,,,,,,0,gru
402,622643,664.9851,636.2182,1624,1,1,0,0,0.2975,1.833,goal,8153.5,-0.020913,0.43548,-0.860263,0.874298,3.013337,1.424194,0.075372,5.944335,0.451007,0.43211,-0.510501,1.000172,,,,,,,,,,,,,,0,gru
403,624286,660.4391,636.5113,1643,1,1,0,0,0.2996,1.814,goal,8174.2,0.001242,0.429624,-0.863043,0.861673,2.963579,1.454388,0.135073,5.928888,0.444223,0.433284,-0.556159,1.0,,,,,,,,,,,,,,0,gru
404,625864,648.8272,634.6619,1578,1,1,0,0,0.2999,1.833,goal,8196.4,-0.021078,0.428014,-0.859701,0.830374,2.999856,1.446501,0.134212,5.857423,0.451226,0.432086,-0.642989,1.0,-0.019816,0.004004,1.848686,0.003794,0.022915,0.060294,0.004161,0.035639,0.0001,,,,,0,gru
405,627544,665.951,635.3901,1680,1,1,0,0,0.2985,1.815,goal,8217.5,0.021084,0.429218,-0.873146,0.863289,2.927518,1.441069,0.062273,5.854941,0.442672,0.435061,-0.671197,1.004706,,,,,,,,,,,,,,0,gru
406,629189,663.6098,636.6822,1645,1,1,0,0,0.2987,1.791,goal,8238.5,-0.028723,0.435738,-0.89009,0.872879,2.893705,1.435245,0.070195,5.87667,0.453748,0.430922,-0.687138,1.0,,,,,,,,,,,,,,0,gru
407,630850,672.2469,638.6132,1661,1,1,0,0,0.2984,1.797,goal,8259.9,0.010352,0.429692,-0.880099,0.88259,2.880625,1.447113,0.085546,5.879233,0.446596,0.433445,-0.513142,1.0,,,,,,,,,,,,,,0,gru
408,632447,653.5879,638.5749,1597,1,1,0,0,0.2981,1.813,goal,8282.7,0.010129,0.430545,-0.866025,0.849217,2.924574,1.431238,0.0817,5.90223,0.44803,0.432418,-0.463067,1.0,-0.030495,0.003483,1.849117,0.003782,0.023506,0.065377,0.004511,0.037848,0.0001,,,,,0,gru
409,634118,665.7386,638.3477,1671,1,1,0,0,0.2996,1.81,goal,8304.0,-0.019501,0.433533,-0.873098,0.870405,2.929829,1.428668,0.096344,5.924999,0.450404,0.434086,-0.716982,1.000603,,,,,,,,,,,,,,0,gru
410,635732,657.5269,637.038,1614,1,1,0,0,0.2981,1.825,goal,8324.6,0.017021,0.429834,-0.866338,0.875195,2.943703,1.423594,0.128698,5.907342,0.447488,0.433478,-0.345461,1.0,,,,,,,,,,,,,,0,gru
411,637368,665.171,661.8084,1636,1,1,0,0,0.2993,1.835,goal,8345.4,-0.004934,0.427377,-0.863334,0.870805,2.962048,1.433566,0.049224,5.930877,0.447655,0.43316,-0.46815,1.005194,,,,,,,,,,,,,,0,gru
412,639016,661.0712,661.417,1648,1,1,0,0,0.2995,1.818,goal,8370.1,0.00303,0.436284,-0.855429,0.879198,2.956914,1.422077,0.045019,5.861801,0.441935,0.432995,-0.597647,1.0,-0.032529,0.003349,1.84932,0.00377,0.022921,0.07544,0.003735,0.042003,0.0001,,,,,0,gru
413,640660,662.4697,661.62,1644,1,1,0,0,0.2985,1.843,goal,8391.1,-0.002259,0.442216,-0.865185,0.871551,3.075322,1.424931,0.021818,5.932171,0.445612,0.433559,-0.466057,1.004861,,,,,,,,,,,,,,0,gru
414,642307,658.7368,662.611,1647,1,1,0,0,0.2981,1.85,goal,8411.6,0.017516,0.4284,-0.863416,0.879718,3.031695,1.416942,0.104597,5.88865,0.440641,0.435276,-0.509006,1.008222,,,,,,,,,,,,,,0,gru
415,643932,659.2174,661.9376,1625,1,1,0,0,0.2994,1.86,goal,8432.4,0.005258,0.427375,-0.885366,0.848942,3.085571,1.425868,0.1279,5.895428,0.445306,0.433619,-0.448299,1.006567,,,,,,,,,,,,,,0,gru
416,645621,670.8187,662.6585,1689,1,1,0,0,0.2992,1.82,goal,8455.9,-0.01093,0.440417,-0.834698,0.869106,3.0334,1.440468,0.148768,5.872469,0.444532,0.434315,-0.608976,1.0108,-0.026287,0.003215,1.849641,0.003758,0.024394,0.078267,0.003454,0.043629,0.0001,,,,,0,gru
417,647246,650.9869,660.5325,1625,1,1,0,0,0.2988,1.845,goal,8476.5,0.010476,0.423728,-0.851674,0.862726,2.997003,1.418568,0.090159,5.950456,0.438856,0.433408,-0.474513,1.0,,,,,,,,,,,,,,0,gru
418,648905,664.3853,661.6122,1659,1,1,0,0,0.2996,1.815,goal,8497.8,-0.004949,0.44509,-0.861529,0.886794,3.047618,1.446029,0.110948,5.92797,0.44131,0.43376,-0.500497,1.0,,,,,,,,,,,,,,0,gru
419,650575,659.4328,660.9817,1670,1,1,0,0,0.2972,1.843,goal,8518.8,0.02222,0.427667,-0.876449,0.871377,3.002942,1.409644,0.08701,5.890305,0.441435,0.434948,-0.626611,1.008956,,,,,,,,,,,,,,0,gru
420,651987,406.8828,635.9172,1412,0,0,1,0,0.8919,1.83,collision,8539.7,0.035676,0.428969,-0.882448,0.859409,3.01409,1.43636,0.142036,5.955795,0.438294,0.434385,-0.540291,1.0,-0.019499,0.004563,1.85066,0.003746,0.024838,0.110809,0.004872,0.077754,0.0001,,,,,0,gru
421,653673,671.2922,636.5294,1686,1,1,0,0,0.2984,1.807,goal,8560.8,0.006296,0.433802,-0.88695,0.858698,2.894948,1.443737,0.09423,5.891251,0.443653,0.433851,-0.616145,1.005874,,,,,,,,,,,,,,0,gru
422,655079,420.4601,612.4683,1406,0,0,1,0,0.8739,1.817,collision,8578.8,-0.00108,0.424331,-0.843169,0.865081,2.917439,1.438071,0.126885,5.906991,0.443747,0.433312,-0.376508,1.0,,,,,,,,,,,,,,0,gru
423,656476,411.8032,587.4016,1397,0,0,1,0,0.8909,1.831,collision,8596.2,0.01375,0.432923,-0.879977,0.894787,2.955762,1.410926,0.17178,5.806818,0.438598,0.433284,-0.437621,1.0,,,,,,,,,,,,,,0,gru
424,657919,421.4529,563.6732,1443,0,0,1,0,0.8875,1.803,collision,8616.6,0.02199,0.429147,-0.884836,0.85523,2.863186,1.421067,0.054244,5.844248,0.443633,0.43621,-0.588083,1.005077,0.00866,0.004516,1.851469,0.003734,0.025721,0.091732,0.0076,0.065846,0.0001,,,,,0,gru
425,659308,404.9082,538.2423,1389,0,0,1,0,0.8615,1.811,collision,8634.3,0.044381,0.430911,-0.828262,0.857547,2.956335,1.452072,0.137942,5.898146,0.441756,0.433913,-0.518113,1.0,,,,,,,,,,,,,,0,gru
426,660730,415.9705,512.7575,1422,0,0,1,0,0.8762,1.816,collision,8652.4,0.019855,0.425044,-0.887555,0.863451,2.94534,1.455083,0.067122,5.946007,0.442033,0.434462,-0.453894,1.0,,,,,,,,,,,,,,0,gru
427,662386,656.2516,513.284,1656,1,1,0,0,0.2986,1.826,goal,8673.7,-0.002088,0.431067,-0.872451,0.878739,2.957165,1.440556,0.136895,5.883509,0.439382,0.433464,-0.564981,1.0,,,,,,,,,,,,,,0,gru
428,664063,662.2229,513.0677,1677,1,1,0,0,0.2987,1.817,goal,8698.9,-0.010865,0.429631,-0.878776,0.866859,2.966802,1.447105,0.151179,5.918855,0.437699,0.433171,-0.518984,1.000539,-0.284498,0.008768,1.85246,0.003722,0.049042,0.198222,0.023325,0.138246,0.0001,,,,,0,gru
429,665673,651.3384,512.2583,1610,1,1,0,0,0.2987,1.836,goal,8719.8,0.005068,0.427404,-0.865847,0.864889,2.996058,1.424067,0.157666,5.883228,0.44397,0.433782,-0.404544,1.0,,,,,,,,,,,,,,0,gru
430,667293,657.3642,537.3064,1620,1,1,0,0,0.299,1.842,goal,8740.8,-0.004852,0.42648,-0.868192,0.866784,3.022244,1.457351,0.127787,5.941577,0.445451,0.433393,-0.466974,1.0,,,,,,,,,,,,,,0,gru
431,668923,650.1707,535.1943,1630,1,1,0,0,0.2977,1.848,goal,8762.0,0.008235,0.427152,-0.875722,0.87289,2.982688,1.415564,0.142886,5.978735,0.442379,0.434258,-0.552792,1.0,,,,,,,,,,,,,,0,gru
432,670326,419.2289,535.0711,1403,0,0,1,0,0.8576,1.826,collision,8782.4,0.014284,0.425766,-0.891143,0.850018,2.922609,1.431786,0.128085,5.906431,0.445166,0.434087,-0.421998,1.0,0.030492,0.004273,1.853246,0.00371,0.027702,0.110712,0.008056,0.07743,0.0001,,,,,0,gru
433,671972,660.6062,559.9514,1646,1,1,0,0,0.2995,1.834,goal,8803.3,0.012387,0.438902,-0.859577,0.875556,3.011762,1.424729,0.096319,5.841329,0.443334,0.433856,-0.635924,1.0,,,,,,,,,,,,,,0,gru
434,673638,672.8342,585.0896,1666,1,1,0,0,0.2998,1.795,goal,8825.1,-0.010829,0.434768,-0.880175,0.888311,2.900398,1.45287,0.101975,5.932152,0.449666,0.433371,-0.502794,1.0,,,,,,,,,,,,,,0,gru
435,675291,665.1219,611.1109,1653,1,1,0,0,0.2983,1.826,goal,8846.7,0.025311,0.425912,-0.862494,0.876949,2.975249,1.459045,0.143723,5.916818,0.446228,0.434344,-0.563288,1.005245,,,,,,,,,,,,,,0,gru
436,676989,668.8847,636.4024,1698,1,1,0,0,0.2988,1.799,goal,8872.0,0.023577,0.441783,-0.883265,0.852427,2.993146,1.472166,0.085057,5.906228,0.442142,0.435506,-0.651985,1.003821,-0.039227,0.00406,1.853018,0.003698,0.022631,0.069462,0.00463,0.04138,0.0001,,,,,0,gru
437,678657,664.1734,637.1945,1668,1,1,0,0,0.2991,1.836,goal,8893.4,0.010774,0.432552,-0.849952,0.864896,3.025987,1.452036,0.10706,5.875593,0.442232,0.434617,-0.567184,1.009047,,,,,,,,,,,,,,0,gru
438,680297,663.6708,637.3393,1640,1,1,0,0,0.2989,1.837,goal,8914.7,-0.009283,0.433475,-0.859143,0.858326,3.050644,1.437,0.208515,5.8241,0.445025,0.433275,-0.546434,1.00261,,,,,,,,,,,,,,0,gru
439,681889,656.0408,637.8096,1592,1,1,0,0,0.2979,1.849,goal,8935.0,-0.010664,0.428765,-0.86689,0.863694,3.044885,1.427271,0.052928,5.894441,0.449517,0.433238,-0.329598,1.0,,,,,,,,,,,,,,0,gru
440,683476,643.603,636.4335,1587,1,1,0,0,0.2981,1.853,goal,8957.6,-0.00262,0.426483,-0.84357,0.864934,3.024223,1.423559,0.104964,5.859437,0.446689,0.433472,-0.555455,1.0,-0.051433,0.003609,1.853829,0.003686,0.021224,0.062508,0.004179,0.040205,0.0001,,,,,0,gru
441,685112,651.5797,636.5744,1636,1,1,0,0,0.2981,1.854,goal,8977.7,0.005825,0.427094,-0.881396,0.889275,3.083226,1.445276,0.106943,5.884597,0.437799,0.433748,-0.52037,1.0,,,,,,,,,,,,,,0,gru
442,686729,654.3438,660.0858,1617,1,1,0,0,0.2996,1.878,goal,8998.6,0.006296,0.422675,-0.880665,0.844473,3.105339,1.431038,0.12261,5.934873,0.446575,0.433897,-0.471077,1.008068,,,,,,,,,,,,,,0,gru
443,688359,650.9524,659.1205,1630,1,1,0,0,0.2999,1.865,goal,9019.8,0.022463,0.435104,-0.881323,0.890607,3.129075,1.420106,0.19333,5.910223,0.442029,0.435438,-0.566604,1.001816,,,,,,,,,,,,,,0,gru
444,690041,662.3744,658.0745,1682,1,1,0,0,0.299,1.833,goal,9043.7,0.030977,0.436281,-0.87137,0.852603,3.06523,1.461318,0.10155,5.931285,0.441409,0.434285,-0.67486,1.009493,-0.012227,0.004448,1.853949,0.003674,0.024446,0.078623,0.003111,0.042772,0.0001,,,,,0,gru
445,691665,646.1046,656.1728,1624,1,1,0,0,0.2983,1.827,goal,9064.9,-0.010048,0.447514,-0.888184,0.868319,3.054292,1.452456,0.148589,5.948708,0.438893,0.433299,-0.550565,1.0,,,,,,,,,,,,,,0,gru
446,693337,652.5167,654.536,1672,1,1,0,0,0.299,1.839,goal,9086.9,0.03049,0.43107,-0.868933,0.875584,3.060698,1.447961,0.10953,5.90422,0.436731,0.434887,-0.602082,1.0,,,,,,,,,,,,,,0,gru
447,694980,657.876,653.9062,1643,1,1,0,0,0.2978,1.855,goal,9108.1,-0.010488,0.437574,-0.875037,0.878368,3.139189,1.447521,0.103041,5.925534,0.442679,0.433913,-0.509928,1.005218,,,,,,,,,,,,,,0,gru
448,696622,653.9,652.9291,1642,1,1,0,0,0.2994,1.854,goal,9131.4,-0.007449,0.439739,-0.879382,0.872591,3.113175,1.408593,0.077609,5.783682,0.444168,0.433437,-0.685138,1.0,-0.0303,0.003497,1.852641,0.003662,0.023133,0.082866,0.002986,0.059625,0.0001,,,,,0,gru
449,698057,418.1326,629.1383,1435,0,0,1,0,0.8839,1.83,collision,9150.3,0.014993,0.439801,-0.869418,0.863422,3.048489,1.431068,0.163915,5.876715,0.440213,0.434847,-0.490032,1.008425,,,,,,,,,,,,,,0,gru
450,699710,648.1847,629.5965,1653,1,1,0,0,0.2975,1.865,goal,9172.1,-0.011853,0.439787,-0.878642,0.875465,3.183971,1.420132,0.108201,5.865039,0.44093,0.434498,-0.624566,1.000836,,,,,,,,,,,,,,0,gru
451,701313,634.2639,627.8649,1603,1,1,0,0,0.2983,1.863,goal,9192.3,0.014481,0.433891,-0.882352,0.87133,3.104444,1.449648,0.052025,5.960433,0.436658,0.433849,-0.563726,1.0,,,,,,,,,,,,,,0,gru
452,702923,635.7144,626.002,1610,1,1,0,0,0.2987,1.882,goal,9216.1,-0.017931,0.432579,-0.872329,0.857667,3.122245,1.398816,0.137372,5.879769,0.439807,0.433724,-0.633575,1.0,-0.002173,0.004424,1.851756,0.00365,0.025118,0.12428,0.005684,0.096966,0.0001,,,,,0,gru
453,704532,647.8849,625.6952,1609,1,1,0,0,0.2976,1.884,goal,9237.6,-0.012007,0.431696,-0.875781,0.865433,3.229796,1.454917,0.137551,5.947929,0.444636,0.433764,-0.571205,1.0001,,,,,,,,,,,,,,0,gru
454,706187,646.9597,624.1537,1655,1,1,0,0,0.299,1.86,goal,9260.1,0.007699,0.429793,-0.875798,0.87735,3.153385,1.458141,0.113251,5.894222,0.439149,0.43477,-0.726105,1.0,,,,,,,,,,,,,,0,gru
455,707838,651.4713,624.6904,1651,1,1,0,0,0.2984,1.868,goal,9281.5,0.016563,0.432652,-0.879969,0.874057,3.161982,1.462176,0.14109,5.923133,0.437658,0.434464,-0.626781,1.008713,,,,,,,,,,,,,,0,gru
456,709407,629.6903,622.4078,1569,1,1,0,0,0.2982,1.891,goal,9304.0,0.014218,0.424739,-0.862772,0.865883,3.252668,1.428501,0.100998,5.945722,0.438011,0.433984,-0.511262,1.0,-0.053794,0.004145,1.851265,0.003638,0.022665,0.110743,0.003372,0.080651,0.0001,,,,,0,gru
457,711073,655.9983,622.22,1666,1,1,0,0,0.2998,1.85,goal,9325.9,-0.010701,0.449502,-0.88466,0.870071,3.157358,1.431911,0.134865,5.955419,0.440908,0.433911,-0.649698,1.00656,,,,,,,,,,,,,,0,gru
458,712756,644.4125,621.2713,1683,1,1,0,0,0.2987,1.861,goal,9347.3,0.034404,0.439933,-0.865652,0.883199,3.187102,1.444983,0.123398,5.901985,0.430426,0.433605,-0.718719,1.0,,,,,,,,,,,,,,0,gru
459,714346,637.5647,643.2145,1590,1,1,0,0,0.2977,1.869,goal,9368.4,-0.02311,0.442674,-0.8755,0.860427,3.194918,1.424145,0.069689,5.892647,0.44684,0.432984,-0.665804,1.0,,,,,,,,,,,,,,0,gru
460,715763,407.8006,619.1761,1417,0,0,1,0,0.8754,1.85,collision,9389.5,0.028554,0.433672,-0.84712,0.868061,3.15151,1.465791,0.113491,5.94239,0.440948,0.435899,-0.645625,1.002671,0.013872,0.006349,1.850372,0.003626,0.027657,0.077285,0.004978,0.052741,0.0001,,,,,0,gru
461,717115,391.8574,594.9354,1352,0,0,1,0,0.8645,1.885,collision,9406.8,0.035415,0.429943,-0.887431,0.864778,3.247732,1.432198,0.190322,5.980587,0.44117,0.434614,-0.590314,1.0,,,,,,,,,,,,,,0,gru
462,718747,643.0483,595.6688,1632,1,1,0,0,0.2976,1.882,goal,9427.8,0.024353,0.435595,-0.864862,0.874969,3.235651,1.426634,0.138691,5.857309,0.439056,0.434428,-0.640884,1.0,,,,,,,,,,,,,,0,gru
463,720396,644.3564,595.316,1649,1,1,0,0,0.299,1.895,goal,9449.3,0.017052,0.435348,-0.874341,0.873729,3.272343,1.425346,0.108527,5.940026,0.437887,0.43474,-0.627202,1.009926,,,,,,,,,,,,,,0,gru
464,722012,634.9557,594.1156,1616,1,1,0,0,0.298,1.883,goal,9471.9,0.006776,0.433571,-0.868106,0.852178,3.222129,1.438856,0.093885,5.929499,0.435848,0.43417,-0.617863,1.0,0.068134,0.005242,1.850221,0.003614,0.027354,0.105706,0.006312,0.08337,0.0001,,,,,0,gru
465,723625,643.6567,593.3341,1613,1,1,0,0,0.2986,1.893,goal,9492.8,-0.000525,0.44373,-0.88417,0.848426,3.316215,1.417253,0.121834,5.954885,0.44301,0.434698,-0.550467,1.00271,,,,,,,,,,,,,,0,gru
466,725263,643.3743,594.7025,1638,1,1,0,0,0.2991,1.881,goal,9513.8,0.002036,0.439958,-0.86345,0.868033,3.287847,1.453198,0.135603,5.901325,0.436376,0.43394,-0.630062,1.0,,,,,,,,,,,,,,0,gru
467,726827,621.55,591.2577,1564,1,1,0,0,0.2987,1.91,goal,9534.0,0.018051,0.428702,-0.875756,0.871489,3.255922,1.397231,0.103786,5.873411,0.434284,0.432875,-0.616422,1.0,,,,,,,,,,,,,,0,gru
468,728473,646.4667,591.4631,1646,1,1,0,0,0.2989,1.877,goal,9556.7,-0.009358,0.436587,-0.875635,0.881368,3.256801,1.438631,0.086973,5.888832,0.438797,0.433952,-0.647313,1.003417,-0.000558,0.003425,1.850185,0.003602,0.025849,0.112806,0.005638,0.081574,0.0001,,,,,0,gru
469,730069,627.0943,590.4161,1596,1,1,0,0,0.2992,1.91,goal,9577.4,-0.020067,0.441211,-0.85996,0.890468,3.381066,1.423118,0.218298,5.957632,0.437048,0.433748,-0.66282,1.0,,,,,,,,,,,,,,0,gru
470,731678,632.5982,612.8958,1609,1,1,0,0,0.2988,1.892,goal,9598.3,0.019982,0.438388,-0.873075,0.872066,3.324866,1.422595,0.163325,5.922001,0.435617,0.434513,-0.553991,1.0,,,,,,,,,,,,,,0,gru
471,733017,387.6702,612.4771,1339,0,0,1,0,0.8723,1.922,collision,9615.8,0.025847,0.435971,-0.863461,0.855209,3.353763,1.400109,0.157112,5.906849,0.439304,0.434926,-0.510829,1.0,,,,,,,,,,,,,,0,gru
472,734650,643.5413,612.5264,1633,1,1,0,0,0.299,1.901,goal,9639.2,-0.000699,0.433743,-0.866215,0.875175,3.27358,1.404601,0.163507,5.954649,0.437189,0.434426,-0.639149,1.008548,0.002173,0.003435,1.849934,0.00359,0.022252,0.111132,0.004125,0.0786,0.0001,,,,,0,gru
473,736026,396.2592,587.7167,1376,0,0,1,0,0.8793,1.884,collision,9656.7,0.020808,0.439159,-0.893243,0.880708,3.31357,1.423009,0.122136,5.947652,0.436193,0.433141,-0.54499,1.0,,,,,,,,,,,,,,0,gru
474,737375,391.1671,563.3378,1349,0,0,1,0,0.8701,1.913,collision,9674.2,0.008232,0.430129,-0.857015,0.883744,3.281343,1.41166,0.141345,5.927744,0.439507,0.434364,-0.490505,1.0,,,,,,,,,,,,,,0,gru
475,738952,627.164,561.6885,1577,1,1,0,0,0.2986,1.903,goal,9694.6,-0.012505,0.431602,-0.88478,0.868756,3.29152,1.424455,0.2613,5.917521,0.438012,0.433113,-0.618469,1.0,,,,,,,,,,,,,,0,gru
476,740530,625.3651,559.8876,1578,1,1,0,0,0.2979,1.91,goal,9716.5,0.00286,0.431563,-0.860657,0.854166,3.321035,1.431393,0.12698,5.950928,0.436532,0.43347,-0.612766,1.0,0.02301,0.004748,1.849395,0.003578,0.026509,0.051399,0.003734,0.035647,0.0001,,,,,0,gru
477,742107,625.6483,560.2975,1577,1,1,0,0,0.2986,1.915,goal,9735.2,-0.001286,0.432781,-0.85452,0.86154,3.335832,1.402692,0.137045,5.89923,0.438552,0.433512,-0.715232,1.0,,,,,,,,,,,,,,0,gru
478,743495,404.2664,536.0774,1388,0,0,1,0,0.8706,1.884,collision,9752.3,-0.00531,0.451046,-0.864275,0.886955,3.319091,1.401493,0.089385,5.907669,0.444605,0.4354,-0.502978,1.0,,,,,,,,,,,,,,0,gru
479,745140,649.1041,538.2784,1645,1,1,0,0,0.2999,1.891,goal,9772.7,-0.021797,0.438499,-0.885922,0.886077,3.315099,1.426845,0.104183,5.925736,0.4412,0.433793,-0.611723,1.011947,,,,,,,,,,,,,,0,gru
480,746770,644.1294,539.4315,1630,1,1,0,0,0.298,1.891,goal,9795.1,-3.9e-05,0.444719,-0.884096,0.884563,3.315459,1.415826,0.164591,5.926553,0.439481,0.434665,-0.556789,1.002689,0.002386,0.003296,1.848903,0.003566,0.020927,0.055889,0.002132,0.029466,0.0001,,,,,0,gru
481,748401,631.8058,563.8451,1631,1,1,0,0,0.2988,1.881,goal,9816.3,0.031861,0.429504,-0.872644,0.872808,3.229729,1.445438,0.131507,5.954593,0.43341,0.435385,-0.704218,1.0,,,,,,,,,,,,,,0,gru
482,750010,639.4347,563.4344,1609,1,1,0,0,0.2992,1.881,goal,9836.9,-0.011012,0.448568,-0.880668,0.878689,3.324315,1.427469,0.173531,5.951494,0.441111,0.434188,-0.624663,1.0,,,,,,,,,,,,,,0,gru
483,751639,641.582,587.9667,1629,1,1,0,0,0.2986,1.874,goal,9857.8,0.02116,0.439751,-0.888655,0.877318,3.282544,1.46535,0.082387,5.914503,0.438235,0.433862,-0.654462,1.0,,,,,,,,,,,,,,0,gru
484,753060,402.9614,589.1461,1421,0,0,1,0,0.8767,1.859,collision,9878.2,0.037148,0.445692,-0.882372,0.885146,3.228648,1.463459,0.066528,5.917884,0.43985,0.435978,-0.613647,1.00116,-0.009378,0.003877,1.848512,0.003554,0.023081,0.099852,0.004511,0.072686,0.0001,,,,,0,gru
485,754654,636.7827,590.108,1594,1,1,0,0,0.2999,1.89,goal,9898.3,-0.018465,0.44055,-0.868312,0.882496,3.209168,1.39347,0.132673,5.895097,0.441545,0.434314,-0.513583,1.0,,,,,,,,,,,,,,0,gru
486,756325,649.6766,592.5392,1671,1,1,0,0,0.2997,1.873,goal,9919.7,-0.00038,0.442368,-0.842439,0.884937,3.208476,1.406384,0.153235,5.894632,0.435866,0.433508,-0.740493,1.008244,,,,,,,,,,,,,,0,gru
487,757961,642.181,594.1924,1636,1,1,0,0,0.2996,1.888,goal,9940.1,-0.015716,0.441004,-0.88597,0.876976,3.23155,1.420112,0.098301,5.901285,0.437927,0.433863,-0.589543,1.000708,,,,,,,,,,,,,,0,gru
488,759351,405.1546,594.2812,1390,0,0,1,0,0.8766,1.896,collision,9959.7,0.022218,0.428958,-0.889437,0.856657,3.254534,1.457948,0.088677,5.940998,0.438861,0.434747,-0.47336,1.009834,0.035779,0.005516,1.848098,0.003542,0.025057,0.073698,0.006579,0.046123,0.0001,,,,,0,gru
489,760712,395.2259,568.8934,1361,0,0,1,0,0.8705,1.864,collision,9976.5,0.010428,0.43956,-0.8804,0.851454,3.147225,1.43639,0.087893,5.908868,0.441185,0.434381,-0.492262,1.0,,,,,,,,,,,,,,0,gru
490,762125,410.4109,545.5216,1413,0,0,1,0,0.8701,1.867,collision,9994.5,0.009263,0.438235,-0.870188,0.88048,3.17488,1.431782,0.28545,5.878626,0.442394,0.435339,-0.53902,1.006328,,,,,,,,,,,,,,0,gru
491,763733,631.5896,545.5,1608,1,1,0,0,0.2985,1.875,goal,10015.2,-0.014511,0.433579,-0.887187,0.873005,3.186277,1.430048,0.08655,5.909618,0.438044,0.433786,-0.685356,1.0,,,,,,,,,,,,,,0,gru
492,765127,404.0034,521.9568,1394,0,0,1,0,0.8682,1.885,collision,10034.7,0.020703,0.432964,-0.874436,0.86048,3.186906,1.420223,0.091399,5.905463,0.439958,0.43502,-0.517707,1.001429,0.022415,0.006374,1.847031,0.00353,0.030118,0.054752,0.005382,0.037282,0.0001,,,,,0,gru
493,766730,630.5449,520.8531,1603,1,1,0,0,0.2988,1.871,goal,10055.1,0.001108,0.43395,-0.880563,0.840364,3.162313,1.414333,0.068213,5.9326,0.435082,0.433935,-0.582674,1.0,,,,,,,,,,,,,,0,gru
494,768142,411.4265,521.6996,1412,0,0,1,0,0.87,1.852,collision,10072.9,0.016805,0.438593,-0.879535,0.893623,3.149187,1.456796,0.044487,5.929091,0.440287,0.43448,-0.478988,1.002812,,,,,,,,,,,,,,0,gru
495,769546,403.458,498.3672,1404,0,0,1,0,0.8683,1.861,collision,10090.6,0.023254,0.428182,-0.857104,0.859862,3.127217,1.450416,0.167551,5.914389,0.44073,0.435839,-0.529049,1.0,,,,,,,,,,,,,,0,gru
496,771194,632.3826,496.6377,1648,1,1,0,0,0.2993,1.864,goal,10113.2,-0.029917,0.441113,-0.887963,0.874741,3.127009,1.434007,0.150904,5.851308,0.434202,0.434565,-0.783475,1.0,0.022936,0.004477,1.846421,0.003518,0.02391,0.061678,0.002737,0.042157,0.0001,,,,,0,gru
497,772627,412.6137,473.681,1433,0,0,1,0,0.8666,1.85,collision,10130.4,-0.017526,0.451848,-0.871024,0.881126,3.17254,1.417115,0.116687,5.946931,0.441805,0.434845,-0.66005,1.004348,,,,,,,,,,,,,,0,gru
498,774046,396.5769,472.8232,1419,0,0,1,0,0.8942,1.85,collision,10147.3,0.044787,0.43554,-0.858894,0.890189,3.093341,1.433382,0.147763,5.878442,0.432956,0.435154,-0.689723,1.0,,,,,,,,,,,,,,0,gru
499,775503,425.1496,475.8156,1457,0,0,1,0,0.6587,1.877,collision,10165.3,0.009235,0.434929,-0.861406,0.871858,3.111952,1.382349,0.101927,5.937264,0.435056,0.435121,-0.542558,1.0,,,,,,,,,,,,,,0,gru
500,776874,391.7455,473.9491,1371,0,0,1,0,0.8842,1.852,collision,10184.5,0.021681,0.432302,-0.854083,0.870843,3.078778,1.423298,0.176504,5.909387,0.437123,0.432686,-0.50542,1.0,0.029806,0.00526,1.846818,0.003506,0.029419,0.062247,0.005597,0.042802,0.0001,,,,,0,gru
