global_step,episode,actor_loss,critic_loss,policy_entropy,entropy_coef,value_residual,grad_norm_actor,grad_norm_critic,grad_norm_rnn,lr_actor,lr_critic,alpha,alpha_loss,target_update_magnitude,recurrent_cell
2927,4,0.054729,0.009871,1.874113,0.006742,0.021758,0.083326,0.006171,0.050476,3.7e-05,,,,,lstm
2927,4,-0.228275,0.009771,1.874113,0.006742,0.023436,0.106867,0.004992,0.033565,3.7e-05,,,,,lstm
2927,4,0.00096,0.012473,1.874169,0.006742,0.02242,0.048202,0.007258,0.029656,3.7e-05,,,,,lstm
2927,4,-0.105293,0.005672,1.874218,0.006742,0.020049,0.11873,0.006153,0.099773,3.7e-05,,,,,lstm
2927,4,-0.041877,0.01324,1.874272,0.006742,0.020287,0.052932,0.00516,0.035696,3.7e-05,,,,,lstm
2927,4,-0.010914,0.003301,1.874324,0.006742,0.021177,0.054152,0.005337,0.04507,3.7e-05,,,,,lstm
2927,4,0.014923,0.006842,1.874373,0.006742,0.018336,0.075304,0.003496,0.056776,3.7e-05,,,,,lstm
2927,4,-0.140622,0.01598,1.874421,0.006742,0.024346,0.092872,0.006428,0.046895,3.7e-05,,,,,lstm
5825,8,0.037975,0.008283,1.874472,0.006726,0.027851,0.066182,0.005768,0.037438,4.9e-05,,,,,lstm
5825,8,-0.159727,0.012415,1.874537,0.006726,0.025203,0.098872,0.009798,0.054569,4.9e-05,,,,,lstm
5825,8,-0.061551,0.009379,1.874601,0.006726,0.026908,0.047221,0.008399,0.030668,4.9e-05,,,,,lstm
5825,8,0.074495,0.009006,1.874664,0.006726,0.02831,0.154705,0.005633,0.105059,4.9e-05,,,,,lstm
5825,8,-0.093251,0.009876,1.874729,0.006726,0.029779,0.058856,0.010229,0.033189,4.9e-05,,,,,lstm
5825,8,0.147002,0.007332,1.874792,0.006726,0.022716,0.050033,0.00549,0.031256,4.9e-05,,,,,lstm
5825,8,-0.093131,0.00821,1.874849,0.006726,0.027307,0.031954,0.011399,0.024539,4.9e-05,,,,,lstm
5825,8,0.151456,0.010776,1.874901,0.006726,0.029752,0.126168,0.006156,0.075025,4.9e-05,,,,,lstm
8708,12,0.027052,0.012541,1.874948,0.00671,0.023673,0.058764,0.007584,0.020657,6.1e-05,,,,,lstm
8708,12,-0.119112,0.005972,1.875014,0.00671,0.024961,0.087482,0.010108,0.067112,6.1e-05,,,,,lstm
8708,12,-0.029021,0.012018,1.875086,0.00671,0.020812,0.08727,0.006442,0.026961,6.1e-05,,,,,lstm
8708,12,0.009099,0.007075,1.875167,0.00671,0.024532,0.106696,0.005441,0.098201,6.1e-05,,,,,lstm
8708,12,-0.055932,0.013605,1.875239,0.00671,0.019181,0.065817,0.005971,0.030116,6.1e-05,,,,,lstm
8708,12,0.069032,0.003565,1.875314,0.00671,0.02549,0.107996,0.005506,0.061036,6.1e-05,,,,,lstm
8708,12,-0.06419,0.008559,1.8754,0.00671,0.022081,0.115886,0.00626,0.064268,6.1e-05,,,,,lstm
8708,12,0.095973,0.015205,1.875495,0.00671,0.016493,0.066187,0.003055,0.062103,6.1e-05,,,,,lstm
12844,16,-0.043185,0.008389,1.875579,0.006693,0.023807,0.083281,0.008272,0.067278,7.3e-05,,,,,lstm
12844,16,0.022589,0.008347,1.875666,0.006693,0.022868,0.052759,0.002064,0.045194,7.3e-05,,,,,lstm
12844,16,-0.118089,0.002947,1.875751,0.006693,0.011817,0.138896,0.003108,0.011776,7.3e-05,,,,,lstm
12844,16,0.039493,0.007417,1.875786,0.006693,0.022532,0.052076,0.005341,0.037988,7.3e-05,,,,,lstm
12844,16,-0.05907,0.010165,1.875818,0.006693,0.026235,0.044933,0.005901,0.037206,7.3e-05,,,,,lstm
12844,16,-0.118351,0.003384,1.875844,0.006693,0.018026,0.179347,0.009115,0.077606,7.3e-05,,,,,lstm
12844,16,-0.01989,0.008112,1.875902,0.006693,0.031209,0.083426,0.012568,0.08131,7.3e-05,,,,,lstm
12844,16,-0.021591,0.010381,1.875958,0.006693,0.032433,0.072521,0.012933,0.063905,7.3e-05,,,,,lstm
12844,16,0.447314,0.004758,1.876004,0.006693,0.04129,0.240893,0.025258,0.124644,7.3e-05,,,,,lstm
12844,16,0.0704,0.005138,1.876037,0.006693,0.028609,0.066006,0.013207,0.062994,7.3e-05,,,,,lstm
12844,16,-0.102727,0.011947,1.876064,0.006693,0.027268,0.050797,0.006033,0.04521,7.3e-05,,,,,lstm
12844,16,0.208032,0.024659,1.876091,0.006693,0.045188,0.41777,0.014309,0.280002,7.3e-05,,,,,lstm
17148,20,0.018134,0.006322,1.876119,0.006677,0.017193,0.04319,0.007645,0.03801,8.5e-05,,,,,lstm
17148,20,-0.02952,0.008699,1.87615,0.006677,0.027875,0.060762,0.014079,0.045472,8.5e-05,,,,,lstm
17148,20,0.143168,0.002609,1.876172,0.006677,0.022517,0.038941,0.013474,0.017537,8.5e-05,,,,,lstm
17148,20,-0.02731,0.005792,1.876184,0.006677,0.034874,0.146721,0.021121,0.148946,8.5e-05,,,,,lstm
17148,20,0.033988,0.008985,1.876197,0.006677,0.030667,0.126343,0.018578,0.12844,8.5e-05,,,,,lstm
17148,20,-0.014582,0.002788,1.876208,0.006677,0.021895,0.061892,0.015225,0.062988,8.5e-05,,,,,lstm
17148,20,-0.046069,0.008803,1.876218,0.006677,0.024495,0.079121,0.013356,0.070051,8.5e-05,,,,,lstm
17148,20,0.046438,0.005722,1.87623,0.006677,0.016462,0.044437,0.006845,0.032395,8.5e-05,,,,,lstm
17148,20,0.047541,0.002676,1.876239,0.006677,0.008466,0.059966,0.001273,0.052625,8.5e-05,,,,,lstm
17148,20,0.023859,0.009421,1.876246,0.006677,0.018405,0.044239,0.002571,0.026293,8.5e-05,,,,,lstm
17148,20,0.036992,0.005115,1.876244,0.006677,0.017813,0.034673,0.007312,0.036749,8.5e-05,,,,,lstm
17148,20,-0.462221,0.008395,1.876243,0.006677,0.041946,0.274566,0.011321,0.24483,8.5e-05,,,,,lstm
22147,24,0.042432,0.003331,1.876251,0.006661,0.016138,0.076136,0.001855,0.070997,9.7e-05,,,,,lstm
22147,24,-0.114941,0.007407,1.876258,0.006661,0.01427,0.039095,0.000324,0.025656,9.7e-05,,,,,lstm
22147,24,0.044594,0.006689,1.876269,0.006661,0.016881,0.054585,0.003813,0.041609,9.7e-05,,,,,lstm
22147,24,-0.03097,0.006216,1.876274,0.006661,0.018148,0.03576,0.003568,0.033623,9.7e-05,,,,,lstm
22147,24,-0.028057,0.003382,1.876282,0.006661,0.015976,0.14581,0.004522,0.12904,9.7e-05,,,,,lstm
22147,24,0.021712,0.009522,1.876287,0.006661,0.016257,0.150209,0.00492,0.149268,9.7e-05,,,,,lstm
22147,24,-0.002062,0.006188,1.876286,0.006661,0.018933,0.107207,0.006683,0.099204,9.7e-05,,,,,lstm
22147,24,-0.040877,0.006498,1.876288,0.006661,0.021194,0.061767,0.007744,0.055328,9.7e-05,,,,,lstm
22147,24,-0.013244,0.004025,1.876284,0.006661,0.02018,0.103085,0.008355,0.098637,9.7e-05,,,,,lstm
22147,24,-0.097372,0.008984,1.876271,0.006661,0.019316,0.052665,0.005074,0.048839,9.7e-05,,,,,lstm
22147,24,-0.014328,0.004151,1.876264,0.006661,0.017351,0.115971,0.00436,0.118694,9.7e-05,,,,,lstm
22147,24,0.135552,0.002693,1.876252,0.006661,0.015448,0.050619,0.002787,0.025008,9.7e-05,,,,,lstm
27110,28,0.042146,0.008704,1.876249,0.006645,0.017742,0.056342,0.001761,0.041653,0.0001,,,,,lstm
27110,28,-0.04656,0.006016,1.876236,0.006645,0.02163,0.06993,0.008094,0.0729,0.0001,,,,,lstm
27110,28,0.028454,0.005781,1.876218,0.006645,0.030528,0.099119,0.009958,0.078778,0.0001,,,,,lstm
27110,28,-0.004101,0.00793,1.876204,0.006645,0.029892,0.101281,0.013841,0.080323,0.0001,,,,,lstm
27110,28,0.027177,0.007165,1.876177,0.006645,0.026349,0.045619,0.013927,0.032958,0.0001,,,,,lstm
27110,28,-0.030304,0.004354,1.876157,0.006645,0.030869,0.058676,0.018209,0.025197,0.0001,,,,,lstm
27110,28,0.066218,0.003924,1.876124,0.006645,0.030191,0.159172,0.015754,0.155079,0.0001,,,,,lstm
27110,28,0.023261,0.007714,1.876089,0.006645,0.02821,0.067004,0.015651,0.069377,0.0001,,,,,lstm
27110,28,-0.185478,0.012159,1.876049,0.006645,0.029583,0.124881,0.016329,0.114146,0.0001,,,,,lstm
27110,28,-0.096917,0.00676,1.876016,0.006645,0.024124,0.046167,0.010963,0.024014,0.0001,,,,,lstm
27110,28,0.054252,0.00458,1.875975,0.006645,0.019473,0.050876,0.002683,0.044834,0.0001,,,,,lstm
27110,28,0.123413,0.012908,1.875931,0.006645,0.020528,0.042124,0.004782,0.033626,0.0001,,,,,lstm
32762,32,0.016933,0.008396,1.875892,0.006629,0.015699,0.040567,0.001695,0.0347,0.0001,,,,,lstm
32762,32,-0.117532,0.004402,1.875865,0.006629,0.017163,0.078064,0.003067,0.052943,0.0001,,,,,lstm
32762,32,0.055474,0.003098,1.87586,0.006629,0.018522,0.086766,0.009109,0.060879,0.0001,,,,,lstm
32762,32,-0.01008,0.006156,1.875864,0.006629,0.021029,0.050909,0.011429,0.039659,0.0001,,,,,lstm
32762,32,-0.052738,0.006235,1.875869,0.006629,0.027357,0.153519,0.014507,0.158035,0.0001,,,,,lstm
32762,32,0.006126,0.005918,1.87588,0.006629,0.02434,0.085715,0.012811,0.04244,0.0001,,,,,lstm
32762,32,-0.005945,0.006896,1.875913,0.006629,0.021203,0.061779,0.010632,0.03536,0.0001,,,,,lstm
32762,32,0.017241,0.006881,1.87596,0.006629,0.017833,0.033622,0.008072,0.020323,0.0001,,,,,lstm
32762,32,-0.086603,0.002931,1.876008,0.006629,0.01819,0.077237,0.003781,0.060751,0.0001,,,,,lstm
32762,32,0.064463,0.004686,1.87606,0.006629,0.014219,0.071746,0.003987,0.064911,0.0001,,,,,lstm
32762,32,-0.058591,0.003492,1.876113,0.006629,0.015343,0.058918,0.001671,0.039875,0.0001,,,,,lstm
32762,32,-0.080579,0.009095,1.876175,0.006629,0.017259,0.12355,0.002411,0.068979,0.0001,,,,,lstm
37647,36,-0.022522,0.003224,1.876262,0.006612,0.018999,0.109585,0.001099,0.082809,0.0001,,,,,lstm
37647,36,0.034388,0.009491,1.876363,0.006612,0.019317,0.057296,0.002605,0.023516,0.0001,,,,,lstm
37647,36,0.023875,0.007738,1.876471,0.006612,0.023761,0.102895,0.003738,0.062005,0.0001,,,,,lstm
37647,36,0.016826,0.006781,1.876593,0.006612,0.018465,0.070234,0.004502,0.044364,0.0001,,,,,lstm
37647,36,0.0546,0.006344,1.87672,0.006612,0.022364,0.056909,0.006768,0.04137,0.0001,,,,,lstm
37647,36,-0.125619,0.007918,1.876849,0.006612,0.029556,0.184874,0.003257,0.179124,0.0001,,,,,lstm
37647,36,0.027684,0.003799,1.876991,0.006612,0.015651,0.039585,0.002469,0.020243,0.0001,,,,,lstm
37647,36,-0.014702,0.008711,1.87713,0.006612,0.023863,0.075582,0.001935,0.028308,0.0001,,,,,lstm
37647,36,0.021953,0.008533,1.877279,0.006612,0.020577,0.097023,0.000787,0.057686,0.0001,,,,,lstm
37647,36,0.015551,0.008368,1.877438,0.006612,0.019182,0.08133,0.001615,0.049384,0.0001,,,,,lstm
37647,36,-0.000795,0.004998,1.877603,0.006612,0.018083,0.073253,0.002021,0.031165,0.0001,,,,,lstm
37647,36,0.018533,0.005683,1.877774,0.006612,0.022469,0.062425,0.001832,0.049289,0.0001,,,,,lstm
41973,40,0.025119,0.006954,1.877928,0.006596,0.01644,0.050008,0.001379,0.034857,0.0001,,,,,lstm
41973,40,0.004712,0.007171,1.878076,0.006596,0.021584,0.10994,0.001478,0.100798,0.0001,,,,,lstm
41973,40,-0.054461,0.008933,1.878211,0.006596,0.030135,0.050637,0.005049,0.046868,0.0001,,,,,lstm
41973,40,-0.003486,0.00606,1.878325,0.006596,0.022094,0.056419,0.001098,0.052135,0.0001,,,,,lstm
41973,40,0.046794,0.006884,1.87843,0.006596,0.018232,0.042983,0.002535,0.028391,0.0001,,,,,lstm
41973,40,-0.1506,0.017816,1.878532,0.006596,0.028189,0.066018,0.003592,0.051945,0.0001,,,,,lstm
41973,40,0.052928,0.005873,1.878633,0.006596,0.025296,0.071474,0.004446,0.076896,0.0001,,,,,lstm
41973,40,-0.020071,0.007409,1.878722,0.006596,0.019856,0.05854,0.004651,0.051896,0.0001,,,,,lstm
41973,40,-0.06254,0.014412,1.878815,0.006596,0.030257,0.077803,0.004272,0.043286,0.0001,,,,,lstm
41973,40,0.008978,0.004481,1.878919,0.006596,0.025128,0.034496,0.006297,0.023679,0.0001,,,,,lstm
41973,40,0.019838,0.009359,1.87902,0.006596,0.027619,0.041999,0.007337,0.034687,0.0001,,,,,lstm
41973,40,-0.017326,0.010629,1.879116,0.006596,0.020319,0.062027,0.007577,0.035736,0.0001,,,,,lstm
46439,44,0.035288,0.008168,1.87921,0.00658,0.018855,0.059833,0.001873,0.034018,0.0001,,,,,lstm
46439,44,0.008344,0.006247,1.879307,0.00658,0.022048,0.05867,0.001138,0.060671,0.0001,,,,,lstm
46439,44,-0.073212,0.003975,1.879394,0.00658,0.020737,0.08837,0.005327,0.075096,0.0001,,,,,lstm
46439,44,0.075087,0.005804,1.879477,0.00658,0.017928,0.048145,0.000937,0.040932,0.0001,,,,,lstm
46439,44,-0.03607,0.007329,1.879558,0.00658,0.019257,0.055353,0.004453,0.047935,0.0001,,,,,lstm
46439,44,-0.049437,0.00962,1.879637,0.00658,0.02369,0.097697,0.005449,0.07884,0.0001,,,,,lstm
46439,44,-0.042834,0.011139,1.879717,0.00658,0.020972,0.062644,0.005738,0.057136,0.0001,,,,,lstm
46439,44,0.027868,0.003541,1.879804,0.00658,0.018553,0.040422,0.003121,0.035035,0.0001,,,,,lstm
46439,44,0.222421,0.002426,1.879885,0.00658,0.008428,0.020184,0.004105,0.012014,0.0001,,,,,lstm
46439,44,-0.025526,0.006568,1.879954,0.00658,0.020598,0.051155,0.004474,0.027692,0.0001,,,,,lstm
46439,44,0.032966,0.008239,1.880026,0.00658,0.018446,0.059188,0.001793,0.052259,0.0001,,,,,lstm
46439,44,0.119884,0.002562,1.880094,0.00658,0.013663,0.070538,0.001641,0.052449,0.0001,,,,,lstm
52167,48,0.012026,0.005517,1.880153,0.006564,0.015299,0.034601,0.003304,0.028122,0.0001,,,,,lstm
52167,48,-0.030516,0.007346,1.88021,0.006564,0.015604,0.059955,0.004548,0.049867,0.0001,,,,,lstm
52167,48,-0.053286,0.004206,1.880267,0.006564,0.019121,0.118932,0.006725,0.101342,0.0001,,,,,lstm
52167,48,-0.030245,0.006542,1.880325,0.006564,0.017083,0.056665,0.006392,0.031517,0.0001,,,,,lstm
52167,48,-0.00987,0.006299,1.880372,0.006564,0.017899,0.085088,0.00557,0.066365,0.0001,,,,,lstm
52167,48,-0.025943,0.004735,1.880422,0.006564,0.01718,0.048531,0.003578,0.033465,0.0001,,,,,lstm
52167,48,-0.070477,0.005967,1.880478,0.006564,0.01494,0.092482,0.00161,0.079591,0.0001,,,,,lstm
52167,48,-4.7e-05,0.007502,1.880519,0.006564,0.017277,0.036568,0.005261,0.027593,0.0001,,,,,lstm
52167,48,0.011537,0.002988,1.880565,0.006564,0.021495,0.112079,0.008786,0.103978,0.0001,,,,,lstm
52167,48,-0.033102,0.005381,1.880622,0.006564,0.020857,0.037595,0.010151,0.038576,0.0001,,,,,lstm
52167,48,-0.046512,0.005953,1.88067,0.006564,0.024158,0.074286,0.011992,0.074414,0.0001,,,,,lstm
52167,48,0.024109,0.005213,1.880723,0.006564,0.022214,0.045677,0.009864,0.038291,0.0001,,,,,lstm
56523,52,0.012535,0.006319,1.880771,0.006548,0.016915,0.054858,0.003701,0.054639,0.0001,,,,,lstm
56523,52,-0.04013,0.008727,1.880813,0.006548,0.020094,0.072878,0.002948,0.060726,0.0001,,,,,lstm
56523,52,0.226712,0.015775,1.880847,0.006548,0.022871,0.11669,0.010157,0.039308,0.0001,,,,,lstm
56523,52,0.010232,0.008509,1.880921,0.006548,0.017182,0.045132,0.004808,0.025158,0.0001,,,,,lstm
56523,52,-0.052123,0.009073,1.880979,0.006548,0.028689,0.095614,0.006404,0.067055,0.0001,,,,,lstm
56523,52,0.322217,0.003776,1.881042,0.006548,0.033061,0.133986,0.019832,0.105825,0.0001,,,,,lstm
56523,52,-0.061116,0.007887,1.881073,0.006548,0.026934,0.040631,0.008466,0.011379,0.0001,,,,,lstm
56523,52,0.035728,0.010217,1.881117,0.006548,0.025328,0.046902,0.009864,0.047594,0.0001,,,,,lstm
56523,52,0.216939,0.003331,1.881155,0.006548,0.017678,0.099964,0.01098,0.095487,0.0001,,,,,lstm
56523,52,-0.031624,0.010808,1.881197,0.006548,0.020428,0.079683,0.001135,0.056022,0.0001,,,,,lstm
56523,52,0.059778,0.006304,1.881233,0.006548,0.016254,0.033261,0.001739,0.020231,0.0001,,,,,lstm
56523,52,-0.141899,0.002758,1.881266,0.006548,0.017986,0.080086,0.009775,0.068206,0.0001,,,,,lstm
61485,56,0.086145,0.004444,1.881305,0.006531,0.014397,0.057042,0.003675,0.028104,0.0001,,,,,lstm
61485,56,-0.054434,0.007901,1.881349,0.006531,0.020814,0.097291,0.005222,0.07185,0.0001,,,,,lstm
61485,56,-0.054018,0.002905,1.881415,0.006531,0.014328,0.068366,0.002564,0.05559,0.0001,,,,,lstm
61485,56,0.015562,0.00594,1.881485,0.006531,0.016474,0.054993,0.002908,0.046278,0.0001,,,,,lstm
61485,56,-0.004549,0.006886,1.88156,0.006531,0.021864,0.050762,0.003996,0.02113,0.0001,,,,,lstm
61485,56,-0.002281,0.003282,1.881643,0.006531,0.017162,0.071506,0.006785,0.071543,0.0001,,,,,lstm
61485,56,-0.006299,0.005337,1.881714,0.006531,0.021954,0.071439,0.006461,0.056254,0.0001,,,,,lstm
61485,56,0.038296,0.004909,1.881794,0.006531,0.019725,0.049669,0.005649,0.043182,0.0001,,,,,lstm
61485,56,-0.052483,0.009468,1.881878,0.006531,0.013437,0.097606,0.001574,0.079628,0.0001,,,,,lstm
61485,56,-0.07006,0.005579,1.88195,0.006531,0.017923,0.057488,0.001626,0.038774,0.0001,,,,,lstm
61485,56,0.058094,0.005313,1.882034,0.006531,0.015988,0.057338,0.002776,0.026318,0.0001,,,,,lstm
61485,56,0.052846,0.006493,1.882121,0.006531,0.016597,0.072327,0.002376,0.057286,0.0001,,,,,lstm
66511,60,-0.047027,0.008034,1.882206,0.006515,0.017259,0.034095,0.003336,0.038945,0.0001,,,,,lstm
66511,60,0.064841,0.00533,1.882286,0.006515,0.018868,0.050329,0.004119,0.023565,0.0001,,,,,lstm
66511,60,-0.064258,0.005756,1.882375,0.006515,0.016402,0.050231,0.003504,0.046864,0.0001,,,,,lstm
66511,60,0.012747,0.007383,1.882453,0.006515,0.013877,0.029543,0.002141,0.027146,0.0001,,,,,lstm
66511,60,0.000354,0.00686,1.882529,0.006515,0.019815,0.037798,0.002364,0.025661,0.0001,,,,,lstm
66511,60,-0.049062,0.003903,1.882596,0.006515,0.023079,0.119455,0.004253,0.082753,0.0001,,,,,lstm
66511,60,0.010917,0.006095,1.882687,0.006515,0.015461,0.054475,0.003371,0.057753,0.0001,,,,,lstm
66511,60,-0.054201,0.007915,1.882779,0.006515,0.019844,0.045664,0.006634,0.028716,0.0001,,,,,lstm
66511,60,0.069106,0.003067,1.882863,0.006515,0.018906,0.037396,0.005031,0.029355,0.0001,,,,,lstm
66511,60,0.000895,0.005047,1.882938,0.006515,0.019095,0.075485,0.005561,0.045973,0.0001,,,,,lstm
66511,60,-0.016734,0.005925,1.883022,0.006515,0.015851,0.055467,0.004668,0.038909,0.0001,,,,,lstm
66511,60,0.014731,0.008295,1.883096,0.006515,0.015843,0.055072,0.002627,0.050504,0.0001,,,,,lstm
71522,64,-0.003288,0.00537,1.883166,0.006499,0.022036,0.063708,0.001113,0.044291,0.0001,,,,,lstm
71522,64,0.00434,0.006018,1.883239,0.006499,0.015591,0.060848,0.002688,0.054811,0.0001,,,,,lstm
71522,64,-0.029952,0.007528,1.883315,0.006499,0.016261,0.090518,0.003922,0.066124,0.0001,,,,,lstm
71522,64,-0.020844,0.005478,1.883388,0.006499,0.020439,0.063501,0.0056,0.049766,0.0001,,,,,lstm
71522,64,-0.028802,0.004949,1.88346,0.006499,0.018613,0.052199,0.006493,0.031227,0.0001,,,,,lstm
71522,64,0.086224,0.010371,1.883537,0.006499,0.029159,0.069274,0.01168,0.060967,0.0001,,,,,lstm
71522,64,-0.077445,0.009394,1.883598,0.006499,0.02199,0.099663,0.007846,0.100781,0.0001,,,,,lstm
71522,64,0.056237,0.004741,1.88366,0.006499,0.027176,0.084093,0.011382,0.084966,0.0001,,,,,lstm
71522,64,0.018308,0.002962,1.88372,0.006499,0.016942,0.048288,0.009138,0.021897,0.0001,,,,,lstm
71522,64,-0.02878,0.005438,1.883775,0.006499,0.021799,0.03964,0.007193,0.034542,0.0001,,,,,lstm
71522,64,0.039243,0.007843,1.883836,0.006499,0.020733,0.036001,0.006388,0.015053,0.0001,,,,,lstm
71522,64,-0.043458,0.004072,1.883899,0.006499,0.017783,0.091154,0.003092,0.089839,0.0001,,,,,lstm
76474,68,0.007338,0.007008,1.883963,0.006483,0.017718,0.078215,0.001899,0.061428,0.0001,,,,,lstm
76474,68,-0.045607,0.004629,1.884036,0.006483,0.019846,0.070974,0.006238,0.06972,0.0001,,,,,lstm
76474,68,-0.038675,0.003551,1.884107,0.006483,0.021532,0.077929,0.009568,0.02751,0.0001,,,,,lstm
76474,68,-0.106468,0.007178,1.884195,0.006483,0.027789,0.072384,0.01447,0.059912,0.0001,,,,,lstm
76474,68,-0.036327,0.004661,1.884264,0.006483,0.02862,0.072554,0.014962,0.067938,0.0001,,,,,lstm
76474,68,0.201458,0.002627,1.884336,0.006483,0.028421,0.090095,0.01231,0.076987,0.0001,,,,,lstm
76474,68,-0.092486,0.005414,1.884412,0.006483,0.027692,0.060459,0.01473,0.060431,0.0001,,,,,lstm
76474,68,-0.012793,0.00355,1.884477,0.006483,0.023811,0.061637,0.009103,0.049979,0.0001,,,,,lstm
76474,68,0.125632,0.009919,1.884545,0.006483,0.018077,0.142399,0.00474,0.088301,0.0001,,,,,lstm
76474,68,0.068037,0.002746,1.884651,0.006483,0.01641,0.064508,0.003422,0.063846,0.0001,,,,,lstm
76474,68,-0.049941,0.009569,1.884754,0.006483,0.018131,0.093237,0.002578,0.104841,0.0001,,,,,lstm
76474,68,-0.163896,0.002983,1.884857,0.006483,0.017459,0.045955,0.005984,0.041745,0.0001,,,,,lstm
82064,72,-0.023788,0.003556,1.884952,0.006467,0.015845,0.085735,0.003313,0.075332,0.0001,,,,,lstm
82064,72,-0.044228,0.006918,1.885031,0.006467,0.015431,0.072177,0.005215,0.06976,0.0001,,,,,lstm
82064,72,0.009853,0.005608,1.885105,0.006467,0.01931,0.110783,0.002583,0.081045,0.0001,,,,,lstm
82064,72,0.011013,0.007849,1.885162,0.006467,0.014614,0.072525,0.001826,0.065191,0.0001,,,,,lstm
82064,72,0.008331,0.004364,1.885219,0.006467,0.020574,0.088534,0.005992,0.077994,0.0001,,,,,lstm
82064,72,-0.104303,0.004427,1.885253,0.006467,0.01682,0.041009,0.007048,0.035845,0.0001,,,,,lstm
82064,72,-0.036074,0.007243,1.88528,0.006467,0.020212,0.082612,0.009882,0.096977,0.0001,,,,,lstm
82064,72,-0.075587,0.006015,1.885296,0.006467,0.018983,0.041942,0.008111,0.025266,0.0001,,,,,lstm
82064,72,0.070949,0.003759,1.885309,0.006467,0.024103,0.063288,0.009502,0.065805,0.0001,,,,,lstm
82064,72,0.012557,0.007132,1.885315,0.006467,0.018701,0.105914,0.005984,0.101467,0.0001,,,,,lstm
82064,72,-0.053562,0.005539,1.885306,0.006467,0.016021,0.03009,0.004891,0.01797,0.0001,,,,,lstm
82064,72,-0.021643,0.003249,1.885303,0.006467,0.018034,0.030688,0.004262,0.032058,0.0001,,,,,lstm
87091,76,0.118872,0.004415,1.885296,0.00645,0.012637,0.035942,0.00112,0.029108,0.0001,,,,,lstm
87091,76,-0.076944,0.005663,1.885297,0.00645,0.017388,0.083353,0.003965,0.079199,0.0001,,,,,lstm
87091,76,-0.08004,0.008195,1.885296,0.00645,0.019064,0.134533,0.003186,0.114642,0.0001,,,,,lstm
87091,76,-0.035329,0.003363,1.885295,0.00645,0.017624,0.045461,0.001125,0.043798,0.0001,,,,,lstm
87091,76,0.046685,0.005172,1.885291,0.00645,0.016581,0.062014,0.00428,0.066507,0.0001,,,,,lstm
87091,76,-0.00681,0.012622,1.88529,0.00645,0.020351,0.048606,0.002735,0.038471,0.0001,,,,,lstm
87091,76,0.039706,0.008143,1.885298,0.00645,0.01938,0.059683,0.004001,0.061614,0.0001,,,,,lstm
87091,76,-0.081097,0.004761,1.885315,0.00645,0.016173,0.094834,0.001385,0.108668,0.0001,,,,,lstm
87091,76,0.105308,0.002737,1.885333,0.00645,0.012736,0.082038,0.001076,0.085507,0.0001,,,,,lstm
87091,76,0.112544,0.003529,1.885347,0.00645,0.013741,0.059127,0.003809,0.049719,0.0001,,,,,lstm
87091,76,-0.048607,0.006371,1.885366,0.00645,0.019943,0.096187,0.009032,0.107286,0.0001,,,,,lstm
87091,76,-0.124434,0.007326,1.885378,0.00645,0.017543,0.086576,0.008992,0.091267,0.0001,,,,,lstm
92792,80,0.063369,0.005446,1.885396,0.006434,0.016327,0.089191,0.003528,0.08137,0.0001,,,,,lstm
92792,80,-0.080255,0.005898,1.885413,0.006434,0.016348,0.068129,0.003027,0.045954,0.0001,,,,,lstm
92792,80,-0.043818,0.003622,1.885441,0.006434,0.014637,0.101263,0.001108,0.094445,0.0001,,,,,lstm
92792,80,0.048171,0.005809,1.885476,0.006434,0.016051,0.141628,0.00321,0.165446,0.0001,,,,,lstm
92792,80,0.000238,0.005413,1.885511,0.006434,0.014781,0.115922,0.002574,0.12998,0.0001,,,,,lstm
92792,80,-0.123368,0.003654,1.885553,0.006434,0.015193,0.093451,0.005259,0.066335,0.0001,,,,,lstm
92792,80,-0.051906,0.004272,1.885582,0.006434,0.014994,0.056796,0.006272,0.045279,0.0001,,,,,lstm
92792,80,-0.00387,0.005415,1.885617,0.006434,0.018305,0.110599,0.006684,0.115259,0.0001,,,,,lstm
92792,80,0.006443,0.004235,1.885657,0.006434,0.013948,0.096825,0.004933,0.092505,0.0001,,,,,lstm
92792,80,-0.07594,0.005485,1.885698,0.006434,0.013053,0.037373,0.002517,0.028475,0.0001,,,,,lstm
92792,80,-0.008217,0.005387,1.885727,0.006434,0.013278,0.047691,0.002548,0.035831,0.0001,,,,,lstm
92792,80,0.043248,0.003438,1.885765,0.006434,0.017002,0.050801,0.007055,0.050624,0.0001,,,,,lstm
97799,84,0.040941,0.003173,1.885803,0.006418,0.015028,0.030972,0.002862,0.032742,0.0001,,,,,lstm
97799,84,-0.018848,0.005889,1.885838,0.006418,0.01954,0.052672,0.001367,0.04656,0.0001,,,,,lstm
97799,84,-0.023552,0.006875,1.885884,0.006418,0.013513,0.06325,0.00148,0.048154,0.0001,,,,,lstm
97799,84,0.067193,0.003804,1.88591,0.006418,0.012934,0.018761,0.00284,0.014293,0.0001,,,,,lstm
97799,84,-0.046706,0.006912,1.885938,0.006418,0.020482,0.070259,0.002853,0.057654,0.0001,,,,,lstm
97799,84,-0.01717,0.002597,1.885971,0.006418,0.010758,0.062389,0.002598,0.06011,0.0001,,,,,lstm
97799,84,0.005072,0.004714,1.88601,0.006418,0.015659,0.101273,0.003473,0.090579,0.0001,,,,,lstm
97799,84,0.098509,0.003637,1.886057,0.006418,0.011105,0.032665,0.002151,0.023729,0.0001,,,,,lstm
97799,84,-0.200941,0.006975,1.886094,0.006418,0.021891,0.138809,0.010239,0.132937,0.0001,,,,,lstm
97799,84,0.013066,0.004182,1.886157,0.006418,0.013594,0.042992,0.003367,0.035748,0.0001,,,,,lstm
97799,84,-0.004232,0.005511,1.886216,0.006418,0.016989,0.062798,0.004335,0.059387,0.0001,,,,,lstm
97799,84,0.012273,0.003949,1.886281,0.006418,0.012422,0.042173,0.000657,0.036423,0.0001,,,,,lstm
102963,88,0.032504,0.004468,1.886348,0.006402,0.014358,0.056152,0.001301,0.042607,0.0001,,,,,lstm
102963,88,0.011919,0.006973,1.886406,0.006402,0.016973,0.076664,0.000325,0.085285,0.0001,,,,,lstm
102963,88,-0.053232,0.003475,1.886464,0.006402,0.017701,0.044845,0.00125,0.043452,0.0001,,,,,lstm
102963,88,0.045241,0.003604,1.886516,0.006402,0.016212,0.048814,0.004601,0.032553,0.0001,,,,,lstm
102963,88,-0.066337,0.008578,1.886552,0.006402,0.022438,0.055618,0.0032,0.056761,0.0001,,,,,lstm
102963,88,0.064928,0.002988,1.886588,0.006402,0.016308,0.098639,0.005267,0.111688,0.0001,,,,,lstm
102963,88,0.039547,0.003472,1.886617,0.006402,0.014607,0.043533,0.002263,0.041469,0.0001,,,,,lstm
102963,88,-0.024876,0.006413,1.886636,0.006402,0.017471,0.037938,0.003065,0.015927,0.0001,,,,,lstm
102963,88,0.002158,0.006332,1.88665,0.006402,0.017243,0.074203,0.006544,0.080932,0.0001,,,,,lstm
102963,88,-0.00077,0.003632,1.886676,0.006402,0.017044,0.064739,0.006861,0.066816,0.0001,,,,,lstm
102963,88,0.060255,0.003773,1.886701,0.006402,0.013002,0.026288,0.004912,0.015061,0.0001,,,,,lstm
102963,88,-0.083294,0.01062,1.886723,0.006402,0.022041,0.139008,0.009766,0.123688,0.0001,,,,,lstm
108730,92,-0.048883,0.002893,1.88676,0.006386,0.011212,0.037941,0.001122,0.015836,0.0001,,,,,lstm
108730,92,0.03695,0.005592,1.886792,0.006386,0.014414,0.040196,0.001659,0.018514,0.0001,,,,,lstm
108730,92,0.006619,0.004755,1.886811,0.006386,0.016349,0.099656,0.001627,0.077591,0.0001,,,,,lstm
108730,92,-0.007203,0.003604,1.886834,0.006386,0.015181,0.106979,0.002146,0.122441,0.0001,,,,,lstm
108730,92,0.086689,0.004525,1.886859,0.006386,0.014208,0.160594,0.002924,0.171482,0.0001,,,,,lstm
108730,92,-0.108449,0.005388,1.886874,0.006386,0.013313,0.112508,0.003901,0.08482,0.0001,,,,,lstm
108730,92,-0.028493,0.004359,1.886883,0.006386,0.015927,0.12998,0.003998,0.101155,0.0001,,,,,lstm
108730,92,0.004801,0.003498,1.886876,0.006386,0.012271,0.050725,0.00357,0.032374,0.0001,,,,,lstm
108730,92,0.019762,0.004928,1.886879,0.006386,0.011364,0.026635,0.002834,0.019591,0.0001,,,,,lstm
108730,92,0.000514,0.003721,1.886883,0.006386,0.012455,0.12707,0.002561,0.113385,0.0001,,,,,lstm
108730,92,-0.013307,0.003914,1.88688,0.006386,0.014072,0.078857,0.001148,0.052612,0.0001,,,,,lstm
108730,92,0.005896,0.005348,1.886867,0.006386,0.012066,0.073544,0.001879,0.062982,0.0001,,,,,lstm
114378,96,-0.05336,0.006795,1.886868,0.006369,0.013183,0.057168,0.001865,0.04812,0.0001,,,,,lstm
114378,96,0.0266,0.003694,1.886879,0.006369,0.012094,0.017444,0.004494,0.019376,0.0001,,,,,lstm
114378,96,0.018412,0.004604,1.88689,0.006369,0.018703,0.119584,0.006551,0.093346,0.0001,,,,,lstm
114378,96,0.011705,0.004411,1.88688,0.006369,0.018322,0.073434,0.007363,0.083018,0.0001,,,,,lstm
114378,96,0.002826,0.006481,1.886876,0.006369,0.015819,0.064695,0.006463,0.055984,0.0001,,,,,lstm
114378,96,-0.032878,0.004625,1.886881,0.006369,0.01404,0.145455,0.003355,0.149367,0.0001,,,,,lstm
114378,96,-0.010442,0.005333,1.886869,0.006369,0.011975,0.039125,0.002534,0.024212,0.0001,,,,,lstm
114378,96,0.051869,0.004263,1.88686,0.006369,0.010272,0.013711,0.001006,0.006,0.0001,,,,,lstm
114378,96,-0.066554,0.005035,1.886851,0.006369,0.015401,0.096299,0.00585,0.097538,0.0001,,,,,lstm
114378,96,-0.032492,0.005749,1.886836,0.006369,0.013529,0.028788,0.005319,0.023604,0.0001,,,,,lstm
114378,96,0.059039,0.004507,1.886828,0.006369,0.011294,0.047444,0.00327,0.047456,0.0001,,,,,lstm
114378,96,-0.046969,0.003942,1.886819,0.006369,0.012211,0.067169,0.005049,0.05601,0.0001,,,,,lstm
120157,100,-0.025325,0.00449,1.88681,0.006353,0.012717,0.102276,0.001805,0.080873,0.0001,,,,,lstm
120157,100,0.028995,0.005669,1.886801,0.006353,0.019626,0.062174,0.002688,0.013938,0.0001,,,,,lstm
120157,100,0.023332,0.005165,1.886813,0.006353,0.017079,0.044069,0.001295,0.037057,0.0001,,,,,lstm
120157,100,0.044175,0.006296,1.886834,0.006353,0.017484,0.071413,0.002409,0.052681,0.0001,,,,,lstm
120157,100,-0.066833,0.004403,1.886856,0.006353,0.018108,0.111302,0.002384,0.131309,0.0001,,,,,lstm
120157,100,0.054799,0.004636,1.88688,0.006353,0.013263,0.092375,0.001357,0.102972,0.0001,,,,,lstm
120157,100,-0.002451,0.005336,1.886904,0.006353,0.018376,0.054858,0.005418,0.036755,0.0001,,,,,lstm
120157,100,-0.040852,0.006618,1.886946,0.006353,0.022767,0.054515,0.010563,0.052368,0.0001,,,,,lstm
120157,100,0.079873,0.002502,1.886985,0.006353,0.013684,0.02224,0.007486,0.017915,0.0001,,,,,lstm
120157,100,-0.048461,0.004392,1.88702,0.006353,0.022619,0.06246,0.012325,0.046802,0.0001,,,,,lstm
120157,100,0.029484,0.005746,1.887074,0.006353,0.019117,0.084032,0.009034,0.097611,0.0001,,,,,lstm
120157,100,0.051957,0.004644,1.887123,0.006353,0.015138,0.044543,0.004209,0.031943,0.0001,,,,,lstm
125117,104,0.055989,0.005712,1.887175,0.006337,0.016033,0.058579,0.001381,0.072927,0.0001,,,,,lstm
125117,104,-0.04642,0.00594,1.88722,0.006337,0.019449,0.047833,0.002145,0.022708,0.0001,,,,,lstm
125117,104,0.059591,0.00573,1.88726,0.006337,0.013652,0.068085,0.005017,0.068942,0.0001,,,,,lstm
125117,104,0.044108,0.004821,1.887281,0.006337,0.015797,0.049006,0.005374,0.046589,0.0001,,,,,lstm
125117,104,0.001259,0.006779,1.887297,0.006337,0.020379,0.02625,0.003423,0.014208,0.0001,,,,,lstm
125117,104,-0.020625,0.00675,1.887312,0.006337,0.025705,0.079819,0.001838,0.070963,0.0001,,,,,lstm
125117,104,-0.029222,0.005887,1.887325,0.006337,0.019492,0.034981,0.001652,0.028611,0.0001,,,,,lstm
125117,104,0.046648,0.004029,1.887336,0.006337,0.015177,0.040597,0.001828,0.04924,0.0001,,,,,lstm
125117,104,0.044564,0.010199,1.887346,0.006337,0.015241,0.134856,0.001395,0.126486,0.0001,,,,,lstm
125117,104,0.017204,0.006721,1.887355,0.006337,0.01626,0.040844,0.000856,0.041482,0.0001,,,,,lstm
125117,104,0.061533,0.004108,1.887367,0.006337,0.01322,0.04274,0.00241,0.05116,0.0001,,,,,lstm
125117,104,-0.095995,0.008181,1.88738,0.006337,0.027021,0.069442,0.004351,0.040959,0.0001,,,,,lstm
130220,108,-0.04086,0.009602,1.887392,0.006321,0.018798,0.0649,0.005908,0.047858,0.0001,,,,,lstm
130220,108,0.06998,0.003184,1.887417,0.006321,0.014551,0.057722,0.000685,0.041454,0.0001,,,,,lstm
130220,108,0.007577,0.003749,1.887449,0.006321,0.01636,0.053502,0.00149,0.038887,0.0001,,,,,lstm
130220,108,0.00773,0.004943,1.887491,0.006321,0.017854,0.051636,0.002442,0.04404,0.0001,,,,,lstm
130220,108,0.006053,0.008158,1.88754,0.006321,0.018321,0.08671,0.001407,0.064984,0.0001,,,,,lstm
130220,108,0.042046,0.003425,1.887593,0.006321,0.015313,0.074607,0.003638,0.06708,0.0001,,,,,lstm
130220,108,-0.002787,0.006339,1.887658,0.006321,0.020833,0.047844,0.002191,0.013149,0.0001,,,,,lstm
130220,108,0.012919,0.006028,1.887725,0.006321,0.02055,0.037054,0.003127,0.00927,0.0001,,,,,lstm
130220,108,0.051763,0.005186,1.887802,0.006321,0.017154,0.091721,0.004216,0.111021,0.0001,,,,,lstm
130220,108,0.024667,0.007,1.887865,0.006321,0.023397,0.055401,0.006187,0.052504,0.0001,,,,,lstm
130220,108,-0.016518,0.006238,1.887925,0.006321,0.026859,0.064821,0.006989,0.045893,0.0001,,,,,lstm
130220,108,0.056614,0.004615,1.888,0.006321,0.028042,0.031633,0.01097,0.033435,0.0001,,,,,lstm
136026,112,-0.049012,0.004025,1.888069,0.006305,0.019608,0.060258,0.003642,0.059255,0.0001,,,,,lstm
136026,112,0.00027,0.006915,1.888141,0.006305,0.024067,0.042167,0.006616,0.035462,0.0001,,,,,lstm
136026,112,0.090616,0.004454,1.888204,0.006305,0.022473,0.040552,0.010902,0.030009,0.0001,,,,,lstm
136026,112,-0.004744,0.005743,1.888253,0.006305,0.0239,0.085382,0.009207,0.103006,0.0001,,,,,lstm
136026,112,0.000884,0.006415,1.888306,0.006305,0.026362,0.103676,0.007212,0.130619,0.0001,,,,,lstm
136026,112,0.036337,0.00326,1.888354,0.006305,0.015829,0.043732,0.003039,0.049863,0.0001,,,,,lstm
136026,112,0.056027,0.002967,1.888391,0.006305,0.013067,0.025037,0.001131,0.028467,0.0001,,,,,lstm
136026,112,0.057198,0.005165,1.888426,0.006305,0.017604,0.055709,0.005656,0.053912,0.0001,,,,,lstm
136026,112,-0.10299,0.006682,1.888455,0.006305,0.027789,0.081491,0.014373,0.093029,0.0001,,,,,lstm
136026,112,0.042893,0.005951,1.888488,0.006305,0.022173,0.077867,0.01047,0.086004,0.0001,,,,,lstm
136026,112,0.017105,0.00348,1.888506,0.006305,0.020691,0.060153,0.009814,0.050567,0.0001,,,,,lstm
136026,112,-0.037223,0.005021,1.888536,0.006305,0.025081,0.037368,0.011713,0.023981,0.0001,,,,,lstm
141778,116,-0.009879,0.007198,1.888573,0.006288,0.019949,0.047835,0.002148,0.034447,0.0001,,,,,lstm
141778,116,-0.009605,0.005076,1.88859,0.006288,0.019401,0.055759,0.002894,0.040311,0.0001,,,,,lstm
141778,116,0.09594,0.006098,1.888589,0.006288,0.01589,0.047987,0.006588,0.046916,0.0001,,,,,lstm
141778,116,0.013241,0.004821,1.888579,0.006288,0.020036,0.106494,0.003422,0.066416,0.0001,,,,,lstm
141778,116,-0.008973,0.010163,1.888532,0.006288,0.021692,0.055713,0.002545,0.054253,0.0001,,,,,lstm
141778,116,0.0655,0.00322,1.888484,0.006288,0.013177,0.05441,0.003451,0.065485,0.0001,,,,,lstm
141778,116,-0.028881,0.006752,1.888441,0.006288,0.017399,0.041831,0.00289,0.035543,0.0001,,,,,lstm
141778,116,0.048347,0.005526,1.888394,0.006288,0.015999,0.06545,0.002851,0.025218,0.0001,,,,,lstm
141778,116,0.049742,0.005791,1.888323,0.006288,0.015155,0.046352,0.005203,0.031508,0.0001,,,,,lstm
141778,116,0.100009,0.002706,1.88824,0.006288,0.012593,0.033805,0.004132,0.040214,0.0001,,,,,lstm
141778,116,0.01979,0.004698,1.888167,0.006288,0.01915,0.075985,0.008214,0.062063,0.0001,,,,,lstm
141778,116,-0.075792,0.012033,1.888074,0.006288,0.021519,0.09723,0.009596,0.08682,0.0001,,,,,lstm
146742,120,-0.011262,0.006858,1.887963,0.006272,0.019999,0.062073,0.003732,0.056752,0.0001,,,,,lstm
146742,120,0.01439,0.007704,1.887871,0.006272,0.023937,0.05916,0.00496,0.058513,0.0001,,,,,lstm
146742,120,0.048511,0.006908,1.887805,0.006272,0.019646,0.030741,0.00675,0.013529,0.0001,,,,,lstm
146742,120,0.085209,0.004165,1.887758,0.006272,0.025064,0.102116,0.009278,0.124885,0.0001,,,,,lstm
146742,120,-0.102936,0.01132,1.887717,0.006272,0.027702,0.08885,0.00565,0.064436,0.0001,,,,,lstm
146742,120,0.086947,0.006304,1.887712,0.006272,0.012965,0.059682,0.004323,0.032284,0.0001,,,,,lstm
146742,120,0.012741,0.007671,1.887728,0.006272,0.017753,0.053794,0.002537,0.039793,0.0001,,,,,lstm
146742,120,0.033962,0.005777,1.887748,0.006272,0.017168,0.049856,0.005319,0.040623,0.0001,,,,,lstm
146742,120,-0.047345,0.009721,1.887762,0.006272,0.022858,0.114668,0.012021,0.067287,0.0001,,,,,lstm
146742,120,0.028798,0.004331,1.88781,0.006272,0.020203,0.044867,0.009707,0.038486,0.0001,,,,,lstm
146742,120,-0.064576,0.009497,1.887855,0.006272,0.02719,0.054882,0.015121,0.050645,0.0001,,,,,lstm
146742,120,0.13866,0.009381,1.887905,0.006272,0.016243,0.108919,0.006299,0.088768,0.0001,,,,,lstm
149693,124,-0.012924,0.010516,1.887936,0.006256,0.03141,0.064133,0.014791,0.056633,0.0001,,,,,lstm
149693,124,0.024612,0.013865,1.887969,0.006256,0.032844,0.096244,0.009651,0.099871,0.0001,,,,,lstm
149693,124,-0.053128,0.011639,1.887981,0.006256,0.03763,0.028763,0.011448,0.030765,0.0001,,,,,lstm
149693,124,0.11601,0.011259,1.887994,0.006256,0.029749,0.055445,0.003287,0.056164,0.0001,,,,,lstm
149693,124,-0.033112,0.0127,1.887996,0.006256,0.04277,0.121114,0.006392,0.135512,0.0001,,,,,lstm
149693,124,0.069651,0.00926,1.888001,0.006256,0.036971,0.0775,0.008467,0.063543,0.0001,,,,,lstm
149693,124,-0.078857,0.015394,1.887993,0.006256,0.05425,0.073242,0.006906,0.058379,0.0001,,,,,lstm
149693,124,0.166441,0.004428,1.887993,0.006256,0.039426,0.02689,0.018747,0.03578,0.0001,,,,,lstm
154131,128,0.006478,0.007794,1.887993,0.00624,0.027389,0.049452,0.004189,0.053521,0.0001,,,,,lstm
154131,128,0.010507,0.008327,1.887996,0.00624,0.032707,0.031347,0.003683,0.032392,0.0001,,,,,lstm
154131,128,0.043364,0.011929,1.888004,0.00624,0.037511,0.214864,0.008433,0.174528,0.0001,,,,,lstm
154131,128,0.049646,0.007263,1.888058,0.00624,0.038547,0.053223,0.01122,0.054298,0.0001,,,,,lstm
154131,128,0.075851,0.009411,1.888117,0.00624,0.036664,0.063995,0.017029,0.08108,0.0001,,,,,lstm
154131,128,-0.570108,0.01681,1.888173,0.00624,0.059296,0.264574,0.01344,0.269004,0.0001,,,,,lstm
154131,128,0.042247,0.009626,1.888271,0.00624,0.036218,0.085668,0.010946,0.077946,0.0001,,,,,lstm
154131,128,0.010986,0.008378,1.888352,0.00624,0.026989,0.076286,0.003725,0.07841,0.0001,,,,,lstm
154131,128,-0.148593,0.006477,1.888437,0.00624,0.034042,0.260379,0.006092,0.222686,0.0001,,,,,lstm
154131,128,0.059869,0.011107,1.888572,0.00624,0.025906,0.118793,0.002908,0.125501,0.0001,,,,,lstm
154131,128,-0.050852,0.006719,1.888693,0.00624,0.025338,0.093206,0.006502,0.099491,0.0001,,,,,lstm
154131,128,0.104441,0.003008,1.888822,0.00624,0.014142,0.105575,0.004748,0.10797,0.0001,,,,,lstm
157812,132,-0.003492,0.011142,1.888939,0.006224,0.028604,0.06023,0.002468,0.061665,0.0001,,,,,lstm
157812,132,0.018492,0.009387,1.889046,0.006224,0.036095,0.082835,0.005312,0.083762,0.0001,,,,,lstm
157812,132,0.006365,0.013088,1.889125,0.006224,0.038783,0.174711,0.007251,0.208371,0.0001,,,,,lstm
157812,132,0.000475,0.007386,1.889202,0.006224,0.03586,0.197173,0.007656,0.234905,0.0001,,,,,lstm
157812,132,-0.079202,0.012126,1.889273,0.006224,0.041382,0.188355,0.003207,0.225358,0.0001,,,,,lstm
157812,132,0.109406,0.007789,1.889343,0.006224,0.01972,0.051149,0.004879,0.036507,0.0001,,,,,lstm
157812,132,0.043722,0.006284,1.889409,0.006224,0.022987,0.062147,0.002922,0.075073,0.0001,,,,,lstm
157812,132,-0.040743,0.014691,1.889463,0.006224,0.028641,0.07661,0.008281,0.056367,0.0001,,,,,lstm
163047,136,-0.009587,0.008056,1.889505,0.006207,0.024832,0.038478,0.006859,0.033919,0.0001,,,,,lstm
163047,136,0.046503,0.012328,1.889533,0.006207,0.029923,0.054761,0.009247,0.039999,0.0001,,,,,lstm
163047,136,-0.049241,0.004105,1.889572,0.006207,0.019269,0.035739,0.003606,0.018064,0.0001,,,,,lstm
163047,136,0.067092,0.012136,1.889612,0.006207,0.024533,0.042112,0.00735,0.034158,0.0001,,,,,lstm
163047,136,-0.012863,0.007818,1.889641,0.006207,0.027303,0.07922,0.001605,0.085303,0.0001,,,,,lstm
163047,136,-0.079112,0.004059,1.889673,0.006207,0.017956,0.034484,0.002691,0.029407,0.0001,,,,,lstm
163047,136,-0.029567,0.005765,1.889699,0.006207,0.018234,0.069177,0.00091,0.075206,0.0001,,,,,lstm
163047,136,0.093677,0.008772,1.889727,0.006207,0.028452,0.036522,0.007161,0.026136,0.0001,,,,,lstm
163047,136,-0.09934,0.013296,1.889751,0.006207,0.028603,0.050359,0.00467,0.035258,0.0001,,,,,lstm
163047,136,0.072273,0.007365,1.889769,0.006207,0.018517,0.023122,0.004288,0.012873,0.0001,,,,,lstm
163047,136,-0.04639,0.011532,1.889789,0.006207,0.036143,0.040629,0.003704,0.025598,0.0001,,,,,lstm
163047,136,-0.029018,0.005378,1.889809,0.006207,0.01801,0.042011,0.005263,0.034801,0.0001,,,,,lstm
169175,140,-0.04784,0.005943,1.889832,0.006191,0.022222,0.072739,0.008594,0.07208,0.0001,,,,,lstm
169175,140,-0.070198,0.008122,1.889853,0.006191,0.023005,0.069068,0.005754,0.069507,0.0001,,,,,lstm
169175,140,0.05153,0.00967,1.889887,0.006191,0.027461,0.037809,0.011498,0.023211,0.0001,,,,,lstm
169175,140,0.14878,0.00451,1.889917,0.006191,0.022382,0.423045,0.012065,0.358938,0.0001,,,,,lstm
169175,140,0.016274,0.009803,1.889905,0.006191,0.030462,0.207263,0.012677,0.24028,0.0001,,,,,lstm
169175,140,-0.067052,0.004483,1.889894,0.006191,0.025634,0.185134,0.010437,0.215994,0.0001,,,,,lstm
169175,140,-0.018324,0.01033,1.889899,0.006191,0.02506,0.177544,0.012567,0.191093,0.0001,,,,,lstm
169175,140,-0.161239,0.00272,1.889903,0.006191,0.001343,0.182415,0.000907,0.146642,0.0001,,,,,lstm
169175,140,-0.013776,0.008824,1.889877,0.006191,0.02455,0.046243,0.005053,0.012522,0.0001,,,,,lstm
169175,140,-0.060133,0.005097,1.889866,0.006191,0.01739,0.044146,0.001164,0.044924,0.0001,,,,,lstm
169175,140,0.011493,0.008667,1.889848,0.006191,0.033819,0.105212,0.003977,0.110214,0.0001,,,,,lstm
169175,140,-0.283393,0.00324,1.889834,0.006191,0.01471,0.085049,0.010346,0.057997,0.0001,,,,,lstm
169175,140,0.13169,0.006571,1.889846,0.006191,0.02814,0.080115,0.009096,0.068108,0.0001,,,,,lstm
169175,140,-0.115701,0.008219,1.889853,0.006191,0.022996,0.122329,0.001458,0.098927,0.0001,,,,,lstm
169175,140,-0.080708,0.007572,1.88986,0.006191,0.024474,0.057185,0.002431,0.04259,0.0001,,,,,lstm
169175,140,-0.102807,0.002605,1.889874,0.006191,0.007267,0.066194,0.004904,0.031448,0.0001,,,,,lstm
173662,144,-0.043169,0.007915,1.889913,0.006175,0.021472,0.038236,0.000578,0.018542,0.0001,,,,,lstm
173662,144,0.013499,0.009659,1.889937,0.006175,0.026271,0.052677,0.002239,0.048344,0.0001,,,,,lstm
173662,144,0.133837,0.015608,1.889948,0.006175,0.052215,0.222344,0.009769,0.170561,0.0001,,,,,lstm
173662,144,0.008298,0.01,1.889927,0.006175,0.029316,0.041414,0.00266,0.026477,0.0001,,,,,lstm
173662,144,-0.009803,0.00985,1.889892,0.006175,0.032883,0.050042,0.003851,0.041626,0.0001,,,,,lstm
173662,144,0.004859,0.003005,1.889855,0.006175,0.022092,0.025614,0.005955,0.014403,0.0001,,,,,lstm
173662,144,-0.078663,0.008735,1.889826,0.006175,0.041134,0.054922,0.011255,0.04636,0.0001,,,,,lstm
173662,144,0.058136,0.008943,1.889792,0.006175,0.030094,0.058676,0.00612,0.046268,0.0001,,,,,lstm
173662,144,0.103588,0.012177,1.889748,0.006175,0.033344,0.057874,0.007022,0.023718,0.0001,,,,,lstm
173662,144,0.010469,0.008942,1.889716,0.006175,0.037612,0.049719,0.007879,0.0377,0.0001,,,,,lstm
173662,144,-0.034719,0.010515,1.889674,0.006175,0.036375,0.035035,0.009243,0.030405,0.0001,,,,,lstm
173662,144,0.116317,0.00356,1.889626,0.006175,0.030694,0.085172,0.007734,0.085773,0.0001,,,,,lstm
178197,148,-0.040931,0.009139,1.889587,0.006159,0.025459,0.057615,0.005051,0.041302,0.0001,,,,,lstm
178197,148,-0.031988,0.006526,1.88957,0.006159,0.029663,0.075906,0.003331,0.083029,0.0001,,,,,lstm
178197,148,0.271109,0.013473,1.889557,0.006159,0.040704,0.209103,0.015787,0.138177,0.0001,,,,,lstm
178197,148,-0.057696,0.010317,1.889571,0.006159,0.033553,0.049064,0.00118,0.028577,0.0001,,,,,lstm
178197,148,0.02988,0.007884,1.889599,0.006159,0.025643,0.059357,0.007979,0.052022,0.0001,,,,,lstm
178197,148,0.070772,0.004329,1.889629,0.006159,0.028773,0.094695,0.012484,0.080059,0.0001,,,,,lstm
178197,148,0.044095,0.006306,1.889658,0.006159,0.030736,0.055391,0.011046,0.069029,0.0001,,,,,lstm
178197,148,-0.018675,0.011586,1.889684,0.006159,0.034036,0.045864,0.007745,0.048989,0.0001,,,,,lstm
178197,148,-0.164115,0.007474,1.88971,0.006159,0.022696,0.108222,0.005704,0.063222,0.0001,,,,,lstm
178197,148,-0.044469,0.005086,1.889776,0.006159,0.025541,0.058353,0.001721,0.056265,0.0001,,,,,lstm
178197,148,0.004224,0.011808,1.889849,0.006159,0.031398,0.04159,0.001615,0.032595,0.0001,,,,,lstm
178197,148,0.134859,0.008229,1.889918,0.006159,0.036912,0.085214,0.00634,0.075905,0.0001,,,,,lstm
182480,152,0.055565,0.008518,1.889969,0.006143,0.023578,0.048436,0.012118,0.025487,0.0001,,,,,lstm
182480,152,-0.00924,0.010944,1.890031,0.006143,0.034443,0.055542,0.019252,0.043674,0.0001,,,,,lstm
182480,152,-0.278861,0.020145,1.890097,0.006143,0.059547,0.236337,0.034315,0.282589,0.0001,,,,,lstm
182480,152,-0.015133,0.012472,1.890166,0.006143,0.038709,0.079771,0.023969,0.068031,0.0001,,,,,lstm
182480,152,0.004347,0.009359,1.890247,0.006143,0.037059,0.058105,0.021909,0.060076,0.0001,,,,,lstm
182480,152,0.216229,0.003028,1.890336,0.006143,0.019748,0.103039,0.009236,0.094901,0.0001,,,,,lstm
182480,152,0.02242,0.008798,1.890395,0.006143,0.028358,0.098746,0.014812,0.114285,0.0001,,,,,lstm
182480,152,0.009023,0.010683,1.890463,0.006143,0.025417,0.057951,0.008404,0.061052,0.0001,,,,,lstm
182480,152,-0.146915,0.021519,1.89054,0.006143,0.042392,0.165185,0.009603,0.03402,0.0001,,,,,lstm
182480,152,0.078473,0.009559,1.890601,0.006143,0.037841,0.037529,0.011895,0.02943,0.0001,,,,,lstm
182480,152,-0.032752,0.011865,1.890666,0.006143,0.049207,0.085128,0.012351,0.099968,0.0001,,,,,lstm
182480,152,-0.26348,0.016315,1.890727,0.006143,0.062717,0.229975,0.007573,0.219755,0.0001,,,,,lstm
187737,156,-0.022133,0.012313,1.890816,0.006126,0.034176,0.04599,0.005758,0.048958,0.0001,,,,,lstm
187737,156,0.052687,0.006045,1.890892,0.006126,0.023417,0.019095,0.008151,0.01279,0.0001,,,,,lstm
187737,156,-0.019908,0.009622,1.890958,0.006126,0.028323,0.046955,0.002937,0.025962,0.0001,,,,,lstm
187737,156,-0.079465,0.012893,1.891016,0.006126,0.030145,0.025629,0.00205,0.012543,0.0001,,,,,lstm
187737,156,0.011511,0.008659,1.891069,0.006126,0.029845,0.069897,0.005133,0.077734,0.0001,,,,,lstm
187737,156,0.144093,0.003793,1.891107,0.006126,0.021239,0.025714,0.012182,0.024854,0.0001,,,,,lstm
187737,156,0.115401,0.006518,1.891143,0.006126,0.02691,0.020768,0.010258,0.016014,0.0001,,,,,lstm
187737,156,-0.038797,0.009446,1.891173,0.006126,0.031079,0.027003,0.003278,0.030566,0.0001,,,,,lstm
187737,156,-0.098949,0.012562,1.891199,0.006126,0.0244,0.044515,0.003586,0.04545,0.0001,,,,,lstm
187737,156,-0.037722,0.010636,1.891214,0.006126,0.031618,0.039009,0.002158,0.017287,0.0001,,,,,lstm
187737,156,-0.004662,0.007968,1.891239,0.006126,0.026449,0.096719,0.003277,0.102073,0.0001,,,,,lstm
187737,156,0.106957,0.007669,1.891249,0.006126,0.026383,0.082039,0.009505,0.055812,0.0001,,,,,lstm
193210,160,-0.01653,0.007961,1.891239,0.00611,0.027383,0.053932,0.008913,0.046202,0.0001,,,,,lstm
193210,160,-0.065711,0.007125,1.891244,0.00611,0.027644,0.053555,0.006426,0.029652,0.0001,,,,,lstm
193210,160,0.063768,0.00978,1.891267,0.00611,0.027396,0.078045,0.009828,0.03438,0.0001,,,,,lstm
193210,160,0.015627,0.008692,1.891314,0.00611,0.032121,0.068162,0.006934,0.042655,0.0001,,,,,lstm
193210,160,-0.009186,0.006362,1.891377,0.00611,0.024815,0.044905,0.003889,0.025381,0.0001,,,,,lstm
193210,160,-0.065011,0.009312,1.891449,0.00611,0.022008,0.064967,0.002007,0.04449,0.0001,,,,,lstm
193210,160,-0.031263,0.004738,1.891531,0.00611,0.021968,0.04451,0.001442,0.025466,0.0001,,,,,lstm
193210,160,0.009001,0.010547,1.891618,0.00611,0.031272,0.080846,0.003208,0.075098,0.0001,,,,,lstm
193210,160,-0.02007,0.00907,1.891709,0.00611,0.032126,0.078243,0.002378,0.083825,0.0001,,,,,lstm
193210,160,0.02894,0.010872,1.891811,0.00611,0.031624,0.078717,0.002287,0.053047,0.0001,,,,,lstm
193210,160,-0.041891,0.006706,1.891921,0.00611,0.028248,0.052305,0.004129,0.02249,0.0001,,,,,lstm
193210,160,-0.032379,0.005334,1.892042,0.00611,0.029863,0.083328,0.004439,0.083879,0.0001,,,,,lstm
199117,164,0.108702,0.006121,1.892166,0.006094,0.022654,0.061248,0.003562,0.071118,0.0001,,,,,lstm
199117,164,-0.021563,0.0092,1.892281,0.006094,0.025986,0.074739,0.004316,0.085236,0.0001,,,,,lstm
199117,164,-0.070622,0.007663,1.89238,0.006094,0.024194,0.057351,0.006221,0.012319,0.0001,,,,,lstm
199117,164,0.134369,0.007767,1.892493,0.006094,0.022536,0.044746,0.006319,0.037323,0.0001,,,,,lstm
199117,164,-0.030776,0.005544,1.892597,0.006094,0.020976,0.091018,0.004458,0.105194,0.0001,,,,,lstm
199117,164,-0.086097,0.010135,1.892699,0.006094,0.03244,0.065142,0.008604,0.067107,0.0001,,,,,lstm
199117,164,0.034274,0.004923,1.892807,0.006094,0.015774,0.039111,0.002647,0.039035,0.0001,,,,,lstm
199117,164,-0.052236,0.011541,1.892907,0.006094,0.039002,0.063753,0.00978,0.023091,0.0001,,,,,lstm
199117,164,0.048516,0.006122,1.893024,0.006094,0.024152,0.068397,0.006681,0.074564,0.0001,,,,,lstm
199117,164,-0.027913,0.009012,1.893123,0.006094,0.033177,0.044914,0.011395,0.051481,0.0001,,,,,lstm
199117,164,0.010498,0.006743,1.893224,0.006094,0.022331,0.038725,0.007325,0.009642,0.0001,,,,,lstm
199117,164,0.049311,0.006671,1.893329,0.006094,0.026795,0.045198,0.004178,0.032995,0.0001,,,,,lstm
205298,168,0.030994,0.009632,1.893421,0.006078,0.022628,0.040762,0.002826,0.031136,0.0001,,,,,lstm
205298,168,-0.099428,0.006331,1.893503,0.006078,0.0239,0.04656,0.003877,0.032383,0.0001,,,,,lstm
205298,168,0.098161,0.00834,1.893588,0.006078,0.032846,0.058789,0.005306,0.042166,0.0001,,,,,lstm
205298,168,-1.170497,0.015957,1.89367,0.006078,0.088774,0.65232,0.056084,0.40872,0.0001,,,,,lstm
205298,168,0.039227,0.008013,1.893829,0.006078,0.030118,0.147043,0.008908,0.171623,0.0001,,,,,lstm
205298,168,-0.109998,0.008486,1.893971,0.006078,0.026478,0.164189,0.003575,0.198922,0.0001,,,,,lstm
205298,168,0.061336,0.00946,1.894108,0.006078,0.029024,0.124658,0.013755,0.136027,0.0001,,,,,lstm
205298,168,-0.087024,0.003211,1.894225,0.006078,0.011615,0.066366,0.006127,0.070401,0.0001,,,,,lstm
205298,168,0.038976,0.009044,1.894344,0.006078,0.029178,0.096143,0.011522,0.092799,0.0001,,,,,lstm
205298,168,-0.054243,0.005198,1.894471,0.006078,0.023606,0.063704,0.005873,0.047431,0.0001,,,,,lstm
205298,168,-0.021626,0.010023,1.894583,0.006078,0.025486,0.049085,0.005517,0.040514,0.0001,,,,,lstm
205298,168,0.949773,0.037411,1.894675,0.006078,0.113813,0.733246,0.073868,0.57846,0.0001,,,,,lstm
205298,168,0.011409,0.007479,1.894829,0.006078,0.018044,0.027274,0.004076,0.017337,0.0001,,,,,lstm
205298,168,0.001303,0.008004,1.894973,0.006078,0.02768,0.060132,0.000703,0.057975,0.0001,,,,,lstm
205298,168,-0.034713,0.008741,1.895095,0.006078,0.034437,0.139369,0.006395,0.158575,0.0001,,,,,lstm
205298,168,0.461669,0.004998,1.895212,0.006078,0.038578,0.342317,0.016984,0.223427,0.0001,,,,,lstm
211834,172,-0.026548,0.007705,1.895223,0.006062,0.03118,0.069018,0.014324,0.03009,0.0001,,,,,lstm
211834,172,-0.068755,0.007664,1.895241,0.006062,0.031389,0.044106,0.012508,0.031185,0.0001,,,,,lstm
211834,172,0.061046,0.011346,1.895272,0.006062,0.038938,0.088912,0.01707,0.08665,0.0001,,,,,lstm
211834,172,-0.183804,0.009579,1.895292,0.006062,0.018178,0.084311,0.001735,0.09053,0.0001,,,,,lstm
211834,172,-0.055298,0.006859,1.895309,0.006062,0.029251,0.042546,0.006931,0.043767,0.0001,,,,,lstm
211834,172,-0.029158,0.009089,1.895317,0.006062,0.036682,0.064649,0.00417,0.033152,0.0001,,,,,lstm
211834,172,0.018605,0.009207,1.895344,0.006062,0.04465,0.062893,0.002479,0.023616,0.0001,,,,,lstm
211834,172,-0.03156,0.005929,1.895373,0.006062,0.038512,0.040335,0.004176,0.014153,0.0001,,,,,lstm
211834,172,-0.088982,0.005675,1.895389,0.006062,0.04039,0.067246,0.011567,0.061722,0.0001,,,,,lstm
211834,172,0.029416,0.008193,1.895408,0.006062,0.043983,0.102173,0.007477,0.093983,0.0001,,,,,lstm
211834,172,-0.027339,0.009689,1.895444,0.006062,0.049671,0.075938,0.010607,0.038808,0.0001,,,,,lstm
211834,172,0.077216,0.004736,1.895458,0.006062,0.045604,0.094563,0.010469,0.035961,0.0001,,,,,lstm
211834,172,0.025231,0.007389,1.895459,0.006062,0.048362,0.071389,0.010102,0.03153,0.0001,,,,,lstm
211834,172,-0.007761,0.009136,1.89545,0.006062,0.049306,0.030467,0.009276,0.028797,0.0001,,,,,lstm
211834,172,-0.071525,0.006143,1.895444,0.006062,0.035287,0.063618,0.013448,0.038966,0.0001,,,,,lstm
211834,172,-0.07943,0.005809,1.895441,0.006062,0.042403,0.100084,0.007192,0.064603,0.0001,,,,,lstm
218427,176,-0.111183,0.005877,1.895416,0.006045,0.020899,0.048565,0.0028,0.033335,0.0001,,,,,lstm
218427,176,-0.018658,0.006875,1.895401,0.006045,0.02746,0.04125,0.008092,0.022598,0.0001,,,,,lstm
218427,176,0.0218,0.008616,1.895395,0.006045,0.031175,0.081637,0.011507,0.021992,0.0001,,,,,lstm
218427,176,0.096075,0.009761,1.895397,0.006045,0.029587,0.120351,0.013508,0.099821,0.0001,,,,,lstm
218427,176,-0.011595,0.007054,1.895377,0.006045,0.024475,0.057245,0.008895,0.027716,0.0001,,,,,lstm
218427,176,0.035586,0.010967,1.895365,0.006045,0.032973,0.046436,0.013314,0.038461,0.0001,,,,,lstm
218427,176,-0.060392,0.004619,1.895356,0.006045,0.02305,0.048569,0.005431,0.024263,0.0001,,,,,lstm
218427,176,-0.206818,0.004073,1.895356,0.006045,0.019004,0.050922,0.003104,0.053719,0.0001,,,,,lstm
218427,176,-0.050857,0.005197,1.895366,0.006045,0.025426,0.053576,0.003823,0.030112,0.0001,,,,,lstm
218427,176,0.003486,0.009778,1.895391,0.006045,0.031439,0.081713,0.006274,0.050465,0.0001,,,,,lstm
218427,176,-0.084551,0.005108,1.895409,0.006045,0.022749,0.053878,0.001748,0.026659,0.0001,,,,,lstm
218427,176,0.200127,0.010246,1.895432,0.006045,0.038367,0.143021,0.015718,0.174393,0.0001,,,,,lstm
218427,176,-0.011132,0.005522,1.895446,0.006045,0.026658,0.088515,0.001277,0.047806,0.0001,,,,,lstm
218427,176,0.039589,0.007804,1.895449,0.006045,0.031839,0.066736,0.00307,0.085306,0.0001,,,,,lstm
218427,176,-0.045865,0.007331,1.89545,0.006045,0.031595,0.132768,0.002223,0.162369,0.0001,,,,,lstm
218427,176,-0.290937,0.00305,1.89545,0.006045,0.022373,0.08163,0.014607,0.047321,0.0001,,,,,lstm
224137,180,0.037703,0.008743,1.895447,0.006029,0.030274,0.089795,0.001692,0.09322,0.0001,,,,,lstm
224137,180,-0.001759,0.004834,1.895441,0.006029,0.024245,0.045047,0.002506,0.057047,0.0001,,,,,lstm
224137,180,-0.118724,0.00698,1.895432,0.006029,0.033473,0.086432,0.007358,0.092071,0.0001,,,,,lstm
224137,180,0.120357,0.007783,1.895435,0.006029,0.034717,0.092938,0.004252,0.11077,0.0001,,,,,lstm
224137,180,-0.124659,0.004922,1.895435,0.006029,0.025306,0.02806,0.00999,0.027833,0.0001,,,,,lstm
224137,180,-0.069751,0.007675,1.895435,0.006029,0.030145,0.055079,0.006128,0.055072,0.0001,,,,,lstm
224137,180,0.032209,0.007368,1.89544,0.006029,0.034873,0.045841,0.001367,0.044564,0.0001,,,,,lstm
224137,180,-0.037619,0.006935,1.895443,0.006029,0.029642,0.063726,0.004146,0.060892,0.0001,,,,,lstm
224137,180,-0.065377,0.005489,1.895448,0.006029,0.023045,0.030115,0.006402,0.024714,0.0001,,,,,lstm
224137,180,-0.001916,0.006168,1.895449,0.006029,0.028703,0.057653,0.002268,0.018448,0.0001,,,,,lstm
224137,180,0.025698,0.006566,1.895449,0.006029,0.030335,0.053337,0.001426,0.052495,0.0001,,,,,lstm
224137,180,-0.101297,0.007515,1.895451,0.006029,0.026613,0.023325,0.005635,0.023523,0.0001,,,,,lstm
229585,184,0.097999,0.006155,1.895457,0.006013,0.026103,0.03336,0.005009,0.037073,0.0001,,,,,lstm
229585,184,-0.095723,0.008863,1.895459,0.006013,0.034851,0.043223,0.016005,0.030528,0.0001,,,,,lstm
229585,184,0.021944,0.009515,1.895456,0.006013,0.034878,0.069837,0.008429,0.027059,0.0001,,,,,lstm
229585,184,0.035971,0.006489,1.895445,0.006013,0.030427,0.043744,0.005311,0.034972,0.0001,,,,,lstm
229585,184,-0.044851,0.00936,1.895432,0.006013,0.034001,0.052542,0.01086,0.0535,0.0001,,,,,lstm
229585,184,0.040918,0.008113,1.89542,0.006013,0.02015,0.074655,0.006202,0.077075,0.0001,,,,,lstm
229585,184,0.052627,0.006015,1.895393,0.006013,0.023109,0.075773,0.002534,0.104438,0.0001,,,,,lstm
229585,184,-0.022352,0.009412,1.895366,0.006013,0.033271,0.117903,0.007749,0.1147,0.0001,,,,,lstm
229585,184,-0.016534,0.008617,1.895317,0.006013,0.02514,0.022217,0.007577,0.012024,0.0001,,,,,lstm
229585,184,0.005935,0.007539,1.895273,0.006013,0.021689,0.029335,0.004453,0.036353,0.0001,,,,,lstm
229585,184,0.079845,0.007702,1.895229,0.006013,0.031599,0.087735,0.00125,0.105668,0.0001,,,,,lstm
229585,184,-0.100549,0.009102,1.895196,0.006013,0.028446,0.107489,0.013004,0.130645,0.0001,,,,,lstm
234273,188,0.076613,0.006384,1.895154,0.005997,0.032382,0.059167,0.003428,0.064552,0.0001,,,,,lstm
234273,188,-0.071133,0.005037,1.895119,0.005997,0.023251,0.033414,0.003366,0.02639,0.0001,,,,,lstm
234273,188,-0.204508,0.014789,1.895089,0.005997,0.040728,0.204836,0.015778,0.227069,0.0001,,,,,lstm
234273,188,-0.056141,0.005728,1.895015,0.005997,0.024629,0.072956,0.001228,0.103415,0.0001,,,,,lstm
234273,188,-0.057631,0.006607,1.894957,0.005997,0.027105,0.12015,0.004169,0.163616,0.0001,,,,,lstm
234273,188,0.191759,0.011191,1.894898,0.005997,0.033956,0.100939,0.013792,0.136198,0.0001,,,,,lstm
234273,188,-0.027418,0.009081,1.894835,0.005997,0.033758,0.050509,0.005794,0.048098,0.0001,,,,,lstm
234273,188,-0.017189,0.006024,1.894768,0.005997,0.024168,0.053058,0.003416,0.047708,0.0001,,,,,lstm
234273,188,-0.025871,0.003566,1.894699,0.005997,0.017012,0.108309,0.001851,0.137694,0.0001,,,,,lstm
234273,188,-0.050124,0.007452,1.89465,0.005997,0.026946,0.091736,0.002364,0.114121,0.0001,,,,,lstm
234273,188,0.047412,0.00741,1.894606,0.005997,0.028167,0.130786,0.005882,0.177685,0.0001,,,,,lstm
234273,188,-0.162231,0.004541,1.894557,0.005997,0.028761,0.085998,0.005494,0.06676,0.0001,,,,,lstm
240758,192,-0.021342,0.006832,1.894501,0.005981,0.03002,0.034676,0.005006,0.022318,0.0001,,,,,lstm
240758,192,0.027789,0.008056,1.89446,0.005981,0.031754,0.092729,0.004366,0.048173,0.0001,,,,,lstm
240758,192,-0.036411,0.007637,1.894442,0.005981,0.032114,0.101908,0.006871,0.139193,0.0001,,,,,lstm
240758,192,0.110441,0.009048,1.89444,0.005981,0.033357,0.163925,0.00462,0.129087,0.0001,,,,,lstm
240758,192,0.01319,0.008626,1.894436,0.005981,0.035381,0.142132,0.004702,0.192032,0.0001,,,,,lstm
240758,192,-0.04702,0.008726,1.89444,0.005981,0.030544,0.088007,0.005167,0.028588,0.0001,,,,,lstm
240758,192,0.035209,0.005718,1.894455,0.005981,0.025092,0.055058,0.002935,0.048176,0.0001,,,,,lstm
240758,192,-0.063883,0.007157,1.894482,0.005981,0.015457,0.059071,0.00207,0.048221,0.0001,,,,,lstm
240758,192,-0.036511,0.008139,1.894519,0.005981,0.031174,0.069016,0.00356,0.028904,0.0001,,,,,lstm
240758,192,0.040374,0.008641,1.894573,0.005981,0.032758,0.116138,0.00643,0.125251,0.0001,,,,,lstm
240758,192,0.000262,0.007324,1.894637,0.005981,0.022235,0.046855,0.004121,0.058899,0.0001,,,,,lstm
240758,192,-0.057979,0.004325,1.894695,0.005981,0.021515,0.079677,0.002271,0.053921,0.0001,,,,,lstm
240758,192,-0.092335,0.010537,1.894749,0.005981,0.031535,0.077626,0.005084,0.099228,0.0001,,,,,lstm
240758,192,-0.027636,0.00444,1.894807,0.005981,0.022984,0.053526,0.001959,0.050475,0.0001,,,,,lstm
240758,192,0.086506,0.007864,1.894873,0.005981,0.030682,0.09097,0.006376,0.020579,0.0001,,,,,lstm
240758,192,0.137967,0.008901,1.894953,0.005981,0.02912,0.183518,0.008703,0.200269,0.0001,,,,,lstm
247140,196,0.010494,0.00572,1.895012,0.005964,0.024067,0.032496,0.003301,0.026212,0.0001,,,,,lstm
247140,196,-0.050774,0.005761,1.895071,0.005964,0.02852,0.064453,0.004965,0.064523,0.0001,,,,,lstm
247140,196,0.056822,0.009197,1.895136,0.005964,0.035514,0.144237,0.002551,0.166175,0.0001,,,,,lstm
247140,196,-0.341485,0.008997,1.895191,0.005964,0.041156,0.163369,0.018158,0.108668,0.0001,,,,,lstm
247140,196,-0.004673,0.006437,1.895247,0.005964,0.031196,0.0516,0.001095,0.053736,0.0001,,,,,lstm
247140,196,-0.035011,0.006276,1.895309,0.005964,0.025142,0.05254,0.002995,0.052359,0.0001,,,,,lstm
247140,196,0.000305,0.006332,1.895365,0.005964,0.025072,0.058712,0.000598,0.066393,0.0001,,,,,lstm
247140,196,0.109063,0.023625,1.895409,0.005964,0.074995,0.399489,0.004387,0.436913,0.0001,,,,,lstm
247140,196,0.00666,0.007059,1.895479,0.005964,0.028826,0.057702,0.000547,0.059853,0.0001,,,,,lstm
247140,196,-0.046058,0.006283,1.895535,0.005964,0.02388,0.042648,0.001007,0.037486,0.0001,,,,,lstm
247140,196,0.035426,0.008382,1.895598,0.005964,0.031236,0.067488,0.003539,0.06916,0.0001,,,,,lstm
247140,196,-0.153316,0.003448,1.895653,0.005964,0.017195,0.1033,0.00507,0.109543,0.0001,,,,,lstm
247140,196,0.024638,0.006598,1.895721,0.005964,0.026547,0.135869,0.005491,0.168726,0.0001,,,,,lstm
247140,196,-0.072921,0.005787,1.89579,0.005964,0.020343,0.053759,0.00066,0.060772,0.0001,,,,,lstm
247140,196,0.060543,0.008715,1.895858,0.005964,0.025828,0.095824,0.00979,0.102838,0.0001,,,,,lstm
247140,196,-0.290394,0.008686,1.895919,0.005964,0.042133,0.20204,0.011406,0.192727,0.0001,,,,,lstm
253751,200,-0.066246,0.008166,1.895991,0.005948,0.028604,0.051476,0.003324,0.026119,0.0001,,,,,lstm
253751,200,-0.055227,0.004253,1.896045,0.005948,0.023753,0.035276,0.001522,0.038296,0.0001,,,,,lstm
253751,200,0.055861,0.008331,1.896089,0.005948,0.032938,0.057666,0.008153,0.05692,0.0001,,,,,lstm
253751,200,-0.12742,0.0032,1.896124,0.005948,0.018883,0.024476,0.003067,0.016981,0.0001,,,,,lstm
253751,200,-0.052129,0.006774,1.896151,0.005948,0.029484,0.060522,0.002315,0.010239,0.0001,,,,,lstm
253751,200,0.048771,0.005314,1.896151,0.005948,0.029176,0.089147,0.005345,0.078873,0.0001,,,,,lstm
253751,200,-0.096501,0.00532,1.896137,0.005948,0.022032,0.03957,0.000547,0.025207,0.0001,,,,,lstm
253751,200,0.016131,0.015017,1.89612,0.005948,0.031191,0.162578,0.008559,0.113828,0.0001,,,,,lstm
253751,200,-0.071697,0.007775,1.896092,0.005948,0.027298,0.074862,0.000794,0.084065,0.0001,,,,,lstm
253751,200,-0.030772,0.005129,1.89606,0.005948,0.025975,0.058378,0.002353,0.018058,0.0001,,,,,lstm
253751,200,0.030445,0.005036,1.89601,0.005948,0.030433,0.072981,0.001736,0.07587,0.0001,,,,,lstm
253751,200,-0.103749,0.010985,1.895967,0.005948,0.034114,0.172189,0.003039,0.126692,0.0001,,,,,lstm
253751,200,0.06075,0.008832,1.895881,0.005948,0.03135,0.073672,0.004219,0.072955,0.0001,,,,,lstm
253751,200,-0.045982,0.00637,1.895792,0.005948,0.028389,0.075822,0.001401,0.04545,0.0001,,,,,lstm
253751,200,-0.106289,0.003891,1.89571,0.005948,0.023872,0.030047,0.003816,0.031133,0.0001,,,,,lstm
253751,200,-0.009051,0.006486,1.89563,0.005948,0.029614,0.071786,0.005938,0.04666,0.0001,,,,,lstm
260193,204,0.025839,0.005797,1.895537,0.005932,0.027822,0.03517,0.000726,0.043736,0.0001,,,,,lstm
260193,204,-0.01754,0.007387,1.895451,0.005932,0.030238,0.06313,0.000765,0.050367,0.0001,,,,,lstm
260193,204,-0.02302,0.007594,1.89538,0.005932,0.027717,0.044092,0.002148,0.027117,0.0001,,,,,lstm
260193,204,-0.060158,0.003145,1.895315,0.005932,0.011914,0.055198,0.001859,0.068472,0.0001,,,,,lstm
260193,204,-0.038037,0.005719,1.895266,0.005932,0.029595,0.062275,0.001594,0.082072,0.0001,,,,,lstm
260193,204,0.015387,0.006654,1.895223,0.005932,0.024535,0.033999,0.006478,0.032772,0.0001,,,,,lstm
260193,204,0.044218,0.008555,1.895185,0.005932,0.026302,0.061428,0.009291,0.060057,0.0001,,,,,lstm
260193,204,-0.280553,0.006399,1.895153,0.005932,0.034153,0.134933,0.009706,0.098992,0.0001,,,,,lstm
260193,204,-0.080538,0.007531,1.895106,0.005932,0.022583,0.029426,0.002838,0.017347,0.0001,,,,,lstm
260193,204,0.044933,0.006783,1.895061,0.005932,0.030621,0.073543,0.011224,0.09494,0.0001,,,,,lstm
260193,204,-0.029288,0.006587,1.89502,0.005932,0.027792,0.049457,0.008675,0.036827,0.0001,,,,,lstm
260193,204,0.259347,0.010005,1.894984,0.005932,0.043353,0.224726,0.025797,0.15979,0.0001,,,,,lstm
260193,204,-0.044121,0.008558,1.894914,0.005932,0.027532,0.056472,0.003279,0.073844,0.0001,,,,,lstm
260193,204,-0.025266,0.006112,1.894859,0.005932,0.031957,0.059489,0.000585,0.068689,0.0001,,,,,lstm
260193,204,0.048712,0.006152,1.894814,0.005932,0.030503,0.045795,0.001991,0.030382,0.0001,,,,,lstm
260193,204,-0.010821,0.003487,1.894779,0.005932,0.026981,0.056203,0.009928,0.051558,0.0001,,,,,lstm
266658,208,0.09085,0.008219,1.894746,0.005916,0.039204,0.041757,0.001573,0.028828,0.0001,,,,,lstm
266658,208,-0.104872,0.005309,1.894725,0.005916,0.034007,0.048124,0.013109,0.058366,0.0001,,,,,lstm
266658,208,-0.000191,0.005956,1.894706,0.005916,0.032594,0.033964,0.00829,0.020267,0.0001,,,,,lstm
266658,208,-0.276107,0.010171,1.894694,0.005916,0.041511,0.232972,0.021012,0.163924,0.0001,,,,,lstm
266658,208,0.113352,0.010423,1.894711,0.005916,0.048087,0.088542,0.001856,0.068412,0.0001,,,,,lstm
266658,208,-0.087348,0.005305,1.894726,0.005916,0.032011,0.088703,0.011871,0.110005,0.0001,,,,,lstm
266658,208,-0.076607,0.00519,1.894751,0.005916,0.031664,0.113509,0.009571,0.133124,0.0001,,,,,lstm
266658,208,-0.057883,0.003641,1.894765,0.005916,0.024606,0.062317,0.00617,0.041517,0.0001,,,,,lstm
266658,208,-0.094116,0.00702,1.89479,0.005916,0.031216,0.052414,0.005625,0.025446,0.0001,,,,,lstm
266658,208,0.05273,0.006076,1.894819,0.005916,0.029861,0.087053,0.002746,0.07012,0.0001,,,,,lstm
266658,208,-0.076807,0.006596,1.894845,0.005916,0.027656,0.123086,0.002914,0.154689,0.0001,,,,,lstm
266658,208,0.318811,0.009107,1.894885,0.005916,0.039083,0.186798,0.020832,0.261063,0.0001,,,,,lstm
266658,208,-0.055819,0.006008,1.894904,0.005916,0.027711,0.07043,0.002416,0.049823,0.0001,,,,,lstm
266658,208,0.028066,0.007896,1.894939,0.005916,0.032878,0.043933,0.003473,0.017873,0.0001,,,,,lstm
266658,208,-0.037425,0.005758,1.894979,0.005916,0.027366,0.06492,0.003027,0.048991,0.0001,,,,,lstm
266658,208,0.032154,0.009845,1.894996,0.005916,0.025833,0.108424,0.002752,0.095986,0.0001,,,,,lstm
273253,212,0.015576,0.005466,1.894998,0.0059,0.032403,0.066998,0.004672,0.062585,0.0001,,,,,lstm
273253,212,-0.02979,0.007924,1.89499,0.0059,0.030213,0.075646,0.002236,0.05238,0.0001,,,,,lstm
273253,212,-0.042982,0.006398,1.894988,0.0059,0.030347,0.037753,0.000833,0.03345,0.0001,,,,,lstm
273253,212,-0.126367,0.006753,1.894983,0.0059,0.023036,0.101015,0.00531,0.12916,0.0001,,,,,lstm
273253,212,-0.100692,0.006393,1.894973,0.0059,0.026896,0.056879,0.0022,0.052419,0.0001,,,,,lstm
273253,212,-0.028201,0.005879,1.894966,0.0059,0.027297,0.071074,0.002136,0.094675,0.0001,,,,,lstm
273253,212,0.003827,0.007126,1.894951,0.0059,0.031626,0.061668,0.004684,0.073851,0.0001,,,,,lstm
273253,212,0.167361,0.00715,1.894928,0.0059,0.038216,0.137901,0.01382,0.181376,0.0001,,,,,lstm
273253,212,-0.044483,0.005004,1.894892,0.0059,0.02662,0.048995,0.00248,0.056151,0.0001,,,,,lstm
273253,212,-0.091037,0.006441,1.894855,0.0059,0.025027,0.028966,0.000527,0.030318,0.0001,,,,,lstm
273253,212,0.056699,0.009075,1.894817,0.0059,0.036192,0.125666,0.008257,0.152549,0.0001,,,,,lstm
273253,212,-0.033442,0.004432,1.894772,0.0059,0.028595,0.107766,0.001693,0.062261,0.0001,,,,,lstm
273253,212,-0.072834,0.007606,1.894754,0.0059,0.027207,0.049036,0.003087,0.0447,0.0001,,,,,lstm
273253,212,0.030572,0.006687,1.894745,0.0059,0.030837,0.067797,0.008214,0.087117,0.0001,,,,,lstm
273253,212,-0.009449,0.006471,1.894724,0.0059,0.027688,0.073331,0.007639,0.110574,0.0001,,,,,lstm
273253,212,-0.146903,0.003434,1.894705,0.0059,0.018786,0.101556,0.000755,0.09936,0.0001,,,,,lstm
279937,216,0.050615,0.008913,1.894707,0.005883,0.036722,0.092829,0.006423,0.094878,0.0001,,,,,lstm
279937,216,-0.075297,0.006249,1.8947,0.005883,0.031091,0.065904,0.00469,0.076894,0.0001,,,,,lstm
279937,216,-0.014107,0.005796,1.894679,0.005883,0.035673,0.071893,0.003699,0.085487,0.0001,,,,,lstm
279937,216,-0.162499,0.003797,1.894659,0.005883,0.032962,0.123147,0.01345,0.089674,0.0001,,,,,lstm
279937,216,-0.085984,0.004258,1.894652,0.005883,0.037125,0.10765,0.013094,0.158811,0.0001,,,,,lstm
279937,216,-0.013234,0.00657,1.89464,0.005883,0.039219,0.042001,0.009215,0.016601,0.0001,,,,,lstm
279937,216,0.018506,0.008477,1.894631,0.005883,0.041993,0.095871,0.0072,0.096692,0.0001,,,,,lstm
279937,216,-0.011641,0.007079,1.894606,0.005883,0.046739,0.163522,0.011373,0.194801,0.0001,,,,,lstm
279937,216,-0.007863,0.006118,1.894605,0.005883,0.045883,0.074184,0.013845,0.079033,0.0001,,,,,lstm
279937,216,-0.037136,0.005965,1.894587,0.005883,0.041379,0.069359,0.016342,0.070609,0.0001,,,,,lstm
279937,216,-0.066326,0.005988,1.894569,0.005883,0.037968,0.058064,0.014764,0.047184,0.0001,,,,,lstm
279937,216,0.099203,0.009718,1.894548,0.005883,0.051102,0.125975,0.003777,0.138653,0.0001,,,,,lstm
279937,216,-0.011556,0.005597,1.894497,0.005883,0.030999,0.036283,0.005092,0.04128,0.0001,,,,,lstm
279937,216,-0.130889,0.006388,1.894443,0.005883,0.029809,0.119108,0.004983,0.162553,0.0001,,,,,lstm
279937,216,0.022326,0.006734,1.89441,0.005883,0.029278,0.048403,0.003616,0.043472,0.0001,,,,,lstm
279937,216,0.12724,0.006565,1.894372,0.005883,0.032297,0.187271,0.010353,0.103345,0.0001,,,,,lstm
286309,220,0.016225,0.008672,1.894274,0.005867,0.029005,0.073038,0.000913,0.037622,0.0001,,,,,lstm
286309,220,-0.088809,0.005277,1.89416,0.005867,0.027136,0.055711,0.002988,0.033334,0.0001,,,,,lstm
286309,220,-0.013446,0.005408,1.894068,0.005867,0.024132,0.080685,0.003016,0.051061,0.0001,,,,,lstm
286309,220,0.45561,0.008535,1.893995,0.005867,0.047569,0.48489,0.026511,0.627553,0.0001,,,,,lstm
286309,220,0.005601,0.006892,1.893929,0.005867,0.030371,0.05534,0.001279,0.043432,0.0001,,,,,lstm
286309,220,-0.01206,0.007024,1.893875,0.005867,0.030726,0.109247,0.004984,0.145298,0.0001,,,,,lstm
286309,220,-0.024869,0.00569,1.893829,0.005867,0.031356,0.093536,0.008225,0.14054,0.0001,,,,,lstm
286309,220,0.017507,0.003205,1.893786,0.005867,0.023358,0.173793,0.0053,0.218719,0.0001,,,,,lstm
286309,220,-0.023508,0.003403,1.893757,0.005867,0.02355,0.078432,0.007686,0.096191,0.0001,,,,,lstm
286309,220,-0.038737,0.007432,1.893724,0.005867,0.030242,0.119674,0.006213,0.159064,0.0001,,,,,lstm
286309,220,0.016564,0.006583,1.893707,0.005867,0.031718,0.129001,0.001876,0.18917,0.0001,,,,,lstm
286309,220,0.143076,0.015094,1.893682,0.005867,0.04073,0.205827,0.009782,0.20302,0.0001,,,,,lstm
286309,220,0.024183,0.007466,1.893674,0.005867,0.033112,0.078669,0.003912,0.073324,0.0001,,,,,lstm
286309,220,0.026658,0.005839,1.893645,0.005867,0.034246,0.193224,0.006044,0.229938,0.0001,,,,,lstm
286309,220,-0.10065,0.005838,1.893632,0.005867,0.026165,0.151339,0.009524,0.233068,0.0001,,,,,lstm
286309,220,0.154535,0.002963,1.893632,0.005867,0.016437,0.079954,0.005669,0.066701,0.0001,,,,,lstm
292569,224,-0.043746,0.006659,1.893621,0.005851,0.030492,0.048024,0.00875,0.030416,0.0001,,,,,lstm
292569,224,0.083571,0.008928,1.893597,0.005851,0.030462,0.090167,0.004477,0.102645,0.0001,,,,,lstm
292569,224,-0.021759,0.005366,1.893557,0.005851,0.020006,0.02379,0.005699,0.013326,0.0001,,,,,lstm
292569,224,0.289657,0.004743,1.89353,0.005851,0.032175,0.219988,0.013649,0.205687,0.0001,,,,,lstm
292569,224,0.073949,0.004879,1.893496,0.005851,0.021934,0.048531,0.005178,0.065307,0.0001,,,,,lstm
292569,224,0.01222,0.005218,1.893458,0.005851,0.019054,0.057726,0.001913,0.042029,0.0001,,,,,lstm
292569,224,-0.064939,0.010264,1.893412,0.005851,0.035001,0.038238,0.005818,0.036457,0.0001,,,,,lstm
292569,224,0.248932,0.018006,1.893368,0.005851,0.04312,0.209202,0.020873,0.160898,0.0001,,,,,lstm
292569,224,-0.150219,0.009644,1.893317,0.005851,0.032782,0.122868,0.007135,0.17165,0.0001,,,,,lstm
292569,224,0.066953,0.004311,1.893275,0.005851,0.019756,0.086737,0.006488,0.12812,0.0001,,,,,lstm
292569,224,0.108946,0.008034,1.893228,0.005851,0.030284,0.1961,0.009852,0.281671,0.0001,,,,,lstm
292569,224,0.077907,0.003026,1.893174,0.005851,0.017245,0.028951,0.008887,0.016868,0.0001,,,,,lstm
292569,224,-0.005157,0.006642,1.89312,0.005851,0.02261,0.054777,0.005564,0.079957,0.0001,,,,,lstm
292569,224,0.003955,0.007786,1.89307,0.005851,0.030274,0.080876,0.006248,0.081489,0.0001,,,,,lstm
292569,224,0.03565,0.007146,1.893013,0.005851,0.028326,0.145839,0.008424,0.220005,0.0001,,,,,lstm
292569,224,0.031814,0.00449,1.892958,0.005851,0.025778,0.148761,0.003965,0.130859,0.0001,,,,,lstm
299182,228,0.056162,0.007226,1.89288,0.005835,0.035311,0.077619,0.005157,0.09206,0.0001,,,,,lstm
299182,228,-0.024774,0.004956,1.892817,0.005835,0.02651,0.076572,0.006876,0.113518,0.0001,,,,,lstm
299182,228,-0.059756,0.008968,1.892763,0.005835,0.044967,0.189014,0.012857,0.284516,0.0001,,,,,lstm
299182,228,0.099764,0.006611,1.892729,0.005835,0.040763,0.220668,0.003331,0.318652,0.0001,,,,,lstm
299182,228,3.8e-05,0.006623,1.892688,0.005835,0.035877,0.052966,0.00886,0.048498,0.0001,,,,,lstm
299182,228,0.058034,0.006278,1.892662,0.005835,0.036963,0.054963,0.003369,0.059168,0.0001,,,,,lstm
299182,228,-0.025396,0.006281,1.892642,0.005835,0.025378,0.093207,0.003436,0.14036,0.0001,,,,,lstm
299182,228,-0.13898,0.011957,1.892619,0.005835,0.049934,0.143878,0.014811,0.174808,0.0001,,,,,lstm
299182,228,-0.006947,0.006706,1.892612,0.005835,0.033502,0.077653,0.001699,0.120479,0.0001,,,,,lstm
299182,228,0.00795,0.006291,1.892608,0.005835,0.031418,0.036051,0.003649,0.039271,0.0001,,,,,lstm
299182,228,0.040606,0.008402,1.892603,0.005835,0.034713,0.033924,0.001397,0.032277,0.0001,,,,,lstm
299182,228,-0.16044,0.003356,1.892598,0.005835,0.024795,0.056777,0.012377,0.065286,0.0001,,,,,lstm
299182,228,-0.043059,0.009496,1.892608,0.005835,0.038671,0.111522,0.00484,0.149088,0.0001,,,,,lstm
299182,228,-0.031667,0.005723,1.892628,0.005835,0.024636,0.046291,0.001695,0.057288,0.0001,,,,,lstm
299182,228,0.043978,0.005657,1.892644,0.005835,0.033125,0.037127,0.00653,0.027631,0.0001,,,,,lstm
299182,228,0.124725,0.006369,1.892656,0.005835,0.029397,0.079448,0.013336,0.090064,0.0001,,,,,lstm
305486,232,0.050798,0.004736,1.892659,0.005819,0.022915,0.036755,0.000486,0.043273,0.0001,,,,,lstm
305486,232,-0.032969,0.007119,1.89266,0.005819,0.027582,0.066873,0.002149,0.040563,0.0001,,,,,lstm
305486,232,-0.002369,0.007012,1.892667,0.005819,0.029353,0.123701,0.0024,0.190269,0.0001,,,,,lstm
305486,232,-0.029353,0.003296,1.892677,0.005819,0.017102,0.1421,0.002577,0.207011,0.0001,,,,,lstm
305486,232,0.06134,0.004868,1.892705,0.005819,0.020355,0.031247,0.005508,0.029553,0.0001,,,,,lstm
305486,232,-0.052454,0.00654,1.892733,0.005819,0.029696,0.061247,0.002862,0.036912,0.0001,,,,,lstm
305486,232,0.009702,0.007488,1.892756,0.005819,0.030883,0.043787,0.001446,0.029167,0.0001,,,,,lstm
305486,232,-0.032655,0.002691,1.892787,0.005819,0.014849,0.059521,0.003096,0.064329,0.0001,,,,,lstm
305486,232,0.057223,0.004704,1.892798,0.005819,0.024442,0.096538,0.002128,0.128559,0.0001,,,,,lstm
305486,232,-0.080813,0.006611,1.892808,0.005819,0.031633,0.052476,0.008447,0.064313,0.0001,,,,,lstm
305486,232,0.051551,0.007757,1.892827,0.005819,0.030935,0.093765,0.001214,0.121553,0.0001,,,,,lstm
305486,232,-0.147277,0.002481,1.892843,0.005819,0.011332,0.053177,0.006469,0.071998,0.0001,,,,,lstm
305486,232,-0.112071,0.006209,1.892868,0.005819,0.02732,0.0571,0.005603,0.042123,0.0001,,,,,lstm
305486,232,0.108955,0.005892,1.892902,0.005819,0.026069,0.069144,0.010764,0.107749,0.0001,,,,,lstm
305486,232,-0.003109,0.005923,1.892928,0.005819,0.025838,0.105308,0.00519,0.154558,0.0001,,,,,lstm
305486,232,0.281066,0.012924,1.892952,0.005819,0.039157,0.327118,0.025001,0.21856,0.0001,,,,,lstm
312129,236,-0.042857,0.003859,1.892909,0.005802,0.02164,0.025718,0.003681,0.029186,0.0001,,,,,lstm
312129,236,0.080172,0.006034,1.892871,0.005802,0.029296,0.040856,0.003924,0.029964,0.0001,,,,,lstm
312129,236,-0.047794,0.010473,1.892841,0.005802,0.037924,0.082385,0.012644,0.05004,0.0001,,,,,lstm
312129,236,0.171283,0.006989,1.892811,0.005802,0.033183,0.079265,0.005221,0.082088,0.0001,,,,,lstm
312129,236,0.039763,0.005565,1.892789,0.005802,0.027483,0.032123,0.008959,0.021443,0.0001,,,,,lstm
312129,236,0.093189,0.007439,1.892775,0.005802,0.039996,0.0661,0.008449,0.08306,0.0001,,,,,lstm
312129,236,-0.107537,0.00756,1.892752,0.005802,0.041333,0.074241,0.022103,0.065698,0.0001,,,,,lstm
312129,236,0.039934,0.00505,1.892735,0.005802,0.031807,0.054051,0.012619,0.079939,0.0001,,,,,lstm
312129,236,0.034054,0.008322,1.892716,0.005802,0.039334,0.047703,0.011412,0.052057,0.0001,,,,,lstm
312129,236,0.008833,0.005457,1.892697,0.005802,0.032958,0.069684,0.011778,0.050074,0.0001,,,,,lstm
312129,236,-0.023568,0.007115,1.892677,0.005802,0.034951,0.060752,0.010944,0.06331,0.0001,,,,,lstm
312129,236,0.065676,0.003221,1.892663,0.005802,0.021418,0.097139,0.002756,0.104764,0.0001,,,,,lstm
312129,236,-0.051139,0.005368,1.892657,0.005802,0.02595,0.039922,0.004371,0.021842,0.0001,,,,,lstm
312129,236,0.017459,0.005534,1.892662,0.005802,0.028411,0.029712,0.004162,0.031318,0.0001,,,,,lstm
312129,236,0.083639,0.008629,1.892666,0.005802,0.03611,0.086542,0.012333,0.069904,0.0001,,,,,lstm
312129,236,-0.044998,0.011076,1.892668,0.005802,0.035597,0.117356,0.003169,0.152976,0.0001,,,,,lstm
318314,240,0.07664,0.004518,1.892677,0.005786,0.024813,0.056016,0.003742,0.061722,0.0001,,,,,lstm
318314,240,-0.081564,0.007775,1.892692,0.005786,0.033231,0.115232,0.006746,0.078425,0.0001,,,,,lstm
318314,240,0.02615,0.00548,1.892722,0.005786,0.027916,0.069539,0.005784,0.056482,0.0001,,,,,lstm
318314,240,0.147154,0.003193,1.892763,0.005786,0.014191,0.04558,0.009199,0.029546,0.0001,,,,,lstm
318314,240,-0.032547,0.007774,1.892796,0.005786,0.034905,0.156451,0.00492,0.193865,0.0001,,,,,lstm
318314,240,-0.014545,0.005265,1.892846,0.005786,0.028565,0.072808,0.00328,0.058438,0.0001,,,,,lstm
318314,240,0.071809,0.004537,1.892905,0.005786,0.021896,0.032633,0.002496,0.032489,0.0001,,,,,lstm
318314,240,0.078749,0.002085,1.892958,0.005786,0.008153,0.074646,0.000963,0.076416,0.0001,,,,,lstm
318314,240,-0.042256,0.004534,1.893023,0.005786,0.028655,0.068174,0.014324,0.060819,0.0001,,,,,lstm
318314,240,0.092333,0.005552,1.8931,0.005786,0.031189,0.119216,0.008798,0.157097,0.0001,,,,,lstm
318314,240,-0.051135,0.006989,1.893176,0.005786,0.035848,0.067841,0.01517,0.082616,0.0001,,,,,lstm
318314,240,1.030607,0.030071,1.893251,0.005786,0.086371,0.323287,0.064351,0.329748,0.0001,,,,,lstm
318314,240,-0.033156,0.005439,1.893348,0.005786,0.028784,0.022574,0.010833,0.019705,0.0001,,,,,lstm
318314,240,-0.026762,0.006844,1.893441,0.005786,0.030806,0.057066,0.012203,0.060209,0.0001,,,,,lstm
318314,240,0.085678,0.005423,1.893536,0.005786,0.033204,0.122561,0.005908,0.156351,0.0001,,,,,lstm
318314,240,0.060467,0.003128,1.89363,0.005786,0.020571,0.305369,0.005541,0.212094,0.0001,,,,,lstm
324799,244,-0.069413,0.008617,1.893719,0.00577,0.037741,0.061769,0.007224,0.036285,0.0001,,,,,lstm
324799,244,0.052672,0.005966,1.893799,0.00577,0.028789,0.032581,0.006817,0.017324,0.0001,,,,,lstm
324799,244,0.041612,0.00676,1.893881,0.00577,0.034575,0.072245,0.01483,0.068428,0.0001,,,,,lstm
324799,244,0.109538,0.003706,1.893944,0.00577,0.03098,0.082392,0.019929,0.093596,0.0001,,,,,lstm
324799,244,-0.072764,0.012287,1.893994,0.00577,0.054745,0.153878,0.013049,0.145431,0.0001,,,,,lstm
324799,244,0.085829,0.005621,1.894037,0.00577,0.037869,0.090615,0.020226,0.070773,0.0001,,,,,lstm
324799,244,0.006595,0.004427,1.894074,0.00577,0.032344,0.051987,0.012737,0.060953,0.0001,,,,,lstm
324799,244,0.127733,0.00828,1.894112,0.00577,0.031797,0.062367,0.014581,0.027965,0.0001,,,,,lstm
324799,244,-0.017182,0.005656,1.894125,0.00577,0.029118,0.095862,0.005284,0.114333,0.0001,,,,,lstm
324799,244,0.067358,0.008621,1.894134,0.00577,0.035916,0.054541,0.009374,0.044251,0.0001,,,,,lstm
324799,244,0.024916,0.005782,1.894137,0.00577,0.025851,0.089814,0.002174,0.061577,0.0001,,,,,lstm
324799,244,-0.168917,0.008816,1.89416,0.00577,0.039451,0.220199,0.013959,0.149804,0.0001,,,,,lstm
324799,244,-0.041357,0.006309,1.894162,0.00577,0.025639,0.044854,0.00878,0.025899,0.0001,,,,,lstm
324799,244,0.018934,0.005692,1.894162,0.00577,0.032193,0.039957,0.008842,0.034598,0.0001,,,,,lstm
324799,244,0.072826,0.005406,1.894174,0.00577,0.03451,0.031337,0.009861,0.033883,0.0001,,,,,lstm
324799,244,-0.030913,0.016413,1.894183,0.00577,0.052083,0.163439,0.025543,0.120586,0.0001,,,,,lstm
331300,248,-0.03597,0.007538,1.894186,0.005754,0.032378,0.084036,0.005541,0.048315,0.0001,,,,,lstm
331300,248,-0.021628,0.007278,1.894185,0.005754,0.0311,0.094853,0.004319,0.115747,0.0001,,,,,lstm
331300,248,0.063321,0.004478,1.894176,0.005754,0.024293,0.050219,0.001601,0.053613,0.0001,,,,,lstm
331300,248,0.081097,0.004934,1.894161,0.005754,0.032182,0.098549,0.002512,0.11548,0.0001,,,,,lstm
331300,248,0.138277,0.005175,1.894128,0.005754,0.025333,0.062075,0.002649,0.073088,0.0001,,,,,lstm
331300,248,-0.070583,0.008302,1.894092,0.005754,0.034832,0.10798,0.012362,0.1022,0.0001,,,,,lstm
331300,248,-0.021332,0.006061,1.894055,0.005754,0.034247,0.082638,0.008376,0.061937,0.0001,,,,,lstm
331300,248,-0.129733,0.00317,1.894011,0.005754,0.025482,0.140414,0.014379,0.140298,0.0001,,,,,lstm
331300,248,0.012712,0.006553,1.893965,0.005754,0.03419,0.068547,0.003373,0.087902,0.0001,,,,,lstm
331300,248,0.040611,0.004071,1.893915,0.005754,0.021946,0.051999,0.003995,0.078918,0.0001,,,,,lstm
331300,248,-0.022237,0.007188,1.893863,0.005754,0.024932,0.054311,0.004428,0.047521,0.0001,,,,,lstm
331300,248,-0.042992,0.010304,1.893818,0.005754,0.047909,0.378518,0.010698,0.327425,0.0001,,,,,lstm
331300,248,0.107423,0.004311,1.893801,0.005754,0.027642,0.04254,0.001922,0.030258,0.0001,,,,,lstm
331300,248,0.013234,0.006846,1.893778,0.005754,0.028409,0.093619,0.005075,0.10202,0.0001,,,,,lstm
331300,248,-0.081629,0.008246,1.893747,0.005754,0.039377,0.112946,0.013357,0.161982,0.0001,,,,,lstm
331300,248,-0.084445,0.002638,1.893716,0.005754,0.016398,0.048513,0.009501,0.035819,0.0001,,,,,lstm
337899,252,-0.004892,0.004284,1.893698,0.005738,0.0239,0.030674,0.003739,0.031453,0.0001,,,,,lstm
337899,252,-0.019952,0.006419,1.893683,0.005738,0.029191,0.075653,0.005409,0.054928,0.0001,,,,,lstm
337899,252,0.016938,0.007019,1.893673,0.005738,0.034603,0.154812,0.007846,0.178928,0.0001,,,,,lstm
337899,252,-0.10454,0.005535,1.893652,0.005738,0.028021,0.147948,0.002086,0.058539,0.0001,,,,,lstm
337899,252,0.041739,0.005561,1.893687,0.005738,0.031914,0.108599,0.00662,0.120831,0.0001,,,,,lstm
337899,252,-0.0531,0.006174,1.893716,0.005738,0.028295,0.050203,0.000818,0.035513,0.0001,,,,,lstm
337899,252,-0.006896,0.006162,1.893744,0.005738,0.030945,0.09126,0.002391,0.066726,0.0001,,,,,lstm
337899,252,-0.047895,0.002752,1.893783,0.005738,0.019555,0.049852,0.005618,0.024051,0.0001,,,,,lstm
337899,252,-0.022223,0.004175,1.8938,0.005738,0.028668,0.061992,0.00595,0.046673,0.0001,,,,,lstm
337899,252,0.016545,0.006019,1.893812,0.005738,0.032791,0.07991,0.003485,0.094714,0.0001,,,,,lstm
337899,252,-0.006572,0.005201,1.893821,0.005738,0.028489,0.066561,0.002361,0.038478,0.0001,,,,,lstm
337899,252,-0.069442,0.012706,1.893844,0.005738,0.046676,0.185153,0.00913,0.161844,0.0001,,,,,lstm
337899,252,-0.031391,0.004489,1.893875,0.005738,0.02504,0.085855,0.003696,0.088582,0.0001,,,,,lstm
337899,252,-0.004739,0.006172,1.893914,0.005738,0.031731,0.114308,0.002801,0.150875,0.0001,,,,,lstm
337899,252,0.049,0.005667,1.893944,0.005738,0.026313,0.073798,0.003551,0.065408,0.0001,,,,,lstm
337899,252,-0.173301,0.007662,1.89398,0.005738,0.033957,0.063861,0.012179,0.034391,0.0001,,,,,lstm
344551,256,0.093229,0.006225,1.894012,0.005721,0.027924,0.038766,0.002658,0.034112,0.0001,,,,,lstm
344551,256,0.021915,0.005068,1.894037,0.005721,0.024526,0.074146,0.001722,0.031366,0.0001,,,,,lstm
344551,256,-0.074282,0.009278,1.894066,0.005721,0.034206,0.060854,0.008389,0.052583,0.0001,,,,,lstm
344551,256,0.03897,0.003225,1.894078,0.005721,0.020289,0.089945,0.002735,0.097099,0.0001,,,,,lstm
344551,256,0.012429,0.006841,1.894075,0.005721,0.030776,0.058306,0.003979,0.020978,0.0001,,,,,lstm
344551,256,0.110316,0.004971,1.89405,0.005721,0.024201,0.089845,0.008956,0.084152,0.0001,,,,,lstm
344551,256,-0.023359,0.0074,1.894033,0.005721,0.028676,0.020069,0.005391,0.014399,0.0001,,,,,lstm
344551,256,-0.187753,0.009953,1.894013,0.005721,0.028817,0.182583,0.009232,0.180055,0.0001,,,,,lstm
344551,256,0.155812,0.006641,1.893998,0.005721,0.027525,0.080817,0.01446,0.041874,0.0001,,,,,lstm
344551,256,-0.158644,0.008191,1.893973,0.005721,0.030199,0.050941,0.008302,0.047575,0.0001,,,,,lstm
344551,256,0.001574,0.005094,1.893961,0.005721,0.025863,0.081407,0.003394,0.090437,0.0001,,,,,lstm
344551,256,0.212311,0.006596,1.893939,0.005721,0.023302,0.080244,0.015361,0.073948,0.0001,,,,,lstm
344551,256,-0.018966,0.006673,1.8939,0.005721,0.030596,0.054951,0.004108,0.030253,0.0001,,,,,lstm
344551,256,-0.001789,0.007402,1.893865,0.005721,0.024001,0.067391,0.003481,0.090458,0.0001,,,,,lstm
344551,256,0.096882,0.004899,1.89383,0.005721,0.022084,0.074101,0.006531,0.087558,0.0001,,,,,lstm
344551,256,-0.093184,0.008009,1.893788,0.005721,0.034418,0.108096,0.006435,0.050083,0.0001,,,,,lstm
350873,260,-0.007252,0.004668,1.893725,0.005705,0.027307,0.080577,0.005687,0.092293,0.0001,,,,,lstm
350873,260,0.065279,0.007663,1.893673,0.005705,0.034627,0.06892,0.002494,0.082188,0.0001,,,,,lstm
350873,260,-0.036644,0.005239,1.893622,0.005705,0.028515,0.034688,0.011353,0.029336,0.0001,,,,,lstm
350873,260,-0.173576,0.009779,1.893584,0.005705,0.041512,0.18472,0.028357,0.140542,0.0001,,,,,lstm
350873,260,0.027769,0.003908,1.893583,0.005705,0.027103,0.030813,0.006345,0.025376,0.0001,,,,,lstm
350873,260,-0.044232,0.008919,1.893576,0.005705,0.040211,0.076434,0.011958,0.098573,0.0001,,,,,lstm
350873,260,0.014102,0.005554,1.89358,0.005705,0.023963,0.058995,0.002442,0.053895,0.0001,,,,,lstm
350873,260,0.0524,0.004385,1.893592,0.005705,0.022801,0.091012,0.006008,0.078816,0.0001,,,,,lstm
350873,260,-0.125593,0.006307,1.893586,0.005705,0.028891,0.100946,0.006684,0.137647,0.0001,,,,,lstm
350873,260,0.01556,0.007078,1.893588,0.005705,0.028003,0.065142,0.005807,0.084786,0.0001,,,,,lstm
350873,260,0.053178,0.004226,1.893584,0.005705,0.017665,0.059949,0.006258,0.075785,0.0001,,,,,lstm
350873,260,0.549339,0.011416,1.89358,0.005705,0.053072,0.342008,0.036542,0.405358,0.0001,,,,,lstm
350873,260,-0.06889,0.006579,1.893619,0.005705,0.026179,0.090159,0.003876,0.109154,0.0001,,,,,lstm
350873,260,0.009575,0.004073,1.893664,0.005705,0.022225,0.049177,0.00112,0.049737,0.0001,,,,,lstm
350873,260,0.089139,0.007418,1.89371,0.005705,0.030942,0.08188,0.007655,0.089007,0.0001,,,,,lstm
350873,260,-0.223871,0.005486,1.893739,0.005705,0.022571,0.225265,0.011435,0.23102,0.0001,,,,,lstm
357720,264,-0.041533,0.006066,1.893779,0.005689,0.028474,0.028446,0.008056,0.040288,0.0001,,,,,lstm
357720,264,-0.045628,0.00531,1.893812,0.005689,0.024908,0.0487,0.002027,0.052248,0.0001,,,,,lstm
357720,264,-0.030938,0.003784,1.893846,0.005689,0.025656,0.132497,0.001513,0.205706,0.0001,,,,,lstm
357720,264,0.050683,0.005641,1.893875,0.005689,0.034508,0.161381,0.002115,0.23636,0.0001,,,,,lstm
357720,264,-0.115548,0.004414,1.893911,0.005689,0.026396,0.027229,0.006415,0.027231,0.0001,,,,,lstm
357720,264,0.037551,0.006111,1.893937,0.005689,0.032803,0.030261,0.003785,0.043566,0.0001,,,,,lstm
357720,264,-0.037613,0.004567,1.893961,0.005689,0.025725,0.115842,0.001567,0.165287,0.0001,,,,,lstm
357720,264,0.050537,0.004049,1.893993,0.005689,0.027746,0.239886,0.002148,0.334083,0.0001,,,,,lstm
357720,264,-0.017242,0.005619,1.894054,0.005689,0.027867,0.03162,0.003397,0.017229,0.0001,,,,,lstm
357720,264,-0.03722,0.003989,1.894102,0.005689,0.028978,0.037237,0.006368,0.011665,0.0001,,,,,lstm
357720,264,0.021984,0.005697,1.894153,0.005689,0.037761,0.181649,0.00336,0.251173,0.0001,,,,,lstm
357720,264,-0.186908,0.00353,1.894195,0.005689,0.032229,0.165374,0.014043,0.252029,0.0001,,,,,lstm
357720,264,-0.040051,0.005156,1.894231,0.005689,0.028667,0.021784,0.002701,0.012424,0.0001,,,,,lstm
357720,264,0.03498,0.005764,1.894263,0.005689,0.029258,0.051929,0.004201,0.059201,0.0001,,,,,lstm
357720,264,-0.096345,0.003565,1.894286,0.005689,0.021242,0.039516,0.0014,0.02547,0.0001,,,,,lstm
357720,264,0.019391,0.005995,1.894314,0.005689,0.028675,0.058041,0.008336,0.044456,0.0001,,,,,lstm
364693,268,-0.022788,0.005846,1.89434,0.005673,0.030668,0.075306,0.006207,0.051926,0.0001,,,,,lstm
364693,268,-0.010456,0.006802,1.894375,0.005673,0.027157,0.097614,0.008295,0.134592,0.0001,,,,,lstm
364693,268,-0.025354,0.004474,1.894402,0.005673,0.023696,0.097065,0.005721,0.057281,0.0001,,,,,lstm
364693,268,-0.106264,0.004833,1.894432,0.005673,0.019393,0.07338,0.002923,0.050184,0.0001,,,,,lstm
364693,268,-0.091898,0.005412,1.89446,0.005673,0.023081,0.041527,0.005196,0.042578,0.0001,,,,,lstm
364693,268,0.034894,0.005915,1.894489,0.005673,0.027816,0.065438,0.011666,0.035183,0.0001,,,,,lstm
364693,268,0.00441,0.005734,1.894518,0.005673,0.025725,0.087257,0.011103,0.137391,0.0001,,,,,lstm
364693,268,-0.119743,0.005482,1.894549,0.005673,0.020221,0.024619,0.004315,0.017211,0.0001,,,,,lstm
364693,268,-0.098788,0.004692,1.894579,0.005673,0.021329,0.057156,0.00625,0.06467,0.0001,,,,,lstm
364693,268,-0.067151,0.005411,1.894614,0.005673,0.020994,0.058567,0.007618,0.0702,0.0001,,,,,lstm
364693,268,-0.039124,0.005106,1.894641,0.005673,0.022038,0.038547,0.00802,0.055439,0.0001,,,,,lstm
364693,268,0.248699,0.010198,1.894672,0.005673,0.043631,0.173689,0.025246,0.103131,0.0001,,,,,lstm
364693,268,-0.000992,0.006205,1.894691,0.005673,0.027001,0.072705,0.00903,0.051373,0.0001,,,,,lstm
364693,268,-0.029125,0.005557,1.894709,0.005673,0.024056,0.076383,0.003029,0.100614,0.0001,,,,,lstm
364693,268,0.017876,0.0049,1.894735,0.005673,0.025036,0.089069,0.003194,0.103906,0.0001,,,,,lstm
364693,268,-0.210156,0.004657,1.89474,0.005673,0.019159,0.036656,0.009376,0.026608,0.0001,,,,,lstm
371928,272,-0.027215,0.005723,1.894741,0.005657,0.029171,0.041877,0.000916,0.032521,0.0001,,,,,lstm
371928,272,0.001676,0.004537,1.894751,0.005657,0.026902,0.019176,0.000627,0.020132,0.0001,,,,,lstm
371928,272,-0.026726,0.004693,1.894762,0.005657,0.029123,0.036158,0.00305,0.020335,0.0001,,,,,lstm
371928,272,-0.101435,0.005651,1.894762,0.005657,0.025408,0.080701,0.006491,0.082988,0.0001,,,,,lstm
371928,272,0.039145,0.00597,1.894757,0.005657,0.034248,0.073946,0.002037,0.084782,0.0001,,,,,lstm
371928,272,-0.088973,0.004373,1.894747,0.005657,0.023819,0.03858,0.008183,0.014714,0.0001,,,,,lstm
371928,272,-0.048207,0.005198,1.894727,0.005657,0.032698,0.044922,0.004968,0.062978,0.0001,,,,,lstm
371928,272,-0.014144,0.003927,1.894707,0.005657,0.02643,0.047727,0.006303,0.024362,0.0001,,,,,lstm
371928,272,-0.052138,0.005108,1.894699,0.005657,0.031069,0.054197,0.007455,0.057553,0.0001,,,,,lstm
371928,272,-0.08409,0.005904,1.894679,0.005657,0.032766,0.068567,0.008083,0.047571,0.0001,,,,,lstm
371928,272,-0.007518,0.004076,1.894669,0.005657,0.029122,0.065642,0.00697,0.087159,0.0001,,,,,lstm
371928,272,0.067786,0.005195,1.89466,0.005657,0.033199,0.103645,0.002718,0.137122,0.0001,,,,,lstm
371928,272,0.046314,0.005111,1.894658,0.005657,0.029948,0.04254,0.000772,0.04483,0.0001,,,,,lstm
371928,272,-0.006825,0.005584,1.894654,0.005657,0.02686,0.035392,0.001558,0.014289,0.0001,,,,,lstm
371928,272,-0.080687,0.004584,1.894656,0.005657,0.020652,0.046846,0.001037,0.0294,0.0001,,,,,lstm
371928,272,-0.120742,0.00454,1.894655,0.005657,0.019722,0.113655,0.000383,0.137542,0.0001,,,,,lstm
379102,276,-0.044628,0.004942,1.894648,0.00564,0.024267,0.028566,0.001148,0.04359,0.0001,,,,,lstm
379102,276,-0.028125,0.005569,1.894646,0.00564,0.026346,0.059349,0.001648,0.094183,0.0001,,,,,lstm
379102,276,-0.015613,0.00453,1.894644,0.00564,0.024306,0.045257,0.001327,0.044834,0.0001,,,,,lstm
379102,276,-0.042862,0.006313,1.894651,0.00564,0.028958,0.042121,0.002808,0.047044,0.0001,,,,,lstm
379102,276,0.04069,0.005774,1.894655,0.00564,0.026269,0.066706,0.00526,0.067234,0.0001,,,,,lstm
379102,276,-0.094674,0.005029,1.894665,0.00564,0.023131,0.029967,0.001097,0.03571,0.0001,,,,,lstm
379102,276,-0.031388,0.005382,1.894676,0.00564,0.02536,0.08956,0.002096,0.125201,0.0001,,,,,lstm
379102,276,-0.048117,0.004768,1.89469,0.00564,0.024316,0.09841,0.002834,0.133425,0.0001,,,,,lstm
379102,276,-0.075037,0.006057,1.894706,0.00564,0.020408,0.04094,0.004096,0.055594,0.0001,,,,,lstm
379102,276,-0.052054,0.004851,1.894721,0.00564,0.022347,0.058796,0.005296,0.043881,0.0001,,,,,lstm
379102,276,-0.030686,0.004838,1.894746,0.00564,0.022393,0.070609,0.006901,0.104857,0.0001,,,,,lstm
379102,276,0.092955,0.00598,1.894772,0.00564,0.027138,0.146863,0.013025,0.181063,0.0001,,,,,lstm
379102,276,-0.086908,0.004209,1.894781,0.00564,0.018047,0.036747,0.005012,0.021806,0.0001,,,,,lstm
379102,276,-0.033712,0.005784,1.894791,0.00564,0.023147,0.034764,0.009211,0.024773,0.0001,,,,,lstm
379102,276,-0.026185,0.005189,1.894803,0.00564,0.022169,0.109508,0.008753,0.127776,0.0001,,,,,lstm
379102,276,0.075602,0.007393,1.89482,0.00564,0.029967,0.106523,0.013247,0.149907,0.0001,,,,,lstm
386285,280,-0.076696,0.00379,1.894833,0.005624,0.020854,0.078578,0.001044,0.096337,0.0001,,,,,lstm
386285,280,-0.044733,0.005032,1.89485,0.005624,0.026168,0.079431,0.002226,0.120606,0.0001,,,,,lstm
386285,280,-0.031222,0.005622,1.894872,0.005624,0.030735,0.237891,0.003047,0.355024,0.0001,,,,,lstm
386285,280,0.090753,0.007185,1.894917,0.005624,0.03657,0.401206,0.002675,0.541794,0.0001,,,,,lstm
386285,280,-0.115636,0.004335,1.895013,0.005624,0.026046,0.030286,0.003902,0.013008,0.0001,,,,,lstm
386285,280,-0.03309,0.005202,1.895111,0.005624,0.024403,0.083627,0.003126,0.101286,0.0001,,,,,lstm
386285,280,0.015062,0.005889,1.895218,0.005624,0.025373,0.133609,0.006706,0.049846,0.0001,,,,,lstm
386285,280,0.062852,0.005566,1.895342,0.005624,0.025429,0.13045,0.010418,0.167775,0.0001,,,,,lstm
386285,280,0.077172,0.006806,1.895478,0.005624,0.028092,0.084654,0.013464,0.104236,0.0001,,,,,lstm
386285,280,-0.116384,0.004339,1.89562,0.005624,0.02054,0.062254,0.001807,0.07391,0.0001,,,,,lstm
386285,280,0.026431,0.005951,1.89576,0.005624,0.029366,0.173848,0.007973,0.138882,0.0001,,,,,lstm
386285,280,-0.17208,0.003506,1.895929,0.005624,0.019247,0.097447,0.0035,0.116705,0.0001,,,,,lstm
386285,280,-0.007477,0.005153,1.896103,0.005624,0.023823,0.120217,0.006174,0.15101,0.0001,,,,,lstm
386285,280,-0.126229,0.003858,1.89627,0.005624,0.020819,0.048429,0.001434,0.034055,0.0001,,,,,lstm
386285,280,0.076033,0.007257,1.896425,0.005624,0.031171,0.11942,0.013679,0.135711,0.0001,,,,,lstm
386285,280,-0.083573,0.005135,1.896597,0.005624,0.021726,0.141637,0.002283,0.055326,0.0001,,,,,lstm
393426,284,0.001078,0.005409,1.896799,0.005608,0.026578,0.073174,0.005586,0.091971,0.0001,,,,,lstm
393426,284,0.024849,0.006129,1.896981,0.005608,0.027995,0.063082,0.005841,0.050373,0.0001,,,,,lstm
393426,284,-0.146473,0.005129,1.897157,0.005608,0.023629,0.044158,0.003668,0.035855,0.0001,,,,,lstm
393426,284,0.019098,0.004321,1.897324,0.005608,0.026663,0.097704,0.002222,0.093489,0.0001,,,,,lstm
393426,284,0.051993,0.005192,1.897479,0.005608,0.030168,0.050265,0.004144,0.03898,0.0001,,,,,lstm
393426,284,-0.081267,0.005171,1.897609,0.005608,0.024181,0.063327,0.002225,0.076915,0.0001,,,,,lstm
393426,284,-0.029541,0.005928,1.897736,0.005608,0.026851,0.118304,0.002893,0.116384,0.0001,,,,,lstm
393426,284,-0.104058,0.00437,1.897869,0.005608,0.022776,0.137107,0.00229,0.167103,0.0001,,,,,lstm
393426,284,0.038255,0.0072,1.898006,0.005608,0.029763,0.083549,0.00483,0.096769,0.0001,,,,,lstm
393426,284,-0.073997,0.004416,1.898126,0.005608,0.027496,0.034077,0.00377,0.037943,0.0001,,,,,lstm
393426,284,-0.064205,0.004718,1.898238,0.005608,0.029482,0.066132,0.003399,0.033816,0.0001,,,,,lstm
393426,284,-0.012083,0.004393,1.898354,0.005608,0.029218,0.107782,0.00276,0.124599,0.0001,,,,,lstm
393426,284,0.028218,0.006108,1.898469,0.005608,0.03305,0.04489,0.002579,0.037966,0.0001,,,,,lstm
393426,284,-0.048177,0.005517,1.898586,0.005608,0.035044,0.113592,0.007875,0.150908,0.0001,,,,,lstm
393426,284,-0.088032,0.004072,1.898694,0.005608,0.034194,0.116975,0.01149,0.156807,0.0001,,,,,lstm
393426,284,-0.003368,0.006134,1.898792,0.005608,0.037946,0.088369,0.005317,0.092741,0.0001,,,,,lstm
400613,288,0.026717,0.004918,1.898865,0.005592,0.028207,0.046034,0.001906,0.057051,0.0001,,,,,lstm
400613,288,-0.070827,0.005653,1.898936,0.005592,0.0253,0.026073,0.002211,0.026028,0.0001,,,,,lstm
400613,288,-0.047038,0.006316,1.898996,0.005592,0.031239,0.028971,0.002069,0.013679,0.0001,,,,,lstm
400613,288,-0.018131,0.003368,1.899058,0.005592,0.020203,0.077018,0.002261,0.100831,0.0001,,,,,lstm
400613,288,-0.029795,0.004848,1.899106,0.005592,0.02809,0.081411,0.001484,0.101078,0.0001,,,,,lstm
400613,288,-0.071925,0.004625,1.899138,0.005592,0.025168,0.050225,0.004504,0.039002,0.0001,,,,,lstm
400613,288,-0.002436,0.005557,1.899179,0.005592,0.028099,0.039552,0.00196,0.02986,0.0001,,,,,lstm
400613,288,0.009049,0.006383,1.899204,0.005592,0.03217,0.067461,0.001801,0.039043,0.0001,,,,,lstm
400613,288,-0.072523,0.004913,1.899242,0.005592,0.02678,0.074612,0.007735,0.09374,0.0001,,,,,lstm
400613,288,-0.090781,0.003679,1.899281,0.005592,0.026481,0.109462,0.010066,0.137973,0.0001,,,,,lstm
400613,288,0.078219,0.006922,1.899336,0.005592,0.040826,0.05103,0.002549,0.027399,0.0001,,,,,lstm
400613,288,-0.024284,0.005526,1.899377,0.005592,0.023433,0.049125,0.004049,0.045454,0.0001,,,,,lstm
400613,288,-0.128251,0.004063,1.899423,0.005592,0.021308,0.038479,0.007272,0.037298,0.0001,,,,,lstm
400613,288,0.072186,0.006667,1.89947,0.005592,0.03033,0.113569,0.00551,0.128238,0.0001,,,,,lstm
400613,288,-0.034679,0.00467,1.89949,0.005592,0.022043,0.04373,0.001076,0.045966,0.0001,,,,,lstm
400613,288,-0.015536,0.005011,1.8995,0.005592,0.026656,0.072122,0.003654,0.084685,0.0001,,,,,lstm
407653,292,-0.034771,0.005258,1.899519,0.005576,0.023638,0.089822,0.004038,0.120174,0.0001,,,,,lstm
407653,292,0.05621,0.006289,1.899538,0.005576,0.029342,0.035938,0.007002,0.028182,0.0001,,,,,lstm
407653,292,-0.115339,0.004805,1.899557,0.005576,0.022446,0.165924,0.003254,0.222653,0.0001,,,,,lstm
407653,292,-0.030954,0.003973,1.899587,0.005576,0.024576,0.251448,0.00078,0.316973,0.0001,,,,,lstm
407653,292,-0.029336,0.005151,1.899619,0.005576,0.02518,0.110819,0.003368,0.146097,0.0001,,,,,lstm
407653,292,-0.079743,0.004308,1.899644,0.005576,0.022734,0.050382,0.001408,0.032411,0.0001,,,,,lstm
407653,292,-0.035531,0.005483,1.899683,0.005576,0.021169,0.033198,0.004835,0.039319,0.0001,,,,,lstm
407653,292,0.083713,0.006609,1.899713,0.005576,0.025889,0.167998,0.01173,0.220751,0.0001,,,,,lstm
407653,292,-0.066874,0.004595,1.899746,0.005576,0.019148,0.069494,0.003076,0.096128,0.0001,,,,,lstm
407653,292,-0.022287,0.005995,1.899773,0.005576,0.024145,0.068257,0.005042,0.09148,0.0001,,,,,lstm
407653,292,-0.034138,0.004747,1.899803,0.005576,0.02428,0.062368,0.002319,0.06493,0.0001,,,,,lstm
407653,292,0.034685,0.004907,1.899836,0.005576,0.027381,0.130118,0.002496,0.151326,0.0001,,,,,lstm
407653,292,-0.099511,0.004052,1.899861,0.005576,0.023401,0.113855,0.003904,0.14419,0.0001,,,,,lstm
407653,292,-0.10787,0.004666,1.899891,0.005576,0.021533,0.040225,0.002832,0.042363,0.0001,,,,,lstm
407653,292,-0.05129,0.004302,1.899925,0.005576,0.021235,0.039665,0.00127,0.033561,0.0001,,,,,lstm
407653,292,0.337421,0.010408,1.899957,0.005576,0.044753,0.169637,0.022924,0.203487,0.0001,,,,,lstm
414405,296,-0.044791,0.00592,1.899968,0.005559,0.021862,0.049044,0.004358,0.025492,0.0001,,,,,lstm
414405,296,0.034382,0.005467,1.89998,0.005559,0.019543,0.052555,0.001309,0.034799,0.0001,,,,,lstm
414405,296,0.039212,0.005227,1.900001,0.005559,0.023845,0.1141,0.003447,0.067523,0.0001,,,,,lstm
414405,296,-0.052638,0.007358,1.900018,0.005559,0.033016,0.08941,0.006483,0.040484,0.0001,,,,,lstm
414405,296,-0.001638,0.005046,1.9,0.005559,0.018665,0.084733,0.002342,0.076191,0.0001,,,,,lstm
414405,296,0.035096,0.006981,1.899995,0.005559,0.028391,0.070939,0.007962,0.039001,0.0001,,,,,lstm
414405,296,-0.024628,0.005702,1.899991,0.005559,0.025378,0.04754,0.005244,0.049633,0.0001,,,,,lstm
414405,296,0.016698,0.005689,1.899977,0.005559,0.021372,0.057948,0.011723,0.057974,0.0001,,,,,lstm
414405,296,0.044692,0.00423,1.89997,0.005559,0.024144,0.052842,0.013417,0.045664,0.0001,,,,,lstm
414405,296,-0.071038,0.00575,1.899968,0.005559,0.028006,0.032121,0.009498,0.032115,0.0001,,,,,lstm
414405,296,0.073905,0.006484,1.899968,0.005559,0.028058,0.057948,0.018401,0.059938,0.0001,,,,,lstm
414405,296,-0.107032,0.012632,1.89996,0.005559,0.037783,0.105618,0.005641,0.065159,0.0001,,,,,lstm
414405,296,0.074613,0.006964,1.899961,0.005559,0.030646,0.061439,0.013992,0.051013,0.0001,,,,,lstm
414405,296,-0.003653,0.006371,1.899948,0.005559,0.025047,0.056002,0.007918,0.043404,0.0001,,,,,lstm
414405,296,-0.081284,0.004493,1.899942,0.005559,0.018478,0.024434,0.000665,0.017627,0.0001,,,,,lstm
414405,296,0.089344,0.00467,1.899941,0.005559,0.017562,0.038212,0.004386,0.033684,0.0001,,,,,lstm
420827,300,0.024806,0.004493,1.89995,0.005543,0.018283,0.045869,0.005479,0.053292,0.0001,,,,,lstm
420827,300,-0.026538,0.007878,1.899965,0.005543,0.031651,0.078164,0.013032,0.084746,0.0001,,,,,lstm
420827,300,0.059799,0.007164,1.899992,0.005543,0.035069,0.072523,0.008955,0.041749,0.0001,,,,,lstm
420827,300,0.008195,0.003166,1.900007,0.005543,0.028262,0.150566,0.01295,0.147384,0.0001,,,,,lstm
420827,300,0.047439,0.004342,1.900024,0.005543,0.029052,0.101058,0.012862,0.118585,0.0001,,,,,lstm
420827,300,-0.068014,0.007632,1.900027,0.005543,0.040134,0.063681,0.020779,0.046717,0.0001,,,,,lstm
420827,300,0.057533,0.006059,1.900046,0.005543,0.031696,0.025046,0.011908,0.018771,0.0001,,,,,lstm
420827,300,0.168809,0.01421,1.900069,0.005543,0.032386,0.048486,0.00385,0.01977,0.0001,,,,,lstm
420827,300,0.065062,0.004892,1.900102,0.005543,0.027155,0.088452,0.005914,0.089246,0.0001,,,,,lstm
420827,300,0.023838,0.00446,1.900125,0.005543,0.019828,0.026765,0.006436,0.018345,0.0001,,,,,lstm
420827,300,-0.031526,0.009919,1.90015,0.005543,0.03387,0.116836,0.010232,0.154291,0.0001,,,,,lstm
420827,300,0.01936,0.002218,1.900183,0.005543,0.010346,0.015285,0.001835,0.013264,0.0001,,,,,lstm
420827,300,-0.043587,0.007409,1.900211,0.005543,0.027601,0.070823,0.008054,0.068524,0.0001,,,,,lstm
420827,300,0.164153,0.005653,1.900242,0.005543,0.025983,0.052821,0.008065,0.049801,0.0001,,,,,lstm
420827,300,-0.059253,0.006363,1.900261,0.005543,0.026755,0.064129,0.004759,0.049691,0.0001,,,,,lstm
420827,300,0.006684,0.002497,1.900292,0.005543,0.014942,0.052443,0.003341,0.030583,0.0001,,,,,lstm
427796,304,0.003297,0.004763,1.900317,0.005527,0.022764,0.038486,0.006575,0.036028,0.0001,,,,,lstm
427796,304,0.009579,0.006356,1.900336,0.005527,0.025673,0.089147,0.009319,0.098691,0.0001,,,,,lstm
427796,304,-0.119343,0.00394,1.900344,0.005527,0.019116,0.042382,0.002349,0.053226,0.0001,,,,,lstm
427796,304,0.004523,0.006068,1.900355,0.005527,0.024145,0.067393,0.006944,0.046243,0.0001,,,,,lstm
427796,304,-0.040337,0.004393,1.900345,0.005527,0.023286,0.028634,0.003526,0.028885,0.0001,,,,,lstm
427796,304,0.016735,0.006677,1.900327,0.005527,0.028099,0.115898,0.005661,0.139467,0.0001,,,,,lstm
427796,304,-0.055934,0.005079,1.9003,0.005527,0.022429,0.052757,0.003286,0.032931,0.0001,,,,,lstm
427796,304,-0.055264,0.003467,1.900265,0.005527,0.020517,0.055941,0.002462,0.055748,0.0001,,,,,lstm
427796,304,-0.08636,0.004605,1.900231,0.005527,0.021985,0.045331,0.002092,0.020229,0.0001,,,,,lstm
427796,304,-0.088408,0.004133,1.900204,0.005527,0.02034,0.067964,0.001314,0.086183,0.0001,,,,,lstm
427796,304,0.045658,0.006501,1.900183,0.005527,0.028139,0.085701,0.006539,0.042472,0.0001,,,,,lstm
427796,304,0.061587,0.004453,1.900142,0.005527,0.022958,0.109028,0.004726,0.14002,0.0001,,,,,lstm
427796,304,0.003922,0.005124,1.900096,0.005527,0.027189,0.038272,0.001724,0.025521,0.0001,,,,,lstm
427796,304,0.020228,0.006144,1.900041,0.005527,0.033006,0.086395,0.003466,0.07828,0.0001,,,,,lstm
427796,304,-0.080418,0.00418,1.899973,0.005527,0.028842,0.111711,0.010155,0.141556,0.0001,,,,,lstm
427796,304,-0.11046,0.003349,1.899907,0.005527,0.025652,0.082513,0.012359,0.076972,0.0001,,,,,lstm
434767,308,-0.057736,0.004589,1.899856,0.005511,0.019839,0.074533,0.002297,0.042822,0.0001,,,,,lstm
434767,308,0.006237,0.005055,1.899798,0.005511,0.022128,0.096341,0.005512,0.115018,0.0001,,,,,lstm
434767,308,0.01572,0.005407,1.899746,0.005511,0.023083,0.050528,0.008889,0.02055,0.0001,,,,,lstm
434767,308,-0.153278,0.00416,1.899687,0.005511,0.02114,0.083726,0.004478,0.032501,0.0001,,,,,lstm
434767,308,0.026242,0.005515,1.899634,0.005511,0.022948,0.084555,0.013104,0.099379,0.0001,,,,,lstm
434767,308,-0.096406,0.004955,1.899574,0.005511,0.018563,0.042387,0.008233,0.054085,0.0001,,,,,lstm
434767,308,0.022855,0.005465,1.89952,0.005511,0.023997,0.103274,0.013648,0.111274,0.0001,,,,,lstm
434767,308,-0.126159,0.003349,1.899455,0.005511,0.015664,0.076217,0.00474,0.056961,0.0001,,,,,lstm
434767,308,-0.04545,0.005514,1.899378,0.005511,0.021943,0.066639,0.00687,0.050079,0.0001,,,,,lstm
434767,308,-0.009103,0.004695,1.899301,0.005511,0.020832,0.053791,0.005618,0.06344,0.0001,,,,,lstm
434767,308,-0.051227,0.005167,1.899239,0.005511,0.021716,0.088337,0.004555,0.099592,0.0001,,,,,lstm
434767,308,0.0104,0.004431,1.899169,0.005511,0.021774,0.047311,0.006276,0.027808,0.0001,,,,,lstm
434767,308,-0.054195,0.004533,1.899092,0.005511,0.020755,0.046812,0.003293,0.048904,0.0001,,,,,lstm
434767,308,-0.06804,0.004837,1.899018,0.005511,0.018969,0.052372,0.004829,0.055669,0.0001,,,,,lstm
434767,308,0.003877,0.00473,1.898953,0.005511,0.019522,0.033544,0.008004,0.029504,0.0001,,,,,lstm
434767,308,0.045052,0.0076,1.898885,0.005511,0.028357,0.133438,0.012421,0.086567,0.0001,,,,,lstm
441695,312,0.003837,0.005495,1.898775,0.005495,0.022807,0.108028,0.00333,0.053062,0.0001,,,,,lstm
441695,312,0.002002,0.004663,1.898661,0.005495,0.024236,0.078498,0.002917,0.086342,0.0001,,,,,lstm
441695,312,-0.025131,0.004423,1.898556,0.005495,0.023723,0.060223,0.006488,0.03145,0.0001,,,,,lstm
441695,312,0.131683,0.011656,1.898456,0.005495,0.039323,0.104465,0.005914,0.109546,0.0001,,,,,lstm
441695,312,0.034863,0.004905,1.898352,0.005495,0.025101,0.048425,0.004326,0.039773,0.0001,,,,,lstm
441695,312,-0.071448,0.00621,1.898257,0.005495,0.029243,0.061255,0.013917,0.032848,0.0001,,,,,lstm
441695,312,0.053264,0.004486,1.898159,0.005495,0.026608,0.064498,0.00657,0.043937,0.0001,,,,,lstm
441695,312,0.0391,0.008535,1.898065,0.005495,0.035998,0.168672,0.011339,0.095722,0.0001,,,,,lstm
441695,312,-0.05494,0.00636,1.897964,0.005495,0.032944,0.069352,0.016342,0.049981,0.0001,,,,,lstm
441695,312,0.014716,0.003972,1.897863,0.005495,0.030118,0.038683,0.012329,0.033196,0.0001,,,,,lstm
441695,312,-0.008627,0.005918,1.897764,0.005495,0.034314,0.031755,0.016374,0.031164,0.0001,,,,,lstm
441695,312,0.208686,0.007241,1.89767,0.005495,0.036538,0.238811,0.004534,0.194288,0.0001,,,,,lstm
441695,312,-0.024304,0.003729,1.897603,0.005495,0.027906,0.045777,0.015195,0.029546,0.0001,,,,,lstm
441695,312,0.153703,0.005786,1.897543,0.005495,0.032343,0.059398,0.005036,0.031298,0.0001,,,,,lstm
441695,312,-0.041878,0.007897,1.897465,0.005495,0.037168,0.06358,0.014353,0.063974,0.0001,,,,,lstm
441695,312,-0.137992,0.004604,1.8974,0.005495,0.029193,0.087945,0.0147,0.073707,0.0001,,,,,lstm
448405,316,-0.032603,0.004155,1.897351,0.005478,0.018188,0.040526,0.004298,0.031108,0.0001,,,,,lstm
448405,316,-0.036701,0.006994,1.897316,0.005478,0.028182,0.09716,0.004512,0.095682,0.0001,,,,,lstm
448405,316,-0.035105,0.005349,1.897288,0.005478,0.020814,0.06908,0.004506,0.072767,0.0001,,,,,lstm
448405,316,0.369315,0.008837,1.897258,0.005478,0.040251,0.12652,0.025253,0.133814,0.0001,,,,,lstm
448405,316,-0.009214,0.006741,1.897195,0.005478,0.025237,0.061361,0.003579,0.056958,0.0001,,,,,lstm
448405,316,0.129468,0.006332,1.897126,0.005478,0.027947,0.141261,0.011267,0.158485,0.0001,,,,,lstm
448405,316,-0.097497,0.004744,1.897053,0.005478,0.02375,0.082425,0.002266,0.095723,0.0001,,,,,lstm
448405,316,-0.062581,0.006427,1.896991,0.005478,0.021675,0.071235,0.004011,0.041415,0.0001,,,,,lstm
448405,316,0.088793,0.006676,1.896952,0.005478,0.025486,0.049264,0.010787,0.052184,0.0001,,,,,lstm
448405,316,-0.054028,0.006867,1.896911,0.005478,0.028553,0.073568,0.003292,0.089028,0.0001,,,,,lstm
448405,316,-0.070083,0.004776,1.896883,0.005478,0.02037,0.027365,0.002584,0.019393,0.0001,,,,,lstm
448405,316,0.139809,0.003747,1.896847,0.005478,0.024319,0.105893,0.010655,0.073904,0.0001,,,,,lstm
448405,316,0.038164,0.005716,1.896813,0.005478,0.025567,0.053598,0.004308,0.039639,0.0001,,,,,lstm
448405,316,0.035366,0.004636,1.896771,0.005478,0.023043,0.061516,0.002958,0.04367,0.0001,,,,,lstm
448405,316,-0.11547,0.00645,1.896723,0.005478,0.029164,0.086804,0.008687,0.082768,0.0001,,,,,lstm
448405,316,0.169405,0.00751,1.896692,0.005478,0.024049,0.12375,0.0076,0.061787,0.0001,,,,,lstm
455223,320,0.045919,0.005598,1.896653,0.005462,0.025035,0.0359,0.00827,0.044581,0.0001,,,,,lstm
455223,320,0.000988,0.005039,1.896617,0.005462,0.02574,0.091997,0.004441,0.033743,0.0001,,,,,lstm
455223,320,-0.163368,0.003547,1.896611,0.005462,0.018699,0.040071,0.005376,0.028919,0.0001,,,,,lstm
455223,320,0.051943,0.006536,1.896614,0.005462,0.026708,0.052774,0.004562,0.028493,0.0001,,,,,lstm
455223,320,-0.061366,0.004591,1.896617,0.005462,0.022966,0.038104,0.00282,0.041263,0.0001,,,,,lstm
455223,320,-0.081289,0.004235,1.896627,0.005462,0.022696,0.051378,0.003441,0.058075,0.0001,,,,,lstm
455223,320,-0.018138,0.004717,1.896638,0.005462,0.025921,0.185959,0.001652,0.237389,0.0001,,,,,lstm
455223,320,0.175785,0.006587,1.896654,0.005462,0.035008,0.135601,0.006679,0.157205,0.0001,,,,,lstm
455223,320,-0.033167,0.004511,1.896698,0.005462,0.027801,0.09289,0.003553,0.054441,0.0001,,,,,lstm
455223,320,-0.038694,0.004649,1.896764,0.005462,0.024999,0.017259,0.003885,0.012942,0.0001,,,,,lstm
455223,320,0.041271,0.005762,1.896818,0.005462,0.02799,0.035717,0.001224,0.010804,0.0001,,,,,lstm
455223,320,-0.19583,0.002657,1.896876,0.005462,0.02158,0.071391,0.011282,0.049751,0.0001,,,,,lstm
455223,320,0.002862,0.004336,1.896932,0.005462,0.02503,0.090713,0.001796,0.085704,0.0001,,,,,lstm
455223,320,-0.131824,0.004213,1.896998,0.005462,0.024839,0.02756,0.00802,0.015333,0.0001,,,,,lstm
455223,320,0.027559,0.006203,1.897053,0.005462,0.030981,0.047409,0.001126,0.032728,0.0001,,,,,lstm
455223,320,0.00661,0.003427,1.897119,0.005462,0.022911,0.07622,0.002626,0.072525,0.0001,,,,,lstm
462037,324,-0.060022,0.004694,1.897196,0.005446,0.022372,0.05252,0.001015,0.068142,0.0001,,,,,lstm
462037,324,-0.118522,0.002913,1.897272,0.005446,0.014336,0.041724,0.002641,0.0334,0.0001,,,,,lstm
462037,324,0.108383,0.007583,1.897335,0.005446,0.029142,0.122768,0.012102,0.082804,0.0001,,,,,lstm
462037,324,-0.085196,0.003381,1.897383,0.005446,0.016839,0.088339,0.001563,0.087794,0.0001,,,,,lstm
462037,324,0.002739,0.005668,1.897436,0.005446,0.022888,0.09092,0.006099,0.112761,0.0001,,,,,lstm
462037,324,-0.030967,0.005351,1.897478,0.005446,0.021209,0.054547,0.002593,0.043194,0.0001,,,,,lstm
462037,324,-0.030271,0.003532,1.897519,0.005446,0.021152,0.038752,0.000825,0.040065,0.0001,,,,,lstm
462037,324,-0.127663,0.004376,1.897556,0.005446,0.021554,0.082526,0.005387,0.088932,0.0001,,,,,lstm
462037,324,-0.033351,0.005569,1.897587,0.005446,0.025552,0.043044,0.002586,0.033113,0.0001,,,,,lstm
462037,324,-0.050146,0.004337,1.897613,0.005446,0.025851,0.057581,0.005552,0.07249,0.0001,,,,,lstm
462037,324,-0.025276,0.004272,1.897632,0.005446,0.025151,0.039331,0.005541,0.019792,0.0001,,,,,lstm
462037,324,0.021284,0.004834,1.897646,0.005446,0.033008,0.049356,0.00395,0.033504,0.0001,,,,,lstm
462037,324,-0.088894,0.003596,1.897644,0.005446,0.023002,0.034594,0.009699,0.017707,0.0001,,,,,lstm
462037,324,-0.00533,0.004814,1.897649,0.005446,0.029847,0.036459,0.005536,0.019136,0.0001,,,,,lstm
462037,324,-0.023734,0.005138,1.897645,0.005446,0.030625,0.048266,0.005453,0.053074,0.0001,,,,,lstm
462037,324,0.051559,0.006456,1.897633,0.005446,0.028613,0.109972,0.001092,0.063928,0.0001,,,,,lstm
468722,328,-0.076798,0.004861,1.89761,0.00543,0.021658,0.057689,0.001191,0.033535,0.0001,,,,,lstm
468722,328,0.0281,0.005819,1.897581,0.00543,0.023343,0.070146,0.005383,0.047254,0.0001,,,,,lstm
468722,328,-0.036485,0.003379,1.897552,0.00543,0.020639,0.051663,0.00183,0.043665,0.0001,,,,,lstm
468722,328,-0.055914,0.004931,1.897517,0.00543,0.026168,0.101008,0.003076,0.058987,0.0001,,,,,lstm
468722,328,0.055726,0.005707,1.897491,0.00543,0.027982,0.088637,0.002401,0.061237,0.0001,,,,,lstm
468722,328,-0.033347,0.004999,1.897452,0.00543,0.02784,0.061799,0.004832,0.082971,0.0001,,,,,lstm
468722,328,-0.098619,0.002967,1.897407,0.00543,0.022405,0.105732,0.009672,0.132282,0.0001,,,,,lstm
468722,328,-0.084533,0.006441,1.897381,0.00543,0.031462,0.131198,0.00676,0.138967,0.0001,,,,,lstm
468722,328,-0.0271,0.003534,1.897367,0.00543,0.019623,0.057594,0.002024,0.046513,0.0001,,,,,lstm
468722,328,-0.05232,0.004839,1.897349,0.00543,0.025101,0.058584,0.001029,0.054708,0.0001,,,,,lstm
468722,328,-0.031265,0.005004,1.897328,0.00543,0.021948,0.084662,0.001374,0.078646,0.0001,,,,,lstm
468722,328,0.042771,0.005992,1.897303,0.00543,0.023923,0.119269,0.002679,0.047132,0.0001,,,,,lstm
468722,328,-0.02124,0.003941,1.897277,0.00543,0.021935,0.074726,0.001274,0.071659,0.0001,,,,,lstm
468722,328,-0.073616,0.003827,1.897238,0.00543,0.020208,0.109948,0.003567,0.130342,0.0001,,,,,lstm
468722,328,0.010463,0.006194,1.897203,0.00543,0.027999,0.049056,0.001137,0.023407,0.0001,,,,,lstm
468722,328,-0.051639,0.003117,1.897166,0.00543,0.021585,0.047185,0.006805,0.025913,0.0001,,,,,lstm
475091,332,0.015498,0.005375,1.897146,0.005414,0.024305,0.086021,0.002996,0.059814,0.0001,,,,,lstm
475091,332,0.052661,0.005631,1.897133,0.005414,0.026286,0.046338,0.002053,0.02193,0.0001,,,,,lstm
475091,332,-0.031949,0.006885,1.897132,0.005414,0.031992,0.127026,0.010033,0.103888,0.0001,,,,,lstm
475091,332,-0.101706,0.003828,1.897135,0.005414,0.018655,0.03948,0.011299,0.029277,0.0001,,,,,lstm
475091,332,0.032458,0.005951,1.897138,0.005414,0.029275,0.145025,0.001963,0.167926,0.0001,,,,,lstm
475091,332,0.011115,0.004744,1.897148,0.005414,0.021375,0.08487,0.002669,0.06918,0.0001,,,,,lstm
475091,332,-0.021378,0.007701,1.897162,0.005414,0.02805,0.054253,0.002746,0.057979,0.0001,,,,,lstm
475091,332,0.008787,0.003205,1.897177,0.005414,0.018247,0.085697,0.009805,0.060798,0.0001,,,,,lstm
475091,332,0.072511,0.006181,1.897208,0.005414,0.028177,0.039623,0.015371,0.014685,0.0001,,,,,lstm
475091,332,-0.014681,0.004695,1.897237,0.005414,0.025374,0.055588,0.010546,0.045689,0.0001,,,,,lstm
475091,332,-0.046422,0.008187,1.897274,0.005414,0.030693,0.05859,0.006782,0.054547,0.0001,,,,,lstm
475091,332,0.102536,0.004052,1.897309,0.005414,0.02423,0.10172,0.016414,0.081084,0.0001,,,,,lstm
475091,332,-0.090527,0.005968,1.897352,0.005414,0.024247,0.061105,0.003668,0.05277,0.0001,,,,,lstm
475091,332,-0.000918,0.006234,1.897396,0.005414,0.031238,0.072482,0.008913,0.061678,0.0001,,,,,lstm
475091,332,0.116223,0.007021,1.897428,0.005414,0.027268,0.075905,0.015177,0.063554,0.0001,,,,,lstm
475091,332,0.020673,0.002954,1.897461,0.005414,0.013945,0.038377,0.008393,0.028662,0.0001,,,,,lstm
481659,336,-0.031887,0.005688,1.897496,0.005397,0.020576,0.034275,0.004571,0.032624,0.0001,,,,,lstm
481659,336,-0.077268,0.004923,1.897533,0.005397,0.023192,0.065045,0.000968,0.047212,0.0001,,,,,lstm
481659,336,0.043632,0.004217,1.897563,0.005397,0.020093,0.059431,0.001599,0.072846,0.0001,,,,,lstm
481659,336,-0.123386,0.002601,1.89759,0.005397,0.015857,0.028073,0.009369,0.021161,0.0001,,,,,lstm
481659,336,-0.040249,0.004689,1.897615,0.005397,0.025357,0.044478,0.005591,0.018007,0.0001,,,,,lstm
481659,336,-0.047184,0.003965,1.897637,0.005397,0.025284,0.067108,0.007493,0.069036,0.0001,,,,,lstm
481659,336,0.023352,0.005525,1.897656,0.005397,0.028387,0.079267,0.006225,0.100787,0.0001,,,,,lstm
481659,336,-0.119866,0.003155,1.897675,0.005397,0.027051,0.11853,0.015159,0.118219,0.0001,,,,,lstm
481659,336,-0.056077,0.004284,1.897676,0.005397,0.028342,0.017282,0.013219,0.012519,0.0001,,,,,lstm
481659,336,0.074753,0.005802,1.897673,0.005397,0.035954,0.094653,0.006835,0.122906,0.0001,,,,,lstm
481659,336,-0.091849,0.003789,1.897673,0.005397,0.029796,0.016067,0.016098,0.019835,0.0001,,,,,lstm
481659,336,-0.079612,0.004747,1.897678,0.005397,0.037509,0.111951,0.014012,0.019042,0.0001,,,,,lstm
481659,336,-0.041918,0.004641,1.897684,0.005397,0.031537,0.046823,0.012749,0.057498,0.0001,,,,,lstm
481659,336,-0.046645,0.004672,1.897687,0.005397,0.030629,0.046003,0.011718,0.059989,0.0001,,,,,lstm
481659,336,-0.030691,0.004399,1.897689,0.005397,0.024796,0.057451,0.008333,0.040247,0.0001,,,,,lstm
481659,336,0.123638,0.005993,1.897698,0.005397,0.034666,0.105463,0.004196,0.117783,0.0001,,,,,lstm
488141,340,0.023864,0.006016,1.897714,0.005381,0.025822,0.129641,0.007589,0.11513,0.0001,,,,,lstm
488141,340,-0.0761,0.004229,1.897715,0.005381,0.017632,0.090015,0.005257,0.102601,0.0001,,,,,lstm
488141,340,-0.010652,0.00378,1.897715,0.005381,0.019682,0.038538,0.011147,0.022727,0.0001,,,,,lstm
488141,340,-0.160254,0.005614,1.897717,0.005381,0.015386,0.090106,0.008947,0.065963,0.0001,,,,,lstm
488141,340,0.010899,0.005044,1.897719,0.005381,0.02653,0.186223,0.018459,0.233577,0.0001,,,,,lstm
488141,340,-0.010334,0.003961,1.897722,0.005381,0.023409,0.038125,0.015786,0.034962,0.0001,,,,,lstm
488141,340,-0.079801,0.006479,1.897714,0.005381,0.02055,0.070639,0.013229,0.068127,0.0001,,,,,lstm
488141,340,-0.063725,0.003071,1.897699,0.005381,0.01655,0.048681,0.009489,0.025493,0.0001,,,,,lstm
488141,340,0.066876,0.004824,1.897684,0.005381,0.023493,0.094939,0.014492,0.063798,0.0001,,,,,lstm
488141,340,-0.120283,0.005306,1.897662,0.005381,0.016885,0.075937,0.005555,0.096072,0.0001,,,,,lstm
488141,340,-0.031485,0.004126,1.897642,0.005381,0.01894,0.060493,0.008027,0.067064,0.0001,,,,,lstm
488141,340,-0.031066,0.006417,1.897612,0.005381,0.019715,0.238874,0.009277,0.095077,0.0001,,,,,lstm
488141,340,-0.114724,0.004355,1.897617,0.005381,0.014903,0.082118,0.003242,0.106259,0.0001,,,,,lstm
488141,340,0.032094,0.005417,1.897626,0.005381,0.022574,0.143494,0.007091,0.182676,0.0001,,,,,lstm
488141,340,-0.010305,0.004292,1.897617,0.005381,0.022506,0.10424,0.001173,0.117164,0.0001,,,,,lstm
488141,340,0.02345,0.003274,1.897604,0.005381,0.024476,0.154929,0.005358,0.190722,0.0001,,,,,lstm
494655,344,-0.033855,0.004597,1.897599,0.005365,0.02415,0.050312,0.000755,0.038508,0.0001,,,,,lstm
494655,344,-0.06058,0.004161,1.897604,0.005365,0.023106,0.03306,0.004294,0.022817,0.0001,,,,,lstm
494655,344,-0.074224,0.004462,1.897598,0.005365,0.020972,0.059635,0.006191,0.068292,0.0001,,,,,lstm
494655,344,0.396115,0.01044,1.897594,0.005365,0.043616,0.454248,0.020361,0.464421,0.0001,,,,,lstm
494655,344,-0.034659,0.00497,1.897659,0.005365,0.031435,0.19305,0.009005,0.244102,0.0001,,,,,lstm
494655,344,-0.059295,0.004549,1.897725,0.005365,0.030285,0.094072,0.013309,0.1148,0.0001,,,,,lstm
494655,344,0.008786,0.005252,1.897796,0.005365,0.035615,0.093485,0.010046,0.109982,0.0001,,,,,lstm
494655,344,-0.04097,0.003364,1.897847,0.005365,0.027974,0.094123,0.010807,0.09235,0.0001,,,,,lstm
494655,344,-0.000255,0.005813,1.897895,0.005365,0.030598,0.055372,0.004253,0.059454,0.0001,,,,,lstm
494655,344,0.00901,0.004509,1.897937,0.005365,0.023603,0.144825,0.002,0.182587,0.0001,,,,,lstm
494655,344,-0.081663,0.004006,1.897972,0.005365,0.021584,0.175319,0.004662,0.205859,0.0001,,,,,lstm
494655,344,-0.109736,0.002644,1.898027,0.005365,0.014916,0.053018,0.006889,0.036883,0.0001,,,,,lstm
494655,344,0.010059,0.006684,1.898082,0.005365,0.028167,0.064547,0.002334,0.048749,0.0001,,,,,lstm
494655,344,-0.020731,0.003968,1.898143,0.005365,0.02052,0.037706,0.002449,0.013561,0.0001,,,,,lstm
494655,344,-0.058429,0.00387,1.898189,0.005365,0.021348,0.103678,0.003181,0.103621,0.0001,,,,,lstm
494655,344,-0.105637,0.002698,1.898241,0.005365,0.016808,0.083458,0.006667,0.03214,0.0001,,,,,lstm
501014,348,-0.116115,0.004112,1.898282,0.005349,0.017383,0.024469,0.001801,0.012012,0.0001,,,,,lstm
501014,348,-0.109321,0.005022,1.89832,0.005349,0.020841,0.03872,0.001548,0.0409,0.0001,,,,,lstm
501014,348,0.094662,0.006053,1.898354,0.005349,0.027027,0.092176,0.008812,0.052533,0.0001,,,,,lstm
501014,348,0.263198,0.005404,1.898395,0.005349,0.027296,0.158084,0.013979,0.145211,0.0001,,,,,lstm
501014,348,-0.038652,0.005438,1.898444,0.005349,0.024023,0.089712,0.003051,0.064828,0.0001,,,,,lstm
501014,348,-0.114768,0.004326,1.898498,0.005349,0.013877,0.013403,0.001728,0.015191,0.0001,,,,,lstm
501014,348,0.071498,0.005801,1.898549,0.005349,0.02692,0.030265,0.010069,0.034453,0.0001,,,,,lstm
501014,348,-0.161387,0.003196,1.898594,0.005349,0.015486,0.071579,0.000527,0.031827,0.0001,,,,,lstm
501014,348,0.031196,0.007243,1.89863,0.005349,0.022757,0.051086,0.01106,0.044375,0.0001,,,,,lstm
501014,348,-0.083628,0.003716,1.898665,0.005349,0.017165,0.079662,0.00566,0.064093,0.0001,,,,,lstm
501014,348,-0.026659,0.00476,1.898706,0.005349,0.018396,0.097436,0.007609,0.112334,0.0001,,,,,lstm
501014,348,-0.157114,0.002416,1.898753,0.005349,0.010662,0.062934,0.00131,0.048523,0.0001,,,,,lstm
501014,348,-0.145784,0.003461,1.898784,0.005349,0.014969,0.024628,0.001852,0.016882,0.0001,,,,,lstm
501014,348,0.015504,0.00599,1.898812,0.005349,0.023347,0.043815,0.004572,0.052923,0.0001,,,,,lstm
501014,348,0.025114,0.005412,1.898839,0.005349,0.02293,0.101618,0.002953,0.058284,0.0001,,,,,lstm
501014,348,0.075183,0.005886,1.898876,0.005349,0.034053,0.326201,0.003789,0.224966,0.0001,,,,,lstm
507433,352,0.068552,0.006314,1.898948,0.005333,0.027878,0.10158,0.005392,0.123197,0.0001,,,,,lstm
507433,352,-0.048239,0.004788,1.899008,0.005333,0.021269,0.067498,0.004532,0.041539,0.0001,,,,,lstm
507433,352,-0.094211,0.003899,1.899053,0.005333,0.022658,0.161523,0.009041,0.197544,0.0001,,,,,lstm
507433,352,-0.252406,0.003165,1.899098,0.005333,0.021342,0.157046,0.015953,0.187578,0.0001,,,,,lstm
507433,352,-0.094146,0.004724,1.899144,0.005333,0.019095,0.064359,0.005011,0.060829,0.0001,,,,,lstm
507433,352,-0.025177,0.005364,1.899176,0.005333,0.023755,0.089586,0.002474,0.097785,0.0001,,,,,lstm
507433,352,0.021185,0.005186,1.899192,0.005333,0.019686,0.082829,0.006487,0.078209,0.0001,,,,,lstm
507433,352,-0.071447,0.002854,1.899212,0.005333,0.012506,0.039072,0.002717,0.043968,0.0001,,,,,lstm
507433,352,-0.093285,0.004739,1.899231,0.005333,0.015444,0.087081,0.005282,0.099252,0.0001,,,,,lstm
507433,352,0.029651,0.005756,1.899241,0.005333,0.020711,0.025721,0.012551,0.020986,0.0001,,,,,lstm
507433,352,-0.018011,0.005141,1.899241,0.005333,0.018517,0.060337,0.00991,0.050043,0.0001,,,,,lstm
507433,352,-0.187333,0.002882,1.899245,0.005333,0.009983,0.046822,0.001803,0.020715,0.0001,,,,,lstm
507433,352,-0.052098,0.003811,1.899262,0.005333,0.017328,0.023823,0.006082,0.015765,0.0001,,,,,lstm
507433,352,-0.00909,0.005452,1.899277,0.005333,0.018235,0.091165,0.007125,0.107475,0.0001,,,,,lstm
507433,352,-0.061606,0.004896,1.899291,0.005333,0.016105,0.016264,0.001135,0.011878,0.0001,,,,,lstm
507433,352,0.099856,0.010307,1.899301,0.005333,0.026081,0.200371,0.008389,0.092052,0.0001,,,,,lstm
513788,356,0.058322,0.006014,1.899272,0.005316,0.025709,0.095039,0.006564,0.053266,0.0001,,,,,lstm
513788,356,-0.088273,0.0043,1.899236,0.005316,0.021386,0.038778,0.003145,0.016176,0.0001,,,,,lstm
513788,356,-0.039203,0.005106,1.899201,0.005316,0.022007,0.035916,0.00219,0.033446,0.0001,,,,,lstm
513788,356,-0.197334,0.002803,1.899168,0.005316,0.019334,0.13512,0.01136,0.099881,0.0001,,,,,lstm
513788,356,-0.01316,0.004376,1.899154,0.005316,0.023505,0.037661,0.004091,0.022395,0.0001,,,,,lstm
513788,356,-0.019488,0.006738,1.899135,0.005316,0.033174,0.102858,0.004047,0.096748,0.0001,,,,,lstm
513788,356,-0.041413,0.004144,1.8991,0.005316,0.025723,0.060201,0.007362,0.060114,0.0001,,,,,lstm
513788,356,-0.155003,0.002854,1.899059,0.005316,0.021907,0.188144,0.013452,0.109241,0.0001,,,,,lstm
513788,356,-0.043966,0.005798,1.899018,0.005316,0.02596,0.061958,0.003197,0.041508,0.0001,,,,,lstm
513788,356,0.02231,0.005497,1.89898,0.005316,0.024067,0.033954,0.001855,0.018777,0.0001,,,,,lstm
513788,356,-0.04293,0.003501,1.898935,0.005316,0.018708,0.132467,0.000711,0.162045,0.0001,,,,,lstm
513788,356,-0.245424,0.00519,1.898893,0.005316,0.015496,0.098459,0.007023,0.129388,0.0001,,,,,lstm
513788,356,-0.053582,0.004959,1.898865,0.005316,0.019602,0.154991,0.002885,0.179056,0.0001,,,,,lstm
513788,356,-0.000707,0.005704,1.898839,0.005316,0.021214,0.034354,0.005246,0.036456,0.0001,,,,,lstm
513788,356,-0.030092,0.003874,1.898809,0.005316,0.016175,0.048389,0.002498,0.024895,0.0001,,,,,lstm
513788,356,-0.078316,0.009566,1.898779,0.005316,0.037041,0.073582,0.004297,0.044394,0.0001,,,,,lstm
520048,360,0.034208,0.006919,1.898755,0.0053,0.027946,0.098568,0.006365,0.101185,0.0001,,,,,lstm
520048,360,-0.099088,0.00431,1.898759,0.0053,0.019761,0.072984,0.003882,0.055799,0.0001,,,,,lstm
520048,360,-0.017001,0.004068,1.898774,0.0053,0.024299,0.060427,0.001347,0.060695,0.0001,,,,,lstm
520048,360,-0.105357,0.002571,1.898776,0.0053,0.01095,0.10295,0.004928,0.115813,0.0001,,,,,lstm
520048,360,-0.024298,0.005707,1.898783,0.0053,0.025203,0.092942,0.001282,0.095088,0.0001,,,,,lstm
520048,360,-0.011777,0.00465,1.898811,0.0053,0.022559,0.074345,0.002787,0.061593,0.0001,,,,,lstm
520048,360,-0.041137,0.004968,1.898845,0.0053,0.019805,0.043722,0.00375,0.040179,0.0001,,,,,lstm
520048,360,-0.174143,0.002515,1.898872,0.0053,0.0067,0.045373,0.001797,0.016125,0.0001,,,,,lstm
520048,360,-0.084377,0.004273,1.898879,0.0053,0.016709,0.068684,0.00447,0.042282,0.0001,,,,,lstm
520048,360,0.065215,0.006298,1.898887,0.0053,0.024066,0.110232,0.014102,0.132715,0.0001,,,,,lstm
520048,360,-0.089783,0.005103,1.898905,0.0053,0.016497,0.023374,0.007087,0.016793,0.0001,,,,,lstm
520048,360,0.290787,0.005105,1.89892,0.0053,0.030393,0.464171,0.020899,0.244072,0.0001,,,,,lstm
520048,360,-0.018042,0.005401,1.898903,0.0053,0.023655,0.043976,0.015377,0.034239,0.0001,,,,,lstm
520048,360,-0.042788,0.005659,1.898888,0.0053,0.024014,0.032062,0.016357,0.023329,0.0001,,,,,lstm
520048,360,-0.031303,0.006283,1.898876,0.0053,0.028533,0.06433,0.020357,0.019975,0.0001,,,,,lstm
520048,360,0.077271,0.004016,1.898889,0.0053,0.030976,0.211476,0.022891,0.20427,0.0001,,,,,lstm
526508,364,-0.004096,0.005553,1.898899,0.005284,0.020381,0.082915,0.008693,0.041411,0.0001,,,,,lstm
526508,364,-0.090807,0.003719,1.898922,0.005284,0.01524,0.020803,0.00357,0.014345,0.0001,,,,,lstm
526508,364,-0.031948,0.005126,1.898947,0.005284,0.017955,0.063754,0.005446,0.03733,0.0001,,,,,lstm
526508,364,0.107641,0.013091,1.898977,0.005284,0.028112,0.111348,0.01145,0.03139,0.0001,,,,,lstm
526508,364,-0.014008,0.005313,1.898987,0.005284,0.022813,0.105666,0.002997,0.113737,0.0001,,,,,lstm
526508,364,-0.005211,0.003851,1.899011,0.005284,0.019898,0.03979,0.002165,0.034272,0.0001,,,,,lstm
526508,364,-0.094906,0.005543,1.899032,0.005284,0.025278,0.081045,0.007573,0.071947,0.0001,,,,,lstm
526508,364,0.01266,0.006702,1.899058,0.005284,0.033118,0.182609,0.005831,0.183799,0.0001,,,,,lstm
526508,364,-0.118071,0.004091,1.899106,0.005284,0.030036,0.026217,0.017444,0.030635,0.0001,,,,,lstm
526508,364,-0.014304,0.00426,1.899149,0.005284,0.036074,0.062192,0.014532,0.051813,0.0001,,,,,lstm
526508,364,0.01382,0.005905,1.899192,0.005284,0.042516,0.027026,0.014204,0.019715,0.0001,,,,,lstm
526508,364,0.054523,0.009328,1.899234,0.005284,0.050488,0.203969,0.012572,0.22888,0.0001,,,,,lstm
526508,364,-0.07973,0.00436,1.899276,0.005284,0.044,0.019143,0.023775,0.032177,0.0001,,,,,lstm
526508,364,0.00546,0.004832,1.899314,0.005284,0.04415,0.031544,0.021333,0.019595,0.0001,,,,,lstm
526508,364,-0.062094,0.005919,1.899342,0.005284,0.047772,0.081328,0.023835,0.093682,0.0001,,,,,lstm
526508,364,0.16654,0.008007,1.899379,0.005284,0.04579,0.080613,0.012464,0.056118,0.0001,,,,,lstm
532883,368,-0.078323,0.003845,1.8994,0.005268,0.017947,0.025212,0.002798,0.006834,0.0001,,,,,lstm
532883,368,-0.082615,0.004413,1.899428,0.005268,0.017558,0.072381,0.001254,0.077215,0.0001,,,,,lstm
532883,368,-0.003138,0.00689,1.899452,0.005268,0.019857,0.046096,0.008964,0.026365,0.0001,,,,,lstm
532883,368,0.513156,0.011238,1.899461,0.005268,0.048721,0.332326,0.037123,0.207055,0.0001,,,,,lstm
532883,368,-0.015052,0.004975,1.899417,0.005268,0.017913,0.01938,0.007699,0.01541,0.0001,,,,,lstm
532883,368,-0.144647,0.004688,1.899374,0.005268,0.014793,0.038009,0.001404,0.044269,0.0001,,,,,lstm
532883,368,0.086711,0.006354,1.899331,0.005268,0.025723,0.025059,0.007678,0.021207,0.0001,,,,,lstm
532883,368,-0.175309,0.003007,1.899291,0.005268,0.016153,0.085361,0.007605,0.052672,0.0001,,,,,lstm
532883,368,-0.013581,0.005325,1.899238,0.005268,0.023184,0.04248,0.000623,0.038464,0.0001,,,,,lstm
532883,368,-0.015076,0.005709,1.899191,0.005268,0.023349,0.017742,0.001029,0.01284,0.0001,,,,,lstm
532883,368,-0.050186,0.004568,1.899147,0.005268,0.021766,0.04026,0.003486,0.027125,0.0001,,,,,lstm
532883,368,-0.129274,0.002893,1.899097,0.005268,0.012688,0.105619,0.007169,0.092219,0.0001,,,,,lstm
532883,368,-0.006506,0.006109,1.899051,0.005268,0.025684,0.072412,0.000816,0.075092,0.0001,,,,,lstm
532883,368,-0.072049,0.004532,1.899004,0.005268,0.017856,0.061113,0.001134,0.053304,0.0001,,,,,lstm
532883,368,0.012147,0.005148,1.89895,0.005268,0.023221,0.028126,0.004612,0.028508,0.0001,,,,,lstm
532883,368,-0.221054,0.003003,1.898902,0.005268,0.013679,0.082194,0.005069,0.049064,0.0001,,,,,lstm
539212,372,0.045702,0.007217,1.898873,0.005252,0.023843,0.090578,0.007604,0.038495,0.0001,,,,,lstm
539212,372,-0.055242,0.00457,1.898883,0.005252,0.017559,0.07211,0.003272,0.043645,0.0001,,,,,lstm
539212,372,-0.077655,0.004117,1.898885,0.005252,0.015604,0.091791,0.005598,0.063852,0.0001,,,,,lstm
539212,372,-0.170853,0.003267,1.898887,0.005252,0.014669,0.069256,0.005296,0.025452,0.0001,,,,,lstm
539212,372,-0.057215,0.007095,1.898889,0.005252,0.022602,0.052482,0.014854,0.040496,0.0001,,,,,lstm
539212,372,0.042998,0.00521,1.898884,0.005252,0.0298,0.024625,0.020862,0.029311,0.0001,,,,,lstm
539212,372,-0.120741,0.004795,1.898888,0.005252,0.024689,0.099066,0.016298,0.114451,0.0001,,,,,lstm
539212,372,0.262333,0.011046,1.898902,0.005252,0.04853,0.187612,0.036172,0.085236,0.0001,,,,,lstm
539212,372,-0.063798,0.00581,1.898872,0.005252,0.025977,0.040196,0.017888,0.032353,0.0001,,,,,lstm
539212,372,-0.044341,0.005823,1.898845,0.005252,0.026434,0.086379,0.017368,0.066304,0.0001,,,,,lstm
539212,372,0.01077,0.006178,1.898831,0.005252,0.024736,0.035216,0.015235,0.038562,0.0001,,,,,lstm
539212,372,-0.065555,0.003709,1.898818,0.005252,0.016666,0.070368,0.007136,0.044494,0.0001,,,,,lstm
539212,372,-0.074689,0.005032,1.898808,0.005252,0.018702,0.042313,0.00218,0.015683,0.0001,,,,,lstm
539212,372,0.027073,0.006122,1.898813,0.005252,0.025749,0.17537,0.001212,0.199452,0.0001,,,,,lstm
539212,372,-0.037305,0.004707,1.898816,0.005252,0.023704,0.055823,0.006551,0.063089,0.0001,,,,,lstm
539212,372,-0.179661,0.002851,1.898824,0.005252,0.022796,0.032142,0.015545,0.024908,0.0001,,,,,lstm
545553,376,0.036095,0.006725,1.898824,0.005235,0.024759,0.09214,0.002334,0.085591,0.0001,,,,,lstm
545553,376,-0.02157,0.005055,1.898823,0.005235,0.023631,0.057322,0.003044,0.054701,0.0001,,,,,lstm
545553,376,-0.087899,0.004259,1.89883,0.005235,0.022776,0.017024,0.008014,0.009716,0.0001,,,,,lstm
545553,376,-0.260254,0.003369,1.898831,0.005235,0.025738,0.07583,0.016832,0.02253,0.0001,,,,,lstm
545553,376,-0.100487,0.004151,1.898849,0.005235,0.023003,0.030212,0.010804,0.025561,0.0001,,,,,lstm
545553,376,0.108226,0.007504,1.89887,0.005235,0.036095,0.115903,0.001357,0.117098,0.0001,,,,,lstm
545553,376,-0.123542,0.003832,1.898885,0.005235,0.023946,0.043104,0.012738,0.04572,0.0001,,,,,lstm
545553,376,0.104304,0.00732,1.898904,0.005235,0.033897,0.374139,0.003281,0.33112,0.0001,,,,,lstm
545553,376,0.001537,0.00659,1.898903,0.005235,0.032023,0.090516,0.006003,0.103501,0.0001,,,,,lstm
545553,376,-0.049044,0.004785,1.898903,0.005235,0.02745,0.23548,0.007578,0.280796,0.0001,,,,,lstm
545553,376,-0.051715,0.004993,1.898903,0.005235,0.023054,0.126585,0.005727,0.148727,0.0001,,,,,lstm
545553,376,-0.059408,0.003168,1.89892,0.005235,0.012025,0.018853,0.002591,0.012318,0.0001,,,,,lstm
545553,376,-0.004535,0.005027,1.898939,0.005235,0.017981,0.043034,0.005377,0.042677,0.0001,,,,,lstm
545553,376,-0.07125,0.005591,1.898959,0.005235,0.017655,0.019608,0.005209,0.009641,0.0001,,,,,lstm
545553,376,-0.012423,0.006221,1.898984,0.005235,0.019593,0.100719,0.010557,0.115825,0.0001,,,,,lstm
545553,376,-0.136822,0.003709,1.899003,0.005235,0.010495,0.103977,0.006603,0.107341,0.0001,,,,,lstm
551913,380,-0.022155,0.005084,1.899028,0.005219,0.019597,0.059142,0.003949,0.062086,0.0001,,,,,lstm
551913,380,0.002684,0.006906,1.899045,0.005219,0.021857,0.081491,0.007826,0.062222,0.0001,,,,,lstm
551913,380,-0.055215,0.004353,1.899068,0.005219,0.016509,0.024544,0.004516,0.022036,0.0001,,,,,lstm
551913,380,-0.238706,0.00284,1.899081,0.005219,0.010061,0.059274,0.003544,0.050891,0.0001,,,,,lstm
551913,380,0.019106,0.005095,1.899089,0.005219,0.019676,0.118491,0.007403,0.141304,0.0001,,,,,lstm
551913,380,-0.069263,0.004998,1.899094,0.005219,0.016197,0.067711,0.001828,0.079605,0.0001,,,,,lstm
551913,380,-0.046216,0.005965,1.899107,0.005219,0.022955,0.065673,0.002243,0.031016,0.0001,,,,,lstm
551913,380,-0.079847,0.002672,1.899106,0.005219,0.011883,0.022083,0.004883,0.010391,0.0001,,,,,lstm
551913,380,-0.026426,0.004142,1.899098,0.005219,0.022178,0.089877,0.004332,0.053053,0.0001,,,,,lstm
551913,380,-0.017327,0.00508,1.899096,0.005219,0.028231,0.038792,0.006622,0.033619,0.0001,,,,,lstm
551913,380,-0.027862,0.006349,1.899094,0.005219,0.033553,0.042935,0.009069,0.035914,0.0001,,,,,lstm
551913,380,-0.269622,0.003382,1.899082,0.005219,0.029899,0.057017,0.022042,0.069229,0.0001,,,,,lstm
551913,380,-0.042606,0.004955,1.899064,0.005219,0.031134,0.058688,0.010989,0.030746,0.0001,,,,,lstm
551913,380,-0.101,0.004969,1.899049,0.005219,0.028132,0.037008,0.01334,0.024455,0.0001,,,,,lstm
551913,380,0.022092,0.00529,1.899026,0.005219,0.03203,0.070747,0.006372,0.088495,0.0001,,,,,lstm
551913,380,0.126003,0.005921,1.899001,0.005219,0.038166,0.185176,0.001864,0.073133,0.0001,,,,,lstm
558314,384,-0.044235,0.005122,1.899027,0.005203,0.01693,0.040168,0.002065,0.013363,0.0001,,,,,lstm
558314,384,-0.060788,0.00569,1.899051,0.005203,0.02556,0.083075,0.001058,0.050714,0.0001,,,,,lstm
558314,384,0.004538,0.005505,1.899084,0.005203,0.023523,0.04218,0.002627,0.031689,0.0001,,,,,lstm
558314,384,0.026233,0.003283,1.899114,0.005203,0.016052,0.060821,0.002007,0.063786,0.0001,,,,,lstm
558314,384,-0.033845,0.004263,1.899142,0.005203,0.018189,0.074011,0.001145,0.083778,0.0001,,,,,lstm
558314,384,-0.012648,0.005164,1.899167,0.005203,0.019801,0.074907,0.002532,0.078162,0.0001,,,,,lstm
558314,384,-0.109639,0.005403,1.899184,0.005203,0.018972,0.128837,0.001846,0.146382,0.0001,,,,,lstm
558314,384,0.412655,0.012384,1.899219,0.005203,0.047095,0.34701,0.02353,0.125843,0.0001,,,,,lstm
558314,384,-0.075616,0.004747,1.899211,0.005203,0.019237,0.037474,0.002927,0.044135,0.0001,,,,,lstm
558314,384,0.094095,0.006376,1.899203,0.005203,0.028735,0.067666,0.005764,0.038552,0.0001,,,,,lstm
558314,384,-0.139805,0.004303,1.899194,0.005203,0.01645,0.017967,0.005267,0.008782,0.0001,,,,,lstm
558314,384,0.169488,0.00813,1.899189,0.005203,0.030467,0.160911,0.011071,0.159975,0.0001,,,,,lstm
558314,384,-0.095452,0.005331,1.899206,0.005203,0.019315,0.044577,0.003453,0.033653,0.0001,,,,,lstm
558314,384,-0.096192,0.003858,1.89923,0.005203,0.019207,0.043645,0.005691,0.050068,0.0001,,,,,lstm
558314,384,0.07311,0.005919,1.899259,0.005203,0.028981,0.09212,0.002156,0.107967,0.0001,,,,,lstm
558314,384,0.148793,0.01118,1.899289,0.005203,0.042072,0.209648,0.008752,0.166385,0.0001,,,,,lstm
564655,388,-0.007823,0.005825,1.899315,0.005187,0.022554,0.111132,0.00367,0.115518,0.0001,,,,,lstm
564655,388,0.019025,0.005203,1.89934,0.005187,0.022977,0.105065,0.00696,0.107093,0.0001,,,,,lstm
564655,388,-0.101984,0.005008,1.899347,0.005187,0.016482,0.159722,0.003075,0.186546,0.0001,,,,,lstm
564655,388,-0.007889,0.002401,1.899349,0.005187,0.00919,0.118121,0.004253,0.145507,0.0001,,,,,lstm
564655,388,-0.005881,0.00566,1.899354,0.005187,0.018606,0.164514,0.006759,0.201298,0.0001,,,,,lstm
564655,388,-0.055417,0.004312,1.899347,0.005187,0.017386,0.106621,0.004163,0.117472,0.0001,,,,,lstm
564655,388,-0.070088,0.005244,1.899334,0.005187,0.02185,0.094255,0.002725,0.058374,0.0001,,,,,lstm
564655,388,0.390105,0.009721,1.899322,0.005187,0.044648,0.244718,0.018818,0.150463,0.0001,,,,,lstm
564655,388,-0.034653,0.005986,1.899262,0.005187,0.028196,0.155052,0.002694,0.163727,0.0001,,,,,lstm
564655,388,-0.002238,0.005418,1.899205,0.005187,0.026027,0.16578,0.002804,0.190794,0.0001,,,,,lstm
564655,388,-0.049425,0.004074,1.899146,0.005187,0.021314,0.074182,0.004431,0.044559,0.0001,,,,,lstm
564655,388,-0.052922,0.003926,1.899088,0.005187,0.023266,0.107963,0.004848,0.065314,0.0001,,,,,lstm
564655,388,-0.00907,0.006046,1.899033,0.005187,0.028557,0.087165,0.002691,0.054233,0.0001,,,,,lstm
564655,388,-0.072503,0.004692,1.898957,0.005187,0.027644,0.029717,0.008078,0.023767,0.0001,,,,,lstm
564655,388,0.004547,0.004314,1.898884,0.005187,0.027573,0.104516,0.008267,0.103004,0.0001,,,,,lstm
564655,388,-0.092881,0.002971,1.898806,0.005187,0.019985,0.04672,0.012692,0.034436,0.0001,,,,,lstm
571076,392,-0.027054,0.004909,1.898733,0.005171,0.022803,0.048754,0.005505,0.02585,0.0001,,,,,lstm
571076,392,0.020594,0.005201,1.89867,0.005171,0.025029,0.175288,0.002509,0.11237,0.0001,,,,,lstm
571076,392,-0.127668,0.004504,1.898638,0.005171,0.016664,0.075198,0.00534,0.028747,0.0001,,,,,lstm
571076,392,0.162178,0.005708,1.898628,0.005171,0.026782,0.220877,0.009853,0.228814,0.0001,,,,,lstm
571076,392,-0.037634,0.004965,1.898612,0.005171,0.018372,0.09821,0.006869,0.066657,0.0001,,,,,lstm
571076,392,0.002618,0.005576,1.898604,0.005171,0.020812,0.180411,0.013447,0.203592,0.0001,,,,,lstm
571076,392,-0.047755,0.005512,1.898611,0.005171,0.01986,0.155864,0.013058,0.170917,0.0001,,,,,lstm
571076,392,-0.161404,0.003981,1.898626,0.005171,0.016274,0.118616,0.00948,0.129845,0.0001,,,,,lstm
571076,392,0.012163,0.006224,1.898649,0.005171,0.021858,0.081274,0.013968,0.04014,0.0001,,,,,lstm
571076,392,-0.109058,0.005172,1.898668,0.005171,0.016066,0.036709,0.005346,0.034932,0.0001,,,,,lstm
571076,392,-0.009111,0.004807,1.89869,0.005171,0.019672,0.139165,0.005796,0.065475,0.0001,,,,,lstm
571076,392,0.010243,0.002661,1.898737,0.005171,0.008887,0.047186,0.003324,0.049415,0.0001,,,,,lstm
571076,392,-0.013172,0.005833,1.898779,0.005171,0.02228,0.126924,0.002634,0.122515,0.0001,,,,,lstm
571076,392,-0.04236,0.004925,1.898831,0.005171,0.018131,0.127531,0.000861,0.127364,0.0001,,,,,lstm
571076,392,-0.051068,0.004265,1.898888,0.005171,0.018053,0.060237,0.000927,0.060597,0.0001,,,,,lstm
571076,392,0.002732,0.006516,1.898951,0.005171,0.018389,0.096877,0.004273,0.091571,0.0001,,,,,lstm
577409,396,-0.064098,0.004939,1.898994,0.005154,0.022373,0.047543,0.002422,0.025345,0.0001,,,,,lstm
577409,396,-0.037453,0.003732,1.899041,0.005154,0.01755,0.0553,0.001383,0.024353,0.0001,,,,,lstm
577409,396,-0.00078,0.005551,1.899093,0.005154,0.022374,0.229025,0.001907,0.260974,0.0001,,,,,lstm
577409,396,-0.001909,0.008143,1.899156,0.005154,0.030259,0.170176,0.006054,0.189204,0.0001,,,,,lstm
577409,396,-0.019564,0.004701,1.899217,0.005154,0.020785,0.167805,0.002695,0.187658,0.0001,,,,,lstm
577409,396,-0.056096,0.004952,1.899293,0.005154,0.02741,0.052801,0.006826,0.055133,0.0001,,,,,lstm
577409,396,-0.032534,0.004943,1.899362,0.005154,0.028803,0.061621,0.007948,0.023054,0.0001,,,,,lstm
577409,396,0.058949,0.002757,1.89944,0.005154,0.02034,0.069121,0.007693,0.071683,0.0001,,,,,lstm
577409,396,0.033131,0.00504,1.89951,0.005154,0.035501,0.062647,0.009656,0.058746,0.0001,,,,,lstm
577409,396,-0.0313,0.004602,1.899579,0.005154,0.032468,0.159231,0.015081,0.186811,0.0001,,,,,lstm
577409,396,-0.094948,0.005338,1.899649,0.005154,0.034035,0.115489,0.015755,0.12948,0.0001,,,,,lstm
577409,396,-0.077513,0.002804,1.899722,0.005154,0.018681,0.034162,0.013503,0.033569,0.0001,,,,,lstm
577409,396,-0.044022,0.00484,1.899793,0.005154,0.027508,0.057441,0.007946,0.043801,0.0001,,,,,lstm
577409,396,-0.006325,0.004876,1.899871,0.005154,0.024122,0.074871,0.003717,0.048673,0.0001,,,,,lstm
577409,396,-0.047289,0.004251,1.899946,0.005154,0.021826,0.044378,0.003654,0.020413,0.0001,,,,,lstm
577409,396,-0.010385,0.009347,1.900029,0.005154,0.028195,0.189537,0.004004,0.045654,0.0001,,,,,lstm
583742,400,0.03422,0.005057,1.900174,0.005138,0.023741,0.085958,0.001105,0.075171,0.0001,,,,,lstm
583742,400,-0.07592,0.003975,1.900298,0.005138,0.020084,0.031063,0.003684,0.005062,0.0001,,,,,lstm
583742,400,-0.034394,0.005858,1.900396,0.005138,0.021598,0.054636,0.001008,0.020448,0.0001,,,,,lstm
583742,400,-0.190099,0.003189,1.900497,0.005138,0.016523,0.113348,0.005117,0.07063,0.0001,,,,,lstm
583742,400,-0.104857,0.003886,1.900612,0.005138,0.014913,0.022014,0.001032,0.02092,0.0001,,,,,lstm
583742,400,-0.025081,0.005651,1.900715,0.005138,0.020323,0.081421,0.005193,0.050002,0.0001,,,,,lstm
583742,400,-0.04049,0.005258,1.900801,0.005138,0.020781,0.040752,0.006025,0.038501,0.0001,,,,,lstm
583742,400,0.678466,0.010005,1.900872,0.005138,0.051585,0.358443,0.035947,0.231392,0.0001,,,,,lstm
583742,400,-0.026207,0.005691,1.900919,0.005138,0.022391,0.055642,0.005125,0.03084,0.0001,,,,,lstm
583742,400,-0.089875,0.004528,1.900955,0.005138,0.016003,0.035107,0.001047,0.026348,0.0001,,,,,lstm
583742,400,0.042757,0.005348,1.900987,0.005138,0.021883,0.047782,0.006188,0.037959,0.0001,,,,,lstm
583742,400,-0.205729,0.002834,1.901012,0.005138,0.015276,0.112465,0.006903,0.113928,0.0001,,,,,lstm
583742,400,-0.043593,0.005082,1.901038,0.005138,0.019954,0.077168,0.001863,0.036369,0.0001,,,,,lstm
583742,400,-0.07005,0.004903,1.901065,0.005138,0.022394,0.0337,0.00342,0.029914,0.0001,,,,,lstm
583742,400,0.014071,0.004717,1.901081,0.005138,0.023003,0.030598,0.001957,0.019992,0.0001,,,,,lstm
583742,400,0.03922,0.007059,1.901095,0.005138,0.042538,0.222258,0.002341,0.040496,0.0001,,,,,lstm
589991,404,-0.019987,0.005171,1.901114,0.005122,0.017527,0.033293,0.000756,0.034802,0.0001,,,,,lstm
589991,404,-0.003344,0.00644,1.901131,0.005122,0.028195,0.060259,0.002212,0.06399,0.0001,,,,,lstm
589991,404,-0.054058,0.003749,1.901153,0.005122,0.020885,0.055781,0.00267,0.050134,0.0001,,,,,lstm
589991,404,-0.263968,0.002915,1.901186,0.005122,0.014827,0.052097,0.010203,0.02357,0.0001,,,,,lstm
589991,404,-0.06132,0.00513,1.901209,0.005122,0.023228,0.068072,0.000944,0.058314,0.0001,,,,,lstm
589991,404,-0.077049,0.004216,1.901226,0.005122,0.016521,0.044508,0.000582,0.025879,0.0001,,,,,lstm
589991,404,0.053903,0.006138,1.901254,0.005122,0.021583,0.043604,0.00854,0.04594,0.0001,,,,,lstm
589991,404,-0.143839,0.002802,1.901272,0.005122,0.011066,0.152667,0.001337,0.158829,0.0001,,,,,lstm
589991,404,-0.095765,0.004909,1.901302,0.005122,0.017123,0.040825,0.002679,0.040972,0.0001,,,,,lstm
589991,404,0.067001,0.006398,1.90133,0.005122,0.02402,0.043107,0.01027,0.047692,0.0001,,,,,lstm
589991,404,-0.067877,0.003761,1.90135,0.005122,0.014919,0.055954,0.002021,0.053723,0.0001,,,,,lstm
589991,404,0.028069,0.012617,1.901375,0.005122,0.035843,0.373554,0.013485,0.330994,0.0001,,,,,lstm
589991,404,0.004514,0.004784,1.901323,0.005122,0.020103,0.102074,0.004739,0.061691,0.0001,,,,,lstm
589991,404,0.010635,0.005363,1.901292,0.005122,0.021583,0.080449,0.00588,0.0834,0.0001,,,,,lstm
589991,404,-0.093956,0.00573,1.901265,0.005122,0.019389,0.05886,0.001945,0.056888,0.0001,,,,,lstm
589991,404,-0.27862,0.003323,1.901243,0.005122,0.014027,0.157537,0.005982,0.134389,0.0001,,,,,lstm
596330,408,-0.098003,0.003487,1.901257,0.005106,0.016484,0.029821,0.00251,0.020669,0.0001,,,,,lstm
596330,408,0.110707,0.006757,1.901269,0.005106,0.027025,0.0633,0.008066,0.06862,0.0001,,,,,lstm
596330,408,-0.082904,0.004772,1.901268,0.005106,0.021077,0.045616,0.001191,0.024289,0.0001,,,,,lstm
596330,408,-0.192213,0.002956,1.901261,0.005106,0.016994,0.046676,0.007161,0.052287,0.0001,,,,,lstm
596330,408,-0.058035,0.004943,1.901257,0.005106,0.019573,0.06214,0.000517,0.069228,0.0001,,,,,lstm
596330,408,-0.009989,0.004293,1.901255,0.005106,0.021676,0.036042,0.00124,0.035383,0.0001,,,,,lstm
596330,408,-0.061107,0.004886,1.901246,0.005106,0.021591,0.061107,0.001801,0.027875,0.0001,,,,,lstm
596330,408,0.320235,0.009467,1.901224,0.005106,0.036849,0.078481,0.018387,0.054879,0.0001,,,,,lstm
596330,408,-0.091316,0.004419,1.901186,0.005106,0.02067,0.027943,0.004368,0.021249,0.0001,,,,,lstm
596330,408,0.07665,0.005512,1.901154,0.005106,0.02636,0.062547,0.001722,0.046301,0.0001,,,,,lstm
596330,408,-0.086214,0.004846,1.901106,0.005106,0.024574,0.036359,0.006138,0.031412,0.0001,,,,,lstm
596330,408,0.077862,0.003408,1.901055,0.005106,0.026972,0.185195,0.005161,0.084831,0.0001,,,,,lstm
596330,408,-0.068059,0.003213,1.901073,0.005106,0.019713,0.046305,0.008467,0.04262,0.0001,,,,,lstm
596330,408,-0.002496,0.006422,1.901096,0.005106,0.031006,0.058098,0.004303,0.05529,0.0001,,,,,lstm
596330,408,-0.008681,0.005198,1.901105,0.005106,0.028667,0.016355,0.004896,0.014792,0.0001,,,,,lstm
596330,408,-0.103705,0.004151,1.901111,0.005106,0.026434,0.103837,0.008285,0.085251,0.0001,,,,,lstm
602580,412,-0.076483,0.004488,1.901085,0.00509,0.017366,0.044044,0.000842,0.021622,0.0001,,,,,lstm
602580,412,-0.013601,0.004839,1.901075,0.00509,0.019778,0.043393,0.004554,0.019428,0.0001,,,,,lstm
602580,412,-0.002404,0.005917,1.901075,0.00509,0.020008,0.073278,0.007014,0.021997,0.0001,,,,,lstm
602580,412,-0.117773,0.003447,1.901099,0.00509,0.012047,0.06611,0.002164,0.063055,0.0001,,,,,lstm
602580,412,-0.013161,0.006127,1.901126,0.00509,0.021935,0.067276,0.009527,0.046035,0.0001,,,,,lstm
602580,412,-0.068103,0.004624,1.901171,0.00509,0.015332,0.074184,0.007186,0.065197,0.0001,,,,,lstm
602580,412,-0.008819,0.004975,1.90123,0.00509,0.01851,0.060625,0.009184,0.061676,0.0001,,,,,lstm
602580,412,-0.15324,0.003125,1.901291,0.00509,0.008907,0.060913,0.001711,0.029462,0.0001,,,,,lstm
602580,412,-0.111634,0.00404,1.901336,0.00509,0.016087,0.069067,0.003426,0.032141,0.0001,,,,,lstm
602580,412,0.014226,0.004306,1.901384,0.00509,0.018618,0.062683,0.007652,0.037522,0.0001,,,,,lstm
602580,412,0.008202,0.00749,1.901445,0.00509,0.022466,0.056526,0.009163,0.027899,0.0001,,,,,lstm
602580,412,-0.142033,0.003659,1.901517,0.00509,0.012581,0.145356,0.000619,0.15652,0.0001,,,,,lstm
602580,412,0.042952,0.007214,1.901571,0.00509,0.024704,0.065479,0.009101,0.034891,0.0001,,,,,lstm
602580,412,-0.102769,0.00399,1.90164,0.00509,0.014859,0.090665,0.001384,0.047797,0.0001,,,,,lstm
602580,412,-0.033415,0.004518,1.901713,0.00509,0.017862,0.036412,0.004521,0.022416,0.0001,,,,,lstm
602580,412,-0.057955,0.003001,1.901789,0.00509,0.01236,0.060858,0.001521,0.065701,0.0001,,,,,lstm
608938,416,-0.061891,0.004345,1.901861,0.005073,0.016371,0.026616,0.003082,0.013405,0.0001,,,,,lstm
608938,416,-0.084699,0.004195,1.90192,0.005073,0.017251,0.048872,0.002372,0.05849,0.0001,,,,,lstm
608938,416,0.024763,0.005956,1.901973,0.005073,0.02304,0.08538,0.004114,0.094603,0.0001,,,,,lstm
608938,416,0.040603,0.005818,1.902034,0.005073,0.029288,0.224819,0.004808,0.152696,0.0001,,,,,lstm
608938,416,-0.138039,0.003592,1.90213,0.005073,0.01886,0.017321,0.008217,0.013805,0.0001,,,,,lstm
608938,416,0.071624,0.005689,1.902216,0.005073,0.027508,0.083149,0.00291,0.074126,0.0001,,,,,lstm
608938,416,-0.061162,0.005013,1.902303,0.005073,0.026482,0.030331,0.010592,0.024022,0.0001,,,,,lstm
608938,416,0.122451,0.005965,1.902377,0.005073,0.039415,0.368416,0.004555,0.34763,0.0001,,,,,lstm
608938,416,-0.04511,0.004737,1.902445,0.005073,0.033874,0.098533,0.014012,0.120759,0.0001,,,,,lstm
608938,416,-0.001573,0.004749,1.902511,0.005073,0.03368,0.159643,0.012805,0.194501,0.0001,,,,,lstm
608938,416,-0.043225,0.005232,1.902562,0.005073,0.027834,0.085136,0.012026,0.096873,0.0001,,,,,lstm
608938,416,-0.20911,0.003339,1.902606,0.005073,0.023592,0.030129,0.017465,0.021627,0.0001,,,,,lstm
608938,416,-0.045867,0.0036,1.90265,0.005073,0.022032,0.067406,0.007892,0.057862,0.0001,,,,,lstm
608938,416,-0.027459,0.005619,1.902695,0.005073,0.025968,0.081486,0.003979,0.08971,0.0001,,,,,lstm
608938,416,-0.017367,0.005198,1.902747,0.005073,0.022148,0.158012,0.003899,0.175404,0.0001,,,,,lstm
608938,416,-0.220267,0.00285,1.902801,0.005073,0.016089,0.027894,0.010288,0.019414,0.0001,,,,,lstm
615429,420,-0.126623,0.003921,1.902856,0.005057,0.017745,0.051547,0.005309,0.024885,0.0001,,,,,lstm
615429,420,0.01188,0.005304,1.902911,0.005057,0.020416,0.063458,0.002346,0.022968,0.0001,,,,,lstm
615429,420,-0.017082,0.005471,1.902969,0.005057,0.022895,0.049573,0.003138,0.017568,0.0001,,,,,lstm
615429,420,0.187392,0.006144,1.903033,0.005057,0.025681,0.261188,0.012927,0.169379,0.0001,,,,,lstm
615429,420,-0.011972,0.004737,1.903094,0.005057,0.019021,0.093805,0.00613,0.058464,0.0001,,,,,lstm
615429,420,-0.085469,0.005492,1.903158,0.005057,0.019245,0.051245,0.007227,0.017246,0.0001,,,,,lstm
615429,420,0.008821,0.005923,1.903219,0.005057,0.023843,0.074436,0.013979,0.032061,0.0001,,,,,lstm
615429,420,-0.058085,0.004015,1.90328,0.005057,0.018403,0.114315,0.011709,0.039324,0.0001,,,,,lstm
615429,420,-0.037505,0.005178,1.903357,0.005057,0.022373,0.062588,0.013817,0.06778,0.0001,,,,,lstm
615429,420,-0.058785,0.004958,1.90342,0.005057,0.022172,0.064556,0.013299,0.027891,0.0001,,,,,lstm
615429,420,0.019076,0.006312,1.903491,0.005057,0.026227,0.113116,0.016964,0.063654,0.0001,,,,,lstm
615429,420,-0.119282,0.005336,1.903573,0.005057,0.012434,0.054828,0.008084,0.052528,0.0001,,,,,lstm
615429,420,-0.081278,0.005185,1.903636,0.005057,0.017792,0.055686,0.007547,0.020755,0.0001,,,,,lstm
615429,420,-0.118652,0.003207,1.903691,0.005057,0.013197,0.02986,0.0021,0.010273,0.0001,,,,,lstm
615429,420,0.096526,0.007,1.90375,0.005057,0.025159,0.107435,0.009683,0.053777,0.0001,,,,,lstm
615429,420,0.041437,0.003981,1.903822,0.005057,0.019402,0.110882,0.001794,0.102324,0.0001,,,,,lstm
620908,424,0.012035,0.005542,1.903872,0.005041,0.024319,0.08118,0.002705,0.075018,0.0001,,,,,lstm
620908,424,-0.104189,0.003878,1.90393,0.005041,0.019374,0.065078,0.008528,0.048121,0.0001,,,,,lstm
620908,424,0.097441,0.006118,1.903984,0.005041,0.024573,0.125728,0.001553,0.135059,0.0001,,,,,lstm
620908,424,0.002369,0.005792,1.904034,0.005041,0.026948,0.082247,0.004817,0.080614,0.0001,,,,,lstm
620908,424,-0.044349,0.004542,1.904072,0.005041,0.016147,0.08667,0.002885,0.104269,0.0001,,,,,lstm
620908,424,0.022399,0.00449,1.90411,0.005041,0.019457,0.180266,0.000802,0.210608,0.0001,,,,,lstm
620908,424,-0.015825,0.0042,1.904158,0.005041,0.019202,0.085874,0.002286,0.088439,0.0001,,,,,lstm
620908,424,-0.071279,0.004692,1.904202,0.005041,0.020457,0.066327,0.006549,0.051494,0.0001,,,,,lstm
620908,424,0.089341,0.00676,1.904251,0.005041,0.028508,0.213534,0.001648,0.20187,0.0001,,,,,lstm
620908,424,-0.016764,0.004611,1.904317,0.005041,0.018486,0.055139,0.003919,0.056204,0.0001,,,,,lstm
620908,424,-0.016863,0.005901,1.904376,0.005041,0.027151,0.119136,0.003368,0.102644,0.0001,,,,,lstm
620908,424,0.011567,0.004615,1.904453,0.005041,0.018273,0.072535,0.002,0.048399,0.0001,,,,,lstm
627390,428,-0.070576,0.004091,1.904525,0.005025,0.01788,0.074457,0.002935,0.072148,0.0001,,,,,lstm
627390,428,-0.010684,0.00409,1.904575,0.005025,0.018198,0.063933,0.002134,0.062662,0.0001,,,,,lstm
627390,428,-0.044449,0.005971,1.904612,0.005025,0.021028,0.10895,0.004086,0.115849,0.0001,,,,,lstm
627390,428,0.129672,0.009165,1.904632,0.005025,0.022935,0.188717,0.011465,0.161861,0.0001,,,,,lstm
627390,428,0.009962,0.005202,1.904612,0.005025,0.020841,0.052601,0.00748,0.032886,0.0001,,,,,lstm
627390,428,-0.055921,0.00521,1.904576,0.005025,0.018977,0.035448,0.004932,0.032992,0.0001,,,,,lstm
627390,428,-0.041505,0.004597,1.904537,0.005025,0.015945,0.071917,0.003755,0.065116,0.0001,,,,,lstm
627390,428,-0.084773,0.006393,1.904486,0.005025,0.017358,0.100877,0.003354,0.078096,0.0001,,,,,lstm
627390,428,-0.031411,0.00517,1.904418,0.005025,0.018086,0.07171,0.004565,0.036994,0.0001,,,,,lstm
627390,428,-0.034402,0.004848,1.904345,0.005025,0.019223,0.069259,0.005102,0.0684,0.0001,,,,,lstm
627390,428,-0.035329,0.005444,1.904266,0.005025,0.021274,0.076844,0.006083,0.072276,0.0001,,,,,lstm
627390,428,-0.016382,0.006253,1.904182,0.005025,0.018288,0.143891,0.007196,0.106718,0.0001,,,,,lstm
627390,428,0.007238,0.005297,1.904087,0.005025,0.020373,0.087964,0.006292,0.08401,0.0001,,,,,lstm
627390,428,-0.127029,0.004765,1.903985,0.005025,0.014319,0.059452,0.0009,0.060466,0.0001,,,,,lstm
627390,428,-0.00046,0.005135,1.903896,0.005025,0.02069,0.080245,0.003578,0.038327,0.0001,,,,,lstm
627390,428,0.091096,0.005398,1.903791,0.005025,0.026718,0.202885,0.006383,0.170038,0.0001,,,,,lstm
633684,432,-0.069153,0.004115,1.903644,0.005009,0.019513,0.053224,0.000767,0.046289,0.0001,,,,,lstm
633684,432,0.035206,0.005857,1.903511,0.005009,0.027255,0.045066,0.003161,0.032841,0.0001,,,,,lstm
633684,432,-0.037491,0.005311,1.903397,0.005009,0.024398,0.0272,0.002507,0.022802,0.0001,,,,,lstm
633684,432,-0.159484,0.003159,1.903298,0.005009,0.016042,0.064871,0.009984,0.038412,0.0001,,,,,lstm
633684,432,0.011562,0.005285,1.9032,0.005009,0.026504,0.049388,0.004765,0.022609,0.0001,,,,,lstm
633684,432,-0.00369,0.005641,1.903123,0.005009,0.032061,0.038253,0.007128,0.027184,0.0001,,,,,lstm
633684,432,-0.072844,0.0041,1.903056,0.005009,0.029348,0.052063,0.011448,0.032481,0.0001,,,,,lstm
633684,432,-0.23188,0.002885,1.902991,0.005009,0.025824,0.156713,0.018641,0.163947,0.0001,,,,,lstm
633684,432,-0.037593,0.0046,1.902917,0.005009,0.028452,0.033074,0.00962,0.030298,0.0001,,,,,lstm
633684,432,-0.051436,0.004446,1.902852,0.005009,0.024465,0.061216,0.00847,0.058823,0.0001,,,,,lstm
633684,432,0.008968,0.005698,1.902791,0.005009,0.033223,0.099129,0.003922,0.103993,0.0001,,,,,lstm
633684,432,-0.047029,0.002452,1.902738,0.005009,0.016932,0.084057,0.007099,0.040051,0.0001,,,,,lstm
633684,432,0.005546,0.006215,1.902692,0.005009,0.028463,0.097456,0.001058,0.108504,0.0001,,,,,lstm
633684,432,-0.13527,0.003917,1.902645,0.005009,0.018488,0.048932,0.004493,0.029258,0.0001,,,,,lstm
633684,432,0.046694,0.004211,1.902609,0.005009,0.021888,0.024967,0.0038,0.015683,0.0001,,,,,lstm
633684,432,-0.008272,0.01153,1.902575,0.005009,0.028566,0.285442,0.006636,0.261648,0.0001,,,,,lstm
640270,436,0.072119,0.006433,1.902584,0.004992,0.024906,0.061772,0.002904,0.055512,0.0001,,,,,lstm
640270,436,-0.020909,0.004495,1.902589,0.004992,0.02224,0.049241,0.001216,0.049902,0.0001,,,,,lstm
640270,436,-0.138283,0.004263,1.90259,0.004992,0.016114,0.071375,0.005195,0.049107,0.0001,,,,,lstm
640270,436,-0.107288,0.005057,1.902576,0.004992,0.019328,0.040914,0.004299,0.038933,0.0001,,,,,lstm
640270,436,-0.008993,0.005413,1.90257,0.004992,0.020602,0.057334,0.000646,0.041118,0.0001,,,,,lstm
640270,436,-0.012982,0.005016,1.902552,0.004992,0.022678,0.07432,0.00107,0.036798,0.0001,,,,,lstm
640270,436,-0.05922,0.005228,1.90253,0.004992,0.021738,0.04624,0.00251,0.043501,0.0001,,,,,lstm
640270,436,-0.128766,0.004361,1.902505,0.004992,0.014777,0.082175,0.005782,0.07441,0.0001,,,,,lstm
640270,436,-0.095483,0.005074,1.902483,0.004992,0.019297,0.039683,0.004331,0.042286,0.0001,,,,,lstm
640270,436,-0.001359,0.005216,1.902463,0.004992,0.021505,0.049638,0.000564,0.026251,0.0001,,,,,lstm
640270,436,0.026864,0.005574,1.902429,0.004992,0.024112,0.076687,0.002602,0.061904,0.0001,,,,,lstm
640270,436,-0.173324,0.003332,1.902395,0.004992,0.016171,0.069032,0.007184,0.065179,0.0001,,,,,lstm
640270,436,-0.027589,0.005178,1.902366,0.004992,0.019489,0.073978,0.001955,0.06851,0.0001,,,,,lstm
640270,436,0.009585,0.004736,1.902331,0.004992,0.02441,0.089699,0.001803,0.085144,0.0001,,,,,lstm
640270,436,-0.041088,0.005621,1.902291,0.004992,0.02278,0.089215,0.00293,0.042215,0.0001,,,,,lstm
640270,436,-0.216894,0.003891,1.90225,0.004992,0.021137,0.064195,0.011792,0.055599,0.0001,,,,,lstm
646605,440,-0.106466,0.003505,1.902213,0.004976,0.017277,0.065331,0.001785,0.036834,0.0001,,,,,lstm
646605,440,0.063306,0.006892,1.902181,0.004976,0.024783,0.051727,0.007966,0.012151,0.0001,,,,,lstm
646605,440,-0.042068,0.00541,1.90216,0.004976,0.019556,0.056731,0.003995,0.049384,0.0001,,,,,lstm
646605,440,-0.094851,0.002952,1.902148,0.004976,0.012528,0.082114,0.00129,0.072143,0.0001,,,,,lstm
646605,440,-0.006036,0.005711,1.902143,0.004976,0.021607,0.038972,0.007483,0.018307,0.0001,,,,,lstm
646605,440,-0.017708,0.005364,1.902153,0.004976,0.01907,0.08008,0.007471,0.076419,0.0001,,,,,lstm
646605,440,-0.051172,0.004884,1.902162,0.004976,0.017928,0.060079,0.006611,0.049332,0.0001,,,,,lstm
646605,440,-0.201905,0.002985,1.90218,0.004976,0.010993,0.082646,0.00143,0.073478,0.0001,,,,,lstm
646605,440,0.027052,0.006085,1.902207,0.004976,0.022637,0.051368,0.01073,0.024304,0.0001,,,,,lstm
646605,440,-0.024346,0.005539,1.90224,0.004976,0.020235,0.049531,0.007737,0.039102,0.0001,,,,,lstm
646605,440,-0.073646,0.004581,1.902277,0.004976,0.017225,0.041911,0.005104,0.042439,0.0001,,,,,lstm
646605,440,-0.226148,0.003153,1.902311,0.004976,0.013544,0.082039,0.002525,0.086589,0.0001,,,,,lstm
646605,440,0.024334,0.006486,1.902348,0.004976,0.023513,0.047763,0.010142,0.025005,0.0001,,,,,lstm
646605,440,-0.067512,0.005001,1.902387,0.004976,0.020058,0.036938,0.00696,0.034031,0.0001,,,,,lstm
646605,440,-0.049549,0.00496,1.902428,0.004976,0.017684,0.030534,0.007542,0.017203,0.0001,,,,,lstm
646605,440,-0.029447,0.003049,1.902471,0.004976,0.016217,0.060664,0.006094,0.023455,0.0001,,,,,lstm
653139,444,-0.024114,0.004811,1.902522,0.00496,0.021564,0.125327,0.000508,0.110116,0.0001,,,,,lstm
653139,444,-0.100245,0.005197,1.902587,0.00496,0.022145,0.098418,0.003249,0.103712,0.0001,,,,,lstm
653139,444,0.021428,0.004139,1.902641,0.00496,0.020832,0.027591,0.001621,0.017037,0.0001,,,,,lstm
653139,444,-0.018911,0.005907,1.902691,0.00496,0.018195,0.206388,0.00128,0.221789,0.0001,,,,,lstm
653139,444,0.047632,0.005334,1.902716,0.00496,0.024509,0.187072,0.002804,0.211846,0.0001,,,,,lstm
653139,444,-0.017684,0.00444,1.902725,0.00496,0.025376,0.070628,0.004447,0.070684,0.0001,,,,,lstm
653139,444,-0.153802,0.004617,1.902724,0.00496,0.023334,0.044611,0.011277,0.03199,0.0001,,,,,lstm
653139,444,0.093584,0.003255,1.902732,0.00496,0.020673,0.052684,0.005712,0.030995,0.0001,,,,,lstm
653139,444,-0.095734,0.004591,1.902738,0.00496,0.026852,0.119697,0.011816,0.105011,0.0001,,,,,lstm
653139,444,0.082166,0.006016,1.902741,0.00496,0.033236,0.237456,0.005991,0.252618,0.0001,,,,,lstm
653139,444,-0.076022,0.00403,1.902768,0.00496,0.026364,0.032163,0.011662,0.030025,0.0001,,,,,lstm
653139,444,-0.082982,0.002793,1.902798,0.00496,0.021259,0.037613,0.011209,0.042152,0.0001,,,,,lstm
653139,444,-0.072252,0.004681,1.902829,0.00496,0.026693,0.060162,0.00714,0.060704,0.0001,,,,,lstm
653139,444,-0.09392,0.00339,1.902861,0.00496,0.019024,0.084883,0.006831,0.092779,0.0001,,,,,lstm
653139,444,0.039979,0.00558,1.902886,0.00496,0.02324,0.115188,0.001824,0.112615,0.0001,,,,,lstm
653139,444,0.120674,0.007467,1.902889,0.00496,0.031056,0.063497,0.004311,0.058405,0.0001,,,,,lstm
659506,448,-0.007191,0.005109,1.902903,0.004944,0.021328,0.087505,0.001949,0.073614,0.0001,,,,,lstm
659506,448,-0.100481,0.003772,1.902922,0.004944,0.018142,0.046399,0.003463,0.043208,0.0001,,,,,lstm
659506,448,0.01668,0.005233,1.902949,0.004944,0.023954,0.093207,0.002713,0.082354,0.0001,,,,,lstm
659506,448,-0.154291,0.008145,1.902976,0.004944,0.023896,0.125701,0.003184,0.0376,0.0001,,,,,lstm
659506,448,-0.088879,0.004407,1.903031,0.004944,0.021419,0.089789,0.002015,0.087891,0.0001,,,,,lstm
659506,448,0.054115,0.005571,1.9031,0.004944,0.023709,0.093762,0.005021,0.07017,0.0001,,,,,lstm
659506,448,-0.049945,0.0049,1.903159,0.004944,0.018872,0.091364,0.001529,0.058819,0.0001,,,,,lstm
659506,448,-0.198175,0.003278,1.903214,0.004944,0.013923,0.13118,0.004584,0.12796,0.0001,,,,,lstm
659506,448,-0.059261,0.004442,1.903278,0.004944,0.017147,0.033018,0.002895,0.019467,0.0001,,,,,lstm
659506,448,-0.006539,0.004159,1.903335,0.004944,0.018646,0.067067,0.006042,0.061082,0.0001,,,,,lstm
659506,448,-0.03331,0.005581,1.903387,0.004944,0.019365,0.181046,0.007131,0.191656,0.0001,,,,,lstm
659506,448,-0.08982,0.007852,1.903454,0.004944,0.016033,0.203612,0.004818,0.172995,0.0001,,,,,lstm
659506,448,-0.011422,0.005441,1.903495,0.004944,0.020659,0.061448,0.008011,0.052819,0.0001,,,,,lstm
659506,448,-0.110337,0.003479,1.903543,0.004944,0.016158,0.055065,0.00315,0.029421,0.0001,,,,,lstm
659506,448,0.002031,0.005548,1.903592,0.004944,0.018879,0.069317,0.008152,0.031235,0.0001,,,,,lstm
659506,448,0.118722,0.007982,1.90364,0.004944,0.031674,0.312989,0.015173,0.297899,0.0001,,,,,lstm
665846,452,-0.019885,0.005649,1.903709,0.004928,0.022199,0.068033,0.007935,0.043414,0.0001,,,,,lstm
665846,452,0.017483,0.00565,1.903781,0.004928,0.022763,0.085679,0.006083,0.051667,0.0001,,,,,lstm
665846,452,-0.118243,0.003497,1.903857,0.004928,0.017248,0.067874,0.003714,0.064213,0.0001,,,,,lstm
665846,452,0.228789,0.006885,1.903938,0.004928,0.036159,0.302664,0.011185,0.299782,0.0001,,,,,lstm
665846,452,-0.035439,0.003851,1.904019,0.004928,0.02314,0.165238,0.006314,0.172716,0.0001,,,,,lstm
665846,452,-0.003204,0.006081,1.904097,0.004928,0.026787,0.11115,0.003881,0.099302,0.0001,,,,,lstm
665846,452,-0.046281,0.00462,1.90418,0.004928,0.026942,0.101152,0.006371,0.078963,0.0001,,,,,lstm
665846,452,-0.112066,0.002721,1.904265,0.004928,0.018965,0.058921,0.011238,0.026401,0.0001,,,,,lstm
665846,452,0.021254,0.00437,1.904325,0.004928,0.027416,0.135542,0.006013,0.125621,0.0001,,,,,lstm
665846,452,-0.097861,0.004422,1.904394,0.004928,0.027733,0.049228,0.010851,0.02404,0.0001,,,,,lstm
665846,452,-0.02707,0.004659,1.904474,0.004928,0.027362,0.041348,0.009129,0.025401,0.0001,,,,,lstm
665846,452,0.076061,0.007991,1.904553,0.004928,0.032297,0.352821,0.002248,0.256947,0.0001,,,,,lstm
665846,452,-0.051361,0.005849,1.904595,0.004928,0.032824,0.046004,0.010031,0.028038,0.0001,,,,,lstm
665846,452,0.028975,0.003839,1.904634,0.004928,0.031441,0.048138,0.011328,0.046619,0.0001,,,,,lstm
665846,452,-0.059529,0.004413,1.904673,0.004928,0.030618,0.045829,0.015002,0.031926,0.0001,,,,,lstm
665846,452,-0.117908,0.002914,1.904706,0.004928,0.025934,0.074066,0.015523,0.074491,0.0001,,,,,lstm
672105,456,-0.007663,0.00566,1.904721,0.004911,0.02339,0.078065,0.00118,0.048962,0.0001,,,,,lstm
672105,456,-0.097861,0.003812,1.904732,0.004911,0.019386,0.033773,0.0027,0.021505,0.0001,,,,,lstm
672105,456,0.031809,0.004904,1.904736,0.004911,0.025061,0.051458,0.005087,0.040556,0.0001,,,,,lstm
672105,456,-0.143093,0.012525,1.904732,0.004911,0.03603,0.365897,0.005643,0.389427,0.0001,,,,,lstm
672105,456,-0.08431,0.004821,1.904746,0.004911,0.018491,0.027776,0.004676,0.018909,0.0001,,,,,lstm
672105,456,0.045925,0.004964,1.904757,0.004911,0.023517,0.20051,0.011863,0.227099,0.0001,,,,,lstm
672105,456,-0.015754,0.005477,1.904754,0.004911,0.020872,0.195584,0.009799,0.203378,0.0001,,,,,lstm
672105,456,-0.446227,0.00313,1.90475,0.004911,0.012476,0.200901,0.005582,0.21398,0.0001,,,,,lstm
672105,456,-0.086754,0.003946,1.904754,0.004911,0.018159,0.033956,0.004825,0.015955,0.0001,,,,,lstm
672105,456,-0.025202,0.005424,1.904758,0.004911,0.025003,0.037861,0.005611,0.026947,0.0001,,,,,lstm
672105,456,0.005155,0.005492,1.904756,0.004911,0.024272,0.096174,0.004308,0.10401,0.0001,,,,,lstm
672105,456,0.33197,0.010584,1.904744,0.004911,0.049488,0.740622,0.020838,0.709297,0.0001,,,,,lstm
672105,456,-0.052945,0.005056,1.904685,0.004911,0.023261,0.094807,0.002429,0.0965,0.0001,,,,,lstm
672105,456,-0.030958,0.004363,1.904627,0.004911,0.021977,0.051915,0.004011,0.038818,0.0001,,,,,lstm
672105,456,0.012146,0.005938,1.904572,0.004911,0.025539,0.058412,0.006697,0.037366,0.0001,,,,,lstm
672105,456,-0.136095,0.003249,1.904513,0.004911,0.011142,0.106191,0.000766,0.057594,0.0001,,,,,lstm
678491,460,-0.06382,0.005048,1.904442,0.004895,0.020364,0.0408,0.000817,0.015678,0.0001,,,,,lstm
678491,460,-0.012622,0.004288,1.904369,0.004895,0.01953,0.057789,0.001271,0.032091,0.0001,,,,,lstm
678491,460,0.011528,0.005446,1.904292,0.004895,0.018456,0.078014,0.003055,0.079094,0.0001,,,,,lstm
678491,460,-0.305918,0.002987,1.904227,0.004895,0.015637,0.057189,0.00747,0.030251,0.0001,,,,,lstm
678491,460,-0.008046,0.005112,1.904182,0.004895,0.020667,0.105102,0.005137,0.100734,0.0001,,,,,lstm
678491,460,-0.028964,0.003982,1.904125,0.004895,0.016094,0.120647,0.002789,0.128706,0.0001,,,,,lstm
678491,460,-0.056933,0.005288,1.904075,0.004895,0.019655,0.071444,0.002999,0.068701,0.0001,,,,,lstm
678491,460,-0.10548,0.007114,1.904039,0.004895,0.010805,0.092862,0.00086,0.09659,0.0001,,,,,lstm
678491,460,-0.055899,0.003892,1.904008,0.004895,0.019794,0.033725,0.001744,0.008182,0.0001,,,,,lstm
678491,460,-0.065411,0.005007,1.903968,0.004895,0.018953,0.032593,0.00163,0.026131,0.0001,,,,,lstm
678491,460,-0.031931,0.005879,1.903942,0.004895,0.020913,0.039845,0.00382,0.021487,0.0001,,,,,lstm
678491,460,0.361653,0.006941,1.903904,0.004895,0.028846,0.198362,0.019704,0.13918,0.0001,,,,,lstm
678491,460,-0.015395,0.005329,1.903876,0.004895,0.021612,0.050257,0.001296,0.015884,0.0001,,,,,lstm
678491,460,-0.072952,0.005009,1.903834,0.004895,0.027023,0.130033,0.004393,0.131126,0.0001,,,,,lstm
678491,460,-0.017861,0.004788,1.903798,0.004895,0.020464,0.10625,0.005916,0.115854,0.0001,,,,,lstm
678491,460,0.000627,0.002778,1.903765,0.004895,0.013128,0.069943,0.005843,0.057019,0.0001,,,,,lstm
684943,464,0.070556,0.005117,1.903734,0.004879,0.023099,0.084188,0.001147,0.036832,0.0001,,,,,lstm
684943,464,-0.051743,0.004784,1.903727,0.004879,0.023658,0.090353,0.004047,0.088589,0.0001,,,,,lstm
684943,464,-0.070132,0.004148,1.903732,0.004879,0.02071,0.072454,0.003437,0.054178,0.0001,,,,,lstm
684943,464,-0.216052,0.003271,1.903738,0.004879,0.015332,0.135484,0.007484,0.108597,0.0001,,,,,lstm
684943,464,-0.083086,0.004723,1.90375,0.004879,0.017183,0.109293,0.001596,0.11055,0.0001,,,,,lstm
684943,464,-0.078847,0.004425,1.903772,0.004879,0.01954,0.111956,0.005195,0.100512,0.0001,,,,,lstm
684943,464,0.010565,0.004513,1.903816,0.004879,0.021092,0.046981,0.010664,0.020445,0.0001,,,,,lstm
684943,464,0.402082,0.010114,1.90386,0.004879,0.038779,0.106389,0.028487,0.044171,0.0001,,,,,lstm
684943,464,-0.07351,0.004822,1.903879,0.004879,0.022245,0.077798,0.010913,0.04563,0.0001,,,,,lstm
684943,464,0.03314,0.006815,1.903899,0.004879,0.029486,0.076112,0.017005,0.070827,0.0001,,,,,lstm
684943,464,-0.031198,0.00468,1.903919,0.004879,0.025868,0.136523,0.013689,0.130907,0.0001,,,,,lstm
684943,464,-0.095516,0.003603,1.903949,0.004879,0.022457,0.099288,0.010079,0.091775,0.0001,,,,,lstm
684943,464,-0.004473,0.005467,1.903984,0.004879,0.023161,0.035045,0.012205,0.030751,0.0001,,,,,lstm
684943,464,-0.11767,0.005004,1.904007,0.004879,0.01877,0.081712,0.005399,0.06217,0.0001,,,,,lstm
684943,464,0.055687,0.004757,1.904044,0.004879,0.021841,0.146143,0.008473,0.156117,0.0001,,,,,lstm
684943,464,-0.131105,0.00301,1.904077,0.004879,0.014174,0.133768,0.004538,0.095334,0.0001,,,,,lstm
691513,468,-0.107286,0.00492,1.90413,0.004863,0.024518,0.076178,0.00891,0.039197,0.0001,,,,,lstm
691513,468,0.095401,0.004525,1.904172,0.004863,0.031563,0.081659,0.007299,0.06998,0.0001,,,,,lstm
691513,468,-0.064874,0.004944,1.904202,0.004863,0.036576,0.10707,0.018406,0.100933,0.0001,,,,,lstm
691513,468,-0.088638,0.007255,1.904232,0.004863,0.050118,0.144728,0.021545,0.108851,0.0001,,,,,lstm
691513,468,-0.045266,0.003606,1.904237,0.004863,0.037006,0.019583,0.02402,0.027994,0.0001,,,,,lstm
691513,468,-0.024498,0.005577,1.904239,0.004863,0.045632,0.086021,0.021737,0.03972,0.0001,,,,,lstm
691513,468,-0.046917,0.006247,1.904223,0.004863,0.045905,0.084089,0.022172,0.074049,0.0001,,,,,lstm
691513,468,0.10881,0.005739,1.904216,0.004863,0.041247,0.127132,0.014738,0.053712,0.0001,,,,,lstm
691513,468,0.034573,0.005346,1.90419,0.004863,0.040767,0.054714,0.015023,0.029995,0.0001,,,,,lstm
691513,468,-0.031689,0.004795,1.904153,0.004863,0.035392,0.104732,0.015243,0.086306,0.0001,,,,,lstm
691513,468,-0.07144,0.005178,1.904126,0.004863,0.028687,0.061635,0.014239,0.019992,0.0001,,,,,lstm
691513,468,-0.104501,0.003166,1.904088,0.004863,0.025184,0.034348,0.01316,0.033519,0.0001,,,,,lstm
691513,468,-0.054748,0.00371,1.904062,0.004863,0.024442,0.095753,0.008089,0.089038,0.0001,,,,,lstm
691513,468,0.002662,0.00598,1.90403,0.004863,0.0241,0.041882,0.001461,0.020232,0.0001,,,,,lstm
691513,468,-0.040022,0.005232,1.903991,0.004863,0.022079,0.048619,0.000909,0.040489,0.0001,,,,,lstm
691513,468,0.004111,0.004286,1.903956,0.004863,0.023891,0.078964,0.003693,0.065448,0.0001,,,,,lstm
697914,472,-0.067059,0.004394,1.90393,0.004847,0.018939,0.101988,0.000423,0.0915,0.0001,,,,,lstm
697914,472,-0.028506,0.004778,1.903906,0.004847,0.017127,0.079065,0.003968,0.061684,0.0001,,,,,lstm
697914,472,-0.005583,0.005607,1.903905,0.004847,0.020986,0.103432,0.008198,0.086676,0.0001,,,,,lstm
697914,472,0.008724,0.003601,1.903914,0.004847,0.018863,0.141433,0.008008,0.118318,0.0001,,,,,lstm
697914,472,-0.030184,0.005445,1.903955,0.004847,0.019425,0.040818,0.008446,0.038275,0.0001,,,,,lstm
697914,472,0.00667,0.005827,1.903998,0.004847,0.02231,0.088694,0.010003,0.0281,0.0001,,,,,lstm
697914,472,-0.03877,0.003999,1.904064,0.004847,0.018465,0.036807,0.006518,0.008485,0.0001,,,,,lstm
697914,472,-0.257978,0.002994,1.904128,0.004847,0.013331,0.042066,0.002451,0.019409,0.0001,,,,,lstm
697914,472,0.01153,0.004978,1.90418,0.004847,0.021039,0.080709,0.006721,0.048088,0.0001,,,,,lstm
697914,472,-0.112662,0.004079,1.904243,0.004847,0.014898,0.032907,0.001259,0.029619,0.0001,,,,,lstm
697914,472,-0.050045,0.004798,1.904303,0.004847,0.019915,0.05537,0.002652,0.024241,0.0001,,,,,lstm
697914,472,0.378035,0.009468,1.904375,0.004847,0.034056,0.192591,0.022409,0.129156,0.0001,,,,,lstm
697914,472,-0.097201,0.003936,1.904441,0.004847,0.019904,0.139333,0.00534,0.127504,0.0001,,,,,lstm
697914,472,-0.014418,0.004989,1.904522,0.004847,0.023605,0.054771,0.005078,0.02112,0.0001,,,,,lstm
697914,472,0.027985,0.005071,1.9046,0.004847,0.026972,0.058049,0.005217,0.059683,0.0001,,,,,lstm
697914,472,-0.095499,0.002612,1.904668,0.004847,0.019786,0.042129,0.013986,0.041063,0.0001,,,,,lstm
704421,476,-0.041013,0.005174,1.904729,0.00483,0.023747,0.079312,0.006822,0.047945,0.0001,,,,,lstm
704421,476,-0.04006,0.003868,1.904794,0.00483,0.022827,0.058349,0.006371,0.026057,0.0001,,,,,lstm
704421,476,-0.028646,0.004439,1.904858,0.00483,0.02336,0.070487,0.004913,0.045281,0.0001,,,,,lstm
704421,476,0.021529,0.005488,1.904921,0.00483,0.020066,0.12713,0.000784,0.089568,0.0001,,,,,lstm
704421,476,-0.055895,0.004944,1.904996,0.00483,0.020357,0.128254,0.000859,0.062532,0.0001,,,,,lstm
704421,476,-0.082537,0.003764,1.905086,0.00483,0.016862,0.044391,0.003134,0.040112,0.0001,,,,,lstm
704421,476,0.074657,0.005908,1.905174,0.00483,0.024389,0.081279,0.013293,0.043616,0.0001,,,,,lstm
704421,476,-0.214588,0.003598,1.905248,0.00483,0.018328,0.058582,0.00656,0.045498,0.0001,,,,,lstm
704421,476,-0.025882,0.005317,1.90532,0.00483,0.02577,0.045869,0.015702,0.028262,0.0001,,,,,lstm
704421,476,0.012263,0.004862,1.905372,0.00483,0.028282,0.056708,0.018446,0.032401,0.0001,,,,,lstm
704421,476,-0.050238,0.005602,1.905436,0.00483,0.027232,0.081365,0.017563,0.064096,0.0001,,,,,lstm
704421,476,-0.216755,0.006589,1.905495,0.00483,0.019875,0.141031,0.010653,0.141413,0.0001,,,,,lstm
704421,476,-0.019191,0.004999,1.905563,0.00483,0.025562,0.060342,0.015968,0.039598,0.0001,,,,,lstm
704421,476,-0.053028,0.004048,1.905616,0.00483,0.021,0.099922,0.011135,0.063751,0.0001,,,,,lstm
704421,476,0.014724,0.006485,1.905671,0.00483,0.022417,0.059032,0.009755,0.04232,0.0001,,,,,lstm
704421,476,-0.238205,0.003311,1.905725,0.00483,0.01641,0.109956,0.004882,0.074941,0.0001,,,,,lstm
711022,480,-0.009096,0.005417,1.905773,0.004814,0.024083,0.026255,0.00541,0.013171,0.0001,,,,,lstm
711022,480,-0.041056,0.004105,1.905822,0.004814,0.023077,0.061845,0.00807,0.050719,0.0001,,,,,lstm
711022,480,-0.077189,0.004399,1.905871,0.004814,0.025401,0.052897,0.010276,0.042772,0.0001,,,,,lstm
711022,480,0.152273,0.004852,1.905926,0.004814,0.02185,0.076268,0.003781,0.072291,0.0001,,,,,lstm
711022,480,-0.049114,0.004566,1.90598,0.004814,0.025835,0.058389,0.010383,0.053993,0.0001,,,,,lstm
711022,480,0.002344,0.004578,1.90603,0.004814,0.025036,0.063791,0.008821,0.023668,0.0001,,,,,lstm
711022,480,-0.045898,0.004319,1.906092,0.004814,0.025343,0.027587,0.010555,0.029401,0.0001,,,,,lstm
711022,480,0.006891,0.005652,1.906152,0.004814,0.028784,0.117178,0.005895,0.073362,0.0001,,,,,lstm
711022,480,0.024222,0.004292,1.906181,0.004814,0.024912,0.052171,0.007456,0.022478,0.0001,,,,,lstm
711022,480,0.013266,0.00516,1.906222,0.004814,0.026573,0.045895,0.007565,0.026357,0.0001,,,,,lstm
711022,480,-0.099807,0.004249,1.906252,0.004814,0.022555,0.050597,0.011971,0.029898,0.0001,,,,,lstm
711022,480,-0.120849,0.004587,1.906288,0.004814,0.031713,0.138368,0.01106,0.078192,0.0001,,,,,lstm
711022,480,-0.140421,0.003927,1.906337,0.004814,0.021966,0.052172,0.009908,0.045099,0.0001,,,,,lstm
711022,480,0.106665,0.00631,1.906395,0.004814,0.026712,0.040143,0.003758,0.020584,0.0001,,,,,lstm
711022,480,-0.072355,0.003713,1.906454,0.004814,0.015042,0.051793,0.001931,0.022125,0.0001,,,,,lstm
711022,480,0.071579,0.004932,1.906515,0.004814,0.023698,0.082849,0.005174,0.069536,0.0001,,,,,lstm
717467,484,-0.023543,0.004448,1.906565,0.004798,0.020179,0.093551,0.000662,0.092501,0.0001,,,,,lstm
717467,484,-0.064464,0.004005,1.906614,0.004798,0.01911,0.100854,0.000938,0.074336,0.0001,,,,,lstm
717467,484,-0.012878,0.0054,1.906671,0.004798,0.020708,0.069509,0.005789,0.020655,0.0001,,,,,lstm
717467,484,0.02135,0.003789,1.906736,0.004798,0.022095,0.049367,0.008665,0.026149,0.0001,,,,,lstm
717467,484,-0.064841,0.004156,1.906797,0.004798,0.019349,0.064126,0.007539,0.063333,0.0001,,,,,lstm
717467,484,-0.008637,0.005016,1.906853,0.004798,0.018382,0.048028,0.010336,0.023169,0.0001,,,,,lstm
717467,484,-0.080994,0.004623,1.906911,0.004798,0.019312,0.080322,0.009553,0.082564,0.0001,,,,,lstm
717467,484,0.37461,0.008674,1.906973,0.004798,0.040722,0.286623,0.028863,0.228535,0.0001,,,,,lstm
717467,484,-0.059476,0.003589,1.907008,0.004798,0.01594,0.018109,0.00527,0.008226,0.0001,,,,,lstm
717467,484,-0.042215,0.005572,1.907044,0.004798,0.022182,0.088431,0.004936,0.065219,0.0001,,,,,lstm
717467,484,-0.014953,0.004174,1.907097,0.004798,0.020703,0.049239,0.001172,0.025137,0.0001,,,,,lstm
717467,484,0.133867,0.007986,1.907146,0.004798,0.032092,0.376919,0.006896,0.369843,0.0001,,,,,lstm
717467,484,-0.07572,0.003465,1.907201,0.004798,0.019102,0.070898,0.004561,0.06009,0.0001,,,,,lstm
717467,484,0.024448,0.005441,1.907265,0.004798,0.025696,0.07359,0.000633,0.061293,0.0001,,,,,lstm
717467,484,-0.066872,0.00444,1.907328,0.004798,0.02043,0.086177,0.003131,0.074197,0.0001,,,,,lstm
717467,484,0.141029,0.004582,1.9074,0.004798,0.027911,0.399041,0.00411,0.407659,0.0001,,,,,lstm
723355,488,-0.107525,0.011322,1.907436,0.004782,0.0465,0.073009,0.028879,0.043952,0.0001,,,,,lstm
723355,488,0.129616,0.004358,1.907482,0.004782,0.023152,0.049823,0.009734,0.038778,0.0001,,,,,lstm
723355,488,0.042037,0.008162,1.907528,0.004782,0.030605,0.035931,0.015785,0.020461,0.0001,,,,,lstm
723355,488,0.050413,0.010463,1.907566,0.004782,0.037088,0.113373,0.015201,0.042197,0.0001,,,,,lstm
723355,488,0.062326,0.005831,1.907596,0.004782,0.0269,0.068348,0.009215,0.069817,0.0001,,,,,lstm
723355,488,-0.058065,0.00759,1.907624,0.004782,0.033909,0.085171,0.014995,0.055513,0.0001,,,,,lstm
723355,488,-0.048291,0.008611,1.907662,0.004782,0.034248,0.064608,0.012308,0.068975,0.0001,,,,,lstm
723355,488,0.085201,0.007061,1.907702,0.004782,0.028413,0.069526,0.004229,0.056726,0.0001,,,,,lstm
723355,488,0.02615,0.008372,1.907752,0.004782,0.035529,0.071857,0.00537,0.04519,0.0001,,,,,lstm
723355,488,0.039773,0.00802,1.907788,0.004782,0.034878,0.056529,0.004641,0.023966,0.0001,,,,,lstm
723355,488,0.065988,0.007343,1.907831,0.004782,0.031338,0.037306,0.007619,0.020877,0.0001,,,,,lstm
723355,488,-0.050573,0.008715,1.907867,0.004782,0.034097,0.08407,0.004891,0.060454,0.0001,,,,,lstm
729616,492,0.078366,0.006095,1.907907,0.004766,0.022979,0.06551,0.004106,0.035567,0.0001,,,,,lstm
729616,492,0.031987,0.005319,1.907944,0.004766,0.023335,0.044562,0.002471,0.035074,0.0001,,,,,lstm
729616,492,-0.072244,0.005223,1.90797,0.004766,0.02156,0.047759,0.005344,0.038541,0.0001,,,,,lstm
729616,492,-0.077849,0.002344,1.907989,0.004766,0.01141,0.050323,0.005393,0.018666,0.0001,,,,,lstm
729616,492,-0.00162,0.003845,1.908017,0.004766,0.014272,0.027032,0.002438,0.022145,0.0001,,,,,lstm
729616,492,0.016342,0.004718,1.908047,0.004766,0.021141,0.044048,0.002119,0.038643,0.0001,,,,,lstm
729616,492,0.031801,0.006444,1.908072,0.004766,0.028806,0.091442,0.001961,0.045955,0.0001,,,,,lstm
729616,492,-0.193745,0.02122,1.90808,0.004766,0.04585,0.135198,0.025431,0.069262,0.0001,,,,,lstm
729616,492,0.043027,0.006853,1.908125,0.004766,0.028626,0.056897,0.001647,0.026064,0.0001,,,,,lstm
729616,492,0.030065,0.004118,1.908164,0.004766,0.019122,0.036638,0.000897,0.025833,0.0001,,,,,lstm
729616,492,-0.061754,0.005167,1.908196,0.004766,0.015686,0.023223,0.006544,0.01845,0.0001,,,,,lstm
729616,492,0.265868,0.005384,1.908224,0.004766,0.031771,0.193444,0.012014,0.037642,0.0001,,,,,lstm
729616,492,0.010683,0.005385,1.908258,0.004766,0.021776,0.031955,0.001759,0.019856,0.0001,,,,,lstm
729616,492,0.089285,0.006082,1.908284,0.004766,0.02089,0.071148,0.002263,0.072416,0.0001,,,,,lstm
729616,492,-0.058031,0.004861,1.908298,0.004766,0.020333,0.046735,0.002688,0.030482,0.0001,,,,,lstm
729616,492,-0.100628,0.003572,1.908314,0.004766,0.015419,0.076652,0.002906,0.069652,0.0001,,,,,lstm
736268,496,-0.062584,0.004497,1.908341,0.004749,0.018075,0.06665,0.003094,0.065571,0.0001,,,,,lstm
736268,496,0.042481,0.005216,1.90837,0.004749,0.023168,0.076784,0.007479,0.046789,0.0001,,,,,lstm
736268,496,-0.069938,0.004198,1.908375,0.004749,0.01821,0.052331,0.002525,0.048299,0.0001,,,,,lstm
736268,496,-0.046868,0.005829,1.908383,0.004749,0.028204,0.226375,0.004337,0.122276,0.0001,,,,,lstm
736268,496,-0.060506,0.004449,1.908383,0.004749,0.018762,0.043875,0.001166,0.036349,0.0001,,,,,lstm
736268,496,0.018997,0.004592,1.908374,0.004749,0.024966,0.028929,0.002205,0.010272,0.0001,,,,,lstm
736268,496,-0.047483,0.004529,1.90836,0.004749,0.027838,0.099872,0.0065,0.105171,0.0001,,,,,lstm
736268,496,-0.048975,0.005333,1.908347,0.004749,0.032773,0.198005,0.008103,0.207734,0.0001,,,,,lstm
736268,496,-0.034179,0.003891,1.908331,0.004749,0.029587,0.039773,0.010541,0.029058,0.0001,,,,,lstm
736268,496,-0.039426,0.005561,1.908325,0.004749,0.032085,0.049911,0.010337,0.041326,0.0001,,,,,lstm
736268,496,0.005262,0.004457,1.908314,0.004749,0.03082,0.064634,0.008993,0.035982,0.0001,,,,,lstm
736268,496,-0.123162,0.002983,1.908291,0.004749,0.023964,0.040854,0.013421,0.037213,0.0001,,,,,lstm
736268,496,-0.039015,0.004786,1.908264,0.004749,0.025406,0.059976,0.007187,0.063595,0.0001,,,,,lstm
736268,496,0.025389,0.004887,1.908234,0.004749,0.027124,0.0514,0.001812,0.015472,0.0001,,,,,lstm
736268,496,-0.105155,0.003983,1.908189,0.004749,0.021459,0.023374,0.003914,0.020697,0.0001,,,,,lstm
736268,496,0.071109,0.003652,1.908151,0.004749,0.023709,0.177507,0.004725,0.125209,0.0001,,,,,lstm
742956,500,-0.074885,0.004732,1.908112,0.004733,0.022251,0.064874,0.002654,0.055357,0.0001,,,,,lstm
742956,500,-0.046377,0.003449,1.908084,0.004733,0.017874,0.06187,0.005985,0.060022,0.0001,,,,,lstm
742956,500,-0.023493,0.005557,1.908046,0.004733,0.023642,0.105319,0.010281,0.094977,0.0001,,,,,lstm
742956,500,0.178453,0.008829,1.908002,0.004733,0.037124,0.14422,0.021011,0.069061,0.0001,,,,,lstm
742956,500,-0.003293,0.005353,1.90794,0.004733,0.026978,0.206379,0.008454,0.20907,0.0001,,,,,lstm
742956,500,-0.103464,0.004399,1.907889,0.004733,0.022884,0.182589,0.002046,0.193696,0.0001,,,,,lstm
742956,500,-0.023473,0.00457,1.907839,0.004733,0.021124,0.038407,0.001799,0.010543,0.0001,,,,,lstm
742956,500,0.124831,0.006231,1.907789,0.004733,0.029404,0.208296,0.005663,0.170097,0.0001,,,,,lstm
742956,500,-0.043544,0.005297,1.907686,0.004733,0.029252,0.038963,0.004581,0.034277,0.0001,,,,,lstm
742956,500,0.023817,0.004252,1.907592,0.004733,0.024257,0.058002,0.004957,0.045874,0.0001,,,,,lstm
742956,500,-0.087711,0.004428,1.907495,0.004733,0.028537,0.090748,0.010869,0.099736,0.0001,,,,,lstm
742956,500,0.050705,0.004471,1.907405,0.004733,0.030324,0.131775,0.00629,0.096922,0.0001,,,,,lstm
742956,500,-0.086654,0.003944,1.907296,0.004733,0.024886,0.016822,0.01017,0.015238,0.0001,,,,,lstm
742956,500,0.006154,0.004833,1.907199,0.004733,0.025804,0.060156,0.003152,0.007609,0.0001,,,,,lstm
742956,500,-0.024395,0.004672,1.907107,0.004733,0.026744,0.092056,0.002432,0.078584,0.0001,,,,,lstm
742956,500,0.042491,0.006355,1.907002,0.004733,0.028183,0.14437,0.003112,0.096836,0.0001,,,,,lstm
