episode,global_step,reward,avg10,length,success,goal_touched,collision,timeout,min_dist,avg_speed_ms,end_reason,elapsed_s,act0_mean,act0_std,act0_min,act0_max,act1_mean,act1_std,act1_min,act1_max,obs_mean,obs_std,obs_min,obs_max,actor_loss,critic_loss,policy_entropy,entropy_coef,value_residual,grad_norm_actor,grad_norm_critic,grad_norm_rnn,lr_actor,lr_critic,alpha,alpha_loss,target_update_magnitude,replay_buffer_size,recurrent_cell
1,136,-4.0398,-4.0398,136,0,0,1,0,3.5889,2.128,collision,1.6,-0.062856,0.400567,-0.805323,0.808979,5.863215,0.247499,4.109753,5.998892,0.410855,0.392018,-0.185265,1.0,,,,,,,,,,,,,,0,gru
2,533,59.0182,27.4892,397,0,0,1,0,3.0386,2.047,collision,5.5,0.21632,0.405706,-0.788848,0.870134,5.846361,0.234177,3.909159,5.99845,0.397527,0.397287,-0.739141,1.0,,,,,,,,,,,,,,0,gru
3,674,-2.2033,17.5917,141,0,0,1,0,3.5914,2.161,collision,7.0,-0.068268,0.387708,-0.852684,0.778167,5.83091,0.283977,4.177693,5.997719,0.407459,0.391184,-0.148447,1.0,,,,,,,,,,,,,,0,gru
4,813,-6.6884,11.5217,139,0,0,1,0,3.6309,1.969,collision,9.1,-0.305718,0.397053,-0.853357,0.79354,5.908609,0.140522,5.088045,5.998408,0.417923,0.400503,-0.591992,1.0,-0.024649,0.029321,1.763317,0.004994,0.128787,0.281554,0.074946,0.190749,3.7e-05,,,,,0,gru
5,1108,-13.6585,6.4856,295,0,0,1,0,3.6155,1.918,collision,11.9,0.266447,0.465914,-0.837874,0.880182,5.814627,0.298073,3.744944,5.998411,0.384832,0.421638,-1.0,1.00765,,,,,,,,,,,,,,0,gru
6,1287,-7.5745,4.1423,179,0,0,1,0,3.5541,2.027,collision,13.7,0.192223,0.430424,-0.817979,0.879995,5.838529,0.239615,4.534916,5.996237,0.3642,0.393118,-0.727728,1.0,,,,,,,,,,,,,,0,gru
7,1424,-4.7687,2.8693,137,0,0,1,0,3.5652,2.054,collision,15.0,0.053552,0.449038,-0.769225,0.853987,5.832767,0.261822,3.85781,5.998349,0.397149,0.385892,-0.431867,1.0,,,,,,,,,,,,,,0,gru
8,1562,-5.8238,1.7827,138,0,0,1,0,3.6927,1.991,collision,16.7,-0.299139,0.389707,-0.861591,0.793144,5.91932,0.123549,5.175485,5.998913,0.417183,0.398175,-0.491661,1.006644,-0.035733,0.034306,1.763484,0.004982,0.124761,0.531549,0.060127,0.319734,4.9e-05,,,,,0,gru
9,1694,-5.0467,1.0238,132,0,0,1,0,3.5247,2.173,collision,18.0,-0.075219,0.364989,-0.8119,0.753909,5.879173,0.173724,4.747437,5.999045,0.41219,0.389143,-0.143611,1.0,,,,,,,,,,,,,,0,gru
10,1839,-1.1129,0.8102,145,0,0,1,0,3.6127,2.107,collision,19.4,-0.067366,0.415038,-0.796711,0.803033,5.857578,0.2252,4.493881,5.999559,0.408547,0.392112,-0.206962,1.0,,,,,,,,,,,,,,0,gru
11,1973,-5.4337,0.6708,134,0,0,1,0,3.593,2.131,collision,20.8,-0.012055,0.402377,-0.812577,0.819105,5.789754,0.334441,3.352734,5.997838,0.407053,0.388356,-0.250561,1.0,,,,,,,,,,,,,,0,gru
12,2136,-7.13,-5.944,163,0,0,1,0,3.583,2.038,collision,22.7,0.139959,0.435247,-0.791566,0.826424,5.807256,0.332007,3.695205,5.997843,0.37639,0.392811,-0.709779,1.0,-0.084278,0.041704,1.763636,0.00497,0.106327,0.23896,0.054184,0.110779,6.1e-05,,,,,0,gru
13,2270,-4.5639,-6.1801,134,0,0,1,0,3.5642,2.173,collision,24.0,-0.114138,0.36825,-0.813367,0.753957,5.865776,0.227928,4.558863,5.998554,0.415556,0.392795,-0.183875,1.0,,,,,,,,,,,,,,0,gru
14,2399,-7.1874,-6.23,129,0,0,1,0,3.5925,2.073,collision,25.3,0.029118,0.443502,-0.826583,0.799048,5.83771,0.232677,4.472179,5.998615,0.404856,0.387177,-0.317215,1.0,,,,,,,,,,,,,,0,gru
15,2522,-11.116,-5.9758,123,0,0,1,0,3.6382,1.996,collision,26.5,-0.280544,0.398657,-0.872644,0.829714,5.88556,0.260577,3.387309,5.997895,0.414002,0.396919,-0.511636,1.0,,,,,,,,,,,,,,0,gru
16,2658,-4.2658,-5.6449,136,0,0,1,0,3.636,2.123,collision,28.2,-0.069806,0.411921,-0.817612,0.817918,5.869204,0.182298,4.835529,5.995645,0.410234,0.391961,-0.18543,1.0,-0.104627,0.039873,1.76366,0.004958,0.07949,0.210881,0.048264,0.122227,7.3e-05,,,,,0,gru
17,2797,-5.7253,-5.7406,139,0,0,1,0,3.6387,2.025,collision,29.6,-0.302777,0.374905,-0.836807,0.854111,5.894409,0.186633,4.574359,5.999567,0.415745,0.398157,-0.545883,1.0,,,,,,,,,,,,,,0,gru
18,2931,-5.566,-5.7148,134,0,0,1,0,3.6532,2.108,collision,31.0,-0.026819,0.427551,-0.81851,0.847043,5.835261,0.247368,4.328993,5.998063,0.408752,0.389823,-0.291116,1.001516,,,,,,,,,,,,,,0,gru
19,3062,-6.7978,-5.8899,131,0,0,1,0,3.6721,2.015,collision,32.3,-0.226071,0.41805,-0.825351,0.7492,5.887449,0.183343,4.75518,5.999673,0.413393,0.391848,-0.344448,1.000401,,,,,,,,,,,,,,0,gru
20,3196,-5.5935,-6.3379,134,0,0,1,0,3.6655,2.079,collision,33.9,-0.015824,0.435214,-0.829611,0.819034,5.822532,0.280408,4.136933,5.99816,0.412903,0.39247,-0.290644,1.003469,-0.053083,0.037511,1.763721,0.004946,0.065298,0.36683,0.068179,0.187122,8.5e-05,,,,,0,gru
21,3331,-4.7292,-6.2675,135,0,0,1,0,3.6645,2.112,collision,35.2,-0.19475,0.37393,-0.841658,0.686053,5.841812,0.315559,3.545075,5.999037,0.415811,0.395107,-0.264539,1.004519,,,,,,,,,,,,,,0,gru
22,3465,-7.4122,-6.2957,134,0,0,1,0,3.5692,2.071,collision,36.6,0.165197,0.415752,-0.723548,0.849164,5.71691,0.535864,2.019982,5.99394,0.396734,0.386074,-0.562924,1.0,,,,,,,,,,,,,,0,gru
23,3614,0.2422,-5.8151,149,0,0,1,0,3.6288,2.114,collision,38.1,-0.074964,0.411323,-0.828897,0.828434,5.824096,0.314177,3.624196,5.997989,0.409267,0.393938,-0.226087,1.006118,,,,,,,,,,,,,,0,gru
24,3751,-4.8842,-5.5848,137,0,0,1,0,3.5432,2.018,collision,39.8,0.11309,0.462594,-0.85592,0.867354,5.789242,0.306342,3.966297,5.997774,0.396004,0.385754,-0.43856,1.0,-0.099769,0.035935,1.763951,0.004934,0.068451,0.729418,0.031579,0.368282,9.7e-05,,,,,0,gru
25,3884,-9.2314,-5.3963,133,0,0,1,0,3.7416,1.937,collision,41.1,-0.416312,0.3071,-0.84511,0.511441,5.907901,0.161133,4.70847,5.998176,0.407143,0.391792,-0.576225,1.009988,,,,,,,,,,,,,,0,gru
26,4016,-6.197,-5.5895,132,0,0,1,0,3.6493,2.109,collision,42.5,-0.225823,0.366412,-0.843962,0.676894,5.861254,0.232277,4.684214,5.996759,0.415685,0.392955,-0.288937,1.0,,,,,,,,,,,,,,0,gru
27,4149,-6.2312,-5.64,133,0,0,1,0,3.6234,2.118,collision,43.8,0.017699,0.420545,-0.808928,0.836206,5.83756,0.251471,4.455517,5.99932,0.40331,0.386805,-0.35237,1.0,,,,,,,,,,,,,,0,gru
28,4283,-4.6736,-5.5508,134,0,0,1,0,3.582,2.163,collision,45.5,-0.074461,0.383592,-0.812993,0.748671,5.859293,0.176512,5.04912,5.99844,0.407983,0.386938,-0.1823,1.0,-0.08498,0.036437,1.764207,0.004922,0.066827,0.516234,0.010795,0.247608,0.0001,,,,,0,gru
29,4448,-3.8564,-5.2567,165,0,0,1,0,3.6491,2.068,collision,47.1,0.114326,0.428685,-0.783216,0.856618,5.795938,0.346155,2.93697,5.997854,0.391727,0.396176,-0.690265,1.008133,,,,,,,,,,,,,,0,gru
30,4588,-5.1448,-5.2118,140,0,0,1,0,3.6522,2.02,collision,48.5,-0.248176,0.404202,-0.862269,0.778237,5.839893,0.29064,3.771923,5.998086,0.415655,0.396189,-0.503977,1.0,,,,,,,,,,,,,,0,gru
31,4716,-8.1076,-5.5496,128,0,0,1,0,3.6086,2.042,collision,49.8,-0.260608,0.381385,-0.813484,0.623533,5.876764,0.254206,4.325106,5.999275,0.414747,0.393658,-0.434321,1.0,,,,,,,,,,,,,,0,gru
32,4850,-7.6275,-5.5712,134,0,0,1,0,3.6159,2.034,collision,51.4,0.106183,0.451341,-0.775431,0.845201,5.733123,0.418596,3.458276,5.997121,0.40282,0.38967,-0.544247,1.0,-0.04714,0.028314,1.764462,0.00491,0.069353,0.275323,0.025937,0.145035,0.0001,,,,,0,gru
33,4992,-2.7975,-5.8751,142,0,0,1,0,3.6674,2.119,collision,52.8,-0.182313,0.385982,-0.867701,0.723223,5.858604,0.245085,3.951807,5.997101,0.417762,0.3976,-0.304167,1.010276,,,,,,,,,,,,,,0,gru
34,5132,-3.1351,-5.7002,140,0,0,1,0,3.5601,2.067,collision,54.2,-0.177075,0.422212,-0.850948,0.813259,5.844281,0.186673,4.968744,5.996797,0.406631,0.389048,-0.337568,1.0,,,,,,,,,,,,,,0,gru
35,5271,-3.0572,-5.0828,139,0,0,1,0,3.5851,2.067,collision,55.5,-0.0576,0.441284,-0.81543,0.795005,5.856555,0.195014,4.708864,5.997909,0.405015,0.388607,-0.166369,1.0,,,,,,,,,,,,,,0,gru
36,5420,0.0738,-4.4557,149,0,0,1,0,3.6204,2.068,collision,57.3,-0.119392,0.423395,-0.863216,0.832342,5.804646,0.309938,4.259065,5.997216,0.402867,0.38982,-0.221219,1.001018,-0.09554,0.026233,1.764722,0.004898,0.069423,0.554783,0.008995,0.272669,0.0001,,,,,0,gru
37,5559,-3.0638,-4.139,139,0,0,1,0,3.5308,2.146,collision,58.6,-0.177653,0.361949,-0.850902,0.66334,5.849783,0.274715,3.524725,5.998565,0.411517,0.390079,-0.265152,1.0,,,,,,,,,,,,,,0,gru
38,5706,-5.9801,-4.2696,147,0,0,1,0,3.5578,2.043,collision,60.1,0.154073,0.439201,-0.76232,0.842745,5.765377,0.367523,3.188837,5.99724,0.3817,0.383028,-0.623472,1.0,,,,,,,,,,,,,,0,gru
39,5853,-1.1672,-4.0007,147,0,0,1,0,3.5674,2.07,collision,61.5,0.071707,0.440009,-0.807182,0.846979,5.769016,0.313467,4.11786,5.996526,0.398706,0.386846,-0.373925,1.0,,,,,,,,,,,,,,0,gru
40,6019,-8.7564,-4.3618,166,0,0,1,0,3.5528,2.13,collision,63.5,0.203087,0.354556,-0.755783,0.835591,5.757409,0.313876,4.38126,5.998446,0.372589,0.392929,-0.713663,1.0,-0.064602,0.032619,1.764954,0.004886,0.091145,0.620757,0.007354,0.338171,0.0001,,,,,0,gru
41,6157,-3.4083,-3.8919,138,0,0,1,0,3.5659,2.135,collision,64.9,-0.045505,0.405028,-0.789589,0.748197,5.748706,0.385827,3.934541,5.995191,0.403233,0.386163,-0.189771,1.0,,,,,,,,,,,,,,0,gru
42,6297,-3.7036,-3.4995,140,0,0,1,0,3.6675,2.112,collision,66.3,-0.025021,0.420106,-0.785262,0.863238,5.810809,0.336712,3.290396,5.99737,0.413261,0.394795,-0.307813,1.009108,,,,,,,,,,,,,,0,gru
43,6437,-2.7592,-3.4957,140,0,0,1,0,3.6261,2.08,collision,67.7,-0.154096,0.412513,-0.842323,0.758015,5.814461,0.276578,4.140443,5.99949,0.408788,0.391153,-0.230695,1.0,,,,,,,,,,,,,,0,gru
44,6578,-3.3307,-3.5153,141,0,0,1,0,3.6407,2.17,collision,69.5,-0.078809,0.371968,-0.844774,0.709763,5.795463,0.354247,3.132545,5.997244,0.410081,0.391358,-0.239316,1.004912,-0.070932,0.023396,1.765222,0.004874,0.067325,0.165881,0.010138,0.076951,0.0001,,,,,0,gru
45,6718,-3.1454,-3.5241,140,0,0,1,0,3.5745,2.121,collision,70.8,0.005552,0.417229,-0.792084,0.811692,5.776557,0.362626,3.743984,5.999475,0.396884,0.382975,-0.310374,1.0,,,,,,,,,,,,,,0,gru
46,6872,-8.3073,-4.3622,154,0,0,1,0,3.5818,2.088,collision,72.4,0.151561,0.411869,-0.834603,0.858937,5.759695,0.321426,3.824914,5.993174,0.377348,0.390351,-0.659923,1.0,,,,,,,,,,,,,,0,gru
47,7026,-6.9044,-4.7463,154,0,0,1,0,3.6312,2.042,collision,74.0,0.14315,0.444488,-0.841609,0.883925,5.778289,0.363323,3.858714,5.997624,0.38899,0.394712,-0.636692,1.0,,,,,,,,,,,,,,0,gru
48,7162,-7.1038,-4.8586,136,0,0,1,0,3.5882,2.003,collision,75.7,-0.262715,0.412723,-0.872511,0.80384,5.842254,0.338981,3.449243,5.998758,0.420163,0.39877,-0.552249,1.0,-0.044449,0.024726,1.765409,0.004862,0.084961,0.15422,0.011001,0.085284,0.0001,,,,,0,gru
49,7699,73.697,2.6278,537,0,0,1,0,2.7131,2.089,collision,81.0,0.179015,0.399242,-0.844098,0.88874,5.72088,0.427886,2.822234,5.998317,0.377963,0.394671,-0.922223,1.0,,,,,,,,,,,,,,0,gru
50,7844,-3.6192,3.1415,145,0,0,1,0,3.6775,1.967,collision,82.4,-0.25735,0.429855,-0.842299,0.80764,5.829305,0.244011,4.388898,5.998111,0.416211,0.397017,-0.514972,1.005573,,,,,,,,,,,,,,0,gru
51,7980,-6.7249,2.8099,136,0,0,1,0,3.6062,2.023,collision,83.7,0.094255,0.465293,-0.798177,0.854496,5.727749,0.384522,3.768466,5.996543,0.407131,0.392958,-0.557874,1.0,,,,,,,,,,,,,,0,gru
52,8119,-2.799,2.9003,139,0,0,1,0,3.5305,2.173,collision,85.5,-0.073984,0.374837,-0.804495,0.839897,5.780376,0.361585,3.878942,5.995982,0.405439,0.385757,-0.209632,1.0,0.007087,0.019841,1.765609,0.00485,0.087368,0.36898,0.047499,0.221494,0.0001,,,,,0,gru
53,8267,-0.5428,3.122,148,0,0,1,0,3.6427,2.106,collision,87.0,-0.150415,0.396196,-0.872088,0.698938,5.809016,0.292279,3.999858,5.997185,0.409491,0.390894,-0.273638,1.006992,,,,,,,,,,,,,,0,gru
54,8671,50.5827,8.5133,404,0,0,1,0,3.0144,2.063,collision,90.9,0.192412,0.405395,-0.833949,0.862271,5.783653,0.32587,2.909426,5.999057,0.394864,0.401706,-0.795309,1.0,,,,,,,,,,,,,,0,gru
55,8796,-7.8572,8.0421,125,0,0,1,0,3.5689,2.128,collision,92.2,-0.136296,0.376584,-0.799022,0.676187,5.809455,0.398825,3.387344,5.997973,0.413751,0.387217,-0.224034,1.0,,,,,,,,,,,,,,0,gru
56,8931,-4.8168,8.3912,135,0,0,1,0,3.5638,2.113,collision,93.9,-0.038199,0.413911,-0.828377,0.769769,5.73815,0.540963,1.953777,5.996572,0.402893,0.382479,-0.20757,1.0,-0.026488,0.022668,1.765848,0.004838,0.100621,0.334476,0.015224,0.184119,0.0001,,,,,0,gru
57,9056,-13.2967,7.7519,125,0,0,1,0,3.7704,1.913,collision,95.1,-0.443093,0.277426,-0.84205,0.489112,5.884895,0.166683,4.775639,5.99789,0.402101,0.396705,-0.648633,1.010586,,,,,,,,,,,,,,0,gru
58,9184,-6.9793,7.7644,128,0,0,1,0,3.5786,2.075,collision,96.3,-0.178179,0.406681,-0.851058,0.663762,5.813749,0.289198,4.16423,5.997505,0.415965,0.39109,-0.290044,1.0,,,,,,,,,,,,,,0,gru
59,9317,-9.0467,-0.51,133,0,0,1,0,3.575,2.035,collision,97.7,-0.331542,0.331133,-0.82838,0.835447,5.857293,0.284424,3.631555,5.997909,0.419756,0.398728,-0.633224,1.0,,,,,,,,,,,,,,0,gru
60,9460,-2.1049,-0.3586,143,0,0,1,0,3.6278,2.148,collision,99.5,-0.057173,0.395624,-0.830371,0.755287,5.795473,0.341749,3.595718,5.996285,0.407295,0.391623,-0.204088,1.003249,-0.084504,0.018819,1.766049,0.004826,0.066656,0.283878,0.032224,0.133739,0.0001,,,,,0,gru
61,9608,-0.4277,0.2712,148,0,0,1,0,3.6205,2.081,collision,101.0,-0.063038,0.436757,-0.854385,0.83168,5.767847,0.428163,2.817851,5.997415,0.403534,0.390699,-0.258163,1.002022,,,,,,,,,,,,,,0,gru
62,9749,-3.6336,0.1877,141,0,0,1,0,3.5854,2.09,collision,102.4,0.084303,0.441143,-0.786036,0.871342,5.724191,0.458623,3.418136,5.998274,0.40214,0.388719,-0.420271,1.0,,,,,,,,,,,,,,0,gru
63,9885,-5.3789,-0.2959,136,0,0,1,0,3.6489,2.066,collision,103.8,-0.231846,0.377998,-0.851576,0.639064,5.821302,0.308601,3.97816,5.994949,0.415315,0.394041,-0.398672,1.0,,,,,,,,,,,,,,0,gru
64,10038,-0.3416,-5.3883,153,0,0,1,0,3.623,2.067,collision,105.7,0.043325,0.444716,-0.810404,0.845944,5.729393,0.49635,2.502222,5.996688,0.406092,0.396062,-0.461049,1.003104,-0.075061,0.019543,1.766368,0.004814,0.053229,0.43847,0.017571,0.225664,0.0001,,,,,0,gru
65,10167,-7.5521,-5.3578,129,0,0,1,0,3.6398,2.037,collision,106.9,-0.214922,0.419978,-0.840469,0.747584,5.790277,0.278034,4.867898,5.997372,0.410303,0.387991,-0.330614,1.0,,,,,,,,,,,,,,0,gru
66,10321,0.4006,-4.8361,154,0,0,1,0,3.6477,2.091,collision,108.5,-0.173481,0.392349,-0.853663,0.808519,5.794407,0.273086,4.304548,5.993542,0.407967,0.390658,-0.383303,1.007894,,,,,,,,,,,,,,0,gru
67,10453,-6.9979,-4.2062,132,0,0,1,0,3.6032,2.04,collision,109.8,-0.270549,0.383346,-0.820087,0.712878,5.808652,0.290702,3.849898,5.997626,0.412036,0.390323,-0.43527,1.0,,,,,,,,,,,,,,0,gru
68,10611,1.1639,-3.3919,158,0,0,1,0,3.6471,2.093,collision,111.8,-0.092125,0.419455,-0.793407,0.862975,5.783409,0.273207,4.639613,5.996985,0.407247,0.394252,-0.430829,1.008963,-0.026507,0.022749,1.76658,0.004802,0.075005,0.577973,0.05941,0.296808,0.0001,,,,,0,gru
69,10783,-5.8522,-3.0724,172,0,0,1,0,3.5861,2.085,collision,113.5,0.093863,0.423673,-0.775603,0.796652,5.71809,0.506874,1.660678,5.996243,0.380426,0.394598,-0.688348,1.0,,,,,,,,,,,,,,0,gru
70,11632,165.2822,13.6663,849,0,0,1,0,2.132,2.042,collision,121.9,0.023972,0.463019,-0.85179,0.863971,5.710862,0.435954,2.476026,5.998779,0.394582,0.406044,-0.990955,1.0,,,,,,,,,,,,,,0,gru
71,11770,-5.1488,13.1942,138,0,0,1,0,3.6421,2.118,collision,123.3,0.01348,0.41595,-0.836494,0.865777,5.777798,0.333236,3.40077,5.99747,0.410056,0.391293,-0.388331,1.000547,,,,,,,,,,,,,,0,gru
72,11914,-2.6037,13.2972,144,0,0,1,0,3.6014,2.174,collision,125.2,-0.041728,0.381052,-0.765836,0.750959,5.755307,0.387736,3.814103,5.996519,0.402068,0.386359,-0.247263,1.0,-0.003344,0.020049,1.766713,0.00479,0.112833,0.102667,0.087192,0.115099,0.0001,,,,,0,gru
73,12084,-5.4537,13.2897,170,0,0,1,0,3.5222,2.099,collision,126.8,0.172238,0.392891,-0.757357,0.855157,5.632672,0.536697,1.506851,5.998625,0.367419,0.387812,-0.657305,1.0,,,,,,,,,,,,,,0,gru
74,12229,-3.484,12.9754,145,0,0,1,0,3.6418,2.052,collision,128.2,-0.264868,0.377376,-0.847974,0.678252,5.803465,0.329031,3.711866,5.999497,0.413394,0.392218,-0.477906,1.000106,,,,,,,,,,,,,,0,gru
75,12367,-4.4691,13.2837,138,0,0,1,0,3.5343,2.092,collision,129.6,-0.232335,0.370876,-0.886651,0.737282,5.85113,0.188041,5.038415,5.998122,0.413171,0.390044,-0.386864,1.0,,,,,,,,,,,,,,0,gru
76,12511,-1.6464,13.079,144,0,0,1,0,3.509,2.117,collision,131.4,-0.150273,0.381066,-0.855141,0.737359,5.790591,0.298409,4.199988,5.998233,0.409597,0.38924,-0.326414,1.0,-0.059601,0.025468,1.766903,0.004778,0.103889,0.24766,0.113445,0.165215,0.0001,,,,,0,gru
77,12810,-12.7912,12.4997,299,0,0,1,0,3.6184,1.937,collision,134.2,0.028956,0.510697,-0.842254,0.848096,5.788544,0.345822,2.541055,5.998706,0.383812,0.419738,-0.997661,1.003968,,,,,,,,,,,,,,0,gru
78,12952,-3.0713,12.0762,142,0,0,1,0,3.6494,2.05,collision,135.6,-0.169909,0.420085,-0.831257,0.741363,5.798612,0.337721,2.917989,5.996055,0.412515,0.391932,-0.27086,1.00192,,,,,,,,,,,,,,0,gru
79,13092,-3.4186,12.3195,140,0,0,1,0,3.5848,2.179,collision,136.9,-0.042224,0.37858,-0.802605,0.752053,5.791869,0.299261,3.869832,5.997859,0.405485,0.388183,-0.22724,1.0,,,,,,,,,,,,,,0,gru
80,13225,-4.9557,-4.7042,133,0,0,1,0,3.5315,2.21,collision,138.4,-0.0691,0.351478,-0.818896,0.802316,5.751041,0.333907,3.963264,5.995893,0.409655,0.386444,-0.227096,1.0,-0.049309,0.022596,1.767198,0.004766,0.107238,0.53764,0.04715,0.304872,0.0001,,,,,0,gru
81,13368,-1.9025,-4.3796,143,0,0,1,0,3.6386,2.113,collision,139.8,-0.103478,0.406772,-0.865658,0.835493,5.805135,0.36138,3.013903,5.999153,0.411831,0.39423,-0.197754,1.004656,,,,,,,,,,,,,,0,gru
82,13497,-9.1718,-5.0364,129,0,0,1,0,3.6457,2.002,collision,141.0,-0.328853,0.349182,-0.884678,0.751622,5.82849,0.27464,4.195082,5.995553,0.418018,0.399403,-0.490547,1.0,,,,,,,,,,,,,,0,gru
83,13657,-9.8211,-5.4732,160,0,0,1,0,3.6204,2.015,collision,142.5,0.193284,0.438535,-0.826959,0.877709,5.699344,0.387183,2.856998,5.994277,0.381944,0.394352,-0.707035,1.0,,,,,,,,,,,,,,0,gru
84,13818,-5.7365,-5.6984,161,0,0,1,0,3.5533,2.04,collision,144.3,0.208341,0.409862,-0.870698,0.872554,5.703265,0.489761,2.053952,5.996337,0.370214,0.388095,-0.659277,1.0,-0.048797,0.022462,1.767351,0.004754,0.087841,0.429307,0.020671,0.226657,0.0001,,,,,0,gru
85,13963,-1.6153,-5.413,145,0,0,1,0,3.6408,2.144,collision,145.7,-0.093033,0.387637,-0.774254,0.741016,5.745879,0.396879,3.169545,5.99754,0.409312,0.392619,-0.246697,1.006583,,,,,,,,,,,,,,0,gru
86,14093,-6.8736,-5.9358,130,0,0,1,0,3.5549,2.053,collision,146.9,-0.207012,0.41305,-0.864902,0.717282,5.765856,0.413227,2.693162,5.998476,0.411884,0.387538,-0.352305,1.0,,,,,,,,,,,,,,0,gru
87,14236,-8.6867,-5.5253,143,0,0,1,0,3.682,2.089,collision,148.3,0.152158,0.412956,-0.853104,0.824962,5.717955,0.418045,3.539742,5.999587,0.406409,0.39881,-0.671692,1.007774,,,,,,,,,,,,,,0,gru
88,14374,-3.5082,-5.569,138,0,0,1,0,3.5678,2.105,collision,149.8,-0.15302,0.404338,-0.831337,0.764745,5.804434,0.289765,4.052716,5.995474,0.408459,0.389745,-0.28314,1.0,-0.084142,0.022702,1.767152,0.004742,0.063589,0.436563,0.017092,0.221827,0.0001,,,,,0,gru
89,14508,-5.0658,-5.7337,134,0,0,1,0,3.5788,2.191,collision,151.1,-0.11214,0.359727,-0.79497,0.72987,5.754913,0.394169,3.398617,5.999351,0.402687,0.382505,-0.209957,1.0,,,,,,,,,,,,,,0,gru
90,15360,168.2453,11.5864,852,0,0,1,0,2.1182,2.045,collision,158.8,0.024702,0.460375,-0.857381,0.878564,5.738997,0.395861,2.321158,5.99769,0.395524,0.406649,-0.99015,1.0,,,,,,,,,,,,,,0,gru
91,15503,-7.4923,11.0274,143,0,0,1,0,3.5582,2.004,collision,160.0,0.157785,0.453291,-0.861795,0.855577,5.675557,0.4758,3.348649,5.998237,0.376333,0.381363,-0.655478,1.0,,,,,,,,,,,,,,0,gru
92,16357,171.123,29.0569,854,0,0,1,0,2.122,2.036,collision,168.7,0.033965,0.465052,-0.868114,0.870931,5.704101,0.461914,2.039333,5.997303,0.392959,0.404469,-0.994164,1.0,0.001481,0.01741,1.766882,0.00473,0.111294,0.16626,0.137527,0.167111,0.0001,,,,,0,gru
93,16499,-4.7332,29.5657,142,0,0,1,0,3.5489,2.063,collision,170.0,0.131118,0.430618,-0.750119,0.880191,5.654575,0.534785,3.184048,5.991592,0.392735,0.384024,-0.528485,1.0,,,,,,,,,,,,,,0,gru
94,16629,-6.6011,29.4792,130,0,0,1,0,3.6048,2.094,collision,171.2,-0.19477,0.379993,-0.83454,0.680862,5.768808,0.337296,3.868617,5.99821,0.417917,0.393402,-0.231481,1.0,,,,,,,,,,,,,,0,gru
95,16780,0.9991,29.7407,151,0,0,1,0,3.6053,2.174,collision,172.6,-0.10915,0.366148,-0.833509,0.625214,5.759151,0.395679,3.043238,5.99834,0.40786,0.3928,-0.245098,1.003993,,,,,,,,,,,,,,0,gru
96,16921,-2.3034,30.1977,141,0,0,1,0,3.5702,2.206,collision,174.2,-0.136626,0.340269,-0.763635,0.767312,5.761444,0.426908,2.491697,5.99445,0.408407,0.388974,-0.215702,1.0,-0.079716,0.021452,1.766554,0.004718,0.078029,0.15336,0.072146,0.114424,0.0001,,,,,0,gru
97,17065,-3.2248,30.7439,144,0,0,1,0,3.6537,2.073,collision,175.5,-0.222523,0.382135,-0.860239,0.664741,5.733215,0.387698,3.468437,5.999065,0.414041,0.392221,-0.422732,1.005505,,,,,,,,,,,,,,0,gru
98,17192,-10.5823,30.0365,127,0,0,1,0,3.6638,1.983,collision,176.7,-0.366309,0.339007,-0.866048,0.583053,5.844409,0.252964,4.474436,5.99858,0.418412,0.401517,-0.550554,1.0,,,,,,,,,,,,,,0,gru
99,17730,69.5732,37.5003,538,0,0,1,0,2.7205,2.098,collision,181.7,0.166309,0.396757,-0.854578,0.870046,5.652367,0.504588,1.274518,5.998604,0.374921,0.396047,-0.942823,1.0,,,,,,,,,,,,,,0,gru
100,17877,-0.611,20.6147,147,0,0,1,0,3.5068,2.15,collision,183.5,-0.147204,0.371899,-0.850287,0.789406,5.726085,0.570647,0.652415,5.994888,0.41304,0.391347,-0.265562,1.0,0.014142,0.01619,1.766175,0.004706,0.08859,0.246439,0.029917,0.142591,0.0001,,,,,0,gru
101,18016,-4.2594,20.938,139,0,0,1,0,3.6775,2.073,collision,184.8,-0.238015,0.368974,-0.843767,0.745467,5.742444,0.425689,3.60304,5.996499,0.418997,0.397239,-0.354753,1.00749,,,,,,,,,,,,,,0,gru
102,18152,-5.7533,3.2504,136,0,0,1,0,3.6704,2.071,collision,186.0,0.023012,0.448389,-0.853975,0.865243,5.700215,0.409162,3.294109,5.994442,0.412524,0.394144,-0.401454,1.004615,,,,,,,,,,,,,,0,gru
103,18294,-4.3948,3.2842,142,0,0,1,0,3.6984,1.997,collision,187.3,-0.29296,0.394102,-0.859027,0.718077,5.794916,0.344454,3.66556,5.997888,0.418438,0.397569,-0.482752,1.010819,,,,,,,,,,,,,,0,gru
104,18435,-4.1168,3.5327,141,0,0,1,0,3.6577,2.134,collision,189.0,-0.034437,0.405986,-0.827194,0.81516,5.710477,0.356499,3.787906,5.997179,0.411624,0.392314,-0.321584,1.006758,-0.041491,0.017114,1.765788,0.004694,0.064315,0.424926,0.078899,0.236266,0.0001,,,,,0,gru
105,18572,-4.085,3.0242,137,0,0,1,0,3.638,2.097,collision,190.3,-0.071706,0.425668,-0.855969,0.782641,5.719671,0.504917,2.793089,5.997766,0.415692,0.395504,-0.186936,1.0,,,,,,,,,,,,,,0,gru
106,18708,-4.4011,2.8145,136,0,0,1,0,3.5509,2.084,collision,191.6,-0.181401,0.398647,-0.825914,0.767724,5.813479,0.260476,4.339797,5.996261,0.415608,0.392562,-0.306834,1.0,,,,,,,,,,,,,,0,gru
107,18837,-7.1739,2.4196,129,0,0,1,0,3.6859,2.101,collision,192.8,-0.208325,0.381095,-0.808187,0.648737,5.80723,0.307033,3.604443,5.996728,0.419008,0.394477,-0.258557,1.005161,,,,,,,,,,,,,,0,gru
108,18976,-4.0506,3.0727,139,0,0,1,0,3.6455,2.03,collision,194.4,0.029842,0.466404,-0.854046,0.859993,5.775685,0.332907,3.377308,5.997956,0.415776,0.397338,-0.360887,1.0,-0.075028,0.022013,1.765542,0.004682,0.074522,0.550721,0.060719,0.278528,0.0001,,,,,0,gru
109,19107,-5.7831,-4.4629,131,0,0,1,0,3.5851,2.099,collision,195.6,-0.123653,0.40861,-0.841285,0.718009,5.805614,0.25343,4.599664,5.998805,0.405993,0.38771,-0.146182,1.0,,,,,,,,,,,,,,0,gru
110,19402,-12.728,-5.6746,295,0,0,1,0,3.6196,1.904,collision,198.5,0.043951,0.537885,-0.843796,0.868909,5.781841,0.365693,2.604412,5.99889,0.385956,0.421797,-0.999136,1.004859,,,,,,,,,,,,,,0,gru
111,19545,-2.8175,-5.5304,143,0,0,1,0,3.572,2.052,collision,199.9,0.073197,0.459513,-0.842383,0.817318,5.750727,0.429817,2.514263,5.996056,0.406653,0.393576,-0.43831,1.0,,,,,,,,,,,,,,0,gru
112,19684,-3.534,-5.3085,139,0,0,1,0,3.6281,2.138,collision,201.6,-0.024119,0.402181,-0.774536,0.818742,5.697624,0.507672,2.5615,5.997185,0.41157,0.393572,-0.219642,1.0,-0.030259,0.022109,1.765408,0.00467,0.091716,0.175671,0.027416,0.080625,0.0001,,,,,0,gru
113,19822,-5.1657,-5.3856,138,0,0,1,0,3.6625,2.022,collision,202.9,-0.282316,0.376534,-0.836475,0.826129,5.862763,0.203156,4.851966,5.995158,0.415257,0.395641,-0.413305,1.000297,,,,,,,,,,,,,,0,gru
114,19957,-6.9194,-5.6658,135,0,0,1,0,3.6352,2.03,collision,204.2,0.066619,0.462311,-0.799925,0.882356,5.774985,0.24234,4.716398,5.995445,0.406886,0.3925,-0.505607,1.0,,,,,,,,,,,,,,0,gru
115,20113,1.433,-5.114,156,0,0,1,0,3.6483,2.069,collision,205.6,-0.201583,0.393926,-0.825468,0.764085,5.773951,0.313157,3.941112,5.996575,0.408213,0.39442,-0.376471,1.008067,,,,,,,,,,,,,,0,gru
116,20260,-1.0546,-4.7794,147,0,0,1,0,3.5782,2.032,collision,207.2,0.062203,0.464782,-0.873166,0.876182,5.742084,0.342661,4.148852,5.997182,0.409441,0.395201,-0.315552,1.0,-0.047339,0.020471,1.765301,0.004658,0.058926,0.455001,0.045721,0.229088,0.0001,,,,,0,gru
117,20399,-3.1084,-4.3728,139,0,0,1,0,3.6527,2.176,collision,208.5,-0.081034,0.374829,-0.803912,0.798552,5.739435,0.42252,3.0421,5.996214,0.415723,0.39598,-0.221578,1.008157,,,,,,,,,,,,,,0,gru
118,20537,-3.7006,-4.3378,138,0,0,1,0,3.5862,2.138,collision,209.8,-0.14572,0.370933,-0.834755,0.826463,5.825379,0.275056,3.931328,5.996488,0.419892,0.396834,-0.291575,1.0,,,,,,,,,,,,,,0,gru
119,20696,-7.6111,-4.5206,159,0,0,1,0,3.6634,2.063,collision,211.3,0.175642,0.415003,-0.797701,0.84539,5.729882,0.37077,3.765167,5.996622,0.39407,0.398206,-0.715309,1.006799,,,,,,,,,,,,,,0,gru
120,20845,0.2113,-3.2267,149,0,0,1,0,3.6141,2.134,collision,213.0,-0.063183,0.403197,-0.797572,0.85683,5.772017,0.310761,4.322695,5.997369,0.410198,0.394589,-0.260256,1.002379,-0.054039,0.019464,1.765026,0.004646,0.061237,0.270765,0.05809,0.162597,0.0001,,,,,0,gru
121,20989,-1.2972,-3.0747,144,0,0,1,0,3.5816,2.128,collision,214.3,-0.065417,0.405509,-0.817437,0.726793,5.774131,0.336051,3.069249,5.995926,0.411606,0.393769,-0.201104,1.0,,,,,,,,,,,,,,0,gru
122,21141,-9.7576,-3.697,152,0,0,1,0,3.5864,2.047,collision,215.7,0.196108,0.42025,-0.787973,0.873824,5.666396,0.494668,2.678683,5.996592,0.372832,0.389719,-0.662529,1.0,,,,,,,,,,,,,,0,gru
123,21275,-4.9641,-3.6769,134,0,0,1,0,3.5701,2.134,collision,216.9,-0.14634,0.381079,-0.839739,0.816544,5.779743,0.332134,3.534739,5.998424,0.413807,0.392531,-0.288145,1.0,,,,,,,,,,,,,,0,gru
124,21411,-4.7362,-3.4586,136,0,0,1,0,3.5682,2.081,collision,218.5,-0.200118,0.386398,-0.870217,0.693355,5.788988,0.450152,1.402029,5.996219,0.413663,0.390873,-0.353364,1.0,-0.058836,0.021078,1.765021,0.004634,0.071663,0.302383,0.030693,0.149062,0.0001,,,,,0,gru
125,21585,-4.1129,-4.0131,174,0,0,1,0,3.6469,1.985,collision,220.0,0.131927,0.475911,-0.853121,0.876184,5.718962,0.484557,1.180011,5.996642,0.388014,0.397115,-0.732267,1.005891,,,,,,,,,,,,,,0,gru
126,21743,-4.723,-4.38,158,0,0,1,0,3.6111,1.993,collision,221.5,0.094498,0.476802,-0.80377,0.852405,5.673949,0.421863,3.527577,5.997046,0.385202,0.391679,-0.605325,1.0,,,,,,,,,,,,,,0,gru
127,21888,-1.2649,-4.1956,145,0,0,1,0,3.591,2.075,collision,222.8,-0.031005,0.450435,-0.832077,0.872323,5.742403,0.359742,3.157647,5.993699,0.40914,0.392712,-0.203369,1.0,,,,,,,,,,,,,,0,gru
128,22040,-1.806,-4.0062,152,0,0,1,0,3.5344,2.058,collision,224.5,0.142842,0.429862,-0.733778,0.839511,5.702382,0.514286,1.701189,5.99392,0.38658,0.386257,-0.557305,1.0,-0.03635,0.018697,1.765289,0.004622,0.072779,0.713398,0.015557,0.394185,0.0001,,,,,0,gru
129,22179,-3.1026,-3.5553,139,0,0,1,0,3.644,2.115,collision,225.7,-0.135718,0.396148,-0.862496,0.740109,5.746672,0.372798,3.866365,5.995177,0.410418,0.392484,-0.226483,1.003402,,,,,,,,,,,,,,0,gru
130,22339,1.8697,-3.3895,160,0,0,1,0,3.6478,2.069,collision,227.3,-0.253339,0.363544,-0.854254,0.685838,5.779072,0.38329,3.353284,5.997755,0.409443,0.395765,-0.462059,1.007994,,,,,,,,,,,,,,0,gru
131,22488,-12.9453,-4.5543,149,0,0,1,0,3.5876,2.015,collision,228.7,0.219144,0.418739,-0.809089,0.868056,5.630299,0.536808,2.031414,5.9935,0.376803,0.393209,-0.719423,1.0,,,,,,,,,,,,,,0,gru
132,22614,-13.7712,-4.9556,126,0,0,1,0,3.7358,1.832,collision,230.1,-0.483823,0.290424,-0.849059,0.563793,5.856488,0.208009,4.575514,5.998641,0.396843,0.393668,-0.650916,1.0,-0.003592,0.01737,1.765625,0.00461,0.069622,0.312276,0.011819,0.164827,0.0001,,,,,0,gru
133,22766,-7.0845,-5.1677,152,0,0,1,0,3.6804,1.956,collision,231.5,0.107012,0.500277,-0.812982,0.858572,5.664871,0.510759,2.856402,5.997361,0.396171,0.397339,-0.657055,1.004206,,,,,,,,,,,,,,0,gru
134,22935,-1.4195,-4.836,169,0,0,1,0,3.6452,2.014,collision,233.2,0.082444,0.463905,-0.784103,0.838616,5.732044,0.343207,3.401735,5.995879,0.38988,0.395124,-0.631659,1.007433,,,,,,,,,,,,,,0,gru
135,23068,-6.1825,-5.043,133,0,0,1,0,3.6414,2.033,collision,234.5,-0.261981,0.389613,-0.853487,0.573448,5.764007,0.368744,3.95858,5.99559,0.417328,0.394492,-0.361175,1.0,,,,,,,,,,,,,,0,gru
136,23182,-18.4719,-6.4179,114,0,0,1,0,3.7228,1.813,collision,235.9,-0.496429,0.299667,-0.860873,0.534791,5.867193,0.174773,4.82185,5.99775,0.377341,0.385887,-0.648734,1.0,0.002546,0.020451,1.766024,0.004598,0.060006,0.296527,0.012967,0.152272,0.0001,,,,,0,gru
137,23308,-8.8478,-7.1761,126,0,0,1,0,3.6537,2.049,collision,237.1,-0.269167,0.377062,-0.856423,0.68564,5.713765,0.523455,2.47734,5.997868,0.414241,0.392137,-0.401167,1.0,,,,,,,,,,,,,,0,gru
138,23492,-9.6942,-7.965,184,0,0,1,0,3.7047,1.932,collision,238.8,-0.094966,0.5239,-0.86028,0.873984,5.706833,0.46965,2.968887,5.998266,0.414492,0.416285,-0.996398,1.002629,,,,,,,,,,,,,,0,gru
139,23626,-4.9883,-8.1536,134,0,0,1,0,3.6845,2.104,collision,240.0,-0.071706,0.425496,-0.821483,0.839721,5.799617,0.289003,4.311837,5.996932,0.419445,0.398244,-0.252996,1.009462,,,,,,,,,,,,,,0,gru
140,23763,-3.652,-8.7057,137,0,0,1,0,3.5216,2.122,collision,241.6,-0.017487,0.413924,-0.854484,0.883421,5.698804,0.460336,3.491364,5.993597,0.409718,0.390642,-0.198207,1.0,-0.034299,0.026266,1.766514,0.004586,0.089302,0.277904,0.032926,0.1509,0.0001,,,,,0,gru
141,23904,-2.3964,-7.6508,141,0,0,1,0,3.6436,2.095,collision,242.9,-0.111967,0.409822,-0.830475,0.755865,5.654205,0.492942,3.138042,5.996509,0.410072,0.39331,-0.229913,1.003229,,,,,,,,,,,,,,0,gru
142,24035,-7.6127,-7.035,131,0,0,1,0,3.5632,1.988,collision,244.0,0.124215,0.477445,-0.843395,0.83573,5.707987,0.31074,4.129899,5.996895,0.400456,0.386116,-0.484376,1.0,,,,,,,,,,,,,,0,gru
143,24170,-5.0004,-6.8266,135,0,0,1,0,3.6388,2.134,collision,245.3,-0.007883,0.405732,-0.836747,0.822346,5.558676,0.738129,0.947499,5.992665,0.412216,0.391966,-0.305221,1.0,,,,,,,,,,,,,,0,gru
144,24313,-1.7421,-6.8588,143,0,0,1,0,3.6188,2.152,collision,246.9,-0.062037,0.388978,-0.828703,0.779741,5.676032,0.540008,2.657162,5.994341,0.413457,0.394821,-0.228719,1.001092,-0.120161,0.017842,1.766835,0.004574,0.055852,0.232037,0.012982,0.120315,0.0001,,,,,0,gru
145,24449,-4.5107,-6.6917,136,0,0,1,0,3.6177,2.091,collision,248.2,-0.194823,0.386945,-0.834874,0.677885,5.658705,0.599681,1.632617,5.996964,0.414482,0.393713,-0.280463,1.0,,,,,,,,,,,,,,0,gru
146,24583,-4.8366,-5.3281,134,0,0,1,0,3.5776,2.073,collision,249.6,-0.115079,0.423466,-0.846313,0.796161,5.705819,0.481736,1.705304,5.992532,0.421113,0.396587,-0.202675,1.0,,,,,,,,,,,,,,0,gru
147,24720,-7.6554,-5.2089,137,0,0,1,0,3.5964,1.941,collision,250.9,-0.293897,0.430728,-0.887155,0.870918,5.795425,0.322831,3.497634,5.999249,0.419386,0.400431,-0.615266,1.0,,,,,,,,,,,,,,0,gru
148,24860,-5.1702,-4.7565,140,0,0,1,0,3.6567,2.026,collision,252.4,0.112827,0.46591,-0.809816,0.873664,5.603877,0.567267,2.470565,5.996832,0.410162,0.395208,-0.533159,1.001243,-0.076193,0.017986,1.767005,0.004562,0.050078,0.622825,0.00747,0.326907,0.0001,,,,,0,gru
149,25399,78.976,3.6399,539,0,0,1,0,2.7232,2.051,collision,257.4,0.185494,0.419321,-0.816572,0.872174,5.536955,0.552431,2.542697,5.996772,0.380195,0.39593,-0.900113,1.0,,,,,,,,,,,,,,0,gru
150,25541,-2.8188,3.7233,142,0,0,1,0,3.6273,2.085,collision,258.7,-0.192279,0.386673,-0.846466,0.806344,5.766298,0.396529,2.701651,5.997935,0.416823,0.397468,-0.391345,1.0,,,,,,,,,,,,,,0,gru
151,25689,-1.1932,3.8436,148,0,0,1,0,3.6575,2.054,collision,260.1,-0.236776,0.393453,-0.884369,0.800347,5.795372,0.312878,3.45768,5.997618,0.416019,0.39785,-0.3584,1.00785,,,,,,,,,,,,,,0,gru
152,25821,-6.4537,3.9595,132,0,0,1,0,3.598,2.026,collision,261.7,0.048725,0.462417,-0.767038,0.85358,5.5347,0.735907,0.969402,5.997623,0.409015,0.389684,-0.406499,1.0,0.022323,0.016952,1.767186,0.00455,0.090721,0.321902,0.077817,0.192563,0.0001,,,,,0,gru
153,25951,-6.0622,3.8533,130,0,0,1,0,3.5627,2.076,collision,262.9,-0.131395,0.410116,-0.814172,0.706745,5.734136,0.420912,3.013687,5.996342,0.423027,0.39706,-0.185693,1.0,,,,,,,,,,,,,,0,gru
154,26093,-2.9285,3.7347,142,0,0,1,0,3.6307,2.034,collision,264.2,-0.240361,0.403633,-0.878076,0.760869,5.723866,0.356749,4.062244,5.994804,0.414755,0.394883,-0.352861,1.0,,,,,,,,,,,,,,0,gru
155,26230,-4.3953,3.7462,137,0,0,1,0,3.6656,2.056,collision,265.6,-0.208324,0.40393,-0.828043,0.764597,5.703203,0.447546,3.319169,5.998425,0.418403,0.397063,-0.253478,1.003538,,,,,,,,,,,,,,0,gru
156,26361,-5.4675,3.6831,131,0,0,1,0,3.5484,2.142,collision,267.1,-0.066784,0.3962,-0.851279,0.725828,5.640652,0.530289,3.049873,5.99821,0.40888,0.386273,-0.168436,1.0,-0.11425,0.019371,1.767237,0.004538,0.068096,0.331245,0.057988,0.194958,0.0001,,,,,0,gru
157,26508,-4.6606,3.9826,147,0,0,1,0,3.5419,2.009,collision,268.4,0.200009,0.436783,-0.852731,0.887758,5.578307,0.622058,1.530182,5.996873,0.381447,0.383317,-0.621787,1.0,,,,,,,,,,,,,,0,gru
158,26649,-3.0512,4.1945,141,0,0,1,0,3.5369,2.049,collision,269.7,0.044952,0.459143,-0.818435,0.856019,5.658861,0.4293,3.793308,5.98993,0.402409,0.387468,-0.335381,1.0,,,,,,,,,,,,,,0,gru
159,27321,168.5314,13.1501,672,0,0,1,0,2.2501,2.048,collision,276.1,-0.024202,0.456822,-0.882456,0.872709,5.621577,0.587417,1.445487,5.997941,0.405997,0.398362,-0.759103,1.0,,,,,,,,,,,,,,0,gru
160,27454,-8.2848,12.6034,133,0,0,1,0,3.7291,1.946,collision,277.8,-0.370173,0.362886,-0.866001,0.531162,5.775276,0.303267,4.461953,5.998294,0.414589,0.395593,-0.528422,1.008857,-0.005893,0.01589,1.767272,0.004526,0.09811,0.236615,0.067881,0.157253,0.0001,,,,,0,gru
161,27588,-5.4566,12.1771,134,0,0,1,0,3.6335,2.075,collision,279.1,-0.04068,0.433151,-0.787104,0.779108,5.577682,0.602659,2.869294,5.995846,0.411637,0.392395,-0.225412,1.0,,,,,,,,,,,,,,0,gru
162,27991,57.3407,18.5565,403,0,0,1,0,3.0407,2.117,collision,283.0,0.13093,0.399984,-0.782342,0.870535,5.546671,0.575551,2.450474,5.997668,0.405265,0.403686,-0.746056,1.0,,,,,,,,,,,,,,0,gru
163,28122,-5.5425,18.6085,131,0,0,1,0,3.595,2.154,collision,284.2,-0.005325,0.393551,-0.731293,0.780291,5.696917,0.367618,3.772363,5.994897,0.41252,0.390564,-0.138704,1.0,,,,,,,,,,,,,,0,gru
164,28253,-5.4099,18.3604,131,0,0,1,0,3.5415,2.135,collision,285.8,-0.028115,0.397268,-0.808334,0.732211,5.544228,0.71837,2.085931,5.996973,0.409692,0.388245,-0.142505,1.0,-0.033183,0.018223,1.767442,0.004514,0.096529,0.135766,0.024361,0.082415,0.0001,,,,,0,gru
165,28390,-3.6996,18.4299,137,0,0,1,0,3.6296,2.151,collision,287.1,-0.1508,0.364434,-0.827435,0.686468,5.659665,0.458773,3.487497,5.994801,0.415191,0.394023,-0.245599,1.0,,,,,,,,,,,,,,0,gru
166,28527,-4.204,18.5563,137,0,0,1,0,3.6524,2.067,collision,288.4,-0.176804,0.402132,-0.881803,0.740326,5.661107,0.556331,2.110539,5.99753,0.419401,0.397495,-0.241123,1.001195,,,,,,,,,,,,,,0,gru
167,28668,-4.2598,18.5964,141,0,0,1,0,3.6351,2.018,collision,289.8,0.089981,0.475878,-0.840556,0.860068,5.652032,0.585194,1.16105,5.989565,0.411312,0.395354,-0.459582,1.0,,,,,,,,,,,,,,0,gru
168,28837,-3.4417,18.5573,169,0,0,1,0,3.612,2.046,collision,291.6,0.108513,0.443993,-0.814309,0.889788,5.592237,0.601866,1.679449,5.997282,0.380542,0.392677,-0.621611,1.0,-0.076588,0.016271,1.767639,0.004502,0.086232,0.314556,0.064308,0.196085,0.0001,,,,,0,gru
169,29136,-13.4703,0.3571,299,0,0,1,0,3.6188,1.925,collision,294.4,0.124105,0.516113,-0.826809,0.871957,5.481534,0.718146,1.302868,5.997359,0.386634,0.422651,-1.0,1.008099,,,,,,,,,,,,,,0,gru
170,29428,-9.5967,0.226,292,0,0,1,0,3.6119,1.892,collision,297.1,0.235727,0.493622,-0.828748,0.87001,5.481864,0.722979,1.89883,5.99826,0.384213,0.418418,-0.999997,1.006532,,,,,,,,,,,,,,0,gru
171,29567,-3.6531,0.4063,139,0,0,1,0,3.5816,2.055,collision,298.3,0.012795,0.45794,-0.853185,0.842958,5.571908,0.566782,2.297699,5.994392,0.409019,0.391329,-0.330862,1.0,,,,,,,,,,,,,,0,gru
172,29706,-4.2715,-5.7549,139,0,0,1,0,3.6504,2.072,collision,300.0,0.03424,0.452102,-0.86044,0.862279,5.615281,0.570423,2.382758,5.994736,0.409623,0.391,-0.335423,1.001642,-0.018566,0.022668,1.767811,0.00449,0.12363,0.293207,0.06033,0.176303,0.0001,,,,,0,gru
173,29842,-4.2944,-5.6301,136,0,0,1,0,3.5451,2.11,collision,301.3,-0.174396,0.378653,-0.868321,0.646512,5.549499,0.593507,2.228967,5.998815,0.417836,0.392954,-0.287996,1.0,,,,,,,,,,,,,,0,gru
174,29971,-14.1705,-6.5061,129,0,0,1,0,3.7772,1.888,collision,302.5,-0.447975,0.325689,-0.87232,0.794463,5.745045,0.385803,3.667535,5.996087,0.402907,0.400054,-0.661714,1.011504,,,,,,,,,,,,,,0,gru
175,30134,-8.5527,-6.9914,163,0,0,1,0,3.6311,2.012,collision,304.0,0.19302,0.440756,-0.826662,0.863884,5.422891,0.722518,1.986031,5.997284,0.382321,0.395002,-0.669741,1.0,,,,,,,,,,,,,,0,gru
176,30255,-16.6754,-8.2386,121,0,0,1,0,3.7942,1.834,collision,305.5,-0.474933,0.323,-0.879719,0.614715,5.773035,0.351278,3.78093,5.996369,0.392202,0.394617,-0.643586,1.009053,-0.018322,0.01892,1.767829,0.004478,0.063334,0.120772,0.022727,0.067108,0.0001,,,,,0,gru
177,30395,-3.454,-8.158,140,0,0,1,0,3.6324,2.062,collision,306.8,-0.201011,0.40011,-0.857548,0.73094,5.60031,0.576574,1.786645,5.995892,0.419284,0.396534,-0.329886,1.0,,,,,,,,,,,,,,0,gru
178,30530,-4.8964,-8.3035,135,0,0,1,0,3.6526,2.115,collision,308.0,-0.082114,0.405543,-0.849012,0.782154,5.562672,0.566831,3.098929,5.987319,0.420494,0.399743,-0.25894,1.001399,,,,,,,,,,,,,,0,gru
179,30698,-10.7564,-8.0321,168,0,0,1,0,3.5938,1.971,collision,309.6,0.207738,0.45364,-0.835081,0.85164,5.450219,0.724059,1.453209,5.996918,0.371815,0.396114,-0.73429,1.0,,,,,,,,,,,,,,0,gru
180,30845,-0.7832,-7.1507,147,0,0,1,0,3.6504,2.121,collision,311.2,-0.079198,0.40434,-0.822877,0.80792,5.646166,0.539028,1.572557,5.989119,0.41147,0.394272,-0.270705,1.009907,-0.054683,0.018063,1.76795,0.004466,0.071752,0.218921,0.025359,0.112305,0.0001,,,,,0,gru
181,30983,-8.0997,-7.5954,138,0,0,1,0,3.64,1.935,collision,312.5,-0.343469,0.40358,-0.842727,0.876618,5.730275,0.476775,2.524962,5.995855,0.416479,0.40141,-0.648294,1.0,,,,,,,,,,,,,,0,gru
182,31122,-3.1477,-7.483,139,0,0,1,0,3.5691,2.08,collision,313.8,-0.064656,0.430711,-0.838059,0.730679,5.689717,0.399138,3.732455,5.995419,0.412939,0.394056,-0.1673,1.0,,,,,,,,,,,,,,0,gru
183,31261,-6.5019,-7.7038,139,0,0,1,0,3.6747,1.93,collision,315.1,-0.334471,0.408263,-0.856127,0.752031,5.654871,0.578368,3.263826,5.998187,0.414791,0.397382,-0.553395,1.0,,,,,,,,,,,,,,0,gru
184,31402,-3.6014,-6.6469,141,0,0,1,0,3.622,2.003,collision,316.8,-0.011792,0.486067,-0.885957,0.874465,5.591936,0.567119,2.031099,5.997621,0.418317,0.399852,-0.36874,1.0,-0.09253,0.014099,1.768047,0.004454,0.044035,0.145546,0.006742,0.078537,0.0001,,,,,0,gru
185,31539,-4.18,-6.2096,137,0,0,1,0,3.6691,2.098,collision,318.2,-0.152513,0.402353,-0.869604,0.756267,5.588644,0.671675,1.732986,5.993641,0.415086,0.394304,-0.268894,1.006669,,,,,,,,,,,,,,0,gru
186,31684,-1.566,-4.6987,145,0,0,1,0,3.5739,2.058,collision,319.5,0.012734,0.454855,-0.814145,0.804227,5.662854,0.498333,2.160588,5.997302,0.4106,0.393532,-0.293307,1.0,,,,,,,,,,,,,,0,gru
187,31862,-1.1039,-4.4637,178,0,0,1,0,3.6321,2.0,collision,321.2,0.078008,0.486991,-0.871111,0.867107,5.56008,0.630133,1.926564,5.994478,0.38415,0.39554,-0.63277,1.00628,,,,,,,,,,,,,,0,gru
188,32006,-1.4454,-4.1186,144,0,0,1,0,3.5812,2.101,collision,323.1,-0.066437,0.417763,-0.82231,0.828804,5.611573,0.542932,3.481792,5.994755,0.413607,0.396541,-0.211203,1.0,-0.066132,0.017227,1.768064,0.004442,0.06996,0.278757,0.03483,0.143504,0.0001,,,,,0,gru
189,32406,45.069,1.464,400,0,0,1,0,3.0257,2.034,collision,326.9,0.225032,0.407646,-0.787965,0.877018,5.434928,0.771105,0.960138,5.992419,0.390276,0.402765,-0.836181,1.0,,,,,,,,,,,,,,0,gru
190,32533,-9.4666,0.5956,127,0,0,1,0,3.6089,1.92,collision,328.1,-0.364506,0.381516,-0.869025,0.647846,5.767937,0.315988,4.345735,5.99898,0.411548,0.389803,-0.498846,1.0,,,,,,,,,,,,,,0,gru
191,32675,-2.3283,1.1728,142,0,0,1,0,3.6167,2.042,collision,329.4,-0.17296,0.4309,-0.8652,0.781985,5.683634,0.498857,3.173234,5.999041,0.411257,0.394349,-0.25505,1.0,,,,,,,,,,,,,,0,gru
192,32818,-1.6272,1.3248,143,0,0,1,0,3.6355,2.12,collision,331.2,-0.123836,0.397712,-0.840198,0.780384,5.720479,0.339219,3.849202,5.988821,0.41241,0.394985,-0.189979,1.003464,-0.0266,0.012254,1.767957,0.00443,0.082647,0.447725,0.05917,0.244194,0.0001,,,,,0,gru
193,32956,-4.2511,1.5499,138,0,0,1,0,3.554,2.043,collision,332.5,-0.037848,0.457432,-0.839035,0.848735,5.510196,0.583279,3.029038,5.991136,0.408411,0.389922,-0.305948,1.0,,,,,,,,,,,,,,0,gru
194,33089,-6.0853,1.3015,133,0,0,1,0,3.64,2.04,collision,333.7,-0.040741,0.458501,-0.826814,0.855371,5.564435,0.556099,2.495497,5.994004,0.413567,0.392941,-0.352454,1.0,,,,,,,,,,,,,,0,gru
195,33220,-11.1248,0.607,131,0,0,1,0,3.7534,1.781,collision,335.0,-0.531495,0.285721,-0.882432,0.574009,5.650658,0.467807,3.106209,5.991908,0.39889,0.387727,-0.598344,1.002494,,,,,,,,,,,,,,0,gru
196,33384,3.2533,1.089,164,0,0,1,0,3.6486,1.986,collision,336.9,-0.05273,0.49014,-0.849456,0.862908,5.675395,0.451082,3.520411,5.997911,0.405591,0.395296,-0.403077,1.008756,-0.037755,0.016389,1.768111,0.004418,0.054861,0.362423,0.017434,0.213216,0.0001,,,,,0,gru
197,33526,-2.2914,0.9702,142,0,0,1,0,3.5355,2.051,collision,338.3,-0.035935,0.448156,-0.806488,0.820573,5.56466,0.61589,1.659886,5.995895,0.40948,0.391247,-0.254491,1.0,,,,,,,,,,,,,,0,gru
198,33672,-0.7753,1.0372,146,0,0,1,0,3.6004,2.141,collision,339.7,-0.151819,0.379874,-0.830189,0.746499,5.588977,0.606332,1.87131,5.991017,0.413895,0.395904,-0.226563,1.0,,,,,,,,,,,,,,0,gru
199,34070,57.0903,2.2394,398,0,0,1,0,3.0531,2.047,collision,343.4,0.166333,0.431787,-0.832756,0.840186,5.542686,0.600682,0.976559,5.996617,0.404429,0.401264,-0.741241,1.0,,,,,,,,,,,,,,0,gru
200,34210,-3.5796,2.8281,140,0,0,1,0,3.6608,2.032,collision,345.1,-0.082864,0.456469,-0.841081,0.741256,5.595486,0.493017,3.37672,5.995994,0.412674,0.393544,-0.280616,1.00342,-0.016002,0.013667,1.768458,0.004406,0.081917,0.14397,0.019407,0.097568,0.0001,,,,,0,gru
201,34354,-1.7743,2.8835,144,0,0,1,0,3.6516,2.093,collision,346.4,-0.106846,0.416495,-0.818661,0.836544,5.61024,0.654739,1.437789,5.996147,0.417605,0.398558,-0.262858,1.007112,,,,,,,,,,,,,,0,gru
202,34491,-4.2552,2.6207,137,0,0,1,0,3.6548,2.007,collision,347.7,-0.157121,0.456334,-0.870911,0.816659,5.581731,0.516295,3.294687,5.991685,0.40696,0.39032,-0.272486,1.0,,,,,,,,,,,,,,0,gru
203,34627,-4.3957,2.6062,136,0,0,1,0,3.6348,2.072,collision,349.1,-0.194768,0.400677,-0.830445,0.702416,5.661053,0.406085,3.368906,5.994855,0.41622,0.394277,-0.239598,1.0,,,,,,,,,,,,,,0,gru
204,34752,-11.1015,2.1046,125,0,0,1,0,3.6101,1.888,collision,350.6,-0.385485,0.399695,-0.877939,0.860385,5.63206,0.664924,1.635245,5.993326,0.415795,0.396455,-0.55469,1.0,-0.115625,0.013372,1.768791,0.004394,0.069247,0.233011,0.050235,0.139366,0.0001,,,,,0,gru
205,34894,-2.9471,2.9224,142,0,0,1,0,3.6288,2.038,collision,352.0,0.005826,0.470924,-0.849829,0.878756,5.580976,0.61839,1.437043,5.99717,0.409529,0.392412,-0.328324,1.0,,,,,,,,,,,,,,0,gru
206,35039,-1.1906,2.478,145,0,0,1,0,3.611,2.062,collision,353.5,-0.116102,0.442025,-0.859598,0.861773,5.544745,0.638186,2.35538,5.992036,0.407446,0.391294,-0.197848,1.0,,,,,,,,,,,,,,0,gru
207,35186,-3.5076,2.3563,147,0,0,1,0,3.5834,1.956,collision,355.0,0.126981,0.49183,-0.881967,0.876316,5.522117,0.557706,2.718743,5.997469,0.394146,0.388099,-0.541185,1.0,,,,,,,,,,,,,,0,gru
208,35333,-2.5207,2.1818,147,0,0,1,0,3.5409,1.951,collision,356.7,0.104641,0.499618,-0.796805,0.844223,5.536443,0.681796,0.831822,5.993887,0.391347,0.38711,-0.483354,1.0,-0.130653,0.01613,1.769102,0.004382,0.070517,0.429427,0.064999,0.257196,0.0001,,,,,0,gru
209,35463,-8.5991,-4.3871,130,0,0,1,0,3.6371,1.912,collision,358.1,-0.358528,0.404719,-0.866724,0.797986,5.700899,0.390085,3.157903,5.995478,0.413076,0.393519,-0.483209,1.0,,,,,,,,,,,,,,0,gru
210,35602,-3.7826,-4.4074,139,0,0,1,0,3.6741,2.092,collision,359.4,-0.152111,0.400865,-0.817272,0.741495,5.674547,0.426641,4.040209,5.992836,0.411798,0.392656,-0.275833,1.008194,,,,,,,,,,,,,,0,gru
211,36001,53.8504,1.155,399,0,0,1,0,3.0642,2.042,collision,363.1,0.111698,0.45275,-0.868774,0.86066,5.586428,0.531454,1.929129,5.990972,0.396546,0.399892,-0.765319,1.0,,,,,,,,,,,,,,0,gru
212,36137,-4.734,1.1071,136,0,0,1,0,3.6625,2.118,collision,364.8,-0.106116,0.405,-0.832128,0.720745,5.69571,0.47531,2.321575,5.996127,0.41597,0.394315,-0.244385,1.005517,-0.020467,0.012907,1.769144,0.00437,0.080934,0.622332,0.053903,0.362029,0.0001,,,,,0,gru
213,36536,48.9964,6.4464,399,0,0,1,0,3.0297,2.046,collision,368.4,0.173028,0.425101,-0.856237,0.888646,5.560322,0.595071,2.289967,5.996949,0.390028,0.399545,-0.794574,1.0,,,,,,,,,,,,,,0,gru
214,36673,-3.8761,7.1689,137,0,0,1,0,3.53,2.095,collision,369.7,-0.168445,0.399519,-0.880475,0.694309,5.679572,0.485997,2.629327,5.994403,0.419153,0.393394,-0.25345,1.0,,,,,,,,,,,,,,0,gru
215,36822,-0.8072,7.3829,149,0,0,1,0,3.6479,2.019,collision,371.1,-0.052154,0.473337,-0.854727,0.829579,5.522456,0.647521,1.892864,5.992901,0.411923,0.394403,-0.315941,1.00419,,,,,,,,,,,,,,0,gru
216,36952,-5.9454,6.9074,130,0,0,1,0,3.5546,2.115,collision,372.7,-0.116051,0.394351,-0.856069,0.818164,5.64541,0.516862,2.564458,5.991578,0.417346,0.391689,-0.226292,1.0,-0.021711,0.014855,1.769124,0.004358,0.085078,0.1767,0.014229,0.103417,0.0001,,,,,0,gru
217,37084,-7.8695,6.4712,132,0,0,1,0,3.6434,1.942,collision,373.9,-0.346792,0.392409,-0.880102,0.871645,5.758088,0.32414,3.71221,5.998227,0.414931,0.393974,-0.454387,1.0,,,,,,,,,,,,,,0,gru
218,37216,-5.2696,6.1963,132,0,0,1,0,3.5484,2.14,collision,375.2,-0.10358,0.385754,-0.7596,0.785899,5.702869,0.432823,3.734978,5.991236,0.415448,0.389731,-0.255768,1.0,,,,,,,,,,,,,,0,gru
219,37493,13.7523,8.4315,277,0,0,1,0,3.4499,2.081,collision,377.7,0.167742,0.415839,-0.773805,0.872151,5.596909,0.556208,2.207005,5.996134,0.395719,0.405614,-0.750846,1.007783,,,,,,,,,,,,,,0,gru
220,37636,-5.208,8.2889,143,0,0,1,0,3.6517,1.928,collision,379.4,-0.360807,0.38755,-0.848164,0.583864,5.729816,0.445821,2.924417,5.996496,0.413016,0.396084,-0.578553,1.0,-0.038309,0.019145,1.769256,0.004346,0.087908,0.458122,0.026514,0.274523,0.0001,,,,,0,gru
221,37774,-3.7564,2.5282,138,0,0,1,0,3.6363,2.112,collision,380.6,-0.138183,0.411527,-0.845518,0.751176,5.722325,0.310007,4.282543,5.992868,0.411834,0.391243,-0.242221,1.0,,,,,,,,,,,,,,0,gru
222,37913,-4.2165,2.58,139,0,0,1,0,3.5821,2.048,collision,381.9,-1.1e-05,0.462321,-0.830707,0.852998,5.645768,0.419025,4.013274,5.991668,0.403764,0.387676,-0.388464,1.0,,,,,,,,,,,,,,0,gru
223,38052,-3.3899,-2.6586,139,0,0,1,0,3.5782,2.079,collision,383.2,-0.132264,0.424723,-0.849838,0.772575,5.635793,0.613216,1.424403,5.996599,0.404864,0.385595,-0.224746,1.0,,,,,,,,,,,,,,0,gru
224,38189,-6.7091,-2.9419,137,0,0,1,0,3.6159,1.987,collision,384.9,0.046926,0.503289,-0.879831,0.869789,5.665081,0.394067,4.069664,5.997948,0.409588,0.39412,-0.53613,1.0,-0.133919,0.014091,1.76943,0.004334,0.058893,0.480904,0.039863,0.276403,0.0001,,,,,0,gru
225,38334,-1.1944,-2.9807,145,0,0,1,0,3.5608,2.113,collision,386.2,-0.046909,0.410245,-0.779645,0.778513,5.580782,0.602747,1.25086,5.992781,0.407907,0.390938,-0.24425,1.0,,,,,,,,,,,,,,0,gru
226,38493,2.1841,-2.1677,159,0,0,1,0,3.6476,2.018,collision,387.8,-0.223041,0.422392,-0.868007,0.69677,5.684179,0.419921,3.965785,5.999597,0.40482,0.392204,-0.410656,1.005386,,,,,,,,,,,,,,0,gru
227,38630,-5.4714,-1.9279,137,0,0,1,0,3.6291,2.151,collision,389.0,0.008931,0.394727,-0.834561,0.830009,5.577211,0.639736,0.601155,5.996345,0.409215,0.39087,-0.41537,1.0,,,,,,,,,,,,,,0,gru
228,38781,-0.7692,-1.4779,151,0,0,1,0,3.6523,2.055,collision,390.8,-0.017129,0.459766,-0.826282,0.830509,5.64283,0.484378,2.659524,5.994646,0.409911,0.392751,-0.385146,1.007389,-0.099293,0.015066,1.769424,0.004322,0.067248,0.382137,0.011088,0.217655,0.0001,,,,,0,gru
229,38922,-4.9779,-3.3509,141,0,0,1,0,3.6137,1.952,collision,392.0,-0.333787,0.403469,-0.880143,0.84205,5.755914,0.343406,3.445387,5.99676,0.408686,0.392305,-0.54357,1.0,,,,,,,,,,,,,,0,gru
230,39053,-5.7016,-3.4002,131,0,0,1,0,3.5572,2.087,collision,393.3,-0.087221,0.422205,-0.821011,0.736103,5.654867,0.573898,2.615063,5.996273,0.408804,0.386342,-0.220636,1.0,,,,,,,,,,,,,,0,gru
231,39192,-3.2046,-3.345,139,0,0,1,0,3.6065,2.123,collision,394.6,-0.136115,0.385074,-0.831873,0.79798,5.622232,0.61742,1.542441,5.996764,0.413958,0.392701,-0.22858,1.0,,,,,,,,,,,,,,0,gru
232,39326,-5.3554,-3.4589,134,0,0,1,0,3.6592,2.106,collision,396.1,-0.117073,0.405142,-0.86264,0.668964,5.682532,0.470048,2.261272,5.995853,0.410798,0.391185,-0.25969,1.002077,-0.124278,0.014728,1.769368,0.00431,0.05803,0.41222,0.003852,0.224045,0.0001,,,,,0,gru
233,39459,-6.1186,-3.7318,133,0,0,1,0,3.5684,2.058,collision,397.4,-0.237337,0.385989,-0.844735,0.719563,5.638573,0.489407,3.063166,5.999278,0.41187,0.388265,-0.375067,1.0,,,,,,,,,,,,,,0,gru
234,39615,-2.9937,-3.3603,156,0,0,1,0,3.7188,1.963,collision,398.9,-0.310197,0.407297,-0.870919,0.866211,5.677835,0.437781,3.56979,5.997642,0.41527,0.396518,-0.789966,1.007816,,,,,,,,,,,,,,0,gru
235,39744,-12.674,-4.5082,129,0,0,1,0,3.7732,1.812,collision,400.1,-0.523781,0.275385,-0.868076,0.264287,5.811439,0.346097,3.74355,5.997792,0.402556,0.395253,-0.63715,1.00826,,,,,,,,,,,,,,0,gru
236,40031,-5.5327,-5.2799,287,0,0,1,0,3.6113,1.895,collision,403.0,-0.003367,0.5458,-0.876173,0.869314,5.623845,0.581157,2.537814,5.996708,0.385141,0.413347,-0.993699,1.008162,-0.017776,0.021945,1.769294,0.004298,0.107938,0.270359,0.05848,0.143443,0.0001,,,,,0,gru
237,40174,-1.7003,-4.9028,143,0,0,1,0,3.5774,2.079,collision,404.4,-0.140341,0.411183,-0.853293,0.812109,5.68825,0.415126,3.096542,5.996181,0.411054,0.391809,-0.20935,1.0,,,,,,,,,,,,,,0,gru
238,40337,2.9434,-4.5315,163,0,0,1,0,3.6485,1.977,collision,405.9,-0.256145,0.42262,-0.877525,0.699758,5.655085,0.486045,2.36934,5.998053,0.404519,0.392247,-0.461537,1.003631,,,,,,,,,,,,,,0,gru
239,40478,-4.7,-4.5038,141,0,0,1,0,3.6057,2.022,collision,407.2,0.077532,0.473431,-0.842759,0.871802,5.623249,0.484668,3.624788,5.992041,0.403916,0.389684,-0.490138,1.0,,,,,,,,,,,,,,0,gru
240,40618,-7.5654,-4.6901,140,0,0,1,0,3.6196,1.877,collision,408.9,-0.36852,0.416995,-0.871024,0.759321,5.667264,0.611667,1.223553,5.996626,0.415986,0.397697,-0.637248,1.0,-0.070714,0.013927,1.769333,0.004286,0.064689,0.278385,0.019067,0.141715,0.0001,,,,,0,gru
241,40766,-6.4607,-5.0158,148,0,0,1,0,3.5486,2.038,collision,410.3,0.154828,0.438899,-0.784382,0.854291,5.585851,0.648783,1.931429,5.995951,0.374238,0.380582,-0.621179,1.0,,,,,,,,,,,,,,0,gru
242,40927,0.0362,-4.4766,161,0,0,1,0,3.5334,2.067,collision,411.8,0.100048,0.435409,-0.842677,0.807324,5.642339,0.408821,3.864759,5.99416,0.371889,0.378643,-0.486856,1.0,,,,,,,,,,,,,,0,gru
243,41067,-3.2213,-4.1869,140,0,0,1,0,3.6168,2.103,collision,413.1,-0.18176,0.3952,-0.872179,0.749863,5.743052,0.316318,3.729894,5.994044,0.41463,0.393334,-0.24854,1.0,,,,,,,,,,,,,,0,gru
244,41205,-3.8245,-4.2699,138,0,0,1,0,3.6143,2.148,collision,414.7,-0.083786,0.392638,-0.835753,0.722009,5.706404,0.396797,3.749048,5.997741,0.407004,0.387516,-0.237455,1.0,-0.090569,0.018732,1.76932,0.004274,0.082784,0.372823,0.02369,0.224936,0.0001,,,,,0,gru
245,41340,-4.4117,-3.4437,135,0,0,1,0,3.5662,2.144,collision,416.0,-0.066263,0.386714,-0.836155,0.756309,5.708822,0.360458,3.829113,5.99504,0.403709,0.384323,-0.190824,1.0,,,,,,,,,,,,,,0,gru
246,41472,-10.926,-3.983,132,0,0,1,0,3.7661,1.795,collision,417.2,-0.519154,0.289434,-0.857336,0.666243,5.813544,0.343566,3.771863,5.996949,0.40154,0.38996,-0.613726,1.007684,,,,,,,,,,,,,,0,gru
247,41596,-11.6396,-4.977,124,0,0,1,0,3.6149,1.865,collision,418.3,-0.410749,0.382199,-0.863451,0.846196,5.790301,0.292785,4.159483,5.998178,0.418158,0.399515,-0.555616,1.0,,,,,,,,,,,,,,0,gru
248,41737,-7.7522,-6.0465,141,0,0,1,0,3.6079,2.035,collision,419.9,0.124381,0.457702,-0.844446,0.856703,5.60374,0.578499,2.473322,5.990311,0.392974,0.387193,-0.625376,1.0,-0.06314,0.015215,1.769324,0.004262,0.055571,0.2972,0.032144,0.18116,0.0001,,,,,0,gru
249,41884,-0.4753,-5.6241,147,0,0,1,0,3.5511,2.043,collision,421.2,-0.073412,0.450279,-0.865098,0.735865,5.681834,0.476963,2.41989,5.996117,0.411949,0.395048,-0.244262,1.0,,,,,,,,,,,,,,0,gru
250,42152,9.6735,-3.9002,268,0,0,1,0,3.4443,2.094,collision,423.7,0.076799,0.423562,-0.843444,0.876489,5.681743,0.421854,3.478832,5.996809,0.388626,0.40402,-0.772724,1.0,,,,,,,,,,,,,,0,gru
251,42296,-5.4247,-3.7966,144,0,0,1,0,3.6146,2.021,collision,425.0,0.09528,0.460552,-0.815814,0.888323,5.623006,0.428102,3.936358,5.987097,0.399321,0.39034,-0.564409,1.0,,,,,,,,,,,,,,0,gru
252,42458,1.1498,-3.6852,162,0,0,1,0,3.6481,1.902,collision,427.0,-0.369931,0.394112,-0.853976,0.793307,5.790392,0.254913,4.295266,5.998204,0.403966,0.392244,-0.467732,1.0,-0.030774,0.01724,1.76949,0.00425,0.083993,0.197516,0.03474,0.117993,0.0001,,,,,0,gru
253,42604,-1.0029,-3.4634,146,0,0,1,0,3.6135,2.048,collision,428.3,-0.135005,0.441154,-0.851565,0.820219,5.642682,0.504893,2.973593,5.998209,0.405966,0.390451,-0.216068,1.0,,,,,,,,,,,,,,0,gru
254,42767,-7.9609,-3.877,163,0,0,1,0,3.6116,2.056,collision,429.8,0.101476,0.436272,-0.823316,0.875769,5.651777,0.474295,2.510222,5.99671,0.386048,0.393933,-0.672858,1.0,,,,,,,,,,,,,,0,gru
255,43449,167.9902,13.3632,682,0,0,1,0,2.2741,2.059,collision,436.0,-0.073315,0.44754,-0.869474,0.854648,5.694414,0.482603,2.216918,5.999074,0.407715,0.401244,-0.786894,1.0,,,,,,,,,,,,,,0,gru
256,44125,166.2624,31.082,676,0,0,1,0,2.2778,2.035,collision,442.7,-0.030006,0.463573,-0.887834,0.861966,5.670274,0.502398,1.209774,5.997581,0.402794,0.396888,-0.768542,1.0,0.006382,0.014585,1.769766,0.004238,0.103282,0.226044,0.101706,0.196132,0.0001,,,,,0,gru
257,44266,-6.4496,31.601,141,0,0,1,0,3.7067,1.9,collision,444.0,-0.387297,0.377836,-0.874115,0.819587,5.778268,0.468764,1.015788,5.998188,0.412422,0.392759,-0.509722,1.001827,,,,,,,,,,,,,,0,gru
258,44398,-5.0088,31.8754,132,0,0,1,0,3.5394,2.166,collision,445.2,-0.10827,0.37118,-0.758428,0.791784,5.678861,0.577841,2.395425,5.997128,0.413193,0.389137,-0.19873,1.0,,,,,,,,,,,,,,0,gru
259,44806,56.7941,37.6023,408,0,0,1,0,3.0113,2.081,collision,449.0,0.112944,0.423258,-0.840263,0.880857,5.670622,0.489368,2.406382,5.996483,0.395619,0.396684,-0.703786,1.0,,,,,,,,,,,,,,0,gru
260,44978,3.9267,37.0276,172,0,0,1,0,3.6495,1.958,collision,451.0,-0.037914,0.50707,-0.862921,0.865432,5.727741,0.437018,2.74216,5.995654,0.403536,0.395249,-0.524384,1.005841,-0.008379,0.016014,1.770145,0.004226,0.089049,0.30317,0.062884,0.187834,0.0001,,,,,0,gru
261,45105,-9.4771,36.6224,127,0,0,1,0,3.6199,1.947,collision,452.1,-0.339865,0.397158,-0.88136,0.706697,5.774286,0.319899,3.905107,5.995755,0.415628,0.393316,-0.467458,1.0,,,,,,,,,,,,,,0,gru
262,45243,-4.5669,36.0507,138,0,0,1,0,3.6449,2.083,collision,453.4,-0.176593,0.40071,-0.886868,0.823847,5.757321,0.406669,2.088409,5.993387,0.41088,0.387908,-0.28638,1.0,,,,,,,,,,,,,,0,gru
263,45385,-3.4646,35.8046,142,0,0,1,0,3.6745,2.025,collision,454.7,-0.261457,0.402153,-0.853841,0.692472,5.791227,0.298546,4.122528,5.995511,0.413948,0.393739,-0.335835,1.006263,,,,,,,,,,,,,,0,gru
264,45793,52.2443,41.8251,408,0,0,1,0,3.0151,2.102,collision,458.7,0.121666,0.413496,-0.817416,0.863926,5.670607,0.433597,3.432966,5.998435,0.397152,0.399476,-0.762928,1.0,-0.005366,0.015536,1.770668,0.004214,0.091272,0.296612,0.062774,0.153032,0.0001,,,,,0,gru
265,45930,-5.0439,24.5217,137,0,0,1,0,3.5576,2.024,collision,460.0,-0.295238,0.377763,-0.881752,0.764204,5.818575,0.255502,4.323276,5.99813,0.417993,0.392297,-0.402733,1.0,,,,,,,,,,,,,,0,gru
266,46090,-5.0769,7.3877,160,0,0,1,0,3.7203,1.902,collision,461.3,-0.395793,0.359237,-0.877367,0.718087,5.815261,0.321576,2.784499,5.998414,0.409698,0.397446,-0.842645,1.002322,,,,,,,,,,,,,,0,gru
267,46228,-3.8336,7.6493,138,0,0,1,0,3.578,2.108,collision,462.6,-0.173022,0.399591,-0.866476,0.75329,5.784063,0.314639,3.976887,5.996786,0.41174,0.390723,-0.204246,1.0,,,,,,,,,,,,,,0,gru
268,46494,-0.4031,8.1099,266,0,0,1,0,3.4345,2.029,collision,465.3,0.108761,0.455977,-0.804365,0.874581,5.712158,0.392517,2.819122,5.998118,0.373892,0.407294,-0.85414,1.0,-0.029209,0.019529,1.771342,0.004202,0.087033,0.270955,0.082521,0.163653,0.0001,,,,,0,gru
269,46644,-0.8744,2.343,150,0,0,1,0,3.6051,2.055,collision,466.7,0.040455,0.453955,-0.835352,0.856261,5.760344,0.346989,3.877824,5.99307,0.404421,0.392803,-0.43522,1.0,,,,,,,,,,,,,,0,gru
270,46786,-2.8698,1.6634,142,0,0,1,0,3.6185,2.078,collision,468.0,-0.212839,0.383315,-0.856507,0.730675,5.816355,0.316275,3.471851,5.997499,0.415643,0.394231,-0.281285,1.0,,,,,,,,,,,,,,0,gru
271,46917,-7.4029,1.8708,131,0,0,1,0,3.5868,1.985,collision,469.3,-0.32185,0.388906,-0.885241,0.760441,5.820319,0.285583,3.715731,5.997202,0.415907,0.391594,-0.392219,1.0,,,,,,,,,,,,,,0,gru
272,47063,-3.1643,2.0111,146,0,0,1,0,3.6643,1.963,collision,470.9,-0.003269,0.504029,-0.859118,0.868573,5.826699,0.215313,4.984805,5.998151,0.408908,0.392011,-0.445301,1.003074,-0.091319,0.017572,1.771993,0.00419,0.073563,0.277248,0.052672,0.168667,0.0001,,,,,0,gru
273,47465,-24.5342,-0.0959,402,0,0,1,0,3.5545,1.881,collision,474.6,0.0548,0.548436,-0.857873,0.886848,5.759939,0.407883,1.984726,5.999495,0.393668,0.433959,-0.999997,1.0,,,,,,,,,,,,,,0,gru
274,47626,0.2993,-5.2904,161,0,0,1,0,3.6479,1.912,collision,476.1,-0.379608,0.387742,-0.873594,0.795856,5.828043,0.27851,4.196409,5.997134,0.403005,0.391209,-0.469916,1.0,,,,,,,,,,,,,,0,gru
275,47769,-6.2055,-5.4065,143,0,0,1,0,3.5432,2.044,collision,477.4,0.148178,0.453552,-0.878374,0.827728,5.709391,0.410849,3.372765,5.996781,0.388199,0.384896,-0.592301,1.0,,,,,,,,,,,,,,0,gru
276,47908,-3.6228,-5.2611,139,0,0,1,0,3.5367,2.167,collision,479.1,-0.045715,0.381125,-0.761287,0.76887,5.747202,0.418761,3.114257,5.995169,0.398423,0.382315,-0.251552,1.0,-0.03853,0.019085,1.772484,0.004178,0.085286,0.262084,0.061189,0.169148,0.0001,,,,,0,gru
277,48058,-0.8366,-4.9614,150,0,0,1,0,3.6355,2.088,collision,480.5,-0.039963,0.433689,-0.852473,0.81803,5.721506,0.439189,3.476789,5.996141,0.40159,0.387163,-0.290063,1.005457,,,,,,,,,,,,,,0,gru
278,48326,4.3593,-4.4852,268,0,0,1,0,3.3944,2.088,collision,482.9,0.065987,0.432476,-0.839463,0.853799,5.710963,0.426205,2.81916,5.9986,0.375209,0.402978,-0.825055,1.0,,,,,,,,,,,,,,0,gru
279,48474,-2.2679,-4.6245,148,0,0,1,0,3.6546,2.098,collision,484.3,-0.045445,0.434307,-0.854471,0.857099,5.758668,0.302047,4.347219,5.997378,0.406221,0.389275,-0.33287,1.008678,,,,,,,,,,,,,,0,gru
280,48644,1.1726,-4.2203,170,0,0,1,0,3.6485,1.955,collision,486.1,-0.370454,0.350669,-0.87852,0.689427,5.838492,0.233978,4.431835,5.998739,0.405203,0.394164,-0.618518,1.0,-0.025279,0.018504,1.772911,0.004166,0.084483,0.14623,0.051535,0.115824,0.0001,,,,,0,gru
281,48911,-0.6328,-3.5433,267,0,0,1,0,3.4331,2.038,collision,488.5,0.111766,0.447899,-0.815372,0.8794,5.753907,0.438091,2.254587,5.997283,0.372409,0.404217,-0.863016,1.0,,,,,,,,,,,,,,0,gru
282,49050,-3.2942,-3.5563,139,0,0,1,0,3.5596,2.112,collision,489.8,-0.208022,0.368839,-0.819952,0.697665,5.838829,0.202161,4.975169,5.998545,0.418212,0.395051,-0.269956,1.0,,,,,,,,,,,,,,0,gru
283,49201,-0.8338,-1.1862,151,0,0,1,0,3.5737,2.064,collision,491.2,0.066092,0.449463,-0.828035,0.850971,5.761463,0.440795,3.073786,5.996679,0.396919,0.387587,-0.451842,1.0,,,,,,,,,,,,,,0,gru
284,49464,2.399,-0.9763,263,0,0,1,0,3.5333,2.105,collision,493.9,0.100015,0.41953,-0.812243,0.855049,5.699272,0.529334,1.719477,5.997887,0.380888,0.40428,-0.815075,1.011509,-0.019174,0.017927,1.773294,0.004154,0.079999,0.423301,0.04112,0.2376,0.0001,,,,,0,gru
285,49603,-3.6745,-0.7232,139,0,0,1,0,3.5624,2.114,collision,495.2,-0.125767,0.392557,-0.801172,0.729373,5.81189,0.251624,4.24655,5.995795,0.404347,0.384541,-0.274021,1.0,,,,,,,,,,,,,,0,gru
286,49871,5.8059,0.2197,268,0,0,1,0,3.4958,2.072,collision,497.6,0.097018,0.439571,-0.834629,0.858529,5.715021,0.480439,2.02265,5.999214,0.384372,0.40255,-0.771053,1.006147,,,,,,,,,,,,,,0,gru
287,50008,-4.1632,-0.113,137,0,0,1,0,3.5529,2.045,collision,498.9,-0.209134,0.409698,-0.868175,0.806491,5.782951,0.311981,3.764128,5.991811,0.413754,0.390776,-0.280598,1.0,,,,,,,,,,,,,,0,gru
288,50153,-2.9528,-0.8442,145,0,0,1,0,3.5925,2.021,collision,500.6,-0.304461,0.374517,-0.830139,0.591875,5.821122,0.241163,4.002509,5.998722,0.41372,0.393395,-0.482437,1.0,-0.028716,0.018465,1.773486,0.004142,0.081002,0.483853,0.033268,0.272125,0.0001,,,,,0,gru
289,50309,1.309,-0.4865,156,0,0,1,0,3.5935,2.099,collision,502.2,-0.101971,0.417561,-0.84182,0.758928,5.661911,0.496265,2.61133,5.991792,0.399938,0.386646,-0.283748,1.0,,,,,,,,,,,,,,0,gru
290,51162,158.9004,15.2863,853,0,0,1,0,2.1579,2.035,collision,510.0,0.040947,0.469032,-0.873538,0.876676,5.74164,0.404484,2.125791,5.997734,0.394362,0.406165,-0.998995,1.0,,,,,,,,,,,,,,0,gru
291,51303,-3.1497,15.0346,141,0,0,1,0,3.6168,2.134,collision,511.4,-0.170977,0.373,-0.838724,0.65776,5.759191,0.440375,3.078266,5.995156,0.4086,0.387612,-0.271712,1.0,,,,,,,,,,,,,,0,gru
292,51572,8.6691,16.2309,269,0,0,1,0,3.4394,2.089,collision,514.2,0.058806,0.431154,-0.833032,0.856042,5.735103,0.376896,3.416764,5.998292,0.38726,0.403049,-0.775297,1.0,-0.000601,0.015918,1.773635,0.00413,0.106836,0.174069,0.098948,0.149211,0.0001,,,,,0,gru
293,51714,-2.7099,16.0433,142,0,0,1,0,3.5612,2.076,collision,515.5,-0.221566,0.389543,-0.847477,0.771837,5.812569,0.260649,4.171398,5.993568,0.412934,0.392933,-0.335358,1.0,,,,,,,,,,,,,,0,gru
294,51873,-3.0985,15.4936,159,0,0,1,0,3.5509,2.147,collision,517.1,0.106559,0.392225,-0.827147,0.801382,5.668116,0.504154,2.733426,5.99552,0.367705,0.377099,-0.538327,1.0,,,,,,,,,,,,,,0,gru
295,52023,-0.8306,15.778,150,0,0,1,0,3.5982,2.091,collision,518.5,0.031433,0.439809,-0.857069,0.822332,5.736296,0.331897,3.843974,5.994907,0.398924,0.386746,-0.38423,1.0,,,,,,,,,,,,,,0,gru
296,52171,-0.1998,15.1774,148,0,0,1,0,3.6195,2.144,collision,520.1,-0.141102,0.381219,-0.880225,0.771314,5.702479,0.525363,2.293023,5.999551,0.41442,0.396705,-0.263239,1.004248,-0.060476,0.0186,1.773609,0.004118,0.083806,0.278241,0.06853,0.167513,0.0001,,,,,0,gru
297,52316,-2.235,15.3702,145,0,0,1,0,3.5773,2.142,collision,521.5,0.001354,0.393511,-0.783727,0.753175,5.732498,0.293291,4.637966,5.997596,0.397672,0.383713,-0.264581,1.0,,,,,,,,,,,,,,0,gru
298,52584,3.8823,16.0537,268,0,0,1,0,3.4308,2.09,collision,524.0,0.101403,0.419192,-0.82074,0.837734,5.706751,0.438882,2.316746,5.997997,0.37999,0.404845,-0.826514,1.0,,,,,,,,,,,,,,0,gru
299,52724,-3.1293,15.6099,140,0,0,1,0,3.5787,2.078,collision,525.3,-0.18045,0.39683,-0.868974,0.761033,5.680317,0.546992,0.59126,5.998505,0.416084,0.393412,-0.273149,1.0,,,,,,,,,,,,,,0,gru
300,52860,-5.7177,-0.8519,136,0,0,1,0,3.5821,1.999,collision,527.0,-0.208108,0.437654,-0.864788,0.764003,5.750463,0.310277,4.201811,5.99566,0.409096,0.387643,-0.394337,1.0,-0.055808,0.018143,1.77336,0.004106,0.079935,0.172958,0.033972,0.10897,0.0001,,,,,0,gru
301,53122,3.5166,-0.1853,262,0,0,1,0,3.5233,2.085,collision,529.4,0.096783,0.429,-0.817283,0.873157,5.708493,0.440276,2.464977,5.998638,0.378084,0.402147,-0.791444,1.009598,,,,,,,,,,,,,,0,gru
302,53291,-3.5513,-1.4073,169,0,0,1,0,3.718,1.941,collision,530.9,-0.295276,0.432798,-0.867889,0.774719,5.799287,0.284972,4.206009,5.998872,0.414752,0.401359,-0.928936,1.006582,,,,,,,,,,,,,,0,gru
303,53441,-6.249,-1.7612,150,0,0,1,0,3.7277,1.838,collision,532.3,-0.459093,0.340389,-0.849781,0.598179,5.778679,0.303115,4.081383,5.995394,0.412894,0.396923,-0.670847,1.007054,,,,,,,,,,,,,,0,gru
304,53580,-6.6833,-2.1197,139,0,0,1,0,3.5389,2.067,collision,534.0,0.137222,0.421471,-0.683338,0.851202,5.672357,0.400661,4.049195,5.995935,0.391908,0.384309,-0.585902,1.0,-0.013824,0.019535,1.77322,0.004094,0.080544,0.20441,0.01827,0.120103,0.0001,,,,,0,gru
305,53718,-4.3298,-2.4696,138,0,0,1,0,3.6014,2.054,collision,535.3,-0.187892,0.416216,-0.86096,0.696834,5.700416,0.471938,2.054703,5.994805,0.412403,0.389804,-0.277137,1.0,,,,,,,,,,,,,,0,gru
306,53861,-3.309,-2.7806,143,0,0,1,0,3.5424,2.115,collision,536.6,0.018048,0.418583,-0.831539,0.82605,5.674788,0.444563,3.297524,5.995215,0.389216,0.377235,-0.304752,1.0,,,,,,,,,,,,,,0,gru
307,54122,0.4753,-2.5095,261,0,0,1,0,3.4782,2.062,collision,539.1,0.061172,0.441354,-0.825671,0.857455,5.725453,0.404753,2.755412,5.994793,0.368829,0.39775,-0.791174,1.0,,,,,,,,,,,,,,0,gru
308,54271,-0.339,-2.9317,149,0,0,1,0,3.5581,2.144,collision,540.8,0.007595,0.402889,-0.844987,0.851284,5.65399,0.565015,1.722993,5.995562,0.402194,0.389716,-0.369545,1.0,-0.057284,0.01914,1.773156,0.004082,0.084123,0.342562,0.007336,0.174287,0.0001,,,,,0,gru
309,54457,8.2463,-1.7941,186,0,0,1,0,3.6494,1.961,collision,542.6,-0.303057,0.4116,-0.867027,0.781139,5.774061,0.391165,3.324572,5.999458,0.403988,0.391474,-0.551844,1.009366,,,,,,,,,,,,,,0,gru
310,54589,-6.0078,-1.8231,132,0,0,1,0,3.5561,2.105,collision,543.8,-0.201097,0.384368,-0.820786,0.658983,5.709438,0.463829,2.895019,5.992829,0.414351,0.390703,-0.213864,1.0,,,,,,,,,,,,,,0,gru
311,54764,-2.631,-2.4379,175,0,0,1,0,3.631,2.097,collision,545.5,0.030822,0.439185,-0.869112,0.849614,5.787329,0.369896,2.62024,5.999459,0.393864,0.393899,-0.598921,1.006946,,,,,,,,,,,,,,0,gru
312,54904,-4.365,-2.5192,140,0,0,1,0,3.6482,2.045,collision,547.1,-0.224738,0.408605,-0.861678,0.651242,5.778394,0.316321,4.483869,5.995314,0.412206,0.391136,-0.299678,1.0,-0.018566,0.017325,1.773114,0.00407,0.076629,0.416336,0.008095,0.219131,0.0001,,,,,0,gru
313,55035,-7.0726,-2.6016,131,0,0,1,0,3.5876,2.03,collision,548.3,-0.258317,0.396457,-0.877157,0.704091,5.78734,0.277145,4.157735,5.998611,0.410826,0.387887,-0.364653,1.0,,,,,,,,,,,,,,0,gru
314,55187,-0.3237,-1.9656,152,0,0,1,0,3.6442,2.086,collision,549.7,-0.155067,0.410896,-0.853731,0.816148,5.805796,0.265762,4.393542,5.999732,0.407536,0.388483,-0.338144,1.007188,,,,,,,,,,,,,,0,gru
315,55330,-2.2549,-1.7581,143,0,0,1,0,3.6184,2.088,collision,551.1,-0.205073,0.397434,-0.826002,0.752293,5.784793,0.275858,4.565112,5.994018,0.40819,0.389733,-0.222085,1.0,,,,,,,,,,,,,,0,gru
316,55474,-2.1405,-1.6413,144,0,0,1,0,3.5569,2.081,collision,552.8,-0.213819,0.38815,-0.819345,0.694391,5.758295,0.367886,3.287454,5.997931,0.409665,0.390695,-0.385176,1.0,-0.053433,0.017369,1.773081,0.004058,0.067803,0.475324,0.01792,0.237805,0.0001,,,,,0,gru
317,55607,-5.8682,-2.2756,133,0,0,1,0,3.5529,2.031,collision,554.1,-0.233086,0.403049,-0.857594,0.753822,5.784998,0.300201,4.094253,5.997931,0.408588,0.38515,-0.279085,1.0,,,,,,,,,,,,,,0,gru
318,55757,-1.9551,-2.4373,150,0,0,1,0,3.6416,2.075,collision,555.5,-0.160145,0.415064,-0.874353,0.749114,5.716424,0.411165,3.525443,5.997095,0.401873,0.384163,-0.357341,1.002537,,,,,,,,,,,,,,0,gru
319,56014,-20.1354,-5.2754,257,0,0,1,0,3.6059,1.995,collision,557.8,0.106954,0.478142,-0.751364,0.855311,5.725749,0.465035,2.278251,5.997266,0.358284,0.414772,-0.946611,1.0,,,,,,,,,,,,,,0,gru
320,56461,-11.4789,-5.8225,447,0,0,1,0,3.5233,1.997,collision,562.2,-0.004837,0.492287,-0.873721,0.880288,5.750248,0.40477,2.595217,5.99836,0.385475,0.425635,-0.999971,1.003041,-0.037517,0.017847,1.773351,0.004046,0.075969,0.120252,0.028794,0.065369,0.0001,,,,,0,gru
321,56602,-4.0729,-5.9667,141,0,0,1,0,3.6231,2.055,collision,563.5,-0.245734,0.393955,-0.85185,0.641716,5.708023,0.446069,2.361133,5.994869,0.409765,0.388035,-0.322734,1.0,,,,,,,,,,,,,,0,gru
322,56759,-1.9675,-5.727,157,0,0,1,0,3.6477,1.877,collision,565.0,-0.407148,0.373526,-0.87716,0.755006,5.81043,0.269272,4.352521,5.995648,0.406363,0.392611,-0.583327,1.0,,,,,,,,,,,,,,0,gru
323,56900,-3.9862,-5.4183,141,0,0,1,0,3.5555,2.007,collision,566.3,-0.240753,0.418992,-0.868689,0.748355,5.672944,0.635352,1.632361,5.998905,0.408376,0.388043,-0.439785,1.0,,,,,,,,,,,,,,0,gru
324,57159,-31.9958,-8.5855,259,0,0,1,0,3.5942,1.965,collision,569.1,0.165348,0.484588,-0.847198,0.882,5.654885,0.521626,2.740952,5.996745,0.356126,0.42251,-0.968933,1.0,-0.026883,0.017018,1.773701,0.004034,0.060722,0.179214,0.013773,0.079697,0.0001,,,,,0,gru
325,57321,1.3384,-8.2262,162,0,0,1,0,3.6475,2.008,collision,570.7,-0.314818,0.377369,-0.863904,0.628874,5.743433,0.376952,3.738353,5.999498,0.404011,0.387478,-0.416439,1.002733,,,,,,,,,,,,,,0,gru
326,57583,-7.3455,-8.7467,262,0,0,1,0,3.5532,2.029,collision,573.2,0.102979,0.460084,-0.848997,0.864745,5.72898,0.479029,2.215375,5.998287,0.3755,0.410665,-0.872473,1.0,,,,,,,,,,,,,,0,gru
327,58271,159.6867,7.8088,688,0,0,1,0,2.2489,2.087,collision,579.8,-0.050347,0.43428,-0.855418,0.871508,5.674202,0.492169,1.947492,5.995353,0.398767,0.396515,-0.826556,1.0,,,,,,,,,,,,,,0,gru
328,58800,65.1758,14.5219,529,0,0,1,0,2.7972,2.065,collision,585.6,0.163585,0.417579,-0.873624,0.841303,5.651924,0.505453,2.080494,5.998205,0.359885,0.385857,-0.950059,1.0,0.002755,0.017226,1.773928,0.004022,0.106066,0.18637,0.13016,0.177612,0.0001,,,,,0,gru
329,58943,-3.3289,16.2025,143,0,0,1,0,3.5374,2.129,collision,587.0,0.013367,0.404162,-0.854749,0.738814,5.592566,0.512255,3.413457,5.992006,0.392736,0.381193,-0.415041,1.0,,,,,,,,,,,,,,0,gru
330,59397,-16.8832,15.6621,454,0,0,1,0,3.5445,2.023,collision,591.2,0.01746,0.471261,-0.876842,0.849025,5.72281,0.448509,1.900894,5.99812,0.393034,0.430343,-0.999975,1.010274,,,,,,,,,,,,,,0,gru
331,59563,-0.0294,16.0664,166,0,0,1,0,3.6488,1.828,collision,592.8,-0.447955,0.366105,-0.871728,0.766447,5.795343,0.308265,4.252751,5.99878,0.402761,0.39051,-0.599227,1.0,,,,,,,,,,,,,,0,gru
332,59714,-0.8832,16.1749,151,0,0,1,0,3.5899,2.025,collision,594.7,-0.225408,0.407134,-0.865703,0.771228,5.702447,0.498909,1.402792,5.992926,0.407452,0.389568,-0.363559,1.0,-0.032129,0.017871,1.774059,0.00401,0.073355,0.570578,0.045908,0.309174,0.0001,,,,,0,gru
333,59859,-7.185,15.855,145,0,0,1,0,3.6471,1.817,collision,596.0,-0.478468,0.338111,-0.869135,0.544415,5.711561,0.489357,3.083796,5.995862,0.410808,0.396288,-0.657674,1.0,,,,,,,,,,,,,,0,gru
334,60020,-1.3129,18.9233,161,0,0,1,0,3.6485,1.877,collision,597.6,-0.438563,0.33243,-0.877886,0.613214,5.761954,0.394655,2.488162,5.994057,0.404026,0.390783,-0.612881,1.0,,,,,,,,,,,,,,0,gru
335,60155,-9.7438,17.8151,135,0,0,1,0,3.6303,1.83,collision,598.9,-0.45924,0.368756,-0.86739,0.684357,5.72963,0.509819,1.654408,5.997896,0.425549,0.406846,-0.628052,1.0,,,,,,,,,,,,,,0,gru
336,60310,1.4014,18.6897,155,0,0,1,0,3.5999,2.141,collision,600.7,-0.034241,0.407167,-0.850492,0.80703,5.612591,0.629148,2.131657,5.988315,0.400956,0.38694,-0.259903,1.003374,-0.083328,0.021105,1.774224,0.003998,0.064463,0.278087,0.056303,0.169902,0.0001,,,,,0,gru
337,60463,-2.0116,2.5199,153,0,0,1,0,3.6445,2.136,collision,602.1,-0.18678,0.361795,-0.877845,0.634965,5.688184,0.396264,3.749007,5.993344,0.399641,0.382638,-0.432085,1.00547,,,,,,,,,,,,,,0,gru
338,60623,-0.0086,-3.9985,160,0,0,1,0,3.6472,2.118,collision,603.7,-0.186473,0.365148,-0.824364,0.721984,5.607366,0.612487,1.210169,5.993259,0.403472,0.386606,-0.468134,1.008699,,,,,,,,,,,,,,0,gru
339,60777,-1.2268,-3.7883,154,0,0,1,0,3.6088,2.098,collision,605.1,0.023097,0.423782,-0.776304,0.813077,5.663247,0.455089,3.004001,5.995428,0.397696,0.38704,-0.457412,1.000355,,,,,,,,,,,,,,0,gru
340,60927,-1.0082,-2.2008,150,0,0,1,0,3.6188,2.07,collision,606.9,-0.044008,0.444736,-0.823363,0.84939,5.59779,0.555627,2.772047,5.994233,0.401532,0.386803,-0.286121,1.000308,-0.055679,0.021566,1.77443,0.003986,0.098343,0.526258,0.022574,0.294039,0.0001,,,,,0,gru
341,62551,-15.9417,-3.792,1624,0,0,1,0,2.3271,2.13,collision,621.5,0.004419,0.406086,-0.860134,0.854391,5.553318,0.599602,0.937316,5.998425,0.364791,0.436588,-1.0,1.0,,,,,,,,,,,,,,0,gru
342,62818,-20.5452,-5.7582,267,0,0,1,0,3.5947,2.021,collision,624.0,0.134951,0.456681,-0.761267,0.860273,5.560782,0.611075,1.924807,5.995451,0.374752,0.422635,-0.936866,1.0,,,,,,,,,,,,,,0,gru
343,62959,-9.05,-5.9447,141,0,0,1,0,3.7662,1.713,collision,625.3,-0.576503,0.272138,-0.8831,0.645163,5.666839,0.476458,3.532531,5.99646,0.408191,0.393734,-0.637714,1.007074,,,,,,,,,,,,,,0,gru
344,63637,161.1328,10.2998,678,0,0,1,0,2.2902,2.033,collision,632.6,-0.098192,0.456841,-0.879226,0.855138,5.588396,0.543006,1.075474,5.997623,0.395508,0.393331,-0.755295,1.0,0.007795,0.011285,1.774772,0.003974,0.081354,0.254678,0.064142,0.18077,0.0001,,,,,0,gru
345,63796,-0.8963,11.1846,159,0,0,1,0,3.6474,1.974,collision,634.1,-0.325581,0.382281,-0.872223,0.79284,5.641868,0.558892,2.979398,5.990944,0.408445,0.389593,-0.477301,1.0,,,,,,,,,,,,,,0,gru
346,64083,-7.1848,10.326,287,0,0,1,0,3.6203,1.976,collision,636.8,-0.118715,0.483665,-0.873934,0.867915,5.616008,0.539914,1.833145,5.995159,0.388443,0.416251,-0.994669,1.006254,,,,,,,,,,,,,,0,gru
347,64245,1.4968,10.6768,162,0,0,1,0,3.5791,2.114,collision,638.3,-0.032109,0.416224,-0.828869,0.859019,5.554508,0.614089,2.402579,5.986238,0.393702,0.382833,-0.372598,1.0,,,,,,,,,,,,,,0,gru
348,64404,0.5542,10.7331,159,0,0,1,0,3.6472,2.064,collision,640.2,-0.122557,0.431405,-0.861995,0.796324,5.661483,0.436041,3.241314,5.99696,0.401224,0.385702,-0.387344,1.008913,-0.062316,0.018485,1.774976,0.003962,0.094075,0.32159,0.072143,0.218092,0.0001,,,,,0,gru
349,66070,-22.3905,8.6167,1666,0,0,1,0,2.2848,2.139,collision,654.9,0.042147,0.398531,-0.855101,0.879875,5.50236,0.660219,0.973487,5.998486,0.366543,0.43924,-1.0,1.0,,,,,,,,,,,,,,0,gru
350,66221,-3.3531,8.3822,151,0,0,1,0,3.6463,2.062,collision,656.3,-0.209766,0.394035,-0.851961,0.766187,5.458035,0.742249,1.634721,5.994941,0.403777,0.385028,-0.449817,1.0,,,,,,,,,,,,,,0,gru
351,66377,-0.5735,9.919,156,0,0,1,0,3.6429,2.007,collision,657.7,-0.28954,0.394512,-0.883383,0.749632,5.608328,0.506641,3.242395,5.994414,0.409616,0.390191,-0.418029,1.000412,,,,,,,,,,,,,,0,gru
352,66535,0.9487,12.0684,158,0,0,1,0,3.5886,2.09,collision,659.9,-0.022842,0.434161,-0.847525,0.802129,5.562571,0.550594,2.969982,5.997057,0.398141,0.387037,-0.41268,1.0,-0.027698,0.013213,1.775165,0.00395,0.070575,0.386758,0.048846,0.230783,0.0001,,,,,0,gru
353,66687,0.0068,12.9741,152,0,0,1,0,3.5426,2.172,collision,661.3,-0.097765,0.369614,-0.840806,0.745327,5.561787,0.638643,2.120979,5.993227,0.389097,0.377797,-0.307191,1.0,,,,,,,,,,,,,,0,gru
354,66967,-3.8648,-3.5257,280,0,0,1,0,3.603,2.032,collision,663.8,0.037192,0.463606,-0.85566,0.882954,5.537224,0.632936,1.805039,5.994703,0.387659,0.410566,-0.987252,1.009667,,,,,,,,,,,,,,0,gru
355,67241,-12.2984,-4.6659,274,0,0,1,0,3.6179,2.004,collision,666.3,0.120885,0.466075,-0.813775,0.866101,5.539119,0.675333,1.185804,5.992562,0.381957,0.420882,-0.918593,1.009314,,,,,,,,,,,,,,0,gru
356,67367,-15.7125,-5.5186,126,0,0,1,0,3.7039,1.609,collision,667.9,-0.64026,0.246102,-0.880296,0.608314,5.720158,0.371911,3.706623,5.99679,0.383278,0.387124,-0.715244,1.0,-0.033573,0.017255,1.775537,0.003938,0.075714,0.371079,0.063266,0.244526,0.0001,,,,,0,gru
357,67521,-1.5014,-5.8185,154,0,0,1,0,3.5578,1.934,collision,669.4,-0.367186,0.378935,-0.878083,0.620241,5.618522,0.533698,2.936176,5.993239,0.407038,0.3872,-0.421753,1.0,,,,,,,,,,,,,,0,gru
358,67661,-5.65,-6.4389,140,0,0,1,0,3.6151,1.987,collision,670.7,-0.314957,0.384753,-0.866601,0.711337,5.599946,0.514176,2.861821,5.98676,0.408452,0.385907,-0.424279,1.0,,,,,,,,,,,,,,0,gru
359,68355,161.2995,11.9301,694,0,0,1,0,2.2935,2.05,collision,677.1,-0.179981,0.426146,-0.88421,0.835662,5.570659,0.5688,2.267662,5.997371,0.395624,0.394697,-0.884543,1.0,,,,,,,,,,,,,,0,gru
360,68508,-2.4594,12.0195,153,0,0,1,0,3.6465,1.934,collision,679.0,-0.3891,0.360204,-0.878615,0.742164,5.638135,0.576878,1.907083,5.996065,0.412066,0.391397,-0.543836,1.0,-0.016394,0.016903,1.7759,0.003926,0.101078,0.570898,0.029972,0.320035,0.0001,,,,,0,gru
361,69207,159.7964,28.0565,699,0,0,1,0,2.2649,2.073,collision,685.5,-0.129683,0.427275,-0.865992,0.836644,5.539969,0.614268,2.30362,5.998131,0.393491,0.395118,-0.893232,1.0,,,,,,,,,,,,,,0,gru
362,70879,-21.7849,25.7831,1672,0,0,1,0,2.3928,2.145,collision,700.6,0.036011,0.396795,-0.855018,0.849817,5.482274,0.678089,1.328591,5.998456,0.363877,0.435407,-1.0,1.010509,,,,,,,,,,,,,,0,gru
363,72657,-55.5122,20.2312,1778,0,0,1,0,2.3397,2.129,collision,716.9,0.017579,0.40964,-0.882336,0.858763,5.511376,0.633804,1.178413,5.998806,0.36752,0.437923,-1.0,1.0,,,,,,,,,,,,,,0,gru
364,72803,-5.4357,20.0741,146,0,0,1,0,3.611,1.881,collision,719.6,-0.376969,0.412517,-0.867817,0.848184,5.726236,0.41,2.742234,5.993311,0.410198,0.390667,-0.597117,1.0,0.002666,0.00726,1.776501,0.003914,0.06109,0.273335,0.014266,0.158005,0.0001,,,,,0,gru
365,74479,-43.0135,17.0026,1676,0,0,1,0,2.3594,2.155,collision,734.7,0.041641,0.391011,-0.86012,0.856605,5.470464,0.679433,0.587108,5.998281,0.36156,0.435937,-1.0,1.0,,,,,,,,,,,,,,0,gru
366,74641,1.6417,18.738,162,0,0,1,0,3.5674,2.011,collision,736.2,-0.292351,0.375191,-0.849766,0.809354,5.572661,0.630831,2.276895,5.995989,0.404284,0.386701,-0.415135,1.0,,,,,,,,,,,,,,0,gru
367,75172,50.9087,23.9791,531,0,0,1,0,2.8705,2.012,collision,741.3,0.096898,0.464958,-0.87083,0.868374,5.487851,0.704216,0.721629,5.998226,0.356573,0.386003,-0.993705,1.0,,,,,,,,,,,,,,0,gru
368,75867,162.5872,40.8028,695,0,0,1,0,2.2964,2.04,collision,748.5,-0.200511,0.420501,-0.89184,0.834753,5.574062,0.592128,0.900759,5.996229,0.394901,0.394548,-0.893115,1.0,-0.021675,0.008232,1.777357,0.003902,0.060325,0.191,0.025469,0.11011,0.0001,,,,,0,gru
369,76142,27.6773,27.4406,275,0,0,1,0,3.5095,1.971,collision,751.1,-0.258789,0.438413,-0.88479,0.846884,5.563707,0.66238,1.870896,5.996918,0.389946,0.388878,-0.651123,1.007548,,,,,,,,,,,,,,0,gru
370,76301,-0.2712,27.6594,159,0,0,1,0,3.6483,2.01,collision,752.6,-0.284499,0.391592,-0.888889,0.57459,5.621916,0.526597,2.380423,5.997793,0.405822,0.388471,-0.461098,1.002182,,,,,,,,,,,,,,0,gru
371,76485,6.2666,12.3064,184,0,0,1,0,3.6494,1.928,collision,754.3,-0.342866,0.404174,-0.873322,0.787389,5.635433,0.598169,1.549495,5.991294,0.406077,0.393035,-0.541278,1.003928,,,,,,,,,,,,,,0,gru
372,78175,-38.5988,10.625,1690,0,0,1,0,2.3417,2.146,collision,770.9,0.044354,0.396932,-0.809145,0.863237,5.471375,0.657806,1.217783,5.996759,0.35971,0.433506,-1.0,1.0,-0.062601,0.008494,1.777867,0.00389,0.057862,0.366036,0.029833,0.209076,0.0001,,,,,0,gru
373,78434,6.877,16.8639,259,0,0,1,0,3.4111,2.086,collision,773.3,-0.032395,0.431839,-0.875901,0.831023,5.483543,0.638529,1.67891,5.998124,0.353834,0.381623,-0.792505,1.0,,,,,,,,,,,,,,0,gru
374,78959,54.9356,22.9011,525,0,0,1,0,2.8736,2.035,collision,778.1,0.076908,0.466612,-0.873332,0.859543,5.479742,0.673419,2.096955,5.997733,0.352607,0.383224,-0.97614,1.0,,,,,,,,,,,,,,0,gru
375,79655,159.7824,43.1807,696,0,0,1,0,2.2757,2.06,collision,784.6,-0.172849,0.421104,-0.887286,0.768317,5.58175,0.608636,1.449648,5.998278,0.393178,0.395593,-0.893936,1.0,,,,,,,,,,,,,,0,gru
376,79796,-10.9484,41.9216,141,0,0,1,0,3.7926,1.614,collision,786.4,-0.646852,0.233926,-0.88195,0.540862,5.714195,0.442345,2.706131,5.994102,0.406856,0.396753,-0.715311,1.007947,-0.001685,0.011745,1.778328,0.003878,0.083251,0.218701,0.028115,0.143819,0.0001,,,,,0,gru
377,80064,26.6705,39.4978,268,0,0,1,0,3.4517,2.01,collision,788.8,-0.265835,0.400854,-0.886582,0.750143,5.625823,0.538001,3.041754,5.995952,0.393045,0.38816,-0.626375,1.001853,,,,,,,,,,,,,,0,gru
378,81759,-39.7907,19.26,1695,0,0,1,0,2.3093,2.151,collision,804.8,0.046544,0.391978,-0.871555,0.834051,5.458699,0.707294,0.785556,5.996573,0.359255,0.434296,-1.0,1.0,,,,,,,,,,,,,,0,gru
379,81908,-2.3977,16.2525,149,0,0,1,0,3.5435,2.117,collision,806.3,0.012639,0.418079,-0.759482,0.812485,5.532338,0.680456,1.519171,5.990067,0.392304,0.382272,-0.449203,1.0,,,,,,,,,,,,,,0,gru
380,83684,-45.6364,11.716,1776,0,0,1,0,2.3779,2.119,collision,823.5,0.02813,0.411406,-0.881784,0.87654,5.50806,0.665272,1.23179,5.996202,0.365998,0.43527,-1.0,1.006459,-0.005015,0.006489,1.778836,0.003866,0.052877,0.361095,0.016644,0.217271,0.0001,,,,,0,gru
381,83851,1.7655,11.2659,167,0,0,1,0,3.5476,2.062,collision,825.0,-0.257191,0.377977,-0.864995,0.698071,5.570237,0.611225,2.271061,5.992482,0.397487,0.383149,-0.480801,1.0,,,,,,,,,,,,,,0,gru
382,84125,28.5381,17.9796,274,0,0,1,0,3.5128,1.904,collision,827.6,-0.334829,0.431255,-0.893485,0.796413,5.65333,0.517281,2.107406,5.995638,0.389334,0.391161,-0.636237,1.0,,,,,,,,,,,,,,0,gru
383,84668,66.4331,23.9352,543,0,0,1,0,2.8592,2.034,collision,832.6,-0.020553,0.464609,-0.879181,0.854622,5.586613,0.505933,1.937701,5.996323,0.374859,0.391402,-0.955645,1.0,,,,,,,,,,,,,,0,gru
384,84848,0.0611,18.4477,180,0,0,1,0,3.6496,2.045,collision,834.7,-0.167084,0.424243,-0.887244,0.845905,5.636144,0.459348,3.274525,5.992294,0.387676,0.38184,-0.668743,1.001971,-0.036633,0.016641,1.779379,0.003854,0.081699,0.192856,0.020094,0.115641,0.0001,,,,,0,gru
385,85371,82.6549,10.735,523,0,0,1,0,2.7711,2.043,collision,839.5,0.006084,0.463248,-0.867606,0.851575,5.543782,0.606526,2.146819,5.996907,0.365829,0.384245,-0.838414,1.0,,,,,,,,,,,,,,0,gru
386,85556,4.9197,12.3218,185,0,0,1,0,3.619,2.037,collision,841.2,-0.187431,0.425541,-0.862952,0.793269,5.671748,0.445294,3.155115,5.99543,0.395191,0.388001,-0.59322,1.006758,,,,,,,,,,,,,,0,gru
387,87215,4.3263,10.0874,1659,0,0,1,0,2.3422,2.147,collision,856.2,0.030171,0.394379,-0.839364,0.853969,5.506088,0.652135,1.02288,5.997082,0.36653,0.435986,-1.0,1.005122,,,,,,,,,,,,,,0,gru
388,87490,28.913,16.9578,275,0,0,1,0,3.4982,2.006,collision,859.6,-0.257641,0.418546,-0.885764,0.816653,5.647433,0.446311,2.87106,5.998069,0.394924,0.393878,-0.617958,1.006339,-0.010156,0.008069,1.779857,0.003842,0.054495,0.180001,0.027696,0.101047,0.0001,,,,,0,gru
389,89155,-20.9896,15.0986,1665,0,0,1,0,2.3385,2.134,collision,874.6,0.021611,0.404031,-0.822724,0.846993,5.511667,0.63412,0.505269,5.998049,0.362004,0.434979,-1.0,1.0,,,,,,,,,,,,,,0,gru
390,89319,0.1394,19.6761,164,0,0,1,0,3.6179,2.091,collision,876.2,-0.252256,0.352984,-0.885256,0.691054,5.607904,0.552178,2.300299,5.990079,0.398788,0.384857,-0.569685,1.0,,,,,,,,,,,,,,0,gru
391,89482,3.249,19.8245,163,0,0,1,0,3.5162,2.148,collision,877.8,0.015168,0.396053,-0.849883,0.769319,5.556679,0.5817,2.119501,5.995394,0.392151,0.387441,-0.401331,1.0,,,,,,,,,,,,,,0,gru
392,91155,-24.8431,14.4864,1673,0,0,1,0,2.3881,2.14,collision,894.0,0.03054,0.397003,-0.86514,0.852082,5.471776,0.693821,0.517426,5.997861,0.362667,0.435085,-1.0,1.0,0.00517,0.007243,1.780317,0.00383,0.045325,0.154218,0.016752,0.09072,0.0001,,,,,0,gru
393,92802,-10.6974,6.7733,1647,0,0,1,0,2.3679,2.145,collision,908.9,0.021781,0.396778,-0.846868,0.867367,5.496868,0.645722,1.070621,5.995756,0.364384,0.434295,-1.0,1.00705,,,,,,,,,,,,,,0,gru
394,92948,-5.1443,6.2528,146,0,0,1,0,3.6391,1.885,collision,910.3,-0.402549,0.381164,-0.887569,0.597516,5.660544,0.471591,2.600816,5.998553,0.411591,0.389386,-0.463369,1.0,,,,,,,,,,,,,,0,gru
395,93115,3.776,-1.6351,167,0,0,1,0,3.5674,2.081,collision,911.8,-0.100665,0.429,-0.860829,0.77992,5.524596,0.628222,2.732461,5.993195,0.396244,0.384073,-0.386186,1.0,,,,,,,,,,,,,,0,gru
396,94740,-24.3167,-4.5587,1625,0,0,1,0,2.358,2.138,collision,927.5,0.011748,0.403844,-0.870132,0.85415,5.533725,0.580276,1.202443,5.996494,0.360654,0.4346,-1.0,1.0,0.007715,0.006582,1.780067,0.003818,0.047815,0.15317,0.009259,0.09122,0.0001,,,,,0,gru
397,95275,57.8598,0.7946,535,0,0,1,0,2.8574,2.014,collision,932.3,-0.003058,0.478757,-0.862305,0.88906,5.552352,0.594771,0.740733,5.996604,0.369465,0.390657,-0.992056,1.0,,,,,,,,,,,,,,0,gru
398,95542,27.0285,0.6062,267,0,0,1,0,3.4103,2.027,collision,934.7,-0.222585,0.417155,-0.84538,0.78966,5.550141,0.602783,1.381946,5.998006,0.387785,0.384664,-0.624113,1.0,,,,,,,,,,,,,,0,gru
399,95718,2.8911,2.9942,176,0,0,1,0,3.6498,1.961,collision,936.3,-0.33168,0.386086,-0.882519,0.63445,5.608478,0.579195,2.684935,5.997238,0.402782,0.389209,-0.541261,1.0,,,,,,,,,,,,,,0,gru
400,97368,-16.0296,1.3773,1650,0,0,1,0,2.3321,2.145,collision,951.6,0.04075,0.393752,-0.820074,0.838579,5.512956,0.646879,1.179038,5.997399,0.368392,0.438799,-1.0,1.0,-0.021928,0.008045,1.779759,0.003806,0.044291,0.265156,0.016875,0.158291,0.0001,,,,,0,gru
401,97528,2.4981,1.3022,160,0,0,1,0,3.5112,2.049,collision,953.1,-0.173042,0.429752,-0.858182,0.806804,5.746839,0.328915,4.097489,5.997459,0.402815,0.38514,-0.349055,1.0,,,,,,,,,,,,,,0,gru
402,97698,0.6452,3.8511,170,0,0,1,0,3.6495,1.769,collision,954.6,-0.519899,0.331903,-0.886811,0.712786,5.691658,0.51273,2.300892,5.995254,0.407606,0.392433,-0.569702,1.0,,,,,,,,,,,,,,0,gru
403,98239,60.6904,10.9898,541,0,0,1,0,2.8641,2.028,collision,959.5,0.029137,0.470783,-0.86647,0.872223,5.572131,0.587984,0.485421,5.9975,0.370834,0.391188,-0.965457,1.0,,,,,,,,,,,,,,0,gru
404,98781,65.2124,18.0255,542,0,0,1,0,2.8433,2.051,collision,964.9,-0.021325,0.456286,-0.865844,0.859839,5.590889,0.573337,1.064455,5.997984,0.375011,0.391226,-0.971728,1.0,-0.018822,0.012231,1.779745,0.003794,0.077826,0.543218,0.015854,0.300658,0.0001,,,,,0,gru
405,98949,-6.3262,17.0153,168,0,0,1,0,3.6972,1.814,collision,966.5,-0.409339,0.437403,-0.88763,0.793659,5.737677,0.352161,3.586574,5.997608,0.415263,0.40127,-0.94175,1.0,,,,,,,,,,,,,,0,gru
406,100589,-2.5527,19.1917,1640,0,0,1,0,2.2807,2.134,collision,981.0,0.033117,0.402441,-0.837433,0.857254,5.540049,0.629057,1.333236,5.995854,0.365836,0.436889,-1.0,1.0,,,,,,,,,,,,,,0,gru
407,100735,-3.8423,13.0215,146,0,0,1,0,3.5538,1.925,collision,982.4,-0.381053,0.375706,-0.881107,0.640226,5.723694,0.405478,2.489079,5.991905,0.413469,0.392865,-0.57333,1.0,,,,,,,,,,,,,,0,gru
408,101263,104.2881,20.7474,528,0,0,1,0,2.686,2.076,collision,987.9,-0.104435,0.434965,-0.886595,0.846648,5.615627,0.506611,2.749958,5.994088,0.376164,0.381028,-0.710209,1.0,-0.010347,0.009215,1.779954,0.003782,0.065507,0.222738,0.01879,0.132408,0.0001,,,,,0,gru
409,101416,-0.7601,20.3823,153,0,0,1,0,3.5316,2.116,collision,989.4,-0.097083,0.406164,-0.869041,0.766631,5.58293,0.553241,2.072527,5.992174,0.39183,0.377942,-0.371253,1.0,,,,,,,,,,,,,,0,gru
410,101555,-9.1868,21.0666,139,0,0,1,0,3.7687,1.66,collision,990.6,-0.61597,0.249241,-0.892367,0.565144,5.752518,0.458721,2.810229,5.998584,0.415866,0.397467,-0.563974,1.004332,,,,,,,,,,,,,,0,gru
411,101738,4.1962,21.2364,183,0,0,1,0,3.6495,1.933,collision,992.3,-0.355743,0.387419,-0.865037,0.683084,5.691505,0.428765,2.812984,5.994227,0.403109,0.3924,-0.613807,1.0,,,,,,,,,,,,,,0,gru
412,101890,-4.164,20.7555,152,0,0,1,0,3.6469,1.817,collision,994.1,-0.492932,0.323935,-0.894072,0.62895,5.690078,0.449874,2.904531,5.995316,0.409649,0.391346,-0.56314,1.0,-0.068358,0.027334,1.780212,0.00377,0.104345,0.427789,0.149425,0.312393,0.0001,,,,,0,gru
413,102049,-4.1746,14.269,159,0,0,1,0,3.746,1.798,collision,995.5,-0.496205,0.33714,-0.882826,0.577137,5.718112,0.395425,3.350726,5.992112,0.424375,0.405025,-0.657672,1.008686,,,,,,,,,,,,,,0,gru
414,102190,-4.8078,7.267,141,0,0,1,0,3.5306,2.078,collision,996.9,0.030621,0.430753,-0.854682,0.798393,5.501379,0.681189,2.037472,5.992206,0.392741,0.383516,-0.456275,1.0,,,,,,,,,,,,,,0,gru
415,102463,27.955,10.6951,273,0,0,1,0,3.3547,2.037,collision,999.5,-0.174434,0.432167,-0.870702,0.837373,5.568405,0.593965,1.919354,5.992013,0.387699,0.387386,-0.639942,1.0,,,,,,,,,,,,,,0,gru
416,103146,159.7545,26.9258,683,0,0,1,0,2.2826,2.049,collision,1006.1,-0.135128,0.441226,-0.884837,0.833694,5.581137,0.593484,1.230324,5.996496,0.400485,0.396728,-0.797754,1.0,-0.021504,0.018106,1.780444,0.003758,0.110276,0.241048,0.078561,0.179948,0.0001,,,,,0,gru
417,103406,-4.7392,26.8361,260,0,0,1,0,3.4959,2.091,collision,1008.3,0.059565,0.425035,-0.820043,0.842539,5.60945,0.595765,1.042949,5.99829,0.369339,0.402773,-0.828136,1.0,,,,,,,,,,,,,,0,gru
418,103552,-3.2695,16.0804,146,0,0,1,0,3.5922,2.051,collision,1009.7,-0.222133,0.416144,-0.877306,0.784113,5.677095,0.474613,3.333682,5.992919,0.401161,0.383678,-0.37684,1.0,,,,,,,,,,,,,,0,gru
419,103809,-14.8688,14.6695,257,0,0,1,0,3.5213,2.03,collision,1012.0,0.096577,0.458707,-0.814913,0.882618,5.517481,0.637683,1.156465,5.993471,0.374227,0.418736,-0.923348,1.0,,,,,,,,,,,,,,0,gru
420,103974,3.1715,15.9053,165,0,0,1,0,3.5845,2.098,collision,1013.8,-0.182935,0.398582,-0.846636,0.72807,5.639287,0.465955,3.419511,5.995177,0.395383,0.382626,-0.378618,1.0,-0.029514,0.025566,1.780623,0.003746,0.093183,0.399579,0.012245,0.232351,0.0001,,,,,0,gru
421,104229,-20.907,13.395,255,0,0,1,0,3.5894,2.009,collision,1016.1,0.171401,0.447059,-0.831943,0.860601,5.574886,0.567516,2.166534,5.994921,0.374623,0.425528,-0.926096,1.0,,,,,,,,,,,,,,0,gru
422,104497,18.1718,15.6286,268,0,0,1,0,3.3492,2.069,collision,1018.6,-0.079752,0.44147,-0.855301,0.795876,5.58688,0.620204,1.966286,5.998223,0.368937,0.383272,-0.644298,1.0,,,,,,,,,,,,,,0,gru
423,104634,-11.8302,14.863,137,0,0,1,0,3.7218,1.615,collision,1019.8,-0.632715,0.253611,-0.877876,0.523618,5.767803,0.518749,1.241789,5.996366,0.395165,0.388934,-0.678405,1.0,,,,,,,,,,,,,,0,gru
424,104786,-1.1854,15.2253,152,0,0,1,0,3.5343,2.114,collision,1021.5,0.05846,0.414051,-0.782971,0.807966,5.541661,0.646365,1.960257,5.996612,0.39356,0.383665,-0.456122,1.0,-0.01856,0.021555,1.780684,0.003734,0.104414,0.141499,0.010883,0.053548,0.0001,,,,,0,gru
425,104937,-0.7,12.3598,151,0,0,1,0,3.5485,2.042,collision,1023.0,-0.201342,0.423746,-0.862101,0.693686,5.693581,0.488369,3.006185,5.99882,0.402875,0.386586,-0.32219,1.0,,,,,,,,,,,,,,0,gru
426,105083,-1.3268,-3.7484,146,0,0,1,0,3.5236,2.137,collision,1024.3,-0.089743,0.391368,-0.865694,0.675554,5.585447,0.593666,1.946999,5.989629,0.391424,0.379233,-0.246749,1.0,,,,,,,,,,,,,,0,gru
427,105255,0.2179,-3.2526,172,0,0,1,0,3.6495,1.815,collision,1025.9,-0.494168,0.331582,-0.878717,0.603177,5.651925,0.525795,2.445768,5.99749,0.400943,0.391153,-0.62768,1.0,,,,,,,,,,,,,,0,gru
428,105430,2.7151,-2.6542,175,0,0,1,0,3.6496,1.919,collision,1027.8,-0.405047,0.339789,-0.877833,0.620965,5.685198,0.44732,3.311065,5.995669,0.41105,0.395421,-0.536773,1.0,-0.066709,0.024421,1.780983,0.003722,0.08417,0.345566,0.059179,0.21388,0.0001,,,,,0,gru
429,105596,1.6159,-1.0057,166,0,0,1,0,3.6488,1.95,collision,1029.3,-0.346708,0.381334,-0.86674,0.619357,5.637193,0.485893,2.66068,5.992977,0.400114,0.386052,-0.484894,1.0,,,,,,,,,,,,,,0,gru
430,105855,0.548,-1.2681,259,0,0,1,0,3.5102,2.058,collision,1031.7,0.073794,0.439342,-0.890447,0.866445,5.531207,0.641095,1.534644,5.998765,0.369778,0.400438,-0.824809,1.0,,,,,,,,,,,,,,0,gru
431,106006,-5.0029,0.3223,151,0,0,1,0,3.6408,2.043,collision,1033.1,-0.008353,0.458725,-0.835445,0.848039,5.638657,0.450798,3.263117,5.993526,0.400657,0.387841,-0.501303,1.0,,,,,,,,,,,,,,0,gru
432,106271,-5.1188,-2.0067,265,0,0,1,0,3.4667,2.085,collision,1035.9,0.108863,0.418856,-0.809589,0.849071,5.564543,0.539672,3.068321,5.99534,0.37784,0.408245,-0.854205,1.0,-0.033146,0.024839,1.781332,0.00371,0.105538,0.167471,0.071085,0.119761,0.0001,,,,,0,gru
433,106438,2.4224,-0.5815,167,0,0,1,0,3.6482,2.01,collision,1037.4,-0.311502,0.377438,-0.882461,0.690017,5.674631,0.442989,3.54017,5.996659,0.409875,0.392896,-0.473296,1.006601,,,,,,,,,,,,,,0,gru
434,106595,0.8339,-0.3795,157,0,0,1,0,3.5789,2.047,collision,1038.8,-0.048586,0.456915,-0.866024,0.802931,5.589518,0.502742,3.451719,5.994894,0.396317,0.384907,-0.353357,1.0,,,,,,,,,,,,,,0,gru
435,106741,-4.9445,-0.804,146,0,0,1,0,3.5745,1.903,collision,1040.1,-0.421419,0.352962,-0.888895,0.661354,5.676233,0.389606,3.662608,5.995466,0.408262,0.389012,-0.551197,1.0,,,,,,,,,,,,,,0,gru
436,107280,122.0368,11.5324,539,0,0,1,0,2.6396,2.026,collision,1045.3,-0.084909,0.46569,-0.883822,0.853218,5.556147,0.595955,1.515808,5.996553,0.389652,0.385971,-0.610163,1.0,-0.033174,0.02039,1.781799,0.003698,0.102998,0.372772,0.050241,0.230485,0.0001,,,,,0,gru
437,107432,-4.5207,11.0585,152,0,0,1,0,3.7397,1.813,collision,1046.7,-0.48145,0.339538,-0.887383,0.680694,5.697711,0.376981,3.861669,5.999005,0.423039,0.402218,-0.534923,1.009363,,,,,,,,,,,,,,0,gru
438,107692,3.5312,11.1401,260,0,0,1,0,3.4263,2.055,collision,1049.0,0.011925,0.457055,-0.782275,0.879585,5.523991,0.537436,3.481262,5.995908,0.37468,0.402161,-0.802714,1.0,,,,,,,,,,,,,,0,gru
439,107948,-9.718,10.0067,256,0,0,1,0,3.4748,1.996,collision,1051.3,0.14714,0.469832,-0.822319,0.876794,5.540015,0.535804,0.974075,5.994302,0.358716,0.404308,-0.880016,1.0,,,,,,,,,,,,,,0,gru
440,108067,-18.2382,8.1281,119,0,0,1,0,3.7628,1.532,collision,1053.0,-0.694418,0.217456,-0.893376,0.502413,5.609041,0.59648,2.943421,5.996346,0.383499,0.38943,-0.7032,1.0,-0.011294,0.0202,1.782299,0.003686,0.087674,0.484086,0.023997,0.288535,0.0001,,,,,0,gru
441,108331,9.7836,9.6068,264,0,0,1,0,3.4633,2.038,collision,1055.4,0.021771,0.455246,-0.847791,0.859038,5.502162,0.720864,1.676815,5.991666,0.38404,0.400754,-0.730426,1.0,,,,,,,,,,,,,,0,gru
442,108486,-5.9417,9.5245,155,0,0,1,0,3.6477,1.648,collision,1056.8,-0.630798,0.233053,-0.883835,0.260562,5.663381,0.473773,3.073774,5.998363,0.389648,0.390141,-0.665489,1.0,,,,,,,,,,,,,,0,gru
443,109167,163.6109,25.6433,681,0,0,1,0,2.2731,2.06,collision,1063.2,-0.123071,0.435904,-0.882676,0.840705,5.523717,0.601705,1.812,5.994985,0.397355,0.39316,-0.777038,1.0,,,,,,,,,,,,,,0,gru
444,109848,164.6052,42.0205,681,0,0,1,0,2.2796,2.05,collision,1070.0,-0.144685,0.439436,-0.886388,0.797455,5.519395,0.651815,1.408388,5.994937,0.399666,0.395511,-0.775721,1.0,0.009392,0.012803,1.782402,0.003674,0.091662,0.25164,0.073304,0.153145,0.0001,,,,,0,gru
445,110006,2.0926,42.7242,158,0,0,1,0,3.5629,2.14,collision,1071.5,-0.109314,0.394645,-0.853022,0.720297,5.569231,0.517656,2.951747,5.989835,0.398198,0.384102,-0.340624,1.0,,,,,,,,,,,,,,0,gru
446,110174,2.1496,30.7355,168,0,0,1,0,3.6492,1.964,collision,1073.1,-0.332683,0.379901,-0.889206,0.659743,5.606721,0.557063,2.153748,5.994441,0.404644,0.389641,-0.489564,1.0012,,,,,,,,,,,,,,0,gru
447,110432,1.6198,31.3495,258,0,0,1,0,3.465,2.081,collision,1075.5,0.078928,0.428492,-0.79267,0.861716,5.465837,0.714596,1.622661,5.987957,0.373271,0.40184,-0.791104,1.0,,,,,,,,,,,,,,0,gru
448,110576,-4.9609,30.5003,144,0,0,1,0,3.6079,1.932,collision,1077.2,-0.332966,0.422119,-0.870436,0.76357,5.570287,0.522516,3.489575,5.993818,0.408904,0.390099,-0.508904,1.0,-0.044041,0.022356,1.782532,0.003662,0.099864,0.195344,0.07832,0.149875,0.0001,,,,,0,gru
449,110736,1.1896,31.5911,160,0,0,1,0,3.5732,2.125,collision,1078.7,-0.051403,0.412941,-0.863441,0.790799,5.491849,0.621746,2.891593,5.987351,0.39643,0.383066,-0.398968,1.0,,,,,,,,,,,,,,0,gru
450,110885,-2.7264,33.1422,149,0,0,1,0,3.6416,2.057,collision,1080.1,-0.237502,0.402512,-0.880043,0.760261,5.530859,0.632988,1.866128,5.996005,0.409556,0.389453,-0.432129,1.0,,,,,,,,,,,,,,0,gru
451,111024,-7.7745,31.3864,139,0,0,1,0,3.6309,1.821,collision,1081.3,-0.412352,0.419838,-0.887213,0.786757,5.572479,0.566582,2.270245,5.983445,0.410992,0.390939,-0.575384,1.0,,,,,,,,,,,,,,0,gru
452,111190,1.6941,32.15,166,0,0,1,0,3.6483,2.054,collision,1083.1,-0.084557,0.446085,-0.858247,0.886669,5.536776,0.520115,2.979623,5.991184,0.405115,0.390529,-0.457511,1.008195,-0.09863,0.027141,1.782709,0.00365,0.108446,0.292829,0.084805,0.177451,0.0001,,,,,0,gru
453,111341,-1.1735,15.6716,151,0,0,1,0,3.5403,2.101,collision,1084.5,0.095684,0.41151,-0.750005,0.829542,5.337459,0.833033,1.770244,5.985457,0.391989,0.384414,-0.483232,1.0,,,,,,,,,,,,,,0,gru
454,111496,0.1947,-0.7695,155,0,0,1,0,3.5889,2.148,collision,1086.0,-0.11232,0.383681,-0.842085,0.692545,5.440001,0.76522,1.356621,5.995624,0.397039,0.383682,-0.333315,1.0,,,,,,,,,,,,,,0,gru
455,111647,0.6097,-0.9178,151,0,0,1,0,3.5248,2.135,collision,1087.4,-0.1583,0.379671,-0.871776,0.739602,5.520761,0.570245,2.856363,5.996987,0.406923,0.389889,-0.294746,1.0,,,,,,,,,,,,,,0,gru
456,111796,-0.0834,-1.1411,149,0,0,1,0,3.5191,2.12,collision,1089.0,-0.025645,0.417583,-0.871674,0.793293,5.52315,0.607609,2.395403,5.990146,0.39276,0.381868,-0.232317,1.0,-0.076164,0.030446,1.782924,0.003638,0.106504,0.205167,0.038749,0.135114,0.0001,,,,,0,gru
457,111944,-5.5011,-1.8532,148,0,0,1,0,3.6189,1.835,collision,1090.4,-0.451774,0.365091,-0.880331,0.773468,5.619772,0.537707,2.146603,5.996291,0.411164,0.391755,-0.625249,1.0,,,,,,,,,,,,,,0,gru
458,112240,5.2889,-0.8282,296,0,0,1,0,3.6041,1.774,collision,1093.1,-0.014154,0.612935,-0.88561,0.88571,5.479124,0.621313,2.409248,5.994769,0.393393,0.413722,-0.972886,1.0067,,,,,,,,,,,,,,0,gru
459,112385,-4.5771,-1.4049,145,0,0,1,0,3.6444,1.937,collision,1094.4,-0.317029,0.427714,-0.872131,0.728872,5.634099,0.457417,3.058174,5.994695,0.412871,0.390303,-0.433727,1.0,,,,,,,,,,,,,,0,gru
460,112526,-7.2636,-1.8586,141,0,0,1,0,3.5823,2.066,collision,1096.0,0.096382,0.441938,-0.829967,0.822284,5.377545,0.828389,1.500377,5.99354,0.392897,0.385337,-0.604302,1.0,-0.044488,0.023823,1.782983,0.003626,0.086046,0.226892,0.032577,0.097654,0.0001,,,,,0,gru
461,112698,3.7471,-0.7064,172,0,0,1,0,3.5339,2.162,collision,1097.5,-0.056738,0.383237,-0.794237,0.802799,5.408618,0.766221,2.053357,5.99499,0.390378,0.379918,-0.460791,1.0,,,,,,,,,,,,,,0,gru
462,112866,-0.2824,-0.9041,168,0,0,1,0,3.6491,1.762,collision,1099.0,-0.518043,0.339688,-0.885373,0.653253,5.663205,0.537451,1.599232,5.993232,0.399399,0.389301,-0.587039,1.0,,,,,,,,,,,,,,0,gru
463,113013,-3.2551,-1.1122,147,0,0,1,0,3.6211,2.116,collision,1100.4,-0.093897,0.404969,-0.827402,0.797312,5.482377,0.635008,2.827859,5.991333,0.398969,0.38264,-0.390814,1.0,,,,,,,,,,,,,,0,gru
464,113272,2.0254,-0.9292,259,0,0,1,0,3.5038,2.076,collision,1103.2,0.125593,0.421476,-0.829016,0.850542,5.441319,0.65919,1.596186,5.995623,0.381993,0.407658,-0.786004,1.001842,-0.027748,0.024536,1.78322,0.003614,0.097985,0.241311,0.052858,0.14535,0.0001,,,,,0,gru
465,113533,2.1195,-0.7782,261,0,0,1,0,3.4548,2.056,collision,1105.6,0.070948,0.448439,-0.773158,0.878496,5.475018,0.628554,2.465944,5.99092,0.37354,0.40175,-0.799972,1.0,,,,,,,,,,,,,,0,gru
466,113682,-1.1418,-0.884,149,0,0,1,0,3.5359,2.006,collision,1107.0,-0.191333,0.444758,-0.862522,0.737219,5.512368,0.564525,3.656804,5.993151,0.400386,0.38476,-0.302237,1.0,,,,,,,,,,,,,,0,gru
467,113828,-3.2011,-0.654,146,0,0,1,0,3.6137,2.105,collision,1108.3,-0.175018,0.391593,-0.84999,0.727407,5.500715,0.686659,2.249309,5.998039,0.397018,0.380184,-0.363122,1.0,,,,,,,,,,,,,,0,gru
468,113982,-1.6806,-1.351,154,0,0,1,0,3.5352,1.951,collision,1110.1,-0.278902,0.437419,-0.873357,0.725805,5.573321,0.596334,2.560112,5.997323,0.403732,0.386992,-0.519,1.0,-0.050422,0.025728,1.783352,0.003602,0.087601,0.495185,0.013572,0.292191,0.0001,,,,,0,gru
469,114142,2.1474,-0.6785,160,0,0,1,0,3.6198,2.127,collision,1111.6,-0.135892,0.405968,-0.885394,0.743045,5.507812,0.620565,2.0926,5.988921,0.397397,0.383215,-0.322551,1.008878,,,,,,,,,,,,,,0,gru
470,114323,6.1763,0.6655,181,0,0,1,0,3.5676,2.095,collision,1113.3,-0.132012,0.414664,-0.883246,0.821228,5.39848,0.715931,1.891622,5.993278,0.394236,0.383992,-0.462216,1.001699,,,,,,,,,,,,,,0,gru
471,114465,-8.4162,-0.5509,142,0,0,1,0,3.7681,1.725,collision,1114.6,-0.573898,0.272228,-0.886351,0.326378,5.606136,0.54926,1.874839,5.992741,0.414574,0.397495,-0.597711,1.007604,,,,,,,,,,,,,,0,gru
472,114610,-6.9896,-1.2216,145,0,0,1,0,3.7415,1.73,collision,1116.3,-0.541559,0.331997,-0.891986,0.718711,5.642264,0.559632,1.399751,5.996964,0.421634,0.400448,-0.51276,1.002159,-0.055479,0.020458,1.783167,0.00359,0.073221,0.444087,0.018407,0.268795,0.0001,,,,,0,gru
473,114750,-9.7622,-1.8723,140,0,0,1,0,3.7094,1.648,collision,1117.6,-0.610224,0.26282,-0.892415,0.442683,5.537046,0.684453,1.158311,5.989647,0.405245,0.39246,-0.594263,1.0,,,,,,,,,,,,,,0,gru
474,115038,-6.9953,-2.7744,288,0,0,1,0,3.6156,1.926,collision,1120.2,0.003045,0.527288,-0.884149,0.883017,5.454836,0.711462,1.718139,5.994735,0.385575,0.414466,-0.995316,1.005729,,,,,,,,,,,,,,0,gru
475,115296,4.3913,-2.5472,258,0,0,1,0,3.4832,2.146,collision,1122.6,0.07663,0.400796,-0.757229,0.840324,5.43803,0.676321,2.445326,5.994727,0.377529,0.400241,-0.75097,1.002703,,,,,,,,,,,,,,0,gru
476,115459,3.256,-2.1074,163,0,0,1,0,3.5367,2.119,collision,1124.6,-0.118554,0.402034,-0.858264,0.812052,5.437994,0.613501,3.122526,5.987698,0.391764,0.380526,-0.338087,1.0,-0.02002,0.018106,1.783081,0.003578,0.075645,0.232097,0.025193,0.14915,0.0001,,,,,0,gru
477,115734,30.6144,1.2742,275,0,0,1,0,3.5101,1.912,collision,1127.3,-0.268139,0.473928,-0.8907,0.869394,5.527812,0.621924,1.880386,5.99593,0.398659,0.396412,-0.647942,1.006109,,,,,,,,,,,,,,0,gru
478,115890,0.7281,1.515,156,0,0,1,0,3.5689,2.093,collision,1128.8,-0.162264,0.400376,-0.864241,0.813854,5.441115,0.772992,2.034865,5.994428,0.392626,0.379624,-0.351554,1.0,,,,,,,,,,,,,,0,gru
479,116569,162.504,17.5507,679,0,0,1,0,2.2974,2.024,collision,1135.3,-0.136875,0.455702,-0.883014,0.859805,5.455632,0.69859,1.154622,5.997655,0.397044,0.394916,-0.770901,1.0,,,,,,,,,,,,,,0,gru
480,116716,-4.4096,16.4921,147,0,0,1,0,3.6311,2.029,collision,1137.2,-0.242578,0.408175,-0.877828,0.763246,5.451209,0.66802,2.635812,5.990095,0.402017,0.382927,-0.446574,1.0,-0.01151,0.019017,1.783004,0.003566,0.104081,0.175937,0.070076,0.136777,0.0001,,,,,0,gru
481,116861,-6.2412,16.7096,145,0,0,1,0,3.6467,1.796,collision,1138.6,-0.48351,0.376819,-0.894107,0.689871,5.632516,0.501859,2.620606,5.992218,0.408953,0.390572,-0.540072,1.0,,,,,,,,,,,,,,0,gru
482,117537,162.8386,33.6924,676,0,0,1,0,2.3024,2.013,collision,1145.1,-0.143082,0.465758,-0.890237,0.864539,5.523749,0.619954,1.760916,5.998212,0.396798,0.393894,-0.728541,1.0,,,,,,,,,,,,,,0,gru
483,118069,105.4913,45.2178,532,0,0,1,0,2.6887,2.058,collision,1150.2,-0.053541,0.453073,-0.888144,0.868889,5.509483,0.607646,1.705749,5.996758,0.377754,0.383039,-0.790052,1.0,,,,,,,,,,,,,,0,gru
484,118217,-1.9308,45.7242,148,0,0,1,0,3.5608,1.915,collision,1152.1,-0.248725,0.473111,-0.85922,0.769677,5.563797,0.572744,2.900948,5.993029,0.400999,0.385212,-0.358534,1.0,-0.011397,0.016364,1.783043,0.003554,0.096451,0.462751,0.036968,0.275335,0.0001,,,,,0,gru
485,118372,0.222,45.3073,155,0,0,1,0,3.55,2.097,collision,1153.7,-0.092169,0.410043,-0.877107,0.712722,5.449717,0.779653,0.947759,5.993995,0.389325,0.379053,-0.357428,1.0,,,,,,,,,,,,,,0,gru
486,118635,-4.9649,44.4852,263,0,0,1,0,3.4285,2.083,collision,1156.4,0.140461,0.409774,-0.822627,0.849871,5.391819,0.742227,0.75386,5.995093,0.374437,0.408978,-0.876959,1.0,,,,,,,,,,,,,,0,gru
487,119166,87.3884,50.1626,531,0,0,1,0,2.7353,2.015,collision,1161.6,0.049224,0.477022,-0.876826,0.86557,5.459589,0.689562,2.061547,5.989373,0.378929,0.388894,-0.94766,1.0,,,,,,,,,,,,,,0,gru
488,119324,0.3625,50.126,158,0,0,1,0,3.5378,2.05,collision,1163.4,-0.193582,0.421041,-0.870777,0.735454,5.49723,0.619935,3.025028,5.99455,0.395523,0.38193,-0.386497,1.0,-0.018204,0.01909,1.783171,0.003542,0.091946,0.174211,0.022331,0.108024,0.0001,,,,,0,gru
489,119591,13.2438,35.2,267,0,0,1,0,3.4613,2.067,collision,1165.8,0.00361,0.440531,-0.864878,0.870007,5.487832,0.598062,2.088781,5.994901,0.389474,0.40052,-0.70925,1.003332,,,,,,,,,,,,,,0,gru
490,119775,5.1974,36.1607,184,0,0,1,0,3.6494,2.02,collision,1167.6,-0.270369,0.387116,-0.887537,0.82876,5.5098,0.683023,1.891851,5.991976,0.401322,0.390154,-0.576159,1.009456,,,,,,,,,,,,,,0,gru
491,119928,0.0427,36.7891,153,0,0,1,0,3.5108,2.088,collision,1169.1,-0.092759,0.428146,-0.807797,0.858248,5.438188,0.64124,3.04944,5.986262,0.392631,0.380148,-0.314707,1.0,,,,,,,,,,,,,,0,gru
492,120085,-0.5984,20.4454,157,0,0,1,0,3.5709,2.089,collision,1170.9,-0.067605,0.430622,-0.806594,0.835666,5.524836,0.593566,3.000075,5.99413,0.393274,0.380523,-0.423033,1.0,-0.027311,0.022245,1.783212,0.00353,0.098867,0.25973,0.04573,0.142899,0.0001,,,,,0,gru
493,120234,-2.6139,9.6349,149,0,0,1,0,3.5681,1.966,collision,1172.3,-0.32051,0.399978,-0.881304,0.829646,5.532395,0.615669,2.674491,5.987327,0.409197,0.3888,-0.387218,1.0,,,,,,,,,,,,,,0,gru
494,120401,3.1408,10.142,167,0,0,1,0,3.6149,2.12,collision,1173.9,-0.042959,0.411857,-0.843074,0.827152,5.472151,0.678472,2.147102,5.991763,0.402819,0.38919,-0.414232,1.00863,,,,,,,,,,,,,,0,gru
495,120946,126.9053,22.8104,545,0,0,1,0,2.614,2.009,collision,1178.6,-0.115435,0.470468,-0.892189,0.822004,5.499061,0.624726,1.282571,5.997248,0.386933,0.383421,-0.518891,1.0,,,,,,,,,,,,,,0,gru
496,121096,-2.6599,23.0409,150,0,0,1,0,3.6288,2.052,collision,1180.3,-0.259183,0.386398,-0.864582,0.739229,5.513625,0.729677,1.770956,5.986624,0.403625,0.384987,-0.427103,1.0,-0.0366,0.02276,1.783125,0.003518,0.117607,0.42279,0.022738,0.261214,0.0001,,,,,0,gru
497,121369,13.9837,15.7004,273,0,0,1,0,3.3747,2.075,collision,1182.8,0.003563,0.443124,-0.848974,0.814919,5.435393,0.72518,1.834967,5.995776,0.379758,0.395648,-0.73924,1.0,,,,,,,,,,,,,,0,gru
498,121502,-8.9343,14.7707,133,0,0,1,0,3.6216,1.799,collision,1184.0,-0.462723,0.393251,-0.886338,0.624799,5.719871,0.356179,3.654094,5.997062,0.408414,0.387718,-0.473044,1.0,,,,,,,,,,,,,,0,gru
499,121648,-5.5208,12.8943,146,0,0,1,0,3.733,1.849,collision,1185.4,-0.416855,0.396538,-0.889925,0.548457,5.650521,0.528254,2.592062,5.996871,0.419347,0.39731,-0.537053,1.007048,,,,,,,,,,,,,,0,gru
500,121802,-2.0045,12.1741,154,0,0,1,0,3.6391,1.914,collision,1187.1,-0.35082,0.415526,-0.886078,0.826154,5.542488,0.541864,3.419559,5.989398,0.407683,0.388077,-0.436461,1.0,-0.050931,0.026383,1.783102,0.003506,0.104004,0.293182,0.073405,0.161599,0.0001,,,,,0,gru
