global_step,episode,actor_loss,critic_loss,policy_entropy,entropy_coef,value_residual,grad_norm_actor,grad_norm_critic,grad_norm_rnn,lr_actor,lr_critic,alpha,alpha_loss,target_update_magnitude,recurrent_cell
3217,4,0.01513,0.002947,1.757101,0.004994,0.021764,0.132647,0.005604,0.094269,3.7e-05,,,,,gru
3217,4,0.071837,0.005663,1.757101,0.004994,0.030973,0.094012,0.009295,0.068585,3.7e-05,,,,,gru
3217,4,-0.022361,0.004911,1.757153,0.004994,0.024562,0.109302,0.002298,0.077465,3.7e-05,,,,,gru
3217,4,0.136279,0.002265,1.757207,0.004994,0.0233,0.208168,0.011961,0.15098,3.7e-05,,,,,gru
3217,4,0.062822,0.003977,1.757228,0.004994,0.024025,0.071103,0.002209,0.04747,3.7e-05,,,,,gru
3217,4,-0.006229,0.003906,1.757235,0.004994,0.024217,0.108379,0.014195,0.073274,3.7e-05,,,,,gru
3217,4,0.022323,0.004555,1.757266,0.004994,0.026355,0.109062,0.01402,0.077768,3.7e-05,,,,,gru
3217,4,0.062933,0.002961,1.757296,0.004994,0.023686,0.045932,0.006979,0.029966,3.7e-05,,,,,gru
6760,8,0.017752,0.005085,1.757328,0.004982,0.02589,0.148217,0.010936,0.111333,4.9e-05,,,,,gru
6760,8,0.021919,0.003143,1.757353,0.004982,0.021661,0.244066,0.006512,0.182487,4.9e-05,,,,,gru
6760,8,-0.020642,0.004793,1.757388,0.004982,0.026912,0.218877,0.007936,0.161711,4.9e-05,,,,,gru
6760,8,0.077838,0.003322,1.757432,0.004982,0.026352,0.099587,0.007379,0.060171,4.9e-05,,,,,gru
6760,8,-0.002418,0.005862,1.757454,0.004982,0.03355,0.099828,0.003943,0.062355,4.9e-05,,,,,gru
6760,8,0.05356,0.00178,1.757471,0.004982,0.026404,0.142742,0.013015,0.104149,4.9e-05,,,,,gru
6760,8,0.053527,0.00432,1.757495,0.004982,0.029136,0.187172,0.010793,0.135968,4.9e-05,,,,,gru
6760,8,-0.022837,0.003743,1.757508,0.004982,0.03579,0.151847,0.007281,0.112265,4.9e-05,,,,,gru
12459,12,-0.042419,0.000893,1.757528,0.00497,0.012397,0.094125,0.010494,0.054461,6.1e-05,,,,,gru
12459,12,0.080741,0.001171,1.757549,0.00497,0.014296,0.060571,0.011437,0.046627,6.1e-05,,,,,gru
12459,12,-0.018725,0.000412,1.757574,0.00497,0.01126,0.075492,0.00681,0.024518,6.1e-05,,,,,gru
12459,12,0.085683,0.000727,1.757576,0.00497,0.012837,0.135804,0.00637,0.095315,6.1e-05,,,,,gru
12459,12,-0.050912,0.000854,1.757563,0.00497,0.010674,0.028962,0.003526,0.017551,6.1e-05,,,,,gru
12459,12,-0.015985,0.001106,1.757552,0.00497,0.012197,0.064714,0.002582,0.04561,6.1e-05,,,,,gru
12459,12,-0.001704,0.000673,1.757549,0.00497,0.011166,0.112058,0.002334,0.07624,6.1e-05,,,,,gru
12459,12,-0.020498,0.001281,1.757543,0.00497,0.011782,0.071619,0.001765,0.052366,6.1e-05,,,,,gru
12459,12,0.057137,0.000728,1.757531,0.00497,0.012654,0.182356,0.001715,0.114949,6.1e-05,,,,,gru
12459,12,0.023453,0.000845,1.757513,0.00497,0.010427,0.095578,0.001366,0.067272,6.1e-05,,,,,gru
12459,12,0.005099,0.000864,1.757491,0.00497,0.01219,0.198817,0.001518,0.140546,6.1e-05,,,,,gru
12459,12,-0.004799,0.001061,1.757454,0.00497,0.012684,0.105865,0.001707,0.066047,6.1e-05,,,,,gru
17056,16,-0.023869,0.003781,1.75741,0.004958,0.02065,0.065586,0.004872,0.042293,7.3e-05,,,,,gru
17056,16,0.059305,0.00157,1.757374,0.004958,0.014785,0.034474,0.002327,0.01919,7.3e-05,,,,,gru
17056,16,0.089152,0.000363,1.757347,0.004958,0.011095,0.062353,0.003581,0.04697,7.3e-05,,,,,gru
17056,16,0.003199,0.003475,1.757326,0.004958,0.017015,0.04148,0.006101,0.032762,7.3e-05,,,,,gru
17056,16,0.037818,0.001922,1.757308,0.004958,0.017347,0.063459,0.001766,0.039263,7.3e-05,,,,,gru
17056,16,0.069524,0.000415,1.7573,0.004958,0.011748,0.089265,0.002534,0.058722,7.3e-05,,,,,gru
17056,16,-0.018019,0.004563,1.757298,0.004958,0.020839,0.146483,0.008415,0.103253,7.3e-05,,,,,gru
17056,16,0.05203,0.000663,1.757306,0.004958,0.013051,0.024156,0.002162,0.013664,7.3e-05,,,,,gru
17056,16,0.093956,0.001203,1.757321,0.004958,0.011701,0.049321,0.004645,0.034624,7.3e-05,,,,,gru
17056,16,-0.017141,0.002841,1.757335,0.004958,0.017483,0.045326,0.003661,0.021734,7.3e-05,,,,,gru
17056,16,0.073279,0.002178,1.757354,0.004958,0.015806,0.020785,0.001067,0.011924,7.3e-05,,,,,gru
17056,16,0.011522,0.001479,1.757376,0.004958,0.009942,0.085605,0.001741,0.049514,7.3e-05,,,,,gru
22740,20,-0.095148,0.000897,1.757412,0.004946,0.011393,0.108752,0.006417,0.054149,8.5e-05,,,,,gru
22740,20,0.097551,0.000915,1.757467,0.004946,0.012474,0.118656,0.009136,0.08314,8.5e-05,,,,,gru
22740,20,-0.069411,0.00046,1.757529,0.004946,0.011072,0.109174,0.001819,0.073838,8.5e-05,,,,,gru
22740,20,-0.01907,0.000787,1.757588,0.004946,0.011012,0.125047,0.000784,0.087944,8.5e-05,,,,,gru
22740,20,-0.083551,0.000627,1.757638,0.004946,0.012678,0.163875,0.003784,0.115847,8.5e-05,,,,,gru
22740,20,0.064814,0.000869,1.757699,0.004946,0.013008,0.269522,0.00079,0.163354,8.5e-05,,,,,gru
22740,20,-0.052163,0.000519,1.757748,0.004946,0.015046,0.07434,0.008708,0.032464,8.5e-05,,,,,gru
22740,20,-0.051388,0.000914,1.757785,0.004946,0.016937,0.062144,0.013757,0.041849,8.5e-05,,,,,gru
22740,20,0.068181,0.001226,1.757822,0.004946,0.021012,0.080065,0.016328,0.053021,8.5e-05,,,,,gru
22740,20,0.018608,0.000943,1.757878,0.004946,0.020213,0.056064,0.018575,0.044239,8.5e-05,,,,,gru
22740,20,-0.07346,0.00091,1.757929,0.004946,0.016215,0.179235,0.013373,0.124874,8.5e-05,,,,,gru
22740,20,0.004485,0.000777,1.757982,0.004946,0.015598,0.11249,0.005939,0.07418,8.5e-05,,,,,gru
27536,24,0.026076,0.00172,1.758023,0.004934,0.015972,0.078048,0.001118,0.051544,9.7e-05,,,,,gru
27536,24,0.103296,0.00131,1.758059,0.004934,0.017954,0.115444,0.0126,0.083248,9.7e-05,,,,,gru
27536,24,-0.128858,0.007137,1.758091,0.004934,0.03649,0.201391,0.007743,0.063403,9.7e-05,,,,,gru
27536,24,0.033854,0.00164,1.758071,0.004934,0.025131,0.087737,0.018995,0.059536,9.7e-05,,,,,gru
27536,24,0.023,0.002966,1.758054,0.004934,0.028376,0.179307,0.013966,0.12693,9.7e-05,,,,,gru
27536,24,0.077528,0.003153,1.758019,0.004934,0.021057,0.101213,0.019321,0.072008,9.7e-05,,,,,gru
27536,24,0.085355,0.001585,1.757994,0.004934,0.018964,0.068796,0.015342,0.044066,9.7e-05,,,,,gru
27536,24,0.057292,0.000994,1.757969,0.004934,0.016519,0.081061,0.009485,0.052997,9.7e-05,,,,,gru
27536,24,-0.167674,0.008798,1.757943,0.004934,0.038133,0.305802,0.023668,0.13789,9.7e-05,,,,,gru
27536,24,0.040148,0.003173,1.757844,0.004934,0.017251,0.045282,0.005496,0.026752,9.7e-05,,,,,gru
27536,24,0.035827,0.002185,1.757747,0.004934,0.021543,0.1098,0.010184,0.072424,9.7e-05,,,,,gru
27536,24,0.024717,0.000996,1.757649,0.004934,0.016048,0.169111,0.009292,0.109904,9.7e-05,,,,,gru
33370,28,0.053358,0.000687,1.757563,0.004922,0.012012,0.099302,0.004886,0.058124,0.0001,,,,,gru
33370,28,-0.015637,0.000526,1.75748,0.004922,0.01192,0.161744,0.007015,0.113827,0.0001,,,,,gru
33370,28,-0.04761,0.000964,1.757411,0.004922,0.014868,0.115833,0.011582,0.066845,0.0001,,,,,gru
33370,28,-0.061768,0.000692,1.757352,0.004922,0.015701,0.23324,0.014692,0.174083,0.0001,,,,,gru
33370,28,0.069324,0.00103,1.757297,0.004922,0.019342,0.221983,0.02003,0.156065,0.0001,,,,,gru
33370,28,-0.010577,0.000591,1.757242,0.004922,0.014155,0.151388,0.011857,0.11278,0.0001,,,,,gru
33370,28,0.00727,0.000882,1.757201,0.004922,0.012889,0.07491,0.005649,0.053232,0.0001,,,,,gru
33370,28,-0.048502,0.000448,1.757157,0.004922,0.012201,0.067333,0.00493,0.044974,0.0001,,,,,gru
33370,28,0.047924,0.000807,1.757116,0.004922,0.017387,0.159671,0.008865,0.114347,0.0001,,,,,gru
33370,28,-0.014053,0.000541,1.757087,0.004922,0.018072,0.047395,0.015512,0.037192,0.0001,,,,,gru
33370,28,0.037136,0.001045,1.757068,0.004922,0.022241,0.273628,0.01533,0.191364,0.0001,,,,,gru
33370,28,-0.026752,0.000917,1.757043,0.004922,0.020918,0.145153,0.01842,0.1059,0.0001,,,,,gru
39134,32,-0.030791,0.000504,1.757017,0.00491,0.010892,0.078601,0.001733,0.054236,0.0001,,,,,gru
39134,32,0.094164,0.000916,1.756989,0.00491,0.012549,0.169383,0.00618,0.104735,0.0001,,,,,gru
39134,32,-0.137065,0.000349,1.756958,0.00491,0.01165,0.303084,0.006584,0.216077,0.0001,,,,,gru
39134,32,-0.023234,0.000534,1.75692,0.00491,0.014978,0.089245,0.01251,0.058349,0.0001,,,,,gru
39134,32,0.003832,0.000637,1.756884,0.00491,0.015779,0.065314,0.016803,0.044328,0.0001,,,,,gru
39134,32,-0.034458,0.000903,1.756848,0.00491,0.017986,0.115557,0.01611,0.059676,0.0001,,,,,gru
39134,32,-0.192193,0.000564,1.756801,0.00491,0.014772,0.300285,0.009746,0.213735,0.0001,,,,,gru
39134,32,0.094846,0.000669,1.756762,0.00491,0.012464,0.152068,0.010756,0.106562,0.0001,,,,,gru
39134,32,0.059327,0.0008,1.756717,0.00491,0.012427,0.116626,0.005064,0.077978,0.0001,,,,,gru
39134,32,-0.0887,0.000697,1.756662,0.00491,0.015982,0.088668,0.009314,0.058994,0.0001,,,,,gru
39134,32,0.010112,0.000948,1.756605,0.00491,0.019445,0.137331,0.015194,0.096434,0.0001,,,,,gru
39134,32,0.038777,0.000911,1.756548,0.00491,0.023428,0.136388,0.021943,0.104992,0.0001,,,,,gru
43756,36,0.045591,0.001828,1.75649,0.004898,0.016662,0.024731,0.015699,0.022605,0.0001,,,,,gru
43756,36,-0.02518,0.003492,1.756445,0.004898,0.024162,0.048709,0.023071,0.046417,0.0001,,,,,gru
43756,36,0.210746,0.000433,1.7564,0.004898,0.01482,0.076497,0.002214,0.047582,0.0001,,,,,gru
43756,36,0.022483,0.001399,1.75635,0.004898,0.015978,0.062092,0.011472,0.047176,0.0001,,,,,gru
43756,36,0.029196,0.003603,1.756307,0.004898,0.018701,0.100574,0.008272,0.075619,0.0001,,,,,gru
43756,36,0.100135,0.000376,1.756261,0.004898,0.009195,0.049557,0.006173,0.031337,0.0001,,,,,gru
43756,36,0.05418,0.001669,1.75622,0.004898,0.014836,0.04304,0.007599,0.023027,0.0001,,,,,gru
43756,36,-0.003401,0.002907,1.756192,0.004898,0.025113,0.053571,0.00473,0.036643,0.0001,,,,,gru
43756,36,0.10882,0.001054,1.756171,0.004898,0.020771,0.044258,0.022493,0.042062,0.0001,,,,,gru
43756,36,0.060295,0.00207,1.756148,0.004898,0.021731,0.056562,0.016706,0.037054,0.0001,,,,,gru
43756,36,0.026929,0.002641,1.756135,0.004898,0.024194,0.05983,0.010476,0.043323,0.0001,,,,,gru
43756,36,-0.024228,0.000675,1.756131,0.004898,0.021753,0.049343,0.011654,0.018666,0.0001,,,,,gru
48467,40,-0.04796,0.002944,1.756144,0.004886,0.021578,0.080886,0.013036,0.0443,0.0001,,,,,gru
48467,40,0.115509,0.000885,1.756178,0.004886,0.010812,0.07123,0.001616,0.03743,0.0001,,,,,gru
48467,40,0.059425,0.002508,1.756228,0.004886,0.015003,0.165109,0.005504,0.118562,0.0001,,,,,gru
48467,40,0.059394,0.001989,1.756276,0.004886,0.014649,0.064504,0.001742,0.012911,0.0001,,,,,gru
48467,40,0.024114,0.002471,1.756347,0.004886,0.018205,0.066419,0.004837,0.036109,0.0001,,,,,gru
48467,40,0.010815,0.000479,1.756427,0.004886,0.012101,0.117087,0.004284,0.081591,0.0001,,,,,gru
48467,40,-0.010179,0.003078,1.75649,0.004886,0.020995,0.11135,0.003252,0.067771,0.0001,,,,,gru
48467,40,0.052989,0.001283,1.75656,0.004886,0.016245,0.139612,0.008692,0.096773,0.0001,,,,,gru
48467,40,0.138544,0.001244,1.756626,0.004886,0.016499,0.106898,0.014632,0.079971,0.0001,,,,,gru
48467,40,-0.020437,0.002898,1.756694,0.004886,0.019827,0.075653,0.006852,0.038262,0.0001,,,,,gru
48467,40,0.081565,0.001498,1.756764,0.004886,0.014005,0.060669,0.003687,0.034149,0.0001,,,,,gru
48467,40,0.082889,0.00137,1.756839,0.004886,0.022158,0.233579,0.003449,0.158107,0.0001,,,,,gru
54454,44,0.012349,0.000897,1.756915,0.004874,0.014324,0.173713,0.002394,0.125632,0.0001,,,,,gru
54454,44,-0.00532,0.000857,1.756973,0.004874,0.014219,0.091028,0.004483,0.064615,0.0001,,,,,gru
54454,44,-0.06469,0.000794,1.757017,0.004874,0.016888,0.21446,0.007268,0.153246,0.0001,,,,,gru
54454,44,0.016379,0.000707,1.757058,0.004874,0.016661,0.263849,0.005371,0.189087,0.0001,,,,,gru
54454,44,0.027985,0.001199,1.757089,0.004874,0.015866,0.084296,0.003198,0.047476,0.0001,,,,,gru
54454,44,-0.102366,0.000649,1.757102,0.004874,0.013869,0.056253,0.008454,0.037063,0.0001,,,,,gru
54454,44,-0.050691,0.000831,1.757112,0.004874,0.01303,0.093065,0.005267,0.064487,0.0001,,,,,gru
54454,44,0.043786,0.001048,1.757119,0.004874,0.014552,0.189948,0.000996,0.134989,0.0001,,,,,gru
54454,44,-0.046367,0.000456,1.7571,0.004874,0.012162,0.098639,0.001137,0.068242,0.0001,,,,,gru
54454,44,-0.043607,0.000587,1.75709,0.004874,0.009981,0.075953,0.001469,0.044205,0.0001,,,,,gru
54454,44,-0.073958,0.000961,1.757073,0.004874,0.012137,0.24273,0.001661,0.175673,0.0001,,,,,gru
54454,44,0.070185,0.000612,1.757056,0.004874,0.013072,0.139393,0.007055,0.099672,0.0001,,,,,gru
58853,48,0.05823,0.001105,1.757019,0.004862,0.012207,0.065817,0.000678,0.036868,0.0001,,,,,gru
58853,48,-0.000635,0.001386,1.757003,0.004862,0.014718,0.146289,0.005692,0.101787,0.0001,,,,,gru
58853,48,0.203199,0.000639,1.756977,0.004862,0.017052,0.23364,0.004144,0.164534,0.0001,,,,,gru
58853,48,0.038988,0.000494,1.756951,0.004862,0.013297,0.116586,0.008749,0.085201,0.0001,,,,,gru
58853,48,0.053585,0.002199,1.756937,0.004862,0.020301,0.171298,0.011985,0.126878,0.0001,,,,,gru
58853,48,-0.011269,0.000276,1.75692,0.004862,0.011101,0.078301,0.009147,0.055933,0.0001,,,,,gru
58853,48,0.01685,0.001518,1.756902,0.004862,0.015508,0.070931,0.008962,0.041181,0.0001,,,,,gru
58853,48,0.044394,0.001081,1.756905,0.004862,0.013316,0.076036,0.003779,0.045582,0.0001,,,,,gru
58853,48,0.19311,0.000447,1.756927,0.004862,0.012488,0.144648,0.006546,0.090032,0.0001,,,,,gru
58853,48,-0.027534,0.001106,1.756919,0.004862,0.011435,0.055834,0.004018,0.037227,0.0001,,,,,gru
58853,48,0.111993,0.001501,1.756919,0.004862,0.014876,0.068907,0.002686,0.03389,0.0001,,,,,gru
58853,48,0.058531,0.000337,1.756936,0.004862,0.010507,0.167368,0.000549,0.111562,0.0001,,,,,gru
64586,52,0.09093,0.000569,1.756964,0.00485,0.012837,0.085752,0.004731,0.058582,0.0001,,,,,gru
64586,52,-0.118336,0.000407,1.756998,0.00485,0.009242,0.086703,0.000809,0.040577,0.0001,,,,,gru
64586,52,-0.032087,0.000621,1.757038,0.00485,0.010092,0.172102,0.003831,0.116031,0.0001,,,,,gru
64586,52,-0.099914,0.000388,1.757089,0.00485,0.010229,0.103341,0.001915,0.069282,0.0001,,,,,gru
64586,52,0.079438,0.000814,1.757142,0.00485,0.012342,0.136275,0.004678,0.085928,0.0001,,,,,gru
64586,52,-0.037314,0.000315,1.757211,0.00485,0.009925,0.239947,0.000702,0.168703,0.0001,,,,,gru
64586,52,-0.036171,0.000526,1.757272,0.00485,0.01177,0.196892,0.001591,0.142134,0.0001,,,,,gru
64586,52,0.018383,0.00057,1.757332,0.00485,0.012431,0.180035,0.002776,0.126004,0.0001,,,,,gru
64586,52,-0.04122,0.00052,1.757384,0.00485,0.012021,0.074443,0.005218,0.045676,0.0001,,,,,gru
64586,52,0.037076,0.000603,1.757436,0.00485,0.011361,0.144593,0.003039,0.09766,0.0001,,,,,gru
64586,52,-0.05055,0.000611,1.757489,0.00485,0.015118,0.119383,0.007165,0.076255,0.0001,,,,,gru
64586,52,-0.04705,0.000484,1.757554,0.00485,0.011875,0.13167,0.001113,0.079106,0.0001,,,,,gru
70317,56,-0.03953,0.000459,1.757628,0.004838,0.010663,0.153686,0.002989,0.094218,0.0001,,,,,gru
70317,56,-0.003711,0.000545,1.757678,0.004838,0.0104,0.166206,0.001451,0.11136,0.0001,,,,,gru
70317,56,0.022169,0.0008,1.757728,0.004838,0.012311,0.146303,0.003257,0.07911,0.0001,,,,,gru
70317,56,-0.01955,0.00069,1.757766,0.004838,0.013146,0.095535,0.007376,0.033373,0.0001,,,,,gru
70317,56,-0.044084,0.001072,1.75779,0.004838,0.016283,0.153993,0.014656,0.082075,0.0001,,,,,gru
70317,56,0.048084,0.00059,1.757819,0.004838,0.014691,0.195088,0.012004,0.139057,0.0001,,,,,gru
70317,56,-0.03129,0.000972,1.757847,0.004838,0.018803,0.186154,0.019415,0.126783,0.0001,,,,,gru
70317,56,0.008903,0.001136,1.757875,0.004838,0.016472,0.207236,0.014434,0.127422,0.0001,,,,,gru
70317,56,-0.000191,0.000949,1.757892,0.004838,0.01678,0.25878,0.007131,0.149575,0.0001,,,,,gru
70317,56,-0.049946,0.00094,1.757891,0.004838,0.020644,0.149937,0.007946,0.08915,0.0001,,,,,gru
70317,56,0.016252,0.000623,1.757872,0.004838,0.027519,0.098747,0.023269,0.066237,0.0001,,,,,gru
70317,56,0.014595,0.001227,1.757856,0.004838,0.030581,0.132863,0.030859,0.093517,0.0001,,,,,gru
74712,60,0.002214,0.00058,1.757844,0.004826,0.01342,0.047422,0.010089,0.026442,0.0001,,,,,gru
74712,60,0.144334,0.001329,1.757838,0.004826,0.016852,0.099346,0.016224,0.053775,0.0001,,,,,gru
74712,60,-0.262047,0.003963,1.757822,0.004826,0.024167,0.260975,0.012738,0.142353,0.0001,,,,,gru
74712,60,0.001926,0.000535,1.75784,0.004826,0.012011,0.048063,0.007522,0.021131,0.0001,,,,,gru
74712,60,0.085622,0.001936,1.757864,0.004826,0.015981,0.062838,0.00731,0.032364,0.0001,,,,,gru
74712,60,0.096168,0.000221,1.757872,0.004826,0.006811,0.027306,0.005013,0.01676,0.0001,,,,,gru
74712,60,0.084077,0.000758,1.757884,0.004826,0.011529,0.05098,0.001802,0.018929,0.0001,,,,,gru
74712,60,0.005697,0.00173,1.757883,0.004826,0.013828,0.105078,0.006516,0.073616,0.0001,,,,,gru
74712,60,0.073256,0.000295,1.757886,0.004826,0.008223,0.112506,0.004394,0.078564,0.0001,,,,,gru
74712,60,0.059753,0.001794,1.757892,0.004826,0.014649,0.130319,0.005871,0.076801,0.0001,,,,,gru
74712,60,0.055367,0.000706,1.757899,0.004826,0.010781,0.031657,0.002048,0.015877,0.0001,,,,,gru
74712,60,-0.070471,0.000366,1.7579,0.004826,0.010037,0.067674,0.004887,0.037556,0.0001,,,,,gru
80395,64,0.119987,0.000487,1.757908,0.004814,0.01289,0.124404,0.006751,0.087563,0.0001,,,,,gru
80395,64,-0.091387,0.000897,1.757912,0.004814,0.015333,0.046449,0.002209,0.027906,0.0001,,,,,gru
80395,64,-0.039588,0.000459,1.757911,0.004814,0.013901,0.163679,0.003802,0.110112,0.0001,,,,,gru
80395,64,0.074833,0.000481,1.757898,0.004814,0.012271,0.051219,0.005482,0.026806,0.0001,,,,,gru
80395,64,-0.030062,0.000732,1.757874,0.004814,0.011613,0.13851,0.002832,0.094797,0.0001,,,,,gru
80395,64,-0.056302,0.000452,1.757851,0.004814,0.012481,0.164453,0.002255,0.108402,0.0001,,,,,gru
80395,64,0.01627,0.000458,1.757843,0.004814,0.009831,0.134445,0.002441,0.078759,0.0001,,,,,gru
80395,64,-0.096157,0.000756,1.757817,0.004814,0.012443,0.115501,0.008985,0.079043,0.0001,,,,,gru
80395,64,0.100193,0.000458,1.757786,0.004814,0.010438,0.09666,0.005792,0.054832,0.0001,,,,,gru
80395,64,-0.011757,0.000763,1.757738,0.004814,0.010403,0.063958,0.005544,0.037787,0.0001,,,,,gru
80395,64,-0.030074,0.000485,1.757679,0.004814,0.011478,0.070833,0.003288,0.037279,0.0001,,,,,gru
80395,64,0.054657,0.000272,1.757608,0.004814,0.007962,0.187974,0.001612,0.131962,0.0001,,,,,gru
84847,68,0.035608,0.001082,1.757533,0.004802,0.010811,0.054169,0.005896,0.027346,0.0001,,,,,gru
84847,68,0.063519,0.001348,1.75747,0.004802,0.015799,0.060506,0.009086,0.048687,0.0001,,,,,gru
84847,68,0.073045,0.001137,1.757416,0.004802,0.015471,0.077297,0.012267,0.042714,0.0001,,,,,gru
84847,68,0.02344,0.002053,1.757353,0.004802,0.015133,0.161165,0.00712,0.119888,0.0001,,,,,gru
84847,68,0.09088,0.000601,1.757297,0.004802,0.01351,0.08657,0.0103,0.062058,0.0001,,,,,gru
84847,68,-0.006853,0.000858,1.757239,0.004802,0.011749,0.107005,0.002072,0.030361,0.0001,,,,,gru
84847,68,0.081242,0.00127,1.757182,0.004802,0.011482,0.05956,0.001425,0.03902,0.0001,,,,,gru
84847,68,-0.005508,0.001367,1.757129,0.004802,0.017524,0.025924,0.007293,0.022693,0.0001,,,,,gru
84847,68,0.21832,0.001344,1.757079,0.004802,0.017289,0.068303,0.002136,0.031596,0.0001,,,,,gru
84847,68,-0.012139,0.00205,1.757054,0.004802,0.01778,0.059301,0.015074,0.047049,0.0001,,,,,gru
84847,68,0.116188,0.000863,1.757028,0.004802,0.018489,0.130924,0.008485,0.091637,0.0001,,,,,gru
84847,68,0.054677,0.000413,1.75701,0.004802,0.013474,0.070326,0.013116,0.045593,0.0001,,,,,gru
90725,72,-0.101615,0.0007,1.756995,0.00479,0.009797,0.072784,0.000761,0.037433,0.0001,,,,,gru
90725,72,0.004614,0.000334,1.756989,0.00479,0.010158,0.075878,0.003404,0.043092,0.0001,,,,,gru
90725,72,0.087961,0.000682,1.756972,0.00479,0.009694,0.102026,0.008112,0.051886,0.0001,,,,,gru
90725,72,-0.063241,0.000621,1.756972,0.00479,0.010236,0.105421,0.005632,0.074285,0.0001,,,,,gru
90725,72,0.023775,0.000533,1.756976,0.00479,0.010651,0.064954,0.008517,0.025835,0.0001,,,,,gru
90725,72,0.024639,0.000548,1.756987,0.00479,0.011857,0.082621,0.009395,0.057492,0.0001,,,,,gru
90725,72,-0.0252,0.00056,1.756988,0.00479,0.009407,0.100564,0.00702,0.069137,0.0001,,,,,gru
90725,72,-0.045789,0.000706,1.756976,0.00479,0.009982,0.127708,0.004786,0.091621,0.0001,,,,,gru
90725,72,0.05982,0.000417,1.756964,0.00479,0.011575,0.218391,0.004863,0.130676,0.0001,,,,,gru
90725,72,0.050839,0.000654,1.756958,0.00479,0.010609,0.070123,0.00216,0.039433,0.0001,,,,,gru
90725,72,-0.023296,0.000596,1.75695,0.00479,0.014259,0.109317,0.008761,0.069885,0.0001,,,,,gru
90725,72,-0.048108,0.000627,1.756946,0.00479,0.015074,0.159391,0.013689,0.112081,0.0001,,,,,gru
95347,76,0.02153,0.002445,1.756944,0.004778,0.016359,0.08247,0.007317,0.046833,0.0001,,,,,gru
95347,76,0.046231,0.002596,1.756948,0.004778,0.020869,0.09983,0.007733,0.062334,0.0001,,,,,gru
95347,76,0.038671,0.000358,1.75696,0.004778,0.011601,0.036752,0.007079,0.019011,0.0001,,,,,gru
95347,76,0.085989,0.001526,1.756968,0.004778,0.019645,0.085353,0.005807,0.049514,0.0001,,,,,gru
95347,76,0.003179,0.001927,1.756985,0.004778,0.015777,0.07129,0.011107,0.051542,0.0001,,,,,gru
95347,76,-0.039626,0.00643,1.757003,0.004778,0.026976,0.187059,0.022987,0.112243,0.0001,,,,,gru
95347,76,0.023383,0.001812,1.757006,0.004778,0.020238,0.05664,0.009927,0.037714,0.0001,,,,,gru
95347,76,0.027209,0.00315,1.757006,0.004778,0.016352,0.082231,0.008391,0.054875,0.0001,,,,,gru
95347,76,0.109235,0.000683,1.757017,0.004778,0.012333,0.094963,0.002985,0.056198,0.0001,,,,,gru
95347,76,0.021826,0.001085,1.757026,0.004778,0.016153,0.162253,0.002332,0.098451,0.0001,,,,,gru
95347,76,0.081263,0.003107,1.757041,0.004778,0.017178,0.103265,0.00734,0.062235,0.0001,,,,,gru
95347,76,-0.08448,0.002977,1.757057,0.004778,0.023438,0.187911,0.003789,0.130479,0.0001,,,,,gru
99807,80,0.068372,0.000531,1.757097,0.004766,0.009048,0.037271,0.0028,0.020996,0.0001,,,,,gru
99807,80,0.061811,0.001276,1.757138,0.004766,0.016058,0.085433,0.005335,0.051802,0.0001,,,,,gru
99807,80,-0.220702,0.007631,1.757179,0.004766,0.037079,0.555008,0.019085,0.352265,0.0001,,,,,gru
99807,80,0.077018,0.00123,1.757169,0.004766,0.020926,0.156397,0.016904,0.101702,0.0001,,,,,gru
99807,80,0.042475,0.001414,1.757165,0.004766,0.021791,0.244189,0.018661,0.174652,0.0001,,,,,gru
99807,80,-0.153756,0.00353,1.757161,0.004766,0.03327,0.15049,0.006751,0.095579,0.0001,,,,,gru
99807,80,0.101491,0.001042,1.757176,0.004766,0.022585,0.211464,0.023252,0.142344,0.0001,,,,,gru
99807,80,0.023764,0.001342,1.757193,0.004766,0.023547,0.288631,0.015925,0.190167,0.0001,,,,,gru
99807,80,-0.197772,0.00489,1.75722,0.004766,0.030156,0.285596,0.009979,0.198971,0.0001,,,,,gru
99807,80,0.083275,0.001221,1.75724,0.004766,0.014268,0.089506,0.002638,0.055391,0.0001,,,,,gru
99807,80,0.006975,0.00162,1.757256,0.004766,0.017101,0.121648,0.008072,0.070583,0.0001,,,,,gru
99807,80,0.003015,0.001743,1.757282,0.004766,0.027632,0.297128,0.017105,0.19744,0.0001,,,,,gru
105878,84,-4.8e-05,0.000752,1.757304,0.004754,0.012999,0.152409,0.001671,0.099167,0.0001,,,,,gru
105878,84,-0.006124,0.000843,1.757313,0.004754,0.013051,0.034551,0.004214,0.01923,0.0001,,,,,gru
105878,84,-0.014433,0.000963,1.757329,0.004754,0.015997,0.090711,0.008275,0.064953,0.0001,,,,,gru
105878,84,0.019294,0.000633,1.757341,0.004754,0.016368,0.215321,0.007171,0.143498,0.0001,,,,,gru
105878,84,0.000938,0.001572,1.757348,0.004754,0.015228,0.126928,0.005885,0.074971,0.0001,,,,,gru
105878,84,-0.04127,0.000442,1.757347,0.004754,0.011913,0.047976,0.002964,0.031609,0.0001,,,,,gru
105878,84,0.046282,0.000704,1.757342,0.004754,0.012621,0.148376,0.005254,0.084869,0.0001,,,,,gru
105878,84,0.056077,0.000818,1.75735,0.004754,0.012914,0.117395,0.010327,0.078875,0.0001,,,,,gru
105878,84,-0.125785,0.001155,1.757342,0.004754,0.012241,0.037832,0.009678,0.027001,0.0001,,,,,gru
105878,84,-0.006075,0.00102,1.757327,0.004754,0.015971,0.077119,0.016642,0.045764,0.0001,,,,,gru
105878,84,0.01392,0.001437,1.757311,0.004754,0.016048,0.091556,0.016056,0.052789,0.0001,,,,,gru
105878,84,-0.025064,0.000453,1.757273,0.004754,0.015112,0.105637,0.014438,0.073332,0.0001,,,,,gru
109368,88,-0.010808,0.005383,1.757242,0.004742,0.028144,0.097729,0.016216,0.076914,0.0001,,,,,gru
109368,88,0.062689,0.004916,1.757208,0.004742,0.024772,0.094637,0.010533,0.066651,0.0001,,,,,gru
109368,88,0.012171,0.00561,1.757179,0.004742,0.025899,0.094846,0.015218,0.063112,0.0001,,,,,gru
109368,88,0.032673,0.004533,1.757161,0.004742,0.027493,0.096976,0.00996,0.059276,0.0001,,,,,gru
109368,88,0.023444,0.005272,1.757131,0.004742,0.025107,0.121132,0.006709,0.083218,0.0001,,,,,gru
109368,88,0.018094,0.004771,1.757115,0.004742,0.031493,0.137714,0.00577,0.092109,0.0001,,,,,gru
109368,88,-0.054558,0.005612,1.757102,0.004742,0.033971,0.132002,0.007224,0.078987,0.0001,,,,,gru
109368,88,0.127242,0.004208,1.757105,0.004742,0.025018,0.0953,0.010326,0.063806,0.0001,,,,,gru
113015,92,0.009322,0.004639,1.75711,0.00473,0.026292,0.039862,0.016195,0.028269,0.0001,,,,,gru
113015,92,0.051383,0.005415,1.757125,0.00473,0.023866,0.060698,0.01122,0.047452,0.0001,,,,,gru
113015,92,0.015411,0.006226,1.757142,0.00473,0.028217,0.047356,0.01296,0.024841,0.0001,,,,,gru
113015,92,0.042141,0.003383,1.757165,0.00473,0.024327,0.229605,0.005946,0.167088,0.0001,,,,,gru
113015,92,-0.037583,0.006263,1.757197,0.00473,0.032563,0.184201,0.011111,0.131345,0.0001,,,,,gru
113015,92,0.10883,0.003223,1.757249,0.00473,0.025495,0.05184,0.009158,0.029443,0.0001,,,,,gru
113015,92,0.027346,0.004549,1.757298,0.00473,0.031667,0.064136,0.004378,0.037132,0.0001,,,,,gru
113015,92,0.027737,0.005209,1.757337,0.00473,0.034802,0.079319,0.00829,0.044763,0.0001,,,,,gru
116289,96,0.08196,0.003402,1.757395,0.004718,0.022482,0.121603,0.002265,0.087415,0.0001,,,,,gru
116289,96,-0.034749,0.004983,1.757456,0.004718,0.024604,0.067545,0.006554,0.042041,0.0001,,,,,gru
116289,96,0.031562,0.002102,1.757527,0.004718,0.021977,0.067238,0.004522,0.046877,0.0001,,,,,gru
116289,96,0.049317,0.007133,1.757595,0.004718,0.030733,0.141387,0.00364,0.097647,0.0001,,,,,gru
116289,96,0.013263,0.003621,1.75768,0.004718,0.027703,0.04943,0.005654,0.031859,0.0001,,,,,gru
116289,96,0.081582,0.004742,1.757768,0.004718,0.026296,0.056994,0.012146,0.019647,0.0001,,,,,gru
116289,96,0.021506,0.004563,1.757864,0.004718,0.029769,0.139641,0.006769,0.102759,0.0001,,,,,gru
116289,96,0.06682,0.003277,1.757965,0.004718,0.024309,0.185084,0.013691,0.139975,0.0001,,,,,gru
119695,100,0.008779,0.0088,1.758058,0.004706,0.038801,0.202303,0.013978,0.1444,0.0001,,,,,gru
119695,100,0.040164,0.00542,1.75813,0.004706,0.033155,0.150035,0.013753,0.104508,0.0001,,,,,gru
119695,100,-0.059511,0.010382,1.758186,0.004706,0.044321,0.31436,0.024455,0.235095,0.0001,,,,,gru
119695,100,0.14166,0.003044,1.75824,0.004706,0.023412,0.327395,0.004068,0.239922,0.0001,,,,,gru
119695,100,0.093086,0.005746,1.758288,0.004706,0.028968,0.274618,0.003536,0.203215,0.0001,,,,,gru
119695,100,-0.081676,0.00967,1.758332,0.004706,0.047986,0.167057,0.024308,0.12562,0.0001,,,,,gru
119695,100,-0.053991,0.009796,1.758384,0.004706,0.045005,0.238653,0.017638,0.167051,0.0001,,,,,gru
119695,100,0.134061,0.003581,1.758416,0.004706,0.030733,0.152037,0.008845,0.111458,0.0001,,,,,gru
124813,104,0.059292,0.000524,1.758433,0.004694,0.017407,0.048724,0.014075,0.02585,0.0001,,,,,gru
124813,104,-0.020713,0.003421,1.758456,0.004694,0.026192,0.088733,0.007831,0.052527,0.0001,,,,,gru
124813,104,0.097781,0.003395,1.758473,0.004694,0.022419,0.086966,0.018363,0.053435,0.0001,,,,,gru
124813,104,0.061765,0.00321,1.758513,0.004694,0.022323,0.056898,0.013145,0.035552,0.0001,,,,,gru
124813,104,-0.032885,0.001753,1.758561,0.004694,0.020507,0.077595,0.00632,0.050852,0.0001,,,,,gru
124813,104,0.118466,0.001244,1.758599,0.004694,0.018082,0.073922,0.012856,0.038506,0.0001,,,,,gru
124813,104,0.006807,0.001593,1.758641,0.004694,0.019847,0.119749,0.003453,0.083618,0.0001,,,,,gru
124813,104,0.074353,0.002115,1.758667,0.004694,0.013357,0.040253,0.005092,0.016419,0.0001,,,,,gru
124813,104,0.016517,0.003555,1.758704,0.004694,0.019741,0.062799,0.005065,0.038913,0.0001,,,,,gru
124813,104,0.06678,0.002318,1.758751,0.004694,0.016793,0.067643,0.001565,0.040507,0.0001,,,,,gru
124813,104,0.034065,0.002187,1.758811,0.004694,0.013319,0.052689,0.002028,0.031435,0.0001,,,,,gru
124813,104,-0.020403,0.001937,1.758875,0.004694,0.019253,0.220282,0.007115,0.160784,0.0001,,,,,gru
129673,108,0.062553,0.002978,1.758915,0.004682,0.01772,0.032016,0.007838,0.023276,0.0001,,,,,gru
129673,108,0.016906,0.001242,1.758956,0.004682,0.020174,0.065768,0.006876,0.047242,0.0001,,,,,gru
129673,108,-0.006285,0.003945,1.758998,0.004682,0.026532,0.132845,0.002249,0.082068,0.0001,,,,,gru
129673,108,0.065733,0.002502,1.759051,0.004682,0.017706,0.054089,0.004788,0.03732,0.0001,,,,,gru
129673,108,0.069087,0.002611,1.759108,0.004682,0.018626,0.268392,0.005035,0.191755,0.0001,,,,,gru
129673,108,-0.147563,0.00141,1.759157,0.004682,0.019785,0.165257,0.008673,0.108942,0.0001,,,,,gru
129673,108,0.027531,0.002297,1.759216,0.004682,0.017192,0.040594,0.002164,0.011869,0.0001,,,,,gru
129673,108,-0.009924,0.002093,1.759266,0.004682,0.017042,0.069669,0.006667,0.042252,0.0001,,,,,gru
129673,108,0.157447,0.003365,1.759322,0.004682,0.016017,0.072869,0.002333,0.044077,0.0001,,,,,gru
129673,108,0.019184,0.003274,1.759379,0.004682,0.020013,0.082756,0.007445,0.05755,0.0001,,,,,gru
129673,108,0.051007,0.00067,1.759441,0.004682,0.013035,0.064133,0.00399,0.043742,0.0001,,,,,gru
129673,108,0.016521,0.004721,1.759497,0.004682,0.018704,0.07866,0.00873,0.05082,0.0001,,,,,gru
135407,112,0.086752,0.000902,1.759558,0.00467,0.01434,0.09696,0.009857,0.068812,0.0001,,,,,gru
135407,112,-0.115991,0.001174,1.759611,0.00467,0.01201,0.219993,0.006095,0.127931,0.0001,,,,,gru
135407,112,0.016661,0.000798,1.759655,0.00467,0.014873,0.162663,0.011866,0.118077,0.0001,,,,,gru
135407,112,0.021035,0.000726,1.759696,0.00467,0.015014,0.118776,0.014018,0.082525,0.0001,,,,,gru
135407,112,-0.071579,0.000834,1.759744,0.00467,0.01338,0.159069,0.011832,0.092346,0.0001,,,,,gru
135407,112,0.049234,0.001442,1.759778,0.00467,0.015846,0.048694,0.014865,0.02489,0.0001,,,,,gru
135407,112,-0.096096,0.001251,1.759787,0.00467,0.013159,0.256139,0.011071,0.186048,0.0001,,,,,gru
135407,112,0.058833,0.000458,1.759803,0.00467,0.011079,0.22931,0.009139,0.142253,0.0001,,,,,gru
135407,112,0.032176,0.001046,1.759801,0.00467,0.009571,0.12194,0.000378,0.074958,0.0001,,,,,gru
135407,112,0.139816,0.001138,1.759782,0.00467,0.012753,0.137979,0.006687,0.074356,0.0001,,,,,gru
135407,112,-0.078224,0.000963,1.759744,0.00467,0.018175,0.160393,0.017039,0.109497,0.0001,,,,,gru
135407,112,-0.082995,0.00099,1.759696,0.00467,0.021089,0.11672,0.020925,0.076641,0.0001,,,,,gru
140410,116,0.058122,0.000875,1.759651,0.004658,0.012873,0.103309,0.002393,0.069114,0.0001,,,,,gru
140410,116,0.011219,0.002919,1.759614,0.004658,0.018623,0.036394,0.007706,0.013068,0.0001,,,,,gru
140410,116,0.007917,0.004626,1.759584,0.004658,0.020788,0.257311,0.011222,0.179817,0.0001,,,,,gru
140410,116,0.036367,0.001049,1.759555,0.004658,0.012286,0.067564,0.001071,0.04753,0.0001,,,,,gru
140410,116,0.027074,0.003809,1.759527,0.004658,0.018413,0.08974,0.004475,0.055622,0.0001,,,,,gru
140410,116,0.023061,0.001942,1.759506,0.004658,0.018974,0.090446,0.004485,0.045791,0.0001,,,,,gru
140410,116,0.007953,0.004013,1.759486,0.004658,0.021243,0.045513,0.002428,0.027548,0.0001,,,,,gru
140410,116,0.026089,0.001473,1.759473,0.004658,0.015984,0.065216,0.007788,0.038589,0.0001,,,,,gru
140410,116,0.089262,0.000388,1.759465,0.004658,0.013196,0.046789,0.013091,0.023608,0.0001,,,,,gru
140410,116,0.072888,0.002071,1.759444,0.004658,0.016734,0.01784,0.012992,0.014842,0.0001,,,,,gru
140410,116,-0.013036,0.002644,1.759423,0.004658,0.0205,0.038733,0.005544,0.022645,0.0001,,,,,gru
140410,116,0.037018,0.001958,1.759402,0.004658,0.022624,0.188243,0.009502,0.119582,0.0001,,,,,gru
146256,120,-0.072097,0.000473,1.759405,0.004646,0.010983,0.089459,0.002967,0.055108,0.0001,,,,,gru
146256,120,-0.048437,0.001056,1.759405,0.004646,0.011067,0.121975,0.005432,0.067316,0.0001,,,,,gru
146256,120,0.132785,0.000743,1.759394,0.004646,0.013083,0.108539,0.010997,0.070787,0.0001,,,,,gru
146256,120,0.053079,0.00048,1.759388,0.004646,0.012876,0.041255,0.011667,0.025805,0.0001,,,,,gru
146256,120,0.01922,0.000966,1.759382,0.004646,0.01322,0.045052,0.011492,0.025836,0.0001,,,,,gru
146256,120,-0.087861,0.000951,1.759361,0.004646,0.012552,0.251413,0.00852,0.158622,0.0001,,,,,gru
146256,120,-0.080957,0.000253,1.75935,0.004646,0.010158,0.191358,0.003914,0.126282,0.0001,,,,,gru
146256,120,-0.05258,0.001153,1.759334,0.004646,0.010694,0.136188,0.000912,0.079467,0.0001,,,,,gru
146256,120,0.149664,0.000903,1.759328,0.004646,0.017274,0.160146,0.002426,0.110573,0.0001,,,,,gru
146256,120,0.04683,0.000753,1.759306,0.004646,0.017041,0.101484,0.013004,0.061717,0.0001,,,,,gru
146256,120,0.073411,0.001034,1.759269,0.004646,0.022084,0.13364,0.01699,0.094916,0.0001,,,,,gru
146256,120,-0.141842,0.001143,1.759241,0.004646,0.024807,0.06133,0.023836,0.052004,0.0001,,,,,gru
150839,124,0.018017,0.003245,1.759212,0.004634,0.019522,0.042121,0.012988,0.020045,0.0001,,,,,gru
150839,124,0.031134,0.001525,1.759194,0.004634,0.014871,0.018993,0.007372,0.016706,0.0001,,,,,gru
150839,124,0.11755,0.000243,1.759181,0.004634,0.010386,0.061706,0.001184,0.034002,0.0001,,,,,gru
150839,124,0.07609,0.00324,1.759181,0.004634,0.016045,0.035258,0.001623,0.017086,0.0001,,,,,gru
150839,124,-0.00203,0.001145,1.759184,0.004634,0.014836,0.045415,0.001628,0.028885,0.0001,,,,,gru
150839,124,0.023838,0.001306,1.759193,0.004634,0.015891,0.09037,0.006202,0.053005,0.0001,,,,,gru
150839,124,0.062951,0.00195,1.759179,0.004634,0.014902,0.0583,0.00953,0.037967,0.0001,,,,,gru
150839,124,-0.011777,0.002367,1.759164,0.004634,0.021695,0.040016,0.003911,0.026322,0.0001,,,,,gru
150839,124,0.120828,0.001581,1.759159,0.004634,0.014719,0.064596,0.014398,0.033033,0.0001,,,,,gru
150839,124,0.076525,0.001939,1.759143,0.004634,0.01647,0.023903,0.007031,0.015674,0.0001,,,,,gru
150839,124,-0.0214,0.002468,1.759128,0.004634,0.016653,0.129922,0.001813,0.093788,0.0001,,,,,gru
150839,124,0.099009,0.000989,1.759122,0.004634,0.010143,0.051414,0.003296,0.015942,0.0001,,,,,gru
155477,128,0.001978,0.002591,1.759122,0.004622,0.017242,0.087208,0.010787,0.061757,0.0001,,,,,gru
155477,128,0.054121,0.002505,1.759126,0.004622,0.017885,0.05522,0.010236,0.033102,0.0001,,,,,gru
155477,128,0.07866,0.000399,1.759135,0.004622,0.013276,0.132631,0.006118,0.079509,0.0001,,,,,gru
155477,128,0.063555,0.001047,1.75914,0.004622,0.011723,0.047179,0.003635,0.02922,0.0001,,,,,gru
155477,128,-0.016765,0.003948,1.759147,0.004622,0.021988,0.080753,0.008885,0.046276,0.0001,,,,,gru
155477,128,0.120113,0.00024,1.759168,0.004622,0.010088,0.103571,0.008222,0.075669,0.0001,,,,,gru
155477,128,0.071165,0.000647,1.759185,0.004622,0.01473,0.10036,0.008828,0.069489,0.0001,,,,,gru
155477,128,-0.039028,0.004062,1.759202,0.004622,0.020036,0.055521,0.001918,0.026257,0.0001,,,,,gru
155477,128,0.173501,0.001251,1.759238,0.004622,0.013988,0.061264,0.01398,0.029887,0.0001,,,,,gru
155477,128,0.051959,0.001776,1.759252,0.004622,0.01793,0.111121,0.00838,0.074972,0.0001,,,,,gru
155477,128,0.0203,0.003224,1.759269,0.004622,0.018171,0.140343,0.003657,0.095524,0.0001,,,,,gru
155477,128,0.03002,0.00024,1.759288,0.004622,0.010508,0.02427,0.004395,0.012766,0.0001,,,,,gru
161198,132,0.014376,0.00076,1.759303,0.00461,0.01109,0.06974,0.00071,0.020817,0.0001,,,,,gru
161198,132,-0.023712,0.000693,1.759286,0.00461,0.011623,0.057118,0.001867,0.023702,0.0001,,,,,gru
161198,132,-0.021224,0.000465,1.759257,0.00461,0.01385,0.076424,0.002337,0.037163,0.0001,,,,,gru
161198,132,-0.055048,0.000783,1.759205,0.00461,0.012748,0.136482,0.004613,0.092503,0.0001,,,,,gru
161198,132,0.051648,0.000594,1.759152,0.00461,0.013978,0.135955,0.004334,0.089392,0.0001,,,,,gru
161198,132,-0.028705,0.000635,1.759075,0.00461,0.014073,0.096615,0.005338,0.041384,0.0001,,,,,gru
161198,132,-0.050591,0.000791,1.758969,0.00461,0.013261,0.105953,0.004715,0.068818,0.0001,,,,,gru
161198,132,0.049766,0.000752,1.758847,0.00461,0.012879,0.077452,0.000615,0.039915,0.0001,,,,,gru
161198,132,-0.029275,0.000411,1.75871,0.00461,0.012296,0.091884,0.000799,0.056262,0.0001,,,,,gru
161198,132,-0.044876,0.000459,1.758565,0.00461,0.012337,0.067196,0.002027,0.023722,0.0001,,,,,gru
161198,132,0.000503,0.000745,1.758412,0.00461,0.011933,0.148874,0.002972,0.088086,0.0001,,,,,gru
161198,132,0.025894,0.000867,1.758235,0.00461,0.012048,0.118707,0.005424,0.084653,0.0001,,,,,gru
165965,136,0.047086,0.001819,1.758062,0.004598,0.010394,0.032158,0.001618,0.017987,0.0001,,,,,gru
165965,136,0.057969,0.002223,1.757901,0.004598,0.016482,0.052123,0.002355,0.030263,0.0001,,,,,gru
165965,136,-0.055987,0.00452,1.757748,0.004598,0.030823,0.084831,0.012201,0.050546,0.0001,,,,,gru
165965,136,0.102542,0.000838,1.757603,0.004598,0.011044,0.0589,0.002978,0.04127,0.0001,,,,,gru
165965,136,0.026028,0.003122,1.757473,0.004598,0.017674,0.148515,0.004522,0.106042,0.0001,,,,,gru
165965,136,-0.123117,0.00459,1.757358,0.004598,0.020655,0.129749,0.018843,0.0817,0.0001,,,,,gru
165965,136,0.024451,0.001713,1.757258,0.004598,0.015595,0.11547,0.006662,0.081778,0.0001,,,,,gru
165965,136,0.031995,0.003521,1.757177,0.004598,0.014612,0.054714,0.004037,0.036931,0.0001,,,,,gru
165965,136,0.089485,0.000438,1.757101,0.004598,0.011036,0.05768,0.002688,0.026047,0.0001,,,,,gru
165965,136,-0.05174,0.004066,1.757018,0.004598,0.018069,0.120346,0.011485,0.083331,0.0001,,,,,gru
165965,136,0.119835,0.001078,1.756924,0.004598,0.013622,0.102704,0.001961,0.067837,0.0001,,,,,gru
165965,136,0.057522,0.000325,1.756825,0.004598,0.011599,0.082397,0.00087,0.055785,0.0001,,,,,gru
170628,140,0.021293,0.000668,1.75674,0.004586,0.009582,0.034329,0.001175,0.021127,0.0001,,,,,gru
170628,140,0.039756,0.002989,1.756662,0.004586,0.016931,0.095047,0.002844,0.065479,0.0001,,,,,gru
170628,140,-0.001683,0.006047,1.756593,0.004586,0.034825,0.106227,0.004958,0.063933,0.0001,,,,,gru
170628,140,-0.017769,0.003017,1.75651,0.004586,0.020486,0.098259,0.003717,0.071273,0.0001,,,,,gru
170628,140,0.048131,0.002155,1.756442,0.004586,0.01748,0.074018,0.0075,0.053493,0.0001,,,,,gru
170628,140,0.102518,0.001084,1.75638,0.004586,0.015022,0.026503,0.011986,0.019438,0.0001,,,,,gru
170628,140,0.079455,0.001581,1.75632,0.004586,0.01662,0.087164,0.008624,0.061911,0.0001,,,,,gru
170628,140,0.023825,0.000469,1.756264,0.004586,0.013932,0.019157,0.002884,0.008997,0.0001,,,,,gru
170628,140,-0.151219,0.012266,1.756209,0.004586,0.034241,0.217004,0.020883,0.149648,0.0001,,,,,gru
170628,140,0.025339,0.002569,1.756195,0.004586,0.019928,0.17586,0.004778,0.124573,0.0001,,,,,gru
170628,140,0.007501,0.002222,1.756171,0.004586,0.015244,0.020163,0.005358,0.011066,0.0001,,,,,gru
170628,140,0.094559,0.002385,1.756146,0.004586,0.011268,0.121776,0.001472,0.07987,0.0001,,,,,gru
176509,144,-0.013267,0.000951,1.756125,0.004574,0.010495,0.060942,0.003761,0.027602,0.0001,,,,,gru
176509,144,-0.020135,0.000606,1.756082,0.004574,0.010442,0.275235,0.002818,0.186279,0.0001,,,,,gru
176509,144,-0.015246,0.000551,1.756002,0.004574,0.010067,0.108543,0.00038,0.061329,0.0001,,,,,gru
176509,144,-0.041618,0.000958,1.755909,0.004574,0.012956,0.338321,0.004044,0.242693,0.0001,,,,,gru
176509,144,0.023016,0.000597,1.755795,0.004574,0.010258,0.236054,0.003633,0.163186,0.0001,,,,,gru
176509,144,-0.032363,0.000648,1.755674,0.004574,0.013225,0.149013,0.005662,0.102927,0.0001,,,,,gru
176509,144,-0.00456,0.000754,1.755542,0.004574,0.010745,0.120862,0.00339,0.077177,0.0001,,,,,gru
176509,144,-0.02974,0.000415,1.7554,0.004574,0.012241,0.097499,0.003943,0.049771,0.0001,,,,,gru
176509,144,-0.012258,0.001082,1.755243,0.004574,0.011389,0.206674,0.002848,0.133228,0.0001,,,,,gru
176509,144,-0.116968,0.000835,1.755069,0.004574,0.010087,0.116749,0.004536,0.076272,0.0001,,,,,gru
176509,144,0.091348,0.000991,1.7549,0.004574,0.01308,0.119578,0.000946,0.067948,0.0001,,,,,gru
176509,144,-0.020369,0.000335,1.754713,0.004574,0.009961,0.182926,0.001512,0.104275,0.0001,,,,,gru
182384,148,0.064873,0.001097,1.754515,0.004562,0.012972,0.094197,0.005915,0.059488,0.0001,,,,,gru
182384,148,-0.089656,0.000664,1.754343,0.004562,0.010225,0.058552,0.002902,0.032956,0.0001,,,,,gru
182384,148,-0.024444,0.000854,1.75418,0.004562,0.010459,0.183666,0.005037,0.120695,0.0001,,,,,gru
182384,148,-0.037831,0.000775,1.754032,0.004562,0.010564,0.188719,0.004873,0.11298,0.0001,,,,,gru
182384,148,0.054166,0.001011,1.753919,0.004562,0.014108,0.334261,0.005676,0.234617,0.0001,,,,,gru
182384,148,-0.072186,0.00088,1.753806,0.004562,0.009388,0.114141,0.001121,0.074717,0.0001,,,,,gru
182384,148,0.069207,0.000675,1.753702,0.004562,0.011745,0.094155,0.004013,0.053613,0.0001,,,,,gru
182384,148,-0.042215,0.000988,1.75362,0.004562,0.011517,0.107439,0.001755,0.068593,0.0001,,,,,gru
182384,148,-0.083963,0.001068,1.75353,0.004562,0.011358,0.24453,0.001599,0.170473,0.0001,,,,,gru
182384,148,0.018822,0.000649,1.753449,0.004562,0.013028,0.178563,0.002165,0.129395,0.0001,,,,,gru
182384,148,-0.013264,0.001288,1.753386,0.004562,0.012396,0.064429,0.002395,0.016972,0.0001,,,,,gru
182384,148,-0.056085,0.000843,1.753308,0.004562,0.012308,0.141358,0.005305,0.078854,0.0001,,,,,gru
186964,152,0.07965,0.00089,1.753226,0.00455,0.011654,0.036939,0.002862,0.019011,0.0001,,,,,gru
186964,152,0.04437,0.002265,1.753162,0.00455,0.013406,0.042851,0.008347,0.023568,0.0001,,,,,gru
186964,152,-0.20909,0.007721,1.753114,0.00455,0.034791,0.451534,0.035566,0.314188,0.0001,,,,,gru
186964,152,0.01365,0.001984,1.753118,0.00455,0.014691,0.04247,0.008281,0.025966,0.0001,,,,,gru
186964,152,0.03318,0.003056,1.753133,0.00455,0.017406,0.138388,0.0061,0.096447,0.0001,,,,,gru
186964,152,0.102719,0.000242,1.753158,0.00455,0.009014,0.051174,0.007019,0.028733,0.0001,,,,,gru
186964,152,-0.010446,0.003003,1.753177,0.00455,0.020052,0.069859,0.001704,0.035732,0.0001,,,,,gru
186964,152,0.061398,0.002029,1.753215,0.00455,0.015976,0.103953,0.007414,0.068176,0.0001,,,,,gru
186964,152,0.089911,0.000324,1.753255,0.00455,0.014864,0.183721,0.012635,0.128921,0.0001,,,,,gru
186964,152,0.031803,0.003204,1.753286,0.00455,0.021407,0.105958,0.006397,0.068792,0.0001,,,,,gru
186964,152,0.000275,0.001694,1.753323,0.00455,0.018845,0.12417,0.007779,0.077054,0.0001,,,,,gru
186964,152,0.165668,0.000912,1.753369,0.00455,0.016661,0.073883,0.018963,0.044658,0.0001,,,,,gru
192756,156,0.016555,0.001331,1.753414,0.004538,0.012146,0.077567,0.004874,0.034404,0.0001,,,,,gru
192756,156,-0.060526,0.001063,1.753464,0.004538,0.009606,0.130912,0.001622,0.075916,0.0001,,,,,gru
192756,156,0.015659,0.000528,1.753515,0.004538,0.012463,0.090529,0.000742,0.062267,0.0001,,,,,gru
192756,156,0.007471,0.000863,1.753556,0.004538,0.01306,0.175197,0.003961,0.115324,0.0001,,,,,gru
192756,156,0.014314,0.001434,1.753605,0.004538,0.013022,0.119453,0.006323,0.081754,0.0001,,,,,gru
192756,156,-0.059949,0.000643,1.753651,0.004538,0.015294,0.21345,0.008548,0.131226,0.0001,,,,,gru
192756,156,0.075866,0.000952,1.75368,0.004538,0.014869,0.24149,0.006374,0.154745,0.0001,,,,,gru
192756,156,-0.097947,0.000994,1.753728,0.004538,0.014127,0.06242,0.010237,0.031763,0.0001,,,,,gru
192756,156,-0.009987,0.00104,1.753757,0.004538,0.013358,0.548076,0.00747,0.382712,0.0001,,,,,gru
192756,156,-0.031484,0.001117,1.753777,0.004538,0.01239,0.339896,0.005986,0.235901,0.0001,,,,,gru
192756,156,0.013669,0.000543,1.753779,0.004538,0.012464,0.178165,0.004518,0.116838,0.0001,,,,,gru
192756,156,-0.012796,0.001201,1.7538,0.004538,0.011512,0.090474,0.003517,0.054534,0.0001,,,,,gru
198509,160,-0.087716,0.001551,1.753813,0.004526,0.011388,0.095025,0.003575,0.060326,0.0001,,,,,gru
198509,160,-0.019435,0.000519,1.753817,0.004526,0.011636,0.141063,0.006797,0.084309,0.0001,,,,,gru
198509,160,0.042207,0.000597,1.753829,0.004526,0.012998,0.175831,0.011462,0.123064,0.0001,,,,,gru
198509,160,-0.016289,0.001315,1.753841,0.004526,0.012891,0.396148,0.010764,0.279644,0.0001,,,,,gru
198509,160,-0.00624,0.000428,1.75386,0.004526,0.013015,0.200237,0.011421,0.130708,0.0001,,,,,gru
198509,160,-0.059972,0.00098,1.753885,0.004526,0.01277,0.160009,0.008693,0.091227,0.0001,,,,,gru
198509,160,0.066877,0.000682,1.753916,0.004526,0.013441,0.096712,0.011162,0.066307,0.0001,,,,,gru
198509,160,0.004812,0.001525,1.753941,0.004526,0.013153,0.101375,0.008288,0.06222,0.0001,,,,,gru
198509,160,-0.167328,0.000345,1.753952,0.004526,0.00926,0.097113,0.002452,0.066503,0.0001,,,,,gru
198509,160,-0.011588,0.000701,1.753965,0.004526,0.010971,0.224704,0.004185,0.155555,0.0001,,,,,gru
198509,160,-0.053257,0.001173,1.75396,0.004526,0.010927,0.119675,0.001505,0.067256,0.0001,,,,,gru
198509,160,-0.006549,0.000653,1.753938,0.004526,0.014689,0.110285,0.005451,0.075304,0.0001,,,,,gru
204312,164,-0.112247,0.001272,1.753922,0.004514,0.010547,0.08052,0.003707,0.053627,0.0001,,,,,gru
204312,164,0.030826,0.000495,1.753893,0.004514,0.011896,0.063982,0.003293,0.033401,0.0001,,,,,gru
204312,164,0.037518,0.000769,1.753885,0.004514,0.015596,0.130271,0.005837,0.053799,0.0001,,,,,gru
204312,164,-0.031727,0.000516,1.753923,0.004514,0.016697,0.162614,0.012202,0.114643,0.0001,,,,,gru
204312,164,0.017159,0.001142,1.753962,0.004514,0.016021,0.123724,0.011591,0.085809,0.0001,,,,,gru
204312,164,-0.036425,0.001072,1.754009,0.004514,0.016442,0.09128,0.011899,0.057515,0.0001,,,,,gru
204312,164,-0.024578,0.000822,1.754071,0.004514,0.014629,0.120629,0.010311,0.076645,0.0001,,,,,gru
204312,164,-0.015877,0.000828,1.754106,0.004514,0.013544,0.140807,0.00469,0.089781,0.0001,,,,,gru
204312,164,-0.006058,0.000857,1.754158,0.004514,0.00943,0.064609,0.001154,0.032576,0.0001,,,,,gru
204312,164,-0.096001,0.000901,1.754227,0.004514,0.01046,0.097415,0.001087,0.05487,0.0001,,,,,gru
204312,164,5.5e-05,0.0009,1.754305,0.004514,0.010783,0.204154,0.007119,0.142801,0.0001,,,,,gru
204312,164,0.06035,0.000567,1.75438,0.004514,0.01468,0.10406,0.011721,0.070964,0.0001,,,,,gru
207877,168,0.02217,0.003656,1.754458,0.004502,0.023024,0.047258,0.011692,0.020538,0.0001,,,,,gru
207877,168,0.023473,0.005892,1.754526,0.004502,0.024463,0.100128,0.013629,0.062315,0.0001,,,,,gru
207877,168,0.090928,0.002976,1.754576,0.004502,0.017686,0.049764,0.001991,0.028634,0.0001,,,,,gru
207877,168,-0.067875,0.006707,1.754619,0.004502,0.03382,0.091676,0.015858,0.048692,0.0001,,,,,gru
207877,168,0.081224,0.002307,1.754653,0.004502,0.019632,0.109386,0.004075,0.074876,0.0001,,,,,gru
207877,168,-0.055553,0.00754,1.75468,0.004502,0.036487,0.153276,0.012213,0.106847,0.0001,,,,,gru
207877,168,0.120998,0.00302,1.754705,0.004502,0.02011,0.071196,0.010242,0.04979,0.0001,,,,,gru
207877,168,-0.104732,0.006435,1.754721,0.004502,0.038656,0.125545,0.013912,0.088451,0.0001,,,,,gru
213653,172,0.009141,0.000792,1.754729,0.00449,0.011794,0.044694,0.009758,0.025714,0.0001,,,,,gru
213653,172,-0.015552,0.001069,1.754732,0.00449,0.010575,0.157773,0.007974,0.102398,0.0001,,,,,gru
213653,172,-0.018339,0.000658,1.754733,0.00449,0.011333,0.18646,0.005667,0.110229,0.0001,,,,,gru
213653,172,0.037981,0.000817,1.754708,0.00449,0.011184,0.091467,0.001939,0.043339,0.0001,,,,,gru
213653,172,-0.086516,0.00089,1.754663,0.00449,0.012053,0.064583,0.007178,0.039945,0.0001,,,,,gru
213653,172,0.034574,0.000929,1.754612,0.00449,0.013032,0.212459,0.007067,0.137404,0.0001,,,,,gru
213653,172,-0.104609,0.001026,1.754551,0.00449,0.013208,0.197451,0.009657,0.121204,0.0001,,,,,gru
213653,172,0.067643,0.000966,1.754487,0.00449,0.012869,0.256302,0.000237,0.163641,0.0001,,,,,gru
213653,172,0.019081,0.000576,1.754419,0.00449,0.008778,0.131455,0.005392,0.076353,0.0001,,,,,gru
213653,172,0.051228,0.00138,1.75433,0.00449,0.01378,0.17156,0.013717,0.096603,0.0001,,,,,gru
213653,172,0.026581,0.000511,1.75424,0.00449,0.014323,0.079197,0.01563,0.044631,0.0001,,,,,gru
213653,172,-0.113148,0.000794,1.754136,0.00449,0.012676,0.037983,0.012872,0.017921,0.0001,,,,,gru
219418,176,0.047125,0.001074,1.754032,0.004478,0.015163,0.206801,0.01351,0.137002,0.0001,,,,,gru
219418,176,-0.071702,0.000777,1.753947,0.004478,0.011386,0.070371,0.007437,0.041769,0.0001,,,,,gru
219418,176,0.00727,0.001087,1.753881,0.004478,0.013376,0.184776,0.005039,0.120869,0.0001,,,,,gru
219418,176,0.146822,0.001039,1.75382,0.004478,0.013819,0.182782,0.002662,0.112691,0.0001,,,,,gru
219418,176,-0.06817,0.000949,1.753773,0.004478,0.016492,0.305946,0.008364,0.204951,0.0001,,,,,gru
219418,176,-0.115001,0.001011,1.753753,0.004478,0.020133,0.354496,0.013919,0.247857,0.0001,,,,,gru
219418,176,-0.003566,0.00107,1.75373,0.004478,0.020702,0.22106,0.015237,0.139898,0.0001,,,,,gru
219418,176,0.015213,0.001307,1.753736,0.004478,0.022187,0.102168,0.015849,0.065898,0.0001,,,,,gru
219418,176,-0.033035,0.000873,1.753727,0.004478,0.021826,0.196147,0.01731,0.126008,0.0001,,,,,gru
219418,176,-0.022264,0.00074,1.753709,0.004478,0.020676,0.166106,0.01464,0.112645,0.0001,,,,,gru
219418,176,0.021037,0.001444,1.753682,0.004478,0.01953,0.185035,0.009163,0.109343,0.0001,,,,,gru
219418,176,-0.016584,0.000811,1.753649,0.004478,0.013433,0.139976,0.006238,0.087652,0.0001,,,,,gru
225280,180,-0.000297,0.000885,1.753637,0.004466,0.012658,0.137363,0.007255,0.082338,0.0001,,,,,gru
225280,180,-0.067914,0.000662,1.753608,0.004466,0.012907,0.053303,0.010896,0.034379,0.0001,,,,,gru
225280,180,0.043623,0.001065,1.753593,0.004466,0.016089,0.208264,0.017915,0.146156,0.0001,,,,,gru
225280,180,0.007007,0.001051,1.753574,0.004466,0.015553,0.16884,0.016883,0.107221,0.0001,,,,,gru
225280,180,0.010072,0.000699,1.753563,0.004466,0.015218,0.293955,0.015027,0.205664,0.0001,,,,,gru
225280,180,-0.05204,0.000829,1.75355,0.004466,0.012654,0.145252,0.00895,0.098979,0.0001,,,,,gru
225280,180,0.023496,0.000494,1.753531,0.004466,0.01089,0.175122,0.005237,0.117481,0.0001,,,,,gru
225280,180,-0.032939,0.000477,1.75351,0.004466,0.011234,0.107269,0.000784,0.063599,0.0001,,,,,gru
225280,180,-0.020424,0.001394,1.753489,0.004466,0.013578,0.198462,0.006251,0.127414,0.0001,,,,,gru
225280,180,-0.050545,0.00077,1.753468,0.004466,0.014942,0.279887,0.009001,0.191631,0.0001,,,,,gru
225280,180,-0.031126,0.000928,1.75344,0.004466,0.014592,0.115534,0.009035,0.074392,0.0001,,,,,gru
225280,180,0.061509,0.000632,1.753417,0.004466,0.012963,0.185563,0.006869,0.12319,0.0001,,,,,gru
228548,184,0.074355,0.002998,1.753378,0.004454,0.017897,0.067914,0.009206,0.040454,0.0001,,,,,gru
228548,184,-0.01625,0.004424,1.753361,0.004454,0.022274,0.11638,0.011712,0.049247,0.0001,,,,,gru
228548,184,0.058365,0.003244,1.753361,0.004454,0.018987,0.112581,0.003625,0.067423,0.0001,,,,,gru
228548,184,0.010971,0.003887,1.753371,0.004454,0.023822,0.118,0.002887,0.066105,0.0001,,,,,gru
228548,184,0.033667,0.003366,1.753409,0.004454,0.02183,0.17683,0.005125,0.118226,0.0001,,,,,gru
228548,184,0.050992,0.003676,1.753459,0.004454,0.027934,0.052785,0.003892,0.022181,0.0001,,,,,gru
228548,184,0.003541,0.004054,1.753517,0.004454,0.02667,0.149065,0.006168,0.095964,0.0001,,,,,gru
228548,184,0.099294,0.002594,1.753591,0.004454,0.025731,0.090252,0.011018,0.059055,0.0001,,,,,gru
232874,188,0.014868,0.001316,1.753669,0.004442,0.013825,0.07376,0.004575,0.041632,0.0001,,,,,gru
232874,188,0.07861,0.001187,1.753752,0.004442,0.010648,0.035626,0.006824,0.023038,0.0001,,,,,gru
232874,188,0.082563,0.0004,1.753828,0.004442,0.014099,0.168465,0.005855,0.103191,0.0001,,,,,gru
232874,188,0.048975,0.001206,1.753922,0.004442,0.012001,0.039474,0.001451,0.023692,0.0001,,,,,gru
232874,188,0.052731,0.001347,1.754008,0.004442,0.012734,0.068767,0.002562,0.043773,0.0001,,,,,gru
232874,188,0.017974,0.000319,1.754098,0.004442,0.008991,0.102346,0.005293,0.065629,0.0001,,,,,gru
232874,188,0.053413,0.000554,1.754165,0.004442,0.010307,0.056763,0.003801,0.035947,0.0001,,,,,gru
232874,188,0.076325,0.001728,1.754224,0.004442,0.012885,0.08126,0.003194,0.053459,0.0001,,,,,gru
232874,188,-0.197374,0.00282,1.754289,0.004442,0.029145,0.445074,0.016642,0.286339,0.0001,,,,,gru
232874,188,0.070538,0.001906,1.754391,0.004442,0.013045,0.029731,0.000973,0.016894,0.0001,,,,,gru
232874,188,0.02004,0.000652,1.754486,0.004442,0.011802,0.116682,0.002857,0.078719,0.0001,,,,,gru
232874,188,0.123802,0.000661,1.754586,0.004442,0.014225,0.190154,0.010609,0.113664,0.0001,,,,,gru
238681,192,0.081399,0.000578,1.754651,0.00443,0.012212,0.089174,0.008322,0.060135,0.0001,,,,,gru
238681,192,-0.034073,0.001207,1.754721,0.00443,0.013497,0.142102,0.007569,0.07522,0.0001,,,,,gru
238681,192,-0.039965,0.00145,1.754765,0.00443,0.013943,0.160287,0.011379,0.103933,0.0001,,,,,gru
238681,192,-0.0303,0.00155,1.754829,0.00443,0.013874,0.132455,0.010763,0.081843,0.0001,,,,,gru
238681,192,0.012813,0.000723,1.75489,0.00443,0.012429,0.093596,0.008863,0.065448,0.0001,,,,,gru
238681,192,0.037429,0.000979,1.754949,0.00443,0.012167,0.097229,0.005826,0.067728,0.0001,,,,,gru
238681,192,-0.127872,0.001301,1.755006,0.00443,0.012003,0.137613,0.001553,0.080783,0.0001,,,,,gru
238681,192,0.060291,0.000704,1.755076,0.00443,0.011562,0.098147,0.002255,0.059936,0.0001,,,,,gru
238681,192,0.097391,0.001308,1.755128,0.00443,0.012171,0.088639,0.003515,0.053009,0.0001,,,,,gru
238681,192,0.05035,0.000596,1.755173,0.00443,0.013614,0.193781,0.006974,0.112861,0.0001,,,,,gru
238681,192,-0.017739,0.001496,1.755223,0.00443,0.015363,0.131241,0.013845,0.09033,0.0001,,,,,gru
238681,192,-0.019018,0.001543,1.755271,0.00443,0.018989,0.115455,0.016825,0.078715,0.0001,,,,,gru
243571,196,0.009684,0.002636,1.755308,0.004418,0.018576,0.058994,0.008445,0.04093,0.0001,,,,,gru
243571,196,0.032615,0.00274,1.755335,0.004418,0.014161,0.037998,0.005111,0.024389,0.0001,,,,,gru
243571,196,0.104565,0.001078,1.755362,0.004418,0.014881,0.140255,0.004997,0.090891,0.0001,,,,,gru
243571,196,0.07111,0.001798,1.755392,0.004418,0.013277,0.066058,0.002801,0.04515,0.0001,,,,,gru
243571,196,0.01413,0.003513,1.755427,0.004418,0.02014,0.05918,0.004641,0.036949,0.0001,,,,,gru
243571,196,0.001413,0.001043,1.755448,0.004418,0.013165,0.046576,0.002302,0.016335,0.0001,,,,,gru
243571,196,0.07912,0.001237,1.755471,0.004418,0.013867,0.061696,0.004191,0.036514,0.0001,,,,,gru
243571,196,0.010479,0.002493,1.755489,0.004418,0.015866,0.045948,0.004326,0.026276,0.0001,,,,,gru
243571,196,-0.007777,0.004861,1.755511,0.004418,0.021403,0.124899,0.0071,0.079301,0.0001,,,,,gru
243571,196,0.046166,0.000438,1.755526,0.004418,0.0113,0.041243,0.002757,0.025696,0.0001,,,,,gru
243571,196,0.050097,0.004529,1.755538,0.004418,0.02043,0.067436,0.001207,0.045352,0.0001,,,,,gru
243571,196,-0.023502,0.001781,1.755545,0.004418,0.018645,0.14366,0.002451,0.099782,0.0001,,,,,gru
249489,200,-0.005541,0.001475,1.755551,0.004406,0.011394,0.087377,0.001264,0.050343,0.0001,,,,,gru
249489,200,-0.043275,0.000761,1.755562,0.004406,0.013169,0.103011,0.002863,0.068681,0.0001,,,,,gru
249489,200,0.050178,0.000462,1.75557,0.004406,0.012373,0.150238,0.006484,0.092259,0.0001,,,,,gru
249489,200,0.007693,0.00077,1.755583,0.004406,0.012829,0.083754,0.008136,0.046203,0.0001,,,,,gru
249489,200,-0.039439,0.001195,1.755603,0.004406,0.01516,0.180264,0.009639,0.122502,0.0001,,,,,gru
249489,200,0.031487,0.000793,1.755606,0.004406,0.015965,0.108281,0.014046,0.074601,0.0001,,,,,gru
249489,200,-0.011251,0.000731,1.755617,0.004406,0.014587,0.072221,0.01281,0.052515,0.0001,,,,,gru
249489,200,0.044558,0.001077,1.755627,0.004406,0.013738,0.060291,0.011455,0.028263,0.0001,,,,,gru
249489,200,-0.037517,0.000823,1.755637,0.004406,0.011841,0.04651,0.008478,0.025585,0.0001,,,,,gru
249489,200,0.036027,0.000631,1.755655,0.004406,0.010229,0.150531,0.004226,0.101614,0.0001,,,,,gru
249489,200,-0.089786,0.00085,1.755674,0.004406,0.010183,0.106614,0.004784,0.066813,0.0001,,,,,gru
249489,200,0.058513,0.001107,1.755706,0.004406,0.013268,0.053927,0.009595,0.036889,0.0001,,,,,gru
255332,204,-0.048208,0.00052,1.755724,0.004394,0.009015,0.140677,0.004402,0.090231,0.0001,,,,,gru
255332,204,0.120725,0.000831,1.755741,0.004394,0.010626,0.157318,0.002378,0.096125,0.0001,,,,,gru
255332,204,-0.090261,0.000823,1.755731,0.004394,0.009574,0.237369,0.004495,0.150887,0.0001,,,,,gru
255332,204,-0.021755,0.000734,1.755698,0.004394,0.008099,0.061261,0.00057,0.030264,0.0001,,,,,gru
255332,204,-0.011812,0.00063,1.755664,0.004394,0.009483,0.170845,0.004752,0.108459,0.0001,,,,,gru
255332,204,0.034,0.000697,1.755605,0.004394,0.009315,0.242741,0.008189,0.165574,0.0001,,,,,gru
255332,204,0.010368,0.00045,1.755538,0.004394,0.011494,0.118567,0.012002,0.070104,0.0001,,,,,gru
255332,204,-0.032576,0.000472,1.755449,0.004394,0.010136,0.058652,0.010555,0.040119,0.0001,,,,,gru
255332,204,0.022876,0.001337,1.755364,0.004394,0.011831,0.215191,0.011486,0.133373,0.0001,,,,,gru
255332,204,-0.023495,0.000584,1.755271,0.004394,0.007616,0.171997,0.003187,0.116575,0.0001,,,,,gru
255332,204,0.060035,0.000911,1.755175,0.004394,0.009888,0.097431,0.000863,0.058096,0.0001,,,,,gru
255332,204,-0.044369,0.000628,1.755073,0.004394,0.013065,0.080192,0.009656,0.037517,0.0001,,,,,gru
261207,208,-0.028718,0.000416,1.754963,0.004382,0.011879,0.156135,0.007473,0.08793,0.0001,,,,,gru
261207,208,0.069655,0.000471,1.754842,0.004382,0.01547,0.090619,0.010309,0.049439,0.0001,,,,,gru
261207,208,-0.082616,0.001539,1.754717,0.004382,0.01658,0.203081,0.017432,0.137605,0.0001,,,,,gru
261207,208,0.052526,0.000697,1.754625,0.004382,0.017968,0.293437,0.016725,0.195615,0.0001,,,,,gru
261207,208,-0.019574,0.000897,1.754531,0.004382,0.016729,0.052838,0.015363,0.024088,0.0001,,,,,gru
261207,208,-0.070289,0.000874,1.754422,0.004382,0.013763,0.121139,0.012147,0.070859,0.0001,,,,,gru
261207,208,-0.034911,0.001014,1.754329,0.004382,0.01211,0.10098,0.008597,0.056301,0.0001,,,,,gru
261207,208,-0.016028,0.000553,1.754235,0.004382,0.0107,0.149331,0.00443,0.101965,0.0001,,,,,gru
261207,208,0.025649,0.000521,1.754139,0.004382,0.009388,0.100864,0.000694,0.062994,0.0001,,,,,gru
261207,208,0.06172,0.000509,1.754044,0.004382,0.009228,0.088176,0.003955,0.034259,0.0001,,,,,gru
261207,208,-0.095735,0.001156,1.753936,0.004382,0.010804,0.074415,0.004061,0.0409,0.0001,,,,,gru
261207,208,0.00606,0.000353,1.753836,0.004382,0.012361,0.1323,0.009889,0.07176,0.0001,,,,,gru
267056,212,-0.00633,0.000777,1.753723,0.00437,0.010435,0.140506,0.000971,0.079292,0.0001,,,,,gru
267056,212,-0.072327,0.000982,1.753599,0.00437,0.011706,0.119153,0.003932,0.080295,0.0001,,,,,gru
267056,212,0.084131,0.000626,1.753496,0.00437,0.012656,0.157152,0.011356,0.102806,0.0001,,,,,gru
267056,212,0.04339,0.000538,1.753378,0.00437,0.014675,0.206282,0.013338,0.132677,0.0001,,,,,gru
267056,212,-0.069632,0.001053,1.753254,0.00437,0.01526,0.188816,0.013488,0.1223,0.0001,,,,,gru
267056,212,0.025519,0.000881,1.753136,0.00437,0.014227,0.19761,0.013019,0.133884,0.0001,,,,,gru
267056,212,0.033975,0.00074,1.753021,0.00437,0.011624,0.103706,0.008497,0.065155,0.0001,,,,,gru
267056,212,-0.009483,0.00119,1.752907,0.00437,0.011808,0.174951,0.001282,0.108295,0.0001,,,,,gru
267056,212,-0.028694,0.000445,1.752786,0.00437,0.012022,0.063968,0.007627,0.032972,0.0001,,,,,gru
267056,212,0.008948,0.001194,1.752664,0.00437,0.014458,0.053955,0.013474,0.029631,0.0001,,,,,gru
267056,212,-0.044203,0.000788,1.752537,0.00437,0.018552,0.202029,0.018252,0.133259,0.0001,,,,,gru
267056,212,0.037514,0.00092,1.752399,0.00437,0.017084,0.430983,0.01562,0.292726,0.0001,,,,,gru
272929,216,-0.066737,0.000463,1.75229,0.004358,0.011351,0.076777,0.009,0.047329,0.0001,,,,,gru
272929,216,0.064173,0.001071,1.752187,0.004358,0.011532,0.150991,0.002004,0.100074,0.0001,,,,,gru
272929,216,0.009613,0.000304,1.752094,0.004358,0.008448,0.193333,0.000826,0.13004,0.0001,,,,,gru
272929,216,0.058016,0.000828,1.751997,0.004358,0.010285,0.293162,0.003783,0.203958,0.0001,,,,,gru
272929,216,-0.020166,0.000486,1.751894,0.004358,0.010795,0.114536,0.006107,0.078199,0.0001,,,,,gru
272929,216,-0.03657,0.000385,1.751799,0.004358,0.012903,0.150061,0.00806,0.095498,0.0001,,,,,gru
272929,216,0.031126,0.000325,1.75171,0.004358,0.011429,0.145129,0.008032,0.098695,0.0001,,,,,gru
272929,216,0.059105,0.000699,1.751626,0.004358,0.012039,0.059648,0.009244,0.039736,0.0001,,,,,gru
272929,216,-0.095605,0.000718,1.751548,0.004358,0.011851,0.108269,0.006311,0.068102,0.0001,,,,,gru
272929,216,0.014472,0.000457,1.751457,0.004358,0.009556,0.060429,0.005555,0.018496,0.0001,,,,,gru
272929,216,-0.044681,0.000558,1.751348,0.004358,0.012115,0.228415,0.006037,0.150882,0.0001,,,,,gru
272929,216,0.041499,0.000702,1.751239,0.004358,0.009283,0.223094,0.005407,0.153716,0.0001,,,,,gru
278783,220,0.014762,0.000905,1.751131,0.004346,0.009631,0.073429,0.002992,0.053626,0.0001,,,,,gru
278783,220,-0.018287,0.000478,1.751032,0.004346,0.010101,0.080414,0.004352,0.039348,0.0001,,,,,gru
278783,220,-0.000976,0.000335,1.750939,0.004346,0.009717,0.348401,0.003904,0.24629,0.0001,,,,,gru
278783,220,-0.049565,0.000675,1.75086,0.004346,0.010943,0.535297,0.003893,0.371253,0.0001,,,,,gru
278783,220,0.032869,0.000708,1.750789,0.004346,0.009371,0.293549,0.002465,0.201026,0.0001,,,,,gru
278783,220,0.012705,0.000358,1.750726,0.004346,0.00987,0.292129,0.001049,0.189277,0.0001,,,,,gru
278783,220,-0.013551,0.000519,1.750661,0.004346,0.010158,0.124859,0.000749,0.082031,0.0001,,,,,gru
278783,220,0.022891,0.000718,1.750608,0.004346,0.010213,0.047781,0.001526,0.021875,0.0001,,,,,gru
278783,220,-0.011896,0.000606,1.750554,0.004346,0.010312,0.142558,0.000964,0.096107,0.0001,,,,,gru
278783,220,-0.043974,0.00062,1.750514,0.004346,0.009246,0.049264,0.003719,0.032808,0.0001,,,,,gru
278783,220,0.046283,0.000696,1.750473,0.004346,0.011993,0.15104,0.000969,0.101374,0.0001,,,,,gru
278783,220,-0.002565,0.000644,1.750423,0.004346,0.014422,0.191852,0.004106,0.120561,0.0001,,,,,gru
284423,224,0.005414,0.000693,1.750371,0.004334,0.010391,0.210698,0.003489,0.12473,0.0001,,,,,gru
284423,224,-0.023485,0.000255,1.750311,0.004334,0.008834,0.099018,0.005822,0.061286,0.0001,,,,,gru
284423,224,-0.046983,0.00108,1.750252,0.004334,0.010289,0.086356,0.008071,0.05117,0.0001,,,,,gru
284423,224,0.004397,0.000415,1.7502,0.004334,0.011586,0.129639,0.009983,0.073706,0.0001,,,,,gru
284423,224,-0.019475,0.000956,1.750153,0.004334,0.014609,0.159098,0.012987,0.099317,0.0001,,,,,gru
284423,224,-0.04899,0.000768,1.750077,0.004334,0.014226,0.216166,0.013433,0.145103,0.0001,,,,,gru
284423,224,-0.012823,0.00072,1.750003,0.004334,0.01232,0.156736,0.008595,0.095176,0.0001,,,,,gru
284423,224,-0.042203,0.000442,1.749921,0.004334,0.006904,0.150934,0.001924,0.100762,0.0001,,,,,gru
284423,224,0.003747,0.000809,1.749848,0.004334,0.009248,0.176733,0.007272,0.103111,0.0001,,,,,gru
284423,224,-0.124392,0.000296,1.749755,0.004334,0.01335,0.122234,0.015932,0.083762,0.0001,,,,,gru
284423,224,0.052969,0.000814,1.749674,0.004334,0.02016,0.151929,0.023948,0.101004,0.0001,,,,,gru
284423,224,0.027783,0.001401,1.749593,0.004334,0.020311,0.151142,0.024321,0.10115,0.0001,,,,,gru
290092,228,0.083068,0.000877,1.749503,0.004322,0.010737,0.160036,0.006291,0.100614,0.0001,,,,,gru
290092,228,-0.032839,0.000844,1.749418,0.004322,0.010158,0.126564,0.003191,0.0777,0.0001,,,,,gru
290092,228,-0.089128,0.00043,1.74934,0.004322,0.012354,0.136417,0.009218,0.087825,0.0001,,,,,gru
290092,228,-0.072066,0.001319,1.749287,0.004322,0.014617,0.061205,0.012505,0.046459,0.0001,,,,,gru
290092,228,0.116205,0.000588,1.749235,0.004322,0.016086,0.08354,0.010383,0.05932,0.0001,,,,,gru
290092,228,-0.082157,0.000496,1.749186,0.004322,0.014782,0.08639,0.014184,0.045448,0.0001,,,,,gru
290092,228,0.044664,0.001292,1.749152,0.004322,0.015507,0.061719,0.009973,0.036286,0.0001,,,,,gru
290092,228,-0.039243,0.000353,1.749113,0.004322,0.012191,0.05827,0.010099,0.039937,0.0001,,,,,gru
290092,228,-0.026913,0.000794,1.74908,0.004322,0.012972,0.070526,0.006782,0.050121,0.0001,,,,,gru
290092,228,-0.092443,0.000469,1.749043,0.004322,0.010271,0.093236,0.00475,0.059471,0.0001,,,,,gru
290092,228,0.067097,0.001268,1.749008,0.004322,0.011942,0.078065,0.004067,0.041764,0.0001,,,,,gru
290092,228,0.013637,0.000637,1.748962,0.004322,0.012871,0.102964,0.007456,0.063017,0.0001,,,,,gru
295889,232,-0.011643,0.000452,1.748899,0.00431,0.010167,0.058823,0.007515,0.03973,0.0001,,,,,gru
295889,232,-0.009831,0.00051,1.748836,0.00431,0.010188,0.150806,0.008603,0.091198,0.0001,,,,,gru
295889,232,-0.033941,0.001489,1.748758,0.00431,0.01135,0.190893,0.0088,0.124765,0.0001,,,,,gru
295889,232,0.044245,0.000969,1.748673,0.00431,0.011544,0.213092,0.009018,0.130099,0.0001,,,,,gru
295889,232,-0.015411,0.000654,1.748565,0.00431,0.009958,0.199191,0.005239,0.135918,0.0001,,,,,gru
295889,232,-0.092555,0.000686,1.748461,0.00431,0.010203,0.341776,0.000691,0.226449,0.0001,,,,,gru
295889,232,0.037693,0.000721,1.748376,0.00431,0.011114,0.297084,0.001857,0.196918,0.0001,,,,,gru
295889,232,-0.048657,0.000796,1.748279,0.00431,0.009859,0.027304,0.001565,0.01068,0.0001,,,,,gru
295889,232,-0.042716,0.000849,1.748182,0.00431,0.010844,0.088936,0.000944,0.059341,0.0001,,,,,gru
295889,232,-0.059615,0.000461,1.748085,0.00431,0.00937,0.086347,0.001483,0.060467,0.0001,,,,,gru
295889,232,0.015173,0.000899,1.747996,0.00431,0.012877,0.209576,0.000791,0.130072,0.0001,,,,,gru
295889,232,-0.002682,0.001176,1.74789,0.00431,0.013927,0.232991,0.001519,0.145096,0.0001,,,,,gru
301761,236,-0.060378,0.000892,1.747768,0.004298,0.010304,0.057995,0.003305,0.031577,0.0001,,,,,gru
301761,236,-0.092093,0.00061,1.747669,0.004298,0.010804,0.09923,0.003092,0.070404,0.0001,,,,,gru
301761,236,0.10039,0.00133,1.747581,0.004298,0.016683,0.18483,0.011507,0.107425,0.0001,,,,,gru
301761,236,-0.021938,0.00086,1.747521,0.004298,0.012771,0.085042,0.006551,0.040279,0.0001,,,,,gru
301761,236,-0.060282,0.000994,1.747488,0.004298,0.012837,0.194611,0.006646,0.131147,0.0001,,,,,gru
301761,236,0.022131,0.00107,1.747454,0.004298,0.013527,0.060933,0.00873,0.033247,0.0001,,,,,gru
301761,236,-0.107119,0.00083,1.747438,0.004298,0.012853,0.107956,0.004596,0.063138,0.0001,,,,,gru
301761,236,0.059132,0.000933,1.747445,0.004298,0.013995,0.202757,0.006535,0.134865,0.0001,,,,,gru
301761,236,-0.013584,0.001255,1.747441,0.004298,0.014076,0.172063,0.002125,0.10974,0.0001,,,,,gru
301761,236,-0.020848,0.001463,1.747422,0.004298,0.01742,0.078422,0.006441,0.051865,0.0001,,,,,gru
301761,236,0.027913,0.000751,1.747397,0.004298,0.019273,0.085857,0.009236,0.053218,0.0001,,,,,gru
301761,236,-0.074323,0.00092,1.747383,0.004298,0.021271,0.058196,0.018666,0.039004,0.0001,,,,,gru
307458,240,-0.017251,0.000775,1.747371,0.004286,0.011557,0.101265,0.002263,0.060224,0.0001,,,,,gru
307458,240,0.052668,0.000698,1.747363,0.004286,0.012648,0.074799,0.001151,0.029343,0.0001,,,,,gru
307458,240,-0.11563,0.000665,1.747333,0.004286,0.011679,0.182404,0.004268,0.102418,0.0001,,,,,gru
307458,240,0.030945,0.000645,1.747291,0.004286,0.012246,0.088496,0.003823,0.041206,0.0001,,,,,gru
307458,240,-0.058544,0.000652,1.747245,0.004286,0.015073,0.1211,0.008053,0.066175,0.0001,,,,,gru
307458,240,-0.035837,0.000922,1.747188,0.004286,0.015056,0.075612,0.013175,0.040776,0.0001,,,,,gru
307458,240,-0.002264,0.000737,1.747123,0.004286,0.015517,0.088782,0.01198,0.045999,0.0001,,,,,gru
307458,240,0.013191,0.000808,1.747037,0.004286,0.016819,0.146385,0.012003,0.082685,0.0001,,,,,gru
307458,240,-0.083689,0.000709,1.746933,0.004286,0.013028,0.149329,0.007966,0.098041,0.0001,,,,,gru
307458,240,-0.11642,0.000702,1.746834,0.004286,0.012352,0.145813,0.002223,0.086612,0.0001,,,,,gru
307458,240,-0.004027,0.00066,1.746735,0.004286,0.014731,0.073083,0.006117,0.038843,0.0001,,,,,gru
307458,240,0.082519,0.000751,1.746629,0.004286,0.017842,0.129468,0.014552,0.070025,0.0001,,,,,gru
313255,244,0.111854,0.000683,1.746498,0.004274,0.010805,0.133844,0.005624,0.081437,0.0001,,,,,gru
313255,244,-0.071343,0.000711,1.746397,0.004274,0.01001,0.101237,0.005139,0.064492,0.0001,,,,,gru
313255,244,-0.055527,0.000489,1.746297,0.004274,0.011125,0.236504,0.008139,0.163627,0.0001,,,,,gru
313255,244,0.0079,0.000351,1.746203,0.004274,0.012137,0.239858,0.011313,0.168461,0.0001,,,,,gru
313255,244,-0.10724,0.000484,1.74613,0.004274,0.012073,0.115688,0.008611,0.079497,0.0001,,,,,gru
313255,244,0.115048,0.001238,1.746062,0.004274,0.012864,0.117536,0.011532,0.037063,0.0001,,,,,gru
313255,244,0.07606,0.00097,1.745987,0.004274,0.011873,0.074072,0.007477,0.031087,0.0001,,,,,gru
313255,244,0.034791,0.000265,1.745934,0.004274,0.00902,0.094052,0.001344,0.057178,0.0001,,,,,gru
313255,244,-0.138496,0.000715,1.745882,0.004274,0.009848,0.195188,0.003897,0.127491,0.0001,,,,,gru
313255,244,0.011996,0.000291,1.745825,0.004274,0.008977,0.115084,0.005529,0.077779,0.0001,,,,,gru
313255,244,0.072321,0.00075,1.745764,0.004274,0.011554,0.088339,0.006123,0.027789,0.0001,,,,,gru
313255,244,-0.106583,0.001126,1.745731,0.004274,0.015926,0.059393,0.012241,0.022905,0.0001,,,,,gru
319210,248,0.029065,0.000734,1.745687,0.004262,0.011863,0.113367,0.000759,0.074314,0.0001,,,,,gru
319210,248,0.011047,0.00055,1.74565,0.004262,0.010738,0.095973,0.001533,0.034242,0.0001,,,,,gru
319210,248,-0.067048,0.000826,1.74558,0.004262,0.010139,0.140503,0.00099,0.090719,0.0001,,,,,gru
319210,248,-0.016531,0.001007,1.745525,0.004262,0.010639,0.147966,0.000813,0.095329,0.0001,,,,,gru
319210,248,0.057247,0.000796,1.745456,0.004262,0.012873,0.195506,0.00219,0.126869,0.0001,,,,,gru
319210,248,-0.066095,0.0003,1.74538,0.004262,0.009629,0.066166,0.003301,0.042257,0.0001,,,,,gru
319210,248,0.064768,0.000904,1.745322,0.004262,0.011602,0.080875,0.001206,0.047048,0.0001,,,,,gru
319210,248,0.033927,0.000893,1.745264,0.004262,0.012189,0.068922,0.000791,0.028002,0.0001,,,,,gru
319210,248,-0.125667,0.000324,1.745194,0.004262,0.009787,0.042404,0.005242,0.021999,0.0001,,,,,gru
319210,248,0.092343,0.00061,1.745126,0.004262,0.010229,0.086414,0.001596,0.041118,0.0001,,,,,gru
319210,248,-0.078001,0.000604,1.745049,0.004262,0.010884,0.08465,0.00115,0.046337,0.0001,,,,,gru
319210,248,-0.03618,0.000959,1.744957,0.004262,0.011546,0.064478,0.002863,0.041095,0.0001,,,,,gru
325055,252,-0.029702,0.000535,1.74488,0.00425,0.009457,0.092794,0.001362,0.058279,0.0001,,,,,gru
325055,252,0.024254,0.000643,1.744822,0.00425,0.010578,0.10481,0.001336,0.060298,0.0001,,,,,gru
325055,252,0.012436,0.000499,1.744769,0.00425,0.010607,0.170369,0.001888,0.103307,0.0001,,,,,gru
325055,252,0.002184,0.000314,1.744735,0.00425,0.010847,0.220047,0.003733,0.145207,0.0001,,,,,gru
325055,252,0.008348,0.000787,1.744714,0.00425,0.011349,0.158275,0.005879,0.109405,0.0001,,,,,gru
325055,252,-0.00357,0.00055,1.744704,0.00425,0.010622,0.07644,0.005745,0.050385,0.0001,,,,,gru
325055,252,-0.016661,0.000618,1.744689,0.00425,0.011169,0.123363,0.003689,0.0785,0.0001,,,,,gru
325055,252,-0.034475,0.000423,1.744662,0.00425,0.010122,0.10691,0.001241,0.068742,0.0001,,,,,gru
325055,252,0.06911,0.000569,1.744648,0.00425,0.011485,0.195822,0.000554,0.124116,0.0001,,,,,gru
325055,252,-0.059764,0.000502,1.744608,0.00425,0.01105,0.070311,0.004352,0.023906,0.0001,,,,,gru
325055,252,0.032609,0.000458,1.744566,0.00425,0.011714,0.199539,0.003629,0.133148,0.0001,,,,,gru
325055,252,0.042487,0.000714,1.744537,0.00425,0.012605,0.295537,0.004601,0.198243,0.0001,,,,,gru
330935,256,-0.003566,0.000698,1.744511,0.004238,0.011101,0.069837,0.005324,0.041699,0.0001,,,,,gru
330935,256,0.003511,0.000455,1.744493,0.004238,0.011854,0.167125,0.004759,0.104909,0.0001,,,,,gru
330935,256,0.005242,0.000636,1.744471,0.004238,0.011233,0.094183,0.004796,0.051706,0.0001,,,,,gru
330935,256,0.018391,0.000739,1.744443,0.004238,0.012349,0.123279,0.004375,0.069316,0.0001,,,,,gru
330935,256,-0.098637,0.000548,1.744419,0.004238,0.012239,0.23835,0.006631,0.158555,0.0001,,,,,gru
330935,256,0.095837,0.000461,1.744393,0.004238,0.009929,0.094942,0.001565,0.06221,0.0001,,,,,gru
330935,256,0.000965,0.000549,1.744372,0.004238,0.01304,0.157825,0.002656,0.093812,0.0001,,,,,gru
330935,256,-0.008544,0.000563,1.744346,0.004238,0.011544,0.12297,0.0026,0.07367,0.0001,,,,,gru
330935,256,0.016006,0.000563,1.744309,0.004238,0.013473,0.113278,0.003613,0.071197,0.0001,,,,,gru
330935,256,-0.001006,0.000653,1.744281,0.004238,0.014993,0.106728,0.006158,0.064307,0.0001,,,,,gru
330935,256,0.06644,0.000513,1.744237,0.004238,0.014404,0.369527,0.007459,0.245967,0.0001,,,,,gru
330935,256,-0.067919,0.000486,1.744187,0.004238,0.012106,0.23692,0.003009,0.152822,0.0001,,,,,gru
336773,260,-0.200531,0.000564,1.744136,0.004226,0.011595,0.16912,0.004537,0.111867,0.0001,,,,,gru
336773,260,0.11648,0.000533,1.744105,0.004226,0.010221,0.208467,0.002905,0.138917,0.0001,,,,,gru
336773,260,0.067693,0.000655,1.744085,0.004226,0.010584,0.136639,0.003209,0.090091,0.0001,,,,,gru
336773,260,0.054163,0.000615,1.74408,0.004226,0.010813,0.180093,0.003227,0.121318,0.0001,,,,,gru
336773,260,-0.058594,0.000572,1.744079,0.004226,0.011918,0.166699,0.001237,0.10356,0.0001,,,,,gru
336773,260,-0.020163,0.000519,1.744101,0.004226,0.010091,0.306848,0.001129,0.206955,0.0001,,,,,gru
336773,260,0.052072,0.000693,1.744126,0.004226,0.010737,0.329367,0.003026,0.217463,0.0001,,,,,gru
336773,260,-0.04777,0.00058,1.744157,0.004226,0.013178,0.062295,0.010789,0.04469,0.0001,,,,,gru
336773,260,-0.028908,0.000767,1.744189,0.004226,0.014672,0.280822,0.014413,0.186637,0.0001,,,,,gru
336773,260,0.071095,0.000701,1.744245,0.004226,0.013061,0.30912,0.012127,0.208375,0.0001,,,,,gru
336773,260,-0.052146,0.000774,1.744303,0.004226,0.014011,0.074437,0.011753,0.026695,0.0001,,,,,gru
336773,260,-0.045383,0.000753,1.744385,0.004226,0.014925,0.154011,0.00962,0.105591,0.0001,,,,,gru
342454,264,-0.074595,0.0008,1.744469,0.004214,0.013063,0.122811,0.006249,0.056214,0.0001,,,,,gru
342454,264,0.085927,0.000429,1.744582,0.004214,0.012794,0.085812,0.005627,0.051329,0.0001,,,,,gru
342454,264,-0.004647,0.000625,1.744668,0.004214,0.017806,0.13111,0.010271,0.069815,0.0001,,,,,gru
342454,264,-0.122612,0.000588,1.744771,0.004214,0.018585,0.1491,0.013949,0.075073,0.0001,,,,,gru
342454,264,0.149456,0.000698,1.744886,0.004214,0.024049,0.050862,0.024993,0.034189,0.0001,,,,,gru
342454,264,-0.021725,0.000871,1.745001,0.004214,0.024266,0.123268,0.027018,0.087768,0.0001,,,,,gru
342454,264,-0.014234,0.000922,1.745112,0.004214,0.02357,0.105653,0.024399,0.073789,0.0001,,,,,gru
342454,264,0.094585,0.000449,1.745223,0.004214,0.018182,0.148146,0.020572,0.097448,0.0001,,,,,gru
342454,264,-0.08905,0.000435,1.745317,0.004214,0.011904,0.069531,0.008781,0.018023,0.0001,,,,,gru
342454,264,0.080054,0.000266,1.745433,0.004214,0.008363,0.048045,0.001227,0.027957,0.0001,,,,,gru
342454,264,-0.081367,0.000728,1.745542,0.004214,0.009501,0.115315,0.007426,0.028997,0.0001,,,,,gru
342454,264,0.014037,0.000509,1.745686,0.004214,0.012532,0.089272,0.01081,0.056009,0.0001,,,,,gru
347236,268,0.06104,0.001619,1.745806,0.004202,0.014174,0.031436,0.011357,0.026426,0.0001,,,,,gru
347236,268,0.034833,0.003237,1.745913,0.004202,0.01784,0.052202,0.016257,0.030536,0.0001,,,,,gru
347236,268,-0.02355,0.001024,1.746016,0.004202,0.016913,0.078333,0.017997,0.02408,0.0001,,,,,gru
347236,268,0.034554,0.002587,1.746146,0.004202,0.018715,0.020657,0.016446,0.01752,0.0001,,,,,gru
347236,268,0.025992,0.001731,1.746267,0.004202,0.015224,0.036112,0.013862,0.022763,0.0001,,,,,gru
347236,268,0.079406,0.002452,1.746384,0.004202,0.010169,0.049336,0.006773,0.027011,0.0001,,,,,gru
347236,268,0.03289,0.002887,1.746503,0.004202,0.015616,0.03787,0.007408,0.018439,0.0001,,,,,gru
347236,268,0.027713,0.001985,1.746618,0.004202,0.014793,0.036808,0.002832,0.022358,0.0001,,,,,gru
347236,268,0.078201,0.000241,1.746727,0.004202,0.0104,0.034242,0.007621,0.02371,0.0001,,,,,gru
347236,268,0.013332,0.00165,1.746825,0.004202,0.015778,0.064174,0.003299,0.031774,0.0001,,,,,gru
347236,268,0.040144,0.001785,1.746933,0.004202,0.017919,0.02248,0.01056,0.016337,0.0001,,,,,gru
347236,268,0.099778,0.004242,1.747032,0.004202,0.024902,0.028951,0.009868,0.019863,0.0001,,,,,gru
351829,272,0.01142,0.002761,1.747124,0.00419,0.018261,0.128383,0.010591,0.082139,0.0001,,,,,gru
351829,272,0.071972,0.000588,1.7472,0.00419,0.01211,0.037448,0.003921,0.019883,0.0001,,,,,gru
351829,272,-0.029095,0.005525,1.74726,0.00419,0.02737,0.417843,0.019988,0.28653,0.0001,,,,,gru
351829,272,0.083304,0.001593,1.747278,0.00419,0.01411,0.072706,0.000795,0.047698,0.0001,,,,,gru
351829,272,-0.014607,0.002666,1.747288,0.00419,0.021223,0.048128,0.004006,0.025166,0.0001,,,,,gru
351829,272,0.031884,0.00156,1.747287,0.00419,0.019324,0.216105,0.005488,0.141511,0.0001,,,,,gru
351829,272,0.033248,0.002313,1.747273,0.00419,0.019661,0.080653,0.003779,0.046855,0.0001,,,,,gru
351829,272,0.015954,0.002238,1.747259,0.00419,0.022039,0.212202,0.004379,0.144199,0.0001,,,,,gru
351829,272,0.110561,0.000328,1.747245,0.00419,0.014782,0.071851,0.010857,0.042964,0.0001,,,,,gru
351829,272,0.092455,0.000621,1.747225,0.00419,0.014283,0.136077,0.007807,0.090586,0.0001,,,,,gru
351829,272,-0.024988,0.003886,1.7472,0.00419,0.022432,0.305699,0.006303,0.206233,0.0001,,,,,gru
351829,272,0.029028,0.000359,1.747155,0.00419,0.013723,0.274119,0.003399,0.181018,0.0001,,,,,gru
357543,276,-0.007386,0.000543,1.747091,0.004178,0.00973,0.127579,0.001841,0.074854,0.0001,,,,,gru
357543,276,-0.032745,0.000493,1.747016,0.004178,0.010373,0.114693,0.000714,0.061041,0.0001,,,,,gru
357543,276,-0.003362,0.000489,1.746982,0.004178,0.009412,0.375208,0.001396,0.249531,0.0001,,,,,gru
357543,276,0.024182,0.000691,1.746944,0.004178,0.010472,0.319237,0.004009,0.214386,0.0001,,,,,gru
357543,276,0.021742,0.000621,1.746914,0.004178,0.010742,0.086141,0.007337,0.047993,0.0001,,,,,gru
357543,276,-0.105852,0.000353,1.746897,0.004178,0.011617,0.107294,0.012337,0.06811,0.0001,,,,,gru
357543,276,-0.010572,0.000582,1.746865,0.004178,0.013353,0.104029,0.012042,0.067523,0.0001,,,,,gru
357543,276,-0.044151,0.000748,1.746825,0.004178,0.012897,0.219924,0.011082,0.146897,0.0001,,,,,gru
357543,276,0.016997,0.000382,1.746811,0.004178,0.008336,0.359902,0.004402,0.242011,0.0001,,,,,gru
357543,276,-0.053562,0.000394,1.746792,0.004178,0.009018,0.206127,0.003131,0.124934,0.0001,,,,,gru
357543,276,-0.040678,0.000552,1.74679,0.004178,0.011081,0.127297,0.011077,0.072903,0.0001,,,,,gru
357543,276,0.067696,0.000698,1.746766,0.004178,0.015706,0.284101,0.018704,0.189518,0.0001,,,,,gru
363254,280,0.048378,0.000503,1.746744,0.004166,0.011511,0.094334,0.00991,0.058443,0.0001,,,,,gru
363254,280,-0.071739,0.000721,1.746715,0.004166,0.010553,0.098577,0.005837,0.061163,0.0001,,,,,gru
363254,280,0.008344,0.000465,1.746698,0.004166,0.011197,0.114716,0.006603,0.062925,0.0001,,,,,gru
363254,280,-0.045487,0.000397,1.746673,0.004166,0.010381,0.158071,0.005739,0.103386,0.0001,,,,,gru
363254,280,0.084663,0.00069,1.74666,0.004166,0.011215,0.461591,0.009056,0.307112,0.0001,,,,,gru
363254,280,-0.068157,0.000596,1.746648,0.004166,0.009249,0.303232,0.004483,0.203212,0.0001,,,,,gru
363254,280,-0.049168,0.000451,1.746628,0.004166,0.008604,0.104887,0.000831,0.064384,0.0001,,,,,gru
363254,280,0.066506,0.000797,1.746612,0.004166,0.010962,0.039013,0.001442,0.024158,0.0001,,,,,gru
363254,280,-0.039148,0.000382,1.746596,0.004166,0.009262,0.220017,0.003967,0.145274,0.0001,,,,,gru
363254,280,-0.063606,0.000408,1.746572,0.004166,0.009938,0.129201,0.004757,0.077597,0.0001,,,,,gru
363254,280,0.0614,0.000656,1.746522,0.004166,0.01073,0.126521,0.003068,0.084132,0.0001,,,,,gru
363254,280,-0.014032,0.000731,1.746481,0.004166,0.012605,0.045262,0.001717,0.021832,0.0001,,,,,gru
367924,284,0.029077,0.001905,1.746457,0.004154,0.015493,0.034473,0.004029,0.021409,0.0001,,,,,gru
367924,284,0.025682,0.002529,1.746439,0.004154,0.015992,0.020838,0.00201,0.011467,0.0001,,,,,gru
367924,284,0.077043,0.001762,1.746419,0.004154,0.01474,0.150732,0.005263,0.082563,0.0001,,,,,gru
367924,284,0.023808,0.001564,1.746371,0.004154,0.017419,0.09945,0.001698,0.063473,0.0001,,,,,gru
367924,284,0.055582,0.001438,1.746315,0.004154,0.011421,0.04429,0.003533,0.028263,0.0001,,,,,gru
367924,284,-0.010457,0.006941,1.746261,0.004154,0.027689,0.095958,0.010453,0.061886,0.0001,,,,,gru
367924,284,0.089347,0.00114,1.74623,0.004154,0.013394,0.201752,0.006551,0.135044,0.0001,,,,,gru
367924,284,0.010305,0.003086,1.746189,0.004154,0.017987,0.058656,0.003647,0.038495,0.0001,,,,,gru
367924,284,-0.073843,0.00254,1.746148,0.004154,0.01786,0.102538,0.009544,0.068875,0.0001,,,,,gru
367924,284,0.048822,0.003447,1.746106,0.004154,0.019926,0.047728,0.001417,0.028765,0.0001,,,,,gru
367924,284,-0.004258,0.001314,1.746068,0.004154,0.014009,0.034649,0.001933,0.021912,0.0001,,,,,gru
367924,284,0.112146,0.000681,1.746029,0.004154,0.010284,0.055393,0.008907,0.029074,0.0001,,,,,gru
373741,288,-0.147405,0.000525,1.745986,0.004142,0.010192,0.103677,0.000894,0.062546,0.0001,,,,,gru
373741,288,0.068513,0.000601,1.745968,0.004142,0.012233,0.118187,0.006545,0.076981,0.0001,,,,,gru
373741,288,0.039263,0.000756,1.745937,0.004142,0.012882,0.174461,0.004571,0.088921,0.0001,,,,,gru
373741,288,0.060955,0.000705,1.745896,0.004142,0.011149,0.1962,0.004242,0.130467,0.0001,,,,,gru
373741,288,0.037498,0.000801,1.745861,0.004142,0.012836,0.189952,0.005334,0.114795,0.0001,,,,,gru
373741,288,-0.161901,0.000297,1.74581,0.004142,0.010858,0.193936,0.002778,0.125423,0.0001,,,,,gru
373741,288,0.125845,0.0008,1.745791,0.004142,0.012071,0.156333,0.004452,0.097392,0.0001,,,,,gru
373741,288,-0.17279,0.000413,1.745757,0.004142,0.010352,0.102071,0.003451,0.067374,0.0001,,,,,gru
373741,288,0.005978,0.000588,1.745728,0.004142,0.013778,0.307919,0.000509,0.206602,0.0001,,,,,gru
373741,288,-0.080512,0.000564,1.745693,0.004142,0.012438,0.259989,0.003894,0.171847,0.0001,,,,,gru
373741,288,0.074691,0.000715,1.745669,0.004142,0.011066,0.090808,0.003786,0.049607,0.0001,,,,,gru
373741,288,-0.040874,0.00062,1.745628,0.004142,0.015115,0.175035,0.011076,0.097428,0.0001,,,,,gru
379526,292,-0.004331,0.000372,1.74559,0.00413,0.008495,0.164599,0.001456,0.096754,0.0001,,,,,gru
379526,292,0.085262,0.000827,1.745551,0.00413,0.013078,0.145909,0.001158,0.071608,0.0001,,,,,gru
379526,292,-0.137688,0.000506,1.745476,0.00413,0.013511,0.147717,0.012783,0.089998,0.0001,,,,,gru
379526,292,-0.118057,0.000691,1.745408,0.00413,0.016417,0.109494,0.017316,0.056039,0.0001,,,,,gru
379526,292,0.071118,0.000756,1.745316,0.00413,0.017513,0.097125,0.016399,0.057153,0.0001,,,,,gru
379526,292,0.018036,0.000712,1.745209,0.00413,0.018657,0.205368,0.019449,0.127253,0.0001,,,,,gru
379526,292,0.075365,0.00062,1.745107,0.00413,0.013503,0.270104,0.011338,0.160116,0.0001,,,,,gru
379526,292,-0.088824,0.000542,1.744992,0.00413,0.012735,0.164877,0.005655,0.098697,0.0001,,,,,gru
379526,292,-0.02159,0.000605,1.744877,0.00413,0.015248,0.098925,0.002148,0.05536,0.0001,,,,,gru
379526,292,0.029893,0.000459,1.744772,0.00413,0.016385,0.125758,0.013984,0.080227,0.0001,,,,,gru
379526,292,0.010889,0.000701,1.744661,0.00413,0.022221,0.220121,0.021806,0.13309,0.0001,,,,,gru
379526,292,-0.085794,0.000755,1.744534,0.00413,0.023545,0.086136,0.019787,0.059276,0.0001,,,,,gru
382857,296,0.038926,0.005026,1.744409,0.004118,0.027648,0.051096,0.013772,0.036289,0.0001,,,,,gru
382857,296,0.006632,0.004016,1.744297,0.004118,0.027839,0.273272,0.01609,0.167014,0.0001,,,,,gru
382857,296,0.030121,0.004515,1.744146,0.004118,0.027685,0.097967,0.013138,0.055909,0.0001,,,,,gru
382857,296,0.022188,0.004764,1.743985,0.004118,0.029658,0.103931,0.013991,0.065028,0.0001,,,,,gru
382857,296,0.030715,0.004521,1.743837,0.004118,0.031007,0.139256,0.009375,0.091688,0.0001,,,,,gru
382857,296,0.021138,0.004623,1.743696,0.004118,0.028954,0.208752,0.010812,0.137885,0.0001,,,,,gru
382857,296,0.03135,0.00432,1.743562,0.004118,0.032182,0.163246,0.002228,0.103928,0.0001,,,,,gru
382857,296,0.021357,0.004749,1.74344,0.004118,0.039303,0.092188,0.003255,0.053119,0.0001,,,,,gru
388576,300,0.117959,0.000782,1.743314,0.004106,0.018294,0.099322,0.016392,0.06691,0.0001,,,,,gru
388576,300,-0.138483,0.000627,1.743203,0.004106,0.019979,0.077997,0.013731,0.042297,0.0001,,,,,gru
388576,300,0.021059,0.000696,1.743105,0.004106,0.02181,0.104511,0.020759,0.069801,0.0001,,,,,gru
388576,300,-0.081636,0.000929,1.743036,0.004106,0.022618,0.330668,0.01876,0.216888,0.0001,,,,,gru
388576,300,0.065547,0.000598,1.74299,0.004106,0.018849,0.218929,0.019765,0.148473,0.0001,,,,,gru
388576,300,0.012146,0.000493,1.742948,0.004106,0.015875,0.165505,0.01267,0.102546,0.0001,,,,,gru
388576,300,-0.00591,0.000712,1.742915,0.004106,0.013557,0.113806,0.007754,0.058744,0.0001,,,,,gru
388576,300,0.003773,0.000524,1.742884,0.004106,0.009793,0.05397,0.004357,0.028367,0.0001,,,,,gru
388576,300,-0.001059,0.000426,1.742867,0.004106,0.010959,0.146156,0.001712,0.081517,0.0001,,,,,gru
388576,300,0.036072,0.000696,1.742873,0.004106,0.009642,0.091768,0.003131,0.055634,0.0001,,,,,gru
388576,300,-0.044434,0.000581,1.742889,0.004106,0.013262,0.130733,0.007827,0.072717,0.0001,,,,,gru
388576,300,0.008411,0.000557,1.742926,0.004106,0.014241,0.080221,0.013233,0.05727,0.0001,,,,,gru
393164,304,0.016672,0.001584,1.742969,0.004094,0.016713,0.100212,0.004097,0.056767,0.0001,,,,,gru
393164,304,0.043517,0.002827,1.743013,0.004094,0.016397,0.044499,0.00594,0.025473,0.0001,,,,,gru
393164,304,0.093202,0.000465,1.74305,0.004094,0.014006,0.138244,0.002093,0.089317,0.0001,,,,,gru
393164,304,0.008889,0.002559,1.743106,0.004094,0.017121,0.088643,0.01112,0.04785,0.0001,,,,,gru
393164,304,0.053932,0.001956,1.743161,0.004094,0.015863,0.03681,0.004136,0.02192,0.0001,,,,,gru
393164,304,0.088634,0.000238,1.743212,0.004094,0.008645,0.13417,0.000719,0.087643,0.0001,,,,,gru
393164,304,0.070442,0.000724,1.743248,0.004094,0.012225,0.064957,0.001553,0.040979,0.0001,,,,,gru
393164,304,0.006552,0.003764,1.743274,0.004094,0.018588,0.122752,0.009122,0.076853,0.0001,,,,,gru
393164,304,0.030822,0.00042,1.7433,0.004094,0.010634,0.147504,0.002003,0.084806,0.0001,,,,,gru
393164,304,0.07312,0.001206,1.743315,0.004094,0.012926,0.016047,0.002857,0.007584,0.0001,,,,,gru
393164,304,0.021523,0.001888,1.743327,0.004094,0.016201,0.06487,0.005441,0.040087,0.0001,,,,,gru
393164,304,-0.036945,0.005686,1.743339,0.004094,0.024058,0.076788,0.006798,0.045,0.0001,,,,,gru
399136,308,-0.052563,0.000355,1.743337,0.004082,0.011025,0.123779,0.005301,0.07514,0.0001,,,,,gru
399136,308,0.011122,0.000958,1.743355,0.004082,0.013221,0.060592,0.00872,0.036649,0.0001,,,,,gru
399136,308,0.026566,0.000815,1.743369,0.004082,0.014126,0.213722,0.009386,0.134162,0.0001,,,,,gru
399136,308,0.053521,0.000963,1.743401,0.004082,0.013304,0.141092,0.007973,0.086306,0.0001,,,,,gru
399136,308,-0.044526,0.000401,1.743434,0.004082,0.011052,0.314463,0.001388,0.204353,0.0001,,,,,gru
399136,308,-0.027324,0.000712,1.743467,0.004082,0.011041,0.256853,0.001158,0.158273,0.0001,,,,,gru
399136,308,-0.041635,0.001122,1.743497,0.004082,0.014394,0.054166,0.002867,0.032532,0.0001,,,,,gru
399136,308,0.030383,0.000624,1.743522,0.004082,0.012164,0.080025,0.005681,0.041869,0.0001,,,,,gru
399136,308,-0.004625,0.000367,1.743549,0.004082,0.010577,0.094245,0.007568,0.059073,0.0001,,,,,gru
399136,308,0.017073,0.000684,1.743587,0.004082,0.013192,0.25347,0.008443,0.160563,0.0001,,,,,gru
399136,308,0.002778,0.000959,1.74365,0.004082,0.016113,0.151973,0.015251,0.094297,0.0001,,,,,gru
399136,308,-0.037564,0.000824,1.743702,0.004082,0.015562,0.188605,0.012644,0.114555,0.0001,,,,,gru
404917,312,-0.072729,0.000578,1.743759,0.00407,0.011455,0.100922,0.002609,0.049113,0.0001,,,,,gru
404917,312,-0.063761,0.000579,1.743786,0.00407,0.011825,0.11106,0.005923,0.058725,0.0001,,,,,gru
404917,312,0.130419,0.001047,1.743821,0.00407,0.014012,0.104397,0.010545,0.064223,0.0001,,,,,gru
404917,312,0.070248,0.000843,1.74386,0.00407,0.01279,0.225339,0.009232,0.144784,0.0001,,,,,gru
404917,312,-0.046583,0.000777,1.743893,0.00407,0.015248,0.323411,0.008103,0.209928,0.0001,,,,,gru
404917,312,-0.059822,0.000616,1.743953,0.00407,0.013188,0.072827,0.008639,0.025754,0.0001,,,,,gru
404917,312,0.000372,0.001411,1.743999,0.00407,0.016062,0.05903,0.009812,0.034718,0.0001,,,,,gru
404917,312,-0.04751,0.00039,1.744035,0.00407,0.013976,0.156463,0.00522,0.095842,0.0001,,,,,gru
404917,312,0.025326,0.0005,1.744053,0.00407,0.011953,0.118744,0.006325,0.077511,0.0001,,,,,gru
404917,312,0.030884,0.001025,1.744068,0.00407,0.014036,0.108988,0.001913,0.058606,0.0001,,,,,gru
404917,312,0.007431,0.000897,1.744091,0.00407,0.014249,0.100938,0.00418,0.062152,0.0001,,,,,gru
404917,312,-0.07453,0.000536,1.744095,0.00407,0.012241,0.093039,0.008407,0.057975,0.0001,,,,,gru
408861,316,0.051256,0.004001,1.744087,0.004058,0.018068,0.035473,0.0121,0.022772,0.0001,,,,,gru
408861,316,0.052245,0.002189,1.744075,0.004058,0.018145,0.092335,0.011451,0.056953,0.0001,,,,,gru
408861,316,-0.005276,0.003768,1.744072,0.004058,0.021809,0.067228,0.017508,0.044156,0.0001,,,,,gru
408861,316,0.11387,0.002341,1.744076,0.004058,0.014393,0.051358,0.002174,0.030938,0.0001,,,,,gru
408861,316,-0.021723,0.00372,1.744075,0.004058,0.022449,0.028145,0.012774,0.021473,0.0001,,,,,gru
408861,316,0.1316,0.002218,1.744074,0.004058,0.015921,0.099817,0.006739,0.06371,0.0001,,,,,gru
408861,316,0.042157,0.003116,1.744064,0.004058,0.021803,0.159889,0.003047,0.10476,0.0001,,,,,gru
408861,316,0.062787,0.002727,1.744048,0.004058,0.021306,0.050887,0.00633,0.034046,0.0001,,,,,gru
413684,320,0.044993,0.001393,1.744033,0.004046,0.011608,0.05067,0.003328,0.031572,0.0001,,,,,gru
413684,320,0.015286,0.003519,1.744021,0.004046,0.022725,0.077435,0.001687,0.047,0.0001,,,,,gru
413684,320,0.08547,0.000312,1.744013,0.004046,0.01121,0.06346,0.009221,0.039609,0.0001,,,,,gru
413684,320,0.04871,0.002308,1.744016,0.004046,0.014586,0.037367,0.006427,0.025011,0.0001,,,,,gru
413684,320,0.019609,0.00252,1.744019,0.004046,0.019902,0.093693,0.001606,0.058846,0.0001,,,,,gru
413684,320,0.067295,0.000418,1.744025,0.004046,0.011976,0.05447,0.006807,0.031737,0.0001,,,,,gru
413684,320,0.108737,0.000823,1.744038,0.004046,0.012277,0.084403,0.008096,0.056175,0.0001,,,,,gru
413684,320,-0.043453,0.004039,1.744048,0.004046,0.020679,0.083458,0.008691,0.052024,0.0001,,,,,gru
413684,320,0.074713,0.000357,1.744068,0.004046,0.009922,0.1108,0.001678,0.068648,0.0001,,,,,gru
413684,320,0.037949,0.003451,1.744096,0.004046,0.017153,0.140195,0.004268,0.09151,0.0001,,,,,gru
413684,320,0.097808,0.000579,1.744115,0.004046,0.010241,0.03971,0.003642,0.01798,0.0001,,,,,gru
413684,320,-0.116579,0.002626,1.744147,0.004046,0.020709,0.262435,0.012188,0.171867,0.0001,,,,,gru
418408,324,0.036195,0.002312,1.744175,0.004034,0.014947,0.03716,0.000926,0.007158,0.0001,,,,,gru
418408,324,0.062816,0.002313,1.744186,0.004034,0.01891,0.083115,0.001753,0.050049,0.0001,,,,,gru
418408,324,-0.0319,0.000914,1.744194,0.004034,0.015584,0.247126,0.002544,0.15872,0.0001,,,,,gru
418408,324,0.063484,0.001937,1.744198,0.004034,0.01559,0.121168,0.001175,0.075757,0.0001,,,,,gru
418408,324,0.031567,0.00285,1.744202,0.004034,0.019807,0.051957,0.001552,0.034023,0.0001,,,,,gru
418408,324,-0.021233,0.000374,1.744203,0.004034,0.011197,0.086153,0.003116,0.053635,0.0001,,,,,gru
418408,324,-0.00412,0.002126,1.744207,0.004034,0.017679,0.111418,0.002936,0.071631,0.0001,,,,,gru
418408,324,0.09185,0.001054,1.744221,0.004034,0.013843,0.09093,0.002651,0.058297,0.0001,,,,,gru
418408,324,-0.000739,0.005317,1.74423,0.004034,0.02441,0.11823,0.011407,0.070741,0.0001,,,,,gru
418408,324,0.008389,0.001649,1.744219,0.004034,0.018628,0.095866,0.0022,0.054828,0.0001,,,,,gru
418408,324,0.058382,0.003147,1.744198,0.004034,0.018945,0.082987,0.001844,0.048587,0.0001,,,,,gru
418408,324,0.06926,0.000246,1.744174,0.004034,0.010517,0.017623,0.00288,0.011072,0.0001,,,,,gru
424117,328,-0.08798,0.000637,1.744147,0.004022,0.011454,0.106403,0.002955,0.060161,0.0001,,,,,gru
424117,328,0.005033,0.000607,1.744103,0.004022,0.012079,0.122767,0.004146,0.076231,0.0001,,,,,gru
424117,328,0.112958,0.000493,1.74407,0.004022,0.01084,0.177096,0.005593,0.114798,0.0001,,,,,gru
424117,328,0.067917,0.001035,1.74403,0.004022,0.013009,0.36671,0.003825,0.232409,0.0001,,,,,gru
424117,328,-0.17951,0.000329,1.743992,0.004022,0.011087,0.609257,0.002105,0.392977,0.0001,,,,,gru
424117,328,0.147529,0.00039,1.743964,0.004022,0.010073,0.279026,0.003802,0.18223,0.0001,,,,,gru
424117,328,0.041708,0.000712,1.743935,0.004022,0.011236,0.152258,0.001302,0.089557,0.0001,,,,,gru
424117,328,-0.015536,0.000584,1.743909,0.004022,0.011149,0.125465,0.00535,0.063887,0.0001,,,,,gru
424117,328,-0.019924,0.000523,1.743857,0.004022,0.012186,0.106926,0.007301,0.069015,0.0001,,,,,gru
424117,328,-0.007588,0.00051,1.743812,0.004022,0.011739,0.132869,0.006587,0.081873,0.0001,,,,,gru
424117,328,-0.027173,0.000469,1.743774,0.004022,0.01188,0.161412,0.005629,0.09175,0.0001,,,,,gru
424117,328,0.055973,0.000876,1.743709,0.004022,0.010846,0.248766,0.002055,0.154226,0.0001,,,,,gru
429737,332,-0.03808,0.000319,1.743643,0.00401,0.01126,0.224067,0.001879,0.145087,0.0001,,,,,gru
429737,332,0.03445,0.000838,1.74359,0.00401,0.012434,0.186979,0.003956,0.105752,0.0001,,,,,gru
429737,332,-0.00023,0.000485,1.743522,0.00401,0.011804,0.245086,0.000754,0.144234,0.0001,,,,,gru
429737,332,-0.111788,0.000859,1.743473,0.00401,0.01325,0.119386,0.008321,0.075966,0.0001,,,,,gru
429737,332,0.142667,0.000568,1.74343,0.00401,0.012263,0.254803,0.006841,0.161062,0.0001,,,,,gru
429737,332,-0.045315,0.000515,1.743385,0.00401,0.015424,0.216391,0.013409,0.130802,0.0001,,,,,gru
429737,332,-0.025805,0.000861,1.743361,0.00401,0.014715,0.260677,0.012213,0.16053,0.0001,,,,,gru
429737,332,0.113476,0.000524,1.743343,0.00401,0.010867,0.321779,0.001598,0.201428,0.0001,,,,,gru
429737,332,-0.117891,0.000409,1.743325,0.00401,0.014619,0.167238,0.002092,0.098558,0.0001,,,,,gru
429737,332,-0.046213,0.000379,1.743325,0.00401,0.017288,0.08845,0.013315,0.051797,0.0001,,,,,gru
429737,332,0.028657,0.000632,1.743329,0.00401,0.019788,0.166096,0.020085,0.104439,0.0001,,,,,gru
429737,332,0.022773,0.000989,1.743326,0.00401,0.0209,0.236472,0.021147,0.141304,0.0001,,,,,gru
435524,336,-0.178061,0.000634,1.743294,0.003998,0.013151,0.118264,0.001662,0.066918,0.0001,,,,,gru
435524,336,0.11569,0.000392,1.743278,0.003998,0.012996,0.173673,0.004885,0.092616,0.0001,,,,,gru
435524,336,0.059645,0.000689,1.743281,0.003998,0.013384,0.128387,0.003013,0.051204,0.0001,,,,,gru
435524,336,0.006953,0.000793,1.743258,0.003998,0.017129,0.119109,0.01147,0.072646,0.0001,,,,,gru
435524,336,0.024988,0.000735,1.743238,0.003998,0.015224,0.073273,0.01257,0.047581,0.0001,,,,,gru
435524,336,-0.049426,0.000875,1.743221,0.003998,0.015133,0.111965,0.015853,0.058755,0.0001,,,,,gru
435524,336,0.013064,0.000873,1.743212,0.003998,0.017238,0.1365,0.01513,0.091267,0.0001,,,,,gru
435524,336,-0.044782,0.001052,1.743205,0.003998,0.018361,0.100757,0.016221,0.053049,0.0001,,,,,gru
435524,336,0.027512,0.000836,1.743224,0.003998,0.017619,0.16293,0.008571,0.103032,0.0001,,,,,gru
435524,336,0.049193,0.000615,1.743249,0.003998,0.018039,0.112504,0.002194,0.062327,0.0001,,,,,gru
435524,336,-0.11211,0.000964,1.743294,0.003998,0.021627,0.32114,0.004903,0.204425,0.0001,,,,,gru
435524,336,0.064326,0.00081,1.743317,0.003998,0.023087,0.100406,0.016046,0.060594,0.0001,,,,,gru
441272,340,-0.063121,0.000739,1.743324,0.003986,0.019082,0.24811,0.008589,0.143465,0.0001,,,,,gru
441272,340,0.087549,0.000645,1.743328,0.003986,0.017996,0.116187,0.017098,0.071946,0.0001,,,,,gru
441272,340,-0.029651,0.000719,1.743331,0.003986,0.0226,0.246203,0.016638,0.125652,0.0001,,,,,gru
441272,340,0.074543,0.000563,1.743369,0.003986,0.023115,0.092225,0.022585,0.062948,0.0001,,,,,gru
441272,340,-0.00727,0.000855,1.743414,0.003986,0.023607,0.132611,0.022923,0.084312,0.0001,,,,,gru
441272,340,-0.078869,0.000759,1.743472,0.003986,0.020662,0.269197,0.019943,0.167159,0.0001,,,,,gru
441272,340,-0.145141,0.000739,1.743533,0.003986,0.017768,0.226394,0.012404,0.134013,0.0001,,,,,gru
441272,340,0.055841,0.000545,1.743615,0.003986,0.011485,0.249234,0.005652,0.157648,0.0001,,,,,gru
441272,340,0.111972,0.000418,1.743694,0.003986,0.0115,0.074549,0.006825,0.042645,0.0001,,,,,gru
441272,340,0.149615,0.000768,1.743749,0.003986,0.017628,0.070807,0.016119,0.043516,0.0001,,,,,gru
441272,340,-0.028299,0.001137,1.743782,0.003986,0.026689,0.200186,0.029217,0.123334,0.0001,,,,,gru
441272,340,-0.139753,0.001027,1.743817,0.003986,0.027986,0.233463,0.03246,0.144728,0.0001,,,,,gru
446946,344,-0.094705,0.000546,1.743867,0.003974,0.011361,0.221976,0.002386,0.1322,0.0001,,,,,gru
446946,344,0.094189,0.000403,1.743915,0.003974,0.010256,0.071265,0.003146,0.03873,0.0001,,,,,gru
446946,344,0.024368,0.000356,1.743955,0.003974,0.00932,0.137396,0.005058,0.08609,0.0001,,,,,gru
446946,344,-0.072728,0.000402,1.743996,0.003974,0.01009,0.435868,0.006514,0.273868,0.0001,,,,,gru
446946,344,0.121623,0.000492,1.744039,0.003974,0.011453,0.257858,0.010871,0.160021,0.0001,,,,,gru
446946,344,-0.037576,0.000397,1.744084,0.003974,0.010991,0.223024,0.00995,0.124685,0.0001,,,,,gru
446946,344,0.063967,0.000656,1.744128,0.003974,0.013233,0.140065,0.014841,0.081657,0.0001,,,,,gru
446946,344,0.007684,0.000346,1.744197,0.003974,0.010992,0.122784,0.011499,0.067101,0.0001,,,,,gru
446946,344,-0.061376,0.000494,1.74423,0.003974,0.013041,0.180943,0.013608,0.103348,0.0001,,,,,gru
446946,344,-0.128524,0.000405,1.744235,0.003974,0.011171,0.121819,0.01003,0.064753,0.0001,,,,,gru
446946,344,0.080991,0.000685,1.744221,0.003974,0.011772,0.101025,0.00682,0.066661,0.0001,,,,,gru
446946,344,0.093962,0.000505,1.74421,0.003974,0.009987,0.06982,0.002898,0.036786,0.0001,,,,,gru
451484,348,0.061256,0.001277,1.744181,0.003962,0.012801,0.075437,0.003273,0.044754,0.0001,,,,,gru
451484,348,0.022168,0.002905,1.744167,0.003962,0.016202,0.148184,0.010257,0.085612,0.0001,,,,,gru
451484,348,-0.008936,0.001612,1.744169,0.003962,0.018345,0.419223,0.011551,0.261042,0.0001,,,,,gru
451484,348,0.013317,0.003424,1.744175,0.003962,0.0193,0.058687,0.015951,0.036781,0.0001,,,,,gru
451484,348,0.047813,0.001126,1.744197,0.003962,0.017036,0.116948,0.009263,0.061817,0.0001,,,,,gru
451484,348,0.089107,0.000718,1.74423,0.003962,0.011961,0.020878,0.005571,0.015489,0.0001,,,,,gru
451484,348,0.017519,0.002308,1.744256,0.003962,0.020357,0.176376,0.01255,0.102922,0.0001,,,,,gru
451484,348,0.062546,0.002333,1.744298,0.003962,0.015548,0.090921,0.009,0.058205,0.0001,,,,,gru
451484,348,0.005071,0.000346,1.744348,0.003962,0.008164,0.101465,0.009033,0.05884,0.0001,,,,,gru
451484,348,0.022646,0.00097,1.7444,0.003962,0.010948,0.041916,0.005653,0.024858,0.0001,,,,,gru
451484,348,0.033224,0.00351,1.744453,0.003962,0.019369,0.121751,0.003342,0.060609,0.0001,,,,,gru
451484,348,0.116592,0.000551,1.744524,0.003962,0.010697,0.074373,0.008649,0.045422,0.0001,,,,,gru
457273,352,0.064943,0.000693,1.744583,0.00395,0.010831,0.084593,0.004117,0.048429,0.0001,,,,,gru
457273,352,-0.019916,0.000613,1.744624,0.00395,0.009546,0.097868,0.002758,0.063113,0.0001,,,,,gru
457273,352,-0.089985,0.000318,1.74466,0.00395,0.009039,0.061393,0.00082,0.030808,0.0001,,,,,gru
457273,352,-0.127728,0.000335,1.744672,0.00395,0.00796,0.035235,0.000445,0.01795,0.0001,,,,,gru
457273,352,0.019675,0.000695,1.744676,0.00395,0.009534,0.24637,0.005057,0.15638,0.0001,,,,,gru
457273,352,0.092558,0.000675,1.744673,0.00395,0.012882,0.089349,0.006338,0.052368,0.0001,,,,,gru
457273,352,-0.082708,0.000456,1.744651,0.00395,0.008095,0.061171,0.001302,0.033143,0.0001,,,,,gru
457273,352,0.041564,0.000653,1.74463,0.00395,0.011159,0.062264,0.003056,0.034514,0.0001,,,,,gru
457273,352,0.015123,0.000668,1.744597,0.00395,0.011328,0.059493,0.002272,0.023601,0.0001,,,,,gru
457273,352,-0.020676,0.000413,1.744545,0.00395,0.008624,0.134011,0.000486,0.084536,0.0001,,,,,gru
457273,352,-0.026356,0.000826,1.744486,0.00395,0.012227,0.216468,0.001839,0.136858,0.0001,,,,,gru
457273,352,0.022317,0.000685,1.744428,0.00395,0.010251,0.138677,0.005931,0.084339,0.0001,,,,,gru
463016,356,0.063177,0.00056,1.744354,0.003938,0.010765,0.127105,0.007438,0.071391,0.0001,,,,,gru
463016,356,-0.015066,0.000617,1.744289,0.003938,0.010324,0.098291,0.006626,0.054536,0.0001,,,,,gru
463016,356,-0.127918,0.000507,1.744213,0.003938,0.00694,0.110022,0.001756,0.06723,0.0001,,,,,gru
463016,356,-0.105706,0.000468,1.744161,0.003938,0.008229,0.111882,0.001275,0.066152,0.0001,,,,,gru
463016,356,0.070191,0.000918,1.744109,0.003938,0.012568,0.053052,0.006577,0.035327,0.0001,,,,,gru
463016,356,-0.021848,0.000362,1.744056,0.003938,0.008681,0.091545,0.000852,0.055594,0.0001,,,,,gru
463016,356,0.015965,0.000596,1.744018,0.003938,0.012179,0.098218,0.000763,0.056156,0.0001,,,,,gru
463016,356,-0.05672,0.000742,1.743991,0.003938,0.013037,0.074896,0.00257,0.044058,0.0001,,,,,gru
463016,356,-0.015546,0.000518,1.743964,0.003938,0.010718,0.101374,0.004073,0.061765,0.0001,,,,,gru
463016,356,0.073444,0.001059,1.743925,0.003938,0.01697,0.149343,0.002083,0.087045,0.0001,,,,,gru
463016,356,-0.039722,0.000566,1.743881,0.003938,0.01397,0.072445,0.008505,0.048408,0.0001,,,,,gru
463016,356,-0.103837,0.000312,1.743842,0.003938,0.012488,0.042368,0.011313,0.023927,0.0001,,,,,gru
468726,360,-0.089746,0.000806,1.743809,0.003926,0.010362,0.061835,0.001425,0.0349,0.0001,,,,,gru
468726,360,0.073896,0.000617,1.743772,0.003926,0.012371,0.188126,0.006427,0.115858,0.0001,,,,,gru
468726,360,-0.043569,0.000855,1.743742,0.003926,0.012981,0.078419,0.004009,0.037544,0.0001,,,,,gru
468726,360,-0.045009,0.000653,1.743691,0.003926,0.011798,0.029271,0.002247,0.015524,0.0001,,,,,gru
468726,360,0.014276,0.000643,1.743638,0.003926,0.012718,0.166752,0.003331,0.101086,0.0001,,,,,gru
468726,360,-0.021332,0.000983,1.743577,0.003926,0.010911,0.115582,0.000944,0.067846,0.0001,,,,,gru
468726,360,-0.019109,0.000946,1.743515,0.003926,0.013453,0.19003,0.001048,0.116517,0.0001,,,,,gru
468726,360,0.028089,0.000901,1.743449,0.003926,0.013161,0.21951,0.00363,0.130427,0.0001,,,,,gru
468726,360,-0.068836,0.000295,1.743377,0.003926,0.009231,0.069924,0.000514,0.043377,0.0001,,,,,gru
468726,360,0.087284,0.001166,1.743312,0.003926,0.015815,0.134685,0.007073,0.071639,0.0001,,,,,gru
468726,360,-0.050732,0.000595,1.743239,0.003926,0.010645,0.094992,0.002134,0.05925,0.0001,,,,,gru
468726,360,-0.100874,0.000442,1.743178,0.003926,0.007754,0.121375,0.000444,0.070254,0.0001,,,,,gru
473400,364,0.030807,0.002048,1.743114,0.003914,0.014943,0.116756,0.005014,0.075065,0.0001,,,,,gru
473400,364,0.055266,0.003768,1.743051,0.003914,0.024256,0.05608,0.00734,0.033165,0.0001,,,,,gru
473400,364,-0.052586,0.000483,1.742984,0.003914,0.013707,0.086366,0.013129,0.047268,0.0001,,,,,gru
473400,364,0.137041,0.001155,1.742919,0.003914,0.017424,0.025774,0.00214,0.009239,0.0001,,,,,gru
473400,364,-0.065835,0.003034,1.74285,0.003914,0.019323,0.097158,0.014721,0.064896,0.0001,,,,,gru
473400,364,0.001441,0.005683,1.742784,0.003914,0.022636,0.145383,0.015506,0.078638,0.0001,,,,,gru
473400,364,0.075878,0.001878,1.742701,0.003914,0.015856,0.027183,0.002614,0.006237,0.0001,,,,,gru
473400,364,-0.060471,0.003551,1.742613,0.003914,0.017685,0.072355,0.01043,0.047502,0.0001,,,,,gru
473400,364,0.185097,0.0009,1.742528,0.003914,0.018048,0.350184,0.011415,0.216911,0.0001,,,,,gru
473400,364,-0.067173,0.002528,1.74242,0.003914,0.017233,0.036023,0.004877,0.019946,0.0001,,,,,gru
473400,364,0.131357,0.000706,1.742334,0.003914,0.014364,0.045585,0.014018,0.023297,0.0001,,,,,gru
473400,364,0.023876,0.008049,1.742239,0.003914,0.030082,0.242103,0.002417,0.147678,0.0001,,,,,gru
478057,368,-0.067083,0.004083,1.742131,0.003902,0.020543,0.145888,0.012432,0.087846,0.0001,,,,,gru
478057,368,0.096063,0.000882,1.742042,0.003902,0.011894,0.051499,0.006503,0.028285,0.0001,,,,,gru
478057,368,0.171299,0.001314,1.741953,0.003902,0.020551,0.06422,0.014714,0.038221,0.0001,,,,,gru
478057,368,0.024545,0.002554,1.741864,0.003902,0.017637,0.080926,0.002193,0.045594,0.0001,,,,,gru
478057,368,0.027469,0.002493,1.741778,0.003902,0.017771,0.063682,0.002377,0.034242,0.0001,,,,,gru
478057,368,0.096567,0.00049,1.74171,0.003902,0.013916,0.04511,0.01049,0.026507,0.0001,,,,,gru
478057,368,0.058756,0.00195,1.741639,0.003902,0.015777,0.115317,0.004648,0.073197,0.0001,,,,,gru
478057,368,0.017096,0.002776,1.741571,0.003902,0.018899,0.078094,0.001287,0.043224,0.0001,,,,,gru
478057,368,0.01464,0.001241,1.741519,0.003902,0.016301,0.154242,0.002998,0.087124,0.0001,,,,,gru
478057,368,0.021401,0.00103,1.74147,0.003902,0.011468,0.092066,0.002127,0.055658,0.0001,,,,,gru
478057,368,0.043483,0.003987,1.741422,0.003902,0.024361,0.048863,0.008008,0.030961,0.0001,,,,,gru
478057,368,0.056581,0.000304,1.741379,0.003902,0.010263,0.054119,0.000444,0.031769,0.0001,,,,,gru
481554,372,-0.002725,0.006285,1.741337,0.00389,0.028272,0.137759,0.01976,0.083821,0.0001,,,,,gru
481554,372,0.078803,0.002631,1.741315,0.00389,0.01793,0.02049,0.00878,0.014747,0.0001,,,,,gru
481554,372,0.053768,0.004237,1.741288,0.00389,0.022662,0.033096,0.012259,0.019192,0.0001,,,,,gru
481554,372,0.001863,0.005359,1.741267,0.00389,0.026091,0.164826,0.014764,0.105076,0.0001,,,,,gru
481554,372,0.042762,0.005718,1.741258,0.00389,0.025611,0.097691,0.008422,0.061106,0.0001,,,,,gru
481554,372,0.017187,0.003127,1.741257,0.00389,0.024629,0.171759,0.006161,0.112727,0.0001,,,,,gru
481554,372,-0.054596,0.007046,1.741262,0.00389,0.032876,0.118086,0.011894,0.077596,0.0001,,,,,gru
481554,372,0.150763,0.001175,1.741286,0.00389,0.022574,0.099584,0.017865,0.066796,0.0001,,,,,gru
485098,376,-0.034523,0.00606,1.741301,0.003878,0.029311,0.156461,0.015122,0.09609,0.0001,,,,,gru
485098,376,0.114445,0.002157,1.741308,0.003878,0.019317,0.040997,0.006334,0.015409,0.0001,,,,,gru
485098,376,0.01732,0.004879,1.741301,0.003878,0.026788,0.058772,0.003577,0.02639,0.0001,,,,,gru
485098,376,0.047011,0.003619,1.741284,0.003878,0.029485,0.279318,0.005919,0.17293,0.0001,,,,,gru
485098,376,0.062545,0.003812,1.741255,0.003878,0.026772,0.204193,0.008562,0.124225,0.0001,,,,,gru
485098,376,-0.01371,0.00498,1.741213,0.003878,0.033845,0.030918,0.002928,0.017058,0.0001,,,,,gru
485098,376,0.010571,0.00524,1.741171,0.003878,0.031392,0.07396,0.003732,0.04244,0.0001,,,,,gru
485098,376,0.055877,0.002994,1.741118,0.003878,0.027533,0.176539,0.006938,0.104575,0.0001,,,,,gru
488354,380,0.05753,0.003051,1.741066,0.003866,0.021303,0.105171,0.004659,0.05507,0.0001,,,,,gru
488354,380,0.017212,0.00507,1.741004,0.003866,0.027489,0.198398,0.005051,0.10873,0.0001,,,,,gru
488354,380,0.076532,0.003457,1.740996,0.003866,0.019884,0.117974,0.00323,0.067936,0.0001,,,,,gru
488354,380,-0.012033,0.0043,1.740981,0.003866,0.027325,0.152496,0.007591,0.077778,0.0001,,,,,gru
488354,380,0.087638,0.003152,1.741001,0.003866,0.02193,0.106349,0.004109,0.060225,0.0001,,,,,gru
488354,380,-0.02793,0.004781,1.741019,0.003866,0.023364,0.106459,0.011323,0.058626,0.0001,,,,,gru
488354,380,0.081042,0.003586,1.741055,0.003866,0.021445,0.239924,0.002513,0.145896,0.0001,,,,,gru
488354,380,-0.018092,0.00396,1.741095,0.003866,0.023942,0.129154,0.009525,0.069451,0.0001,,,,,gru
491919,384,-0.038563,0.003934,1.74112,0.003854,0.02798,0.090705,0.010404,0.058586,0.0001,,,,,gru
491919,384,0.118808,0.005194,1.741149,0.003854,0.026818,0.084641,0.005607,0.034069,0.0001,,,,,gru
491919,384,0.056585,0.00274,1.741191,0.003854,0.024539,0.045899,0.003307,0.02512,0.0001,,,,,gru
491919,384,-0.008973,0.006675,1.741237,0.003854,0.034388,0.063219,0.00471,0.027835,0.0001,,,,,gru
491919,384,0.033754,0.005495,1.74129,0.003854,0.030581,0.118218,0.00261,0.061517,0.0001,,,,,gru
491919,384,0.022595,0.002988,1.741339,0.003854,0.030128,0.140684,0.005686,0.080426,0.0001,,,,,gru
491919,384,-0.026199,0.005275,1.7414,0.003854,0.033785,0.089189,0.001756,0.053469,0.0001,,,,,gru
491919,384,0.099949,0.00323,1.741464,0.003854,0.029023,0.066241,0.01489,0.035522,0.0001,,,,,gru
497698,388,0.004655,0.000967,1.741525,0.003842,0.01609,0.131429,0.016549,0.069781,0.0001,,,,,gru
497698,388,-0.038351,0.000657,1.741575,0.003842,0.014998,0.073726,0.012939,0.044354,0.0001,,,,,gru
497698,388,0.04326,0.000908,1.741615,0.003842,0.014038,0.306623,0.010576,0.182205,0.0001,,,,,gru
497698,388,-0.006108,0.000749,1.741647,0.003842,0.011527,0.156795,0.003676,0.092743,0.0001,,,,,gru
497698,388,-0.003294,0.001208,1.741669,0.003842,0.015282,0.146945,0.001696,0.08933,0.0001,,,,,gru
497698,388,0.019653,0.000464,1.741675,0.003842,0.013977,0.25228,0.006195,0.156656,0.0001,,,,,gru
497698,388,-0.004742,0.000946,1.741669,0.003842,0.016308,0.336287,0.009416,0.204607,0.0001,,,,,gru
497698,388,-0.062899,0.001103,1.741638,0.003842,0.017416,0.225998,0.010646,0.132485,0.0001,,,,,gru
497698,388,0.086254,0.000509,1.741602,0.003842,0.014863,0.182231,0.005122,0.10617,0.0001,,,,,gru
497698,388,0.044748,0.000565,1.741559,0.003842,0.015108,0.229964,0.006433,0.140748,0.0001,,,,,gru
497698,388,-0.055004,0.00122,1.741522,0.003842,0.013733,0.259532,0.007695,0.163662,0.0001,,,,,gru
497698,388,0.019993,0.00076,1.741486,0.003842,0.016095,0.078865,0.005886,0.029333,0.0001,,,,,gru
501919,392,-0.049482,0.001738,1.741424,0.00383,0.016809,0.110895,0.00595,0.06656,0.0001,,,,,gru
501919,392,0.110828,0.001295,1.741368,0.00383,0.013605,0.068424,0.009508,0.037462,0.0001,,,,,gru
501919,392,0.245321,0.000435,1.741316,0.00383,0.014741,0.236289,0.014042,0.128393,0.0001,,,,,gru
501919,392,0.094761,0.00134,1.741255,0.00383,0.010934,0.029662,0.005289,0.015223,0.0001,,,,,gru
501919,392,-0.014258,0.001701,1.7412,0.00383,0.018372,0.203092,0.006752,0.129933,0.0001,,,,,gru
501919,392,-0.004134,0.000339,1.741151,0.00383,0.012827,0.291627,0.004317,0.176479,0.0001,,,,,gru
501919,392,0.097664,0.000518,1.741091,0.00383,0.010929,0.052143,0.001287,0.02688,0.0001,,,,,gru
501919,392,0.018699,0.002077,1.741034,0.00383,0.015893,0.045029,0.00429,0.026641,0.0001,,,,,gru
501919,392,-0.451881,0.005955,1.740978,0.00383,0.038851,0.359625,0.041721,0.17189,0.0001,,,,,gru
501919,392,-0.008999,0.001552,1.741008,0.00383,0.015144,0.225193,0.003065,0.141776,0.0001,,,,,gru
501919,392,0.072155,0.001459,1.741035,0.00383,0.013018,0.062786,0.003807,0.038356,0.0001,,,,,gru
501919,392,0.208259,0.000411,1.74106,0.00383,0.01282,0.155174,0.01003,0.090571,0.0001,,,,,gru
506107,396,0.001316,0.004719,1.741077,0.003818,0.024618,0.088094,0.007267,0.044579,0.0001,,,,,gru
506107,396,0.069332,0.001994,1.741066,0.003818,0.018406,0.069391,0.00377,0.04053,0.0001,,,,,gru
506107,396,0.146638,0.007684,1.741048,0.003818,0.015152,0.06793,0.008746,0.040245,0.0001,,,,,gru
506107,396,0.095952,0.000998,1.741031,0.003818,0.016529,0.056865,0.007315,0.029048,0.0001,,,,,gru
506107,396,0.003072,0.005587,1.740999,0.003818,0.02532,0.093702,0.003174,0.050457,0.0001,,,,,gru
506107,396,-0.325968,0.009542,1.740947,0.003818,0.060837,0.392746,0.029428,0.11232,0.0001,,,,,gru
506107,396,0.009393,0.003679,1.740939,0.003818,0.025384,0.078865,0.005076,0.045652,0.0001,,,,,gru
506107,396,0.063596,0.003257,1.740923,0.003818,0.026731,0.062627,0.012393,0.031929,0.0001,,,,,gru
506107,396,0.121419,0.004165,1.74089,0.003818,0.024226,0.124931,0.021931,0.066074,0.0001,,,,,gru
506107,396,0.130848,0.002716,1.740846,0.003818,0.023856,0.060581,0.019837,0.042514,0.0001,,,,,gru
506107,396,-0.0565,0.00422,1.740792,0.003818,0.034137,0.191653,0.007486,0.115324,0.0001,,,,,gru
506107,396,0.111468,0.007354,1.740738,0.003818,0.011377,0.098151,0.013153,0.061254,0.0001,,,,,gru
510818,400,0.009053,0.002919,1.740679,0.003806,0.017599,0.027859,0.001732,0.015446,0.0001,,,,,gru
510818,400,0.078526,0.002565,1.740619,0.003806,0.021071,0.066265,0.003537,0.036126,0.0001,,,,,gru
510818,400,-0.031626,0.001048,1.740559,0.003806,0.017924,0.278608,0.010645,0.158401,0.0001,,,,,gru
510818,400,-0.035526,0.002988,1.74051,0.003806,0.025245,0.160139,0.017304,0.08884,0.0001,,,,,gru
510818,400,0.098626,0.001733,1.740464,0.003806,0.015673,0.073734,0.004249,0.04056,0.0001,,,,,gru
510818,400,0.052929,0.004368,1.740412,0.003806,0.02067,0.236355,0.009054,0.142987,0.0001,,,,,gru
510818,400,-0.018073,0.002413,1.740362,0.003806,0.020368,0.164052,0.011804,0.094772,0.0001,,,,,gru
510818,400,0.114854,0.002973,1.740327,0.003806,0.017635,0.173955,0.003393,0.0983,0.0001,,,,,gru
510818,400,-0.056744,0.002181,1.740283,0.003806,0.021336,0.191195,0.009832,0.109459,0.0001,,,,,gru
510818,400,-0.0122,0.003552,1.740242,0.003806,0.019353,0.120106,0.004297,0.066311,0.0001,,,,,gru
510818,400,0.073859,0.001089,1.740201,0.003806,0.017814,0.17994,0.008658,0.110424,0.0001,,,,,gru
510818,400,0.052363,0.004206,1.740162,0.003806,0.0194,0.105138,0.006561,0.066182,0.0001,,,,,gru
516575,404,0.01719,0.001227,1.740118,0.003794,0.015,0.128725,0.010124,0.078626,0.0001,,,,,gru
516575,404,0.070252,0.000908,1.740086,0.003794,0.015566,0.084246,0.011561,0.049223,0.0001,,,,,gru
516575,404,-0.090509,0.001922,1.740066,0.003794,0.013611,0.177562,0.003996,0.092297,0.0001,,,,,gru
516575,404,-0.053449,0.000964,1.740043,0.003794,0.013043,0.083295,0.001922,0.04388,0.0001,,,,,gru
516575,404,0.033943,0.001149,1.740029,0.003794,0.015209,0.065704,0.002062,0.045698,0.0001,,,,,gru
516575,404,0.043028,0.001611,1.740011,0.003794,0.01492,0.171008,0.001238,0.097836,0.0001,,,,,gru
516575,404,0.089721,0.00102,1.73999,0.003794,0.01579,0.175467,0.003116,0.098121,0.0001,,,,,gru
516575,404,-0.016136,0.001324,1.739965,0.003794,0.015933,0.211838,0.008055,0.119483,0.0001,,,,,gru
516575,404,-0.070017,0.001325,1.739942,0.003794,0.019975,0.052135,0.013368,0.033415,0.0001,,,,,gru
516575,404,0.208104,0.001243,1.739919,0.003794,0.018299,0.095975,0.005075,0.038028,0.0001,,,,,gru
516575,404,-0.045968,0.001072,1.739861,0.003794,0.017646,0.061343,0.013516,0.033557,0.0001,,,,,gru
516575,404,-0.173661,0.001323,1.739824,0.003794,0.01882,0.092364,0.01532,0.046502,0.0001,,,,,gru
520943,408,0.056148,0.002806,1.739818,0.003782,0.018305,0.06627,0.004301,0.037033,0.0001,,,,,gru
520943,408,0.002301,0.003086,1.739806,0.003782,0.021374,0.151703,0.005302,0.090013,0.0001,,,,,gru
520943,408,0.105502,0.000229,1.739778,0.003782,0.010114,0.074746,0.00618,0.04625,0.0001,,,,,gru
520943,408,0.000138,0.003809,1.739761,0.003782,0.024142,0.133207,0.006677,0.076095,0.0001,,,,,gru
520943,408,0.067593,0.000488,1.739732,0.003782,0.014083,0.058305,0.002563,0.034589,0.0001,,,,,gru
520943,408,0.056884,0.010249,1.739699,0.003782,0.023767,0.350065,0.013123,0.200014,0.0001,,,,,gru
520943,408,0.067137,0.002009,1.739649,0.003782,0.017349,0.182395,0.001632,0.109326,0.0001,,,,,gru
520943,408,-0.019093,0.003631,1.739597,0.003782,0.022308,0.236634,0.009884,0.143243,0.0001,,,,,gru
520943,408,0.16674,0.000419,1.739549,0.003782,0.016677,0.262016,0.008404,0.154204,0.0001,,,,,gru
520943,408,0.07094,0.001142,1.739484,0.003782,0.017623,0.118168,0.006868,0.067752,0.0001,,,,,gru
520943,408,-0.022008,0.004091,1.739421,0.003782,0.025625,0.100706,0.003966,0.056302,0.0001,,,,,gru
520943,408,0.181659,0.002431,1.739353,0.003782,0.018095,0.095474,0.019311,0.058499,0.0001,,,,,gru
526711,412,0.10605,0.001356,1.739279,0.00377,0.014298,0.211675,0.011116,0.116345,0.0001,,,,,gru
526711,412,-0.132386,0.000671,1.739202,0.00377,0.012919,0.224396,0.005029,0.128504,0.0001,,,,,gru
526711,412,0.02421,0.000482,1.739137,0.00377,0.014593,0.173828,0.009251,0.101275,0.0001,,,,,gru
526711,412,-0.004804,0.000686,1.739084,0.00377,0.014954,0.121791,0.009117,0.072989,0.0001,,,,,gru
526711,412,-0.061619,0.000593,1.739036,0.00377,0.012379,0.160804,0.006823,0.093877,0.0001,,,,,gru
526711,412,0.076469,0.0013,1.738983,0.00377,0.014442,0.355342,0.007194,0.200473,0.0001,,,,,gru
526711,412,0.023784,0.000809,1.738946,0.00377,0.01326,0.258084,0.000645,0.152004,0.0001,,,,,gru
526711,412,-0.080739,0.000857,1.738909,0.00377,0.015887,0.277025,0.00892,0.155869,0.0001,,,,,gru
526711,412,0.065433,0.000951,1.738889,0.00377,0.017997,0.14164,0.010826,0.075222,0.0001,,,,,gru
526711,412,-0.029758,0.001094,1.738845,0.00377,0.020185,0.14571,0.01863,0.087917,0.0001,,,,,gru
526711,412,0.000781,0.000686,1.738803,0.00377,0.020824,0.140392,0.019743,0.083167,0.0001,,,,,gru
526711,412,0.032512,0.001383,1.73877,0.00377,0.022764,0.202091,0.017021,0.108017,0.0001,,,,,gru
532565,416,0.059908,0.000799,1.738702,0.003758,0.014322,0.095283,0.002071,0.054297,0.0001,,,,,gru
532565,416,0.111084,0.000939,1.738636,0.003758,0.01395,0.208874,0.006331,0.117463,0.0001,,,,,gru
532565,416,-0.160431,0.000713,1.73856,0.003758,0.011025,0.115446,0.005563,0.060794,0.0001,,,,,gru
532565,416,0.049902,0.00067,1.73847,0.003758,0.015799,0.080584,0.016434,0.03953,0.0001,,,,,gru
532565,416,0.050233,0.000944,1.738373,0.003758,0.018572,0.106017,0.020373,0.064147,0.0001,,,,,gru
532565,416,-0.077287,0.001197,1.738279,0.003758,0.018654,0.158213,0.019842,0.07779,0.0001,,,,,gru
532565,416,-0.069469,0.000634,1.738179,0.003758,0.018032,0.179703,0.019867,0.108638,0.0001,,,,,gru
532565,416,0.076531,0.000992,1.738079,0.003758,0.018416,0.128412,0.021083,0.074595,0.0001,,,,,gru
532565,416,0.032303,0.001188,1.73797,0.003758,0.015418,0.170294,0.013737,0.097768,0.0001,,,,,gru
532565,416,-0.099874,0.001138,1.737859,0.003758,0.01255,0.185317,0.003769,0.100714,0.0001,,,,,gru
532565,416,0.067601,0.000705,1.737745,0.003758,0.016796,0.084576,0.004777,0.044365,0.0001,,,,,gru
532565,416,0.075739,0.000763,1.737641,0.003758,0.018361,0.113986,0.014413,0.057612,0.0001,,,,,gru
537204,420,0.065389,0.000633,1.73752,0.003746,0.014506,0.041744,0.008735,0.027743,0.0001,,,,,gru
537204,420,0.058512,0.003846,1.737414,0.003746,0.024745,0.188131,0.017366,0.098005,0.0001,,,,,gru
537204,420,-0.180178,0.002418,1.737298,0.003746,0.027681,0.123852,0.032124,0.066666,0.0001,,,,,gru
537204,420,0.046172,0.002449,1.73718,0.003746,0.019139,0.115004,0.013882,0.055767,0.0001,,,,,gru
537204,420,0.017916,0.002483,1.737051,0.003746,0.020264,0.030878,0.014677,0.019128,0.0001,,,,,gru
537204,420,0.034973,0.000431,1.736934,0.003746,0.015652,0.278803,0.003968,0.159585,0.0001,,,,,gru
537204,420,-0.01886,0.003913,1.736833,0.003746,0.021358,0.062749,0.007809,0.036398,0.0001,,,,,gru
537204,420,0.080701,0.001,1.736737,0.003746,0.016879,0.217978,0.012587,0.120913,0.0001,,,,,gru
537204,420,0.037728,0.000293,1.736639,0.003746,0.013273,0.177698,0.01483,0.097973,0.0001,,,,,gru
537204,420,0.027805,0.003162,1.736545,0.003746,0.025682,0.068365,0.011382,0.037622,0.0001,,,,,gru
537204,420,0.042674,0.001821,1.736447,0.003746,0.021723,0.05991,0.01754,0.035101,0.0001,,,,,gru
537204,420,0.015255,0.000405,1.736363,0.003746,0.016192,0.089668,0.015911,0.051536,0.0001,,,,,gru
541844,424,0.007275,0.002364,1.736281,0.003734,0.01469,0.031843,0.004641,0.008417,0.0001,,,,,gru
541844,424,0.043018,0.002335,1.736205,0.003734,0.019502,0.123444,0.005018,0.067231,0.0001,,,,,gru
541844,424,0.091513,0.000747,1.736124,0.003734,0.015038,0.096481,0.000989,0.046898,0.0001,,,,,gru
541844,424,0.040201,0.00183,1.736043,0.003734,0.020099,0.061703,0.004283,0.030406,0.0001,,,,,gru
541844,424,0.007954,0.001994,1.735969,0.003734,0.014591,0.076197,0.006819,0.044092,0.0001,,,,,gru
541844,424,0.100087,0.00377,1.735891,0.003734,0.014843,0.079947,0.000714,0.039119,0.0001,,,,,gru
541844,424,0.020853,0.002184,1.735804,0.003734,0.015961,0.062467,0.003999,0.030176,0.0001,,,,,gru
541844,424,0.046627,0.001597,1.73571,0.003734,0.018192,0.150006,0.000846,0.078901,0.0001,,,,,gru
541844,424,0.030394,0.003707,1.73563,0.003734,0.014715,0.077395,0.002307,0.039742,0.0001,,,,,gru
541844,424,0.030945,0.002657,1.735545,0.003734,0.017534,0.124296,0.002404,0.067208,0.0001,,,,,gru
541844,424,0.016807,0.001983,1.735463,0.003734,0.017211,0.077402,0.005138,0.041761,0.0001,,,,,gru
541844,424,0.102447,0.000609,1.735375,0.003734,0.012713,0.068743,0.002339,0.041746,0.0001,,,,,gru
547473,428,-0.059547,0.00043,1.735294,0.003722,0.0121,0.147187,0.003327,0.082237,0.0001,,,,,gru
547473,428,0.035349,0.000893,1.735225,0.003722,0.013218,0.1065,0.006668,0.058926,0.0001,,,,,gru
547473,428,-0.031362,0.001115,1.735161,0.003722,0.012165,0.051071,0.005395,0.027186,0.0001,,,,,gru
547473,428,-0.022168,0.000818,1.735093,0.003722,0.01191,0.044271,0.005605,0.015803,0.0001,,,,,gru
547473,428,0.003164,0.000979,1.735037,0.003722,0.012197,0.153945,0.005314,0.086764,0.0001,,,,,gru
547473,428,-0.037068,0.000427,1.734981,0.003722,0.013056,0.10832,0.002756,0.061694,0.0001,,,,,gru
547473,428,0.025546,0.00105,1.734928,0.003722,0.013714,0.146531,0.003583,0.088647,0.0001,,,,,gru
547473,428,-0.052505,0.000541,1.734887,0.003722,0.011199,0.062917,0.00178,0.037001,0.0001,,,,,gru
547473,428,-0.024471,0.000678,1.734846,0.003722,0.014102,0.155383,0.002316,0.093383,0.0001,,,,,gru
547473,428,-0.04487,0.000975,1.734811,0.003722,0.013484,0.058164,0.002883,0.035088,0.0001,,,,,gru
547473,428,0.011263,0.000437,1.734776,0.003722,0.01469,0.175642,0.004062,0.099473,0.0001,,,,,gru
547473,428,-0.017405,0.000924,1.734742,0.003722,0.013122,0.267885,0.003081,0.150568,0.0001,,,,,gru
553113,432,-0.097331,0.000302,1.734715,0.00371,0.011939,0.089346,0.001866,0.054529,0.0001,,,,,gru
553113,432,-0.042936,0.001013,1.734685,0.00371,0.011051,0.091067,0.001312,0.053427,0.0001,,,,,gru
553113,432,0.172538,0.000679,1.734659,0.00371,0.0151,0.066129,0.003997,0.037485,0.0001,,,,,gru
553113,432,0.051309,0.000466,1.734641,0.00371,0.011535,0.045977,0.000642,0.02629,0.0001,,,,,gru
553113,432,0.036436,0.000465,1.734627,0.00371,0.012498,0.101188,0.000498,0.058416,0.0001,,,,,gru
553113,432,-0.127085,0.001198,1.734606,0.00371,0.013679,0.202437,0.002377,0.11493,0.0001,,,,,gru
553113,432,0.024582,0.000949,1.734595,0.00371,0.012116,0.079151,0.002242,0.048028,0.0001,,,,,gru
553113,432,-0.03048,0.000565,1.734581,0.00371,0.0116,0.201798,0.001353,0.120035,0.0001,,,,,gru
553113,432,4e-05,0.000452,1.734562,0.00371,0.011887,0.168203,0.004261,0.094161,0.0001,,,,,gru
553113,432,0.01669,0.000377,1.734546,0.00371,0.011549,0.138335,0.006496,0.068844,0.0001,,,,,gru
553113,432,-0.052045,0.000815,1.734506,0.00371,0.012465,0.049995,0.008933,0.03273,0.0001,,,,,gru
553113,432,0.039132,0.001093,1.734467,0.00371,0.014133,0.085031,0.010844,0.040726,0.0001,,,,,gru
558848,436,-0.009352,0.000746,1.734414,0.003698,0.0128,0.189841,0.0036,0.113023,0.0001,,,,,gru
558848,436,0.036361,0.000513,1.734378,0.003698,0.013142,0.086385,0.004972,0.038366,0.0001,,,,,gru
558848,436,-0.061918,0.000983,1.734375,0.003698,0.012135,0.082578,0.001553,0.045384,0.0001,,,,,gru
558848,436,-0.014737,0.000762,1.73436,0.003698,0.014321,0.132713,0.002128,0.076721,0.0001,,,,,gru
558848,436,0.031626,0.000928,1.734333,0.003698,0.014603,0.126752,0.004284,0.071651,0.0001,,,,,gru
558848,436,-0.046509,0.000528,1.734322,0.003698,0.010279,0.17204,0.00144,0.105401,0.0001,,,,,gru
558848,436,-0.040936,0.000841,1.734317,0.003698,0.015064,0.174069,0.001638,0.104843,0.0001,,,,,gru
558848,436,0.078661,0.000704,1.73432,0.003698,0.014931,0.270112,0.002543,0.154295,0.0001,,,,,gru
558848,436,-0.073629,0.000876,1.73433,0.003698,0.018765,0.232844,0.011498,0.147244,0.0001,,,,,gru
558848,436,-0.02544,0.000445,1.734333,0.003698,0.017312,0.090591,0.011347,0.050174,0.0001,,,,,gru
558848,436,-0.014186,0.001192,1.734346,0.003698,0.019817,0.16632,0.010506,0.097174,0.0001,,,,,gru
558848,436,0.024252,0.000964,1.734365,0.003698,0.018627,0.123168,0.0083,0.068843,0.0001,,,,,gru
564518,440,-0.000583,0.000821,1.734384,0.003686,0.012343,0.076249,0.000908,0.041035,0.0001,,,,,gru
564518,440,0.055628,0.000609,1.734414,0.003686,0.013079,0.028736,0.003967,0.015326,0.0001,,,,,gru
564518,440,-0.13926,0.000441,1.734443,0.003686,0.009144,0.106881,0.000544,0.06604,0.0001,,,,,gru
564518,440,-0.013149,0.000262,1.734468,0.003686,0.010114,0.061394,0.005937,0.034731,0.0001,,,,,gru
564518,440,-0.094708,0.000637,1.734482,0.003686,0.009008,0.128962,0.00522,0.079518,0.0001,,,,,gru
564518,440,0.071042,0.001164,1.734491,0.003686,0.014977,0.394673,0.010707,0.242774,0.0001,,,,,gru
564518,440,0.065373,0.000832,1.734509,0.003686,0.01272,0.130428,0.006496,0.08013,0.0001,,,,,gru
564518,440,-0.078048,0.000459,1.734519,0.003686,0.010033,0.065048,0.003781,0.035469,0.0001,,,,,gru
564518,440,-0.050264,0.000602,1.734531,0.003686,0.013056,0.081702,0.006436,0.046189,0.0001,,,,,gru
564518,440,0.043632,0.000858,1.734543,0.003686,0.016747,0.076413,0.006602,0.036897,0.0001,,,,,gru
564518,440,-0.071341,0.000356,1.734552,0.003686,0.015133,0.176682,0.012368,0.112393,0.0001,,,,,gru
564518,440,-0.03037,0.000818,1.734568,0.003686,0.014735,0.070393,0.011449,0.034766,0.0001,,,,,gru
570253,444,0.007316,0.000548,1.734573,0.003674,0.013843,0.146354,0.002253,0.080726,0.0001,,,,,gru
570253,444,-0.058368,0.000876,1.734567,0.003674,0.008973,0.136482,0.000603,0.082799,0.0001,,,,,gru
570253,444,0.003935,0.000574,1.73456,0.003674,0.011335,0.047268,0.005951,0.023511,0.0001,,,,,gru
570253,444,0.05997,0.00079,1.734537,0.003674,0.011731,0.058974,0.009998,0.035296,0.0001,,,,,gru
570253,444,-0.07184,0.000597,1.73451,0.003674,0.010668,0.11652,0.009353,0.065771,0.0001,,,,,gru
570253,444,-0.040506,0.000688,1.734477,0.003674,0.012651,0.127764,0.012221,0.080828,0.0001,,,,,gru
570253,444,-0.038385,0.00101,1.734447,0.003674,0.011955,0.184743,0.011175,0.118039,0.0001,,,,,gru
570253,444,0.007605,0.000489,1.734407,0.003674,0.010988,0.149474,0.00922,0.091275,0.0001,,,,,gru
570253,444,-0.017801,0.000514,1.734367,0.003674,0.010653,0.101332,0.003939,0.059848,0.0001,,,,,gru
570253,444,-0.085369,0.000229,1.734322,0.003674,0.010506,0.128969,0.003695,0.075839,0.0001,,,,,gru
570253,444,0.061182,0.000909,1.734261,0.003674,0.014258,0.164801,0.003097,0.101519,0.0001,,,,,gru
570253,444,-0.023187,0.00089,1.734199,0.003674,0.012883,0.084311,0.007436,0.04561,0.0001,,,,,gru
575922,448,-0.002944,0.001008,1.73413,0.003662,0.013057,0.141872,0.003704,0.085246,0.0001,,,,,gru
575922,448,-0.11844,0.000405,1.734067,0.003662,0.012209,0.068358,0.00651,0.041035,0.0001,,,,,gru
575922,448,0.091695,0.000649,1.734007,0.003662,0.015091,0.151134,0.000783,0.08423,0.0001,,,,,gru
575922,448,0.013421,0.000427,1.73394,0.003662,0.013333,0.066769,0.003316,0.0369,0.0001,,,,,gru
575922,448,-0.040403,0.001083,1.733881,0.003662,0.013867,0.11143,0.005068,0.065038,0.0001,,,,,gru
575922,448,-0.028397,0.000552,1.733823,0.003662,0.013306,0.089572,0.00388,0.04911,0.0001,,,,,gru
575922,448,-0.108082,0.000847,1.733754,0.003662,0.012066,0.088302,0.006625,0.05007,0.0001,,,,,gru
575922,448,-0.055436,0.00054,1.733683,0.003662,0.012968,0.220268,0.003955,0.135859,0.0001,,,,,gru
575922,448,0.145327,0.000752,1.733607,0.003662,0.015188,0.124918,0.005373,0.070461,0.0001,,,,,gru
575922,448,0.0038,0.000804,1.733521,0.003662,0.013083,0.204661,0.003471,0.116528,0.0001,,,,,gru
575922,448,0.049433,0.000669,1.733452,0.003662,0.01087,0.188385,0.006243,0.112574,0.0001,,,,,gru
575922,448,-0.12959,0.000648,1.733366,0.003662,0.011886,0.144864,0.004872,0.086413,0.0001,,,,,gru
581774,452,0.027265,0.001112,1.733271,0.00365,0.014273,0.114216,0.001498,0.064418,0.0001,,,,,gru
581774,452,0.020487,0.000619,1.733197,0.00365,0.014571,0.0406,0.002747,0.022498,0.0001,,,,,gru
581774,452,-0.100545,0.000751,1.733134,0.00365,0.012925,0.112401,0.006862,0.067775,0.0001,,,,,gru
581774,452,-0.026112,0.001211,1.733075,0.00365,0.014368,0.118924,0.004195,0.067031,0.0001,,,,,gru
581774,452,0.037293,0.0007,1.733008,0.00365,0.014039,0.065961,0.002947,0.040861,0.0001,,,,,gru
581774,452,-0.056584,0.000391,1.732954,0.00365,0.012322,0.107469,0.005309,0.056511,0.0001,,,,,gru
581774,452,-0.02057,0.000952,1.732922,0.00365,0.013408,0.038929,0.003679,0.023177,0.0001,,,,,gru
581774,452,-0.112607,0.00032,1.73289,0.00365,0.011642,0.106398,0.007019,0.062215,0.0001,,,,,gru
581774,452,0.113808,0.000929,1.73286,0.00365,0.012574,0.093862,0.002801,0.057403,0.0001,,,,,gru
581774,452,-0.0512,0.000781,1.73282,0.00365,0.011058,0.200399,0.002738,0.113934,0.0001,,,,,gru
581774,452,-0.002328,0.000659,1.732781,0.00365,0.012828,0.059052,0.000401,0.036148,0.0001,,,,,gru
581774,452,0.019865,0.00065,1.732739,0.00365,0.013207,0.100437,0.000846,0.058014,0.0001,,,,,gru
586413,456,0.031069,0.001966,1.732688,0.003638,0.017019,0.048017,0.005526,0.029349,0.0001,,,,,gru
586413,456,0.03579,0.003455,1.732647,0.003638,0.016666,0.077965,0.006987,0.046971,0.0001,,,,,gru
586413,456,0.075709,0.000403,1.732599,0.003638,0.011873,0.094692,0.002509,0.052787,0.0001,,,,,gru
586413,456,0.092638,0.000982,1.732552,0.003638,0.014576,0.037198,0.004,0.018083,0.0001,,,,,gru
586413,456,-0.016231,0.004427,1.732512,0.003638,0.022287,0.093748,0.005133,0.055583,0.0001,,,,,gru
586413,456,0.04622,0.000193,1.73246,0.003638,0.009568,0.039687,0.006304,0.024378,0.0001,,,,,gru
586413,456,0.078958,0.000698,1.732414,0.003638,0.015137,0.142664,0.008708,0.08956,0.0001,,,,,gru
586413,456,0.017087,0.003439,1.732369,0.003638,0.023181,0.152968,0.001228,0.093172,0.0001,,,,,gru
586413,456,-0.026229,0.004784,1.732321,0.003638,0.017668,0.129163,0.003703,0.069268,0.0001,,,,,gru
586413,456,-0.009067,0.004154,1.732266,0.003638,0.022998,0.038005,0.001252,0.021965,0.0001,,,,,gru
586413,456,0.063247,0.001218,1.732209,0.003638,0.017933,0.05762,0.010207,0.037186,0.0001,,,,,gru
586413,456,0.127226,0.000383,1.732152,0.003638,0.018342,0.038178,0.016273,0.032591,0.0001,,,,,gru
592339,460,-0.002964,0.000694,1.732103,0.003626,0.012138,0.077784,0.004979,0.043627,0.0001,,,,,gru
592339,460,0.01529,0.000606,1.732052,0.003626,0.011132,0.098346,0.00196,0.055533,0.0001,,,,,gru
592339,460,-0.001916,0.001211,1.732019,0.003626,0.012974,0.194275,0.001487,0.106105,0.0001,,,,,gru
592339,460,0.044589,0.000747,1.732013,0.003626,0.015168,0.117155,0.004999,0.068829,0.0001,,,,,gru
592339,460,0.011732,0.000708,1.731995,0.003626,0.014412,0.226125,0.009665,0.140065,0.0001,,,,,gru
592339,460,-0.049419,0.001195,1.731978,0.003626,0.016672,0.098348,0.013684,0.057984,0.0001,,,,,gru
592339,460,0.006572,0.000824,1.731978,0.003626,0.01772,0.202244,0.012992,0.12116,0.0001,,,,,gru
592339,460,-0.090405,0.00126,1.731979,0.003626,0.0171,0.071644,0.015074,0.048832,0.0001,,,,,gru
592339,460,0.104724,0.000586,1.731988,0.003626,0.014339,0.164623,0.007247,0.098579,0.0001,,,,,gru
592339,460,0.069277,0.000489,1.731978,0.003626,0.012894,0.095008,0.001861,0.053558,0.0001,,,,,gru
592339,460,0.071542,0.001011,1.731953,0.003626,0.011949,0.13837,0.002505,0.077777,0.0001,,,,,gru
592339,460,-0.138526,0.000969,1.731933,0.003626,0.010992,0.092034,0.005389,0.049788,0.0001,,,,,gru
598013,464,0.100216,0.000602,1.731923,0.003614,0.012667,0.143144,0.007267,0.087376,0.0001,,,,,gru
598013,464,-0.037765,0.000438,1.731915,0.003614,0.014821,0.127277,0.008214,0.081583,0.0001,,,,,gru
598013,464,-0.081549,0.00113,1.731908,0.003614,0.013756,0.09153,0.009286,0.053198,0.0001,,,,,gru
598013,464,0.016757,0.000546,1.731906,0.003614,0.014526,0.041729,0.01187,0.027366,0.0001,,,,,gru
598013,464,-0.119607,0.000704,1.7319,0.003614,0.013594,0.15541,0.008313,0.099336,0.0001,,,,,gru
598013,464,0.132638,0.000911,1.731903,0.003614,0.016854,0.235482,0.011181,0.147818,0.0001,,,,,gru
598013,464,0.064238,0.000665,1.731887,0.003614,0.012112,0.141042,0.006029,0.084176,0.0001,,,,,gru
598013,464,0.032498,0.000666,1.731869,0.003614,0.012573,0.25988,0.001164,0.151913,0.0001,,,,,gru
598013,464,-0.122073,0.000734,1.731839,0.003614,0.013401,0.198567,0.007617,0.113457,0.0001,,,,,gru
598013,464,0.108406,0.000355,1.731819,0.003614,0.012165,0.182322,0.007182,0.104301,0.0001,,,,,gru
598013,464,0.004484,0.000959,1.731779,0.003614,0.01568,0.156879,0.012877,0.099899,0.0001,,,,,gru
598013,464,-0.145878,0.001061,1.731749,0.003614,0.018578,0.204887,0.017506,0.129697,0.0001,,,,,gru
601435,468,-0.061672,0.007344,1.731745,0.003602,0.03543,0.160086,0.028782,0.102387,0.0001,,,,,gru
601435,468,0.153015,0.00194,1.731737,0.003602,0.016082,0.044841,0.001059,0.024217,0.0001,,,,,gru
601435,468,-0.047808,0.006014,1.73173,0.003602,0.031767,0.143581,0.01674,0.091045,0.0001,,,,,gru
601435,468,0.136564,0.003589,1.731726,0.003602,0.024727,0.050799,0.007227,0.026734,0.0001,,,,,gru
601435,468,0.014782,0.00597,1.731716,0.003602,0.033744,0.121472,0.001881,0.069912,0.0001,,,,,gru
601435,468,0.043758,0.003597,1.731706,0.003602,0.031329,0.092801,0.007165,0.055242,0.0001,,,,,gru
601435,468,0.104877,0.004883,1.731701,0.003602,0.032887,0.088746,0.015617,0.052513,0.0001,,,,,gru
601435,468,-0.084834,0.005185,1.731692,0.003602,0.040074,0.078676,0.003766,0.039315,0.0001,,,,,gru
607216,472,0.047833,0.000471,1.731703,0.00359,0.013859,0.101874,0.011304,0.063475,0.0001,,,,,gru
607216,472,-0.0619,0.000484,1.73172,0.00359,0.012372,0.077818,0.008104,0.042791,0.0001,,,,,gru
607216,472,0.014952,0.0011,1.731736,0.00359,0.013222,0.109561,0.008205,0.065406,0.0001,,,,,gru
607216,472,-0.017086,0.000735,1.731758,0.00359,0.012244,0.134925,0.004195,0.075364,0.0001,,,,,gru
607216,472,0.03538,0.000826,1.731794,0.00359,0.013516,0.172756,0.001339,0.105053,0.0001,,,,,gru
607216,472,-0.023106,0.000402,1.731827,0.00359,0.013323,0.089358,0.005598,0.045923,0.0001,,,,,gru
607216,472,-0.013446,0.000891,1.731834,0.00359,0.016036,0.077532,0.009215,0.048433,0.0001,,,,,gru
607216,472,0.014289,0.000791,1.731845,0.00359,0.014752,0.155623,0.008905,0.084037,0.0001,,,,,gru
607216,472,-0.001066,0.000528,1.731849,0.00359,0.015937,0.064172,0.00854,0.032735,0.0001,,,,,gru
607216,472,-0.105663,0.000704,1.73185,0.00359,0.016018,0.130246,0.011346,0.065321,0.0001,,,,,gru
607216,472,0.096007,0.000752,1.731844,0.00359,0.016142,0.105299,0.008223,0.059236,0.0001,,,,,gru
607216,472,0.012417,0.000942,1.731853,0.00359,0.017068,0.242661,0.009767,0.149043,0.0001,,,,,gru
612911,476,-0.000425,0.000578,1.731864,0.003578,0.013023,0.092734,0.006575,0.05362,0.0001,,,,,gru
612911,476,-0.002326,0.001143,1.731867,0.003578,0.015359,0.111638,0.009404,0.062406,0.0001,,,,,gru
612911,476,-0.007201,0.000699,1.731861,0.003578,0.016523,0.074764,0.009177,0.043526,0.0001,,,,,gru
612911,476,0.062521,0.000998,1.731841,0.003578,0.014671,0.085151,0.009227,0.04706,0.0001,,,,,gru
612911,476,-0.088781,0.000882,1.731808,0.003578,0.015102,0.088929,0.002809,0.040509,0.0001,,,,,gru
612911,476,0.026003,0.000457,1.731787,0.003578,0.012972,0.093415,0.002263,0.053179,0.0001,,,,,gru
612911,476,0.029522,0.000915,1.731763,0.003578,0.014634,0.218942,0.001924,0.122766,0.0001,,,,,gru
612911,476,0.030551,0.000823,1.73173,0.003578,0.014073,0.134172,0.002154,0.079488,0.0001,,,,,gru
612911,476,-0.080393,0.000605,1.731706,0.003578,0.014179,0.203357,0.004492,0.120853,0.0001,,,,,gru
612911,476,-0.100231,0.000891,1.731681,0.003578,0.013833,0.125969,0.002972,0.075329,0.0001,,,,,gru
612911,476,0.12302,0.000632,1.731672,0.003578,0.015195,0.215185,0.004961,0.122027,0.0001,,,,,gru
612911,476,-0.034727,0.000766,1.731627,0.003578,0.012257,0.053177,0.004931,0.029869,0.0001,,,,,gru
617673,480,0.008465,0.001662,1.731591,0.003566,0.016745,0.025246,0.002413,0.013318,0.0001,,,,,gru
617673,480,0.055038,0.003209,1.73156,0.003566,0.018585,0.062581,0.002534,0.039114,0.0001,,,,,gru
617673,480,0.070743,0.000823,1.731525,0.003566,0.012976,0.092373,0.007183,0.053854,0.0001,,,,,gru
617673,480,0.027305,0.003276,1.7315,0.003566,0.019653,0.077237,0.003887,0.046559,0.0001,,,,,gru
617673,480,0.090621,0.000503,1.731477,0.003566,0.014002,0.046415,0.010463,0.02774,0.0001,,,,,gru
617673,480,-0.092153,0.004161,1.731459,0.003566,0.026323,0.102977,0.006776,0.057872,0.0001,,,,,gru
617673,480,0.045057,0.003058,1.731436,0.003566,0.020727,0.071519,0.002962,0.041956,0.0001,,,,,gru
617673,480,0.038247,0.002035,1.731417,0.003566,0.015955,0.082333,0.00421,0.051294,0.0001,,,,,gru
617673,480,0.014429,0.000255,1.731399,0.003566,0.009199,0.058062,0.001906,0.034276,0.0001,,,,,gru
617673,480,0.05413,0.00234,1.731381,0.003566,0.015079,0.085161,0.002061,0.048388,0.0001,,,,,gru
617673,480,0.021736,0.00176,1.731363,0.003566,0.013114,0.075925,0.003281,0.049247,0.0001,,,,,gru
617673,480,0.037421,0.003365,1.731346,0.003566,0.021616,0.159615,0.012189,0.091032,0.0001,,,,,gru
622019,484,0.104269,0.001521,1.73135,0.003554,0.013151,0.03627,0.002292,0.019355,0.0001,,,,,gru
622019,484,-0.018194,0.002979,1.731359,0.003554,0.020149,0.103237,0.010554,0.061034,0.0001,,,,,gru
622019,484,0.041848,0.000567,1.731357,0.003554,0.015457,0.340217,0.003127,0.204279,0.0001,,,,,gru
622019,484,0.054351,0.001943,1.73138,0.003554,0.016015,0.086441,0.005132,0.051467,0.0001,,,,,gru
622019,484,0.041249,0.002652,1.731395,0.003554,0.017273,0.066718,0.006557,0.039546,0.0001,,,,,gru
622019,484,-0.026564,0.0007,1.731408,0.003554,0.016247,0.394216,0.008145,0.232737,0.0001,,,,,gru
622019,484,0.106918,0.001765,1.731451,0.003554,0.014693,0.089721,0.001449,0.050423,0.0001,,,,,gru
622019,484,0.058132,0.000898,1.731502,0.003554,0.013732,0.208794,0.00153,0.126523,0.0001,,,,,gru
622019,484,-0.532871,0.01456,1.731544,0.003554,0.058141,0.441534,0.063014,0.270985,0.0001,,,,,gru
622019,484,0.052369,0.003494,1.731567,0.003554,0.025082,0.143227,0.010101,0.082953,0.0001,,,,,gru
622019,484,0.039519,0.001312,1.731596,0.003554,0.028139,0.093907,0.023237,0.057589,0.0001,,,,,gru
622019,484,0.002132,0.000681,1.731624,0.003554,0.030488,0.121384,0.029028,0.076171,0.0001,,,,,gru
627880,488,-0.065045,0.000374,1.731654,0.003542,0.015859,0.108647,0.011875,0.059125,0.0001,,,,,gru
627880,488,0.040912,0.001212,1.731665,0.003542,0.017746,0.10811,0.014811,0.066889,0.0001,,,,,gru
627880,488,0.038544,0.001042,1.731671,0.003542,0.017358,0.211357,0.012176,0.128028,0.0001,,,,,gru
627880,488,-0.009882,0.000634,1.731652,0.003542,0.015391,0.144109,0.005394,0.083552,0.0001,,,,,gru
627880,488,0.016519,0.000987,1.731615,0.003542,0.013859,0.210403,0.001488,0.129047,0.0001,,,,,gru
627880,488,0.003591,0.001126,1.731564,0.003542,0.015061,0.180385,0.009303,0.099362,0.0001,,,,,gru
627880,488,0.007292,0.000948,1.731501,0.003542,0.018259,0.187265,0.016936,0.10684,0.0001,,,,,gru
627880,488,0.018814,0.001519,1.731436,0.003542,0.025098,0.155411,0.025337,0.085563,0.0001,,,,,gru
627880,488,-0.016388,0.001743,1.731366,0.003542,0.027747,0.368399,0.030175,0.230943,0.0001,,,,,gru
627880,488,-0.028072,0.001302,1.731285,0.003542,0.024127,0.208152,0.024184,0.130471,0.0001,,,,,gru
627880,488,0.049858,0.001156,1.7312,0.003542,0.019488,0.151981,0.015744,0.094039,0.0001,,,,,gru
627880,488,-0.009294,0.001273,1.731109,0.003542,0.016433,0.046192,0.002873,0.028634,0.0001,,,,,gru
633573,492,-0.099043,0.001223,1.731021,0.00353,0.022391,0.11633,0.010819,0.074149,0.0001,,,,,gru
633573,492,0.045645,0.001195,1.730951,0.00353,0.025865,0.06907,0.025374,0.042491,0.0001,,,,,gru
633573,492,0.053025,0.001554,1.730891,0.00353,0.030068,0.10127,0.032495,0.064386,0.0001,,,,,gru
633573,492,0.035824,0.001732,1.730817,0.00353,0.031627,0.25383,0.034118,0.1625,0.0001,,,,,gru
633573,492,-0.022257,0.000915,1.730759,0.00353,0.028003,0.194179,0.030573,0.12753,0.0001,,,,,gru
633573,492,-0.030082,0.001428,1.730713,0.00353,0.02429,0.107217,0.020635,0.071987,0.0001,,,,,gru
633573,492,-0.038064,0.000759,1.730674,0.00353,0.015791,0.140801,0.009802,0.087737,0.0001,,,,,gru
633573,492,-0.004226,0.000859,1.730639,0.00353,0.014941,0.098378,0.001492,0.053262,0.0001,,,,,gru
633573,492,0.042587,0.001667,1.730613,0.00353,0.016071,0.144081,0.007814,0.080011,0.0001,,,,,gru
633573,492,-0.040935,0.000819,1.730566,0.00353,0.02054,0.121675,0.01818,0.076389,0.0001,,,,,gru
633573,492,0.070672,0.001999,1.730523,0.00353,0.021951,0.118071,0.019061,0.066677,0.0001,,,,,gru
633573,492,-0.045407,0.001088,1.730458,0.00353,0.025434,0.054081,0.024752,0.042818,0.0001,,,,,gru
637272,496,-0.059345,0.006175,1.730401,0.003518,0.031814,0.083989,0.021443,0.063583,0.0001,,,,,gru
637272,496,0.136149,0.003427,1.730348,0.003518,0.019359,0.037506,0.001129,0.021914,0.0001,,,,,gru
637272,496,0.096432,0.003964,1.730295,0.003518,0.022957,0.071751,0.003458,0.040464,0.0001,,,,,gru
637272,496,-0.04849,0.005822,1.730254,0.003518,0.036462,0.081943,0.006718,0.04746,0.0001,,,,,gru
637272,496,0.054959,0.003407,1.730204,0.003518,0.031629,0.042899,0.011698,0.026413,0.0001,,,,,gru
637272,496,0.000448,0.006778,1.73016,0.003518,0.039876,0.109017,0.011484,0.062641,0.0001,,,,,gru
637272,496,0.000369,0.005128,1.730131,0.003518,0.040525,0.056074,0.013912,0.037035,0.0001,,,,,gru
637272,496,0.066871,0.004775,1.730102,0.003518,0.034337,0.054951,0.017971,0.03462,0.0001,,,,,gru
641011,500,0.006803,0.004851,1.730092,0.003506,0.032156,0.167443,0.0105,0.094972,0.0001,,,,,gru
641011,500,0.049918,0.005497,1.730071,0.003506,0.029896,0.21188,0.011817,0.124688,0.0001,,,,,gru
641011,500,-0.027375,0.005714,1.73007,0.003506,0.033092,0.247814,0.020259,0.143598,0.0001,,,,,gru
641011,500,0.092225,0.004691,1.730073,0.003506,0.02753,0.048344,0.010312,0.030924,0.0001,,,,,gru
641011,500,0.05115,0.005417,1.73007,0.003506,0.028212,0.180261,0.013652,0.114755,0.0001,,,,,gru
641011,500,0.000141,0.005081,1.730065,0.003506,0.032799,0.194332,0.019862,0.120289,0.0001,,,,,gru
641011,500,0.043597,0.00533,1.73007,0.003506,0.029815,0.123201,0.011902,0.076367,0.0001,,,,,gru
641011,500,0.008606,0.004916,1.730085,0.003506,0.032403,0.144036,0.006769,0.084735,0.0001,,,,,gru
