episode,global_step,reward,avg10,length,success,goal_touched,collision,timeout,min_dist,avg_speed_ms,end_reason,elapsed_s,act0_mean,act0_std,act0_min,act0_max,act1_mean,act1_std,act1_min,act1_max,obs_mean,obs_std,obs_min,obs_max,actor_loss,critic_loss,policy_entropy,entropy_coef,value_residual,grad_norm_actor,grad_norm_critic,grad_norm_rnn,lr_actor,lr_critic,alpha,alpha_loss,target_update_magnitude,replay_buffer_size,recurrent_cell
1,376,76.2959,76.2959,376,0,0,1,0,3.0024,1.994,collision,3.9,-0.124488,0.465856,-0.891994,0.851088,4.886939,1.149311,0.624844,5.990804,0.40647,0.398875,-0.438886,1.0,,,,,,,,,,,,,,0,lstm
2,403,-42.9079,16.694,27,0,0,1,0,3.8442,1.386,collision,4.3,-0.796488,0.162448,-0.895259,-0.059089,5.271194,0.672515,3.650786,5.962416,0.26615,0.37225,-0.387074,1.0,,,,,,,,,,,,,,0,lstm
3,784,78.1072,37.1651,381,0,0,1,0,3.0363,1.984,collision,7.9,-0.132337,0.469303,-0.891273,0.804771,4.877966,1.158646,0.490134,5.993625,0.409615,0.39896,-0.442986,1.0,,,,,,,,,,,,,,0,lstm
4,1159,74.7163,46.5529,375,0,0,1,0,3.0142,1.953,collision,12.5,-0.170186,0.491693,-0.895913,0.848204,4.962882,1.019296,0.415391,5.987931,0.396818,0.395224,-0.514318,1.0,-0.022464,0.027397,1.851924,0.006742,0.099057,0.244078,0.031771,0.238918,3.7e-05,,,,,0,lstm
5,1533,74.6855,52.1794,374,0,0,1,0,3.0419,1.988,collision,16.2,-0.112284,0.479203,-0.894866,0.857852,4.940635,1.036849,0.41259,5.975873,0.398873,0.396611,-0.330562,1.0,,,,,,,,,,,,,,0,lstm
6,1917,80.8867,56.964,384,0,0,1,0,3.041,2.059,collision,20.0,-0.042291,0.432534,-0.854169,0.833482,4.748373,1.187923,0.48229,5.988647,0.415749,0.398203,-0.220394,1.008419,,,,,,,,,,,,,,0,lstm
7,2581,175.9563,73.9629,664,0,0,1,0,2.2223,2.099,collision,26.5,-0.016964,0.421466,-0.890195,0.851279,4.892982,1.094554,0.460834,5.988537,0.419885,0.407865,-0.579977,1.0,,,,,,,,,,,,,,0,lstm
8,2960,77.8598,74.45,379,0,0,1,0,3.0303,2.082,collision,30.7,-0.020732,0.422062,-0.880807,0.839893,4.847102,1.119473,0.469047,5.984188,0.415082,0.400969,-0.307454,1.003446,-0.016205,0.018905,1.851615,0.006726,0.078269,0.100395,0.01416,0.091582,4.9e-05,,,,,0,lstm
9,3341,79.754,75.0393,381,0,0,1,0,3.0491,2.031,collision,34.4,-0.069113,0.437611,-0.862195,0.770314,4.873316,1.135975,0.331215,5.979719,0.412814,0.397868,-0.213378,1.003405,,,,,,,,,,,,,,0,lstm
10,3716,77.6508,75.3005,375,0,0,1,0,2.9932,2.062,collision,38.0,-0.040625,0.445589,-0.891466,0.781787,4.858578,1.084254,0.511999,5.988724,0.410935,0.399552,-0.297137,1.0,,,,,,,,,,,,,,0,lstm
11,4094,78.031,75.474,378,0,0,1,0,3.0369,2.097,collision,41.8,-0.046375,0.40702,-0.859877,0.806509,4.830524,1.153764,0.492286,5.987702,0.407839,0.395675,-0.265517,1.005789,,,,,,,,,,,,,,0,lstm
12,4476,79.0477,87.6696,382,0,0,1,0,2.9876,2.055,collision,46.0,-0.052237,0.444927,-0.891411,0.825521,4.815879,1.132813,0.791238,5.991015,0.417234,0.401864,-0.250894,1.0,-0.016217,0.020315,1.85137,0.00671,0.085528,0.107423,0.015736,0.063196,6.1e-05,,,,,0,lstm
13,4846,74.8868,87.3475,370,0,0,1,0,3.0023,2.039,collision,49.7,-0.017532,0.455836,-0.888788,0.848154,4.776632,1.105899,0.811167,5.977315,0.404439,0.396729,-0.299097,1.0,,,,,,,,,,,,,,0,lstm
14,5218,75.368,87.4127,372,0,0,1,0,2.9941,2.02,collision,53.3,-0.107264,0.460482,-0.895838,0.818821,4.88046,1.148423,0.803321,5.98692,0.405467,0.399794,-0.290481,1.0,,,,,,,,,,,,,,0,lstm
15,5595,76.9835,87.6425,377,0,0,1,0,3.0329,1.995,collision,56.9,-0.112893,0.462886,-0.892776,0.833048,4.82061,1.18848,0.202368,5.98735,0.403658,0.395792,-0.385523,1.0,,,,,,,,,,,,,,0,lstm
16,5971,73.9493,86.9487,376,0,0,1,0,3.0007,2.072,collision,61.0,0.052291,0.429735,-0.88795,0.858385,4.790639,1.10783,0.783472,5.975472,0.417372,0.402347,-0.602357,1.0,-0.023207,0.022986,1.851374,0.006693,0.092666,0.123488,0.010137,0.094189,7.3e-05,,,,,0,lstm
17,6357,77.8894,77.142,386,0,0,1,0,3.0311,2.016,collision,64.8,-0.137621,0.460019,-0.894486,0.818695,4.893198,1.019648,0.961641,5.978415,0.409876,0.400239,-0.475551,1.0,,,,,,,,,,,,,,0,lstm
18,6736,75.6525,76.9213,379,0,0,1,0,2.9819,2.102,collision,68.6,0.043825,0.408925,-0.871694,0.846387,4.77887,1.176638,0.461776,5.977338,0.423612,0.405283,-0.617241,1.0,,,,,,,,,,,,,,0,lstm
19,7119,80.0114,76.9471,383,0,0,1,0,3.0121,2.017,collision,72.4,-0.080474,0.445354,-0.860388,0.83857,4.790109,1.178618,0.524465,5.971699,0.413767,0.398863,-0.222289,1.0,,,,,,,,,,,,,,0,lstm
20,7491,75.2456,76.7065,372,0,0,1,0,2.9863,1.985,collision,76.7,-0.080437,0.477138,-0.89576,0.857284,4.818337,1.188955,0.510146,5.9925,0.405309,0.399397,-0.268824,1.0,-0.03028,0.021656,1.851341,0.006677,0.0952,0.100919,0.012967,0.059831,8.5e-05,,,,,0,lstm
21,7884,78.944,76.7978,393,0,0,1,0,2.9474,2.092,collision,80.4,0.026877,0.416546,-0.850544,0.877997,4.755754,1.164674,0.488174,5.984629,0.420574,0.401916,-0.565274,1.0,,,,,,,,,,,,,,0,lstm
22,8258,75.6636,76.4594,374,0,0,1,0,2.9988,2.044,collision,84.1,-0.041206,0.438436,-0.879662,0.825251,4.878333,1.124589,0.901797,5.984175,0.417044,0.401397,-0.339313,1.0,,,,,,,,,,,,,,0,lstm
23,8647,77.4819,76.7189,389,0,0,1,0,2.9916,2.114,collision,87.8,0.04357,0.406664,-0.857953,0.844536,4.803687,1.133084,0.615885,5.975382,0.425549,0.404682,-0.605624,1.002149,,,,,,,,,,,,,,0,lstm
24,9228,76.3884,76.821,581,0,0,1,0,2.943,1.979,collision,94.0,-0.101209,0.463767,-0.894806,0.876746,4.515744,1.284802,0.359169,5.985435,0.422463,0.435067,-0.938558,1.0,0.00725,0.018951,1.851384,0.006661,0.085777,0.157969,0.010755,0.099583,9.7e-05,,,,,0,lstm
25,9601,75.8122,76.7038,373,0,0,1,0,3.0017,2.056,collision,97.6,-0.038165,0.433493,-0.892633,0.805484,4.74083,1.170227,1.026045,5.962237,0.407885,0.397702,-0.244877,1.0,,,,,,,,,,,,,,0,lstm
26,10191,75.7857,76.8875,590,0,0,1,0,2.9029,1.983,collision,103.2,-0.132945,0.453936,-0.878491,0.87039,4.481839,1.297357,0.085095,5.988775,0.425526,0.436365,-0.938463,1.0,,,,,,,,,,,,,,0,lstm
27,10576,80.5159,77.1501,385,0,0,1,0,3.0239,2.074,collision,106.9,-0.028022,0.414454,-0.836901,0.834585,4.700096,1.23839,0.433562,5.982325,0.419887,0.400957,-0.241899,1.005741,,,,,,,,,,,,,,0,lstm
28,10951,78.5212,77.437,375,0,0,1,0,2.9607,2.098,collision,110.9,-0.027462,0.412875,-0.877358,0.865298,4.82479,1.143359,0.272377,5.981662,0.412818,0.398857,-0.221439,1.0,-0.009594,0.017287,1.851482,0.006645,0.089674,0.056303,0.018231,0.032057,0.0001,,,,,0,lstm
29,11336,73.8303,76.8189,385,0,0,1,0,2.9605,2.057,collision,114.7,0.060688,0.432908,-0.876975,0.842398,4.697229,1.176809,0.560047,5.961618,0.413879,0.400161,-0.639501,1.0,,,,,,,,,,,,,,0,lstm
30,11713,75.8636,76.8807,377,0,0,1,0,2.994,2.035,collision,118.5,-0.10025,0.445958,-0.888736,0.801342,4.734752,1.195341,0.76476,5.993929,0.408189,0.399691,-0.327826,1.0,,,,,,,,,,,,,,0,lstm
31,12089,73.9909,76.3854,376,0,0,1,0,2.9923,1.989,collision,122.3,-0.136682,0.470204,-0.896379,0.766127,4.706879,1.200867,0.854316,5.981799,0.397392,0.398539,-0.47922,1.0,,,,,,,,,,,,,,0,lstm
32,12470,78.6202,76.681,381,0,0,1,0,2.9975,2.048,collision,126.7,-0.018447,0.435759,-0.883291,0.829088,4.607944,1.205461,0.75939,5.980717,0.419486,0.402635,-0.305452,1.0,-0.01436,0.018629,1.85154,0.006629,0.094035,0.316501,0.017128,0.195681,0.0001,,,,,0,lstm
33,12843,76.0244,76.5353,373,0,0,1,0,3.0297,2.038,collision,130.4,-0.066195,0.432182,-0.877627,0.806203,4.655754,1.250977,0.37695,5.988548,0.411422,0.399546,-0.298182,1.0,,,,,,,,,,,,,,0,lstm
34,13243,75.7471,76.4712,400,0,0,1,0,2.9905,2.055,collision,134.5,0.073082,0.408555,-0.822147,0.873982,4.685246,1.290169,0.247565,5.991059,0.414267,0.399882,-0.712516,1.0,,,,,,,,,,,,,,0,lstm
35,13629,77.4828,76.6382,386,0,0,1,0,2.9636,2.061,collision,138.4,0.020667,0.422427,-0.823874,0.85271,4.704638,1.12326,0.749531,5.977506,0.423409,0.403891,-0.35398,1.0,,,,,,,,,,,,,,0,lstm
36,14008,78.6141,76.9211,379,0,0,1,0,2.9713,2.042,collision,142.7,-0.088406,0.443008,-0.878633,0.755761,4.737823,1.140297,0.780541,5.967528,0.415888,0.40142,-0.258444,1.0,-0.013229,0.01766,1.851396,0.006612,0.084556,0.128164,0.0062,0.041605,0.0001,,,,,0,lstm
37,14193,-29.6155,65.9079,185,0,0,1,0,3.8189,1.852,collision,144.5,0.074545,0.518916,-0.868159,0.833719,3.958146,1.45647,0.403062,5.95757,0.351014,0.429224,-0.923163,1.009365,,,,,,,,,,,,,,0,lstm
38,14567,75.7713,65.6329,374,0,0,1,0,2.999,2.003,collision,148.2,-0.063482,0.464346,-0.87775,0.855164,4.679058,1.229218,0.555134,5.975843,0.405075,0.397138,-0.354052,1.0,,,,,,,,,,,,,,0,lstm
39,14948,72.9622,65.5461,381,0,0,1,0,2.957,2.028,collision,152.1,0.074458,0.453472,-0.882459,0.86449,4.706766,1.220876,0.32861,5.983351,0.415421,0.401043,-0.648428,1.0,,,,,,,,,,,,,,0,lstm
40,15337,80.0649,65.9662,389,0,0,1,0,2.9627,2.089,collision,156.5,0.016658,0.401092,-0.835421,0.752946,4.590275,1.278037,0.504633,5.989147,0.426945,0.404814,-0.409064,1.0,-0.00056,0.020028,1.851295,0.006596,0.084672,0.107794,0.018415,0.059183,0.0001,,,,,0,lstm
41,15718,73.1788,65.885,381,0,0,1,0,3.0068,1.936,collision,160.3,-0.187869,0.486124,-0.891323,0.756332,4.766309,1.217337,0.495911,5.96976,0.39126,0.394945,-0.672348,1.0,,,,,,,,,,,,,,0,lstm
42,16300,87.8947,66.8125,582,0,0,1,0,2.9631,1.981,collision,166.0,-0.067948,0.45129,-0.881466,0.796932,4.445857,1.340471,0.208476,5.980557,0.421213,0.430078,-0.88182,1.011966,,,,,,,,,,,,,,0,lstm
43,16678,77.4847,66.9585,378,0,0,1,0,2.9675,2.068,collision,169.7,-0.009935,0.435388,-0.868886,0.840962,4.705955,1.219216,0.713169,5.985849,0.415496,0.400388,-0.284013,1.0,,,,,,,,,,,,,,0,lstm
44,17067,73.7255,66.7564,389,0,0,1,0,3.0088,2.068,collision,174.0,0.044251,0.423561,-0.832377,0.847537,4.685227,1.217678,0.568317,5.973739,0.423977,0.40555,-0.66084,1.0,-0.008882,0.016635,1.851308,0.00658,0.073439,0.115667,0.008666,0.074677,0.0001,,,,,0,lstm
45,17933,189.2291,77.931,866,0,0,1,0,2.0623,2.01,collision,182.7,-0.030149,0.450925,-0.872394,0.838841,4.600757,1.305935,0.18355,5.994596,0.431031,0.421775,-0.908329,1.0,,,,,,,,,,,,,,0,lstm
46,18306,75.5877,77.6283,373,0,0,1,0,3.0139,2.023,collision,186.3,-0.08655,0.456068,-0.887517,0.820283,4.811228,1.122541,0.832208,5.993164,0.402365,0.396532,-0.284278,1.0,,,,,,,,,,,,,,0,lstm
47,18688,73.0944,87.8993,382,0,0,1,0,2.9754,2.049,collision,190.2,0.075727,0.435603,-0.848272,0.855743,4.630626,1.211364,0.502801,5.991774,0.41657,0.402403,-0.632086,1.0,,,,,,,,,,,,,,0,lstm
48,19065,75.0672,87.8289,377,0,0,1,0,3.0288,1.949,collision,194.4,-0.141943,0.486766,-0.89218,0.802666,4.827929,1.146008,0.33913,5.984097,0.399891,0.396981,-0.490358,1.0,-0.006404,0.01401,1.85147,0.006564,0.069317,0.13185,0.006109,0.079271,0.0001,,,,,0,lstm
49,19449,73.898,87.9225,384,0,0,1,0,3.0369,2.024,collision,198.2,0.057301,0.449106,-0.83989,0.849255,4.693289,1.239316,0.145211,5.994346,0.4237,0.406319,-0.721166,1.0,,,,,,,,,,,,,,0,lstm
50,19831,77.3638,87.6524,382,0,0,1,0,3.0463,2.078,collision,202.0,0.001065,0.416734,-0.843539,0.829756,4.782533,1.138506,0.463558,5.967373,0.418137,0.400682,-0.365512,1.007807,,,,,,,,,,,,,,0,lstm
51,20198,72.2841,87.5629,367,0,0,1,0,3.0006,2.012,collision,205.6,0.019481,0.473422,-0.885671,0.852162,4.822588,1.126176,0.635549,5.98413,0.40118,0.395413,-0.494726,1.0,,,,,,,,,,,,,,0,lstm
52,20573,77.8089,86.5543,375,0,0,1,0,2.9582,2.046,collision,209.7,-0.055239,0.438861,-0.887591,0.821665,4.786963,1.216748,0.141623,5.987984,0.412929,0.400585,-0.254612,1.0,-0.007302,0.016293,1.851599,0.006548,0.085681,0.12761,0.014289,0.111698,0.0001,,,,,0,lstm
53,20951,75.206,86.3265,378,0,0,1,0,3.0224,2.041,collision,213.5,0.017867,0.451962,-0.857317,0.869802,4.755811,1.17824,0.751328,5.993527,0.419676,0.401893,-0.519288,1.0,,,,,,,,,,,,,,0,lstm
54,21335,76.0216,86.5561,384,0,0,1,0,3.0389,2.02,collision,217.2,0.016075,0.452569,-0.824029,0.860317,4.727069,1.163883,0.48563,5.957295,0.426104,0.406215,-0.642936,1.0,,,,,,,,,,,,,,0,lstm
55,21715,77.6522,75.3984,380,0,0,1,0,2.9324,2.055,collision,220.9,0.024568,0.435433,-0.869797,0.850051,4.716166,1.217253,0.650783,5.974821,0.41217,0.400217,-0.497841,1.0,,,,,,,,,,,,,,0,lstm
56,22093,78.007,75.6403,378,0,0,1,0,3.0403,2.09,collision,225.0,-0.063981,0.404603,-0.868595,0.869107,4.838386,1.150718,0.331642,5.991335,0.409054,0.396916,-0.255331,1.006702,-0.000723,0.016076,1.851781,0.006531,0.082916,0.060154,0.012334,0.050062,0.0001,,,,,0,lstm
57,22473,79.2519,76.2561,380,0,0,1,0,2.9401,2.03,collision,228.9,0.008239,0.436402,-0.883772,0.851659,4.540525,1.319591,0.264444,5.985649,0.41403,0.399828,-0.244146,1.0,,,,,,,,,,,,,,0,lstm
58,22846,71.2002,75.8694,373,0,0,1,0,3.0339,1.933,collision,232.7,-0.155694,0.496927,-0.894837,0.847329,4.949379,1.084479,0.471231,5.988801,0.38282,0.392279,-0.432569,1.0,,,,,,,,,,,,,,0,lstm
59,23229,77.6437,76.2439,383,0,0,1,0,3.0563,1.979,collision,236.5,-0.119718,0.460246,-0.882135,0.823872,4.624999,1.277641,0.418334,5.978138,0.408857,0.398692,-0.312394,1.0,,,,,,,,,,,,,,0,lstm
60,24428,311.9793,99.7055,1199,0,0,1,0,1.3193,2.044,collision,249.1,-0.04684,0.434465,-0.884756,0.862696,4.607575,1.255173,0.194495,5.990074,0.416093,0.410527,-0.881527,1.007952,-0.013447,0.011786,1.851957,0.006515,0.072098,0.129412,0.014539,0.09492,0.0001,,,,,0,lstm
61,24810,80.256,100.5027,382,0,0,1,0,2.9544,2.093,collision,252.8,-0.011045,0.421216,-0.846513,0.829565,4.887765,1.031104,0.57505,5.99492,0.418983,0.400929,-0.277881,1.0,,,,,,,,,,,,,,0,lstm
62,25192,75.2109,100.2429,382,0,0,1,0,2.9778,2.062,collision,256.5,0.060458,0.430066,-0.878927,0.853911,4.80369,1.096325,0.34014,5.973555,0.421722,0.403216,-0.649865,1.0,,,,,,,,,,,,,,0,lstm
63,25571,78.654,100.5877,379,0,0,1,0,2.975,2.015,collision,260.2,-0.083751,0.451815,-0.891681,0.803555,4.713144,1.144365,0.974351,5.972522,0.412267,0.399719,-0.260962,1.0,,,,,,,,,,,,,,0,lstm
64,25944,74.8495,100.4705,373,0,0,1,0,2.9906,1.979,collision,264.5,-0.070558,0.481084,-0.889216,0.83219,4.566422,1.281286,0.235178,5.973994,0.405932,0.398921,-0.324631,1.0,-0.012481,0.017133,1.851947,0.006499,0.082399,0.060712,0.009587,0.048325,0.0001,,,,,0,lstm
65,26321,75.2752,100.2328,377,0,0,1,0,2.9734,2.05,collision,268.2,0.044604,0.439623,-0.880887,0.855953,4.680698,1.155327,0.39245,5.986395,0.420112,0.403226,-0.581027,1.0,,,,,,,,,,,,,,0,lstm
66,26696,73.4191,99.774,375,0,0,1,0,3.0129,1.953,collision,272.0,-0.145697,0.483609,-0.892669,0.838672,4.751332,1.212042,0.539945,5.981419,0.400982,0.400828,-0.419413,1.0,,,,,,,,,,,,,,0,lstm
67,27078,79.9759,99.8464,382,0,0,1,0,3.0188,2.118,collision,275.8,-0.056246,0.407989,-0.854952,0.822086,4.834652,1.080443,1.142584,5.995256,0.41978,0.402227,-0.255497,1.008287,,,,,,,,,,,,,,0,lstm
68,27213,-31.4592,89.5805,135,0,0,1,0,3.8077,1.939,collision,277.7,0.244522,0.370584,-0.834588,0.811867,3.787932,1.483425,0.104992,5.95231,0.305924,0.408183,-0.879064,1.0,-0.005809,0.01981,1.851851,0.006483,0.088851,0.102529,0.013787,0.076812,0.0001,,,,,0,lstm
69,27589,76.9933,89.5154,376,0,0,1,0,3.0066,2.064,collision,281.3,-0.046942,0.422541,-0.854104,0.789766,4.714527,1.20646,0.190207,5.986825,0.413216,0.399819,-0.291052,1.0,,,,,,,,,,,,,,0,lstm
70,27976,75.3785,65.8553,387,0,0,1,0,3.0203,2.099,collision,285.1,0.066705,0.416983,-0.810684,0.881551,4.830438,1.007428,1.131919,5.993271,0.428775,0.408066,-0.665734,1.004286,,,,,,,,,,,,,,0,lstm
71,28184,-34.4971,54.38,208,0,0,1,0,3.7673,1.864,collision,287.2,0.038265,0.485905,-0.866218,0.813222,3.969676,1.557263,0.376123,5.975575,0.337238,0.433047,-0.966301,1.0,,,,,,,,,,,,,,0,lstm
72,28573,75.2047,54.3794,389,0,0,1,0,2.9752,2.072,collision,291.6,0.076676,0.41217,-0.829613,0.845074,4.753375,1.216588,0.210947,5.977387,0.421631,0.402823,-0.681712,1.0,-0.00915,0.019387,1.851818,0.006467,0.087328,0.123953,0.025076,0.09438,0.0001,,,,,0,lstm
73,29244,179.3764,64.4516,671,0,0,1,0,2.2185,2.103,collision,298.5,-0.020659,0.409669,-0.888023,0.824577,4.748202,1.164297,0.280582,5.990306,0.421733,0.408683,-0.490921,1.0,,,,,,,,,,,,,,0,lstm
74,29634,74.73,64.4397,390,0,0,1,0,2.9201,2.064,collision,302.4,0.053298,0.432274,-0.879537,0.838816,4.783848,1.10601,0.816786,5.995977,0.411501,0.400607,-0.67777,1.0,,,,,,,,,,,,,,0,lstm
75,30014,78.173,64.7295,380,0,0,1,0,2.9228,2.058,collision,306.3,-0.006096,0.446522,-0.88948,0.864085,4.723676,1.173383,0.753524,5.993386,0.408491,0.397528,-0.285031,1.0,,,,,,,,,,,,,,0,lstm
76,30402,77.6505,65.1526,388,0,0,1,0,3.0348,2.054,collision,310.8,0.027593,0.438379,-0.808262,0.846376,4.744079,1.110153,1.15404,5.983109,0.430302,0.407641,-0.556916,1.00443,0.003269,0.014871,1.852013,0.00645,0.081471,0.095337,0.011213,0.072676,0.0001,,,,,0,lstm
77,31274,185.3893,75.6939,872,0,0,1,0,2.1286,2.002,collision,319.5,-0.053276,0.457585,-0.890177,0.869302,4.565563,1.318926,0.363681,5.991388,0.429487,0.423258,-0.952112,1.0,,,,,,,,,,,,,,0,lstm
78,31656,76.1809,86.4579,382,0,0,1,0,3.0678,2.015,collision,323.4,-0.148387,0.441642,-0.890355,0.860412,4.831206,1.153261,0.850557,5.990046,0.401862,0.398082,-0.413622,1.001885,,,,,,,,,,,,,,0,lstm
79,32036,76.1529,86.3739,380,0,0,1,0,3.0116,2.066,collision,327.2,0.033169,0.425772,-0.843455,0.868635,4.670667,1.210929,0.382261,5.990667,0.423011,0.403615,-0.50637,1.0,,,,,,,,,,,,,,0,lstm
80,32416,77.862,86.6223,380,0,0,1,0,2.9877,2.096,collision,331.6,-0.01234,0.411021,-0.873176,0.807265,4.809964,1.167762,0.529025,5.980858,0.419452,0.401614,-0.312071,1.0,0.003261,0.013324,1.852253,0.006434,0.079561,0.072036,0.016219,0.05016,0.0001,,,,,0,lstm
81,32557,-25.545,87.5175,141,0,0,1,0,3.8173,1.887,collision,333.1,0.243624,0.389926,-0.722098,0.856966,3.897598,1.544718,0.182528,5.853648,0.31076,0.401807,-0.836689,1.006377,,,,,,,,,,,,,,0,lstm
82,32925,73.6248,87.3595,368,0,0,1,0,2.9995,1.967,collision,336.7,-0.100385,0.478879,-0.894349,0.868972,4.728158,1.223356,0.395011,5.974041,0.3964,0.396958,-0.305972,1.0,,,,,,,,,,,,,,0,lstm
83,33069,-44.3482,64.987,144,0,0,1,0,3.7946,1.829,collision,338.2,0.118557,0.45402,-0.81708,0.830375,3.569417,1.588012,0.168399,5.951256,0.322089,0.434887,-0.958413,1.0,,,,,,,,,,,,,,0,lstm
84,33446,73.8059,64.8946,377,0,0,1,0,3.0031,1.967,collision,342.2,-0.182955,0.467092,-0.893656,0.86175,4.833343,1.176046,0.773462,5.994738,0.395748,0.39875,-0.505367,1.0,-0.021933,0.021926,1.852327,0.006418,0.107861,0.13456,0.022157,0.109441,0.0001,,,,,0,lstm
85,34029,82.871,65.3644,583,0,0,1,0,2.9235,2.011,collision,348.2,-0.103504,0.438956,-0.880695,0.810333,4.587045,1.311682,0.267918,5.98617,0.427798,0.433904,-0.909843,1.0,,,,,,,,,,,,,,0,lstm
86,34413,78.2161,65.421,384,0,0,1,0,2.9906,2.015,collision,352.0,-0.106279,0.458504,-0.893616,0.831894,4.789588,1.141184,0.871927,5.986995,0.409276,0.398957,-0.420111,1.0,,,,,,,,,,,,,,0,lstm
87,35272,185.7113,65.4532,859,0,0,1,0,2.1387,2.057,collision,360.5,-0.014219,0.429509,-0.870581,0.869058,4.650224,1.245919,0.125321,5.984316,0.433095,0.42397,-0.890483,1.0,,,,,,,,,,,,,,0,lstm
88,35658,77.7915,65.6142,386,0,0,1,0,2.958,2.091,collision,365.6,0.025052,0.414718,-0.873613,0.853344,4.63068,1.179988,0.588494,5.976672,0.421298,0.402039,-0.524819,1.0,0.011218,0.013462,1.852124,0.006402,0.072089,0.156783,0.023008,0.105921,0.0001,,,,,0,lstm
89,36043,79.2691,65.9259,385,0,0,1,0,3.0016,2.103,collision,369.5,-0.015395,0.401996,-0.833115,0.791828,4.691656,1.219526,0.56582,5.977261,0.423052,0.402884,-0.316081,1.002389,,,,,,,,,,,,,,0,lstm
90,36428,78.9934,66.039,385,0,0,1,0,3.0452,2.054,collision,373.5,-0.012802,0.431733,-0.861911,0.855516,4.696523,1.164746,0.663657,5.989328,0.424993,0.404862,-0.322031,1.007698,,,,,,,,,,,,,,0,lstm
91,36810,79.2685,76.5203,382,0,0,1,0,3.0021,2.092,collision,377.3,-0.033227,0.407738,-0.870209,0.773902,4.714907,1.232372,0.273922,5.985272,0.420811,0.40321,-0.284452,1.000272,,,,,,,,,,,,,,0,lstm
92,37196,78.0832,76.9662,386,0,0,1,0,2.982,2.084,collision,381.7,0.054928,0.401284,-0.814437,0.813456,4.57353,1.32716,0.687338,5.981813,0.427625,0.406209,-0.564524,1.0,-0.014183,0.01711,1.852099,0.006386,0.08739,0.200064,0.011441,0.167849,0.0001,,,,,0,lstm
93,37572,74.2473,88.8257,376,0,0,1,0,3.0234,1.944,collision,385.5,-0.167146,0.485838,-0.896848,0.8461,4.79619,1.192658,0.212605,5.990209,0.399133,0.398104,-0.477507,1.0,,,,,,,,,,,,,,0,lstm
94,37954,78.8553,89.3307,382,0,0,1,0,2.9539,2.084,collision,389.2,-0.046562,0.416397,-0.882222,0.862509,4.545957,1.251132,0.468211,5.987334,0.411884,0.39749,-0.272138,1.0,,,,,,,,,,,,,,0,lstm
95,38342,78.7166,88.9152,388,0,0,1,0,2.9495,2.071,collision,393.2,0.034055,0.431193,-0.855058,0.847429,4.701442,1.145882,0.689376,5.981879,0.41784,0.400404,-0.495014,1.0,,,,,,,,,,,,,,0,lstm
96,38732,81.4018,89.2338,390,0,0,1,0,2.9896,2.121,collision,397.7,-0.00585,0.406403,-0.831943,0.838128,4.678844,1.163569,0.826023,5.989455,0.421691,0.400455,-0.314542,1.005643,-0.010229,0.016713,1.852323,0.006369,0.080212,0.169257,0.013627,0.155953,0.0001,,,,,0,lstm
97,39123,81.4539,78.8081,391,0,0,1,0,2.9659,2.111,collision,401.6,-0.025297,0.402566,-0.874006,0.866092,4.756608,1.144458,0.614243,5.980914,0.423881,0.402518,-0.29114,1.0,,,,,,,,,,,,,,0,lstm
98,39509,76.4107,78.67,386,0,0,1,0,3.0322,1.973,collision,405.5,-0.155487,0.471088,-0.89505,0.840152,4.794997,1.183775,0.529553,5.9962,0.406575,0.401031,-0.530404,1.0,,,,,,,,,,,,,,0,lstm
99,40089,82.848,79.0279,580,0,0,1,0,2.9725,1.937,collision,411.3,-0.102829,0.485922,-0.882705,0.869485,4.689383,1.252279,0.659241,5.990189,0.419488,0.431784,-0.919664,1.0,,,,,,,,,,,,,,0,lstm
100,40471,78.0239,78.9309,382,0,0,1,0,2.9781,2.018,collision,416.2,-0.078717,0.45098,-0.873036,0.867437,4.725539,1.209954,0.474835,5.973388,0.410608,0.39782,-0.2849,1.0,-0.014623,0.016538,1.852536,0.006353,0.072992,0.102294,0.013163,0.054865,0.0001,,,,,0,lstm
101,40858,79.8722,78.9913,387,0,0,1,0,2.9335,2.013,collision,420.0,-0.102339,0.460938,-0.892998,0.821913,4.813811,1.170227,1.018136,5.988233,0.410588,0.399253,-0.35686,1.0,,,,,,,,,,,,,,0,lstm
102,41243,73.6413,78.5471,385,0,0,1,0,3.0569,1.996,collision,423.9,-0.177254,0.453775,-0.894811,0.834589,4.801568,1.174847,0.418573,5.97479,0.392307,0.398288,-0.574672,1.0,,,,,,,,,,,,,,0,lstm
103,41285,-39.7445,67.1479,42,0,0,1,0,3.8395,1.709,collision,424.4,-0.529319,0.328232,-0.886224,0.367983,4.72729,1.428428,1.06512,5.9285,0.226509,0.327937,-0.578663,1.0,,,,,,,,,,,,,,0,lstm
104,41861,74.4508,66.7075,576,0,0,1,0,2.9396,1.989,collision,430.6,-0.102667,0.453505,-0.889303,0.82697,4.647649,1.265233,0.177949,5.98826,0.419829,0.433595,-0.958178,1.0,-0.00609,0.019044,1.852771,0.006337,0.078672,0.216361,0.021062,0.193792,0.0001,,,,,0,lstm
105,42449,70.5367,65.8895,588,0,0,1,0,2.9836,1.935,collision,436.4,-0.10773,0.482528,-0.872343,0.859394,4.641517,1.303692,0.376733,5.999228,0.422965,0.438863,-0.950046,1.0,,,,,,,,,,,,,,0,lstm
106,42825,76.4448,65.3938,376,0,0,1,0,2.9972,2.028,collision,440.1,-0.077766,0.449564,-0.879152,0.819685,4.725502,1.152033,1.02834,5.991264,0.412155,0.400536,-0.327851,1.0,,,,,,,,,,,,,,0,lstm
107,43214,76.7778,64.9262,389,0,0,1,0,3.05,2.061,collision,444.0,0.025949,0.421627,-0.819502,0.848023,4.728011,1.19942,0.273311,5.973064,0.431124,0.409072,-0.653611,1.009428,,,,,,,,,,,,,,0,lstm
108,43593,75.2957,64.8147,379,0,0,1,0,3.0302,2.064,collision,448.3,-0.002388,0.431485,-0.870326,0.874608,4.79705,1.127155,0.712136,5.986897,0.421545,0.402436,-0.519887,1.0,0.004782,0.015368,1.852976,0.006321,0.075268,0.111336,0.008154,0.065998,0.0001,,,,,0,lstm
109,43977,76.4493,64.1748,384,0,0,1,0,2.9266,2.046,collision,452.2,0.037586,0.434637,-0.855571,0.811118,4.675522,1.206021,0.209864,5.968108,0.418332,0.401683,-0.614834,1.0,,,,,,,,,,,,,,0,lstm
110,44365,78.427,64.2151,388,0,0,1,0,2.9215,2.051,collision,456.2,0.033593,0.423445,-0.873271,0.780195,4.527861,1.325537,0.442759,5.970592,0.411137,0.397579,-0.521138,1.0,,,,,,,,,,,,,,0,lstm
111,44756,81.2842,64.3563,391,0,0,1,0,3.0089,2.074,collision,459.9,-0.063999,0.412994,-0.821856,0.815886,4.68487,1.221843,0.509116,5.982504,0.423337,0.402747,-0.30428,1.00371,,,,,,,,,,,,,,0,lstm
112,45145,77.7643,64.7686,389,0,0,1,0,3.0077,2.077,collision,464.6,0.041568,0.413621,-0.826965,0.83145,4.72767,1.159987,0.671228,5.992046,0.422811,0.402269,-0.549383,1.000074,-0.002423,0.016927,1.853351,0.006305,0.087787,0.102975,0.006716,0.048221,0.0001,,,,,0,lstm
113,45529,76.4635,76.3894,384,0,0,1,0,3.051,1.98,collision,468.5,-0.122609,0.467234,-0.890868,0.852807,4.758308,1.219261,0.09763,5.994545,0.411794,0.403902,-0.342043,1.0,,,,,,,,,,,,,,0,lstm
114,45927,76.5831,76.6026,398,0,0,1,0,3.0076,2.059,collision,472.6,0.067307,0.413442,-0.770025,0.85996,4.693171,1.192126,0.494108,5.982956,0.427745,0.40695,-0.678357,1.001113,,,,,,,,,,,,,,0,lstm
115,46301,76.1668,77.1656,374,0,0,1,0,2.9938,2.061,collision,476.4,-0.017966,0.423663,-0.878265,0.809111,4.604078,1.230865,0.529339,5.983091,0.415481,0.400829,-0.313538,1.0,,,,,,,,,,,,,,0,lstm
116,46683,77.6047,77.2816,382,0,0,1,0,3.032,2.083,collision,481.0,-0.0388,0.408397,-0.848235,0.833438,4.638009,1.245705,0.197915,5.991311,0.421192,0.403604,-0.321476,1.004485,-0.013114,0.014892,1.853862,0.006288,0.087336,0.071491,0.011234,0.062517,0.0001,,,,,0,lstm
117,47264,85.638,78.1677,581,0,0,1,0,2.9031,2.021,collision,486.9,-0.097035,0.445094,-0.883317,0.859167,4.671267,1.242249,0.132987,5.986551,0.418787,0.430859,-0.90582,1.0,,,,,,,,,,,,,,0,lstm
118,47667,73.4791,77.986,403,0,0,1,0,2.9895,2.069,collision,491.1,0.0746,0.41778,-0.813103,0.865215,4.679726,1.201151,0.507728,5.9834,0.4144,0.401368,-0.707005,1.0,,,,,,,,,,,,,,0,lstm
119,48061,80.846,78.4257,394,0,0,1,0,3.0283,2.075,collision,495.1,-0.066294,0.403486,-0.830572,0.742538,4.722882,1.245736,0.654585,5.986142,0.422586,0.403133,-0.307289,1.00919,,,,,,,,,,,,,,0,lstm
120,48461,83.1522,78.8982,400,0,0,1,0,2.9102,2.102,collision,499.6,-0.020812,0.396127,-0.854222,0.840727,4.626651,1.266835,0.579767,5.972865,0.415682,0.397363,-0.337073,1.0,-0.001369,0.014985,1.85438,0.006272,0.076956,0.096443,0.005428,0.066741,0.0001,,,,,0,lstm
121,48859,80.2317,78.7929,398,0,0,1,0,2.9329,2.095,collision,503.6,0.029089,0.404118,-0.853162,0.851074,4.692593,1.214854,0.243395,5.989758,0.421366,0.400201,-0.462919,1.0,,,,,,,,,,,,,,0,lstm
122,49548,178.416,88.8581,689,0,0,1,0,2.2231,2.082,collision,510.4,-0.03033,0.408228,-0.862398,0.830916,4.666531,1.244496,0.139199,5.979161,0.423719,0.409168,-0.458091,1.0,,,,,,,,,,,,,,0,lstm
123,49943,79.5493,89.1667,395,0,0,1,0,2.9341,2.084,collision,514.4,0.040393,0.410846,-0.858456,0.84499,4.61967,1.214834,0.847307,5.985681,0.419587,0.399416,-0.467486,1.0,,,,,,,,,,,,,,0,lstm
124,50339,81.9336,89.7018,396,0,0,1,0,2.911,2.096,collision,519.2,-0.007616,0.409296,-0.872328,0.832111,4.570582,1.252557,0.541024,5.973949,0.417161,0.398835,-0.354722,1.0,-0.000819,0.014359,1.854801,0.006256,0.082356,0.083149,0.013681,0.045916,0.0001,,,,,0,lstm
125,50721,77.9021,89.8753,382,0,0,1,0,2.9404,2.021,collision,522.8,-0.004852,0.450368,-0.877204,0.871106,4.681873,1.208409,0.67277,5.990064,0.403957,0.394962,-0.308564,1.0,,,,,,,,,,,,,,0,lstm
126,51123,79.4945,90.0643,402,0,0,1,0,2.966,2.083,collision,526.8,0.036491,0.414556,-0.802138,0.859409,4.606464,1.229645,0.586331,5.969521,0.424721,0.403563,-0.577472,1.0,,,,,,,,,,,,,,0,lstm
127,51511,79.1439,89.4149,388,0,0,1,0,2.9977,2.076,collision,530.7,-0.03323,0.414849,-0.797764,0.817582,4.725578,1.179883,0.481624,5.982075,0.424557,0.403686,-0.337766,1.0,,,,,,,,,,,,,,0,lstm
128,51903,76.6448,89.7314,392,0,0,1,0,3.0514,2.004,collision,535.2,-0.135393,0.445706,-0.895213,0.797636,4.775687,1.154804,0.401353,5.992786,0.41082,0.402689,-0.359753,1.0,-0.013019,0.016787,1.854901,0.00624,0.08066,0.083139,0.00718,0.070682,0.0001,,,,,0,lstm
129,52297,80.7201,89.7188,394,0,0,1,0,2.9399,2.052,collision,539.0,-0.045066,0.434248,-0.88993,0.863629,4.603669,1.217766,0.541169,5.986202,0.417881,0.400047,-0.378891,1.0,,,,,,,,,,,,,,0,lstm
130,52707,78.6955,89.2732,410,0,0,1,0,2.9295,2.084,collision,543.0,0.032744,0.414707,-0.839036,0.85727,4.716892,1.187534,0.702564,5.986146,0.417472,0.400031,-0.680812,1.0,,,,,,,,,,,,,,0,lstm
131,53393,177.8167,99.0317,686,0,0,1,0,2.2259,2.084,collision,549.9,-0.053323,0.413134,-0.865203,0.834878,4.765423,1.151994,0.400517,5.984314,0.420566,0.407836,-0.486839,1.0,,,,,,,,,,,,,,0,lstm
132,53796,76.5882,88.8489,403,0,0,1,0,2.9242,2.071,collision,554.4,0.050565,0.413346,-0.836648,0.846293,4.57541,1.260486,0.583685,5.983262,0.408599,0.396541,-0.662306,1.0,0.001763,0.014713,1.854923,0.006224,0.072791,0.1763,0.003847,0.146727,0.0001,,,,,0,lstm
133,54373,87.129,89.6069,577,0,0,1,0,2.9079,2.007,collision,560.0,-0.114213,0.453028,-0.871213,0.859571,4.675058,1.234667,0.07829,5.982142,0.419666,0.429374,-0.932008,1.0,,,,,,,,,,,,,,0,lstm
134,54772,82.7706,89.6906,399,0,0,1,0,3.0015,2.093,collision,563.9,-0.030383,0.398634,-0.860107,0.841564,4.682222,1.245589,0.103174,5.961716,0.426963,0.403761,-0.313114,1.007554,,,,,,,,,,,,,,0,lstm
135,55163,77.9606,89.6964,391,0,0,1,0,3.0423,2.057,collision,567.6,-0.07166,0.425111,-0.870282,0.797809,4.678703,1.238065,0.151211,5.982411,0.421744,0.404109,-0.343615,1.005293,,,,,,,,,,,,,,0,lstm
136,55848,179.2336,99.6703,685,0,0,1,0,2.226,2.112,collision,575.1,-0.042653,0.391696,-0.843125,0.825101,4.696337,1.203579,0.444651,5.971904,0.425641,0.409648,-0.435812,1.0,-0.433689,0.019533,1.854969,0.006207,0.112635,0.421948,0.056548,0.289602,0.0001,,,,,0,lstm
137,56246,78.8442,99.6403,398,0,0,1,0,3.032,2.003,collision,578.9,-0.148584,0.448043,-0.890511,0.878865,4.782702,1.239973,0.509948,5.984378,0.415648,0.403887,-0.479598,1.0,,,,,,,,,,,,,,0,lstm
138,56636,78.5059,99.8264,390,0,0,1,0,2.9893,2.088,collision,582.7,-0.014602,0.407302,-0.835882,0.822789,4.541509,1.289618,0.459189,5.991457,0.425195,0.403989,-0.366832,1.0,,,,,,,,,,,,,,0,lstm
139,57021,76.6963,99.4241,385,0,0,1,0,3.0271,1.997,collision,586.4,-0.133516,0.459226,-0.88941,0.832493,4.694842,1.187483,0.490482,5.989374,0.410721,0.40235,-0.419739,1.0,,,,,,,,,,,,,,0,lstm
140,57417,76.7764,99.2322,396,0,0,1,0,2.9335,2.046,collision,591.0,0.029775,0.437003,-0.856329,0.850635,4.61105,1.167622,0.496723,5.99421,0.417627,0.400604,-0.620075,1.0,-0.020433,0.016189,1.855092,0.006191,0.086834,0.164673,0.00752,0.140855,0.0001,,,,,0,lstm
141,57814,81.0456,89.555,397,0,0,1,0,2.9839,2.07,collision,595.0,-0.01114,0.409782,-0.791677,0.818611,4.569795,1.261209,0.562152,5.984228,0.427994,0.404228,-0.402851,1.0,,,,,,,,,,,,,,0,lstm
142,58206,78.0622,89.7024,392,0,0,1,0,3.0128,2.087,collision,598.8,-0.000409,0.410172,-0.863936,0.828006,4.56424,1.235595,0.191734,5.968915,0.424989,0.403307,-0.403513,1.00412,,,,,,,,,,,,,,0,lstm
143,58379,-30.6617,77.9234,173,0,0,1,0,3.8164,1.906,collision,600.6,0.020608,0.485317,-0.856756,0.857561,4.158528,1.492813,0.118621,5.988956,0.357354,0.431871,-0.897149,1.008559,,,,,,,,,,,,,,0,lstm
144,58768,78.8222,77.5285,389,0,0,1,0,2.938,2.003,collision,604.9,-0.121306,0.464752,-0.886754,0.830088,4.630537,1.239038,0.306113,5.987299,0.411499,0.399908,-0.411875,1.0,-0.007273,0.018365,1.855312,0.006175,0.090219,0.187232,0.011179,0.149616,0.0001,,,,,0,lstm
145,59154,74.1122,77.1437,386,0,0,1,0,3.0086,1.946,collision,608.7,-0.158315,0.492344,-0.895341,0.833163,4.778012,1.150101,0.477382,5.99475,0.401207,0.399718,-0.587624,1.0,,,,,,,,,,,,,,0,lstm
146,59548,80.3658,67.2569,394,0,0,1,0,2.9889,2.074,collision,612.6,-0.002834,0.405899,-0.855872,0.832749,4.446173,1.323057,0.396202,5.983742,0.424799,0.402466,-0.3369,1.0,,,,,,,,,,,,,,0,lstm
147,59933,77.1674,67.0892,385,0,0,1,0,3.0238,2.044,collision,616.4,-0.034472,0.434022,-0.886391,0.783348,4.662264,1.28065,0.693084,5.984944,0.418183,0.401345,-0.350194,1.0,,,,,,,,,,,,,,0,lstm
148,60326,76.1786,66.8565,393,0,0,1,0,2.9945,1.971,collision,620.6,-0.143091,0.46638,-0.891142,0.787039,4.675045,1.242456,0.567904,5.984551,0.407224,0.400496,-0.471735,1.0,-0.017525,0.016724,1.855425,0.006159,0.086042,0.244673,0.007603,0.183951,0.0001,,,,,0,lstm
149,60726,81.0771,67.2946,400,0,0,1,0,3.0003,2.039,collision,624.5,-0.052507,0.421319,-0.832957,0.834043,4.590704,1.269203,0.400557,5.974603,0.421362,0.400787,-0.378734,1.0,,,,,,,,,,,,,,0,lstm
150,61120,78.3197,67.4489,394,0,0,1,0,2.935,2.048,collision,628.3,-0.001955,0.418552,-0.84317,0.820334,4.453289,1.380508,0.163424,5.970579,0.420757,0.401254,-0.373084,1.0,,,,,,,,,,,,,,0,lstm
151,61811,177.2404,77.0684,691,0,0,1,0,2.2803,2.061,collision,635.0,-0.051284,0.427767,-0.884957,0.821223,4.650257,1.276494,0.237427,5.991299,0.423632,0.411396,-0.528411,1.0,,,,,,,,,,,,,,0,lstm
152,62204,78.6583,77.128,393,0,0,1,0,2.9392,2.017,collision,639.6,-0.099759,0.455658,-0.88504,0.78874,4.647815,1.226872,0.45567,5.971537,0.412506,0.400741,-0.392417,1.0,-0.007457,0.013672,1.855437,0.006143,0.084094,0.178012,0.019556,0.147664,0.0001,,,,,0,lstm
153,62612,76.4855,87.8427,408,0,0,1,0,3.0306,2.078,collision,643.7,0.037146,0.407026,-0.875834,0.82436,4.627141,1.265743,0.802334,5.976198,0.423154,0.404435,-0.670426,1.011249,,,,,,,,,,,,,,0,lstm
154,63008,77.9952,87.76,396,0,0,1,0,2.9879,2.03,collision,647.5,-0.131034,0.43913,-0.894025,0.85288,4.72924,1.196773,0.200483,5.971368,0.4184,0.404236,-0.383227,1.0,,,,,,,,,,,,,,0,lstm
155,63411,82.4644,88.5952,403,0,0,1,0,2.9351,2.097,collision,651.2,-0.042955,0.406686,-0.859016,0.808878,4.624836,1.207688,0.381633,5.977531,0.418361,0.398881,-0.415423,1.0,,,,,,,,,,,,,,0,lstm
156,63808,78.0465,88.3633,397,0,0,1,0,3.0389,1.988,collision,655.4,-0.147626,0.463645,-0.896998,0.832385,4.788651,1.172233,0.147566,5.991043,0.414837,0.403765,-0.431943,1.0,-0.01377,0.015808,1.855499,0.006126,0.080149,0.064145,0.003383,0.042813,0.0001,,,,,0,lstm
157,64213,77.7379,88.4204,405,0,0,1,0,3.0065,2.04,collision,659.1,0.022294,0.426784,-0.830965,0.832632,4.46171,1.282623,0.489987,5.972794,0.421526,0.402965,-0.604384,1.000345,,,,,,,,,,,,,,0,lstm
158,64617,76.9513,88.4976,404,0,0,1,0,2.9792,2.09,collision,663.0,0.051963,0.389666,-0.844655,0.865735,4.554253,1.260677,0.313346,5.966883,0.421436,0.402424,-0.607912,1.0,,,,,,,,,,,,,,0,lstm
159,65309,169.9044,97.3804,692,0,0,1,0,2.2802,2.08,collision,669.5,-0.003371,0.418622,-0.880189,0.85289,4.641807,1.190367,0.277864,5.992213,0.421524,0.409327,-0.674478,1.0,,,,,,,,,,,,,,0,lstm
160,65703,74.812,97.0296,394,0,0,1,0,2.9984,1.942,collision,673.9,-0.154088,0.485806,-0.89269,0.833984,4.705609,1.250987,0.563212,5.9898,0.402899,0.399093,-0.471582,1.0,-0.002932,0.013967,1.855652,0.00611,0.073903,0.140159,0.009336,0.085178,0.0001,,,,,0,lstm
161,66918,296.1186,108.9174,1215,0,0,1,0,1.2753,2.086,collision,685.7,-0.048756,0.406615,-0.883956,0.841043,4.576359,1.241569,0.191967,5.993179,0.390233,0.407067,-0.937176,1.0,,,,,,,,,,,,,,0,lstm
162,67635,174.3653,118.4881,717,0,0,1,0,2.2572,2.082,collision,692.7,-0.027434,0.407748,-0.868025,0.846715,4.575099,1.24396,0.263466,5.974221,0.422894,0.412745,-0.599937,1.0,,,,,,,,,,,,,,0,lstm
163,68031,73.9352,118.2331,396,0,0,1,0,2.9879,1.996,collision,696.8,-0.159553,0.46246,-0.89428,0.779768,4.717614,1.176841,1.142718,5.991682,0.396216,0.399355,-0.523547,1.0,,,,,,,,,,,,,,0,lstm
164,68433,80.7746,118.511,402,0,0,1,0,2.9296,2.005,collision,701.7,-0.075095,0.451467,-0.888089,0.800101,4.676864,1.276357,0.314128,5.9789,0.409989,0.39512,-0.432574,1.0,0.017135,0.009306,1.85598,0.006094,0.062517,0.100331,0.01431,0.077765,0.0001,,,,,0,lstm
165,68837,75.8743,117.852,404,0,0,1,0,3.0017,2.007,collision,705.7,-0.095959,0.452054,-0.884749,0.861721,4.594276,1.291911,0.478934,5.994119,0.413128,0.400908,-0.456505,1.0,,,,,,,,,,,,,,0,lstm
166,70072,294.1117,139.4585,1235,0,0,1,0,1.2733,2.078,collision,718.0,-0.004063,0.404891,-0.875924,0.83733,4.541755,1.292295,0.109389,5.994665,0.39344,0.410464,-0.889359,1.0,,,,,,,,,,,,,,0,lstm
167,70473,79.4864,139.6334,401,0,0,1,0,2.9633,2.033,collision,722.0,-0.125503,0.446749,-0.878966,0.763565,4.794692,1.115839,0.775165,5.98503,0.410846,0.399251,-0.476701,1.0,,,,,,,,,,,,,,0,lstm
168,70887,79.6845,139.9067,414,0,0,1,0,2.9186,2.052,collision,727.0,0.054511,0.421223,-0.85203,0.831168,4.536552,1.280503,0.478649,5.977792,0.407424,0.394669,-0.631955,1.0,0.020168,0.011809,1.856246,0.006078,0.05956,0.216651,0.008467,0.179636,0.0001,,,,,0,lstm
169,72100,300.5983,152.9761,1213,0,0,1,0,1.2374,2.09,collision,739.1,-0.051078,0.408176,-0.835412,0.840959,4.587926,1.233076,0.362839,5.984844,0.388503,0.405166,-0.931247,1.0,,,,,,,,,,,,,,0,lstm
170,72517,81.7058,153.6655,417,0,0,1,0,2.9592,2.086,collision,743.3,-0.046471,0.406324,-0.877161,0.8531,4.597774,1.236758,0.259457,5.99321,0.416782,0.397994,-0.466942,1.0,,,,,,,,,,,,,,0,lstm
171,72916,78.6113,131.9147,399,0,0,1,0,3.0168,2.109,collision,747.3,-0.028301,0.401189,-0.849886,0.788582,4.717559,1.158059,0.405584,5.990367,0.424593,0.404279,-0.418912,1.008529,,,,,,,,,,,,,,0,lstm
172,73319,77.7289,122.2511,403,0,0,1,0,3.0714,2.013,collision,752.1,-0.113146,0.436714,-0.885595,0.838936,4.622528,1.277629,0.349044,5.973847,0.42286,0.407286,-0.415743,1.007831,-0.019951,0.013537,1.856332,0.006062,0.060872,0.1536,0.011901,0.098683,0.0001,,,,,0,lstm
173,73720,79.8453,122.8421,401,0,0,1,0,3.0161,2.065,collision,756.2,-0.039406,0.409138,-0.858156,0.834815,4.565104,1.348413,0.284327,5.975411,0.423113,0.401901,-0.372642,1.005533,,,,,,,,,,,,,,0,lstm
174,74131,76.7182,122.4365,411,0,0,1,0,2.9422,2.129,collision,760.2,0.017308,0.394544,-0.8138,0.861864,4.735285,1.125003,0.982025,5.990963,0.42433,0.404414,-0.624989,1.0,,,,,,,,,,,,,,0,lstm
175,74530,77.3849,122.5875,399,0,0,1,0,3.0415,2.02,collision,764.0,-0.098459,0.443453,-0.889616,0.837016,4.694818,1.226405,0.735601,5.985803,0.419963,0.404955,-0.374238,1.000283,,,,,,,,,,,,,,0,lstm
176,74925,77.6034,100.9367,395,0,0,1,0,2.9674,1.995,collision,768.4,-0.155676,0.458513,-0.892808,0.821265,4.740349,1.200292,0.325283,5.980078,0.404634,0.397256,-0.555514,1.0,-0.019017,0.019656,1.856449,0.006045,0.075313,0.17105,0.020984,0.152481,0.0001,,,,,0,lstm
177,75339,80.2739,101.0155,414,0,0,1,0,3.002,2.084,collision,772.4,0.019962,0.407538,-0.792064,0.828996,4.580676,1.222594,0.905784,5.988196,0.419906,0.401176,-0.541945,1.008824,,,,,,,,,,,,,,0,lstm
178,76537,304.9544,123.5424,1198,0,0,1,0,1.2054,2.104,collision,784.2,-0.024251,0.400835,-0.879626,0.835724,4.671763,1.202087,0.311681,5.99154,0.390521,0.405523,-0.828165,1.0,,,,,,,,,,,,,,0,lstm
179,76570,-41.642,89.3184,33,0,0,1,0,3.8425,1.976,collision,784.5,-0.206888,0.342208,-0.799599,0.614937,3.936758,1.556526,1.073422,5.840434,0.205193,0.315823,-0.495562,1.0,,,,,,,,,,,,,,0,lstm
180,76976,70.135,88.1613,406,0,0,1,0,3.0551,2.091,collision,789.3,0.05608,0.411756,-0.844538,0.819264,4.642378,1.147666,0.758512,5.978456,0.424002,0.40769,-0.709955,1.010082,0.143438,0.00682,1.856571,0.006029,0.044608,0.231956,0.016729,0.179063,0.0001,,,,,0,lstm
181,77377,76.982,87.9984,401,0,0,1,0,2.9473,1.982,collision,793.3,-0.16277,0.467682,-0.896555,0.844103,4.862665,1.152602,0.711017,5.992865,0.399507,0.397787,-0.535636,1.0,,,,,,,,,,,,,,0,lstm
182,77799,79.6197,88.1875,422,0,0,1,0,2.99,2.089,collision,797.4,0.04668,0.409888,-0.838642,0.85914,4.789292,1.122729,0.528306,5.973873,0.4106,0.397048,-0.639212,1.006885,,,,,,,,,,,,,,0,lstm
183,79017,293.9339,109.5964,1218,0,0,1,0,1.2694,2.107,collision,809.3,-0.019841,0.40585,-0.846601,0.874646,4.739793,1.162163,0.475515,5.993373,0.394771,0.410563,-0.866583,1.0,,,,,,,,,,,,,,0,lstm
184,80235,300.3619,131.9607,1218,0,0,1,0,1.2533,2.091,collision,822.4,-0.040362,0.402287,-0.876724,0.824893,4.624905,1.236699,0.469973,5.986755,0.390867,0.40622,-0.901848,1.0,0.007146,0.009971,1.856645,0.006013,0.040705,0.130051,0.009505,0.107514,0.0001,,,,,0,lstm
185,80636,77.2721,131.9494,401,0,0,1,0,3.0176,2.103,collision,826.4,-0.018584,0.398411,-0.841867,0.830573,4.708631,1.28539,0.608024,5.987991,0.424445,0.403819,-0.386755,1.007492,,,,,,,,,,,,,,0,lstm
186,81038,75.9768,131.7868,402,0,0,1,0,3.0318,2.092,collision,830.3,0.013385,0.417146,-0.80652,0.827369,4.847262,1.098673,0.672067,5.97361,0.425385,0.404346,-0.568588,1.009448,,,,,,,,,,,,,,0,lstm
187,81075,-40.0649,119.7529,37,0,0,1,0,3.8353,1.41,collision,830.7,-0.781747,0.119588,-0.881606,-0.372214,5.351969,0.732567,3.288362,5.95417,0.271769,0.371651,-0.433723,1.0,,,,,,,,,,,,,,0,lstm
188,81763,176.3909,106.8966,688,0,0,1,0,2.2559,2.054,collision,838.2,-0.055873,0.435275,-0.885558,0.850307,4.729833,1.206132,0.422013,5.980597,0.416085,0.40743,-0.494543,1.0,-0.012575,0.020507,1.856967,0.005997,0.073285,0.118207,0.030737,0.063437,0.0001,,,,,0,lstm
189,82465,175.0581,128.5666,702,0,0,1,0,2.2733,2.101,collision,845.1,-0.053989,0.401292,-0.879244,0.81162,4.780393,1.156745,0.384572,5.988776,0.423254,0.409902,-0.519911,1.0,,,,,,,,,,,,,,0,lstm
190,83166,171.3542,138.6885,701,0,0,1,0,2.2322,2.073,collision,852.1,-0.047322,0.426097,-0.877323,0.848493,4.770275,1.137318,0.654471,5.987322,0.41869,0.408441,-0.540433,1.0,,,,,,,,,,,,,,0,lstm
191,83363,-31.6726,127.823,197,0,0,1,0,3.8165,1.796,collision,854.0,0.062271,0.527345,-0.88084,0.851106,3.900726,1.562275,0.335583,5.961854,0.353904,0.433611,-0.959898,1.007437,,,,,,,,,,,,,,0,lstm
192,83776,81.8682,128.0479,413,0,0,1,0,2.9671,2.116,collision,858.6,-0.005992,0.400955,-0.820179,0.792706,4.761578,1.114658,0.823935,5.988601,0.416765,0.397522,-0.445381,1.004431,-0.003096,0.015763,1.857401,0.005981,0.069785,0.166863,0.009578,0.105724,0.0001,,,,,0,lstm
193,85011,284.2746,127.0819,1235,0,0,1,0,1.3074,2.097,collision,870.6,-0.006147,0.399484,-0.844099,0.841065,4.6674,1.239756,0.301605,5.98888,0.392763,0.411458,-0.849921,1.0,,,,,,,,,,,,,,0,lstm
194,85577,72.4254,104.2883,566,0,0,1,0,2.904,1.913,collision,876.0,-0.14939,0.485177,-0.886569,0.871001,4.643427,1.307566,0.08344,5.993159,0.41971,0.431604,-0.958556,1.0,,,,,,,,,,,,,,0,lstm
195,85997,82.1282,104.7739,420,0,0,1,0,2.9944,2.075,collision,880.1,-0.028419,0.419928,-0.828914,0.814267,4.633849,1.193001,0.630386,5.979977,0.418262,0.399599,-0.491037,1.007192,,,,,,,,,,,,,,0,lstm
196,86067,-32.2625,93.95,70,0,0,1,0,3.8373,1.939,collision,882.4,-0.332348,0.383048,-0.890372,0.662856,4.572722,1.272601,0.440498,5.984332,0.251925,0.332666,-0.573186,1.0,0.056159,0.012976,1.85777,0.005964,0.058029,0.211905,0.012767,0.163766,0.0001,,,,,0,lstm
197,86478,77.4159,105.698,411,0,0,1,0,2.9675,2.088,collision,886.4,-0.006384,0.408411,-0.84946,0.810361,4.737136,1.203735,0.339836,5.983164,0.414076,0.396545,-0.48122,1.0,,,,,,,,,,,,,,0,lstm
198,87056,69.208,94.9797,578,0,0,1,0,3.0742,1.966,collision,892.0,-0.086609,0.464569,-0.870875,0.869151,4.5735,1.339211,0.32392,5.98908,0.412983,0.432709,-0.944479,1.006362,,,,,,,,,,,,,,0,lstm
199,87471,71.9855,84.6725,415,0,0,1,0,3.0153,2.126,collision,896.0,0.04823,0.398481,-0.849826,0.862424,4.672668,1.164033,0.606763,5.98567,0.416067,0.402143,-0.702976,1.008778,,,,,,,,,,,,,,0,lstm
200,87884,82.42,75.7791,413,0,0,1,0,2.9423,2.128,collision,900.6,-0.009102,0.388375,-0.847327,0.804421,4.70512,1.221693,0.064895,5.994772,0.417118,0.396445,-0.404964,1.000127,-0.005024,0.018993,1.85809,0.005948,0.069716,0.175668,0.019387,0.102666,0.0001,,,,,0,lstm
201,88291,77.0093,86.6473,407,0,0,1,0,2.9564,2.125,collision,904.6,0.005623,0.391603,-0.826996,0.856721,4.859221,1.108784,0.755327,5.985978,0.413913,0.395817,-0.449851,1.0,,,,,,,,,,,,,,0,lstm
202,88698,76.1625,86.0767,407,0,0,1,0,3.0578,2.041,collision,908.5,-0.081454,0.4509,-0.883108,0.854135,4.785083,1.159058,0.852279,5.989411,0.415587,0.401821,-0.420786,1.007115,,,,,,,,,,,,,,0,lstm
203,89270,90.8655,66.7358,572,0,0,1,0,2.8851,1.982,collision,913.9,-0.092566,0.447972,-0.857934,0.859868,4.511457,1.416234,0.052797,5.997162,0.414594,0.422385,-0.898822,1.0,,,,,,,,,,,,,,0,lstm
204,89984,171.1974,76.613,714,0,0,1,0,2.2841,2.076,collision,921.5,-0.014067,0.406873,-0.837607,0.844418,4.681569,1.260505,0.288173,5.975114,0.415944,0.407985,-0.577807,1.0,-0.028647,0.015022,1.858411,0.005932,0.067028,0.209955,0.021721,0.153207,0.0001,,,,,0,lstm
205,90402,77.5062,76.1508,418,0,0,1,0,2.9667,2.147,collision,925.3,-0.006247,0.376718,-0.813712,0.822962,4.719818,1.175323,0.801004,5.984011,0.406509,0.391611,-0.456564,1.003348,,,,,,,,,,,,,,0,lstm
206,90616,-21.5105,77.226,214,0,0,1,0,3.7718,1.94,collision,927.3,-0.036551,0.466029,-0.880309,0.852891,4.252779,1.415717,0.258392,5.985993,0.386483,0.441166,-0.860205,1.009354,,,,,,,,,,,,,,0,lstm
207,91326,162.9788,85.7823,710,0,0,1,0,2.3026,2.103,collision,934.2,-0.006129,0.392309,-0.849882,0.853768,4.643093,1.279682,0.284806,5.977046,0.411514,0.407566,-0.581195,1.0,,,,,,,,,,,,,,0,lstm
208,91735,77.114,86.5729,409,0,0,1,0,3.0719,2.032,collision,938.7,-0.135913,0.447731,-0.894605,0.814519,4.859191,1.063798,1.187898,5.990262,0.412908,0.401887,-0.457736,1.00965,-0.006792,0.020979,1.858697,0.005916,0.080988,0.108472,0.011291,0.090857,0.0001,,,,,0,lstm
209,92167,68.7672,86.251,432,0,0,1,0,2.9959,2.062,collision,942.9,0.076098,0.411319,-0.865138,0.804346,4.580931,1.295891,0.467319,5.984106,0.395252,0.394052,-0.71191,1.0,,,,,,,,,,,,,,0,lstm
210,92597,73.3589,85.3449,430,0,0,1,0,2.9849,2.063,collision,947.2,0.065897,0.417377,-0.836223,0.802152,4.622669,1.244145,0.242096,5.981896,0.394029,0.391843,-0.732375,1.0,,,,,,,,,,,,,,0,lstm
211,93017,74.3003,85.074,420,0,0,1,0,3.0002,2.074,collision,951.4,0.020018,0.399465,-0.816511,0.817976,4.631846,1.290765,0.310145,5.99084,0.414869,0.399534,-0.528784,1.0,,,,,,,,,,,,,,0,lstm
212,93583,89.7402,86.4318,566,0,0,1,0,3.0072,1.962,collision,957.5,-0.038018,0.4685,-0.846583,0.867933,4.55276,1.361274,0.086219,5.982804,0.405533,0.422568,-0.867045,1.010805,-0.001149,0.018508,1.858926,0.0059,0.081664,0.137335,0.008993,0.100446,0.0001,,,,,0,lstm
213,94147,79.2534,85.2706,564,0,0,1,0,3.0061,1.999,collision,962.9,-0.093669,0.443962,-0.847744,0.822718,4.57973,1.333716,0.07833,5.975769,0.408386,0.424785,-0.877165,1.011827,,,,,,,,,,,,,,0,lstm
214,94572,78.7291,76.0237,425,0,0,1,0,2.964,2.098,collision,967.1,-0.050527,0.401542,-0.843565,0.783579,4.639838,1.199166,0.619248,5.974119,0.407108,0.3931,-0.51275,1.0,,,,,,,,,,,,,,0,lstm
215,94992,79.4734,76.2205,420,0,0,1,0,2.997,2.081,collision,971.2,-0.042921,0.388822,-0.862732,0.810548,4.521197,1.342529,0.225251,5.989003,0.412867,0.395172,-0.486165,1.005717,,,,,,,,,,,,,,0,lstm
216,95410,77.6314,86.1347,418,0,0,1,0,3.038,2.061,collision,975.9,-0.118514,0.415737,-0.88892,0.839341,4.766145,1.202644,0.161088,5.987856,0.40876,0.396719,-0.452997,1.008443,-0.009628,0.020374,1.859134,0.005883,0.082269,0.119603,0.011968,0.079353,0.0001,,,,,0,lstm
217,95974,77.4174,77.5785,564,0,0,1,0,2.9847,1.995,collision,981.5,-0.093043,0.450275,-0.871124,0.875489,4.54751,1.359119,0.290553,5.994738,0.410384,0.425979,-0.908702,1.009306,,,,,,,,,,,,,,0,lstm
218,97249,250.8865,94.9558,1275,0,0,1,0,1.4484,2.078,collision,994.0,-0.030865,0.40408,-0.85094,0.838068,4.519842,1.29244,0.386723,5.992006,0.38464,0.411328,-0.998718,1.0,,,,,,,,,,,,,,0,lstm
219,98946,-9.6561,87.1134,1697,0,0,1,0,1.6161,2.025,collision,1010.1,-0.067969,0.42434,-0.877559,0.851092,4.499968,1.372854,0.137376,5.994295,0.354952,0.415127,-0.999999,1.0,,,,,,,,,,,,,,0,lstm
220,100237,244.3436,104.2119,1291,0,0,1,0,1.4892,2.077,collision,1023.9,-0.046297,0.411891,-0.882324,0.848269,4.52218,1.31701,0.449189,5.993952,0.385694,0.41146,-1.0,1.0,0.008529,0.007828,1.859402,0.005867,0.042102,0.14131,0.013413,0.115786,0.0001,,,,,0,lstm
221,100662,75.8477,104.3667,425,0,0,1,0,2.9818,2.097,collision,1028.1,-0.03657,0.413227,-0.848534,0.831905,4.71524,1.148588,0.530007,5.97701,0.415372,0.400489,-0.53989,1.0,,,,,,,,,,,,,,0,lstm
222,102902,17.2589,97.1185,2240,0,0,1,0,1.5499,2.007,collision,1049.7,-0.195263,0.416119,-0.88622,0.820266,4.631278,1.261719,0.14681,5.991375,0.362046,0.429027,-1.0,1.0,,,,,,,,,,,,,,0,lstm
223,103325,73.2899,96.5222,423,0,0,1,0,2.9808,1.984,collision,1053.7,-0.118932,0.468277,-0.89181,0.805456,4.702767,1.23195,0.222194,5.992538,0.4009,0.397032,-0.524817,1.0,,,,,,,,,,,,,,0,lstm
224,103745,76.2042,96.2697,420,0,0,1,0,3.0135,2.019,collision,1059.4,-0.105725,0.444996,-0.897709,0.851032,4.788086,1.194417,0.649893,5.989276,0.405543,0.397684,-0.500457,1.0,-0.005421,0.010989,1.859443,0.005851,0.05475,0.112719,0.005908,0.10106,0.0001,,,,,0,lstm
225,104461,168.6489,105.1872,716,0,0,1,0,2.309,2.045,collision,1066.4,-0.068259,0.423529,-0.886655,0.861617,4.596878,1.2639,0.278585,5.989298,0.411463,0.40656,-0.654828,1.0,,,,,,,,,,,,,,0,lstm
226,105735,238.3963,121.2637,1274,0,0,1,0,1.4672,2.087,collision,1078.7,-0.051989,0.402371,-0.877665,0.852405,4.56238,1.256387,0.337177,5.987564,0.383637,0.411483,-1.0,1.0,,,,,,,,,,,,,,0,lstm
227,106154,73.5111,120.8731,419,0,0,1,0,2.9666,2.072,collision,1082.8,0.008937,0.418701,-0.850269,0.837788,4.499023,1.294039,0.820282,5.989885,0.409736,0.396887,-0.541537,1.0,,,,,,,,,,,,,,0,lstm
228,106573,76.1656,103.401,419,0,0,1,0,2.9978,2.108,collision,1087.7,-0.039031,0.387903,-0.873995,0.749446,4.623385,1.233835,0.295839,5.992139,0.406858,0.394281,-0.486336,1.003415,0.017735,0.011669,1.859643,0.005835,0.046906,0.134882,0.011644,0.099183,0.0001,,,,,0,lstm
229,106990,77.9936,112.166,417,0,0,1,0,2.9796,1.989,collision,1091.8,-0.154974,0.46493,-0.893732,0.854039,4.851607,1.153392,0.657426,5.986568,0.403239,0.395488,-0.537379,1.0,,,,,,,,,,,,,,0,lstm
230,107407,79.1531,95.6469,417,0,0,1,0,3.0116,2.082,collision,1095.9,-0.045529,0.413863,-0.848478,0.804184,4.818573,1.152444,0.142184,5.996841,0.417494,0.399742,-0.489404,1.008184,,,,,,,,,,,,,,0,lstm
231,108719,233.9582,111.458,1312,0,0,1,0,1.5225,2.055,collision,1108.6,-0.029045,0.424732,-0.873255,0.875299,4.573961,1.272846,0.358518,5.988728,0.383866,0.413845,-1.0,1.0,,,,,,,,,,,,,,0,lstm
232,109285,92.6416,118.9962,566,0,0,1,0,2.9329,1.993,collision,1115.1,-0.055855,0.453282,-0.864218,0.86009,4.53943,1.350421,0.231818,5.987453,0.407662,0.419624,-0.832213,1.009085,0.001985,0.013851,1.85982,0.005819,0.047807,0.085306,0.009536,0.07138,0.0001,,,,,0,lstm
233,109705,74.3241,119.0997,420,0,0,1,0,3.0612,2.024,collision,1119.3,-0.061648,0.439763,-0.870857,0.845187,4.671447,1.227613,0.545341,5.979973,0.415506,0.400649,-0.518762,1.006944,,,,,,,,,,,,,,0,lstm
234,110117,72.1149,118.6907,412,0,0,1,0,2.9914,1.938,collision,1123.3,-0.189808,0.48241,-0.896455,0.858837,4.924801,1.145272,0.697591,5.993432,0.391685,0.395883,-0.530591,1.0,,,,,,,,,,,,,,0,lstm
235,110542,76.3433,109.4602,425,0,0,1,0,2.9869,2.081,collision,1127.5,-0.033354,0.415583,-0.879993,0.839079,4.770204,1.1716,0.643715,5.98909,0.412598,0.397909,-0.543986,1.0,,,,,,,,,,,,,,0,lstm
236,111841,237.5837,109.3789,1299,0,0,1,0,1.5245,2.066,collision,1141.1,0.004409,0.4177,-0.870631,0.841696,4.614688,1.24421,0.254788,5.989893,0.385605,0.413838,-0.99812,1.0,0.005191,0.014868,1.859865,0.005802,0.049536,0.155271,0.010206,0.094842,0.0001,,,,,0,lstm
237,112258,77.2547,109.7533,417,0,0,1,0,3.0143,2.042,collision,1145.1,-0.088869,0.443319,-0.885073,0.849063,4.885354,1.178587,0.153935,5.989608,0.413988,0.400537,-0.510981,1.0,,,,,,,,,,,,,,0,lstm
238,113503,252.3033,127.367,1245,0,0,1,0,1.4253,2.104,collision,1157.3,-0.028467,0.396642,-0.86692,0.824795,4.660579,1.225136,0.274254,5.98475,0.389513,0.412061,-0.981462,1.0,,,,,,,,,,,,,,0,lstm
239,113917,76.8993,127.2576,414,0,0,1,0,3.0633,1.962,collision,1161.3,-0.191019,0.461454,-0.889833,0.815174,4.932883,1.127413,0.558784,5.991141,0.411886,0.40179,-0.522193,1.000161,,,,,,,,,,,,,,0,lstm
240,114339,73.9461,126.7369,422,0,0,1,0,2.9815,1.995,collision,1166.2,-0.121709,0.46537,-0.891987,0.768574,4.864431,1.169344,0.098879,5.987712,0.402622,0.399947,-0.577923,1.0,-0.03512,0.012715,1.859315,0.005786,0.056758,0.105317,0.010724,0.071503,0.0001,,,,,0,lstm
241,115611,243.783,127.7194,1272,0,0,1,0,1.4749,2.085,collision,1178.5,-0.033989,0.405176,-0.871411,0.843169,4.637207,1.24034,0.264566,5.996084,0.388432,0.414393,-0.988724,1.0,,,,,,,,,,,,,,0,lstm
242,116884,249.9889,143.4541,1273,0,0,1,0,1.4584,2.07,collision,1190.8,-0.027878,0.418456,-0.88047,0.857817,4.688293,1.219189,0.399954,5.997887,0.388439,0.414226,-0.980739,1.0,,,,,,,,,,,,,,0,lstm
243,116929,-40.1488,132.0068,45,0,0,1,0,3.8327,2.051,collision,1191.3,-0.159871,0.35703,-0.745851,0.755583,3.93692,1.366289,0.985081,5.911124,0.216722,0.320934,-0.629397,1.0,,,,,,,,,,,,,,0,lstm
244,117362,81.8603,132.9814,433,0,0,1,0,2.98,2.104,collision,1196.6,-0.062463,0.410134,-0.867463,0.818233,4.798006,1.137045,0.340961,5.983824,0.407562,0.394365,-0.515566,1.006894,0.050876,0.008189,1.859055,0.00577,0.037269,0.090052,0.014092,0.071973,0.0001,,,,,0,lstm
245,117781,74.9937,132.8464,419,0,0,1,0,2.9819,2.013,collision,1200.8,-0.094617,0.454771,-0.887752,0.84944,4.738201,1.235845,0.160526,5.995479,0.406558,0.39851,-0.536322,1.0,,,,,,,,,,,,,,0,lstm
246,118343,66.7934,115.7674,562,0,0,1,0,2.9356,1.915,collision,1206.2,-0.15084,0.488513,-0.880486,0.862549,4.754346,1.328295,0.184501,5.994,0.406169,0.429748,-0.947758,1.0,,,,,,,,,,,,,,0,lstm
247,118765,70.8808,115.13,422,0,0,1,0,3.0087,2.081,collision,1210.4,0.027018,0.41629,-0.83873,0.838341,4.741683,1.143385,0.381226,5.979129,0.416307,0.403035,-0.689335,1.0,,,,,,,,,,,,,,0,lstm
248,119178,70.783,96.978,413,0,0,1,0,3.001,1.971,collision,1215.0,-0.192592,0.460269,-0.889555,0.760443,4.957238,1.096717,0.295573,5.989488,0.388918,0.39699,-0.633178,1.0,-0.023716,0.022354,1.859149,0.005754,0.076995,0.068084,0.032878,0.047924,0.0001,,,,,0,lstm
249,120469,254.4615,114.7342,1291,0,0,1,0,1.4602,2.067,collision,1227.5,-0.021424,0.417327,-0.855142,0.842333,4.682936,1.264535,0.161534,5.996005,0.385017,0.411822,-0.979787,1.0,,,,,,,,,,,,,,0,lstm
250,120880,74.0614,114.7457,411,0,0,1,0,3.0643,1.96,collision,1231.5,-0.177809,0.468959,-0.885473,0.819943,4.85935,1.197983,0.211294,5.995843,0.398826,0.397426,-0.49555,1.0,,,,,,,,,,,,,,0,lstm
251,121303,79.656,98.333,423,0,0,1,0,2.9999,2.104,collision,1235.5,-0.014951,0.395093,-0.842316,0.866381,4.72776,1.26159,0.5484,5.980385,0.413075,0.396393,-0.480398,1.010252,,,,,,,,,,,,,,0,lstm
252,121727,78.9607,81.2302,424,0,0,1,0,3.0071,2.062,collision,1240.7,-0.100661,0.41992,-0.888957,0.789815,4.891469,1.135496,0.600193,5.985711,0.415395,0.400407,-0.539265,1.001902,0.004393,0.011852,1.859302,0.005738,0.047417,0.145466,0.008873,0.098731,0.0001,,,,,0,lstm
253,122148,77.0643,92.9515,421,0,0,1,0,3.0014,2.097,collision,1244.9,0.00197,0.405981,-0.796079,0.83896,4.748083,1.220046,0.417045,5.978153,0.415184,0.399318,-0.515053,1.006739,,,,,,,,,,,,,,0,lstm
254,122711,70.7423,91.8397,563,0,0,1,0,3.0127,1.932,collision,1250.6,-0.127536,0.488793,-0.890939,0.861796,4.72155,1.26955,0.253187,5.99322,0.413347,0.429933,-0.9248,1.0,,,,,,,,,,,,,,0,lstm
255,124008,258.9086,110.2312,1297,0,0,1,0,1.4532,2.085,collision,1263.4,-0.020856,0.41373,-0.871622,0.846051,4.740426,1.20188,0.202806,5.990965,0.387474,0.412883,-0.986152,1.000279,,,,,,,,,,,,,,0,lstm
256,124432,76.4611,111.198,424,0,0,1,0,2.966,2.113,collision,1268.4,-0.021701,0.398001,-0.81091,0.846761,4.7798,1.189058,0.494079,5.991077,0.413337,0.397888,-0.532394,1.0,-0.016371,0.014301,1.859227,0.005721,0.058697,0.138541,0.014938,0.101877,0.0001,,,,,0,lstm
257,124850,77.7104,111.8809,418,0,0,1,0,3.0138,2.088,collision,1272.4,-0.027325,0.41708,-0.869509,0.867388,4.835513,1.15293,0.802575,5.975442,0.416637,0.399467,-0.482015,1.006584,,,,,,,,,,,,,,0,lstm
258,125254,72.5363,112.0563,404,0,0,1,0,3.0506,1.976,collision,1276.4,-0.170228,0.472917,-0.895194,0.803119,4.983656,1.107669,0.707093,5.995067,0.395502,0.40014,-0.478191,1.0,,,,,,,,,,,,,,0,lstm
259,125672,76.7408,94.2842,418,0,0,1,0,3.0793,1.959,collision,1280.5,-0.176864,0.469956,-0.886751,0.826231,4.96719,1.117271,0.654151,5.987311,0.411529,0.402479,-0.511837,1.004148,,,,,,,,,,,,,,0,lstm
260,126075,74.3102,94.3091,403,0,0,1,0,3.0006,1.984,collision,1285.0,-0.113058,0.476791,-0.897907,0.84504,4.959938,1.083145,0.645762,5.994139,0.409559,0.399721,-0.457352,1.0,-0.039775,0.023777,1.858907,0.005705,0.078287,0.244749,0.029249,0.222245,0.0001,,,,,0,lstm
261,127351,244.9133,110.8348,1276,0,0,1,0,1.4988,2.056,collision,1297.2,-0.061514,0.424716,-0.889925,0.844969,4.736236,1.213637,0.416424,5.991101,0.387189,0.413545,-0.997736,1.0,,,,,,,,,,,,,,0,lstm
262,127776,74.5489,110.3936,425,0,0,1,0,3.0094,2.08,collision,1301.3,-0.037896,0.414212,-0.864002,0.834762,4.830476,1.163764,0.822506,5.990807,0.413846,0.398938,-0.539644,1.002594,,,,,,,,,,,,,,0,lstm
263,128198,80.9394,110.7811,422,0,0,1,0,3.0283,2.043,collision,1305.5,-0.122691,0.434782,-0.870899,0.86374,4.921617,1.156558,0.304143,5.976165,0.414521,0.39887,-0.524052,1.007787,,,,,,,,,,,,,,0,lstm
264,129482,233.811,127.088,1284,0,0,1,0,1.5186,2.059,collision,1319.1,-0.073198,0.423286,-0.879321,0.820212,4.754181,1.218112,0.101762,5.995199,0.386065,0.413222,-0.99999,1.0,0.02607,0.009136,1.858872,0.005689,0.044461,0.101547,0.010679,0.090104,0.0001,,,,,0,lstm
265,129905,74.2412,108.6213,423,0,0,1,0,2.9856,2.088,collision,1323.3,0.056969,0.412992,-0.845165,0.825304,4.643195,1.183897,0.333111,5.98457,0.400355,0.393662,-0.646972,1.0,,,,,,,,,,,,,,0,lstm
266,130318,79.9176,108.9669,413,0,0,1,0,2.9988,2.054,collision,1327.3,-0.076685,0.432174,-0.868537,0.849475,4.933567,1.154892,0.499591,5.984621,0.416687,0.398668,-0.469053,1.0,,,,,,,,,,,,,,0,lstm
267,130451,-28.0839,98.3875,133,0,0,1,0,3.8272,2.028,collision,1328.7,0.132396,0.411081,-0.795624,0.842365,3.971744,1.344189,0.801419,5.943996,0.347796,0.421932,-0.783384,1.011271,,,,,,,,,,,,,,0,lstm
268,130868,76.0708,98.7409,417,0,0,1,0,3.0121,2.113,collision,1333.3,-0.006401,0.394106,-0.831555,0.82052,4.842207,1.133456,0.195035,5.991409,0.41843,0.400788,-0.48761,1.009136,-0.004582,0.024485,1.858922,0.005673,0.081202,0.134332,0.024221,0.104396,0.0001,,,,,0,lstm
269,132106,256.8501,116.7519,1238,0,0,1,0,1.4178,2.091,collision,1345.2,-0.057211,0.409266,-0.876524,0.797486,4.785422,1.177497,0.380503,5.988549,0.387966,0.411122,-0.995937,1.0,,,,,,,,,,,,,,0,lstm
270,133375,250.7322,134.3941,1269,0,0,1,0,1.4549,2.068,collision,1357.7,-0.070213,0.419401,-0.873891,0.860602,4.83606,1.129173,0.150005,5.993688,0.388745,0.413491,-1.0,1.0,,,,,,,,,,,,,,0,lstm
271,134610,251.8484,135.0876,1235,0,0,1,0,1.4274,2.091,collision,1369.9,-0.060722,0.410286,-0.865359,0.873706,4.785748,1.187127,0.360486,5.990018,0.390706,0.412876,-0.973024,1.0,,,,,,,,,,,,,,0,lstm
272,135026,77.4621,135.3789,416,0,0,1,0,3.0597,2.005,collision,1375.5,-0.113755,0.45189,-0.885493,0.860179,4.876937,1.205277,0.553076,5.997805,0.415558,0.401726,-0.488768,1.005737,0.034239,0.005446,1.859012,0.005657,0.034683,0.136034,0.018069,0.105874,0.0001,,,,,0,lstm
273,136282,244.7639,151.7613,1256,0,0,1,0,1.4628,2.097,collision,1387.8,-0.038754,0.404956,-0.871128,0.847317,4.711,1.219487,0.077368,5.984051,0.388273,0.413281,-0.989583,1.0,,,,,,,,,,,,,,0,lstm
274,137551,243.0695,152.6872,1269,0,0,1,0,1.4675,2.105,collision,1400.1,0.00708,0.406495,-0.831335,0.871337,4.769393,1.157691,0.244921,5.992994,0.384994,0.412058,-0.998781,1.0,,,,,,,,,,,,,,0,lstm
275,137970,75.1845,152.7815,419,0,0,1,0,2.9753,2.005,collision,1404.2,-0.108241,0.474676,-0.894086,0.855763,5.001968,1.043824,0.556851,5.995911,0.403472,0.397779,-0.530789,1.0,,,,,,,,,,,,,,0,lstm
276,138389,74.0518,152.1949,419,0,0,1,0,3.0513,1.982,collision,1409.3,-0.172126,0.466384,-0.894113,0.800202,4.969538,1.085163,0.608593,5.993785,0.406813,0.401567,-0.549419,1.0,0.002191,0.010485,1.858785,0.00564,0.034723,0.079034,0.011559,0.061192,0.0001,,,,,0,lstm
277,139682,238.4899,178.8523,1293,0,0,1,0,1.4827,2.082,collision,1421.6,-0.004207,0.410972,-0.857957,0.871905,4.685684,1.2243,0.301695,5.988913,0.383484,0.412384,-1.0,1.0,,,,,,,,,,,,,,0,lstm
278,140101,79.134,179.1586,419,0,0,1,0,3.0209,2.029,collision,1425.6,-0.142247,0.442127,-0.885718,0.78591,5.043078,1.058288,0.557871,5.994773,0.4117,0.399674,-0.48231,1.00185,,,,,,,,,,,,,,0,lstm
279,141336,259.7855,179.4522,1235,0,0,1,0,1.4007,2.097,collision,1437.5,-0.025167,0.410503,-0.873559,0.835098,4.842345,1.140404,0.324224,5.98681,0.389436,0.410681,-0.983099,1.0,,,,,,,,,,,,,,0,lstm
280,142574,252.5974,179.6387,1238,0,0,1,0,1.448,2.096,collision,1450.8,-0.046913,0.406413,-0.873993,0.850258,4.799401,1.187495,0.198324,5.994706,0.385783,0.410085,-0.997517,1.0,-0.032388,0.005659,1.858767,0.005624,0.032518,0.19648,0.013024,0.160452,0.0001,,,,,0,lstm
281,142992,74.4849,161.9023,418,0,0,1,0,2.9531,2.06,collision,1454.7,0.020043,0.428797,-0.850255,0.836065,4.816788,1.11621,0.211983,5.987704,0.407366,0.395459,-0.573699,1.0,,,,,,,,,,,,,,0,lstm
282,144237,259.6931,180.1254,1245,0,0,1,0,1.4146,2.114,collision,1466.6,-0.029011,0.397805,-0.861454,0.87465,4.794071,1.158293,0.169484,5.985373,0.387807,0.410094,-0.992054,1.0,,,,,,,,,,,,,,0,lstm
283,144643,76.0774,163.2568,406,0,0,1,0,3.021,1.98,collision,1470.6,-0.154412,0.471141,-0.892719,0.782329,5.030985,1.064144,0.865638,5.996521,0.413518,0.402722,-0.477331,1.0,,,,,,,,,,,,,,0,lstm
284,145066,79.6263,146.9125,423,0,0,1,0,2.9954,2.073,collision,1475.5,-0.030397,0.421412,-0.829318,0.843935,4.814956,1.167928,0.487439,5.990224,0.412285,0.396544,-0.499841,1.004234,0.006485,0.012549,1.859097,0.005608,0.043257,0.084332,0.020392,0.055103,0.0001,,,,,0,lstm
285,146318,247.21,164.115,1252,0,0,1,0,1.4454,2.104,collision,1487.7,-0.020223,0.402481,-0.864062,0.841302,4.758161,1.167568,0.175683,5.995969,0.386278,0.411112,-0.989342,1.0,,,,,,,,,,,,,,0,lstm
286,146740,77.0539,164.4152,422,0,0,1,0,3.0132,2.075,collision,1491.7,-0.083254,0.417638,-0.872784,0.804687,4.928868,1.162001,0.470326,5.983729,0.408716,0.396644,-0.519865,1.003829,,,,,,,,,,,,,,0,lstm
287,147159,79.9473,148.561,419,0,0,1,0,3.044,2.038,collision,1495.8,-0.125357,0.431976,-0.889807,0.816174,4.94741,1.174295,0.416273,5.990518,0.411247,0.3975,-0.473626,1.008997,,,,,,,,,,,,,,0,lstm
288,147587,75.5095,148.1985,428,0,0,1,0,2.9628,2.135,collision,1500.8,0.025143,0.378031,-0.833244,0.800895,4.853248,1.12667,0.405766,5.984046,0.396266,0.391309,-0.547157,1.002283,0.041944,0.014378,1.859465,0.005592,0.047496,0.17657,0.012867,0.13401,0.0001,,,,,0,lstm
289,148007,77.5178,129.9718,420,0,0,1,0,3.0414,2.057,collision,1505.1,-0.072451,0.433012,-0.857786,0.847947,4.97457,1.060538,0.618081,5.987991,0.409751,0.396609,-0.523481,1.008904,,,,,,,,,,,,,,0,lstm
290,148034,-44.0134,100.3107,27,0,0,1,0,3.8343,1.958,collision,1505.4,-0.27943,0.305085,-0.80248,0.452009,4.353477,1.391049,0.799795,5.905717,0.202144,0.318755,-0.598054,1.0,,,,,,,,,,,,,,0,lstm
291,148426,78.4992,100.7121,392,0,0,1,0,2.9383,2.02,collision,1509.2,-0.071612,0.462592,-0.885595,0.83522,4.979586,1.074504,0.818974,5.991676,0.402947,0.391788,-0.379142,1.0,,,,,,,,,,,,,,0,lstm
292,149140,168.9285,91.6356,714,0,0,1,0,2.2772,2.108,collision,1516.4,-0.047463,0.402096,-0.870238,0.840685,4.882247,1.136898,0.604526,5.993651,0.413771,0.407558,-0.591662,1.0,0.00823,0.020276,1.859678,0.005576,0.071009,0.268745,0.01369,0.238824,0.0001,,,,,0,lstm
293,151259,42.6936,88.2973,2119,0,0,1,0,1.5185,2.006,collision,1536.6,-0.19995,0.431956,-0.886187,0.842976,4.905528,1.091296,0.188109,5.991947,0.36713,0.428372,-1.0,1.0,,,,,,,,,,,,,,0,lstm
294,151411,-31.0564,77.229,152,0,0,1,0,3.7909,1.899,collision,1538.1,0.248271,0.374918,-0.784907,0.869206,3.695598,1.497676,0.105912,5.92422,0.286997,0.401921,-0.925118,1.0,,,,,,,,,,,,,,0,lstm
295,151827,72.3016,59.7382,416,0,0,1,0,3.0246,2.041,collision,1542.2,-0.077097,0.447367,-0.887951,0.81019,4.8622,1.131911,0.534285,5.98873,0.410454,0.398717,-0.541367,1.0,,,,,,,,,,,,,,0,lstm
296,153078,229.7313,75.0059,1251,0,0,1,0,1.5036,2.098,collision,1555.8,-0.044627,0.403336,-0.853783,0.842889,4.771488,1.203868,0.105192,5.996092,0.384998,0.412941,-0.998425,1.0,0.018874,0.00869,1.859991,0.005559,0.04907,0.109262,0.018112,0.10493,0.0001,,,,,0,lstm
297,153502,77.506,74.7618,424,0,0,1,0,3.0023,1.99,collision,1559.9,-0.133591,0.466885,-0.892587,0.866084,5.011487,1.093442,0.36593,5.998249,0.402051,0.395088,-0.51117,1.0,,,,,,,,,,,,,,0,lstm
298,153923,76.2733,74.8381,421,0,0,1,0,3.0231,2.032,collision,1564.0,-0.089564,0.449874,-0.878121,0.784696,4.916267,1.099707,0.473407,5.993256,0.410528,0.398508,-0.511881,1.0,,,,,,,,,,,,,,0,lstm
299,156055,29.9284,70.0792,2132,0,0,1,0,1.4653,1.998,collision,1584.6,-0.21488,0.426809,-0.888875,0.825609,4.895795,1.117582,0.29805,5.993738,0.364051,0.42682,-0.999999,1.0,,,,,,,,,,,,,,0,lstm
300,156476,74.2739,81.9079,421,0,0,1,0,3.0147,2.005,collision,1589.7,-0.124198,0.466534,-0.893958,0.834584,5.020424,1.044798,0.692555,5.998809,0.406289,0.399501,-0.542287,1.0,-0.013012,0.013018,1.860413,0.005543,0.051162,0.13152,0.021733,0.108325,0.0001,,,,,0,lstm
301,158517,68.3138,80.8894,2041,0,0,1,0,1.4881,1.981,collision,1609.3,-0.2142,0.435888,-0.89092,0.873773,4.883724,1.15345,0.175188,5.997581,0.362591,0.426057,-1.0,1.0,,,,,,,,,,,,,,0,lstm
302,159804,231.8525,87.1818,1287,0,0,1,0,1.494,2.09,collision,1622.0,-0.069025,0.416648,-0.876299,0.823866,4.845484,1.119632,0.153552,5.982902,0.381685,0.411589,-0.999999,1.0,,,,,,,,,,,,,,0,lstm
303,161822,75.5507,90.4675,2018,0,0,1,0,1.5207,2.0,collision,1641.6,-0.196086,0.440808,-0.889792,0.850064,4.976932,1.044494,0.44804,5.994465,0.367722,0.426763,-1.0,1.0,,,,,,,,,,,,,,0,lstm
304,163887,46.5421,98.2274,2065,0,0,1,0,1.5145,1.989,collision,1663.9,-0.211718,0.429497,-0.884444,0.824734,4.879401,1.164938,0.392059,5.991387,0.361731,0.42674,-1.0,1.0,0.004715,0.006233,1.861081,0.005527,0.035442,0.127119,0.008502,0.105569,0.0001,,,,,0,lstm
305,164050,-24.0857,88.5886,163,0,0,1,0,3.8093,1.899,collision,1665.5,0.118056,0.433547,-0.836739,0.876608,3.673672,1.601391,0.35278,5.977837,0.304097,0.399223,-0.873686,1.011755,,,,,,,,,,,,,,0,lstm
306,164154,-40.2893,61.5866,104,0,0,1,0,3.7985,1.94,collision,1666.6,0.224581,0.376603,-0.60178,0.833885,3.665435,1.492278,0.472161,5.930858,0.289013,0.40906,-0.892243,1.0,,,,,,,,,,,,,,0,lstm
307,164870,165.7813,70.4141,716,0,0,1,0,2.3367,2.064,collision,1673.7,-0.018287,0.42094,-0.889163,0.851879,4.827358,1.215689,0.228302,5.986811,0.406105,0.405833,-0.648984,1.0,,,,,,,,,,,,,,0,lstm
308,166126,254.2957,88.2163,1256,0,0,1,0,1.4439,2.074,collision,1687.1,-0.063995,0.417995,-0.892415,0.840687,4.835316,1.164202,0.345716,5.992909,0.387012,0.411736,-1.0,1.0,-0.058809,0.015385,1.862483,0.005511,0.046959,0.207006,0.01431,0.191849,0.0001,,,,,0,lstm
309,166269,-25.7786,82.6456,143,0,0,1,0,3.8116,1.986,collision,1688.5,0.198744,0.395035,-0.804904,0.834754,3.958584,1.354429,0.499467,5.916532,0.302111,0.397654,-0.857505,1.008161,,,,,,,,,,,,,,0,lstm
310,166688,73.6353,82.5818,419,0,0,1,0,3.0459,1.921,collision,1692.7,-0.168392,0.507073,-0.894515,0.861517,5.050569,1.07424,0.561845,5.995691,0.401468,0.398735,-0.526726,1.0,,,,,,,,,,,,,,0,lstm
311,167094,78.1185,83.5622,406,0,0,1,0,2.9952,1.977,collision,1696.6,-0.172803,0.484617,-0.898201,0.81269,5.107634,0.96084,0.99013,5.994425,0.406579,0.397152,-0.509894,1.0,,,,,,,,,,,,,,0,lstm
312,168367,249.3195,85.3089,1273,0,0,1,0,1.4419,2.077,collision,1710.1,-0.060697,0.425088,-0.883017,0.856068,4.83529,1.089878,0.327541,5.987159,0.384202,0.409553,-0.999996,1.0,0.015347,0.015614,1.863352,0.005495,0.065146,0.175154,0.031073,0.117134,0.0001,,,,,0,lstm
313,168777,78.3621,85.5901,410,0,0,1,0,2.9778,2.019,collision,1714.2,-0.100847,0.461967,-0.897587,0.830977,4.940841,1.052747,1.067373,5.994433,0.411586,0.396301,-0.445767,1.0,,,,,,,,,,,,,,0,lstm
314,170856,56.1678,86.5526,2079,0,0,1,0,1.4751,1.997,collision,1734.2,-0.193499,0.434056,-0.889742,0.877574,4.848202,1.149118,0.439288,5.997056,0.36531,0.428052,-1.0,1.0,,,,,,,,,,,,,,0,lstm
315,171263,73.4883,96.3101,407,0,0,1,0,2.9996,1.923,collision,1738.1,-0.17095,0.507043,-0.896787,0.830631,5.081851,1.05361,0.180356,5.994969,0.403791,0.401652,-0.49697,1.0,,,,,,,,,,,,,,0,lstm
316,171316,-36.1489,96.7241,53,0,0,1,0,3.8451,1.676,collision,1739.7,-0.566569,0.360647,-0.890578,0.413323,5.095597,1.051423,1.944105,5.978982,0.237841,0.333706,-0.534624,1.0,0.02127,0.012201,1.863392,0.005478,0.045561,0.136888,0.014963,0.119808,0.0001,,,,,0,lstm
317,172565,274.7276,107.6187,1249,0,0,1,0,1.3697,2.062,collision,1752.0,-0.040689,0.424817,-0.892143,0.872978,4.797248,1.201243,0.136631,5.990472,0.385118,0.4074,-0.991629,1.0,,,,,,,,,,,,,,0,lstm
318,172981,78.1957,90.0087,416,0,0,1,0,3.018,2.035,collision,1756.2,-0.05932,0.443351,-0.869551,0.841125,4.970478,1.12938,0.239729,5.990903,0.416676,0.399779,-0.504969,1.00001,,,,,,,,,,,,,,0,lstm
319,173097,-25.3202,90.0546,116,0,0,1,0,3.8273,2.049,collision,1757.4,0.205062,0.373816,-0.66824,0.845033,4.08854,1.25597,0.60469,5.951559,0.293381,0.38398,-0.743254,1.010323,,,,,,,,,,,,,,0,lstm
320,173202,-32.6173,79.4293,105,0,0,1,0,3.8207,1.944,collision,1759.0,0.167396,0.41475,-0.679367,0.843587,3.676391,1.518659,0.2612,5.918104,0.288638,0.391669,-0.783771,1.0,0.010492,0.015199,1.863416,0.005462,0.046138,0.128895,0.004474,0.104413,0.0001,,,,,0,lstm
321,173328,-31.8805,68.4294,126,0,0,1,0,3.7986,2.004,collision,1760.3,0.184573,0.37884,-0.805253,0.805993,3.836935,1.425142,0.469109,5.881751,0.274316,0.389456,-0.888046,1.0,,,,,,,,,,,,,,0,lstm
322,173751,70.7024,50.5677,423,0,0,1,0,2.9706,2.059,collision,1764.4,0.048629,0.435111,-0.875655,0.856331,4.813854,1.16179,0.052436,5.990923,0.402896,0.395267,-0.676875,1.0,,,,,,,,,,,,,,0,lstm
323,174457,167.8341,59.5149,706,0,0,1,0,2.2729,2.072,collision,1771.5,-0.034102,0.432809,-0.858765,0.868977,4.99804,1.057119,0.422565,5.989309,0.419372,0.410298,-0.55279,1.0,,,,,,,,,,,,,,0,lstm
324,174870,74.2659,61.3247,413,0,0,1,0,2.996,2.018,collision,1776.1,-0.126354,0.463019,-0.891412,0.824747,5.04234,1.041337,0.681889,5.995894,0.413581,0.402651,-0.531473,1.0,-0.013784,0.021236,1.863559,0.005446,0.063297,0.205498,0.02634,0.155467,0.0001,,,,,0,lstm
325,175290,81.5012,62.126,420,0,0,1,0,2.9876,2.104,collision,1780.4,-0.042398,0.40887,-0.860732,0.841169,4.986734,1.08576,0.885163,5.996789,0.412759,0.395632,-0.460837,1.007963,,,,,,,,,,,,,,0,lstm
326,175702,76.0806,73.3489,412,0,0,1,0,3.0616,1.999,collision,1784.4,-0.146517,0.463899,-0.895463,0.877388,5.190333,0.932274,0.233202,5.995254,0.409046,0.398173,-0.446672,1.003204,,,,,,,,,,,,,,0,lstm
327,176121,74.0302,53.2792,419,0,0,1,0,2.9473,2.076,collision,1788.6,0.027489,0.434007,-0.859826,0.839356,4.970506,1.016466,1.283674,5.99304,0.40763,0.395098,-0.655649,1.0,,,,,,,,,,,,,,0,lstm
328,176547,79.6234,53.422,426,0,0,1,0,2.9894,2.054,collision,1793.3,-0.04347,0.437198,-0.879238,0.867127,4.988411,1.088011,0.575655,5.989564,0.410494,0.39716,-0.524127,1.0,-0.015026,0.025834,1.863645,0.00543,0.068934,0.182932,0.043939,0.184039,0.0001,,,,,0,lstm
329,176968,76.4036,63.5944,421,0,0,1,0,3.0741,1.985,collision,1797.5,-0.153046,0.471385,-0.888248,0.832004,5.069449,1.040555,0.629123,5.99737,0.410975,0.400533,-0.504087,1.005898,,,,,,,,,,,,,,0,lstm
330,178219,238.7665,90.7327,1251,0,0,1,0,1.4667,2.104,collision,1809.8,-0.063289,0.40865,-0.894111,0.858129,4.967143,1.088303,0.156453,5.993771,0.386539,0.4126,-0.999992,1.0,,,,,,,,,,,,,,0,lstm
331,178636,80.7085,101.9916,417,0,0,1,0,2.9846,2.053,collision,1814.0,-0.092706,0.443428,-0.876682,0.823693,5.059503,0.99583,1.038787,5.989056,0.412762,0.39572,-0.477923,1.0,,,,,,,,,,,,,,0,lstm
332,179052,77.424,102.6638,416,0,0,1,0,3.0172,1.977,collision,1819.7,-0.163234,0.48395,-0.89907,0.830274,5.189689,0.982055,0.378183,5.997224,0.409168,0.399639,-0.50769,1.0,-0.013891,0.016399,1.86361,0.005414,0.062932,0.124773,0.021619,0.098848,0.0001,,,,,0,lstm
333,179472,79.5876,93.8392,420,0,0,1,0,2.9599,2.07,collision,1823.9,-0.035683,0.436407,-0.874625,0.844373,4.947042,1.027762,0.565091,5.987049,0.408648,0.394464,-0.485964,1.0,,,,,,,,,,,,,,0,lstm
334,179894,78.1789,94.2305,422,0,0,1,0,2.9871,1.98,collision,1827.9,-0.141593,0.489495,-0.896562,0.851498,5.210363,0.834321,1.685286,5.994961,0.406711,0.396998,-0.514145,1.0,,,,,,,,,,,,,,0,lstm
335,180322,81.4278,94.2231,428,0,0,1,0,2.9718,2.065,collision,1832.0,-0.098538,0.428471,-0.881557,0.832144,5.045712,1.020169,0.505787,5.984727,0.409243,0.395462,-0.486151,1.0,,,,,,,,,,,,,,0,lstm
336,180759,79.7999,94.5951,437,0,0,1,0,2.9822,2.118,collision,1836.9,0.037381,0.402603,-0.841044,0.816289,4.989218,1.062897,1.140517,5.984405,0.404744,0.396545,-0.60307,1.011796,-0.015081,0.025606,1.863304,0.005397,0.069953,0.136331,0.025624,0.079208,0.0001,,,,,0,lstm
337,181177,69.9266,94.1847,418,0,0,1,0,3.0065,2.081,collision,1841.0,0.033268,0.428489,-0.88978,0.831064,5.036866,1.00685,0.695262,5.995706,0.407329,0.399068,-0.72394,1.0,,,,,,,,,,,,,,0,lstm
338,181592,74.8648,93.7088,415,0,0,1,0,3.0063,2.064,collision,1845.1,-0.02059,0.442001,-0.878605,0.827865,5.041506,1.021276,0.342534,5.991016,0.417596,0.400851,-0.50703,1.0,,,,,,,,,,,,,,0,lstm
339,182000,76.0301,93.6715,408,0,0,1,0,3.0155,2.07,collision,1849.3,-0.054138,0.435632,-0.892479,0.861514,5.125801,1.023534,0.608214,5.99319,0.4186,0.399561,-0.467696,1.000029,,,,,,,,,,,,,,0,lstm
340,182424,79.6543,77.7603,424,0,0,1,0,3.0688,1.963,collision,1854.0,-0.141572,0.474473,-0.895838,0.84654,5.081544,1.082085,0.383963,5.993789,0.40614,0.396535,-0.462482,1.008008,-0.0096,0.0231,1.863116,0.005381,0.074714,0.065904,0.020205,0.070947,0.0001,,,,,0,lstm
341,183132,171.1016,86.7996,708,0,0,1,0,2.2849,2.119,collision,1860.8,-0.050879,0.408934,-0.88991,0.857,5.104426,0.981161,0.376765,5.995946,0.414784,0.40818,-0.559992,1.0,,,,,,,,,,,,,,0,lstm
342,183554,81.0194,87.1591,422,0,0,1,0,3.0495,2.018,collision,1865.0,-0.137403,0.458052,-0.894578,0.796459,5.106044,1.029286,0.787074,5.998801,0.411516,0.397251,-0.478446,1.010235,,,,,,,,,,,,,,0,lstm
343,183971,76.5107,86.8514,417,0,0,1,0,3.0461,2.035,collision,1869.0,-0.096816,0.452113,-0.885637,0.828537,5.095176,1.042017,0.611351,5.990988,0.417809,0.400867,-0.532804,1.004535,,,,,,,,,,,,,,0,lstm
344,186124,17.7901,80.8125,2153,0,0,1,0,1.5003,1.974,collision,1890.7,-0.209187,0.446822,-0.893366,0.852389,5.053243,1.088944,0.244164,5.994117,0.366272,0.426622,-1.0,1.0,0.001459,0.012922,1.863042,0.005365,0.05327,0.115103,0.009125,0.111938,0.0001,,,,,0,lstm
345,188231,36.5709,76.3268,2107,0,0,1,0,1.4647,1.989,collision,1911.0,-0.229562,0.432499,-0.894818,0.870353,5.068744,1.011497,0.439462,5.99718,0.365892,0.428896,-1.0,1.0,,,,,,,,,,,,,,0,lstm
346,188645,74.1431,75.7612,414,0,0,1,0,3.0547,2.048,collision,1915.1,-0.002208,0.441405,-0.875061,0.837256,5.101032,0.986305,0.247475,5.994269,0.421319,0.404214,-0.633744,1.008603,,,,,,,,,,,,,,0,lstm
347,190776,27.9233,71.5608,2131,0,0,1,0,1.4357,1.973,collision,1935.9,-0.215867,0.451519,-0.889232,0.828709,5.095709,0.997136,0.527068,5.993086,0.364751,0.427575,-0.999999,1.0,,,,,,,,,,,,,,0,lstm
348,192892,16.4662,65.721,2116,0,0,1,0,1.4818,1.979,collision,1959.6,-0.224096,0.442601,-0.89293,0.830392,5.045217,1.023477,0.523189,5.99446,0.366187,0.428228,-1.0,1.0,0.001452,0.008344,1.862824,0.005349,0.035392,0.131632,0.008514,0.128081,0.0001,,,,,0,lstm
349,193308,78.5301,65.971,416,0,0,1,0,2.9876,2.014,collision,1963.6,-0.116584,0.471565,-0.89576,0.827192,5.156057,0.950105,1.010744,5.988129,0.412409,0.399161,-0.500388,1.0,,,,,,,,,,,,,,0,lstm
350,194559,265.2549,84.531,1251,0,0,1,0,1.4204,2.072,collision,1975.8,-0.060722,0.428498,-0.887361,0.836867,5.030593,1.040571,0.058422,5.992539,0.389557,0.411612,-0.983735,1.0,,,,,,,,,,,,,,0,lstm
351,194975,78.4336,75.2642,416,0,0,1,0,3.0603,2.011,collision,1979.8,-0.110076,0.470726,-0.894025,0.840739,5.209101,0.876382,0.993855,5.994509,0.420992,0.403366,-0.482206,1.007757,,,,,,,,,,,,,,0,lstm
352,195101,-28.5983,64.3025,126,0,0,1,0,3.8155,2.012,collision,1981.9,0.121812,0.415535,-0.792502,0.803245,4.437274,1.407307,0.735528,5.947526,0.282698,0.383153,-0.807552,1.005612,0.010839,0.012401,1.862795,0.005333,0.053374,0.19626,0.020053,0.185838,0.0001,,,,,0,lstm
353,195516,74.9365,64.1451,415,0,0,1,0,3.0247,2.053,collision,1986.1,-0.081829,0.449424,-0.886976,0.830553,5.180784,0.952746,0.927164,5.993068,0.41358,0.398938,-0.485399,1.0,,,,,,,,,,,,,,0,lstm
354,195943,72.5354,69.6196,427,0,0,1,0,3.008,2.12,collision,1990.3,0.051347,0.412545,-0.856865,0.782055,5.091367,0.960327,1.048537,5.993484,0.409649,0.399702,-0.662727,1.007034,,,,,,,,,,,,,,0,lstm
355,196358,76.5542,73.6179,415,0,0,1,0,3.0731,1.959,collision,1994.3,-0.173896,0.489595,-0.896168,0.784694,5.22913,0.926075,1.556408,5.990445,0.407758,0.399466,-0.480524,1.000571,,,,,,,,,,,,,,0,lstm
356,196778,79.7074,74.1743,420,0,0,1,0,3.0605,2.001,collision,1998.9,-0.118344,0.472948,-0.896068,0.802211,5.162617,0.968679,0.958708,5.995717,0.413319,0.398427,-0.447876,1.009307,-0.02136,0.021413,1.863025,0.005316,0.068068,0.154689,0.029404,0.13386,0.0001,,,,,0,lstm
357,197188,70.9947,78.4815,410,0,0,1,0,3.079,1.939,collision,2002.8,-0.211435,0.490811,-0.897841,0.796897,5.264347,0.87615,1.772462,5.989761,0.39794,0.403292,-0.515616,1.0,,,,,,,,,,,,,,0,lstm
358,198435,252.7082,102.1057,1247,0,0,1,0,1.4555,2.111,collision,2015.2,-0.050206,0.405121,-0.892882,0.857324,5.018446,1.075901,0.082145,5.996559,0.388601,0.411823,-0.999928,1.0,,,,,,,,,,,,,,0,lstm
359,200566,22.2519,96.4779,2131,0,0,1,0,1.4511,1.983,collision,2036.4,-0.20186,0.447939,-0.8955,0.860321,5.021366,1.06662,0.302346,5.996231,0.367579,0.429084,-0.999999,1.0,,,,,,,,,,,,,,0,lstm
360,201812,248.8945,94.8418,1246,0,0,1,0,1.4606,2.103,collision,2050.6,-0.041564,0.407031,-0.875231,0.846511,5.014766,1.063819,0.457486,5.993349,0.388779,0.411308,-1.0,1.0,0.019024,0.008292,1.863467,0.0053,0.031679,0.160428,0.012266,0.163484,0.0001,,,,,0,lstm
361,202211,71.0932,94.1078,399,0,0,1,0,3.0473,1.878,collision,2054.5,-0.246631,0.512453,-0.896855,0.736362,5.261349,0.872465,0.898893,5.997561,0.389832,0.399131,-0.645108,1.0,,,,,,,,,,,,,,0,lstm
362,202631,79.1278,104.8804,420,0,0,1,0,3.0081,2.057,collision,2058.7,-0.057623,0.443108,-0.878529,0.825348,5.139339,0.976879,0.711034,5.994596,0.415547,0.3991,-0.475594,1.002453,,,,,,,,,,,,,,0,lstm
363,203872,275.0877,124.8955,1241,0,0,1,0,1.3536,2.082,collision,2070.5,-0.019392,0.424199,-0.889084,0.864982,5.002298,1.117899,0.134499,5.994754,0.385558,0.409489,-0.972169,1.0,,,,,,,,,,,,,,0,lstm
364,204277,75.1872,125.1607,405,0,0,1,0,3.0287,1.955,collision,2075.3,-0.159699,0.497001,-0.898196,0.801606,5.277576,0.865267,0.91921,5.996595,0.411425,0.401094,-0.468267,1.0,-0.000934,0.015003,1.864272,0.005284,0.057757,0.177129,0.009436,0.149659,0.0001,,,,,0,lstm
365,204678,75.1638,125.0217,401,0,0,1,0,3.0212,2.014,collision,2079.1,-0.101738,0.472154,-0.899181,0.840006,5.261363,0.896853,0.164797,5.993306,0.41771,0.402096,-0.48871,1.0,,,,,,,,,,,,,,0,lstm
366,205091,81.3364,125.1846,413,0,0,1,0,2.9451,2.049,collision,2083.1,-0.030531,0.444956,-0.885171,0.87423,5.137444,1.048004,0.683807,5.995651,0.409055,0.393138,-0.426096,1.0,,,,,,,,,,,,,,0,lstm
367,205492,73.244,125.4095,401,0,0,1,0,3.0314,1.902,collision,2087.1,-0.233106,0.508727,-0.895204,0.857223,5.272989,0.901022,0.772454,5.996132,0.400009,0.399096,-0.626968,1.0,,,,,,,,,,,,,,0,lstm
368,205888,78.2039,107.959,396,0,0,1,0,2.9336,2.028,collision,2091.8,-0.064447,0.468989,-0.888446,0.834182,5.16274,0.923963,1.514606,5.990327,0.409151,0.396015,-0.41386,1.0,-0.029273,0.027368,1.86501,0.005268,0.086663,0.185493,0.046153,0.178124,0.0001,,,,,0,lstm
369,206302,76.7082,113.4047,414,0,0,1,0,3.0239,2.043,collision,2095.8,-0.089151,0.454113,-0.898195,0.842226,5.16929,0.989129,0.411146,5.994363,0.413587,0.397719,-0.494691,1.0,,,,,,,,,,,,,,0,lstm
370,208315,60.3299,94.5482,2013,0,0,1,0,1.4848,1.979,collision,2115.4,-0.201982,0.448603,-0.894594,0.814134,4.992453,1.097833,0.149414,5.996775,0.361714,0.42678,-1.0,1.0,,,,,,,,,,,,,,0,lstm
371,210384,69.1498,94.3539,2069,0,0,1,0,1.44,1.96,collision,2135.3,-0.231215,0.446073,-0.89759,0.823386,5.050694,1.089949,0.150815,5.995347,0.367815,0.428254,-1.0,1.0,,,,,,,,,,,,,,0,lstm
372,210797,78.5253,94.2936,413,0,0,1,0,2.9989,2.031,collision,2141.0,-0.097714,0.459217,-0.893357,0.83531,5.252587,0.901726,0.718744,5.995312,0.414411,0.398805,-0.50019,1.0,0.028875,0.008494,1.865935,0.005252,0.048231,0.100729,0.018726,0.095182,0.0001,,,,,0,lstm
373,211217,80.2331,74.8082,420,0,0,1,0,3.0515,2.0,collision,2145.1,-0.138216,0.468843,-0.891906,0.822507,5.222351,0.950243,0.538285,5.995976,0.413526,0.398684,-0.471798,1.007838,,,,,,,,,,,,,,0,lstm
374,211923,171.0408,84.3935,706,0,0,1,0,2.2861,2.073,collision,2152.1,-0.037659,0.439739,-0.887281,0.833488,5.085474,0.987588,0.697355,5.990173,0.415918,0.407435,-0.532013,1.0,,,,,,,,,,,,,,0,lstm
375,213181,246.1792,101.4951,1258,0,0,1,0,1.4374,2.092,collision,2164.3,-0.054707,0.420102,-0.891302,0.848828,5.010104,1.063179,0.542937,5.993892,0.384245,0.409205,-1.0,1.0,,,,,,,,,,,,,,0,lstm
376,213594,78.0098,101.1624,413,0,0,1,0,3.0382,2.062,collision,2169.1,-0.075384,0.444451,-0.894464,0.79064,5.196826,0.88262,1.414311,5.995091,0.417982,0.399827,-0.446366,1.008368,-0.010469,0.013641,1.866257,0.005235,0.047315,0.165293,0.016309,0.121236,0.0001,,,,,0,lstm
377,215068,176.7279,111.5108,1474,0,0,1,0,1.6603,2.076,collision,2182.9,0.028438,0.431301,-0.881303,0.87407,5.007712,1.082291,0.275702,5.996679,0.392621,0.42981,-0.999996,1.0,,,,,,,,,,,,,,0,lstm
378,215786,176.0315,121.2936,718,0,0,1,0,2.2566,2.042,collision,2189.4,-0.07602,0.453841,-0.893249,0.828031,5.183707,0.927492,0.878991,5.995647,0.419193,0.410887,-0.582568,1.0,,,,,,,,,,,,,,0,lstm
379,216188,75.7954,121.2023,402,0,0,1,0,2.9913,1.909,collision,2193.0,-0.198904,0.509864,-0.897607,0.84946,5.307687,0.900415,0.724404,5.994181,0.406217,0.399765,-0.443454,1.0,,,,,,,,,,,,,,0,lstm
380,216595,70.4307,122.2123,407,0,0,1,0,3.0445,1.931,collision,2198.1,-0.163087,0.512959,-0.898177,0.850868,5.274437,0.882896,0.478555,5.992173,0.392588,0.39786,-0.486538,1.0,-0.030264,0.013638,1.866644,0.005219,0.054567,0.086768,0.010547,0.069298,0.0001,,,,,0,lstm
381,217012,74.4963,122.747,417,0,0,1,0,3.0166,2.096,collision,2201.9,0.031419,0.426976,-0.894629,0.854998,5.258441,0.800818,0.86201,5.991366,0.41458,0.399948,-0.590431,1.00657,,,,,,,,,,,,,,0,lstm
382,217424,82.5113,123.1456,412,0,0,1,0,2.9829,2.097,collision,2205.7,-0.029111,0.428114,-0.856257,0.776737,5.25845,0.832769,0.938777,5.98975,0.419533,0.399323,-0.423219,1.005753,,,,,,,,,,,,,,0,lstm
383,217830,76.8536,122.8076,406,0,0,1,0,2.9354,2.053,collision,2209.7,0.030506,0.453214,-0.887657,0.846929,5.226193,0.929903,1.136462,5.994047,0.406703,0.39412,-0.647915,1.0,,,,,,,,,,,,,,0,lstm
384,218236,81.1917,113.8227,406,0,0,1,0,2.9681,2.025,collision,2214.2,-0.130994,0.465943,-0.897046,0.798233,5.302114,0.828736,2.053923,5.995722,0.414433,0.397749,-0.410363,1.0,-0.004107,0.023131,1.8666,0.005203,0.076832,0.105221,0.022288,0.10809,0.0001,,,,,0,lstm
385,218938,170.4102,106.2458,702,0,0,1,0,2.2586,2.055,collision,2221.0,-0.103977,0.4497,-0.895723,0.837917,5.250119,0.83359,1.371689,5.997796,0.417028,0.40815,-0.543762,1.0,,,,,,,,,,,,,,0,lstm
386,219353,79.7721,106.4221,415,0,0,1,0,3.0501,1.993,collision,2225.2,-0.140377,0.479368,-0.896622,0.789793,5.284675,0.870386,0.881821,5.998323,0.413425,0.39856,-0.453476,1.004565,,,,,,,,,,,,,,0,lstm
387,219494,-40.0577,84.7435,141,0,0,1,0,3.7794,1.989,collision,2226.6,0.192337,0.39881,-0.742972,0.835239,4.190361,1.377172,0.491389,5.94226,0.287573,0.41263,-0.960935,1.0,,,,,,,,,,,,,,0,lstm
388,219902,74.1924,74.5596,408,0,0,1,0,2.9875,2.003,collision,2231.3,-0.096586,0.483013,-0.889975,0.820155,5.226599,0.85312,1.430006,5.996209,0.412537,0.399367,-0.528795,1.0,-0.013317,0.017004,1.866629,0.005187,0.075142,0.200686,0.009237,0.176134,0.0001,,,,,0,lstm
389,220308,71.039,74.0839,406,0,0,1,0,3.0396,1.895,collision,2235.2,-0.212844,0.519585,-0.89743,0.821253,5.339724,0.812154,1.856097,5.998487,0.399008,0.402442,-0.511862,1.0,,,,,,,,,,,,,,0,lstm
390,222403,40.8464,71.1255,2095,0,0,1,0,1.4607,1.995,collision,2255.6,-0.197633,0.443203,-0.889279,0.841917,5.129638,1.00105,0.486196,5.998204,0.364327,0.428128,-1.0,1.0,,,,,,,,,,,,,,0,lstm
391,222813,74.6616,71.142,410,0,0,1,0,3.0422,1.963,collision,2259.7,-0.1482,0.49919,-0.895053,0.801282,5.31598,0.839099,1.114763,5.993212,0.412998,0.401989,-0.515014,1.0,,,,,,,,,,,,,,0,lstm
392,223525,168.6864,79.7596,712,0,0,1,0,2.2803,2.075,collision,2267.8,-0.095601,0.433899,-0.893271,0.842074,5.149197,0.947208,1.131364,5.994734,0.412945,0.409162,-0.590277,1.0,0.00173,0.009873,1.86695,0.005171,0.049099,0.08066,0.009907,0.067356,0.0001,,,,,0,lstm
393,223637,-29.7488,69.0993,112,0,0,1,0,3.8204,2.067,collision,2269.0,0.169186,0.397041,-0.726297,0.838997,4.37446,1.270851,0.806634,5.973269,0.290172,0.38827,-0.78994,1.003137,,,,,,,,,,,,,,0,lstm
394,224053,75.7586,68.556,416,0,0,1,0,3.0734,1.986,collision,2273.0,-0.196967,0.45831,-0.897266,0.831965,5.274362,0.886933,1.506093,5.996967,0.399808,0.397036,-0.58589,1.004913,,,,,,,,,,,,,,0,lstm
395,224473,78.3626,59.3512,420,0,0,1,0,3.0473,2.008,collision,2277.2,-0.148558,0.470353,-0.895928,0.830908,5.20936,0.905937,1.231173,5.997311,0.40581,0.396331,-0.46965,1.004632,,,,,,,,,,,,,,0,lstm
396,224877,70.5251,58.4265,404,0,0,1,0,3.0248,1.901,collision,2281.8,-0.204069,0.515292,-0.89805,0.852068,5.245802,0.946279,0.729765,5.99506,0.397548,0.400654,-0.536326,1.0,-0.032457,0.021197,1.867277,0.005154,0.077734,0.323305,0.027807,0.311901,0.0001,,,,,0,lstm
397,225291,74.4247,69.8748,414,0,0,1,0,3.0126,2.046,collision,2285.8,-0.115434,0.45324,-0.895749,0.832315,5.197616,0.944217,0.963974,5.993467,0.409293,0.398535,-0.50612,1.0,,,,,,,,,,,,,,0,lstm
398,227398,25.6819,65.0237,2107,0,0,1,0,1.5171,1.984,collision,2306.3,-0.2133,0.441782,-0.893696,0.848588,5.151608,0.978665,0.197309,5.99768,0.365091,0.427424,-1.0,1.0,,,,,,,,,,,,,,0,lstm
399,227818,76.802,65.6,420,0,0,1,0,3.0077,2.032,collision,2310.3,-0.127275,0.455107,-0.895808,0.793164,5.179088,0.971517,0.595112,5.996396,0.41078,0.398352,-0.501156,1.0,,,,,,,,,,,,,,0,lstm
400,228235,71.7467,68.6901,417,0,0,1,0,3.1093,1.938,collision,2315.6,-0.225735,0.490725,-0.897786,0.814971,5.240581,0.895781,1.079582,5.998777,0.391025,0.399074,-0.513953,1.002256,0.004917,0.010946,1.867634,0.005138,0.050343,0.134374,0.01182,0.12106,0.0001,,,,,0,lstm
401,229516,218.1626,83.0402,1281,0,0,1,0,1.5483,2.091,collision,2328.2,-0.077517,0.418936,-0.884209,0.841604,5.092493,0.998644,0.336922,5.997977,0.380487,0.411811,-1.0,1.0,,,,,,,,,,,,,,0,lstm
402,229934,75.2172,73.6933,418,0,0,1,0,3.069,1.958,collision,2332.3,-0.205564,0.476653,-0.896973,0.81034,5.219766,1.007354,0.422745,5.999038,0.401958,0.39789,-0.51043,1.000191,,,,,,,,,,,,,,0,lstm
403,231600,-49.4925,71.7189,1666,0,0,1,0,1.5476,2.07,collision,2348.7,-0.072269,0.419271,-0.894941,0.874776,4.891481,1.215507,0.137611,5.994949,0.362243,0.418548,-1.0,1.0,,,,,,,,,,,,,,0,lstm
404,232027,73.3789,71.4809,427,0,0,1,0,2.9885,1.927,collision,2353.7,-0.195803,0.498503,-0.89467,0.828616,5.294429,0.956075,0.349672,5.999258,0.390607,0.393587,-0.642985,1.0,0.015186,0.010945,1.868052,0.005122,0.037604,0.117624,0.007612,0.118614,0.0001,,,,,0,lstm
405,232457,72.5821,70.9029,430,0,0,1,0,2.9857,2.129,collision,2358.0,0.043692,0.390691,-0.797673,0.849439,5.068296,1.014075,0.813473,5.993076,0.404505,0.397172,-0.672739,1.004507,,,,,,,,,,,,,,0,lstm
406,232533,-38.4104,60.0093,76,0,0,1,0,3.8151,2.018,collision,2358.8,0.275938,0.339886,-0.728008,0.85752,4.271409,1.444931,0.424384,5.951643,0.262971,0.382377,-0.802339,1.0,,,,,,,,,,,,,,0,lstm
407,232955,72.5304,59.8199,422,0,0,1,0,3.0003,2.073,collision,2363.1,0.008004,0.434545,-0.87828,0.855988,5.167157,0.964328,1.016292,5.995618,0.405901,0.395827,-0.540249,1.0,,,,,,,,,,,,,,0,lstm
408,234943,73.0983,64.5615,1988,0,0,1,0,1.5407,1.982,collision,2383.1,-0.223284,0.441349,-0.893354,0.824332,5.15253,0.996084,0.575927,5.998938,0.368239,0.427788,-1.0,1.0,0.042352,0.012096,1.868469,0.005106,0.048532,0.09273,0.013731,0.057694,0.0001,,,,,0,lstm
409,235057,-32.6914,53.6122,114,0,0,1,0,3.8183,2.084,collision,2384.3,0.075286,0.409614,-0.715416,0.824102,4.576182,1.169085,0.194776,5.984983,0.300379,0.397903,-0.798961,1.000609,,,,,,,,,,,,,,0,lstm
410,235473,73.6865,53.8062,416,0,0,1,0,2.9956,2.012,collision,2388.4,-0.105171,0.474413,-0.897958,0.83633,5.334411,0.826662,1.065413,5.996883,0.411285,0.400228,-0.537156,1.0,,,,,,,,,,,,,,0,lstm
411,235898,78.8773,39.8776,425,0,0,1,0,3.0469,2.007,collision,2392.5,-0.168825,0.465934,-0.897441,0.820037,5.335635,0.776425,0.825367,5.996716,0.406897,0.397747,-0.509216,1.005056,,,,,,,,,,,,,,0,lstm
412,236323,76.6595,40.0219,425,0,0,1,0,3.006,2.01,collision,2397.2,-0.118743,0.469005,-0.891916,0.876791,5.295638,0.895446,0.777419,5.994574,0.408231,0.398323,-0.522895,1.0,-0.016163,0.023695,1.868658,0.00509,0.071393,0.087929,0.02906,0.100314,0.0001,,,,,0,lstm
413,236740,75.6107,52.5322,417,0,0,1,0,3.0311,2.071,collision,2401.4,-0.092148,0.442057,-0.888199,0.836077,5.299902,0.855047,1.020562,5.998081,0.413202,0.398692,-0.524172,1.004756,,,,,,,,,,,,,,0,lstm
414,237175,79.5685,53.1512,435,0,0,1,0,2.9852,2.091,collision,2405.7,-0.005361,0.425544,-0.819667,0.867707,5.099749,1.002285,0.919682,5.993787,0.404237,0.394467,-0.511179,1.008024,,,,,,,,,,,,,,0,lstm
415,237596,74.9012,53.3831,421,0,0,1,0,3.069,2.015,collision,2409.8,-0.118196,0.470335,-0.884291,0.833196,5.276832,0.926298,0.423231,5.993638,0.412701,0.400581,-0.520565,1.006491,,,,,,,,,,,,,,0,lstm
416,238027,75.8303,64.8071,431,0,0,1,0,3.0853,1.985,collision,2414.8,-0.209898,0.462448,-0.894335,0.817275,5.350612,0.855588,0.496742,5.997046,0.399568,0.399059,-0.599396,1.010649,-0.013384,0.021075,1.868871,0.005073,0.069117,0.132959,0.017626,0.060332,0.0001,,,,,0,lstm
417,240074,61.1084,63.6649,2047,0,0,1,0,1.4977,1.973,collision,2434.6,-0.231446,0.443578,-0.893757,0.812917,5.16394,0.996059,0.138006,5.996096,0.366444,0.427941,-1.0,1.0,,,,,,,,,,,,,,0,lstm
418,240500,75.9404,63.9491,426,0,0,1,0,3.0212,2.011,collision,2438.9,-0.116342,0.46955,-0.891693,0.786589,5.214585,0.889703,0.784961,5.998307,0.40814,0.398082,-0.574922,1.0,,,,,,,,,,,,,,0,lstm
419,240917,71.9309,74.4114,417,0,0,1,0,3.0313,2.108,collision,2443.1,0.02534,0.418611,-0.885004,0.863334,5.190314,0.96009,0.194078,5.993707,0.413679,0.400581,-0.627696,1.008767,,,,,,,,,,,,,,0,lstm
420,241343,76.612,74.7039,426,0,0,1,0,2.9549,2.104,collision,2448.4,0.005991,0.417981,-0.862157,0.847072,5.104129,0.994911,0.653993,5.992922,0.406103,0.396107,-0.545111,1.0,0.011386,0.012325,1.869526,0.005057,0.047797,0.150043,0.006378,0.138244,0.0001,,,,,0,lstm
421,241761,74.5857,74.2748,418,0,0,1,0,3.0327,2.076,collision,2452.6,-0.064399,0.440161,-0.883209,0.849555,5.277954,0.779695,1.563813,5.985297,0.415886,0.401601,-0.549304,1.005772,,,,,,,,,,,,,,0,lstm
422,242186,77.3675,74.3456,425,0,0,1,0,2.9968,2.067,collision,2456.7,-0.082551,0.448492,-0.893499,0.833571,5.272471,0.789592,1.857021,5.991854,0.404124,0.39441,-0.487273,1.0,,,,,,,,,,,,,,0,lstm
423,242613,79.0361,74.6881,427,0,0,1,0,2.9584,2.095,collision,2461.0,-0.010862,0.424213,-0.895685,0.81296,5.208085,0.951233,0.638903,5.996353,0.40687,0.394929,-0.541436,1.0,,,,,,,,,,,,,,0,lstm
424,243043,76.9711,74.4284,430,0,0,1,0,2.9805,2.117,collision,2465.7,0.012977,0.40796,-0.836639,0.811794,5.166389,0.970817,0.683747,5.995588,0.408902,0.397417,-0.587444,1.004914,-0.001237,0.022111,1.869967,0.005041,0.068533,0.18547,0.017059,0.132682,0.0001,,,,,0,lstm
425,244292,246.3047,91.5687,1249,0,0,1,0,1.4353,2.096,collision,2477.8,-0.045536,0.418382,-0.883131,0.835291,5.121296,1.017445,0.565187,5.996519,0.385225,0.410325,-1.0,1.0,,,,,,,,,,,,,,0,lstm
426,244709,74.943,91.48,417,0,0,1,0,2.9854,2.094,collision,2482.0,-0.010313,0.43208,-0.880342,0.856333,5.278533,0.867937,1.150694,5.996235,0.414288,0.397917,-0.504796,1.0,,,,,,,,,,,,,,0,lstm
427,245122,73.8045,92.7496,413,0,0,1,0,3.0095,2.037,collision,2486.0,-0.104926,0.461922,-0.889733,0.855709,5.340175,0.856402,0.694226,5.991711,0.410124,0.397942,-0.4778,1.0,,,,,,,,,,,,,,0,lstm
428,245534,77.3713,92.8927,412,0,0,1,0,3.0525,1.991,collision,2490.9,-0.158079,0.470894,-0.896862,0.778896,5.41373,0.681275,1.738193,5.995782,0.413466,0.400545,-0.468336,1.000412,-0.057755,0.021702,1.870335,0.005025,0.062898,0.250825,0.015846,0.219319,0.0001,,,,,0,lstm
429,246998,158.9084,101.5904,1464,0,0,1,0,1.7408,2.079,collision,2504.8,0.004299,0.431985,-0.892604,0.862985,5.169252,0.98121,0.593796,5.994467,0.390407,0.430415,-1.0,1.0,,,,,,,,,,,,,,0,lstm
430,247414,77.9429,101.7235,416,0,0,1,0,2.9672,2.091,collision,2508.9,-0.043019,0.42771,-0.876713,0.838977,5.33166,0.767287,1.245124,5.996979,0.41557,0.398583,-0.524222,1.0,,,,,,,,,,,,,,0,lstm
431,248661,253.1895,119.5839,1247,0,0,1,0,1.43,2.124,collision,2520.9,-0.037093,0.400228,-0.858611,0.854261,5.172026,0.961285,0.404944,5.997284,0.385972,0.410612,-0.997177,1.0,,,,,,,,,,,,,,0,lstm
432,249918,254.9008,137.3372,1257,0,0,1,0,1.4446,2.125,collision,2535.2,-0.043264,0.395874,-0.868349,0.838742,5.149187,1.001044,0.371627,5.995848,0.387268,0.411443,-0.999517,1.0,0.016043,0.00855,1.870998,0.005009,0.034012,0.126792,0.014426,0.113299,0.0001,,,,,0,lstm
433,250345,78.6451,137.2981,427,0,0,1,0,2.999,2.041,collision,2539.3,-0.083871,0.455138,-0.894251,0.836886,5.246234,0.882689,0.755223,5.996317,0.406991,0.39397,-0.52162,1.0,,,,,,,,,,,,,,0,lstm
434,250759,77.1071,137.3117,414,0,0,1,0,3.0571,1.951,collision,2543.4,-0.201592,0.486818,-0.893963,0.824137,5.368382,0.881021,0.382207,5.997884,0.407774,0.399466,-0.50387,1.0,,,,,,,,,,,,,,0,lstm
435,251178,75.2795,120.2092,419,0,0,1,0,3.0086,2.087,collision,2547.4,0.027822,0.427099,-0.849634,0.810564,5.239171,0.903746,0.607436,5.992565,0.414177,0.399589,-0.568269,1.005034,,,,,,,,,,,,,,0,lstm
436,251593,76.6059,120.3755,415,0,0,1,0,3.0063,2.081,collision,2552.4,0.0023,0.429673,-0.856044,0.829756,5.264598,0.912657,1.429447,5.994137,0.418,0.401731,-0.653323,1.003613,-0.011654,0.021821,1.871268,0.004992,0.071329,0.252669,0.035712,0.233394,0.0001,,,,,0,lstm
437,252013,79.8239,120.9774,420,0,0,1,0,2.992,2.11,collision,2556.4,-0.012816,0.41543,-0.853797,0.839135,5.294158,0.789311,1.063016,5.996771,0.411686,0.395025,-0.449783,1.008895,,,,,,,,,,,,,,0,lstm
438,252430,81.019,121.3422,417,0,0,1,0,3.0063,2.051,collision,2560.4,-0.133047,0.449596,-0.893344,0.809637,5.352209,0.803853,1.631081,5.997834,0.409583,0.395839,-0.426904,1.002478,,,,,,,,,,,,,,0,lstm
439,253135,167.148,122.1662,705,0,0,1,0,2.3211,2.079,collision,2567.2,-0.06039,0.433817,-0.889679,0.861616,5.251462,0.961776,0.263893,5.997509,0.413781,0.4081,-0.549119,1.0,,,,,,,,,,,,,,0,lstm
440,253845,169.7918,131.3511,710,0,0,1,0,2.2819,2.06,collision,2574.9,-0.075474,0.44458,-0.892628,0.862457,5.305314,0.830452,0.642808,5.99215,0.417527,0.409203,-0.577493,1.0,0.034171,0.017129,1.871224,0.004976,0.062857,0.177386,0.015773,0.158597,0.0001,,,,,0,lstm
441,254259,80.2971,114.0618,414,0,0,1,0,2.9852,2.054,collision,2578.9,-0.072791,0.45185,-0.8887,0.863858,5.345659,0.830604,0.834695,5.9969,0.416197,0.398363,-0.45376,1.0,,,,,,,,,,,,,,0,lstm
442,254671,75.9831,96.1701,412,0,0,1,0,3.0216,2.106,collision,2582.9,0.000872,0.424371,-0.854166,0.827165,5.348715,0.762288,1.992917,5.9941,0.419557,0.400941,-0.476325,1.007917,,,,,,,,,,,,,,0,lstm
443,255087,77.8344,96.089,416,0,0,1,0,2.975,2.11,collision,2586.9,0.016777,0.419259,-0.868855,0.852323,5.276408,0.841076,0.588063,5.991544,0.415059,0.399107,-0.565689,1.001603,,,,,,,,,,,,,,0,lstm
444,255506,73.1605,95.6943,419,0,0,1,0,3.0406,2.075,collision,2591.5,0.022237,0.435525,-0.872672,0.872844,5.286324,0.943055,0.435148,5.986203,0.420493,0.404688,-0.671982,1.009299,-0.008658,0.021999,1.871444,0.00496,0.071929,0.168658,0.028767,0.134661,0.0001,,,,,0,lstm
445,256216,172.0622,105.3726,710,0,0,1,0,2.2721,2.044,collision,2598.4,-0.094015,0.456929,-0.898944,0.795615,5.33344,0.785722,1.160948,5.995894,0.416709,0.40947,-0.566342,1.0,,,,,,,,,,,,,,0,lstm
446,256635,76.0311,105.3151,419,0,0,1,0,2.9629,2.121,collision,2602.5,0.033807,0.40792,-0.814894,0.869199,5.168847,0.92786,0.863194,5.992228,0.414583,0.399368,-0.60284,1.0,,,,,,,,,,,,,,0,lstm
447,257044,78.6073,105.1935,409,0,0,1,0,3.0697,1.986,collision,2606.5,-0.167127,0.481066,-0.895618,0.821319,5.42782,0.746579,0.804298,5.997276,0.415988,0.402443,-0.414766,1.005105,,,,,,,,,,,,,,0,lstm
448,257456,75.3723,104.6288,412,0,0,1,0,3.0584,1.99,collision,2611.0,-0.136807,0.481004,-0.892437,0.839317,5.348735,0.804261,1.33362,5.99661,0.413024,0.40134,-0.480078,1.0,-0.016753,0.018775,1.871546,0.004944,0.077592,0.231903,0.016368,0.2155,0.0001,,,,,0,lstm
449,257876,77.6491,95.6789,420,0,0,1,0,3.0085,2.099,collision,2615.3,-0.021103,0.422661,-0.855283,0.845074,5.371636,0.764375,0.387323,5.99017,0.41477,0.397989,-0.482102,1.00826,,,,,,,,,,,,,,0,lstm
450,257971,-30.7938,75.6203,95,0,0,1,0,3.8252,2.059,collision,2616.3,0.135139,0.406881,-0.769666,0.787877,4.586744,1.205333,1.283653,5.918798,0.277521,0.37792,-0.713094,1.000716,,,,,,,,,,,,,,0,lstm
451,259198,257.9423,93.3849,1227,0,0,1,0,1.3974,2.111,collision,2628.2,-0.050758,0.406628,-0.892378,0.854946,5.115694,1.023561,0.219597,5.997224,0.389875,0.411438,-0.991423,1.0,,,,,,,,,,,,,,0,lstm
452,259248,-38.7237,81.9142,50,0,0,1,0,3.84,1.997,collision,2629.3,-0.20273,0.419037,-0.873686,0.848574,4.825371,1.10522,1.638596,5.989674,0.23941,0.347358,-0.603307,1.0,0.033093,0.014958,1.87153,0.004928,0.060239,0.184178,0.027025,0.147197,0.0001,,,,,0,lstm
453,259657,76.3168,81.7624,409,0,0,1,0,3.0334,2.029,collision,2633.4,-0.085515,0.466668,-0.895348,0.852214,5.357329,0.764067,1.327135,5.995565,0.416996,0.400863,-0.493706,1.0,,,,,,,,,,,,,,0,lstm
454,260064,75.0769,81.9541,407,0,0,1,0,3.0112,2.066,collision,2637.4,-0.0337,0.443187,-0.895121,0.840734,5.199791,0.920961,1.021067,5.993978,0.420756,0.402183,-0.492283,1.0,,,,,,,,,,,,,,0,lstm
455,260473,77.9475,72.5426,409,0,0,1,0,3.0022,2.125,collision,2641.4,-0.010212,0.40201,-0.874221,0.807135,5.286836,0.805322,1.064278,5.993625,0.423702,0.401821,-0.44783,1.008549,,,,,,,,,,,,,,0,lstm
456,261710,256.8163,90.6211,1237,0,0,1,0,1.4316,2.101,collision,2654.5,-0.050696,0.410884,-0.894106,0.825676,5.0987,1.054908,0.048605,5.992322,0.386622,0.409746,-1.0,1.0,0.038719,0.013271,1.871848,0.004911,0.052838,0.108773,0.015801,0.080083,0.0001,,,,,0,lstm
457,261834,-27.9193,79.9684,124,0,0,1,0,3.8143,2.042,collision,2655.8,0.165178,0.3567,-0.674221,0.807081,4.375342,1.478022,0.297357,5.944418,0.279258,0.380136,-0.796068,1.006564,,,,,,,,,,,,,,0,lstm
458,262252,78.5993,80.2911,418,0,0,1,0,2.976,2.084,collision,2659.9,-0.014362,0.434719,-0.888692,0.826376,5.208771,0.846344,1.380253,5.995399,0.414121,0.397712,-0.515967,1.0,,,,,,,,,,,,,,0,lstm
459,262311,-40.0535,68.5209,59,0,0,1,0,3.8209,1.962,collision,2660.6,0.213173,0.380312,-0.739484,0.793443,4.028161,1.59288,0.318303,5.979707,0.261991,0.381308,-0.738627,1.0,,,,,,,,,,,,,,0,lstm
460,262730,74.9325,79.0935,419,0,0,1,0,2.991,2.101,collision,2665.4,0.034618,0.420319,-0.827411,0.858967,5.16817,0.949457,0.733739,5.992237,0.412265,0.398572,-0.643617,1.002027,0.006402,0.029454,1.872265,0.004895,0.084168,0.108196,0.023768,0.119699,0.0001,,,,,0,lstm
461,263152,72.4438,60.5437,422,0,0,1,0,2.9358,2.071,collision,2669.5,0.047799,0.436191,-0.855131,0.883374,5.081179,1.003547,0.75436,5.988773,0.404191,0.395976,-0.585781,1.0,,,,,,,,,,,,,,0,lstm
462,263571,75.9494,72.011,419,0,0,1,0,2.9819,2.101,collision,2673.6,0.024162,0.416365,-0.863432,0.84675,5.148003,0.996995,1.185475,5.993407,0.414607,0.399166,-0.640856,1.0,,,,,,,,,,,,,,0,lstm
463,263984,76.4799,72.0273,413,0,0,1,0,3.0051,2.131,collision,2677.7,-0.000743,0.399125,-0.847595,0.795451,5.245527,0.885825,1.296967,5.998102,0.424069,0.404268,-0.573324,1.00975,,,,,,,,,,,,,,0,lstm
464,264402,77.1233,72.2319,418,0,0,1,0,2.9536,2.055,collision,2682.3,-0.054585,0.44226,-0.889356,0.817279,5.163523,0.971441,0.944214,5.990562,0.412479,0.397388,-0.524661,1.0,-0.004487,0.022421,1.872387,0.004879,0.08501,0.074371,0.012311,0.061303,0.0001,,,,,0,lstm
465,264532,-27.6553,61.6716,130,0,0,1,0,3.8154,1.914,collision,2683.7,0.265457,0.378725,-0.679802,0.864248,3.929399,1.576226,0.329473,5.943577,0.294565,0.392879,-0.817495,1.002589,,,,,,,,,,,,,,0,lstm
466,264958,78.3707,43.8271,426,0,0,1,0,2.9923,2.059,collision,2687.8,-0.04487,0.445325,-0.869532,0.842698,5.132995,1.013016,0.727793,5.992367,0.40474,0.394015,-0.540056,1.0,,,,,,,,,,,,,,0,lstm
467,266209,244.5821,71.0772,1251,0,0,1,0,1.4506,2.085,collision,2700.2,-0.069742,0.414201,-0.890692,0.830257,4.944442,1.140391,0.292459,5.993598,0.384095,0.409471,-1.0,1.0,,,,,,,,,,,,,,0,lstm
468,266629,78.2482,71.0421,420,0,0,1,0,3.075,1.941,collision,2705.4,-0.184923,0.489391,-0.89746,0.785661,5.307637,0.908784,1.127027,5.998344,0.405719,0.397637,-0.527859,1.003421,-0.016288,0.013742,1.872411,0.004863,0.068256,0.199316,0.034141,0.182334,0.0001,,,,,0,lstm
469,267041,72.8074,82.3282,412,0,0,1,0,3.0443,1.909,collision,2709.5,-0.235401,0.492619,-0.897112,0.841735,5.222687,0.959625,0.728187,5.996355,0.396319,0.397653,-0.631359,1.0,,,,,,,,,,,,,,0,lstm
470,268301,252.9067,100.1256,1260,0,0,1,0,1.4383,2.097,collision,2721.4,-0.005974,0.412274,-0.861333,0.862639,4.955089,1.125641,0.20334,5.989722,0.387081,0.41172,-0.989742,1.0,,,,,,,,,,,,,,0,lstm
471,269555,256.7726,118.5585,1254,0,0,1,0,1.4296,2.1,collision,2733.6,-0.030278,0.407121,-0.869914,0.840595,4.955482,1.1362,0.443197,5.992934,0.38653,0.410872,-0.998831,1.0,,,,,,,,,,,,,,0,lstm
472,269985,80.4608,119.0096,430,0,0,1,0,2.9996,2.102,collision,2739.1,-0.051956,0.415791,-0.863313,0.843708,5.076528,0.979743,0.972965,5.988736,0.410169,0.396202,-0.519134,1.008571,0.019691,0.009234,1.872527,0.004847,0.042584,0.188591,0.026026,0.173663,0.0001,,,,,0,lstm
473,270411,79.3253,119.2942,426,0,0,1,0,2.9701,2.026,collision,2743.3,-0.080188,0.460025,-0.88893,0.855459,5.182853,0.969204,0.451359,5.997377,0.407531,0.396102,-0.500322,1.0,,,,,,,,,,,,,,0,lstm
474,270831,79.6446,119.5463,420,0,0,1,0,2.9932,2.001,collision,2747.5,-0.130831,0.471496,-0.895859,0.862335,5.226304,0.905383,2.013154,5.994737,0.40678,0.395008,-0.516932,1.0,,,,,,,,,,,,,,0,lstm
475,270869,-39.8074,118.3311,38,0,0,1,0,3.8449,1.445,collision,2747.9,-0.747421,0.180221,-0.895438,-0.05681,5.450824,0.899752,1.780963,5.995089,0.248628,0.355037,-0.449261,1.0,,,,,,,,,,,,,,0,lstm
476,272130,254.8739,135.9814,1261,0,0,1,0,1.4373,2.086,collision,2761.0,-0.054008,0.419366,-0.885558,0.856105,5.052227,1.063323,0.118814,5.996687,0.386356,0.411834,-0.999145,1.0,0.09616,0.011019,1.872718,0.00483,0.039303,0.177084,0.013423,0.163679,0.0001,,,,,0,lstm
477,272548,74.094,118.9326,418,0,0,1,0,2.9842,1.999,collision,2765.0,-0.104536,0.480561,-0.8951,0.883577,5.168394,1.005844,0.703717,5.997231,0.408775,0.398255,-0.527113,1.0,,,,,,,,,,,,,,0,lstm
478,272961,78.5769,118.9655,413,0,0,1,0,3.0573,1.954,collision,2769.0,-0.199055,0.482021,-0.893435,0.832588,5.264795,0.929816,0.366732,5.998329,0.412769,0.400469,-0.4621,1.0,,,,,,,,,,,,,,0,lstm
479,273107,-24.0247,109.2823,146,0,0,1,0,3.8093,2.019,collision,2770.5,0.192685,0.392787,-0.764941,0.839271,4.487163,1.28571,0.327016,5.970193,0.290488,0.38835,-0.850031,1.011808,,,,,,,,,,,,,,0,lstm
480,273525,77.718,91.7634,418,0,0,1,0,3.0477,2.009,collision,2775.3,-0.117871,0.476928,-0.892851,0.842956,5.214227,0.932044,1.079521,5.998723,0.410267,0.397833,-0.467173,1.002592,-0.039987,0.02469,1.872827,0.004814,0.07022,0.156122,0.048458,0.071699,0.0001,,,,,0,lstm
481,273950,75.7018,73.6563,425,0,0,1,0,2.9455,2.071,collision,2779.3,0.069623,0.431678,-0.847838,0.84142,5.081349,1.012567,0.787426,5.991179,0.403239,0.394249,-0.703797,1.0,,,,,,,,,,,,,,0,lstm
482,274362,74.2385,73.0341,412,0,0,1,0,3.0243,1.97,collision,2783.2,-0.151817,0.491092,-0.892427,0.807733,5.282433,0.873719,0.798505,5.996497,0.40415,0.398191,-0.491329,1.0,,,,,,,,,,,,,,0,lstm
483,274776,80.7761,73.1792,414,0,0,1,0,2.9414,2.091,collision,2787.2,-0.011408,0.428096,-0.872889,0.806206,5.136649,0.92945,1.010816,5.990413,0.410099,0.39323,-0.423728,1.0,,,,,,,,,,,,,,0,lstm
484,275188,72.773,72.492,412,0,0,1,0,3.0248,2.066,collision,2791.8,0.000296,0.447786,-0.875616,0.821591,5.155859,0.964143,0.679067,5.989997,0.4183,0.40179,-0.610257,1.000972,-0.007561,0.021818,1.873236,0.004798,0.071585,0.249136,0.032282,0.193442,0.0001,,,,,0,lstm
485,275604,74.6322,83.936,416,0,0,1,0,2.9915,2.03,collision,2795.9,-0.101244,0.465766,-0.894562,0.827844,5.152305,0.990184,0.584762,5.991321,0.410799,0.399684,-0.528543,1.0,,,,,,,,,,,,,,0,lstm
486,276025,78.3879,66.2874,421,0,0,1,0,3.0535,2.03,collision,2799.9,-0.111593,0.459477,-0.887103,0.855943,5.26301,0.888759,0.128071,5.994026,0.414746,0.400298,-0.507093,1.008124,,,,,,,,,,,,,,0,lstm
487,276440,73.9765,66.2756,415,0,0,1,0,3.1172,1.894,collision,2804.0,-0.231693,0.505862,-0.896593,0.865923,5.308263,0.862971,0.740776,5.999022,0.392649,0.398988,-0.558915,1.000565,,,,,,,,,,,,,,0,lstm
488,276866,80.6293,66.4809,426,0,0,1,0,3.0135,2.071,collision,2808.6,-0.02555,0.436558,-0.883439,0.803389,5.239776,0.842976,0.757151,5.987792,0.410726,0.396254,-0.498146,1.009639,-0.016802,0.019492,1.873502,0.004782,0.073591,0.125673,0.021614,0.141733,0.0001,,,,,0,lstm
489,278125,258.2547,94.7088,1259,0,0,1,0,1.4209,2.091,collision,2820.9,-0.064458,0.424923,-0.883474,0.843126,5.121325,0.95976,0.467156,5.996973,0.387912,0.410635,-0.999994,1.0,,,,,,,,,,,,,,0,lstm
490,278543,79.277,94.8647,418,0,0,1,0,2.9972,2.105,collision,2825.0,-0.031399,0.420472,-0.867937,0.801986,5.273833,0.824275,1.23744,5.990222,0.412632,0.395687,-0.470725,1.006347,,,,,,,,,,,,,,0,lstm
491,278956,76.063,94.9008,413,0,0,1,0,2.9789,1.959,collision,2829.0,-0.151282,0.49899,-0.896882,0.837089,5.283113,0.89209,1.187907,5.995348,0.40418,0.397187,-0.514168,1.0,,,,,,,,,,,,,,0,lstm
492,279380,81.269,95.6039,424,0,0,1,0,2.9527,2.117,collision,2834.1,0.00888,0.414836,-0.878332,0.815942,5.25111,0.870178,0.908486,5.994691,0.408659,0.394193,-0.507091,1.001257,-0.044742,0.012627,1.873452,0.004766,0.056578,0.17164,0.014662,0.122617,0.0001,,,,,0,lstm
493,280620,265.7358,114.0999,1240,0,0,1,0,1.3953,2.081,collision,2845.8,-0.056523,0.430263,-0.885118,0.839646,5.192563,0.944936,0.284744,5.996396,0.38943,0.410606,-0.990768,1.0,,,,,,,,,,,,,,0,lstm
494,281044,77.9721,114.6198,424,0,0,1,0,2.9884,2.106,collision,2849.9,-0.034623,0.419925,-0.876475,0.838404,5.252354,0.874484,0.832172,5.989878,0.412571,0.39777,-0.497449,1.002815,,,,,,,,,,,,,,0,lstm
495,281469,79.3917,115.0957,425,0,0,1,0,2.9476,2.085,collision,2853.9,0.001522,0.433335,-0.861653,0.824818,5.257099,0.890459,1.058284,5.996214,0.409936,0.395494,-0.489959,1.0,,,,,,,,,,,,,,0,lstm
496,281884,74.5259,114.7095,415,0,0,1,0,3.0192,1.931,collision,2858.9,-0.226148,0.493047,-0.897053,0.80061,5.421575,0.717094,2.122146,5.998886,0.396865,0.396501,-0.670889,1.0,0.007709,0.012901,1.873299,0.004749,0.053301,0.292834,0.016789,0.278164,0.0001,,,,,0,lstm
497,281987,-29.3733,104.3745,103,0,0,1,0,3.8228,2.063,collision,2859.9,0.121803,0.409753,-0.728365,0.806803,4.699019,1.167779,1.673162,5.965861,0.281215,0.378295,-0.718035,1.004196,,,,,,,,,,,,,,0,lstm
498,282408,74.2739,103.739,421,0,0,1,0,2.9663,2.094,collision,2864.0,0.051667,0.427923,-0.877298,0.843944,5.317384,0.801634,0.089636,5.996895,0.406652,0.39633,-0.686903,1.0,,,,,,,,,,,,,,0,lstm
499,283657,254.9797,103.4115,1249,0,0,1,0,1.4478,2.092,collision,2875.9,-0.05476,0.42256,-0.893329,0.849782,5.171902,0.985905,0.089712,5.998331,0.385837,0.409697,-0.999997,1.0,,,,,,,,,,,,,,0,lstm
500,284061,73.1305,102.7968,404,0,0,1,0,2.962,2.023,collision,2880.6,-0.076668,0.474091,-0.88962,0.853379,5.300761,0.868371,0.462363,5.992258,0.415989,0.40105,-0.560713,1.0,0.000245,0.01807,1.873463,0.004733,0.051099,0.240133,0.009025,0.233536,0.0001,,,,,0,lstm
