episode,global_step,reward,avg10,length,success,goal_touched,collision,timeout,min_dist,avg_speed_ms,end_reason,elapsed_s,act0_mean,act0_std,act0_min,act0_max,act1_mean,act1_std,act1_min,act1_max,obs_mean,obs_std,obs_min,obs_max,actor_loss,critic_loss,policy_entropy,entropy_coef,value_residual,grad_norm_actor,grad_norm_critic,grad_norm_rnn,lr_actor,lr_critic,alpha,alpha_loss,target_update_magnitude,replay_buffer_size,recurrent_cell
1,1340,364.0546,364.0546,1340,0,0,1,0,0.8222,2.066,collision,17.2,0.003595,0.427652,-0.86676,0.854356,4.636083,1.20201,0.362055,5.988496,0.357868,0.386149,-0.636295,1.0,,,,,,,,,,,,,,0,none
2,1360,-44.17,159.9423,20,0,0,1,0,3.8751,1.797,collision,17.5,-0.452691,0.340787,-0.840259,0.653409,3.888309,1.388416,0.699007,5.597398,0.253293,0.35595,-0.384965,1.0,,,,,,,,,,,,,,0,none
3,1740,66.0029,128.6292,380,0,0,1,0,3.134,2.011,collision,22.4,-0.102678,0.438832,-0.866868,0.838401,4.502944,1.274978,0.387454,5.980422,0.375424,0.395616,-0.544894,1.0,,,,,,,,,,,,,,0,none
4,2399,144.9554,132.7108,659,0,0,1,0,2.4448,2.048,collision,31.6,-0.078145,0.428822,-0.867056,0.841132,4.615097,1.266638,0.694547,5.972651,0.377564,0.402425,-0.721225,1.0,0.021124,0.006535,1.751373,0.004994,0.048527,0.210052,0.019172,0.0,3.7e-05,,,,,0,none
5,3060,141.2044,134.4095,661,0,0,1,0,2.4497,2.087,collision,39.8,-0.051377,0.412976,-0.8768,0.835803,4.573881,1.216998,0.444304,5.980834,0.369549,0.400464,-0.739136,1.0,,,,,,,,,,,,,,0,none
6,4371,371.7999,173.9746,1311,0,0,1,0,0.869,2.097,collision,56.4,0.021905,0.408853,-0.839054,0.819843,4.727952,1.140225,0.434608,5.990777,0.375733,0.390639,-0.588904,1.010883,,,,,,,,,,,,,,0,none
7,5867,585.8005,232.8068,1496,1,1,0,0,0.2986,2.086,goal,75.5,0.047653,0.418984,-0.862907,0.858342,4.703134,1.14552,0.188886,5.989551,0.365206,0.399188,-0.77185,1.0,,,,,,,,,,,,,,0,none
8,7214,364.8847,249.3166,1347,0,0,1,0,0.8325,2.101,collision,93.7,0.026372,0.403112,-0.855244,0.861043,4.693033,1.161089,0.241345,5.977969,0.363604,0.388173,-0.64239,1.001163,0.023324,0.003009,1.750735,0.004982,0.036168,0.105165,0.019761,0.0,4.9e-05,,,,,0,none
9,8749,600.2033,288.304,1535,1,1,0,0,0.2992,2.087,goal,114.2,0.017688,0.414247,-0.870588,0.87819,4.669894,1.17181,0.570804,5.978475,0.366852,0.398518,-0.746599,1.00467,,,,,,,,,,,,,,0,none
10,9409,145.7937,274.0529,660,0,0,1,0,2.4406,2.097,collision,123.0,-0.023613,0.403208,-0.87758,0.823465,4.625438,1.128074,0.424832,5.9755,0.385295,0.404138,-0.661046,1.0,,,,,,,,,,,,,,0,none
11,10765,370.9977,274.7473,1356,0,0,1,0,0.8269,2.086,collision,141.0,0.029279,0.418789,-0.825347,0.857674,4.642384,1.141052,0.319923,5.985685,0.363694,0.388466,-0.627578,1.003892,,,,,,,,,,,,,,0,none
12,11431,144.6317,293.6274,666,0,0,1,0,2.4407,2.095,collision,150.2,-0.038761,0.410389,-0.832868,0.821623,4.628539,1.189249,0.372739,5.977055,0.38068,0.403114,-0.66816,1.0,-0.011943,0.004738,1.750254,0.00497,0.037302,0.193596,0.017386,0.0,6.1e-05,,,,,0,none
13,11781,54.3199,292.4591,350,0,0,1,0,3.113,2.153,collision,154.7,-0.008164,0.380883,-0.769126,0.812247,4.721611,1.109222,0.745241,5.95865,0.386764,0.399922,-0.578488,1.0,,,,,,,,,,,,,,0,none
14,13298,591.3125,337.0948,1517,1,1,0,0,0.2986,2.066,goal,174.1,0.022584,0.418318,-0.892331,0.875741,4.558115,1.224362,0.352244,5.988731,0.36206,0.398396,-0.745981,1.0,,,,,,,,,,,,,,0,none
15,13983,153.7669,338.3511,685,0,0,1,0,2.4303,2.045,collision,182.8,-0.084124,0.423991,-0.87339,0.811309,4.480241,1.236024,0.283667,5.974975,0.37188,0.399199,-0.746818,1.0,,,,,,,,,,,,,,0,none
16,14366,63.4558,307.5167,383,0,0,1,0,3.0984,2.053,collision,188.3,0.045017,0.432451,-0.844469,0.856904,4.602311,1.180443,0.984597,5.965329,0.390801,0.400906,-0.714545,1.0,-0.014322,0.006408,1.750517,0.004958,0.047667,0.220917,0.012582,0.0,7.3e-05,,,,,0,none
17,15067,152.6995,264.2066,701,0,0,1,0,2.4511,2.028,collision,197.1,-0.064591,0.432818,-0.871306,0.849349,4.519119,1.2882,0.390775,5.969166,0.378766,0.403279,-0.722245,1.0,,,,,,,,,,,,,,0,none
18,16588,587.2668,286.4448,1521,1,1,0,0,0.2982,2.097,goal,216.7,0.046731,0.409925,-0.866807,0.84215,4.657347,1.168844,0.306947,5.987041,0.372669,0.402532,-0.778445,1.0,,,,,,,,,,,,,,0,none
19,18092,595.1525,285.9397,1504,1,1,0,0,0.2991,2.095,goal,235.7,0.018355,0.408512,-0.883588,0.853007,4.633427,1.18506,0.375343,5.988498,0.369067,0.398376,-0.772882,1.0,,,,,,,,,,,,,,0,none
20,19600,587.9666,330.157,1508,1,1,0,0,0.2988,2.072,goal,256.1,0.001105,0.421393,-0.85308,0.86368,4.575372,1.226357,0.128019,5.991996,0.365564,0.399868,-0.728192,1.0,0.004431,0.002257,1.751182,0.004946,0.029172,0.179118,0.013584,0.0,8.5e-05,,,,,0,none
21,21108,592.0578,352.263,1508,1,1,0,0,0.2982,2.091,goal,275.0,0.044638,0.416416,-0.86497,0.857826,4.760115,1.115235,0.23258,5.990651,0.371854,0.401828,-0.77819,1.0,,,,,,,,,,,,,,0,none
22,21768,139.5814,351.758,660,0,0,1,0,2.4543,2.09,collision,283.0,-0.03451,0.413583,-0.866673,0.848293,4.666451,1.155846,0.431042,5.963453,0.382059,0.403344,-0.702681,1.0,,,,,,,,,,,,,,0,none
23,23290,596.5434,405.9803,1522,1,1,0,0,0.2999,2.092,goal,301.8,0.044766,0.41093,-0.864193,0.852614,4.724499,1.140384,0.447219,5.983479,0.3711,0.400882,-0.715772,1.004402,,,,,,,,,,,,,,0,none
24,23360,-30.6775,343.7813,70,0,0,1,0,3.8679,1.754,collision,303.7,-0.320308,0.404128,-0.866131,0.77876,3.630481,1.597518,0.273009,5.921496,0.255381,0.349844,-0.641202,1.0,0.023934,0.00261,1.751344,0.004934,0.027891,0.241434,0.008563,0.0,9.7e-05,,,,,0,none
25,24866,585.3333,386.938,1506,1,1,0,0,0.2989,2.108,goal,322.7,0.026089,0.407435,-0.848695,0.870069,4.730828,1.107048,0.598077,5.993259,0.368279,0.400003,-0.778259,1.0,,,,,,,,,,,,,,0,none
26,24942,-30.0845,377.5839,76,0,0,1,0,3.8701,1.978,collision,323.8,-0.196485,0.407899,-0.828298,0.661784,4.011414,1.271309,0.293707,5.86857,0.256496,0.356,-0.664292,1.0,,,,,,,,,,,,,,0,none
27,26486,602.1153,422.5255,1544,1,1,0,0,0.2971,2.085,goal,343.2,0.020077,0.41641,-0.8939,0.845785,4.64358,1.159051,0.429542,5.981268,0.37135,0.400747,-0.763954,1.006077,,,,,,,,,,,,,,0,none
28,27977,589.3865,422.7375,1491,1,1,0,0,0.2978,2.111,goal,363.0,0.024233,0.404122,-0.846809,0.878658,4.746178,1.096773,0.277835,5.991857,0.370541,0.400158,-0.785068,1.0,0.004447,0.00092,1.751255,0.004922,0.020459,0.188245,0.008029,0.0,0.0001,,,,,0,none
29,29478,585.3937,421.7616,1501,1,1,0,0,0.2988,2.095,goal,382.0,0.049241,0.412193,-0.864289,0.867033,4.742074,1.130619,0.18901,5.986658,0.373086,0.402103,-0.758613,1.0,,,,,,,,,,,,,,0,none
30,30994,587.9251,421.7574,1516,1,1,0,0,0.298,2.088,goal,400.9,0.015898,0.418464,-0.861712,0.866874,4.630075,1.150359,0.450836,5.988659,0.367608,0.400114,-0.724863,1.0,,,,,,,,,,,,,,0,none
31,32537,594.8108,422.0327,1543,1,1,0,0,0.2998,2.06,goal,419.9,-0.005739,0.431394,-0.876762,0.858802,4.62008,1.216143,0.09772,5.989912,0.358478,0.397898,-0.809993,1.0,,,,,,,,,,,,,,0,none
32,32900,58.659,413.9405,363,0,0,1,0,3.1305,2.092,collision,425.4,-0.030775,0.401492,-0.82643,0.831682,4.596296,1.203975,0.549609,5.96877,0.386411,0.398822,-0.594345,1.0,0.017844,0.001618,1.7514,0.00491,0.026524,0.109933,0.009756,0.0,0.0001,,,,,0,none
33,34424,594.2563,413.7118,1524,1,1,0,0,0.2984,2.088,goal,444.6,0.009707,0.416415,-0.867147,0.859462,4.632896,1.199352,0.365073,5.981887,0.369087,0.400089,-0.782062,1.0,,,,,,,,,,,,,,0,none
34,35944,593.2118,476.1007,1520,1,1,0,0,0.2982,2.095,goal,464.3,0.041576,0.41225,-0.859033,0.875003,4.715755,1.128914,0.441002,5.987827,0.372701,0.401006,-0.809148,1.0,,,,,,,,,,,,,,0,none
35,37316,357.4166,453.309,1372,0,0,1,0,0.8336,2.075,collision,482.0,0.044737,0.4214,-0.846822,0.853355,4.665681,1.173046,0.443973,5.981985,0.36047,0.393398,-0.797886,1.0,,,,,,,,,,,,,,0,none
36,38811,589.1994,515.2374,1495,1,1,0,0,0.2999,2.097,goal,502.8,0.018453,0.412469,-0.867904,0.876837,4.648319,1.143598,0.146371,5.980839,0.371564,0.4007,-0.765992,1.0,0.019972,0.001179,1.751795,0.004898,0.025131,0.135541,0.007771,0.0,0.0001,,,,,0,none
37,40401,609.1849,515.9444,1590,1,1,0,0,0.2995,2.053,goal,524.0,0.002811,0.432862,-0.878692,0.871002,4.576805,1.23925,0.28719,5.986773,0.362247,0.397662,-0.75794,1.009175,,,,,,,,,,,,,,0,none
38,41911,593.9254,516.3983,1510,1,1,0,0,0.2987,2.074,goal,543.6,0.025826,0.419379,-0.859303,0.870449,4.604312,1.210817,0.311216,5.974413,0.366834,0.398738,-0.762545,1.0,,,,,,,,,,,,,,0,none
39,43240,352.9993,493.1589,1329,0,0,1,0,0.8384,2.069,collision,560.5,0.042243,0.420638,-0.889171,0.873975,4.619015,1.178584,0.319662,5.9965,0.368728,0.390982,-0.754728,1.0,,,,,,,,,,,,,,0,none
40,44773,600.4911,494.4155,1533,1,1,0,0,0.2991,2.07,goal,582.0,0.034082,0.417897,-0.839946,0.829207,4.575509,1.226473,0.37342,5.975599,0.366227,0.399145,-0.789457,1.0,0.021283,0.001503,1.752002,0.004886,0.027232,0.113042,0.003087,0.0,0.0001,,,,,0,none
41,46330,601.5839,495.0928,1557,1,1,0,0,0.2999,2.027,goal,601.8,0.006936,0.44092,-0.874126,0.868398,4.461255,1.273842,0.118688,5.98424,0.361075,0.397671,-0.77098,1.0,,,,,,,,,,,,,,0,none
42,46434,-22.5042,486.9764,104,0,0,1,0,3.8668,1.905,collision,603.2,-0.215896,0.389615,-0.854041,0.825676,3.664953,1.514047,0.447336,5.785578,0.269198,0.361338,-0.678749,1.011168,,,,,,,,,,,,,,0,none
43,47974,598.5539,487.4062,1540,1,1,0,0,0.2988,2.056,goal,622.9,0.026918,0.426261,-0.858183,0.867496,4.609688,1.201762,0.19394,5.987265,0.366666,0.399293,-0.782861,1.0,,,,,,,,,,,,,,0,none
44,49493,589.9694,487.082,1519,1,1,0,0,0.2999,2.098,goal,643.9,0.061512,0.402213,-0.830401,0.848042,4.66268,1.182513,0.093474,5.986936,0.371808,0.40173,-0.763253,1.0,0.012644,0.000821,1.751616,0.004874,0.022792,0.148386,0.005627,0.0,0.0001,,,,,0,none
45,49539,-37.7974,447.5606,46,0,0,1,0,3.8668,1.802,collision,644.6,-0.346204,0.382043,-0.838682,0.619136,3.533625,1.60092,0.355437,5.729174,0.233596,0.346234,-0.598321,1.0,,,,,,,,,,,,,,0,none
46,51048,589.3278,447.5734,1509,1,1,0,0,0.2999,2.088,goal,664.2,0.040102,0.412064,-0.854874,0.854252,4.571418,1.197355,0.574764,5.984359,0.368576,0.400804,-0.776495,1.0,,,,,,,,,,,,,,0,none
47,52388,362.4578,422.9007,1340,0,0,1,0,0.8197,2.065,collision,682.3,0.036403,0.426876,-0.857225,0.870612,4.577539,1.183037,0.575574,5.980684,0.367842,0.390524,-0.742509,1.0,,,,,,,,,,,,,,0,none
48,53923,594.7151,422.9797,1535,1,1,0,0,0.2974,2.067,goal,704.8,-0.00058,0.4285,-0.886153,0.864749,4.590343,1.204072,0.258032,5.980925,0.366256,0.399646,-0.77034,1.0,-0.000614,0.001901,1.750398,0.004862,0.028598,0.189505,0.010228,0.0,0.0001,,,,,0,none
49,55457,595.438,447.2235,1534,1,1,0,0,0.2978,2.083,goal,724.7,0.05806,0.414634,-0.867841,0.882003,4.629944,1.18612,0.121964,5.977001,0.373486,0.401667,-0.817596,1.0,,,,,,,,,,,,,,0,none
50,57000,598.4229,447.0167,1543,1,1,0,0,0.298,2.094,goal,744.5,0.029548,0.406136,-0.85998,0.877374,4.55778,1.232717,0.465561,5.988352,0.370888,0.401009,-0.791435,1.006232,,,,,,,,,,,,,,0,none
51,58529,590.9036,445.9487,1529,1,1,0,0,0.299,2.054,goal,764.4,0.03389,0.428732,-0.857624,0.870526,4.530186,1.220155,0.159697,5.992876,0.365878,0.399144,-0.744935,1.0,,,,,,,,,,,,,,0,none
52,60043,592.1489,507.414,1514,1,1,0,0,0.2984,2.073,goal,786.6,0.015546,0.422412,-0.881873,0.860209,4.504378,1.230466,0.135111,5.983033,0.367703,0.399301,-0.772886,1.0,-0.002463,0.000435,1.749697,0.00485,0.017712,0.157075,0.003863,0.0,0.0001,,,,,0,none
53,61579,596.8181,507.2404,1536,1,1,0,0,0.2994,2.071,goal,806.7,0.039573,0.413107,-0.848934,0.880975,4.513591,1.259125,0.222855,5.97939,0.368866,0.399825,-0.751848,1.0,,,,,,,,,,,,,,0,none
54,63105,592.7022,507.5137,1526,1,1,0,0,0.2983,2.096,goal,826.9,0.053766,0.404152,-0.863524,0.877967,4.598969,1.192089,0.382149,5.974906,0.37236,0.401146,-0.762003,1.0,,,,,,,,,,,,,,0,none
55,64600,590.9659,570.39,1495,1,1,0,0,0.2994,2.079,goal,846.1,0.045935,0.415006,-0.826106,0.845673,4.562507,1.175105,0.244595,5.983674,0.371196,0.400508,-0.724458,1.0,,,,,,,,,,,,,,0,none
56,66143,597.8517,571.2424,1543,1,1,0,0,0.2987,2.092,goal,867.9,0.03166,0.409691,-0.873214,0.851632,4.584731,1.163163,0.485659,5.989113,0.368962,0.399682,-0.725611,1.004456,-0.002539,0.000424,1.749132,0.004838,0.01796,0.138757,0.00352,0.0,0.0001,,,,,0,none
57,67627,588.7288,593.8695,1484,1,1,0,0,0.2982,2.087,goal,887.9,0.035086,0.405514,-0.87504,0.848328,4.4884,1.208927,0.404213,5.989617,0.369208,0.400329,-0.705575,1.0,,,,,,,,,,,,,,0,none
58,67660,-40.5587,530.3421,33,0,0,1,0,3.873,1.378,collision,888.4,-0.568219,0.311062,-0.86943,0.472009,2.304137,1.43904,0.372578,4.948286,0.254915,0.35583,-0.431097,1.0,,,,,,,,,,,,,,0,none
59,69041,375.0028,508.2986,1381,0,0,1,0,0.8398,2.036,collision,906.1,0.009134,0.431837,-0.891098,0.861847,4.355883,1.318124,0.151608,5.984667,0.363999,0.387996,-0.664187,1.0,,,,,,,,,,,,,,0,none
60,69138,-24.805,445.9758,97,0,0,1,0,3.8632,1.904,collision,909.0,-0.274674,0.335654,-0.820289,0.587374,3.582107,1.484056,0.291745,5.843382,0.270325,0.363386,-0.683437,1.006252,0.018085,0.002815,1.748847,0.004826,0.031986,0.108511,0.013764,0.0,0.0001,,,,,0,none
61,70665,599.4916,446.8346,1527,1,1,0,0,0.2984,2.067,goal,928.4,0.024155,0.418023,-0.860082,0.842826,4.421092,1.24809,0.366619,5.988291,0.368982,0.399978,-0.74162,1.0,,,,,,,,,,,,,,0,none
62,72189,592.6224,446.882,1524,1,1,0,0,0.2998,2.071,goal,948.2,0.043397,0.421356,-0.862476,0.862978,4.501742,1.213502,0.132951,5.988629,0.372313,0.400948,-0.776252,1.0,,,,,,,,,,,,,,0,none
63,72852,146.9221,401.8924,663,0,0,1,0,2.4488,2.054,collision,956.9,-0.053928,0.422531,-0.878075,0.819533,4.366336,1.285123,0.347649,5.967162,0.384002,0.40453,-0.734223,1.0,,,,,,,,,,,,,,0,none
64,73507,140.0935,356.6315,655,0,0,1,0,2.4596,2.03,collision,967.2,-0.063237,0.415079,-0.850595,0.8045,4.261065,1.36446,0.164412,5.95697,0.373877,0.400929,-0.738944,1.0,0.040877,0.003013,1.748495,0.004814,0.029786,0.218176,0.012745,0.0,0.0001,,,,,0,none
65,74854,357.7311,333.308,1347,0,0,1,0,0.8471,2.06,collision,983.3,0.028386,0.420659,-0.867552,0.859416,4.475927,1.269874,0.471267,5.983098,0.372146,0.391592,-0.696594,1.0,,,,,,,,,,,,,,0,none
66,74895,-37.6868,269.7542,41,0,0,1,0,3.8667,1.546,collision,983.8,-0.576619,0.243723,-0.882005,0.336927,3.085068,1.436358,0.094127,5.494191,0.262112,0.355468,-0.417585,1.0,,,,,,,,,,,,,,0,none
67,76444,605.3887,271.4202,1549,1,1,0,0,0.2979,2.084,goal,1003.2,0.020749,0.416651,-0.883785,0.862821,4.578153,1.175756,0.599638,5.97949,0.370397,0.400304,-0.767728,1.009337,,,,,,,,,,,,,,0,none
68,76511,-31.2424,272.3518,67,0,0,1,0,3.8711,1.925,collision,1005.4,-0.224013,0.391435,-0.841459,0.665605,3.618192,1.508162,0.384872,5.873136,0.246974,0.348861,-0.572914,1.0,0.036696,0.002614,1.748629,0.004802,0.031638,0.210347,0.016179,0.0,0.0001,,,,,0,none
69,77836,356.9571,270.5472,1325,0,0,1,0,0.8506,2.099,collision,1022.7,0.024766,0.408058,-0.872775,0.878202,4.637465,1.146277,0.444975,5.97767,0.366166,0.390207,-0.666186,1.0,,,,,,,,,,,,,,0,none
70,79388,599.1331,332.941,1552,1,1,0,0,0.2987,2.08,goal,1042.0,0.041799,0.422532,-0.864194,0.86464,4.695123,1.143766,0.623455,5.990347,0.372825,0.401738,-0.770021,1.005393,,,,,,,,,,,,,,0,none
71,80756,371.1387,310.1057,1368,0,0,1,0,0.8546,2.057,collision,1058.9,-0.025055,0.43363,-0.892132,0.869625,4.470597,1.265773,0.298276,5.985471,0.370169,0.392424,-0.665512,1.0,,,,,,,,,,,,,,0,none
72,82292,596.8988,310.5334,1536,1,1,0,0,0.2998,2.072,goal,1079.4,0.049704,0.420302,-0.855896,0.867338,4.608937,1.190615,0.485532,5.983337,0.369226,0.400886,-0.785535,1.0,0.021566,0.001753,1.749377,0.00479,0.028785,0.121078,0.010173,0.0,0.0001,,,,,0,none
73,83795,587.4745,354.5886,1503,1,1,0,0,0.2978,2.078,goal,1098.7,0.047766,0.419238,-0.830026,0.867772,4.653033,1.158334,0.208684,5.972254,0.373081,0.401677,-0.750554,1.0,,,,,,,,,,,,,,0,none
74,85306,588.4636,399.4256,1511,1,1,0,0,0.2985,2.064,goal,1117.9,0.048826,0.422216,-0.843897,0.862031,4.676824,1.174041,0.366774,5.982021,0.371281,0.400254,-0.781122,1.0,,,,,,,,,,,,,,0,none
75,86805,586.7764,422.3302,1499,1,1,0,0,0.2977,2.08,goal,1137.3,0.039666,0.419611,-0.862591,0.863574,4.636851,1.168731,0.477048,5.988648,0.370531,0.401355,-0.775056,1.0,,,,,,,,,,,,,,0,none
76,88157,368.6052,462.9594,1352,0,0,1,0,0.8248,2.094,collision,1156.4,0.040881,0.407068,-0.858991,0.866744,4.627618,1.172657,0.10039,5.986624,0.372014,0.390856,-0.674904,1.004932,0.014459,0.000944,1.750391,0.004778,0.02256,0.088669,0.004493,0.0,0.0001,,,,,0,none
77,88212,-34.1961,399.0009,55,0,0,1,0,3.8745,1.809,collision,1157.2,-0.429937,0.303537,-0.88433,0.29588,3.641719,1.440464,0.287094,5.614272,0.239452,0.336651,-0.567636,1.0,,,,,,,,,,,,,,0,none
78,89774,603.0961,462.4347,1562,1,1,0,0,0.2984,2.061,goal,1177.2,0.017601,0.422545,-0.878266,0.867742,4.508028,1.283243,0.199427,5.993131,0.366273,0.398879,-0.732222,1.0,,,,,,,,,,,,,,0,none
79,91107,358.4339,462.5824,1333,0,0,1,0,0.8611,2.093,collision,1194.5,0.049393,0.406585,-0.836536,0.862688,4.573763,1.201569,0.327976,5.990121,0.368166,0.391376,-0.664654,1.0,,,,,,,,,,,,,,0,none
80,92462,370.5284,439.7219,1355,0,0,1,0,0.842,2.061,collision,1212.5,0.031779,0.424941,-0.86954,0.861198,4.560892,1.219646,0.347063,5.983661,0.370767,0.394708,-0.707628,1.0,-0.023502,0.002317,1.750307,0.004766,0.031888,0.168577,0.007907,0.0,0.0001,,,,,0,none
81,92543,-26.0442,400.0036,81,0,0,1,0,3.8739,1.901,collision,1213.6,-0.268017,0.388243,-0.864201,0.672384,3.61325,1.427547,0.276713,5.832173,0.251244,0.345135,-0.522344,1.003201,,,,,,,,,,,,,,0,none
82,94063,587.3446,399.0482,1520,1,1,0,0,0.2976,2.063,goal,1232.9,0.029349,0.42797,-0.879424,0.874629,4.637865,1.196693,0.239866,5.984641,0.366105,0.399893,-0.800309,1.0,,,,,,,,,,,,,,0,none
83,94108,-39.3921,336.3616,45,0,0,1,0,3.8642,1.892,collision,1233.5,-0.30835,0.381925,-0.853279,0.583497,3.714844,1.344194,0.629159,5.774728,0.23574,0.354254,-0.697711,1.0,,,,,,,,,,,,,,0,none
84,95461,363.5096,313.8662,1353,0,0,1,0,0.844,2.035,collision,1251.2,-0.014237,0.433654,-0.864552,0.875842,4.417242,1.301444,0.276406,5.977136,0.363206,0.389401,-0.642706,1.0,-0.003556,0.002136,1.749147,0.004754,0.032776,0.13603,0.0069,0.0,0.0001,,,,,0,none
85,95538,-29.3515,252.2534,77,0,0,1,0,3.874,1.883,collision,1252.3,-0.321985,0.369125,-0.870224,0.693708,3.717509,1.518834,0.401335,5.84777,0.254935,0.351906,-0.674049,1.0,,,,,,,,,,,,,,0,none
86,97074,597.0026,275.0931,1536,1,1,0,0,0.2979,2.068,goal,1271.9,0.009184,0.42819,-0.88034,0.874781,4.487043,1.237752,0.579701,5.984289,0.366314,0.39886,-0.762114,1.0,,,,,,,,,,,,,,0,none
87,97150,-31.1988,275.3928,76,0,0,1,0,3.8561,1.928,collision,1273.0,-0.276158,0.341299,-0.814298,0.619278,3.661596,1.441098,0.447998,5.797174,0.267845,0.36943,-0.693282,1.0,,,,,,,,,,,,,,0,none
88,98682,598.04,274.8872,1532,1,1,0,0,0.2981,2.065,goal,1293.1,0.060306,0.419512,-0.83044,0.879409,4.615964,1.220872,0.464861,5.990977,0.370723,0.400895,-0.724531,1.0,-0.012965,0.001447,1.748955,0.004742,0.027717,0.131034,0.006314,0.0,0.0001,,,,,0,none
89,99059,64.0328,245.4471,377,0,0,1,0,3.1255,2.115,collision,1298.0,-0.020411,0.390278,-0.848846,0.814009,4.565257,1.216306,0.379811,5.972577,0.386606,0.398747,-0.587044,1.00254,,,,,,,,,,,,,,0,none
90,100448,375.4474,245.939,1389,0,0,1,0,0.8479,2.048,collision,1315.7,0.025343,0.431577,-0.873535,0.877677,4.408381,1.280183,0.304569,5.992077,0.369952,0.390572,-0.66231,1.007104,,,,,,,,,,,,,,0,none
91,101979,597.6207,308.3055,1531,1,1,0,0,0.2987,2.09,goal,1335.5,0.043428,0.412021,-0.884139,0.85864,4.64117,1.163424,0.309074,5.968029,0.372322,0.401212,-0.747199,1.0,,,,,,,,,,,,,,0,none
92,103299,366.7449,286.2455,1320,0,0,1,0,0.8762,2.067,collision,1353.3,0.046027,0.417427,-0.877724,0.879759,4.514157,1.237208,0.226858,5.987524,0.37151,0.390313,-0.680248,1.0,0.030311,0.002628,1.748805,0.00473,0.029116,0.107617,0.011118,0.0,0.0001,,,,,0,none
93,104825,593.4099,349.5257,1526,1,1,0,0,0.2978,2.057,goal,1372.9,0.008594,0.426431,-0.893482,0.851795,4.492342,1.262478,0.227756,5.984161,0.366636,0.399918,-0.741334,1.0,,,,,,,,,,,,,,0,none
94,106164,365.5217,349.727,1339,0,0,1,0,0.8338,2.056,collision,1390.0,0.010944,0.424341,-0.882474,0.87979,4.483692,1.25652,0.461234,5.978261,0.372732,0.390432,-0.621384,1.0,,,,,,,,,,,,,,0,none
95,107683,599.1744,412.5796,1519,1,1,0,0,0.2982,2.068,goal,1409.4,0.048633,0.419239,-0.856942,0.872622,4.61286,1.189468,0.196896,5.991393,0.370916,0.399992,-0.742067,1.0,,,,,,,,,,,,,,0,none
96,109238,608.1414,413.6934,1555,1,1,0,0,0.2983,2.068,goal,1430.8,0.029974,0.425553,-0.864302,0.883331,4.562888,1.207432,0.372389,5.984999,0.370548,0.399947,-0.730178,1.008464,0.004211,0.001035,1.748793,0.004718,0.023816,0.126577,0.009306,0.0,0.0001,,,,,0,none
97,110783,603.9435,477.2077,1545,1,1,0,0,0.2982,2.069,goal,1450.5,0.025256,0.423958,-0.848765,0.876774,4.611838,1.19466,0.391861,5.989689,0.368221,0.399481,-0.756627,1.0,,,,,,,,,,,,,,0,none
98,112177,379.5875,455.3624,1394,0,0,1,0,0.8327,2.011,collision,1468.0,0.007781,0.45233,-0.88376,0.859854,4.513811,1.265451,0.185907,5.980937,0.365024,0.393169,-0.721768,1.0,,,,,,,,,,,,,,0,none
99,112254,-29.9098,445.9682,77,0,0,1,0,3.8655,1.931,collision,1469.0,-0.230592,0.387337,-0.842893,0.803506,3.808584,1.513666,0.100822,5.662465,0.257316,0.358449,-0.650102,1.0,,,,,,,,,,,,,,0,none
100,113758,587.8204,467.2055,1504,1,1,0,0,0.2987,2.092,goal,1490.5,0.024019,0.408448,-0.853785,0.840136,4.6117,1.180142,0.239318,5.982698,0.368537,0.400099,-0.727209,1.0,0.011309,0.001255,1.748566,0.004706,0.02517,0.106077,0.010097,0.0,0.0001,,,,,0,none
101,115265,592.8094,466.7243,1507,1,1,0,0,0.2981,2.064,goal,1509.4,0.019425,0.425358,-0.858183,0.874061,4.561767,1.223662,0.122119,5.98387,0.368471,0.399198,-0.710559,1.0,,,,,,,,,,,,,,0,none
102,116629,374.7137,467.5212,1364,0,0,1,0,0.8692,2.03,collision,1527.4,-0.00456,0.436876,-0.881759,0.872982,4.41782,1.294962,0.256279,5.993802,0.361895,0.386341,-0.664265,1.0,,,,,,,,,,,,,,0,none
103,116679,-35.6911,404.6111,50,0,0,1,0,3.8665,1.589,collision,1528.0,-0.588709,0.256573,-0.883734,0.126044,3.341537,1.454246,0.430521,5.428,0.241368,0.338858,-0.577022,1.0,,,,,,,,,,,,,,0,none
104,116740,-36.0397,364.455,61,0,0,1,0,3.8547,1.935,collision,1529.6,-0.228403,0.380929,-0.818734,0.581944,3.597613,1.371422,0.534785,5.772376,0.260457,0.372611,-0.710004,1.0,-0.008162,0.002588,1.748038,0.004694,0.034028,0.148262,0.00769,0.0,0.0001,,,,,0,none
105,116809,-32.4875,301.2888,69,0,0,1,0,3.8683,1.8,collision,1530.6,-0.361944,0.37022,-0.867259,0.516825,3.169416,1.347531,0.712238,5.598088,0.247928,0.352349,-0.669258,1.0,,,,,,,,,,,,,,0,none
106,118330,591.4438,299.619,1521,1,1,0,0,0.298,2.079,goal,1549.9,0.030424,0.418693,-0.873386,0.880221,4.581229,1.202604,0.220526,5.988064,0.366182,0.399474,-0.754184,1.0,,,,,,,,,,,,,,0,none
107,119667,370.5941,276.2841,1337,0,0,1,0,0.9015,2.056,collision,1567.2,0.062864,0.419509,-0.853939,0.86741,4.563621,1.211771,0.37768,5.978106,0.370633,0.392157,-0.75649,1.010517,,,,,,,,,,,,,,0,none
108,121012,368.8302,275.2084,1345,0,0,1,0,0.8355,2.073,collision,1585.2,0.045822,0.413098,-0.840259,0.856553,4.507688,1.258699,0.21201,5.977872,0.373238,0.391135,-0.640591,1.0,0.007997,0.001444,1.747325,0.004682,0.024268,0.193009,0.00578,0.0,0.0001,,,,,0,none
109,122303,353.9681,313.5961,1291,0,0,1,0,0.8811,2.067,collision,1601.7,0.059155,0.415882,-0.875273,0.853532,4.568686,1.235965,0.449845,5.963891,0.380231,0.396241,-0.726539,1.0,,,,,,,,,,,,,,0,none
110,123803,587.8413,313.5982,1500,1,1,0,0,0.2979,2.082,goal,1620.9,0.047555,0.415569,-0.855777,0.875408,4.62962,1.197262,0.158482,5.985026,0.367947,0.400003,-0.740553,1.0,,,,,,,,,,,,,,0,none
111,125349,606.9442,315.0117,1546,1,1,0,0,0.2985,2.072,goal,1640.3,0.021332,0.423681,-0.852408,0.878485,4.60021,1.186954,0.427627,5.985054,0.36929,0.398858,-0.749094,1.00561,,,,,,,,,,,,,,0,none
112,126665,366.1629,314.1566,1316,0,0,1,0,0.9099,2.058,collision,1658.8,0.048067,0.422399,-0.858643,0.868525,4.582514,1.225855,0.178863,5.986526,0.378013,0.392786,-0.666328,1.001422,0.018493,0.001181,1.746638,0.00467,0.023064,0.167913,0.005703,0.0,0.0001,,,,,0,none
113,128229,602.7496,378.0007,1564,1,1,0,0,0.2987,2.048,goal,1679.4,0.012635,0.431838,-0.87144,0.874165,4.547585,1.243449,0.391387,5.981597,0.363874,0.398448,-0.764938,1.0,,,,,,,,,,,,,,0,none
114,129557,367.8063,418.3853,1328,0,0,1,0,0.8831,2.063,collision,1696.7,0.071634,0.419914,-0.843401,0.847293,4.584543,1.219152,0.205542,5.989833,0.374538,0.393363,-0.779705,1.003414,,,,,,,,,,,,,,0,none
115,130887,361.8778,457.8218,1330,0,0,1,0,0.8468,2.076,collision,1714.1,0.04632,0.414761,-0.856381,0.843075,4.512265,1.220204,0.215496,5.973833,0.366438,0.389799,-0.642974,1.0,,,,,,,,,,,,,,0,none
116,131278,66.2105,405.2985,391,0,0,1,0,3.1068,2.121,collision,1720.3,-0.024557,0.380639,-0.853402,0.79742,4.636055,1.203018,0.387969,5.966825,0.379753,0.39658,-0.632789,1.00233,-0.006763,0.003006,1.747025,0.004658,0.032689,0.175828,0.011851,0.0,0.0001,,,,,0,none
117,131356,-29.743,365.2648,78,0,0,1,0,3.8638,1.903,collision,1721.4,-0.207708,0.389273,-0.833056,0.665518,3.343876,1.567284,0.390348,5.823215,0.258386,0.360869,-0.631297,1.0,,,,,,,,,,,,,,0,none
118,132900,598.7821,388.26,1544,1,1,0,0,0.2994,2.06,goal,1740.6,0.040682,0.42665,-0.872719,0.877602,4.579071,1.205265,0.487223,5.983661,0.37126,0.400647,-0.810231,1.0,,,,,,,,,,,,,,0,none
119,134465,610.5788,413.921,1565,1,1,0,0,0.2997,2.066,goal,1760.7,0.032311,0.419496,-0.867092,0.880428,4.600724,1.19724,0.159485,5.973757,0.369779,0.398861,-0.754856,1.009189,,,,,,,,,,,,,,0,none
120,135755,360.5011,391.187,1290,0,0,1,0,0.8939,2.076,collision,1778.8,0.040742,0.411982,-0.860551,0.877062,4.473921,1.23424,0.368097,5.986378,0.370204,0.393179,-0.642022,1.0,-0.028792,0.001449,1.748834,0.004646,0.025011,0.216496,0.007295,0.0,0.0001,,,,,0,none
121,137109,366.5766,367.1503,1354,0,0,1,0,0.8328,2.059,collision,1796.7,0.042626,0.420009,-0.859247,0.865577,4.452335,1.270693,0.095379,5.976696,0.371019,0.392189,-0.647326,1.0,,,,,,,,,,,,,,0,none
122,138613,587.0886,389.2428,1504,1,1,0,0,0.2982,2.076,goal,1816.3,0.047504,0.418511,-0.879666,0.861257,4.57058,1.179703,0.228351,5.98902,0.371661,0.401235,-0.730004,1.0,,,,,,,,,,,,,,0,none
123,140122,590.1083,387.9787,1509,1,1,0,0,0.299,2.082,goal,1835.7,0.034152,0.411491,-0.847776,0.87728,4.506401,1.226182,0.404489,5.989144,0.371552,0.400555,-0.728944,1.0,,,,,,,,,,,,,,0,none
124,141456,361.4202,387.3401,1334,0,0,1,0,0.8388,2.069,collision,1854.0,0.020735,0.418898,-0.876163,0.852635,4.483181,1.231075,0.220759,5.972949,0.36449,0.389199,-0.661527,1.0,0.0191,0.001205,1.75001,0.004634,0.021671,0.08721,0.006542,0.0,0.0001,,,,,0,none
125,142952,600.5421,411.2065,1496,1,1,0,0,0.2991,2.046,goal,1872.9,0.054772,0.429301,-0.868384,0.868446,4.443161,1.240816,0.156012,5.975945,0.365512,0.395139,-0.67585,1.0,,,,,,,,,,,,,,0,none
126,144482,599.511,464.5366,1530,1,1,0,0,0.2993,2.077,goal,1892.6,0.041476,0.414966,-0.867253,0.886245,4.489355,1.232928,0.250191,5.973256,0.372366,0.40069,-0.737312,1.0,,,,,,,,,,,,,,0,none
127,146030,601.9783,527.7087,1548,1,1,0,0,0.2986,2.066,goal,1912.3,0.030715,0.417503,-0.868582,0.860099,4.441297,1.258393,0.272016,5.991606,0.368569,0.399664,-0.757621,1.0,,,,,,,,,,,,,,0,none
128,147574,598.2193,527.6524,1544,1,1,0,0,0.2995,2.075,goal,1934.0,0.003536,0.412008,-0.876918,0.862615,4.446323,1.286814,0.188313,5.965323,0.365712,0.399047,-0.712427,1.0,-0.009611,0.000857,1.750477,0.004622,0.022478,0.094853,0.004917,0.0,0.0001,,,,,0,none
129,148865,359.3806,502.5326,1291,0,0,1,0,0.8855,2.075,collision,1950.8,0.035736,0.410182,-0.850015,0.8796,4.450946,1.245122,0.401919,5.957664,0.376727,0.390913,-0.635237,1.0,,,,,,,,,,,,,,0,none
130,150381,589.3191,525.4144,1516,1,1,0,0,0.2987,2.085,goal,1970.3,0.048283,0.415265,-0.876607,0.872443,4.546971,1.17255,0.672459,5.98593,0.371654,0.400737,-0.786012,1.0,,,,,,,,,,,,,,0,none
131,151901,595.8952,548.3463,1520,1,1,0,0,0.2982,2.057,goal,1990.0,0.036906,0.422473,-0.859266,0.862834,4.477524,1.232293,0.24064,5.979354,0.370301,0.400754,-0.768334,1.0,,,,,,,,,,,,,,0,none
132,153423,593.9203,549.0295,1522,1,1,0,0,0.2977,2.062,goal,2011.2,0.048999,0.420569,-0.861571,0.876111,4.54009,1.216107,0.299429,5.990732,0.371504,0.400295,-0.76844,1.0,0.009196,0.000849,1.75025,0.00461,0.02079,0.143729,0.002437,0.0,0.0001,,,,,0,none
133,153505,-29.8933,487.0293,82,0,0,1,0,3.8613,1.929,collision,2012.3,-0.280646,0.366322,-0.867975,0.531443,3.662555,1.396598,0.449641,5.895088,0.271125,0.369734,-0.704134,1.0,,,,,,,,,,,,,,0,none
134,155053,605.8901,511.4763,1548,1,1,0,0,0.2993,2.082,goal,2032.8,0.026929,0.413336,-0.861794,0.837741,4.549922,1.217563,0.231679,5.977848,0.374039,0.401576,-0.755907,1.009841,,,,,,,,,,,,,,0,none
135,156587,608.2895,512.251,1534,1,1,0,0,0.2988,2.072,goal,2052.8,0.037399,0.424571,-0.867338,0.878356,4.571262,1.159225,0.406726,5.977723,0.369457,0.395592,-0.651732,1.003067,,,,,,,,,,,,,,0,none
136,157872,360.0493,488.3048,1285,0,0,1,0,0.8776,2.082,collision,2070.8,0.031781,0.405645,-0.847775,0.873974,4.44973,1.261025,0.287888,5.994757,0.377873,0.394615,-0.613839,1.0,0.006062,0.001325,1.750722,0.004598,0.022734,0.171224,0.00506,0.0,0.0001,,,,,0,none
137,159436,610.4184,489.1488,1564,1,1,0,0,0.2983,2.06,goal,2091.3,0.015261,0.431881,-0.890968,0.836347,4.550954,1.207573,0.182833,5.963377,0.365714,0.398622,-0.737043,1.0,,,,,,,,,,,,,,0,none
138,160960,594.2373,488.7506,1524,1,1,0,0,0.2998,2.091,goal,2110.7,0.029826,0.41427,-0.852559,0.864513,4.623525,1.149303,0.191107,5.978683,0.36705,0.398816,-0.715594,1.0,,,,,,,,,,,,,,0,none
139,162280,365.4265,489.3552,1320,0,0,1,0,0.8655,2.069,collision,2127.1,0.005293,0.423905,-0.872144,0.843294,4.504869,1.235329,0.235225,5.966435,0.363522,0.386912,-0.634877,1.0,,,,,,,,,,,,,,0,none
140,163616,361.549,466.5782,1336,0,0,1,0,0.85,2.053,collision,2146.6,0.048926,0.419671,-0.854735,0.875707,4.507065,1.268861,0.469858,5.982504,0.369201,0.394316,-0.727803,1.0,-0.006872,0.001176,1.75067,0.004586,0.024153,0.080657,0.007872,0.0,0.0001,,,,,0,none
141,164999,374.0161,444.3903,1383,0,0,1,0,0.8229,2.058,collision,2164.1,0.031606,0.415641,-0.864133,0.848989,4.362228,1.315823,0.170713,5.97716,0.363494,0.391966,-0.711523,1.001375,,,,,,,,,,,,,,0,none
142,166557,602.5482,445.2531,1558,1,1,0,0,0.2973,2.068,goal,2184.1,0.039746,0.420211,-0.862821,0.851825,4.522409,1.221116,0.231422,5.98372,0.366368,0.398738,-0.759809,1.002937,,,,,,,,,,,,,,0,none
143,166656,-22.188,446.0236,99,0,0,1,0,3.8759,1.742,collision,2185.4,-0.318271,0.406169,-0.865303,0.732727,3.292199,1.613555,0.13043,5.85342,0.261589,0.351832,-0.619197,1.007526,,,,,,,,,,,,,,0,none
144,167951,357.2674,421.1614,1295,0,0,1,0,0.8672,2.071,collision,2204.2,0.015191,0.421338,-0.866621,0.876527,4.389385,1.248077,0.218278,5.976164,0.371723,0.394227,-0.674284,1.0,-0.004088,0.00174,1.749666,0.004574,0.026461,0.153759,0.008868,0.0,0.0001,,,,,0,none
145,169491,598.1437,420.1468,1540,1,1,0,0,0.299,2.046,goal,2224.1,-0.006906,0.437557,-0.897408,0.888632,4.495637,1.233151,0.339094,5.992526,0.361436,0.396251,-0.747828,1.0,,,,,,,,,,,,,,0,none
146,170995,591.7907,443.3209,1504,1,1,0,0,0.2997,2.119,goal,2243.8,0.038041,0.399394,-0.837779,0.876723,4.664968,1.145228,0.259503,5.995202,0.373358,0.401027,-0.725331,1.001368,,,,,,,,,,,,,,0,none
147,172384,373.1339,419.5925,1389,0,0,1,0,0.8266,2.043,collision,2261.7,0.013147,0.430868,-0.870702,0.86144,4.496524,1.271671,0.219245,5.980016,0.367912,0.393258,-0.730427,1.0,,,,,,,,,,,,,,0,none
148,173911,605.6117,420.7299,1527,1,1,0,0,0.2982,2.033,goal,2283.0,0.007456,0.438137,-0.88497,0.857404,4.525116,1.267081,0.060286,5.982938,0.360881,0.392377,-0.67185,1.0,-0.008896,0.001102,1.748098,0.004562,0.023502,0.099662,0.00667,0.0,0.0001,,,,,0,none
149,175204,365.4311,420.7304,1293,0,0,1,0,0.8969,2.091,collision,2299.3,0.027858,0.412124,-0.860876,0.877846,4.674598,1.153025,0.620675,5.983794,0.374381,0.394205,-0.658202,1.0,,,,,,,,,,,,,,0,none
150,176447,346.5791,419.2334,1243,0,0,1,0,0.9268,2.1,collision,2315.2,0.037079,0.407132,-0.829798,0.872477,4.719942,1.108794,0.377551,5.971924,0.379754,0.395136,-0.625238,1.0,,,,,,,,,,,,,,0,none
151,177724,361.2238,417.9542,1277,0,0,1,0,0.9226,2.055,collision,2331.5,0.019415,0.433543,-0.882968,0.861616,4.537423,1.230584,0.21559,5.976899,0.36661,0.392997,-0.662576,1.0,,,,,,,,,,,,,,0,none
152,179007,356.5441,393.3538,1283,0,0,1,0,0.8648,2.091,collision,2349.7,0.016441,0.41484,-0.862743,0.863656,4.570204,1.224298,0.182281,5.97907,0.369885,0.392965,-0.635379,1.0,0.017478,0.001636,1.747181,0.00455,0.028598,0.124212,0.007091,0.0,0.0001,,,,,0,none
153,180558,603.8732,455.9599,1551,1,1,0,0,0.2991,2.084,goal,2369.6,0.04398,0.417415,-0.869166,0.860092,4.713958,1.127106,0.274584,5.986791,0.3712,0.400307,-0.77086,1.013067,,,,,,,,,,,,,,0,none
154,182082,594.8197,479.7151,1524,1,1,0,0,0.297,2.078,goal,2389.3,0.009041,0.422032,-0.886727,0.879775,4.676458,1.19262,0.239395,5.986955,0.369398,0.400059,-0.751329,1.0,,,,,,,,,,,,,,0,none
155,183586,595.3488,479.4356,1504,1,1,0,0,0.2994,2.098,goal,2408.6,0.013826,0.40926,-0.842804,0.863447,4.684365,1.175015,0.272336,5.992686,0.369436,0.399693,-0.751673,1.0,,,,,,,,,,,,,,0,none
156,184293,157.4028,435.9968,707,0,0,1,0,2.4465,2.017,collision,2418.7,-0.085796,0.430519,-0.876712,0.851221,4.430698,1.383557,0.132863,5.968394,0.368809,0.396031,-0.751755,1.0,0.01129,0.001676,1.747215,0.004538,0.022817,0.118237,0.005912,0.0,0.0001,,,,,0,none
157,185826,611.0069,459.7841,1533,1,1,0,0,0.2977,2.058,goal,2437.8,0.059504,0.430155,-0.868608,0.862,4.69623,1.151125,0.344898,5.986984,0.370363,0.395788,-0.714936,1.003116,,,,,,,,,,,,,,0,none
158,187339,592.0172,458.4247,1513,1,1,0,0,0.2991,2.099,goal,2456.7,0.049669,0.404735,-0.852395,0.871016,4.732059,1.112619,0.252036,5.989231,0.371781,0.400944,-0.733601,1.0,,,,,,,,,,,,,,0,none
159,188702,361.8105,458.0626,1363,0,0,1,0,0.8346,2.057,collision,2473.2,0.043717,0.427262,-0.862015,0.849803,4.562189,1.205112,0.306544,5.988141,0.369377,0.394621,-0.77738,1.0,,,,,,,,,,,,,,0,none
160,189981,374.0747,460.8122,1279,0,0,1,0,0.842,2.046,collision,2490.6,-0.008218,0.442637,-0.876536,0.869805,4.576596,1.210209,0.228228,5.971848,0.377238,0.393799,-0.650582,1.0,0.019332,0.002095,1.747874,0.004526,0.02596,0.06217,0.006036,0.0,0.0001,,,,,0,none
161,191250,356.4465,460.3344,1269,0,0,1,0,0.8715,2.098,collision,2506.3,0.029289,0.413042,-0.865551,0.871138,4.627116,1.124071,0.917117,5.976106,0.372497,0.389968,-0.604962,1.0,,,,,,,,,,,,,,0,none
162,192736,592.752,483.9552,1486,1,1,0,0,0.2992,2.075,goal,2524.9,0.030921,0.419779,-0.847814,0.864352,4.65184,1.155477,0.415686,5.99037,0.366915,0.393885,-0.721898,1.0,,,,,,,,,,,,,,0,none
163,194040,378.6133,461.4292,1304,0,0,1,0,0.7963,2.054,collision,2541.1,-0.012592,0.437357,-0.87189,0.828938,4.524783,1.221426,0.352564,5.96491,0.367742,0.393393,-0.675038,1.0,,,,,,,,,,,,,,0,none
164,195254,352.5097,437.1982,1214,0,0,1,0,0.9407,2.081,collision,2557.1,0.014704,0.420394,-0.849666,0.827637,4.631156,1.159519,0.335975,5.988964,0.381298,0.393574,-0.579001,1.0,0.014782,0.002849,1.748031,0.004514,0.033123,0.096873,0.007649,0.0,0.0001,,,,,0,none
165,196793,598.2372,437.4871,1539,1,1,0,0,0.2977,2.071,goal,2575.8,0.016785,0.425441,-0.868608,0.851263,4.638064,1.196596,0.419514,5.98498,0.365711,0.398561,-0.767578,1.0,,,,,,,,,,,,,,0,none
166,198053,354.1266,457.1595,1260,0,0,1,0,0.9243,2.087,collision,2591.2,0.068648,0.414502,-0.845134,0.86169,4.688587,1.143158,0.623166,5.982207,0.372192,0.395793,-0.712618,1.0,,,,,,,,,,,,,,0,none
167,199591,602.4007,456.2988,1538,1,1,0,0,0.2971,2.051,goal,2610.1,0.002071,0.429387,-0.893164,0.868533,4.532847,1.24834,0.249362,5.995242,0.365109,0.398364,-0.750762,1.0,,,,,,,,,,,,,,0,none
168,200945,368.7122,433.9683,1354,0,0,1,0,0.8248,2.055,collision,2627.7,0.051069,0.425351,-0.83824,0.874444,4.594483,1.22313,0.268414,5.979388,0.367373,0.394664,-0.739585,1.0,0.00728,0.001198,1.748639,0.004502,0.024878,0.134134,0.008324,0.0,0.0001,,,,,0,none
169,202282,363.4514,434.1324,1337,0,0,1,0,0.8134,2.078,collision,2643.9,0.015699,0.421008,-0.883363,0.879981,4.558721,1.177368,0.139895,5.97874,0.360732,0.391044,-0.750184,1.0,,,,,,,,,,,,,,0,none
170,203632,372.5268,433.9776,1350,0,0,1,0,0.8322,2.074,collision,2660.5,0.045064,0.4161,-0.859821,0.886251,4.636773,1.172269,0.213079,5.985047,0.372009,0.396007,-0.70425,1.0,,,,,,,,,,,,,,0,none
171,204942,369.7445,435.3074,1310,0,0,1,0,0.9166,2.074,collision,2677.0,0.040161,0.418467,-0.862486,0.860524,4.64924,1.167545,0.148845,5.983792,0.375507,0.394551,-0.687276,1.007343,,,,,,,,,,,,,,0,none
172,206234,366.2514,412.6574,1292,0,0,1,0,0.9185,2.088,collision,2694.3,0.024399,0.412198,-0.870018,0.864316,4.610293,1.181878,0.347024,5.97328,0.378503,0.394128,-0.614768,1.004948,0.009418,0.001264,1.749896,0.00449,0.025181,0.085424,0.006867,0.0,0.0001,,,,,0,none
173,207744,604.3063,435.2267,1510,1,1,0,0,0.2988,2.095,goal,2712.6,0.04044,0.407486,-0.861812,0.864251,4.689034,1.126465,0.208056,5.983498,0.36554,0.394491,-0.665798,1.005475,,,,,,,,,,,,,,0,none
174,209120,369.0084,436.8765,1376,0,0,1,0,0.8016,2.058,collision,2729.6,0.039831,0.422068,-0.892441,0.886172,4.549647,1.285876,0.244042,5.988996,0.363547,0.393074,-0.735049,1.0,,,,,,,,,,,,,,0,none
175,210681,599.0734,436.9602,1561,1,1,0,0,0.2978,2.065,goal,2748.6,0.002211,0.425029,-0.8788,0.856495,4.618219,1.198684,0.3855,5.985545,0.362997,0.397668,-0.775585,1.0,,,,,,,,,,,,,,0,none
176,212204,594.2247,460.97,1523,1,1,0,0,0.2991,2.064,goal,2770.1,-0.010455,0.427178,-0.878794,0.861806,4.576844,1.22993,0.191876,5.97412,0.366094,0.397913,-0.749808,1.0,0.007846,0.001232,1.750878,0.004478,0.025536,0.172138,0.005726,0.0,0.0001,,,,,0,none
177,213731,603.1638,461.0463,1527,1,1,0,0,0.2979,2.095,goal,2788.5,0.030546,0.406303,-0.849795,0.842749,4.64574,1.17628,0.332443,5.987161,0.370418,0.399623,-0.724321,1.011514,,,,,,,,,,,,,,0,none
178,214972,353.903,459.5654,1241,0,0,1,0,0.9265,2.071,collision,2803.9,0.068181,0.420639,-0.863789,0.855695,4.651821,1.183023,0.452375,5.98569,0.370247,0.394801,-0.685766,1.0,,,,,,,,,,,,,,0,none
179,215007,-39.9019,419.23,35,0,0,1,0,3.8761,1.699,collision,2804.4,-0.485254,0.30688,-0.849816,0.41978,3.133332,1.350981,0.415583,5.854163,0.221359,0.329961,-0.49559,1.0,,,,,,,,,,,,,,0,none
180,216317,377.3219,419.7095,1310,0,0,1,0,0.8565,2.065,collision,2821.3,0.039908,0.42388,-0.860059,0.873125,4.614668,1.17534,0.516172,5.980265,0.375469,0.395764,-0.810919,1.007688,-0.114596,0.005557,1.751501,0.004466,0.040718,0.250128,0.024362,0.0,0.0001,,,,,0,none
181,217665,363.7871,419.1138,1348,0,0,1,0,0.8252,2.044,collision,2837.7,-0.008689,0.435501,-0.885147,0.843538,4.532608,1.234946,0.06261,5.978818,0.362298,0.390872,-0.668637,1.0,,,,,,,,,,,,,,0,none
182,219035,374.4743,419.9361,1370,0,0,1,0,0.8334,2.076,collision,2854.6,0.058535,0.422543,-0.882571,0.859417,4.625383,1.187907,0.512198,5.981154,0.372421,0.395402,-0.744363,1.010196,,,,,,,,,,,,,,0,none
183,219398,62.6275,365.7682,363,0,0,1,0,3.1139,2.082,collision,2859.1,-0.033905,0.408998,-0.853734,0.768683,4.470621,1.240208,0.402853,5.969569,0.377003,0.395282,-0.595923,1.0,,,,,,,,,,,,,,0,none
184,220637,355.3135,364.3987,1239,0,0,1,0,0.9179,2.097,collision,2875.7,0.043179,0.411718,-0.838615,0.849227,4.658301,1.118759,0.391976,5.981557,0.379923,0.394775,-0.595824,1.0,0.009927,0.003401,1.752704,0.004454,0.035558,0.17367,0.010325,0.0,0.0001,,,,,0,none
185,221936,375.581,342.0495,1299,0,0,1,0,0.8333,2.1,collision,2891.8,0.029853,0.406246,-0.872272,0.851558,4.625414,1.176457,0.383899,5.975023,0.38466,0.394033,-0.554009,1.005205,,,,,,,,,,,,,,0,none
186,223240,382.1855,320.8456,1304,0,0,1,0,0.8393,2.073,collision,2908.0,0.031167,0.418,-0.867711,0.84882,4.610898,1.213754,0.270347,5.989813,0.379898,0.394765,-0.684002,1.007969,,,,,,,,,,,,,,0,none
187,223274,-40.2725,256.5019,34,0,0,1,0,3.8737,1.371,collision,2908.5,-0.64644,0.201289,-0.860678,0.040406,2.838785,1.512546,0.297904,5.686512,0.256221,0.355841,-0.432079,1.0,,,,,,,,,,,,,,0,none
188,224556,356.5576,256.7674,1282,0,0,1,0,0.8217,2.096,collision,2926.3,0.031122,0.401087,-0.856981,0.825276,4.490241,1.227697,0.232093,5.979801,0.372244,0.391729,-0.626968,1.0,0.022877,0.003376,1.753655,0.004442,0.034315,0.075581,0.006986,0.0,0.0001,,,,,0,none
189,225825,377.8094,298.5385,1269,0,0,1,0,0.8598,2.066,collision,2942.4,0.024121,0.419981,-0.879313,0.873058,4.544353,1.208858,0.324062,5.982758,0.373154,0.392086,-0.644273,1.0,,,,,,,,,,,,,,0,none
190,227041,357.8255,296.5889,1216,0,0,1,0,0.8813,2.091,collision,2957.8,0.015824,0.414822,-0.866501,0.863347,4.645672,1.151388,0.63628,5.986656,0.380047,0.395309,-0.641528,1.0,,,,,,,,,,,,,,0,none
191,228375,374.4709,297.6573,1334,0,0,1,0,0.9045,2.053,collision,2975.1,0.004477,0.431738,-0.875226,0.857889,4.479992,1.249044,0.288157,5.994133,0.37467,0.394342,-0.624317,1.007763,,,,,,,,,,,,,,0,none
192,229670,369.2596,297.1358,1295,0,0,1,0,0.9199,2.078,collision,2992.8,0.040662,0.41992,-0.881531,0.860536,4.584371,1.180038,0.48095,5.990479,0.369392,0.393152,-0.721398,1.006693,0.013806,0.003283,1.754313,0.00443,0.033233,0.079686,0.007419,0.0,0.0001,,,,,0,none
193,230954,358.4612,326.7192,1284,0,0,1,0,0.874,2.096,collision,3009.4,0.063202,0.400889,-0.839766,0.844705,4.561287,1.234988,0.192053,5.985981,0.374562,0.393309,-0.659037,1.0,,,,,,,,,,,,,,0,none
194,230993,-40.9012,287.0977,39,0,0,1,0,3.8538,1.855,collision,3010.0,-0.281469,0.373773,-0.878757,0.595073,3.392441,1.460886,0.206516,5.711901,0.23996,0.362668,-0.67119,1.0,,,,,,,,,,,,,,0,none
195,232277,368.8304,286.4226,1284,0,0,1,0,0.9281,2.081,collision,3027.0,0.04512,0.41081,-0.852895,0.885709,4.645937,1.163893,0.144282,5.994457,0.374789,0.393752,-0.634596,1.009592,,,,,,,,,,,,,,0,none
196,233608,391.4182,287.3459,1331,0,0,1,0,0.8254,2.027,collision,3044.9,-0.016266,0.439845,-0.878757,0.868837,4.507979,1.306215,0.366755,5.987499,0.371347,0.392317,-0.658684,1.0,0.013182,0.003337,1.754691,0.004418,0.030826,0.069384,0.004883,0.0,0.0001,,,,,0,none
197,234894,360.4669,327.4198,1286,0,0,1,0,0.9106,2.092,collision,3061.0,0.048725,0.409586,-0.842828,0.881439,4.611537,1.179708,0.568045,5.983295,0.370961,0.394934,-0.686963,1.0,,,,,,,,,,,,,,0,none
198,236144,377.2799,329.4921,1250,0,0,1,0,0.9389,2.053,collision,3076.6,-0.011157,0.432614,-0.879045,0.876293,4.54787,1.232875,0.042988,5.976569,0.376875,0.392142,-0.670085,1.008151,,,,,,,,,,,,,,0,none
199,237509,373.471,329.0582,1365,0,0,1,0,0.8491,2.06,collision,3093.9,0.060164,0.4221,-0.863007,0.850843,4.627489,1.228695,0.239805,5.990318,0.37347,0.395054,-0.799554,1.007772,,,,,,,,,,,,,,0,none
200,238783,363.0531,329.581,1274,0,0,1,0,0.9241,2.095,collision,3111.2,0.06074,0.40416,-0.812608,0.853322,4.684385,1.143109,0.313824,5.984565,0.372528,0.395639,-0.669444,1.00178,0.003316,0.002241,1.75495,0.004406,0.031571,0.143188,0.004805,0.0,0.0001,,,,,0,none
201,240058,362.07,328.3409,1275,0,0,1,0,0.9324,2.069,collision,3127.5,0.036126,0.422139,-0.859849,0.859899,4.660656,1.148695,0.219663,5.986766,0.370993,0.395418,-0.717673,1.0,,,,,,,,,,,,,,0,none
202,241404,394.3037,330.8453,1346,0,0,1,0,0.8116,2.039,collision,3144.3,-0.006586,0.434154,-0.851518,0.86689,4.497305,1.256809,0.134446,5.981168,0.367512,0.390867,-0.685247,1.004045,,,,,,,,,,,,,,0,none
203,241484,-28.931,292.1061,80,0,0,1,0,3.8512,1.999,collision,3145.4,-0.094221,0.402591,-0.87677,0.671411,3.661125,1.329091,0.489723,5.71275,0.273553,0.372136,-0.614851,1.0,,,,,,,,,,,,,,0,none
204,242976,591.8163,355.3779,1492,1,1,0,0,0.2975,2.112,goal,3165.0,0.031593,0.406405,-0.850676,0.846125,4.686957,1.124784,0.352448,5.986649,0.370927,0.399351,-0.733611,1.0,0.001582,0.003104,1.755124,0.004394,0.031856,0.178981,0.011071,0.0,0.0001,,,,,0,none
205,244511,599.3483,378.4296,1535,1,1,0,0,0.2984,2.09,goal,3184.2,0.022825,0.408509,-0.881388,0.858963,4.638196,1.198501,0.374281,5.98809,0.373631,0.400833,-0.745513,1.002895,,,,,,,,,,,,,,0,none
206,244605,-24.6561,336.8222,94,0,0,1,0,3.8604,1.971,collision,3185.4,-0.151182,0.360575,-0.80657,0.791743,3.700272,1.506968,0.707126,5.916461,0.2752,0.365958,-0.635686,1.006598,,,,,,,,,,,,,,0,none
207,245906,378.6975,338.6453,1301,0,0,1,0,0.8203,2.067,collision,3201.2,0.028229,0.425616,-0.860439,0.858541,4.612808,1.149932,0.248733,5.989475,0.374643,0.394927,-0.721223,1.0,,,,,,,,,,,,,,0,none
208,247445,611.3109,362.0484,1539,1,1,0,0,0.2982,2.072,goal,3221.6,0.018738,0.425584,-0.892457,0.861778,4.612082,1.187118,0.395281,5.987629,0.364869,0.393569,-0.659637,1.006854,0.014625,0.002443,1.755999,0.004382,0.031791,0.114145,0.0068,0.0,0.0001,,,,,0,none
209,248810,363.3744,361.0387,1365,0,0,1,0,0.8149,2.091,collision,3238.7,0.060206,0.404311,-0.836068,0.874369,4.528457,1.218835,0.314324,5.986952,0.364027,0.393243,-0.804846,1.0,,,,,,,,,,,,,,0,none
210,250380,607.87,385.5204,1570,1,1,0,0,0.2997,2.072,goal,3258.4,0.054685,0.412384,-0.851288,0.86474,4.595636,1.216888,0.225986,5.987318,0.3694,0.401076,-0.827949,1.00259,,,,,,,,,,,,,,0,none
211,251772,378.6058,387.174,1392,0,0,1,0,0.8041,2.044,collision,3276.0,0.029607,0.433479,-0.89353,0.851462,4.479592,1.298364,0.242484,5.974726,0.364673,0.390943,-0.672284,1.0,,,,,,,,,,,,,,0,none
212,253041,386.0937,386.353,1269,0,0,1,0,0.8969,2.042,collision,3294.1,-0.018425,0.431158,-0.884868,0.863199,4.455286,1.310066,0.122829,5.992017,0.376694,0.391751,-0.509518,1.007826,0.019871,0.002698,1.756948,0.00437,0.034778,0.132401,0.00509,0.0,0.0001,,,,,0,none
213,253158,-21.0496,387.1411,117,0,0,1,0,3.8505,1.914,collision,3295.7,-0.117781,0.395895,-0.853052,0.750844,3.539025,1.540296,0.079862,5.903474,0.285684,0.376002,-0.698815,1.011553,,,,,,,,,,,,,,0,none
214,254422,363.5613,364.3156,1264,0,0,1,0,0.9318,2.083,collision,3312.0,0.055352,0.41199,-0.837815,0.867536,4.590966,1.185844,0.347415,5.982131,0.378055,0.39405,-0.613789,1.0,,,,,,,,,,,,,,0,none
215,255807,382.3441,342.6152,1385,0,0,1,0,0.7921,2.068,collision,3330.2,0.043876,0.419341,-0.875611,0.876423,4.494187,1.246298,0.263901,5.962143,0.361036,0.389842,-0.72615,1.006414,,,,,,,,,,,,,,0,none
216,257118,387.8735,383.8681,1311,0,0,1,0,0.8264,2.067,collision,3347.9,-0.0022,0.420677,-0.859554,0.851786,4.471212,1.232578,0.16883,5.983588,0.376319,0.394188,-0.646229,1.007851,0.020919,0.002695,1.757117,0.004358,0.030865,0.083351,0.006753,0.0,0.0001,,,,,0,none
217,257215,-22.5959,343.7388,97,0,0,1,0,3.8748,1.809,collision,3349.2,-0.3003,0.382106,-0.851901,0.603463,3.168343,1.446504,0.203574,5.712558,0.260442,0.348885,-0.626602,1.008811,,,,,,,,,,,,,,0,none
218,258495,354.8337,318.0911,1280,0,0,1,0,0.9134,2.078,collision,3365.1,0.074901,0.415073,-0.864214,0.875036,4.643865,1.157807,0.192976,5.984403,0.370888,0.395267,-0.696916,1.0,,,,,,,,,,,,,,0,none
219,259850,373.8332,319.137,1355,0,0,1,0,0.8158,2.063,collision,3381.9,0.022672,0.417291,-0.875847,0.857525,4.420121,1.304042,0.141257,5.982648,0.367395,0.392199,-0.685195,1.0,,,,,,,,,,,,,,0,none
220,261128,363.5132,294.7013,1278,0,0,1,0,0.9144,2.072,collision,3399.0,0.05315,0.407456,-0.83643,0.837873,4.482176,1.238927,0.453788,5.975674,0.376148,0.394223,-0.646263,1.0,0.004697,0.001771,1.757582,0.004346,0.027008,0.101417,0.003675,0.0,0.0001,,,,,0,none
221,262513,375.668,294.4075,1385,0,0,1,0,0.7991,2.058,collision,3416.6,0.041396,0.421597,-0.872067,0.846804,4.450412,1.27296,0.184559,5.985472,0.363252,0.392641,-0.679498,1.0,,,,,,,,,,,,,,0,none
222,264002,590.045,314.8026,1489,1,1,0,0,0.2995,2.091,goal,3435.1,0.02594,0.404189,-0.848804,0.876288,4.57437,1.205863,0.387601,5.98906,0.371972,0.400015,-0.71189,1.0,,,,,,,,,,,,,,0,none
223,265516,601.2052,377.0281,1514,1,1,0,0,0.2976,2.043,goal,3453.7,0.019757,0.430084,-0.884847,0.856977,4.427889,1.302856,0.255645,5.980165,0.363123,0.391914,-0.680036,1.0,,,,,,,,,,,,,,0,none
224,266921,380.1466,378.6867,1405,0,0,1,0,0.8083,2.03,collision,3472.6,0.005936,0.436977,-0.873871,0.85976,4.369037,1.322112,0.257697,5.985047,0.3556,0.389158,-0.731521,1.0,-0.004176,0.00165,1.758728,0.004334,0.031254,0.104052,0.007639,0.0,0.0001,,,,,0,none
225,268184,376.5265,378.1049,1263,0,0,1,0,0.8216,2.08,collision,3488.8,0.02239,0.415137,-0.855666,0.867347,4.533979,1.211573,0.506347,5.970297,0.379679,0.395148,-0.585115,1.0,,,,,,,,,,,,,,0,none
226,269452,376.0222,376.9198,1268,0,0,1,0,0.817,2.071,collision,3505.0,0.020351,0.418469,-0.871567,0.847402,4.534505,1.219515,0.540649,5.981328,0.376135,0.39317,-0.615036,1.0,,,,,,,,,,,,,,0,none
227,270758,379.5902,417.1384,1306,0,0,1,0,0.7905,2.064,collision,3521.4,0.035881,0.420229,-0.850417,0.886543,4.550874,1.198418,0.265772,5.978246,0.369618,0.393694,-0.706534,1.0,,,,,,,,,,,,,,0,none
228,272247,605.5141,442.2064,1489,1,1,0,0,0.2971,2.093,goal,3541.3,0.01611,0.408726,-0.871375,0.851628,4.593472,1.199468,0.262135,5.989492,0.376238,0.397018,-0.655811,1.002183,0.018375,0.004629,1.759825,0.004322,0.038487,0.11771,0.012812,0.0,0.0001,,,,,0,none
229,273523,367.1578,441.5389,1276,0,0,1,0,0.93,2.038,collision,3557.4,0.009941,0.42996,-0.887479,0.876238,4.458985,1.320136,0.094358,5.992054,0.375977,0.394754,-0.605378,1.0,,,,,,,,,,,,,,0,none
230,274914,381.9275,443.3803,1391,0,0,1,0,0.8001,2.06,collision,3575.4,0.038338,0.42114,-0.885307,0.853196,4.447455,1.26904,0.171028,5.974669,0.359859,0.390381,-0.726904,1.008948,,,,,,,,,,,,,,0,none
231,276192,375.9087,443.4044,1278,0,0,1,0,0.8161,2.057,collision,3591.7,0.040073,0.419113,-0.867474,0.871452,4.498488,1.252882,0.101736,5.976712,0.371732,0.392422,-0.616487,1.0,,,,,,,,,,,,,,0,none
232,276283,-22.6242,382.1375,91,0,0,1,0,3.8752,1.769,collision,3593.7,-0.267963,0.459733,-0.888585,0.800792,3.242972,1.462703,0.584147,5.805182,0.255391,0.344149,-0.493159,1.006004,0.013084,0.002978,1.759849,0.00431,0.035695,0.112042,0.005861,0.0,0.0001,,,,,0,none
233,277574,360.8959,358.1065,1291,0,0,1,0,0.9255,2.092,collision,3609.8,0.044915,0.412809,-0.857693,0.871746,4.534126,1.181231,0.387967,5.991817,0.372739,0.39449,-0.664843,1.003722,,,,,,,,,,,,,,0,none
234,277622,-36.5271,316.4392,48,0,0,1,0,3.8559,1.325,collision,3610.5,-0.583562,0.258005,-0.882013,0.251184,2.262349,1.476842,0.153091,5.21423,0.246052,0.343401,-0.529114,1.0,,,,,,,,,,,,,,0,none
235,279100,603.185,339.105,1478,1,1,0,0,0.2982,2.088,goal,3629.5,0.037911,0.409415,-0.833402,0.849105,4.614819,1.184703,0.51162,5.984133,0.375392,0.396264,-0.654219,1.0,,,,,,,,,,,,,,0,none
236,280406,376.0704,339.1098,1306,0,0,1,0,0.8214,2.057,collision,3647.2,0.058033,0.431252,-0.887495,0.850792,4.606059,1.165846,0.260258,5.983297,0.372332,0.39571,-0.809461,1.0,0.029066,0.002203,1.759886,0.004298,0.030452,0.091132,0.011598,0.0,0.0001,,,,,0,none
237,281883,606.2679,361.7776,1477,1,1,0,0,0.2997,2.09,goal,3666.4,0.014256,0.41181,-0.866784,0.862415,4.563512,1.214054,0.445103,5.980176,0.372093,0.394542,-0.647678,1.0,,,,,,,,,,,,,,0,none
238,283149,370.6057,338.2868,1266,0,0,1,0,0.8074,2.09,collision,3683.1,0.033063,0.41027,-0.877978,0.86636,4.672322,1.173031,0.06604,5.993176,0.374262,0.394091,-0.647776,1.0,,,,,,,,,,,,,,0,none
239,284462,391.2142,340.6924,1313,0,0,1,0,0.7862,2.065,collision,3699.9,-0.016967,0.425164,-0.885961,0.860298,4.511066,1.254621,0.202676,5.984016,0.373716,0.392953,-0.591125,1.000623,,,,,,,,,,,,,,0,none
240,285747,383.0759,340.8072,1285,0,0,1,0,0.7775,2.061,collision,3718.1,-0.003712,0.425096,-0.875767,0.861818,4.483686,1.261164,0.189873,5.982973,0.369265,0.391277,-0.588471,1.0,0.02069,0.004406,1.760312,0.004286,0.039413,0.112725,0.009218,0.0,0.0001,,,,,0,none
241,287003,366.8086,339.8972,1256,0,0,1,0,0.8236,2.091,collision,3734.3,0.021784,0.415852,-0.867961,0.866442,4.648711,1.15938,0.604706,5.988482,0.367457,0.390716,-0.637174,1.0,,,,,,,,,,,,,,0,none
242,288267,347.6252,376.9222,1264,0,0,1,0,0.8878,2.109,collision,3750.5,0.032925,0.404381,-0.856919,0.856442,4.625714,1.129483,0.368428,5.981072,0.359617,0.39029,-0.728291,1.0,,,,,,,,,,,,,,0,none
243,288332,-32.2905,337.6035,65,0,0,1,0,3.8615,1.477,collision,3751.4,-0.50979,0.295886,-0.879694,0.474188,2.659706,1.577377,0.087207,5.865472,0.237617,0.335318,-0.629404,1.0,,,,,,,,,,,,,,0,none
244,289606,369.195,378.1757,1274,0,0,1,0,0.8847,2.111,collision,3768.4,0.033727,0.398205,-0.843638,0.851906,4.661543,1.175017,0.392513,5.986975,0.36044,0.385577,-0.654863,1.009245,0.014758,0.005185,1.76063,0.004274,0.042736,0.073019,0.008472,0.0,0.0001,,,,,0,none
245,290899,380.9286,355.9501,1293,0,0,1,0,0.7882,2.07,collision,3784.5,0.002599,0.423288,-0.872381,0.844599,4.544841,1.222085,0.37802,5.981812,0.372132,0.393042,-0.616329,1.0,,,,,,,,,,,,,,0,none
246,290951,-35.6994,314.7731,52,0,0,1,0,3.875,1.655,collision,3785.2,-0.443915,0.328858,-0.889255,0.513039,2.977412,1.513406,0.287548,5.586756,0.236011,0.335839,-0.595777,1.0,,,,,,,,,,,,,,0,none
247,292445,596.2709,313.7734,1494,1,1,0,0,0.2999,2.092,goal,3804.0,0.047462,0.408998,-0.865152,0.873319,4.699252,1.169929,0.433931,5.98595,0.382602,0.400602,-0.825287,1.0,,,,,,,,,,,,,,0,none
248,292507,-33.2257,273.3903,62,0,0,1,0,3.8507,1.515,collision,3805.6,-0.584856,0.255862,-0.880314,-0.004438,2.643391,1.43749,0.286448,5.408249,0.237377,0.335669,-0.632287,1.0,0.014091,0.004479,1.760553,0.004262,0.039978,0.107749,0.010283,0.0,0.0001,,,,,0,none
249,293979,602.892,294.5581,1472,1,1,0,0,0.2982,2.09,goal,3823.8,0.03319,0.41763,-0.830466,0.886931,4.756351,1.111773,0.568151,5.993688,0.377637,0.398636,-0.642095,1.0,,,,,,,,,,,,,,0,none
250,295312,364.0988,292.6604,1333,0,0,1,0,0.8778,2.069,collision,3840.7,-0.009738,0.429924,-0.879173,0.865965,4.633942,1.19889,0.473271,5.983435,0.361591,0.393456,-0.775808,1.0,,,,,,,,,,,,,,0,none
251,296619,384.6813,294.4476,1307,0,0,1,0,0.82,2.089,collision,3858.1,0.025787,0.411645,-0.87096,0.848984,4.711856,1.144036,0.237615,5.986302,0.370346,0.393745,-0.669655,1.010769,,,,,,,,,,,,,,0,none
252,297874,363.8352,296.0686,1255,0,0,1,0,0.925,2.099,collision,3876.3,0.026189,0.406006,-0.869744,0.854132,4.717114,1.144013,0.441313,5.979317,0.36914,0.392538,-0.612416,1.002253,0.010185,0.003259,1.760516,0.00425,0.036242,0.137319,0.006277,0.0,0.0001,,,,,0,none
253,299374,609.5331,360.251,1500,1,1,0,0,0.2974,2.085,goal,3897.6,0.021514,0.418677,-0.86144,0.849289,4.746708,1.143022,0.377235,5.979454,0.381207,0.398068,-0.651615,1.007656,,,,,,,,,,,,,,0,none
254,299442,-33.855,319.946,68,0,0,1,0,3.8571,1.88,collision,3898.6,-0.227794,0.360322,-0.862541,0.678137,3.338431,1.501778,0.482578,5.887673,0.257322,0.367308,-0.690896,1.0,,,,,,,,,,,,,,0,none
255,300933,598.8209,341.7352,1491,1,1,0,0,0.2972,2.112,goal,3918.1,0.03945,0.402471,-0.846061,0.88397,4.763706,1.089924,0.378623,5.991469,0.367166,0.393523,-0.678443,1.000728,,,,,,,,,,,,,,0,none
256,302403,598.0475,405.1099,1470,1,1,0,0,0.2999,2.104,goal,3938.9,0.036085,0.405651,-0.860902,0.85484,4.8021,1.092175,0.521199,5.984677,0.378195,0.397595,-0.615311,1.0,-0.020502,0.002246,1.759988,0.004238,0.03601,0.130908,0.018934,0.0,0.0001,,,,,0,none
257,303695,365.3569,382.0185,1292,0,0,1,0,0.9009,2.1,collision,3955.0,0.04814,0.410673,-0.843129,0.844043,4.791809,1.102317,0.294502,5.994079,0.364552,0.38791,-0.658134,1.006338,,,,,,,,,,,,,,0,none
258,305209,604.9914,445.8402,1514,1,1,0,0,0.2985,2.053,goal,3974.9,-0.008359,0.434984,-0.875386,0.85526,4.652053,1.231352,0.118889,5.976274,0.373534,0.396849,-0.662167,1.0,,,,,,,,,,,,,,0,none
259,306724,614.9022,447.0412,1515,1,1,0,0,0.2972,2.062,goal,3995.5,0.007142,0.432167,-0.869729,0.860108,4.698792,1.203185,0.194749,5.990716,0.374674,0.396438,-0.660889,1.003634,,,,,,,,,,,,,,0,none
260,308125,594.304,470.0617,1401,1,1,0,0,0.2994,2.107,goal,4014.8,-0.00601,0.409046,-0.880677,0.869463,4.734488,1.156808,0.262658,5.987609,0.3885,0.396821,-0.438719,1.0,0.003621,0.00275,1.759403,0.004226,0.039728,0.086471,0.010539,0.0,0.0001,,,,,0,none
261,309574,597.0357,491.2972,1449,1,1,0,0,0.2984,2.081,goal,4033.4,0.012057,0.418492,-0.888313,0.868108,4.716399,1.175583,0.14862,5.992102,0.380116,0.398456,-0.609689,1.0,,,,,,,,,,,,,,0,none
262,311069,604.3948,515.3531,1495,1,1,0,0,0.2989,2.088,goal,4052.1,0.02452,0.417428,-0.867436,0.884,4.786228,1.08845,0.456976,5.986618,0.379986,0.398429,-0.634021,1.000168,,,,,,,,,,,,,,0,none
263,312370,374.8675,491.8866,1301,0,0,1,0,0.8903,2.082,collision,4068.5,0.025173,0.419081,-0.895094,0.857919,4.719942,1.132747,0.232025,5.979218,0.361408,0.387054,-0.616656,1.010188,,,,,,,,,,,,,,0,none
264,312697,57.6883,501.0409,327,0,0,1,0,3.1139,2.071,collision,4073.8,0.050567,0.426939,-0.831848,0.843878,4.532621,1.193578,0.749811,5.958888,0.370082,0.395945,-0.533352,1.0,0.026364,0.003475,1.75927,0.004214,0.036746,0.142554,0.008286,0.0,0.0001,,,,,0,none
265,314015,362.6646,477.4253,1318,0,0,1,0,0.8858,2.079,collision,4089.6,0.040351,0.420464,-0.889445,0.841379,4.718787,1.169751,0.379926,5.991773,0.364878,0.392084,-0.770517,1.001326,,,,,,,,,,,,,,0,none
266,315488,604.196,478.0401,1473,1,1,0,0,0.2983,2.098,goal,4108.4,0.008244,0.411833,-0.850801,0.85154,4.701711,1.108986,0.505784,5.985328,0.381517,0.399185,-0.639435,1.000266,,,,,,,,,,,,,,0,none
267,315589,-22.5126,439.2532,101,0,0,1,0,3.8597,1.867,collision,4109.7,-0.205395,0.397984,-0.859818,0.750022,3.513522,1.582951,0.091468,5.851398,0.273087,0.365104,-0.664862,1.007597,,,,,,,,,,,,,,0,none
268,316909,388.653,417.6193,1320,0,0,1,0,0.7626,2.094,collision,4128.8,0.02318,0.412165,-0.852964,0.858356,4.724152,1.161162,0.586619,5.973492,0.377027,0.394211,-0.62441,1.008096,0.02918,0.003093,1.759292,0.004202,0.0354,0.106261,0.017725,0.0,0.0001,,,,,0,none
269,318184,371.9203,393.3212,1275,0,0,1,0,0.7657,2.089,collision,4145.6,0.026895,0.419859,-0.85444,0.884691,4.763259,1.095981,0.493151,5.987237,0.373241,0.395086,-0.652065,1.0,,,,,,,,,,,,,,0,none
270,319436,342.9095,368.1817,1252,0,0,1,0,0.8838,2.121,collision,4162.6,0.041782,0.396574,-0.831636,0.856042,4.860261,1.03715,0.340387,5.993325,0.367748,0.394447,-0.731209,1.0,,,,,,,,,,,,,,0,none
271,320882,590.8937,367.5675,1446,1,1,0,0,0.2997,2.091,goal,4182.0,0.027096,0.416399,-0.864716,0.864503,4.721719,1.146745,0.254452,5.988123,0.376004,0.397282,-0.652754,1.0,,,,,,,,,,,,,,0,none
272,322392,610.6532,368.1933,1510,1,1,0,0,0.299,2.077,goal,4203.3,0.006163,0.423876,-0.869056,0.878656,4.731177,1.158347,0.361668,5.98589,0.377174,0.397432,-0.638589,1.004733,0.030801,0.002953,1.759461,0.00419,0.033359,0.10299,0.009422,0.0,0.0001,,,,,0,none
273,323850,591.6481,389.8714,1458,1,1,0,0,0.2997,2.094,goal,4222.3,0.02482,0.415259,-0.865387,0.844252,4.761869,1.110344,0.504861,5.978059,0.379269,0.398729,-0.640908,1.0,,,,,,,,,,,,,,0,none
274,325142,351.7433,419.2769,1292,0,0,1,0,0.8917,2.103,collision,4239.5,0.061681,0.412653,-0.856073,0.854955,4.845613,1.079445,0.193382,5.986835,0.3711,0.397047,-0.756484,1.0,,,,,,,,,,,,,,0,none
275,326613,600.0056,443.011,1471,1,1,0,0,0.2981,2.076,goal,4259.2,0.000726,0.428972,-0.880214,0.872377,4.734142,1.166876,0.083901,5.987247,0.374055,0.398187,-0.652179,1.0,,,,,,,,,,,,,,0,none
276,328120,610.6959,443.661,1507,1,1,0,0,0.2981,2.054,goal,4279.9,0.010178,0.434689,-0.877249,0.865504,4.760923,1.178099,0.393749,5.983142,0.378237,0.399083,-0.647987,1.0,0.010392,0.002008,1.759462,0.004178,0.030406,0.128786,0.005102,0.0,0.0001,,,,,0,none
277,329579,590.3322,504.9455,1459,1,1,0,0,0.2998,2.105,goal,4298.7,0.044042,0.412044,-0.874459,0.869076,4.847872,1.05127,0.572028,5.986948,0.382258,0.401362,-0.792243,1.0,,,,,,,,,,,,,,0,none
278,330870,365.837,502.6639,1291,0,0,1,0,0.9298,2.081,collision,4315.5,0.022795,0.421224,-0.865303,0.884972,4.678775,1.207737,0.230989,5.978514,0.372148,0.393847,-0.660802,1.002505,,,,,,,,,,,,,,0,none
279,332099,342.8776,499.7596,1229,0,0,1,0,0.9535,2.094,collision,4331.3,0.033052,0.417147,-0.86126,0.840161,4.745204,1.133298,0.496948,5.975169,0.360558,0.38764,-0.703519,1.0,,,,,,,,,,,,,,0,none
280,333347,347.2632,500.195,1248,0,0,1,0,0.8893,2.115,collision,4349.0,0.062695,0.405756,-0.87039,0.854679,4.853012,1.046519,0.496912,5.98595,0.368625,0.394497,-0.731464,1.0,0.015491,0.002275,1.759495,0.004166,0.031407,0.152318,0.006397,0.0,0.0001,,,,,0,none
281,334821,597.4017,500.8458,1474,1,1,0,0,0.2986,2.084,goal,4367.9,0.04419,0.421854,-0.836043,0.845545,4.753915,1.106805,0.539544,5.987715,0.377852,0.398474,-0.687235,1.0,,,,,,,,,,,,,,0,none
282,336101,367.2643,476.5069,1280,0,0,1,0,0.8773,2.085,collision,4384.2,0.051971,0.416278,-0.821648,0.872344,4.779307,1.092236,0.426291,5.987145,0.365829,0.389057,-0.671973,1.0,,,,,,,,,,,,,,0,none
283,337586,601.3557,477.4776,1485,1,1,0,0,0.2987,2.075,goal,4403.0,-0.010888,0.424749,-0.879482,0.863744,4.70946,1.176497,0.157723,5.995858,0.376586,0.397626,-0.648337,1.0,,,,,,,,,,,,,,0,none
284,338871,368.2057,479.1239,1285,0,0,1,0,0.8783,2.106,collision,4420.6,0.04577,0.407566,-0.817348,0.884685,4.759969,1.098191,0.754716,5.974355,0.362911,0.385703,-0.642757,1.006249,0.023828,0.003054,1.760229,0.004154,0.034581,0.101588,0.00538,0.0,0.0001,,,,,0,none
285,340357,595.6955,478.6929,1486,1,1,0,0,0.2999,2.074,goal,4440.0,0.038269,0.422745,-0.852348,0.882944,4.773975,1.136849,0.297573,5.996156,0.378742,0.399473,-0.776045,1.0,,,,,,,,,,,,,,0,none
286,341648,364.9354,454.1168,1291,0,0,1,0,0.9275,2.084,collision,4456.8,0.040727,0.417287,-0.881008,0.861503,4.717851,1.134583,0.332761,5.988239,0.374454,0.395045,-0.675034,1.002557,,,,,,,,,,,,,,0,none
287,343215,608.5248,455.9361,1567,1,1,0,0,0.2972,2.091,goal,4478.5,-0.005139,0.412825,-0.870479,0.864743,4.741812,1.150791,0.26526,5.990397,0.374518,0.401568,-0.75532,1.009699,,,,,,,,,,,,,,0,none
288,344481,354.1064,454.763,1266,0,0,1,0,0.9665,2.088,collision,4498.8,0.0436,0.415007,-0.873064,0.860309,4.755653,1.153542,0.299231,5.9805,0.364929,0.389312,-0.663595,1.003911,0.004064,0.001759,1.760566,0.004142,0.031105,0.116554,0.004568,0.0,0.0001,,,,,0,none
289,345991,611.6256,481.6378,1510,1,1,0,0,0.2983,2.084,goal,4519.9,0.013738,0.420471,-0.869317,0.865662,4.745326,1.145659,0.446459,5.987747,0.381108,0.399558,-0.658026,1.008788,,,,,,,,,,,,,,0,none
290,346023,-41.7075,442.7408,32,0,0,1,0,3.8693,1.632,collision,4520.4,-0.396806,0.312834,-0.843397,0.357236,2.885353,1.628644,0.056357,5.77488,0.203471,0.318679,-0.596902,1.0,,,,,,,,,,,,,,0,none
291,347278,350.7107,418.0717,1255,0,0,1,0,0.9221,2.074,collision,4537.9,0.042657,0.422867,-0.869532,0.853292,4.680217,1.15176,0.326064,5.987312,0.372539,0.395621,-0.679473,1.0,,,,,,,,,,,,,,0,none
292,348772,593.6563,440.7109,1494,1,1,0,0,0.2999,2.1,goal,4559.5,0.025594,0.413187,-0.868407,0.873092,4.765395,1.078213,0.630543,5.994967,0.369873,0.394317,-0.645986,1.0,-0.009951,0.001374,1.7598,0.00413,0.03055,0.179243,0.010878,0.0,0.0001,,,,,0,none
293,350235,599.3688,440.5122,1463,1,1,0,0,0.2998,2.075,goal,4579.7,0.018437,0.418467,-0.868588,0.840468,4.713572,1.15145,0.130717,5.984869,0.38372,0.399474,-0.637308,1.0,,,,,,,,,,,,,,0,none
294,350328,-23.8109,401.3105,93,0,0,1,0,3.8563,1.609,collision,4581.0,-0.474324,0.363097,-0.859424,0.729467,3.016076,1.558894,0.176888,5.896345,0.261467,0.35145,-0.633808,1.0,,,,,,,,,,,,,,0,none
295,351846,599.1061,401.6516,1518,1,1,0,0,0.2997,2.086,goal,4601.5,0.02962,0.416623,-0.859485,0.842906,4.764528,1.101755,0.173845,5.988286,0.371015,0.395731,-0.662925,1.0,,,,,,,,,,,,,,0,none
296,353094,360.13,401.171,1248,0,0,1,0,0.8771,2.08,collision,4619.3,0.031284,0.41632,-0.831036,0.865942,4.642817,1.175282,0.296334,5.983875,0.365003,0.388721,-0.644348,1.0,0.008578,0.002803,1.75854,0.004118,0.036263,0.104617,0.012668,0.0,0.0001,,,,,0,none
297,354584,608.3289,401.1514,1490,1,1,0,0,0.2998,2.064,goal,4638.7,-0.0101,0.430641,-0.883178,0.865126,4.703667,1.205596,0.039737,5.975619,0.37962,0.397603,-0.650692,1.0,,,,,,,,,,,,,,0,none
298,355892,360.1268,401.7535,1308,0,0,1,0,0.89,2.091,collision,4656.7,0.027546,0.414303,-0.870154,0.848784,4.735894,1.13827,0.223419,5.985164,0.365538,0.393596,-0.755957,1.0,,,,,,,,,,,,,,0,none
299,357170,352.2842,375.8193,1278,0,0,1,0,0.8869,2.083,collision,4673.6,0.033165,0.414576,-0.82889,0.858999,4.804685,1.107665,0.52025,5.988223,0.369511,0.395354,-0.750274,1.0,,,,,,,,,,,,,,0,none
300,358460,365.9411,416.5842,1290,0,0,1,0,0.8831,2.067,collision,4693.8,0.012155,0.428048,-0.868393,0.832272,4.647989,1.229612,0.350202,5.989588,0.359365,0.384422,-0.687016,1.0,0.021555,0.003529,1.757734,0.004106,0.034515,0.081338,0.014522,0.0,0.0001,,,,,0,none
301,359914,595.5876,441.0719,1454,1,1,0,0,0.2997,2.096,goal,4714.0,0.031189,0.413854,-0.881691,0.869803,4.786059,1.118851,0.227174,5.991659,0.382858,0.399584,-0.604974,1.0,,,,,,,,,,,,,,0,none
302,361174,358.6456,417.5708,1260,0,0,1,0,0.8768,2.098,collision,4731.5,0.045175,0.414337,-0.820148,0.8867,4.875055,1.052917,0.464651,5.986516,0.36694,0.38831,-0.675669,1.0,,,,,,,,,,,,,,0,none
303,362629,592.4859,416.8825,1455,1,1,0,0,0.2993,2.092,goal,4751.5,0.033578,0.414918,-0.83479,0.870898,4.79026,1.101293,0.466172,5.991085,0.38134,0.399582,-0.687981,1.0,,,,,,,,,,,,,,0,none
304,364115,595.3703,478.8007,1486,1,1,0,0,0.2982,2.077,goal,4773.5,0.036143,0.424658,-0.870857,0.84623,4.809609,1.069389,0.580501,5.99332,0.370976,0.39494,-0.694378,1.0,0.022129,0.002106,1.757109,0.004094,0.033449,0.102809,0.006747,0.0,0.0001,,,,,0,none
305,364232,-15.9314,417.2969,117,0,0,1,0,3.8666,1.663,collision,4775.0,-0.39671,0.404311,-0.889287,0.618772,3.244152,1.619448,0.198868,5.851303,0.278307,0.359936,-0.604157,1.010947,,,,,,,,,,,,,,0,none
306,364276,-39.5413,377.3298,44,0,0,1,0,3.8673,1.826,collision,4775.7,-0.415704,0.33217,-0.873187,0.222362,3.493828,1.51178,0.230938,5.784354,0.238084,0.354724,-0.697374,1.0,,,,,,,,,,,,,,0,none
307,365745,599.3191,376.4288,1469,1,1,0,0,0.2984,2.108,goal,4795.0,0.036172,0.413408,-0.865023,0.858969,4.827865,1.078027,0.476228,5.989949,0.381248,0.400207,-0.653211,1.0,,,,,,,,,,,,,,0,none
308,367011,348.1721,375.2333,1266,0,0,1,0,0.8842,2.093,collision,4812.6,0.051515,0.415231,-0.834282,0.855863,4.856544,1.076801,0.522552,5.991165,0.370396,0.395512,-0.735552,1.0,0.019596,0.004648,1.756887,0.004082,0.039391,0.21088,0.010175,0.0,0.0001,,,,,0,none
309,368558,616.2514,401.63,1547,1,1,0,0,0.2993,2.048,goal,4832.4,-0.01658,0.430534,-0.893619,0.861511,4.609371,1.253428,0.133692,5.993078,0.369855,0.395806,-0.635952,1.006,,,,,,,,,,,,,,0,none
310,370053,604.1994,425.4559,1495,1,1,0,0,0.2979,2.068,goal,4853.1,-0.013866,0.432758,-0.882072,0.8671,4.676945,1.187158,0.261603,5.98983,0.375502,0.397378,-0.655728,1.0,,,,,,,,,,,,,,0,none
311,371572,603.3507,426.2322,1519,1,1,0,0,0.2989,2.062,goal,4872.8,0.004044,0.433093,-0.869191,0.848953,4.69973,1.194029,0.139692,5.996343,0.370943,0.395363,-0.660213,1.0,,,,,,,,,,,,,,0,none
312,373031,594.5294,449.8206,1459,1,1,0,0,0.2997,2.08,goal,4893.0,0.029032,0.41542,-0.847025,0.852819,4.735528,1.161981,0.265578,5.990238,0.383212,0.399932,-0.615181,1.0,-0.010889,0.001858,1.757021,0.00407,0.034481,0.149041,0.015491,0.0,0.0001,,,,,0,none
313,374489,600.2527,450.5972,1458,1,1,0,0,0.2986,2.09,goal,4912.0,0.016949,0.421501,-0.859923,0.871865,4.717221,1.142789,0.52266,5.985324,0.381088,0.398021,-0.64209,1.0,,,,,,,,,,,,,,0,none
314,375934,592.904,450.3506,1445,1,1,0,0,0.2991,2.093,goal,4931.4,0.029576,0.412699,-0.840427,0.88759,4.739328,1.115921,0.335842,5.988788,0.384225,0.399711,-0.619884,1.0,,,,,,,,,,,,,,0,none
315,375976,-37.5969,448.1841,42,0,0,1,0,3.8598,1.352,collision,4932.0,-0.676308,0.188268,-0.877405,0.069269,2.457768,1.500345,0.277725,5.716642,0.266467,0.359948,-0.385871,1.0,,,,,,,,,,,,,,0,none
316,376029,-34.8786,448.6503,53,0,0,1,0,3.8761,1.638,collision,4933.6,-0.535751,0.319803,-0.86535,0.465398,3.065344,1.451442,0.351669,5.691781,0.238827,0.337036,-0.569838,1.0,0.027168,0.002812,1.756977,0.004058,0.030495,0.133059,0.008006,0.0,0.0001,,,,,0,none
317,377463,591.3272,447.8511,1434,1,1,0,0,0.299,2.099,goal,4953.5,0.04697,0.415328,-0.871907,0.871516,4.790036,1.071939,0.432729,5.981793,0.382872,0.399478,-0.685702,1.0,,,,,,,,,,,,,,0,none
318,377832,69.9426,420.0282,369,0,0,1,0,3.1108,2.092,collision,4958.6,0.053413,0.417424,-0.841973,0.826953,4.690284,1.126689,0.812131,5.978755,0.382485,0.3983,-0.526894,1.000119,,,,,,,,,,,,,,0,none
319,377918,-24.159,355.9871,86,0,0,1,0,3.8713,1.93,collision,4959.7,-0.228637,0.350463,-0.823986,0.549744,3.386944,1.526663,0.424418,5.759222,0.25242,0.344797,-0.523343,1.006559,,,,,,,,,,,,,,0,none
320,377999,-29.7788,292.5893,81,0,0,1,0,3.8548,1.813,collision,4961.7,-0.233488,0.394769,-0.812665,0.617648,3.203027,1.525018,0.224928,5.842948,0.265418,0.368229,-0.67198,1.0,0.012174,0.004618,1.757045,0.004046,0.037765,0.047938,0.011318,0.0,0.0001,,,,,0,none
321,378071,-31.4205,229.1122,72,0,0,1,0,3.8721,1.952,collision,4962.7,-0.304484,0.351593,-0.858614,0.534273,3.520025,1.220285,0.766924,5.64956,0.255723,0.356215,-0.679968,1.0,,,,,,,,,,,,,,0,none
322,379383,379.5828,207.6175,1312,0,0,1,0,0.7541,2.074,collision,4979.6,0.047178,0.419257,-0.862998,0.885612,4.723351,1.147323,0.393337,5.985718,0.380047,0.397192,-0.842199,1.0,,,,,,,,,,,,,,0,none
323,380838,596.7721,207.2695,1455,1,1,0,0,0.2973,2.095,goal,4999.0,0.042634,0.415093,-0.857987,0.855032,4.741586,1.126862,0.540619,5.988829,0.385183,0.400203,-0.604686,1.0,,,,,,,,,,,,,,0,none
324,382134,377.1784,185.6969,1296,0,0,1,0,0.8049,2.065,collision,5018.1,0.007725,0.424416,-0.868734,0.885329,4.643701,1.213279,0.322959,5.986742,0.377517,0.395696,-0.645389,1.0,0.031145,0.002744,1.75727,0.004034,0.02945,0.121708,0.012954,0.0,0.0001,,,,,0,none
325,383440,391.0679,228.5634,1306,0,0,1,0,0.8087,2.076,collision,5035.6,0.01827,0.423472,-0.857525,0.855636,4.733288,1.121649,0.045389,5.978064,0.382847,0.396277,-0.607627,1.010752,,,,,,,,,,,,,,0,none
326,384679,381.4044,270.1917,1239,0,0,1,0,0.8748,2.077,collision,5051.2,-0.00812,0.421674,-0.89104,0.871838,4.69791,1.196726,0.314677,5.99148,0.386627,0.394359,-0.489958,1.001454,,,,,,,,,,,,,,0,none
327,386142,595.3532,270.5943,1463,1,1,0,0,0.2994,2.091,goal,5070.7,0.052457,0.413547,-0.838605,0.854193,4.802304,1.115968,0.316653,5.981918,0.387245,0.40121,-0.757757,1.0,,,,,,,,,,,,,,0,none
328,387434,367.3251,300.3325,1292,0,0,1,0,0.8874,2.094,collision,5089.2,0.041734,0.417346,-0.839658,0.874727,4.791278,1.086695,0.590546,5.982829,0.379733,0.396997,-0.669457,1.001441,0.026072,0.002925,1.757197,0.004022,0.033498,0.096484,0.013299,0.0,0.0001,,,,,0,none
329,388773,394.4955,342.198,1339,0,0,1,0,0.8051,2.043,collision,5107.1,0.001719,0.438096,-0.873138,0.862857,4.688864,1.210867,0.249624,5.981951,0.379189,0.394318,-0.600764,1.004537,,,,,,,,,,,,,,0,none
330,390015,380.9857,383.2745,1242,0,0,1,0,0.7409,2.086,collision,5123.7,0.0204,0.415202,-0.880931,0.877583,4.698863,1.147927,0.497749,5.993017,0.382788,0.394035,-0.530141,1.0,,,,,,,,,,,,,,0,none
331,391277,375.9957,424.0161,1262,0,0,1,0,0.8625,2.084,collision,5140.6,0.003963,0.411327,-0.857212,0.872528,4.730792,1.178786,0.256097,5.9894,0.383117,0.395952,-0.563079,1.0,,,,,,,,,,,,,,0,none
332,392768,609.2101,446.9788,1491,1,1,0,0,0.2995,2.064,goal,5162.2,0.004931,0.427685,-0.891195,0.854126,4.697826,1.203635,0.056193,5.987148,0.38287,0.398322,-0.575651,1.0,0.010802,0.004196,1.757955,0.00401,0.036913,0.137594,0.010776,0.0,0.0001,,,,,0,none
333,394213,606.6959,447.9712,1445,1,1,0,0,0.2978,2.09,goal,5181.2,0.029739,0.412937,-0.840809,0.870453,4.772421,1.147395,0.383603,5.990869,0.391032,0.399151,-0.533806,1.0,,,,,,,,,,,,,,0,none
334,394574,69.183,417.1717,361,0,0,1,0,3.1127,2.003,collision,5186.0,-0.010183,0.466251,-0.883045,0.858619,4.639981,1.223119,0.319956,5.989406,0.376464,0.397068,-0.516369,1.0,,,,,,,,,,,,,,0,none
335,396066,611.3454,439.1994,1492,1,1,0,0,0.2977,2.079,goal,5205.9,0.020467,0.427032,-0.868072,0.864754,4.748625,1.12374,0.593178,5.98718,0.380766,0.397202,-0.641173,1.000588,,,,,,,,,,,,,,0,none
336,397565,609.7538,462.0343,1499,1,1,0,0,0.2986,2.098,goal,5226.0,0.046044,0.411813,-0.836956,0.876699,4.908674,1.038226,0.352733,5.991922,0.39135,0.40231,-0.712381,1.01484,0.025843,0.002363,1.759197,0.003998,0.034486,0.17033,0.016808,0.0,0.0001,,,,,0,none
337,399067,604.5543,462.9545,1502,1,1,0,0,0.2992,2.071,goal,5245.5,0.044111,0.42412,-0.862979,0.888438,4.855542,1.095057,0.380441,5.988637,0.389033,0.401511,-0.783121,1.0,,,,,,,,,,,,,,0,none
338,400339,367.2845,462.9504,1272,0,0,1,0,0.846,2.105,collision,5262.1,0.019262,0.404588,-0.856655,0.842879,4.710917,1.190841,0.479029,5.984858,0.384545,0.393487,-0.578906,1.0,,,,,,,,,,,,,,0,none
339,401570,375.398,461.0406,1231,0,0,1,0,0.8867,2.084,collision,5279.1,0.007003,0.416121,-0.848773,0.880413,4.76147,1.179716,0.288126,5.976145,0.392164,0.397246,-0.51156,1.0,,,,,,,,,,,,,,0,none
340,402954,384.5091,461.393,1384,0,0,1,0,0.8191,2.056,collision,5299.2,-0.003411,0.431234,-0.873662,0.868994,4.643042,1.247586,0.257991,5.985785,0.373526,0.393079,-0.67433,1.010239,0.017792,0.001946,1.759247,0.003986,0.029148,0.106784,0.012947,0.0,0.0001,,,,,0,none
341,404243,363.8942,460.1828,1289,0,0,1,0,0.9051,2.09,collision,5316.6,0.037109,0.422602,-0.864421,0.863119,4.791499,1.090334,0.55622,5.979507,0.378419,0.395625,-0.669744,1.0,,,,,,,,,,,,,,0,none
342,404612,71.809,406.4427,369,0,0,1,0,3.1612,2.066,collision,5321.6,0.038583,0.439853,-0.87367,0.867477,4.826332,1.086056,0.571598,5.99023,0.375683,0.39597,-0.499895,1.012108,,,,,,,,,,,,,,0,none
343,405931,387.8872,384.5619,1319,0,0,1,0,0.7927,2.072,collision,5339.3,0.011249,0.429119,-0.843545,0.854994,4.767027,1.117694,0.403034,5.989489,0.380859,0.39546,-0.614393,1.003024,,,,,,,,,,,,,,0,none
344,407375,590.2335,436.6669,1444,1,1,0,0,0.2982,2.111,goal,5361.2,0.01657,0.401806,-0.828729,0.874497,4.801666,1.139213,0.433096,5.989635,0.384744,0.399976,-0.594238,1.0,0.03157,0.002459,1.759107,0.003974,0.027792,0.097893,0.007465,0.0,0.0001,,,,,0,none
345,408825,596.6121,435.1936,1450,1,1,0,0,0.2993,2.095,goal,5380.6,0.018293,0.41442,-0.880051,0.844616,4.824904,1.106192,0.381237,5.993619,0.383896,0.398205,-0.575609,1.0,,,,,,,,,,,,,,0,none
346,410133,380.9031,412.3085,1308,0,0,1,0,0.8155,2.085,collision,5398.3,0.030892,0.414067,-0.864491,0.869318,4.855442,1.144521,0.468954,5.991167,0.383316,0.39729,-0.740358,1.007233,,,,,,,,,,,,,,0,none
347,411377,367.4716,388.6002,1244,0,0,1,0,0.8307,2.09,collision,5414.3,0.016127,0.421676,-0.821743,0.868435,4.787357,1.10858,0.33312,5.983671,0.379301,0.394838,-0.618752,1.0,,,,,,,,,,,,,,0,none
348,412699,361.094,387.9812,1322,0,0,1,0,0.8187,2.081,collision,5432.5,0.042466,0.411521,-0.856046,0.876388,4.707795,1.18227,0.432085,5.983295,0.370597,0.393974,-0.681746,1.0,0.030005,0.002813,1.759014,0.003962,0.03046,0.147473,0.008371,0.0,0.0001,,,,,0,none
349,413964,363.1468,386.7561,1265,0,0,1,0,0.9295,2.072,collision,5449.1,0.028195,0.428486,-0.849323,0.870123,4.803488,1.136265,0.154717,5.98597,0.372354,0.392192,-0.663259,1.0,,,,,,,,,,,,,,0,none
350,415405,592.5181,407.557,1441,1,1,0,0,0.2995,2.097,goal,5467.9,0.01458,0.416952,-0.844771,0.835064,4.949599,1.018378,0.495975,5.992608,0.385135,0.399121,-0.592035,1.0,,,,,,,,,,,,,,0,none
351,416771,376.8783,408.8554,1366,0,0,1,0,0.7978,2.098,collision,5485.2,0.02934,0.414228,-0.85081,0.854929,4.801425,1.148177,0.251348,5.989271,0.365406,0.39077,-0.682659,1.006953,,,,,,,,,,,,,,0,none
352,416863,-26.1596,399.0585,92,0,0,1,0,3.8635,1.974,collision,5488.1,-0.192451,0.384934,-0.878147,0.807114,3.691012,1.352631,0.754813,5.776126,0.270187,0.365037,-0.678389,1.005218,-0.033565,0.001474,1.758065,0.00395,0.029484,0.208102,0.012729,0.0,0.0001,,,,,0,none
353,418119,356.021,395.8719,1256,0,0,1,0,0.9311,2.105,collision,5504.2,0.046715,0.409695,-0.84945,0.875235,4.918483,1.062012,0.306114,5.991903,0.379869,0.39699,-0.645419,1.0,,,,,,,,,,,,,,0,none
354,419400,357.881,372.6366,1281,0,0,1,0,0.9275,2.109,collision,5520.8,0.057315,0.41239,-0.875569,0.877324,4.977477,1.00562,0.654134,5.991587,0.382369,0.398095,-0.765287,1.006164,,,,,,,,,,,,,,0,none
355,420719,386.9375,351.6692,1319,0,0,1,0,0.8024,2.069,collision,5537.7,-0.000143,0.436089,-0.880893,0.884656,4.856183,1.099683,0.208097,5.984181,0.372569,0.392785,-0.628874,1.000184,,,,,,,,,,,,,,0,none
356,422022,369.6382,350.5427,1303,0,0,1,0,0.8982,2.098,collision,5555.7,0.032308,0.415528,-0.862844,0.865705,4.939079,1.005163,0.284463,5.980769,0.377765,0.394723,-0.644371,1.010187,0.021633,0.002411,1.757435,0.003938,0.028024,0.121782,0.006799,0.0,0.0001,,,,,0,none
357,422078,-33.3305,310.4625,56,0,0,1,0,3.8726,1.892,collision,5556.5,-0.282751,0.360795,-0.83063,0.632804,3.106363,1.385514,0.558985,5.794632,0.217149,0.316572,-0.482557,1.0,,,,,,,,,,,,,,0,none
358,423532,597.5153,334.1046,1454,1,1,0,0,0.2997,2.105,goal,5575.7,0.030059,0.414602,-0.850427,0.886278,4.982232,0.982316,0.55237,5.989916,0.380881,0.399088,-0.633168,1.0,,,,,,,,,,,,,,0,none
359,423875,58.8357,303.6735,343,0,0,1,0,3.0793,2.083,collision,5580.3,0.142849,0.403809,-0.859279,0.882028,5.045799,0.946424,0.882902,5.974634,0.378726,0.399055,-0.669186,1.0,,,,,,,,,,,,,,0,none
360,425316,590.4372,303.4654,1441,1,1,0,0,0.2982,2.115,goal,5600.2,0.031581,0.408973,-0.853983,0.839431,4.99146,0.976321,1.024239,5.987109,0.386469,0.400017,-0.657454,1.0,0.027804,0.003053,1.757274,0.003926,0.033084,0.115616,0.010026,0.0,0.0001,,,,,0,none
361,426844,599.3821,325.7158,1528,1,1,0,0,0.2987,2.043,goal,5619.5,-0.023384,0.438082,-0.886526,0.863101,4.823512,1.233747,0.059767,5.989181,0.364335,0.393185,-0.712485,1.0,,,,,,,,,,,,,,0,none
362,428224,366.5867,364.9904,1380,0,0,1,0,0.8307,2.1,collision,5636.9,0.048962,0.407221,-0.84993,0.839091,4.940254,1.072457,0.408722,5.986714,0.3676,0.39385,-0.77405,1.00307,,,,,,,,,,,,,,0,none
363,429664,588.6239,388.2507,1440,1,1,0,0,0.2988,2.099,goal,5655.0,0.044622,0.41715,-0.842957,0.884678,5.057222,0.968838,0.439659,5.993198,0.383003,0.400604,-0.625559,1.0,,,,,,,,,,,,,,0,none
364,431024,365.8595,389.0486,1360,0,0,1,0,0.8048,2.082,collision,5673.8,0.02965,0.41946,-0.879315,0.867747,4.843657,1.136354,0.274433,5.982464,0.361447,0.391476,-0.74845,1.0,-0.018908,0.001438,1.757225,0.003914,0.030152,0.156502,0.010709,0.0,0.0001,,,,,0,none
365,432513,600.3583,410.3906,1489,1,1,0,0,0.299,2.085,goal,5692.9,0.012999,0.423577,-0.854841,0.853904,4.942632,1.070533,0.293458,5.991562,0.379826,0.398525,-0.667159,1.0,,,,,,,,,,,,,,0,none
366,433972,599.6128,433.3881,1459,1,1,0,0,0.2998,2.092,goal,5711.7,0.021376,0.420037,-0.868785,0.862196,4.92455,1.045502,0.343495,5.991205,0.382901,0.399589,-0.622723,1.0,,,,,,,,,,,,,,0,none
367,435454,602.1758,496.9387,1482,1,1,0,0,0.2997,2.058,goal,5730.7,-0.015456,0.440168,-0.886771,0.849113,4.798557,1.203217,0.264568,5.98185,0.375965,0.397089,-0.641956,1.0,,,,,,,,,,,,,,0,none
368,436696,349.5917,472.1464,1242,0,0,1,0,0.8763,2.114,collision,5747.9,0.043674,0.412892,-0.836783,0.875708,5.011742,0.964009,0.408866,5.994544,0.364967,0.386774,-0.665806,1.0,0.012088,0.002389,1.756791,0.003902,0.03063,0.103971,0.00775,0.0,0.0001,,,,,0,none
369,438139,607.4829,527.0111,1443,1,1,0,0,0.2997,2.097,goal,5766.0,0.019353,0.417171,-0.868242,0.876803,4.939125,1.044698,0.42829,5.987973,0.391811,0.398742,-0.512637,1.0,,,,,,,,,,,,,,0,none
370,439589,587.8914,526.7565,1450,1,1,0,0,0.2992,2.095,goal,5784.4,0.036555,0.415818,-0.841899,0.865161,4.987549,1.01282,0.280923,5.98886,0.383982,0.399678,-0.783592,1.0,,,,,,,,,,,,,,0,none
371,441032,592.604,526.0787,1443,1,1,0,0,0.2979,2.096,goal,5802.0,0.002926,0.41486,-0.844436,0.865727,4.898354,1.080657,0.374871,5.99109,0.382799,0.400162,-0.640188,1.0,,,,,,,,,,,,,,0,none
372,442500,600.6012,549.4801,1468,1,1,0,0,0.2993,2.112,goal,5821.4,0.020344,0.41266,-0.853081,0.863872,4.951975,1.017687,0.666583,5.986938,0.381494,0.398969,-0.635341,1.0,-0.010519,0.001287,1.756588,0.00389,0.02785,0.166542,0.010514,0.0,0.0001,,,,,0,none
373,443778,369.9307,527.6108,1278,0,0,1,0,0.9308,2.086,collision,5836.9,0.038937,0.420897,-0.868454,0.883715,4.88761,1.091566,0.384957,5.987551,0.378722,0.394955,-0.641084,1.009508,,,,,,,,,,,,,,0,none
374,444133,64.5513,497.48,355,0,0,1,0,3.0848,2.099,collision,5841.3,0.113524,0.408898,-0.805583,0.852812,5.009128,0.924211,1.678687,5.989454,0.384505,0.401436,-0.532563,1.0,,,,,,,,,,,,,,0,none
375,445462,353.2987,472.774,1329,0,0,1,0,0.821,2.094,collision,5857.3,0.075493,0.408201,-0.843264,0.846265,4.847425,1.127375,0.342149,5.985069,0.363764,0.392543,-0.763198,1.0,,,,,,,,,,,,,,0,none
376,446781,391.1005,451.9228,1319,0,0,1,0,0.7809,2.084,collision,5874.6,0.006993,0.417964,-0.875972,0.869942,4.814369,1.114541,0.290556,5.995036,0.37561,0.392849,-0.603093,1.008004,0.030422,0.003542,1.756624,0.003878,0.035591,0.118887,0.017609,0.0,0.0001,,,,,0,none
377,447981,354.5218,427.1574,1200,0,0,1,0,0.9211,2.123,collision,5889.7,0.07038,0.396819,-0.866303,0.854706,4.891648,1.047824,0.521666,5.985759,0.388457,0.395251,-0.598189,1.0,,,,,,,,,,,,,,0,none
378,449433,597.2513,451.9234,1452,1,1,0,0,0.2984,2.083,goal,5907.9,0.023055,0.423923,-0.868886,0.855002,4.907839,1.074175,0.531454,5.992054,0.382805,0.398322,-0.598404,1.0,,,,,,,,,,,,,,0,none
379,450711,364.0523,427.5803,1278,0,0,1,0,0.8339,2.072,collision,5923.9,0.0186,0.41915,-0.887043,0.882802,4.700022,1.242579,0.257388,5.993604,0.375705,0.39102,-0.679913,1.0,,,,,,,,,,,,,,0,none
380,450753,-37.5426,365.0369,42,0,0,1,0,3.8771,1.721,collision,5926.0,-0.498756,0.296964,-0.848047,0.357836,2.944876,1.236049,0.361913,5.674125,0.232012,0.335013,-0.46036,1.0,0.000334,0.001785,1.756779,0.003866,0.034212,0.156887,0.01556,0.0,0.0001,,,,,0,none
381,452246,599.8256,365.7591,1493,1,1,0,0,0.2979,2.103,goal,5944.1,0.041504,0.411694,-0.843274,0.843563,5.011428,0.968211,0.517321,5.996904,0.387516,0.401023,-0.740756,1.005243,,,,,,,,,,,,,,0,none
382,453733,605.1414,366.2131,1487,1,1,0,0,0.297,2.108,goal,5963.0,0.029223,0.40567,-0.85212,0.853995,4.949153,1.061262,0.198425,5.993489,0.382583,0.399782,-0.611363,1.009125,,,,,,,,,,,,,,0,none
383,455201,591.9704,388.4171,1468,1,1,0,0,0.2972,2.088,goal,5981.7,0.040988,0.416908,-0.854225,0.869023,4.92071,1.071561,0.435292,5.986563,0.382895,0.399529,-0.754508,1.0,,,,,,,,,,,,,,0,none
384,456735,597.4785,441.7098,1534,1,1,0,0,0.2979,2.102,goal,6002.0,0.005569,0.412704,-0.873623,0.845462,4.906059,1.11622,0.204105,5.995991,0.370381,0.400481,-0.808841,1.0,0.001806,0.001001,1.757276,0.003854,0.025372,0.169327,0.014521,0.0,0.0001,,,,,0,none
385,458173,592.8033,465.6603,1438,1,1,0,0,0.2989,2.096,goal,6020.4,0.005077,0.416778,-0.846166,0.867114,4.884156,1.073594,0.42791,5.984036,0.378946,0.397232,-0.583893,1.0,,,,,,,,,,,,,,0,none
386,458568,78.863,434.4365,395,0,0,1,0,3.0922,2.046,collision,6025.4,-0.003492,0.440966,-0.867171,0.861535,4.713573,1.201951,0.494421,5.985102,0.376919,0.396938,-0.565942,1.006693,,,,,,,,,,,,,,0,none
387,459955,372.5065,436.235,1387,0,0,1,0,0.8039,2.034,collision,6043.0,-0.00125,0.443705,-0.875893,0.85266,4.677985,1.313638,0.147848,5.992156,0.35733,0.390293,-0.691582,1.0,,,,,,,,,,,,,,0,none
388,461234,369.4781,413.4577,1279,0,0,1,0,0.8297,2.068,collision,6060.1,0.034911,0.42655,-0.891155,0.880537,4.815836,1.154656,0.487835,5.971427,0.377887,0.391671,-0.614826,1.0,0.054993,0.002472,1.757868,0.003842,0.035437,0.183589,0.015947,0.0,0.0001,,,,,0,none
389,461273,-38.6638,373.1861,39,0,0,1,0,3.8751,1.445,collision,6060.7,-0.566323,0.267292,-0.862456,0.080355,2.591482,1.58898,0.162903,5.786652,0.24604,0.345576,-0.444724,1.0,,,,,,,,,,,,,,0,none
390,461579,50.075,381.9478,306,0,0,1,0,3.1745,2.115,collision,6064.9,0.139936,0.379758,-0.754677,0.832936,4.947516,0.97377,0.681067,5.979549,0.373026,0.396044,-0.522147,1.0,,,,,,,,,,,,,,0,none
391,462881,381.6862,360.1339,1302,0,0,1,0,0.8203,2.054,collision,6081.1,0.014236,0.435547,-0.877323,0.851209,4.782254,1.191731,0.270079,5.991006,0.379497,0.390538,-0.654372,1.0,,,,,,,,,,,,,,0,none
392,464207,369.9306,336.6128,1326,0,0,1,0,0.8088,2.078,collision,6098.4,0.018063,0.418125,-0.879562,0.862977,4.773094,1.176932,0.267346,5.990872,0.370264,0.391344,-0.655326,1.0,0.019179,0.002932,1.758049,0.00383,0.035804,0.14162,0.013638,0.0,0.0001,,,,,0,none
393,464294,-27.1271,274.703,87,0,0,1,0,3.8545,2.007,collision,6099.5,-0.125585,0.415166,-0.800782,0.766496,3.838781,1.478547,0.429744,5.903339,0.26825,0.366539,-0.631621,1.001148,,,,,,,,,,,,,,0,none
394,465585,379.9993,252.9551,1291,0,0,1,0,0.8735,2.069,collision,6115.4,0.00319,0.423793,-0.874317,0.860135,4.702561,1.226449,0.116053,5.993102,0.381941,0.391222,-0.575096,1.005505,,,,,,,,,,,,,,0,none
395,467085,611.1334,254.7881,1500,1,1,0,0,0.2987,2.083,goal,6134.0,-0.009122,0.421848,-0.869691,0.852635,4.816395,1.150288,0.3204,5.998827,0.38447,0.397898,-0.584421,1.006071,,,,,,,,,,,,,,0,none
396,467129,-37.4904,243.1528,44,0,0,1,0,3.8648,1.289,collision,6135.3,-0.611743,0.215855,-0.886606,0.061412,2.038689,1.313655,0.09774,5.313099,0.25047,0.349124,-0.487678,1.0,0.003183,0.002162,1.758239,0.003818,0.032247,0.209481,0.012887,0.0,0.0001,,,,,0,none
397,468620,601.8915,266.0913,1491,1,1,0,0,0.2997,2.086,goal,6153.8,0.018912,0.422124,-0.888417,0.856832,4.85904,1.105235,0.572156,5.991179,0.3826,0.398862,-0.693624,1.0,,,,,,,,,,,,,,0,none
398,470078,597.4195,288.8854,1458,1,1,0,0,0.298,2.108,goal,6172.2,0.028604,0.41099,-0.877764,0.864091,4.898135,1.024531,0.39197,5.993791,0.381614,0.399205,-0.658292,1.0,,,,,,,,,,,,,,0,none
399,471363,372.854,330.0372,1285,0,0,1,0,0.8344,2.098,collision,6188.0,0.032431,0.410201,-0.870122,0.836515,4.838156,1.135542,0.390629,5.978645,0.377148,0.389983,-0.600384,1.0,,,,,,,,,,,,,,0,none
400,471457,-25.2003,322.5097,94,0,0,1,0,3.8431,2.014,collision,6191.1,0.172215,0.390649,-0.703017,0.845142,4.370275,1.257092,0.88054,5.855964,0.279358,0.376224,-0.649789,1.0,-0.002144,0.001205,1.758177,0.003806,0.025171,0.272751,0.006685,0.0,0.0001,,,,,0,none
401,472722,360.929,320.4339,1265,0,0,1,0,0.8494,2.098,collision,6207.1,0.040661,0.410171,-0.8694,0.831461,4.839713,1.089345,0.267945,5.983576,0.380667,0.392154,-0.638213,1.0,,,,,,,,,,,,,,0,none
402,474126,375.106,320.9515,1404,0,0,1,0,0.8227,2.074,collision,6224.7,0.031795,0.428209,-0.884344,0.86942,4.745846,1.181812,0.383093,5.98172,0.36217,0.39064,-0.802604,1.0,,,,,,,,,,,,,,0,none
403,475630,594.1175,383.0759,1504,1,1,0,0,0.2987,2.095,goal,6243.7,0.033288,0.417311,-0.854038,0.84324,4.904537,1.082356,0.704402,5.989849,0.369022,0.393397,-0.68105,1.0,,,,,,,,,,,,,,0,none
404,476868,356.567,380.7327,1238,0,0,1,0,0.9331,2.058,collision,6260.5,-0.005991,0.435454,-0.889924,0.855813,4.743313,1.198865,0.076921,5.987309,0.373228,0.393248,-0.643117,1.0,0.000482,0.001345,1.758033,0.003794,0.027806,0.158402,0.008439,0.0,0.0001,,,,,0,none
405,478194,366.1182,356.2312,1326,0,0,1,0,0.8509,2.095,collision,6277.6,0.061848,0.412577,-0.856904,0.870168,4.888325,1.111738,0.091962,5.988713,0.381577,0.394495,-0.773661,1.004054,,,,,,,,,,,,,,0,none
406,478255,-36.4439,356.3359,61,0,0,1,0,3.8419,2.046,collision,6278.4,-0.005449,0.389003,-0.766248,0.723447,4.14199,1.467245,0.450284,5.897742,0.266854,0.380612,-0.713577,1.0,,,,,,,,,,,,,,0,none
407,479597,359.6454,332.1112,1342,0,0,1,0,0.8372,2.111,collision,6296.0,0.057615,0.399032,-0.851537,0.874809,4.933205,1.073239,0.648052,5.995338,0.377176,0.394153,-0.697765,1.0,,,,,,,,,,,,,,0,none
408,480764,350.5822,307.4275,1167,0,0,1,0,0.9272,2.114,collision,6311.7,0.071227,0.401179,-0.805739,0.87222,4.940519,1.049321,0.682889,5.984267,0.389284,0.393992,-0.59828,1.0,0.004554,0.001282,1.75819,0.003782,0.028917,0.240697,0.013197,0.0,0.0001,,,,,0,none
409,480860,-28.1776,267.3244,96,0,0,1,0,3.8393,2.078,collision,6313.0,-0.04753,0.423385,-0.816193,0.854232,4.336653,1.257615,1.18689,5.933599,0.280105,0.37993,-0.717089,1.0,,,,,,,,,,,,,,0,none
410,482210,355.1955,305.3639,1350,0,0,1,0,0.838,2.096,collision,6329.9,0.028076,0.4116,-0.859632,0.837425,4.85255,1.097771,0.425103,5.989333,0.367885,0.392498,-0.724503,1.0,,,,,,,,,,,,,,0,none
411,483568,377.4184,307.0129,1358,0,0,1,0,0.8038,2.095,collision,6347.2,0.029255,0.41462,-0.87621,0.867674,4.802307,1.146644,0.234176,5.986702,0.366824,0.391312,-0.694014,1.006498,,,,,,,,,,,,,,0,none
412,484911,370.0041,306.5027,1343,0,0,1,0,0.8175,2.089,collision,6365.6,0.022715,0.41652,-0.87831,0.870789,4.819726,1.113582,0.391558,5.989015,0.370904,0.392023,-0.673236,1.0,0.096003,0.001115,1.758852,0.00377,0.021485,0.307602,0.011568,0.0,0.0001,,,,,0,none
413,486279,363.9528,283.4862,1368,0,0,1,0,0.8409,2.107,collision,6383.1,0.038548,0.408073,-0.825875,0.871472,4.880649,1.085666,0.490065,5.986548,0.371975,0.394277,-0.721762,1.003088,,,,,,,,,,,,,,0,none
414,487643,380.6726,285.8967,1364,0,0,1,0,0.8033,2.083,collision,6400.4,0.043935,0.41337,-0.86068,0.860442,4.818812,1.16541,0.490646,5.989798,0.373773,0.39304,-0.647803,1.010924,,,,,,,,,,,,,,0,none
415,488858,367.0131,285.9862,1215,0,0,1,0,0.9329,2.111,collision,6415.7,0.036623,0.406819,-0.818101,0.87339,4.900729,1.062968,0.337646,5.989873,0.388406,0.394161,-0.559653,1.003902,,,,,,,,,,,,,,0,none
416,490097,376.5237,327.283,1239,0,0,1,0,0.9409,2.079,collision,6432.2,0.004147,0.419836,-0.878475,0.85836,4.822176,1.171275,0.215354,5.991509,0.387328,0.393706,-0.598562,1.012559,0.006583,0.001669,1.759354,0.003758,0.028013,0.136299,0.010987,0.0,0.0001,,,,,0,none
417,491277,356.8973,327.0082,1180,0,0,1,0,0.9351,2.124,collision,6446.9,0.052255,0.396334,-0.81145,0.833999,4.951659,1.017376,0.5287,5.98663,0.386241,0.391701,-0.517376,1.0,,,,,,,,,,,,,,0,none
418,492481,363.1852,328.2685,1204,0,0,1,0,0.928,2.114,collision,6462.4,0.050143,0.407598,-0.877012,0.864362,4.979624,0.985872,0.519897,5.99216,0.389631,0.394112,-0.580213,1.0,,,,,,,,,,,,,,0,none
419,493798,372.8776,368.374,1317,0,0,1,0,0.8427,2.095,collision,6479.2,0.049701,0.412914,-0.873886,0.870436,4.945929,1.049128,0.660175,5.993539,0.385347,0.394336,-0.734397,1.007414,,,,,,,,,,,,,,0,none
420,495139,364.0439,369.2589,1341,0,0,1,0,0.833,2.102,collision,6497.8,0.054048,0.410103,-0.842115,0.858806,4.941387,1.036774,0.700489,5.990905,0.374748,0.393774,-0.706627,1.0,0.023917,0.001331,1.75959,0.003746,0.027597,0.12352,0.009442,0.0,0.0001,,,,,0,none
421,496529,362.3037,367.7474,1390,0,0,1,0,0.845,2.105,collision,6515.4,0.050269,0.407131,-0.863502,0.880496,4.920355,1.056146,0.568311,5.992129,0.368041,0.393565,-0.785133,1.003958,,,,,,,,,,,,,,0,none
422,497738,370.2885,367.7758,1209,0,0,1,0,0.8938,2.108,collision,6530.9,0.016057,0.412602,-0.874376,0.837819,4.975099,1.031354,0.462467,5.995111,0.388442,0.394611,-0.538167,1.0,,,,,,,,,,,,,,0,none
423,498958,363.8475,367.7653,1220,0,0,1,0,0.9,2.125,collision,6546.5,0.061755,0.399024,-0.866859,0.86573,5.020292,0.954406,0.524351,5.985597,0.385275,0.393138,-0.597234,1.0,,,,,,,,,,,,,,0,none
424,500430,598.3939,389.5374,1472,1,1,0,0,0.2997,2.124,goal,6566.9,0.031756,0.406476,-0.845881,0.865149,4.982785,1.018249,1.039734,5.992292,0.385547,0.400012,-0.700482,1.00551,0.019913,0.001825,1.759165,0.003734,0.026627,0.101668,0.006769,0.0,0.0001,,,,,0,none
425,501846,582.4912,411.0853,1416,1,1,0,0,0.2976,2.126,goal,6585.0,0.036022,0.402545,-0.851573,0.848529,5.070361,0.938236,0.439996,5.990098,0.386299,0.399548,-0.642457,1.0,,,,,,,,,,,,,,0,none
426,503043,362.3403,409.6669,1197,0,0,1,0,0.9383,2.104,collision,6600.0,0.050923,0.412455,-0.85258,0.857698,5.131121,0.892228,0.712735,5.988909,0.390547,0.393658,-0.499606,1.0,,,,,,,,,,,,,,0,none
427,504226,358.2011,409.7973,1183,0,0,1,0,0.929,2.126,collision,6615.0,0.049685,0.404315,-0.882343,0.868524,5.042885,0.944759,0.881754,5.99364,0.387368,0.392809,-0.56504,1.0,,,,,,,,,,,,,,0,none
428,505501,373.799,410.8587,1275,0,0,1,0,0.8517,2.1,collision,6632.6,-0.007326,0.423524,-0.85219,0.861211,5.027244,0.941929,1.096882,5.987717,0.375873,0.393307,-0.600835,1.0,0.026017,0.002191,1.758738,0.003722,0.028957,0.162534,0.007703,0.0,0.0001,,,,,0,none
429,506947,588.2055,432.3915,1446,1,1,0,0,0.2984,2.118,goal,6650.0,0.029379,0.408729,-0.848607,0.849632,5.05274,0.964088,0.920172,5.990703,0.38204,0.398552,-0.608382,1.0,,,,,,,,,,,,,,0,none
430,508141,362.0576,432.1928,1194,0,0,1,0,0.9425,2.104,collision,6664.4,0.05205,0.412656,-0.857783,0.866598,4.981339,1.034369,0.29425,5.987541,0.389466,0.395358,-0.53916,1.0,,,,,,,,,,,,,,0,none
431,509556,598.8774,455.8502,1415,1,1,0,0,0.2996,2.119,goal,6681.4,0.031029,0.405404,-0.862682,0.854663,5.034603,1.001953,0.826165,5.988885,0.394958,0.399967,-0.52329,1.0,,,,,,,,,,,,,,0,none
432,510907,372.5785,456.0792,1351,0,0,1,0,0.8119,2.087,collision,6698.9,0.044612,0.419658,-0.863126,0.850091,4.951257,1.058451,0.46036,5.984355,0.367204,0.390292,-0.687537,1.0,0.00981,0.001472,1.758257,0.00371,0.027968,0.149708,0.006902,0.0,0.0001,,,,,0,none
433,512136,377.2695,457.4214,1229,0,0,1,0,0.8373,2.115,collision,6713.8,0.020215,0.410577,-0.832654,0.859213,5.024792,0.968659,0.64247,5.988114,0.38664,0.394964,-0.563379,1.0,,,,,,,,,,,,,,0,none
434,513601,598.6488,457.4469,1465,1,1,0,0,0.2979,2.114,goal,6731.9,-0.00598,0.413343,-0.886872,0.864353,5.045767,0.991889,0.471195,5.994678,0.381223,0.398045,-0.570162,1.0,,,,,,,,,,,,,,0,none
435,514836,366.1884,435.8166,1235,0,0,1,0,0.9217,2.103,collision,6746.8,0.074215,0.409939,-0.819819,0.872614,5.08777,0.925242,0.966162,5.994669,0.38852,0.395643,-0.677494,1.004844,,,,,,,,,,,,,,0,none
436,516313,599.371,459.5197,1477,1,1,0,0,0.2978,2.115,goal,6766.7,0.040263,0.405207,-0.823285,0.854432,5.050909,0.990261,0.504441,5.988337,0.387085,0.400238,-0.75705,1.004615,0.01876,0.002387,1.757012,0.003698,0.031066,0.127696,0.00712,0.0,0.0001,,,,,0,none
437,517870,604.6203,484.1616,1557,1,1,0,0,0.2982,2.105,goal,6785.9,0.025439,0.415619,-0.851252,0.841035,5.14251,0.925516,0.649823,5.997309,0.368568,0.399399,-0.784992,1.009867,,,,,,,,,,,,,,0,none
438,519353,607.044,507.4861,1483,1,1,0,0,0.2979,2.099,goal,6803.4,0.002299,0.420889,-0.872652,0.851575,5.044092,1.01525,0.391363,5.990795,0.384199,0.398099,-0.6447,1.004722,,,,,,,,,,,,,,0,none
439,520763,598.7193,508.5375,1410,1,1,0,0,0.2998,2.122,goal,6820.3,0.024727,0.404949,-0.866489,0.872529,5.128181,0.926107,0.25049,5.988602,0.390063,0.396687,-0.521529,1.0,,,,,,,,,,,,,,0,none
440,521932,356.7096,508.0027,1169,0,0,1,0,0.913,2.112,collision,6836.8,0.016996,0.405578,-0.843931,0.857706,5.049378,0.983073,0.806778,5.992436,0.387734,0.395146,-0.59522,1.0,0.01405,0.001779,1.755728,0.003686,0.030896,0.138088,0.012806,0.0,0.0001,,,,,0,none
441,523395,601.1974,508.2347,1463,1,1,0,0,0.2994,2.112,goal,6855.0,0.012482,0.409404,-0.868075,0.863916,5.134226,0.950346,0.584581,5.994009,0.387374,0.399712,-0.614514,1.0,,,,,,,,,,,,,,0,none
442,524623,374.5345,508.4303,1228,0,0,1,0,0.8837,2.109,collision,6870.4,0.022877,0.410411,-0.84146,0.854042,5.093685,0.992957,0.451045,5.99364,0.393321,0.397113,-0.484363,1.006405,,,,,,,,,,,,,,0,none
443,525848,370.2298,507.7263,1225,0,0,1,0,0.8807,2.112,collision,6885.7,0.026466,0.408995,-0.880874,0.837965,5.076523,0.974643,0.628505,5.990721,0.391474,0.396889,-0.681536,1.002743,,,,,,,,,,,,,,0,none
444,527314,604.8061,508.342,1466,1,1,0,0,0.2998,2.11,goal,6904.4,0.045608,0.410756,-0.844672,0.872828,5.105117,0.941135,0.661345,5.994139,0.390228,0.399829,-0.773434,1.008247,0.028409,0.002725,1.755108,0.003674,0.031544,0.130371,0.012813,0.0,0.0001,,,,,0,none
445,528762,593.3704,531.0602,1448,1,1,0,0,0.2979,2.094,goal,6922.0,0.005596,0.427644,-0.871414,0.858403,5.077818,0.966008,0.306584,5.996629,0.381471,0.398979,-0.593176,1.0,,,,,,,,,,,,,,0,none
446,530230,597.1174,530.8349,1468,1,1,0,0,0.2983,2.118,goal,6939.4,0.027455,0.408203,-0.851425,0.854263,5.112143,0.940677,0.651949,5.997016,0.383092,0.399144,-0.714163,1.0,,,,,,,,,,,,,,0,none
447,531671,606.5845,531.0313,1441,1,1,0,0,0.2992,2.118,goal,6956.5,-0.002992,0.407382,-0.88225,0.847417,4.985176,1.016082,0.350693,5.987452,0.387013,0.396453,-0.516084,1.004686,,,,,,,,,,,,,,0,none
448,532971,372.0285,507.5297,1300,0,0,1,0,0.8349,2.101,collision,6974.6,0.031709,0.412739,-0.846984,0.851038,4.961441,1.067385,0.270451,5.989194,0.380042,0.393957,-0.639239,1.0,-0.005712,0.001248,1.754331,0.003662,0.029048,0.268234,0.012196,0.0,0.0001,,,,,0,none
449,534466,609.1271,508.5705,1495,1,1,0,0,0.2981,2.096,goal,6993.2,0.033893,0.420395,-0.838346,0.867012,5.079991,0.983537,0.318574,5.994693,0.379353,0.395891,-0.644639,1.008463,,,,,,,,,,,,,,0,none
450,534557,-27.1124,470.1883,91,0,0,1,0,3.8435,2.055,collision,6994.4,0.108474,0.402179,-0.658603,0.802172,4.378578,1.278219,0.857679,5.931921,0.278339,0.377718,-0.678658,1.0,,,,,,,,,,,,,,0,none
451,535824,337.504,443.819,1267,0,0,1,0,0.8856,2.122,collision,7010.2,0.041333,0.403747,-0.863024,0.882231,5.128591,0.912972,0.654472,5.994438,0.367504,0.396453,-0.782905,1.0,,,,,,,,,,,,,,0,none
452,535881,-35.2211,402.8434,57,0,0,1,0,3.8587,1.862,collision,7011.6,-0.142355,0.422734,-0.857546,0.717575,3.562178,1.672622,0.417272,5.930279,0.234082,0.346171,-0.602851,1.0,0.021266,0.002728,1.753221,0.00365,0.032642,0.225428,0.020465,0.0,0.0001,,,,,0,none
453,537362,601.2337,425.9438,1481,1,1,0,0,0.3,2.1,goal,7029.8,0.021281,0.41516,-0.857003,0.849801,4.972458,1.054005,0.410178,5.99405,0.382554,0.398942,-0.611746,1.0,,,,,,,,,,,,,,0,none
454,538544,357.6972,401.2329,1182,0,0,1,0,0.938,2.13,collision,7044.3,0.045819,0.399783,-0.864119,0.860365,5.108444,0.932577,0.887819,5.994083,0.392825,0.39533,-0.47956,1.0,,,,,,,,,,,,,,0,none
455,539752,364.0465,378.3006,1208,0,0,1,0,0.9417,2.118,collision,7059.1,0.054677,0.407172,-0.850204,0.866146,5.097272,0.932928,0.943505,5.992642,0.389445,0.39553,-0.545412,1.007646,,,,,,,,,,,,,,0,none
456,541187,591.7983,377.7686,1435,1,1,0,0,0.2983,2.108,goal,7077.9,0.02004,0.41312,-0.855858,0.843701,5.042443,0.996829,0.698141,5.995663,0.385312,0.397992,-0.620745,1.0,0.011004,0.001439,1.753195,0.003638,0.027663,0.141512,0.010119,0.0,0.0001,,,,,0,none
457,541293,-23.9259,314.7176,106,0,0,1,0,3.8455,2.08,collision,7079.2,0.099044,0.398795,-0.661868,0.85802,4.340386,1.239208,1.037775,5.844203,0.282472,0.378721,-0.70323,1.007463,,,,,,,,,,,,,,0,none
458,542760,597.6945,337.2842,1467,1,1,0,0,0.2986,2.12,goal,7097.2,0.035427,0.404987,-0.853885,0.874873,5.115952,0.94953,0.342001,5.985017,0.387782,0.401591,-0.645945,1.0,,,,,,,,,,,,,,0,none
459,542805,-39.2803,272.4435,45,0,0,1,0,3.8509,2.129,collision,7097.9,0.014209,0.378005,-0.76372,0.585378,4.208113,1.200693,1.044257,5.884836,0.249645,0.368653,-0.667098,1.0,,,,,,,,,,,,,,0,none
460,544277,598.8192,335.0366,1472,1,1,0,0,0.2978,2.115,goal,7117.9,0.024409,0.410282,-0.876343,0.863815,5.126534,0.949007,0.692299,5.995743,0.388544,0.401451,-0.757279,1.00287,0.007657,0.001156,1.753321,0.003626,0.023383,0.181915,0.014059,0.0,0.0001,,,,,0,none
461,545743,595.9298,360.8792,1466,1,1,0,0,0.2989,2.086,goal,7136.0,0.023997,0.425393,-0.857213,0.872599,5.038559,0.994775,0.35422,5.989776,0.384391,0.399784,-0.701508,1.0,,,,,,,,,,,,,,0,none
462,547189,599.3476,424.3361,1446,1,1,0,0,0.2997,2.115,goal,7153.7,0.049618,0.410698,-0.851899,0.877741,5.120421,0.912503,0.221534,5.992931,0.393148,0.400683,-0.747267,1.0001,,,,,,,,,,,,,,0,none
463,548639,604.4828,424.661,1450,1,1,0,0,0.2977,2.12,goal,7171.8,0.049361,0.405048,-0.861821,0.860875,5.143498,0.867738,0.834786,5.994488,0.39553,0.400505,-0.686906,1.008864,,,,,,,,,,,,,,0,none
464,550029,590.0354,447.8948,1390,1,1,0,0,0.2977,2.146,goal,7190.1,0.033387,0.39338,-0.871603,0.853111,5.127579,0.912278,0.950152,5.996473,0.392821,0.399248,-0.542061,1.0,0.00148,0.001017,1.753495,0.003614,0.027774,0.139427,0.015526,0.0,0.0001,,,,,0,none
465,550110,-27.3365,408.7565,81,0,0,1,0,3.8675,1.956,collision,7191.1,-0.131508,0.426359,-0.797526,0.730757,4.147134,1.478904,0.353591,5.945899,0.256271,0.352454,-0.574145,1.001319,,,,,,,,,,,,,,0,none
466,551573,603.4716,409.9238,1463,1,1,0,0,0.299,2.11,goal,7208.6,0.016246,0.408464,-0.869425,0.860262,5.015463,1.023739,0.497632,5.990981,0.379758,0.394486,-0.605426,1.000597,,,,,,,,,,,,,,0,none
467,552801,358.2586,448.1423,1228,0,0,1,0,0.8454,2.102,collision,7223.4,0.040002,0.411763,-0.867553,0.875311,4.974922,1.055665,0.415588,5.99549,0.379269,0.391426,-0.566004,1.0,,,,,,,,,,,,,,0,none
468,554298,611.9547,449.5683,1497,1,1,0,0,0.2995,2.08,goal,7241.9,-0.011463,0.428489,-0.873943,0.876091,5.023209,1.036298,0.421742,5.987121,0.385167,0.399601,-0.575385,1.005028,0.002641,0.001251,1.753059,0.003602,0.024113,0.220166,0.010823,0.0,0.0001,,,,,0,none
469,555532,377.0009,491.1964,1234,0,0,1,0,0.8276,2.082,collision,7256.3,-0.027423,0.424607,-0.883559,0.865167,4.9498,1.115756,0.210735,5.993801,0.381932,0.392753,-0.630231,1.0,,,,,,,,,,,,,,0,none
470,556979,593.0689,490.6214,1447,1,1,0,0,0.2997,2.116,goal,7273.7,0.041633,0.406259,-0.85824,0.831514,5.109419,0.975056,0.681194,5.993171,0.389176,0.400961,-0.65416,1.0,,,,,,,,,,,,,,0,none
471,558256,380.4835,469.0768,1277,0,0,1,0,0.7684,2.108,collision,7288.5,0.035177,0.41664,-0.869335,0.852475,5.04212,0.975511,0.619337,5.983932,0.379081,0.393665,-0.58461,1.0,,,,,,,,,,,,,,0,none
472,559713,612.5914,470.4011,1457,1,1,0,0,0.2999,2.098,goal,7307.3,0.019282,0.413038,-0.827684,0.864332,5.055675,1.002454,0.579699,5.992882,0.390871,0.398644,-0.542825,1.00946,0.025616,0.003587,1.753128,0.00359,0.031606,0.251393,0.00942,0.0,0.0001,,,,,0,none
473,561140,601.6445,470.1173,1427,1,1,0,0,0.2986,2.111,goal,7324.2,0.02101,0.417659,-0.854262,0.87737,5.058616,0.941383,1.091925,5.992038,0.391856,0.398455,-0.568681,1.0,,,,,,,,,,,,,,0,none
474,562353,360.3471,447.1485,1213,0,0,1,0,0.9166,2.109,collision,7338.3,0.031713,0.406353,-0.864597,0.843261,4.94102,1.08847,0.301903,5.985723,0.391576,0.395568,-0.540517,1.0,,,,,,,,,,,,,,0,none
475,562385,-40.8072,445.8014,32,0,0,1,0,3.8731,1.656,collision,7338.8,-0.309738,0.412885,-0.794977,0.792123,2.982096,1.488804,0.387887,5.10929,0.19957,0.317879,-0.447941,1.0,,,,,,,,,,,,,,0,none
476,563635,353.6194,420.8162,1250,0,0,1,0,0.9088,2.091,collision,7354.8,0.044622,0.418578,-0.839733,0.859978,5.072841,0.995968,0.341592,5.994658,0.378613,0.392875,-0.630911,1.0,0.011837,0.001486,1.753714,0.003578,0.026242,0.173234,0.005791,0.0,0.0001,,,,,0,none
477,565088,591.5457,444.1449,1453,1,1,0,0,0.2987,2.102,goal,7372.7,0.024905,0.413349,-0.868593,0.879902,5.014365,1.032942,0.335382,5.987156,0.383576,0.398298,-0.639701,1.0,,,,,,,,,,,,,,0,none
478,566327,379.7314,420.9226,1239,0,0,1,0,0.8999,2.067,collision,7387.8,-0.023532,0.42729,-0.885646,0.872818,4.942731,1.112856,0.155704,5.99266,0.391341,0.395681,-0.541731,1.001048,,,,,,,,,,,,,,0,none
479,566435,-21.6546,381.057,108,0,0,1,0,3.8503,2.052,collision,7389.2,0.064271,0.411603,-0.761671,0.843068,4.284194,1.292289,0.367078,5.938903,0.279958,0.372654,-0.641043,1.0116,,,,,,,,,,,,,,0,none
480,567648,370.4315,358.7933,1213,0,0,1,0,0.9406,2.091,collision,7405.0,0.027157,0.42251,-0.878543,0.853933,4.975823,1.016208,0.83497,5.98667,0.39457,0.396559,-0.501428,1.001843,0.017654,0.002537,1.753939,0.003566,0.030888,0.23338,0.005554,0.0,0.0001,,,,,0,none
481,569119,595.4478,380.2897,1471,1,1,0,0,0.2994,2.095,goal,7422.5,0.030967,0.417733,-0.868354,0.856257,5.005754,1.040753,0.510778,5.995864,0.387645,0.400911,-0.801351,1.0,,,,,,,,,,,,,,0,none
482,570425,377.1629,356.7468,1306,0,0,1,0,0.8222,2.053,collision,7437.8,-0.005671,0.435681,-0.890327,0.848129,4.822908,1.194101,0.170928,5.990555,0.378019,0.392016,-0.626925,1.0,,,,,,,,,,,,,,0,none
483,571883,594.8555,356.0679,1458,1,1,0,0,0.2984,2.121,goal,7455.3,0.02366,0.40689,-0.869264,0.869659,5.063288,0.977313,0.473663,5.993186,0.389541,0.399385,-0.588356,1.0,,,,,,,,,,,,,,0,none
484,573246,367.613,356.7945,1363,0,0,1,0,0.8133,2.09,collision,7472.6,0.072578,0.412801,-0.818318,0.870874,4.972216,1.071804,0.339127,5.98493,0.371767,0.393946,-0.720332,1.0,0.007059,0.001342,1.753907,0.003554,0.025423,0.147185,0.006897,0.0,0.0001,,,,,0,none
485,574723,599.6799,420.8432,1477,1,1,0,0,0.298,2.083,goal,7490.4,0.012035,0.426436,-0.886186,0.86405,4.996396,1.040555,0.842432,5.987566,0.385253,0.39883,-0.633594,1.0,,,,,,,,,,,,,,0,none
486,576096,378.339,423.3152,1373,0,0,1,0,0.8129,2.079,collision,7506.9,0.025658,0.422668,-0.872296,0.868938,4.960698,1.077828,0.252049,5.989448,0.371487,0.391543,-0.683948,1.007276,,,,,,,,,,,,,,0,none
487,576171,-28.506,361.31,75,0,0,1,0,3.8743,1.928,collision,7507.8,-0.244134,0.407078,-0.80897,0.793653,3.743339,1.439056,0.489984,5.851238,0.24816,0.338043,-0.560522,1.000007,,,,,,,,,,,,,,0,none
488,577662,610.9563,384.4325,1491,1,1,0,0,0.2994,2.106,goal,7526.8,0.027846,0.414565,-0.851434,0.877718,5.051929,0.967758,0.42062,5.996294,0.383043,0.397988,-0.643096,1.011937,0.031789,0.001182,1.753988,0.003542,0.022477,0.141341,0.014963,0.0,0.0001,,,,,0,none
489,578843,354.7638,422.0744,1181,0,0,1,0,0.9303,2.105,collision,7540.7,0.054902,0.410999,-0.815319,0.86218,5.050173,0.957233,0.929965,5.988071,0.390981,0.395925,-0.561104,1.0,,,,,,,,,,,,,,0,none
490,580092,368.2555,421.8568,1249,0,0,1,0,0.8962,2.121,collision,7555.8,0.055586,0.400265,-0.884154,0.8504,5.02767,1.012276,0.651648,5.985724,0.384828,0.394751,-0.582504,1.006822,,,,,,,,,,,,,,0,none
491,581380,352.9273,397.6047,1288,0,0,1,0,0.8806,2.083,collision,7571.0,-0.005079,0.425668,-0.882347,0.866049,4.9356,1.110613,0.487348,5.986471,0.360225,0.391502,-0.789087,1.0,,,,,,,,,,,,,,0,none
492,582853,603.7547,420.2639,1473,1,1,0,0,0.2999,2.11,goal,7589.5,0.034235,0.410063,-0.83985,0.889895,5.00935,1.014272,0.562498,5.992325,0.386801,0.399066,-0.601356,1.003834,0.006095,0.002211,1.754323,0.00353,0.0304,0.197842,0.013339,0.0,0.0001,,,,,0,none
493,584293,587.6909,419.5474,1440,1,1,0,0,0.2996,2.105,goal,7607.1,0.024544,0.419402,-0.867605,0.863058,5.036145,0.963584,0.52984,5.995033,0.385754,0.399232,-0.682276,1.0,,,,,,,,,,,,,,0,none
494,585786,608.6114,443.6473,1493,1,1,0,0,0.2983,2.088,goal,7624.7,0.016807,0.418945,-0.87484,0.881963,4.956462,1.075253,0.377995,5.990089,0.386361,0.399794,-0.599778,1.002822,,,,,,,,,,,,,,0,none
495,587257,600.5382,443.7331,1471,1,1,0,0,0.2984,2.1,goal,7641.8,0.037646,0.416008,-0.818333,0.862755,5.037856,0.967778,0.747025,5.985906,0.384229,0.399095,-0.630014,1.0,,,,,,,,,,,,,,0,none
496,588569,370.2753,442.9267,1312,0,0,1,0,0.8443,2.055,collision,7658.3,-0.002001,0.434727,-0.885536,0.879992,4.743296,1.247554,0.096961,5.979873,0.368332,0.389542,-0.672495,1.0,-0.012512,0.001137,1.753883,0.003518,0.026941,0.147116,0.010811,0.0,0.0001,,,,,0,none
497,588668,-25.745,443.2028,99,0,0,1,0,3.8455,2.108,collision,7659.5,0.051062,0.367212,-0.645525,0.753352,4.31004,1.274598,0.795328,5.967401,0.281303,0.378744,-0.689476,1.004555,,,,,,,,,,,,,,0,none
498,590140,596.7873,441.7859,1472,1,1,0,0,0.2978,2.107,goal,7676.3,0.049257,0.409407,-0.851265,0.863659,4.988081,1.032766,0.566627,5.994863,0.386117,0.399893,-0.787991,1.0,,,,,,,,,,,,,,0,none
499,591362,344.8168,440.7912,1222,0,0,1,0,0.9174,2.125,collision,7690.3,0.054204,0.398781,-0.839986,0.879587,4.954045,1.008449,0.373407,5.997049,0.384101,0.397487,-0.61948,1.0,,,,,,,,,,,,,,0,none
500,592599,356.9404,439.6597,1237,0,0,1,0,0.8328,2.124,collision,7705.6,0.025953,0.401665,-0.876907,0.847148,5.003466,0.986428,0.480527,5.979285,0.382498,0.392456,-0.60164,1.0,0.002438,0.001161,1.753895,0.003506,0.022905,0.132558,0.009307,0.0,0.0001,,,,,0,none
